{
    "channel": {
        "title": "\u767d\u7661\u516c\u4e3b",
        "id": "UCJWXJTaLqI5KBnJuaXbCaTg",
        "customUrl": "@atiendai",
        "uploads": "UUJWXJTaLqI5KBnJuaXbCaTg"
    },
    "videos": [
        {
            "id": "I7PbBKwMsj0",
            "title": "\u6240\u4ee5\u70ba\u4ec0\u9ebc\u8981\u7d50\u5a5a\uff1f\uff5c\u767d\u7661\u516c\u4e3b #\u9ed1\u9b54\u5973"
        },
        {
            "id": "Ay2XfV1OAdY",
            "title": "\u4f60\u662f\u88ab\u5df2\u8b80\u4e0d\u56de\u7684\u4eba\u9084\u662f\u95b1\u5f8c\u4e0d\u7406\u5225\u4eba\u7684\u4eba\u5462\uff1f\uff5c\u767d\u7661\u516c\u4e3b"
        },
        {
            "id": "g8a9jiSj4yk",
            "title": "400\u842c\u50b3\u5bb6\u5bf6\u5178\u7576\u53ef\u4ee5\u63db\u591a\u5c11\u9322\uff1f\uff5c\u767d\u7661\u516c\u4e3b"
        },
        {
            "id": "Vk_vSWLduD8",
            "title": "\u6e96\u5230\u6bdb\u9aee\u8c4e\u76f4\u7684\u661f\u76e4\uff1f3\u5e74\u5f8c\u6709\u5927\u904b\uff01@user-zv5mb1yr4j\uff5c\u767d\u7661\u516c\u4e3b"
        },
        {
            "id": "aBvu00cVIxw",
            "title": "\u7537\u660e\u661f\u5011\u9858\u610f\u70ba\u85dd\u8853\u72a7\u7272\u591a\u5c11\uff1f\uff5c\u767d\u7661\u516c\u4e3b #\u66fe\u656c\u9a4a #\u5f35\u8ed2\u777f #\u4fee\u6770\u6977 #\u6b64\u6642\u6b64\u523b"
        },
        {
            "id": "EIfD7gTVJn8",
            "title": "\u6700\u559c\u6b61\u5c0f\u6afb\u4e86\u2764\ufe0f\uff5c\u767d\u7661\u516c\u4e3b #\u5eab\u6d1b\u9b54\u6cd5\u4f7f"
        },
        {
            "id": "Ww1Z2Qf5ALo",
            "title": "\u9032\u64ca\u7684\u5de8\u4eba\u96b1\u85cf\u7248\u7d50\u5c40\uff1f\uff5c\u767d\u7661\u516c\u4e3b"
        },
        {
            "id": "2Vp_wVRJDSg",
            "title": "\u78b0\u5230\u68d2\u72c0\u7269\u5c31\u6703\u660f\u8ff7\u7684\u7761\u7f8e\u4eba\uff1f\uff5c\u767d\u7661\u516c\u4e3b #\u7761\u7f8e\u4eba"
        },
        {
            "id": "0xrHJ2eZ7AA",
            "title": "\u64da\u8aaa\u7f8e\u51b4\u662f\u4eba\u751f\u52dd\u5229\u7d44\uff5c\u767d\u7661\u516c\u4e3b #\u881f\u7b46\u5c0f\u65b0"
        },
        {
            "id": "Y9CzbMZfUeo",
            "title": "\u70ba\u4ec0\u9ebc\u7e3d\u662f\u5c0d\u5bb6\u4eba\u6c92\u8010\u5fc3\uff5c\u767d\u7661\u516c\u4e3b #\u6211\u5011\u9019\u4e00\u5bb6"
        },
        {
            "id": "B_g3ozmm9h8",
            "title": "\u5c0f\u6642\u5019\u7684\u60e1\u5922\uff5c\u767d\u7661\u516c\u4e3b #\u842c\u8056\u7bc0 #\u6d77\u5e95\u7e3d\u52d5\u54e1"
        },
        {
            "id": "9CMTtgJlT2I",
            "title": "\u91cf\u9ad4\u91cd\uff01\u76f4\u63a5\u516c\u958b\u6578\u5b57\u6c92\u5728\u6015\uff01\u8d70\u9418\u734e\u5f8c\u53f0\u7a81\u64ca @walkbelljohn \uff5c\u767d\u7661\u516c\u4e3b"
        },
        {
            "id": "iaHdecTinmk",
            "title": "\u5477\u9eb5\u5973\u90ce\u4f86\u4e86\uff5c\u767d\u7661\u516c\u4e3b #\u5047\u9762\u5973\u90ce"
        },
        {
            "id": "XYg3SlYhKHs",
            "title": "\u50f9\u9322\u5dee3\u500d\uff1f\uff01\u76f4\u63a5\u98db\u8d8a\u5357\u9ad4\u9a57\u6b63\u5b97\u8d8a\u5f0f\u6d17\u9aee Ft.TKLAB\uff5c\u767d\u7661\u516c\u4e3b"
        },
        {
            "id": "q6iL6170tYI",
            "title": "\u4f60\u4ed6\u55b5\u7684\u4e0d\u8981\u904e\u4f86\uff5c\u767d\u7661\u516c\u4e3b"
        },
        {
            "id": "ojXyoDCKvuA",
            "title": "\u9ad8\u6eab35\u5ea6\u8857\u982d\u8209\u724c\u767c\u50b3\u55ae\uff01\u8ddf\u8521\u54e5\u6fd5\u900f\u5230\u5766\u8aa0\u76f8\u898b...ft. @coolmantsai \uff5c\u767d\u7661\u516c\u4e3b"
        },
        {
            "id": "KVy9T6y49Jg",
            "title": "\u6211\u518d\u4e5f\u4e0d\u76f8\u4fe1AI\u4e86\uff5c\u767d\u7661\u516c\u4e3b"
        },
        {
            "id": "9F7Xw_xJ80M",
            "title": "\u7576\u4f60\u5728Tinder\u88ab\u5de6\u6ed1\u2026"
        },
        {
            "id": "ohDZc339y8U",
            "title": "\u6709\u9019\u6a23\u7684\u5c0f\u5b69\u9084\u771f\u4e0d\u77e5\u9053\u600e\u9ebc\u8fa6\u2026"
        },
        {
            "id": "2HtcitjgVMU",
            "title": "\u5929\u7afa\u9f20\u8eca\u8eca\u7206\u7d05\u537b\u5e36\u4f86\u68c4\u990a\u6f6e\uff1f\u5009\u9f203\u500b\u6708\u80fd\u7522\u767e\u96bb\u5f8c\u4ee3...\uff5c\u767d\u7661\u516c\u4e3b"
        },
        {
            "id": "L_2WlQN7KO4",
            "title": "\u4ea4\u7537\u53cb\u5931\u6557\u600e\u9ebc\u8fa6\uff5c\u767d\u7661\u516c\u4e3b #\u6234\u79c0\u751c"
        },
        {
            "id": "2WpmB_CbYjg",
            "title": "\u8cfc\u7269\u4e5f\u80fd\u770b\u51faMBTI\uff1f \u539f\u4f86\u9019\u7a2e\u4eba\u683c\u5bb9\u6613\u885d\u52d5\u6d88\u8cbb\uff01ft. @howfunofficial \uff5c\u767d\u7661\u516c\u4e3b"
        },
        {
            "id": "qawO8CxdCXc",
            "title": "\u963f\u59e8\u6211\u4e0d\u60f3\u52aa\u529b\u4e86\uff5c\u767d\u7661\u516c\u4e3b"
        },
        {
            "id": "X-wW9wUdRX0",
            "title": "\u592f\u6d77\u738b\u771f\u4eba\u7248\uff01\uff1f\uff5c\u767d\u7661\u516c\u4e3b #cosplay #\u822a\u6d77\u738b #onepiece"
        },
        {
            "id": "ax7g3kvAcwc",
            "title": "\u59b9\u6709\u60c5\uff0c\u90ce\u7121\u610f\uff5c\u767d\u7661\u516c\u4e3b #\u4e5d\u6fa4cp"
        },
        {
            "id": "qBGy3PN41t4",
            "title": "\u4e00\u65e5\u96fb\u71c8\u6ce1\uff01\u6211\u53ef\u4ee5\u55ae\u8eab\uff0c\u4f46\u6211\u7684CP\u4e00\u5b9a\u8981\u7d50\u5a5a\uff1fft.\u4e5d\u6fa4CP\uff5c\u767d\u7661\u516c\u4e3b"
        },
        {
            "id": "3D8ANiAWs6c",
            "title": "\u8eca\u7a0b2\u5c0f\u6642\u5c31\u70ba\u4e86\u5403\u6d77\u9bae\uff01\u9019\u6d77\u666f\u8ddf\u7f8e\u98df\u597d\u503c\u5f97\ud83e\udd79\uff5c\u767d\u7661\u516c\u4e3b"
        },
        {
            "id": "52qSf8dAKTM",
            "title": "\u81c9\u5e38\u6cdb\u7d05\u767c\u7662\uff1f\u4f60\u7684\u6bdb\u5b54\u53ef\u80fd\u5df2\u7d93\u722c\u6eff\u87f2\uff01\uff5c\u767d\u7661\u516c\u4e3b #\u7661\u9a5a\u5927\u767c\u73fe"
        },
        {
            "id": "a8jJQ4aCvTI",
            "title": "\u6eab\u99a8\u63d0\u9192\uff1a\u672c\u9031\u958b\u5b78\uff01\uff5c\u767d\u7661\u516c\u4e3b"
        },
        {
            "id": "PQE92kvUT6Q",
            "title": "\u60f3\u4e0d\u60f3\u6210\u70ba\u6211\u7684\u5976\u8336\uff1f\uff5c\u767d\u7661\u516c\u4e3b"
        },
        {
            "id": "4S22OwTsFDU",
            "title": "\u6211\u8981\u80f8\u90e8\u9577\u8089\uff01BMI\u53ea\u670916\u7684\u6211\u7206\u5403\u5169\u9031\u6703\u589e\u52a0\u5e7e\u516c\u65a4\uff1f\uff5c\u767d\u7661\u516c\u4e3b"
        },
        {
            "id": "kAlsy8qZ0bU",
            "title": "\u6a19\u8a18\u4f60\u7684\u6e23\u7537\u524d\u4efb\uff5c\u767d\u7661\u516c\u4e3b"
        },
        {
            "id": "Y-trId9FCX4",
            "title": "\u53ea\u6709 \u201dSuper A\u6e1b\u201d \u624d\u807d\u5f97\u61c2 Super Agent | \u767d\u7661\u516c\u4e3b #Netflix #\u653b\u5fc3\u8adc\u6230"
        },
        {
            "id": "yjN63eVvWg4",
            "title": "\u5b78\u751f\u6642\u671f\u90fd\u6709\u9019\u6a23\u7684\u8001\u5e2b\uff0c\u6137\u751c\u7092\u98ef\u7d66\u4f60\u770b\uff5c\u767d\u7661\u516c\u4e3b"
        },
        {
            "id": "pN5QMJEjYYo",
            "title": "\u7c21\u55ae\u5be6\u7528\u7684\u81ea\u885b\u9632\u8eab\u8853\uff5c\u767d\u7661\u516c\u4e3b"
        },
        {
            "id": "XoJ_TxLsqOM",
            "title": "\u9580\u724c\u6709\u8a18\u865f\u8868\u793a\u88ab\u6b79\u5f92\u76ef\u4e0a\uff1f\u5f31\u5973\u5b50\u7368\u5c45\u81ea\u4fdd\u5927\u5168\uff5c\u767d\u7661\u516c\u4e3b"
        },
        {
            "id": "C5zFyLiLi5w",
            "title": "\u82ad\u6bd4\u8e2e\u8173\u7684\u79d8\u5bc6\uff5c\u767d\u7661\u516c\u4e3b #cosplay #barbie"
        },
        {
            "id": "1GGRnH-0Lk4",
            "title": "\u9577\u5927\u5f8c\u4e0d\u6562\u73a9\u904a\u6a02\u5712\u4e86...\u9019\u500b\u54e1\u5de5\u65c5\u904a\u6839\u672c\u81ea\u8650\u5427\uff5c\u767d\u7661\u516c\u4e3b"
        },
        {
            "id": "tZblfuHTgjc",
            "title": "\u9732\u9732\u88d9\u5e95\u7684\u79d8\u5bc6\uff5c\u767d\u7661\u516c\u4e3b #\u746a\u9e97\u84ee\u5922\u9732 #cosplay"
        },
        {
            "id": "mZhS4Ak747k",
            "title": "\u958b\u7bb1\u5bf5\u7269\u6baf\u846c\u696d\uff01\u539f\u4f86\u52d5\u7269\u904e\u4e16\u5f8c\u7b49\u65bc\u5ee2\u68c4\u7269\uff1f\uff01\uff5c\u767d\u7661\u516c\u4e3b"
        },
        {
            "id": "LorJRzG_yJc",
            "title": "\u5728\u5065\u8eab\u623f\u7528switch\u91e3\u5230\u5973\u795e\uff5c\u767d\u7661\u516c\u4e3b"
        },
        {
            "id": "EXrmrDb2dNg",
            "title": "\u6211\u53eb\u505a\u5bcc\u6c5f\uff5c\u767d\u7661\u516c\u4e3b #\u4f0a\u85e4\u6f64\u4e8c #cosplay"
        },
        {
            "id": "O7PKxP9MG4A",
            "title": "\u770b\u5b8c\u5f71\u7247\u8ab0\u9084\u60f3\u7559\u9577\u9aee\uff1f\uff5c\u767d\u7661\u516c\u4e3b"
        },
        {
            "id": "q_nRr8nvN6E",
            "title": "\u975c\u9999\u6709\u591a\u611b\u6d17\u6fa1\uff1f\uff5c\u767d\u7661\u516c\u4e3b #cosplay"
        },
        {
            "id": "Lfajpb5xtEw",
            "title": "\u5728\u96f6\u4e0b50\u5ea6\u9023\u7e8c\u98c6\u8eca2\u5c0f\u6642\uff01\u4e00\u8f29\u5b50\u9ad4\u9a57\u4e00\u6b21\u5c31\u5920\u4e86\u2026\uff5c\u767d\u7661\u516c\u4e3b ft. @liketaitai"
        },
        {
            "id": "9Zv5JX3Eri8",
            "title": "\u7e3d\u662f\u982d\u660f\u773c\u82b1\u3001\u642d\u98db\u6a5f\u6703\u8033\u9cf4\uff1f\u6885\u5c3c\u723e\u6c0f\u75c7\u53ef\u80fd\u8b93\u4f60\u807d\u529b\u8870\u5f31\uff01\uff5c\u767d\u7661\u516c\u4e3b #\u7661\u9a5a\u5927\u767c\u73fe"
        },
        {
            "id": "i_9iTXxi9AQ",
            "title": "18\u6b72\u7f8e\u5c11\u5973\u5076\u50cf\uff01\u9019\u6a23\u80fd\u7d05\uff1f\uff5c\u767d\u7661\u516c\u4e3b #\u6211\u63a8\u7684\u5b69\u5b50 #cosplay"
        },
        {
            "id": "GGtKo3Lfpts",
            "title": "\u53f0\u5317\u79df\u5c4b\u597d\u96e3\uff01\u793e\u6050\u7684\u6211\u8207\u964c\u751f\u5927\u53d4\u5171\u5c45\u5e73\u50f9\u96c5\u623f\uff1f\uff5c\u767d\u7661\u516c\u4e3b"
        },
        {
            "id": "MHHX-QX2GxQ",
            "title": "\u7f8e\u4eba\u9b5a\u306e\u8a98\u60d1\uff5c\u767d\u7661\u516c\u4e3b#cosplay #\u5c0f\u7f8e\u4eba\u9b5a"
        },
        {
            "id": "T9z3R9EXChM",
            "title": "\u6d28\u7f8e\u4eba\u9b5a\u771f\u4eba\u7248\uff5c\u767d\u7661\u516c\u4e3b #cosplay #\u5c0f\u7f8e\u4eba\u9b5a"
        },
        {
            "id": "GlbrefQHjZQ",
            "title": "\u8d85\u8c6a\u83ef\uff01\u6bd4\u5b78\u751f\u5957\u623f\u9084\u5212\u7b97\u7684\u5ea6\u5047\u6751\uff1f\u9000\u4f11\u5f8c\u60f3\u6bcf\u5929\u4f4f\u5728\u9019\uff5c\u767d\u7661\u516c\u4e3b"
        },
        {
            "id": "k64aW2vFwvU",
            "title": "Coser\u7684\u65e5\u5e38\uff1f\uff5c\u767d\u7661\u516c\u4e3b #shorts  #cosplay"
        },
        {
            "id": "QcrsS7Ip3wk",
            "title": "\u5496\u5561\u5ef3\u78b0\u58c1\uff1f\u8eab\u4efd\u8f49\u578b\u5931\u6557\uff1f\u4f48\u6eff\u834a\u68d8\u7684\u5275\u4f5c\u8005\u4e4b\u8def\uff5c\u767d\u7661\u516c\u4e3b"
        },
        {
            "id": "qUOgg4Z499o",
            "title": "\u6211\u7684\u6ebc\u7955\u8655\u6c92\u4e86\uff5c\u767d\u7661\u516c\u4e3b #shorts #\u6ebc\u7955\u8655"
        },
        {
            "id": "A60lcySYFfY",
            "title": "\u6211\u7684\u5496\u5561\u5ef3\u5937\u70ba\u5e73\u5730\u4e86\uff01\u71df\u696d3\u500b\u6708\uff0c\u6ebc\u7955\u8655\u95dc\u9580\u5927\u5409\u3002\uff5c\u767d\u7661\u516c\u4e3b #\u6ebc\u7955\u8655"
        },
        {
            "id": "IHYFq0A8Hrg",
            "title": "\u82f1\u6587\u7a81\u98db\u731b\u9032\uff01\u7f8e\u570b\u540d\u6821\u5e25\u54e5\u90fd\u611b\u4e0a\u6211\u7684\u8ac7\u5410\uff1f\uff5c\u767d\u7661\u516c\u4e3bft. @liketaitai"
        },
        {
            "id": "5byjfqwODhc",
            "title": "\u9ed1\u6697\u69ae\u8000\uff1a\u6d8e\u93ae\u554a\uff5e\u96fb\u68d2\u6372\u6eab\u5ea6\u9084\u884c\u55ce\uff1f\uff5c\u767d\u7661\u516c\u4e3b #cosplay #shorts"
        },
        {
            "id": "wdl7gfxSulM",
            "title": "\u9047\u5230\u904e\u65bc\u4e3b\u52d5\u7684\u5973\u6f14\u54e1\uff1f\uff5c\u767d\u7661\u516c\u4e3b #shorts"
        },
        {
            "id": "Do9BbgCw1LU",
            "title": "\u570b\u4e2d\u82f1\u6587\u597d\u96e3\uff5c\u767d\u7661\u516c\u4e3b #shorts"
        },
        {
            "id": "wOlqUIyEMiw",
            "title": "\u540c\u4e8b\u62cd\u651d\u9014\u4e2d\u6454\u9580\u8d70\u4eba\uff01\u75f4\u75f4\u7576\u773e\u6012\u7f75\u300c\u4e0d\u5c08\u696d\u300d\uff1f\uff01\uff5c\u767d\u7661\u516c\u4e3b"
        },
        {
            "id": "U9mmddFRJ_s",
            "title": "\u90a3\u4e00\u591c\u7d42\u65bc\u7d66\u770b\u7d20\u984f\u4e86\uff5c\u767d\u7661\u516c\u4e3b #shorts"
        },
        {
            "id": "SajVhWfo650",
            "title": "\u5973\u4eba\u7684\u5feb\u6a02\u5c31\u662f\u9019\u9ebc\u6a38\u5be6\u7121\u83ef\uff5c\u767d\u7661\u516c\u4e3b #shorts"
        },
        {
            "id": "wGpx9maxBpc",
            "title": "\u7a81\u8972\u75f4\u5abd\uff01\u65b0\u5bb6\u5165\u4f4f3\u500b\u6708\u5f8c\u9577\u600e\u6a23\uff1f\uff5c\u767d\u7661\u516c\u4e3b feat.ECOVACS T10 OMNI"
        },
        {
            "id": "GEqB-LNllAU",
            "title": "\u6211\u8cb7\u4e86\u4e00\u53f0\u8cd3\u58eb\u8eca\uff01\u5927\u8cc7\u5c11\u5973\u4e0d\u5c08\u696d\u8cde\u8eca\u6642\u9593\uff1f\uff5c\u767d\u7661\u516c\u4e3b"
        },
        {
            "id": "xfnXYGCL-q4",
            "title": "\u6559\u7df4\uff0c\u6211\u60f3\u6253\u7403\uff5c\u767d\u7661\u516c\u4e3b #shorts  #\u704c\u7c43\u9ad8\u624b #cosplay"
        },
        {
            "id": "UBJkJJ9c6ks",
            "title": "\u6383\u8cfc\u65e5\u672c\u8f15\u73e0\u5bf6\u9001\u540c\u4e8b\uff0c\u7adf\u7136\u8cfa\u56de\u4e00\u5f35\u5546\u52d9\u8259\u6a5f\u7968\uff1f\ud83d\udc8e\uff5c\u767d\u7661\u516c\u4e3b ft. \u570b\u6cf0\u4e16\u83ef\u5546\u696d\u9280\u884c"
        },
        {
            "id": "Zh882Kw9OEU",
            "title": "\u8499\u5a1clisa\u7684\u7325\u7b11\uff5c\u767d\u7661\u516c\u4e3b #cosplay #\u8499\u5a1c\u9e97\u838e #shorts"
        },
        {
            "id": "zBA_JMUdVwE",
            "title": "\u4e2d\u734e\u7387100%\uff01\u81ea\u88fd\u842c\u5143\u7d05\u5305\u62bd\u62bd\u6a02\uff0c\u4ee5\u70ba\u5728\u770b\u7d9c\u85dd\u5927\u96c6\u5408\uff1f\uff5c\u767d\u7661\u516c\u4e3b"
        },
        {
            "id": "yfZyK7N8Bnw",
            "title": "She said yes!!!!! \uff5c\u767d\u7661\u516c\u4e3b #shorts"
        },
        {
            "id": "zyhhGpKhyio",
            "title": "\u6211Cosplay\u8ab0\u6700\u50cf\uff1f\uff5c\u767d\u7661\u516c\u4e3b #shorts #cosplay"
        },
        {
            "id": "-PUe3Am6rLY",
            "title": "\u6212\u6307\u5361\u5230\u624b\u76f4\u63a5\u767c\u9ed1\uff0c\u8a72\u4e0d\u6703\u8981\u622a\u80a2\u4e86\u5427...\uff1f\uff5c\u767d\u7661\u516c\u4e3b"
        },
        {
            "id": "wWWhy9R9GmQ",
            "title": "\u958b\u5496\u5561\u5ef3\u4e00\u500b\u6708\u8ca0\u50b520\u842c\uff1f\uff5c\u767d\u7661\u516c\u4e3b #\u6ebc\u7955\u8655"
        },
        {
            "id": "35sH4d_XCV4",
            "title": "\u4e0b\u9762\u6c92\u90a3\u6839\u7684\u6c92\u6839\u4f86\u4e86\uff5c\u767d\u7661\u516c\u4e3b #shorts"
        },
        {
            "id": "p_LpM0Jvpkg",
            "title": "\u6137\u751c\uff1a\u597d\u770b\u55ce\uff1f\u8aaa\u597d\u770b\u7684\u540c\u5b78\u958b\u5b78\u52a010\u5206\uff5c\u767d\u7661\u516c\u4e3b #shorts"
        },
        {
            "id": "tiPF1zBZgVI",
            "title": "\u4e0a\u9031\u525b\u62ff\u5230\u99d5\u7167\u7684\u65b0\u624b\uff0c\u76f4\u63a5\u958b\u7279\u65af\u62c9\u4e0a\u8def\uff01\uff5c\u767d\u7661\u516c\u4e3b"
        },
        {
            "id": "W9DCo5b0P5U",
            "title": "\u62cd\u500b\u5f62\u8c61\u7167\u800c\u5df2\uff0c\u600e\u9ebc\u6709\u7591\u4f3c\u5728\u958b\u8eca\u7684\u554f\u984c\uff1f\uff5c\u767d\u7661\u516c\u4e3b #shorts"
        },
        {
            "id": "OZ-qS4utwao",
            "title": "\u59b9\u5805\u6301\u8981\u5ac1\uff01\u59ca\u82e6\u558a\uff1a\u4f60\u5011\u5dee40\u6b72 ft.@helloiamhook \uff5c\u767d\u7661\u516c\u4e3b#shorts"
        },
        {
            "id": "TZjkJCx5sgM",
            "title": "\u5403\u500b\u8549\u88ab\u540c\u4e8b\u554f\u4e00\u5806\u554f\u984c\uff1f\uff5c\u767d\u7661\u516c\u4e3b #shorts"
        },
        {
            "id": "s8NRHJkuL1c",
            "title": "\u6211\u8001\u516c\u51fa\u6ac3\u932f\u4e86\u55ce\uff1f\u9019\u652f\u76f4\u63a5\u9ec3\u6a19\uff5c\u767d\u7661\u516c\u4e3b#shorts"
        },
        {
            "id": "mOYbKHXr_DY",
            "title": "\u6311\u6230\u62c9\u82b1\uff01\u4e0d\u51fa\u610f\u5916\u7684\u8a71\u99ac\u4e0a\u5c31\u8981\u51fa\u610f\u5916\u4e86...\uff5c\u767d\u7661\u516c\u4e3b #shorts"
        },
        {
            "id": "GFaLVeJCRm8",
            "title": "\u958b\u7bb1110\u576a\u65b0\u8fa6\u516c\u5ba4\uff01\u8207@liketaitai\u4e00\u8d77\u642c\u9032\u5167\u6e56\u7684\u98a8\u6c34\u5bf6\u5730\u2728\uff5c\u767d\u7661\u516c\u4e3b"
        },
        {
            "id": "VKm9TGzNCx0",
            "title": "\u75f4\u8fa6\u516c\u5ba4\u5168\u85cd\u602a\u4eba\u73fe\u8eab\uff1f\uff5c\u767d\u7661\u516c\u4e3b #shorts"
        },
        {
            "id": "Brc3enDWZ5Q",
            "title": "\u7f8e\u5c11\u5973\u4e0a\u5de5\uff01\u65b0\u5e97\u9762\u627e\u5230\u4e86\uff1f\uff5c\u767d\u7661\u516c\u4e3b #\u6ebc\u7955\u8655"
        },
        {
            "id": "sc1vIwbJAuk",
            "title": "\u5e74\u5e95\u56de\u982d\u770b\uff0c\u5750\u4eab\u7f8e\u5973\u5c71\uff5c\u767d\u7661\u516c\u4e3b #shorts"
        },
        {
            "id": "fy7Qm6srl7M",
            "title": "\u963f\u51e1\u9054\uff1a\u4e0b\u6c34\u9053\uff5c\u767d\u7661\u516c\u4e3b #shorts"
        },
        {
            "id": "qQASQ4Fjovo",
            "title": "\u53c8\u5728\u903c\u4f86\u8cd3\u8ddf\u6211\u4e00\u8d77\u547b\u541f\u4e86\u5594\u9f41\uff5e\u610f\u5916\u767c\u73fe @JuliaWu\u624b\u6280\u9a5a\u4eba\uff1f\uff01\uff5c\u767d\u7661\u516c\u4e3b"
        },
        {
            "id": "bQcFViears0",
            "title": "\u4e0d\u559c\u6b61\u661f\u671f\u4e09\uff1f\u7121\u6240\u8b02\uff5c\u767d\u7661\u516c\u4e3b #shorts"
        },
        {
            "id": "lbqw3qH2hi8",
            "title": "\u597d\u7684\u91ab\u7f8e\u5e36\u4f60\u4e0a\u5929\u5802\uff1f\u60f3\u7576\u7f8e\u5c11\u5973\u8a72\u600e\u9ebc\u4fdd\u990a\uff1f\uff5c\u767d\u7661\u516c\u4e3b #\u7661\u9a5a\u5927\u767c\u73fe"
        },
        {
            "id": "39RiZ5jJk0A",
            "title": "\u4f60\u77e5\u9053X\u8569\u6416\u982d\u5976\u5976\u662f\u8ab0\u55ce\uff1f\uff5c\u767d\u7661\u516c\u4e3b #shorts"
        },
        {
            "id": "nZifEOpFPaw",
            "title": "\u8a66\u71df\u904b\u7a7a\u7121\u4e00\u4eba...\u518d\u9019\u6a23\u4e0b\u53bb\u6211\u9084\u8981\u71df\u696d\u55ce\uff1f\uff5c\u767d\u7661\u516c\u4e3b #\u6ebc\u7955\u8655"
        },
        {
            "id": "mkNh03SJQMQ",
            "title": "\u539f\u4f86\u4eca\u5e74\u6700\u591a\u4eba\u770b\u7684\u5f71\u7247\u662f\u9019\u652f\uff1f\uff012022 YouTube \u5341\u5927\u71b1\u9580\u5f71\u7247\u6392\u884c\u699c\ud83d\udd25\uff5c\u767d\u7661\u516c\u4e3b ft. @liketaitai"
        },
        {
            "id": "H-tfqFifdwA",
            "title": "\u4e00\u8f29\u5b50\u6c92\u505a\u904e\u9910\u98f2\u696d\u7684\u4eba\u958b\u5f97\u4e86\u5496\u5561\u5ef3\u55ce\uff1f\uff5c\u767d\u7661\u516c\u4e3b #\u6ebc\u7955\u8655"
        },
        {
            "id": "V_-pzW_WZPk",
            "title": "\u75db\u5230\u5927\u7206\u54ed\uff01\u6211\u70ba\u4ec0\u9ebc\u8981\u7b54\u61c9\u62cd\u9019\u500b\u4f01\u5283...\uff5c\u767d\u7661\u516c\u4e3b"
        },
        {
            "id": "GQOaCnB5Dik",
            "title": "\u9019\u9ebc\u504f\u50fb\u5230\u5e95\u6709\u8ab0\u6703\u4f86\uff1f\u5728\u8352\u91ce\u9802\u4e0b\u4e00\u9593\u5496\u5561\u5ef3\u7684\u6211\u6703\u592a\u760b\u55ce\uff1f\uff5c\u767d\u7661\u516c\u4e3b #\u6ebc\u7955\u8655"
        },
        {
            "id": "yUFFvMMNFWA",
            "title": "\u6ce8\u610f\u770b\uff0c\u9019\u500b\u5973\u4eba\u592a\u72e0\u4e86\uff01\u76f4\u63a5\u5728\u8d70\u9418\u734e\u73fe\u5834\u63ed\u9732YouTuber\u7684\u771f\u5be6\u8eab\u9ad8\uff5c\u767d\u7661\u516c\u4e3b"
        },
        {
            "id": "64_N2ZYrRd4",
            "title": "\u75f4\u75f4\u5728\u5bb6\u771f\u7684\u4e0d\u7a7f\u8863\u670d\uff1f\u5077\u62cd\u756b\u9762\u592a\u885d\u64ca...\uff5c\u767d\u7661\u516c\u4e3b"
        },
        {
            "id": "XxNbXRLpbh8",
            "title": "\u6536\u5de5\u5f8c\u8ddf\u8521\u54e5\u4e82\u804a\u7684\u5783\u573e\u8a71\uff0c\u771f\u7684\u6709\u4eba\u8981\u770b\uff1f\uff5c\u767d\u7661\u516c\u4e3bft. @coolmantsai"
        },
        {
            "id": "0bqDQvfAnUo",
            "title": "\u64da\u8aaa\u53f0\u5317\u59e8\u5b50\u5716\u9451\u8d8a\u770b\u6703\u8d8a\u751f\u6c23\uff1f\uff5c\u767d\u7661\u516c\u4e3b #shorts #\u53f0\u5317\u5973\u5b50\u5716\u9451"
        },
        {
            "id": "XZ5i0dO3OEY",
            "title": "\u8001\u5f73\u5973 VS \u5927\u5973\u4e43\u59b9\uff0c\u8def\u4eba\u611b\u54ea\u5473\uff1f\uff5c\u767d\u7661\u516c\u4e3b"
        },
        {
            "id": "p5_WxuENYNw",
            "title": "\u9019\u6cf1\u592a\u5371\u96aa\uff01\u9152\u5f8c\u768469\u592a\u760b\u72c2\uff01\u5c0f\u8cc7\u5c11\u5973\u4e0d\u5c08\u696d\u81ea\u7406\u9910\u6642\u9593 EP69\uff5c\u767d\u7661\u516c\u4e3b ft. @lynnwu0219"
        }
    ]
}