{
    "channel": {
        "title": "HOOK",
        "id": "UCbIJeyl_va8MG2xx0q4Uobg",
        "customUrl": "@helloiamhook",
        "uploads": "UUbIJeyl_va8MG2xx0q4Uobg"
    },
    "videos": [
        {
            "id": "1xFt5IcEE3w",
            "title": "\u5305\u4e0b\u6574\u68df\u82f1\u570b\u57ce\u5821\uff0c\u8ddf\u4f60\u8aaa\u4ea8\u5229\u516b\u4e16\u6709\u591a\u611b\uff2f\u8001\u5a46\u8ddf\uff2f\u5973\u5152\u3002\u3010\u884c\u842c\u91cc\u8def#3\u3011\uff5cHOOK ft. Surfshark VPN \u82f1\u570b\u7279\u8f2f#4"
        },
        {
            "id": "HKGB75d18bQ",
            "title": "\u54ea\u500b\u570b\u5bb6\u5728\u4e0b\u96e8\u5c31\u53bb\u54ea\uff0c\u78b0\u5230\u96e8\u7684\u77ac\u9593\u5c31\u6efe\u56de\u81fa\u7063\u3010\u66b4\u767c\u4e92#6\u3011\uff5cHOOK ft. VTEX\u9632\u6c34\u978b"
        },
        {
            "id": "zctJy1xiQTo",
            "title": "\u4f86\u770b\u6211\u5728\u96fb\u8166\uff08\u4e0d\u662f\u624b\u3110\uff09\u4e0a\u7528Google Play\u904a\u6232\u73a9\u300a\u8591\u9905\u4eba\u4e4b\u5854\u300b\uff0c\u9650\u664210\u5929\u4e00\u8d77\u4f86\u9ad4\u9a57\uff01\uff08\u6c92\u6709\u5854\u53ef\u9905\u7684\u5b58\u5728\uff09"
        },
        {
            "id": "-vvKwmGvHqw",
            "title": "\u541f\u904a\u8a69\u4eba\u662f\u771f\u5be6\u8077\u696d\uff1f\u8ddf\u9ed1\u9f8d\u55ae\u6311\u7518\u6bd4\u4e9e\u53f2\uff01\u3010\u4e16\u754c\u53f2#17\u3011\uff5cHOOK ft. Surfshark VPN @Tw-Universe @594blackdragon"
        },
        {
            "id": "UxmP5lVU5ZA",
            "title": "\u6bcf\u5929\u90fd\u60f3\u53f2\u3109\u83ef\u66c6\u8f49\u8eab #YouTube\u966a\u4f60\u8cb7"
        },
        {
            "id": "ol8cN5MRpvo",
            "title": "\u5e36\u7238\u5abd\u53bb\u9996\u723e\uff0c\u5c0d\u5929\u767c\u8a93\u9ec3\u8207\u8ced\u771f\u7684\u4e0d\u8981\u78b0\u3002\u3010\u5730\u7344\u4e4b\u65c5#2\u3011| HOOK ft. LINE Bank"
        },
        {
            "id": "oERx5HiwAoQ",
            "title": "\u5728\u82f1\u570b\u9152\u7cbe\u8def\u8dd1\uff0c\u9189\u5230\u9023\u958b\u819b\u624b\u5091\u514b\u90fd\u6703\u88ab\u5687\u8dd1\uff5cHOOK ft. Surfshark VPN \u82f1\u570b\u7279\u8f2f#3"
        },
        {
            "id": "FaMHFfLcXeA",
            "title": "24\u5c0f\u6642\u53ea\u5403\u300c\u70e4\u7bb1\u300d\u6599\u7406\u6311\u6230\uff01\u505a\u83dc\u53ea\u89813\u5206\u9418\u6211\u958b\u59cb\u89ba\u5f97\u4eba\u751f\u5f88\u7121\u804a\u4e86==\uff5cHOOK ft. \u8072\u5bf6\u591a\u529f\u80fd\u6c23\u70b8\u70e4\u7bb1"
        },
        {
            "id": "csYOMKQLy_k",
            "title": "\u5728\u5bb6\u81ea\u5df1\u716e\u6703\u6bd4\u8f03\u8cb4\u55ce\uff1f\u771f\u7684\u5f88\u8cb4\u8036==\u3010\u53eb\u5916\u9001\u7701\u4e03\u842c\u3011\uff5cHOOK ft. Uber One \u6703\u54e1\u65b9\u6848"
        },
        {
            "id": "YpEiTkMEvLA",
            "title": "\u3010\u7269\u50f9\u8abf\u67e5\u3011\u82f1\u570b\u901a\u81a8\u5230\u5e95\u591a\u56b4\u91cd\uff1f\u4e0d\u8981\u8aaa\u5403\u6771\u897f\u4e86\u9023\u9152\u90fd\u5feb\u559d\u4e0d\u8d77\uff5cHOOK ft. Surfshark VPN \u82f1\u570b\u7279\u8f2f#2"
        },
        {
            "id": "sfoGN3QmiXs",
            "title": "\u5728\u82f1\u570b\u642d\u5230\u53f2\u4e0a\u6700\u96f7\u5546\u52d9\u8259\uff0c\u5c31\u7b97\u6703\u88ab\u544a\u9084\u662f\u8981\u5168\u90e8\u8b1b\u51fa\u4f86\u3010\u71d2\u9322\u4f86\u5403#5\u3011\uff5cHOOK ft. Surfshark VPN \u82f1\u570b\u7279\u8f2f#1"
        },
        {
            "id": "Z466_GB8U50",
            "title": "24\u5c0f\u6642\u53ea\u5403\u300c\u71d2\u9152\u300d\u6599\u7406\u6311\u6230\uff0c\u6e96\u5099\u597d\u54ed\u8457\u6253\u7d66\u524d\u7537\u53cb\u4e86\u55ce\uff1f\uff5cHOOK ft. \u771f\u9732\u71d2\u9152"
        },
        {
            "id": "43Y82hQ5Qeo",
            "title": "\u7537\u4e0a\u52a0\u7537\u7684\u6c96\u7e69\u4e4b\u65c5\uff0c\u6211\u611b\u4f60\u4f60\u611b\u4ed6\u4ed6\u611b\u5979\u3010\u76f4\u7537\u5f62\u5bb9\u8a5e\u3011\uff5cHOOK  ft. Surfshark VPN"
        },
        {
            "id": "7CdibIgWVmk",
            "title": "137\u842c\u62cd\u7247\u4ed4\u751f\u65e5\u7684\u4e00\u5929\uff0c\u88ab\u5de5\u4f5c\u8ffd\u8457\u8dd1\u4e4b\u6211\u721b\u6211\u6c92\u7528\u6211\u4e0d\u611b\u6d17\u6fa1\ud83d\ude16\u3010\u8cf4\u5e8a\u72c2\u9b54\u3011\uff5cHOOK ft. Uber Taxi \u512a\u6b65\u5c0f\u9ec3"
        },
        {
            "id": "H_7LEwF5k-g",
            "title": "\u5728\u90fd\u7701\u745e\u5bb6\u760b\u72c2\u5403\u98ef"
        },
        {
            "id": "CutYZ5dbzFg",
            "title": "\u5728\u90fd\u7701\u745e\u5bb6\u8207\u56db\u89d2\u6200\u760b\u72c2\u505a\u83dc"
        },
        {
            "id": "XQG1DQs5ZOw",
            "title": "\u6230\u9b25\u6c11\u65cf\u4e09\u9910\u5403\u4ec0\u9ebc\uff1f\u6700\u60b2\u6158\u7684\u4eba\u5403\u6700\u5962\u83ef\u7684\u98df\u7269\u9818\u6700\u8840\u6c57\u7684\u85aa\u6c34\uff01\u3010\u6599\u7406\u53f2\u738b#12\u3011\uff5cHOOK ft. \u6bcf\u5929\u90fd\u60f3\u53f2"
        },
        {
            "id": "o112GMJ2fn4",
            "title": "\u8207\u5169\u8001\u5728\u65e5\u672c\u9032\u884c\u81ea\u52d5\u8ca9\u8ce3\u6a5f\u8def\u8dd1\uff0c\u6709\u8336\u6ce1\u98ef\u8ddf\u947d\u6212\u9084\u6709\u6f22\u5821\u4ee5\u70ba\u4f86\u5230\u4fbf\u5229\u5546\u5e97\u3010\u884c\u842c\u91cc\u8def#2\u3011\uff5cHOOK ft. \u666e\u62ff\u75bc\u808c\u7acb\u93ae\u75db\u4e73\u81a0"
        },
        {
            "id": "gPdbz6TV3UU",
            "title": "\u5728\u6c96\u7e69\u9084\u8981\u505a\u83dc\u7d66\u76f4\u7537\u5403\uff0c\u52a0\u592a\u591a\u9152\u8b8a\u6210\u767c\u760b\u7279\u8f2f\ud83d\ude0d\uff5cHOOK ft. \u570b\u6cf0\u4e16\u83ef\u5546\u696d\u9280\u884c"
        },
        {
            "id": "QYmbjnaBJ-4",
            "title": "\u3010\u7269\u50f9\u5c0d\u6c7a\u3011\u7f8e\u570b\u516b\u65b9\u6c38\u8c46\u8ddf\u81fa\u7063\u5dee\u591a\u5c11\uff1f\u540c\u6a23\u91d1\u984d\u7f8e\u570b\u8cb4\u5230\u6b7b\u81fa\u7063\u98fd\u5230\u5410\ud83d\ude16\uff5cHOOK ft. Surfshark VPN"
        },
        {
            "id": "5HDOeAS0Y6c",
            "title": "\u966a\u6211\u73a9\u8cb4\u8cb4\u72fc\u4eba\u6bba\uff5cHOOK"
        },
        {
            "id": "FCx6bUfMq_c",
            "title": "\u3010\u5be6\u6e2c\u3011\u548c\u4e94\u5341\u96bb\u8c93\u641e\u5916\u9047\uff0c\u56de\u5230\u5bb6\u88ab\u7f75\u5230\u8033\u6735\u6d41\u8840\u3002\uff5cHOOK ft. Surfshark VPN"
        },
        {
            "id": "xDH2Fzk_Jds",
            "title": "\u6587\u85dd\u5fa9\u8208\u4e09\u9910\u5403\u4ec0\u9ebc\uff1f\u71c3\u71d2\u7684\u5b54\u96c0\u8207\u98db\u7fd4\u7684\u9ebb\u96c0\uff01\u3010\u6599\u7406\u53f2\u738b#11\u3011\uff5cHOOK ft. \u6bcf\u5929\u90fd\u60f3\u53f2"
        },
        {
            "id": "1zAui6d1SPs",
            "title": "24\u5c0f\u6642\u53ea\u5403\u300c\u5076\u50cf\u300d\u6599\u7406\u6311\u6230\uff01\u8fa3\u59b9\u9593\u7684\u5fc3\u6a5f\u6230\u722d\u662f\u71b1\u91cf\u6d88\u8017\u8005\uff01\uff5cHOOK ft. \u7d55\u5c0d\u6f14\u7e79"
        },
        {
            "id": "9gVVqfTwOec",
            "title": "\u56de\u5230\u6700\u521d\u7684\u8d77\u9ede\u300e\u65b0\u6953\u4e4b\u8c37\uff0c\u4f86\u770b\u6211\u7528\u5361\u8389\u6253\u934b\u84cb\uff01\u300f"
        }
    ]
}