{
    "channel": {
        "title": "\u9019\u7fa4\u4ebaTGOP",
        "id": "UC6FcYHEm7SO1jpu5TKjNXEA",
        "customUrl": "@thisgroupofpeople",
        "uploads": "UU6FcYHEm7SO1jpu5TKjNXEA"
    },
    "videos": [
        {
            "id": "6_MBEP3A8Zg",
            "title": "\u9019\u7fa4\u4eba TGOP \u2502\u721b\u670d\u52d9\u9910\u5ef3 Terrible Service Restaurant ft.\u4e5d\u7c92\u3001\u9ec3\u6c0f\u5144\u5f1f-\u54f2\u54f2\u3001\u773e\u91cf\u7d1aAndy\u3001\u808c\u8089\u5c71\u5c71\u3001\u694a\u5609\u5091"
        },
        {
            "id": "liycr0wIs3g",
            "title": "\u9019\u7fa4\u4eba TGOP \u2502\u5316\u599d\u7684\u7d93\u5178\u8a9e\u9304 Classic Quotations for Makeup ft. @Judychou0608 \u3001 @janiceyanmusic"
        },
        {
            "id": "ZWd344qo8Nw",
            "title": "\u9019\u7fa4\u4eba TGOP \u2502\u60c5\u4fb6\u4e00\u8d77\u51fa\u570b\u6703\u8b8a\u6210\u600e\u6a23 When Couples Travel Abroad ft.Ayumi Hills"
        },
        {
            "id": "ChIVSchN0r4",
            "title": "\u9019\u7fa4\u4eba TGOP \u2502\u8eca\u798d\u7684\u7d93\u5178\u8a9e\u9304 Classic Quotations for Car Accidents feat. \u808c\u8089\u5c71\u5c71"
        },
        {
            "id": "ZOI_fsLlAC8",
            "title": "\u9019\u7fa4\u4eba TGOP \u2502\u9152\u5f8c\u5931\u614b\u7684\u7d93\u5178\u8a9e\u9304 Classic Quotations for Dumb Things You Do After Drinking ft.\u6234\u611b\u73b2\u3001\u4e01\u5679"
        },
        {
            "id": "K5Hbt29k9II",
            "title": "\u9019\u7fa4\u4eba TGOP \u2502\u61a4\u6012\u6771\u4eac\u904a Angry Trip to Tokyo"
        },
        {
            "id": "fvQxhR5_Klc",
            "title": "\u9019\u7fa4\u4eba TGOP \u2502\u7f8e\u9aee\u7684\u7d93\u5178\u8a9e\u9304 Classic Quotation in Hair Salon"
        },
        {
            "id": "aFGdZj35olc",
            "title": "\u9019\u7fa4\u4eba TGOP \u2502\u642d\u98db\u6a5f\u7684\u7d93\u5178\u8a9e\u9304 Classic Flying Quotations ft.\u6797\u54f2\u71b9\u3001\u8594\u8594Maze"
        },
        {
            "id": "B6NrRDQO86k",
            "title": "\u9019\u7fa4\u4eba TGOP \u2502\u8003\u8a66\u7684\u7d93\u5178\u8a9e\u9304 Classic Quotation for Taking Exams ft.\u9ec3\u6c0f\u5144\u5f1f\u3001\u9ed1\u9f8d"
        },
        {
            "id": "zkXxNuB7I-Q",
            "title": "\u9019\u7fa4\u4eba TGOP \u2502\u65c5\u904a\u7684\u7d93\u5178\u8a9e\u9304 Classic Quotation for Traveling Abroad - Japane ft.77ke \u67ef\u68e8\u68cb\u3001Fumiya\u3001Misuru"
        },
        {
            "id": "Hg4wLVRJL6k",
            "title": "\u9019\u7fa4\u4eba TGOP \u2502\u5d29\u6f70\u7684\u7d93\u5178\u8a9e\u9304 Classic Quotations for Breakdown ft.\u9cf3\u5c0f\u5cb3"
        },
        {
            "id": "vklxtQUYHVU",
            "title": "\u9019\u7fa4\u4eba TGOP \u2502\u751f\u65e5\u5feb\u6a02\u7684\u7d93\u5178\u8a9e\u9304 Classic Birthday Quotations ft. Karencici"
        },
        {
            "id": "v3okFheHGMI",
            "title": "\u9019\u7fa4\u4eba TGOP \u2502\u958b\u8eca\u7684\u7d93\u5178\u8a9e\u9304 Classic Quotations for Driving"
        },
        {
            "id": "3Om3WLnrsYo",
            "title": "\u9019\u7fa4\u4eba TGOP \u2502\u4ee5\u524d\u5bb6\u9577\u8ddf\u73fe\u4ee3\u5bb6\u9577\u7684\u5dee\u5225  ft.\u5927\u86c7\u4e38\u3001\u9ed1\u9f8d Parents Then Vs Now"
        },
        {
            "id": "WS8W44hCipQ",
            "title": "\u9019\u7fa4\u4eba TGOP \u2502\u8aaa\u8a71\u9b3c\u6253\u7246\u7684\u7d93\u5178\u8a9e\u9304  Classic Quotations for Redundant Expressions"
        },
        {
            "id": "Mdr9P3sUi7o",
            "title": "\u9019\u7fa4\u4eba TGOP \u2502\u4e0d\u8b58\u8ca8\u7684\u7d93\u5178\u8a9e\u9304 Classic Quotations When You Throw Pearls at Pigs"
        },
        {
            "id": "NZzpL2NG6H4",
            "title": "\u9019\u7fa4\u4eba TGOP \u2502\u6b61\u8fce\u4f86\u5230\u5b30\u5152\u7684\u4e16\u754c To Be a Baby Again"
        },
        {
            "id": "cBigiva6sTY",
            "title": "\u9019\u7fa4\u4eba TGOP \u2502\u570b\u5916\u6708\u4eae\u6bd4\u8f03\u5713\u7684\u7d93\u5178\u8a9e\u9304Classic Quotations for Friends with The \u201cGrass Is Greener\u201d Syndrome"
        },
        {
            "id": "MrohaWi2tzo",
            "title": "\u9019\u7fa4\u4eba TGOP \u2502\u9b27\u9130\u5c45\u7684\u7d93\u5178\u8a9e\u9304 Classic Quotations for Annoying Neighbors"
        },
        {
            "id": "HGweS93bqxg",
            "title": "\u9019\u7fa4\u4eba TGOP \u2502\u8077\u5834\u8001\u5be6\u8aaa2023 Let's Tell the Truth at Workplace 2023"
        },
        {
            "id": "it4vJjh_LOc",
            "title": "\u9019\u7fa4\u4eba TGOP \u2502\u958b\u5de5\u7684\u7d93\u5178\u8a9e\u9304 Classic Quotations When Operations Resume After the New Year"
        },
        {
            "id": "rOPtQEDqF5Y",
            "title": "\u9019\u7fa4\u4eba TGOP \u2502\u904e\u5e74\u5c0f\u8ced\u6021\u60c5\u7684\u7d93\u5178\u8a9e\u9304 ft.\u5510\u5f9e\u8056 Classic Quotations for Gambling During Lunar New Year"
        },
        {
            "id": "8xBQbWKwmVo",
            "title": "\u9019\u7fa4\u4eba TGOP \u2502\u5012\u5e362022\u6d41\u884c\u4e8b ft.\u963f\u7ff0\u3001\u6797\u8944\u3001\u597d\u68d2 Bump\u3001\u5df4\u5927\u96c4\u3001\u539f\u5b50\u5c11\u5e74(FEniX/VERA) TGOP Rewind 2022"
        },
        {
            "id": "mW-5IAupTyw",
            "title": "\u9019\u7fa4\u4eba TGOP \u2502\u5165\u6232\u592a\u6df1\u7684\u7d93\u5178\u8a9e\u9304 ft.\u856d\u714c\u5947\u3001HUSH  Classic Quotations When You Are Obsessed with TV Programs"
        },
        {
            "id": "R0xDymXcDpQ",
            "title": "\u9019\u7fa4\u4eba TGOP \u2502\u5be6\u529b\u55ae\u8eab\u7537\u7684\u7d93\u5178\u8a9e\u9304  ft.\u738b\u5b50 \u90b1\u52dd\u7fca Classic Quotations for Those Who Deserve to Be Single Forever"
        }
    ]
}