{
    "video_info": {
        "id": "6e_YrExMSgw",
        "channelTitle": "\u9ec3\u963f\u746a\u7684\u5f8c\u5bae\u751f\u6d3b",
        "title": "\u3010\u9ec3\u963f\u746a\u7684\u5f8c\u5bae\u751f\u6d3b\u30112023\u8c93\u54aa\u8df3\u9ad8\u6311\u6230\uff01\u5168\u54e1\u90fd\u8df3\uff01",
        "description": "\u963f\u746a\uff1a\u300c\u8b93\u4f60\u5011\u770b\u770b\u6715\u7684\u53b2\u5bb3\uff01\u300d\n\u00d7 \u983b\u9053\u66f4\u65b0\u70ba\u9031\u4e94\u665a\u9593\u516d\u9ede\uff0c\u4e0d\u5b9a\u6642\u767c\u4f48\u5176\u5b83\u5f71\u7247\uff01\u00d7\n\u8a02\u95b1\u6211\u5011\uff1ahttps://goo.gl/5L8xkV\n\u963f\u746a\u5b98\u7db2\uff1ahttps://www.fumeanstore.com\n\n\u8c93\u5b85\u958b\u7bb1\u3010\u6709\u8c93\u967d\u53f0\u7684\u4f4e\u9810\u7b97\u8a2d\u8a08\u3011\u4e00\u4eba\u3001\u4e8c\u96bb\u8c938\u576a\u6a5f\u80fd\u5c0f\u5b85\n\u25b6 https://youtu.be/gM1UXa43pDY\n\n-\n\n\u3010\u8fd1\u671f\u6d3b\u52d5\u3011\n\n\u3010\u8c93\u54aa\u8d85\u6709\u4e8b3\uff1a\u746a\u6c11\u8a8d\u8b49\u7c3d\u66f8\u6703\u3011\n* 7/23 14:00~17:00 \u53f0\u5357 \u653f\u5927\u66f8\u57ce (\u53f0\u5357\u5e02\u4e2d\u897f\u5340\u897f\u9580\u8def\u4e8c\u6bb5120\u865f)\n* 8/20 14:00~17:00 \u82b1\u84ee \u653f\u5927\u66f8\u57ce (\u82b1\u84ee\u7e23\u82b1\u84ee\u5e02\u4e2d\u5c71\u8def547-2\u865f)\n* 9/10 14:00~17:00 \u53f0\u5317 \u4e2d\u548c\u74b0\u7403\u8cfc\u7269\u4e2d\u5fc3 (\u65b0\u5317\u5e02\u4e2d\u548c\u5340\u4e2d\u5c71\u8def\u4e09\u6bb5122\u865f)\n* 11/19 14:00~17:00 \u9ad8\u96c4 \u6f22\u795e\u5de8\u86cb B1\u7279\u5c55\u5340 (\u9ad8\u96c4\u5e02\u5de6\u71df\u5340\u535a\u611b\u4e8c\u8def777\u865f)  \n* 12/03 14:00~17:00 \u53f0\u4e2d \u5ee3\u4e09SOGO 12\u6a13\u6d3b\u52d5\u5340 (\u53f0\u4e2d\u5e02\u897f\u5340\u53f0\u7063\u5927\u9053\u4e8c\u6bb5459\u865f)\n\u8a73\u7d30\u6d3b\u52d5\u8fa6\u6cd5\u8acb\u770b https://lihi3.cc/RMCIt/YT\n\n-\n\n\u7b2c\u4e09\u672c\u5716\u6587\u6f2b\u756b\u300a\u8c93\u54aa\u8d85\u6709\u4e8b3-\u8c93\u8c93\u7f8e\u98df\u6551\u63f4\u8a08\u756b\u300b\n\u5728\u746a\u746a\u5546\u884c\u8cfc\u8cb7\u5c31\u8d08\u9001\u300c\u5f8c\u5bae\u842c\u7528\u8b49\u4ef6\u5e36\u300d\uff08\u96a8\u6a5f1\u6b3e\uff09\n\n\u3010\u6436\u8cfc\u5c08\u5340\u3011   \n\u53f0\u7063(\u746a\u746a\u5546\u884c)\uff1ahttps://lihi1.com/vzhq3/catyt2\n\u203b\u5546\u884c\u7368\u5bb6\u8d08\u9001\u3010\u5f8c\u5bae\u842c\u7528\u8b49\u4ef6\u5e36\u3011\uff08\u51683\u6b3e\uff0c\u96a8\u6a5f\u8d08\u9001\u4e59\u6b3e\uff0c\u9001\u5b8c\u70ba\u6b62\uff09\n\u6e2f\u6fb3\u5730\u5340\uff1ahttps://reurl.cc/rZAq54\n\u99ac\u65b0\u5730\u5340\uff1ahttps://is.gd/Vs7aXI\n\n-\n\n\u30107-ELEVEN \u9ec3\u963f\u746a\u4e3b\u984c\u5e97\u3011\n\u4e3b\u984c\u5e97\u958b\u5e55\u5566\uff5e\n\u8cb7\u5496\u5561\u5c31\u53ef\u4ee5\u7372\u5f97\u672c\u5e97\u9650\u5b9a\u7684\u963f\u746aCITY CAFE\u676f\uff01\n\u5e97\u5167\u9084\u6709\u5f88\u591a\u6771\u897f\u53ef\u4ee5\u62cd\u7167\uff0c\u6b61\u8fce\u4f86\u901b\u901b\uff5e\n\u5730\u5740\uff1a7-ELEVEN\u6566\u4fe1\u9580\u5e02\uff08\u53f0\u5317\u5e02\u5927\u5b89\u5340\u4ec1\u611b\u8def\u56db\u6bb5122\u5df750\u865f1\u6a13\uff09\n\n-\n\n\u7b2c\u516b\u672c\u5e74\u5ea6\u8457\u4f5c\u300a\u6700\u73cd\u60dc\u7684\u6642\u5149\u300b\n\u53f0\u7063\uff08\u746a\u746a\u5546\u884c\uff09\uff1ahttps://lihi2.com/EIuQg/fumeancatYT\n\u6e2f\u6fb3\u5730\u5340\uff1ahttps://parg.co/UN4Q\n\u99ac\u65b0\u5730\u5340\uff1ahttps://parg.co/UN4s\n\n-\n\n\u3010\u963f\u746a Line\u8cbc\u5716\uff06\u4e3b\u984c\u3011\n\u300a\u6700\u65b0\u4e0a\u67b6\u300bhttps://reurl.cc/8jK0q4\n\u300a\u66f4\u591a\u8cbc\u5716\u300bhttps://reurl.cc/4RY6L2\n\n\u3010\u963f\u746a\u5b98\u7db2-\u746a\u746a\u5546\u884c\u3011\n\u25b6\u00a0https://www.fumeanstore.com/\n\u300a\u6700\u65b0\u5546\u54c1\u300b304\u4e0d\u93fd\u92fc\u9910\u5177\u3001\u7ae5\u88dd\u7d14\u68c9\u77edT\u3001\u5f8c\u5bae\u5922\u4e4b\u8239\u58d3\u514b\u529b\u9020\u578b\u7acb\u724c\n\n---\n\n\u3010\u5408\u4f5c\u9080\u7d04/IP\u806f\u540d\u6388\u6b0a\u3011\nfumeanaction@gmail.com \uff08\u6b61\u8fce\u4f86\u4fe1\u6d3d\u8ac7\uff09\n\n\u3014\u7248\u6b0a\u6240\u6709\uff0c\u975e\u7d93\u8a31\u53ef\u52ff\u8f49\u8f09\u81f3\u4efb\u4f55\u5e73\u53f0\u3015\n\u3014\u9818\u990a\u4e0d\u68c4\u990a\u3015",
        "likeCount": "10747",
        "commentCount": "779",
        "viewCount": "295957"
    },
    "comments": [
        {
            "reply_id": "UgxM1xHUOBW0cqejj5h4AaABAg",
            "reply_content": "\u67da\u5b50\u8df3\u7684\u59ff\u52e2\u662f\u8ddf\u5176\u4ed6\u8c93\u4e0d\u540c\u7684",
            "likeCount": 1
        },
        {
            "reply_id": "UgyG17IJ03Vclf3lrgZ4AaABAg",
            "reply_content": "\u963f\u5b24\u5bb6\u7684\u8c93\u53ef\u4ee5\u8df3\u5230\u5341\u57ce",
            "likeCount": 0
        },
        {
            "reply_id": "UgzUUGIN_9JYiQgl4MN4AaABAg",
            "reply_content": "\u6211\u5bb6\u4e5f\u662f\u516b\u5c64\u4f46\u662f\u662f\u76f4\u7684\u653e",
            "likeCount": 0
        },
        {
            "reply_id": "Ugydn1PUUfp7irO1lk54AaABAg",
            "reply_content": "\u6211\u5bb6\u7684\u8c93\u53ef\u4ee5\u7531\u5730\u677f\u8df3\u5230\u6ac3\u9802",
            "likeCount": 0
        },
        {
            "reply_id": "UgzDfJRTH0RzxzY4lPF4AaABAg",
            "reply_content": "\u6703\u4e0d\u6703\u8c93\u54aa\u4ee5\u70ba\u90a3\u662f\u570d\u7246\u4e4b\u985e\u53ef\u4ee5\u8e29\n\u6c92\u8fa6\u6cd5\u5206\u8fa8\u662f\u8df3\u904e\u53bb\u9084\u662f\u8df3\u4e0a\u53bb",
            "likeCount": 0
        },
        {
            "reply_id": "Ugzo0f1p_Vl6Iu8j9-F4AaABAg",
            "reply_content": "\u963f\u746a\u63a8\u5012\u885b\u751f\u7d19\u8b93\u6211\u60f3\u5230\u9032\u64ca\u7684\u5de8\u4eba",
            "likeCount": 0
        },
        {
            "reply_id": "UgzfaO_Y5lctI5CgEC54AaABAg",
            "reply_content": "\u5168\u90e8\u7684\u8c93\u5728\u8df3\u9ad8\u662f\u5728\u50cf\u5967\u904b\u6703\u55ce",
            "likeCount": 0
        },
        {
            "reply_id": "UgyjzWfAbIsNwHYvUjt4AaABAg",
            "reply_content": "\u67da\u5b50\u8df3\u7684\u59ff\u52e2\u597d\u53ef\u611b\u5594",
            "likeCount": 3
        },
        {
            "reply_id": "Ugwh3-1FI2xZoLGxsB94AaABAg",
            "reply_content": "\u62db\u5f1f\u597d\u50cf\u6709\u9ede\u6c92\u9019\u9ebc\u4e7e\u6de8\u904e\u95dc",
            "likeCount": 2
        },
        {
            "reply_id": "UgwJxVQM2LP2mHsgCmZ4AaABAg",
            "reply_content": "\u67da\u5b50\u5728\u8df3\u7684\u59ff\u52e2\u8d85\u53ef\u611b",
            "likeCount": 2
        },
        {
            "reply_id": "UgzS3AvX916bp514ged4AaABAg",
            "reply_content": "\u4e0b\u6b21\u806f\u540d\u5305\u88dd\u7528\u67da\u5b50\u8df3\u9ad8\u4f5c\u4e3b\u984c\uff0c\u7d00\u5ff5\u8df3\u9ad8\u51a0\u8ecd",
            "likeCount": 2
        },
        {
            "reply_id": "UgwTzraOycltqmUVGUp4AaABAg",
            "reply_content": "\u60f3\u7576\u521d\u4e5f\u662f\u56e0\u70ba\u8df3\u9ad8\u8a8d\u8b58\u963f\u746a\u7684\u983b\u9053 \u597d\u61f7\u5ff5",
            "likeCount": 2
        },
        {
            "reply_id": "UgxxzS-XTf0D43NBMVR4AaABAg",
            "reply_content": "\u760b\u6389\u653e\u6162\u901f\u5ea6\u7684\u67da\u5b50\u53ef\u611b\u5230\u7206\u70b8",
            "likeCount": 2
        },
        {
            "reply_id": "Ugw9pUzgXnxVJ5ppht14AaABAg",
            "reply_content": "\u963f\u746a\u771f\u7684\u592a\u53e3\u611b\u4e86\u5566\n\u5c24\u5176\u662f\u5728\u5403\u8c93\u689d\u7684\u6642\u5019",
            "likeCount": 1
        },
        {
            "reply_id": "UgxZNvEZrXHLREVQtpF4AaABAg",
            "reply_content": "\u6d63\u8178\u5176\u5be6\u6709\u6a5f\u6703\u7b2c\u4e5d\u5c64\u904e",
            "likeCount": 1
        },
        {
            "reply_id": "UgyDLrWCCMulwwSV1AV4AaABAg",
            "reply_content": "\u67da\u5b50\u7684\u8df3\u59ff\u6709\u5920\u53ef\u611b\u9017\u8da3\u7684\u5566",
            "likeCount": 1
        },
        {
            "reply_id": "UgxXY-S1bykzXdTnatt4AaABAg",
            "reply_content": "\u67da\u5b50\u5f48\u8d77\u4f86\u8b8a\u4e00\u9846\u7403\u7684\u6a23\u5b50\u6709\u5920\u53ef\u611b",
            "likeCount": 1
        },
        {
            "reply_id": "Ugy1SpdHR1zUakGoQHt4AaABAg",
            "reply_content": "\u9019\u6a23\u8c93\u5e7e\u4e4e\u90fd\u8b8a\u8070\u660e\u4e86",
            "likeCount": 1
        },
        {
            "reply_id": "UgwQDGnvWAFyEvZWnkt4AaABAg",
            "reply_content": "\u7260\u5011\u90fd\u5403\u592a\u597d\u5566\uff01\u770b\u90a3\u53c8\u80a5\u53c8\u5ae9\u7684\u809a\u5b50\u5c31\u77e5\u9053\u8df3\u8e8d\u80fd\u529b\u53d7\u5f71\u97ff\u3002\u4e00\u822c\u7684\u6d41\u6d6a\u8c93\u8df3\u4e00\u7c73\u61c9\u8a72\u90fd\u6c92\u554f\u984c",
            "likeCount": 0
        },
        {
            "reply_id": "UgyATNkTJUJFIZ5LaPF4AaABAg",
            "reply_content": "\u8df3\u9ad8\u6642\u8173\u7e2e\u8d77\u4f86\u7684\u6a23\u5b50\u597d\u53ef\u611b\u5594\uff01\u5c0f\u932f\u89ba\u50cf\u969c\u7919\u99ac",
            "likeCount": 5
        }
    ]
}