{
    "video_info": {
        "id": "9-jJb0UhYn4",
        "channelTitle": "\u9ec3\u963f\u746a\u7684\u5f8c\u5bae\u751f\u6d3b",
        "title": "\u96e2\u958b\u5e7e\u5929\uff0c\u624d\u77e5\u9053\u6211\u7684\u8c93\u6709\u591a\u9700\u8981\u6211",
        "description": "",
        "likeCount": "15598",
        "commentCount": "88",
        "viewCount": "360852"
    },
    "comments": [
        {
            "reply_id": "Ugz9VqwAkrC-078YNid4AaABAg",
            "reply_content": "\u9019\u9ebc\u660e\u986f\u4e00\u958b\u59cb\u6c92\u770b\u5230\u55ce\u54c8\u54c8",
            "likeCount": 29
        }
    ]
}