{
    "video_info": {
        "id": "ac56TQr0Hl8",
        "channelTitle": "\u9ec3\u963f\u746a\u7684\u5f8c\u5bae\u751f\u6d3b",
        "title": "\u5c0f\u82b1\u751f\u65e5\u76f4\u64ad\uff01\u56db\u5c0f\u864e\u56db\u6b72\u5566\uff01",
        "description": "",
        "likeCount": "1238",
        "commentCount": "76",
        "viewCount": "25938"
    },
    "comments": [
        {
            "reply_id": "UgwfQgvnlUQUEBIKDVp4AaABAg",
            "reply_content": "\u9752\u6625\u53ef\u4eba\u53c8\u6027\u611f\u7684\u5c0f\u91ce\u8c93",
            "likeCount": 1
        }
    ]
}