{
    "video_info": {
        "id": "cqKGLa41SIg",
        "channelTitle": "\u9ec3\u963f\u746a\u7684\u5f8c\u5bae\u751f\u6d3b",
        "title": "\u7761\u524d\u88ab\u9019\u6a23\u6492\u5b0c\uff5e\u5fc3\u81df\u8e66\u8e66\u8df3",
        "description": "",
        "likeCount": "10962",
        "commentCount": "111",
        "viewCount": "149893"
    },
    "comments": [
        {
            "reply_id": "Ugxb_sKUx-jt-ZjUsc94AaABAg",
            "reply_content": "\u4e09\u8173\u7684\u7761\u59ff\u4e5f\u592a\u53ef\u611b\u4e86\u5427",
            "likeCount": 49
        },
        {
            "reply_id": "UgxfzmJVrJct18ISkuh4AaABAg",
            "reply_content": "\u4e09\u8173\u5a18\u5a18\u7684\u9738\u9053\u5f0f\u6492\u5b0c",
            "likeCount": 5
        },
        {
            "reply_id": "Ugx-eGxw7pF2qhpw5ml4AaABAg",
            "reply_content": "\u6211\u6709\u79c1\u8a0a\u7c89\u5c08\u6709\u4eba\u76dc\u72f8\u8c93\u7684\u7167\u7247\u958b\u7c89\u5c08",
            "likeCount": 1
        },
        {
            "reply_id": "UgxEz8gsXE79ydKB8N54AaABAg",
            "reply_content": "\u8c93\u8ddf\u4eba\u4e00\u6a23\u8981\u5b89\u5168\u611f\u3002\u4f60\u5728\u5bb6\u5b83\u624d\u6703\u5b89\u5fc3\u7761\u89ba",
            "likeCount": 0
        },
        {
            "reply_id": "Ugx7Az5j-mYAzGz7Xkh4AaABAg",
            "reply_content": "\u624b\u4e0a\u50b7\u53e3\u662f\u88ab\u8c93\u6293\u5230\u55ce",
            "likeCount": 0
        }
    ]
}