{
    "video_info": {
        "id": "eDYXTyXBo44",
        "channelTitle": "\u9ec3\u963f\u746a\u7684\u5f8c\u5bae\u751f\u6d3b",
        "title": "\u4f60\u770b\u8c93\u7684\u89d2\u5ea6VS\u8c93\u770b\u4f60\u7684\u89d2\u5ea6",
        "description": "",
        "likeCount": "13945",
        "commentCount": "267",
        "viewCount": "357948"
    },
    "comments": [
        {
            "reply_id": "UgxIANFyZ9nOzGs4XNt4AaABAg",
            "reply_content": "\u5de8\u4eba\u624d\u525b\u5b8c\u7d50\u9019\u9ebc\u53c8\u51fa\u4f86\u4e86",
            "likeCount": 0
        },
        {
            "reply_id": "Ugwhv0tnSP40OtBVEf94AaABAg",
            "reply_content": "\u7b2c\u4e8c\u500b\u89d2\u5ea6\u600e\u9ebc\u90a3\u9ebc\u7325\u893b",
            "likeCount": 0
        },
        {
            "reply_id": "UgzLBoamqk0PAPkUSUh4AaABAg",
            "reply_content": "\u5f8c\u5bae\u7684\u8c93\u90fd\u5f88\u53ef\u611b\u9664\u4e86\u72f8\u8c93",
            "likeCount": 204
        },
        {
            "reply_id": "Ugz-eY-z-wg4tNnzryV4AaABAg",
            "reply_content": "\u5c0d\u4e0d\u8d77\u6211\u9ad2\u8a71\u4e0b\u610f\u8b58\u51fa\u4f86\u4e86",
            "likeCount": 1
        }
    ]
}