{
    "video_info": {
        "id": "fIjlQI8hlD4",
        "channelTitle": "\u9ec3\u963f\u746a\u7684\u5f8c\u5bae\u751f\u6d3b",
        "title": "\u628a\u62db\u5f1f\u653e\u5230\u5ba2\u5ef3\uff0c\u51cc\u6668\u4e94\u9ede\u5f8c\u5bae\u5728\u5e79\u561b\uff1f",
        "description": "\u8a02\u95b1\uff1ahttps://goo.gl/5L8xkV\nIG\uff1afumeancat\nhttps://www.fumeanstore.com\nfumeanaction@gmail.com",
        "likeCount": "5334",
        "commentCount": "170",
        "viewCount": "173369"
    },
    "comments": [
        {
            "reply_id": "Ugxy6n_ezYnxXyQGSCV4AaABAg",
            "reply_content": "\u611f\u89ba\u5695\u5695\u597d\u50cf\u963f\u5317\u5728\u65c5\u904a\u770b\u98a8\u666f",
            "likeCount": 1
        },
        {
            "reply_id": "Ugwcbh38QwTPxEvXZbF4AaABAg",
            "reply_content": "\u67da\u5b50\u6211\u53ef\u4ee5\u770b\u4e00\u6574\u5929\u90fd\u4e0d\u81a9",
            "likeCount": 1
        },
        {
            "reply_id": "UgyizgJGhjVCN-i6zrx4AaABAg",
            "reply_content": "\u9019\u500b\u914d\u6a02\u4e0d\u77e5\u9053\u70ba\u4ec0\u9ebc\u6709\u7a2e\u6953\u4e4b\u8c37\u7684\u611f\u89ba\n\u5927\u6982\u662f\u5f13\u7bad\u624b\u6751\u6216\u662f\u81ea\u7531\u8ce3\u5834\u90a3\u908a",
            "likeCount": 0
        },
        {
            "reply_id": "UgwegQ4iZ1ERQZQtboR4AaABAg",
            "reply_content": "\u597d\u559c\u6b61\u9019\u7a2e\u65e5\u5e38\u5f71\u7247\uff0c\u5c0d\u559c\u6b61\u8c93\u7684\u4eba\u4f86\u8aaa\u771f\u7684\u597d\u7642\u7652",
            "likeCount": 0
        },
        {
            "reply_id": "Ugx3_D57Dc1PKXwnlAx4AaABAg",
            "reply_content": "\u6216\u8a31\u4e5f\u53ef\u4ee5\u67b6\u651d\u5f71\u6a5f\uff0c\u5077\u5077\u89c0\u5bdf\u6c92\u6709\u4eba\u6642\u8c93\u8c93\u90fd\u5728\u5e79\u561b",
            "likeCount": 0
        },
        {
            "reply_id": "Ugwjr-Xs5v5NZXHClc14AaABAg",
            "reply_content": "\u5c01\u9762\u5716\u7684\u62db\u5f1f\u770b\u8d77\u4f86\u817f\u77ed\u77ed\u81c9\u5713\u5713\u7684\u597d\u53ef\u611b\u554a\uff01",
            "likeCount": 7
        }
    ]
}