{
    "video_info": {
        "id": "i5d5WWIUfDE",
        "channelTitle": "\u9ec3\u963f\u746a\u7684\u5f8c\u5bae\u751f\u6d3b",
        "title": "\u6d63\u8178\u5728\u5ba2\u5ef3\u597d\u50cf\u60f3\u505a\u58de\u4e8b\u22ef\u22ef",
        "description": "\u8a02\u95b1\uff1ahttps://goo.gl/5L8xkV\nIG\uff1afumeancat\nhttps://www.fumeanstore.com\nfumeanaction@gmail.com",
        "likeCount": "2832",
        "commentCount": "100",
        "viewCount": "60581"
    },
    "comments": [
        {
            "reply_id": "Ugz0wLHudm3HaWVgTR14AaABAg",
            "reply_content": "\u5e73\u548c\u7684\u5f8c\u5bae\u5f88\u6709\u771f\u5be6\u611f,\u8178\u8178\u5230\u8655\u627e\u8c93\u4e32\u9580\u5b50\u597d\u53ef\u611b",
            "likeCount": 3
        },
        {
            "reply_id": "UgwNDjQywr6yFvg-rGl4AaABAg",
            "reply_content": "\u559c\u6b61\u6700\u8fd1\u9019\u7a2e\u81ea\u7136\u4e0d\u523b\u610f\u7684\u8c93\u54aa\u65e5\u5e38\u751f\u6d3b\u77ed\u5f71\u7247\uff0c\u5f88\u7642\u7652",
            "likeCount": 3
        },
        {
            "reply_id": "UgzOzGwu0ziry9_QHs54AaABAg",
            "reply_content": "\u597d\u559c\u6b61\u9019\u7a2e\u985e\u578b\u7684\u5f71\u7247",
            "likeCount": 0
        }
    ]
}