{
    "video_info": {
        "id": "JtYEWpPMbJo",
        "channelTitle": "\u9ec3\u963f\u746a\u7684\u5f8c\u5bae\u751f\u6d3b",
        "title": "\u8c93\u54aa\u7528\u982d\u76ae\u6309\u6469\u5668\u7684\u53cd\u61c9",
        "description": "",
        "likeCount": "8724",
        "commentCount": "66",
        "viewCount": "229644"
    },
    "comments": [
        {
            "reply_id": "UgxS6-Qxi5h9Q4x2ril4AaABAg",
            "reply_content": "\u9019\u500b\u6309\u6469\u5668\u597d\u50cf\u6c34\u87f2\u718a",
            "likeCount": 10
        },
        {
            "reply_id": "UgyX7fhl-uO_JizTZhd4AaABAg",
            "reply_content": "\u90a3\u5982\u679c\u7528\u4f86\u6309\u6469\u5c41\u5c41\u5462",
            "likeCount": 0
        },
        {
            "reply_id": "UgzcWVyqXp3KI66nwNl4AaABAg",
            "reply_content": "\u9019\u7a2e\u6545\u4e8b\u7576\u5c0f\u8aaa\u770b\u597d\u770b\uff0c\u73fe\u5be6\u767c\u751f\u5c31\u5f88\u6050\u6016\u4e86",
            "likeCount": 0
        },
        {
            "reply_id": "UgzRzCY_cBIHBSOkF5d4AaABAg",
            "reply_content": "\u6309\u6469\u662f\u8212\u670d\u4e0d\u662f\u4e0d\u597d\u90a3\u4e00\u96bb\u8c93\u4e0d\u61c2\u4eab\u53d7\u8457",
            "likeCount": 0
        }
    ]
}