{
    "video_info": {
        "id": "PilcaQqK_pM",
        "channelTitle": "\u9ec3\u963f\u746a\u7684\u5f8c\u5bae\u751f\u6d3b",
        "title": "\u8c93\u770b\u5230\u5c0f\u7d19\u7bb1\u7684\u53cd\u61c9\uff1f",
        "description": "",
        "likeCount": "11771",
        "commentCount": "100",
        "viewCount": "328680"
    },
    "comments": [
        {
            "reply_id": "UgwYkFQEFlPRoU74_Zd4AaABAg",
            "reply_content": "\u554a\u746a\u9019\u4e00\u7fa4\u6bdb\u5b69\u5b50\u88ab\u4f60\u5011\u6536\u990a\u771f\u7684\u662f\u592a\u5e78\u8914\u4e86\uff0c\u8b1d\u8b1d\u5fd7\u7700\u548c\u72f8\u8c93",
            "likeCount": 198
        },
        {
            "reply_id": "UgxhZLNPVHqxqGM_kyd4AaABAg",
            "reply_content": "\u746a\u54e5\u8868\u793a\u6715\u4e0d\u6703\u518d\u4e0a\u7576\u4e86",
            "likeCount": 88
        },
        {
            "reply_id": "UgwtSxMFSmapN0ltPvN4AaABAg",
            "reply_content": "\u6709\u4eb2\u621a\u5bb6\u7684\u732b\u4e5f\u662f\u8ddf\u963f\u739b\u5dee\u4e0d\u591a\u4f53\u578b\ud83d\ude02\u4e0d\u8fc7\u5b83\u7279\u522b\u559c\u6b22\u8fdb\u7bb1\u5b50\u91cc",
            "likeCount": 1
        },
        {
            "reply_id": "Ugz30pWMYbQ0EJAxr5x4AaABAg",
            "reply_content": "\u6478\u8c93\u7684\u90e8\u4f4d\u4f3c\u4e4e\u662f\u80ef\u4e0b",
            "likeCount": 1
        },
        {
            "reply_id": "UgxTy_sw64UFO7RW7Ul4AaABAg",
            "reply_content": "\u746a\u746a\u7684\u7a7a\u9593\u6982\u5ff5\u5176\u5be6\u5f88\u5f37\n\u6d63\u8178\u771f\u7684\u61a8\u5e25\u61a8\u5e25",
            "likeCount": 0
        }
    ]
}