{
    "video_info": {
        "id": "pTf8S9nOYEY",
        "channelTitle": "\u9ec3\u963f\u746a\u7684\u5f8c\u5bae\u751f\u6d3b",
        "title": "\u4f60\u807d\u904e\u8c93\u54aa\u6253\u547c\u55ce\uff1f",
        "description": "",
        "likeCount": "9809",
        "commentCount": "155",
        "viewCount": "111470"
    },
    "comments": [
        {
            "reply_id": "UgzgSVycf84habTSZZV4AaABAg",
            "reply_content": "\u6211\u6709\u807d\u904e\u7d05\u8cb4\u8cd3\u7684\u8001\u72d7\u6253\u547c\u9084\u6703\u628a\u81ea\u5df1\u7d66\u5687\u9192",
            "likeCount": 2
        },
        {
            "reply_id": "UgxnmZUkZxMCIRuD8eR4AaABAg",
            "reply_content": "\u6211\u5929\u5929\u90fd\u807d\u5230\u6211\u5bb6\u8cb4\u5983\u6253\u547c",
            "likeCount": 1
        },
        {
            "reply_id": "Ugw-bxKPIyMqy58qCmR4AaABAg",
            "reply_content": "\u6211\u5bb6\u9ed1\u8c93\u7c73\u6b50\u4e5f\u6703\u6253\u547c\u6211\u600e\u6c92\u611f\u89ba",
            "likeCount": 1
        },
        {
            "reply_id": "Ugz8AxJCDXqJZg9epg14AaABAg",
            "reply_content": "\u542c\u5230\u6211\u7684\u4f1a\u5931\u7720\u4e00\u6574\u591c",
            "likeCount": 0
        },
        {
            "reply_id": "Ugz5TY6SFi60h9GlyV54AaABAg",
            "reply_content": "\u8fd9\u547c\u565c\u58f0\u7adf\u7136\u6bd4\u8001\u516c\u7684\u8fd8\u597d\u542c",
            "likeCount": 0
        },
        {
            "reply_id": "UgzZq86I8rmRyCsNS1t4AaABAg",
            "reply_content": "\u9019\u8072\u97f3\u6211\u4ee5\u70ba\u662f\u6211\u5abd\u5728\u6253\u547c",
            "likeCount": 0
        },
        {
            "reply_id": "UgwvaForWeNSauzMzE94AaABAg",
            "reply_content": "\u6211\u6700\u8fd1\u771f\u7684\u5f88\u9700\u8981\u5e78\u904b",
            "likeCount": 2
        },
        {
            "reply_id": "Ugy07mXajekZ95N58714AaABAg",
            "reply_content": "\u6211\u5bb6\u7684\u72d7\u72d7\u4e2d\u5e74\u4ee5\u5f8c\u90fd\u6703\u6253\u547c",
            "likeCount": 2
        },
        {
            "reply_id": "UgxGuD5ltR_-fV3wMsd4AaABAg",
            "reply_content": "\u6253\u547c\u6700\u5927\u8072\u61c9\u8a72\u662f\u4e09\u8173",
            "likeCount": 1
        }
    ]
}