{
    "video_info": {
        "id": "uC-QQnSdOHI",
        "channelTitle": "\u9ec3\u963f\u746a\u7684\u5f8c\u5bae\u751f\u6d3b",
        "title": "\u7576\u5974\u624d\u6700\u5e78\u798f\u7684\u6642\u523b",
        "description": "",
        "likeCount": "4628",
        "commentCount": "44",
        "viewCount": "58702"
    },
    "comments": [
        {
            "reply_id": "Ugw1-0XjHQdgim0OCGh4AaABAg",
            "reply_content": "\u4f60\u7684\u68c9\u88ab\u597d\u6709\u8056\u8a95\u7bc0\u6c23\u6c1b",
            "likeCount": 2
        }
    ]
}