{
    "video_info": {
        "id": "upAGNQa7vVY",
        "channelTitle": "\u9ec3\u963f\u746a\u7684\u5f8c\u5bae\u751f\u6d3b",
        "title": "\u8c93\u54aa\u4e00\u79d2\u8b8a\u81c9",
        "description": "",
        "likeCount": "2269",
        "commentCount": "49",
        "viewCount": "29777"
    },
    "comments": [
        {
            "reply_id": "Ugwsh7Rf4XvPpGr0T3R4AaABAg",
            "reply_content": "\u7576\u67da\u5b50\u4e82\u5c3f\u5c3f\u5b8c\u5c31\u662f\u9019\u5f35\u81c9\u5427",
            "likeCount": 20
        },
        {
            "reply_id": "UgySDFsSmaYhVByH3KZ4AaABAg",
            "reply_content": "\u6574\u500b\u5f8c\u5bae\u7684\u611f\u89ba\u5b8c\u5168\u8b8a\u4e86",
            "likeCount": 0
        }
    ]
}