{
    "video_info": {
        "id": "wLDY02dm_NQ",
        "channelTitle": "\u9ec3\u963f\u746a\u7684\u5f8c\u5bae\u751f\u6d3b",
        "title": "\u3010\u9ec3\u963f\u746a\u7684\u5f8c\u5bae\u751f\u6d3b\u3011\u67da\u5b50\u7838\u651d\u5f71\u6a5f\uff01\u5f8c\u5bae\u707d\u96e3\u5be6\u9304\uff01",
        "description": "\u96c6\u7d50\u4e86\u5f8c\u5bae\u5404\u7a2e\u6158\u70c8\u4e8b\u4ef6\n\u00d7 \u983b\u9053\u66f4\u65b0\u70ba\u9031\u4e94\u665a\u9593\u516d\u9ede\uff0c\u4e0d\u5b9a\u6642\u767c\u4f48\u5176\u5b83\u5f71\u7247\uff01\u00d7\n\u8a02\u95b1\u6211\u5011\uff1ahttps://goo.gl/5L8xkV\n\u963f\u746a\u5b98\u7db2\uff1ahttps://www.fumeanstore.com\n\n\u3010\u79df\u5c4b\u8a50\u9a1910\u842c\u6c92\u4e86\uff01\u591a\u4eba\u88ab\u9a19400\u842c\u3011\u5fd7\u9298\u8207\u72f8\u8c93\n\u25b6 https://youtu.be/J0QyMihK-sQ\n\n-\n\n\u3010\u8fd1\u671f\u6d3b\u52d5\u3011\n\n\u3010\u8c93\u54aa\u8d85\u6709\u4e8b3\uff1a\u746a\u6c11\u8a8d\u8b49\u7c3d\u66f8\u6703\u3011\n* 7/23 14:00~17:00 \u53f0\u5357 \u653f\u5927\u66f8\u57ce (\u53f0\u5357\u5e02\u4e2d\u897f\u5340\u897f\u9580\u8def\u4e8c\u6bb5120\u865f)\n* 8/20 14:00~17:00 \u82b1\u84ee \u653f\u5927\u66f8\u57ce (\u82b1\u84ee\u7e23\u82b1\u84ee\u5e02\u4e2d\u5c71\u8def547-2\u865f)\n* 9/10 14:00~17:00 \u53f0\u5317 \u4e2d\u548c\u74b0\u7403\u8cfc\u7269\u4e2d\u5fc3 (\u65b0\u5317\u5e02\u4e2d\u548c\u5340\u4e2d\u5c71\u8def\u4e09\u6bb5122\u865f)\n* 11/19 14:00~17:00 \u9ad8\u96c4 \u6f22\u795e\u5de8\u86cb B1\u7279\u5c55\u5340 (\u9ad8\u96c4\u5e02\u5de6\u71df\u5340\u535a\u611b\u4e8c\u8def777\u865f)  \n* 12/03 14:00~17:00 \u53f0\u4e2d \u5ee3\u4e09SOGO 12\u6a13\u6d3b\u52d5\u5340 (\u53f0\u4e2d\u5e02\u897f\u5340\u53f0\u7063\u5927\u9053\u4e8c\u6bb5459\u865f)\n\u8a73\u7d30\u6d3b\u52d5\u8fa6\u6cd5\u8acb\u770b https://lihi3.cc/RMCIt/YT\n\n-\n\n\u7b2c\u4e09\u672c\u5716\u6587\u6f2b\u756b\u300a\u8c93\u54aa\u8d85\u6709\u4e8b3-\u8c93\u8c93\u7f8e\u98df\u6551\u63f4\u8a08\u756b\u300b\n\u5728\u746a\u746a\u5546\u884c\u8cfc\u8cb7\u5c31\u8d08\u9001\u300c\u5f8c\u5bae\u842c\u7528\u8b49\u4ef6\u5e36\u300d\uff08\u96a8\u6a5f1\u6b3e\uff09\n\n\u3010\u6436\u8cfc\u5c08\u5340\u3011   \n\u53f0\u7063(\u746a\u746a\u5546\u884c)\uff1ahttps://lihi1.com/vzhq3/catyt2\n\u203b\u5546\u884c\u7368\u5bb6\u8d08\u9001\u3010\u5f8c\u5bae\u842c\u7528\u8b49\u4ef6\u5e36\u3011\uff08\u51683\u6b3e\uff0c\u96a8\u6a5f\u8d08\u9001\u4e59\u6b3e\uff0c\u9001\u5b8c\u70ba\u6b62\uff09\n\u6e2f\u6fb3\u5730\u5340\uff1ahttps://reurl.cc/rZAq54\n\u99ac\u65b0\u5730\u5340\uff1ahttps://is.gd/Vs7aXI\n\n-\n\n\u30107-ELEVEN \u9ec3\u963f\u746a\u4e3b\u984c\u5e97\u3011\n\u4e3b\u984c\u5e97\u958b\u5e55\u5566\uff5e\n\u8cb7\u5496\u5561\u5c31\u53ef\u4ee5\u7372\u5f97\u672c\u5e97\u9650\u5b9a\u7684\u963f\u746aCITY CAFE\u676f\uff01\n\u5e97\u5167\u9084\u6709\u5f88\u591a\u6771\u897f\u53ef\u4ee5\u62cd\u7167\uff0c\u6b61\u8fce\u4f86\u901b\u901b\uff5e\n\u5730\u5740\uff1a7-ELEVEN\u6566\u4fe1\u9580\u5e02\uff08\u53f0\u5317\u5e02\u5927\u5b89\u5340\u4ec1\u611b\u8def\u56db\u6bb5122\u5df750\u865f1\u6a13\uff09\n\n-\n\n\u7b2c\u516b\u672c\u5e74\u5ea6\u8457\u4f5c\u300a\u6700\u73cd\u60dc\u7684\u6642\u5149\u300b\n\u53f0\u7063\uff08\u746a\u746a\u5546\u884c\uff09\uff1ahttps://lihi2.com/EIuQg/fumeancatYT\n\u6e2f\u6fb3\u5730\u5340\uff1ahttps://parg.co/UN4Q\n\u99ac\u65b0\u5730\u5340\uff1ahttps://parg.co/UN4s\n\n-\n\n\u3010\u963f\u746a Line\u8cbc\u5716\uff06\u4e3b\u984c\u3011\n\u300a\u6700\u65b0\u4e0a\u67b6\u300bhttps://reurl.cc/8jK0q4\n\u300a\u66f4\u591a\u8cbc\u5716\u300bhttps://reurl.cc/4RY6L2\n\n\u3010\u963f\u746a\u5b98\u7db2-\u746a\u746a\u5546\u884c\u3011\n\u25b6\u00a0https://www.fumeanstore.com/\n\u300a\u6700\u65b0\u5546\u54c1\u300b304\u4e0d\u93fd\u92fc\u9910\u5177\u3001\u7ae5\u88dd\u7d14\u68c9\u77edT\u3001\u5f8c\u5bae\u5922\u4e4b\u8239\u58d3\u514b\u529b\u9020\u578b\u7acb\u724c\n\n---\n\n\u3010\u5408\u4f5c\u9080\u7d04/IP\u806f\u540d\u6388\u6b0a\u3011\nfumeanaction@gmail.com \uff08\u6b61\u8fce\u4f86\u4fe1\u6d3d\u8ac7\uff09\n\n\u3014\u7248\u6b0a\u6240\u6709\uff0c\u975e\u7d93\u8a31\u53ef\u52ff\u8f49\u8f09\u81f3\u4efb\u4f55\u5e73\u53f0\u3015\n\u3014\u9818\u990a\u4e0d\u68c4\u990a\u3015",
        "likeCount": "5215",
        "commentCount": "363",
        "viewCount": "133990"
    },
    "comments": [
        {
            "reply_id": "UgycZH-K82_sz6l_Tnp4AaABAg",
            "reply_content": "\u70ba\u81ea\u5df1\u589e\u52a0\u8eab\u50f9\u7684\u67da\u5b50",
            "likeCount": 3
        },
        {
            "reply_id": "UgwC-aJ-OMwh6ofP1zF4AaABAg",
            "reply_content": "\u53ef\u4ee5\u518d\u8acb\u6797\u5b50\u8ed2\u91ab\u751f\u5e6b\u5695\u5695\u770b\u770b\u4e86\ud83e\udd72\u4ed6\u771f\u7684\u5c3f\u597d\u591a",
            "likeCount": 2
        },
        {
            "reply_id": "UgzyNwps7T__D8-Enqx4AaABAg",
            "reply_content": "\u9019\u61c9\u8a72\u662f\u7e7c\u7b2c\u4e00\u9593\u820a\u5bb6\u5f8c\u6158\u70c8\u7684\u4e00\u6b21\uff0c\u53cd\u800c\u7b2c\u4e8c\u9593\u5bb6\u597d\u50cf\u53cd\u800c\u6c92\u90a3\u9ebc\u6703\u5c3f\u54c8\u54c8",
            "likeCount": 1
        },
        {
            "reply_id": "UgzLfBOZoWrKX2QMHd94AaABAg",
            "reply_content": "\u8c93\u54aa\u5011\u7e3d\u80fd\u4e0d\u65b7\u63d0\u9ad8\u8eab\u50f9",
            "likeCount": 0
        },
        {
            "reply_id": "UgwdaxLbkLKxjWosF_R4AaABAg",
            "reply_content": "\u9019\u96c6\u6839\u672c\u5c31\u662f\u7acb\u99ac\u6253\u6389\u6211\u60f3\u990a\u8c93\u7684\u60f3\u6cd5",
            "likeCount": 0
        },
        {
            "reply_id": "Ugwdm9yykKkdB1I_uUl4AaABAg",
            "reply_content": "\u4e82\u5c3f\u5c3f\u9019\u500b\u554f\u984c\u771f\u662f\u5f88\u7121\u5948\u4e2b",
            "likeCount": 0
        },
        {
            "reply_id": "Ugxrgr1WwuoyjJ8m2E14AaABAg",
            "reply_content": "\u770b\u7740\u4e5f\u66ff\u5974\u624d\u611f\u5230\u8f9b\u82e6\ud83d\ude02\u8981\u4e0d\u8981\u7a0d\u7a0d\u60e9\u7f5a\u4e00\u4e0b\u8fd9\u4e9b\u53ef\u6076\u7684\u55b5\u55b5\u5440",
            "likeCount": 0
        },
        {
            "reply_id": "UgzLIP1VsdqksvqfrTN4AaABAg",
            "reply_content": "\u9019\u53ef\u4ee5\u62ff\u4f86\u7576\u4f5c\u52f8\u9000\u5be6\u9304\u4e86",
            "likeCount": 0
        },
        {
            "reply_id": "UgwkSAgItokZyW6cmvd4AaABAg",
            "reply_content": "\u72f8\u8c93\u7684\u813e\u6c23\u8d85\u597d\ud83d\ude02\u6211\u5bb6\u5b69\u5b50\u5982\u679c\u6562\u4e82\u5c3f\u5c3f\u6211\u4e00\u5b9a\u6703\u7206\u70b8\u7d66\u4ed6\u770b",
            "likeCount": 13
        },
        {
            "reply_id": "Ugx1iLCit9Y3_I4mX8Z4AaABAg",
            "reply_content": "\u6211\u500b\u4eba\u89ba\u5f97\u4f60\u5011\u7a7a\u9593\u6771\u897f\u592a\u591a\u4e86\u5566\u8981\u4e1f\u4e00\u9ede\u5566",
            "likeCount": 3
        },
        {
            "reply_id": "UgxoPhZKzFOcTKhARnV4AaABAg",
            "reply_content": "\u67da\u5b50\u4e00\u9762\u5c31\u662f\u95dc\u6211\u5c41\u4e8b\u660e\u660e\u662f\u4f60\u628a\u6771\u897f\u4e82\u653e\ud83d\ude02",
            "likeCount": 3
        },
        {
            "reply_id": "UgxgRNsL1eG4cFX4K6F4AaABAg",
            "reply_content": "\u4f60\u4eec\u7684\u76f8\u673a\u597d\u53ef\u601c\uff0c\u72f8\u732b\u597d\u53ef\u601c\u4eca\u5929\u4e00\u6574\u96c6\u5c31\u662f\u5728\u6d17\u4e1c\u897f",
            "likeCount": 2
        },
        {
            "reply_id": "UgxTj9cpzYcVREwzJbJ4AaABAg",
            "reply_content": "\u770b\u5230\u72f8\u8c93\u558a\u5929\u5436\u6211\u7684\u5929\u5436\uff0c\u4f46\u53c8\u9084\u6301\u7e8c\u9304\u5f71\u7684\u72c0\u6cc1\u7b11\u51fa\u4f86",
            "likeCount": 1
        },
        {
            "reply_id": "UgyNVDOjyY60Ug1mTbx4AaABAg",
            "reply_content": "\u662f\u5426\u61c9\u8a72\u628a\u5df2\u5c3f\u7d19\u7bb1\u5206\u62c6\u7136\u5f8c\u7528\u81a0\u888b\u5305\u88dd\u597d\u624d\u68c4\u6389\u6703\u6bd4\u8f03\u597d\uff1f\u628a\u5df2\u5c3f\u7d19\u7bb1\u653e\u5230\u5c4b\u5916\u8d70\u5eca\u9130\u5c45\u6703\u5426\u6295\u8a34\uff1f",
            "likeCount": 1
        },
        {
            "reply_id": "UgyoCQGv3JTGnWqF53F4AaABAg",
            "reply_content": "\u770b\u5230\u4e00\u6574\u665a\u5728\u6d17\u6771\u897f\u7684\u72f8\u8c93\u771f\u7684\u6c92\u5fcd\u4f4f\u7b11\u4e86\ud83d\ude02",
            "likeCount": 0
        },
        {
            "reply_id": "UgyoO03UcuHBgypxTFB4AaABAg",
            "reply_content": "\u9019\u96c6\u662f\u5c4e\u5c3f\u8868\u6f14\u79c0\u662f\u5427",
            "likeCount": 0
        }
    ]
}