{
    "video_info": {
        "id": "wqlgtaUTve0",
        "channelTitle": "\u9ec3\u963f\u746a\u7684\u5f8c\u5bae\u751f\u6d3b",
        "title": "\u770b\u5230\u8089\u7403\u4e00\u5b9a\u8981\u505a\u7684\u4e8b",
        "description": "",
        "likeCount": "14693",
        "commentCount": "144",
        "viewCount": "274386"
    },
    "comments": [
        {
            "reply_id": "Ugx6_7hscGis1zdg8TR4AaABAg",
            "reply_content": "\u807d\u8aaa\u5438\u8c93\u8089\u7403\u6703\u55c5\u5230\u7206\u8c37\u5473",
            "likeCount": 0
        },
        {
            "reply_id": "UgwAAu4CCGFbySGf2e14AaABAg",
            "reply_content": "\u4f86\u79d1\u666e\u500b\u5c0f\u77e5\u8b58\u8c93\u54aa\u5176\u5be6\u6c92\u6709\u5f88\u559c\u6b61\u8089\u7403\u88ab\u6478",
            "likeCount": 0
        },
        {
            "reply_id": "UgwEtDjiTUdsO2I426x4AaABAg",
            "reply_content": "\u6211\u9084\u60f3\u8aaa\u963f\u746a\u600e\u9ebc\u6c92\u53cd\u6297\u539f\u4f86\u7247\u5c3e\u6709\u5927\u53eb\u54c8\u54c8\u54c8\u54c8",
            "likeCount": 466
        }
    ]
}