{
    "video_info": {
        "id": "ZrQ6qIxOCOk",
        "channelTitle": "\u9ec3\u963f\u746a\u7684\u5f8c\u5bae\u751f\u6d3b",
        "title": "\u7a81\u7136\u89aa\u8c93\u54aa\uff0c\u4ed6\u5011\u6703\u600e\u6a23\uff1f\u300a\u67da\u5b50\u6d63\u8178\u7bc7\u300b",
        "description": "",
        "likeCount": "7497",
        "commentCount": "104",
        "viewCount": "169149"
    },
    "comments": [
        {
            "reply_id": "UgyK0q9g4q7GXvuZjvN4AaABAg",
            "reply_content": "\u72f8\u8c93\u7684\u611b\u6155\u8005\u6703\u5f88\u7fa8\u6155\u6d63\u8178\u5462",
            "likeCount": 7
        },
        {
            "reply_id": "UgxjgbrlJ61vbtS0-dl4AaABAg",
            "reply_content": "\u72f8\u8c93\u6c92\u88ab\u6253\u4e5f\u662f\u5947\u8e5f\u4e86",
            "likeCount": 2
        },
        {
            "reply_id": "UgyKET3yhAJHoRgHDOd4AaABAg",
            "reply_content": "\u517b\u732b\u4eba\u624d\u6709\u7684\u7279\u6b8a\u7656\u597d\u54c8\u54c8\u54c8",
            "likeCount": 0
        },
        {
            "reply_id": "UgxaCcZ5h3AWphl4hQl4AaABAg",
            "reply_content": "\u6d63\u8178\u90a3\u500b\u89d2\u5ea6\u7684\u8033\u6735\u770b\u8d77\u4f86\u597d\u50cf\u5154\u5b50",
            "likeCount": 16
        }
    ]
}