{
    "video_info": {
        "id": "4ce8u66hu84",
        "channelTitle": "\u9ec3\u6c0f\u5144\u5f1f",
        "title": "\u6211\u5011\u990a\u5bf5\u7269\u4e86\uff01\u3010\u9ec3\u6c0f\u5144\u5f1f\u3011",
        "description": "\ud83d\udd2512/2\u744b\u744b\u500b\u4eba\u97f3\u6a02\u5c08\u5834\ud83d\udc49https://reurl.cc/8N7jZ4\n..\n\u744b\uff1a\u7d42\u65bc\u53ef\u4ee5\u516c\u4f48\u6211\u7684\u5bf5\u7269\u4e86\uff5e\uff5e\u9019\u9663\u5b50\u85cf\u5f97\u597d\u8f9b\u82e6\n\u54f2\uff1aAmo\u662f\u4e00\u96bb\u5f88\u50cf\u72d7\u7684\u9e1a\u9d61\uff38\uff24\n..\n\n\ud83d\udd25\u4e00\u9031\u516b\u5929MV\ud83d\udc49https://youtu.be/pDonIdAMEy0?si=h29waIp61FXwxx7C\n\ud83d\udd25\u744b\u744b\u9ec3\u633a\u744b\u300cPull n' Push\u300d\u6578\u4f4d\u6536\u807d\u7684\u9023\u7d50\ud83d\udc49https://TingWei.lnk.to/PNP\n\ud83d\udd25\u744b\u744b\u7684\u500b\u4eba\u97f3\u6a02\u983b\u9053\u958b\u5f35\u56c9\ud83d\udc49https://www.youtube.com/@tingwei.h.1008\n\nIG \ud83d\udc49 huangbrotherss\nFaceBook \ud83d\udc49 https://goo.gl/UcZf4Y\nLine \ud83d\udc49 @huangbrothers\nTikTok \ud83d\udc49 https://reurl.cc/3ajgpj\n\u8a02\u95b1\u6211\u5011 \ud83d\udc49 https://goo.gl/pPGJbv\n\u52a0\u5165\u983b\u9053\u6703\u54e1 \ud83d\udc49 https://reurl.cc/KAp7ng\n\n\u25ba\u4e00\u9031\u6709\u4e8c\u5230\u4e09\u652f\u65b0\u5f71\u7247\uff0c\u9084\u6709\u4e0d\u5b9a\u6642\u7684\u76f4\u64ad\uff0c\u4e00\u5b9a\u8981\u958b\u9234\u943a\u6536\u901a\u77e5\uff01\n\u25ba\u5927\u5bb6\u591a\u591a\u5206\u4eab\u3001\u6309\u559c\u6b61\uff0c\u4f60\u7684\u652f\u6301\u662f\u7d66\u6211\u5011\u6700\u5927\u7684\u9f13\u52f5\n\n#\u9ec3\u6c0f\u5144\u5f1f#\u5bf5\u7269#\u9a5a\u559c",
        "likeCount": "5884",
        "commentCount": "453",
        "viewCount": "174184"
    },
    "comments": [
        {
            "reply_id": "Ugxyi399Ot8HW3qe4SZ4AaABAg",
            "reply_content": "\u5c0f\u578b\u9ce5\u548c\u4e2d\u578b\u9ce5\u4e00\u6a23\u53ef\u611b",
            "likeCount": 1
        },
        {
            "reply_id": "UgwOPqGfAggBtjtM3bN4AaABAg",
            "reply_content": "\u4e03\u6708\u4e8c\u5341\u516d\u65e5\u662f\u6211\u751f\u65e5\u6b38",
            "likeCount": 0
        },
        {
            "reply_id": "UgwWJnKaVr2rc4fhaHx4AaABAg",
            "reply_content": "\u6211\u5011\u5bb6\u4e5f\u6709\u990a\u91d1\u982d\u51f1\u514b",
            "likeCount": 0
        },
        {
            "reply_id": "UgwASZA188mbYWB3au14AaABAg",
            "reply_content": "\u990a\u9ce5\u4eba\u58eb\u771f\u7684\u6703\u628a\u9ce5\u542b\u6ce8",
            "likeCount": 0
        },
        {
            "reply_id": "Ugx2XPDlVORUO_hMO-x4AaABAg",
            "reply_content": "\u6211\u4e5f\u597d\u60f3\u990a\u9e1a\u9d61\u5594\uff0c\u53ef\u662f\u4e5f\u662f\u5f88\u591a\u8003\u91cf\u624d\u9072\u9072\u7121\u6cd5\u5165\u624b\uff0c\u89ba\u5f97\u8981\u7167\u9867\u4e00\u500b\u751f\u547d\u8981\u5f88\u5927\u7684\u8cac\u4efb\u5fc3",
            "likeCount": 0
        },
        {
            "reply_id": "UgxcJ-l5i8f6RUNFC2F4AaABAg",
            "reply_content": "\u6211\u5bb6\u6709\u990a\u5169\u96bb\u7384\u9cf3\u9e1a\u9d61",
            "likeCount": 0
        },
        {
            "reply_id": "UgxsOsQTV4VkY5xbAKt4AaABAg",
            "reply_content": "\u6211\u7684\u9ce5\u4e5f\u662f\u5dee\u4e0d\u591a\u6a23\u5b50\u5b83\u54c1\u7a2e\u53eb\u611b\u60c5\u9ce5",
            "likeCount": 1
        },
        {
            "reply_id": "UgwA4w3g6dQIqnz1zjp4AaABAg",
            "reply_content": "\u54f2\u54f2\u4f60\u5728\u6211\u5011\u7684\u6bb5\u8003\u8003\u5377\u7684\u793e\u6703\u8003\u5377\u6700\u5f8c\u4e00\u5927\u984c\u6709\u4f60\u7684\u540d\u5b57",
            "likeCount": 0
        },
        {
            "reply_id": "UgziQlqnYXA_c-rtzsx4AaABAg",
            "reply_content": "\u4f46\u73fe\u5728\u627e\u6280\u80fd\u771f\u7684\u5f88\u53b2\u5bb3",
            "likeCount": 0
        },
        {
            "reply_id": "Ugx1Uf7wIOxib1fq9R14AaABAg",
            "reply_content": "\u6211\u4e5f\u597d\u60f3\u990a\u9e1a\u9d61\u4f46\u6211\u7238\u7238\u4e0d\u7d66\u6211\u990a",
            "likeCount": 0
        },
        {
            "reply_id": "UgwnTGbBeDFzyVnbnFZ4AaABAg",
            "reply_content": "\u744b\u744b\u8001\u5be6\u8aaa\u6211\u6709\u9ede\u5687\u5230",
            "likeCount": 0
        },
        {
            "reply_id": "UgzjGF-4TpledT85rdd4AaABAg",
            "reply_content": "\u9ce5\u985e\u6703\u5b9a\u9ede\u4e0a\u5ec1\u6240\u771f\u7684\u5f88\u53b2\u5bb3",
            "likeCount": 0
        },
        {
            "reply_id": "UgzbIzdj_PvIHUfL8TV4AaABAg",
            "reply_content": "\u6211\u7684\u5b78\u6821\u5c31\u6709\u4e00\u96bb\u9e1a\u9d61",
            "likeCount": 0
        }
    ]
}