{
    "video_info": {
        "id": "62ATyMamk4I",
        "channelTitle": "\u9ec3\u6c0f\u5144\u5f1f",
        "title": "\u8001\u5e2b\u8aaa\u904a\u6232PK\u8cfd\uff01\u6c92\u60f3\u5230\u6700\u5f8c\u7684\u7d50\u5c40\u662f...\uff1fTeacher says!\u3010\u9ec3\u6c0f\u5144\u5f1f\u3011 Ft. OPENsi \u8607\u5049 \u9ed1\u7cd6\u9bae\u8336 \u7db8\u7db8\u8001\u5e2b #shorts",
        "description": "\ud83d\udd25\u628a\u6574\u53f0\u96fb\u6d41\u6025\u6025\u68d2\u26a1\u642c\u9032\u5de5\u4f5c\u5ba4\uff0c\u54e1\u5de5\u78b0\u5230\u5c31\u88ab\u96fb\uff01\ud83d\udc49https://youtu.be/NKDHr7gUef0\n\ud83d\udd2512/2\u744b\u744b\u500b\u4eba\u97f3\u6a02\u5c08\u5834\ud83d\udc49https://reurl.cc/8N7jZ4\n\n\u4f60\u6703\u807d\u8001\u5e2b\u7684\u8a71\u55ce\uff1f\n..\n\n\ud83d\udd25\u4e00\u9031\u516b\u5929MV\ud83d\udc49https://youtu.be/pDonIdAMEy0?si=h29waIp61FXwxx7C\n\ud83d\udd25\u744b\u744b\u9ec3\u633a\u744b\u300cPull n' Push\u300d\u6578\u4f4d\u6536\u807d\u7684\u9023\u7d50\ud83d\udc49https://TingWei.lnk.to/PNP\n\ud83d\udd25\u744b\u744b\u7684\u500b\u4eba\u97f3\u6a02\u983b\u9053\u958b\u5f35\u56c9\ud83d\udc49https://www.youtube.com/@tingwei.h.1008\n\nIG \ud83d\udc49 huangbrotherss\nFaceBook \ud83d\udc49 https://goo.gl/UcZf4Y\nLine \ud83d\udc49 @huangbrothers\nTikTok \ud83d\udc49 https://reurl.cc/3ajgpj\n\u8a02\u95b1\u6211\u5011 \ud83d\udc49 https://goo.gl/pPGJbv\n\u52a0\u5165\u983b\u9053\u6703\u54e1 \ud83d\udc49 https://reurl.cc/KAp7ng\n\n\u25ba\u4e00\u9031\u6709\u4e8c\u5230\u4e09\u652f\u65b0\u5f71\u7247\uff0c\u9084\u6709\u4e0d\u5b9a\u6642\u7684\u76f4\u64ad\uff0c\u4e00\u5b9a\u8981\u958b\u9234\u943a\u6536\u901a\u77e5\uff01\n\u25ba\u5927\u5bb6\u591a\u591a\u5206\u4eab\u3001\u6309\u559c\u6b61\uff0c\u4f60\u7684\u652f\u6301\u662f\u7d66\u6211\u5011\u6700\u5927\u7684\u9f13\u52f5\n\n#\u9ec3\u6c0f\u5144\u5f1f#partygames #shortsvideo",
        "likeCount": "5451",
        "commentCount": "30",
        "viewCount": "173974"
    },
    "comments": [
        {
            "reply_id": "UgxIBTd-0STTt6WlGvh4AaABAg",
            "reply_content": "\u54c8\u54c8\u54c8\u771f\u662f\u6c92\u60f3\u5230\u7684\u4e8b",
            "likeCount": 0
        },
        {
            "reply_id": "UgzaQ9Cu2aNfKPNAV4N4AaABAg",
            "reply_content": "\u744b\u744b\u6211\u662f\u53ef\u99a8\u4f60\u7684\u771f\u611b\u7c89\u5e0c\u671b\u4f60\u53ef\u4ee5\u56de\u6211\u6d88\u606f",
            "likeCount": 0
        }
    ]
}