{
    "video_info": {
        "id": "80QhXYuO_9w",
        "channelTitle": "\u9ec3\u6c0f\u5144\u5f1f",
        "title": "\u744b\u744b\u5225\u60f3\u9003\uff01\u5168\u54e1\u4e0d\u6311\u98df\u6311\u6230ep2\uff0c\u62bd\u7c64\u6c7a\u5b9a\u547d\u904b\uff0c\u7a76\u7adf\u6703\u4e0d\u6703\u5403\u5230\u81ea\u5df1\u8a0e\u53ad\u7684\u98df\u7269\u5462\uff1f\u3010\u9ec3\u6c0f\u5144\u5f1f\u3011",
        "description": "\ud83d\udd2512/2\u744b\u744b\u500b\u4eba\u97f3\u6a02\u5c08\u5834\ud83d\udc49https://reurl.cc/8N7jZ4\n..\n\u54f2\u54f2\uff1a........\u662f\u6574\u6211\u8a08\u5283\u55ce\n\u54e1\u5de5\uff1a\u4e0d\u80fd\u6311\u98df\uff0c\u8981\u5747\u8861\u71df\u990a\u54e6\n\u88e1\u9762\u54ea\u4e00\u6a23\u6700\u4e0d\u6562\u5617\u8a66\u5462\uff1f\n..\n\n\ud83d\udd25\u4e00\u9031\u516b\u5929MV\ud83d\udc49https://youtu.be/pDonIdAMEy0?si=h29waIp61FXwxx7C\n\ud83d\udd25\u744b\u744b\u9ec3\u633a\u744b\u300cPull n' Push\u300d\u6578\u4f4d\u6536\u807d\u7684\u9023\u7d50\ud83d\udc49https://TingWei.lnk.to/PNP\n\ud83d\udd25\u744b\u744b\u7684\u500b\u4eba\u97f3\u6a02\u983b\u9053\u958b\u5f35\u56c9\ud83d\udc49https://www.youtube.com/@tingwei.h.1008\n\nIG \ud83d\udc49 huangbrotherss\nFaceBook \ud83d\udc49 https://goo.gl/UcZf4Y\nLine \ud83d\udc49 @huangbrothers\nTikTok \ud83d\udc49 https://reurl.cc/3ajgpj\n\u8a02\u95b1\u6211\u5011 \ud83d\udc49 https://goo.gl/pPGJbv\n\u52a0\u5165\u983b\u9053\u6703\u54e1 \ud83d\udc49 https://reurl.cc/KAp7ng\n\n\u25ba\u4e00\u9031\u6709\u4e8c\u5230\u4e09\u652f\u65b0\u5f71\u7247\uff0c\u9084\u6709\u4e0d\u5b9a\u6642\u7684\u76f4\u64ad\uff0c\u4e00\u5b9a\u8981\u958b\u9234\u943a\u6536\u901a\u77e5\uff01\n\u25ba\u5927\u5bb6\u591a\u591a\u5206\u4eab\u3001\u6309\u559c\u6b61\uff0c\u4f60\u7684\u652f\u6301\u662f\u7d66\u6211\u5011\u6700\u5927\u7684\u9f13\u52f5\n\n#\u9ec3\u6c0f\u5144\u5f1f#\u6311\u6230#\u65e5\u5e38",
        "likeCount": "3756",
        "commentCount": "233",
        "viewCount": "87372"
    },
    "comments": [
        {
            "reply_id": "UgwEEE7eDWEf2FK-yNF4AaABAg",
            "reply_content": "\u6211\u5c31\u662f\u6700\u8a0e\u53ad\u5403\u9019\u4e9b\u98df\u7269\u7684\u89c0\u773e\u82e6\u74dc\u69b4\u69e4\u6709\u5b50\u985e\u7684\u5357\u74dc\u6ab8\u6aac\u7247\u76ae\u86cb\u6fc3\u7a20\u7684\u5496\u54e9\u6d0b\u8525\u7d05\u6912\u7da0\u8272\u9752\u6912\u7d0d\u8c46",
            "likeCount": 1
        },
        {
            "reply_id": "UgyDmyN6Fzd2g1nYEy94AaABAg",
            "reply_content": "\u62cd\u6700\u559c\u6b61\u5403\u7684\u98df\u7269\u7cfb\u5217",
            "likeCount": 1
        },
        {
            "reply_id": "UgyVakTdy2xogBCPdjh4AaABAg",
            "reply_content": "\u4ec0\u9ebc\u6642\u5019\u4f86\u9ad8\u96c4\u958b\u6f14\u5531\u6703",
            "likeCount": 0
        },
        {
            "reply_id": "UgxilH_rB_96gFNNbu14AaABAg",
            "reply_content": "\u8304\u5b50\u5f88\u597d\u5403\u9912\ud83d\ude02\u6211\u8d85\u611b\u5403\u8304\u5b50\u88e1\u9762\u6211\u53ea\u4e0d\u6562\u5403\u7530\u96de\u8ddf\u76ae\u86cb\u5496\u5561\u800c\u5df2\uff0c\u4e0d\u904e\u76ae\u86cb\u8c46\u8150\u7684\u8a71\u6211\u5c31\u53ef\u4ee5\uff0c\u79cb\u8475\u6c92\u5473\u9053\u5c31\u662f\u9ecf\u9ecf\u7684\u5c31\u7576\u5403\u8606\u8588\u5c31\u597d\ud83d\ude05\u7518\u85cd\u6c92\u5403\u904e\u6240\u4ee5\u4e0d\u77e5\u9053\u5473\u9053\u9084\u6709\u4e2b\u982d\u4e5f\u4e0d\u559c\u6b61",
            "likeCount": 0
        },
        {
            "reply_id": "Ugw8cIpumEWOmQyxtrl4AaABAg",
            "reply_content": "\u5c31\u8aaa\u4e0d\u53ef\u80fd\u4e0d\u6703\u6709\u8a0e\u53ad\u5403\u8304\u5b50\u7684",
            "likeCount": 0
        },
        {
            "reply_id": "Ugw_2hIQOGWP0uLmqY94AaABAg",
            "reply_content": "\u744b\u744b\u7d42\u65bc\u4f86\u53c3\u8207\u4e0d\u6311\u98df\u6311\u6230\u4e86",
            "likeCount": 53
        },
        {
            "reply_id": "Ugz5gqlRMWimJu-O6UF4AaABAg",
            "reply_content": "\u671f\u5f85\u4e0b\u6b21\u744b\u744b\u6311\u6230\u5403\u4ed6\u81ea\u5df2\u4e0d\u559c\u6b61\u7684\u98df\u7269 \u4f8b\u5982\u7d05\u863f\u8514",
            "likeCount": 3
        },
        {
            "reply_id": "UgzymFY1Pjsl4icrHvF4AaABAg",
            "reply_content": "\u6211\u9047\u5230\u4e0d\u60f3\u5403\u7684\u4e1c\u897f\u5c31\u901a\u5e38\u90fd\u4e0d\u98df",
            "likeCount": 1
        },
        {
            "reply_id": "UgyHLlIiItF1BCe0T9N4AaABAg",
            "reply_content": "\u611f\u89ba\u53ef\u4ee5\u4f38\u4f38\u8ddf\u54f2\u54f2\u5169\u500b\u55ae\u7368\u62cd\u4e00\u96c6\u5c31\u597d\u4e86",
            "likeCount": 0
        },
        {
            "reply_id": "UgwyzpEeMZRKSXzaIDN4AaABAg",
            "reply_content": "\u54f2\u54f2\u67d3\u767d\u9aee\u883b\u4e0d\u932f\u770b\u7684",
            "likeCount": 0
        },
        {
            "reply_id": "UgwVlWlznnrg70Gqkh54AaABAg",
            "reply_content": "\u54f2\u54f2\u744b\u744b\u96d6\u7136\u79ae\u62dc\u516d\u7684\u6211\u4e0d\u80fd\u53bb\uff0c\u4f46\u662f\u6211\u9084\u662f\u5f88\u652f\u6301\u4f60\u5011",
            "likeCount": 0
        }
    ]
}