{
    "video_info": {
        "id": "9sYRiS2J1KU",
        "channelTitle": "\u9ec3\u6c0f\u5144\u5f1f",
        "title": "\u95dc\u65bc\u7db2\u8def\u5916\u6d41\u7167\uff0c\u744b\u744b\u6709\u8a71\u60f3\u8aaa\u2026\u3010\u9ec3\u6c0f\u5144\u5f1f\u3011",
        "description": "\ud83d\udd2512/2\u744b\u744b\u500b\u4eba\u97f3\u6a02\u5c08\u5834\ud83d\udc49https://reurl.cc/8N7jZ4\n..\n\n\u5927\u5bb6\u5c31\u770b\u5f71\u7247\u8072\u660e\u5427...\u4e0d\u591a\u8aaa\u4e86\n..\n\n\ud83d\udd25\u4e00\u9031\u516b\u5929MV\ud83d\udc49https://youtu.be/pDonIdAMEy0?si=h29waIp61FXwxx7C\n\ud83d\udd25\u744b\u744b\u9ec3\u633a\u744b\u300cPull n' Push\u300d\u6578\u4f4d\u6536\u807d\u7684\u9023\u7d50\ud83d\udc49https://TingWei.lnk.to/PNP\n\ud83d\udd25\u744b\u744b\u7684\u500b\u4eba\u97f3\u6a02\u983b\u9053\u958b\u5f35\u56c9\ud83d\udc49https://www.youtube.com/@tingwei.h.1008\n\nIG \ud83d\udc49 huangbrotherss\nFaceBook \ud83d\udc49 https://goo.gl/UcZf4Y\nLine \ud83d\udc49 @huangbrothers\nTikTok \ud83d\udc49 https://reurl.cc/3ajgpj\n\u8a02\u95b1\u6211\u5011 \ud83d\udc49 https://goo.gl/pPGJbv\n\u52a0\u5165\u983b\u9053\u6703\u54e1 \ud83d\udc49 https://reurl.cc/KAp7ng\n\n\u25ba\u4e00\u9031\u6709\u4e8c\u5230\u4e09\u652f\u65b0\u5f71\u7247\uff0c\u9084\u6709\u4e0d\u5b9a\u6642\u7684\u76f4\u64ad\uff0c\u4e00\u5b9a\u8981\u958b\u9234\u943a\u6536\u901a\u77e5\uff01\n\u25ba\u5927\u5bb6\u591a\u591a\u5206\u4eab\u3001\u6309\u559c\u6b61\uff0c\u4f60\u7684\u652f\u6301\u662f\u7d66\u6211\u5011\u6700\u5927\u7684\u9f13\u52f5\n\n#\u9ec3\u6c0f\u5144\u5f1f",
        "likeCount": "10296",
        "commentCount": "664",
        "viewCount": "324321"
    },
    "comments": [
        {
            "reply_id": "UgzRM3b_-o98g4wHxlN4AaABAg",
            "reply_content": "\u56e0\u70ba\u6211\u76f8\u4fe1\u6211\u4e0d\u662f\u9019\u7a2e\u4eba",
            "likeCount": 0
        },
        {
            "reply_id": "UgwCrGedwNeO0Wmr-Xt4AaABAg",
            "reply_content": "\u5176\u5be6\u6211\u4e00\u958b\u59cb\u770b\u7684\u6642\u5019\u5c31\u77e5\u9053\u90a3\u4e0d\u662f\u70ba\u70ba\u90a3\u662f\u9e1a\u9d61\u6211\u65e9\u5c31\u77e5\u9053\u9019\u662f\u6574\u4eba\u7684",
            "likeCount": 0
        },
        {
            "reply_id": "Ugza3l_DXKAM7H-uICh4AaABAg",
            "reply_content": "\u54c7\u554a\u554a\u554a\u554a\u554a\u5687\u6b7b\u6211\u4e86",
            "likeCount": 0
        },
        {
            "reply_id": "UgzeqUsm9B_ycbAQfCl4AaABAg",
            "reply_content": "\u539f\u4f86\u662f\u4e00\u96bb\u9ce5\u54c8\u54c8\u4e0d\u7136\u771f\u7684\u5f88\u5641\u5fc3",
            "likeCount": 0
        },
        {
            "reply_id": "Ugy1rB7HoW7lMiUPU2l4AaABAg",
            "reply_content": "\u6211\u4e5f\u5f88\u60f3\u662f\u8587\u8587\u4e0d\u4f1a\u505a\u8fd9\u7a2e\u4e8b\u60c5",
            "likeCount": 0
        },
        {
            "reply_id": "UgxwAveGuia5xuPLXHp4AaABAg",
            "reply_content": "\u54c8\u54c8\u54c8\u54c8\u54c8\u54c8\u54c8\u9019\u6574\u9aa8\u963f\u963f\u963f\u963f\u963f",
            "likeCount": 0
        },
        {
            "reply_id": "UgxItUzl1UVxQ-VxeEN4AaABAg",
            "reply_content": "\u6211\u5176\u5be6\u4e00\u958b\u59cb\u5c31\u89ba\u5f97\u602a\u602a\u7684\u4e86",
            "likeCount": 1
        },
        {
            "reply_id": "UgxwEybouLYFe-GbmHx4AaABAg",
            "reply_content": "\u9019\u7d55\u5c0d\u662f\u6574\u4eba\u7684\uff0c\u4e0d\u7136\u600e\u9ebc\u53ef\u80fd\u524d\u9762\u968e\u6bb5\u5c31\u6709\u5f71\u7247\u53ef\u4ee5\u526a\u8f2f",
            "likeCount": 0
        },
        {
            "reply_id": "UgwvTc7yImC6cf2tov14AaABAg",
            "reply_content": "\u5176\u5be6\u5f9e\u4e00\u958b\u59cb\u5c31\u5f88\u660e\u986f\u662f\u5047\u7684\n\u4e0d\u904e\u6700\u5f8c\u9084\u662f\u6709\u7b11\u51fa\u4f86\n\u96d6\u7136\u9019\u96c6\u771f\u7684\u5f88\u5047\u4e0d\u679c\u662f\u771f\u7684\u5f88\u559c\u6b61\u744b\u744b\n\u4f46\u9084\u662f\u8981\u8aaa\u4e00\u53e5\u6211\u4e0d\u559c\u6b61\u7528\u9019\u7a2e\u65b9\u5f0f\u535a\u53d6\u6d41\u91cf",
            "likeCount": 3
        },
        {
            "reply_id": "Ugxa0SbP_PH9Jfcgxod4AaABAg",
            "reply_content": "\u5687\u6b7b\u6211\u4e86\u6211\u4ee5\u70ba\u9019\u662f\u771f\u7684\u7d50\u679c\u770b\u5230\u6700\u5f8c\u624d\u767c\u73fe\u88ab\u6574\u4e86\ud83d\ude02",
            "likeCount": 1
        },
        {
            "reply_id": "UgzcZOY1BTw6GYTN0L94AaABAg",
            "reply_content": "\u5929\u554a\u9084\u4ee5\u70ba\u767c\u751f\u4ec0\u9ebc\u4e8b",
            "likeCount": 0
        },
        {
            "reply_id": "UgxKQyQXviIGDKsUZCl4AaABAg",
            "reply_content": "\u5e79\u539f\u672c\u9084\u6709\u9ede\u671f\u5f85\u7684\u8aaa",
            "likeCount": 0
        },
        {
            "reply_id": "UgzNxgrXGqlb3PPB3wp4AaABAg",
            "reply_content": "\u7b11\u6b7b\u6211\u6709\u731c\u5230\u662f\u9e1a\u9d61\u4f46\u6c92\u731c\u5230\u662f\u91d1\u982d\u51f1\u514b\u6211\u4ee5\u70ba\u662f\u7384\u9cf3",
            "likeCount": 0
        },
        {
            "reply_id": "Ugw3lc9IA25JnxBGYBt4AaABAg",
            "reply_content": "\u4ee5\u6211\u5bf9\u4f60\u4eec\u7684\u4e86\u89e3\u770b\u5f00\u5934\u5c31\u77e5\u9053\u53c8\u662f\u88ab\u6574",
            "likeCount": 2
        },
        {
            "reply_id": "UgyCIJPSfFgwXc4BuTt4AaABAg",
            "reply_content": "\u9019\u96c6\u600e\u9ebc\u6709\u5728\u62cd\u5fae\u96fb\u5f71\u7684\u611f\u89ba",
            "likeCount": 1
        },
        {
            "reply_id": "UgyBRmM-1KxE2P6lN8t4AaABAg",
            "reply_content": "\u4f60\u5011\u89ba\u5f97\u9019\u6a23\u5f88\u597d\u7b11\u55ce",
            "likeCount": 0
        },
        {
            "reply_id": "UgxOzJL08w41HfJcGCh4AaABAg",
            "reply_content": "\u597d\u671f\u5f85\u4e0b\u6b21\u744b\u744b\u6709\u9580\u6703\u62cd\u4ec0\u9ebc\u771f\u7684\u60f3\u4e0d\u51fa\u4f86\uff0c\u70ba\u4ec0\u9ebc\u9084\u6709\u4e0b\u96c6\u4ee3\u7e8c",
            "likeCount": 0
        },
        {
            "reply_id": "UgxZGensCGW7t2ftIyN4AaABAg",
            "reply_content": "\u4e0d\u77e5\u9053\u8a72\u8aaa\u5565 \u4f46\u611f\u89ba\u4e00\u958b\u59cb\u6f14\u6280\u5c31\u6709\u7834\u7dbb\u563b\u563b",
            "likeCount": 0
        },
        {
            "reply_id": "UgxmCUHUZdNp1JTL7J54AaABAg",
            "reply_content": "\u6211\u5bb6\u4e5f\u6709\u9019\u96bb\u5c0f\u9ce5\u4f46\u7260\n\u7fbd\u6bdb\u7684\u984f\u8272\u662f\u85cd\u7da0\u8272\u7684",
            "likeCount": 0
        },
        {
            "reply_id": "UgyjWdI48grZFXnhBCl4AaABAg",
            "reply_content": "\u91d1\u592a\u967d\u9e1a\u9d61\u6b38\u597d\u53ef\u611b\u6211\u6211\u5011\u5bb6\u4e5f\u6709\u4e00\u96bb\u91d1\u592a\u967d\u9e1a\u9d61\u8ddf\u7384\u9cf3\u9e1a\u9d61\u2764",
            "likeCount": 0
        }
    ]
}