{
    "video_info": {
        "id": "bNmZCbuIMow",
        "channelTitle": "\u9ec3\u6c0f\u5144\u5f1f",
        "title": "\u54ea\u4e00\u4e9b\u662f\u52d5\u6f2b\uff1f\u5708\u5708\u53c9\u53c9\u6311\u6230\uff0c\u8df3\u932f\u5c31\u51fa\u5c40\uff01 Which is Anime?\u3010\u9ec3\u6c0f\u5144\u5f1f\u3011Ft. OPENsi \u8607\u5049 \u9ed1\u7cd6\u9bae\u8336 \u7db8\u7db8\u8001\u5e2b #shorts \u9032\u64ca\u7684\u5de8\u4eba",
        "description": "\ud83d\udd2512/2\u744b\u744b\u500b\u4eba\u97f3\u6a02\u5c08\u5834\ud83d\udc49https://reurl.cc/8N7jZ4\n..\n\u4e00\u8d77\u731c\u731c\u8ab0\u5230\u6700\u5f8c\uff1f\n..\n\n\ud83d\udd25\u4e00\u9031\u516b\u5929MV\ud83d\udc49https://youtu.be/pDonIdAMEy0?si=h29waIp61FXwxx7C\n\ud83d\udd25\u744b\u744b\u9ec3\u633a\u744b\u300cPull n' Push\u300d\u6578\u4f4d\u6536\u807d\u7684\u9023\u7d50\ud83d\udc49https://TingWei.lnk.to/PNP\n\ud83d\udd25\u744b\u744b\u7684\u500b\u4eba\u97f3\u6a02\u983b\u9053\u958b\u5f35\u56c9\ud83d\udc49https://www.youtube.com/@tingwei.h.1008\n\nIG \ud83d\udc49 huangbrotherss\nFaceBook \ud83d\udc49 https://goo.gl/UcZf4Y\nLine \ud83d\udc49 @huangbrothers\nTikTok \ud83d\udc49 https://reurl.cc/3ajgpj\n\u8a02\u95b1\u6211\u5011 \ud83d\udc49 https://goo.gl/pPGJbv\n\u52a0\u5165\u983b\u9053\u6703\u54e1 \ud83d\udc49 https://reurl.cc/KAp7ng\n\n\u25ba\u4e00\u9031\u6709\u4e8c\u5230\u4e09\u652f\u65b0\u5f71\u7247\uff0c\u9084\u6709\u4e0d\u5b9a\u6642\u7684\u76f4\u64ad\uff0c\u4e00\u5b9a\u8981\u958b\u9234\u943a\u6536\u901a\u77e5\uff01\n\u25ba\u5927\u5bb6\u591a\u591a\u5206\u4eab\u3001\u6309\u559c\u6b61\uff0c\u4f60\u7684\u652f\u6301\u662f\u7d66\u6211\u5011\u6700\u5927\u7684\u9f13\u52f5\n\n#\u9ec3\u6c0f\u5144\u5f1f#partygames #shortsvideo",
        "likeCount": "14415",
        "commentCount": "78",
        "viewCount": "432586"
    },
    "comments": [
        {
            "reply_id": "UgwauRAoguy7QcpV6H54AaABAg",
            "reply_content": "\u6211\u6700\u559c\u6b61\u7684\u662f\u6392\u7403\u5c11\u5e74",
            "likeCount": 4
        },
        {
            "reply_id": "UgxUX1Ue2G1ynIU-Rvt4AaABAg",
            "reply_content": "\u65b0\u4e16\u7d00\u798f\u97f3\u6230\u58eb\u7b97\u55ce\n\u96d6\u7136\u6f2b\u756b\u6bd4\u8f03\u65e9\u4f46\u9019\u4ecd\u662f\u62ff\u52d5\u756b\u53bb\u6539\u7de8\u5427",
            "likeCount": 1
        },
        {
            "reply_id": "UgziUp28q5Y4Iy38Wdd4AaABAg",
            "reply_content": "\u6211\u7747\u904e\u6392\u7403\u5c11\u5e74\u540c\u9032\u64ca\u7684\u5de8\u4eba",
            "likeCount": 1
        },
        {
            "reply_id": "UgyT7Ysq-P1dpNwDZjZ4AaABAg",
            "reply_content": "\u52d5\u6f2b\u5c31\u662f\u6703\u52d5\u7684\u6f2b\u756b\uff0c\u7f8e\u5c11\u5973\u6230\u58eb\u4ee5\u524d\u662f\u6f2b\u756b\u6c92\u932f\u554a",
            "likeCount": 0
        },
        {
            "reply_id": "Ugw_Uz6PU5QkQ8A6JUp4AaABAg",
            "reply_content": "\u540d\u5075\u63a2\u67ef\u5357\u662f\u6211\u6700\u559c\u6b61\u7684",
            "likeCount": 0
        },
        {
            "reply_id": "UgxWgt6Tho-_bgG7Q8t4AaABAg",
            "reply_content": "\u4f60\u5011\u7684\u52d5\u6f2b\u7406\u89e3\u662f\u4e0d\u662f\u602a\u602a\u7684",
            "likeCount": 0
        },
        {
            "reply_id": "UgyQVN8mXwDORHVpBzV4AaABAg",
            "reply_content": "\u8acb\u554f\u7ad9\u5728\u7b2c\u4e00\u4f4d\u7684\u90a3\u5973\u751f\u662f\u8ab0",
            "likeCount": 0
        }
    ]
}