{
    "video_info": {
        "id": "fvzzdTapgu4",
        "channelTitle": "\u9ec3\u6c0f\u5144\u5f1f",
        "title": "\u662f\u4e0d\u662f\u5f88\u4e45\u6c92\u5728YT\u76f4\u64ad\u4e86\ud83e\udd79\u3010\u9ec3\u6c0f\u5144\u5f1f\u3011",
        "description": "\ud83d\udd2512/2\u744b\u744b\u500b\u4eba\u97f3\u6a02\u5c08\u5834\ud83d\udc49https://reurl.cc/8N7jZ4\n..\n\u9019\u5047\u4eba\u982d\u5be6\u5728\u5f88\u53ef\u6015...\n..\n\n\ud83d\udd25\u4e00\u9031\u516b\u5929MV\ud83d\udc49https://youtu.be/pDonIdAMEy0?si=h29waIp61FXwxx7C\n\ud83d\udd25\u744b\u744b\u9ec3\u633a\u744b\u300cPull n' Push\u300d\u6578\u4f4d\u6536\u807d\u7684\u9023\u7d50\ud83d\udc49https://TingWei.lnk.to/PNP\n\ud83d\udd25\u744b\u744b\u7684\u500b\u4eba\u97f3\u6a02\u983b\u9053\u958b\u5f35\u56c9\ud83d\udc49https://www.youtube.com/@tingwei.h.1008\n\nIG \ud83d\udc49 huangbrotherss\nFaceBook \ud83d\udc49 https://goo.gl/UcZf4Y\nLine \ud83d\udc49 @huangbrothers\nTikTok \ud83d\udc49 https://reurl.cc/3ajgpj\n\u8a02\u95b1\u6211\u5011 \ud83d\udc49 https://goo.gl/pPGJbv\n\u52a0\u5165\u983b\u9053\u6703\u54e1 \ud83d\udc49 https://reurl.cc/KAp7ng\n\n\u25ba\u4e00\u9031\u6709\u4e8c\u5230\u4e09\u652f\u65b0\u5f71\u7247\uff0c\u9084\u6709\u4e0d\u5b9a\u6642\u7684\u76f4\u64ad\uff0c\u4e00\u5b9a\u8981\u958b\u9234\u943a\u6536\u901a\u77e5\uff01\n\u25ba\u5927\u5bb6\u591a\u591a\u5206\u4eab\u3001\u6309\u559c\u6b61\uff0c\u4f60\u7684\u652f\u6301\u662f\u7d66\u6211\u5011\u6700\u5927\u7684\u9f13\u52f5\n\n#\u9ec3\u6c0f\u5144\u5f1f",
        "likeCount": "934",
        "commentCount": "82",
        "viewCount": "13848"
    },
    "comments": [
        {
            "reply_id": "UgzmmpxKlLb2A9FC98B4AaABAg",
            "reply_content": "\u771f\u7684\u5f88\u4e45\u6c92\u6709\u770b\u5230\u744b\u744b\u76f4\u64ad\u4e86",
            "likeCount": 5
        },
        {
            "reply_id": "Ugwbnw_eaCIAIchLJAR4AaABAg",
            "reply_content": "\u554a\u9ec3\u6c0f\u5144\u5f1f\u6211\u662f\u4f60\u5011\u7684\u7c89\u7d72",
            "likeCount": 0
        },
        {
            "reply_id": "UgzLSUuMz3s7U5zEp694AaABAg",
            "reply_content": "\u597d\u4e45\u6c92\u6709\u770b\u4f60\u76f4\u64ad\u9593\u4e86",
            "likeCount": 0
        },
        {
            "reply_id": "Ugx8JHOxFdxI_f53SKJ4AaABAg",
            "reply_content": "\u6211\u6bcf\u5929\u90fd\u6703\u770b\u4f60\u5011\u76f4\u64ad",
            "likeCount": 0
        },
        {
            "reply_id": "Ugzw5ppXD0XzvPXKLHx4AaABAg",
            "reply_content": "\u9673\u4f0a\u59cd\u6211\u5011\u7684\u670b\u53cb\u53ef\u4ee5\u4e00\u8d77\u5403\u98ef",
            "likeCount": 0
        },
        {
            "reply_id": "UgwLpwl7eE-90coOF7R4AaABAg",
            "reply_content": "\u73ae\u73ae\u4f60\u53ef\u4ee5\u569f\u99ac\u4f86\u897f\u4e9e\u554a",
            "likeCount": 0
        }
    ]
}