{
    "video_info": {
        "id": "fwBXrP5bMf0",
        "channelTitle": "\u9ec3\u6c0f\u5144\u5f1f",
        "title": "\u3010\u6377\u904b\u4e0d\u80fd\u5077\u5403EP2\u3011\u592a\u8a87\u5f35\uff0c\u6253\u6383\u963f\u59e8\u5728\u8eca\u5ec2\u767c\u706b\uff01\u3010\u9ec3\u6c0f\u5144\u5f1f\u3011Ft.@Jupiterlin @Tgopdone@LockingJack@dollshin0324@fanfanloveuu\u6668\u60a0",
        "description": "\ud83d\udd25\u628a\u6574\u53f0\u96fb\u6d41\u6025\u6025\u68d2\u26a1\u642c\u9032\u5de5\u4f5c\u5ba4\uff0c\u54e1\u5de5\u78b0\u5230\u5c31\u88ab\u96fb\uff01\ud83d\udc49https://youtu.be/NKDHr7gUef0\n\ud83d\udd2512/2\u744b\u744b\u500b\u4eba\u97f3\u6a02\u5c08\u5834\ud83d\udc49https://reurl.cc/8N7jZ4\n..\n\u5f8b\u5e2b\u3001\u8b77\u58eb\u3001\u5de5\u7a0b\u5e2b\u3001\u8001\u5e2b\u3001\u651d\u5f71\u5e2b\u3001\u7259\u91ab\uff0c\u8077\u696d\u5927\u4e82\u9b25\uff0c\u6574\u500b\u8eca\u5ec2\u5931\u63a7\u4e86\u3002 \n\n\ud83d\udd25\u4e00\u9031\u516b\u5929MV\ud83d\udc49https://youtu.be/pDonIdAMEy0?si=h29waIp61FXwxx7C\n\ud83d\udd25\u744b\u744b\u9ec3\u633a\u744b\u300cPull n' Push\u300d\u6578\u4f4d\u6536\u807d\u7684\u9023\u7d50\ud83d\udc49https://TingWei.lnk.to/PNP\n\ud83d\udd25\u744b\u744b\u7684\u500b\u4eba\u97f3\u6a02\u983b\u9053\u958b\u5f35\u56c9\ud83d\udc49https://www.youtube.com/@tingwei.h.1008\n\nIG \ud83d\udc49 huangbrotherss\nFaceBook \ud83d\udc49 https://goo.gl/UcZf4Y\nLine \ud83d\udc49 @huangbrothers\nTikTok \ud83d\udc49 https://reurl.cc/3ajgpj\n\u8a02\u95b1\u6211\u5011 \ud83d\udc49 https://goo.gl/pPGJbv\n\u52a0\u5165\u983b\u9053\u6703\u54e1 \ud83d\udc49 https://reurl.cc/KAp7ng\n\n\u25ba\u4e00\u9031\u6709\u4e8c\u5230\u4e09\u652f\u65b0\u5f71\u7247\uff0c\u9084\u6709\u4e0d\u5b9a\u6642\u7684\u76f4\u64ad\uff0c\u4e00\u5b9a\u8981\u958b\u9234\u943a\u6536\u901a\u77e5\uff01\n\u25ba\u5927\u5bb6\u591a\u591a\u5206\u4eab\u3001\u6309\u559c\u6b61\uff0c\u4f60\u7684\u652f\u6301\u662f\u7d66\u6211\u5011\u6700\u5927\u7684\u9f13\u52f5\n\n#\u9ec3\u6c0f\u5144\u5f1f#\u6377\u904b\u4e0d\u8981\u5077\u5403#\u7d9c\u85dd",
        "likeCount": "5915",
        "commentCount": "510",
        "viewCount": "162930"
    },
    "comments": [
        {
            "reply_id": "Ugzo1aNoHYkmCNo2bP14AaABAg",
            "reply_content": "\u9ec3\u6c0f\u5144\u5f1f\u4e0b\u6b21\u53ef\u4e0d\u53ef\u4ee5\u9080\u8acb\u6211\u56e0\u70ba\u6211\u662f\u4f60\u5011\u7684\u7d1b\u7d72",
            "likeCount": 1
        },
        {
            "reply_id": "UgxNVmCRCHercyrFNDx4AaABAg",
            "reply_content": "\u4e0b\u6b21\u53ef\u4e0d\u53ef\u4ee5\u8acb\u5c0f\u5433\u4f86",
            "likeCount": 0
        },
        {
            "reply_id": "Ugzb04or50Sl36Hjsdd4AaABAg",
            "reply_content": "\u53ef\u4e0d\u53ef\u4ee5\u53eb\u8a79\u4ed5\u5049\u4f86\u73a9",
            "likeCount": 0
        },
        {
            "reply_id": "UgzNLSUB8UarcT3JtCB4AaABAg",
            "reply_content": "\u6211\u7a81\u7136\u60f3\u770b\u963f\u795e\u73a9\u4e0a\u8ab2\u4e0d\u5077\u5403\u6b38",
            "likeCount": 0
        },
        {
            "reply_id": "Ugy7J9qPsLwcB2uKq6B4AaABAg",
            "reply_content": "\u60f3\u9999\u963f\u6ef4\u548c\u6ef4\u59b9\u4f86\u4e0d\u8981\u5077\u5403",
            "likeCount": 0
        },
        {
            "reply_id": "UgwYlY1R21C65WBuY6x4AaABAg",
            "reply_content": "\u53ef\u4ee5\u627e\u5fd7\u9298\u548c\u72f8\u8c93\u4f86\u561b",
            "likeCount": 0
        },
        {
            "reply_id": "Ugyu-2MkVOT91R-RJGh4AaABAg",
            "reply_content": "\u9ec3\u6c0f\u5144\u5f1f\u53ef\u4ee5\u4f86\u9080\u7d04\u7126\u51e1\u51e1\u4f86\u73a9\u904a\u6232\u6216\u73a9\u904a\u6232",
            "likeCount": 0
        },
        {
            "reply_id": "UgyLY1CkzLVDLCxETHV4AaABAg",
            "reply_content": "\u6211\u53ef\u4ee5\u554f\u744b\u744b\u4f60\u662f\u53ea\u8981\u51fa\u65b0\u6b4c\u5c31\u6703\u5230\u5176\u4ed6\u7e23\u5e02\u6f14\u5531\u55ce\uff1f",
            "likeCount": 0
        },
        {
            "reply_id": "Ugx7rPluYcp8FaLBUvN4AaABAg",
            "reply_content": "\u8001\u5e2b\u5728\u744b\u744b\u9762\u524d\u559d\u6c34\u6377\u904b\u4e0d\u662f\u6c34\u4e5f\u4e0d\u80fd\u559d\u55ce\uff1f",
            "likeCount": 0
        },
        {
            "reply_id": "UgyyxfmrMl0QF6h2r2F4AaABAg",
            "reply_content": "\u6211\u4e0b\u4e00\u6b21\u60f3\u770b\u5927\u80c3\u738b\u7279\u8f2f\u9080\u8acb\u5343\u5343 \u4e01\u4e01\u548c\u8def\u8def",
            "likeCount": 1
        },
        {
            "reply_id": "Ugz7TBb4YeYsK62HOmJ4AaABAg",
            "reply_content": "\u4e0b\u6b21\u5e0c\u671b\u9080\u8acb\u767d\u7661\u516c\u4e3b",
            "likeCount": 0
        },
        {
            "reply_id": "Ugww4-Uy0eiAJxRBv8Z4AaABAg",
            "reply_content": "\u9019\u7a7a\u9593\u56de\u97f3\u597d\u5927\u54c8\u54c8\u54c8",
            "likeCount": 0
        },
        {
            "reply_id": "Ugz5tGN2fR2ZAxHiJyB4AaABAg",
            "reply_content": "\u8acb\u6709\u611f\u7b46\u96fb\u4f86\u611f\u7b46\u96fb\u4f86",
            "likeCount": 0
        },
        {
            "reply_id": "Ugw0jWwscSCPg4K-_vJ4AaABAg",
            "reply_content": "\u5e0c\u671b\u53ef\u4ee5\u9080\u8acb\u963f\u5361\u8c9d\u62c9",
            "likeCount": 0
        },
        {
            "reply_id": "UgzIhTjUASws3zFau8d4AaABAg",
            "reply_content": "\u4e0b\u6b21\u9080\u8acb\u5c55\u69ae\u5c55\u745e\u4f86\u73a9",
            "likeCount": 1
        },
        {
            "reply_id": "UgyhWeFvT_aHS5nikWR4AaABAg",
            "reply_content": "\u5e0c\u671b\u4e94\u5805\u60c5\u53ef\u4ee5\u4e00\u8d77\u4f86",
            "likeCount": 0
        },
        {
            "reply_id": "UgykgAWC7DdTaBIW21p4AaABAg",
            "reply_content": "\u6211\u60f3\u56b4\u653f\u548c\u72c4\u9054\u4f86\u73a9\u4e00\u6b21",
            "likeCount": 0
        },
        {
            "reply_id": "Ugwm34PssTxvJwjIVul4AaABAg",
            "reply_content": "\u5728\u628a\u4e94\u5805\u60c5\u90fd\u4e00\u8d77\u9080\u4f86",
            "likeCount": 0
        },
        {
            "reply_id": "Ugzm3GvGYxceJkO6yb54AaABAg",
            "reply_content": "\u60f3\u770b\u5e03\u840a\u514b\u859b\u859b\u6210\u54e1\u4f86\u5077\u5403\u770b\u770b",
            "likeCount": 0
        },
        {
            "reply_id": "Ugzgf8dfbjDWgBp0D0B4AaABAg",
            "reply_content": "\u671f\u671b\u4e0b\u4e00\u96c6\u53ef\u4ee5\u9080\u8acb\u6709\u4e0a\u904e\u9ec3\u6c0f\u5144\u5f1f\u983b\u9053\u7684P\u6b6a\u8ddf\u9b3c\u9b3c\u6216\u662f\u744b\u744b\u559c\u6b61\u7684\u5973\u6b4c\u624b\u9127\u7d2b\u68cb",
            "likeCount": 0
        }
    ]
}