{
    "video_info": {
        "id": "giw_EQc7HvY",
        "channelTitle": "\u9ec3\u6c0f\u5144\u5f1f",
        "title": "\u628a\u300c\u62f3\u64ca\u6a5f\u300d\u642c\u9032\u5de5\u4f5c\u5ba4\uff0c\u6253\u8d8a\u9ad8\u5206\u62ff\u8d8a\u591a\u9322\uff0c\u8001\u95c6\u8377\u5305\u5927\u5931\u8840\uff01\u3010\u9ec3\u6c0f\u5144\u5f1f\u3011#\u4e09\u9910\u7cfb\u5217",
        "description": "\ud83d\udd2512/2\u744b\u744b\u500b\u4eba\u97f3\u6a02\u5c08\u5834\ud83d\udc49https://reurl.cc/8N7jZ4\n..\n\u744b\uff1a\u6211\u96e3\u5f97\u51fa\u73fe\u5728\u591c\u5e02\u4e09\u9910\u7cfb\u5217...\n\u54f2\uff1a\u5927\u5bb6\u597d\u50cf\u6709\u5f88\u5927\u7684\u6028\u6c23...\n..\n\n\ud83d\udd25\u4e00\u9031\u516b\u5929MV\ud83d\udc49https://youtu.be/pDonIdAMEy0?si=h29waIp61FXwxx7C\n\ud83d\udd25\u744b\u744b\u9ec3\u633a\u744b\u300cPull n' Push\u300d\u6578\u4f4d\u6536\u807d\u7684\u9023\u7d50\ud83d\udc49https://TingWei.lnk.to/PNP\n\ud83d\udd25\u744b\u744b\u7684\u500b\u4eba\u97f3\u6a02\u983b\u9053\u958b\u5f35\u56c9\ud83d\udc49https://www.youtube.com/@tingwei.h.1008\n\nIG \ud83d\udc49 huangbrotherss\nFaceBook \ud83d\udc49 https://goo.gl/UcZf4Y\nLine \ud83d\udc49 @huangbrothers\nTikTok \ud83d\udc49 https://reurl.cc/3ajgpj\n\u8a02\u95b1\u6211\u5011 \ud83d\udc49 https://goo.gl/pPGJbv\n\u52a0\u5165\u983b\u9053\u6703\u54e1 \ud83d\udc49 https://reurl.cc/KAp7ng\n\n\u25ba\u4e00\u9031\u6709\u4e8c\u5230\u4e09\u652f\u65b0\u5f71\u7247\uff0c\u9084\u6709\u4e0d\u5b9a\u6642\u7684\u76f4\u64ad\uff0c\u4e00\u5b9a\u8981\u958b\u9234\u943a\u6536\u901a\u77e5\uff01\n\u25ba\u5927\u5bb6\u591a\u591a\u5206\u4eab\u3001\u6309\u559c\u6b61\uff0c\u4f60\u7684\u652f\u6301\u662f\u7d66\u6211\u5011\u6700\u5927\u7684\u9f13\u52f5\n\n#\u9ec3\u6c0f\u5144\u5f1f#\u4e00\u65e5\u4e09\u9910 #\u591c\u5e02\u904a\u6232 #\u62f3\u64ca\u6a5f",
        "likeCount": "4366",
        "commentCount": "216",
        "viewCount": "161803"
    },
    "comments": [
        {
            "reply_id": "UgwIo69HfJAI3jtmbKh4AaABAg",
            "reply_content": "\u5f8b\u7dba\u771f\u7684\u597d\u53ef\u611b \u5916\u8868\u5f88\u51b7\u975c\u4f46\u8a00\u8a9e\u548c\u8209\u6b62\u6709\u6642\u90fd\u6703\u6709\u53cd\u5dee\u840c",
            "likeCount": 0
        },
        {
            "reply_id": "UgwRKGkanQ3GZz_C0Qd4AaABAg",
            "reply_content": "\u6211\u89ba\u5f97\u744b\u744b\u982d\u9aee\u53ef\u4ee5\u67d3\u7c89\u8272\u6bd4\u8f03\u597d\u770b",
            "likeCount": 0
        },
        {
            "reply_id": "UgwE9yOul9dIqK477hV4AaABAg",
            "reply_content": "\u9ec3\u6c0f\u5144\u5f1f\u8981\u4e0d\u8981\u8003\u616e\u62cd\u4e00\u9031\u5403\u86cb\u7684\u5f71\u7247",
            "likeCount": 0
        },
        {
            "reply_id": "Ugyrqm81AVIs0wWY70l4AaABAg",
            "reply_content": "\u4f60\u5011\u7684\u5f71\u7247\u62cd\u5f97\u5f88\u597d\u6211\u5f88\u559c\u6b61\u770b\u6211\u6bcf\u5929\u90fd\u6703",
            "likeCount": 0
        },
        {
            "reply_id": "UgwEHN_HhXuGK55OS0p4AaABAg",
            "reply_content": "\u4e0b\u6b21\u53ef\u4ee5\u8003\u616e\u7537\u5973\u9019\u7a2e\u529b\u6c23\u7684\u8981\u6709\u4e0d\u540c\u6a19\u6e96",
            "likeCount": 0
        },
        {
            "reply_id": "Ugyj_eWGslEiW6JPUDN4AaABAg",
            "reply_content": "\u6211\u53eb\u7f85\u7def\u5ef7\u500b\u6027\u662f\u958b\u6717\u6027\u8da3\u662f\u8dd1\u6b65\u5fd7\u9858\u662f\u9130\u9577\u91cc\u9577\u4ee3\u8868\u8b70\u54e1\u8b70\u9577\u7acb\u59d4\u7acb\u6cd5\u9662\u9577\u884c\u653f\u9662\u9577\u5e02\u9577\u526f\u7e3d\u7d71\u7e3d\u7d71\u6211\u7684\u5bb6\u4eba\u6709\u7238\u7238\u5abd\u5abd\u59b9\u59b9\u54e5\u54e5\u723a\u723a\u5976\u5976\u5916\u516c\u5916\u5a46\u963f\u7956\u59d1\u59d1",
            "likeCount": 1
        },
        {
            "reply_id": "Ugx1Gx9Xasz3fbsYZfx4AaABAg",
            "reply_content": "\u73fe\u5728\u9023\u9019\u500b\u904a\u6232\u6a5f\u90fd\u8cb7\u7684\u5230\uff0c\u62ff\u4f86\u9069\u653e\u58d3\u529b\u4e5f\u4e0d\u932f",
            "likeCount": 1
        }
    ]
}