{
    "video_info": {
        "id": "MpPCp2oAoDc",
        "channelTitle": "\u9ec3\u6c0f\u5144\u5f1f",
        "title": "\u5728\u6377\u904b\u4e0a\u9047\u5230\u5e25\u54e5\uff0c\u6559\u4f60\u600e\u9ebc\u8a8d\u8b58\u4ed6\uff01Have you learned it? \u3010\u9ec3\u6c0f\u5144\u5f1f\u3011Ft.\u8a31\u51f1\u7693 #shorts",
        "description": "\ud83d\udd2512/2\u744b\u744b\u500b\u4eba\u97f3\u6a02\u5c08\u5834\ud83d\udc49https://reurl.cc/8N7jZ4\n..\n\u5c37\u5c2c\u53c8\u4e0d\u5931\u79ae\u8c8c\u7684...\u642d\u8a15\uff1f\uff1f\ud83d\ude1d...\n..\n\n\ud83d\udd25\u4e00\u9031\u516b\u5929MV\ud83d\udc49https://youtu.be/pDonIdAMEy0?si=h29waIp61FXwxx7C\n\ud83d\udd25\u744b\u744b\u9ec3\u633a\u744b\u300cPull n' Push\u300d\u6578\u4f4d\u6536\u807d\u7684\u9023\u7d50\ud83d\udc49https://TingWei.lnk.to/PNP\n\ud83d\udd25\u744b\u744b\u7684\u500b\u4eba\u97f3\u6a02\u983b\u9053\u958b\u5f35\u56c9\ud83d\udc49https://www.youtube.com/@tingwei.h.1008\n\nIG \ud83d\udc49 huangbrotherss\nFaceBook \ud83d\udc49 https://goo.gl/UcZf4Y\nLine \ud83d\udc49 @huangbrothers\nTikTok \ud83d\udc49 https://reurl.cc/3ajgpj\n\u8a02\u95b1\u6211\u5011 \ud83d\udc49 https://goo.gl/pPGJbv\n\u52a0\u5165\u983b\u9053\u6703\u54e1 \ud83d\udc49 https://reurl.cc/KAp7ng\n\n\u25ba\u4e00\u9031\u6709\u4e8c\u5230\u4e09\u652f\u65b0\u5f71\u7247\uff0c\u9084\u6709\u4e0d\u5b9a\u6642\u7684\u76f4\u64ad\uff0c\u4e00\u5b9a\u8981\u958b\u9234\u943a\u6536\u901a\u77e5\uff01\n\u25ba\u5927\u5bb6\u591a\u591a\u5206\u4eab\u3001\u6309\u559c\u6b61\uff0c\u4f60\u7684\u652f\u6301\u662f\u7d66\u6211\u5011\u6700\u5927\u7684\u9f13\u52f5\n\n#\u9ec3\u6c0f\u5144\u5f1f#comedy",
        "likeCount": "1853",
        "commentCount": "61",
        "viewCount": "28112"
    },
    "comments": [
        {
            "reply_id": "UgxCOEt3evR-sTnK-Op4AaABAg",
            "reply_content": "\u6709\u4ec0\u9ebc\u88ab\u642d\u8a15\u7684\u6df1\u523b\u5370\u8c61\u55ce",
            "likeCount": 60
        },
        {
            "reply_id": "UgyLGldhRhulu6fDrmB4AaABAg",
            "reply_content": "\u5982\u679c\u744b\u744b\u662f\u5973\u751f\u6703\u66f4\u597d",
            "likeCount": 0
        }
    ]
}