{
    "video_info": {
        "id": "NKDHr7gUef0",
        "channelTitle": "\u9ec3\u6c0f\u5144\u5f1f",
        "title": "\u628a\u300c\u96fb\u6d41\u6025\u6025\u68d2\u300d\u642c\u9032\u5de5\u4f5c\u5ba4\uff01\u8ab0\u80fd\u4e0d\u88ab\u96fb\uff0c\u9806\u5229\u904e\u95dc\u62ff\u734e\u91d1\uff1f\u3010\u9ec3\u6c0f\u5144\u5f1f\u3011Ft. PlayStation 5",
        "description": "*\u672c\u5f71\u7247\u8207\u300aPlayStation 5\u300b\u5408\u4f5c\n\ud83d\udd2512/2\u744b\u744b\u500b\u4eba\u97f3\u6a02\u5c08\u5834\ud83d\udc49https://reurl.cc/8N7jZ4\n..\n\u5230\u5e95\u9084\u8981\u642c\u4ec0\u9ebc\u9032\u5de5\u4f5c\u5ba4\uff38\uff24\n\u96fb\u6d41\u6025\u6025\u68d2\u8d85\u523a\u6fc0\u9019\u9ebc\u523a\u6fc0\u5927\u5bb6\u73a9\u904e\u55ce\ud83d\ude0e\n\n\u5e73\u5e38\u4f11\u606f\u7684\u6642\u5019\u6700\u597d\u7684\u6d88\u9063\u5c31\u662f\u6253\u904a\u6232\u5566\uff01\nPS5\u9664\u4e86\u8d85\u591a\u904a\u6232\u9084\u5167\u5efa\u4e32\u6d41\u5e73\u53f0\u53ef\u4ee5\u770b\u5f71\u7247\uff5e\n\u7acb\u5373\u627e\u5c0b\u4f60\u7684\u300cHEARTBEAT\u5fc3\u52d5\u5947\u65c5\u300d\u4e0a\u50b3\u7d50\u679c\u518d\u62bd\u842c\u5143\u65c5\u904a\u91d1\n\ud83d\udc49https://bit.ly/3Qrba09\nPlayStation\u96d9\u5341\u4e00\u512a\u60e0\u671f\u9593\uff0c\u53ea\u523011\u670816\u65e5\u3002\n\n..\n\n\ud83d\udd25\u4e00\u9031\u516b\u5929MV\ud83d\udc49https://youtu.be/pDonIdAMEy0?si=h29waIp61FXwxx7C\n\ud83d\udd25\u744b\u744b\u9ec3\u633a\u744b\u300cPull n' Push\u300d\u6578\u4f4d\u6536\u807d\u7684\u9023\u7d50\ud83d\udc49https://TingWei.lnk.to/PNP\n\ud83d\udd25\u744b\u744b\u7684\u500b\u4eba\u97f3\u6a02\u983b\u9053\u958b\u5f35\u56c9\ud83d\udc49https://www.youtube.com/@tingwei.h.1008\n\nIG \ud83d\udc49 huangbrotherss\nFaceBook \ud83d\udc49 https://goo.gl/UcZf4Y\nLine \ud83d\udc49 @huangbrothers\nTikTok \ud83d\udc49 https://reurl.cc/3ajgpj\n\u8a02\u95b1\u6211\u5011 \ud83d\udc49 https://goo.gl/pPGJbv\n\u52a0\u5165\u983b\u9053\u6703\u54e1 \ud83d\udc49 https://reurl.cc/KAp7ng\n\n\u25ba\u4e00\u9031\u6709\u4e8c\u5230\u4e09\u652f\u65b0\u5f71\u7247\uff0c\u9084\u6709\u4e0d\u5b9a\u6642\u7684\u76f4\u64ad\uff0c\u4e00\u5b9a\u8981\u958b\u9234\u943a\u6536\u901a\u77e5\uff01\n\u25ba\u5927\u5bb6\u591a\u591a\u5206\u4eab\u3001\u6309\u559c\u6b61\uff0c\u4f60\u7684\u652f\u6301\u662f\u7d66\u6211\u5011\u6700\u5927\u7684\u9f13\u52f5\n\n#\u9ec3\u6c0f\u5144\u5f1f#PS5FEELITNOW#HEARTBEAT\u5fc3\u52d5\u5947\u65c5#PS5",
        "likeCount": "3909",
        "commentCount": "198",
        "viewCount": "145809"
    },
    "comments": [
        {
            "reply_id": "UgzBfSH_HG_RPzvS63B4AaABAg",
            "reply_content": "\u5c31\u662f\u60f3\u8981\u62c9\u744b\u744b\u62b5\u6321\u653b\u51fb",
            "likeCount": 0
        },
        {
            "reply_id": "UgwpsjLvxXYKjeVYEAt4AaABAg",
            "reply_content": "\u5e0c\u671b\u53ef\u4ee5\u53d1\u66f4\u591a\u8fd9\u6837\u7684\u5f71\u7247",
            "likeCount": 0
        }
    ]
}