{
    "video_info": {
        "id": "wPSMUJG1LZc",
        "channelTitle": "\u9ec3\u6c0f\u5144\u5f1f",
        "title": "\u6bd4\u624b\u756b\u8173\u63a5\u9f8d\u8cfd\uff0c\u4e09\u500b\u5b57\uff01\u5927\u5bb6\u80fd\u9806\u5229\u63a5\u9f8d\u6210\u529f\u55ce\uff1fGesticulating solitaire! \u3010\u9ec3\u6c0f\u5144\u5f1f\u3011Ft. OPENsi \u8607\u5049 \u9ed1\u7cd6\u9bae\u8336 \u7db8\u7db8\u8001\u5e2b #shorts",
        "description": "\ud83d\udd2512/2\u744b\u744b\u500b\u4eba\u97f3\u6a02\u5c08\u5834\ud83d\udc49https://reurl.cc/8N7jZ4\n..\n\u6bd4\u624b\u756b\u8173\u6311\u6230\u8ab0\u80fd\u7372\u52dd\n..\n\n\ud83d\udd25\u4e00\u9031\u516b\u5929MV\ud83d\udc49https://youtu.be/pDonIdAMEy0?si=h29waIp61FXwxx7C\n\ud83d\udd25\u744b\u744b\u9ec3\u633a\u744b\u300cPull n' Push\u300d\u6578\u4f4d\u6536\u807d\u7684\u9023\u7d50\ud83d\udc49https://TingWei.lnk.to/PNP\n\ud83d\udd25\u744b\u744b\u7684\u500b\u4eba\u97f3\u6a02\u983b\u9053\u958b\u5f35\u56c9\ud83d\udc49https://www.youtube.com/@tingwei.h.1008\n\nIG \ud83d\udc49 huangbrotherss\nFaceBook \ud83d\udc49 https://goo.gl/UcZf4Y\nLine \ud83d\udc49 @huangbrothers\nTikTok \ud83d\udc49 https://reurl.cc/3ajgpj\n\u8a02\u95b1\u6211\u5011 \ud83d\udc49 https://goo.gl/pPGJbv\n\u52a0\u5165\u983b\u9053\u6703\u54e1 \ud83d\udc49 https://reurl.cc/KAp7ng\n\n\u25ba\u4e00\u9031\u6709\u4e8c\u5230\u4e09\u652f\u65b0\u5f71\u7247\uff0c\u9084\u6709\u4e0d\u5b9a\u6642\u7684\u76f4\u64ad\uff0c\u4e00\u5b9a\u8981\u958b\u9234\u943a\u6536\u901a\u77e5\uff01\n\u25ba\u5927\u5bb6\u591a\u591a\u5206\u4eab\u3001\u6309\u559c\u6b61\uff0c\u4f60\u7684\u652f\u6301\u662f\u7d66\u6211\u5011\u6700\u5927\u7684\u9f13\u52f5\n\n#\u9ec3\u6c0f\u5144\u5f1f",
        "likeCount": "5894",
        "commentCount": "30",
        "viewCount": "153776"
    },
    "comments": [
        {
            "reply_id": "Ugy3__zLfI0pcEgh3-l4AaABAg",
            "reply_content": "\u771f\u7684\u662f\u53ea\u8981\u638c\u63e1\u7684\u7cbe\u9ad3\u5c31\u53ef\u4ee5\u9806\u5229\u50b3\u905e\u4e0b\u53bb\u7684\u4e00\u984cw",
            "likeCount": 12
        },
        {
            "reply_id": "Ugy7femvdjRS4yNFCWx4AaABAg",
            "reply_content": "\u502b\u502b\u8001\u5e2b\u5f88\u5317\u4e03\u53c8\u5f88\u505a",
            "likeCount": 0
        }
    ]
}