{
    "video_info": {
        "id": "Zg5UW9MEU_A",
        "channelTitle": "\u9ec3\u6c0f\u5144\u5f1f",
        "title": "\u5728\u6574\u500b\u516d\u798f\u6751\u73a9\u8eb2\u8c93\u8c93\uff0c4\u4f4dYouTuber\u627e11\u500b\u4eba\uff0c\u6c92\u627e\u5230\u5c31\u8981\u5750\u6050\u6016\u904a\u6a02\u8a2d\u65bd\uff01\u3010\u9ec3\u6c0f\u5144\u5f1f\u3011Ft.  @annie72127  @AJin_Jin \u516d\u798f\u6751",
        "description": "\ud83d\udd2512/2\u744b\u744b\u500b\u4eba\u97f3\u6a02\u5c08\u5834\ud83d\udc49https://reurl.cc/8N7jZ4\n..\n\u744b\uff1a\u9019\u6b21\u6709\u66f4\u591a\u968a\u53cb\u4e86\uff01\u54e1\u5de5\u5011\u9084\u60f3\u5077\u61f6\u554a\n\u54f2\uff1a\u901a\u901a\u6293\u8d77\u4f86\n..\n\n\ud83d\udd25\u4e00\u9031\u516b\u5929MV\ud83d\udc49https://youtu.be/pDonIdAMEy0?si=h29waIp61FXwxx7C\n\ud83d\udd25\u744b\u744b\u9ec3\u633a\u744b\u300cPull n' Push\u300d\u6578\u4f4d\u6536\u807d\u7684\u9023\u7d50\ud83d\udc49https://TingWei.lnk.to/PNP\n\ud83d\udd25\u744b\u744b\u7684\u500b\u4eba\u97f3\u6a02\u983b\u9053\u958b\u5f35\u56c9\ud83d\udc49https://www.youtube.com/@tingwei.h.1008\n\nIG \ud83d\udc49 huangbrotherss\nFaceBook \ud83d\udc49 https://goo.gl/UcZf4Y\nLine \ud83d\udc49 @huangbrothers\nTikTok \ud83d\udc49 https://reurl.cc/3ajgpj\n\u8a02\u95b1\u6211\u5011 \ud83d\udc49 https://goo.gl/pPGJbv\n\u52a0\u5165\u983b\u9053\u6703\u54e1 \ud83d\udc49 https://reurl.cc/KAp7ng\n\n\u25ba\u4e00\u9031\u6709\u4e8c\u5230\u4e09\u652f\u65b0\u5f71\u7247\uff0c\u9084\u6709\u4e0d\u5b9a\u6642\u7684\u76f4\u64ad\uff0c\u4e00\u5b9a\u8981\u958b\u9234\u943a\u6536\u901a\u77e5\uff01\n\u25ba\u5927\u5bb6\u591a\u591a\u5206\u4eab\u3001\u6309\u559c\u6b61\uff0c\u4f60\u7684\u652f\u6301\u662f\u7d66\u6211\u5011\u6700\u5927\u7684\u9f13\u52f5\n\n#\u9ec3\u6c0f\u5144\u5f1f#\u8eb2\u8c93\u8c93#\u516d\u798f\u6751#\u904a\u6a02\u5712",
        "likeCount": "5603",
        "commentCount": "383",
        "viewCount": "214556"
    },
    "comments": [
        {
            "reply_id": "Ugws1rgRgbLIRcWbvFF4AaABAg",
            "reply_content": "\u5e0c\u671b\u53ef\u4ee5\u63d0\u9192\u4e00\u4e0b\u4e4b\u540e\u62cd\u7684\u65f6\u5019\u5c0f\u670b\u53cb\u4e0d\u8981\u4e71\u62a5\u4f4d\u7f6e\u4e0d\u7136\u4f1a\u5f71\u54cd\u89c2\u611f\u548c\u5c0f\u5e2e\u624b\u7684\u6e38\u620f\u4f53\u9a8c\u54e6\ud83d\ude05\ud83d\ude02",
            "likeCount": 2
        },
        {
            "reply_id": "UgyzoXsy32asn01xs8N4AaABAg",
            "reply_content": "\u6709\u4eba\u767c\u73fe \u54f2\u54f2\u5728\u5b8c\u8001\u6cb9\u4e95\u7684\u6642\u5019\u8ddf\u744b\u744b\u727d\u8457\u624b\u55ce",
            "likeCount": 1
        },
        {
            "reply_id": "UgyNg8Z89Mm_kZjeIQN4AaABAg",
            "reply_content": "\u5e0c\u671b\u4e0b\u6b21\u80fd\u53bb\u528d\u6e56\u5c71\u6216\u4e5d\u65cf\u6587\u5316\u6751",
            "likeCount": 0
        },
        {
            "reply_id": "UgwPeB6TGV3fk1476VV4AaABAg",
            "reply_content": "\u528d\u6e56\u5c71\u53ef\u4ee5\u8a66\u8a66\u770b\u73a9\u8eb2\u8c93\u8c93",
            "likeCount": 0
        },
        {
            "reply_id": "Ugxv6HBDRy_j04Vp3KF4AaABAg",
            "reply_content": "\u6211\u89ba\u5f97\u53ef\u4ee5\u6bcf\u904e\u4e00\u5c0f\u6bb5\u6642\u9593\u52a0\u4e0a\u6642\u9593\u7684\u5012\u6578\u9019\u6a23\u5f71\u7247\u6703\u6bd4\u8f03\u523a\u6fc0\ud83d\ude02",
            "likeCount": 0
        },
        {
            "reply_id": "UgyNum6-uOaMqY2Uk9h4AaABAg",
            "reply_content": "\u4eca\u5929\u624d\u53bb\u516d\u798f\u6751\u5982\u679c\u524d\u5929\u53bb\u7684\u8a71\uff0c\u5c31\u53ef\u4ee5\u9047\u898b\u4f60\u4e86",
            "likeCount": 0
        },
        {
            "reply_id": "Ugwf7b_IjgTj_8tRb6F4AaABAg",
            "reply_content": "\u6211\u6628\u5929\u525b\u53bb\u904e\u516d\u798f\u6751\uff0c\u4e5f\u662f\u6211\u7684\u7562\u65c5\u6700\u5f8c\u4e00\u5929",
            "likeCount": 0
        },
        {
            "reply_id": "UgzKIVGh15Fu-6UcFAt4AaABAg",
            "reply_content": "\u6211\u5011\u524d\u5e7e\u5929\u7562\u696d\u65c5\u884c\u4e5f\u6709\u53bb",
            "likeCount": 0
        },
        {
            "reply_id": "UgweSchlhHiYzbDgg9Z4AaABAg",
            "reply_content": "\u53bb\u4e5d\u65cf\u6587\u5316\u6751\u4e00\u500b\u5c0f\u5e6b\u624b\u626e\u4e00\u65cf\u5c31\u6709\u7684\u5fd9\u4e86",
            "likeCount": 0
        },
        {
            "reply_id": "UgyQJHdszkNt1JQ2QGd4AaABAg",
            "reply_content": "\u771f\u5fc3\u89ba\u5f97\u5c0f\u670b\u53cb\u7206\u6599\u662f\u5f88\u7cdf\u7cd5\u7684\u884c\u70ba\uff0c\u7562\u7adf\u4ed6\u5011\u4e5f\u4e0d\u662f\u7375\u4eba\uff0c\u9019\u5b8c\u5168\u5c31\u5931\u53bb\u4e86\u8eb2\u8c93\u8c93\u7684\u610f\u7fa9\u4e86",
            "likeCount": 2
        },
        {
            "reply_id": "Ugwhz1UaOts4kd6g9zp4AaABAg",
            "reply_content": "\u5e0c\u671b\u660e\u5e743\u6708\u591a\u7684\u6642\u5019\u4ed6\u5011\u53ef\u4ee5\u53bb\u9e97\u5bf6\u6a02\u5712\u73a9\u8eb2\u8c93\u8c93",
            "likeCount": 1
        },
        {
            "reply_id": "UgwD4upEehXDvlQSG-Z4AaABAg",
            "reply_content": "\u6211\u60f3\u8bf4\u5c31\u662f\u80fd\u4e0d\u80fd\u6e05\u4e00\u4e0b\u8def\u4eba\u8fd8\u6709\u90a3\u4e9b\u5c0f\u670b\u53cb\u554a\uff0c\u4ed6\u4eec\u7206\u6599\u4e86\u6e38\u620f\u8fd8\u73a9\u4ec0\u4e48\u554a",
            "likeCount": 0
        },
        {
            "reply_id": "UgxFzSb2pCXo2pgYavd4AaABAg",
            "reply_content": "\u4e0b\u6b21\u53bb\u528d\u6e56\u5c71\u548c\u4e5d\u65cf\u6587\u5316\u6751",
            "likeCount": 0
        },
        {
            "reply_id": "UgyZu80irs-3ofR70Ch4AaABAg",
            "reply_content": "\u5049\u5049\u4f60\u5011\u4f86\u9cf3\u7532\u570b\u4e2d\u9cf3\u5c71\u5340",
            "likeCount": 0
        },
        {
            "reply_id": "Ugwq4GZLqrG5WtMH6CJ4AaABAg",
            "reply_content": "\u6211\u73fe\u5728\u516d\u798f\u6625\u8ddf\u4f60\u5011\u540c\u4e00\u5929",
            "likeCount": 0
        },
        {
            "reply_id": "UgzQzfC3s53IU6VS7sh4AaABAg",
            "reply_content": "\u6211\u4f86\u63a8\u85a6\u4e00\u4e0b\u5168\u54e1\u8eb2\u8c93\u8c93\u4e0b\u6b21\u5730\u9ede\u53ef\u4ee5\u9078\u5728\u9e97\u5bf6\u6a02\u5712\u6216\u662f\u528d\u6e56\u5c71\u4e16\u754c",
            "likeCount": 0
        },
        {
            "reply_id": "Ugzmm5a6CWeJW0p7Z254AaABAg",
            "reply_content": "\u4e0b\u6b21\u6765\u4e2a\u5c0f\u5e2e\u624b\u548c\u795e\u79d8\u4eba\u7269\u6765\u8eb2\n\u8fd9\u6837\u5c31\u523a\u6fc0\u4e86",
            "likeCount": 0
        },
        {
            "reply_id": "UgyVhMHyIcefhKX3PrJ4AaABAg",
            "reply_content": "\u5c0f\u670b\u53cb\u7684\u5634\u90fd\u597d\u8ce4\u5594\u5594",
            "likeCount": 3
        },
        {
            "reply_id": "Ugy3TnLp7k_Ug8tpaiF4AaABAg",
            "reply_content": "\u6662\u6662\u8ddf\u5049\u5049\u627e\u7684\u6642\u5019\u597d\u5e25\u554a",
            "likeCount": 1
        },
        {
            "reply_id": "UgwPFHpE-3yQSyMzNgd4AaABAg",
            "reply_content": "\u54f2\u54f2\u7684\u53eb\u8072\u5dee\u9ede\u8b93\u6211\u7b11\u6b7b",
            "likeCount": 0
        }
    ]
}