{
    "video_info": {
        "id": "4txfAyNilQo",
        "channelTitle": "\u773e\u91cf\u7d1aCROWD",
        "title": "Tag\u4f60\u9700\u8981\u88ab\u7642\u7652\u7684\u670b\u53cb\uff0c\u4ed6\u4e00\u5b9a\u6703\u611f\u8b1d\u4f60\ud83d\ude1c\u5feb\u8e0f\u4e0a\u201c \u95b1\u4e16\u754c - MOI \u7684\u5947\u5e7b\u65c5\u9014\u5427\ud83d\ude0d \u201d \u6642\u9593\uff1a11/1-11/30 \uff0c11\uff1a00 - 21\uff1a00\u5730\u9ede\uff1a\u627f\u5104\u9152\u5e971F\u6236\u5916\u5927\u8349\u76ae & 7F \u627f\u98a8\u66f8\u5e97",
        "description": "Tag\u4f60\u9700\u8981\u88ab\u7642\u7652\u7684\u670b\u53cb\uff0c\u4ed6\u4e00\u5b9a\u6703\u611f\u8b1d\u4f60\ud83d\ude1c\n\n\u5feb\u8e0f\u4e0a\u201c \u95b1\u4e16\u754c - MOI \u7684\u5947\u5e7b\u65c5\u9014\u5427\ud83d\ude0d \u201d \n\u6d3b\u52d5\u6642\u9593\uff1a11/1-11/30 \uff0c11\uff1a00 - 21\uff1a00\n\u6d3b\u52d5\u5730\u9ede\uff1a\u627f\u5104\u9152\u5e971F \u6236\u5916\u5927\u8349\u76ae & 7F \u627f\u98a8\u66f8\u5e97\n\n#\u773e\u91cf\u7d1acrowd #andy\u8001\u5e2b #\u5bb6\u5be7 #moi #\u85dd\u8853\u5c55\u89bd",
        "likeCount": "193",
        "commentCount": "1",
        "viewCount": "5805"
    },
    "comments": [
        {
            "reply_id": "Ugzxd3f0fzFhqzTINql4AaABAg",
            "reply_content": "\u5bb6\u5be7\u771f\u662f\u4ec0\u9ebc\u98a8\u683c\u90fd\u53ef\u4ee5\u99d5\u99ad",
            "likeCount": 2
        }
    ]
}