{
    "video_info": {
        "id": "_xdMxZa_aks",
        "channelTitle": "\u773e\u91cf\u7d1aCROWD",
        "title": "\u642d\u9ad8\u9435\u80fd\u5230\u9999\u6e2f\ud83c\udded\ud83c\uddf0\uff1f\u5927\u5bb6\u5feb\u53bb\u8a66\u8a66\u770b\uff08\u8aa4\ud83d\ude02\u8a18\u5f97\u6536\u85cf+\u5206\u4eab \u51fa\u53bb\u65c5\u904a\u96a8\u624b\u62cd\u8d77\u4f86\ud83d\ude0c#hellohongkong #\u9999\u6e2f",
        "description": "#\u9999\u6e2f",
        "likeCount": "259",
        "commentCount": "5",
        "viewCount": "8934"
    },
    "comments": []
}