{
    "video_info": {
        "id": "ChICRMEHYlo",
        "channelTitle": "\u773e\u91cf\u7d1aCROWD",
        "title": "\u5077\u5077\u6536\u85cf\u8d77\u4f86\u6708\u5e95\u8cb7\u7d66\u4f60\u670b\u53cb\u5403\ud83d\ude02\u6211\u5011\u5728\u9019\u5f85\u4e86\u6574\u500b\u4e0b\u5348\uff0c\u592a\u4eab\u53d7\u4e86\uff5e\ud83e\udd70",
        "description": "#\u773e\u91cf\u7d1acrowd #andy\u8001\u5e2b #\u5bb6\u5be7 #\u53f0\u5357\u7f8e\u8853\u9928 #thepool #\u5403\u571f",
        "likeCount": "519",
        "commentCount": "2",
        "viewCount": "13601"
    },
    "comments": []
}