{
    "video_info": {
        "id": "cq6W2N1dCwE",
        "channelTitle": "\u773e\u91cf\u7d1aCROWD",
        "title": "\u7121\u8ad6\u5728\u4e00\u8d77\u591a\u4e45\uff0c\u5973\u4eba\u90fd\u8981\u8b93\u81ea\u5df1\u4fdd\u6301\u9b45\u529b\u2026\u9019\u662f\u8b93\u4ed6\u4e00\u76f4\u9ecf\u8457\u6211\u7684\u79d8\u8a23\ud83d\udc95\u4f60\u5011\u7684\u662f\u4ec0\u9ebc\u5462\uff1f",
        "description": "#\u6a02\u7d72\u6735L#\u8b77\u9aee #\u514d\u6c96\u6d17 #\u6469\u6d1b\u54e5",
        "likeCount": "158",
        "commentCount": "0",
        "viewCount": "3991"
    },
    "comments": []
}