{
    "video_info": {
        "id": "HTx9bjPXsa0",
        "channelTitle": "\u773e\u91cf\u7d1aCROWD",
        "title": "\u6211\u5011\u6700\u751c\u871c\u7684\u4e8b\uff0c\u662f\u7d93\u6b77\u8a31\u591a\u559c\u6012\u54c0\u6a02\ud83d\udc95",
        "description": "#\u773e\u91cf\u7d1acrowd #andy\u8001\u5e2b #\u5bb6\u5be7 #\u751c\u871c\u751f\u6d3b #\u52d5\u7269\u65b9\u7a0b\u5f0f",
        "likeCount": "463",
        "commentCount": "4",
        "viewCount": "7110"
    },
    "comments": [
        {
            "reply_id": "Ugyuj1RTgw9Ds_I9gl54AaABAg",
            "reply_content": "\u6728\u661f\u4eba\u597d\u50cf\u4e5f\u6709\u62cd\u904e\u9019\u500b",
            "likeCount": 3
        }
    ]
}