{
    "channel": {
        "title": "\u9ec3\u963f\u746a\u7684\u5f8c\u5bae\u751f\u6d3b",
        "id": "UCw2W7GIqJNB-UMUxncnMuiw",
        "customUrl": "@fumeancats",
        "uploads": "UUw2W7GIqJNB-UMUxncnMuiw"
    },
    "videos": [
        {
            "id": "fTecoL_IL2g",
            "title": "\u9ad8\u96c4\u5922\u4e4b\u8239\u5feb\u9583\u5e97 \u958b\u59cb\u5566\uff01 11/15\uff5e12/11\u5728\u9ad8\u96c4\u6f22\u795e\u5de8\u86cb8\u6a13"
        },
        {
            "id": "duPTz8Cr_Rw",
            "title": "\u3010\u9ec3\u963f\u746a\u7684\u5f8c\u5bae\u751f\u6d3b\u3011Kimi\u4f86\u5f8c\u5bae\uff01\u6574\u5929\u5145\u6eff\u7591\u60d1\uff01"
        },
        {
            "id": "upAGNQa7vVY",
            "title": "\u8c93\u54aa\u4e00\u79d2\u8b8a\u81c9"
        },
        {
            "id": "hpCqB2B0Ht4",
            "title": "\u3010\u9ec3\u963f\u746a\u7684\u5f8c\u5bae\u751f\u6d3b\u3011\u5695\u5695\u5e74\u5ea6\u5065\u5eb7\u6aa2\u67e5\uff01\u88ab\u5305\u8d77\u4f86\u4e0d\u6562\u52d5"
        },
        {
            "id": "cqKGLa41SIg",
            "title": "\u7761\u524d\u88ab\u9019\u6a23\u6492\u5b0c\uff5e\u5fc3\u81df\u8e66\u8e66\u8df3"
        },
        {
            "id": "X4h-dXIB5XU",
            "title": "\u3010\u9ec3\u963f\u746a\u7684\u5f8c\u5bae\u751f\u6d3b\u3011\u8c93\u54aa\u904e\u6cb3\u6311\u6230\uff01\u5230\u5e95\u8003\u9a57\u667a\u529b\u9084\u662f\u52c7\u6c23\uff1f"
        },
        {
            "id": "9-jJb0UhYn4",
            "title": "\u96e2\u958b\u5e7e\u5929\uff0c\u624d\u77e5\u9053\u6211\u7684\u8c93\u6709\u591a\u9700\u8981\u6211"
        },
        {
            "id": "zIZ55OdDF4Q",
            "title": "\u3010\u9ec3\u963f\u746a\u7684\u5f8c\u5bae\u751f\u6d3b\u3011\u62dc\u8a2a\u56db\u5c0f\u864e\uff01\u9806\u4fbf\u91cf\u9ad4\u91cd\uff01"
        },
        {
            "id": "ac56TQr0Hl8",
            "title": "\u5c0f\u82b1\u751f\u65e5\u76f4\u64ad\uff01\u56db\u5c0f\u864e\u56db\u6b72\u5566\uff01"
        },
        {
            "id": "OvIMZFxoh50",
            "title": "\u795e\u51fa\u9b3c\u6c92\u22ef\u842c\u8056\u7bc0\u5feb\u6a02\ud83c\udf83"
        },
        {
            "id": "uC-QQnSdOHI",
            "title": "\u7576\u5974\u624d\u6700\u5e78\u798f\u7684\u6642\u523b"
        },
        {
            "id": "6e_YrExMSgw",
            "title": "\u3010\u9ec3\u963f\u746a\u7684\u5f8c\u5bae\u751f\u6d3b\u30112023\u8c93\u54aa\u8df3\u9ad8\u6311\u6230\uff01\u5168\u54e1\u90fd\u8df3\uff01"
        },
        {
            "id": "ZrQ6qIxOCOk",
            "title": "\u7a81\u7136\u89aa\u8c93\u54aa\uff0c\u4ed6\u5011\u6703\u600e\u6a23\uff1f\u300a\u67da\u5b50\u6d63\u8178\u7bc7\u300b"
        },
        {
            "id": "Jdi4qzYAr3Y",
            "title": "\u6c38\u9060\u4e0d\u653e\u68c4\u5403\u7684\u963f\u746a\uff01"
        },
        {
            "id": "pTf8S9nOYEY",
            "title": "\u4f60\u807d\u904e\u8c93\u54aa\u6253\u547c\u55ce\uff1f"
        },
        {
            "id": "wLDY02dm_NQ",
            "title": "\u3010\u9ec3\u963f\u746a\u7684\u5f8c\u5bae\u751f\u6d3b\u3011\u67da\u5b50\u7838\u651d\u5f71\u6a5f\uff01\u5f8c\u5bae\u707d\u96e3\u5be6\u9304\uff01"
        },
        {
            "id": "wqlgtaUTve0",
            "title": "\u770b\u5230\u8089\u7403\u4e00\u5b9a\u8981\u505a\u7684\u4e8b"
        },
        {
            "id": "fIjlQI8hlD4",
            "title": "\u628a\u62db\u5f1f\u653e\u5230\u5ba2\u5ef3\uff0c\u51cc\u6668\u4e94\u9ede\u5f8c\u5bae\u5728\u5e79\u561b\uff1f"
        },
        {
            "id": "ZVcCAFKwwtQ",
            "title": "\u3010\u9ec3\u963f\u746a\u7684\u5f8c\u5bae\u751f\u6d3b\u3011\u7528\u6162\u52d5\u4f5c\u770b\u5f8c\u5bae\uff01\u6d63\u8178\u6162\u534a\u62cd\uff01"
        },
        {
            "id": "PilcaQqK_pM",
            "title": "\u8c93\u770b\u5230\u5c0f\u7d19\u7bb1\u7684\u53cd\u61c9\uff1f"
        },
        {
            "id": "eDYXTyXBo44",
            "title": "\u4f60\u770b\u8c93\u7684\u89d2\u5ea6VS\u8c93\u770b\u4f60\u7684\u89d2\u5ea6"
        },
        {
            "id": "i5d5WWIUfDE",
            "title": "\u6d63\u8178\u5728\u5ba2\u5ef3\u597d\u50cf\u60f3\u505a\u58de\u4e8b\u22ef\u22ef"
        },
        {
            "id": "JtYEWpPMbJo",
            "title": "\u8c93\u54aa\u7528\u982d\u76ae\u6309\u6469\u5668\u7684\u53cd\u61c9"
        },
        {
            "id": "_e2wYRVorb8",
            "title": "\u3010\u9ec3\u963f\u746a\u7684\u5f8c\u5bae\u751f\u6d3b\u3011\u5f8c\u5baeOX\u6bd4\u8cfd\uff01\u963f\u746a\u7684\u80a5\u809a\u809a\u5361\u4f4f\u4e86\uff01"
        },
        {
            "id": "nXC0S6GwlUs",
            "title": "\u963f\u746a\u7a81\u7136\u8dd1\u9032\u62db\u5f1f\u623f\u9593\uff0c\u5230\u8655\u627e\u6771\u897f\u5403"
        },
        {
            "id": "zBFO7LvnKZw",
            "title": "\u7a81\u7136\u89aa\u8c93\u54aa\uff0c\u4ed6\u5011\u6703\u600e\u6a23\uff1f"
        },
        {
            "id": "mTAcAK9rvkw",
            "title": "\u628a\u963f\u746a\u8b8a\u8d85\u7d1a\u8cfd\u4e9e\u4eba\u4e86\uff0c\u8b8a\u8eab\u7d19\u888b\uff01"
        },
        {
            "id": "uGQXD-oiVI4",
            "title": "\u3010\u9ec3\u963f\u746a\u7684\u5f8c\u5bae\u751f\u6d3b\u3011\u4e2d\u79cb\u5403\u8089\u6ce5\u51b0\u68d2\uff01"
        },
        {
            "id": "Ac80kD8dcTo",
            "title": "\u6c92\u8fa6\u6cd5\u6297\u62d2\u963f\u746a\u63e1\u624b\uff0c\u8981\u4ec0\u9ebc\u90fd\u7d66\u4f60\u22ef\u22ef"
        },
        {
            "id": "KEbs3UWPXAE",
            "title": "\u5c0f\u82b1\uff1a\u300c\u611b\u4e0a\u6e23\u7537\u7684\u4e0b\u5834\u3002\u300d"
        },
        {
            "id": "IcPBGTFk8n4",
            "title": "\u3010\u9ec3\u963f\u746a\u7684\u5f8c\u5bae\u751f\u6d3b\u30112023\u67da\u5b50\u7684\u4e00\u5929\uff01\u62cd\u5c41\u5c41\u4e0d\u80fd\u505c\uff01"
        },
        {
            "id": "qLWTj4p_c_8",
            "title": "\u67da\u5b50\uff1a\u300c\u958b\u5fc3\uff5e\u300d"
        },
        {
            "id": "feuk0WnIJj0",
            "title": "\uff3b\u76f4\u64ad\u4e2d\uff3d\u67da\u5b5010\u6b72\u751f\u65e5\u5566\uff01"
        },
        {
            "id": "leSNBAEM9xk",
            "title": "\u3010#\u5f8c\u5bae\u96dc\u8a18\u00a0Ep.3\u3011\u8c93\u7aa9\u722d\u596a\u6230\uff01\u76f4\u63a5\u5927\u6253\u51fa\u624b\uff01\uff5c2023.9\u6708"
        },
        {
            "id": "zoD44b8McDw",
            "title": "\u8c93\u54aa\u9047\u4e0a\u982d\u76ae\u6309\u6469\u5668\u7684\u53cd\u61c9"
        },
        {
            "id": "wzuwGtOhRXI",
            "title": "\u3010\u9ec3\u963f\u746a\u7684\u5f8c\u5bae\u751f\u6d3b\u3011\u8c93\u8a9e\u7ffb\u8b6f\u5668\u5be6\u6e2c\uff01\u963f\u746a\u6703\u56de\u7b54\u4ec0\u9ebc\uff1f"
        },
        {
            "id": "NAayM4rTaUY",
            "title": "\u6478\u6b63\u5728\u7761\u89ba\u7684\u8c93\uff0c\u4ed6\u5011\u6709\u4ec0\u9ebc\u53cd\u61c9\uff1f"
        },
        {
            "id": "9w0KCyWrWVA",
            "title": "\u3010\u9ec3\u963f\u746a\u7684\u5f8c\u5bae\u751f\u6d3b\u3011\u300a\u8c93\u5f71\u300b\u7d93\u5178\u8c93\u54aa\u9b3c\u7247"
        },
        {
            "id": "ekDC4kS1src",
            "title": "\u5728\u5730\u677f\u4e0a\u8cbc\u4e00\u500b\u5708\u5c31\u80fd\u5438\u5f15\u8c93\u54aa\uff1f"
        },
        {
            "id": "B6Zm4F6C5jk",
            "title": "\u8981\u8c93\u8df3\u8d77\u4f86\u771f\u7684\u597d\u96e3"
        },
        {
            "id": "TO8tjwhBhTY",
            "title": "\u3010\u9ec3\u963f\u746a\u7684\u5f8c\u5bae\u751f\u6d3b\u3011\u8c93\u54aa\u82ad\u6bd4\u57ce\u5821\uff01\u7d19\u7bb1DIY\uff01"
        },
        {
            "id": "70IqGWsjsJU",
            "title": "\u628a\u8c93\u53fc\u8d77\u4f86\u5c31\u4e0d\u6703\u53cd\u6297\uff1f"
        },
        {
            "id": "sUqTFT42DfA",
            "title": "\u3010\u9ec3\u963f\u746a\u7684\u5f8c\u5bae\u751f\u6d3b\u3011\u963f\u746a\u53bb\u706b\u5c71\u4e86\uff01\u6700\u73cd\u60dc\u7684\u6642\u5149\uff01"
        },
        {
            "id": "riEkgucrhKQ",
            "title": "\u67da\u5b50\uff1a\u300c\u7d66\u6211\u8089\u6ce5\uff01\u300d"
        },
        {
            "id": "TB97VL8SjC4",
            "title": "\u3010\u9ec3\u963f\u746a\u7684\u5f8c\u5bae\u751f\u6d3b\u3011\u5de8\u5927\u7d19\u7bb1\u8ff7\u5bae\uff01\u6574\u500b\u5ba2\u5ef3\u90fd\u662f\u7d19\u7bb1\uff01"
        },
        {
            "id": "kS6uIiDfgzo",
            "title": "\u963f\u746a\u51fa\u9580\uff0c\u5168\u5834\u7686\u77e5\ud83d\ude02"
        },
        {
            "id": "bV3dHDaa6oI",
            "title": "\u3010\u9ec3\u963f\u746a\u7684\u5f8c\u5bae\u751f\u6d3b\u30112023\u4e09\u8173\u7684\u4e00\u5929\uff01"
        },
        {
            "id": "EYb5gfpN5EM",
            "title": "\u300c\u76f4\u64ad\u4e2d\u300d\u4e09\u817316\u6b72\u751f\u65e5\uff01"
        },
        {
            "id": "kPF47GnwhDk",
            "title": "\u98b1\u98a8\u5929\u8c93\u54aa\u90fd\u5728\u5e79\u561b\uff1f\u7dca\u5f35\u7dca\u5f35\u22ef"
        },
        {
            "id": "-MqdpsWrbeA",
            "title": "\u3010\u9ec3\u963f\u746a\u7684\u5f8c\u5bae\u751f\u6d3b\u3011\u5f8c\u5bae\u9664\u87f2\u8a18\uff01\u5168\u8eab\u90fd\u5728\u7662\uff01"
        },
        {
            "id": "piZvlPDxvUc",
            "title": "\u3010\u9ec3\u963f\u746a\u7684\u5f8c\u5bae\u751f\u6d3b\u3011Soso\u611b\u4e0a\u770b\u5f71\u7247\uff01\u8001\u9ad8\u3001\u9ec3\u6c0f\u5144\u5f1f\u7684\u5f71\u7247\u90fd\u770b\uff01"
        },
        {
            "id": "sVd0q-gZ16w",
            "title": "\u67da\u5b50\uff1a\u300c\u4e0d\u53ef\u4ee5\u8d70\u3002\u300d"
        },
        {
            "id": "uL-0VI4mS74",
            "title": "\u3010\u9ec3\u963f\u746a\u7684\u5f8c\u5bae\u751f\u6d3b\u3011\u8c93\u8a9e\u5be6\u6e2c\uff0187%\u7684\u8c93\u90fd\u807d\u5f97\u61c2\uff01"
        },
        {
            "id": "fWRM-pnKZxA",
            "title": "\u3010\u76f4\u64ad\u3011\u5695\u569516\u6b72\u751f\u65e5\uff01\u5403\u8089\u5403\u8d77\u4f86\uff01"
        },
        {
            "id": "wu_dJwQnse8",
            "title": "\u3010\u9ec3\u963f\u746a\u7684\u5f8c\u5bae\u751f\u6d3b\u3011\u6d63\u8178\u5927\u95d6\u5695\u623f\uff01\u88ab\u5c3f\u5f97\u8d85\u6dd2\u6158"
        },
        {
            "id": "Pw09dEjoQAI",
            "title": "\u88ab\u8c93\u58d3\u5236\u4f4f\u600e\u9ebc\u8fa6"
        },
        {
            "id": "dlx-_WXfcI0",
            "title": "\u3010\u9ec3\u963f\u746a\u7684\u5f8c\u5bae\u751f\u6d3b\u3011\u8c93\u54aa\u63db\u6bdb\u5b63\uff01\u8ab0\u662f\u5f8c\u5bae\u5ee2\u6bdb\u738b\uff1f"
        },
        {
            "id": "OLQpsOmR5GM",
            "title": "\u963f\u746a\uff1a\u300c\u6715\u7684\u5e9724hr\u71df\u696d\u4e2d\uff01\u300d#shorts  #Shortstw"
        },
        {
            "id": "NotaIVGXejY",
            "title": "\u3010\u9ec3\u963f\u746a\u7684\u5f8c\u5bae\u751f\u6d3b\u3011\u6f29\u6e26\u7acb\u86cb\u6cd5\uff01\u6210\u529f\u7387\u5927\u589e\uff01"
        },
        {
            "id": "mfJ84-IiEu8",
            "title": "\u3010\u9ec3\u963f\u746a\u7684\u5f8c\u5bae\u751f\u6d3b\u3011\u963f\u746a\u6688\u8eca\u4e86\uff01\u770b\u91ab\u751f\u8d85\u7d1a\u8f9b\u82e6\u22ef"
        },
        {
            "id": "-Xpq-1gO0JY",
            "title": "\u3010\u9ec3\u963f\u746a\u7684\u5f8c\u5bae\u751f\u6d3b\u3011\u5e74\u4e2d\u91cf\u9ad4\u91cd\uff01\u8001\u8c93\u9ad4\u91cd\u5de8\u5927\u8b8a\u5316\uff01"
        },
        {
            "id": "o2Zzp96JEI0",
            "title": "\u3010\u9ec3\u963f\u746a\u7684\u5f8c\u5bae\u751f\u6d3b\u3011\u62db\u5f1f12\u6b72\u751f\u65e5\uff01\u91cd\u65b0\u611b\u4e0a\u963f\u746a\uff01"
        },
        {
            "id": "e4UhSDxf3mk",
            "title": "\u3010\u76f4\u64ad\u4e2d\u3011\u62db\u5f1f\u751f\u65e5QA\u6642\u9593"
        },
        {
            "id": "j2EgFqun4K0",
            "title": "\u3010\u9ec3\u963f\u746a\u7684\u5f8c\u5bae\u751f\u6d3b\u3011\u4e09\u8173\u7684\u5947\u602a\u7656\u597d\uff01\u00a0#\u746a\u746a\u5c0f\u5287\u5834\u00a0EP.13"
        },
        {
            "id": "Wn8-leTBGhw",
            "title": "\u9019\u6771\u897f\u6b20\u63a8\u55ce\uff01#shorts  #Shortstw"
        },
        {
            "id": "90FO14qRL9k",
            "title": "\u3010\u9ec3\u963f\u746a\u7684\u5f8c\u5bae\u751f\u6d3b\u3011\u5f8c\u5bae\u526a\u6307\u7532\uff01\u963f\u746a\u7a81\u7136\u4e0d\u611b\u7259\u818f\u4e86\uff1f"
        },
        {
            "id": "MO-dDG7JfE4",
            "title": "\u9ec3\u963f\u746a\u7684\u5f8c\u5bae\u751f\u6d3b \u7b2c1\u5b63 \u7b2c13\u96c6\u3010\u7070\u80d6\u53bb\u54ea\u4e86\uff1f\u3011\uff5c#\u540c\u540d\u52d5\u756b Fumeancats, Season One, Ep13"
        },
        {
            "id": "WWgSCH4vs-o",
            "title": "\u3010\u9ec3\u963f\u746a\u7684\u5f8c\u5bae\u751f\u6d3b\u3011\u963f\u746a\u6d17\u6fa1\u4e86\uff01\u6cbe\u6eff\u5927\u4fbf\u7684\u8c93\uff01"
        },
        {
            "id": "28MXLBaWZlQ",
            "title": "\u3010\u9ec3\u963f\u746a\u7684\u5f8c\u5bae\u751f\u6d3b\u3011\u963f\u746a\u9ad4\u91cd\u5287\u70c8\u8b8a\u5316\uff01\u518d\u6b21\u6aa2\u67e5\uff01"
        },
        {
            "id": "0K-nFcYLJDY",
            "title": "\u4e0d\u5728\u5bb6\u5341\u5929\uff0c\u8c93\u54aa\u770b\u5230\u4eba\u7684\u53cd\u61c9\u662f\u22ef#shorts #ShortsTW"
        },
        {
            "id": "3FQx4GkhmSs",
            "title": "\u5403\u918b\u7684\u8c93\u54aa\u6709\u591a\u53ef\u6015\uff1f #shorts #ShortsTW"
        },
        {
            "id": "KedQNhnYags",
            "title": "\u3010\u76f4\u64ad\u3011Socles\u768450\u500b\u554f\u984c\uff0113\u6b72\u751f\u65e5QA\uff01"
        },
        {
            "id": "tylRf4cKuSg",
            "title": "\u3010\u9ec3\u963f\u746a\u7684\u5f8c\u5bae\u751f\u6d3b\u3011Socles\u768413\u6b72\u751f\u65e5\uff01\u8b93Soso\u8b8a\u767d\u8c93\u22ef"
        },
        {
            "id": "MpYHYRd34Go",
            "title": "\u9ec3\u963f\u746a\u7684\u5f8c\u5bae\u751f\u6d3b \u7b2c1\u5b63 \u7b2c12\u96c6\u3010\u72f8\u8c93\u53bb\u54ea\u4e86\uff1f\u3011\uff5c#\u540c\u540d\u52d5\u756b Fumeancats, Season One, Ep12"
        },
        {
            "id": "5YYM_Fi-r8k",
            "title": "\uff3b\u76f4\u64ad\u4e2d\uff3d\u6d63\u8178\u751f\u65e5QA\u554f\u7b54\uff01"
        },
        {
            "id": "fBe6VLS6oxg",
            "title": "\u3010\u9ec3\u963f\u746a\u7684\u5f8c\u5bae\u751f\u6d3b\u3011\u6d63\u81788\u6b72\u751f\u65e5\uff01\u505a8\u4ef6\u4e8b\u8b93\u4ed6\u958b\u5fc3\uff01"
        },
        {
            "id": "9pvW9wntHAk",
            "title": "\u4e09\u8173\u7684\u904b\u52d5\u6642\u9593\uff01 #shorts #ShortsTW"
        },
        {
            "id": "W10B6kKATZI",
            "title": "\u3010\u9ec3\u963f\u746a\u7684\u5f8c\u5bae\u751f\u6d3b\u3011\u5c0f\u5695\u4e0d\u5165\u5bae\u4e86\uff01\u539f\u56e0\u516c\u958b\uff01"
        },
        {
            "id": "WRhB5S_7qvw",
            "title": "\u3010\u9ec3\u963f\u746a\u7684\u5f8c\u5bae\u751f\u6d3b\u3011\u65b0\u8c93\u767b\u5834\uff01\u5f8c\u5bae\u7b2c\u4e5d\u96bb\u8c93\uff01"
        },
        {
            "id": "9ZhDAhhM9mA",
            "title": "\u963f\u746a\u8207\u5695\u5695\u7684\u8ac7\u5224 #shorts #ShortsTW"
        },
        {
            "id": "uWazwnNn13A",
            "title": "\u3010#\u5f8c\u5bae\u96dc\u8a18 Ep.2\u3011 \u8c93\u8c93\u96c6\u9ad4\u5012\u5730\uff01\u6539\u9020\u4e00\u9031\u5f8c\u7684\u8b8a\u5316\uff5c2023.3\u6708"
        },
        {
            "id": "EuAiKE_QFeQ",
            "title": "\u9ec3\u963f\u746a\u7684\u5f8c\u5bae\u751f\u6d3b \u7b2c1\u5b63 \u7b2c11\u96c6\u3010\u7070\u80d6\u7684\u96b1\u6182\u3011\uff5c#\u540c\u540d\u52d5\u756b Fumeancats, Season One, Ep11"
        },
        {
            "id": "OPKxNaBaUaQ",
            "title": "\u7db2\u7f8e\u597d\u96e3\u7576\u22ef\u22ef  #shorts #ShortsTW"
        },
        {
            "id": "wz2Dli9M5lQ",
            "title": "\u7a81\u7136\u89aa\u8c93\u54aa\u4e00\u4e0b \u4ed6\u5011\u6709\u4ec0\u9ebc\u53cd\u61c9\uff1f #shorts #ShortsTW"
        },
        {
            "id": "wx9fdCXdkPs",
            "title": "\u3010\u9ec3\u963f\u746a\u7684\u5f8c\u5bae\u751f\u6d3b\u3011\u8001\u8c93\u5b85\u6539\u9020\uff01\u9069\u5408\u8001\u8c93\u751f\u6d3b\u7684\u74b0\u5883\uff01#\u8001\u8c93 #\u5bf5\u7269\u5b85 #\u6539\u9020 #\u8c93\u623f"
        },
        {
            "id": "6Bb1UBZ3wyw",
            "title": "\u62db\u5f1f\u7684\u5c0f\u79d8\u5bc6\u22ef  #shorts #ShortsTW"
        },
        {
            "id": "Jp_sWLqHxsY",
            "title": "\u3010\u9ec3\u963f\u746a\u7684\u5f8c\u5bae\u751f\u6d3b\u3011\u963f\u746a\u7a81\u7136\u8ddb\u8173\uff01\u9001\u91ab\u5065\u6aa2\uff01"
        },
        {
            "id": "ylAtQ26BLlA",
            "title": "\u3010\u9ec3\u963f\u746a\u7684\u5f8c\u5bae\u751f\u6d3b\u3011\u51fa\u570b\u6642\u8ddf\u963f\u746a\u8996\u8a0a\uff01\u6703\u8a8d\u5f97\u5974\u624d\u55ce\uff1f"
        },
        {
            "id": "VcV2acMh7GE",
            "title": "\u9ec3\u963f\u746a\u7684\u5f8c\u5bae\u751f\u6d3b \u7b2c1\u5b63 \u7b2c10\u96c6\u3010\u5c0f\u62db\u5f1f\u52f8\u67b6\u7684\u65b9\u6cd5\uff01\u3011\uff5c#\u540c\u540d\u52d5\u756b\u00a0Fumeancats, Season One, Ep10"
        },
        {
            "id": "CMcg7nQY8n8",
            "title": "\u3010\u9ec3\u963f\u746a\u7684\u5f8c\u5bae\u751f\u6d3b\u3011\u62db\u5f1f\u8df3\u6a13\u4e86\uff01"
        },
        {
            "id": "xdylWAr5FrA",
            "title": "\u8c93\u5974\u884c\u674e\u7bb1\u90fd\u88dd\u4ec0\u9ebc\uff1f #shorts #ShortsTW"
        },
        {
            "id": "iys1FoCBBf0",
            "title": "\u3010\u9ec3\u963f\u746a\u7684\u5f8c\u5bae\u751f\u6d3b\u3011\u5f8c\u5bae\u505a\u8c93\u9580\uff01\u53ef\u96a8\u610f\u9032\u51fa\u7684\u5047\u8c93\u9580"
        },
        {
            "id": "tT4Vpho4KxQ",
            "title": "\u62db\u5f1f\u7684\u8e0f\u8e0f\u4e4b\u821e #shorts #ShortsTW"
        },
        {
            "id": "N2ZquASrw0s",
            "title": "\u3010\u9ec3\u963f\u746a\u7684\u5f8c\u5bae\u751f\u6d3b\u3011\u5e74\u521d\u91cf\u9ad4\u91cd\uff01\u963f\u746a\u6709\u9a5a\u4eba\u8b8a\u5316\uff01"
        },
        {
            "id": "dCgbvbP5b_0",
            "title": "\u3010\u9ec3\u963f\u746a\u7684\u5f8c\u5bae\u751f\u6d3b\u3011\u5f8c\u5bae\u6536\u7d05\u5305\uff01\u8d85\u610f\u5916\u7684\u8c93\u54aa\u7d05\u5305\uff01"
        },
        {
            "id": "Qw8M2hHwCMQ",
            "title": "\u9ec3\u963f\u746a\u7684\u5f8c\u5bae\u751f\u6d3b \u7b2c1\u5b63 \u7b2c9\u96c6\u3010\u6559\u5c0f\u62db\u5f1f\u5b78\u5403\u98ef\uff01\u963f\u746a\u597d\u7d2f\uff01\u3011\uff5c#\u540c\u540d\u52d5\u756b Fumeancats, Season One, Ep09"
        },
        {
            "id": "DiUWzwk1HqY",
            "title": "[\u751f\u65e5QA\u76f4\u64ad\uff3d\u963f\u746a16\u6b72\u4e86\uff0c\u5148\u5403\u8089\u6ce5\u9084\u662f\u51cd\u4e7e\uff1f"
        },
        {
            "id": "etsJPrQMALk",
            "title": "\u3010\u9ec3\u963f\u746a\u7684\u5f8c\u5bae\u751f\u6d3b\u3011\u963f\u746a16\u6b72\u751f\u65e5\uff01\u505a16\u4ef6\u4e8b\u8b93\u4ed6\u958b\u5fc3\uff01"
        },
        {
            "id": "i4GX1yI4nJ8",
            "title": "\u3010\u9ec3\u963f\u746a\u7684\u5f8c\u5bae\u751f\u6d3b\u30112022\u65b7\u6368\u96e2\uff01\u6c7a\u5b9a\u9001\u990a\u9019\u5169\u96bb\uff01\uff01"
        },
        {
            "id": "P5HKy_nlzVw",
            "title": "\u3010\u9ec3\u963f\u746a\u7684\u5f8c\u5bae\u751f\u6d3b\u3011Socles\u72c2\u5410\uff01\u9001\u91ab\u5065\u6aa2\u627e\u539f\u56e0\uff01"
        }
    ]
}