{
    "channel": {
        "title": "\u83ab\u5f69\u66e6Hailey",
        "id": "UCZqsvi6uhFrbsJcAmcZudcQ",
        "customUrl": "@haileymocaixi",
        "uploads": "UUZqsvi6uhFrbsJcAmcZudcQ"
    },
    "videos": [
        {
            "id": "rJBcv01hlvI",
            "title": "\u3010\u7f8e\u570b\u5f1f\u5f1f\u7b2c\u4e00\u6b21\u4f86\u53f0\u7063\u73a9\ud83c\uddf9\ud83c\uddfc\u3011\u4e00\u4e0b\u98db\u6a5f\u5c31\u885d\u53bb\u591c\u5e02\uff01\u7ff9\u8ab2\u4f86\u5403\u7206\u53f0\u7063\u5c0f\u5403"
        },
        {
            "id": "T7pUF_iPjWs",
            "title": "\u3010\u7b2c\u4e00\u6b21\u770b\u5230\u5bf6\u5bf6\u7684\u81c9\uff01\u62cd\u5b55\u5a66\u5beb\u771f\ud83c\uddf9\ud83c\uddfc\u3011\u5403\u7206\u53f0\u7063\u7f8e\u98df\u90fd\u4e0d\u7528\u81ea\u5df1\u716e\ud83e\udd72 \u597d\u5e78\u798f"
        },
        {
            "id": "a7V3o6suQdY",
            "title": "\u3010\u751f\u5c0f\u5b69\u524d\u6700\u5f8c\u4e00\u6b21\u5169\u500b\u4eba\u56de\u53f0\u7063\ud83c\uddf9\ud83c\uddfc\u3011\u4e0b\u6b21\u5c31\u662f\u4e09\u500b\u4eba\u4e86\uff01\u5b55\u671f\u7d50\u675f\u524d\u7684\u6d6a\u6f2b\u4e4b\u65c5VLOG"
        },
        {
            "id": "T8S0dPoV57k",
            "title": "\u3010\u7f8e\u570b\u5c0f\u5b69\u7b2c\u4e00\u6b21\u73a9\u53f0\u7063\u73a9\u5177\ud83c\uddf9\ud83c\uddfc\u3011\u6d1e\u6d1e\u6a02\u3001\u61f8\u6d6e\u7403\u90fd\u6c92\u770b\u904e\uff01\u4e00\u73a9\u5c31\u611b\u4e0a\u53f0\u7063\u53e4\u65e9\u5473\u73a9\u5177"
        },
        {
            "id": "BJlhb0qhSVA",
            "title": "\u3010\u7f8e\u570b\u4eba\u7b2c\u4e00\u6b21\u5403\u53f0\u7063\u53e4\u65e9\u5473\u96f6\u98df\uff01\u3011\u9eb5\u8336\u7c89\u3001\u7259\u818f\u5de7\u514b\u529b\u91ac !? \u7f8e\u570b\u90fd\u6c92\u6709\uff01"
        },
        {
            "id": "dukd9GnhIAg",
            "title": "\u3010\u7f8e\u570b\u5b55\u5a66\u53ea\u60f3\u5403\u53f0\u5f0f\u6599\u7406\uff01\ud83c\uddf9\ud83c\uddfc\u3011\u6311\u6230\u81ea\u88fd\u83e0\u863f\u9eb5\u5305\u3001\u828b\u982d\u9bae\u5976\u3001\u5730\u74dc\u8449\u4e0d\u7c21\u55ae\uff5c\u5403\u7206\u60f3\u5ff5\u5e74\u7684\u53f0\u7063\u7f8e\u98df"
        },
        {
            "id": "Ow-Pwm7Vnnk",
            "title": "\u3010\u7f8e\u570b\u5a66\u7522\u79d1\u53ea\u67092\u6b21\u8d85\u97f3\u6ce2 !? \u3011\u7f8e\u570b\u5b55\u5a66\u7684\u4e00\u5929\uff5c\u53f0\u7f8e\u5b55\u5a66\u5dee\u7570\ud83c\uddf9\ud83c\uddfc\ud83c\uddfa\ud83c\uddf8"
        },
        {
            "id": "z6g6Xa25VMI",
            "title": "\u3010\u7f8e\u570b\u5f1f\u5f1f\u7b2c\u4e00\u6b21\u6311\u6230\u81ea\u88fd\u86b5\u4ed4\u714e\uff01\u3011\u5b8c\u5168\u4e0d\u77e5\u9053\u81ea\u5df1\u5728\u716e\u4ec0\u9ebc\ud83d\ude05 \u771f\u7684\u80fd\u6210\u529f\u55ce\uff1f"
        },
        {
            "id": "iUEfVR0Fjn0",
            "title": "\u3010\u958b\u7bb1\u4e00\u665a32\u842c\u5143\u5168\u7f8e\u570b\u6700\u8cb4\u98ef\u5e97\ud83e\udd2f\u3011\u90fd\u662f\u660e\u661f\u4f86\u5165\u4f4f\uff01\u5468\u908a\u7adf\u7136\u6c92\u6709\u6771\u897f\uff1f"
        },
        {
            "id": "PVM5bkm-M74",
            "title": "\u3010\u4e00\u6b21\u8d85\u97f3\u6ce2\u89815,500\u5143\ud83e\udd2f\u3011\u53f0\u7f8e\u96d9\u570b\u7c4d\uff1f\u6703\u6559\u5bf6\u5bf6\u4e2d\u6587\uff1f\u61f7\u5b55Q&A"
        },
        {
            "id": "HwejWnitu-I",
            "title": "\u3010\u6211\u5011\u6703\u751f\u7537\u751f\u9084\u662f\u5973\u751f\uff1f\u3011\u8ddf\u5bb6\u4eba\u958b\u6027\u5225\u63ed\u66c9\uff5c\u516c\u5e03\u6211\u5011\u7b2c\u4e00\u5bf6\u7684\u6027\u5225 \ud83d\udc76"
        },
        {
            "id": "i7qNBLZwGw4",
            "title": "\u3010\u7f8e\u570b\u5c0f\u5b69\u7b2c\u4e00\u6b21\u5403\u53f0\u7063\u51b0\u68d2\u3011\u5c0f\u7f8e\u51b0\u6dc7\u6dcb\u76f4\u63a5\u7528\u559d\u7684 !? \u8c46\u985e\u51b0\u68d2\u53cd\u61c9\u597d\u6fc0\u70c8\ud83d\ude05"
        },
        {
            "id": "9-W8RouaTkY",
            "title": "\u301042\u500b\u4eba\u30013\u9031\u3001\u540c\u4e00\u500b\u623f\u5b50\ud83e\udd2f\u3011\u5c0f\u5b69\u55e8\u7ffb\uff01\u623f\u5b50\u600e\u9ebc\u4fdd\u6301\u4e7e\u6de8\uff1f \u4e00\u5bb6\u4eba\u7684\u760b\u72c2\u5ea6\u5047VLOG"
        },
        {
            "id": "fLqDvtpl1LM",
            "title": "\u3010\u6d29\u6f0f\u7f8e\u570b\u660e\u661f\u5c08\u7528\u7684\u795e\u79d8\u6a5f\u5834\u3011\u5168\u8eab\u6309\u6469\u3001\u7406\u9aee\u670d\u52d9\u30015\u661f\u79c1\u5eda\u9910\u9ede\uff01"
        },
        {
            "id": "7mIx_LuEPeY",
            "title": "\u3010\u8001\u516c\u7684\u5f1f\u5f1f\u7b2c\u4e00\u6b21\u5403\u9f0e\u6cf0\u8c50\u3011\u7f8e\u570b\u9f0e\u6cf0\u8c50\u4e00\u9846\u5c0f\u7c60\u5305\u8981200\u5143 !? \ud83d\udcb8 \u5f1f\u5f1f\u4eba\u751f\u521d\u6b21\u5403\u53f0\u7063\u7f8e\u98df"
        },
        {
            "id": "VsRKBrMy1Hg",
            "title": "\u3010\u5bb6\u4eba\u807d\u5230\u61f7\u5b55\u6d88\u606f\u7684\u53cd\u61c9\uff01\u3011\u61f7\u7b2c\u4e00\u80ce\uff0c\u5bb6\u4eba\u90fd\u5f88\u6fc0\u52d5\uff5c\u7238\u5abd\u54ed\u4e86 \u2764\ufe0f"
        },
        {
            "id": "emjv9FaPufg",
            "title": "\u3010\u6211\u5011\u61f7\u5b55\u4e86\u2764\ufe0f\u3011We're pregnant!"
        },
        {
            "id": "bY-l1pU3N8k",
            "title": "\u301080\u6b72\u7684\u7f8e\u570b\u963f\u5b24\u7b2c\u4e00\u6b21\u904e\u7aef\u5348\u7bc0\uff01\u3011\u5206\u5f97\u51fa\u4f86\u5357\u7cbd\u8ddf\u5317\u7cbd\u55ce\uff1f\u7aef\u5348\u7bc0\u7279\u8f2f"
        },
        {
            "id": "EnJ_qldAg-4",
            "title": "\u3010\u7f8e\u570b\u59b9\u59b9\u4e00\u5403\u5c31\u611b\u4e0a\u4e86\u706b\u934b !? \u3011\u51ac\u7c89\u3001\u674f\u9b91\u83c7\u3001\u5e74\u7cd5\u90fd\u597d\u964c\u751f\ud83d\ude2f \u5e36\u8457\u5bb6\u4eba\u521d\u5617\u706b\u934b"
        },
        {
            "id": "R6YutK0CKVM",
            "title": "\u3010\u8de8\u8d8a3\u500b\u53f0\u7063\u7684\u8ddd\u96e2\u7d66\u54e5\u54e5\u5927\u9a5a\u559c\u3011\u54e5\u54e5\u4ee5\u70ba\u89aa\u59b9\u59b9\u662f\u5c0f\u5077\uff01\u9001\u5165\u539d\u79ae\u5e6b\u4ed6\u5011\u642c\u5bb6 :)"
        },
        {
            "id": "p9pb1OvlfSM",
            "title": "\u3010\u53f0\u7063\u8ddf\u7f8e\u570b\u7684\u7576\u92ea\u5dee\u8d85\u591a\ud83e\udd2f\u3011\u53f0\u7063\u7576\u92ea\u8aaa\u5a5a\u6212\u662f\u5408\u6210\u7684\uff0c\u7f8e\u570b\u7576\u92ea\u8aaa\u662f\u771f\u7684 !?"
        },
        {
            "id": "6MQ1cBI_jLk",
            "title": "\u3010\u7238\u5abd\u7b2c\u4e00\u6b21\u9ad4\u9a57\u53f0\u7063\u50b3\u7d71\u5a5a\u7d17\u3011\u4e00\u5bb6\u4eba\u62cd\u5a5a\u7d17\u7d00\u5ff5\u53f0\u7063\u4e4b\u65c5\uff5c\u83ab\u5abd\u611f\u52d5\u5230\u54ed\u4e86\u2764\ufe0f"
        },
        {
            "id": "ImTmaG_T8Wg",
            "title": "\u3010\u7f8e\u570b\u7238\u5abd\u521d\u5617\u53f0\u7063\u852c\u98df\u71b1\u7092\u3011\u9cf3\u68a8\u8766\u7403\u3001\u5bae\u4fdd\u96de\u4e01\u3001\u7121\u932b\u6392\u9aa8\uff01\u7238\u5abd\u6c92\u60f3\u5230\u7684\u53f0\u7063\u6599\u7406"
        },
        {
            "id": "A3Ppofn8BNk",
            "title": "\u3010\u770b\u5230\u53f0\u7063\u91ab\u7642\u8cbb\u50bb\u7206\u773c\uff01\u3011\u9019\u50f9\u9322\u78ba\u5b9a\u662f\u5728\u770b\u91ab\u751f !? \u7f8e\u570b\u91ab\u751f\u53f0\u7063\u91ab\u7642\u521d\u9ad4\u9a57"
        },
        {
            "id": "JVamUJDNs2w",
            "title": "\u3010\u7f8e\u570b\u4eba\u7fa8\u6155\u6b7b\u53f0\u7063\u7684\u5c0f7\uff01\u3011\u7c73\u5176\u6797\u9910\u9ede\u3001\u81ea\u71b1\u706b\u934b\u3001\u679c\u6c41\u5427 \ud83d\ude32 \u7238\u5abd\u5927\u5403\u4e00\u9a5a"
        }
    ]
}