{
    "channel": {
        "title": "DE JuN",
        "id": "UC4Aclpo5YyXbKPeiZNO_uiw",
        "customUrl": "@dejunmix",
        "uploads": "UU4Aclpo5YyXbKPeiZNO_uiw"
    },
    "videos": [
        {
            "id": "Oa269w2r6Wk",
            "title": "\u3010DE JuN\u3011\u6050\u6016\u904a\u6232 - \u7d42\u65bc\u73a9\u5230\u4e00\u6b3e\u795e\u4f5c\u4e86\uff01(DEPPART)"
        },
        {
            "id": "2MG2E3Xe1oc",
            "title": "\u3010DE JuN\u3011\u6a21\u4effbeatboxers\uff0cBeatbox\u6559\u5b78 (11/8\u76f4\u64ad\u7cbe\u83ef)"
        },
        {
            "id": "SeFCgJs_PXc",
            "title": "\u3010DE JuN\u3011\u6050\u6016\u904a\u6232 - \u7761\u7720\u653e\u9b06\u6563\u6b65\u6a21\u64ec(DON'T SCREAM)"
        },
        {
            "id": "0uhH9gChiUs",
            "title": "\u3010DE JuN\u3011\u62b1\u6b49\u4e86\u53e3\u888b\u5947\u5175 (11/1\u76f4\u64ad\u7cbe\u83ef)"
        },
        {
            "id": "UqKepsMK0d0",
            "title": "\u3010DE JuN\u3011\u52d5\u7269\u6d3e\u5c0d - \u7c73\u5495\u5495\u53c3\u6230\uff01(Party Animals)"
        },
        {
            "id": "ODBT_SYTUyY",
            "title": "\u3010DE JuN\u3011GTA5 - \u9019\u4e0bZ\u5b57\u8d70\u4f4d\u4e5f\u6d3e\u4e0d\u4e0a\u7528\u5834\u4e86\uff01"
        },
        {
            "id": "84Mta4AgPJ0",
            "title": "\u3010DE JuN\u3011GTA5 - \u4e16\u754c\u76c3\u722d\u596a\uff01\u78b0\u78b0\u8eca\u4e4b\u738b\uff01"
        },
        {
            "id": "SO28ewUy_Ls",
            "title": "\u3010DE JuN\u3011\u53bb\u65e5\u672c\u524d\u6700\u5f8c\u4e00\u6ce2\u5c0d\u7df4"
        },
        {
            "id": "YKXX9hUd0-o",
            "title": "\u3010DE JuN\u3011\u52d5\u7269\u6d3e\u5c0d - \u5c31\u554f\u9019\u628a\u600e\u9ebc\u8f38?(Party Animals)"
        },
        {
            "id": "MpEIaj11Y8o",
            "title": "\u3010DE JuN\u3011\u52d5\u7269\u6d3e\u5c0d  - \u4e0d\u7378\u63a7\u5236\u5566\uff01\uff01(Party Animals)"
        },
        {
            "id": "KhrrgFGpYo4",
            "title": "\u7df4\u8d77\u4f86!"
        },
        {
            "id": "0KpLUmBbVso",
            "title": "\u3010DE JuN\u3011\u807d\u8aaa\u523a\u9019\u500b\u90e8\u4f4d\u5f88\u75db?!"
        },
        {
            "id": "dX87l47Ri70",
            "title": "\u60f3\u4e0d\u5230\u5427~"
        },
        {
            "id": "sjdFQLwpQX4",
            "title": "\u3010DE JuN\u3011GTA5 - \u76f4\u901a\u96f2\u9704\uff01\u6c7d\u8eca\u6703\u8b8a\u5f62\u7684\u8cfd\u9053?!"
        },
        {
            "id": "X1K6KK6FNcI",
            "title": "\u3010DE JuN\u3011GTA5 - \u5c71\u9053\u7334\u5b50? \u62b1\u6b49\u8acb\u53eb\u6211\u5c71\u9053\u4e4b\u738b\uff01"
        },
        {
            "id": "LA5PDSkdiqM",
            "title": "\u3010DE JuN\u3011GTA5 - \u8ced\u4e0a\u5c0a\u56b4\uff01\u9019\u628a\u7d55\u5c0d\u4e0d\u80fd\u8f38\uff01"
        },
        {
            "id": "caUzr2YPPVY",
            "title": "\u3010DE JuN\u3011GTA5 - \u98db\u8eca\u6a19\u9776\u52a0\u6642\u5927\u4e82\u9b25\uff01\u5c31\u554f\u4f60\u670d\u4e0d\u670d\uff1f"
        },
        {
            "id": "ERW9OVbTqYM",
            "title": "\u3010DE JuN\u3011\u6697\u7db2\u63a2\u7d22 - \u7adf\u552e\u8ce3\u500b\u4eba\u96b1\u79c1\uff01\uff1f(\u6697\u7db2Deep Web)"
        },
        {
            "id": "lSJvJTTj_R0",
            "title": "\u3010DE JuN\u3011GTA5 - \u5b9a\u6d77\u795e\u91dd\uff01\u8dd1\u9053\u4e0a\u7adf\u51fa\u73fe\u6d77\u5e02\u8703\u6a13\uff01"
        },
        {
            "id": "Bly0F5hFXGE",
            "title": "\u770b\u5f97\u4f60\u5fc3\u88e1\u767c\u5bd2"
        },
        {
            "id": "-RAeG8PT0L4",
            "title": "\u3010DE JuN\u3011GTA5 - \u53f2\u4e0a\u6700\u96e3\u7684\u8d8a\u91ce\u8cfd\u9053\uff01"
        },
        {
            "id": "oaPMzHePywA",
            "title": "\u3010DE JuN\u3011Nextbot - SCP-096 - \u7f9e\u6f80\u7684\u4eba(Garry's Mod)"
        },
        {
            "id": "1CuhLalI7pA",
            "title": "\u3010DE JuN\u3011\u6697\u7db2\u63a2\u7d22 - \u6697\u7db2\u804a\u5929\u5ba4\uff01\u7d05\u8272\u623f\u9593\u548c\u6697\u7db2\u98df\u8b5c\uff01(\u6697\u7db2Deep Web)"
        },
        {
            "id": "AdsQwvI7Ys8",
            "title": "\u3010DE JuN\u3011\u6697\u7db2\u63a2\u7d22 - \u5c45\u7136\u771f\u6709\u98df\u4eba\u7db2\uff01\uff1f(\u6697\u7db2Deep Web)"
        },
        {
            "id": "5XFaFV7zYF4",
            "title": "\u3010DE JuN\u3011GTA5 - \u8f38\u8d0f\u4e0d\u91cd\u8981\uff01\u4f46\u7d55\u5c0d\u4e0d\u80fd\u8f38\u4ed6\uff01"
        },
        {
            "id": "9G6_p-9fxdY",
            "title": "\u3010DE JuN\u3011\u767e\u9b3c\u591c\u884c\uff01\u653b\u5805\u6050\u6016\u6536\u5bb9\u6240\uff01(SCP: 5K)"
        },
        {
            "id": "oyi8hfeaeTY",
            "title": "\u3010DE JuN\u3011GTA5 - \u751f\u6b7b\u4ea4\u932f\u8cfd\u9053\uff01\u9084\u6c92\u8dd1\u5b8c\u5148\u88ab\u649e\u721b\uff01"
        },
        {
            "id": "FNn8oRSxhgE",
            "title": "\u3010DE JuN\u3011GTA5 - \u66b4\u529b\u78b0\u78b0\u8eca\uff01\u9ed1\u6d1e\u9ad8\u7a7a\u5929\u81fa\uff01"
        },
        {
            "id": "Y4GQuJfT_54",
            "title": "\u3010DE JuN\u3011\u653b\u5805\u6a21\u64ec\u5668\uff01\u9a5a\u898b\u591c\u5e97\u6158\u6848\uff01(Ready or Not)"
        },
        {
            "id": "CnksH5oW6s8",
            "title": "\u3010DE JuN\u3011\u6700\u771f\u5be6\u7684\u57ce\u5e02\u4f5c\u6230\u904a\u6232\uff01\uff08six days in fallujah\uff09"
        },
        {
            "id": "zMuHeZ7GPek",
            "title": "\u3010DE JuN\u3011\u7d55\u547d\u7cbe\u795e\u75c5\u96623 - \u80a5\u5a46\u5976\u5976\u5922\u5de5\u5ee0 (The Outlast Trials)"
        },
        {
            "id": "wElI-nxiEGc",
            "title": "\u3010DE JuN\u3011\u55ae\u6bba\u4e16\u754c\u738b\uff01\u79d2\u6bba\u6240\u6709BOSS\uff01\u7834\u5104\u50b7\u5bb3 Diablo 4 SPEEDKILL ALL BOSSES(\u6697\u9ed1\u7834\u58de\u795eIV)"
        },
        {
            "id": "CGkxYySsD7g",
            "title": "\u3010DE JuN\u3011\u6700\u9ad8\u96e3\u5ea6\u7d42\u5c40BOSS\u8389\u8389\u7d72\u64ca\u6bba\uff01(\u6697\u9ed1\u7834\u58de\u795eIV)\u8389\u8389\u7d72\u7684\u56de\u97f3 Uber Lilith Kill"
        },
        {
            "id": "ZiI9meuK9G0",
            "title": "\u3010DE JuN\u3011\u6211\u5728\u6697\u9ed1\u7834\u58de\u795eIV\u88e1\u88ab\u61f8\u8cde\u4e86!? (diablo 4)"
        },
        {
            "id": "vF8AfrNIBPw",
            "title": "\u3010DE JuN\u3011\u7d55\u547d\u7cbe\u795e\u75c5\u96623 - \u80a5\u5a46\u751f\u6b7b\u6200\uff01 (The Outlast Trials)"
        },
        {
            "id": "HTLJOfrivOM",
            "title": "\u3010DE JuN\u3011\u7d55\u547d\u7cbe\u795e\u75c5\u96623 - \u795e\u7d93\u75c5\u5927\u6230\u5178\u7344\u9577 (The Outlast Trials)"
        },
        {
            "id": "xhPNrIycGRw",
            "title": "\u3010DE JuN\u3011\u6293\u9b3c\u7279\u653b\u968a - \u7269\u7406\u8d85\u6e21\uff01\u76f4\u63a5\u62d4\u69cd\uff01\uff08Demonologist\uff09"
        },
        {
            "id": "n4RaSiLvvq8",
            "title": "\u3010DE JuN\u3011\u6293\u9b3c\u7279\u653b\u968a - \u9084\u662f\u628a\u4f60\u8d85\u6e21\u4e86\u5427!\uff08Demonologist\uff09"
        },
        {
            "id": "XDcd9GWECec",
            "title": "\u3010DE JuN\u3011\u6293\u9b3c\u7279\u653b\u968a - \u9019\u4e0b\u771f\u7684\u5687\u5c3f\u4e86\uff01\uff01\uff08Demonologist\uff09"
        },
        {
            "id": "iYO1DatDKrg",
            "title": "\u3010DE JuN\u3011DEVOUR - \u4eba\u7684\u5fcd\u8010\u662f\u6709\u9650\u5ea6\u7684\u3002"
        },
        {
            "id": "jt4-h88QLGE",
            "title": "\u3010DE JuN\u3011\u91ce\u4eba\u6a21\u64ec\u56682 -\u6700\u7d42\u7d50\u5c40\uff01?\u9670\u68ee\u4e4b\u5b50(The forest 2) Sons Of The Forest"
        },
        {
            "id": "OIBajQUJNh0",
            "title": "\u3010DE JuN\u3011\u91ce\u4eba\u6a21\u64ec\u56682 -\u6211\u5011\u56de\u4f86\u5566\uff01\uff01\u9670\u68ee\u4e4b\u5b50(The forest 2) Sons Of The Forest"
        },
        {
            "id": "PwPFvEJTZsI",
            "title": "\u3010DE JuN\u3011 \u4e00\u6b3e\u6709\u9ede\u7cde\u53c8\u4e0d\u7cde\u7684\u7cdeGAME"
        },
        {
            "id": "cgIvJb5dOBM",
            "title": "\u3010DE JuN\u3011\u6c92\u6709\u6bd4\u9019\u66f4\u5b89\u5168\u7684\u5730\u65b9\u4e86\u3002"
        },
        {
            "id": "5GfUjiaS_gs",
            "title": "\u3010DE JuN\u3011\u6bad\u5c4d\u751f\u5b58100\u5929 - \u672b\u65e5\u6c7a\u6230\uff01(P5) Minecraft"
        },
        {
            "id": "IroH6tcFiVI",
            "title": "\u3010DE JuN\u3011\u6bad\u5c4d\u751f\u5b58100\u5929 - \u66b4\u98a8\u96e8\u524d\uff01(P4) Minecraft"
        },
        {
            "id": "CXrEV5wOVuo",
            "title": "\u3010DE JuN\u3011\u6bad\u5c4d\u751f\u5b58100\u5929 - \u767c\u73fe\u907a\u8de1\uff01(P3) Minecraft"
        },
        {
            "id": "Ax2YC0f2IsA",
            "title": "\u3010DE JuN\u3011\u6bad\u5c4d\u751f\u5b58100\u5929 - \u5730\u4e0b\u63a2\u7d22\uff01(P2) Minecraft"
        },
        {
            "id": "caxPbaBNM1U",
            "title": "\u3010DE JuN\u3011\u6bad\u5c4d\u751f\u5b58100\u5929 - \u5192\u96aa\u5c55\u958b\uff01(P1) Minecraft"
        },
        {
            "id": "YkPl_UZOMQo",
            "title": "\u3010DE JuN\u3011\u6c5f\u6e56\u5016\u5b58\u8005 - \u73fe\u5728\u9000\u8cbb\u9084\u4f86\u5f97\u53ca\u55ce?"
        },
        {
            "id": "rWr_qI9eAfg",
            "title": "\u3010DE JuN\u3011\u807d\u8aaa\u6709\u4eba\u8981\u6539\u884c\u4e86\u3002"
        },
        {
            "id": "Z-hVxx6m54I",
            "title": "\u3010DE JuN\u3011\u4f60\u597d\u9130\u5c452(DEMO) - \u6642\u96946\u5e74\u7684\u57fa\u4f6c\u9130\u5c45\uff01"
        },
        {
            "id": "hTZ66JBmgJY",
            "title": "\u3010DE JuN\u3011Rust - \u5343\u842c\u5225\u544a\u8a34\u5225\u4eba\u4f60\u5bb6\u4f4f\u54ea\uff01"
        },
        {
            "id": "QSQ3l2E74V0",
            "title": "\u3010DE JuN\u3011Rust - \u807d\u8a71\uff01\u8b93\u6211\u770b\u770b\uff01"
        },
        {
            "id": "XAutDKtAGmU",
            "title": "\u3010DE JuN\u3011Rust - \u600e\u9ebc\u70b8? \u72c2\u8f5f\u6feb\u70b8\u554a\u600e\u9ebc\u70b8\uff01"
        },
        {
            "id": "Dh5PFc66XmI",
            "title": "\u3010DE JuN\u3011Rust - \u62dc\u8a17\u4f86\u9ede\u597d\u6599\u7684\u884c\u4e0d\u884c?!"
        },
        {
            "id": "pjLwMPt3GPA",
            "title": "\u3010DE JuN\u3011\u5be6\u6cc1\u7cbe\u83ef- \u50b3\u8aaa\u4e2d\u7684\u5f8c\u5ba4\u81c9\uff0c\u6975\u6050\u6ce8\u610f\uff01"
        },
        {
            "id": "xD_FN2uBS_Q",
            "title": "\u3010DE JuN\u3011Rust - \u50b3\u8aaa\u4e2d\u947d\u77f3VIP\u6703\u54e1\u7684\u5bb6\uff1f\u6284\u4e86\uff01"
        },
        {
            "id": "eAi4DIXAFMk",
            "title": "\u3010DE JuN\u3011Rust - \u8cfa\u721b\u4e86\u8cfa\u721b\u4e86\uff01\u679c\u7136\u5c71\u6d1e\u5bb6\u624d\u662f\u6700\u9999\u7684\uff01"
        },
        {
            "id": "NT7s1G2E0d8",
            "title": "\u3010DE JuN\u3011Rust - \u5f9e\u96f6\u958b\u59cb\u7684Rust\u6284\u5bb6\u751f\u6d3b\u3002"
        },
        {
            "id": "umw3It5NlKk",
            "title": "\u3010DE JuN\u3011\u5be6\u6cc1\u7cbe\u83ef-\u8d85\u8d8aARK\u7684\u751f\u5b58\u904a\u6232\uff01\u7cdeGame\u7a3d\u67e5\u968a\uff01\u9019\u6211\u4e00\u5b9a\u9000\uff01"
        },
        {
            "id": "Aq8MZJj5EXo",
            "title": "\u3010DE JuN\u3011Half dead3 - \u60c5\u6cc1\u5f9e\u7cdf\u7cd5\u8b8a\u6210\u96e3\u4ee5\u7406\u89e3\uff01"
        },
        {
            "id": "s2hisRL7dv8",
            "title": "\u3010DE JuN\u3011BOO MAN - \u4e0d\u9000\u8cbb\u6211\u771f\u7684\u5c0d\u4e0d\u8d77\u7238\u5abd\u3002"
        },
        {
            "id": "EjkKHSdZfe8",
            "title": "\u3010DE JuN\u3011Half dead3 - \u9019\u904a\u6232\u7adf\u7136\u9084\u80fd\u67093\u4ee3\uff01\uff1f"
        },
        {
            "id": "f8oR3kjtwbc",
            "title": "\u3010DE JuN\u3011\u78a7\u8840\u72c2\u6bba - \u539f\u4f86\u9019\u624d\u662f\u771f\u6b63\u7684\u8eca\u88c2\uff01"
        },
        {
            "id": "8wqmsyLQFIA",
            "title": "\u3010DE JuN\u3011\u98db\u65a7\u4fe0 - \u7dad\u8b77\u4e16\u754c\u548c\u5e73\u7684\u91cd\u8cac\u5927\u4efb\uff0c\u5c31\u4ea4\u7d66\u6211\u4e86\uff01(red dead redemption 2)"
        },
        {
            "id": "4Ise-vSJ_KA",
            "title": "\u3010DE JuN\u3011\u827e\u723e\u767b\u6cd5\u74b0 - \u9084\u6c92\u88ab\u738b\u6253\u6b7b\uff0c\u5148\u88ab\u968a\u53cb\u7b11\u6b7b\u3002(ELDEN RING)"
        },
        {
            "id": "lAPLvkrfrY8",
            "title": "\u3010DE JuN\u3011DEVOUR - \u6050\u61fc\u4f86\u6e90\u65bc\u706b\u529b\u4e0d\u8db3\u3002"
        },
        {
            "id": "O6ZOYWzymtE",
            "title": "\u3010DE JuN\u3011Nextbot - \u4f60\u77e5\u9053\u9019\u662f\u4ec0\u9ebc\u55ce??!! (Garry's Mod)"
        },
        {
            "id": "AxRyvue9uEo",
            "title": "\u3010DE JuN\u3011Nextbot - \u53f2\u4e0a\u6700\u6050\u6016\u90fd\u5e02\u50b3\u8aaa\uff0c\u771f\u767e\u9b3c\u591c\u884c\uff01Feat \u6c5f\u897f\u7537. super idol(Garry's Mod)"
        },
        {
            "id": "PGMTtI9hJn0",
            "title": "\u3010DE JuN\u3011Nextbot - \u4e00\u5f35\u80fd\u628a\u4f60\u5687\u5c3f\u7684\u7167\u7247 (Garry's Mod)"
        },
        {
            "id": "oD3XfMgxiwk",
            "title": "\u3010DE JuN\u3011ARK - \u5927\u6230\u7578\u8b8aBoss\uff01\u5b8c\u4e86...\u5df4\u903cQ\u4e86\u300a\u65b9\u821f \u751f\u5b58\u9032\u5316\u300b"
        },
        {
            "id": "IQk3ov5eejo",
            "title": "\u3010DE JuN\u3011ARK - \u8001\u7a74\u63a2\u96aa\u968a - \u7206\u7b11\u53c8\u523a\u6fc0\u7684\u65c5\u7a0b\u5c55\u958b\u5566\uff01\u300a\u65b9\u821f \u751f\u5b58\u9032\u5316\u300b"
        },
        {
            "id": "vi8GfXK22qE",
            "title": "\u3010DE JuN\u3011V Rising - \u5831\u4ec7\u96ea\u6068\uff01\u628a\u7269\u8cc7\u901a\u901a\u8a0e\u56de\u4f86\uff01"
        },
        {
            "id": "9V1lADbM5AA",
            "title": "\u3010DE JuN\u3011V Rising - \u4e3b\u5821\u906d\u570d\u527f\uff014 vs 8\u80fd\u5426\u4ee5\u5c11\u6575\u591a\uff01"
        },
        {
            "id": "QTwt0j40lNY",
            "title": "\u3010DE JuN\u3011V Rising - \u53f2\u4e0a\u6700\u8f15\u9b06\u6284\u5bb6\uff0c\u4e00\u9375\u6574\u68df\u79fb\u5e73\uff01"
        },
        {
            "id": "89fLBtd4QTc",
            "title": "\u3010DE JuN\u3011V Rising - \u7206\u7b11\u73a9\u6cd5\uff01\u6bd4\u6284\u5bb6\u9084\u523a\u6fc0\uff01\u795e\u5077\u602a\u76dc\uff14\u4eba\u7d44\u3002"
        },
        {
            "id": "8JfD6cRp1Fg",
            "title": "\u3010DE JuN\u3011V Rising - \u4e0d\u5c0f\u5fc3\u6284\u4e86\u670d\u4e3b\u5bb6?!"
        },
        {
            "id": "SxjyAv12yts",
            "title": "\u592a\u8a87\u5f35\u56c9"
        },
        {
            "id": "oiEy23bF8DY",
            "title": "\u3010DE JuN\u3011\u624b\u6b98\u6cbb\u7642\u6a21\u64ec\u5668\uff0c\u73a9\u5230\u5168\u54e1\u7206\u6c23\u3002(PICO PARK)"
        },
        {
            "id": "_HCqyFkTKMg",
            "title": "\u3010DE JuN\u3011\u5728\u76dc\u8cca\u4e4b\u6d77\u88e1\u73a9\u8eb2\u8c93\u8c93\u662f\u4ec0\u9ebc\u9ad4\u9a57\uff08Midnight Ghost Hunt\uff09"
        },
        {
            "id": "AJCdosHI42E",
            "title": "\u3010DE JuN\u3011\u6293\u9b3c\u5927\u968a\u5718\u968a\u9ed8\u5951\u76f4\u63a5\u62c9\u6eff\uff01\uff08Midnight Ghost Hunt\uff09"
        },
        {
            "id": "0ZhnU7-TwW0",
            "title": "\u3010DE JuN\u3011\u5c08\u696d\u6293\u9b3c\u7684\u3002(Spirit Detective)"
        },
        {
            "id": "bik-Wn1sTik",
            "title": "\u3010DE JuN\u3011\u6293\u9b3c\u7279\u653b\u968a\uff01\u505a\u9b3c\u90fd\u4e0d\u6703\u653e\u904e\u4f60\uff01\uff08Midnight Ghost Hunt\uff09"
        },
        {
            "id": "4AvkkfXWiO8",
            "title": "\u3010DE JuN\u3011\u591a\u4eba\u6050\u6016 - \u6797\u6b63\u82f1\u90fd\u641e\u4e0d\u5b9a\u7684\u6bad\u5c4d\u738b\uff01(Spirit Detective)"
        },
        {
            "id": "beDLo6Z3KZA",
            "title": "\u3010DE JuN\u3011\u9019\u7834game\u8ce3200\u4f60\u6562\u4fe1\u3002"
        },
        {
            "id": "zc0A-t2rpeg",
            "title": "\u3010DE JuN\u3011\u591a\u4eba\u6050\u6016\uff01\u9084\u6c92\u898b\u904e\u90a3\u9ebc\u6027\u611f\u7684\u9b3c\uff01"
        },
        {
            "id": "_B7Yc0ZQBcQ",
            "title": "\u3010DE JuN\u3011\u5973\u5deb\u8eb2\u8c93\u8c93 - \u76f4\u63a5\u8b8a\u6210\u500b\u6b7b\u4eba\u9aa8\u982d\uff01\uff01 (Witch It)"
        },
        {
            "id": "4Q1OyT3lT0Q",
            "title": "\u3010DE JuN\u3011\u592a\u7a7a\u4e3b\u984c\uff01\u7121\u91cd\u529b\u6db2\u58d3\u6a5f\uff01(golf with your friends)"
        },
        {
            "id": "89XNeckVPWU",
            "title": "\u3010DE JuN\u3011\u8eb2\u8c93\u8c93 - \u8b8a\u9019\u9ebc\u5c0f\u662f\u8981\u600e\u9ebc\u6293\uff1f(Garry's Mod)"
        },
        {
            "id": "SLostE3GBfE",
            "title": "\u3010DE JuN\u3011\u8d85\u523a\u6fc0\u7684\u66f2\u68cd\u7403\u6a21\u5f0f\uff01(golf with your friends)"
        },
        {
            "id": "ho9crAH5iU8",
            "title": "\u3010DE JuN\u3011Dying Light 2 - \u8cc7\u6df1\u8dd1\u9177\u73a9\u5bb6\u662f\u5982\u4f55\u73a9\u9019\u904a\u6232\u7684\uff01\uff1f\uff08\u6d88\u901d\u7684\u5149\u8292\uff0f\u5782\u6b7b\u4e4b\u51492\uff09"
        },
        {
            "id": "grRnB8gEgMY",
            "title": "\u3010DE JuN\u3011\u8ab0\u662f\u6bba\u624b - \u5967\u7fa9\uff01\uff3a\u5b57\u6296\u52d5\uff01 (Garry's Mod)"
        },
        {
            "id": "HAO5jNEWiBI",
            "title": "\u3010DE JuN\u3011Dying Light 2 - \u6642\u4ee3\u8b8a\u4e86\uff01\u9019\u5e74\u982d\u4eba\u6bd4\u9b3c\u9084\u53ef\u6015\uff01\uff08\u6d88\u901d\u7684\u5149\u8292\uff0f\u5782\u6b7b\u4e4b\u51492\uff09"
        },
        {
            "id": "GHNoSgoH1nA",
            "title": "\u3010DE JuN\u3011\u8ab0\u662f\u6bba\u624b - \u9019\u5e74\u982d\u6bba\u624b\u90fd\u4e0d\u6f14\u4e86 (Garry's Mod)"
        },
        {
            "id": "M2vkkA-khSg",
            "title": "\u3010DE JuN\u3011\u5973\u5deb\u8eb2\u8c93\u8c93 - \u7206\u7b11\uff01\u4e00\u8a00\u4e0d\u5408\u5c31\u958bgiao\uff01\uff01 (Witch It)"
        },
        {
            "id": "AwYdiMdy87Q",
            "title": "\u3010DE JuN\u3011\u5973\u5deb\u8eb2\u8c93\u8c93 - \u4ed6\u662f\u9846\u64cd\u86cb\uff01\uff01\uff01 (Witch It)"
        },
        {
            "id": "ZGYmKhHvYcA",
            "title": "\u3010DE JuN\u3011\u5404\u7a2e\u963b\u6b62\u4f60\u9000\u8cbb\u7684\u5996\u9b54\u9b3c\u602a\uff01(Serious Sam: Siberian Mayhem)"
        },
        {
            "id": "sKMLwQCBt-I",
            "title": "\u3010DE JuN\u3011\u4f60\u756b\u6211\u731c\uff0d\u52d5\u6f2b\u731c\u8b0e\u518d\u958b\uff01\u9019\u6211\u662f\u771f\u731c\u4e0d\u51fa\u4f86..."
        },
        {
            "id": "QRiRKi6g5So",
            "title": "\u3010DE JuN\u3011\u9019\u6b21\u5d0a\u5317\u4e00\u5b9a\u8981\u8d0f\uff01(golf with your friends)"
        }
    ]
}