{
    "channel": {
        "title": "\u937e\u660e\u8ed2",
        "id": "UCZVCbj9weVNAWqXS9gnfm5A",
        "customUrl": "@big_star_ken",
        "uploads": "UUZVCbj9weVNAWqXS9gnfm5A"
    },
    "videos": [
        {
            "id": "Gnz8nOamZuk",
            "title": "\u9054\u5c3c\u5c0f\u59d0\u56de\u4f86\u4e86\uff01\uff01"
        },
        {
            "id": "EnzpjXL-T9E",
            "title": "\u6211\u5230\u65e5\u672c\u5de5\u4f5c\u4e86\uff01"
        },
        {
            "id": "zT5A5iCclSo",
            "title": "\u96e2\u958b\u53f0\u7063\u4e00\u500b\u4eba\u5b89\u975c\uff01"
        },
        {
            "id": "Q6ibahBQxWM",
            "title": "\u597d\u611b\u9178\u6c11\u7684\u7559\u8a00\uff01"
        },
        {
            "id": "Smz7A1Sk_r4",
            "title": "\u662f\u6642\u5019\u8a72Fast Forward\u4e00\u4e0b\u4e86\u5427\uff01"
        },
        {
            "id": "-2fTSUct5YE",
            "title": "\u5c0d\u5ee0\u5546\u7121\u8a00\u4ee5\u5c0d\uff01"
        },
        {
            "id": "1Xjol_CE3a0",
            "title": "\u600e\u80fd\u6c92\u53bb\u904e\u9999\u6e2f\uff01"
        },
        {
            "id": "LrP5Y1RBpto",
            "title": "\u4e00\u500b\u4eba\u53bb\u67ec\u57d4\u5be8\uff01"
        },
        {
            "id": "vAvljcCit0M",
            "title": "\u5ee0\u5546\u8981\u7d66\u6211\u78ba\u5b9a\u9912\uff01"
        },
        {
            "id": "ndS_dGqb46U",
            "title": "\u4e00\u500b\u4eba\u53bb\u8fea\u58eb\u5c3c\uff01"
        },
        {
            "id": "Yqy-juZejEQ",
            "title": "\u53ef\u4ee5\u96e2\u958b\u4eba\u9593\u7684\u7522\u54c1\uff01"
        },
        {
            "id": "oXlBFRPWqnc",
            "title": "\u4e00\u500b\u4eba\u53bb\u8d8a\u5357\uff01"
        },
        {
            "id": "kVGjYaY2ILs",
            "title": "\u6211\u4e0a\u96fb\u8996\u5ee3\u544a\u4e86\uff01\uff01"
        },
        {
            "id": "m0rKd8eJi64",
            "title": "\u8d81\u4e2d\u570b\u958b\u653e\u524d\u8d95\u5feb\u8dd1\uff01"
        },
        {
            "id": "w7Efgr1SWBA",
            "title": "\u51cc\u6668\u8ddf\u76f4\u7537\u51fa\u570b\uff01"
        },
        {
            "id": "oJNV7rfgNk0",
            "title": "\u88ab\u5ee0\u5546\u539f\u5730\u5687\u5230\uff01"
        },
        {
            "id": "ewIOK9c65Sc",
            "title": "\u8e0f\u9032\u5370\u5ea6\u8ca7\u6c11\u7a9f\uff01"
        },
        {
            "id": "c_5vPjRo3NA",
            "title": "\u5370\u5ea6\u9047\u5230\u8d85\u778e\u5c0e\u904a\uff01"
        },
        {
            "id": "MiCW9WHyCKc",
            "title": "\u4e00\u500b\u4eba\u53bb\u5370\u5ea6\uff01"
        },
        {
            "id": "u37VaWPU7SQ",
            "title": "\u6211\u53c8\u63a5\u5230\u4ee3\u8a00\u4e86\uff01"
        },
        {
            "id": "GPNLZdsTdtw",
            "title": "\u8cb7\u4e86\u4e00\u53f0\u7279\u65af\u62c9\uff01"
        },
        {
            "id": "Bstn_vOURI4",
            "title": "\u53c8\u662f\u4e00\u500b\u4eba\u51fa\u570b\uff01"
        },
        {
            "id": "C-V1QngqAbE",
            "title": "\u9047\u5230\u6700\u626f\u7684\u5ee0\u5546\uff01"
        },
        {
            "id": "lLqeqBggNRw",
            "title": "\u8de8\u5e74\u4e00\u500b\u4eba\u53bb\u6cf0\u570b\uff01"
        },
        {
            "id": "o9ksRO_80Po",
            "title": "\u937e\u660e\u8ed2 Mitchell \u300a\u4f60\u559c\u6b61\u4e0d\u662f\u6211\u559c\u6b61 My voice to express \u300b\u5152\u798f\u806f\u76df \u5152\u5c11\u767c\u8072\u4e3b\u984c\u66f2 Official Music Video"
        }
    ]
}