{
    "channel": {
        "title": "cheap",
        "id": "UCGGrblndNzi86WY5lJkQJiA",
        "customUrl": "@cheapaoe",
        "uploads": "UUGGrblndNzi86WY5lJkQJiA"
    },
    "videos": [
        {
            "id": "c-C244lEvgs",
            "title": "\u4eba\u6bd4\u9b3c\u53ef\u6015! \u9b3c\u9580\u95dc\u524d \u70ba\u4ec0\u9ebc\u53f0\u7063\u4eba\u8981\u6436\u4f9b\u54c1? \u3010\u666e\u6e21/\u6436\u5b64\u7684\u6b77\u53f2\u3011"
        },
        {
            "id": "qCDGHVcjx0Q",
            "title": "\u6708\u4eae\u8766\u9905\u3001\u5370\u5ea6\u62c9\u8336\u3001\u7d10\u5967\u826f\u70e4\u96de\u7fc5\u3001\u571f\u8033\u5176\u51b0\u6dc7\u6dcb.. \u53f0\u7063\u4eba\u5230\u5e95\u767c\u660e\u4e86\u591a\u5c11\u300c\u7570\u570b\u6599\u7406\u300d ?"
        },
        {
            "id": "pG96PA4H64s",
            "title": "\u70ba\u4ec0\u9ebc\u4e2d\u91ab\u90fd\u8aaa\u4e0d\u8981\u6253\u624b\u69cd? \u53e4\u4eba\u90fd\u600e\u9ebc\u81ea\u6170 \u3010\u4eba\u985eDIY\u7684\u6b77\u53f2\u3011"
        },
        {
            "id": "lAqS6iDYywQ",
            "title": "\u66fe\u662f\u4e16\u754c\u7b2c\u4e09 \u6614\u65e5\u904a\u6232\u5de8\u982d\u7232\u4f55\u8d70\u4e0b\u795e\u58c7?  \u3010\u53f0\u7063\u904a\u6232\u767c\u5c55\u53f2\u3011"
        },
        {
            "id": "OasjWnOCIiY",
            "title": "\u3010100% \u770b\u4e86\u5c31\u4e0d\u6703\u6015\u789f\u4ed9\u7684\u5f71\u7247\u3011\u789f\u4ed9\u7684\u8d77\u6e90 \u70ba\u4ec0\u9ebc\u789f\u5b50\u6703\u81ea\u5df1\u52d5? \u5982\u4f55\u7834\u89e3\u789f\u4ed9"
        },
        {
            "id": "ysiczZIwlQ4",
            "title": "\u4ee5\u8272\u5217 \u5df4\u52d2\u65af\u5766 \u5230\u5e95\u6709\u4ec0\u9ebc\u4ec7? \u7336\u592a\u4eba\u3001\u963f\u62c9\u4f2f\u4eba\u7684\u767e\u5e74\u6069\u6028 \u54c8\u746a\u65af\u3001\u5df4\u52d2\u65af\u5766\u662f\u4ec0\u9ebc\u95dc\u4fc2?"
        },
        {
            "id": "rifnCyknbuM",
            "title": "\u4ea4\u901a\u5c40\u4e0d\u8981\u7684\u6587\u6848~ \u70ba\u4ec0\u9ebc\u53f0\u7063\u4eba\u9019\u9ebc\u611b\u9a0e\u6a5f\u8eca? \u3010\u53f0\u7063\u6a5f\u8eca\u53f2\u3011"
        },
        {
            "id": "ZRQRrqI6cxU",
            "title": "\u4ee5\u8272\u5217\u70ba\u4ec0\u9ebc\u4e0d\u8f3e\u5e73\u52a0\u85a9\u8d70\u5eca? \u56e0\u70ba\u9019\u62db\u592a\u72e0\u4e86"
        },
        {
            "id": "n72EhLjgelQ",
            "title": "\u7591\u9ede\u91cd\u91cd! \u9577\u5e73\u4e4b\u6230 \u8d99\u62ec\u662f\u88ab\u51a4\u6789\u7684? \u5751\u6bba40\u842c\u8d99\u5352 \u79e6\u570b\u771f\u7684\u5927\u7372\u5168\u52dd\u55ce?"
        },
        {
            "id": "y-c0FswIT7Q",
            "title": "\u771f\u6b63\u7684\u53f0\u7063\u9435\u9053\u4e4b\u7236 \u70ba\u4ec0\u9ebc\u662f\u65e5\u672c\u4eba?  \u65e5\u672c\u4eba\u7a76\u7adf\u5c0d\u53f0\u7063\u9435\u8def\u505a\u4e86\u4ec0\u9ebc?"
        },
        {
            "id": "hwUxPGDkMNc",
            "title": "\u6559\u79d1\u66f8\u5439\u6367\u7684\u300c\u5289\u9298\u50b3\u9435\u8def\u300d\u662f\u5efa\u7bc9\u5947\u8e5for\u7834\u9285\u721b\u9435? \u6e05\u671d\u9435\u8def\u7684\u771f\u76f8"
        },
        {
            "id": "vinqY2s1Cps",
            "title": "\u70ba\u4f55\u83ef\u4eba\u6d41\u884c\u300c\u6253\u7f75\u6559\u80b2\u300d \u6b50\u7f8e\u6d41\u884c\u300c\u611b\u7684\u6559\u80b2\u300d\u4e0d\u9ad4\u7f70\u7684\u570b\u5bb6 \u5982\u4f55\u6559\u80b2\u5c0f\u5b69? \u3010\u9ad4\u7f70\u7684\u6b77\u53f2\u3011"
        },
        {
            "id": "3eRHa8z6rUE",
            "title": "\u53e4\u4eba\u6c92\u4fdd\u96aa\u5957\u600e\u9ebc\u907f\u5b55\uff1f \u4eba\u985e\u907f\u5b55\u53f2"
        },
        {
            "id": "ruWh1RZCY0Q",
            "title": "\u53e4\u4ee3\u7687\u5e1d\u771f\u7684\u6703\u300c\u5fae\u670d\u51fa\u5de1\u300d\u55ce\uff1f \u300c\u5609\u6176\u541b\u904a\u53f0\u7063\u300d\u7684\u771f\u76f8\u662f\u4ec0\u9ebc\uff1f"
        },
        {
            "id": "26qoQPbckcA",
            "title": "\u8cb4\u5708\u771f\u4e82 ! \u4eba\u59bb\u3001\u7fa9\u6bcd\u3001\u672a\u4ea1\u4eba \u4e2d\u570b\u6b77\u53f2\u4e0a\u6700\u6deb\u4e82\u7684\u671d\u4ee3 \u4e00\u5f8b\u6b63\u53f2\u8a18\u8f09"
        },
        {
            "id": "9SqXa7TGEwo",
            "title": "\u751f\u80b2\u7387\u4e16\u754c\u7b2c\u4e00\u5230\u588a\u5e95 \u70ba\u4f55\u6709\u9322\u4e86\u9084\u4e0d\u6562\u751f? \u70ba\u4ec0\u9ebc\u53f0\u7063\u5c11\u5b50\u5316\u7279\u5225\u56b4\u91cd? \u3010\u53f0\u7063\u4eba\u53e3\u53f2\u3011"
        },
        {
            "id": "YyQ0iQvQxqM",
            "title": "\u66fe\u7d93\u7684\u65e5\u4e0d\u843d\u5e1d\u570b \u6b50\u6d32\u908a\u7de3\u4eba\u5982\u4f55\u5f81\u670d\u5168\u4e16\u754c? \u8461\u8404\u7259\u5e1d\u570b\u7684\u5d1b\u8d77\u8207\u5d29\u89e3"
        },
        {
            "id": "tYaYUmQ5WKM",
            "title": "\u3010\u5c01\u5efa\u3001\u838a\u5712\u3001\u9a0e\u58eb\u3011\u4e2d\u4e16\u7d00\u7684\u751f\u6d3b\u662f\u600e\u6a23?  \u4eba\u5011\u5403\u4ec0\u9ebc\u3001\u7a7f\u4ec0\u9ebc \u771f\u7684\u5f88\u6d6a\u6f2b\u55ce?  \u9a0e\u58eb\u3001\u8fb2\u6c11\u7684\u4e00\u5929"
        },
        {
            "id": "jjGCg1EHvws",
            "title": "\u88ab\u62b9\u9ed1\u6700\u6158\u7684\u4eba \u6b77\u53f2\u4e0a\u771f\u5be6\u7684\u5546\u7d02\u738b \u662f\u8ab0\u5728\u62b9\u9ed1\u5546\u7d02\u738b? \u9152\u6c60\u8089\u6797\u3001\u5bf5\u4fe1\u59b2\u5df1\u90fd\u662f\u5047\u7684?"
        },
        {
            "id": "in4eTVZqRuw",
            "title": "\u70ba\u4f55\u85cf\u50b3\u4f5b\u6559\u88ab\u9ed1\u5f97\u9019\u9ebc\u6158? \u5982\u4f55\u89e3\u91cb \u7537\u5973\u96d9\u4fee\u3001\u6d3b\u4f5b\u8f49\u4e16\u3001\u5587\u561b\u5403\u8089? \u3010\u85cf\u50b3\u4f5b\u6559\u7684\u6b77\u53f2\u3011"
        },
        {
            "id": "tSRSaIjHLCg",
            "title": "\u70ba\u4f55\u53e4\u4ee3\u64ca\u9f13\u7533\u51a4 \u8981\u5148\u625350\u5927\u677f? \u6514\u8f4e\u558a\u51a4\u662f\u771f\u7684\u55ce? \u3010\u53e4\u4ee3\u600e\u9ebc\u544a\u4eba?\u3011"
        },
        {
            "id": "tnP-rXH1Qh0",
            "title": "\u53e4\u4ee3\u6709\u9322\u4eba \u53ef\u4ee5\u96a8\u4fbf\u63a8\u5012\u4e2b\u74b0\u55ce? \u5a62\u5973\u9084\u8981\u5e6b\u5c0f\u5c11\u723a\u8f49\u5927\u4eba!? \u3010\u5974\u5a62\u7684\u6b77\u53f2\u3011"
        },
        {
            "id": "JrV-lY1nCYw",
            "title": "\u5370\u5ea6\u4eba\u53e3\u8d85\u8eca\u4e2d\u570b\u3010\u70ba\u4f55\u4e2d\u570b\u3001\u5370\u5ea6\u4eba\u53e3\u9019\u9ebc\u591a?\u3011 28.5\u5104 \u4f54\u4e16\u754c\u4eba\u53e3\u768435% why?"
        },
        {
            "id": "GGjQ_1kZKKE",
            "title": "\u5de8\u984d\u8ce0\u6b3e\u3001\u4e0d\u5e73\u7b49\u689d\u7d04 \u5927\u6e05\u671d\u5230\u5e95\u8ce0\u4e86\u591a\u5c11\u9280\u5b50? \u7b49\u65bc\u73fe\u5728\u7684\u591a\u5c11\u9322? \u6e05\u671d\u6ec5\u4ea1\u5f8c\u6709\u9084\u6e05\u55ce?"
        },
        {
            "id": "d46Dhk6d_4M",
            "title": "\u5168\u7403\u7b2c\u4e00\u500b\u300c\u7834\u7522\u300d\u570b\u5bb6  \u5f9e\u5bcc\u5f97\u6d41\u6cb9\u5230\u7834\u7522 \u51b0\u5cf6\u5982\u4f55\u6eff\u8840\u5fa9\u6d3b \u3010\u51b0\u5cf6\u7684\u6b77\u53f2\u3011"
        },
        {
            "id": "ju33jDrSw2Y",
            "title": "\u3010\u89c0\u773e\u554f\u7b54\u3011\u70ba\u4f55\u5730\u5716\u90fd\u662f\u5317\u4e0a\u5357\u4e0b \u8ab0\u898f\u5b9a\u7684? \u6b66\u677e\u6253\u864e\u662f\u771f\u7684\u55ce? \u8607\u806f\u89e3\u9ad4\u70ba\u4f55\u6771\u908a\u6c92\u6709\u570b\u5bb6\u7368\u7acb? \u82f1\u570b\u8cb4\u65cf\u4e5f\u559c\u6b61\u5403\u7cd6\u70ab\u5bcc\u55ce?"
        },
        {
            "id": "GlHJof8_fEM",
            "title": "\u6d77\u8ecd\u9020\u5766\u514b\u3001\u9678\u8ecd\u9020\u6f5b\u8247 \u65e5\u672c\u6d77\u9678\u8ecd\u7684\u767e\u5e74\u6069\u6028  \u70ba\u4ec0\u9ebc\u4e92\u626f\u5f8c\u817f100\u5e74"
        },
        {
            "id": "4MHqEyVyrRw",
            "title": "\u3010\u9b3c\u5cf6\u540d\u4e0d\u865b\u50b3\u3011\u6e05\u4ee3\u4e5d\u4efb\u5de1\u6aa2 \u516b\u4efb\u6b7b\u65bc\u4efb\u4e0a \u53e4\u4ee3\u53f0\u7063\u7684\u7634\u7658\u4e4b\u6c23\u6709\u591a\u53ef\u6015? \u80fd\u4ee5\u79d1\u5b78\u89e3\u91cb\u55ce?"
        },
        {
            "id": "RTliYJTlXtw",
            "title": "\u9053\u6559\u3001\u4f5b\u6559\u6709\u4ec0\u9ebc\u4e0d\u540c? \u70ba\u4ec0\u9ebc\u53f0\u7063\u4eba\u7e3d\u5206\u4e0d\u6e05\u695a?  \u4e00\u6b21\u641e\u61c2\u4f5b\u6559\u3001\u9053\u6559\u8207\u6c11\u9593\u4fe1\u4ef0\u7684\u6b77\u53f2"
        },
        {
            "id": "T6tuisprBZc",
            "title": "\u300a\u4e09\u570b\u6f14\u7fa9\u300b\u5927\u53cd\u6d3e \u55dc\u8840\u6b98\u66b4\u7684\u80d6\u5b50  \u5176\u5be6\u90fd\u662f\u919c\u5316? \u3010\u6b77\u53f2\u4e0a\u771f\u5be6\u7684\u8463\u5353\u3011"
        },
        {
            "id": "islWCm26zk4",
            "title": "\u70ba\u4ec0\u9ebc\u53f0\u5357\u4eba\u5403\u9019\u9ebc\u751c?  \u4e00\u6b21\u89e3\u7b54\u53f0\u5357\u6240\u6709\u7684\u70ba\u4ec0\u9ebc? \u70ba\u4ec0\u9ebc\u5713\u74b0\u9019\u9ebc\u591a? \u65e9\u9910\u5403\u9019\u9ebc\u597d? \u725b\u8089\u6e6f\u9019\u9ebc\u6709\u540d?"
        },
        {
            "id": "sYu6eRjxj8o",
            "title": "\u3010\u89c0\u773e\u554f\u7b54\u3011\u70ba\u4f55\u65e5\u672c\u4eba\u559c\u6b61iPhone \u4e0d\u611bMade in Japan\u7684\u570b\u7522\u624b\u6a5f? \u5176\u5be6\u667a\u6167\u578b\u624b\u6a5f\u662f\u65e5\u672c\u4eba\u73a9\u5269\u4e0b\u7684 \u70ba\u4ec0\u9ebc\u6b77\u53f2\u4e0a\u6355\u9be8\u8239\u9019\u9ebc\u6709\u540d? \u6355\u9be8\u7684\u6b77\u53f2"
        },
        {
            "id": "oLpF88Z1AIc",
            "title": "\u4e16\u754c\u6700\u6709\u9322\u7684\u570b\u5bb6\u5230\u9762\u81e8\u7834\u7522\uff1a\u53f0\u7063\u90a6\u4ea4\u570b-\u8afe\u9b6f \u5230\u5e95\u7d93\u6b77\u4e86\u4ec0\u9ebc?"
        },
        {
            "id": "_fDqaywN-Cc",
            "title": "\u7d42\u65bc\u77e5\u9053\u4e86 \u70ba\u4ec0\u9ebc\u65e5\u672c\u4eba\u9019\u9ebc\u9f9c\u6bdb\u3001\u56b4\u8b39? \u65e5\u672c\u8077\u4eba\u7cbe\u795e\u7684\u6c11\u65cf\u6027\u662f\u600e\u9ebc\u7df4\u6210\u7684?"
        },
        {
            "id": "xm2l5zkNzyE",
            "title": "\u8f38\u4e86\u5c31\u627e\u7406\u7531?\u3010\u7532\u5348\u6230\u722d\u6158\u6557\u8b20\u8a00\u5927\u5168\u3011\u6148\u79a7\u592a\u540e\u632a\u7528\u8ecd\u6b3e\u84cb\u5712\u5b50? \u6c92\u9322\u8cb7\u7832\u5f48\u3001\u5927\u7832\u66ec\u8863\u3001\u6c34\u5175\u5ad6\u5993\u3001\u7832\u5f48\u88dd\u7802\u3001\u8239\u4e0a\u990a\u72d7"
        },
        {
            "id": "mgQuArxSzJw",
            "title": "2\u5c0f\u6642\u8b1b\u6b77\u53f2\u30012\u5c0f\u6642\u6253\u4e16\u7d00\u5e1d\u570b \u3010Cheap\u76f4\u64ad\u9592\u804a\u3011\u4eba\u985e\u600e\u9ebc\u7a31\u9738\u5730\u7403\u7684"
        },
        {
            "id": "bcwZ3IzK-9c",
            "title": "\u98a8\u6c34\u662f\u8ff7\u4fe1\u9084\u662f\u79d1\u5b78? \u98a8\u6c34\u662f\u4f55\u6642\u8b8a\u5f97\u9019\u9ebc\u8907\u96dc\u7684? \u3010\u98a8\u6c34\u7684\u6b77\u53f2\u3011"
        },
        {
            "id": "jPqDwsgnTv8",
            "title": "\u9a19\u5c40? \u70ba\u4ec0\u9ebc\u5c0f\u6642\u5019\u8aaa\u77f3\u6cb9\u5feb\u7528\u5b8c\u4e86 \u73fe\u5728\u537b\u8d8a\u6316\u8d8a\u591a? \u77f3\u6cb9\u662f\u600e\u9ebc\u88ab\u4eba\u985e\u767c\u73fe\u7684?\u3010\u77f3\u6cb9\u7684\u6b77\u53f2\u3011\u70ba\u4ec0\u9ebc\u77f3\u6cb9\u90fd\u5728\u963f\u62c9\u4f2f\u554a??"
        },
        {
            "id": "dwgYBHDTJ3Q",
            "title": "\u4f0a\u65af\u862d\u6559\u70ba\u4ec0\u9ebc\u611b\u8c93? \u4e0d\u611b\u72d7? \u571f\u8033\u5176\u70ba\u4f55\u662f\u8c93\u54aa\u7684\u5929\u5802? \u3010\u7a46\u65af\u6797\u611b\u8c93\u7684\u6587\u5316\u600e\u9ebc\u4f86\u7684?\u3011"
        },
        {
            "id": "xdpRPoc2okI",
            "title": "\u70ba\u4f55\u9999\u6e2f\u4e0d\u518d\u6c11\u4e3b? \u89e3\u6790\u9999\u6e2f\u795e\u5947\u7684\u9078\u8209\u5236\u5ea6"
        },
        {
            "id": "BME6zetlyxk",
            "title": "\u6c92\u6709\u624b\u5c31\u4e0d\u6703\u8aaa\u8a71? \u7fa9\u5927\u5229\u4eba\u70ba\u4ec0\u9ebc\u9019\u9ebc\u611b\u7528\u624b\u52e2? \u746a\u5229\u6b50\u662f\u5317\u7fa9\u9084\u5357\u7fa9\u4eba? \u70ba\u4ec0\u9ebc\u5317\u7fa9\u9019\u9ebc\u6709\u9322?"
        },
        {
            "id": "yJJ-lZf0WS8",
            "title": "\u82b17\u5146\u8fa6\u4e16\u754c\u76c3 \u5361\u9054\u6191\u4ec0\u9ebc\u9019\u9ebc\u6709\u9322? \u5168\u4e16\u754c\u6700\u6709\u9322\u7684\u570b\u5bb6 \u4e00\u5929\u5de5\u4f5c3\u5c0f\u6642 \u91ab\u7642\u6559\u80b2\u6c34\u96fb\u5168\u514d \u623f\u5b50\u4e0d\u7528\u9322"
        },
        {
            "id": "h2V3uDR3nqM",
            "title": "\u3010PTT\u99ac\u96c5\u4eba\u4f86\u4e86\u3011\u4e16\u7d00\u5e1d\u570b\u7684\u99ac\u96c5\u4eba\u90fd\u662f\u552c\u721b\u7684? \u804a\u804a\u99ac\u96c5\u6587\u5316~"
        },
        {
            "id": "RBPp6yi2PCs",
            "title": "\u89c0\u773e\u554f\u7b54\uff1a\u70ba\u4ec0\u9ebc\u53ea\u6709\u4fc4\u7f85\u65af\u6c92\u6709\u5510\u4eba\u8857? \u800c\u4e2d\u570b\u6c92\u6709\u7f8e\u570b\u8857? \u3010\u5510\u4eba\u8857\u7684\u6b77\u53f2\u3011"
        },
        {
            "id": "kjCMK_QMsCM",
            "title": "\u6b50\u6d32\u5230\u4e9e\u6d32\u7684\u6700\u5feb\u822a\u7dda \u3010\u5317\u6975\u822a\u9053\u3011\u7684\u53f2\u8a69\u7d1a\u63a2\u96aa \u4eba\u985e\u524d\u4ec6\u5f8c\u7e7c500\u5e74"
        },
        {
            "id": "-FDlhEMAB6Q",
            "title": "\u73fe\u5be6\u4e2d\u7684\u92fc\u9435\u4eba \u4e00\u4f4d\u5c41\u5b69\u5982\u4f55\u6539\u8b8a\u4e16\u754c?  \u5dee\u9ede\u7834\u7522\u5230\u4e16\u754c\u9996\u5bcc\u3010\u99ac\u65af\u514b\u7684\u767c\u5bb6\u53f2\u3011"
        },
        {
            "id": "su86MnGGf68",
            "title": "\u3010\u7fa9\u5446\u5229\u4e5f\u6230\u5357\u5317!\u3011 \u5357\u5317\u7fa9\u5927\u5229\u70ba\u4f55\u4e92\u770b\u4e0d\u723d?  \u70ba\u4f55\u7fa9\u5927\u5229\u5357\u7aae\u5317\u5bcc? \u7fa9\u5446\u7acb\u4e00\u5343\u5e74\u7684\u6069\u6028\u60c5\u4ec7"
        },
        {
            "id": "-uJckVbAUUk",
            "title": "\u88ab\u9a19\u4e86\u597d\u4e45 \u99ac\u53ef\u6ce2\u7f85\u6839\u672c\u6c92\u5230\u904e\u4e2d\u570b? \u99ac\u53ef\u6ce2\u7f85\u904a\u8a18\u5728\u8b1b\u4ec0\u9ebc?"
        },
        {
            "id": "p7llgU_4fQ0",
            "title": "\u9ed8\u9ed8\u7121\u540d\u7684\u975e\u6cd5\u5973\u5deb \u5982\u4f55\u6210\u70ba\u570b\u5bb6\u7d1a\u5973\u795e? \u6649\u8eab\u5168\u570b\u4fe1\u4ef0? \u6b77\u53f2\u4e0a\u771f\u5be6\u7684\u5abd\u7956"
        },
        {
            "id": "xnFb6uyPKDc",
            "title": "\u65e5\u672c\u5996\u602a70%\u4f86\u81ea\u4e2d\u570b \u70ba\u4ec0\u9ebc\u5996\u602a\u5927\u570b\u537b\u662f\u65e5\u672c? \u70ba\u4f55\u4e2d\u570b\u5996\u602a\u6df7\u5f97\u9019\u9ebc\u6158? \u3010\u5996\u602a\u7684\u6b77\u53f2\u3011"
        },
        {
            "id": "k4jGNvLyS6o",
            "title": "8+9\u5982\u4f55\u6210\u70ba\u6d77\u8cca\u4e4b\u738b? \u912d\u829d\u9f8d\u7684\u6d77\u4e0a\u5e1d\u570b\u591a\u5f37\u5927? \u6b77\u53f2\u4e0a\u771f\u5be6\u7684\u300c\u738b\u4e0b\u4e03\u6b66\u6d77\u300d\u64c1\u517520\u842c \u9023\u8377\u862d\u4eba\u90fd\u61fc\u6015"
        },
        {
            "id": "ydfeKm8Zz_I",
            "title": "\u5c71\u5be8\u8d77\u5bb6\u7684\u53f0\u7063\u96fb\u8166\u738b\u570b  \u76dc\u7248\u5c0f\u746a\u8389\u3001\u860b\u679c\u96fb\u8166\u3001\u7d05\u767d\u6a5f.. \u3010\u53f0\u7063\u5c71\u5be8\u9ed1\u6b77\u53f2\u3011"
        },
        {
            "id": "yrUSMlkfNMI",
            "title": "\u771f\u5be6\u7684\u9b54\u795e\u4ed4\u8abf\u67e5\u5831\u544a \u70ba\u4f55\u53f0\u7063\u6703\u6709\u9b54\u795e\u4ed4\u50b3\u8aaa? \u80fd\u4ee5\u6b77\u53f2\u6587\u5316\u3001\u79d1\u5b78\u89d2\u5ea6\u4f86\u89e3\u91cb\u55ce"
        },
        {
            "id": "BKxl_S9iT58",
            "title": "\u3010\u90aa\u99ac\u53f0\u570b\u4e4b\u8b0e\u3011 \u4e00\u500b\u4e2d\u570b\u4eba\u5275\u9020\u7684\u570b\u5bb6 \u537b\u6210\u4e86\u65e5\u672c\u570b\u5bb6\u7684\u8d77\u6e90 \u5973\u738b\u5351\u5f4c\u547c\u548c\u5979\u7684\u5b50\u6c11\u53bb\u54ea\u4e86?"
        },
        {
            "id": "1HOpniuzpxU",
            "title": "\u653f\u5e9c\u5e36\u982d\u7092\u80a1 \u80a1\u7968\u9023\u6f3213\u500b\u6708\u6703\u600e\u6a23\uff1f \u6cd5\u570b\u5927\u9769\u547d\u7684\u9060\u56e0\u3010\u5bc6\u897f\u897f\u6bd4\u6ce1\u6cab\u4e8b\u4ef6\u3011"
        },
        {
            "id": "bS-P50_Qato",
            "title": "\u6700\u96e3\u4ee5\u555f\u9f52\u7684\u50b3\u67d3\u75c5 \u6885\u6bd2\u5982\u4f55\u50b3\u67d3\u5168\u4e16\u754c? \u3010\u6885\u6bd2\u7684\u6b77\u53f2\u3011"
        },
        {
            "id": "0Von5xwQDgA",
            "title": "\u70ba\u4ec0\u9ebc\u4eba\u985e\u4e0d\u9a0e\u6591\u99ac? \u7345\u5b50\u4e0d\u5e6b\u4eba\u985e\u770b\u5bb6  \u52d5\u7269\u662f\u600e\u9ebc\u88ab\u99b4\u5316\u7684? \u3010\u99b4\u5316\u7684\u6b77\u53f2\u3011"
        },
        {
            "id": "bn5V3eHof58",
            "title": "\u77ed\u77ed\u4e94\u767e\u5e74\u5e2d\u6372\u5168\u4e16\u754c \u83f8\u8349\u5982\u4f55\u5f81\u670d\u4eba\u985e? \u3010\u62bd\u83f8\u7684\u6b77\u53f2\u3011"
        },
        {
            "id": "0piypa0gtF8",
            "title": "\u300c\u824b\u823a\u300d\u6d41\u50b3\u767e\u5e74\u7684\u60c5\u8272\u6587\u5316  \u842c\u83ef\u70ba\u4f55\u662f\u60c5\u8272\u696d\u5927\u672c\u71df? \u6d41\u9daf\u3001\u6d41\u6c13\u3001\u6d41\u6d6a\u6f22\u70ba\u4f55\u9019\u9ebc\u591a?"
        },
        {
            "id": "CsRJc9lPqxw",
            "title": "\u4e16\u754c\u4e0a\u552f\u4e00\u300c\u88ab\u300d\u7368\u7acb\u7684\u570b\u5bb6 \u99ac\u4f86\u897f\u4e9e\u70ba\u4f55\u4e0d\u8981\u65b0\u52a0\u5761? \u65b0\u52a0\u5761\u5982\u4f55\u5947\u8e5f\u5d1b\u8d77?"
        },
        {
            "id": "14bsrlA_E_I",
            "title": "\u932f\u904e\u5927\u822a\u6d77\u6642\u4ee3 \u65b0\u52a0\u5761\u5982\u4f55\u9006\u8f49\u52dd? \u5f9e\u9b6f\u86c7\u3001\u9ec3\u8ced\u6bd2\u805a\u96c6\u5730 \u8b8a\u6210\u6771\u65b9\u76f4\u5e03\u7f85\u9640? \u3010\u65b0\u52a0\u5761\u53f2\u3011"
        },
        {
            "id": "zsWy1lXoGKc",
            "title": "\u6d41\u50b3\u767e\u5e74\u7684\u611b\u570b\u8b0a\u8a00 \u300c\u83ef\u4eba\u8207\u72d7\u4e0d\u51c6\u9032\u5165\u300d\u7684\u771f\u76f8?  \u662f\u8ab0\u507d\u9020\u4e86\u8fb1\u83ef\u724c\u5b50?"
        },
        {
            "id": "K71D1ls2PII",
            "title": "\u4e16\u754c\u6700\u5f37\u534a\u5c0e\u9ad4\u516c\u53f8 \u53f0\u7a4d\u96fb\u70ba\u4ec0\u9ebc\u80fd\u6210\u529f? \u53f0\u7a4d\u96fb\u662f\u600e\u9ebc\u8a95\u751f\u7684?"
        },
        {
            "id": "ptj-Xpqd9eE",
            "title": "\u770b\u4e0d\u61c2\u65af\u5361\u7f85? \u6b77\u53f2\u4e0a\u771f\u5be6\u7684\u7f85\u767c\u865f\u4e8b\u4ef6\u8207\u5357\u5cac\u4e4b\u76df \u53f0\u7063\u539f\u4f4f\u6c11\u8207\u5916\u570b\u4eba\u7684\u767e\u5e74\u6069\u6028"
        },
        {
            "id": "s2g9eoff35I",
            "title": "\u8ca7\u7aae\u5c0f\u5cf6\u8b8a\u4e9e\u6d32\u56db\u5c0f\u9f8d \u53f0\u7063\u9ad8\u79d1\u6280\u7522\u696d\u600e\u9ebc\u4f86\u7684? \u5982\u4f55\u6210\u70ba\u534a\u5c0e\u9ad4\u91cd\u93ae"
        },
        {
            "id": "CX2SFDnAAQc",
            "title": "\u77f3\u6cb9\u85cf\u91cf\u5168\u7403\u7b2c\u4e00 \u77f3\u6cb9\u571f\u8c6a\u4e5f\u6703\u7834\u7522? \u59d4\u5167\u745e\u62c9\u662f\u4ec0\u9ebc\u6df7\u6210\u9019\u6a23\u7684? \u4e00\u500b\u88ab\u73a9\u58de\u7684\u570b\u5bb6"
        },
        {
            "id": "ILKYKHjKlJQ",
            "title": "\u5e0c\u7279\u52d2\u7684\u7e6a\u756b\u5be6\u529b\u5982\u4f55? \u70ba\u4f55\u6703\u843d\u699c\u5169\u6b21? \u7576\u521d\u62d2\u7d55\u5143\u9996\u7684\u6559\u6388 \u4e0b\u5834\u662f...?"
        },
        {
            "id": "_lniFjcLTz4",
            "title": "\u6df1\u5ea6\u89e3\u6790 \u70ba\u4f55\u7336\u592a\u4eba\u88ab\u8feb\u5bb3\u4e862500\u5e74? \u5143\u9996\u53ea\u662f\u505a\u4e86\u5927\u5bb6\u4e0d\u6562\u505a\u7684\u4e8b? \u6b77\u53f2\u4e0a\u53cd\u7336\u5927\u5c07\u8ecd\u53e6\u6709\u5176\u4eba"
        },
        {
            "id": "YDBmXTwoafw",
            "title": "\u8ca7\u7aae\u5c0f\u6f01\u6751\u5230\u5962\u83ef\u4e4b\u90fd \u675c\u62dc\u662f\u600e\u9ebc\u5d1b\u8d77\u7684? \u77f3\u6cb9\u7d55\u975e\u4e3b\u56e0"
        },
        {
            "id": "JWsMg0r7a_s",
            "title": "\u5168\u9762\u5206\u6790\uff1a\u300a\u91d1\u74f6\u6885\u300b\u5230\u5e95\u5728\u8b1b\u4ec0\u9ebc? \u70ba\u5565\u88ab\u7981500\u5e74? \u9ec3\u8272\u53ea\u662f\u8868\u9762\u539f\u56e0"
        },
        {
            "id": "A-UM203CsX0",
            "title": "\u53f0\u7063\u5341\u59ca\u59b9\u72c2\u71b1 \u5c0f\u9ce5\u4e5f\u53ef\u4ee5\u7092\u4f5c?  60\u5e74\u524d\u6700\u65e9\u7684\u5272\u97ed\u83dc"
        },
        {
            "id": "sOcr6PDAqT0",
            "title": "\u65e5\u672c\u85dd\u5993\u53ef\u4ee5\u96a8\u4fbf\u8272\u8272\u55ce? \u85dd\u5993\u3001\u6b4c\u821e\u4f0e\u3001\u82b1\u9b41\u3001\u904a\u5973\u6709\u4ec0\u9ebc\u4e0d\u540c? \u3010\u85dd\u5993\u7684\u6b77\u53f2\u3011"
        },
        {
            "id": "z0aERYmE-gU",
            "title": "\u4e09\u6b21\u55ae\u6311\u5168\u6b50\u6d32 \u4e09\u6b21\u88ab\u6253\u5012 \u6bcf\u6b21\u90fd\u80fd\u6eff\u8840\u5fa9\u6d3b \u3010\u70ba\u4ec0\u9ebc\u5fb7\u570b\u9019\u9ebc\u5f37?\u3011"
        },
        {
            "id": "u1rZFCNfR2I",
            "title": "\u80a1\u5e02\u66b4\u8dcc89%! 1929\u5e74\u7684\u7d93\u6fdf\u5927\u6050\u614c\u6709\u591a\u53ef\u6015? \u5927\u856d\u689d\u600e\u9ebc\u767c\u751f\u7684?"
        },
        {
            "id": "Bs4srsd2z5o",
            "title": "\u5f9e\u79d1\u897f\u5609\u9109\u5df4\u4f6c \u5230\u5f81\u670d\u6b50\u6d32\u7684\u7537\u4eba \u62ff\u7834\u5d19\u751f\u6daf\u6700\u5927\u52dd\u5229-\u99ac\u502b\u54e5\u6230\u5f79"
        },
        {
            "id": "HB8bm4_1vSk",
            "title": "\u96e2\u8b5c! \u4e00\u5e74\u6b7b\u4ea13000\u4eba \u53f0\u7063\u4ea4\u901a\u70ba\u4ec0\u9ebc\u9019\u9ebc\u4e82?"
        },
        {
            "id": "NG67CVXd24o",
            "title": "\u53e4\u4ee3\u9032\u58eb\u3001\u8209\u4eba\u9019\u9ebc\u591a \u4e00\u5b9a\u53ef\u4ee5\u7576\u5b98\u55ce? \u6d41\u6d6a\u9032\u58eb\u8a72\u4f55\u53bb\u4f55\u5f9e?"
        },
        {
            "id": "D03Kl4QPzkA",
            "title": "\u4e82\u9ede\u79d1\u6280\u6a39? \u4ec0\u9ebc\u90fd\u6703\u505a\u7684\u4e09\u83f1\u96c6\u5718 \u662f\u600e\u9ebc\u767c\u5bb6\u7684? 8+9\u6253\u9020\u7684\u822a\u904b\u738b\u570b"
        },
        {
            "id": "J4xckmo3A24",
            "title": "\u66fe\u7d93\u7684\u7d93\u6fdf\u6a21\u7bc4\u751f \u65af\u91cc\u862d\u5361\u70ba\u4f55\u6703\u7834\u7522 \u96e3..\u96e3\u9053\u662f\u963f\u5171\u4e00\u5e36\u4e00\u8def\u7684\u9670\u8b00?"
        },
        {
            "id": "twX8EX-scPI",
            "title": "\u6b77\u53f2\u4e0a\u771f\u7684\u6709\u529f\u592b\u55ce? \u70ba\u4ec0\u9ebc\u50b3\u7d71\u6b66\u8853\u7121\u6cd5\u5be6\u6230? \u897f\u6d0b\u62f3\u6cd5\u53b2\u5bb3\u7684\u539f\u56e0"
        },
        {
            "id": "QhLeI31jdAc",
            "title": "\u70ba\u4f55\u7f8e\u570b\u5de5\u4f5c\u74b0\u5883\u8f15\u9b06\u3001\u5de5\u6642\u77ed \u8cfa\u5f97\u537b\u6bd4\u53f0\u7063\u591a? \u77fd\u8c37\u7684\u5275\u696d\u7cbe\u795e\u600e\u9ebc\u4f86\u7684?"
        },
        {
            "id": "LHjrPGVfiWo",
            "title": "\u5b97\u6559\u72c2\u71b1\u76848+9  \u5fb7\u570b\u4eba\u7684\u7956\u5148\u3010\u689d\u9813\u9a0e\u58eb\u5718\u3011\u7684\u8208\u8870\u53f2 \u5c31\u662f\u300c\u53e4\u4ee3\u4e2d\u4e8c\u75c5\u96c6\u5718\u300d"
        },
        {
            "id": "OK8S72SgA-0",
            "title": "\u53e4\u4eba\u590f\u5929\u5230\u5e95\u54ea\u4f86\u7684\u300c\u51b0\u584a\u300d? \u539f\u4f86\u53e4\u4ee3\u51b0\u584a\u662f\u9019\u6a23\u505a\u7684!"
        },
        {
            "id": "TtZcZUXNcIg",
            "title": "\u9ed1\u9053\u3001\u8ca1\u5718\u3001\u653f\u5ba2\u300c\u9ed1\u91d1\u4e09\u4f4d\u4e00\u9ad4\u300d \u53f0\u7063\u7684\u3010\u9ed1\u91d1\u653f\u6cbb\u3011\u3001\u3010\u5730\u65b9\u6d3e\u7cfb\u3011\u662f\u600e\u9ebc\u8a95\u751f\u7684?"
        },
        {
            "id": "3ZrKakydbT4",
            "title": "\u53f0\u7063\u66fe\u9760\u6a1f\u8166\u58df\u65b7\u5168\u4e16\u754c \u4e00\u767e\u5e74\u524d\u7684\u77f3\u6cb9 \u6a1f\u8166\u6709\u591a\u91cd\u8981 \u3010\u6a1f\u8166\u7684\u6b77\u53f2\u3011"
        },
        {
            "id": "Q1JvsIwiVA4",
            "title": "\u5f37\u5230\u6c92\u5c0d\u624b! \u53f0\u7063\u5de7\u56fa\u7403\u662f\u5728\u5f37\u5e7e\u9ede\u7684?  \u70ba\u4ec0\u9ebc\u53f0\u7063\u5de7\u56fa\u7403\u9019\u9ebc\u5f37?"
        },
        {
            "id": "GeZi55NN4FM",
            "title": "\u53e4\u4ee3\u6c92\u6709\u6d17\u9aee\u7cbe \u53e4\u4eba\u600e\u9ebc\u6d17\u982d? \u73fe\u4ee3\u6d17\u9aee\u662f\u8ab0\u767c\u660e\u7684?"
        },
        {
            "id": "5_jdHvK9aRU",
            "title": "\u65e5\u672c\u7d93\u6fdf\u70ba\u4ec0\u9ebc\u6703\u88ab\u8ca1\u95a5\u58df\u65b7? \u5bcc\u53ef\u6575\u570b\u7684\u8ca1\u95a5\u600e\u9ebc\u8a95\u751f\u7684?"
        },
        {
            "id": "bnQHqvqXxhw",
            "title": "\u6b63\u53f2\u8a18\u8f09\u4e09\u570b\u4eba\u53e3800\u842c!? \u70ba\u4f55\u4e09\u570b\u6642\u4ee3\u4eba\u53e3\u9019\u9ebc\u5c11?  \u4e2d\u570b\u738b\u671d\u6ec5\u4ea1\u7684\u4e94\u5927\u539f\u56e0 \u6771\u6f22\u672b\u5e74\u5168\u90e8\u90fd\u6709"
        },
        {
            "id": "znSD6I1qN2A",
            "title": "\u3010\u6d88\u5931\u7684\u6cb3\u9053\u3011\u6cb3\u9053\u795e\u79d8\u6d88\u5931 \u9020\u6210\u7e41\u83ef\u57ce\u5e02\u7684\u6c92\u843d \u8207\u5eb7\u7199\u53f0\u5317\u6e56\u6709\u95dc\u55ce?"
        },
        {
            "id": "ZAsl3lD1Cfo",
            "title": "\u9152\u9b3c\u570b\u5ea6\u3001\u6c11\u4e3b\u5148\u92d2 \u7f8e\u570b\u70ba\u4ec0\u9ebc\u8981\u7981\u9152? \u4e00\u5834\u5931\u6557\u7684\u793e\u6703\u5be6\u9a57"
        },
        {
            "id": "pYF6rtibAZE",
            "title": "\u70ba\u4ec0\u9ebc\u4e09\u570b\u6642\u4ee3\u6700\u53d7\u6b61\u8fce? \u4e0d\u662f\u56e0\u70ba\u7f85\u8cab\u4e2d \u4e0d\u662f\u5149\u69ae \u4e5f\u4e0d\u662f\u5206\u88c2\u671f"
        },
        {
            "id": "Qs3hAzUVrrw",
            "title": "\u66fe\u7a31\u9738\u6b50\u6d32\u7684\u7dad\u4eac\u4eba \u70ba\u4f55\u5ffd\u7136\u6d88\u5931\u4e86?  \u6b63\u53f2\u3001\u91ce\u53f2\u3001\u79c1\u53f2\u6709\u4ec0\u9ebc\u5206\u5225?"
        },
        {
            "id": "Yx5itGeEyIc",
            "title": "\u70ba\u4ec0\u9ebc\u4e2d\u5171\u8981\u8feb\u5bb3\u7dad\u543e\u723e\u4eba? \u65b0\u7586\u600e\u9ebc\u8b8a\u6210\u4e2d\u570b\u7684? \u3010\u65b0\u7586\u7684\u6b77\u53f2\u3011"
        },
        {
            "id": "OccyJ6Rl7_Q",
            "title": "\u4e16\u754c\u4e0a\u6700\u79d1\u5b78\u7684\u8a9e\u8a00 \u97d3\u6587\u662f\u600e\u9ebc\u8a95\u751f\u7684? \u97d3\u570b\u70ba\u4ec0\u9ebc\u4e0d\u518d\u7528\u6f22\u5b57?"
        },
        {
            "id": "kW4Rk-NkELk",
            "title": "\u70ba\u4f55\u570b\u6c11\u9ee8\u5728\u5927\u9678\u571f\u6539\u5931\u6557\u3001\u55aa\u76e1\u6c11\u5fc3 \u537b\u5728\u53f0\u7063\u5275\u9020\u7d93\u6fdf\u5947\u8e5f\uff1f \u570b\u6c11\u9ee8\u626e\u6f14\u4e86\u4ec0\u9ebc\u89d2\u8272?"
        },
        {
            "id": "5RozsJjrvrI",
            "title": "\u53f0\u7063\u7d93\u6fdf\u5947\u8e5f\u662f\u8ab0\u7684\u529f\u52de\uff1f\u65e5\u672c\u4eba\u7684\u5efa\u8a2d\uff1f\u7f8e\u570b\u5927\u6492\u5e63\u63f4\u52a9\uff1f\u570b\u6c11\u9ee8\u7684\u82f1\u660e\u795e\u6b66\uff1f"
        },
        {
            "id": "uzz-M4RIgro",
            "title": "\u4f5b\u4e5f\u6562\u6ec5? \u4e2d\u570b\u6b77\u53f2\u4e0a\u70ba\u4ec0\u9ebc\u8981\u6ec5\u4f5b? \u7576\u6642\u4f5b\u6559\u6709\u591a\u53ef\u60e1!?"
        },
        {
            "id": "Mv2ejr7aP6E",
            "title": "\u4e00\u592b\u591a\u59bb\u662f\u4eba\u985e\u7684\u672c\u80fd? \u53e4\u4eba\u70ba\u4ec0\u9ebc\u8981\u4e09\u59bb\u56db\u59be \u3010\u7d0d\u59be\u7684\u6b77\u53f2\u3011"
        },
        {
            "id": "tgF_aZQyvSg",
            "title": "\u53e4\u4ee3\u8ecd\u968a\u771f\u7684\u9ad8\u9054\u767e\u842c\u55ce? \u5176\u4e2d\u6709\u4e00\u534a\u662f\u6253\u98ef\u73ed \u70ba\u4ec0\u9ebc\u7682\u540f\u4e16\u5bb6\u4e0d\u80fd\u8003\u79d1\u8209? \u56e0\u70ba\u662f\u5730\u65b9\u5c0f\u9738\u738b"
        }
    ]
}