{
    "channel": {
        "title": "\u72e0\u611b\u6f14",
        "id": "UCnfPDcASesYjcO5u-ELnb-Q",
        "customUrl": "@user-dq9lm8xn1p",
        "uploads": "UUnfPDcASesYjcO5u-ELnb-Q"
    },
    "videos": [
        {
            "id": "jO95HeVDtJs",
            "title": "\u8b1d\u8b1d\u5927\u5bb6"
        },
        {
            "id": "r4RFFrAQdxY",
            "title": "\u9ad4\u9a57\u4e00\u65e5\u9ed1\u9053\u8001\u5927\uff01\u5168\u8eab\u523a\u9752\u300e\u706b\u7206\u523a\u6fc0\u300f"
        },
        {
            "id": "3if-qV_I2s4",
            "title": "\u3010\u72e0\u611b\u6f14\u3011\u958b\u7bb1\u5168\u65b0\u5de5\u4f5c\u5ba4\uff01\u8017\u8cbb\u767e\u842c\u300e\u5168\u65b0\u66dd\u5149\u300f"
        },
        {
            "id": "Dv6iH4wCBmY",
            "title": "\u5403\u7206300\u584a\uff0c\u9ea5\u514b\u96de\u584a\uff01\u300e\u5168\u54e1\u723d\u7ffb\u5929\uff5e\u300f"
        },
        {
            "id": "kd-1CnsyLQ0",
            "title": "\u822a\u7a7a\u6bcd\u8266\u86b5\u4ed4\u714e\uff01\u985b\u8986\u50b3\u7d71\u300e\u7e3d\u50f9\u7834\u842c\u300f"
        },
        {
            "id": "tKea0MaeFyI",
            "title": "\u3010\u72e0\u611b\u6f14\u3011\u88fd\u4f5c\u6700\u8cb4\u6d0b\u828b\u7247\uff0c\u91d1\u7b94\u677e\u9732\u901a\u901a\u4f86\uff01\u300e\u5403\u5230\u5347\u5929\u300f"
        },
        {
            "id": "eidtgl17Z5I",
            "title": "\u3010\u72e0\u611b\u6f14\u3011\u9ad4\u9a57\u731b\u7537\u5806\u4e2d\u8003\u8a66\uff0c\u7f8e\u5973\u5fc3\u82b1\u6012\u653e\u300e\u904e\u7a0b\u8d85\u7206\u7b11\u300f"
        },
        {
            "id": "l9I4rI1QueM",
            "title": "\u3010\u72e0\u611b\u6f14\u3011\u6253\u9020\u6700\u901f\u5361\u4e01\u8eca\uff0c\u904e\u5f4e\u6642\u901f200\u300e\u9ad4\u9a57\u98c6\u98a8\u5feb\u611f\u300f"
        },
        {
            "id": "5XpjKYlGHJg",
            "title": "\u3010\u72e0\u611b\u6f14\u301120KG\u731b\u7378\u8056\u4ee3\u51b0\u6dc7\u6dcb\uff01\u5167\u542b\u516d\u6876\u51b0\u300e\u5962\u83ef\u53c8\u7f8e\u5473\u300f"
        },
        {
            "id": "vOU3OdorxiQ",
            "title": "\u3010\u72e0\u611b\u6f14\u3011\u5982\u4f55\u5728\u4e00\u5e74\u4e4b\u5167\uff0c\u5b58\u7834\u767e\u842c\uff01\u300e\u4f60\u4fe1\u55ce\uff1f\u300f"
        },
        {
            "id": "_0L0vnk4b74",
            "title": "\u3010\u72e0\u611b\u6f14\u3011\u4e94\u5206\u9418\u6559\u4f60\u6210\u70ba\uff5e\u6210\u529f\u4eba\u58eb\u300e\u6709\u5922\u60f3\u7684\u4eba\u5fc5\u770b\u300f"
        },
        {
            "id": "05Zh3pJDTbs",
            "title": "\u3010\u72e0\u611b\u6f14\u3011\u72e0\u611b\u6f14\u626d\u86cb\u958b\u7bb1\uff01\u300e\u64bc\u52d5\u6574\u500b\u626d\u86cb\u754c\u300f"
        },
        {
            "id": "oEZ60t6rAzo",
            "title": "\u3010\u72e0\u611b\u6f14\u3011\u5b8c\u6210\u75f4\u75f4\u7684\u5922\u60f3\uff01\u86fb\u8b8a\u6210\u70ba\u51b6\u8c54\u5c0f\u79d8\u66f8\u300e\u8207\u6b50\u5df4\u9082\u9005\u300f"
        },
        {
            "id": "HqbFXT5xYoQ",
            "title": "\u3010\u72e0\u611b\u6f14\u3011\u62c9\u9eb5\u5927\u8cfd\uff01OREO\uff5e\u5589\u7cd6\uff5e\u4e00\u862d\u300e\u597d\u5403\u5230\u4e0a\u5929\u5802\u300f"
        },
        {
            "id": "V2T5MR5aJ8Y",
            "title": "\u3010\u72e0\u611b\u6f14\u3011\u77f3\u677f\u70e4\u8089\uff01\u98df\u7269\u6703\u719f\u55ce\uff1f\u300e\u6210\u679c\u8d85\u9a5a\u4eba\u300f"
        },
        {
            "id": "-UpRGvALe28",
            "title": "\u3010\u72e0\u611b\u6f14\u3011\u776a\u4e38\u5976\u6614\uff01\u7a2e\u8c6c\u776a\u4e38,\u7f8a\u776a\u4e38,\u96de\u776a\u4e38\u300e\u9707\u64bc\u4f60\u7684\u5473\u857e\u300f"
        },
        {
            "id": "xnbZteKZGdA",
            "title": "\u3010\u72e0\u611b\u6f14\u3011\u7280\u5229\u4eba\u6dd2\uff01\u7981\u5fcc\u7684\u611b\u300e\u6700\u72c2\u5614\u50cf\u5287\u300f"
        },
        {
            "id": "-ytfl6HQwCk",
            "title": "\u3010\u72e0\u611b\u6f14\u301150\u6b72\u6912\u5abd\u5927\u6539\u9020\uff01\u97d3\u570b\u5973\u5718\u964d\u81e8\u300e\u8d85\u7d1a\u6027\u611f\u706b\u8fa3\u300f"
        },
        {
            "id": "KBgHzJyt0xE",
            "title": "\u3010\u72e0\u611b\u6f14\u3011\u5730\u7344\u5228\u51b0\u7cfb\u5217\uff01\u5927\u8178\u81ed\u81ed\u934b,\u8089\u9aa8\u8336,\u9178\u8fa3\u6e6f\u300e\u5403\u5230\u5feb\u5f80\u751f\u300f"
        },
        {
            "id": "zhH9K1fGDEM",
            "title": "\u3010\u72e0\u611b\u6f14\u3011\u908a\u7de3\u4eba\u767c\u660e\u5bb6\uff01\u672a\u4f8650\u5e74\u5e74\u79d1\u6280\u300e\u9707\u64bc\u5168\u5b87\u5b99\u300f"
        },
        {
            "id": "657Ef7wMyjw",
            "title": "\u3010\u72e0\u611b\u6f14\u3011\u571f\u8c6a\u4e09\u9910\uff01\u5e74\u6536\u5343\u842c\u600e\u9ebc\u904e\u300e\u5962\u83ef\u4e09\u9910\u300f"
        },
        {
            "id": "xby8AkgUQIE",
            "title": "\u3010\u72e0\u611b\u6f14\u3011\u5728\u9eb5\u5e97\u82091400\u516c\u65a4\u555e\u9234\uff01\u6065\u5ea6\u7834\u8868\u300e\u5ba2\u4eba\u50bb\u773c\u300f"
        },
        {
            "id": "42nkETBmArA",
            "title": "\u3010\u72e0\u611b\u6f14\u3011\u7b2c\u4e00\u5c46\u6fc0\u70c8\u7af6\u722d\uff01\u72e0\u611b\u6f14\u5065\u7f8e\u5927\u8cfd\u300e\u9ad8\u624b\u96f2\u96c6\u300f"
        },
        {
            "id": "tpNTBFNS2DM",
            "title": "\u3010\u72e0\u611b\u6f14\u3011\u6211\u5011\u7684\u54e1\u5de5\u65c5\u904a\uff0c\u80e1\u6912\u8c54\u9047\u6afb\u82b1\u59b9\uff01\u300e\u9802\u7d1a\u4eab\u6a02 \u723d\u6b6a\u6b6a\u300f"
        },
        {
            "id": "KPgqx08EAoE",
            "title": "\u3010\u72e0\u611b\u6f14\u3011\u8d85\u5de8\u5927\u934b\u71d2\u9eb5\uff01\u76f8\u64b2\u5c3a\u5bf8 \u300e\u7834\u7d00\u9304\u300f"
        }
    ]
}