{
    "video_info": {
        "id": "3eRHa8z6rUE",
        "channelTitle": "cheap",
        "title": "\u53e4\u4eba\u6c92\u4fdd\u96aa\u5957\u600e\u9ebc\u907f\u5b55\uff1f \u4eba\u985e\u907f\u5b55\u53f2",
        "description": "\u53e4\u4eba\u6c92\u6709\u4fdd\u96aa\u5957\uff0c\u4ed6\u5011\u662f\u600e\u9ebc\u907f\u5b55\u7684?\n\u5f9e\u53e4\u57c3\u53ca\u5230\u6b50\u6d32\uff0c\u5404\u7a2e\u5947\u602a\u7684\u907f\u5b55\u65b9\u5f0f\n\n\u76f8\u6a21\u53f0\u7063\uff1ahttps://sagami.tw/\n\n\u8a31\u53ef\u8b49\u5b57\u865f\uff1a\u885b\u90e8\u91ab\u5668\u8f38\u5b57\u7b2c027578 \u865f\n\u85e5\u5546\uff1a\u53f0\u5317\u5b89\u6ed9\u6709\u9650\u516c\u53f8 \n\u5ee3\u544a\u8a31\u53ef\u5b57\u865f\uff1a\u5317\u5e02\u885b\u5668 \u5ee3\u5b57\u7b2c112080297 \u865f\n\u4f7f\u7528\u524d\u8acb\u8a73\u95b1\u8aaa\u660e\u66f8\u8b66\u8a9e\u53ca\u6ce8\u610f\u4e8b\u9805\n\n\u53c3\u8003\u8cc7\u6599\uff1a\n\u300a\u767c\u660e\u7c21\u53f2\u300b\uff1a\u53f2\u4e0a\u7b2c\u4e00\u500b\u6a61\u81a0\u4fdd\u96aa\u5957\u50cf\u8173\u8e0f\u8eca\u5167\u80ce\u4e00\u6a23\u539a\uff0c\u65c1\u908a\u9084\u6709\u5927\u63a5\u7e2b - The News Lens \u95dc\u9375\u8a55\u8ad6\u7db2\nCondom - Wikipedia\n5 Birth Control Methods In The Medieval Period (thecollector.com)\nHistory of birth control - Wikipedia\n\u4fdd\u96aa\u5957\u6df1\u539a\u7684\u6b77\u53f2 - PanSci \u6cdb\u79d1\u5b78\n\nCheap\u8cbc\u5716\u4e0a\u67b6\u5566\nhttps://store.line.me/stickershop/author/1784332\n\n\u6210\u70baVIP\u8a02\u95b1\u6236 \u6bcf\u6708\u53f0\u5e6330\u5143\u8d77 \u4eab\u6709\u4e0d\u540c\u7684\u5c08\u5c6c\u7c89\u7d72\u798f\u5229\nhttps://tinyurl.com/y2b43ap2\n\n\u81c9\u66f8:\nhttps://www.facebook.com/cheapAOE/\ncheap\u6b77\u53f2\u8a0e\u8ad6\u793e\u5718:\nhttps://www.facebook.com/groups/cheaphistory\ncheap\u66f8\u55ae:\nhttps://tinyl.io/4QSG",
        "likeCount": "21997",
        "commentCount": "4454",
        "viewCount": "1453956"
    },
    "comments": [
        {
            "reply_id": "UgyfuBKFptNAG2FjpN54AaABAg",
            "reply_content": "\u751f\u5c11\u4e00\u500b\u5c31\u50b3\u5c11\u4e00\u500b\u5462",
            "likeCount": 0
        },
        {
            "reply_id": "UgyPplc0QOMax22pz4B4AaABAg",
            "reply_content": "\u53ef\u4ee5\u6559\u4e00\u4e0b\u857e\u62c9\u600e\u9ebc\u907f\u5b55\u55ce",
            "likeCount": 0
        },
        {
            "reply_id": "UgxjKuye6HQiLSlUwtZ4AaABAg",
            "reply_content": "\u4f60\u7684\u53e3\u97f3\u8ddf\u5510\u6c0f\u5152\u4e00\u6a23",
            "likeCount": 0
        },
        {
            "reply_id": "UgwbFoQ3hSZE1utvPiB4AaABAg",
            "reply_content": "\u4e0d\u77e5\u9053\u62bd\u4e86\u4f46\u53c8\u5b78\u4e86\u4e00\u4e9b",
            "likeCount": 0
        },
        {
            "reply_id": "UgxEg-BbSNsyWZ1F3Jh4AaABAg",
            "reply_content": "\u6572\u7897\u767c\u660e\u7537\u6027\u907f\u5b55\u85e5\u7684\u90a3\u4e00\u5929",
            "likeCount": 0
        },
        {
            "reply_id": "UgxIvAtm8XahaY8SSTl4AaABAg",
            "reply_content": "\u7528\u8fc7\u957f\u7684\u5305\u76ae\u6253\u4e2a\u7ed3\u5c31\u597d\u4e86",
            "likeCount": 0
        },
        {
            "reply_id": "UgyJ54pmnZMiwLfA2Ux4AaABAg",
            "reply_content": "\u7576\u6211\u4e5f\u5728\u597d\u5947\u4fdd\u96aa\u5957\u600e\u9ebc\u4f86\u7684\u6642\u5019 \u9019\u90e8\u5f71\u7247\u63a8\u64ad\u51fa\u4f86\u4e86",
            "likeCount": 0
        },
        {
            "reply_id": "Ugw5Xe3RwmOWnkLuzKh4AaABAg",
            "reply_content": "\u53ef\u4ee5\u76f4\u63a5\u5c04\u5728\u5225\u7684\u5730\u65b9",
            "likeCount": 0
        },
        {
            "reply_id": "UgwiFmYrUF33mbdqXDF4AaABAg",
            "reply_content": "\u61c9\u8a72\u6709\u4eba\u770b\u5b8c\u4e4b\u5f8c\u6709\u4e00\u9663\u5b50\u4e0d\u6562\u5403\u9999\u8178",
            "likeCount": 0
        },
        {
            "reply_id": "UgzKeeYq6Ud7tHCKyEV4AaABAg",
            "reply_content": "\u9b54\u6cd5\u5e2b\u770b\u4e86\u90fd\u60f3\u7528\u7528\u770b\u4e86",
            "likeCount": 0
        },
        {
            "reply_id": "UgzNEGCuYyRUAOVtKPF4AaABAg",
            "reply_content": "\u5e0c\u671b\u53ef\u4ee5\u62bd\u4e2d \u6bcf\u6b21\u90fd\u8981\u53bb\u65e5\u672c\u624d\u80fd\u8cb7\u4e0d\u7136\u597d\u8cb4",
            "likeCount": 0
        },
        {
            "reply_id": "UgwNCr6qcvS8dtzJrjx4AaABAg",
            "reply_content": "\u9019\u96c6\u597d\u597d\u770b \u8a8d\u8b58\u597d\u591a\u6839\u672c\u5e73\u5e38\u4e0d\u6703\u77e5\u9053\u7684\u6771\u897f\u597d\u597d\u7b11",
            "likeCount": 0
        },
        {
            "reply_id": "Ugwj99x7bgdf-Uq3BuJ4AaABAg",
            "reply_content": "\u5f88\u4e45\u6c92\u770b\u5230\u672c\u4eba\u771f\u4eba\u696d\u914d\u4e86\uff0c\u6bd4\u8f03\u559c\u6b61\u771f\u4eba\u756b\u9762",
            "likeCount": 0
        },
        {
            "reply_id": "UgyhfCajwK6ahLtIL4Z4AaABAg",
            "reply_content": "\u76f8\u6a21\u7684\u54c1\u8cea\u771f\u7684\u90fd\u975e\u5e38\u512a\u8cea",
            "likeCount": 0
        },
        {
            "reply_id": "UgxlAjnG7aGsXp9XxDZ4AaABAg",
            "reply_content": "\u6211\u9084\u4ee5\u70ba\u8b93\u4f60\u6709\u4ee5\u70ba\u6211\u8981\u4ecb\u7d39\u4fdd\u96aa\u5957\u5176\u5be6\u662f\u9999\u8178\uff0c\u4f46\u7d50\u679c\u9084\u662f\u4fdd\u96aa\u5957\u7b11\u6b7b",
            "likeCount": 0
        },
        {
            "reply_id": "UgyNnelNu7-_CFCzfJN4AaABAg",
            "reply_content": "\u9084\u5728\u60f3\u662f\u4e0d\u662f\u8981\u696d\u914d\u934b\u5b50\uff0c\u6c92\u60f3\u5230\u5c45\u7136\u771f\u7684\u662f\u696d\u914d\u5957\u5957",
            "likeCount": 0
        },
        {
            "reply_id": "Ugxnw184U5LcwB2jg3B4AaABAg",
            "reply_content": "\u4e0d\u77e5\u9053\u627e\u6b77\u53f2\u8981\u627e\u591a\u4e45",
            "likeCount": 0
        },
        {
            "reply_id": "UgwAoi3KYaiXXzCsYBx4AaABAg",
            "reply_content": "\u5e0c\u671b\u6709\u516c\u53f8\u80fd\u505a\u5230\u5948\u7c73\u7684\u8584\u5ea6",
            "likeCount": 0
        },
        {
            "reply_id": "UgzNJML2D9CknisQzgJ4AaABAg",
            "reply_content": "\u6211\u8bb0\u5f97\u6211\u7684\u7406\u5316\u8001\u5e08\u6709\u8bb2\u8bf4\u4ee5\u524d\u7684\u4fdd\u9669\u5957\u662f\u9c7c\u9cd4",
            "likeCount": 0
        },
        {
            "reply_id": "UgzbKA9FaRJeowk8FnZ4AaABAg",
            "reply_content": "\u672c\u4f86\u4ee5\u70ba\u662f\u8449\u914d\u9999\u8178\u6c92\u60f3\u5230\u5c45\u7136\u662f\u4fdd\u96aa\u5957!\u597d\u671f\u5f85\u4e4b\u5f8c\u7684\u53e4\u4eba\u4e3b\u984c",
            "likeCount": 0
        }
    ]
}