{
    "video_info": {
        "id": "d46Dhk6d_4M",
        "channelTitle": "cheap",
        "title": "\u5168\u7403\u7b2c\u4e00\u500b\u300c\u7834\u7522\u300d\u570b\u5bb6  \u5f9e\u5bcc\u5f97\u6d41\u6cb9\u5230\u7834\u7522 \u51b0\u5cf6\u5982\u4f55\u6eff\u8840\u5fa9\u6d3b \u3010\u51b0\u5cf6\u7684\u6b77\u53f2\u3011",
        "description": "\u51b0\u5cf6\u66fe\u662f\u4e16\u754c\u4e0a\u6700\u6709\u9322\u7684\u570b\u5bb6\uff0c\u4f46\u537b\u57282008\u5e74\u7834\u7522\uff0c\u4f46\u5f88\u5feb\u7684\u4e09\u5e74\u5f8c\u6eff\u8840\u5fa9\u6d3b\n\u5176\u5be6\u51b0\u5cf6\u80fd\u9019\u9ebc\u6709\u9322\u5c31\u662f\u4e00\u4ef6\u5947\u602a\u7684\u4e8b\u60c5\uff0c\u5230\u5e95\u51b0\u5cf6\u600e\u9ebc\u6d74\u706b\u91cd\u751f\u7684\u5462?\n\n\u76f4\u63a5\u7528Cheap\u7684\u63a8\u85a6\u78bc\u5230\u6a02\u5929\u7db2\u9280\u958b\u6236\uff0c\u4f60\u8cfa\u65b0\u6236\u79ae500\u5143\uff0cCheap\u8cfa100\u5143 https://ricbtw.page.link/SMA538  (\u5df2\u7d93\u5167\u5efa\u7d81\u5b9a\u6211\u7684\u63a8\u85a6\u78bc QXFNMC )\n\n\u53c3\u8003\u8cc7\u6599\uff1a\n\u51b0\u5cf6\u6559\u80b2\u5236\u5ea6:\u57f9\u80b2\u7dad\u8b77\u51b0\u5cf6\u6587\u5316\u3001\u4eba\u6b0a\u53ca\u6c11\u4e3b\u7d20\u990a\u4e4b\u5065\u5168\u570b\u6c11 \u9673\u7167\u96c4 \u00b7 2010\n\u6b77\u53f2\u88e1\u7684\u73fe\u4ee3\u7d93\u6fdf\u5b78 2019 \n\nCheap\u8cbc\u5716\u4e0a\u67b6\u5566\nhttps://store.line.me/stickershop/author/1784332\n\n\u6210\u70baVIP\u8a02\u95b1\u6236 \u6bcf\u6708\u53f0\u5e6330\u5143\u8d77 \u4eab\u6709\u4e0d\u540c\u7684\u5c08\u5c6c\u7c89\u7d72\u798f\u5229\nhttps://tinyurl.com/y2b43ap2\n\n\u81c9\u66f8:\nhttps://www.facebook.com/cheapAOE/\ncheap\u6b77\u53f2\u8a0e\u8ad6\u793e\u5718:\nhttps://www.facebook.com/groups/cheaphistory\ncheap\u66f8\u55ae:\nhttps://tinyl.io/4QSG",
        "likeCount": "9100",
        "commentCount": "963",
        "viewCount": "540635"
    },
    "comments": [
        {
            "reply_id": "UgyCiVM9hGIGAfNrtVN4AaABAg",
            "reply_content": "\u91cd\u9ede\u5728\u51b0\u5cf6\u9632\u6b62\u5404\u9280\u884c\u91d1\u878d\u696d\u51fa\u9003\n\u4e14\u653f\u5e9c\u512a\u5148\u5c0d\u767e\u59d3\u6c11\u751f\u554f\u984c\u505a\u89e3\u6c7a\n\u53f0\u7063\u5927\u6982\u662f\u512a\u5148\u5e6b\u4f01\u696d\u4e3b\u8ddf\u91d1\u878d\u696d\u5927\u8001\u89e3\u5957\n\u5404\u570b\u7d13\u56f0\u8cb8\u6b3e\u62ff\u4f86\u5e79\u561b\u5c31\u4e0d\u8aaa\u4e86",
            "likeCount": 4
        },
        {
            "reply_id": "Ugwk1CxE0JsjReKKsC54AaABAg",
            "reply_content": "\u771f\u60f3\u79fb\u6c11\u5230\u51b0\u5c9b\u505a\u51b0\u5c9b\u4eba",
            "likeCount": 2
        },
        {
            "reply_id": "Ugw-CRFHCYMy9_v_pOV4AaABAg",
            "reply_content": "\u7dad\u4eac\u4eba\u679c\u7136\u6703\u81ea\u5df1\u56de\u8840",
            "likeCount": 1
        },
        {
            "reply_id": "UgwRPjCa_BPwSa1dPjR4AaABAg",
            "reply_content": "\u8cc7\u672c\u4e3b\u7fa9\u6700\u4f4e\u80fd\u7684\u5730\u65b9\u5c31\u662f\u6bcf\u500b\u570b\u5bb6\u90fd\u653e\u4efb\u91d1\u878d\u6a5f\u69cb\u4e82\u641e\n\u6beb\u7121\u5be6\u8cea\u7522\u51fa\u7684\u91d1\u878d\u696d\u537b\u8b8a\u6210\u7d93\u6fdf\u706b\u8eca\u982d \n\u9322\u6d17\u9322\u6ce8\u5b9a\u6bcf\u5e7e\u5e74\u5c31\u8981\u4e00\u6b21\u91d1\u878d\u5371\u96de",
            "likeCount": 0
        },
        {
            "reply_id": "UgyJNKPeRrp3PIG52ht4AaABAg",
            "reply_content": "\u518d\u6b21\u8b49\u660e\u4e00\u500b\u597d\u653f\u5e9c\u7684\u91cd\u8981\u6027",
            "likeCount": 0
        },
        {
            "reply_id": "Ugx3yiuv7jJmajtzZpl4AaABAg",
            "reply_content": "\u9019\u8b93\u53f0\u7063\u6f01\u6c11\u4e0d\u9ad8\u8208\u5537",
            "likeCount": 0
        },
        {
            "reply_id": "Ugx6QPlSfmqQhhdysiV4AaABAg",
            "reply_content": "\u53f0\u7063\u7684\u9280\u884c\u5229\u6f64\u90fd\u8dd1\u53bb\u80a1\u6771\u8207\u7279\u5b9a\u4eba\u7684\u512a\u5b58\u548c\u5927\u5c40\u70ba\u91cd",
            "likeCount": 0
        },
        {
            "reply_id": "UgwYuL46j3WTs2xgmYl4AaABAg",
            "reply_content": "\u51b0\u5cf6\u7684\u6200\u611b\u5a5a\u59fb\u89c0\u5982\u679c\u653e\u5728\u6771\u4e9e \u6703\u5f15\u8d77\u6230\u722d",
            "likeCount": 0
        },
        {
            "reply_id": "Ugy0WljhxDhy9YV2YOh4AaABAg",
            "reply_content": "\u6211\u597d\u597d\u5947\u90a3\u5ea7\u706b\u5c71\u5230\u5e95\u53eb\u4ec0\u9ebc",
            "likeCount": 0
        },
        {
            "reply_id": "UgwfLMm5UbIUHzwM36Z4AaABAg",
            "reply_content": "\u63d0\u4e00\u5634\uff0c\u51b0\u5cf6\u5728\u91d1\u878d\u5371\u6a5f\u6642\u88ab\u5927\u91cf\u6eab\u5dde\u4eba\u7f6e\u7522",
            "likeCount": 2
        },
        {
            "reply_id": "UgwVHmUbILi7y_5wCgl4AaABAg",
            "reply_content": "\u70ba\u4ec0\u9ebc\u5225\u7684\u570b\u5bb6\u653f\u5e9c\u9019\u9ebc\u597d\uff0c\u6211\u5011\u7684\u653f\u5e9c\u90fd\u5728\u775c\u773c\u8aaa\u778e\u8a71",
            "likeCount": 1
        },
        {
            "reply_id": "Ugxmj7H2m4K74z2AOLN4AaABAg",
            "reply_content": "\u60f3\u7576\u521d\u7b2c\u4e00\u6b21\u8a8d\u8b58\u51b0\u5cf6\u662f\u5728\u761f\u75ab\u516c\u53f8",
            "likeCount": 1
        },
        {
            "reply_id": "UgzI76eY31AKHfUO6Op4AaABAg",
            "reply_content": "\u51b0\u5cf6\u653f\u5e9c\u6e1b\u7a05\u81f3\u5c11\u51b0\u5cf6\u7684\u4f01\u696d\u6703\u628a\u6e1b\u7a05\u7684\u9322\u62ff\u53bb\u5275\u65b0\u8ddf\u6539\u9769\n\u5982\u679c\u662f\u53f0\u7063\u7684\u4f01\u696d\u53ef\u80fd\u5927\u90e8\u5206\u7684\u8001\u95c6\u90fd\u62ff\u53bb\u8cb7\u65b0\u8eca\u6216\u662f\u623f\u5730\u7522\u5427\uff1f",
            "likeCount": 1
        },
        {
            "reply_id": "UgxIzlJAGhFIf1mo6514AaABAg",
            "reply_content": "\u5728\u53f0\u7063\uff0c\u90a3\u4e9b\u9280\u884c\u9ad8\u5c64\u9032\u76e3\u7344\u5f8c\u6703\u6709\u7acb\u59d4\u4fee\u6539\u5916\u5f79\u76e3\u6cd5\u6848\n\u8b93\u4ed6\u5011\u53ef\u4ee5\u723d\u723d\u5230\u5916\u5f79\u76e3\u6e21\u5047\u53bb",
            "likeCount": 1
        },
        {
            "reply_id": "UgzhtqYHJQf-cCCddSl4AaABAg",
            "reply_content": "\u662f\u4e0d\u662f\u53c8\u6709\u76dc\u7247\u4ed4\u8981\u6c92\u4e86",
            "likeCount": 0
        },
        {
            "reply_id": "UgzDjtjmMQj67gk0i3V4AaABAg",
            "reply_content": "\u9019\u5c31\u50cf\u53f0\u7063\u8981\u8b93\u623f\u5e02\u5d29\u8dcc\u624d\u80fd\u8f49\u578b",
            "likeCount": 0
        },
        {
            "reply_id": "Ugxi_9gF5kItavxMzlp4AaABAg",
            "reply_content": "\u5f37\u570b\u5341\u56db\u5104\u4eba\u90fd\u51fa\u4e0d\u4e86\u4e00\u968a\u80fd\u6253\u5165\u4e16\u754c\u76c3\u7684\u7403\u968a\uff0c\u771f\u7f9e\u5bb6",
            "likeCount": 0
        },
        {
            "reply_id": "UgynSn0egxQ3CIevbTh4AaABAg",
            "reply_content": "\u88ab\u90a3\u500b\u7fd2\u5305\u5b50\u7d66\u5438\u4f4f\u4e86",
            "likeCount": 0
        },
        {
            "reply_id": "UgyyXOUzl6JNyRVZnnZ4AaABAg",
            "reply_content": "\u5f88\u597d\u5947\u51b0\u5cf6\u6703\u4e0d\u6703\u9047\u5230\u7db2\u8def\u8a50\u9a19\u8ddf\u842c\u4e00\u9047\u5230\u4e4b\u5f8c\u7684\u61c9\u5c0d\u63aa\u65bd\ud83e\udd14",
            "likeCount": 0
        },
        {
            "reply_id": "UgymLs-Y4B_YMHAjHhR4AaABAg",
            "reply_content": "\u4eba\u624b\u5c11\u5929\u7136\u8cc7\u6e90\u591a\u6ce8\u5b9a\u4e0d\u53ef\u80fd\u5dee\u5230\u54ea",
            "likeCount": 0
        }
    ]
}