{
    "video_info": {
        "id": "GGjQ_1kZKKE",
        "channelTitle": "cheap",
        "title": "\u5de8\u984d\u8ce0\u6b3e\u3001\u4e0d\u5e73\u7b49\u689d\u7d04 \u5927\u6e05\u671d\u5230\u5e95\u8ce0\u4e86\u591a\u5c11\u9280\u5b50? \u7b49\u65bc\u73fe\u5728\u7684\u591a\u5c11\u9322? \u6e05\u671d\u6ec5\u4ea1\u5f8c\u6709\u9084\u6e05\u55ce?",
        "description": "\u73fe\u5728\u5c31\u514d\u8cbb\u4e0b\u8f09\u300a\u6230\u8266\u4e16\u754c\u300b\uff0c\u4f7f\u2f64\u9080\u8acb\u78bc\u8207\u5c08\u5c6c\u9023\u7d50 \u300a\u6230\u8266\u4e16\u754c\u300bPC\u7248: https://wo.ws/3p2FxQP \u300a\u6230\u8266\u4e16\u754c\uff1a\u50b3\u5947\u300b\u5bb6\u6a5f\u7248: https://wo.ws/467Wzxm \u96fb\u8166\u73a9\u5bb6\u53ea\u8981\u57287/16\u65e5\u4ee5\u524d\u4f7f\u7528\u9080\u8acb\u78bc \"DRAGONBOAT23\" \uff0c\u4f60\u5c31\u80fd\u7372\u5f9714 \u5929\u7684\u52a0\u503c\u5e33\u865f\u8cc7\u683c\u3001622 \u9054\u5e03\u9686\u30012,000,000 \u9280\u5e63\uff0c\u4ee5\u53ca\u50b3\u8aaa\u4e2d\u662f\u53f0\u7063\u73a9\u5bb6\u6700\u611b\u7684\uff0cV \u7d1a\u7f8e\u570b\u5de1\u6d0b\u8266\u5967\u99ac\u54c8! \u842c\u4e00\u6bd4\u8f03\u665a\u770b\u5230\u9019\u5f71\u7247\u4e5f\u6c92\u95dc\u4fc2\uff0c7/16 \u4e4b\u5f8c\uff0c\u9084\u662f\u53ef\u4ee5\u900f\u904e\u512a\u60e0\u9023\u7d50\u7372\u5f97\u65b0\u624b\u597d\u79ae\u5594\uff01PC \u73a9\u5bb6\u8f38\u5165\u9080\u8acb\u78bc \"PCBATTLE\"\uff0c\u5bb6\u6a5f\u73a9\u5bb6\u8f38\u5165\u201cCONSOLEBATTLE\u201d\uff0c\u4e5f\u80fd\u7372\u5f97 7 \u5929\u7684\u52a0\u503c\u5e33\u865f\u300120 \u7a2e\u8ff7\u5f69\u9020\u578b\uff0c\u548c 3 \u8258\u9ad8\u7d1a\u6230\u8266\uff08Charleston\u3001Mikasa \u548cAurora\uff09\u3002\n\n\u8ce0\u6b3e\u5c08\u5bb6\u5927\u6e05\uff0c\u5230\u5e95\u8ce0\u4e86\u591a\u5c11\u9322? \u5357\u4eac\u689d\u7d04\u3001\u99ac\u95dc\u689d\u7d04\u3001\u8f9b\u4e11\u5408\u7d04\uff0c\u5230\u5e95\u8ce0\u4e86\u591a\u5c11\u9322? \u6700\u5f8c\u6709\u8ce0\u5b8c\u55ce?\n\n\u53c3\u8003\u8cc7\u6599\uff1a\n\u70ba\u7b2c\u4e8c\u7b46\u6cd5\u570b\u8ce0\u511f\u91d1\u63d0\u4f9b\u8cc7\u91d1 - \u5510\u5ef7\u5496\u5561\u9928 (tontinecoffeehouse.com)\nhttps://en.wikipedia.org/wiki/French_indemnity\nhttps://tinyurl.com/y4l4dh8d\nhttps://www.historicalstatistics.org/Currencyconverter.html\nMacroeconomics of the Franco-Prussian War Indemnity\n3\u5e74\u9084\u6e0550\u5104\u91d1\u6cd5\u90ce\uff0c\u666e\u6cd5\u6230\u722d\u540e\u4ffe\u65af\u9ea5\u662f\u5982\u4f55\u5931\u7b97\u7684\uff1f \u5f71\u97ff\u53c8\u5982\u4f55|\u6cd5\u90ce|\u4ffe\u65af\u9ea5|\u6cd5\u570b_\u65b0\u6d6a\u65b0\u805e (sina.com.cn)\n\u8ca8\u5e63\u8f49\u63db\u5668\uff1a1270\u20132017 (nationalarchives.gov.uk) \n\u6b77\u53f2\u63a2\u5bc6\uff0f\u6e05\u671d\u5230\u5e95\u8ce0\u591a\u5c11\u9322\uff1f\u63db\u7b97\u5f8c\u53ef\u8cb7\u5343\u5104\u9593\u9676\u6731\u96b1\u5712 (yahoo.com)\n\n\nCheap\u8cbc\u5716\u4e0a\u67b6\u5566\nhttps://store.line.me/stickershop/author/1784332\n\n\u6210\u70baVIP\u8a02\u95b1\u6236 \u6bcf\u6708\u53f0\u5e6330\u5143\u8d77 \u4eab\u6709\u4e0d\u540c\u7684\u5c08\u5c6c\u7c89\u7d72\u798f\u5229\nhttps://tinyurl.com/y2b43ap2\n\n\u81c9\u66f8:\nhttps://www.facebook.com/cheapAOE/\ncheap\u6b77\u53f2\u8a0e\u8ad6\u793e\u5718:\nhttps://www.facebook.com/groups/cheaphistory\ncheap\u66f8\u55ae:\nhttps://tinyl.io/4QSG",
        "likeCount": "9403",
        "commentCount": "1440",
        "viewCount": "567488"
    },
    "comments": [
        {
            "reply_id": "Ugy2H1xFngTWZBpl_Bx4AaABAg",
            "reply_content": "\u4e2d\u570b\u61c9\u8a72\u8981\u5411\u4fc4\u7f85\u65af\u8981\u56de\u5eab\u9801\u5cf6",
            "likeCount": 1
        },
        {
            "reply_id": "UgzzUpBb7CYQbcaDvZx4AaABAg",
            "reply_content": "\u90a3\u7fd2\u8fd1\u5e73\u4e0d\u7528\u64d4\u8ca0\u524d\u671d\u6e05\u671d\u7684\u8ca0\u50b5\u55ce",
            "likeCount": 1
        },
        {
            "reply_id": "Ugy02AbFUyiedWdL3QF4AaABAg",
            "reply_content": "\u6230\u8266\u4e16\u754c\u9084\u80fd\u62ff\u5230\u52d5\u756b\u806f\u52d5\u8239\u55ce \u6211\u633a\u60f3\u8981\u84bc\u862d\u6230\u8266\u7684",
            "likeCount": 0
        },
        {
            "reply_id": "Ugwvz-o3tF3-8ma4_E94AaABAg",
            "reply_content": "\u6210\u4e5f\u7f8e\u570b\u6557\u4e5f\u7f8e\u570b \u7f8e\u570b\u4e0d\u63d2\u624b\u5982\u4eca\u53ea\u6709\u4e00\u500b\u4e2d\u570b",
            "likeCount": 0
        },
        {
            "reply_id": "UgzHOFNYQcJnjokzC0R4AaABAg",
            "reply_content": "\u5bf9\u6bd4\u4eca\u5929\u7684\u6570\u636e\u5b8c\u5168\u4e0d\u5bf9\uff0c\u5e94\u8be5\u7528\u8d2d\u4e70\u529b\u8ba1\u7b97",
            "likeCount": 0
        },
        {
            "reply_id": "UgyBaeElTDsRrJpSKOB4AaABAg",
            "reply_content": "\u966a\u94f6\u603b\u6bd4\u4eca\u5929\u7684\u4e4c\u514b\u5170\u5bb6\u7834\u4eba\u4ea1\u8981\u597d\uff0c\u6e05\u653f\u5e9c\u9ad8\u660e",
            "likeCount": 0
        },
        {
            "reply_id": "UgyknxcJZ68pPASKku54AaABAg",
            "reply_content": "\u65e5\u672c\u771f\u7684\u8070\u660e,\u62ff\u5176\u4ed6\u570b\u5bb6\u7684\u570b\u50b5\u518d\u5f37\u5316\u81ea\u5df1\u7684\u9818\u571f",
            "likeCount": 0
        },
        {
            "reply_id": "UgxOdcdxOKCycYKp4_V4AaABAg",
            "reply_content": "\u5982\u679c\u662f\u73fe\u5728\u7684\u53f0\u7063\u7684\u570b\u5bb6\u767c\u884c\u7684\u50b5\u5377\u4f60\u6703\u8cb7\u55ce",
            "likeCount": 0
        },
        {
            "reply_id": "UgwvAA64W7IweWbAsx14AaABAg",
            "reply_content": "\u597d\u591a\u4ee5\u524d\u4e0d\u77e5\u9053\u7684\u6771\u897f",
            "likeCount": 0
        },
        {
            "reply_id": "UgxeAV1cTKXYVKBauiN4AaABAg",
            "reply_content": "\u9999\u6e2f\u6700\u5927\u7684\u5e78\u798f\u662f\u5272\u8b93\u7d66\u82f1\u570b,\u6700\u5927\u7684\u4e0d\u5e78\u662f\u56de\u6b78\u7d66\u4e2d\u570b",
            "likeCount": 3
        },
        {
            "reply_id": "UgyYbWjbZQvwtB02XL54AaABAg",
            "reply_content": "\u5713\u660e\u5712\u6bc0\u6389\u4e4b\u5f8c\u5fb9\u5e95\u8d70\u4e0b\u5761",
            "likeCount": 0
        },
        {
            "reply_id": "Ugxj3VaXrODkFu0nBj94AaABAg",
            "reply_content": "\u5947\u602a\u4e86\u7e7c\u627f\u4e2d\u570b\u653f\u6b0a\u7684\u4e2d\u5171\u70ba\u5565\u4e0d\u9084?\u662f\u627e\u53f0\u7063\u9084",
            "likeCount": 0
        },
        {
            "reply_id": "Ugx2eauJ3pJ3Rsm0Vph4AaABAg",
            "reply_content": "\u4fb5\u596a\u4e2d\u570b\u571f\u5730\u6700\u72e0\u7684\u662f\u4fc4\u570b",
            "likeCount": 0
        },
        {
            "reply_id": "Ugw0PKtdw-1Ac5ykyBh4AaABAg",
            "reply_content": "\u6211\u662f\u4e0d\u61c2\u4e2d\u83ef\u6c11\u570b\u76e1\u5230\u7684\u8ce0\u6b3e\u7fa9\u52d9\u662f\u570b\u6c11\u653f\u5e9c\u4f86\u53f0\u7528\u53f0\u7063\u4eba\u7d0d\u7a05\u9322\u8ce0\u6b3e\u9084\u662f\u5728\u5927\u9678\u6642\u671f\u5c31\u8ce0\u6b3e\u7684\uff1f\u5982\u679c\u5728\u5927\u9678\u6642\u671f\u5c31\u8ce0\u6e05\u4e86\u6216\u8ce0\u5f97\u5dee\u4e0d\u591a\u90a3\u5c31\u5927\u6982\u77e5\u9053\u70ba\u4f55\u570b\u6c11\u9ee8\u5805\u6301\u4e0d\u653e\u68c4\u5927\u9678\u7684\u539f\u56e0\u22ef\u22ef\u4f46\u5982\u679c\u5927\u90e8\u5206\u8ce0\u6b3e\u90fd\u662f\u64a4\u9000\u4f86\u53f0\u7063\u7528\u53f0\u7063\u4eba\u6c11\u7d0d\u7a05\u9322\u7684\u8a71\u5c31\u6c92\u5fc5\u8981\u518d\u8ac7\u4e00\u4e2d\u4e86\uff01",
            "likeCount": 0
        },
        {
            "reply_id": "UgwbMzmMoWr3bXVlScx4AaABAg",
            "reply_content": "\u9019\u4e9b\u5931\u53bb\u7684\u9072\u65e9\u8981\u56de\u4f86",
            "likeCount": 0
        },
        {
            "reply_id": "Ugx5_S_2n0zfxoLpk9t4AaABAg",
            "reply_content": "\u539f\u4f86\u7f8e\u5e1d\u57f9\u990a\u51fa\u4e00\u5806\u4ee5\u4e2d\u83ef\u50b3\u7d71\u6587\u5316\u81ea\u8c6a\u7684\u80cc\u9aa8\u4ed4",
            "likeCount": 0
        },
        {
            "reply_id": "Ugw54oUHZ3OOeNfTNnR4AaABAg",
            "reply_content": "\u770b\u4f86\u770b\u53bb \u4e2d\u570b\u771f\u7684\u662f\u4e16\u754c\u4e0a\u6700\u6c92\u54c1\u7684\u570b\u5bb6\u6c92\u6709\u4e4b\u4e00",
            "likeCount": 0
        },
        {
            "reply_id": "UgxRnaDV3bKikdtSZW14AaABAg",
            "reply_content": "\u807d\u4f60\u8aaa\u8a71\u54ac\u5b57\u4e0d\u6e05\u4e0d\u695a\u597d\u96e3\u53d7",
            "likeCount": 0
        },
        {
            "reply_id": "Ugwdxrc3IwurKJ4aYuV4AaABAg",
            "reply_content": "\u958b\u982d\u5716\u5361\u5357\u4eac\u689d\u7d04\u7684\u5e74\u4efd\u5beb\u932f\u4e86",
            "likeCount": 0
        },
        {
            "reply_id": "UgxTPGpx4qEoTDR8rI54AaABAg",
            "reply_content": "\u7e7c\u627f\u5229\u76ca\u7136\u5f8c\u8ce0\u6b3e\u90fd\u4e00\u6982\u6b77\u53f2\u6587\u4ef6\u7684\u771f\u7684\u662f\u5f88\u8a87\u5f35!",
            "likeCount": 0
        }
    ]
}