{
    "video_info": {
        "id": "in4eTVZqRuw",
        "channelTitle": "cheap",
        "title": "\u70ba\u4f55\u85cf\u50b3\u4f5b\u6559\u88ab\u9ed1\u5f97\u9019\u9ebc\u6158? \u5982\u4f55\u89e3\u91cb \u7537\u5973\u96d9\u4fee\u3001\u6d3b\u4f5b\u8f49\u4e16\u3001\u5587\u561b\u5403\u8089? \u3010\u85cf\u50b3\u4f5b\u6559\u7684\u6b77\u53f2\u3011",
        "description": "\u85cf\u50b3\u4f5b\u6559\u975e\u5e38\u795e\u79d8\uff0c\u4f46\u5728\u53f0\u7063\u88ab\u9ed1\u5f97\u5f88\u6158\n\u7537\u5973\u96d9\u4fee\u3001\u6d3b\u4f5b\u8f49\u4e16\u9019\u4e9b\u8a72\u600e\u9ebc\u89e3\u91cb?\n\n\u5927\u85cf\u7d93\u662f\u4f5b\u9640\u57282500\u5e74\u524d\uff0c\u8b1b\u7d93\u8aaa\u6cd5\u7684\u7121\u4e0a\u667a\u6167\u4e4b\u7cbe\u83ef\uff0c\u7942\u662f\u4f5b\u6cd5\u7684\u8d77\u6e90\uff0c\u4f5b\u9640\u5728\u904e\u53bb\u66fe\u70ba\u6089\u9054\u591a\u738b\u5b50\uff0c\u525b\u51fa\u751f\u6642\u5c31\u80fd\u8d70\u8def\uff0c\u7942\u66fe\u8aaa\u904e\u4e00\u53e5\u6709\u610f\u601d\u7684\u8a71\uff1a\u300c\u5929\u4e0a\u5730\u4e0b\u552f\u6211\u7368\u5c0a\uff01\u300d\u610f\u601d\u662f\uff0c\u53ea\u6709\u4eba\uff0c\u624d\u80fd\u9054\u5230\u6210\u4f5b\u7684\u5883\u754c\u3002\n\n\u4f5b\u9640\u5c31\u662f\u70ba\u5316\u89e3\u773e\u751f\u82e6\u96e3\u8207\u7169\u60f1\u800c\u751f\uff0c\u56e0\u6b64\u9802\u79ae\u4f5b\u9640\uff0c\u5c31\u80fd\u8207\u4f5b\u9640\u7684\u667a\u6167\u76f8\u61c9\uff0c\u66f4\u80fd\u52a9\u4f60\u8d85\u812b\u56f0\u5883\u3001\u8fce\u5411\u5e78\u798f\u3002\n\n\u51e1\u80fd\u807d\u3001\u898b\u3001\u89f8\u3001\u805e\u5927\u85cf\u7d93\uff0c\u76f8\u50b3\u7686\u80fd\u5f97\u4e03\u4e16\u798f\u5831\n\n\u5927\u85cf\u7d93\u666e\u6e21\u5927\u6cd5\u6703\u9081\u5165\u7b2c12\u5c46\uff0c\u7d93\u904e\u7b2c12\u5c46\u5927\u85cf\u7d93\u6cd5\u6703\u52a0\u6301\uff0c\u9858\u4f60\u80fd\u6642\u6642\u523b\u523b\u90fd\u5065\u5eb7\u7f8e\u6eff\uff0c\u4eab\u53d7\u8ca1\u5bcc\u81ea\u7531\u7684\u4eba\u751f\n\n\u6b61\u8fce\u5831\u540d\u53c3\u8d0a\u4e14\u89aa\u81e8\u73fe\u5834\u611f\u53d7\u7d93\u6587\u5531\u8aa6\u3001\u4f5b\u97f3\u7e5a\u7e5e\u7684\u73fe\u5834\n\n\u53f0\u7063\u670b\u53cb\u5831\u540d\u9023\u7d50\nhttps://bmai.cc/55nn4w\n\u6771\u5357\u4e9e\u670b\u53cb\u5831\u540d\u9023\u7d50\nhttps://bit.ly/3q2w78d\n\n\u53c3\u8003\u8cc7\u6599\uff1a\n\u85cf\u50b3\u4f5b\u6559\u7684\u7fd2\u4fd7\u53ca\u5176\u6d3b\u52d5\u5167\u5bb9 (ntu.edu.tw)\n\u897f\u85cf\u4f5b\u6559\u53f2 (ntu.edu.tw)\n\n\nCheap\u8cbc\u5716\u4e0a\u67b6\u5566\nhttps://store.line.me/stickershop/author/1784332\n\n\u6210\u70baVIP\u8a02\u95b1\u6236 \u6bcf\u6708\u53f0\u5e6330\u5143\u8d77 \u4eab\u6709\u4e0d\u540c\u7684\u5c08\u5c6c\u7c89\u7d72\u798f\u5229\nhttps://tinyurl.com/y2b43ap2\n\n\u81c9\u66f8:\nhttps://www.facebook.com/cheapAOE/\ncheap\u6b77\u53f2\u8a0e\u8ad6\u793e\u5718:\nhttps://www.facebook.com/groups/cheaphistory\ncheap\u66f8\u55ae:\nhttps://tinyl.io/4QSG",
        "likeCount": "11930",
        "commentCount": "2431",
        "viewCount": "648111"
    },
    "comments": [
        {
            "reply_id": "UgwWUHYoNRXG_L814wV4AaABAg",
            "reply_content": "\u60f3\u807d\u5b97\u5580\u5df4\u5206\u51fa\u9054\u8cf4\u8ddf\u73ed\u79aa\u7684\u90a3\u6bb5\u6545\u4e8b",
            "likeCount": 1
        },
        {
            "reply_id": "UgwvpaC6bASJRNFRF794AaABAg",
            "reply_content": "\u85cf\u4f20\u4f5b\u6559\u7684\u6076\u884c\u4e07\u5206\u4e4b\u4e00\u90fd\u6ca1\u8bf4\u51fa\u6765",
            "likeCount": 0
        },
        {
            "reply_id": "Ugw5TRQ1nzU3gWw1ZQ14AaABAg",
            "reply_content": "\u4f60\u5ffd\u89c6\u4e86\u90a3\u4e9b\u4ece\u5c0f\u5c31\u6ce8\u5b9a\u6210\u4e3a\u6cd5\u5668\u7684\u897f\u85cf\u5974\u96b6",
            "likeCount": 0
        },
        {
            "reply_id": "UgyNi9thY0ZTaWUee7J4AaABAg",
            "reply_content": "\u5b97\u6559\u672c\u8d28\u662f\u628a\u8d85\u8fc7\u6781\u9650\u7684\u4eba\u7edf\u7b79\u5728\u4e00\u8d77\uff0c\u5b97\u6559\u672c\u8eab\u53ea\u662f\u5ffd\u60a0\u4f60\u7684\u4ea7\u7269\uff0c\u800c\u85cf\u4f20\u4f5b\u6559\u66f4\u662f\u5229\u7528\u8fd9\u4e9b\u611a\u5f04\u767e\u59d3",
            "likeCount": 0
        },
        {
            "reply_id": "UgxNVf-3geP8uG-3xdF4AaABAg",
            "reply_content": "\u85cf\u50b3\u4f5b\u6559\u7b97\u9084\u597d \u6cf0\u570b\u7684\u4f5b\u6559\u5728\u53f0\u7063\u662f\u88ab\u9ed1\u6700\u6158\u7684",
            "likeCount": 0
        },
        {
            "reply_id": "UgwWQ45pKHGXQ6szQex4AaABAg",
            "reply_content": "\u7136\u800c\u6d3b\u4f5b\u8f6c\u4e16\u5230\u4e7e\u9686\u524d\u5c31\u5df2\u7ecf\u4e8b\u5b9e\u4e0a\u88ab\u5bb6\u65cf\u5e72\u6d89\u5784\u65ad\u4e86\uff0c\u4e0d\u7136\u4e5f\u4e0d\u4f1a\u641e\u51fa\u91d1\u74f6\u631a\u7b7e",
            "likeCount": 0
        },
        {
            "reply_id": "UgyQr6x41aBxkTaEUjR4AaABAg",
            "reply_content": "\u53ef\u4ee5\u8aaa\u8aaa\u65e5\u672c\u7684\u4f5b\u6559\u55ce\uff1f\u4ed6\u5011\u4e5f\u597d\u50cf\u662f\u53ef\u4ee5\u7d50\u5a5a\u7684",
            "likeCount": 0
        },
        {
            "reply_id": "Ugy4DAHhqE1PvcFQxfF4AaABAg",
            "reply_content": "\u867d\u7136\u4f46\u662f\u8fbe\u8d56\u665a\u8282\u4e0d\u4fdd\u4e86",
            "likeCount": 4
        },
        {
            "reply_id": "UgzZRMHEF3HO9oa-_z14AaABAg",
            "reply_content": "\u4e16\u7d00\u5e1d\u570b\u771f\u7684\u883b\u5e38\u4f5c\u70ba\u984c\u6750\u5728\u5f71\u7247\u4e2d\u5475\u5475",
            "likeCount": 0
        },
        {
            "reply_id": "UgwcJMAaJtw1Co4SmPh4AaABAg",
            "reply_content": "\u81ed\u8c46\u8150\u90a3\u6bb5\u6c92\u8f49\u696d\u914d\u6211\u89ba\u5f97\u9817\u5931\u671b",
            "likeCount": 0
        },
        {
            "reply_id": "Ugytr0IZ56tWBXvH0HF4AaABAg",
            "reply_content": "\u85cf\u4f20\u4f5b\u6559\u5ba2\u89c2\u4e0a\u5c31\u662f\u5982\u6b64\u7684",
            "likeCount": 0
        },
        {
            "reply_id": "UgxIuTRKiTxg0XzK74l4AaABAg",
            "reply_content": "\u725b\u9b54\u738b\u770b\u5c0f\u8aaa\u662f\u500b\u597d\u5496",
            "likeCount": 0
        },
        {
            "reply_id": "UgwOrv6TGWlUaCFUwpV4AaABAg",
            "reply_content": "\u9a91\u5175\u6765\u4e2d\u539f\u4e0d\u4f1a\u9189\u6c27\u5417",
            "likeCount": 0
        },
        {
            "reply_id": "Ugz_TQt1WF6FEOIArut4AaABAg",
            "reply_content": "\u5927\u5bb6\u6709\u6ce8\u610f\u5230\u90a3\u5f35\u7b26\u55ce",
            "likeCount": 0
        },
        {
            "reply_id": "UgxkFyQS2EYtFKwZOt94AaABAg",
            "reply_content": "\u7528\u6d3b\u4eba\u5236\u4f5c\u6cd5\u5668\u662f\u53e6\u5916\u4e00\u56de\u4e8b",
            "likeCount": 2
        },
        {
            "reply_id": "Ugzy6WTURy5zP0vwZdd4AaABAg",
            "reply_content": "\u5e0c\u671b\u652f\u6301\u7684\u85cf\u4f20\u4f5b\u6559\u7684\u4eba\u5728\u53f0\u6e7e\u91cd\u73b0\u85cf\u4f20\u4f5b\u6559\u7684\u793e\u4f1a\ud83d\ude05\u5f53\u7136\u6574\u4e2a\u793e\u4f1a",
            "likeCount": 2
        },
        {
            "reply_id": "UgwAFpNq7gRkYV79RqZ4AaABAg",
            "reply_content": "\u53e4\u4ee3\u7684\u4eba\u547d\u5982\u8349\u82a5\uff0c\u66f4\u4e0d\u7528\u8bf4\u8fd9\u79cd\u6cd5\u5668\u662f\u4eba\u9aa8\u4eba\u76ae\u5d07\u5c1a\u53cc\u4fee\u7684\u5b97\u6559\u662f\u4ec0\u4e48\u60c5\u51b5\u4e86\uff0c\u7528\u8fd9\u4e48\u53ef\u7231\u7684\u753b\u98ce\u7c89\u9970\u4e00\u4e2a\u8fd9\u4e48\u53ef\u6015\u7684\u5b97\u6559\u8fd8\u771f\u7684\u633a\u8bbd\u523a\u7684\uff0c\u753b\u5f97\u4e0d\u9519",
            "likeCount": 1
        },
        {
            "reply_id": "Ugxf-4RtDrSCRf5jMMd4AaABAg",
            "reply_content": "\u5009\u592e\u5609\u63aa\u662f\u51fa\u4e86\u540d\u7684\u98a8\u6d41",
            "likeCount": 1
        },
        {
            "reply_id": "UgxwJSgiyjeGyuu4ycJ4AaABAg",
            "reply_content": "\u8fbe\u6587\u897f\u5bc6\u7801\u91cc\u9762\u597d\u50cf\u4e5f\u6709\u63d0\u5230\u897f\u65b9\u5b97\u6559\u4e5f\u6709\u53cc\u4fee",
            "likeCount": 1
        },
        {
            "reply_id": "UgzN6x0BJuMMqGkSRSh4AaABAg",
            "reply_content": "\u672c\u4f86\u4f60\u8aaa\u9019\u4e9b\u6211\u662f\u6703\u4fe1\u7684\uff0c\u76f4\u5230\u6211\u770b\u5230\u9054\u8cf4\u5587\u561b\u8981\u5c0f\u7537\u5b69\u5438\u4ed6\u820c\u982d",
            "likeCount": 1
        }
    ]
}