{
    "video_info": {
        "id": "JrV-lY1nCYw",
        "channelTitle": "cheap",
        "title": "\u5370\u5ea6\u4eba\u53e3\u8d85\u8eca\u4e2d\u570b\u3010\u70ba\u4f55\u4e2d\u570b\u3001\u5370\u5ea6\u4eba\u53e3\u9019\u9ebc\u591a?\u3011 28.5\u5104 \u4f54\u4e16\u754c\u4eba\u53e3\u768435% why?",
        "description": "\u70ba\u4ec0\u9ebc\u4e2d\u570b\u5370\u5ea6\u4eba\u53e3\u9019\u9ebc\u591a\u5462? \u6211\u5c07\u5f9e\u6b77\u53f2\u3001\u5730\u7406\u3001\u4eba\u6587\u4f86\u5206\u6790\n\n\u9084\u89ba\u5f97\u627e\u5de5\u4f5c\u5f88\u9ebb\u7169\u55ce?~ \u73fe\u5728\u5c31\u8a66\u8a661111\u4eba\u529b\u9280\u884c\u7684\u627e\u5de5\u4f5cApp\uff0c\u4ecb\u9762UI\u7528\u8d77\u4f86\u5f88\u9806\u624b\u3001\u8077\u7f3a\u4e5f\u591a\uff0c\u9084\u6709\u5f88\u591a\u65b9\u4fbf\u7684\u529f\u80fd\uff0c\u5982\u4e00\u9375\u6295\u5c65\u6b77\u3001\u7af6\u722d\u529b\u5206\u6790\u3001AI\u5c65\u6b77\u5065\u8a3a\u7b49\u7b49\uff0c\u6709\u5728\u627e\u5de5\u4f5c\u3001\u6216\u662f\u60f3\u8f49\u8077\u7684\uff0c\u90fd\u63a8\u85a6\u4e0b\u8f09\u770b\u770b\u5594~\n\n\u25fe\ufe0fiOS\u4e0b\u8f09\uff1a https://1111.com.tw/211488/\n\u25fe\ufe0fAndroid\u4e0b\u8f09\uff1a https://1111.com.tw/211489/\n\n1111\u4eba\u529b\u9280\u884c 1111\u627e\u5de5\u4f5c \u627e\u5de5\u4f5cApp\n\n\u53c3\u8003\u8cc7\u6599\uff1a\n\u793e\u6703\u5b78-\u5b8b\u93ae\u7167 1997\nhttps://tinyl.io/4Qaa\nWhy are countries like India and China so densely populated? What are the circumstances and reasons?\n\n\nCheap\u8cbc\u5716\u4e0a\u67b6\u5566\nhttps://store.line.me/stickershop/author/1784332\n\n\u6210\u70baVIP\u8a02\u95b1\u6236 \u6bcf\u6708\u53f0\u5e6330\u5143\u8d77 \u4eab\u6709\u4e0d\u540c\u7684\u5c08\u5c6c\u7c89\u7d72\u798f\u5229\nhttps://tinyurl.com/y2b43ap2\n\n\u81c9\u66f8:\nhttps://www.facebook.com/cheapAOE/\ncheap\u6b77\u53f2\u8a0e\u8ad6\u793e\u5718:\nhttps://www.facebook.com/groups/cheaphistory\ncheap\u66f8\u55ae:\nhttps://tinyl.io/4QSG",
        "likeCount": "10198",
        "commentCount": "1589",
        "viewCount": "720565"
    },
    "comments": [
        {
            "reply_id": "UgxlIjff-pWduLA5fVl4AaABAg",
            "reply_content": "\u6e05\u671d\u4eba\u53e3\u589e\u591a\u662f\u5f15\u9032\u756a\u7f72",
            "likeCount": 1
        },
        {
            "reply_id": "UgzbJclhdmv4tsdyy2p4AaABAg",
            "reply_content": "\u6e05\u671d\u4eba\u53e3\u66b4\u6da8\u4e3b\u8981\u662f\u7ea2\u85af\u7684\u4f20\u5165",
            "likeCount": 1
        },
        {
            "reply_id": "UgwLDIsfO1fu7OCE4MN4AaABAg",
            "reply_content": "\u5370\u5ea6\u5206\u591a\u548c\u5c11\u5427\uff0c\u4e00\u76f4\u662f\u82f1\u56fd\u624d\u8ba9\u5370\u5ea6\u4f5c\u4e3a\u4e00\u4e2a\u6574\u4f53",
            "likeCount": 0
        },
        {
            "reply_id": "UgwAtohd0UGXq2S4-5p4AaABAg",
            "reply_content": "\u53ea\u80fd\u8aaa\u5403\u98fd\u6c92\u4e8b\u5c31\u505a\u611b\u4eba\u53e3\u7576\u7136\u591a",
            "likeCount": 0
        },
        {
            "reply_id": "Ugz_f_Gc32ptj6Jh_-Z4AaABAg",
            "reply_content": "\u56e0\u70ba\u5370\u5ea6\u5572\u7537\u4eba\u53ea\u61c2\u4eab\u6a02",
            "likeCount": 0
        },
        {
            "reply_id": "Ugz9fkp4gmDfrAvp32p4AaABAg",
            "reply_content": "\u8fd9\u8bb2\u8bdd\u600e\u4e48\u8ddf\u8981\u6b7b\u4e86\u4e00\u6837",
            "likeCount": 0
        },
        {
            "reply_id": "Ugw1ajv_RO2B9QS8Mip4AaABAg",
            "reply_content": "\u6211\u5011\u8981\u5805\u6301\u4ee5\u7fd2\u8fd1\u5e73\u65b0\u6642\u4ee3\u4e2d\u570b\u7279\u8272\u793e\u6703\u4e3b\u7fa9\u601d\u60f3\u70ba\u6307\u5c0e,\u5805\u6301\u4e00\u570b\u5169\u5236\u70ba\u4e2d\u83ef\u6c11\u65cf\u7d71\u4e00\u800c\u52aa\u529b~",
            "likeCount": 0
        },
        {
            "reply_id": "Ugxquz9ZeoqP3sgbOzd4AaABAg",
            "reply_content": "\u6211\u9084\u4ee5\u70ba\u8981\u696d\u914d\u751f\u5b69\u5b50\u76f8\u95dc\u7684\u5546\u54c1",
            "likeCount": 0
        },
        {
            "reply_id": "Ugym11g5u3u1Q-Gpdpd4AaABAg",
            "reply_content": "\u7f8e\u6d32\u624d\u662f\u5f97\u5929\u7368\u539a\u5427\uff0c\u4eba\u53e3\u9019\u9ebc\u5c11\u537b\u4f54\u6709\u9019\u9ebc\u591a\u571f\u5730\u8cc7\u6e90",
            "likeCount": 5
        },
        {
            "reply_id": "UgynmSTeZd3ECUiICyR4AaABAg",
            "reply_content": "\u7576\u6211\u770b\u5230\u6a19\u984c\u6642\u6211\u5df2\u7d93\u5728\u61f7\u7591\u963f\u4e09\u662f\u4e0d\u662f\u6709\u88fd\u9020\u751f\u547d\u7684\u559c\u597d\uff08\u9ec3",
            "likeCount": 3
        },
        {
            "reply_id": "Ugze3s2SwP3x4BJoqb54AaABAg",
            "reply_content": "\u6240\u4ee5\u82f1\u8d85\u65e9\u70b9\u958b\u5834\u5176\u4e2d\u4e00\u500b\u539f\u56e0\u5c31\u662f\u770b\u4e2d\u4e9e\u6d32\u5e02\u5834\ud83d\ude05",
            "likeCount": 1
        },
        {
            "reply_id": "UgycGgb6ynbiAyQYsd54AaABAg",
            "reply_content": "\u73fe\u5728\u4e2d\u570b\u6709\u8457\u4e0a\u5104\u5bb3\u4eba\u7684\u755c\u7272",
            "likeCount": 1
        },
        {
            "reply_id": "UgyyL7SrZtrmXKQ4z_x4AaABAg",
            "reply_content": "\u4e2d\u570b\u51e0\u5343\u5e74\u4f86\u5c31\u6740\u4f86\u6740\u53bb\u5929\u707d\u6b7b\u4e86\u5f88\u591a\u4eba\u9084\u662f\u4eba\u53e3\u591a",
            "likeCount": 1
        },
        {
            "reply_id": "UgzDoQki0Bnu2SDT-DN4AaABAg",
            "reply_content": "\u56e0\u70ba\u6bcf\u5929\u90fd\u5728\u6253\u7832\u751f\u5c0f\u5b69",
            "likeCount": 1
        },
        {
            "reply_id": "UgzvEQKZ6lyDi9guR114AaABAg",
            "reply_content": "\u5370\u5ea6\u5e74\u8f7b\u4eba\u4e5f\u4e0d\u7231\u751f\u4e86",
            "likeCount": 1
        },
        {
            "reply_id": "UgxNWs2eLFccL8IBeCx4AaABAg",
            "reply_content": "\u4f60\u7684\u5730\u56fe\u753b\u9519\u4e86\uff0c\u9700\u8981\u4e00\u70b9\u5c0f\u5c0f\u7684\u4e1c\u98ce\u6765\u8865\u6b63",
            "likeCount": 1
        },
        {
            "reply_id": "UgwwEe5zVYBCyWVPNUd4AaABAg",
            "reply_content": "\u53f0\u6e7e\u7701\u4e5f\u662f\u4e2d\u56fd\u4e0d\u53ef\u5206\u5272\u7684\u4e00\u90e8\u5206",
            "likeCount": 0
        },
        {
            "reply_id": "Ugx1tXsvdG3keZgnRg14AaABAg",
            "reply_content": "\u6bcf\u6b21\u696d\u914d\u90fd\u63a5\u7684\u6beb\u7121\u9055\u548c",
            "likeCount": 0
        },
        {
            "reply_id": "UgwliBSWmrNAIK_L2SB4AaABAg",
            "reply_content": "\u52a0\u5c3c\u798f\u5229\u4e9a\u4e5f\u4e0d\u9002\u5408\u5c45\u4f4f\u5417",
            "likeCount": 0
        },
        {
            "reply_id": "UgwRgZw4ytPGQ43t79h4AaABAg",
            "reply_content": "\u5efa\u8b70\u54ac\u5b57\u53ef\u4ee5\u518d\u6e05\u695a\u4e00\u9ede\uff0c\u6709\u4e00\u534a\u7684\u5b57\u4e0d\u770b\u5b57\u5e55\u6839\u672c\u807d\u4e0d\u61c2\u4f60\u5728\u8aaa\u5565",
            "likeCount": 0
        }
    ]
}