{
    "video_info": {
        "id": "n72EhLjgelQ",
        "channelTitle": "cheap",
        "title": "\u7591\u9ede\u91cd\u91cd! \u9577\u5e73\u4e4b\u6230 \u8d99\u62ec\u662f\u88ab\u51a4\u6789\u7684? \u5751\u6bba40\u842c\u8d99\u5352 \u79e6\u570b\u771f\u7684\u5927\u7372\u5168\u52dd\u55ce?",
        "description": "\u9577\u5e73\u4e4b\u6230 \u767d\u8d77\u5751\u6bba\u4e8640\u842c\u8d99\u570b\u58eb\u5175 \u4f46\u79e6\u570b\u771f\u7684\u5927\u7372\u5168\u52dd\u55ce\n\u7d19\u4e0a\u8ac7\u5175\u7684\u8d99\u62ec\u771f\u7684\u662f\u5ee2\u7269\u55ce?\n\n\u505c\u300c\u6307\u300d\u9738\u51cc  2023\u5e74\u7db2\u8def\u516c\u6c11\u7d20\u990a\u8ad6\u58c7\u4f86\u4e86 \n\u8ad6\u58c7\u6d3b\u52d5\u5168\u7a0b\u514d\u8cbb\u9084\u80fd\u53c3\u52a0\u62bd\u734e\n\u6211\u8ddf\u594e\u4e01 \u9084\u6709iWIN\u7db2\u8def\u5167\u5bb9\u9632\u8b77\u6a5f\u69cb \u5c08\u5bb6\u8b1b\u5e2b\u5289\u6631\u5747\n\u54c7\u8cfd\u5fc3\u7406\u5b78\u8b1b\u5e2b\u8521\u5b87\u54f2\u6703\u548c\u5927\u5bb6\u5206\u4eab\n\u6211\u5011\u6210\u70ba\u7db2\u8def\u540d\u4eba\u9019\u689d\u8def\u4e0a\n\u66fe\u9047\u5230\u7684\u6216\u807d\u5230\u7684 \u7db2\u8def\u9738\u51cc\u3001\u96b1\u79c1\u66b4\u9732\u7684\u6545\u4e8b\n\n\u8ad6\u58c7\u76f8\u95dc\u8cc7\u8a0a\n\u8ad6\u58c7\u5730\u9ede \u9f8d\u83ef\u79d1\u6280\u5927\u5b78 \u5b78\u751f\u6d3b\u52d5\u4e2d\u5fc3/\u6f14\u85dd\u5ef3\n(\u6843\u5712\u5e02\u9f9c\u5c71\u5340\u842c\u58fd\u8def\u4e00\u6bb5300\u865f)  \n\u8ad6\u58c7\u65e5\u671f 10/17(\u4e8c)\u4e0b\u534813:00-15:00 \n \u62bd\u734e\u597d\u79ae(\u73fe\u5834) \n\u5149\u89f8\u5a92\u7a7a\u6c23\u6e05\u6de8\u6a5f\uff08\u51711\u540d\uff09\u3001\n\u76f4\u63d2\u5f0f\u884c\u52d5\u96fb\u6e90\uff08\u51712\u540d\uff09\u3001 \n\u5fa9\u53e4\u9020\u578b\u684c\u4e0a\u98a8\u6247\uff08\u51713\u540d\uff09  \n\u5831\u540d\u53c3\u52a0 https://tyyounghealth.tw/index.asp#forum\n\n\u53c3\u8003\u8cc7\u6599\uff1a\n\u79e6\u59cb\u7687 \u738b\u7acb\u7fa4\n\u5927\u79e6\u5e1d\u570b\u7684\u90a3\u4e9b\u4e8b \n\nCheap\u8cbc\u5716\u4e0a\u67b6\u5566\nhttps://store.line.me/stickershop/author/1784332\n\n\u6210\u70baVIP\u8a02\u95b1\u6236 \u6bcf\u6708\u53f0\u5e6330\u5143\u8d77 \u4eab\u6709\u4e0d\u540c\u7684\u5c08\u5c6c\u7c89\u7d72\u798f\u5229\nhttps://tinyurl.com/y2b43ap2\n\n\u81c9\u66f8:\nhttps://www.facebook.com/cheapAOE/\ncheap\u6b77\u53f2\u8a0e\u8ad6\u793e\u5718:\nhttps://www.facebook.com/groups/cheaphistory\ncheap\u66f8\u55ae:\nhttps://tinyl.io/4QSG",
        "likeCount": "6397",
        "commentCount": "763",
        "viewCount": "271777"
    },
    "comments": [
        {
            "reply_id": "UgwpS50YVCGfFITtls14AaABAg",
            "reply_content": "\u738b\u8005\u5929\u4e0b\u7684\u5ec9\u9817\u662f\u7121\u6575\u731b\u5c07\u9912",
            "likeCount": 1
        },
        {
            "reply_id": "Ugwqqr_Ptk6v-bqtuu14AaABAg",
            "reply_content": "\u6211\u53cd\u800c\u89ba\u5f97\u8d99\u62ec\u61c9\u8a72\u662f\u6709\u4e00\u5834\u898f\u6a21\u4e0d\u5c0f\u7684\u52dd\u4ed7\u624d\u6c7a\u5b9a\u8ffd\u64ca \u4f46\u6700\u5f8c\u767d\u8d77\u68cb\u9ad8\u4e00\u8457\u8a2d\u4e86\u4f0f\u5175 \u8981\u4e0d\u7136\u4e5f\u4e0d\u6703\u8d99\u8ecd\u4e2d\u57cb\u4f0f\u88ab\u570d\u56f0\u5f8c\u53cd\u8986\u7a81\u570d\u5931\u6557\u9084\u80fd\u4f7f\u79e6\u5175\u50b7\u4ea1\u904e\u534a",
            "likeCount": 0
        },
        {
            "reply_id": "Ugybgc-CPT184lprX6x4AaABAg",
            "reply_content": "\u6284\u88ad\u6296\u97f3\u7684\u89e3\u8bf4\u5427\u7b11\u6b7b",
            "likeCount": 0
        },
        {
            "reply_id": "Ugzd9moJU7J-uQ0FxKJ4AaABAg",
            "reply_content": "\u9093\u4e3d\u541b\u662f\u8d75\u56fd\u9996\u90fd\u90af\u90f8\u4eba",
            "likeCount": 0
        },
        {
            "reply_id": "UgxDDPCSjSA0EJP1GMd4AaABAg",
            "reply_content": "\u8bf7\u95ee\u4e00\u4e0b\u53f0\u6e7e\u540c\u80de\uff0c\u4f60\u4eec\u8bfb\u6625\u79cb\u6218\u56fd\u4f60\u4f1a\u89c9\u5f97\u5b34\u653f\u97e9\u975e\u5b50\u674e\u7267\u662f\u672c\u56fd\u5386\u53f2\u8fd8\u662f\u5916\u56fd\u5386\u53f2",
            "likeCount": 0
        },
        {
            "reply_id": "UgwD33zBGkiM4PlKOm14AaABAg",
            "reply_content": "\u5728\u7b49\u963f\u5df4\u885d\u7a81\u7684\u6b77\u53f2\u89e3\u8aaa",
            "likeCount": 0
        },
        {
            "reply_id": "UgytWd6v17zV4RXtUcZ4AaABAg",
            "reply_content": "\u8d75\u56fd\u7684\u540e\u52e4\u4e5f\u5df2\u7ecf\u5230\u4e86\u6781\u9650\u4e86\uff0c\u6240\u4ee5\u6025\u7740\u51b3\u6218",
            "likeCount": 0
        },
        {
            "reply_id": "UgxofMt7S8KwKP7Q4_94AaABAg",
            "reply_content": "\u8acb\u554f\u80fd\u4e0d\u80fd\u4ecb\u7d39\u4e00\u4e0b\u79e6\u570b\u5c07\u8ecd\u6853\u9f6e\uff1f\u6211\u770b\u904e\u5f88\u591a\u95dc\u65bc\u79e6\u570b\u6b77\u53f2\u7684\u5f71\u7247\u90fd\u6c92\u4ed6\u7684\u8cc7\u6599",
            "likeCount": 0
        },
        {
            "reply_id": "UgzgbASfobVxTR6XA414AaABAg",
            "reply_content": "\u5b6b\u6b0a\u963f\u4e0d\u5c0d\u662f\u8d0f\u7a37\u4e5f\u662f\u8ced\u4e0a\u570b\u904b",
            "likeCount": 0
        },
        {
            "reply_id": "Ugx56Hn36le0JxxctEh4AaABAg",
            "reply_content": "\u5e0c\u671b\u6709\u6bba\u795e\u767d\u8d77\u7684\u6545\u4e8b",
            "likeCount": 0
        },
        {
            "reply_id": "UgyxHCzD94AftXMQdgF4AaABAg",
            "reply_content": "\u60f3\u77e5\u9053\u4ee5\u8272\u5217\u8ddf\u5df4\u570b\u7684\u7d1b\u722d",
            "likeCount": 0
        },
        {
            "reply_id": "UgxARKEt3All-uwPNEF4AaABAg",
            "reply_content": "\u4e8b\u5be6\u4e0a\u8d99\u570b\u5728\u5ec9\u9817\u88ab\u64a4\u63db\u4e4b\u524d\u7684\u9019\u6bb5\u9632\u5b88\u6230,\u5c0e\u81f4\u570b\u5167\u7269\u8cc7\u4e5f\u5feb\u6490\u4e0d\u4f4f\u4e86,\u9019\u4e5f\u662f\u8d99\u738b\u63db\u8d99\u62ec\u4e0a\u9663\u7684\u4e3b\u56e0\u4e4b\u4e00",
            "likeCount": 11
        },
        {
            "reply_id": "UgxiazFTZzvvOqonMjF4AaABAg",
            "reply_content": "\u4e00\u500b\u6709\u7d93\u9a57\u7684\u8ecd\u5b98\u5361\u4f4f\u7684\u6642\u5019\u5c31\u61c9\u8a72\u9810\u5224\u6709\u4eba\u7e5e\u5f8c\uff0c\u9019\u662f\u8d99\u62ec\u81ea\u5df1\u6c92\u7d93\u9a57\u8b66\u89ba\u6027\u592a\u4f4e\u3002\u5c31\u7b97\u662f\u627e\u4e00\u500b\u80af\u9055\u6297\u8d99\u738b\u7684\uff0c\u4ed6\u6c92\u7d93\u9a57\u4e00\u6a23\u4e0d\u6703\u8b66\u89ba",
            "likeCount": 2
        },
        {
            "reply_id": "Ugw_ySVkVOKbvJYd1Nh4AaABAg",
            "reply_content": "\u6211\u771f\u7684\u89ba\u5f97\u4e2d\u570b\u7684\u6b77\u53f2\u592a\u591a\u5225\u6709\u7528\u5fc3\u7684\u5047\u5167\u5bb9",
            "likeCount": 0
        },
        {
            "reply_id": "UgwWOmgKPpmupxcmE5Z4AaABAg",
            "reply_content": "\u79e6\u570b\u548c\u5317\u671d\u7684\u897f\u9b4f\u9019\u5169\u500b\u5728\u95dc\u4e2d\u5e73\u539f\u5efa\u570b\u7684\u653f\u6b0a\u90fd\u662f\u5728\u4f75\u541e\u4e86\u5df4\u8700\u4f86\u4f5c\u70ba\u7ce7\u98df\u4f9b\u61c9\u7684\u5009\u5eab\u4e4b\u5f8c\u624d\u958b\u59cb\u9010\u6f38\u5177\u5099\u5927\u4e00\u7d71\u7684\u80fd\u529b.",
            "likeCount": 0
        },
        {
            "reply_id": "UgxFBP2TcLfNAnzYORt4AaABAg",
            "reply_content": "\u4f46\u662f\u5927\u591a\u6578\u6642\u5019\u5b78\u6821\u7684\u8001\u5e2b\u90fd\u662f\u7ad9\u5728\u9738\u51cc\u8005\u90a3\u908a\u7684",
            "likeCount": 0
        },
        {
            "reply_id": "UgyuecNWuicmcamUCg54AaABAg",
            "reply_content": "\u9019\u500b\u53cd\u601d\u975e\u5e38\u5728\u5927\u9678\u5730\u5340\u6821\u5712\u4f5c\u7528\u5427",
            "likeCount": 0
        },
        {
            "reply_id": "Ugw5eeWBMqP31o4ZzqZ4AaABAg",
            "reply_content": "\u660e\u82f1\u5b97\u597d\u50cf\u66f4\u53b2\u5bb3\u4e00\u9ede",
            "likeCount": 0
        },
        {
            "reply_id": "UgwRfqH2WtAZTbkXhUF4AaABAg",
            "reply_content": "\u5176\u5be6\u53ea\u8981\u5ee2\u6389\u672a\u6210\u5e74\u6cd5\u5c31\u884c\u4e86\uff0c\u53e4\u4ee3\u90fd\u6c92\u6709\u9019\u7a2e\u6771\u897f",
            "likeCount": 0
        },
        {
            "reply_id": "Ugy0s2Sg9Ant2fvodIB4AaABAg",
            "reply_content": "\u9738\u51cc\u8005\u6293\u5230\u5148\u97ad\u5211\uff0c\u518d\u72af\u76f4\u63a5\u6b7b\u5211\u675c\u7d55\u60e1\u52a3\u57fa\u56e0",
            "likeCount": 0
        }
    ]
}