{
    "video_info": {
        "id": "qCDGHVcjx0Q",
        "channelTitle": "cheap",
        "title": "\u6708\u4eae\u8766\u9905\u3001\u5370\u5ea6\u62c9\u8336\u3001\u7d10\u5967\u826f\u70e4\u96de\u7fc5\u3001\u571f\u8033\u5176\u51b0\u6dc7\u6dcb.. \u53f0\u7063\u4eba\u5230\u5e95\u767c\u660e\u4e86\u591a\u5c11\u300c\u7570\u570b\u6599\u7406\u300d ?",
        "description": "\u53f0\u7063\u53ef\u4ee5\u5403\u5230\u5f88\u591a\u7570\u570b\u6599\u7406\uff0c\u4f46\u5176\u5be6\u5f88\u591a\u7570\u570b\u6599\u7406\u90fd\u662f\u53f0\u7063\u4eba\u767c\u660e\u7684\n\n\u8499\u53e4\u70e4\u8089\u3001\u56db\u5ddd\u725b\u8089\u9eb5\u3001\u6708\u4eae\u8766\u9905\u3001\u6912\u9ebb\u96de\uff0c\u4ee5\u53ca\u5370\u5ea6\u62c9\u8336\u3001\u571f\u8033\u5176\u51b0\u6dc7\u6dcb\u3001\u7d10\u5967\u826f\u70e4\u96de\u7fc5\u3001\u97d3\u570b\u9285\u76e4\u70e4\u8089\u7b49\uff0c\u9019\u4e9b\u6599\u7406\u54ea\u4e9b\u662f\u53f0\u7063\u4eba\u767c\u660e\u7684\u5462?\n\n\u53c3\u8003\u8cc7\u6599\uff1a\n\u3010\u4f60\u4ee5\u70ba\u3011\u6708\u4eae\u8766\u9905\u662f\u53f0\u7063\u4eba\u767c\u660e\u7684\uff1f\u6cf0\u570b\u4eba\u8aaa\uff1a\u6c92\u807d\u904e- \u516b\u767e\u842c\u7a2e\u98df\u6cd5 - Medium\nhttps://tinyl.io/9mH4\n\u98c4\u6d0b\u904e\u6d77\u5230\u81fa\u7063\uff1a\u6912\u9ebb\u96de\u5982\u4f55\u5f9e\u300c\u96f2\u5357\u83dc\u300d\u6210\u70ba\u300c\u6cf0\u570b\u83dc\u300d\uff1f\uff5c\u6797\u5de7\u5a83\uff5cGeogDaily\u5730\u7406\u773c\nhttps://geogdaily.wixsite.com/twgeog/post/taiwanthaifood\n\u63cf\u7e6a\u81fa\u7063\u6cf0\u570b\u9910\u5ef3\u7684\u98df\u7269\u6587\u5316 \u2013 \u4eba\u793e\u6771\u83ef (ndhu.edu.tw)\nhttps://tinyl.io/9mH9\n\u7126\u6850\u8ac7\u98f2\u98df\u6587\u5b78-\u8499\u53e4\u70e4\u8089 - \u570b\u7acb\u6559\u80b2\u5ee3\u64ad\u96fb\u81faChannel+ (ner.gov.tw)\nhttps://channelplus.ner.gov.tw/channel-program-episode/31098\n\u53f0\u7063\u6f6e\u5dde\u548c\u6c55\u982d\u9eb5\u9ede\u7684\u5dee\u7570? \u53f0\u7063\u9e7d\u6c34\u610f\u9eb5\u7684\u5dee\u7570? \u2013 im5481\nhttps://tinyl.io/9mHB\n\u53f0\u7063\u7684\u90a3\u4e9b\u4e8b, \u90a3\u4e9b\u4eba: \u6881\u826f\u7684\u6587\u5316\u89c0\u5bdf\u7b46\u8a18\nTeh Tarik \uff1a \u62c9\u8336\u7684\u9b54\u529b (jadechocolates.com)\nhttps://tinyl.io/9mHD\n\u5c0d\u4e0d\u8d77\uff0c\u7d10\u5967\u826f\u6839\u672c\u6c92\u6709\u70e4\u7fc5\uff01\nhttps://read01.com/zh-tw/jkLE00.html\n\u5bf6\u5bae\u6232\u9662\nhttps://tinyl.io/9kb0\n\u3010\u53f0\u7063\u3011\u76e4\u9ede\u53f0\u5317\u4eba\u6c23\u725b\u8089\u9eb5TOP5\uff1a\u6c38\u5eb7\u725b\u8089\u9eb5\u3001\u91d1\u6625\u767c\u725b\u8089\u5e97\u3001CEO\u7e3d\u88c1\u725b\u8089\u9eb5\u3001\u5929\u4e0b\u4e09\u7d55\u3001\u6d2a\u5e2b\u7236\u725b\u8089\u9eb5\u5e97\u5be6\u6e2c\u8a55\u6bd4\uff0c\u5230\u5e95\u54ea\u4e00\u5bb6\u725b\u8089\u9eb5\u6700\u7f8e\u5473\uff1f https://tinyl.io/9kbH\n\u61f7\u820a\u53f0\u5317\u4e2d\u83ef\u5546\u5834 \u300c\u9ede\u5fc3\u4e16\u754c\u300d\u8b93\u4eba\u61f7\u5ff5\u7684\u53e4\u65e9\u5473\u9053 | \u5831\u6642\u5149 (udn.com)\nhttps://tinyl.io/9kbm\n\u7d10\u6fb3\u826f\u96de\u7fc5 @188\u61f6\u4eba\u6599\u7406 by 168\u61f6\u4eba\u6599\u7406LazyRenee - \u611b\u6599\u7406 (icook.tw)\n\u5403\u7684\u53f0\u7063\u53f2  \u7fc1\u4f73\u97f3, \u66f9\u9298\u5b97 2021\n\n\u4f7f\u7528\u756b\u9762\uff1a\n\u74e6\u7247\u8766\u9905\nhttps://youtu.be/6QYYTnJpygY?si=_QxgDYX8vVmVRwbL\n\u6dae\u7f8a\u8089\nhttps://tinyl.io/9ldF\n\u6f6e\u6c55\u706b\u934b\nhttps://tinyl.io/9ldG\n\u7d05\u6e6f\u725b\u8089\nhttps://tinyl.io/9ldS\n\u5370\u5ea6\u62c9\u8336\nhttps://youtu.be/0ftTzHE6jXo?si=KAgzuuogSfCmNeiA\n\u571f\u8033\u5176\u51b0\u6dc7\u6dcb\nhttps://youtu.be/AnJ5BCMCZGw?si=KQwG_DhzxTq7o6yS\n\u8499\u53e4\u70e4\u8089\nhttps://youtu.be/yb6dFPoYhA0?si=NP_Rvg2em4Fr1NE2\n\u7d05\u6cb9\u7092\u624b\nhttps://tinyl.io/9m0I\n\u7d05\u71d2\u725b\u8089\u9eb5 Cate Food Travel \u51f1\u7279\u98df\u65c5\nhttps://youtu.be/hkHqCYS3kJ0?si=R-9hMQc4lxhZHpHB\nhttps://youtu.be/h5mpfDKQ21I?si=mdMkX7RD3bIxEMYh\n\uc0fe\uc789 #ing\nhttps://youtu.be/IOVp_P5DDP8?si=33O-D7L7ceU9irzL\n\u7d10\u5967\u826f\u70e4\u96de\u7fc5 Chef Jack Ovens\nhttps://youtu.be/74igxdNoaJg?si=vZcRhmjIxD0Asxoj\n\n\nCheap\u8cbc\u5716\u4e0a\u67b6\u5566\nhttps://store.line.me/stickershop/author/1784332\n\n\u6210\u70baVIP\u8a02\u95b1\u6236 \u6bcf\u6708\u53f0\u5e6330\u5143\u8d77 \u4eab\u6709\u4e0d\u540c\u7684\u5c08\u5c6c\u7c89\u7d72\u798f\u5229\nhttps://tinyurl.com/y2b43ap2\n\n\u81c9\u66f8:\nhttps://www.facebook.com/cheapAOE/\ncheap\u6b77\u53f2\u8a0e\u8ad6\u793e\u5718:\nhttps://www.facebook.com/groups/cheaphistory\ncheap\u66f8\u55ae:\nhttps://tinyl.io/4QSG",
        "likeCount": "13617",
        "commentCount": "1486",
        "viewCount": "627945"
    },
    "comments": [
        {
            "reply_id": "UgxJRkyxjRGfAOn5CTN4AaABAg",
            "reply_content": "\u8499\u53e4\u70e4\u8089\u61c9\u8a72\u662f\u7531\u5317\u5e73\u7099\u5b50\u70e4\u8089\u6539\u8b8a\u800c\u4f86",
            "likeCount": 0
        },
        {
            "reply_id": "Ugwg66yG8vOuBxCmpq94AaABAg",
            "reply_content": "\u5370\u5ea6\u7a46\u65af\u6797\u4e3a\u4ec0\u4e48\u5e26\u5934\u5dfe\u7684",
            "likeCount": 0
        },
        {
            "reply_id": "UgyI8DEfiUuTphzD7eB4AaABAg",
            "reply_content": "\u6211\u53bb\u8499\u53e4\u7684\u6642\u5019\u6709\u770b\u5230\u4e5f\u5403\u904e\u8036",
            "likeCount": 0
        },
        {
            "reply_id": "UgxTjdVSzyiR1fZtI7t4AaABAg",
            "reply_content": "\u6703\u8aaa\u6708\u4eae\u8766\u9905\u662f\u53f0\u7063\u7684\n\u61c9\u8a72\u8aaa\u662f\u767c\u660e\u4e86\u53f0\u7063\u4eba\u60f3\u50cf\u4e2d\u7684\u6cf0\u570b\u83dc \u56e0\u70ba\u6708\u4eae\u8766\u9905\u5728\u53f0\u7063\u6709\u6642\u5019\u548c\u74e6\u7247\u8766\u9905\u4e0d\u592a\u4e00\u6a23\n\u6703\u6709\u4e0d\u4e00\u6a23\u7684\u6cbe\u91ac\u548c\u539a\u5ea6\u505a\u6cd5",
            "likeCount": 0
        },
        {
            "reply_id": "UgxClQ9OdpoBECwZV6x4AaABAg",
            "reply_content": "\u6f6e\u5dde\u61c9\u8a72\u662f\u798f\u5efa\u7701\u7684\u57ce\u5e02\uff0c\u800c\u4e0d\u662f\u5ee3\u6771\u7701\u7684\u57ce\u5e02",
            "likeCount": 0
        },
        {
            "reply_id": "UgyzB88db_34cFVhMxZ4AaABAg",
            "reply_content": "\u5c31\u5f88\u50cf\u9a6c\u6765\u897f\u4e9a\u6930\u6d46\u996d\uff0c\u8089\u9aa8\u8336\u4e00\u76f4\u88ab\u4eba\u8bf4\u662f\u65b0\u52a0\u5761\u7684",
            "likeCount": 0
        },
        {
            "reply_id": "UgxUEWFbbbsayyjvwlt4AaABAg",
            "reply_content": "\u6240\u4ee5\u8aaa\u53f0\u7063\u7684\u7f8e\u98df\u5e7e\u4e4e\u5f88\u591a\u90fd\u662f\u7531\u8001\u5175\u5e36\u4f86\u7684",
            "likeCount": 0
        },
        {
            "reply_id": "UgzqGuUoJ6wTNMvx-et4AaABAg",
            "reply_content": "\u8499\u53e4\u70e4\u8089\u5e94\u8be5\u5c31\u662f\u5317\u4eac\u7684\u7099\u5b50\u70e4\u8089\u5427\uff0c\u611f\u89c9\u5f88\u50cf",
            "likeCount": 0
        },
        {
            "reply_id": "UgxC_E-UM3SClIOvmul4AaABAg",
            "reply_content": "\u571f\u8033\u5176\u51b0\u6dc7\u6dcb\u5728\u571f\u8033\u5176\u662f\u771f\u7684\u6709",
            "likeCount": 0
        },
        {
            "reply_id": "UgxtOxLdhyHN6Ku4Syx4AaABAg",
            "reply_content": "\u6211\u5927\u9646\u4ed4\u6700\u7231\u53f0\u6e7e\u7684\u90a3\u4e2a\u674e\u5148\u751f\u7f8e\u56fd\u52a0\u5dde\u725b\u8089\u9762\u5927\u738b",
            "likeCount": 0
        },
        {
            "reply_id": "UgyvJVXoNhBJnT19ip54AaABAg",
            "reply_content": "\u6e29\u5dde\u5927\u9984\u9968\u6bd4\u8f83\u50cf\u662f\u4e0a\u6d77\u9984\u9968",
            "likeCount": 0
        },
        {
            "reply_id": "Ugy4ynspeQMw717Ybs14AaABAg",
            "reply_content": "\u8499\u53e4\u70e4\u8089\u5c31\u662f\u5317\u4eac\u7684\u7099\u5b50\u70e4\u8089\u6f14\u53d8\u6765\u7684",
            "likeCount": 0
        },
        {
            "reply_id": "UgwYd-cxzNSXEzd43Dl4AaABAg",
            "reply_content": "\u9019\u6b21\u53f0\u5317\u5e02\u885b\u751f\u5c40\u61c9\u8a72\u6bd4\u4ea4\u901a\u5c40\u5c0a\u91cd\u5275\u4f5c\u8005\u591a\u4e86\ud83d\udc4d",
            "likeCount": 0
        },
        {
            "reply_id": "Ugz68b6M_Co_O3lRYQR4AaABAg",
            "reply_content": "\u5982\u679c\u5728\u53f0\u7063\u5c31\u53ef\u4ee5\u5690\u904d\u4e16\u754c\u7f8e\u98df\u4e0d\u4e5f\u662f\u4e00\u7a2e\u5e78\u798f\uff01",
            "likeCount": 1
        },
        {
            "reply_id": "UgzImAdzwM8eXYt-85d4AaABAg",
            "reply_content": "\u6211\u53ea\u77e5\u9053\u62ab\u85a9\u662f\u5b8b\u671d\u4eba\u767c\u660e\u7684",
            "likeCount": 0
        },
        {
            "reply_id": "UgypZyRMFXBchNreNVR4AaABAg",
            "reply_content": "\u65e5\u672c\u4e5f\u597d\u591a\u7368\u5275\u53f0\u7063\u6599\u7406",
            "likeCount": 0
        },
        {
            "reply_id": "UgzgKihe6HHI5Bqliit4AaABAg",
            "reply_content": "\u98df\u7269\u7684\u7f8e\u5473\u548c\u98df\u5b89\u90fd\u5f88\u91cd\u8981",
            "likeCount": 0
        },
        {
            "reply_id": "Ugz6LxG9kPE5g7YQiU14AaABAg",
            "reply_content": "\u9e79\u83dc\u50b3\u7d71\u505a\u6cd5\u78ba\u5be6\u90fd\u7528\u8173\u8e29",
            "likeCount": 0
        },
        {
            "reply_id": "UgwZBjb4eOAd80J5m_p4AaABAg",
            "reply_content": "\u55ef\u76ae\u86cb\u8c6c\u8840\u7cd5\u9999\u83dc\u62ab\u85a9",
            "likeCount": 0
        },
        {
            "reply_id": "UgxuKCpBtykJ338vINl4AaABAg",
            "reply_content": "\u6df1\u591c\u770b\u9019\u500b\u5f71\u7247\u89ba\u5f97\u597d\u9913",
            "likeCount": 0
        }
    ]
}