{
    "video_info": {
        "id": "ruWh1RZCY0Q",
        "channelTitle": "cheap",
        "title": "\u53e4\u4ee3\u7687\u5e1d\u771f\u7684\u6703\u300c\u5fae\u670d\u51fa\u5de1\u300d\u55ce\uff1f \u300c\u5609\u6176\u541b\u904a\u53f0\u7063\u300d\u7684\u771f\u76f8\u662f\u4ec0\u9ebc\uff1f",
        "description": "\u53e4\u88dd\u5287\u7687\u5e1d\u7684\u5fae\u670d\u51fa\u5de1\u771f\u7684\u9084\u5047\u7684\uff0c\u7687\u5e1d\u771f\u7684\u6709\u53ef\u80fd\u51fa\u73fe\u5728\u6c11\u9593\u55ce?\n\u5609\u6176\u541b\u904a\u53f0\u7063\u7684\u771f\u76f8\u662f\u4ec0\u9ebc? \u70ba\u4ec0\u9ebc\u6703\u6709\u9019\u500b\u8b20\u8a00\n\n\u6b4c\u4ed4\u4e0a\u9752-2023\u5168\u570b\u6b4c\u4ed4\u6232\u6bd4\u8cfd \u7e3d\u6c7a\u8cfd\u76f4\u64ad\n10/28(\u9752\u82d7\u7d44)10:00-12:30\n10/28(\u4e00\u822c\u7d44)14:30-17:30\n10/29(\u5c08\u696d\u7d44)13:00-17:30\n\n\u2193\u6536\u770b\u6c7a\u8cfd\u76f4\u64ad\u656c\u8acb\u9396\u5b9a\u2193\n\u6b4c\u4ed4\u4e0a\u9752FB\u7c89\u7d72\u5c08\u9801\nhttps://www.facebook.com/2023kuaahi/\n\u4ee5\u53ca\u6b4c\u4ed4\u4e0a\u9752YOUTUBE\u983b\u9053\nhttps://www.youtube.com/@2023kuaahi\n\n\u53c3\u8003\u8cc7\u6599\uff1a\nhttps://tinyurl.com/27br2623\n\u6b4c\u4ed4\u6232\u66f2\u724c\u806f\u594f \u300a\u5289\u6587\u4eae\u300b\u53f0\u5317\u6d77\u5546\u570b\u6a02\u5718 \n\nCheap\u8cbc\u5716\u4e0a\u67b6\u5566\nhttps://store.line.me/stickershop/author/1784332\n\n\u6210\u70baVIP\u8a02\u95b1\u6236 \u6bcf\u6708\u53f0\u5e6330\u5143\u8d77 \u4eab\u6709\u4e0d\u540c\u7684\u5c08\u5c6c\u7c89\u7d72\u798f\u5229\nhttps://tinyurl.com/y2b43ap2\n\n\u81c9\u66f8:\nhttps://www.facebook.com/cheapAOE/\ncheap\u6b77\u53f2\u8a0e\u8ad6\u793e\u5718:\nhttps://www.facebook.com/groups/cheaphistory\ncheap\u66f8\u55ae:\nhttps://tinyl.io/4QSG",
        "likeCount": "8843",
        "commentCount": "663",
        "viewCount": "451895"
    },
    "comments": [
        {
            "reply_id": "UgxQ8mzzl9wjbZX8UcN4AaABAg",
            "reply_content": "\u5eb7\u7199\u7684\u5976\u5976\u4e0d\u662f\u8aaa\u6700\u4e0d\u80fd\u76f8\u4fe1\u7684\u6771\u897f\u5c31\u662f\u594f\u6298\u55ce",
            "likeCount": 1
        },
        {
            "reply_id": "UgxwmrMwN_ZXsz4QFfN4AaABAg",
            "reply_content": "\u54c8\u54c8\u54c8\u54c8\u54c8\u9019\u500b\u7dad\u5c3c\u718a",
            "likeCount": 0
        },
        {
            "reply_id": "UgxTAj3g6BbKZ_XqypN4AaABAg",
            "reply_content": "\u4e3a\u4ec0\u4e48\u4e0d\u8bb2\u53f0\u6e7e\u672c\u571f\u5386\u53f2?\u6700\u6076\u5fc3\u7684\u5c31\u662f\u542c\u53f0\u7403\u53e3\u97f3\u8bb2\u4e2d\u56fd\u5386\u53f2\u7684\u6545\u4e8b",
            "likeCount": 0
        },
        {
            "reply_id": "UgyGSTxt1OjUOlCUU214AaABAg",
            "reply_content": "\u73fe\u4efb\u8377\u862d\u541b\u4e3b\u5a01\u5ec9\u4e9e\u529b\u5c71\u5927\u5f9e\u9084\u5728\u738b\u5132\u6642\u5c31\u5df2\u7d93\u662f\u8077\u696d\u6a5f\u5e2b\uff0c\u6709\u6642\u5019\u6703\u5728\u8377\u862d\u7687\u5bb6\u822a\u7a7a\u64d4\u4efb\u6a5f\u5e2b\u99d5\u99db\u98db\u6a5f\u3002\u4f46\u4e26\u4e0d\u6703\u5728\u5ee3\u64ad\u4e2d\u8868\u660e\u662f\u738b\u5ba4\u6210\u54e1",
            "likeCount": 0
        },
        {
            "reply_id": "UgzazMl9hTbS0LiDM5x4AaABAg",
            "reply_content": "\u660e\u795e\u5b97\u770b\u7684\u597d\u50cf\u662f\u6625\u7269\u54c8\u54c8",
            "likeCount": 0
        },
        {
            "reply_id": "UgwFbtSdRBiYGAN2qKR4AaABAg",
            "reply_content": "\u6703\u770b\u8b8a\u8eab\u7684\u7687\u5e1d\u90fd\u662f\u597d\u7687\u5e1d",
            "likeCount": 0
        },
        {
            "reply_id": "UgwCgnY7Iby3GRQCb4F4AaABAg",
            "reply_content": "\u6e05\u671d\u4e7e\u9686\u5e74\u9593\u4f86\u53f0\u7063\u7684\u4e0d\u662f\u9084\u662f\u7687\u5b50\u7684\u5609\u6176 \u800c\u662f\u798f\u5eb7\u5b89",
            "likeCount": 0
        },
        {
            "reply_id": "UgxQjNU0x4NMTF1z6gd4AaABAg",
            "reply_content": "\u674e\u71ac\u7206\u6599\u904e\u570b\u7236\u4f86\u53f0\u7063\u662f\u4f86\u5ad6\u5993\u7684\uff0c\u6240\u4ee5\u53f0\u5317\u706b\u8eca\u7ad9\u65c1\u908a\u7684\u570b\u7236\u884c\u9928\u4ed6\u8aaa\u61c9\u8a72\u6539\u6210\u570b\u7236\u5ad6\u5993\u9928",
            "likeCount": 0
        },
        {
            "reply_id": "UgwaVFw6at7hbS_DuXp4AaABAg",
            "reply_content": "\u8d85\u7d1a\u661f\u5149\u5927\u9053\u4e0d\u662f\u672c\u4f86\u5c31\u53f0\u7063\u7684\u55ce",
            "likeCount": 0
        },
        {
            "reply_id": "UgxdttFsS5iUw7E0I9x4AaABAg",
            "reply_content": "\u6211\u77e5\u9053\u5289\u6c38\u798f\u662f\u53f0\u7063\u6c11\u4e3b\u570b\u7e3d\u7d71\uff0c\u4f46\u7adf\u7136\u4e0d\u77e5\u9053\u570b\u7236\u66fe\u4e09\u5ea6\u4f86\u53f0",
            "likeCount": 0
        },
        {
            "reply_id": "UgxCYwz3VVQ-vtNu2Oh4AaABAg",
            "reply_content": "\u7fd2\u5305\u5b50\u9019\u540d\u5b57\u78ba\u5be6\u633a\u7f8e\u7684",
            "likeCount": 0
        },
        {
            "reply_id": "Ugzh4CPkRuIzT9uShPB4AaABAg",
            "reply_content": "\u8a71\u8aaa\u4ee5\u5f8c\u6703\u4e0d\u6703\u505a\u54c8\u5e03\u65af\u5821\u8ddf\u5967\u5308\u5e1d\u570b\u7684\u984c\u6750",
            "likeCount": 0
        },
        {
            "reply_id": "UgzSiNab1LAnZlNAr_F4AaABAg",
            "reply_content": "\u5fae\u670d\u79c1\u8bbf\u5f53\u7136\u8981\u770b\u5a01\u6b66\u5927\u5c06\u519b\u9547\u56fd\u516c\u6731\u5bff",
            "likeCount": 0
        },
        {
            "reply_id": "UgxgIRfgIeXCSze89VR4AaABAg",
            "reply_content": "\u770b\u5230\u9019\u500b\u57fa\u672c\u7684\u6587\u6cd5\u5c31\u50b7\u5fc3\u4e86",
            "likeCount": 0
        },
        {
            "reply_id": "Ugxv5SjEp_bbbrrqvMp4AaABAg",
            "reply_content": "\u96d6\u7136\u8aaa\u5609\u6176\u904a\u53f0\u7063\u4e0d\u662f\u771f\u7684\uff0c\u4f46\u6211\u8a18\u5f97\u65e5\u6cbb\u6642\u671f\u5929\u7687\u592a\u5b50\u88d5\u4ec1\u6709\u4f86\u904e\u53f0\u7063",
            "likeCount": 0
        },
        {
            "reply_id": "Ugxf-TRWCqoiYYULvQ14AaABAg",
            "reply_content": "\u8ddf\u753b\u5e08\u63d0\u4e00\u4e2a\u5c0f\u5c0f\u7684\u5efa\u8bae\u54c8\uff0c\u660e\u4ee3\u7684\u4e4c\u7eb1\u5e3d\u662f\u6ca1\u6709\u5e3d\u6b63\u7684",
            "likeCount": 0
        },
        {
            "reply_id": "UgxoFmjQ4pclYMUq6MZ4AaABAg",
            "reply_content": "\u958b\u982d\u674e\u7acb\u7fa4\u6f14\u6731\u5143\u748b\u90a3\u6bb5\u8a71\u5287\u6211\u9084\u771f\u7684\u525b\u597d\u770b\u904e\ud83e\udd23",
            "likeCount": 0
        },
        {
            "reply_id": "Ugx1zB6FQwIvrJzDVHl4AaABAg",
            "reply_content": "\u5609\u6176\u6c92\u5230\u904e\u81fa\u7063\u9019\u500b\u4e4b\u524d\u597d\u50cf\u6709\u5c08\u5bb6\u5b78\u8005\u6709\u8b49\u5be6\u904e\u3002\u53ea\u662f\u7576\u521d\u81fa\u7063\u6c11\u9593\u8ddf\u5b98\u54e1\u628a\u4e7e\u9686\u7684\u5152\u5b50\u798f\u5eb7\u5b89\u8aa4\u8a8d\u70ba\u7576\u521d\u592a\u5b50\u5609\u6176\u800c\u5df2\uff0c\u771f\u6b63\u6709\u5230\u81fa\u7063\u7684\u7687\u5e1d\u6216\u662f\u592a\u5b50\u53ea\u6709\u65e5\u6cbb\u6642\u671f\u7684\u5927\u65e5\u672c\u5e1d\u570b\u7684\u88d5\u4ec1\u7687\u592a\u5b50\u3002",
            "likeCount": 0
        },
        {
            "reply_id": "Ugw09-WHre2--iK5gm54AaABAg",
            "reply_content": "\u54c8\u54c8\u54c8\u54c8\u54c8\u4e60\u5305\u5b50\u63d2\u5165\u5f97\u597d\u731d\u4e0d\u53ca\u9632",
            "likeCount": 0
        },
        {
            "reply_id": "UgwxaxU1hZKeaejoXP14AaABAg",
            "reply_content": "\u8d85\u611b\u770b\u6731\u5143\u748b\u7684\u96fb\u8996\u5287",
            "likeCount": 0
        }
    ]
}