{
    "video_info": {
        "id": "tnP-rXH1Qh0",
        "channelTitle": "cheap",
        "title": "\u53e4\u4ee3\u6709\u9322\u4eba \u53ef\u4ee5\u96a8\u4fbf\u63a8\u5012\u4e2b\u74b0\u55ce? \u5a62\u5973\u9084\u8981\u5e6b\u5c0f\u5c11\u723a\u8f49\u5927\u4eba!? \u3010\u5974\u5a62\u7684\u6b77\u53f2\u3011",
        "description": "\u53e4\u4ee3\u7684\u6709\u9322\u4eba\u9664\u4e86\u4e09\u59bb\u56db\u59be\u5916\n\u90a3\u4e9b\u773e\u591a\u7684\u5974\u5a62\u3001\u5a62\u5973\uff0c\u4e5f\u662f\u96a8\u4fbf\u4ed6\u5011\u73a9\u55ce?\n\n\u4f60\u662f\u5426\u5c0d\u517c\u9867\u5bb6\u5ead\u8207\u4e8b\u696d\u5e38\u611f\u5230\u529b\u4e0d\u5f9e\u5fc3\uff1f\n\u60f3\u96a8\u6642\u7dad\u6301\u300c\u7cbe\u529b\u5145\u6c9b\u300d\uff0c\u537b\u7e3d\u662f\u7cbe\u795e\u4e0d\u6fdf\uff1f\n\u5982\u679c\u6709\u4e00\u6b3e\u7522\u54c1\u80fd\u4e00\u6b21\u88dc\u8db3\u6240\u9700\u80fd\u91cf\n\u80af\u5b9a\u6703\u662f\u7537\u6027\u5011\u7684\u798f\u97f3\u554a\uff5e\n\n\u7531\u53ef\u6a02\u7814\u7a76\u793e\u7368\u5bb6\u4ee3\u7406\u7684\u3010Dr.Gracie\u6975\u81f4\u9ed1\uff27\u746a\u5361\u3011\n\u662f\u8a31\u85cd\u65b9\u535a\u58eb\u7cbe\u5fc3\u70ba\u7537\u6027\u5011\u7814\u767c\u7684\u71df\u990a\u98df\u54c1\n\u540c\u6642\u5728\u5e02\u9762\u4e0a\u7684\u92b7\u91cf\u7a81\u7834\u203c\ufe0f5\u842c\u76d2\u203c\ufe0f\n\u662f\u7537\u6027\u5011\u6311\u9078\u71df\u990a\u88dc\u7d66\u7684\u6307\u6a19\u6027\u5546\u54c1\n\n\u5546\u57ce\u9023\u7d50\uff1a\u200b\u200bhttps://www.colaresearchclub.co/products/drgracie-maca?awoo_home\n\u73fe\u5728\u52a0\u5165\u6703\u54e1\u9084\u53ef\u4eab100\u5143\u8cfc\u7269\u91d1\u5594\n\u662f\u4e0d\u662f\u8d85\u4f5b\u5fc3der\n\n\ud83c\udf1f\u4e94\u5927\u4eae\u9ede\u4e00\u6b21\u770b\ud83c\udf1f\n1\ufe0f\u20e3\u5e02\u552e\u6700\u8db3\u91cf\uff1a2500mg\u9802\u7d1a\u9ed1\u746a\u5361\uff0b2500mg\u7cbe\u80fa\u9178\n2\ufe0f\u20e3\u8907\u65b9\u5f37\u6548\uff1a\u6dfb\u52a0\u9175\u6bcd\u92c5\u3001\u9175\u6bcdB\u7fa4\u3001\u7dad\u4ed6\u547d\uff23\u53ca\u97ed\u83dc\u7c7d\u8403\u53d6\u7269\u63d0\u632f\u7cbe\u529b\n3\ufe0f\u20e3\u990a\u7cbe\u84c4\u92b3\uff1a6\u500d\u6fc3\u7e2e\u7cbe\u83ef\uff0c\u5229\u65bc\u4eba\u9ad4\u6d88\u5316\u5438\u6536\uff0c\u9396\u4f4f\u746a\u5361\u990a\u5206\n4\ufe0f\u20e3\u65b9\u4fbf\u98df\u7528\uff1a\u5305\u88dd\u8f15\u4fbf\u5c0f\u5de7\uff0c\u6bcf\u65e5\u98df\u7528\u5169\u5305\uff0c\u5c31\u53ef\u8b93\u4e00\u5929\u6d3b\u529b\u5145\u6c9b\n5\ufe0f\u20e3\u5b89\u5168\u8a8d\u8b49\uff1a\u901a\u904eSGS\u98df\u54c1\u5b89\u5168\u6aa2\u9a57\uff0c\u4e0d\u542b\u897f\u85e5\u6210\u4efd\u4ee5\u53ca\u91cd\u91d1\u5c6c\u542b\u91cf\n\n\n\ud83d\udd25\u4e00\u5929\u7684\u6d3b\u529b\uff0c\u5c31\u5f9e\u6975\u81f4\u9ed1G\u746a\u5361\u958b\u59cb\ud83d\udd25\n\n\u53c3\u8003\u8cc7\u6599\uff1a\n\u6e05\u4ee3\u81fa\u7063\u932e\u5a62\u98a8\u4fd7\u8207\u932e\u5a62\u793a\u7981\u7891 \u2013 \u81fa\u7063\u5973\u4eba (nmth.gov.tw)\n\u8fd1\u4ee3\u4e2d\u570b\u77e5\u8b58\u5206\u5b50\u7684\u4eba\u9053\u95dc\u61f7-\u4ee5\u5a62\u5973\u89e3\u653e\u70ba\u4f8b\u7684\u63a2\u8a0e \u6d2a\u559c\u7f8e\n\nCheap\u8cbc\u5716\u4e0a\u67b6\u5566\nhttps://store.line.me/stickershop/author/1784332\n\n\u6210\u70baVIP\u8a02\u95b1\u6236 \u6bcf\u6708\u53f0\u5e6330\u5143\u8d77 \u4eab\u6709\u4e0d\u540c\u7684\u5c08\u5c6c\u7c89\u7d72\u798f\u5229\nhttps://tinyurl.com/y2b43ap2\n\n\u81c9\u66f8:\nhttps://www.facebook.com/cheapAOE/\ncheap\u6b77\u53f2\u8a0e\u8ad6\u793e\u5718:\nhttps://www.facebook.com/groups/cheaphistory\ncheap\u66f8\u55ae:\nhttps://tinyl.io/4QSG",
        "likeCount": "16794",
        "commentCount": "2184",
        "viewCount": "1152482"
    },
    "comments": [
        {
            "reply_id": "UgzDjnNXM0VUS6p0c2J4AaABAg",
            "reply_content": "\u8650\u5f85\u81ea\u5df1\u7684\u5974\u5a62\u611f\u89c9\u76f8\u5f53\u4e8e\u81ea\u6740",
            "likeCount": 0
        },
        {
            "reply_id": "UgwqZJ7YQ2jFFeg6hbx4AaABAg",
            "reply_content": "\u771f\u4eba\u8ddf\u914d\u97f3\u4e0d\u592a\u4e00\u6a23\u5462",
            "likeCount": 0
        },
        {
            "reply_id": "Ugy21OvBDqBgwWwKWLF4AaABAg",
            "reply_content": "\u771f\u8981\u53ef\u4ee5\u96a8\u4fbf\u556a\u7684\u8a71 \u4eba\u53e3\u6578\u4e0d\u662f\u61c9\u8a72\u6703\u66b4\u589e\u55ce",
            "likeCount": 0
        },
        {
            "reply_id": "UgxNGUonBwdC-V6yfwV4AaABAg",
            "reply_content": "\u53e4\u4ee3\u5c01\u5efa\u793e\u6703\u4e5f\u4e0d\u6703\u6709\u73fe\u5728\u793e\u6703\u9019\u9ebc\u4e82\u502b\uff0c\u7336\u592a\u8cc7\u672c\u628a\u4eba\u985e\u793e\u6703\u5fb9\u5e95\u641e\u4e82\u4e86",
            "likeCount": 0
        },
        {
            "reply_id": "UgzZECaYqwf7UVJTqRp4AaABAg",
            "reply_content": "\u59b9\u4ed4\u662f\u4e0d\u662f\u5c31\u662f\u73b0\u5728\u6240\u8bf4\u7684\u59b9\u5b50",
            "likeCount": 0
        },
        {
            "reply_id": "UgySiYPwtVknn_SP89h4AaABAg",
            "reply_content": "\u9019\u500b\u88dc\u54c1\u770b\u4f86\u5f88\u9069\u5408\u62ff\u4f86\u505a\u8015\u7530\u4ee5\u5916\u7684\u4e8b",
            "likeCount": 0
        },
        {
            "reply_id": "Ugyj5qs3qUtBwbbYdE54AaABAg",
            "reply_content": "\u539f\u4f86\u5982\u6b64\u90a3\u6211\u6709\u6a5f\u6703\u62bd\u9ed1\u99ac\u5361\u99ac",
            "likeCount": 0
        },
        {
            "reply_id": "UgwlgoUBfsf6t-lnQKp4AaABAg",
            "reply_content": "\u73b0\u5728\u793e\u4f1a\u662f\u5973\u6027\u6b3a\u8d1f\u7537\u6027",
            "likeCount": 0
        },
        {
            "reply_id": "UgxSNP6SIKM_OJNQv6F4AaABAg",
            "reply_content": "\u770b\u5230\u4e00\u5927\u5806\u8aaa\u8650\u5f85\u7684\u5916\u7c4d\u52de\u5de5\u7684\u5c31\u89ba\u5f97\u53ef\u7b11\uff0c\u53f0\u7063\u73fe\u5728\u7684\u6cd5\u5f8b\u591a\u4fdd\u8b77\u5916\u7c4d\u52de\u5de5\u6bd4\u81ea\u5df1\u7684\u53f0\u7c4d\u54e1\u5de5\u9084\u4fdd\u8b77\u597d\u5427\uff0c\u770b\u5230\u5e7e\u500b\u6975\u7aef\u6848\u4f8b\u5c31\u4ee5\u70ba\u5916\u7c4d\u90fd\u5f88\u53ef\u6190\uff1f\u73fe\u5728\u662f\u53f0\u7c4d\u96c7\u4e3b\u88ab\u5916\u7c4d\u52de\u5de5\u8ddf\u4ef2\u4ecb\u4e00\u8d77\u641e\u597d\u5427\uff0c\u771f\u7684\u50bb\u773c",
            "likeCount": 0
        },
        {
            "reply_id": "UgyJ-Fz2VxKLRvNWNex4AaABAg",
            "reply_content": "\u6e05\u9818\u6642\u4ee3\u5c31\u5df2\u7d93\u5f62\u6210\u4e86\u73fe\u4ee3\u53f0\u7063\u6163\u8001\u95c6\u548c\u5967\u5ba2\u7684\u98a8\u6c23\u4e86\n\u679c\u7136\u662f\u5169\u5cb8\u4e00\u5bb6\u89aa",
            "likeCount": 0
        },
        {
            "reply_id": "Ugw8UitaOIrMUoQ9vw94AaABAg",
            "reply_content": "\u6240\u4ee5\u8aaa\u6709\u6642\u5019\u6211\u662f\u771f\u7684\u5f88\u559c\u6b61\u4e2d\u83ef\u6587\u5316",
            "likeCount": 0
        },
        {
            "reply_id": "UgymjAnjIxZwu7jIiXZ4AaABAg",
            "reply_content": "\u9019\u7a2e\u8996\u983b\u7684\u9ede\u95b1\u7387\u90fd\u5f88\u9a5a\u4eba",
            "likeCount": 1
        },
        {
            "reply_id": "UgwJFYmPdoXLqoR0J-J4AaABAg",
            "reply_content": "\u5974\u5a62\u5236\u5ea6\u653e\u5728\u4eca\u65e5\u771f\u7684\u662f\u532a\u5937\u6240\u601d",
            "likeCount": 0
        },
        {
            "reply_id": "Ugyr8wd093O4PiH5fgZ4AaABAg",
            "reply_content": "\u53ea\u8981\u592b\u4eba\u4e0d\u518d\u5c31\u53ef\u4ee5\u4e86\u5427",
            "likeCount": 0
        },
        {
            "reply_id": "UgwGvjQvEdkZyDd78aV4AaABAg",
            "reply_content": "\u6309\u7167\u53e4\u4ee3\u793c\u6cd5\u5974\u5a62\u4e0d\u53ef\u80fd\u4e0e\u4e3b\u5bb6\u79c1\u901a\uff0c\u4f60\u8bf4\u662f\u4e3b\u5bb6\u6cc4\u6b32\u5de5\u5177\u7eaf\u5c5e\u626f\u6de1",
            "likeCount": 0
        },
        {
            "reply_id": "UgwjugCMNhItU8hN2GB4AaABAg",
            "reply_content": "\u611f\u89ba\u53ea\u8981\u63d0\u7537\u5973\u5e73\u6b0a\u5c31\u6703\u6709\u4e00\u5806\u4eba\u5435\u8d77\u4f86\uff0c\u89ba\u5f97\u53ea\u8981\u4e92\u76f8\u5c0a\u91cd\u5c31\u597d\uff0c\u771f\u7684\u4e0d\u8981\u62ff\u6027\u5225\u7576\u5e4c\u5b50\u884c\u4e0d\u7fa9\u4e4b\u8209",
            "likeCount": 0
        },
        {
            "reply_id": "Ugxsp1TCfjLozx-GZXx4AaABAg",
            "reply_content": "\u770b\u5f97\u6642\u5019\u9084\u5728\u60f3\u5728\u696d\u914d\u4ec0\u9ebc \u771f\u662f\u842c\u842c\u60f3\u4e0d\u5230",
            "likeCount": 0
        },
        {
            "reply_id": "UgwypIUTSklNt83rdPh4AaABAg",
            "reply_content": "\u81fa\u7063\u81ea\u53e4\u6163\u8001\u95c6\u554a\u554a\u554a\u554a",
            "likeCount": 0
        },
        {
            "reply_id": "UgyK2fJ1ikwx3SZy8FJ4AaABAg",
            "reply_content": "\u807d\u807d\u6545\u4e8b\u4e0d\u77e5\u4e0d\u89ba\u5c31\u696d\u914d\u4e86\n\u90a3\u6211\u4e5f\u5c31\u9ed8\u9ed8\u7684\u8ddf\u8457\u62bd\u734e",
            "likeCount": 0
        },
        {
            "reply_id": "UgwLzc3hTwll36ABPu94AaABAg",
            "reply_content": "\u6240\u4ee5\u79cb\u9999\u4e5f\u662f\u53ef\u80fd\u88ab\u83ef\u592a\u5e2b\u73a9\u904e\u4e86",
            "likeCount": 0
        }
    ]
}