{
    "video_info": {
        "id": "tSRSaIjHLCg",
        "channelTitle": "cheap",
        "title": "\u70ba\u4f55\u53e4\u4ee3\u64ca\u9f13\u7533\u51a4 \u8981\u5148\u625350\u5927\u677f? \u6514\u8f4e\u558a\u51a4\u662f\u771f\u7684\u55ce? \u3010\u53e4\u4ee3\u600e\u9ebc\u544a\u4eba?\u3011",
        "description": "\u5728\u53e4\u88dd\u5287\u4e2d\uff0c\u5e38\u6709\u64ca\u9f13\u7533\u51a4\u7684\u6a4b\u6bb5\n\u4f46\u73fe\u5be6\u4e2d\uff0c\u64ca\u9f13\u7533\u51a4\u8981\u5148\u6241\u4e00\u9813\uff0c\u90a3\u9019\u6a23\u8ab0\u9084\u6562\u544a\u5b98\u554a?\n\u53e4\u4ee3\u7684\u64ca\u9f13\u7533\u51a4\u3001\u6514\u8f4e\u558a\u51a4\u662f\u771f\u7684\u55ce\n\n\u53c3\u8003\u8cc7\u6599\uff1a\n\n\nCheap\u8cbc\u5716\u4e0a\u67b6\u5566\nhttps://store.line.me/stickershop/author/1784332\n\n\u6210\u70baVIP\u8a02\u95b1\u6236 \u6bcf\u6708\u53f0\u5e6330\u5143\u8d77 \u4eab\u6709\u4e0d\u540c\u7684\u5c08\u5c6c\u7c89\u7d72\u798f\u5229\nhttps://tinyurl.com/y2b43ap2\n\n\u81c9\u66f8:\nhttps://www.facebook.com/cheapAOE/\ncheap\u6b77\u53f2\u8a0e\u8ad6\u793e\u5718:\nhttps://www.facebook.com/groups/cheaphistory\ncheap\u66f8\u55ae:\nhttps://tinyl.io/4QSG",
        "likeCount": "6569",
        "commentCount": "615",
        "viewCount": "371477"
    },
    "comments": [
        {
            "reply_id": "UgyLr6S0svtm9AUX90h4AaABAg",
            "reply_content": "\u73fe\u4ee3\u5f8b\u5e2b\u7684\u5f62\u8c61\u4e5f\u6c92\u591a\u6b63\u7fa9\uff0c\u985b\u5012\u9ed1\u767d\u7684\u5f8b\u5e2b\u4e5f\u591a\u7684\u662f",
            "likeCount": 1
        },
        {
            "reply_id": "UgzRoR634Y008KC-g5Z4AaABAg",
            "reply_content": "\u7a81\u7136\u89ba\u5f97\u5de5\u5546\u5ee0\u5546\u61c9\u8a72\u5f88\u559c\u6b61\u642c\u904b\u5de5\uff0c\u4e00\u6b21\u7684\u5408\u7d04\u591a\u500b\u5e73\u53f0\u66dd\u5149",
            "likeCount": 1
        },
        {
            "reply_id": "UgwnV5r5MPtVWWvfE3l4AaABAg",
            "reply_content": "\u96e3\u602a\u4e0d\u8981\u8df3\u51fa\u53bb\u5f8c\u9762\u6c92\u5f69\u86cb\u90fd\u662f\u696d\u914d",
            "likeCount": 0
        },
        {
            "reply_id": "UgzIvzwm7ZBCKO19zFl4AaABAg",
            "reply_content": "\u597d\u7a81\u7136\u7684\u696d\u914d\u6025\u8f49\u63d2\u5165",
            "likeCount": 0
        },
        {
            "reply_id": "Ugzt0MAXFzSkVvXJTb54AaABAg",
            "reply_content": "\u90a3\u8981\u544a\u4e94\u4eba\u9084\u662f\u883b\u82b1\u6642\u9593\u7684",
            "likeCount": 0
        },
        {
            "reply_id": "Ugzm2vrnrYnCUNUtSZx4AaABAg",
            "reply_content": "\u4e0d\u77e5\u9053\u4e3a\u4f55\u6ca1\u6709\u53d1\u5c55\u51fa\u6536\u8bc9\u8bbc\u8d39\u589e\u52a0\u8d22\u653f\u6536\u5165\u7684\u8def\u5b50\uff1f",
            "likeCount": 0
        },
        {
            "reply_id": "UgwCJm_IjHg-0xUt5ZR4AaABAg",
            "reply_content": "\u5f2f\u4eba\u4ec0\u4e48\u65f6\u5019\u90fd\u4e0d\u5fd8\u5938\u4e00\u987f\u502d\u7239\uff0c\u4e5f\u7b97\u662f\u6df1\u5165\u9aa8\u9ad3\u4e86",
            "likeCount": 0
        },
        {
            "reply_id": "UgyLADJDxImKRuJJ-OV4AaABAg",
            "reply_content": "\u6240\u4ee5\u53e4\u4ee3\u7232\u4f55\u8981\u62fc\u547d\u751f\u7537\u5b69\uff0c\u767e\u59d3\u4fdd\u8b77\u81ea\u5df1\u9760\u81ea\u5df1",
            "likeCount": 0
        },
        {
            "reply_id": "Ugw7x8ceFrRsawBbxnJ4AaABAg",
            "reply_content": "\u6211\u9084\u4ee5\u70ba\u7159\u96e8\u6c5f\u6e56\u6709\u5f35\u826f",
            "likeCount": 0
        },
        {
            "reply_id": "UgzaroipdXOxB5afVO14AaABAg",
            "reply_content": "\u5176\u5be6\u9019\u6a23\u624d\u5408\u7406\u5427\uff0c\u76f4\u63a5\u904e\u6ffe\u6389\u4e00\u5806\u4f86\u641e\u7b11\u7684",
            "likeCount": 0
        },
        {
            "reply_id": "UgwuWrC3pJ37WbjjbBZ4AaABAg",
            "reply_content": "\u7559\u8a00\u677f\u90a3\u500b\u6709\u9ede\u602a\u602a\u7684,\u53e4\u4ee3\u80fd\u8b58\u5b57\u5beb\u5b57\u7684\u4eba\u5f88\u5c11",
            "likeCount": 0
        },
        {
            "reply_id": "Ugwy5GSHJvtblo9yQWZ4AaABAg",
            "reply_content": "\u73fe\u5728\u7684\u5f8b\u5e2b\u8ddf\u4ee5\u524d\u7684\u72c0\u5e2b\u6839\u672c\u6c92\u6709\u5dee\u5225\u597d\u55ce\u90fd\u662f\u5229\u76ca\u512a\u5148\u4e0d\u64c7\u624b\u6bb5\ud83e\udd23",
            "likeCount": 2
        },
        {
            "reply_id": "UgyHDN016rmHxNaODyx4AaABAg",
            "reply_content": "\u4f60\u8b1b\u4e86\u5f88\u591a\u6709\u95dc\u4e2d\u570b\u6b77\u53f2\u4f46\u662f\u90fd\u6c92\u63d0\u5230\u53e4\u4eba\u529b\u6c23\u6709\u591a\u5927",
            "likeCount": 1
        },
        {
            "reply_id": "Ugwv0Plvlr0yJQSMoDZ4AaABAg",
            "reply_content": "\u6211\u5c31\u60f3\u5230\u4e86\u6768\u4e43\u6b66\u4ed6\u59d0\u722c\u6eda\u9489\u677f",
            "likeCount": 0
        },
        {
            "reply_id": "UgxodRz7p-3-o8da2UJ4AaABAg",
            "reply_content": "\u5b98\u5e9c\u5514\u5920\u8cc7\u6e90\u4f7f\u8001\u767e\u59d3\u6709\u51a4\u7121\u8def\u8a34",
            "likeCount": 0
        },
        {
            "reply_id": "UgzYWgdOAabdizyNqUZ4AaABAg",
            "reply_content": "\u73fe\u5728\u4e2d\u570b\u662f\u9818\u5c0e\u7684\u770b\u6cd5",
            "likeCount": 0
        },
        {
            "reply_id": "Ugx97f_93iX97gsOUkB4AaABAg",
            "reply_content": "\u73fe\u5728\u5927\u9678\u7684\u6cd5\u5f8b\u4e00\u500b\u5c0f\u5b78\u751f\u8aaa\u4e86\u7b97",
            "likeCount": 0
        },
        {
            "reply_id": "UgzzdDf4JCTgK0aNOWl4AaABAg",
            "reply_content": "\u6514\u8f4e\u4e0d\u7ba1\u505a\u5565\u90fd\u602a\u602a\u7684",
            "likeCount": 0
        },
        {
            "reply_id": "UgzVn3di3jbbGYExErt4AaABAg",
            "reply_content": "\u9019\u5c31\u662f\u70ba\u4ec0\u9ebc\u53e3\u4f9b\u5728\u73fe\u4ee3\u8a34\u8a1f\u6cd5\u8b49\u64da\u80fd\u529b\u4e0d\u5bb9\u6613\u53d6\u5f97\u7684\u539f\u56e0",
            "likeCount": 0
        },
        {
            "reply_id": "UgzFZHsFWteKKcXjedR4AaABAg",
            "reply_content": "\u53ef\u6190\u7684\u5b6b\u5b88\u7fa9\u5c31\u662f\u56e0\u70ba\u88ab\u51a4\u9f13\u8ffd\u8457\u8dd1",
            "likeCount": 4
        }
    ]
}