{
    "video_info": {
        "id": "tYaYUmQ5WKM",
        "channelTitle": "cheap",
        "title": "\u3010\u5c01\u5efa\u3001\u838a\u5712\u3001\u9a0e\u58eb\u3011\u4e2d\u4e16\u7d00\u7684\u751f\u6d3b\u662f\u600e\u6a23?  \u4eba\u5011\u5403\u4ec0\u9ebc\u3001\u7a7f\u4ec0\u9ebc \u771f\u7684\u5f88\u6d6a\u6f2b\u55ce?  \u9a0e\u58eb\u3001\u8fb2\u6c11\u7684\u4e00\u5929",
        "description": "\u6b50\u6d32\u4e2d\u53e4\u4e16\u7d00\u7d66\u4eba\u7684\u5370\u8c61\u662f\u5c01\u5efa\u3001\u838a\u5712\u3001\u9a0e\u58eb\u8207\u4fe1\u4ef0\n\u8b93\u4eba\u89ba\u5f97\u975e\u5e38\u6d6a\u6f2b\uff0c\u4f46\u4eba\u5011\u771f\u5be6\u7684\u751f\u6d3b\u662f\u600e\u6a23\u5462?\n\n\u53c3\u8003\u8cc7\u6599\uff1a\n10 things you (probably) didn't know about the Middle Ages\nhttps://tinyl.io/9A0Y\nhttps://www.wondriumdaily.com/why-the-middle-ages-matter-today/\n\u4e2d\u4e16\u7d00\u4eba\u5011\u7684\u59d3\u6c0f\u5927\u5168\nhttps://www.historylearningsite.co.uk/medieval-england/medieval-surnames/\nhttps://en.wikipedia.org/wiki/The_Peasant_Wedding\nThe Peasant Wedding \u8fb2\u6c11\u5a5a\u79ae\n\nCheap\u8cbc\u5716\u4e0a\u67b6\u5566\nhttps://store.line.me/stickershop/author/1784332\n\n\u6210\u70baVIP\u8a02\u95b1\u6236 \u6bcf\u6708\u53f0\u5e6330\u5143\u8d77 \u4eab\u6709\u4e0d\u540c\u7684\u5c08\u5c6c\u7c89\u7d72\u798f\u5229\nhttps://tinyurl.com/y2b43ap2\n\n\u81c9\u66f8:\nhttps://www.facebook.com/cheapAOE/\ncheap\u6b77\u53f2\u8a0e\u8ad6\u793e\u5718:\nhttps://www.facebook.com/groups/cheaphistory\ncheap\u66f8\u55ae:\nhttps://tinyl.io/4QSG",
        "likeCount": "9612",
        "commentCount": "707",
        "viewCount": "489930"
    },
    "comments": [
        {
            "reply_id": "UgxLqo7-5TkGR4-Eplx4AaABAg",
            "reply_content": "\u70ba\u4ec0\u9ebc\u4e2d\u4e16\u7d00\u4eba\u7fa4\u90a3\u9ebc\u50cf\u67d0\u4e16\u754c\u5927\u570b\u7684\u4eba\u6c11\ud83d\ude02",
            "likeCount": 2
        },
        {
            "reply_id": "UgyX7Y-urr1WW3vSXOF4AaABAg",
            "reply_content": "\u4e2d\u4e16\u7eaa\u7684\u751f\u6d3b\u50cf\u6781\u4e86\u4e2d\u5171\u7684\u751f\u6d3b\uff0c\u5f85\u5728\u5e84\u56ed\u91cc\u4e3a\u9886\u4e3b\u670d\u52a1\u5c31\u597d\u4e86",
            "likeCount": 1
        },
        {
            "reply_id": "Ugwkzx7SGoHXTRj_66x4AaABAg",
            "reply_content": "\u719f\u6089\u7684\u4e16\u7d00\u5e1d\u570b\u56de\u4f86\u4e86",
            "likeCount": 1
        },
        {
            "reply_id": "UgzAu8M8eVgUBA-bEcd4AaABAg",
            "reply_content": "\u4e2d\u4e16\u7eaa\u7d2b\u8272\u548c\u84dd\u8272\u67d3\u6599\u5341\u5206\u6602\u8d35\uff0c\u4e00\u822c\u5e73\u6c11\u53cd\u5012\u4e0d\u592a\u53ef\u80fd\u7a7f\u8fd9\u4e24\u79cd\u989c\u8272\u7684\u8863\u670d",
            "likeCount": 1
        },
        {
            "reply_id": "Ugy91D3-WssGR5LLK354AaABAg",
            "reply_content": "\u8d85\u559c\u6b61\u756b\u4f5c\u89e3\u8aaa\u90a3\u4e00\u6bb5\uff0c\u5e0c\u671b\u4ee5\u5f8c\u53ef\u4ee5\u591a\u505a\u4e00\u9ede\u985e\u4f3c\u7684\u5167\u5bb9",
            "likeCount": 0
        },
        {
            "reply_id": "UgzTi5A2uCifaPiaq-p4AaABAg",
            "reply_content": "\u4e2d\u53e4\u4e16\u7d00\u5c31\u5dee\u4e00\u500b\u88ab\u5361\u8eca\u649e\u6b7b\u7684\u80a5\u5b85\u8f49\u751f\u8005\u4e86",
            "likeCount": 0
        },
        {
            "reply_id": "UgzTcjbO_vdERrNTxgF4AaABAg",
            "reply_content": "\u770b\u5f71\u7247\u7684\u6a02\u8da3\u5728\u65bc\u731c\u9019\u6b21\u8981\u696d\u914d\u4ec0\u9ebc",
            "likeCount": 0
        },
        {
            "reply_id": "Ugyjcm82_Uc7a9G1OAx4AaABAg",
            "reply_content": "\u770b\u4e86\u4e0d\u6703\u5012\u5f48\u7684\u7f6e\u5165\u54c8\u54c8",
            "likeCount": 0
        },
        {
            "reply_id": "UgyvSnpFwfsQYyf6-qp4AaABAg",
            "reply_content": "\u4e2d\u4e16\u7d00\u7684\u5b97\u6559\u6839\u672c\u662f\u7834\u58de\u4e16\u754c",
            "likeCount": 0
        },
        {
            "reply_id": "UgzX2EILGIH_XwPN6fp4AaABAg",
            "reply_content": "\u603b\u7684\u6765\u8bf4\u5c31\u7b97\u662f\u519c\u6c11\u4e5f\u6bd4\u540c\u65f6\u4ee3\u7684\u4e2d\u56fd\u7f16\u6237\u9f50\u6c11\u5e78\u798f\u591a\u4e86",
            "likeCount": 5
        },
        {
            "reply_id": "Ugzv9Sq2jsZ_giO8bz14AaABAg",
            "reply_content": "\u5e0c\u671b\u80fd\u4ecb\u7d39\u6587\u85dd\u5fa9\u8208\u7684\u4e8b",
            "likeCount": 2
        },
        {
            "reply_id": "UgyTXFv6E2MXoC981iN4AaABAg",
            "reply_content": "\u53ef\u4ee5\u5f9e\u9019\u984c\u515c\u5230\u9019\u500b\u696d\u914d\u4e5f\u592a\u53b2\u5bb3",
            "likeCount": 2
        },
        {
            "reply_id": "UgxO24vH4ze9aFYTf-B4AaABAg",
            "reply_content": "\u8981\u8aaa\u6587\u660e\u7684\u8a71\u9084\u662f\u7f85\u99ac\u5e1d\u570b\u53b2\u5bb3\u591a\u4e86",
            "likeCount": 1
        },
        {
            "reply_id": "Ugx21ZUZCsswHCwY48l4AaABAg",
            "reply_content": "\u80a5\u5b85\u53ea\u60f3\u7a7f\u8d8a\u5230\u4e2d\u53e4\u6642\u4ee3\u5de8\u4e73\u863f\u8389\u5bb6\u7576\u72d7",
            "likeCount": 0
        },
        {
            "reply_id": "UgwyN1nKjyyMeoeVjm14AaABAg",
            "reply_content": "\u6211\u6709\u807d\u904e\u4e00\u500b\u8aaa\u6cd5\u662f\u6709\u4e9b\u5317\u7f8e\u9ed1\u4eba\u81ea\u7531\u4ee5\u5f8c\u6c42\u65b9\u4fbf\u76f4\u63a5\u59d3\u4e86\u6e90\u5974\u96b8\u4e3b\u7684\u59d3",
            "likeCount": 0
        },
        {
            "reply_id": "UgzjRlw1JOpoUPXwqtt4AaABAg",
            "reply_content": "\u514b\u62c9\u514b\u4e0d\u662f\u7259\u91ab\u771f\u7684\u7b11\u6b7b",
            "likeCount": 0
        },
        {
            "reply_id": "UgygpJ9e87VGddAlAr54AaABAg",
            "reply_content": "\u96e3\u602a\u6b50\u7f8e\u5de5\u4eba\u5730\u4f4d\u6bd4\u6771\u4e9e\u7684\u9ad8",
            "likeCount": 0
        },
        {
            "reply_id": "UgxrZcDP8o2yqfh8TlF4AaABAg",
            "reply_content": "\u4e2d\u4e16\u7d00\u5c31\u6709\u8d77\u4f86\u91cd\u7761\u7684\u6982\u5ff5\u4e86",
            "likeCount": 7
        },
        {
            "reply_id": "UgzW9INtvRSfxMm6PMl4AaABAg",
            "reply_content": "\u90a3\u500b\u5e74\u4ee3\u662f\u4e0d\u662f\u5f97\u75c5\u5c31\u7b49\u65bc\u6b7b\u5211\u4e86\uff1f\u7562\u7adf\u6c92\u6709\u985e\u56fa\u9187\u6297\u751f\u7d20\u4e4b\u985e\u7684\u85e5\u7269",
            "likeCount": 4
        },
        {
            "reply_id": "Ugwkk1EMpHMJWYRzfux4AaABAg",
            "reply_content": "\u73a9\u8fc7\u5929\u56fd\u62ef\u6551\u7684\u4eba\u90fd\u77e5\u9053\u4e2d\u4e16\u7eaa\u7684\u771f\u5b9e\u6837\u8c8c",
            "likeCount": 1
        }
    ]
}