{
    "video_info": {
        "id": "vinqY2s1Cps",
        "channelTitle": "cheap",
        "title": "\u70ba\u4f55\u83ef\u4eba\u6d41\u884c\u300c\u6253\u7f75\u6559\u80b2\u300d \u6b50\u7f8e\u6d41\u884c\u300c\u611b\u7684\u6559\u80b2\u300d\u4e0d\u9ad4\u7f70\u7684\u570b\u5bb6 \u5982\u4f55\u6559\u80b2\u5c0f\u5b69? \u3010\u9ad4\u7f70\u7684\u6b77\u53f2\u3011",
        "description": "\u70ba\u4ec0\u9ebc\u83ef\u4eba\u6d41\u884c\u9ad4\u7f70\uff0c\u6b50\u7f8e\u570b\u5bb6\u4f7f\u7528\u611b\u7684\u6559\u80b2\u5462?\n\u4e0d\u9ad4\u7f70\u7684\u570b\u5bb6\uff0c\u662f\u600e\u9ebc\u6559\u5c0f\u5b69\u7684?\n\n\u7528elevo\u7dda\u4e0a\u5b78\u7fd2\u5de5\u5177\uff0c\u53d6\u4ee3\u50b3\u7d71\u6253\u7f75\u6559\u80b2\uff0c\u63d0\u5347\u6210\u7e3e\u4e0d\u8cbb\u529b\uff01\ud83d\udcaahttps://elo.tw/7EbVqi7\n\nelevo\u500b\u4eba\u9069\u6027\u5316\u5b78\u7fd2\u5de5\u5177\u9ad8\u5206\u914d\u65b9\n\u5f71\u97f3\u8ab2\u7a0b\uff1a\u9032\u5ea6\u8907\u7fd2\u3001\u8003\u524d\u60e1\u88dc\u96a8\u6642\u8907\u7fd2\n\u554f\u7b54\u6559\u5ba4\uff1a\u5929\u5929\u5728\u7dda\uff0c\u771f\u4eba\u8001\u5e2b1\u5c0d1\u89e3\u7b54\n\u7368\u5bb6\u984c\u5eab\uff1a\u7cbe\u6e96\u7df4\u7fd2\uff0c\u6700\u65b0\u6642\u4e8b\u7d20\u990a\u984c\u578b\n\n\u6eff\u8db3\u570b\u9ad8\u4e2d\u751f\u7684\u6240\u6709\u8ab2\u696d\u9700\u6c42\uff0c\u6700\u4f4e$199\u8d77\ud83d\udd25 \n\u7d50\u5e33\u6642\u8f38\u5165\u6211\u7684\u5c08\u5c6c\u512a\u60e0\u78bc\uff0c\u6240\u6709\u65b9\u6848\u7686\u4eab9\u6298\u512a\u60e0\uff01\n\ud83c\udf81\u81ea\u52d5\u7e8c\u8a02\u65b9\u6848-\u512a\u60e0\u78bc \u25b8 CHEAP23Q3\n\ud83c\udf81\u55ae\u6b21\u8cfc\u8cb7\u65b9\u6848-\u512a\u60e0\u78bc \u25b8 CHEAP23Q3%\n\n\n\u53c3\u8003\u8cc7\u6599\uff1a\nhttps://disp.cc/b/Gossiping/bCpC\nhttps://en.wikipedia.org/wiki/School_corporal_punishment\n\u7f8e\u570b\u9ad8\u4e2d -- \u5982\u4f55\u61f2\u8655\u5b78\u751f\uff1f\nhttp://worldofyifan.blogspot.com/2017/01/blog-post_13.html\n\nCheap\u8cbc\u5716\u4e0a\u67b6\u5566\nhttps://store.line.me/stickershop/author/1784332\n\n\u6210\u70baVIP\u8a02\u95b1\u6236 \u6bcf\u6708\u53f0\u5e6330\u5143\u8d77 \u4eab\u6709\u4e0d\u540c\u7684\u5c08\u5c6c\u7c89\u7d72\u798f\u5229\nhttps://tinyurl.com/y2b43ap2\n\n\u81c9\u66f8:\nhttps://www.facebook.com/cheapAOE/\ncheap\u6b77\u53f2\u8a0e\u8ad6\u793e\u5718:\nhttps://www.facebook.com/groups/cheaphistory\ncheap\u66f8\u55ae:\nhttps://tinyl.io/4QSG",
        "likeCount": "13565",
        "commentCount": "2765",
        "viewCount": "549966"
    },
    "comments": [
        {
            "reply_id": "UgyXN3b_zvtDiCyvRu14AaABAg",
            "reply_content": "\u6211\u53ea\u60f3\u8aaa\u4e2d\u83ef\u6587\u5316\u771f\u7834",
            "likeCount": 1
        },
        {
            "reply_id": "UgyPjO86lm44PUpw3jN4AaABAg",
            "reply_content": "\u867d\u7136\u8bb2\u7684\u662f\u597d\u4f46\u662f\u542f\u8499\u8fd0\u52a8\u6bd4\u6587\u827a\u590d\u5174\u8981\u665a",
            "likeCount": 0
        },
        {
            "reply_id": "UgxGiztAM7nb8cvqgcJ4AaABAg",
            "reply_content": "\u6253\u7f75\u6559\u80b2\u548c\u611b\u7684\u6559\u80b2\u6700\u5927\u5dee\u5225\u5728\u81ea\u5351\u8207\u81ea\u4fe1",
            "likeCount": 0
        },
        {
            "reply_id": "Ugw8A8BEV865bVx6MNx4AaABAg",
            "reply_content": "\u53f0\u7063\u5982\u679c\u50cf\u7f8e\u570b\u9019\u6a23\u73a9\uff0c\u5927\u6982\u5bb6\u9577\u5c31\u958b\u59cb\u8acb\u6c11\u610f\u4ee3\u8868\u4e86",
            "likeCount": 0
        },
        {
            "reply_id": "Ugxc00hLvysT72Zhs3V4AaABAg",
            "reply_content": "\u611b\u7684\u6559\u80b2\u9577\u5927\u5f8c\u5e7e\u4e4e\u6c92\u898f\u77e9",
            "likeCount": 0
        },
        {
            "reply_id": "Ugz22MFYWaEjrG1XjW54AaABAg",
            "reply_content": "\u771f\u5fc3\u89c9\u5f97\u6240\u6709\u70e6\u607c\u90fd\u662f\u4ece\u7cbe\u5b50\u548c\u5375\u5b50\u7684\u7ed3\u5408\u5f00\u59cb\u7684",
            "likeCount": 0
        },
        {
            "reply_id": "Ugxj6kUDrik7PgbO3TB4AaABAg",
            "reply_content": "\u6211\u4e5f\u60f3\u7d66\u7247\u4e2d\u7684\u963f\u59e8\u5b89\u6170",
            "likeCount": 0
        },
        {
            "reply_id": "Ugzru53CLHKucgUBbnV4AaABAg",
            "reply_content": "\u90a3\u4e9b\u6821\u56ed\u9738\u51cc\u6b3a\u8d1f\u5973\u5b69\u5b50\u7684\u718a\u6bdb\u5b69\u5fc5\u987b\u6328\u6253\u597d\u597d\u6559\u8bad",
            "likeCount": 0
        },
        {
            "reply_id": "Ugx973DAs1j9IHagTXV4AaABAg",
            "reply_content": "\u9ad4\u7f70\u53ef\u4ee5\u7528\u5728\u5b78\u751f\u62bd\u83f8\u6253\u67b6\u4f5c\u5f0a\u9019\u7a2e\u9055\u6cd5\u884c\u70ba\n\u4e0d\u662f\u9ad4\u7f70\u6210\u7e3e\u5dee",
            "likeCount": 0
        },
        {
            "reply_id": "UgyrN6YoZuzuD7nwor54AaABAg",
            "reply_content": "\u63d0\u5021\u8a00\u8a9e\u66b4\u529b\u8ddf\u80a2\u9ad4\u66b4\u529b\u4e00\u6a23\u56b4\u91cd",
            "likeCount": 0
        },
        {
            "reply_id": "UgxLQenQwk-6LJKvx7p4AaABAg",
            "reply_content": "\u8aaa\u5be6\u5728\uff0c\u6253\u5c0f\u5b69\u6839\u672c\u53ea\u662f\u4eba\u751f\u5931\u6557\u7684\u5783\u573e\u5927\u4eba\u9700\u8981\u5c0b\u627e\u4e00\u500b\u53d7\u5bb3\u8005\u88ab\u6b3a\u58d3\u4ee5\u5c0b\u627e\u81ea\u8eab\u6210\u5c31\u611f\u8207\u5b58\u5728\u611f\u800c\u57f7\u884c\uff0c\u53ea\u4e0d\u904e\u7528\u5404\u7a2e\u6b6a\u7406\u5408\u7406\u5316\u81ea\u5df1\u7684\u52a3\u6839\u6027\u3002",
            "likeCount": 0
        },
        {
            "reply_id": "UgyOq1Bl67PT4HQOpa54AaABAg",
            "reply_content": "\u8b1b\u83ef\u4eba\u7f3a\u9ede\u7684\u90e8\u5206\u8b1b\u7684\u5f88\u597d\u3002\u4f46\u904e\u65bc\u7f8e\u5316\u897f\u65b9\u7684\u6210\u679c\u4e86,\u7f8e\u570b\u9752\u5c11\u5e74\u72af\u7f6a\u6bd4\u4f8b\u6bd4\u83ef\u4eba\u4e16\u754c\u9ad8\u5f88\u591a",
            "likeCount": 0
        },
        {
            "reply_id": "Ugw_I2jFGJsV592KUzt4AaABAg",
            "reply_content": "\u90a3\u5143\u9996\u7684\u5bb6\u5ead\u6559\u80b2\u4e00\u5b9a\u662f\u4e0d\u5408\u683c\u7684",
            "likeCount": 0
        },
        {
            "reply_id": "UgycB7QV9nyLtSHIsit4AaABAg",
            "reply_content": "\u9084\u6709\u7236\u6bcd\u628a\u6253\u5c0f\u5b69\u62ff\u4f86\u70ab\u8000\u81ea\u5df1\u5f88\u6703\u6559\u5c0f\u5b69\u52d2!",
            "likeCount": 0
        },
        {
            "reply_id": "Ugz5WD_ztf8yIKe3IaV4AaABAg",
            "reply_content": "\u6771\u4e9e\u570b\u5bb6\u5c31\u5b50\u5973\u662f\u4e00\u8f29\u5b50\u7684\u7f88\u7d46\uff0c\u6240\u4ee5\u7236\u6bcd\u58d3\u529b\u5f88\u5927",
            "likeCount": 0
        },
        {
            "reply_id": "UgzGb7SxnOm4ssK07Tp4AaABAg",
            "reply_content": "\u5148\u9032\u4eba\u7a2e\u548c\u843d\u5f8c\u4eba\u7a2e\u7684\u5dee\u5225",
            "likeCount": 0
        },
        {
            "reply_id": "UgweKXXzthbnj7UKBDh4AaABAg",
            "reply_content": "\u5efa\u8b70\u4f60\u53bb\u6559\u5b78\u73fe\u5834\u770b\u4e00\u4e0b",
            "likeCount": 0
        },
        {
            "reply_id": "UgzLvwf1wOkk2V7kZoh4AaABAg",
            "reply_content": "\u897f\u65b9\u4e0d\u4e56\u7684\u5c0f\u5b69\u4e00\u5f8b\u9001\u7d66\u795e\u7236\u6559\u80b2\u554a",
            "likeCount": 0
        },
        {
            "reply_id": "Ugyol62qGbITq_e3Xlh4AaABAg",
            "reply_content": "\u6b50\u7f8e\u9ad4\u7f70\u7684\u5bb6\u9577\u6bd4\u6bd4\u7686\u662f",
            "likeCount": 1
        },
        {
            "reply_id": "UgzGnbTvx7ISJq4ynyR4AaABAg",
            "reply_content": "\u6211\u652f\u6301\u6253\u5b69\u5b50\u4f46\u53ea\u6709\u5bb6\u957f\u53ef\u4ee5\u6253\u6211\u4e5f\u4e0a\u8fc7\u79c1\u587e\u6211\u4e5f\u5728\u5c0f\u5b66\u88ab\u6253\u8fc7\u4e0d\u8fc7\u540e\u9762\u56fd\u5bb6\u51fa\u89c4\u5b9a\u4e86\u4e0d\u80fd\u8001\u5e08\u6253\u5b69\u5b50\u6211\u89c9\u5f97\u5b69\u5b50\u53ea\u80fd\u5bb6\u957f\u6253\u4f46\u4e5f\u4e0d\u80fd\u4e0a\u5de5\u5177\u5bf9\u8eab\u4f53\u4e0d\u597d\u6700\u591a\u62bd\u51e0\u4e2a\u5df4\u638c\u6253\u4e5f\u786e\u5b9e\u6709\u6548\u4f46\u662f\u5728\u516c\u5171\u573a\u5408\u6253\u4f1a\u4f24\u5b69\u5b50\u81ea\u5c0a\u5fc3",
            "likeCount": 1
        }
    ]
}