{
    "video_info": {
        "id": "ysiczZIwlQ4",
        "channelTitle": "cheap",
        "title": "\u4ee5\u8272\u5217 \u5df4\u52d2\u65af\u5766 \u5230\u5e95\u6709\u4ec0\u9ebc\u4ec7? \u7336\u592a\u4eba\u3001\u963f\u62c9\u4f2f\u4eba\u7684\u767e\u5e74\u6069\u6028 \u54c8\u746a\u65af\u3001\u5df4\u52d2\u65af\u5766\u662f\u4ec0\u9ebc\u95dc\u4fc2?",
        "description": "\u7336\u592a\u4eba\u8207\u963f\u62c9\u4f2f\u4eba\u5230\u5e95\u6709\u4ec0\u9ebc\u6069\u6028? \u5df4\u52d2\u65af\u5766\u8207\u4ee5\u8272\u5217\u7684\u4ec7\u6068\u662f\u600e\u9ebc\u56de\u4e8b\n\u54c8\u746a\u65af\u8207\u5df4\u52d2\u65af\u5766\u662f\u4ec0\u9ebc\u95dc\u4fc2\u5462\n\n\u6e05\u9192\u7b2c\u4e00\u6642\u9593\uff0c\u5c31\u662f\u770b\u61c2\u4e16\u754c\n\u73fe\u5728\u4f7f\u7528Cheap\u7684\u5c08\u5c6c\u9023\u7d50\n\u5c31\u53ef\u4ee5\u514d\u8cbb\u9ad4\u9a57\u300a\u5929\u4e0b\u6bcf\u65e5\u5831APP\u300b2\u500b\u6708  https://bit.ly/3qUyBWV\n\n\u53c3\u8003\u8cc7\u6599\uff1a\n\u6c60\u4e0a\u5f70 \u5716\u89e3\u4f0a\u65af\u862d\u4e16\u754c 2016\n\nCheap\u8cbc\u5716\u4e0a\u67b6\u5566\nhttps://store.line.me/stickershop/author/1784332\n\n\u6210\u70baVIP\u8a02\u95b1\u6236 \u6bcf\u6708\u53f0\u5e6330\u5143\u8d77 \u4eab\u6709\u4e0d\u540c\u7684\u5c08\u5c6c\u7c89\u7d72\u798f\u5229\nhttps://tinyurl.com/y2b43ap2\n\n\u81c9\u66f8:\nhttps://www.facebook.com/cheapAOE/\ncheap\u6b77\u53f2\u8a0e\u8ad6\u793e\u5718:\nhttps://www.facebook.com/groups/cheaphistory\ncheap\u66f8\u55ae:\nhttps://tinyl.io/4QSG",
        "likeCount": "32939",
        "commentCount": "4529",
        "viewCount": "1458040"
    },
    "comments": [
        {
            "reply_id": "Ugx64djAjCba5UOax-14AaABAg",
            "reply_content": "\u72b9\u592a\u4eba\u4ece\u96c6\u4e2d\u8425\u5e26\u51fa\u6765\u4e86\u6211\u7684\u594b\u6597\u8fd9\u662f\u591a\u4e48\u611f\u4eba",
            "likeCount": 2
        },
        {
            "reply_id": "UgxlLyK_6IClFbEm-Zp4AaABAg",
            "reply_content": "\u8607\u7f8e\u95dc\u4fc2\u5c0d\u9019\u4ef6\u4e8b\u60c5\u4e5f\u5f88\u91cd\u8981",
            "likeCount": 2
        },
        {
            "reply_id": "UgwM7hIMY11YcmP3xx54AaABAg",
            "reply_content": "\u4e1d\u6beb\u4e0d\u63d0\u72b9\u592a\u590d\u56fd\u7ec4\u7ec7\u7684\u90a3\u4e9b\u6050\u6016\u624b\u6bb5\uff0c\u582a\u79f0\u73b0\u4ee3\u6050\u6016\u4e3b\u4e49\u7684\u9f3b\u7956",
            "likeCount": 2
        },
        {
            "reply_id": "Ugywf_6_0GeoViArnCR4AaABAg",
            "reply_content": "\u4eba\u7c7b\u5c31\u662f\u4e00\u76f4\u5728\u6218\u4e89\u4e2d\u6210\u957f\u548c\u878d\u5408",
            "likeCount": 2
        },
        {
            "reply_id": "Ugzd1Db7ZKvNQjSehit4AaABAg",
            "reply_content": "\u6211\u89ba\u5f97\u795e\u5947\u7684\u662f\u54ea\u6015\u751f\u5b58\u689d\u4ef6\u5982\u6b64\u7684\u60e1\u52a3\u4ed6\u5011\u4f9d\u7136\u80fd\u4e0d\u505c\u7684\u751f\u5b69\u5b50\uff0c\u6771\u4e9e\u56db\u570b\u90fd\u5df2\u7d93\u8a8d\u70ba\u751f\u5b58\u592a\u904e\u8271\u96e3\u5c11\u5b50\u5316\uff0c\u4ed6\u5011\u537b\u4e0d\u6703",
            "likeCount": 1
        },
        {
            "reply_id": "Ugyugx0-MC9YG3VTa7R4AaABAg",
            "reply_content": "\u8fd8\u662f\u559c\u6b22\u770b\u60a8\u539f\u6765\u7684\u89c6\u9891",
            "likeCount": 1
        },
        {
            "reply_id": "Ugx6zA-Aj0Anm5LlhFp4AaABAg",
            "reply_content": "\u653e\u4e0d\u4e0b\u4ec7\u6068\u7d42\u62db\u81f4\u6bc1\u6ec5",
            "likeCount": 1
        },
        {
            "reply_id": "UgxvtbQA20WKrNMdczt4AaABAg",
            "reply_content": "\u70ba\u4ec0\u9ebc\u7f8e\u570b\u4eba\u652f\u6301\u4ee5\u8272\u5217\u6bba\u5df4\u4eba\u5a66\u5973\u5152\u7ae5\u70b8\u91ab\u9662\u540c\u5b78\u6821\uff1f",
            "likeCount": 1
        },
        {
            "reply_id": "UgzjNBJQkaJBGX-JrDF4AaABAg",
            "reply_content": "\u4e2d\u6771\u4eba\u5c31\u662f\u6c92\u6551\u4e86\n\u5c31\u4e0d\u80fd\u6709\u548c\u5e73\u4e14\u6e05\u5ec9\u7684\u5718\u9ad4\u55ce",
            "likeCount": 0
        },
        {
            "reply_id": "UgzNACBNGXPnopv41q14AaABAg",
            "reply_content": "\u4ee5\u8272\u5217\u80cc\u540e\u6709\u8c01\u4e0d\u7528\u8bf4\u4e86\u5427\uff0c\u4e3a\u4f55\u4f1a\u6709\u52a0\u8428\u7ec4\u7ec7\u80cc\u540e\u8c01\u641e\u51fa\u6765\u7684\u4e5f\u4e0d\u7528\u8bf4\u660e\u4e86\u5427\uff5e\u77e5\u9053\u7684\u90fd\u77e5\u9053",
            "likeCount": 0
        },
        {
            "reply_id": "UgzERIuwopjgI_p_e7p4AaABAg",
            "reply_content": "\u53ea\u6709\u4e00\u500b\u4eba\u624d\u80fd\u5920\u7ba1\u7406\u597d\u5df4\u52d2\u65af\u5766\uff0c\u90a3\u500b\u4eba\u5c31\u662f\u674e\u5149\u8000",
            "likeCount": 0
        },
        {
            "reply_id": "UgziSzoNNB964nmPAFF4AaABAg",
            "reply_content": "\u8981\u5148\u6574\u7406\u4e00\u7bc7\u4e2d\u570b\u5927\u9678\u600e\u9ebc\u90a3\u9ebc\u6068\u81fa\u7063\u7684\u5f71\u7247\u55ce\uff0c\u611f\u89ba\u8aaa\u4e0d\u5b9a\u67d0\u5929\u6703\u7528\u5230",
            "likeCount": 2
        },
        {
            "reply_id": "Ugx2i_0CrkxIm9cIII14AaABAg",
            "reply_content": "\u53ef\u4ee5\u8b1b\u4e00\u4e0b\u7d05\u5341\u5b57\u6703\u662f\u5e79\u561b\u7684\u55ce",
            "likeCount": 2
        },
        {
            "reply_id": "Ugwx5JpOhYYoGKmD1Ap4AaABAg",
            "reply_content": "\u5df4\u52d2\u65af\u5766\u5176\u5b9e\u4e0d\u7b97\u662f\u4e00\u4e2a\u56fd\u5bb6\uff0c\u4ed6\u53ea\u662f\u88ab\u4e00\u4e2a\u6c11\u4e3b\u793e\u4f1a\u6295\u7968\u51fa\u6765\u7684\u653f\u515a\u6cbb\u7406\u7740\uff0c\u4ed6\u4eec\u79f0\u4e3a\u5408\u6cd5\u4eba\u6c11\u4ee3\u8868\u6743\u5a01\u673a\u6784",
            "likeCount": 1
        },
        {
            "reply_id": "UgxnmzAFgnpAtGWQtBx4AaABAg",
            "reply_content": "\u7528\u672c\u662f\u522b\u4eba\u7684\u571f\u5730\u6362\u548c\u5e73\u4e5f\u53eb\u4e0d\u574f",
            "likeCount": 1
        },
        {
            "reply_id": "Ugy8jMvzNATnI9UcTAJ4AaABAg",
            "reply_content": "\u96e3\u602a\u5357\u975e\u5e63\u6c92\u6709\u7e7c\u7e8c\u8dcc",
            "likeCount": 0
        },
        {
            "reply_id": "UgzA-8HV0_TXNwp4X5l4AaABAg",
            "reply_content": "\u9019\u7a2e\u8840\u50b5\u901a\u5e38\u4e5f\u53ea\u80fd\u8840\u511f",
            "likeCount": 0
        },
        {
            "reply_id": "UgyXx65cnSwa2C2hjDl4AaABAg",
            "reply_content": "\u90a3\u88e1\u6709\u58d3\u8feb\u54ea\u88cf\u5c31\u6703\u6709\u53cd\u6297\uff0c\u6c92\u8fa6\u6cd5\u4ec7\u6068\u7684\u7a2e\u5b50\u5df2\u7d93\u7a2e\u4e0b\u4e86\uff0c\u5169\u500b\u6c11\u65cf\u7684\u8840\u50b5\u53ea\u80fd\u7528\u6575\u4eba\u7684\u9bae\u8840\u4f86\u6d17\u5237",
            "likeCount": 0
        },
        {
            "reply_id": "UgxzMlsvloCewjV9dph4AaABAg",
            "reply_content": "\u5f88\u8af7\u523a\u4e0d\u7ba1\u662f\u7336\u592a\u6559\u9084\u662f\u4f0a\u65af\u862d\u6559\uff0c\u4ed6\u5011\u90fd\u662f\u4e0a\u5e1d\u7684\u4fe1\u5f92\uff0c\u4f46\u537b\u90fd\u4ee5\u4e0a\u5e1d\u7684\u540d\u7fa9\u5728\u4e92\u76f8\u6b98\u6bba",
            "likeCount": 0
        },
        {
            "reply_id": "Ugxh1joFhWJ75w03WcZ4AaABAg",
            "reply_content": "\u53f0\u6e7e\u4e5f\u662f\u4e00\u4e2a\u5730\u7406\u540d\u8bcd",
            "likeCount": 0
        }
    ]
}