{
    "video_info": {
        "id": "ZRQRrqI6cxU",
        "channelTitle": "cheap",
        "title": "\u4ee5\u8272\u5217\u70ba\u4ec0\u9ebc\u4e0d\u8f3e\u5e73\u52a0\u85a9\u8d70\u5eca? \u56e0\u70ba\u9019\u62db\u592a\u72e0\u4e86",
        "description": "\u4ee5\u8272\u5217\u8207\u5df4\u52d2\u65af\u5766\u7684\u6069\u6028\u60c5\u4ec7\u4e0b\u79ae\u62dc\u4e0a",
        "likeCount": "8152",
        "commentCount": "792",
        "viewCount": "352094"
    },
    "comments": [
        {
            "reply_id": "UgyPMo6EcZxM7oBOwoJ4AaABAg",
            "reply_content": "\u53f0\u7063\u89aa\u7f8e\u7684\u7acb\u5834\uff0c\u9020\u5c31\u4e86\u9019\u7a2e\u53ea\u6703\u5439\u5df4\u52d2\u65af\u5766\u5168\u90fd\u662f\u6050\u6016\u5206\u5b50\u7684\u5f71\u8996\u5a92\u9ad4\u4eba\uff0c\u505a\u4e0d\u5230\u4e2d\u7acb\u5c31\u5c11\u62cd\u5e79\u7247\u4e86",
            "likeCount": 1
        },
        {
            "reply_id": "Ugw9hVUQZdTYRuSFg0V4AaABAg",
            "reply_content": "\u4ee5\u8272\u5217\u672c\u4f86\u5c31\u6436\u4eba\u5bb6\u571f\u5730\u4e86\uff0c\u70ba\u4ec0\u9ebc\u9084\u6703\u5728\u4e4e\u5e73\u6c11\u7684\u6b7b\u6d3b\uff0c\u552f\u4e00\u53ea\u662f\u6015\u570b\u969b\u4e0a\u7ad9\u4e0d\u4f4f\u8173\u800c\u5df2",
            "likeCount": 0
        },
        {
            "reply_id": "UgzcXGxfapMiJWLqzYZ4AaABAg",
            "reply_content": "\u73fe\u5728\u8981\u76f4\u63a5\u767c\u5175\u6253\u904e\u53bb\u4e86",
            "likeCount": 0
        },
        {
            "reply_id": "UgzZE1awBHkkqgQDMb94AaABAg",
            "reply_content": "\u597d\u597d\u653e\u6162\u901f\u5ea6\u8aaa\u8a71\u6703\u66f4\u5438\u5f15\u4eba",
            "likeCount": 0
        },
        {
            "reply_id": "UgyVDdPUSgeonjLV1MZ4AaABAg",
            "reply_content": "\u4e0d\u7ba1\u600e\u6a23\u904e\u53bb\u4e8b\u60c5\u7684\u90fd\u904e\u53bb\u4e86\u4e5f\u548c\u5e73\u904e\uff0c\u6700\u5f8c\u8981\u6230\u722d\u4e5f\u662f\u54c8\u746a\u65af\u9078\u64c7\u7684",
            "likeCount": 0
        },
        {
            "reply_id": "UgyBEtTlDcpe3VjKlgZ4AaABAg",
            "reply_content": "\u65e0\u5dee\u522b\u653b\u51fb\u5e73\u6c11\u662f\u4e0d\u5bf9\u7684",
            "likeCount": 0
        },
        {
            "reply_id": "Ugy0-naIicRAl-3hepN4AaABAg",
            "reply_content": "\u4ee5\u8272\u5217\u6700\u5927\u7684\u76ee\u6a19\u662f\u54c8\u80cc\u5f8c\u7684\u4eba",
            "likeCount": 0
        },
        {
            "reply_id": "UgzlAQa8ybKYZiRCc3R4AaABAg",
            "reply_content": "\u54c8\u746a\u65af\u5c31\u662f\u88ab\u5229\u7528\u7684\u53cd\u4eba\u985e\u6050\u6016\u4efd\u5b50",
            "likeCount": 0
        },
        {
            "reply_id": "UgyRBtk05-ttZ8NhN6B4AaABAg",
            "reply_content": "\u9019\u500b\u6a19\u984c\u5c31\u5f88\u504f\u8892\u4e00\u65b9\u4e86",
            "likeCount": 0
        },
        {
            "reply_id": "Ugyu86DtVEYZaz-KC554AaABAg",
            "reply_content": "\u4e0a\u9031\u4e0d\u662f\u7f8e\u570b\u6c99\u70cf\u5730\u4ee5\u8272\u5217\u8981\u7c3d\u7f72\u77f3\u6cb9\u5408\u7d04 \u7d50\u679c\u9694\u5929\u4eba\u5bb6\u98db\u5f48\u5c31\u5c04\u4e86 \u9019\u9031\u6c99\u70cf\u5730\u5c31\u7d42\u6b62\u6703\u8ac7",
            "likeCount": 0
        },
        {
            "reply_id": "UgzvJC0z-brwSNVS_Kd4AaABAg",
            "reply_content": "\u5e94\u8be5\u5b66\u7f8e\u56fd\u4e1c\u4eac\u5927\u8f70\u70b8\u90a3\u6837\u4e00\u8def\u8f70",
            "likeCount": 0
        },
        {
            "reply_id": "UgxugbNMtcKg_ufpRoV4AaABAg",
            "reply_content": "\u53f0\u7063\u8ddf\u52a0\u85a9\u7684\u8655\u5883\u4e0d\u8b00\u800c\u5408",
            "likeCount": 0
        },
        {
            "reply_id": "UgwxiMZVFbd7Z6EGxCZ4AaABAg",
            "reply_content": "\u4ee5\u8272\u5217\u6709\u4e00\u540d\u8b66\u5bdf\u8d85\u6068\u54c8\u99ac\u65af\uff0c\u76f4\u63a5\u5728\u570b\u5916\u7684\u76f4\u64ad\u65b0\u805e\u9b27",
            "likeCount": 0
        },
        {
            "reply_id": "UgygkAnIUi1uKIM_K154AaABAg",
            "reply_content": "\u9019\u6b21\u61c9\u8a72\u662f\u771f\u7684\u8981\u8f3e\u5e73\u4e86",
            "likeCount": 1
        },
        {
            "reply_id": "UgyX0lWJfBi6T2cooqV4AaABAg",
            "reply_content": "\u96c0\u5360\u9e20\u5de2\u73b0\u5b9e\u7248\uff0c\u4e00\u672c\u5723\u7ecf\u5c31\u8bf4\u8fd9\u91cc\u81ea\u5df1\u7684\u56fd\u571f\uff0c\u90a3\u4e48\u4e00\u672c\u5c71\u6d77\u7ecf\u662f\u5426\u53ef\u4ee5\u8bf4\u5168\u4e16\u754c\u90fd\u662f\u81ea\u5df1\u7684",
            "likeCount": 1
        },
        {
            "reply_id": "UgznTWpE1RChejgLLA14AaABAg",
            "reply_content": "\u54c8\u746a\u65af\u53ea\u662f\u5df4\u52d2\u65af\u5766\u7684\u4e00\u500b\u6fc0\u9032\u7d44\u7e54 \u4e0d\u4ee3\u8868\u6574\u500b\u5df4\u52d2\u65af\u5766\u7684\u4eba\u90fd\u662f\u6fc0\u9032\u7d44\u7e54",
            "likeCount": 1
        },
        {
            "reply_id": "UgywUMJm-z1XLMozjy14AaABAg",
            "reply_content": "\u4f60\u5fd8\u4e86\u52a0\u85a9\u662f\u5728\u806f\u5408\u570b\u76e3\u7763\u4e0b\u9078\u51fa\u54c8\u746a\u65af\u9019\u4e00\u90e8\u5206\u4e86",
            "likeCount": 1
        },
        {
            "reply_id": "Ugw5naYSggEgm8SwZ_14AaABAg",
            "reply_content": "\u6839\u64da\u4f60\u7684\u653f\u6cbb\u6b63\u78ba\uff0c\u4e00\u5b9a\u6703\u907f\u514d\u8ac7\u4ee5\u8272\u5217\u662f\u5982\u4f55\u60e1\u9738\u5efa\u570b",
            "likeCount": 0
        },
        {
            "reply_id": "Ugx-ClhWDvxpfKBADUF4AaABAg",
            "reply_content": "\u4ee5\u8272\u5217\u61c9\u8a72\u60f3\u8fa6\u6cd5\u8b93\u90a3\u4e9b\u4eba\u90fd\u53bb\u5468\u906d\u7684\u963f\u62c9\u4f2f\u570b\u5bb6\uff0c\u8b93\u90a3\u4e9b\u4eba\u53ef\u4ee5\u751f\u5b58\u6216\u8b8a\u6210\u5176\u5b83\u4eba\u7684\u554f\u984c",
            "likeCount": 0
        },
        {
            "reply_id": "UgyD8BPZkYAknOZd6AV4AaABAg",
            "reply_content": "\u4ee5\u8272\u5217\u6839\u672c\u5c31\u662f\u6050\u6016\u5206\u5b50",
            "likeCount": 0
        }
    ]
}