{
    "channel": {
        "title": "\u6728\u66dc4\u8d85\u73a9",
        "id": "UCLW_SzI9txZvtOFTPDswxqg",
        "customUrl": "@muyao4",
        "uploads": "UULW_SzI9txZvtOFTPDswxqg"
    },
    "videos": [
        {
            "id": "bFeeOcXz_lA",
            "title": "\u300a\u4e00\u65e5\u7cfb\u5217\u7b2c\u4e8c\u767e\u96f6\u4e8c\u96c6\u300b\u8b66\u754c\u642d\u6a94\u90b0\u667a\u6e90&\u8b1d\u5764\u9054\u518d\u6b21\u51fa\u4efb\u52d9\uff01\u5e36\u4f60\u77e5\u9053\u9664\u66b4\u968a\u7684\u53b2\u5bb3\uff01\uff0d\u4e00\u65e5\u7279\u8b66-\u9664\u66b4\u7279\u52e4\u968a"
        },
        {
            "id": "p8gaaYipEKM",
            "title": "\u5de7\u9047\u7dad\u5b89\u7279\u52e4\u968a\u6f14\u7df4!!!\u5148\u7d66\u5927\u5bb6\u770b\u4e00\u6bb5\uff5e #\u7dad\u5b89\u7279\u52e4\u968a #\u4e00\u65e5\u7cfb\u5217 #\u4e00\u65e5\u7279\u8b66 #\u9664\u66b4\u7279\u52e4\u968a #\u90b0\u667a\u6e90 #\u8b1d\u5764\u9054 #shorts"
        },
        {
            "id": "-uJeA8KfJ60",
            "title": "\u9054\u54e5\u80fd\u5426\u514b\u670d\u61fc\u9ad8\u5fc3\u9b54 !? #\u4e00\u65e5\u7279\u8b66 #\u9664\u66b4\u7279\u52e4\u968a #\u90b0\u667a\u6e90 #\u8b1d\u5764\u9054  #\u6728\u66dc #shorts"
        },
        {
            "id": "tSZIneajNAw",
            "title": "\u8a31\u6559\u7df4\u5c0d\u65bc\u4e09\u5927\u806f\u76df\u6574\u5408\u7684\u770b\u6cd5 #\u8a31\u6649\u54f2 #\u90b0\u667a\u6e90 #\u6728\u66dc #shorts"
        },
        {
            "id": "xvCYf7Ax2mQ",
            "title": "\u53f0\u7063\u7684\u7c43\u7403\u6709\u6c92\u6709\u6a5f\u6703\u4e9e\u6d32\u524d\u4e09? #\u8a31\u6649\u54f2 #\u90b0\u667a\u6e90 #\u6728\u66dc #shorts"
        },
        {
            "id": "CkENz3e_wSU",
            "title": "\u300a\u4e0b\u73ed\u53bb\u5403\u98ef\u7b2c\u4e8c\u5b63\u7b2c\u4e00\u96c6\u300b\u5403\u98ef\u524d\u5148\u4ee5\u8eca\u6703\u53cb\uff01\u5bcc\u90a6\u52c7\u58eb\u968a\u4e09\u9023\u9738\uff5e\u6559\u982d\u8a31\u6649\u54f2\u4f86\u5566\uff01feat.\u8a31\u6649\u54f2"
        },
        {
            "id": "P1plx-2QSbA",
            "title": "\u6559\u7df4\u597d\uff01\u8a31\u6649\u54f2\u4f86\u4e0b\u73ed\u53bb\u5403\u98ef\u5566 #\u8a31\u6649\u54f2 #\u90b0\u667a\u6e90 #\u6728\u66dc #shorts"
        },
        {
            "id": "hs62W-sBD8g",
            "title": "\u4e0d\u80fd\u53ea\u6709\u6211\u770b\u5230!!!\u592a\u9913\u4e86 #\u6728\u66dc #\u90b0\u667a\u6e90 #\u7f8e\u570b #\u6d1b\u6749\u78ef #\u7f8e\u98df #shorts"
        },
        {
            "id": "hgArcLQek-M",
            "title": "\u6c92\u6709\u4eba\u53ef\u4ee5\u62b5\u6297\u71b1\u72d7\u7684\u8a98\u60d1 #\u6728\u66dc #\u90b0\u667a\u6e90 #\u7f8e\u570b #\u6d1b\u6749\u78ef #\u7f8e\u98df #shorts"
        },
        {
            "id": "aKnSRMvVj9g",
            "title": "\u300a\u6728\u66dc\u65c5\u884c\u8db4EP3\u5403\u904d\u6d1b\u6749\u78ef\u300b\u7206\u5403\u4e00\u6ce2LA\u5728\u5730\u7f8e\u98df\uff01\u8d85\u9ad8\u71b1\u91cf\u9023\u7e8c\u8f5f\u70b8\uff5e\u90b0\u54e5\u627f\u53d7\u5f97\u4f4f\u55ce\uff1f\uff01"
        },
        {
            "id": "7yXwpJDovhM",
            "title": "\u5403\u7206\u6d1b\u6749\u78ef\u6436\u5148\u9810\u544a #\u6728\u66dc\u65c5\u884c\u8db4 #\u7f8e\u570b #\u6d1b\u6749\u78ef #shorts"
        },
        {
            "id": "mKLkWDbDIuQ",
            "title": "\u90b0\u54e5\u5dee\u9ede11\u842c\u5c31\u51fa\u4e86\ud83d\ude06 #\u4e00\u65e5\u7cfb\u5217 #\u8abf\u89e3 #shorts"
        },
        {
            "id": "gVgu73Ip_bs",
            "title": "\u8def\u6cc1\u4e0d\u719f\uff0c\u9a0e\u932f\u65b9\u5411\ud83d\ude02 #\u4e00\u65e5\u7cfb\u5217 #\u8abf\u89e3 #shorts"
        },
        {
            "id": "7YFY7kaVhFg",
            "title": "\u300a\u4e00\u65e5\u7cfb\u5217\u7b2c\u4e8c\u767e\u96f6\u4e00\u96c6\u300b\u90b0\u667a\u6e90\u5e36\u8457\u6cf1\u6cf1\u8981\u53bb\u5e6b\u5fd9\u5225\u4eba\u8abf\u89e3\u7cfe\u7d1b\uff0c\u8abf\u89e3\u6703\u4e0a\u767c\u751f\u6fc0\u70c8\u885d\u7a81?!?! - \u4e00\u65e5\u8abf\u89e3\u59d4\u54e1"
        },
        {
            "id": "rxl91G5MltI",
            "title": "\u4e00\u65e5\u8abf\u89e3\u59d4\u54e1\u6436\u5148\u770b #shorts #\u90b0\u667a\u6e90 #\u6cf1\u6cf1 #\u4e00\u65e5\u7cfb\u5217"
        },
        {
            "id": "p-LWVKjkOrQ",
            "title": "\u6912\u5abd\u591a\u4e00\u500b\u80d6\u5152\u5b50~ #\u86c7\u4e38 #\u80e1\u6912 #\u6912\u5abd #\u7f8e\u98df #\u6599\u7406 #shorts"
        },
        {
            "id": "VuzFg0Sbg2I",
            "title": "\u53cd\u9999\u83dc\u5927\u968a\u9577\u51fa\u52d5!!! #\u9999\u83dc #\u90b0\u667a\u6e90 #\u6912\u5abd #\u7f8e\u98df #\u6599\u7406 #shorts"
        },
        {
            "id": "a7TrCGyJXpU",
            "title": "\u300a\u5abd\u5abd\u6211\u4f86\u4e86\u7b2c\u4e8c\u96c6\u300b\u90b0\u54e5\u70ba\u4e86\u6912\u5abd\u7684\u79c1\u623f\u6599\u7406\u76f4\u5954\u5c4f\u6771\uff01\u8207\u80e1\u6912\u3001\u86c7\u4e38\u66a2\u804a\u5167\u5fc3\u8a71 ft.\u80e1\u6912"
        },
        {
            "id": "HXjBqnh-2DE",
            "title": "\u5abd\u5abd\u6211\u4f86\u4e86\uff01\u6912\u5abd\u767b\u5834\uff5e #\u7f8e\u98df #\u80e1\u6912 #\u5927\u86c7\u4e38 #shorts"
        },
        {
            "id": "lT8-OUSbeUU",
            "title": "\u6211\u7684\u5929!!!\u73fe\u70e4\u73fe\u5403\u554a #\u4e00\u65e5\u7cfb\u5217 #\u725b\u4ed4 #\u7f8e\u570b #\u9ad4\u9a57 #shorts"
        },
        {
            "id": "nFQEIN-nANs",
            "title": "\u4ee5\u5f8c\u518d\u4e5f\u4e0d\u9a0e\u99acXDD \u8f9b\u82e6\u838e\u767d\u4e86 #\u4e00\u65e5\u7cfb\u5217 #\u725b\u4ed4 #\u7f8e\u570b #\u9ad4\u9a57 #shorts"
        },
        {
            "id": "3--oOZUa94c",
            "title": "\u91ce\u5764\u7684\u5bb6\u4e2d\u5730\u4f4d #\u4e00\u65e5\u7cfb\u5217 #\u725b\u4ed4 #\u7f8e\u570b #\u9ad4\u9a57 #shorts"
        },
        {
            "id": "iKBPFsmicaU",
            "title": "\u300a\u4e00\u65e5\u7cfb\u5217\u7b2c\u4e8c\u767e\u96c6\u300b\u4f86\u7f8e\u570b\u897f\u90e8\u7267\u5834\u5e25\u4e00\u6ce2\uff01\u9019\u4e09\u5929\u7684\u9ad4\u9a57\u592a\u5145\u5be6\u4e86\uff5e\u725b\u4ed4\u771f\u7684\u597d\u5fd9\u597d\u5fd9 - \u4e00\u65e5\u725b\u4ed4 feat. \u838e\u767d"
        },
        {
            "id": "5S1baLszXFo",
            "title": "\u4e00\u65e5\u725b\u4ed4\u6436\u5148\u770b #shorts #\u4e00\u65e5\u7cfb\u5217 #\u725b\u4ed4 #\u9a0e\u99ac"
        },
        {
            "id": "R-du5jQIhKE",
            "title": "\u770b\u65e5\u51fa\u4e5f\u8981\u5206\u4eab\u7d66\u8001\u5a46\ud83d\udc95 #\u6728\u66dc\u65c5\u884c\u8db4 #\u7f8e\u570b #\u65c5\u904a #\u5927\u5cfd\u8c37 #shorts"
        },
        {
            "id": "tTTiDrlyZYw",
            "title": "\u8d85\u5e7c\u7a1a\u7684\u4e00\u7fa4\u4eba\ud83d\ude06\ud83d\ude06\ud83d\ude06 #\u6728\u66dc\u65c5\u884c\u8db4 #\u7f8e\u570b #shorts"
        },
        {
            "id": "NcQgHsaE9bk",
            "title": "\u300a\u6728\u66dc\u65c5\u884c\u8db4EP2\u5927\u5cfd\u8c37\u300b\u6728\u66dc6\u4eba\u7f8e\u570b\u5408\u9ad4\uff01\u8ddf\u8457\u5d16\u4e0a\u306e\u8001\u4eba\u53bb\u770b\u5927\u5cfd\u8c37\uff5e"
        },
        {
            "id": "gFt2RiQOUew",
            "title": "\u5be6\u5f48\u5c04\u64ca\u6436\u5148\u770b #\u6728\u66dc\u65c5\u884c\u8db4 #\u5927\u5cfd\u8c37\u7bc7 #shorts"
        },
        {
            "id": "7CUc-OZP5Co",
            "title": "\u6a21\u578b\u904b\u9001\u5982\u679c\u88ab\u5f04\u65b7\u6703\u5f88\u75db\u554a\ud83d\ude2c #\u4e00\u65e5\u7cfb\u5217 #\u642c\u5bb6 #\u6a21\u578b #shorts"
        },
        {
            "id": "xmpJkeYKSRk",
            "title": "\u9019\u6211\u7d55\u5c0d\u662f\u4e82\u653e\u7136\u5f8c\u6253\u7d50... #shorts #\u4e00\u65e5\u7cfb\u5217 #\u642c\u5bb6 #\u98fe\u54c1 #\u6536\u7d0d"
        },
        {
            "id": "kaDhS1_pb88",
            "title": "\u300a\u4e00\u65e5\u7cfb\u5217\u7b2c\u4e00\u767e\u4e5d\u5341\u4e5d\u96c6\u300b\u642c\u5bb6\u5be6\u7fd2\u751f\u5831\u5230\uff01\u6253\u5305\u3001\u88dd\u7bb1\u3001\u642c\u904b\u500b10\u8eca\u6c92\u554f\u984c\u5427\uff5e\u86e4 - \u4e00\u65e5\u642c\u5bb6\u516c\u53f8 Ft.\u5c3c\u514b\u3001\u8463\u4ed4\u3001\u6728\u661f"
        },
        {
            "id": "B3-xU4NhDfw",
            "title": "\u6cf1\u6cf1\u70ba\u5927\u8c37\u7fd4\u5e73\u61c9\u63f4 #shorts #\u68d2\u7403 #\u5566\u5566\u968a #\u5927\u8c37\u7fd4\u5e73 #\u7f8e\u570b #\u65c5\u904a #\u6d1b\u6749\u78ef"
        },
        {
            "id": "ehvuxCbDec0",
            "title": "\ud83c\udf69\ud83c\udf69\ud83c\udf69 #shorts  #\u7f8e\u570b #\u65c5\u904a #\u6d1b\u6749\u78ef #\u751c\u751c\u5708"
        },
        {
            "id": "Cf3PALmS6rc",
            "title": "\u300a\u6728\u66dc\u65c5\u884c\u8db4EP1\u6d1b\u6749\u78ef \u300b\u90b0\u667a\u6e90\u5e36\u4e0a\u4e09\u5b6b\u5973\u5403\u7f8e\u98df\u3001\u770b\u7403\u8cfd\uff01\u66a2\u904a\u7f8e\u570b\u6d1b\u6749\u78ef\uff01"
        },
        {
            "id": "tnsTg-8_7og",
            "title": "\u963f\u516c\u7684\u5de6\u624b\u662f\u734e\u52f5  #shorts #\u4e00\u65e5\u7cfb\u5217 #\u90b0\u667a\u6e90 #\u4e18\u6db5 #\u91d1\u9b5a\u8166 #\u8b66\u72ac"
        },
        {
            "id": "VAW5BwugPh4",
            "title": "\u8b66\u72ac\u8a13\u7df4\uff1a\u8173\u5074\u96a8\u884c #shorts #\u4e00\u65e5\u7cfb\u5217 #\u90b0\u667a\u6e90 #\u4e18\u6db5 #\u91d1\u9b5a\u8166 #\u8b66\u72ac"
        },
        {
            "id": "4vweCvD4Kbg",
            "title": "\u300a\u4e00\u65e5\u7cfb\u5217\u7b2c\u4e00\u767e\u4e5d\u5341\u516b\u96c6\u300b \u6709\u904e\u9818\u72ac\u54e1\u7d93\u9a57\u7684\u90b0\u54e5\uff0c\u80fd\u5920\u9806\u5229\u5e36\u9818\u4e18\u6db5\u8ddf\u91d1\u9b5a\u8166\u52a0\u5165\u8b66\u72ac\u968a\u55ce??? - \u4e00\u65e5\u8b66\u72ac\u968a Ft.\u91d1\u9b5a\u8166\u3001\u4e18\u6db5"
        },
        {
            "id": "n9EAcITrWGY",
            "title": "\u4e00\u65e5\u8b66\u72ac\u6436\u5148\u770b!!! #shorts #\u8b66\u72ac #\u4e00\u65e5\u7cfb\u5217 #\u90b0\u667a\u6e90 #\u4e18\u6db5 #\u91d1\u9b5a\u8166"
        },
        {
            "id": "svBshfIIdgU",
            "title": "\u5b83\u5c31\u662f\u6709\u9999\u83dcXDD #shorts  #\u90b0\u667a\u6e90 #\u963f\u8fb0\u5e2b #\u9999\u83dc"
        },
        {
            "id": "l1PZEbxq1BI",
            "title": "\u6b38\uff5e\u6cd5\u570b\u4eba\u4e0d\u8981\u770b\ud83d\ude06#shorts #\u90b0\u667a\u6e90 #\u963f\u8fb0\u5e2b #\u6cd5\u570b #\u6587\u5316 #\u83dc\u55ae"
        },
        {
            "id": "dAeB9Yxpdfw",
            "title": "\u300a\u5abd\u5abd\u6211\u4f86\u4e86\u7b2c\u4e00\u96c6\u300b\u5168\u65b0\u55ae\u5143\uff01\u90b0\u54e5\u4f5c\u5ba2\u963f\u8fb0\u5e2b\u5bb6\u6e96\u5099\u4e00\u5690\u5bb6\u5e38\u597d\u624b\u85dd\uff01ft.\u963f\u8fb0\u5e2b"
        },
        {
            "id": "FeAlwQ_ViJE",
            "title": "\u8ab0\u624d\u662f\u4f30\u50f9\u738b!!! #shorts #\u4e00\u65e5\u7cfb\u5217 #\u90b0\u667a\u6e90 #\u5764\u9054 #KID #\u7f8e\u570b #\u623f\u5730\u7522"
        },
        {
            "id": "fGudv8JyslY",
            "title": "\u6469\u7faf\u5ea7\u5f88\u9069\u5408\u7576\u8001\u5a46\uff01#shorts #\u4e00\u65e5\u7cfb\u5217 #\u5764\u9054 #KID #\u90b0\u667a\u6e90 #\u7f8e\u570b #\u623f\u4ef2"
        },
        {
            "id": "LLjzhs4R3YE",
            "title": "\u300a\u4e00\u65e5\u7cfb\u5217\u7b2c\u4e00\u767e\u4e5d\u5341\u4e03\u96c6\u300b\u8dd1\u5230\u7f8e\u570b\u62cd\u4e00\u65e5\u53f0\u7a4d\u96fb\u7e8c\u96c6\uff01\uff1f\u5230\u5e95\u662f\u53bb\u7f8e\u570b\u7576\u623f\u4ef2\u9084\u662f\u770b\u623f\uff5e\u86e4\uff5e - \u4e00\u65e5\u7f8e\u570b\u623f\u4ef2 Ft.\u838e\u767d"
        },
        {
            "id": "kCxxJd0KBGU",
            "title": "\u4e00\u6b21\u6551\u4e09\u500b\u554a #shorts #\u4e00\u65e5\u7cfb\u5217 #\u6559\u53ec #\u6cf1\u6cf1 #\u90b0\u667a\u6e90"
        },
        {
            "id": "Xbpjtyuza6s",
            "title": "\u5831\u544a\uff01\u51fa\u73fe\u50b7\u60a3\uff5e\u9700\u8981\u7acb\u5373\u6b62\u8840 #shorts #\u4e00\u65e5\u7cfb\u5217 #\u6559\u53ec #\u6cf1\u6cf1 #\u90b0\u667a\u6e90"
        },
        {
            "id": "liOtZ0vldBU",
            "title": "\u300a\u4e00\u65e5\u7cfb\u5217\u7b2c\u4e00\u767e\u4e5d\u5341\u516d\u96c6\u300b\u570b\u8ecd\u7cfb\u5217\u53c8\u4f86\u5566!!\u90b0\u54e5\u6cf1\u6cf1\u5e36\u4f60\u4e86\u89e3\u6700\u65b0\u6559\u53ec\u6709\u591a\u7cbe\u5be6!! - \u4e00\u65e5\u6559\u53ec"
        },
        {
            "id": "UT14xXWBppc",
            "title": "DiamondDog\u51fa\u4efb\u52d9 #\u4e00\u500b\u5c4b\u7c37\u4e0b  #\u6df1\u5ea6\u6703\u54e1 #\u6bd4\u57fa\u5c3c"
        },
        {
            "id": "PqqX-48GDxA",
            "title": "\u91ce\u4eba\u4e5f\u6709\u771f\u60c5\u7684\u4e00\u9762 #shorts #\u4e00\u500b\u5c4b\u7c37\u4e0b #\u5cc7\u91cc\u5cf6 #\u65c5\u904a #\u6bd4\u57fa\u5c3c"
        },
        {
            "id": "BZv2UwPZQ60",
            "title": "\u8b8a\u8abf\u7684\u6d6e\u6f5b #shorts #\u4e00\u500b\u5c4b\u7c37\u4e0b #\u5cc7\u91cc\u5cf6 #\u65c5\u904a #\u6bd4\u57fa\u5c3c"
        },
        {
            "id": "ui7sSbhY8GA",
            "title": "\u6d77\u5cf6\u751f\u5b58\u6230\u4e4b\u5927\u5192\u96aa\u771f\u5fc3\u8a71\uff01\u5168\u9ad4\u7562\u696d\u751f\u5927\u54ed\uff5e\u3010\u4e00\u500b\u5c4b\u7c37\u4e0b\u3011\u5cc7\u91cc\u5cf6\u7bc7(\u4e0b)"
        },
        {
            "id": "xHeSUWbgp1E",
            "title": "\u83f1\u5f62\u4ea4\u63a5\u5927\u5931\u6557#shorts #\u4e00\u500b\u5c4b\u7c37\u4e0b#\u6f0f\u7db2\u93e1\u982d #\u5cc7\u91cc\u5cf6"
        },
        {
            "id": "u9cgFt-MsCI",
            "title": "\u54e5\u54e5\u5011\u8981\u52a0\u6cb9\u54e6(? #shorts #\u4e00\u500b\u5c4b\u7c37\u4e0b #\u5cc7\u91cc\u5cf6 #\u65c5\u904a #\u6bd4\u57fa\u5c3c"
        },
        {
            "id": "uoz4zdTiMeA",
            "title": "\u746a\u5229\u4e9e\u8207\u5979\u7684\u55ae\u69d3\u5bbf\u6575!! #shorts #\u4e00\u500b\u5c4b\u7c37\u4e0b #\u5cc7\u91cc\u5cf6 #\u6311\u6230"
        },
        {
            "id": "JO1RPDc_lX4",
            "title": "\u70ba\u4e86\u54c1\u5b50\u5b78\u59b9\u7684\u7562\u696d\u65c5\u884c\uff01\u5230\u5e95\u8f38\u5bb6\u597d\u9084\u662f\u8d0f\u5bb6\u597d\u5462\uff1f\u3010\u4e00\u500b\u5c4b\u7c37\u4e0b\u3011\u5cc7\u91cc\u5cf6\u7bc7 (\u4e0a)"
        },
        {
            "id": "I466_GqU_dI",
            "title": "\u5403\u8457\u5403\u8457~\u9054\u54e5\u7684\u7b11\u5bb9\u8d8a\u4f86\u8d8a\u50f5 \ud83e\udd23 #shorts #\u65e5\u672c #\u540d\u53e4\u5c4b #\u904a\u6232 #\u904b\u6c23"
        },
        {
            "id": "ur_DMJXhAPk",
            "title": "\u6cf1\u7d55\u5c0d\u662f\u9810\u8a00\u5bb6\u5427  #shorts #\u65e5\u672c #\u540d\u53e4\u5c4b #\u904a\u6232 #\u904b\u6c23"
        },
        {
            "id": "bZLsZ0nyRXc",
            "title": "\u300a\u4e0b\u73ed\u53bb\u5403\u98ef\u7b2c\u56db\u5341\u96c6\u300b\u6700\u5f37\u904a\u6232\u88fd\u4f5c\u4eba\u4f86\u5566\uff01\u71b1\u611b\u6c34\u65cf\u7bb1\u3001Candy Crush\u7684\u963f\u516c\uff0c\u6703\u8ddf\u5409\u7530\u6851\u64e6\u51fa\u4ec0\u9ebc\u706b\u82b1?!  feat. \u5409\u7530\u76f4\u6a39"
        },
        {
            "id": "C4hhQlg_xi0",
            "title": "\u300a\u6728\u66dc\u5728\u5e79\u561b\u300b\u5409\u535c\u529b\u6a02\u5712\u6709\u4ec0\u9ebc\u597d\u8cb7\u7684\uff1f+ \u7f8e\u98df\u5927\u4e82\u9b25\u7b2c\u4e8c\u5f48\uff1a\u540d\u53e4\u5c4b\u7bc7\uff5e\u547d\u904b\u9ab0\u5b50\u9ab0\u8d77\u4f86!!!"
        },
        {
            "id": "IacwyEmTwh4",
            "title": "\u9019\u7b97\u4e0d\u7b97\u662f\u4e00\u7a2e\"\u516c\u95dc\"\u5371\u6a5f #shorts #\u4e00\u65e5\u7cfb\u5217 #\u7f85\u862d #\u516c\u95dc"
        },
        {
            "id": "hMoLtKKTLZ4",
            "title": "\u6240\u6709\u65b0\u4eba\u90fd\u662f\u5f9e\u6253\u6383\u958b\u59cb! #shorts #\u4e00\u65e5\u7cfb\u5217 #\u7f85\u862d #\u516c\u95dc"
        },
        {
            "id": "IfLxZiH-mNQ",
            "title": "\u300a\u4e00\u65e5\u7cfb\u5217\u7b2c\u4e00\u767e\u4e5d\u5341\u4e94\u96c6\u300b\u90b0\u667a\u6e90\u3001\u5764\u9054\u8d70\u8df3\u6b4c\u821e\u4f0e\u753a\uff5e\u4e00\u65e5\u7f85\u862d-\u7537\u516c\u95dc\u4ff1\u6a02\u90e8\u6311\u6230 Ft. @therolandshow1960 \uff11\u65e5ROLAND \u30db\u30b9\u30c8\u306b\u6311\u6226"
        },
        {
            "id": "nvy-hPoH35Q",
            "title": "\u746a\u5229\u4e9e : \u4eca\u5929\u7684\u5de5\u4f5c\u5f88\u8352\u8b2c\u8036.... #shorts #\u963f\u90e8\u746a\u5229\u4e9e #\u6728\u66dc4\u8d85\u73a9  #\u9b3c\u6ec5\u306e\u5203"
        },
        {
            "id": "DKFY5XaavDE",
            "title": "\u746a\u5229\u4e9e\u6851\u4e00\u6b21\u6210\u529f!!! (\u8ab0\u624d\u662f\u5e2b\u5085\u5440XDD) #shorts #\u4e00\u65e5\u7cfb\u5217 #\u65e5\u672c #\u9444\u9435\u934b"
        },
        {
            "id": "RNAw_6W1yaA",
            "title": "\u8001\u4eba\u5012\u8336\u554a?!!\ud83d\ude06 #shorts #\u4e00\u65e5\u7cfb\u5217 #\u65e5\u672c #\u9444\u9435\u934b"
        },
        {
            "id": "4RTHQfyZLtw",
            "title": "\u300a\u4e00\u65e5\u7cfb\u5217\u7b2c\u4e00\u767e\u4e5d\u5341\u56db\u96c6\u300b\u963f\u90e8\u8ddf\u8457\u963f\u516c\u548c\u71b1\u611b1500\u00b0C\u7684\u9435\u6c34\u4f86\u505a\u934b\u5b50\u5566 - \u4e00\u65e5\u743a\u746f\u9444\u9435\u934b"
        },
        {
            "id": "tSleHfJH0no",
            "title": "\u7576\u7f8e\u570b\u864e\u5abd\u9047\u4e0a\u81fa\u7063\u6559\u80b2\u3000#shorts #\u838e\u767d #\u6559\u80b2"
        },
        {
            "id": "Cra-wtJLLJY",
            "title": "\u9019\u544a\u767d\u7684\u6642\u9593\u9ede...\ud83d\ude06 #shorts #\u838e\u767d #\u6200\u611b #\u544a\u767d #\u611f\u60c5"
        },
        {
            "id": "4Oqb4dgbr78",
            "title": "\u300a\u6728\u66dc\u5728\u5e79\u561b\u300b\u86e4\uff5e\u593e\u5a03\u5a03\u6280\u8853\u5927\u7206\u767c\u5566\uff01\u8ddf\u8457\u5927\u5e2b\u6e96\u5099\u4f86\u65e5\u672c\u6e05\u53f0\uff1f\uff01 feat. \u8349\u723a"
        },
        {
            "id": "YTV9xkCHOQw",
            "title": "\u300a\u4e0b\u73ed\u53bb\u5403\u98ef\u7b2c\u4e09\u5341\u4e5d\u96c6\u300b\u53f0\u7063\u7537\u751f\u9019\u6a23\u8ffd\u7f8e\u570b\u5973\u751f\uff1f\uff01\u8d85\u65b0\u62db\u8b93\u963f\u516c\u7b11\u5230\u4e0d\u884c\uff01 feat. \u838e\u767d"
        },
        {
            "id": "fIlCYEAiWVI",
            "title": "\u5e25\u4e0d\u904e5\u79d2\u7684NG\u82b1\u7d6e\ud83d\ude06 #shorts #\u82b1\u7d6e #\u963f\u90e8\u746a\u5229\u4e9e"
        },
        {
            "id": "6CMYSTD-qB8",
            "title": "\u5e74\u7d00\u5927\u5e7e\u6b72\u53ef\u4ee5\uff1f\u3000\uff08\u4ec0\u9ebc\uff1e\uff1c\u90fd\u4e0d\u53ef\u4ee5\uff01\uff09 #\u6700\u7f8e\u91cc\u9577 #\u4e00\u65e5\u7cfb\u5217 #\u91cc\u9577 #shorts"
        },
        {
            "id": "_4mZAQmkNZk",
            "title": "\u91cc\u9577\u6709\u85aa\u6c34\u55ce\uff1f #\u6700\u7f8e\u91cc\u9577 #\u4e00\u65e5\u7cfb\u5217 #\u91cc\u9577 #shorts"
        },
        {
            "id": "hA0gwjI4Sqs",
            "title": "\u300a\u4e00\u65e5\u7cfb\u5217\u7b2c\u4e00\u767e\u4e5d\u5341\u4e09\u96c6\u300b\u4f86\u627e\u300c\u6700\u7f8e\u91cc\u9577\u300d\u7d2b\u6e1d\u5566\uff01\u5e36\u90b0\u54e5\u4e00\u8d77\u4e86\u89e3\u5730\u65b9\u5927\u5c0f\u4e8b - \u4e00\u65e5\u91cc\u9577"
        },
        {
            "id": "7W4W11jLtRk",
            "title": "\u708e\u708e\u590f\u65e5\u8b93\u62c9\u9eb5\u4f9d\u7136\u6e05\u723d\u7f8e\u5473! #\u6728\u66dc4\u8d85\u73a9 #\u6728\u66dc\u62c9\u9eb5 #\u4e00\u65e5\u88fd\u9eb5 #\u901b\u901b\u9ea5\u5361\u8c9d"
        },
        {
            "id": "xyG18PBbwoU",
            "title": "\u597d\u4e0d\u597d\u7528\u73fe\u5834\u6e2c\u8a66\u7d66\u4f60\u770b! \uff03\u901b\u901b\u9ea5\u5361\u8c9d \uff03\u963f\u90e8\u746a\u5229\u4e9e"
        },
        {
            "id": "CCIipMfX-hA",
            "title": "\u9019\u662f\u514d\u8cbb\u53ef\u4ee5\u770b\u7684\u55ce!? #\u901b\u901b\u9ea5\u5361\u8c9d #vtex\u9632\u6c34\u978b #\u6cf1\u6cf1"
        },
        {
            "id": "ykl5PwtS9e0",
            "title": "\u7238\u5abd\u9a19\u5c0f\u5b69\u7684\u62db\ud83d\ude06\u5510\u7f8e\u96f2\u8e0f\u5165\u6b4c\u4ed4\u6232\u7684\u5951\u6a5f  #\u6b4c\u4ed4\u6232 #\u5510\u7f8e\u96f2 #shorts"
        },
        {
            "id": "n0NYGmqK-98",
            "title": "\u300a\u4e0b\u73ed\u53bb\u5403\u98ef\u7b2c\u4e09\u5341\u516b\u96c6\u300b\u963f\u5f4c\u9640\u4f5b\uff01\u6cd5\u559c\u5145\u6eff\u7684\u4e00\u96c6\u2764\ufe0f\u6b4c\u4ed4\u6232\u5927\u524d\u8f29\u4e00\u4f86\u76f4\u63a5\u8b93\u8001\u4eba\u6c92\u8fa6\u6cd5\u86e4\uff5e\uff01 feat. \u5510\u7f8e\u96f2"
        },
        {
            "id": "3a92h6i1vpc",
            "title": "\u6709\u4e9b\"\u597d\u6771\u897f\"\u8981\u8ddf\u4f60\u5011\u5206\u4eab\uff01"
        },
        {
            "id": "EfnRBvvDXqw",
            "title": "\u6211\u63a8\u7684\u4ee3\u8a00\u4eba~\u96c6\u7d50!! 6/29 19:00 \u5230\u6728\u66dc\u983b\u9053\u76f4\u64ad\u4e00\u8d77\u505a\u4f19\u6253\u62fc!!"
        },
        {
            "id": "UtVl-Y-lXgg",
            "title": "\u70ba\u4ec0\u9ebc\u8981\u6709\u982d\u7b49\u8259\uff1f #shorts #\u822a\u7a7a\u696d #\u4e0b\u73ed\u53bb\u5403\u98ef #\u90b0\u667a\u6e90 #\u6cf1\u6cf1 #\u99ac\u4f86\u897f\u4e9e #\u6ab3\u57ce #K\u8463"
        },
        {
            "id": "RaRpmRJ2Ajg",
            "title": "\u300a\u4e0b\u73ed\u53bb\u5403\u98ef\u7b2c\u4e09\u5341\u4e03\u96c6\u300bK\u8463\u4f86\u4e86\uff01\u822a\u7a7a\u696d\u7684\u7591\u554f\u4e00\u6b21\u554f\uff5e\u90b0\u667a\u6e90\u3001\u6cf1\u6cf1\u4e00\u8d77\u98db\u5230\u6ab3\u57ce\u76e1\u60c5\u5403\u559d\u73a9\u6a02\uff01feat. K\u8463"
        },
        {
            "id": "q2a_e4V0eaI",
            "title": "\u60f3\u7576\u6ed1\u96ea\u6559\u7df4\u7684\u539f\u56e0 #shorts #\u4e00\u65e5\u7cfb\u5217 #\u6ed1\u96ea"
        },
        {
            "id": "4yfZpqBxwkY",
            "title": "\u65e5\u672c\u7684\u96ea\u592a\u6ed1\u4e86\u561b!!!  #shorts #\u4e00\u65e5\u7cfb\u5217 #\u6ed1\u96ea #\u65e5\u672c"
        },
        {
            "id": "3B5YUuZuaFw",
            "title": "\u300a\u4e00\u65e5\u7cfb\u5217\u7b2c\u4e00\u767e\u4e5d\u5341\u4e8c\u96c6\u300b\u90b0\u667a\u6e90\u8981\u6311\u6230\u6ed1\u96ea\u9078\u624b?!\u5764\u9054\u6311\u6230\u6293\u677f\u8df3\uff0c\u5e25\u5230\u7206!!!- \u4e00\u65e5\u6ed1\u96ea\u9078\u624b"
        },
        {
            "id": "L9y8dBl0igA",
            "title": "\u6df1\u5ea6\u6703\u54e1\u9650\u5b9a - \u91cd\u6a5f\u8003\u7167\u5168\u7d00\u9304 #\u6728\u66dc4\u8d85\u73a9 #shorts #\u4e00\u65e5\u7cfb\u5217 #\u91cd\u6a5f #\u6df1\u5ea6\u6703\u54e1"
        },
        {
            "id": "GXnECO4D2AI",
            "title": "\u4e00\u5b9a\u6709\u4e00\u500b\u5c08\u9580\u9867\u5305\u5305\u7684 \u904a\u6a02\u5712\u5de5\u5177\u4eba(?)  #shorts #\u6728\u66dc4\u8d85\u73a9 #\u65e5\u672c #\u6a6b\u6ff1 #\u904a\u6a02\u5712"
        },
        {
            "id": "p1FhlXSGdvI",
            "title": "\u300a\u963f\u516c\u903c\u9732\u845bSP1+1\u300b\u963f\u516c\u6cf1\u6cf1\u5e36\u4f60\u5403\u6ab3\u57ce\uff0c\u6728\u66dc\u91d1\u525b4+1\u73a9\u7206\u6a6b\u6ff1!!! - \u6ab3\u57ce\u7bc7+\u6a6b\u6ff1&\u6c5f\u4e4b\u5cf6\u7bc7"
        },
        {
            "id": "PGid8dIfY5g",
            "title": "\u4eba\u9ad4\u5074\u67f1 #shorts #\u4e00\u65e5\u7cfb\u5217 #\u91cd\u6a5f #\u65e5\u672c #\u81ea\u99d5\u904a"
        },
        {
            "id": "vwphX47Xvgk",
            "title": "\u300a\u4e00\u65e5\u7cfb\u5217\u7b2c\u4e00\u767e\u4e5d\u5341\u4e00\u96c6\u300b\u521d\u751f\u4e4b\u72a2\u4e0d\u754f\u864e!!\u91cd\u6a5f\u9a0e\u5230\u65e5\u672c\u4f86!!\u90b0\u54e5\u9054\u54e5\u5e36\u8457\u5c0f\u5764\u9054\u8521\u54e5\u53ca\u6eab\u6cf1\u904a\u65e5\u672c!!- \u4e00\u65e5\u91cd\u6a5f2"
        },
        {
            "id": "sk8Ojv85WPY",
            "title": "\u8b1d\u76c8\u8431\u5679\u90b0\u54e5\uff1a\u4ed6\u6bcf\u6b21\u90fd\u53d7\u50b7\uff01 #shorts #\u8b1d\u76c8\u8431 #\u6728\u66dc\u904b\u52d5\u6703"
        },
        {
            "id": "I9zx8-8JKME",
            "title": "\u300a\u4e0b\u73ed\u53bb\u5403\u98ef\u7b2c\u4e09\u5341\u516d\u96c6\u300b\u76c8\u8431\u73fe\u5834\u76f4\u63a5\u8a55\u8ad6\u90b0\u54e5\u6f14\u6280\uff01\u8001\u4eba\u7981\u5f97\u8d77\u5287\u5834\u5973\u795e\u9019\u6a23\u3109\u3127\u3124\u55ce...\uff01\uff1f feat. \u8b1d\u76c8\u8431"
        },
        {
            "id": "WvuYJUBZuJk",
            "title": "\u300a\u4e00\u65e5\u7cfb\u5217\u7b2c\u4e00\u767e\u4e5d\u5341\u96c6\u300b57\u6b72\u5c0d\u4e0a17\u6b72\uff1f\uff01\u63ea\u8001\u53cb\u91cd\u6eab\u5e74\u5c11\u56de\u61b6\uff5e\u71b1\u8840\u5927\u53d4\u5011\u7528\u611b\u570b\u5fc3\u885d\u5411\u9054\u9663\u7dda - \u4e00\u65e5\u6a44\u6b16\u7403\u54e1"
        },
        {
            "id": "KMk8bCu_aMc",
            "title": "\u9019\u6a23\u771f\u7684ok\u7239\u65af\u560e? #shorts #\u65e5\u672c #\u5ee3\u5cf6\u71d2"
        },
        {
            "id": "TCjb8VjLJiI",
            "title": "\u8acb\u554f\u4f60\u8981\u5207\u591a\u4e45 #shorts #\u65e5\u672c #\u5ee3\u5cf6\u71d2"
        },
        {
            "id": "sbWl-sGnRnA",
            "title": "\u300a\u4e00\u65e5\u7cfb\u5217\u7b2c\u4e00\u767e\u516b\u5341\u4e5d\u96c6\u300b\u518d\u6b21\u6c7a\u6230\uff5e\u6311\u6230\u9053\u5730\u5ee3\u5cf6\u71d2\uff01\u9019\u6b21\u8b9318\u4f4d\u9955\u5ba2\u8a55\u6e2c\u8ab0\u624d\u662f\u6728\u66dc\u6700\u5f37\u738b\u8005 - \u4e00\u65e5\u5ee3\u5cf6\u71d2"
        },
        {
            "id": "tk2fVEZwfJM",
            "title": "\u300a\u963f\u516c\u903c\u9732\u845bSP1+1\u300b\u90b0\u54e5\u5e36\u8457\u6cf1\u6cf1\u3001\u963f\u90e8\u746a\u5229\u4e9e+\u963f\u4e2d\u7684\u5ee3\u5cf6\u5927\u5192\u96aa\uff01-\u5ee3\u5cf6\u7bc7\uff08 \u8ddf\u8457\u963f\u4e2d\u53bb\u65c5\u884c+\u5433\u5e02\u7f8e\u98df\u5927\u4e82\u9b25\uff09"
        },
        {
            "id": "88zcx049efo",
            "title": "\u300a\u4e00\u65e5\u7cfb\u5217\u7b2c\u4e00\u767e\u516b\u5341\u516b\u96c6\u300b\u4eca\u665a\u4e0d\u8b93\u4f60\u56de\u5bb6\uff5e\u7d42\u65bc\u7b49\u5230\u90b0\u54e5\u6700\u611b\u6e05\u9152 \uff5e\u4e00\u65e5\u65e5\u672c\u6e05\u9152\u91c0\u9020-\u6728\u9670\u4e4b\u9b5a"
        },
        {
            "id": "d5Y3JmM_EzU",
            "title": "\u300a\u4e00\u65e5\u7cfb\u5217\u7b2c\u4e00\u767e\u516b\u5341\u4e03\u96c6\u300b\u90b0\u9756\u521d\u767b\u5834\uff01\u8001\u7238\u4e0d\u61c2\u7684\u5152\u5b50\u4f86\uff01\u90b0\u54e5\u6cf1\u6cf1\u5e36\u4f60\u770b\u6700\u72c2\u798f\u5229\uff01-\u4e00\u65e5\u53f0\u7a4d\u96fb"
        }
    ]
}