{
    "channel": {
        "title": "\u557e\u557e\u978b",
        "id": "UCIF_gt4BfsWyM_2GOcKXyEQ",
        "customUrl": "@chuchushoetw",
        "uploads": "UUIF_gt4BfsWyM_2GOcKXyEQ"
    },
    "videos": [
        {
            "id": "Wh3TPSE88ko",
            "title": "\u53bb\u5317\u6d77\u9053\u9047\u5230\u5341\u500d\u96ea\u87f2\u707d\ud83d\ude31 \u60f3\u5403\u7684\u9910\u5ef3\u6c92\u958b\uff0c\u610f\u5916\u767c\u73fe\u8d85\u795e\u96b1\u85cf\u5bf6\u85cf\u5e97\ud83d\ude0b\ud83c\uddef\ud83c\uddf5"
        },
        {
            "id": "kodm9vwfWn0",
            "title": "\u65e5\u672c\u6d77\u8cca\u738b\u522e\u522e\u6a02\uff01\u6700\u5927\u734e1000\u842c\ud83e\udd11\ud83e\udd11\ud83e\udd11"
        },
        {
            "id": "d8pwflkVx5A",
            "title": "\u3010\u5341\u9031\u5e74\u4f01\u5283\u3011\u56de\u5230\u5341\u5e74\u524d\u7b2c\u4e00\u6b21\u62cd\u7247\u7684\u5927\u5b78\u5bbf\u820d\u62cd\u7247\u5427\uff01"
        },
        {
            "id": "PZTStKGS6Jc",
            "title": "\u5317\u6d77\u9053\u7684\u300c\u5341\u500d\u96ea\u87f2\u300d\u6709\u591a\u6050\u6016\ud83d\ude31\ud83d\ude31\ud83d\ude31 #shorts #\u5317\u6d77\u9053 #\u96ea"
        },
        {
            "id": "Qu3UkIWyjao",
            "title": "\u4e00\u9593\u7336\u592a\u88d4\u4e09\u5144\u5f1f\u958b\u7684\u7834\u5e03\u5e97\uff0c\u5982\u4f55\u6416\u8eab\u4e00\u8b8a\u6210\u70ba\u5168\u7403\u73a9\u5177\u696d\u5de8\u982d\uff1f\uff5c\u5de8\u982d\u7684\u8d77\u6e90\uff5c\u557e\u557e\u978b"
        },
        {
            "id": "Dn-2srP-CPU",
            "title": "\u70ba\u4ec0\u9ebc\u300c\u9b3c\u300d\u5c31\u61c9\u8a72\u662f\u900f\u660e\u7684\uff1f"
        },
        {
            "id": "SOTjhswhVcE",
            "title": "\u4f86\u81ea\u5370\u5c3c\u7684\u54c1\u9152\u5929\u624d\uff0c\u7adf\u5229\u7528\u81ea\u5df1\u7684\u5929\u8ce6\u88fd\u9020\u5047\u9152\uff0c\u8cfa\u9032\u6578\u5343\u842c\u7f8e\u5143\uff01\uff5c\u557e\u557e\u978b"
        },
        {
            "id": "TfSTgN_5sZo",
            "title": "\u79d1\u5b78\u7814\u7a76\u767e\u6b72\u4eba\u745e\u7684\u8eab\u9ad4\uff0c\u767c\u73fe\u8207\u666e\u901a\u4eba\u6700\u5927\u7684\u4e0d\u540c\u4e4b\u8655\uff01"
        },
        {
            "id": "RiuQnRbns0U",
            "title": "\u7f8e\u570b\u53f2\u4e0a\u6700\u5927\u898f\u6a21\u500b\u8cc7\u7aca\u76dc\u6848\uff01\u4e00\u4eba\u5c0d\u6297FBI\u81e5\u5e95\u8207\u5404\u8def\u99ed\u5ba2\u7684\u300c\u99ed\u5ba2\u4e4b\u738b\u300d\uff01"
        },
        {
            "id": "FHfG5Z2AQqs",
            "title": "\u3010\u6700\u65b0\u6d88\u606f\u3011\u50b3\u8aaa\u4e2d\u7684\u5e38\u6eab\u8d85\u5c0e\u9ad4\uff0c\u73fe\u5728\u9032\u5ea6\u600e\u9ebc\u6a23\u4e86\uff1f"
        },
        {
            "id": "7Sr65OdO3Jo",
            "title": "\u5e38\u6eab\u5e38\u58d3\u8d85\u5c0e\u9ad4\u554f\u4e16\uff01\uff1f\u97d3\u570b\u79d1\u5b78\u5bb6\u6700\u65b0\u7814\u7a76\uff01\u4eba\u985e\u5373\u5c07\u51fa\u73fe\u5168\u65b0\u79d1\u6280\u6a39\uff01"
        },
        {
            "id": "bvMBsyrkauo",
            "title": "\u4f60\u6709\u6253\u904e\u55ce\uff1fAZ\u5982\u4f55\u5f9e\u4e00\u9593\u745e\u5178\u5c0f\u85e5\u5ee0\uff0c\u7d93\u6b77\u7834\u7522\u5f8c\u6d74\u706b\u91cd\u751f\uff0c\u6210\u70ba\u4e16\u754c\u751f\u7269\u88fd\u85e5\u7684\u5de8\u982d\uff01\uff5c\u5de8\u982d\u7684\u8d77\u6e90\uff5c\u557e\u557e\u978b"
        },
        {
            "id": "5SSnC9COzl8",
            "title": "\u7334\u5b50\u5c04\u6c23\u7403\u80fd\u73a9\u6210\u9019\u6a23!? \u5f9e\u982d\u5230\u5c3e\u770b\u4e0d\u5230\u4e00\u9846\u6c23\u7403!!\uff5c\u795e\u626f\u96fb\u73a9\uff5c\u557e\u557e\u978b"
        },
        {
            "id": "iqrGNOCp5Cg",
            "title": "\u9023\u5b9a\u5b58\u90fd\u53ef\u4ee5\u9a19\u523080\u5104\u7f8e\u5143\uff01\u50c5\u6b21\u65bc\u99ac\u591a\u592b\u7684\u9f90\u6c0f\u9a19\u5c40\u4e4b\u738b\uff01\u53f2\u4e39\u4f5b\u91d1\u878d\u96c6\u5718\u8a50\u9a19\u6848"
        },
        {
            "id": "I-asoKsZjHs",
            "title": "\u770b\u4f3c\u5e73\u51e1\u7684\u4e2d\u5e74\u5927\u53d4\uff0c\u53ea\u6191\u4e00\u4eba\u72af\u4e0b\u65b0\u52a0\u5761\u53f2\u4e0a\u6700\u9ad8\u91d1\u984d\u5546\u696d\u8a50\u6b3a\u6848\uff01"
        },
        {
            "id": "QHcbfiqT6Jc",
            "title": "\u4e00\u7a2e\u6f5b\u85cf\u5728\u4f60\u8a18\u61b6\u6df1\u8655\u7684\u8a2d\u8a08\u98a8\u683c\uff0dFrutiger Aero\uff5c\u557e\u557e\u978b"
        },
        {
            "id": "MntW10-wrVY",
            "title": "\u6574\u7406\u623f\u9593\u7d50\u679c\u767c\u73fe\u4e00\u5806\u4e2d\u4e8c\u56de\u61b6\u2026"
        },
        {
            "id": "vYgMcxgqUEU",
            "title": "\u752825\u842c\u8b93AI\u5e6b\u6211\u8cb7\u80a1\u7968\uff01ChatGPT\u6311\u7684\u80a1\u7968\u6703\u8cfa\u9322\u55ce\uff01\uff1f\uff5c\u760b\u72c2\u97ed\u5bae\u683c \u7b2c\u4e09\u5f48\uff5c\u557e\u557e\u978b"
        },
        {
            "id": "IaC-Js3oHsw",
            "title": "\u9019\u90e8\u5f71\u7247\u6bd4\u300c\u51a0\u5e0c\u963f\u5317\u300d\u5c0d\u6bd4\u5716\u9084\u8981\u72e0..."
        },
        {
            "id": "etB3rKPFX7s",
            "title": "\u5275\u696d\u9084\u9806\u4fbf\u6c42\u5a5a\u7684\u5947\u8469\uff0c\u662f\u5982\u4f55\u6253\u9020\u98a8\u9761\u5168\u7403\u7684\u80cc\u5305\u5e1d\u570b\uff1f\uff5cJanSport\uff5c\u5de8\u982d\u7684\u8d77\u6e90"
        },
        {
            "id": "zOAdGYcjo28",
            "title": "\u7d0d\u8c46\u9020\u578b\u62fc\u5716\uff1f\u53ea\u6709\u516d\u7247\u62fc\u8d77\u4f86\u6703\u5f88\u96e3\u55ce\uff1f\uff5c\u557e\u4f86\u8a66\u8a66\uff5c\u557e\u557e\u978b"
        },
        {
            "id": "fMpt4T90Wwk",
            "title": "\u300a\u5766\u514b\u5927\u6230\u300b\u4e16\u754c\u7d00\u9304\uff01\u9019\u6b3e\u904a\u6232\u7684\u524d\u8eab\u8207\u7e8c\u4f5c\u53c8\u6709\u54ea\u4e9b\uff1f| Battle City | \u795e\u626f\u96fb\u73a9 | \u557e\u557e\u978b"
        },
        {
            "id": "Wz96__iXXYI",
            "title": "\u8077\u696d\u683c\u9b25\u9078\u624b\u6253\u6795\u982d\u4ed7\u6703\u662f\u4ec0\u9ebc\u5834\u9762\uff1f#shorts"
        },
        {
            "id": "hlQJE2pCa1o",
            "title": "\u8db3\u7403\uff0b\u684c\u7403\uff1d\uff1f #shorts"
        },
        {
            "id": "hCRd2Ko2GCE",
            "title": "\u70ba\u4ec0\u9ebc\u745e\u5178\u7684\u591c\u5e97\u4e0d\u80fd\u96a8\u4fbf\u8df3\u821e\uff1f#shorts"
        },
        {
            "id": "gaiaKtJVnu4",
            "title": "\u4f60\u89ba\u5f97\u6709\u6e96\u55ce\uff1f\u53f0\u7063\u5e78\u798f\u6307\u6578\u6392\u540d27\u3001\u65e5\u672c\u7b2c47\u3001\u9999\u6e2f\u7b2c82\uff0c\u7b2c1\u540d\u8ddf\u588a\u5e95\u7684\u662f\u2026\uff1f\uff5c\u557e\u557e\u978b"
        },
        {
            "id": "k0C3fub6ewk",
            "title": "\ud83d\udd34 \u90fd\u7d66\u6211\u8dd1\u8d77\u4f86\uff01\u8dd1\u8dd1\u5361\u4e01\u8eca\uff1a\u98c4\u79fb Season 1\u9032\u884c\u4e2d\uff0c\u767b\u5165\u904a\u6232\u9818\u53d6\u514d\u8cbb\u4fdd\u6642\u6377\u8eca\uff01"
        },
        {
            "id": "OWLHGtqI8LA",
            "title": "\u300c\u557e\u557e\u978b\u300d\u76f4\u64ad"
        },
        {
            "id": "dEBV_s46QWI",
            "title": "\u6234\u96fb\u5b50\u8173\u9410\u9084\u80fd\u6436\u9280\u884c!? #shorts"
        },
        {
            "id": "zG-3HLl8k_k",
            "title": "\u4e0d\u5230\u4e00\u5e74\u5c31\u5f9e\u8352\u5730\u5230\u5b8c\u5de5\uff01\u958b\u5e55\u7576\u5929\u5927\u51fa\u5305\uff1f\u8fea\u58eb\u5c3c\u6a02\u5712\u5275\u7acb\u904e\u7a0b\u7684\u760b\u72c2\u6b77\u53f2\uff01\uff5c\u5de8\u982d\u7684\u8d77\u6e90"
        },
        {
            "id": "L6xatZ_aEnQ",
            "title": "\u525b\u5230\u65b0\u52a0\u5761\u5c31\u8ff7\u8def\u5169\u5c0f\u6642\ud83c\uddf8\ud83c\uddec \u6975\u9650\u8d70\u5b8c\u5fc5\u53bb\u5fc5\u5403\u666f\u9ede\uff01\u4e00\u9910\u5c45\u7136\u82b1\u4e86\u5feb\u4e00\u842c\u584a \ud83d\ude31"
        },
        {
            "id": "Dg6I4oKpxrQ",
            "title": "\u7528\u4eba\u8166\u7d44\u6210\u96fb\u8166!? \u6700\u65b0\u7814\u7a76\u767c\u73fe\u904b\u7b97\u6548\u7387\u53ef\u80fd\u8d85\u8d8aAI\uff01"
        },
        {
            "id": "hsDcKVZV3Yw",
            "title": "AI\u81ea\u52d5\u751f\u6210\u7684\u7bc0\u76ee\uff0c\u5230\u5e95\u90fd\u55d1\u4e86\u4ec0\u9ebc..."
        },
        {
            "id": "DJKVTiyV5BI",
            "title": "\u4e0d\u5230\u4e00\u79d2\u5c31\u904e\uff01Crossy Road\u4e16\u754c\u7d00\u9304\u53ef\u4ee5\u98c6\u5230\u591a\u5feb!?\uff5c\u5929\u5929\u904e\u99ac\u8def Speedrun"
        },
        {
            "id": "jH-9GZqInXU",
            "title": "\u661f\u671f\u4e00\u75c7\u5019\u7fa4 #shorts"
        },
        {
            "id": "_AJs29HdaXI",
            "title": "\u8ca1\u52d9\u58d3\u529b\u6703\u8b93\u4eba\u667a\u5546\u964d\u4f4e\uff1f#shorts"
        },
        {
            "id": "7IiVaPta4tE",
            "title": "\u50b3\u8aaa\u4e2d\u7684\u300c\u98db\u6a5f\u58b3\u5834\u300d#shorts"
        },
        {
            "id": "jSnfT3YAf4s",
            "title": "\u5c08\u9580\u53eb\u4eba\u8d77\u5e8a\u7684\u8077\u696d\uff1f#shorts"
        },
        {
            "id": "yhOFXUDAS6M",
            "title": "\u96f6\u661f\u7d1a\u65c5\u9928\uff1f#shorts"
        },
        {
            "id": "8A-fhAXDvfg",
            "title": "\u7f75\u9ad2\u8a71\u53ef\u4ee5\u6e1b\u5c11\u75bc\u75db\u611f\uff1f#shorts"
        },
        {
            "id": "9L6uTxf23sg",
            "title": "\u5230\u8655\u90fd\u662f\u6bdb\uff01#shorts"
        },
        {
            "id": "JEkvTGuQcLM",
            "title": "\u5403\u98ef\u770b\u96fb\u8996\u6703\u66f4\u5bb9\u6613\u80d6\u55ce\uff1f#shorts"
        },
        {
            "id": "fhyUJDz0GGM",
            "title": "\u9001\u79ae\u7269\u7d66\u5bf5\u7269\u6bd4\u9001\u4eba\u5feb\u6a02\uff1f#shorts"
        },
        {
            "id": "iU8zYvk67RQ",
            "title": "\u53f0\u7063\u7684\u5c0d\u9762\u662f\u4ec0\u9ebc\uff1f#shorts"
        },
        {
            "id": "g33qczBNdfA",
            "title": "\u5b8c\u7f8e\u9084\u539f\u6d77\u7dbf\u5bf6\u5bf6\u300c\u96fb\u9c3b\u548c\u5347\u5929\u96fb\u68af\u300d"
        },
        {
            "id": "dg3FfoaE5Xs",
            "title": "\u6d77\u7dbf\u5bf6\u5bf6\u300c\u96fb\u9c3b\u548c\u5347\u5929\u96fb\u68af\u300d\u5be6\u9ad4\u684c\u904a\uff01\u5b8c\u7f8e\u9084\u539f\u5361\u901a\u6a4b\u6bb5\uff01ft.\u8ce4\u8446.\u54c1\u5b50.\u677e\u9f20"
        },
        {
            "id": "bUONAdUShI4",
            "title": "\u5982\u679cAI\u6c7a\u5b9a\u53c3\u9078\u7e3d\u7d71\uff0c\u5b83\u6703\u63d0\u51fa\u4ec0\u9ebc\u653f\u898b\uff1f"
        },
        {
            "id": "1gMZ5JIK1o0",
            "title": "\u9ede\u9905\u4e7e\u904a\u6232\u4e16\u754c\u7d00\u9304\uff01\u73a9\u516b\u5c0f\u6642\u624b\u6307\u771f\u7684\u4e0d\u6703\u65b7\u6389\u55ce\uff1f \uff5cCookie Clicker"
        },
        {
            "id": "_vsre0XPPo0",
            "title": "\u4fc4\u7f85\u65af\u65b9\u584a\u5df2\u6b7b...? 2022\u4e16\u754c\u5927\u8cfd\u5230\u5e95\u767c\u751f\u4e86\u4ec0\u9ebc\u4e8b?"
        },
        {
            "id": "MhfwZ5obSJE",
            "title": "\u4e16\u754c\u76c3\u734e\u76c3\u7aca\u76dc\u6848\uff5c\u557e\u557e\u978b"
        },
        {
            "id": "FrhNvGVZ7tM",
            "title": "\u4f86\u81ea\u6ce2\u862d\u7684\u76dc\u7248\u904a\u6232\u5c0f\u8ca9\uff0c\u5982\u4f55\u7ffb\u8eab\u70ba\u6ce2\u862d\u5e02\u503c\u6700\u5927\u7684\u516c\u53f8\uff01\uff5cCD Projekt\u767c\u8de1\u53f2\uff5c\u5de8\u982d\u7684\u8d77\u6e90"
        },
        {
            "id": "rHy2GqQhjSY",
            "title": "\u4eca\u5e74\u80a1\u7968\u8667\u9322\u7684\u8acb\u9032..."
        },
        {
            "id": "SoAskruG28E",
            "title": "\u300c\u5361\u901a\u983b\u9053 \u300d\u8208\u8870\u53f2 (1992-2022)"
        },
        {
            "id": "Z2DQFghG0IY",
            "title": "\u6211\u82b1\u4e8620\u842c\u53f0\u5e63\u8cb7\u4e00\u4ef6\u8863\u670d..."
        },
        {
            "id": "XEQisnDms7g",
            "title": "\u6211\u53c8\u88ab\u6559\u53ec\u4e86\uff01"
        },
        {
            "id": "AEsjFd0Dowo",
            "title": "\u525b\u526a\u5b8c\u9019\u652f\u7247\u80a1\u50f9\u5c31\u66b4\u8dcc... | Fedex\u806f\u90a6\u5feb\u905e | \u5de8\u982d\u7684\u8d77\u6e90"
        },
        {
            "id": "_KGnzl6RZS4",
            "title": "\u73fe\u5be6\u7248\u300a\u6a5f\u68b0\u516c\u6575\u300b\uff1fBoston Dynamics\u6a5f\u5668\u4eba\u9032\u5316\u53f2\uff01| \u5de8\u982d\u7684\u8d77\u6e90"
        },
        {
            "id": "4Xt9tfEqHnU",
            "title": "\u9078\u8209\u5c08\u7528\u58a8\u6c34\uff1f#shorts"
        },
        {
            "id": "6Q6NdgLtLbc",
            "title": "\u684c\u7403\u7684\u7531\u4f86\u2026 #shorts"
        },
        {
            "id": "xHVSUT6hE8s",
            "title": "\u4e00\u6b21\u540340\u6839\u9999\u8549\uff1f#shorts"
        },
        {
            "id": "NdHlnL-NYxU",
            "title": "\u8cc0\u74cf\u53ec\u559aGoogle\u52a9\u7406\u7d50\u679c\u53ec\u559a\u51fa\u4e86... #shorts"
        },
        {
            "id": "IRTk8wdOIHY",
            "title": "\u4e16\u754c\u4e0a\u6700\u5927\u7684\u9580\uff1f#shorts"
        },
        {
            "id": "L34nVheMvx8",
            "title": "\u756b\u5927\u9905\u8ab0\u80fd\u6bd4\u4ed6\u5927\uff01\u9760\u5047\u7522\u54c1\u7fa4\u773e\u52df\u8cc7570\u842c\u7f8e\u5143\uff1f"
        },
        {
            "id": "LIgldcjERSk",
            "title": "YouTube\u7b2c\u4e00\u652f\u7834\u767e\u5104\u9ede\u95b1\u5f71\u7247\u5c31\u662f\u4ed6\u505a\u7684\uff01\uff5cPinkfong\u7684\u5275\u696d\u6545\u4e8b\uff5c\u5de8\u982d\u7684\u8d77\u6e90"
        },
        {
            "id": "VgljJlOmtlY",
            "title": "\u7dca\u6025\u80f8\u7f69? #shorts"
        },
        {
            "id": "raURv4YLYrg",
            "title": "\u591a\u529b\u591a\u6ecb\u7684\u7531\u4f86? #shorts"
        },
        {
            "id": "cRXzqYwM39c",
            "title": "\u559d\u9189\u9152\u5077\u98db\u6a5f\u7684\u7537\u4eba! #shorts"
        },
        {
            "id": "WOBJKMUu9xY",
            "title": "\u628a\u6cb9\u6f06\u4e7e\u6389\u62cd\u6210\u96fb\u5f71\uff1f#shorts"
        },
        {
            "id": "DcBylzGLVR4",
            "title": "13\u6b72\u5275\u696d\u300118\u6b72\u6708\u51655\u842c\u7f8e\u5143\uff01\u4ed6\u5982\u4f55\u5e36\u9818Spotify\u6210\u70ba\u4e32\u6d41\u97f3\u6a02\u7684\u9738\u4e3b\uff1f\uff5c\u5de8\u982d\u7684\u8d77\u6e90"
        },
        {
            "id": "70O7Lwktzfw",
            "title": "\u9632\u5f48\u80cc\u5fc3\u5c45\u7136\u662f\u62ab\u85a9\u5e97\u8001\u95c6\u767c\u660e\u7684\uff1f#shorts"
        },
        {
            "id": "xPa5lsB8it4",
            "title": "\u78b0\u78b0\u8eca\u539f\u672c\u4e0d\u662f\u7d66\u4f60\u300c\u78b0\u300d\u7684\uff1f#shorts"
        },
        {
            "id": "-qwbCds82wI",
            "title": "\u8d85\u97f3\u6ce2\u8cbc\u7247\uff01#shorts"
        },
        {
            "id": "JwO3kLZ7k_c",
            "title": "\u9152\u5e97\u8d13\u7269\u5927\u8cfd\uff01#shorts"
        },
        {
            "id": "2nqKcdPgsDQ",
            "title": "\u9ad2\u8a71\u5564\u9152\u7f50\uff1f #shorts"
        },
        {
            "id": "-HLPdENz-uE",
            "title": "\u5229\u7528\u5047\u7c4c\u78bc\u8499\u6df7\u904e\u95dc\uff0c\u72c2\u6488\u4e0a\u767e\u842c\u7f8e\u5143\u7684\u7c4c\u78bc\u507d\u9020\u5927\u5e2b\uff01"
        },
        {
            "id": "8EMy47F_r6A",
            "title": "IKEA=\u88ab\u5bb6\u5177\u803d\u8aa4\u7684\u8089\u4e38\u5e97\uff1f\u5e97\u5167\u70ba\u4ec0\u9ebc\u8981\u8a2d\u8a08\u6210\u9019\u6a23\uff1fIKEA\u5176\u5be6\u662f\u975e\u71df\u5229\u7d44\u7e54\uff1f\uff5cIKEA\u5b9c\u5bb6\u5bb6\u5c45\uff5c\u5de8\u982d\u7684\u8d77\u6e90"
        },
        {
            "id": "p4dnq9nMpmQ",
            "title": "\u6297\u5438\u8840\u9b3c\u5de5\u5177\u5305? \u4f60\u60f3\u8cb7\u55ce? #shorts"
        },
        {
            "id": "juZhPBygfG4",
            "title": "\u65e9\u9910\u5c31\u559d\u5564\u9152?? #shorts"
        },
        {
            "id": "44C87gbaeqk",
            "title": "\u7121\u5c3e\u718a\u7684\u6307\u7d0b\u4f60\u770b\u904e\u55ce? #shorts"
        },
        {
            "id": "7j3-Llca5tw",
            "title": "\u7528\u300c\u7259\u7dda\u300d\u8d8a\u7344?? #shorts"
        },
        {
            "id": "5rfZ1lbUNqo",
            "title": "\u5e73\u5e38\u5f71\u7247\u6c92\u62cd\u5230\u7684\u93e1\u982d\u5916\u5176\u5be6\u9577\u9019\u6a23..."
        },
        {
            "id": "nGML1Ypp44Y",
            "title": "\u4e0d\u5b58\u5728\u7684\u5cf6\u5dbc #shorts"
        },
        {
            "id": "loOXjLBSEZo",
            "title": "\u8ddf\u99ac\u6bd4\u99ac\u62c9\u677e? #shorts"
        },
        {
            "id": "ro36Nin-_-g",
            "title": "LEGO\u6a02\u9ad8\u5982\u4f55\u5f9e\u4e00\u9593\u5c0f\u6728\u5de5\u5ee0\u6210\u9577\u70ba\u5168\u7403\u73a9\u5177\u5de8\u982d\uff1f\uff5cLEGO\u6a02\u9ad8\uff5c\u5de8\u982d\u7684\u8d77\u6e90"
        },
        {
            "id": "aP-hTNZbfrw",
            "title": "\u51b7\u6c23\u7684\u7531\u4f86? #shorts"
        },
        {
            "id": "UktzqTWjd-w",
            "title": "\u7528\u87cb\u87c0\u6e2c\u91cf\u6eab\u5ea6? #shorts"
        },
        {
            "id": "UcoLVaDlPPU",
            "title": "\u8ddf\u5169\u500b\u9577\u9aee\u5973\u751f\u540c\u4f4f\u6700\u56f0\u64fe\u7684\u4e8b..."
        },
        {
            "id": "iO3WvV86lS0",
            "title": "\u6211\u82b1\u4e5d\u842c\u5143\u8cb7\u4e86\u4e00\u500b\u300c\u5be6\u9ad4\u7684\u300dNFT"
        },
        {
            "id": "wNiZM0jzSaA",
            "title": "\u8b93\u99ac\u5e6b\u4f60\u56de email ? #shorts"
        },
        {
            "id": "aMBoCyxgB6E",
            "title": "7-11\u8d85\u5546\u96c6\u9ede\u8fea\u58eb\u5c3c\u7d93\u5178\u516c\u4ed4\uff01\u4f60\u8490\u96c6\u904e\u55ce\uff1f"
        },
        {
            "id": "bsc-ww0aPHs",
            "title": "\u771f\u7684\u7b11\u6b7b #shorts"
        },
        {
            "id": "8D9Dv9chf3k",
            "title": "\u76e3\u7344\u8a66\u4f4f\u54e1\uff1f#shorts"
        },
        {
            "id": "nhySjpCV8oQ",
            "title": "\u5e6b\u5fd9\u5272\u8349\u7684\u5c0f\u5077 #shorts"
        },
        {
            "id": "rtxHUCbn0HI",
            "title": "\u88ab\u649e\u4e00\u4e0b\u8cfa1000\u842c\u7f8e\u5143\uff1f#shorts"
        },
        {
            "id": "Ua-8r6vL2uE",
            "title": "\u3010Costco\u767c\u8de1\u53f2\u3011\u70ba\u4ec0\u9ebc\u53ea\u662f\u60f3\u8cb7\u500b\u885b\u751f\u7d19\uff0c\u537b\u6bcf\u6b21\u90fd\u8cb7\u4e86\u4e00\u5806\u6771\u897f\u56de\u5bb6\uff1f\u597d\u5e02\u591a\u662f\u5982\u4f55\u69a8\u4e7e\u4f60\u7684\u9322\u5305\u7684\uff01\uff5cCostco\u597d\u5e02\u591a\uff5c\u5de8\u982d\u7684\u8d77\u6e90"
        },
        {
            "id": "RQ2V8h4xkPc",
            "title": "\u53e4\u4eba\u300c\u559d\u300d\u9ec3\u91d1\u4f86\u9577\u751f\u4e0d\u8001\uff1f#shorts"
        },
        {
            "id": "qoHhI8F2e80",
            "title": "\u8dd1\u6b65\u6a5f\u539f\u672c\u662f\u76e3\u7344\u5728\u4f7f\u7528\u7684\uff1f#shorts"
        },
        {
            "id": "sGHCJVKghVM",
            "title": "\u5272\u8349\u6a5f\u7684\u7531\u4f86\uff1f#shorts"
        },
        {
            "id": "aAY8CktU1-A",
            "title": "\u628a\u8c93\u505a\u6210\u96fb\u8a71\uff1f\uff1f#shorts"
        },
        {
            "id": "wlrzQjiprbA",
            "title": "\u5750\u4e00\u5929\u7262\u62b516\u842c\uff01\u5979\u5982\u4f55\u4e94\u9b3c\u642c\u904b\u638f\u7a7a\u516c\u53f8\u8cc7\u7522\uff0c\u5751\u6bba\u7121\u6578\u6563\u6236\u6295\u8cc7\u4eba\uff1f\uff5c\u557e\u557e\u978b"
        }
    ]
}