{
    "channel": {
        "title": "\u4eba\u751f\u80a5\u5b85x\u5c0a",
        "id": "UC6VKHP606ee6ffKwKmBHSig",
        "customUrl": "@loserzun",
        "uploads": "UU6VKHP606ee6ffKwKmBHSig"
    },
    "videos": [
        {
            "id": "1PZJYlxg0Kw",
            "title": "\u3010\u5c0a\u3011\u6c92\u4eba\u767c\u73fe\u6211\u9019\u500b\u5b85\u7537\u5728\u8df3\u9663\u982d.."
        },
        {
            "id": "txEuPoGi9SM",
            "title": "\u3010\u5c0a\u3011\u8a66\u8457\u6311\u6230\u4e00\u5929\u5168\u9760\u9ab0\u5b50\u751f\u6d3b ! ? \u904b\u6c23\u4e0d\u597d,\u9023\u5ec1\u6240\u90fd\u4e0a\u4e0d\u4e86..."
        },
        {
            "id": "r2OINEffku0",
            "title": "\u3010\u5c0a\u3011\u9019\u662f\u4e00\u584a\u300c\u9183\u4e8640\u5e74\u7684\u83dc\u812f\u300d,\u6211\u7528\u5b83\u716e\u4e86\u4e00\u684c\u83dc\u812f\u5927\u9910..."
        },
        {
            "id": "UmhYSi1rHPA",
            "title": "\u3010\u5c0a\u3011\u73fe\u5728\u5c0f\u5b78\u751f\u7684\u7cd6\u679c\u597d\u73a9\u6bd4\u597d\u5403\u9084\u91cd\u8981\u55ce ? ?"
        },
        {
            "id": "6s1m1kB26n4",
            "title": "\u3010\u5c0a\u3011\u56e0\u70ba\u4e0d\u6703\u505a\u83dc,\u6240\u4ee5\u6211\u8cb7\u4e86\u4e00\u53f0\u5168\u81ea\u52d5\u716e\u83dc\u6a5f..."
        },
        {
            "id": "Q77EpS0BbsM",
            "title": "\u3010\u5c0a\u3011\u6211\u7528\u98df\u7528\u5316\u5b78\u539f\u6599\u505a\u51fa\u4e86\u4e00\u584a\u5e7e\u4e4e\u6c92\u6709\u96de\u8089\u7684\u96de\u6392..."
        },
        {
            "id": "VNB88bsDAY0",
            "title": "\u3010\u5c0a\u3011\u5f88\u96e3\u60f3\u50cf\u9019\u4e9b\u6ce1\u9eb5\u8a2d\u8a08\u8005\u7576\u6642\u7684\u7cbe\u795e\u72c0\u614b..."
        },
        {
            "id": "8PcDrsMHe5A",
            "title": "\u3010\u5c0a\u3011\u6211\u5728\u65e5\u672c\u4e09\u5927\u8ca7\u6c11\u5340\u300c\u5c71\u8c37\u300d\u5403\u5230\u4e86\u53ea\u898140\u584a\u7684\u5496\u54e9\u98ef ! ?"
        },
        {
            "id": "4UF1BOjdFdc",
            "title": "\u3010\u5c0a\u3011\u6211\u9ad4\u9a57\u4e86\u865f\u7a31\u5168\u53f0\u6700\u721b\u7684\u300c\u570b\u4e2d\u7562\u65c5\u884c\u7a0b\u300d !? \u4e00\u5806\u514d\u8cbb\u666f\u9ede.\u5403\u9eb5\u5305\u9019\u6a23\u771f\u7684\u89814700\u5143\u55ce...?"
        },
        {
            "id": "Dy7bDfvV-YY",
            "title": "\u3010\u5c0a\u3011\u9019\u4e9b\u662f\u96f6\u7528\u9322\u53ea\u670920\u5143\u7684\u6211\u8cb7\u4e0d\u8d77\u7684\u6587\u5177..."
        },
        {
            "id": "nbTnu0u3AQA",
            "title": "\u3010\u5c0a\u3011\u9019\u9846\u300c\u78da\u982d\u300d\u53ef\u4ee5\u70e4\u51fa\u4e16\u754c\u4e0a\u6700\u597d\u5403\u7684\u8089 ! !"
        },
        {
            "id": "OUnx9ZvNRLE",
            "title": "\u3010\u5c0a\u3011\u6211\u8cb7\u4e86\u4ee5\u524d\u90a3\u4e9b\u6700\u5947\u602a\u7684\u624b\u6a5f...\u4e0d\u6703\u8b8a\u5f62\u7684\u9084\u6562\u7a31\u4f5c\u624b\u6a5f ! !"
        },
        {
            "id": "8LVE5THBaus",
            "title": "\u3010\u5c0a\u3011\u6700\u8fd1\u71b1\u5230\u5feb\u878d\u5316...\u6240\u4ee5\u6211\u81ea\u5df1\u8cb7\u4e86\u4e00\u53f0\u51b0\u6dc7\u6dcb\u6a5f ! !"
        },
        {
            "id": "kYEd94myy7Q",
            "title": "\u6211\u8981\u6d3b\u4e0b\u53bb\uff0d \u4eba\u751f\u80a5\u5b85x\u5c0a Ft. @popoj1993  \uff5cOfficial Music Video\uff08Free Fire 5\u5468\u5e74\u4e3b\u984c\u66f2\uff09"
        },
        {
            "id": "MOiKp-KKA2Q",
            "title": "\u3010\u5c0a\u3011\u6211\u82b1\u4e86\u4e09\u5c0f\u6642\u505a\u7684\u58fd\u53f8\u9a19\u863f\u502b\u662f\u5e97\u88e1\u8cb7\u7684\u5979\u6703\u767c\u73fe\u55ce ? ? ? @laurenveur"
        },
        {
            "id": "bQHepwEkJrw",
            "title": "\u3010\u5c0a\u3011\u6211\u81ea\u5df1\u91cd\u65b0\u914d\u97f3\u4e86\u6c92\u6709\u8072\u97f3\u7684\u5275\u4e16\u795e\u5f71\u7247 ! ! !"
        },
        {
            "id": "Bphdpp_9q6A",
            "title": "\u3010\u5c0a\u3011\u6211\u5f92\u624b\u722c\u5230\u4e94\u6a13,\u6211\u8981\u5687\u6b7b\u4e86...!"
        },
        {
            "id": "K2eFzUjhWy8",
            "title": "\u3010\u5c0a\u3011\u6211\u8cb7\u4e86\u4e00\u7bb1\u6d3b\u7684\u6d77\u81bd!!"
        },
        {
            "id": "SeG-45Dr4zA",
            "title": "\u3010\u5c0a\u3011\u6211\u82b1\u4e86\u4e94\u842c\u5143!!!"
        },
        {
            "id": "uEKuk9qLbvk",
            "title": "\u3010\u5c0a\u3011\u56e0\u70ba\u7d05\u8c46\u9905\u8b8a\u592a\u8cb4,\u6240\u4ee5\u6211\u81ea\u5df1\u8cb7\u4e86\u4e00\u53f0\u7d05\u8c46\u9905\u6a5f\u3002"
        },
        {
            "id": "Una1B5pzuxo",
            "title": "\u3010\u5c0a\u3011\u9019\u500b\u73a9\u5177\u82b1\u4e86\u621115000\u584a!!"
        },
        {
            "id": "9pn9uYrcSOU",
            "title": "\u3010\u5c0a\u3011\u770b\u6211\u6284\u8972\u4f60\u7684\u6284\u8972!!"
        },
        {
            "id": "VgJKLXt2azw",
            "title": "\u3010\u5c0a\u3011\u6211\u5077\u5077\u958b\u53f0\u76f4\u5230\u6709\u4eba\u8a8d\u51fa\u6211\u70ba\u6b62\u3002"
        },
        {
            "id": "mKVkzJMeqCM",
            "title": "\u3010\u5c0a\u3011200\u5e74\u524d\u7684\u98df\u8b5c\u771f\u7684\u80fd\u6559\u6211\u505a\u83dc\u55ce?"
        },
        {
            "id": "El8G3llwqhU",
            "title": "\u3010\u5c0a\u3011\u6211\u8cb7\u4e86\u4e00\u500b\u7570\u578b\u53e3\u7f69!!\u56e0\u70ba\u666e\u901a\u7684\u53e3\u7f69\u592a\u7121\u804a\u4e86!!"
        },
        {
            "id": "E4lcr4yfgl4",
            "title": "\u3010\u5c0a\u3011\u5e6b\u8c93\u54aa\u5011\u5728\u967d\u53f0\u5efa\u9020\u4e00\u500b\u6a02\u5712!!"
        },
        {
            "id": "CRyIn0WzU18",
            "title": "\u3010\u5c0a\u3011\u4ee5\u524d\u67d1\u4ed4\u5e97\u7684\u62bd\u9322\u5230\u5e95\u6709\u6c92\u6709\u9a19\u6211\u5566!!"
        },
        {
            "id": "v1du4BvsV68",
            "title": "\u3010\u5c0a\u3011\u5857\u6eff\u4e16\u754c\u6700\u9ed1\u7684\u984f\u6599\u80fd\u96b1\u5f62\u55ce!?"
        },
        {
            "id": "DIFyM2Vk_HM",
            "title": "\u3010\u5c0a\u3011\u53ea\u662f\u5403\u500b\u4fbf\u7576\u5c31\u82b1\u4e86\u6211\u4e00\u842c\u5143\u3002"
        },
        {
            "id": "YG1jvsdfbJ8",
            "title": "\u3010\u5c0a\u3011\u597d\u4e45\u6c92\u6709\u5403\u5230\u725b\u8ecb\u7cd6,\u6240\u4ee5\u6211\u81ea\u5df1\u505a\u4e86\u4e00\u98462\u516c\u65a4\u7684"
        },
        {
            "id": "S8EJWuMxlqM",
            "title": "\u3010\u5c0a\u3011\u56e0\u70ba\u5f88\u60f3\u5403\u85af\u689d,\u6240\u4ee5\u6211\u8cb7\u4e86\u4e00\u53f0\u70b8\u85af\u689d\u6a5f"
        },
        {
            "id": "n0Ll_eNPdqQ",
            "title": "\u3010\u5c0a\u3011\u6211\u7a7f\u4e86\u8863\u6ac3\u88e1\u6700\u7f9e\u6065\u7684\u8863\u670d\u51fa\u9580\u4e00\u5929 @laurenveur"
        },
        {
            "id": "NwxuHu9saMo",
            "title": "\u3010\u5c0a\u3011\u6211\u8cb7\u4e86\u4e00\u934b\u9752\u86d9\u6e6f\u4f86\u5403"
        },
        {
            "id": "TYuat51Hgo0",
            "title": "\u3010\u5c0a\u3011\u9019\u662f\u4e16\u754c\u4e0a\u6700\u82e6\u7684\u7269\u8cea"
        },
        {
            "id": "0cJexIsbkis",
            "title": "\u3010\u5c0a\u3011\u6211.\u0337\u033f\u0315\u033d\u0311\u0308\u0358\u0343\u0304\u0313\u030f\u031c\u031d\u0348\u032f\u034e\u032d\u033a\u0330\u0326\u032c.\u0335\u0300\u035d\u0314\u0346\u030d\u030f\u0302\u0307\u033e\u0344\u0329\u0318\u0347\u0324\u031d\u0317\u0347\u033b\u8cb7\ufffd\u4e16\u754c\u4e0a\u6700.\u0335\u0306\u0360\u030a\u0309\u0315\u034b\u0341\u0342\u030e\u0310\u0327\u0324\u031e\u035a\u0353\u0328\u031d\u0325\u032a\u0329\u8fa3\u7684\u68d2\ufffd\u5cd5\u68d2\u7cd6!?"
        },
        {
            "id": "hXxw_onDr-M",
            "title": "\u3010\u5c0a\u3011\u505a\u4e86\u5404\u7a2e\u53ef\u4ee5\u300c\u5403\u300d\u7684\u98f2\u6599!?"
        },
        {
            "id": "jdeLC6Mgquc",
            "title": "\u3010\u5c0a\u3011\u7b11\u4e00\u6b21\u6350\u4e00\u842c!\u7528\u9577\u8f29\u5f71\u7247\u505a\u4e0d\u8981\u7b11\u6311\u6230"
        },
        {
            "id": "0uLvNa5E5J4",
            "title": "\u3010\u5c0a\u3011\u64da\u8aaa\u9019\u6b3e\u9999\u6c34\u505a\u51fa\u4e86\u5973\u5ec1\u7684\u5473\u9053!? \u6211\u8cb7\u4e00\u6253!!!!"
        },
        {
            "id": "jI-SUBh_lhY",
            "title": "\u3010\u5c0a\u3011\u6211\u8cb7\u4e86\u865f\u7a31\u53f0\u7063\u6700\u96e3\u5403\u7684\u7cd6\u679c\u4f86\u8a66\u8a66!?"
        },
        {
            "id": "NRRjdXfO0bQ",
            "title": "\u3010\u5c0a\u3011\u9ad4\u9a57\u8ddf\u9b54\u7269\u6230\u9b25\u662f\u4ec0\u9ebc\u611f\u89ba!?"
        },
        {
            "id": "vYhsseQMP3Q",
            "title": "\u4eba\u751f\u80a5\u5b85x\u5c0a\u3010\u521d\u97f3\u5e6b MIKU GANG\u3011MV"
        },
        {
            "id": "LH_ndNrgHCU",
            "title": "\u3010\u5c0a\u3011\u8ddf\u5927\u5bb6\u5ba3\u5e03\u4e00\u4ef6\u91cd\u8981\u7684\u4e8b\u60c5!"
        },
        {
            "id": "hvYdaFNBdxI",
            "title": "\u3010\u5c0a\u3011\u7b97\u7b97\u6211\u9019\u4e00\u5e74\u5b58\u4e86\u591a\u5c11\u96f6\u9322!?"
        },
        {
            "id": "cGbClaRHcH8",
            "title": "\u3010\u5c0a\u3011\u628a\u4e0d\u540cBGM\u52a0\u5230\u540c\u4e00\u90e8\u77ed\u5287\u4e2d\u611f\u89ba\u4e5f\u5dee\u592a\u591a\u4e86!!!!"
        },
        {
            "id": "s0C4Xy0q4_U",
            "title": "\u3010\u5c0a\u3011\u4e00\u500b\u4eba\u5728\u5bb6\u9732\u71df24\u5c0f\u6642!?"
        },
        {
            "id": "eeWDNdaEgIE",
            "title": "\u3010\u5c0a\u3011\u6211\u53c8\u53c8\u53c8\u53c8\u642c\u65b0\u5bb6\u5566!!!"
        },
        {
            "id": "tOmHGe9A0kk",
            "title": "\u3010\u5c0a\u3011\u64da\u8aaa\u7fa9\u5927\u5229\u9eb5\u662f\u4e0d\u53ef\u80fd\u88ab\u6298\u6210\u5169\u6bb5\u7684!?"
        },
        {
            "id": "OircJvAEGYc",
            "title": "\u3010\u5c0a\u3011\u8a66\u8457\u628a\u5a01\u58eb\u5fcc\u505a\u6210\u5c0f\u718a\u8edf\u7cd6\u6703\u597d\u5403\u55ce?"
        },
        {
            "id": "3QOASvitlog",
            "title": "\u3010\u5c0a\u3011\u5176\u5be6\u4f60\u5011\u90fd\u8aa4\u6703\u5b9c\u862d\u4eba\u4e86\u3002"
        },
        {
            "id": "13lcpGTcSD8",
            "title": "\u3010\u5c0a\u3011\u9ad2\u8a71\u7981\u6b62!?\u53ea\u8981\u8b1b\u9ad2\u8a71\u5c31\u6703\u88ab\u9ad8\u58d3\u96fb\u64ca!!!"
        },
        {
            "id": "ye60S6AE7N0",
            "title": "\u3010\u5c0a\u3011\u8cb7\u4e86\u591c\u5e02\u7684\u53ef\u9e97\u9905\u6a5f\u56de\u4f86\u81ea\u5df1\u505a\u53ef\u9e97\u9905!?"
        },
        {
            "id": "sYNBK-J_C-4",
            "title": "\u4e09\u5e74\u5230\u4e86"
        },
        {
            "id": "pZEJTbjUDVo",
            "title": "\u3010\u5c0a\u3011\u6211\u5230\u4e86\u5c07\u52d5\u6f2b\u4e16\u754c\u771f\u5be6\u5316\u7684\u904a\u6a02\u5712!?"
        },
        {
            "id": "oTc2V3HVL8Y",
            "title": "\u3010\u5c0a\u3011\u8a66\u8457\u7d04\u964c\u751f\u4eba\u4f86\u904e\u4e00\u5929\u7684\u60c5\u4eba\u7bc0!?"
        },
        {
            "id": "dfPU6QnvewI",
            "title": "\u3010\u5c0a\u3011\u8a66\u8457\u7528\u8d85\u8ff7\u4f60\u5eda\u5177\u716e\u8d85\u8ff7\u4f60\u725b\u8089\u9eb5!?"
        },
        {
            "id": "SjFBbwadpHY",
            "title": "\u3010\u5c0a\u3011\u6253\u958b\u6703\u767c\u751f\u4e0d\u5f97\u4e86\u4e8b\u60c5\u7684\u86cb!?"
        },
        {
            "id": "_eRBf5UzDiQ",
            "title": "\u3010\u5c0a\u3011\u8a66\u8457\u7528\u4e00\u842c\u5143\u4f86\u6311\u6230\u5be6\u9ad4vs.\u7db2\u8def\u593e\u5a03\u5a03\u6a5f!?"
        },
        {
            "id": "3SJ5Od7kJMU",
            "title": "\u3010\u5c0a\u3011\u8a66\u8457\u8b93\u8d85\u8a0e\u53ad\u8c93\u54aa\u7684\u4eba\u4f86\u9ad4\u9a57\u990a\u8c93\u7684\u4e00\u5929!?"
        },
        {
            "id": "yOj4T2FOAZM",
            "title": "\u3010\u5c0a\u3011\u53ef\u4ee5\u81ea\u52d5\u505a\u7ae0\u9b5a\u71d2\u7684\u6a5f\u5668!?"
        },
        {
            "id": "tWtuJ8eaSks",
            "title": "\u3010\u5c0a\u3011\u80fd\u5920\u5c07\u4efb\u4f55\u6db2\u9ad4\u90fd\u8b8a\u6210\u6c34\u7684\u6c34\u58fa!?"
        },
        {
            "id": "XeXvI4HD1CE",
            "title": "\u3010\u5c0a\u3011\u8cb7\u4e86\u4e00\u4ef6\u53ef\u4ee5\u8b8a\u6210\u5e33\u7bf7\u7684\u8863\u670d!?"
        },
        {
            "id": "bBhaheIcVjs",
            "title": "\u3010\u5c0a\u3011\u8cb7\u4e8610\u96bb\u865f\u7a31\u80fd\u81ea\u52d5\u98db\u884c\u7684\u5996\u7cbe\u4ed9\u5b50!?"
        },
        {
            "id": "6a9wdJBuEvU",
            "title": "\u3010\u5c0a\u3011\u975e\u6d32\u5c0f\u5b69\u795d\u6211\u751f\u65e5\u5feb\u6a02\u3002"
        },
        {
            "id": "q1HfRCc_pGE",
            "title": "\u3010\u5c0a\u3011\u8cb7\u4e86\u4e00\u500b\u7528\u8166\u6ce2\u63a7\u5236\u7684\u73a9\u5177!!??"
        },
        {
            "id": "dgUd24Puts0",
            "title": "\u3010\u5c0a\u3011\u559c\u6b61\u770b\u6f2b\u756b\u7684\u50a2\u4f19\u90fd\u7d66\u6211\u9032\u4f86!!!\u3010\u4e0d\u559c\u6b61\u7684\u4e5f\u8981\u9032\u4f86\u3011"
        },
        {
            "id": "z5_vs5RpC74",
            "title": "\u3010\u5c0a\u3011\u8cb7\u4e86\u4e00\u652f\u865f\u7a31\u6c38\u9060\u8214\u4e0d\u5b8c\u7684\u68d2\u68d2\u7cd6!?"
        },
        {
            "id": "BRx3ytcM6bs",
            "title": "\u3010\u5c0a\u3011\u8a66\u8457\u6311\u6230\u4e00\u500b\u79ae\u62dc\u6c92\u6709\u624b\u6a5f\u7684\u751f\u6d3b!?"
        },
        {
            "id": "yXb1go5IYJo",
            "title": "\u3010\u5c0a\u3011\u6211\u628a\u81ea\u5df1\u5370\u5728\u516c\u8eca\u4e0a\u9762\u5566!!??"
        },
        {
            "id": "9ronamksMDk",
            "title": "\u3010\u5c0a\u3011\u6211\u8cb7\u4e86\u4e00\u96bb\u5b54\u96c0\u4f86\u5403\u5403\u770b\u5566!!!??"
        },
        {
            "id": "VmL8RrTo9ZY",
            "title": "\u3010\u5c0a\u3011\u8ddf\u5927\u80c3\u738b\u6bd4\u8cfd\u5403\u5b8c\u65e9\u9910\u5e97\u6240\u6709\u9910\u9ede!? Feat.\u8def\u8defLULU"
        },
        {
            "id": "7uZKzr7f4TQ",
            "title": "\u3010\u5c0a\u3011\u6211\u990a\u4e86\u4e00\u96bb\u6a5f\u5668\u8c93\u54aa!?"
        },
        {
            "id": "k1j4djvyY5M",
            "title": "\u3010\u5c0a\u3011\u8cb7\u4e86\u4e16\u754c\u6700\u6c92\u7528\u7684\u7092\u6ce1\u9eb5\u6a5f!?"
        },
        {
            "id": "CVP3VFHiTGw",
            "title": "\u3010\u5c0a\u3011\u64da\u8aaa\u8981\u5f9e 1\u5beb\u5230600\u662f\u4e0d\u53ef\u80fd\u7684!?"
        },
        {
            "id": "Pv-A8qxdMYo",
            "title": "\u3010\u5c0a\u3011\u8a66\u8457\u628a\u897f\u74dc\u505a\u6210\u679c\u51cd\u4e86!?"
        },
        {
            "id": "qJ4SkAuY9nE",
            "title": "\u3010\u5c0a\u3011\u8cb7\u4e86\u4e00\u500b\u53ef\u4ee5\u966a\u6211\u804a\u5929\u7684\u865b\u64ec\u5973\u53cb!?"
        },
        {
            "id": "MnChk1mD9Yw",
            "title": "\u3010\u5c0a\u3011\u8a66\u73a9\u770b\u770b10\u5e74\u5f8c\u7684CSO\u8b8a\u6210\u600e\u9ebc\u6a23\u4e86!?\u3010CSO\u3011"
        },
        {
            "id": "mYqiIJDQoVU",
            "title": "\u3010\u5c0a\u3011\u5438\u4e86\u6c26\u6c23\u8b8a\u8072\u7684\u6b66\u58eb\u5fcd\u7b11\u5c0d\u6c7a!?"
        },
        {
            "id": "y4Pi7WciQAI",
            "title": "\u3010\u5c0a\u3011\u53ef\u4ee5\u9ad4\u9a5778\u6b72\u8001\u4eba\u7684\u88dd\u7f6e!?"
        },
        {
            "id": "AnnbM_NR1ho",
            "title": "\u3010\u5c0a\u3011\u6211\u627e\u5230\u4e86\u9084\u80fd\u7528\u7684foxy!?\u3010\u90fd\u5e02\u50b3\u8aaa\u9a57\u8b49\u3011"
        },
        {
            "id": "gvOMUXQ_FQ4",
            "title": "\u3010\u5c0a\u3011\u5b85\u7537\u9ad4\u9a57\u6f6e\u6f6e\u7684\u4e00\u5929!?"
        },
        {
            "id": "gQqlwW5Ft5E",
            "title": "\u3010\u5c0a\u3011\u7d55\u5c0d\u4e0d\u6703\u8d0f\u7684\u4e16\u754c\u6700\u5f31AI?\u722d\u596a\u4e16\u754c\u6700\u5f31\u5bf6\u5ea7!!"
        },
        {
            "id": "OkZS4Yc90o4",
            "title": "\u3010\u5c0a\u3011\u81ea\u5df1\u624b\u52d5\u632b\u4e86\u4e00\u500b\u8d85\u8c6a\u83ef\u5228\u51b0\u5566!!!???"
        },
        {
            "id": "Vy4j7ZV7z7w",
            "title": "\u3010\u5c0a\u3011\u5728\u982d\u9aee\u4e0a\u540a\u8457\u781d\u78bc\u4f86\u62c9\u76f4\u81ea\u7136\u6372!?"
        },
        {
            "id": "ZB3yMcEZq64",
            "title": "\u3010\u5c0a\u3011\u8a66\u8457\u7528\u6db2\u614b\u6c2e\u505a\u51fa\u7121\u6575\u7684\u51b0\u6dc7\u6dcb\u5566!!??"
        },
        {
            "id": "tklmqggrcKM",
            "title": "\u3010\u5c0a\u3011\u7528\u8d85\u5f37\u7684\u9b54\u9b3c\u6c08\u5be6\u73fe\u5728\u7246\u4e0a\u884c\u8d70\u7684\u5922\u60f3!?"
        },
        {
            "id": "9UPnpnt0SFg",
            "title": "\u3010\u5c0a\u3011\u6311\u6230\u540c\u4e00\u90e8\u7247\u75281\u5c0f\u6642\u300110\u5206\u9418\u300110\u79d2\u9418\u526a\u8f2f!?"
        },
        {
            "id": "FzWKkvERQXI",
            "title": "\u3010\u5c0a\u3011\u8cb7\u4e86\u4e00\u9846\u9c77\u9b5a\u982d\u4f86\u716e\u706b\u934b!?"
        },
        {
            "id": "paQNLr8gQ_8",
            "title": "\u3010\u5c0a\u3011\u8cb7\u4e86\u80fd\u5920\u5e6b\u6211\u70e4\u96de\u8089\u4e32\u7684\u6a5f\u5668!?"
        },
        {
            "id": "KfqEQBbXpDU",
            "title": "\u3010\u5c0a\u3011\u5c0a\u771f\u7684\u6709\u523a\u9752\u55ce!?"
        },
        {
            "id": "Rg24wZSauG4",
            "title": "\u3010\u5c0a\u3011\u7528100\u516c\u65a4\u7684\u9ad4\u91cd\u4f86\u7a81\u7834100\u516c\u5c3a\u7d00\u9304!?"
        },
        {
            "id": "M6TT8aw77XU",
            "title": "\u3010\u5c0a\u3011\u88fd\u4f5c\u4e86\u80fd\u5920\u6210\u70ba\u8df3\u7e69\u9ad8\u624b\u7684\u767c\u660e!?"
        },
        {
            "id": "sUi8jGlbpnU",
            "title": "\u3010\u5c0a\u3011\u628a\u9019\u9846\u86cb\u9ede100\u842c\u6b21!?"
        },
        {
            "id": "YDfbGQqvla8",
            "title": "\u3010\u5c0a\u3011\u6536\u5230\u4e86\u5f9e\u6697\u7db2\u5bc4\u904e\u4f86\u7684\u7bb1\u5b50!?"
        },
        {
            "id": "zRO9RkRyoeo",
            "title": "\u3010\u5c0a\u3011\u8cb7\u4e86\u8d85\u64ec\u771f\u7684\u87f2\u87f2\u7cd6\u679c\u4f86\u5403\u5566!!!!"
        },
        {
            "id": "dnq6th4cs78",
            "title": "\u3010\u5c0a\u3011\u9760\u76f4\u89ba\u8207\u5929\u5206\u6210\u70ba\u6599\u7406\u9054\u4eba!?"
        },
        {
            "id": "1RmvbRMm7dY",
            "title": "\u3010\u5c0a\u3011\u6311\u6230\u4e86\u602a\u7378\u7d1a\u7684\u5de8\u5927\u8056\u4ee3!?"
        },
        {
            "id": "bfnlKcHjpfI",
            "title": "\u3010\u5c0a\u3011\u70ba\u4e86\u6975\u81f4\u7684\u7642\u7652\u611f!! \u6211\u7528\u706b\u67f4\u505a\u4e86\u4e00\u9846\u7403!?"
        },
        {
            "id": "GLQkwqAvyTg",
            "title": "\u3010\u5c0a\u3011\u5728\u6c92\u610f\u7fa9\u7684\u7167\u7247\u4e0a\u8cb7\u4e8610\u842c\u500b\u8b9a\u5566!!"
        },
        {
            "id": "TqZUvT4n_nU",
            "title": "\u3010\u5c0a\u3011\u81ea\u5df1\u88fd\u4f5c\u4e86\u4e00\u96d9\u592a\u9f13\u9f13\u68d2!?"
        },
        {
            "id": "Tm4ZpITtCT8",
            "title": "\u3010\u5c0a\u3011\u8cb7\u4e86\u8d85\u8a6d\u7570\u7684\u5b55\u5a66\u82ad\u6bd4\u5a03\u5a03!?\u3010\u9ad4\u9a57\u8d70\u9032\u4eba\u751f\u58b3\u5834\u3011"
        }
    ]
}