{
    "video_info": {
        "id": "0I1yZ4T_J9I",
        "channelTitle": "Onion Man",
        "title": "Onion Man | \u5230\u62c9\u65af\u7dad\u52a0\u65af\u8c6a\u8ced\uff01\u71ac\u591c\u5230\u5929\u4eae\uff01\u7f8e\u570b\u884c\u6700\u7d42\u7bc7 @JBao @DOILYLIFE  @huzi_life  @sonsumin1994",
        "description": "\u518d\u6b21\u4f86\u5230\u8ced\u5834-\u62c9\u65af\u7dad\u52a0\u65af\uff0c\u9019\u6b21\u6d0b\u8525\u6c7a\u5b9a\u8abf\u6574\u5fc3\u614b\u8ced\u4e00\u628a\n\n\u65b0\u8863\u670d\u9810\u8cfc\u958b\u555f\nOnion Man \u6d0b\u8525 \u00d7 \u523a\u7e61\u68c9\u8cea\u4f11\u9592\u904b\u52d5\u77ed\u8932\nhttps://www.tami.tw/products/onionman-2023gs\nOnion Man \u6d0b\u8525 \u00d7 \u72e0\u89d2\u8272\u8cbc\u5e03 T-shirt\nhttps://www.tami.tw/products/onionman-2023tshirt\n\n\u3010\u8a02\u95b1\u3011\u53ca\u89c0\u770b\u6d0b\u8525\u66f4\u591a\u5f71\u7247: https://goo.gl/ijP3Eb\n\n\u5de5\u4f5c\u5408\u4f5c\uff1aonionmanwork@gmail.com\nOnion Man \u767e\u842c\u8ffd\u8e64\u7c89\u7d72\u5718:goo.gl/Z5CSvw\n\n\u6700\u65b0\u963f\u6587\u8cbc\u5716:https://reurl.cc/GxYjA\n\n\u7b2c\u4e00\u4ee3\u963f\u6587line\u8cbc\u5716:https://reurl.cc/Wroxx\n\n\u6d0b\u8525\u79c1\u751f\u6d3bIG:https://www.instagram.com/onionman__/\n\n\n\u904b\u52d5\u6f2b\u756b\u88e1\u7684\u4e2d\u4e8c\u8001\u6897\u5287\u60c5\n\u25ba\u7b2c\u4e00\u96c6:https://youtu.be/cMoV1rPH35k\n\u25ba\u7b2c\u4e8c\u96c6:https://youtu.be/iW7LM00lny0\n\u25ba\u7b2c\u4e09\u96c6:https://youtu.be/2G5wu61uCM0\n\u25ba\u7b2c\u56db\u96c6:https://youtu.be/-rP1abYv8n4\n\nOnion Man \u95dc\u9375\u5b57:\n\u4e2d\u4e8c \u80a5\u5b85 \u55ae\u8eab\u6f22 \u55ae\u8eab \u9b6f\u86c7 \u5c4c\u7d72 \u80a5\u5b85",
        "likeCount": "4796",
        "commentCount": "279",
        "viewCount": "307159"
    },
    "comments": [
        {
            "reply_id": "Ugw37SwFgn5Sq52IxX94AaABAg",
            "reply_content": "\u8ddf\u670b\u53cb\u51fa\u53bb\u73a9\u513f\u611f\u89c9\u771f\u597d\u8bf6",
            "likeCount": 2
        },
        {
            "reply_id": "UgyGRANL3u1AEWDuMZl4AaABAg",
            "reply_content": "\u65c5\u904a\u7bc7\u8d85\u8b9a\u7684",
            "likeCount": 2
        },
        {
            "reply_id": "UgxEoiTpY4hOY4F98c94AaABAg",
            "reply_content": "\u8b1d\u8b1d",
            "likeCount": 1
        },
        {
            "reply_id": "Ugzjtp30vpzp9LNHuet4AaABAg",
            "reply_content": "\u5230\u6021\u4e4b\u529b\u7121\u6575",
            "likeCount": 1
        },
        {
            "reply_id": "UgzAKK68xfulnDIwoFR4AaABAg",
            "reply_content": "\u597d\u60f3\u53bb\u7f8e\u56fd\u54e6",
            "likeCount": 1
        },
        {
            "reply_id": "Ugw7LTSmzqCBd4IXnXF4AaABAg",
            "reply_content": "\u597d\u597d\u5594",
            "likeCount": 0
        },
        {
            "reply_id": "Ugw0xKXW7BZv3lZcbvl4AaABAg",
            "reply_content": "\u54c8\u54c8\u65c5\u4f34\u771f\u7684\u5f88\u91cd\u8981",
            "likeCount": 0
        },
        {
            "reply_id": "Ugz3EeoMo7QDAbASwzN4AaABAg",
            "reply_content": "\u5ba2\u5bb6\u7d55\u5c0d\u4e0d\u8ced",
            "likeCount": 0
        },
        {
            "reply_id": "UgwymL9FZJVUegMOatV4AaABAg",
            "reply_content": "\u6d0b\u8525\u756b\u8179\u808c\u81ea\u80a5",
            "likeCount": 0
        },
        {
            "reply_id": "UgwM317iFUPH-e_ndR54AaABAg",
            "reply_content": "\u8b9a",
            "likeCount": 0
        },
        {
            "reply_id": "UgwyX5RNRnljNv56sFp4AaABAg",
            "reply_content": "\u671f\u5f85\u9a0e\u58eb\u6c7a\u9b25",
            "likeCount": 0
        },
        {
            "reply_id": "UgxI_9pxdS6IGLXXylJ4AaABAg",
            "reply_content": "\u652f\u6301",
            "likeCount": 0
        },
        {
            "reply_id": "Ugws6tYUUJ6dAgqby4Z4AaABAg",
            "reply_content": "\u6050\u9f8d\u5c3e\u5df4\u597d\u53ef\u611b",
            "likeCount": 0
        },
        {
            "reply_id": "UgwkfeGMkrGNMp4ZLmB4AaABAg",
            "reply_content": "\u611f\u89ba\u6d0b\u8525\u5c31\u662f\u500b\u6c92\u4ec0\u9ebc\u539f\u5247 \u7136\u5f8c\u5e73\u5e38\u4e5f\u4e0d\u7528\u8166\u6574\u5929\u5fd8\u6771\u5fd8\u897f\u7684\u559c\u61a8\u5152",
            "likeCount": 0
        },
        {
            "reply_id": "UgxgFyC7-w-ydrAF0Cx4AaABAg",
            "reply_content": "\u54c8\u54c8\u54c8",
            "likeCount": 0
        },
        {
            "reply_id": "Ugy53EYMk6WBDLqzm814AaABAg",
            "reply_content": "\u5e25\u523a\u7e61",
            "likeCount": 0
        },
        {
            "reply_id": "UgyLMo0fsUASK59MNgx4AaABAg",
            "reply_content": "\u62bd",
            "likeCount": 0
        },
        {
            "reply_id": "Ugw-tLAo25qTIpxOH8N4AaABAg",
            "reply_content": "\u8cb7\u4e86\u5566\u8cb7\u4e86\u5566",
            "likeCount": 0
        },
        {
            "reply_id": "UgzBXezhvlLyeBnhwJZ4AaABAg",
            "reply_content": "\u6a21\u4eff\u7b11\u6b7b",
            "likeCount": 0
        },
        {
            "reply_id": "UgzmDpNGPvntZjQ33bB4AaABAg",
            "reply_content": "\u721b\u8ced\u9b3c\u662f\u4e0d\u6703\u8d0f\u7684",
            "likeCount": 0
        }
    ]
}