{
    "video_info": {
        "id": "5bouEYQuW7k",
        "channelTitle": "Onion Man",
        "title": "Onion Man | \u8d85\u9ad8\u6bba\u50b7\u529b\u7684\u6230\u9b25\u9640\u87ba\uff01\u7ae5\u5e74\u6fc0\u6230\u56de\u61b6\uff01| \u7537\u4eba\u7684\u7ae5\u5e74\u6d6a\u6f2b\u7bc7",
        "description": "\u6211\u7ae5\u5e74\u6700\u611b\u7684\u73a9\u5177\uff0c\u52d5\u756b\u4e5f\u662f\u8d85\u552c\u721b\uff0c\u4f46\u4e5f\u8d85\u597d\u770b!!! \u4e00\u8d77\u4f86\u8907\u7fd2\u5427!!\n\n\u672c\u5468\u611f\u8b1d\u6230\u9b25\u9640\u87ba\u4e7e\u7239\u8d0a\u52a9\uff0c\u6211\u8d85\u6709\u9762\u5b50\u7684\u5566\n\u9081\u516525\u5468\u5e74\uff0c\u5168\u65b0\u9032\u5316\u7684\u6230\u9b25\u9640\u87baX\u5f37\u52e2\u4f86\u8972\uff01\n\u9019\u6b21\uff0c\u6211\u5011\u73a9\u771f\u7684\uff01\n\u5373\u65e5\u8d77\u81f310/10 \n\u5728Funbox \u5b98\u65b9\u7dda\u4e0a\u5546\u57ce\u8f38\u5165\u4ee3\u78bc\u300eonionman\u300f\n\u5373\u53ef\u4eab\u6709\u6eff\u5343\u9001\u767e\u7684\u9650\u6642\u512a\u60e0\u5594\uff01\nFunbox \u5b98\u65b9\u8766\u76ae\u8ce3\u5834\u9650\u6642\u512a\u60e0\u540c\u6b65\u5be6\u65bd\uff01\nFunbox \u5b98\u65b9\u7dda\u4e0a\u5546\u57ce\uff1ahttps://shop.funbox.com.tw/categories/takaratomy/beyblade\nFunbox \u5b98\u65b9\u8766\u76ae\u8ce3\u5834\uff1ahttps://shopee.tw/mall/search?keyword=beyblade%20x&shop=285705541\n\u6230\u9b25\u9640\u87ba TW \u5b98\u65b9\u7c89\u7d72\u5c08\u9801\uff1ahttps://www.facebook.com/Beyblade2016/\n\n#\u6230\u9b25\u9640\u87ba #\u30d9\u30a4\u30d6\u30ec\u30fc\u30c9 #Beyblade\n#\u6230\u9b25\u9640\u87baX #\u30d9\u30a4\u30d6\u30ec\u30fc\u30c9X #BeybladeX\n\n\n\u3010\u8a02\u95b1\u3011\u53ca\u89c0\u770b\u6d0b\u8525\u66f4\u591a\u5f71\u7247: https://goo.gl/ijP3Eb\n\n\u5de5\u4f5c\u5408\u4f5c\uff1aonionmanwork@gmail.com\nOnion Man \u767e\u842c\u8ffd\u8e64\u7c89\u7d72\u5718:goo.gl/Z5CSvw\n\n\u6700\u65b0\u963f\u6587\u8cbc\u5716:https://reurl.cc/GxYjA\n\n\u7b2c\u4e00\u4ee3\u963f\u6587line\u8cbc\u5716:https://reurl.cc/Wroxx\n\n\u6d0b\u8525\u79c1\u751f\u6d3bIG:https://www.instagram.com/onionman__/\n\n\n\u904b\u52d5\u6f2b\u756b\u88e1\u7684\u4e2d\u4e8c\u8001\u6897\u5287\u60c5\n\u25ba\u7b2c\u4e00\u96c6:https://youtu.be/cMoV1rPH35k\n\u25ba\u7b2c\u4e8c\u96c6:https://youtu.be/iW7LM00lny0\n\u25ba\u7b2c\u4e09\u96c6:https://youtu.be/2G5wu61uCM0\n\u25ba\u7b2c\u56db\u96c6:https://youtu.be/-rP1abYv8n4\n\nOnion Man \u95dc\u9375\u5b57:\n\u4e2d\u4e8c \u80a5\u5b85 \u55ae\u8eab\u6f22 \u55ae\u8eab \u9b6f\u86c7 \u5c4c\u7d72 \u80a5\u5b85",
        "likeCount": "8271",
        "commentCount": "4131",
        "viewCount": "403848"
    },
    "comments": [
        {
            "reply_id": "Ugx5x4koNqk1MmfXRjN4AaABAg",
            "reply_content": "\u6211\u4ee5\u524d\u62ff\u65e5\u672c\u9032\u53e3\u7684\u6230\u9b25\u9640\u87ba\u662f\u91d1\u5c6c\u505a\u7684\uff0c\u7d50\u679c\u6211\u628a\u5225\u4eba\u7684\u5851\u81a0\u6230\u9b25\u9640\u87ba\u7d66\u62c6\u4e86\uff0c\u6709\u5920\u66b4\u529b",
            "likeCount": 1
        },
        {
            "reply_id": "Ugy2snt1hgZugfd9QRt4AaABAg",
            "reply_content": "\u6230\u9b25\u9640\u87ba\u4e00\u76f4\u5230\u73fe\u5728\u90fd\u5f88\u6709\u540d\u53bb\u54ea\u88e1\u6211\u5152\u5b50\u90fd\u6703\u5e36\ud83d\ude05",
            "likeCount": 1
        },
        {
            "reply_id": "UgwVCbSRsv26Xr4gxU94AaABAg",
            "reply_content": "\u6211\u6700\u611b\u9f8d\u9a0e\u58eb",
            "likeCount": 1
        },
        {
            "reply_id": "UgzsKh-U4bjD7X0cFfR4AaABAg",
            "reply_content": "\u6211\u8a18\u5f97\u7b2c\u4e00\u5b63\u7684\u4e3b\u89d2\u53eb\u84bc\u4e95\u9738\u6296\u6230\u9b25\u9640\u87ba\u53eb\u7fd4\u7ffc\u6230\u795e",
            "likeCount": 0
        },
        {
            "reply_id": "UgzbucYpEe5XkGYpm3B4AaABAg",
            "reply_content": "\u6211\u9084\u5728\u92fc\u9435\u4e16\u4ee3",
            "likeCount": 0
        },
        {
            "reply_id": "UgzmUsi7QPrdS9GYKzV4AaABAg",
            "reply_content": "\u6211\u7528\u7684\u662f\u9b54\u5e7b\u9640\u87ba",
            "likeCount": 0
        },
        {
            "reply_id": "UgxcDAPUT_ulpm0rfBF4AaABAg",
            "reply_content": "\u8fa6\u516c\u5ba4\u9084\u653e\u4e86\u8ab0\u7684\u5beb\u771f\u96c6",
            "likeCount": 0
        },
        {
            "reply_id": "Ugz7JogHw6f4x0mAdwV4AaABAg",
            "reply_content": "\u4e3b\u89d2\u7684\u8072\u97f3\u662f\u98a8\u9593\u55ce",
            "likeCount": 0
        },
        {
            "reply_id": "Ugwwj2jzFPCLpkqr-ih4AaABAg",
            "reply_content": "\u5674\u706b\u82b1\u8f2a\u76e4\u5462",
            "likeCount": 0
        },
        {
            "reply_id": "Ugx_yZiyRaZTCHOYjyR4AaABAg",
            "reply_content": "\u7121\u5370\u7248\u7684\u624b\u7e6a\u9640\u87ba\u771f\u7684\u6709\u6599\uff0c\u8001\u52d5\u756b\u5e2b\u7684\u786c\u5e95\u5b50\u975e\u5e38\u624e\u5be6",
            "likeCount": 0
        },
        {
            "reply_id": "UgzDJYj_ZJigPeRTzZR4AaABAg",
            "reply_content": "\u652f\u6301",
            "likeCount": 0
        },
        {
            "reply_id": "UgyPsxkn9Fhb27hjTWp4AaABAg",
            "reply_content": "\u7a81\u7136\u88ab\u8449\u914d\u4e86",
            "likeCount": 0
        },
        {
            "reply_id": "UgxR5AlpiCGpOEZUEUR4AaABAg",
            "reply_content": "\u6211\u7684\u540c\u5e74",
            "likeCount": 0
        },
        {
            "reply_id": "Ugx6sEHaMCHI7m6Pp8J4AaABAg",
            "reply_content": "\u6700\u8fd1\u6230\u9b25\u9640\u87ba\u771f\u7684\u6709\u6253\u7b97\u8981\u628a\u9640\u87ba\u6253\u9020\u6210\u4e16\u754c\u904b\u52d5",
            "likeCount": 0
        },
        {
            "reply_id": "UgxGpOqdLzlgMHiFGhp4AaABAg",
            "reply_content": "\u6700\u611b\u6d0b\u8525\u98db\u5f48\u7684\u9640\u87ba",
            "likeCount": 0
        },
        {
            "reply_id": "Ugzzuffvc7P4vc_uig94AaABAg",
            "reply_content": "\u6211\u8981\u6230\u9b25\u9640\u87ba",
            "likeCount": 0
        },
        {
            "reply_id": "Ugwt6qx90CL9cDoLFMd4AaABAg",
            "reply_content": "\u6211\u9084\u6709\u4ee5\u524d\u7684",
            "likeCount": 0
        },
        {
            "reply_id": "UgyiB3AbROacO-whhLp4AaABAg",
            "reply_content": "\u5c0f\u6642\u5f8c\u73a9\u904e\u7684\u9640\u7f85\u8d85\u591a\uff0c\u6700\u559c\u6b61\u7684\u662f\u6416\u63a7\u7248\u70c8\u7130\u98db\u9cf3",
            "likeCount": 0
        },
        {
            "reply_id": "UgzYMi-gaPA81eT3Z_14AaABAg",
            "reply_content": "\u52fe\u8d77\u6211\u5c0f\u6642\u5019\u6454\u5012\u525b\u597d\u4e0b\u5df4\u53bb\u58d3\u5230\u62c9\u7e69\u9001\u6025\u8a3a\u7e2b\u4e868\u91dd\u7684\u56de\u61b6",
            "likeCount": 0
        },
        {
            "reply_id": "UgxXD58ZkSy0XlbYx8Z4AaABAg",
            "reply_content": "\u6211\u662f\u7d93\u6b77\u92fc\u9435\u5947\u5175",
            "likeCount": 0
        }
    ]
}