{
    "video_info": {
        "id": "8x_TdUYhVm8",
        "channelTitle": "Onion Man",
        "title": "Onion Man | \u8cb7\u8eca\u7684\u4eba\u6703\u505a\u7684\u5e7e\u4ef6\u4e8b",
        "description": "\u8eca\u5b50\u662f\u500b\u5947\u5999\u7684\u6771\u897f\uff0c\u6bcf\u500b\u4eba\u7684\u8eca\u4e0a\u90fd\u6709\u4eba\u751f\u767e\u614b!!\n------\n\u60f3\u9ad4\u9a57\u771f\u5be6\u7af6\u901f\u5feb\u611f?! \u60f3\u8dd1\u904d\u5168\u7403\u77e5\u540d\u8cfd\u9053?!\n\u90a3\u5c31\u4f86\u73a93A\u7d1a\u64ec\u771f\u7af6\u901f\u8cfd\u8eca\u904a\u6232\u300a@\u5dd4\u5cf0\u6975\u901f\u300b\n\u767b\u5165\u9001\u6cd5\u62c9\u5229\u548c\u85cd\u5bf6\u5805\u5c3c\uff0c\u9084\u6709240\u62bd\uff0c\u5e6b\u4f60\u5be6\u73fe\u8d85\u8dd1\u81ea\u7531\nhttps://racehmt.onelink.me/xI1t/h0oro99s\n\n#\u5dd4\u5cf0\u6975\u901f #\u4e0d\u5c2c\u73a9\u5177\u8eca\u771f\u8eca\u624d\u5920\u683c\n\n\u3010\u8a02\u95b1\u3011\u53ca\u89c0\u770b\u6d0b\u8525\u66f4\u591a\u5f71\u7247: https://goo.gl/ijP3Eb\n\n\u5de5\u4f5c\u5408\u4f5c\uff1aonionmanwork@gmail.com\nOnion Man \u767e\u842c\u8ffd\u8e64\u7c89\u7d72\u5718:goo.gl/Z5CSvw\n\n\u6700\u65b0\u963f\u6587\u8cbc\u5716:https://reurl.cc/GxYjA\n\n\u7b2c\u4e00\u4ee3\u963f\u6587line\u8cbc\u5716:https://reurl.cc/Wroxx\n\n\u6d0b\u8525\u79c1\u751f\u6d3bIG:https://www.instagram.com/onionman__/\n\n\n\u904b\u52d5\u6f2b\u756b\u88e1\u7684\u4e2d\u4e8c\u8001\u6897\u5287\u60c5\n\u25ba\u7b2c\u4e00\u96c6:https://youtu.be/cMoV1rPH35k\n\u25ba\u7b2c\u4e8c\u96c6:https://youtu.be/iW7LM00lny0\n\u25ba\u7b2c\u4e09\u96c6:https://youtu.be/2G5wu61uCM0\n\u25ba\u7b2c\u56db\u96c6:https://youtu.be/-rP1abYv8n4\n\nOnion Man \u95dc\u9375\u5b57:\n\u4e2d\u4e8c \u80a5\u5b85 \u55ae\u8eab\u6f22 \u55ae\u8eab \u9b6f\u86c7 \u5c4c\u7d72 \u80a5\u5b85",
        "likeCount": "4696",
        "commentCount": "383",
        "viewCount": "303853"
    },
    "comments": [
        {
            "reply_id": "UgxXJwqW29O9eixK-EF4AaABAg",
            "reply_content": "\u904a\u6232\u8d85\u597d\u73a9\u7684",
            "likeCount": 0
        },
        {
            "reply_id": "UgyGV7ntE_fGn6GY77R4AaABAg",
            "reply_content": "\u62f7\u8c9d\u6211\u770b\u958b\u982d\u5c31\u77e5\u9053\u696d\u914d\u7b11\u6b7b",
            "likeCount": 0
        },
        {
            "reply_id": "Ugxf1BVyXdDgvNDMKVx4AaABAg",
            "reply_content": "\u70ba\u4ec0\u9ebc\u5169\u6b21\u4e09\u5bf6\u90fd\u662f\u540c\u4e00\u53f0",
            "likeCount": 0
        },
        {
            "reply_id": "UgyKS4dbitHIuxaHoN94AaABAg",
            "reply_content": "\u771f\u7684\u8d85\u7b26\u5408\u8cb7\u65b0\u8eca\u7684\u4eba\u5440",
            "likeCount": 0
        },
        {
            "reply_id": "UgyyhCO2XwNgVFRdI-l4AaABAg",
            "reply_content": "\u771f\u7684\u5f88\u559c\u6b61\u6d17\u8eca",
            "likeCount": 0
        },
        {
            "reply_id": "Ugx8CJ9WexfIrUQt32p4AaABAg",
            "reply_content": "\u8cb7\u8eca\u64c1\u6709\u81ea\u5df1\u7684\u7a7a\u9593\u771f\u7684\u8d85\u723d \u6709\u5920\u8212\u670d\u8d85\u81ea\u7531",
            "likeCount": 0
        },
        {
            "reply_id": "Ugxg-0qWlXpLB1yGFet4AaABAg",
            "reply_content": "\u6c92\u8eca\u7684\u4eba\u9023\u505a\u9019\u4e9b\u90fd\u662f\u5962\u4f88",
            "likeCount": 0
        },
        {
            "reply_id": "UgxyvN-inD91Y9GAGpJ4AaABAg",
            "reply_content": "\u4eab\u53d7\u500b\u4eba\u7a7a\u9593\u662f\u771f\u7684",
            "likeCount": 0
        },
        {
            "reply_id": "Ugy2qhFrCvT_NNtYfv94AaABAg",
            "reply_content": "\u9019\u904a\u6232\u597d\u73a9\u55ce",
            "likeCount": 0
        },
        {
            "reply_id": "Ugy-qN9aA5mLTkMyFmR4AaABAg",
            "reply_content": "\u70ba\u4ec0\u9ebc\u963f\u6587\u88f8\u4e0a\u8eab\u5728\u623f\u9593",
            "likeCount": 0
        },
        {
            "reply_id": "UgxxO-G5WUwABPV13l14AaABAg",
            "reply_content": "\u771f\u7684\u8b1b\u9053\u8eca\u4e3b\u7684\u5fc3\u574e\u88e1",
            "likeCount": 0
        },
        {
            "reply_id": "UgzCF194F1nZMXRQwnV4AaABAg",
            "reply_content": "\u5e79",
            "likeCount": 0
        },
        {
            "reply_id": "UgyHk6A01r_UOhT_kn54AaABAg",
            "reply_content": "\u53ea\u8981\u8eca\u5b50\u6709\u4e00\u9ede\u9ede\u6c61\u6f2c\u5c31\u76f4\u63a5\u53bb\u6d17\u8eca",
            "likeCount": 0
        },
        {
            "reply_id": "UgzuocYY58bpg3cVFod4AaABAg",
            "reply_content": "\u62bd\u62bd",
            "likeCount": 0
        },
        {
            "reply_id": "Ugwt3cmc9Oj8wDi9Ngt4AaABAg",
            "reply_content": "\u8b9a",
            "likeCount": 0
        },
        {
            "reply_id": "Ugyb57HjNF4cVoyxufN4AaABAg",
            "reply_content": "",
            "likeCount": 0
        },
        {
            "reply_id": "UgwdDRNGSCDlsCWu7EB4AaABAg",
            "reply_content": "\u6211\u672c\u4f86\u4ee5\u70ba\u662f\u738b\u724c\u7af6\u901f",
            "likeCount": 0
        },
        {
            "reply_id": "UgzlYbvDvQpwfbFDJrt4AaABAg",
            "reply_content": "\u6211\u559c\u6b61\u57f9\u6839",
            "likeCount": 0
        },
        {
            "reply_id": "Ugy7qcGEwStVTMPcK914AaABAg",
            "reply_content": "\u505c\u597d\u8eca\u8981\u591a\u770b\u5e7e\u773c\u963f",
            "likeCount": 0
        },
        {
            "reply_id": "Ugxp3bITbq2Z40KfEKp4AaABAg",
            "reply_content": "\u525b\u624d\u624d\u73a9\u5dd4\u5cf0\u6975\u901f\u5169\u5929\u9001\u85cd\u5bf6\u5805\u5c3c\u4e03\u5929\u9001\u6cd5\u62c9\u5229\u662f\u771f\u7684",
            "likeCount": 0
        }
    ]
}