{
    "video_info": {
        "id": "_oVVOErvtw8",
        "channelTitle": "Onion Man",
        "title": "Onion Man | \u7834\u7522\u9084\u662f\u767c\u8ca1\uff1f\u535a\u921e\u7684\u58d3\u8eab\u5bb6\u8ced\u6cd5\uff01\uff1f\u6fb3\u9580\u8ced\u5834\u7bc7(\u4e0b)",
        "description": "\u535a\u921e\u60f3\u51fa\u4e00\u62db\u5fc5\u52dd\u8ced\u6cd5\uff0c\u7a76\u7adf\u80fd\u5426\u5927\u6bba\u56db\u65b9?\n\n\u3010\u8a02\u95b1\u3011\u53ca\u89c0\u770b\u6d0b\u8525\u66f4\u591a\u5f71\u7247: https://goo.gl/ijP3Eb\n\n\u5de5\u4f5c\u5408\u4f5c\uff1aonionmanwork@gmail.com\nOnion Man \u767e\u842c\u8ffd\u8e64\u7c89\u7d72\u5718:goo.gl/Z5CSvw\n\n\u6700\u65b0\u963f\u6587\u8cbc\u5716:https://reurl.cc/GxYjA\n\n\u7b2c\u4e00\u4ee3\u963f\u6587line\u8cbc\u5716:https://reurl.cc/Wroxx\n\n\u6d0b\u8525\u79c1\u751f\u6d3bIG:https://www.instagram.com/onionman__/\n\n\n\u904b\u52d5\u6f2b\u756b\u88e1\u7684\u4e2d\u4e8c\u8001\u6897\u5287\u60c5\n\u25ba\u7b2c\u4e00\u96c6:https://youtu.be/cMoV1rPH35k\n\u25ba\u7b2c\u4e8c\u96c6:https://youtu.be/iW7LM00lny0\n\u25ba\u7b2c\u4e09\u96c6:https://youtu.be/2G5wu61uCM0\n\u25ba\u7b2c\u56db\u96c6:https://youtu.be/-rP1abYv8n4\n\nOnion Man \u95dc\u9375\u5b57:\n\u4e2d\u4e8c \u80a5\u5b85 \u55ae\u8eab\u6f22 \u55ae\u8eab \u9b6f\u86c7 \u5c4c\u7d72 \u80a5\u5b85",
        "likeCount": "6876",
        "commentCount": "654",
        "viewCount": "509003"
    },
    "comments": [
        {
            "reply_id": "Ugw7-bgykCEXrjDIcd94AaABAg",
            "reply_content": "\u6211\u4ee5\u70ba\u96d9\u4eba\u500d\u500d\u5b89\u5fc3\u8ced\u535a\u6cd5\u6703\u88ab\u7da0\u8272\u901a\u6bba\u8036\ud83d\ude02",
            "likeCount": 1
        },
        {
            "reply_id": "Ugw0gMP4Mj_nw84DZcl4AaABAg",
            "reply_content": "\u7b2c\u4e8c\u9891\u9053\u4ec0\u4e48\u540d\u5b57",
            "likeCount": 0
        },
        {
            "reply_id": "Ugwu5JQGoP89qXRAVBp4AaABAg",
            "reply_content": "\u6e2f\u5e63\u5f88\u4e0d\u503c\uff0c\u53f0\u5e63\u66f4\u52a0\u4e0d\u503c\u679c\u7136\u9084\u662f\u4eba\u6c11\u5e63\u597d",
            "likeCount": 0
        },
        {
            "reply_id": "UgzLI1dhG5kTEGKrE8F4AaABAg",
            "reply_content": "\u5e79",
            "likeCount": 0
        },
        {
            "reply_id": "UgxlXVpeuLpeDpPXioJ4AaABAg",
            "reply_content": "\u500d\u6295\u503e\u5bb6\u8361\u4ea7",
            "likeCount": 0
        },
        {
            "reply_id": "Ugwn2SJWtFS4MNBSGQN4AaABAg",
            "reply_content": "\u6d0b\u8525\u7f75\u9ad2\u8a71\u90fd\u8d85\u597d\u7b11",
            "likeCount": 0
        },
        {
            "reply_id": "Ugz9Udjtda6fefVi0-R4AaABAg",
            "reply_content": "\u6258",
            "likeCount": 0
        },
        {
            "reply_id": "Ugy2_kCiQhDDzuiYry94AaABAg",
            "reply_content": "\u500d\u500d\u6539\u5176\u5be6\u53ef\u4ee5\u5169\u500b\u4eba\u90fd\u4e00\u76f4\u52a0",
            "likeCount": 0
        },
        {
            "reply_id": "UgxwnCBtRmRHGWfXHIt4AaABAg",
            "reply_content": "\u9019\u4e0d\u662f\u5169\u6d25\u52d8\u5409\u7684\u500d\u500d\u5132\u84c4\u6cd5\u55ce",
            "likeCount": 0
        },
        {
            "reply_id": "Ugy9eBK1q6ADMJiznSd4AaABAg",
            "reply_content": "\u8ddf\u5c04\u9f8d\u9580\u4e00\u6a23",
            "likeCount": 0
        },
        {
            "reply_id": "Ugxfe17OIf44Lg7UewZ4AaABAg",
            "reply_content": "\u9014\u4e2d\u7a81\u7136\u958b\u53f8\u81c9\u597d\u597d\u7b11",
            "likeCount": 0
        },
        {
            "reply_id": "UgwAsYCUPuxdxuVVlWZ4AaABAg",
            "reply_content": "\u8b9a\u5566",
            "likeCount": 0
        },
        {
            "reply_id": "UgxkHXSepGuGWz2WZpF4AaABAg",
            "reply_content": "\u592a\u68d2\u5566",
            "likeCount": 0
        },
        {
            "reply_id": "Ugy2reCGdOsdgNk1nJ14AaABAg",
            "reply_content": "\u770b\u5230\u6700\u5f8c\u9762\u88ab\u4e00\u5806\u602a\u4eba\u642d\u8a15\u6211\u5feb\u7b11\u6b7b\u4e86\u5566",
            "likeCount": 0
        },
        {
            "reply_id": "UgwFUSranqKQTuIk6sx4AaABAg",
            "reply_content": "\u5c0f\u8ced\u6021\u60c5",
            "likeCount": 0
        },
        {
            "reply_id": "Ugw5S1cSJafjonKRYdB4AaABAg",
            "reply_content": "\u53bb\u6fb3\u9580\u5c31\u8ddf\u6d0b\u8525\u4e00\u6a23\u7528\u500d\u500d\u8ced\u535a\u6cd5\u7684\u4eba\u4e00\u5b9a\u5927\u589e\ud83d\ude39",
            "likeCount": 0
        },
        {
            "reply_id": "UgxhL6_mvFxw3a5AiZp4AaABAg",
            "reply_content": "\u60f3\u5728\u8ced\u5834\u4e0a\u8cfa\u9322\u7684\u9019\u500b\u60f3\u6cd5\u5c31\u8f38\u5728\u8d77\u8dd1\u9ede\u4e86",
            "likeCount": 0
        },
        {
            "reply_id": "UgwuF9uMgr-Pg7HW23B4AaABAg",
            "reply_content": "\u770b\u6d0b\u8525\u7684\u6d3b\u52d5\u7bc4\u570d\u597d\u50cf\u90fd\u96c6\u4e2d\u5728\u6c39\u4ed4\uff0c\u4f46\u5176\u5be6\u6fb3\u9580\u5cf6\u548c\u8def\u74b0\u5cf6\u4e5f\u6709\u4e00\u5927\u5806\u8461\u8404\u7259\u7684\u4e16\u754c\u907a\u7522\u548c\u6b50\u6d32\u666f\u9ede\u5566\uff0c\u6c92\u6709\u53bb\u771f\u7684\u6709\u9ede\u53ef\u60dc\uff0c\u5982\u679c\u9084\u6709\u4e0b\u6b21\u7684\u8a71\u4f86\u6fb3\u9580\u4e0d\u4e00\u5b9a\u8981\u8ced\u5566",
            "likeCount": 4
        },
        {
            "reply_id": "UgxQfMrYvyI5bJzYP_l4AaABAg",
            "reply_content": "\u5e0c\u671b\u51fa\u6fb3\u9580\u7f8e\u98df\u7bc7",
            "likeCount": 1
        },
        {
            "reply_id": "Ugxm5Aq89O7lnCrJYtx4AaABAg",
            "reply_content": "\u73a9\u90a3\u4e00\u9ede\u4e7e\u8106\u4e0d\u8981\u73a9",
            "likeCount": 0
        }
    ]
}