{
    "video_info": {
        "id": "CylbeMcM0Z4",
        "channelTitle": "Onion Man",
        "title": "\u670b\u53cb\u5abd\u5abd\u88ab\u611f\u60c5\u8a50\u9a19200\u842c...\u5927\u5bb6\u8981\u5e38\u5e38\u95dc\u5fc3\u9577\u8f29\u5537 | Onion Man",
        "description": "\u4e00\u6bb5\u5bc2\u5bde\u9020\u5c31\u7684\u611b\u60c5\u6545\u4e8b....\n\n#\u4fee\u4f46\u5e7e\u52d2 \u7db2\u8def\u8cc7\u8a0a\u8a18\u5f97\u8981\u505c\u770b\u807d\uff01\n\n\u5047\u5c08\u5bb6\u4e0d\u53ea\u6703\u9a19\u8377\u5305...\n\u9084\u6703\u9a19\u611f\u60c5 QQ\n\n\n\u3010\u8a02\u95b1\u3011\u53ca\u89c0\u770b\u6d0b\u8525\u66f4\u591a\u5f71\u7247: https://goo.gl/ijP3Eb\n\n\u5de5\u4f5c\u5408\u4f5c\uff1aonionmanwork@gmail.com\nOnion Man \u767e\u842c\u8ffd\u8e64\u7c89\u7d72\u5718:goo.gl/Z5CSvw\n\n\u6700\u65b0\u963f\u6587\u8cbc\u5716:https://reurl.cc/GxYjA\n\n\u7b2c\u4e00\u4ee3\u963f\u6587line\u8cbc\u5716:https://reurl.cc/Wroxx\n\n\u6d0b\u8525\u79c1\u751f\u6d3bIG:https://www.instagram.com/onionman__/\n\n\n\u904b\u52d5\u6f2b\u756b\u88e1\u7684\u4e2d\u4e8c\u8001\u6897\u5287\u60c5\n\u25ba\u7b2c\u4e00\u96c6:https://youtu.be/cMoV1rPH35k\n\u25ba\u7b2c\u4e8c\u96c6:https://youtu.be/iW7LM00lny0\n\u25ba\u7b2c\u4e09\u96c6:https://youtu.be/2G5wu61uCM0\n\u25ba\u7b2c\u56db\u96c6:https://youtu.be/-rP1abYv8n4\n\nOnion Man \u95dc\u9375\u5b57:\n\u4e2d\u4e8c \u80a5\u5b85 \u55ae\u8eab\u6f22 \u55ae\u8eab \u9b6f\u86c7 \u5c4c\u7d72 \u80a5\u5b85",
        "likeCount": "624",
        "commentCount": "13",
        "viewCount": "330082"
    },
    "comments": [
        {
            "reply_id": "Ugykt4fzYFt6qrwrWuJ4AaABAg",
            "reply_content": "\u5361",
            "likeCount": 3
        },
        {
            "reply_id": "UgzKk9AFIVLAyuenzel4AaABAg",
            "reply_content": "\u4fee\u4f46\u5e7e\u52d2",
            "likeCount": 3
        },
        {
            "reply_id": "UgzxVTB8ByaZsScmW_94AaABAg",
            "reply_content": "\u4e0d\u662f\u89c0\u770b\u6700\u591a\u7136\u540e\u8b9a\u6700\u5c11",
            "likeCount": 0
        }
    ]
}