{
    "video_info": {
        "id": "jpV0H_mlC2o",
        "channelTitle": "Onion Man",
        "title": "Onion Man | \u5728\u7f8e\u570b\u88ab\u786c\u585eCD\u9084\u8ce3\u8d85\u8cb4!! \u5145\u6eff\u9a5a\u559c\u7684\u7f8e\u570b\u884c!!    @JBao@huzi1989 @DOILYLIFE",
        "description": "\u975e\u5e38\u5e78\u798f\uff0c\u81ea\u80a5\u7684\u4e00\u8d9f\u65c5\u7a0b\uff0c\u6bcf\u5929\u90fd\u597dCHILL~~~\n\n\u751f\u6d3b\u592a\u7121\u804a\uff0c\u5c31\u73a9\u3010\u7a7a\u4e4b\u8981\u585e\uff1a\u555f\u822a\u3011\ud83d\udc49\ud83c\udffb https://bit.ly/3DZBb0z\n\u9084\u6709\u6d0b\u8525\u7684\u5c08\u5c6c\u79ae\u5305\u78bc\u3010Onion777\u3011\uff0c\u53c8\u9999\u53c8\u5a46\u7684\u89d2\u8272\u4e00\u6b21\u62bd\u5230\u6eff\uff01\n\u65e5\u5f0f\u84b8\u6c7d\u5e7b\u60f3\u5192\u96aa\u4e4b\u65c5\uff0c\u8ddf\u6211\u4e00\u8d77\u51fa\u767c\u5427\uff01\n\n\u3010\u8a02\u95b1\u3011\u53ca\u89c0\u770b\u6d0b\u8525\u66f4\u591a\u5f71\u7247: https://goo.gl/ijP3Eb\n\n\u5de5\u4f5c\u5408\u4f5c\uff1aonionmanwork@gmail.com\nOnion Man \u767e\u842c\u8ffd\u8e64\u7c89\u7d72\u5718:goo.gl/Z5CSvw\n\n\u6700\u65b0\u963f\u6587\u8cbc\u5716:https://reurl.cc/GxYjA\n\n\u7b2c\u4e00\u4ee3\u963f\u6587line\u8cbc\u5716:https://reurl.cc/Wroxx\n\n\u6d0b\u8525\u79c1\u751f\u6d3bIG:https://www.instagram.com/onionman__/\n\n\n\u904b\u52d5\u6f2b\u756b\u88e1\u7684\u4e2d\u4e8c\u8001\u6897\u5287\u60c5\n\u25ba\u7b2c\u4e00\u96c6:https://youtu.be/cMoV1rPH35k\n\u25ba\u7b2c\u4e8c\u96c6:https://youtu.be/iW7LM00lny0\n\u25ba\u7b2c\u4e09\u96c6:https://youtu.be/2G5wu61uCM0\n\u25ba\u7b2c\u56db\u96c6:https://youtu.be/-rP1abYv8n4\n\nOnion Man \u95dc\u9375\u5b57:\n\u4e2d\u4e8c \u80a5\u5b85 \u55ae\u8eab\u6f22 \u55ae\u8eab \u9b6f\u86c7 \u5c4c\u7d72 \u80a5\u5b85",
        "likeCount": "5607",
        "commentCount": "391",
        "viewCount": "354482"
    },
    "comments": [
        {
            "reply_id": "Ugy2eXkJZHuUeqvOinh4AaABAg",
            "reply_content": "\u5230\u6021\u5b78\u6d0b\u8525\u8dd1\u6b65\u8ddf\u6253\u7403\u90a3\u6bb5\u5f88\u597d\u7b11",
            "likeCount": 0
        },
        {
            "reply_id": "Ugx4gg7g1Rjsh7ugU4p4AaABAg",
            "reply_content": "\u597d\u559c\u6b61\u6d0b\u8525\u51fa\u570b\u7684\u7247\ud83c\udf89\u8acb\u4f60\u7e7c\u7e8c\u8d70\u904d\u4e16\u754c\u5404\u5730",
            "likeCount": 0
        },
        {
            "reply_id": "Ugy66jlwwFaqlbNvrXp4AaABAg",
            "reply_content": "\u8212\u670d",
            "likeCount": 0
        },
        {
            "reply_id": "Ugy6plcfCW8WYtSYUxV4AaABAg",
            "reply_content": "\u5357\u5d01\u662f\u4e09\u5c0f\u5566\u54c8\u54c8\u54c8",
            "likeCount": 0
        },
        {
            "reply_id": "UgziOMWH0NFBOl6nHJF4AaABAg",
            "reply_content": "\u7d50\u679c\u53f0\u7063\u96de\u86cb\u8cb4\u7206",
            "likeCount": 0
        },
        {
            "reply_id": "UgyNrPG646RE4zYhNMV4AaABAg",
            "reply_content": "\u6709\u8179\u808c\u53c8\u6703\u6253\u7c43\u7403\u53c8\u6703\u8b1b\u82f1\u6587\u53c8\u6703\u8dd1\u6b65\u5403\u8349\u64bf\u98db\u76e4\u7684\u6d0b\u8525",
            "likeCount": 0
        },
        {
            "reply_id": "UgyoMQ0NIAM8_oey1Q54AaABAg",
            "reply_content": "\u53bb\u904e\u570b\u5916\u611f\u53d7\u5230\u570b\u5916\u7684\u5929\u6c23\u5c31\u6703\u958b\u59cb\u8a8d\u540c\u932b\u862d\u8aaa\u7684\u8a71",
            "likeCount": 0
        },
        {
            "reply_id": "Ugz9yokwlSOemVhud4J4AaABAg",
            "reply_content": "\u6211\u4e00\u500b\u6708\u524d\u5728\u820a\u91d1\u5c71",
            "likeCount": 0
        },
        {
            "reply_id": "Ugx4RkNYcVN7IK4_eJZ4AaABAg",
            "reply_content": "\u6211\u89aa\u621a\u5bb6\u5c31\u662f\u90a3\u7a2e\u5169\u9593\u623f\u5171\u7528\u4e00\u500b\u5ec1\u6240\u6d74\u5ba4\u7684",
            "likeCount": 0
        },
        {
            "reply_id": "UgxLrwKif-tVv8s7lSt4AaABAg",
            "reply_content": "\u62bd",
            "likeCount": 0
        },
        {
            "reply_id": "Ugy0j4vONrAXS0Kimxp4AaABAg",
            "reply_content": "\u62bd",
            "likeCount": 0
        },
        {
            "reply_id": "UgxjPTmEAtBXgdHjsrR4AaABAg",
            "reply_content": "\u5169\u9593\u623f\u9593\u5171\u540c\u5ec1\u6240!\u4ee5\u524d\u4f4f\u5927\u6eaa\u4e5f\u662f\u9019\u7a2e\u683c\u5c40",
            "likeCount": 0
        },
        {
            "reply_id": "UgxkEsMoZOuGE34rjsR4AaABAg",
            "reply_content": "\u7a81\u7136\u767c\u73fe\u5927\u4fbf\u6642\u770b\u6d0b\u8525\u5f71\u7247\u5c31\u5927\u5f97\u51fa\u4f86",
            "likeCount": 0
        },
        {
            "reply_id": "UgxijDnLmlufC7SFb2Z4AaABAg",
            "reply_content": "\u97d3\u570b\u59b9\u5b50\u771f\u7684\u6b63",
            "likeCount": 0
        },
        {
            "reply_id": "UgxaR77MaEVxWMjUekl4AaABAg",
            "reply_content": "\u90a3\u500b\u7c43\u7403\u904a\u6232\u7684\u97f3\u6a02\u771f\u7684\u597d\u61f7\u5ff5",
            "likeCount": 0
        },
        {
            "reply_id": "UgzwQfRJEsrfG5R5-jV4AaABAg",
            "reply_content": "\u8ddf\u97d3\u570b\u5973\u4e0d\u662f\u90fd\u4e00\u76f4\u5728\u5bb6\u88e1\u760b\u72c2\u505a\u83dc\u55ce",
            "likeCount": 0
        },
        {
            "reply_id": "UgzHq6WVO0pAp4hAJat4AaABAg",
            "reply_content": "\u6709\u6de1\u6c34\u7684\u611f\u89ba",
            "likeCount": 0
        },
        {
            "reply_id": "UgyahEpTGgfV8wqWD7R4AaABAg",
            "reply_content": "\u611f\u89ba\u6d0b\u8525\u8d8a\u4f86\u8d8a\u8d8a\u73fe\u5145\u4e86\n\u5f88\u958b\u5fc3\u4f60\u771f\u9ebc\u597d\u4f46\u611f\u89ba\u5dee\u5225\u8d8a\u4f86\u8d8a\u591a\n\u7e7c\u7e8c\u52a0\u6cb9\u76f8\u4fe1\u4f60\u80fd\u66f4\u597d\u7684",
            "likeCount": 12
        },
        {
            "reply_id": "Ugzx-0K7FZe7yhyUTjh4AaABAg",
            "reply_content": "\u53f0\u7063\u4e5f\u4e0d\u5c11\u9019\u7a2e\u767d\u7661\u63a8\u92b7\u4e4b\u524d\u9047\u904e\u73fe\u5728\u90fd\u4e0d\u7406\u8ddf\u4ed6\u8aaa\u8d95\u6642\u9593\uff0c\u9084\u66fe\u7d93\u5728\u5357\u52e2\u89d2\u9047\u5230\u76f4\u63a5\u8a0e\u9322\u8aaa\u8981\u5403\u98ef\u4e1f\u4e86\u4e09\u5341\u6211\u5c31\u8d70\u4e86\u3002",
            "likeCount": 0
        },
        {
            "reply_id": "UgxEHWwyuJLm0cUVE314AaABAg",
            "reply_content": "\u7a7f\u62d6\u978b\u6253\u7c43\u7403\u90a3\u4f4d\u6709\u9ede\u4e0d\u5c0a\u91cd",
            "likeCount": 0
        }
    ]
}