{
    "video_info": {
        "id": "L2vcd-GxrjM",
        "channelTitle": "Onion Man",
        "title": "Onion Man | \u6eff\u8857\u66b4\u767c\u6236\u7684\u5962\u83ef\u57ce\u5e02\uff01\u6fb3\u9580\u8ced\u5834\u7bc7(\u4e0a) \u6d0b\u8525\u7684\u4e5e\u4e10\u8ced\u6cd5\u7bc7",
        "description": "\u6d0b\u8525\u60f3\u4e86\u89e3\u8ced\u57ce\u5230\u5e95\u597d\u73a9\u5728\u54ea\uff0c\u7279\u5730\u98db\u5230\u6fb3\u9580\u6311\u6230\u4e00\u756a\uff0c\u6c92\u60f3\u5230\u9019\u88e1\u771f\u4e0d\u662f\u4e00\u822c\u4eba\u8ced\u5f97\u8d77\u7684....\n\n\u3010\u8a02\u95b1\u3011\u53ca\u89c0\u770b\u6d0b\u8525\u66f4\u591a\u5f71\u7247: https://goo.gl/ijP3Eb\n\n\u5de5\u4f5c\u5408\u4f5c\uff1aonionmanwork@gmail.com\nOnion Man \u767e\u842c\u8ffd\u8e64\u7c89\u7d72\u5718:goo.gl/Z5CSvw\n\n\u6700\u65b0\u963f\u6587\u8cbc\u5716:https://reurl.cc/GxYjA\n\n\u7b2c\u4e00\u4ee3\u963f\u6587line\u8cbc\u5716:https://reurl.cc/Wroxx\n\n\u6d0b\u8525\u79c1\u751f\u6d3bIG:https://www.instagram.com/onionman__/\n\n\n\u904b\u52d5\u6f2b\u756b\u88e1\u7684\u4e2d\u4e8c\u8001\u6897\u5287\u60c5\n\u25ba\u7b2c\u4e00\u96c6:https://youtu.be/cMoV1rPH35k\n\u25ba\u7b2c\u4e8c\u96c6:https://youtu.be/iW7LM00lny0\n\u25ba\u7b2c\u4e09\u96c6:https://youtu.be/2G5wu61uCM0\n\u25ba\u7b2c\u56db\u96c6:https://youtu.be/-rP1abYv8n4\n\nOnion Man \u95dc\u9375\u5b57:\n\u4e2d\u4e8c \u80a5\u5b85 \u55ae\u8eab\u6f22 \u55ae\u8eab \u9b6f\u86c7 \u5c4c\u7d72 \u80a5\u5b85",
        "likeCount": "7271",
        "commentCount": "792",
        "viewCount": "610957"
    },
    "comments": [
        {
            "reply_id": "UgyqkNGYQ8zxJgZp5lh4AaABAg",
            "reply_content": "\u8d85\u6d3e",
            "likeCount": 5
        },
        {
            "reply_id": "Ugz6rryO01UVms7mWYp4AaABAg",
            "reply_content": "\u611f\u89ba\u5149\u662f\u7ad9\u5728\u8ced\u684c\u65c1\u5c31\u80fd\u770b\u76e1\u4eba\u751f\u767e\u614b\u4e86\uff0c\u597d\u60f3\u53bb\u89c0\u6230\u963f\u54c8\u54c8\u54c8\u8ca1\u529b\u4e0d\u5920\u96c4\u539a\u4e0d\u6562\u81ea\u5df1\u8ced",
            "likeCount": 1
        },
        {
            "reply_id": "UgwcSWhPJZn3i405F9F4AaABAg",
            "reply_content": "\u6211\u767c\u73fe\u6d0b\u8525\u771f\u7684\u624d\u662f\u90a3\u7a2e\u6703\u51f9\u5230\u5e95\u7684\u4eba\uff0c\u73a9\u80a1\u7968\u7684\u8a71\u4e0d\u662f\u5927\u8cfa\u5c31\u662f\u8f38\u5230\u7834\u7522\u985e\u578b",
            "likeCount": 0
        },
        {
            "reply_id": "UgyNkSIaUqQDwF6SYuN4AaABAg",
            "reply_content": "\u8d85\u6d3e",
            "likeCount": 0
        },
        {
            "reply_id": "UgzMMsVz21feFRM5uSV4AaABAg",
            "reply_content": "\u8ced\u5834\u6b63\u5e38\u4e0d\u53ef\u62cd\u651d",
            "likeCount": 0
        },
        {
            "reply_id": "UgznUEaxevKavX4vzSl4AaABAg",
            "reply_content": "\u53ea\u80fd\u5f9e\u559d\u53ef\u6a02\u4f86\u56de\u672c\u4e86\u54c8\u54c8",
            "likeCount": 0
        },
        {
            "reply_id": "UgzJWUlzZayd8sfRsgJ4AaABAg",
            "reply_content": "\u5341\u8ced\u4e5d\u8f38",
            "likeCount": 0
        },
        {
            "reply_id": "UgyRmJbeMPiGO5iRPZZ4AaABAg",
            "reply_content": "\u770b\u4f86\u53bb\u6fb3\u9580\u5f97\u7b97\u559d\u591a\u5c11\u53ef\u6a02\u53ef\u4ee5\u56de\u672c\u6a5f\u7968\u9322\ud83d\ude05",
            "likeCount": 0
        },
        {
            "reply_id": "UgyCVkNGtVFYmjaLOPR4AaABAg",
            "reply_content": "\u90a3\u7a2e\u96a8\u4fbf\u7a7f\u7684\u771f\u7684\u5f88\u591a\u90fd\u662f\u5927\u9678\u571f\u8c6a",
            "likeCount": 0
        },
        {
            "reply_id": "UgxSjU887BHZHjiZuNN4AaABAg",
            "reply_content": "\u535a\u5747\u6709\u5f88\u660e\u986f\u7684\u80f8\u808c\u6b38",
            "likeCount": 0
        },
        {
            "reply_id": "UgyyYz2_22BaFK8tebB4AaABAg",
            "reply_content": "\u53ef\u6015",
            "likeCount": 0
        },
        {
            "reply_id": "Ugz7uwvI7oBP_1-dLoZ4AaABAg",
            "reply_content": "\u9019\u4f30\u8a08\u662f\u96e2\u6d0b\u8525\u6700\u8fd1\u7684\u4e00\u6b21\u7684\u4e86\u5427\u54c8\u54c8",
            "likeCount": 0
        },
        {
            "reply_id": "UgwCl_zY4-YYpfWznEJ4AaABAg",
            "reply_content": "\u6d0b\u8525\u9019\u7a2e\u5c31\u662f\u8ced\u5834\u660e\u71c8",
            "likeCount": 0
        },
        {
            "reply_id": "UgyUz8qYXb3ySElTGUh4AaABAg",
            "reply_content": "\u5c0d\u65bc\u6211\u4f9d\u500b\u6fb3\u9580\u4eba\u569f\u8b1b\u6bd4\u8f03\u937e\u610f\u6fb3\u9580\u5605\u7f8e\u98df\ud83d\ude01",
            "likeCount": 0
        },
        {
            "reply_id": "UgwPBj8WCbMkCtjtI8d4AaABAg",
            "reply_content": "\u8ced\u5834\u773e\u9ede\u662f\u514d\u8cbb\u53ef\u6a02",
            "likeCount": 0
        },
        {
            "reply_id": "UgwTF1ESoEnYFcHSk9V4AaABAg",
            "reply_content": "\u70ba\u4ec0\u9ebc\u5169\u5929\u90fd\u662f\u4e0b\u96c6",
            "likeCount": 0
        },
        {
            "reply_id": "Ugyty6-VoPLDYZ_e8YZ4AaABAg",
            "reply_content": "\u8ced\u5834\u5167\u662f\u4e0d\u80fd\u62cd\u651d\u7684\u5594",
            "likeCount": 0
        },
        {
            "reply_id": "Ugw1QfmvHz8I_SydzPR4AaABAg",
            "reply_content": "\u524d\u9762\u5c45\u7136\u9078\u4e86\u4e00\u500b\u53d6\u53f0\u7063\u666f\u7684\u96fb\u5f71\u4f86\u7576\u6fb3\u9580\u7684\u756b\u9762\uff1f",
            "likeCount": 0
        },
        {
            "reply_id": "UgyTpOkZX2G1oUwoOSl4AaABAg",
            "reply_content": "\u756b\u5f97\u6545\u4e8b\u8d8a\u4f86\u8d8a\u7121\u804a",
            "likeCount": 0
        },
        {
            "reply_id": "UgxtOo2Q3E4ZHB3H7Gt4AaABAg",
            "reply_content": "\u672c\u6765\u4ee5\u4e3a\u662f\u63d0\u5021\u6212\u8d4c\u5f71\u7247",
            "likeCount": 0
        }
    ]
}