{
    "video_info": {
        "id": "l34FYbwqaMA",
        "channelTitle": "Onion Man",
        "title": "Onion Man | \u9ad8EQ\u4ed4 VS \u7206\u6c23\u4ed4!! \u7528\u7b11\u5bb9\u61c9\u5c0d\u706b\u7206\u885d\u7a81\u7684\u6545\u4e8b!!",
        "description": "\u672c\u7bc7\u6536\u96c6\u4e86\u4e00\u4e9b\u706b\u7206\u885d\u7a81\u6545\u4e8b\uff0c\u9019\u6b21\u6d0b\u8525\u6c7a\u5b9a\u7528\u9ad8EQ\u7684\u7b11\u5bb9\u61c9\u5c0d\n\u4e0d\u518d\u786c\u78b0\u786c\uff0c\u8b93\u5927\u5bb6\u770b\u770b\u6b63\u80fd\u91cf\u7684\u5f37\u5927\n\n\u3010Zenyum \u7dbb\u96c5\u96b1\u5f62\u7259\u5957\u3011\n\n\u900f\u904e\u5c08\u5c6c\u9023\u7d50\u5b8c\u6210\u514d\u8cbb\u7dda\u4e0a\u8a55\u4f30\uff0c5\u5206\u9418\u5373\u53ef\u5feb\u901f\u5b8c\u6210\n\u5c08\u5c6c\u512a\u60e0\uff1ahttps://bit.ly/3tk5HjL\n\n\u274d \u7259\u5957\u5747\u4e00\u50f9\uff5c\u5e02\u9762\u4e0a\u552f\u4e00\u5747\u4e00\u6536\u8cbb\u7684\u54c1\u724c\uff0c\u8f15\u77ef\u6b63\u65b9\u6848\u53ea\u89817\u842c2\n\u274d \u591a\u5143\u4ed8\u6b3e\u65b9\u5f0f \uff5c\u4fe1\u7528\u5361\u6216\u7121\u5361\u5206\u671f\u6700\u9ad8 12 \u671f\u96f6\u5229\u7387\n\u274d \u7dda\u4e0a\u514d\u8cbb\u521d\u6b65\u8a55\u4f30\uff5c\u4e0a\u50b3\u57fa\u672c\u8cc7\u6599\u53ca\u56db\u5f35\u7259\u9f52\u7167\u7247\uff0c5\u5206\u9418\u5373\u53ef\u5feb\u901f\u5b8c\u6210\n\u274d \u7259\u5957\u900f\u660e\u8a2d\u8a08\uff5c\u96b1\u5f62\u7259\u5957\u5b8c\u5168\u900f\u660e\uff0c\u4e0d\u50c5\u7f8e\u89c0\uff0c\u4e14\u8cbc\u5408\u7259\u9f52\u4e0d\u6613\u522e\u50b7\u53e3\u8154\u3002\n\u274d \u5c08\u696d\u91ab\u5e2b\uff5c\u570b\u5bb6\u8003\u8a66\u8a8d\u8b49\u7259\u91ab\u89aa\u81ea\u8a3a\u65b7\u4ee5\u53ca\u88fd\u4f5c\u5c08\u5c6c\u6cbb\u7642\u8a08\u756b\n\u274d \u667a\u6167\u8ffd\u8e64\uff5cZenyum App\u7d00\u9304\u53ca\u9060\u7aef\u8ffd\u8e64\u7642\u7a0b\u9032\u5ea6\n\n\u628a\u63e12023\u5e74\u672b\u6700\u512a\u60e0\u6d3b\u52d5\u300cZenyum\u5718\u7d50\u5b63 \u6298\u6263\u7531\u4f60\u5b9a\u300d\uff01\n\u5373\u65e5\u8d77\u81f312/31 \u96b1\u5f62\u7259\u5957\u7642\u7a0b\u6298\u6263\u6700\u9ad818,000\uff0c\u6d3b\u52d5\u671f\u9593\u5b8c\u6210\u4e0b\u65b9\u6307\u5b9a\u4efb\u52d9\u7d2f\u7a4d\u300c\u5fae\u7b11\u7a4d\n\u5206\u300d\uff0c\u6700\u9ad8\u6bcf\u4eba\u518d\u98186,000\u6d3b\u52d5\u734e\u91d1\u73fe\u91d1\u8fd4\u9084\uff0c\u96b1\u5f62\u7259\u5957\u7642\u7a0b\u8cbb\u7528\u6700\u4f4e\u53ea\u89816\u842c\u5143\uff01\n\n\u25cf \u5fae\u7b11\u4efb\u52d9\u4e00\uff1a\u5b8c\u6210\u521d\u6b21\u7d04\u8a3a\uff0c\u53ef\u7372\u5f97\u5fae\u7b11\u7a4d\u5206\u4e00\u5206\n\u25cf \u5fae\u7b11\u4efb\u52d9\u4e8c\uff1a\u5b8c\u6210\u521d\u6b21\u770b\u8a3a\uff0c\u53ef\u7372\u5f97\u5fae\u7b11\u7a4d\u5206\u4e8c\u5206\n\u25cf \u5fae\u7b11\u4efb\u52d9\u4e09\uff1a\u5b8c\u6210\u4ed8\u6b3e\u96b1\u5f62\u7259\u5957\u7642\u7a0b\uff0c\u53ef\u7372\u5f97\u5fae\u7b11\u7a4d\u5206\u4e09\u5206\n\n\u4e00\u8d77\u9732\u9f52\u7b11\u5427\uff01\n#Zenyum #SmileMore #\u7dbb\u96c5\u53f0\u7063\n\n\n\u3010\u8a02\u95b1\u3011\u53ca\u89c0\u770b\u6d0b\u8525\u66f4\u591a\u5f71\u7247: https://goo.gl/ijP3Eb\n\n\u5de5\u4f5c\u5408\u4f5c\uff1aonionmanwork@gmail.com\nOnion Man \u767e\u842c\u8ffd\u8e64\u7c89\u7d72\u5718:goo.gl/Z5CSvw\n\n\u6700\u65b0\u963f\u6587\u8cbc\u5716:https://reurl.cc/GxYjA\n\n\u7b2c\u4e00\u4ee3\u963f\u6587line\u8cbc\u5716:https://reurl.cc/Wroxx\n\n\u6d0b\u8525\u79c1\u751f\u6d3bIG:https://www.instagram.com/onionman__/\n\n\n\u904b\u52d5\u6f2b\u756b\u88e1\u7684\u4e2d\u4e8c\u8001\u6897\u5287\u60c5\n\u25ba\u7b2c\u4e00\u96c6:https://youtu.be/cMoV1rPH35k\n\u25ba\u7b2c\u4e8c\u96c6:https://youtu.be/iW7LM00lny0\n\u25ba\u7b2c\u4e09\u96c6:https://youtu.be/2G5wu61uCM0\n\u25ba\u7b2c\u56db\u96c6:https://youtu.be/-rP1abYv8n4\n\nOnion Man \u95dc\u9375\u5b57:\n\u4e2d\u4e8c \u80a5\u5b85 \u55ae\u8eab\u6f22 \u55ae\u8eab \u9b6f\u86c7 \u5c4c\u7d72 \u80a5\u5b85",
        "likeCount": "4675",
        "commentCount": "381",
        "viewCount": "229450"
    },
    "comments": [
        {
            "reply_id": "Ugx10Yh3psalLL6K_A14AaABAg",
            "reply_content": "\u4f46\u6709\u6642\u5019\u4e3b\u7ba1\u7684\u7b11\u5bb9\u537b\u662f\u8981\u4eba\u5403\u4e0b\u82e6\u5dee\u4e8b\u7684\u7b11\u5230\u8b93\u4eba\u767c\u5bd2\u7684\u7b11\u5bb9",
            "likeCount": 1
        },
        {
            "reply_id": "Ugwkq__YAEYmH-kYhAt4AaABAg",
            "reply_content": "\u597d\u4f69\u670d\u90a3\u7fa4\u8001\u4eba\u5bb6\u9858\u610f\u771f\u5fc3\u53bb\u63a5\u7d0d\u90a3\u500b\u7834\u58de\u65c5\u904a\u6c23\u6c1b\u7684\u4eba",
            "likeCount": 1
        },
        {
            "reply_id": "UgzHqeKLRzcZy0fdXhd4AaABAg",
            "reply_content": "\u8eab\u70ba\u670d\u52d9\u696d\u6bcf\u5929\u90fd\u8ddf\u81ea\u5df1\u8aaa\u4eca\u5929\u5fc3\u60c5\u8981\u597d\u5c0d\u5ba2\u4eba\u8981\u5fae\u7b11\u53ef\u662f\u9047\u5230g8\u5ba2\u4eba\u771f\u7684\u5167\u5fc3\u6703\u5148\u7f75\u4e00\u756a\u5728\u52c9\u5f37\u64e0\u51fa\u7b11\u5bb9\u597d\u597d\u8b1b\u8a71",
            "likeCount": 1
        },
        {
            "reply_id": "UgzHfhsuL2Tc2tsZ_xF4AaABAg",
            "reply_content": "\u606d\u559c\u5f97\u734e",
            "likeCount": 1
        },
        {
            "reply_id": "Ugw92S9SQtO163IpNGd4AaABAg",
            "reply_content": "\u7b11\u5230\u5dee\u9ede\u628a\u5c4e\u7d66\u62c9\u51fa\u4f86",
            "likeCount": 0
        },
        {
            "reply_id": "UgwOfsUEKGgcvM6SFAJ4AaABAg",
            "reply_content": "\u5203\u7259",
            "likeCount": 0
        },
        {
            "reply_id": "UgwMp_WOOUXxu9dQhgl4AaABAg",
            "reply_content": "\u600e\u9ebc\u776a\u6709\u9ede\u5203\u7259\u5473",
            "likeCount": 0
        },
        {
            "reply_id": "UgwHKlztX9TmI_sc0zp4AaABAg",
            "reply_content": "\u7121\u60c5\u4e5f\u914d",
            "likeCount": 0
        },
        {
            "reply_id": "UgzkAkF987RQyVq8bTt4AaABAg",
            "reply_content": "\u9019\u50c5\u6b64\u65bc\u5c0d\u65b9\u5c0d\u4e8b\u4e0d\u5c0d\u4eba",
            "likeCount": 0
        },
        {
            "reply_id": "UgwBDhx3z0278lgmU9l4AaABAg",
            "reply_content": "\u6211\u89ba\u5f97\u8aaa\u7684\u6709\u9ede\u786c",
            "likeCount": 0
        },
        {
            "reply_id": "UgyJ-DH94EUD3DESJDR4AaABAg",
            "reply_content": "\u5fae\u7b11\u4e4b\u529b",
            "likeCount": 0
        },
        {
            "reply_id": "UgxVfLSCgAb-wtavXt14AaABAg",
            "reply_content": "\u771f\u7684\u4f38\u624b\u4e0d\u6253\u7b11\u81c9\u4eba",
            "likeCount": 0
        },
        {
            "reply_id": "UgykhZoYEW2LQXXXMBZ4AaABAg",
            "reply_content": "\u8525\u54e5\u9019\u7bc7\u771f\u8b9a",
            "likeCount": 0
        },
        {
            "reply_id": "Ugwj0DeAjGByYvckS0l4AaABAg",
            "reply_content": "\u62bd\u62bd",
            "likeCount": 0
        },
        {
            "reply_id": "UgzS_6I7kS-9_qOJ7YN4AaABAg",
            "reply_content": "\u8b9a",
            "likeCount": 0
        },
        {
            "reply_id": "Ugz7g0CQiVB-4q9v1c14AaABAg",
            "reply_content": "\u652f\u6301",
            "likeCount": 0
        },
        {
            "reply_id": "UgwEq9ZVV06cUrYVz8B4AaABAg",
            "reply_content": "\u6211\u89ba\u5f97\u6211\u4e0d\u7f75\u5225\u4eba\u5df2\u7d93\u5f88\u53b2\u5bb3\u4e86",
            "likeCount": 0
        },
        {
            "reply_id": "UgyHv2K6NP8AQEAIiHl4AaABAg",
            "reply_content": "\u62bd",
            "likeCount": 0
        },
        {
            "reply_id": "UgzCFOztjwWS3fhpffx4AaABAg",
            "reply_content": "\u90a3\u500b\u963f\u4f2f\u7f75\u4e94\u5b57\u7d93\u7684\u6a4b\u6bb5\u771f\u7684\u8981\u6c23\u6b7b",
            "likeCount": 0
        },
        {
            "reply_id": "Ugw5MmpE2HM_lL9ceNF4AaABAg",
            "reply_content": "\u611f\u89ba\u9019\u5e7e\u500b\u6545\u4e8b\u90fd\u8ddf\u5fae\u7b11\u6c92\u4ec0\u9ebc\u95dc\u4fc2\uff0c\u53ea\u662f\u73fe\u5834\u7684\u4eba\u53cd\u61c9\u80fd\u529b\u8ddf\u8166\u7b4b\u90fd\u5f88\u597d",
            "likeCount": 0
        }
    ]
}