{
    "video_info": {
        "id": "WQfSxjtPHEY",
        "channelTitle": "Onion Man",
        "title": "Onion Man | \u74b0\u5cf6\u5e6b\u8352\u5510\u5230\u7206\u7684\u65e5\u672c\u884c\uff01\u62c9\u9eb5\u7684\u6230\u722d\uff01\u5927\u962a\u884c(\u4e8c)   @BIGSNAKEBALL  @superpepper.@z2ztwo@foodfoodaddict",
        "description": "\u9019\u7bc7\u756b\u4e86\u74b0\u5cf6\u5e6b\u6574\u8d9f\u65c5\u904a\u7684\u5fc3\u5f97\uff0c\u74b0\u7403\u5f71\u57ce\u7684\u5fc3\u7d50\uff0c\u5403\u62c9\u9eb5\u7684\u885d\u7a81\uff0c\u597d\u770b!!!!!!!!!!!!!!!!!!!!!!!!!!!!\n\n\u9818\u57df\u5c55\u958b-Surfshark \u96d911\u512a\u60e0\uff01\u8981\u8cb7\u5c31\u8d81\u9019\u6ce2\u5566\n\u9ede\u64ca: https://surfshark.tw/partner/onion9487  \n\u8f38\u5165\u512a\u60e0\u4ee3\u78bc [onion9487]\n\u5373\u53ef\u7372\u5f97\u5c08\u5c6c\u512a\u60e0\u52a0\u984d\u59165\u500b\u6708\u514d\u8cbb\uff01\n\n0:00 \u5f71\u7247\u958b\u59cb\n00:12 \u9818\u57df\u5c55\u958b\u756a\u5916\u7bc7\n2:22 \u74b0\u5cf6\u5e6b\u5168\u54e1\u524d\u5f80\u74b0\u7403\n6:00 \u96f7\u5305\u5730\u7344\n8:30 fred\u7684\u9a5a\u559c\n10:09 \u62c9\u9eb5\u7684\u7cfe\u7d50\n\n\u3010\u8a02\u95b1\u3011\u53ca\u89c0\u770b\u6d0b\u8525\u66f4\u591a\u5f71\u7247: https://goo.gl/ijP3Eb\n\n\u5de5\u4f5c\u5408\u4f5c\uff1aonionmanwork@gmail.com\nOnion Man \u767e\u842c\u8ffd\u8e64\u7c89\u7d72\u5718:goo.gl/Z5CSvw\n\n\u6700\u65b0\u963f\u6587\u8cbc\u5716:https://reurl.cc/GxYjA\n\n\u7b2c\u4e00\u4ee3\u963f\u6587line\u8cbc\u5716:https://reurl.cc/Wroxx\n\n\u6d0b\u8525\u79c1\u751f\u6d3bIG:https://www.instagram.com/onionman__/\n\n\n\u904b\u52d5\u6f2b\u756b\u88e1\u7684\u4e2d\u4e8c\u8001\u6897\u5287\u60c5\n\u25ba\u7b2c\u4e00\u96c6:https://youtu.be/cMoV1rPH35k\n\u25ba\u7b2c\u4e8c\u96c6:https://youtu.be/iW7LM00lny0\n\u25ba\u7b2c\u4e09\u96c6:https://youtu.be/2G5wu61uCM0\n\u25ba\u7b2c\u56db\u96c6:https://youtu.be/-rP1abYv8n4\n\nOnion Man \u95dc\u9375\u5b57:\n\u4e2d\u4e8c \u80a5\u5b85 \u55ae\u8eab\u6f22 \u55ae\u8eab \u9b6f\u86c7 \u5c4c\u7d72 \u80a5\u5b85",
        "likeCount": "10092",
        "commentCount": "830",
        "viewCount": "503568"
    },
    "comments": [
        {
            "reply_id": "UgzPxNCwShuObJvxL8p4AaABAg",
            "reply_content": "\u958b\u982d\u7b11\u6b7b",
            "likeCount": 1
        },
        {
            "reply_id": "UgyLL4L_wf5ur-6751Z4AaABAg",
            "reply_content": "\u597d\u6b61\u6a02",
            "likeCount": 0
        },
        {
            "reply_id": "UgxmyceBlAfsa1FdXNR4AaABAg",
            "reply_content": "\u7b11\u6b7b",
            "likeCount": 0
        },
        {
            "reply_id": "UgxIM75nXm6pgWppOK54AaABAg",
            "reply_content": "\u9019\u96c6\u7d93\u8cbb\u7206\u70b8",
            "likeCount": 0
        },
        {
            "reply_id": "Ugz8CIgPSZkDb7LPLH94AaABAg",
            "reply_content": "\u9019\u771f\u7684\u592a\u5c4c\u4e86",
            "likeCount": 0
        },
        {
            "reply_id": "UgzzItMJEFTzmkDFUlJ4AaABAg",
            "reply_content": "\u5a77\u5a77\u597d\u6b63",
            "likeCount": 0
        },
        {
            "reply_id": "Ugw509ylg9Z1EriISJJ4AaABAg",
            "reply_content": "\u9019\u500b\u9818\u57df\u5c55\u771f\u7684\u662f\u592a\u592a\u592a\u53b2\u5bb3",
            "likeCount": 0
        },
        {
            "reply_id": "Ugy7NE9UdqUerZ60z5p4AaABAg",
            "reply_content": "\u9019\u96c6\u592a\u597d\u7b11\u4e86",
            "likeCount": 0
        },
        {
            "reply_id": "UgycqMXBa3dUpNIiDi54AaABAg",
            "reply_content": "\u76ee\u524d\u898b\u904e\u6700\u7528\u5fc3\u7684\u696d\u914d",
            "likeCount": 0
        },
        {
            "reply_id": "UgykeEZ_u2aEhtsuL014AaABAg",
            "reply_content": "\u9019\u696d\u914d\u592a\u6709\u8aa0\u610f\u4e86",
            "likeCount": 0
        },
        {
            "reply_id": "UgzgKvLPz-BMbwFVbNl4AaABAg",
            "reply_content": "\u592a\u6709\u8da3\u4e86\u54c8\u54c8\u54c8",
            "likeCount": 0
        },
        {
            "reply_id": "Ugz-KwMKr1iukDWYngB4AaABAg",
            "reply_content": "\u6211\u89ba\u5f97\u6709\u5e36\u5165\u52d5\u756b\u7684\u6897\u771f\u7684\u5f88\u4e0d\u932f",
            "likeCount": 0
        },
        {
            "reply_id": "UgyEfjnl3wiGkLfi8wl4AaABAg",
            "reply_content": "\u597d\u559c\u6b61\u6d0b\u8525\u7684\u5404\u7a2e\u65c5\u884c\u8a18\u9304\u771f\u7684\u597d\u7d2f\u597d\u597d\u7b11\u597d\u597d\u73a9",
            "likeCount": 0
        },
        {
            "reply_id": "Ugws8TYS3q_VU1ZqN5J4AaABAg",
            "reply_content": "\u6211\u6628\u5929\u525b\u53bb\u4f46\u6211\u65e9\u4e0a\u516d\u9ede\u5c31\u8d77\u5e8a\u8d95\u96fb\u8eca\uff0c\u5230\u73fe\u5834\u7684\u6642\u5019\u516b\u9ede\u591a\u4e00\u8def\u4e00\u76f4\u73a9\u5230\u96e2\u958b\u7684\u6642\u5019\u5df2\u7d93\u665a\u4e0a\u5feb\u4e5d\u9ede\u4e86\uff0c\u8cb7\u4e86\u4e03\u9805\u5feb\u901f\u81ea\u5df1\u6392\u4e86\u5169\u500b\u7136\u5f8c\u53c8\u770b\u904a\u884c\u8ddf\u6c34\u4e16\u754c\uff0c\u6700\u5f8c\u624d\u8d70\u51fa\u9580\u53e3\u5427\u8a08\u7a0b\u8eca\u56de\u5fc3\u9f4b\u6a4b\uff0c\u91cd\u9ede\u662f\u6211\u5152\u5b50\u5169\u9ede\u591a\u5c31\u6490\u4e0d\u4f4f\u4e86\u6211\u62b1\u8457\u4ed6\u4e00\u76f4\u8d70\u4e00\u76f4\u6392\u968a\uff0c\u4e00\u76f4\u5230\u7b2c\u516d\u9ede\u591a\u4ed6\u624d\u9192\u4f86",
            "likeCount": 0
        },
        {
            "reply_id": "Ugw__RMhkp24CpxNhAh4AaABAg",
            "reply_content": "\u53ef\u4ee5\u63ea\u725b\u6392\u963f",
            "likeCount": 0
        },
        {
            "reply_id": "UgwOpNwX5cuiwkmXfWt4AaABAg",
            "reply_content": "\u597d\u725b\u7684\u5e7f\u544a",
            "likeCount": 0
        },
        {
            "reply_id": "UgwK0TCAF9nMGiBs3ph4AaABAg",
            "reply_content": "\u90a3\u9593\u4e00\u862d\u4e0d\u7ba1\u5e7e\u9ede\u53bb\u90fd\u8981\u6392\u968a\u54c8\u54c8",
            "likeCount": 0
        },
        {
            "reply_id": "UgxsgwDvpdbdlh3c3kR4AaABAg",
            "reply_content": "\u74b0\u5cf6\u5e6b\u7c89\u7c3d\u5230",
            "likeCount": 0
        },
        {
            "reply_id": "UgzYvh7vRoVghxyPJf94AaABAg",
            "reply_content": "\u597d\u60f3\u4e00\u8d77\u53bb\u65c5\u884c\u54c8\u54c8",
            "likeCount": 0
        },
        {
            "reply_id": "Ugw7Ao-cIbiaukiNNYN4AaABAg",
            "reply_content": "\u600e\u9ebc\u65c5\u904a\u90fd\u9047\u5230\u96f7\u7684\u4e8b\u4f46\u90fd\u597d\u597d\u7b11\u54c8\u54c8\u54c8\u54c8",
            "likeCount": 0
        }
    ]
}