{
    "video_info": {
        "id": "x-us1nncGww",
        "channelTitle": "Onion Man",
        "title": "Onion Man | \u512a\u8d8a\u4ed4\u4e86\u4e0d\u8d77\u5594\uff1f \u5634\u8d85\u81ed\u53c8\u81ea\u4ee5\u70ba\u7684\u512a\u8d8a\u4ed4\u7bc7",
        "description": "\u4f60\u5f88\u512a\u8d8a\u5594?\n\n\u3010\u8a02\u95b1\u3011\u53ca\u89c0\u770b\u6d0b\u8525\u66f4\u591a\u5f71\u7247: https://goo.gl/ijP3Eb\n\n\u5de5\u4f5c\u5408\u4f5c\uff1aonionmanwork@gmail.com\nOnion Man \u767e\u842c\u8ffd\u8e64\u7c89\u7d72\u5718:goo.gl/Z5CSvw\n\n\u6700\u65b0\u963f\u6587\u8cbc\u5716:https://reurl.cc/GxYjA\n\n\u7b2c\u4e00\u4ee3\u963f\u6587line\u8cbc\u5716:https://reurl.cc/Wroxx\n\n\u6d0b\u8525\u79c1\u751f\u6d3bIG:https://www.instagram.com/onionman__/\n\n\n\u904b\u52d5\u6f2b\u756b\u88e1\u7684\u4e2d\u4e8c\u8001\u6897\u5287\u60c5\n\u25ba\u7b2c\u4e00\u96c6:https://youtu.be/cMoV1rPH35k\n\u25ba\u7b2c\u4e8c\u96c6:https://youtu.be/iW7LM00lny0\n\u25ba\u7b2c\u4e09\u96c6:https://youtu.be/2G5wu61uCM0\n\u25ba\u7b2c\u56db\u96c6:https://youtu.be/-rP1abYv8n4\n\nOnion Man \u95dc\u9375\u5b57:\n\u4e2d\u4e8c \u80a5\u5b85 \u55ae\u8eab\u6f22 \u55ae\u8eab \u9b6f\u86c7 \u5c4c\u7d72 \u80a5\u5b85",
        "likeCount": "10246",
        "commentCount": "1077",
        "viewCount": "411028"
    },
    "comments": [
        {
            "reply_id": "Ugy80cy0h1VuheCnQK54AaABAg",
            "reply_content": "\u4f60\u7684\u56de\u8986\u611f\u89ba\u50cf\u5927\u723a",
            "likeCount": 1
        },
        {
            "reply_id": "UgxywW6W1JYLDWSARVp4AaABAg",
            "reply_content": "\u8cb6\u4f4e\u5225\u4eba\u5f97\u5230\u512a\u8d8a\u611f\u7684\u4eba\u771f\u7684\u8d85\u7169\uff0c\u6700\u7169\u7684\u662f\u90a3\u4e9b\u4eba\u88ab\u8a0e\u53ad\u9084\u4e0d\u81ea\u77e5\uff0c\u4e5f\u6642\u523b\u7763\u4fc3\u81ea\u5df1\u4e0d\u8981\u8b8a\u6210\u9019\u7a2e\u4eba",
            "likeCount": 1
        },
        {
            "reply_id": "UgyKIXbI_wARXsWNY9R4AaABAg",
            "reply_content": "\u545b\u4f18\u8d8a\u4ed4\u7684\u4f18\u8d8a\u4ed4",
            "likeCount": 0
        },
        {
            "reply_id": "UgxmuVEjr-PxXk3QnqF4AaABAg",
            "reply_content": "\u6211\u6bcf\u5929\u665a\u4e0a\u90fd\u8981\u807d\u6d0b\u8525\u7684\u8072\u97f3\u624d\u7761\u5f97\u8457",
            "likeCount": 0
        },
        {
            "reply_id": "Ugyz9r9XAwwgVYuaR2t4AaABAg",
            "reply_content": "\u6b38\u6211\u6700\u8fd1\u5728\u770b\u90a3\u500b\u6d0b\u8525\u7684\u5f71\u7247\u8d85\u597d\u7b11\u7684\u6b38",
            "likeCount": 0
        },
        {
            "reply_id": "UgydVexq0WqQs0do8A14AaABAg",
            "reply_content": "\u597d\u559c\u6b61",
            "likeCount": 0
        },
        {
            "reply_id": "UgxuJqgis71Yv-_Pzgt4AaABAg",
            "reply_content": "\u512a\u8d8a\u6700\u591a\u7684\u61c9\u8a72\u5c31\u807d\u5718\u4ed4\u8ddf\u62c9\u9eb5\u5b85 \u6240\u4ee5\u5f88\u61c2\u5230\u5e95\u8981\u512a\u8d8a\u500b\u6bdb \u4f60\u559c\u6b61\u5403\u4ec0\u9ebc\u62c9\u9eb5\u8ddf\u807d\u4ec0\u9ebc\u6b4c\u95dc\u6211\u5c41\u4e8b",
            "likeCount": 0
        },
        {
            "reply_id": "UgyFKxijfJI3UVg36VV4AaABAg",
            "reply_content": "\u5373\u8996\u611f\u5f88\u5f37",
            "likeCount": 0
        },
        {
            "reply_id": "UgzV0DWdVv-iTfrV-HR4AaABAg",
            "reply_content": "\u6211\u90fd\u8aaa\u90a3\u4f60\u5f88\u5f88\u68d2\u6b38",
            "likeCount": 0
        },
        {
            "reply_id": "UgzKJjsEOGdQwXp-Ypx4AaABAg",
            "reply_content": "\u8001\u5be6\u8aaa\u5c0d\u65bc\u559c\u611b\u770b\u52d5\u6f2b\u7684\u4eba\u4f86\u8aaa\uff0c\u6703\u770b\u51b7\u9580\u4ee3\u8868\u771f\u7684\u559c\u611b\u9019\u4e9b\u4f5c\u54c1\u624d\u81ea\u5df1\u53bb\u9078\u4f86\u770b\uff0c\u53ea\u6703\u770b\u5927\u773e\u756a\u771f\u7684\u667a\u969c\uff0c\u90a3\u7a2e\u901a\u5e38\u53ea\u662f\u70ba\u4e86\u8ddf\u98a8\u8ddf\u5225\u4eba\u6709\u8a71\u984c\u786c\u8981\u5dee\u8fd1\u4f86\u5c2c\u804a\uff0c\u9023\u81ea\u5df1\u559c\u6b61\u751a\u9ebc\u985e\u578b\u7684\u756a\u90fd\u4e0d\u77e5\u9053\u5c31\u53ea\u6703\u6d77\u8cca\u706b\u5f71\u7684\u5f88\u7169\uff0c\u751a\u81f3\u6839\u672c\u6c92\u8ffd\u5e7e\u96c6\u6216\u53ea\u662f\u56e0\u70ba\u5f88\u7d05\u5c31\u8aaa\u81ea\u5df1\u662f\u4ec0\u9ebc\u7c89\uff0c\u770b\u8457\u9019\u985e\u4eba\u6211\u89ba\u5f97\u7528\u5145\u6eff\u6148\u611b\u7684\u8868\u60c5\u770b\u8457\u4ed6\u5c31\u597d\u4e86~",
            "likeCount": 0
        },
        {
            "reply_id": "UgxoN86fU3thZjCJwgF4AaABAg",
            "reply_content": "\u771f\u7684\u5f88\u597d\u7b11",
            "likeCount": 0
        },
        {
            "reply_id": "Ugydci7aoD1rdgze9KF4AaABAg",
            "reply_content": "\u54c8\u54c8\u54c8",
            "likeCount": 0
        },
        {
            "reply_id": "UgxND7y6QaJ-_VY48jt4AaABAg",
            "reply_content": "\u7c21\u55ae\u8aaa\u5c31\u662f\u4ec0\u9ebc\u90fd\u80fd\u9178\uff0c\u5c24\u5176\u7537\u6027\u6703\u5230\u7db2\u8def\u4e0a\u53bb\u7559\u8a00",
            "likeCount": 0
        },
        {
            "reply_id": "Ugy98_h9neIvQUI-Gqp4AaABAg",
            "reply_content": "\u9019\u96c6\u592a\u8b9a\u4e86\u5427",
            "likeCount": 0
        },
        {
            "reply_id": "UgyVK0hi4SVCdH5dq7J4AaABAg",
            "reply_content": "\u53ef\u6190\u7684\u557e\u557e\u978b\u7b11\u6b7b",
            "likeCount": 0
        },
        {
            "reply_id": "UgxFa_BCYy9riVwcMGR4AaABAg",
            "reply_content": "\u8b1b\u9019\u4e9b\u52d5\u6f2b\u662f\u56e0\u70ba\u6015\u4f60\u6c92\u807d\u904e",
            "likeCount": 0
        },
        {
            "reply_id": "UgxaNkaE5-iFaY0LTc14AaABAg",
            "reply_content": "\u78ba\u5be6\u6f2b\u756b\u512a\u8d8a\u4ed4\u6709\u5920\u4f4e\u80fd\n\u5b85\u5230\u5e95\u6709\u500b\u5c41\u512a\u8d8a",
            "likeCount": 0
        },
        {
            "reply_id": "UgzGBNk9yZpkMuebQx14AaABAg",
            "reply_content": "\u6211\u512a\u8d8a\u6211\u9a55\u50b2",
            "likeCount": 0
        },
        {
            "reply_id": "UgxSOW7kZ3Zalez-1DB4AaABAg",
            "reply_content": "\u7adf\u7136\u7528\u6211\u7684\u512a\u8d8a\u4f86\u512a\u8d8a\u6211",
            "likeCount": 0
        },
        {
            "reply_id": "UgwYpIWFqU4C_xgJ1Zl4AaABAg",
            "reply_content": "\u4f46\u63db\u76ae\u624b\u904a\u771f\u7684\u6c92\u8fa6\u6cd5\u5410\u69fd",
            "likeCount": 0
        }
    ]
}