{
    "video_info": {
        "id": "yV6v7KOqBPI",
        "channelTitle": "Onion Man",
        "title": "\u5c0f\u7409\u7403\u5927\u71b1\u5929\u982d\u71d2\u58de\u4e86   #shorts | Onion Man",
        "description": "\u3010\u8a02\u95b1\u3011\u53ca\u89c0\u770b\u6d0b\u8525\u66f4\u591a\u5f71\u7247: https://goo.gl/ijP3Eb\n\n\u5de5\u4f5c\u5408\u4f5c\uff1aonionmanwork@gmail.com\nOnion Man \u767e\u842c\u8ffd\u8e64\u7c89\u7d72\u5718:goo.gl/Z5CSvw\n\n\u6700\u65b0\u963f\u6587\u8cbc\u5716:https://reurl.cc/GxYjA\n\n\u7b2c\u4e00\u4ee3\u963f\u6587line\u8cbc\u5716:https://reurl.cc/Wroxx\n\n\u6d0b\u8525\u79c1\u751f\u6d3bIG:https://www.instagram.com/onionman__/\n\n\n\u904b\u52d5\u6f2b\u756b\u88e1\u7684\u4e2d\u4e8c\u8001\u6897\u5287\u60c5\n\u25ba\u7b2c\u4e00\u96c6:https://youtu.be/cMoV1rPH35k\n\u25ba\u7b2c\u4e8c\u96c6:https://youtu.be/iW7LM00lny0\n\u25ba\u7b2c\u4e09\u96c6:https://youtu.be/2G5wu61uCM0\n\u25ba\u7b2c\u56db\u96c6:https://youtu.be/-rP1abYv8n4\n\nOnion Man \u95dc\u9375\u5b57:\n\u4e2d\u4e8c \u80a5\u5b85 \u55ae\u8eab\u6f22 \u55ae\u8eab \u9b6f\u86c7 \u5c4c\u7d72 \u80a5\u5b85\n#shorts | Onion Man",
        "likeCount": "1965",
        "commentCount": "52",
        "viewCount": "78011"
    },
    "comments": [
        {
            "reply_id": "Ugx1DUYG3iFSIh_xsE54AaABAg",
            "reply_content": "\u6211\u6700\u559c\u6b61\u770b\u5c0f\u4e11\u4e86",
            "likeCount": 2
        },
        {
            "reply_id": "UgxoDMbqNVwVLfJYYKR4AaABAg",
            "reply_content": "\u80e1\u6912\u8b8a\u597d\u80d6",
            "likeCount": 1
        },
        {
            "reply_id": "UgwzK11KQ3jAzD0_Sj54AaABAg",
            "reply_content": "\u6d0b\u8525\u53ef\u4ee5\u53bb\u6253\u62f3\u8cfd\u6b38",
            "likeCount": 1
        },
        {
            "reply_id": "UgyfYUhU8jceDZFh__l4AaABAg",
            "reply_content": "\u6263\u8d77\u4f86\u6293\u53bb\u9a57\u5c3f",
            "likeCount": 1
        },
        {
            "reply_id": "UgyRwbsB3QhVxcnLthJ4AaABAg",
            "reply_content": "\u6d77\u6d77\u62f3",
            "likeCount": 0
        },
        {
            "reply_id": "UgxslS-qu-veAgjV6IN4AaABAg",
            "reply_content": "\u597d\u5c0f\u4e00\u5305",
            "likeCount": 0
        },
        {
            "reply_id": "UgycLLQWzPxa0PGYyl14AaABAg",
            "reply_content": "\u8525\u54e5\u597d\u7626\u5594",
            "likeCount": 0
        },
        {
            "reply_id": "Ugx_io0cKKnHiRxnL4R4AaABAg",
            "reply_content": "\u5527\u5527\u8017\u6653",
            "likeCount": 0
        },
        {
            "reply_id": "UgybdKChFTg0JM1Y4a54AaABAg",
            "reply_content": "\u770b\u5230\u4e00\u534a\u6211\u4ee5\u70ba\u6709\u7334\u5b50",
            "likeCount": 0
        },
        {
            "reply_id": "UgzinvMUHWV0X0dr8jh4AaABAg",
            "reply_content": "\u6d0b\u8525\u8d85\u7626",
            "likeCount": 0
        },
        {
            "reply_id": "Ugx9P3SqAyhFKOD55XN4AaABAg",
            "reply_content": "\u767c\u760b\u4e86\u767c\u760b\u4e86",
            "likeCount": 0
        },
        {
            "reply_id": "UgxPuCgxXjr3vfLyjkt4AaABAg",
            "reply_content": "\u52a0\u4e0a\u7834\u98a8\u8072\u5f8c\u807d\u8d77\u4f86\u9084\u771f\u6709\u4e00\u56de\u4e8b",
            "likeCount": 0
        },
        {
            "reply_id": "UgzKWrQB0NYeAHPmNKt4AaABAg",
            "reply_content": "\u54c8\u54c8\u54c8\u6709\u75c5",
            "likeCount": 0
        },
        {
            "reply_id": "UgzBtNtcv054VF7ahlp4AaABAg",
            "reply_content": "\u963f",
            "likeCount": 0
        }
    ]
}