{
    "channel": {
        "title": "\u8056\u7d50\u77f3Saint",
        "id": "UCIdhd_1spj49unBWx1fjS2A",
        "customUrl": "@saintjey1113",
        "uploads": "UUIdhd_1spj49unBWx1fjS2A"
    },
    "videos": [
        {
            "id": "0shUmmm1x94",
            "title": "\u6211\u6703\u501f\u9322\u7d66\u6bcf\u4e00\u4f4d\u770b\u5b8c\u9019\u90e8\u5f71\u7247\u7684\u4eba"
        },
        {
            "id": "B8tAF-5j7JE",
            "title": "\u6839\u672c\u5c31\u4e0d\u6703\u518d\u898b\u9762 \u4f60\u9084\u4ee5\u70ba\u6709"
        },
        {
            "id": "ue49W11DmYI",
            "title": "\u300a\u4f60\u8cb7\u904e\u6700\u8cb4\u7684\u6771\u897f\u662f\u4ec0\u9ebc\uff1f\u300b"
        },
        {
            "id": "XQINoFtaKgE",
            "title": "10u\u66b4\u8cfa1000u\u5c31\u7206\u8ce0\u7684\u4eba\u5728\u54ea\uff1f"
        },
        {
            "id": "UeFRa90Pu0M",
            "title": "\u300a100\u5143\u8ddf\u4f60\u8cb7\u4e00\u500b\u79d8\u5bc6\u300b"
        },
        {
            "id": "f9jN4_ZVVb0",
            "title": "\u912d\u91cd\u9053\u6b49"
        },
        {
            "id": "pzZ7BH9VX7c",
            "title": "\u300a100\u5143\u8ddf\u4f60\u8cb7\u4e00\u500b\u79d8\u5bc6\u300b"
        },
        {
            "id": "UUC6ajScsyA",
            "title": "\u300a100\u5143\u8ddf\u4f60\u8cb7\u4e00\u500b\u79d8\u5bc6\u300b"
        },
        {
            "id": "naWm-_IHkjg",
            "title": "\u8981\u725b\u4e86\u6c92\uff1f"
        },
        {
            "id": "LxWc-JIxcz0",
            "title": "\u597d\u523a\u6fc0\u554a\u554a\u554a\u554a\uff0c\u70ba\u4ec0\u9ebc\u6c92\u6709\u4e00\u4f4d\u5973\u8001\u5e2b\u770b\u4e0a\u904e\u6211\uff1f #\u5e2b\u751f\u6200 #\u8857\u8a2a"
        },
        {
            "id": "rqQ_njTYZ4w",
            "title": "\u300a\u7528100\u5143\u8ddf\u4f60\u8cb7\u4e00\u500b\u79d8\u5bc6\u300b"
        },
        {
            "id": "SkT-VmnBVvQ",
            "title": "\u58fd\u53f8\u90ce\u60e1\u641e\u6311\u6230\uff01\uff1f"
        },
        {
            "id": "jgLcs9wmcek",
            "title": "\u300a100\u5143\u8ddf\u4f60\u8cb7\u4e00\u500b\u79d8\u5bc6\u300b"
        },
        {
            "id": "s7ZFJV2_leM",
            "title": "\u6211\u522a\u9664\u4e86\u81ea\u5df1\u64c1\u6709\u6578\u5341\u842c\u8ffd\u8e64\u7684\u7c89\u7d72\u5c08\u9801\u3002"
        },
        {
            "id": "QodSI7_ARAU",
            "title": "\u958b\u7bb1\u97d3\u570b\u4e0d\u5012\u7fc1\u4e7e\u62cc\u676f\u9eb5\uff0c\u5473\u9053\u4e0d\u932f\u554a\u3002"
        },
        {
            "id": "mMA-uepYeVc",
            "title": "\u958b\u7bb1\u5168\u806f\u611b\u4e4b\u5473\u7b52\u4ed4\u7897\u7cbf\u7f50\u982d\uff01"
        },
        {
            "id": "kvD2OoBcxkE",
            "title": "\u958b\u7bb17-11\u5477\u4e03\u7897\u7d93\u5178\u5317\u90e8\u7cbd\uff01\u795d\u5927\u5bb6\u7aef\u5348\u5b89\u5eb7\uff01"
        },
        {
            "id": "DxA3yso5Upw",
            "title": "\u958b\u7bb17-11\u60dc\u60dc\u5eb7\u666e\u8336\u9178\u751c\u9752\u6885\u53e3\u5473"
        },
        {
            "id": "eH2J_mh6zAg",
            "title": "\u958b\u7bb1\u5168\u5bb6\u65b0\u54c1\u535a\u4ec1\u5802\u9996\u70cf\u990a\u6c23\u6392\u9aa8\u6e6f\uff01"
        },
        {
            "id": "hzEclQz0cXM",
            "title": "\u958b\u7bb1\u5168\u5bb6\u9f0e\u6cf0\u8c50\u6c99\u8336\u8c6c\u8089\u71f4\u98ef\ud83e\udd70"
        },
        {
            "id": "G5yl6nfyrkM",
            "title": "\u8ab0\u6703\u958b\u7bb1\u6c99\u62c9\u5566\uff01\u6211\u554a\u3002"
        },
        {
            "id": "RDLIIS55I_k",
            "title": "\u958b\u7bb1\u5168\u5bb6\u9f0e\u738b\u9ebb\u8fa3\u86cb\uff0c\u9019\u53c8\u8fa3\u53c8\u9ebb\u53c8\u9999\u7684\u73a9\u610f\u5152\ud83d\udd25"
        },
        {
            "id": "U6O_ew-EfUY",
            "title": "\u958b\u7bb1\u6211\u6700\u5e38\u559d\u7684SUPER X\u9802\u7d1a\u5206\u96e2\u4e73\u6e05\u86cb\u767d\u98f2-\u5976\u8336\u98a8\u5473\ud83d\udd25"
        },
        {
            "id": "yyu74RcxiL4",
            "title": "\u597d\u597d\u73a9"
        },
        {
            "id": "adOxEdSUMYo",
            "title": "\u9019\u6b21\u561f\u561f\u72a7\u7272\u5927\u4e86"
        },
        {
            "id": "4TMvPP9b9eg",
            "title": "Let me do it for u\u2764\ufe0f"
        },
        {
            "id": "MN1GrSGHpTI",
            "title": "\u770b\u4e0d\u61c2\u7684\u53bb\u554f\u4f60\u7537\u53cb"
        },
        {
            "id": "OpLOZc7a0fs",
            "title": "\u8acb\u554f\u6211\u662f\u5b64\u7368\u7684\u55ce\uff1f"
        },
        {
            "id": "JjbPKbKpHPU",
            "title": "\u5728\u5a01\u5c3c\u65af\u8df3\u5cf6\ud83d\udc12"
        },
        {
            "id": "Vs4cfVgHMhs",
            "title": "\u6d6a\u6f2b\u7684\u7dad\u4e5f\u7d0d\uff0c\u6211\u5011\u4f86\u5566\uff01"
        },
        {
            "id": "iakb1DTMqOA",
            "title": "\u539f\u4f86\u7c73\u862d\u9019\u9ebc\u597d\u73a9\u554a\uff01"
        },
        {
            "id": "_GJ-vZtZATY",
            "title": "\u6211\u70ba\u4ec0\u9ebc\u4e0d\u559d\uff1f"
        },
        {
            "id": "_LiThtDzsyU",
            "title": "\u6b50\u6d32day2#\u7fa9\u5927\u5229 #\u7c73\u862d #vlog"
        },
        {
            "id": "HE2BsHMfRog",
            "title": "\u4e09\u5e74\u5f8c\u7b2c\u4e00\u6b21\u53bb\u6b50\u6d32\u662f\u4ec0\u9ebc\u6a23\u5b50\uff1f"
        },
        {
            "id": "_AfhBomL3aY",
            "title": "\u6211\u9032\u884c\u4e86\u4e00\u500b\u795e\u7955\u7684\u7981\u5fcc\u5100\u5f0f\uff0c\u6211\u65c1\u908a\u7684\u4eba\u76f4\u63a5\u5687\u5230\u5c3f\u8932\u5b50\u3002"
        },
        {
            "id": "2TLtFPgNNrs",
            "title": "\u9019\u662f\u4e00\u500b\u6182\u9b31\u75c7\u7fa4\u7d44"
        },
        {
            "id": "eCLMEcw81iY",
            "title": "\u6211\u6212\u4e86\u3002"
        },
        {
            "id": "VlqR-3rXOJA",
            "title": "\u4f60\u6709\u5403\u904e\u7c89\u7d05\u8272\u7684\u86cb\u55ce\uff1f"
        },
        {
            "id": "AfnvwQ5at8w",
            "title": "2023\u5e742\u670811\u65e5"
        },
        {
            "id": "ZeToxW5OoeE",
            "title": "\ufffc\u76f4\u64ad\u4e3b\uff1a\u6211\u9700\u8981\u4e00\u676f\ud83c\udf7b"
        },
        {
            "id": "rdBbiEZRSYs",
            "title": "Happy New Year! This is my life now"
        },
        {
            "id": "5CAwtOcX2CQ",
            "title": "\u9023\u7e8c\u51a5\u60f3100\u5929\u5982\u4f55\u6539\u8b8a\u6211\u7684\u4eba\u751f\u7684\uff1f"
        },
        {
            "id": "2cAypTrd2rU",
            "title": "\u300c\u6211\u5011\u96e2\u5a5a\u4e86\u55ce\uff1f\u300d\u5373\u5c07\u9081\u5165\u7b2c\u516b\u5e74\u7684\u5a5a\u59fb\u73fe\u6cc1\u3002"
        },
        {
            "id": "9d_CdrNtUKM",
            "title": "\u300c\u5982\u679c\u6211\u6d88\u5931\u90a3\u5c31\u597d\u4e86\uff1f\u300d\u6795\u908a\u4eba\u5f97\u4e86\u91cd\u5ea6\u6182\u9b31\u75c7\u7684\u6cbb\u7652\u4e4b\u8def\u3002"
        },
        {
            "id": "L18ibgaHox4",
            "title": "\u8056\u7d50\u77f3-\u4e00\u7897\u9eb5\u5169\u4eba\u56a5 30\u79d2\u8a66\u807d"
        },
        {
            "id": "zmoGFYfIcXI",
            "title": "\u3010\u4e00\u7897\u9eb5\u5169\u4eba\u56a5\u30114K official MV"
        },
        {
            "id": "y76KOpm7o6U",
            "title": "\u4ed6\u5011\u7b2c\u4e00\u6b21\u807d\u5230\u6211\u5beb\u7684\u6b4c\u6703\u662f\u4ec0\u9ebc\u53cd\u61c9\uff1f\u91d1\u66f2\u8a55\u5be9\u3001\u97f3\u6a02\u4eba\u3001\u5275\u4f5c\u8005\u8b1b\u8a55\u300c\u590f\u65e5\u6200\u60c5\u300d\uff01\u3010\u8056\u7d50\u77f3Saint\u3011"
        },
        {
            "id": "MZ4YjFlO16w",
            "title": "\u3010\u590f\u65e5\u6200\u60c5\u3011official MV"
        },
        {
            "id": "FwcZCvYE4xI",
            "title": "\u5168\u65b0\u83ef\u8a9e\u5275\u4f5c\u5c08\u8f2f\u300a18-34\u300b\u9996\u6ce2\u4e3b\u6253\u6b4c\u300c\u590f\u65e5\u6200\u60c5\u300dMV\u9810\u544a\u3010\u8056\u7d50\u77f3Saint\u3011"
        },
        {
            "id": "VfsFRFQIyoo",
            "title": "Miss me? 8/25\u898b\uff01\u300c\u590f\u65e5\u6200\u60c5\u300dMV \u9810\u544a"
        },
        {
            "id": "Hc05OQfl9vk",
            "title": "\u8056\u5272\u4e0d\u8981\u518d\u5272\u97ed\u83dc"
        },
        {
            "id": "Gij6dNIXTKY",
            "title": "\u9019\u500b\u7537\u4eba\u80af\u5b9a\u5341\u60e1\u4e0d\u8d66\u3002\u3010\u8056\u7d50\u77f3Saint\u3011"
        },
        {
            "id": "JEAQhDDEOZ8",
            "title": "3/29 PM7:00 YouTube\u76f4\u64ad AMAask me anything."
        },
        {
            "id": "Fuob5e1JZWk",
            "title": "\u8056\u7d50\u77f3Saint\u3010\u4f60\u7684\u6f54\u7656\u3011Official MV feat.\u80e1\u9b27\u4e00\u756a"
        },
        {
            "id": "6xsVaARSPFM",
            "title": "\u8056\u7d50\u77f3Saint\u3010\u859b\u4e01\u683c\u7684\u8c93\u3011Official \u6b4c\u8a5eMV"
        },
        {
            "id": "uDMsnj7FdLM",
            "title": "\u8056\u7d50\u77f3Saint\u3010\u60a3\u3011Official \u6b4c\u8a5e\u7248MV"
        },
        {
            "id": "Tb1VxT3dNfI",
            "title": "\u8056\u7d50\u77f3Saint\u3010\u6211\u7684\u6c99\u7e54\u3011Official MV"
        },
        {
            "id": "lOXLtjbuyBE",
            "title": "\u9673\u96f6\u4e5d\u300a\u4eba\u683c\u5168\u5206\u88c2\u300b\u7b2c\u4e94\u4eba\u683c\u904a\u6232\u5ba3\u50b3\u66f2 \u8056\u7d50\u77f3\u7ffb\u5531\u7248\u3010\u8056\u7d50\u77f3Saint\u3011"
        },
        {
            "id": "mVN-kdWxmfs",
            "title": "\u8056\u7d50\u77f3Saint\u3010\u670b\u53cbBANG\u4e0d\u898b\u3011Official MV"
        },
        {
            "id": "AN3nAmTSeEk",
            "title": "\u8056\u7d50\u77f3Saint\u3010\u53ea\u80fd\u61f7\u5ff5\u3011Official MV"
        },
        {
            "id": "0dxtL9c_Yxs",
            "title": "\u8056\u7d50\u77f3Saint\u3010\u8aaa\u4e0d\u51fa\u53e3\u7684\u60f3\u5ff5\u3011Official MV ft.\u9ec3\u7f8e\u73cd"
        },
        {
            "id": "V2mZYvAiLsw",
            "title": "\u8056\u7d50\u77f3Saint\u3010\u4e00\u5b9a\u6703\u8ffd\u5230\u4f60\u3011Official MV 4K"
        },
        {
            "id": "zTFul_mRnoQ",
            "title": "\u4eca\u5929\u4f86TEST\uff01\u958b\u7bb1\u795e\u5947\u7684\uff08\u5225\u4eba\u958b\u904e\u7684\uff09\uff24\uff2a\u51b0\u68d2\uff01"
        },
        {
            "id": "LAPXqtxxstE",
            "title": "\u8056\u7d50\u77f3Saint\u3010\u6839\u672c\u5c31\u4e0d\u6703\u518d\u898b\u9762\u3011Official MV 4K"
        },
        {
            "id": "fWuq67-VSTM",
            "title": "\u8056\u7d50\u77f3Saint\u3010\u771f\u7684\u4e0d\u60f3\u5634\u3011Official MV 4K feat.\u8056\u5ac2Dodo"
        },
        {
            "id": "r4NGGqmX_W4",
            "title": "\u8056\u7d50\u77f3Saint\u3010\u5b89\u5137\u3011Official MV 4K"
        },
        {
            "id": "hFm_7XeVZdE",
            "title": "\u4eca\u5929\u767d\u8272\u60c5\u4eba\u7bc0\uff1f"
        }
    ]
}