{
    "channel": {
        "title": "\u55aa\u5c4d\u8001\u7238",
        "id": "UCFsNxYnUEs4tcqyddJhW43g",
        "customUrl": "@walkerdad",
        "uploads": "UUFsNxYnUEs4tcqyddJhW43g"
    },
    "videos": [
        {
            "id": "3MQRDrsIdRE",
            "title": "\uff08\u65e5\u5e38\uff09\u7a81\u8972\u59ca\u59b9\u7684\u66f8\u684c\uff0c\u642c\u4f86\u6843\u5712\u5169\u5e74\u59ca\u59b9\u66f8\u684c\u7684\u8b8a\u5316\u592a\u9a5a\u4eba\u4e86!"
        },
        {
            "id": "nQcBGci0HUs",
            "title": "\u59ca\u59b9\u6bd4\u8cfd\u7529\u6c34"
        },
        {
            "id": "_3MsLsGy1FI",
            "title": "\uff08\u958b\u7bb1\uff09\u4e82\u8cb7\u76f2\u76d2\u4f86\u958b\u7bb1\uff0c\u6ce1\u6ce1\u746a\u7279\u3001\u602a\u7378\u96fb\u529b\u516c\u53f8\u3002"
        },
        {
            "id": "butOgQgcYms",
            "title": "\uff08\u5206\u4eab\uff09\u7528\u597d\u5e02\u591a\u7684\u6750\u6599\u4f86\u716e\u4e00\u9053\u6311\u98df\u7684\u5c0f\u670b\u53cb\u4e5f\u5403\u5149\u5149\u7684\u5922\u5e7b\u6d0b\u8525\u6599\u7406!!COSTCO\u63a1\u8cfc\u3002"
        },
        {
            "id": "wMOZvFdburU",
            "title": "\u6a59\u6a59Cover\uff0c(G)I-DLE - I Want That"
        },
        {
            "id": "UTl5jmiOr1M",
            "title": "\uff08\u6574\u4eba\uff09\u99ac\u6876\u84cb\u4e0a\u4e00\u7058\u5c3f\uff0c\u8001\u5a46\u8ddf\u5973\u5152\u5011\u6703\u6709\u4ec0\u9ebc\u53cd\u61c9?"
        },
        {
            "id": "mn3XkevorkU",
            "title": "\u7db2\u8def\u90fd\u662f\u5047\u7684?\u5be6\u6e2c\u6495\u81a0\u5e36\u5c0f\u5999\u62db\uff0c\u771f\u7684\u6709\u7528\u55ce\uff1f"
        },
        {
            "id": "uR5F6lFMwnM",
            "title": "\uff08\u65e5\u5e38\uff09\u8001\u5a46\u7684\u751f\u65e5\u9910\u3002\u9694\u4e8615\u5e74\u53c8\u5e36\u8001\u5a46\u4f86\u5403\u539f\u71d2\uff0c\u600e\u9ebc\u5b8c\u5168\u4e0d\u4e00\u6a23\u4e86?"
        },
        {
            "id": "pa2UsWi_Sfk",
            "title": "\u7238\u7238\u7528\u9b54\u8853\u8b8a\u51fa\u7cef\u7c73\u7cf0\u5b50\u7d66\u6211\u5403\ud83c\udf61Dad can do magic\ud83c\udf61"
        },
        {
            "id": "eFsGLCMP5ow",
            "title": "\uff08\u9a5a\u559c\uff09\u8d81\u8001\u5a46\u4e0d\u5728\u5bb6\u7d66\u5979\u4e00\u500b\u751f\u65e5\u9a5a\u559c!!\u7d2f\u6b7b\u6211\u5566!"
        },
        {
            "id": "Tp1i-Hra9t4",
            "title": "Slick Back Dance\u6311\u6230\uff0c\u5168\u5065\u8eab\u623f\u770b\u6211\u8868\u6f14\ud83d\ude0e"
        },
        {
            "id": "zNAdySn_muw",
            "title": "\uff08\u55aa\u5c4d\u8001\u7238\u72c0\u6cc1\u5287\uff09\u51fa\u570b\u7684\u98db\u6a5f\u98db\u8d70\u4e86!!!feat.TEL-U"
        },
        {
            "id": "duqI5Fl4RqM",
            "title": "Slick Back Dance\u6311\u6230\uff0c\u7df4\u5230\u8173\u597d\u9178\ud83d\ude05#slickback"
        },
        {
            "id": "FdnntWajIBk",
            "title": "\u6a59\u6a59Cover\uff0c\ud654\uc0ac (HWASA) - 'I Love My Body'"
        },
        {
            "id": "UWuB3I-SnqU",
            "title": "\uff08\u593e\u96f6\u98df#3\u593e\u5b50\u5712\u4e2d\u58e2\u65d7\u8266\u5e97\uff09\u5e36\u6fb3\u9580\u4eba\u7b2c\u4e00\u6b21\u9ad4\u9a57\u593e\u96f6\u98df\u3002\u7e73\u4e86\u5169\u6b21\u5b78\u8cbb\u9019\u6b21\u8981\u53cd\u6557\u70ba\u52dd\u4e86\u5427?"
        },
        {
            "id": "HuC1evG9krU",
            "title": "\u5009\u5eab\u6709\u5947\u602a\u7684\u8072\u97f3\ud83d\ude31\ud83d\ude31\ud83d\ude31"
        },
        {
            "id": "ZcrhkpBCsHI",
            "title": "\uff08\u55aa\u5c4d\u8001\u7238\u5fae\u96fb\u5f71\uff09\u963f\u5fe0\u7684\u9322\u90fd\u88ab\u9a19\u5149\u4e86"
        },
        {
            "id": "_mCz5KAPx9M",
            "title": "\uff08\u65e5\u5e38\uff09\u6a59\u6a59\u8ddfTiana\u5e6b\u5c0d\u65b9\u9078\u8863\u670d\uff0c\u7d50\u679c\u8b8a\u6210\u4e92\u63db\u7a7f\u642d!?"
        },
        {
            "id": "KGpo4hY78U8",
            "title": "\u5168\u65b0 Google Pixel 8 \u4e0d\u64e0\u7259\u818f\uff0c\u7d66\u4f60\u6eff\u6eff\u7684\u8aa0\u610f\uff01"
        },
        {
            "id": "1ayM5xLQq8o",
            "title": "\u7238\u7238\u7684\u982d\u9aee\u600e\u9ebc\u4e86!!??feat.DR CYJ\u9aee\u80dc\u80bd\u5065\u9aee\u4e2d\u5fc3@drcyj1984"
        },
        {
            "id": "cB0MqNJSbFQ",
            "title": "\uff08\u6436\u5148\u770b\uff09\u70ba\u4e86\u7d66\u6a59\u6a59\u9a5a\u559c\uff0c\u4e00\u65e9\u5c31\u6bba\u53bb\u9ea5\u7576\u52de\u6436\u7b2c\u4e00\u500b\u8cb7New Jeans X \u9ea5\u7576\u52de\u806f\u540d\u5957\u9910!!@user-fz7ox2rl5e"
        },
        {
            "id": "7CT8kl6GyPQ",
            "title": "\u6a59\u6a59Cover\uff0cBLACKPINK THE GAME   \u2018THE GIRLS\u2019"
        },
        {
            "id": "Nanz_DKY2AI",
            "title": "\uff082023\u6c96\u7e69\u4e4b\u65c5end\uff09\u6a59\u6a59\u5403\u5230\u9ce5\u5c4e\u58fd\u53f8!?\u5f64\u5f64\u83ab\u540d\u5947\u5999\u4ea4\u4e86\u4e00\u500b\u65e5\u672c\u670b\u53cb\uff0c\u570b\u969b\u901a\u7684\u725b\u6392\u8d85\u7d1a\u597d\u5403!!\u6211\u4e0b\u6b21\u9084\u8981\u518d\u4f86\u6c96\u7e69!"
        },
        {
            "id": "xRzPcRkZ_7U",
            "title": "\u8def\u908a\u7684\u96ea\u5c31\u5f88\u597d\u73a9\u4e86"
        },
        {
            "id": "jB_uMKR8m1g",
            "title": "\uff08\u6280\u80fd\u6311\u6230\u8cfd#17\uff09\u6bcf\u4e00\u500b\u95dc\u5361\u90fd\u4e0d\u80fd\u5931\u8aa4\uff0c\u90a3\u500b\u4eba\u5c45\u7136\u62ff\u51a0\u8ecd!? feat. \u53f0\u7063\u5927\u54e5\u5927"
        },
        {
            "id": "xLtANXY7vWI",
            "title": "\uff082023\u6c96\u7e69\u4e4b\u65c5day4\uff09\u6211\u5011\u4f86\u6c96\u7e69\u5c31\u662f\u8981\u770b\u9019\u4e00\u96bb\u9be8\u9bca\u5566!!\u4e0d\u5c0f\u5fc3\u8cb7\u4e868\u842c\u7684\u9be8\u9bca\u9031\u908a!!!?"
        },
        {
            "id": "vx5_1GpZ-oc",
            "title": "\u8001\u5a46\u59b3\u600e\u9ebc\u4e86\uff1f"
        },
        {
            "id": "CjqnQkBugxI",
            "title": "\uff08\u5bb5\u591c\uff09\u4e2d\u58e2\u6700\u65b0\u7684\u9ebb\u8fa3\u548c\u725b\u706b\u934b\u5403\u5230\u98fd!\u9019\u500b\u725b\u8171\u592a\u9802\u4e86\u5566!!\u6642\u8fa3\u82d1\u3002"
        },
        {
            "id": "wfn06ZBQ8-k",
            "title": "\uff082023\u6c96\u7e69\u4e4b\u65c5day3\uff09\u5728\u98ef\u5e97\u5ee2\u5230\u4e0b\u5348\uff0c\u665a\u4e0a\u53bb\u5403\u6696\u66ae\u62c9\u9eb5\u53c8\u628a\u5305\u5305\u5fd8\u5728\u62c9\u9eb5\u5e97\u5566!!\u5b8c\u4e86!!"
        },
        {
            "id": "_OLkD0szzH0",
            "title": "\u6a59\u6a59\u5403\u98ef\u88ab\u6253"
        },
        {
            "id": "SJVd-v9lgqA",
            "title": "\uff08\u593e\u96f6\u98df#2 \u718a\u55e8\u661f\u6843\u5712\u5357\u5e73\u5e97\uff09\u9019\u6b21\u6709\u9ede\u7d93\u9a57\u4e86\uff0c\u760b\u72c2\u5c71\u5d29!!"
        },
        {
            "id": "HM8OLZqJsTg",
            "title": "\uff08\u593e\u96f6\u98df#1 \u593e\u5b50\u5712\u4e2d\u58e2\u65d7\u8266\u5e97\uff09\u7b2c\u4e00\u6b21\u4f86\u90fd\u4e0d\u6703\u593e\uff0c\u5e97\u54e1\u770b\u4e0d\u4e0b\u53bb\u4e86!"
        },
        {
            "id": "mVqirSznk38",
            "title": "\u7d05\u5305\u88ab\u6436\u8d70\u4e86\uff0c\u963f\u7956\u4f86\u6551\u6211\uff01"
        },
        {
            "id": "PppjDF2lhfs",
            "title": "LE SSERAFIM (\ub974\uc138\ub77c\ud54c) 'UNFORGIVEN Cover:\u6a59\u6a59\u3001\u5c0f\u7fbd #shorts"
        },
        {
            "id": "pA5ykzhP_58",
            "title": "\uff08\u65e5\u5e38\uff09\u5047\u88dd\u8ddf\u5abd\u5abd\u7d04\u6703\uff0c\u5176\u5be6\u6211\u53e6\u6709\u76ee\u7684!"
        },
        {
            "id": "rYpstB9PpiE",
            "title": "\u5e1d\u738b\u87f9\u602a\u7269\ud83d\udc7f"
        },
        {
            "id": "ItG4hk_cZIk",
            "title": "\uff082023\u6c96\u7e69\u4e4b\u65c5day2\uff09\u51fa\u570b\u5c31\u662f\u8981\u6975\u9650\u554a!\u73a9\u5230\u534a\u591c12\u9ede\u624d\u56de\u98ef\u5e97\u3002\u5e78\u798f\u9b06\u9905\u597d\u597d\u5403\u3002"
        },
        {
            "id": "QV4I5VG2NHo",
            "title": "\uff08\u55aa\u5c4d\u8001\u7238\u72c0\u6cc1\u5287\uff09\u539f\u4f86\u6328\u7e2b\u662f\u9019\u6a23\u8a2d\u8a08\u51fa\u4f86\u7684!!\u6328\u7e2b\u9996\u5e2d\u8a2d\u8a08\u5e2b\u3002"
        },
        {
            "id": "wjViiXr0usY",
            "title": "\uff082023\u6c96\u7e69\u4e4b\u65c5day1\uff09\u6311\u6230\u7b2c\u4e00\u6b21\u5728\u65e5\u672c\u958b\u8eca\uff0c\u9006\u5411\u3001\u958b\u932f\u8def\u3002\u6c96\u7e69\u771f\u7684\u592a\u7f8e\u5566!!!"
        },
        {
            "id": "HF66LBosxNQ",
            "title": "\u897f\u74dc\u7834\u6389\u4e86"
        },
        {
            "id": "LKAdcN2oXrU",
            "title": "\uff08\u65e5\u5e38\uff09\u534a\u591c\u5169\u9ede\u4f86\u958b\u7bb1!?\u6211\u5011\u53bb\u6c96\u7e69\u884c\u674e\u90fd\u5e36\u4e86\u4ec0\u9ebc\u5462?"
        },
        {
            "id": "oyavKVx-xws",
            "title": "\uc815\uad6d (Jung Kook) 'Seven'Cover:\u6a59\u6a59\u3001\u5c0f\u7fbd#shorts"
        },
        {
            "id": "D1fktKh73AA",
            "title": "\uff08\u65e5\u5e38\uff09\u597d\u5e02\u591a\u4e2d\u79cb\u63a1\u8cfc\uff0c\u7b2c\u4e00\u6b21\u5728\u967d\u53f0\u70e4\u8089\uff0c\u592a\u8212\u670d\u4e86~"
        },
        {
            "id": "w0jvzqdjEI4",
            "title": "\u8001\u5a46\u649e\u58de\u6211\u7684BMW"
        },
        {
            "id": "-y29YCrm8Hs",
            "title": "NewJeans (\ub274\uc9c4\uc2a4) 'ETA' Cover:\u6a59\u6a59\u3001\u91c7\u91c7 #shorts"
        },
        {
            "id": "2JsJAxzu9OE",
            "title": "\uff08\u65e5\u5e38\uff09\u8001\u5a46\u628a\u6211\u7684\u8eca\u649e\u721b\u4e86!\u6211\u7684\u53cd\u61c9\u662f!!???"
        },
        {
            "id": "D2hU2D5Ce68",
            "title": "\u8001\u516c\u5077\u5403\u6211\u7684\u86cb\u7cd5\ud83c\udf70Husband ate my cake secretly\ud83c\udf70"
        },
        {
            "id": "2C6MP0Eme3A",
            "title": "\uff08\u65e5\u5e38\uff09\u525b\u5403\u706b\u934b\u60f3\u8aaa\u8981\u914d\u500b\u6ce1\u83dc\u7d50\u679c\u4e00\u6253\u958b\u6574\u500b\u7206\u958b!"
        },
        {
            "id": "39wckKG_IxU",
            "title": "\u8d85\u4eba\u4f60\u5728\u5e79\u561b\uff01\uff1f\uff1f\uff1fSuperman what are you doing???"
        },
        {
            "id": "MEQMlNSXc3k",
            "title": "\uff08\u65e5\u5e38\uff09\u7d50\u5a5a\u7d00\u5ff5\u65e5\u5e36\u8001\u5a46\u53bb\u5403\u9ad8\u6a13\u666f\u89c0\u7684\u9ad8\u7d1a\u9910\u5ef3\u5c45\u7136\u4e0d\u7528\u9322!!"
        },
        {
            "id": "sW8E2WEats4",
            "title": "\uff08\u65e5\u5e38\uff09\u9019\u5c0f\u599e\u51fa\u9580\u662f\u8981\u6e96\u5099\u591a\u4e45?\u8ddf\u5f64\u5f64\u7684\u5c0f\u7d04\u6703\u3002"
        },
        {
            "id": "wvZAl0SEbL8",
            "title": "\u8cb7\u4e86\u4e00\u53f0\u4e8c\u624b\u7684\u53e4\u7b8f\u7d66\u5f64\u5f64\uff0c\u5979\u597d\u958b\u5fc3\u263a\ufe0f"
        },
        {
            "id": "-cPn8QFa30k",
            "title": "\uff08\u98ef\u5e97\uff09\u9019\u665a\u9910\u4e5f\u592a\u5f37\u4e86\u5427!\u5403\u5b8c\u98ef\u59ca\u59b9\u4e00\u8d77\u53bb\u6e38\u6cf3\u6c60\u73a9\u3002\u862d\u967d\u70cf\u77f3\u6e2f\u6d77\u666f\u9152\u5e97\u3002"
        },
        {
            "id": "5-9eDViL6Mo",
            "title": "LE SSERAFIM - 'Eve, Psyche & The Bluebeard\u2019s wife' Cover\uff1a\u6a59\u6a59\u3001\u970f\u970f#shorts"
        },
        {
            "id": "m_CmRE_t2fI",
            "title": "\uff08Cover\u82b1\u7d6e\uff09\u6311\u6230\u5169\u5c0f\u500b\u6642\u5b78\u6703 'Super Shy' \uff0c\u8ab0\u6703\u88ab\u8001\u5e2b\u7f75\u6700\u6158?"
        },
        {
            "id": "2j5hGDJdeio",
            "title": "\uff08\u65e5\u5e38\uff09\u958b\u5b78\u6587\u5177\u5927\u63a1\u8cfc\uff0c\u4f86\u53bb\u65b0\u958b\u7684\u6587\u5177\u5e97\u3002feat. \u4e5d\u4e58\u4e5d\u6587\u5177\u5c08\u5bb6"
        },
        {
            "id": "XfsTP45Fbu0",
            "title": "\u87d1\u8782\u54e5\u611b\u5438\u83f8\u88ab\u5206\u624b"
        },
        {
            "id": "7I6BIxS-qCE",
            "title": "\uff08\u6c11\u5bbf\uff09\u4e00\u79d2\u5230\u5cc7\u91cc\u5cf6\u5ea6\u871c\u6708\uff0c\u9019\u9593\u6c11\u5bbf\u771f\u7684\u592a\u7f8e\u4e86\u5566!43\u6703\u9928\u3002"
        },
        {
            "id": "1dp58uCMCA8",
            "title": "JISOO - \u2018\uaf43(FLOWER)Cover:\u6a59\u6a59\u3001\u5c0f\u7fbd#shorts"
        },
        {
            "id": "uA4pD3HmqZY",
            "title": "\uff08\u55aa\u5c4d\u8001\u7238\u72c0\u6cc1\u5287\uff09\u9322\u5305\u88e1\u9762\u6c92\u6709\u9322\uff0c\u592a\u967d\u9905\u88e1\u9762\u6c92\u6709\u592a\u967d\u3002"
        },
        {
            "id": "KjIK_EK5fTE",
            "title": "\u8d85\u9577\u7684\u8d77\u53f8"
        },
        {
            "id": "cmbzx5NWZ9c",
            "title": "\uff08\u98ef\u5e97\uff09\u534a\u591c\u7684\u6c34\u65cf\u9928\u5f88\u6050\u6016\u55ce?\u8ddf\u9b5a\u4e00\u8d77\u7761\u89ba?COZZI Blu \u548c\u9038\u98ef\u5e97 \u2022 \u6843\u5712\u9928\uff0cXpark"
        },
        {
            "id": "XANPaLgPqp8",
            "title": "\u59ca\u59b9\u8df3Queencard"
        },
        {
            "id": "KpxzvbKOpWg",
            "title": "\uff08\u98ef\u5e97\uff09\u672c\u4f86\u8981\u62cd\u7368\u751f\u5973\u65e5\u8a18\u7684\u5566!\u7d50\u679c\u98b1\u98a8\u5bb3\u5f64\u5f64\u4e0d\u80fd\u51fa\u53bb\u73a9\uff0c\u4eca\u5929\u53bb\u4f4f\u6211\u5bb6\u9694\u58c1\u7684\u98ef\u5e97\u3002COZZI Blu \u548c\u9038\u98ef\u5e97 \u2022 \u6843\u5712\u9928"
        },
        {
            "id": "06tAFSXPLc8",
            "title": "\uff08\u6311\u6230\uff09\u7b2c\u4e00\u6b21\u73a9SUP\u4e00\u76f4\u6389\u9032\u6d77\u88e1\u559d\u6d77\u6c34\uff0c\u590f\u5929\u5c31\u662f\u8981\u53bb\u6d77\u908a\u73a9\u5566!"
        },
        {
            "id": "pkwJmsBirQk",
            "title": "ITZY \u201cCAKE\u201d Cover:\u6a59\u6a59\u3001\u5c0f\u7fbd#shorts"
        },
        {
            "id": "_pWh9tvKLnU",
            "title": "\uff08\u65e5\u5e38\uff09\u642c\u4f86\u6843\u5712\u5feb\u5169\u5e74\u7b2c\u4e00\u6b21\u901b\u4e2d\u58e2\u7684\u83dc\u5e02\u5834\uff0c\u56de\u5bb6\u716e\u98ef\u7a7f\u4e0aBLACKPINK\u7684\u570d\u88d9\u4e00\u8a00\u4e0d\u5408\u5c31\u8df3\u821e!"
        },
        {
            "id": "OIKWZ893N7I",
            "title": "\uff08\u55aa\u5c4d\u8001\u7238\u72c0\u6cc1\u5287\uff09\u570b\u4e2d\u751f\u5230\u5e95\u5728\u60f3\u4ec0\u9ebc?"
        },
        {
            "id": "mgo7kXzvxu0",
            "title": "\u7576\u59ca\u59ca\u5728\u62cd\u7db2\u7f8e\u7167\u6642\u59b9\u59b9\u61c9\u8a72\u600e\u9ebc\u505a\uff1f"
        },
        {
            "id": "Rvm7hr8doQ8",
            "title": "\uff08\u5bb5\u591c\uff09\u534a\u591c\u56db\u9ede\u9084\u6709\u9ebb\u8fa3\u934b\u548c\u725b\u5403\u5230\u98fd\u53ef\u4ee5\u5403?\u8def\u904e\u597d\u591a\u6b21\u7d42\u65bc\u9032\u4f86\u5403\u4e86!\u6709\u4e4b\u548c\u725b\u3002"
        },
        {
            "id": "VKBNSsgsTF8",
            "title": "\uff08\u898b\u9762\u6703day2\uff09\u4f60\u5011\u592a\u71b1\u60c5\u5566!\u76f4\u63a5\u585e\u7206\u516b\u5fb7\u7f6e\u5730\u5ee3\u5834\u5566!\u5546\u5834\u4eba\u54e1\u90fd\u8dd1\u4f86\u95dc\u5207\u4e86!"
        },
        {
            "id": "BkBq9dhTq7c",
            "title": "\u90a3\u5973\u7684\u8aaa\u6211\u6295\u4e0d\u9032\uff01\uff1f"
        },
        {
            "id": "LYy-7akoLQY",
            "title": "\uff08\u98ef\u5e97\uff09\u559d\u5230\u8d85\u597d\u559d\u7684\u73cd\u73e0\u5976\u8336!\u89e3\u9396\u7f8e\u98df\u65b0\u4e16\u754c\uff0c\u59ca\u59b9\u665a\u4e0a\u5728\u98ef\u5e97\u8df3Queencard\u3002\u53f0\u5357\u6676\u82f1\u9152\u5e97\u3002"
        },
        {
            "id": "LKmntSazWd8",
            "title": "\u73fe\u6bba\u7684\u6d77\u81bd\uff0c\u5927\u6d77\u7684\u5473\u9053"
        },
        {
            "id": "6u6clOSczrQ",
            "title": "\uff08\u98ef\u5e97\uff09\u7b2c\u4e00\u6b21\u5165\u4f4f\u96f2\u5609\u5357\u6700\u9ad8\u7684\u98ef\u5e97\uff0c\u89e3\u9396\u6599\u7406\u754c\u7684\u5169\u9053\u5922\u5e7b\u6599\u7406\u3002\u53f0\u5357\u9060\u6771\u9999\u683c\u91cc\u62c9\u3002"
        },
        {
            "id": "IGkQpFTkfIE",
            "title": "\uff08\u6c11\u5bbf\uff09\u597d\u60f3\u4f4f\u9019\u88e1!!\u6e38\u6cf3\u6c60\u4e0b\u96e8\u5927\u592a\u967d\u4e5f\u80fd\u73a9\uff0c\u65c1\u908a\u9084\u80fd\u91e3\u9b5a\u5212\u7368\u6728\u821f!Villa V\u5b9c\u862d\u9802\u7d1a\u6703\u9928\u3002"
        },
        {
            "id": "XWE13uJ4Ctg",
            "title": "\u7121\u6575\u6d77\u666f\u73fe\u6bba\u99ac\u7cde\u6d77\u81bd\u9802\u7d1a\u62c9\u9eb5\u4f86\u4e00\u7897\uff01"
        },
        {
            "id": "2VdwmITBMvM",
            "title": "\u70ba\u4ec0\u9ebc\u4f60\u9084\u6c92\u7761?feat.\u5c4f\u6771\u590f\u65e5\u72c2\u6b61\u796d"
        },
        {
            "id": "Q2E94qOQjIs",
            "title": "\u7238\u7238\u6211\u4e00\u5b9a\u6703\u62ff\u51a0\u8ecd\u7684!feat.\u9583\u8e8d\u5427!\u661f\u5922\u2606\u983b\u9053"
        },
        {
            "id": "HMvEOYrVrzU",
            "title": "\u4eca\u5929\u7236\u89aa\u7bc0\uff0c\u5973\u5152\u8aaa\u8981\u5e36\u6211\u53bb\u5403\u5927\u9910\u2764\ufe0f"
        },
        {
            "id": "-4597RMO_Wc",
            "title": "Queen card\uff0c\u5230\u5e95\u662f\u53bb\u5531\u6b4c\u9084\u662f\u8df3\u821e\u554a\ud83d\ude02"
        },
        {
            "id": "ZyG5O7GY3yY",
            "title": "\uff08\u65e5\u5e38\uff09\u570b\u4e2d\u751f\u7684\u7169\u60f1\uff0c\u6bcf\u5929\u90fd\u6709\u5beb\u4e0d\u5b8c\u7684\u4f5c\u696d\u3002"
        },
        {
            "id": "MGzPP2Nu1_M",
            "title": "IVE \uc544\uc774\ube0c 'I AM'Cover:\u6a59\u6a59\u3001\u91c7\u91c7"
        },
        {
            "id": "iksAep8MScE",
            "title": "\uff08\u6c11\u5bbf\uff09\u7b2c\u4e00\u6b21\u5165\u4f4f\u68ee\u6797\u7cfb\u6c11\u5bbf\uff0c\u5c45\u7136\u5728\u9580\u53e3\u5c31\u6293\u5f97\u5230\u936c\u5f62\u87f2!?\u5c0b\u8def\u82d7\u6817\u7da0\u6ce2\u6d6a\u3002"
        },
        {
            "id": "NZxctOIn0qQ",
            "title": "\u9ebb\u8fa3\u934b\u53e3\u5473\u7684\u751c\u751c\u5708\uff01\uff1f\u597d\u5403\u55ce\uff1f"
        },
        {
            "id": "MiSXZ_At8Ds",
            "title": "\u7b2c\u4e00\u6b21\u8209\u8fa6\u7c89\u7d72\u898b\u9762\u6703\u6703\u6709\u4eba\u4f86\u55ce?\u55aa\u5c4d\u8001\u7238\u6c99\u9738\u865f\u7c89\u7d72\u898b\u9762\u6703day1\u6d3b\u52d5\u8a18\u9304\uff0c\u65b0\u838a\u5b8f\u532f\u5ee3\u5834\u3002feat.\u9583\u8e8d\u5427\uff01\u661f\u5922\u2606\u983b\u9053"
        },
        {
            "id": "kWckpscoXVo",
            "title": "\uff08MV Cover\uff09\u6311\u6230\u5169\u5c0f\u6642\u5b78\u6703NewJeans (\ub274\uc9c4\uc2a4) 'Super Shy'Cover:\u6a59\u6a59\u3001\u91c7\u91c7\u3001\u970f\u970f\u3001\u6db5\u6db5\u3001\u6674\u73a5"
        },
        {
            "id": "NftIC5rO80k",
            "title": "\uff08\u6311\u6230\uff09\u88ab\u903c\u8457\u53bb\u5de5\u4f5c!\u9023\u91e311\u5c0f\u6642\u7684\u8766\u53ef\u4ee5\u91e3\u5e7e\u96bb?"
        },
        {
            "id": "u9q14ZiH1Ek",
            "title": "\u8df3\u4e00\u4e0bFLOWER\u8981\u55ce?\u597d\u5566!"
        },
        {
            "id": "A_V8tnrgHcQ",
            "title": "\uff08\u6311\u6230\uff09\u7b2c\u4e00\u6b21\u642d\u5e33\u7bf7\u9732\u71df\uff0c\u5149\u642d\u5e33\u5c31\u82b1\u4e86\u56db\u500b\u5c0f\u6642!!feat.\u5929\u5730\u5408\u88dc"
        },
        {
            "id": "Mee7YaWOtYg",
            "title": "\uff08MV\u82b1\u7d6e\uff09\u9019\u5834\u5730\u8ab0\u9078\u7684\u5566!\u5feb\u9ede\u627f\u8a8d\u6211\u4fdd\u8b49\u4e0d\u6253\u5c4e\u4ed6!!UNFORGIVEN\u82b1\u7d6e"
        },
        {
            "id": "CQfVV6hyaIQ",
            "title": "\uff08\u5168\u570b\u6700\u5feb\u958b\u7bb1\uff09BLACKPINK&\u661f\u5df4\u514b\u806f\u540d\u9650\u91cf\u9031\u908a\uff0c\u6436\u5230\u8d85\u9650\u91cf\u7684\u676f\u5b50\u5566!!!\u6368\u4e0d\u5f97\u7528\u554a!!!"
        },
        {
            "id": "gBu1rqci0YQ",
            "title": "UNFORGIVEN Cover"
        },
        {
            "id": "bEGCUGZR0e8",
            "title": "\uff08MV Cover\uff09LE SSERAFIM(\ub974\uc138\ub77c\ud54c)\"UNFORGIVEN \"Cover:\u6a59\u6a59\u3001\u5c0f\u7fbd\u3001\u970f\u970f\u3001\u91c7\u91c7\u3001\u6db5\u6db5\u3001\u6674\u73a5"
        },
        {
            "id": "JTYLt2zwFhU",
            "title": "\uff08\u5bb5\u591c\uff09\u706b\u934b\u5e97\u88e1\u9762\u6700\u597d\u5403\u7684\u5c45\u7136\u662f\u96de\u8089\u98ef!???\u3002\u5c2c\u934b"
        },
        {
            "id": "TQBfLgrHlM0",
            "title": "\uff08\u65e5\u5e38\uff09\u5f64\u5f64\u8aaa\u6700\u8fd1\u8033\u6735\u5f88\u7662\uff0c\u4e00\u770b\u4e0d\u5f97\u4e86!\u585e\u4e86\u6eff\u6eff\u7684....."
        },
        {
            "id": "s-sm6c-S0CU",
            "title": "\uff08\u55aa\u5c4d\u8001\u7238\u72c0\u6cc1\u5287\uff09\u6211\u7684\u524d\u4e16\u60c5\u4eba\u70ba\u4e86\u6211\u5435\u67b6!?"
        },
        {
            "id": "LYYxVZCbm3I",
            "title": "\uff08\u98ef\u5e97\uff09\u96b1\u85cf\u5728\u65b0\u5317\u5e02\u7684\u68ee\u6797\u7cfb\u6eab\u6cc9\u98ef\u5e97\u3002\u5927\u677f\u6839\u68ee\u6797\u6eab\u6cc9\u9152\u5e97\u3002"
        },
        {
            "id": "zvKe5smHw1M",
            "title": "\uff08\u65e5\u5e38\uff09\u6211\u5011\u51fa\u570b\u884c\u674e\u7bb1\u90fd\u88dd\u4ec0\u9ebc?\u6a59\u6a59\u662f\u8981\u53bb\u53c3\u52a0\u570b\u969b\u6642\u5c1a\u5927\u6703\u662f\u4e0d\u662f?"
        },
        {
            "id": "jIWcN9kERVo",
            "title": "\uff08\u91cd\u5927\u516c\u544a\uff09\u5275\u983b\u9053\u5341\u4e94\u5e74\u4f86\u6700\u5927\u4e8b\u4ef6!!"
        }
    ]
}