{
    "video_info": {
        "id": "0BZHgB1kf3Q",
        "channelTitle": "\u597d\u68d2Bump",
        "title": "\u8e22\u7206\u516c\u5bb6\u6a5f\u95dc\u5403\u6848\uff01\u864e\u982d\u8702\u5165\u4fb52\u500b\u6708\u7adf\u4e0d\u4f86\u8655\u7406\uff01\u3010\u597d\u68d2Bump\u3011",
        "description": "\u5f9e\u5927\u69822-3\u500b\u6708\u524d\u6211\u5bb6\u4f86\u4e86\u4e00\u6279\u5f88\u7d14\u7684\u864e\u982d\u8702,\n\u4e0d\u7ba1\u600e\u9ebc\u6a23\u67d0\u500b\u516c\u5bb6\u6a5f\u95dc\u55ae\u4f4d\u5c31\u662f\u4e0d\u4f86\u8655\u7406,\n\u65bc\u662f\u6211\u5011\u73a9\u8d77\u4e86\u6b7b\u4ea1\u904a\u6232\u3002\n\n#\u5c60\u8702\u52c7\u58eb #\u653f\u5e9c\u5403\u6848 #\u767c\u73fe\u864e\u982d\u8702\u7aa9\u806f\u7d61\u6211\n--------------------------------------------------------- \n\u4e0a\u4e00\u90e8\u5f71\u7247\u6211\u8fa6\u4e86\u4e00\u5834\u767e\u4eba\u6d3e\u5c0d\uff01\u7c73\u5176\u6797\u4e09\u661f\u4e3b\u5eda+20\u842c\u5927\u734e\u73a9\u5230\u723d\uff01\u3010\u597d\u68d2Bump\u3011\u3010\u6d3e\u5c0d\u934a\u91d1\u8853\u3011https://youtu.be/qnS7fIQ5Wpo\n\n\u8001\u5b50\u7684IG\uff1ahttps://bit.ly/2JqmmIq\n\u8001\u5b50\u7684FB\uff1ahttps://bit.ly/2s3pwwb",
        "likeCount": "21364",
        "commentCount": "1425",
        "viewCount": "1652574"
    },
    "comments": [
        {
            "reply_id": "UgxcgWOoyMyuYcPfxyJ4AaABAg",
            "reply_content": "\u90a3\u500b\u4e00\u74f6\u53ef\u4ee5\u5674\u706b\u7684\u662f\u4ec0\u9ebc"
        },
        {
            "reply_id": "UgwmGS_SHJPQP7RWYOh4AaABAg",
            "reply_content": "\u4e00\u822c\u7684\u871c\u8702\u800c\u5df2\u554a"
        },
        {
            "reply_id": "Ugxjn7jxF3VspKoiLR14AaABAg",
            "reply_content": "\u4e0d\u8981\u5fd8\u4e86\u81ea\u5f37\u904b\u52d5\u5931\u6557\u4e86\ud83d\ude02"
        },
        {
            "reply_id": "UgxWrejzjuP0ESiy4Ch4AaABAg",
            "reply_content": "\u5668\u6cb9\u53ef\u4ee5\u52f3\u6b7b\u4ed6\ud83d\ude02"
        },
        {
            "reply_id": "UgyhWDSKZxE5W043mfp4AaABAg",
            "reply_content": "\u6211\u5bb6\u6c11\u5bbf\u4e4b\u524d\u6709\u864e\u982d\u8702\u7684\u5de2\ud83d\ude02"
        },
        {
            "reply_id": "Ugwzxgox9WFWJGW4iQ54AaABAg",
            "reply_content": "\u4ee5\u5f8c\u5c31\u4e0d\u8981\u6253\u7d66\u516c\u5bb6\u6a5f\u95dc\u4e86\u53cd\u6b63\u4ed6\u5011\u4e5f\u4e0d\u6703\u4f86\u81ea\u5df1\u8655\u7406\u5c31\u597d\u4e86"
        },
        {
            "reply_id": "Ugzy6AM6YCSekPPVuON4AaABAg",
            "reply_content": "\u6211\u5bb6\u91cc\u4e5f\u6709"
        },
        {
            "reply_id": "UgytLnR_axf-yYWH6d94AaABAg",
            "reply_content": "\u6355\u8702\u5176\u5be6\u7b97\u8fb2\u696d\u5c40\u4e0d\u7b97\u52d5\u4fdd\uff0c\u6293\u86c7\u624d\u6709\u52d5\u4fdd\u7684\u4e8b\n\u963f\u53ea\u662f\u5169\u500b\u55ae\u4f4d\u90fd\u5f88\u6163\u6027\u64fa\u721b\uff0c\u6700\u5f8c\u9019\u4e9b\u83ab\u540d\u5176\u5999\u7684\u52e4\u52d9\u5168\u90e8\u843d\u5230\u6d88\u9632\u968a\u8eab\u4e0a\uff0c\u53cd\u6b63\u5168\u53f0\u7063\u4e5f\u53ea\u6709\u8b66\u5bdf\u6d88\u9632\u90a3\u9ebc\u9592\u5230\u8655\u5305\u5de5\u7a0b\u7136\u5f8c\u5176\u4ed6\u653f\u5e9c\u55ae\u4f4d\u5c31\u76f4\u63a5\u64fa\u721b\u5230\u5e95\uff0c\u8b1b\u5230\u4e0d\u60f3\u8b1b\ud83d\ude07"
        },
        {
            "reply_id": "UgwG0JHfdXg4BGNwPv14AaABAg",
            "reply_content": "\u516c\u5bb6\u55ae\u4f4d\u771f\u7684\u6709\u5920\u56c2\u5f35\uff0c\u771f\u4ee5\u70ba\u90fd\u62ff\u4ed6\u5011\u6c92\u8f4d"
        },
        {
            "reply_id": "UgxNHTQwdUOvh881u954AaABAg",
            "reply_content": "\u6211\u5bb6\u6709\u773c\u775b\u86c7\u4f60\u6740\u6b7b\u4ed6\u5427"
        },
        {
            "reply_id": "Ugzg9e_ay7Xevq4WkDV4AaABAg",
            "reply_content": "\u4ed6\u5011\u53ea\u5728\u4e4e\u9078\u7968 \u9078\u8209\u9322\u99ac\u4e0a\u5c31\u4f86"
        },
        {
            "reply_id": "Ugxw96WMMgV9fmT40jt4AaABAg",
            "reply_content": "\u6211\u5011\u5168\u54e1\u51fa\u52d5"
        },
        {
            "reply_id": "UgzlLJFo4yC7UPkgZsB4AaABAg",
            "reply_content": "\u611f\u8b1d\u4f60\u5011\u8e22\u7206\u9019\u500b\u4e2d\u83ef\u6c11\u570b\u6700\u5927\u8a50\u9a19\u96c6\u5718"
        },
        {
            "reply_id": "UgwhmvgTTwcSIpi1bU14AaABAg",
            "reply_content": "\u540c\u6a23\u72c0\u6cc1\u52d5\u4fdd\u6211\u4e5f\u6253\u904e\uff0c\u4e5f\u90fd\u6c92\u4f86\uff0c\u81ea\u5df1\u8655\u7406\u6389\uff0c\u8acb\u554f\u4ed6\u5011\u5e95\u6709\u6c92\u6709\u5728\u5de5\u4f5c"
        },
        {
            "reply_id": "UgzshNWVqGwR9_W-zKd4AaABAg",
            "reply_content": "\u88ab\u9a19\u5230\u570b\u5916\u7684\u4eba\u90fd\u4e0d\u80af\u6551\u4e86\u66f4\u4f55\u6cc1\u662f\u864e\u982d\u8702...."
        },
        {
            "reply_id": "UgydpkbWWW94Yvq-iKJ4AaABAg",
            "reply_content": "\u4f60\u6703\u5e7e\u570b\u8a9e\u8a00"
        },
        {
            "reply_id": "UgyAoP0yzGhHdHhd5Et4AaABAg",
            "reply_content": "\u5176\u5be6\u5927\u90e8\u5206\u6355\u8702\u4eba\u4e0d\u662f\u516c\u5bb6\u6a5f\u95dc\u7684\u662f\u79c1\u4eba\u7684\u6355\u8702\u662f\u70ba\u6c11\u9664\u5bb3\u5176\u5be6\u4ed6\u5011\u4e0d\u7528\u90a3\u9ebc\u62fc\u547d\u9664\u975e\u63a5\u96fb\u8a71\u7684\u662f\u6d88\u9632\u54e1"
        },
        {
            "reply_id": "UgwkAjx8FnBmnEABWhF4AaABAg",
            "reply_content": "\u516c\u5bb6\u6a5f\u95dc\u662f\u6709\u591a\u721b\uff0c\u53ea\u6703\u55c6\u4eba\u4e0d\u6562\uff0c\u7136\u5f8c\u81ea\u5df1\u64fa\u721b\uff0c\u99ac\u7684\u7a05\u91d1\u4e1f\u6c34\u6e9d"
        },
        {
            "reply_id": "Ugwk5GmCstPGo2BeXbV4AaABAg",
            "reply_content": ""
        },
        {
            "reply_id": "Ugwxv4oiOOBL00vufJp4AaABAg",
            "reply_content": "\u4ee5\u524d\u6211\u5011\u5bb6\u4e5f\u6709\u864e\u982d\u8702\uff0c\u800c\u4e14\u7bc9\u7684\u5de2\u975e\u5e38\u5927\u50cf\u4e00\u9846\u4fdd\u9f61\u7403\u7684\u5927\u5c0f\uff0c\u5f8c\u4f86\u6253\u7d66119\u6d88\u9632\u54e1\u4ed6\u5011\u5c31\u4f86\u4e86\u5e6b\u6211\u5011\u8655\u7406\u4e86\u3002"
        }
    ]
}