{
    "video_info": {
        "id": "1lyvxqmNRv4",
        "channelTitle": "\u597d\u68d2Bump",
        "title": "\u88ab\u8cbc\u4e0a\u6557\u58de\u793e\u6703\u6a19\u7c64\u5f8c\uff01\u70ba\u4e86\u7d66\u4f60\u5011\u4e00\u500b\u7acb\u5834\uff01\u6211\u5df2\u4ed8\u51fa\u4e00\u5207\u2026\u3010\u597d\u68d2Bump\u3011",
        "description": "\u9019\u90e8\u5f71\u7247\u662f\u6211\u6700\u8fd1\u60f3\u8ddf\u5927\u5bb6\u8aaa\u7684\u8a71\u3002\n\n\u7136\u5f8c\uff5e\u8b1d\u8b1dMAJOR MADE\u9019\u4e00\u5e74\u7684\u60c5\u7fa9\u76f8\u633a\uff0c\u4ed6\u5011\u5bb6\u7684\u77ac\u6dbc\u767b\u5cf0\u8863\u771f\u7684\u505a\u5f97\u5f88\u597d\uff0c\u7a7f\u8d77\u4f86\u5f88\u8212\u670d\uff5e\n\n\u5927\u5bb6\u5982\u679c\u6c92\u6709\u9632\u66ec\u6dbc\u611f\u5916\u5957\u771f\u7684\u5f88\u9069\u5408\u5165\u624b\u4e00\u4ef6\uff0c\u54c1\u724c\u9001\u7d66\u7c89\u7d72\u5011\u7684\u5c08\u5c6c\u512a\u60e0\u78bc\u3010MJR0911\u3011\u4e0b\u55ae\u7d50\u5e33\u53ef\u4ee5\u6298\u6263$50\u5143\n\n\u9023\u7d50\u6211\u653e\u5728\u9019\u88e1\uff5e https://pse.is/4e57dh\n\n#\u6557\u58de\u793e\u6703\n#\u88ab\u8cbc\u6a19\u7c64\n#\u53ea\u60f3\u7d66\u5927\u5bb6\u4e00\u500b\u559c\u6b61\u6211\u7684\u7acb\u5834\n\n#MAJORMADE #\u77ac\u6dbc\u767b\u5cf0\u8863 #\u9632\u66ec\u65b0\u7f8e\u5b78 #\u7a7f\u7684\u4fdd\u990a\u54c1\n--------------------------------------------------------- \n\u4e0a\u4e00\u90e8\u5f71\u7247 \u4f86\uff01\u53d7\u56f0\u8b49\u4eba\u4f86\u8b1b\u771f\u76f8\u4e86\uff01\u5916\u4ea4\u90e8\u8acb\u51fa\u4f86\u89e3\u91cb\uff01\u3010\u597d\u68d2Bump\u3011https://youtu.be/bCT5C3BT1Ms\n\n\u8001\u5b50\u7684IG\uff1ahttps://bit.ly/2JqmmIq\n\u8001\u5b50\u7684FB\uff1ahttps://bit.ly/2s3pwwb",
        "likeCount": "94765",
        "commentCount": "12175",
        "viewCount": "1723025"
    },
    "comments": [
        {
            "reply_id": "Ugxp77i8cOmfRVhDqKp4AaABAg",
            "reply_content": "\u60f3\u8aaa\u7684\u5c31\u662f\u9019\u4e9b\u4e86\uff0c\u8b1d\u8b1d\u5927\u5bb6"
        },
        {
            "reply_id": "UgxKmJeC_BbNi6RtwOx4AaABAg",
            "reply_content": "\u8b1d\u8b1d\u4f60\uff0c\u963f\u5f4c\u9640\u4f5b"
        },
        {
            "reply_id": "UgzqDvs8O-GnoLZ5-Qh4AaABAg",
            "reply_content": "\u5148\u611b\u81ea\u5df1\u624d\u6709\u66f4\u591a\u529b\u91cf\u505a\u60f3\u505a\u7684\u4e8b\uff01\u52a0\u6cb9\uff01"
        },
        {
            "reply_id": "Ugz1S76odD1GuKtALmV4AaABAg",
            "reply_content": "\u5c0d\u561b"
        },
        {
            "reply_id": "UgwreHz4fO4K5kB2qWt4AaABAg",
            "reply_content": "\u5982\u679c\u597d\u68d2\u89ba\u5f97\u4e0d\u884c\u53ef\u4ee5\u628a\u8a0a\u606f\u95dc\u6389\u54c8\u54c8\u54c8"
        },
        {
            "reply_id": "UgzRqWhr03mHnvpWFhV4AaABAg",
            "reply_content": "\u5f88\u5c11\u770b\u5f71\u7247\u7684\u6211\uff0c\u6700\u8fd1\u5237\u5230\u4f60\u7684\u5f71\u7247\uff0c\u6211\u771f\u7684\u89ba\u5f97\u4f60\u5f88\u68d2\uff0c\u4e0d\u7ba1\u662f\u641e\u7b11\u9084\u662f\u8a50\u9a19\u5230\u6551\u4eba\u4ee5\u53ca\u5831\u6069\u7cfb\u5217\u90fd\u89ba\u5f97\u4f60\u5f88\u7528\u5fc3\uff0c\u5176\u5be6\u904e\u7a0b\u4e2d\u5c31\u7b97\u662f\u5728\u9b27\u4e5f\u80fd\u5f9e\u4e2d\u611f\u53d7\u5230\u4f60\u60f3\u8868\u9054\u5167\u5fc3\u7684\u60f3\u6cd5\uff0c\u5f88\u591a\u5167\u5bb9\u4e5f\u5e36\u6709\u6559\u80b2\u5bd3\u610f\uff0c\u8ab0\u8aaa\u5927\u4eba\u5c31\u4e0d\u6703\u72af\u932f\uff0c\u5f88\u591a\u5927\u4eba\u624d\u66f4\u61c9\u8a72\u88ab\u91cd\u65b0\u6559\u80b2\uff0c\u6211\u89ba\u5f97\u4f60\u5f88\u68d2\uff0c\u4f60\u4e00\u5b9a\u8981\u7e7c\u7e8c\u505a\u4e0b\u53bb\uff0c\u52a0\u6cb9"
        },
        {
            "reply_id": "Ugz7WzoTApB_2EcA3v54AaABAg",
            "reply_content": "\u592a\u611f\u52d5\u4e86 \u6709\u9322\u4ee5\u5f8c\u4e00\u5b9a\u6703\u76e1\u81ea\u5df1\u7684\u5fae\u8584\u4e4b\u529b"
        },
        {
            "reply_id": "UgyvVQnnP1tTkHr64T14AaABAg",
            "reply_content": "\u6211\u4e0d\u80fd\u8bf4\u4f60\u52a0\u6cb9\uff0c\u6211\u4f1a\u4e00\u76f4\u652f\u6301\u4f60\uff0c\u4f46\u66f4\u5e0c\u671b\u4f60\u4eec\u662f\u5b89\u5168\u5e73\u5b89\u7684\uff0c\u6211\u628a\u4f60\u8fc7\u53bb\u7684\u5f71\u7247\u5168\u90e8\u770b\uff0c\u7136\u540e\u53bb\u5206\u4eab\u3002\u6211\u80fd\u505a\u5230\u7684\u2764"
        },
        {
            "reply_id": "UgxtDwWtYODottxiHOd4AaABAg",
            "reply_content": "\u8b1d\u8b1d\u60a8\u7684\u4ed8\u51fa\uff0c\u8f9b\u82e6\u4e86\uff01\u8a50\u9a19\u96c6\u5718\u6a6b\u884c\u7684\u73fe\u5728\uff0c\u6211\u5011\u6bcf\u500b\u4eba\u90fd\u8981\u5177\u5099\u9019\u4e9b\u57fa\u672c\u5e38\u8b58\u4f86\u4fdd\u8b77\u81ea\u5df1\uff0c\u771f\u7684\u9700\u8981\u60a8\u7684\u5f71\u7247\uff0c\u73fe\u5728\u8a50\u9a19\u624b\u6cd5\u8f49\u5411\u77e5\u8b58\u578b\u72af\u7f6a\uff0c\u6211\u8a8d\u70ba\u8a50\u9a19\u985e\u578b\u53ea\u6703\u8d8a\u4f86\u8d8a\u591a\uff0c\u4e0d\u53ea\u662f\u9a19\u9322\u3001\u9a19\u8272\u3001\u9a19\u611f\u60c5\uff0c\u672a\u4f86\u6211\u5011\u90fd\u9700\u8981\u5177\u5099\u9019\u4e9b\u77e5\u8b58\u624d\u80fd\u5728\u793e\u6703\u4e0a\u751f\u5b58\u3002"
        },
        {
            "reply_id": "UgxDM3hP4-7szcvCqAl4AaABAg",
            "reply_content": "\u6211\u53cd\u800c\u662f\u6703\u5148\u770b\u4f60\u8e22\u7206\u8a50\u9a19\u7cfb\u5217\u7684\u6b38,\u6211\u89ba\u5f97\u5f88\u6709\u610f\u601d\u554a"
        },
        {
            "reply_id": "UgwxixscaSbY-mY4mfV4AaABAg",
            "reply_content": "\u7b11\u6b7b\uff0c\u696d\u914d\u90a3\u6bb5\u968e\u5f97\u5f88\u9806\u6b38\uff0c\u770b\u5230\u4e0b\u9762\u90fd\u5728\u6296\u5167\uff0c\u5f88\u62b1\u6b49\uff0c\u6211\u662f\u4e00\u4ecb\u7aae\u5b78\u751f\uff0c\u9084\u6c92\u80fd\u529b\u6253\u8cde\uff0c\u4f46\u5f88\u611f\u8b1d\u9019\u500b\u983b\u9053\u4e0d\u65b7\u6563\u64ad\u6b63\u80fd\u91cf\u3002"
        },
        {
            "reply_id": "UgxVAN3jvxwpHfBBpaB4AaABAg",
            "reply_content": "\u4e5f\u5f88\u559c\u6b22\u4ee5\u524d\u7684\u7537\u4eba\u5e2e\u7684\u89c6\u9891  \u600e\u6837\u90fd\u662f\u4f60 \u559c\u6b22\u4f60\u56e0\u4e3a\u662f\u4f60  \u6211\u4e5f\u76f8\u4fe1\u4f60\u4f1a\u6c38\u8fdc\u662f\u4f60"
        },
        {
            "reply_id": "UgzOEmePcuS1qObaYyp4AaABAg",
            "reply_content": "\u76f8\u4fe1\u4f60\u8bf4\u7684\u4e00\u5207\u3002\u4e00\u4e2a\u5c0f\u5efa\u8bae\u4e0d\u8981\u64ad\u90a3\u4e2a\u97f3\u4e50\u3002\u3002\u56e0\u4e3a\u628a\u4f60\u8ba4\u771f\u7684\u4e00\u756a\u8bdd\u53d8\u5f97\u6545\u4e8b\u5316\u3002"
        },
        {
            "reply_id": "UgzxrH5uiW0HsO64tBB4AaABAg",
            "reply_content": "\u4e0d\u6703\u554a\uff01\u6211\u90fd\u8ddf\u6211\u5abd\u63a8\u85a6"
        },
        {
            "reply_id": "UgzPpOBBRP3Mia7XZKN4AaABAg",
            "reply_content": "\u4ed6\u6557\u58de\u793e\u6703\u52d2 \uff1f\uff1f\uff1f\uff1f\u4f60\u5011\u653f\u9ee8\u624d\u5728\u6557\u58de\u793e\u6703 \uff01\u5abd\u7684\u60e1\u4eba\u5148\u544a\u72c0\u662f\u55ce\u4f60\u5011\u505a\u4e0d\u5230\u7684\u4e8b\u60c5\u9700\u8981\u4e00\u500b\u201c\u666e\u901a\u4eba\u201d\u4f86\u8655\u7406 wow  \u662f\u4e0d\u662f\u60f1\u7f9e\u6210\u6012\u8981\u8aaa\u6e05\u695a\u5662 \u800c\u4e14\u611f\u89ba\u5c31\u662f\u8655\u7406\u597d\u68d2\u68d2\u5f88\u9ebb\u7169\u624d\u9019\u6a23\u641e\u4ed6\u7684"
        },
        {
            "reply_id": "Ugxy00ePep9npppDBlZ4AaABAg",
            "reply_content": "\u4f60\u662f\u5be6\u5be6\u5728\u5728\u5f88\u6709\u80fd\u529b\uff08\u5929\u751f\u7684\u300c\u8cc7\u8cea\u300d\u5f37\u5927 \u4e0d\u4f46\u6709\u80fd\u529b \u9084\u6709\u300c\u81bd\u8b58 \u91cd\u9ede\u662f\u300c\u4f60\u9858\u610f\u300d\u7576\u5168\u6c11\u82f1\u96c4\uff08\u8d77\u78bc\u5c0d\u6211\u4f86\u8aaa \u4f60\u662f\u4eba\u6c11\u82f1\u96c4\uff09\u4efb\u4f55\u4e00\u500b\u570b\u5bb6\u793e\u6703 \u90fd\u9700\u8981\u60a8\u9019\u6a23\u7684\u4eba \u80fd\u505a \u9858\u610f\u505a \u5982\u679c \u60a8\u7684\u5718\u968a\u53ef\u4ee5\u64f4\u5c55\u52301\u5343\u500d\uff08\u4e00\u500b\u4eba\u7684\u529b\u91cf \u4e00\u500b\u5718\u968a\u7684\u529b\u91cf\u6709\u9650\uff09 \u793e\u6703\u8a72\u6709\u591a\u5b89\u8a73\u3001\u6216\u8a31\u6709\u6a5f\u6703\u770b\u5230\u4eba\u4e16\u9593\u7684\u7f8e\u597d\u2026\u2026\u770b\u5230\u60a8\u5687\u9000\u6050\u5687\u4eba\u7684\u8a50\u9a19\u4eba\u6e23 \u5fc3\u60c5\u6109\u5feb\u7684\u4e0d\u5f97\u4e86  \u5f88\u611f\u8b1d\u60a8\u4e00\u9846\u7d14\u771f\u7684\u5fc3 \u4f60\u7684\u5fc3 \u5f88\u7d14\u6f54\u7684 \u4f60\u81ea\u5df1\u4e0d\u77e5\u9053 \u4f46\u662f\u662f\u771f\u7684 \u9019\u662f\u5929\u751f\u7684 \u4f60\u7121\u6cd5\u6297\u62d2 \u5728\u9019\u4ee4\u4eba\u5931\u671b\u7684\u4eba\u6027\u4e0b \u4f60\u9084\u662f\u9078\u64c7\u5e6b\u52a9\u4eba \u60a8\u7684\u80fd\u529b \u9078\u64c7\u4e86\u7ad9\u5728\u6b63\u7fa9\u4e00\u908a \u6574\u500b\u8c41\u51fa\u53bb\u4f86\u7ba1\u793e\u6703\u7684\u4e82\u8c61\u2026\u5be6\u5728\u662f\u5929\u4f7f\u4f86\u6295\u80ce\u7684 \u597d\u8b1d\u8b1d\u60a8\n\u5c31\u662f\n\u770b\u60a8\u7684\u983b\u9053 \u5f88\u591a\u6cd5\u8a9e \u5fb7\u6587\ud83e\udd23\ud83e\udd23\ud83e\udd23\ud83e\udd23\ud83e\udd23\u4f60\u5f88\u6703\u8868\u9054\u81ea\u5df1\u7684\u6240\u6709\u611f\u53d7 \u53e3\u689d\u8d85\u7d1a\u5f37\u5927 \u5be6\u5728\u4e0d\u9700\u8981\u501f\u52a9\u90a3\u4e9b\u8a9e\u52a9\u8a5e\u554a\u22ef\u22ef\u62b1\u6b49 \u56e0\u70ba\u6c92\u6709\u89aa\u773c\u770b\u5230\u73fe\u5be6\u7684\u82f1\u96c4 \u6211\u8aaa\u7684\u6709\u9ede\u591a\n\u592a\u611f\u52d5\u60a8\u4e86\n\u8b1d\u8b1d\u60a8\u70ba\u793e\u6703\u505a\u7684\u4e00\u5207"
        },
        {
            "reply_id": "UgwoT4p1Nhyo9PydvJt4AaABAg",
            "reply_content": "\u4f60\u6bd4\u6211\u5011\u4efb\u4f55\u4e00\u500b\u4eba\u52c7\u6562"
        },
        {
            "reply_id": "Ugysz3fdVkAZraoylK54AaABAg",
            "reply_content": "\u6c38\u9060\u4e0d\u6703\u653e\u68c4\u4f60"
        },
        {
            "reply_id": "Ugw3b6Ut3bzOLSXy5al4AaABAg",
            "reply_content": "\u8b9a"
        },
        {
            "reply_id": "UgwLGIyE5n90zeswvFB4AaABAg",
            "reply_content": "\u5f88\u597d\u62cd\u554a\u6240\u4ee5\u4ed6\u5011\u53ea\u6703\u7576\u9375\u76e4\u4fe0\u7d50\u679c\u9023\u500b\u4e00\u5206\u9418\u5f97\u5c4e\u90fd\u62c9\u4e0d\u51fa\u4f86"
        }
    ]
}