{
    "video_info": {
        "id": "7QW7iB3IQzA",
        "channelTitle": "\u597d\u68d2Bump",
        "title": "\u6211\u7528\u6578\u5b78\u628a\u201d\u767e\u5bb6\u6a02\u201d\u7834\u89e3\u4e86\uff01\u9760\u5718\u968a\u91cf\u5316\u5927\u8d0f150\u842c\uff01\u3010\u597d\u68d2Bump\u3011\u3010\u512a\u52e2\u73a9\u5bb6\u3011",
        "description": "\u9019\u4e00\u6b21\u6211\u5011\u9760\u8457\u6578\u5b78\u516c\u5f0f\u628a\u767e\u5bb6\u6a02\u7d66\u7834\u89e3\u4e86\uff0c\u81f3\u65bc\u5f8c\u4f86\u767c\u751f\u751a\u9ebc\u4e8b\u5c0e\u81f4\u6211\u7834\u7522\uff0c\u5c31\u5404\u4f4d\u81ea\u5df1\u770b\u5427\u2026.\n\n#\u767e\u5bb6\u6a02\u7834\u89e3 #\u8ced\u5834\u53c8\u751f\u6c23\u4e86 #\u5404\u4f4d\u8acb\u5c0f\u5fc3\u4f60\u8eab\u908a\u7684\u670b\u53cb\n\n\u6210\u70ba\u9019\u500b\u983b\u9053\u7684\u6703\u54e1\u4e26\u7372\u5f97\u734e\u52f5\uff1a\nhttps://www.youtube.com/channel/UC7XxnhjdYjiQJ3m80K_N_4g/join\n\n--------------------------------------------------------- \r\n\u4e0a\u4e00\u90e8\u5f71\u7247 \u6176\u795d\u767e\u842c\u8a02\u95b1\u642c\u65b0\u5bb6\uff01\u628a\u73cd\u5947\u6536\u85cf\u5168\u62ff\u51fa\u4f86\u62cd\u8ce3\uff01\u3010\u597d\u68d2Bump\u3011\u3010\u62cd\u8ce3\u934a\u91d1\u8853\u3011https://youtu.be/W9jT2N2auCY\r\n\r\n\u8001\u5b50\u7684IG\uff1ahttps://bit.ly/2JqmmIq\r\n\u8001\u5b50\u7684FB\uff1ahttps://bit.ly/2s3pwwb",
        "likeCount": "18463",
        "commentCount": "1053",
        "viewCount": "1276893"
    },
    "comments": [
        {
            "reply_id": "UgwDKxDoyf-saXZkaih4AaABAg",
            "reply_content": "\u9019\u7cfb\u5217\u8d85\u96e3\u88fd\u4f5c\uff0c\u5e0c\u671b\u5927\u5bb6\u559c\u6b61\uff0c\u5f71\u7247\u5f8c\u534a\u61c9\u8a72\u6703\u5c0e\u81f4\u9ec3\u6a19\uff0c\u4f46\u53ea\u8981\u6211\u5011\u5927\u5bb6\u770b\u5f97\u723d\u5c31\u597d\u4e86\uff01\uff01\uff01\ud83e\udd29"
        },
        {
            "reply_id": "UgzfCzHxvG6H2KxpmVx4AaABAg",
            "reply_content": "\u7eaf\u7cb9\u62cd\u620f"
        },
        {
            "reply_id": "Ugw4KvjYxC-qH-oJOTJ4AaABAg",
            "reply_content": "\u4f60\u53ef\u4ee5\u53bb\u6fb3\u95e8"
        },
        {
            "reply_id": "UgwPmU6sAK7xluWakFh4AaABAg",
            "reply_content": "\u8bf7\u95ee\u5728\u8131\u8863\u821e\u4ff1\u4e50\u90e8\u91cc\u9762\u662f\u4e0d\u662f\u5c04\u5c04\u4e86"
        },
        {
            "reply_id": "UgwRlAmKh9c2MNWm6nF4AaABAg",
            "reply_content": "\u7dda\u4e0a\u6709\u9f8d7\u7684\u5a1b\u6a02\u57ce\u55ce"
        },
        {
            "reply_id": "Ugw5B20CXlVL5kqNAN94AaABAg",
            "reply_content": "\u4e3a\u4ec0\u4e48\u4e0d\u7b80\u5355\u4ecb\u7ecd\u4e00\u4e0b\u5728\u5927\u724c\u51fa\u4e86\u591a\u5c11\u7684\u60c5\u51b5\u4e0b\u518d\u6709\u673a\u4f1a\u6293\u56db\u5341\u500d\u5462\uff1f"
        },
        {
            "reply_id": "UgyFNYibDlWUwgaGFqN4AaABAg",
            "reply_content": "\u771f\u6b63\u8981\u6015\u7684\u662f\u8d70\u51fa\u8ced\u5834\u5f8c\u5e7e\u689d\u8857\u9047\u5230\u7684\u9ed1\u4eba"
        },
        {
            "reply_id": "UgwlHjQfZ7UheTwI8tl4AaABAg",
            "reply_content": "\u7b11\u6b7b\uff0c\u8fd9\u5e2e\u9a97\u5b50\u6015\u662f\u4e0d\u77e5\u9053\u767e\u5bb6\u4e50\u67098\u526f\u724c\uff0c\u5373\u4f7f\u6709\u4e00\u5806\u5c0f\u724c\u4f60\u80fd\u51d1\u51fa7\u70b9\u6982\u7387\u6709\u591a\u4f4e\uff0c\u5e76\u4e14\u5c0f\u724c\u591a\u4e0d\u4ee3\u8868\u4f60\u53ef\u4ee5\u6709\u673a\u4f1a7\u70b9\u8d62\uff0c\u4e00\u770b\u5c31\u662f\u6f14\u7684\u3002"
        },
        {
            "reply_id": "Ugw-r_2uNkCGb_agZOp4AaABAg",
            "reply_content": "\u5176\u5be6\u6211\u89ba\u5f97\u4f60\u7684\u8166\u5b50...\u53ef\u4ee5\u505a\u4e9b\u5c0d\u570b\u5bb6\u548c\u793e\u6703\u6709\u8ca2\u737b\u7684\u4e8b\u3002\u751f\u547d\u6700\u5927\u7684\u50f9\u503c\uff0c\u5728\u65bc\u8c50\u5bcc\u81ea\u5df1\uff0c\u670d\u52d9\u793e\u6703\u3002\u50c5\u4f9b\u53c3\u8003"
        },
        {
            "reply_id": "Ugx4aGSXGD9-6zRV26R4AaABAg",
            "reply_content": "\u5c0f\u623f\u95f4\u6709\u4ec0\u4e48\u670d\u52a1"
        },
        {
            "reply_id": "UgzPHBYEz604gEaM8g54AaABAg",
            "reply_content": "\u5514\u8ced\u54aa\u8d0f\u56c9\uff0c\u5481\u7c21\u55ae\u65e2\u9053\u7406\ud83d\ude02"
        },
        {
            "reply_id": "Ugynt6vt6ax7OheVUM14AaABAg",
            "reply_content": "\u6ca1\u770b\u660e\u767d\uff0c\u600e\u4e48\u8d62\u94b1"
        },
        {
            "reply_id": "UgyxHLjorOLKZylMySJ4AaABAg",
            "reply_content": "\u624d\u5341\u842c\u5c31\u88ab\u5c01\u9396\uff1f"
        },
        {
            "reply_id": "UgxRCgzCQjYHK2kDaN14AaABAg",
            "reply_content": "\u662f\u4e0d\u662f\u4f60\u4e0d\u4f4e\u8c03\u554a\u3002"
        },
        {
            "reply_id": "Ugy84ZeYChXb24n31Tx4AaABAg",
            "reply_content": "\u7cbe\u82f1\u5718\u968a\uff01\u8001\u4eba\u6536\u55ce\uff1f"
        },
        {
            "reply_id": "UgzJhPhbIdXfGUIkLNt4AaABAg",
            "reply_content": "\u60f3\u505a\u4ee3\u7406\u7684\u79c1"
        },
        {
            "reply_id": "UgyDemUxJEbC68DnIz94AaABAg",
            "reply_content": "\u201d\u606d\u559c\u4f60\u7834\u89e3\u4e86\u767e\u5bb6\u4e50\uff01\u4ece\u6b64\u4ee5\u540e\u5168\u4e16\u754c\u8d4c\u573a\u91cc\u5c06\u5168\u90e8\u53d6\u6d88\u8fd9\u79cd\u8d4c\u5177,\u4e0d\u7136\u4f60\u7684\u79d8\u672f\u5916\u4f20\u7684\u8bdd,\u6240\u6709\u8d4c\u573a\u90fd\u5c06\u51c6\u5907\u5012\u95ed\u201d\u3002\u8fd9\u662f\u8d4c\u535a\u754c\u6700\u4f1f\u5927\u7684\u4f20\u8bf4,\u5144\u5f1f:\u4e8f\u4f60\u60f3\u5f97\u5230\u8fd8\u8bf4\u5f97\u51fa,\u65e9\u70b9\u4f20\u64ad\u51fa\u53bb,\u514d\u5f97\u90a3\u4e9b\u4eba\u8dd1\u7f05\u5317\u5c31\u4e1a\u3002"
        },
        {
            "reply_id": "UgxFBH2QCUbaAOt4a0N4AaABAg",
            "reply_content": "\u8b9a\u8b9a\u8b9a"
        },
        {
            "reply_id": "UgxHm_N4SvnukmxgP-R4AaABAg",
            "reply_content": "\u554f\u984c\u662f\u4f60\u4e0d\u5b78\u5230\u5982\u4f55\u4f4e\u8abf. \u4f60\u80fd\u5920\u8d0f\u5230\u5481\u591a\u9322\u4f60\u5c31\u4e0d\u61c9\u8a72\u5728\u540c\u4e00\u500b\u57ce\u5e02\u9017\u7559\u591a\u904e\u5169\u65e5. \u5982\u4f55\u6211\u662f\u4f60\u6211\u5c31\u6bcf\u661f\u671f\u53bb\u5514\u540c\u570b\u5bb6. \u5462\u500b\u5c31\u4fc2\u6240\u8b02\u6301\u4e45\u6230. \u5b78\u5230\u55ce\uff1f\n\u4f60\u6709IQ \u6c92\u6709EQ \u53ef\u60dc\ud83d\ude13"
        },
        {
            "reply_id": "UgyGlS0ivE7Kik_UFrd4AaABAg",
            "reply_content": "\u770b\u4f86\u53ea\u6709\u7d93\u71df\u5c0f\u623f\u9593\u7a69\u8d0f\u4e0d\u8f38"
        }
    ]
}