{
    "video_info": {
        "id": "8kQjwJzgAXw",
        "channelTitle": "\u597d\u68d2Bump",
        "title": "\u6211\u8cb7\u4e863\u842c\u5143\u7684\u65b0\u51a0\u5feb\u7be9\u8a66\u5291\uff01\u6e2c\u5230\u4e2d\u70ba\u6b62....\uff1f\u3010\u597d\u68d2Bump\u3011",
        "description": "\u6211\u8cb7\u4e86\u4e00\u76d2\u5bb6\u7528\u5feb\u7be9\u8a66\u5291\u4f86\u5e6b\u670b\u53cb\u6aa2\u6e2c\uff01\n\n#\u5feb\u7be9\u8a66\u5291 #\u6e2c\u5230\u4e2d\u5c31\u55e8\u4e86 #\u70ba\u4ec0\u9ebc\u8a66\u5291\u9019\u9ebc\u8cb4\n--------------------------------------------------------- \r\n\u4e0a\u4e00\u90e8\u5f71\u7247\u638f\u7a7a\u62bd\u734e\u7db2\u7ad9\uff01\u7528BUG\u6d17\u4e8632\u842c\u51fa\u4f86\uff01\u3010\u597d\u68d2Bump\u3011\u3010BUG\u934a\u91d1\u8853\u3011https://youtu.be/RTuUYe--Kvg\r\n\r\n\u8001\u5b50\u7684IG\uff1ahttps://bit.ly/2JqmmIq\r\n\u8001\u5b50\u7684FB\uff1ahttps://bit.ly/2s3pwwb",
        "likeCount": "12336",
        "commentCount": "802",
        "viewCount": "627148"
    },
    "comments": [
        {
            "reply_id": "UgxGOQlkVl4HI2CJKE94AaABAg",
            "reply_content": "\u6c92\u6709\u696d\u914d \u90fd\u99ac\u8cfd\u514b\u4e86\n\u5c31\u662f\u5b58\u5fc3\u63a8\u85a6\u5927\u5bb6\u4f7f\u7528\n\u4e5f\u5e0c\u671b\u5404\u5927\u516c\u53f8\u53ef\u4ee5\u9ad4\u6064\u54e1\u5de5\n\u6bcf3\u5929\u6e2c\u4e00\u6b21\n\u8271\u96e3\u7684\u6642\u523b\u66f4\u9700\u8981\u4e92\u76f8"
        },
        {
            "reply_id": "Ugwu65tLqjgwxATHq-N4AaABAg",
            "reply_content": "\u7d50\u679c\u653f\u5e9c\u8cb7\u5230\u5047\u5feb\u7be9\uff0c\u9084\u4e0d\u662f\u52a3\u8cea\u5feb\u7be9"
        },
        {
            "reply_id": "UgwoKl2wfIS3Cml-FmV4AaABAg",
            "reply_content": "\u7136\u5f8c\u9673\u5c4d\u4e2d\u75ab\u60c5\u6700\u958b\u59cb\u7206\u51fa\u5e7e\u767e\u4eba\uff0c\u9084\u8aaa\u4e0d\u7528\u666e\u7be9\uff0c\u7d50\u679c\u9023\u5047\u5927\u7206\u767c \uff0c\u7e7c\u7e8c\u8aaa\u4e0d\u7528\u666e\u7be9"
        },
        {
            "reply_id": "UgyVtO5Gam6-lOVlVdl4AaABAg",
            "reply_content": "\u9019\u500b\u721b\u7e3d\u7d71\u70ba\u4e86\u8cfa\u9ed1\u5fc3\u9322\uff0c\u53eb\u9673\u5c4d\u4e2d\u4e82\u641e\uff0c\u7136\u5f8c\u9673\u5c4d\u4e2d\u4e5f\u662f\u4e82\u641e"
        },
        {
            "reply_id": "Ugx-6t0CiJviTbPGz594AaABAg",
            "reply_content": "\u90fd\u8840\u96de\u76ae\u7599\u7629"
        },
        {
            "reply_id": "Ugz3LQwYGx_ErsU3Mo94AaABAg",
            "reply_content": "\u6709\u6233\u9f3b\u5b50\u7684\uff0c\u9084\u6709\u553e\u6db2\uff0c\u4e0d\u77e5\u9053bump\u70ba\u4ec0\u9ebc\uff0c\u53ef\u80fd\u8981\u641e\u7b11\uff1f\u8cb7\u5230\u523a\u624b\u6307\u7684\uff0c\u523a\u592a\u591a\u591a\u6b21\u624b\u6211\u770b\u90fd\u721b\u4e86\uff0c\u6216\u50b7\u53e3\u7d30\u83cc\u611f\u67d3\uff0c\u6216\u7528\u5230\u6c34\u523a\u75db\u721b\u6389"
        },
        {
            "reply_id": "UgxfHvNIXL330GrP4Y54AaABAg",
            "reply_content": "\u570b\u5916\u5feb\u7be9\u90fd\u5f88\u4fbf\u5b9c\u597d\u50cf\u5e7e\u584a\u7f8e\u91d1\uff0c\u53cd\u6b63\u6bd4\u53f0\u7063\u4fbf\u5b9c\u592a\u591a\uff0c\u5c31\u662f\u201c\u7e3d\u7d71\u201d\u653f\u5e9c\u6a5f\u95dc\u5bb3\u5f97\u3002\u7136\u5f8c\u8aaa\u4ec0\u9ebc\u907f\u958b\u4e2d\u570b\uff0c\u7d50\u679c\u8cb7\u5230\u5047\u5feb\u7be9\u4ec0\u9ebc"
        },
        {
            "reply_id": "UgwJ0ZrtcqXFYFEMBMh4AaABAg",
            "reply_content": "\u770b\u8457\u597d\u75db\ud83e\udd23"
        },
        {
            "reply_id": "UgwSHCZOSg5TChqwMK54AaABAg",
            "reply_content": "\u54c8\u54c8"
        },
        {
            "reply_id": "Ugz3vbRI8v2ah2J5yYV4AaABAg",
            "reply_content": "\u6709\u6c92\u6709\u53ef\u80fd\u53c8\u88ab\u62ff\u4f86\u8b1b"
        },
        {
            "reply_id": "UgxXPQoSumoS-CXams54AaABAg",
            "reply_content": "\u73fe\u5728\u4fbf\u5b9c\u597d\u591a\uff0c\u4e5f\u6bd4\u8f03\u4e0d\u75db"
        },
        {
            "reply_id": "Ugym6DTy4tL3LomFT2x4AaABAg",
            "reply_content": "\u6709\u4e09\u5ea6\u6b38"
        },
        {
            "reply_id": "Ugy23J5nHTYibs2f0N14AaABAg",
            "reply_content": "\u770b\u4ed6\u5011\u5728\u523a\n\u6211\u4e5f\u89ba\u5f97\u6211\u7684\u98df\u6307\u597d\u75db\n\u4e0d\u904e \u90fd\u6c92\u4e8b \u771f\u662f\u592a\u597d\u4e86"
        },
        {
            "reply_id": "UgzK3gDgeJABxVwQezB4AaABAg",
            "reply_content": "\u55ef"
        },
        {
            "reply_id": "UgxOsvOEli4WgX5LN1d4AaABAg",
            "reply_content": "\u53ef\u60dc\u5f53\u65f6\u5168\u7403\u5927\u90e8\u5206\u6d4b\u8bd5\u90fd\u662f\u5927\u9646\u751f\u4ea7\u7684\n\u53f0\u6e7e\u7684\u653f\u5e9c\u62b9\u9ed1\u4e00\u90e8\u5206 \u5403\u56de\u6263\u4e00\u90e8\u5206 \u5230\u6c11\u4f17\u624b\u91cc\u4e0d\u77e5\u9053\u6709\u591a\u56f0\u96be\n\u597d\u5728\u73b0\u5728\u5927\u90e8\u5206\u4eba\u90fd\u6253\u8fc7\u75ab\u82d7\u4e86 \u75ab\u60c5\u4e5f\u6162\u6162\u597d\u8d77\u6765\u4e86\n\u6211\u4eec\u8fd9\u8fb9\u4e00\u4e2a\u6d4b\u8bd5\u73b0\u5728\u8fd8\u662f\u56db\u6b27\u4e94\u6b27\u5143\u8fd9\u6837\u5b50\n\u8fd8\u597d\u4e5f\u8fd8\u53ea\u662f\u5076\u5c14\u6d4b \u5e38\u5907\u7684\u8bdd\u4e5f\u8fd8\u662f\u633a\u8d35\u7684"
        },
        {
            "reply_id": "UgwANyDQAlnrdFG44Et4AaABAg",
            "reply_content": "\u4e00\u5e74\u5f8c\u56de\u4f86\u770b...\u8af7\u523a\u81f3\u6975\n\u7576\u521d\u653f\u5e9c\u6253\u6b7b\u4e0d\u51c6\u5feb\u7be9~\u8aaa\u751a\u9ebc\u72d7\u5c41\u507d\u9670\u507d\u967d\uff0c\u518d\u4e4b\u524d\u66f4\u662f\u6253\u6b7b\u4e0d\u51c6\u666e\u7be9~\u8aaa\u6703\u641e\u57ae\u91ab\u7642\u7cfb\u7d71...\n\u7d50\u679c\u5230\u4e86\u4eca\u5e74\u7a81\u7136\u6c92\u6709\u507d\u9670\u507d\u967d\u7684\u554f\u984c\u3001\u7a81\u7136\u91ab\u7642\u7cfb\u7d71\u4e0d\u6703\u5d29\u6f70\u4e86!\n\u7136\u5f8c\u627e\u5c0f\u5403\u5e97\u3001\u505a\u904a\u6232\u7684\u3001\u9019\u7a2e\u554a\u54e9\u92ea\u7629\u516c\u53f8\u9032\u53e3\u5feb\u7be9! \u9084\u6709\u9ed1\u5fc3\u5047\u5feb\u7be9~~\n\u9019\u7a2e\u641e\u7b11\u9632\u75ab\u5c45\u7136\u9084\u6709\u81c9\u62fc\u547d\u5927\u5167\u5ba3\uff0c\u5641\u5fc3\u7684\u653f\u5e9c"
        },
        {
            "reply_id": "UgzR0mFotqI8ikaMisB4AaABAg",
            "reply_content": "\u6ca1\u60f3\u5230\u4f1a\u6709\u4e09\u5ea6\uff0c\u6de6\u771f\u7684\u592a\u4e09\u4e86"
        },
        {
            "reply_id": "UgxXF7QK-uUXwRU9U1B4AaABAg",
            "reply_content": "\u4f60\u8bf4\u4ed6\u5a18\u70ae\u5c0f\u5fc3\u4ed6\u544a\u4f60"
        },
        {
            "reply_id": "Ugym8vco87WluigfUhN4AaABAg",
            "reply_content": "\u662f\u4e0d\u662f\u6709\u51fa\u73fe3\u5ea6"
        },
        {
            "reply_id": "Ugwq2gAfTmLX1tV6VFV4AaABAg",
            "reply_content": "\u4f46\u662f\u9019\u7a2e\u6e2c\u8a66\u65b9\u5f0f...... 3\u5929\u4e00\u6b21\uff0c\u4e00\u500b\u6708\u5c3110\u6b21\uff0c\u624b\u6307\u90fd\u523a\u721b\u4e86\u5566\uff0c\u50cf\u5f71\u7247\u4e2d\u4e00\u4e9b\u4eba\uff0c\u9023\u4e00\u6b21\u90fd\u4e0d\u6562\u6309\u4e0b\u53bb\uff0c\u5c31\u662f\u771f\u7684\u6709\u5920\u4fbf\u5b9c\uff0c\u9019\u7a2e\u65b9\u5f0f\u4e5f\u4e00\u5b9a\u6709\u5927\u91cf\u7684\u4eba\u90fd\u4e0d\u6703\u53bb\u8cb7\uff0c\u7562\u7adf\u9664\u4e86M\u6709\u8ab0\u559c\u6b61\u75db\u611f\u554a\uff1f\u8981\u662f\u53ef\u4ee5\u4f7f\u7528\u4e00\u822c\u7684\u6aa2\u6e2c\u65b9\u5f0f(\u5927\u9678\u9019\u908a\u662f\u7528\u68c9\u7c3d\u5f9e\u5589\u56a8\u53d6\u4e00\u9ede\u9ecf\u6db2\u5857\u5230\u8a66\u7ba1\u9802\u90e8)\uff0c\u6703\u597d\u975e\u5e38\u591a\u3002"
        }
    ]
}