{
    "video_info": {
        "id": "8s2Ri2nGlZs",
        "channelTitle": "\u597d\u68d2Bump",
        "title": "\u77e5\u540d\u7db2\u7d05\u7528NFT\u9a19\u7c89\u7d72\u7684\u9322\uff01\u4e8b\u5f8c\u4e00\u53e5\u300c\u6211\u4e5f\u53d7\u50b7\u5f88\u91cd\u300d\u5c31\u60f3\u514d\u8cac\uff01\uff1f\u5641\u5fc3\u81f3\u6975\u3010\u597d\u68d2Bump\u3011",
        "description": "\u77e5\u540d\u7db2\u7d05\u9a19\u7c89\u7d72\u7684\u9322\u2026 \u4e8b\u5f8c\u537b\u6c92\u8ca0\u8cac\u4efb\u5230\u5e95\u2026\n\u9084\u5728\u90a3\u908a\u88dd\u53ef\u6190\u60f3\u7e7c\u7e8c\u5272\u4e0b\u4e00\u6ce2\uff1f\n\n\u5f9e\u982d\u5230\u5c3e\u7db2\u7d05\u5c31\u4e0d\u53ef\u80fd\u6703\u544a\u8a34\u5927\u5bb6\u5be6\u8a71\u2026\n\u62dc\u8a17\u4f60\u5011\u6e05\u9192\u4e00\u9ede\n#NFT #\u9a19\u7c89\u7d72\u9322 #\u5c0f\u5fc3\u8a00\u8ad6\u4ed6\u6703\u544a\u4f60\u55b2\n--------------------------------------------------------- \r\n\u4e0a\u4e00\u90e8\u5f71\u7247\u7537\u751f\u8acb\u5c0f\u5fc3\uff01Gash\u9ede\u6578\u3001\u8996\u8a0a\u88f8\u804a\u3001\u7db2\u7f8e\u7d04\u611b\uff01\u901a\u901a\u662f\u6050\u5687\u578b\u8a50\u9a19\uff01\u3010\u597d\u68d2Bump\u3011\u3010\u8a50\u9a19\u89e3\u78bc\u3011https://youtu.be/PyF7qlayEfw\r\n\r\n\u8001\u5b50\u7684IG\uff1ahttps://bit.ly/2JqmmIq\r\n\u8001\u5b50\u7684FB\uff1ahttps://bit.ly/2s3pwwb",
        "likeCount": "38105",
        "commentCount": "2953",
        "viewCount": "1259448"
    },
    "comments": [
        {
            "reply_id": "Ugy40i55pCZLVqi1l0Z4AaABAg",
            "reply_content": "\u76f4\u89ba\u544a\u8a34\u6211 \u63a5\u4e0b\u4f86\u6709\u4e00\u5834\u5927\u6230\u8981\u958b\u59cb\u4e86\ud83d\ude42"
        },
        {
            "reply_id": "UgxBk3oRH3bjLBEj_3t4AaABAg",
            "reply_content": "\u8bf4\u7684\u662f\u8c01\u9a97\u4eba\u4e86"
        },
        {
            "reply_id": "Ugy1q99NNZMwdYQGo-V4AaABAg",
            "reply_content": "\u89ba\u5f97\u64c1\u6709\u7684\u4e00\u5207\u90fd\u5f88\u5e78\u798f"
        },
        {
            "reply_id": "Ugzl5xXZqMnA5ymMU-p4AaABAg",
            "reply_content": "\u7ba1\u7ba1\u4f60\u7684\u8001\u5927\u54e5\u554a"
        },
        {
            "reply_id": "UgzaFDLywVKOSiGnOq54AaABAg",
            "reply_content": "\u73fe\u5728\u4e00\u5806\u4eba\u88ab\u5272\u4e86 \u54ed\u54ed\u54ed\u54ed \u4e0d\u8981\u8caa\u5fc3 \u8173\u8e0f\u5be6\u5730\u8cfa\u9322\u4e0d\u597d\u55ce"
        },
        {
            "reply_id": "UgwsUqvpRV5mEhl0qdR4AaABAg",
            "reply_content": "\u7b28\u86cb\uff0c\u80a1\u7968\u4e0d\u80fd\u544a\u8a34\u5927\u5bb6\u8cb7\u540c\u4e00\u652f\u80a1\u7968\uff0c\u4f60\u5011\u90fd\u662f\u6563\u6236\uff0c\u6563\u6236\u592a\u591a\uff0c\u4e3b\u6d41\u8cc7\u91d1\u5c31\u9084\u9700\u8981\u76e4\u6574"
        },
        {
            "reply_id": "UgyAcY9kG8MndmeBeDl4AaABAg",
            "reply_content": "\u597d\u4eba\u7d42\u7a76\u6709\u597d\u5831\uff0c\u597d\u7684\u5fc3\u614b\u5c31\u6709\u597d\u7684\u78c1\u5834"
        },
        {
            "reply_id": "UgxTFfdrhZpG6YYip1J4AaABAg",
            "reply_content": "\u597d\u559c\u6b61\u4f60\uff0c\u5728\u53e6\u4e00\u689d\u7247\uff0c\u770b\u5230\u6211\u90fd\u54ed\u4e86\uff0c\u4e0d\u904e\u4e0d\u6562\u7559\u8a00\uff0c\u56e0\u70ba\u4e0b\u9762\u5168\u90fd\u662f\u8ab2\u91d1\u7684\u7559\u8a00\uff0c\u6211\u5c31\u4e0d\u7834\u58de\u9663\u578b\u4e86\u3002"
        },
        {
            "reply_id": "Ugw5IoXedOAiOKTHxWJ4AaABAg",
            "reply_content": "\u4eba\u5bb6t\u662f\u5f88\u53b2\u5bb3\u7684,\u53e3\u624d\u8d85\u5f37,\u548c\u9928\u9577\u5c0d\u5e72,\u628a\u9928\u9577\u6253\u8db4,\u6240\u4ee5\u4eba\u6c23\u9ad8\u5f88\u6b63\u5e38\u7684,\u54c8\u54c8\u54c8\u54c8~"
        },
        {
            "reply_id": "UgyN_kf-bp-v-m8NcON4AaABAg",
            "reply_content": "\u8fd9\u79cd\u4e8b\u60c5\u53ea\u6709\u50bb\u5b50\u624d\u4f1a\u88ab\u9a97"
        },
        {
            "reply_id": "Ugy4Lpyq2o-gQH9tcA54AaABAg",
            "reply_content": "\u90a3\u500b\u7db2\u7d05\u554a\uff1f"
        },
        {
            "reply_id": "Ugx0x7-u8KqYPBuq4fp4AaABAg",
            "reply_content": "\u5176\u5be6NFT \u5c31\u662f\u897f\u65b9\u67d0\u5927\u570b\u7528\u4f86\u6536\u5272\u5168\u4e16\u754c\u71b1\u9322\u7684\u4e00\u7a2e\u5de5\u5177\uff0c\u4fe1\u5b83\u6b7b\u5b9a"
        },
        {
            "reply_id": "Ugxg-Ym2psyZuRl8X3x4AaABAg",
            "reply_content": "\u9019\u662f\u4e00\u500b\u6700\u597d\u7684\u6642\u4ee3\u4e5f\u662f\u500b\u6700\u58de\u7684\u6642\u4ee3\uff0c\u6bcf\u500b\u4eba\u90fd\u8981\u5f35\u5927\u96d9\u773c\u53bb\u660e\u8fa8\u662f\u975e\u3002\n\u771f\u7684\u975e\u5e38\u611f\u6fc0bump\u62cd\u7684\u4e00\u7cfb\u5217\u8a50\u9a19\u89e3\u78bc\uff0c\u771f\u5fc3\u5e0c\u671b\u4f60\u505a\u7684\u7cfb\u5217\u5f71\u7247\u662f\u6709\u71df\u5229\u7684\uff0c\u56e0\u7232\u9019\u662f\u4f60\u61c9\u5f97\u7684\u3002\n\u4ee5\u5f8c\u6211\u6709\u80fd\u529b\u4e86\u4e5f\u8981\u56de\u994b\u793e\u6703\uff0c\u56de\u994b\u7d66\u5e6b\u52a9\u904e\u6211\u7684\u4eba\u5011\uff0c\u4f60\u662f\u5176\u4e2d\u4e4b\u4e00\u3002\n\u5728\u90a3\u4e4b\u524d\uff0c\u5148\u8b93\u6211\u628a\u88ab\u9a19\u7684\u50b5\u52d9\u9084\u6e05\u5427\ud83d\ude02\n\u4e0d\u662f\u4e0d\u5831\uff0c\u53ea\u662f\u6642\u5019\u672a\u5230\uff0cbump\u4e00\u5b9a\u6703\u6709\u798f\u5831\u7684\ud83d\ude0a"
        },
        {
            "reply_id": "Ugy2nS021ynsGEq9WP54AaABAg",
            "reply_content": "\u6703\u9ec3\u6a19\u5427"
        },
        {
            "reply_id": "UgygR6-zRFwwCTszcYd4AaABAg",
            "reply_content": ""
        },
        {
            "reply_id": "UgwlSBkmkdqjA-NNlrJ4AaABAg",
            "reply_content": "\u6211\u66fe\u7d93\u56e0\u70ba\u4f60\u8ddf\u4f60\u524d\u59bb\u7684\u4e8b\u800c\u89ba\u5f97\u4f60\u4e0d\u7406\u6027\n\u4f46\u6211\u81ea\u5f9e\u958b\u59cb\u770b\u5230\u4f60\u4e0d\u65b7\u8e22\u7206\u8a50\u9a19\n\u771f\u7684\u89ba\u5f97\u4f60\u6210\u719f\u597d\u591a@@\n\u611f\u8b1d\u4f60\u5728\u9019\u9ebc\u6df7\u4e82\u7684\u793e\u6703\u9858\u610f\u51fa\u624b\u62ef\u6551\u90a3\u4e9b\u8ff7\u9014\u7f94\u7f8a"
        },
        {
            "reply_id": "UgwAhA1YGxKJ42c8tup4AaABAg",
            "reply_content": "\u770b\u5b8c\u9999\u83f1\u7684\u5f71\u7247\u5f8c\u53c8\u56de\u4f86\u770b\u9019\u500b\u5f71\u7247\uff0c\u5be6\u5728\u662f\u7121\u8a71\u53ef\u8aaa\u22ef\u22ef\u611f\u89f8\u6975\u6df1\ud83d\ude02"
        },
        {
            "reply_id": "UgxlW-SNoeoekdwCcGx4AaABAg",
            "reply_content": "\u53ef\u6190\u7684\u4e01\u59a5!\u771f\u5fc3\u63db\u9ed1\u6a58\ud83d\ude02"
        },
        {
            "reply_id": "Ugx-TA40fNuq0iFIPTx4AaABAg",
            "reply_content": "\u56e0\u70ba\u70ba\u4eba\u5e2b\u5a4a\u554a\uff01"
        },
        {
            "reply_id": "Ugyt8dS6D-bCedRHemt4AaABAg",
            "reply_content": "\u9019\u7a2e\u4e8b\u60c5\u597d\u53ef\u6015"
        }
    ]
}