{
    "video_info": {
        "id": "9VwpcHygMKk",
        "channelTitle": "\u597d\u68d2Bump",
        "title": "\u7dda\u4e0a\u8ced\u5834\u7adf\u8f38\u4e86\u900010%\uff1f\u7528\u9019\u500b\u6f0f\u6d1e\u6d17\u5e63100\u842c\u80fd\u8cfa\u9322\u55ce\uff1f\u3010\u597d\u68d2Bump\u3011",
        "description": "\u6211\u4e5f\u53ea\u662f\u60f3\u5be6\u6e2c\u770b\u770b\n\u5b8c\u5168\u6c92\u60f3\u5230\u662f\u9019\u500b\u7d50\u679c\u2026\n\u624d\u8d0f\u4e00\u9ede\u9ede\u5c31\u88ab\u4eba\u5bb6\u641e\n\u5927\u5bb6\u771f\u7684\u4e0d\u8981\u8ced\u535a\u4e86 \u5a1b\u6a02\u5c31\u597d\n\n#\u7dda\u4e0a\u8ced\u5834 #\u7834\u89e3\u6210\u529f\n #\u624d\u8d0f\u4e00\u9ede\u9ede\u4e0d\u7528\u9019\u6a23\u5427\n--------------------------------------------------------- \n\u4e0a\u4e00\u90e8\u5f71\u7247\u5168\u90e8\u6e05\u53f0\uff01\u9019\u7a2e\u593eiPhone \u7684\u5a03\u5a03\u6a5f\u2026 \u5230\u5e95\u662f\u4e0d\u662f\u9a19\u4eba\u7684\uff1f\uff01\u3010\u597d\u68d2Bump\u3011https://youtu.be/ehB9m_7N8ds\n\n\u8001\u5b50\u7684IG\uff1ahttps://bit.ly/2JqmmIq\n\u8001\u5b50\u7684FB\uff1ahttps://bit.ly/2s3pwwb",
        "likeCount": "24090",
        "commentCount": "2610",
        "viewCount": "1456071"
    },
    "comments": [
        {
            "reply_id": "Ugz8Te4m1H8S_iLRpPJ4AaABAg",
            "reply_content": "\u7d66\u6211\u5e7e\u5929\u6062\u5fa9\u5fc3\u60c5\uff0c\u5c31\u6703\u4e0a\u50b3\u4e0b\u4e00\u652f\u5f71\u7247\u4e86\ud83e\udd72"
        },
        {
            "reply_id": "Ugw0knfCAHR4kmjnjOh4AaABAg",
            "reply_content": "\u5c31\u662f\u3002\u3002\u7406\u60f3\u5f88\u7f8e\u597d\u73fe\u5be6\u5f88\u6b98\u9177\n\u4e0d\u7136\u4e00\u958b\u59cb\u7406\u8ad6\u90fd\u662f\u5c0d\u7684\u4e5f\u8b49\u5be6\u904e\u4e86\n\u4f46\u662f\u4eba\u5fc3\u96aa\u60e1\u9019\u9ede\u4ed6\u5011\u6c92\u7b97\u5230\ud83d\ude02\u795dbump\u65e9\u65e5\u8cfa\u56de95"
        },
        {
            "reply_id": "UgwLTR00Ib4i6VVnJ694AaABAg",
            "reply_content": "\u53ef\u80fd\u662f\u540c\u4e00\u7fa4\u4eba\uff0c\u8f38\u7684\u7d66\u4f60\u900010%\uff0c\u8b93\u4f60\u6709\u7e7c\u7e8c\u73a9\u7684\u5fc3\u7406\uff0c\u4f60\u8d0f\u4e86\u5c31\u8dd1\uff0c\u5176\u5be6\u9019\u62db\u53ef\u4ee5\u7528\u5728\u771f\u5be6\u8ced\u5834\u4e0a\u7684\uff0c\u53ea\u8981\u53ef\u5b98\u662f\u4f60\u7684\u4eba\uff0c\u628a\u8ced\u5834\u5ba2\u4eba\u7684\u724c\u63db\u8d70\uff0c\u8f38\u7d66\u4f60\u5c31\u884c\u4e86\uff0c\u56e0\u70ba\u4e0d\u662f\u5343\u8ced\u5834\u7684\u9322\uff0c\u662f\u5343\u5ba2\u4eba\u7684\u4eba\uff0c\u8ced\u5834\u4e0d\u6703\u767c\u73fe\u592a\u65e9\uff0c\u53ea\u8981\u91d1\u984d\u4e0d\u591a\uff0c\u5206\u6563\u6642\u9593\u53bb\u505a\uff0c\u63db\u724c\u6c92\u88ab\u767c\u73fe\uff0c\u5c31\u4e0d\u6703\u88ab\u6293\u5230\u4e86\u3002"
        },
        {
            "reply_id": "UgyJugC3owoscD6qv0d4AaABAg",
            "reply_content": "\u6700\u5f8c\u80fd\u628a\u9322\u8ffd\u56de\u4f86\u55ce\uff1f"
        },
        {
            "reply_id": "Ugyk7wUXAdq-PMnDSaB4AaABAg",
            "reply_content": "\u592a\u53ef\u60dc\u4e86\u3002\u8d62\u4e86\u4e0d\u7ed9\u51fa\u91d1\u3002\u8fd9\u5c31\u662f\u6740\u732a\u76d8\u6ca1\u6709\u4fe1\u7528\u7684\u7f51\u7ad9\ud83d\ude02"
        },
        {
            "reply_id": "Ugw7oBl4Xuu6PFvZBO14AaABAg",
            "reply_content": "\u5e73\u53f0\u6703\u6293\u5c0d\u6253\ud83d\ude0c"
        },
        {
            "reply_id": "Ugy60Aln1mNuhk06-cB4AaABAg",
            "reply_content": "\u611f\u8b1d\ud83d\ude02\uff0c\u72a7\u7272\u63db\u4f86\u4e00\u500b\u91cd\u8981\u9053\u8def\uff0c\u5373\u4f7f\u4f60\u8d0f\u4e86\u62ff\u4e0d\u56de\u4f86\u4e5f\u6c92\u7528\n\u652f\u6301\u5f71\u7247\uff0c\u5e6b\u5fd9\u589e\u52a0\u700f\u89bd\uff0c\u56de\u9ede\u8840"
        },
        {
            "reply_id": "UgxtdL4t_DoxKYVA2b14AaABAg",
            "reply_content": "\u9047\u5230\u8d85\u516d\u5c31\u5c37\u5c2c\u56c9"
        },
        {
            "reply_id": "UgwsY6CBqDZKPQKpgjp4AaABAg",
            "reply_content": "\u8981\u6d4b\u8bd5\u4e0d\u7528\u62ff\u8fd9\u4e48\u5927\u672c\u94b1\u7684\uff0c\u6ca1\u9884\u5224\u4f1a\u6709\u98ce\u9669\u5417\uff0c\u5176\u5b9e\u7528\u8fd9\u79cd\u65b9\u6cd5\u5c11\u5f04\u70b9\uff0c\u7ec6\u6c34\u957f\u6d41\u8fd8\u662f\u53ef\u4ee5\u7684\uff0c\u8d2a\u591a\u5fc5\u51fa\u4e8b"
        },
        {
            "reply_id": "Ugw3eCAvQz_ESFE5a1J4AaABAg",
            "reply_content": "\u7d50\u679c\u548c\u5c40"
        },
        {
            "reply_id": "UgxK7iO8CAOfCxeTICF4AaABAg",
            "reply_content": "\u8fd9\u4e2a\u9677\u9631\u592a\u5927\u4e86\uff0c\u4e3a\u4ec0\u4e48\u8981\u7528\u5927\u94b1\u53bb\u6d4b\u8bd5\uff0c\u7ed3\u679c\u592a\u60b2\u50ac\u4e86"
        },
        {
            "reply_id": "UgxhwEC16WF7ooPHqCN4AaABAg",
            "reply_content": "\u9019\u4e00\u96c6\u9810\u7b97\u771f\u5927"
        },
        {
            "reply_id": "UgzPtoAarHIfvuzf_k94AaABAg",
            "reply_content": "\u4eca\u5929\u8d62\u4e86"
        },
        {
            "reply_id": "Ugz1IUHGFGGzeWUDVMR4AaABAg",
            "reply_content": "\u61c9\u8a72\u53ef\u4ee5\u62ff\u56de\u4f86\u56e0\u70ba\u8ced\u535a\u662f\u8ced\u535a\u7f6a\u4f46\u662f\u900f\u904e\u8ced\u535a\u540d\u7fa9\u8a50\u9a19\u5c31\u662f\u8a50\u6b3a\u6240\u4ee5\u8a50\u8ced\u57fa\u672c\u4e0a\u7b97\u662f\u8a50\u6b3a\u8a50\u6b3a\u61c9\u8a72\u53ef\u4ee5\u628a\u9322\u62ff\u56de\u4f86"
        },
        {
            "reply_id": "Ugy4SNzo9gYuJQ8fI0d4AaABAg",
            "reply_content": "\u66f4\u591a\u7cbe\u5f69,\u70b9\u6211\u4e3b\u9875"
        },
        {
            "reply_id": "UgyL-4uNMoqPHFGKiUB4AaABAg",
            "reply_content": "\u8fd9\u7ebf\u4e0a\u8d4c\u573a\u53eb\u4ec0\u4e48\uff1f"
        },
        {
            "reply_id": "Ugw-aE0UyQ3J6g_C5HJ4AaABAg",
            "reply_content": "\u8ced\u535a\u7f6a\u4e5f\u624d9000\uff0c\u5176\u5be6\u90a3\u500b\u4eba\u4e0d\u898b\u5f97\u8dd1\u4e86\uff0c\u53ef\u80fd\u5c31\u88ab\u98a8\u63a7\u5927\u984d\u6d17\u9322\uff0c\u5f88\u591a\u7248\u4e5f\u4e0d\u6703\u7d66\u4f60\u51fa\u91d1\u7684\uff0c\u4f55\u6cc1\u9084\u62cd\u5f71\u7247\u51fa\u4f86\ud83d\ude02\ud83d\ude02"
        },
        {
            "reply_id": "UgwLLaMS23fyn3aP6sB4AaABAg",
            "reply_content": "\u4e0d\u627e\u6709\u4fe1\u7528\u7684\u4ee3\u7406\uff0c\u96a8\u4fbf\u627e\u4ee3\u7406\u96e3\u602a\u6703\u88ab\u9a19\u8d70\u3002"
        },
        {
            "reply_id": "Ugwg0J4VF70my-8NB294AaABAg",
            "reply_content": "95\u4e07\u5c31\u8fd9\u6837\u88ab\u9a97\u4e86\u597d\u53ef\u60dc\uff0c\u5982\u679c\u7ed9\u6211\u4e00\u4e2a40\u4e07\u5f00\u9910\u8f66\u5c31\u597d\u4e86"
        },
        {
            "reply_id": "UgwxdHPceISXiJbWu8x4AaABAg",
            "reply_content": "\u73a9\u9019\u500b\u4e0d\u662f\u6703\u88ab\u6293\u53bb\u505a\u7b46\u9304\u55ce"
        }
    ]
}