{
    "video_info": {
        "id": "_kEB8bOTzoM",
        "channelTitle": "\u597d\u68d2Bump",
        "title": "\u6211\u8a2d\u5c40\u91e3\u51fa\u624b\u6a5f\u7aca\u8cca\uff01\u8b93\u53d7\u5bb3\u8005\u8ddf\u4ed6\u7576\u9762\u5c0d\u8cea\uff01\u3010\u597d\u68d2Bump\u3011",
        "description": "\u6709\u4eba\u8ddf\u6211\u8209\u5831\u67d0\u500bYT\u4ed8\u8cbb\u6703\u54e1\u662f\u8a50\u9a19\u5077\u7aca\u6163\u72af\uff0c\n\u9019\u4e00\u6b21\u628a\u4ed6\u91e3\u51fa\u4f86\u597d\u597d\u8655\u7406\u4e00\u4e0b....\n\n#\u9ed1\u7bb1\u4f5c\u696d  #\u91e3\u51fa\u7aca\u8cca   #\u6211\u6709\u65b0\u7684\u5546\u696d\u5925\u4f34\u4e86\n--------------------------------------------------------- \r\n\u4e0a\u4e00\u90e8\u5f71\u7247 \u6211\u7528\u7279\u65af\u62c9\u5075\u6e2c\u7cfb\u7d71\u6293\u9b3c\uff01\u7adf\u4e0d\u5c0f\u5fc3\u5e36\u4e86\u9ad2\u6771\u897f\u56de\u5bb6...\uff01\u3010\u597d\u68d2Bump\u3011\u3010\u6293\u9b3c\u934a\u91d1\u8853\u3011ft.\u5927\u9ebb\u7169\r\n https://youtu.be/xgHvDPIRDvM\n\r\n\u8001\u5b50\u7684IG\uff1ahttps://bit.ly/2JqmmIq\r\n\u8001\u5b50\u7684FB\uff1ahttps://bit.ly/2s3pwwb",
        "likeCount": "23866",
        "commentCount": "2896",
        "viewCount": "1279059"
    },
    "comments": [
        {
            "reply_id": "Ugxnnm12_rYfO9J9VK14AaABAg",
            "reply_content": "\u4f60\u5011\u662f\u767d\u7661\u55ce \u8ab0\u5728\u90a3\u908a\u628a\u91cd\u9ede\u653e\u5728\u6aa2\u8a0e\u88ab\u5bb3\u4eba\u7684 \u4ed6\u5df2\u7d93\u6c92\u6709\u88ab\u8acb\u5403\u98ef \u4e5f\u6c92\u6709\u88ab\u8f09\u56de\u5bb6 \u9084\u4e0d\u80fd\u8ddf\u6211\u642d\u540c\u4e00\u73ed\u96fb\u68af \u9019\u6a23\u5df2\u7d93\u5920\u4e86 \u6211\u8ddf\u4ed6\u65e9\u5df2\u626f\u5e73 \u4ed6\u4e0d\u723d\u60f3\u767c\u813e\u6c23 \u4ec0\u9ebc\u7684\u4e0d\u662f\u5f71\u7247\u91cd\u9ede \u770b\u5f71\u7247\u4e0d\u8981\u53ea\u770b\u6897 \u770b\u9ede\u5167\u6db5\u597d\u55ce \u9178\u6c11\u5011"
        },
        {
            "reply_id": "UgwWOs5HD62G0-gWQNV4AaABAg",
            "reply_content": "\u6211\u5feb\u7b11\u6b7b \u4ed6\u614b\u5ea6\u771f\u7684\u5dee \u662f\u6211\u4e5f\u60f3\u6241\u4ed6 \u5e6b\u4ed6\u89e3\u6c7a\u4e8b\u60c5\u9084\u7d66\u6211\u4e00\u526f\u9ad8\u9ad8\u5728\u4e0a \u53cd\u5012\u662f\u52a0\u5bb3\u4eba\u8aa0\u61c7\u662f\u600e\u6a23\ud83d\ude02"
        },
        {
            "reply_id": "Ugz7Jkdx5n8ux5R_1lF4AaABAg",
            "reply_content": "\u55b5\u54aa\u8868\u793a\u8ddf\u6211\u7121\u95dc"
        },
        {
            "reply_id": "UgwonTs6SA6gR04OLsR4AaABAg",
            "reply_content": "\u6211\u89ba\u5f97\u53d7\u5bb3\u8005\u7684\u614b\u5ea6\u5dee\u5f88\u5408\u7406\u5427\n\u4f60\u88ab\u9a19\u4e86\u7576\u7136\u6703\u4e0d\u723d\u4ed6\u4e5f\u60f3\u628a\u9019\u4ef6\u4e8b\u8655\u7406\u5b8c \u7d50\u679c\u5c31\u88ab\u4f60\u55c6\u4e86"
        },
        {
            "reply_id": "UgwS7SCbbbHQLfHbVKt4AaABAg",
            "reply_content": "\u5bf5\u7c89\u6b38"
        },
        {
            "reply_id": "UgyE-27RtoueR1wdLaV4AaABAg",
            "reply_content": "\u4f60\u597d\u68d2"
        },
        {
            "reply_id": "UgxSEvD35u-dx0_wxyN4AaABAg",
            "reply_content": "\u597d\u602a\u7684\u751f\u65e5\u6b4c"
        },
        {
            "reply_id": "UgyhnmVpCUMKlWcOuax4AaABAg",
            "reply_content": "\u68d2\u68d2\u4e0d\u932f\u5594\u2026"
        },
        {
            "reply_id": "UgzTRIfT4tLkt65Pm6x4AaABAg",
            "reply_content": "\u5237\u4e86\u4e24\u5929\u4f60\u7684\u5f71\u7247\uff0c\u89c9\u5f97\u4f60\u505a\u7684\u8fd9\u4ef6\u4e8b\u60c5\u771f\u7684\u662f\u592a\u9177\u4e86 \u6211\u7684\u5929 \u4e09\u89c2\u6b63\u786e \u53ef\u60f3\u800c\u77e5\u539f\u751f\u5bb6\u5ead\u5bf9\u4f60\u7684\u6559\u80b2\u662f\u975e\u5e38\u6210\u529f\u548c\u6b63\u786e\u7684\uff01\uff01"
        },
        {
            "reply_id": "Ugzssml4td41Lhq0XrR4AaABAg",
            "reply_content": "\u9019\u96c6\u5df2\u7d93\u4e0d\u77e5\u9053\u91cd\u770b\u5e7e\u6b21 \u6574\u90e8\u7247\u90fd\u662f\u7cbe\u83ef \u5e7d\u9ed8\u53c8\u5f88\u6709\u6559\u80b2\u610f\u7fa9"
        },
        {
            "reply_id": "UgwsQsa9RXJ3d5igFmZ4AaABAg",
            "reply_content": "\u6700\u5f8c\u7d66\u90a3\u500b\u51f1\u5a01\u4e00\u9ede\u6559\u8a13\u771f\u7684\u8d85\u723d\uff01"
        },
        {
            "reply_id": "Ugz2V51TfFevOzsZ0aR4AaABAg",
            "reply_content": "\u5929\u554a\uff01\u4f60\u662f\u4e0a\u5929\u6d3e\u4f86\u62ef\u6551\u8ff7\u9014\u7f94\u7f8a.\ud83d\udc4d"
        },
        {
            "reply_id": "UgyHd4B1iWre9YZ6xbt4AaABAg",
            "reply_content": "\u96e3\u602a\u53f0\u7063\u8a50\u9a19\u90a3\u9ebc\u76db\u884c \u88ab\u9a19\u90fd\u89ba\u5f97\u7b97\u4e86 \u6d3b\u8a72\u88ab\u9a19\u963f"
        },
        {
            "reply_id": "UgxtbhvJGxLWwpSOiIh4AaABAg",
            "reply_content": "\u5169\u5e74\u904e\u4e86\uff0c\u5e0c\u671b\u90a3\u500b\u5927\u54e5\u7684\u672a\u4f86\u53ef\u4ee5\u8b8a\u597d..."
        },
        {
            "reply_id": "UgwHmtDVi4wnuJal-xV4AaABAg",
            "reply_content": "\u614b\u5ea6\u6c7a\u5b9a\u4e00\u5207\u9019\u53e5\u8a71\u4e0d\u50c5\u50c5\u662f\u52c9\u52f5\u81ea\u5df1\u9084\u5305\u542b\u5c0d\u5225\u4eba\u7684\u614b\u5ea6\uff0c\u614b\u5ea6\u4e0d\u597d\u5c31\u7b97\u4f60\u662f\u5c0d\u7684\u4eba\u5bb6\u4e5f\u4e0d\u6703\u9ce5\u4f60\uff0c\u6bd4\u8d77\u8a50\u9a19\u7684\u4eba\u6211\u9084\u6bd4\u8f03\u60f3\u770b\u88ab\u5bb3\u4eba\u9577\u4ec0\u9ebc\u6a23"
        },
        {
            "reply_id": "UgygO9YCXOQVC8rJNSR4AaABAg",
            "reply_content": "\u8b1d\u8b1d\u4f60\u8b93\u6211\u8a8d\u8b58\u4e86\u6211\u81ea\u5df1\u4e5f\u8b93\u6211\u77e5\u9053\u5982\u4f55\u6d3b\u4e0b\u53bb"
        },
        {
            "reply_id": "Ugz3heOpnfNTGFHUict4AaABAg",
            "reply_content": "\u662f\u55ce?\u78b0\u5230\u58de\u60c5\u6cc1\u5c31\u60f3\u4e0d\u958b \u5c31\u50b7\u5bb3\u4eba?\u6211\u66fe\u7d93\u88ab\u9a19 \u6d41\u843d\u8857\u982d\u5169\u5e74\u591a \u6c92\u8b49\u4ef6 \u5565\u90fd\u6c92\u6709\u7684\u5728\u90ca\u5340 \u90a3\u6642\u4eba\u751f\u7d55\u671b\u4e86 \u5169\u5e74\u591a \u5373\u4fbf\u770b\u5230\u5076\u723e\u53bb\u90a3\u89c0\u5149\u7684\u4eba \u6211\u4e5f\u6c92\u5fc3\u751f\u6b79\u5ff5\u904e \u4e8b\u5728\u4eba\u70ba \u932f\u5c31\u662f\u932f \u9019\u4e00\u6b21\u53ef\u4ee5\u70ba\u4e86\u4e00\u6b21\u932f\u800c\u544a\u8a34\u81ea\u5df1\u78b0\u5230\u4e0d\u597d\u7684\u72c0\u6cc1 \u4e0b\u4e00\u6b21\u5c31\u4e5f\u80fd \u4f46\u662f \u53d7\u5bb3\u8005\u4ed6\u5011\u7684\u5fc3\u9748\u53d7\u5275\u5462?\u6216\u8a31\u90a3\u53d7\u5bb3\u8005\u7684\u614b\u5ea6\u4e0d\u90a3\u9ebc\u597d \u53ef\u662f\u6211\u89ba\u5f97\u6216\u591a\u6216\u5c11\u7684\u4ed6\u5176\u5be6\u7576\u4e0b\u9084\u5728\u544a\u8a34\u81ea\u5df1\u53bb\u653e\u4e0b \u4f46\u5176\u5be6\u4ed6\u9084\u6c92\u653e \u4f60\u53ef\u4ee5\u8aaa\u4ed6\u53d7\u9a19\u7576\u4e0b\u662f\u4ed6\u8822 \u4ed6\u6d89\u4e16\u672a\u6df1 \u4f46\u4ed6\u624b\u6a5f\u6c92\u4e86\u5f8c \u4ed6\u5c0d\u4eba\u5fc3\u7684\u5931\u671b\u9084\u6709\u5c0d\u826f\u5584\u4fe1\u4efb\u7684\u906d\u53d7\u80cc\u53db \u9019\u4e9b\u90fd\u662f...\u53ef\u80fd\u4e00\u8f29\u5b50\u5f88\u96e3\u597d\u7684 \u6bcf\u500b\u4eba\u770b\u6cd5\u4e0d\u540c\u5427 \u6211\u5be7\u6b7b\u4e5f\u4e0d\u50b7\u5bb3\u4eba\u8ddf\u505a\u58de\u4e8b \u6240\u4ee5\u6c92\u8fa6\u6cd5\u53bb\u7406\u89e3\u8ddf\u8a8d\u540c\u78b0\u5230\u56f0\u5883\u5c31\u81ea\u79c1\u81ea\u5229 \u4e8b\u5f8c\u627e\u5404\u7a2e\u85c9\u53e3\u7406\u7531\u53bb\u8b93\u81ea\u5df1\u597d\u53d7\u7684\u4eba \u56e0\u70ba\u53d7\u5bb3\u8005\u7684\u75db\u662f\u9577\u671f\u751a\u81f3\u4e00\u8f29\u5b50\u7684\n\n\u6216\u8a31\u6709\u7684\u4eba\u662f\u4f60\u8aaa\u7684 \u4f46\u4e5f\u6709\u7684\u4eba\u53ea\u662f\u89ba\u5f97\u662f\u4e0d\u516c\u5e73 \u56e0\u70ba\u90a3\u4e0d\u662f\u53ea\u6709\u624b\u6a5f \u9322\u8ca1\u7684\u4e8b\u60c5  \"\u78b0\u5230\u56f0\u96e3 \u4e0d\u597d\u7684\u8655\u5883 \u5c31\u80fd\u50b7\u5929\u5bb3\u7406 \u56e0\u70ba\u53ea\u8981\u4e8b\u5f8c\u8a8d\u932f\u751a\u81f3\u8ce0\u511f \u90a3\u4e00\u5207\u90fd\u6703\u6c92\u4e8b \u9802\u591a\u518d\u8aaa\u4e00\u5169\u53e5\u6709\u60f3\u904e\u81ea\u6bba\u4e4b\u985e\u7684\u8a71\u60c5\u7dd2\u52d2\u7d22\" \u6211\u60f3\u554f \u4ec0\u9ebc\u6642\u5019\u9019\u6a23\u50b7\u5929\u5bb3\u7406\u537b\u53ef\u4ee5\u5982\u6b64\u7406\u76f4\u6c23\u58ef?\n\n\u770b\u4e0d\u904e\u7684\u5c31\u53eb\u505a\u8b8a\u614b\u8ddf\u55dc\u8840\u55ce?\u53d7\u5bb3\u8005\u4e0d\u662f\u89c0\u773e \u8b1b\u771f\u7684\u4ed6\u6b7b\u4e0d\u6b7b\u89c0\u773e\u7121\u6240\u8b02 \u91cd\u9ede\u662f\u4ed6\u9019\u7a2e\u5fc3\u614b\u8ddf\u9762\u5c0d\u4e8b\u60c5\u7684\u65b9\u5f0f\u672c\u8eab\u5c31\u662f\u932f\u8aa4\u7684 \u6211\u76f8\u4fe1\u5f88\u591a\u4eba\u90fd\u53ea\u662f\u7f3a\u500b\u6a5f\u6703\u505a\u597d\u4eba \u4f46\u4ed6\u7684\u5fc3\u601d \u5fc3\u614b\u8ddf\u8aaa\u8a5e\u5f88\u91cd\u8981 \u56e0\u70ba\u88ab\u9a19\u800c\u53bb\u9a19\u4eba \u9019\u662f\u4ed6\u771f\u6b63\u7684\u52d5\u6a5f \u5f8c\u9762\u8aaa\u7684\u90fd\u53ea\u662f\u70ba\u4e86\u63a9\u85cf\u9019\u4efd\u521d\u59cb\u52d5\u6a5f\u800c\u8aaa\u7684 \u9019\u662f\u975e\u5e38\u660e\u986f\u7684\u4e8b\u60c5 \u771f\u7684\u932f\u4e86\u5c31\u8a8d \u4f46\u662f\u4ed6\u5f8c\u9762\u88dc\u4e86\u90a3\u4e9b\u71d2\u70ad\u81ea\u6bba\u4e4b\u985e\u7684\u5c31\u662f\u5728\u5f15\u767c\u4eba\u5011\u7684\u540c\u7406\u8207\u540c\u60c5\u5fc3 \u662f\u4e0d\u662fBUMP\u804a\u5230\u90a3\u6642\u90fd\u5fd8\u4e86\u4ed6\u662f\u56e0\u70ba\u88ab\u9a19 \u4e0d\u723d X \u6240\u4ee5\u53bb\u9a19\u4eba?\n\n\u6211\u76f8\u4fe1\u5982\u679c\u4ed6\u7684\u8aaa\u8a5e\u6709\u5176\u4ed6\u53ef\u4ee5\u8b93\u4eba\u5c0d\u4ed6\u6709\u540c\u7406\u5fc3\u8207\u540c\u60c5\u7684 \u526a\u8f2f\u4e0d\u6703\u526a\u6389 \u4f46\u73fe\u5728\u5f88\u660e\u986f\u4ed6\u5c31\u662f\u88ab\u9a19\u4e86 \u4e0d\u723d \u6240\u4ee5\u53bb\u9a19\u4eba \u800c\u4e14\u723d\u8cfa \u4ed6\u90a3\u6642\u6839\u672c\u5c31\u4e0d\u82e6 \u5c31\u662f\u723d\u8cfa \u626f\u4ec0\u9ebc\u597d\u50cf\u904e\u4e0d\u53bb?\u771f\u6b63\u53ef\u80fd\u904e\u4e0d\u53bb\u7684\u662f\u6211\u5011\u9019\u4e9b\u793e\u6703\u5e95\u5c64\u7684 \u6253\u5de5\u9818\u6b7b\u85aa\u6c34\u7684 \u4e00\u500b\u7537\u4eba\u6211\u5c31\u4e0d\u4fe1\u53bb\u505a\u7c97\u5de5\u6c92\u4eba\u8981 \u626f\u90a3\u5806\u5c41\u8a71 \u6240\u4ee5\u4ed6\u662f\u771f\u7684\u7121\u53ef\u5948\u4f55\u9084\u662f\u4f5c\u60e1\u4e4b\u5f8c\u53bb\u5c0b\u601d\u9019\u4e9b\u81ea\u6b3a\u6b3a\u4eba\u7684\u85c9\u53e3 \u89c0\u773e\u90fd\u6709\u773c\u775b\n\n\u5f88\u62b1\u6b49 \u4e5f\u8a31\u6211\u55dc\u8840\u751a\u81f3\u662f\u8b8a\u614b \u96d6\u7136\u6211\u4e0d\u8a8d\u70ba \u56e0\u70ba\u6211\u89ba\u5f97\u4efb\u4f55\u4e8b\u60c5\u90fd\u8981\u7528\u5c0d\u4eba \u9019\u7a2e\u4eba\u5c31\u4e0d\u8a72\u88ab\u5bec\u6055\u8207\u539f\u8ad2 \u70ba\u60e1\u4e4b\u4eba\u5982\u679c\u6c92\u6709\u53d7\u5230\u6cd5\u5f8b\u5236\u88c1 \u6211\u662f\u771f\u4e0d\u4fe1\u6703\u597d \u4f55\u6cc1\u662f\u9019\u7a2e\u6163\u6027\u5fc3\u5b58\u50e5\u5016\u7684 \u6211\u904e\u4e0d\u4e0b\u53bb \u5c31\u662f\u53bb\u627e\u80fd\u505a\u7684\u5de5\u4f5c\u505a \u9664\u4e86\u88ab\u8feb\u5bb3\u6642\u5728\u7570\u9109\u90ca\u5340\u5565\u90fd\u6c92\u6709 \u6c92\u8fa6\u6cd5\u7684\u90a3\u65e5\u5b50 \u6211\u4e0d\u4fe1\u5f71\u7247\u9019\u500b\u4eba\u6703\u6bd4\u7576\u6642\u7684\u6211\u7d55\u671b \u4f46\u6211\u4e26\u6c92\u6709\u505a\u58de\u4e8b \u4e5f\u6c92\u6709\u63a5\u53d7\u72af\u7f6a\u96c6\u5718\u7684\u9080\u7d04\u8207\u8a98\u60d1 \u751a\u81f3\u6211\u9023\u770b\u5230\u4eba\u5bb6\u62dc\u62dc\u7684\u6771\u897f \u6211\u77e5\u9053\u90a3\u5f88\u4fbf\u5b9c \u4e00\u767e\u584a\u90fd\u4e0d\u7528 \u4f46\u662f\u6211\u80fd\u5403\u4e09\u9910\u751a\u81f3\u56db\u9910 \u6211\u4e5f\u6c92\u5077\n\n\u70ba\u4e86\u81ea\u5df1\u6240\u8b02\u7684\u904e\u5f97\u597d\u4e00\u9ede\u800c\u53bb\u5229\u7528\u8ddf\u50b7\u5bb3\u4ed6\u4eba\u7d66\u81ea\u5df1\u7684\u826f\u5584 \u4e8b\u5f8c\u4e0d\u7ba1\u627e\u591a\u5c11\u85c9\u53e3 \u53d7\u5bb3\u8005\u7684\u75db\u90fd\u662f\u4e00\u8f29\u5b50\u7684 \u8aaa\u5f97\u51fa\u56e0\u70ba\u770b\u4eba\u58de\u5c31\u4f5c\u60e1 \u9084\u5728\u5617\u8a66\u7528\u81ea\u5df1\u65e5\u5b50\u4e0d\u597d\u4f86\u81ea\u6211\u50ac\u7720\u7684 \u6211\u771f\u4e0d\u89ba\u5f97\u662f\u597d\u4eba \u600e\u9ebc\u770b\u90fd\u662f\u65e5\u5b50\u53ef\u80fd\u7576\u4e0b\u6c92\u90a3\u9ebc\u597d \u4e0d\u662f\u4e0d\u597d\u54e6 \u662f\u6c92\u90a3\u9ebc\u597d \u4f46\u662f\u5de5\u4f5c\u9019\u4e5f\u4e0d\u505a\u90a3\u4e5f\u4e0d\u5e79\u7684 \u6211\u8aaa\u771f\u7684\u4ed6\u7684\u8aaa\u8a5e\u600e\u9ebc\u770b\u5c31\u662f\u9019\u7a2e\u4eba \u4ed6\u9084\u626f\u4ec0\u9ebc\u826f\u5fc3\u4e0d\u826f\u5fc3 \u5478"
        },
        {
            "reply_id": "UgwjHDcaYHngEIgJH_F4AaABAg",
            "reply_content": "\u53d7\u5bb3\u8005\u54ea\u91cc\u6001\u5ea6\u6bd4\u8f83\u5dee\uff1f \u4f60\u95ee\u4ed6\u4ec0\u4e48\u4ed6\u56de\u7b54\u4ec0\u4e48\u800c\u5df2\u3002\u3002\u3002"
        },
        {
            "reply_id": "UgwNuIbVZBy7xc30rqZ4AaABAg",
            "reply_content": "\u96d6\u7136\u5f88\u540c\u60c5\u9019\u4f4d\u5148\u751f\uff0c\u4f46\u7406\u667a\u544a\u8a34\u6211\uff0c\u8981\u770b\u4e00\u500b\u4eba\u6240\u4f5c\u7684\uff0c\u800c\u4e0d\u662f\u4ed6\u6240\u8aaa\u7684\u3002\u6211\u4e5f\u662f\u88ab\u9a19\uff0c\u5c0d\u65b9\u4e5f\u662f\u8aaa\u8a71\u975e\u5e38\u8aa0\u61c7\uff0c\u628a\u81ea\u5df1\u8aaa\u7684\u975e\u5e38\u53ef\u6190\uff0c\u4f46\u884c\u70ba\u8ddf\u8a71\uff0c\u771f\u7684\u5c0d\u4e0d\u4e0a"
        },
        {
            "reply_id": "UgzSz7qpWbXWeBQV9OJ4AaABAg",
            "reply_content": "Bump\u7b97\u662f\u628a\u6211\u5011\u4eba\u7684\u96d9\u9762\u624b\u6cd5\u90fd\u6f14\u51fa\u4f86\u4e86\uff0c\u6bcf\u500b\u4eba\u90fd\u6709\u5c0f\u60e1\u9b54\u8ddf\u5c0f\u5929\u4f7f\u7684\u5b58\u5728\uff0c\u6709\u7684\u4eba\u5c31\u662f\u5df4\u4e0d\u5f97\u4f60\u6b7b\u592a\u904e\u982d\uff0c\u6709\u7684\u4eba\u53c8\u592a\u904e\u548c\u5584\u5230\u592a\u8edf\u5f31\uff0c\u4f46\u770b\u4e86\u4f60\u7684\u5f71\u7247\uff0c\u6211\u767c\u73fe\u4f60\u5df2\u7d93\u8d85\u7d1a\u6709\u81ea\u5df1\u60f3\u6cd5\uff0c\u53c8\u6b63\u7fa9\u4f46\u53c8\u7d66\u4eba\u6d3b\u8def\uff0c\u4e0d\u77e5\u9053\uff0c\u76ee\u524d\u5f88\u559c\u6b61\u4f60\u7684\u65b9\u5f0f\uff0c\u4e5f\u770b\u4e86\u5f88\u591a\u4f60\u7684\u5f71\u7247\uff0c\u7e7c\u7e8c\u652f\u6301\u4f60\uff0c\u611f\u8b1d\u4f60"
        }
    ]
}