{
    "video_info": {
        "id": "AcEWzxtjwNI",
        "channelTitle": "\u597d\u68d2Bump",
        "title": "\u865f\u53ec\u842c\u4eba\u8a3b\u518a\u63db\u73fe\u91d1\uff01\u638f\u7a7a\u7db2\u7ad9139\u842c\uff01\u641e\u5230\u4ed6\u5011\u5012\u70ba\u6b62\u2026\uff01\u3010\u597d\u68d2Bump\u3011\u3010\u638f\u7a7a\u934a\u91d1\u8853\u3011 @vinson58",
        "description": "\u5927\u5bb6\u65b0\u5e74\u5feb\u6a02~~\n\u904e\u5e74\u6211\u5011\u5148\u4e0a\u50b3\u4e00\u4e9b\u8f15\u9b06\u4e00\u9ede\u7684\u5f71\u7247\n\u4e0d\u8981\u6bcf\u4e00\u6b21\u90fd\u5728\u90a3\u908a\u751a\u9ebc\u8a50\u9a19\u89e3\u78bc\u7684\n\n#\u65b0\u5e74\u5feb\u6a02 #\u9019\u6a23\u7b97\u9593\u63a5\u820c\u543b\u55ce #\u5b8c\u6574\u62bd\u734e\u53ef\u4ee5\u53bb\u5e73\u6c11\u767e\u59d3\u7684\u76f4\u64ad\u770b\n--------------------------------------------------------- \r\n\u4e0a\u4e00\u90e8\u5f71\u7247\u3010\u8a50\u9a19\u89e3\u78bc\u3011\u63ed\u79d8\u767e\u842c\u4eba\u53d7\u5bb3\u7684\u8cfa\u9322\u8a50\u9a19\uff01\u96c6\u5718\u6210\u54e1\u7adf\u9858\u610f\u4e0d\u6253\u78bc\u516c\u958b\u5766\u627f\u4e00\u5207\uff01\uff01\u3010\u597d\u68d2Bump\u3011https://youtu.be/qgcr0mMYwpM\r\n\r\n\u8001\u5b50\u7684IG\uff1ahttps://bit.ly/2JqmmIq\r\n\u8001\u5b50\u7684FB\uff1ahttps://bit.ly/2s3pwwb",
        "likeCount": "24451",
        "commentCount": "2203",
        "viewCount": "1671236"
    },
    "comments": [
        {
            "reply_id": "UgyRKLX23A5LEYxTVPh4AaABAg",
            "reply_content": "\u904e\u5e74\u5c31\u8a72\u4e0a\u50b3\u7b26\u5408\u9019\u500b\u6c23\u6c1b\u7684\u5f71\u7247\u5504\ud83d\ude42"
        },
        {
            "reply_id": "UgwAxgIBYx6y1QaQvTt4AaABAg",
            "reply_content": "\u771f\u7684\u6709\u734e\uff1f\u4e0d\u662f\u8a50\u9a19\u56c9\uff1f"
        },
        {
            "reply_id": "UgzQ9VXIi9khT5FuNDF4AaABAg",
            "reply_content": "\u54ea\u88e1\u53ef\u4ee5\u73a9"
        },
        {
            "reply_id": "Ugz2a-xBi9Tw5IidU7x4AaABAg",
            "reply_content": "\u4e0d\u66f8\u9b3c"
        },
        {
            "reply_id": "Ugxh3eErqTgmhwi4tSh4AaABAg",
            "reply_content": "\u771f\u5851\u6f02\u4eae"
        },
        {
            "reply_id": "Ugw89BjTuqAKtXWXfHV4AaABAg",
            "reply_content": "\u5f88\u6709\u5584\u610f\u7684\u4e3b\u64ad\uff01\u652f\u6301\uff01\uff01\u4f46\uff0c\u8fd9\u4e2a\u5973\u7684\u6574\u5bb9\u5931\u8d25\u8138\u8981\u4e00\u76f4\u6234\u53e3\u7f69\u624d\u597d\uff01\u4e0d\u7136\u4f1a\u5413\u5230\u5f88\u591a\u4eba\uff01\uff01"
        },
        {
            "reply_id": "Ugy9f-jsC8dfLjCkill4AaABAg",
            "reply_content": "\u6240\u4ee5\u8ddf\u8449\u914d\u8863\u670d\u6709\u751a\u9ebc\u95dc\u897f?"
        },
        {
            "reply_id": "UgzGBwiLrWzByPH_zy94AaABAg",
            "reply_content": "\u600e\u9ebc\u52a0\u5165\u7fa4\u7d44\ud83d\ude02"
        },
        {
            "reply_id": "UgwLrkmcPlvAPrP4Xzp4AaABAg",
            "reply_content": "\u53ef\u662f\u91cd\u9ede\u662f\ud83d\ude02\u5ee0\u5546\u628a\u4f60\u5011\u7684\u500b\u8cc7\u7528\u6bd4150\u66f4\u9ad8\u7684\u50f9\u683c\u8ce3\u51fa\u53bb\u554a\ud83d\ude05"
        },
        {
            "reply_id": "UgxTFnDxWdiV-S8hzMp4AaABAg",
            "reply_content": "\u963f\u5317\u7684\u5473\u9053"
        },
        {
            "reply_id": "UgyJCRyKr3_TTLNomop4AaABAg",
            "reply_content": "\u7f8e\u56fd\u6709\u82f9\u679c\uff0c\u4e2d\u56fd\u6709\u83e0\u841d\n\u83e0\u841d\u624b\u673a"
        },
        {
            "reply_id": "UgzYvfXQ6V5pg0smX954AaABAg",
            "reply_content": "\u771f\u9001\u54e6"
        },
        {
            "reply_id": "Ugx3EVbPyEx8o8DqPgV4AaABAg",
            "reply_content": "\u5ee0\u5546\u5012\u4e86"
        },
        {
            "reply_id": "UgyX_DFGybSzCAiB1PB4AaABAg",
            "reply_content": "\u770b\u9019\u90e8\u5f71\u7247\u6211\u770b\u5230\u90a3\u500b\u7684\u5ee3\u544a"
        },
        {
            "reply_id": "UgwoAo2ffIEpzYFR-4t4AaABAg",
            "reply_content": "\u8981\u5c0f\u5fc3"
        },
        {
            "reply_id": "UgzAzDizD72_DXnLxz94AaABAg",
            "reply_content": "\u8acb\u8a18\u5f97\u4f60\u73fe\u5728\u7684\u6a23\u5b50"
        },
        {
            "reply_id": "Ugz0q6dacoOxCIb_OBd4AaABAg",
            "reply_content": "\u6211\u8981\u770b\u770b\u4f60\u6700\u5f8c\u662f\u4ec0\u9ebc\u4e0b\u5834\uff0c\u770b\u4f60\u80fd\u6416\u64fa\u5230\u4f55\u6642"
        },
        {
            "reply_id": "UgxKrF2OdPt8AQQQdhN4AaABAg",
            "reply_content": "\u771f\u7684\u62bd\u5230\u624b\u6a5f\u53c8\u771f\u7684\u6709\u6536\u5230\uff0c\u5c31\u8868\u793a\u9019\u4e0d\u662f\u8a50\u9a19\u7db2\u7ad9\u963f"
        },
        {
            "reply_id": "Ugwi6xIP1sD-UM_5yDZ4AaABAg",
            "reply_content": "\u5c31\u4e0d\u8981\u6253\u958b\u4f86\u662f\u6ce2\u7f85\u624b\u6a5f"
        },
        {
            "reply_id": "UgwpwHtrbPZsR06xbrR4AaABAg",
            "reply_content": "\u61c2\u8214"
        }
    ]
}