{
    "video_info": {
        "id": "bCT5C3BT1Ms",
        "channelTitle": "\u597d\u68d2Bump",
        "title": "\u4f86\uff01\u53d7\u56f0\u8b49\u4eba\u4f86\u8b1b\u771f\u76f8\u4e86\uff01\u5916\u4ea4\u90e8\u8acb\u51fa\u4f86\u89e3\u91cb\uff01\u3010\u597d\u68d2Bump\u3011",
        "description": "\u539f\u672c\u9084\u7d66\u4f60\u5011\u7559\u7acb\u5834\uff0c\n\u4f46\u4f60\u5011\u537b\u53c8\u8aaa\u6211\u8aa4\u5c0e\u570b\u4eba\uff0c\n\u9019\u662f\u4f60\u5011\u903c\u6211\u7684\u2026.\n\n\u9700\u8981\u771f\u6b63\u6b63\u7fa9\u7684\u5f8b\u5e2b\u3001\u6aa2\u67e5\u5b98\u3001\u6cd5\u5b98\n\u6211\u9700\u8981\u53f8\u6cd5\u9084\u6211\u4e00\u500b\u516c\u9053.\n\n#\u6211\u6c92\u6709\u5c0d\u4e0d\u8d77\u6211\u7684\u570b\u5bb6\n--------------------------------------------------------- \r\n\u4e0a\u4e00\u90e8\u5f71\u7247 \u89aa\u81ea\u98db\u5230\u67ec\u57d4\u5be8\u6551\u4eba\uff01\u537b\u88ab\u7576\u5730\u8b66\u5bdf\u51fa\u8ce3\u2026 \u8ddf\u53d7\u5bb3\u8005\u4e00\u8d77\u9003\u56de\u53f0\u7063\uff01\u3010\u597d\u68d2Bump\u3011\u3010\u8a50\u9a19\u89e3\u78bc\u5f8c\u7e8c\u3011https://youtu.be/lSKd3yyhzw0\r\n\r\n\u8001\u5b50\u7684IG\uff1ahttps://bit.ly/2JqmmIq\r\n\u8001\u5b50\u7684FB\uff1ahttps://bit.ly/2s3pwwb",
        "likeCount": "315770",
        "commentCount": "47150",
        "viewCount": "4095429"
    },
    "comments": [
        {
            "reply_id": "UgzSbn3v3S5eZCKMku94AaABAg",
            "reply_content": "\u6211\u5f9e\u4f86\u6c92\u6709\u5c0d\u4e0d\u8d77\u81ea\u5df1\u7684\u570b\u5bb6\uff0c\u4f46\u73fe\u5728\u6211\u7684\u570b\u5bb6\u662f\u600e\u9ebc\u5e36\u98a8\u5411\u4f86\u5c0d\u6211\uff1f\n\n\u4eca\u5929\u5148\u6f84\u6e05\u9019\u4e9b\uff0c\u7e7c\u7e8c\u88fd\u4f5c\u7b2c\u4e8c\u96c6\u3002"
        },
        {
            "reply_id": "UgweTwIEUzpGPlv0Kpl4AaABAg",
            "reply_content": "\u7d50\u679c\u8b49\u4eba\u8aaa\u662f\u5287\u672c  \u597d\u68d2\u5c31\u4e0d\u89e3\u91cb\u4e86\u55ce"
        },
        {
            "reply_id": "Ugz9Yf8RY1f0_Ac8IyN4AaABAg",
            "reply_content": "\u54c7\u54c7\u54c7\uff0c\u597d\u68d2\u7684\u5287\u672c"
        },
        {
            "reply_id": "UgznxFL7tx_1QtqO7ft4AaABAg",
            "reply_content": "\u9019\u500b\u5f71\u7247\u4e0b\u9762\u4e00\u5806\u53ea\u770b\u6a19\u984c\u7684\u5783\u573e\u7db2\u8ecd\u7ffb\u8eca\u4e86"
        },
        {
            "reply_id": "Ugygv4Q3DTFABe0v6EF4AaABAg",
            "reply_content": "\u795e\u4e5f\u662f\u4f60\uff0c\u9b3c\u4e5f\u662f\u4f60\u3002\u7576\u4f5c\u6211\u88ab\u4f60\u9a19\u4e86\u3002"
        },
        {
            "reply_id": "Ugzd804jEvyoCISBme54AaABAg",
            "reply_content": "\u7b11\u6b7b\uff0c\u7ffb\u8eca\u7576\u6c92\u4e8b\u6b38"
        },
        {
            "reply_id": "UgwhJckt-7QNXN2sICt4AaABAg",
            "reply_content": "\u5c0f\u6642\u5019\u4e0d\u8b80\u66f8\u9577\u5927\u7576\u8a18\u8005"
        },
        {
            "reply_id": "UgwMHvmN4FpHFn2wPXR4AaABAg",
            "reply_content": "\u5916\u4ea4\u90e8\u6536\u5497\u9322\uff0c \u6216\u8005\u7540\u4eba\u6050\u5687\u52d2\u7d22 \u6240\u4ee5\u5514\u6562\u51fa\u9762 \u4f5c\u51fa\u4efb\u4f55\u884c\u52d5"
        },
        {
            "reply_id": "UgyeZwH1eUrmcKzxkRh4AaABAg",
            "reply_content": "\u53cd\u8f49\u518d\u53cd\u8f49\u6b38\uff0c\u6709\u591a\u5c11\u4eba\u662f\u56e0\u70baET\u6a19\u984c\u88ab\u91e3\u51fa\u4f86"
        },
        {
            "reply_id": "UgzvUrkBy63btUBsrWN4AaABAg",
            "reply_content": "\u6628\u5929\u7d42\u65bc\u767c\u5e03\u7b2c\u4e8c\u96c6\u4e86"
        },
        {
            "reply_id": "Ugx9HV7ZSEUr1NjS15d4AaABAg",
            "reply_content": "\u6cd5\u9662\u8a8d\u8b49\u7684\u5927\u982d\u75c7\n\u4ee5\u53ca\u4e00\u5806\u7121\u8166\u7684\u652f\u6301\u8005"
        },
        {
            "reply_id": "UgzBpqxCTR_g-fbXQqR4AaABAg",
            "reply_content": "\u96d6\u7136\u6797\u7121\u7f6a\uff0c\u4f46\u6cd5\u5b98\u8a8d\u70ba\u4ed6\u662f\u77e5\u60c5\u8981\u53bb\u8a50\u9a19\ud83d\ude02\u6240\u4ee5\u4e00\u500b\u672c\u4f86\u8981\u7576\u8a50\u9a19\u72af\u7d50\u679c\u6c92\u7576\u6210\u9084\u8981\u6c42\u6551\u4ed6\uff0c\u6211\u66fe\u7d93\u88ab\u62d0\u9a1920\u842c\uff0c\u6240\u4ee5\u5c0d\u65bc\u60f3\u8981\u72af\u9019\u7a2e\u7f6a\u884c\u7684\u4eba\u90fd\u89ba\u5f97\u5641\u5fc3\ud83e\udd2e"
        },
        {
            "reply_id": "Ugw98ev_SYc8stSEiTJ4AaABAg",
            "reply_content": "\u770b\u5230\u4e00\u5806\u5074\u7ffc\u7db2\u8ecd\u5e36\u98a8\u5411\uff0c\u771f\u7684\u8f9b\u82e6\u4f60\u4e86 \u52a0\u6cb9"
        },
        {
            "reply_id": "UgwiZa9MP9F1HXK4T694AaABAg",
            "reply_content": "\u90fd\u7ffb\u8eca\u4e86\uff0c\u6551\u4e00\u500b\u8a50\u9a19\u72af\u56de\u4f86\uff0c\u800c\u4e14\u884c\u70ba\u4e5f\u6c92\u53d7\u9650\u5236\uff0c\u5b8c\u5168\u4e0d\u9053\u6b49\uff1f"
        },
        {
            "reply_id": "UgxjZ-baqOpsDgWUIox4AaABAg",
            "reply_content": "\u6240\u4ee5\uff0c\u5230\u5e95\u8981\u4e0d\u8981\u6551\u8a50\u9a19\u96c6\u5718\u5566\uff1f\u4f60\u6709\u4e00\u53e5\u9053\u6b49\u55ce\uff1f\u4e0d\u8981\u8eb2\u8d77\u4f86\u554a"
        },
        {
            "reply_id": "UgyFYQIdlUJOAkFGdy94AaABAg",
            "reply_content": "\u653f\u5e9c\u600e\u9ebc\u6253\u58d3\u4f60\u4e86\uff0c\u4f60\u662f\u4e0d\u662f\u8981\u8aaa\u4f60\u88ab\u6797\u5148\u751f\u9a19\u4e86\uff0c\u4eba\u5bb6\u662f\u8d85\u6d3e\u4f60\u8d85\u68d2"
        },
        {
            "reply_id": "UgwlFPDbrDaaBzkl5iR4AaABAg",
            "reply_content": "\u81a0\u5e36\u7d66\u4f60\u4e86 \u4f60\u4ec0\u9ebc\u6642\u5019\u7d66\u88ab\u4f60\u9020\u8b20\u50b7\u5bb3\u7684\u4eba\u9053\u6b49"
        },
        {
            "reply_id": "UgyzhoTlUoQpC9dUgw94AaABAg",
            "reply_content": "\u6211\u5c31\u4f86\u770b\u770b\u90a3\u6642\u8981\u9053\u6b49"
        },
        {
            "reply_id": "Ugy3oxjv5M89UlitBER4AaABAg",
            "reply_content": "\u9020\u8b200\u6210\u672c\u9084\u80fd\u8cfa\u4e00\u6ce2\u6d41\u91cf\u8ddf\u6296\u5167\uff0c\u96e3\u602a\u73fe\u5728\u7db2\u7d05\u90fd\u559c\u6b61\u8ddf\u98a8\u7f75\u653f\u5e9c\uff0c\u9928\u9577\u3001\u89aa\u85cd\u540d\u5634\u6731\u771f\u7684\u90fd\u662f\u597d\u68d2Bump"
        },
        {
            "reply_id": "UgwmN4xPD_3MgVyCRTF4AaABAg",
            "reply_content": "\u7ffb\u8eca\uff0c\u4f46\u671f\u5f85\u6709\u65b0\u7684\u8aaa\u6cd5\u5f71\u7247\uff0c\u5e0c\u671b\u5927\u5bb6\u4e0d\u8981\u505a\u58de\u4e8b\u505a\u8a50\u9a19\u3002"
        }
    ]
}