{
    "video_info": {
        "id": "bUtz6EcuUe0",
        "channelTitle": "\u597d\u68d2Bump",
        "title": "\u624b\u6a5f\u88ab\u5077\u4e86\uff01\u7528\u885b\u661f\u5b9a\u4f4d\u5831\u8b66\u6293\u8cca\u2026. \u80fd\u627e\u56de\u4f86\u55ce\uff1f\u3010\u597d\u68d2Bump\u3011",
        "description": "\u9019\u4e00\u6b21\u6211\u5011\u7684\u624b\u6a5f\u88ab\u5c0f\u5077\u7d66\u6478\u8d70\u4e86....\n\u7d50\u679c\u6253\u958b\u624b\u6a5f\u5b9a\u4f4d\u4e0a\u9762\u7adf\u7136\u986f\u793a\u4e86\u5c0f\u5077\u5bb6\u7684\u5730\u5740\uff0c\n\u6211\u5011\u7acb\u99ac\u53bb\u5831\u8b66\u770b\u770b\u6293\u4e0d\u6293\u5f97\u5230\u4eba\uff01\n\n#\u624b\u6a5f\u88ab\u5077 #\u5831\u8b66\u6293\u8cca #\u4ee5\u5f8c\u770b\u8ab0\u9084\u6562\u5077\u9019\u652f\u624b\u6a5f\n--------------------------------------------------------- \n\u4e0a\u4e00\u90e8\u5f71\u7247 \u7dda\u4e0a\u8ced\u5834\u7adf\u8f38\u4e86\u900010%\uff1f\u7528\u9019\u500b\u6f0f\u6d1e\u6d17\u5e63100\u842c\u80fd\u8cfa\u9322\u55ce\uff1f\u3010\u597d\u68d2Bump\u3011https://youtu.be/9VwpcHygMKk\n\n\u8001\u5b50\u7684IG\uff1ahttps://bit.ly/2JqmmIq\n\u8001\u5b50\u7684FB\uff1ahttps://bit.ly/2s3pwwb",
        "likeCount": "33629",
        "commentCount": "6447",
        "viewCount": "1284604"
    },
    "comments": [
        {
            "reply_id": "UgyH5kNuMQk0pSZn6sN4AaABAg",
            "reply_content": "\u53ea\u80fd\u8aaa\u2026 \u624b\u6a5f\u5b9a\u4f4d\u6839\u672c\u4e00\u9ede\u5c41\u7528\u90fd\u6c92\ud83d\ude22"
        },
        {
            "reply_id": "Ugw19zbhWv2QEm5s8HB4AaABAg",
            "reply_content": "\u6211\u5bb6\u524d\u5e7e\u5e74\u524d\u6bd4\u4eba\u6253\u5227 \uff0c\u6211\u5bb6\u90fd\u6642\u9593\uff0c\u5730\u5740\uff0c\u5b8c\u5168\u6c92\u6709\u7406\u6703\uff0c\u4e4b\u5f8c\u4e09\u500b\u6708\u5f8c\u5bc4\u4e00\u5c01\u4fe1\u4f86\u6d88\u6848"
        },
        {
            "reply_id": "Ugx6-ltZZhe6MMrjmkd4AaABAg",
            "reply_content": "\u6211\u4fc2\u9999\u6e2f\u4eba\u3002"
        },
        {
            "reply_id": "Ugy17lAYM3VCPeM16Qt4AaABAg",
            "reply_content": "\u770b\u4f86\u6210\u9f8d\u62cd\u7684\u8b66\u5bdf\u6545\u4e8b\u90fd\u662f\u5047\u7684\ud83d\ude02\ud83d\ude02\ud83d\ude02"
        },
        {
            "reply_id": "Ugwfbmd8Bnlaqj8a6ux4AaABAg",
            "reply_content": "\u6211\u6700\u8fd1\u4e0d\u898b\u4e86\u516b\u9054\u901a, \u6bcf\u5929\u90fd\u770b\u898b\u5225\u4eba\u7528\u6211\u7684\u5361\u5728\u6211\u5bb6\u9644\u8fd1\u6d88\u8cbb. \u516b\u9054\u901a\u516c\u53f8 \u548c \u8b66\u65b9 \u4e5f\u8aaa\u6c92\u8fa6\u6cd5."
        },
        {
            "reply_id": "Ugy6xLIX4PkIDJJAdyN4AaABAg",
            "reply_content": "\u6211\u5728\u534e\u76db\u987fDC\u82f9\u679c\u624b\u673a\u88ab\u5077\uff0c\u5b9a\u4f4d\u5230\u9ed1\u4eba\u793e\u533a\u7684\u67d0\u6237\u4eba\u5bb6\uff0c\u62a5\u4e86\u8b66\uff0c\u8b66\u5bdf\u8bf4\u624b\u673a\u5b9a\u4f4d\u4e0d\u51c6\uff0c\u4e0d\u80fd\u53bb\u8be2\u95ee\u641c\u67e5\uff0c\u4ec0\u4e48\u4e5f\u505a\u4e0d\u4e86\u3002\u5728\u7ebd\u7ea6\u88ab\u50773000\u5200\u73b0\u91d1\uff0c\u6709\u5f55\u50cf\u8bc1\u660e\u552f\u4e00\u5acc\u7591\u4eba\uff08\u9ed1\u4eba\u5144\u5f1f\uff09\uff0c\u62a5\u8b66\u540e\u8b66\u5bdf\u5b89\u6170\u6211\u8ba9\u6211\u5fd8\u4e86\u8fd9\u4ef6\u4e8b\uff0c\u7ee7\u7eed\u4eab\u53d7\u7f8e\u597d\u5047\u671f\u3002"
        },
        {
            "reply_id": "UgyVmz3QMd_kAHTL0t54AaABAg",
            "reply_content": "\u7136\u5f8c\u731c\u4e00\u731c\u4f60\u4e0b\u6b21\u9084\u80fd\u4e0d\u80fd\u5165\u5883"
        },
        {
            "reply_id": "UgwWXuE0b1rOZ-S9D0l4AaABAg",
            "reply_content": "11:48 \u96d6\u7136\u9999\u6e2f\u8b66\u5bdf\u611f\u89ba\u771f\u7684\u5ee2\u5ee2\u7684\uff0c\u4f46\u5bb5\u591c\u6524\u76e3\u8996\u5668\u61c9\u662f\u79c1\u4eba\u67b6\u8a2d\u7684\uff0c\u8b66\u5bdf\u4e5f\u6c92\u8fa6\u6cd5\u76f4\u63a5\u8abf\u95b1\uff0c\u60f3\u770b\u4ed6\u5011\u62cd\u7684\u756b\u9762\u61c9\u8a72\u76f4\u63a5\u627e\u8001\u95c6\u8a62\u554f"
        },
        {
            "reply_id": "Ugyn2t_4CMy_3AW45uV4AaABAg",
            "reply_content": "\u4ee5\u524d\u53bb\u9999\u6e2f\u5728\u6a5f\u5834\u554f\u8def\u6a5f\u5834\u8b66\u5bdf\u4e5f\u662f\u614b\u5ea6\u5f88\u4e0d\u597d\u9084\u8ddf\u6211\u5011\u5831\u932f\u7684\u8def"
        },
        {
            "reply_id": "UgyGnnIDGdWBie9pP2Z4AaABAg",
            "reply_content": "\u8cb7\u4e0d\u5230\u624b\u6a5f\uff0c\u771f\u7684\u662f\u5947\u8e5f"
        },
        {
            "reply_id": "Ugx_fSnvjfDOifjS12x4AaABAg",
            "reply_content": "\u9084\u6709\u6df1\u6c34\u57d7\u6709\u5f88\u591a\u8cb7\u624b\u6a5f\u7684\u5730\u65b9"
        },
        {
            "reply_id": "UgwMzGmc2DhpYCuy8I54AaABAg",
            "reply_content": "\u6df1\u6c34\u57d7\u662f\u4e00\u500b\u96fb\u8166\u57ce"
        },
        {
            "reply_id": "UgxWY5kaeL7TXeO0vsF4AaABAg",
            "reply_content": "\u5927\u5b78\u6642\u5019\uff0c\u8ddf\u5e7e\u500b\u670b\u53cb\u5408\u79df\u4e00\u68df\u900f\u5929\u539d\uff0c\u552f\u7368\u9802\u6a13\u623f\u9593\u662f\u623f\u6771\u4f84\u5b50\u5728\u4f4f\uff0c\u7576\u6642\u6211\u548c\u6211\u524d\u5973\u53cb\u540c\u4f4f\u5728\u4e8c\u6a13\u623f\u9593\u3002\n\u67d0\u5929\u6211\u5011\u5e7e\u500b\u670b\u53cb\u51fa\u53bb\u770b\u96fb\u5f71\uff0c\u5927\u9580\u9396\u4e86\uff0c\u623f\u9593\u9580\u4e5f\u9396\u4e86\uff0c\u56de\u5bb6\u6642\u6211\u5011\u623f\u9593\u96fb\u8166\u4e3b\u6a5f\u537b\u4e0d\u7ffc\u800c\u98db\u3002\n\u53bb\u5831\u8b66\u6642\uff0c\u554f\u8b66\u5bdf\u80fd\u627e\u56de\u4f86\u55ce\uff1f\u8b66\u5bdf\u9084\u7b11\u8457\u8aaa\uff1a\u300c\u4f60\u8981\u5c0d\u6211\u5011\u8b66\u5bdf\u6709\u9ede\u4fe1\u5fc3\u554a\u3002\u300d\n\u7d50\u679c\u7b49\u4e86\u4e00\u661f\u671f\u3001\u4e00\u500b\u6708\uff0c\u76f4\u5230\u6574\u6574\u4e00\u5e74\uff0c\u5b8c\u5168\u6c92\u6d88\u6c92\u606f\uff0c\u4e5f\u6c92\u6709\u4f86\u63a1\u96c6\u6307\u7d0b\u5565\u7684\uff0c\u7c21\u55ae\u8aaa\u5c31\u662f\u5831\u6848\u5f8c\u4fbf\u4e0d\u4e86\u4e86\u4e4b\u3002\n\u5acc\u7591\u6700\u5927\u7684\u5c31\u662f\u623f\u6771\u4f84\u5b50\uff0c\u7576\u7136\u4e5f\u4e0d\u4e00\u5b9a\u662f\u4ed6\uff0c\u4f46\u5f9e\u982d\u5230\u5c3e\u90fd\u6c92\u770b\u5230\u8b66\u5bdf\u4f86\u554f\u8a71\u8abf\u67e5\u3002\n\u88ab\u5077\u7684\u96fb\u8166\u662f\u524d\u5973\u53cb\u7684\u96fb\u8166\uff0c\u88e1\u982d\u6c92\u5565\u91cd\u8981\u8cc7\u6599\uff0c\u5979\u4e5f\u633a\u6709\u9322\u7684\uff0c\u6240\u4ee5\u5979\u61f6\u5f97\u518d\u53bb\u8ffd\u554f\u8b66\u5bdf\u3002\n\n\u4f46\u662f\uff0c\u6642\u9694\u5341\u5e7e\u5e74\uff0c\u6bcf\u6bcf\u60f3\u5230\u90a3\u4f4d\u8b66\u5bdf\u4e00\u81c9\u61a8\u539a\u7684\u7b11\u8457\u5c0d\u6211\u5011\u8aaa\uff1a\u300c\u4f60\u8981\u5c0d\u6211\u5011\u8b66\u5bdf\u6709\u9ede\u4fe1\u5fc3\u554a\u3002\u300d\n\u5c31\u89ba\u5f97\u7121\u6bd4\u8af7\u523a\u3002"
        },
        {
            "reply_id": "UgwAxt4bkHBgpgzH4Wt4AaABAg",
            "reply_content": "\u5982\u679c\u4f60\u500b\u6625\u4ee3\u88ab\u5077\u53c8\u6709\u5b9a\u4f4d\uff0e\u53ef\u80fd\u5927\u6709\u6a5f\u6703\u5e6b\u4f60\u627e\u56de\u7684"
        },
        {
            "reply_id": "UgyNevmJMHESIJw6ZgN4AaABAg",
            "reply_content": "\u4e2d\u570b\u9999\u6e2f\u8b66\u5bdf\u53ea\u662f\u500b\u7b11\u8a71"
        },
        {
            "reply_id": "UgwucVLOZFoyqE6iL9l4AaABAg",
            "reply_content": "\u544a\u8a34\u4ed6\u5011\u5c0f\u5077\u652f\u6301\u53cd\u9001\u4e2d\uff0c\u662f\u500b\u53cd\u4e2d\u4e82\u6e2f\u7684\u53db\u4e82\u5206\u5b50"
        },
        {
            "reply_id": "Ugw1a7hVt8RBbVUHlHt4AaABAg",
            "reply_content": "\u73fe\u4eca\u7684\u9999\u6e2f\u8b66\u65b9\u9700\u8981\u4f60\u6bd4\u5230\u5341\u8db3\u5341\u7684\u8a3c\u64da\u624d\u6703\u5e6b\u4f60\u505a\u91ce\uff0c\u6b63\u5982\uff1c\u6771\u5f35\u897f\u671b\uff1e\u63ed\u767c\u5e2b\u5976\u7528\u96e3\u6c11\u98df\u7269\u5361\u5410\u73fe\u638f\u53d6\u5229\u6f64\uff0c\u5c07\u72af\u7f6a\u7247\u6bb5\u5728\u5168\u6e2f\u96fb\u8996\u64ad\u51fa\uff0c\u8b66\u65b9\u5c31\u5373\u6642\u505a\u91ce\u6349\u4eba\u4e00\u6a23\u3002\u3002\u3002\n\u6211\u4ee5\u524d\u90fd\u6bd4\u7f8e\u5bb9\u516c\u53f8\u9a19\u9322\u5831\u8b66\uff0c\u8b66\u5bdf\u5c0d\u6211\u8aaa\uff1a\u7b97\u5427\uff0c\u544a\u5514\u5230\u4f62\u67b6\uff0c\u4f9d\u5bb6\u597d\u591a\u7f8e\u5bb9\u516c\u53f8\u90fd\u4fc2\u5481\u3002\uff08\u5927\u4e8b\u5316\u5c0f\uff0c\u5c0f\u4e8b\u5316\u7121\uff0c\u6211\u76842\u842c\u868a\u90fd\u5316\u7121\u4e86\uff09"
        },
        {
            "reply_id": "Ugx1Q0YCU_f_a5b9gSJ4AaABAg",
            "reply_content": "\u5f88\u62b1\u6b49\uff0c\u9999\u6e2f\u7684\u8b66\u5bdf\u5c31\u662f\u9019\u9ebc\u7121\u80fd\u7684"
        },
        {
            "reply_id": "UgxhIErsLKA5AYDnJlt4AaABAg",
            "reply_content": "\u8001\u5be6\u8aac\u53f0\u7063\u6709\u4e9b\u8b66\u5bdf\u4e5f\u662f\u9019\u6a23"
        },
        {
            "reply_id": "Ugw_Pf2QfG_b6zbiBc54AaABAg",
            "reply_content": "\u770b\u4f86\u597d\u7684\u6e2f\u8b66\u53ea\u6d3b\u5728\u6e2f\u7247\u88e1\u4e86 :<"
        }
    ]
}