{
    "video_info": {
        "id": "CCvT2M6Rz0c",
        "channelTitle": "\u597d\u68d2Bump",
        "title": "\u5305\u990a\u594e\u4e011\u5929\u8981\u82b1\u591a\u5c11\u9322\uff1f\u9019\u771f\u7684\u662f\u6703\u7834\u7522\u2026. \u3010\u597d\u68d2Bump\u3011 @zamy_ding",
        "description": "\u9019\u4e00\u6b21\u6211\u771f\u7684\u54ed\u4e86....\n\n#\u6211\u54ed\u4e86 #\u6211\u662f\u5657C #\u6211\u5011\u7684\u56de\u61b6\n--------------------------------------------------------- \n\u4e0a\u4e00\u90e8\u5f71\u7247 \u5168\u7a0b\u5077\u62cd\uff01\u4e0a\u5305\u990a\u7db2\u7d04\u7db2\u7f8e\u51fa\u4f86\uff01\u7a81\u7136\u585e\u9322\u7d66\u5979\uff0c\u5979\u6703\u62ff\u53bb\u5e6b\u52a9\u5225\u4eba\u55ce\uff1f\u3010\u597d\u68d2Bump\u3011https://youtu.be/EGT-qdf6jxg\n\n\u8001\u5b50\u7684IG\uff1ahttps://bit.ly/2JqmmIq\n\u8001\u5b50\u7684FB\uff1ahttps://bit.ly/2s3pwwb",
        "likeCount": "47066",
        "commentCount": "2125",
        "viewCount": "2526645"
    },
    "comments": [
        {
            "reply_id": "UgzayKUURvEefxsyWUx4AaABAg",
            "reply_content": "\u7576\u521d\u6211\u4f4e\u6f6e\u6642\uff0c\u53ea\u6709\u59b3\u628a\u6211\u7576\u670b\u53cb\uff0c\u73fe\u5728\u59b3\u4f4e\u6f6e\u4e86\uff0c\u63db\u6211\u7d66\u4f60\u4e00\u4e9b\u529b\u91cf\ud83d\ude09"
        },
        {
            "reply_id": "UgyAAj9r9o4PySwhpUV4AaABAg",
            "reply_content": "\u9178\u75e0"
        },
        {
            "reply_id": "Ugwt64qiCEzlq5uV2H54AaABAg",
            "reply_content": "\u9019\u6a23\u7684\u5973\u53cb\u6709\u5371\u96aa\u6027\n\u6703\u88ab\u66b4\u6253\u7684\u98a8\u96aa \ud83e\udd23"
        },
        {
            "reply_id": "UgypChNpNx2BF6-ynG54AaABAg",
            "reply_content": "\u6700\u5f8c\u90a3\u6bb5\u770b\u5b8c\u5c0d\u594e\u4e01\u5370\u50cf\u5f88\u597d, \u6c92\u60f3\u5230\n\u9019\u500b\u7247\u594e\u4e01\u597d\u7f8e\u5594 , \u600e\u9ebc\u8ddf\u73fe\u5728u2\u77ed\u7247\u90a3\u500b\u5dee\u90a3\u9ebc\u591a\n\u4e0d\u904e\u4e0d\u91cd\u8981\u5566 \u90fd\u611b\u770b \u884c\u70ba\u624d\u662f\u6700\u91cd\u8981\u7684"
        },
        {
            "reply_id": "Ugwii_yIXF5kGKngXW94AaABAg",
            "reply_content": "\u597d\u611f\u52d5\u3000\u5e0c\u671b\u4f60\u5011\u5169\u500b\u90fd\u53ef\u4ee5\u8d8a\u4f86\u8d8a\u597d\u3000\u5305\u62ec\u5fc3\u9748\u7684\u958b\u5fc3"
        },
        {
            "reply_id": "UgznIERQ-j6Zp2ah3qd4AaABAg",
            "reply_content": "\u7fa8\u6155"
        },
        {
            "reply_id": "UgxxGPViWjHrbIwRRFJ4AaABAg",
            "reply_content": "\u770b\u5b8c\u7206\u54ed\ud83e\udd72 \n\u597d\u611f\u4eba\uff0c\u5e0c\u671b\u4f60\u5011\u5169\u500b\u4e00\u8f29\u5b50\u53ef\u4ee5\u958b\u958b\u5fc3\u5fc3\n\u4e00\u8f29\u5b50\u597d\u670b\u53cb\ud83d\udc4d\ud83c\udffb"
        },
        {
            "reply_id": "Ugy-HyCUbR9-kRl9EeV4AaABAg",
            "reply_content": "\u771f\u7684\u592a\u611f\u4eba\u4e86\ud83d\ude22"
        },
        {
            "reply_id": "UgwEoC1eyRrYwI7aFoV4AaABAg",
            "reply_content": "\u771f\u7684\u592a\u611f\u4eba\u4e86\ud83d\ude22"
        },
        {
            "reply_id": "Ugz_54MBty5s4i-BqtZ4AaABAg",
            "reply_content": "\u6c42\u5076\u7684\u6b63\u78ba\u793a\u7bc4\u7247"
        },
        {
            "reply_id": "UgwzuafuyU0yQsKj7rR4AaABAg",
            "reply_content": "\u96d6\u7136\u9019\u6642\u5019\u624d\u770b\u5230\u9019\u500b\u5f71\u7247\n\u4f46\u4eba\u751f\u6700\u73cd\u8cb4\u7684 \u5c31\u662f\u9019\u6a23\u7684\u53cb\u60c5 \n\u4f60\u5011\u5f88\u68d2 \u800c\u4e14\u6703\u8d8a\u4f86\u8d8a\u597d\u7684"
        },
        {
            "reply_id": "Ugy5-Bt9uzJOp1C2X5J4AaABAg",
            "reply_content": "\u5728\u4e00\u8d77\u5728\u4e00\u8d77"
        },
        {
            "reply_id": "UgwdSXQRiUNhgGBOLat4AaABAg",
            "reply_content": "\u597d\u611f\u4eba\u6211\u807d\u5230\u90fd\u4e00\u8d77\u54ed\u4e86"
        },
        {
            "reply_id": "Ugwnyyxqt58vKo42MRd4AaABAg",
            "reply_content": "\u84cb\u8457\u68c9\u88ab \u7d14\u804a\u5929\u7684\u597d\u53cb  \u597d\u68d2\u68d2"
        },
        {
            "reply_id": "UgwXkVeKD-zpdlKt-Sp4AaABAg",
            "reply_content": "\u4f55\u6642\u8981\u5728\u4e00\u8d77"
        },
        {
            "reply_id": "UgxGrPZhhunz0JdxNDR4AaABAg",
            "reply_content": "\u9019\u624d\u662f\u771f\u6b63\u7684\u670b\u53cb\uff01\u5f88\u958b\u5fc3\u4f60\u5011\u5f7c\u6b64\u6709\u5982\u6b64\u9019\u9ebc\u68d2\u7684\u670b\u53cb\u2764"
        },
        {
            "reply_id": "UgzvTOm0Wer9jzacbCN4AaABAg",
            "reply_content": "\u82e5\u81ea\u5df1\u683c\u8abf\u5148\u51fa\u554f\u984c\uff0c\u602a\u8ab0\uff1f"
        },
        {
            "reply_id": "UgwkZdrhHibtP59bq8x4AaABAg",
            "reply_content": "\u9019\u96c6  \u6709\u6027\u9a37\u64fe\u7684\u5acc\u7591"
        },
        {
            "reply_id": "Ugys6YZEphtAyFchZX94AaABAg",
            "reply_content": "Bump\u548c\u594e\u4e01\u771f\u7684\u662f\u4e00\u8f29\u5b50\u4e92\u76f8\u6276\u6301\u5f7c\u6b64\u7684\u597d\u670b\u53cb\u6709\u9019\u6a23\u7684\u670b\u53cb\u771f\u4ee4\u4eba\u7fa8\u6155\u5462\ud83d\ude0a"
        },
        {
            "reply_id": "Ugze0idqENHyMcLj1X14AaABAg",
            "reply_content": "\u597d\u751c\u54e6"
        }
    ]
}