{
    "video_info": {
        "id": "deaAMT211_Q",
        "channelTitle": "\u597d\u68d2Bump",
        "title": "\u6211\u7528\u6578\u5b78\u516c\u5f0f\u7834\u89e3\u8ced\u5834\uff01\u73a921\u9ede\u7b97\u724c... \u8d0f\u8d70300\u842c\uff01\u3010\u597d\u68d2Bump\u3011\u3010\u512a\u52e2\u73a9\u5bb6\u3011",
        "description": "\u9019\u90e8\u7247\u8a18\u9304\u4e86\uff0c\u6211\u4eca\u5e743\u6708\u53bb\u7f8e\u570b\u62c9\u65af\u7dad\u52a0\u65af1\u500b\u6708\u6240\u767c\u751f\u7684\u4e8b\u60c5\uff0c\u8017\u6642\u4e86\u5e7e\u500b\u6708\u7684\u88fd\u4f5c\uff0c\u7d42\u65bc\u505a\u597d\u4e86\uff01\uff01\uff01 \u5e0c\u671b\u5927\u5bb6\u6703\u559c\u6b61~\n\n#\u6c7a\u52dd21\u9ede #\u6578\u5b78\u6230\u52dd\u8ced\u5834 #\u9019\u662f\u4e00\u90e8\u8d85\u8f9b\u82e6\u7684\u5f71\u7247\n\n\u6210\u70ba\u9019\u500b\u983b\u9053\u7684\u6703\u54e1\u4e26\u7372\u5f97\u734e\u52f5\uff1a\nhttps://www.youtube.com/channel/UC7XxnhjdYjiQJ3m80K_N_4g/join\n\n--------------------------------------------------------- \r\n\u4e0a\u4e00\u90e8\u5f71\u7247 \u88ab\u8cbc\u4e0a\u6557\u58de\u793e\u6703\u6a19\u7c64\u5f8c\uff01\u70ba\u4e86\u7d66\u4f60\u5011\u4e00\u500b\u7acb\u5834\uff01\u6211\u5df2\u4ed8\u51fa\u4e00\u5207\u2026\u3010\u597d\u68d2Bump\u3011https://youtu.be/1lyvxqmNRv4\r\n\r\n\u8001\u5b50\u7684IG\uff1ahttps://bit.ly/2JqmmIq\r\n\u8001\u5b50\u7684FB\uff1ahttps://bit.ly/2s3pwwb",
        "likeCount": "62094",
        "commentCount": "3387",
        "viewCount": "2552865"
    },
    "comments": [
        {
            "reply_id": "UgzHo5hZO50nT0aLkcl4AaABAg",
            "reply_content": "\u5176\u5be6\u6709\u6b63\u78ba\u7684\u89c0\u5ff5\u8d85\u91cd\u8981"
        },
        {
            "reply_id": "UgxRc4MpcifmyQMUKSZ4AaABAg",
            "reply_content": "\u9019\u5f71\u7247\u505a\u7684\u597d\u68d2"
        },
        {
            "reply_id": "Ugy6_l_k6KVruJohR-h4AaABAg",
            "reply_content": "\u4f60\u771f\u7684\u8d85\u8070\u660e"
        },
        {
            "reply_id": "UgxtpHfx9hjoTzZka494AaABAg",
            "reply_content": "\u5982\u679c\u5462\u5572\u7406\u89e3\u4fc2\u5f97\u5605\n\u4f60\u4ea6\u5514\u53ef\u80fd\u518d\u5165\u8ced\u5834\u3002\n\u4ef2\u6709\uff0c\u4fc2\u8d0f\u6897\u5605\u4ea6\u5514\u6703\u516c\u958b\u3002"
        },
        {
            "reply_id": "UgzYuexdxVQ7CAUbZZV4AaABAg",
            "reply_content": "\u6211\u731c\u60f3\u88ab\u8d76\u4e0d\u662f\u56e0\u4e3a\u7b97\u724c\uff0c\u800c\u662f\u6709\u62cd\u89c6\u9891\u4f20\u9001\u5230\u8d4c\u573a\u5916\u9152\u5e97\u623f\u95f4\u8ba1\u7b97\u6982\u7387\uff0c\u56e0\u6b64\u88ab\u8d76\u662f\u7b97\u5bf9\u4f60\u4eec\u5ba2\u6c14\u4e86\uff0c\u5728\u522b\u7684\u56fd\u5bb6\uff0c\u4f60\u4eec\u53ef\u80fd\u88ab\u63a7\u4e0a\u6cd5\u5ead\uff01"
        },
        {
            "reply_id": "UgyKacu2H8JRNhIMN8h4AaABAg",
            "reply_content": "\u8d4c\u573a\u53ea\u5141\u8bb8\u4f60\u8f93\u94b1.\u4e0d\u5141\u8bb8\u4f60\u8d62\u94b1"
        },
        {
            "reply_id": "UgxkTTnxNkGkVLM1xht4AaABAg",
            "reply_content": "\u53bb\u6fb3\u9580\u8a66\u8a66\u770b\ud83d\ude02"
        },
        {
            "reply_id": "UgyLVqTtg5Thf20avyp4AaABAg",
            "reply_content": "\u8fd9\u8282\u76ee\u4e0d\u706b\u5bf9\u4e0d\u8d77\u4e2d\u6587\u4e16\u754c\u3002"
        },
        {
            "reply_id": "UgzJzgazfgQ3OdiHtqt4AaABAg",
            "reply_content": "\u975e\u5e38\u50cf\u8bc8\u9a97\u7ec4\u7ec7"
        },
        {
            "reply_id": "UgxdESE2xiygv8yCTQt4AaABAg",
            "reply_content": "\u6015\u8f38\u7684\u8ced\u5834\u4e7e\u8106\u4e0d\u8981\u958b,\u54ea\u6709\u53ea\u51c6\u8f38\u4e0d\u51c6\u8d0f\u7684?"
        },
        {
            "reply_id": "Ugw-P6M09zwZyD-SlTx4AaABAg",
            "reply_content": "\u8ced\u5834\u9084\u6709\u9019\u6a23\u7684\u5594..\u4e0d\u8b93\u4eba\u7e7c\u7e8c\u73a9\uff1f"
        },
        {
            "reply_id": "UgzcZ2mI_6Dy_x-oPsV4AaABAg",
            "reply_content": "\u6709\u9322"
        },
        {
            "reply_id": "UgwJJAiosSCdqRkhh554AaABAg",
            "reply_content": "\u767e\u5bb6\u4e50\u7b97\u6cd5\u6559\u5b66  \u770b\u9996\u9875\u5e26\u4f60\u4e0a\u6848"
        },
        {
            "reply_id": "UgyYLfZ0i5R7OORdpsF4AaABAg",
            "reply_content": "\u4e00\u4e2a\u9a6c\u6765\u897f\u4e9a\u7684\u89c2\u4f17\uff0c\u652f\u6301\u4f60\n\u53cd\u8d4c\u53cd\u8bc8"
        },
        {
            "reply_id": "UgzvdWzFgh-e4UVbeIt4AaABAg",
            "reply_content": "\u5e73\u6642\u838a\u5bb6\u8d0f\u6211\u5011\u7684\u6a5f\u7387\u662f\u76f8\u53cd\u904e\u4f86\u7684\ud83d\ude22"
        },
        {
            "reply_id": "UgzFuAx0Ut-ToARfj5h4AaABAg",
            "reply_content": "\u8272\u789f\u9019\u500b\u904a\u6232\u597d\u50cf\u4e5f\u53ef\u4ee5\u7528\u6578\u5b78\u516c\u5f0f\u7834\u89e3  \u4f60\u8981\u62cd\u4e00\u90e8\u55ce"
        },
        {
            "reply_id": "UgwRg9ke9mzpvDH69eV4AaABAg",
            "reply_content": "\u6c5f\u5357\u5e73\u53f0\u62db\u4ee3\u7406\u9876\u7ea7\u6276\u6301 \u7b80\u4ecb"
        },
        {
            "reply_id": "UgxZprhaADTccJMtLTp4AaABAg",
            "reply_content": "\u8a87\u5f35\u5ba3\u50b3"
        },
        {
            "reply_id": "UgwPYYrS4e3CGCI2FhR4AaABAg",
            "reply_content": "\u8fc7\u6765\u628a\u5927\u897f\u6d0b\u57ce\u7684\u8d4c\u573a\u5e72\u6389\uff01\u56e0\u4e3a\u4ed6\u4eec\u8d0f\u904e\u6211\u7684\u94b1\ud83e\udd15"
        },
        {
            "reply_id": "UgyUNp3_VyypV5SuH794AaABAg",
            "reply_content": "\u5269\u4e0b\u5e7e\u5fa9\u724c\u8981\u600e\u9ebc\u770b\uff1f"
        }
    ]
}