{
    "video_info": {
        "id": "ehB9m_7N8ds",
        "channelTitle": "\u597d\u68d2Bump",
        "title": "\u5168\u90e8\u6e05\u53f0\uff01\u9019\u7a2e\u593eiPhone \u7684\u5a03\u5a03\u6a5f\u2026 \u5230\u5e95\u662f\u4e0d\u662f\u9a19\u4eba\u7684\uff1f\uff01\u3010\u597d\u68d2Bump\u3011",
        "description": "\u5168\u53f0\u5404\u5730\u6709\u8a31\u591a\u9019\u7a2e\u593eiPhone\u7684\u5a03\u5a03\u6a5f\uff0c\u4f46\u662f\u9019\u7a2e\u6a5f\u53f0\u5230\u5e95\u771f\u7684\u6709iPhone\u55ce\uff1f\u6211\u4eca\u5929\u4f86\u6e05\u53f0\u7d66\u5927\u5bb6\u770b\uff01\n\n#\u6e05\u53f0\u5a03\u5a03\u6a5f #\u53f2\u4e0a\u6700\u8cb4\u6e05\u5fc3 #\u4f50\u52a9\u56de\u982d\u662f\u5cb8\u54ea\n\n\u6210\u70ba\u9019\u500b\u983b\u9053\u7684\u6703\u54e1\u4e26\u7372\u5f97\u734e\u52f5\uff1a\nhttps://www.youtube.com/channel/UC7XxnhjdYjiQJ3m80K_N_4g/join\n\n--------------------------------------------------------- \r\n\u4e0a\u4e00\u90e8\u5f71\u7247\u9019\u5c31\u662f\u6bba\u8c6c\u76e4\uff01\u4f60\u4ee5\u70ba\u7684\u6200\u60c5\u2026 \u537b\u53ea\u662f\u96c6\u5718\u8a2d\u5c406\u500b\u6708\u7684\u9a19\u9322\u624b\u6bb5\uff01\u3010\u597d\u68d2Bump\u3011\u3010\u8a50\u9a19\u89e3\u78bc\u3011https://youtu.be/MXg2uZuAmj8\n\r\n\r\n\u8001\u5b50\u7684IG\uff1ahttps://bit.ly/2JqmmIq\r\n\u8001\u5b50\u7684FB\uff1ahttps://bit.ly/2s3pwwb",
        "likeCount": "40033",
        "commentCount": "3122",
        "viewCount": "1931625"
    },
    "comments": [
        {
            "reply_id": "UgzpVRvugmSRLeK2N8V4AaABAg",
            "reply_content": "\u5076\u723e\u9084\u662f\u8981\u7d66\u5927\u5bb6\u770b\u4e00\u4e9b\u64ca\u5012\u8cc7\u672c\u4e3b\u7fa9\u9ad8\u7246\u7684\u6b61\u6a02\u7247\uff5e"
        },
        {
            "reply_id": "UgwF6l3Q6GgrlAmRYrZ4AaABAg",
            "reply_content": "\u5a03\u5a03\u6a5f\u5e97\u7684\u5783\u573e\u4f60\u6709\u6e05\u4e7e\u6de8\u55ce?"
        },
        {
            "reply_id": "Ugx-xixHC_kJ9G5K5jF4AaABAg",
            "reply_content": "\u6240\u4ee5\u73fe\u5728\u4ed6\u6539\u4e86\u55ce"
        },
        {
            "reply_id": "Ugzee_BEsyoPSxjtpsV4AaABAg",
            "reply_content": "\u672c\u4f86\u91d1\u984d\u592a\u9ad8\u7684\u7269\u54c1\u5f88\u53ef\u80fd\u5c31\u662f\u9a19\u4eba\u7684  \u4e0d\u7136\u64fa\u5a03\u5a03\u6a5f\u7684\u8981\u8cfa\u4ec0\u9ebc\n\u5c31\u7576\u593e\u500b\u5a03\u5a03\u958b\u5fc3\u4e00\u4e0b\u5c31\u597d\u4e86  \u9019\u9ebc\u8cb4\u7684\u6771\u897f\u6839\u672c\u4e0d\u5962\u671b\u53ef\u4ee5\u7372\u5f97  \u5929\u4e0b\u672c\u4f86\u5c31\u6c92\u6709\u767d\u5403\u7684\u5348\u9910"
        },
        {
            "reply_id": "UgxDkrZM9HgdXRhrEk94AaABAg",
            "reply_content": "\u5a03\u5a03\u6a5f\u5c31\u662f\u88ab\u4e00\u4e9b\u8001\u9f20\u5c4e\u5bb3\u5012\u7684"
        },
        {
            "reply_id": "UgzqhbNgmWVqMHViwul4AaABAg",
            "reply_content": "\u5f71\u7247\u731b\u5566\uff5e"
        },
        {
            "reply_id": "Ugy1SL1O3-J-gIptSzt4AaABAg",
            "reply_content": "\u6642\u9593\u904e\u5f88\u4e45\u4e86\u5594 \u8655\u7406\u4e00\u4e0b\u4e86\u5427"
        },
        {
            "reply_id": "UgzlesCbfJuPrGwKpcJ4AaABAg",
            "reply_content": "\u6240\u4ee5\u52d2\uff1f\u5f8c\u4f86\u9019\u500b\u4eba\u771f\u7684\u6709\u6539\u6b63\u55ce\uff1f"
        },
        {
            "reply_id": "UgyDyLKnVuT0EzTZiGN4AaABAg",
            "reply_content": "\u8acb\u554f\u9019\u90e8\u6709\u5f8c\u7e8c\u5f71\u7247\u55ce?  \u7b49\u597d\u4e45\u4e86 \u5e0c\u671b\u6709\u5f8c\u7e8c\u5f71\u7247,\u624d\u6709\u8fa6\u6cd5\u66c9\u5f97\u8001\u95c6\u771f\u7684\u6709\u6c92\u6709\u6539\u5584.......\u6211\u8ddf\u5bb6\u4eba\u90fd\u975e\u5e38\u671f\u5f85\u60a8\u66f4\u65b0\u9019\u90e8\u5f71\u7247"
        },
        {
            "reply_id": "Ugwc1WmWoI8aQkCXMqR4AaABAg",
            "reply_content": "\u5c4c \u597d\u4e45\u6c92\u770b\u5230\u9019\u6a23\u985e\u578b\u7684\u5f71\u7247"
        },
        {
            "reply_id": "UgxZ_0btNFsyAsKRqTF4AaABAg",
            "reply_content": "\u600e\u9ebc\u8df3\u51fa\u4f86"
        },
        {
            "reply_id": "Ugz7VnYqtbo2lixXRdp4AaABAg",
            "reply_content": "\u9019\u7a2e\u5f71\u7247\u771f\u7684\u662f\u5e0c\u671b\u66f4\u591a\u9019\u4e9b\u5c0f\u5c0f\u7684\u60e1\u771f\u7684\u662f\u592a\u591a\u4e86\ud83d\ude22"
        },
        {
            "reply_id": "UgyUgmsNmCJ-dRO80vN4AaABAg",
            "reply_content": "\u771f\u7684\u662f\u544a\u4f60\u662f\u5e94\u8be5\u7684\uff01\uff01"
        },
        {
            "reply_id": "UgzA1WEodKHixVK8wbd4AaABAg",
            "reply_content": "\u597d\u9ed1\u5fc3\u7684\u8001\u677f"
        },
        {
            "reply_id": "UgzaOC92KBGtn083CNF4AaABAg",
            "reply_content": "\u9019\u7a2e\u4eba\u6839\u672c\u4e0d\u6703\u6539,\u80fd\u9a19\u591a\u5c11\u662f\u591a\u5c11"
        },
        {
            "reply_id": "UgwJDC4AV0ewh8Mju754AaABAg",
            "reply_content": "\u7528\u4f50\u52a9\u505a\u6bd4\u55bb\u5f88\u597d\u5440\uff01"
        },
        {
            "reply_id": "UgyoxbIfOO92sJLsJBJ4AaABAg",
            "reply_content": "\u5927\u591a\u6578\u4eba\u90fd\u6709\u77ed\u8996\u8fd1\u5229\u7684\u8070\u660e\uff0c\u537b\u6c92\u6709\u6df1\u601d\u719f\u616e\u7684\u9060\u898b\u667a\u6167"
        },
        {
            "reply_id": "Ugza2rwWyv_ohHV3Q5Z4AaABAg",
            "reply_content": "\u5982\u679c\u5f71\u7247\u526a\u63a5\u904e \u8981\u5728\u6cd5\u5ead\u4e0a\u63d0\u4f9b\u5f71\u7247\u8b49\u64da\u4e5f\u5f88\u96e3 \u5e0c\u671b\u662f\u4e00\u93e1\u5230\u5e95 \u652f\u6301\u63d0\u544a~"
        },
        {
            "reply_id": "UgxdlcDEd2xz7zEDMgV4AaABAg",
            "reply_content": "\u771f\u7684\u662f\u8a0e\u62cd \u771f\u7684\u53ef\u6190\u600e\u9ebc\u4e0d\u53bb\u505a\u6293\u9f8d\u6309\u6469\u5e2b?"
        },
        {
            "reply_id": "UgwNer5aa9FnWdW1IrR4AaABAg",
            "reply_content": "\u5c31\u662f\u9a19\u4eba\u7684"
        }
    ]
}