{
    "video_info": {
        "id": "EongC9Lxk0E",
        "channelTitle": "\u597d\u68d2Bump",
        "title": "\u6211\u505a\u570b\u969b\u6551\u63f4\u537b\u88ab\u62b9\u9ed1\uff01\u600e\u6a23\uff1f\u4f60\u5916\u4ea4\u90e8\u662f\u6c92\u4eba\u7ba1\u4e86\u662f\u4e0d\u662f\uff1f\u3010\u597d\u68d2Bump\u3011",
        "description": "\u6211\u7121\u511f\u6551\u63f4\u90a3\u4e9b\u53d7\u56f0\u570b\u5916\u7684\u53f0\u7063\u4eba\uff0c\u73fe\u5728\u9047\u5230\u56f0\u5883\u60f3\u9673\u60c5\uff0c\u8b93\u66f4\u591a\u4eba\u77e5\u9053\uff0c\u8b93\u653f\u5e9c\u6539\u5584\uff0c\u7d50\u679c\u4f60\u537b\u62b9\u9ed1\u6211\uff1f\n\n#\u4e0d\u8981\u53ea\u6703\u62c9\u9078\u7968 #\u4f60\u8981\u6230\u6211\u5c31\u6230 #\u8acb\u6709\u95dc\u55ae\u4f4d\u51fa\u4f86\u89e3\u91cb\n--------------------------------------------------------- \n\u4e0a\u4e00\u90e8\u5f71\u7247 \u5728\u6211\u5c0f\u7684\u6642\u5019\uff0c\u5abd\u5abd\u62cb\u68c4\u4e86\u6211\uff0c\u800c\u4eca\u5929\u6211\u6b63\u5f0f\u539f\u8ad2\u4e86\u5979\u3002\u3010\u597d\u68d2Bump\u3011https://youtu.be/y5ki6Dvnhbk\n\n\u8001\u5b50\u7684IG\uff1ahttps://bit.ly/2JqmmIq\n\u8001\u5b50\u7684FB\uff1ahttps://bit.ly/2s3pwwb",
        "likeCount": "91127",
        "commentCount": "9473",
        "viewCount": "1971907"
    },
    "comments": [
        {
            "reply_id": "Ugy0HtFclUDnFDrAGh54AaABAg",
            "reply_content": "\u7e7c\u7e8c\u505a\u6b63\u4e8b\uff0c\u4e0b\u9031\u958b\u59cb\u8a50\u9a19\u89e3\u78bc\u56de\u6b78"
        },
        {
            "reply_id": "Ugyid1fybYUGXfN9TsF4AaABAg",
            "reply_content": "\u653f\u5e9c\u5c0d\u8a50\u9a19\u96c6\u5718\u5224\u5211\u5f88\u8f15\u53c8\u5bec\u9b06\uff0c\u7576\u7136\u90fd\u9a19\u7fd2\u6163\u4e86\u9a19\u9078\u6c11\u9a19\u9078\u7968\uff0c\u9a19\u9a19\u9a19\uff0c\u5982\u679c\u8a02\u7684\u592a\u56b4\u683c\uff0c\u53ef\u80fd\u4e0b\u6b21\u5c31\u662f\u4e0b\u4e00\u4f4d\u54af\uff0c\u8a50\u9a19\u96c6\u5718\u6a6b\u884c\u56c2\u5f35\u5fc3\u72e0\u624b\u65b7\uff0c\u4e0b18\u5c64\u5730\u7344\u6c38\u4e0d\u8d85\u751f\u8f2a\u8ff4\u8b8a\u6606\u87f2\u56e0\u679c\u5831\u61c9"
        },
        {
            "reply_id": "UgzrkURibkIN7y2eljJ4AaABAg",
            "reply_content": "\u524d\u5e7e\u5929\u6211\u5011\u5916\u4ea4\u90e8\u9577\u88ab\u8cea\u8a62\u8aaa\u7121\u80fd\u5f8c\u7206\u6c23\uff0c\u60f3\u5230\u9019\u90e8\u6240\u4ee5\u53c8\u56de\u4f86\u770b\u4e86\u3002"
        },
        {
            "reply_id": "Ugx39qCesD14AZH4YpF4AaABAg",
            "reply_content": "\u597d\u9ed1\u7684\u653f\u5e9c\u5b98\uff0c\u904e\u4efd"
        },
        {
            "reply_id": "Ugxo0dHfBPRGqPg78zZ4AaABAg",
            "reply_content": "\u7a81\u7136\u89c9\u5f97\u4ee5\u540e\u8fd9\u79cd\u4e8b\u4e0d\u8981\u8bf4\u88ab\u6263\u62bc\uff0c\u76f4\u63a5\u62a5\u9057\u5931\u66f4\u597d"
        },
        {
            "reply_id": "UgwxzenPY3qzNMtOx9Z4AaABAg",
            "reply_content": "\u53f0\u7063\u5a92\u9ad4\u9664\u4e86\u4e82\u8b1b\u8a71\u9084\u6703\u505a\u4ec0\u9ebc\uff0c\u6bcf\u7576\u51fa\u4e8b\u4e86\u5c31\u53ea\u60f3\u8981\u81ea\u5df1\u5b89\u5168\u4e0b\u838a\uff0c\u90fd\u7528\u9078\u8209\u7576\u85c9\u53e3\uff0c\u53f0\u7063\u4eba\u666e\u904d\u6c92\u6709\u5a92\u9ad4\u8b58\u8b80\u80fd\u529b\uff0c\u88ab\u65b0\u805e\u5a92\u9ad4\u55ae\u65b9\u9762\u552c\u5f04\u904e\u53bb\u4e5f\u4e0d\u6703\u4e3b\u52d5\u6c42\u8b49"
        },
        {
            "reply_id": "UgwvdFuQKKb1sa3Yptd4AaABAg",
            "reply_content": "\u6240\u4ee5\u90a3\u500b\u99ac\u79d8\u66f8\u5230\u5e95\u662f\u600e\u6a23"
        },
        {
            "reply_id": "Ugzf_ydEKJFYtva2y9t4AaABAg",
            "reply_content": "\u5916\u4ea4\u90e8\u7684\u5b98\u54e1\u4e5f\u662f\u7b28\uff0c\u53ea\u662f\u9867\u53ca\u81ea\u5df1\u7684\u5229\u76ca\ud83d\ude02\ud83d\ude02\ud83d\ude02"
        },
        {
            "reply_id": "Ugz4c8toRl73Yf8Wo554AaABAg",
            "reply_content": "\u4e0d\u7528\u8ddf\u7121\u505a\u70ba\u7684\u653f\u5e9c\u751f\u6c23\uff0c\u6c23\u6b7b\u9a57\u7121\u50b7\u7684"
        },
        {
            "reply_id": "UgzUXO4phHBLRWFyVnN4AaABAg",
            "reply_content": "\u4e0d\u7576\u5065\u5fd8\u7684\u53f0\u7063\u4eba\n\u4e00\u5e74\u4e86 \u53c8\u56de\u4f86\u770b\u9019\u500b\u5f71\u7247"
        },
        {
            "reply_id": "UgzOAzO417KTWTLiqXB4AaABAg",
            "reply_content": "\u53ea\u8981\u662f\u5c0d\u653f\u5e9c\u6a5f\u95dc\u5f62\u8c61\u7684\u6253\u64ca\u4ed6\u5011\u7d55\u5c0d\u4e0d\u6703\u627f\u8a8d\u554a\uff1f"
        },
        {
            "reply_id": "UgwdPnq4wyJYkoXggHJ4AaABAg",
            "reply_content": "\u770b\u5b8c\u932b\u862d\u5f71\u7247\u5f8c\u770b\u5230\u9019\u90e8 \u771f\u662f\u683c\u5916\u8af7\u523a\u554a"
        },
        {
            "reply_id": "UgwA-PpK_s7bd8A5PUV4AaABAg",
            "reply_content": "\u56e0\u70ba\u653f\u5ba2\u7121\u80fd\u8349\u83c5\u4eba\u547d,\u70ba\u4e86\u906e\u919c\u6240\u4ee5\u624d\u7528\u9019\u7a2e\u4e0b\u4e09\u6feb\u624b\u6bb5\u62b9\u9ed1\u505a\u4e8b\u7684\u4eba..."
        },
        {
            "reply_id": "UgxQPZJVh9VQA0nIUlF4AaABAg",
            "reply_content": "\u53f0\u7063\u653f\u5e9c\u662f\u4e0d\u662f\u8b8a\u76f8\u5728\u633a\u8a50\u9a19\u963f \u4ee4\u4eba\u4e0d\u723d"
        },
        {
            "reply_id": "UgxEVebHpkOhZAOMiPp4AaABAg",
            "reply_content": "\u5916\u4ea4\u90e8\u4eba\u54e1\u4e0d\u5c11\u90fd\u662f\u653f\u6cbb\u916c\u5eb8\u7684 \u4e0d\u6703\u5e6b\u4f60\u8655\u7406\u4efb\u4f55\u4e8b"
        },
        {
            "reply_id": "UgzmyxdYB0WzmUyPn1t4AaABAg",
            "reply_content": "\u68d2\u68d2\uff0c\u5e6b\u5e6b\u5fd9"
        },
        {
            "reply_id": "Ugy_5_UUpNvHa1Em2-J4AaABAg",
            "reply_content": "\u5916\u4ea4\u90e8 \u771f\u7684\u9069\u5408\u68d2\u4f60\u4f86\u505a"
        },
        {
            "reply_id": "UgwLPHTfD0FGLYMWc1F4AaABAg",
            "reply_content": "\u653f\u5e9c\u6311\u91c1"
        },
        {
            "reply_id": "Ugx3g8t1OGHZrLb3O_F4AaABAg",
            "reply_content": "\u5916\u4ea4\u90e8\u8fd9\u4e48\u8bf4\u8bdd\u8138\u76ae\u8fd9\u4e48\u539a\u554a\uff1f"
        },
        {
            "reply_id": "UgyOZRD6sgPGRmZJzup4AaABAg",
            "reply_content": "\u5916\u4ea4\u90e8\u7684\u4eba\u53bb\u6b7b\u4e00\u6b7b\u9019\u570b\u5bb6\u4e5f\u4e0d\u6703\u8d8a\u8b8a\u8d8a\u7cdf\u5566"
        }
    ]
}