{
    "video_info": {
        "id": "epGDq7PkEEY",
        "channelTitle": "\u597d\u68d2Bump",
        "title": "\u7576\u4f60\u904e\u5e74\u73a9\u522e\u522e\u6a02\u6642\u7684\u934a\u91d1\u8853\uff01\u3010\u597d\u68d2Bump\u3011",
        "description": "\u767c\u8ca1\u5c31\u9760\u9019\u4e00\u6ce2\u4e86\u5566\uff01\n\n#\u53cd\u6307\u6a19\u934a\u91d1 #\u6700\u8870\u7684\u670b\u53cb #\u4e2d\u734e\u7387\u63d0\u9ad8\u7684\u79d8\u8a23\n\n\u6210\u70ba\u9019\u500b\u983b\u9053\u7684\u6703\u54e1\u4e26\u7372\u5f97\u734e\u52f5\uff1a\nhttps://www.youtube.com/channel/UC7XxnhjdYjiQJ3m80K_N_4g/join\n\n--------------------------------------------------------- \r\n\u4e0a\u4e00\u90e8\u5f71\u7247 \u6211\u6539\u88dd\u4e00\u53f0\u5929\u7afa\u9f20\u8eca\u8eca\uff01\u8ce3\u6389\u73fe\u65368\u842c\uff01\u3010\u597d\u68d2Bump\u3011https://youtu.be/Qbqd73Mkm8o\n\n\u8001\u5b50\u7684IG\uff1ahttps://bit.ly/2JqmmIq\r\n\u8001\u5b50\u7684FB\uff1ahttps://bit.ly/2s3pwwb",
        "likeCount": "11162",
        "commentCount": "618",
        "viewCount": "914390"
    },
    "comments": [
        {
            "reply_id": "UgzA9w1ocOz0U_ldpol4AaABAg",
            "reply_content": "\u6211\u662f\u7f6e\u9802\u4ed4"
        },
        {
            "reply_id": "UgzwS9HdS3xvzZSctGB4AaABAg",
            "reply_content": "\u6211\u4e5f\u662f\u7f6e\u9802\u4ed4\u5e95\u4e0b\u7684\u56de\u8986\u4ed4"
        },
        {
            "reply_id": "UgyoDS4tazYwkzDZxeN4AaABAg",
            "reply_content": "\u5e25\u5440\u6211"
        },
        {
            "reply_id": "UgwJCY2qshyIHqdMScx4AaABAg",
            "reply_content": "\u771f\u7684\u5f88\u597d\u7b11"
        },
        {
            "reply_id": "Ugx9lLoZ4U0dB3utYMN4AaABAg",
            "reply_content": "\u6211\u8cb7\u522e\u522e\u6a02\u90fd\u8cb7\u5169\u5f35\u7136\u5f8c\u6211\u90fd\u8b93\u5f1f\u5f1f\u5148\u9078\u6211\u5728\u522e\u5269\u7684\u90a3\u5f35\u7136\u5f8c\u6211\u90fd\u6703\u4e2d:)"
        },
        {
            "reply_id": "UgztEHn6VjiKiFPf6yx4AaABAg",
            "reply_content": "\u6f14\u7b97\u6cd5\u5e36\u6211\u4f86\u4e86"
        },
        {
            "reply_id": "UgzSoS7FUm4SWBZPhOx4AaABAg",
            "reply_content": "\u5deb\u6a3e\u592a\u6158\u4e86\u5427"
        },
        {
            "reply_id": "UgwH_A10A73WpbFiq4l4AaABAg",
            "reply_content": "\u5e97\u54e1\u597d\u7f8e"
        },
        {
            "reply_id": "UgyeeQutKjyTg2PgpX54AaABAg",
            "reply_content": "\u4e0b\u6b21\u8acb\u7248\u4e3b\u516c\u5e03\u81ea\u5df1\u7684\u5927\u6a02\u900f\u865f\u78bc\u5427\uff0c\u6211\u6311\u4f60\u5269\u4e0b\u7684\uff0c\u5c31\u53ef\u4ee5\u4e2d\u982d\u734e"
        },
        {
            "reply_id": "Ugwhh-QcEf52LaLZJHN4AaABAg",
            "reply_content": "\u90a3\u4e2a\u5347\u9f99\u62f3\u6211\u770b\u51e0\u6b21\u7b11\u51e0\u6b21\u54c8\u54c8\u54c8\u54c8"
        },
        {
            "reply_id": "Ugye4A5nydCpmFSJ5xl4AaABAg",
            "reply_content": "\u4f60\u8981\u4ec0\u9ebc\u5927\u54e5"
        },
        {
            "reply_id": "UgzEJ3QzTjB6eTMQge54AaABAg",
            "reply_content": "\u7d19\u888b\u4eba\u4e0d\u662f\u5f37\u8005\u52df\u96c6\u5091\u54e5\u55ce"
        },
        {
            "reply_id": "Ugxi0Ro5ccx8mG_2nRF4AaABAg",
            "reply_content": "\u6211\u4e4b\u524d\u82b1\u4e94\u767e\u8cb7\u7d50\u679c\u8cfa\u56de\u4f86\u5167"
        },
        {
            "reply_id": "UgxBquCixtbRebWj6WN4AaABAg",
            "reply_content": "\u6f14\u7b97\u6cd5\u5e36\u6211\u4f86\u8457"
        },
        {
            "reply_id": "UgwSjHT0vvUPPTdGZNd4AaABAg",
            "reply_content": "\u5e97\u54e1\u597d\u7f8e\u5594 \u61c9\u8a72\u7269\u8d85\u6240\u503c\u4e86"
        },
        {
            "reply_id": "UgyDIw8NESx69AnNhI54AaABAg",
            "reply_content": "\u5e97\u54e1\u5f88\u6b63\ud83e\udd23"
        },
        {
            "reply_id": "Ugwt_2GJ4YETzW34s494AaABAg",
            "reply_content": "\u5176\u5b9e\u6211\u8eab\u4e3a\u4e00\u4e2a\u6765\u81ea\u5927\u9646\u751f\u6d3b\u5728\u6b27\u6d32\u7684\u4eba\u633a\u597d\u5947\u7684\n\u53f0\u6e7e\u4eba\u51fa\u95e8\u90fd\u548cbump\u4e00\u6837\u5305\u5305\u91cc\u85cf\u8fd9\u4e48\u591a\u73b0\u91d1\u5417\uff1f \n\u8fd8\u662f\u56e0\u4e3abump\u771f\u7684\u5f88\u5b9d\u8d1d\u8fd9\u4e9b\u949e\u7968\u6240\u4ee5\u8981\u63e3\u5728\u6000\u91cc\uff1f\n\u6211\u5370\u8c61\u91cc\u53ea\u6709\u8001\u5927\u7237\u8001\u5976\u5976\u51fa\u95e8\u624d\u4f1a\u5305\u8fd9\u4e48\u591a\u73b0\u91d1\u63e3\u5728\u6000\u91cc\u7684"
        },
        {
            "reply_id": "UgwPSnKCSGiXO5k11Lx4AaABAg",
            "reply_content": "\u90a3\u8077\u696d\u821e\u8005\u771f\u7684\u6158"
        },
        {
            "reply_id": "Ugzmz8Cotg_BhllulXx4AaABAg",
            "reply_content": "\u522e\u522e\u6a02\u96a8\u4fbf\u90fd\u80fd\u7a2e\u516b"
        },
        {
            "reply_id": "UgxxUIVpFbOvb6GwQgV4AaABAg",
            "reply_content": "\u9019\u662f\u5728\u5b89\u5eb7"
        }
    ]
}