{
    "video_info": {
        "id": "ex6ksouYDlo",
        "channelTitle": "\u597d\u68d2Bump",
        "title": "\u6211\u7684\u8c93\u8d70\u4e1f\u4e86\uff01\u5728\u82b1\u5712\u8a2d\u7f6e\u6355\u6293\u9677\u9631\uff01\u7adf\u6293\u5230\u4e00\u5806\u5947\u602a\u751f\u7269\uff01\u3010\u597d\u68d2Bump\u3011",
        "description": "\u653e\u6355\u7378\u9677\u9631\u5728\u6211\u5bb6\u82b1\u5712\uff0c\u6c92\u60f3\u5230\u6703\u6293\u5230\u9019\u4e9b\u5947\u73cd\u7570\u7378...\n\n#\u611b\u8c93\u8d70\u5931 #\u5947\u73cd\u7570\u7378 #\u600e\u9ebc\u6703\u662f\u4f60\n\n\u6210\u70ba\u9019\u500b\u983b\u9053\u7684\u6703\u54e1\u4e26\u7372\u5f97\u734e\u52f5\uff1a\nhttps://www.youtube.com/channel/UC7XxnhjdYjiQJ3m80K_N_4g/join\n\n--------------------------------------------------------- \r\n\u4e0a\u4e00\u90e8\u5f71\u7247 \u6211\u7684\u67f4\u72ac\u7a81\u7136\u91cd\u75c5\uff01\u624b\u8853\u5f15\u767c\u6557\u8840\u75c7\uff01\u82b140\u842c\u6436\u6551\uff01\u3010\u597d\u68d2Bump\u3011https://youtu.be/-o3npv7UE6s\n\r\n\u8001\u5b50\u7684IG\uff1ahttps://bit.ly/2JqmmIq\r\n\u8001\u5b50\u7684FB\uff1ahttps://bit.ly/2s3pwwb",
        "likeCount": "18173",
        "commentCount": "942",
        "viewCount": "1152416"
    },
    "comments": [
        {
            "reply_id": "UgzNyVyU2Kc8oBYoPAB4AaABAg",
            "reply_content": "\u6c92\u60f3\u5230\u6211\u5bb6\u82b1\u5712\u6709\u9019\u9ebc\u591a\u5947\u73cd\u7570\u7378..."
        },
        {
            "reply_id": "UgyLBzA3LZUKC_dq7uR4AaABAg",
            "reply_content": "\u526a\u5200\u5927\u6cd5\u771f\u7684\u6709\u7528 \u6211\u5bb6\u8c93\u771f\u7684\u56de\u4f86\u4e86"
        },
        {
            "reply_id": "Ugz7qR8sJ8yDMXQuj3V4AaABAg",
            "reply_content": "\u4e00\u76f4\u5728\u82b1\u5712\u88e1\u558a\u8df3\u86cb\u7b11\u6b7b"
        },
        {
            "reply_id": "UgzBU-Ue-0gf9vQXa3Z4AaABAg",
            "reply_content": "\u679c\u5b50\u72f8\u53ef\u4ee5\u990a\u55ce\uff1f"
        },
        {
            "reply_id": "UgzT5lDh88dEoU1oJ8V4AaABAg",
            "reply_content": "\u53ef\u611b\u7684\u8c93\u54aa"
        },
        {
            "reply_id": "Ugy3x3MrLzxbLOOGxAV4AaABAg",
            "reply_content": "\u7b2c\u4e8c\u6b21\u5982\u679c\u53c8\u662f\u90a3\u96bb\u679c\u5b50\u72f8\u6211\u6703\u7b11\u760b"
        },
        {
            "reply_id": "Ugz2khS1_ovgY6Hpp3F4AaABAg",
            "reply_content": "\u770b\u5230\u767d\u9f3b\u5fc3\u76f4\u63a5\u7b11\u6b7b"
        },
        {
            "reply_id": "Ugw66ptSvH9TANRCG2R4AaABAg",
            "reply_content": "\u53eb\u6d88\u9632\u968a\u554a"
        },
        {
            "reply_id": "UgzZ-Ofl-pue-ruQ5dZ4AaABAg",
            "reply_content": "\u679c\u5b50\u9ece\u6253\u958b\u6642\u5019\u7684\u8868\u60c5\u4e5f\u592a\u53ef\u611b\u4e86\u5427\uff0c\u597d\u7121\u8f9c\uff0c\u597d\u597d\u7b11"
        },
        {
            "reply_id": "UgwBZPexwkwrFcGx6aR4AaABAg",
            "reply_content": "\u767d\u9f3b\u5fc3:\u9019\u4eba\u8ab0"
        },
        {
            "reply_id": "UgyXD0MukX7mWcamLA94AaABAg",
            "reply_content": "\u90a3\u53e6\u4e00\u652f\u8c93\u7b49\u4f60\u7167\u9867\ud83d\ude02"
        },
        {
            "reply_id": "Ugx8RlSIfuatdToNLdZ4AaABAg",
            "reply_content": "\u600e\u9ebc\u78ba\u5b9a\u9019\u96bb\u5c31\u662f\u808f\u86cb\u963f"
        },
        {
            "reply_id": "UgzH--0p9Hqymw06ns14AaABAg",
            "reply_content": "\u72f8\u8c93\u63db\u592a\u5b50\u597d\u597d\u7b11"
        },
        {
            "reply_id": "Ugx_JFqCNP7piqrBfdV4AaABAg",
            "reply_content": "\u6700\u5f8c\u90a3\u500b\u6293\u5230\u4ec0\u9ebc"
        },
        {
            "reply_id": "Ugx28Bw2Gg3t9Zx69Kp4AaABAg",
            "reply_content": "\u4e0d\u77e5\u540d\u7269\uff1a\u539f\u4f86\u6211\u662f\u8c93"
        },
        {
            "reply_id": "UgzRymcYui_gsTTQTdt4AaABAg",
            "reply_content": "\u5bb6\u592a\u5927\u7684\u554f\u984c\u55ce\ud83e\udd23"
        },
        {
            "reply_id": "UgzM35LU4vXnJc34_3d4AaABAg",
            "reply_content": "\u56e0\u70ba\u679c\u5b50\u8c8d\u6211\u91cd\u5237\u4e03\u904d\u4e86\ud83e\udee0\ud83e\udd23"
        },
        {
            "reply_id": "UgzR7_yglTqLep-qiLN4AaABAg",
            "reply_content": "\u9177\u5409\u7da0\u773c\u775b\u597d\u5e25"
        },
        {
            "reply_id": "UgyG22Yb-eiz3u0XaYN4AaABAg",
            "reply_content": "\u6211\u4e00\u76f4\u628a\u808f\u86cb\u807d\u6210\u7092\u86cb"
        },
        {
            "reply_id": "Ugyx46bNe6Yvinieu-x4AaABAg",
            "reply_content": "\u4f60\u7684\u8c93\u6709\u6c92\u6709\u7d55\u80b2\uff1f\u6709\u7d55\u80b2\u7684\u8c93\u5927\u591a\u90fd\u4e0d\u6562\u8dd1\u5c31\u51fa\u9580\u7684\u3002"
        }
    ]
}