{
    "video_info": {
        "id": "g3d3JKvDHgA",
        "channelTitle": "\u597d\u68d2Bump",
        "title": "\u6211\u7834\u89e3\u4e86\u591c\u5e02\u5f48\u73e0\u53f0\uff01\u53ea\u82b1100\u5143\u5c31\u6253\u51fa4\u842c\u584a\u7684\u5a03\u5a03\uff01\u3010\u597d\u68d2Bump\u3011",
        "description": "\u9019\u4e00\u6b21\u6211\u5e36\u8457\u5713\u5713\u53bb\u591c\u5e02\u6253\u5f48\u73e0\uff0c\u6559\u4ed6\u600e\u9ebc\u8d0f\u81ea\u5df1\u60f3\u8981\u7684\u73a9\u5177\n\n#\u7834\u89e3\u5f48\u73e0\u53f0 #\u6253\u6557\u8cc7\u672c\u4e3b\u7fa9 #\u99ac\u6876\u5835\u4f4f\u4e86\n--------------------------------------------------------- \r\n\u4e0a\u4e00\u90e8\u5f71\u7247 \u7adf\u6709\u8ced\u5834\u958b\u4f86\u8b93\u73a9\u5bb6\u8d0f\u9322\uff1f\u6211\u628a\u904e\u5e74\u7d05\u5305\u5168\u58d3\u62fc\u4e00\u628a\uff01\u3010\u597d\u68d2Bump\u3011https://youtu.be/cGA2_pB0MCI\r\n\r\n\u8001\u5b50\u7684IG\uff1ahttps://bit.ly/2JqmmIq\r\n\u8001\u5b50\u7684FB\uff1ahttps://bit.ly/2s3pwwb",
        "likeCount": "25763",
        "commentCount": "1669",
        "viewCount": "1560545"
    },
    "comments": [
        {
            "reply_id": "UgzukUlFXyuYDZu4U6t4AaABAg",
            "reply_content": "\u7528\u9019\u652f\u7247\u966a\u5927\u5bb6\u6e21\u904e\u9023\u5047\u4e86\ud83d\ude09\n\n\u5927\u5bb6\u6709\u7a7a\u4e5f\u53ef\u4ee5\u53bb\u591c\u5e02\u73a9\u770b\u770b\uff0c\u9019\u62db\u4e00\u5b9a\u80fd\u6253\u51fa\u4e0d\u5c11\u734e\u54c1\u3002"
        },
        {
            "reply_id": "UgzmCw7wutlf_O_61rd4AaABAg",
            "reply_content": "\u76f4\u63a5\u7528\u8cb7\u7684\u90fd\u4e0d\u7528\u90a3\u9ebc\u8cb4 \u6240\u4ee5\u73fe\u5728\u6839\u672c\u4e0d\u53bb\u6253\u5f48\u73e0\u53f0"
        },
        {
            "reply_id": "UgyamRHX-UHIUqnGk054AaABAg",
            "reply_content": "\u53ef\u4ee5\u8b1b\u904b\u5f69\u55ce"
        },
        {
            "reply_id": "UgyQcY2V5O6XIZS3evV4AaABAg",
            "reply_content": "\u554f\u984c\u4f60\u5011\u82b1\u591a\u5c11\u6210\u672c\uff1f"
        },
        {
            "reply_id": "UgwsS3no_9aX7plFWcp4AaABAg",
            "reply_content": "\u9019\u9ad8\u7246\u61c9\u8a72\u5c31\u662f\u78c1\u9435 \u54c8\u54c8\u54c8"
        },
        {
            "reply_id": "UgyX_1bAfnulf0P5Vc14AaABAg",
            "reply_content": "\u9019\u7fa4\u5e74\u8f15\u4eba\u760b\u4e86"
        },
        {
            "reply_id": "UgwuQCNw2qzLu7ZxDjJ4AaABAg",
            "reply_content": "\u662f\u82b14\u842c\u6253\u5230\u4e00\u96bb\u5a03\u5a03/\u516c\u773e\u4eba\u7269\u9a19\u4eba\u662f\u4e0d\u597d\u7684"
        },
        {
            "reply_id": "UgxImpgBT5a2wyzVHyZ4AaABAg",
            "reply_content": "\u90a3\u6e6f\u59c6\u718a \u7d2f\u7a4d\u5f69\u7968\u63db\u7269\u54c1 \u7b97\u8ced\u55ce\n\u88e1\u9762\u6709\u63a8\u91d1\u5e63 \u985e\u4f3c\u5f48\u73e0 \u6295\u5e63\u6295\u5230\u591a\u5c11\u5f69\u7968 \u9019\u6a23\u7684"
        },
        {
            "reply_id": "Ugz_39B_qbFXwOOe3gV4AaABAg",
            "reply_content": "\u6bcf\u6b21\u90fd\u5f88\u7fa8\u6155\u591c\u5e02\u7684\u5f48\u73e0\u53f0\uff0c\u56e0\u70ba\u76f8\u5c0d\u4f86\u8aaa\u662f\u597d\u8cfa\u53c8\u4e0d\u9700\u52de\u529b\u8ddf\u9ad8\u984d\u539f\u7269\u6599\u6210\u672c\u7684\u71df\u696d\u9805\u76ee\uff0c\u53ef\u662f\u60f3\u904e\u5be9\u6838\u662f\u5f88\u96e3\u7684\uff0c\u800c\u4e14\u4e00\u9593\u591c\u5e02\u4e5f\u4e0d\u53ef\u80fd\u6703\u63a5\u53d7\u4e00\u5806\u4eba\u90fd\u8b93\u4f60\u64fa\u5f48\u73e0\u53f0\uff0c\u7e3d\u4e4b\u4eba\u8108\u8981\u5920\u786c\u624d\u6709\u6a5f\u6703"
        },
        {
            "reply_id": "UgyouLZaoXgLiA6X-mR4AaABAg",
            "reply_content": "\u6425\u5012\u8cc7\u672c\u4e3b\u7fa9\u7684\u9ad8\u7246!\n\u8b1d\u8b1dBump\u8b93\u6211\u5011\u770b\u5230\u8cc7\u672c\u4e3b\u7fa9\u5546\u4eba\u505a\u838a\u7684\u6a21\u6a23"
        },
        {
            "reply_id": "Ugy7pTq4dqu16zHIlvl4AaABAg",
            "reply_content": "#\u6253\u5012\u8cc7\u672c\u4e3b\u7fa9\u5f9e\u4f60\u6211\u505a\u8d77"
        },
        {
            "reply_id": "UgwRZEVEhvuNLC0i1-p4AaABAg",
            "reply_content": "\u5e79"
        },
        {
            "reply_id": "Ugx30RSsl0-nu7Z_o9R4AaABAg",
            "reply_content": "\u5c0f\u59ea\u5b50\u5f9e\u982d\u5230\u5c3e\u90fd\u5728\u7b11 \u597d\u53ef\u611b\u5594\ud83d\ude0d"
        },
        {
            "reply_id": "UgzKJu9_wYdxiijOK-J4AaABAg",
            "reply_content": "\u6559\u58de\u5c0f\u5b69"
        },
        {
            "reply_id": "UgyHgtuRJFDrsGr55Y54AaABAg",
            "reply_content": "\u6211\u9084\u8a18\u5f97\u6211\u4e4b\u524d\u5728\u7da0\u8272\u96a7\u9053 \u96a8\u4fbf\u627e\u500b\u92fc\u73e0\u53f0\u73a9\n\u5c31\u525b\u597d\u9047\u5230\u9019\u7a2e\u7684 \u6211\u53ea\u80fd\u8aaa\u6211\u8d85\u5e78\u904b\u7684\n\u4f46! \u540c\u6642\u4ed6\u662f\u4e0d\u80fd\u63db\u734e\u54c1\u7684...(\u7576\u6642\u5225\u8aaa\u5a03\u5a03 \u9023\u500b\u73a9\u5177 \u6c92\u6709\u64fa\u4e0a\u53bb)\n\u4f60\u5011\u8aaa\u6211\u9019\u6a23\u6b72\u662f\u5e78\u904b \u9084\u662f\u5012\u6963:(("
        },
        {
            "reply_id": "Ugz0Ghu_kV59TDoi7e94AaABAg",
            "reply_content": "\u53bb\u66f8\u5c40\u8cb7\u500b\u5f37\u529b\u78c1\u9435 \u7136\u5f8c\u22ef\u6211\u5922\u5230\u7684"
        },
        {
            "reply_id": "UgzFub9Rp16_KtniFfJ4AaABAg",
            "reply_content": "\u6211\u60f3\u770b\u7834\u89e3\u671f\u8ca8"
        },
        {
            "reply_id": "UgyLaKvkK7xoz6xdSgN4AaABAg",
            "reply_content": "\u6b38\u5176\u5be6 \u529b\u5ea6\u4e5f\u6709\u554f\u984c"
        },
        {
            "reply_id": "UgxNDEjZqOHYvNYj3qh4AaABAg",
            "reply_content": "\u8bf6\u4f60\u5e72\u561b\ud83d\ude0a"
        },
        {
            "reply_id": "Ugz0kwak_IRpNZXFR1N4AaABAg",
            "reply_content": "\u53ea\u89ba\u5f97\u4f60\u597d\u5e25 \u54c8\u54c8\u54c8\u54c8\u54c8\u54c8\u3002"
        }
    ]
}