{
    "video_info": {
        "id": "gKfy3YdjRxc",
        "channelTitle": "\u597d\u68d2Bump",
        "title": "\u5f71\u7247\u8d8a\u51fa\u8d8a\u6162\uff1f\u662f\u5426\u4e0d\u62cd\u7247\u4e86\uff1f\u8b1d\u8b1d\u5927\u5bb6\u652f\u6301\u6211\u5230\u73fe\u5728\uff01\u3010\u597d\u68d2Bump\u3011",
        "description": "\u8b1d\u8b1d\u5927\u5bb6\u7684\u652f\u6301\uff0c\n\u63a5\u4e0b\u4f86\u4e0d\u6703\u8b93\u4f60\u5011\u5931\u671b\u7684\u3002\n\n#\u4e0d\u505aYT\u4e86\u55ce# #\u63a5\u4e0b\u4f86\u7684\u8a08\u756b #\u8b1d\u8b1d\u5927\u5bb6\u652f\u6301\n--------------------------------------------------------- \r\n\u4e0a\u4e00\u90e8\u5f71\u7247 \u51b7\u8840\u7121\u60c5\u6642\u7684\u934a\u91d1\u8853\uff01\u628a\u54e1\u5de5\u9ad8\u50f9\u8ce3\u6389\uff01\u3010\u597d\u68d2Bump\u3011https://youtu.be/lEWMMMhzBOQ\r\n\r\n\u8001\u5b50\u7684IG\uff1ahttps://bit.ly/2JqmmIq\r\n\u8001\u5b50\u7684FB\uff1ahttps://bit.ly/2s3pwwb",
        "likeCount": "15915",
        "commentCount": "980",
        "viewCount": "500070"
    },
    "comments": [
        {
            "reply_id": "UgyPfDp2fLwmuqE51Ox4AaABAg",
            "reply_content": "\u8b1d\u8b1d\u5927\u5bb6\u4e00\u76f4\u4ee5\u4f86\u7684\u652f\u6301\ud83d\ude09"
        },
        {
            "reply_id": "UgwCRvmqcAPnsYR-iK14AaABAg",
            "reply_content": "\u6211\u53ea\u60f3\u8aaa\u4f60\u7684\u4f5c\u6cd5\u8d85\u5c4c\u7684\uff01"
        },
        {
            "reply_id": "UgypQbQgqqpokO14RBh4AaABAg",
            "reply_content": "\u8e22\u7206\u4e00\u5b9a\u662f\u771f\u7684\u3002\u8ce3\u6389\u6211\u4e0d\u78ba\u5b9a"
        },
        {
            "reply_id": "UgxAn6VpDjf4mQ7HJct4AaABAg",
            "reply_content": "\u5feb\u65e5\u7b11\u6b7b\u6389"
        },
        {
            "reply_id": "UgzvHwdApcGGfV-c5iB4AaABAg",
            "reply_content": "\u6211\u6700\u559c\u6b61\u4f60\u8ddf\u9928\u9577\u7684\u7247\u4e86"
        },
        {
            "reply_id": "UgywMIagJ4CMdKy4xf54AaABAg",
            "reply_content": "\u52a0\u6cb9\uff0c\u6211\u5c31\u662f\u56e0\u70ba\u60a8\u505a\u9019\u500b\u7cfb\u5217\u624d\u770b\uff0c\u80fd\u529b\u8d8a\u5927\u8cac\u4efb\u8d8a\u5927\uff0c\u60a8\u7528\u5c0d\u65b9\u6cd5\u505a\u5c0d\u7684\u4e8b\uff0c\u8b9a\u8b9a\u8b9a\u8b9a\u8b9a\n\u4e0b\u6b21\u5728\u53eb\u5916\u8ce3\uff0c\u5225\u6b3a\u8ca0\u793e\u6703\u5e95\u5c64\u7684\u4eba"
        },
        {
            "reply_id": "Ugy46c_0S1laUxlS4z14AaABAg",
            "reply_content": "\u771f\u7684\u505a\u5230\u6975\u81f4\u4e86\uff0c\u5e6b\u52a9\u5225\u4eba\u771f\u7684\u80fd\u8b93\u5167\u5fc3\u8d8a\u4f86\u8d8a\u5bcc\u6709\uff0c\u4f60\u5f88\u68d2\ud83d\udc4d"
        },
        {
            "reply_id": "Ugz_HUfqCsNAqBAdPl94AaABAg",
            "reply_content": "\u9019\u90e8\u5f71\u7247\u7684\u552f\u4e00\u7f3a\u9ede\u5c31\u662f\u73a9\u8f2a\u6905\ud83e\udd2c\uff08\u9700\u8981\u8f2a\u6905\u7684\u4eba\u2026\u2026\uff09"
        },
        {
            "reply_id": "UgwlOfQlLVl2KH1Wogl4AaABAg",
            "reply_content": "\u9019\u662f\u8a55\u8ad6\u5340\u53e3\u70ae\u5718\u6ec5\u53f0\u7063\u6cb9\u571f\u4f2f\u754c"
        },
        {
            "reply_id": "UgyF_oKg7k-3gRH-4Mt4AaABAg",
            "reply_content": "\u4f60\u7684\u5f71\u7247\u5f88\u597d\u7b11\u554a"
        },
        {
            "reply_id": "Ugw0LNZPtsi25C_eZLF4AaABAg",
            "reply_content": "\u6211\u767c\u73fe\u8ddf\u4f60\u5be6\u5728\u592a\u4ed6\u5abd\u7684\u50cf\u4e86\uff0c\u9ebb\u7169\u5e6b\u6211\u628a\u6b50\u7c73\u8304\u6539\u6210\u52de\u529b\u58eb\uff0c\u9ec3\u725b\u6539\u6210\u7d05\u99ac\u3002"
        },
        {
            "reply_id": "Ugwuq43tXXX1kSJQ1cd4AaABAg",
            "reply_content": "\u9019\u61c9\u8a72\u8981\u6709\u767e\u842c\u4f46\u6c92\u6709"
        },
        {
            "reply_id": "Ugz95H3WBULRnssdkzF4AaABAg",
            "reply_content": "\u4e0d\u77e5\u9053\u6709\u5728\u7db2\u8def\u4e0a\u586b\u554f\u5377\u8aaa\u6703\u900110000\u5143\u79ae\u5377\u7684\u8a50\u9a19\u662f\u4ec0\u9ebc\u624b\u6cd5\ud83d\udc40"
        },
        {
            "reply_id": "UgxGbZjCa_gtT6vdoRR4AaABAg",
            "reply_content": "\u70ba\u4ec0\u9ebc\u99ac\u6876\u5728\u8ab2\u5ef3"
        },
        {
            "reply_id": "Ugz07BYAKvW9UbfKbOJ4AaABAg",
            "reply_content": "\u5ba2\u5ef3\u6709\u99ac\u6876\u6b38"
        },
        {
            "reply_id": "UgwDdv-r9OOJCHn5qax4AaABAg",
            "reply_content": "\u9760\u5317\u4e03\u5565\u5c0f\u4e09\u5c0f\u9760\u80cc"
        },
        {
            "reply_id": "Ugync2G9fq4LKjA5qox4AaABAg",
            "reply_content": "\u5584\u826f\u662f\u4e00\u500b\u5f62\u5bb9\u8a5e\uff0c\n\n\u68d2\u54e5\u662f\u9019\u6df7\u6c8c\u6642\u4ee3\u7684\u4ee3\u540d\u8a5e\uff01\n\n\u611f\u8b1d\u6709\u4f60\u7121\u79c1\u5949\u737b\u7528\u5fc3\u4ed8\u51fa\uff01"
        },
        {
            "reply_id": "UgyvHkioySyAP_U2akZ4AaABAg",
            "reply_content": "\u53ef\u4ee5\u62cd\u4e00\u500b\u6536\u8cfc\u865b\u64ec\u5e33\u6236\u8a50\u9a19\u7684\u55ce \u5728\u81c9\u66f8\u770b\u81e8\u6642\u5de5\u5e38\u770b\u5230\u4e00\u5806\u5728\u6536\u904e\u5169\u968e\u6bb5\u5be6\u540d\u7684\u5e33\u865f\ud83e\udd23"
        },
        {
            "reply_id": "UgyTln-HZ0V9QKn0eVR4AaABAg",
            "reply_content": "\u5f88\u68d2\u7684\u5be6\u9a57"
        },
        {
            "reply_id": "UgyyPggbXAcSHL08fSp4AaABAg",
            "reply_content": "\u55e8"
        }
    ]
}