{
    "video_info": {
        "id": "gXq1WdS6vSk",
        "channelTitle": "\u597d\u68d2Bump",
        "title": "\u5929\u54ea\u2026 \u6211\u8acb\u5230\u4e00\u500b\u64cd\u6797\u5446\u5973\u52a9\u7406\u2026\u300c\u3122\u3124\u300d\u300c\u310b\u310c\u300d\u90fd\u5206\u4e0d\u6e05\u695a\u2026.\u3010\u597d\u68d2Bump\u3011",
        "description": "\u65b0\u4f86\u7684\u5973\u52a9\u7406\uff0c\u9023\u3122\u3124\u90fd\u4e0d\u5206\u2026.\n\u6211\u597d\u50cf\u90fd\u6703\u8acb\u5230\u9019\u7a2e\u5947\u8469\u2026.\n\n#\u3122\u3124\u4e0d\u5206 #\u53e3\u9f52\u4e0d\u6e05 #\u58d3\u529b\u4f7f\u4eba\u6210\u9577\n--------------------------------------------------------- \n\u4e0a\u4e00\u90e8\u5f71\u7247 \u5305\u990a\u594e\u4e011\u5929\u8981\u82b1\u591a\u5c11\u9322\uff1f\u9019\u771f\u7684\u662f\u6703\u7834\u7522\u2026. \u3010\u597d\u68d2Bump\u3011  @\u594e\u4e01Zamy \u200bhttps://youtu.be/CCvT2M6Rz0c\n\n\u8001\u5b50\u7684IG\uff1ahttps://bit.ly/2JqmmIq\n\u8001\u5b50\u7684FB\uff1ahttps://bit.ly/2s3pwwb",
        "likeCount": "25776",
        "commentCount": "1859",
        "viewCount": "1289570"
    },
    "comments": [
        {
            "reply_id": "UgwT0uY1E3GaoNE9nop4AaABAg",
            "reply_content": "\u5e0c\u671b\u4e0b\u4e00\u6b21\u53ef\u4ee5\u8acb\u5230\u67093\u96bb\u624b\u7684\u54e1\u5de5\ud83d\ude42\n\u6211\u6703\u958b\u7bb1\u7d66\u5927\u5bb6\u770b\u7684"
        },
        {
            "reply_id": "UgxrByWIZ_2caueU_M54AaABAg",
            "reply_content": "\u4e0d\u8981\u73a9\u54e1\u5de5\uff0c\u6211\u4f86"
        },
        {
            "reply_id": "UgyeRrcTE-KTJBG9Jzh4AaABAg",
            "reply_content": ""
        },
        {
            "reply_id": "Ugxe4K6k5GNH9eI1Utx4AaABAg",
            "reply_content": "\u9019\u5973\u7684\u53f0\u7063\u570b\u8a9e\uff0c\u6839\u672c\u5c31\u4e0d\u6703\u6372\u820c\u3002"
        },
        {
            "reply_id": "UgzLgCS4A3TNyUE51lN4AaABAg",
            "reply_content": "\u6709\u9ede\u50cf\u672c\u672c"
        },
        {
            "reply_id": "Ugx8DAPTBlSGiMP9bZx4AaABAg",
            "reply_content": "\u524d\u9762\u6211\u6709\u9ede\u8aa4\u6703"
        },
        {
            "reply_id": "UgzOWvmKq7hY6BKMOx94AaABAg",
            "reply_content": "\u53f0\u7063\u72d7\u8a9e\uff5e\u5bb3\u9f20\u5f88\u90fd\u4eba\uff5e"
        },
        {
            "reply_id": "Ugzce63emNd-Aa6C92J4AaABAg",
            "reply_content": "\u5967\u65af\u5361\u91d1\u50cf\u596c"
        },
        {
            "reply_id": "UgzZzwt9aw1JaszfwPV4AaABAg",
            "reply_content": "\u53f0\u6e7e\u4eba\u4e0d\u61c2 \u5728\u4e2d\u56fd\u5728\u9999\u6e2f\u5f88\u5c11\u6709\u8bb2\u8bdd\u8fd9\u6837\u6e29\u67d4\u7684\u5973\u751f"
        },
        {
            "reply_id": "UgxCyIdlmEReSZEENBJ4AaABAg",
            "reply_content": "\u6211\u4e5f\u662f\u89ba\u5f97\u767c\u97f3\u8981\u597d\u4e5f\u8981\u5b78\u7fd2\u5f88\u4e45"
        },
        {
            "reply_id": "Ugx11JslwCfsHWhAE-t4AaABAg",
            "reply_content": "\u4e2d\u6587\u771f\u7684\u5f88\u96e3\u5b78\u7fd2"
        },
        {
            "reply_id": "Ugx-f7hDBInYDhYpPvZ4AaABAg",
            "reply_content": "\u5973\u52a9\u7406\u9577\u5f97\u597d\u770b\u5c31\u662f\u4e0d\u4e00\u6a23"
        },
        {
            "reply_id": "Ugyb2hOmH5h1vkVJ-9J4AaABAg",
            "reply_content": "\u70ba\u4ec0\u9ebc\u5973\u52a9\u7406\u5979\u7684\u767c\u97f3\u90fd\u5206\u4e0d\u51fa\u4f86"
        },
        {
            "reply_id": "UgzupNC3PnwMwzKs07d4AaABAg",
            "reply_content": "\u9019\u4e00\u4f4d\u5973\u52a9\u7406\u771f\u7684\u5f88\u8a8d\u771f"
        },
        {
            "reply_id": "UgxeeBCgbTOWP__NeQd4AaABAg",
            "reply_content": "\u5feb\u88ab\u6668\u7070\u7b11\u6b7b"
        },
        {
            "reply_id": "UgzwPCd3XbQjIuUoyct4AaABAg",
            "reply_content": "\u6709\u5920\u9999"
        },
        {
            "reply_id": "UgzFDTfkbyV9LGb-cfF4AaABAg",
            "reply_content": "\u6211\u767c\u73fe\uff0c\u6703\u767c\u97f3\u4e0d\u6a19\u6e96\u662f\u56e0\u70ba\u5c0f\u6642\u5019\u5f88\u61f6\u7684\u767c\u89ba\u5f97\u9019\u6a23\u5c31\u597d\uff0c\u9577\u5927\u5f8c\u7fd2\u6163\u4e0d\u60f3\u8981\u6539\u6240\u4ee5\u624d\u6703\u6709\u9019\u4e9b\u554f\u984c"
        },
        {
            "reply_id": "Ugw6GHcYm6ITjy0oBZR4AaABAg",
            "reply_content": "\u597d\u6b63"
        },
        {
            "reply_id": "UgwM2qfx2Oc9SUuZSrR4AaABAg",
            "reply_content": "\u54c0\u5c45\u5462"
        },
        {
            "reply_id": "Ugy13QWultZunSja71R4AaABAg",
            "reply_content": "\u6211\u6709\u5e7e\u500b\u570b\u5c0f\u540c\u5b78\u4e5f\u662f\u8ddf\u5979\u4e00\u6a23\u4e0d\u6703\u5ff5"
        }
    ]
}