{
    "video_info": {
        "id": "h1vHXfijZ08",
        "channelTitle": "\u597d\u68d2Bump",
        "title": "\u5929\u54ea... \u6211\u8acb\u4e86\u4e00\u7fa4\u4f4e\u667a\u5546\u7247\u5e2b... \u300c\u7684\u5f97\u300d\u300c\u5728\u518d\u300d\u90fd\u5206\u4e0d\u6e05\u695a....\u3010\u597d\u68d2Bump\u3011",
        "description": "\u4e0d\u958b\u73a9\u7b11\uff0c\u8aa0\u5fb5\u7247\u5e2b\uff0c\n\u6211\u7e7c\u7e8c\u8ddf\u4ed6\u5011\u6df7\u5728\u4e00\u8d77\uff0c\n\u5f88\u5feb\u4e5f\u6703\u8b8a\u8166\u6b98\u4e86...\n\n#\u570b\u5c0f\u8003\u5377 #\u6717\u8aa6\u4f5c\u6587 #\u9023\u6211\u751f\u65e5\u90fd\u5fd8\u8a18\u662f\u60f3\u56de\u8001\u5bb6\u7a2e\u7530\u55ce\n\n\u6210\u70ba\u9019\u500b\u983b\u9053\u7684\u6703\u54e1\u4e26\u7372\u5f97\u734e\u52f5\uff1a\nhttps://www.youtube.com/channel/UC7XxnhjdYjiQJ3m80K_N_4g/join\n--------------------------------------------------------- \r\n\u4e0a\u4e00\u90e8\u5f71\u7247 \u6211\u7576\u8a50\u9a19\u96c6\u5718\u767c\u696d\u914d\u7d66\u7db2\u7d05\uff011\u5929\u7adf200\u4eba\u4e0a\u7576\uff01\uff1f\u3010\u597d\u68d2Bump\u3011\u3010\u8a50\u9a19\u934a\u91d1\u8853\u3011   @zamy_ding   https://youtu.be/SsF2J7PEwMw\u200b\r\n\r\n\u8001\u5b50\u7684IG\uff1ahttps://bit.ly/2JqmmIq\r\n\u8001\u5b50\u7684FB\uff1ahttps://bit.ly/2s3pwwb",
        "likeCount": "24622",
        "commentCount": "1151",
        "viewCount": "1974551"
    },
    "comments": [
        {
            "reply_id": "Ugy-UKgVcnGpnQlJFUB4AaABAg",
            "reply_content": "\u6211\u662f\u7f6e\u9802\u7559\u8a00\u3002"
        },
        {
            "reply_id": "UgwHnmyz--y0wy1Uqmh4AaABAg",
            "reply_content": "\u9019\u4e00\u96c6\u597d\u7b11"
        },
        {
            "reply_id": "UgzOrMDjWdUTv0tkIEl4AaABAg",
            "reply_content": "\u54c8\u54c8"
        },
        {
            "reply_id": "UgyCdqwF575vLS5k04t4AaABAg",
            "reply_content": "\u3002\u5927\u91cf\u5b50\u623f\u50f9\u5dee\u4e86\u5462\uff01\u4e0d\u50c5\u6709\u9ede\u96e3\u6c11\u9593\u6587\u5b78\u754c\u9650\u754c\u9650\u754c\u90fd\u5f88\u5927\u7684\u4e0d\u80fd\u8b93\uff1f\u4e00\u6a23\u5f0f\uff0c\u4e86\u4e8b\u696d\u4e0a\u7684\u6211\u5f88\u68d2\u68d2\u7684\u6211\u60f3\u50cf\u5230\u7684\u6211\u7684\u6bcd\u89aa\u81ea\u7531\u57fa\u9686\u5e02\u9577\u9054\u81f3\u6b64\u6b21\u9577\u7684\u4f60\u5011\u6211\u5c31\u7b97\u8a08\u8f03\u4f4e\u6eab\u99a8\uff0c\u7684\u4e0d\u662f\u5f88\u6709\u4e00\u4f4d\u5c45\u58eb\u9054\u6a19\u699c\u6211\u5011\uff0c\u7684\u4e0d\u65b7\u7d55\u98df\u98ef\u5718\u805a\u5c45\u591a\u500b\u6848\u4e2d\u592e\u9280\u884c\u54e1\uff0c\u7684\u4e0d\uff0c+\u6211\u60f3\u8aaa\u7684\u58eb\u5175\u529b\u9053-\u6211\u5011\u7684\u78ba\u8a8d\u8b58\u4f60\u8981\u6709\u9ede\u9ede\u9ede\u9ede\u982d\u689d\u8def\u7dda\u4e0a\u904a\u6232\u5340\u57df\u6027\u683c\u5f0f\u5fae\u535a\u58eb\u73ed\u6a5f\u7968\u9078\u64c7\u6b0a\u529b\u5206\u7acb\u9662\u9577\u5f97\u50cf\u662f\u8981\u4f86\u5230\u4f86\u505a\u51fa\u73fe\u904e\u4f86\u4eba\u6c11\u5e63\u503c\u7684\u58eb\u6797\u5b98\u90b8\u4f60\u5c31\u5728\u5bb6\u4eba\u5011\u6211\u7684\u58eb\u6797\u5b98\u90b8\u4f60\u5011\u9019\u662f\u500b\u5225\u8b93\u60a8\u7684\u78ba\u5b9a\u671f\u5b9a\u984d\u5916\u8cc7\u6e90\u8c50\u5bcc\u8c6a\u5b85\u7537\u5b50\u96d9D"
        },
        {
            "reply_id": "UgznAcvULRy1qOS5ixh4AaABAg",
            "reply_content": "\u7247\u5e2b\u90fd\u8d85\u6703\u505a\u6548\u679c"
        },
        {
            "reply_id": "UgxV49EHYhWMAd_SCD54AaABAg",
            "reply_content": "\u75fe\u5230\u5e95\u662f\u6bba\u5c0f\u5feb\u760b\u4e86"
        },
        {
            "reply_id": "UgzjBYj93KTQgxTNyHt4AaABAg",
            "reply_content": "\u54c7\u8cfd \u7576\u4f60\u54e1\u5de5\u7684\u689d\u4ef6\u662f\u751a\u9ebc"
        },
        {
            "reply_id": "Ugxo1CfO46n8qNnYDRh4AaABAg",
            "reply_content": "\u7576Bump\u7684\u54e1\u5de5\u597d\u5e78\u798f\u2764\u6211\u81ea\u5df1\u4e5f\u662f\u5e38\u5e38\u5de5\u4f5c\u5230\u534a\u591c\uff0c\u85aa\u6c34\u537b\u5c11\u7684\u53ef\u6190"
        },
        {
            "reply_id": "Ugy40WkXHmPo9OMcouJ4AaABAg",
            "reply_content": "\u771f\u7684\u7b11\u6b7b"
        },
        {
            "reply_id": "UgxRwQSOi5Mn4XBaDRJ4AaABAg",
            "reply_content": "\u7b11\u6b7b\n\u9ad2\u8a71\u8ddf\u8457\u7f75"
        },
        {
            "reply_id": "UgyMgpTqeI_jNUUFgKl4AaABAg",
            "reply_content": "\u770b\u5b8c\u89ba\u5f97\u597d\u52f5\u5fd7"
        },
        {
            "reply_id": "UgxLT1tKnvHwxNPCsKl4AaABAg",
            "reply_content": "\u9001\u56de\u570b\u5c0f\u88dc\u6821\u91cd\u4fee\u570b\u8a9e\u8ab2\u5566..."
        },
        {
            "reply_id": "Ugzq1-G9qriCQWhoA2l4AaABAg",
            "reply_content": "\u6211\u5feb\u7b11\u6b7b\u4e86"
        },
        {
            "reply_id": "UgzmSJLnb5JXtbGmqy54AaABAg",
            "reply_content": "\u5f9e\u6559\u96fb\u8166\u600e\u9ebc\u7528\u958b\u59cb\uff1f\u4ed6\u662f\u4f60\u8a8d\u8b58\u4eba\u55ce\uff1f\u4e0d\u7136\u5e79\u561b\u627e\u4ed6\uff1f"
        },
        {
            "reply_id": "Ugxn-92fLe2jwwoPAbV4AaABAg",
            "reply_content": "\ud83d\ude02\ud83e\udd23\uff0c\u4e0d\u904e\u6709\u6c92\u6709\u8b80\u66f8\u53ea\u770b\u4e00\u79d1\u570b\u6587\u4e0d\u80fd\u78ba\u5b9a"
        },
        {
            "reply_id": "UgzeREiGRl-TaJgbldx4AaABAg",
            "reply_content": "\u6211\u662f\u642d\u4e58\u6642\u5149\u6a5f\u4f86\u7684\u6642\u7a7a\u4f7f\u8005\uff1a\u9019\u4f4d\u7537\u5b50\u6f22\u5c07\u5728\u5e7e\u500b\u6708\u5f8c\u53bb\u67ec\u57d4\u5be8\u6551\u4eba \u6210\u70ba\u82f1\u96c4"
        },
        {
            "reply_id": "UgwD4RllsmW0dk6AGq54AaABAg",
            "reply_content": "\u597d\u7fa8\u6155\uff0c\u53ef\u9047\u4e0d\u53ef\u6c42\u7684\u8001\u95c6"
        },
        {
            "reply_id": "Ugw51K8sZ-yNEEyuZct4AaABAg",
            "reply_content": "\u6211\u90fd\u53ef\u4ee5\u8d85\u8fc7\u4ed6\u4eec\u7684\u5206\u6570\u53ea\u8981\u4e0d\u662f\u53f0\u6e7e\u62fc\u97f3\u5c31\u53ef\u4ee5\n\u6210\u5e74\u4eba\u963f\u3002\u3002\u3002"
        },
        {
            "reply_id": "UgwYjsJ3Es6Yjo7sVUh4AaABAg",
            "reply_content": "\u5f88\u96e3\u5f97\u6709\u9019\u9ebc\u6b61\u6a02\u6c23\u6c1b\u7684\u5f71\u7247\u4e86\uff01\u5e0c\u671b\u4f60\u5011\u5718\u968a\u8d8a\u4f86\u8d8a\u597d\uff01"
        },
        {
            "reply_id": "UgxDyrDrSKabS4Iw2VZ4AaABAg",
            "reply_content": "\u8fd9\u5c31\u662f\u53f0\u6e7e\u4eba\u7684\u6587\u5316\u6c34\u5e73\ud83d\ude02"
        }
    ]
}