{
    "video_info": {
        "id": "HFxiXMRBM-o",
        "channelTitle": "\u597d\u68d2Bump",
        "title": "\u6536\u8cfc20\u516c\u65a4\u7684\u96fb\u8def\u677f\uff01\u7adf\u771f\u7684\u80fd\u6d17\u51fa\u9ec3\u91d1\uff01\uff1f\u3010\u597d\u68d2Bump\u3011\u3010\u771f\u6b63\u7684\u934a\u91d1\u8853\u3011",
        "description": "\u7d42\u65bc\u6211\u8981\u4f86\u934a\u771f\u6b63\u7684\u91d1\u4e86\uff0c\u9019\u4e00\u6b21\u6211\u5011\u6e96\u5099\u4e8620\u516c\u65a4\u7684\u5ee2\u96fb\u8def\u677f\uff0c\u8981\u5617\u8a66\u770b\u80fd\u6d17\u51fa\u591a\u5c11\u9ec3\u91d1\uff01\n\n#\u934a\u91d1\u8853\u5e2b #\u50b3\u5bb6\u4e4b\u5bf6 #\u7b49\u50f9\u4ea4\u63db\u771f\u7684\u6210\u529f\u4e86\n--------------------------------------------------------- \r\n\u4e0a\u4e00\u90e8\u5f71\u7247 \u627e\u4e00\u7fa489\u5f1f\u5144\u8a2d\u5c40\u4ed9\u4eba\u8df3\uff01\u60e1\u6574\u611b\u4e82\u7d04\u8dd1\u7684\u670b\u53cb\uff01\u3010\u597d\u68d2Bump\u3011https://youtu.be/HVJoD1O11AY\r\n\r\n\u8001\u5b50\u7684IG\uff1ahttps://bit.ly/2JqmmIq\r\n\u8001\u5b50\u7684FB\uff1ahttps://bit.ly/2s3pwwb",
        "likeCount": "13629",
        "commentCount": "644",
        "viewCount": "886131"
    },
    "comments": [
        {
            "reply_id": "UgwnEJyjmls9eRCnZIZ4AaABAg",
            "reply_content": "\u55ef \u6240\u4ee5\u6211\u662f\u50b3\u8aaa\u4e2d\u7684\u934a\u5408\u91d1\u8853\u5e2b\ud83e\udd72"
        },
        {
            "reply_id": "Ugz_UV7EL6ff7s2SHKx4AaABAg",
            "reply_content": "\u6c92\u6709\u52a0\u787c\u7802\u624d\u6703\u8b8a\u9019\u6a23"
        },
        {
            "reply_id": "UgykHtAlhfl9jAYy-7p4AaABAg",
            "reply_content": "8+9\u4f60\u7684\u904e\u7a0b\u8ddf\u672c\u5c31\u5c0d\u4e86\uff01\u4f60\u53ea\u7528\u9ec3\u6c34\u800c\u5df2\uff1f\u9ec3\u91d1\u662f\u8981\u9084\u539f\u51fa\u4f86\u7684"
        },
        {
            "reply_id": "UgzVAWejTgQ-JY1tGh14AaABAg",
            "reply_content": "\u771f\u7684\u5728\u71d2\u9322\ud83d\ude05"
        },
        {
            "reply_id": "UgxNgghlidekGdgkFYB4AaABAg",
            "reply_content": "\u6211\u611b\u4f60"
        },
        {
            "reply_id": "UgxSK90dANIvnXgp70d4AaABAg",
            "reply_content": "\u597d\u6d6a\u8cbb\uff0c\u4f60\u5011\u8ddf\u672c\u5728\u4e82\u73a9"
        },
        {
            "reply_id": "Ugy2_mE5HFTyoOS7l_l4AaABAg",
            "reply_content": "\ud83d\ude05 \u6211\u60f3\u770b\u5973\u751f\u60f3\u770b \u6211\u60f3\u770b\u4f60\u7684\u5973\u670b\u53cb"
        },
        {
            "reply_id": "UgxGedfSoJ-pXzhmsfx4AaABAg",
            "reply_content": "\u8981\u9ec3\u91d1\u53ef\u4ee5\u53bb\u6536\u8edf\u677f"
        },
        {
            "reply_id": "UgxP0n_VokrCVp3iW7l4AaABAg",
            "reply_content": "\u70ba\u4ec0\u9ebc\u4e0d\u80fd\u7528\u4e00\u584a\u5e03\u904e\u6ffe\u6389\u6c34"
        },
        {
            "reply_id": "Ugxxr-9TNnQPK8iOdiR4AaABAg",
            "reply_content": "\u4f60\u597d\u5e25"
        },
        {
            "reply_id": "Ugy667MYCBuo2Yj2aA94AaABAg",
            "reply_content": "\u8fd9\u96c6\u592a\u4e0d\u4e13\u4e1a\u4e86\u5427"
        },
        {
            "reply_id": "Ugym7DLF0hwEq9yneIV4AaABAg",
            "reply_content": "\u4f60\u958b\u7279\u65af\u62c9\uff0c\u62c6\u7279\u65af\u62c9\u5c31\u597d\u4e86"
        },
        {
            "reply_id": "UgxYsWM20lUIpcbMcfZ4AaABAg",
            "reply_content": "\u597d\u50cf\u694a\u6885\u7684\u4e00\u9593\u5de5\u5ee0"
        },
        {
            "reply_id": "UgyKXSNvEpJb0Xd5knd4AaABAg",
            "reply_content": "\u62ff\u51fa\u5438\u7ba1\u7684\u6642\u5019\u5bb3\u6211\u5674\u9eb5\ud83d\ude02"
        },
        {
            "reply_id": "UgxM9jTp3fETf1VM-SZ4AaABAg",
            "reply_content": "\u90a3\u53ef\u80fd\u662f\u767d\u91d1"
        },
        {
            "reply_id": "Ugyi9pjGhOdBNfEy84J4AaABAg",
            "reply_content": "\u592a\u9177\u4e86\u5427"
        },
        {
            "reply_id": "UgzpZ9gs986N6KkuD_t4AaABAg",
            "reply_content": "\u4e0d\u8981\u592a\u50b7\u5fc3\u4e5f\u4e0d\u8981\u592a\u96e3\u904e\u2764"
        },
        {
            "reply_id": "UgyWhv9KH4_rswuhoAJ4AaABAg",
            "reply_content": "\u9019\u500b\u4e0d\u662f\u9019\u6a23\u7528\u5566\uff0c\u4f60\u8981\u7528\u785d\u9178\u6eb6\u8d70\u7136\u5f8c\u9084\u539f\u3002"
        },
        {
            "reply_id": "UgwOY-Qy8Pv7vUQ6dU54AaABAg",
            "reply_content": "\u89ba\u5f97\u5168\u904e\u7a0b\u7684\u7528\u8cbb\u90fd\u53ef\u4ee5\u76f4\u63a5\u53bb\u8cb7\u4e00\u584a"
        },
        {
            "reply_id": "UgwddOZ8vdw9oRC9rvN4AaABAg",
            "reply_content": "\u96fb\u8def\u677f\u4e2d\u6700\u6602\u8cb4\u7684\u61c9\u8a72\u662f\u300c\u9200\u300d\u3002"
        }
    ]
}