{
    "video_info": {
        "id": "hhHvB4xmeUo",
        "channelTitle": "\u597d\u68d2Bump",
        "title": "3\u5e74\u4e86\uff0c\u6211\u7d42\u65bc\u80fd\u597d\u597d\u9084\u4f60\u9019\u4e00\u4efd\u60c5\u3002\u3010\u597d\u68d2Bump\u3011",
        "description": "\u7d93\u904e1\u5e74\u591a\u5feb2\u5e74\u7684\u6642\u9593\uff0c\u7d42\u65bc\u6709\u6a5f\u6703\u628a\u9019\u652f\u7247\u62cd\u51fa\u4f86\uff0c\u4e8b\u60c5\u80fd\u5920\u6709\u59cb\u6709\u7d42\u4e5f\u7b97\u662f\u80fd\u5920\u5c0d\u81ea\u5df1\u6709\u500b\u4ea4\u4ee3\u4e86\u3002\n\n#\u52a0\u76df\u51b0\u68d2\u6a5f #\u56de\u994b\u591c\u5e02\u963f\u4f2f #\u4ed6\u5c45\u7136\u6c92\u6709\u54ed\u2026\n--------------------------------------------------------- \r\n\u4e0a\u4e00\u90e8\u5f71\u7247 \u6211\u5011\u5728\u7f8e\u570b\u8ced\u5834\u88ab\u6436\u4e861000\u842c\uff01\u5c31\u7b97\u8d0f\u9322\u4e5f\u6839\u672c\u5e36\u4e0d\u8d70\u2026.\u3010\u597d\u68d2Bump\u3011https://youtu.be/2MX89FwPDts\r\n\r\n\u8001\u5b50\u7684IG\uff1ahttps://bit.ly/2JqmmIq\r\n\u8001\u5b50\u7684FB\uff1ahttps://bit.ly/2s3pwwb",
        "likeCount": "31926",
        "commentCount": "2108",
        "viewCount": "826637"
    },
    "comments": [
        {
            "reply_id": "Ugyg47btIy-prmOxnmx4AaABAg",
            "reply_content": "\u7e3d\u7b97\u662f\u80fd\u6709\u59cb\u6709\u7d42\u4e86\u3002"
        },
        {
            "reply_id": "UgzjovJ0-mwfp0Yunhh4AaABAg",
            "reply_content": "\u52a0\u6cb9 \u4eba\u751f\u7121\u5e38 \u9019\u53f0\u7063\u9700\u8981\u4f60\u7684\u5149"
        },
        {
            "reply_id": "UgyseAwBeM-V-bUpe5p4AaABAg",
            "reply_content": "\u4f60\u662f\u5f88\u68d2\u7684\u4eba\uff0c\u7e7c\u7e8c\u62cd\u7247\u4e0b\u53bb\u3002\u50b3\u905e\u6b63\u80fd\u91cf\u3002\n\u8b1d\u8b1d\u4f60"
        },
        {
            "reply_id": "Ugwlg8PQzuPNlarE5BB4AaABAg",
            "reply_content": "\u9019\u5e7e\u5929\u90fd\u770b\u60a8\u7684\u5f71\u7247\uff0c\u4e5f\u5206\u4eab\u7d66\u6211\u7684\u5bb6\u4eba\uff0c\u6211\u559c\u6b61\u60a8\u7684\u5f71\u7247\uff0c\u6709\u500b\u89d2\u7684\uff0c\u5c31\u662f\uff0c\u6574\u5834\u5f71\u7247\uff0c\u770b\u4e0b\u4f86\u6709\u7a2e\uff0c\u8ca0\u8ca0\u8ca0\u2026..\u7136\u5f8c\u300c\u5f97\u6b63\u300d\u7684\u611f\u89ba"
        },
        {
            "reply_id": "UgxGK0ypYDbV3id9r0N4AaABAg",
            "reply_content": "\u771f\u7684\u89ba\u5f97\u4f60\u5f88\u68d2\uff01"
        },
        {
            "reply_id": "Ugx05vRhbN2ssK0SyAx4AaABAg",
            "reply_content": "\u524d2\u5929\u53bb\u52d5\u7269\u5712 \u627e\u4e86\u5f88\u4e45 \u624d\u627e\u5230\u6a5f\u5668"
        },
        {
            "reply_id": "UgxAIjFCKJ2RA7cLW0l4AaABAg",
            "reply_content": "\u4f60\u600e\u9ebc\u597d\u7684\uff0c\u771f\u7684\u5f88\u654f\u611f"
        },
        {
            "reply_id": "UgxztL8ixFf7WQ-_QuN4AaABAg",
            "reply_content": "\u4f60\u7684\u5f71\u7247\u6709\u6b63\u80fd\u91cf\u3002\u6211\u559c\u6b61\u4f60\u7684\u5275\u4f5c"
        },
        {
            "reply_id": "Ugxk6WDxk9JlCFs_EmV4AaABAg",
            "reply_content": "bump\u54ed\u6211\u4e5f\u958b\u59cb\u54ed! \u6211\u9019\u5e7e\u500b\u6708\u958b\u59cb\u5f9e\u8a50\u9a19\u7cfb\u5217\u8a8d\u8b58bump\u7684! \u6211\u89ba\u5f97\u4f60\u771f\u7684\u5f88\u68d2! \u5e6b\u52a9\u9019\u500b\u793e\u6703! \u6bcf\u500b\u89d2\u843d\u6709\u770b\u4f60\u5f71\u7247\u7684\u4eba\u5c0d\u4f60\u7684\u6b23\u8cde\u548c\u611f\u6fc0\u6211\u76f8\u4fe1\u90fd\u6703\u5316\u6210\u53e6\u4e00\u500b\u5f62\u5f0f\u7684\u6b63\u80fd\u91cf\u56de\u50b3\u7d66\u4f60\u7684!\u2764"
        },
        {
            "reply_id": "UgyhDoKsopFtgQ7F0X14AaABAg",
            "reply_content": "\u4f60\u771f\u7684\u5f88\u68d2\uff0c\u5e0c\u671b\u4f60\u6c38\u9060\u90fd\u77e5\u9053\u4f60\u771f\u7684\u5f88\u68d2"
        },
        {
            "reply_id": "UgzUFsWGmVVb0H4B79F4AaABAg",
            "reply_content": "\u540c\u611f"
        },
        {
            "reply_id": "Ugy2uhfb8uwIk22Hv-l4AaABAg",
            "reply_content": "\u8001\u5a46\u627e\u5230\u5176\u4ed6\u7537\u4eba\u8dd1\u4e86\n\u7136\u5f8c\u963f\u4f2f\u9084\u8aaa\u4ed6\u53ea\u662f\u627e\u5230\u6bd4\u8f03\u597d\u7684\n\u9019\u4eba\u4e5f\u592a\u597d\u4e86= =  \n\u63db\u6210\u6211\uff0c\u4e0d\u8aaa\u62ff\u5200\u780d\u4e86\u5979\n\u5fc3\u88e1\u4e5f\u662f\u6068\u6b7b\u5c0d\u65b9\u7684"
        },
        {
            "reply_id": "Ugw6E7l0XGZv_NlOVV54AaABAg",
            "reply_content": "\u7d66\u4f60\u6309\u8b9a\u4e86\uff0c\u7e7c\u7e8c\u50b3\u905e\u6b63\u80fd\u91cf\u5427\uff0c\u4f60\u4e5f\u8981\u597d\u597d\u7684\uff0c\u4f60\u5f88\u68d2\u3002"
        },
        {
            "reply_id": "UgxRzCha8o9cyPfiS9t4AaABAg",
            "reply_content": "\u5728\u4f11\u606f\u7ad9\u6709\u770b\u5230"
        },
        {
            "reply_id": "Ugyz0WzIamuz8IHzeKB4AaABAg",
            "reply_content": "\u770b\u5b8c\u5f71\u7247\u6211\u54ed\u4e86\uff0c\u7576\u521d\u6211\u4e5f\u662f\u9019\u6a23\uff0c\u5982\u679c\u7576\u6642\u7684\u6211\u4e0d\u5728\u90a3\u500b\u5730\u65b9\uff0c\u6211\u61c9\u8a72\u4e5f\u5df2\u7d93\u4e0d\u5728\u4e86\uff0c\u8b1d\u8b1dbump\u6301\u7e8c\u6b63\u80fd\u91cf\uff0c\u7e7c\u7e8c\u652f\u6301"
        },
        {
            "reply_id": "Ugzu8UJ9xPVR9MRX-rV4AaABAg",
            "reply_content": "\u4ee5\u5f8c\u6211\u4e5f\u4e0d\u4e82\u7d66\u4eba\u4e0b\u6a19\u7c64\u4e86\u3002"
        },
        {
            "reply_id": "UgyNA_UA-X28Dg_mdbZ4AaABAg",
            "reply_content": "\u6700\u521d\u7684\u7537\u4eba\u5e6b\u4e8b\u4ef6\uff0c\u6211\u4e5f\u66fe\u7d93\u662f\u770b\u4e0d\u8d77\u4f60\u7684\u5176\u4e2d\u4e00\u4eba\uff0c\u7562\u7adf\u5728\u90a3\u500b\u6642\u5019\u6240\u505a\u7684\u4e8b\u60c5\uff0c\u65bc\u60c5\u65bc\u7406\u4f60\u59cb\u7d42\u6709\u932f\uff0c\u4f46\u662f\u6211\u4e26\u672a\u5728\u7db2\u8def\u4e0a\u8ddf\u8457\u64bb\u4f10\uff0c\u56e0\u70ba\u6211\u4e26\u672a\u5be6\u969b\u4e0a\u53d7\u5230\u4efb\u4f55\u640d\u5931\uff0c\u6240\u4ee5\u6211\u9078\u64c7\u4e0d\u8ddf\u8457\u4ed6\u4eba\u8d77\u821e\u3002\u5728\u90a3\u4e4b\u5f8c\u7684\u6642\u9593\uff0c\u6211\u4e5f\u770b\u5230\u4f60\u5f97\u5230\u61c9\u5f97\u7684\u5831\u61c9\u5f8c\uff0c\u6211\u4e5f\u6c92\u7279\u5225\u53bb\u95dc\u6ce8\u9019\u4e9b\u4e8b\u4e86\u3002\n\n\u3000\u3000\u6211\u4e0d\u6703\u9078\u64c7\u540c\u60c5\u4f60\uff0c\u4f46\u662f\u6211\u6703\u9858\u610f\u5728\u9019\u7559\u8a00\u652f\u6301\u4f60\uff0c\u56e0\u70ba\u6211\u770b\u898b\u4f60\u78ba\u5be6\u662f\u70ba\u4e86\u505a\u51fa\u81ea\u5df1\u8a8d\u70ba\u6b63\u78ba\u7684\u4e8b\u60c5\u5728\u52aa\u529b\uff0c\u540c\u6642\u6211\u4e5f\u5e0c\u671b\u4f60\u4e0d\u8981\u70ba\u4e86\u6d41\u91cf\u800c\u505a\u51fa\u50bb\u4e8b\uff0c\u800c\u662f\u70ba\u4e86\u5e6b\u52a9\u4ed6\u4eba\u800c\u505a\u51fa\u6b63\u78ba\u7684\u4e8b\u3002\n\n\u3000\u3000\u540c\u70ba\u66fe\u7d93\u9078\u64c7\u81ea\u6bba\u7684\u91cd\u5ea6\u6182\u9b31\u60a3\u8005\u81f4\u3002"
        },
        {
            "reply_id": "UgwUZoJNHJfNjgp5aRR4AaABAg",
            "reply_content": "\u611f\u6069\uff0c\u60a8\u5bf9\u4e16\u754c\u8d21\u732e\u81ea\u5df1\u7684\u529b\u91cf\uff01\u5e0c\u671b\u60a8\u8d8a\u6765\u8d8a\u597d\u3002"
        },
        {
            "reply_id": "UgyQti-W8roJGBlAS-R4AaABAg",
            "reply_content": "\u6182\u9b31\u75c7\u8acb\u7e7c\u7e8c\u770b\u8a3a\n\u52ff\u505c\u85e5"
        },
        {
            "reply_id": "UgzOyk3dLQYGy1FeOA94AaABAg",
            "reply_content": "\u537b\u537b\u611f\u540c\u8eab\u53d7\u4e0d\u914d\u4efb\u4f55\u4eba\u7684\u52a0\u6cb9\u7a31\u8b9a \u53ea\u9858\u8eab\u908a\u7684\u4eba\u597d\u81ea\u5df1\u5c31\u80fd\u597d\u8a31\u591a\n\u6211\u4e5f\u4e0d\u77e5\u9053\u6211\u81ea\u5df1\u9700\u8981\u4ec0\u9ebc\u4e0d\u904e\u6211\u53ea\u77e5\u9053\u8981\u5bb6\u4eba\u597d\u6211\u624d\u4e0d\u6703\u4f4e\u6f6e \u66fe\u7d93\u4e5f\u6709\u4e00\u7a2e\u5ff5\u982d    \n\u50cf\u59b3\u6240\u8aaa\u7684\u71d2\u70ad\u5b89\u514d\u85e5\u7b49\u7b49\u7684 ~~\u4e0d\u904e\u59b3\u771f\u7684\u5f88\u68d2\u5e0c\u671b\u59b3\u53ef\u4ee5\u8fad\u7e8c\u4e0b\u53bb\n\u59b3\u7684\u5f71\u7247\u53ef\u4ee5\u5e36\u7d66\u4e0d\u5c11\u4eba\u7684\u6b63\u80fd\u91cf~\u597d\n\u68d2Bump       \u6211\u53ea\u6709\u570b\u5c0f\u5b78\u6b77\u6709\u932f\u5b57\u8acb\u898b\u8ad2"
        }
    ]
}