{
    "video_info": {
        "id": "i5-oRqewonE",
        "channelTitle": "\u597d\u68d2Bump",
        "title": "\u983b\u9053\u62c6\u5925\uff01\u7015\u81e8\u7834\u7522\uff01\u7f79\u60a3\u6182\u9b31\u75c7\uff01\u516c\u958b\u90a3\u4e9b\u87a2\u5e55\u80cc\u5f8c\u7684\u771f\u76f8\u3010\u597d\u68d2Bump\u3011",
        "description": "\u4eca\u5929\u4f86\u804a\u804a\u9019\u5169\u5e74\u4f86\u7684\u5fc3\u8def\u6b77\u7a0b\uff0c\u5e0c\u671b\u80fd\u8b93\u5927\u5bb6\u66f4\u7406\u89e3\u81ea\u5a92\u9ad4\u7684\u80cc\u5f8c\uff0c\u6709\u591a\u5c11\u8f9b\u9178\u8840\u6dda\u3002\n\n#\u53f0\u5317\u4e2d\u5c71\u6276\u8f2a\u793e #\u516c\u76ca\u6f14\u8aaa #\u983b\u9053\u8d77\u6e90\n\n\u6210\u70ba\u9019\u500b\u983b\u9053\u7684\u6703\u54e1\u4e26\u7372\u5f97\u734e\u52f5\uff1a\nhttps://www.youtube.com/channel/UC7XxnhjdYjiQJ3m80K_N_4g/join\n\n--------------------------------------------------------- \r\n\u4e0a\u4e00\u90e8\u5f71\u7247 \u6211\u7684\u8c93\u8d70\u4e1f\u4e86\uff01\u5728\u82b1\u5712\u8a2d\u7f6e\u6355\u6293\u9677\u9631\uff01\u7adf\u6293\u5230\u4e00\u5806\u5947\u602a\u751f\u7269\uff01\u3010\u597d\u68d2Bump\u3011https://www.youtube.com/watch?v=ex6ksouYDlo&t=132s\n\r\n\u8001\u5b50\u7684IG\uff1ahttps://bit.ly/2JqmmIq\r\n\u8001\u5b50\u7684FB\uff1ahttps://bit.ly/2s3pwwb",
        "likeCount": "29461",
        "commentCount": "1561",
        "viewCount": "1215476"
    },
    "comments": [
        {
            "reply_id": "UgxZS5ivPUODNMqEDnt4AaABAg",
            "reply_content": "\u611f\u8b1d\u6bcf\u4e00\u500b\u9019\u689d\u8def\u4e0a\u5e6b\u52a9\u904e\u6211\u7684\u4eba\uff0c\u4ee5\u53ca\u90a3\u4e9b\u8b93\u6211\u8b8a\u5f97\u66f4\u597d\u7684\u963b\u7919\u3002"
        },
        {
            "reply_id": "UgxNzFH9ioCr6HO45W94AaABAg",
            "reply_content": "\u8b1b\u7684\u6211\u5f88\u611f\u52d5\uff0c\u6211\u4e5f\u6642\u5e38\u8a8d\u70ba\u81ea\u5df1\u662f\u4e00\u500b\u5f88\u6c92\u6709\u50f9\u503c\u7684\u4eba"
        },
        {
            "reply_id": "UgzDo91qJfsqV7IGehV4AaABAg",
            "reply_content": "\u5f1f\u5f1f \u8b1d\u8b1d\u4f60\u62cd\u4e86\u9019\u90e8\u7247\u4f86\u5206\u4eab \u4e0d\u77e5\u9053\u600e\u9ebc\u8aaa \u770b\u5b8c\u597d\u60f3\u54ed \u800c\u4e14\u662f\u4e00\u7a2e\u5f88\u8907\u96dc\u7684\u5fc3\u60c5\u60f3\u54ed\n\u8aaa\u771f\u7684 \u4f60\u662f\u6211\u7b2c\u4e00\u500b \u5728youtu\u770b\u5b8c\u5f71\u7247\u6703\u7559\u8a00\u7684\u4eba\n\u5012\u4e5f\u4e0d\u662f\u5176\u4ed6\u983b\u9053\u62cd\u7684\u4e0d\u597d\n\u6211\u60f3\u8aaa\u7684\u662f \u770b\u4e86\u90a3\u9ebc\u591a\u5176\u4ed6\u983b\u9053\u5275\u4f5c\u7684\u4f5c\u54c1 \u53ea\u6709\u4f60\u7684\u4f5c\u54c1 \u8b93\u6211\u5167\u5fc3\u611f\u89f8\u6700\u6df1\u523b\n\u5e0c\u671b\u7a31\u547c\u4f60\u300c\u5f1f\u5f1f\u300d\u4e0d\u6703\u8b93\u4f60\u89ba\u5f97\u6211\u4e0d\u79ae\u8c8c\n\u53ea\u662f\u5e0c\u671b\u4f60\u77e5\u9053 \u5149\u662f\u770b\u4f60\u7684\u5f71\u7247 \u5c31\u8b93\u6211\u89ba\u5f97\u9019\u832b\u832b\u4eba\u6d77\u7684\u4e16\u754c\u88e1 \u5c45\u7136\u6709\u4e00\u500b\u5982\u6b64\u964c\u751f\u7684\u4eba\u8b93\u6211\u611f\u89ba\u89aa\u8fd1 \n\u771f\u5fc3\u795d\u9858\u4f60 \u5e73\u5b89 \u5065\u5eb7 \u5feb\u6a02\ud83d\ude4f\ud83d\ude0c"
        },
        {
            "reply_id": "UgzSZnYYzM18WdZLb_V4AaABAg",
            "reply_content": "\u96d6\u7136\u6c92\u6709\u5728\u4f60\u4e00\u5275\u5efa\u983b\u9053\u5c31\u652f\u6301\u4f60\n\u4f46\u662f\u5728\u6211\u4e00\u8a8d\u8b58\u4f60\u5c31\u652f\u6301\u4f60\n\u4e5f\u8b1d\u8b1d\u4f60\u5e36\u7d66\u6211\u9019\u9ebc\u591a\u555f\u767c"
        },
        {
            "reply_id": "UgxHaluY5DqWz07SHCh4AaABAg",
            "reply_content": "\u521b\u4e1a\u5931\u8d25\uff0c\u4eba\u751f\u4f4e\u6f6e\u671f  \u770b\u5230\u8fd9\u90e8\u5f71\u7247\u5f88\u6fc0\u52b1\u4eba"
        },
        {
            "reply_id": "UgzQNxZBCvgROinkVzl4AaABAg",
            "reply_content": "\u4eba\u5982\u5176\u540d\uff0c\u4f60\u771f\u7684\u597d\u68d2\u68d2\uff01"
        },
        {
            "reply_id": "Ugy2jntL2JorhGCYHRV4AaABAg",
            "reply_content": "\u6c92\u60f3\u5230\u770b\u4f60\u5728\u93e1\u982d\u524d\u9762\u800d\u5c41\u7684\u6a23\u5b50 \u5f8c\u9762\u662f\u9019\u9ebc\u591a\u8f9b\u9178\ud83e\udd7a\u8f9b\u82e6\u4f60\u4e86\uff5e\uff5e"
        },
        {
            "reply_id": "UgxIZoVdDVoRMUYWDlp4AaABAg",
            "reply_content": "\u52a0\u6cb9"
        },
        {
            "reply_id": "UgzSvjVeYP4dNYTG9594AaABAg",
            "reply_content": "\u5ec1\u6240\u5b88\u8b77\u795e"
        },
        {
            "reply_id": "Ugw19_a6wcjRoy5L2al4AaABAg",
            "reply_content": "\u5c0d\u554a\uff0c\u4f60\u9019\u6a23\u5c0d\u5973\u751f\u771f\u7684\u4e0d\u592aOK\uff0c\u96d6\u7136\u5979\u7684\u4e8b\u6709\u722d\u8b70"
        },
        {
            "reply_id": "UgyHwAfkp1hQhupZo614AaABAg",
            "reply_content": "\u5e74\u7d00\u8d8a\u5927\uff0c\u8d8a\u4e0d\u60f3\u5728\u4e4e\u88ab\u4eba\u8a0e\u53ad"
        },
        {
            "reply_id": "UgyIUoakwj1qtLkG5QF4AaABAg",
            "reply_content": "\u91cd\u8907\u770b\u4e86\u597d\u591a\u6b21"
        },
        {
            "reply_id": "Ugwg3CX_Ia1lS-dUUdB4AaABAg",
            "reply_content": "\u611f\u8b1d\u5206\u4eab\u9019\u6bb5\u6f14\u8b1b \u5f88\u68d2\u7684\u4e00\u500b\u4eba\ud83d\udcaf"
        },
        {
            "reply_id": "UgxxWdJQzohoEwPZ6cR4AaABAg",
            "reply_content": "\u4f60\u597d~\u770b\u5b8c\u4f60\u7684\u5f71\u7247\u5f88\u611f\u52d5~\u96d6\u7136\u9019\u662f\u5169\u5e74\u524d\u7684\u5f71\u7247~\u4f46\u662f\u5f71\u7247\u5145\u6eff\u4e86\u6b63\u80fd\u91cf~\u5e36\u7d66\u6211\u4e0d\u5c11\u4fe1\u5fc3!!\u8b1d\u8b1d\u4f60(\u5728\u7121\u8072\u7684\u60c5\u6cc1\u4e0b\u770b\u5b8c~\u9084\u662f\u6703\u611f\u52d5!!)"
        },
        {
            "reply_id": "UgwgbGLCNZaYseu9kWl4AaABAg",
            "reply_content": "\u5176\u5be6\u6211\u4e5f\u662f\u5f9e\u7537\u4eba\u5e6b\u5c31\u77e5\u9053bump\u7684\uff0c\u90a3\u6642\u9084\u6709\u7d19\u888b\u4eba\uff0c\u7576\u521d\u4e5f\u662f\u5f9e\u597d\u5947\u5fc3\u9a45\u4f7f\u4e0b\u53bb\u770b\u4ea4\u53cb\u8edf\u9ad4\u7684\uff0c\u4f46\u662f\u5a92\u9ad4\u98a8\u5411\u537b\u662f\u7092\u5230\u4e00\u500b\u8ca0\u9762\u7684\u5f71\u97ff\uff0c\u4e0d\u904e\u6211\u77e5\u9053\u90a3\u662f\u8981\u8b93\u5973\u5b69\u5b50\u53bb\u6ce8\u610f\u5b89\u5168\uff0c\u53ea\u662f\u5f88\u591a\u4eba\u90fd\u88ab\u5a92\u9ad4\u727d\u8457\u9f3b\u5b50\u8d70\uff0c\u7d93\u904e\u9019\u9ebc\u591a\u5e74\u518d\u770b\u5230bump\uff0c\u800c\u662f\u6559\u80b2\u81ea\u5df1\u7684\u8001\u5a46\u8a50\u9a19\u7684\u624b\u6cd5\uff0c\u907f\u514d\u5979\u53c8\u50bb\u50bb\u7684\u88ab\u9a19\uff0c\u56e0\u70ba\u5979\u771f\u7684\u88ab\u9a19\u4e86\uff0c\u611f\u8b1dbump\u7684\u5f71\u7247\uff0c\u53ef\u4ee5\u8b93\u66f4\u591a\u4eba\u53d7\u76ca\u3002"
        },
        {
            "reply_id": "UgzkvBYB1oX9AR7jNQN4AaABAg",
            "reply_content": "\u4e00\u51fa\u751f\u958b\u59cb\u5c31\u5f9e\u5c0f\u5230\u5927\u6211\u5df2\u662f\u8655\u4f4e\u6f6e\u671f\u4e86\uff0c\u4e5f\u4e00\u76f4\u4ee5\u4f86\u90fd\u5728\u7121\u5e95\u6d1e\u88e1\u5f85\u4e86\uff0c\u5c0f\u5c0f\u78ba\u5e78\u4e5f\u662f\u66ab\u6642\u8f49\u79fb\u6ce8\u610f\u800c\u5df2\u2026\u2026\u2026"
        },
        {
            "reply_id": "UgxqSHc1hX9AXzllxhZ4AaABAg",
            "reply_content": "\u4e09\u5341\u5206\u56db\u5341\u516b"
        },
        {
            "reply_id": "UgxVz_1sKxeqczhWB5J4AaABAg",
            "reply_content": "\u5176\u5be6\u4e0d\u7b97\u5f88\u6709\u8108\u7d61\u5f88\u6709\u7cfb\u7d71\u6027\u7684\u6f14\u8b1b\n\u4f46\u662f\u8d85\u611f\u52d5\n\u4e4b\u524d\u4e5f\u5728\u60f3 \u56e0\u70ba\u67ec\u57d4\u5be8\u4e8b\u4ef6 bump\u5f8c\u4f86\u9047\u5230\u66f4\u591a\u4e8b \u53c8\u662f\u5e6b\u52a9\u6c92\u6709\u7d50\u679c \u53c8\u662f\u88ab\u9a19\u5b50\u9a19\n\u6709\u9ede\u64d4\u5fc3bump\u6703\u4e0d\u6703\u5931\u53bb\u71b1\u5ff1\n\u6c92\u60f3\u5230\u4e00\u8def\u4e0a\u6709\u9019\u9ebc\u591a\u4e8b......\n\u5176\u5be6\u6211\u4e5f\u662f\u5f9e\u67ec\u57d4\u5be8\u624d\u77e5\u9053bump\n\u4e0d\u904e\u5f8c\u4f86\u770b\u4e86\u5176\u4ed6\u8a50\u9a19\u89e3\u78bc\u548c\u6551\u4eba\u5f71\u7247 \u6211\u90fd\u89ba\u5f97\u5b78\u5230\u5f88\u591a \u5c0d\u5404\u7a2e\u8a71\u8853\u66f4\u6709\u8b66\u89ba\u6027\n\u73fe\u5728\u770b\u5230bump\u7684\u7d93\u6b77\u5206\u4eab\u8b93\u6211\u6709\u4e9b\u611f\u609f\n\u6211\u5e0c\u671b\u4ee5\u5f8c\u4e0d\u8981\u5fd8\u8a18\u81ea\u5df1\u5728\u9019\u88e1\u5b78\u5230\u7684\u6771\u897f\n\u4ee5\u53ca\u5e0c\u671b\u9084\u53ef\u4ee5\u7e7c\u7e8c\u770b\u5230\u4f60\u7684\u5f71\u7247^^"
        },
        {
            "reply_id": "UgyWw0tn3OnRazkhXQR4AaABAg",
            "reply_content": "\u771f\u4eba\u7248 \u6b50\u723e\u9ea5\u7279"
        },
        {
            "reply_id": "UgyV8oVXsH2gsAt6l-l4AaABAg",
            "reply_content": "\u7591 \u7dda\u4e0a\u8ab2\u51fa\u4e86\u55ce"
        }
    ]
}