{
    "video_info": {
        "id": "ie5a5YWU7cg",
        "channelTitle": "\u597d\u68d2Bump",
        "title": "\u2018\u2019\u8ffd\u56de\u88ab\u9a19\u7684\u9322\u2018\u2019 \u5168\u662f\u8a50\u9a19\uff01\u6211\u89aa\u81ea\u82b112\u842c\u88ab\u9a19\u7d66\u4f60\u5011\u770b\uff01\u3010\u597d\u68d2Bump\u3011\u3010\u8a50\u9a19\u89e3\u78bc\u3011",
        "description": "\u9019\u4e00\u6b21\u66ff\u5927\u5bb6\u89e3\u78bc\u7684\u662f\uff0c\u4e8c\u6b21\u8a50\u9a19\u624b\u6cd5\u8ffd\u56de\u91d1\u6d41\uff0c\u5e0c\u671b\u5927\u5bb6\u770b\u5b8c\uff0c\u5225\u518d\u50bb\u50bb\u7684\u7d66\u4eba\u9a19\u4e86\u3002\n\n#\u8a50\u9a19\u89e3\u78bc #\u8ffd\u56de\u91d1\u6d41 #\u9ea5\u64f1\u9a19\u554a\n--------------------------------------------------------- \r\n\u4e0a\u4e00\u90e8\u5f71\u7247 \u6211\u505a\u570b\u969b\u6551\u63f4\u537b\u88ab\u62b9\u9ed1\uff01\u600e\u6a23\uff1f\u4f60\u5916\u4ea4\u90e8\u662f\u6c92\u4eba\u7ba1\u4e86\u662f\u4e0d\u662f\uff1f\u3010\u597d\u68d2Bump\u3011https://youtu.be/EongC9Lxk0E\r\n\r\n\u8001\u5b50\u7684IG\uff1ahttps://bit.ly/2JqmmIq\r\n\u8001\u5b50\u7684FB\uff1ahttps://bit.ly/2s3pwwb",
        "likeCount": "37102",
        "commentCount": "2262",
        "viewCount": "1096301"
    },
    "comments": [
        {
            "reply_id": "UgwvfF4fffobNaH3fXd4AaABAg",
            "reply_content": "\u9019\u4e00\u96c6\u6c34\u771f\u7684\u5f88\u6df1\uff0c\u5e0c\u671b\u5144\u5f1f\u59d0\u59b9\u53ef\u4ee5\u52a0\u6211\u4ed8\u8cbb\u6703\u54e1\uff0c\u800c\u4e14\u8981\u52a0\u6700\u8cb4\u7684\uff0c3200\u90a3\u500b\uff0c\u4f46\u6211\u5148\u8b1b\uff0c\u6211\u4ec0\u9ebc\u5c41\u90fd\u4e0d\u6703\u7d66\uff0c\u8b1d\u8b1d\u5927\u5bb6\u3002"
        },
        {
            "reply_id": "UgwzOSjJ10kYRLFzoIR4AaABAg",
            "reply_content": "\u6ef7\u8089\u98ef\u7684\u90e8\u5206\u6211\u4e0d\u76f8\u4fe1"
        },
        {
            "reply_id": "UgzIscriVFM1WLAforF4AaABAg",
            "reply_content": "\u5927\u5bb6\u6709\u767c\u73fe\u300c\u5e6b\u4f60\u8ffd\u56de\u8a50\u9a19\u7684\u9322\u8ca1\u9019\u7a2e\u4e8c\u6b21\u8a50\u9a19\u300d\u6700\u8fd1\u5728FB\u72c2\u6d17\u55ce\uff1f\n\u9084\u8aaa\u662f\u97ff\u61c9\u653f\u5e9c\u7684\u5408\u4f5c\uff0c\u6d17\u4e86\u4e00\u500b\u591a\u6708\u4e86\uff0c\u6253\u8a50\u8fa6\u516c\u5ba4\u548c\u6578\u767c\u90e8\u90fd\u6b7b\u4e86\u662f\u4e0d\u662f\uff01\uff1f"
        },
        {
            "reply_id": "UgzfhkHmERemersZHmp4AaABAg",
            "reply_content": "\u771f\u7684\u9ad8\u50f9\u503c\uff01\u771f\u7684\u5c0a\u656c\uff01\n\u6211\u6700\u8fd1\u4e5f\u662f\u88ab\u8996\u8a0a\u8272\u8272\u8a50\u9a19\n\u597d\u68d2bump\u771f\u7684\u592a\u5e25\n\u62cd\u9019\u7a2e\u5f71\u7247\u662f\u8981\u5192\u96aa\u7684\n\u76f4\u63a5\u82b112\u842c\n\u5ba3\u5c0e\u5e6b\u5c1a\u672a\u88ab\u9a19\u7684\u89c0\u773e\u64ad\u771f\u5be6\u8a50\u9a19\u6d41\u7a0b\u5f71\u7247"
        },
        {
            "reply_id": "UgzOdw-UZCiDSedKCk94AaABAg",
            "reply_content": "\u60f3\u8ddf\u4f60\u5206\u4eab\u6211\u88ab\u8a50\u9a19\u7684\u7d93\u9a57\uff0c\u6216\u8a31\u5c0d\u5176\u4ed6\u53d7\u5bb3\u8005\u6703\u6709\u5e6b\u52a9\ud83d\ude22 \u8acb\u554f\u54ea\u88e1\u53ef\u4ee5\u8a0a\u606f\u4f60\u5462"
        },
        {
            "reply_id": "Ugw0ODVuwEYh-96i_EZ4AaABAg",
            "reply_content": "\u6211\u9084\u771f\u7684\u88ab\u9a19\u7b2c\u4e8c\u6b21\uff0c\u88ab\u5047\u5f8b\u5e2b\u4e8b\u52d9\u6240\u99ed\u5ba2\u9a19\u53f0\u5e6319\u842c"
        },
        {
            "reply_id": "UgybbQxp_frOoHze0u54AaABAg",
            "reply_content": "\u5f8c\u9762\u90a3\u500b\u4eba\u5076\u4e4d\u770b\u771f\u662f\u770b\u5230\u6211\u4e86XD"
        },
        {
            "reply_id": "Ugwh1PLtXDPqWQxrirh4AaABAg",
            "reply_content": "\u771f\u5fc3\u89ba\u5f97\u88ab\u9a19\u90fd\u662f\u611a\u8822\u7684 \u6211\u5f9e\u4f86\u6c92\u6709\u88ab\u8a50\u9a19\u96c6\u5718\u9a19\u904e"
        },
        {
            "reply_id": "Ugwwy6HE4RxtxpM2PwF4AaABAg",
            "reply_content": "\u6700\u8fd1\u53c8\u958b\u59cb\u5230\u8655\u6295\u653e\u5ee3\u544a\"\u5e6b\u4f60\u8ffd\u56de\u88ab\u8a50\u9a19\u7684\u9322\"\u7684\u8a50\u9a19"
        },
        {
            "reply_id": "UgztPseorGKS_vjrDxR4AaABAg",
            "reply_content": "\u4ed6\u5011\u8aaa\u7684\u600e\u9ebc\u9084\u6709\u8cc7\u8a62\u8cbb\uff0c"
        },
        {
            "reply_id": "Ugwdye-EEZCilCerahd4AaABAg",
            "reply_content": "\u6d6a\u8cbb12\u842c\u7d66\u8a50\u9a19\u96c6\u5718\u5403\u9999\u559d\u8fa3\u2026\u2026\u62ff\u53bb\u6551\u6fdf\u7aae\u56f0\u6f66\u5012\u7684\u4eba\u6c11\u4e0d\u662f\u66f4\u597d\u55ce"
        },
        {
            "reply_id": "Ugxe7FnO-UQ-0Vv9g-F4AaABAg",
            "reply_content": "\u7b2c\u4e00\u4e2a\u4efb\u52a1\u955c\u5934\u771f\u662f\u5929\u624d\u3002\u7b2c\u4e00\u6b21\u653e\u6b6a\u955c\u5934\u9690\u55bb\u7b2c\u4e00\u6b21\u88ab\u9a97\uff0c\u60f3\u8981\u77eb\u6b63\u53bb\u6446\u5f04\u955c\u5934\uff0c\u7ed3\u679c\u8d8a\u6446\u8d8a\u6b6a\uff0c\u610f\u601d\u662f\u88ab\u8fdb\u4e00\u6b65\u8bc8\u9a97\u3002"
        },
        {
            "reply_id": "Ugw1z6rVOXAbmcOty8B4AaABAg",
            "reply_content": "\u4e0d\u5149\u53f0\u6e7e \u5168\u4e16\u754c\u90fd\u4e00\u6837 \u90a3\u4e9b\u5f8b\u5e08\u5566 \u5565\u5565\u6551\u52a9\u5566\u90fd\u662f\u9a97\u5b50"
        },
        {
            "reply_id": "Ugw4N0edBokwNJO9_Dd4AaABAg",
            "reply_content": "\u70ba\u4ec0\u9ebc\u6211\u88ab\u9a19\u4e86\u4e4b\u5f8c\uff0c\u624d\u770b\u5230\u9019\u500b\u5f71\u7247\ud83d\ude2d\ud83d\ude2d\ud83d\ude2d"
        },
        {
            "reply_id": "UgxGAfLnKfIdWphPDOp4AaABAg",
            "reply_content": "\u8acb\u554f\u5982\u679c\u6211\u5df2\u7d93\u7d66\u90a3\u500b\u99ed\u5ba2\u8cc7\u6599\u4e86\u600e\u9ebc\u8fa6"
        },
        {
            "reply_id": "Ugw7A5Gtt91s1Yuwhcx4AaABAg",
            "reply_content": "\u70ba\u4ec0\u9ebc\u8981\u6253\u9322\u7d66\u7260\u53bb\u9304\u9019\u500b\u5f71\u7247\u554a\uff0c\u9019\u6a23\u6293\u7684\u5230\u7260\uff1f\u5df2\u7d93\u5920\u591a\u4f8b\u5b50\u4e86\u5427"
        },
        {
            "reply_id": "Ugwi5VEuL9huWsjiYG54AaABAg",
            "reply_content": "\u88ab\u9a19\u4e86\u53ef\u4ee5\u8ffd\u5f97\u56de\u4f86\u55ce\uff1f"
        },
        {
            "reply_id": "Ugxkrza-xpeLXontuaV4AaABAg",
            "reply_content": "\u6c5f\u5357\u5e73\u53f0\u62db\u4ee3\u7406\u9876\u7ea7\u6276\u6301"
        },
        {
            "reply_id": "Ugx_ljHXRG6izy7ufB54AaABAg",
            "reply_content": "\u6211\u4eec\u628a\u7535\u8bdd\u5168\u90e8\u5173\u6389\u00b7\u54c8\u54c8\u54c8.\u628a\u5361\u62ff\u6389\u00b7\u5305\u884c\u4e86\u00b7"
        },
        {
            "reply_id": "UgzicJx_B0e77Q_ADnp4AaABAg",
            "reply_content": "\u8fd8\u597d\u6709\u770b\u4f60\uff0c\u4e0d\u7136\u53c8\u88ab\u8bc8\u9a97\u4e86"
        }
    ]
}