{
    "video_info": {
        "id": "Jl81lIySG7M",
        "channelTitle": "\u597d\u68d2Bump",
        "title": "\u7576SWAG\u5230\u5bb6\u88e1\u62cd\u7247\u6642\u7684\u934a\u91d1\u8853\uff01\u4e00\u5929\u5c31\u80fd\u8cfa5\u842c\uff01\u3010\u597d\u68d2Bump\u3011",
        "description": "SWAG\u662f\u5168\u4e16\u754c\u6700\u5927\u7684\u6436\u6a19\u5e73\u53f0\uff0c\u6436\u5230\u597d\u7684\u5973\u6027\u4eba\u985e\u5c31\u62ff\u53bb\u8f49\u8ce3\u8b8a\u73fe\uff0c\u99ac\u4e0a\u5957\u5229\uff0c\u8acb\u5927\u5bb6\u6536\u8d77\u5176\u4ed6\u5947\u5947\u602a\u602a\u7684\u60f3\u6cd5\u3002\n\n#\u7206\u523770\u842c\u9ede #\u8ce3\u6389\u7537\u4f34\u540d\u984d #\u723d\u8cfa5\u842c\uff01\n\n\u6210\u70ba\u9019\u500b\u983b\u9053\u7684\u6703\u54e1\u4e26\u7372\u5f97\u734e\u52f5\uff1a\nhttps://www.youtube.com/channel/UC7XxnhjdYjiQJ3m80K_N_4g/join\n\n--------------------------------------------------------- \r\n\u4e0a\u4e00\u90e8\u5f71\u7247 \u627e\u6700\u5012\u9709\u7684\u670b\u53cb\u73a9\u522e\u522e\u6a02\uff01\u9760\u8870\u904b\u522a\u9664\u6cd5\u76f4\u63a5\u4e2d\u5927\u734e\uff01\uff1f\u3010\u597d\u68d2Bump\u3011\u3010\u53cd\u6307\u6a19\u934a\u91d1\u8853\u3011https://youtu.be/epGDq7PkEEY\n\n\u8001\u5b50\u7684IG\uff1ahttps://bit.ly/2JqmmIq\r\n\u8001\u5b50\u7684FB\uff1ahttps://bit.ly/2s3pwwb",
        "likeCount": "15325",
        "commentCount": "654",
        "viewCount": "1720125"
    },
    "comments": [
        {
            "reply_id": "Ugyrxzr9gpKE2TzH_Ip4AaABAg",
            "reply_content": "S\u696d\u914d \u7d66\u5b83\u5011\u62cd\u5f71\u7247\u4e0d\u662f\u771f\u7684\u7528\u81ea\u5df1\u9322\u5237\u7684\ud83d\ude02"
        },
        {
            "reply_id": "UgyHBe-DVoBRRSnnfnh4AaABAg",
            "reply_content": "\u7b11\u6b7b"
        },
        {
            "reply_id": "Ugz4UfftWS6pI9u7XBp4AaABAg",
            "reply_content": "\u55e8"
        },
        {
            "reply_id": "UgyZtF2hsv19o1s-kZl4AaABAg",
            "reply_content": "\u597d\u68d2\u4e0d\u662f\u79bb\u5a5a\u4e86\u5417\u5475\u5475\u5475"
        },
        {
            "reply_id": "UgyBJBSyBLPkede73Kh4AaABAg",
            "reply_content": "\u60f3\u8a66\u8a66\u770b"
        },
        {
            "reply_id": "Ugxui7tNL1_gZVPwFq94AaABAg",
            "reply_content": "\u5bf9\u6bd4\u4e0b\u5927\u9646\u5973\u6027\u771f\u53ef\u601c\uff0c\u6ca1\u6709\u8fd9\u4e48\u5f00\u653e\uff0c\u53ea\u80fd\u5077\u5077\u6478\u6478\u3002\ud83d\ude06"
        },
        {
            "reply_id": "Ugwc9n9-kYHXazY5tBB4AaABAg",
            "reply_content": "\u8fde\u895f\u554a\u90fd\u662f \u54c8\u54c8"
        },
        {
            "reply_id": "UgwE8v-73dGH_4F9S-h4AaABAg",
            "reply_content": "\u54c8\u54c8\u54c8"
        },
        {
            "reply_id": "UgzOt_fXbS-3A33Y7wt4AaABAg",
            "reply_content": "\u54e1\u5de5\u624d\u85dd\u771f\u7684\u7b11\u7206"
        },
        {
            "reply_id": "Ugw-2SOus3Nm6fSwTtN4AaABAg",
            "reply_content": "\u5f4e\u5f4e\u597d\u50cf\u6709\u56fa\u7832\uff0c\u540c\u5c45\u7684\u6a23\u5b50"
        },
        {
            "reply_id": "UgyKDXqcW_1hVcXxTDN4AaABAg",
            "reply_content": "\u6c92\u5728\u5c37\u5c2c\u7684"
        },
        {
            "reply_id": "UgzB7CrqBW20IvbGYbp4AaABAg",
            "reply_content": "\u6211\u4e4b\u524d\u770b\u65b0\u805e\u817f\u53ef\u4ee5\u6295\u4fdd\n\u4e0d\u77e5\u9053\u90a3\u908a\u53ef\u4e0d\u53ef\u4ee5\u6295\u4fdd"
        },
        {
            "reply_id": "Ugwwd0XG7mXkGN-Q1Z14AaABAg",
            "reply_content": "\u53f0\u6e7e\u771f\u7684\u633a\u597d\u7684\u3002"
        },
        {
            "reply_id": "Ugy5x6740bCFwMGtZ-Z4AaABAg",
            "reply_content": "\u7247\u5c3e\u662f\u88ab\u69a8\u4e7e\u4e86\u55ce"
        },
        {
            "reply_id": "UgyKrUGKtxiaebZo87Z4AaABAg",
            "reply_content": "\u6240\u4ee5\u662f\u9032\u53bb\u6253\u7832\u55ce\ud83d\ude31"
        },
        {
            "reply_id": "UgyKLgkwdfnfrhjBCdd4AaABAg",
            "reply_content": "\u4f18\u8d28\u554a"
        },
        {
            "reply_id": "UgyuRJ2ajurkkcvgbpl4AaABAg",
            "reply_content": "\u53ef\u53ef\u6f02\u4eae\u6b38"
        },
        {
            "reply_id": "UgwVFvx78vM3Vq0-mNl4AaABAg",
            "reply_content": "\u6211\u89ba\u5f97\u4e09\u500b\u4eba\u4e00\u8d77\u5077\u770b\u9580\u7e2b\u90a3\u908a \u6211\u7b11\u51fa\u4f86\u4e86"
        },
        {
            "reply_id": "UgycPqdZBai-VvlGpg14AaABAg",
            "reply_content": "\u5404\u4f4d\u90fd\u662f\u8868\u5144\u5f1f\u4e86\n\u4e00\u5bb6\u89aa"
        },
        {
            "reply_id": "UgyA6a_Ee7Vlc-4vwtB4AaABAg",
            "reply_content": "\u6240\u4ee5\u63a8\u9032\u53bb\u5230\u5e95\u505a\u4e86\u4ec0\u9ebc\uff1f"
        }
    ]
}