{
    "video_info": {
        "id": "lI_orBKz6nA",
        "channelTitle": "\u597d\u68d2Bump",
        "title": "\u5168\u9762\u8abf\u67e5\u60e1\u8cea\u7db2\u7f8e\u7684\u6027\u4ea4\u6613\u904e\u7a0b\uff01\u4e0d\u8981\u518d\u62b9\u9ed1\u6211\u7092\u65b0\u805e\u4e86\uff01\u3010\u597d\u68d2Bump\u3011",
        "description": "\u6211\u5f71\u7247\u73fe\u5728\u628a\u59b3\u5168\u90e8\u6253\u9ed1\u5e95\u99ac\u8cfd\u514b\uff0c\u6240\u4ee5\u6c92\u6709\u4eba\u77e5\u9053\u59b3\u662f\u8ab0\uff0c\u6211\u4e5f\u4e0d\u60f3\u5bb3\u4f60\uff0c\u4f46\u662f\u8b49\u64da\u6211\u90fd\u6703\u7559\u8457\uff0c\u8d70\u4e0a\u6cd5\u9662\u6642\uff0c\u6211\u90fd\u6703\u63d0\u4f9b\u7d66\u6aa2\u67e5\u5b98\u3002\n\n\u5982\u679c\u771f\u7684\u6709\u4eba\u53d7\u5bb3\uff0c\u6216\u8005\u6c92\u6709\u62ff\u5230\u8ce0\u511f\u4ec0\u9ebc\u7684\uff0c\u8acb\u4f86\u806f\u7e6b\u6211IG\u3002\n\n#\u60e1\u4eba\u5148\u544a\u72c0 #\u6211\u5949\u966a\u5230\u5e95 #\u59b3\u61c9\u8a72\u544a\u90a3\u500b\u7db2\u7ad9\u4e0d\u662f\u6211\n--------------------------------------------------------- \r\n\u4e0a\u4e00\u90e8\u5f71\u7247 \u3010\u8a50\u9a19\u89e3\u78bc\u3011\u5e33\u6236\u88ab\u8a50\u9a19\u96c6\u5718\u9a19\u8d70\uff01\u5927\u5b78\u751f\u83ab\u540d\u80cc\u4e0b1000\u842c\uff01\u9084\u6210\u8a50\u9a19\u5171\u72af\uff01\uff1f\u3010\u597d\u68d2Bump\u3011https://youtu.be/kNaPRiB0enU\r\n\r\n\u8001\u5b50\u7684IG\uff1ahttps://bit.ly/2JqmmIq\r\n\u8001\u5b50\u7684FB\uff1ahttps://bit.ly/2s3pwwb",
        "likeCount": "30207",
        "commentCount": "2058",
        "viewCount": "1305221"
    },
    "comments": [
        {
            "reply_id": "UgzCmQezkYNuX6s4RSV4AaABAg",
            "reply_content": "\u8a72\u6f84\u6e05\u7684\u5148\u63d0\u524d\u6f84\u6e05\uff0c\u907f\u514d\u5f71\u97ff\u4e4b\u5f8c\u8a50\u9a19\u89e3\u78bc\u7684\u5b78\u751f\u4fdd\u8b77\u7db2"
        },
        {
            "reply_id": "Ugx3Yswl63LpWfx_3GF4AaABAg",
            "reply_content": "\u5e0c\u671b\u80fd\u66dd\u5149\u7167\u7247\u5566\n\u54ea\u5929\u9019\u7a2e\u5973\u751f\u73a9\u81a9\u4e86\u60f3\u627e\u4e0b\u5bb6\n\u50cf\u6211\u9019\u7a2e\u4e0d\u8af3\u4e16\u4e8b\u7684\u7537\u751f\u53ef\u4e0d\u60f3\u7576\u63a5\u76e4\u4fe0"
        },
        {
            "reply_id": "UgwRREAt2uljusCRXFV4AaABAg",
            "reply_content": "\u770b\u8d77\u4f86\u50cf\u662f\u7db2\u7f8e\u60f3\u859b\u9322\u4f46\u53c8\u6015\u81ea\u5df1\u7684\u540d\u8072\u58de\u4e86 \u597d*"
        },
        {
            "reply_id": "UgyOrMHwmt5aIPDROKx4AaABAg",
            "reply_content": "\u82b1\u9322\u9084\u4e0d\u80fd\u723d\u3002\u53e3\u6190"
        },
        {
            "reply_id": "UgweYBN_sl0aJOUcY3R4AaABAg",
            "reply_content": "\u6642\u9694\u4e00\u5e74\u7d42\u65bc\u77e5\u9053\u9019\u500b\u5973\u751f\u662f\u8ab0\u4e86\u54c8\u54c8\u54c8"
        },
        {
            "reply_id": "UgyUfGJ48LR0FHQsVHt4AaABAg",
            "reply_content": "\u597d\u50cf\u6709\u500b\u5c0e\u6f14\u8aaa70%\u7684\u7db2\u7d05\u90fd\u5728\u8ce3\uff0c\u6211\u76f8\u4fe1"
        },
        {
            "reply_id": "UgzIMBT9cinHeNtdqUV4AaABAg",
            "reply_content": "\u5176\u5be6\u5973\u4eba\u51fa\u4f86\u8ce3\uff0c\u6700\u8a72\u8cac\u602a\u7684\u4e0d\u662f\u7537\u4eba\u55ce\uff1f"
        },
        {
            "reply_id": "UgxEjXpM7Rxy2aGuXxF4AaABAg",
            "reply_content": "\u51e1\u662f\u6c92\u6709\u767d\u5403\u7684\u5348\u9910"
        },
        {
            "reply_id": "Ugxt7HbB7fOcOw2d2AJ4AaABAg",
            "reply_content": "\u96e3\u602a\u53f0\u7063\u9019\u9ebc\u591a\u5973\u751f\u53bb\u7576\u4f01\u696d\u5bb6\ud83d\ude02 \u6211\u5c31\u60f3\u8cc7\u91d1\u54ea\u88e1\u4f86"
        },
        {
            "reply_id": "UgysdB3JOFlxVsqF-nt4AaABAg",
            "reply_content": "\u9084\u9867\u751a\u9ebc\u5f62\u8c61\u554a\n\u66f4\u52a0\u7121\u6065"
        },
        {
            "reply_id": "UgwLR10lgfkaMAC2Drt4AaABAg",
            "reply_content": "\u90a3\u5973\u7684\u6211\u77e5\u9053\u4ed6\u662f\u8ab0\uff0c\u4eba\u96d6\u7136\u5728\u6676\u83ef\u4f46\u662f\u6d77\u9bae\u5473\u90fd\u904d\u4f48\u6574\u500b\u53f0\u7063\u4e86\ud83d\ude02"
        },
        {
            "reply_id": "Ugyg8KSp9KlJfbIu0dp4AaABAg",
            "reply_content": "\u61c9\u8a72\u4e0d\u8981\u6253\u78bc\u770b\u770b\u9019\u500b\u5973\u7684\u9577\u5565\u6a23"
        },
        {
            "reply_id": "UgzBCE-EPszOrRkZVw14AaABAg",
            "reply_content": "\u9019\u7a2e\u7db2\u7f8e\u5c31\u662f\u60f3\u8cfa\u66f4\u591a\uff0c\u4f46\u53c8\u60f3\u8981\u6e05\u7d14\u597d\u540d\u8072\uff0c\u6240\u4ee5\u5c31\u4e0d\u6562\u8a8d"
        },
        {
            "reply_id": "UgyKnnZSx-bnkwJxvOt4AaABAg",
            "reply_content": "\u6709\u4eba\u5728\u62cd\u6b38"
        },
        {
            "reply_id": "UgyFcziEfQuzytSGp954AaABAg",
            "reply_content": "\u6c42\u5225\u5206\u4eab\u4ee5\u4e0b\u8cc7\u6599 \u4e0d\u7d04"
        },
        {
            "reply_id": "UgwrNJ1IWsLdsHgj86p4AaABAg",
            "reply_content": "\u9084\u662f\u88ab\u5979\u8cfa\u5230\u4e86"
        },
        {
            "reply_id": "UgzWzQCMGuXm57QojWt4AaABAg",
            "reply_content": "\u70ba\u5565\u5c40\u901a\u8ddf\u77ed\u53ea\u5dee\u4e00\u842c \u800c\u4e14\u77ed\u5c31\u8981\u4e94\u842c\u9019\u7db2\u7f8e\u662f\u591a\u6f02\u4eae \u4e00\u500b\u6708\u8cfa\u5dee\u4e0d\u591a100 \u90a3\u4e0d\u662f\u5929\u5929\u90fd\u6709\u55ae \u800c\u4e14\u958b200\u9084\u4e0d\u8981\u9592\u9592\u6c92\u4e8b\u505a \u662f\u8981\u5c0d\u65b9\u518d\u5e6b\u5979\u641e\u500b\u526f\u696d\u55ce\ud83d\ude02\n/\n\u5662\u5662 \u6211\u5fd8\u4e86\u9084\u8981\u7d66\u7d93\u7d00\u62bd \u79c1\u63a5\u61c9\u8a72\u80fd\u62ac\u66f4\u9ad8 \u9084\u53ea\u8981\u56db\u842c \u5f88\u53ef\u80fd\u539f\u672c\u662f\u81ea\u6536\u4e09\u842c\u4e94\u800c\u5df2\ud83d\ude02"
        },
        {
            "reply_id": "UgyggjOIYBB6ZI_eQa94AaABAg",
            "reply_content": "\u7d50\u679c\u5c0d\u65b9\u4e5f\u56e0\u6b64\u591a\u8cfa\u4e86\u4f60\u7684\u9322\uff0c\u4f60\u4e5f\u5927\u8cbb\u5468\u7ae0\u505a\u4e86\u9019\u4ef6\u4e8b\uff0c\u6700\u5f8c\u640d\u5931\u7684\u9084\u662f\u4f60\u81ea\u5df1\uff0c\u5c0d\u65b9\u9084\u8cfa\uff0c\u53ef\u80fd\u9019\u90e8\u77ed\u7247\u7684\u6536\u76ca\u4e5f\u8a31\u672a\u4f86\u6709\u6a5f\u6703\u8d85\u904e\uff11\uff10\u842c\uff0c\u4f46\u771f\u7684\u503c\u5f97\uff1f"
        },
        {
            "reply_id": "UgyRd_Wp58UaBMPa7VF4AaABAg",
            "reply_content": "\u771f\u7684\u662f\u5f88x~~\u6709\u505a\u5c31\u6709\u505a\uff0c\u505a\u5b8c\u53c8\u4e0d\u60f3\u627f\u8a8d\u9084\u62b9\u9ed1\u63d0\u544a\uff0c\u771f\u7684\u4e00\u9ede\u4eba\u683c\u90fd\u4e0d\u9867\u7684\u55ce?"
        },
        {
            "reply_id": "Ugw4Q3NnoosUwIjoJs14AaABAg",
            "reply_content": "\u8f9b\u82e6\u4e86"
        }
    ]
}