{
    "video_info": {
        "id": "M_LRdT-RF5I",
        "channelTitle": "\u597d\u68d2Bump",
        "title": "\u7576\u4f60\u662f\u6578\u5b78\u5929\u624d\u6642\u7684\u934a\u91d1\u8853\uff01\u64ca\u6557\u53f0\u5927\u751f\u8cfa5000\u5143\uff01\u3010\u597d\u68d2Bump\u3011",
        "description": "\u6578\u5b78\u6559\u6388\u7684Line\u7559\u7d66\u5927\u5bb6\uff0c\u4e0d\u60f3\u91cd\u4fee\u7684\u53ef\u4ee5\u627e\u4ed6\u60e1\u88dc\u4e00\u4e0b\uff1ahttps://line.me/ti/p/whuCJJh0p0\n\n2\u9031\u6c92\u66f4\u65b0\u90fd\u662f\u70ba\u4e86\u9019\u5834\u6bd4\u8cfd,\n\u6bd4\u5b8c\u9084\u76f4\u63a5\u80c3\u6f70\u760d\u4f11\u990a\u4e86\u5feb1\u9031....\n\u96d6\u7136\u7d2f,\u4f46\u662f\u62ff\u5230\u4e86\u51a0\u8ecd,\u5149\u662f\u9019\u4efd\u69ae\u8000\u5c31\u503c\u5f97\u4e86\n\n#\u5fae\u7a4d\u5206\u6bd4\u8cfd #\u51a0\u8ecd\u69ae\u8000 #\u5410\u4e86\u4e00\u6574\u665a\n--------------------------------------------------------- \r\n\u4e0a\u4e00\u90e8\u5f71\u7247 \u5927\u99ac\u7db2\u53cb\u6b20\u4e0b50\u842c\u8ced\u50b5\uff01\u5bb6\u4eba\u906d\u5230\u6050\u5687\uff01\u8acb\u6211\u5e6b\u5fd9\u8655\u7406\uff01\u3010\u597d\u68d2Bump\u3011https://youtu.be/HNC-F9MfrII\r\n\r\n\u8001\u5b50\u7684IG\uff1ahttps://bit.ly/2JqmmIq\r\n\u8001\u5b50\u7684FB\uff1ahttps://bit.ly/2s3pwwb",
        "likeCount": "31894",
        "commentCount": "2005",
        "viewCount": "1813700"
    },
    "comments": [
        {
            "reply_id": "Ugzmh1Wfi6W7FzqiI854AaABAg",
            "reply_content": "\u770b\u5b8c\u89ba\u5f97\u6700\u5927\u7684\u6311\u6230\u662f\u600e\u9ebc\u559d\u5b8c\u90a3\u4e9b\u9152\u7684\ud83d\ude02"
        },
        {
            "reply_id": "UgzATcZuPxcuWf6BOaR4AaABAg",
            "reply_content": "\u771f\u7684\ud83d\udc40\u5f88\u591a\u6b21"
        },
        {
            "reply_id": "Ugw5QGk8imTsK0Zt64p4AaABAg",
            "reply_content": "\u6211\u73fe\u5728XY\u7684\u90fd\u9084\u6c92\u641e\u5b9a"
        },
        {
            "reply_id": "UgzSxmYZuJvAUayoLV54AaABAg",
            "reply_content": "\u8001\u5be6\u8aaa\u9019\u500b\u6bd4\u8cfd\u8003\u7684\u53ea\u662f\u57fa\u790e\u5fae\u7a4d\u5206\u800c\u5df2\uff0c\u4e3b\u8981\u8d0f\u7684\u95dc\u9375\u9084\u662f\u4e0d\u8981\u9189\u963f"
        },
        {
            "reply_id": "UgxU8_fRfPZ05TbYWDB4AaABAg",
            "reply_content": "\u52aa\u529b\u7684\u4eba\u4e0d\u4e00\u5b9a\u6210\u529f\uff0c\u4f46\u4e0d\u52aa\u529b\u4e00\u5b9a\u4e0d\u6703\u6210\u529f\uff0c\u9019\u53e5\u8a71\u6700\u8fd1\u611f\u89f8\u5f88\u6df1\uff0c\u6700\u8fd1\u4e5f\u662f\u62fc\u76e1\u5168\u529b\u53bb\u6e96\u5099\u8003\u8a66\uff0c\u7d50\u679c\u5931\u6557\u544a\u7d42\uff5e"
        },
        {
            "reply_id": "Ugy1gwBiXHI6DbwjvUR4AaABAg",
            "reply_content": "\u99ac\u4e0a\u4f86\u8907\u7fd2\u56c9"
        },
        {
            "reply_id": "UgxrQtkdfxmmooht3xB4AaABAg",
            "reply_content": "\u56de\u4f86\u8907\u7fd2\u592a\u795e\u5566"
        },
        {
            "reply_id": "Ugy1lAvfLEfuho1zufx4AaABAg",
            "reply_content": "\u6211\u662f\u770b\u5230\u667a\u529b\u6e2c\u9a57\u90a3\u96c6\u904e\u4f86\u7684 \u771f\u7684\u5f88\u5f37"
        },
        {
            "reply_id": "Ugxbe1SQYTp-IxEkooR4AaABAg",
            "reply_content": "\u7b2c\u4e00\u6b21\u770b\u4f60\u5f71\u7247\n\u662f\u8a50\u9a19\u8cb7\u9ede\u6578\u5361\n\u8aaa\u662f\u7af9\u806f\u7684\u90a3\u500b\u5f71\u7247\n\u7576\u6642\u6211\u4ee5\u70ba\u4f60\u53ea\u662f\u500b\u5c41\u5b69\n\u76f4\u5230\u770b\u5230\u9999\u8178\u4f2f\u51b0\u6dc7\u6dcb\u6a5f\n\u624d\u6162\u6162\u56de\u53bb\u628a\u4f60\u6240\u6709\u5f71\u7247\u770b\u5b8c\n\u5f88\u8b1d\u8b1d\u4f60\u7528\u9019\u9ebc\u8f15\u9b06\u5e74\u8f15\u7684\u65b9\u5f0f\u5e36\u7d66\u793e\u6703\u6b63\u5411\u7684\u80fd\u91cf\n\u8b93\u53d7\u773e\u7fa4\u53ef\u4ee5\u5f9e10\u6b72\u523050\u6b72\n\u4eca\u5929\u7684\u5f71\u7247\n\u4e5f\u7d66\u9019\u4e9b\u6e96\u5099\u9081\u5411\u4eba\u751f\u53e6\u5916\u4e00\u500b\u968e\u6bb5\u7684\u5e74\u8f15\u4eba\u4e00\u4e9b\u52d5\u529b\u8207\u9f13\u52f5\n\u52a0\u6cb9\u4f60\u662f\u6700\u68d2\u7684\uff01\uff01"
        },
        {
            "reply_id": "UgyQRUINzHF659V_Xhx4AaABAg",
            "reply_content": "\u9019\u4e00\u4f4d\u7537\u8001\u5e2b\u611f\u89ba\u5f88\u6709\u719f\uff0c\u662f\u4e0d\u662f\u6709\u5728\u54c0\u5c45\u4e0apo\u51fa\u9ed1\u677f\u59b9\u7684YTR\u5462?\u90a3\u6211\u883b\u597d\u5947\u88dc\u7fd2\u73ed\u7684\u540d\u5b57\u53eb\u505a\u751a\u9ebc\u5462?"
        },
        {
            "reply_id": "UgzwcVaVi6ATWmAOzEl4AaABAg",
            "reply_content": "\u9019\u4e00\u4f4d\u6578\u5b78\u8001\u5e2b\u4e0d\u662f\u6709\u5728\u67d0\u4e00\u500b\u958b\u653e\u7684\u5e73\u53f0\u4e0a\u5f88\u6709\u540d\u55ce"
        },
        {
            "reply_id": "Ugw1kFv1uVzA37O3jLh4AaABAg",
            "reply_content": "\u5f8c\u9762\u72d7\u72d7\u53ef\u611b"
        },
        {
            "reply_id": "UgwqLaQWMkgQAOR8dTZ4AaABAg",
            "reply_content": "\u6211\u52aa\u529b\u4e86"
        },
        {
            "reply_id": "Ugx2KRNh3bIeMkG-TBZ4AaABAg",
            "reply_content": "\u9019\u662f\u6211\u5fae\u7a4d\u5206\u671f\u4e2d\u671f\u672b\u524d\u7684\u6a23\u5b50 \u7b11\u6b7b \uff0c \u5982\u679c\u4e0d\u662f\u975e\u5e38\u96e3 \u53ef\u4ee5\u53ea\u82b1\u5e7e\u5929\u7684\u6642\u9593\u505a\u6703\u5f88\u591a\u57fa\u672c\u984c"
        },
        {
            "reply_id": "UgxeTfV45tIIv64P39Z4AaABAg",
            "reply_content": "\u52f5\u5fd7\u72c2\u7247"
        },
        {
            "reply_id": "UgwlW5d_DAl_I2AoBtR4AaABAg",
            "reply_content": "\u5ed6\u54e5\u771f\u7684\u5f88\u6709\u6548\u679c"
        },
        {
            "reply_id": "Ugzxq0HSVFhaggLyKbB4AaABAg",
            "reply_content": "\u9019\u90e8\u7247\u5df2\u7d93\u4e0d\u77e5\u9053\u770b\u4e86\u5e7e\u6b21 \u5f9e\u6703\u8003\u524d\u770b\u5230\u6703\u8003\u5f8c \u771f\u5fc3\u4f69\u670dbump"
        },
        {
            "reply_id": "Ugzha8J-O13Y_TVfUi14AaABAg",
            "reply_content": "\u90a3\u4f4d\u8001\u5e2b\u8aaa\u7684\u597d\uff0c\u6709\u52d5\u6a5f\u4e00\u5b9a\u6703\u6210\u529f"
        },
        {
            "reply_id": "UgwWZQs8g7UpGCZljOB4AaABAg",
            "reply_content": "\u53c8\u4f86\u56de\u9867\u5f71\u7247\u771f\u7684\u5f88\u52f5\u5fd7 \u4f46\u8a8d\u771f\u9b54\u4eba\u592a\u591a\u4e86\u6bcf\u500b\u53ea\u6703\u6253\u5634\u70ae\u7684\u7559\u8a00\u4e26\u4e0d\u6703\u8b93\u4e16\u754c\u66f4\u7f8e\u597d"
        },
        {
            "reply_id": "UgzivkhNOuMZUZmwX9p4AaABAg",
            "reply_content": "\u9080\u8acb\u4e3b\u64ad \u53c3\u52a07\u67089\u865f\u7684\u4e94\u5b50\u68cb\u6bd4\u8cfd"
        }
    ]
}