{
    "video_info": {
        "id": "opTOE66v-C0",
        "channelTitle": "\u597d\u68d2Bump",
        "title": "\u5b78\u751f\u88ab\u8a50\u9a19\u96c6\u5718\u6050\u5687\uff01\u6559\u80b2\u5c40\u9577\u7adf\u70ba\u4e86\u9019\u539f\u56e0\u6f20\u8996\u4e0d\u7406\u2026..\uff1f\u3010\u597d\u68d2Bump\u3011",
        "description": "\u9019\u4e00\u5e74\u4ee5\u4f86\u767c\u751f\u8a31\u591a\u7684\u4e8b\u60c5\uff0c\u611f\u89ba\u50cf\u4e0d\u53ea\u904e\u4e86\u4e00\u5e74\uff0c\u60f3\u8981\u8aaa\u7684\u8a71\uff0c\u90fd\u5728\u5f71\u7247\u4e2d\u4e86\uff0c\u5e0c\u671b\u5927\u5bb6\u80fd\u8a8d\u771f\u770b\u5b8c\uff0c\u975c\u5fc3\u601d\u8003\u3002\n\n#\u8a50\u9a19\u89e3\u78bc #\u6821\u5712\u6050\u5687 #\u674e\u7965\u8001\u5e2b\u6211\u771f\u7684\u4e0d\u80fd\u63a5\u53d7\u4f60\n--------------------------------------------------------- \r\n\u4e0a\u4e00\u90e8\u5f71\u7247\u6211\u73a9NFT\u904a\u6232\u8eba\u8cfa40\u5929\uff01\u9760\u9019\u62db\u624d\u80fd\u771f\u7684\u8cfa\u5230\u9322\uff1f\uff01\u5927\u5bb6\u5343\u842c\u5225\u5617\u8a66\uff01\u3010\u597d\u68d2Bump\u3011\u3010NFT\u904a\u6232\u934a\u91d1\u8853\u3011https://youtu.be/WISBeHVTnsQ\r\n\r\n\u8001\u5b50\u7684IG\uff1ahttps://bit.ly/2JqmmIq\r\n\u8001\u5b50\u7684FB\uff1ahttps://bit.ly/2s3pwwb",
        "likeCount": "37939",
        "commentCount": "2895",
        "viewCount": "842146"
    },
    "comments": [
        {
            "reply_id": "UgwHI2vlIvXvFP9esZx4AaABAg",
            "reply_content": "\u8acb\u5927\u5bb6\u518d\u7d66\u6211\u4e00\u5e74\u7684\u6642\u9593\uff0c\u7121\u8ad6\u4ed8\u51fa\u591a\u5927\u7684\u4ee3\u50f9\uff0c\u6211\u5011\u90fd\u6703\u505a\u5230\u5e95\u3002"
        },
        {
            "reply_id": "UgyLr-KtBgOrsvmW0Dd4AaABAg",
            "reply_content": "\u771f\u7684\u5f88\u611f\u8b1dbump\uff0c\u6211\u4e5f\u8b93\u6211\u7684\u5c0f\u670b\u53cb\u77e5\u9053\u6709\u9019\u4e9b\u8a50\u9a19\u7684\u8cc7\u8a0a\uff0c\u6191\u8457\u4e00\u5df1\u4e4b\u529b\u53bb\u505a\u9019\u4e9b\u771f\u7684\u4e0d\u7c21\u55ae\uff0c\u6211\u4e5f\u662f\u5169\u500b\u5b69\u5b50\u7684\u7238\u7238\uff0c\u652f\u6301bump\uff0c\u52a0\u6cb9\uff0c\u6211\u4e5f\u6703\u4e0d\u505c\u7684\u8ddf\u5c0f\u670b\u53cb\u5021\u5c0e\u53cd\u8a50\u9a19\uff0c\u4e00\u8d77\u52a0\u6cb9\uff01"
        },
        {
            "reply_id": "UgxDQpNF7A_K1-orRoB4AaABAg",
            "reply_content": ""
        },
        {
            "reply_id": "UgwUBO9c7Rual2wR2a54AaABAg",
            "reply_content": "\u592a\u626f\u4e86\uff0c\u56e0\u70ba\u9078\u8209\u8aaa\u4e0d\u884c"
        },
        {
            "reply_id": "UgxVYBcIExdsxVjskLh4AaABAg",
            "reply_content": "\u6703\u4e0d\u6703\u6709\u4e00\u500b\u53ef\u80fd\u662f\uff0c\u653f\u5e9c\u4e5f\u6709\u4efd\uff0c\u5c31\u50cf\u6709\u5149\u660e\u5c31\u6709\u9ed1\u591c\uff0c\u6709\u8b66\u5bdf\u5c31\u5fc5\u9808\u8981\u6709\u9ed1\u793e\u6703\uff0c\u8a50\u9a19\u53ef\u80fd\u4e5f\u662f\u67d0\u653f\u5e9c\u5bb9\u8a31\u7684\u3002"
        },
        {
            "reply_id": "UgxXNNy2IcVZCXL8eBR4AaABAg",
            "reply_content": "\u56de\u982d\u770b\u5728\u770b\u51a5\u7981\u9ee8\u8ddf\u8a50\u9a19\u96c6\u5718\ud83d\ude22"
        },
        {
            "reply_id": "UgzpT-hoRnJSHTmJKqJ4AaABAg",
            "reply_content": "\u52a0\u6cb9"
        },
        {
            "reply_id": "UgyJj2xtX2YjkmI5jNZ4AaABAg",
            "reply_content": "\u4f60\u9019\u6a23\u62cd\u5f71\u7247 \u5728\u7dec\u7538\u6709\u5e7e\u500b\u4eba\u6c92\u6709\u624b\u4e86\ud83d\ude2d"
        },
        {
            "reply_id": "UgxT4L4GppxRiP1oeD94AaABAg",
            "reply_content": "\u5783\u573e\u53f0\u7063\u6559\u80b2\uff0c\u4e0a\u5230\u4e0b\u90fd\u5728\u721b\u3002"
        },
        {
            "reply_id": "UgxHfqHaN8hbAoQdanx4AaABAg",
            "reply_content": "\u52a0\u6cb9\uff0c\u7562\u7adf\u6709\u7684\u4e8b\u771f\u4e0d\u5bb9\u6613"
        },
        {
            "reply_id": "UgyeF9RnFYvLleorlZp4AaABAg",
            "reply_content": "?? \u5947\u602a,\u6211\u5973\u5152\u5b78\u6821\u6709\u6559\u554a, \u800c\u4e14\u9084\u4e0d\u5c11\u8ab2\u7a0b,\u56de\u4f86\u5979\u90fd\u6703\u8ddf\u6211\u5206\u4eab,  \u6211\u4e5f\u6703\u770b\u5230\u65b0\u805e\u5c31\u8ddf\u5979\u8a0e\u8ad6, \u6240\u4ee5\u5230\u5e95\u662f\u54ea\u88e1\u4e0d\u7ba1\u4e86"
        },
        {
            "reply_id": "UgwKaBWtMOBY0tzAz6t4AaABAg",
            "reply_content": "\u6b63\u6240\u8b02\u7121\u80fd\u653f\u5e9c,\u4f4e\u80fd\u5b98\u54e1~\u6bcf\u500b\u884c\u653f\u55ae\u4f4d\u90fd\u4ee5\u9322\u624d\u505a\u4e8b,\u5929\u5929\u90fd\u5728\u65b0\u805e\u4e0a\u5435\u90a3\u4e9b\u6c92\u610f\u7fa9\u4e8b\u60c5,\n\u8a50\u9a19\u96c6\u5718\u5728\u53f0\u7063\u80fd\u7121\u6240\u4e0d\u5728,\u90fd\u662f\u653f\u5e9c\u6c92\u6709\u53bb\u95dc\u6ce8\u8207\u7ba1\u5236,\u5982\u679c\u5a92\u9ad4\u8a2a\u554f\u4e86,\u653f\u5e9c\u4e5f\u9069\u7528\u6b0a\u5229\u628a\u4e8b\u60c5\u58d3\u4e0b\u4f86,\u5230\u5e95\u53f0\u7063\u662f\u53ef\u4ee5\u591a\u721b\u963f"
        },
        {
            "reply_id": "UgxGL5STMICcV7qK4P54AaABAg",
            "reply_content": "\u5176\u5be6\u9664\u4e86\u5b78\u6821 \u770b\u5230\u9019\u500b\u5f71\u7247\u7684\u5bb6\u9577\u4e5f\u53ef\u4ee5\u7d66\u5c0f\u670b\u53cb\u770b\u770b\n\u6211\u4e5f\u662f\u544a\u8a34\u6211\u5bb6\u5b69\u5b50 \u6709\u4efb\u4f55\u554f\u984c \u88ab\u9738\u51cc\u6050\u5687 \u4efb\u4f55\u4e0d\u5c0d\u52c1\u7684\u5730\u65b9 \u6c92\u8fa6\u6cd5\u8655\u7406 \u56de\u4f86\u544a\u8a34\u6211 \u6211\u5e6b\u4f60\u8655\u7406"
        },
        {
            "reply_id": "UgwdirYj7GfGUmYxu-V4AaABAg",
            "reply_content": "\u8fd9\u6837\u5f88\u597d\uff0c\u9700\u8981\u666e\u53ca\uff0c\u88ab\u9a97\u5176\u5b9e\u5c31\u662f\u4ec0\u4e48\u90fd\u4e0d\u77e5\u9053\uff0c\u89c9\u5f97\u5f88\u4e22\u8138\u3002\u6211\u4eec\u9700\u8981\u4e0b\u4e00\u4ee3\u53ef\u4ee5\u4fdd\u62a4\u597d\u81ea\u5df1\u2764\u4e0d\u88ab\u9a97\uff0c\u9047\u5230\u8fd9\u6837\u7684\u4e8b\u60c5\u4f1a\u60f3\u5230\u66fe\u7ecf\u770b\u8fc7\u8fd9\u6837\u7684\u5f71\u7247\uff0c\u600e\u4e48\u5904\u7406"
        },
        {
            "reply_id": "UgwqSqLYluGPWvCLC1R4AaABAg",
            "reply_content": "\u529f\u5fb7\u7121\u91cf\uff0c\u8b1d\u8b1d\u8b1d\u60a8\u70ba\u5b69\u5b50\u5011\u505a\u7684\u3002"
        },
        {
            "reply_id": "UgzLJWwGYPpSqAOwZth4AaABAg",
            "reply_content": "\u7a81\u7136\u60f3\u5230\u4e00\u62db...\u5982\u679c\u4f60\u8981\u6295\u653e\u5ee3\u544a\u5230\u8a50\u9a19\u5ee3\u544a\u5f88\u591a\u7684\u5e73\u53f0\u50cf\u662fLINE\u6216\u662fFB\u7684\u6642\u5019\uff0c\u628a\u5c01\u9762\u505a\u5f97\u50cf\u662f\u8a50\u9a19\u5ee3\u544a(\u65e2\u7136\u9019\u4e9b\u5ee3\u544a\u9019\u9ebc\u5438\u5f15\u4eba\u9ede\u9032\u53bb)\uff0c\u7136\u5f8c\u9ede\u9032\u53bb\u5c31\u662f\u4f60\u7684\u5f71\u7247\uff0c\u4f8b\u5982:\u5fb5\u5bb6\u5ead\u4ee3\u5de5\u6216\u662f\u6253\u5b57\u517c\u5dee...\u9ede\u9032\u53bb\u5c31\u662f\u7834\u89e3\u6253\u5b57\u517c\u5dee\u7684\u5f71\u7247\uff0c\u5c31\u662f\u6703\u88ab\u9019\u500b\u5ee3\u544a\u9a19\u7684\u4eba\uff0c\u9ede\u9032\u53bb\u5c31\u662f\u4f60\u7834\u89e3\u7684\u5f71\u7247\uff0c\u76f4\u63a5\u6253\u5230\u76ee\u6a19\u7fa4\u773e\uff0c\u9019\u6a23\u5982\u4f55? (\u4e5f\u53ef\u4ee5\u9806\u4fbf\u64e0\u6389\u90a3\u4e9b\u8a50\u9a19\u5ee3\u544a\u6295\u653e\u7684\u7a7a\u9593)\n\u9084\u6709\u5c31\u662f\u627e\u5404\u7a2e\u65cf\u7fa4\u89c0\u773e\u591a\u7684\u77e5\u540dYOUTUBER \u6216\u662f\u516c\u773e\u4eba\u7269 \u5408\u4f5c\uff0c\u4f8b\u5982\u5b78\u751f\u8a02\u95b1\u591a\u7684YOUTUBER\u5c31\u7f6e\u5165\u90a3\u65b9\u9762\u7834\u89e3\u6709\u6642\u5019\u9019\u4e9b\u516c\u773e\u4eba\u7269\u8aaa\u7684\u8a71\u6bd4\u8001\u5e2b\u8aaa\u7684\u66f4\u6709\u6548@@ (\u597d\u50cf\u4e0d\u80fd\u7528\u7f6e\u5165\u7684\u540d\u7fa9\u4e0d\u7136\u6709\u4e9b\u4eba\u6703\u55e4\u4e4b\u4ee5\u9f3b)\n\u6216\u662f\u5e38\u5e38\u8fa6\u4e00\u4e9b\u6709\u734e\u5fb5\u7b54\u4e4b\u985e\u7684\u6d3b\u52d5\u5438\u5f15\u66f4\u591a\u4eba\u8a02\u95b1\u4f60\u7684\u983b\u9053...\u7136\u5f8c\u5e38\u5e38\u6709\u6d3b\u52d5\u5438\u5f15\u4ed6\u5011\u6536\u770b! \u734e\u54c1\u4e5f\u53ef\u4ee5\u770b\u6709\u6c92\u6709\u5ee0\u5546\u8981\u7f6e\u5165 \u7bc0\u7701\u4e00\u4e9b\u6210\u672c \u505a\u66f4\u591a@@ \n\u53cd\u6b63\u53ea\u8981\u8b93\u66f4\u591a\u4eba\u770b\u5230\u4f60\u7684\u8a50\u9a19\u89e3\u78bc\u5f71\u7247\u800c\u5df2\u4e0d\u7528\u5728\u610f\u5f9e\u54ea\u88e1\u770b\u5230XD"
        },
        {
            "reply_id": "UgypMUBvZxgRnuwjLbZ4AaABAg",
            "reply_content": "\u4f60\u662f\u4e00\u4f4d\u82f1\u96c4\uff0c\u4e00\u540d\u738b\u8005\ud83d\udcaa"
        },
        {
            "reply_id": "UgxjvEFieDEnfWROeD54AaABAg",
            "reply_content": "\u53f0\u7063\u653f\u5ba2\u672c\u4f86\u6c34\u6e96\u5c31\u4e0d\u600e\u9ebc\u6a23\n\u4e0d\u7136\u600e\u9ebc\u6703\u6709\u90a3\u9ebc\u591a\u8b70\u6848\u5361\u95dc\uff1f\n\u8981\u627e\u66f4\u591a\u7684\u59d4\u54e1\u7acb\u59d4\u624d\u80fd\u6162\u6162\u5f62\u6210\u52e2\n\u800c\u4e14\u9019\u500b\u4e16\u754c\u771f\u6b63\u7684\u8a50\u9a19\u5c31\u5728\u660e\u9762\u4e0a\n\u52aa\u529b\u5de5\u4f5c\u5566\uff0c\u7e73\u623f\u8cb8\u5566\uff0c\u968e\u7d1a\u5566\uff0c\u653f\u6cbb\u5566\n\u6839\u672c\u4e0d\u53ef\u80fd\u771f\u6b63\u7684\u53bb\u9664\u8a50\u9a19\n\u9664\u4e86\u91d1\u9322\u8a50\u9a19\u9084\u6709\u6642\u9593\u8a50\u9a19\n\u4eba\u7d42\u7a76\u5c31\u662f\u8981\u7372\u5f97\u81ea\u5df1\u7684\u5229\u76ca\n\u5728\u91d1\u9322\u7684\u4e16\u754c\u7121\u6cd5\u53bb\u9664\u7684\u5c31\u662f\u4f9b\u7d66\u548c\u9700\u6c42\u7684\u4e0d\u5e73\u8861\n\u6700\u7d42\u662f\u5f37\u52e2\u7684\u4e00\u65b9\u58d3\u5012\u5f31\u52e2\u7684\u4e00\u65b9\u800c\u5df2"
        },
        {
            "reply_id": "Ugy68PbBuJayWFsAhCF4AaABAg",
            "reply_content": "\u8def\u9059\u77e5\u99ac\u529b"
        },
        {
            "reply_id": "Ugwe40YzvMW3K5IHQnJ4AaABAg",
            "reply_content": "Bump\uff0c\u4f60\u5982\u679c\u6709\u5fc3\u8981\u8d70\u9019\u689d\u8def\u4f86\u5e6b\u52a9\u5168\u53f0\u7063\u4efb\u4f55\u8eab\u9677\u65bc\u8a50\u9a19\u82e6\u96e3\u7684\u4eba\uff0c\u4f60\u5f97\u601d\u8003\uff0c\u8981\u4e0b\u5b9a\u6c7a\u5fc3\u5411\u53f0\u7063\u653f\u5e9c\u958b\u6230\uff08\u5982\u679c\u653f\u5e9c\u7e7c\u7e8c\u6c92\u6709\u62ff\u51fa\u6709\u6548\u7684\u4f5c\u70ba\uff09\uff0c\u7576\u7136\uff0c\u5fb7\u4e0d\u5b64\u5fc5\u6709\u9130\uff0c\u4e00\u5b9a\u6703\u6709\u4eba\u4e00\u4e00\u7ad9\u51fa\u4f86\u5e6b\u4f60\u3002"
        }
    ]
}