{
    "video_info": {
        "id": "PCUN0htj_SQ",
        "channelTitle": "\u597d\u68d2Bump",
        "title": "\u6211\u624b\u6a5f\u9001\u4fee\u7adf\u88ab\u5077\u958b\u76f8\u7c3f\u8cc7\u6599\uff01\uff1f\u76f4\u885d\u5e97\u5bb6\u7576\u9762\u5c0d\u8cea\uff01\u3010\u597d\u68d2Bump\u3011",
        "description": "\u624b\u6a5f\u62ff\u53bb\u9001\u4fee\u5176\u5be6\u6709\u5f88\u591a\u98a8\u96aa\uff0c\u5927\u5bb6\u4fee\u624b\u6a5f\u4e4b\u524d\u771f\u7684\u8981\u5148\u60f3\u6e05\u695a\u3002\n\n#\u624b\u6a5f\u7dad\u4fee\u98a8\u96aa #\u5bc6\u78bc\u4e0d\u8981\u4e82\u7d66 #\u8ddf\u8e64\u5230\u6210\u529f\u70ba\u6b62\n\n\u6210\u70ba\u9019\u500b\u983b\u9053\u7684\u6703\u54e1\u4e26\u7372\u5f97\u734e\u52f5\uff1a\nhttps://www.youtube.com/channel/UC7XxnhjdYjiQJ3m80K_N_4g/join\n\n--------------------------------------------------------- \r\n\u4e0a\u4e00\u90e8\u5f71\u7247 \u7528\u4ea4\u53cb\u8edf\u9ad4\u627e\u5305\u990a\uff01\u7adf\u7136\u771f\u7684\u6709\u963f\u59e8\u7d04\u6211\u51fa\u53bb\u8a66\u8a66....\uff1f\u3010\u597d\u68d2Bump\u3011\u3010\u5305\u990a\u934a\u91d1\u8853\u3011https://youtu.be/x7zqPw6LJrw\n\n\u8001\u5b50\u7684IG\uff1ahttps://bit.ly/2JqmmIq\r\n\u8001\u5b50\u7684FB\uff1ahttps://bit.ly/2s3pwwb",
        "likeCount": "25191",
        "commentCount": "2000",
        "viewCount": "1671923"
    },
    "comments": [
        {
            "reply_id": "Ugw-k98204G_MDM7HrZ4AaABAg",
            "reply_content": "\u5927\u5bb6\u771f\u7684\u8981\u7dad\u4fee\u7684\u8a71\uff0c\u6ce8\u610f\u4e00\u9ede\uff0c\u5c0f\u5fc3\u91cd\u8981\u8cc7\u6599\u6703\u5916\u6d29\u3002\n\n\u6211\u5148\u7e7c\u7e8c\u8ddf\u8e64\u4e86\ud83d\ude42"
        },
        {
            "reply_id": "Ugy5hiYRGq_6aAszzf14AaABAg",
            "reply_content": "\u4f46\u771f\u7684\u597d\u5947\u602a\u5594\ud83e\udd14\ud83e\udd14\ud83e\udd14\u6211\u4fee\u624b\u6a5f\n\u5e97\u54e1\u4e5f\u4e0d\u6703\u770b\u76f8\u7c3f\u5440\ud83e\udd14\ud83e\udd14\u5230\u5e95\u54ea\u88e1\u51fa\u554f\u984c"
        },
        {
            "reply_id": "UgyXPJhyGsYwsx9NHdV4AaABAg",
            "reply_content": "\u5148\u8a02\u95b1\u4ee5\u514d\u88ab\u6253"
        },
        {
            "reply_id": "UgwlK0LlY9w0iy3zGL94AaABAg",
            "reply_content": "\u9047\u5230\u4f60\u9019\u7a2e\u4eba\u771f\u7684\u5f88\u8870\uff0c\u5e0c\u671b\u4e0b\u6b21\u4f60\u505a\u932f\u4e8b\u60c5\u4eba\u5bb6\u4e5f\u9019\u6a23\u5c0d\u5f85\u4f60"
        },
        {
            "reply_id": "UgwuewZqsQkS1Q1GXvJ4AaABAg",
            "reply_content": "\u53ef\u662f\u4f60\u4fee\u624b\u6a5f\u6642\u5c0d\u65b9\u4e00\u5b9a\u6703\u8ddf\u4f60\u8981\u5bc6\u78bc\u963f\uff0c\u4ed6\u6703\u8aaa\u8981\u6e2c\u8a66\u529f\u80fd\u6b63\u4e0d\u6b63\u5e38\uff0c\u800c\u4e14\u88ab\u5099\u4efd\u9019\u4ef6\u4e8b\u5728\u600e\u9ebc\u53bb\u60f3\u4e5f\u7d55\u5c0d\u7121\u89e3\uff0c\u53ea\u80fd\u7948\u79b1\u5c0d\u65b9\u4e0d\u6562\u4e82\u641e\u800c\u5df2"
        },
        {
            "reply_id": "Ugw27cRH3DXIWbCAo894AaABAg",
            "reply_content": "\u60f3\u77e5\u9053Bump\u54e5\u5f8c\u7e8c\u6709\u767c\u73fe\u4efb\u4f55\u8cc7\u6599\u6216\u76f8\u7247\u88ab\u5916\u6d41\u55ce\uff1f\n\u9084\u662f\u9019\u500b\u5e97\u5bb6\u771f\u7684\u5b8c\u5168\u6c92\u554f\u984c\u5462\uff1f"
        },
        {
            "reply_id": "Ugyrf_owiBdzVsB4Ibl4AaABAg",
            "reply_content": "\u6211\u6709\u9ede\u597d\u5947\uff5e\u5927\u5bb6\u90fd\u8aaa\u4e0d\u8981\u7d66\u4eba\u5bb6\u5bc6\u78bc \u53ef\u662f\u5982\u679c\u4ed6\u4fee\u624b\u6a5f\u8981\u6253\u958b\u6216\u662f\u6e2c\u8a66\u4ec0\u9ebc\u6771\u897f\u7684\u6642\u5019 \u9700\u8981\u5bc6\u78bc\u600e\u9ebc\u8fa6\ud83e\udd23"
        },
        {
            "reply_id": "UgwU8Ti0Hrjo7sgjDnh4AaABAg",
            "reply_content": "\u708e\u4e9e\u7db8"
        },
        {
            "reply_id": "UgwAW-C3hJq82CwKFhd4AaABAg",
            "reply_content": "\u8aaa\u56e0\u70ba\u8981\u8a2d\u5b9a\u81c9\u90e8\u8fa8\u8b58\u529f\u80fd\u592a\u626f\u4e86\uff0c\u9019\u500b\u8a2d\u5b9a\u898111\u5206\u9418\uff1f"
        },
        {
            "reply_id": "UgzcfwszA-_xLHQrM6J4AaABAg",
            "reply_content": "\u4e5f\u662f\u6709\u767c\u751f\u624b\u6a5f\u9001\u4fee\u7136\u5f8c\u500b\u4eba\u8cc7\u6599\u5916\u6d41\u7684\u4e8b\u60c5\uff0c\u6709\u4e9b\u85dd\u4eba\u5c31\u9019\u6a23\u8b8a\u6210\u8eab\u6557\u540d\u88c2\u4e5f\u662f\u6709\u9019\u4f8b\u5b50\u7684\uff0c\u57fa\u65bc\u5c0f\u5fc3\u4e0d\u8755\u672c\uff0c\u61f7\u7591\u7dad\u4fee\u4eba\u54e1\uff0cBump\u6703\u7dca\u5f35\u4e5f\u662f\u60c5\u7406\u4e4b\u4e2d\u7684\uff01"
        },
        {
            "reply_id": "UgyVltKzmm_PQlCQAbx4AaABAg",
            "reply_content": "\u6709\u88ab\u5bb3\u5984\u60f3\u75c7\u5427"
        },
        {
            "reply_id": "Ugya7VjdL0PN8Yk8UVR4AaABAg",
            "reply_content": "\u89ba\u5f97\u53bb\u860b\u679c\u539f\u5ee0\u7dad\u4fee\u6703\u6bd4\u8f03\u5b89\u5168\u5427"
        },
        {
            "reply_id": "UgwomyhtwZL7F7TizwR4AaABAg",
            "reply_content": "\u56de\u4f86\u53c8\u770b\u7684\uff01\u4e0d\u5c0d\u554aBump\u70ba\u4f55\u4f60\u90a3\u6642\u5019\u6c92\u6709\u8acb\u4ed6\u8abf\u76e3\u8996\u5668\u51fa\u4f86\uff01\u8981\u662f\u4ed6\u6709\u591a\u9918\u7684\u52d5\u4f5c\u5c31\u4ee3\u8868\u505a\u8667\u5fc3\u4e8b\u554a\uff01"
        },
        {
            "reply_id": "UgzmIqQDAPJXxdWg9uJ4AaABAg",
            "reply_content": "\u6709\u6c92\u6709\u4e00\u7a2e\u53ef\u80fd\u6027,\u9084\u597d\u4f60\u9047\u5230\u9019\u500b\u8001\u95c6 ,\u4e0d\u7136\u771f\u7684\u6c92\u4e86\ud83d\ude28"
        },
        {
            "reply_id": "UgzVFNn3CkJFZ_eAhJh4AaABAg",
            "reply_content": "\u6211\u66fe\u7d93\u63db\u96fb\u6c60\uff0c\u7136\u5f8c\u5099\u5fd8\u9304\u6709\u7db2\u9280\u5e33\u5bc6\uff0c\u5f8c\u4f86\u8cf4\u901a\u77e5\u544a\u8a34\u6211\u88ab\u767b\u9304\u904e\uff0c\u4f46\u56e0\u70ba\u4e0d\u80fd\u8f49\u5e33\uff0c\u5f8c\u4f86\u53ef\u80fd\u7f77\u4f11\u4e86"
        },
        {
            "reply_id": "Ugxo8uqTVyAxyVM7cTB4AaABAg",
            "reply_content": "\u4fee\u624b\u6a5f\u4ee5\u5f8c\u53ef\u4ee5\u627e\u4ed6\u4e86"
        },
        {
            "reply_id": "UgzigmUQOmpyTnSldeh4AaABAg",
            "reply_content": "\u6211\u5728\u83ef\u5f37\u5317\u4fee\u624b\u6a5f\u7684\u7d93\u9a57\uff0c\u4e00\u822c\u5e97\u5bb6\u90fd\u662f\u73fe\u5834\u5c31\u4fee\u597d\uff0c\u4e0d\u6703\u7559\u624b\u6a5f\u5728\u5e97\u5bb6\uff0c\u4f60\u53ef\u4ee5\u5728\u65c1\u908a\u770b\u4ed6\u4fee\uff0c\u770b\u60c5\u6cc1\uff0c\u719f\u7df4\u7684\u6280\u5e2b\u5341\u5e7e\u4e8c\u5341\u5e7e\u5206\u9418\u5c31\u4fee\u597d\u4e86"
        },
        {
            "reply_id": "UgyLnm9pnEjhqQqpclB4AaABAg",
            "reply_content": "\u8001\u95c6 \uff1a\u6211\u5011\u61c9\u8a72\u662f\u7121\u51a4\u7121\u4ec7\u5566"
        },
        {
            "reply_id": "UgwZxY31FKNZ8eNMgGF4AaABAg",
            "reply_content": "\u79d8\u5bc6\u4e0d\u7d66\u6c92\u8fa6\u6cd5\u78ba\u8a8d\u662f\u4e0d\u662f\u6240\u6709\u72c0\u6cc1\u90fd\u6709\u4fee\u597d\n\u611f\u89ba\u5f88\u5169\u96e3\n\n\u4e4b\u524d\u9001\u4fee\u5e2b\u7236\u6709\u8aaa\u8981\u5148\u683c\u5f0f\u5316\u6015\u500b\u8cc7\u554f\u984c\uff0c\u4f46\u662f\u6211\u8cc7\u6599\u5728\u88e1\u9762\u8acb\u4ed6\u5148\u4e0d\u8981\u522a"
        },
        {
            "reply_id": "Ugz1VTyK1ROUTMud0aZ4AaABAg",
            "reply_content": "\u6f58\u6735\u62c9\u7684\u76d2\u5b50"
        }
    ]
}