{
    "video_info": {
        "id": "pjdXm5qUIRQ",
        "channelTitle": "\u597d\u68d2Bump",
        "title": "\u7576\u6b63\u59b9\u4f4f\u6211\u5bb6\u4e00\u665a\u6642\u7684\u934a\u91d1\u8853\uff01\u3010\u597d\u68d2Bump\u3011",
        "description": "\u60f3\u8981\u5e8a\u588a\u53ef\u4ee5\u53bb\u9019\u88e1\u8cb7\uff01https://reurl.cc/XeR8qj\n\n\u4eca\u5929\u516c\u958b\u8ca9\u552e\u4f4f\u6211\u5bb6\u4e00\u665a\uff0c\u770b\u770b\u53ef\u4ee5\u6488\u591a\u5c11\u9322\uff5e\n\n#\u516b\u661f\u7d1a\u4eab\u53d7 #1\u665a3\u842c5 #\u9806\u4fbf\u696d\u914d\u4e00\u6ce2\n\n\u6210\u70ba\u9019\u500b\u983b\u9053\u7684\u6703\u54e1\u4e26\u7372\u5f97\u734e\u52f5\uff1a\nhttps://www.youtube.com/channel/UC7XxnhjdYjiQJ3m80K_N_4g/join\n\n--------------------------------------------------------- \r\n\u4e0a\u4e00\u90e8\u5f71\u7247 \u7576SWAG\u5230\u5bb6\u88e1\u62cd\u7247\u6642\u7684\u934a\u91d1\u8853\uff01\u4e00\u5929\u5c31\u80fd\u8cfa5\u842c\uff01\u3010\u597d\u68d2Bump\u3011https://youtu.be/Jl81lIySG7M\n\n\u8001\u5b50\u7684IG\uff1ahttps://bit.ly/2JqmmIq\r\n\u8001\u5b50\u7684FB\uff1ahttps://bit.ly/2s3pwwb",
        "likeCount": "16950",
        "commentCount": "691",
        "viewCount": "1374913"
    },
    "comments": [
        {
            "reply_id": "UgxLX7PfPnovHFBsZEd4AaABAg",
            "reply_content": "\u6211\u662f\u7f6e\u9802\u845b\u683c"
        },
        {
            "reply_id": "UgzOw8QBXScKyM1j9xV4AaABAg",
            "reply_content": "\u597d\u859b"
        },
        {
            "reply_id": "UgxsAz9sNPB0XwBhdBZ4AaABAg",
            "reply_content": "\u90a3\u500b\u5531\u6b4c\u8d85\u8766  \u7b11\u6b7b"
        },
        {
            "reply_id": "UgxukLUpwIvTURMj7kl4AaABAg",
            "reply_content": "\u904e\u9019\u9ebc\u4e45\u4e86\u9084\u662f\u60f3\u554f\u90a3\u500b\u5973\u751fig"
        },
        {
            "reply_id": "Ugw-FMHoe3NgIU8tTFd4AaABAg",
            "reply_content": "\u54c8\u54c8\u54c8\u54c8\u54c8\u54c8\u54c8\u54c8\u54c8"
        },
        {
            "reply_id": "Ugyt5G6tcO6-Tmj02LN4AaABAg",
            "reply_content": "\u5973\u50d5\u5011\u5531\u6b4c\u5176\u5be6\u6eff\u597d\u807d"
        },
        {
            "reply_id": "Ugx019jWIb6gYTXm8f94AaABAg",
            "reply_content": "\u771f\u7684\u5feb\u7b11\u6b7b\ud83d\ude02"
        },
        {
            "reply_id": "UgzWfJxr4CIytLdjQBF4AaABAg",
            "reply_content": "\u5f88\u597d\u807d\u8036\uff0c\u6709\u51fa\u5c08\u8f2f\u55ce\uff1f"
        },
        {
            "reply_id": "UgyvupPUErQ1vGTm6yd4AaABAg",
            "reply_content": "\u9694\u4e00\u5e74\u518d\u770b\u4e00\u6b21\u771f\u6709\u8da3"
        },
        {
            "reply_id": "UgxHTO0VOakz6bOPGuh4AaABAg",
            "reply_content": "\u93c8\u92f8\u4eba"
        },
        {
            "reply_id": "UgzUS7d3aZOVj8EXC5x4AaABAg",
            "reply_content": "\u592a\u6709\u6897\u4e86 \u6211\u4e0d\u5f97\u4e0d\u6210\u627f\u8a8d \u505a\u4eba\u505a\u4e8b\u98a8\u683c\u6709\u4e00\u8d9f"
        },
        {
            "reply_id": "UgzFlGyAGusr4Lhm99t4AaABAg",
            "reply_content": "\u6709\u9019\u500b\u59b9\u5b50\u8cf4\u55ceig\u55ce"
        },
        {
            "reply_id": "Ugwp9wQr9FQo4cUisxZ4AaABAg",
            "reply_content": "\u53f0\u7063\u4eba\u771f\u611b\u73a9\uff0c\u53c8\u73a9\u5f97\u8d77\uff0c\u7a7f\u5230\u9019\u6a23\u4e0b\u8870\u90fd\u80af\uff0c\u670d\u4e86\u3002"
        },
        {
            "reply_id": "UgxvjwDRa2sxdP3zN_N4AaABAg",
            "reply_content": "\u76f4\u63a5\u96fb\u92f8\uff0c\u592a\u731b\u4e86"
        },
        {
            "reply_id": "UgwwEoMnenljKeegWXF4AaABAg",
            "reply_content": "\u4e3b\u8981\u662f\u8c93\u966a\u7761\u6bd4\u8f03\u6709\u6548"
        },
        {
            "reply_id": "UgzdpR_sUx-Y9nedByx4AaABAg",
            "reply_content": "\u54c8\u54c8\u54c8\u54c8\u54c8\u54c8\u54c8"
        },
        {
            "reply_id": "Ugw2RMxyCmjgxhls7HB4AaABAg",
            "reply_content": "\u592a\u6709\u624d\u4e86"
        },
        {
            "reply_id": "UgxxyqdIEVy0ZK0Ta7x4AaABAg",
            "reply_content": "\u5e8a\u588a \u6211\u60f3\u554f\u4f60\u7528\u662f\u90a3\u4e00\u500b?"
        },
        {
            "reply_id": "UgwpIU3I0Qbs287ag5p4AaABAg",
            "reply_content": "\u97f3\u6a02\u83ab\u540d\u7684\u597d\u807d\u5509!\ud83e\udd23"
        },
        {
            "reply_id": "UgyIhVyv2Jsg5TC5NNZ4AaABAg",
            "reply_content": "\u7576\u9019\u88e1\u7684\u54e1\u5de5\u592a\u4e0d\u5bb9\u6613\u4e86\uff01"
        }
    ]
}