{
    "video_info": {
        "id": "Q12vSYo-zBg",
        "channelTitle": "\u597d\u68d2Bump",
        "title": "\u7576\u6211\u9047\u5230\u535a\u5f08\u8a50\u9a19\u6642\u7684\u934a\u91d1\u8853\uff0110\u5206\u9418\u8cfa5\u842c\uff01\u3010\u597d\u68d2Bump\u3011@\u86cb\u5854 EGGTA",
        "description": "\u96d6\u7136\u8ced\u535a\u5f88\u5371\u96aa\uff0c\u4f46\u662fYou only live once\uff0c\u6240\u4ee5\u6211\u8c41\u51fa\u53bb\u4e86\uff01\u800c\u4e14We did it\uff01\n\n#WeDidIt #\u53ca\u6642\u884c\u6a02 #\u54a6\u4e0d\u662f\u8981\u8e22\u7206\u55ce\n\n\u6210\u70ba\u9019\u500b\u983b\u9053\u7684\u6703\u54e1\u4e26\u7372\u5f97\u734e\u52f5\uff1a\nhttps://www.youtube.com/channel/UC7XxnhjdYjiQJ3m80K_N_4g/join\n\n--------------------------------------------------------- \r\n\u4e0a\u4e00\u90e8\u5f71\u7247 \u76f4\u64ad\u8a50\u9a19\uff01\u5047\u611f\u60c5\u771f\u52d2\u7d22110\u842c\uff01\u5f9e\u982d\u5230\u5c3e\u7adf\u53ea\u662f\u5c0f\u7de8\u5728\u966a\u4f60\u804a\u5929\uff01\u3010\u597d\u68d2Bump\u3011https://www.youtube.com/watch?v=XSHWYBAq8qw&feature=youtu.be\n\r\n\u8001\u5b50\u7684IG\uff1ahttps://bit.ly/2JqmmIq\r\n\u8001\u5b50\u7684FB\uff1ahttps://bit.ly/2s3pwwb",
        "likeCount": "13613",
        "commentCount": "2362",
        "viewCount": "1056695"
    },
    "comments": [
        {
            "reply_id": "Ugz3ZOTndX8ivynm5Ql4AaABAg",
            "reply_content": "\u6211\u53ea\u662f\u4e00\u500b\u7f6e\u9802\u7559\u8a00"
        },
        {
            "reply_id": "Ugz4ggTMgFXkawJQlZp4AaABAg",
            "reply_content": "\u5462\u4e00\u500b\u77ed\u7247\u6703\u5438\u5f15\u4e00\u4e9b\u60f3\u8cfa\u5feb\u9322\u7684\u4eba\u53bb\u958b\u8ced\u9322\u6236\u53e3\uff0c\u5e0c\u671b@bumpbro \u6536\u8d77\u5462\u689d\u7247\n\n\u672c\u4eba\u5728\u9280\u884c\u5de5\u4f5c\u8655\u7406\u554f\u984c\u8cec\u6236\uff0c\u4e5f\u6709\u670b\u53cb\u505a\u5f8b\u5e2b\u63a5\u9019\u985e\u6848\u4ef6\uff0c\u6236\u53e3\u6536\u4e86\u9ed1\u9322\uff0c\u6236\u4e3b\u6709\u6a5f\u6703\u88ab\u5211\u4e8b\u8d77\u8a34\uff0c\u4e00\u8eab\u87fb\uff0c\u5f88\u9ebb\u7169\u7684"
        },
        {
            "reply_id": "UgxHKKKiJPx7o6p2LuV4AaABAg",
            "reply_content": "\u60f3\u770b\u9322\u9f8d\u7687 \u96d6\u7136\u662f\u5408\u6cd5\u7684\u8a3b\u518a\u5a1b\u6a02\u57ce \u4f46\u9084\u662f\u6015\u6015\u7684"
        },
        {
            "reply_id": "UgxxgcSCWrE8kq7HdV94AaABAg",
            "reply_content": "\u5f88\u597d\u5947\uff0c\u4ed6\u5230\u5e95\u662f\u505a\u4ec0\u9ebc\u7684\u624d\u53ef\u4ee5\u8cb7\u4fdd\u6642\u6377"
        },
        {
            "reply_id": "UgxjW-bxUY9MLg0WMIh4AaABAg",
            "reply_content": "\u6211\u662f\u53f0\u5927\u5e79\u8a71\u7cfb\u5e79\u8a71\u79d1\u7684+1"
        },
        {
            "reply_id": "UgwutqsQJc2pBtti7Bp4AaABAg",
            "reply_content": "\u6709\u8eab\u5206\u8b49\u88fd\u9020\u6a5f \u7db2\u9801\u6253\u5c31\u6709\u4e86\n\n\u4ee5\u524d\u96fb\u8166\u5c31\u6709\u4e86 \u73fe\u5728\u624b\u6a5f\u7db2\u9801\u4e5f\u53ef\u4ee5\n\n\u9019\u500b\u7528\u65bc\u6b63\u7576\u7528\u9014 \u50cf\u662f\u9019\u7a2e\u7684\u6216\u662f\u904a\u6232\u7684\n\n\u4e0d\u904e\u6700\u597d\u8a18\u4f4f\u4e5f\u6700\u597d\u904a\u6232\u7528\u771f\u7684\n\n\u4e0d\u7136\u6709\u7684\u904a\u6232\u6709\u62bd\u734e\u9912"
        },
        {
            "reply_id": "Ugw51Wa3MWFVbo_65fN4AaABAg",
            "reply_content": "\u9019\u662f\u8a50\u9a19\u7db2\u7ad9\u6a19\u699c\u4fdd\u8b49\u7372\u5229\u63d0\u9818\u8981\u4ed8\u5148\u4ed8\u9322\u7684\n\u6b63\u51fa\u91d1\u7684\u5a1b\u6a02\u57ce\u90fd\u88ab\u8a50\u9a19\u96c6\u5718\u5f71\u97ff\u5230\u4e86\u3002\u3002\u3002"
        },
        {
            "reply_id": "UgzK304LkWumyFKcBqx4AaABAg",
            "reply_content": "\u86cb\u5854\u845b\u683c\u597d\u5e25\u53c8\u6709\u9322\u771f\u597d"
        },
        {
            "reply_id": "UgxTrm2-JrxO-wwtChl4AaABAg",
            "reply_content": "\u653e\u5c0f\u9b5a\u91e3\u5927\u9b5a"
        },
        {
            "reply_id": "UgzWoFai82xPjPxIfKZ4AaABAg",
            "reply_content": "\u5728\u5de5\u4f5c\u7684\u4e16\u754c\u4e2d\uff0c\u4efb\u4f55\u5de5\u8cc7\u90fd\u662f\u53ef\u80fd\u7684\u3002\u4f60\u8981\u6c42\u4e00\u5929\u5de5\u8cc7\u591a\u5c11\u591a\u5c11\uff0c\u5c0d\u8001\u95c6\u4f86\u8aaa\u90fd\u4e0d\u662f\u554f\u984c\uff0c\u5047\u8a2d\u4f60\u8981\u6c42\u4e00\u5929\u5de5\u6b2160000\u5143\uff0c\u5c0d\u8001\u95c6\u4f86\u8aaa\u4e5f\u662f\u6c92\u554f\u984c\u7684\uff0c\u4f46\u8001\u95c6\u8981\u6c42\u4e0d\u591a\uff0c\u4ed6\u8981\u6c42\u4f60\u7684\u5de5\u4f5c\u80fd\u5e6b\u4ed6\u5e36\u4f8661000\u5143\u7684\u5229\u6f64\u5c31\u884c\u3002\u4f60\u554f\u5fc3\u81ea\u5df1\u6709\u9019\u500b\u80fd\u529b\u55ce\uff1f\u81ea\u5df1\u503c\u9019\u500b\u50f9\u9322\u55ce\uff1f\u5982\u679c\u6c92\u6709\u7684\u8a71\uff0c\u4e56\u4e56\u4e0a\u73ed\u5c31\u597d\u4e86\u3002"
        },
        {
            "reply_id": "UgwnLMIZj9ZALiB-ej14AaABAg",
            "reply_content": "\u5e33\u6236\u51cd\u7d50\u4e86\u6c92"
        },
        {
            "reply_id": "Ugywgm2JrzgSKb5rXsx4AaABAg",
            "reply_content": "\u6211\u53f0\u5927\u8cc7\u6e90\u73ed"
        },
        {
            "reply_id": "UgzMDW5sxXoC5Zpo_9h4AaABAg",
            "reply_content": "\u6211\u6bd4\u8f03\u597d\u5947\u5e33\u6236\u6709\u8b8a\u6210\u8b66\u793a\u5e33\u6236\u55ce??"
        },
        {
            "reply_id": "UgzwPpoIMykdF05FBpt4AaABAg",
            "reply_content": "\u8a50\u9a19\u6839\u672c\u7684\u505a\u6cd5\uff0c\u662f\u56b4\u5211\u5cfb\u6cd5\uff0c\u8a50\u9a19\u72af\u7f6a\u4eba\u5341\u5e74\u4ee5\u4e0a\u5211\u671f\uff0c\u7f70\u6b3e\u91d1\u984d\u8a50\u9a19\u91d1\u984d100\u500d\uff0c\u82e5\u662f\u4e0d\u80fd\u7acb\u6cd5\u7ba1\u63a7\uff0c\u4e7e\u8106\u53f0\u7063\u7531\u5927\u9678\u4f86\u63a5\u7ba1\uff0c\u5927\u9678\u5c0d\u8a50\u9a19\u72af\uff0c\u95dc\u5230\u6b7b\uff0c\u770b\u8a50\u9a19\u72af\u6562\u4e0d\u6562\uff0c\u5426\u5247\u8a50\u9a19\u884c\u70ba\uff0c\u662f\u9ad8\u85aa\u884c\u696d\uff0c\u4f4e\u6210\u672c\uff0c\u9ad8\u7372\u5229\uff0c\u4f4e\u98a8\u96aa\uff0c\u88ab\u6293\u4e86\uff0c\u6613\u79d1\u7f70\u91d1\u5c31\u653e\u51fa\u4f86~~"
        },
        {
            "reply_id": "UgyUoMcgrauE8xthnrZ4AaABAg",
            "reply_content": "\u4e0d\u7ed9\u4f60\u63d0\u73b0\u7684\u5e73\u53f0\u672c\u6765\u5c31\u662f\u6781\u5c11\u6570\uff0c\u672c\u6765\u5355\u53cc\u4ec0\u4e48\u7684\u90fd\u662f50%\u6982\u7387\u4e2d\u7684\u3002\u4f60\u73a9\u591a\u4e86\u4e00\u5b9a\u662f\u4e8f\u5b8c\u7684\u3002\u8ddf\u8d4c\u573a\u73a9\u8f6e\u76d8\u90a3\u79cd\u4e00\u4e2a\u9053\u7406"
        },
        {
            "reply_id": "Ugyctj4EwDsS7m07ga14AaABAg",
            "reply_content": "\u5982\u679c\u62cd\u8eab\u4efd\u8b49\u548c\u5b58\u647a\u7d66\u5225\u4eba\u5225\u4eba\u6703\u62ff\u53bb\u505a\u4e0d\u6cd5\u5229\u7528\u55ce\uff1f"
        },
        {
            "reply_id": "UgzWRoIxrpSPjPdHk-Z4AaABAg",
            "reply_content": "\u6b64\u7247\u88ab\u64f7\u53d6\u8b8a\u6210\u8a50\u9a19\u5ee3\u544a\u4e86"
        },
        {
            "reply_id": "UgxQekkmvu4n0iJP3rN4AaABAg",
            "reply_content": "\u6211\u4e5f\u60f3\u5206\u4eab\ud83d\ude01\ud83d\ude01\n\u771f\u6b63\u80fd\u8cfa\u5230\u6536\u76ca\u7684\u5594\n\u5b8c\u5168\u7b26\u5408\u5546\u696d\u908f\u8f2f\n\u5b8c\u5168\u6c92\u6709\u8cc7\u91d1\u5b89\u5168\u554f\u984c\n\u6240\u6709\u5b89\u5168\u554f\u984c\u90fd\u4e0d\u662f\u5efa\u7acb\u5230\u5927\u5bb6\u7684\u8a8d\u77e5\u4e4b\u5916\u5594\n\n\u8981\u77e5\u9053\u8a50\u9a19\u6700\u5e38\u7528\u7684\u624b\u6cd5\n\u5c31\u662f1\u60252\u8caa3\u6050\u61fc4\u4e0d\u61c2\n\u6240\u4ee5\u5e38\u5e38\u5404\u7a2e\u5439\u5230\u98db\u5929\u9041\u5730\n\u6c92\u6709\u4e00\u500b\u53bb\u601d\u8003\u5982\u679c\u505a\u4e00\u4ef6\n\u201c\u771f\u4e8b\u201c\n\u8166\u888b\u901a\u901a\u7528\u5728\u5404\u7a2e\u5305\u88dd\u8ddf\u9020\u52e2\n\u505a\u4e00\u500b\u771f\u6b63\u5b8c\u5168\u7b26\u5408\u5546\u696d\u908f\u8f2f\u7684\u6771\u897f\u771f\u7684\u662f\u4e0d\u5bb9\u6613\n\u4f46\u662f\u8207\u5176\u628a\u8166\u888b\u6bcf\u6bcf\u7528\u5728\u5982\u4f55\u9a19\n\u4e0d\u5982\u628a\u5341\u6b21\u7684\u7528\u4f86\u60f3\u600e\u9ebc\u9a19\u7684\u7cbe\u529b\u7528\u5728\u601d\u8003\u5982\u4f55\u80fd\u505a\u51fa\u4e00\u500b\u771f\u6b63\u80fd\u7b26\u5408\u5546\u696d\u908f\u8f2f\u7684\n\n\u62dc\u8a17\u5df2\u7d93\u90a3\u9ebc\u591a\u8a50\u9a19\u4e86\n\u5927\u5bb6\u90fd\u7fd2\u4ee5\u70ba\u5e38\u4e86\n\u4f86\u4e00\u500b\u771f\u7684\u5982\u4f55\n\n\u5982\u4f55\u7528\u4e0d\u5230100\u7f8e\u5200\n\u80fd\u5920\u6709\u6a5f\u6703\u8cfa\u5230\u5341\u591a\u842c\u53f0\u5e63\n\u53ef\u80fd\u6578\u5b57\u6709\u9ede\u8a87\u5f35\n\u4f46\u662f\u96a8\u4fbf\u90fd\u80fd\u6709\u597d\u591a\u500d\n\n\u5982\u679c\u8003\u91cf\u81ea\u5df1\u672c\u8eab\u7684\u60c5\u6cc1\n\u662f\u5141\u8a31\u80fd\u5920\u8ce0100\u7f8e\u5200\u7684\n\u90a3\u4e0d\u59a8\u4f86\u5617\u8a66\u4e00\u4e0b\n\u6211\u80fd\u5920\u4fdd\u8b49\u7684\u662f\n\u4e00\u500b\u5c0f\u6642\u80fd\u770b\u5230\u7d50\u679c\n\n\u9a19\u4eba\u6211\u5168\u5bb6\u6b7b\u5149\u5149\n\u8001\u4e8c\u88ab\u72d7\u5543\ud83d\ude01\ud83d\ude01"
        },
        {
            "reply_id": "UgwpbpGCJZq6K8MWhkR4AaABAg",
            "reply_content": "\u6709\u8fd9\u4e48\u597d\u7684\u4e8b\u5417\uff1f"
        },
        {
            "reply_id": "UgySAkxf1omJmNvvfAN4AaABAg",
            "reply_content": "\u90a3\u88e1\u6709\u6025\u901f\u8cfd\u8eca\u53ef\u4ee5\u73a9\uff1f"
        }
    ]
}