{
    "video_info": {
        "id": "Qbqd73Mkm8o",
        "channelTitle": "\u597d\u68d2Bump",
        "title": "\u7576\u5929\u7afa\u9f20\u8eca\u8eca\u83ab\u540d\u7206\u7d05\u6642\u7684\u934a\u91d1\u8853\uff01\u3010\u597d\u68d2Bump\u3011",
        "description": "\u5929\u7afa\u9f20\u8eca\u8eca\u7d05\u4ec0\u9ebc\u6211\u662f\u4e0d\u77e5\u9053\uff0c\u4f46\u6211\u662f\u505a\u51fa\u4e86\u4e00\u53f0\u6b7b\u8001\u9f20\u8eca\u8eca\u3002\n\n\u8ce3\u8eca\u627e\u98db\u8eca\u806f\u76df\nhttps://bit.ly/3bcQyUL\n\n#\u5929\u7afa\u9f20\u8eca\u8eca #\u8eca\u982d\u6539\u88dd #\u6263\u724c\u88ab\u6263\u4e862\u842c\u54ed\u54ed\n\n\u6210\u70ba\u9019\u500b\u983b\u9053\u7684\u6703\u54e1\u4e26\u7372\u5f97\u734e\u52f5\uff1a\nhttps://www.youtube.com/channel/UC7XxnhjdYjiQJ3m80K_N_4g/join\n\n--------------------------------------------------------- \r\n\u4e0a\u4e00\u90e8\u5f71\u7247 \u6211\u900f\u904e\u901a\u9748\u4eba\u8207\u904e\u4e165\u5e74\u7684\u8001\u7238\u5c0d\u8a71.... \u6700\u5f8c\u7684\u9053\u5225\u3002\u3010\u597d\u68d2Bump\u3011 https://youtu.be/2Pqw2VdLTpM\n\n\u8001\u5b50\u7684IG\uff1ahttps://bit.ly/2JqmmIq\r\n\u8001\u5b50\u7684FB\uff1ahttps://bit.ly/2s3pwwb",
        "likeCount": "6810",
        "commentCount": "349",
        "viewCount": "493194"
    },
    "comments": [
        {
            "reply_id": "UgyeotetC2NKAF-who54AaABAg",
            "reply_content": "\u8b8a\u6b7b\u8001\u9f20\u8eca\u8eca\u4e86\ud83d\ude42"
        },
        {
            "reply_id": "UgxV32qSaI34rIh2NNN4AaABAg",
            "reply_content": "\u54c8\u54c8\u88ab\u8b66\u5bdf\u6514\u4e0b"
        },
        {
            "reply_id": "Ugx0rzwmRGMbddxrhqR4AaABAg",
            "reply_content": "\u53ef\u4ee5\u4e0a\u8def\u55ce?"
        },
        {
            "reply_id": "UgwoZwEBz7raVOgirMd4AaABAg",
            "reply_content": "\u90a3\u8981\u600e\u9ebc\u52a0\u6cb9"
        },
        {
            "reply_id": "UgxcEjNr9TyleXTkC9B4AaABAg",
            "reply_content": "\u9019\u53f0\u62ff\u53bb\u7576\u82b1\u8eca\u61c9\u8a72\u4e0d\u932fxd  \u8a71\u8aaa\u773c\u775b\u7528\u9ecf\u7684\u4e0d\u5c31\u597d\u4e86~"
        },
        {
            "reply_id": "Ugy7Z_il8FJPNvl9kZF4AaABAg",
            "reply_content": "\u8eca\u982d\u518d\u639b\u4e00\u500b\u7167\u7247\u5c31\u662f\u5929\u7afa\u9f20\u9748\u8eca"
        },
        {
            "reply_id": "Ugwa22NKFFxIw_eunj14AaABAg",
            "reply_content": "\u52de\u8d16"
        },
        {
            "reply_id": "Ugwbdz7HL0BRbhegZk94AaABAg",
            "reply_content": "\u524d\u9762\u7528\u73bb\u7483\u7d19"
        },
        {
            "reply_id": "Ugzej-lqoHseYtM8vIJ4AaABAg",
            "reply_content": "\u6d3b\u50cf\u53f0\u9748\u8eca"
        },
        {
            "reply_id": "UgyDBehhFZsdOw8T8sl4AaABAg",
            "reply_content": "\u4f60\u6562\u958b\u51fa\u53bb\u55ce\u54c8\u54c8"
        },
        {
            "reply_id": "UgxMb9i80HD19Moi4xl4AaABAg",
            "reply_content": "\u8b8a\u6b7b\u8001\u9f20\u8eca\u8eca\u4e86\ud83d\ude42"
        },
        {
            "reply_id": "Ugw4R9U13gSZebsABAJ4AaABAg",
            "reply_content": "\u6709\u9ede\u50cf\u9748\u8eca"
        },
        {
            "reply_id": "UgwXmw94lctlsiFXfGt4AaABAg",
            "reply_content": "\u5e7e\u6b21\u4e86"
        },
        {
            "reply_id": "Ugx3vSep-nCTmwfSYtZ4AaABAg",
            "reply_content": "\u61c2\u522a\u6b38"
        },
        {
            "reply_id": "Ugygux9hiNSiDJhuP1B4AaABAg",
            "reply_content": "\u7537\u4eba\u7684\u5feb\u6a02\u5c31\u662f\u90a3\u9ebc\u7c21\u55ae\ud83e\udd23"
        },
        {
            "reply_id": "UgxzBbyuHk_18pjs6Cd4AaABAg",
            "reply_content": "\u958b\u982d\u548c\u62b1\u6b49\u8072\u660e\u7684\u8863\u670d\u4e00\u6a23"
        },
        {
            "reply_id": "UgxC_iMuvPrhLCxfil54AaABAg",
            "reply_content": "\u53ef\u4e0d\u53ef\u4ee5\u5be6\u6e2c\u624b\u904a\u88e1\u9762\u5728\u4e16\u754c\u983b\u9053\u558a\u6574\u5929\u7684\u6a5f\u5668\u4eba\uff08\u4ec0\u9ebc1000\u53f0\u5e63\u7d66\u4f60\u50f9\u503c3-10\u842c\u7684\u865b\u64ec\u9ede\u6578\u4e4b\u985e\u22ef\uff09\u5230\u5e95\u662f\u8a50\u9a19\u9084\u662f\u771f\u7684\u6709\u8d85\u503c\u7206\u8868\u7684\u865b\u64ec\u8ca8\u5e63"
        },
        {
            "reply_id": "UgzzppB9KVZG5LgMl254AaABAg",
            "reply_content": "\u81ea\u5f9e\u770b\u4e86Bump\u7684\u5f71\u7247\u4e4b\u5f8c\u6211\u5df2\u7d93\u662f\u5404\u570b\u8a9e\u8a00\u7684\u6559\u6388\u4e86\uff01"
        },
        {
            "reply_id": "UgxUdaXcuNzBOCmnQBB4AaABAg",
            "reply_content": "\u600e\u9ebc\u6709\u9ede\u50cf\u8a08\u7a0b\u8eca"
        },
        {
            "reply_id": "UgxunOQNHkFcg39UPNN4AaABAg",
            "reply_content": "\u5e0c\u671b\u53ef\u4ee5\u62cd\u6709\u95dc\u96c5\u99ac\u905c\u96fb\u5546\u5230\u5e95\u662f\u4e0d\u662f\u80fd\u8cfa\u9322"
        }
    ]
}