{
    "video_info": {
        "id": "R-OpmOeb5ng",
        "channelTitle": "\u597d\u68d2Bump",
        "title": "\u9084\u5e36\u98a8\u5411\uff1f\u5973\u4eba\u8ff7\u4f60\u5230\u5e95\u5920\u4e86\u6c92\uff1f\u3010\u597d\u68d2Bump\u3011",
        "description": "\u5f9e\u4eca\u4ee5\u5f8c\u8ab0\u518d\u5e36\u98a8\u5411\u4f86\u60e1\u610f\u91dd\u5c0d\uff0c\u6211\u90fd\u4e0d\u6703\u518d\u7b11\u7b11\u7576\u6c92\u4e8b\u3002\n\u4fb5\u6b0a\u4e8b\u4ef6\u61f6\u4eba\u5305\uff1ahttps://bit.ly/38CBvmS\n\n#\u7d55\u4e0d\u59d1\u606f #\u7b49\u59b3EMAIL #\u4f86\u9ede\u706b\u85e5\u5473\n--------------------------------------------------------- \n\u4e0a\u4e00\u90e8\u5f71\u7247\u7576\u6b63\u59b9\u4f4f\u6211\u5bb6\u4e00\u665a\u6642\u7684\u934a\u91d1\u8853\uff01\u3010\u597d\u68d2Bump\u3011https://youtu.be/pjdXm5qUIRQ\n\n\u8001\u5b50\u7684IG\uff1ahttps://bit.ly/2JqmmIq\n\u8001\u5b50\u7684FB\uff1ahttps://bit.ly/2s3pwwb",
        "likeCount": "14408",
        "commentCount": "1276",
        "viewCount": "686215"
    },
    "comments": [
        {
            "reply_id": "UgzX5vfXJ9x0GQGfVup4AaABAg",
            "reply_content": "\u90a3\u4e9b\u4e00\u76f4\u5728\u80cc\u5f8c\u717d\u98a8\u9ede\u706b\u7684\uff0c\u6211\u662f\u4e0d\u60f3\u53bb\u7406\u4f60\u5011\uff0c\u4f46\u4f60\u53ef\u4ee5\u518d\u7e7c\u7e8c\u63d0\u5230\u6211\u4e00\u6b21\u8a66\u8a66\u770b\ud83d\ude42"
        },
        {
            "reply_id": "UgwbZ1ozggEYmBLiaDR4AaABAg",
            "reply_content": "\u4e0a\u8863\u662f\u54ea\u8cb7\u7684\u554a\uff1f\u5f88\u597d\u770b"
        },
        {
            "reply_id": "UgyPWstiwerOeSsmduh4AaABAg",
            "reply_content": "\u4f60\u5c31\u662f\u9019\u6642\u5019\u958b\u59cb\u88ab\u70cf\u9d09\u5229\u7528\u4e86\u3002\u70cf\u9d09\u73fe\u5728\u641e\u5230\u81ea\u5df1\u773e\u53db\u89aa\u96e2"
        },
        {
            "reply_id": "Ugw8k3uq1ZLPLP73FkJ4AaABAg",
            "reply_content": "\u54c8\u54c8\u54c8\u54c8\u54c8\u54c8\u54c8"
        },
        {
            "reply_id": "UgzM2X9hYyz1K2s1vVN4AaABAg",
            "reply_content": "\u793e\u6703\u4e0a\u9700\u8981BUMP\u9019\u6a23\u7684\u4eba,\u771f\u5fc3\u7684\u5e0c\u671b\u4f60\u80fd\u5f37\u5927\u81ea\u5df2,\u4ee5\u5f8c\u51fa\u4f86\u9078\u7acb\u59d4,\u81f3\u5c11\u5728\u53cd\u8a50\u9a19\u9019\u584a\u80fd\u5920\u767c\u63a6\u5149\u5927"
        },
        {
            "reply_id": "Ugz6pSCptdHEOMHHWD94AaABAg",
            "reply_content": "\u597d\u723d\u5594\u5c24\u5176\u662f\u6700\u5f8c\u7684\u6536\u5c3e\uff0c\u6c92\u6709\u6388\u6b0a\u7684\u5077\u76dc\u4ed4\u5c31\u662f\u8a72\u544a"
        },
        {
            "reply_id": "Ugxj2cGT7eF_wGBvm_14AaABAg",
            "reply_content": "\u524d\u5973\u53cb\u524d\u5e7e\u5e74\u53bb\u5973\u4eba\u8ff7\u5be6\u7fd2 \u88ab\u51f9\u5230\u7206\u88c2 \u8001\u95c6\u4e0d\u662f\u597d\u6771\u897f"
        },
        {
            "reply_id": "UgyBwSZPUmxDSiOTwTB4AaABAg",
            "reply_content": "\u5973\u4eba\u8ff7_\u543e\u601d\u50b3\u5a92\u80a1\u4efd\u6709\u9650\u516c\u53f8 \n\u8463\u4e8b\u9577\u5f35\u744b\u8ed2\n\u8463\u4e8b\u8521\u7d14\u5982\n\u8463\u4e8b\u9673\u6021\u84c1\r\n\u76e3\u5bdf\u4eba\u8a31\u9e97\u7f8e"
        },
        {
            "reply_id": "UgymdQ20_eobBpqg0uN4AaABAg",
            "reply_content": "\u6c11\u4e3b\u9032\u6b65\u9ee8\u7db2\u8def\u9662\u4e3b\u4efb \u8303\u67d0"
        },
        {
            "reply_id": "UgwRDbsPOXRcEXwk80N4AaABAg",
            "reply_content": "\u53f0\u7063\u8154\u771f\u7684\u5f88\u96e3\u8868\u9054\u751f\u6c23\u5622\uff01 \u6839\u672c\u5c31\u6c92\u6709\u611f\u89ba\u5230\u4f60\u5f88\u751f\u6c23\ud83d\ude02\ud83d\ude02"
        },
        {
            "reply_id": "UgwmxYMOfIvVUEC1Ow94AaABAg",
            "reply_content": "\u8acb\u4e0d\u8981\u8ddf\u9019\u4e9b\u8a18\u8005\u8a08\u8f03\n\u56e0\u70ba\u4ed6\u5011\u8166\u888b\u5929\u751f\u5c31\u6709\u6d1e"
        },
        {
            "reply_id": "UgzdeHh5E1913bN0s8R4AaABAg",
            "reply_content": "\u53c8\u56de\u5230\u719f\u6089\u7684\u5ec1\u6240"
        },
        {
            "reply_id": "Ugyg_Ydyb5q17ECu2Jl4AaABAg",
            "reply_content": "\u54c8\u54c8"
        },
        {
            "reply_id": "UgyFtyX_V4omUawAj_h4AaABAg",
            "reply_content": "\u5176\u5be6\u9019\u4e9b\u9ed1\u6b77\u53f2\u90fd\u662f\u8b93\u81ea\u5df1\u8b8a\u5f97\u66f4\u597d\u7684\u990a\u5206\uff0c\u5f88\u611f\u8b1d\u4e5f\u606d\u559c\u4f60\u8b8a\u5f97\u8d8a\u4f86\u8d8a\u597d\uff0c\u50c5\u50c5\u4e00\u5e74\u591a\u904e\u53bb\uff0c\u4f60\u5c31\u505a\u5230\u4e86\u8b93\u9019\u500b\u793e\u6703\u66f4\u597d\u7684\u4e8b\u60c5\uff0c\u8b93\u66f4\u591a\u4eba\u770b\u5230\u91cd\u8981\u793e\u6703\u8b70\u984c\uff0c\u8b93\u66f4\u591a\u4eba\u53ef\u4ee5\u9060\u96e2\u8a50\u9a19\u5a01\u8105\n\u671f\u5f85\u67d0\u5929\u4f60\u4e5f\u80fd\u6495\u4e0b\u9019\u4e9b\u7dad\u6b0a\u81ea\u52a9\u9910\u4efd\u5b50\u7684\u5047\u9762\u5177\uff0c\u8b93\u9019\u500b\u793e\u6703\u80fd\u771f\u6b63\u628a\u95dc\u6ce8\u5ea6\u653e\u5728\u771f\u6b63\u7684\u7dad\u6b0a\u4e0a"
        },
        {
            "reply_id": "UgzFa7a5dLGPXX9Wt1R4AaABAg",
            "reply_content": "\u6211\u5f88\u6176\u5e78\uff0c\u4e5f\u5f88\u611f\u8b1d\uff0c\u4e00\u5e74\u5f8c\uff0c\u4f60\u505a\u5230\u4f60\u8aaa\u7684\uff0c\u505a\u4e86\u4e0d\u5c11\u6709\u6559\u80b2\u4e14\u6b63\u9762\u7684\u5f71\u7247\uff0c\u4e5f\u6210\u529f\u5f71\u97ff\u4e86\u793e\u6703"
        },
        {
            "reply_id": "Ugza200KPLFHBBPFOuB4AaABAg",
            "reply_content": "\u597d\u68d2\u68d2\uff0c\u7aef\u6b63\u7db2\u8def\u98a8\u6c23\uff0c\u505a\u7684\u597d\uff0c\u89ba\u5f97\u6709\u610f\u898b\u89c0\u9ede\u4e0d\u8212\u670d\u90fd\u53ef\u4ee5\u8aac\uff0c\u4f46\u60e1\u610f\u653b\u64ca\u5c31\u592a\u8d85\u904e\u4e86\u3002"
        },
        {
            "reply_id": "UgzLGUighQTH6VWVsFx4AaABAg",
            "reply_content": "\u5f88\u6176\u5e78\u7684\u662f\u4f60\u73fe\u5728\u7247\u5b50\u7684\u62cd\u651d\u8207\u5167\u5bb9\u8d8a\u4f86\u8d8a\u597d\uff0c\u4ee5\u524d\u7684\u78ba\u8b93\u4eba\u89c0\u611f\u4e0d\u597d\uff0c\n\u7562\u7adf\u6709\u53cd\u7701\u4e5f\u522a\u9664\u4e86\uff0c\n\u5c08\u6ce8\u5728\u4f60\u73fe\u5728\u66f4\u597d\u7684\u81ea\u5df1\u5c31\u597d\u4e86\u3002\n\u4eba\u7684\u6210\u9577\u662f\u6f38\u9032\u7684\uff0c\u5305\u5bb9\u5225\u4eba\u4e5f\u5305\u5bb9\u81ea\u5df1\ud83d\ude4f\u7e7c\u7e8c\u5f80\u524d\u3002\n\u6700\u611f\u4eba\u7684\u662fBump\u5718\u968a\u73fe\u5728\u5f88\u6b63\u80fd\u5f88\u8b9a"
        },
        {
            "reply_id": "UgyMZbPJlS7tiIqQlz14AaABAg",
            "reply_content": "\u5e36\u98a8\u5411\u6839\u672c\u5e7c\u7a1a\n\n\u5c0f\u670b\u53cb\u624d\u9019\u6a23\u73a9"
        },
        {
            "reply_id": "Ugz32-EPC4zII2ydHJx4AaABAg",
            "reply_content": "\u5e25"
        },
        {
            "reply_id": "Ugzi0KjuHSt7UX10kjh4AaABAg",
            "reply_content": "\u5973\u4eba\u8ff7\u4e0d\u662f\u51fa\u540d\u7684\u5783\u573e\u55ce?\u771f\u6709\u4eba\u770b\u90a3\u7a2e\u6771\u897f\u5594,\u8b1b\u932f\u8a71\u88dd\u6b7b\u6216\u88ab\u6253\u81c9\u90fd\u5e7e\u6b21\u4e86"
        }
    ]
}