{
    "video_info": {
        "id": "RTuUYe--Kvg",
        "channelTitle": "\u597d\u68d2Bump",
        "title": "\u638f\u7a7a\u62bd\u734e\u7db2\u7ad9\uff01\u7528BUG\u6d17\u4e8632\u842c\u51fa\u4f86\uff01\u3010\u597d\u68d2Bump\u3011\u3010BUG\u934a\u91d1\u8853\u3011",
        "description": "32\u842c\u7684\u5167\u6587\uff1a\n\n\u524d\u9663\u5b50\u8ddf\u5927\u5bb6\u4e00\u8d77\u638f\u7a7a\u4e86\u62bd\u734e\u7db2\u7ad9\uff0c\u611f\u8b1d\u5927\u5bb6\u7684\u53c3\u8207\uff0c\u6c92\u6709\u4f60\u5011\u7684\u8a71\uff0c\u7d55\u5c0d\u4e0d\u53ef\u80fd\u641e\u5f97\u9019\u9ebc\u597d\u73a9\uff0c\u4e0b\u4e00\u6b21\u518d\u5e36\u5927\u5bb6\u73a9\u628a\u5927\u7684\u3002\n\n#\u638f\u7a7a\u7db2\u7ad9 #\u723d\u8cfa32\u842c #\u8ab0\u4e2d\u4e86gogoro\u7d66\u6211\u6efe\u51fa\u4f86\n\n--------------------------------------------------------- \r\n\u4e0a\u4e00\u90e8\u5f71\u7247 \u6aa2\u8209\u90a3\u4e9b\u4e0d\u6234\u53e3\u7f69\u7684\u81ea\u79c1\u9b3c\uff01\u7f70\u5230\u4ed6\u5011\u7834\u7522\u70ba\u6b62\uff01\u3010\u597d\u68d2Bump\u3011https://youtu.be/AgXrJssxonw\r\n\r\n\u8001\u5b50\u7684IG\uff1ahttps://bit.ly/2JqmmIq\r\n\u8001\u5b50\u7684FB\uff1ahttps://bit.ly/2s3pwwb",
        "likeCount": "16024",
        "commentCount": "798",
        "viewCount": "1152831"
    },
    "comments": [
        {
            "reply_id": "Ugw7M8UpnTC2Xbwfm_14AaABAg",
            "reply_content": "\u611f\u8b1d\u5927\u5bb6\u7684\u53c3\u8207\uff0c\u6c92\u6709\u4f60\u5011\u7684\u8a71\uff0c\u7d55\u5c0d\u4e0d\u53ef\u80fd\u641e\u5f97\u9019\u9ebc\u597d\u73a9\uff0c\u4e0b\u4e00\u6b21\u518d\u5e36\u5927\u5bb6\u73a9\u628a\u5927\u7684"
        },
        {
            "reply_id": "UgzryH8YO4YdVKfH19V4AaABAg",
            "reply_content": ""
        },
        {
            "reply_id": "Ugy7vrQUGVZ4qCWT-MB4AaABAg",
            "reply_content": "\u8c93\u8c93\uff1a\u6211\u5728\u54ea\u6211\u662f\u8ab0"
        },
        {
            "reply_id": "Ugx3JLSEZ-KeaKnftq54AaABAg",
            "reply_content": "\u7f51\u7ad9\u672c\u8d28\u5c31\u662f\u8d4c\u573a\uff0c\u82b1\u70b9\u5c0f\u94b1\u5438\u5f15\u4eba\u8fdb\u6765\uff0c\u8d5a\u94b1\u662f\u5728\u90a3\u4e9b\u5145\u503c\u7684\u4eba\u8eab\u4e0a\uff0c\u53ea\u8981\u4f60\u6301\u7eed\u5145\u503c\u5c31\u662f\u8d4c\u72d7\uff0c\u4ed6\u4eec\u4f1a\u4e0d\u65ad\u8c03\u4f4e\u4f60\u7684\u8d54\u7387\u5076\u5c14\u518d\u9001\u4f60\u4e2a\u5c0f\u4e1c\u897f\u8ba9\u4f60\u4e2d"
        },
        {
            "reply_id": "UgwsHHvb_vogVHy5qg94AaABAg",
            "reply_content": "\u5176\u5be6\u4f60\u96fb\u8a71\u865f\u78bc\u7d66\u4ed6\u4ed6\u5c31\u5df2\u7d93\u8cfa\u4e86\u5427\u62ff\u53bb\u8ce3\u61c9\u8a72\u53ef\u4ee5\u8ce3\u4e0d\u5c11"
        },
        {
            "reply_id": "UgxUFuViTCMi13PzhnR4AaABAg",
            "reply_content": "\u5176\u5be6\u6211\u62bd\u5230\u4e86\u72d7\u72d7\u8089"
        },
        {
            "reply_id": "UgyU-lwJaR6qcJQrzOh4AaABAg",
            "reply_content": "\u7db2\u7ad9\u88ab\u6273\u5012\u4e86"
        },
        {
            "reply_id": "UgwxjO4ivnI4mcy7Khx4AaABAg",
            "reply_content": "\u70ba\u4ec0\u9ebc\u8981\u4e00\u76f4\u73a9\u5f04\u8c93\u54aa"
        },
        {
            "reply_id": "UgyMYMvWuop-4u1OtLV4AaABAg",
            "reply_content": "\u62cd\u651d\u8c93\u54aa\u7684\u756b\u9762\u771f\u7684\u5f88\u53ef\u611b"
        },
        {
            "reply_id": "Ugz2179pkVBWrLB5HuB4AaABAg",
            "reply_content": "\u9019\u662f\u696d\u914d\uff1f"
        },
        {
            "reply_id": "UgwRAQq_GjaBYjHEvhF4AaABAg",
            "reply_content": "\u7b11\u6b7b \u76f4\u63a5\u8b8a\u8ced\u535a\u7bc0\u76ee"
        },
        {
            "reply_id": "UgywpIjdrqKwwtfVgeN4AaABAg",
            "reply_content": "\u770b\u5b8c\u4e86\u5fc3\u60c5\u597d\u597d \u4e0b\u6b21\u8a18\u5f97\u76f8\u62db\u4e00\u4e0b\u563f"
        },
        {
            "reply_id": "UgyzB2yKEXmTm9SR2_J4AaABAg",
            "reply_content": "\u770b\u9019\u90e8\u7684\u6642\u5019\u525b\u597d:\u8df3\u51fa\u8a3b\u518a\u5c31\u62bd\u54c0\u9cf3 \u7684\u5ee3\u544a\ud83e\udd23"
        },
        {
            "reply_id": "UgxDJMnPs7VfSsX4dQZ4AaABAg",
            "reply_content": "\u808f\u86cb\u597d\u53ef\u7231"
        },
        {
            "reply_id": "UgyxfaSeX2Z61Ie2goh4AaABAg",
            "reply_content": "\u808f"
        },
        {
            "reply_id": "UgxXxIwqTA8qdAUkZ5t4AaABAg",
            "reply_content": "\u7f51\u7ad9\u81ea\u5df1\u5f00\u53d1\u81ea\u5df1\u4e2d\uff0c\u8c01\u82b1\u94b1\u8d5a\u8c01\u7684\u94b1"
        },
        {
            "reply_id": "UgxXLJV3W__t5eVF5uV4AaABAg",
            "reply_content": "\u54c8\u54c8\u54c8 \u770b\u5b8c\u6574\u500b\u7b11\u6b7b~\u6c92\u6709\u53c3\u8207\u5230,\u4f46\u8b1d\u8b1d\u4f60\u5206\u4eab\u7d66\u5927\u5bb6"
        },
        {
            "reply_id": "UgzdwUdzMyCPwymZJNd4AaABAg",
            "reply_content": "\u4e09\u53f7\u961f\u961f\u5458\u62a5\u544a"
        },
        {
            "reply_id": "UgzECE8EucZ3m9Rj6v94AaABAg",
            "reply_content": "\u808f\u86cb\u597d\u53ef\u611b"
        },
        {
            "reply_id": "Ugy9hAicULUshyGsAL54AaABAg",
            "reply_content": "\u6211\u88ab\u9a19\u9322\uff0c\u53f0\u4e2d\u5e02\u4eba"
        }
    ]
}