{
    "video_info": {
        "id": "SJXEY8Kf0Xo",
        "channelTitle": "\u597d\u68d2Bump",
        "title": "\u6211\u88ab\u4eba\u7528\u6551\u63f4\u540d\u7fa9\u9a19\u8d70200\u842c\uff01\u7d93\u8abf\u67e5\u767c\u73fe\u53d7\u5bb3\u8005\u5df2\u7834\u767e\u4eba\u2026. \u8acb\u5927\u5bb6\u5c0f\u5fc3\u5225\u4e0a\u7576\uff01\u3010\u597d\u68d2Bump\u3011",
        "description": "\u6703\u62cd\u9019\u500b\u5f71\u7247\u5c31\u662f\u5e0c\u671b\u4e0d\u8981\u518d\u6709\u4e0b\u4e00\u500b\u53d7\u5bb3\u8005\uff0c\u9072\u65e9\u6211\u8981\u8b93\u9019\u500b\u4eba\u53bb\u5750\u7262\uff0c\u53d7\u5230\u4ed6\u61c9\u5f97\u7684\u5211\u8cac\uff0c\u511f\u9084\u4e00\u8f29\u5b50\u7684\u50b5\u3002\n\n#\u6551\u4eba\u4e00\u547d #\u53cd\u88ab\u6345\u5200 #\u8acb\u5927\u5bb6\u5225\u518d\u4e0a\u7576\n\n--------------------------------------------------------- \r\n\u4e0a\u4e00\u90e8\u5f71\u7247 \u8cb8\u6b3e\u501f\u9322\u7adf\u88ab\u8a50\u9a19\u4e0a\u767e\u842c\uff01\u8b93\u4f60\u7c3d\u4e0b\u4e0d\u5e73\u7b49\u689d\u7d04\u53ca\u672c\u7968\uff01\u8840\u6d17\u5e74\u8f15\u4eba\u4e00\u8f29\u5b50\u2026. \u3010\u597d\u68d2Bump\u3011\u3010\u8a50\u9a19\u89e3\u78bc\u3011https://youtu.be/wRJD1F2rH1g\r\n\r\n\u8001\u5b50\u7684IG\uff1ahttps://bit.ly/2JqmmIq\r\n\u8001\u5b50\u7684FB\uff1ahttps://bit.ly/2s3pwwb",
        "likeCount": "31966",
        "commentCount": "2262",
        "viewCount": "1078319"
    },
    "comments": [
        {
            "reply_id": "UgwvTpADKZzwoFp61Zd4AaABAg",
            "reply_content": "\u539f\u672c\u662f\u4e0d\u61c9\u8a72\u5728\u904e\u5e74\u7684\u6642\u5019\uff0c\u4e0a\u50b3\u9019\u6a23\u7684\u5f71\u7247\uff0c\u4f46\u662f\u73fe\u5728\u9084\u6709\u5f88\u591a\u4eba\u6b63\u5728\u88ab\u9a19\uff0c\u6211\u4e0d\u5f97\u4e0d\u8d95\u5feb\u544a\u8a34\u5927\u5bb6\u9019\u4e9b\u4e8b\u60c5\uff0c\u4e0b\u9031\u518d\u4e0a\u50b3\u4e00\u4e9b\u958b\u5fc3\u7684\u6771\u897f\u7d66\u5927\u5bb6\u770b \u795d\u5927\u5bb6\u65b0\u5e74\u5feb\u6a02\u4e86\ud83d\ude09"
        },
        {
            "reply_id": "UgzvkvorkAzXYWI6ceR4AaABAg",
            "reply_content": "\u6703\u4e0d\u6703\u662f\u5957\u597d\u6f14\u6232\u7684\u5440\uff01\u6211\u89ba\u5f97\u6c92\u90a3\u9ebc\u5403\u98fd\u592a\u9592\u8036\uff01\u70ba\u4e86\u8cfa\u6d41\u91cf\u6253\u64ca\u653f\u5e9c\u7f77\u4e86\uff01"
        },
        {
            "reply_id": "UgyCxbwnRjjG3icG5cl4AaABAg",
            "reply_content": "\u6551\u63f4\u7684\u540c\u6642\u4e5f\u8981\u4fdd\u8b77\u597d\u81ea\u5df1\u3002\u4f60\u771f\u68d2  \u771f\u662f\u82f1\u96c4\u3002"
        },
        {
            "reply_id": "UgyXq9za6wxgGVBqPQF4AaABAg",
            "reply_content": "\u5347\u7c73\u6069  \u6597\u7c73\u4ec7\u3002\u5e6b\u52a9\u7aae\u4eba\u63d0\u4f9b\u5de5\u4f5c\u8b93\u4ed6\u9760\u81ea\u5df1\u52de\u529b\u53bb\u8cfa\u9322\u751f\u6d3b\u624d\u662f\u6709\u4fdd\u969c\u3002"
        },
        {
            "reply_id": "UgwOcKxKElrGg2XPyeJ4AaABAg",
            "reply_content": "\u4e2d\u570b\u4eba\u4e0d\u503c\u5f97\u53bb\u5e6b\uff0c\u770b\u4f86\u5e6b\u88dc\u4e5f\u4e0d\u662f\u795e\u4eba\uff0c\u88ab\u9a19\u54c8\uff01"
        },
        {
            "reply_id": "UgyBFSiSim8IMlCnBbF4AaABAg",
            "reply_content": "\u771f\u7684\u5f88\u8b1d\u8b1d\u4f60\u62cd\u9019\u4e9b\u5f71\u7247\uff01\u50f9\u503c\u89c0\u7684\u6559\u80b2\uff01"
        },
        {
            "reply_id": "UgwmQm3kciAY-_4PD7d4AaABAg",
            "reply_content": "\u9019\u4eba\u4e5f\u592a\u8070\u660e\uff0c\u8070\u660e\u7528\u932f\u5730\u65b9\u2026"
        },
        {
            "reply_id": "Ugztb-BnrnkEJOkesIh4AaABAg",
            "reply_content": "\u5728\u6b64\u4e82\u4e16 \u7368\u5584\u5176\u8eab  \u9084\u7121\u6cd5\u81ea\u4fdd \u4f60\u56e0\u9577\u671f\u5728\u505a\u570b\u969b\u6551\u63f4\u88ab\u9019\u4e9b\u7121\u5fc3\u7121\u5fb7\u4e4b\u4eba\u76ef\u4e0a\u800c\u88ab\u9a19\n\u5fc3\u75bc\u4f60 \u4ec1\u5fc3\u932f\u4ed8"
        },
        {
            "reply_id": "UgxqRAobLMCptkV0xMp4AaABAg",
            "reply_content": "\u6b66\u5efa\u8b70\u4f60\u8981\u6f84\u6e05\u8ddf\u9ed1\u4eba\u7121\u95dc"
        },
        {
            "reply_id": "UgwXzRzVPta8pRuS6vx4AaABAg",
            "reply_content": "\u90a3\u4eba\u6c92\u6551 \u53ea\u80fd\u76f4\u63a5\u6bba"
        },
        {
            "reply_id": "UgxJY952ZsfZllCwOt14AaABAg",
            "reply_content": "\u4f60\u771f\u7684\u662f\u53f0\u6e7e\u4e4b\u5149\uff0c\u4f60\u6709\u4e00\u9897\u5584\u826f\u7684\u5fc3\uff0c\u5982\u91d1\u5b50\u822c\u53d1\u5149\u2764"
        },
        {
            "reply_id": "UgyQXtRYjy2MdJRrDDB4AaABAg",
            "reply_content": "\u8001\u9109\u5403\u8001\u9109.\u9f52\u9830\u7559\u9999.\n\n\u83ef\u4eba\u6700\u5927\u7684\u52a3\u6839\u6027\u5c31\u662f.\u5728\u7570\u570b.\u6700\u75db\u7a84\u4f60\u7684.\u5c31\u662f\u4f60\u6240\u8b02\u7684\u8001\u9109.\u592a\u591a\u592a\u591a\u6848\u4f8b\u4e86."
        },
        {
            "reply_id": "UgzUX67tWKVc-N4X3-h4AaABAg",
            "reply_content": "\u8f9b\u82e6\u4e86\uff0c\u4e00\u6a23\u7c73\u990a\u767e\u7a2e\u4eba\uff0c\u53ea\u80fd\u4e0d\u8981\u8b93\u81ea\u5df1\u88ab\u9019\u4e9b\u4eba\u5f71\u97ff\u4e86\ud83d\ude22"
        },
        {
            "reply_id": "Ugy1GwUE5nH1QVhpC-N4AaABAg",
            "reply_content": "\u5509 \u6240\u4ee5\u8aaa \u6709\u66f4\u591a\u771f\u7684\u9700\u8981\u5e6b\u52a9\u7684\u90fd\u6c92\u6709\u88ab\u5e6b \u5c31\u771f\u7684\u662f\u9019\u4e9b\u5783\u573e\u7d66\u5bb3\u2026."
        },
        {
            "reply_id": "UgxFCriUtwn4rfe_87l4AaABAg",
            "reply_content": "\u4e0d\u662f\u672c\u4eba\u9084\u80fd\u62ff\u5225\u4eba\u7684\u99d5\u7167\u79df\u8d85\u8dd1\uff1f"
        },
        {
            "reply_id": "UgyfMxRUw8LTqiQmZ8N4AaABAg",
            "reply_content": "\u5982\u679c\u771f\u7684\u6c92\u8fa6\u6cd5\u7684\u8a71\u771f\u7684\u88ab\u903c\u5230\u8981\u53bb\u81ea\u6bba\uff0c\u90a3\u5c31\u627e\u4e00\u500b\u4eba\u966a\u4f34\u5427\n\u4f46\u6211\u89ba\u5f97\u6bba\u4e86\u4ed6\u592a\u4fbf\u5b9c\u4ed6\u4e86\n\u628a\u4ed6\u7684\u624b\u8173\u820c\u982d\u5168\u90e8\u5272\u6389\n\u773c\u775b\u628a\u5b83\u6413\u778e\n\u8033\u6735\u628a\u5b83\u7528\u807e\n\u628a\u5b83\u56da\u7981\u8d77\u4f86\u4e0d\u8981\u8b93\u4ed6\u5403\u6771\u897f\u8f38\u9001\u71df\u990a\u6db2\n\u7d66\u4ed6\n\u56da\u7981\u5169\u5e74\u5de6\u53f3\u4ed6\u5dee\u4e0d\u591a\u5c31\u760b\u4e86\n\u7562\u7adf\u5728\u6c92\u8fa6\u6cd5\u8aaa\u8a71\uff0c\u770b\u5230\u807d\u5230\u7684\u60c5\u6cc1\u4e0b\u8ab0\u7528\u80fd\u6490\u9019\u9ebc\u4e45\uff1f\n\u5728\u628a\u5b83\u4e1f\u5230\u4ed6\u7236\u6bcd\u90a3\u908a\n\u7562\u7adf\u5152\u5b50\u7684\u6559\u80b2\u7236\u6bcd\u6709\u8cac\u4efb"
        },
        {
            "reply_id": "Ugwf3mTsKywrLbJ1uEJ4AaABAg",
            "reply_content": "\u8b1d\u8b1d\u4f60\u9858\u610f\u5e6b\u52a9\u53f0\u7063\u4eba\u3001\u5e6b\u52a9\u53f0\u7063"
        },
        {
            "reply_id": "Ugz_IA140hTS9eIwInh4AaABAg",
            "reply_content": "\u4eca\u5929\u6211\u7684\u4f53\u5efa\u8001\u5e08\u7ed9\u6211\u4eec\u64ad\u653e\u7ed9\u6211\u4eec\u770b\u8fd9\u6761\u89c6\u9891\u5462\uff0c\u5168\u73ed\u7b11\u6b7b ..."
        },
        {
            "reply_id": "UgxWao5yzBwQPVdAAnF4AaABAg",
            "reply_content": "\u8a50\u9a19\u96c6\u5718\u771f\u7684\u5f88\u53ef\u60e1"
        },
        {
            "reply_id": "UgwjuEj_lQ8-Ba4trlR4AaABAg",
            "reply_content": "\u5c31\u662f\u56e0\u70ba\u6709\u9019\u4e9b\u4eba \u4eba\u8207\u4eba\u4e4b\u9593\u624d\u7f3a\u4e4f\u4fe1\u4efb"
        }
    ]
}