{
    "video_info": {
        "id": "SsF2J7PEwMw",
        "channelTitle": "\u597d\u68d2Bump",
        "title": "\u6211\u7576\u8a50\u9a19\u96c6\u5718\u767c\u696d\u914d\u7d66\u7db2\u7d05\uff011\u5929\u7adf200\u4eba\u4e0a\u7576\uff01\uff1f\u3010\u597d\u68d2Bump\u3011\u3010\u8a50\u9a19\u934a\u91d1\u8853\u3011  @zamy_ding",
        "description": "\u73fe\u5728\u5230\u5e95\u70ba\u4ec0\u9ebc\u9019\u9ebc\u591a\u7db2\u7f8e\u7db2\u7d05\u5728\u63a5\u8a50\u9a19\u696d\u914d\uff1f\u5927\u5bb6\u662f\u90fd\u4e0d\u77e5\u9053\u4e8b\u60c5\u7684\u56b4\u91cd\u6027\u55ce\uff1f\u4eca\u5929\u5be6\u6e2c\u4e00\u6b21\u7d66\u5927\u5bb6\u770b\u5427\u3002\n\n#\u8a50\u9a19\u96c6\u5718 #1\u5929200\u4eba #\u8e22\u4ec0\u9ebc\u8e22\u647b\u5728\u4e00\u8d77\u505a\u6492\u5c3f\u725b\u4e38\u597d\u5566\n\n\u6210\u70ba\u9019\u500b\u983b\u9053\u7684\u6703\u54e1\u4e26\u7372\u5f97\u734e\u52f5\uff1a\nhttps://www.youtube.com/channel/UC7XxnhjdYjiQJ3m80K_N_4g/join\n\n--------------------------------------------------------- \n\u4e0a\u4e00\u90e8\u5f71\u7247 10\u5206\u9418\u5c31\u8cfa5\u842c\u5143\uff01\u7528\u535a\u5f08\u6f0f\u6d1e\u628a\u9322\u6d17\u51fa\u4f86\uff01\u3010\u597d\u68d2Bump\u3011\u3010\u6d17\u9322\u934a\u91d1\u8853\u3011 @\u86cb\u5854 EGGTA \u200bhttps://youtu.be/Q12vSYo-zBg\n\n\u8001\u5b50\u7684IG\uff1ahttps://bit.ly/2JqmmIq\n\u8001\u5b50\u7684FB\uff1ahttps://bit.ly/2s3pwwb",
        "likeCount": "12307",
        "commentCount": "1038",
        "viewCount": "767856"
    },
    "comments": [
        {
            "reply_id": "UgwfKqbI9TAxjL_OPDd4AaABAg",
            "reply_content": "\u771f\u7684\u6703\u5931\u53bb\u71b1\u8aa0\uff0c\u5927\u5bb6\u9084\u662f\u4e00\u76f4\u88ab\u9a19\uff0c\u7136\u5f8c\u53c8\u4e00\u5806\u7db2\u7d05\u63a5\u8a50\u9a19\u696d\u914d\ud83d\ude29"
        },
        {
            "reply_id": "UgzifQWczOOGAfoxDGV4AaABAg",
            "reply_content": "\u6211\u662f\u4eca\u5e74\u624d\u771f\u6b63\u8a8d\u8b58\u4f60\u7684\u983b\u9053\uff0c\u73fe\u5728\u52aa\u529b\u7684\u6bcf\u4e00\u652f\u5f71\u7247\u5f80\u524d\u8ffd\uff0c\u4e5f\u770b\u5230\u4f60\u7684\u52aa\u529b\uff0c\u8f9b\u82e6\u4e86\uff01\r\n\u4f60\u771f\u7684\u5f88\u53b2\u5bb3\uff0c\u5f88\u5e0c\u671b\u793e\u6703\u5927\u773e\u90fd\u80fd\u88ab\u4f60\u611f\u67d3"
        },
        {
            "reply_id": "UgxV6Vn6Vu7VP1kGsnl4AaABAg",
            "reply_content": "\u6211\u6700\u8fd1\u88ab\u8a50\u9a19\u96c6\u5718\u9a19\u4e8640\u591a\u842c"
        },
        {
            "reply_id": "UgztqAgELRtRm2IRP3Z4AaABAg",
            "reply_content": "\u767c\u4e86\u9084\u662f\u6709\u4eba\u53d7\u9a19\uff0c\u4e0d\u767c\u6703\u66f4\u591a\u4eba\u53d7\u9a19\n\u611f\u8b1d\u4f60\u7684\u4ed8\u51fa"
        },
        {
            "reply_id": "Ugyoxbh2xw0npNHrfeV4AaABAg",
            "reply_content": "\u6c92\u8fa6\u6cd5\uff5e\u53f0\u7063\u4eba\u592a\u5584\u826f\u4e86"
        },
        {
            "reply_id": "UgxgpIRFbtlLkqeHMzJ4AaABAg",
            "reply_content": "\u793e\u6703\u6709\u9322\u5c31\u53ef\u4ee5\u22ef"
        },
        {
            "reply_id": "UgzlvPxNVchStufteAl4AaABAg",
            "reply_content": "\u606d\u559c\u4f60\u53c8\u6d3b\u904e\u4e86\u4e00\u5e74\u53c810\u500b\u6708\ud83d\ude1c\n\u6211\u662f\u4eca\u5e74\u624d\u771f\u6b63\u8a8d\u8b58\u4f60\u7684\u983b\u9053\uff0c\u73fe\u5728\u52aa\u529b\u7684\u6bcf\u4e00\u652f\u5f71\u7247\u5f80\u524d\u8ffd\uff0c\u4e5f\u770b\u5230\u4f60\u7684\u52aa\u529b\uff0c\u8f9b\u82e6\u4e86\uff01\n\u4f60\u771f\u7684\u5f88\u53b2\u5bb3\uff0c\u5f88\u5e0c\u671b\u793e\u6703\u5927\u773e\u90fd\u80fd\u88ab\u4f60\u611f\u67d3\u2764"
        },
        {
            "reply_id": "Ugw4Svm8uRtHyB1rUVp4AaABAg",
            "reply_content": "\u4ee5\u9a19\u5236\u9a19\uff1f"
        },
        {
            "reply_id": "Ugyc5udvqVEz1OaX-el4AaABAg",
            "reply_content": "\u597d\u68d2Bump \u771f\u7684\u662f\u4e00\u500b\u6709\u6b63\u7fa9\u611f\u7684\u597d\u4eba \u4f60\u53ef\u4ee5\u6d3b\u5f88\u4e45\u7684 \u4e0a\u5e1d\u6703\u4fdd\u8b77\u4f60\u7684"
        },
        {
            "reply_id": "UgwEkkBJgQLLPF0aCih4AaABAg",
            "reply_content": "\u5e79\u8d85\u5c4c\u76f4\u63a5\u7a81\u986f\u53f0\u7063\u4eba\u7684\u4e0d\u7528\u8166\ud83c\ude33\ud83c\udd96"
        },
        {
            "reply_id": "Ugy4XUbeFdhMHcYXWDt4AaABAg",
            "reply_content": "\u9019\u7a2e\u7684\u4e00\u822c\u5148\u9a19\u5b58\u647a\u5427\n\u7136\u5f8c\u53bb\u7576\u8eca\u624b"
        },
        {
            "reply_id": "Ugyg8c8GkCW-HJQhq7h4AaABAg",
            "reply_content": "\u771f\u7684\u597d\u68d2\u68d2\ud83d\udc4d"
        },
        {
            "reply_id": "Ugyw87eJ8uLYXabPVgt4AaABAg",
            "reply_content": "\u4f60\u552c\u6211\u554a\u4f60"
        },
        {
            "reply_id": "Ugxd1wPPmBgaPVLBqf14AaABAg",
            "reply_content": "1\u6708\u90a3\u4e00\u8eab\u7d05\u8863\u62cd\u5f97\u597d\u7f8e"
        },
        {
            "reply_id": "UgxmP1cTXnm2vkdUQOZ4AaABAg",
            "reply_content": "\u9019\u9ebc\u7c97\u7cd9\u4e5f\u6709\u4eba\u88ab\u9a19"
        },
        {
            "reply_id": "UgzhZSTl-hqQg9pguoJ4AaABAg",
            "reply_content": "\u5982\u679c\u6709\u4eba\u80fd\u5f9e\u7db2\u7d05\u5230\u5f9e\u653f\uff0c\u6211\u60f3\u53ef\u80fd\u4e5f\u53ea\u6709\u4f60Bump\u6709\u9019\u53ef\u80fd\u4e86"
        },
        {
            "reply_id": "UgyReqduY3kZH04fE_14AaABAg",
            "reply_content": "\u6709\u594e\u4e01\u820a\u6848\u8b9a"
        },
        {
            "reply_id": "Ugyru5dA0fhm2jX7EK94AaABAg",
            "reply_content": "\u7d50\u679c\u594e\u4e01\u5c31\u88ab\u63db\u81c9\u4e86"
        },
        {
            "reply_id": "UgwiuN2MGYH-FRQHIeN4AaABAg",
            "reply_content": "\u6211\u89ba\u5f97\u9019\u7a2e\u65b9\u5f0f\u662f\u4e00\u7a2e\u53cd\u5411\u6559\u80b2"
        },
        {
            "reply_id": "Ugy42ULLV324VHZqlbF4AaABAg",
            "reply_content": "\u6703\u76f8\u4fe1\u7db2\u7d05\uff0c\u901a\u5e38\u662f\u7db2\u7d05\u5e73\u5e38\u5f62\u8c61\u5f88\u597d\u7684\u95dc\u4fc2\uff0c\u4eca\u5929\u5982\u679c\u63db\u6210\u4f60\u81ea\u5df1\u672c\u4eba\u767c\u9650\u52d5\uff0c\u53ef\u80fd\u66f4\u591a\u4eba\u88ab\u9a19\uff0c\u56e0\u70ba\u4f60\u5e38\u63ed\u767c\u8a50\u9a19\uff0c\u6240\u4ee5\u7db2\u7d05\u53ef\u80fd\u9084\u8981\u5c0f\u5fc3\u88ab\u76dc\u7528\u5716\u50cf"
        }
    ]
}