{
    "video_info": {
        "id": "twjZKhKVDfE",
        "channelTitle": "\u597d\u68d2Bump",
        "title": "\u6211\u5728\u6c7d\u65c5\u8fa6\u6d3e\u5c0d\uff01\u7d19\u888b\u4eba\u8dd1\u4f86\u9b27\u4e8b\uff01\u6211\u76f4\u63a5\u6d77\u6241\u4ed6\u4e00\u9813...\u3010\u597d\u68d2Bump\u3011",
        "description": "\u9019\u662f\u4e00\u5834\u7121\u804a\u7684\u6d3e\u5c0d\u3002\n\n#\u6c7d\u65c5\u6d3e\u5c0d #\u7d19\u888b\u9b27\u4e8b #\u76f4\u63a5\u4e00\u62f3\u4e0b\u53bb\n--------------------------------------------------------- \r\n\u4e0a\u4e00\u90e8\u5f71\u7247 \u6211\u8a2d\u5c40\u91e3\u51fa\u624b\u6a5f\u7aca\u8cca\uff01\u8b93\u53d7\u5bb3\u8005\u8ddf\u4ed6\u7576\u9762\u5c0d\u8cea\uff01\u3010\u597d\u68d2Bump\u3011\nhttps://youtu.be/_kEB8bOTzoM\r\n\r\n\u8001\u5b50\u7684IG\uff1ahttps://bit.ly/2JqmmIq\r\n\u8001\u5b50\u7684FB\uff1ahttps://bit.ly/2s3pwwb",
        "likeCount": "9700",
        "commentCount": "548",
        "viewCount": "716756"
    },
    "comments": [
        {
            "reply_id": "UgwPf75D9r23y2yOV2l4AaABAg",
            "reply_content": "\u4e0b\u4e00\u6b21\u6253\u8ab0\u597d\uff1f"
        },
        {
            "reply_id": "UgzPn05yvInF-x1F_Hd4AaABAg",
            "reply_content": "\u7761\u7684\u5230\u5e95\u662f\u8ab0"
        },
        {
            "reply_id": "UgwSFf7qW7rnrz4mkyh4AaABAg",
            "reply_content": "\u5169\u5e74\u524d\u7684\u6d3e\u5c0d,\u6211\u600e\u9ebc\u4e0d\u66c9\u5f97\u53ef\u4ee5\u53c3\u52a0!"
        },
        {
            "reply_id": "Ugyeph2JyR8TH1LNNiF4AaABAg",
            "reply_content": "\u5ec1\u6240\u5b88\u8b77\u795e"
        },
        {
            "reply_id": "UgxCVoHGDsOUoPWIInh4AaABAg",
            "reply_content": "\u6700\u4f73\u62cd\u6a94 \u50b3\u5947"
        },
        {
            "reply_id": "UgxTIkJAp1J4qPI_cUN4AaABAg",
            "reply_content": "\u9019\u90e8\u5f71\u7247\u6709\u9ede\u8352\u5510\ud83e\udd23\ud83e\udd23\u4f46\u9084\u662f\u5f88\u597d\u7b11 \u800c\u4e14\u5f8c\u97623\u5206\u9418\u804a\u5929\u7247\u6bb5\u90fd\u807d\u4e0d\u61c2\u5728\u8b1b\u5565"
        },
        {
            "reply_id": "Ugxe6ypwXig0NI40E5p4AaABAg",
            "reply_content": "\u679c\u7136\u662f\u5f37\u8005"
        },
        {
            "reply_id": "UgzxXLZDKaczXyi0iYx4AaABAg",
            "reply_content": "\u5e72\u597d\u50cf\u597d\u597d\u73a9\u3002\u6211\u5b8c\u5168\u4e0d\u61c2IG\u7684\u4eba\u3002\u6211\u70ba\u4e86\u4f60\u4e0b\u8f09\u4e86\u3002\u6c42\u600e\u9ebc\u52a0\u597d\u53cb"
        },
        {
            "reply_id": "UgzQswXSntWKHnDKx_h4AaABAg",
            "reply_content": "\u6211\u89ba\u5f97\u7d19\u888b\u4eba\u5c0d\u4f60\u5f88\u597d\u8036\u2026\u2026\u6c92\u4ec0\u56de\u624b\n\u53cd\u800c\u662f\u4f60\u6253\u4ed6\u6253\u7684\u8d85\u8a8d\u771f\uff0c\u6574\u500b\u5f80\u6b7b\u88e1\u6253"
        },
        {
            "reply_id": "UgzDETWg-h_QPxNNA9F4AaABAg",
            "reply_content": "\u5927\u5bb6\u5687\u6b7b"
        },
        {
            "reply_id": "Ugz3uo-CdzIDq0A0QPd4AaABAg",
            "reply_content": "\u4f60\u7247\u5c3e\u5f8c\u9762\u7684\u69cd\u3001\u5200\u662f\u771f\u7684\u55ce"
        },
        {
            "reply_id": "UgyL3WkawMer_iz9AqF4AaABAg",
            "reply_content": "BUMP\u4f60\u7684\u81bd\u8b58\u904e\u4eba\uff0c\u5192\u751f\u547d\u5371\u96aa\u5230\u675c\u62dc\u3001\u67ec\u57d4\u5be8\u820a\u4eba\uff0c\u4f60\u662f\u6c11\u65cf\u6551\u661f\uff0c\u53f0\u7063\u5f88\u9700\u8981\u50cf\u4f60\u9019\u6a23\u6709\u667a\u6167\u6709\u81bd\u8b58\u7684\u7e3d\u7d71\uff0c\u62dc\u8a17\u597d\u68d2BUMP\u51fa\u4f86\u53c3\u9078\u7e3d\u7d71"
        },
        {
            "reply_id": "UgxQKLW8r1yJqC4RXHB4AaABAg",
            "reply_content": "\u5047\u6232\u771f\u505a\u5594"
        },
        {
            "reply_id": "Ugzwm-VQ7PB6dwdMgit4AaABAg",
            "reply_content": "\u597d\u50cf\u516c\u53f8\u5c3e\u7259"
        },
        {
            "reply_id": "UgwRWuoDEBIL5EGyZhR4AaABAg",
            "reply_content": "\u597d\u771f"
        },
        {
            "reply_id": "UgwjJ3-Uw3pxiSVKyKB4AaABAg",
            "reply_content": "\u5594\u6211\u7adf\u7136\u770b\u5b8c\u4e86"
        },
        {
            "reply_id": "Ugzhjvk385IWoDdva8l4AaABAg",
            "reply_content": "\u6240\u4ee5\u4e0a\u7684\u4eba\u662f\u8ab0"
        },
        {
            "reply_id": "UgwlX1rh2-vsH-onsA54AaABAg",
            "reply_content": "\u5927\u5bb6\u90fd\u8aaa\u4e0d\u8981\u9019\u6a23\u7b49\u7b49\u7684\u8a71\u3000\u537b\u90fd\u6c92\u4eba\u771f\u5f97\u51fa\u4f86\u3000\u731b"
        },
        {
            "reply_id": "UgxJuygQVyosOsHS0H14AaABAg",
            "reply_content": "\u662f\u4e0d\u662f\u6c92\u6709\u7d19\u888b\u4eba\u5c31\u6c92\u6709\u984c\u6750\u4e86\uff0c\u7b11\u6b7b~\ud83d\ude08\ud83d\ude08"
        },
        {
            "reply_id": "Ugx_ctSqr-ZAdnGeXLp4AaABAg",
            "reply_content": "\u4e7e"
        }
    ]
}