{
    "video_info": {
        "id": "W9jT2N2auCY",
        "channelTitle": "\u597d\u68d2Bump",
        "title": "\u6176\u795d\u767e\u842c\u8a02\u95b1\u642c\u65b0\u5bb6\uff01\u628a\u73cd\u5947\u6536\u85cf\u5168\u62ff\u51fa\u4f86\u62cd\u8ce3\uff01\u3010\u597d\u68d2Bump\u3011\u3010\u62cd\u8ce3\u934a\u91d1\u8853\u3011",
        "description": "\u6211\u8981\u642c\u5bb6\u4e86\uff01 \u628a\u6536\u85cf\u5df2\u4e45\u7684\u73a9\u5177\u3001\u50a2\u4ff1\u90fd\u62ff\u51fa\u4f86\u5927\u51fa\u6e05\uff01\n\n#\u642c\u5bb6\u934a\u91d1 #\u4f4e\u50f9\u7af6\u6a19 #\u4ee5\u5f8c\u90fd\u6c92\u6709\u9019\u500b\u5ec1\u6240\u4e86\n--------------------------------------------------------- \r\n\u4e0a\u4e00\u90e8\u5f71\u7247 \u7dec\u7538\u6551\u63f4\uff01\u4e0a\u767e\u4f4d\u500b\u6848\u537b\u53ea\u6551\u56de13\u4eba\u2026 \u8a50\u9a19\u5712\u5340\u6536\u9322\u537b\u6495\u7968\uff01 \u3010\u597d\u68d2Bump\u3011\u3010\u67ec\u57d4\u5be8\u5f8c\u7e8c\u3011https://youtu.be/OTnchXhRqRA\r\n\r\n\u8001\u5b50\u7684IG\uff1ahttps://bit.ly/2JqmmIq\r\n\u8001\u5b50\u7684FB\uff1ahttps://bit.ly/2s3pwwb",
        "likeCount": "20152",
        "commentCount": "1020",
        "viewCount": "896708"
    },
    "comments": [
        {
            "reply_id": "UgxtqEaASX8JPsnN-Wp4AaABAg",
            "reply_content": "\u4e00\u642c\u5bb6\u5c31\u597d\u591a\u56de\u61b6\u6e67\u4e0a\u4f86\uff0c\u8b1d\u8b1d\u5927\u5bb6\u966a\u4f34\u6211\u7684\u90193\u5e74\uff0c\u671f\u5f85\u6211\u5011\u9084\u80fd\u518d\u5275\u9020\u4e9b\u4ec0\u9ebc\u6709\u8da3\u7684\u56de\u61b6\u51fa\u4f86"
        },
        {
            "reply_id": "Ugw7xbS7KZh4jThlK594AaABAg",
            "reply_content": "\u958b\u982d\u90a3\u7537\u751f\u662f\u8ab0\u554a"
        },
        {
            "reply_id": "UgxjbcvJwatWE5y-nlR4AaABAg",
            "reply_content": "\u5b8c\u6574\u8a50\u9a19\u5c0f\u518a\u5b50\u662f\u4ec0\u9ebc\u9b3c\ud83e\udd23\ud83e\udd23"
        },
        {
            "reply_id": "UgymYlYWMdwNAZZWZxt4AaABAg",
            "reply_content": "\u5411\u9322\u770b"
        },
        {
            "reply_id": "UgyOFK60H63-KG9IaVd4AaABAg",
            "reply_content": "\u8fd9\u4e2a\u5395\u6240\u600e\u4e48\u4e00\u6a21\u4e00\u6837\uff0c\u5c31\u4e3a\u4e86\u8fd9\u4e2a\u5395\u6240\u9009\u7684\u623f\u5b50\u5417\uff1fLol"
        },
        {
            "reply_id": "UgxP4df4bE6lBPT287V4AaABAg",
            "reply_content": "\u63db\u65b0\u7684\u5ec1\u6240\uff1f"
        },
        {
            "reply_id": "Ugxvs7ulhRDUwMelfTR4AaABAg",
            "reply_content": "\u9f3b\u6d95\u6d41\u4e0b\u4f86\u8d85\u597d\u7b11"
        },
        {
            "reply_id": "Ugyrg2k_2IKR9ATm6dt4AaABAg",
            "reply_content": "\u90a3\u500b\u6c99\u767c\u771f\u7684\u5f88\u597d\u7761"
        },
        {
            "reply_id": "UgxWE7kxv9OcwDli3U94AaABAg",
            "reply_content": "\u5956\u724c\u4f60\u4e5f\u6362"
        },
        {
            "reply_id": "Ugwjpo28_CNenhYMqbx4AaABAg",
            "reply_content": "\u9019\u4e00\u96c6\u5f71\u7247\u5f88\u597d\u770b"
        },
        {
            "reply_id": "UgwrYGbFpCETjhz-waZ4AaABAg",
            "reply_content": "\u611f\u8b1d\u5076\u7238\u62cd\u651d\u7684\u5f71\u7247\u7d66\u6211\u5011\u5927\u5bb6\u4ee5\u53ca\u89c0\u773e\u770b\uff0c\u6211\u4e4b\u5f8c\u6703\u7e7c\u7e8c\u652f\u6301\u4f60\u7684\u5594\uff01"
        },
        {
            "reply_id": "UgzgPnltuBwKRh7Jzyl4AaABAg",
            "reply_content": "\u771f\u7684\u5356\u4e86\u767e\u4e07\u8ba2\u9605\uff1f"
        },
        {
            "reply_id": "UgxoB89B1WE3c5IRsJF4AaABAg",
            "reply_content": "\u8fd9\u623f\u5b50\u91cc\u4e0a\u6b21\u7279\u65af\u62c9\u6293\u9b3c\u7b49\u7b49\u5e74\u8f7b\u771f\u597d\ud83d\ude0a\uff0c\u4ee5\u540e\u4e5f\u4f1a\u987a\u98ce\u987a\u6c34\u52a0\u6cb9"
        },
        {
            "reply_id": "Ugw6zOzVUDlZQdlZ0vF4AaABAg",
            "reply_content": "\u52a0\u6cb9"
        },
        {
            "reply_id": "UgzYqo4rMLAmlvYDEf14AaABAg",
            "reply_content": "\u767e\u4e07\u8ba2\u9605\u5956\u724c\u90fd\u8981\u5356\u5417"
        },
        {
            "reply_id": "Ugyw7kyMq8jog5VWMxB4AaABAg",
            "reply_content": "\u5408\u7406\u61f7\u7591 \u642c\u5230\u9694\u58c1\u9593\ud83d\ude02"
        },
        {
            "reply_id": "Ugz_pNBuJcpKWf6_bzV4AaABAg",
            "reply_content": "\u6211\u5dee\u9ede\u807d\u6210\u662f\u6492\u65e6\u7684\u98dbX\u676f"
        },
        {
            "reply_id": "Ugyas5mWlgP9WhYLv_Z4AaABAg",
            "reply_content": "\u70ba\u4ec0\u9ebc\u8981\u8ce3\u6389\u767e\u842c\u8a02\u95b1\u7684\u734e\u724c\u90a3\u500b\u5f88\u73cd\u8cb4\uff0c\u9322\u4e5f\u8cb7\u4e0d\u5230\u6b38"
        },
        {
            "reply_id": "UgyJ34O8eLGPQOpXQ3x4AaABAg",
            "reply_content": "\u883b\u597d\u5947\u4f60\u600e\u9ebc\u6703\u6709\u6492\u65e6\u6559\u6559\u7fa9\u9019\u6771\u897f\uff1f"
        },
        {
            "reply_id": "Ugw2Of5ecjZfka6UZ394AaABAg",
            "reply_content": "\u4e0d\u592a\u61c2 \u767e\u842c\u8a02\u95b1\u7684\u734e\u724c\u80fd\u5e79\u561b?"
        }
    ]
}