{
    "video_info": {
        "id": "WISBeHVTnsQ",
        "channelTitle": "\u597d\u68d2Bump",
        "title": "\u6211\u73a9NFT\u904a\u6232\u8eba\u8cfa40\u5929\uff01\u9760\u9019\u62db\u624d\u80fd\u771f\u7684\u8cfa\u5230\u9322\uff1f\uff01\u5927\u5bb6\u5343\u842c\u5225\u5617\u8a66\uff01\u3010\u597d\u68d2Bump\u3011\u3010NFT\u904a\u6232\u934a\u91d1\u8853\u3011",
        "description": "\u524d\u9663\u5b50\u5f88\u7d05\u7684NFT\u904a\u6232\u771f\u7684\u80fd\u8cfa\u9322\u55ce\uff1f \u4eca\u5929\u76f4\u63a5\u82b1\u9322\u5be6\u6e2c\u7d66\u5927\u5bb6\u770b\uff0c\u5230\u5e95\u80fd\u8cfa\u591a\u5c11\u9322\uff1f\u800c\u53c8\u8981\u600e\u9ebc\u8cfa\u9322\uff1f\n\n#NFT\u904a\u6232 #\u52a0\u5bc6\u70b8\u5f48 #\u904a\u6232\u5feb\u5012\u4e86\u624d\u4e0a\u7247\u662f\u7db2\u7d05\u7684\u57fa\u672c\u7d20\u990a\n--------------------------------------------------------- \n\u4e0a\u4e00\u90e8\u5f71\u7247 \u5931\u6563\u591a\u5e74\u7684\u59b9\u59b9\u7adf\u662f\u76f4\u64ad\u4e3b\uff1f\u5047\u88dd\u964c\u751f\u4eba\u7206\u523720\u842c\uff01\u518d\u7d04\u5979\u51fa\u4f86\u78b0\u9762\u76f8\u8a8d\u3010\u597d\u68d2Bump\u3011\nhttps://youtu.be/y-QvxGjreKQ\n\n\u8001\u5b50\u7684IG\uff1ahttps://bit.ly/2JqmmIq\n\u8001\u5b50\u7684FB\uff1ahttps://bit.ly/2s3pwwb",
        "likeCount": "13808",
        "commentCount": "621",
        "viewCount": "1197261"
    },
    "comments": [
        {
            "reply_id": "UgxJXVEOh4z3kV09-AF4AaABAg",
            "reply_content": "\u904a\u6232\u5feb\u5012\u4e86\u624d\u4e0a\u7247\uff0c\u4e0d\u8981\u53bb\u7092\u5e63\ud83c\ude39\ufe0f\u81ea\u5df1\u7c89\u7d72\uff0c\u662f\u4f5c\u70ba\u516c\u773e\u4eba\u7269\u7684\u57fa\u672c\u7d20\u990a\uff0c\u4e0b\u79ae\u62dc\u6211\u5011\u4f86\u505a\u4e00\u96c6\uff0c\u6700\u8fd1\u7db2\u7d05\ud83c\ude39\ufe0f\u7c89\u7d72\u7684\u4e82\u8c61\u5427\ud83e\udd72"
        },
        {
            "reply_id": "UgwEhGUcZdzfmQL5Nul4AaABAg",
            "reply_content": "\u9019\u500b\u4e00\u5b9a\u6703\u5012\u5427\uff0c\u56e0\u70ba\u90a3\u500b\u5e63\u6c92\u8fa6\u6cd5\u5e79\u9ebb\u4e5f\u6c92\u8fa6\u6cd5\u5f97\u5230\u5feb\u6a02\uff0c\u5feb\u6a02\u7684\u610f\u601d\u662f\u67d0\u4e9b\u7db2\u8def\u904a\u6232\u4f8b\u5982\u6953\u4e4b\u8c37\uff0c\u88e1\u9762\u7684\u904a\u6232\u5e63\u5c31\u662f\u6709\u50f9\u503c\u7684\uff0c\u56e0\u70ba\u70ba\u4e86\u5feb\u6a02\u73a9\u904a\u6232\u9700\u8981\u6709\u88dd\u5099\u3001\u9053\u5177\u3001\u904a\u6232\u5e63\u7b49\u7269\u54c1\uff0c\u4f46\u5f71\u7247\u88e1\u7684\u90a3\u500b\u70b8\u5f48\u904a\u6232\u4ed4\u7d30\u60f3\u5c31\u6703\u77e5\u9053\u8ddf\u7dda\u4e0a\u904a\u6232\u7684\u672c\u8cea\u5c31\u662f\u4e0d\u4e00\u6a23\u7684"
        },
        {
            "reply_id": "UgzrqZUAcxGT6rN4m4t4AaABAg",
            "reply_content": "\u907f\u514d\u9592\u7f6e\u7684\u554f\u984c\u53ef\u4ee5\u7528\u6ed1\u9f20\u7d00\u9304\u7684\u8edf\u9ad4\u89e3\u6c7a\u5427\ud83e\udd14"
        },
        {
            "reply_id": "UgyANDIexW6UGsnYc714AaABAg",
            "reply_content": "\u9019\u662f\u4e00\u8258\u99db\u5411\u5730\u57df\u7684\u8239\uff0c\u6bcf\u500b\u4e0a\u8239\u7684\u90fd\u60f3\u5728\u6700\u5f8c\u4e00\u523b\u8df3\u8d70\uff0c\u6240\u4ee5\u544a\u8a34\u6211\u5011\u8981\u7576\u5c31\u7576\u8239\u9577\uff0c\u9084\u662f\u4f60\u7238\u662f\u90ed\u8463\u4f60\u7684\u96f6\u7528\u9322\u6bd4\u6708\u85aa\u9084\u591a\uff0c\u90a3\u4f60\u8acb\u4fbf\u7562\u7adf\u53ea\u662f\u96f6\u7528\u9322\uff0c\u628a\u68fa\u6750\u672c\u7528\u5728\u9019\u4e0a\u7684\u6b61\u8fce\u52a0\u5165\u9ad8\u96c4\u611b\u6cb3\u884c\u5217"
        },
        {
            "reply_id": "UgxxFCWSOU9kk7XvdNl4AaABAg",
            "reply_content": "\u5c31\u662f\u5237\u5237\u5237\u904a\u6232"
        },
        {
            "reply_id": "UgyHvR2Fl4IH2EVZsf14AaABAg",
            "reply_content": "\u8b1d\u8b1d\u8001\u95c6\u7d05\u8272\u8173\u8272"
        },
        {
            "reply_id": "UgyD_qdiID6RZOgRvwx4AaABAg",
            "reply_content": "\u53ef\u4ee5\u8a66\u4e00\u500b\u6708\u9818\u7a7a\u982d\u6311\u6230\uff01"
        },
        {
            "reply_id": "UgygerpSraEm92XYN7N4AaABAg",
            "reply_content": "\u54c8\u54c8\u54c8"
        },
        {
            "reply_id": "UgykCKOjDijKiYAJ8ch4AaABAg",
            "reply_content": "\u8acb\u554f\u904a\u6232\u8f09\u9ede\u9023\u7d50\uff1f"
        },
        {
            "reply_id": "UgwtB2WXne6RaEN-ahl4AaABAg",
            "reply_content": "\u767e\u59d3\u90a3\u6bb5\u771f\u7684\u597d\u597d\u7b11"
        },
        {
            "reply_id": "Ugwfw5l1lvwArs3Cy4d4AaABAg",
            "reply_content": "\u6c34\u5594"
        },
        {
            "reply_id": "UgwNO0NKjsXxz9Hmn8J4AaABAg",
            "reply_content": "\u9019\u652f\u7247\u771f\u7684\u8b93\u6211\u7b11\u6b7b"
        },
        {
            "reply_id": "Ugy-LJsdmdZufs8r0QF4AaABAg",
            "reply_content": "\u5982\u679c\u4e0d\u662f\u62bd\u5230\u7d05\u8272\u548c\u7d2b\u8272\uff0c\u9019\u904a\u6232\u6839\u672c\u6c38\u9060\u90fd\u4e0d\u6703\u8cfa\u9322\uff0c\u4f60\u771f\u7684\u8981\u52a0\u9019\u5973\u54e1\u5de5\u85aa\u91d1\uff0c\u5979\u8b93\u4f60\u5e36\u4f86\u597d\u904b\u5440\uff01"
        },
        {
            "reply_id": "Ugy02D0P2U58UaU9iu94AaABAg",
            "reply_content": "\u9019\u500b\u904a\u6232\u771f\u6b63\u8cfa\u9322\u61c9\u8a72\u662f\u6536\u522e\u8ce3\u7d05\u89d2...\u70b8\u5e63\u8cfa\u4e0d\u591a\u554a\u2026\u96fb\u8cbb\u4eba\u5de5\u96fb\u8166\u8017\u6750\u4e0d\u5c11\u9322\u4e86"
        },
        {
            "reply_id": "Ugx3Tn6XGmjueczsCy94AaABAg",
            "reply_content": "\u6240\u4ee5\u51fa\u91d1\u6210\u529f\u4e86\u55ce\uff1f"
        },
        {
            "reply_id": "UgwVPGfNScBKAR26vMN4AaABAg",
            "reply_content": "\u4ec0\u9ebc\u662f\u5831\u5831\u738b \u6211\u53ea\u77e5\u9053\u6de1\u6c34\u963f\u7d66"
        },
        {
            "reply_id": "Ugwlk8xkY9sr5VXiWX14AaABAg",
            "reply_content": "\u51e1\u5b50\u64ae\u4e2d\u6211\u7684\u7b11\u9edexD"
        },
        {
            "reply_id": "UgxJibOxDZOq3kDEnLB4AaABAg",
            "reply_content": "\u6c42\u904a\u6232\u7db2\u5740"
        },
        {
            "reply_id": "UgwNZqnUsLf5hjMriGN4AaABAg",
            "reply_content": "\u597d\u5427 \u6211\u662f\u904a\u6232\u5de5\u4f5c\u5ba4 \u904a\u6232\u8cfa\u9322 \u5206\u5f88\u591a\u7a2e \u6709\u6a5f\u6703\u5728\u5206\u4eab"
        },
        {
            "reply_id": "UgwIcz0ES7_ORmYct7V4AaABAg",
            "reply_content": "\u4f60\u71d2\u91d1\u7d19\u5e79\u561b"
        }
    ]
}