{
    "video_info": {
        "id": "xgHvDPIRDvM",
        "channelTitle": "\u597d\u68d2Bump",
        "title": "\u6211\u7528\u7279\u65af\u62c9\u5075\u6e2c\u7cfb\u7d71\u6293\u9b3c\uff01\u7adf\u4e0d\u5c0f\u5fc3\u5e36\u4e86\u9ad2\u6771\u897f\u56de\u5bb6...\uff01\u3010\u597d\u68d2Bump\u3011\u3010\u6293\u9b3c\u934a\u91d1\u8853\u3011ft.\u5927\u9ebb\u7169",
        "description": "\u9b3c\u9580\u958b\u5c31\u662f\u8981\u53bb\u6293\u5e7e\u96bb\u9b3c\u4f86\u8ce3\u963f\uff01\u6709\u6c92\u6709\u4eba\u8981\u8cb7\uff1f\u8d95\u5feb\u79c1\u8a0a\u6211,\u65b0\u9bae\u7684\u54e6~\n\n#\u8fb2\u66c6\u4e03\u6708\u534a #\u7279\u65af\u62c9\u6293\u9b3c #\u5e0c\u671b\u8ddf\u56de\u4f86\u9019\u500b\u662f\u6b63\u59b9 \n--------------------------------------------------------- \r\n\u4e0a\u4e00\u90e8\u5f71\u7247\u8e22\u7206\u516c\u5bb6\u6a5f\u95dc\u5403\u6848\uff01\u864e\u982d\u8702\u5165\u4fb52\u500b\u6708\u7adf\u4e0d\u4f86\u8655\u7406\uff01\u3010\u597d\u68d2Bump\u3011https://youtu.be/0BZHgB1kf3Q\n\r\n\u8001\u5b50\u7684IG\uff1ahttps://bit.ly/2JqmmIq\r\n\u8001\u5b50\u7684FB\uff1ahttps://bit.ly/2s3pwwb",
        "likeCount": "20164",
        "commentCount": "2399",
        "viewCount": "1364383"
    },
    "comments": [
        {
            "reply_id": "UgwQ8nHKqu2TXBqBhLZ4AaABAg",
            "reply_content": "\u6211\u662f\u4e00\u500b\u7f6e\u9802\u7559\u8a00"
        },
        {
            "reply_id": "Ugx5sNNzUSlEyL190E94AaABAg",
            "reply_content": "\u6211\u540c\u5b78\u770b\u7684\u5230\uff0c\u4ed6\u8aaa\u4ed6\u5728\u4f60\u80cc\u5f8c"
        },
        {
            "reply_id": "UgwPdSLqHWDfH5W24Xl4AaABAg",
            "reply_content": "\u6703\u4e0d\u6703\u5f88\u6050\u6016"
        },
        {
            "reply_id": "UgyNUVL3FxhqFxI36pd4AaABAg",
            "reply_content": "\u9e7d\u52a0\u7c73\u5c31\u53ef\u4ee5\u4e86"
        },
        {
            "reply_id": "UgxqVIBiUNiY71o8YzJ4AaABAg",
            "reply_content": "\u53eb\u70cf\u9d09\u4f86\ud83d\ude02"
        },
        {
            "reply_id": "Ugye2YbsvJUC5uUGxxZ4AaABAg",
            "reply_content": "\u6211\u662f\u4e00\u500b\u7b49\u8a02\u95b1\u7684\u4eba"
        },
        {
            "reply_id": "Ugx-JWaZqL3qz0_SIQV4AaABAg",
            "reply_content": "\u6211\u9019\u4e0d\u4fe1\u6709\u9b3c\u4e0b\u6b21\u5728\u6293\u4f86\u7d66\u4eba\u770b\u6216\u8a31\u6211\u6703\u4fe1"
        },
        {
            "reply_id": "UgyzRhgB16Ajhva0F0F4AaABAg",
            "reply_content": "\u592a\u786c\u4e86\u5566"
        },
        {
            "reply_id": "UgwYhYeR_4nCSs-Dt914AaABAg",
            "reply_content": "\u79d1\u6280\u627e\u9b3c\u554a!"
        },
        {
            "reply_id": "UgwGXFYLcomO3SM9hll4AaABAg",
            "reply_content": "\u5728\u4f86\u9ede\u985e\u4f3c\u7684"
        },
        {
            "reply_id": "Ugw8yfTPUMk5eFCKr7F4AaABAg",
            "reply_content": "\u9a45\u9b3c\u4eba"
        },
        {
            "reply_id": "UgybH8mUD87HENiLjJx4AaABAg",
            "reply_content": "\u6211"
        },
        {
            "reply_id": "Ugw7i1zPPwvfYlFRWXR4AaABAg",
            "reply_content": "\u5bb6\u5ba4"
        },
        {
            "reply_id": "Ugy5KeUrM4MbmRxCorZ4AaABAg",
            "reply_content": "\u73a9\u789f\u4ed9\u554f\u4ed6"
        },
        {
            "reply_id": "Ugw8ZU4KrZ9_qJq0dsN4AaABAg",
            "reply_content": "\u5982\u679c\u6293\u5230\uff0c\u87a2\u5e55\u6d88\u5931\uff0c\u7136\u5f8c\u518d\u628a\u5783\u573e\u888b\u6253\u958b\u5012\u51fa\u4f86\uff0c\u87a2\u5e55\u53c8\u51fa\u73fe\uff0c\u90a3\u61c9\u66f4\u6709\u8aaa\u670d\u529b\u5427\u3002"
        },
        {
            "reply_id": "UgxxnuNNrjRnDY_IBGV4AaABAg",
            "reply_content": "\u958b\u96fb\u52d5\u8eca\u53bb\u52a0\u6cb9\u7ad9\uff0c\u7136\u5f8c\u518d\u554f\u5e97\u54e1\u6709\u6c92\u6709\u516c\u5893\uff0c\u5e97\u54e1\u9084\u90a3\u9ebc\u6de1\u5b9a\uff0c\u771f\u7684\u5f88\u597d\u7b11\ud83e\udd23"
        },
        {
            "reply_id": "UgyZSi9CLg6GuV8i9bF4AaABAg",
            "reply_content": "\u9760\u9019\u96c6\u592a\u597d\u7b11\u4e86\u516b"
        },
        {
            "reply_id": "UgzKty54X86a1QOt8tp4AaABAg",
            "reply_content": "\u6211\u8981"
        },
        {
            "reply_id": "UgyFeWIGQnxdC5Y0OZZ4AaABAg",
            "reply_content": "\u96d6\u7136\u9019\u662f2\u5e74\u524d\u7684\u5f71\u7247 5 \u6307\u5c71\u66f4\u591a\u597d\u5144\u5f1f \u4e0a\u6b21\u53bb\u5c31\u8d70\u4e0d\u51fa\u4f86\u9084\u9047\u5230\u602a\u602a\u4e8b\u60c5 \u56e0\u70ba\u53bb\u90a3\u908a\u559d\u5496\u5561\u4e0d\u5c0f\u5fc3\u9a0e\u5230\u90a3\u908a\u9644\u8fd1\u7684\u516c\u5893 \u5f8c\u4f86\u56de\u5bb6\u4e00\u770b \u662f\u8ecd\u516c\u5893 \u5687\u90fd\u5687\u6b7b \u6211\u5fd8\u8a18\u8aaa\u4e86\u4e00\u4ef6\u4e8b\u60c5 \u525b\u525b\u6709\u7de8\u8f2f \u5c31\u662f \u6211\u5011\u597d\u50cf\u4e2d\u9593\u627e\u4e0d\u5230\u8def\u6709\u5148\u505c\u6a5f\u8eca\u5728\u65c1\u908a \u5f8c\u4f86\u9806\u4fbf\u62bd\u500b\u83f8 \u60f3\u4e00\u4e0b \u7b49\u7b49\u600e\u9ebc\u8fa6\u5f8c\u4f86\u767c\u73fe\u9996\u8981\u9ede\u83f8 \u624b\u4f38\u51fa\u53bb \u770b\u4e0d\u898b\u81ea\u5df1\u7684\u624b \u5f8c\u4f86\u60f3\u8aaa\u5947\u602a\u600e\u9019\u6a23 \u7db2\u8def\u722c\u6587\u53bb\u770b \u624d\u6709\u4eba\u8aaa \u4f38\u624b\u4e0d\u898b5\u6307 \u6240\u4ee5\u624d\u53eb\u4e94\u6307\u5c71"
        },
        {
            "reply_id": "Ugx1KHmJ9_PtHfYsZBB4AaABAg",
            "reply_content": "\u8a8d\u771f\u554f 3:59 \u90a3\u8072 \"\u600e\u9ebc\u4e86?\" \u5230\u5e95\u662f?\n\n\u518d\u8a8d\u771f\u56de\u500b \u5176\u5be6\u9019\u6a23\u5075\u6e2c\u9b3c\u9b42\u4e5f\u8a31\u662f\u771f\u7684\u80fd\u4ee5\u79d1\u5b78\u4e0a\u89e3\u91cb\u7684\uff0c\u56e0\u70ba\u9019\u7a2e\u5c0e\u822a\u96f7\u9054\uff0c\u5176\u539f\u7406\u5927\u81f4\u662f\u4ee5\u96fb\u78c1\u6ce2\u6253\u51fa\u53bb\u9032\u884c\u5075\u6e2c\uff0c\u800c\u96fb\u6703\u751f\u78c1\uff0c\u6240\u4ee5\u4e5f\u53ef\u80fd\u67d0\u7a2e\u610f\u7fa9\u4e0a\u53ef\u4ee5\u89e3\u91cb\u6210\u5075\u6e2c\u67d0\u7a2e\u78c1\u5834\uff0c\u800c\u4fd7\u7a31\u7684\u9b3c\u9b42\u6709\u4e00\u7a2e\u8aaa\u6cd5\u662f\u53e6\u4e00\u500b\u7dad\u5ea6\u6216\u662f\u4e0d\u540c\u78c1\u5834\u7684\u5b58\u5728\uff0c\u56e0\u6b64\u96f7\u9054\u80fd\u9032\u884c\u90e8\u5206\u6a5f\u7387\u6027\u7684\u5075\u6e2c\u6216\u8a31\u5c31\u8aaa\u5f97\u901a\u4e86\uff0c\u53ea\u662f\u4e5f\u883b\u597d\u5947bump\u600e\u9ebc\u6c92\u6709\u63d0\u5f8c\u7e8c?"
        }
    ]
}