{
    "video_info": {
        "id": "Xv1AK1NdNmI",
        "channelTitle": "\u597d\u68d2Bump",
        "title": "\u5e6b\u591c\u5e02\u963f\u4f2f\u8ce3\u9999\u8178\u9084\u4e00\u4efd\u60c5\uff01\u7576\u521d\u662f\u4f60\u9f13\u52f5\u6211\uff0c\u73fe\u5728\u63db\u6211\u56de\u4f86\u5e6b\u4f60\uff01\u3010\u597d\u68d2Bump\u3011",
        "description": "\u4eca\u5929\u54e5\u8ce3\u5f97\u4e0d\u662f\u9999\u8178\uff0c\u662f\u4e00\u4efd\u611f\u6069\u3002\n\n#\u9084\u4e00\u4efd\u60c5 #\u9999\u8178\u754c\u7562\u5361\u7d22 #\u963f\u4f2f\u8b1d\u8b1d\u4f60\u4e00\u76f4\u76f8\u4fe1\u6211\u662f\u597d\u4eba\n--------------------------------------------------------- \r\n\u4e0a\u4e00\u90e8\u5f71\u7247\u6293\u87f2\u5375\u6642\u7684\u934a\u91d1\u8853\uff01\u807d\u8aaa1\u5929\u80fd\u8cfa2\u842c\u5143\uff01\uff1f\u3010\u597d\u68d2Bump\u3011\u3010\u87f2\u5375\u934a\u91d1\u8853\u3011https://youtu.be/u8Y6QTrk6Ek\r\n\r\n\u8001\u5b50\u7684IG\uff1ahttps://bit.ly/2JqmmIq\r\n\u8001\u5b50\u7684FB\uff1ahttps://bit.ly/2s3pwwb",
        "likeCount": "51277",
        "commentCount": "3065",
        "viewCount": "1713111"
    },
    "comments": [
        {
            "reply_id": "Ugyk202fWPRK4zbWMNh4AaABAg",
            "reply_content": "\u8981\u5403\u9999\u8178\u55ce\uff1f"
        },
        {
            "reply_id": "UgwyZ28BPDXqeTMn8dx4AaABAg",
            "reply_content": "\u6bcf\u500b\u4eba\u90fd\u6709\u4f4e\u6f6e \u6211\u7684\u4f4e\u6f6e\u5bb9\u91cf\u5f88\u5927 \u6709\u9808\u8981 \u53ef\u4ee5\u4ea4\u6d41 !"
        },
        {
            "reply_id": "UgwT1ZWTodon4zyZuk94AaABAg",
            "reply_content": "\u771f\u7684\u662f\u597d\u68d2\u68d2\ud83e\udd7a"
        },
        {
            "reply_id": "Ugxp7exaFH2lKLCPEn14AaABAg",
            "reply_content": "\u9858\u5169\u4f4d\u53d7\u904e\u50b7\u4e92\u76f8\u5b89\u6170\u4e14\u6eab\u67d4\u7684\u4eba\u53ef\u4ee5\u627e\u5230\u5c6c\u65bc\u4ed6\u5011\u81ea\u5df1\u7684\u5e78\u798f\uff1a\uff09"
        },
        {
            "reply_id": "Ugz5F9ZN3sTcVr-vPE14AaABAg",
            "reply_content": "\u597d\u68d2\u68d2\u6211\u771f\u7684\u597d\u6b23\u8cde\u4f60\u597d\u611f\u52d5\u770b\u5230\u4f60Po\u7684\u6587\u7ae0\u5f88\u6fc0\u52f5\u4eba\u751f\u6211\u662f\u4e00\u4f4d65\u6b72\u7684\u9577\u8005\u53ef\u4ee5\u7576\u4f60\u5abd\u5abd\u4e86\uff0c\u4f46\u662f\u4f60\u96d6\u7136\u5e74\u9f61\u4e0a\u7684\u5dee\u8ddd\u53ef\u662f\u4f60\u8b1b\u7684\u8a9e\u8a00\u6211\u90fd\u80fd\u5920\u63a5\u53d7\u8acb\u4f60\u8981\u7e7c\u7e8c\u52a0\u6cb9\uff0c\u6211\u6703\u6c38\u9060\u652f\u6301\u4f60"
        },
        {
            "reply_id": "UgyeLghNIjiyMghDP2R4AaABAg",
            "reply_content": "\u62cd\u5f97\u5f88\u597d"
        },
        {
            "reply_id": "Ugy4PJ58qhgrAdNf80l4AaABAg",
            "reply_content": "\u963f\u4f2f\u5c0f\u5fc3\u8a50\u9a19\u5594"
        },
        {
            "reply_id": "UgwEtl25ybRh1EpGqNB4AaABAg",
            "reply_content": "\u771f\u7684\u597d\u68d2\u68d2\uff0c\u52a0\u6cb9\uff0c\u770b\u4f60\u7684\u5f71\u7247\u6709\u6642\u5019\u771f\u7684\u5f88\u611f\u4eba"
        },
        {
            "reply_id": "UgxvV8TTR2z535LNAcF4AaABAg",
            "reply_content": "\u96d6\u7136\u5f88\u4e45\u4e4b\u5f8c\u624d\u770b\u5230\u9019\u652f\u5f71\u7247\uff0c\u4f46\u662f\u770b\u5230\u4f60\u5229\u7528\u4f60\u7684\u77e5\u540d\u5ea6\u4f86\u5e6b\u52a9\u5f88\u591a\u4eba\u771f\u7684\u779e\u611f\u52d5\u7684"
        },
        {
            "reply_id": "Ugx4AS0XxZVajuhbDlN4AaABAg",
            "reply_content": "\u90a3\u5973\u7684\u600e\u4e48\u4e86\uff1f\u4e3a\u4ec0\u4e48\u88ab\u9a82\u8868\u5b50\uff1f"
        },
        {
            "reply_id": "UgzKpLlOM25Jqm4SCT14AaABAg",
            "reply_content": "\u662f\u7684\u4e0d\u662f\u5f97"
        },
        {
            "reply_id": "UgyxDSbNtb-MN4dWhEl4AaABAg",
            "reply_content": "\u600e\u9ebc\u6703\u8ce3\u897f\u74dc\u6c41\u7136\u5f8c\u53c8\u8ce3\u9999\u8178\uff5e"
        },
        {
            "reply_id": "UgxXDAIoXMV-CYs_IAV4AaABAg",
            "reply_content": "\u6524\u4f4d\u9084\u5728\u55ce"
        },
        {
            "reply_id": "Ugwgy8EoJGq5Y_vogdB4AaABAg",
            "reply_content": "\u8981\u4e0d\u8981\u5403\u9999\u8178 \u597d\u5403\u54e6"
        },
        {
            "reply_id": "Ugw98cR8zHU1HkuUqWh4AaABAg",
            "reply_content": "\u52a0\u6cb9"
        },
        {
            "reply_id": "UgyNjnU2W8GHIQMGnS94AaABAg",
            "reply_content": "\u597d\u68d2\u68d2\u52a0\u6cb9  \u4f60\u7684\u5f71\u7247\u6211\u5dee\u4e0d\u591a\u5feb\u770b\u5b8c\u5566 \u8d95\u5feb\u66f4\u65b0\u54e6\uff01"
        },
        {
            "reply_id": "Ugzgtw4PXcp6so3tShJ4AaABAg",
            "reply_content": "\u6211\u7684\u5b78\u6821"
        },
        {
            "reply_id": "Ugw0pEB1PLOQYa3QzYh4AaABAg",
            "reply_content": "\u90a3\u500b\u5973\u4eba\u662f\u8ab0\u554a?"
        },
        {
            "reply_id": "UgzkvAHX2SIRpOpLY7N4AaABAg",
            "reply_content": "\u6211\u7b2c\u4e00\u6b21\u770b\u5230\u9019\u9ebc\u5e74\u8f15\u7684\u5b69\u5b50\u6b63\u9762\u7684\u601d\u8003\uff0c\u73fe\u5728\u4e2d\u5e74\u7684\u6211\u4e5f\u8655\u65bc\u4f4e\u6f6e\uff0c\u75db\u82e6\u842c\u5206\uff0c\u5468\u906d\u7684\u4eba\u4e0d\u662f\u8cac\u5099\u5c31\u662f\u96e2\u958b\uff0c\u60f3\u6d88\u5931\uff0c\u770b\u4e86\u4f60\u7684\u5f71\u7247\uff0c\u611f\u89ba\u4f60\u4e5f\u662f\u9f13\u52f5\u652f\u6301\u6211\u7684\u90a3\u4e00\u500b\u964c\u751f\u4eba\uff0c\u6eab\u6696\u4e86\u6211\u7684\u5167\u5fc3\uff0c\u8b93\u6211\u6709\u632f\u4f5c\u8d77\u4f86\u7684\u7406\u7531\uff01\u8b1d\u8b1d\u4f60\uff0c\u5b69\u5b50\uff01"
        },
        {
            "reply_id": "Ugz5tTL_4HOunrRxsc54AaABAg",
            "reply_content": "\u6211\u4e5f\u5f88\u559c\u6b61\u4f60\u7684\u5f71\u7247\uff0c\u7b2c\u4e00\u6b21\u7559\u8a00\ud83d\udc4d"
        }
    ]
}