{
    "video_info": {
        "id": "y5ki6Dvnhbk",
        "channelTitle": "\u597d\u68d2Bump",
        "title": "\u5728\u6211\u5c0f\u7684\u6642\u5019\uff0c\u5abd\u5abd\u62cb\u68c4\u4e86\u6211\uff0c\u800c\u4eca\u5929\u6211\u6b63\u5f0f\u539f\u8ad2\u4e86\u5979\u3002\u3010\u597d\u68d2Bump\u3011",
        "description": "\u5e0c\u671b\u80fd\u4ee5\u9019\u90e8\u5f71\u7247\u8b93\u66f4\u591a\u4eba\u653e\u4e0b\u6028\u6068\uff0c\u627e\u5230\u81ea\u5df1\u4eba\u751f\u7684\u5e78\u798f\u3002\n\n#\u771f\u7684\u597d\u75db #\u653e\u4e0b\u6028\u6068 #\u8b1d\u8b1d\u4f60\u628a\u6211\u751f\u4e0b\u4f86\n--------------------------------------------------------- \r\n\u4e0a\u4e00\u90e8\u5f71\u7247 \u6536\u8cfc20\u516c\u65a4\u7684\u96fb\u8def\u677f\uff01\u7adf\u771f\u7684\u80fd\u6d17\u51fa\u9ec3\u91d1\uff01\uff1f\u3010\u597d\u68d2Bump\u3011\u3010\u771f\u6b63\u7684\u934a\u91d1\u8853\u3011https://youtu.be/HFxiXMRBM-o\r\n\r\n\u8001\u5b50\u7684IG\uff1ahttps://bit.ly/2JqmmIq\r\n\u8001\u5b50\u7684FB\uff1ahttps://bit.ly/2s3pwwb",
        "likeCount": "25030",
        "commentCount": "1421",
        "viewCount": "950326"
    },
    "comments": [
        {
            "reply_id": "UgyZe_FrVRXPa763dtp4AaABAg",
            "reply_content": "\u5148\u653e\u4e0b\u6069\u6028\uff0c\u624d\u80fd\u62ff\u8d77\u90a3\u4e9b\u4ee4\u6211\u5011\u5e78\u798f\u7684\u4e00\u5207\u3002"
        },
        {
            "reply_id": "UgwBHtj3PjZJTFCP5gB4AaABAg",
            "reply_content": "\u800c\u4e14\u751f\u5b69\u5b50\u8981\u751f\u5f88\u4e45\uff0c\u50cf\u6211\u5abd\u751f\u5c31\u751f\u4e86\u5341\u516d\u500b\u5c0f\u6642\uff0c\u90a3\u5341\u516d\u500b\u5c0f\u6642\u88e1\u75db\u7684\u660f\u904e\u53bb\u597d\u5e7e\u6b21"
        },
        {
            "reply_id": "Ugz2ygCXoMvAPVa3-TN4AaABAg",
            "reply_content": "\u4f46\u8aaa\u771f\u7684\u5256\u8179\u7522\u5f8c\u4e5f\u662f\u6703\u5f88\u8f9b\u82e6\u6703\u75db\u7684\u5440\n\u751f\u5c0f\u5b69\u9019\u500b\u4e8b\u60c5\u672c\u8eab\u4e0d\u7ba1\u662f\u81ea\u7136\u7522\u9084\u662f\u5256\u8179\u90fd\u662f\u8f9b\u82e6\u7684\n\u61f7\u4f60\u7684\u90a3\u5341\u500b\u6708\u4e5f\u90fd\u5f88\u4e0d\u8f15\u9b06~\n(\u7576\u7136\u990a\u80b2\u4e5f\u8d85\u91cd\u8981!!!)"
        },
        {
            "reply_id": "UgxPtsKqix3Xy4YmnAl4AaABAg",
            "reply_content": "\u4eca\u5929\u7684\u4f60\uff0c\u5df2\u7ecf\u6210\u719f\u4e86\u3002\u539f\u8c05\u522b\u4eba\u5c31\u662f\u5bf9\u81ea\u5df1\u4ec1\u6148\u3002"
        },
        {
            "reply_id": "Ugzlpki97AZXlzAimR94AaABAg",
            "reply_content": "\u4e0b\u4e00\u96c6\u8981\u9ad4\u9a57\u5256\u8179\u55ce"
        },
        {
            "reply_id": "UgwD8YyHN5k0kUPBYzx4AaABAg",
            "reply_content": "\u6211\u5011\u5abd\u5abd\u5728\u5b69\u5b50\u90fd\u9084\u6c92\u51fa\u751f\u524d\uff0c\u5f8c\u671f\u6bcf\u5929\u8f15\u5fae\u9663\u75db\u572830\u7d1a\uff0c\u958b\u59cb\u7834\u6c34\u5c3170\u7d1a\uff0c\u75db\u5230\u98c6\u6c57"
        },
        {
            "reply_id": "Ugyo0imrZy4D8GilYI94AaABAg",
            "reply_content": "\u5256\u8179\u4ea7\uff0c\u4e4b\u540e\u624d\u75db\u7684\uff0c\u6bd4\u987a\u4ea7\u8fd8\u96be\u71ac\u5427"
        },
        {
            "reply_id": "UgzlwDJyoCsY57IHUeJ4AaABAg",
            "reply_content": "\u770b\u5230\u4f60\uff01\u5c31\u50cf\u770b\u5230\u6211\u7684\u5b69\u5b50\uff01\n\u5e0c\u671b\u4ed6\u80fd\u6d3b\u5230\u8ddf\u4f60\u4e00\u6a23"
        },
        {
            "reply_id": "UgzMgnTo1I3Fz5iy2Lx4AaABAg",
            "reply_content": "\u4f60\u7684\u59d0\u59d0\u9084\u597d\u55ce\uff1f\u611f\u89ba\u4ed6\u6d3b\u7684\u5f88\u75db\u82e6\ud83d\ude26\ud83d\ude26"
        },
        {
            "reply_id": "UgztOYoep1BRW5kWflt4AaABAg",
            "reply_content": "\u611f\u89ba\u5c31\u662f\u5b6b\u52dd\u7684\u6545\u4e8b"
        },
        {
            "reply_id": "UgzeWxkisdQL_WFWY6V4AaABAg",
            "reply_content": "\u8bf4\u5f97\u5f88\u597d\ud83d\udc4d \u5f88\u6709\u5171\u9e23"
        },
        {
            "reply_id": "Ugy-6dZ64shVCJ2V8Sh4AaABAg",
            "reply_content": "\u4f60\u5f88\u68d2\uff01\u771f\u7684\u5f88\u61c2\u4e8b\ud83d\ude0a"
        },
        {
            "reply_id": "Ugzl2faY3GgCDRsZyHZ4AaABAg",
            "reply_content": "\u6211\u4e5f\u662f\u8ddf\u5bb6\u4eba\u6709\u5fc3\u7d50\uff0c\u57cb\u6028\u6211\u7684\u904e\u53bb\uff0c\u770b\u4f60\u7684\u5f71\u7247\u5230\u5f8c\u9762\uff0c\u773c\u7736\u7d05\u7d05\u7684\u3002"
        },
        {
            "reply_id": "UgxEPavSOyzWe-L7AGV4AaABAg",
            "reply_content": "\u8eab\u6750\u4e0d\u9519"
        },
        {
            "reply_id": "UgxgX-RLEOHWQ_reAJR4AaABAg",
            "reply_content": "\u770b\u5230\u5c0f\u6642\u5019\u7d93\u6b77\u7684\u90a3\u6bb5\u7684\u5206\u4eab\u771f\u7684\u597d\u5fc3\u75bc\u2026\u770b\u5f97\u773c\u7736\u90fd\u6fd5\u4e86\n\u8b1d\u8b1d\u52c7\u6562\u7684bump\uff0c\u628a\u9019\u4e9b\u9ed1\u6697\u8f49\u5316\u6210\u652f\u6490\u81ea\u5df1\u8d70\u5230\u73fe\u5728\u7684\u52d5\u529b\uff0c\u7121\u8ad6\u662f\u4f60\u6240\u505a\u7684\u4e00\u5207\u8ca2\u737b\uff0c\u9084\u6709\u8b93\u81ea\u5df1\u80fd\u597d\u597d\u7684\u8d70\u5230\u73fe\u5728\uff0c\u90fd\u89ba\u5f97\u4f60\u771f\u7684\u65e2\u52c7\u6562\u53c8\u7f8e\u597d"
        },
        {
            "reply_id": "Ugzh75n2Wb1bYr-3VEZ4AaABAg",
            "reply_content": "\u5176\u5be6\u5256\u8179\u7522\u4e5f\u5f88\u75db\uff0c\u5b83\n\u662f\u75db\u5728\u7522\u5f8c\u2026"
        },
        {
            "reply_id": "Ugzscs-8EznUo7Tl7ux4AaABAg",
            "reply_content": "\u5176\u5be6\u5973\u4eba\u5256\u8179\u751f\u5b50\u7684\u5fa9\u539f\u671f\u662f\u8d77\u78bc\u8981\u4e09\u500b\u6708\uff0c\u9806\u7522\u751f\u7684\u8a71\u4e0d\u7528\u5e7e\u5929\u5c31\u53ef\u4ee5\uff01\u8a66\u60f3\u4e00\u4e0b\u90a3\u4e00\u5200\u662f\u8981\u5272\u958b\u809a\u5b50\u516d\u4e03\u5c64\u7684\uff0c\u4e0d\u662f\u88ab\u5200\u7247\u4e0d\u5c0f\u5fc3\u5272\u4e86\u4e00\u4e0b\u8036\uff01\u4f60\u53ef\u4ee5\u554f\u4f60\u5abd\u5abd\u770b\u4e0b\u90a3\u689d\u50b7\u75a4\u22ef\u22ef\u662f\u6c38\u9060\u4e0d\u6703\u6d88\u5931\uff01\u56e0\u70ba\u90a3\u662f\u4e00\u500b\u5927\u624b\u8853\uff01\u9084\u6709\uff0c\u90a3\u4e9b\u5341\u6708\u61f7\u80ce\u7684\u65e5\u5b50\u4f60\u4e5f\u597d\u50cf\u6c92\u6709\u7d93\u9a57\u904e\uff0c\u4f60\u4ee5\u70ba\u90a3\u6bb5\u65e5\u5b50\u662f\u597d\u904e\u7684\u55ce\uff1f\uff01\u90a3\u6bb5\u4e5f\u7b97\u662f\u5973\u4eba\u6c92\u4e86\u81ea\u7531\u7684\u65e5\u5b50\uff01\u53cd\u6b63\uff0c\u6c92\u5979\u4f60\u5c31\u6c92\u6a5f\u6703\u5728\u9019\u62cd\u5f71\u7247\u22ef\u22ef"
        },
        {
            "reply_id": "UgwSsl0OlYK3OacyHoR4AaABAg",
            "reply_content": "\u5979\u5982\u4f55\u751f\u7684\u4e0d\u91cd\u8981\uff0c\u91cd\u8981\u7684\u662f\u5979\u6c92\u6709\u7167\u9867\u4f60\uff0c\n\u800c\u4f60\u6703\u539f\u8ad2\u5979\u5462\uff0c\u662f\u56e0\u70ba\u4f60\u73fe\u5728\u6709\u667a\u6167\uff0c\u6709\u80fd\u529b\uff0c\u6709\u91d1\u9322\u7684\u95dc\u4fc2\uff0c\u6240\u4ee5\u624d\u6703\u91cb\u61f7\uff0c\n\u5018\u82e5\u4f60\u73fe\u5728\u662f\u8655\u5728\u4e00\u500b\u7d93\u6fdf\u5f31\u52e2\u4e36\u7121\u6cd5\u751f\u6d3b\u7684\u72c0\u614b\u4e0b\uff0c\u4e5f\u8a31\u4f60\u5c31\u7121\u6cd5\u539f\u8ad2\u4e86\u3002"
        },
        {
            "reply_id": "Ugy7Y7TjV8ahCNQzI6J4AaABAg",
            "reply_content": "\u7531\u9ed1\u6697\u8d70\u5411\u5149\u660e\u7684\u68d2\uff0c\u771f\u7684\u5f88\u68d2\uff01"
        },
        {
            "reply_id": "UgzyBZmbX8sNGuTs0wV4AaABAg",
            "reply_content": "\u4f60\u771f\u7684\u5f88\u68d2"
        }
    ]
}