{
    "video_info": {
        "id": "YjOPypL_N2Q",
        "channelTitle": "\u597d\u68d2Bump",
        "title": "\u70cf\u9d09\u88ab\u50b3\u662f\u9677\u5bb3\u653e\u706b\u7684\u5143\u5147\uff1f\u6253\u7d66\u5a92\u9ad4\u8001\u95c6\u554f\u51fa\u771f\u76f8\uff01\u3010\u597d\u68d2Bump\u3011",
        "description": "\u9019\u624d\u662f\u4ed9\u4eba\u8df3\u4e8b\u4ef6\u7684\u5b8c\u6574\u771f\u76f8\uff0c\u5435\u4ec0\u9ebc\u5435\uff0c\u9589\u5634\u770b\u5b8c\u3002\n\n#\u653e\u706b\u4ed9\u4eba\u8df3 #\u7d44\u7e54\u72af\u7f6a #\u4e0d\u6b62\u4e00\u8d77\u6848\u4f8b\n--------------------------------------------------------- \n\u4e0a\u4e00\u90e8\u5f71\u7247 \u627e\u5927\u80c3\u738b\u8def\u8def\u7d04\u6703\uff01\u5979\u7adf\u5403\u4e8633\u9053\u9802\u7d1a\u6599\u7406\uff01\u6211\u76f4\u63a5\u7834\u7522...\u3010\u597d\u68d2Bump\u3011 @\u8def\u8defLULU https://youtu.be/swcetdd5dkw \u200b\n\n\u8001\u5b50\u7684IG\uff1ahttps://bit.ly/2JqmmIq\n\u8001\u5b50\u7684FB\uff1ahttps://bit.ly/2s3pwwb",
        "likeCount": "17396",
        "commentCount": "1369",
        "viewCount": "1063001"
    },
    "comments": [
        {
            "reply_id": "UgzZ3JncZ6rAAOORI4p4AaABAg",
            "reply_content": "\u5269\u4e0b\u7684\u5c31\u7b49\u8b66\u65b9\u8abf\u67e5\uff0c\u4e0d\u8981\u53bb\u8ab9\u8b17\u5225\u4eba\uff0c\u5e95\u4e0b\u5225\u4e82\u8b1b\u8a71\uff0c\u5c0f\u5fc3\u5230\u6642\u5019\u88ab\u5225\u4eba\u622a\u5716\u63d0\u544a\u3002"
        },
        {
            "reply_id": "Ugw_B35hW3XuoZlzDBd4AaABAg",
            "reply_content": "\u4ed9\u4eba\u8df3\u6700\u5173\u952e\u7684\u662f\u8981\u91cc\u5e94\u5916\u5408 \u91cc\u9762\u90a3\u4e2a\u4e0d\u53ef\u80fd\u4e0d\u77e5\u60c5 \u5982\u679c\u6ca1\u6709\u5185\u5e94 \u5916\u9762\u7684\u90a3\u4e9b\u4eba\u6839\u672c\u662f\u6ca1\u529e\u6cd5\u884c\u52a8\u7684\u3002\u8fd9\u5c31\u597d\u50cf\u4f60\u4f1a\u8499\u7740\u773c\u53bb\u6253\u52ab\u94f6\u884c\u5417\uff1f\u9752\u9752\u7edd\u5bf9\u4e0d\u4f1a\u662f\u65e0\u8f9c\u7684 \u8fd9\u8fd8\u7528\u60f3\uff1f\u53ea\u662f\u653e\u706b\u5f53\u5979\u597d\u670b\u53cb \u4ed6\u4eec\u8fde\u597d\u670b\u53cb\u90fd\u4e0d\u653e\u8fc7 \u53ea\u80fd\u8bf4\u662f\u86c7\u874e\u7f8e\u4eba \u8fd9\u79cd\u4eba\u4e3a\u4e86\u5229\u76ca\u8fde\u7236\u6bcd\u90fd\u80fd\u51fa\u5356\u3002"
        },
        {
            "reply_id": "Ugyd8-BTF8rG1mxGVpV4AaABAg",
            "reply_content": "\u650e\u706b\u7d14\u9752"
        },
        {
            "reply_id": "UgyIA_gkm2Kub_lOW0d4AaABAg",
            "reply_content": "\u5f9e\u6f14\u7b97\u6cd5\u770b\u5230\u5f71\u7247\uff0c\u6216\u8a31\u7576\u6642\u5927\u5bb6\u90fd\u8a8d\u70ba\uff0c\u9752\u9752\u662f\u7b2c\u4e8c\u7a2e\uff0c\u4e0d\u904e\u524d\u5e7e\u5929\u9999\u83f1\u7206\u6599\u51fa\u4f86\u5f8c\uff0c\u518d\u770b\u5f71\u7247\u53bb\u601d\u8003\uff0c\u6211\u89ba\u5f97\u9752\u9752\u662f\u7b2c\u4e09\u7a2e\uff0c\u5c31\u662f\u5178\u578b\u7684\u84c4\u610f\uff0c\u7da0\u8336\u9752\u3002"
        },
        {
            "reply_id": "Ugz8aSXaKA04x75R-Tp4AaABAg",
            "reply_content": "\u9752\u9752\u7576\u521d\u9760\u8089\u9ad4\u641e\u96c6\u5718\u4ed9\u4eba\u8df3\u6488\u91d1!\u73fe\u5728\u9032\u5316\u6210\u96c6\u5718\u8a50\u9a19\u5438\u91d1!\u8d8a\u4f86\u8d8a\u5a4a\u4e86"
        },
        {
            "reply_id": "UgyIl5vLcHm-1Lnyh-V4AaABAg",
            "reply_content": "\u8fd1\u6731\u8005\u8d64\uff0c\u8fd1\u58a8\u8005\u9ed1\n\u770b\u5230\u4f60\u9084\u5e6b\u70cf\u5c0e\u8b1b\u8a71\uff0c\u771f\u7684\u5f88\u5931\u671b\n\u5df2\u7d93\u9000\u8a02\u4e86"
        },
        {
            "reply_id": "UgwB4LOe9-_LqVBylrZ4AaABAg",
            "reply_content": "\u679c\u7136\u662f\u70cf\u9d09\u9677\u5bb3\u653e\u706b...\u70ba\u4ec0\u9ebc\u8981\u5e6b\u70cf\u9d09\u8aaa\u8a71 \u50bb\u773c"
        },
        {
            "reply_id": "UgyDZX5SjQcTWCh3js94AaABAg",
            "reply_content": "\u770b\u4e86\u53e6\u4e00\u90e8 \uff0c\u9752\u9752\u8ddf\u4ed6\u5011\u662f\u4e0d\u662f\u90fd\u8a8d\u8b58\u7684"
        },
        {
            "reply_id": "UgwSGLEobJeVHkrTwy54AaABAg",
            "reply_content": "\u73fe\u5728\u56de\u982d\u518d\u628a\u5f71\u7247\u770b\u4e00\u904d\uff0c\u4e00\u5207\u90fd\u5c0d\u7684\u4e0a\u4e86\uff0c\u771f\u7684\u662f\u5594\uff0c\u539f\u4f86\u662f\u6709\u4eba\u6234\u8457\u5047\u9762\u5177\u5728\u6311\u64a5\u96e2\u9593"
        },
        {
            "reply_id": "UgzxUGR-z5i2MMJnz0V4AaABAg",
            "reply_content": "\u56de\u982d\u770b\u5f71\u7247\u5168\u90fd\u6e05\u695a\u4e86"
        },
        {
            "reply_id": "UgzRIcBMYYh6ezldarB4AaABAg",
            "reply_content": "\u9752\u9752\u8981\u561b\u5c31\u5288\u817f\u7d66\u4eba\u6234\u7da0\u5e3d\uff0c\u8981\u561b\u4ed9\u4eba\u8df3\u5225\u4eba\uff0c\u9084\u6709\u9078\u9805\u55ce\uff1f"
        },
        {
            "reply_id": "UgzTCo_78AH2ajsT_AF4AaABAg",
            "reply_content": "\u8d77\u98a8\u4e86\uff0c\u4e1e\u76f8"
        },
        {
            "reply_id": "UgzdUF85pw0dSafJa7x4AaABAg",
            "reply_content": "\u52fe\u60e1\u771f\u4ed6\u5abd\u5641\u5fc3"
        },
        {
            "reply_id": "UgyMx6TaTLEJW2A7LaF4AaABAg",
            "reply_content": "\u9752\u9752\u771f\u7684\u662f\u4e86\u7136"
        },
        {
            "reply_id": "Ugyl0ERvU3R6RISs5Qx4AaABAg",
            "reply_content": "\u4e00\u5e74\u591a\u5f8c\u795e\u5947\u7684\u6f14\u7b97\u6cd5\u53c8\u5e36\u6211\u5011\u56de\u5230\u9019\u88e1\u3002"
        },
        {
            "reply_id": "Ugw3tlI1TYaM_MPeehp4AaABAg",
            "reply_content": "\u52fe\u60e1\u6709\u8b49\u64da\uff1a\u7d50\u679c\u662f\u70cf\u9d09\u8a2d\u5c40"
        },
        {
            "reply_id": "Ugx31yTuPxeqoPA014x4AaABAg",
            "reply_content": "\u73fe\u5728\u56de\u4f86\u770b\u771f\u7684\u883b\u5ba2\u89c0\u7684\u5f88\u7406\u6027\uff0c\u5982\u679c\u662f\u4e00\u9762\u8892\u8b77\u6216\u8457\u6c92\u67e5\u8b49\u5c31\u4e82\u8b1b\u7684\u8a71\uff0c\u5927\u6982\u73fe\u5728\u5c31\u8ddf\u8457\u88ab\u5674\u721b\u4e86\uff0c\u597d\u96aabump\u9084\u662f\u9664\u4e86\u8569\u5a66\u7f9e\u8fb1\u90a3\u7247\u4ee5\u5916\u722d\u8b70\u4e0d\u591a\u1d98 \u1d52\u1d25\u1d52\u1d85"
        },
        {
            "reply_id": "Ugyh1LsM7ZGXpigFQMp4AaABAg",
            "reply_content": "\u73fe\u5728\u770b\u52fe\u60e1\u7684\u9304\u97f3 \u53ef\u6015\u5466"
        },
        {
            "reply_id": "UgyRGap5Qv9UBDsGl014AaABAg",
            "reply_content": "\u5c0a\uff1a\u706b\u54e5\u5bb6\u5730\u4e0b\u6709\u91d1\u5eab\u554a"
        },
        {
            "reply_id": "UgztAn-wrtW2Lm-wjdV4AaABAg",
            "reply_content": "\u9060\u96e2\u9752\u9752\u77f3"
        }
    ]
}