{
    "video_info": {
        "id": "zAiWcK3KKg0",
        "channelTitle": "\u597d\u68d2Bump",
        "title": "\u5976\u5976\u7684\u73cd\u73e0\u7adf\u50f9\u503c200\u842c\uff01\u62ff\u53bb\u73e0\u5bf6\u9451\u9a57\u771f\u5047\uff1f\uff01\u3010\u597d\u68d2Bump\u3011\u3010\u907a\u7269\u934a\u91d1\u8853\u3011",
        "description": "\u90a3\u4e00\u5929\u6211\u767c\u73fe\u5976\u5976\u7684\u907a\u7269\u7bb1\u88e1\u6709\u4e00\u9846\u8d85\u5927\u7684\u73cd\u73e0\uff0c\u62ff\u53bb\u5bf6\u77f3\u9451\u5b9a\u6240\u4e4b\u5f8c\uff0c\u767c\u73fe\u662f\u4e00\u9846\u5168\u4e16\u754c\u53ea\u6709200\u9846\u7684\u8d85\u7f55\u898b\u706b\u7d0b\u73cd\u73e0\uff01 \u6240\u4ee5\u6211\u6c7a\u5b9a\u4e86\u2026.\n\n#\u5976\u5976\u907a\u7269 #\u706b\u7d0b\u73cd\u73e0 #\u5168\u4e16\u754c\u53ea\u6709200\u9846\u7684\u5b9a\u60c5\u4fe1\u7269\n--------------------------------------------------------- \n\u4e0a\u4e00\u90e8\u5f71\u7247 \u6211\u4f86\u5230\u4e86\u8ced\u795e\u5f35\u7d04\u7ff0\u5bb6\uff01\u60f3\u5728\u8ced\u5834\u8d0f\u9322\u4e0d\u80fd\u932f\u904e\u7684\u4e00\u96c6\uff01\u3010\u597d\u68d2Bump\u3011\u3010\u512a\u52e2\u73a9\u5bb6\u3011https://youtu.be/ee2i1JV29lQ\n\n\u8001\u5b50\u7684IG\uff1ahttps://bit.ly/2JqmmIq\n\u8001\u5b50\u7684FB\uff1ahttps://bit.ly/2s3pwwb",
        "likeCount": "21132",
        "commentCount": "1272",
        "viewCount": "970066"
    },
    "comments": [
        {
            "reply_id": "UgwNz2CddOg0HrhgMhl4AaABAg",
            "reply_content": "\u597d\u5927\u7684\u8c9d\u6bbc"
        },
        {
            "reply_id": "UgzLlL5ptgPDhmz8Nmd4AaABAg",
            "reply_content": "\u6b22\u8fce\u6765\u9a6c\u6765\u897f\u4e9a\u73a9"
        },
        {
            "reply_id": "Ugx9MaEhP4iyjUhx4-J4AaABAg",
            "reply_content": "\u6700\u8fd1\u51e0\u5e74\u5148\u522b\u6765\u7f05\u7538\u3002\u7f05\u7538\u73b0\u5728\u60c5\u51b5\u4e0d\u592a\u597d \u3002"
        },
        {
            "reply_id": "UgyQbDTTSoJjhTj_bOl4AaABAg",
            "reply_content": "\u9084\u4ee5\u70ba\u662f\u5927\u5343\u7576\u92ea\u79e6\u8001\u95c6\u51fa\u5834"
        },
        {
            "reply_id": "Ugz9xdP6fAvEZHXi94J4AaABAg",
            "reply_content": "\u5976\u5976\u62cd\u8c22 \u7b11\u6b7b"
        },
        {
            "reply_id": "UgzF1Jjul4bHgdqQatJ4AaABAg",
            "reply_content": "\u8036\u7a4c\u8aaa\uff1a\u4f60\u8ce3\u8ddf\u6211\u6bdb\u7dda\u95dc\u4fc2\uff01\u5225\u626f\u4e0a\u8001\u5b50\uff01"
        },
        {
            "reply_id": "Ugwnf-MCptJ__BZbzp94AaABAg",
            "reply_content": "\u4e0b\u9762\u7559\u8a00\u51fa\u50f9"
        },
        {
            "reply_id": "Ugy904VMr9PYx3JWTUR4AaABAg",
            "reply_content": "\u597d\u5927\u9846\u54e6"
        },
        {
            "reply_id": "UgwP2pX7kzij8JTWokF4AaABAg",
            "reply_content": "\u53ef\u4ee5\u7576\u50b3\u5bb6\u5bf6"
        },
        {
            "reply_id": "Ugyoq4NXf8Q77vgVwIJ4AaABAg",
            "reply_content": "\u5927\u5b5d\u5b50"
        },
        {
            "reply_id": "Ugys-cTzBTQ0VABIJdB4AaABAg",
            "reply_content": "\u81f3\u5c11\u7834\u5343\u842c\u5427 \u7269\u4ee5\u7a00\u70ba\u8cb4 \u6536\u85cf\u5bb6\u5225\u5c0f\u770b"
        },
        {
            "reply_id": "UgyEMpCQiSX8QreSVad4AaABAg",
            "reply_content": "\u4f60\u4e0d\u662f\u8aaa\u8981\u6d88\u97f3\u55ce\uff1f\u6211\u5df2\u7d93\u77e5\u9053\u5728\u54ea\u88e1\u4e86\uff1f\u525b\u597d\u6211\u4e5f\u5728\u8d8a\u5357\u3002"
        },
        {
            "reply_id": "UgxwQ-wVmAG2mKSgs2B4AaABAg",
            "reply_content": "\u723a\u723a\u70ba\u4ec0\u9ebc\u9001\u73cd\u73e0\uff0c\n\u56e0\u70ba\u73cd\u73e0\u914d\u5976\u5976"
        },
        {
            "reply_id": "Ugzl5eIjxwYEpmQc3IF4AaABAg",
            "reply_content": "\u6211\u89c9\u5f97\u6700\u540e\u6709\u70b9\u8ba9\u6211\u5fc3\u75db \n\u4f60\u8bf4\u5f97\u90a3\u4e48\u611f\u52a8 \n\u6765\u4e00\u53e5\"\u8fd9\u662f\u4f60\u7684\u4e86\u201e"
        },
        {
            "reply_id": "UgwSMjvNlK_jRgHIHv54AaABAg",
            "reply_content": "\u5728\u7f8e\u570b\u7f8e\u5929\u7136\u7684\u697d\u73e0\u50f9\u683c\u662f\u4e8c\u5341\u516b\u842c\u7f8e\u5143\uff0c\u5927\u6982\u662f\u53f0\u5e63\u516b\u767e\u591a\u842c\u5143\u3002\u4f60\u8ce3\u56db\u767e\u842c\u4e5f\u662f\u826f\u5fc3\u50f9"
        },
        {
            "reply_id": "UgxEZc4tAwoDGJAPrqF4AaABAg",
            "reply_content": "\u5e7e\u5341\u5e74\u524d\u7684\u767e\u842c\uff0c\u73fe\u5728\u65e9\u5c31\u4e0d\u6b62\u4e86"
        },
        {
            "reply_id": "Ugye7Z0a6otBxvRGh0l4AaABAg",
            "reply_content": "\u6211\u4ee5\u70ba\u90a3\u9846\u662f\u66fc\u9640\u73e0"
        },
        {
            "reply_id": "UgwkeUeYpsaXlYwbP614AaABAg",
            "reply_content": "\u958b\u982d\u5f88\u597d\u7b11\ud83d\ude06"
        },
        {
            "reply_id": "UgzVmtzIrOa-t63Gg-p4AaABAg",
            "reply_content": "\u5976\u5976\u597d\u7f8e"
        },
        {
            "reply_id": "Ugyxh-GujwH19mSwk3Z4AaABAg",
            "reply_content": "\u6162\u6162\u7ffb\u6c92\u6709\u4eba\u8ddf\u4f60\u6436ww"
        }
    ]
}