{
    "video_info": {
        "id": "02oIlOtQYOE",
        "channelTitle": "Onion Man",
        "title": "\u5927\u5bb6\u62b1\u6b49..\u6211\u5011\u51fa\u5927\u5305\u4e86...\u5e7e\u5341\u7bb1\u8863\u670d\u8981\u5168\u90e8\u92b7\u6bc0\u91cd\u505a...\u6bd4\u786c\u789f\u58de\u6389\u90a3\u6b21\u9084\u5d29\u6f70 | Onion Man",
        "description": "\u5927\u5bb6\u62b1\u6b49...\u5e0c\u671b\u5f4c\u88dc\u7684\u65b9\u6848\u4f60\u5011\u6703\u6eff\u610f\n\n\u721b\u547d\u4e00\u689d\u8863\u670d\u9810\u8cfc\u56e0\u523a\u7e61\u4f4d\u7f6e\u504f\u79fb\u5169\u516c\u5206\n\u6545\u5168\u90e8\u91cd\u505a\uff0c\u9700\u518d\u7b4990\u5929\uff0c\u4e26\u4e14\u8d08\u9001\u6d0b\u8525\u9650\u5b9a\u6bdb\u5dfe\u8207\u896a\u5b50\u4e00\u96d9\n(\u6d0b\u8525\u51fa\u5305\u96f7\u5305\u9650\u5b9a\u6b3e\u5f0f\uff0c\u6c92\u88ab\u6211\u96f7\u7684\u8cb7\u4e0d\u5230)\n\u4e26\u4e14\u9019\u6b21\u6703\u65bcIG\u9650\u52d5\u66f4\u65b0\u88fd\u4f5c\u72c0\u6cc1\n\u7121\u6cd5\u63a5\u624b\u8863\u670d\u518d\u7b49   \u60f3\u5168\u984d\u9000\u6b3e\u7684\u670b\u53cb:\n\u5982\u9700\u73fe\u91d1\u9000\u6b3e\uff0c\u8acb\u65bc2021/12/15\u865f\u524d\uff0c\u65bc\u6bcf\u65e509:30~1830\u9593\n\u65bcTami\u7c89\u7d72\u5718\u806f\u7e6b\u5ba2\u670d\uff0c\u4f7f\u7528\u4fe1\u7528\u5361\u3001ATM\u53ca\u8d85\u5546\u4ee3\u78bc\u7e73\u8cbb\uff0c\u9808\u63d0\u4f9b\u5b58\u647a\u5c01\u9762\u7167\u7247(\u9700\u6709\u6e05\u6670\u6236\u540d\u3001\u5e33\u865f\uff0c\u9280\u884c\u540d\u7a31\u53ca\u5206\u884c\u540d\u7a31)\n\u7c89\u7d72\u5718:https://www.facebook.com/TAMiTaiwan\n\u5ba2\u670d\u6536\u5230\u5b8c\u6574\u8a0a\u606f\u5f8c\uff0c\u5c07\u76e1\u5feb\u5354\u52a9\u8655\u7406\u9000\u6b3e\u4f5c\u696d\uff0c\u9000\u6b3e\u65e5\u671f\u70ba2021/12/31\u524d\u5b8c\u6210\u9000\u6b3e\u3002\nP.S. \u5982\u672a\u57282021/12/15\u524d\uff0c\u544a\u77e5\u5ba2\u670d\u4eba\u54e1\u9000\u6b3e\u65b9\u5f0f\uff0c\u5c07\u8996\u70ba\u60a8\u6c92\u6709\u610f\u9858\u9000\u6b3e\uff0c\u5546\u54c1\u5c07\u65bc\u516c\u544a\u65e5\u7a0b\u524d\u51fa\u8ca8\n\n\n\n\u4ee5\u4e0a\u5982\u6709\u4efb\u4f55\u7591\u554f\uff0c\u8acb\u65bc\u6bcf\u65e509:30~1830\u9593\uff0c\u8acb\u81f3\u7c89\u7d72\u5718\u5ba2\u670d\u8a62\u554f\u3002\n\n\u3010\u8a02\u95b1\u3011\u53ca\u89c0\u770b\u6d0b\u8525\u66f4\u591a\u5f71\u7247: https://goo.gl/ijP3Eb\n\n\u5de5\u4f5c\u5408\u4f5c\uff1aonionmanwork@gmail.com\nOnion Man \u767e\u842c\u8ffd\u8e64\u7c89\u7d72\u5718:goo.gl/Z5CSvw\n\n\u6700\u65b0\u963f\u6587\u8cbc\u5716:https://reurl.cc/GxYjA\n\n\u7b2c\u4e00\u4ee3\u963f\u6587line\u8cbc\u5716:https://reurl.cc/Wroxx\n\n\u6d0b\u8525\u79c1\u751f\u6d3bIG:https://www.instagram.com/onionman__/\n\n\n\u904b\u52d5\u6f2b\u756b\u88e1\u7684\u4e2d\u4e8c\u8001\u6897\u5287\u60c5\n\u25ba\u7b2c\u4e00\u96c6:https://youtu.be/cMoV1rPH35k\n\u25ba\u7b2c\u4e8c\u96c6:https://youtu.be/iW7LM00lny0\n\u25ba\u7b2c\u4e09\u96c6:https://youtu.be/2G5wu61uCM0\n\u25ba\u7b2c\u56db\u96c6:https://youtu.be/-rP1abYv8n4\n\nOnion Man \u95dc\u9375\u5b57:\n\u4e2d\u4e8c \u80a5\u5b85 \u55ae\u8eab\u6f22 \u55ae\u8eab \u9b6f\u86c7 \u5c4c\u7d72 \u80a5\u5b85",
        "likeCount": "25009",
        "commentCount": "2239",
        "viewCount": "641257"
    },
    "comments": [
        {
            "reply_id": "Ugx28AEZYTU_zd3LXLp4AaABAg",
            "reply_content": "\u4eca\u5929\u63a8\u85a6\u901a\u904e\u5a46\u5b50\u662f\u5927\u5c41\u80a1\u6b64\u963f\u8a92\u6b21\u7684\u6b4c\u8a5e\u5247\u591a\u5594\u7b11\u9ede\u500b\u54c1\u724c\u81ea\u53bb\u5e74\u6b64\u4e00\u898f\u5247\u8ac7\u5224\u65e5\u5b50\u7684\u6b4c\u8a5e\u7247\u5b50\u554a\u9084\u5728\u53bb\u54ea\u908a\u4e0a\u7684\u4eba\u7684\u8e0f\u8173\u77f3\u5247\u548c\u662f\u5b50\u5594\u860b\u679c\u9999\u6e2f\u5168\u65b0\u54e6\u9ad8\u5c4f\u6eaa\u80a1\u7968\u8d77\u661f\u671f\u6279\u5c3a\u5b50\u54c1\u724c\u8cfc\u7968\u9072\u5df2\u7fd2\u6163\u5403\u963f\u7684\u5c4e\u5c31\u662f\u5594\u4e00\u73fe\u5728\u662f\u5b50\u54c1\u724c\u8cfc\u7968\u6301\u6709\u6548\u679c\u5c31\u5de6\u53f3\u985b\u5012\u518d\u898b\u5c0f\u8205\u5b50\u662f\u54e6\u662f\u5c0f\u8205\u5b50\u662f\u54e6\u662f(\uff1b\u0434\uff1b)",
            "likeCount": 1
        },
        {
            "reply_id": "UgyIrqseW_-8v2V6ZHB4AaABAg",
            "reply_content": "\u5371\u6a5f\u8655\u7406\u80fd\u529b\u8b9a",
            "likeCount": 1
        },
        {
            "reply_id": "Ugy9yOa5ZCJ7nXSoTKp4AaABAg",
            "reply_content": "\u6b38",
            "likeCount": 1
        },
        {
            "reply_id": "Ugz6X1GuxuLoJm-P6sh4AaABAg",
            "reply_content": "\u96f7\u5305\u8525",
            "likeCount": 0
        },
        {
            "reply_id": "UgwjbQ8q_AYa4ENFp3h4AaABAg",
            "reply_content": "\u4e0d\u6127\u662f\u632f\u8072\u7684",
            "likeCount": 0
        },
        {
            "reply_id": "Ugxl63Yvb16qxg2gnol4AaABAg",
            "reply_content": "\u5f37",
            "likeCount": 0
        },
        {
            "reply_id": "UgxJMY1tYoDUmMI63794AaABAg",
            "reply_content": "\u9019\u500b\u6a21\u7279\u5152\u8d85\u6b63\u8d85\u6b63\u7684\u5566",
            "likeCount": 0
        },
        {
            "reply_id": "Ugw7A3fL36P7bmkeG2h4AaABAg",
            "reply_content": "\u5b64\u5152\u9662\u721b\u547d\u4e00\u689d",
            "likeCount": 0
        },
        {
            "reply_id": "UgyzFUHfCblN84y99PV4AaABAg",
            "reply_content": "\u8aa0\u610f\u5341\u8db3",
            "likeCount": 0
        },
        {
            "reply_id": "UgyLIooMHfB8T_G5vUF4AaABAg",
            "reply_content": "\u88ab\u6d0b\u8525\u5708\u7c89\u4e86",
            "likeCount": 0
        },
        {
            "reply_id": "UgyC3vGj901W4aDq1YB4AaABAg",
            "reply_content": "\u76f4\u63a5\u653e\u5728\u80f8\u90e8\u76f8\u7247\u8b8a\u6210\u72e0\u89d2\u8272\u7b11\u6b7b",
            "likeCount": 0
        },
        {
            "reply_id": "UgwXYxYf0lseJs7pxl54AaABAg",
            "reply_content": "\u963f\u514b\u4e39\u6211\u5011",
            "likeCount": 0
        },
        {
            "reply_id": "UgyWpPwoa63jnAVS2jt4AaABAg",
            "reply_content": "\u5305\u62ec\u4e00\u4f4d\u6211\u5011",
            "likeCount": 0
        },
        {
            "reply_id": "UgyBWe9n7pe3MDDWeFl4AaABAg",
            "reply_content": "\u4e94\u500b\u4e16\u7d00",
            "likeCount": 0
        },
        {
            "reply_id": "UgzcMiHlWNLYBwm3EpN4AaABAg",
            "reply_content": "\u4e0d\u540c\u4e00\u822c",
            "likeCount": 0
        },
        {
            "reply_id": "UgwYTRgu_92rjReCZWF4AaABAg",
            "reply_content": "\u8446\u7433",
            "likeCount": 0
        },
        {
            "reply_id": "Ugz2AyXMMWpyaoN3MvN4AaABAg",
            "reply_content": "\u5728\u8ce3\u5922\u60f3\u554a\u96f7\u5305",
            "likeCount": 0
        },
        {
            "reply_id": "UgzpRw96Kbrc4LB7KG14AaABAg",
            "reply_content": "\u52a0\u6cb9",
            "likeCount": 0
        },
        {
            "reply_id": "UgxRbHVxwqMDfyLrHuR4AaABAg",
            "reply_content": "\u8f9b\u82e6\u4e86",
            "likeCount": 0
        },
        {
            "reply_id": "UgzMHuyCn22O-RMAhDF4AaABAg",
            "reply_content": "\u76f4\u63a5\u8def\u8f49\u8def\u5fae\u7c89",
            "likeCount": 0
        },
        {
            "reply_id": "Ugzm7xsLZFUwhVd121R4AaABAg",
            "reply_content": "\u771f\u7537\u4eba",
            "likeCount": 0
        },
        {
            "reply_id": "Ugw2fGHodjijKl7qvc54AaABAg",
            "reply_content": "\u6c92\u4e8b\u5566",
            "likeCount": 0
        },
        {
            "reply_id": "UgyEWMx2EOYCQtqZYpt4AaABAg",
            "reply_content": "\u8981\u600e\u9ebc\u9810\u8cfc",
            "likeCount": 0
        },
        {
            "reply_id": "Ugzul9mX12McuuKhHUp4AaABAg",
            "reply_content": "\u5171\u540c\u5206\u64d4\u539f\u5247",
            "likeCount": 0
        },
        {
            "reply_id": "UgwVehq8Vc_MlQ9mzRB4AaABAg",
            "reply_content": "\u5bf9\u5973\u751f\u6a21\u7279\u513f\u7684\u52c7\u6c14\u611f\u5230\u4f69\u670d",
            "likeCount": 0
        }
    ]
}