{
    "video_info": {
        "id": "0UKnrAlVsHs",
        "channelTitle": "Onion Man",
        "title": "Onion Man | \u7d42\u65bc\u5713\u5922\uff01\u8271\u82e6\u7684\u9304\u97f3\u5ba4\u4fee\u7df4\uff01\u7d42\u65bc\u9032\u5316\u70ba\u6591\u7d0b\u6b4c\u624b\uff01 | \u6d0b\u8525\u6b4c\u5531\u4fee\u884c\u7bc7 (\u4e09)",
        "description": "\u4e00\u8f29\u5b50\u7684\u4fee\u884c!!\n\n\u300a\u660e\u986f\u662f\u500b\u72e0\u89d2\u8272\u300bKKBOX\uff1a\nhttps://kkbox.fm/YaAqK5\n\n\u3010\u8a02\u95b1\u3011\u53ca\u89c0\u770b\u6d0b\u8525\u66f4\u591a\u5f71\u7247: https://goo.gl/ijP3Eb\n\n\u5de5\u4f5c\u5408\u4f5c\uff1aonionmanwork@gmail.com\nOnion Man \u767e\u842c\u8ffd\u8e64\u7c89\u7d72\u5718:goo.gl/Z5CSvw\n\n\u6700\u65b0\u963f\u6587\u8cbc\u5716:https://reurl.cc/GxYjA\n\n\u7b2c\u4e00\u4ee3\u963f\u6587line\u8cbc\u5716:https://reurl.cc/Wroxx\n\n\u6d0b\u8525\u79c1\u751f\u6d3bIG:https://www.instagram.com/onionman__/\n\n\n\u904b\u52d5\u6f2b\u756b\u88e1\u7684\u4e2d\u4e8c\u8001\u6897\u5287\u60c5\n\u25ba\u7b2c\u4e00\u96c6:https://youtu.be/cMoV1rPH35k\n\u25ba\u7b2c\u4e8c\u96c6:https://youtu.be/iW7LM00lny0\n\u25ba\u7b2c\u4e09\u96c6:https://youtu.be/2G5wu61uCM0\n\u25ba\u7b2c\u56db\u96c6:https://youtu.be/-rP1abYv8n4\n\nOnion Man \u95dc\u9375\u5b57:\n\u4e2d\u4e8c \u80a5\u5b85 \u55ae\u8eab\u6f22 \u55ae\u8eab \u9b6f\u86c7 \u5c4c\u7d72 \u80a5\u5b85",
        "likeCount": "11360",
        "commentCount": "1030",
        "viewCount": "493097"
    },
    "comments": [
        {
            "reply_id": "Ugx2r2_L_plqDVPd0oB4AaABAg",
            "reply_content": "\u597d\u597d\u807d",
            "likeCount": 0
        },
        {
            "reply_id": "UgwRpTUPG-guuzfigQJ4AaABAg",
            "reply_content": "\u4e0b\u6b21\u4e0a\u53f0\u524d\u4e5f\u53ef\u4ee5\u8a66\u8457\u559d\u7d05\u9152",
            "likeCount": 0
        },
        {
            "reply_id": "UgxU3qa-d3EuADxdMKh4AaABAg",
            "reply_content": "\u9019\u7cfb\u5217\u6709\u5920\u597d\u770b",
            "likeCount": 0
        },
        {
            "reply_id": "Ugzv--fX9QekDnnZSIB4AaABAg",
            "reply_content": "\u62bd\u62bd\u62bd\u62bd\u62bd\u62bd\u5403",
            "likeCount": 0
        },
        {
            "reply_id": "Ugw1ztCc3j2mX7PvaIp4AaABAg",
            "reply_content": "\u6d0b\u8525\u771f\u7684\u662f\u795e",
            "likeCount": 0
        },
        {
            "reply_id": "Ugzaj_kT9kqOHGglSRZ4AaABAg",
            "reply_content": "\u597d\u611f\u52d5\u554a \u5728\u6211\u5fc3\u4e2d\u6d0b\u8525\u7d55\u5c0d\u662f\u500b\u72e0\u89d2\u8272\u4e86\u554a",
            "likeCount": 0
        },
        {
            "reply_id": "Ugwo31NOsssaU3XmnY14AaABAg",
            "reply_content": "\u7559\u8a00\u652f\u6301",
            "likeCount": 0
        },
        {
            "reply_id": "UgxAuCD0N34Bq9gQ6E94AaABAg",
            "reply_content": "\u5531\u5f97\u4e0d\u9519\u4ee5\u540e\u522b\u5531\u4e86\u5589\u5499\u5f88\u75db",
            "likeCount": 0
        },
        {
            "reply_id": "UgxIhusPDYYEYMPKrxZ4AaABAg",
            "reply_content": "\u4f60\u4ee3\u8a00\u7684\u9d6c\u666f\u79d1\u6280\u516b\u6210\u662f\u8a50\u9a19\uff0c\u5e0c\u671b\u4f60\u4e0d\u8981\u60f9\u706b\u4e0a\u8eab",
            "likeCount": 0
        },
        {
            "reply_id": "UgxySpRmEBbsZhmkfGZ4AaABAg",
            "reply_content": "\u6d0b\u8525\u771f\u7684\u592a\u68d2\u4e86",
            "likeCount": 0
        },
        {
            "reply_id": "UgzORIs3wraaV96DNjp4AaABAg",
            "reply_content": "\u659c\u69d3\u771f\u7684\u4e0d\u5bb9\u6613 \u7e7c\u7e8c\u52aa\u529b\u611f\u89ba\u6709\u6a5f\u6703\u53ef\u4ee5\u8d85\u904e\u7576\u5e74\u7684\u8056\u7d50\u77f3",
            "likeCount": 0
        },
        {
            "reply_id": "Ugx42In9IxelxcBjKPd4AaABAg",
            "reply_content": "\u6d0b\u8525\u52a0\u6cb9",
            "likeCount": 0
        },
        {
            "reply_id": "UgwQUUMZhPAjRk1h5Cl4AaABAg",
            "reply_content": "\u592a\u52f5\u5fd7\u4e86",
            "likeCount": 0
        },
        {
            "reply_id": "UgwKJDqV-FjxaLKjxeR4AaABAg",
            "reply_content": "\u62bd",
            "likeCount": 0
        },
        {
            "reply_id": "Ugy8Ow43uE7I0N0qm5p4AaABAg",
            "reply_content": "\u52a0\u6cb9",
            "likeCount": 0
        },
        {
            "reply_id": "UgxhE5lm1Fww-qqb9jR4AaABAg",
            "reply_content": "\u554a\u6211\u9084\u771f\u7684\u53bb\u67e5\u6591\u7d0b\u6b4c\u624b",
            "likeCount": 0
        },
        {
            "reply_id": "UgyYghYZvtILi6UKuDx4AaABAg",
            "reply_content": "\u52a0\u6cb9!\u770b\u5f97\u51fa\u4f86\u4f60\u5f88\u8ce3\u529b\u5531\u800c\u4e14\u6709\u9032\u6b65\u7684\u7a7a\u9593",
            "likeCount": 0
        },
        {
            "reply_id": "UgyVVqXWs_fuUhwFwkh4AaABAg",
            "reply_content": "\u5982\u679c\u53ef\u4ee5\u771f\u7684\u6709\u5920\u96e3 \u9023\u6211\u662f\u7537\u751f\u90fd\u60f3\u5ac1\u7d66\u97cb\u79ae\u5b89\u4e86",
            "likeCount": 0
        },
        {
            "reply_id": "UgyBYUzM0DOF0OFLDQl4AaABAg",
            "reply_content": "\u6d0b\u8525\u4f86\u9996\u8fea\u746a\u5e0c\u7684\u4e00\u500b\u6182\u50b7\u8005\u7684\u6c42\u6551",
            "likeCount": 0
        },
        {
            "reply_id": "UgxtFs_FNaScMIvFEXB4AaABAg",
            "reply_content": "\u662f\u91ce\u4eba\u8036",
            "likeCount": 0
        },
        {
            "reply_id": "UgzQLBhjrrPvtup_nsx4AaABAg",
            "reply_content": "\u6d0b\u8525\u4e4b\u547c\u5438",
            "likeCount": 1
        },
        {
            "reply_id": "UgyqlR055mdmcZf7Yc14AaABAg",
            "reply_content": "\u67cf\u9716\u7684\u7248\u672c\u5b8c\u5168\u4e0d\u540c\u6a94\u6b21",
            "likeCount": 1
        },
        {
            "reply_id": "Ugy9zBO3G7UyUpUCdVt4AaABAg",
            "reply_content": "\u62bd\u8cbc\u5716",
            "likeCount": 0
        },
        {
            "reply_id": "UgzHFggjEogl4dDLDkx4AaABAg",
            "reply_content": "\u6d0b\u8525\u4f60\u597d\u68d2",
            "likeCount": 0
        },
        {
            "reply_id": "Ugz6uIcac61jKNTdklF4AaABAg",
            "reply_content": "\u62bd",
            "likeCount": 0
        }
    ]
}