{
    "video_info": {
        "id": "0xrxZSvrWnU",
        "channelTitle": "Onion Man",
        "title": "Onion man | \u4eba\u751f\u6700\u96e3\u7684\u8ab2\u984c\u5c31\u662f\u5b78\u6703\u653e\u9b06\uff01\u6709\u73a9\u6a02\u6709\u6c57\u6c34\u624d\u662f\u597d\u7684\u4eba\u751f\uff01",
        "description": "\u6211\u4e0d\u77e5\u9053\u81ea\u5df1\u6703\u6d3b\u5230\u5e7e\u6b72\uff0c\u56e0\u6b64\u96a8\u6642\u4eab\u53d7\u4eba\u751f!!\n\n\u8001\u5354\u73cd \u4e03\u9f8d\u73e0Z \u66f4\u5f37\u7684\u4eba\u751f\n8/5\u4e0a\u534811:00\u706b\u71b1\u958b\u8ce3\n\u4e03\u9f8d\u73e0 \u795e\u9f8d\u73fe\u8eab\uff01\u5168\u7403\u9996\u767c\uff01\n\u547c\u53eb\u5730\u7403\u4eba\uff01\u559d\u4eba\u8518\u7cbe\u5c31\u80fd\u53ec\u559a\u795e\u9f8d\u8a31\u9858\nhttps://bit.ly/3os9WnN\n\n\u3010\u8a02\u95b1\u3011\u53ca\u89c0\u770b\u6d0b\u8525\u66f4\u591a\u5f71\u7247: https://goo.gl/ijP3Eb\n\n\u5de5\u4f5c\u5408\u4f5c\uff1aonionmanwork@gmail.com\nOnion Man \u767e\u842c\u8ffd\u8e64\u7c89\u7d72\u5718:goo.gl/Z5CSvw\n\n\u6700\u65b0\u963f\u6587\u8cbc\u5716:https://reurl.cc/GxYjA\n\n\u7b2c\u4e00\u4ee3\u963f\u6587line\u8cbc\u5716:https://reurl.cc/Wroxx\n\n\u6d0b\u8525\u79c1\u751f\u6d3bIG:https://www.instagram.com/onionman__/\n\n\n\u904b\u52d5\u6f2b\u756b\u88e1\u7684\u4e2d\u4e8c\u8001\u6897\u5287\u60c5\n\u25ba\u7b2c\u4e00\u96c6:https://youtu.be/cMoV1rPH35k\n\u25ba\u7b2c\u4e8c\u96c6:https://youtu.be/iW7LM00lny0\n\u25ba\u7b2c\u4e09\u96c6:https://youtu.be/2G5wu61uCM0\n\u25ba\u7b2c\u56db\u96c6:https://youtu.be/-rP1abYv8n4\n\nOnion Man \u95dc\u9375\u5b57:\n\u4e2d\u4e8c \u80a5\u5b85 \u55ae\u8eab\u6f22 \u55ae\u8eab \u9b6f\u86c7 \u5c4c\u7d72 \u80a5\u5b85",
        "likeCount": "7310",
        "commentCount": "455",
        "viewCount": "338841"
    },
    "comments": [
        {
            "reply_id": "UgyDtEyVppBA5piC1nt4AaABAg",
            "reply_content": "\u5c31\u7b97\u662f\u696d\u914d\u4e5f\u80fd\u8b93\u4eba\u597d\u597d\u4eab\u53d7\u5f71\u7247\u554a",
            "likeCount": 6
        },
        {
            "reply_id": "UgxQPiV_JVHomgOlCE14AaABAg",
            "reply_content": "\u9019\u4e03\u9f8d\u73e0\u79ae\u76d2\u9001\u7d66\u9577\u8f29\u53ef\u4ee5\u55ce",
            "likeCount": 1
        },
        {
            "reply_id": "UgwlcuOg6nXlDx0_7dZ4AaABAg",
            "reply_content": "\u8fd9\u4e00\u90e8\u5f71\u7247\u5f88\u6cbb\u6108",
            "likeCount": 0
        },
        {
            "reply_id": "UgxZ-aDsZjjW86Do6fx4AaABAg",
            "reply_content": "\u8001\u5354\u771f\u7a81\u7136\u7206\u767c",
            "likeCount": 0
        },
        {
            "reply_id": "Ugw_b5VDPcoUNHthi_N4AaABAg",
            "reply_content": "\u9f8d\u73e0\u676f\u5b50\u597d\u53ef\u611b\u54c8\u54c8",
            "likeCount": 0
        },
        {
            "reply_id": "UgwwvvkjHyRm4fQybPl4AaABAg",
            "reply_content": "\u6d0b\u8525\u7bc4\u99ac\u5403\u725b\u6392\u771f\u7684\u662f\u592a\u5e25",
            "likeCount": 0
        },
        {
            "reply_id": "UgzVuzrOlgXPz4JFDYt4AaABAg",
            "reply_content": "\u4e0d\u8981\u4ee5\u70ba\u6211\u4e0d\u77e5\u5230\u5c01\u9762\u662f\u5203\u7259\u7684",
            "likeCount": 0
        },
        {
            "reply_id": "Ugwv9_JuhbIRnVYl6GF4AaABAg",
            "reply_content": "\u4e86\u4e86\u4e86",
            "likeCount": 0
        },
        {
            "reply_id": "UgwC9CI08Rzsmp3XfM94AaABAg",
            "reply_content": "\u9019\u96c6\u7684\u696d\u914d\u4e5f\u592a\u53b2\u5bb3",
            "likeCount": 0
        },
        {
            "reply_id": "UgzBOBKk57PIVW5I15x4AaABAg",
            "reply_content": "\u6700\u8fd1\u7fbd\u6bdb\u7403",
            "likeCount": 0
        },
        {
            "reply_id": "Ugxjhw8LikntzzRVpQ94AaABAg",
            "reply_content": "\u5c11\u6578\u770b\u5f97\u5b8c\u7684\u696d\u914d",
            "likeCount": 0
        },
        {
            "reply_id": "Ugxl3Rv1gf4eBk-Sd2F4AaABAg",
            "reply_content": "\u4e03\u9f8d\u73e0\u90fd\u806f\u540d\u4e86\u592a\u626f\u54c8\u54c8\u54c8",
            "likeCount": 0
        },
        {
            "reply_id": "UgxqNChvKh46x1qac_l4AaABAg",
            "reply_content": "\u62bd\u62bd\u62bd",
            "likeCount": 0
        },
        {
            "reply_id": "UgzDx3sZnQSQFOKUErp4AaABAg",
            "reply_content": "\u62bd\u62bd",
            "likeCount": 0
        },
        {
            "reply_id": "UgyedM-pNZ2G5TnnULh4AaABAg",
            "reply_content": "\u5047\u8a2d\u7d93\u7406\u6c92\u6709\u628a\u6587\u4ef6\u6495\u6389\u7684\u8a71\n\u662f\u4e0d\u662f\u5df2\u7d93\u628a\u5de5\u4f5c\u505a\u5b8c\u4e86",
            "likeCount": 0
        },
        {
            "reply_id": "UgxmQtuY2xJxMM3OboJ4AaABAg",
            "reply_content": "\u8cb7\u7206",
            "likeCount": 0
        },
        {
            "reply_id": "UgxjZ8rVfeN4DO6YILd4AaABAg",
            "reply_content": "\u53ea\u6709\u6d0b\u8525\u7684\u696d\u914d\u53ef\u4ee5\u770b\u5b8c",
            "likeCount": 0
        },
        {
            "reply_id": "UgwQYwnjYsXF-uXVKft4AaABAg",
            "reply_content": "\u62bd",
            "likeCount": 0
        },
        {
            "reply_id": "Ugx4amlqtPXPuuc6f1x4AaABAg",
            "reply_content": "\u6697\u9ed1\u624b\u6e38",
            "likeCount": 0
        },
        {
            "reply_id": "UgwST0rJ5Bf611Pwf6x4AaABAg",
            "reply_content": "\u70ba\u4e86\u5531\u4e00\u9996\u6b4c\u5b78\u65e5\u6587",
            "likeCount": 0
        },
        {
            "reply_id": "Ugz1tFOGJxIqY2fJxB14AaABAg",
            "reply_content": "\u6c92\u627e\u90b0\u54e5\u4f86\u914d\u97f3",
            "likeCount": 0
        },
        {
            "reply_id": "Ugzx5pjrVnhLJ3Aq9K14AaABAg",
            "reply_content": "\u6700\u8fd1\u7684\u4f11\u9592\u5c31\u662f\u770b\u6d0b\u8525\u7684\u5f71\u7247\u4f86\u653e\u9b06\u5fc3\u60c5",
            "likeCount": 0
        },
        {
            "reply_id": "Ugygfz-_n535zCkY6G14AaABAg",
            "reply_content": "\u6700\u559c\u6b61\u4f11\u9592\u6d3b\u52d5\u770b\u4e00\u4e9b\u4e0d\u7528\u52d5\u8166\u7684\u5f71\u7247\u548c\u904b\u52d5\uff01",
            "likeCount": 0
        },
        {
            "reply_id": "UgwSo_eB09QhXV6rUjd4AaABAg",
            "reply_content": "\u5c01\u9762\u662f\u5091\u514b\u8c61\u5f62\u54ac",
            "likeCount": 0
        },
        {
            "reply_id": "UgzARSNbg7ejqYsmQXp4AaABAg",
            "reply_content": "\u9019\u9ede\u771f\u7684\u662f\u73fe\u4ee3\u4eba\u5f88\u5bb9\u6613\u5ffd\u7565\u7684\u9ede",
            "likeCount": 0
        }
    ]
}