{
    "video_info": {
        "id": "20E4C7CLR04",
        "channelTitle": "Onion Man",
        "title": "Onion Man | \u7537\u4eba\u9b45\u529b\u6392\u884c\u699c(\u5b8c\u7d50\u7bc7)  \u6240\u6709\u4eba\u7684\u6700\u7d42\u9032\u5316\uff01  | \u4e2d\u4e8c\u9023\u7e8c\u5287  @peetagege  @chillseph  @SHINNCHANNEL777",
        "description": "\u5927\u5bb6\u5df2\u975e\u7576\u5e74\u7684\u5433\u4e0b\u963f\u8499\uff0c\u662f\u6642\u5019\u8207A\u7d1a\u7684\u963f\u6b0a\u5c0d\u6c7a\u4e86\uff0c\u6700\u7d42\u6230\u5373\u5c07\u958b\u6253\uff01\uff01\uff01\n\n\u672c\u6b21\u611f\u8b1d\n\u541b\u7dba\u6f3e\u5b89\u5fc3\u91ab\u7f8e\u8d0a\u52a9\u64ad\u51fa\n\u6d0b\u8525\u672c\u4eba\u53bb\u5e74\u4fbf\u5728\u541b\u7dba\u6f3e\u65bd\u6253\u96f7\u5c04\n\u270f\ufe0f \u586b\u5beb\u8868\u55ae\u53c3\u52a0\u3010\u5149\u6ed1\u808c\u8a08\u5283 Mode On\u3011\n\u6de8\u819a/\u98db\u68ad\u96f7\u5c04 2\u90781 [888\uff3d\nhttps://linemejcy.com/Mnu2z\n\n\u5168\u9762\u6253\u64ca\u9ed1\u8272\u7d20\uff0c\u8f15\u9b06\u64c1\u6709\u597d\u819a\u8cea\n\u2192\u6de1\u5316\u6591\u9ede\n\u2192\u6539\u5584\u6bdb\u5b54\n\u2192\u64ab\u5e73\u75d8\u75a4\n\u2192\u63d0\u4eae\u819a\u8272\n\u8a8d\u8b58\u96f7\u5c04\u27a1\ufe0f https://jc-young.com/bLNSK\n\n\u8089\u6bd2\u963f\u6587V\u81c9\uff3b3999\uff3d\n\u7642\u7a0b\u8a73\u60c5\u7dda\u4e0a\u9810\u7d04\u91ab\u5e2b\u8a3a\u65b7\u8a55\u4f30\uff01\n\u3010\u541b\u7dba\u6f3eLine \u3011https://linemejcy.com/y9NdN\n\n\uff1c\u9810\u7d04\u9808\u77e5\uff1e \n1\u3001\u9032\u5165\u6d3b\u52d5\u9801\u586b\u5beb\u9810\u7d04\u8868\u55ae\n2\u3001\u52a0\u5165\u541b\u7dba\u6f3eLINE\u5b98\u65b9\u5e33\u865f\u597d\u53cb\n3\u3001\u8207\u541b\u7dba\u6f3eLINE\u5b98\u65b9\u5e33\u865f\u5ba2\u670d\u5c08\u4eba\u806f\u7e6b\u9810\u7d04\u6642\u9593\n\n\n\u3010\u8a02\u95b1\u3011\u53ca\u89c0\u770b\u6d0b\u8525\u66f4\u591a\u5f71\u7247: https://goo.gl/ijP3Eb\n\n\u5de5\u4f5c\u5408\u4f5c\uff1aonionmanwork@gmail.com\nOnion Man \u767e\u842c\u8ffd\u8e64\u7c89\u7d72\u5718:goo.gl/Z5CSvw\n\n\u6700\u65b0\u963f\u6587\u8cbc\u5716:https://reurl.cc/GxYjA\n\n\u7b2c\u4e00\u4ee3\u963f\u6587line\u8cbc\u5716:https://reurl.cc/Wroxx\n\n\u6d0b\u8525\u79c1\u751f\u6d3bIG:https://www.instagram.com/onionman__/\n\n\n\u904b\u52d5\u6f2b\u756b\u88e1\u7684\u4e2d\u4e8c\u8001\u6897\u5287\u60c5\n\u25ba\u7b2c\u4e00\u96c6:https://youtu.be/cMoV1rPH35k\n\u25ba\u7b2c\u4e8c\u96c6:https://youtu.be/iW7LM00lny0\n\u25ba\u7b2c\u4e09\u96c6:https://youtu.be/2G5wu61uCM0\n\u25ba\u7b2c\u56db\u96c6:https://youtu.be/-rP1abYv8n4\n\nOnion Man \u95dc\u9375\u5b57:\n\u4e2d\u4e8c \u80a5\u5b85 \u55ae\u8eab\u6f22 \u55ae\u8eab \u9b6f\u86c7 \u5c4c\u7d72 \u80a5\u5b85",
        "likeCount": "8460",
        "commentCount": "1899",
        "viewCount": "486149"
    },
    "comments": [
        {
            "reply_id": "UgzAmFkeSdmWzzujBp14AaABAg",
            "reply_content": "\u6d0b\u8525\u5728\u7a7f\u4e0a\u540a\u5e36\u8932\u5c31\u7121\u6575\u4e86",
            "likeCount": 1
        },
        {
            "reply_id": "UgwdgmA7nQoPr95TVLR4AaABAg",
            "reply_content": "\u597d\u5c37\u5c2c",
            "likeCount": 1
        },
        {
            "reply_id": "UgzUZVRRwyhSC38o5ax4AaABAg",
            "reply_content": "\u70ba\u5565\u4e0d\u8981\u8ddf\u795e\u9f8d\u8aaa\u6211\u60f3\u8981\u6210\u7232s\u7d1a\u7b2c\u4e00\u5c31\u597d\u4e86",
            "likeCount": 1
        },
        {
            "reply_id": "UgzhDG-ccna4EezyxVp4AaABAg",
            "reply_content": "\u963f\u6587\u4ec0\u4e48\u9000\u540e\u4e86",
            "likeCount": 0
        },
        {
            "reply_id": "Ugx7T-s-kPFfALNmNlZ4AaABAg",
            "reply_content": "\u5361",
            "likeCount": 0
        },
        {
            "reply_id": "UgxZLy5ULz42ZRxdZ6R4AaABAg",
            "reply_content": "\u76f4\u63a5\u8ddf\u795e\u9f8d\u8a31\u9858\u6700\u5e25\u7684\u81c9\u4e0d\u5c31\u597d\u4e86",
            "likeCount": 0
        },
        {
            "reply_id": "Ugx3Cop9xQb2QupaUZ14AaABAg",
            "reply_content": "\u5c0d\u65b9\u5973\u751f\u8981\u591a\u7f8e\u963f",
            "likeCount": 0
        },
        {
            "reply_id": "UgwHboPD-GFt9XjioOJ4AaABAg",
            "reply_content": "\u70ba\u4ec0\u9ebc\u7528\u9ed1\u661f\u9f8d\u73e0\u7d50\u679c\u51fa\u4f86\u7684\u4e0d\u662f\u7d05\u8272\u795e\u9f8d",
            "likeCount": 0
        },
        {
            "reply_id": "Ugw5yDgnjLrhpkVcigF4AaABAg",
            "reply_content": "\u4e0a\u63a8",
            "likeCount": 0
        },
        {
            "reply_id": "UgyTX7u1gyvMVY_tASV4AaABAg",
            "reply_content": "\u535a\u921e\u7adf\u7136\u6b7b\u4e86",
            "likeCount": 0
        },
        {
            "reply_id": "Ugzs0CU6sfh2vcukO_h4AaABAg",
            "reply_content": "\u60f3\u8981",
            "likeCount": 0
        },
        {
            "reply_id": "UgzIiW06XKbw8Uxv1nN4AaABAg",
            "reply_content": "\u666e\u4fe1\u4e4b\u5149",
            "likeCount": 0
        },
        {
            "reply_id": "UgyljVX3QVmNkjUAm5t4AaABAg",
            "reply_content": "\u4e00\u6b21\u770b\u5b8c\u597d\u723d",
            "likeCount": 0
        },
        {
            "reply_id": "Ugw2n2B7W9cnNU6Z2_Z4AaABAg",
            "reply_content": "\u662f\u6bd4\u591a\u548c\u51f1\u7279\u55ce",
            "likeCount": 0
        },
        {
            "reply_id": "UgzxAqU-vQGxBYyibmB4AaABAg",
            "reply_content": "\u53c8\u5168\u738b\u53c8\u4e00\u62f3\u8d85\u4eba\u7684",
            "likeCount": 0
        },
        {
            "reply_id": "UgwIss7urd-Heel0-al4AaABAg",
            "reply_content": "\u6392\u7403\u7bc7\u61c9\u8a72\u4e5f\u8981\u7375\u4eba",
            "likeCount": 0
        },
        {
            "reply_id": "Ugz3piHw2s2tUDv-wy54AaABAg",
            "reply_content": "\u5b89\u5b89\u5b89\u5b89",
            "likeCount": 0
        },
        {
            "reply_id": "Ugz8r_pMosZJPl-v6094AaABAg",
            "reply_content": "\u7b11\u6b7b",
            "likeCount": 0
        },
        {
            "reply_id": "Ugzh6PnKYhqlz1E-SNZ4AaABAg",
            "reply_content": "\u806f\u500b\u8abc\u641e\u5230\u9019\u6a23\u4e5f\u592a\u8f9b\u82e6",
            "likeCount": 0
        },
        {
            "reply_id": "Ugx0iqJE60jgOABeRnV4AaABAg",
            "reply_content": "\u6d0b\u8525\u7684\u5f71\u7247\u5f9e\u4f86\u4e0d\u8b93\u6211\u5931\u671b",
            "likeCount": 0
        },
        {
            "reply_id": "UgxB_lTIbQkH2eLb0gJ4AaABAg",
            "reply_content": "\u6211\u60f3\u8981",
            "likeCount": 0
        },
        {
            "reply_id": "Ugwd2fW35oRUEAynwo54AaABAg",
            "reply_content": "\u6768\u91cd",
            "likeCount": 0
        },
        {
            "reply_id": "UgxKXJmA4RVHenxS4TZ4AaABAg",
            "reply_content": "\u771f\u597d\u770b",
            "likeCount": 0
        },
        {
            "reply_id": "Ugzh2nNgrz7kmUsFvy14AaABAg",
            "reply_content": "\u597d\u60f3\u770b\u770b\u771f\u7684\u4ed6\u5011\u5594\u597d\u6709\u8da3",
            "likeCount": 0
        },
        {
            "reply_id": "UgxYwJ1Ew5g7W3l8Yvh4AaABAg",
            "reply_content": "\u4e2d\u5206\u5e25",
            "likeCount": 0
        }
    ]
}