{
    "video_info": {
        "id": "28V4obuW_QI",
        "channelTitle": "Onion Man",
        "title": "Onion Man | \u4e0d\u60f3\u518d\u8a8d\u8f38\uff01\u7e3d\u6709\u4e00\u5929\u6211\u4e5f\u6703\u6210\u70ba\u60c5\u5834\u4e0a\u7684\u72e0\u89d2\u8272\uff01 | \u60c5\u4eba\u7bc0\u7279\u8f2f",
        "description": "\u65b0\u6b4c\u51fa\u7210:https://www.youtube.com/watch?v=JsMOPk1QRPg&ab_channel=OnionMan\n\n\u3010\u8a02\u95b1\u3011\u53ca\u89c0\u770b\u6d0b\u8525\u66f4\u591a\u5f71\u7247: https://goo.gl/ijP3Eb\n\n\u5de5\u4f5c\u5408\u4f5c\uff1aonionmanwork@gmail.com\nOnion Man \u767e\u842c\u8ffd\u8e64\u7c89\u7d72\u5718:goo.gl/Z5CSvw\n\n\u6700\u65b0\u963f\u6587\u8cbc\u5716:https://reurl.cc/GxYjA\n\n\u7b2c\u4e00\u4ee3\u963f\u6587line\u8cbc\u5716:https://reurl.cc/Wroxx\n\n\u6d0b\u8525\u79c1\u751f\u6d3bIG:https://www.instagram.com/onionman__/\n\n\n\u904b\u52d5\u6f2b\u756b\u88e1\u7684\u4e2d\u4e8c\u8001\u6897\u5287\u60c5\n\u25ba\u7b2c\u4e00\u96c6:https://youtu.be/cMoV1rPH35k\n\u25ba\u7b2c\u4e8c\u96c6:https://youtu.be/iW7LM00lny0\n\u25ba\u7b2c\u4e09\u96c6:https://youtu.be/2G5wu61uCM0\n\u25ba\u7b2c\u56db\u96c6:https://youtu.be/-rP1abYv8n4\n\nOnion Man \u95dc\u9375\u5b57:\n\u4e2d\u4e8c \u80a5\u5b85 \u55ae\u8eab\u6f22 \u55ae\u8eab \u9b6f\u86c7 \u5c4c\u7d72 \u80a5\u5b85",
        "likeCount": "17306",
        "commentCount": "1900",
        "viewCount": "879181"
    },
    "comments": [
        {
            "reply_id": "UgxmZtn1Pg7zRl_vTeF4AaABAg",
            "reply_content": "\u5f8c\u4f86\u5979\u8ddf\u91ce\u683c\u8e66\u738b\u5b50\u600e\u9ebc\u6a23\u4e86",
            "likeCount": 2
        },
        {
            "reply_id": "UgzTrOGCN9hDWsO8ONR4AaABAg",
            "reply_content": "\u91ce\u683c\u8e66\u738b\u5b50\u592a\u597d\u7b11\u4e86",
            "likeCount": 1
        },
        {
            "reply_id": "UgwOEwWtyEAbKb2zwDZ4AaABAg",
            "reply_content": "\u611f\u89ba\u5f37\u5c3c\u8981\u6aa2\u8a0e\u7684\u90e8\u5206\u597d\u50cf\u883b\u591a\u7684\u4e5f",
            "likeCount": 1
        },
        {
            "reply_id": "Ugwd8YuIkpGMWVr9Rdl4AaABAg",
            "reply_content": "\u63a7\u5236\u6b32\u592a\u5f3a",
            "likeCount": 1
        },
        {
            "reply_id": "UgxFQMXuGW_ZvMRUYNV4AaABAg",
            "reply_content": "\u8ddf\u6211\u7684\u4e00\u6a21\u4e00\u6a23.\u904e\u4e86\u4e09\u5e74\u6211\u4ecd\u7136\u8a8d\u70ba\u662f\u6211\u7684\u932f",
            "likeCount": 1
        },
        {
            "reply_id": "UgzAd9bTLA1tFNCRqMd4AaABAg",
            "reply_content": "\u55da\u55da\u55da\u55da\u55da\u55da\u55da\u55da\u55da\u55da",
            "likeCount": 1
        },
        {
            "reply_id": "Ugyx5msJ5tXs-7Ffi8h4AaABAg",
            "reply_content": "\u7e3d\u89ba\u5f97\u81ea\u5df1\u5e74\u8f15\u7684\u6642\u5019\u4e5f\u7d93\u6b77\u904e\u5f88\u591a\u6b21\u4e00\u6a23\u7684\u4e8b\u60c5",
            "likeCount": 1
        },
        {
            "reply_id": "UgyZgvwUSnRrg9KAXnh4AaABAg",
            "reply_content": "\u6d0b\u8525\u679c\u7136\u662f\u72e0\u89d2\u8272\u8b93\u963f\u6587\u5e36\u7da0\u5e3d",
            "likeCount": 1
        },
        {
            "reply_id": "UgwzB6Rj6-GDQZR1NEZ4AaABAg",
            "reply_content": "\u6709\u9ede\u5c4c",
            "likeCount": 1
        },
        {
            "reply_id": "UgxZRXLNpCZQ_BtVAtJ4AaABAg",
            "reply_content": "\u5f37\u5c3c\u8ddf\u963f\u6587\u662f\u540c\u500b\u4eba\u55ce",
            "likeCount": 1
        },
        {
            "reply_id": "UgxdDrWOhMY1N_XUJed4AaABAg",
            "reply_content": "\u9019\u6211",
            "likeCount": 0
        },
        {
            "reply_id": "UgwJusCEwYqqWZ5gWKx4AaABAg",
            "reply_content": "\u9019\u5973\u751f\u5df2\u7d93\u5f88\u68d2\u4e86",
            "likeCount": 0
        },
        {
            "reply_id": "UgyTB0RBAm88JvZL1d94AaABAg",
            "reply_content": "\u5149\u5c01\u9762\u6709\u9ede\u89ba\u5f97\u602a\u602a\u7684",
            "likeCount": 0
        },
        {
            "reply_id": "UgyyilVEr4ENRslgfuh4AaABAg",
            "reply_content": "\u883b\u6709\u5171\u9cf4\u7684",
            "likeCount": 0
        },
        {
            "reply_id": "UgwuyVoVfi8RvTNiGkl4AaABAg",
            "reply_content": "\u6240\u4ee5\u91ce\u683c\u8e66\u738b\u5b50\u662f\u8ab0",
            "likeCount": 0
        },
        {
            "reply_id": "UgxXhIAIY9uqXefjoEd4AaABAg",
            "reply_content": "\u7b11\u6b7b",
            "likeCount": 0
        },
        {
            "reply_id": "Ugw5Scwmy4v4Fkz75w54AaABAg",
            "reply_content": "\u611f\u89ba\u6211\u597d\u50cf\u548c\u9019\u500b\u6545\u4e8b\u6709\u91cd\u758a\u7684\u7d93\u6b77 \u73fe\u5728\u56de\u60f3\u8d77\u9084\u662f\u89ba\u5f97\u633a\u5c0d\u4e0d\u8d77\u90a3\u500b\u5973\u751f",
            "likeCount": 0
        },
        {
            "reply_id": "UgzGF5xR1a_hWjs7Hix4AaABAg",
            "reply_content": "\u597d\u771f\u5be6",
            "likeCount": 0
        },
        {
            "reply_id": "UgwjnVBCytPeCCaEZ354AaABAg",
            "reply_content": "\u4f60\u771f\u7684\u8a72\u62bd\u8cbc\u5716\u9001\u6211\u4e86",
            "likeCount": 0
        },
        {
            "reply_id": "Ugx2D9NJOyRfgblY6P54AaABAg",
            "reply_content": "\u60c5\u7dd2\u5316\u8ddf\u6050\u6016\u60c5\u4eba\u53ea\u6709\u4e00\u7dda\u4e4b\u9694\uff0c\u9084\u597d\u5206\u624b\u4e86",
            "likeCount": 0
        },
        {
            "reply_id": "Ugw0TGg1YtanIFhbavV4AaABAg",
            "reply_content": "\u6211\u7684\u7dbd\u865f\u4e5f\u53eb\u7ae5\u7ae5\u8036",
            "likeCount": 1
        },
        {
            "reply_id": "Ugy9S-_-YiLalfbBVdd4AaABAg",
            "reply_content": "\u62bd\u62bd",
            "likeCount": 0
        },
        {
            "reply_id": "UgzASykPr_FhjzSAqC54AaABAg",
            "reply_content": "\u62bd",
            "likeCount": 0
        },
        {
            "reply_id": "UgzMEx3isIqXxnEueSp4AaABAg",
            "reply_content": "\u672a\u770b\u5148\u731c\u71b1\u7092\u5e97\u662f\u706b\u8eca\u982d",
            "likeCount": 0
        },
        {
            "reply_id": "UgytlmIevsRSBpoWV1B4AaABAg",
            "reply_content": "\u7834",
            "likeCount": 0
        }
    ]
}