{
    "video_info": {
        "id": "3w0PqIoX0wo",
        "channelTitle": "Onion Man",
        "title": "Onion Man | \u4e09\u5206\u9418\u71b1\u5ea6\u7537\uff01\u505a\u5565\u90fd\u534a\u9014\u800c\u5ee2\u7684\u9b6f\u86c7\u4eba\u751f\uff01 | \u5178\u578b\u5931\u6557\u8005\u963f\u8525",
        "description": "\u8fa3\u500b\u4e09\u5206\u9418\u71b1\u5ea6\u7684\u7537\u4eba\u7684\u6545\u4e8b\n\n\u3010\u8a02\u95b1\u3011\u53ca\u89c0\u770b\u6d0b\u8525\u66f4\u591a\u5f71\u7247: https://goo.gl/ijP3Eb\n\n\u5de5\u4f5c\u5408\u4f5c\uff1aonionmanwork@gmail.com\nOnion Man \u767e\u842c\u8ffd\u8e64\u7c89\u7d72\u5718:goo.gl/Z5CSvw\n\n\u6700\u65b0\u963f\u6587\u8cbc\u5716:https://reurl.cc/GxYjA\n\n\u7b2c\u4e00\u4ee3\u963f\u6587line\u8cbc\u5716:https://reurl.cc/Wroxx\n\n\u6d0b\u8525\u79c1\u751f\u6d3bIG:https://www.instagram.com/onionman__/\n\n\n\u904b\u52d5\u6f2b\u756b\u88e1\u7684\u4e2d\u4e8c\u8001\u6897\u5287\u60c5\n\u25ba\u7b2c\u4e00\u96c6:https://youtu.be/cMoV1rPH35k\n\u25ba\u7b2c\u4e8c\u96c6:https://youtu.be/iW7LM00lny0\n\u25ba\u7b2c\u4e09\u96c6:https://youtu.be/2G5wu61uCM0\n\u25ba\u7b2c\u56db\u96c6:https://youtu.be/-rP1abYv8n4\n\nOnion Man \u95dc\u9375\u5b57:\n\u4e2d\u4e8c \u80a5\u5b85 \u55ae\u8eab\u6f22 \u55ae\u8eab \u9b6f\u86c7 \u5c4c\u7d72 \u80a5\u5b85",
        "likeCount": "17015",
        "commentCount": "1191",
        "viewCount": "626672"
    },
    "comments": [
        {
            "reply_id": "Ugx23s3s7xqeog1Wt1R4AaABAg",
            "reply_content": "\u6211\u89ba\u5f97\u6d0b\u8525\u4e09\u5206\u9418\u71b1\u5ea6\u7684\u500b\u6027\u7576\u5de5\u7a0b\u5e2b\u4e5f\u5f88\u5feb\u5c31\u6703\u653e\u68c4\u4e86",
            "likeCount": 0
        },
        {
            "reply_id": "UgwE1byxGqCMr8P1AoZ4AaABAg",
            "reply_content": "\u6211\u4e0a\u8dc6\u62f3\u9053\u7d50\u679c\u6211\u5230\u9ec3\u5e36\u5c31\u4e0d\u4e0a\u4e86\u6559\u7df4\u7684\u9b54\u9b3c\u8a13\u7df4\u548c\u529f\u8ab2\u8981\u8d95\u5feb\u5beb\u5b8c",
            "likeCount": 0
        },
        {
            "reply_id": "UgxWazxznd1cpIkl4pB4AaABAg",
            "reply_content": "\u8525\u5abd\u6295\u8cc7\u6d0b\u8525\u771f\u591a",
            "likeCount": 0
        },
        {
            "reply_id": "Ugwgtrpwzd60CEGYLld4AaABAg",
            "reply_content": "\u5ee2\u5ee2\u7684\u6211",
            "likeCount": 0
        },
        {
            "reply_id": "UgwwXSEzozOzLnChYex4AaABAg",
            "reply_content": "\u6211\u5bb6\u6709",
            "likeCount": 0
        },
        {
            "reply_id": "Ugy4fPz_jLnN9Cft9Nl4AaABAg",
            "reply_content": "\u6211\u662f\u5b78\u5927\u63d0\u7434",
            "likeCount": 0
        },
        {
            "reply_id": "UgyYD3-NegqRhKX4RtR4AaABAg",
            "reply_content": "\u771f\u7684\u8aaa\u51fa\u4e86\u53f0\u7063\u5b69\u5b50\u7684\u7ae5\u5e74",
            "likeCount": 0
        },
        {
            "reply_id": "UgyPZCcUfo8x0vucMHB4AaABAg",
            "reply_content": "\u52a0\u6cb9",
            "likeCount": 0
        },
        {
            "reply_id": "Ugwv2DVvyvzKCFQwgAZ4AaABAg",
            "reply_content": "\u6211\u6709\u6d0b\u8525\u7684\u7167\u7247",
            "likeCount": 0
        },
        {
            "reply_id": "UgxiyCRKP5K7tJduv214AaABAg",
            "reply_content": "\u570b\u5c0f\u6642\u5019\u5831\u82f1\u6587\u88dc\u7fd2\u73ed\u82f1\u6587\u5f9e\u5341\u5e7e\u5206\u8df3\u5230\u516b\u4e5d\u5341\u5206\uff0c\u539f\u672c\u89ba\u5f97\u81ea\u5df1\u5f88\u53b2\u5bb3\n\u6700\u5f8c\u624d\u767c\u73fe\u4e0d\u77e5\u9053\u70ba\u4ec0\u9ebc\u88dc\u7fd2\u73ed\u8b1b\u7684\u91cd\u9ede\u5b78\u6821\u8003\u8a66\u767e\u5206\u4e4b\u516b\u5341\u6703\u51fa",
            "likeCount": 0
        },
        {
            "reply_id": "Ugx8G6MGM6uLMObV_MV4AaABAg",
            "reply_content": "\u597d\u52f5\u5fd7",
            "likeCount": 0
        },
        {
            "reply_id": "UgzP0Qt4T_l2ImNuv0t4AaABAg",
            "reply_content": "\u597d\u611f\u52d5",
            "likeCount": 0
        },
        {
            "reply_id": "UgzfOFJAwINx-6yj7214AaABAg",
            "reply_content": "\u62bd\u8cbc\u5716",
            "likeCount": 0
        },
        {
            "reply_id": "Ugwqk4CmQSG16T2kWcd4AaABAg",
            "reply_content": "\u6578\u78bc\u5bf6\u8c9d\u771f\u7684\u597d\u770b\u5594",
            "likeCount": 0
        },
        {
            "reply_id": "UgycKW6lFyutvpnEEWN4AaABAg",
            "reply_content": "\u53d1\u73b0\u6d0b\u8471\u662f\u4e2a\u5bcc\u4e8c\u4ee3 \u5bb6\u91cc\u5c3d\u7136\u53ef\u4ee5\u51fa\u94b1\u7ed9\u4ed6\u505a\u90a3\u4e48\u591a\u5174\u8da3\u7c7b\u7684\u4e1c\u897f",
            "likeCount": 0
        },
        {
            "reply_id": "UgyiCMYOGzL44ZB5WCJ4AaABAg",
            "reply_content": "\u4f60\u662f\u9b6f\u86c7",
            "likeCount": 0
        },
        {
            "reply_id": "UgxMt6wgqatNGL_Ng7N4AaABAg",
            "reply_content": "\u54c7\u525b\u597d\u770b\u5230\u5f71\u7247",
            "likeCount": 0
        },
        {
            "reply_id": "Ugz3oImi8le8hSgeZrp4AaABAg",
            "reply_content": "\u597d\u611f\u52d5",
            "likeCount": 0
        },
        {
            "reply_id": "UgxtE_4cti6YhTl7tMx4AaABAg",
            "reply_content": "\u6211\u4e5f\u662f\u62cd\u4e86\u5e7e\u90e8\u77ed\u7247\u5c31\u653e\u68c4\u4e86",
            "likeCount": 1
        },
        {
            "reply_id": "UgxoJmEO-svo9t95qk94AaABAg",
            "reply_content": "\u6765\u4e86",
            "likeCount": 0
        },
        {
            "reply_id": "UgymDNZs-tqDUVQEAl54AaABAg",
            "reply_content": "\u597d\u53ef\u7231\u554a",
            "likeCount": 0
        },
        {
            "reply_id": "Ugy6PoZEmYm_sXKkwKR4AaABAg",
            "reply_content": "\u592a\u671f\u5f85\u4e86\u5566\u7d42\u65bc\u53c8\u8981\u51fa\u6b4c\u4e86",
            "likeCount": 0
        },
        {
            "reply_id": "UgxtW2ZsRVfOIOgObGl4AaABAg",
            "reply_content": "\u6211\u5c31\u8fd9\u6837\u4ec0\u4e48\u90fd\u4e09\u5206\u949f\u70ed\u5ea6\uff0c\u5230\u73b0\u5728\u4ecd\u7136\u662f\u4e2a\u5e9f\u7269",
            "likeCount": 0
        },
        {
            "reply_id": "Ugyphr-C6vDtYOnBqNF4AaABAg",
            "reply_content": "\u600e\u9ebc\u8fa6\u5f8c\u9762\u6709\u9ede\u52f5\u5fd7",
            "likeCount": 0
        },
        {
            "reply_id": "Ugx-ZT3kKX5UAQkagOF4AaABAg",
            "reply_content": "\u5c71\u6797\u7f8e\u9152\u90a3\u96c6\u6211\u883b\u559c\u6b61\u7684",
            "likeCount": 0
        }
    ]
}