{
    "video_info": {
        "id": "4-HIZ3Ipj9Q",
        "channelTitle": "Onion Man",
        "title": "Onion Man | \u9019\u5169\u5e74\u8b93\u6211\u53c8\u611b\u53c8\u6068\u7684\u7537\u4eba..",
        "description": "\u9019\u5169\u5e74\u85cf\u5728\u6211\u5fc3\u4e2d\u7684\u7599\u7629\uff0c\u8907\u96dc\u7684\u60c5\u611f\n\n\u9810\u8cfc\u958b\u555f\nOnion Man \u6d0b\u8525 \u00d7 \u523a\u7e61\u68c9\u8cea\u4f11\u9592\u904b\u52d5\u77ed\u8932\nhttps://www.tami.tw/products/onionman-2023gs\nOnion Man \u6d0b\u8525 \u00d7 \u72e0\u89d2\u8272\u8cbc\u5e03 T-shirt\nhttps://www.tami.tw/products/onionman-2023tshirt\n\n\u5546\u54c1\u76f8\u95dc\u554f\u984c\u8acb\u6d3d:\nTAMi Original Collection\nFB\uff1ahttps://www.facebook.com/TAMiTaiwan\n\u5b98\u7db2\uff1ahttps://www.tami.tw/\nFB Messenger \u76f4\u63a5\u79c1\u8a0a\n\u6216\u5b98\u7db2\u5167\u4f7f\u7528\u79c1\u8a0a\u529f\u80fd\n\n\u3010\u8a02\u95b1\u3011\u53ca\u89c0\u770b\u6d0b\u8525\u66f4\u591a\u5f71\u7247: https://goo.gl/ijP3Eb\n\n\u5de5\u4f5c\u5408\u4f5c\uff1aonionmanwork@gmail.com\nOnion Man \u767e\u842c\u8ffd\u8e64\u7c89\u7d72\u5718:goo.gl/Z5CSvw\n\n\u6700\u65b0\u963f\u6587\u8cbc\u5716:https://reurl.cc/GxYjA\n\n\u7b2c\u4e00\u4ee3\u963f\u6587line\u8cbc\u5716:https://reurl.cc/Wroxx\n\n\u6d0b\u8525\u79c1\u751f\u6d3bIG:https://www.instagram.com/onionman__/\n\n\n\u904b\u52d5\u6f2b\u756b\u88e1\u7684\u4e2d\u4e8c\u8001\u6897\u5287\u60c5\n\u25ba\u7b2c\u4e00\u96c6:https://youtu.be/cMoV1rPH35k\n\u25ba\u7b2c\u4e8c\u96c6:https://youtu.be/iW7LM00lny0\n\u25ba\u7b2c\u4e09\u96c6:https://youtu.be/2G5wu61uCM0\n\u25ba\u7b2c\u56db\u96c6:https://youtu.be/-rP1abYv8n4\n\nOnion Man \u95dc\u9375\u5b57:\n\u4e2d\u4e8c \u80a5\u5b85 \u55ae\u8eab\u6f22 \u55ae\u8eab \u9b6f\u86c7 \u5c4c\u7d72 \u80a5\u5b85",
        "likeCount": "5333",
        "commentCount": "289",
        "viewCount": "245548"
    },
    "comments": [
        {
            "reply_id": "UgyuPUkkwXoGL0lH0R14AaABAg",
            "reply_content": "\u6d0b\u8525\u597d\u5584\u826f\u597d\u8aa0\u5be6",
            "likeCount": 3
        },
        {
            "reply_id": "UgzG166pulzpQi5zJed4AaABAg",
            "reply_content": "\u8d85\u5f37\u696d\u914d\u81ea\u5df1\u770b\u4e86\u9019\u9ebc\u591a\u5e74\u7684\u6d0b\u8525\u6211\u7684\u9322\u5305\u7d42\u65bc\u88ab\u6253\u958b\u4e86",
            "likeCount": 1
        },
        {
            "reply_id": "UgxyXp7nd53YtS-7C2R4AaABAg",
            "reply_content": "\u9019\u500b\u7537\u4eba\u592a\u72e0\u4e86\uff0c\u7adf\u7136\u60f3\u5230\u5229\u7528\u65b9\u65b9\u7684\u7f8e\u817f\u4f86\u5ba3\u50b3\u8863\u670d",
            "likeCount": 1
        },
        {
            "reply_id": "UgyWLoBLzuZ0LMmgKzp4AaABAg",
            "reply_content": "\u662f\u65b9\u65b9\u8036",
            "likeCount": 1
        },
        {
            "reply_id": "Ugwn_vQLFeJyqfkLUax4AaABAg",
            "reply_content": "\u606d\u559c\u4f60",
            "likeCount": 1
        },
        {
            "reply_id": "Ugwp6AvNhsq_AbWtjZh4AaABAg",
            "reply_content": "\u652f\u6301",
            "likeCount": 0
        },
        {
            "reply_id": "Ugx7zjZtCwdE5KyFVax4AaABAg",
            "reply_content": "\u4fee\u4f46\u5e7e\u985e\u70ba\u5565\u611f\u89ba\u597d\u50cf\u6709\u807d\u904e\u9019\u500b\u6545\u4e8b\u4e86\u662f\u65e2\u8996\u611f\u55ce\uff01",
            "likeCount": 0
        },
        {
            "reply_id": "UgyYoKsAbCGArK6Onw54AaABAg",
            "reply_content": "\u9019\u500b\u7248\u672c\u53cd\u800c\u66f4\u7a00\u6709",
            "likeCount": 0
        },
        {
            "reply_id": "UgyEJeSMMjfpKJ_4MoZ4AaABAg",
            "reply_content": "\u597d\u53ef\u60dc\u6c92\u6350\u7d66\u5b64\u5152\u9662",
            "likeCount": 0
        },
        {
            "reply_id": "Ugxy4FnhUKadQfoc3KR4AaABAg",
            "reply_content": "\u8521\u54e5\u4e0d\u7528\u8ca0\u8cac\u55ce",
            "likeCount": 0
        },
        {
            "reply_id": "Ugw6O42LH0hBEsDcoI54AaABAg",
            "reply_content": "\u6de6\u6709\u523a\u7e61\u7684\u53ef\u4ee5\u7092\u4e00\u6ce2",
            "likeCount": 0
        },
        {
            "reply_id": "UgzjYlOrlBZyN1ZrNBZ4AaABAg",
            "reply_content": "\u53ef\u4ee5\u54e6",
            "likeCount": 0
        },
        {
            "reply_id": "UgwYl0n4YAiJ4hmDdON4AaABAg",
            "reply_content": "\u7c21\u55ae\u65b9\u6cd5\u60f3\u5169\u5e74",
            "likeCount": 0
        },
        {
            "reply_id": "Ugw4MerUezAgBdU4ESl4AaABAg",
            "reply_content": "\u5728\u5927\u9646\u4e5f\u597d\u60f3\u8981",
            "likeCount": 0
        },
        {
            "reply_id": "Ugy-LaVMOwjfn4-Wxh54AaABAg",
            "reply_content": "\u8b9a\u7206",
            "likeCount": 0
        },
        {
            "reply_id": "Ugyi98HVXLAOzwSKAdl4AaABAg",
            "reply_content": "\u6211\u5012\u662f\u60f3\u8981\u6709\u523a\u7ee3\u7684",
            "likeCount": 0
        },
        {
            "reply_id": "Ugw0bPyj15Yww0aSvnZ4AaABAg",
            "reply_content": "\u771f\u4e0d\u6127\u6d0b\u8525",
            "likeCount": 0
        },
        {
            "reply_id": "Ugww7qK3meh833vjaxp4AaABAg",
            "reply_content": "\u5df2\u8cb7",
            "likeCount": 0
        },
        {
            "reply_id": "UgxLukyimQb1fjX-wvJ4AaABAg",
            "reply_content": "\u6211\u7684\u5fc3\u4e5f\u662f\u61f8\u8457\u7684",
            "likeCount": 0
        },
        {
            "reply_id": "Ugzx233RvtFznVLOZMN4AaABAg",
            "reply_content": "\u6709\u6c92\u6709\u60f3\u904e\u518d\u51fa\u5305\u7684\u53ef\u80fd\u6027",
            "likeCount": 0
        },
        {
            "reply_id": "UgwanouyJwhDCtbpBUt4AaABAg",
            "reply_content": "\u9019\u5df2\u7d93\u807d\u904e\u4e86",
            "likeCount": 0
        },
        {
            "reply_id": "Ugy_0csw7yqYBqhDWxt4AaABAg",
            "reply_content": "\u9019\u662f\u4e00\u4ef6\u6709\u80cc\u666f\u7684\u8863\u670d",
            "likeCount": 0
        },
        {
            "reply_id": "Ugy4ovxLoSJ_N9KYgH14AaABAg",
            "reply_content": "\u9019\u662f\u4e00\u4ef6\u60c5\u7406\u4e92\u76f8\u5766\u627f\u8ca0\u8cac\u7684\u8863\u670d\u554a",
            "likeCount": 0
        },
        {
            "reply_id": "Ugx6DxlLEqhp_iQnDX14AaABAg",
            "reply_content": "\u8cb7\u8d77\u4f86",
            "likeCount": 0
        },
        {
            "reply_id": "UgzQR26w2RyGmnwu_vN4AaABAg",
            "reply_content": "\u8932\u5b50\u8d85\u8b9a\u7684\u6b38",
            "likeCount": 3
        }
    ]
}