{
    "video_info": {
        "id": "4fJCxwp2M5M",
        "channelTitle": "Onion Man",
        "title": "Onion Man | \u6bcf\u500b\u4eba\u7684\u9b45\u529b\u6642\u523b\uff01 \u4e0d\u9760\u9577\u76f8\u53ea\u6191\u614b\u5ea6\uff0c\u4e00\u8d77\u6210\u70ba\u6709\u5438\u5f15\u529b\u7684\u4eba\u5427\uff01\uff01",
        "description": "\u6709\u4e9b\u4eba\u4e0d\u5e25\uff0c\u4f46\u537b\u6563\u767c\u7368\u7279\u7684\u9b45\u529b\uff0c\u9019\u90fd\u662f\u500b\u6027\u4f7f\u7136\n\u8981\u5982\u4f55\u8b8a\u6210\u6709\u9b45\u529b\u7684\u4eba\uff0c\u4f60\u4e0d\u6703\uff0c\u6211\u6559\u4f60\u554a\n----\n\u60f3\u6563\u767c\u9060\u898b\u4e4b\u5149\ud83d\ude0e\u5c31\u9760\u3010\u5143\u5927\u8b49\u5238\u5b9a\u671f\u5b9a\u984d\u3011\nhttps://pse.is/4h4zv2\n\n\u2714\ufe0f\u5b9a\u671f\u5b9a\u984d\u6bcf\u7b46\u624b\u7e8c\u8cbb\u9285\u677f\u50f9\n\u2714\ufe0f\u6263\u6b3e3\u6b21\uff0c\u6700\u9ad8\u9084\u9001700\u5143\u624b\u7e8c\u8cbb\u62b5\u7528\u91d1(\u4eba\u4eba\u6709\u734e\ud83c\udf81)\n\n\n\u3010\u8a02\u95b1\u3011\u53ca\u89c0\u770b\u6d0b\u8525\u66f4\u591a\u5f71\u7247: https://goo.gl/ijP3Eb\n\n\u5de5\u4f5c\u5408\u4f5c\uff1aonionmanwork@gmail.com\nOnion Man \u767e\u842c\u8ffd\u8e64\u7c89\u7d72\u5718:goo.gl/Z5CSvw\n\n\u6700\u65b0\u963f\u6587\u8cbc\u5716:https://reurl.cc/GxYjA\n\n\u7b2c\u4e00\u4ee3\u963f\u6587line\u8cbc\u5716:https://reurl.cc/Wroxx\n\n\u6d0b\u8525\u79c1\u751f\u6d3bIG:https://www.instagram.com/onionman__/\n\n\n\u904b\u52d5\u6f2b\u756b\u88e1\u7684\u4e2d\u4e8c\u8001\u6897\u5287\u60c5\n\u25ba\u7b2c\u4e00\u96c6:https://youtu.be/cMoV1rPH35k\n\u25ba\u7b2c\u4e8c\u96c6:https://youtu.be/iW7LM00lny0\n\u25ba\u7b2c\u4e09\u96c6:https://youtu.be/2G5wu61uCM0\n\u25ba\u7b2c\u56db\u96c6:https://youtu.be/-rP1abYv8n4\n\nOnion Man \u95dc\u9375\u5b57:\n\u4e2d\u4e8c \u80a5\u5b85 \u55ae\u8eab\u6f22 \u55ae\u8eab \u9b6f\u86c7 \u5c4c\u7d72 \u80a5\u5b85",
        "likeCount": "8445",
        "commentCount": "590",
        "viewCount": "415324"
    },
    "comments": [
        {
            "reply_id": "UgyC8MlgOVAQm6f4buB4AaABAg",
            "reply_content": "\u4ed6\u5e73\u5e38\u90fd\u5e36\u7da0\u8272\u7c21\u76f4\u662f\u7da0\u5e3d\u4e4b\u5149",
            "likeCount": 0
        },
        {
            "reply_id": "UgyDqGSEN11LpxQDgRd4AaABAg",
            "reply_content": "\u600e\u9ebc\u53ef\u4ee5\u8aaa\u4eba\u5bb6\u662f\u84b2\u554a",
            "likeCount": 0
        },
        {
            "reply_id": "UgxcH32XMnA8tIekXNh4AaABAg",
            "reply_content": "\u6e1b\u80a5\u4e0d\u5403\u7684\u6bc5\u529b\u4e4b\u5149\u53ea\u662f\u5c0d\u98df\u6750\u7121\u611f\u800c\u5df2\u5427",
            "likeCount": 0
        },
        {
            "reply_id": "UgxGRdboryWZjbup_GB4AaABAg",
            "reply_content": "\u4f60\u662f\u5b85\u7832",
            "likeCount": 0
        },
        {
            "reply_id": "UgyOQ4dSxFxoSjpLaaV4AaABAg",
            "reply_content": "\u5e79",
            "likeCount": 0
        },
        {
            "reply_id": "UgwTOJVzc3oJsCinfrZ4AaABAg",
            "reply_content": "\u9019\u51b7\u4e0d\u9632\u7684\u696d\u914d\u537b\u9084\u662f\u4ee4\u89c0\u773e\u770b\u5f97\u6d25\u6d25\u6709\u5473\uff0c\u9019\u696d\u914d\u4e4b\u5149\u592a\u5f37\u4e86",
            "likeCount": 0
        },
        {
            "reply_id": "Ugxrt_FL06rutdwI4CZ4AaABAg",
            "reply_content": "\u6eab\u67d4\u8ce2\u6167\u4e4b\u5149",
            "likeCount": 0
        },
        {
            "reply_id": "UgyqxHINf8douG-n_Qx4AaABAg",
            "reply_content": "\u8aaa\u771f\u7684\u55e8\u5496\u7c43\u7403\u5f88\u5f37",
            "likeCount": 0
        },
        {
            "reply_id": "Ugy-9VdujDcbQTPdc154AaABAg",
            "reply_content": "\u7121\u60c5\u5de5\u5546",
            "likeCount": 0
        },
        {
            "reply_id": "Ugz8aZQtmvj6DBs96At4AaABAg",
            "reply_content": "\u6d0b\u8525\u4f60\u9084\u8a18\u5f97\u4e00\u5e74\u524d\u4f60\u88ab\u5225\u4eba\u5687\u5230\u55ce\u800c\u4e14\u90a3\u9084\u662f\u6bad\u5c4d\u6211\u770b\u4e86\u4e4b\u5f8c\u54c8\u54c8\u5927\u7b11",
            "likeCount": 0
        },
        {
            "reply_id": "Ugxf2Ntpw1HjyNxjQBd4AaABAg",
            "reply_content": "\u91dd\u4e0d\u932f",
            "likeCount": 0
        },
        {
            "reply_id": "UgwiwvQ6kCpx7dFveGJ4AaABAg",
            "reply_content": "\u696d\u914d\u4e4b\u5149",
            "likeCount": 0
        },
        {
            "reply_id": "UgzhuZRqdSCfiMSLyOl4AaABAg",
            "reply_content": "\u8bf7\u95ee\u4f60\u4eec\u6709\u5c0f\u7ea2\u4e66\u8d26\u53f7\u5417",
            "likeCount": 0
        },
        {
            "reply_id": "Ugzy7UCUODGf23FWffB4AaABAg",
            "reply_content": "\u73fe\u5728\u6539\u6210\u9023\u696d\u914d\u4e5f\u7b97\u662f\u5468\u66f4\u7684\u7bc4\u570d\u4e86\u55ce",
            "likeCount": 0
        },
        {
            "reply_id": "UgysWuX433Kuaid4jBh4AaABAg",
            "reply_content": "\u6211\u5728\u6296\u97f3\u770b\u5230\u4f60",
            "likeCount": 0
        },
        {
            "reply_id": "Ugx73yamMqG3sBmAP-h4AaABAg",
            "reply_content": "\u4ec0\u9ebc\u6642\u5019\u8981\u756b\u5bbf\u71df\u4e4b\u5168\u54e1\u812b\u9b6f\u4e4b\u6c92\u6709\u8001\u5f35",
            "likeCount": 0
        },
        {
            "reply_id": "UgzfJyUz6JbOdYxOPx54AaABAg",
            "reply_content": "\u72e0\u89d2\u8272\u4e4b\u5149",
            "likeCount": 0
        },
        {
            "reply_id": "UgziHnqdfHx71PZ9Rg14AaABAg",
            "reply_content": "\u6642\u6642\u523b\u523b\u4fdd\u6301\u5fae\u7b11\u6b63\u80fd\u91cf\u7684\u4eba\u771f\u7684\u5f88\u6709\u9b45\u529b!",
            "likeCount": 0
        },
        {
            "reply_id": "Ugzf0eHLdpS36h3O7qV4AaABAg",
            "reply_content": "\u9b45\u529b\u662f\u7528\u4f86\u7df4\u5361\u666e\u7684",
            "likeCount": 0
        },
        {
            "reply_id": "UgwBP5A3sR5PU4rt86p4AaABAg",
            "reply_content": "\u9b45\u529b\u5317\u5b9c\u5361\u666e",
            "likeCount": 0
        },
        {
            "reply_id": "UgzoCgxekCNF6Y3F46l4AaABAg",
            "reply_content": "\u9084\u6709\u516c\u4ed4\u5f8c\u7e8c\u55ce\u60f3\u770b\u65b0\u516c\u4ed4",
            "likeCount": 0
        },
        {
            "reply_id": "UgyibcPsJjmc2jYWDVV4AaABAg",
            "reply_content": "\u6240\u4ee5\u6d0b\u8525\u662f\u54ea\u4e00\u7a2e\u54e9",
            "likeCount": 0
        },
        {
            "reply_id": "Ugygewru70Rl0JmaAit4AaABAg",
            "reply_content": "\u5728\u570b\u5916\u771f\u7684\u4e00\u5806\u4eba\u6703\u88ab\u76f4\u63a5\u667a\u5546\u964d\u7dad\u6253\u64ca\u5230\u7684\u611f\u89baw",
            "likeCount": 0
        },
        {
            "reply_id": "UgxQhAQbQluJIOTxMzZ4AaABAg",
            "reply_content": "\u6211\u4e5f\u6703\u89c0\u5bdf\u8eab\u908a\u670b\u53cb\u7684\u5404\u81ea\u9b45\u529b\u311f\u54c8\u54c8\u54c8\u54c8\u54c8",
            "likeCount": 0
        },
        {
            "reply_id": "UgyZmEYXhN9b17G7zOR4AaABAg",
            "reply_content": "\u70ba\u4ec0\u9ebc\u6700\u5f8c\u6709\u4eba\u5f71\u5206\u8eab\u4e86",
            "likeCount": 1
        }
    ]
}