{
    "video_info": {
        "id": "4XFdrWvXEhA",
        "channelTitle": "Onion Man",
        "title": "Onion Man | \u559d\u9152\u88ab\u5973\u751f\u7576\u5834\u6d17\u81c9\uff0c\u8fd1\u671f\u767c\u751f\u7684\u8352\u5510\u4e8b\u8207\u8f49\u8b8a | \u9019\u5169\u5e74\u60f3\u8ddf\u5927\u5bb6\u8aaa\u7684\u5167\u5fc3\u8a71\u7bc7",
        "description": "\u96d6\u7136\u96e3\u71ac\u4f46\u662f\u6c92\u6709\u767d\u8cbb\n\n\u3010\u8a02\u95b1\u3011\u53ca\u89c0\u770b\u6d0b\u8525\u66f4\u591a\u5f71\u7247: https://goo.gl/ijP3Eb\n\n\u5de5\u4f5c\u5408\u4f5c\uff1aonionmanwork@gmail.com\nOnion Man \u767e\u842c\u8ffd\u8e64\u7c89\u7d72\u5718:goo.gl/Z5CSvw\n\n\u6700\u65b0\u963f\u6587\u8cbc\u5716:https://reurl.cc/GxYjA\n\n\u7b2c\u4e00\u4ee3\u963f\u6587line\u8cbc\u5716:https://reurl.cc/Wroxx\n\n\u6d0b\u8525\u79c1\u751f\u6d3bIG:https://www.instagram.com/onionman__/\n\n\n\u904b\u52d5\u6f2b\u756b\u88e1\u7684\u4e2d\u4e8c\u8001\u6897\u5287\u60c5\n\u25ba\u7b2c\u4e00\u96c6:https://youtu.be/cMoV1rPH35k\n\u25ba\u7b2c\u4e8c\u96c6:https://youtu.be/iW7LM00lny0\n\u25ba\u7b2c\u4e09\u96c6:https://youtu.be/2G5wu61uCM0\n\u25ba\u7b2c\u56db\u96c6:https://youtu.be/-rP1abYv8n4\n\nOnion Man \u95dc\u9375\u5b57:\n\u4e2d\u4e8c \u80a5\u5b85 \u55ae\u8eab\u6f22 \u55ae\u8eab \u9b6f\u86c7 \u5c4c\u7d72 \u80a5\u5b85",
        "likeCount": "16336",
        "commentCount": "1118",
        "viewCount": "550207"
    },
    "comments": [
        {
            "reply_id": "Ugwbrkr8dfGUee-IJl54AaABAg",
            "reply_content": "\u597d\u52f5\u5fd7",
            "likeCount": 0
        },
        {
            "reply_id": "UgzgwOKt29TbVqCvYrV4AaABAg",
            "reply_content": "\u611f\u4eba",
            "likeCount": 0
        },
        {
            "reply_id": "Ugylj6c8wqcfKr2Wvux4AaABAg",
            "reply_content": "\u6d0b\u8525\u53ef\u4ee5\u5c08\u9580\u62cd\u4e00\u96c6\u662f\u5982\u4f55\u7626\u4e0b\u4f86\u7684\u5f71\u7247\u55ce",
            "likeCount": 0
        },
        {
            "reply_id": "UgwWEoR7yKceVj6ZrfN4AaABAg",
            "reply_content": "\u6709\u4eba\u77e5\u9053\u4fee\u4ed9\u7684\u5de5\u5546\u662f\u54ea\u7bc7\u55ce",
            "likeCount": 0
        },
        {
            "reply_id": "UgxlANHuX357ra0gJ0p4AaABAg",
            "reply_content": "\u52a0\u6cb9",
            "likeCount": 0
        },
        {
            "reply_id": "UgxPH44QLGTGdXpMJlJ4AaABAg",
            "reply_content": "\u4f60\u4e00\u8def\u8d70\u4f86\u61c9\u8a72\u633a\u4e0d\u5bb9\u6613\u7684\u5427",
            "likeCount": 0
        },
        {
            "reply_id": "UgwEwXE7YrZOo3AXhMx4AaABAg",
            "reply_content": "\u8b1d\u8b1d\u4f60\u7684\u52aa\u529b",
            "likeCount": 0
        },
        {
            "reply_id": "Ugyi1Vtk7ZG5H22AUG14AaABAg",
            "reply_content": "\u670b\u53cb\u6839\u672c\u7cd7\u723a",
            "likeCount": 0
        },
        {
            "reply_id": "UgyBth8Hqk79BayCveJ4AaABAg",
            "reply_content": "\u7537\u4eba\u6392\u884c\u699c\u6211\u6bcf\u6b21\u90fd\u7b11\u7206",
            "likeCount": 0
        },
        {
            "reply_id": "Ugx5qKkix-WEFgywTIp4AaABAg",
            "reply_content": "\u597d\u60f3\u770b\u4e2d\u9593\u7684\u8ca0\u9762\u548c\u4f4e\u6f6e\u6545\u4e8b",
            "likeCount": 0
        },
        {
            "reply_id": "Ugx2NKn6XkiGn14mEFx4AaABAg",
            "reply_content": "\u591c\u5e97\u5496\u4e86",
            "likeCount": 0
        },
        {
            "reply_id": "UgwNdjG2T2AXpJtixcF4AaABAg",
            "reply_content": "\u8ca1\u5bcc\u81ea\u7531\u8cfa\u4e0a\u5104\u4e86\u5594\u6d0b\u8525\uff0c\u8d81\u73fe\u5728\u6700\u7d05\u7684\u6642\u5019\u9000\u5427",
            "likeCount": 0
        },
        {
            "reply_id": "UgyXSXpV8KE_QOtcHmh4AaABAg",
            "reply_content": "\u5176\u5be6\u500b\u4eba\u89ba\u5f97\u7537\u4eba\u6392\u884c\u699c\u9084\u633a\u597d\u770b\u53c8\u597d\u7b11\u7684\ud83e\udd23",
            "likeCount": 0
        },
        {
            "reply_id": "Ugx2KNL1JcL02YO6aQl4AaABAg",
            "reply_content": "\u9019\u96c6\u5f88\u5c4c",
            "likeCount": 0
        },
        {
            "reply_id": "UgzzytXyn3SSH-_KNlB4AaABAg",
            "reply_content": "\u8de8\u51fa\u8212\u9069\u5708\u771f\u7684\u9700\u8981\u5f88\u5927\u7684\u52c7\u6c23",
            "likeCount": 0
        },
        {
            "reply_id": "UgzzWSgBecQcS_RCb2F4AaABAg",
            "reply_content": "\u6d0b\u8525\u8b1d\u8b1d\u4f60\u63a8\u85a6\u7684\u904a\u6232\u5df2\u7372\u5f97\u4f60\u7684\u5750\u9a0e",
            "likeCount": 0
        },
        {
            "reply_id": "UgyEAlOY1UJ7QfJAeFl4AaABAg",
            "reply_content": "\u770b\u4e86\u9019\u7bc7\u624d\u767c\u73fe\u771f\u7684\u9ed8\u9ed8\u770b\u4e86\u597d\u5e7e\u5e74\u963f",
            "likeCount": 0
        },
        {
            "reply_id": "UgyrKj6WqPlxTQjun9J4AaABAg",
            "reply_content": "\u8ddf\u963f\u557e\u53ef\u4ee5\u55ce",
            "likeCount": 0
        },
        {
            "reply_id": "UgwhJkek0IxOzlOyUbR4AaABAg",
            "reply_content": "\u6d0b\u8525\u52a0\u6cb9",
            "likeCount": 0
        },
        {
            "reply_id": "UgxNvaT4w0TsUFcsIHp4AaABAg",
            "reply_content": "\u8d85\u597d\u770b\u5566\u6211\u611b\u6d0b\u8525",
            "likeCount": 0
        },
        {
            "reply_id": "Ugx94dvoPVbn6ynVgLN4AaABAg",
            "reply_content": "\u6bcf\u6b21\u770b\u5b8c\u5f8c\u90fd\u6709\u65b0\u7684\u60f3\u6cd5",
            "likeCount": 0
        },
        {
            "reply_id": "UgzIGtDYe6b3y5tM7V14AaABAg",
            "reply_content": "\u6211\u89ba\u5f97\u65c5\u904a\u985e\u7684\u5f88\u6709\u8da3\uff0c\u53ef\u4ee5\u8003\u616e\u6bcf\u534a\u5e74\u5c31\u4f86\u500b\u51fa\u570b\u65c5\u904a\u7bc7\u7528\u6d0b\u8525\u7684\u8996\u89d2\u628a\u4e16\u754c\u5404\u5730\u90fd\u901b\u4e00\u904d",
            "likeCount": 0
        },
        {
            "reply_id": "UgzzgiBgOS-8DCaGv794AaABAg",
            "reply_content": "\u6d0b\u8525\u771f\u7684\u597d\u68d2",
            "likeCount": 0
        },
        {
            "reply_id": "UgwPg-ZoonjHN6Wyf694AaABAg",
            "reply_content": "\u53c8\u6c34\u4e86\u4e00\u96c6",
            "likeCount": 0
        },
        {
            "reply_id": "Ugzp_bclNywAmEETgtJ4AaABAg",
            "reply_content": "\u7279\u5225\u559c\u6b61\u9019\u96c6\u7684\u6d0b\u8525",
            "likeCount": 0
        }
    ]
}