{
    "video_info": {
        "id": "64EXhLBrYlY",
        "channelTitle": "Onion Man",
        "title": "Onion Man | \u6211\u53ea\u662f\u60f3\u6d3b\u4e0b\u53bb\u7f77\u4e86\uff01\u7121\u6642\u7121\u523b\u88ab\u7f75\u7684YOUTUBER\u4eba\u751f\uff01 \u4e5d\u5e74\u4f86\u7684\u5275\u4f5c\u4eba\u751f\u7bc7",
        "description": "\u4e0d\u65b7\u7d93\u6b77\u6c5f\u90ce\u624d\u76e1\u7684\u4eba\u751f\n\n\u3010\u8a02\u95b1\u3011\u53ca\u89c0\u770b\u6d0b\u8525\u66f4\u591a\u5f71\u7247: https://goo.gl/ijP3Eb\n\n\u5de5\u4f5c\u5408\u4f5c\uff1aonionmanwork@gmail.com\nOnion Man \u767e\u842c\u8ffd\u8e64\u7c89\u7d72\u5718:goo.gl/Z5CSvw\n\n\u6700\u65b0\u963f\u6587\u8cbc\u5716:https://reurl.cc/GxYjA\n\n\u7b2c\u4e00\u4ee3\u963f\u6587line\u8cbc\u5716:https://reurl.cc/Wroxx\n\n\u6d0b\u8525\u79c1\u751f\u6d3bIG:https://www.instagram.com/onionman__/\n\n\n\u904b\u52d5\u6f2b\u756b\u88e1\u7684\u4e2d\u4e8c\u8001\u6897\u5287\u60c5\n\u25ba\u7b2c\u4e00\u96c6:https://youtu.be/cMoV1rPH35k\n\u25ba\u7b2c\u4e8c\u96c6:https://youtu.be/iW7LM00lny0\n\u25ba\u7b2c\u4e09\u96c6:https://youtu.be/2G5wu61uCM0\n\u25ba\u7b2c\u56db\u96c6:https://youtu.be/-rP1abYv8n4\n\nOnion Man \u95dc\u9375\u5b57:\n\u4e2d\u4e8c \u80a5\u5b85 \u55ae\u8eab\u6f22 \u55ae\u8eab \u9b6f\u86c7 \u5c4c\u7d72 \u80a5\u5b85",
        "likeCount": "11843",
        "commentCount": "938",
        "viewCount": "422670"
    },
    "comments": [
        {
            "reply_id": "UgxMJcoC3lcIhJXeZ894AaABAg",
            "reply_content": "\u6211\u8981\u770b\u5317\u6b27",
            "likeCount": 1
        },
        {
            "reply_id": "UgwC6KraSgL9tkv2tNd4AaABAg",
            "reply_content": "\u6211\u90fd\u6703\u91cd\u8907\u770b\u5f71\u7247",
            "likeCount": 0
        },
        {
            "reply_id": "UgwuLnJaALim69bmHdF4AaABAg",
            "reply_content": "\u591c\u795e\u6708",
            "likeCount": 0
        },
        {
            "reply_id": "Ugy7trpIP-HadA0fqGN4AaABAg",
            "reply_content": "\u4f60\u8f9b\u82e6\u4e86",
            "likeCount": 0
        },
        {
            "reply_id": "UgzQZWV-u4_XlaabWaB4AaABAg",
            "reply_content": "\u4f46\u6211\u89ba\u5f97\u4f60\u51fa\u53bb\u4e4b\u5f8c\u756b\u7684\u6771\u897f\u53c8\u65b0\u5947\u5f88\u591a\u8036 \u6211\u89ba\u5f97\u9019\u500b\u6539\u8b8a\u5c0d\u4f60\u7684\u983b\u9053\u4e0d\u662f\u58de\u4e8b",
            "likeCount": 0
        },
        {
            "reply_id": "UgzZwlRN_UWpSxUbjgN4AaABAg",
            "reply_content": "\u6d0b\u8525\u7684\u5f71\u7247\u662f\u5c11\u6578\u53ef\u4ee5\u8b93\u6211\u597d\u4e45\u6c92\u6709\u7684\u5927\u7b11\u767c\u751f\u9ede\uff0c\u56e0\u70ba\u751f\u6d3b\u58d3\u529b\u5f88\u4e45\u6c92\u6709\u5927\u7b11\uff0c\u8b1d\u8b1d\u6d0b\u8525",
            "likeCount": 0
        },
        {
            "reply_id": "UgzpGJIYga9nRztO1e54AaABAg",
            "reply_content": "\u4e00\u76f4\u8b8a\u597d\u53cd\u800c\u5225\u4eba\u5df4\u4e0d\u5f97\u4f60\u597d\u4e86\u6c92\u8fa6\u6cd5",
            "likeCount": 0
        },
        {
            "reply_id": "Ugx699sxT4Y02ZLgwq14AaABAg",
            "reply_content": "\u7121\u6642\u7121\u523b\u5f8c\u9762\u8981\u52a0\u5426\u5b9a\u8a5e",
            "likeCount": 0
        },
        {
            "reply_id": "Ugwck2ueVmPjnAySSA54AaABAg",
            "reply_content": "\u5f88\u6709\u610f\u4e49\u7684\u5f71\u7247",
            "likeCount": 0
        },
        {
            "reply_id": "UgxEJrf1fWjK-7yfTRx4AaABAg",
            "reply_content": "\u4f60\u597d\u68d2",
            "likeCount": 0
        },
        {
            "reply_id": "UgyaeHff1WCzVTmEKY54AaABAg",
            "reply_content": "\u80fd\u4e0d\u80fd\u756b\u597d\u770b\u4e00\u9ede",
            "likeCount": 0
        },
        {
            "reply_id": "UgwSHj-Tw9ShLdJtbJB4AaABAg",
            "reply_content": "\u52a0\u6cb9\u731b\u7537",
            "likeCount": 0
        },
        {
            "reply_id": "UgzO-5pHNTF3IcofWfB4AaABAg",
            "reply_content": "\u5fa9\u96dc",
            "likeCount": 0
        },
        {
            "reply_id": "UgwwunPGvJeY-Q1ZiUx4AaABAg",
            "reply_content": "\u652f\u6301",
            "likeCount": 0
        },
        {
            "reply_id": "Ugxef-mSmmvWwDvRbhd4AaABAg",
            "reply_content": "\u597d\u60f3\u770b\u5317\u6b50\u5c0f\u6545\u4e8b",
            "likeCount": 0
        },
        {
            "reply_id": "UgzzEH3HIARAEfl3wsF4AaABAg",
            "reply_content": "\u539f\u4f86\u6d0b\u8525\u4e5f\u662f\u500b\u793e\u6050\u4ed4",
            "likeCount": 0
        },
        {
            "reply_id": "UgxuEV_3EiBD_y289cB4AaABAg",
            "reply_content": "\u904e\u6c23\u7684\u4eba\u624d\u6703\u505a\u7684\u984c\u76ee",
            "likeCount": 2
        },
        {
            "reply_id": "Ugzk42wWcsB4o1tUped4AaABAg",
            "reply_content": "\u521d\u4f60\u5abd\u5566\u8d85\u597d\u7b11",
            "likeCount": 1
        },
        {
            "reply_id": "UgwoJnB0l2RiZNXtCT94AaABAg",
            "reply_content": "\u5f9e\u570b\u4e2d\u958b\u59cb\u770b\u6d0b\u8525\u7684\uff0c\u90a3\u6642\u5019\u8981\u6e96\u5099\u8003\u6703\u8003\u6240\u4ee5\u5c0d\u6d0b\u8525\u7684\u570b\u4e2d\u57fa\u6e2c\u7bc7\u771f\u7684\u5f88\u6709\u5171\u9cf4",
            "likeCount": 0
        },
        {
            "reply_id": "UgyyWtquBWbnoFNhFod4AaABAg",
            "reply_content": "\u6211\u5c31\u554f\u7db2\u7403\u738b\u5b50\u7e8c\u96c6\u8981\u4e0d\u8981\u51fa",
            "likeCount": 0
        },
        {
            "reply_id": "UgwS0BPoM2zODH0Mdf54AaABAg",
            "reply_content": "\u4f60\u8f9b\u82e6\u4e86",
            "likeCount": 0
        },
        {
            "reply_id": "Ugzvd3OVB_pOzJMmpNR4AaABAg",
            "reply_content": "\u8b9a",
            "likeCount": 0
        },
        {
            "reply_id": "UgzE8BW2vwm6GNMXPUZ4AaABAg",
            "reply_content": "\u9177\u70ab\u52a0\u6cb9",
            "likeCount": 0
        },
        {
            "reply_id": "Ugye2KHBlRPoCKDC61J4AaABAg",
            "reply_content": "\u6211\u5efa\u8b70\u6d0b\u8525\u80fd\u591a\u591a\u627e\u4e00\u4e9b\u80fd\u4e00\u500b\u4eba\u53c3\u8207\u7684\u4f11\u9591\u6d3b\u52d5\u4e4b\u985e\u7684\uff0c\u6bd4\u5982\u722c\u5c71",
            "likeCount": 0
        },
        {
            "reply_id": "UgwRWb14odhrXIR-_ZV4AaABAg",
            "reply_content": "\u6536\u96c6\u5176\u4ed6\u4eba\u7684\u6545\u4e8b\u5728\u5305\u88dd\u4e00\u4e0b\u6709\u8da3\u7684\u5c31\u597d",
            "likeCount": 0
        }
    ]
}