{
    "video_info": {
        "id": "6mxXMh2MTi8",
        "channelTitle": "Onion Man",
        "title": "Onion Man | 80\u5e74\u4ee3\u5c0f\u5b69\u5fc5\u73a9\u7684\u570b\u6c11\u7d1a\u61f7\u820a\u904a\u6232\uff01\u8d85\u8650\uff01\u6d0b\u8525\u7ae5\u5e74\u56de\u61b6\u7bc7",
        "description": "\u5927\u5bb6\u4e00\u5b9a\u90fd\u73a9\u904e\u7684\u7ae5\u5e74\u8d85\u96e3\u624b\u904a\n\n\u300aLUNA\uff1a\u6c38\u6046\u6708\u4e4b\u570b\u300b\u570b\u6c11\u7d1aIP\u5f37\u5f37\u806f\u624b\uff01\u6d0b\u8525\u9996\u6b21\u8de8\u754c\u806f\u52d5\n\u7531\u6d0b\u8525\u89aa\u81ea\u8a2d\u8a08\uff0c\u6d0b\u8525\u89d2\u8272\u5011\u625b\u8f4e\u7684\u7368\u5bb6\u5c08\u5c6c\u5750\u9a0e\u300c\u72e0\u89d2\u8272\u738b\u5ea7\u300d\u8d85\u8de9\u767b\u5834\uff01\n\n\u73fe\u5728\u53c3\u52a0\u4e8b\u524d\u9810\u7d04\u7db2\u9801\u6d3b\u52d5\uff0c\u5c31\u53ef\u4ee5\u514d\u8cbb\u7372\u5f97\u6d0b\u8525\u806f\u540d\u5750\u9a0e\u5594\uff01\n\u9084\u6709 PlayStation 5\u3001IPad Air\u3001Macbook\u3001iPhone 14 Pro\u3001PlayStation VR2 \u5927\u734e\u7b49\u4f60\u62bd\n\u5546\u5e97\u9810\u8a02\u9084\u53ef\u4ee5\u7372\u5f97\u7d93\u5178\u3010\u9ec3\u8272\u5c0f\u96de\u3011\u6642\u88dd\n\n\ud83d\udc49\u7acb\u5373\u9810\u7d04\uff1ahttps://lunamooncountry.onelink.me/vqzw/c1ypl6bt\n\n\n \u52a0\u5165\u5b98\u65b9\u7c89\u7d72\u5c08\u9801: https://www.facebook.com/lunamooncnt/\n  \u99ac\u4e0a\u52a0\u5165\u793e\u5718\uff1ahttps://www.facebook.com/groups/lunamooncnt\n  Discord\u5b98\u65b9\u7fa4\uff1ahttps://discord.gg/jxtvCCgVRZ\n\n\n\u3010\u8a02\u95b1\u3011\u53ca\u89c0\u770b\u6d0b\u8525\u66f4\u591a\u5f71\u7247: https://goo.gl/ijP3Eb\n\n\u5de5\u4f5c\u5408\u4f5c\uff1aonionmanwork@gmail.com\nOnion Man \u767e\u842c\u8ffd\u8e64\u7c89\u7d72\u5718:goo.gl/Z5CSvw\n\n\u6700\u65b0\u963f\u6587\u8cbc\u5716:https://reurl.cc/GxYjA\n\n\u7b2c\u4e00\u4ee3\u963f\u6587line\u8cbc\u5716:https://reurl.cc/Wroxx\n\n\u6d0b\u8525\u79c1\u751f\u6d3bIG:https://www.instagram.com/onionman__/\n\n\n\u904b\u52d5\u6f2b\u756b\u88e1\u7684\u4e2d\u4e8c\u8001\u6897\u5287\u60c5\n\u25ba\u7b2c\u4e00\u96c6:https://youtu.be/cMoV1rPH35k\n\u25ba\u7b2c\u4e8c\u96c6:https://youtu.be/iW7LM00lny0\n\u25ba\u7b2c\u4e09\u96c6:https://youtu.be/2G5wu61uCM0\n\u25ba\u7b2c\u56db\u96c6:https://youtu.be/-rP1abYv8n4\n\nOnion Man \u95dc\u9375\u5b57:\n\u4e2d\u4e8c \u80a5\u5b85 \u55ae\u8eab\u6f22 \u55ae\u8eab \u9b6f\u86c7 \u5c4c\u7d72 \u80a5\u5b85",
        "likeCount": "5387",
        "commentCount": "523",
        "viewCount": "357487"
    },
    "comments": [
        {
            "reply_id": "UgypAOYbDS80HMTpA8B4AaABAg",
            "reply_content": "\u9019\u662f\u6d0b\u8525\u7684\u7b2c\u4e00\u6b21\u806f\u52d5\u55ce\uff1f\u5e0c\u671b\u4e4b\u5f8c\u9084\u6709\u806f\u52d5\u5225\u7684\u904a\u6232",
            "likeCount": 1
        },
        {
            "reply_id": "UgzaZ4tMswIDWw-BC414AaABAg",
            "reply_content": "\u9b42\u6597\u7f85\u570b\u5c0f\u5c31\u53ef\u4ee5\u7834\u95dc\u554a",
            "likeCount": 0
        },
        {
            "reply_id": "UgwtUek0FrWLZInCpNF4AaABAg",
            "reply_content": "\u6709\u6975\u7a7a\u7684\u611f\u89ba",
            "likeCount": 0
        },
        {
            "reply_id": "UgwdJ91XMn0KqDbjLxp4AaABAg",
            "reply_content": "\u5c0f\u670b\u53cb\u9f4a\u6253\u4ea4\u4e5f\u8d85\u8b9a",
            "likeCount": 0
        },
        {
            "reply_id": "UgycK6RHCDyVISnWm7V4AaABAg",
            "reply_content": "\u5c45\u7136\u6c92\u6709\u8d8a\u5357\u5927\u6230",
            "likeCount": 0
        },
        {
            "reply_id": "Ugw4fnje_Z4uXpaLkL54AaABAg",
            "reply_content": "\u6211\u73fe\u5728\u624d\u77e5\u9053\u8e29\u70cf\u9f9c\u53ef\u4ee5\u52a0\u547d",
            "likeCount": 0
        },
        {
            "reply_id": "UgwWIqwo0eqoXrztNVN4AaABAg",
            "reply_content": "\u5c45\u7136\u6c92\u6709\u9b54\u754c\u6751",
            "likeCount": 0
        },
        {
            "reply_id": "UgwsQuRAKhJ6huR86rJ4AaABAg",
            "reply_content": "\u6469\u767b\u539f\u59cb\u4eba",
            "likeCount": 0
        },
        {
            "reply_id": "Ugx5R17wp4j4VKlPvSF4AaABAg",
            "reply_content": "\u9b42\u9b25\u7f85\u8d85\u6ca1\u96be\u5ea6\u7684\u561b",
            "likeCount": 0
        },
        {
            "reply_id": "UgwEFrMeGSdYfbJVjvt4AaABAg",
            "reply_content": "\u96ea\u4eba\u5144\u5f1f\u6211\u9084\u61f7\u5ff5\u8457",
            "likeCount": 0
        },
        {
            "reply_id": "UgxegpdnWIzcU5JAkk94AaABAg",
            "reply_content": "\u72e0\u89d2\u8272",
            "likeCount": 0
        },
        {
            "reply_id": "Ugw4xYIe809pa-4NE7F4AaABAg",
            "reply_content": "\u8525\u54e5\u6211\u6709\u9810\u7d04\u70ba\u5565\u6211\u6c92\u6709\u6d0b\u8525\u62ac\u8f4e",
            "likeCount": 0
        },
        {
            "reply_id": "UgyUfTtE3q1Sf0TRHWV4AaABAg",
            "reply_content": "\u6bcf\u6b21\u90fd\u73a9\u5230\u4e00\u534a\u88ab\u6211\u5abd\u6536\u6389",
            "likeCount": 0
        },
        {
            "reply_id": "Ugw5bgP-7w9reaxpP7t4AaABAg",
            "reply_content": "\u8e22\u5230\u7dda\u8d85\u771f\u5be6\u7684",
            "likeCount": 0
        },
        {
            "reply_id": "Ugw97kP1YKaRHRMyCpx4AaABAg",
            "reply_content": "\u71b1\u8840\u8eb2\u907f\u7403\u554a\u554a\u554a\u554a",
            "likeCount": 0
        },
        {
            "reply_id": "UgzGaObZ2vf3SPGhzhx4AaABAg",
            "reply_content": "\u6709\u904a\u6232\u62cd\u51fa\u96fb\u5f71\u597d\u770b\u4e86",
            "likeCount": 0
        },
        {
            "reply_id": "UgyKvusx__EII_XwaIt4AaABAg",
            "reply_content": "\u5982\u679c\u8981\u696d\u914d\u7dda\u4e0a\u904a\u6232\u524d\u9762\u7528\u7dda\u4e0a\u904a\u6232\u6bd4\u8f03\u9069\u5408\uff0c\u800c\u975e\u5bb6\u7528\u4e3b\u6a5f\u904a\u6232",
            "likeCount": 0
        },
        {
            "reply_id": "UgwigtdRVn-VSFdQFsp4AaABAg",
            "reply_content": "\u6708\u4e4b\u570b\u662f\u624b\u6a5f\u904a\u6232\u55ce",
            "likeCount": 0
        },
        {
            "reply_id": "UgzioBgApf3SB9FR8WB4AaABAg",
            "reply_content": "\u6211\u6bd4\u8f03\u559c\u6b61\u71b1\u8840\u9ad8\u6821\u8eb2\u907f\u7403",
            "likeCount": 0
        },
        {
            "reply_id": "UgwFGx7WRsZZOjakCSh4AaABAg",
            "reply_content": "\u7121\u60c5\u696d\u914d",
            "likeCount": 0
        },
        {
            "reply_id": "UgwCAoWapyIo2czsBrl4AaABAg",
            "reply_content": "\u6d0b\u8525\u5c0f\u6211\u90a3\u9ebc\u591a\u600e\u9ebc\u6211\u5011\u7684\u7d93\u5178\u904a\u6232\u662f\u4e00\u6a23\u7684\ud83d\ude2e",
            "likeCount": 0
        },
        {
            "reply_id": "UgxE41qYvvEzRv9dw7V4AaABAg",
            "reply_content": "\u50cf\u7d20\u904a\u6232\u662f\u4e0a\u4e16\u7d00\u516b\u5341\u5e74\u4ee3\u7684\u904a\u6232\u88fd\u4f5c\u8005\u5011\u7d66\u4e16\u754c\u6700\u5049\u5927\u7684\u611b!",
            "likeCount": 1
        },
        {
            "reply_id": "UgyKDnvjHV-hkLQ30eZ4AaABAg",
            "reply_content": "\u597d\u61f7\u5ff5\u7121\u6182\u7121\u616e\u7684\u6642\u5149",
            "likeCount": 0
        },
        {
            "reply_id": "Ugy54aEM5COnirQ4U9Z4AaABAg",
            "reply_content": "\u5f88\u6709\u5171\u9cf4",
            "likeCount": 0
        },
        {
            "reply_id": "UgxPFyElCe-wBbx_rMR4AaABAg",
            "reply_content": "\u6eff\u6eff\u7684\u56de\u61b6",
            "likeCount": 0
        }
    ]
}