{
    "video_info": {
        "id": "6NalHbxb0Yw",
        "channelTitle": "Onion Man",
        "title": "Onion Man | \u8207\u5973\u6b4c\u624b\u5408\u5531\u521d\u9ad4\u9a57\uff01\u908a\u5531\u908a\u6688\uff01 | \u56de\u5230\u6700\u521d\u611b\u4e0a\u4f60 \u9304\u97f3\u5e55\u5f8c\u82b1\u7d6e  @chenyo_official",
        "description": "\u4ee5\u60a0\u662f\u500b\u72e0\u89d2\u8272\n\nKKBOX\uff1a\nhttps://www.kkbox.com/tw/tc/song/9_BNIv0eL75jIjp-Tb\n\ud83c\udfa7\u5404\u5927\u6578\u4f4d\u5e73\u53f0\u6536\u807d\uff1a\nhttps://ONIONMAN.lnk.to/LFTD\n\n\u3010\u8a02\u95b1\u3011\u53ca\u89c0\u770b\u6d0b\u8525\u66f4\u591a\u5f71\u7247: https://goo.gl/ijP3Eb\n\n\u5de5\u4f5c\u5408\u4f5c\uff1aonionmanwork@gmail.com\nOnion Man \u767e\u842c\u8ffd\u8e64\u7c89\u7d72\u5718:goo.gl/Z5CSvw\n\n\u6700\u65b0\u963f\u6587\u8cbc\u5716:https://reurl.cc/GxYjA\n\n\u7b2c\u4e00\u4ee3\u963f\u6587line\u8cbc\u5716:https://reurl.cc/Wroxx\n\n\u6d0b\u8525\u79c1\u751f\u6d3bIG:https://www.instagram.com/onionman__/\n\n\n\u904b\u52d5\u6f2b\u756b\u88e1\u7684\u4e2d\u4e8c\u8001\u6897\u5287\u60c5\n\u25ba\u7b2c\u4e00\u96c6:https://youtu.be/cMoV1rPH35k\n\u25ba\u7b2c\u4e8c\u96c6:https://youtu.be/iW7LM00lny0\n\u25ba\u7b2c\u4e09\u96c6:https://youtu.be/2G5wu61uCM0\n\u25ba\u7b2c\u56db\u96c6:https://youtu.be/-rP1abYv8n4\n\nOnion Man \u95dc\u9375\u5b57:\n\u4e2d\u4e8c \u80a5\u5b85 \u55ae\u8eab\u6f22 \u55ae\u8eab \u9b6f\u86c7 \u5c4c\u7d72 \u80a5\u5b85",
        "likeCount": "2643",
        "commentCount": "112",
        "viewCount": "156816"
    },
    "comments": [
        {
            "reply_id": "Ugwc7lmTjXJaPIU1yDt4AaABAg",
            "reply_content": "\u6d0b\u8525\u5531\u6b4c\u771f\u7684\u8d8a\u4f86\u8d8a\u597d\u807d\n\u5c24\u5176\u662f\u5594\u55da\u55da\u55da\u90a3\u6bb5\u8d85\u7d1a\u8b9a",
            "likeCount": 13
        },
        {
            "reply_id": "UgyI52lP9Hh_qGU4JdJ4AaABAg",
            "reply_content": "\u7d42\u65bc\u770b\u5230\u8525\u54e5\u771f\u9762\u76ee",
            "likeCount": 12
        },
        {
            "reply_id": "UgyTir3q0OsaJNXRWAZ4AaABAg",
            "reply_content": "\u6211\u8d85\u611b\u770b\u6d0b\u8525\u4ee5\u524d\u7684\u5f71\u7247\u6b38\uff0c\u90a3\u500b\u8f15\u8f15\u628a\u4f60\u4e5f\u5c0d\u6298\u8d85\u597d\u7b11",
            "likeCount": 8
        },
        {
            "reply_id": "UgzQzUhr_FQSduqzDLB4AaABAg",
            "reply_content": "\u6211\u770b\u904e\u6d0b\u8525\u5f88\u591a\u6b21\u771f\u9762\u76ee\u4e86",
            "likeCount": 8
        },
        {
            "reply_id": "UgywTHA_1hT3VqyKFDp4AaABAg",
            "reply_content": "\u6d0b\u8525\u5176\u5be6\u5f88\u5e25\u5440",
            "likeCount": 3
        },
        {
            "reply_id": "Ugzc_H7Jkp0x6ejTqR14AaABAg",
            "reply_content": "\u559c\u6b61",
            "likeCount": 3
        },
        {
            "reply_id": "UgwwxKi7MfO6JW_ogvF4AaABAg",
            "reply_content": "\u4ee5\u60a0\u597d\u6b63\u5594",
            "likeCount": 2
        },
        {
            "reply_id": "Ugwo6IM9aknO0paIYUt4AaABAg",
            "reply_content": "\u8525\u54e5\u5531\u7684\u771f\u7684\u5f88\u597d",
            "likeCount": 2
        },
        {
            "reply_id": "Ugxe1cY18_ABsnXiXAp4AaABAg",
            "reply_content": "\u4ee5\u60a0\u597d\u6b63",
            "likeCount": 2
        },
        {
            "reply_id": "UgzZjWnemLDAvvo3lYZ4AaABAg",
            "reply_content": "\u4ee5\u60a0\u5b63\u5df4\u6b63",
            "likeCount": 1
        },
        {
            "reply_id": "UgweF35vlEAUsQ6sTUl4AaABAg",
            "reply_content": "\u8a72\u9732\u81c9\u4e86\u5427",
            "likeCount": 1
        },
        {
            "reply_id": "Ugz4NhTKgFopOaKOt714AaABAg",
            "reply_content": "\u6d0b\u8525\u597d\u5c4c",
            "likeCount": 1
        },
        {
            "reply_id": "UgxCct-34oqi_bbafch4AaABAg",
            "reply_content": "\u5531\u7684\u4e0d\u932f",
            "likeCount": 0
        },
        {
            "reply_id": "Ugz1qAot4WFFqPekQ6V4AaABAg",
            "reply_content": "\u592a\u795e\u5566",
            "likeCount": 0
        },
        {
            "reply_id": "Ugy8rb3gXSVqdvYXK0R4AaABAg",
            "reply_content": "\u5dee\u9ede\u4ee5\u70ba\u5468\u6770\u502b\u5728\u5e6b\u5fd9\u88fd\u4f5c",
            "likeCount": 0
        },
        {
            "reply_id": "Ugw-SKyZ3svhE-Ulvuh4AaABAg",
            "reply_content": "\u60f3\u807d\u721b\u547d\u4e00\u689d",
            "likeCount": 0
        },
        {
            "reply_id": "UgwhAVl04H3UCg4iT0p4AaABAg",
            "reply_content": "\u4e3a\u4ec0\u4e48\u997c\u5e72\u90a3\u6bb5\u7a81\u7136\u513f\u5316\u97f3\u54c8\u54c8",
            "likeCount": 0
        },
        {
            "reply_id": "Ugy9nG4QPsqh8hISM7p4AaABAg",
            "reply_content": "\u6d0b\u8471\u7231\u4f60\u54e6",
            "likeCount": 0
        },
        {
            "reply_id": "Ugy4quun0algnJfPM0R4AaABAg",
            "reply_content": "\u4f86\u5831\u5230\u4e86",
            "likeCount": 0
        },
        {
            "reply_id": "UgxZ-on7f-2pvgWHeM94AaABAg",
            "reply_content": "\u6211\u4ee5\u70ba\u6703\u662f\u721b\u547d\u4e00\u689d",
            "likeCount": 0
        }
    ]
}