{
    "video_info": {
        "id": "6pyEltBlhPc",
        "channelTitle": "Onion Man",
        "title": "Onion Man | \u87d1\u8782\u5730\u7344 ! \u5bf8\u6b65\u96e3\u884c ! | \u8718\u86db\u4eba:\u6d88\u6bd2\u65e5",
        "description": "hello larry\n\n\u914d\u6a02\u51fa\u8655:\nhttps://www.youtube.com/watch?v=OFwP9dr6zbM&ab_channel=SamuelKimMusic\n\n\u3010\u8a02\u95b1\u3011\u53ca\u89c0\u770b\u6d0b\u8525\u66f4\u591a\u5f71\u7247: https://goo.gl/ijP3Eb\n\n\u5de5\u4f5c\u5408\u4f5c\uff1aonionmanwork@gmail.com\nOnion Man \u767e\u842c\u8ffd\u8e64\u7c89\u7d72\u5718:goo.gl/Z5CSvw\n\n\u6700\u65b0\u963f\u6587\u8cbc\u5716:https://reurl.cc/GxYjA\n\n\u7b2c\u4e00\u4ee3\u963f\u6587line\u8cbc\u5716:https://reurl.cc/Wroxx\n\n\u6d0b\u8525\u79c1\u751f\u6d3bIG:https://www.instagram.com/onionman__/\n\n\n\u904b\u52d5\u6f2b\u756b\u88e1\u7684\u4e2d\u4e8c\u8001\u6897\u5287\u60c5\n\u25ba\u7b2c\u4e00\u96c6:https://youtu.be/cMoV1rPH35k\n\u25ba\u7b2c\u4e8c\u96c6:https://youtu.be/iW7LM00lny0\n\u25ba\u7b2c\u4e09\u96c6:https://youtu.be/2G5wu61uCM0\n\u25ba\u7b2c\u56db\u96c6:https://youtu.be/-rP1abYv8n4\n\nOnion Man \u95dc\u9375\u5b57:\n\u4e2d\u4e8c \u80a5\u5b85 \u55ae\u8eab\u6f22 \u55ae\u8eab \u9b6f\u86c7 \u5c4c\u7d72 \u80a5\u5b85",
        "likeCount": "16085",
        "commentCount": "2350",
        "viewCount": "547256"
    },
    "comments": [
        {
            "reply_id": "UgxsBf1p8BO4mQtPdiN4AaABAg",
            "reply_content": "\u6211\u5f88\u63a8\u85a6\u4f60\u770b\u4e00\u90e8\u96fb\u5f71\u53eb\u706b\u661f\u7570\u7a2e\u54ea\u4e00\u90e8\u7247\u975e\u5e38\u9069\u5408\u4f60\ud83e\udd23",
            "likeCount": 1
        },
        {
            "reply_id": "UgyaGJ5C7sPE0IXxhTx4AaABAg",
            "reply_content": "\u771f\u905c",
            "likeCount": 1
        },
        {
            "reply_id": "Ugz8fgXptLhYwTBxBkl4AaABAg",
            "reply_content": "\u6211\u6709\u770b\u8ce4\u5bf6\u8996\u89d2",
            "likeCount": 1
        },
        {
            "reply_id": "UgzjeGObDki63ayKUMN4AaABAg",
            "reply_content": "\u96d6\u7136\u4e0d\u6015\u87d1\u8782\u4f46\u9084\u662f\u597d\u5947\u600e\u9ebc\u90a3\u9ebc\u591a\u87d1\u8782",
            "likeCount": 1
        },
        {
            "reply_id": "UgxluDBOnl2F-N3dOzd4AaABAg",
            "reply_content": "\u8a31\u4f2f\u597d\u53ef\u6190",
            "likeCount": 0
        },
        {
            "reply_id": "UgzPaljDAl50-VDz1Vh4AaABAg",
            "reply_content": "\u54c8\u54c8\u54c8\u54c8\u54c8",
            "likeCount": 0
        },
        {
            "reply_id": "UgztStq8JOSvPU3sqth4AaABAg",
            "reply_content": "\u6211\u4e5f\u8d85\u6015\u87d1\u8782\u6709\u4e00\u6b21\u76f4\u63a5\u5687\u5230\u649e\u5230\u540c\u5b78",
            "likeCount": 0
        },
        {
            "reply_id": "UgxFlWcmmc8YidKF6UN4AaABAg",
            "reply_content": "\u6211\u6709\u770b\u8a31\u67cf\u9084\u6709\u963f\u6ef4",
            "likeCount": 0
        },
        {
            "reply_id": "UgwdAFGHALfj6Hkk43R4AaABAg",
            "reply_content": "\u8a31\u4f2f\u4e0d\u6127\u662f\u72e0\u89d2\u8272",
            "likeCount": 0
        },
        {
            "reply_id": "UgylimJAtd9oh-doT0h4AaABAg",
            "reply_content": "\u7f8e\u6d32\u5927\u880a",
            "likeCount": 0
        },
        {
            "reply_id": "UgwX1ORspmTQ6Cm-3cV4AaABAg",
            "reply_content": "\u8a31\u4f2f\u771f\u53ef\u9760",
            "likeCount": 0
        },
        {
            "reply_id": "UgyAqKCEOI1988AgA_Z4AaABAg",
            "reply_content": "\u5b8c\u5168\u4e00\u6a23\u75c7\u72c0",
            "likeCount": 0
        },
        {
            "reply_id": "UgygYwfxlmzyMxN2KL14AaABAg",
            "reply_content": "\u9760\u597d\u591a\u5c0f\u5f37\u5687\u6b7b\u4e86",
            "likeCount": 0
        },
        {
            "reply_id": "UgyQZzXuCZ6rN6nqmkZ4AaABAg",
            "reply_content": "\u54c8\u54c8\u54c8\u54c8\u54c8\u54c8\u54c8\u54c8\u54c8\u54c8\u54c8\u54c8\u54c8",
            "likeCount": 0
        },
        {
            "reply_id": "UgwoAInaPo2_u5ikkAF4AaABAg",
            "reply_content": "\u6211\u4e5f\u60f3\u8ddf\u6d0b\u8525\u5408\u7167",
            "likeCount": 0
        },
        {
            "reply_id": "Ugzhk46gHmhcAB0HPR94AaABAg",
            "reply_content": "\u7b11\u6b7b",
            "likeCount": 0
        },
        {
            "reply_id": "UgxV4pPdJ5K4OMc_rJ94AaABAg",
            "reply_content": "\u53ef\u662f\u4f60\u8ddf\u4ed6\u62cd\u7167\u9019\u6a23\u4f60\u4e0d\u5c31\u9732\u81c9\u4e86",
            "likeCount": 0
        },
        {
            "reply_id": "UgwgBiPsngpa55K9aGV4AaABAg",
            "reply_content": "\u6d88\u6bd2\u65e5\u6839\u672c\u5730\u7344",
            "likeCount": 0
        },
        {
            "reply_id": "UgySNxb77pz5Dk5-gv94AaABAg",
            "reply_content": "\u4f60\u61c9\u8a72\u8981\u7e7c\u7e8c\u6ed1\u624b\u6a5f",
            "likeCount": 0
        },
        {
            "reply_id": "UgxRlwvz7qVlFu9MQIF4AaABAg",
            "reply_content": "\u592a\u7121\u60c5\u4e86",
            "likeCount": 0
        },
        {
            "reply_id": "Ugy7rSmIMvFMTp-zQTB4AaABAg",
            "reply_content": "\u62bd",
            "likeCount": 0
        },
        {
            "reply_id": "Ugzo7Ovm8G4XJUvmlgt4AaABAg",
            "reply_content": "\u592a\u53ef\u611b\u4e86\u5427",
            "likeCount": 0
        },
        {
            "reply_id": "Ugx62erHnAebW1EZ2nZ4AaABAg",
            "reply_content": "\u88ab\u5687\u5230\u963f\u6587\u7684\u8072\u97f3\u90fd\u51fa\u4f86\u4e86",
            "likeCount": 0
        },
        {
            "reply_id": "UgzskydH6KL7U4xTWzJ4AaABAg",
            "reply_content": "\u4eba\u5bb6\u662f\u8b8a\u8718\u86db\u4eba\u963f\u4f60\u662f\u5728\u90a3\u908a\u5b9a\u683c",
            "likeCount": 1
        },
        {
            "reply_id": "UgziNvD8q7VWNXQSjEB4AaABAg",
            "reply_content": "\u597d\u597d\u7b11\u5728\u9019\u9ebc\u7dca\u5f35\u7684\u6642\u523b\u9084\u88ab\u7c89\u7d72\u6514\u4e0b\u4f86",
            "likeCount": 1
        }
    ]
}