{
    "video_info": {
        "id": "6tDgs7VSPKI",
        "channelTitle": "Onion Man",
        "title": "Onion Man | \u8ce3\u98f2\u6599\u4e00\u500b\u6708\u5927\u6982~\u53ef\u4ee5\u8cfa\u591a\u5c11?  \u662f\u4e0d\u662f\u8d85\u7d1a\u66b4\u5229? 100\u500b\u624b\u6416\u5e97\u7955\u5bc6\u5927\u516c\u958b  ft. @crowndu  @rayduenglish  \u518d\u77615\u5206\u9418",
        "description": "\u98f2\u6599\u5e97\u5230\u5e95\u597d\u4e0d\u597d\u8cfa\uff0c\u8981\u6e96\u5099\u591a\u5c11\u9322\u624d\u80fd\u958b\u5e97?  \n\u5404\u7a2e\u4e0d\u5ba2\u6c23\u7684\u554f\u984c\u4e00\u6b21\u554f\u6e05!!!!\n\n\u300e\u6d0b\u8525 X \u518d\u77615\u5206\u9418\u300f\u6700\u7642\u7652\u7684\u611b\u60c5\u904a\u6a02\u5834\u958b\u653e\u5165\u5712\u56c9\uff01\u4e0d\u50c5\u5728\u9580\u5e02\u6709\u671f\u9593\u9650\u5b9a\u7684\u98f2\u54c1\uff0c\u9031\u908a\u5546\u54c1\u4e5f\u6b63\u5728\u71b1\u8ce3\u4e2d\u54e6\uff01\u5165\u5712\u524d\uff0c\u8a18\u5f97\u5e36\u8457\u4f60\u7684\u9152\u7cbe\u5674\u74f6\uff0c\u96a8\u6642\u5c07\u624b\u6d88\u6bd2\u4e7e\u6de8\uff0c\u624d\u80fd\u548c\u5fc3\u5100\u7684\u5c0d\u8c61\u727d\u624b\u54e6\ud83d\ude06\n\n\u73fe\u5728\u5c31\u53bb\u4e0b\u55ae - https://bit.ly/3cpd0ef\n\n\u3010\u8a02\u95b1\u3011\u53ca\u89c0\u770b\u6d0b\u8525\u66f4\u591a\u5f71\u7247: https://goo.gl/ijP3Eb\n\n\u5de5\u4f5c\u5408\u4f5c\uff1aonionmanwork@gmail.com\nOnion Man \u767e\u842c\u8ffd\u8e64\u7c89\u7d72\u5718:goo.gl/Z5CSvw\n\n\u6700\u65b0\u963f\u6587\u8cbc\u5716:https://reurl.cc/GxYjA\n\n\u7b2c\u4e00\u4ee3\u963f\u6587line\u8cbc\u5716:https://reurl.cc/Wroxx\n\n\u6d0b\u8525\u79c1\u751f\u6d3bIG:https://www.instagram.com/onionman__/\n\n\n\u904b\u52d5\u6f2b\u756b\u88e1\u7684\u4e2d\u4e8c\u8001\u6897\u5287\u60c5\n\u25ba\u7b2c\u4e00\u96c6:https://youtu.be/cMoV1rPH35k\n\u25ba\u7b2c\u4e8c\u96c6:https://youtu.be/iW7LM00lny0\n\u25ba\u7b2c\u4e09\u96c6:https://youtu.be/2G5wu61uCM0\n\u25ba\u7b2c\u56db\u96c6:https://youtu.be/-rP1abYv8n4\n\nOnion Man \u95dc\u9375\u5b57:\n\u4e2d\u4e8c \u80a5\u5b85 \u55ae\u8eab\u6f22 \u55ae\u8eab \u9b6f\u86c7 \u5c4c\u7d72 \u80a5\u5b85",
        "likeCount": "17886",
        "commentCount": "1810",
        "viewCount": "774126"
    },
    "comments": [
        {
            "reply_id": "Ugzq3NQLixIMZFUhj0V4AaABAg",
            "reply_content": "\u96e3\u559d\u6b7b\u4e86",
            "likeCount": 0
        },
        {
            "reply_id": "UgyFYFpMUQGlgT3j-LN4AaABAg",
            "reply_content": "\u5171\u4f5c\u5229\u7387",
            "likeCount": 0
        },
        {
            "reply_id": "UgxJ6Nqs12GGIuAfveF4AaABAg",
            "reply_content": "\u4e0d\u8ce3",
            "likeCount": 0
        },
        {
            "reply_id": "UgywVll2AZ44P_zHyXp4AaABAg",
            "reply_content": "\u6210\u7acb",
            "likeCount": 0
        },
        {
            "reply_id": "UgxfG9_GhlihEFjcJXB4AaABAg",
            "reply_content": "\u6263\u6210\u672c",
            "likeCount": 0
        },
        {
            "reply_id": "UgyxyyyOsuX7guG9UDN4AaABAg",
            "reply_content": "\u9023\u9396",
            "likeCount": 0
        },
        {
            "reply_id": "Ugz_QjrMm1tR9zlDuOd4AaABAg",
            "reply_content": "\u6210\u6c11",
            "likeCount": 0
        },
        {
            "reply_id": "UgyQxANfQ4ntdd3askR4AaABAg",
            "reply_content": "\u5e02\u5834\u53ef\u4ee5",
            "likeCount": 0
        },
        {
            "reply_id": "Ugwr2ZMFZqZGNUNCfHd4AaABAg",
            "reply_content": "\u6210\u672c\u5927\u65bc\u7372\u5229",
            "likeCount": 0
        },
        {
            "reply_id": "Ugw_IlSVn8lbZfSYTkp4AaABAg",
            "reply_content": "\u52a0\u73cd\u73e0\u6536\u9322",
            "likeCount": 0
        },
        {
            "reply_id": "UgyH_ZPna9hrCHoL_d54AaABAg",
            "reply_content": "\u6210\u672c\u4e0d\u8cb4",
            "likeCount": 0
        },
        {
            "reply_id": "UgwppZzXkjkI2zNQ0zl4AaABAg",
            "reply_content": "\u6210\u672c",
            "likeCount": 0
        },
        {
            "reply_id": "UgykqIdj64DUoZo-Pl54AaABAg",
            "reply_content": "\u8cb7",
            "likeCount": 0
        },
        {
            "reply_id": "Ugy-ARrrslfRcX2qeX54AaABAg",
            "reply_content": "\u81ea",
            "likeCount": 0
        },
        {
            "reply_id": "UgyYP0IUFyAzwL8hVd94AaABAg",
            "reply_content": "\u770b",
            "likeCount": 0
        },
        {
            "reply_id": "UgxLgPBkfL8OVy2TZOB4AaABAg",
            "reply_content": "\u8ce3\u592a",
            "likeCount": 0
        },
        {
            "reply_id": "Ugx1-XElzBA4_0-g8kZ4AaABAg",
            "reply_content": "\u8cb7\u7684",
            "likeCount": 0
        },
        {
            "reply_id": "UgwTRJJ-_Ou80qVHsgx4AaABAg",
            "reply_content": "\u53ea\u8981\u8a66\u8ce3",
            "likeCount": 0
        },
        {
            "reply_id": "Ugx-HPBVws8MghLIkKV4AaABAg",
            "reply_content": "\u8a66\u8ce3",
            "likeCount": 0
        },
        {
            "reply_id": "UgwsR0PcsT7Tp9SgZgZ4AaABAg",
            "reply_content": "\u559d\u4e86",
            "likeCount": 0
        },
        {
            "reply_id": "UgybSDzZ9kMHCzh_pkF4AaABAg",
            "reply_content": "\u5c08\u9580",
            "likeCount": 0
        },
        {
            "reply_id": "Ugz-jWfntAkMtNRLkOt4AaABAg",
            "reply_content": "\u81ea\u5df1\u8abf",
            "likeCount": 0
        },
        {
            "reply_id": "Ugx5uWwnLC0SOjbxsix4AaABAg",
            "reply_content": "\u5e97\u9762",
            "likeCount": 0
        },
        {
            "reply_id": "UgwkfKI9rrLql1L_ULt4AaABAg",
            "reply_content": "\u52a0\u6cb9",
            "likeCount": 0
        },
        {
            "reply_id": "UgzqyV1A3NDpAkZ4-Ph4AaABAg",
            "reply_content": "\u6210\u672c\u5f88\u4f4e",
            "likeCount": 0
        }
    ]
}