{
    "video_info": {
        "id": "7HPhdE1DOzY",
        "channelTitle": "Onion Man",
        "title": "Onion Man | \u6728\u66dc\u904b\u52d5\u6703\u7684\u4e09\u500b\u5929\u4f7f | 2021\u7b2c\u4e09\u5c46YARTIST\u5168\u660e\u661f\u904b\u52d5\u5927\u6703",
        "description": "\u908a\u7de3\u4eba \u6d0b\u8525\n\n\u3010\u8a02\u95b1\u3011\u53ca\u89c0\u770b\u6d0b\u8525\u66f4\u591a\u5f71\u7247: https://goo.gl/ijP3Eb\n\n\u5de5\u4f5c\u5408\u4f5c\uff1aonionmanwork@gmail.com\nOnion Man \u767e\u842c\u8ffd\u8e64\u7c89\u7d72\u5718:goo.gl/Z5CSvw\n\n\u6700\u65b0\u963f\u6587\u8cbc\u5716:https://reurl.cc/GxYjA\n\n\u7b2c\u4e00\u4ee3\u963f\u6587line\u8cbc\u5716:https://reurl.cc/Wroxx\n\n\u6d0b\u8525\u79c1\u751f\u6d3bIG:https://www.instagram.com/onionman__/\n\n\n\u904b\u52d5\u6f2b\u756b\u88e1\u7684\u4e2d\u4e8c\u8001\u6897\u5287\u60c5\n\u25ba\u7b2c\u4e00\u96c6:https://youtu.be/cMoV1rPH35k\n\u25ba\u7b2c\u4e8c\u96c6:https://youtu.be/iW7LM00lny0\n\u25ba\u7b2c\u4e09\u96c6:https://youtu.be/2G5wu61uCM0\n\u25ba\u7b2c\u56db\u96c6:https://youtu.be/-rP1abYv8n4\n\nOnion Man \u95dc\u9375\u5b57:\n\u4e2d\u4e8c \u80a5\u5b85 \u55ae\u8eab\u6f22 \u55ae\u8eab \u9b6f\u86c7 \u5c4c\u7d72 \u80a5\u5b85\n2021\u7b2c\u4e09\u5c46YARTIST\u5168\u660e\u661f\u904b\u52d5\u5927\u6703-\u7121\u8ad6\u8f38\u8d0f",
        "likeCount": "43050",
        "commentCount": "2370",
        "viewCount": "1072357"
    },
    "comments": [
        {
            "reply_id": "Ugyqw-Daau2bTM2xmu54AaABAg",
            "reply_content": "\u6d0b\u8525\u7684\u81c9\u597d\u50cf\u5728\u9019\u4e00\u96c6\u66dd\u5149\u4e86",
            "likeCount": 3
        },
        {
            "reply_id": "UgxywmFVRU4Dvm14uwl4AaABAg",
            "reply_content": "\u6d0b\u8525\u9732\u81c9\u4e86",
            "likeCount": 1
        },
        {
            "reply_id": "UgxwXexawyqeIM5813F4AaABAg",
            "reply_content": "\u770b\u5728\u773c\u91cc\u5c2c\u5728\u5fc3\u91cc\u5440",
            "likeCount": 1
        },
        {
            "reply_id": "UgyRoKpo4OT--AjooJV4AaABAg",
            "reply_content": "\u9019\u6d0b\u8525\u5145\u6eff\u6d0b\u8525",
            "likeCount": 0
        },
        {
            "reply_id": "Ugw4-sGDtcrMc2zbVOx4AaABAg",
            "reply_content": "\u52a9\u4e00\uff0c\u6211\u5011\u4e0d\u80fd\u5728\u4e00\u8d77\u7684\u6642\u5019\u5c31\u6703\u88ab\u4eba\u767c\u73fe\u4e36\u7159\u4ed4",
            "likeCount": 0
        },
        {
            "reply_id": "UgxHysClfslDwWuhRd94AaABAg",
            "reply_content": "\u9047\u5230\u597d\u4eba\u7684\u611f\u89ba\u5f88\u597d",
            "likeCount": 0
        },
        {
            "reply_id": "UgwmE_GiWBpFmHamFx14AaABAg",
            "reply_content": "\u6d0b\u8525\u6709\u9732\u81c9\u4e86\u672c\u4eba\u597d\u5e25",
            "likeCount": 0
        },
        {
            "reply_id": "UgzA73Lm1qFX5_6I8ex4AaABAg",
            "reply_content": "\u592a\u611f\u4eba\u60f9",
            "likeCount": 0
        },
        {
            "reply_id": "Ugx4eJjzoVIs97lTwZt4AaABAg",
            "reply_content": "\u6d0b\u8525\u5728\u904b\u52d5\u6703\u6709\u9732\u81c9",
            "likeCount": 0
        },
        {
            "reply_id": "Ugx0Ya0p5jENlQ1gnvR4AaABAg",
            "reply_content": "\u4f46\u662f\u4f60\u7684\u81c9\u88ab\u62cd\u5230\u4e86",
            "likeCount": 0
        },
        {
            "reply_id": "UgzFQewuCkVy-2HJoOx4AaABAg",
            "reply_content": "\u771f\u7684\u611f\u52d5\u634f",
            "likeCount": 0
        },
        {
            "reply_id": "Ugw_xuRuVvAB4gu_n_t4AaABAg",
            "reply_content": "\u684c\u5e03\u4f9d\u820a\u662f\u6b0a\u723a\u5462",
            "likeCount": 0
        },
        {
            "reply_id": "UgxYMmbX_zQhrYtkXaR4AaABAg",
            "reply_content": "\u7559\u8a00\u652f\u6301",
            "likeCount": 0
        },
        {
            "reply_id": "UgwKY3gSCCL1WclnqCp4AaABAg",
            "reply_content": "\u592a\u611f\u4eba\u4e86\u5427\u55da\u55da",
            "likeCount": 0
        },
        {
            "reply_id": "UgxCP5A_IoM0eaNhD_B4AaABAg",
            "reply_content": "\u6d0b\u8525\u662f\u4e0d\u662f\u5728\u904b\u52d5\u5927\u6703\u4e2d\u4e0d\u5c0f\u5fc3\u9732\u81c9\u4e86",
            "likeCount": 0
        },
        {
            "reply_id": "UgydIVhHbvN4Yakegn94AaABAg",
            "reply_content": "\u62bd",
            "likeCount": 0
        },
        {
            "reply_id": "UgwNiSaKckrrvAlBPvh4AaABAg",
            "reply_content": "\u70ba\u4ec0\u9ebc\u51fa\u73fe\u598d\u559c\u653b\u7565\u7684\u914d\u6a02",
            "likeCount": 0
        },
        {
            "reply_id": "Ugz3dacBP--k8YEjZEd4AaABAg",
            "reply_content": "\u4e0b\u500b\u6708\u5c31\u6703\u6536\u5230\u767c\u7968\u4e86",
            "likeCount": 0
        },
        {
            "reply_id": "UgyOsp__UDUGNYqoyXt4AaABAg",
            "reply_content": "\u6211\u4e5f\u9f3b\u9178\u662f\u600e\u6a23",
            "likeCount": 0
        },
        {
            "reply_id": "UgyfhRlr0D7mkaPbhnh4AaABAg",
            "reply_content": "\u6d0b\u8525\u6709\u958b\u904e\u5c0f\u7d05\u66f8\u55ce",
            "likeCount": 0
        },
        {
            "reply_id": "UgwAhi_mnI49KrTEWjZ4AaABAg",
            "reply_content": "\u5728\u4e00\u8d77\u5728\u4e00\u8d77",
            "likeCount": 0
        },
        {
            "reply_id": "UgzUkmCFN4uA844RbVp4AaABAg",
            "reply_content": "\u660e\u660e\u5f88\u6eab\u99a8\u611f\u52d5\u7684\u6545\u4e8b\u537b\u505a\u5f97\u5f88\u6709\u6897 \u54c8\u54c8\u54c8",
            "likeCount": 0
        },
        {
            "reply_id": "UgwKVeezvRKz7ckiTPl4AaABAg",
            "reply_content": "\u5168\u660e\u661f\u904b\u52d5\u6703\u9732\u81c9\u7684\u90e8\u5206\u662f\u6545\u610f\u7684\u55ce",
            "likeCount": 1
        },
        {
            "reply_id": "UgwR9rX8Cjrj3m7WM6V4AaABAg",
            "reply_content": "\u6e29\u99a8",
            "likeCount": 1
        },
        {
            "reply_id": "Ugydh8FLkwRcRvI9c_V4AaABAg",
            "reply_content": "\u597d\u6696",
            "likeCount": 0
        }
    ]
}