{
    "video_info": {
        "id": "7yTfLKc_-Ek",
        "channelTitle": "Onion Man",
        "title": "Onion Man | \u8981\u6210\u70ba\u66b4\u767c\u6236!!!  \u904b\u6c23\u7206\u68da\u7684\u7537\u4eba!!!",
        "description": "\u8981\u5584\u7528\u904b\u6c23 \u4e0d\u8981\u6d6a\u8cbb\u5728\u5783\u573e\u4e0a\u9762\n\n\u6d0b\u8525\u65b0\u7684line\u4e3b\u984c\uff0c\u53ea\u898130\u5143:\nhttps://store.line.me/themeshop/product/392b2eef-7fcd-42ba-8490-e2846dec51ea/zh-Hant\n\n\u3010\u8a02\u95b1\u3011\u53ca\u89c0\u770b\u6d0b\u8525\u66f4\u591a\u5f71\u7247: https://goo.gl/ijP3Eb\n\n\u5de5\u4f5c\u5408\u4f5c\uff1aonionmanwork@gmail.com\nOnion Man \u767e\u842c\u8ffd\u8e64\u7c89\u7d72\u5718:goo.gl/Z5CSvw\n\n\u6700\u65b0\u963f\u6587\u8cbc\u5716:https://reurl.cc/GxYjA\n\n\u7b2c\u4e00\u4ee3\u963f\u6587line\u8cbc\u5716:https://reurl.cc/Wroxx\n\n\u6d0b\u8525\u79c1\u751f\u6d3bIG:https://www.instagram.com/onionman__/\n\n\n\u904b\u52d5\u6f2b\u756b\u88e1\u7684\u4e2d\u4e8c\u8001\u6897\u5287\u60c5\n\u25ba\u7b2c\u4e00\u96c6:https://youtu.be/cMoV1rPH35k\n\u25ba\u7b2c\u4e8c\u96c6:https://youtu.be/iW7LM00lny0\n\u25ba\u7b2c\u4e09\u96c6:https://youtu.be/2G5wu61uCM0\n\u25ba\u7b2c\u56db\u96c6:https://youtu.be/-rP1abYv8n4\n\nOnion Man \u95dc\u9375\u5b57:\n\u4e2d\u4e8c \u80a5\u5b85 \u55ae\u8eab\u6f22 \u55ae\u8eab \u9b6f\u86c7 \u5c4c\u7d72 \u80a5\u5b85",
        "likeCount": "7291",
        "commentCount": "479",
        "viewCount": "328530"
    },
    "comments": [
        {
            "reply_id": "Ugz3Z8xMcfMTIR_nPzR4AaABAg",
            "reply_content": "\u72e0\u89d2\u8272\u6d0b\u8525",
            "likeCount": 1
        },
        {
            "reply_id": "Ugy0M4og4hYC8_f2xp94AaABAg",
            "reply_content": "\u4f60\u90fd\u5728\u5bb6\u5de5\u4f5c\u561b",
            "likeCount": 0
        },
        {
            "reply_id": "UgymPaXbZVHStlZgNjB4AaABAg",
            "reply_content": "\u9019\u5c31\u662f\u9738\u738b\u8272\u904b\u6c23\u554a",
            "likeCount": 0
        },
        {
            "reply_id": "UgwZjSwUmIS8k14tPI14AaABAg",
            "reply_content": "\u767c\u7968\u4e2d\u4e09\u5f35",
            "likeCount": 0
        },
        {
            "reply_id": "UgzkG1ScnslvvFnzy454AaABAg",
            "reply_content": "\u904b\u6c23\u7e3d\u662f\u5728\u4e0d\u6ce8\u610f\u7684\u6642\u5019\u51fa\u73fe",
            "likeCount": 0
        },
        {
            "reply_id": "Ugz0RPvLfput4sJxt_54AaABAg",
            "reply_content": "\u4e00\u6597\u7684\u6c60\u5b50\u7b2c\u4e00\u767c\u51fa\u4e00\u6597\uff0c\u842c\u8449\u7684\u6c60\u5b50\u5565\u5c41\u90fd\u6c92",
            "likeCount": 0
        },
        {
            "reply_id": "UgzW0RtuGjEwilmOktl4AaABAg",
            "reply_content": "\u6d0b\u8525\u6211\u731c\u4f60\u4e00\u5b9a\u770b\u904e\u4e00\u65e5\u5916\u51fa\u73ed\u9577\u77f3\u548c\u904b\u6c23\u7684\u90a3\u4e00\u96c6 \u9019\u96c6\u7d50\u5c3e\u4e0d\u540c \u4f46\u5176\u4ed6\u60c5\u7bc0\u5e7e\u4e4e\u4e00\u6a23\u6b38",
            "likeCount": 0
        },
        {
            "reply_id": "UgwHAorcXJF-3MxueCp4AaABAg",
            "reply_content": "\u8d85\u6b50\u904b\u6c23",
            "likeCount": 0
        },
        {
            "reply_id": "UgwBoNtbQB_FnHrhasx4AaABAg",
            "reply_content": "\u8fd9\u96c6\u5f88\u6709\u6d0b\u8471\u98ce\u683c",
            "likeCount": 0
        },
        {
            "reply_id": "Ugx8vlSeDpc-tnvV_-Z4AaABAg",
            "reply_content": "\u8acb\u554f\u6d0b\u8525\u7684\u75d4\u7621\u662f\u5982\u4f55\u6cbb\u7642\u7684",
            "likeCount": 0
        },
        {
            "reply_id": "Ugx3iPZ5NNuOpB-ZUYt4AaABAg",
            "reply_content": "\u90fd\u6c92\u78ba\u8a3a",
            "likeCount": 0
        },
        {
            "reply_id": "Ugw7Racy-mCSdscGEm94AaABAg",
            "reply_content": "\u96fb\u5f71\u9662\u65c1\u908a\u90fd\u6c92\u4eba",
            "likeCount": 0
        },
        {
            "reply_id": "UgytZJJfMd6O5EU9ab54AaABAg",
            "reply_content": "\u6211\u770b\u4f60\u6536\u85cf\u7684\u5f71\u7247\u70ba\u4ec0\u9ebc\u6c92\u6709\u6536\u85cf\u5a03\u5a03",
            "likeCount": 0
        },
        {
            "reply_id": "Ugzqin-IldCDTxo-iVt4AaABAg",
            "reply_content": "\u7b11\u6b7b",
            "likeCount": 0
        },
        {
            "reply_id": "UgwbylNq-TO8rEI_GGp4AaABAg",
            "reply_content": "\u6d0b\u8525\u7684\u5f71\u7247\u771f\u7684\u5f88\u597d\u770b",
            "likeCount": 0
        },
        {
            "reply_id": "UgyAGpbQ-_CFBzNbSwN4AaABAg",
            "reply_content": "\u62bd\u721b",
            "likeCount": 0
        },
        {
            "reply_id": "UgytCNpAF2OOBMxmEcF4AaABAg",
            "reply_content": "\u4f60\u4e00\u76f4\u90fd\u662f",
            "likeCount": 0
        },
        {
            "reply_id": "UgwL477VBdVkSFtnOY14AaABAg",
            "reply_content": "\u7562\u696d\u62bd\u734e\u62bd\u5230\u96fb\u7af6\u87a2\u5e55",
            "likeCount": 0
        },
        {
            "reply_id": "UgwXO5jM0WzP6EJvDA94AaABAg",
            "reply_content": "\u904b\u6c23\u4e5f\u662f\u4e00\u7a2e\u5be6\u529b",
            "likeCount": 0
        },
        {
            "reply_id": "Ugw50pyQxVPzivBYl-p4AaABAg",
            "reply_content": "\u6211\u559c\u6b61\u57f9\u6839",
            "likeCount": 0
        },
        {
            "reply_id": "UgxrEUbroVU78S2YtaR4AaABAg",
            "reply_content": "\u6211\u9023\u62bd\u8cbc\u5716\u7684\u904b\u6c23\u90fd\u6c92\u6709",
            "likeCount": 1
        },
        {
            "reply_id": "UgxxbG0chTCUnGBSGhZ4AaABAg",
            "reply_content": "\u53ef\u60e1\u9019\u662f\u7b2c\u4e8c\u983b\u9053\u6c92\u6709\u767c\u7247",
            "likeCount": 1
        },
        {
            "reply_id": "UgxM_YmLs0R5p8fwdxx4AaABAg",
            "reply_content": "\u70ba\u4ec0\u9ebc\u770b\u6d0b\u8525\u7684\u5f71\u7247\u90fd\u89ba\u5f97\u98df\u7269\u6bd4\u8f03\u597d\u770b",
            "likeCount": 1
        },
        {
            "reply_id": "UgwmlXE-XKbHwsmigUx4AaABAg",
            "reply_content": "\u771f\u81ed",
            "likeCount": 1
        },
        {
            "reply_id": "Ugzg8WDsphUpYtTF3_p4AaABAg",
            "reply_content": "\u6700\u8fd1\u7684\u597d\u904b\u5c31\u662f\n\u5bb6\u88e1\u539f\u672c\u8eab\u9ad4\u4e0d\u597d\u7684\u8c93\u54aa\u9019\u5e7e\u500b\u6708\u90fd\u6c92\u4ec0\u9ebc\u5927\u75c7\u72c0\n\u6211\u771f\u7684\u89ba\u5f97\u5f88\u597d\u904b\u4e86\u55da\u55da",
            "likeCount": 1
        }
    ]
}