{
    "video_info": {
        "id": "9rIgbPRaKi0",
        "channelTitle": "Onion Man",
        "title": "Onion Man | \u70ba\u4e86\u8ced\u6c23\u5dee\u9ede\u9001\u547d\uff01\u6bcf\u500b\u4eba\u7684\u7368\u7279\u5730\u96f7\u7bc7(\u4e8c)\uff01\uff01",
        "description": "\u4e00\u6a23\u7c73\u990a\u767e\u6a23\u4eba\u554a\u3002\u4eba\u6027\u771f\u662f\u96e3\u6349\u6478\u5462\n\nOnion Man - \u5317\u4e03\u7206\u55c6\u7bc7 \u65b0\u6709\u8072\u8cbc\u5716 :https://line.me/S/sticker/26399\n\n8/12~14   \u6587\u535a\u6703\u5728\u9ad8\u96c4\u5c55\u89bd\u9928 \n\u9019\u7b97\u662f\u8207\u9ad8\u96c4\u7684\u670b\u53cb\u5011\u521d\u6b21\u898b\u9762\n\u6211\u8ddf\u963f\u557e \u9e7f\u4eba \u8f9b\u5361  \u557e\u557e\u59b9 \u5728 L4-01 \u73a9\u5b87\u5b99 \u6524\u4f4d\uff01\n\u9019\u4e09\u5929\u73fe\u5834\u8ca9\u552e\u5c55\u5834\u9650\u5b9a\u5468\u908a\u5546\u54c1(\u66ab\u7121\u7dda\u4e0a\u8ca9\u552e)\n \n8.14 \u6d0b\u8525\u7c3d\u540d\u6703 \n\u9650\u5b9a60\u4f4d  \n\u65e9\u4e0a\u4e5d\u9ede\u767c\u865f\u78bc\u724c\uff0c\u4e0b\u5348\u4e09\u9ede\u958b\u7c3d (\u8a73\u60c5\u770b\u5f71\u7247\u4e2d\u7684\u5716)\n\u5927\u5bb6\u5230\u6642\u898b\uff0c\u6211\u516d\u65e5\u90fd\u6703\u5728\u5c55\u5834\u88e1\u9762\u6643\uff0c\u4f46\u6015\u5f71\u97ff\u52d5\u7dda\n\u6240\u4ee5\u6211\u4e0d\u6703\u5728\u6524\u4f4d\u4e0a(\u9019\u6b21\u5927\u6703\u898f\u5247\u5f88\u56b4\u683c)\n\u53ef\u80fd\u6703\u6f5b\u4f0f\u5728\u65c1\u908a\uff0c\u5982\u679c\u6709\u8a8d\u51fa\u6211\u53ef\u4ee5\u53eb\u6211\n\u6211\u5176\u5be6\u883b\u60f3\u5f85\u4e00\u6574\u5929\u7684\uff0c\u4f46\u6c92\u8fa6\u6cd5QQ\n\n\u3010\u8a02\u95b1\u3011\u53ca\u89c0\u770b\u6d0b\u8525\u66f4\u591a\u5f71\u7247: https://goo.gl/ijP3Eb\n\n\u5de5\u4f5c\u5408\u4f5c\uff1aonionmanwork@gmail.com\nOnion Man \u767e\u842c\u8ffd\u8e64\u7c89\u7d72\u5718:goo.gl/Z5CSvw\n\n\u6700\u65b0\u963f\u6587\u8cbc\u5716:https://reurl.cc/GxYjA\n\n\u7b2c\u4e00\u4ee3\u963f\u6587line\u8cbc\u5716:https://reurl.cc/Wroxx\n\n\u6d0b\u8525\u79c1\u751f\u6d3bIG:https://www.instagram.com/onionman__/\n\n\n\u904b\u52d5\u6f2b\u756b\u88e1\u7684\u4e2d\u4e8c\u8001\u6897\u5287\u60c5\n\u25ba\u7b2c\u4e00\u96c6:https://youtu.be/cMoV1rPH35k\n\u25ba\u7b2c\u4e8c\u96c6:https://youtu.be/iW7LM00lny0\n\u25ba\u7b2c\u4e09\u96c6:https://youtu.be/2G5wu61uCM0\n\u25ba\u7b2c\u56db\u96c6:https://youtu.be/-rP1abYv8n4\n\nOnion Man \u95dc\u9375\u5b57:\n\u4e2d\u4e8c \u80a5\u5b85 \u55ae\u8eab\u6f22 \u55ae\u8eab \u9b6f\u86c7 \u5c4c\u7d72 \u80a5\u5b85",
        "likeCount": "10635",
        "commentCount": "1113",
        "viewCount": "708935"
    },
    "comments": [
        {
            "reply_id": "UgyK_jmkVwb5IVGk6td4AaABAg",
            "reply_content": "\u7528\u5439\u98a8\u6a5f\u5439\u70b8\u96de\u771f\u7684\u592a\u6709\u624d\u4e86\uff0c\u800c\u4e14\u6d0b\u8525\u7684\u7a7f\u642d\u4e5f\u592a\u597d\u770b\u4e86\u5427",
            "likeCount": 4
        },
        {
            "reply_id": "UgwiVp8YjHZRh_jMFRl4AaABAg",
            "reply_content": "\u6709\u9ede\u5435",
            "likeCount": 1
        },
        {
            "reply_id": "UgwHEVWLy22jSpdqJU54AaABAg",
            "reply_content": "\u6211\u4e5f\u66fe\u7d93\u7576\u904e\u771f\u5ee2\u7269 \u7576\u6642\u6700\u77a7\u4e0d\u8d77\u7684\u5c31\u662f\u535a\u921e\u90a3\u7a2e\u5047\u5ee2\u7269 \u5c31\u6709\u9ede\u50cf\u670b\u53cb\u4e00\u5806\u7684\u4eba\u9084\u81ea\u7a31\u908a\u7de3\u4eba",
            "likeCount": 0
        },
        {
            "reply_id": "Ugyd3KcwbDtIAs_UM9p4AaABAg",
            "reply_content": "\u505a\u5be6\u9a57\u8d85\u5beb\u5be6\uff0c\u8ddf\u6211\u540c\u7d44\u7684\u5973\u751f\u5f8c\u4f86\u8d85\u7d1a\u8a0e\u53ad\u6211\uff0c\u4f46\u6211\u671f\u672b\u904e\u4e86\u5979\u6c92\u904e\u6211\u771f\u7684\u7b11\u5230\u5feb\u6b7b\u6389\uff0c\u9019\u8b49\u660e\u6c92\u6709\u5f88\u7f69\u7684\u8a71\u6700\u597d\u5148\u4e0d\u8981\u4e82\u4e0d\u723d\u5225\u4eba\u54c8\u54c8",
            "likeCount": 0
        },
        {
            "reply_id": "UgwjBcpTsm_EH8M_qZx4AaABAg",
            "reply_content": "\u6211\u6709\u53bb\u4f46\u6c92\u770b\u5230\u6d0b\u8525",
            "likeCount": 0
        },
        {
            "reply_id": "UgxuM8XYZR1eOmOSih54AaABAg",
            "reply_content": "\u8e29\u5230\u96f7\u4e00\u958b\u59cb\u6703\u771f\u7684\u89ba\u5f97\u5f88\u5e79\u4f46\u662f\u904e\u4e86\u4e00\u5169\u500b\u5c0f\u6642\u53c8\u89ba\u5f97\u5176\u5be6\u597d\u50cf\u6c92\u4ec0\u9ebc",
            "likeCount": 0
        },
        {
            "reply_id": "UgwGJ94orOosfmHgpyx4AaABAg",
            "reply_content": "\u54c8\u54c8\u54c8\u54c8\u54c8\u54c8\u54c8",
            "likeCount": 0
        },
        {
            "reply_id": "UgzD2tgHwgS31Pfw1R54AaABAg",
            "reply_content": "\u535a\u921e\u8b8a\u70c8\u6d77\u738b\u90a3\u5f35\u81c9\u8ddf\u914d\u97f3\u8d85\u597d\u7b11",
            "likeCount": 0
        },
        {
            "reply_id": "UgxJ0WG-dQI-2cQTKXp4AaABAg",
            "reply_content": "\u6211\u751f\u6c23\u7684\u9ede\uff1a\u6709\u4eba\u56e0\u70ba\u4e00\u4e9b\u83ab\u540d\u5176\u5999\u7684\u4e8b\u4e0d\u723d\u6216\u7206\u6c23",
            "likeCount": 0
        },
        {
            "reply_id": "UgwXbFOGufc2PzOy5bd4AaABAg",
            "reply_content": "\u6709\u4e9b\u5973\u6027\u5f88\u5947\u602a\u771f\u7684\u4e00\u5b9a\u8981\u5728\u5225\u4eba\u958b\u8eca\u6642\u8a0e\u8ad6\u53ef\u80fd\u6703\u5435\u67b6\u7684\u554f\u984c\u55ce\uff0c\u958b\u8eca\u7684\u8981\u6ce8\u610f\u5f88\u591a\u6771\u897f\u53c8\u8981\u5206\u5fc3",
            "likeCount": 0
        },
        {
            "reply_id": "Ugxlj5VCLMLisXM2DgJ4AaABAg",
            "reply_content": "\u5feb\u9ede\u66f4\u65b0",
            "likeCount": 0
        },
        {
            "reply_id": "UgwYrh6FkQN05chUn7J4AaABAg",
            "reply_content": "\u770b\u6d0b\u8525\u756b\u5230\u7537\u5973\u5c0f\u6545\u4e8b\u90a3\u7bc7\u5c31\u77e5\u9053\u7559\u8a00\u4e00\u5b9a\u6703\u6230\u7537\u5973",
            "likeCount": 0
        },
        {
            "reply_id": "UgyVOjuVdyqvltKFp8p4AaABAg",
            "reply_content": "\u611f\u89c9\u8fd9\u6b21\u7684\u535a\u541b\u914d\u97f3\u597d\u50cf\u6d0b\u8471\u7684\u58f0\u97f3\u54e6",
            "likeCount": 0
        },
        {
            "reply_id": "UgwhrU9K-nTNmcWonHh4AaABAg",
            "reply_content": "\u90a3\u500b\u7206\u70b8\u597d\u5927\u8072",
            "likeCount": 0
        },
        {
            "reply_id": "UgzQxdomwk5nCvZ4mtB4AaABAg",
            "reply_content": "\u5973\u751f\u6709\u500b\u795e\u5947\u7684\u5171\u901a\u9ede \u5c31\u662f\u559c\u6b61\u6311\u7537\u4eba\u958b\u8eca\u9a0e\u8eca\u6642\u5435\u67b6",
            "likeCount": 0
        },
        {
            "reply_id": "Ugz73GGpTYNDL-kjAcd4AaABAg",
            "reply_content": "\u4ec0\u9ebc\u6642\u5019\u66f4\u65b0\u73a9\u758f\u809d\u5bf6\u8c9d\u7684\u90a3\u4e00\u96c6",
            "likeCount": 0
        },
        {
            "reply_id": "UgwbLFPwPjKSdTmU1ap4AaABAg",
            "reply_content": "\u5f88\u6709\u611f\uff0c\u771f\u7684\u5f88\u8a0e\u53ad\u7a81\u7136\u83ab\u540d\u800d\u813e\u6c23\u4e0d\u8b1b\u8a71\u7684",
            "likeCount": 0
        },
        {
            "reply_id": "Ugx8VTVHwZMqu-6MBut4AaABAg",
            "reply_content": "\u9019\u96c6\u771f\u7684\u8d85\u597d\u7b11",
            "likeCount": 0
        },
        {
            "reply_id": "UgxC1F6NDjG79uW4Yzp4AaABAg",
            "reply_content": "\u6211\u4e5f\u60f3\u8981\u8cbc\u5716",
            "likeCount": 0
        },
        {
            "reply_id": "UgwAvAJ_Z-rW506qe6t4AaABAg",
            "reply_content": "\u958b\u8eca\u90a3\u6bb5,\u6211\u81ea\u5df1\u4e5f\u5f88\u591a\u6b21\u7d93\u9a57\u5c0d\u65b9\u90fd\u8aaa\u8981\u76f4\u63a5\u958b\u53bb\u649e\u5c71\u6216\u662f\u53eb\u6211\u7acb\u523b\u4e0b\u8eca\n\u6240\u4ee5\u6211\u89ba\u5f97\u8e29\u715e\u8eca\u5728\u8def\u908a\u5435\u7684\u53ef\u80fd\u9084\u597d\u4e00\u6ef4\u6ef4\u5427\n\u4f46\u5973\u65b9\u63d0\u51fa\u7684\u9ede\u6211\u771f\u4e0d\u80fd\u63a5\u53d7\n\u8cb7\u6771\u897f\u7684\u9322\u4e0d\u8981\u8aaa\u5341\u5206\u4e4b\u4e00\u9084\u662f\u767e\u5206\u4e4b\u767e\u6211\u771f\u7684\u90fd\u89ba\u5f97\u95dc\u5c0d\u65b9\u5c41\u4e8b\u3001\n\u771f\u7684\u5f88\u4ee4\u4eba\u751f\u6c23\u89ba\u5f97\u672c\u4f86\u5c31\u60f3\u5206\u624b\u5728\u6545\u610f\u6311\u6bdb\u75c5\u5427",
            "likeCount": 0
        },
        {
            "reply_id": "UgwoMS2wPeXf6y_pUIB4AaABAg",
            "reply_content": "\u90a3\u500b\u715e\u8eca\u7684\u90e8\u5206\u6211\u5b8c\u5b8c\u5168\u5168\u80fd\u7406\u89e3\u6b38\uff0c\u96d6\u7136\u6211\u6c92\u9019\u6a23\u505a\u904e\uff0c\u4f46\u662f\u5728\u6211\u958b\u8eca\u7684\u6642\u5019\u4e00\u76f4\u6307\u6307\u9ede\u9ede\u9084\u6709\u4e00\u76f4\u8981\u627e\u6211\u5435\u67b6\u7684\u526f\u99d5\u99db\uff0c\u771f\u7684\u8b93\u6211\u5f88\u60f3\u8981\u8d95\u5feb\u505c\u5230\u8def\u908a\u5435\u5b8c\u67b6\u3002\u958b\u8eca\u5df2\u7d93\u8981\u795e\u7d93\u7dca\u7e43\u6ce8\u610f\u8def\u6cc1\uff0c\u6c92\u8fa6\u6cd5\u5354\u52a9\u6211\u958b\u8eca\u5c31\u5225\u4e00\u76f4\u7d66\u6211\u58d3\u529b",
            "likeCount": 1
        },
        {
            "reply_id": "Ugwa66RRVUuQRFuyM1B4AaABAg",
            "reply_content": "\u597d\u611b\u9019\u7cfb\u5217",
            "likeCount": 1
        },
        {
            "reply_id": "Ugw81p4pou6yE1GF4994AaABAg",
            "reply_content": "\u9b6f\u4e4b\u6545\u4e8b\u4ec0\u9ebc\u6642\u5019\u8981\u51fa",
            "likeCount": 0
        },
        {
            "reply_id": "UgzlBdp8IX_hxge6NJd4AaABAg",
            "reply_content": "\u62bd\u8d77\u4f86",
            "likeCount": 0
        },
        {
            "reply_id": "UgxNS5i32_EW1ep08sN4AaABAg",
            "reply_content": "\u4e2d\u9593\u7d05\u5091\u90a3\u6bb5\u5f88\u60f3\u89d2\u982d\u4e8c\u7684\u4e00\u500b\u7247\u6bb5",
            "likeCount": 0
        }
    ]
}