{
    "video_info": {
        "id": "_r93fx4-3M4",
        "channelTitle": "Onion Man",
        "title": "Onion Man | \u524d\u5973\u53cb\u7559\u4e0b\u7684\u79ae\u7269 | \u6d0b\u8525\u6200\u611b\u7bc7",
        "description": "\u670b\u53cb\u771f\u4eba\u771f\u4e8b\u6539\u7de8\n\u611f\u52d5\u77ed\u7bc7\u611b\u60c5\u6545\u4e8b\n\n\u4e00\u4e0d\u6ce8\u610f\u5c31\u8b8a\u5f37!! : https://bit.ly/3H7dqUg\n\n#\u9ece\u660e\u555f\u793a\u9304\n\n\u3010\u8a02\u95b1\u3011\u53ca\u89c0\u770b\u6d0b\u8525\u66f4\u591a\u5f71\u7247: https://goo.gl/ijP3Eb\n\n\u5de5\u4f5c\u5408\u4f5c\uff1aonionmanwork@gmail.com\nOnion Man \u767e\u842c\u8ffd\u8e64\u7c89\u7d72\u5718:goo.gl/Z5CSvw\n\n\u6700\u65b0\u963f\u6587\u8cbc\u5716:https://reurl.cc/GxYjA\n\n\u7b2c\u4e00\u4ee3\u963f\u6587line\u8cbc\u5716:https://reurl.cc/Wroxx\n\n\u6d0b\u8525\u79c1\u751f\u6d3bIG:https://www.instagram.com/onionman__/\n\n\n\u904b\u52d5\u6f2b\u756b\u88e1\u7684\u4e2d\u4e8c\u8001\u6897\u5287\u60c5\n\u25ba\u7b2c\u4e00\u96c6:https://youtu.be/cMoV1rPH35k\n\u25ba\u7b2c\u4e8c\u96c6:https://youtu.be/iW7LM00lny0\n\u25ba\u7b2c\u4e09\u96c6:https://youtu.be/2G5wu61uCM0\n\u25ba\u7b2c\u56db\u96c6:https://youtu.be/-rP1abYv8n4\n\nOnion Man \u95dc\u9375\u5b57:\n\u4e2d\u4e8c \u80a5\u5b85 \u55ae\u8eab\u6f22 \u55ae\u8eab \u9b6f\u86c7 \u5c4c\u7d72 \u80a5\u5b85",
        "likeCount": "9485",
        "commentCount": "1640",
        "viewCount": "467394"
    },
    "comments": [
        {
            "reply_id": "Ugy2bc37xGF2PxY9rVJ4AaABAg",
            "reply_content": "\u767c\u73fe\u5979\u904e\u65bc\u611b\u62cd\u7167\u7684\u6642\u5019\u4e0d\u5c31\u8a72\u63d0\u5206\u624b\u4e86\u55ce\uff1f",
            "likeCount": 0
        },
        {
            "reply_id": "UgxsbpGhf0F894Amljd4AaABAg",
            "reply_content": "\u68cb\u9748\u738b",
            "likeCount": 0
        },
        {
            "reply_id": "UgxLdpJ6_AmFjIz29bJ4AaABAg",
            "reply_content": "\u592a\u6d6e\u8a87\u4e86",
            "likeCount": 0
        },
        {
            "reply_id": "UgwqFt3oXeWOf2biUc94AaABAg",
            "reply_content": "\u9019\u500b\u524d\u5973\u53cb\u6709\u4e00\u8d77\u53bb\u9732\u71df\u55ce",
            "likeCount": 0
        },
        {
            "reply_id": "UgwrDsF2MLv7047beMZ4AaABAg",
            "reply_content": "\u600e\u9ebc\u6709\u4f50\u70ba\u7684\u5f71\u5b50",
            "likeCount": 0
        },
        {
            "reply_id": "UgzkXcInuR0gbzlgXfl4AaABAg",
            "reply_content": "\u68cb\u9748\u738b\u6897\u5c0d\u5427",
            "likeCount": 0
        },
        {
            "reply_id": "UgwV1DVgzkDrqRX5hnt4AaABAg",
            "reply_content": "\u9019\u662f\u68cb\u9748\u738b\u662f\u4e0d\u662f",
            "likeCount": 0
        },
        {
            "reply_id": "UgyPGPsNLqrWPMTJWqh4AaABAg",
            "reply_content": "\u8fd9\u4e1a\u914d\u65e0\u654c\u4e86",
            "likeCount": 0
        },
        {
            "reply_id": "Ugx-3GInQipv8W6y39d4AaABAg",
            "reply_content": "\u62f3\u723a\u5df2\u7d93\u8b8a\u914d\u97f3\u56fa\u5b9a\u73ed\u5e95",
            "likeCount": 0
        },
        {
            "reply_id": "Ugx33NRy-V6D3Domh4V4AaABAg",
            "reply_content": "\u6211\u4e5f\u662f\u88ab\u524d\u5973\u53cb\u8a13\u7df4\u7684\u62cd\u7167\u80fd\u529b\u8b8a\u5f37\u4e86",
            "likeCount": 0
        },
        {
            "reply_id": "UgzccoAwhzuwQne8coZ4AaABAg",
            "reply_content": "\u62bd",
            "likeCount": 0
        },
        {
            "reply_id": "UgyGh4r-uLf7R1lqv8t4AaABAg",
            "reply_content": "\u592a\u53b2\u5bb3\u5566",
            "likeCount": 0
        },
        {
            "reply_id": "UgyKOEQIVP6VDM86dp14AaABAg",
            "reply_content": "\u6bcf\u6b21\u770b\u6d0b\u8525\u6200\u611b\u90fd\u89ba\u5f97\u6c92\u5973\u4eba\u7de3\u5b85\u7537\u662f\u9a19\u4eba\u7684\ud83d\ude02",
            "likeCount": 0
        },
        {
            "reply_id": "UgxoVvrUBRh7khp3qDp4AaABAg",
            "reply_content": "\u62bd",
            "likeCount": 0
        },
        {
            "reply_id": "UgyjS1GDz1BMzIER7cJ4AaABAg",
            "reply_content": "\u5403\u500b\u98ef\u6bcf\u500b\u89d2\u843d\u90fd\u8981\u62cd\u4e00\u4e0b\u81ea\u5df1\u4e5f\u6703\u53d7\u4e0d\u4e86\ud83d\ude02",
            "likeCount": 0
        },
        {
            "reply_id": "Ugz-JGtLAI1MVf6vrf54AaABAg",
            "reply_content": "\u4e0d\u77e5\u9053\u9084\u4f86\u5f97\u53ca\u62bd\u55ce",
            "likeCount": 0
        },
        {
            "reply_id": "Ugyn0VsGPM-vjOLl7mR4AaABAg",
            "reply_content": "\u90a3\u662f\u4e00\u68f5\u88ab\u561f\u5566\u904e\u7684\u77f3\u982d\uff0c\u59ff\u52e2\u64fa\u4e0d\u5c0d\u90fd\u662f\u4e00\u7a2e\u5931\u656c",
            "likeCount": 0
        },
        {
            "reply_id": "UgxjherZvDUNaTyw1vl4AaABAg",
            "reply_content": "\u6d0b\u8471\u606d\u559c\u4f60\u6210\u4e3a\u4e13\u4e1a\u62cd\u7167\u5e08",
            "likeCount": 0
        },
        {
            "reply_id": "Ugxj1wytJ-cQWnSabQ14AaABAg",
            "reply_content": "\u770b\u4f86\u6d0b\u8525\u5f88\u559c\u6b61\u770b\u68cb\u9748\u738b",
            "likeCount": 0
        },
        {
            "reply_id": "UgytRRrUFBRHGMymuJB4AaABAg",
            "reply_content": "\u68cb\u9748\u738b\u5427\u9019\u500b",
            "likeCount": 0
        },
        {
            "reply_id": "UgwY8CyChdHzWoJr1JR4AaABAg",
            "reply_content": "\u62bd\u62bd",
            "likeCount": 0
        },
        {
            "reply_id": "Ugw5tMkQSqssvP6Hxnh4AaABAg",
            "reply_content": "\u8525\u54e5\u7684\u696d\u914d\u4e00\u5b9a\u8981\u652f\u6301\u7684",
            "likeCount": 0
        },
        {
            "reply_id": "UgwkPZMzIDp31yxtbSp4AaABAg",
            "reply_content": "\u62bd\u62bd",
            "likeCount": 0
        },
        {
            "reply_id": "UgxAQNR-HoZFXEgDwrd4AaABAg",
            "reply_content": "\u9632\u4e0d\u52dd\u9632\u5440",
            "likeCount": 0
        },
        {
            "reply_id": "Ugw7dP7iGHqhT9FAJgp4AaABAg",
            "reply_content": "\u963f\u62f3\u597d\u597d\u7b11",
            "likeCount": 0
        }
    ]
}