{
    "video_info": {
        "id": "B0lAbGsDeEo",
        "channelTitle": "Onion Man",
        "title": "Onion Man | \u5b78\u59b9\u6688\u7206\u7684\u6210\u719f\u5b78\u9577\uff01\u6821\u5712\u98a8\u96f2\u4eba\u7269\u6d0b\u8525\uff01\u5927\u5b78\u908a\u7de3\u6210\u9577\u53f2\uff08\u4e8c\uff09",
        "description": "\u7d93\u904e\u5169\u500b\u6708\u7684\u8003\u9a57..\u6211\u5c07\u4e0d\u518d\u662f\u5927\u5b78\u5167\u7684\u908a\u7de3\u4ed4\u4e86\n\n\u611f\u8b1d\u672c\u6b21\u4e7e\u7239 :\n\u3010\u8857\u53e3\u652f\u4ed8\u6703\u54e1\u6b0a\u76ca\uff5c\u5168\u9762\u5347\u7d1a\u3011\n\u25aa\ufe0f\u7b46\u7b46\u4ed8\u6b3e\u6700\u9ad83%\n\u25aa\ufe0f\u6d3b\u5132\u5e74\u606f\u6700\u9ad83%\n\u25aa\ufe0f\u63d0\u9818\u6bcf\u6708\u6700\u9ad830\u6b21\u514d\u624b\u7e8c\u8cbb\n\u25aa\ufe0f\u8de8\u8f49\u6bcf\u6708\u6700\u9ad830\u6b21\u514d\u624b\u7e8c\u8cbb\n\u25aa\ufe0f\u5e33\u55ae\u7e73\u8cbb\u6709\u6a5f\u6703\u4eab\u5168\u984d\u56de\u994b\n\u25aa\ufe0f\u5c08\u5340\u52a0\u78bc\u6700\u9ad83%\u7121\u4e0a\u9650\n4/30\u524d\u958b\u7acb\u8857\u5229\u5b58\u5e33\u6236\uff0c\u6700\u9ad8\u518d\u90011,000\u5143\u8857\u53e3\u5e63\uff01\n\u6d3b\u52d5\u9801\u50b3\u9001\u9580\ud83d\udc49https://pse.is/4vayvk\n\u66f4\u591a\u6703\u54e1\u6b0a\u76ca\ud83d\udc49https://pse.is/4v8dwg\n\n\n\u3010\u8a02\u95b1\u3011\u53ca\u89c0\u770b\u6d0b\u8525\u66f4\u591a\u5f71\u7247: https://goo.gl/ijP3Eb\n\n\u5de5\u4f5c\u5408\u4f5c\uff1aonionmanwork@gmail.com\nOnion Man \u767e\u842c\u8ffd\u8e64\u7c89\u7d72\u5718:goo.gl/Z5CSvw\n\n\u6700\u65b0\u963f\u6587\u8cbc\u5716:https://reurl.cc/GxYjA\n\n\u7b2c\u4e00\u4ee3\u963f\u6587line\u8cbc\u5716:https://reurl.cc/Wroxx\n\n\u6d0b\u8525\u79c1\u751f\u6d3bIG:https://www.instagram.com/onionman__/\n\n\n\u904b\u52d5\u6f2b\u756b\u88e1\u7684\u4e2d\u4e8c\u8001\u6897\u5287\u60c5\n\u25ba\u7b2c\u4e00\u96c6:https://youtu.be/cMoV1rPH35k\n\u25ba\u7b2c\u4e8c\u96c6:https://youtu.be/iW7LM00lny0\n\u25ba\u7b2c\u4e09\u96c6:https://youtu.be/2G5wu61uCM0\n\u25ba\u7b2c\u56db\u96c6:https://youtu.be/-rP1abYv8n4\n\nOnion Man \u95dc\u9375\u5b57:\n\u4e2d\u4e8c \u80a5\u5b85 \u55ae\u8eab\u6f22 \u55ae\u8eab \u9b6f\u86c7 \u5c4c\u7d72 \u80a5\u5b85",
        "likeCount": "7661",
        "commentCount": "410",
        "viewCount": "495245"
    },
    "comments": [
        {
            "reply_id": "Ugy2f3KnLcCRZsm5YrB4AaABAg",
            "reply_content": "\u7b11\u6b7b\u5c45\u7136\u80fd\u628a\u5c71\u738b\u8981\u518d\u770b\u4e00\u6b21\u9304\u5f71\u5e36\u7684\u7247\u6bb5\u76f4\u63a5\u756b\u51fa\u4f86 \u4e5f\u592a\u5c4c",
            "likeCount": 20
        },
        {
            "reply_id": "Ugxg80ZJ19_PbnR2Kw54AaABAg",
            "reply_content": "\u6bcf\u6b21\u5206\u4e0a\u4e0b\u96c6\u90fd\u597d\u60f3\u8d95\u5feb\u770b\u5b8c\uff01\u6d0b\u8525\u5f71\u7247\u771f\u7684\u592a\u597d\u770b\u4e86\u5566",
            "likeCount": 2
        },
        {
            "reply_id": "UgwaB4icAA6RpTYyN0R4AaABAg",
            "reply_content": "\u4ee5\u524d\u7684\u7db2\u7403\u4ec0\u9ebc\u6642\u5019\u66f4\u65b0\u5566",
            "likeCount": 1
        },
        {
            "reply_id": "Ugzk8lMI_cBz3Atu1xx4AaABAg",
            "reply_content": "\u771f\u7684\u597d\u61f7\u5ff5\u8fa6\u5bbf\u71df\u7684\u6642\u5019",
            "likeCount": 1
        },
        {
            "reply_id": "UgzQeAAne3VRh89Rxv14AaABAg",
            "reply_content": "\u6709\u4e00\u5e55\u61c9\u8a72\u662f\u704c\u7c43\u9ad8\u624b\u88e1\u7684\u5c71\u738b\u5de5\u696d\u6253\u8d0f\u4e86\u4e4b\u524d\u7684\u5b78\u9577\u7684\u90a3\u500b\u756b\u9762\u5427",
            "likeCount": 0
        },
        {
            "reply_id": "Ugyf_trRrRn4Pwxk9iV4AaABAg",
            "reply_content": "\u7a81\u7136\u5f88\u61f7\u5ff5\u7576\u521d\u6e96\u5099\u6d3b\u52d5\u7684\u6642\u5149",
            "likeCount": 0
        },
        {
            "reply_id": "UgxtyG14vD33tMR4UgJ4AaABAg",
            "reply_content": "\u7e3d\u89ba\u5f97\u5f97",
            "likeCount": 0
        },
        {
            "reply_id": "UgzjhNJuZJYtcM0zV5V4AaABAg",
            "reply_content": "\u9019\u624d\u4e0d\u662f\u908a\u7de3\u4eba",
            "likeCount": 0
        },
        {
            "reply_id": "Ugxj9aAhRMlEqr26Wip4AaABAg",
            "reply_content": "\u606d\u559c\u4e0a\u767c\u71d2",
            "likeCount": 0
        },
        {
            "reply_id": "UgzBKzJjutSSx6fuSSh4AaABAg",
            "reply_content": "\u8eab\u70ba\u5927\u5b78\u7684\u651d\u5f71\u7d44\u7e3d\u662f\u88ab\u907a\u5fd8\uff0c\u6d3b\u52d5\u4e2d\u6709\u651d\u5f71\u7d44\u51fa\u73fe\u7684\u7167\u7247\u90fd\u662f\u6211\u5011\u81ea\u5df1\u7167\u7684\uff0c\u8b1d\u8b1d\u6d0b\u8525\u8a18\u5f97",
            "likeCount": 0
        },
        {
            "reply_id": "UgxIiDgXCxOLiT3kYsp4AaABAg",
            "reply_content": "\u5927\u5b78\u6c92\u5bbf\u71df\u54c8\u54c8",
            "likeCount": 0
        },
        {
            "reply_id": "UgzULwegMRWTYvnJjsd4AaABAg",
            "reply_content": "\u5bbf\u71df\u4e0a\u6293\u5230\u503c\u661f\u5b98\u628a\u67c4",
            "likeCount": 0
        },
        {
            "reply_id": "UgyFsJiZWWtdAEgtSXl4AaABAg",
            "reply_content": "\u5927\u5b78\u5bbf\u71df\u591c\u6559\u8d85\u53ef\u6015",
            "likeCount": 0
        },
        {
            "reply_id": "UgxhO4e-bZxUteKso9R4AaABAg",
            "reply_content": "\u8b9a",
            "likeCount": 0
        },
        {
            "reply_id": "Ugxnj0G9fKZ3YeBtV3R4AaABAg",
            "reply_content": "\u80a5\u5b85\u6b9e\u843d",
            "likeCount": 0
        },
        {
            "reply_id": "Ugx8uKbNRlrbF2xxtjF4AaABAg",
            "reply_content": "\u62bd",
            "likeCount": 0
        },
        {
            "reply_id": "Ugz6wba_LS5UCI2n3kZ4AaABAg",
            "reply_content": "\u6eff\u6eff\u7684\u56de\u61b6",
            "likeCount": 0
        },
        {
            "reply_id": "UgwlJOzjZstF9NpZS4N4AaABAg",
            "reply_content": "\u9019\u771f\u7684\u662f\u5bbf\u71df\u4eba\u624d\u756b\u5f97\u51fa\u4f86\u7684\u5167\u5bb9\u963f",
            "likeCount": 5
        },
        {
            "reply_id": "UgzPlhT-QCKviGQLl9B4AaABAg",
            "reply_content": "\u6211\u5927\u4e00\u5c31\u662f\u8ddf\u6d0b\u8525\u4e00\u6a23\u5f88\u4e0d\u6703\u793e\u4ea4\u6240\u4ee5\u6c92\u53c3\u52a0\u5bbf\u71df\uff0c\u53ea\u53c3\u52a0\u5927\u4e8c\u7576\u5e55\u5f8c\u679c\u7136\u9084\u662f\u8ddf\u5927\u5bb6\u719f\u4e00\u9ede\u5f8c\u6bd4\u8f03\u597d\u73a9\u554a~",
            "likeCount": 2
        },
        {
            "reply_id": "Ugw9u9-01PNM1Kc3hWF4AaABAg",
            "reply_content": "\u7562\u696d\u5341\u5e74\u9084\u53ef\u4ee5\u5076\u6709\u806f\u7e6b\uff0c\u5f88\u660e\u986f\u662f\u500b\u72e0\u89d2\u8272",
            "likeCount": 0
        },
        {
            "reply_id": "UgzZz9rEAhVOOjcEqMx4AaABAg",
            "reply_content": "\u5927\u5b78\u771f\u6ef4\u7121\u804a",
            "likeCount": 0
        },
        {
            "reply_id": "UgyhjmvB45sBo8j8E3d4AaABAg",
            "reply_content": "\u7db2\u7403\u738b\u5b50\u7684\u914d\u6a02\u4e00\u51fa\u4f86\uff0c\u5c31\u51fa\u73fe\u6eff\u6eff\u7684\u4e2d\u4e8c\u611f",
            "likeCount": 0
        },
        {
            "reply_id": "UgwfEpOG0B8hJQSBodB4AaABAg",
            "reply_content": "\u90a3\u500b\u5169\u5929\u5f8c\u8b93\u4f60\u6b7b\u80af\u5b9a\u662f\u6bcf\u500b\u4eba\u6d3b\u52d5\u5f8c\u6700\u60f3\u5e79\u7684\u4e8b\u4e4b\u4e00",
            "likeCount": 0
        },
        {
            "reply_id": "UgzpFLotwm06FaPscCd4AaABAg",
            "reply_content": "\u776a\u776a",
            "likeCount": 0
        },
        {
            "reply_id": "Ugyar0o1KZYLHbNtriB4AaABAg",
            "reply_content": "\u5bbf\u71df\u771f\u7684\u53c8\u611b\u53c8\u6068",
            "likeCount": 0
        }
    ]
}