{
    "video_info": {
        "id": "BsZ7wc8JSBU",
        "channelTitle": "Onion Man",
        "title": "Onion Man | \u62ff\u5230\u4e86\u6b4c\u66f2DEMO\uff0c\u7adf\u662f\u8072\u6797\u4e4b\u738b\u7684\u51a0\u8ecd\u737b\u8072\uff01 | \u6d0b\u8525\u6b4c\u5531\u4fee\u884c\u7bc7 (\u4e8c) @polin1994  @weibird_official",
        "description": "\u5531\u6b4c\u597d\u7d2f\u4f46\u597d\u73a9\n\n\u4ec1\u8072\u6b4c\u5531\u97f3\u6a02\u5b78\u82d1\u512a\u60e0:\n\n\u4e0b\u5468\u56db21:00\u514d\u8cbb\u7dda\u4e0a\u6b4c\u5531\u8b1b\u5ea7:https://www.youtube.com/watch?v=8wKolIxC0pI&t=1935s&ab_channel=OnionMeta\n\u5230\u6642\u6703\u5728onionmeta dc\u7fa4\u958b\u4e00\u500b\u8b1b\u5ef3\uff0c\u4efb\u4f55\u4eba\u90fd\u53ef\u53c3\u52a0 (\u6539\u6210\u5728onionmeta yt)\n\u8b1b\u5ef3\u53ea\u80fd\u585e\u5343\u4eba\uff0c\u8d85\u904e\u5c31\u9032\u4e0d\u4f86\u5594~\n\n\n\u3010\u4ec1\u8072\u6b4c\u5531\u97f3\u6a02\u5b78\u82d1 \u6d0b\u8525\u89c0\u773e\u512a\u60e0\u3011\n4\u6708\u5e95\u524d\n\u6191\u6309\u8b9a\u3001\u8ffd\u8e64\u3010\u4ec1\u8072\u6b4c\u5531\u97f3\u6a02\u5b78\u82d1\u3011\u7c89\u5c08\u53caYouTube\u983b\u9053\n\u5230 \u4ec1\u8072\u5b78\u82d1 \u5831\u540d\u55ae\u5802\u9ad4\u9a57\u8ab2 \u5373\u4eab\u534a\u50f9\u512a\u60e0\n\u4eba\u6578\u6709\u9650\u984d\u6eff\u70ba\u6b62\n\u534a\u50f9\u8cfc\u8ab2\u7db2\u5740\uff1ahttps://acac.com.tw/product/1-on-1/\n\u7c89\u5c08\u79c1\u8a0a:https://www.facebook.com/www.acac.com.tw\n\u512a\u60e0\u78bc\uff1aonion\n\n\u3010\u4ec1\u8072\u6b4c\u5531\u97f3\u6a02\u5b78\u82d1 OnionMeta \u6703\u54e1\u5c08\u5c6c\u512a\u60e0\u3011\n\u6703\u54e1\u672c\u4eba\u6191\u72d0\u72f8\u9322\u5305\u4e2d OnionMeta NFT\u8b49\u660e\uff0c\u5831\u540d\u4ee5\u4e0b\u8ab2\u7a0b\u53ca\u6d3b\u52d5\u4eab\u76f8\u95dc\u512a\u60e0\uff1a\n1. \u514d\u8cbb\u500b\u5225\u9ad4\u9a57\u8ab2\u7a0b\u4e00\u5802\uff08\u9650\u91cf\u524d100\u540d\uff09\n2. \u5831\u540d\u4e00\u671f\u6b63\u5f0f\u8ab2\u7a0b\uff0c\u5373\u52a0\u9001\u5169\u5802\u8ab2\uff08\u9650\u91cf\u524d50\u540d\uff09\n3. \u514d\u8cbb\u6b4c\u5531\u7dda\u4e0a\u8b1b\u5ea7\u4e00\u5802\n\u5b98\u65b9\u7db2\u5740\uff1ahttps://www.acac.com.tw/\n\n\n\u3010\u8a02\u95b1\u3011\u53ca\u89c0\u770b\u6d0b\u8525\u66f4\u591a\u5f71\u7247: https://goo.gl/ijP3Eb\n\n\u5de5\u4f5c\u5408\u4f5c\uff1aonionmanwork@gmail.com\nOnion Man \u767e\u842c\u8ffd\u8e64\u7c89\u7d72\u5718:goo.gl/Z5CSvw\n\n\u6700\u65b0\u963f\u6587\u8cbc\u5716:https://reurl.cc/GxYjA\n\n\u7b2c\u4e00\u4ee3\u963f\u6587line\u8cbc\u5716:https://reurl.cc/Wroxx\n\n\u6d0b\u8525\u79c1\u751f\u6d3bIG:https://www.instagram.com/onionman__/\n\n\n\u904b\u52d5\u6f2b\u756b\u88e1\u7684\u4e2d\u4e8c\u8001\u6897\u5287\u60c5\n\u25ba\u7b2c\u4e00\u96c6:https://youtu.be/cMoV1rPH35k\n\u25ba\u7b2c\u4e8c\u96c6:https://youtu.be/iW7LM00lny0\n\u25ba\u7b2c\u4e09\u96c6:https://youtu.be/2G5wu61uCM0\n\u25ba\u7b2c\u56db\u96c6:https://youtu.be/-rP1abYv8n4\n\nOnion Man \u95dc\u9375\u5b57:\n\u4e2d\u4e8c \u80a5\u5b85 \u55ae\u8eab\u6f22 \u55ae\u8eab \u9b6f\u86c7 \u5c4c\u7d72 \u80a5\u5b85",
        "likeCount": "10500",
        "commentCount": "1284",
        "viewCount": "561652"
    },
    "comments": [
        {
            "reply_id": "Ugxba1ifz-I36oUvJp94AaABAg",
            "reply_content": "\u62bd",
            "likeCount": 2
        },
        {
            "reply_id": "Ugwf0MY7oyNHlazQ6sV4AaABAg",
            "reply_content": "\u597d\u60f3\u8981\u807d\u67cf\u9716\u7684\u7248\u672c",
            "likeCount": 1
        },
        {
            "reply_id": "Ugwzn98z0m4NZ4Bw4Vp4AaABAg",
            "reply_content": "\u7adf\u7136\u6709\u90ed\u9802\u7684\u6c34\u661f\u8a18",
            "likeCount": 1
        },
        {
            "reply_id": "UgxicNa_jBu4_b46GQ54AaABAg",
            "reply_content": "\u4e0d\u932f",
            "likeCount": 1
        },
        {
            "reply_id": "UgwxkT-GITstVXhtQ5R4AaABAg",
            "reply_content": "\u6572\u62f3\u723a\u756a",
            "likeCount": 1
        },
        {
            "reply_id": "UgxI-KBHMbIb_tkhh4R4AaABAg",
            "reply_content": "\u62bd\u62bd",
            "likeCount": 1
        },
        {
            "reply_id": "UgwW78OJNKDz_ibzG5p4AaABAg",
            "reply_content": "\u60f3\u77e5\u9053\u6d0b\u8525\u771f\u7684\u6709\u63cd\u674e\u5b89\u4e00\u62f3\u55ce",
            "likeCount": 1
        },
        {
            "reply_id": "UgyLigqVTJ_11i7Rw5R4AaABAg",
            "reply_content": "\u62bd\u62bd\u62bd",
            "likeCount": 1
        },
        {
            "reply_id": "UgxJAEE6cdntMiWqMat4AaABAg",
            "reply_content": "\u62bd",
            "likeCount": 1
        },
        {
            "reply_id": "Ugyu-MB8GSajnt8eScx4AaABAg",
            "reply_content": "\u62bd",
            "likeCount": 1
        },
        {
            "reply_id": "UgzvieAzSZAi_zxtHBx4AaABAg",
            "reply_content": "\u62bd",
            "likeCount": 1
        },
        {
            "reply_id": "Ugx5uu7up3TqJASdBB94AaABAg",
            "reply_content": "\u62bd",
            "likeCount": 1
        },
        {
            "reply_id": "Ugx9D33Tw1jDBgZYcsV4AaABAg",
            "reply_content": "\u7559\u8a00\u652f\u6301",
            "likeCount": 1
        },
        {
            "reply_id": "UgylZpUg4RxgkrEnI0B4AaABAg",
            "reply_content": "\u6211\u5927\u6982\u76f4\u63a5\u8fdb\u53bb\u5c31\u767e\u5206\u767e\u4e00\u767e\u5206",
            "likeCount": 0
        },
        {
            "reply_id": "UgwEAahAbTnrFUJzJ-V4AaABAg",
            "reply_content": "\u6765\u73a9\u6218\u6597\u9640\u87ba",
            "likeCount": 0
        },
        {
            "reply_id": "UgweZroVYhx4FEYvYPl4AaABAg",
            "reply_content": "\u54c8\u54c8\u6211\u59ca\u4e5f\u8b80\u5efa\u570b",
            "likeCount": 0
        },
        {
            "reply_id": "UgySO-muqppUgSH6KQh4AaABAg",
            "reply_content": "\u51a0\u8ecd\u5531\u7684\u4e5f\u592a\u597d\u807d",
            "likeCount": 0
        },
        {
            "reply_id": "UgyEHWfT3Pp-F3ekycZ4AaABAg",
            "reply_content": "\u767c\u73fe\u6d0b\u8525\u679c\u7136\u662f\u72e0\u89d2\u8272",
            "likeCount": 0
        },
        {
            "reply_id": "UgyYstI-MxDM4Ao4EHN4AaABAg",
            "reply_content": "\u7adf\u7136\u6c92\u6709\u63a8\u85a6\u91d1\u9b5a\u8166",
            "likeCount": 0
        },
        {
            "reply_id": "UgwQPcjwErDoAZ3WezB4AaABAg",
            "reply_content": "\u8dea\u6c42\u67cf\u9716\u7248\u672c",
            "likeCount": 0
        },
        {
            "reply_id": "UgwVOpdTY78PfhnfOwR4AaABAg",
            "reply_content": "\u539f\u4f86\u6d0b\u8525\u8a8d\u8b58\u81f3\u9686",
            "likeCount": 0
        },
        {
            "reply_id": "UgwnJmsz4EBNDI4U1IR4AaABAg",
            "reply_content": "\u90a3\u500b\u6e4a\u516b\u584a\u76f4\u63a5\u7b11\u51fa\u4f86",
            "likeCount": 0
        },
        {
            "reply_id": "UgwjiUyNH4iNArBC__Z4AaABAg",
            "reply_content": "\u6d0b\u8525\u771f\u7684\u8a8d\u8b58\u597d\u591a\u4eba",
            "likeCount": 0
        },
        {
            "reply_id": "UgyvALLw_rRZ2zryep54AaABAg",
            "reply_content": "\u62bd",
            "likeCount": 0
        },
        {
            "reply_id": "Ugy1TKiCJws71alUXWF4AaABAg",
            "reply_content": "\u8525\u54e5\u592a\u795e\u4e86",
            "likeCount": 1
        }
    ]
}