{
    "video_info": {
        "id": "cdhJtz0sn3U",
        "channelTitle": "Onion Man",
        "title": "Onion Man | \u60c5\u4fb6\u7576\u8857\u98c6\u7f75\uff01\u6700\u53ef\u6190\u7684\u662f\u65c1\u908a\u7684\u670b\u53cb\uff01\u5c37\u5c2c\u764c\u672b\u671f\uff01\uff01 | \u7206\u6c23\u7bc7\u7b2c\u4e09\u96c6",
        "description": "\u62dc\u8a17\u4e0d\u8981\u518d\u5435\u4e86!!! \u6211\u53ea\u662f\u60f3\u597d\u597d\u5403\u6211\u7684\u98ef!!!\n-------------------\n2022\u5e74\u570b\u969b\u5931\u667a\u75c7\u6708 World Alzheimer\u2019s Month\n\ud83d\udc5f\u5fb7\u66fc\u838e\uff0c\u53bb\u54ea\u88e1 (Run for Dementia) \u958b\u653e\u5831\u540d\u4e86\uff01\n\u5831\u540d\u9023\u7d50  https://bit.ly/3Raw9mm\n\n\u9080\u8acb\u5404\u8def\u8def\u8dd1\u611b\u597d\u8005\u53ca\u95dc\u5fc3\u5931\u667a\u75c7\u7684\u5927\u5bb6\uff0c\u900f\u904e\u8def\u8dd1\u5408\u529b\u96c6\u6eff\u8c61\u5fb5\u4eca\u5e74\u5931\u667a\u75c7\u65e5\u76842022.921\u516c\u91cc, \u4ee5\u884c\u52d5\u8868\u9054\u5c0d\u65bc\u5931\u667a\u5bb6\u5ead\u7684\u652f\u6301\u3002\ud83d\udcaa\ud83c\udffc\ud83d\udcaa\ud83c\udffc\n\n\u51e1\u5831\u540d\u8005\uff0c\u5373\u53ef\u7372\u5f97\u7d00\u5ff5\u9ed1\u8272\u6f6eT\u3001\u4fdd\u6eab\u676f\u3001\u60a0\u904a\u5361\u3001\u6bdb\u5dfe\u7b49\u512a\u8cea\u597d\u79ae\n\n\u5831\u540d\u65e5\u671f\uff1a\u5373\u65e5\u81f32022/09/15(\u56db)23:59\u6b62\n\u8def\u8dd1\u671f\u9593\uff1a2022/09/17(\u516d)00:00 -2022/10/07(\u4e94)23:59\u6b62\n\u66f4\u591a\u6d3b\u52d5\u8cc7\u8a0a\uff0c\u8acb\u641c\u5c0b\u201c\u53f0\u7063\u5931\u667a\u75c7\u5354\u6703\u201d \u6216\u95dc\u6ce8Instagram @tada2002_wam\n\n\n\u3010\u8a02\u95b1\u3011\u53ca\u89c0\u770b\u6d0b\u8525\u66f4\u591a\u5f71\u7247: https://goo.gl/ijP3Eb\n\n\u5de5\u4f5c\u5408\u4f5c\uff1aonionmanwork@gmail.com\nOnion Man \u767e\u842c\u8ffd\u8e64\u7c89\u7d72\u5718:goo.gl/Z5CSvw\n\n\u6700\u65b0\u963f\u6587\u8cbc\u5716:https://reurl.cc/GxYjA\n\n\u7b2c\u4e00\u4ee3\u963f\u6587line\u8cbc\u5716:https://reurl.cc/Wroxx\n\n\u6d0b\u8525\u79c1\u751f\u6d3bIG:https://www.instagram.com/onionman__/\n\n\n\u904b\u52d5\u6f2b\u756b\u88e1\u7684\u4e2d\u4e8c\u8001\u6897\u5287\u60c5\n\u25ba\u7b2c\u4e00\u96c6:https://youtu.be/cMoV1rPH35k\n\u25ba\u7b2c\u4e8c\u96c6:https://youtu.be/iW7LM00lny0\n\u25ba\u7b2c\u4e09\u96c6:https://youtu.be/2G5wu61uCM0\n\u25ba\u7b2c\u56db\u96c6:https://youtu.be/-rP1abYv8n4\n\nOnion Man \u95dc\u9375\u5b57:\n\u4e2d\u4e8c \u80a5\u5b85 \u55ae\u8eab\u6f22 \u55ae\u8eab \u9b6f\u86c7 \u5c4c\u7d72 \u80a5\u5b85",
        "likeCount": "10656",
        "commentCount": "1036",
        "viewCount": "602372"
    },
    "comments": [
        {
            "reply_id": "Ugz48BhAAmHhSrn6p094AaABAg",
            "reply_content": "\u6d0b\u8525\u558a\u5e25",
            "likeCount": 1
        },
        {
            "reply_id": "UgzQlKlUs5UOfjFyWk54AaABAg",
            "reply_content": "\u6d0b\u8471\u5f88\u5e05",
            "likeCount": 1
        },
        {
            "reply_id": "Ugysqha0ErK-7Q-_Fbp4AaABAg",
            "reply_content": "\u6211\u89ba\u5f97\u8ddf\u524d\u9762\u90a3\u500b\u4f4e\u60c5\u5546\u52f8\u67b6\u662f\u4e00\u6a23\u7684\u610f\u601d\uff0c\u5982\u679c\u4f60\u7684\u8868\u9054\u80fd\u529b\u6c92\u8fa6\u6cd5\u5b8c\u6210\u4f60\u7684\u76ee\u7684\uff0c\u90a3\u4e0d\u5982\u9589\u5634\u5c31\u597d\uff0c\u6216\u8a31\u7537\u65b9\u60f3\u8868\u9054\u7684\u662f\u4e00\u500b\u4ed6\u6240\u8a8d\u77e5\u7684\u73fe\u5be6\uff0c\u4f46\u4ed6\u7684\u8868\u9054\u57fa\u672c\u5c31\u662f\u50b3\u7d71\u89c0\u5ff5\u6703\u6709\u7684\u8aaa\u6cd5",
            "likeCount": 0
        },
        {
            "reply_id": "UgzzydCOa4eng5W0Lnp4AaABAg",
            "reply_content": "\u770b\u8d77\u4f86\u90fd\u662f\u7fd2\u6163\u4e0d\u4e00\u6a23\uff0c\u4e0d\u5435\u7684\u8a71\u53e6\u4e00\u500b\u5c31\u8981\u5fcd\u5230\u6b7b",
            "likeCount": 0
        },
        {
            "reply_id": "Ugwmgfeqk4FRPG43nm54AaABAg",
            "reply_content": "\u807d\u5230\u6211\u5abd\u8b1b\u8a71\u4e5f\u5dee\u4e0d\u591a",
            "likeCount": 0
        },
        {
            "reply_id": "Ugx3fCNSb-4nP12WC9F4AaABAg",
            "reply_content": "\u54e5\u54e5\u559d\u4e0d\u5b8c\u90fd\u7d66\u6211\u559d",
            "likeCount": 0
        },
        {
            "reply_id": "UgxDFGra3DsJ0jNasRd4AaABAg",
            "reply_content": "\u611f\u60c5\u554f\u984c\u4e00\u5f8b\u5efa\u8b70\u5206\u624b",
            "likeCount": 0
        },
        {
            "reply_id": "UgzVMgSSZyd6kaobwA94AaABAg",
            "reply_content": "\u60c5\u4fb6\u5435\u67b6\u5728\u65c1\u908a\u5403\u74dc\u5c31\u597d\u5566",
            "likeCount": 0
        },
        {
            "reply_id": "UgxuSp9m1KzqBdqhiL14AaABAg",
            "reply_content": "\u9047\u5230\u4e8b\u60c5\u53ea\u6703\u602a\u5973\u751f\u6216\u7f75\u5973\u751f\u90fd\u4e0d\u662f\u4ec0\u9ebc\u597d\u7537\u4eba \u53ef\u6190",
            "likeCount": 0
        },
        {
            "reply_id": "UgxWtLnO_ss1GGfBj3B4AaABAg",
            "reply_content": "\u963f\u6587\u597d\u597d\u7b11",
            "likeCount": 0
        },
        {
            "reply_id": "UgyOAjMgIICCw1Sf0Ld4AaABAg",
            "reply_content": "\u516d\u584a\u808c\u597d\u50cf\u8b8a\u7cbe\u7dfb\u4e86",
            "likeCount": 0
        },
        {
            "reply_id": "UgyaXoVyRdDA1CitSXt4AaABAg",
            "reply_content": "\u6d0b\u8525\u597d\u5e25",
            "likeCount": 0
        },
        {
            "reply_id": "UgzUzRzU8zRO4uDQt3J4AaABAg",
            "reply_content": "\u6d0b\u8525\u5f88\u5e25",
            "likeCount": 0
        },
        {
            "reply_id": "Ugyh0GBFUZSffhhG5Op4AaABAg",
            "reply_content": "\u6d0b\u8525\u5f88\u5e25",
            "likeCount": 0
        },
        {
            "reply_id": "UgyM2YjM1D-nimgeCNR4AaABAg",
            "reply_content": "\u55e8",
            "likeCount": 0
        },
        {
            "reply_id": "UgwlTv4xJqlb7L0ncgZ4AaABAg",
            "reply_content": "\u5e0c\u671b\u4f60\u4e00\u5207\u987a\u5229",
            "likeCount": 0
        },
        {
            "reply_id": "UgzRgD0Nbs8QMfZbi_F4AaABAg",
            "reply_content": "\u6211\u4e0b\u9762",
            "likeCount": 0
        },
        {
            "reply_id": "Ugz82fzyKZA0oKgmLSN4AaABAg",
            "reply_content": "\u4e2d\u79cb\u5feb\u6a02",
            "likeCount": 0
        },
        {
            "reply_id": "UgwZVsaC_LxyNEmvLUx4AaABAg",
            "reply_content": "\u6d0b\u8525\u5f88\u5e25",
            "likeCount": 0
        },
        {
            "reply_id": "Ugx5cOI2J4ZVyIhYkRZ4AaABAg",
            "reply_content": "\u6d0b\u8525\u5f88\u5e25",
            "likeCount": 0
        },
        {
            "reply_id": "UgzTPqYwgVK73cmeSBt4AaABAg",
            "reply_content": "\u6d0b\u8525\u5f88\u5e25",
            "likeCount": 0
        },
        {
            "reply_id": "UgzhucszYT7hkc-wB9F4AaABAg",
            "reply_content": "\u8525\u54e5\u592a\u5e25\u4e86",
            "likeCount": 0
        },
        {
            "reply_id": "UgwfQqkKbfSCW9-VhhN4AaABAg",
            "reply_content": "\u6d0b\u8525\u592a\u5e25\u4e86",
            "likeCount": 0
        },
        {
            "reply_id": "UgzPxEp_s_kaml9tNHN4AaABAg",
            "reply_content": "\u7b11\u6b7b",
            "likeCount": 0
        },
        {
            "reply_id": "UgwREbXJb_3zNNc2R7B4AaABAg",
            "reply_content": "\u62bd",
            "likeCount": 0
        }
    ]
}