{
    "video_info": {
        "id": "dac-yCeYdM4",
        "channelTitle": "Onion Man",
        "title": "Onion Man | \u7d04\u6703\u6642\u7238\u7238\u7adf\u5728\u5f8c\u65b9\u8ddf\u8e64\uff01\u85aa\u6c34\u88ab\u5bb6\u4eba\u63d0\u9818\uff01\u5bb6\u7ba1\u56b4\u5973\u751f\u6dd2\u6158\u6200\u611b\u53f2\u7bc7 | \u771f\u5be6\u6545\u4e8b\u6539\u7de8",
        "description": "\u5bb6\u7ba1\u56b4\u7684\u5973\u751f\u7684\u4eba\u751f\u7bc7\n\u807d\u5b8c\u6703\u89ba\u5f97\u50cf\u662f\u5b8c\u5168\u4e0d\u5728\u540c\u500b\u4e16\u754c\u7684\u4eba\n\u4f46\u5176\u5be6\u5468\u906d\u5f88\u591a\u9019\u7a2e\u5bb6\u5ead\u5462\n\n\u3010\u8a02\u95b1\u3011\u53ca\u89c0\u770b\u6d0b\u8525\u66f4\u591a\u5f71\u7247: https://goo.gl/ijP3Eb\n\n\u5de5\u4f5c\u5408\u4f5c\uff1aonionmanwork@gmail.com\nOnion Man \u767e\u842c\u8ffd\u8e64\u7c89\u7d72\u5718:goo.gl/Z5CSvw\n\n\u6700\u65b0\u963f\u6587\u8cbc\u5716:https://reurl.cc/GxYjA\n\n\u7b2c\u4e00\u4ee3\u963f\u6587line\u8cbc\u5716:https://reurl.cc/Wroxx\n\n\u6d0b\u8525\u79c1\u751f\u6d3bIG:https://www.instagram.com/onionman__/\n\n\n\u904b\u52d5\u6f2b\u756b\u88e1\u7684\u4e2d\u4e8c\u8001\u6897\u5287\u60c5\n\u25ba\u7b2c\u4e00\u96c6:https://youtu.be/cMoV1rPH35k\n\u25ba\u7b2c\u4e8c\u96c6:https://youtu.be/iW7LM00lny0\n\u25ba\u7b2c\u4e09\u96c6:https://youtu.be/2G5wu61uCM0\n\u25ba\u7b2c\u56db\u96c6:https://youtu.be/-rP1abYv8n4\n\nOnion Man \u95dc\u9375\u5b57:\n\u4e2d\u4e8c \u80a5\u5b85 \u55ae\u8eab\u6f22 \u55ae\u8eab \u9b6f\u86c7 \u5c4c\u7d72 \u80a5\u5b85",
        "likeCount": "6554",
        "commentCount": "782",
        "viewCount": "459468"
    },
    "comments": [
        {
            "reply_id": "Ugw3FGm3RbOS0UM6DRt4AaABAg",
            "reply_content": "\u6d0b\u8525\u5fb9\u5e95\u628a\u4e00\u500b\u60b2\u5287\u63cf\u5beb\u6210\u559c\u5287\uff0c\u4f46\u662f\u6211\u89ba\u5f97\u9019\u5973\u751f\u751f\u5728\u9019\u7a2e\u5bb6\u5ead\u904e\u5f97\u771f\u58d3\u6291",
            "likeCount": 59
        },
        {
            "reply_id": "UgxWwbx9ctbny6mGguJ4AaABAg",
            "reply_content": "\u9760\u80cc\uff0c\u5982\u679c\u8981\u5e6b\u5c0f\u7f8e\u76f4\u63a5\u53bb\u4ed6\u5bb6\u55c6\u7206\u4ed6\u7238\u5abd\u6bd4\u8f03\u5feb\u5566\u6de6",
            "likeCount": 1
        },
        {
            "reply_id": "UgxvRN2vV3auODvSck94AaABAg",
            "reply_content": "\u771f\u7684\u53d7\u4e0d\u4e86\u53ef\u4ee5\u5831\u8b66\u8655\u7406",
            "likeCount": 0
        },
        {
            "reply_id": "UgwGh9yeXNeu_n_XdSJ4AaABAg",
            "reply_content": "\u642c\u51fa\u53bb\u4f4f\u6703\u6bd4\u8f03\u5feb",
            "likeCount": 0
        },
        {
            "reply_id": "UgzJHNkDtdp1MddxLmN4AaABAg",
            "reply_content": "\u5c31\u56e0\u70ba\u5979\u7684\u7236\u89aa\u4e0d\u662f\u9023\u6069\u5c3c\u905c\u6240\u4ee5\u5979\u7684\u7236\u6bcd\u624d\u6703\u7121\u80fd\u5230\u53ea\u80fd\u56b4\u7ba1\u81ea\u5df1\u7684\u5b69\u5b50\u5427\ud83e\udd23",
            "likeCount": 0
        },
        {
            "reply_id": "Ugw4s18RNSCiitxYSJ14AaABAg",
            "reply_content": "\u9019\u7a2e\u5bb6\u5ead\u901a\u5e38\u662f\u6709\u75c5\u7684",
            "likeCount": 0
        },
        {
            "reply_id": "UgzQq0yiWIcBsiMYC314AaABAg",
            "reply_content": "\u5973\u751f\u771f\u7684\u5f88\u53ef\u60b2\u5f88\u53ef\u6190",
            "likeCount": 0
        },
        {
            "reply_id": "Ugy7P0iw_vpiJnF0m3h4AaABAg",
            "reply_content": "\u597d\u6050\u6016\u5594",
            "likeCount": 0
        },
        {
            "reply_id": "UgxSxaNViiCq8RnXJqZ4AaABAg",
            "reply_content": "\u963f\u557e\u597d\u50cf\u6709\u696d\u914d\u904e",
            "likeCount": 0
        },
        {
            "reply_id": "UgxZvvBMj41PGcTeQBd4AaABAg",
            "reply_content": "\u6709\u5920\u5641\u5fc3\u7684\u7238\u5abd",
            "likeCount": 0
        },
        {
            "reply_id": "UgzK_v9dT0Gp1epCP294AaABAg",
            "reply_content": "\u6709\u9019\u7a2e\u5bb6\u9577\u6211\u6703\u60f3\u6b7b",
            "likeCount": 0
        },
        {
            "reply_id": "UgwTaKoTaq1VXVKf_Xx4AaABAg",
            "reply_content": "\u7121\u77e5\u7236\u6bcd\u771f\u7684\u6703\u5bb3\u6b7b\u81ea\u5df1\u7684\u5c0f\u5b69",
            "likeCount": 0
        },
        {
            "reply_id": "UgxM8juJpwEgOmtgaht4AaABAg",
            "reply_content": "\u6709\u75c5\u7236\u6bcd",
            "likeCount": 0
        },
        {
            "reply_id": "UgycBXLIGyU8qTtAyX54AaABAg",
            "reply_content": "\u8001\u95c6\u7537\u53ef\u4ee5\u6b50",
            "likeCount": 0
        },
        {
            "reply_id": "UgxqVhoj7aKWcs496_x4AaABAg",
            "reply_content": "\u7238\u7238\u4e0d\u662f\u9023\u6069\u5c3c\u905c\u54c8\u54c8\u54c8\u54c8\u54c8",
            "likeCount": 0
        },
        {
            "reply_id": "UgwhoKTMtFBlvTtPvTF4AaABAg",
            "reply_content": "\u6de6\u8ddf\u6211\u5bb6\u8d85\u50cf",
            "likeCount": 0
        },
        {
            "reply_id": "UgwAJj6mAfxzWshAdX54AaABAg",
            "reply_content": "\u4ed6\u5988\u7684\u8fd9\u5c31\u662f\u6211\u7684\u751f\u6d3b\u771f\u75db\u82e6\u554a\u554a\u554a\u554a\n\u6211\u662f\u4e2a\u7537\u7684\u6211\u7684\u5c0a\u4e25\u554a\u554a\u554a",
            "likeCount": 0
        },
        {
            "reply_id": "Ugw6HKMpRBlkyrI9ohF4AaABAg",
            "reply_content": "\u6709\u9019\u9ebc\u721b\u7684\u7236\u6bcd\u4e5f\u662f\u633a\u53ef\u6190\u7684",
            "likeCount": 0
        },
        {
            "reply_id": "Ugy0z0tztjzviCb3WEd4AaABAg",
            "reply_content": "\u5bb6\u9577\u7684\u60c5\u7dd2\u52d2\u7d22\u8ddf\u9053\u5fb7\u7d81\u67b6\u771f\u7684\u597d\u53ef\u6015",
            "likeCount": 0
        },
        {
            "reply_id": "UgxPe7EJO5xSnbHNra94AaABAg",
            "reply_content": "\u6240\u4ee5\u9019\u662f\u696d\u914d\u55ce",
            "likeCount": 0
        },
        {
            "reply_id": "UgwCaVoEqMU_iyET9VR4AaABAg",
            "reply_content": "\u9019\u6a23\u7684\u4eba\u751f\u6709\u4ec0\u9ebc\u610f\u7fa9",
            "likeCount": 0
        },
        {
            "reply_id": "UgxzEsnNwDuVe2KzPy14AaABAg",
            "reply_content": "\u5c0f\u7f8e\u5c31\u8a87\u5f35\u7248\u672c\u7684\u6211",
            "likeCount": 0
        },
        {
            "reply_id": "Ugzf2CqMvrPDsnd8Ylh4AaABAg",
            "reply_content": "\u9019\u6211",
            "likeCount": 0
        },
        {
            "reply_id": "UgxPQlake8QDQcK_DtZ4AaABAg",
            "reply_content": "\u8166\u888b\u6709\u75c5\u7684\u7236\u6bcd",
            "likeCount": 0
        },
        {
            "reply_id": "Ugyv-43SOCiD5-hcfUp4AaABAg",
            "reply_content": "\u8b8a\u614b\u5bb6\u9577",
            "likeCount": 0
        }
    ]
}