{
    "video_info": {
        "id": "EJYGmQSux8A",
        "channelTitle": "Onion Man",
        "title": "Onion Man | \u8ced\u535a\u5d29\u6f70\u5fc3\u7406\u6230\uff01\u4e0d\u662f\u5927\u8d0f\u5c31\u662f\u8ce0\u5230\u54ed\uff1f\u70ba\u516c\u4ed4\u72c2\u7838\u6578\u842c\uff01| \u4e00\u756a\u8cde @wei-teng",
        "description": "\u8cb7\u516c\u4ed4\u662f\u9700\u8981\u7cbe\u5bc6\u8a08\u7b97\u7684 \u4e0d\u662f\u8aaa\u8cb7\u5c31\u8cb7\u54e6\n\u8b93\u6211\u4e00\u756a\u8cde\u535a\u58eb\u6559\u6559\u4f60\n\n\u3010\u8a02\u95b1\u3011\u53ca\u89c0\u770b\u6d0b\u8525\u66f4\u591a\u5f71\u7247: https://goo.gl/ijP3Eb\n\n\u5de5\u4f5c\u5408\u4f5c\uff1aonionmanwork@gmail.com\nOnion Man \u767e\u842c\u8ffd\u8e64\u7c89\u7d72\u5718:goo.gl/Z5CSvw\n\n\u6700\u65b0\u963f\u6587\u8cbc\u5716:https://reurl.cc/GxYjA\n\n\u7b2c\u4e00\u4ee3\u963f\u6587line\u8cbc\u5716:https://reurl.cc/Wroxx\n\n\u6d0b\u8525\u79c1\u751f\u6d3bIG:https://www.instagram.com/onionman__/\n\n\n\u904b\u52d5\u6f2b\u756b\u88e1\u7684\u4e2d\u4e8c\u8001\u6897\u5287\u60c5\n\u25ba\u7b2c\u4e00\u96c6:https://youtu.be/cMoV1rPH35k\n\u25ba\u7b2c\u4e8c\u96c6:https://youtu.be/iW7LM00lny0\n\u25ba\u7b2c\u4e09\u96c6:https://youtu.be/2G5wu61uCM0\n\u25ba\u7b2c\u56db\u96c6:https://youtu.be/-rP1abYv8n4\n\nOnion Man \u95dc\u9375\u5b57:\n\u4e2d\u4e8c \u80a5\u5b85 \u55ae\u8eab\u6f22 \u55ae\u8eab \u9b6f\u86c7 \u5c4c\u7d72 \u80a5\u5b85",
        "likeCount": "11953",
        "commentCount": "1022",
        "viewCount": "559517"
    },
    "comments": [
        {
            "reply_id": "UgyprvXPiSLOvjgHeZ94AaABAg",
            "reply_content": "\u4e00\u5b9a\u88ab\u9a19",
            "likeCount": 5
        },
        {
            "reply_id": "UgxUFh-tFFTfL3vqIKh4AaABAg",
            "reply_content": "\u5982\u679c\u4f60\u4e00\u76f4\u53bb\u842c\u5e74\u5927\u6a13\u62bd\uff0c\u62b1\u6b49\u6c92\u6709\u904b\u6c23\u53ef\u8a00",
            "likeCount": 4
        },
        {
            "reply_id": "UgxbroE0aY19yVGxn8J4AaABAg",
            "reply_content": "\u7cbe\u5f69\u7cbe\u5f69",
            "likeCount": 1
        },
        {
            "reply_id": "UgzDX0Ac4jVyuY8iFEZ4AaABAg",
            "reply_content": "\u7d66\u8525\u54e5\u4e00\u7f50\u5564\u9152",
            "likeCount": 1
        },
        {
            "reply_id": "UgwNSfve3PIfHXedk0d4AaABAg",
            "reply_content": "\u958b\u53f8\u756b\u6cd5\u771f\u7684\u5f88\u50b3\u795e",
            "likeCount": 0
        },
        {
            "reply_id": "UgwBGmrD4Urzy0kTa154AaABAg",
            "reply_content": "\u5c0f\u6642\u5f8c\u62bd\u4e94\u5143\u7684\u5f88\u4e0a\u982d",
            "likeCount": 0
        },
        {
            "reply_id": "UgzmwIBhR9zJZy7bBDh4AaABAg",
            "reply_content": "\u5f8c\u9762\u90a3\u500b\u6b61\u6a02\u97f3\u6a02\u662f\u827e\u723e\u4e4b\u5149\u55ce",
            "likeCount": 0
        },
        {
            "reply_id": "UgyHq2FjDptl-9Fm0zx4AaABAg",
            "reply_content": "\u6709\u9322\u771f\u597d",
            "likeCount": 0
        },
        {
            "reply_id": "UgyxXLjoCcd2ffpIb7t4AaABAg",
            "reply_content": "\u9019\u500b\u81c9\u662f\u958b\u65af\u5c0d\u4e0d\u5c0d",
            "likeCount": 0
        },
        {
            "reply_id": "UgyRLHf81Apkjcuapbl4AaABAg",
            "reply_content": "\u898b\u597d\u5c31\u6536",
            "likeCount": 0
        },
        {
            "reply_id": "Ugy8smlBsX1z86HnMPZ4AaABAg",
            "reply_content": "\u7b11\u6b7b",
            "likeCount": 0
        },
        {
            "reply_id": "UgwWSrYg-YrtEbrBmd94AaABAg",
            "reply_content": "\u6211\u6bcf\u6b21\u90fd\u4e00\u62bd\u5165\u9b42",
            "likeCount": 0
        },
        {
            "reply_id": "Ugzuq15eReE13Ae584R4AaABAg",
            "reply_content": "\u7b11\u6b7b\u79d1\u79d1\u79d1\u79d1",
            "likeCount": 0
        },
        {
            "reply_id": "UgxEXnE4X4WJolGFnbB4AaABAg",
            "reply_content": "\u5e79\u5f97\u597d\u958b\u53f8",
            "likeCount": 0
        },
        {
            "reply_id": "UgxFuuyowAumyibZRoR4AaABAg",
            "reply_content": "\u5e79",
            "likeCount": 0
        },
        {
            "reply_id": "UgztoZKhHdG2NF8NqWl4AaABAg",
            "reply_content": "\u8b8a\u76f8\u884c\u70ab\u5bcc",
            "likeCount": 0
        },
        {
            "reply_id": "Ugx28KjXt37gmqfIlqd4AaABAg",
            "reply_content": "\u5b89\u6170\u4e86",
            "likeCount": 0
        },
        {
            "reply_id": "UgwIgCvn8ZdmX39eyxx4AaABAg",
            "reply_content": "\u7d66\u6d0b\u8525\u4e00\u7f50\u5564\u9152",
            "likeCount": 0
        },
        {
            "reply_id": "Ugya7KbN7H9Bqsd0Op54AaABAg",
            "reply_content": "\u7d66\u6d0b\u8525\u4e00\u7f50\u5564\u9152",
            "likeCount": 0
        },
        {
            "reply_id": "UgwxghEE0LsfTsAtPm94AaABAg",
            "reply_content": "\u5c45\u7136\u662f\u771f\u7684",
            "likeCount": 0
        },
        {
            "reply_id": "UgzP75Q4ymQZ6yZlZPF4AaABAg",
            "reply_content": "\u5df2\u7d93\u58de\u6389\u4e86",
            "likeCount": 0
        },
        {
            "reply_id": "UgyGR2FcjWPfiUMjYfl4AaABAg",
            "reply_content": "\u5169\u5957\u90fd\u62bd\u5230\u6700\u5f8c\u4e00\u5f35\u771f\u7684\u662f\u8870\u7684\u6709\u9ede\u626f",
            "likeCount": 0
        },
        {
            "reply_id": "UgywIMHKrzGeUpL6ThF4AaABAg",
            "reply_content": "\u6211\u4f86\u4e58\u8457\u904b\u52e2\u7684\u6d2a\u6d41",
            "likeCount": 0
        },
        {
            "reply_id": "Ugw9A2quKAVH8ybxmCZ4AaABAg",
            "reply_content": "\u54c8\u54c8\u54c8\u54c8\u54c8\u770b\u4e0d\u61c2\u4f46\u89c9\u5f97\u5f88\u9707\u64bc\u5f88\u50bb\u903c\u54c8\u54c8\u54c8\u54c8\u54c8\u54c8\u54c8",
            "likeCount": 0
        },
        {
            "reply_id": "UgyIC58DCvnmN1xBSfx4AaABAg",
            "reply_content": "\u7576\u521d\u6d0b\u8525\u96fb\u7ffb\u5b6b\u751f\u7684\u6642\u5019\u8d85\u5f37\u7684\u6b38\n\u662f\u4e0d\u662f\u8981\u50cf\u5916\u9001\u4ed4\u4e00\u6a23\u8981\u6234\u982d\u5957\u624d\u662f\u7121\u6575\u7684\u963f",
            "likeCount": 3
        }
    ]
}