{
    "video_info": {
        "id": "fgZWcFT5GUs",
        "channelTitle": "Onion Man",
        "title": "Onion Man | \u4f60\u66fe\u5c0d\u5144\u5f1f\u5fc3\u52d5\u904e\u55ce ?  \u4e00\u5834\u4e92\u76f8\u793a\u611b\u7684\u6fc0\u60c5\u904a\u6232\uff01 | \u771f\u5be6\u6545\u4e8b\u7cfb\u5217",
        "description": "\u5f9e\u56db\u6708\u5230\u73fe\u5728\u771f\u5be6\u767c\u751f\u7684\u5c0f\u6545\u4e8b (\u5df2\u8b1b\u958b)\n\n\u3010\u8a02\u95b1\u3011\u53ca\u89c0\u770b\u6d0b\u8525\u66f4\u591a\u5f71\u7247: https://goo.gl/ijP3Eb\n\n\u5de5\u4f5c\u5408\u4f5c\uff1aonionmanwork@gmail.com\nOnion Man \u767e\u842c\u8ffd\u8e64\u7c89\u7d72\u5718:goo.gl/Z5CSvw\n\n\u6700\u65b0\u963f\u6587\u8cbc\u5716:https://reurl.cc/GxYjA\n\n\u7b2c\u4e00\u4ee3\u963f\u6587line\u8cbc\u5716:https://reurl.cc/Wroxx\n\n\u6d0b\u8525\u79c1\u751f\u6d3bIG:https://www.instagram.com/onionman__/\n\n\n\u904b\u52d5\u6f2b\u756b\u88e1\u7684\u4e2d\u4e8c\u8001\u6897\u5287\u60c5\n\u25ba\u7b2c\u4e00\u96c6:https://youtu.be/cMoV1rPH35k\n\u25ba\u7b2c\u4e8c\u96c6:https://youtu.be/iW7LM00lny0\n\u25ba\u7b2c\u4e09\u96c6:https://youtu.be/2G5wu61uCM0\n\u25ba\u7b2c\u56db\u96c6:https://youtu.be/-rP1abYv8n4\n\nOnion Man \u95dc\u9375\u5b57:\n\u4e2d\u4e8c \u80a5\u5b85 \u55ae\u8eab\u6f22 \u55ae\u8eab \u9b6f\u86c7 \u5c4c\u7d72 \u80a5\u5b85",
        "likeCount": "21213",
        "commentCount": "1866",
        "viewCount": "1217073"
    },
    "comments": [
        {
            "reply_id": "UgxESzjx0k5CN8KyetV4AaABAg",
            "reply_content": "\u6709\u5973\u53cb\u4e4b\u5f8c\u771f\u7684\u8981\u61c2\u5f97\u907f\u5acc\n\u8ab0\u77e5\u9053\u4f60\u54ea\u5929\u6703\u4e0d\u6703\u771f\u7684\u6703\u611b\u4e0a\u7537\u7684\n\u540c\u6027\u9593\u662f\u5426\u6709\u7d14\u53cb\u8abc\u5f88\u96e3\u8aaa\u7684",
            "likeCount": 2
        },
        {
            "reply_id": "UgxrOXggN3WycyMI_pR4AaABAg",
            "reply_content": "\u6211\u662f\u89ba\u5f97\u5f88\u8150\u5594",
            "likeCount": 1
        },
        {
            "reply_id": "UgxpLfPdV-hstDHu5xh4AaABAg",
            "reply_content": "\u539f\u4f86\u963f\u6b0a\u5c31\u662f\u62f3\u723a",
            "likeCount": 1
        },
        {
            "reply_id": "UgypHp4MngHZ4ETN3nN4AaABAg",
            "reply_content": "\u600e\u9ebc\u611f\u89ba\u963f\u6b0a\u662f\u5b78\u9577\u914d\u97f3",
            "likeCount": 1
        },
        {
            "reply_id": "Ugz8qW5N3NtQOUiOnLR4AaABAg",
            "reply_content": "\u597d\u50cf\u5b78\u9577\u7684\u8072\u97f3",
            "likeCount": 1
        },
        {
            "reply_id": "UgxtTdPHkraJY8fx09t4AaABAg",
            "reply_content": "\u62f3\u723a\u8036",
            "likeCount": 1
        },
        {
            "reply_id": "Ugyv5yFACkGII_PRSfF4AaABAg",
            "reply_content": "\u6211\u89ba\u5f97\u6574\u90e8\u7247\u53cd\u8a71\u5f88\u591a",
            "likeCount": 1
        },
        {
            "reply_id": "UgxD8ZAke440axro7gx4AaABAg",
            "reply_content": "\u6211\u7562\u65c5\u7684\u968a\u8f14\u4e5f\u53eb\u5594\u6b0a",
            "likeCount": 0
        },
        {
            "reply_id": "UgxwV8tBsP0qpI9VoCh4AaABAg",
            "reply_content": "\u4f46\u662f\u6ca1\u6709\u4e00\u8d77\u7761\u8fc7",
            "likeCount": 0
        },
        {
            "reply_id": "UgwiynGeiekvV7nl13p4AaABAg",
            "reply_content": "\u6709\u73b0\u5728\u5c31\u6709",
            "likeCount": 0
        },
        {
            "reply_id": "UgxmXoegBI7p2irxjIR4AaABAg",
            "reply_content": "\u5047\u6232\u771f\u505a",
            "likeCount": 0
        },
        {
            "reply_id": "Ugyt9AiYlr4IF2g67Nl4AaABAg",
            "reply_content": "\u770b\u5169\u904d\u624d\u610f\u8b58\u5230\u597d\u50cf\u963f\u6b0a\u662f\u62f3\u723a",
            "likeCount": 0
        },
        {
            "reply_id": "Ugzhu9DFb3jxRJWxorB4AaABAg",
            "reply_content": "\u8d85\u597d\u7b11",
            "likeCount": 0
        },
        {
            "reply_id": "Ugx1e6_tf71ObIJq7ht4AaABAg",
            "reply_content": "\u963f\u6b0a\u597d\u5e25",
            "likeCount": 0
        },
        {
            "reply_id": "Ugzk1s7YZioQlfMfYfV4AaABAg",
            "reply_content": "\u62f3\u723a",
            "likeCount": 0
        },
        {
            "reply_id": "UgwwmRMKBHB2nSS7jiF4AaABAg",
            "reply_content": "\u963f\u6b0a\u914d\u97f3\u597d\u50cf\u5b78\u9577",
            "likeCount": 0
        },
        {
            "reply_id": "UgwPnx1-gqqtdn9VoMt4AaABAg",
            "reply_content": "\u4ed6\u7684\u5973\u53cb\u662f\u570b\u4e2d\u5f88\u5147\u7684\u8001\u5e2b",
            "likeCount": 0
        },
        {
            "reply_id": "UgyA4KB1iZOaneULSj94AaABAg",
            "reply_content": "\u9019\u662f\u771f\u611b",
            "likeCount": 0
        },
        {
            "reply_id": "UgzrlL3vhJpoMRB6-at4AaABAg",
            "reply_content": "\u770b\u5b8c\u6574\u652f\u5f71\u7247\u771f\u7684\u89ba\u5f97\uff1a\u6211\u4ee5\u524d\u5728\u7f8e\u570b\u770b\u592a\u591a\u4e86",
            "likeCount": 0
        },
        {
            "reply_id": "UgwjS5ubj1g3F3hHDdh4AaABAg",
            "reply_content": "\u807d\u8072\u97f3\u600e\u9ebc\u90a3\u9ebc\u50cf\u5b78\u9577",
            "likeCount": 0
        },
        {
            "reply_id": "Ugx1tkcmAx5EHCpCBr14AaABAg",
            "reply_content": "\u770b\u5e7e\u6b21\u7b11\u5e7e\u6b21",
            "likeCount": 0
        },
        {
            "reply_id": "Ugw0RiOGjFWSuzbFKNp4AaABAg",
            "reply_content": "\u7532\u6232\u771f\u505a",
            "likeCount": 0
        },
        {
            "reply_id": "UgxDgM5859mVJ-kJiuF4AaABAg",
            "reply_content": "\u9019\u662f\u7532\u6c0f\u5144\u5f1f\u7684\u6545\u4e8b\u55ce",
            "likeCount": 0
        },
        {
            "reply_id": "Ugwp05r866592PvUMKt4AaABAg",
            "reply_content": "\u7532\u7532\u771f\u7684\u8d85\u5641\u5fc3",
            "likeCount": 0
        },
        {
            "reply_id": "Ugzw44S5TSRpLr1Qxyt4AaABAg",
            "reply_content": "\u4e0d\u6127\u662f\u62f3\u723a",
            "likeCount": 0
        }
    ]
}