{
    "video_info": {
        "id": "fntNW3W-q7k",
        "channelTitle": "Onion Man",
        "title": "Onion Man |  \u4ee4\u7537\u4eba\u77ac\u9593\u6688\u721b\u7684\u4e03\u5927\u8d85\u5a46\u8209\u52d5\uff01\u653e\u4efb\u7537\u53cb\u71ac\u591c\u6253\u96fb\u52d5\uff1f \u592a\u8208\u596e\u5566\uff01 \u5a46\u7206\u5566\uff01",
        "description": "\u4ee4\u7537\u751f\u6688\u8239\u6688\u7206\uff0c\u77ac\u9593\u60f3\u5a36\u7684\u5a46\u7206\u884c\u70ba\uff01 \n\n\u6700\u300c\u5de8\u300d\u4eba\u5fc3\u5a46\u7cfb\u7b56\u7565\u5361\u724cRPG\u624b\u904a\u300e\u7dcb\u7d05\u7684\u795e\u7d04 Echocalypse\u300f\uff01\n\u2666\ufe0f\u5de8\uff01\u7121\u640d\u63db\u5a46\uff01\u73fe\u5728\u4e0b\u8f09\u5c31\u9001\u4e3b\u89d2\u9650\u5b9a\u9020\u578b\u53ca\u6307\u5b9aSSR\u89d2\u8272\u5957\u7d44 \n\u2666\ufe0f\u5373\u523b\u9032\u5165\u672b\u65e5\u4e16\u754c\u76f8\u9047\u7378\u5a18\uff1ahttps://yzdpjgametw.onelink.me/xmA1/r2awk4wd\n\u2666\ufe0f\u95dc\u6ce8\u300e\u7dcb\u7d05\u7684\u795e\u7d04 Echocalypse\u300f\u7c89\u5c08\uff0c\u53f0\u670d7\u5929\u9650\n\n\u3010\u8a02\u95b1\u3011\u53ca\u89c0\u770b\u6d0b\u8525\u66f4\u591a\u5f71\u7247: https://goo.gl/ijP3Eb\n\n\u5de5\u4f5c\u5408\u4f5c\uff1aonionmanwork@gmail.com\nOnion Man \u767e\u842c\u8ffd\u8e64\u7c89\u7d72\u5718:goo.gl/Z5CSvw\n\n\u6700\u65b0\u963f\u6587\u8cbc\u5716:https://reurl.cc/GxYjA\n\n\u7b2c\u4e00\u4ee3\u963f\u6587line\u8cbc\u5716:https://reurl.cc/Wroxx\n\n\u6d0b\u8525\u79c1\u751f\u6d3bIG:https://www.instagram.com/onionman__/\n\n\n\u904b\u52d5\u6f2b\u756b\u88e1\u7684\u4e2d\u4e8c\u8001\u6897\u5287\u60c5\n\u25ba\u7b2c\u4e00\u96c6:https://youtu.be/cMoV1rPH35k\n\u25ba\u7b2c\u4e8c\u96c6:https://youtu.be/iW7LM00lny0\n\u25ba\u7b2c\u4e09\u96c6:https://youtu.be/2G5wu61uCM0\n\u25ba\u7b2c\u56db\u96c6:https://youtu.be/-rP1abYv8n4\n\nOnion Man \u95dc\u9375\u5b57:\n\u4e2d\u4e8c \u80a5\u5b85 \u55ae\u8eab\u6f22 \u55ae\u8eab \u9b6f\u86c7 \u5c4c\u7d72 \u80a5\u5b85",
        "likeCount": "7266",
        "commentCount": "549",
        "viewCount": "413321"
    },
    "comments": [
        {
            "reply_id": "UgwiMpO_3a-62KEfeCh4AaABAg",
            "reply_content": "\u80fd\u679c\u6c7a\u7684\u9078\u51fa\u9910\u5ef3\u771f\u7684\u53ef\u4ee5\u5148\u60f3\u5c0f\u5b69\u8981\u53d6\u4ec0\u9ebc\u540d\u5b57\u4e86",
            "likeCount": 2
        },
        {
            "reply_id": "UgzrT2tJdheTqKTvwQN4AaABAg",
            "reply_content": "\u73cd\u73cd\u70b8\u96de\u817f\u5403\u7206",
            "likeCount": 0
        },
        {
            "reply_id": "Ugxls0KINUf8j6t5RCN4AaABAg",
            "reply_content": "\u7a81\u7136\u770b\u5230\u4e0d\u50cf\u6b63\u5e38\u4eba\u7684\u89d2\u8272\u5c31\u77e5\u9053\u8981\u696d\u914d\u4e86",
            "likeCount": 0
        },
        {
            "reply_id": "UgwootwaKIv9zLpuC5t4AaABAg",
            "reply_content": "\u770b\u5230\u5a46\u7206\u4e86\u5c31\u77e5\u9053\u4e00\u5b9a\u6709\u696d\u914d",
            "likeCount": 0
        },
        {
            "reply_id": "Ugx7dlD3ABzuSx1Ma714AaABAg",
            "reply_content": "\u6709\u6c92\u6709\u516c\u7206\u9019\u500b\u8a5e",
            "likeCount": 0
        },
        {
            "reply_id": "UgyQqfmF2jGR808Zgfd4AaABAg",
            "reply_content": "\u597d\u559c\u6b61\u6d0b\u8525\u7528\u91d1\u679d\u7389\u8449\u7684\u97f3\u6a02",
            "likeCount": 0
        },
        {
            "reply_id": "UgwP_Bsm6kgtlq50eal4AaABAg",
            "reply_content": "\u53ea\u6709\u4e00\u77ac\u9593\u9a19\u5230\u4f60",
            "likeCount": 0
        },
        {
            "reply_id": "UgzgeUzUhd3O2vH611R4AaABAg",
            "reply_content": "\u9019\u5c31\u662f\u4e00\u500b\u76ae\u505a\u7684\u5f88\u597d\u770b\u7684\u63db\u76ae\u904a\u6232,\u63a8\u85a6\u53bb\u73a9\u660e\u65e5\u65b9\u821f",
            "likeCount": 0
        },
        {
            "reply_id": "UgyVd6PqyyN_CJKD7xJ4AaABAg",
            "reply_content": "\u8b9a",
            "likeCount": 0
        },
        {
            "reply_id": "UgySgG7K35uaWX8TgnV4AaABAg",
            "reply_content": "\u5973\u4eba\u754c\u77ac\u9593\u6380\u8d77\u4e00\u80a1\u516c\u7206\u7684\u65cb\u98a8",
            "likeCount": 0
        },
        {
            "reply_id": "UgzBNDNc1uDiULKlIlV4AaABAg",
            "reply_content": "\u5a46",
            "likeCount": 0
        },
        {
            "reply_id": "Ugy-0wekEmY9rEGDsMN4AaABAg",
            "reply_content": "\u62bd",
            "likeCount": 0
        },
        {
            "reply_id": "UgwgF5Hswevt65Dy_3B4AaABAg",
            "reply_content": "\u770b\u5230\u6d0b\u8525\u756b\u5a46\u7206",
            "likeCount": 0
        },
        {
            "reply_id": "UgxZN7gyn7OQN9hY90R4AaABAg",
            "reply_content": "\u6700\u5a46\u77ac\u9593\u61c9\u8a72\u662f\u505a\u83dc\u5230\u4e00\u534a\u6d41\u6c57\u4e86\uff0c\u5979\u5e6b\u4f60\u64e6\u6c57\u5427",
            "likeCount": 0
        },
        {
            "reply_id": "UgxYk_6XITOfNRaH0FZ4AaABAg",
            "reply_content": "\u5e36\u51b0\u7bb1\u662f\u600e\u6a23\u54c8\u54c8\u54c8",
            "likeCount": 0
        },
        {
            "reply_id": "UgxyxBbA201_c46ge3t4AaABAg",
            "reply_content": "\u4f60\u6c92\u6709\u5973\u53cb",
            "likeCount": 0
        },
        {
            "reply_id": "UgxuWae_n-9iI-5AN454AaABAg",
            "reply_content": "\u5305\u5305\u8981\u5565\u6709\u5565\u771f\u7684\u597d\u5a46",
            "likeCount": 0
        },
        {
            "reply_id": "UgyNIHbfDijky3A5c-R4AaABAg",
            "reply_content": "\u5a01\u58eb\u5fcc\u662f\u771f\u7684\u597d\u559d",
            "likeCount": 0
        },
        {
            "reply_id": "UgxKpL4tL6w67rW7m7d4AaABAg",
            "reply_content": "\u958b\u8a71\u984c\u53c8\u6703\u5c0d\u7b11\u8a71\u7d66\u6b63\u9762\u56de\u61c9",
            "likeCount": 0
        },
        {
            "reply_id": "UgzOboVUaeraVMb34Ch4AaABAg",
            "reply_content": "\u7537\u4eba\u7684\u8001\u5a46\u90fd\u662f\u52d5\u6f2b",
            "likeCount": 0
        },
        {
            "reply_id": "UgxEV9GFy-iDwON1e_d4AaABAg",
            "reply_content": "\u6688\u721b",
            "likeCount": 0
        },
        {
            "reply_id": "UgyoaaQqF--zJQYBwxR4AaABAg",
            "reply_content": "\u51fa\u73fe\u65b0\u7684\u9020\u578b\u7279\u6b8a\u89d2\u8272\u5c31\u4ee3\u8868\u6709\u696d\u914d\u4e86",
            "likeCount": 9
        },
        {
            "reply_id": "Ugy_XK4Eu15J5RY8tPx4AaABAg",
            "reply_content": "\u54ea\u500b\u5973\u751f\u7684\u5305\u5305\u6709\u51b0\u7bb1\u5566",
            "likeCount": 2
        },
        {
            "reply_id": "Ugwx7QUgz5ruoo3jIEl4AaABAg",
            "reply_content": "\u5475\u5475\uff0c\u9019\u96c6\u770b\u5230\u6d0b\u8525\u756b\u98a8\u4e0d\u4e00\u6a23\u5c31\u5df2\u7d93\u731c\u5230\u662f\u696d\u914d\u4e86",
            "likeCount": 2
        },
        {
            "reply_id": "UgzTMMiqKwJl06Wh3mJ4AaABAg",
            "reply_content": "\u6709\u8ab0\u8ddf\u6211\u4e00\u6a23\u89ba\u5f97\u8525\u54e5\u756b\u98df\u7269\u756b\u7684\u770b\u8d77\u4f86\u5f88\u7f8e\u5473\u55ce?",
            "likeCount": 2
        }
    ]
}