{
    "video_info": {
        "id": "gB9_iM0UPts",
        "channelTitle": "Onion Man",
        "title": "Onion Man | \u751c\u871c\u7684\u8b0a\u8a00\uff01\u8b93\u6d0b\u8525\u75db\u54ed\u6d41\u6d95\u7684\u4eba\u751f\u4e03\u5927\u611f\u52d5\u6642\u523b (\u4e8c)\uff01",
        "description": "\u611f\u4eba\u80ba\u8151\u7684\u6545\u4e8b\u518d\u6dfb\u4e00\u6a01\n\n\u3010\u8a02\u95b1\u3011\u53ca\u89c0\u770b\u6d0b\u8525\u66f4\u591a\u5f71\u7247: https://goo.gl/ijP3Eb\n\n\u5de5\u4f5c\u5408\u4f5c\uff1aonionmanwork@gmail.com\nOnion Man \u767e\u842c\u8ffd\u8e64\u7c89\u7d72\u5718:goo.gl/Z5CSvw\n\n\u6700\u65b0\u963f\u6587\u8cbc\u5716:https://reurl.cc/GxYjA\n\n\u7b2c\u4e00\u4ee3\u963f\u6587line\u8cbc\u5716:https://reurl.cc/Wroxx\n\n\u6d0b\u8525\u79c1\u751f\u6d3bIG:https://www.instagram.com/onionman__/\n\n\n\u904b\u52d5\u6f2b\u756b\u88e1\u7684\u4e2d\u4e8c\u8001\u6897\u5287\u60c5\n\u25ba\u7b2c\u4e00\u96c6:https://youtu.be/cMoV1rPH35k\n\u25ba\u7b2c\u4e8c\u96c6:https://youtu.be/iW7LM00lny0\n\u25ba\u7b2c\u4e09\u96c6:https://youtu.be/2G5wu61uCM0\n\u25ba\u7b2c\u56db\u96c6:https://youtu.be/-rP1abYv8n4\n\nOnion Man \u95dc\u9375\u5b57:\n\u4e2d\u4e8c \u80a5\u5b85 \u55ae\u8eab\u6f22 \u55ae\u8eab \u9b6f\u86c7 \u5c4c\u7d72 \u80a5\u5b85",
        "likeCount": "7583",
        "commentCount": "744",
        "viewCount": "405273"
    },
    "comments": [
        {
            "reply_id": "UgwyzmaEDCiE_LlYrE54AaABAg",
            "reply_content": "\u6d0b\u8525\u662f\u4e00\u500b\u5f88\u6703\u611f\u6069\u7684\u4eba",
            "likeCount": 8
        },
        {
            "reply_id": "UgxtncqL5fTC6LEJRoN4AaABAg",
            "reply_content": "\u5e6b\u5fd9\u6bba\u87d1\u8782\u771f\u7684\u5f88\u611f\u4eba",
            "likeCount": 5
        },
        {
            "reply_id": "Ugz0ODdMf3eIdCAm7Wt4AaABAg",
            "reply_content": "\u6d0b\u8525\u771f\u7684\u6709\u4e00\u5806\u597d\u53cb",
            "likeCount": 2
        },
        {
            "reply_id": "UgwLbfosBWaeGLB00Fx4AaABAg",
            "reply_content": "\u8525\u54e5\u7684\u5f71\u7247\u5c31\u662f\u770b\u4e0d\u81a9",
            "likeCount": 1
        },
        {
            "reply_id": "UgwW8bIZQFqK-5SiszZ4AaABAg",
            "reply_content": "\u6d0b\u8525\u7210",
            "likeCount": 0
        },
        {
            "reply_id": "UgzeHtxAj3NOiQQdpgl4AaABAg",
            "reply_content": "\u5ba4\u53cb\u662f\u62f3\u723a",
            "likeCount": 0
        },
        {
            "reply_id": "Ugxzn9UM1AzD13_QNjt4AaABAg",
            "reply_content": "\u6709\u827e\u871c\u8389\u6b38",
            "likeCount": 0
        },
        {
            "reply_id": "UgzFEGPOG5fMUp7nM_V4AaABAg",
            "reply_content": "\u6d0b\u8525\u771f\u7684\u662f\u8d85\u7d30\u5fc3\u7684\u4eba",
            "likeCount": 0
        },
        {
            "reply_id": "Ugy_zulwH0g6J_LO9f94AaABAg",
            "reply_content": "\u6d0b\u8525\u4f60\u7684\u8863\u670d\u54ea\u6015\u662f\u4e0d\u597d\u7684\u6211\u4e5f\u5f88\u60f3\u8981\u6b38",
            "likeCount": 0
        },
        {
            "reply_id": "Ugwb3OAUQFcMReAbGMB4AaABAg",
            "reply_content": "\u87d1\u8782\u7247\u6bb5\u771f\u7684\u611f\u52d5\u5230\u54ed",
            "likeCount": 0
        },
        {
            "reply_id": "Ugxh87dr2eLYjmuVfEV4AaABAg",
            "reply_content": "\u5f6d\u4e8e\u664f\u4e0d\u6392\u9664\u63d0\u544a",
            "likeCount": 0
        },
        {
            "reply_id": "UgxtSKZUIeQ2V6uIeHV4AaABAg",
            "reply_content": "\u6211\u597d\u5f00\u5fc3\u54e6",
            "likeCount": 0
        },
        {
            "reply_id": "Ugz-SFxqSxqIFdf7iFp4AaABAg",
            "reply_content": "\u660e\u5929\u898b",
            "likeCount": 0
        },
        {
            "reply_id": "UgzXVPh9XUm3AKMkMjl4AaABAg",
            "reply_content": "\u611f\u6069\u7684\u4eba\u6bd4\u8f03\u6703\u9047\u5230\u597d\u4eba",
            "likeCount": 0
        },
        {
            "reply_id": "UgxmL1x1MfHIcQQa_1l4AaABAg",
            "reply_content": "\u5f6d\u4e8e\u664f",
            "likeCount": 0
        },
        {
            "reply_id": "Ugx30gzLvVg_aBmkENV4AaABAg",
            "reply_content": "\u62bd\u62bd",
            "likeCount": 0
        },
        {
            "reply_id": "UgygfzQ5P4MFhHH7XGJ4AaABAg",
            "reply_content": "\u6d0b\u8525\u8eab\u908a\u7684\u670b\u53cb\u90fd\u597d\u6709\u4eba\u60c5\u5473",
            "likeCount": 0
        },
        {
            "reply_id": "UgxAOzrpNxd55HUgPlB4AaABAg",
            "reply_content": "\u5009\u5eab\u7684\u8863\u670d\u8ce3\u7d66\u6211\u4e00\u5427",
            "likeCount": 0
        },
        {
            "reply_id": "UgxwiLZD0IVXRNTtfZR4AaABAg",
            "reply_content": "\u6700\u559c\u6b61\u6d0b\u8525\u60f9",
            "likeCount": 0
        },
        {
            "reply_id": "UgzpwvNQUtw675qL94Z4AaABAg",
            "reply_content": "\u597d\u731b\u5594\u50cf\u6211\u9019\u7a2e\u61a4\u4e16\u8a18\u4fd7\u7684\u4eba\u8eab\u908a\u90fd\u662f\u62c9\u57fa",
            "likeCount": 0
        },
        {
            "reply_id": "Ugx0UGofdUuc99GcDt14AaABAg",
            "reply_content": "\u6843\u5712\u771f\u7684\u4e0d\u597d\u53eb\u4eba\u4f86",
            "likeCount": 0
        },
        {
            "reply_id": "UgyDySF3rfNwScKG2514AaABAg",
            "reply_content": "\u6211\u53ef\u4ee5\u7279\u5225\u9806\u9053",
            "likeCount": 0
        },
        {
            "reply_id": "UgxZPYGUujtxhUhuz194AaABAg",
            "reply_content": "\u5403\u98ef\u540d\u55ae\u4e0d\u8981\u7528\u9ed1\u767d\u7684\u554a\u554a\u554a",
            "likeCount": 0
        },
        {
            "reply_id": "Ugz5iM3cZuqEaEOGEu14AaABAg",
            "reply_content": "\u8cbc\u5fc3\u53c8\u6d6a\u6f2b\u7684\u597d\u670b\u53cb",
            "likeCount": 0
        },
        {
            "reply_id": "Ugx0BsxFKPO8Ryjl1bx4AaABAg",
            "reply_content": "\u597d\u8b9a\u597d\u8b9a\u8036",
            "likeCount": 0
        }
    ]
}