{
    "video_info": {
        "id": "GSrge1XanB8",
        "channelTitle": "Onion Man",
        "title": "Onion Man | \u7576\u5834\u66b4\u6012\u7d66\u4eba\u96e3\u582a\uff01\uff01\u6bcf\u500b\u4eba\u7684\u7368\u7279\u5730\u96f7\u7bc7\uff01\uff01",
        "description": "\u70ba\u4e86\u5404\u7a2e\u7a00\u5947\u53e4\u602a\u7406\u7531\u628a\u6c23\u6c1b\u641e\u50f5\u7684\u6545\u4e8b\n\n\u672c\u9031\u5f71\u7247\u4e7e\u7239\n\u81fa\u4e2d\u5e02\u653f\u5e9c\u52de\u5de5\u5c40\u5c31\u696d\u670d\u52d9\u8655 \u5ee3\u544a\n\u9752\u5e74\u5c08\u5340\uff1ahttps://www.eso.taichung.gov.tw/1350838/Nodelist\n\u8077\u6daf\u63a2\u7d22\u671f\uff1ahttps://www.eso.taichung.gov.tw/1709165/Nodelist\n\u6c42\u8077\u6e96\u5099\u671f\uff1ahttps://www.eso.taichung.gov.tw/1709201/Nodelist\n\u5c31\u696d\u5a92\u5408\u671f\uff1ahttps://www.eso.taichung.gov.tw/2727824/Nodelist\n\n\u3010\u8a02\u95b1\u3011\u53ca\u89c0\u770b\u6d0b\u8525\u66f4\u591a\u5f71\u7247: https://goo.gl/ijP3Eb\n\n\u5de5\u4f5c\u5408\u4f5c\uff1aonionmanwork@gmail.com\nOnion Man \u767e\u842c\u8ffd\u8e64\u7c89\u7d72\u5718:goo.gl/Z5CSvw\n\n\u6700\u65b0\u963f\u6587\u8cbc\u5716:https://reurl.cc/GxYjA\n\n\u7b2c\u4e00\u4ee3\u963f\u6587line\u8cbc\u5716:https://reurl.cc/Wroxx\n\n\u6d0b\u8525\u79c1\u751f\u6d3bIG:https://www.instagram.com/onionman__/\n\n\n\u904b\u52d5\u6f2b\u756b\u88e1\u7684\u4e2d\u4e8c\u8001\u6897\u5287\u60c5\n\u25ba\u7b2c\u4e00\u96c6:https://youtu.be/cMoV1rPH35k\n\u25ba\u7b2c\u4e8c\u96c6:https://youtu.be/iW7LM00lny0\n\u25ba\u7b2c\u4e09\u96c6:https://youtu.be/2G5wu61uCM0\n\u25ba\u7b2c\u56db\u96c6:https://youtu.be/-rP1abYv8n4\n\nOnion Man \u95dc\u9375\u5b57:\n\u4e2d\u4e8c \u80a5\u5b85 \u55ae\u8eab\u6f22 \u55ae\u8eab \u9b6f\u86c7 \u5c4c\u7d72 \u80a5\u5b85",
        "likeCount": "12804",
        "commentCount": "1092",
        "viewCount": "697247"
    },
    "comments": [
        {
            "reply_id": "UgxdwIDq_dHBEx5NLPR4AaABAg",
            "reply_content": "\u770b\u5b8c\u53ea\u89ba\u5f97\u90a3\u500b\u5973\u7684\u6709\u75c5",
            "likeCount": 0
        },
        {
            "reply_id": "UgyQ0lJBIK_e51ndPNx4AaABAg",
            "reply_content": "\u6211\u4e0d\u6015\u5225\u4eba\u7684\u5730\u96f7,\u56e0\u70ba\u6211\u7684\u5730\u96f7\u662f\u7121\u76e1\u7684\u6211\u4e00\u751f\u6c23\u5c31\u662f\u60e1\u5922\u7684\u958b\u59cb",
            "likeCount": 0
        },
        {
            "reply_id": "Ugw_q4PEoBYrclLeCE54AaABAg",
            "reply_content": "\u66b4\u6012\u90a3\u5c0d\u7d14\u7cb9\u4e0d\u5408\u5566",
            "likeCount": 0
        },
        {
            "reply_id": "UgzMz383UGmj9nyhpTR4AaABAg",
            "reply_content": "\u6296\u8173\u5c31\u8b8a\u6027\u9a37\u64fe\u771f\u7684\u5475\u5475\uff0c\u6d77\u6e2f\u57ce\u7b49\u7d1a\u7684\u5973\u6b0a",
            "likeCount": 0
        },
        {
            "reply_id": "Ugxr5-_69JLFguhqhV14AaABAg",
            "reply_content": "\u6211\u5230\u73fe\u5728\u624d\u77e5\u9053\u539f\u4f86\u6253\u62cb\u8c6c\u662f\u6cf0\u5f0f\u6599\u7406",
            "likeCount": 0
        },
        {
            "reply_id": "UgyPPCj6zwqCqxExB1N4AaABAg",
            "reply_content": "\u53f0\u5973\u597d\u7169",
            "likeCount": 0
        },
        {
            "reply_id": "UgyPyNXSovMYBbeeuip4AaABAg",
            "reply_content": "\u76f4\u63a5\u51fa\u4e00\u90e8\u5f71\u7247\u8e29\u5230\u6240\u6709\u4eba\u7684\u5730\u96f7 \u679c\u7136\u662f\u72e0\u8173\u8272",
            "likeCount": 0
        },
        {
            "reply_id": "UgzL94WtGbvRqwpFLBl4AaABAg",
            "reply_content": "\u9858\u5979\u7121\u7537\u53cb",
            "likeCount": 0
        },
        {
            "reply_id": "Ugwlg2CueUHopU1LtRx4AaABAg",
            "reply_content": "\u4e09\u9910\u9b6f\u8089\u98ef\u6211\u53ef\u4ee5",
            "likeCount": 0
        },
        {
            "reply_id": "UgwG91KoBOlHH2XcF4t4AaABAg",
            "reply_content": "\u5171\u6642\u6027",
            "likeCount": 0
        },
        {
            "reply_id": "UgwyRlSuhITs9FBYjFh4AaABAg",
            "reply_content": "\u70ba\u4e86\u4e7e\u7239\u7d66\u4f60\u8d0a",
            "likeCount": 0
        },
        {
            "reply_id": "UgyicwuQG8mVOhrT1OF4AaABAg",
            "reply_content": "\u53e3\u6c23\u90a3\u500b\u771f\u7684\u5f88\u96de\u63b0",
            "likeCount": 0
        },
        {
            "reply_id": "UgwapZWiPqVWtmE5HXF4AaABAg",
            "reply_content": "\u614b\u5ea6\u5920\u4e86\u6c92\u54c8\u54c8\u54c8",
            "likeCount": 0
        },
        {
            "reply_id": "UgzdgPedIChJs0ZCjdR4AaABAg",
            "reply_content": "\u5169\u5206\u9418\u54ea\u88e1\u6839\u672c\u6211\u7537\u53cb",
            "likeCount": 0
        },
        {
            "reply_id": "UgwM0rJI8Ad1sqWv8vN4AaABAg",
            "reply_content": "\u614b\u5ea6\u5dee\u90a3\u908a\u7b11\u5230\u5598\u4e0d\u904e\u6c23",
            "likeCount": 0
        },
        {
            "reply_id": "UgxAhV6-0rsZCQRcVkZ4AaABAg",
            "reply_content": "\u4f60\u670b\u53cb\u7684\u5973\u53cb\u662f\u4f60\u5973\u53cb\u55ce",
            "likeCount": 0
        },
        {
            "reply_id": "UgyOPVYikqMVpQKFysV4AaABAg",
            "reply_content": "\u60c5\u4fb6\u5435\u67b6\u90a3\u908a\u932f\u7684\u80af\u5b9a\u90fd\u662f\u90a3\u5973\u7684",
            "likeCount": 0
        },
        {
            "reply_id": "UgxVjhR2zcNrwxMrdkt4AaABAg",
            "reply_content": "\u6191\u5be6\u529b\u55ae\u8eab",
            "likeCount": 0
        },
        {
            "reply_id": "Ugxx4N3r0kVZys1bR5F4AaABAg",
            "reply_content": "\u7206\u6c23\u5973\u597d\u5641\u5fc3",
            "likeCount": 0
        },
        {
            "reply_id": "UgyNLEp-TzoRSeAhLcV4AaABAg",
            "reply_content": "\u9019\u6d0b\u8525\u4f60\u5973\u670b\u53cb\u5427",
            "likeCount": 0
        },
        {
            "reply_id": "UgyITrFqNLekeYfPWhd4AaABAg",
            "reply_content": "\u5973\u751f\u5f88\u8b93\u4eba\u641e\u4e0d\u61c2",
            "likeCount": 0
        },
        {
            "reply_id": "UgxllmS9QVbJy_KA9SR4AaABAg",
            "reply_content": "\u7206\u6c23\u5973\u8981\u8b93\u4eba\u4e2d\u98a8\u4e86",
            "likeCount": 0
        },
        {
            "reply_id": "UgwnG9txxJXKc_xKJjF4AaABAg",
            "reply_content": "\u66b4\u6012\u5973\u771f\u7684\u7121\u6cd5 \u73fe\u5be6\u9019\u7a2e\u4eba\u771f\u7684\u5f88\u96e3\u56db\u4f3a\u5019",
            "likeCount": 1
        },
        {
            "reply_id": "UgykuxpKvpbcAYX7WXZ4AaABAg",
            "reply_content": "\u771f\u7684\u6b20\u6241\u54c8\u54c8",
            "likeCount": 0
        },
        {
            "reply_id": "Ugxvj78bkFZLpvAJPrJ4AaABAg",
            "reply_content": "\u5e79\u90a3\u500b\u90a3\u500b\u6709\u614b\u5ea6\u554f\u984c\u7684\u5973\u751f\u6700\u8a0e\u53ad",
            "likeCount": 0
        }
    ]
}