{
    "video_info": {
        "id": "h0tts-iZGIE",
        "channelTitle": "Onion Man",
        "title": "Onion Man | \u76e4\u9ede\u6d0b\u85252022\u5341\u5927\u7db2\u8cfc\u5783\u573e\uff01\u6bcf\u6708\u7292\u8cde\u81ea\u5df1\u7684\u734e\u52f5  | \u7d13\u89e3\u58d3\u529b\u5927\u6cd5\uff01",
        "description": "\u8cb7\u6771\u897f\u503c\u4e0d\u503c\u5f97 \u5b8c\u5168\u53d6\u6c7a\u4f60\u7684\u5fc3\n\u6240\u4ee5\u5225\u56e0\u70ba\u65c1\u4eba\u8aaa\u4f60\u7684\u6536\u85cf\u662f\u5783\u573e\u5c31\u505c\u6b62\u82b1\u9322\u54e6\n\n\u3010\u8a02\u95b1\u3011\u53ca\u89c0\u770b\u6d0b\u8525\u66f4\u591a\u5f71\u7247: https://goo.gl/ijP3Eb\n\n\u5de5\u4f5c\u5408\u4f5c\uff1aonionmanwork@gmail.com\nOnion Man \u767e\u842c\u8ffd\u8e64\u7c89\u7d72\u5718:goo.gl/Z5CSvw\n\n\u6700\u65b0\u963f\u6587\u8cbc\u5716:https://reurl.cc/GxYjA\n\n\u7b2c\u4e00\u4ee3\u963f\u6587line\u8cbc\u5716:https://reurl.cc/Wroxx\n\n\u6d0b\u8525\u79c1\u751f\u6d3bIG:https://www.instagram.com/onionman__/\n\n\n\u904b\u52d5\u6f2b\u756b\u88e1\u7684\u4e2d\u4e8c\u8001\u6897\u5287\u60c5\n\u25ba\u7b2c\u4e00\u96c6:https://youtu.be/cMoV1rPH35k\n\u25ba\u7b2c\u4e8c\u96c6:https://youtu.be/iW7LM00lny0\n\u25ba\u7b2c\u4e09\u96c6:https://youtu.be/2G5wu61uCM0\n\u25ba\u7b2c\u56db\u96c6:https://youtu.be/-rP1abYv8n4\n\nOnion Man \u95dc\u9375\u5b57:\n\u4e2d\u4e8c \u80a5\u5b85 \u55ae\u8eab\u6f22 \u55ae\u8eab \u9b6f\u86c7 \u5c4c\u7d72 \u80a5\u5b85",
        "likeCount": "9173",
        "commentCount": "998",
        "viewCount": "656120"
    },
    "comments": [
        {
            "reply_id": "Ugx0QESsFjUFcnLUKJt4AaABAg",
            "reply_content": "\u6bcf\u6b21\u53ea\u8981\u5fc3\u60c5\u4f4e\u843d\u5c31\u6703\u4f86\u770b\u6d0b\u8525\u7684\u5f71\u7247\u80fd\u8b93\u6211\u7684\u5fc3\u60c5\u8b8a\u597d",
            "likeCount": 1
        },
        {
            "reply_id": "Ugyr8akR_ufnLoR5w1t4AaABAg",
            "reply_content": "\u6d0b\u8525\u7528\u4e0d\u8981\u7684\u6771\u897f\u8ce3\u7684\u8a71\u6211\u5168\u6536",
            "likeCount": 0
        },
        {
            "reply_id": "Ugz7Y8-6YK8GFGlf6o14AaABAg",
            "reply_content": "\u8fd9\u9752\u773c\u767d\u9f99\u4e0d\u9519\u54e6",
            "likeCount": 0
        },
        {
            "reply_id": "UgxuT47-SLj5DiQuFgp4AaABAg",
            "reply_content": "\u63a8\u9322\u6a5f\u771f\u7684\u5ee2",
            "likeCount": 0
        },
        {
            "reply_id": "UgwvPzu0xwV8nOog6Y14AaABAg",
            "reply_content": "\u6d0b\u8525\u7684\u90a3\u500b\u516c\u5712\u662f\u7c21\u6613\u5427",
            "likeCount": 0
        },
        {
            "reply_id": "UgxDV5wZRCpkbD3ODvh4AaABAg",
            "reply_content": "\u660e\u660e\u5c31\u5f88\u7626\u963f",
            "likeCount": 0
        },
        {
            "reply_id": "UgwJPL_fRb-D1AtvWtB4AaABAg",
            "reply_content": "\u7a81\u7136\u89ba\u5f97\u518d\u5e7e\u5e74\u6d0b\u8525\u7db2\u8cfc\u4e0b\u53bb\u61c9\u8a72\u80fd\u8cb7\u623f\u5b50\u4e86\u5594\u2026",
            "likeCount": 0
        },
        {
            "reply_id": "Ugz34PPO-zwzxmqzVRB4AaABAg",
            "reply_content": "\u6211\u4e5f\u559c\u6b22\u9f99\u73e0",
            "likeCount": 0
        },
        {
            "reply_id": "UgyNzOVMRxufuVqNgQV4AaABAg",
            "reply_content": "\u90a3\u500b\u9f3b\u6bdb\u526a\u96f7",
            "likeCount": 0
        },
        {
            "reply_id": "UgyQF6UQaOI5iqYlSbl4AaABAg",
            "reply_content": "\u6211\u4e5f\u89ba\u5f97\u5206\u9322\u6a5f\u597d\u7528",
            "likeCount": 0
        },
        {
            "reply_id": "UgxtOV2GPNA173tPU8t4AaABAg",
            "reply_content": "\u90a3\u500b\u63a8\u9322\u6a5f\uff0c\u8b93\u6211\u60f3\u5230\u4e86\u66fe\u7d93\u7684\u5341\u500d\u96fb\u529b\u7cfb\u5217",
            "likeCount": 0
        },
        {
            "reply_id": "UgzB4E_ufHWEQOfWwyt4AaABAg",
            "reply_content": "\u8dea\u6c42\u8525\u54e5\u5531\u6574\u9996\u6211\u9084\u5e74\u8f15",
            "likeCount": 0
        },
        {
            "reply_id": "UgxV_-NQnLTTBY8c8IZ4AaABAg",
            "reply_content": "\u5bec\u9b06\u8932\u5b50\u633a\u597d\u770b\u7684\u5176\u5be6",
            "likeCount": 0
        },
        {
            "reply_id": "Ugw-YjSnv5KF_kvT8BZ4AaABAg",
            "reply_content": "\u6d0b\u8525\u4f60\u624b\u8868\u4e0d\u932f\u5594",
            "likeCount": 0
        },
        {
            "reply_id": "UgysrTtt89KxO3L4rFp4AaABAg",
            "reply_content": "\u4e0d\u611b\u82b1\u9322\u7684\u6211\u662f\u4e0d\u662f\u602a\u4eba",
            "likeCount": 0
        },
        {
            "reply_id": "UgzblJVTQecY0AhSHj54AaABAg",
            "reply_content": "\u6709\u9322\u4e86",
            "likeCount": 0
        },
        {
            "reply_id": "UgzQ1X8qUX8L9DFq8Qd4AaABAg",
            "reply_content": "\u4e0d\u8bf4\u8bf4\u81ea\u5df1\u76f8\u673a\u8bbe\u5907\u5417",
            "likeCount": 0
        },
        {
            "reply_id": "UgzPl55ZT00QMFbmeKJ4AaABAg",
            "reply_content": "\u771f\u7684\u6709\u540c\u611f\u96d6\u7136\u9322\u5674\u4e86\u53ef\u662f\u771f\u7684\u6709\u8aaa\u4e0d\u51fa\u7684\u723d\u611f",
            "likeCount": 0
        },
        {
            "reply_id": "UgzAjmoUv1vyz6a4umF4AaABAg",
            "reply_content": "\u8cb7\u500b\u9109\u4e0b\u623f\u5b50\u76f4\u63a5\u56e4\u7a4d\u7db2\u8cfc\u5546\u54c1",
            "likeCount": 0
        },
        {
            "reply_id": "Ugy4qWlMCVwh8LzKxBp4AaABAg",
            "reply_content": "\u78ba\u5b9a\u5176\u5be6\u60f3\u5403\u7684\u4e0d\u662f\u8d85\u76f4\u767d\u55ce",
            "likeCount": 0
        },
        {
            "reply_id": "UgxiQ5hBoJQi70N1ZMp4AaABAg",
            "reply_content": "\u5206\u9322\u6a5f\u597d\u5c4c\u54e6",
            "likeCount": 0
        },
        {
            "reply_id": "Ugyy1qXCKnGWiJ9pRah4AaABAg",
            "reply_content": "\u5ba4\u5167\u7528\u62f3\u64ca\u6a5f\u4f46\u662f\u592a\u5435\u8981\u53bb\u5916\u9762\u4f7f\u7528",
            "likeCount": 0
        },
        {
            "reply_id": "UgxGQ1DPxs6UfcmGZUJ4AaABAg",
            "reply_content": "\u770b\u66f8\u6703\u5c07\u7cbe\u795e\u529b\u653e\u5728\u66f8\u4e0a\uff0c\u6240\u4ee5\u7dca\u7e43\u7684\u795e\u7d93\u90fd\u653e\u9b06\u4e86",
            "likeCount": 0
        },
        {
            "reply_id": "UgxlXo3mAjawiNAIaxF4AaABAg",
            "reply_content": "\u6709\u9ede\u4e0d\u592a\u74b0\u4fdd",
            "likeCount": 0
        },
        {
            "reply_id": "UgzhxBWHT0IOhIz8WdJ4AaABAg",
            "reply_content": "\u6562\u554f\u6d0b\u8525\u662f\u91d1\u725b\u5ea7\u55ce",
            "likeCount": 0
        }
    ]
}