{
    "video_info": {
        "id": "HmMFDeEGgh0",
        "channelTitle": "Onion Man",
        "title": "\u300c\u8d85\u7d1a\u80a5\u5b85\u4eba\uff1a\u767e\u842c\u9802\u4e0a\u6230\u722d\u300dHD\u6b63\u5f0f\u9810\u544a | Onion Man",
        "description": "\u660e\u665a9~10\u9ede\u767c\u5e03\n\u6b63\u7bc7\u8acb\u770b:https://www.youtube.com/watch?v=IvgbDNfUtxo&ab_channel=OnionMan\n\u524d\u4e09\u96c6\u8acb\u770b\u9023\u7d50\n20\u842c\u8a02\u95b1:https://www.youtube.com/watch?v=pcrQAvHdD_g&ab_channel=OnionMan\n60\u842c\u8a02\u95b1:https://www.youtube.com/watch?v=q77dzGP0kLE&ab_channel=OnionMan\n80\u842c\u8a02\u95b1:https://www.youtube.com/watch?v=rIhUQ-IZzGs&ab_channel=OnionMan\n\n\u3010\u8a02\u95b1\u3011\u53ca\u89c0\u770b\u6d0b\u8525\u66f4\u591a\u5f71\u7247: https://goo.gl/ijP3Eb\n\n\u5de5\u4f5c\u5408\u4f5c\uff1aonionmanwork@gmail.com\nOnion Man \u767e\u842c\u8ffd\u8e64\u7c89\u7d72\u5718:goo.gl/Z5CSvw\n\n\u6700\u65b0\u963f\u6587\u8cbc\u5716:https://reurl.cc/GxYjA\n\n\u7b2c\u4e00\u4ee3\u963f\u6587line\u8cbc\u5716:https://reurl.cc/Wroxx\n\n\u6d0b\u8525\u79c1\u751f\u6d3bIG:https://www.instagram.com/onionman__/\n\n\n\u904b\u52d5\u6f2b\u756b\u88e1\u7684\u4e2d\u4e8c\u8001\u6897\u5287\u60c5\n\u25ba\u7b2c\u4e00\u96c6:https://youtu.be/cMoV1rPH35k\n\u25ba\u7b2c\u4e8c\u96c6:https://youtu.be/iW7LM00lny0\n\u25ba\u7b2c\u4e09\u96c6:https://youtu.be/2G5wu61uCM0\n\u25ba\u7b2c\u56db\u96c6:https://youtu.be/-rP1abYv8n4\n\nOnion Man \u95dc\u9375\u5b57:\n\u4e2d\u4e8c \u80a5\u5b85 \u55ae\u8eab\u6f22 \u55ae\u8eab \u9b6f\u86c7 \u5c4c\u7d72 \u80a5\u5b85",
        "likeCount": "6039",
        "commentCount": "523",
        "viewCount": "241382"
    },
    "comments": [
        {
            "reply_id": "Ugx9zjPhIR9Wn22GVER4AaABAg",
            "reply_content": "\u6709\u5546\u6a5f",
            "likeCount": 2
        },
        {
            "reply_id": "UgzLekZ5sFFc-p-0GJh4AaABAg",
            "reply_content": "\u8981\u5c0d\u4ed8\u7684\u6bcf\u500b\u90fd\u4e0d\u662f\u597d\u60f9\u7684",
            "likeCount": 1
        },
        {
            "reply_id": "UgxWzfqFI_JUMUJ-t7N4AaABAg",
            "reply_content": "\u660e\u660e\u5df2\u7ecf\u5230\u8fbe\u4e00\u767e\u4e07\u8ba2\u9605\u8fd9\u4e48\u4e45\u624d\u505a\uff0c\u6d0b\u8471\u679c\u7136\u662f\u4e2a\u72e0\u89d2\u8272",
            "likeCount": 0
        },
        {
            "reply_id": "UgwpEd9qgAkVUvJ4DoF4AaABAg",
            "reply_content": "\u671f\u5f85\u5343\u842c\u8a02\u95b1\u7684",
            "likeCount": 0
        },
        {
            "reply_id": "UgycfN2wQNyCtBwQGod4AaABAg",
            "reply_content": "\u6d0b\u8525\u65b0\u5e74\u5feb\u6a02",
            "likeCount": 0
        },
        {
            "reply_id": "UgzzxhX50lyrW9AeHJx4AaABAg",
            "reply_content": "\u7ec8\u4e8e",
            "likeCount": 0
        },
        {
            "reply_id": "UgyG-YMTM42L9XoPoEp4AaABAg",
            "reply_content": "\u679c\u7136\u662f\u500b\u72e0\u89d2\u8272",
            "likeCount": 0
        },
        {
            "reply_id": "Ugw-6O3I7MDsnoPNX6V4AaABAg",
            "reply_content": "\u8525\u54e5\u8981\u9032\u5165\u7684\u7a76\u6975\u9032\u5316\u4e86\u55ce",
            "likeCount": 0
        },
        {
            "reply_id": "UgxdDdv6EBuhL50-kI14AaABAg",
            "reply_content": "\u7b49\u5f88\u4e45\u4e86",
            "likeCount": 0
        },
        {
            "reply_id": "Ugzh2r83h3rsnM6zlSd4AaABAg",
            "reply_content": "\u6d0b\u8525\u62cd\u96fb\u5f71\u4e00\u5b9a\u7b2c\u4e00\u500b\u6c96\u5230\u5f71\u9662",
            "likeCount": 0
        },
        {
            "reply_id": "UgxATD1dHSFO5EVjQPZ4AaABAg",
            "reply_content": "\u9f8d\u73e0\u8d85\u7684\u97f3\u6a02\u51fa\u4f86\u6211\u76f4\u63a5\u96de\u76ae\u7599\u7629",
            "likeCount": 0
        },
        {
            "reply_id": "UgxvdsoMMaCI_D-yC1B4AaABAg",
            "reply_content": "\u662f\u9f8d\u73e0\u8d85\u8036",
            "likeCount": 0
        },
        {
            "reply_id": "UgzhKyguI_sedVH3Ip54AaABAg",
            "reply_content": "\u81ea\u5728\u6975\u6613\u90a3\u6642\u5019\u8981\u51fa\u4f86",
            "likeCount": 0
        },
        {
            "reply_id": "UgyuqkSDaYBBOeVg0rZ4AaABAg",
            "reply_content": "\u671f\u5f85\u5f88\u4e45\u7d42\u65bc\u4f86\u62c9",
            "likeCount": 0
        },
        {
            "reply_id": "UgwgrhZGWUn4I_AlnVl4AaABAg",
            "reply_content": "\u7d42\u65bc\u7b49\u5230\u5566\u8525\u54e5\u679c\u7136\u662f\u72e0\u89d2\u8272",
            "likeCount": 0
        },
        {
            "reply_id": "Ugyfgci1QPk6CPrTqct4AaABAg",
            "reply_content": "\u4e5f\u592a\u71c3\u4e86\u5427",
            "likeCount": 0
        },
        {
            "reply_id": "UgypgT1pj4Op1qllJ7d4AaABAg",
            "reply_content": "\u4ed6\u7d42\u65bc\u60f3\u8d77\u4f86",
            "likeCount": 0
        },
        {
            "reply_id": "Ugwz36vHgj0AlcICvg14AaABAg",
            "reply_content": "\u7b49\u9019\u90e8\u5f88\u4e45\u5566",
            "likeCount": 0
        },
        {
            "reply_id": "UgylMSYualVu_4EY4XV4AaABAg",
            "reply_content": "\u7d42\u65bc\u7b49\u5230\u4e86",
            "likeCount": 0
        },
        {
            "reply_id": "Ugwk7M0W8w62YELoukB4AaABAg",
            "reply_content": "\u7d42\u65bc\u51fa\u4e86\u6211\u7b49\u597d\u4e45",
            "likeCount": 0
        },
        {
            "reply_id": "UgzlFG5TpVWoddKxEWF4AaABAg",
            "reply_content": "\u7d42\u65bc\u554a",
            "likeCount": 0
        },
        {
            "reply_id": "Ugy6LEJyRZxI0UO_2lV4AaABAg",
            "reply_content": "\u6d0b\u8471\u771f\u7684\u5f88\u7231\u9f99\u73e0\u8036",
            "likeCount": 0
        },
        {
            "reply_id": "UgyW-u2e7KtJY71M_RV4AaABAg",
            "reply_content": "\u4e0d\u6127\u6211\u8525\u54e5\u83dc\u5e25\u4e86",
            "likeCount": 0
        },
        {
            "reply_id": "UgwVkhzAaGa_FjgqWvN4AaABAg",
            "reply_content": "\u62d6\u4e86\u597d\u4e45",
            "likeCount": 0
        },
        {
            "reply_id": "UgzsJG4fugcdN3Q8bOh4AaABAg",
            "reply_content": "\u7d42\u65bc\u8981\u4f86\u4e86",
            "likeCount": 0
        }
    ]
}