{
    "video_info": {
        "id": "HzauI0wQ6Xo",
        "channelTitle": "Onion Man",
        "title": "Onion Man | \u51fa\u570b\u5927\u96f7\u5305\uff01\u5728\u6f06\u9ed1\u96ea\u5c71\u88e1\u5f04\u4e1fIPHONE..\u5927\u6d77\u6488\u91dd\uff01\u7b49\u4e86\u6574\u665a\u7684\u7da0\u8272\u5929\u7a7a\u6975\u5149\uff01",
        "description": "-8\u5ea6\u96ea\u5c71\u88e1\u5f85\u4e865\u5c0f\u6642\uff0c\u5c31\u70ba\u4e86\u90a3\u500b\u6975\u5149\u5566\u2026\u807d\u8aaa\u524d\u5e7e\u5718\u90fd\u6c92\u770b\u5230..\u771f\u662f\u4e00\u5834\u8ced\u6ce8\u554a\n\n\u3010\u8a02\u95b1\u3011\u53ca\u89c0\u770b\u6d0b\u8525\u66f4\u591a\u5f71\u7247: https://goo.gl/ijP3Eb\n\n\u5de5\u4f5c\u5408\u4f5c\uff1aonionmanwork@gmail.com\nOnion Man \u767e\u842c\u8ffd\u8e64\u7c89\u7d72\u5718:goo.gl/Z5CSvw\n\n\u6700\u65b0\u963f\u6587\u8cbc\u5716:https://reurl.cc/GxYjA\n\n\u7b2c\u4e00\u4ee3\u963f\u6587line\u8cbc\u5716:https://reurl.cc/Wroxx\n\n\u6d0b\u8525\u79c1\u751f\u6d3bIG:https://www.instagram.com/onionman__/\n\n\n\u904b\u52d5\u6f2b\u756b\u88e1\u7684\u4e2d\u4e8c\u8001\u6897\u5287\u60c5\n\u25ba\u7b2c\u4e00\u96c6:https://youtu.be/cMoV1rPH35k\n\u25ba\u7b2c\u4e8c\u96c6:https://youtu.be/iW7LM00lny0\n\u25ba\u7b2c\u4e09\u96c6:https://youtu.be/2G5wu61uCM0\n\u25ba\u7b2c\u56db\u96c6:https://youtu.be/-rP1abYv8n4\n\nOnion Man \u95dc\u9375\u5b57:\n\u4e2d\u4e8c \u80a5\u5b85 \u55ae\u8eab\u6f22 \u55ae\u8eab \u9b6f\u86c7 \u5c4c\u7d72 \u80a5\u5b85",
        "likeCount": "11200",
        "commentCount": "832",
        "viewCount": "677464"
    },
    "comments": [
        {
            "reply_id": "Ugwrx7aFK407nrQZK4V4AaABAg",
            "reply_content": "\u81ea\u5df1\u6c92\u8fa6\u6cd5\u51fa\u570b\u5c31\u559c\u6b61\u770b\u5225\u4eba\u51fa\u904a\u7684\u5f71\u7247\uff0c\u8b1d\u8525\u54e5",
            "likeCount": 3
        },
        {
            "reply_id": "Ugy2uFzkzoxcD_Pa8XF4AaABAg",
            "reply_content": "\u53f8\u6a5f\u5927\u54e5\u53ef\u80fd\u5f88\u7121\u5948\u5427",
            "likeCount": 1
        },
        {
            "reply_id": "UgxBkAavSOWR-fFZCWR4AaABAg",
            "reply_content": "\u5ee2\u7247\u4e5f\u80fd\u5f97\u734e\u54c8\u54c8\u54c8",
            "likeCount": 0
        },
        {
            "reply_id": "UgwUMmMmhuOyH_Kgr6d4AaABAg",
            "reply_content": "\u90a3\u500b\u96ea\u4eba\u624d\u662f\u5168\u5834\u6700\u6696\u6700\u8212\u670d\u7684\u4eba,\u800c\u4e14\u9084\u6709\u9322\u8cfa\u554a",
            "likeCount": 0
        },
        {
            "reply_id": "Ugy30N7Ssd7VsP3qphN4AaABAg",
            "reply_content": "\u4e5d\u9762\u4eba\u7684\u806f\u540d\u771f\u7684\u662f\u76e4\u5b50\u624d\u6703\u53bb\u8cb7 \u53c8\u8cb4\u53c8\u6c92\u5230\u5f88\u597d\u5403",
            "likeCount": 0
        },
        {
            "reply_id": "UgzzBzw7bPRwiZV6GJh4AaABAg",
            "reply_content": "\u9019\u7247\u8b93\u6211\u5f9e\u982d\u7b11\u5230\u5c3e",
            "likeCount": 0
        },
        {
            "reply_id": "UgxqygGB1_eDyjruDuJ4AaABAg",
            "reply_content": "\u597d\u71b1\u8840\u5929\u554a",
            "likeCount": 0
        },
        {
            "reply_id": "Ugw-vKuMOoRm1qn44cl4AaABAg",
            "reply_content": "\u5feb\u7b11\u6b7b",
            "likeCount": 0
        },
        {
            "reply_id": "Ugx6bYvNw3JREM6pp1Z4AaABAg",
            "reply_content": "\u6389\u624b\u6a5f\u627e\u56de\u4f86\u771f\u7684\u662f\u9019\u500b\u6545\u4e8b\u4e2d\u7684\u610f\u5916\u4e2d\u7684\u7f8e\u597d\u56de\u61b6~",
            "likeCount": 0
        },
        {
            "reply_id": "Ugxjp7vveJCpHTazltl4AaABAg",
            "reply_content": "\u65c5\u4f34\u6709\u8c6c\u968a\u53cb\u771f\u7684\u5f88\u75db\u82e6\u554a",
            "likeCount": 0
        },
        {
            "reply_id": "UgwnXlEJ20W2O70i5u94AaABAg",
            "reply_content": "\u60f3\u5230\u6211\u6709\u4e00\u5e74\u8056\u8a95\u7bc0\u53bb\u51b0\u5cf6\u9023\u770b\u5169\u5929\u6975\u5149\u90fd\u6c92\u770b\u5230\ud83d\ude02",
            "likeCount": 0
        },
        {
            "reply_id": "Ugxcc9xNFNbY2Muc4bZ4AaABAg",
            "reply_content": "\u542c\u6d0b\u8471\u6a21\u4eff\u5317\u4eac\u4eba\u8bf4\u8bdd\u592a\u597d\u7b11\u4e86",
            "likeCount": 0
        },
        {
            "reply_id": "Ugw-HvcuqQLXcmMS2954AaABAg",
            "reply_content": "\u4e5f\u592a\u611f\u52d5",
            "likeCount": 0
        },
        {
            "reply_id": "Ugy43Rl1JnzmNiSeo4R4AaABAg",
            "reply_content": "\u5967\u5ba2",
            "likeCount": 0
        },
        {
            "reply_id": "UgxcWzucaa8c_NjJuh14AaABAg",
            "reply_content": "\u540c\u610f",
            "likeCount": 0
        },
        {
            "reply_id": "Ugx3BDWoMCCMa_7zeFJ4AaABAg",
            "reply_content": "\u6d0b\u8471\u5feb\u8bf4\u6211\u60f3\u8981\u62ff\u56de\u624b\u673a\u597d\u50cf\u5728\u6d77\u8d3c\u738b\u770b\u8fc7\u554a\u54c8\u54c8\u54c8\u54c8\ud83d\ude02",
            "likeCount": 0
        },
        {
            "reply_id": "UgzAJz1jJ8teRtnTpDx4AaABAg",
            "reply_content": "\u4f60\u8d85\u96f7",
            "likeCount": 0
        },
        {
            "reply_id": "UgxCyNy1uE4w8k33T1t4AaABAg",
            "reply_content": "\u883b\u597d\u770b\u7684\u4f46\u4e5d\u59b9\u90a3\u4e9b\u6771\u897f\u771f\u7684\u96e3\u5403",
            "likeCount": 0
        },
        {
            "reply_id": "Ugwki3yB7wMATw_RmTt4AaABAg",
            "reply_content": "\u627e\u624b\u6a5f\u597d\u71b1\u8840",
            "likeCount": 0
        },
        {
            "reply_id": "Ugw080N2Ujqi1jmw5ad4AaABAg",
            "reply_content": "\u5728\u8ce4\u4fdd\u7684\u5f71\u7247\u88e1\u770b\u5f97\u5230\u4f60\u7684\u624b\u6a5f\u5f9e\u53e3\u888b\u6ed1\u51fa\u4f86\ud83d\ude02",
            "likeCount": 0
        },
        {
            "reply_id": "UgzPfK5UpwWmK1XSi7x4AaABAg",
            "reply_content": "\u627e\u56de\u624b\u6a5f\u600e\u9ebc\u641e\u5f97\u8ddf\u4e09\u4e95\u58fd\u6253\u7c43\u7403\u4e00\u6a23\u717d\u60c5",
            "likeCount": 0
        },
        {
            "reply_id": "UgwOHaafl55Qss6b1qN4AaABAg",
            "reply_content": "\u6709\u4f60\u9019\u7a2e\u5fd8\u6771\u5fd8\u897f\u7684\u5718\u53cb\u771f\u7684\u597d\u7169",
            "likeCount": 0
        },
        {
            "reply_id": "Ugwvo3hZGav2P9IhHNZ4AaABAg",
            "reply_content": "\u540c\u610f",
            "likeCount": 0
        },
        {
            "reply_id": "UgyNyysii8A0lej3OF94AaABAg",
            "reply_content": "\u5ba2\u5bb6\u5144\u5f1f\u7b11\u6b7b\u4eba",
            "likeCount": 0
        },
        {
            "reply_id": "Ugwboz_19MJMH5UWvWR4AaABAg",
            "reply_content": "\u6253\u5de5\u96ea\u4eba\u5f88\u50cf\u5168\u806f\u798f\u5229\u718a",
            "likeCount": 0
        }
    ]
}