{
    "video_info": {
        "id": "IUfoO3BkMy0",
        "channelTitle": "Onion Man",
        "title": "Onion Man | \u6d0b\u8525\u61a7\u61ac\u7684\u5929\u624d | \u771f\u5be6\u6545\u4e8b\u7cfb\u5217",
        "description": "\u6587\u8207\u6b66\u90fd\u9054\u5230\u6975\u81f4\u7684\u5929\u624d\uff0c\u6211\u60f3\u5c31\u53ea\u6709\u4ed6\u4e86\n\n\u3010\u8a02\u95b1\u3011\u53ca\u89c0\u770b\u6d0b\u8525\u66f4\u591a\u5f71\u7247: https://goo.gl/ijP3Eb\n\n\u5de5\u4f5c\u5408\u4f5c\uff1aonionmanwork@gmail.com\nOnion Man \u767e\u842c\u8ffd\u8e64\u7c89\u7d72\u5718:goo.gl/Z5CSvw\n\n\u6700\u65b0\u963f\u6587\u8cbc\u5716:https://reurl.cc/GxYjA\n\n\u7b2c\u4e00\u4ee3\u963f\u6587line\u8cbc\u5716:https://reurl.cc/Wroxx\n\n\u6d0b\u8525\u79c1\u751f\u6d3bIG:https://www.instagram.com/onionman__/\n\n\n\u904b\u52d5\u6f2b\u756b\u88e1\u7684\u4e2d\u4e8c\u8001\u6897\u5287\u60c5\n\u25ba\u7b2c\u4e00\u96c6:https://youtu.be/cMoV1rPH35k\n\u25ba\u7b2c\u4e8c\u96c6:https://youtu.be/iW7LM00lny0\n\u25ba\u7b2c\u4e09\u96c6:https://youtu.be/2G5wu61uCM0\n\u25ba\u7b2c\u56db\u96c6:https://youtu.be/-rP1abYv8n4\n\nOnion Man \u95dc\u9375\u5b57:\n\u4e2d\u4e8c \u80a5\u5b85 \u55ae\u8eab\u6f22 \u55ae\u8eab \u9b6f\u86c7 \u5c4c\u7d72 \u80a5\u5b85",
        "likeCount": "13692",
        "commentCount": "1563",
        "viewCount": "772940"
    },
    "comments": [
        {
            "reply_id": "Ugw_ucFZqrv8U9TqH3V4AaABAg",
            "reply_content": "\u4ed6\u662f\u4e0d\u662f\u5c31\u662f\u90a3\u500b\u982d\u9aee\u5243\u9583\u96fb\u7684\u4eba",
            "likeCount": 0
        },
        {
            "reply_id": "UgxbRJmNUaTqUSPsEuh4AaABAg",
            "reply_content": "\u6211\u56fd\u5c0f\u4e5f\u6709\u4e00\u4e2a\u5973\u751f\u6574\u5929\u4e00\u526f\u5f88\u8ba4\u771f\u7684\u6837\u5b50\u8ddf\u6211\u8bf4\u5979\u548c\u5973\u738b\u662f\u5976\u5976\u548c\u5b59\u5b50\u7684\u5173\u7cfb\u6628\u5929\u8fd8\u8ddf\u5979\u4e00\u8d77\u53bb\u5403\u665a\u9910\u4e86\uff0c\u5c0f\u65f6\u5019\u7684\u6211\u90fd\u4e0d\u77e5\u9053\u8be5\u4e0d\u8be5\u76f8\u4fe1\u4e86\ud83d\ude02",
            "likeCount": 0
        },
        {
            "reply_id": "Ugy-JWVRy5GfjP58mCZ4AaABAg",
            "reply_content": "\u8a72\u7d04\u6253\u7db2\u7403\u4e86\u55ce",
            "likeCount": 0
        },
        {
            "reply_id": "Ugwe2w2A9PpPP2XYmuh4AaABAg",
            "reply_content": "\u53cd\u793e\u6703\u4eba\u683c",
            "likeCount": 0
        },
        {
            "reply_id": "UgyIh0M2js4U3_IWtyx4AaABAg",
            "reply_content": "\u5f8c\u534a\u90e8\u5206\u8b8a\u4e2d\u4e8c\u8001\u6897",
            "likeCount": 0
        },
        {
            "reply_id": "UgyLaIBMjg66w2_cURl4AaABAg",
            "reply_content": "\u5587\u53ed\u5634",
            "likeCount": 0
        },
        {
            "reply_id": "Ugw6UmHhqIso7QAx9At4AaABAg",
            "reply_content": "\u539f\u4f86\u662f\u5e79\u8a71\u5929\u624d",
            "likeCount": 0
        },
        {
            "reply_id": "Ugx6LG3o7e87TGnIVsx4AaABAg",
            "reply_content": "\u54c8\u54c8\u54c8\u600e\u9ebc\u611f\u89ba\u5f88\u50cf\u80e1\u6912\u6216\u725b\u6392\u6703\u505a\u7684\u4e8b",
            "likeCount": 0
        },
        {
            "reply_id": "UgwG5Gj2431PcEI4FqV4AaABAg",
            "reply_content": "\u6703\u88ab\u7b11\u6b7b",
            "likeCount": 0
        },
        {
            "reply_id": "UgzX7tBkzx-9S5ZGwbt4AaABAg",
            "reply_content": "\u5f8c\u9762\u7db2\u7403\u90a3\u4e00\u6bb5\u6d0b\u8525\u662f\u4e0d\u662f\u7528\u4e0a\u4e86\u809b\u6e90\u6d41\u554a",
            "likeCount": 0
        },
        {
            "reply_id": "UgzWMnxNddZag3v_wjt4AaABAg",
            "reply_content": "\u6211\u5c0f\u5b78\u4e5f\u6709\u500b\u4e00\u6a23\u611b\u5439\u725b\u7684\u4eba",
            "likeCount": 0
        },
        {
            "reply_id": "UgynaSaTcvqbq3QdyUd4AaABAg",
            "reply_content": "\u5e79\u7b11\u6b7b",
            "likeCount": 0
        },
        {
            "reply_id": "Ugwmausu-oa8BZCOoRV4AaABAg",
            "reply_content": "\u6211\u6bcf\u500b\u73ed\u90fd\u6703\u6709\u9019\u7a2e\u4eba\u4f46\u6211\u6bcf\u6b21\u90fd\u76f4\u63a5\u62c6\u7a7f\u56e0\u70ba\u6211\u89ba\u5f97\u8d85\u7169",
            "likeCount": 0
        },
        {
            "reply_id": "Ugymgiogx7UNptjEiYN4AaABAg",
            "reply_content": "\u62bd",
            "likeCount": 0
        },
        {
            "reply_id": "UgwFx2elSG3uw01zN2t4AaABAg",
            "reply_content": "\u7b11\u6b7b",
            "likeCount": 0
        },
        {
            "reply_id": "Ugwq6kk-0fgMhtwII8Z4AaABAg",
            "reply_content": "\u6d0b\u8525\u7684\u570b\u4e00\u540c\u5b78\u800c\u4e14\u611b\u552c\u721b\ud83e\udd14\u8a72\u4e0d\u6703\u662f\u4e4b\u524d\u90a3\u96c6\u5f88\u611b\u8ddf\u6d0b\u8525\u6bd4\u8f03\u7684\u963f\u7693\u5427\u54c8\u54c8\u54c8",
            "likeCount": 0
        },
        {
            "reply_id": "UgyZVbAsOuOPkEPf5ZF4AaABAg",
            "reply_content": "\u767e\u7c73\u4e16\u754c\u7eaa\u5f55\u4e5d\u79d2\u4e94\u516b",
            "likeCount": 0
        },
        {
            "reply_id": "UgyMGZqi_NSumlYG68l4AaABAg",
            "reply_content": "\u6211\u570b\u5c0f\u4e5f\u662f\u5e02\u9577\u734e\u7684\u8aaa",
            "likeCount": 0
        },
        {
            "reply_id": "UgwFX9oI7vLCy1ZtLSJ4AaABAg",
            "reply_content": "\u6211\u4e5f\u8a8d\u8b58\u540c\u6a23\u6b3e\u7684\u4eba\uff0c\u53ea\u662f\u4ed6\u672a\u4f86\u4e26\u6c92\u6709\u904e\u7684\u6bd4\u8f03\u597d",
            "likeCount": 0
        },
        {
            "reply_id": "Ugym6PmFSnFDjYbd0iJ4AaABAg",
            "reply_content": "\u662f\u500b\u72e0\u89d2\u8272\u9023\u81ea\u5df1\u90fd\u9a19",
            "likeCount": 0
        },
        {
            "reply_id": "UgxKpg--fgHgz4UMOuJ4AaABAg",
            "reply_content": "\u4e5d\u79d2\u53ef\u4ee5\u6bd4\u5967\u904b\u4e86\u5566",
            "likeCount": 0
        },
        {
            "reply_id": "UgwfnT-103YYa6COtEN4AaABAg",
            "reply_content": "\u5317\u721b\u4eba\u6b38\u771f\u7684",
            "likeCount": 0
        },
        {
            "reply_id": "UgyLbK8zROiLGkGwkix4AaABAg",
            "reply_content": "\u54c8\u54c8\u54c8\u54c8\u6bcf\u4e2a\u5c0f\u5b66\u73ed\u91cc\u90fd\u6709\u90a3\u4e48\u4e9b\u4e2a\u6492\u8c0e\u4e0d\u6253\u8349\u7a3f\u5565\u90fd\u559c\u6b22\u62ff\u6765\u5439\u5f97\u50cf\u6a21\u50cf\u6837\u5b8c\u5168\u4e0d\u62c5\u5fc3\u88ab\u62c6\u7a7f\u7684\u4f20\u5947\u4eba\u7269",
            "likeCount": 0
        },
        {
            "reply_id": "Ugw0hHWH65kiyTcnWY54AaABAg",
            "reply_content": "\u9019\u500b\u552c\u721b\u80fd\u529b\u771f\u7684\u662f\u5929\u624d\u7b49\u7d1a\u7684\n\u6211\u7576\u521d\u4e5f\u8d85\u611b\u8ddf\u9ad8\u4e2d\u540c\u5b78\u4e00\u8d77\u552c\u721b\n\u8aaa\u5c0d\u65b9\u8003\u4e0a\u54c8\u4f5b\u5927\u5b78\u4ec0\u9ebc\u7684",
            "likeCount": 0
        },
        {
            "reply_id": "UgwmObPKAVgxeoDlHfp4AaABAg",
            "reply_content": "\u62bd\u62bd",
            "likeCount": 0
        }
    ]
}