{
    "video_info": {
        "id": "IvgbDNfUtxo",
        "channelTitle": "Onion Man",
        "title": "Onion Man | \u8d85\u7d1a\u80a5\u5b85\u4eba\uff1a\u767e\u842cyoutuber\u9802\u4e0a\u6230\u722d | \u4e2d\u4e8c\u5927\u9577\u7bc7 @joeman @AshanKouki   @huzi1989  @nsfwstudio @BIGSNAKEBALL",
        "description": "\u8acb\u5148\u8907\u7fd2\u524d\u4e09\u96c6\n20\u842c\u8a02\u95b1:https://www.youtube.com/watch?v=pcrQAvHdD_g&ab_channel=OnionMan\n60\u842c\u8a02\u95b1:https://www.youtube.com/watch?v=q77dzGP0kLE&ab_channel=OnionMan\n80\u842c\u8a02\u95b1:https://www.youtube.com/watch?v=rIhUQ-IZzGs&ab_channel=OnionMan\n\n\u6253\u9b25\u5206\u93e1:\u8449\u554f\u8a60\u6625\u3001\u9f8d\u73e0\u8d85\u3001\u9f8d\u73e0:\u5fa9\u6d3b\u7684f\u3001\u609f\u98efvs\u8cfd\u9b6f\u3001\u9cf4\u4ebavs\u6843\u5f0f\u3001\u7b2c\u4e00\u795e\u62f3\u3001\u970d\u5143\u7532\u3001\u6d77\u8cca\u738b\n\n\n\u3010\u8a02\u95b1\u3011\u53ca\u89c0\u770b\u6d0b\u8525\u66f4\u591a\u5f71\u7247: https://goo.gl/ijP3Eb\n\n\u5de5\u4f5c\u5408\u4f5c\uff1aonionmanwork@gmail.com\nOnion Man \u767e\u842c\u8ffd\u8e64\u7c89\u7d72\u5718:goo.gl/Z5CSvw\n\n\u6700\u65b0\u963f\u6587\u8cbc\u5716:https://reurl.cc/GxYjA\n\n\u7b2c\u4e00\u4ee3\u963f\u6587line\u8cbc\u5716:https://reurl.cc/Wroxx\n\n\u6d0b\u8525\u79c1\u751f\u6d3bIG:https://www.instagram.com/onionman__/\n\n\n\u904b\u52d5\u6f2b\u756b\u88e1\u7684\u4e2d\u4e8c\u8001\u6897\u5287\u60c5\n\u25ba\u7b2c\u4e00\u96c6:https://youtu.be/cMoV1rPH35k\n\u25ba\u7b2c\u4e8c\u96c6:https://youtu.be/iW7LM00lny0\n\u25ba\u7b2c\u4e09\u96c6:https://youtu.be/2G5wu61uCM0\n\u25ba\u7b2c\u56db\u96c6:https://youtu.be/-rP1abYv8n4\n\nOnion Man \u95dc\u9375\u5b57:\n\u4e2d\u4e8c \u80a5\u5b85 \u55ae\u8eab\u6f22 \u55ae\u8eab \u9b6f\u86c7 \u5c4c\u7d72 \u80a5\u5b85",
        "likeCount": "32685",
        "commentCount": "3239",
        "viewCount": "941716"
    },
    "comments": [
        {
            "reply_id": "UgxNvz-n5Ds7FyLT3OV4AaABAg",
            "reply_content": "\u8fde\u963f\u795e\u90fd\u8bf7\u6765\u4e86\u660e\u663e\u662f\u4e2a\u72e0\u89d2\u8272",
            "likeCount": 1
        },
        {
            "reply_id": "UgxfwrK0tNNnUwboUDt4AaABAg",
            "reply_content": "\u963f\u795e\u6c38\u9060\u7684\u7b2c\u4e00",
            "likeCount": 1
        },
        {
            "reply_id": "UgzWBj-CLCv3jCV6SuJ4AaABAg",
            "reply_content": "\u6253\u9b25\u7247\u6bb5\u7d93\u8cbb\u7206\u70b8",
            "likeCount": 1
        },
        {
            "reply_id": "Ugw5A7zqZkfy7aHzGNF4AaABAg",
            "reply_content": "\u90a3\u5c0f\u7389\u561e",
            "likeCount": 1
        },
        {
            "reply_id": "UgxdxeV5mNmP5MsiDOB4AaABAg",
            "reply_content": "\u70ba\u4ec0\u9ebc\u9ec3\u6c0f\u5144\u5f1f\u90a3\u9ebc\u80d6",
            "likeCount": 0
        },
        {
            "reply_id": "Ugw9l9UH6YLbVcrDUIJ4AaABAg",
            "reply_content": "\u597d\u71b1\u8840\u5594\uff01\u56de\u61b6\u8d77\u5c0f\u6642\u5019\u770b\u4e03\u9f8d\u73e0\u6642\u7684\u7dca\u5f35\u611f",
            "likeCount": 0
        },
        {
            "reply_id": "UgzdZtjxCreLs9zNPWx4AaABAg",
            "reply_content": "\u6709\u611f\u7b46\u96fb\u52d2",
            "likeCount": 0
        },
        {
            "reply_id": "Ugwxm-GZ6UNIVDikGO54AaABAg",
            "reply_content": "\u6709\u611f\u7b46\u96fb",
            "likeCount": 0
        },
        {
            "reply_id": "UgyBE4IHmwwhNXWXkKd4AaABAg",
            "reply_content": "\u63a5\u4e0b\u4f86\u8981\u756b\u4ec0\u9ebc\u5462",
            "likeCount": 0
        },
        {
            "reply_id": "Ugw8DwG4iuzpWiSlrQl4AaABAg",
            "reply_content": "\u9019\u9ebc\u6c92\u6709\u6ef4\u59b9",
            "likeCount": 0
        },
        {
            "reply_id": "Ugykge75hKJBFllkvfR4AaABAg",
            "reply_content": "\u6709\u6c92\u6709\u5b8c\u6574\u7684\u81ea\u5728\u6975\u6613",
            "likeCount": 0
        },
        {
            "reply_id": "UgyqfSx1URwaHlw5Mxh4AaABAg",
            "reply_content": "\u5369\u5369",
            "likeCount": 0
        },
        {
            "reply_id": "Ugxx9jG3XQ_ex6IMPkF4AaABAg",
            "reply_content": "\u6572\u7897\u4eca\u5e74\u6709\u7e8c\u96c6\u55ce",
            "likeCount": 0
        },
        {
            "reply_id": "Ugx92YEOvW1hUZUBmK14AaABAg",
            "reply_content": "\u53ea\u6709\u4f60\u7e7c\u7e8c\u4e82",
            "likeCount": 0
        },
        {
            "reply_id": "Ugzln2fIPBbxudBdilV4AaABAg",
            "reply_content": "\u64cd",
            "likeCount": 0
        },
        {
            "reply_id": "UgzmMyuEs-YyRjH7nF54AaABAg",
            "reply_content": "\u9760\u5317\u5594",
            "likeCount": 0
        },
        {
            "reply_id": "Ugw88NJpUiD6wG8ffP14AaABAg",
            "reply_content": "\u6211\u4e0d\u662f\u80a5\u5b85",
            "likeCount": 0
        },
        {
            "reply_id": "UgzJ0I0ucp3E5t1AUBh4AaABAg",
            "reply_content": "\u963f\u795e\u90a3\u90e8\u5206\u597d\u5927\u7684\u7403",
            "likeCount": 0
        },
        {
            "reply_id": "UgzJUYXgoWKQuqH_XtJ4AaABAg",
            "reply_content": "\u83ef\u554f\u4e0a\u8eab\u5475\u5475",
            "likeCount": 0
        },
        {
            "reply_id": "UgyKLMqvsLK3dNV0Epp4AaABAg",
            "reply_content": "\u5982\u679c\u963f\u6ef4\u6c92\u4f86\u90a3\u5c31\u5168\u5287\u7d42",
            "likeCount": 0
        },
        {
            "reply_id": "UgyNUFMqFrfyGyRcLEZ4AaABAg",
            "reply_content": "\u6d0b\u8525\u5225\u88dd\u5f37",
            "likeCount": 0
        },
        {
            "reply_id": "UgyfZorh6DGXM9XgYOZ4AaABAg",
            "reply_content": "\u539f\u4f86\u6700\u5927\u7684\u6575\u4eba\u4e0d\u662f\u6f14\u7b97\u6cd5\u55ce",
            "likeCount": 0
        },
        {
            "reply_id": "Ugxdgdie5es3o2pE6ox4AaABAg",
            "reply_content": "\u963f\u6ef4\u7684\u5b57\u6155\u600e\u9ebc\u662f\u8b8a\u614b",
            "likeCount": 0
        },
        {
            "reply_id": "UgzzmXlAIv7w8vpWIbd4AaABAg",
            "reply_content": "\u539f\u4f86\u963f\u6ef4\u662f\u5409\u9023\u963f",
            "likeCount": 0
        },
        {
            "reply_id": "UgzNJ-4K5r9sV8RXZU94AaABAg",
            "reply_content": "\u9023\u767d\u9b0d\u5b50\u90fd\u4f86\u4e86",
            "likeCount": 0
        }
    ]
}