{
    "video_info": {
        "id": "J-UqSzLXZs0",
        "channelTitle": "Onion Man",
        "title": "Onion Man | \u6709\u813e\u6c23\u7684\u5973\u751f\u771f\u6709\u9b45\u529b\u554a...\u7206\u6c23\u7b2c\u56db\u96c6\uff01\u53cb\u60c5\u52a0\u6eab\u7bc7\uff01",
        "description": "\u6709\u6642\u5927\u5435\u4e00\u67b6\u53cd\u800c\u6703\u611f\u60c5\u5347\u6eab\u5462...\u54fc\u54fc\n\n\u3010\u56de\u5230\u6700\u521d\u611b\u4e0a\u4f60 Live for the dream\u3011\nKKBOX\uff1a\nhttps://www.kkbox.com/tw/tc/song/9_BNIv0eL75jIjp-Tb\n\ud83c\udfa7\u5404\u5927\u6578\u4f4d\u5e73\u53f0\u6536\u807d\uff1a\nhttps://ONIONMAN.lnk.to/LFTD\n\n\u3010\u8a02\u95b1\u3011\u53ca\u89c0\u770b\u6d0b\u8525\u66f4\u591a\u5f71\u7247: https://goo.gl/ijP3Eb\n\n\u5de5\u4f5c\u5408\u4f5c\uff1aonionmanwork@gmail.com\nOnion Man \u767e\u842c\u8ffd\u8e64\u7c89\u7d72\u5718:goo.gl/Z5CSvw\n\n\u6700\u65b0\u963f\u6587\u8cbc\u5716:https://reurl.cc/GxYjA\n\n\u7b2c\u4e00\u4ee3\u963f\u6587line\u8cbc\u5716:https://reurl.cc/Wroxx\n\n\u6d0b\u8525\u79c1\u751f\u6d3bIG:https://www.instagram.com/onionman__/\n\n\n\u904b\u52d5\u6f2b\u756b\u88e1\u7684\u4e2d\u4e8c\u8001\u6897\u5287\u60c5\n\u25ba\u7b2c\u4e00\u96c6:https://youtu.be/cMoV1rPH35k\n\u25ba\u7b2c\u4e8c\u96c6:https://youtu.be/iW7LM00lny0\n\u25ba\u7b2c\u4e09\u96c6:https://youtu.be/2G5wu61uCM0\n\u25ba\u7b2c\u56db\u96c6:https://youtu.be/-rP1abYv8n4\n\nOnion Man \u95dc\u9375\u5b57:\n\u4e2d\u4e8c \u80a5\u5b85 \u55ae\u8eab\u6f22 \u55ae\u8eab \u9b6f\u86c7 \u5c4c\u7d72 \u80a5\u5b85",
        "likeCount": "10011",
        "commentCount": "473",
        "viewCount": "731943"
    },
    "comments": [
        {
            "reply_id": "UgwbktoI13Ya4RsdCo54AaABAg",
            "reply_content": "\u6839\u64da",
            "likeCount": 1
        },
        {
            "reply_id": "UgwyCaCZTDr0Zrs_wiJ4AaABAg",
            "reply_content": "\u4e0d\u53ef\u80fd\u548c\u597d\u7684\u90a3\u7a2e\u4e86",
            "likeCount": 0
        },
        {
            "reply_id": "UgwTox1oZEyxrkLOcdJ4AaABAg",
            "reply_content": "\u8a8d\u8b58\u9999\u9999\u771f\u723d",
            "likeCount": 0
        },
        {
            "reply_id": "Ugx9CGH1vs4PwXik2qJ4AaABAg",
            "reply_content": "\u7b11\u6b7b\u96d9\u4e8c\u4e00",
            "likeCount": 0
        },
        {
            "reply_id": "UgyKDG27oTrzx12YrOl4AaABAg",
            "reply_content": "\u670b\u53cb\u597d\u9999",
            "likeCount": 0
        },
        {
            "reply_id": "UgxoxJTKXtvhMJOz7Sl4AaABAg",
            "reply_content": "\u5f88\u5ee2",
            "likeCount": 0
        },
        {
            "reply_id": "Ugw0dsIO7GanjKSdW4R4AaABAg",
            "reply_content": "\u90a3\u80f8\u4e5f\u592a\u8b9a\u4e86",
            "likeCount": 0
        },
        {
            "reply_id": "UgwsYB6FyER3H3sryK94AaABAg",
            "reply_content": "\u6211\u9084\u662f\u559c\u6b61\u5976\u5b50",
            "likeCount": 0
        },
        {
            "reply_id": "Ugw29pxx984B-UYXyiR4AaABAg",
            "reply_content": "\u597d\u84bf\u7b11",
            "likeCount": 0
        },
        {
            "reply_id": "Ugyj_7685igjwzcWw-p4AaABAg",
            "reply_content": "\u9ad8\u4e2d\u7684\u6642\u5019\u540c\u5b78\u628a\u6211\u7684\u53e3\u9999\u7cd6\u62ff\u53bb\u50b3\u95b1\uff0c\u56de\u5230\u6211\u684c\u4e0a\u7684\u6642\u5019\u5269\u5305\u88dd\uff0c\u7d50\u679c\u6211\u4e00\u9846\u90fd\u6c92\u5403\u5230\u5e79",
            "likeCount": 0
        },
        {
            "reply_id": "UgzzDfLadcDvsM3rLUh4AaABAg",
            "reply_content": "\u62bd\u6ed1\u9f20\u588a",
            "likeCount": 0
        },
        {
            "reply_id": "UgyXqmuWT8RRMND3EZp4AaABAg",
            "reply_content": "\u9999\u9999\u771f\u7684\u9999\n\u6b63\u5230\u770b\u5230\u672c\u4eba\u6703\u505c\u6b62\u5fc3\u8df3\u7684\u90a3\u7a2e\u6b63",
            "likeCount": 0
        },
        {
            "reply_id": "UgyOiMtIwCkmoKrIsqh4AaABAg",
            "reply_content": "\u8001\u9d07\u6211\u53ef\u4ee5",
            "likeCount": 0
        },
        {
            "reply_id": "UgwPjjRpcmMANvPqL9R4AaABAg",
            "reply_content": "\u4e0d\u6703\u6e38\u6cf3\u5750\u5728\u6c99\u7058\u4e0a\u9b27\u5f46\u626d\uff0c\u5f8c\u4f86\u6539\u73a9\u6c99\u5c31\u548c\u597d\u4e86",
            "likeCount": 0
        },
        {
            "reply_id": "UgyPZq3mJ-RqVTmWTa14AaABAg",
            "reply_content": "\u9019\u500b\u6545\u4e8b\u544a\u8ff0\u6211\u5011\u6771\u897f\u4e0d\u8981\u4e82\u501f\u9019\u6211\u5728\u9ad8\u4e2d\u7684\u6642\u5019\u592a\u6709\u7d93\u9a57\u4e86a\u50cf\u4f60\u501f\u6771\u897f\u6700\u5f8c\u6771\u897f\u5728g\u7684\u624b\u4e0a\u61c9\u70ba\u5979\u4ed6\u5011\u559c\u6b61\u505a\u4eba\u60c5\u7d66\u5225\u4eba\u8981\u662f\u627e\u4e0d\u56de\u4f86\u7684\u8a71\u9084\u6703\u56db\u5169\u64a5\u5343\u65a4\u6216\u662f\u63a8\u5378\u53c8\u6216\u662f\u9003\u907f\u8cac\u4efb\u7c21\u55ae\u8b1b\u5c31\u662f\u5e7e\u4e4e\u5168\u73ed\u90fd\u662f\u4eba\u6e23",
            "likeCount": 0
        },
        {
            "reply_id": "UgwVxKGQxnMQ4wXaJrd4AaABAg",
            "reply_content": "\u80a5\u6ce2\u4e5f\u633a\u5e25\u7684\u9ebb",
            "likeCount": 0
        },
        {
            "reply_id": "Ugw0xlPOZUxVeqgMwV14AaABAg",
            "reply_content": "\u90a3\u6bb5\u62bd\u5b78\u4f34\u7684\u771f\u7684\u883b\u597d\u7b11\u7684",
            "likeCount": 0
        },
        {
            "reply_id": "UgxFNZxKT4IV2vMG9Zx4AaABAg",
            "reply_content": "\u54c7",
            "likeCount": 0
        },
        {
            "reply_id": "UgwwJeCC3kbaIw-NSRR4AaABAg",
            "reply_content": "\u88ab\u96d9\u4e8c\u4e00\u597d\u597d\u7b11",
            "likeCount": 0
        },
        {
            "reply_id": "Ugz_RSMQ8Kyihj-dKDl4AaABAg",
            "reply_content": "\u5468\u7389\u853b\u4e5f\u5f88\u6709\u813e\u6c23\u5594",
            "likeCount": 0
        },
        {
            "reply_id": "UgxjnQ1Fgl1330srUZZ4AaABAg",
            "reply_content": "\u8001\u9d07\u597d\u6b63",
            "likeCount": 0
        },
        {
            "reply_id": "UgwpYDnoknORDYVi6cJ4AaABAg",
            "reply_content": "\u8b9a",
            "likeCount": 0
        },
        {
            "reply_id": "UgydevBtIPj63VQc9vB4AaABAg",
            "reply_content": "\u592a\u8fa3\u4e86",
            "likeCount": 0
        },
        {
            "reply_id": "UgyGG2fmOS0uILWUBrl4AaABAg",
            "reply_content": "\u4f60\u5011\u9ad8\u4e2d\u4e5f\u592a\u6210\u719f\u4e86\u5427 \u6211\u5011\u9ad8\u4e2d\u5168\u90fd\u662f\u5c41\u5b69",
            "likeCount": 0
        },
        {
            "reply_id": "UgxF99HVQdjItq8zMNd4AaABAg",
            "reply_content": "\u80a5\u6ce2\u662f\u5947\u72bd\u4ed6\u54e5\u55ce",
            "likeCount": 0
        }
    ]
}