{
    "video_info": {
        "id": "JaW-Vjtipi4",
        "channelTitle": "Onion Man",
        "title": "Onion Man | \u5916\u5cf6\u7206\u6c57\u7f8e\u98df\u4e4b\u65c5\uff01\u5c0f\u7409\u740336\u5ea6\u8c54\u967d\u4e4b\u767d\u5403\u767d\u4f4f\u7bc7\uff1f\u5927\u5556\u9165\u70b8\u8702\u5de2\u8766\uff01  @BIGSNAKEBALL @superpepper.  @foodfoodaddict @z2ztwo",
        "description": "\u4e00\u8d9f\u958b\u5fc3\uff0c\u6d41\u6c57\uff0c\u904b\u52d5\uff0c\u5927\u5556\u7f8e\u98df\u7684\u65c5\u884c\uff01\n\n\u672c\u7bc7\u611f\u8b1d \n\u3010\u7f8e\u7121\u75d5 \u6297\u75d8\u4fee\u5fa9\u51dd\u81a0 x \u6d0b\u8525\u3011\n\u2705\u5b89\u7f8e\u8afe x \u53f0\u9152\u751f\u6280\u5f37\u5f37\u806f\u624b-\u5564\u9152\u82b1\u5f37\u5316\u808c\u819a\u4fdd\u8b77\u529b\n\u2705\u64c1\u6709\u885b\u798f\u90e8\u7279\u5b9a\u7528\u9014\u5316\u599d\u54c1\u8a31\u53ef\u8b49\u3001SGS\u5b89\u5168\u6aa2\u6e2c\u7121\u91cd\u91d1\u5c6c\u9a57\u51fa\n\u2705\u591a\u7a2e\u6b50\u76df\u6709\u6a5f\u8a8d\u8b49\u690d\u7269\u8403\u53d6\u6210\u5206 \n\u2705\u6c34\u694a\u9178\u6709\u6548\u6297\u75d8\u4ee3\u8b1d\u8001\u5ee2\u89d2\u8cea\n\ud83e\udd0d\u6eab\u548c\u4ee3\u8b1d \u5b89\u64ab\u8212\u7de9 \u63d0\u5347\u4fdd\u8b77\u529b\n\ud83e\udd0d\u4fee\u8b77\u6bdb\u5b54\u6539\u5584\u808c\u819a\u4e0d\u9069\n\ud83e\udd0d\u5149\u6ed1\u808c\u819a \u9810\u9632\u3001\u6539\u5584\u75d8\u75d8\u554f\u984c\n\ud83e\udd0d\u7c21\u55ae\u6b65\u9a5f-\u6d17\u81c9\u5b8c\u4e0a\u5b8c\u5316\u599d\u6c34\u5f8c\u5728\u75d8\u75d8\u7684\u5730\u65b9\u5857\u62b9\u51dd\u81a0\n\ud83e\udd0d\u5b98\u7db2\u5168\u53f0\u4e0d\u9650\u91d1\u984d\u514d\u904b \u6d0b\u8525\u5c08\u5c6c\u512a\u60e0\u6298$600 https://amiino.vip/3vexl\n\n\n\u3010\u8a02\u95b1\u3011\u53ca\u89c0\u770b\u6d0b\u8525\u66f4\u591a\u5f71\u7247: https://goo.gl/ijP3Eb\n\n\u5de5\u4f5c\u5408\u4f5c\uff1aonionmanwork@gmail.com\nOnion Man \u767e\u842c\u8ffd\u8e64\u7c89\u7d72\u5718:goo.gl/Z5CSvw\n\n\u6700\u65b0\u963f\u6587\u8cbc\u5716:https://reurl.cc/GxYjA\n\n\u7b2c\u4e00\u4ee3\u963f\u6587line\u8cbc\u5716:https://reurl.cc/Wroxx\n\n\u6d0b\u8525\u79c1\u751f\u6d3bIG:https://www.instagram.com/onionman__/\n\n\n\u904b\u52d5\u6f2b\u756b\u88e1\u7684\u4e2d\u4e8c\u8001\u6897\u5287\u60c5\n\u25ba\u7b2c\u4e00\u96c6:https://youtu.be/cMoV1rPH35k\n\u25ba\u7b2c\u4e8c\u96c6:https://youtu.be/iW7LM00lny0\n\u25ba\u7b2c\u4e09\u96c6:https://youtu.be/2G5wu61uCM0\n\u25ba\u7b2c\u56db\u96c6:https://youtu.be/-rP1abYv8n4\n\nOnion Man \u95dc\u9375\u5b57:\n\u4e2d\u4e8c \u80a5\u5b85 \u55ae\u8eab\u6f22 \u55ae\u8eab \u9b6f\u86c7 \u5c4c\u7d72 \u80a5\u5b85",
        "likeCount": "17155",
        "commentCount": "1019",
        "viewCount": "1125284"
    },
    "comments": [
        {
            "reply_id": "UgzMlIWUWnO_NBE3YwZ4AaABAg",
            "reply_content": "\u9019\u5c31\u662f\u611b",
            "likeCount": 1
        },
        {
            "reply_id": "UgwJoVu6lR98HeP4RDx4AaABAg",
            "reply_content": "\u9019\u7a2e\u4e00\u8d77\u51fa\u53bb\u73a9\u7cfb\u5217\u53ef\u4ee5\u591a\u62cd\u4e00\u9ede\u55ce",
            "likeCount": 1
        },
        {
            "reply_id": "Ugz-bWCK1xgbOdySl-t4AaABAg",
            "reply_content": "\u597d\u597d\u7b11",
            "likeCount": 1
        },
        {
            "reply_id": "UgwU3kaVSzoK0svRUOl4AaABAg",
            "reply_content": "\u6d0b\u8525\u628a\u670b\u53cb\u5011\u756b\u5f97\u597d\u53ef\u611b",
            "likeCount": 1
        },
        {
            "reply_id": "UgxQ0d3oEN1gD72vqll4AaABAg",
            "reply_content": "\u7d50\u5c3e\u7684\u97f3\u6a02\u914d\u7167\u7247\u597d\u611f\u52d5",
            "likeCount": 1
        },
        {
            "reply_id": "Ugy3M5rKOHK_SfuE8VZ4AaABAg",
            "reply_content": "\u5361\u500b\u9ed1\u8272\u96fb\u52d5\u8173\u8e0f\u8eca",
            "likeCount": 1
        },
        {
            "reply_id": "Ugys294oDhxZl5htaAF4AaABAg",
            "reply_content": "\u4e09\u982d\u9f8d\u756b\u8d77\u4f86\u771f\u7684\u8d85\u7d1a\u597d\u7b11",
            "likeCount": 1
        },
        {
            "reply_id": "UgyAwbB_6VBiNKlOyld4AaABAg",
            "reply_content": "\u9019\u96c6\u597d\u6b61\u6a02\u554a",
            "likeCount": 1
        },
        {
            "reply_id": "UgwalK37Di0UZ4S93cx4AaABAg",
            "reply_content": "\u611f\u60c5\u771f\u597d",
            "likeCount": 1
        },
        {
            "reply_id": "Ugwc9S0CbJsFeE00Mm94AaABAg",
            "reply_content": "\u60f3\u77e5\u9053\u6c11\u5bbf\u540d\u7a31\u548c\u70e4\u8089\u5728\u54ea",
            "likeCount": 1
        },
        {
            "reply_id": "UgxPIssrEqPhu89V_Sx4AaABAg",
            "reply_content": "\u6709\u4eba\u77e5\u9053\u4ed6\u5011\u4f4f\u7684\u6c11\u5bbf\u662f\u54ea\u4e00\u9593\u55ce?\u6211\u5f88\u60f3\u53bb\u4f4f\u770b\u770b",
            "likeCount": 0
        },
        {
            "reply_id": "Ugxj9fMMhnP2Ve3IgH14AaABAg",
            "reply_content": "\u8d85\u597d\u7b11\u7684\u62c9",
            "likeCount": 0
        },
        {
            "reply_id": "Ugw6O3pzvSZPXxQYZnB4AaABAg",
            "reply_content": "\u786c\u8f49\u56de\u4f86\u771f\u7684\u731b",
            "likeCount": 0
        },
        {
            "reply_id": "Ugx8l5EeggOzWdjzubJ4AaABAg",
            "reply_content": "\u6c34\u694a\u9178\u7528\u4e86\u6703\u6c34\u6027\u694a\u82b1\u55ce",
            "likeCount": 0
        },
        {
            "reply_id": "UgzwC3Mn3HJdpNthnex4AaABAg",
            "reply_content": "\u771f\u7684\u5f88\u559c\u6b61\u6d0b\u8525",
            "likeCount": 0
        },
        {
            "reply_id": "UgzdGjY_gggxbrsWxf14AaABAg",
            "reply_content": "\u592a\u80d6\u771f\u7684\u6015\u639b\u6389\u5fc3\u808c\u6897\u585e\u7cd6\u5c3f\u75c5\u985e\u6bcf\u6b21\u770b\u5230\u86c7\u4e38\u66b4\u5403\u662f\u4e0d\u5065\u5eb7\u5c31\u4e0d\u60f3\u770b\u5c0d\u81ea\u5df1\u4e0d\u8ca0\u8cac\u3001\u4ed6\u9084\u6709\u611b\u4ed6\u7684\u963f\u516c\u9808\u8981\u7167\u9867",
            "likeCount": 0
        },
        {
            "reply_id": "UgwXC7j5EoxwGQzO8Qd4AaABAg",
            "reply_content": "\u597d\u68d2\u7684\u53cb\u8abc",
            "likeCount": 0
        },
        {
            "reply_id": "UgxqoASAh3_qW5su1WR4AaABAg",
            "reply_content": "\u70ba\u5565\u9019\u90e8\u90a3\u9ebc\u591a\u5012\u8b9a",
            "likeCount": 0
        },
        {
            "reply_id": "UgzMktZD7orCP-jYVap4AaABAg",
            "reply_content": "\u8d85\u6b23\u8cde\u6d0b\u8525",
            "likeCount": 0
        },
        {
            "reply_id": "UgxlQXtq3XruLxkMJOV4AaABAg",
            "reply_content": "\u9019\u5bb6\u6c11\u5bbf\u9580\u53e3\u64fa\u7684\u5a03\u5a03\u6a5f\u8d85\u4f5b \u665a\u4e0a\u5403\u5b8c\u71d2\u70e4\u76f4\u63a5\u73a9\u5a03\u5a03\u6a5f",
            "likeCount": 0
        },
        {
            "reply_id": "UgxGixw7VJNQu7DXJnF4AaABAg",
            "reply_content": "\u86c7\u4e38\u771f\u7684\u8981\u904b\u52d5",
            "likeCount": 0
        },
        {
            "reply_id": "Ugyn24r7LGtrMsDeCvJ4AaABAg",
            "reply_content": "\u86c7\u4e38\u771f\u7684\u5f88\u68d2",
            "likeCount": 0
        },
        {
            "reply_id": "UgxSQZ7VVwXzuzQ7WYx4AaABAg",
            "reply_content": "\u53cb\u60c5\u7121\u50f9",
            "likeCount": 0
        },
        {
            "reply_id": "UgxkBHHcQoL-ndjkusB4AaABAg",
            "reply_content": "\u6c99\u934b\u9b5a\u982d\u5728\u54ea\u60f3\u53bb\u5403",
            "likeCount": 0
        },
        {
            "reply_id": "UgwndLKqioJmcXp-0114AaABAg",
            "reply_content": "\u597d\u5ba2\u6c23\u7684\u4e00\u7fa4\u4eba",
            "likeCount": 0
        }
    ]
}