{
    "video_info": {
        "id": "kIBVfxooQig",
        "channelTitle": "Onion Man",
        "title": "Onion Man | \u6211\u7684\u6158\u75db\u751f\u65e5\uff01\u6211\u5be7\u9858\u7576\u908a\u7de3\u4eba... FT. @BIGSNAKEBALL  @JBao",
        "description": "\u3010\u8a02\u95b1\u3011\u53ca\u89c0\u770b\u6d0b\u8525\u66f4\u591a\u5f71\u7247: https://goo.gl/ijP3Eb\n\n\u5de5\u4f5c\u5408\u4f5c\uff1aonionmanwork@gmail.com\nOnion Man \u767e\u842c\u8ffd\u8e64\u7c89\u7d72\u5718:goo.gl/Z5CSvw\n\n\u6700\u65b0\u963f\u6587\u8cbc\u5716:https://reurl.cc/GxYjA\n\n\u7b2c\u4e00\u4ee3\u963f\u6587line\u8cbc\u5716:https://reurl.cc/Wroxx\n\n\u6d0b\u8525\u79c1\u751f\u6d3bIG:https://www.instagram.com/onionman__/\n\n\n\u904b\u52d5\u6f2b\u756b\u88e1\u7684\u4e2d\u4e8c\u8001\u6897\u5287\u60c5\n\u25ba\u7b2c\u4e00\u96c6:https://youtu.be/cMoV1rPH35k\n\u25ba\u7b2c\u4e8c\u96c6:https://youtu.be/iW7LM00lny0\n\u25ba\u7b2c\u4e09\u96c6:https://youtu.be/2G5wu61uCM0\n\u25ba\u7b2c\u56db\u96c6:https://youtu.be/-rP1abYv8n4\n\nOnion Man \u95dc\u9375\u5b57:\n\u4e2d\u4e8c \u80a5\u5b85 \u55ae\u8eab\u6f22 \u55ae\u8eab \u9b6f\u86c7 \u5c4c\u7d72 \u80a5\u5b85",
        "likeCount": "21202",
        "commentCount": "2584",
        "viewCount": "1157033"
    },
    "comments": [
        {
            "reply_id": "UgyMBx5GqKcxDt86BF14AaABAg",
            "reply_content": "\u4f60\u8981\u8b1b\u6211\u8981\u56de\u5230\u7d05\u5091\u751f\u65e5\u6bba\u4e86\u5979",
            "likeCount": 1
        },
        {
            "reply_id": "UgxsipzupnIEGJsPyb54AaABAg",
            "reply_content": "\u7ffb\u81c9\u904e",
            "likeCount": 0
        },
        {
            "reply_id": "Ugw9U-WH8MNcA-Xb7jd4AaABAg",
            "reply_content": "\u6211\u751f\u65e5\u90fd\u6691\u5047",
            "likeCount": 0
        },
        {
            "reply_id": "UgyjKbT0VTiLXqFfH5p4AaABAg",
            "reply_content": "\u6211\u4e00\u5b9a\u6703\u5927\u7206\u4ed6\u5011",
            "likeCount": 0
        },
        {
            "reply_id": "Ugz7f8x-Alf6mArLHfV4AaABAg",
            "reply_content": "\u8981\u662f\u6709\u4eba\u9019\u6a23\u6574\u6211\u6211\u6703\u76f4\u63a5\u767c\u98c6",
            "likeCount": 0
        },
        {
            "reply_id": "UgxWPitpuPzBA27aFCp4AaABAg",
            "reply_content": "\u770b\u4f86\u751f\u65e5\u90a3\u4e00\u500b\u6708\u90fd\u4e0d\u80fd\u7a7f\u767d\u978b\u767d\u4e00\u767d\u8932\u767d\u896a",
            "likeCount": 0
        },
        {
            "reply_id": "UgzvA2S5xBqZf-9OtyV4AaABAg",
            "reply_content": "\u6d0b\u8525\u5927\u5b78\u662f\u4e2d\u539f\u55ce",
            "likeCount": 0
        },
        {
            "reply_id": "UgyNVFkuZgRt8p739sd4AaABAg",
            "reply_content": "\u5c0f\u5b78\u751f\u65e5\uff1a\u660e\u660e\u662f\u58fd\u661f\u537b\u8981\u7d66\u5168\u73ed\u7cd6\u679c \u5982\u679c\u662f\u4eba\u7de3\u4e0d\u597d\u7684\u5176\u4ed6\u4eba\u524d\u4e00\u79d2\u90a3\u4f60\u7684\u7cd6\u679c\u5f8c\u4e00\u79d2\u7f75\u4f60",
            "likeCount": 0
        },
        {
            "reply_id": "Ugwhv1hlSST5ZsWUMQB4AaABAg",
            "reply_content": "\u632f\u660e\u5fb7",
            "likeCount": 0
        },
        {
            "reply_id": "Ugwn-mqcBQVps2ENUL14AaABAg",
            "reply_content": "\u6211\u4e5f\u662f\u5341\u6708\u751f\u65e5",
            "likeCount": 0
        },
        {
            "reply_id": "UgzwXEVQMJjuVlnAQo54AaABAg",
            "reply_content": "\u54c8\u54c8\u54c8\u54c8\u54c8\u54c8\u54c8\u54c8\u54c8\u6211\u8981\u7b11\u5c4e",
            "likeCount": 0
        },
        {
            "reply_id": "UgwVjuiJSXo8ndcJdgx4AaABAg",
            "reply_content": "\u6211\u89ba\u7684\u7d05\u5091\u662f\u760b\u5b50",
            "likeCount": 0
        },
        {
            "reply_id": "Ugzd6ENa6_nTtF2wweF4AaABAg",
            "reply_content": "\u5982\u679c\u662f\u6211\u6211\u99ac\u4e0a\u7ffb\u81c9",
            "likeCount": 0
        },
        {
            "reply_id": "Ugx8dPjZRUVgkanS90J4AaABAg",
            "reply_content": "\u53ef\u6190",
            "likeCount": 0
        },
        {
            "reply_id": "Ugy7Okm8aBIYj8X8M5F4AaABAg",
            "reply_content": "\u70ba\u4ec0\u9ebc\u6bcf\u6b21\u751f\u65e5\u4f60\u90fd\u88ab\u7d81",
            "likeCount": 0
        },
        {
            "reply_id": "UgzukMOmAYUDLYrUr1J4AaABAg",
            "reply_content": "\u6d0b\u8525\u597d\u53ef\u6190",
            "likeCount": 0
        },
        {
            "reply_id": "Ugy9Piv_I6hkeeJRZEZ4AaABAg",
            "reply_content": "\u539f\u4f86\u7d05\u5091\u672c\u540d\u912d\u9594\u5fb7",
            "likeCount": 0
        },
        {
            "reply_id": "UgwNppqGe2ubAyU1G314AaABAg",
            "reply_content": "\u7b2c\u4e00\u6bb5\u662f\u6668\u7070\u55ce",
            "likeCount": 0
        },
        {
            "reply_id": "UgxACkMA44BqQxF86kp4AaABAg",
            "reply_content": "\u5c45\u7136\u540c\u4e00\u5929\u751f\u65e5",
            "likeCount": 0
        },
        {
            "reply_id": "UgzdGFCmEjvM2J6srkZ4AaABAg",
            "reply_content": "\u751f\u5feb",
            "likeCount": 0
        },
        {
            "reply_id": "UgzniGNFX9km980C2854AaABAg",
            "reply_content": "\u5177\u4f53\u51e0\u6708\u51e0\u53f7\u751f\u65e5\u554a\u6211\u597d\u5947",
            "likeCount": 0
        },
        {
            "reply_id": "UgxdltfLP6clMkCPZzp4AaABAg",
            "reply_content": "\u7d05\u5091\u6bba\u7d05\u4e86\u773c",
            "likeCount": 0
        },
        {
            "reply_id": "UgyK42YP3f1oWC-iaXN4AaABAg",
            "reply_content": "\u6211\u5f9e\u5c0f\u5230\u5927\u6c92\u6709\u4eba\u7406\u6703",
            "likeCount": 0
        },
        {
            "reply_id": "UgwMgIRvPA-6X1r7vLZ4AaABAg",
            "reply_content": "\u5f8c\u9762\u88ab\u6293\u8d70\u7684\u756b\u9762\u597d\u50cf\u89d2\u982d\u4e00",
            "likeCount": 0
        },
        {
            "reply_id": "UgwAJu7927wImpxNlJx4AaABAg",
            "reply_content": "\u670b\u53cb\u5c0f\u5fc3\u7ffc\u7ffc\u7684\u56de\u7b54\uff0c\u6df1\u6015\u50b7\u4e86\u6d0b\u8525\u7684\u81ea\u5c0a\u5fc3",
            "likeCount": 0
        }
    ]
}