{
    "video_info": {
        "id": "l4-Uhe2ZrEk",
        "channelTitle": "Onion Man",
        "title": "Onion Man | \u5f9e\u6821\u5712\u908a\u7de3\u4eba\u8b8a\u6210\u793e\u4ea4\u725b\u903c\u75c7\uff01\u6d0b\u8525\u7684\u5927\u5b78\u4eba\u751f\u6210\u9577\u53f2\uff01",
        "description": "\u3010\u8a02\u95b1\u3011\u53ca\u89c0\u770b\u6d0b\u8525\u66f4\u591a\u5f71\u7247: https://goo.gl/ijP3Eb\n\n\u5de5\u4f5c\u5408\u4f5c\uff1aonionmanwork@gmail.com\nOnion Man \u767e\u842c\u8ffd\u8e64\u7c89\u7d72\u5718:goo.gl/Z5CSvw\n\n\u6700\u65b0\u963f\u6587\u8cbc\u5716:https://reurl.cc/GxYjA\n\n\u7b2c\u4e00\u4ee3\u963f\u6587line\u8cbc\u5716:https://reurl.cc/Wroxx\n\n\u6d0b\u8525\u79c1\u751f\u6d3bIG:https://www.instagram.com/onionman__/\n\n\n\u904b\u52d5\u6f2b\u756b\u88e1\u7684\u4e2d\u4e8c\u8001\u6897\u5287\u60c5\n\u25ba\u7b2c\u4e00\u96c6:https://youtu.be/cMoV1rPH35k\n\u25ba\u7b2c\u4e8c\u96c6:https://youtu.be/iW7LM00lny0\n\u25ba\u7b2c\u4e09\u96c6:https://youtu.be/2G5wu61uCM0\n\u25ba\u7b2c\u56db\u96c6:https://youtu.be/-rP1abYv8n4\n\nOnion Man \u95dc\u9375\u5b57:\n\u4e2d\u4e8c \u80a5\u5b85 \u55ae\u8eab\u6f22 \u55ae\u8eab \u9b6f\u86c7 \u5c4c\u7d72 \u80a5\u5b85",
        "likeCount": "9594",
        "commentCount": "758",
        "viewCount": "587443"
    },
    "comments": [
        {
            "reply_id": "UgxfIEmRh5P_05ypBgl4AaABAg",
            "reply_content": "\u8b80\u5927\u5b78\u7684\u5b78\u751f\u51fa\u793e\u6703\u5f8c\u770b\u9019\u7bc7\u5171\u9cf4\u5f88\u591a",
            "likeCount": 2
        },
        {
            "reply_id": "UgwCVGLvMsfmHix2lAx4AaABAg",
            "reply_content": "\u770b\u5f97\u597d\u958b\u5fc3\u7684\u4e00\u90e8\u5f71\u7247 \u5fc3\u6709\u621a\u621a\u7109\u54c8\u54c8\u54c8\u54c8",
            "likeCount": 2
        },
        {
            "reply_id": "UgzVfvZnjmrQCfmk4c54AaABAg",
            "reply_content": "\u8d85\u597d\u7b11\u597d\u671f\u5f85\u5927\u5b78\u7684\u751f\u6d3b",
            "likeCount": 1
        },
        {
            "reply_id": "Ugwst3yj2soWVQsQBwl4AaABAg",
            "reply_content": "\u8acb\u554f\u90a3\u5973\u751f\u6703\u958b\u9b3c\u80cc\u55ce",
            "likeCount": 1
        },
        {
            "reply_id": "UgxcAgMNJXQMHRF0YhV4AaABAg",
            "reply_content": "\u5e0c\u671b\u80fd\u51fa\u4e00\u96c6\u8b1b\u6d0b\u8525\u5927\u5b78\u6642\u7684\u8ab2\u696d\u72c0\u6cc1",
            "likeCount": 1
        },
        {
            "reply_id": "UgxUqe0bfYvh4gIDQ1p4AaABAg",
            "reply_content": "\u7b11\u5230\u6b7b",
            "likeCount": 0
        },
        {
            "reply_id": "UgwhAmG_oOT7FSppuy54AaABAg",
            "reply_content": "\u767d\u54e5\u4e00\u958b\u59cb\u6211\u770b\u5230\u4ee5\u70ba\u662f\u6d0b\u8525\u7684\u7db2\u7403\u738b\u5b50\u88e1\u90a3\u500b\u4eba",
            "likeCount": 0
        },
        {
            "reply_id": "Ugw74SZLuF9uI6LcUnp4AaABAg",
            "reply_content": "\u7cbe\u5f69\u7cbe\u5f69",
            "likeCount": 0
        },
        {
            "reply_id": "UgzsgzGvcW7QdIiMju54AaABAg",
            "reply_content": "\u4f60\u8ddf\u8303\u99ac\u52c7\u6b21\u90ce\u8df3\u821e\u55ce",
            "likeCount": 0
        },
        {
            "reply_id": "Ugz45hRiCRUjRQ01YQl4AaABAg",
            "reply_content": "\u6240\u8b02\u7684\u4e0d\u5065\u5eb7\u5be2\u662f\u5bb9\u6613\u53d7\u50b7\u7684\u610f\u601d\u5427\uff0c\u78ba\u5be6\u4e0d\u592a\u5065\u5eb7\u5462",
            "likeCount": 0
        },
        {
            "reply_id": "UgyaiRQT0LW4rhDMNcl4AaABAg",
            "reply_content": "\u770b\u5b8c\u5f71\u7247\u5f8c\u597d\u61f7\u5ff5\u5927\u5b78\u6642\u671f\u7684\u793e\u5718",
            "likeCount": 0
        },
        {
            "reply_id": "UgxLd9lb2Rzrxz02FJ94AaABAg",
            "reply_content": "\u8d85\u597d\u7b11",
            "likeCount": 0
        },
        {
            "reply_id": "UgwuiUpp1RSAZA58K7F4AaABAg",
            "reply_content": "\u9760\u5317\u9019\u6211",
            "likeCount": 0
        },
        {
            "reply_id": "Ugx7vX4WY6IR6JJzYjJ4AaABAg",
            "reply_content": "\u8d85\u4e2d\u80af",
            "likeCount": 0
        },
        {
            "reply_id": "UgwUoJJGgTEYp1dvui94AaABAg",
            "reply_content": "\u6709\u7576\u5175\u6545\u4e8b\u55ce",
            "likeCount": 0
        },
        {
            "reply_id": "UgwnFnZSWSSQ2LC2Dvp4AaABAg",
            "reply_content": "\u6709\u97cb\u79ae\u5b89\u5c31\u7d66\u8b9a",
            "likeCount": 0
        },
        {
            "reply_id": "UgzIcQhuMTeZ9LgFt5l4AaABAg",
            "reply_content": "\u9019\u96c6\u8d85\u597d\u7b11",
            "likeCount": 0
        },
        {
            "reply_id": "UgxdEJiIgw1zFJjleMF4AaABAg",
            "reply_content": "\u4eba\u969b\u771f\u662f\u500b\u8907\u96dc\u7684\u8ab2\u984c",
            "likeCount": 0
        },
        {
            "reply_id": "UgzQddRvMAFmyok7BKh4AaABAg",
            "reply_content": "\u65b9\u65b9\u7c89\u7d72\u4f86\u63a8\u4e00\u4e0b",
            "likeCount": 0
        },
        {
            "reply_id": "UgxqWboHYocDD_IDngB4AaABAg",
            "reply_content": "\u597d\u671f\u5f85\u4e0b\u4e00\u96c6",
            "likeCount": 0
        },
        {
            "reply_id": "UgzTP5_cPOM2wfl8rfV4AaABAg",
            "reply_content": "\u628a\u968a\u8f14\u6bd4\u55bb\u6210\u5341\u4e09\u756a\u968a\u7c21\u76f4\u5929\u624d",
            "likeCount": 0
        },
        {
            "reply_id": "UgzhFU4rt1TDJpdqylF4AaABAg",
            "reply_content": "\u4e0d\u6703\u793e\u4ea4\u5c31\u60f3\u8fa6\u6cd5\u8a8d\u8b58\u7cfb\u6838\u5c31\u597d \u5230\u6642\u5019\u5c31\u6703\u8ddf\u5176\u4ed6\u4eba\u6162\u6162\u8b8a\u719f\u4e86",
            "likeCount": 0
        },
        {
            "reply_id": "UgwTf9Zob7sny6ws8794AaABAg",
            "reply_content": "\u6d0b\u8525\u4f60\u8981\u8aaa\u4f60\u5403\u5927\u9ea5\u514b\u90fd\u6703\u60f3\u8d77\u7684\u90a3\u6bb5\u6200\u60c5\u4e86\u55ce\u6211\u597d\u671f\u5f85\ud83d\ude01",
            "likeCount": 0
        },
        {
            "reply_id": "UgxXcy_xvzamnGDMiZx4AaABAg",
            "reply_content": "\u597d\u4e45\u6c92\u770b\u597d\u8b9a",
            "likeCount": 0
        },
        {
            "reply_id": "Ugxtkv7ns4E7GoG425V4AaABAg",
            "reply_content": "\u53c3\u52a0\u5bbf\u71df\u7684\u6211\u76f4\u63a5\u628a\u4e00\u500b\u5973\u751f\u7d66\u8fa6\u4e86",
            "likeCount": 0
        }
    ]
}