{
    "video_info": {
        "id": "lRK6H7K929A",
        "channelTitle": "Onion Man",
        "title": "Onion Man | \u51b0\u5cf6\u4e0a\u4e00\u6b21\u5ec1\u6240\u7adf\u82b1\u4e86540\u5143\uff01\uff1f\u8207\u59b9\u5b50\u6311\u6230\u706b\u5c71\u5674\u767c\u7684\u51b0\u5ddd\uff01\u9084\u9047\u5230\u771f\u4eba\u7248\u7d05\u5091\uff01\u51b0\u5cf6\u7bc7 (\u4e8c)   @JBao     @huzi1989\u200b",
        "description": "\u51b0\u5cf6\u771f\u7684\u662f\u4ed9\u5883~\u73a9\u5f97\u8d85\u5feb\u6a02\uff0c\u5f71\u7247\u4e5f\u505a\u5f97\u5f88\u6109\u5feb\n\n\u611f\u8b1d\u672c\u6708\u4e7e\u7239  \u8b93\u6211\u80fd\u7522\u51fa14\u5206\u9418\u7684\u9b3c\u4e4b\u7247\n\u6f6e\u6f6e\u5fc5\u5099\u55ae\u54c1  FUNCT \u96a8\u65c5\u5305 2.0 CORDURA\n\n\u202210 \u500b\u6536\u7d0d\u529f\u80fd\uff0c\u5167\u90e8 4 \u500b\u9644\u9b54\u9b3c\u6c08\u9694\u5c64\u3001\u624b\u6a5f\u9632\u522e\u5206\u9694\u888b\n\u2022 \u9760\u81ea\u5df1\u7ad9\u633a\u7684\u5305\u9ad4\u8a2d\u8a08\n\u2022 \u9632\u6f51\u6c34\u8a2d\u8a08\n\u2022 \u78c1\u5438\u5916\u84cb\uff0c\u65b9\u4fbf\u5feb\u901f\u62ff\u6771\u897f\n\u2022 \u63f9\u8457\u4e0a\u5c71\u4e0b\u6d77\uff0c\u5916\u578b\u4fd0\u843d\u7c21\u55ae \n\u50b3\u9001\u9580\uff1ahttp://funct.tw/4bach7\n\u6298\u6263\u78bc\uff1aonionman0857\n\n\u3010\u8a02\u95b1\u3011\u53ca\u89c0\u770b\u6d0b\u8525\u66f4\u591a\u5f71\u7247: https://goo.gl/ijP3Eb\n\n\u5de5\u4f5c\u5408\u4f5c\uff1aonionmanwork@gmail.com\nOnion Man \u767e\u842c\u8ffd\u8e64\u7c89\u7d72\u5718:goo.gl/Z5CSvw\n\n\u6700\u65b0\u963f\u6587\u8cbc\u5716:https://reurl.cc/GxYjA\n\n\u7b2c\u4e00\u4ee3\u963f\u6587line\u8cbc\u5716:https://reurl.cc/Wroxx\n\n\u6d0b\u8525\u79c1\u751f\u6d3bIG:https://www.instagram.com/onionman__/\n\n\n\u904b\u52d5\u6f2b\u756b\u88e1\u7684\u4e2d\u4e8c\u8001\u6897\u5287\u60c5\n\u25ba\u7b2c\u4e00\u96c6:https://youtu.be/cMoV1rPH35k\n\u25ba\u7b2c\u4e8c\u96c6:https://youtu.be/iW7LM00lny0\n\u25ba\u7b2c\u4e09\u96c6:https://youtu.be/2G5wu61uCM0\n\u25ba\u7b2c\u56db\u96c6:https://youtu.be/-rP1abYv8n4\n\nOnion Man \u95dc\u9375\u5b57:\n\u4e2d\u4e8c \u80a5\u5b85 \u55ae\u8eab\u6f22 \u55ae\u8eab \u9b6f\u86c7 \u5c4c\u7d72 \u80a5\u5b85",
        "likeCount": "10013",
        "commentCount": "596",
        "viewCount": "734893"
    },
    "comments": [
        {
            "reply_id": "Ugw7oTcKqcOllnPO_WZ4AaABAg",
            "reply_content": "\u671d\u8056",
            "likeCount": 1
        },
        {
            "reply_id": "UgxTiUBo3jCFI4GaANh4AaABAg",
            "reply_content": "\u770b\u5b8c\u6574\u500b\u7cfb\u5217\uff0c\u66f4\u78ba\u4fe1\u51fa\u570b\u73a9\u662f\u6d6a\u8cbb\u9322\u7684\u4e8b\u60c5\u4e86",
            "likeCount": 0
        },
        {
            "reply_id": "UgzFulc-Y-XH9cWgSkl4AaABAg",
            "reply_content": "\u6211\u8981\u805e",
            "likeCount": 0
        },
        {
            "reply_id": "UgwzfkcYSp7uU6K37Ip4AaABAg",
            "reply_content": "\u665a\u4e0a\u53bb\u6d77\u908a\u6bcf\u500b\u6c99\u7058\u90fd\u662f\u9ed1\u7684",
            "likeCount": 0
        },
        {
            "reply_id": "UgwTnnUaX1ORuEebLDF4AaABAg",
            "reply_content": "\u9019\u53eb\u505a\u4e0d\u8981\u5c37\u5c2c\u6311\u6230",
            "likeCount": 0
        },
        {
            "reply_id": "Ugx29aHRlpG_vy_xd5l4AaABAg",
            "reply_content": "\u8a71\u8aaa\u5c3f\u5c3f\u9322\u9084\u963f\u6ef4\u6c92",
            "likeCount": 0
        },
        {
            "reply_id": "UgxADcQijWxoxhbn6XV4AaABAg",
            "reply_content": "\u64ad",
            "likeCount": 0
        },
        {
            "reply_id": "UgzhgDYzs6iOjmXCd5l4AaABAg",
            "reply_content": "\u62cd\u5730\u677f\u53ec\u559a\u5de8\u795e\u5175",
            "likeCount": 0
        },
        {
            "reply_id": "Ugw_9LSTWgqG_5xr8xR4AaABAg",
            "reply_content": "\u62bd",
            "likeCount": 0
        },
        {
            "reply_id": "UgzrBOfRK9DoDsR1OZ94AaABAg",
            "reply_content": "\u7d05\u5091\u592a\u597d\u7b11",
            "likeCount": 0
        },
        {
            "reply_id": "UgxF4ZGaj24rq6qWXYl4AaABAg",
            "reply_content": "\u6668\u6668\u4e0d\u60f3\u63a5\u5730\u7b11\u6b7b",
            "likeCount": 0
        },
        {
            "reply_id": "UgzR2e_aTJdN9ntnudZ4AaABAg",
            "reply_content": "\u4f60\u5c31\u5f88\u81ed",
            "likeCount": 0
        },
        {
            "reply_id": "UgwW6SxDwpwDYgLkrhR4AaABAg",
            "reply_content": "\u957f\u5f71\u7247\u4e5f\u4e0d\u9519\u7684",
            "likeCount": 0
        },
        {
            "reply_id": "UgwD-n45GKjzV0HsEjx4AaABAg",
            "reply_content": "\u62bd\u8d77\u4f86",
            "likeCount": 0
        },
        {
            "reply_id": "UgysYlcVNeFtc9NC9kx4AaABAg",
            "reply_content": "\u5e79\u696d\u914d\u8d85\u597d\u770b",
            "likeCount": 0
        },
        {
            "reply_id": "UgzuDVthwV7FhtspFHR4AaABAg",
            "reply_content": "\u62bd",
            "likeCount": 0
        },
        {
            "reply_id": "UgwJ8mxNxRjjiX7jHsx4AaABAg",
            "reply_content": "\u62bd",
            "likeCount": 0
        },
        {
            "reply_id": "Ugw1fdixWZe-NllwQAF4AaABAg",
            "reply_content": "\u51b0\u5cf6\u602a\u4eba",
            "likeCount": 0
        },
        {
            "reply_id": "Ugw4YPldK0_RgLIP6HB4AaABAg",
            "reply_content": "\u652f\u6301",
            "likeCount": 0
        },
        {
            "reply_id": "Ugw0oUNzV_VcJ5K1XWV4AaABAg",
            "reply_content": "\u6d0b\u8525\u4e0d\u7ba1\u4ec0\u9ebc\u6771\u897f\u90fd\u80fd\u756b\u6210\u5f71\u7247\u56de\u672c,\u4e0d\u584a\u662f\u72e0\u89d2\u8272",
            "likeCount": 2
        },
        {
            "reply_id": "UgzKHldjPy3VLqM1AYx4AaABAg",
            "reply_content": "\u6d0b\u8525\u9019\u6b21\u53bb\u5317\u6b50\u61c9\u8a72\u53ef\u4ee5\u9ad4\u9a57\u4e00\u4e0b\u6709\u5225\u65bc\u53f0\u7063\u7684\u884c\u4eba\u6b63\u5e38\u7528\u8def\u74b0\u5883",
            "likeCount": 1
        },
        {
            "reply_id": "Ugx5VPq-8UcWYAJK6HJ4AaABAg",
            "reply_content": "\u6211\u53ea\u60f3\u8d95\u5feb\u770b\u885d\u7a81",
            "likeCount": 0
        },
        {
            "reply_id": "UgwfMPVakS5dt3tK0A94AaABAg",
            "reply_content": "\u963f\u6ef4\u662f\u600e\u9ebc\u7528\u82e5\u7121\u5176\u4e8b\u7684\u6a23\u5b50\u8aaa\u51fa\u5176\u4e2d\u4e00\u5ea7\u706b\u5c71\u96a8\u6642\u6703\u7206\u767c\u7684\u4e8b",
            "likeCount": 0
        },
        {
            "reply_id": "UgyhlbZCkm7GOIGit7V4AaABAg",
            "reply_content": "\u6211\u7d55\u5c0d\u4e0d\u6703\u8aaa\u6211\u662f\u56e0\u70ba\u5c01\u9762\u6709\u54c1\u5b50\u624d\u9ede\u9032\u4f86\u770b\u7684\ud83d\ude06",
            "likeCount": 0
        },
        {
            "reply_id": "UgyaOtyKwvmweyN90Wp4AaABAg",
            "reply_content": "\u903c\u689d\u78bc\u597d\u597d\u7b11",
            "likeCount": 0
        }
    ]
}