{
    "video_info": {
        "id": "LSL9kZ80ci0",
        "channelTitle": "Onion Man",
        "title": "Onion Man | \u5b85\u7537\u51fa\u9580\u8207\u5973\u795e\u6311\u6230\u5404\u7a2e\u904b\u52d5\uff01 \u8eb2\u907f\u7403\u722c\u5c71\u6a23\u6a23\u4f86\uff01 | \u6d0b\u8525\u6700\u8fd1\u7684\u751f\u6d3b",
        "description": "\u6d0b\u8525\u8fd1\u671f\u51fa\u9580\u9047\u898b\u7684\u5404\u7a2e\u8da3\u4e8b\uff0c\u8ddf\u8457\u6211\u4e00\u8d77\u51fa\u9580\u9ad4\u9a57\u4eba\u751f\u5427\uff5e\n\ud83d\udcd6\u300a\u6211\u7684\u5fa1\u528d\u65e5\u8a18\u300b\u4e0b\u8f09\uff1ahttps://app.adjust.com/bni6xvj\n---------------------------------------------------------------------\n2022\u9996\u6b3e\u6c89\u6d78\u5f0f\u4e16\u754c\u4fee\u771f\u63a2\u7d22\u5361\u724cRPG\u300a\u6211\u7684\u5fa1\u528d\u65e5\u8a18\u300b\n\u8207\u773e\u591a\u4e0a\u53e4\u5996\u9748\u4eab\u53d7\u4e0d\u53ef\u601d\u8b70\u7684\u4ed9\u4fe0\u5927\u5192\u96aa\uff01\n\u8ddf\u6211\u4e00\u8d77\u6b61\u6a02\u4fee\u4ed9\ud83d\udc95\n\n\u3010\u8a02\u95b1\u3011\u53ca\u89c0\u770b\u6d0b\u8525\u66f4\u591a\u5f71\u7247: https://goo.gl/ijP3Eb\n\n\u5de5\u4f5c\u5408\u4f5c\uff1aonionmanwork@gmail.com\nOnion Man \u767e\u842c\u8ffd\u8e64\u7c89\u7d72\u5718:goo.gl/Z5CSvw\n\n\u6700\u65b0\u963f\u6587\u8cbc\u5716:https://reurl.cc/GxYjA\n\n\u7b2c\u4e00\u4ee3\u963f\u6587line\u8cbc\u5716:https://reurl.cc/Wroxx\n\n\u6d0b\u8525\u79c1\u751f\u6d3bIG:https://www.instagram.com/onionman__/\n\n\n\u904b\u52d5\u6f2b\u756b\u88e1\u7684\u4e2d\u4e8c\u8001\u6897\u5287\u60c5\n\u25ba\u7b2c\u4e00\u96c6:https://youtu.be/cMoV1rPH35k\n\u25ba\u7b2c\u4e8c\u96c6:https://youtu.be/iW7LM00lny0\n\u25ba\u7b2c\u4e09\u96c6:https://youtu.be/2G5wu61uCM0\n\u25ba\u7b2c\u56db\u96c6:https://youtu.be/-rP1abYv8n4\n\nOnion Man \u95dc\u9375\u5b57:\n\u4e2d\u4e8c \u80a5\u5b85 \u55ae\u8eab\u6f22 \u55ae\u8eab \u9b6f\u86c7 \u5c4c\u7d72 \u80a5\u5b85",
        "likeCount": "3987",
        "commentCount": "482",
        "viewCount": "218870"
    },
    "comments": [
        {
            "reply_id": "Ugw4e55y_4zDXEQcOYd4AaABAg",
            "reply_content": "\u9023\u696d\u914d\u90fd\u597d\u770b\u771f\u4e0d\u6127\u662f\u6d0b\u8525",
            "likeCount": 9
        },
        {
            "reply_id": "UgznDJ7MMxn7_rSf_Zl4AaABAg",
            "reply_content": "\u6240\u4ee5\u6d0b\u8525\u4f60\u7684\u5f48\u73e0\u4eba\u7ae5\u5e74\u56de\u61b6\u7bc7\u7a76\u7adf\u756b\u5b8c\u4e86\u6c92",
            "likeCount": 1
        },
        {
            "reply_id": "UgwfvapXURwK9vMPpbp4AaABAg",
            "reply_content": "\u62bd\u62bd",
            "likeCount": 0
        },
        {
            "reply_id": "UgyAopuA2OjIsxiHdnd4AaABAg",
            "reply_content": "\u6211\u4e5f\u8981\u62bd\u8cbc\u5716",
            "likeCount": 0
        },
        {
            "reply_id": "UgyxQWFkOlyHgM-UJYd4AaABAg",
            "reply_content": "\u70ab\u8000\u6587\u5305\u88dd",
            "likeCount": 0
        },
        {
            "reply_id": "UgyJu5eNzK1MWMHrBoB4AaABAg",
            "reply_content": "\u5c45\u7136\u6700\u5f8c\u662f\u696d\u914d\u54c8\u54c8\u54c8\u54c8",
            "likeCount": 0
        },
        {
            "reply_id": "UgyPTWD4tj3-HT83FQd4AaABAg",
            "reply_content": "\u62bd\u8cbc\u5716",
            "likeCount": 0
        },
        {
            "reply_id": "UgyLW6vYB7Y80ifHmFt4AaABAg",
            "reply_content": "\u9019\u696d\u914d\u6709\u9ede\u727d\u5f37",
            "likeCount": 0
        },
        {
            "reply_id": "UgwWk0hDlNyWicWbk5x4AaABAg",
            "reply_content": "\u592a\u591a\u6b63\u59b9\u4e86\u5427",
            "likeCount": 0
        },
        {
            "reply_id": "Ugxm_HSIPIwdl0NJZKp4AaABAg",
            "reply_content": "\u62bd\u7206",
            "likeCount": 0
        },
        {
            "reply_id": "UgxO-Au9_P8k2GowPYJ4AaABAg",
            "reply_content": "\u53ef\u60b2\u5047\u80a5\u5b85",
            "likeCount": 0
        },
        {
            "reply_id": "UgwCqLOiivM9NjoRPqV4AaABAg",
            "reply_content": "\u62bd",
            "likeCount": 0
        },
        {
            "reply_id": "UgzTLfP80ctPEobm-Qt4AaABAg",
            "reply_content": "\u62bd",
            "likeCount": 0
        },
        {
            "reply_id": "Ugx9-S5B-lr4gSM54XB4AaABAg",
            "reply_content": "\u597d\u60f3\u8ddf\u6d0b\u8525\u4e00\u6a23\u8ddf\u4e00\u5806\u59b9\u5b50\u6253\u7403",
            "likeCount": 0
        },
        {
            "reply_id": "UgyE2EuhtUqtbfkWUm94AaABAg",
            "reply_content": "\u62bd",
            "likeCount": 0
        },
        {
            "reply_id": "UgzVyWk8GgN83b3kbRB4AaABAg",
            "reply_content": "\u7121\u60c5\u5de5\u5546\u734e",
            "likeCount": 0
        },
        {
            "reply_id": "UgyBgDwzqjXkoS5gREZ4AaABAg",
            "reply_content": "\u597d\u770b",
            "likeCount": 0
        },
        {
            "reply_id": "UgyDA_Q0ziweC1Lh5I54AaABAg",
            "reply_content": "\u6700\u8fd1\u897f\u74dc\u89c6\u9891\u91cc\u9762\u6709\u4eba\u76d7\u4f60\u7684\u5f71\u7247",
            "likeCount": 0
        },
        {
            "reply_id": "UgyvQW7vwDUPmDQvXN14AaABAg",
            "reply_content": "\u597d\u591a\u7f8e\u5973",
            "likeCount": 0
        },
        {
            "reply_id": "UgyLdoku5oqwRcBF_0N4AaABAg",
            "reply_content": "\u80fd\u8a8d\u8b58\u59b9\u5b50\u771f\u597d",
            "likeCount": 0
        },
        {
            "reply_id": "UgxfUY2V375S9jwYsvd4AaABAg",
            "reply_content": "\u8b9a",
            "likeCount": 0
        },
        {
            "reply_id": "UgzTlP3V8vyqLa2cHZd4AaABAg",
            "reply_content": "\u8b9a\u5566",
            "likeCount": 0
        },
        {
            "reply_id": "Ugx9cWehvvsDn2XIQuV4AaABAg",
            "reply_content": "\u62bd",
            "likeCount": 0
        },
        {
            "reply_id": "UgzupJIHIHNwZStfsrB4AaABAg",
            "reply_content": "\u53c8\u662f\u696d\u914d\u8525\u554a\u679c\u7136\u662f\u500b\u72e0\u89d2\u8272\uff0c\u795d\u6d0b\u8525\u672a\u4f86\u751f\u6d3b\u5145\u6eff\u66f4\u591a\u6b63\u80fd\u91cf",
            "likeCount": 6
        },
        {
            "reply_id": "UgyIZl23OEDXtBs_Q614AaABAg",
            "reply_content": "\u5145\u6eff\u6b63\u80fd\u91cf\u7684\u696d\u914d",
            "likeCount": 1
        }
    ]
}