{
    "video_info": {
        "id": "mDYQRHILbZs",
        "channelTitle": "Onion Man",
        "title": "Onion Man | \u8ddfUBER\u53f8\u6a5f\u5766\u627f\u6211\u5c31\u662f\u6d0b\u8525\uff01\uff01\uff01",
        "description": "\u660e\u660e\u5c31\u5f88\u310d\u3127\u3125\u4f46\u6211\u9084\u662f\u559c\u6b61\u59b3\nKKBOX\uff1a\nhttps://kkbox.fm/La9TbU?\n\n\u3010\u8a02\u95b1\u3011\u53ca\u89c0\u770b\u6d0b\u8525\u66f4\u591a\u5f71\u7247: https://goo.gl/ijP3Eb\n\n\u5de5\u4f5c\u5408\u4f5c\uff1aonionmanwork@gmail.com\nOnion Man \u767e\u842c\u8ffd\u8e64\u7c89\u7d72\u5718:goo.gl/Z5CSvw\n\n\u6700\u65b0\u963f\u6587\u8cbc\u5716:https://reurl.cc/GxYjA\n\n\u7b2c\u4e00\u4ee3\u963f\u6587line\u8cbc\u5716:https://reurl.cc/Wroxx\n\n\u6d0b\u8525\u79c1\u751f\u6d3bIG:https://www.instagram.com/onionman__/\n\n\n\u904b\u52d5\u6f2b\u756b\u88e1\u7684\u4e2d\u4e8c\u8001\u6897\u5287\u60c5\n\u25ba\u7b2c\u4e00\u96c6:https://youtu.be/cMoV1rPH35k\n\u25ba\u7b2c\u4e8c\u96c6:https://youtu.be/iW7LM00lny0\n\u25ba\u7b2c\u4e09\u96c6:https://youtu.be/2G5wu61uCM0\n\u25ba\u7b2c\u56db\u96c6:https://youtu.be/-rP1abYv8n4\n\nOnion Man \u95dc\u9375\u5b57:\n\u4e2d\u4e8c \u80a5\u5b85 \u55ae\u8eab\u6f22 \u55ae\u8eab \u9b6f\u86c7 \u5c4c\u7d72 \u80a5\u5b85",
        "likeCount": "16736",
        "commentCount": "1738",
        "viewCount": "503860"
    },
    "comments": [
        {
            "reply_id": "Ugzr7Rb7BjjKRO7qKxJ4AaABAg",
            "reply_content": "\u53f8\u6a5f\u8d85\u9ad4\u8cbc\u54c8\u54c8\u54c8 \u5e0c\u671b\u6709\u5929\u53ef\u4ee5\u9047\u5230\u91ce\u751f\u6d0b\u8525",
            "likeCount": 1
        },
        {
            "reply_id": "UgwvKFb_ctJpdbAG4C54AaABAg",
            "reply_content": "\u53f8\u673a\u5927\u54e5\u6709\u9762\u5b50\uff0c\u6d0b\u8471\u8fd8\u7279\u5730\u4e3a\u6b64\u505a\u4e86\u4e00\u96c6\u52a8\u753b",
            "likeCount": 0
        },
        {
            "reply_id": "Ugw0PPX1aPF7S1VpKjt4AaABAg",
            "reply_content": "\u4e0a\u6b21\u6709\u4e00\u500b\u4eba\u5728\u7406\u9aee\u5e97\u4e5f\u767c\u751f\u985e\u4f3c\u7684\u4e8b",
            "likeCount": 0
        },
        {
            "reply_id": "UgwP33pV8nK_m7Cssgd4AaABAg",
            "reply_content": "\u5f37",
            "likeCount": 0
        },
        {
            "reply_id": "Ugz0MGxtIHLJgoZIVHx4AaABAg",
            "reply_content": "\u5982\u679c\u770b\u5230\u6d0b\u8525\u672c\u4eba\u6211\u7d55\u5c0d\u8981\u544a\u767d",
            "likeCount": 0
        },
        {
            "reply_id": "Ugxj3K2zTz5oMsOLv_t4AaABAg",
            "reply_content": "\u597d\u53ef\u611b\u54c8\u54c8\u54c8\u54c8",
            "likeCount": 0
        },
        {
            "reply_id": "UgwDJ3So8pC5T8ASvH54AaABAg",
            "reply_content": "\u597d\u8cbc\u5fc3\u7684\u53f8\u6a5f",
            "likeCount": 0
        },
        {
            "reply_id": "Ugx2NwYoLSCo7A6qZMZ4AaABAg",
            "reply_content": "\u53f8\u6a5f\u662f\u91e3\u9b5a\u72e0\u89d2\u8272\u5462",
            "likeCount": 0
        },
        {
            "reply_id": "UgyrN3VzFUdPIZ3vgBl4AaABAg",
            "reply_content": "\u53f8\u6a5f\u6bd4\u6d0b\u8525\u66f4\u72e0",
            "likeCount": 0
        },
        {
            "reply_id": "UgwG7Jv27tO3H3h08DV4AaABAg",
            "reply_content": "\u54c8\u54c8\u54c8\u54c8",
            "likeCount": 0
        },
        {
            "reply_id": "UgzjlFGYqRs5H_FoYPF4AaABAg",
            "reply_content": "\u7b11\u6b7b",
            "likeCount": 0
        },
        {
            "reply_id": "UgyuG4dp05y-4c2xd654AaABAg",
            "reply_content": "\u54c8",
            "likeCount": 0
        },
        {
            "reply_id": "Ugya4Gkq0ERfF3SLquh4AaABAg",
            "reply_content": "\u53f8\u6a5f\u5148\u751f\u9810\u5224\u4e86\u4f60\u7684\u9810\u5224",
            "likeCount": 0
        },
        {
            "reply_id": "Ugwbm4tuXJ29AKcNC_J4AaABAg",
            "reply_content": "\u7fa8\u6155\u53f8\u6a5f",
            "likeCount": 0
        },
        {
            "reply_id": "UgwBKEaaw3H79TX4mjB4AaABAg",
            "reply_content": "\u50b2\u5b0c\u5594",
            "likeCount": 0
        },
        {
            "reply_id": "UgyQch3oHBqj54iqjQB4AaABAg",
            "reply_content": "\u5973\u751f\u8072\u97f3\u8d85\u597d\u807d",
            "likeCount": 0
        },
        {
            "reply_id": "UgxcQjfoyF-VF9GYRSd4AaABAg",
            "reply_content": "\u60f3\u77e5\u9053\u6b4c\u55ae",
            "likeCount": 0
        },
        {
            "reply_id": "UgzdFrsi_blyYXs0qLd4AaABAg",
            "reply_content": "\u559c\u6b61",
            "likeCount": 0
        },
        {
            "reply_id": "UgzaooFdkKWO6tubghN4AaABAg",
            "reply_content": "\u9019\u500b\u6211\u7b11\u6b7b",
            "likeCount": 0
        },
        {
            "reply_id": "Ugw9zLzDtamZWuZSkGB4AaABAg",
            "reply_content": "\u53f8\u6a5f\u771f\u7684\u592a\u53b2\u5bb3\u5566",
            "likeCount": 0
        },
        {
            "reply_id": "Ugz2Ishm8IgabTnshWZ4AaABAg",
            "reply_content": "\u9019\u53f8\u6a5f\u660e\u986f\u662f\u500b\u8d85\u72e0\u89d2\u8272",
            "likeCount": 0
        },
        {
            "reply_id": "UgyeuJqZu7PQmsKLqhB4AaABAg",
            "reply_content": "\u4f60\u5c37\u5c2c\u738b",
            "likeCount": 0
        },
        {
            "reply_id": "UgwSdWuOC-XJ8JK25pt4AaABAg",
            "reply_content": "\u6d0b\u8525\u8072\u97f3\u592a\u597d\u8a8d\u4e86\u54c8\u54c8\u54c8\u54c8",
            "likeCount": 0
        },
        {
            "reply_id": "UgxiNC2WW8GRf7ZVRdZ4AaABAg",
            "reply_content": "\u53f8\u6a5f\u7a7f\u7684\u6bd4\u8f03\u5e25",
            "likeCount": 0
        },
        {
            "reply_id": "Ugw-p9R42yYZimbPu294AaABAg",
            "reply_content": "\u91cd\u9ede\u662f\u8ddf\u54ea\u500b\u5973\u7684\u51fa\u53bb\u5427",
            "likeCount": 0
        }
    ]
}