{
    "video_info": {
        "id": "MF2spflT1Uo",
        "channelTitle": "Onion Man",
        "title": "Onion Man | \u7537\u4eba\u9b45\u529b\u6392\u884c\u699c(\u4e09)  \u919c\u7537\u963f\u6587\u5927\u7ffb\u8eab\uff01 | \u4e2d\u4e8c\u9023\u7e8c\u5287 @rayduenglish @shasha77",
        "description": "\u963f\u6587\u7684\u5e25\u6c23\u65b0\u5f62\u614b...\u80fd\u62b5\u6297A\u7d1a\u7684\u5c0d\u624b\u55ce\n\u516d\u65e5\u9023\u7e8c\u5169\u96c6!!!!\n\n\u7537\u4eba\u9b45\u529b\u6392\u884c\u699c(\u4e00): https://www.youtube.com/watch?v=shBm0VGm0Is\n\u7537\u4eba\u9b45\u529b\u6392\u884c\u699c(\u4e8c):https://www.youtube.com/watch?v=my_YjN27wEI\n\n\u3010\u8a02\u95b1\u3011\u53ca\u89c0\u770b\u6d0b\u8525\u66f4\u591a\u5f71\u7247: https://goo.gl/ijP3Eb\n\n\u5de5\u4f5c\u5408\u4f5c\uff1aonionmanwork@gmail.com\nOnion Man \u767e\u842c\u8ffd\u8e64\u7c89\u7d72\u5718:goo.gl/Z5CSvw\n\n\u6700\u65b0\u963f\u6587\u8cbc\u5716:https://reurl.cc/GxYjA\n\n\u7b2c\u4e00\u4ee3\u963f\u6587line\u8cbc\u5716:https://reurl.cc/Wroxx\n\n\u6d0b\u8525\u79c1\u751f\u6d3bIG:https://www.instagram.com/onionman__/\n\n\n\u904b\u52d5\u6f2b\u756b\u88e1\u7684\u4e2d\u4e8c\u8001\u6897\u5287\u60c5\n\u25ba\u7b2c\u4e00\u96c6:https://youtu.be/cMoV1rPH35k\n\u25ba\u7b2c\u4e8c\u96c6:https://youtu.be/iW7LM00lny0\n\u25ba\u7b2c\u4e09\u96c6:https://youtu.be/2G5wu61uCM0\n\u25ba\u7b2c\u56db\u96c6:https://youtu.be/-rP1abYv8n4\n\nOnion Man \u95dc\u9375\u5b57:\n\u4e2d\u4e8c \u80a5\u5b85 \u55ae\u8eab\u6f22 \u55ae\u8eab \u9b6f\u86c7 \u5c4c\u7d72 \u80a5\u5b85",
        "likeCount": "6399",
        "commentCount": "2032",
        "viewCount": "341493"
    },
    "comments": [
        {
            "reply_id": "UgzTPO6H20FmTOgWvIZ4AaABAg",
            "reply_content": "\u6211\u807d\u5230\u5fd7\u797a\u8ddf\u963f\u6ef4\u7684\u8072\u97f3\u76f4\u63a5\u7b11\u5230\u9f3b\u6d95\u5674\u51fa\u4f86\u4e86\ud83d\ude02",
            "likeCount": 1
        },
        {
            "reply_id": "UgxRG6wRDyK41S3JsZV4AaABAg",
            "reply_content": "\u963f\u6587\u9084\u662f\u4e00\u6a23\u602a\u982d",
            "likeCount": 0
        },
        {
            "reply_id": "UgzsKmGfPVcDRU_Z_IR4AaABAg",
            "reply_content": "\u6d0b\u8525\u597d\u5e25",
            "likeCount": 0
        },
        {
            "reply_id": "UgzeircpxW2Ds1r8USB4AaABAg",
            "reply_content": "\u80a5\u5b85\u90fd\u4e0d\u80a5\u5b85\u4e86",
            "likeCount": 0
        },
        {
            "reply_id": "UgwQi2bxCe2rShRo3AV4AaABAg",
            "reply_content": "\u771f\u662f\u6709\u8da3",
            "likeCount": 0
        },
        {
            "reply_id": "UgzWzf2w4IM4BNLNIBR4AaABAg",
            "reply_content": "\u7d14\u6f54\u5de8\u4eba\u7d05\u5091",
            "likeCount": 0
        },
        {
            "reply_id": "Ugzu442Mw0JQau5ODZB4AaABAg",
            "reply_content": "\u7559\u8a00\u652f\u6301",
            "likeCount": 0
        },
        {
            "reply_id": "UgywtVtWV5p3nsG2gwZ4AaABAg",
            "reply_content": "\u963f\u6587\u662f\u63db\u982d\u624b\u8853\u5427",
            "likeCount": 0
        },
        {
            "reply_id": "UgwYc3HHyHPPUQUsI2h4AaABAg",
            "reply_content": "\u9019\u7cfb\u5217\u597d\u770b",
            "likeCount": 0
        },
        {
            "reply_id": "UgyNlPl4FM859jfOwHV4AaABAg",
            "reply_content": "\u8525\u54e5\u8b9a",
            "likeCount": 0
        },
        {
            "reply_id": "UgzikO8Kugs39GMCTMB4AaABAg",
            "reply_content": "\u62bd",
            "likeCount": 0
        },
        {
            "reply_id": "UgwKbustq_GmXJQPE6N4AaABAg",
            "reply_content": "\u6bd4\u514b\u5927\u9b54\u738b\u554a\u54c8\u54c8\u54c8",
            "likeCount": 0
        },
        {
            "reply_id": "Ugyn-CO0UrOe3AJLsX14AaABAg",
            "reply_content": "\u9019\u7cfb\u5217\u5f88\u53ef\u4ee5",
            "likeCount": 0
        },
        {
            "reply_id": "Ugx2yGghZD9hqLp1ZjF4AaABAg",
            "reply_content": "\u9577\u7bc7\u4e5f\u592a\u597d\u770b\u597d\u597d\u7b11",
            "likeCount": 0
        },
        {
            "reply_id": "UgyYMw59I35ESxf-Hgp4AaABAg",
            "reply_content": "\u9019\u4e3b\u984c\u7684\u5e7e\u96c6\u80fd\u770b\u5b8c\u537b\u6c92\u7761\u8457\u7684\u90fd\u662f\u72e0\u89d2\u8272",
            "likeCount": 0
        },
        {
            "reply_id": "UgzMCycfJymsulS9oX14AaABAg",
            "reply_content": "\u6211\u8981\u624b\u6a5f\u652f\u67b6",
            "likeCount": 0
        },
        {
            "reply_id": "UgyLH9Ex7wb88XMCCp14AaABAg",
            "reply_content": "\u7279\u6548\u771f\u7684\u5e25",
            "likeCount": 0
        },
        {
            "reply_id": "UgxfQSb4Fln7iToHIPx4AaABAg",
            "reply_content": "\u9996\u64ad\u4e00\u51fa\u5c31\u76f4\u63a5\u770b",
            "likeCount": 0
        },
        {
            "reply_id": "UgzsIHS2NiCzNmMMRIh4AaABAg",
            "reply_content": "\u62bd\u62bd",
            "likeCount": 0
        },
        {
            "reply_id": "UgwLoztx670_j-K8Gep4AaABAg",
            "reply_content": "\u592a\u597d\u770b\u4e86\u5427",
            "likeCount": 0
        },
        {
            "reply_id": "UgxuE-aUe3XpcVXVdIB4AaABAg",
            "reply_content": "\u8cfd\u4e9e\u4eba\u4e4b\u795e",
            "likeCount": 0
        },
        {
            "reply_id": "Ugwfv6SOREGbIjnduBF4AaABAg",
            "reply_content": "\u62bd",
            "likeCount": 0
        },
        {
            "reply_id": "UgyV3McEFwYXGyWrzMp4AaABAg",
            "reply_content": "\u9019\u7cfb\u5217\u7684\u771f\u7684\u8d85\u6709\u6599",
            "likeCount": 0
        },
        {
            "reply_id": "Ugyqg0qcayJyujijYjd4AaABAg",
            "reply_content": "\u62bd\u62bd\u62bd",
            "likeCount": 0
        },
        {
            "reply_id": "Ugzg7dB33qXttjLrhnV4AaABAg",
            "reply_content": "\u8b9a\u5594",
            "likeCount": 0
        }
    ]
}