{
    "video_info": {
        "id": "mK9aKrWIdx4",
        "channelTitle": "Onion Man",
        "title": "Onion Man | \u5947\u7279\u6599\u7406?? \u6fb3\u9580\u7d2b\u8272\u7684\u62ab\u85a9 #shorts",
        "description": "\u6fb3\u9580\u670b\u53cb\u958b\u7684\u62ab\u85a9\u5e97 pizza king \n\n\u3010\u8a02\u95b1\u3011\u53ca\u89c0\u770b\u6d0b\u8525\u66f4\u591a\u5f71\u7247: https://goo.gl/ijP3Eb\n\n\u5de5\u4f5c\u5408\u4f5c\uff1aonionmanwork@gmail.com\nOnion Man \u767e\u842c\u8ffd\u8e64\u7c89\u7d72\u5718:goo.gl/Z5CSvw\n\n\u6700\u65b0\u963f\u6587\u8cbc\u5716:https://reurl.cc/GxYjA\n\n\u7b2c\u4e00\u4ee3\u963f\u6587line\u8cbc\u5716:https://reurl.cc/Wroxx\n\n\u6d0b\u8525\u79c1\u751f\u6d3bIG:https://www.instagram.com/onionman__/\n\n\n\u904b\u52d5\u6f2b\u756b\u88e1\u7684\u4e2d\u4e8c\u8001\u6897\u5287\u60c5\n\u25ba\u7b2c\u4e00\u96c6:https://youtu.be/cMoV1rPH35k\n\u25ba\u7b2c\u4e8c\u96c6:https://youtu.be/iW7LM00lny0\n\u25ba\u7b2c\u4e09\u96c6:https://youtu.be/2G5wu61uCM0\n\u25ba\u7b2c\u56db\u96c6:https://youtu.be/-rP1abYv8n4\n\nOnion Man \u95dc\u9375\u5b57:\n\u4e2d\u4e8c \u80a5\u5b85 \u55ae\u8eab\u6f22 \u55ae\u8eab \u9b6f\u86c7 \u5c4c\u7d72 \u80a5\u5b85 #shorts",
        "likeCount": "1431",
        "commentCount": "62",
        "viewCount": "77427"
    },
    "comments": [
        {
            "reply_id": "Ugw1W3wguABDdUm3MZR4AaABAg",
            "reply_content": "\u7fa9\u5927\u5229\u4eba\u7684\u6d32\u969b\u5c0e\u5f48\u5df2\u7d93\u5728\u5929\u4e0a\u4e86",
            "likeCount": 34
        },
        {
            "reply_id": "Ugy0SsE0krp1PBAdB-p4AaABAg",
            "reply_content": "\u96d6\u7136\u770b\u8d77\u4f86\u602a\u602a\u7684 \u53ef\u662f\u4e0d\u77e5\u70ba\u5565\u611f\u89ba\u5f88\u597d\u5403",
            "likeCount": 12
        },
        {
            "reply_id": "UgzpEOUbg84GhiqXsKF4AaABAg",
            "reply_content": "\u600e\u9ebc\u90a3\u9ebc\u50cf\u662f\u80d6\u864e\u7684\u6599\u7406",
            "likeCount": 6
        },
        {
            "reply_id": "Ugz94I2OT1oq85PbtV94AaABAg",
            "reply_content": "\u611f\u89ba\u662f\u80d6\u864e\u6703\u7aef\u51fa\u4f86\u7684\u6599\u7406",
            "likeCount": 5
        },
        {
            "reply_id": "Ugx9Qu5te_oZFLBs7s54AaABAg",
            "reply_content": "\u97f3\u6a02\u597d\u807d",
            "likeCount": 4
        },
        {
            "reply_id": "UgwFYvAr2JoXzBiF9h54AaABAg",
            "reply_content": "\u6211\u7684\u76f4\u89ba\u544a\u8a34\u6211\u9019\u6771\u897f\u6709\u6bd2",
            "likeCount": 4
        },
        {
            "reply_id": "UgykW5jdMf_LL-8b8I94AaABAg",
            "reply_content": "\u725b",
            "likeCount": 1
        },
        {
            "reply_id": "UgzmPjLcPvLK7fIpzJd4AaABAg",
            "reply_content": "\u4f60\u6015\u4e0d\u662f\u7d66\u7fa9\u5927\u5229\u4eba\u770b\u4ed6\u5011\u90fd\u88ab\u6c23\u6b7b",
            "likeCount": 1
        },
        {
            "reply_id": "UgydOp0pf-3HVEDAso14AaABAg",
            "reply_content": "\u85a9\u8afe\u65af\u53e3\u5473",
            "likeCount": 1
        },
        {
            "reply_id": "UgxN_Gz5IgD73sr20o14AaABAg",
            "reply_content": "\u5287\u6bd2\u53f2\u840a\u59c6",
            "likeCount": 1
        },
        {
            "reply_id": "Ugza_auG7EyMaPIDA7J4AaABAg",
            "reply_content": "\u600e\u9ebc\u6709\u9ede\u50cf\u9ed1\u6697\u6599\u7406",
            "likeCount": 1
        },
        {
            "reply_id": "UgxBaguFpV6S7Qt-Nmh4AaABAg",
            "reply_content": "\u80d6\u864e\u7684\u6d77\u9bae\u62ab\u85a9",
            "likeCount": 0
        },
        {
            "reply_id": "UgxtO17dc4Sbg9GvuP54AaABAg",
            "reply_content": "\u611f\u89ba\u597d\u597d\u5403",
            "likeCount": 0
        },
        {
            "reply_id": "UgxCcHoMB8RvxVaYOLN4AaABAg",
            "reply_content": "\u9ea5\u7576\u52de\u5976\u6614",
            "likeCount": 0
        },
        {
            "reply_id": "UgzEkEewpXSjK-V5cNV4AaABAg",
            "reply_content": "\u50b3\u8aaa\u4e2d\u7684\u80d6\u864e\u62ab\u85a9",
            "likeCount": 0
        },
        {
            "reply_id": "UgwS1XtzXw-oTMMyayx4AaABAg",
            "reply_content": "\u6211\u662f\u6fb3\u95e8\u4eba",
            "likeCount": 0
        },
        {
            "reply_id": "UgzEKQFD3Jmo27o7Ioh4AaABAg",
            "reply_content": "\u7d2b\u8272\u611f\u89c9\u8fd8\u4e0d\u9519",
            "likeCount": 0
        },
        {
            "reply_id": "UgzSMM_outafoxCJ9kJ4AaABAg",
            "reply_content": "\u80d6\u864e\u62ab\u85a9",
            "likeCount": 0
        }
    ]
}