{
    "video_info": {
        "id": "mM0eGjn8mGc",
        "channelTitle": "Onion Man",
        "title": "Onion Man | \u6b63\u59b9\u8207\u666e\u59b9\u7684\u5dee\u5225\u5f85\u9047\uff1f\u73fe\u5be6\u7684\u5bbf\u71df\u7bc7\uff01\u793e\u4ea4\u738b\u6d0b\u8525\u7684\u9ad4\u609f\uff01\u5927\u5b78\u908a\u7de3\u6210\u9577\u53f2\uff08\u4e09\uff09",
        "description": "\u6d0b\u8525\u6416\u8eab\u4e00\u8b8a\u6210\u70ba\u793e\u4ea4\u738b\n\u4f46\u6b64\u6642\u4ed6\u4e5f\u767c\u73fe\u8a31\u8a31\u591a\u5b78\u5f1f\u6709\u8457\u4ed6\u7576\u5e74\u7684\u5f71\u5b50\n\n\u3010\u8a02\u95b1\u3011\u53ca\u89c0\u770b\u6d0b\u8525\u66f4\u591a\u5f71\u7247: https://goo.gl/ijP3Eb\n\n\u5de5\u4f5c\u5408\u4f5c\uff1aonionmanwork@gmail.com\nOnion Man \u767e\u842c\u8ffd\u8e64\u7c89\u7d72\u5718:goo.gl/Z5CSvw\n\n\u6700\u65b0\u963f\u6587\u8cbc\u5716:https://reurl.cc/GxYjA\n\n\u7b2c\u4e00\u4ee3\u963f\u6587line\u8cbc\u5716:https://reurl.cc/Wroxx\n\n\u6d0b\u8525\u79c1\u751f\u6d3bIG:https://www.instagram.com/onionman__/\n\n\n\u904b\u52d5\u6f2b\u756b\u88e1\u7684\u4e2d\u4e8c\u8001\u6897\u5287\u60c5\n\u25ba\u7b2c\u4e00\u96c6:https://youtu.be/cMoV1rPH35k\n\u25ba\u7b2c\u4e8c\u96c6:https://youtu.be/iW7LM00lny0\n\u25ba\u7b2c\u4e09\u96c6:https://youtu.be/2G5wu61uCM0\n\u25ba\u7b2c\u56db\u96c6:https://youtu.be/-rP1abYv8n4\n\nOnion Man \u95dc\u9375\u5b57:\n\u4e2d\u4e8c \u80a5\u5b85 \u55ae\u8eab\u6f22 \u55ae\u8eab \u9b6f\u86c7 \u5c4c\u7d72 \u80a5\u5b85",
        "likeCount": "9583",
        "commentCount": "658",
        "viewCount": "454289"
    },
    "comments": [
        {
            "reply_id": "UgxBlJ4xbQKMCeZf39Z4AaABAg",
            "reply_content": "\u6d0b\u8525\u662f\u6211\u770b\u904e\u552f\u4e00\u4e00\u500b\u7e3d\u662f\u8b93\u6211\u611f\u52d5\u53c8\u89ba\u5f97\u6709\u6233\u5230\u7b11\u9ede\u7684\u63d2\u756b\u5bb6",
            "likeCount": 0
        },
        {
            "reply_id": "UgyxutIy7lNltta6nS54AaABAg",
            "reply_content": "\u6d0b\u8525\u771f\u7684\u597d\u6eab\u6696",
            "likeCount": 0
        },
        {
            "reply_id": "UgwMrW3llZJvLp394wZ4AaABAg",
            "reply_content": "\u6211\u6c92\u8b80\u5927\u5b78",
            "likeCount": 0
        },
        {
            "reply_id": "Ugwbp9dfOOERI7XVPpx4AaABAg",
            "reply_content": "\u6211\u5012\u662f\u5f9e\u5927\u4e00\u908a\u7de3\u5230\u5927\u56db\n\u5f9e\u7fd2\u6163\u5b64\u55ae\u5230\u4eab\u53d7\u5b64\u55ae",
            "likeCount": 0
        },
        {
            "reply_id": "UgwNnYPw45QwDIIPtTd4AaABAg",
            "reply_content": "\u9019\u5c31\u662f\u9752\u6625\u554a",
            "likeCount": 0
        },
        {
            "reply_id": "UgyAvV5RFkqjElhufTp4AaABAg",
            "reply_content": "\u9019\u5e7e\u96c6\u53c8\u6709\u539f\u672c\u6d0b\u8525\u7684\u611f\u89ba\u4e86",
            "likeCount": 0
        },
        {
            "reply_id": "UgwowD8pDKSw7pcXD414AaABAg",
            "reply_content": "\u6200\u611b\u5b78\u5206\u6b7b\u7576\u7684\u5927\u5b78\u751f\u6d3b",
            "likeCount": 0
        },
        {
            "reply_id": "Ugzu1OuNR8XMjW8JXnd4AaABAg",
            "reply_content": "\u4e0d\u5f97\u4e0d\u8aaa\u6211\u5011\u7cfb\u5b78\u6703\u771f\u7684\u597d\u721b\u721b\u5230\u6e23\u90fd\u4e0d\u5269\u4e86",
            "likeCount": 0
        },
        {
            "reply_id": "UgxKr4Y2JbOb2waChy14AaABAg",
            "reply_content": "\u6d0b\u8525\u771f\u6696\u7537",
            "likeCount": 0
        },
        {
            "reply_id": "UgzSg_iroNjnWv_dYD14AaABAg",
            "reply_content": "\u5c45\u7136\u54fd\u54bd\u770b\u5b8c\u2026\u597d\u60f3\u5ff5\u5927\u5b78\u6642\u71c3\u71d2\u9752\u6625\u7684\u611f\u89ba\u554a",
            "likeCount": 0
        },
        {
            "reply_id": "Ugz6_zzVtA2WslouxIx4AaABAg",
            "reply_content": "\u6839\u672c\u5929\u4f7f",
            "likeCount": 0
        },
        {
            "reply_id": "UgxNB12kL14k0E0gGSJ4AaABAg",
            "reply_content": "\u908a\u7de3\u4eba\u5176\u5be6\u5c31\u662f\u671f\u5f85\u6d0b\u8525\u9019\u7a2e\u6696\u5fc3\u516d\u584a\u808c\u5728\u6d3b\u52d5\u7684\u6642\u5019\u4f86\u95dc\u61f7\u2764",
            "likeCount": 11
        },
        {
            "reply_id": "UgwkG4jlKCaB678EKLN4AaABAg",
            "reply_content": "\u6240\u4ee5\u5230\u5e95\u662f\u4ec0\u4e48\u9b3c\u6545\u4e8b",
            "likeCount": 1
        },
        {
            "reply_id": "UgzFWc6lLfZmSDFtcK94AaABAg",
            "reply_content": "\u60f3\u77e5\u9053\u5341\u5e74\u9670\u5f71\u7684\u9b3c\u6545\u4e8b",
            "likeCount": 1
        },
        {
            "reply_id": "UgxFvS1Jtz4LtZB_WC54AaABAg",
            "reply_content": "\u4e00\u76f4\u89ba\u5f97\u90a3\u4e9b\u6d3b\u52d5\u8d85\u767d\u7661 \u5404\u7a2e\u4e2d\u4e8c\u7684\u4e8b\u60c5\u751a\u81f3\u9084\u6709\u4e00\u4e9b\u521d\u5617\u6b0a\u529b\u7684\u4eba\u6feb\u7528\u6b0a\u529b",
            "likeCount": 0
        },
        {
            "reply_id": "UgwbDA_6YRZ59ZztFGx4AaABAg",
            "reply_content": "\u9ad8\u4e2d\u751f\u770b\u5b8c\u6709\u9ede\u671f\u5f85",
            "likeCount": 0
        },
        {
            "reply_id": "UgzcQ_8BzB682qL9Nol4AaABAg",
            "reply_content": "\u8f09\u5b78\u59b9\u8dd1\u5c71",
            "likeCount": 0
        },
        {
            "reply_id": "Ugzc4WGqi6iIcakZYD94AaABAg",
            "reply_content": "\u6d0b\u8525\u597d\u6696\u6703\u95dc\u5fc3\u908a\u7de3\u4eba\n\u6216\u8a31\u6d0b\u8525\u4e5f\u662f\u8ab0\u7684\u4f2f\u6a02",
            "likeCount": 0
        },
        {
            "reply_id": "UgxlXDLbdUMQTPNcuXF4AaABAg",
            "reply_content": "\u503c\u661f\u5b98\u5462",
            "likeCount": 0
        },
        {
            "reply_id": "Ugx9Uk6jNBt4GZHLHKx4AaABAg",
            "reply_content": "\u62bd",
            "likeCount": 0
        },
        {
            "reply_id": "Ugw064fy_nDnKfVgmtJ4AaABAg",
            "reply_content": "\u5b78\u5f1f\u662f\u96d9\u4e00\u55ce",
            "likeCount": 0
        },
        {
            "reply_id": "Ugy0G1uhhpr7BUO33tF4AaABAg",
            "reply_content": "\u6211\u4e5f\u597d\u60f3\u53c3\u52a0\u5bbf\u71df\u55da\u55da\u55da\u55da",
            "likeCount": 0
        },
        {
            "reply_id": "Ugz7tynJBE2-gkWqG7x4AaABAg",
            "reply_content": "\u706b\u68cd\u771f\u7684\u5e25\u70b8",
            "likeCount": 0
        },
        {
            "reply_id": "UgxHbbEOmNHaEr3jBeh4AaABAg",
            "reply_content": "\u62bd",
            "likeCount": 0
        },
        {
            "reply_id": "UgzUEUXvWd_RAPyexix4AaABAg",
            "reply_content": "\u6211\u9ad8\u4e2d\u6642\u4e5f\u88ab\u540c\u5b78\u501f\u904e\u4fdd\u96aa\u5957 \u672c\u4f86\u4e5f\u662f\u60f3\u8aaa\u6562\u6253\u7832\u4e0d\u6562\u53bb\u8cb7\u4fdd\u96aa\u5957\u662f\u600e\u6a23 \u7d50\u679c\u4ed6\u662f\u8981\u76f4\u63a5\u5728\u5b78\u6821\u6253 \u61f6\u5f97\u8d70\u53bb\u5b78\u6821\u5c0d\u9762\u7684\u4fbf\u5229\u5546\u5e97\u8cb7\u518d\u56de\u5b78\u6821",
            "likeCount": 0
        }
    ]
}