{
    "video_info": {
        "id": "mrEGqxkCfpU",
        "channelTitle": "Onion Man",
        "title": "Onion Man | \u602a\u7378\u4e4b\u6c7a\u9b25!! \u52d5\u7269\u5712\u6b98\u9177\u5beb\u5be6\u4eba\u6c23\u6392\u540d!!!",
        "description": "\u52d5\u7269\u5712\u724c\u7d44\u53f2\u8a69\u7d1a\u5c0d\u6c7a\uff01\n\u7d05\u5091 \u4f60\u8f38\u5b9a\u4e86\uff01\n\u7acb\u5373\u4e0b\u8f09\u300a\u6700\u5f37\u8778\u725b\u300b\uff0c\u6b61\u5ea6\u718a\u8c93\u5947\u5999\u5922\u4e4b\u591c\u25ba\u25bahttps://bit.ly/3HRhrgA\n\u95dc\u6ce8\u5b98\u65b9FB\uff0c\u901b\u9031\u5e74\u5712\u904a\u6703\u25ba\u25bahttps://www.facebook.com/TheMarvelousSnail\n\u8f38\u6211\u7684\u5c08\u5c6c\u5bc6\u4ee4\u300c\u6d0b\u8525\u662f\u500b\u5e25\u54e5\u300d\uff0c\u9818\u865b\u5bf6\u79ae\u5305\uff01\uff08\u9084\u80fd\u8b8a\u5e25\u54e5\u5594XD\uff09\n\n#0624\u6700\u5f37\u8778\u725b\u4e8c\u9031\u5e74\u6176\u5178\u718a\u8c93\u5947\u5999\u5922\u4e4b\u591c\u958b\u555f\n#0701\u8d77\u9032\u904a\u6232\u9818\u4e0d\u8981\u5c0d\u6211\u5c16\u53eb\u514d\u8cbb\u8336\u98f2\n\n\u3010\u8a02\u95b1\u3011\u53ca\u89c0\u770b\u6d0b\u8525\u66f4\u591a\u5f71\u7247: https://goo.gl/ijP3Eb\n\n\u5de5\u4f5c\u5408\u4f5c\uff1aonionmanwork@gmail.com\nOnion Man \u767e\u842c\u8ffd\u8e64\u7c89\u7d72\u5718:goo.gl/Z5CSvw\n\n\u6700\u65b0\u963f\u6587\u8cbc\u5716:https://reurl.cc/GxYjA\n\n\u7b2c\u4e00\u4ee3\u963f\u6587line\u8cbc\u5716:https://reurl.cc/Wroxx\n\n\u6d0b\u8525\u79c1\u751f\u6d3bIG:https://www.instagram.com/onionman__/\n\n\n\u904b\u52d5\u6f2b\u756b\u88e1\u7684\u4e2d\u4e8c\u8001\u6897\u5287\u60c5\n\u25ba\u7b2c\u4e00\u96c6:https://youtu.be/cMoV1rPH35k\n\u25ba\u7b2c\u4e8c\u96c6:https://youtu.be/iW7LM00lny0\n\u25ba\u7b2c\u4e09\u96c6:https://youtu.be/2G5wu61uCM0\n\u25ba\u7b2c\u56db\u96c6:https://youtu.be/-rP1abYv8n4\n\nOnion Man \u95dc\u9375\u5b57:\n\u4e2d\u4e8c \u80a5\u5b85 \u55ae\u8eab\u6f22 \u55ae\u8eab \u9b6f\u86c7 \u5c4c\u7d72 \u80a5\u5b85",
        "likeCount": "6077",
        "commentCount": "763",
        "viewCount": "301162"
    },
    "comments": [
        {
            "reply_id": "UgyovjtD-9yYaVn9zZl4AaABAg",
            "reply_content": "\u770b\u5b8c\u53ea\u60f3\u5403\u7092\u87ba\u8089",
            "likeCount": 0
        },
        {
            "reply_id": "UgxK44LbSNs8j6t_zjp4AaABAg",
            "reply_content": "\u53ef\u4ee5\u51fa\u500b\u9003\u4ea1\u72d2\u72d2",
            "likeCount": 0
        },
        {
            "reply_id": "UgxhcE1B4t-LfaucTCB4AaABAg",
            "reply_content": "\u52d5\u7269\u5712\u4eba\u6c23\u8173\u8272\u662f\u9b54\u6cd5\u5361",
            "likeCount": 0
        },
        {
            "reply_id": "UgythuQakUwvjBqg-CR4AaABAg",
            "reply_content": "\u770b\u5230\u8778\u725b\u88ab\u505a\u6210\u71b1\u7092\u771f\u7684\u70ba\u8778\u725b\u611f\u5230\u5f88\u6c23",
            "likeCount": 0
        },
        {
            "reply_id": "UgwTxsMQT63ukIC4Qol4AaABAg",
            "reply_content": "\u97ed\u83dc\u82b1\u7092\u87ba\u8089\u5c31\u662f\u8b9a",
            "likeCount": 0
        },
        {
            "reply_id": "UgyKUV-d4FRGSZVug2Z4AaABAg",
            "reply_content": "\u6211\u6709\u4e00\u6b21\u8d70\u5728\u8def\u4e0a\u770b\u5230\u8d85\u5927\u96bb\u7684\u8778\u725b\u5687\u6b7b\u6211",
            "likeCount": 0
        },
        {
            "reply_id": "UgyelTDY6z5h0DhAKpN4AaABAg",
            "reply_content": "\u6211\u770b\u5230\u8778\u725b\u6703\u5687\u5230\u8df3\u8d77\u4f86\u6240\u4ee5\u7d55\u5c0d\u4e0d\u6703\u8e29\u5230",
            "likeCount": 0
        },
        {
            "reply_id": "UgyDGZUD3aeoroZgB_l4AaABAg",
            "reply_content": "\u544a\u8a34\u4f60\u4e00\u500b\u7955\u5bc6\n\u901a\u5e38\u53ec\u559a\u4e0d\u80fd\u63a1\u53d6\u5b88\u5099\u72c0\u614b\uff0c\u53ea\u6709\u7279\u6b8a\u53ec\u559a\u7684\u602a\u7378\u624d\u80fd\u9078\u64c7\u8981\u653b\u64ca\u9084\u662f\u5b88\u5099\u8868\u5074\u8868\u793a\n\u4e00\u822c\u7684\u602a\u7378\u8981\u5b88\u5099\u7684\u8a71\u53ea\u80fd\u7528\u88e1\u5074\u5b88\u5099\u8868\u793a\u84cb\u5728\u5834\u4e0a\u4f86\u53ec\u559a",
            "likeCount": 0
        },
        {
            "reply_id": "UgwUNxBfSjs_ztLCLHp4AaABAg",
            "reply_content": "\u6211\u73fe\u5728\u7684\u5fc3\u60c5\u8ddf\u5c01\u9762\u7684\u7d05\u5091\u4e00\u6a23",
            "likeCount": 0
        },
        {
            "reply_id": "UgyW1F9POGVqiC-SEmF4AaABAg",
            "reply_content": "\u904a\u6232\u738b\u7684\u4f5c\u8005\u6b7b\u6389\u4e86",
            "likeCount": 0
        },
        {
            "reply_id": "Ugy4pHIagCE6ufxjdVN4AaABAg",
            "reply_content": "\u6211\u4ee5\u70ba\u6703\u6709\u4ec0\u9ebc\u6700\u5f37\u8778\u725b\u6c41\u4e4b\u985e\u7684",
            "likeCount": 0
        },
        {
            "reply_id": "Ugzc9lERZNEY-YkOf4h4AaABAg",
            "reply_content": "\u70ba\u4ec0\u9ebc\u662f\u4e5d\u5c64\u5854\ud83e\udd23\u6211\u4ee5\u70ba\u8981\u53ec\u559a\u795e\u4e4b\u5361\u7576\u793e\u9577\u4e86",
            "likeCount": 0
        },
        {
            "reply_id": "Ugyvd7ifMPqsZXPryYZ4AaABAg",
            "reply_content": "\u8fd1\u671f\u770b\u8fc7\u6700\u597d\u7b11\u7684\u7247",
            "likeCount": 0
        },
        {
            "reply_id": "UgwBVwale0A_be0ZmUV4AaABAg",
            "reply_content": "\u771f\u7684\u6700\u8fd1\u90fd\u5728\u7814\u7a76\u8778\u725b\u55ce",
            "likeCount": 0
        },
        {
            "reply_id": "Ugzd8IatRJks8R-bcNF4AaABAg",
            "reply_content": "\u6211\u4ee5\u70ba\u9019\u5565\u6728\u67f5\u52d5\u7269\u5712\u5ee3\u544a",
            "likeCount": 0
        },
        {
            "reply_id": "UgxVH10IjWfB6TzPda14AaABAg",
            "reply_content": "\u54ed\u554a\u6211\u9084\u4ee5\u7232\u6700\u5f8c\u62bd\u724c\u8981\u5f9e\u5730\u677f\u62cd\u51fa\u5de8\u795e\u5175",
            "likeCount": 0
        },
        {
            "reply_id": "UgzzI6OhqGZSu4Yr2U94AaABAg",
            "reply_content": "\u6211\u559c\u6b61\u57f9\u6839",
            "likeCount": 0
        },
        {
            "reply_id": "UgwA4lcWsL5ekyY27iB4AaABAg",
            "reply_content": "\u62bd",
            "likeCount": 0
        },
        {
            "reply_id": "Ugza7Sg2MpIswBHXoxZ4AaABAg",
            "reply_content": "\u4e00\u958b\u59cb\u7d05\u5091\u7684\u91ce\u725b\u548c\u5b54\u96c0\u600e\u9ebc\u4e0d\u898b\u4e94",
            "likeCount": 0
        },
        {
            "reply_id": "Ugyll431MXGWmXP549h4AaABAg",
            "reply_content": "\u554a\u6211\u7684\u5967\u96f7\u5361\u723e\u514b\u65af\u7684\u7d50\u754c\u52d2",
            "likeCount": 0
        },
        {
            "reply_id": "Ugw4gzU5biuNYxQeugR4AaABAg",
            "reply_content": "\u770b\u5230\u4e00\u534a\u5c31\u89ba\u5f97\u61c9\u8a72\u662f\u696d\u914d\u6700\u5f37\u8778\u725b\u4e86",
            "likeCount": 0
        },
        {
            "reply_id": "UgzeD4nQ2QWV-wFNgXN4AaABAg",
            "reply_content": "\u6211\u611b\u7aa9\u725b",
            "likeCount": 0
        },
        {
            "reply_id": "UgxMkqW1awGKKEOo1zd4AaABAg",
            "reply_content": "\u6211",
            "likeCount": 0
        },
        {
            "reply_id": "UgyYPFx9kfcRnZW42354AaABAg",
            "reply_content": "\u54c8\u54c8",
            "likeCount": 0
        },
        {
            "reply_id": "UgxRoVr4BPqIuZmP4wp4AaABAg",
            "reply_content": "\u6642\u9593\u90fd\u82b1\u5728\u90fd\u6309\u66ab\u505c\u770b\u6bcf\u4e00\u5f35\u5361\u724c\u63cf\u8ff0",
            "likeCount": 0
        }
    ]
}