{
    "video_info": {
        "id": "mvlyDqsKPE0",
        "channelTitle": "Onion Man",
        "title": "Onion Man | \u51b7\u7b11\u8a71\u4e4b\u9b3c\u6d0b\u8525 | \u6700\u68d2\u7684\u5925\u4f34",
        "description": "\u5929\u8863\u7121\u7e2b\u7684\u914d\u5408\uff0c\u5410\u69fd\u662f\u5f88\u91cd\u8981\u7684\u5440\n\n\u3010\u8a02\u95b1\u3011\u53ca\u89c0\u770b\u6d0b\u8525\u66f4\u591a\u5f71\u7247: https://goo.gl/ijP3Eb\n\n\u5de5\u4f5c\u5408\u4f5c\uff1aonionmanwork@gmail.com\nOnion Man \u767e\u842c\u8ffd\u8e64\u7c89\u7d72\u5718:goo.gl/Z5CSvw\n\n\u6700\u65b0\u963f\u6587\u8cbc\u5716:https://reurl.cc/GxYjA\n\n\u7b2c\u4e00\u4ee3\u963f\u6587line\u8cbc\u5716:https://reurl.cc/Wroxx\n\n\u6d0b\u8525\u79c1\u751f\u6d3bIG:https://www.instagram.com/onionman__/\n\n\n\u904b\u52d5\u6f2b\u756b\u88e1\u7684\u4e2d\u4e8c\u8001\u6897\u5287\u60c5\n\u25ba\u7b2c\u4e00\u96c6:https://youtu.be/cMoV1rPH35k\n\u25ba\u7b2c\u4e8c\u96c6:https://youtu.be/iW7LM00lny0\n\u25ba\u7b2c\u4e09\u96c6:https://youtu.be/2G5wu61uCM0\n\u25ba\u7b2c\u56db\u96c6:https://youtu.be/-rP1abYv8n4\n\nOnion Man \u95dc\u9375\u5b57:\n\u4e2d\u4e8c \u80a5\u5b85 \u55ae\u8eab\u6f22 \u55ae\u8eab \u9b6f\u86c7 \u5c4c\u7d72 \u80a5\u5b85",
        "likeCount": "4742",
        "commentCount": "438",
        "viewCount": "254314"
    },
    "comments": [
        {
            "reply_id": "Ugwg1OsTJyr84x56qkZ4AaABAg",
            "reply_content": "\u6839\u672c\u5c31\u662f\u60f3\u544a\u767d\u62f3\u723a",
            "likeCount": 1
        },
        {
            "reply_id": "Ugwt1xzmZ_MwjX3_GOB4AaABAg",
            "reply_content": "\u6d0b\u8525\u7684\u51b7\u7b11\u8a71\u6211\u7b11\u70b8\u5509\u9760",
            "likeCount": 1
        },
        {
            "reply_id": "UgxYEuK0FucJ099Kixh4AaABAg",
            "reply_content": "\u70ba\u4ec0\u9ebc\u6211\u90fd\u7b11\u7684\u51fa\u4f86\u22ef\u6d0b\u8525\u7684\u51b7\u7b11\u8a71\u4e4b\u529b\u679c\u7136\u9032\u968e\u4e86",
            "likeCount": 1
        },
        {
            "reply_id": "Ugx9vQz7tO3D8lpakTh4AaABAg",
            "reply_content": "\u770b\u6a23\u5b50\u8521\u54e5\u5f88\u9700\u8981\u963f\u6587",
            "likeCount": 1
        },
        {
            "reply_id": "UgzaXekcTlU8h-IZPeh4AaABAg",
            "reply_content": "\u8d8a\u524d\u9f8d\u99ac",
            "likeCount": 0
        },
        {
            "reply_id": "UgyGUFBOfkOz-ee0dY14AaABAg",
            "reply_content": "\u7559\u8a00\u652f\u6301",
            "likeCount": 0
        },
        {
            "reply_id": "Ugz9LQeBcotDB2C39Op4AaABAg",
            "reply_content": "\u62f3\u723a\u51fa\u64ca",
            "likeCount": 0
        },
        {
            "reply_id": "Ugyu852g8ezz5aPqxP54AaABAg",
            "reply_content": "\u6240\u4ee5\u963f\u6587\u662f\u62f3\u723a",
            "likeCount": 0
        },
        {
            "reply_id": "UgwAHMcs36t-A1Dz9z94AaABAg",
            "reply_content": "\u6211\u4e0d\u884c\u4e86\u6211\u5c37\u5c2c\u764c\u8981\u767c\u4f5c\u4e86",
            "likeCount": 0
        },
        {
            "reply_id": "UgyEnkei3e1o48s34XZ4AaABAg",
            "reply_content": "\u4e00\u500b\u51b7\u7b11\u8a71",
            "likeCount": 0
        },
        {
            "reply_id": "Ugx2AxFubLKG45lelNN4AaABAg",
            "reply_content": "\u7b2c\u4e00\u6b21\u898b\u904e\u660e\u660e\u77e5\u9053\u5f88\u5c2c\u4f46\u9084\u662f\u6709\u81c9\u8aaa\u51fa\u53e3\u7684\u7537\u4eba \u660e\u986f\u662f\u500b\u72e0\u89d2\u8272",
            "likeCount": 0
        },
        {
            "reply_id": "UgzLgsKRssDK7gyT5El4AaABAg",
            "reply_content": "\u6f2b\u624d",
            "likeCount": 0
        },
        {
            "reply_id": "Ugw_oKNSz3Bp8MlI2IB4AaABAg",
            "reply_content": "\u62f3\u723a\u771f\u611b",
            "likeCount": 0
        },
        {
            "reply_id": "UgwrIOZBsXEgTucmZMp4AaABAg",
            "reply_content": "\u6d0b\u8525\u8b1b\u51b7\u7b11\u8a71\u8b1b\u5230\u81ea\u5df1\u90fd\u767c\u51b7\u5c37\u5c2c\uff0c\u679c\u7136\u662f\u72e0\u89d2\u8272",
            "likeCount": 0
        },
        {
            "reply_id": "UgyMdaO1jq1es-BDPlp4AaABAg",
            "reply_content": "\u6d0b\u8525\u7684\u51b7\u7b11\u8a71\u6211\u7b11\u70b8\u5509\u9760",
            "likeCount": 0
        },
        {
            "reply_id": "UgzM98Q2Lz7_uTnjkSN4AaABAg",
            "reply_content": "\u6211\u8eab\u908a\u4e5f\u6709\u9019\u7a2e\u642d\u6a94\u6b38",
            "likeCount": 0
        },
        {
            "reply_id": "UgzI4_TIIcPM5U0X0f54AaABAg",
            "reply_content": "\u4e00\u500b\u51b7\u7b11\u8a71",
            "likeCount": 0
        },
        {
            "reply_id": "UgxQR7geWGXk1kH6oz14AaABAg",
            "reply_content": "\u4e0d\u8981\u518d\u5582\u5566",
            "likeCount": 0
        },
        {
            "reply_id": "Ugw5VFVToC4HXV9tKLV4AaABAg",
            "reply_content": "\u5c2c\u721b",
            "likeCount": 0
        },
        {
            "reply_id": "UgwGKsZiKgYbd48fB5Z4AaABAg",
            "reply_content": "\u6211\u662f\u807d\u721b\u7b11\u8a71\u4e5f\u53ef\u4ee5\u7b11\u7ffb\u7684\u4eba",
            "likeCount": 0
        },
        {
            "reply_id": "UgxqH8lJiGPEK8dLxL94AaABAg",
            "reply_content": "\u7da0\u8c46\u8dcc\u5012\u6703\u8b8a\u7d05\u8c46",
            "likeCount": 0
        },
        {
            "reply_id": "UgxLoAmvDPQXh09VkpF4AaABAg",
            "reply_content": "\u6839\u672c\u65b0\u516b",
            "likeCount": 0
        },
        {
            "reply_id": "UgzH03M_X1QkjwU4yl54AaABAg",
            "reply_content": "\u6211\u5275\u4e86\u4e00\u500b\u7fa4\u7d44\u7d66\u90a3\u4e9b\u5728\u904a\u6232\u4e0d\u8ab2\u91d1\u7684\u4eba\uff0c\u53eb\u505a\u7121\u8ab2\u7fa4",
            "likeCount": 0
        },
        {
            "reply_id": "UgxjaXxx6uzvRneGMkZ4AaABAg",
            "reply_content": "\u51b7\u7b11\u8a71\u5c31\u662f\u56e0\u70ba\u5f88\u7834\u624d\u597d\u7b11",
            "likeCount": 29
        },
        {
            "reply_id": "UgzzoUKq0zybVncnn2Z4AaABAg",
            "reply_content": "\u5f9e\u982d\u5230\u5c3e\u770b\u5b8c\u6574\u96c6\u7684\u90fd\u662f\u52c7\u8005",
            "likeCount": 5
        }
    ]
}