{
    "video_info": {
        "id": "my_YjN27wEI",
        "channelTitle": "Onion Man",
        "title": "Onion Man | \u7537\u4eba\u9b45\u529b\u6392\u884c\u699c(\u4e8c)  \u578b\u7537Larry\u8207\u6b50\u5df4\u535a\u921e | \u4e2d\u4e8c\u9023\u7e8c\u5287 @rayduenglish  @shasha77",
        "description": "\u6d0b\u8525\u8207\u535a\u921e\u70ba\u4e86\u66f4\u53d7\u5973\u6027\u6b61\u8fce\uff0c\u53c8\u518d\u6b21\u9032\u5316\n\u4ed6\u5011\u80fd\u6253\u8d0f\u5e25\u6c23\u7684\u5c0f\u6372Genji\u55ce?\n\u672c\u96c6\u60e1\u641e\u9f8d\u73e0\u8cfd\u9b6f\u7bc7\u5287\u60c5\n\n\u7537\u4eba\u9b45\u529b\u6392\u884c\u699c(\u4e00): https://www.youtube.com/watch?v=shBm0VGm0Is\n\u7537\u4eba\u9b45\u529b\u6392\u884c\u699c(\u4e09): https://www.youtube.com/watch?v=MF2spflT1Uo\n\n\u4e9e\u62c9\u4f50\u6975\u5149\u67d3\u71d9\u6d17\u9aee\u7cbe\uff0c\u6bcd\u89aa\u7bc0\u9650\u6642\u512a\u60e0\n\u5373\u65e5\u8d77\u81f35/8\uff0c\u539f\u50f93160\u6436\u5148\u9ad4\u9a57\u50f92022\u5143\nhttps://www.sosiliz.com.tw/products22.150.276\n\n\u3010\u8a02\u95b1\u3011\u53ca\u89c0\u770b\u6d0b\u8525\u66f4\u591a\u5f71\u7247: https://goo.gl/ijP3Eb\n\n\u5de5\u4f5c\u5408\u4f5c\uff1aonionmanwork@gmail.com\nOnion Man \u767e\u842c\u8ffd\u8e64\u7c89\u7d72\u5718:goo.gl/Z5CSvw\n\n\u6700\u65b0\u963f\u6587\u8cbc\u5716:https://reurl.cc/GxYjA\n\n\u7b2c\u4e00\u4ee3\u963f\u6587line\u8cbc\u5716:https://reurl.cc/Wroxx\n\n\u6d0b\u8525\u79c1\u751f\u6d3bIG:https://www.instagram.com/onionman__/\n\n\n\u904b\u52d5\u6f2b\u756b\u88e1\u7684\u4e2d\u4e8c\u8001\u6897\u5287\u60c5\n\u25ba\u7b2c\u4e00\u96c6:https://youtu.be/cMoV1rPH35k\n\u25ba\u7b2c\u4e8c\u96c6:https://youtu.be/iW7LM00lny0\n\u25ba\u7b2c\u4e09\u96c6:https://youtu.be/2G5wu61uCM0\n\u25ba\u7b2c\u56db\u96c6:https://youtu.be/-rP1abYv8n4\n\nOnion Man \u95dc\u9375\u5b57:\n\u4e2d\u4e8c \u80a5\u5b85 \u55ae\u8eab\u6f22 \u55ae\u8eab \u9b6f\u86c7 \u5c4c\u7d72 \u80a5\u5b85",
        "likeCount": "8056",
        "commentCount": "1080",
        "viewCount": "501062"
    },
    "comments": [
        {
            "reply_id": "UgwexF9I3nFftoP_czF4AaABAg",
            "reply_content": "\u5fd7\u68cb\u662f\u4ed8\u591a\u9322\u7d66\u4f60",
            "likeCount": 2
        },
        {
            "reply_id": "Ugxzql3nikXeDhTEHd14AaABAg",
            "reply_content": "\u8525\u54e5\u5f9e\u4f86\u6c92\u8b93\u6211\u5931\u671b\u904e",
            "likeCount": 1
        },
        {
            "reply_id": "UgyORq9V8-Olc0Uqyl54AaABAg",
            "reply_content": "\u8ddf\u4ed6\u5011\u4e0d\u7ba1\u591a\u5e25\u771f\u7684\u90fd\u6703\u8b8a\u5206\u6bcd",
            "likeCount": 0
        },
        {
            "reply_id": "UgzrQfeHo_AFexi2PWh4AaABAg",
            "reply_content": "\u53c8\u8b8a\u8cfd\u4e9e\u4eba",
            "likeCount": 0
        },
        {
            "reply_id": "Ugz6TLQiD0r-PUa8yGV4AaABAg",
            "reply_content": "\u70ba\u4ec0\u9ebc\u611f\u89ba\u8ddf\u6703\u8003\u7d1a\u5206\u4e00\u6a23",
            "likeCount": 0
        },
        {
            "reply_id": "UgzrPrxITi_l_aUlxYh4AaABAg",
            "reply_content": "\u8c9d\u5409\u5854\u751f\u5316\u4eba\u7247\u6bb5",
            "likeCount": 0
        },
        {
            "reply_id": "UgxgLjHK6OhBigPjdjJ4AaABAg",
            "reply_content": "\u7b11\u5230\u4e0d\u884c",
            "likeCount": 0
        },
        {
            "reply_id": "UgwLqFRiDlXgu3-NKMZ4AaABAg",
            "reply_content": "\u963f\u6ef4\u9084\u7b97\u53ef\u4ee5\u63a5\u53d7 \u4f46\u5fd7\u797a\u662f\u7cfb\u8349\u7b49\u7d1a\u5c31\u592a\u8a87\u5f35\u4e86",
            "likeCount": 0
        },
        {
            "reply_id": "UgyLJsFCdW_BdALdYHR4AaABAg",
            "reply_content": "\u7d05\u5091\u982d\u9aee\u523a\u51fa\u5e3d\u5b50",
            "likeCount": 0
        },
        {
            "reply_id": "Ugxs-x3cekgM41qHLbl4AaABAg",
            "reply_content": "\u8b9a",
            "likeCount": 0
        },
        {
            "reply_id": "UgxU_fMroKBEwUWdYc94AaABAg",
            "reply_content": "\u62bd",
            "likeCount": 0
        },
        {
            "reply_id": "UgyWt-_chpYKBg7qIO94AaABAg",
            "reply_content": "\u54c8\u54c8",
            "likeCount": 0
        },
        {
            "reply_id": "UgwX68kJwM3W5Mx4M0x4AaABAg",
            "reply_content": "\u7b2c\u4e8c\u96c6\u662f\u7537\u4eba\u9b45\u529b\u6392\u884c\u699c\u7684\u5dd4\u5cf0\u54c8\u54c8\u54c8\u54c8",
            "likeCount": 0
        },
        {
            "reply_id": "Ugx5qzzhs0oFIo8cJdF4AaABAg",
            "reply_content": "\u4e03\u9f8d\u73e0\u771f\u7684\u5f88\u8b9a\u6b38",
            "likeCount": 0
        },
        {
            "reply_id": "UgwzvKqhP-vwOtXgm2d4AaABAg",
            "reply_content": "\u5e25",
            "likeCount": 0
        },
        {
            "reply_id": "Ugx1JyAqA-cWp2qVakF4AaABAg",
            "reply_content": "\u6d0b\u8525\u662f\u4e0d\u662f\u5728\u6f14\u8c9d\u5409\u5854",
            "likeCount": 0
        },
        {
            "reply_id": "UgwhO64gYPDdx2TefkJ4AaABAg",
            "reply_content": "\u770b\u5b8c\u9019\u90e8\u597d\u60f3\u518d\u56de\u53bb\u8907\u7fd2\u897f\u9b6f\u7bc7",
            "likeCount": 0
        },
        {
            "reply_id": "UgwJ6PHgvGO6QU2W6QV4AaABAg",
            "reply_content": "\u597d\u4e2d\u4e8c\u597d\u559c\u6b61",
            "likeCount": 0
        },
        {
            "reply_id": "UgyHo5Rw43TvXchA-MR4AaABAg",
            "reply_content": "\u771f\u7684\u88ab\u897f\u9b6f\u5287\u60c5\u7b11\u6b7b",
            "likeCount": 0
        },
        {
            "reply_id": "Ugz781Ggj6P74XsS-HB4AaABAg",
            "reply_content": "\u4e00\u770b\u5c31\u662f\u963f\u6587\u554a",
            "likeCount": 0
        },
        {
            "reply_id": "UgyM-n_reQflaVHCU294AaABAg",
            "reply_content": "\u6709\u5920\u4e2d\u4e8c",
            "likeCount": 0
        },
        {
            "reply_id": "UgyzheCxH5ZRvFQkikx4AaABAg",
            "reply_content": "\u771f\u7684\u6703\u7b11\u7206",
            "likeCount": 0
        },
        {
            "reply_id": "UgwSMREoKHsaWUKPTn94AaABAg",
            "reply_content": "\u4e03\u9f8d\u73e0\u7684\u56de\u61b6\u90fd\u6e67\u4e0a\u4f86\u4e86",
            "likeCount": 0
        },
        {
            "reply_id": "UgwLUcr5y_M5HvReOfJ4AaABAg",
            "reply_content": "\u679c\u7136\u9084\u662f\u672c\u4eba\u6bd4\u6559\u5e25",
            "likeCount": 0
        },
        {
            "reply_id": "UgyzxNTfSiLqAI4oAu14AaABAg",
            "reply_content": "\u5f88\u50cf\u4e03\u9f99\u73e0",
            "likeCount": 0
        }
    ]
}