{
    "video_info": {
        "id": "nbOGAw-4LgI",
        "channelTitle": "Onion Man",
        "title": "Onion Man | \u88ab\u5b78\u59ca\u65a5\u8cac\u553e\u68c4\u7684\u5065\u5fd8\u4e4b\u738b\uff01\u9023\u8eca\u90fd\u53ef\u4ee5\u5fd8\u8a18\u7684\u7537\u4eba\uff01 | \u771f\u5be6\u6545\u4e8b\u7bc7",
        "description": "\u6bcf\u5929\u5fd8\u8a18\u4e00\u6a23\u6771\u897f\u7684\u7537\u4eba\uff0c\u73fe\u5be6\u7248\u5948\u5a01\u5c31\u662f\u6211\n\n\u3010\u8a02\u95b1\u3011\u53ca\u89c0\u770b\u6d0b\u8525\u66f4\u591a\u5f71\u7247: https://goo.gl/ijP3Eb\n\n\u5de5\u4f5c\u5408\u4f5c\uff1aonionmanwork@gmail.com\nOnion Man \u767e\u842c\u8ffd\u8e64\u7c89\u7d72\u5718:goo.gl/Z5CSvw\n\n\u6700\u65b0\u963f\u6587\u8cbc\u5716:https://reurl.cc/GxYjA\n\n\u7b2c\u4e00\u4ee3\u963f\u6587line\u8cbc\u5716:https://reurl.cc/Wroxx\n\n\u6d0b\u8525\u79c1\u751f\u6d3bIG:https://www.instagram.com/onionman__/\n\n\n\u904b\u52d5\u6f2b\u756b\u88e1\u7684\u4e2d\u4e8c\u8001\u6897\u5287\u60c5\n\u25ba\u7b2c\u4e00\u96c6:https://youtu.be/cMoV1rPH35k\n\u25ba\u7b2c\u4e8c\u96c6:https://youtu.be/iW7LM00lny0\n\u25ba\u7b2c\u4e09\u96c6:https://youtu.be/2G5wu61uCM0\n\u25ba\u7b2c\u56db\u96c6:https://youtu.be/-rP1abYv8n4\n\nOnion Man \u95dc\u9375\u5b57:\n\u4e2d\u4e8c \u80a5\u5b85 \u55ae\u8eab\u6f22 \u55ae\u8eab \u9b6f\u86c7 \u5c4c\u7d72 \u80a5\u5b85",
        "likeCount": "14400",
        "commentCount": "2504",
        "viewCount": "842375"
    },
    "comments": [
        {
            "reply_id": "Ugx2wHlSv8Ce8Ct17kJ4AaABAg",
            "reply_content": "\u6211\u9858\u7a31\u4f60\u70ba\u6700\u5f37",
            "likeCount": 0
        },
        {
            "reply_id": "UgzpEZqZMIVfjZK6Eix4AaABAg",
            "reply_content": "\u6211\u5fd8\u4e86\u6211\u5fd8\u4e86\u4ec0\u9ebc",
            "likeCount": 0
        },
        {
            "reply_id": "UgwtIMfPcHCm7IY0dQd4AaABAg",
            "reply_content": "\u6709\u6642\u5019\u60f3\u5230\u8981\u505a\u4ec0\u9ebc\u4e8b\u6642\u90fd\u6703\u88ab\u53e6\u4e00\u4ef6\u4e8b\u6253\u65b7\u7136\u5f8c\u5c31\u5fd8\u8a18\u8981\u53bb\u505a\u4e86",
            "likeCount": 0
        },
        {
            "reply_id": "UgyTT4yF_dwLdY9yqhR4AaABAg",
            "reply_content": "\u53ef\u662f\u4f60\u756b\u4e86\u5f88\u591a\u56de\u5104\u7684\u6545\u4e8b",
            "likeCount": 0
        },
        {
            "reply_id": "UgxQPwqZFrSBay8ulER4AaABAg",
            "reply_content": "\u5230\u73fe\u5728\u9032\u5316\u628a\u624b\u6a5f\u5fd8\u5728\u5317\u6b50\uff0c\u679c\u7136\u662f\u500b\u72e0\u89d2\u8272",
            "likeCount": 0
        },
        {
            "reply_id": "UgzthmRf7Wzqn1TjB1R4AaABAg",
            "reply_content": "\u6211\u6700\u8a87\u5f35\u7684\u6642\u5019\u56e0\u8a72\u662f\u5fd8\u8a18\u7a7f\u8932\u5b50\u51fa\u9580\u8def\u4eba\u7684\u773c\u795e\u90fd\u602a\u602a\u7684\u6211\u99ac\u4e0a\u8dd1\u56de\u5bb6\ud83d\ude05",
            "likeCount": 0
        },
        {
            "reply_id": "UgzGLrCJI8YVLj2gnmt4AaABAg",
            "reply_content": "\u6211\u7db2\u9280\u5bc6\u78bc\u91cd\u8fa6\u56db\u6b21\u800c\u4e14\u90fd\u662f\u7576\u5929\u8fa6\u7576\u5929\u5fd8",
            "likeCount": 0
        },
        {
            "reply_id": "UgxlcnCy1af7UlxLPpt4AaABAg",
            "reply_content": "\u8ba9\u52a9\u7406\u5e2e\u5fd9\u6ce8\u610f\u4e00\u4e0b\u561b\uff0c\u518d\u4e0d\u884c\u53ea\u80fd\u7ed3\u5a5a\u8ba9\u8001\u5a46\u7ba1\u4e86",
            "likeCount": 0
        },
        {
            "reply_id": "UgxPLT2XBelJO6sYuGF4AaABAg",
            "reply_content": "\u65b9\u65b9\u4e5f\u662f\u5f88\u8822",
            "likeCount": 0
        },
        {
            "reply_id": "UgyDw4G6LwhbIePLwhd4AaABAg",
            "reply_content": "\u6700\u5f8c\u90a3\u6bb5\u624d\u767c\u73fe\u539f\u4f86\u662f\u6211\u7684\u6bcd\u6821",
            "likeCount": 0
        },
        {
            "reply_id": "UgwmANKTyvoE8IBCV814AaABAg",
            "reply_content": "\u65b9\u65b9\u4e5f\u662f\u883b\u5065\u5fd8\u7684",
            "likeCount": 0
        },
        {
            "reply_id": "UgwdRKsuB2A_uwPP2wB4AaABAg",
            "reply_content": "\u4eba\u751f\u5145\u6eff\u5e0c\u671b",
            "likeCount": 0
        },
        {
            "reply_id": "UgyuYhHp7i3-kM5aoL94AaABAg",
            "reply_content": "\u90a3\u5bb6\u85e5\u5c40\u65c1\u7684\u4e09\u5abd\u4eba\u90fd\u4e0d\u932f",
            "likeCount": 0
        },
        {
            "reply_id": "UgxmpWm0eKVolr4rvON4AaABAg",
            "reply_content": "\u628a\u6211\u5abd\u5fd8\u5728\u767e\u8ca8\u516c\u53f8",
            "likeCount": 0
        },
        {
            "reply_id": "UgyZklkJ72iL-4HKV8B4AaABAg",
            "reply_content": "\u6211\u5e38\u5e38\u8d77\u5e8a\u5fd8\u8a18\u6211\u662f\u8ab0",
            "likeCount": 0
        },
        {
            "reply_id": "UgxU58aaP2TRQTEPUQJ4AaABAg",
            "reply_content": "\u6211\u5bb6\u900f\u5929\u6709\u96fb\u68af",
            "likeCount": 0
        },
        {
            "reply_id": "Ugw7HKkXt9VhjptbYLR4AaABAg",
            "reply_content": "\u6211\u6703\u5fd8\u8a18\u4e0a\u5ec1\u6240",
            "likeCount": 0
        },
        {
            "reply_id": "UgyjIVRabyuD7u3hrmp4AaABAg",
            "reply_content": "\u5b89\u6eaa\u570b\u4e2d\u6b38",
            "likeCount": 0
        },
        {
            "reply_id": "UgyrA5xrhSIlkl-EXHx4AaABAg",
            "reply_content": "\u592a\u72c2",
            "likeCount": 0
        },
        {
            "reply_id": "Ugx2ZhhWkaTp1DDEpLB4AaABAg",
            "reply_content": "\u6211\u6700\u5c4c\u6642\u53ea\u6709\u4e0a\u8ab2\u5fd8\u8a18\u5e36\u66f8\u5305",
            "likeCount": 0
        },
        {
            "reply_id": "UgyiYolM7eY44I07jkd4AaABAg",
            "reply_content": "\u7b11\u6b7b\n\u6709\u4e00\u6b21\u5728\u5973\u670b\u53cb\u5bb6\u91cc\u8fdb\u884c\u4eba\u4f53\u5408\u4f53\u672f\u662f\u4fdd\u9669\u5957\u653e\u5728\u4ed6\u5988\u7684\u684c\u5b50\u4e0a\n\u539f\u672c\u8981\u7b49\u4e00\u4e0b\u4e22\u7684",
            "likeCount": 0
        },
        {
            "reply_id": "UgyDhbEwpvVy3TxhX9N4AaABAg",
            "reply_content": "\u6211\u5c45\u7136\u6709\u5f97\u6bd4",
            "likeCount": 0
        },
        {
            "reply_id": "UgyXuNQYGMBpVd1FyF94AaABAg",
            "reply_content": "\u6211\u5fd8\u8a18\u6211\u5fd8\u8a18\u4e86",
            "likeCount": 0
        },
        {
            "reply_id": "UgxxtCcCPcpKGlzpEtd4AaABAg",
            "reply_content": "\u5982\u679c\u8eca\u9470\u5319\u4e0d\u898b \u4e5f\u53ef\u4ee5\u53bb\u5e97\u88e1\u80fd\u4e0d\u80fd\u62f7\u8c9d\u4e00\u6a23\u7684\u9470\u5319\u5982\u679c\u8d85\u904e\u8a08\u7a0b\u8eca\u8cbb\u7528\u4e5f\u53ea\u80fd\u627f\u53d7",
            "likeCount": 0
        },
        {
            "reply_id": "UgzfE5jwgSum7fGSBG94AaABAg",
            "reply_content": "\u771f\u7684\u5f88\u8a87\u5f35",
            "likeCount": 0
        }
    ]
}