{
    "video_info": {
        "id": "nRiJf0kuW3o",
        "channelTitle": "Onion Man",
        "title": "Onion Man | \u4ee5\u53f0\u5927\u70ba\u76ee\u6a19\uff01\u9ad8\u4e2d\u5347\u5927\u5b78\u7cfb\u5217\uff01 (\u5b8c\u7d50\u7bc7)  \u5e7e\u5bb6\u6b61\u6a02\u5e7e\u5bb6\u6101",
        "description": "\u5225\u88ab\u4f60\u7684\u81ea\u5351\u611f~~\u5de6\u53f3~~\n\nOnionMeta\u5b98\u7db2: https://www.onionmeta.club/\nOnionMeta : https://opensea.io/collection/onion-meta-official\nOnionMeta\u8fd1\u671f\u8ce6\u80fd\u6574\u7406\n[\u793e\u7fa4\u6700\u8fd1\u7684\u8ce6\u80fd\u6d3b\u52d5\u6574\u7406]\n1.\u7fa4\u5167GK\u8207\u666f\u54c1\u7a81\u8972\u62bd\u734e!! (\u6700\u9ad8\u5e02\u50f9\u905410000\u5143) \n2.\u5b85\u7537\u76db\u4e8b!\u570b\u969b\u96fb\u73a9\u5c55\u9580\u7968 100\u5f35\u514d\u8cbb\u9001!!\n3.\u6d0b\u8525\u5718\u968a\u5982\u4f55\u62b5\u64cb\u516c\u552e\u6a5f\u5668\u4eba\u7684?\u9996\u6ce2\u6d0b\u8525\u5b87\u5b99\u5c08\u5c6c\u6f14\u8b1b-\u6280\u8853\u9577\u5f37\u5c3c\u7684\u7d42\u6975\u9632\u79a6\u529b\u89e3\u6790!\n4.\u6d0b\u8525\u8207\u62f3\u723a\u7531\u611b\u8f49\u6068? \u528d\u9b42\u751f\u6b7b\u9b25! \u8ced\u4e0a\u5404\u81ea\u7684\u5c0a\u56b4!\u7c89\u7d72\u9078\u908a\u7ad9!!!\u5718\u968a\u63d0\u4f9b1.1\u9846\u4ee5\u592a\u5e63\u7d66\u53f0\u4e0b\u7684\u8525\u7c89\u62f3\u7c89\u505a\u70ba\u734e\u91d1\n5.\u9805\u76ee\u65b9\u4e4b\u53cb\u7684\u767d\u540d\u55ae\u62bd\u734e~! \u611f\u8b1d\u738b\u72d7\u3001\u653e\u514b\u96de\u3001\u53cd\u9aa8\u5718\u968a\u63d0\u4f9b\u767d\u540d\u55ae\u540d\u984d!\n6.OnionMeta\u6d0b\u8525\u5b87\u5b99\u9996\u6b21\u734e\u91d1\u904a\u6232\u8cfd! \u7e3d\u734e\u91d1\u9ad8\u905410\u9846\u4ee5\u592a\u5e63!! \u7b2c\u4e00\u8f2a\u904a\u6232-\u4f60\u756b\u6211\u731c!\n7.\u5e74\u5f8c\u4e4b\u812b\u96e2\u80a5\u5b85\u8a08\u756b!!\uff0c\u8207Leisure Bespoke\u806f\u540d\u7279\u60e0\u6d3b\u52d5!!!\u6e96\u5099\u597d\u518d\u5e74\u5f8c\u7a7f\u897f\u88dd\u5e25\u4e00\u6ce2\u5427!!!\n8.\u548c\u5973\u795eNiya\u4e00\u8d77\u540c\u6a02!\uff0c\u8207Niya\u548c\u6d0b\u8525\u5c0d\u6230\u70b8\u5f48\u8d85\u4eba! \u52dd\u5229\u8005\u53ef\u7372\u5f97\u9b3c\u6ec5 x Xrage \u806f\u540d\u5546\u54c1\n9.\u734e\u91d1\u904a\u6232\u8cfd\u7b2c\u4e8c\u8f2a\u904a\u6232-\u70b8\u5f48\u8d85\u4eba!\n\n\u3010\u8a02\u95b1\u3011\u53ca\u89c0\u770b\u6d0b\u8525\u66f4\u591a\u5f71\u7247: https://goo.gl/ijP3Eb\n\n\u5de5\u4f5c\u5408\u4f5c\uff1aonionmanwork@gmail.com\nOnion Man \u767e\u842c\u8ffd\u8e64\u7c89\u7d72\u5718:goo.gl/Z5CSvw\n\n\u6700\u65b0\u963f\u6587\u8cbc\u5716:https://reurl.cc/GxYjA\n\n\u7b2c\u4e00\u4ee3\u963f\u6587line\u8cbc\u5716:https://reurl.cc/Wroxx\n\n\u6d0b\u8525\u79c1\u751f\u6d3bIG:https://www.instagram.com/onionman__/\n\n\n\u904b\u52d5\u6f2b\u756b\u88e1\u7684\u4e2d\u4e8c\u8001\u6897\u5287\u60c5\n\u25ba\u7b2c\u4e00\u96c6:https://youtu.be/cMoV1rPH35k\n\u25ba\u7b2c\u4e8c\u96c6:https://youtu.be/iW7LM00lny0\n\u25ba\u7b2c\u4e09\u96c6:https://youtu.be/2G5wu61uCM0\n\u25ba\u7b2c\u56db\u96c6:https://youtu.be/-rP1abYv8n4\n\nOnion Man \u95dc\u9375\u5b57:\n\u4e2d\u4e8c \u80a5\u5b85 \u55ae\u8eab\u6f22 \u55ae\u8eab \u9b6f\u86c7 \u5c4c\u7d72 \u80a5\u5b85",
        "likeCount": "14209",
        "commentCount": "1829",
        "viewCount": "833087"
    },
    "comments": [
        {
            "reply_id": "UgynBUmiWSiHM9UAZfh4AaABAg",
            "reply_content": "\u6c38\u9060\u8a18\u5f97\u6211\u570b\u6587\u793e\u6703\u9802\u6a19\u6578\u5b78\u8d85\u4e4e\u60f3\u50cf\u7684\u524d\u6a19\u4f46\u6211\u82f1\u6587\u721b\u5230\u9760\u5317\uff0c\u721b\u5230\u76f4\u63a5\u53bb\u6307\u8003",
            "likeCount": 0
        },
        {
            "reply_id": "UgwE9H9Pgk9mJea0NRh4AaABAg",
            "reply_content": "\u5b78\u751f\u6642\u4ee3\u7684\u6d0b\u8471\u662f\u5927\u591a\u6570\u4eba\u7684\u7f29\u5f71\uff0c\u4f46\u73fe\u5728\u7684\u6d0b\u8471\u5c0d\u5927\u591a\u6570\u4eba\u4f86\u8aaa\u662f\u4eba\u751f\u8d62\u5bb6",
            "likeCount": 0
        },
        {
            "reply_id": "UgxPRA2mVwaHBhjGC-R4AaABAg",
            "reply_content": "\u6211\u7238\u662f\u5de5\u7a0b\u5e2b\u73fe\u5728\u5728\u53f0\u6a5f\u96fb",
            "likeCount": 0
        },
        {
            "reply_id": "UgyfjbeW652zmEWsEJl4AaABAg",
            "reply_content": "\u5783\u573e\u5f71\u7247",
            "likeCount": 0
        },
        {
            "reply_id": "Ugwf7YAGSdLOLzeVAFZ4AaABAg",
            "reply_content": "\u6211\u6570\u5b66\u8003\u8bd5\u6709\u4e09\u9875\u6ca1\u5199",
            "likeCount": 0
        },
        {
            "reply_id": "UgwI5A32nk-VqvFwhsJ4AaABAg",
            "reply_content": "\u7ed9\u4e88",
            "likeCount": 0
        },
        {
            "reply_id": "Ugwutp6IqpOSq-NcxOh4AaABAg",
            "reply_content": "\u4e0d\u8981\u4e82\u5beb\u9ed1\u677f\u4e0d\u7136\u6703\u88ab\u8aaa\u54c8\u54c8\u54c8",
            "likeCount": 0
        },
        {
            "reply_id": "Ugycdp9jrAxRpFzq7cF4AaABAg",
            "reply_content": "\u7b11\u6b7b\u8ddf\u6211\u4e00\u6a23",
            "likeCount": 0
        },
        {
            "reply_id": "UgwJtFjvvSUmUHWWp8d4AaABAg",
            "reply_content": "\u6d0b\u8525\u8525\u8d77\u4f86",
            "likeCount": 0
        },
        {
            "reply_id": "UgyasvgHDKOV4UVudAF4AaABAg",
            "reply_content": "\u4f60\u771f\u7684\u8a72\u62bd\u8cbc\u5716\u9001\u6211\u4e86",
            "likeCount": 0
        },
        {
            "reply_id": "UgwUkcJgIRaAk0_-HZx4AaABAg",
            "reply_content": "\u62bd",
            "likeCount": 0
        },
        {
            "reply_id": "Ugyr0SQ-IibIJhsxt5l4AaABAg",
            "reply_content": "\u6700\u5f8c\u6d0b\u8525\u9084\u662f\u627e\u5230\u4e00\u4efd\u6709\u8208\u8da3\u85aa\u6c34\u4e5f\u4e0d\u932f\u7684\u5de5\u4f5c",
            "likeCount": 0
        },
        {
            "reply_id": "UgzDOBC5uX18TZnI7Gd4AaABAg",
            "reply_content": "\u6211\u76f8\u4fe1\u5f88\u591a\u4eba\u5176\u5be6\u4e0d\u662f\u4e0d\u8070\u660e\uff0c\u53ea\u662f\u61f6\u548c\u6c92\u6709\u81ea\u5f8b\u80fd\u529b",
            "likeCount": 0
        },
        {
            "reply_id": "UgyDrbVsT-JgFCjRhYl4AaABAg",
            "reply_content": "\u539f\u4f86\u4e00\u5806\u4eba\u52aa\u529b\u60f3\u8003\u7684\u8b66\u5bdf\u53ea\u662f\u5b78\u9738\u8003\u5dee\u7684\u5f8c\u8def\u800c\u5df2",
            "likeCount": 0
        },
        {
            "reply_id": "UgwLzPowMGG9mkFHvyB4AaABAg",
            "reply_content": "\u8b9a",
            "likeCount": 0
        },
        {
            "reply_id": "Ugz3SBGEgpMEYVmet1l4AaABAg",
            "reply_content": "\u9ad8\u4e2d\u597d\u7d2f",
            "likeCount": 0
        },
        {
            "reply_id": "Ugxf0tm8iKakdPncJYp4AaABAg",
            "reply_content": "\u5230\u5e95\u7d93\u6b77\u4ec0\u9ebc\u554a\u554a\u554a\u554a\u554a\u554a\u554a",
            "likeCount": 0
        },
        {
            "reply_id": "UgyJm1NwCkHLatwNFyN4AaABAg",
            "reply_content": "\u62bd",
            "likeCount": 0
        },
        {
            "reply_id": "UgzSWP9dA9-uZJLkV5B4AaABAg",
            "reply_content": "\u96d6\u7136\u6d0b\u8525\u53ea\u662f\u5ff5\u4e2d\u539f,\u73fe\u5728\u8cfa\u7684\u9084\u662f\u6bd4\u53f0\u6e05\u4ea4\u6210\u591a\u554a",
            "likeCount": 0
        },
        {
            "reply_id": "UgwXTdQhG2Rn15Ndt8p4AaABAg",
            "reply_content": "\u62bd",
            "likeCount": 0
        },
        {
            "reply_id": "UgzGwvj4a0gneMGDQPx4AaABAg",
            "reply_content": "\u9084\u4ee5\u70ba\u4f60\u6703\u8b1b\u5230\u52c7\u8005\u53bb\u722c\u5927\u4fbf\u5c71\u7684\u76db\u6cc1",
            "likeCount": 0
        },
        {
            "reply_id": "Ugx90s0OSQ6gzKlNC154AaABAg",
            "reply_content": "\u6b38\u4e0d\u662f\u6211\u570b\u4e2d\u548c\u9ad8\u4e2d\u5b78\u6e2c\u4e5f\u90fd\u6bd4\u6a21\u64ec\u8003\u5dee\uff0c\u9084\u662f\u9078\u64c7\u6307\u8003\u6700\u5f8c\u4e5f\u6709\u4e0a\u53f0\u5927\uff0c\u6d0b\u8525\u4f60\u653e\u68c4\u5f97\u592a\u65e9\u4e86\u5566",
            "likeCount": 0
        },
        {
            "reply_id": "UgwU9_BU2cC6CsjfCBZ4AaABAg",
            "reply_content": "\u6572\u7897\u90a3\u4e00\u5e74\u7d93\u6b77\u4e86\u751a\u9ebc",
            "likeCount": 0
        },
        {
            "reply_id": "UgxwbbueKrVLmDIqTa94AaABAg",
            "reply_content": "\u539f\u6765\u53f0\u6e7e\u4e2d\u5b66\u7537\u751f\u4e5f\u559c\u6b22\u5f7c\u6b64\u73a9\u6293\u9e1f\u6e38\u620f",
            "likeCount": 0
        },
        {
            "reply_id": "Ugx-avncQiwMaWn8HXR4AaABAg",
            "reply_content": "\u62bd",
            "likeCount": 0
        }
    ]
}