{
    "video_info": {
        "id": "OHMzYJrhiVo",
        "channelTitle": "Onion Man",
        "title": "Onion Man |\u93e1\u5b50\u4e2d\u770b\u5230\u9b3c\u81c9\uff1f\u5c45\u5bb6\u9b3c\u6545\u4e8b\u7bc7 |\u9b3c\u6708\u7279\u8f2f",
        "description": "\u9b3c\u6708\u7279\u8f2f\uff0c\u5c45\u5bb6\u8a6d\u6545\u4e8b\u7bc7\n\u7531\u7db2\u53cb\u6295\u7a3f\u7684\u771f\u5be6\u8a6d\u6545\u4e8b\n\u9b3c\u738b\u5fae\u75bc\u89aa\u81ea\u76e3\u7763\u64b0\u5beb\ud83c\udf1d\n-\n\u8fb2\u66c6\u4e03\u6708\u5bb6\u4e2d\u5c45\u7136\u51fa\u73fe\u7121\u6cd5\u89e3\u91cb\u7684\u8a6d\u6545\u4e8b\ud83d\ude31\n\u8a6d\u6545\u4e8b\u80cc\u5f8c\u7684\u771f\u76f8\u662f\u8001\u820a\u5c45\u5bb6\u74b0\u5883\u9020\u6210\u7684??\n\u7279\u529b\u5c4b\u81ea\u6709\u54c1\u724c\u5341\u5927\u5fc5\u8cb7\u6fc0\u63a8\u597d\u7269\uff01\uff01\u901a\u904e\u5c08\u696d\u6aa2\u6e2c\u53ca\u8a8d\u8b49\n\u8b93\u4eba\u8cb7\u5f97\u5b89\u5fc3\u3001\u7528\u5f97\u5b89\u5fc3\uff01\n\u4e00\u8d77\u7528\u7279\u529b\u5c4b\u81ea\u6709\u54c1\u724c\u5341\u5927\u5fc5\u8cb7\u597d\u7269\u4f86\u7834\u89e3\u5bb6\u4e2d\u641e\u8a6d\u7684\u73fe\u8c61\n\u5373\u65e5\u8d77\u81f39/4\u5230\u7279\u529b\u5c4b\u9078\u8cfc\u81ea\u6709\u54c1\u724c\u5546\u54c1\n\u4efb\u9078\u4e8c\u4ef6\u4eab9\u6298\u512a\u60e0\n\u5feb\u8d81\u73fe\u5728\u52d5\u624b\u6253\u9020\u5b89\u5fc3\u8212\u9069\u7684\u5bb6~\n\ud83d\udc49https://bit.ly/3Eb71aY\n\n\u3010\u8a02\u95b1\u3011\u53ca\u89c0\u770b\u6d0b\u8525\u66f4\u591a\u5f71\u7247: https://goo.gl/ijP3Eb\n\n\u5de5\u4f5c\u5408\u4f5c\uff1aonionmanwork@gmail.com\nOnion Man \u767e\u842c\u8ffd\u8e64\u7c89\u7d72\u5718:goo.gl/Z5CSvw\n\n\u6700\u65b0\u963f\u6587\u8cbc\u5716:https://reurl.cc/GxYjA\n\n\u7b2c\u4e00\u4ee3\u963f\u6587line\u8cbc\u5716:https://reurl.cc/Wroxx\n\n\u6d0b\u8525\u79c1\u751f\u6d3bIG:https://www.instagram.com/onionman__/\n\n\n\u904b\u52d5\u6f2b\u756b\u88e1\u7684\u4e2d\u4e8c\u8001\u6897\u5287\u60c5\n\u25ba\u7b2c\u4e00\u96c6:https://youtu.be/cMoV1rPH35k\n\u25ba\u7b2c\u4e8c\u96c6:https://youtu.be/iW7LM00lny0\n\u25ba\u7b2c\u4e09\u96c6:https://youtu.be/2G5wu61uCM0\n\u25ba\u7b2c\u56db\u96c6:https://youtu.be/-rP1abYv8n4\n\nOnion Man \u95dc\u9375\u5b57:\n\u4e2d\u4e8c \u80a5\u5b85 \u55ae\u8eab\u6f22 \u55ae\u8eab \u9b6f\u86c7 \u5c4c\u7d72 \u80a5\u5b85",
        "likeCount": "3822",
        "commentCount": "315",
        "viewCount": "326293"
    },
    "comments": [
        {
            "reply_id": "UgyJ10X7mpEBmW-ZFKd4AaABAg",
            "reply_content": "\u8d85\u7d1a\u7834\uff0c\u9019\u9ebc\u4e45\u6c92\u767c\u7247\u4e86\u7d50\u679c\u6839\u672c\u5c31\u662f\u70ba\u4e86\u63a5\u696d\u914d\u96a8\u4fbf\u756b\u5e7e\u5f35\u5716\u4e0a\u53bb\u4e0a\u53bb\u800c\u5df2\uff0c\u771f\u7684\u662f\u6789\u8cbb\u4e86\u9019\u9ebc\u591a\u89c0\u773e\u6295\u7a3f\uff0c\u505a\u70ba\u4e00\u500b\u8001\u89c0\u773e\u8868\u793a\u5931\u671b",
            "likeCount": 2
        },
        {
            "reply_id": "UgyEV4y3Ix3jTnNB7Ah4AaABAg",
            "reply_content": "\u8ffd\u4e86\u516d\u5e74\u9019\u6b21\u5f71\u7247\u696d\u914d\u771f\u7684\u592a\u591a\u4e86",
            "likeCount": 1
        },
        {
            "reply_id": "UgySvlqCtMqZiNNbljZ4AaABAg",
            "reply_content": "\u56b4\u53b2\u8b74\u8cac",
            "likeCount": 1
        },
        {
            "reply_id": "UgwOLDmVNXydMNlZt6d4AaABAg",
            "reply_content": "\u4e0d\u77e5\u9053\u70ba\u4ec0\u9ebc\u9b3c\u6545\u4e8b\u5728\u6d0b\u8525\u7684\u5f71\u7247\u4e0a\u5176\u5be6\u4e5f\u6c92\u6709\u90a3\u9ebc\u53ef\u6015\ud83d\ude02",
            "likeCount": 1
        },
        {
            "reply_id": "UgyCkAjL0y7HrAaTcpd4AaABAg",
            "reply_content": "\u53ea\u80fd\u8aaa\u9032\u6b65\u7a7a\u9593\u975e\u5e38\u5927",
            "likeCount": 1
        },
        {
            "reply_id": "Ugx4NHWMGzJzdCkBSTd4AaABAg",
            "reply_content": "\u6d0b\u8525\u4f60\u8b8a\u4e86",
            "likeCount": 0
        },
        {
            "reply_id": "UgycbqdEWVSCe9x8_yt4AaABAg",
            "reply_content": "\u4e5f\u914d\u738b",
            "likeCount": 0
        },
        {
            "reply_id": "UgyYIvAoe7ExxVHI2sJ4AaABAg",
            "reply_content": "\u5e72\u54c8\u54c8\u54c8",
            "likeCount": 0
        },
        {
            "reply_id": "Ugz9pqnyl3he0HDZAbR4AaABAg",
            "reply_content": "\u9019\u7bc7\u6709\u597d\u7b11",
            "likeCount": 0
        },
        {
            "reply_id": "UgylV_Z7-QJmH4gm50V4AaABAg",
            "reply_content": "\u597d\u770b\u671f\u5f85\u7b2c\u4e8c\u5b63\u7684",
            "likeCount": 0
        },
        {
            "reply_id": "UgxId6jeNyMZki-HUH54AaABAg",
            "reply_content": "\u623f\u5b50\u6709\u500b\u5927\u5587\u7259\u662f\u6700\u6050\u6016\u7684\u4e8b",
            "likeCount": 0
        },
        {
            "reply_id": "UgwAUyMvEiDOwvENCTJ4AaABAg",
            "reply_content": "\u652f\u6301",
            "likeCount": 0
        },
        {
            "reply_id": "Ugz_hHNB91Uru18Nn454AaABAg",
            "reply_content": "\u6eff\u6eff\u696d\u914d\u9b3c\u6545\u4e8b\u54c8\u54c8\u54c8\u54c8\u54c8",
            "likeCount": 0
        },
        {
            "reply_id": "UgwmUGdq_f2oa7UD_M14AaABAg",
            "reply_content": "\u5982\u679c\u662f\u5728\u9b3c\u6708\u7684\u8352\u5ee2\u5c4b\u5b50\u63a2\u96aa\u90a3\u5c31\u6709\u53ef\u80fd\u662f\u9b3c\u6545\u4e8b\u4e86\u3002",
            "likeCount": 0
        },
        {
            "reply_id": "UgwiWrIn2QguXAbpT8Z4AaABAg",
            "reply_content": "\u7279\u529b\u5c4b\u7238\u7238\u7528\u9322\u7a81\u7834\u6d0b\u8525\u7684\u5fc3\u9b54",
            "likeCount": 0
        },
        {
            "reply_id": "UgxHb0c3qYKpmiCN_bt4AaABAg",
            "reply_content": "\u9b3c\u8001\u95c6\u8981\u6c42\u7684\u9b3c\u71df\u696d\u984d\u5c31\u4ea4\u7d66\u9b3c\u795e\u83ab\u6e2c\u7684\u6d0b\u8525\u5728\u9b3c\u7bc0\u88e1\u7528\u9b3c\u4e00\u822c\u7684\u5947\u8469\u60f3\u6cd5\u7d66\u9b3c\u51fa\u4f86",
            "likeCount": 0
        },
        {
            "reply_id": "UgyRdl2n6CxGRddAwY54AaABAg",
            "reply_content": "\u592a\u5f37\u4e86\u9019\u696d\u914d\u4e0d\u6127\u662f\u6d0b\u8525",
            "likeCount": 0
        },
        {
            "reply_id": "UgyBK-W1xMR97d0TZsR4AaABAg",
            "reply_content": "\u9b3c\u696d\u914d",
            "likeCount": 0
        },
        {
            "reply_id": "UgxAyFX2xeSqjtsUnYt4AaABAg",
            "reply_content": "\u6211\u4e0d\u76f8\u4fe1\u5fae\u75bc\u6709\u76e3\u7763",
            "likeCount": 0
        },
        {
            "reply_id": "UgxQVZQ6MzhsOTggAvJ4AaABAg",
            "reply_content": "\u7b2c\u4e00\u6b21\u807d\u9b3c\u6545\u4e8b\u5c45\u7136\u89ba\u5f97\u5f88\u6709\u8da3",
            "likeCount": 9
        },
        {
            "reply_id": "Ugy75JPC9dVDqcRF9kV4AaABAg",
            "reply_content": "\u6d0b\u8525\u6545\u4e8b\u7e3d\u662f\u6709\u6599",
            "likeCount": 8
        },
        {
            "reply_id": "UgwHW1MznwwOp2iUt4B4AaABAg",
            "reply_content": "\u6211\u5011\u5728\u4e00\u5806\u7684\u696d\u914d\u88e1\u627e\u5230\u4e86\u4e00\u9ede\u6545\u4e8b",
            "likeCount": 1
        },
        {
            "reply_id": "Ugyo3RDKj9v3CxPgqW54AaABAg",
            "reply_content": "\u6211\u5c31\u77e5\u9053\u6d0b\u8525\u9019\u500b\u72e0\u89d2\u8272\u662f\u4e0d\u53ef\u80fd\u8a8d\u771f\u5beb\u8a6d\u6545\u4e8b\u7684\ud83d\ude02",
            "likeCount": 1
        },
        {
            "reply_id": "UgwgVwjPxfnresN1YxZ4AaABAg",
            "reply_content": "\u597d\u8b9a\u7684\u696d\u914d",
            "likeCount": 1
        },
        {
            "reply_id": "UgwJ5ZQWzm-N7GCF2ZV4AaABAg",
            "reply_content": "\u6211\u5f88\u8a8d\u771f\u7684\u770b\u5b8c\u4e86",
            "likeCount": 1
        }
    ]
}