{
    "video_info": {
        "id": "OrxaltRlyyI",
        "channelTitle": "Onion Man",
        "title": "Onion Man | \u60a3\u96e3\u898b\u771f\u60c5\uff01\u8b93\u6d0b\u8525\u75db\u54ed\u6d41\u6d95\u7684\u4eba\u751f\u4e03\u5927\u611f\u52d5\u6642\u523b\uff01 @joeman  @BIGSNAKEBALL",
        "description": "\u8b1d\u8b1d\u5404\u4f4d\u771f\u5fc3\u7684\u597d\u6367\u6cb9\n\n\ud83c\udfa7\u5404\u5927\u6578\u4f4d\u5e73\u53f0\u6536\u807d\uff1a\nhttps://ONIONMAN.lnk.to/LFTD\n\n\u3010\u8a02\u95b1\u3011\u53ca\u89c0\u770b\u6d0b\u8525\u66f4\u591a\u5f71\u7247: https://goo.gl/ijP3Eb\n\n\u5de5\u4f5c\u5408\u4f5c\uff1aonionmanwork@gmail.com\nOnion Man \u767e\u842c\u8ffd\u8e64\u7c89\u7d72\u5718:goo.gl/Z5CSvw\n\n\u6700\u65b0\u963f\u6587\u8cbc\u5716:https://reurl.cc/GxYjA\n\n\u7b2c\u4e00\u4ee3\u963f\u6587line\u8cbc\u5716:https://reurl.cc/Wroxx\n\n\u6d0b\u8525\u79c1\u751f\u6d3bIG:https://www.instagram.com/onionman__/\n\n\n\u904b\u52d5\u6f2b\u756b\u88e1\u7684\u4e2d\u4e8c\u8001\u6897\u5287\u60c5\n\u25ba\u7b2c\u4e00\u96c6:https://youtu.be/cMoV1rPH35k\n\u25ba\u7b2c\u4e8c\u96c6:https://youtu.be/iW7LM00lny0\n\u25ba\u7b2c\u4e09\u96c6:https://youtu.be/2G5wu61uCM0\n\u25ba\u7b2c\u56db\u96c6:https://youtu.be/-rP1abYv8n4\n\nOnion Man \u95dc\u9375\u5b57:\n\u4e2d\u4e8c \u80a5\u5b85 \u55ae\u8eab\u6f22 \u55ae\u8eab \u9b6f\u86c7 \u5c4c\u7d72 \u80a5\u5b85",
        "likeCount": "9575",
        "commentCount": "700",
        "viewCount": "451706"
    },
    "comments": [
        {
            "reply_id": "Ugyy5I52sQYcIXW1nmh4AaABAg",
            "reply_content": "\u770b\u5230\u5275\u4f5c\u8005\u5011\u4e92\u76f8\u9f13\u52f5\u4e92\u76f8\u5206\u4eab\u771f\u7684\u597d\u611f\u52d5\ud83e\udd79",
            "likeCount": 8
        },
        {
            "reply_id": "UgwJzPxWgqSzu7nnLgR4AaABAg",
            "reply_content": "\u771f\u7684\u5c31\u662f\u9019\u4e9b\u770b\u4f3c\u5fae\u4e0d\u8db3\u9053\u7684\u5c0f\u4e8b\u537b\u80fd\u8b93\u4eba\u89ba\u5f97\u6eab\u6696\ud83d\ude0c",
            "likeCount": 3
        },
        {
            "reply_id": "UgznsOAwXf74eAZksUZ4AaABAg",
            "reply_content": "\u6211\u5011\u5927\u81f4\u6709\u53ef\u80fd\u4e00\u6a23",
            "likeCount": 1
        },
        {
            "reply_id": "UgxpvhZhHujcQakJ0UV4AaABAg",
            "reply_content": "\u6709\u53ef\u80fd",
            "likeCount": 1
        },
        {
            "reply_id": "UgwIZRbjtS_-0OARnsF4AaABAg",
            "reply_content": "\u53f0\u7063\u5927\u5b78",
            "likeCount": 1
        },
        {
            "reply_id": "UgwVO05SZDMy25yRLrZ4AaABAg",
            "reply_content": "\u770b\u5b8c\u6d0b\u8525\u7684\u5f71\u7247\u89ba\u5f97\u6d0b\u8525\u771f\u7684\u5f88\u68d2\uff0c\u76f8\u4fe1\u88ab\u4f60\u611f\u8b1d\u5230\u7684\u4eba\u5fc3\u982d\u4e00\u5b9a\u4e5f\u6703\u6696\u6696\u7684\uff0c\u61c2\u5f97\u611f\u6069\u5b78\u6703\u73cd\u60dc\u771f\u7684\u5f88\u91cd\u8981\uff01\u8b1d\u8b1d\u4f60\u5728\u611f\u8b1d\u5225\u4eba\u7684\u540c\u6642\u4e5f\u6563\u767c\u6eab\u6696\u7d66\u5927\u5bb6",
            "likeCount": 1
        },
        {
            "reply_id": "UgxBHcJDE-2OXg8GHyx4AaABAg",
            "reply_content": "\u770b\u4f86\u6d0b\u8525\u96e2\u4e0d\u6234\u9762\u5177\u7684\u90a3\u5929\u8d8a\u4f86\u8d8a\u8fd1\u4e86 \u96d6\u7136\u5df2\u7d93\u770b\u904e\u4ed6\u672c\u4eba\u7684\u81c9\u4e86",
            "likeCount": 1
        },
        {
            "reply_id": "UgzdDA33kgcKDrn6Lm14AaABAg",
            "reply_content": "\u795d\u798f\u6d0b\u8471",
            "likeCount": 0
        },
        {
            "reply_id": "UgzJknbtuPAIwYzfQWt4AaABAg",
            "reply_content": "\u7b11\u6b7b",
            "likeCount": 0
        },
        {
            "reply_id": "UgzrjWZJOYGuT0S8ILZ4AaABAg",
            "reply_content": "\u60f3\u8981\u88e4\u5b50\u545c\u545c\u545c\u545c\u545c",
            "likeCount": 0
        },
        {
            "reply_id": "UgytO2Uv6H9vBm4a-Kp4AaABAg",
            "reply_content": "\u98fd\u6696\u601d\u6deb\u617e",
            "likeCount": 0
        },
        {
            "reply_id": "Ugy3y7BXeC_HFCcrU_B4AaABAg",
            "reply_content": "\u76f4\u63a5\u8b8a\u8eab\u96fb\u6b21",
            "likeCount": 0
        },
        {
            "reply_id": "UgzFByhX48mxfUXFn7l4AaABAg",
            "reply_content": "\u7b11\u6b7b",
            "likeCount": 0
        },
        {
            "reply_id": "UgwfDnIemr6ojLJ0Im94AaABAg",
            "reply_content": "\u90a3\u500b\u7b11\u5f88\u8a6d\u7570\u6b38",
            "likeCount": 0
        },
        {
            "reply_id": "UgxiWtbRCop3mdn2C5V4AaABAg",
            "reply_content": "\u6211\u7684\u611f\u52d5\u6642\u523b\u5c31\u662f\u6d0b\u8525\u5728\u8d70\u9418\u734e\u7372\u5f97\u4e86\u5927\u5bb6\u7684\u751f\u65e5\u795d\u798f\ud83e\udd23",
            "likeCount": 0
        },
        {
            "reply_id": "UgxQqHAID1307pskzC94AaABAg",
            "reply_content": "\u5f88\u611f\u52d5\u8036 \u7247\u5834\u6703\u95dc\u5fc3\u4eba\u7684\u771f\u7684\u5f88\u8a8d\u771f\u5f88\u6709\u5fc3",
            "likeCount": 0
        },
        {
            "reply_id": "UgzfvZQYDad19urGrj94AaABAg",
            "reply_content": "\u6211\u4e5f\u60f3\u8981\u5403\u4fbf\u7576",
            "likeCount": 0
        },
        {
            "reply_id": "UgzDScjTXv9H28ftD3x4AaABAg",
            "reply_content": "\u8525\u54e5\u751f\u65e5\u5feb\u6a02",
            "likeCount": 0
        },
        {
            "reply_id": "UgzMqK4Bm6n-SlHWTPN4AaABAg",
            "reply_content": "\u6d0b\u8525\u6c38\u9060\u7684\u795e",
            "likeCount": 0
        },
        {
            "reply_id": "UgyQJRGPiohG3sBlPDh4AaABAg",
            "reply_content": "\u65e0\u5fc3\u63d0\u4e86\u4e00\u5634\u60f3\u8981\u5403\u4ec0\u4e48\u4e1c\u897f\u7ed3\u679c\u665a\u4e0a\u89c1\u5230\u4ed6\u7684\u65f6\u5019\u4ed6\u5c31\u4e70\u56de\u6765\u4e86\uff0c\u8fd8\u6709\u5c0f\u65f6\u5019\u60f3\u8981\u5403\u7684\u4e1c\u897f\u6211\u7238\u5468\u672b\u4e70\u83dc\u4e5f\u4f1a\u4e70\u56de\u6765\uff0c\u8fd9\u79cd\u7b80\u5355\u7684\u5e78\u798f\u4e5f\u633a\u611f\u52a8\u7684",
            "likeCount": 0
        },
        {
            "reply_id": "UgysidHCr64qMpz01HZ4AaABAg",
            "reply_content": "\u770b\u5b8c\u5c31\u6703\u767c\u73fe\u6d0b\u8525\u81ea\u5df1\u4e5f\u5f88\u6eab\u6696 \u624d\u6703\u6709\u9019\u4e9b\u611f\u52d5\u6642\u523b",
            "likeCount": 0
        },
        {
            "reply_id": "UgzLLwyAcqLC70US9eZ4AaABAg",
            "reply_content": "\u6d0b\u8525\u7e3d\u662f\u4e0d\u907f\u8af1\u5730\u5206\u4eab\u81ea\u5df1\u7684\u5167\u5fc3\u6232\uff0c\u771f\u662f\u592a\u53ef\u611b\u4e86",
            "likeCount": 11
        },
        {
            "reply_id": "Ugz6R_DZTVXSw9Vpgy14AaABAg",
            "reply_content": "\u6d0b\u8525\u9031\u65e5\u4e0a\u7247\u7684\u6642\u523b",
            "likeCount": 0
        },
        {
            "reply_id": "UgyxaA7mFpnBPpYeDzJ4AaABAg",
            "reply_content": "\u54c8\u54c8",
            "likeCount": 0
        },
        {
            "reply_id": "Ugz__3YsxWguqs-CgTx4AaABAg",
            "reply_content": "\u4e0d\u8ddf\u672c\u4eba\u62cd\u61c9\u8a72\u662f\u51fa\u81ea\u79ae\u8c8c\u5427",
            "likeCount": 0
        }
    ]
}