{
    "video_info": {
        "id": "ovYSWuMPKXA",
        "channelTitle": "Onion Man",
        "title": "Onion Man | \u5c0f\u5b78\u6709\u9019\u500b\u5c31\u4e0d\u7f3a\u5973\u670b\u53cb\u4e86\uff01 \u7ae5\u5e74\u56de\u61b6\uff01\u602a\u7378\u5c0d\u6253\u6a5f\u4e4b\u7537\u5b50\u6f22\u7684\u5c0d\u6c7a\uff01 | \u6578\u78bc\u5bf6\u8c9d",
        "description": "\u6211\u4ee5\u524d\u6c92\u5728\u990a\u8c93\u72d7\u7684\uff0c\u6211\u90fd\u990a\u6578\u78bc\u5bf6\u8c9d!!!!\n\n\u7b2c\u4e8c\u96c6\u5f48\u73e0\u8d85\u4eba\u7bc7\uff1ahttps://www.youtube.com/watch?v=q2SiVh4m-OY&t\n\n\n8/12~14   \u6587\u535a\u6703\u5728\u9ad8\u96c4\u5c55\u89bd\u9928 \n\u9019\u7b97\u662f\u8207\u9ad8\u96c4\u7684\u670b\u53cb\u5011\u521d\u6b21\u898b\u9762\n\u6211\u8ddf\u963f\u557e \u9e7f\u4eba \u8f9b\u5361  \u557e\u557e\u59b9 \u5728 L4-01 \u73a9\u5b87\u5b99 \u6524\u4f4d\uff01\n\u9019\u4e09\u5929\u73fe\u5834\u8ca9\u552e\u5c55\u5834\u9650\u5b9a\u5468\u908a\u5546\u54c1(\u66ab\u7121\u7dda\u4e0a\u8ca9\u552e)\n \n8.14 \u6d0b\u8525\u7c3d\u540d\u6703 \n\u9650\u5b9a60\u4f4d  \n\u65e9\u4e0a\u4e5d\u9ede\u767c\u865f\u78bc\u724c\uff0c\u4e0b\u5348\u4e09\u9ede\u958b\u7c3d (\u8a73\u60c5\u770b\u5f71\u7247\u4e2d\u7684\u5716)\n\u5927\u5bb6\u5230\u6642\u898b\uff0c\u6211\u516d\u65e5\u90fd\u6703\u5728\u5c55\u5834\u88e1\u9762\u6643\uff0c\u4f46\u6015\u5f71\u97ff\u52d5\u7dda\n\u6240\u4ee5\u6211\u4e0d\u6703\u5728\u6524\u4f4d\u4e0a(\u9019\u6b21\u5927\u6703\u898f\u5247\u5f88\u56b4\u683c)\n\u53ef\u80fd\u6703\u6f5b\u4f0f\u5728\u65c1\u908a\uff0c\u5982\u679c\u6709\u8a8d\u51fa\u6211\u53ef\u4ee5\u53eb\u6211\n\u6211\u5176\u5be6\u883b\u60f3\u5f85\u4e00\u6574\u5929\u7684\uff0c\u4f46\u6c92\u8fa6\u6cd5QQ\n\n\n\u3010\u8a02\u95b1\u3011\u53ca\u89c0\u770b\u6d0b\u8525\u66f4\u591a\u5f71\u7247: https://goo.gl/ijP3Eb\n\n\u5de5\u4f5c\u5408\u4f5c\uff1aonionmanwork@gmail.com\nOnion Man \u767e\u842c\u8ffd\u8e64\u7c89\u7d72\u5718:goo.gl/Z5CSvw\n\n\u6700\u65b0\u963f\u6587\u8cbc\u5716:https://reurl.cc/GxYjA\n\n\u7b2c\u4e00\u4ee3\u963f\u6587line\u8cbc\u5716:https://reurl.cc/Wroxx\n\n\u6d0b\u8525\u79c1\u751f\u6d3bIG:https://www.instagram.com/onionman__/\n\n\n\u904b\u52d5\u6f2b\u756b\u88e1\u7684\u4e2d\u4e8c\u8001\u6897\u5287\u60c5\n\u25ba\u7b2c\u4e00\u96c6:https://youtu.be/cMoV1rPH35k\n\u25ba\u7b2c\u4e8c\u96c6:https://youtu.be/iW7LM00lny0\n\u25ba\u7b2c\u4e09\u96c6:https://youtu.be/2G5wu61uCM0\n\u25ba\u7b2c\u56db\u96c6:https://youtu.be/-rP1abYv8n4\n\nOnion Man \u95dc\u9375\u5b57:\n\u4e2d\u4e8c \u80a5\u5b85 \u55ae\u8eab\u6f22 \u55ae\u8eab \u9b6f\u86c7 \u5c4c\u7d72 \u80a5\u5b85",
        "likeCount": "12819",
        "commentCount": "10912",
        "viewCount": "820718"
    },
    "comments": [
        {
            "reply_id": "UgzpTVJ46Kygr8Wrcc14AaABAg",
            "reply_content": "\u770b\u5b8c\u6eff\u6eff\u7684\u56de\u61b6\u554a \u771f\u5e0c\u671b\u80fd\u91cd\u62fe\u4ee5\u5f80\u7684\u55ae\u7d14\u8207\u71b1\u8840",
            "likeCount": 2
        },
        {
            "reply_id": "UgzTfTOsLOHdfXLr6HR4AaABAg",
            "reply_content": "\u53ef\u4ee5\u53bb\u73a9\u73a9\u770b\u795e\u5947\u5bf6\u8c9d\u7d05\u7da0",
            "likeCount": 1
        },
        {
            "reply_id": "UgzluJfThkJtkTsYrvx4AaABAg",
            "reply_content": "\u7e7c\u7e8c\u7b49\u7e8c\u96c6",
            "likeCount": 1
        },
        {
            "reply_id": "Ugx9oNmWGrZYmAdXYcR4AaABAg",
            "reply_content": "\u7b2c\u4e8c\u96c6\u5462",
            "likeCount": 1
        },
        {
            "reply_id": "UgyH4CKFAbGofU44wVh4AaABAg",
            "reply_content": "\u54c8\u54c8\u54c8\u54c8\u54c8\u54c8\u54c8\u54c8\u54c8\u54c8",
            "likeCount": 0
        },
        {
            "reply_id": "UgyBOHFG7kzc5LJXdP14AaABAg",
            "reply_content": "\u592a\u795e\u5566",
            "likeCount": 0
        },
        {
            "reply_id": "UgwBShBH73sizK6lXit4AaABAg",
            "reply_content": "\u6230\u9b25\u9640\u87ba\u8036",
            "likeCount": 0
        },
        {
            "reply_id": "Ugz4C4W1Fg5OJ47eHeB4AaABAg",
            "reply_content": "\u6578\u78bc\u5bf6\u8c9d\u771f\u7684\u8d85\u7d1a\u597d\u770b",
            "likeCount": 0
        },
        {
            "reply_id": "UgxmqSa1HZGPABdSuml4AaABAg",
            "reply_content": "\u904a\u6232\u5546\u4eba\u771f\u7684\u662f\u63a8\u9673\u51fa\u65b0\u5f88\u5feb",
            "likeCount": 0
        },
        {
            "reply_id": "UgwOmqxi0q5dUSyV9oZ4AaABAg",
            "reply_content": "\u7c97\u758f",
            "likeCount": 0
        },
        {
            "reply_id": "UgyvWICqRUUQ6gL9Yq94AaABAg",
            "reply_content": "\u7b49\u7e8c\u96c6",
            "likeCount": 0
        },
        {
            "reply_id": "Ugxd7AquZR64xUjmaWF4AaABAg",
            "reply_content": "\u5f48\u73e0\u4eba\u5462",
            "likeCount": 0
        },
        {
            "reply_id": "UgyyK62fjLtBxMOC0NZ4AaABAg",
            "reply_content": "\u4f60\u7684\u5f71\u7247\u4ec0\u9ebc\u6642\u5019\u6703\u66f4\u65b0\u4e00\u6b21",
            "likeCount": 0
        },
        {
            "reply_id": "UgxCruxbEwMVyteTYZ94AaABAg",
            "reply_content": "\u770b\u6765\u4f60\u7684\u7ae5\u5e74\u5f88\u5e78\u798f\u60f3\u8981\u4ec0\u4e48\u90fd\u6709",
            "likeCount": 0
        },
        {
            "reply_id": "UgyS5mJR47ecEIWEVnV4AaABAg",
            "reply_content": "\u597d\u61f7\u5ff5",
            "likeCount": 0
        },
        {
            "reply_id": "Ugywx5XEYzpBd5nLAQR4AaABAg",
            "reply_content": "\u4e0b\u4e00\u671f\u5594",
            "likeCount": 0
        },
        {
            "reply_id": "UgxJ6mscx768wCn9K0J4AaABAg",
            "reply_content": "\u7ae5\u5e74\u5f88\u53ef\u6190",
            "likeCount": 0
        },
        {
            "reply_id": "UgzxGNRSuxJlKFxWxeV4AaABAg",
            "reply_content": "\u597d\u8272\u7684\u7464",
            "likeCount": 0
        },
        {
            "reply_id": "UgwyqZsSNxy1fDlXFqd4AaABAg",
            "reply_content": "\u8cb7\u51b7\u6c23\u6211\u771f\u7684\u7b11\u6b7b",
            "likeCount": 0
        },
        {
            "reply_id": "Ugy7vorHTLqIRRWrMN14AaABAg",
            "reply_content": "\u6572\u7897\u4e0b\u96c6",
            "likeCount": 0
        },
        {
            "reply_id": "UgxHA7W4J7YzI03E7mJ4AaABAg",
            "reply_content": "\u597d\u53ef\u611b",
            "likeCount": 0
        },
        {
            "reply_id": "UgyYbp7ZDCESnkS9ABR4AaABAg",
            "reply_content": "\u6211\u5168\u90e8\u90fd\u6709\u5f48\u73e0\u4e4b\u5f8c\u61c9\u8a72\u662f\u6230\u9b25\u9640\u87ba\u90a3\u6642\u5019\u6211\u73a9\u6539\u88dd\u5168\u73ed\u760b\u4e86",
            "likeCount": 0
        },
        {
            "reply_id": "UgxwRTnMBL137-fZMEp4AaABAg",
            "reply_content": "\u7b2c\u4e8c\u5b63",
            "likeCount": 0
        },
        {
            "reply_id": "UgwZ5PXB-EyrfNzBt_14AaABAg",
            "reply_content": "\u4e0d\u662f\u5f88\u7406\u89e3\u9001\u5b57\u5178\u7684\u610f\u7fa9",
            "likeCount": 0
        },
        {
            "reply_id": "Ugzy3ASc4LKzM7qCOVF4AaABAg",
            "reply_content": "\u6211\u60f3\u8981\u62dc\u8a17",
            "likeCount": 0
        }
    ]
}