{
    "video_info": {
        "id": "ozvlL_IaZZA",
        "channelTitle": "Onion Man",
        "title": "Onion Man | \u8eca\u798d\u88ab\u56f05\u5c0f\u6642\uff01\u6ed1\u96ea\u53d7\u91cd\u50b7\uff01\u56de\u7a0b\u9047\u7f77\u5de5\uff01\uff0c\u707d\u96e3\u4e0d\u65b7\u7684\u51b0\u96ea\u65c5\u7a0b... | \u5317\u6b50\u7bc7(\u4e94)",
        "description": "\u5fc3\u60c5\u50cf\u5728\u6d17\u4e09\u6eab\u6696...\u771f\u7684\u51fa\u8d85\u591a\u4e8b\u5566....\n\n\u3010\u8a02\u95b1\u3011\u53ca\u89c0\u770b\u6d0b\u8525\u66f4\u591a\u5f71\u7247: https://goo.gl/ijP3Eb\n\n\u5de5\u4f5c\u5408\u4f5c\uff1aonionmanwork@gmail.com\nOnion Man \u767e\u842c\u8ffd\u8e64\u7c89\u7d72\u5718:goo.gl/Z5CSvw\n\n\u6700\u65b0\u963f\u6587\u8cbc\u5716:https://reurl.cc/GxYjA\n\n\u7b2c\u4e00\u4ee3\u963f\u6587line\u8cbc\u5716:https://reurl.cc/Wroxx\n\n\u6d0b\u8525\u79c1\u751f\u6d3bIG:https://www.instagram.com/onionman__/\n\n\n\u904b\u52d5\u6f2b\u756b\u88e1\u7684\u4e2d\u4e8c\u8001\u6897\u5287\u60c5\n\u25ba\u7b2c\u4e00\u96c6:https://youtu.be/cMoV1rPH35k\n\u25ba\u7b2c\u4e8c\u96c6:https://youtu.be/iW7LM00lny0\n\u25ba\u7b2c\u4e09\u96c6:https://youtu.be/2G5wu61uCM0\n\u25ba\u7b2c\u56db\u96c6:https://youtu.be/-rP1abYv8n4\n\nOnion Man \u95dc\u9375\u5b57:\n\u4e2d\u4e8c \u80a5\u5b85 \u55ae\u8eab\u6f22 \u55ae\u8eab \u9b6f\u86c7 \u5c4c\u7d72 \u80a5\u5b85",
        "likeCount": "9048",
        "commentCount": "607",
        "viewCount": "557304"
    },
    "comments": [
        {
            "reply_id": "UgyrXTrZzZdlLQkHgzl4AaABAg",
            "reply_content": "\u771f\u662f\u591a\u707d\u591a\u96e3\u53c8\u5145\u6eff\u6b61\u6a02\u7684\u65c5\u7a0b",
            "likeCount": 4
        },
        {
            "reply_id": "Ugwnoy3PxPOwK8mXnQl4AaABAg",
            "reply_content": "\u5feb\u5e74\u5e95\u4e86",
            "likeCount": 1
        },
        {
            "reply_id": "UgyDp_2BZEPUYmUsZiN4AaABAg",
            "reply_content": "\u8ce4\u5bf6\u679c\u7136\u8ddf\u54c1\u5b50",
            "likeCount": 0
        },
        {
            "reply_id": "Ugyp0gDhUFAk-PEo_o54AaABAg",
            "reply_content": "\u5c0e\u904a\u9577\u7684\u597d\u50cf\u8001\u9ad8",
            "likeCount": 0
        },
        {
            "reply_id": "UgzgWsyWWCZKRF97d-R4AaABAg",
            "reply_content": "\u8ce4\u8446\u6d41\u8840\u914d\u97f3\u5f88\u597d\u7b11\u6b38",
            "likeCount": 0
        },
        {
            "reply_id": "UgyHcQoKJzJZmc-nxC54AaABAg",
            "reply_content": "\u53b2\u5bb3\u6b38",
            "likeCount": 0
        },
        {
            "reply_id": "UgxdTcufLYlOIv_qp5N4AaABAg",
            "reply_content": "\u6d0b\u8525\u6211\u76f8\u4fe1\u4f60\u4e00\u5b9a\u6703\u6210\u70ba\u96ea\u677f\u9ad8\u624b\u7684",
            "likeCount": 0
        },
        {
            "reply_id": "Ugydnvt89QV-Ul3rz2x4AaABAg",
            "reply_content": "\u7247\u5c3e\u8aaa\u50cf\u904b\u5c4d\u9ad4\u7684\u6211\u7b11\u4e86",
            "likeCount": 0
        },
        {
            "reply_id": "UgygZpiBonwwTeTjh654AaABAg",
            "reply_content": "\u62bd\u734e",
            "likeCount": 0
        },
        {
            "reply_id": "Ugz6NtriUYXJSoW0j0h4AaABAg",
            "reply_content": "\u60f3\u554f\u4ed6\u5011\u7684\u914d\u97f3\u662f\u672c\u4eba\u914d\u97f3\u55ce",
            "likeCount": 0
        },
        {
            "reply_id": "UgxeZbwK-00KOOsI-5p4AaABAg",
            "reply_content": "\u597d\u6158",
            "likeCount": 0
        },
        {
            "reply_id": "UgwGtuJqiDvhlJ6mwG14AaABAg",
            "reply_content": "\u597d\u4eba\u771f\u591a",
            "likeCount": 0
        },
        {
            "reply_id": "Ugxg4b692J7A4MVW_XN4AaABAg",
            "reply_content": "\u5c0e\u904a\u771f\u53b2\u5bb3\u6700\u5f8c\u6709\u9000\u5230\u7a05",
            "likeCount": 0
        },
        {
            "reply_id": "Ugzts40oFEtx6k5GvYp4AaABAg",
            "reply_content": "\u54ea\u88e1\u9577\u7f77\u5de5\u6211\u731c\u662f\u56e0\u70ba\u54ea\u88e1\u7684\u516c\u6703\u6bd4\u53f0\u7063\u591a\u5f88\u591a",
            "likeCount": 0
        },
        {
            "reply_id": "UgzQM7VCW7-Y28s1M-J4AaABAg",
            "reply_content": "\u9019\u56de\u61b6\u5f88\u96e3\u5fd8",
            "likeCount": 0
        },
        {
            "reply_id": "UgwAb9bQCVIzx_x1UfJ4AaABAg",
            "reply_content": "\u8ce4\u8446\u83ab\u4e0d\u662f\u771f\u4eba\u7248\u5169\u6d25",
            "likeCount": 0
        },
        {
            "reply_id": "Ugx1NU2Wo-vekd9Bd414AaABAg",
            "reply_content": "\u62bd",
            "likeCount": 0
        },
        {
            "reply_id": "Ugzd2KwlmyrzkWcHkOZ4AaABAg",
            "reply_content": "\u6211\u9084\u4ee5\u70ba\u6703\u914d\u4e0a\u9928\u9577\u7684\u6897",
            "likeCount": 0
        },
        {
            "reply_id": "Ugznp4C2OVNeQvDoQRJ4AaABAg",
            "reply_content": "\u5c0e\u904a\u4eba\u592a\u597d\u4e86",
            "likeCount": 0
        },
        {
            "reply_id": "UgzL6--7eOgRt1iMSl94AaABAg",
            "reply_content": "\u8d70\u706b\u5165\u9b54\u7684\u4fdd\u54e5\u54e5",
            "likeCount": 0
        },
        {
            "reply_id": "UgyLDjm3pE5ohA19-op4AaABAg",
            "reply_content": "\u70ba\u751a\u9ebc\u6d0b\u8525\u6558\u8ff0\u8ce4\u8446\u7684\u662f\u9019\u9ebc\u597d\u7b11\n\u8ce4\u8446\u8ddf\u80e1\u5b50\u7684\u90fd\u6709\u4e00\u9ede\u54c0\u50b7\u6b38\n\u53ea\u6709\u6d0b\u8525\u9019\u90e8\u6211\u5f9e\u982d\u7b11\u5230\u5c3e",
            "likeCount": 0
        },
        {
            "reply_id": "UgwR5sgzkX92YFGA0rZ4AaABAg",
            "reply_content": "\u62bd",
            "likeCount": 0
        },
        {
            "reply_id": "UgxS747uMPhcJH94V8R4AaABAg",
            "reply_content": "\u8525\u4e0d\u6127\u662f\u5834\u63a7\u72e0\u89d2\u8272",
            "likeCount": 0
        },
        {
            "reply_id": "UgxWrya_WycEKwcoKFl4AaABAg",
            "reply_content": "\u597d\u5e0c\u671b\u770b\u5230\u540c\u4e00\u7fa4\u4eba\u518d\u53bb\u5176\u4ed6\u5730\u65b9\u73a9",
            "likeCount": 2
        },
        {
            "reply_id": "UgwPqIXdIQgkBZjjhhh4AaABAg",
            "reply_content": "\u5718\u968a\u90fd\u662f\u7cbe\u5bc6\u5206\u5de5\u4e4b\u9b3c",
            "likeCount": 0
        }
    ]
}