{
    "video_info": {
        "id": "PDNzGOzYCGU",
        "channelTitle": "Onion Man",
        "title": "Onion Man | \u5147\u624b\u7adf\u662f\u89aa\u751f\u6bcd\u89aa??  \u96fb\u5f71\u8001\u5957\u5287\u60c5\u5927\u96c6\u5408",
        "description": "\u8d85\u597d\u731c\u7684\u5566\n\n\u3010\u8a02\u95b1\u3011\u53ca\u89c0\u770b\u6d0b\u8525\u66f4\u591a\u5f71\u7247: https://goo.gl/ijP3Eb\n\n\u5de5\u4f5c\u5408\u4f5c\uff1aonionmanwork@gmail.com\nOnion Man \u767e\u842c\u8ffd\u8e64\u7c89\u7d72\u5718:goo.gl/Z5CSvw\n\n\u6700\u65b0\u963f\u6587\u8cbc\u5716:https://reurl.cc/GxYjA\n\n\u7b2c\u4e00\u4ee3\u963f\u6587line\u8cbc\u5716:https://reurl.cc/Wroxx\n\n\u6d0b\u8525\u79c1\u751f\u6d3bIG:https://www.instagram.com/onionman__/\n\n\n\u904b\u52d5\u6f2b\u756b\u88e1\u7684\u4e2d\u4e8c\u8001\u6897\u5287\u60c5\n\u25ba\u7b2c\u4e00\u96c6:https://youtu.be/cMoV1rPH35k\n\u25ba\u7b2c\u4e8c\u96c6:https://youtu.be/iW7LM00lny0\n\u25ba\u7b2c\u4e09\u96c6:https://youtu.be/2G5wu61uCM0\n\u25ba\u7b2c\u56db\u96c6:https://youtu.be/-rP1abYv8n4\n\nOnion Man \u95dc\u9375\u5b57:\n\u4e2d\u4e8c \u80a5\u5b85 \u55ae\u8eab\u6f22 \u55ae\u8eab \u9b6f\u86c7 \u5c4c\u7d72 \u80a5\u5b85",
        "likeCount": "6782",
        "commentCount": "351",
        "viewCount": "343261"
    },
    "comments": [
        {
            "reply_id": "UgwrznF0JsXB87maw2R4AaABAg",
            "reply_content": "\u6050\u6016\u7247\u88e1\u7b2c\u4e00\u500b\u6b7b\u7684\u90fd\u662f\u767d\u76ee\u7684\u9ed1\u4eba",
            "likeCount": 1
        },
        {
            "reply_id": "UgzwDr8s4PZVRzOa-rZ4AaABAg",
            "reply_content": "\u5594\u6211\u771f\u7684\u5feb\u7b11\u6b7b\u4e86",
            "likeCount": 0
        },
        {
            "reply_id": "UgzciGdE3u2JftWQWHp4AaABAg",
            "reply_content": "\u62bd\u62bd",
            "likeCount": 0
        },
        {
            "reply_id": "UgydyP5d9eE3TgZrCUh4AaABAg",
            "reply_content": "\u6bcf\u6b21\u4e00\u5b9a\u90fd\u6709\u60c5\u6575",
            "likeCount": 0
        },
        {
            "reply_id": "UgwiB0shNeUqKtGuxJ54AaABAg",
            "reply_content": "\u526a\u70b8\u5f48\u7684\u7dda\u8ddf\u5f8c\u9762\u90a3\u500b\u597d\u597d\u7b11",
            "likeCount": 0
        },
        {
            "reply_id": "UgyEYcLRRRPmmGgrQnF4AaABAg",
            "reply_content": "\u5168\u90e8\u90fd\u662f\u96fb\u5f71\u96fb\u8996\u5287\u7684\u7d93\u5178\u8001\u6897\uff0c\u9577\u5927\u5f8c\u90fd\u8d85\u5bb9\u6613\u731c",
            "likeCount": 0
        },
        {
            "reply_id": "Ugxw-CtQFv9t02fvCpl4AaABAg",
            "reply_content": "\u6211\u6765\u4e86",
            "likeCount": 0
        },
        {
            "reply_id": "UgyUMxgXcogTpD7IcjF4AaABAg",
            "reply_content": "\u62bd",
            "likeCount": 0
        },
        {
            "reply_id": "Ugx6bbd5JUqcopj4Bmt4AaABAg",
            "reply_content": "\u901a\u5e38\u5f88\u5bb9\u6613\u5728\u73fe\u5834\u7121\u610f\u4e2d\u8b1b\u51fa\u91cd\u5927\u7684\u79d8\u5bc6\uff0c\u7136\u5f8c\u9084\u4e0d\u5c0f\u5fc3\u88ab\u7576\u4e8b\u4eba\u807d\u5230\u54c8",
            "likeCount": 0
        },
        {
            "reply_id": "Ugz4FiLHD0TbehfI67d4AaABAg",
            "reply_content": "\u7121\u8ad6\u5982\u4f55\u4e3b\u89d2\u6703\u6d3b",
            "likeCount": 0
        },
        {
            "reply_id": "UgwPIc2oIi78O22k2uN4AaABAg",
            "reply_content": "\u8001\u6897",
            "likeCount": 0
        },
        {
            "reply_id": "UgxbH2XIzfCRisNNhNZ4AaABAg",
            "reply_content": "\u96fb\u5f71\u88e1\u7684\u8001\u6897\uff1a\u4e3b\u89d2\u4e0d\u7ba1\u88ab\u58de\u4eba\u88dc\u5200\u5e7e\u767e\u6b21\u90fd\u6703\u76f4\u63a5\u6eff\u8840\u5fa9\u6d3b",
            "likeCount": 0
        },
        {
            "reply_id": "Ugxsp4Ida_5llsPXGpN4AaABAg",
            "reply_content": "\u624b\u6a5f\u7e3d\u662f\u6703\u5728\u6700\u8981\u7dca\u7684\u6642\u523b\u97ff\u8d77\u4f86",
            "likeCount": 0
        },
        {
            "reply_id": "UgwVPdLk4EvN8Qof8Gd4AaABAg",
            "reply_content": "\u6709\u4e00\u500b\u662f\u8718\u86db\u4eba\u7121\u5bb6\u65e5",
            "likeCount": 0
        },
        {
            "reply_id": "Ugxm1UvhnkSURbNGBIF4AaABAg",
            "reply_content": "\u6c92\u6309\u5230\u90a3\u88e1\u76f4\u63a5\u7b11\u5674",
            "likeCount": 0
        },
        {
            "reply_id": "UgxFjYzZJWoZU2R4WE54AaABAg",
            "reply_content": "\u6050\u6016\u7247\u90fd\u6703\u6709\u500b\u4e0d\u4fe1\u90aa\u7684\u8001\u7238",
            "likeCount": 0
        },
        {
            "reply_id": "Ugyao8H93Bcpeys8mjV4AaABAg",
            "reply_content": "\u6b63\u78ba\u53cd\u5957\u8def\u6559\u5b78",
            "likeCount": 0
        },
        {
            "reply_id": "Ugwf6Q4qDAPvctvUQIZ4AaABAg",
            "reply_content": "\u8981\u8f49\u751f\u5230\u7570\u4e16\u754c\u5927\u90e8\u5206\u8ddf\u516c\u8eca\u6216\u8ca8\u8eca\u812b\u96e2\u4e0d\u4e86\u95dc\u4fc2",
            "likeCount": 0
        },
        {
            "reply_id": "UgzaIYyL8tocs5MMWA54AaABAg",
            "reply_content": "\u4e0a\u767c\u71d2\u4e86",
            "likeCount": 0
        },
        {
            "reply_id": "Ugy0TB24nn8lx2YvFNB4AaABAg",
            "reply_content": "\u771f\u7684\u7b11\u721b",
            "likeCount": 0
        },
        {
            "reply_id": "Ugw1vJgFvQS1AYLfAiB4AaABAg",
            "reply_content": "\u6bcf\u6b21\u770b\u5230\u6575\u4eba\u958b\u59cb\u760b\u72c2\u8b1b\u8a71\u6642\u5c31\u77e5\u9053\uff0c\u4ed6\u8981\u6b7b\u4e86",
            "likeCount": 0
        },
        {
            "reply_id": "Ugye7usBa8YxR8Xf7aN4AaABAg",
            "reply_content": "\u7ec8\u4e8e\u505a\u56de\u8001\u6897\u7cfb\u5217\u4e86",
            "likeCount": 0
        },
        {
            "reply_id": "UgzEPDCEUDIZzZcWPN94AaABAg",
            "reply_content": "\u8cbc\u5716\u5566\u5566\u5566",
            "likeCount": 0
        },
        {
            "reply_id": "UgwAchd9SdNb66IAUS54AaABAg",
            "reply_content": "\u9b54\u738b\u4e00\u5b9a\u8981\u8b1b\u5b8c\u5ee2\u8a71\u624d\u88ab\u5e79\u6389\uff0c\u6216\u88ab\u4e3b\u89d2\u5634\u9041\u8b8a\u597d",
            "likeCount": 0
        },
        {
            "reply_id": "Ugy6pTY9ngdzDcExaax4AaABAg",
            "reply_content": "\u516b\u9ede\u6a94\u6709\u61f7\u5b55\u7684\u4e00\u5b9a\u6703\u6d41\u7522",
            "likeCount": 1
        }
    ]
}