{
    "video_info": {
        "id": "PHmD51P1uAY",
        "channelTitle": "Onion Man",
        "title": "Onion Man | \u4ee5\u53f0\u5927\u70ba\u76ee\u6a19\uff01\u9ad8\u4e2d\u5347\u5927\u5b78\u7cfb\u5217\uff01 (\u4e00) \u9b3c\u4e4b\u6578\u8cc7\u73ed\u7684\u6d17\u79ae\u7bc7",
        "description": "\u6d0b\u8525NFT: https://opensea.io/collection/onion-meta-official\n\u6d0b\u8525NFT\u5b98\u7db2: https://www.onionmeta.club/\n\n\u3010\u8a02\u95b1\u3011\u53ca\u89c0\u770b\u6d0b\u8525\u66f4\u591a\u5f71\u7247: https://goo.gl/ijP3Eb\n\n\u5de5\u4f5c\u5408\u4f5c\uff1aonionmanwork@gmail.com\nOnion Man \u767e\u842c\u8ffd\u8e64\u7c89\u7d72\u5718:goo.gl/Z5CSvw\n\n\u6700\u65b0\u963f\u6587\u8cbc\u5716:https://reurl.cc/GxYjA\n\n\u7b2c\u4e00\u4ee3\u963f\u6587line\u8cbc\u5716:https://reurl.cc/Wroxx\n\n\u6d0b\u8525\u79c1\u751f\u6d3bIG:https://www.instagram.com/onionman__/\n\n\n\u904b\u52d5\u6f2b\u756b\u88e1\u7684\u4e2d\u4e8c\u8001\u6897\u5287\u60c5\n\u25ba\u7b2c\u4e00\u96c6:https://youtu.be/cMoV1rPH35k\n\u25ba\u7b2c\u4e8c\u96c6:https://youtu.be/iW7LM00lny0\n\u25ba\u7b2c\u4e09\u96c6:https://youtu.be/2G5wu61uCM0\n\u25ba\u7b2c\u56db\u96c6:https://youtu.be/-rP1abYv8n4\n\nOnion Man \u95dc\u9375\u5b57:\n\u4e2d\u4e8c \u80a5\u5b85 \u55ae\u8eab\u6f22 \u55ae\u8eab \u9b6f\u86c7 \u5c4c\u7d72 \u80a5\u5b85",
        "likeCount": "16279",
        "commentCount": "1887",
        "viewCount": "1142032"
    },
    "comments": [
        {
            "reply_id": "UgzN9Y9Ud_U0xL92vIh4AaABAg",
            "reply_content": "\u8acb\u554f\u6709\u4eba\u77e5\u9053\u5f8c\u4f86\u6d0b\u8525\u6709\u756b\u5169\u500b\u6708\u767c\u751f\u4e86\u4ec0\u9ebc\u4e8b\u55ce\uff1f",
            "likeCount": 1
        },
        {
            "reply_id": "UgzpWqiyLgkf_chgwrR4AaABAg",
            "reply_content": "\u6700\u5f8c\u9762\u5feb\u7b11\u6b7b",
            "likeCount": 1
        },
        {
            "reply_id": "UgxMpTYGsWb-GG22VJd4AaABAg",
            "reply_content": "\u7b2c\u4e94\u5fd7\u9858\u662f\u54ea\u9593",
            "likeCount": 0
        },
        {
            "reply_id": "Ugy-6NeuAe3RRH_2nv14AaABAg",
            "reply_content": "\u4e00\u4e0b\u5c0f\u8072\u4e00\u4e0b\u5927\u8072",
            "likeCount": 0
        },
        {
            "reply_id": "UgygonCX6EzxV6sx5CN4AaABAg",
            "reply_content": "\u5b78\u9577\u597d",
            "likeCount": 0
        },
        {
            "reply_id": "UgyPca4FTKAxv79vUVh4AaABAg",
            "reply_content": "\u6211\u807d\u5230\u5ee3\u6771\u8a71",
            "likeCount": 0
        },
        {
            "reply_id": "UgwYhbBB9cOkjCHP0Sp4AaABAg",
            "reply_content": "\u6211\u9ad8\u4e2d\u7684\u7d93\u6b77\u8ddf\u6d0b\u8525\u5e7e\u4e4e\u4e00\u6a21\u4e00\u6a23",
            "likeCount": 0
        },
        {
            "reply_id": "UgyTjo_3tQlm6itRYtV4AaABAg",
            "reply_content": "\u967d\u660e\u9ad8\u4e2d",
            "likeCount": 0
        },
        {
            "reply_id": "Ugy-vP4dUhJhAxrlroV4AaABAg",
            "reply_content": "\u96e3\u9053\u662f\u7576\u5e74\u5728\u6559\u5b98\u5ba4\u6b63\u5c0d\u9762\u7684\u4e94\u73ed\u55ce",
            "likeCount": 0
        },
        {
            "reply_id": "UgxRbt4UM-XxdhCt4tF4AaABAg",
            "reply_content": "\u524d\u5973\u53cb\u8a72\u4e0d\u6703\u5927\u76f4\u9ad8\u4e2d",
            "likeCount": 0
        },
        {
            "reply_id": "UgxLsaeImE4Osk9DbKZ4AaABAg",
            "reply_content": "\u8ddf\u5973\u53cb\u5730\u7344\u7684\u5169\u500b\u6708\u5c31\u662f\u6bcf\u5929\u88ab\u5438\u4e7e\uff0c\u4e00\u5b9a\u662f\u9019\u6a23",
            "likeCount": 0
        },
        {
            "reply_id": "UgyXvCOf0duiZC7_W594AaABAg",
            "reply_content": "\u9019\u7a2e\u5347\u964d\u6392\u73ed\u53ca\u5236\u5ea6\u771f\u7684\u662f\u73fe\u4ee3\u5b78\u751f\u7121\u6cd5\u9ad4\u6703\u7684",
            "likeCount": 0
        },
        {
            "reply_id": "Ugw_v4b98xXFCds_0L54AaABAg",
            "reply_content": "\u7576\u6211\u7591\u60d1\u6d0b\u8525\u600e\u9ebc\u6d88\u5931\u4e86\u7684\u6642\u5019 \u6211\u767c\u73fe\u539f\u4f86\u4ed6\u4e00\u76f4\u5728\u66f4\u7247 \u662f\u6211\u6c92\u8a02\u95b1\u4e14\u6f14\u7b97\u6cd5\u4e0d\u6253\u7b97\u63a8\u7d66\u6211",
            "likeCount": 0
        },
        {
            "reply_id": "UgxpWoaD6ZNQQZ4JSEF4AaABAg",
            "reply_content": "\u5176\u5be6\u8003\u4e0a\u7b2c\u4e94\u5fd7\u9858\u53ef\u80fd\u662f\u597d\u4e8b",
            "likeCount": 0
        },
        {
            "reply_id": "UgyqlyPFMcC6_Nf-WSd4AaABAg",
            "reply_content": "\u770b\u5916\u5957\u9019\u500b\u5973\u670b\u53cb\u662f\u4e2d\u58e2\u9ad8\u4e2d\u7684\u5427",
            "likeCount": 0
        },
        {
            "reply_id": "Ugw5Jhhq6lX1O14jhaR4AaABAg",
            "reply_content": "\u6211\u4e5f\u662f\u9ad8\u4e2d\u8fdb\u5165\u91cd\u70b9\u9ad8\u6821\u540e\u7a81\u7136\u5f00\u59cb\u89c9\u5f97\u667a\u5546\u4e0d\u591f\u7528\u50cf\u4e2a\u7b28\u86cb\uff0c\u603b\u662f\u57ab\u5e95\uff0c\u554a\u660e\u660e\u6ca1\u6709\u8c08\u604b\u7231\u5f88\u7528\u529f\u5728\u5ff5\u4e66\u54ce\uff01\u57ab\u5230\u540e\u6765\u8fd8\u6709\u4e86\u6211\u4e0d\u57ab\u5e95\u8c01\u57ab\u5e95\u603b\u6709\u4eba\u4f1a\u57ab\u5e95\u7684\u5927\u5f7b\u5927\u609f",
            "likeCount": 0
        },
        {
            "reply_id": "UgyK1kVilF29p26DwLZ4AaABAg",
            "reply_content": "\u6821\u82b1\u662f\u58e2\u4e2d\u7684\u54e6",
            "likeCount": 0
        },
        {
            "reply_id": "UgwjSBfXkjry78PfTkh4AaABAg",
            "reply_content": "\u5176\u5be6\u8003\u6578\u8cc7\u73ed\u7684\u984c\u76ee\u90fd\u6545\u610f\u51fa\u8d85\u96e3 \u8001\u5e2b\u53ea\u662f\u60f3\u770b\u4f60\u7684\u8a08\u7b97\u65b9\u6cd5\u548c\u5206\u6790\u80fd\u529b",
            "likeCount": 0
        },
        {
            "reply_id": "UgxdQSUJgnBN_RvndFt4AaABAg",
            "reply_content": "\u96dc\u9b5a\u90a3\u6bb5\u771f\u7684\u6709\u6413\u5230\u6211\u7684\u7b11\u9ede",
            "likeCount": 0
        },
        {
            "reply_id": "Ugza3DPZhWG8DaiyRs54AaABAg",
            "reply_content": "\u62bd\u62bd",
            "likeCount": 0
        },
        {
            "reply_id": "UgykZfRckY6MnHiMTpB4AaABAg",
            "reply_content": "\u90a3\u500b\u5225\u6821\u7684\u5236\u670d\u662f\u4e2d\u58e2\u9ad8\u4e2d\u7684\u5427\u54c8\u54c8\u54c8",
            "likeCount": 0
        },
        {
            "reply_id": "UgxeTEuBDfdCKVXQFmJ4AaABAg",
            "reply_content": "\u6d0b\u8525\u8acb\u554f\u4f60\u6709\u958b\u5c0f\u7d05\u66f8\u55ce",
            "likeCount": 0
        },
        {
            "reply_id": "UgyGmFXiXqsENp5ULbF4AaABAg",
            "reply_content": "\u4eba\u5e25\u771f\u597d",
            "likeCount": 0
        },
        {
            "reply_id": "UgwgKN7FI9x9pdS68cV4AaABAg",
            "reply_content": "\u6d0b\u8525\u5e25\u5e25\u7684",
            "likeCount": 0
        },
        {
            "reply_id": "UgywebvV0FFBGOPTL-l4AaABAg",
            "reply_content": "\u62bd",
            "likeCount": 0
        }
    ]
}