{
    "video_info": {
        "id": "ppTWOYyh6FY",
        "channelTitle": "Onion Man",
        "title": "Onion Man | \u6200\u611b\u5bb6\u6559\u6d0b\u8525\uff01\u8207\u65e5\u672c\u5973\u512a\u55ae\u7368\u7d04\u6703\uff01\u8d85\u751c\u80a2\u9ad4\u4e92\u52d5\uff01\u5922\u60f3\u6210\u771f\uff1f",
        "description": "\u9019\u662f\u4e00\u5834\u5b85\u7537\u7684\u7d42\u6975\u7d04\u6703\u8a66\u7149\uff0c\u5341\u5206\u7dca\u5f35 \u5341\u5206\u7dca\u5f35\n\n\u6d0b\u8525\u718a\u5927\u806f\u540d\u8cbc\u5716: https://line.me/S/sticker/23215702\n\n\u9999\u9999\u50b3\u9001\u9580\uff1ahttps://reurl.cc/65NNoO\n\u5c0f\u5bb5\u864e\u5357Youtube\u983b\u9053\uff1a @koyoikonan0402\n\n\u3010\u8a02\u95b1\u3011\u53ca\u89c0\u770b\u6d0b\u8525\u66f4\u591a\u5f71\u7247: https://goo.gl/ijP3Eb\n\n\u5de5\u4f5c\u5408\u4f5c\uff1aonionmanwork@gmail.com\nOnion Man \u767e\u842c\u8ffd\u8e64\u7c89\u7d72\u5718:goo.gl/Z5CSvw\n\n\u6700\u65b0\u963f\u6587\u8cbc\u5716:https://reurl.cc/GxYjA\n\n\u7b2c\u4e00\u4ee3\u963f\u6587line\u8cbc\u5716:https://reurl.cc/Wroxx\n\n\u6d0b\u8525\u79c1\u751f\u6d3bIG:https://www.instagram.com/onionman__/\n\n\n\u904b\u52d5\u6f2b\u756b\u88e1\u7684\u4e2d\u4e8c\u8001\u6897\u5287\u60c5\n\u25ba\u7b2c\u4e00\u96c6:https://youtu.be/cMoV1rPH35k\n\u25ba\u7b2c\u4e8c\u96c6:https://youtu.be/iW7LM00lny0\n\u25ba\u7b2c\u4e09\u96c6:https://youtu.be/2G5wu61uCM0\n\u25ba\u7b2c\u56db\u96c6:https://youtu.be/-rP1abYv8n4\n\nOnion Man \u95dc\u9375\u5b57:\n\u4e2d\u4e8c \u80a5\u5b85 \u55ae\u8eab\u6f22 \u55ae\u8eab \u9b6f\u86c7 \u5c4c\u7d72 \u80a5\u5b85",
        "likeCount": "4635",
        "commentCount": "646",
        "viewCount": "233431"
    },
    "comments": [
        {
            "reply_id": "Ugxn7HC-ZtGcuo0fb3V4AaABAg",
            "reply_content": "\u6240\u4ee5\u662f\u8003\u8a66\u9084\u662f\u653e\u798f\u5229",
            "likeCount": 1
        },
        {
            "reply_id": "UgxCy8MF9dS-VTf9t-t4AaABAg",
            "reply_content": "\u53cb\u7530\u5f69\u4e5f\u9999\u8ddf\u6ff1\u5d0e\u771f\u7dd2\u672c\u4eba\u89aa\u5207\u53c8\u5927\u65b9,\u4e4b\u524d\u6210\u4eba\u5c55\u6211\u9084\u6709\u8ddf\u5979\u5408\u7167\u904e,\u5c3e\u4e0a\u82e5\u8449\u8ddf\u4f50\u5009\u7d46\u8ddf\u53cb\u7530\u5f69\u4e5f\u9999\u9084\u6709\u4f86\u53f0\u7063\u53c3\u52a0\u651d\u5f71\u6703,\u6709\u4f86\u53f0\u7063\u4ee3\u8a00\u904e\u624b\u6a5f\u904a\u6232",
            "likeCount": 1
        },
        {
            "reply_id": "UgwGhsmWK2wnLWbpvk94AaABAg",
            "reply_content": "\u592a\u731b\u4e86\u6d0b\u8525\u5982\u679c\u662f\u6211\u7684\u8a71\u6211\u6703\u76f4\u63a5\u77f3\u5316\u6211\u8ddf\u5973\u751f\u5c0d\u8996\u90fd\u6709\u554f\u984c\u66f4\u4f55\u6cc1\u662f\u804a\u5929",
            "likeCount": 1
        },
        {
            "reply_id": "Ugw30jiqwo44-GMCVmp4AaABAg",
            "reply_content": "\u770b\u4f86\u5973\u512a\u662f\u500b\u72e0\u4eba",
            "likeCount": 0
        },
        {
            "reply_id": "Ugw4XlKZzhsvmpyWxup4AaABAg",
            "reply_content": "\u6d0b\u8525\u5c37\u5c2c\u4e00\u9ede\u4e5f\u6c92\u95dc\u4fc2\uff0c\u7562\u7adf\u65e5\u672c\u4eba\u7684\u793e\u4ea4\u80fd\u529b\u90fd\u9ede\u7684\u6eff\u9ad8\u7684\uff0c\u8b1b\u8a71\u4e0d\u8981\u592a\u81ea\u5927\u5c0d\u65b9\u90fd\u80fd\u5f88\u81ea\u7136\u7684\u9806\u8457\u8a71\u63a5\u4e0b\u53bb",
            "likeCount": 0
        },
        {
            "reply_id": "Ugx6JD5whnzuhfQqNut4AaABAg",
            "reply_content": "\u4e00\u5806\u4eba\u9762\u524d\u7d04\u6703\u4e92\u52d5\u58d3\u529b\u8d85\u7d1a\u5927\u7684\u54c8\u54c8\u54c8",
            "likeCount": 0
        },
        {
            "reply_id": "UgyX4WFYezQExmyn2JF4AaABAg",
            "reply_content": "\u7d50\u5df4\u8d85\u597d\u7b11",
            "likeCount": 0
        },
        {
            "reply_id": "UgwtaZWDJb2MRVNMZTx4AaABAg",
            "reply_content": "\u652f\u6301",
            "likeCount": 0
        },
        {
            "reply_id": "UgyH7h6nkYN3dDAIxFl4AaABAg",
            "reply_content": "\u771f\u662f\u88ab\u4f60\u7b11\u6b7b",
            "likeCount": 0
        },
        {
            "reply_id": "Ugy8iy_SfbbXujmdz814AaABAg",
            "reply_content": "\u5e2b\u5085\u90a3\u908a\u662f\u5b78\u7375\u4eba\u55ce",
            "likeCount": 0
        },
        {
            "reply_id": "UgwMcYnpyTKnOSFnY3x4AaABAg",
            "reply_content": "\u6211\u542c\u4e86\u90fd\u5c34\u5230\u62a0\u811a\u8dbe",
            "likeCount": 0
        },
        {
            "reply_id": "UgwWQY4fbWdVKr2aDHl4AaABAg",
            "reply_content": "\u597d\u5c2c",
            "likeCount": 0
        },
        {
            "reply_id": "Ugw5og6vGNE3QLMw-154AaABAg",
            "reply_content": "\u9694\u8457\u5c4f\u5e55\u90fd\u89ba\u5f97\u5c37\u5c2c",
            "likeCount": 0
        },
        {
            "reply_id": "UgwVRaFclSP2J-VSLMB4AaABAg",
            "reply_content": "\u72e0\u89d2\u8272",
            "likeCount": 0
        },
        {
            "reply_id": "UgwfwezS_oWW5QJaGvV4AaABAg",
            "reply_content": "\u4e3a\u5565\u64ad\u653e\u91cf\u8fd9\u4e48\u60e8",
            "likeCount": 0
        },
        {
            "reply_id": "Ugy3myqzq85leHGnmYB4AaABAg",
            "reply_content": "\u62bd\u6211",
            "likeCount": 0
        },
        {
            "reply_id": "UgzMZPkXPuLc54wHG8F4AaABAg",
            "reply_content": "\u62bd",
            "likeCount": 0
        },
        {
            "reply_id": "UgwBGvEaj6qam6e-41V4AaABAg",
            "reply_content": "\u62bd",
            "likeCount": 0
        },
        {
            "reply_id": "UgxNZfAAmgrDcZBLe-d4AaABAg",
            "reply_content": "\u9019\u6211",
            "likeCount": 0
        },
        {
            "reply_id": "UgwLy6apdZve_XZS0tB4AaABAg",
            "reply_content": "\u679c\u7136\u662f\u72e0\u89d2\u8272",
            "likeCount": 0
        },
        {
            "reply_id": "UgxQ9UT9C7uXBoNj0u94AaABAg",
            "reply_content": "\u6d0b\u8525\u81ea\u80a5",
            "likeCount": 0
        },
        {
            "reply_id": "UgxmQacZaVTV9w9RzDx4AaABAg",
            "reply_content": "\u54e6\u54e6\u54e6\u54e6\u54e6\u662f\u864e\u5357\u8ddf\u73b2\u5922",
            "likeCount": 0
        },
        {
            "reply_id": "UgxuK6LFX_7Ml6UZE8d4AaABAg",
            "reply_content": "\u7b11\u6b7b",
            "likeCount": 0
        },
        {
            "reply_id": "UgxYa_RsbH7ZLGTniSx4AaABAg",
            "reply_content": "\u679c\u7136\u53bb\u8525\u54e5\u662f\u500b\u72e0\u89d2\u8272",
            "likeCount": 0
        },
        {
            "reply_id": "Ugygr6PTWRALKUmo2e14AaABAg",
            "reply_content": "\u5b8c\u5168\u81ea\u80a5\u7684\u4f01\u5283",
            "likeCount": 2
        }
    ]
}