{
    "video_info": {
        "id": "pSzfkL-x9EA",
        "channelTitle": "Onion Man",
        "title": "Onion Man | \u4f60\u770b\u9019\u5f71\u7247\u8d85\u597d\u7b11\u7684  ft. @chillseph",
        "description": "\u771f\u7684\u5f88\u597d\u770b\u62dc\u8a17\u8a8d\u771f\u770b\u5b8c\n\n\u745f\u592b\u539f\u5f71\u7247\uff1a\n\u85a9\u6cf0\u723e\u5a1b\u6a02\u63d0\u4f9b\u6388\u6b0a\n\u539f\u7247\u7db2\u5740\uff1ahttps://reurl.cc/95azMv\n\n\u3010\u8a02\u95b1\u3011\u53ca\u89c0\u770b\u6d0b\u8525\u66f4\u591a\u5f71\u7247: https://goo.gl/ijP3Eb\n\n\u5de5\u4f5c\u5408\u4f5c\uff1aonionmanwork@gmail.com\nOnion Man \u767e\u842c\u8ffd\u8e64\u7c89\u7d72\u5718:goo.gl/Z5CSvw\n\n\u6700\u65b0\u963f\u6587\u8cbc\u5716:https://reurl.cc/GxYjA\n\n\u7b2c\u4e00\u4ee3\u963f\u6587line\u8cbc\u5716:https://reurl.cc/Wroxx\n\n\u6d0b\u8525\u79c1\u751f\u6d3bIG:https://www.instagram.com/onionman__/\n\n\n\u904b\u52d5\u6f2b\u756b\u88e1\u7684\u4e2d\u4e8c\u8001\u6897\u5287\u60c5\n\u25ba\u7b2c\u4e00\u96c6:https://youtu.be/cMoV1rPH35k\n\u25ba\u7b2c\u4e8c\u96c6:https://youtu.be/iW7LM00lny0\n\u25ba\u7b2c\u4e09\u96c6:https://youtu.be/2G5wu61uCM0\n\u25ba\u7b2c\u56db\u96c6:https://youtu.be/-rP1abYv8n4\n\nOnion Man \u95dc\u9375\u5b57:\n\u4e2d\u4e8c \u80a5\u5b85 \u55ae\u8eab\u6f22 \u55ae\u8eab \u9b6f\u86c7 \u5c4c\u7d72 \u80a5\u5b85",
        "likeCount": "10656",
        "commentCount": "941",
        "viewCount": "440929"
    },
    "comments": [
        {
            "reply_id": "UgzNn7A1Oq2n352wTm54AaABAg",
            "reply_content": "\u4e0d\u77e5\u9053\u70ba\u4ec0\u9ebc\u7e3d\u662f\u4e00\u500b\u4eba\u7684\u6642\u5019\u770b\u6700\u597d\u770b",
            "likeCount": 2
        },
        {
            "reply_id": "Ugx_ik1Gq3u3r8vOdjd4AaABAg",
            "reply_content": "\u4f60\u7b11\u9ede\u5f88\u4f4e",
            "likeCount": 1
        },
        {
            "reply_id": "UgwEyQtQ5VsMd04wYnh4AaABAg",
            "reply_content": "\u6709\u4e9b\u6771\u897f\u771f\u7684\u662f\u81ea\u5df1\u4e00\u500b\u4eba\u770b\u624d\u6703\u89ba\u5f97\u6bd4\u8f03\u597d\u7b11",
            "likeCount": 1
        },
        {
            "reply_id": "UgwiO66etkfl2NxiHhd4AaABAg",
            "reply_content": "\u55ac\u745f\u592b\u771f\u7684\u4e0d\u597d\u7b11",
            "likeCount": 0
        },
        {
            "reply_id": "UgybXcUs5LloQl9y6qB4AaABAg",
            "reply_content": "\u6d0b\u8525\u6c57\u6d41\u7684\u5f88\u5c2c",
            "likeCount": 0
        },
        {
            "reply_id": "UgwB310aF2ANkMRM6bF4AaABAg",
            "reply_content": "\u73cd\u5976\u90a3\u7bc7\u6bd4\u8f03\u597d\u7b11",
            "likeCount": 0
        },
        {
            "reply_id": "Ugw6Tg10lYkRts7rgKp4AaABAg",
            "reply_content": "\u540c\u611f\u540c\u611f",
            "likeCount": 0
        },
        {
            "reply_id": "UgyNXltbdvRN1BmDYR54AaABAg",
            "reply_content": "\u770b\u5230\u52a9\u7406\u4e0d\u7981\u53c8\u60b2\u50b7\u8d77\u4f86\u4e86",
            "likeCount": 0
        },
        {
            "reply_id": "UgxiKRU3QxZ4TvdyvlN4AaABAg",
            "reply_content": "\u6211\u90fd\u6703\u79ae\u8c8c\u6027\u7684\u7b11\u4e00\u4e0b",
            "likeCount": 0
        },
        {
            "reply_id": "UgwKZ1FxNBFDGGjjN9B4AaABAg",
            "reply_content": "\u9019\u662f\u5728\u653b\u7565\u5403\u4eba\u6cbc\u6fa4\u55ce",
            "likeCount": 0
        },
        {
            "reply_id": "UgyDHHgkogB-4Scrr_14AaABAg",
            "reply_content": "\u96d9\u91cd\u696d\u914d\u55ce",
            "likeCount": 0
        },
        {
            "reply_id": "UgxNJsj7wOLMgMDdO-R4AaABAg",
            "reply_content": "\u96fb\u6ce2\u5c0d\u4e0d\u4e0a",
            "likeCount": 0
        },
        {
            "reply_id": "Ugw6zvCK9x6dIoJDO5B4AaABAg",
            "reply_content": "\u6211\u61c2",
            "likeCount": 0
        },
        {
            "reply_id": "Ugywsh1nqUqalJOpiYh4AaABAg",
            "reply_content": "\u963f\u6587\u4e0d\u8b58\u8ca8",
            "likeCount": 0
        },
        {
            "reply_id": "UgzL_W9_Fr0Vp6EPTa54AaABAg",
            "reply_content": "\u4e0d\u597d\u7b11",
            "likeCount": 0
        },
        {
            "reply_id": "UgxIy2UVZ_FpJLdfQBp4AaABAg",
            "reply_content": "\u5e94\u8be5\u8981\u63a8\u8d3a\u9f99\u6bd4\u8f83\u597d\u5427",
            "likeCount": 0
        },
        {
            "reply_id": "UgyytE-Smwm0Nhk6bJ54AaABAg",
            "reply_content": "\u539f\u4f86\u6211\u5011\u90fd\u662f\u540c\u8def\u4eba \u54c8\u54c8\u54c8\u54c8\u54c8\u54c8\u54c8\u54c8\u54c8\u54c8\u54c8",
            "likeCount": 0
        },
        {
            "reply_id": "UgwG-qbztRO1fEu0Z6J4AaABAg",
            "reply_content": "\u6b38\u6ce2\u6ce2",
            "likeCount": 0
        },
        {
            "reply_id": "UgzPsVvF4pFAOAV52554AaABAg",
            "reply_content": "\u7b80\u76f4\u4e0d\u8981\u592a\u771f\u5b9e",
            "likeCount": 0
        },
        {
            "reply_id": "Ugxef8sYK-agrbX_-sl4AaABAg",
            "reply_content": "\u8acb\u554f\u62ff\u4e86\u9019\u5f71\u7247\u7d66\u670b\u53cb\u770b\uff0c\u7d50\u679c\u4e0b\u5834\u8ddf\u5f71\u7247\u7d50\u5c40\u4e00\u6a23\u600e\u8fa6",
            "likeCount": 0
        },
        {
            "reply_id": "UgyqbYrnw3ZHUL0MzjF4AaABAg",
            "reply_content": "\u6709\u4e9b\u5f71\u7247\u6216\u97f3\u6a02\u5c31\u53ea\u9069\u5408\u4e00\u500b\u4eba\u770b\u6216\u807d\uff0c\u786c\u8981\u5206\u4eab\u6216\u64ad\u51fa\u4f86\u7684\u8a71\u53cd\u800c\u6703\u5931\u53bb\u6548\u679c\u6216\u90a3\u7a2e\u611f\u89ba",
            "likeCount": 0
        },
        {
            "reply_id": "Ugy1W1WFySSor19J2d54AaABAg",
            "reply_content": "\u52a9\u7406\u53ef\u611b",
            "likeCount": 0
        },
        {
            "reply_id": "UgwE2s0uwE0ZpWX9owd4AaABAg",
            "reply_content": "\u4e00\u5b9a\u662f\u9078\u932f\u5f71\u7247 \u6211\u63a8\u5751\u5973\u53cb\u662f\u7528\u6574\u52a9\u7406\u90a3\u652f",
            "likeCount": 0
        },
        {
            "reply_id": "UgxNIk-ANe6N7QudA8p4AaABAg",
            "reply_content": "\u6211\u89ba\u5f97\u6d0b\u8525\u6bd4\u8f03\u597d\u7b11\u8036",
            "likeCount": 0
        },
        {
            "reply_id": "UgzgR-hCBLwLlZSwPwl4AaABAg",
            "reply_content": "\u5176\u5be6\u771f\u7684\u4e0d\u7528\u786c\u63a8\u5751\u5566",
            "likeCount": 0
        }
    ]
}