{
    "video_info": {
        "id": "q2SiVh4m-OY",
        "channelTitle": "Onion Man",
        "title": "Onion Man | \u5a01\u529b\u5927\u5230\u80fd\u6bba\u4eba\u7684\u73a9\u5177\u5f48\u73e0\u8d85\u4eba\uff01 \u8d85\u552c\u721b\u7ae5\u5e74\u52d5\u756b\uff5c \u771f\u5be6\u6545\u4e8b\u7bc7",
        "description": "\u5f48\u73e0\u8d85\u4eba\u56de\u61b6\u7bc7\uff0c\u52d5\u756b\u8d85\u8c6a\u5c0f...\n\n\u611f\u8b1d\u4e7e\u7239\uff1a\n\u3010 Grover \u9280\u96e2\u5b50\u6a5f\u80fd\u6c99\u767c \u3011- \u6297\u83cc\u597d\u5b89\u5fc3\n\nGAGU\u7368\u5bb6\u675c\u90a6\u9280\u96e2\u5b50\u6297\u83cc\u5e03\uff0c\u6297\u83cc\u9632\u81ed\uff0c\u8212\u9069\u80cc\u6795\u3001\u982d\u9760\uff0c\u642d\u914d\u524d\u5f8c\u79fb\u52d5\u5169\u6bb5\u5f0f\u4e94\u91d1\uff0c\u8b93\u4f60\u5750\u81e5\u90fd\u653e\u5fc3\uff01\nGAGU\u9084\u6709\u591a\u6b3e\u6c99\u767c\uff0c\u5c3a\u5bf8\u3001\u984f\u8272\u3001\u5e03\u6599\u90fd\u53ef\u4ee5\u5ba2\u88fd\uff0c\u6240\u6709\u9700\u6c42\u4e00\u6b21\u6eff\u8db3\u5594\uff01\n\n4\u6708\u5e95\u524d \u79c1\u8a0aGAGU FB\u300e # \u6211\u8981\u8ddf\u6d0b\u8525\u4e00\u8d77\u4f7f\u58de \u300f\n\u5c31\u9001$1000\u5143\u8cfc\u7269\u91d1\uff01\u6d88\u8cbb\u6eff\u984d\u518d\u9001\u76ae\u9769\u8cea\u611f\u79ae\u76d2\u6216\u5317\u6b50\u98a8\u62b1\u6795\uff01\n\nGAGU FB\ud83d\udc49\ud83c\udffbhttps://m.me/gagu.life\n\u9280\u96e2\u5b50\u6c99\u767c\u50b3\u9001\u9580\ud83d\udc49\ud83c\udffbhttps://reurl.cc/jlW4a2\n\n\u3010\u8a02\u95b1\u3011\u53ca\u89c0\u770b\u6d0b\u8525\u66f4\u591a\u5f71\u7247: https://goo.gl/ijP3Eb\n\n\u5de5\u4f5c\u5408\u4f5c\uff1aonionmanwork@gmail.com\nOnion Man \u767e\u842c\u8ffd\u8e64\u7c89\u7d72\u5718:goo.gl/Z5CSvw\n\n\u6700\u65b0\u963f\u6587\u8cbc\u5716:https://reurl.cc/GxYjA\n\n\u7b2c\u4e00\u4ee3\u963f\u6587line\u8cbc\u5716:https://reurl.cc/Wroxx\n\n\u6d0b\u8525\u79c1\u751f\u6d3bIG:https://www.instagram.com/onionman__/\n\n\n\u904b\u52d5\u6f2b\u756b\u88e1\u7684\u4e2d\u4e8c\u8001\u6897\u5287\u60c5\n\u25ba\u7b2c\u4e00\u96c6:https://youtu.be/cMoV1rPH35k\n\u25ba\u7b2c\u4e8c\u96c6:https://youtu.be/iW7LM00lny0\n\u25ba\u7b2c\u4e09\u96c6:https://youtu.be/2G5wu61uCM0\n\u25ba\u7b2c\u56db\u96c6:https://youtu.be/-rP1abYv8n4\n\nOnion Man \u95dc\u9375\u5b57:\n\u4e2d\u4e8c \u80a5\u5b85 \u55ae\u8eab\u6f22 \u55ae\u8eab \u9b6f\u86c7 \u5c4c\u7d72 \u80a5\u5b85",
        "likeCount": "7591",
        "commentCount": "3003",
        "viewCount": "506826"
    },
    "comments": [
        {
            "reply_id": "Ugx7xPlWiyfMu3Ik__h4AaABAg",
            "reply_content": "\u6d0b\u8525\u53ef\u4ee5\u62cd\u74f6\u84cb\u4eba\u55ce",
            "likeCount": 1
        },
        {
            "reply_id": "UgzZDUvxepf087SyyTZ4AaABAg",
            "reply_content": "\u54c8\u54c8\u54c8\u54c8\u54c8\u54c8\u54c8\u54c8\u54c8",
            "likeCount": 0
        },
        {
            "reply_id": "UgzUlSOJEzDnb0QLxvN4AaABAg",
            "reply_content": "\u91d1\u54c8\u54c8\u54c8",
            "likeCount": 0
        },
        {
            "reply_id": "UgzD1hX2-lmWxjz_9xF4AaABAg",
            "reply_content": "\u4e00\u5b9a\u8981\u770b\u6230\u9b25\u9640\u87ba",
            "likeCount": 0
        },
        {
            "reply_id": "UgyeVN2QQPVhfOE922t4AaABAg",
            "reply_content": "\u611f\u89ba\u8207\u5176\u8aaa\u60f3\u73a9\u904a\u6232\u9084\u4e0d\u5982\u8aaa\u6bd4\u8f03\u65b0\u6bd4\u8f03\u5f37\u7531\u65bc\u4ee5\u524d\u6c92\u6709\u9019\u6a23\u540c\u597d\u6240\u4ee5\u7121\u6cd5\u9ad4\u6703",
            "likeCount": 0
        },
        {
            "reply_id": "UgwTOcc19YTJf7cfIG94AaABAg",
            "reply_content": "\u6f2b\u756b\u8d85\u597d\u770b",
            "likeCount": 0
        },
        {
            "reply_id": "UgyJYw23tw1XotJADLZ4AaABAg",
            "reply_content": "\u6211\u5c0f\u6642\u5019\u4e5f\u6709\u8cb7\u5f88\u591a",
            "likeCount": 0
        },
        {
            "reply_id": "UgxQrrNLgbgMJLJYfSh4AaABAg",
            "reply_content": "\u5dee\u4e0d\u591a\u4e0b\u4e0b\u96c6\u5c31\u662f\u904a\u6232\u738b\u4e86",
            "likeCount": 0
        },
        {
            "reply_id": "UgyfZ1B2Th0BXSv7UTt4AaABAg",
            "reply_content": "\u4f86\u66b4\u8d70\u5144\u5f1f",
            "likeCount": 0
        },
        {
            "reply_id": "UgyAqeaSUcJlhy6L8sZ4AaABAg",
            "reply_content": "\u597d\u6703\u73a9\u771f\u597d",
            "likeCount": 0
        },
        {
            "reply_id": "UgyfgLqVjgiHTmD9z514AaABAg",
            "reply_content": "\u6211\u8a18\u5f97\u5f48\u73e0\u8d85\u4eba\u4e4b\u5f8c\u662f\u6230\u9b25\u9640\u87ba",
            "likeCount": 0
        },
        {
            "reply_id": "UgwN7NxBArl1wHgycPV4AaABAg",
            "reply_content": "\u6539\u904e\u7684\u7368\u89d2\u7378\u662f\u7576\u5e74\u7684\u6bba\u4eba\u6b66\u5668\u963f",
            "likeCount": 0
        },
        {
            "reply_id": "UgyTHkzPm0OQdgRv3tR4AaABAg",
            "reply_content": "\u70ba\u4ec0\u9ebc\u611f\u89ba\u6d0b\u8525\u4ed6\u5011\u7684\u5f48\u73e0\u4eba\u8ddf\u6211\u73a9\u904e\u7684\u5f48\u73e0\u4eba\u6709\u9ede\u4e0d\u592a\u4e00\u6a23",
            "likeCount": 0
        },
        {
            "reply_id": "UgwNGj7kGuNgG_EImK14AaABAg",
            "reply_content": "\u62bd\u62bd",
            "likeCount": 0
        },
        {
            "reply_id": "Ugyegm-WGcPBoO5-U394AaABAg",
            "reply_content": "\u8d85\u61f7\u5ff5",
            "likeCount": 0
        },
        {
            "reply_id": "Ugy5Q5hK1Lqt55BR7dJ4AaABAg",
            "reply_content": "\u8d8a\u5357\u7684\u7c89\u4e1d\u6709\u673a\u4f1a\u62bd\u5417\uff1f\u5c0f\u65f6\u5019\u4e5f\u5f88\u559c\u6b22\u5f39\u73e0\u8d85\u4eba",
            "likeCount": 0
        },
        {
            "reply_id": "UgwtZO584TpsvHKBD1h4AaABAg",
            "reply_content": "\u6211\u8981",
            "likeCount": 0
        },
        {
            "reply_id": "UgxFV0zaHOmY33BtRvd4AaABAg",
            "reply_content": "\u8d85\u559c\u6b61\u9019\u7a2e\u56de\u61b6\u7cfb\u5217",
            "likeCount": 0
        },
        {
            "reply_id": "Ugy4HRlFbzzN7xLa7ql4AaABAg",
            "reply_content": "\u592a\u597d\u770b\u4e86\u800c\u4e14\u611f\u89ba\u5c0f\u6642\u5019\u7684\u6d0b\u8525\u597d\u53ef\u611b",
            "likeCount": 0
        },
        {
            "reply_id": "Ugwq_skHSdnKrQ3Bt-Z4AaABAg",
            "reply_content": "\u4ee5\u524d\u7684\u6230\u9b25\u9640\u87ba\u8ddf\u5f48\u73e0\u8d85\u4eba\u6211\u90fd\u6539\u88dd\u5230\u771f\u7684\u53ef\u4ee5\u898b\u8840\ud83d\ude02",
            "likeCount": 0
        },
        {
            "reply_id": "UgzoDVMYmoRzMztviNZ4AaABAg",
            "reply_content": "\u90a3\u96bb\u8d85\u7121\u6575\u9cf3\u51f0\u865f\u7684\u5f48\u901f \u6253\u5230\u4eba\u662f\u771f\u7684\u6703\u53d7\u50b7",
            "likeCount": 0
        },
        {
            "reply_id": "UgyAWRTnABev74nC30R4AaABAg",
            "reply_content": "\u723a\u9752\u56de",
            "likeCount": 0
        },
        {
            "reply_id": "UgxJSGXaD7OxRdQMq8F4AaABAg",
            "reply_content": "\u62bd",
            "likeCount": 0
        },
        {
            "reply_id": "UgzUXbaJx3rBA7aJHOx4AaABAg",
            "reply_content": "\u5f71\u7247\u4e2d\u6709\u96bb\u7d2b\u8272\u7684\u624b\u69cd\u578b\u5f48\u73e0\u4eba\u9084\u883b\u5f37\u7684",
            "likeCount": 0
        },
        {
            "reply_id": "Ugw1XmU-A4Zjnwy19yB4AaABAg",
            "reply_content": "\u60f3\u8981",
            "likeCount": 0
        }
    ]
}