{
    "video_info": {
        "id": "q7m2MJGCqOI",
        "channelTitle": "Onion Man",
        "title": "Onion Man | \u97cb\u79ae\u5b89-\u5982\u679c\u53ef\u4ee5  \u76e1\u91cf\u88dc\u8cbc\u88fd\u4f5c\u8cbb\u4e4b\u9ad8\u97f3\u8cea\u7d14\u4eab\u7248",
        "description": "\u5582~\u8d85\u5641\u5fc3\u7684\u5566\n\n\u3010\u8a02\u95b1\u3011\u53ca\u89c0\u770b\u6d0b\u8525\u66f4\u591a\u5f71\u7247: https://goo.gl/ijP3Eb\n\n\u5de5\u4f5c\u5408\u4f5c\uff1aonionmanwork@gmail.com\nOnion Man \u767e\u842c\u8ffd\u8e64\u7c89\u7d72\u5718:goo.gl/Z5CSvw\n\n\u6700\u65b0\u963f\u6587\u8cbc\u5716:https://reurl.cc/GxYjA\n\n\u7b2c\u4e00\u4ee3\u963f\u6587line\u8cbc\u5716:https://reurl.cc/Wroxx\n\n\u6d0b\u8525\u79c1\u751f\u6d3bIG:https://www.instagram.com/onionman__/\n\n\n\u904b\u52d5\u6f2b\u756b\u88e1\u7684\u4e2d\u4e8c\u8001\u6897\u5287\u60c5\n\u25ba\u7b2c\u4e00\u96c6:https://youtu.be/cMoV1rPH35k\n\u25ba\u7b2c\u4e8c\u96c6:https://youtu.be/iW7LM00lny0\n\u25ba\u7b2c\u4e09\u96c6:https://youtu.be/2G5wu61uCM0\n\u25ba\u7b2c\u56db\u96c6:https://youtu.be/-rP1abYv8n4\n\nOnion Man \u95dc\u9375\u5b57:\n\u4e2d\u4e8c \u80a5\u5b85 \u55ae\u8eab\u6f22 \u55ae\u8eab \u9b6f\u86c7 \u5c4c\u7d72 \u80a5\u5b85\n\n\u97cb\u79ae\u5b89 WeiBird\u300a\u5982\u679c\u53ef\u4ee5 Red Scarf\u300bMV - \u96fb\u5f71\u300c\u6708\u8001\u300d\u4e3b\u984c\u66f2\u5c0e\u6f14\u89aa\u526a\u97f3\u6a02\u8996\u89d2\u7248",
        "likeCount": "14126",
        "commentCount": "694",
        "viewCount": "733224"
    },
    "comments": [
        {
            "reply_id": "Ugx7JSp6q_f4T2kqFGJ4AaABAg",
            "reply_content": "\u6211\u767c\u73fe\u6709\u4e9b\u660e\u661f\u5531\u6b4c\u90fd\u6c92\u4f60\u597d\u807d\u9912",
            "likeCount": 3
        },
        {
            "reply_id": "UgyRDSUIPLE9jf3W7AZ4AaABAg",
            "reply_content": "\u963f\u6cc9\u600e\u9ebc\u7a7f\u88d9\u5b50",
            "likeCount": 1
        },
        {
            "reply_id": "UgwcCJLNQDV2O6FBDhZ4AaABAg",
            "reply_content": "\u6d0b\u8525\u597d\u8b9a",
            "likeCount": 1
        },
        {
            "reply_id": "Ugx5uPwYuxr2kPUEqPh4AaABAg",
            "reply_content": "\u56e0\u70ba\u9019\u9996\u6b4c\u6211\u6c7a\u5b9a\u8a02\u95b1\u6309\u8b9a\u5206\u4eab",
            "likeCount": 1
        },
        {
            "reply_id": "UgytLsTDcdJ_WIz2FA14AaABAg",
            "reply_content": "\u8b93\u4ed6\u751f",
            "likeCount": 0
        },
        {
            "reply_id": "Ugzq3OnDX0KsVA9ISVJ4AaABAg",
            "reply_content": "\u6211\u4e5f\u5531\u5f97\u5f88\u597d",
            "likeCount": 0
        },
        {
            "reply_id": "UgxgkQs4SdS6i_yHlDF4AaABAg",
            "reply_content": "\u597d\u597d\u807d\u554a",
            "likeCount": 0
        },
        {
            "reply_id": "Ugyp56LY3yOL_h5JDcF4AaABAg",
            "reply_content": "\u97cb\u79ae\u5b89",
            "likeCount": 0
        },
        {
            "reply_id": "Ugz39rWe2unNWzovz8J4AaABAg",
            "reply_content": "\u8d85\u7d1a\u597d\u807d",
            "likeCount": 0
        },
        {
            "reply_id": "Ugw8KTB5vTWLi_KdMSB4AaABAg",
            "reply_content": "\u7fa8\u6155\u6703\u5531\u6b4c",
            "likeCount": 0
        },
        {
            "reply_id": "UgyUo1BsSynzLjTN-px4AaABAg",
            "reply_content": "\u975e\u5e38\u597d\u807d\u7684\u7d20\u4eba\u6b4c\u8072\uff0c\u6bd4\u4e00\u822c\u6703\u5531\u7684\u666e\u901a\u4eba\u8010\u807d",
            "likeCount": 0
        },
        {
            "reply_id": "UgxTVOrRONQr0mpMcAZ4AaABAg",
            "reply_content": "\u6211\u4e5f\u611f\u5192\u4e86\u54c8\u54c8\u54c8",
            "likeCount": 0
        },
        {
            "reply_id": "Ugx1UPXyUzo2hjfWVSR4AaABAg",
            "reply_content": "\u9019\u8072\u97f3\u6211\u611b\u4e86",
            "likeCount": 0
        },
        {
            "reply_id": "Ugwcow1hAeDMOPI_GmJ4AaABAg",
            "reply_content": "\u70ba\u4ec0\u9ebc\u6211\u8166\u888b\u90fd\u662f\u963f\u6587 \u908a\u6d17\u6fa1\u908a\u5531\u6b4c\u7684\u6a23\u5b50",
            "likeCount": 0
        },
        {
            "reply_id": "Ugwh7FaqhArf448Qlol4AaABAg",
            "reply_content": "\u771f\u6ef4\u597d\u542c",
            "likeCount": 0
        },
        {
            "reply_id": "Ugx9aGU4mobTPB8etBx4AaABAg",
            "reply_content": "\u611b\u7206",
            "likeCount": 0
        },
        {
            "reply_id": "Ugy408th5nRvZeJOKAN4AaABAg",
            "reply_content": "\u54c8\u54c8",
            "likeCount": 0
        },
        {
            "reply_id": "UgzyVT_4lmWuPtQXQeh4AaABAg",
            "reply_content": "\u61a8\u5b89\u61a8\u61a8\u61a8\u61a8\u61a8\u61a8\u61a8\u61a8\u61a8\u61a8\u66f8",
            "likeCount": 0
        },
        {
            "reply_id": "UgxwDmPyWg2rfbZM4gt4AaABAg",
            "reply_content": "\u611b\u6b7b\u4e86",
            "likeCount": 0
        },
        {
            "reply_id": "UgxZQI7ihQM2zZ6L8vx4AaABAg",
            "reply_content": "\u6d0b\u8525\u5531\u5f97\u5f88\u597d\u807d\u6b38",
            "likeCount": 0
        },
        {
            "reply_id": "UgzvFIR1tDWmv2tdT6B4AaABAg",
            "reply_content": "\u53f2\u4e0a\u6700\u5f37\u80a5\u5b85",
            "likeCount": 0
        },
        {
            "reply_id": "UgwPmuxSYhzYT6S_W-B4AaABAg",
            "reply_content": "\u597d\u807d",
            "likeCount": 0
        },
        {
            "reply_id": "Ugwt4jHQQQkpRdho1VV4AaABAg",
            "reply_content": "\u597d\u807d",
            "likeCount": 0
        },
        {
            "reply_id": "UgxBsRLwVCK-SQU5h9V4AaABAg",
            "reply_content": "\u5c0f\u5f35\u4fe1\u54f2",
            "likeCount": 0
        },
        {
            "reply_id": "UgxWD_7OLsudVRMfwyd4AaABAg",
            "reply_content": "\u6bd4\u674e\u5049\u5b89\u597d\u807d",
            "likeCount": 0
        }
    ]
}