{
    "video_info": {
        "id": "RDGzSL7aCDY",
        "channelTitle": "Onion Man",
        "title": "Onion Man | \u9577\u7684\u919c\u6709\u7f6a\u55ce?? \u5c07\u4e16\u4e0a\u7684\u842c\u4eba\u8ff7\u5168\u6d88\u6ec5\uff01\u5275\u9020\u4e00\u500b\u516c\u5e73\u7684\u793e\u6703\uff01\uff01",
        "description": "\u5f48\u6307\u8b93\u4e16\u4e0a\u7684\u5e25\u54e5\u7f8e\u5973\u6d88\u5931\uff0c\u8b8a\u6210\u4e00\u500b\u6c92\u6709\u5927\u5c0f\u773c\u7684\u4e16\u754c!!\n\n\u3010\u8a02\u95b1\u3011\u53ca\u89c0\u770b\u6d0b\u8525\u66f4\u591a\u5f71\u7247: https://goo.gl/ijP3Eb\n\n\u5de5\u4f5c\u5408\u4f5c\uff1aonionmanwork@gmail.com\nOnion Man \u767e\u842c\u8ffd\u8e64\u7c89\u7d72\u5718:goo.gl/Z5CSvw\n\n\u6700\u65b0\u963f\u6587\u8cbc\u5716:https://reurl.cc/GxYjA\n\n\u7b2c\u4e00\u4ee3\u963f\u6587line\u8cbc\u5716:https://reurl.cc/Wroxx\n\n\u6d0b\u8525\u79c1\u751f\u6d3bIG:https://www.instagram.com/onionman__/\n\n\n\u904b\u52d5\u6f2b\u756b\u88e1\u7684\u4e2d\u4e8c\u8001\u6897\u5287\u60c5\n\u25ba\u7b2c\u4e00\u96c6:https://youtu.be/cMoV1rPH35k\n\u25ba\u7b2c\u4e8c\u96c6:https://youtu.be/iW7LM00lny0\n\u25ba\u7b2c\u4e09\u96c6:https://youtu.be/2G5wu61uCM0\n\u25ba\u7b2c\u56db\u96c6:https://youtu.be/-rP1abYv8n4\n\nOnion Man \u95dc\u9375\u5b57:\n\u4e2d\u4e8c \u80a5\u5b85 \u55ae\u8eab\u6f22 \u55ae\u8eab \u9b6f\u86c7 \u5c4c\u7d72 \u80a5\u5b85",
        "likeCount": "9577",
        "commentCount": "1621",
        "viewCount": "481428"
    },
    "comments": [
        {
            "reply_id": "UgzdJX2MRa5YyrSBn1V4AaABAg",
            "reply_content": "\u6700\u6dd2\u6158\u7684\u5c31\u662f\u9023\u666e\u90fd\u6c92\u6709\uff0c\u53c8\u77ee\u53c8\u919c\u53c8\u7aae\u5f9e\u5c0f\u5230\u5927\u75db\u82e6\u7684\u6d3b\u845722\u5e74\u9023\u7e8c\u597d\u5e7e\u6b21\u88ab\u73ed\u4e0a\u5973\u751f\u5acc\u919c\u9577\u5927\u5f8c\u624d\u610f\u8b58\u5230\u919c\u771f\u7684\u5c31\u662f\u539f\u7f6a\u4ec0\u9ebc\u6d3b\u7684\u6f02\u4eae\u7f8e\u597d\u7684\u6b0a\u5229\u90fd\u4e0d\u914d\u4ec0\u9ebc\u75db\u82e6\u90fd\u53ea\u80fd\u5f80\u809a\u5b50\u88e1\u541e\uff0c\u6700\u5f8c\u53ea\u80fd\u9ed8\u9ed8\u7121\u805e\u7684\u627e\u500b\u5730\u65b9\u6b7b\u53bb\u4e0d\u8981\u9ebb\u7169\u5230\u5176\u4ed6\u4eba\u6216\u8a31\u5c0d\u9019\u500b\u793e\u6703\u624d\u662f\u6700\u597d\u7684\u3002",
            "likeCount": 2
        },
        {
            "reply_id": "UgwC7mBwX0MWNnMQsIN4AaABAg",
            "reply_content": "\u5973\u751f\u8ddf\u5973\u751f\u6216\u7537\u751f\u8ddf\u7537\u751f\u9664\u975e\u662f\u7532\u7532\u4e0d\u7136\u4e00\u5b9a\u7d14",
            "likeCount": 1
        },
        {
            "reply_id": "UgxW8OTWkAHeTal0tNV4AaABAg",
            "reply_content": "\u4f60\u81ea\u5df1\u5e79\u561b\u6d88\u5931",
            "likeCount": 1
        },
        {
            "reply_id": "UgwfGVwjOabsXprtGpB4AaABAg",
            "reply_content": "\u6574\u5929\u88ab\u5641\u7537\u9a37\u64fe\u88ab\u8272\u60c5\u773c\u5149\u770b\u5f85\u4e5f\u5f88\u75db\u82e6\u5427",
            "likeCount": 0
        },
        {
            "reply_id": "UgyN8r0f7iFR4kmiE_B4AaABAg",
            "reply_content": "\u9019\u6bd4\u7d42\u5c40\u4e4b\u6230\u9084\u6709\u6df1\u5ea6",
            "likeCount": 0
        },
        {
            "reply_id": "UgyYHHIKiGbBnFER-tl4AaABAg",
            "reply_content": "\u5e25\u54e5\u5f88\u591a\u7f8e\u5973\u5f88\u5c11",
            "likeCount": 0
        },
        {
            "reply_id": "Ugw9PV2HaxOTEM8MeR14AaABAg",
            "reply_content": "\u5e79\u53c8\u81ea\u80a5",
            "likeCount": 0
        },
        {
            "reply_id": "Ugwhb5r_oFhTJv7_FzJ4AaABAg",
            "reply_content": "\u6d0b\u8525\u70ba\u4ec0\u9ebc\u6703\u6d88\u5931",
            "likeCount": 0
        },
        {
            "reply_id": "UgzH239qVPkwgEitj9F4AaABAg",
            "reply_content": "\u6d0b\u8525\u4f60\u6562\u8aaa\u4f60\u5e25\u5594\u5c45\u7136\u6d88\u5931",
            "likeCount": 0
        },
        {
            "reply_id": "UgzVUN_uv97E29B6pqZ4AaABAg",
            "reply_content": "\u6d0b\u8525\u611f\u89ba\u5c31\u8d85\u5e25\u770b\u8d77\u4f86\u771f\u7684\u4e0d\u80d6",
            "likeCount": 0
        },
        {
            "reply_id": "Ugxq_o-jQ3IRjL0u8IB4AaABAg",
            "reply_content": "\u5f88\u591a\u4eba\u81ea\u4ee5\u70ba\u9577\u5f97\u6f02\u4eae\u5176\u5be6\u53ea\u662f\u5e73\u5eb8\u4e5f\u5c31\u662f\u4e0d\u7f8e\u4e5f\u4e0d\u919c\u7136\u5f8c\u4e00\u76f4\u6279\u8a55\u5225\u4eba\u5916\u8c8c",
            "likeCount": 0
        },
        {
            "reply_id": "UgwGVfeDabbnLadenl14AaABAg",
            "reply_content": "\u5176\u5be6\u8981\u8b8a\u6f02\u4eae\u662f\u6709\u8fa6\u6cd5\u8ddf\u6b65\u9a5f\u7684\uff0c\u53ef\u4ee5\u8a66\u8a66\u770b",
            "likeCount": 0
        },
        {
            "reply_id": "UgzTRF9ixsBg9ySeVCl4AaABAg",
            "reply_content": "\u9577\u7684\u4e0d\u51fa\u773e\u7684\u60b2\u54c0",
            "likeCount": 0
        },
        {
            "reply_id": "UgwC2PfCFl4RdbOmGg14AaABAg",
            "reply_content": "\u5c0f\u7f8e\u9577\u5f97\u8ddf\u776a\u9996\u4e00\u6a23",
            "likeCount": 0
        },
        {
            "reply_id": "UgzCTDmxTSiN1da7QQV4AaABAg",
            "reply_content": "\u597d\u8a8d\u540c",
            "likeCount": 0
        },
        {
            "reply_id": "Ugyqe08p81Ptmo52sRV4AaABAg",
            "reply_content": "\u8b9a\u8b9a\u8b9a",
            "likeCount": 0
        },
        {
            "reply_id": "Ugx3NgE8VkoNOLiV1PJ4AaABAg",
            "reply_content": "\u53ef\u662f\u6d0b\u8525\u5176\u5be6\u8d85\u5e25",
            "likeCount": 0
        },
        {
            "reply_id": "UgxRbO53djtBWOyoBN14AaABAg",
            "reply_content": "\u592a\u6709\u6897\u4e86\u5427\u8525\u54e5",
            "likeCount": 0
        },
        {
            "reply_id": "Ugxv5Ri40vM4H-VwiTZ4AaABAg",
            "reply_content": "\u62bd\u62bd",
            "likeCount": 0
        },
        {
            "reply_id": "UgxkttM3y3ttj5lxu414AaABAg",
            "reply_content": "\u8fd9\u4e2a\u65e0\u9650\u5b9d\u77f3\u660e\u663e\u6284\u88ad\u963f",
            "likeCount": 0
        },
        {
            "reply_id": "UgxZBlN2az7Pk2zf17h4AaABAg",
            "reply_content": "\u4f60\u7684\u65e0\u9650\u5b9d\u77f3\u6709\u4ebf\u70b9\u5938\u5f20\u54e6",
            "likeCount": 0
        },
        {
            "reply_id": "UgwA0mEXSbd-fO_0Svh4AaABAg",
            "reply_content": "\u6bcd\u80ce\u55ae\u8eab\u653e\u68c4\u611b\u60c5\u5ad6\u5993\u7537\u8def\u904e",
            "likeCount": 0
        },
        {
            "reply_id": "Ugzx_qEfJ_JQyv3Wg_t4AaABAg",
            "reply_content": "\u6d0b\u8525\u4e00\u5b9a\u662f\u592a\u591a\u56f0\u64fe\u624d\u7518\u9858\u6d88\u5931",
            "likeCount": 0
        },
        {
            "reply_id": "Ugwk6g7nCgPMT2-9HIB4AaABAg",
            "reply_content": "\u7d66\u4e88\u4e16\u754c\u75db\u695a",
            "likeCount": 0
        },
        {
            "reply_id": "Ugw_izumlh-gs8d0dqd4AaABAg",
            "reply_content": "\u6d0b\u8525\u88ab\u6d88\u5931\u90a3\u4e00\u6bb5\u756b\u932f\u4e86\u5427",
            "likeCount": 0
        }
    ]
}