{
    "video_info": {
        "id": "rSa1Qm_HUj0",
        "channelTitle": "Onion Man",
        "title": "Onion Man | Onion Man | \u5c0f\u6642\u5019\u6700\u611b\u6ce1\u5728\u6e6f\u59c6\u718a\u4e86!! \u904a\u6a02\u5834\u56de\u61b6\u7bc7!!",
        "description": "\u4ee5\u524d\u53bb\u6e6f\u59c6\u718a\u8d85\u5bb9\u6613\u9047\u5230\u9ad8\u624b\u5927\u53d4\u90fd\u88ab\u96fb\u5047\u7684\u2026\n\u904a\u6232\u4e0b\u8f09\u9023\u7d50\uff1ahttps://streetfighterduel.onelink.me/azTX/onionman\n\n\u300a\u5feb\u6253\u65cb\u98a8\uff1a\u5c0d\u6c7a\u300b\u71b1\u8840\u958b\u670d\u4e2d\uff01\n\u5b8c\u6210\u958b\u670d\u6d3b\u52d5\u6700\u9ad8\u53ef\u7372\u5f97108\u62bd\uff0c\u4ee5\u53ca4\u500bA\u7d1a\u683c\u9b25\u5bb6\uff01\n\n#\u5feb\u6253\u65cb\u98a8\u5c0d\u6c7a #\u91cd\u71c3\u8857\u982dKO\u4e00\u5207\n\n\u3010\u8a02\u95b1\u3011\u53ca\u89c0\u770b\u6d0b\u8525\u66f4\u591a\u5f71\u7247: https://goo.gl/ijP3Eb\n\n\u5de5\u4f5c\u5408\u4f5c\uff1aonionmanwork@gmail.com\nOnion Man \u767e\u842c\u8ffd\u8e64\u7c89\u7d72\u5718:goo.gl/Z5CSvw\n\n\u6700\u65b0\u963f\u6587\u8cbc\u5716:https://reurl.cc/GxYjA\n\n\u7b2c\u4e00\u4ee3\u963f\u6587line\u8cbc\u5716:https://reurl.cc/Wroxx\n\n\u6d0b\u8525\u79c1\u751f\u6d3bIG:https://www.instagram.com/onionman__/\n\n\n\u904b\u52d5\u6f2b\u756b\u88e1\u7684\u4e2d\u4e8c\u8001\u6897\u5287\u60c5\n\u25ba\u7b2c\u4e00\u96c6:https://youtu.be/cMoV1rPH35k\n\u25ba\u7b2c\u4e8c\u96c6:https://youtu.be/iW7LM00lny0\n\u25ba\u7b2c\u4e09\u96c6:https://youtu.be/2G5wu61uCM0\n\u25ba\u7b2c\u56db\u96c6:https://youtu.be/-rP1abYv8n4\n\nOnion Man \u95dc\u9375\u5b57:\n\u4e2d\u4e8c \u80a5\u5b85 \u55ae\u8eab\u6f22 \u55ae\u8eab \u9b6f\u86c7 \u5c4c\u7d72 \u80a5\u5b85",
        "likeCount": "8311",
        "commentCount": "790",
        "viewCount": "477697"
    },
    "comments": [
        {
            "reply_id": "UgzkDjvvT69sIZvewcR4AaABAg",
            "reply_content": "\u4ee5\u524d\u53bb\u73a9\u84bc\u7ffc\u9ed8\u793a\u9304 \u597d\u50cf\u5feb\u6253\u65cb\u98a8\u683c\u9b25\u985e\u7684\u904a\u6232",
            "likeCount": 1
        },
        {
            "reply_id": "UgxOdDYJyIMOwkvJ3-94AaABAg",
            "reply_content": "\u7d71\u9818\u904a\u6a02\u5834",
            "likeCount": 1
        },
        {
            "reply_id": "Ugwy9_fjiki6Ceouk5Z4AaABAg",
            "reply_content": "\u6211\u90fd\u4e0d\u77e5\u9053\u7d71\u9818\u6709\u6e6f\u59c6\u718a",
            "likeCount": 0
        },
        {
            "reply_id": "UgzQEKjORfNff_d6bTR4AaABAg",
            "reply_content": "\u63a8\u5e63\u6a5f",
            "likeCount": 0
        },
        {
            "reply_id": "UgzfqCLbuE8UC-0Gh294AaABAg",
            "reply_content": "\u63a8\u5e63\u6a5f\u662f\u4e0d\u662f\u771f\u7684\u6c92\u8d0f\u904e",
            "likeCount": 0
        },
        {
            "reply_id": "Ugx-TwVsEVOjg1Nhc8p4AaABAg",
            "reply_content": "\u62bd",
            "likeCount": 0
        },
        {
            "reply_id": "UgzDH31CVmv8F04o8FB4AaABAg",
            "reply_content": "\u770b\u5b8c\u524d\u6839\u672c\u6c92\u60f3\u5230\u662f\u696d\u914d",
            "likeCount": 0
        },
        {
            "reply_id": "UgwU2eKgsoKsZsifQs94AaABAg",
            "reply_content": "\u5176\u5be6\u6e6f\u59c6\u718a\u8ce3\u5403\u7684\u6771\u897f\u90fd\u8d85\u4fbf\u5b9c\n\u4f46\u9322\u90fd\u82b1\u5728\u6a5f\u53f0\u4e0a",
            "likeCount": 0
        },
        {
            "reply_id": "UgzpdLx9NKR0WTV1mmB4AaABAg",
            "reply_content": "\u9019\u5230\u5e95\u662f\u6e6f\u59c6\u718a\u696d\u914d\u9084\u662f\u5feb\u6253\u65cb\u98a8\u696d\u914d\u50bb\u50bb\u770b\u4e0d\u6e05\u695a\ud83e\udd14",
            "likeCount": 0
        },
        {
            "reply_id": "UgzqJPBe1Fil57O1PnN4AaABAg",
            "reply_content": "\u73fe\u5728\u662f\u4e0d\u662f\u696d\u914d\u7684\u90a3\u500b\u79ae\u62dc\u6c92\u5f71\u7247\u4e86",
            "likeCount": 0
        },
        {
            "reply_id": "Ugxr3S4ZHpUk2XI0odB4AaABAg",
            "reply_content": "\u6211\u4e5f\u662f",
            "likeCount": 0
        },
        {
            "reply_id": "Ugw_WLIe3NqKlB5J7WV4AaABAg",
            "reply_content": "\u7576\u7136\u662f\u684c\u4e0a\u51b0\u68cd\u6295\u7c43\u6a5f\u963f",
            "likeCount": 0
        },
        {
            "reply_id": "UgxrDgrKt0HnJNcbDQd4AaABAg",
            "reply_content": "\u4f60\u600e\u9ebc\u6709\u8fa6\u6cd5\u628a\u592a\u9f13\u9054\u4eba\u756b\u6210\u683c\u9b25\u904a\u6232",
            "likeCount": 0
        },
        {
            "reply_id": "Ugz3h7RUTqhbnTOmqTx4AaABAg",
            "reply_content": "\u62bd",
            "likeCount": 0
        },
        {
            "reply_id": "UgyG0uCkomc0eDlWtNl4AaABAg",
            "reply_content": "\u684c\u4e0a\u51b0\u68cd\u8d85\u597d\u73a9",
            "likeCount": 0
        },
        {
            "reply_id": "Ugw9z-De76n7k0WX3M94AaABAg",
            "reply_content": "\u539f\u4f86\u6d0b\u8525\u559c\u6b61\u683c\u9b25\u904a\u6232\u7684\u539f\u56e0\u5c31\u662f\u9019\u500b",
            "likeCount": 0
        },
        {
            "reply_id": "UgxnSUyTlSz7Tp142od4AaABAg",
            "reply_content": "\u96e3\u9053\u4f60\u5fd8\u8a18\u62f3\u723a\u4e8b\u4ef6\u4e86\u55ce",
            "likeCount": 0
        },
        {
            "reply_id": "Ugwu1OK_VgUk9XDpe0d4AaABAg",
            "reply_content": "\u5c31\u518d\u4e5f\u914d",
            "likeCount": 0
        },
        {
            "reply_id": "UgwUmvttvujwl4CJqfd4AaABAg",
            "reply_content": "\u6771\u6d77\u9f8d\u73e0\u5f69\u7968\u8d85\u597d\u62ff",
            "likeCount": 0
        },
        {
            "reply_id": "UgzKJ1AVLRsw25SpOgZ4AaABAg",
            "reply_content": "\u904a\u6a02\u5834\u90a3\u4e00\u5b9a\u662f\u73a9\u7c43\u7403\u6a5f\u7684",
            "likeCount": 0
        },
        {
            "reply_id": "UgzDdljFMIkkMJ9ppGR4AaABAg",
            "reply_content": "\u6d0b\u8525\u7684\u696d\u914d\u7e3d\u662f\u7279\u5225\u597d\u770b",
            "likeCount": 47
        },
        {
            "reply_id": "UgzXw-HmL42n7UQKqnV4AaABAg",
            "reply_content": "\u8acb\u554f\u4e00\u958b\u59cb\u7684\u97f3\u6a02",
            "likeCount": 1
        },
        {
            "reply_id": "UgxELeMBPQzDlX0nMkt4AaABAg",
            "reply_content": "\u63a8\u5e63\u6a5f\u9996\u9078",
            "likeCount": 0
        },
        {
            "reply_id": "UgwPumP5dwKKaDFC3fN4AaABAg",
            "reply_content": "\u53bb\u904a\u6a02\u5834\u770b\u59b9",
            "likeCount": 0
        },
        {
            "reply_id": "Ugz-dWYJgtqcwaJN6i94AaABAg",
            "reply_content": "\u8b9a",
            "likeCount": 0
        }
    ]
}