{
    "video_info": {
        "id": "rUilELXTHyQ",
        "channelTitle": "Onion Man",
        "title": "Onion Man | \u88ddB\u738b\u963f\u7693\u7bc7\uff01\u4eba\u8a2d\u8b8a\u4f86\u8b8a\u53bb\u7684\u670b\u53cb\uff1f  | \u771f\u5be6\u6545\u4e8b\u7cfb\u5217",
        "description": "\u4e00\u500b\u6574\u5929\u6027\u60c5\u5927\u8b8a\u7684\u7169\u8e81\u670b\u53cb\uff0c\u73fe\u5728\u56de\u60f3\u8d77\u4f86\u771f\u6709\u8da3\n\n\u300a\u9b54\u9748\u53ec\u559a\uff1a\u5929\u7a7a\u4e4b\u5f79\u300bRELOADED\u5927\u898f\u6a21\u66f4\u65b0\u6539\u7248\n\u7b26\u6587\u5f37\u5316\u96f6\u5931\u6557\u4e00\u9375\u6eff\u7d1a\uff0c\u9b54\u7926\u4e5f\u6eff\u7d1a\u6389\u843d\u514d\u5347\u7d1a\n\u9b54\u9748\u9032\u5316\u8981\u7df4\u80a5\u5806\u80a5\u4e5f\u5df2\u6210\u70ba\u6b77\u53f2\n\u5168\u65b0\u7cbe\u9748\u5730\u4e0b\u57ce\u958b\u555f\uff0c\u5de8\u4eba\u548c\u9f8d\u5730\u4e0b\u57ce\u4e5f\u63a8\u51fa\u6df1\u6df5\u4e4b\u5c64\n\u5168\u65b0\u5169\u7a2e\u7b26\u6587\u300c\u5c01\u5370\u300d\u548c\u300c\u7121\u5f62\u300d\u767b\u5834\uff0c\u66f4\u591a\u5143\u7684\u73a9\u6cd5\u8003\u9a57\u4f60\u7684\u7b56\u7565\u601d\u7dad\n\u9084\u6709\u5168\u65b0\u9b54\u9748\u5f37\u52e2\u4f86\u8972\uff0c\u9583\u96fb\u822c\u7684\u653b\u64ca\u53f1\u5412\u5168\u5834\n\u73fe\u5728\u767b\u5165\u5c31\u9001\u6539\u7248\u597d\u5eb7\uff0c100%\u53ec\u559a5\u661f\u7684\u300c\u8d85\u8d8a\u53ec\u559a\u66f8\u300d\n\u4e00\u8d77\u300c\u7a81\u7834\u9650\u754c\u300d\u524d\u5f80\u300c\u5168\u65b0\u9818\u57df\u300d\uff01\n\n\u7acb\u5373\u4e0b\u8f09\uff1ahttps://summonerswar-skyarena.onelink.me/8GbS/31odlwir\n\n\u3010\u8a02\u95b1\u3011\u53ca\u89c0\u770b\u6d0b\u8525\u66f4\u591a\u5f71\u7247: https://goo.gl/ijP3Eb\n\n\u5de5\u4f5c\u5408\u4f5c\uff1aonionmanwork@gmail.com\nOnion Man \u767e\u842c\u8ffd\u8e64\u7c89\u7d72\u5718:goo.gl/Z5CSvw\n\n\u6700\u65b0\u963f\u6587\u8cbc\u5716:https://reurl.cc/GxYjA\n\n\u7b2c\u4e00\u4ee3\u963f\u6587line\u8cbc\u5716:https://reurl.cc/Wroxx\n\n\u6d0b\u8525\u79c1\u751f\u6d3bIG:https://www.instagram.com/onionman__/\n\n\n\u904b\u52d5\u6f2b\u756b\u88e1\u7684\u4e2d\u4e8c\u8001\u6897\u5287\u60c5\n\u25ba\u7b2c\u4e00\u96c6:https://youtu.be/cMoV1rPH35k\n\u25ba\u7b2c\u4e8c\u96c6:https://youtu.be/iW7LM00lny0\n\u25ba\u7b2c\u4e09\u96c6:https://youtu.be/2G5wu61uCM0\n\u25ba\u7b2c\u56db\u96c6:https://youtu.be/-rP1abYv8n4\n\nOnion Man \u95dc\u9375\u5b57:\n\u4e2d\u4e8c \u80a5\u5b85 \u55ae\u8eab\u6f22 \u55ae\u8eab \u9b6f\u86c7 \u5c4c\u7d72 \u80a5\u5b85",
        "likeCount": "5476",
        "commentCount": "269",
        "viewCount": "344957"
    },
    "comments": [
        {
            "reply_id": "UgwAfmqB1nKVzvSmQYJ4AaABAg",
            "reply_content": "\u963f\u6d69\u81f3\u5c11\u4e0d\u662f\u7a7a\u53e3\u8aaa\ud83e\udd23\u9084\u6709\u5be6\u969b\u4ed8\u51fa\u884c\u52d5\u771f\u7684\u5f88\u53b2\u5bb3",
            "likeCount": 73
        },
        {
            "reply_id": "UgybRamUGLgBohdF8qJ4AaABAg",
            "reply_content": "\u7d42\u65bc\u53c8\u6709\u63cf\u7e6a\u8eab\u908a\u670b\u53cb\u7684\u7cfb\u5217\u4e86",
            "likeCount": 11
        },
        {
            "reply_id": "UgzdVeCnLuAe4EfyI5R4AaABAg",
            "reply_content": "\u9019\u6b21\u6545\u4e8b\u771f\u662f\u9ad8\u54c1\u8cea",
            "likeCount": 6
        },
        {
            "reply_id": "Ugy8I2KuXlpevUQcjfl4AaABAg",
            "reply_content": "\u963f\u7693\u5176\u5be6\u6eff\u53ef\u611b\u7684\uff0c\u6709\u4e00\u76f4\u52aa\u529b\u6539\u8b8a\u81ea\u5df1\u611f\u89ba\u54c8\u54c8\u54c8",
            "likeCount": 2
        },
        {
            "reply_id": "UgykCTTRjdDQPFjDKmd4AaABAg",
            "reply_content": "\u963f\u6d69\u7684\u8f49\u8b8a\u771f\u5927",
            "likeCount": 2
        },
        {
            "reply_id": "UgwekhYAu49icK2Qb3F4AaABAg",
            "reply_content": "\u770b\u5230\u9019\u96c6\u7e3d\u611f\u89ba\u627e\u56de\u4ee5\u524d\u770b\u6d0b\u8525\u7684\u611f\u89ba\u4e86",
            "likeCount": 2
        },
        {
            "reply_id": "Ugzv2AAEINMEyN4yiw14AaABAg",
            "reply_content": "\u6d0b\u8525\u9019\u7bc7\u6709\u7a2e\u8aaa\u4e0d\u4e0a\u4f86\u7684\u611f\u89ba\uff0c\u4e0d\u77e5\u9053\u662f\u610f\u7336\u672a\u76e1\u9084\u662f\u523b\u756b\u7684\u4e0d\u5920\u6df1\u5165",
            "likeCount": 1
        },
        {
            "reply_id": "Ugxavty__f1Z0ZjQO994AaABAg",
            "reply_content": "\u6bcf\u500b\u4eba\u8eab\u908a\u7e3d\u6703\u51fa\u73fe\u9019\u9ebc\u4e00\u500b\u5922\u60f3\u5bb6",
            "likeCount": 1
        },
        {
            "reply_id": "UgyisZMpDeTlNzMBIBZ4AaABAg",
            "reply_content": "\u6709\u9047\u904e\u9019\u7a2e\u4e00\u76f4\u63db\u4eba\u8a2d\u7684\u670b\u53cb\n\u4f46\u5979\u9084\u6703\u540c\u6642\u63db\u4e00\u6279\u65b0\u7684\u670b\u53cb\u2026\u555f\u52d5\u65b0\u4eba\u8a2d\u5f8c\u9084\u6703\u81ea\u884c\u63db\u932f\u865f\u8981\u65b0\u670b\u53cb\u5011\u9019\u6a23\u53eb\u5979\uff0c\u7136\u5f8c\u5c31\u4e0d\u6703\u7406\u6703\u820a\u670b\u53cb\u4e86",
            "likeCount": 1
        },
        {
            "reply_id": "Ugw38Stp5VCg1Ce80Xh4AaABAg",
            "reply_content": "\u8ddf\u6211\u90a3\u908a\u4e00\u500b\u7693\u5446\u5f88\u50cf",
            "likeCount": 0
        },
        {
            "reply_id": "UgxpB49SadWmSCFlRyB4AaABAg",
            "reply_content": "\u963f\u7693\u662f\u6b66\u9675\u7684\u55ce",
            "likeCount": 0
        },
        {
            "reply_id": "Ugyf02MBvGOfMt7eo4x4AaABAg",
            "reply_content": "\u6d0b\u8525\u756b\u51fa\u4f86\u771f\u7684\u597d\u597d\u7b11",
            "likeCount": 0
        },
        {
            "reply_id": "Ugx-X-u6_SuVZEaFp814AaABAg",
            "reply_content": "\u6211",
            "likeCount": 0
        },
        {
            "reply_id": "Ugzzm3sEcgoA-ZqRNlN4AaABAg",
            "reply_content": "\u4f46\u4f60\u6c92\u6709\u4ee5\u524d\u597d\u7b11\u4e86",
            "likeCount": 0
        },
        {
            "reply_id": "UgxNk5wgB0HR5whNfwB4AaABAg",
            "reply_content": "\u6211\u559c\u6b61\u57f9\u6839",
            "likeCount": 0
        },
        {
            "reply_id": "UgxdZR7aUEpvFIDwo8J4AaABAg",
            "reply_content": "\u9019\u662f\u500b\u72e0\u89d2\u8272\u5462",
            "likeCount": 0
        },
        {
            "reply_id": "UgyE71-i5mNy9JeUnWd4AaABAg",
            "reply_content": "\u62bd",
            "likeCount": 0
        },
        {
            "reply_id": "UgyllDHNzpUIsnWJN5d4AaABAg",
            "reply_content": "\u9019\u53ea\u662f\u4e2d\u4e8c\u75c5\u5c0f\u4e11\u800c\u5df2\u5427",
            "likeCount": 0
        },
        {
            "reply_id": "UgzhbRRfBJudpAoQMHJ4AaABAg",
            "reply_content": "\u5c4c\u9762\u4eba\u963f\u7693",
            "likeCount": 0
        },
        {
            "reply_id": "UgzIlVmsQkwFJMCI3eF4AaABAg",
            "reply_content": "\u6211\u73fe\u5728\u4eba\u751f\u4e5f\u5f88\u8ff7\u60d8",
            "likeCount": 0
        },
        {
            "reply_id": "UgxCZmaAYgoHpofIYkR4AaABAg",
            "reply_content": "\u62bd",
            "likeCount": 0
        },
        {
            "reply_id": "UgzIosubxKkewslYV854AaABAg",
            "reply_content": "\u9577\u5927\u5f8c\u600e\u9ebc\u8b8a\u6210\u9f9c\u982d\u4e86",
            "likeCount": 0
        },
        {
            "reply_id": "UgxKW14FaSN91qol1uh4AaABAg",
            "reply_content": "\u963f\u7693\u6b66\u9675\u7684\u55ce",
            "likeCount": 0
        },
        {
            "reply_id": "UgwxdPEXe5fwjg94-z14AaABAg",
            "reply_content": "\u963f\u7693\u6700\u7d42\u5f62\u614b\u5f88\u50cf\u6ccc\u5c3f\u5668",
            "likeCount": 0
        },
        {
            "reply_id": "UgwlYwwNjWDbmixUzJV4AaABAg",
            "reply_content": "\u770b\u5230\u5f8c\u9762\u963f\u7693\u592a\u611f\u4eba\u5566\n\u982d\u8b8a\u6210\u963f\u59c6\u65af\u7279\u6717\u56de\u65cb\u52a0\u901f\u5674\u6c23\u5f0f\u963f\u59c6\u65af\u7279\u6717\u70ae",
            "likeCount": 0
        }
    ]
}