{
    "video_info": {
        "id": "shBm0VGm0Is",
        "channelTitle": "Onion Man",
        "title": "Onion Man | \u7537\u4eba\u9b45\u529b\u6392\u884c\u699c(\u4e00)  \u4e00\u8d77\u4fee\u7149\u8b8a\u5e25\u5427!!  | \u4e2d\u4e8c\u9023\u7e8c\u5287",
        "description": "\u5e7e\u4f4d\u670b\u53cb\uff0c\u7528\u76e1\u5404\u7a2e\u65b9\u5f0f\u4fee\u7149\u8b8a\u5e25\u4e26\u7af6\u722d\u7684\u6545\u4e8b\n\u6bcf\u500b\u4eba\u90fd\u62ff\u51fa\u58d3\u7bb1\u6cd5\u5bf6\uff0c\u53ea\u70ba\u4e86\u4e0d\u843d\u4eba\u5f8c\n\n \u7537\u4eba\u9b45\u529b\u6392\u884c\u699c(\u4e8c):https://www.youtube.com/watch?v=my_YjN27wEI\n \u7537\u4eba\u9b45\u529b\u6392\u884c\u699c(\u4e09): https://www.youtube.com/watch?v=MF2spflT1Uo\n\n\u3010\u8a02\u95b1\u3011\u53ca\u89c0\u770b\u6d0b\u8525\u66f4\u591a\u5f71\u7247: https://goo.gl/ijP3Eb\n\n\u5de5\u4f5c\u5408\u4f5c\uff1aonionmanwork@gmail.com\nOnion Man \u767e\u842c\u8ffd\u8e64\u7c89\u7d72\u5718:goo.gl/Z5CSvw\n\n\u6700\u65b0\u963f\u6587\u8cbc\u5716:https://reurl.cc/GxYjA\n\n\u7b2c\u4e00\u4ee3\u963f\u6587line\u8cbc\u5716:https://reurl.cc/Wroxx\n\n\u6d0b\u8525\u79c1\u751f\u6d3bIG:https://www.instagram.com/onionman__/\n\n\n\u904b\u52d5\u6f2b\u756b\u88e1\u7684\u4e2d\u4e8c\u8001\u6897\u5287\u60c5\n\u25ba\u7b2c\u4e00\u96c6:https://youtu.be/cMoV1rPH35k\n\u25ba\u7b2c\u4e8c\u96c6:https://youtu.be/iW7LM00lny0\n\u25ba\u7b2c\u4e09\u96c6:https://youtu.be/2G5wu61uCM0\n\u25ba\u7b2c\u56db\u96c6:https://youtu.be/-rP1abYv8n4\n\nOnion Man \u95dc\u9375\u5b57:\n\u4e2d\u4e8c \u80a5\u5b85 \u55ae\u8eab\u6f22 \u55ae\u8eab \u9b6f\u86c7 \u5c4c\u7d72 \u80a5\u5b85",
        "likeCount": "9975",
        "commentCount": "673",
        "viewCount": "630527"
    },
    "comments": [
        {
            "reply_id": "UgxUkHr8vP8SFIVek3B4AaABAg",
            "reply_content": "\u4f60\u597d\u5f37",
            "likeCount": 1
        },
        {
            "reply_id": "Ugx_pJBPMy7q4nViJj94AaABAg",
            "reply_content": "\u771f\u7684\u5f88\u559c\u6b61\u9019\u7a2e\u4e2d\u4e8c\u5287 \u770b\u5f97\u6211\u90fd\u71b1\u8840\u8d77\u4f86\u4e86",
            "likeCount": 1
        },
        {
            "reply_id": "UgxydgYFBWoPJKvszHB4AaABAg",
            "reply_content": "\u592a\u626f\u4e86\u4e00\u4e0b\u60e1\u641e\u5f88\u4e2d\u4e8c\u4f46\u5f88\u597d\u770b",
            "likeCount": 0
        },
        {
            "reply_id": "UgzSk93u3uO4Zu0xJWB4AaABAg",
            "reply_content": "\u62f3\u723a\u56de\u6b78\u5f8c\u771f\u7684\u8b8a\u8d85\u7626",
            "likeCount": 0
        },
        {
            "reply_id": "UgzOAN_0Lt8NRP_MYkt4AaABAg",
            "reply_content": "\u6211\u662f\u6c92\u6709\u89ba\u5f97\u6d0b\u8525\u662f\u666e\u7537",
            "likeCount": 0
        },
        {
            "reply_id": "UgxbeqUYNHDSKN85D-94AaABAg",
            "reply_content": "\u8b9a",
            "likeCount": 0
        },
        {
            "reply_id": "UgwlQZH8rS0YyWWkcIN4AaABAg",
            "reply_content": "\u54c8\u54c8\u54c8\u54c8\u54c8\u6709\u5920\u597d\u770b",
            "likeCount": 0
        },
        {
            "reply_id": "UgxSePNSxJqybVfgDAh4AaABAg",
            "reply_content": "\u8cfd\u9b6f\u7bc7",
            "likeCount": 0
        },
        {
            "reply_id": "UgzR0Y0cBD2St0LlXlV4AaABAg",
            "reply_content": "\u96d6\u7136\u611f\u89ba\u5f88\u9f8d\u73e0\u4f46\u597d\u770b\u6b38",
            "likeCount": 0
        },
        {
            "reply_id": "UgyHB3ZoJm7dL7nGYB14AaABAg",
            "reply_content": "\u5176\u5be6\u8b80\u66f8\u53ef\u4ee5\u8b8a\u5e25",
            "likeCount": 0
        },
        {
            "reply_id": "UgwKrdwPPqx1b26zWK54AaABAg",
            "reply_content": "\u6211\u770b\u662f\u5fd8\u8a18\u59d3\u540d\u7684\u5a1c\u7f8e\u514b\u661f\u4eba",
            "likeCount": 0
        },
        {
            "reply_id": "UgwKS866tr599elgKv54AaABAg",
            "reply_content": "\u7559\u8a00\u652f\u6301",
            "likeCount": 0
        },
        {
            "reply_id": "Ugxpno32BoKIFjYYP0h4AaABAg",
            "reply_content": "\u771f\u7684\u8d85\u7d1a\u559c\u6b61\u4e2d\u4e8c\u5287\u5834",
            "likeCount": 0
        },
        {
            "reply_id": "Ugz7DfV8ZSmsos5bEI54AaABAg",
            "reply_content": "\u7559\u8a00\u652f\u6301",
            "likeCount": 0
        },
        {
            "reply_id": "Ugw-zOXKHwJx5wmX3kV4AaABAg",
            "reply_content": "\u89ba\u5f97\u4e5d\u59b9\u52dd\u904e\u8521",
            "likeCount": 0
        },
        {
            "reply_id": "UgzwC5wAf-82cvEcROJ4AaABAg",
            "reply_content": "\u70cf\u9b6f\u795e\u6728\u9f4a",
            "likeCount": 0
        },
        {
            "reply_id": "UgxDj70dwXzztUEdZVN4AaABAg",
            "reply_content": "\u597d\u4e2d\u4e8c\u597d\u611b",
            "likeCount": 0
        },
        {
            "reply_id": "UgxyEE_ETxtC-v3kvnV4AaABAg",
            "reply_content": "\u771f\u7684\u662f\u72e0\u89d2\u8272",
            "likeCount": 0
        },
        {
            "reply_id": "UgzNdXREGFiPjfAGtHd4AaABAg",
            "reply_content": "\u7626\u5f31\u653f\u51f1",
            "likeCount": 0
        },
        {
            "reply_id": "UgwXOphlyLNwAMR1z7p4AaABAg",
            "reply_content": "\u6211\u9084\u60f3\u8aaa\u67d0\u4eba\u6703\u50cf\u90a3\u9738\u90a3\u6a23\u7684\u7d50\u5c40\u6b38",
            "likeCount": 0
        },
        {
            "reply_id": "UgyYEqlLiDrk0HcJSxd4AaABAg",
            "reply_content": "\u6708\u534a\u6700\u9ad8\u7d1a",
            "likeCount": 0
        },
        {
            "reply_id": "UgylHnnOK7WXEZXBwNZ4AaABAg",
            "reply_content": "\u6628\u5929\u751f\u65e5",
            "likeCount": 0
        },
        {
            "reply_id": "UgxzpkP9FjtP4g-ZEqx4AaABAg",
            "reply_content": "\u8212\u670d",
            "likeCount": 0
        },
        {
            "reply_id": "Ugz0YWwOrYNPf88E55l4AaABAg",
            "reply_content": "\u9019\u96c6\u8072\u97f3\u6709\u9ede\u5ffd\u5927\u5ffd\u5c0f",
            "likeCount": 0
        },
        {
            "reply_id": "Ugwd6ZwRBPVyofwIU414AaABAg",
            "reply_content": "\u9577\u9aee\u963f\u7fd4",
            "likeCount": 0
        }
    ]
}