{
    "video_info": {
        "id": "sUtRTHdLpLo",
        "channelTitle": "Onion Man",
        "title": "Onion Man | \u4e09\u5929\u5feb\u9583\u65e5\u672c\uff01\u4e00\u5929\u4e94\u9910\u7206\u80a5\u4e4b\u65c5\uff0c\u9084\u610f\u5916\u4e0a\u4e86\u65e5\u672c\u65b0\u805e\u53f0\uff01\uff5c\u593e\u5a03\u5a03\u4e4b\u9b3c\u6d0b\u8525\u3001\u8207\u53ea\u898b\u904e\u4e00\u6b21\u9762\u7684\u964c\u751f\u670b\u53cb\u55ae\u7368\u53bb\u65e5\u672c\uff01@haileyhsu  @CrazyMan",
        "description": "\u5728\u65e5\u672c\u8857\u982d\u66a2\u8ac7\u75d4\u7621\u7684\u7537\u4eba\n\n\u9806\u4fbf\u9644\u4e0a\u651d\u5f71\u5e2b\u5927\u8463\u7684\u806f\u7d61\u65b9\u5f0f\n\u907f\u514d\u6709\u4eba\u79c1\u8a0a\u554f\u6211\ud83e\udd23\n\u806f\u7d61\u4fe1\u7bb1\uff1aHsiangpingchun@gmail.com \n\u7db2\u7ad9\uff1ananiwafilm.com \n\n\n\u3010\u8a02\u95b1\u3011\u53ca\u89c0\u770b\u6d0b\u8525\u66f4\u591a\u5f71\u7247: https://goo.gl/ijP3Eb\n\n\u5de5\u4f5c\u5408\u4f5c\uff1aonionmanwork@gmail.com\nOnion Man \u767e\u842c\u8ffd\u8e64\u7c89\u7d72\u5718:goo.gl/Z5CSvw\n\n\u6700\u65b0\u963f\u6587\u8cbc\u5716:https://reurl.cc/GxYjA\n\n\u7b2c\u4e00\u4ee3\u963f\u6587line\u8cbc\u5716:https://reurl.cc/Wroxx\n\n\u6d0b\u8525\u79c1\u751f\u6d3bIG:https://www.instagram.com/onionman__/\n\n\n\u904b\u52d5\u6f2b\u756b\u88e1\u7684\u4e2d\u4e8c\u8001\u6897\u5287\u60c5\n\u25ba\u7b2c\u4e00\u96c6:https://youtu.be/cMoV1rPH35k\n\u25ba\u7b2c\u4e8c\u96c6:https://youtu.be/iW7LM00lny0\n\u25ba\u7b2c\u4e09\u96c6:https://youtu.be/2G5wu61uCM0\n\u25ba\u7b2c\u56db\u96c6:https://youtu.be/-rP1abYv8n4\n\nOnion Man \u95dc\u9375\u5b57:\n\u4e2d\u4e8c \u80a5\u5b85 \u55ae\u8eab\u6f22 \u55ae\u8eab \u9b6f\u86c7 \u5c4c\u7d72 \u80a5\u5b85",
        "likeCount": "17989",
        "commentCount": "975",
        "viewCount": "1404430"
    },
    "comments": [
        {
            "reply_id": "UgxYm1BGNvUnUWgGCfB4AaABAg",
            "reply_content": "\u671d\u65e5\u65b0\u805e",
            "likeCount": 1
        },
        {
            "reply_id": "UgzJdlk8_BpAiqfbYk94AaABAg",
            "reply_content": "\u4e0d\u662f\u6211\u8981\u8aaa\u4f60\u771f\u7684\u5f88\u96f7\n\u514d\u6cbb\u99ac\u6876\u5ea7\u5f88\u4fbf\u5b9c\u7684",
            "likeCount": 0
        },
        {
            "reply_id": "UgzsNc1ooNQsYO7mhUh4AaABAg",
            "reply_content": "\u6eab\u99a8\u6109\u5feb\u7684\u96e3\u5fd8\u65e5\u672c\u884c",
            "likeCount": 0
        },
        {
            "reply_id": "UgwTUE9f295EyG1P43t4AaABAg",
            "reply_content": "\u6709\u6642\u5019\u5c31\u6703\u7a81\u7136\u60f3\u53bb\u5225\u7684\u5730\u65b9",
            "likeCount": 0
        },
        {
            "reply_id": "Ugz8IJpswnOhXOAaPGt4AaABAg",
            "reply_content": "\u9047\u5230\u5973\u4e09\u5bf6",
            "likeCount": 0
        },
        {
            "reply_id": "UgxN2UJS_wy_jaICZOh4AaABAg",
            "reply_content": "\u6709\u53ef\u4ee5\u8aaa\u8d70\u5c31\u8d70\u7684\u670b\u53cb\u771f\u7684\u5f88\u68d2",
            "likeCount": 0
        },
        {
            "reply_id": "UgyG_tsmTLKtXVERNBt4AaABAg",
            "reply_content": "\u6d0b\u8525\u61c9\u8a72\u662f\u9577\u7684\u6709\u9ede\u50cf\u85dd\u4eba\u6d77\u7522",
            "likeCount": 0
        },
        {
            "reply_id": "UgxAvqsAt5jG0ICk-sF4AaABAg",
            "reply_content": "\u5145\u5be6\u7684\u65c5\u7a0b\u5f88\u503c\u5f97\u554a",
            "likeCount": 0
        },
        {
            "reply_id": "Ugya3Gd7xti5drtJlhl4AaABAg",
            "reply_content": "\u6211\u53bb\u65e5\u672c\u5341\u5929",
            "likeCount": 0
        },
        {
            "reply_id": "UgwhpfzqXOFdTmgfagt4AaABAg",
            "reply_content": "\u6211\u53ea\u8a18\u5f97\u6211\u53bb\u65e5\u672c\u6642\u7206\u5403\u4e00\u862d\u62c9\u9eb5",
            "likeCount": 0
        },
        {
            "reply_id": "UgwlcOfLVoQZnc0Dyr54AaABAg",
            "reply_content": "\u611f\u89ba\u5728\u65e5\u672c\u593e\u4e86\u534a\u5929\u7684\u5a03\u5a03",
            "likeCount": 0
        },
        {
            "reply_id": "Ugwa9spf9E5VSAs1PRV4AaABAg",
            "reply_content": "\u5929\u554a\u554a\u554a\u554a\u5c45\u7136\u593e\u5230\u5f6d\u5fb7",
            "likeCount": 0
        },
        {
            "reply_id": "UgybNsjL0Z8fpLwv1nx4AaABAg",
            "reply_content": "\u5927\u54e5\u5927\u54e5\u5927\u54e5\u5927\u54e5\u5927\u54e5\u5927\u54e5",
            "likeCount": 0
        },
        {
            "reply_id": "UgytquMFYolOMO0tEZJ4AaABAg",
            "reply_content": "\u6211\u4f4f\u5728\u65e5\u672c\u7684\u5927\u962a",
            "likeCount": 0
        },
        {
            "reply_id": "Ugzao_Yj1CLTGCHgqTp4AaABAg",
            "reply_content": "\u6211\u53bb\u73a9\u593e\u5a03\u5a03\u4e00\u6b21\u90fd\u6c92\u6709\u4e2d\u904e",
            "likeCount": 0
        },
        {
            "reply_id": "UgxTSaYtv4DDV5S0N_x4AaABAg",
            "reply_content": "\u5c41\u80a1\u7528\u6c34\u6d17",
            "likeCount": 0
        },
        {
            "reply_id": "UgxkJIk4vkkaheZ-ZS94AaABAg",
            "reply_content": "\u6211\u89ba\u5f97\u8525\u54e5\u5f88\u5feb\u5c31\u8981\u4e0b\u99ac\u60f9",
            "likeCount": 0
        },
        {
            "reply_id": "Ugw6SUTzJMnX2I2ieW54AaABAg",
            "reply_content": "\u878d\u5165\u904e\u982d\u4e86\u7b11\u6b7b",
            "likeCount": 0
        },
        {
            "reply_id": "UgyuZ_xAqC-gLDwqqdZ4AaABAg",
            "reply_content": "\u7559\u8a00\u652f\u6301",
            "likeCount": 0
        },
        {
            "reply_id": "UgxOzdw8CO5DNMBLmN54AaABAg",
            "reply_content": "\u6d0b\u8525\u5176\u5be6\u4f60\u5305\u5305\u7d14\u7cb9\u8cb7\u56de\u4f86\u53f0\u7063\u518d\u8ce3\u61c9\u8a72\u4e5f\u5212\u7b97",
            "likeCount": 1
        },
        {
            "reply_id": "UgxBWLJ47RY08RCJNKl4AaABAg",
            "reply_content": "\u4e5f\u597d\u60f3\u51fa\u570b",
            "likeCount": 1
        },
        {
            "reply_id": "Ugz__yFgobzUSvS-D0N4AaABAg",
            "reply_content": "\u597d\u597d\u770b\u54e6",
            "likeCount": 1
        },
        {
            "reply_id": "Ugx4CxAGRPqwRKE52r54AaABAg",
            "reply_content": "\u597d\u60f3\u53bb\u65e5\u672c",
            "likeCount": 0
        },
        {
            "reply_id": "UgxUhmB6y8aJsWsX3WF4AaABAg",
            "reply_content": "\u52a0\u6cb9",
            "likeCount": 0
        },
        {
            "reply_id": "UgzWU2jxcBIHYo1FDWN4AaABAg",
            "reply_content": "\u5361\u6bd4\u770b\u8d77\u4f86\u597d\u8edf",
            "likeCount": 0
        }
    ]
}