{
    "video_info": {
        "id": "tCIcutA0w5g",
        "channelTitle": "Onion Man",
        "title": "Onion Man | \u570b\u4e2d\u4fbf\u7576\u5730\u7344\uff01\u9023\u7e8c\u5403\u4e09\u5e74\u4e00\u6a23\u7684\u4fbf\u7576\uff01",
        "description": "\u570b\u5c0f\u9084\u662f\u597d\u4e00\u9ede  \u570b\u4e2d\u66f4\u53ef\u6015!!!\n\u6587\u535a\u6703\u6d0b\u8525\u5468\u908a\u5546\u54c1\u91cd\u65b0\u4e0a\u67b6\u4e2d:\nhttps://shopee.tw/onion_man\n\u3010\u8a02\u95b1\u3011\u53ca\u89c0\u770b\u6d0b\u8525\u66f4\u591a\u5f71\u7247: https://goo.gl/ijP3Eb\n\n\u5de5\u4f5c\u5408\u4f5c\uff1aonionmanwork@gmail.com\nOnion Man \u767e\u842c\u8ffd\u8e64\u7c89\u7d72\u5718:goo.gl/Z5CSvw\n\n\u6700\u65b0\u963f\u6587\u8cbc\u5716:https://reurl.cc/GxYjA\n\n\u7b2c\u4e00\u4ee3\u963f\u6587line\u8cbc\u5716:https://reurl.cc/Wroxx\n\n\u6d0b\u8525\u79c1\u751f\u6d3bIG:https://www.instagram.com/onionman__/\n\n\n\u904b\u52d5\u6f2b\u756b\u88e1\u7684\u4e2d\u4e8c\u8001\u6897\u5287\u60c5\n\u25ba\u7b2c\u4e00\u96c6:https://youtu.be/cMoV1rPH35k\n\u25ba\u7b2c\u4e8c\u96c6:https://youtu.be/iW7LM00lny0\n\u25ba\u7b2c\u4e09\u96c6:https://youtu.be/2G5wu61uCM0\n\u25ba\u7b2c\u56db\u96c6:https://youtu.be/-rP1abYv8n4\n\nOnion Man \u95dc\u9375\u5b57:\n\u4e2d\u4e8c \u80a5\u5b85 \u55ae\u8eab\u6f22 \u55ae\u8eab \u9b6f\u86c7 \u5c4c\u7d72 \u80a5\u5b85",
        "likeCount": "17124",
        "commentCount": "2758",
        "viewCount": "1317740"
    },
    "comments": [
        {
            "reply_id": "UgxEn9dhwcd9mTzPF-R4AaABAg",
            "reply_content": "\u4e0b\u8ab2\u5148\u53bb\u4e0a\u5ec1\u6240",
            "likeCount": 1
        },
        {
            "reply_id": "UgxAoCMcI-OR4TIELGJ4AaABAg",
            "reply_content": "\u611f\u89ba\u5982\u679c\u5f88\u591a\u4eba\u4e00\u8d77\u8ddf\u8001\u5e2b\u8b1b\u9019\u500b\u60c5\u6cc1\uff0c\u8001\u5e2b\u61c9\u8a72\u9084\u662f\u6703\u901a\u878d\u7684\u5427",
            "likeCount": 0
        },
        {
            "reply_id": "Ugx_GEukMdSwTv8xEsV4AaABAg",
            "reply_content": "\u6211\u4eec\u5b66\u6821\u90fd\u53ef\u4ee5\u7ecf\u5e38\u51fa\u53bb\u5916\u9762\u5403",
            "likeCount": 0
        },
        {
            "reply_id": "UgxTXdmLqu8PcPk_9hF4AaABAg",
            "reply_content": "\u6211\u4eec\u570b\u5c0f\u516d\u5e74\u7d1a\u5df2\u7ecf\u53ef\u4ee5\u8cb7\u98ef\u56de\u5b66\u6821\u5403\u4e86",
            "likeCount": 0
        },
        {
            "reply_id": "UgyNZQPTBrpXnQvmXK54AaABAg",
            "reply_content": "\u6211\u570b\u5c0f\uff01\u570b\u4e2d\u9ad8\u4e2d\u90fd\u53bb\u5403\u5b78\u6821\u4fbf\u7576\u8d85\u7d1a\u597d\u5403\u7684\u554a",
            "likeCount": 0
        },
        {
            "reply_id": "Ugy2jlx-bqFlIqOUAjZ4AaABAg",
            "reply_content": "\u6211\u6c34\u9903\u600e\u9ebc\u5403\u5916\u9762\u8cb7\u7684\u90fd\u4e0d\u6703\u5403\u81a9",
            "likeCount": 0
        },
        {
            "reply_id": "UgxN9UmpJQhiP7-zqSZ4AaABAg",
            "reply_content": "\u6211\u89ba\u5f97\u90a3\u500b\u73ed\u4efb\u624d\u662f\u5783\u573e",
            "likeCount": 0
        },
        {
            "reply_id": "UgwkDIonCcpxonxhOeN4AaABAg",
            "reply_content": "\u76f4\u63a5\u544a\u5b78\u6821\u8ddf\u8001\u5e2b",
            "likeCount": 0
        },
        {
            "reply_id": "UgyBDEAw77hQEo8QMdx4AaABAg",
            "reply_content": "\u60f3\u554f\u6d0b\u8525\u662f\u54ea\u88e1\u4eba",
            "likeCount": 0
        },
        {
            "reply_id": "UgwfsgNnmUqlNQYlTFR4AaABAg",
            "reply_content": "\u6211\u570b\u5c0f\u5403\u5b78\u6821\u6876\u9910\u5403\u5230\u9ad8\u4e2d \u5c0e\u81f4\u73fe\u5728\u53ea\u8981\u662f\u4ee5\u524d\u6876\u9910\u51fa\u73fe\u904e\u7684\u83dc\u8272\u90fd\u6703\u53cd\u80c3",
            "likeCount": 0
        },
        {
            "reply_id": "UgwAArqoM_5LLOnmxH94AaABAg",
            "reply_content": "\u9047\u5230\u9019\u7a2e\u8001\u5e2b\u6211\u6703\u5d29\u6f70",
            "likeCount": 0
        },
        {
            "reply_id": "Ugyafi-93ALmQOCV6kZ4AaABAg",
            "reply_content": "\u5c0d\u6211\u4f86\u8aaa\u570b\u5c0f\u5230\u9ad8\u4e2d\u7684\u71df\u990a\u5348\u9910\u90fd\u8d85\u597d\u5403",
            "likeCount": 0
        },
        {
            "reply_id": "UgzAi2yrgrfpG0u44fx4AaABAg",
            "reply_content": "\u5f88\u591a\u4eba\u7b2c\u4e00\u6b21\u898b\u8b58\u7368\u88c1\u793e\u6703\u5c31\u662f\u4e2d\u5c0f\u5b78\u7684\u73ed\u4e3b\u4efb\u548c\u8150\u673d\u7684\u5b78\u6821\u5236\u5ea6\uff0c\u9084\u6709\u52fe\u514c\u7684\u98df\u5802",
            "likeCount": 0
        },
        {
            "reply_id": "Ugz_j5Yw-6mo9KGD1SV4AaABAg",
            "reply_content": "\u5f9e\u570b\u5c0f\u5230\u9ad8\u8077\u90fd\u662f\u5403\u8ddf\u570b\u5c0f\u4e00\u6a23\u7684\u5927\u934b\u716e\u5f88\u7fd2\u6163\u6c92\u4ec0\u9ebc\u6311\ud83d\ude02\u6700\u53ef\u6015\u7684\u4e8b\u9ad8\u8077\u67d0\u6b21\u5348\u9910\u6709\u554f\u984c\u5403\u7684\u4eba\u90fd\u62c9\u809a\u5b50\u9694\u5929\u9084\u8981\u88ab\u809b\u6aa2\u67e5\u662f\u4ec0\u9ebc\u539f\u56e0\uff0c\u5168\u6821\u9084\u53ea\u6709\u6211\u5011\u73ed\u4e2d\u6a19\u4e0d\u6392\u9664\u88ab\u4eba\u4e0b\u85e5\uff0c\u597d\u5728\u7576\u6642\u6c88\u8ff7\u65bc\u770b\u6f2b\u756b\u5348\u9910\u6c92\u5403\ud83d\ude02",
            "likeCount": 0
        },
        {
            "reply_id": "Ugx_8Z0KSfIKFNnWsMt4AaABAg",
            "reply_content": "\u4f60\u53ef\u4ee5\u53bb\u770b\u6cd5\u5f8b",
            "likeCount": 0
        },
        {
            "reply_id": "UgwHxIOWqc54c2_huNp4AaABAg",
            "reply_content": "\u53ef\u4ee5\u63d0\u65e9\u5403\u5348\u98ef\u907f\u958b\u9019\u554f\u984c",
            "likeCount": 0
        },
        {
            "reply_id": "Ugxl8hYZmEsox1kmr7N4AaABAg",
            "reply_content": "\u6211\u89ba\u5f97\u6211\u6709\u9019\u7a2e\u8001\u5e2b\u6211\u6703\u7206\u70b8\u800c\u4e14\u52a0\u5931\u63a7\u6253\u6b7b\u4ed6\u5927\u6982\u5427",
            "likeCount": 0
        },
        {
            "reply_id": "Ugz7wCQN5F9Jml5yP2N4AaABAg",
            "reply_content": "\u6211\u73fe\u5728\u7576\u8001\u5e2b\u91cd\u6eab\u5c0f\u5b78\u71df\u990a\u5348\u9910\u4e5f\u8d85\u61f7\u5ff5\u597d\u5403\u7684",
            "likeCount": 0
        },
        {
            "reply_id": "Ugw5410FVAELUT3KNUh4AaABAg",
            "reply_content": "\u4e03\u6b66\u6d77\u6bcf\u4e00\u7a2e\u90fd\u662f\u5152\u6642\u56de\u61b6\u8036",
            "likeCount": 0
        },
        {
            "reply_id": "Ugxr2ENJyZBHSSon3Dp4AaABAg",
            "reply_content": "\u6211\u570b\u4e2d\u8ddf\u570b\u5c0f\u90fd\u4e00\u6a23\uff0c\u90fd\u662f\u4e00\u6876\u4e00\u6876\u7684\u81ea\u52a9\u9910\u76d2",
            "likeCount": 0
        },
        {
            "reply_id": "Ugz_LNxbHnG8Bx1XEBB4AaABAg",
            "reply_content": "\u611f\u8b1d\u6211\u5abd\u5abd\u6bcf\u5929\u4e0d\u8fad\u8f9b\u52de\u7684\u5e6b\u6211\u505a\u4fbf\u7576\u5e36\u5230\u5b78\u6821\u7d66\u6211\u5403\u2764",
            "likeCount": 0
        },
        {
            "reply_id": "Ugw3nJvp9acVLN5ijNx4AaABAg",
            "reply_content": "\u6240\u4ee5\u4f60\u5011\u8001\u5e2b\u4e5f\u5403\u4e00\u6a23\u7684\u4fbf\u7576\u5e97\u5594",
            "likeCount": 0
        },
        {
            "reply_id": "Ugzt74mlUYr0ovyu7Fh4AaABAg",
            "reply_content": "\u5982\u679c\u662f\u6211\u6839\u672c\u4e0d\u6703\u9ce5\u73ed\u5c0e \u9664\u975e\u5979\u6bcf\u5929\u8ddf\u5927\u5bb6\u4e00\u8d77\u5403\u4fbf\u7576",
            "likeCount": 0
        },
        {
            "reply_id": "UgyuSj7AU5hA0XJyJQd4AaABAg",
            "reply_content": "\u6211\u89ba\u5f97\u6211\u7684\u5348\u9910\u9084\u883b\u597d\u5403\u7684\u6b38",
            "likeCount": 0
        },
        {
            "reply_id": "Ugz97X8xIILwimXiGWp4AaABAg",
            "reply_content": "\u96fb\u8a71\u7dda\u8d85\u597d\u5403\u7684\u6b38",
            "likeCount": 0
        }
    ]
}