{
    "video_info": {
        "id": "uB2JdjJdZ58",
        "channelTitle": "Onion Man",
        "title": "Onion Man | \u5927\u5bb6\u7684\u5e7d\u9ed8\u611f\u90fd\u76f8\u540c\u7684\u7f8e\u597d\u4e16\u754c",
        "description": "\u6d0b\u8525\u7684\u5e7d\u9ed8\u611f\u9769\u547d\n\n\u904a\u6232\u4e0b\u8f09\u9023\u7d50\uff1ahttps://eternaevolution.onelink.me/6jTh/stc4dqig\n\n\u81ea\u7531\u5ea6MAX\u672a\u4f86\u6230\u8853RPG\u904a\u6232\u91cd\u78c5\u4f86\u8972\uff0c\u73fe\u5728\u4e0b\u8f09\u514d\u8cbb\u9818\u795e\u65cf\u82f1\u96c4\u5fa9\u4ec7\u4e4b\u528d\uff01\n\u300a\u5929\u6f14\u9032\u5316\u300b\u8981\u4f60\u52d5\u4e0d\u52d5\u90fd\u9032\u5316!!\n\n\u3010\u8a02\u95b1\u3011\u53ca\u89c0\u770b\u6d0b\u8525\u66f4\u591a\u5f71\u7247: https://goo.gl/ijP3Eb\n\n\u5de5\u4f5c\u5408\u4f5c\uff1aonionmanwork@gmail.com\nOnion Man \u767e\u842c\u8ffd\u8e64\u7c89\u7d72\u5718:goo.gl/Z5CSvw\n\n\u6700\u65b0\u963f\u6587\u8cbc\u5716:https://reurl.cc/GxYjA\n\n\u7b2c\u4e00\u4ee3\u963f\u6587line\u8cbc\u5716:https://reurl.cc/Wroxx\n\n\u6d0b\u8525\u79c1\u751f\u6d3bIG:https://www.instagram.com/onionman__/\n\n\n\u904b\u52d5\u6f2b\u756b\u88e1\u7684\u4e2d\u4e8c\u8001\u6897\u5287\u60c5\n\u25ba\u7b2c\u4e00\u96c6:https://youtu.be/cMoV1rPH35k\n\u25ba\u7b2c\u4e8c\u96c6:https://youtu.be/iW7LM00lny0\n\u25ba\u7b2c\u4e09\u96c6:https://youtu.be/2G5wu61uCM0\n\u25ba\u7b2c\u56db\u96c6:https://youtu.be/-rP1abYv8n4\n\nOnion Man \u95dc\u9375\u5b57:\n\u4e2d\u4e8c \u80a5\u5b85 \u55ae\u8eab\u6f22 \u55ae\u8eab \u9b6f\u86c7 \u5c4c\u7d72 \u80a5\u5b85",
        "likeCount": "6187",
        "commentCount": "575",
        "viewCount": "260729"
    },
    "comments": [
        {
            "reply_id": "UgyKF0i66I13xh1PtG94AaABAg",
            "reply_content": "\u4e0b\u6d41\u6897\u4e0d\u5b58\u5728\u7684\u7070\u6697\u4e16\u754c",
            "likeCount": 1
        },
        {
            "reply_id": "UgxqKE8oYGNjm3fkfB94AaABAg",
            "reply_content": "\u6211\u56e0\u70ba\u78ba\u8a3a\u4e00\u76f4\u9177\u9177\u6383\u5730\u6642\u9593\u6211\u90fd\u5728\u5077\u61f6",
            "likeCount": 1
        },
        {
            "reply_id": "Ugyw7nbj_vhaxvqSw9R4AaABAg",
            "reply_content": "\u5c31\u662f\u9019\u7bc7\u53cd\u6307\u6a19\u55ce\u54c8\u54c8",
            "likeCount": 0
        },
        {
            "reply_id": "UgxibrOFN3YiDu5EbJJ4AaABAg",
            "reply_content": "\u6211\u89ba\u5f97\u7206\u597d\u7b11\u7684",
            "likeCount": 0
        },
        {
            "reply_id": "UgweEFhgwuwo88uQnc14AaABAg",
            "reply_content": "\u9019\u500b\u8d85\u80fd\u529b\u61c9\u8a72\u662f\u8b8a\u6210\u8d85\u7d1a\u8cfd\u4e9e\u4eba\u5427",
            "likeCount": 0
        },
        {
            "reply_id": "UgzOwWQQV8v1aacbQkh4AaABAg",
            "reply_content": "\u53ea\u6709\u6211\u662f\u738b",
            "likeCount": 0
        },
        {
            "reply_id": "UgyOl-R39MYdLYHpueB4AaABAg",
            "reply_content": "\u9019\u6b21\u4e3b\u984c\u771f\u7684\u5f88\u68d2\u68d2\u7cd6\u771f\u597d\u5403",
            "likeCount": 0
        },
        {
            "reply_id": "UgxL0p8FpLiyOZ6zERJ4AaABAg",
            "reply_content": "\u9019\u696d\u914d\u4f86\u5f97\u9632\u4e0d\u52dd\u9632",
            "likeCount": 0
        },
        {
            "reply_id": "UgyLVNBTWdjKPYM1me94AaABAg",
            "reply_content": "\u6211\u597d\u50cf\u770b\u5230\u5938\u514b",
            "likeCount": 0
        },
        {
            "reply_id": "Ugw1-m1Li5Jqsyi2WhN4AaABAg",
            "reply_content": "\u7c89\u7d72\u7d72\u5165\u6263\u771f\u7684\u7b11\u6b7b\u4e86\u90fd\u8981\u611b",
            "likeCount": 0
        },
        {
            "reply_id": "UgzJWP1bLYpq7GLPr-F4AaABAg",
            "reply_content": "\u4e94\u5341\u6b65\u7b11\u767e\u6b65\u86c7",
            "likeCount": 0
        },
        {
            "reply_id": "Ugxm7gwDkD6gvr7QXLt4AaABAg",
            "reply_content": "\u9019\u7a2e\u63a5\u9f8d\u5f88\u5bb9\u6613\u6c92\u803f\u9b3c\u4f7f\u7528\u6697\u5f71\u7403",
            "likeCount": 0
        },
        {
            "reply_id": "UgyP8yJHUSwKPa_dnSJ4AaABAg",
            "reply_content": "\u7559\u8a00\u652f\u6301",
            "likeCount": 0
        },
        {
            "reply_id": "UgxqR6pCjRraSRZ4YM14AaABAg",
            "reply_content": "\u4e09\u5c0f\u8d85\u597d\u7b11\u6211\u8981\u760b\u4e86",
            "likeCount": 0
        },
        {
            "reply_id": "UgwC3VZoo-bAfqm22g94AaABAg",
            "reply_content": "\u7b49\u534a\u5929\u662f\u9019\u7a2e\u5783\u5c04\u5728\u8f3e\u4e0a",
            "likeCount": 0
        },
        {
            "reply_id": "UgwAl10C3n_7HdOpxzx4AaABAg",
            "reply_content": "\u8b93\u6211\u60f3\u5230\u4ee5\u524d\u807d\u5230\u7684\u9023\u4fca\u9f8d\u4e73\u982d\u6d28\u5c41\u5b69\u5e95\u6488\u6708\u4e0b\u8001\u5fcd\u8005\u54c8\u7279\u5229\u5c4b",
            "likeCount": 0
        },
        {
            "reply_id": "UgydyVl4ezLyI5Ik3It4AaABAg",
            "reply_content": "\u770b\u5230\u696d\u914d\u7684\u5f71\u7247\u5c31\u4e0d\u60f3\u770b\u4e86",
            "likeCount": 0
        },
        {
            "reply_id": "UgxwDHM2FmAdwOBTZNN4AaABAg",
            "reply_content": "\u6d0b\u8525\u7206\u725b\u8089\u9aa8\u8336\u88cf\u738b\u529b\u5b8f\u6562\u4e0d\u6562\u50cf\u4f60\u8aaa\u904e\u7684\u90a3\u6a23\u611b\u6211",
            "likeCount": 0
        },
        {
            "reply_id": "UgydemxvJAZ5TL6-Wmd4AaABAg",
            "reply_content": "\u53ea\u6253\u963f\u6587\u90a3\u908a\u7b11\u7ffb\u6efe\u5427\u86cb\u7092\u98ef",
            "likeCount": 0
        },
        {
            "reply_id": "UgwCKwNeO2QeMNIvNg14AaABAg",
            "reply_content": "\u597d\u559c\u6b61\u9019\u6b21\u7684\u5f71\u7247\uff0c\u63a5\u9f8d\u547d\u4e2d\u6211\u7684\u7b11\u9ede\u9ede\u6ef4\u6ef4\u5728\u5fc3\u982d",
            "likeCount": 0
        },
        {
            "reply_id": "Ugx67R4IkdvdO-nIIth4AaABAg",
            "reply_content": "\u676f\u588a\u5674\u51fa\u4f86\u5bb3\u6211\u4ee5\u70ba\u662f\u767d\u86c7\u7684\u66ff\u8eab\u80fd\u529b",
            "likeCount": 0
        },
        {
            "reply_id": "UgzEbhRz22HfgP8AitF4AaABAg",
            "reply_content": "\u6211\u6bcf\u5929\u90fd\u56e0\u70ba\u8b1b\u9019\u7a2e\u51b7\u7b11\u8a71\u88ab\u5973\u670b\u53cb\u6253",
            "likeCount": 0
        },
        {
            "reply_id": "UgyaAAhl5siSj72fBsB4AaABAg",
            "reply_content": "\u6d0b\u8525\u9019\u500b\u96f7\u5305\u76ae\u904e\u9577\u771f\u7684\u5f88\u81ed",
            "likeCount": 0
        },
        {
            "reply_id": "UgzrnnVv9KCpEXiNcCV4AaABAg",
            "reply_content": "\u958b\u982d\u7684\u5ea7\u6905\u597d\u773c\u719f",
            "likeCount": 0
        },
        {
            "reply_id": "UgxQQyoXVE8NFmgA4Vp4AaABAg",
            "reply_content": "\u9019\u6b21\u771f\u7684\u5077\u61f6\u5f88\u591a",
            "likeCount": 0
        }
    ]
}