{
    "video_info": {
        "id": "uBv9ZgDaKQ0",
        "channelTitle": "Onion Man",
        "title": "Onion Man | \u4ee5\u53f0\u5927\u70ba\u76ee\u6a19\uff01\u9ad8\u4e2d\u5347\u5927\u5b78\u7cfb\u5217\uff01 (\u4e09)  \u8207\u540d\u6821\u6b63\u9762\u5c0d\u6c7a\uff01\u5b78\u6e2c\u958b\u59cb\uff01",
        "description": "\u7b2c\u4e09\u96c6\u662f\u5f9e\u9a55\u50b2\u88ab\u62c9\u56de\u73fe\u5be6\u7684\u5beb\u7167\n\nOnionMeta\u5b98\u7db2: https://www.onionmeta.club/\nOnionMeta : https://opensea.io/collection/onion-meta-official\nOnionMeta\u8fd1\u671f\u8ce6\u80fd\u6574\u7406\n[\u793e\u7fa4\u6700\u8fd1\u7684\u8ce6\u80fd\u6d3b\u52d5\u6574\u7406]\n1.\u7fa4\u5167GK\u8207\u666f\u54c1\u7a81\u8972\u62bd\u734e!! (\u6700\u9ad8\u5e02\u50f9\u905410000\u5143) \n2.\u5b85\u7537\u76db\u4e8b!\u570b\u969b\u96fb\u73a9\u5c55\u9580\u7968 100\u5f35\u514d\u8cbb\u9001!!\n3.\u6d0b\u8525\u5718\u968a\u5982\u4f55\u62b5\u64cb\u516c\u552e\u6a5f\u5668\u4eba\u7684?\u9996\u6ce2\u6d0b\u8525\u5b87\u5b99\u5c08\u5c6c\u6f14\u8b1b-\u6280\u8853\u9577\u5f37\u5c3c\u7684\u7d42\u6975\u9632\u79a6\u529b\u89e3\u6790!\n4.\u6d0b\u8525\u8207\u62f3\u723a\u7531\u611b\u8f49\u6068? \u528d\u9b42\u751f\u6b7b\u9b25! \u8ced\u4e0a\u5404\u81ea\u7684\u5c0a\u56b4!\u7c89\u7d72\u9078\u908a\u7ad9!!!\u5718\u968a\u63d0\u4f9b1.1\u9846\u4ee5\u592a\u5e63\u7d66\u53f0\u4e0b\u7684\u8525\u7c89\u62f3\u7c89\u505a\u70ba\u734e\u91d1\n5.\u9805\u76ee\u65b9\u4e4b\u53cb\u7684\u767d\u540d\u55ae\u62bd\u734e~! \u611f\u8b1d\u738b\u72d7\u3001\u653e\u514b\u96de\u3001\u53cd\u9aa8\u5718\u968a\u63d0\u4f9b\u767d\u540d\u55ae\u540d\u984d!\n6.OnionMeta\u6d0b\u8525\u5b87\u5b99\u9996\u6b21\u734e\u91d1\u904a\u6232\u8cfd! \u7e3d\u734e\u91d1\u9ad8\u905410\u9846\u4ee5\u592a\u5e63!! \u7b2c\u4e00\u8f2a\u904a\u6232-\u4f60\u756b\u6211\u731c!\n7.\u5e74\u5f8c\u4e4b\u812b\u96e2\u80a5\u5b85\u8a08\u756b!!\uff0c\u8207Leisure Bespoke\u806f\u540d\u7279\u60e0\u6d3b\u52d5!!!\u6e96\u5099\u597d\u518d\u5e74\u5f8c\u7a7f\u897f\u88dd\u5e25\u4e00\u6ce2\u5427!!!\n8.\u548c\u5973\u795eNiya\u4e00\u8d77\u540c\u6a02!\uff0c\u8207Niya\u548c\u6d0b\u8525\u5c0d\u6230\u70b8\u5f48\u8d85\u4eba! \u52dd\u5229\u8005\u53ef\u7372\u5f97\u9b3c\u6ec5 x Xrage \u806f\u540d\u5546\u54c1\n9.\u734e\u91d1\u904a\u6232\u8cfd\u7b2c\u4e8c\u8f2a\u904a\u6232-\u70b8\u5f48\u8d85\u4eba!\n\n\u3010\u8a02\u95b1\u3011\u53ca\u89c0\u770b\u6d0b\u8525\u66f4\u591a\u5f71\u7247: https://goo.gl/ijP3Eb\n\n\u5de5\u4f5c\u5408\u4f5c\uff1aonionmanwork@gmail.com\nOnion Man \u767e\u842c\u8ffd\u8e64\u7c89\u7d72\u5718:goo.gl/Z5CSvw\n\n\u6700\u65b0\u963f\u6587\u8cbc\u5716:https://reurl.cc/GxYjA\n\n\u7b2c\u4e00\u4ee3\u963f\u6587line\u8cbc\u5716:https://reurl.cc/Wroxx\n\n\u6d0b\u8525\u79c1\u751f\u6d3bIG:https://www.instagram.com/onionman__/\n\n\n\u904b\u52d5\u6f2b\u756b\u88e1\u7684\u4e2d\u4e8c\u8001\u6897\u5287\u60c5\n\u25ba\u7b2c\u4e00\u96c6:https://youtu.be/cMoV1rPH35k\n\u25ba\u7b2c\u4e8c\u96c6:https://youtu.be/iW7LM00lny0\n\u25ba\u7b2c\u4e09\u96c6:https://youtu.be/2G5wu61uCM0\n\u25ba\u7b2c\u56db\u96c6:https://youtu.be/-rP1abYv8n4\n\nOnion Man \u95dc\u9375\u5b57:\n\u4e2d\u4e8c \u80a5\u5b85 \u55ae\u8eab\u6f22 \u55ae\u8eab \u9b6f\u86c7 \u5c4c\u7d72 \u80a5\u5b85",
        "likeCount": "13965",
        "commentCount": "1722",
        "viewCount": "971369"
    },
    "comments": [
        {
            "reply_id": "Ugwe-dQ9yXc9PySV8Gd4AaABAg",
            "reply_content": "\u7d50\u679c\u2026\u73fe\u5728\u63a5\u500b\u696d\u914d\u8cfa\u7684\u4e5f\u6bd4\u6b66\u9675\u7b2c\u4e00\u540d\u7684\u5e74\u85aa\u9084\u591a",
            "likeCount": 1
        },
        {
            "reply_id": "UgwTQH5WqPN8bmnEhmd4AaABAg",
            "reply_content": "\u54c8\u54c8\u54c8\u54c8",
            "likeCount": 0
        },
        {
            "reply_id": "UgwxDNoMUnQ0mbzobG14AaABAg",
            "reply_content": "\u6d0b\u8525\u5047\u8a2d\u7684\u984c\u76ee\u597d\u7c21\u55ae",
            "likeCount": 0
        },
        {
            "reply_id": "UgxJnaPTivasiTZGia94AaABAg",
            "reply_content": "\u8525\u54e5\u771f\u7684\u88ab\u570b\u4e2d\u8001\u5e2b\u5f71\u97ff\u5f88\u6df1\n\u8003\u8a66\u6210\u7e3e\u771f\u7684\u4e0d\u4ee3\u8868\u9ad8\u4f4e\u4eba\u7b49",
            "likeCount": 0
        },
        {
            "reply_id": "Ugyi-WYp8Zcq5935s0J4AaABAg",
            "reply_content": "\u967d\u660e\u9ad8\u4e2d",
            "likeCount": 0
        },
        {
            "reply_id": "UgwCnDz_Lb3siPZCTo94AaABAg",
            "reply_content": "\u8d85\u4fd7",
            "likeCount": 0
        },
        {
            "reply_id": "UgxEWwYZYLdh1cVfpEZ4AaABAg",
            "reply_content": "\u6d0b\u8525\u5c0f\u817f\u883b\u58ef\u7684",
            "likeCount": 0
        },
        {
            "reply_id": "UgygfLrKvrZTE9RXQVF4AaABAg",
            "reply_content": "\u7d05\u5091\u662f\u771f\u6b63\u7684\u721b\u547d\u4e00\u689d",
            "likeCount": 0
        },
        {
            "reply_id": "Ugy1_fE2tzRLaisp1O54AaABAg",
            "reply_content": "\u524d\u5973\u53cb\u9019\u6a23\u6703\u6688\u5427",
            "likeCount": 0
        },
        {
            "reply_id": "UgwuE2sRcC5QZvJA0mF4AaABAg",
            "reply_content": "\u70ba\u4ec0\u9ebc\u4e2d\u5c71\u4e0d\u662f\u4e2d\u5b57\u8f29",
            "likeCount": 0
        },
        {
            "reply_id": "UgwHVuMqZiH8nN8wOgl4AaABAg",
            "reply_content": "\u62bd",
            "likeCount": 0
        },
        {
            "reply_id": "UgyljITWua3nIkT4zfV4AaABAg",
            "reply_content": "\u70ba\u4ec0\u9ebc\u793e\u6703\u885d\u523a\u73ed\u9ed1\u677f\u4e0a\u662f\u6578\u5b78\u5440",
            "likeCount": 0
        },
        {
            "reply_id": "Ugw7eXWJwWEFo0kkGgF4AaABAg",
            "reply_content": "\u89ba\u5f97\u9019\u7cfb\u5217\u5f88\u9069\u5408\u570b\u9ad8\u4e2d\u7684\u540c\u5b78\u6fc0\u52f5\u81ea\u5df1\u54c8\u54c8",
            "likeCount": 0
        },
        {
            "reply_id": "UgzlzpnFgdzPQReJuHV4AaABAg",
            "reply_content": "\u5f88\u597d\u5947\u771f\u7684\u6709\u4eba\u5b78\u6e2c\u770b\u5230\u984c\u76ee\u90fd\u6703\u7684\u55ce \u611f\u89ba\u90fd\u662f\u6211\u6703\u7684\u984c\u76ee\u7684\u90a3\u7a2e\u611f\u89ba",
            "likeCount": 0
        },
        {
            "reply_id": "UgxLEr63jnvmFKVOAMt4AaABAg",
            "reply_content": "\u5f88\u591a\u4eba\u7684\u4eba\u5beb\u7167",
            "likeCount": 0
        },
        {
            "reply_id": "UgwFAvh7M88aobaGriB4AaABAg",
            "reply_content": "\u793e\u6703\u885d\u523a\u73ed\u9ed1\u677f\u90fd\u662f\u6578\u5b78\u54c8\u54c8\u54c8\u54c8",
            "likeCount": 0
        },
        {
            "reply_id": "UgwHKl3CAxVH8EtDGFt4AaABAg",
            "reply_content": "\u7167\u7247\u88e1\u7684\u7a7f\u642d\u8ddf\u666e\u901a\u5b85\u7537\u6c92\u4ec0\u9ebc\u5169\u6a23",
            "likeCount": 0
        },
        {
            "reply_id": "UgxXD2uA8_eY37rV2xB4AaABAg",
            "reply_content": "\u6d0b\u8525\u6709\u4eba\u627e\u5230\u4f60\u7684\u7167\u7247\u5230\u8655\u50b3\u64ad\u5728\u6296\u97f3",
            "likeCount": 0
        },
        {
            "reply_id": "Ugw5r2fpVm9uWDI8lMt4AaABAg",
            "reply_content": "\u6211\u77e5\u9053\u4f60\u9577\u600e\u6a23\u6b38\u6d0b\u8525",
            "likeCount": 0
        },
        {
            "reply_id": "Ugz_1QJEB1fuDI9G7sh4AaABAg",
            "reply_content": "\u6211\u8205\u8205\u4e5f\u8b80\u904e\u6b66\u6797\u9ad8\u4e2d",
            "likeCount": 2
        },
        {
            "reply_id": "UgwTB2q19hXOWoBfROV4AaABAg",
            "reply_content": "\u6843\u5712\u771f\u7684\u5f88\u7af6\u722d",
            "likeCount": 1
        },
        {
            "reply_id": "UgyA-My-aUpJr2uvId94AaABAg",
            "reply_content": "\u6843\u5712\u4eba\u770b\u6d0b\u8525\u6709\u6a02\u8da3\u52a0\u4e58",
            "likeCount": 1
        },
        {
            "reply_id": "UgzwlyXgFRTdBaKgAdt4AaABAg",
            "reply_content": "\u6d0b\u8525\u597d\u53b2\u5bb3\u597d\u8a8d\u771f",
            "likeCount": 0
        },
        {
            "reply_id": "UgxhRy9ZvHeMdlrqfVF4AaABAg",
            "reply_content": "\u571f\u7206\u4e86",
            "likeCount": 0
        },
        {
            "reply_id": "Ugz8ZqCULuzMY3AEyWd4AaABAg",
            "reply_content": "\u8ddf\u6d0b\u8525\u6709\u5dee\u4e0d\u591a\u7684\u7d93\u6b77\uff0c\u5f88\u6709\u611f\u89f8\u4f46\u56de\u982d\u770b\u4e5f\u6703\u89ba\u5f97\u6210\u7e3e\u76e1\u529b\u5c31\u597d\uff0c\u8207\u6536\u5165\u9ad8\u4f4e\u7684\u95dc\u806f\u6027\u771f\u7684\u4e0d\u898b\u5f97\u76f8\u95dc",
            "likeCount": 0
        }
    ]
}