{
    "video_info": {
        "id": "ubX2a2mKi5I",
        "channelTitle": "Onion Man",
        "title": "Onion Man | \u7d05\u5305\u884c\u60c5\u7adf\u89813600\u5143?? \u670b\u53cb\u5011\u760b\u72c2\u7d50\u5a5a\u8377\u5305\u898b\u5e95\uff01 | \u5a5a\u79ae\u5fc3\u60c5\u4e94\u5473\u96dc\u9673\u7bc7",
        "description": "\u4e0d\u8981\u518d\u64ad\u6210\u9577\u5f71\u7247\u4e86\u5566~\n*\u5167\u5bb9\u7d14\u5c6c\u5a1b\u6a02\u5410\u69fd\uff0c\u7121\u60e1\u610f\n*\u7247\u4e2d\u7167\u7247\u8207\u6d0b\u8525\u7fa4\u672c\u4eba\u7121\u95dc\u806f\n\n\u611f\u8b1dONIONMETA DC\u7fa4\u53cb\u5ba2\u4e32\u5973\u4e3b\u6301\u4eba\n IG:https://instagram.com/teresa._.0712?utm_medium=copy_link\n\n\u3010\u8a02\u95b1\u3011\u53ca\u89c0\u770b\u6d0b\u8525\u66f4\u591a\u5f71\u7247: https://goo.gl/ijP3Eb\n\n\u5de5\u4f5c\u5408\u4f5c\uff1aonionmanwork@gmail.com\nOnion Man \u767e\u842c\u8ffd\u8e64\u7c89\u7d72\u5718:goo.gl/Z5CSvw\n\n\u6700\u65b0\u963f\u6587\u8cbc\u5716:https://reurl.cc/GxYjA\n\n\u7b2c\u4e00\u4ee3\u963f\u6587line\u8cbc\u5716:https://reurl.cc/Wroxx\n\n\u6d0b\u8525\u79c1\u751f\u6d3bIG:https://www.instagram.com/onionman__/\n\n\n\u904b\u52d5\u6f2b\u756b\u88e1\u7684\u4e2d\u4e8c\u8001\u6897\u5287\u60c5\n\u25ba\u7b2c\u4e00\u96c6:https://youtu.be/cMoV1rPH35k\n\u25ba\u7b2c\u4e8c\u96c6:https://youtu.be/iW7LM00lny0\n\u25ba\u7b2c\u4e09\u96c6:https://youtu.be/2G5wu61uCM0\n\u25ba\u7b2c\u56db\u96c6:https://youtu.be/-rP1abYv8n4\n\nOnion Man \u95dc\u9375\u5b57:\n\u4e2d\u4e8c \u80a5\u5b85 \u55ae\u8eab\u6f22 \u55ae\u8eab \u9b6f\u86c7 \u5c4c\u7d72 \u80a5\u5b85",
        "likeCount": "13842",
        "commentCount": "1396",
        "viewCount": "737465"
    },
    "comments": [
        {
            "reply_id": "UgzQn1yRAAiUxnojAG54AaABAg",
            "reply_content": "\u5e0c\u671b\u80fd\u4e00\u8def\u770b\u5230\u6d0b\u8525\u756b\u51fa\u81ea\u5df1\u7684\u5a5a\u79ae",
            "likeCount": 8
        },
        {
            "reply_id": "Ugxx6cZqgZyTSxyPqB54AaABAg",
            "reply_content": "\u5e0c\u671b\u54ea\u5929\u80fd\u770b\u5230\u8525\u54e5\u756b\u81ea\u5df1\u5a5a\u79ae\u7684\u7cfb\u5217",
            "likeCount": 2
        },
        {
            "reply_id": "UgwvJ6iIwg02eomRw9F4AaABAg",
            "reply_content": "\u6d0b\u8471\u6700\u8fd1\u7684\u5f71\u7247\u90fd\u8d8a\u6765\u8d8a\u6b63\u80fd\u91cf\u4e86",
            "likeCount": 1
        },
        {
            "reply_id": "Ugz7cyabN7TSUZ6iJUl4AaABAg",
            "reply_content": "\u535a\u921e\u53ea\u5728\u4e4e\u5403\u7684\u6709\u5920\u9760\u5317",
            "likeCount": 1
        },
        {
            "reply_id": "UgyrsTxxRJHojdQjfH14AaABAg",
            "reply_content": "\u7247\u5c3e\u6211\u4ee5\u70ba\u535a\u5747\u6703\u8aaa\uff1a\u525b\u525b\u7684\u96de\u6e6f\u5fd8\u8a18\u6253\u5305\u4e86\u4e4b\u985e\u7684",
            "likeCount": 1
        },
        {
            "reply_id": "Ugwm6CVvsPQisoKQwwB4AaABAg",
            "reply_content": "\u771f\u7684\u6bcf\u6b21\u53c3\u52a0\u5b8c\u5a5a\u79ae\u90fd\u89ba\u5f97\u5f88\u60c6\u60b5",
            "likeCount": 1
        },
        {
            "reply_id": "UgwT1qJ9O24RuKWltI54AaABAg",
            "reply_content": "\u5b8c\u4e86 \u6211\u5168\u540d\u9673\u51a0\u8c6a\u548c\u6d0b\u8525\u8aaa\u7684\u9673\u51a0\u5ef7\u540d\u5b57\u597d\u50cf",
            "likeCount": 0
        },
        {
            "reply_id": "UgwPS9CHzgbhAIi5y-V4AaABAg",
            "reply_content": "\u5305\u7d05\u5305\u4e0d\u662f\u554f\u984c\uff0c\u554f\u984c\u662f\u73fe\u5728\u7684\u59b9\u90fd\u6c92\u6709\u4e00\u500b\u6b63\u9ede",
            "likeCount": 0
        },
        {
            "reply_id": "UgzgyXk6z5pHvnEsiRN4AaABAg",
            "reply_content": "\u96e2\u5a5a\u8a18\u5f97\u9000\u79ae\u91d1",
            "likeCount": 0
        },
        {
            "reply_id": "Ugx15joc4mhOwpg6sFd4AaABAg",
            "reply_content": "\u67cf\u5747\u597d\u77ee\u597d\u53ef\u611b",
            "likeCount": 0
        },
        {
            "reply_id": "UgxvYdABn8FjF0C29Sd4AaABAg",
            "reply_content": "\u6211\u4ee5\u70ba\u7d50\u5c3e\u6703\u6311\u51fa\u4ec0\u9ebc\u4ea4\u53cb\u8edf\u9ad4\u7684\u696d\u914d\u4e4b\u985e\u7684\u6b38\ud83d\ude02",
            "likeCount": 0
        },
        {
            "reply_id": "Ugx_tTRj3WGVOS--Cvp4AaABAg",
            "reply_content": "\u5a01\u529b\u5c0e\u6f14\u7b11\u6b7b",
            "likeCount": 0
        },
        {
            "reply_id": "UgwjfWGfaPgaI3uNu3N4AaABAg",
            "reply_content": "\u535a\u921e\u597d\u771f\u5be6",
            "likeCount": 0
        },
        {
            "reply_id": "UgxzTxuGZHo3CeLQFHV4AaABAg",
            "reply_content": "\u963f\u6587\u600e\u9ebc\u90a3\u9ebc\u54ed",
            "likeCount": 0
        },
        {
            "reply_id": "Ugw1ErDJVpMyKxUjWVN4AaABAg",
            "reply_content": "\u5e78\u597d\u6211\u6c92\u670b\u53cb",
            "likeCount": 0
        },
        {
            "reply_id": "Ugx6UiWHh1UcRiELCox4AaABAg",
            "reply_content": "\u901a\u5e38\u65b0\u5a18\u9032\u5834\u5b8c\u624d\u6709\u4e0a\u83dc\u5566~\u81f4\u8a5e\u7684\u6642\u5019\u53ea\u80fd\u5728\u4e0b\u9762\u9ed8\u9ed8\u559d\u7d05\u9152",
            "likeCount": 0
        },
        {
            "reply_id": "Ugy8pAn7RoLwhZ3HxER4AaABAg",
            "reply_content": "\u6211\u53c2\u52a0\u5a5a\u793c\u4e5f\u662f\u8fd9\u6837\u7684\u5fc3\u6001",
            "likeCount": 0
        },
        {
            "reply_id": "Ugzugd4M7OYaD02Vn9N4AaABAg",
            "reply_content": "\u6210\u9577\u5f71\u7247\u8d85\u597d\u7b11",
            "likeCount": 0
        },
        {
            "reply_id": "UgyC8eFJQuQtsIOVOVd4AaABAg",
            "reply_content": "\u770b\u4ea4\u60c5\u6c7a\u5b9a\u5305\u591a\u5c11",
            "likeCount": 0
        },
        {
            "reply_id": "UgxTVvDPPXSDG8sY33Z4AaABAg",
            "reply_content": "\u9019\u7bc7\u5b8c\u5168\u4e2d",
            "likeCount": 0
        },
        {
            "reply_id": "UgwnBx0b_4SROTglO8t4AaABAg",
            "reply_content": "\u90a3\u4ec0\u9ebc\u6b4c",
            "likeCount": 0
        },
        {
            "reply_id": "UgyGeZErMYKfzjp4sI94AaABAg",
            "reply_content": "\u627e\u963f\u5b78\u5566",
            "likeCount": 0
        },
        {
            "reply_id": "UgwgwGCgTvMIT_27REB4AaABAg",
            "reply_content": "\u5305\u5169\u767e\u5c31\u597d\u5566",
            "likeCount": 0
        },
        {
            "reply_id": "Ugzykmf4VeLA5MIkSmt4AaABAg",
            "reply_content": "\u63a8\u767d\u566a\u97f3",
            "likeCount": 0
        },
        {
            "reply_id": "Ugzb6KOijMiw-GhOaR94AaABAg",
            "reply_content": "\u5361",
            "likeCount": 0
        }
    ]
}