{
    "video_info": {
        "id": "ucvBM_NHRz4",
        "channelTitle": "Onion Man",
        "title": "Onion Man | \u4ee5\u53f0\u5927\u70ba\u76ee\u6a19\uff01\u9ad8\u4e2d\u5347\u5927\u5b78\u7cfb\u5217\uff01 (\u4e8c) \u5b78\u6e23\u5011\u7684\u89ba\u609f",
        "description": "\u8acb\u5148\u770b\u5b8c\u7b2c\u4e00\u96c6\u8ddf\u963f\u5b78\u7bc7\u518d\u4f86\u770b\u7b2c\u4e8c\u96c6\n\u672c\u96c6\u81f4\u656c\u68cb\u9748\u738b\n\nOnionMeta\u5b98\u7db2: https://www.onionmeta.club/\nOnionMeta : https://opensea.io/collection/onion-meta-official\nOnionMeta\u8fd1\u671f\u8ce6\u80fd\u6574\u7406\n[\u793e\u7fa4\u6700\u8fd1\u7684\u8ce6\u80fd\u6d3b\u52d5\u6574\u7406]\n1.\u7fa4\u5167GK\u8207\u666f\u54c1\u7a81\u8972\u62bd\u734e!! (\u6700\u9ad8\u5e02\u50f9\u905410000\u5143) \n2.\u5b85\u7537\u76db\u4e8b!\u570b\u969b\u96fb\u73a9\u5c55\u9580\u7968 100\u5f35\u514d\u8cbb\u9001!!\n3.\u6d0b\u8525\u5718\u968a\u5982\u4f55\u62b5\u64cb\u516c\u552e\u6a5f\u5668\u4eba\u7684?\u9996\u6ce2\u6d0b\u8525\u5b87\u5b99\u5c08\u5c6c\u6f14\u8b1b-\u6280\u8853\u9577\u5f37\u5c3c\u7684\u7d42\u6975\u9632\u79a6\u529b\u89e3\u6790!\n4.\u6d0b\u8525\u8207\u62f3\u723a\u7531\u611b\u8f49\u6068? \u528d\u9b42\u751f\u6b7b\u9b25! \u8ced\u4e0a\u5404\u81ea\u7684\u5c0a\u56b4!\u7c89\u7d72\u9078\u908a\u7ad9!!!\u5718\u968a\u63d0\u4f9b1.1\u9846\u4ee5\u592a\u5e63\u7d66\u53f0\u4e0b\u7684\u8525\u7c89\u62f3\u7c89\u505a\u70ba\u734e\u91d1\n5.\u9805\u76ee\u65b9\u4e4b\u53cb\u7684\u767d\u540d\u55ae\u62bd\u734e~! \u611f\u8b1d\u738b\u72d7\u3001\u653e\u514b\u96de\u3001\u53cd\u9aa8\u5718\u968a\u63d0\u4f9b\u767d\u540d\u55ae\u540d\u984d!\n6.OnionMeta\u6d0b\u8525\u5b87\u5b99\u9996\u6b21\u734e\u91d1\u904a\u6232\u8cfd! \u7e3d\u734e\u91d1\u9ad8\u905410\u9846\u4ee5\u592a\u5e63!! \u7b2c\u4e00\u8f2a\u904a\u6232-\u4f60\u756b\u6211\u731c!\n7.\u5e74\u5f8c\u4e4b\u812b\u96e2\u80a5\u5b85\u8a08\u756b!!\uff0c\u8207Leisure Bespoke\u806f\u540d\u7279\u60e0\u6d3b\u52d5!!!\u6e96\u5099\u597d\u518d\u5e74\u5f8c\u7a7f\u897f\u88dd\u5e25\u4e00\u6ce2\u5427!!!\n8.\u548c\u5973\u795eNiya\u4e00\u8d77\u540c\u6a02!\uff0c\u8207Niya\u548c\u6d0b\u8525\u5c0d\u6230\u70b8\u5f48\u8d85\u4eba! \u52dd\u5229\u8005\u53ef\u7372\u5f97\u9b3c\u6ec5 x Xrage \u806f\u540d\u5546\u54c1\n9.\u734e\u91d1\u904a\u6232\u8cfd\u7b2c\u4e8c\u8f2a\u904a\u6232-\u70b8\u5f48\u8d85\u4eba!\n\n\n\u3010\u8a02\u95b1\u3011\u53ca\u89c0\u770b\u6d0b\u8525\u66f4\u591a\u5f71\u7247: https://goo.gl/ijP3Eb\n\n\u5de5\u4f5c\u5408\u4f5c\uff1aonionmanwork@gmail.com\nOnion Man \u767e\u842c\u8ffd\u8e64\u7c89\u7d72\u5718:goo.gl/Z5CSvw\n\n\u6700\u65b0\u963f\u6587\u8cbc\u5716:https://reurl.cc/GxYjA\n\n\u7b2c\u4e00\u4ee3\u963f\u6587line\u8cbc\u5716:https://reurl.cc/Wroxx\n\n\u6d0b\u8525\u79c1\u751f\u6d3bIG:https://www.instagram.com/onionman__/\n\n\n\u904b\u52d5\u6f2b\u756b\u88e1\u7684\u4e2d\u4e8c\u8001\u6897\u5287\u60c5\n\u25ba\u7b2c\u4e00\u96c6:https://youtu.be/cMoV1rPH35k\n\u25ba\u7b2c\u4e8c\u96c6:https://youtu.be/iW7LM00lny0\n\u25ba\u7b2c\u4e09\u96c6:https://youtu.be/2G5wu61uCM0\n\u25ba\u7b2c\u56db\u96c6:https://youtu.be/-rP1abYv8n4\n\nOnion Man \u95dc\u9375\u5b57:\n\u4e2d\u4e8c \u80a5\u5b85 \u55ae\u8eab\u6f22 \u55ae\u8eab \u9b6f\u86c7 \u5c4c\u7d72 \u80a5\u5b85",
        "likeCount": "16756",
        "commentCount": "2141",
        "viewCount": "1153410"
    },
    "comments": [
        {
            "reply_id": "UgzjgUXh3dZE8xQgDZZ4AaABAg",
            "reply_content": "e04\u771f\u7684\u88ab\u6fc0\u52f5\u5230\u4e86\u6211\u73fe\u5728\u9ad8\u4e00\u4e0a\u5730\u7406\u721b\u5230\u7206\u7406\u79d1\u4e5f\u6c92\u7279\u5225\u597d\u5b78\u671f\u904e\u4e86\u4e00\u534a\u4e5f\u540a\u8eca\u5c3e\u4e86\u4e00\u534a\u6211\u4e5f\u662f\u4e00\u500b\u4e8b\u500d\u529f\u8fa6\u7684\u4eba\u4f46\u6211\u53c8\u4e0d\u559c\u6b61\u6bcf\u5929\u62ff\u8457\u66f8\u4e00\u76f4\u770b\u6240\u4ee5\u9003\u907f\u6703\u8003\u9078\u64c7\u76f4\u5347\u7d50\u679c\u9ad8\u4e2d\u8ab2\u7a0b\u96e3\u5230\u9760\u676f\u6211\u9084\u4ee5\u70ba\u6211\u5f88\u8070\u540d\u6bcf\u6b21\u90fd\u5230\u8003\u524d\u624d\u770b\u7d50\u679c\u5c31\u5ee2\u5230\u5012\u6578\u7b2c\u4e09\u672c\u4f86\u60f3\u8981\u7533\u8acb\u5230\u653e\u725b\u73ed\u4f46\u770b\u5230\u4f60\u7684\u5f71\u7247\u6211\u771f\u7684\u89ba\u5f97\u6216\u8a31\u6a5f\u6703\u662f\u53ef\u4ee5\u52aa\u529b\u5f97\u4f86\u7684\u6211\u6c7a\u5b9a\u8981\u597d\u597d\u770b\u66f8\u4e86\u8b1d\u8b1d\u4f60",
            "likeCount": 1
        },
        {
            "reply_id": "UgySRQmjaK8TgDbi1G54AaABAg",
            "reply_content": "\u6211\u5b8c\u5168\u6c92\u5728\u8b80\u66f8\u8003\u4e86\u8ddf\u6d0b\u8525\u4e00\u6a23\uff0c\u6211\u662f\u4e0d\u662f\u6c92\u6551\u4e86",
            "likeCount": 1
        },
        {
            "reply_id": "UgyrSXBkmTcgkLHgix94AaABAg",
            "reply_content": "\u6c34\u5594",
            "likeCount": 1
        },
        {
            "reply_id": "UgxqgDvjarobyutRerp4AaABAg",
            "reply_content": "\u7d50\u679c\u6700\u5f8c\u6d0b\u8525\u73fe\u5728\u6210\u70ba\u4e86\u767e\u842c\u8a02\u95b1\u7684\u4e3b\u64ad\uff0c\u6709\u4eba\u62fc\u547d\u8b80\u66f8\u73fe\u5728\u9084\u4e0d\u662f\u4e00\u6a23\uff0c\u6bcf\u5929\u7e7c\u7e8c\u8981\u6b7b\u8981\u6d3b\u7684\u8cfa\u9322",
            "likeCount": 0
        },
        {
            "reply_id": "UgxlcgO2EI-BsMuS_pZ4AaABAg",
            "reply_content": "\u6211\u8a8d\u771f\u89ba\u5f97\u9019\u662f\u5e7e\u500b\u6708\u5f8c\u7684\u6211",
            "likeCount": 0
        },
        {
            "reply_id": "UgywKcGFPAmZILE73AR4AaABAg",
            "reply_content": "\u6d0b\u8525\u7248\u68cb\u9748\u738b",
            "likeCount": 0
        },
        {
            "reply_id": "UgwewDOTUKXYKi26omR4AaABAg",
            "reply_content": "\u4e0d\u662f\u662f\u8ddf\u8001\u5e2b\u55c6\u8766\u7684\u7d05\u59d0\u672c\u4eba",
            "likeCount": 0
        },
        {
            "reply_id": "Ugwtn7s1HCr9AOgtLDp4AaABAg",
            "reply_content": "\u9ad8\u4e2d\u7269\u7406\u771f\u7684\u5f88\u96e3",
            "likeCount": 0
        },
        {
            "reply_id": "Ugy1Q_LgV1Zm-UvPD6t4AaABAg",
            "reply_content": "\u6c42\u958b\u982d\u7684\u97f3\u6a02",
            "likeCount": 0
        },
        {
            "reply_id": "Ugw616X3jqA4VVVgUz54AaABAg",
            "reply_content": "\u9019\u96c6\u5206\u93e1\u8ddf\u5c0d\u8a71\u7528\u7684\u662f\u53c3\u8003\u68cb\u9748\u738b\u7684\u6210\u9577\u5fc3\u8def\u4f86\u63cf\u5beb\uff5e",
            "likeCount": 0
        },
        {
            "reply_id": "UgwL3XYzrd971ZDYs814AaABAg",
            "reply_content": "\u600e\u9ebc\u9019\u9ebc\u597d\u770b",
            "likeCount": 0
        },
        {
            "reply_id": "Ugx-XYKpxaa3RjI76KN4AaABAg",
            "reply_content": "\u600e\u9ebc\u6709\u68cb\u9748\u738b\u7684\u611f\u89ba",
            "likeCount": 0
        },
        {
            "reply_id": "UgzjKaA_cj4iSfCaSxR4AaABAg",
            "reply_content": "\u623f\u4e3b\u64ad\u653e\u5668",
            "likeCount": 0
        },
        {
            "reply_id": "UgzBmhnWRYHd9vmXS9V4AaABAg",
            "reply_content": "\u5047\u80a5\u5b85",
            "likeCount": 0
        },
        {
            "reply_id": "UgwvpPOyayY6UOQnkGh4AaABAg",
            "reply_content": "\u6211\u8a18\u5f97\u7576\u521d\u4e5f\u88ab\u9ad8\u4e8c\u7684\u7269\u7406\u5687\u5230",
            "likeCount": 0
        },
        {
            "reply_id": "UgxlT8aRp2GTX87V8Dd4AaABAg",
            "reply_content": "\u767d\u9aee\u4e0d\u662f\u5927\u9f3b\u5a01\u9ebd",
            "likeCount": 0
        },
        {
            "reply_id": "UgyuMChdSrm1Tc9EiPd4AaABAg",
            "reply_content": "\u5927\u9f3b\u5a01\u8b8a\u6210\u776a\u9996",
            "likeCount": 0
        },
        {
            "reply_id": "UgxRGeIGMnRApyOA3Hx4AaABAg",
            "reply_content": "\u8f15\u6613",
            "likeCount": 0
        },
        {
            "reply_id": "UgxKzUb1M1ML13kKzyx4AaABAg",
            "reply_content": "\u68cb\u9748\u738b\u4e2d\u6bd2\u5f88\u6df1",
            "likeCount": 0
        },
        {
            "reply_id": "Ugxd_oPz6wdeqQNRlKp4AaABAg",
            "reply_content": "\u6211\u73fe\u5728\u5c31\u5728\u9aa8\u4e00\u6211\u597d\u75db\u82e6\u570b\u4e2d\u7684\u751f\u6d3b\u58d3\u529b\u5f88\u5927",
            "likeCount": 0
        },
        {
            "reply_id": "UgxioVtQppChyHcJLe94AaABAg",
            "reply_content": "\u88ab\u4f60\u756b\u7684\u597d\u6709\u6d77\u8cca\u738b\u7684\u71b1\u8840",
            "likeCount": 0
        },
        {
            "reply_id": "Ugxt7JFwBBRRP-mIWHl4AaABAg",
            "reply_content": "\u6574\u7247\u5c31\u52a9\u7406\u8001\u5e2b\u8072\u97f3\u6700\u597d\u7b11",
            "likeCount": 0
        },
        {
            "reply_id": "UgweIYUjj4yKgn2I7MZ4AaABAg",
            "reply_content": "\u797a\u9748\u738b",
            "likeCount": 0
        },
        {
            "reply_id": "UgwZVmWmuLtRe4Efc154AaABAg",
            "reply_content": "\u90a3\u500b\u52a9\u7406\u8001\u5e2b\u771f\u7684\u597d\u9760\u5317\u5594",
            "likeCount": 0
        },
        {
            "reply_id": "UgxaJQh4GU8ZIRBHA6h4AaABAg",
            "reply_content": "\u4ee5\u524d\u662f\u8b80\u4e94\u5c08\u7684\u6c92\u6709\u8b80\u904e\u9ad8\u4e2d\uff0c\u539f\u4f86\u9ad8\u4e2d\u751f\u6d3b\u662f\u9019\u6a23\u554a",
            "likeCount": 0
        }
    ]
}