{
    "video_info": {
        "id": "V5aof3g3KZw",
        "channelTitle": "Onion Man",
        "title": "Onion Man | \u6613\u80d6\u9ad4\u8cea\u7684\u75db\u82e6\u4eba\u751f\uff01\u6311\u6230\u6b50\u6d32\u9ad8\u71b1\u91cf\u7f8e\u98df\u4e0d\u8b8a\u80a5\uff01\u81ea\u5f8b\u4e4b\u9b3c\u6d0b\u8525\u7bc7",
        "description": "\u4e00\u751f\u90fd\u88ab\u6e1b\u80a5\u7d81\u4f4f\uff0c\u7e3d\u662f\u5728\u7bc0\u98df\u7121\u6cd5\u76e1\u60c5\u4eab\u53d7\n\u4f46\u53c8\u60f3\u7dad\u6301\u7626\u7626\u7684\u6a23\u5b50\n\u9019\u8d9f\u6d0b\u8525\u60f3\u958b\u4e86\uff0c\u6c7a\u5b9a\u6539\u8b8a\u5fc3\u614b\n\n\u611f\u8b1d\u672c\u9031\u4e7e\u7239\uff1a\n\u9019\u6b21\u7d42\u65bc\u53ef\u4ee5\u745f\u745f\u5566\uff01\n\u300a\u6afb\u5883\u7269\u8a9e\u300bEROLABS\u4e0a\u8eca\u5165\u53e3\uff1ahttps://l.hyenadata.com/s/1ISQVX\n\n\u3010\u8a02\u95b1\u3011\u53ca\u89c0\u770b\u6d0b\u8525\u66f4\u591a\u5f71\u7247: https://goo.gl/ijP3Eb\n\n\u5de5\u4f5c\u5408\u4f5c\uff1aonionmanwork@gmail.com\nOnion Man \u767e\u842c\u8ffd\u8e64\u7c89\u7d72\u5718:goo.gl/Z5CSvw\n\n\u6700\u65b0\u963f\u6587\u8cbc\u5716:https://reurl.cc/GxYjA\n\n\u7b2c\u4e00\u4ee3\u963f\u6587line\u8cbc\u5716:https://reurl.cc/Wroxx\n\n\u6d0b\u8525\u79c1\u751f\u6d3bIG:https://www.instagram.com/onionman__/\n\n\n\u904b\u52d5\u6f2b\u756b\u88e1\u7684\u4e2d\u4e8c\u8001\u6897\u5287\u60c5\n\u25ba\u7b2c\u4e00\u96c6:https://youtu.be/cMoV1rPH35k\n\u25ba\u7b2c\u4e8c\u96c6:https://youtu.be/iW7LM00lny0\n\u25ba\u7b2c\u4e09\u96c6:https://youtu.be/2G5wu61uCM0\n\u25ba\u7b2c\u56db\u96c6:https://youtu.be/-rP1abYv8n4\n\nOnion Man \u95dc\u9375\u5b57:\n\u4e2d\u4e8c \u80a5\u5b85 \u55ae\u8eab\u6f22 \u55ae\u8eab \u9b6f\u86c7 \u5c4c\u7d72 \u80a5\u5b85",
        "likeCount": "8833",
        "commentCount": "730",
        "viewCount": "617494"
    },
    "comments": [
        {
            "reply_id": "UgxV_23Fj5t-bmd7CSl4AaABAg",
            "reply_content": "\u8525\u8525\u8981\u53bb\u67e5\u67e5\u770b\u6709\u6c92\u6709\u764c\u75c7\u5594",
            "likeCount": 1
        },
        {
            "reply_id": "Ugyxty7lrXWI_MtmBz54AaABAg",
            "reply_content": "\u6668\u6668\u6709\u5403\u904e\u96de\u96de\u5594\n\u4e0d\u7136\u600e\u9ebc\u77e5\u9053\u90a3\u500b\u5473\u9053\u50cf\u96de\u96de",
            "likeCount": 1
        },
        {
            "reply_id": "UgwNf1SHxK0LD1CSLAJ4AaABAg",
            "reply_content": "\u5176\u5be6\u62c9\u5c4e\u4fbf\u884c\u4e86",
            "likeCount": 1
        },
        {
            "reply_id": "UgxGihpMCDFrZvVb56V4AaABAg",
            "reply_content": "\u597d\u5389\u5bb3\uff0c\u6211\u51fa\u53bb\u90fd\u662f\u5927\u5403\u7279\u5403\u5230\u8981\u4e70\u5065\u80c3\u6d88\u98df\u7247\uff0c\u5403\u5230\u540e\u9762\u6218\u6597\u529b\u8d8a\u6765\u8d8a\u4e0b\u660e\u660e\u4e00\u5929\u8fd0\u52a8\u91cf\u8fd8\u5f88\u4e0d\u9519",
            "likeCount": 0
        },
        {
            "reply_id": "UgzGC_4eqQDNte8HU8x4AaABAg",
            "reply_content": "\u51fa\u53bb\u73a9\u5e79\u561b\u8981\u7bc0\u5236",
            "likeCount": 0
        },
        {
            "reply_id": "UgyvbMqr6WM50gdXoA14AaABAg",
            "reply_content": "\u4f86\u6211\u7684\u5fb7\u570b\u7d2f\u4e86\u5c31\u7761\u6c92\u95dc\u4fc2\u7684",
            "likeCount": 0
        },
        {
            "reply_id": "UgyqKW3tyxH1LHmoGc14AaABAg",
            "reply_content": "\u53e3\u4e7e\u5403\u751f\u83dc\u6c99\u62c9\u83ab\u540d\u5c31\u4e0d\u53e3\u6e34\u4e86",
            "likeCount": 0
        },
        {
            "reply_id": "UgzKuC8M3RWLHSq7rfF4AaABAg",
            "reply_content": "\u5c45\u7136\u82b1\u5927\u9322\u4e86\u5c31\u653e\u958b\u5427 \u56de\u4f86\u53f0\u7063\u518d\u52aa\u529b\u5c31\u597d\u4e86",
            "likeCount": 0
        },
        {
            "reply_id": "Ugyy5d4DqaP_gp6FBWF4AaABAg",
            "reply_content": "\u8ddf\u6211\u4e00\u6a23",
            "likeCount": 0
        },
        {
            "reply_id": "UgzBgwoTiJ7bozvAv1B4AaABAg",
            "reply_content": "\u51fa\u53bb\u65c5\u904a\u6c92\u4eba\u5728\u6e1b\u80a5\u7684",
            "likeCount": 0
        },
        {
            "reply_id": "Ugw11k5DJGzxZMXbxBR4AaABAg",
            "reply_content": "\u62bd",
            "likeCount": 0
        },
        {
            "reply_id": "Ugxj_RJCOb5ToWWZ6c14AaABAg",
            "reply_content": "\u62bd",
            "likeCount": 0
        },
        {
            "reply_id": "UgzWdrTn_jeuz60k0lx4AaABAg",
            "reply_content": "\u62bd\u734e",
            "likeCount": 0
        },
        {
            "reply_id": "UgymL1ImJuxMhxjfHg94AaABAg",
            "reply_content": "\u8aaa\u4e0d\u5b9a\u80e1\u5b50\u8981\u522a\u983b\u9053\u4e86",
            "likeCount": 0
        },
        {
            "reply_id": "UgxLEV2MSl1Yzq-HvPZ4AaABAg",
            "reply_content": "\u60f3\u62bd\u8cbc\u5716\u597d\u9760\u5317\u670b\u53cb",
            "likeCount": 0
        },
        {
            "reply_id": "Ugy1ZY0L2bhHiNzDaNh4AaABAg",
            "reply_content": "\u8d70\u98a8\u79be\u516c\u5712\u4e86\u5566",
            "likeCount": 0
        },
        {
            "reply_id": "UgwxRgpxMLY4gCAo83x4AaABAg",
            "reply_content": "\u4f46\u852c\u83dc\u88e1\u5f88\u591a\u7dad\u751f\u7d20\u662f\u8102\u6eb6\u6027\u7684\uff0c\u52a0\u4e0a\u6cb9\u624d\u80fd\u91cb\u653e",
            "likeCount": 0
        },
        {
            "reply_id": "Ugymy8FAgigllfZKzox4AaABAg",
            "reply_content": "\u60f3\u77e5\u9053\u8446\u54e5\u662f\u4e0d\u662f\u611a\u4eba\u7bc0\u8a08\u756b",
            "likeCount": 1
        },
        {
            "reply_id": "UgwxPQkIph-AB56xQQp4AaABAg",
            "reply_content": "\u9019\u96c6\u6709\u9ede\u6d41\u6c34\u5e33",
            "likeCount": 1
        },
        {
            "reply_id": "UgwXsff1OYD3l2zi1Lp4AaABAg",
            "reply_content": "\u679c\u7136\u662f\u500b\u72e0\u8173\u8272",
            "likeCount": 0
        },
        {
            "reply_id": "UgxS3bCNcNZGw6qi4Ml4AaABAg",
            "reply_content": "\u8525\u54e5\u5c0d\u65bc\u540c\u4f34\u7684\u9935\u98df\u90fd\u4f86\u8005\u4e0d\u62d2\u8036\n\u4e0d\u904e\u51fa\u53bb\u5b8c\u5c31\u61c9\u8a72\u60f3\u5403\u4ec0\u9ebc\u5c31\u5403\uff0c\u56de\u570b\u5f8c\u5f8c\u6094\u60f3\u5403\u6c92\u5403\u5230\u7684\u6771\u897f\u5c31\u8981\u82b1\u66f4\u591a\u4ee3\u50f9\u4e86",
            "likeCount": 0
        },
        {
            "reply_id": "UgysnEEf2ZoBh0V-66p4AaABAg",
            "reply_content": "\u6211\u4e5f\u5e38\u7206\u98df",
            "likeCount": 0
        },
        {
            "reply_id": "UgwOXg5rpS10wL00ztx4AaABAg",
            "reply_content": "\u5403\u4e0d\u80d6\u600e\u9ebc\u8fa6",
            "likeCount": 0
        },
        {
            "reply_id": "Ugzbk86p36o-BkulE1R4AaABAg",
            "reply_content": "\u5047\u80a5\u5b85\u7121\u8aa4",
            "likeCount": 0
        },
        {
            "reply_id": "Ugzccis-lgqNGhW6B494AaABAg",
            "reply_content": "\u59b9\u5b50\u8acb\u559d\u6e6f\u7684\u5fae\u7b11",
            "likeCount": 0
        }
    ]
}