{
    "video_info": {
        "id": "VodJe1ItEag",
        "channelTitle": "Onion Man",
        "title": "Onion Man | \u5152\u6642\u9ea5\u7576\u52de\u4e03\u5927\u56de\u61b6\u7bc7!! \u6c92\u5728\u9ea5\u7576\u7576\u8ac7\u904e\u6200\u611b\u5225\u8aaa\u4f60\u7576\u904e\u5b78\u751f!!",
        "description": "\u5e7c\u7a1a\u5712\u628a\u9ea5\u7576\u52de\u7576\u7c73\u5176\u6797\u7f8e\u98df\uff0c\u570b\u4e2d\u628a\u90a3\u908a\u7576\u5716\u66f8\u9928\uff0c\u9ad8\u4e2d\u8ddf\u5973\u540c\u5b78\u8ac7\u6200\u611b\u4e92\u9935\u85af\u689d...\u56de\u61b6\u6eff\u6eff\u3109\u6545\u4e8b..\n\n\u9ea5\u7576\u52de\u7684\u7f8e\u54733\u6487\u6b65\n\u8b93\u5927\u9ea5\u514b\u66f4\u597d\u5403\u4e86\n\u4e86\u89e3\u66f4\u591a: https://mcdtw.com/2/12/28/\n\u3010\u8a02\u95b1\u3011\u53ca\u89c0\u770b\u6d0b\u8525\u66f4\u591a\u5f71\u7247: https://goo.gl/ijP3Eb\n\n\u5de5\u4f5c\u5408\u4f5c\uff1aonionmanwork@gmail.com\nOnion Man \u767e\u842c\u8ffd\u8e64\u7c89\u7d72\u5718:goo.gl/Z5CSvw\n\n\u6700\u65b0\u963f\u6587\u8cbc\u5716:https://reurl.cc/GxYjA\n\n\u7b2c\u4e00\u4ee3\u963f\u6587line\u8cbc\u5716:https://reurl.cc/Wroxx\n\n\u6d0b\u8525\u79c1\u751f\u6d3bIG:https://www.instagram.com/onionman__/\n\n\n\u904b\u52d5\u6f2b\u756b\u88e1\u7684\u4e2d\u4e8c\u8001\u6897\u5287\u60c5\n\u25ba\u7b2c\u4e00\u96c6:https://youtu.be/cMoV1rPH35k\n\u25ba\u7b2c\u4e8c\u96c6:https://youtu.be/iW7LM00lny0\n\u25ba\u7b2c\u4e09\u96c6:https://youtu.be/2G5wu61uCM0\n\u25ba\u7b2c\u56db\u96c6:https://youtu.be/-rP1abYv8n4\n\nOnion Man \u95dc\u9375\u5b57:\n\u4e2d\u4e8c \u80a5\u5b85 \u55ae\u8eab\u6f22 \u55ae\u8eab \u9b6f\u86c7 \u5c4c\u7d72 \u80a5\u5b85",
        "likeCount": "8692",
        "commentCount": "1528",
        "viewCount": "500279"
    },
    "comments": [
        {
            "reply_id": "Ugw08X-s86qmsHlOwMJ4AaABAg",
            "reply_content": "\u539f\u4f86\u901f\u98df\u6200\u60c5\u662f\u9019\u500b\u610f\u601d\u554a",
            "likeCount": 0
        },
        {
            "reply_id": "UgxF1JegzCq7htrUMiB4AaABAg",
            "reply_content": "\u9577\u9577\u7684\u6771\u897f\u70ba\u4ec0\u9ebc\u8981\u6253\u78bc",
            "likeCount": 0
        },
        {
            "reply_id": "Ugzd2fKUgCo8PHgovI14AaABAg",
            "reply_content": "\u4e09\u6c11\u8def\u9ea5\u7576\u52de\u6b38",
            "likeCount": 0
        },
        {
            "reply_id": "UgwRSz9WsNn0tO4K4GF4AaABAg",
            "reply_content": "\u4f60\u5728\u7de8\u6545\u4e8b",
            "likeCount": 0
        },
        {
            "reply_id": "UgzNPexG1Uhi0zjaCCp4AaABAg",
            "reply_content": "\u81f3\u5c11\u6709\u5230\u624b\u904e",
            "likeCount": 0
        },
        {
            "reply_id": "UgxYD6m5eW50VkkARKV4AaABAg",
            "reply_content": "\u534a\u591c\u770b\u9019\u500b\u597d\u6298\u9a30",
            "likeCount": 0
        },
        {
            "reply_id": "Ugy0iA6GGeCXLVkVKRh4AaABAg",
            "reply_content": "\u53bb\u9ea5\u7576\u52de\u5c31\u53bb\u9ea5\u7576\u52de\u5feb\u53bb\u9ea5\u7576\u52de \u54ea\u88e1\u6709\u6f22\u5821\u548c\u85af\u689d",
            "likeCount": 0
        },
        {
            "reply_id": "Ugy0pjTgv3WwvcbyoWp4AaABAg",
            "reply_content": "\u54c1\u5c1d\u6d0b\u8471",
            "likeCount": 0
        },
        {
            "reply_id": "UgwJDOymndth0KBFI6V4AaABAg",
            "reply_content": "\u50cf\u6211\u9019\u7a2e\u73a9\u9ea5\u7576\u52de\u7684\u90fd\u5403\u85af\u689d",
            "likeCount": 0
        },
        {
            "reply_id": "UgzYMAFNR8svfrQwWLB4AaABAg",
            "reply_content": "\u860b\u679c\u6d3e\u771f\u7684\u8b9a",
            "likeCount": 0
        },
        {
            "reply_id": "Ugy1sCsHNDk5wu-Fsv14AaABAg",
            "reply_content": "\u5de8\u7121\u9738",
            "likeCount": 0
        },
        {
            "reply_id": "UgychDUYIkuOAP5ANSJ4AaABAg",
            "reply_content": "\u9ea5\u7576\u52de\u771f\u7684\u662f\u4eba\u751f\u5fc5\u9700",
            "likeCount": 0
        },
        {
            "reply_id": "UgzyanAvQxEgPsArbR54AaABAg",
            "reply_content": "\u8089\u8dea\u5473\u9084\u662f\u8089\u68d2\u5473",
            "likeCount": 0
        },
        {
            "reply_id": "UgyoHWKsBKvFsczXESR4AaABAg",
            "reply_content": "\u6d0b\u8525\u662f\u6f22\u5821\u4e0d\u53ef\u6216\u7f3a\u7684\u914d\u6599\u554a",
            "likeCount": 0
        },
        {
            "reply_id": "UgybabhX5JIqfHmzg7p4AaABAg",
            "reply_content": "\u5357\u9580\u5e02\u5834\u90a3\u5bb6\u6b38",
            "likeCount": 0
        },
        {
            "reply_id": "Ugzr04HP59VUBseGmol4AaABAg",
            "reply_content": "\u6211\u6c92\u6709\u8036",
            "likeCount": 0
        },
        {
            "reply_id": "UgzS3GTf-N-wn9i-zjh4AaABAg",
            "reply_content": "\u85cd\u85cd\u8def",
            "likeCount": 0
        },
        {
            "reply_id": "Ugz4HLuZ1ybsaAj-chV4AaABAg",
            "reply_content": "\u6843\u5712\u706b\u8eca\u7ad9\u7684\u9ea5\u7576\u52de\u4e5f\u662f\u6211\u9752\u6625\u671f\u7684\u7f8e\u9e97\u56de\u61b6\u554a\uff5e",
            "likeCount": 0
        },
        {
            "reply_id": "Ugw8RGNbNjyn_wAcRY94AaABAg",
            "reply_content": "\u9ea5\u7576\u52de\u65e9\u5c31\u4e0d\u662f\u539f\u672c\u7684\u9ea5\u7576\u52de\u4e86",
            "likeCount": 0
        },
        {
            "reply_id": "Ugx2awC2qNuzfr_E6oF4AaABAg",
            "reply_content": "\u4e09\u6c11\u8def\u9ea5\u7576\u52de",
            "likeCount": 0
        },
        {
            "reply_id": "UgwpK_hpFoAubXmB8xZ4AaABAg",
            "reply_content": "\u597d\u61f7\u5ff5\u4ee5\u524d\u4e0a\u57f9\u8a13\u73ed\u7684\u6642\u5019\u6a13\u4e0b\u6709\u4e00\u5bb6\u9ea5\u7576\u52de\u5929\u5929\u53bb\u5403\u7684\u4e00\u52a0\u4e00\u7aae\u9b3c\u5957\u9910",
            "likeCount": 0
        },
        {
            "reply_id": "UgyHH8atiO0IlYPVF2p4AaABAg",
            "reply_content": "\u9ea5\u7576\u52de\u771f\u7684\u662f\u5f88\u591a\u56de\u61b6\u5462 \u7b2c\u4e00\u6b21\u559d\u7389\u7c73\u6fc3\u6e6f\u5c31\u662f\u8001\u5a46\u90a3\u676f\u9593\u63a5\u63a5\u543b\u7684\u7389\u7c73\u6fc3\u6e6f\u5462",
            "likeCount": 0
        },
        {
            "reply_id": "UgzxMb263ZoQsEZUVP14AaABAg",
            "reply_content": "\u6d0b\u8525\u5403\u6d0b\u8525",
            "likeCount": 0
        },
        {
            "reply_id": "Ugx8e6Vlxmkun8STyyx4AaABAg",
            "reply_content": "\u771f\u7537\u4eba\u90fd\u6709\u9ea5\u7576\u52de\u56de\u61b6",
            "likeCount": 0
        },
        {
            "reply_id": "Ugy54-12a0INfse4yOF4AaABAg",
            "reply_content": "\u6211\u8ddf\u6d0b\u8525\u7684\u751f\u6d3b\u5708\u8ddf\u5e74\u9f61\u597d\u50cf\u4e00\u6a23\u561b",
            "likeCount": 0
        }
    ]
}