{
    "video_info": {
        "id": "wt4-Lc3O_9I",
        "channelTitle": "Onion Man",
        "title": "Onion Man | \u51fa\u570b\u5fc5\u5435\u67b6\uff1f\u4e09\u59b9\u592a\u5435\u4ee4\u6d0b\u8525\u70b8\u958b\uff01\u80e1\u5b50\u56e0\u62cd\u7247\u60c5\u7dd2\u5d29\u6f70\uff01\u884c\u674e\u53c8\u5728\u6d77\u4e0a\u7206\u958b\uff01\u7528\u51b0\u6c34\u6d17\u982d\uff01\u7761\u7720\u54c1\u8cea\u6975\u5dee\uff01 \u707d\u96e3\u5669\u904b\u9023\u9023\u7684\u82ac\u862d\u884c\uff01",
        "description": "\u5927\u5bb6\u628a\u597d\u73a9\u7684\u90fd\u62cd\u5b8c\u4e86\uff0c\u56e0\u6b64\u6211\u4f86\u8b1b\u8b1b\u707d\u96e3\u7684\u4e00\u9762\uff0c\u9577\u7bc7\u4e00\u6b21\u770b!!\n\n\u611f\u8b1d\u4e7e\u7239\u8b93\u6211\u80fd\u809d\u51fa15\u5206\u9418\u9577\u7247!!\nNord VPN\u5c08\u5c6c\u9023\u7d50\uff1ahttps://nordvpn.com/onionman\n\u512a\u60e0\u78bc\uff1aonionman\n\u900f\u904e\u5c08\u5c6c\u9023\u7d50\u8cfc\u8cb7 NordVPN \u53ef\u4eab\u7368\u5bb6\u751f\u65e5\u512a\u60e0\u53ca\u7372\u5f97\u984d\u5916\u8d08\u9001\u7684\u8a02\u95b1\u4f7f\u7528\u671f\u3002\n30\u5929\u8a66\u7528\u671f\uff0c\u53ef\u4ee5\u96a8\u6642\u53d6\u6d88\uff0c\u53ef\u9032\u53ef\u9000\uff0c\u6b61\u8fce\u670b\u670b\u4f86TRYTRY\u770b\uff5e\n\n\u3010\u8a02\u95b1\u3011\u53ca\u89c0\u770b\u6d0b\u8525\u66f4\u591a\u5f71\u7247: https://goo.gl/ijP3Eb\n\n\u5de5\u4f5c\u5408\u4f5c\uff1aonionmanwork@gmail.com\nOnion Man \u767e\u842c\u8ffd\u8e64\u7c89\u7d72\u5718:goo.gl/Z5CSvw\n\n\u6700\u65b0\u963f\u6587\u8cbc\u5716:https://reurl.cc/GxYjA\n\n\u7b2c\u4e00\u4ee3\u963f\u6587line\u8cbc\u5716:https://reurl.cc/Wroxx\n\n\u6d0b\u8525\u79c1\u751f\u6d3bIG:https://www.instagram.com/onionman__/\n\n\n\u904b\u52d5\u6f2b\u756b\u88e1\u7684\u4e2d\u4e8c\u8001\u6897\u5287\u60c5\n\u25ba\u7b2c\u4e00\u96c6:https://youtu.be/cMoV1rPH35k\n\u25ba\u7b2c\u4e8c\u96c6:https://youtu.be/iW7LM00lny0\n\u25ba\u7b2c\u4e09\u96c6:https://youtu.be/2G5wu61uCM0\n\u25ba\u7b2c\u56db\u96c6:https://youtu.be/-rP1abYv8n4\n\nOnion Man \u95dc\u9375\u5b57:\n\u4e2d\u4e8c \u80a5\u5b85 \u55ae\u8eab\u6f22 \u55ae\u8eab \u9b6f\u86c7 \u5c4c\u7d72 \u80a5\u5b85",
        "likeCount": "13035",
        "commentCount": "716",
        "viewCount": "940902"
    },
    "comments": [
        {
            "reply_id": "Ugy4GJXHdAV8sb_o_qt4AaABAg",
            "reply_content": "\u6781\u5730\u7279\u5feb\u6211\u4e5f\u5750\u8fc7\uff0c\u5b9e\u8bdd\u5b9e\u8bf4\u5982\u679c\u6211\u78b0\u5230\u4f60\u4eec\u5435\u8fd9\u4e48\u4e45\u80af\u5b9a\u4f1a\u51fa\u6765\u5236\u6b62\u7684\uff0c\u6240\u4ee5\u8c22\u8c22\u6d0b\u8471\u4f60\u5c3d\u529b\u963b\u6b62\u4e86\u4ed6\u4eec\u3002\u800c\u4e14\u8fd9\u6837\u771f\u7684\u4f1a\u8ba9\u5176\u4ed6\u4e58\u5ba2\u7559\u4e0b\u5bf9\u534e\u4eba\u7684\u4e0d\u597d\u5370\u8c61",
            "likeCount": 0
        },
        {
            "reply_id": "Ugy6vWWBu7uARelyl-B4AaABAg",
            "reply_content": "\u597d\u53ef\u6190\u5594",
            "likeCount": 0
        },
        {
            "reply_id": "UgylgfuVvTn-QwsgYkx4AaABAg",
            "reply_content": "\u771f\u7684\u6211\u51fa\u570b\u9047\u5230\u8a0e\u53ad\u7684\u5435\u53f0\u7063\u4eba\u89ba\u5f97\u5f88\u4e1f\u81c9\ud83d\ude05\u5728\u6cf0\u570b\u548c\u65e5\u672c\u90fd\u9047\u5230\u4e00\u6b21",
            "likeCount": 0
        },
        {
            "reply_id": "UgxhhP0ecK2q42ECalR4AaABAg",
            "reply_content": "\u66fe\u4f69\u6668",
            "likeCount": 0
        },
        {
            "reply_id": "Ugz1WAG72GKNIt4_am14AaABAg",
            "reply_content": "\u6211\u7761\u89ba\u6709\u6642\u5019\u4e5f\u6703\u9019\u6a23",
            "likeCount": 0
        },
        {
            "reply_id": "UgzQHD0m7ynyEdGJdgp4AaABAg",
            "reply_content": "\u559c\u6b61\u6d0b\u8525\u7528\u771f\u5be6\u89d2\u5ea6\u7684\u89c0\u5bdf",
            "likeCount": 0
        },
        {
            "reply_id": "UgxCDEOGOl9kBC1_8qh4AaABAg",
            "reply_content": "\u6211\u4e5f\u8981\u7576\u5deb\u5e2b\u914d\u53f8\u6a5f",
            "likeCount": 0
        },
        {
            "reply_id": "UgwBV9BiWFumeCebg454AaABAg",
            "reply_content": "\u535a\u921e\u4e00\u7b11",
            "likeCount": 0
        },
        {
            "reply_id": "Ugw8z8oY23KiZEo1oDx4AaABAg",
            "reply_content": "\u51ac\u5929\u53bb\u5317\u6b50\u73a9\u771f\u7684\u5f88\u8f9b\u82e6\u554a\n\u5982\u679c\u559c\u6b61\u96ea\u666f\u7684\u8a71\u90a3\u9084\u4e0d\u932f",
            "likeCount": 0
        },
        {
            "reply_id": "Ugyi_29NRo0VfQc8wy54AaABAg",
            "reply_content": "\u6d0b\u8525\u8ce4\u5bf6\u7684\u5f71\u7247\u6709\u4f60\u6389\u624b\u6a5f\u7684\u756b\u9762\u662f\u4f60\u5728\u6c34\u6676\u6d1e\u6f14\u6232\u6642\u6389\u7684",
            "likeCount": 0
        },
        {
            "reply_id": "UgwToRwYNLudxoyIOGJ4AaABAg",
            "reply_content": "\u4f60\u4e5f\u592a\u60b2\u60c5\u4e86\u5427",
            "likeCount": 0
        },
        {
            "reply_id": "UgzB8zqR6ECGiV2TX9F4AaABAg",
            "reply_content": "\u6389\u624b\u6a5f\u7684\u6c42\u6551\u914d\u97f3\u8d85\u8b9a",
            "likeCount": 0
        },
        {
            "reply_id": "UgxgR8Xg0o4qLDeFHml4AaABAg",
            "reply_content": "\u5efa\u8b70\u6d0b\u8525\u6709\u7a7a\u53bb\u91ab\u9662\u7761\u7720\u4e2d\u5fc3\u9810\u7d04\u7761\u7720\u54c1\u8cea\u6aa2\u5bdf\u770b\u770b",
            "likeCount": 0
        },
        {
            "reply_id": "UgxlPs9MqK4apATvyYd4AaABAg",
            "reply_content": "\u6839\u672c\u53ad\u4e16\u6700\u9ad8\u5883\u754c",
            "likeCount": 0
        },
        {
            "reply_id": "UgytwHd-lcDg4YbQGrx4AaABAg",
            "reply_content": "\u80fd\u628a\u4e00\u4e9b\u96f7\u4e8b\u9084\u6709\u5d29\u6f70\u7684\u4e8b\u60c5\u7528\u6709\u8da3\u641e\u7b11\u7684\u65b9\u5f0f\u5448\u73fe\uff0c\u771f\u7684\u592a\u53b2\u5bb3\u5566\n\u770b\u5f97\u5f88\u958b\u5fc3\u4e5f\u5f88\u6709\u8da3",
            "likeCount": 40
        },
        {
            "reply_id": "UgylyDpbnwHwqYbhPwR4AaABAg",
            "reply_content": "\u611f\u89ba\u8ddf\u6d0b\u8525\u9019\u7a2e\u4eba\u51fa\u53bb\u73a9\u5435\u7121\u804a",
            "likeCount": 3
        },
        {
            "reply_id": "UgwRQhB1CLtk4x1T8mV4AaABAg",
            "reply_content": "\u5f9e\u9019\u90e8\u7247\u5df2\u7d93\u80fd\u770b\u51fa\u6d0b\u8525\u7576\u6642\u5167\u5fc3\u7684\u7126\u616e\u4e86",
            "likeCount": 2
        },
        {
            "reply_id": "UgzTPsSuwvTttJRoqZ94AaABAg",
            "reply_content": "\u4e0d\u77e5\u9053\u6d0b\u8525\u6709\u6c92\u6709\u6234\u85cd\u82bd\u8033\u6a5f\u7684\u7fd2\u6163\n\u6211\u5de5\u4f5c\u5348\u4f11\u74b0\u5883\u6eff\u5435\u7684\u6642\u5019\n\u6211\u90fd\u6703\u6234\u8457\u64ad\u97f3\u6a02\u7761\u89ba",
            "likeCount": 1
        },
        {
            "reply_id": "UgwZVJMRtQZrGzaYRFV4AaABAg",
            "reply_content": "\u96e3\u602a\u670b\u53cb\u5c11\uff0c\u800c\u4e14\u51fa\u53bb\u73a9\u5927\u5bb6\u5435\u9b27\u5230\u4e09\u66f4\u534a\u591c\u8ddf\u662f\u4e0d\u662f\u62cd\u7247\u6839\u672c\u7121\u95dc",
            "likeCount": 1
        },
        {
            "reply_id": "Ugzvz9QK_ECOCcxqUS94AaABAg",
            "reply_content": "\u54c7\u4f60\u7684\u597d\u5927",
            "likeCount": 0
        },
        {
            "reply_id": "UgwmN-Gqw_C8gk_vK8d4AaABAg",
            "reply_content": "\u8b9a",
            "likeCount": 0
        },
        {
            "reply_id": "UgwV2z9r2YQuvVgBzUB4AaABAg",
            "reply_content": "\u7761\u7720\u52d5\u4e0d\u4e86\u662f\u56e0\u70ba\u80e1\u5b50\u722c\u4e0a\u4f86",
            "likeCount": 0
        },
        {
            "reply_id": "UgzcATARBhuSPq0NY2Z4AaABAg",
            "reply_content": "\u51fa\u570b\u624b\u6a5f\u4e00\u5b9a\u8981\u7528\u4f38\u7e2e\u7e69\u7d22\u56fa\u5b9a\u5728\u5305\u5305\u6216\u8932\u5b50\u4e0a",
            "likeCount": 0
        },
        {
            "reply_id": "Ugw8IeWjtn8HdDEjGPB4AaABAg",
            "reply_content": "\u7761\u89ba\u4e00\u76f4\u88ab\u958b\u623f\u8d85\u7169\u4eba",
            "likeCount": 0
        },
        {
            "reply_id": "Ugye0abOWwLZUb4Syl14AaABAg",
            "reply_content": "\u5168\u90e8\u770b\u7206",
            "likeCount": 0
        }
    ]
}