{
    "video_info": {
        "id": "XcdESHOtup0",
        "channelTitle": "Onion Man",
        "title": "Onion Man | \u5403\u4e00\u9593\u5012\u9589\u4e00\u9593!! \u7f8e\u98df\u761f\u795e\u6d0b\u8525!!!!  | \u6843\u5712\u7f8e\u98df\u63a2\u7d22\u7bc7",
        "description": "\u9019\u5e7e\u5e74\u6211\u884c\u8d70\u6c5f\u6e56\u5403\u904d\u6843\u5712\u7684\u6545\u4e8b\n\n\u3010\u8a02\u95b1\u3011\u53ca\u89c0\u770b\u6d0b\u8525\u66f4\u591a\u5f71\u7247: https://goo.gl/ijP3Eb\n\n\u5de5\u4f5c\u5408\u4f5c\uff1aonionmanwork@gmail.com\nOnion Man \u767e\u842c\u8ffd\u8e64\u7c89\u7d72\u5718:goo.gl/Z5CSvw\n\n\u6700\u65b0\u963f\u6587\u8cbc\u5716:https://reurl.cc/GxYjA\n\n\u7b2c\u4e00\u4ee3\u963f\u6587line\u8cbc\u5716:https://reurl.cc/Wroxx\n\n\u6d0b\u8525\u79c1\u751f\u6d3bIG:https://www.instagram.com/onionman__/\n\n\n\u904b\u52d5\u6f2b\u756b\u88e1\u7684\u4e2d\u4e8c\u8001\u6897\u5287\u60c5\n\u25ba\u7b2c\u4e00\u96c6:https://youtu.be/cMoV1rPH35k\n\u25ba\u7b2c\u4e8c\u96c6:https://youtu.be/iW7LM00lny0\n\u25ba\u7b2c\u4e09\u96c6:https://youtu.be/2G5wu61uCM0\n\u25ba\u7b2c\u56db\u96c6:https://youtu.be/-rP1abYv8n4\n\nOnion Man \u95dc\u9375\u5b57:\n\u4e2d\u4e8c \u80a5\u5b85 \u55ae\u8eab\u6f22 \u55ae\u8eab \u9b6f\u86c7 \u5c4c\u7d72 \u80a5\u5b85",
        "likeCount": "17928",
        "commentCount": "3173",
        "viewCount": "1194282"
    },
    "comments": [
        {
            "reply_id": "UgyVPKjMutUl8iIzGIR4AaABAg",
            "reply_content": "\u7389\u5c71\u5927\u5b78\u6703\u5fd9\u6703\u5fd9\u55ce",
            "likeCount": 1
        },
        {
            "reply_id": "UgzaDnAX4xRgvmvhO6N4AaABAg",
            "reply_content": "\u58fd\u5c71\u9ad8\u4e2d\u65e9\u4e0a\u9644\u8fd1\u6709\u4e00\u500b\u9910\u8eca\u8ce3\u86cb\u5305\u98ef\uff0c\u9ad8\u4e2d\u5f88\u5e38\u5403",
            "likeCount": 0
        },
        {
            "reply_id": "UgxYAxVyE2IHWXpSGSd4AaABAg",
            "reply_content": "\u9019\u662f\u4ec0\u9ebc\u4e0a\u8239\u7247",
            "likeCount": 0
        },
        {
            "reply_id": "UgxgLJdZC-ajaTpHND94AaABAg",
            "reply_content": "\u963f\u4f60\u662f\u4e0d\u6703\u8cb7\u4e0b\u6574\u5bb6\u5e97\u5c31\u884c\u4e86",
            "likeCount": 0
        },
        {
            "reply_id": "UgwaDHmBMR5zXb4U8qh4AaABAg",
            "reply_content": "\u4ec0\u4e48\u7f8e\u98df\u540d\u7c3f\u4f60\u8fd9\u6839\u672c\u5546\u5e97\u7248\u6b7b\u4ea1\u7b14\u8bb0\u5427",
            "likeCount": 0
        },
        {
            "reply_id": "Ugzfz1prgjZS70eEmip4AaABAg",
            "reply_content": "\u8070\u54e5\u4f60\u7684\u5634\u53ef\u4ee5\u5ab2\u7f8e\u99ac\u82f1\u4e5d\u7e3d\u7d71\u7684\u6b7b\u4ea1\u4e4b\u63e1\u4e86",
            "likeCount": 0
        },
        {
            "reply_id": "UgzA3Gd9MC-Xj6xfkBR4AaABAg",
            "reply_content": "\u83c1\u82f1\u4e2d\u7684\u82f1\u83c1",
            "likeCount": 0
        },
        {
            "reply_id": "Ugw7KYWHQdKMvU2areR4AaABAg",
            "reply_content": "\u611f\u52a8",
            "likeCount": 0
        },
        {
            "reply_id": "UgyZY-TmMryEJzzZfKF4AaABAg",
            "reply_content": "\u6b7b\u4ea1\u7b46\u8a18\u672c",
            "likeCount": 0
        },
        {
            "reply_id": "UgySPnNMURRb-Ph_c_94AaABAg",
            "reply_content": "\u7cbe\u82f1\u4e2d\u7684\u82f1\u7cbe",
            "likeCount": 0
        },
        {
            "reply_id": "UgyR4x8AALdA3yfyr4x4AaABAg",
            "reply_content": "\u7cbe\u82f1\u4e2d\u7684\u9634\u830e\u662f\u4ec0\u4e48\u9b3c",
            "likeCount": 0
        },
        {
            "reply_id": "UgwINblOkvCZ4kHu3Ut4AaABAg",
            "reply_content": "\u6c92\u6709\u5e97\u540d\u5594",
            "likeCount": 0
        },
        {
            "reply_id": "Ugwbb8IzaORhVvNGSWd4AaABAg",
            "reply_content": "\u5f70\u5316\u7e23\u91d1\u99ac\u8def\u6709\u4e00\u9593\u597d\u5403\u7684\u96b1\u85cf\u86cb\u9905",
            "likeCount": 0
        },
        {
            "reply_id": "UgyDE1N8OQlKLmhshzh4AaABAg",
            "reply_content": "\u8cb7\u4e0b\u4f86\u4e4b\u5f8c\u8cfa\u7684\u9322\u4e94\u4e94\u5206\u4e0d\u5c31\u8cfa",
            "likeCount": 0
        },
        {
            "reply_id": "UgwnQ0gMYVHM6dbh_M94AaABAg",
            "reply_content": "\u662f\u4e0d\u6703\u628a\u96fb\u8cb7\u4e0b\u4f86\u6b50",
            "likeCount": 0
        },
        {
            "reply_id": "UgwQRLcil4a-TO4j9sJ4AaABAg",
            "reply_content": "\u771f\u6b63\u7684\u5403\u57ae\u4e00\u9593\u5e97\u8036",
            "likeCount": 0
        },
        {
            "reply_id": "UgxHy0b6AKGXkCWwRQd4AaABAg",
            "reply_content": "\u9019\u7bc7\u5f88\u9a19\u773c\u6dda",
            "likeCount": 0
        },
        {
            "reply_id": "UgwVpOB2KxuD1Ug2eYF4AaABAg",
            "reply_content": "\u5565\u7f8e\u98df\u540d\u7c3f\u660e\u660e\u5c31\u662f\u5012\u5e97\u7b46\u8a18\u672c",
            "likeCount": 0
        },
        {
            "reply_id": "UgzZUUkRDHtK3MKHEFN4AaABAg",
            "reply_content": "\u7f8e\u98df\u761f\u795e\u592a\u8cbc\u5207\u4e86\u5427\u54c8\u54c8\u7b11\u6b7b",
            "likeCount": 0
        },
        {
            "reply_id": "Ugza0M38VZjvoImeOsl4AaABAg",
            "reply_content": "\u6211\u6709\u5730\u7403\u5100\u5730\u5716",
            "likeCount": 0
        },
        {
            "reply_id": "UgwVEVjWAiFDmZSQlvd4AaABAg",
            "reply_content": "\u6211\u4e5f\u662f\u86cb\u9905\u8a55\u50f9\u4e00\u9593\u65e9\u9910\u5e97",
            "likeCount": 0
        },
        {
            "reply_id": "UgzsqMvHEv1mbgMnBz54AaABAg",
            "reply_content": "\u662f\u6709\u591a\u96e3\u904e\u5566\u76f4\u63a5\u958b\u5230\u842c\u82b1\u7b52\u54c8\u54c8",
            "likeCount": 0
        },
        {
            "reply_id": "UgwL57VHJFF7GU4XTyB4AaABAg",
            "reply_content": "\u4e5f\u60f3\u53bb\u53f0\u6e7e\u5403\u5403",
            "likeCount": 3
        },
        {
            "reply_id": "UgzvLm9XsuDZvnS7HC54AaABAg",
            "reply_content": "\u6211\u611b\u6d0b\u8525",
            "likeCount": 1
        },
        {
            "reply_id": "UgwTrjJPBqVGe0aJzll4AaABAg",
            "reply_content": "\u5230\u5e95\u591a\u611b\u4e2d\u83ef\u4e00\u756a",
            "likeCount": 0
        }
    ]
}