{
    "video_info": {
        "id": "XrugBILvia0",
        "channelTitle": "Onion Man",
        "title": "Onion Man | \u570b\u5c0f\u71df\u990a\u5348\u9910\u5730\u96f7\uff01\u52fe\u82a1\u6fc3\u6e6f\uff01\u6ef7\u51ac\u74dc\u9eb5\u8f2a\uff01\u6876\u88dd\u73cd\u73e0\u5976\u8336\uff01",
        "description": "\u4e00\u6bb5\u56de\u60f3\u8d77\u6709\u9ede\u9670\u5f71\u4f46\u53c8\u5403\u5f97\u5f88\u98fd\u7684\u56de\u61b6\n\u87a2\u5149\u5496\u54e9\u8ddf\u6ef7\u6d77\u5e36\u662f\u6211\u6700\u6015\u7684\u914d\u83dc\u4e86\n\n\n\u6d0b\u8525\u6587\u535a\u5546\u54c1\u8766\u76ae\u958b\u552e\uff1ahttps://shopee.tw/onion_man?categoryId=100639&itemId=14792493031\n\u73fe\u8ca8\u552e\u5b8c\u70ba\u6b62\uff0c9/18\u8766\u76ae\u6709\u514d\u904b\u6d3b\u52d5\n\n\n\u3010\u8a02\u95b1\u3011\u53ca\u89c0\u770b\u6d0b\u8525\u66f4\u591a\u5f71\u7247: https://goo.gl/ijP3Eb\n\n\u5de5\u4f5c\u5408\u4f5c\uff1aonionmanwork@gmail.com\nOnion Man \u767e\u842c\u8ffd\u8e64\u7c89\u7d72\u5718:goo.gl/Z5CSvw\n\n\u6700\u65b0\u963f\u6587\u8cbc\u5716:https://reurl.cc/GxYjA\n\n\u7b2c\u4e00\u4ee3\u963f\u6587line\u8cbc\u5716:https://reurl.cc/Wroxx\n\n\u6d0b\u8525\u79c1\u751f\u6d3bIG:https://www.instagram.com/onionman__/\n\n\n\u904b\u52d5\u6f2b\u756b\u88e1\u7684\u4e2d\u4e8c\u8001\u6897\u5287\u60c5\n\u25ba\u7b2c\u4e00\u96c6:https://youtu.be/cMoV1rPH35k\n\u25ba\u7b2c\u4e8c\u96c6:https://youtu.be/iW7LM00lny0\n\u25ba\u7b2c\u4e09\u96c6:https://youtu.be/2G5wu61uCM0\n\u25ba\u7b2c\u56db\u96c6:https://youtu.be/-rP1abYv8n4\n\nOnion Man \u95dc\u9375\u5b57:\n\u4e2d\u4e8c \u80a5\u5b85 \u55ae\u8eab\u6f22 \u55ae\u8eab \u9b6f\u86c7 \u5c4c\u7d72 \u80a5\u5b85",
        "likeCount": "24343",
        "commentCount": "2699",
        "viewCount": "1871663"
    },
    "comments": [
        {
            "reply_id": "UgxUig4ug9vA2iDzSWV4AaABAg",
            "reply_content": "\u6211\u548c\u4f60\u8b80\u6c99\u5de5\u4e00\u6a23",
            "likeCount": 1
        },
        {
            "reply_id": "UgzQshtSQsdlKreM92Z4AaABAg",
            "reply_content": "\u7247\u5c3e\u624d\u662f\u7cbe\u83ef",
            "likeCount": 1
        },
        {
            "reply_id": "Ugx-t9j6YgS9cFJrKmB4AaABAg",
            "reply_content": "\u53d1\u73b0\u6bcf\u6b21\u6d0b\u8471\u66f4\u65b0\u5173\u4e8e\u5403\u7684\u5f71\u7247\u90fd\u5f88\u4e0b\u996d",
            "likeCount": 1
        },
        {
            "reply_id": "UgwaqXo18Dru04m30YJ4AaABAg",
            "reply_content": "\u6211\u5011\u5b78\u6821\u4e5f\u6709\u716e\u904e\u6876\u88dd\u73cd\u5976,\u6211\u5011\u5b78\u6821\u4e3b\u4efb\u4f55\u6709\u5976\u7684\u6e6f\u90fd\u662f\u7528\u5976\u7c89",
            "likeCount": 0
        },
        {
            "reply_id": "UgzzZIUPySrWhZfXKKJ4AaABAg",
            "reply_content": "\u6709\u70b8\u7269\u5c31\u597d",
            "likeCount": 0
        },
        {
            "reply_id": "Ugwi2VrwVFRz5LMQHHZ4AaABAg",
            "reply_content": "\u6bd4\u8f03\u559c\u6b61\u9e79\u7684\u6e6f\u6211\u4e0d\u559c\u6b61\u751c\u6e6f",
            "likeCount": 0
        },
        {
            "reply_id": "UgyUCwyWXG4JMd2swDR4AaABAg",
            "reply_content": "\u4e5f\u6c92\u6709\u5e03\u4e01",
            "likeCount": 0
        },
        {
            "reply_id": "UgxKiGOOZgbd3jxh6yF4AaABAg",
            "reply_content": "\u6c92\u6709\u5976\u8336",
            "likeCount": 0
        },
        {
            "reply_id": "Ugzl2PYdJjEMyOqsTgt4AaABAg",
            "reply_content": "\u6211\u5011\u5b78\u6821\u7684\u6e6f\u90fd\u662f\u8089\u5c11\u9aa8\u591a",
            "likeCount": 0
        },
        {
            "reply_id": "UgzDcUF8acmiToAXoP54AaABAg",
            "reply_content": "\u6d0b\u8525\u6700\u5f8c\u7684\u914d\u97f3\u611f\u89ba\u66f4\u55f2",
            "likeCount": 0
        },
        {
            "reply_id": "UgxfKBOvmaxfMJiqtDt4AaABAg",
            "reply_content": "\u6bcf\u4e00\u6b21\u4e00\u6709\u5269\u98ef\u8001\u5e2b\u90fd\u53eb\u6211\u53bb\u5403",
            "likeCount": 0
        },
        {
            "reply_id": "Ugxfn9DK_VdWaTmh-954AaABAg",
            "reply_content": "\u6211\u5152\u5b50\u8d85\u4e0d\u559c\u6b61\u8304\u5b50\u7684",
            "likeCount": 0
        },
        {
            "reply_id": "Ugxdzkcy1pT2UGeQC6d4AaABAg",
            "reply_content": "\u6211\u4e00\u5e74\u7d1a\u9084\u6709\u67f3\u8449\u9b5a\u516d\u5e74\u7d1a\u5c31\u6c92\u6709\u4e86",
            "likeCount": 0
        },
        {
            "reply_id": "UgxkuTrEdm7jYeinxK54AaABAg",
            "reply_content": "\u87a2\u5149\u5496\u54e9\u6211\u5011\u5b78\u6821\u8d85\u591a\u8089\u6b38\u6211\u5011\u73ed\u6bcf\u6b21\u90fd\u80fd\u628a\u4ed6\u5168\u90e8\u5403\u5b8c",
            "likeCount": 0
        },
        {
            "reply_id": "UgzgNH5H2GT_UPa9d-h4AaABAg",
            "reply_content": "\u5c0f\u5b78\u7684\u6642\u5019\u4e0d\u77e5\u9053\u70ba\u4ec0\u9ebc\u53ea\u6709\u79ae\u62dc\u4e09\u5403\u7684\u6bd4\u8f03\u597d",
            "likeCount": 0
        },
        {
            "reply_id": "UgyF_gZiFNfoYGdnhBx4AaABAg",
            "reply_content": "\u4e0d\u51c6\u5012\u6389\u7684\u898f\u5b9a\u592a\u904e\u5ea6\u4e86 \u4e0d\u559c\u6b61\u5403\u6709\u4e0d\u559c\u6b61\u7684\u81ea\u7531",
            "likeCount": 0
        },
        {
            "reply_id": "UgwvvJncpHFFyK19m114AaABAg",
            "reply_content": "\u8304\u5b50\u4e5f\u662f\u6211\u540c\u5b78\u63a8\u85a6\u6211\u4e00\u5bb6\u4fbf\u7576\u5e97\u7684\u4e0d\u932f\u5403\u4e86\u4ee5\u5f8c\u624d\u559c\u6b61\u4e0a\u7684\uff0c\u800c\u4e14\u6211\u4e5f\u89ba\u5f97\u8304\u5b50\u7684\u597d\u58de\u4e5f\u5f88\u770b\u5e97\u5bb6\uff0c\u597d\u4e0d\u597d\u5403\u7a69\u5b9a\u5ea6\u78ba\u5be6\u4e0d\u9ad8\u5bb9\u6613\u96f7",
            "likeCount": 0
        },
        {
            "reply_id": "UgzdNKlVnM7Ky_sCcnN4AaABAg",
            "reply_content": "\u6211\u5011\u90fd\u81ea\u5df1\u5e36\u7f50\u982d\u53bb\u5b78\u6821\u62cc\u98ef\u5403",
            "likeCount": 0
        },
        {
            "reply_id": "UgxjOHpE3nqr7I3DUPZ4AaABAg",
            "reply_content": "\u5e78\u597d\u6211\u5011\u7684\u5348\u9910\u662f\u514d\u8cbb\u7684",
            "likeCount": 0
        },
        {
            "reply_id": "UgwTVUUZpNuO5rDEkcR4AaABAg",
            "reply_content": "\u6211\u5011\u73ed\u662f\u5f9e\u6700\u5f8c\u9762\u7684\u865f\u78bc\u958b\u59cb\u7b97\uff0c\u6240\u4ee5\u4e0d\u6703\u6709\u90a3\u7a2e\u8ab0\u5148\u53bb\u62ff\u9019\u8ab0\u5148\u62ff\u5230\u7684\u4e8b\u60c5",
            "likeCount": 0
        },
        {
            "reply_id": "UgwL2Xwal_3DYPJ_i1B4AaABAg",
            "reply_content": "\u570b\u5c0f\u6642\u5e6b\u4eba\u5bb6\u76db\u98ef\u4ed6\u5976\u5976\u7684\uff0c\u6211\u53ef\u4ee5\u5168\u73ed\u7684\u4eba\u90fd\u884c\u5149\u5408\u4f5c\u7528\u9577\u5927\u7684\u6bcf\u500b\u4eba\u7684\u4e0d\u662f\u4e00\u53e3\u6240\u4ee5\u6bcf\u6b21\u5403\u98ef\u7684\u6642\u5019\u540c\u5b78\u90fd\u8aaa\u6211\u4f60\u600e\u9ebc\u5403\u90a3\u9ebc\u591a\u5e79",
            "likeCount": 0
        },
        {
            "reply_id": "Ugwi9CLivqxWxS2xGoh4AaABAg",
            "reply_content": "\u6211\u9084\u662f\u4e0d\u61c2\u70ba\u4ec0\u9ebc\u87a2\u5149\u5496\u54e9\u70ba\u4ec0\u9ebc\u96e3\u5403\uff1f\u9084\u662f\u56e0\u70ba\u6211\u8d85\u611b\u5403\u5496\u54e9",
            "likeCount": 0
        },
        {
            "reply_id": "UgxPcKxcYouFGtRHjAp4AaABAg",
            "reply_content": "\u98ef\u6211\u90fd\u628a\u5b83\u7528\u5230\u6eff\u51fa\u4f86\u7136\u5f8c\u4e94\u5206\u9418\u5167\u5403\u5b8c\u7136\u5f8c\u83dc\u4e5f\u4e00\u6a23\n\u8089\u9084\u597d",
            "likeCount": 0
        },
        {
            "reply_id": "UgwrgA6xDzQXF7GCMUt4AaABAg",
            "reply_content": "\u89f8\u721b",
            "likeCount": 0
        },
        {
            "reply_id": "UgxA2EvQty2msxA_MKR4AaABAg",
            "reply_content": "\u6211\u6709\u770b\u904e\u4f60\u4e00\u534a\u7684\u5f71\u7247",
            "likeCount": 0
        }
    ]
}