{
    "video_info": {
        "id": "y_w8zgC8lWM",
        "channelTitle": "Onion Man",
        "title": "Onion Man | Larry\u7684\u591a\u91cd\u5b87\u5b99",
        "description": "\u6211\u662f 8+9 Larry\n\n\u3010\u8a02\u95b1\u3011\u53ca\u89c0\u770b\u6d0b\u8525\u66f4\u591a\u5f71\u7247: https://goo.gl/ijP3Eb\n\n\u5de5\u4f5c\u5408\u4f5c\uff1aonionmanwork@gmail.com\nOnion Man \u767e\u842c\u8ffd\u8e64\u7c89\u7d72\u5718:goo.gl/Z5CSvw\n\n\u6700\u65b0\u963f\u6587\u8cbc\u5716:https://reurl.cc/GxYjA\n\n\u7b2c\u4e00\u4ee3\u963f\u6587line\u8cbc\u5716:https://reurl.cc/Wroxx\n\n\u6d0b\u8525\u79c1\u751f\u6d3bIG:https://www.instagram.com/onionman__/\n\n\n\u904b\u52d5\u6f2b\u756b\u88e1\u7684\u4e2d\u4e8c\u8001\u6897\u5287\u60c5\n\u25ba\u7b2c\u4e00\u96c6:https://youtu.be/cMoV1rPH35k\n\u25ba\u7b2c\u4e8c\u96c6:https://youtu.be/iW7LM00lny0\n\u25ba\u7b2c\u4e09\u96c6:https://youtu.be/2G5wu61uCM0\n\u25ba\u7b2c\u56db\u96c6:https://youtu.be/-rP1abYv8n4\n\nOnion Man \u95dc\u9375\u5b57:\n\u4e2d\u4e8c \u80a5\u5b85 \u55ae\u8eab\u6f22 \u55ae\u8eab \u9b6f\u86c7 \u5c4c\u7d72 \u80a5\u5b85 \u5947\u7570\u535a\u58eb2 \u5abd\u7684\u591a\u91cd\u5b87\u5b99  \u760b\u72c2\u591a\u5143\u5b87\u5b99",
        "likeCount": "11571",
        "commentCount": "988",
        "viewCount": "470263"
    },
    "comments": [
        {
            "reply_id": "UgyqiSzmK1LGhBLNKnF4AaABAg",
            "reply_content": "\u770b\u4f86\u6d0b\u8525\u60f3\u8981\u8df3\u6a13",
            "likeCount": 2
        },
        {
            "reply_id": "Ugx7OWxqbdtwh5qEtJF4AaABAg",
            "reply_content": "\u76f4\u64ad\u90a3\u6bb5\u7b11\u6b7b",
            "likeCount": 1
        },
        {
            "reply_id": "UgwedWFdcDgMeD30PL14AaABAg",
            "reply_content": "\u6bcf\u500b\u90fd\u54ed\u7238\u54ed\u6bcd",
            "likeCount": 0
        },
        {
            "reply_id": "Ugw14UuAqlsnswNWTRd4AaABAg",
            "reply_content": "\u5287\u60c5\u6709\u9ede\u50cf\u5abd\u7684\u591a\u91cd\u5b87\u5b99",
            "likeCount": 0
        },
        {
            "reply_id": "Ugw0TSXEnRNIc5Fi99Z4AaABAg",
            "reply_content": "\u7b11\u6b7b",
            "likeCount": 0
        },
        {
            "reply_id": "Ugw4XLMljKiTx0B0XC14AaABAg",
            "reply_content": "\u4f60\u592a\u905c",
            "likeCount": 0
        },
        {
            "reply_id": "Ugzi_h1cXE8vyTm8Q_Z4AaABAg",
            "reply_content": "\u9760\u5317\u9760\u6bcd",
            "likeCount": 0
        },
        {
            "reply_id": "UgytRK14SZbZMGcgaT14AaABAg",
            "reply_content": "\u9664\u4e86\u8df3\u697c\u90a3\u4e2a\u5176\u4ed6\u7684\u786e\u5b9e\u662f\u8ba4\u771f\u8fc7\u6d3b",
            "likeCount": 0
        },
        {
            "reply_id": "Ugx9Q0pD38zx3hzmW-54AaABAg",
            "reply_content": "\u76f4\u64ad\u7248\u7684\u771f\u7684\u597d\u597d\u7b11\uff0c\u5e0c\u671b\u51fa\u4e00\u96c6\u6a21\u4eff\u76f4\u64ad\u62cd\u8ce3\u7684",
            "likeCount": 0
        },
        {
            "reply_id": "UgwvAjqoZKI_1eOZnJZ4AaABAg",
            "reply_content": "\u6211\u525b\u624d\u600e\u9ebc\u770b\u5230\u6709\u91d1\u584a\u7838\u4eba",
            "likeCount": 0
        },
        {
            "reply_id": "Ugws7MEkd01eGFXKFox4AaABAg",
            "reply_content": "\u611f\u8b1d\u6d0b\u8525",
            "likeCount": 0
        },
        {
            "reply_id": "UgzVIHCubBrmLGVGpBd4AaABAg",
            "reply_content": "\u6bcf\u500b\u5b87\u5b99\u90fd\u5728\u9760\u5317\u9760\u6728",
            "likeCount": 0
        },
        {
            "reply_id": "UgyM8337ds7qfds9d8l4AaABAg",
            "reply_content": "\u770b\u8457\u770b\u8457\u5c31\u54ed\u4e86",
            "likeCount": 0
        },
        {
            "reply_id": "UgywkaDPm2KrMa1wQch4AaABAg",
            "reply_content": "\u54ed\u9738\u54ed\u6bcd",
            "likeCount": 0
        },
        {
            "reply_id": "UgzgqtZ07BeQHxKMwaR4AaABAg",
            "reply_content": "\u6700\u5f8c\u4e00\u500b\u4e0d\u662f\u53ef\u4ee5\u76e1\u60c5\u505a\u81ea\u5df1\u559c\u6b61\u7684\u4e8b\u6216\u662f\u6f5b\u5fc3\u8ffd\u6c42\u81ea\u5df1\u60f3\u8981\u7684\u4e8b\u7269\u7136\u5f8c\u4e0d\u7528\u64d4\u5fc3\u9322\u7684\u554f\u984c\u55ce\uff1f\u5f88\u723d\u6b38\uff0c\u800c\u4e14\u6211\u4e0d\u76f8\u4fe1\u9019\u9ebc\u6709\u9322\u9084\u6c92\u4eba\u6500\ud83d\ude02",
            "likeCount": 0
        },
        {
            "reply_id": "Ugz4upgjiWQrykyNZbd4AaABAg",
            "reply_content": "\u76f4\u64ad\u90a3\u6bb5\u8d85\u597d\u7b11",
            "likeCount": 0
        },
        {
            "reply_id": "Ugz8hZPM1bH0AN5yTEB4AaABAg",
            "reply_content": "",
            "likeCount": 0
        },
        {
            "reply_id": "Ugyqwobk_hk0Z-DXWsR4AaABAg",
            "reply_content": "\u597d\u591a\u7b11\u9ede\u5594\u54c8\u54c8\u54c8",
            "likeCount": 0
        },
        {
            "reply_id": "Ugz5HzOo2o4pk1Dpef54AaABAg",
            "reply_content": "\u55da\u55da\u6d0b\u8525\u662f\u6211\u73fe\u5728\u78ba\u8a3a\u6642\u8ca0\u8cac\u966a\u4f34\u6211\u7684\u597d\u8525\ud83e\udd7a",
            "likeCount": 0
        },
        {
            "reply_id": "Ugxie82ijls2eCJxpfN4AaABAg",
            "reply_content": "",
            "likeCount": 0
        },
        {
            "reply_id": "UgyEYNSMwVvXAXn2YQt4AaABAg",
            "reply_content": "",
            "likeCount": 0
        },
        {
            "reply_id": "UgyQIS9yy71hnrRqtGJ4AaABAg",
            "reply_content": "\u6211\u4e5f\u6b63\u5728\u9760\u5317\u9760\u6bcd\u7684\u7576\u793e\u755c\u5462",
            "likeCount": 0
        },
        {
            "reply_id": "UgySReSy9qcFCGFzEsh4AaABAg",
            "reply_content": "\u9019\u96c6\u5c01\u795e",
            "likeCount": 0
        },
        {
            "reply_id": "Ugwbx5xUKnpDp-H11V14AaABAg",
            "reply_content": "\u6700\u5f8c\u4e2d\u4e8c\u5230\u6211\u96de\u76ae\u7599\u7629\u8d77\u4f86",
            "likeCount": 0
        },
        {
            "reply_id": "UgzrKr6wLR5LkMiBawF4AaABAg",
            "reply_content": "\u6b63\u662f\u56e0\u70ba\u4eba\u7e3d\u4e0d\u6eff\u65bc\u73fe\u72c0\uff0c\u6211\u5011\u624d\u6703\u4e00\u76f4\u9032\u6b65",
            "likeCount": 0
        }
    ]
}