{
    "video_info": {
        "id": "yOJN1KyzMjM",
        "channelTitle": "Onion Man",
        "title": "Onion Man | \u751f\u6b7b\u4e00\u77ac\u9593\uff01\u6d0b\u8525\u7684\u4e03\u5927\u8d70\u99ac\u71c8\u56de\u61b6\uff01\uff01 | \u771f\u5be6\u6545\u4e8b\u7cfb\u5217",
        "description": "\u53e4\u60d1\u4ed4\u662f\u771f\u5be6\u5b58\u5728\u3109...\u90fd\u662f\u8caa\u5c0f\u4fbf\u5b9c\u7684\u5831\u61c9\n\n\u6d0b\u8525\u624b\u6a5f\u652f\u67b6\u9650\u91cf\u958b\u8ce3: https://shopee.tw/product/262656109/20213005745/\n\n\u3010\u8a02\u95b1\u3011\u53ca\u89c0\u770b\u6d0b\u8525\u66f4\u591a\u5f71\u7247: https://goo.gl/ijP3Eb\n\n\u5de5\u4f5c\u5408\u4f5c\uff1aonionmanwork@gmail.com\nOnion Man \u767e\u842c\u8ffd\u8e64\u7c89\u7d72\u5718:goo.gl/Z5CSvw\n\n\u6700\u65b0\u963f\u6587\u8cbc\u5716:https://reurl.cc/GxYjA\n\n\u7b2c\u4e00\u4ee3\u963f\u6587line\u8cbc\u5716:https://reurl.cc/Wroxx\n\n\u6d0b\u8525\u79c1\u751f\u6d3bIG:https://www.instagram.com/onionman__/\n\n\n\u904b\u52d5\u6f2b\u756b\u88e1\u7684\u4e2d\u4e8c\u8001\u6897\u5287\u60c5\n\u25ba\u7b2c\u4e00\u96c6:https://youtu.be/cMoV1rPH35k\n\u25ba\u7b2c\u4e8c\u96c6:https://youtu.be/iW7LM00lny0\n\u25ba\u7b2c\u4e09\u96c6:https://youtu.be/2G5wu61uCM0\n\u25ba\u7b2c\u56db\u96c6:https://youtu.be/-rP1abYv8n4\n\nOnion Man \u95dc\u9375\u5b57:\n\u4e2d\u4e8c \u80a5\u5b85 \u55ae\u8eab\u6f22 \u55ae\u8eab \u9b6f\u86c7 \u5c4c\u7d72 \u80a5\u5b85",
        "likeCount": "16981",
        "commentCount": "1076",
        "viewCount": "995623"
    },
    "comments": [
        {
            "reply_id": "UgwfuTLMR1ElsWd1UJ14AaABAg",
            "reply_content": "\u6b7b\u6d0b\u8525",
            "likeCount": 1
        },
        {
            "reply_id": "Ugx1XuX5O3LtLVtFtv54AaABAg",
            "reply_content": "\u6211\u4ee5\u70ba\u6703\u6709 \u5728\u6eaa\u908a\u73a9\u5dee\u9ede\u88ab\u5927\u77f3\u982d\u7838\u7684\u4e8b\u4ef6",
            "likeCount": 1
        },
        {
            "reply_id": "UgzwY9HZrJD6ZG7imgt4AaABAg",
            "reply_content": "\u6d77\u908a\u73a9\u6642\u88ab\u6d6a\u6372\u8d70",
            "likeCount": 0
        },
        {
            "reply_id": "Ugx-AfTTg0rcl8n0FBN4AaABAg",
            "reply_content": "\u662f\u4e4b\u524d\u7684\u5de5\u4f5c\u4eba\u54e1",
            "likeCount": 0
        },
        {
            "reply_id": "UgyqPDnK4jNH0RbwVAN4AaABAg",
            "reply_content": "\u6211\u9f3b\u5b50\u4e5f\u5361\u4f4f\u904e\u6771\u897f",
            "likeCount": 0
        },
        {
            "reply_id": "UgxNIV-depVB7SoE7cZ4AaABAg",
            "reply_content": "\u5168\u4e16\u754c\u7684\u4eba\u985e\u7576\u4e2d\u53ea\u6709\u6d0b\u8525\u662f\u4e16\u754c\u4e0a\u6240\u6709\u4e0d\u597d\u7684\u4e8b\u60c5\u7684\u5c0d\u8c61",
            "likeCount": 0
        },
        {
            "reply_id": "UgwyFup-TEvPzqWsk-94AaABAg",
            "reply_content": "\u5168\u4e16\u754c\u7684\u4eba\u985e\u7576\u4e2d\u53ea\u6709\u6d0b\u8525\u4f60\u662f\u4f4e\u80fd",
            "likeCount": 0
        },
        {
            "reply_id": "UgxC03p_YJqT088VJtl4AaABAg",
            "reply_content": "\u4f60\u662f\u81bd\u5c0f\u9b3c\u6d0b\u8525",
            "likeCount": 0
        },
        {
            "reply_id": "Ugxw5RSRi0nBctl71354AaABAg",
            "reply_content": "\u6253\u5012\u4e00\u500b\u5168\u90e8\u4e00\u6b21\u6253",
            "likeCount": 0
        },
        {
            "reply_id": "Ugw0kZqSihXR-PvpLEB4AaABAg",
            "reply_content": "\u4e82\u649e\u4f60\u7684\u4eba\u771f\u7684\u5f88\u5317\u4e03\u8a92",
            "likeCount": 0
        },
        {
            "reply_id": "Ugy-Emvk4S3rKC3rK554AaABAg",
            "reply_content": "\u6469\u6258\u8eca\u4e8b\u4ef6\u982d\u9aee\u8b8a\u4e86",
            "likeCount": 0
        },
        {
            "reply_id": "Ugx4XDzvPV5M9UoUllJ4AaABAg",
            "reply_content": "\u6211\u6709\u88ab\u8eca\u649e\u5230\u904e\u4f46\u662f\u6211\u6c92\u4e8b",
            "likeCount": 0
        },
        {
            "reply_id": "Ugz2X6UV12dxUtkZZZN4AaABAg",
            "reply_content": "\u9f3b\u5b54\u90a3\u6bb5\u89ba\u5f97\u8d85\u5c4c\u6b38\u7b49\u7b49\u54c8\u54c8\u54c8\n\u662f\u6211\u53ef\u80fd\u614c\u7206\u90fd\u6c92\u60f3\u5230\u4e00\u6b21\u6027\u5410\u51fa\u53bb",
            "likeCount": 0
        },
        {
            "reply_id": "Ugxi4l7SjR9fPMn2ywd4AaABAg",
            "reply_content": "\u9020\u578b",
            "likeCount": 0
        },
        {
            "reply_id": "UgxEmRczu9LdqMOyoDJ4AaABAg",
            "reply_content": "\u5c0f\u6642\u5019\u6211\u62ff\u6a02\u9ad8\u8cfd\u5728\u6211\u9f3b\u5b50\u6211\u5abd\u8d95\u7dca\u5e36\u6211\u53bb\u91ab\u9662\u6700\u5f8c \u6211\u9f3b\u5b50\u7684\u8840\u7ba1\u7834\u88c2\u5bb3\u6211\u7d93\u5e38\u6d41\u9f3b\u8840\uff0c\u6211\u570b\u5c0f\u96e2\u6b7b\u4ea1\u6700\u8fd1\u7684\u4e00\u6b21\u662f\u5dee\u9ede\u88ab\u77f3\u982d\u7838\u4e2d\u982d",
            "likeCount": 0
        },
        {
            "reply_id": "UgyGMXvY7uxSPC3_GMd4AaABAg",
            "reply_content": "\u80fd\u6d3b\u5230\u73fe\u5728\u4e5f\u662f\u4e0d\u5bb9\u6613",
            "likeCount": 0
        },
        {
            "reply_id": "UgzPHItvz8c_DlbT5494AaABAg",
            "reply_content": "\u96d6\u7136\u9019\u6a23\u8aaa\u5f88\u5730\u7344 \u4f46\u6703\u4e0d\u6703\u6c92\u591a\u4e45\u90a3\u5abd\u5abd\u53c8\u795e\u7d93\u5927\u689d\u7684\u6c92\u6ce8\u610f\u90a3\u500b\u5c0f\u59b9\u59b9\u771f\u7684\u767c\u751f\u610f\u5916 \u4e0a\u5929\u4e86",
            "likeCount": 0
        },
        {
            "reply_id": "UgzczqT9IRyS1YjEUF94AaABAg",
            "reply_content": "\u5916\u5a46\u90a3\u500b\u771f\u7684\u611f\u52d5",
            "likeCount": 0
        },
        {
            "reply_id": "Ugy0F1rrHhawGvYMK_l4AaABAg",
            "reply_content": "\u6211\u9084\u4ee5\u70ba\u4f60\u6eba\u6c34\u662f\u963f\u59ae\u4e9e\u628a\u4f60\u6551\u4e0a\u4f86\u7684",
            "likeCount": 0
        },
        {
            "reply_id": "Ugx_nzjQ405ydnIzlB54AaABAg",
            "reply_content": "\u6d0b\u8525\u5c0f\u6642\u5019\u88ab\u5404\u4f4d\u5927\u4eba\u82f1\u96c4\u6551\uff0c\u9577\u5927\u4e86\u8b8a\u6210\u4e00\u4f4d\u82f1\u96c4",
            "likeCount": 0
        },
        {
            "reply_id": "UgxCgia7i4EdYDMBmEp4AaABAg",
            "reply_content": "\u597d\u5e25",
            "likeCount": 0
        },
        {
            "reply_id": "UgwWF28tp5J_tBQmmAB4AaABAg",
            "reply_content": "\u6211\u5c0f\u6642\u5019\u4e5f\u5dee\u9ede\u6b7b\u5728\u6e38\u6cf3\u6c60",
            "likeCount": 0
        },
        {
            "reply_id": "Ugwjic0RSXctR4bCCvx4AaABAg",
            "reply_content": "\u6551\u751f\u54e1\u6c92\u6551\u4ed6\u5011\u600e\u9ebc\u662f\u8205\u8205",
            "likeCount": 0
        },
        {
            "reply_id": "UgyEvH92jR2-6xxkPad4AaABAg",
            "reply_content": "\u6551\u547d\u6069\u4eba",
            "likeCount": 0
        },
        {
            "reply_id": "UgyyAuqbdyP3w_vGqT94AaABAg",
            "reply_content": "\u6e38\u6cf3\u6c60\u90a3\u6bb5\u8ddf\u6211\u4e00\u6a21\u4e00\u6a23\u8036 \u4e8b\u5f8c\u56de\u60f3\u8d77\u4f86\u9084\u662f\u89ba\u5f97\u5f88\u9a5a\u96aa",
            "likeCount": 0
        }
    ]
}