{
    "video_info": {
        "id": "z8mNzg__FPI",
        "channelTitle": "Onion Man",
        "title": "Onion Man | \u53c3\u52a0\u540c\u5b78\u6703\u662f\u70ba\u4e86\u70ab\u8000\u3001\u6500\u6bd4\u6210\u5c31\u55ce?",
        "description": "\u540c\u5b78\u6703\u662f\u74b0\u7e5e\u8457\u6211\u5011\u4e00\u751f\u7684\u6d3b\u52d5\uff0c\u6bcf\u5e74\u53c3\u52a0\u611f\u89f8\u90fd\u4e0d\u540c\n\n\u65b0\u8863\u670d\u9810\u8cfc\u958b\u555f  \u4e0b\u5468\u7d50\u55ae\nOnion Man \u6d0b\u8525 \u00d7 \u523a\u7e61\u68c9\u8cea\u4f11\u9592\u904b\u52d5\u77ed\u8932\nhttps://www.tami.tw/products/onionman-2023gs\nOnion Man \u6d0b\u8525 \u00d7 \u72e0\u89d2\u8272\u8cbc\u5e03 T-shirt\nhttps://www.tami.tw/products/onionman-2023tshirt\n\n\u3010\u8a02\u95b1\u3011\u53ca\u89c0\u770b\u6d0b\u8525\u66f4\u591a\u5f71\u7247: https://goo.gl/ijP3Eb\n\n\u5de5\u4f5c\u5408\u4f5c\uff1aonionmanwork@gmail.com\nOnion Man \u767e\u842c\u8ffd\u8e64\u7c89\u7d72\u5718:goo.gl/Z5CSvw\n\n\u6700\u65b0\u963f\u6587\u8cbc\u5716:https://reurl.cc/GxYjA\n\n\u7b2c\u4e00\u4ee3\u963f\u6587line\u8cbc\u5716:https://reurl.cc/Wroxx\n\n\u6d0b\u8525\u79c1\u751f\u6d3bIG:https://www.instagram.com/onionman__/\n\n\n\u904b\u52d5\u6f2b\u756b\u88e1\u7684\u4e2d\u4e8c\u8001\u6897\u5287\u60c5\n\u25ba\u7b2c\u4e00\u96c6:https://youtu.be/cMoV1rPH35k\n\u25ba\u7b2c\u4e8c\u96c6:https://youtu.be/iW7LM00lny0\n\u25ba\u7b2c\u4e09\u96c6:https://youtu.be/2G5wu61uCM0\n\u25ba\u7b2c\u56db\u96c6:https://youtu.be/-rP1abYv8n4\n\nOnion Man \u95dc\u9375\u5b57:\n\u4e2d\u4e8c \u80a5\u5b85 \u55ae\u8eab\u6f22 \u55ae\u8eab \u9b6f\u86c7 \u5c4c\u7d72 \u80a5\u5b85",
        "likeCount": "5119",
        "commentCount": "386",
        "viewCount": "298833"
    },
    "comments": [
        {
            "reply_id": "Ugx-mJjVR4_s5vrbyLF4AaABAg",
            "reply_content": "\u8ddf\u597d\u4e45\u4e0d\u898b\u7684\u540c\u5b78\u898b\u9762\u6839\u672c\u5c31\u662f\u5728\u6500\u6bd4\u8ab0\u904e\u5f97\u597d",
            "likeCount": 2
        },
        {
            "reply_id": "UgxwCPR0Z48dYsB7GnN4AaABAg",
            "reply_content": "\u9019\u7bc7\u770b\u5b8c\u597d\u50cf\u4e0d\u89ba\u5f97\u597d\u7b11\uff0c\u53cd\u800c\u611f\u89ba\u6709\u9ede\u5c37\u5c2c",
            "likeCount": 1
        },
        {
            "reply_id": "Ugx9ytkmtjTRvs2M2Ap4AaABAg",
            "reply_content": "\u6700\u8fd1\u4e5f\u8981\u53c3\u52a0\u7562\u696d\u5f8c\u7b2c\u4e00\u5834\u5927\u5b78\u670b\u53cb\u7684\u5a5a\u79ae\ud83d\ude02",
            "likeCount": 1
        },
        {
            "reply_id": "UgxTlTS56v6D9XIKWyh4AaABAg",
            "reply_content": "\u592a\u96e3\u4e86\u5927\u5bb6\u6709\u7684\u7576\u7238\u5abd\u7684\uff0c\u5c0f\u670b\u53cb\u771f\u7684\u5f88\u96e3\u653e\u8457\u5c31\u51fa\u9580",
            "likeCount": 1
        },
        {
            "reply_id": "Ugzimg_hgQyf7--vXWh4AaABAg",
            "reply_content": "\u5927\u5b78\u7562\u696d\u5f8c\u53c3\u52a0\u5a5a\u79ae\u771f\u7684\u8ddf\u5c31\u50cf\u9806\u4fbf\u8fa6\u540c\u5b78\u6703\u4e86 \u5176\u4ed6\u6642\u9593\u6839\u672c\u6c92\u4eba\u60f3\u7576\u4e3b\u63ea",
            "likeCount": 1
        },
        {
            "reply_id": "Ugw9PSjSwvtZSJScvt54AaABAg",
            "reply_content": "\u7d05\u5091\u9019\u6b20\u6241\u64d4\u7576\u662f\u6709\u7279\u5225\u52a0\u7d66\u55ce",
            "likeCount": 0
        },
        {
            "reply_id": "Ugx4D5OwImQHM75SmQ54AaABAg",
            "reply_content": "\u6b72\u6708\u662f\u628a\u6bba\u8c6c\u5200",
            "likeCount": 0
        },
        {
            "reply_id": "UgzOrM0gAmDKH0BdyBx4AaABAg",
            "reply_content": "\u7f8e",
            "likeCount": 0
        },
        {
            "reply_id": "UgxZcixJP8YJNECBMLF4AaABAg",
            "reply_content": "\u6d0b\u8525\u4f60\u8981\u7d50\u5a5a\u4e86\u55ce",
            "likeCount": 0
        },
        {
            "reply_id": "Ugyoeljdzts5DzDnTe54AaABAg",
            "reply_content": "\u597d\u559c\u6b61\u770b\u5230\u6d0b\u8525\u5c31\u662f\u9019\u9ebc\u53ef\u611b\u548c\u771f\u8aa0\uff0c\u99ac\u4e0a\u4e0b\u55ae\u8863\u670d",
            "likeCount": 0
        },
        {
            "reply_id": "UgxehOWFfngJvyerCll4AaABAg",
            "reply_content": "\u6b61\u8fce\u4f86\u5230\u8b0e\u6848\u8ffd\u8e64",
            "likeCount": 0
        },
        {
            "reply_id": "UgxszjGWFlB8sSPYygJ4AaABAg",
            "reply_content": "\u7d42\u65bc\u56de\u6b78\u7576\u521d\u7684\u6d0b\u8525\u4e86",
            "likeCount": 0
        },
        {
            "reply_id": "UgxiDeKc0BS906Q35o94AaABAg",
            "reply_content": "\u597d\u61f7\u5ff5\u5594",
            "likeCount": 0
        },
        {
            "reply_id": "UgzCiWq3OkUpWGLinNx4AaABAg",
            "reply_content": "\u6d0b\u8525\u61c9\u8a72\u5feb\u6c92\u843d\u4e86\u550f\u5653",
            "likeCount": 0
        },
        {
            "reply_id": "UgyxpxvRrL2I8hg64B14AaABAg",
            "reply_content": "\u6211\u540c\u5b78\u6703\u662f\u8981\u627e\u90a3\u4e9b\u9738\u51cc\u6211\u7684\u4eba\u7b97\u5e33",
            "likeCount": 0
        },
        {
            "reply_id": "Ugy7iwhDiI_nY97taSh4AaABAg",
            "reply_content": "\u5ffd\u7136\u60f3\u5ff5\u8001\u540c\u5b78\u4e86",
            "likeCount": 0
        },
        {
            "reply_id": "UgwlaX2cPO1yQqlMDWh4AaABAg",
            "reply_content": "\u62bd",
            "likeCount": 0
        },
        {
            "reply_id": "UgxPqp1UGEM1IBLzXsV4AaABAg",
            "reply_content": "\u73fe\u5728\u9084\u6709\u793e\u7fa4\u7db2\u8def\uff0c\u53ea\u8981\u9084\u6709\u518d\u767c\u6587\u5c31\u77e5\u9053\u5c0d\u65b9\u7684\u8fd1\u6cc1",
            "likeCount": 0
        },
        {
            "reply_id": "UgyzSL8fWCnmUrvb0Mh4AaABAg",
            "reply_content": "\u7d2f",
            "likeCount": 0
        },
        {
            "reply_id": "UgwMWjd0sxW9qFInwvd4AaABAg",
            "reply_content": "\u9084\u6709\u8179\u808c",
            "likeCount": 0
        },
        {
            "reply_id": "Ugywx--boHICj5AE8DN4AaABAg",
            "reply_content": "\u540c\u5b78\u6703\u6700\u4e3b\u8981\u7684\u76ee\u7684\u5c31\u662f\u770b\u4ee5\u524d\u8a0e\u53ad\u7684\u540c\u5b78\u8b8a\u5f97\u6709\u591a\u6a5f\u63b0",
            "likeCount": 0
        },
        {
            "reply_id": "Ugzt7VpUfqWwK_RFJJp4AaABAg",
            "reply_content": "\u6c92\u670b\u53cb\u4e0d\u77e5\u9053\u662f\u5e78\u798f\u9084\u662f\u4e0d\u5e78\u5462",
            "likeCount": 0
        },
        {
            "reply_id": "Ugz2sq2qZaoGXdEOI1R4AaABAg",
            "reply_content": "\u9ad8\u4e2d\u904e\u5f8c\u5230\u5927\u5b78\u5927\u5bb6\u90fd\u6709\u5404\u81ea\u7684\u51fa\u8def\n\u57fa\u672c\u4e0a\u53ea\u6709\u5538\u5230\u597d\u5927\u5b78\u597d\u79d1\u7cfb\u53c8\u4e0d\u908a\u7de3\u7684\u4eba\u624d\u6703\u53bb\u9019\u4e9b\u805a\u6703\ud83d\ude22",
            "likeCount": 16
        },
        {
            "reply_id": "UgwvilDIbZDNtpnrIgJ4AaABAg",
            "reply_content": "\u795d\u6d0b\u8525\u65b0\u5a5a\u5feb\u6a02",
            "likeCount": 10
        },
        {
            "reply_id": "UgxRTZaDN4EQto5M9OB4AaABAg",
            "reply_content": "\u9019\u90e8\u5f71\u7247\u61c9\u8a72\u6703\u6380\u8d77\u4e00\u6ce2\u91cd\u65b0\u8209\u8fa6\u540c\u5b78\u6703\u6f6e\u54c8\u54c8\u54c8",
            "likeCount": 7
        }
    ]
}