{
    "video_info": {
        "id": "zCLWkoSyKoE",
        "channelTitle": "Onion Man",
        "title": "Onion Man |  2022\u65b0\u6d0b\u8525\u6015\u87d1\u8782\u4e8b\u4ef6  | \u53ef\u6015\u7684\u6e05\u6f54\u516c\u53f8",
        "description": "2022\u5e74\u7684\u6d0b\u8525\uff0c\u6c7a\u5b9a\u8f49\u5ff5\u8207\u87d1\u8782\u5171\u8655\uff0c\u4e0d\u518d\u61fc\u6015\u4ed6\u5011\u22ef\n\n\u9084\u662f\u6703\u61fc\u6015\u7684\u8a71\uff0c\u53ef\u4ee5\u8a66\u8a66\u9019\u6b3e\n\u65e5\u672c\u92b7\u552e\u7b2c\u4e00\u300c\u8208\u5bb6\u5b89\u901f\u5c0f\u9ed1\u5e3d\u300d\u87d1\u8782\u990c\u5291\n\u56db\u500d\u9577\u6548*\u300c12\u500b\u6708\u6301\u7e8c\u6ec5\u87d1\u300d\n\nPChome\u8ce3\u5834\uff1ahttps://lihi1.com/OSRHY \nMOMO\u8ce3\u5834\uff1ahttps://lihi1.com/huIqw\n\n\u672c\u7bc7\u7559\u8a00\u5c07\u62bd8\u4f4d\uff0c\u7372\u5f97\u9664\u87d1\u795e\u5668-\u8208\u5bb6\u5b89\u901f\u5c0f\u9ed1\u5e3d\u87d1\u8782\u990c\u5291\u4e00\u76d2\n*\u56db\u500d\u9577\u6548\u4fc2\u6307\u8207\u81ea\u793e\u5176\u4ed6\u7522\u54c1\u6bd4\u8f03\n\n\u3010\u8a02\u95b1\u3011\u53ca\u89c0\u770b\u6d0b\u8525\u66f4\u591a\u5f71\u7247: https://goo.gl/ijP3Eb\n\n\u5de5\u4f5c\u5408\u4f5c\uff1aonionmanwork@gmail.com\nOnion Man \u767e\u842c\u8ffd\u8e64\u7c89\u7d72\u5718:goo.gl/Z5CSvw\n\n\u6700\u65b0\u963f\u6587\u8cbc\u5716:https://reurl.cc/GxYjA\n\n\u7b2c\u4e00\u4ee3\u963f\u6587line\u8cbc\u5716:https://reurl.cc/Wroxx\n\n\u6d0b\u8525\u79c1\u751f\u6d3bIG:https://www.instagram.com/onionman__/\n\n\n\u904b\u52d5\u6f2b\u756b\u88e1\u7684\u4e2d\u4e8c\u8001\u6897\u5287\u60c5\n\u25ba\u7b2c\u4e00\u96c6:https://youtu.be/cMoV1rPH35k\n\u25ba\u7b2c\u4e8c\u96c6:https://youtu.be/iW7LM00lny0\n\u25ba\u7b2c\u4e09\u96c6:https://youtu.be/2G5wu61uCM0\n\u25ba\u7b2c\u56db\u96c6:https://youtu.be/-rP1abYv8n4\n\nOnion Man \u95dc\u9375\u5b57:\n\u4e2d\u4e8c \u80a5\u5b85 \u55ae\u8eab\u6f22 \u55ae\u8eab \u9b6f\u86c7 \u5c4c\u7d72 \u80a5\u5b85",
        "likeCount": "12404",
        "commentCount": "1478",
        "viewCount": "624243"
    },
    "comments": [
        {
            "reply_id": "UgwYrCj4xPUqv0mBO1h4AaABAg",
            "reply_content": "\u6d0b\u8525\u7684\u7a2e\u65cf\u5c60\u6bba\u60f3\u6cd5\u582a\u6bd4\u7d0d\u7cb9\u5fb7\u570b\u5440\u54c8\u54c8",
            "likeCount": 1
        },
        {
            "reply_id": "UgyQGC6qMydaWJT77uF4AaABAg",
            "reply_content": "\u63a2\u51fa\u9b0d\u9b1a\u7684\u60c5\u7bc0\u582a\u6bd4\u7375\u4eba\u88e1\u8afe\u5e03\u53ea\u770b\u5230\u5c3c\u98db\u5f7c\u591a\u7684\u5713\u5c31\u5687\u50bb",
            "likeCount": 1
        },
        {
            "reply_id": "Ugxi9_7bbG7oK-oIu4p4AaABAg",
            "reply_content": "\u6700\u5f8c\u4e00\u500b\u6700\u5641\u5fc3",
            "likeCount": 1
        },
        {
            "reply_id": "UgyapxMpw-GmXRPak8V4AaABAg",
            "reply_content": "\u592a\u5641\u4e86\u5427",
            "likeCount": 0
        },
        {
            "reply_id": "Ugwgq11_S6k1P2PTbvx4AaABAg",
            "reply_content": "\u8d85\u7d1a\u7206\u7b11",
            "likeCount": 0
        },
        {
            "reply_id": "UgzjRaTmfxcBy2WygAx4AaABAg",
            "reply_content": "\u87d1\u8782\u6211\u5012\u9084\u597d\u4f46\u6211\u89ba\u5f97\u58c1\u864e\u6bd4\u8f03\u5641",
            "likeCount": 0
        },
        {
            "reply_id": "UgxDRiC4N9frZ3ferJF4AaABAg",
            "reply_content": "\u6709\u4e00\u96bb\u7ae0\u6717\u5728\u4ed6\u96de\u96de",
            "likeCount": 0
        },
        {
            "reply_id": "UgxYWF4XYzBTf3nk9oR4AaABAg",
            "reply_content": "\u6211\u6709\u4e00\u6b21\u559d\u6211\u6700\u559c\u6b61\u7684\u98f2\u6599\u559d\u5230\u87d1\u8782",
            "likeCount": 0
        },
        {
            "reply_id": "UgzRLc1W1vniKCc9PxF4AaABAg",
            "reply_content": "\u7b49\u4e00\u4e0b\u90a3\u500b\u6709\u4e0b\u6c34\u9053\u4e95\u84cb\u7684\u591c\u5e02 \u8a72\u4e0d\u6703\u662f\u6843\u5712\u591c\u5e02\u5427\u54c8\u54c8\u54c8",
            "likeCount": 0
        },
        {
            "reply_id": "Ugz62fqkSlb6ASDYOcB4AaABAg",
            "reply_content": "\u8c22\u8c22\u4f60\u6d0b\u8471\u5e72\u6211\u770b\u5230\u7ed3\u5c3e\u4e5f\u60a3\u6709\u87d1\u8782\u6050\u60e7\u75c7\uff01",
            "likeCount": 0
        },
        {
            "reply_id": "Ugy-M9tCO_xVHpxxx_x4AaABAg",
            "reply_content": "\u87d1\u8782\u771f\u7684\u662f\u4e00\u7a2e\u6c92\u4ec0\u9ebc\u667a\u80fd\u7684\u751f\u7269\uff0c\u87d1\u8782\u5f88\u96e3\u9a45\u8d95\u6709\u6642\u9a45\u8d95\u4ed6\u5011\u53cd\u800c\u6703\u5f80\u4f60\u7684\u65b9\u5411\u9003\uff0c\u7136\u5f8c\u53c8\u767c\u73fe\u554a\u9003\u932f\u5730\u65b9\u5728\u6389\u982d",
            "likeCount": 0
        },
        {
            "reply_id": "Ugz_-o2KaqvsJbFi4eJ4AaABAg",
            "reply_content": "\u79c1\u4eba\u7684\u5f71\u7247\u9084\u51fa\u4f86\u64ad",
            "likeCount": 0
        },
        {
            "reply_id": "Ugz04sEdLNgvJMAEcux4AaABAg",
            "reply_content": "\u5687\u9f20",
            "likeCount": 0
        },
        {
            "reply_id": "Ugw3bLuX5TFKYGOgmrt4AaABAg",
            "reply_content": "\u6d0b\u8471\u6211\u4eec\u8fd9\u91cc\u6709\u4eba\u5403\u87d1\u8782\u54e6",
            "likeCount": 0
        },
        {
            "reply_id": "UgyHUmFXicO4HQViXvl4AaABAg",
            "reply_content": "\u6211\u6700\u5bb3\u6015\u7684\u4e00\u96c6\u2026\u56e0\u70ba\u6211\u4e0d\u7ba1\u662f\u770b\u5230\u63d2\u5716\u6216\u771f\u7684\u6211\u90fd\u6703\u6015\u771f\u662f\u4e0b\u5c4e\u5bf6\u5bf6\u4e86",
            "likeCount": 0
        },
        {
            "reply_id": "Ugxg8MFdCUO2nOcFhbV4AaABAg",
            "reply_content": "\u7b11\u6b7b\u4e86",
            "likeCount": 0
        },
        {
            "reply_id": "UgxFwklRGnK-Jm-AkEZ4AaABAg",
            "reply_content": "\u6211\u73fe\u5728\u7acb\u99ac\u5373\u523b\u53bb\u8cb7\u8208\u5bb6\u5b89\u901f\u5c0f\u9ed1\u5e3d",
            "likeCount": 0
        },
        {
            "reply_id": "UgxwZYn4dafhCuLhkDt4AaABAg",
            "reply_content": "\u6d0b\u8525\u5c0f\u96bb\u87d1\u8782\u4e5f\u53ef\u4ee5\u55ce",
            "likeCount": 0
        },
        {
            "reply_id": "UgxIL7WL0hF__-FK4AF4AaABAg",
            "reply_content": "\u6211\u5abd\u6709\u5728\u8ce3",
            "likeCount": 0
        },
        {
            "reply_id": "UgwH3JKc0MthnxRLg7N4AaABAg",
            "reply_content": "\u6211\u4e4b\u524d\u53bb\u65e9\u9910\u5e97\u559d\u5976\u8336\u5feb\u559d\u5b8c\u4e86\u7d50\u679c\u6709\u87d1\u8782",
            "likeCount": 0
        },
        {
            "reply_id": "UgzgKi0uQ2_SwfbFbcx4AaABAg",
            "reply_content": "\u597d\u5f8c\u6094\u770b\u4e86\u9019\u5f71\u7247\n\u6211\u665a\u4e0a\u6703\u505a\u60e1\u5922\u5614\u5614\u5614\u5614\u5614\u5614",
            "likeCount": 0
        },
        {
            "reply_id": "UgyC0uBQHXqS_imQ9Bl4AaABAg",
            "reply_content": "\u87d1\u8782\u800c\u5df2\u53c8\u4e0d\u662f\u6d77\u87d1\u8782",
            "likeCount": 0
        },
        {
            "reply_id": "UgyiXbAO4SXKov5CrWV4AaABAg",
            "reply_content": "\u6211\u4e5f\u5bb3\u6015\u87d1\u8782\u554a",
            "likeCount": 0
        },
        {
            "reply_id": "UgwuaW-ElkgCVqfVkiV4AaABAg",
            "reply_content": "\u9019\u96c6\u771f\u7684\u4e00\u76f4\u8b93\u6211\u7b11\u8b1d\u8b1d\u4e86\u8525\u54e5",
            "likeCount": 0
        },
        {
            "reply_id": "UgxPvD4Gbzoq772aq8B4AaABAg",
            "reply_content": "\u524d\u5e7e\u5929\u4e00\u96bb\u7a7a\u8ecd\u5f9e\u7a97\u7c3e\u5f8c\u98db\u9032\u4f86",
            "likeCount": 0
        }
    ]
}