{
    "video_info": {
        "id": "zOtbxmD1QUI",
        "channelTitle": "Onion Man",
        "title": "Onion Man | \u6d0b\u8525\u7684\u5531\u6b4c\u7cd7\u4e8b| \u5531KTV\u9189\u8db4\u5728\u4eba\u884c\u9053\u4e0a| \u6d0b\u8525\u7684\u5531\u6b4c\u7cd7\u4e8b\uff5c\u89e3HIGH\u7684\u5b85\u7537",
        "description": "\u6211\u771f\u7684\u4e0d\u60f3\u5531\uff0c\u6211\u6bcf\u6b21\u90fd\u662f\u88ab\u903c\u7684\n\n\u3010\u8a02\u95b1\u3011\u53ca\u89c0\u770b\u6d0b\u8525\u66f4\u591a\u5f71\u7247: https://goo.gl/ijP3Eb\n\n\u5de5\u4f5c\u5408\u4f5c\uff1aonionmanwork@gmail.com\nOnion Man \u767e\u842c\u8ffd\u8e64\u7c89\u7d72\u5718:goo.gl/Z5CSvw\n\n\u6700\u65b0\u963f\u6587\u8cbc\u5716:https://reurl.cc/GxYjA\n\n\u7b2c\u4e00\u4ee3\u963f\u6587line\u8cbc\u5716:https://reurl.cc/Wroxx\n\n\u6d0b\u8525\u79c1\u751f\u6d3bIG:https://www.instagram.com/onionman__/\n\n\n\u904b\u52d5\u6f2b\u756b\u88e1\u7684\u4e2d\u4e8c\u8001\u6897\u5287\u60c5\n\u25ba\u7b2c\u4e00\u96c6:https://youtu.be/cMoV1rPH35k\n\u25ba\u7b2c\u4e8c\u96c6:https://youtu.be/iW7LM00lny0\n\u25ba\u7b2c\u4e09\u96c6:https://youtu.be/2G5wu61uCM0\n\u25ba\u7b2c\u56db\u96c6:https://youtu.be/-rP1abYv8n4\n\nOnion Man \u95dc\u9375\u5b57:\n\u4e2d\u4e8c \u80a5\u5b85 \u55ae\u8eab\u6f22 \u55ae\u8eab \u9b6f\u86c7 \u5c4c\u7d72 \u80a5\u5b85",
        "likeCount": "5003",
        "commentCount": "477",
        "viewCount": "271446"
    },
    "comments": [
        {
            "reply_id": "Ugwo4ZVJ6Ezw1GPQMaF4AaABAg",
            "reply_content": "\u62f3\u723a\u63a5\u6d0b\u8525\u56de\u5bb6\u90a3\u4e00\u5e55\u600e\u9ebc\u9019\u9ebc\u6709\u611b",
            "likeCount": 6
        },
        {
            "reply_id": "UgzKnjReqqIwqzF3N2N4AaABAg",
            "reply_content": "\u9019\u96c6\u8981\u7b11\u6b7b\u4e86",
            "likeCount": 1
        },
        {
            "reply_id": "UgxIjf6pr4jYv2QOl7F4AaABAg",
            "reply_content": "\u90a3\u662f\u8ab0",
            "likeCount": 0
        },
        {
            "reply_id": "Ugy1mG7-wnippEEvVPh4AaABAg",
            "reply_content": "\u597d\u60b6\u7684\u670b\u53cb\u5011",
            "likeCount": 0
        },
        {
            "reply_id": "UgyUpOtTW5_G-4t6z2t4AaABAg",
            "reply_content": "\u660e\u660e\u5c31\u5047\u5410",
            "likeCount": 0
        },
        {
            "reply_id": "UgxKdJexlSoSBOFamiZ4AaABAg",
            "reply_content": "\u597d\u72e0",
            "likeCount": 0
        },
        {
            "reply_id": "Ugzop85JSG1dX-3mmyJ4AaABAg",
            "reply_content": "\u6c42\u8981\u66f4\u591a\u9304\u97f3\u7cbe\u83ef",
            "likeCount": 0
        },
        {
            "reply_id": "Ugwkbovll7MnIT8Q1XF4AaABAg",
            "reply_content": "\u652f\u6301",
            "likeCount": 0
        },
        {
            "reply_id": "Ugy2oGRPSHeqnZp3qSp4AaABAg",
            "reply_content": "\u6843\u5712\u9322\u6ac3",
            "likeCount": 0
        },
        {
            "reply_id": "Ugw6Kv2dfoBr7zlgGiV4AaABAg",
            "reply_content": "\u6211\u77e5\u9053\u4f60\u662f\u6d0b\u8525",
            "likeCount": 0
        },
        {
            "reply_id": "Ugx7DRPdJU5KnxcZQOR4AaABAg",
            "reply_content": "\u662f\u6642\u5019\u51fa\u4e00\u9996\u9952\u820c\u6b4c\u4e86",
            "likeCount": 0
        },
        {
            "reply_id": "Ugx1RcdfSx5a6fffcTN4AaABAg",
            "reply_content": "\u771f\u7684\u793e\u6b7b\u73fe\u5834",
            "likeCount": 0
        },
        {
            "reply_id": "UgzVjBbTrd_UWz-Wt9x4AaABAg",
            "reply_content": "\u559d\u9189\u5531\u6b4c\u9084\u9019\u9ebc\u597d\u807d",
            "likeCount": 0
        },
        {
            "reply_id": "Ugyhv1ebKGTXPFWuQux4AaABAg",
            "reply_content": "\u9694\u8457\u87a2\u5e55\u90fd\u80fd\u611f\u53d7\u5230\u7684\u5c2c",
            "likeCount": 0
        },
        {
            "reply_id": "UgwVHeDICQ6v8ZrmW4J4AaABAg",
            "reply_content": "\u5feb\u9ede\u5beb\u4e00\u9996\u5feb\u6b4c\u5c31\u89e3\u6c7a\u5566",
            "likeCount": 0
        },
        {
            "reply_id": "UgzXz73Q9oJ4VKgqp6x4AaABAg",
            "reply_content": "\u592a\u723d\u4e86\u90a3\u8a66\u7149",
            "likeCount": 0
        },
        {
            "reply_id": "UgwzURPFHvQwg8m6ju14AaABAg",
            "reply_content": "\u62bd",
            "likeCount": 0
        },
        {
            "reply_id": "Ugyt-6PnhV3j6PpX-Lh4AaABAg",
            "reply_content": "\u62bd",
            "likeCount": 0
        },
        {
            "reply_id": "UgzKMN3E_IQfE6bbejp4AaABAg",
            "reply_content": "\u6709\u4eba\u5403\u71b1\u7092\u559d\u9189\u5410\u5728\u8def\u908a\u7684\u55ce",
            "likeCount": 0
        },
        {
            "reply_id": "Ugxr8Z7Iqb42bisc03V4AaABAg",
            "reply_content": "\u5c45\u7136\u5728\u6d0b\u8525\u7684\u5f71\u7247\u770b\u5230\u91cd\u555f\u4eba\u751f\n\u4eca\u5e74\u6700\u611b\u65e5\u5287\u4e4b\u4e00",
            "likeCount": 0
        },
        {
            "reply_id": "Ugwop_ulWCX1eh5zN994AaABAg",
            "reply_content": "\u90a3\u500b\u5531\u6b4c\u7684\u7247\u6bb5\u771f\u7684\u80fd\u611f\u53d7\u9053\u5c37\u5c2c\u54c8\u54c8\u54c8\u54c8\u54c8\u54c8",
            "likeCount": 0
        },
        {
            "reply_id": "Ugy_5OVZkK_JPSVtqqh4AaABAg",
            "reply_content": "\u8d85\u7231\u8fd9\u4e24\u4f4d",
            "likeCount": 0
        },
        {
            "reply_id": "Ugwq02ykItesgk_Mirt4AaABAg",
            "reply_content": "\u7528\u770b\u7684\u90fd\u597d\u5c2c",
            "likeCount": 0
        },
        {
            "reply_id": "Ugz4irG373WpqkkDdOB4AaABAg",
            "reply_content": "\u6709\u5920\u5c2c",
            "likeCount": 0
        },
        {
            "reply_id": "UgwQv4URNIVWxHqnoRd4AaABAg",
            "reply_content": "\u597d\u7fa8\u6155",
            "likeCount": 0
        }
    ]
}