{
    "video_info": {
        "id": "zqJbFuwjheM",
        "channelTitle": "Onion Man",
        "title": "Onion Man | \u51fa\u570b\u73a9\u9047\u53e4\u602a\u5c0e\u904a\uff1f\u628a\u6211\u5011\u653e\u751f\u5728\u6a5f\u5834\uff01\u6d0b\u8525\u9047\u5230\u7684\u6a5f\u8eca\u602a\u4eba\u7bc7 | \u53e4\u602a\u7684\u7259\u91ab | \u7403\u5834\u602a\u8001\u4f2f | \u5018\u5206\u5c0e\u904a  @JBao  @huzi1989",
        "description": "\u9019\u5e7e\u5e74\u5927\u5bb6\u6108\u4f86\u6108\u8e81\uff0c\u4e0d\u8ad6\u7db2\u8def\u6216\u73fe\u5be6\u90fd\u662f\u5982\u6b64\uff0c\u770b\u6211\u600e\u9ebc\u5c0d\u4ed8\u9019\u4e9b\u4eba\n\n\n\u3010\u8a02\u95b1\u3011\u53ca\u89c0\u770b\u6d0b\u8525\u66f4\u591a\u5f71\u7247: https://goo.gl/ijP3Eb\n\n\u5de5\u4f5c\u5408\u4f5c\uff1aonionmanwork@gmail.com\nOnion Man \u767e\u842c\u8ffd\u8e64\u7c89\u7d72\u5718:goo.gl/Z5CSvw\n\n\u6700\u65b0\u963f\u6587\u8cbc\u5716:https://reurl.cc/GxYjA\n\n\u7b2c\u4e00\u4ee3\u963f\u6587line\u8cbc\u5716:https://reurl.cc/Wroxx\n\n\u6d0b\u8525\u79c1\u751f\u6d3bIG:https://www.instagram.com/onionman__/\n\n\n\u904b\u52d5\u6f2b\u756b\u88e1\u7684\u4e2d\u4e8c\u8001\u6897\u5287\u60c5\n\u25ba\u7b2c\u4e00\u96c6:https://youtu.be/cMoV1rPH35k\n\u25ba\u7b2c\u4e8c\u96c6:https://youtu.be/iW7LM00lny0\n\u25ba\u7b2c\u4e09\u96c6:https://youtu.be/2G5wu61uCM0\n\u25ba\u7b2c\u56db\u96c6:https://youtu.be/-rP1abYv8n4\n\nOnion Man \u95dc\u9375\u5b57:\n\u4e2d\u4e8c \u80a5\u5b85 \u55ae\u8eab\u6f22 \u55ae\u8eab \u9b6f\u86c7 \u5c4c\u7d72 \u80a5\u5b85",
        "likeCount": "10635",
        "commentCount": "595",
        "viewCount": "514223"
    },
    "comments": [
        {
            "reply_id": "UgyUhITy0tmdudNKL1N4AaABAg",
            "reply_content": "\u62d4\u500b\u7259\u56c9\u7b11\u6b7b",
            "likeCount": 0
        },
        {
            "reply_id": "Ugwx37jNxWkxcxYzARp4AaABAg",
            "reply_content": "\u83ab\u540d\u5176\u5999\u60f3\u5230\u4e86\u4e2a\u4e00\u53e3\u6c14\u7ed9\u4e24\u9897\u7259\u505a\u6839\u7ba1\u7684\u72e0\u4eba\u540c\u5b66\ud83d\ude05",
            "likeCount": 0
        },
        {
            "reply_id": "Ugxe6EeC8vzJyeDQsf94AaABAg",
            "reply_content": "\u5c31\u662f\u505c\u6b62\u5167\u8017",
            "likeCount": 0
        },
        {
            "reply_id": "UgywN8HittNpWYaY2Sp4AaABAg",
            "reply_content": "\u6d0b\u8525\u4f60\u6253\u771f\u6b63\u7684\u7db2\u7403\u6bd4\u8cfd\u4f60\u5c31\u6703\u77e5\u9053\u6c61\u7403\u662f\u6b63\u5e38\u7684",
            "likeCount": 0
        },
        {
            "reply_id": "UgzfJIt76zp0vnqxwz54AaABAg",
            "reply_content": "\u7403\u5834\u963f\u4f2f\u89e3\u958b\u5fc3\u7d50\u90a3\u908a\u771f\u7684\u8d85\u6b63\u80fd\u91cf\uff0c\u7d50\u679c\u9084\u662f\u5f88\u767d\u721b\u54c8\u54c8\u54c8",
            "likeCount": 0
        },
        {
            "reply_id": "UgwImi4sMm6-jozcIcl4AaABAg",
            "reply_content": "\u597d\u597d\u7b11",
            "likeCount": 0
        },
        {
            "reply_id": "Ugyq9IghJs9f9YxvsR14AaABAg",
            "reply_content": "\u6d0b\u8525\u9577\u51fa\u4e86\u667a\u6167",
            "likeCount": 0
        },
        {
            "reply_id": "Ugz-VunjfV9Whwd1O_F4AaABAg",
            "reply_content": "\u6240\u4ee5\u4f60\u8ddf\u91ab\u751f\u6253\u7834\u5fc3\u7d50\u662f\u56e0\u70ba\u812b\u8863\u670d\u8ddf\u5c0d\u65b9\u655e\u958b\u5fc3\u623f\u55ce",
            "likeCount": 0
        },
        {
            "reply_id": "UgwUqurwSS2KVe3OrbR4AaABAg",
            "reply_content": "\u7d50\u5c3e\u5e7e\u4e4e\u90fd\u9084\u662f\u5f88\u5317\u7e9c\u54c8\u54c8\u54c8\u54c8",
            "likeCount": 0
        },
        {
            "reply_id": "Ugyp1Qw5MbLfQH6htJZ4AaABAg",
            "reply_content": "\u4f60\u5728\u6296\u97f3\u4e0a\u7684\u89c6\u9891\u5df2\u7ecf\u5f88\u4e45\u6ca1\u66f4\u65b0\u4e86\u3002\u6211\u53ea\u80fd\u8ffd\u5230\u8fd9\u8fb9\u6765",
            "likeCount": 0
        },
        {
            "reply_id": "UgyJ8XMcF6KGlwGTE9N4AaABAg",
            "reply_content": "\u6d0b\u8525\u7684\u89c0\u5ff5\u62ff\u4f86\u751f\u6d3b\u5176\u5be6\u90fd\u883b\u9802\u7684\u5427",
            "likeCount": 0
        },
        {
            "reply_id": "Ugy-FB_NJLdkLWzQGoN4AaABAg",
            "reply_content": "\u6d0b\u8525\u89c0\u5bdf\u4eba\u597d\u5165\u5fae",
            "likeCount": 0
        },
        {
            "reply_id": "UgxvvyCVm66tQZhnxL14AaABAg",
            "reply_content": "\u6843\u5712\u662f\u602a\u4eba\u5354\u6703\u7e3d\u90e8\u7684\u64da\u9ede",
            "likeCount": 0
        },
        {
            "reply_id": "UgxHDBzZbn6kGULKJmd4AaABAg",
            "reply_content": "\u7259\u91ab\u641e\u4e0d\u597d\u8981\u8aaa\u4f46\u662f\u4f60\u5148\u554f\u4e86",
            "likeCount": 0
        },
        {
            "reply_id": "UgxnELrffSsB2pjUp9F4AaABAg",
            "reply_content": "\u7259\u91ab\u8aaa\u4e0d\u5b9a\u662f\u793e\u6050",
            "likeCount": 0
        },
        {
            "reply_id": "UgyTVc6aGNsxGkA8iop4AaABAg",
            "reply_content": "\u9019\u96c6\u771f\u7684\u8d85\u68d2",
            "likeCount": 3
        },
        {
            "reply_id": "Ugw46zeDVWcwet5w3ZZ4AaABAg",
            "reply_content": "\u5f9e\u5c0f\u770b\u5230\u5927\u7684\u7259\u91ab\u5e2b\u4e5f\u4e0d\u5bb9\u6613\u8036\uff0c\u4ed6\u662f\u552f\u4e00\u628a\u4f60\u770b\u900f\u770b\u5149\u5149\u770b\u9032\u5fc3\u5bd2\u88e1\u7684\u4eba\u5537",
            "likeCount": 1
        },
        {
            "reply_id": "UgzLEe_mAEkBsmLZI-R4AaABAg",
            "reply_content": "\u512a\u8d8a\u6897\u8d85\u597d\u7b11",
            "likeCount": 1
        },
        {
            "reply_id": "UgzNDM2hwtRY2iOIvsh4AaABAg",
            "reply_content": "\u597d\u4e45\u6c92\u6709\u770b\u5230\u6703\u7d66\u5225\u4eba\u7b2c\u4e8c\u6b21\u6a5f\u6703\u7684\u4eba\u4e86",
            "likeCount": 1
        },
        {
            "reply_id": "Ugzy_XWIOkZk5JEEzr14AaABAg",
            "reply_content": "\u5f88\u8b9a\u7684\u4f01\u5283",
            "likeCount": 0
        },
        {
            "reply_id": "UgzH4C_FUWGfugCQFAh4AaABAg",
            "reply_content": "\u771f\u662f\u4eba\u751f\u5f88\u5927\u7684\u5b78\u7fd2",
            "likeCount": 0
        },
        {
            "reply_id": "UgxyUHwkJU1HvqZs1tN4AaABAg",
            "reply_content": "\u597d\u611f\u4eba",
            "likeCount": 0
        },
        {
            "reply_id": "Ugz9uqh5pexgGCsyWyZ4AaABAg",
            "reply_content": "\u6d0b\u8525\u4f60\u4e0d\u662f\u6709\u8cb7\u978b\u7684\u4e0d\u723d\u6d88\u8cbb\u7d93\u9a57\u55ce\n\u6211\u60f3\u770b\u5341\u5927\u4e0d\u723d",
            "likeCount": 0
        },
        {
            "reply_id": "UgzNvajxHJEEtjyZ6Cx4AaABAg",
            "reply_content": "\u6709\u6c92\u6709\u641e\u919c",
            "likeCount": 0
        },
        {
            "reply_id": "Ugwz1eMysOYZPS9YMdl4AaABAg",
            "reply_content": "\u8a8d\u540c",
            "likeCount": 0
        }
    ]
}