{
    "video_info": {
        "id": "7cFGYw00iLA",
        "channelTitle": "\u963f\u6ef4\u82f1\u6587",
        "title": "\u6e96\u5099\u53f0\u7063\u88dc\u54c1\u7d66\u6fb3\u6d32\u4eba\u5403! \u53f0\u7063\u96de\u4f5b\u3001\u82e6\u8336\u5687\u58de\u731b\u7537\u6d88\u9632\u54e1!",
        "description": "\u9996\u8cfc\u7d50\u5e33\u8f38\u5165\u5c08\u5c6c\u4ee3\u78bc\u3010Rayduyt\u3011 \u7acb\u523b\u6298$500\uff01\n\u7cbe\u6c23\u795e\u746a\u53612\u5165\u7d44\uff0c\u52a0\u78bc\u9001\u96a8\u8eab\u5305 \ud83d\udc49 https://reurl.cc/7Mzvrl\n\n\u3010\u52a0\u5165\u983b\u9053\u6703\u54e1\u3011http://bit.ly/3qIZjfT\n\n0:00 \u7cbe\u5f69\u9810\u544a\n0:30 \u4ecb\u7d39\u4f86\u8cd3\n3:47 \u95dc\u5fc3\u4f60\u7684\u5ee3\u544a\n5:00 \u9ebb\u6cb9\u96de\u4f5b\n7:14 \u82e6\u8336\n9:18 \u8591\u6bcd\u9d28\n14:10 \u9f9c\u82d3\u818f\n15:14 \u559c\u597d\u6392\u540d\n16:03 \u98ef\u5f8c\u5065\u8eab\n\n2024\u6fb3\u6d32\u6d88\u9632\u54e1\u6708\u66c6\uff1ahttps://bit.ly/46shCtG\n\u6bcf\u9031\u4e00\u665a\u4e0a\u516d\u9ede\u534a\u66f4\u65b0\uff0c\u8acb\u8a18\u5f97\u958b\u555fYouTube\ud83d\udd14\u901a\u77e5\uff01\n\n\u4e0a\u4e00\u90e8\u5f71\u7247 \u7b2c\u4e00\u6b21\u5e36\u7238\u5abd\u51fa\u570b\u5c31\u90016\u4f4d\u6578\u540d\u9336\u7684\u6211\uff0c\u662f\u5b5d\u5b50\u55ce\uff1fhttps://youtu.be/__TFwxRqG6k\n\u4e0b\u4e00\u90e8\u5f71\u7247 \u656c\u8acb\u671f\u5f85\uff01\n\n\u963f\u6ef4\u82f1\u6587\u7684\u4eba\u6c23\u5f71\u7247\uff1a\n\n\u25a0 \u53bb\u5916\u5546\u516c\u53f8\u5de5\u4f5c\u82f1\u6587\u8981\u591a\u597d? \u963f\u6ef4\u7a81\u8972Google\u53f0\u7063\u8fa6\u516c\u5ba4! https://youtu.be/ES73LXd4LGg\n\n\u25a0 \u4e09\u9ede\u5c31\u653e\u5b78! \u56de\u5bb6\u90fd\u5728\u73a9? \u82ac\u862d\u5b78\u751f\u600e\u9ebc\u770b\u53f0\u7063\u7684\u6559\u80b2\u5236\u5ea6?  https://youtu.be/VHnyCM6iG7o\n\n\u25a0 \u56e0\u70ba\u6ef4\u59b9\u4e00\u76f4\u4e0d\u56de\u53f0\u7063\uff0c\u6240\u4ee5\u6211\u76f4\u63a5\u98db\u53bb\u7f8e\u570b\u627e\u4ed6\u3002https://youtu.be/Ksqevn6pVZU\n\n\u25a0 \u591a\u76ca900\u5206\u82f1\u6587\u771f\u7684\u6bd4\u8f03\u6d41\u5229\u55ce? \u5927\u8b19\u7684\u8868\u73fe\u8b93\u8001\u5e2b\u9a5a\u5446\u4e86! https://youtu.be/VCrg6xYPKTA\n\n\u25a0 \u9023\u963f\u6ef4\u90fd\u5538\u932f\u7684\u5e38\u898b\u82f1\u6587!? \u5b78\u6703\u7528\u300e\u56de\u97f3\u6cd5\u300f\u7df4\u7fd2\u767c\u97f3! feat. \u53f2\u5609\u7433\u8001\u5e2b https://youtu.be/16kkr2eGSdE\n\n\u25a0 \u9109\u6c11\u8001\u5a46 VS \u570b\u6c11\u5927\u8205\u5b50! \u8ab0\u7684\u82f1\u6587\u6bd4\u8f03\u597d? https://youtu.be/YOEswmi_ZPA\n\n\u25a0 \u4e16\u7d00\u5be9\u5224\u843d\u5e55! \u5f37\u5c3c\u6234\u666e\u98a8\u5411\u4e00\u9762\u5012\u7684\u771f\u6b63\u539f\u56e0? https://youtu.be/k_QVJkecNxo\n\n\u25a0 \u53bb\u822a\u7a7a\u696d\u4e0a\u73ed\u82f1\u6587\u8981\u591a\u597d? \u958b\u7bb1\u9577\u69ae\u7687\u74bd\u6842\u51a0\u8259\u5168\u82f1\u6587\u670d\u52d9! https://youtu.be/M_bLXwjyQAU\n\n\u5176\u4ed6\u9023\u7d50\uff1a\nhttp://facebook.com/rayduenglish\nhttp://instagram.com/rayduenglish\nhttp://twitter.com/durayray\n\u5408\u4f5c\u9080\u7d04\uff1arayduenglish@gmail.com",
        "likeCount": "5522",
        "commentCount": "294",
        "viewCount": "225815"
    },
    "comments": [
        {
            "reply_id": "UgwHslLvxtA1B0hsbOh4AaABAg",
            "reply_content": "\u770b\u5230\u963f\u6ef4\u5c0f\u9ce5\u4f9d\u4eba\u74b0\u62b1\u8457\u6d88\u9632\u54e1\n\u6709\u83ab\u540d\u5b0c\u7f9e\u611f\u771f\u7684\u6703\u7b11\u6b7b",
            "likeCount": 219
        },
        {
            "reply_id": "UgznL-7khPIrkcM6zzx4AaABAg",
            "reply_content": "\u963f\u6ef4\u88ab\u731b\u7537\u516c\u4e3b\u62b1\u6df1\u8e72\u6642\u90a3\u500b\u4eab\u53d7\u7684\u8868\u60c5\u672a\u514d\u4e5f\u592a\u641e\u7b11\u4e86\u5427\uff01",
            "likeCount": 39
        },
        {
            "reply_id": "UgwsUp_RyqFiyR0c7AV4AaABAg",
            "reply_content": "\u7c73\u8840\u662f\u8591\u6bcd\u9d28\u7684\u7cbe\u9ad3\u554a",
            "likeCount": 3
        },
        {
            "reply_id": "UgyYO8kKn-WMF5HwOM14AaABAg",
            "reply_content": "\u9019\u500b\u98df\u7269\u5f71\u7247\u7684\u7537\u5ea6\u76f4\u63a5\u7537\u4e0a\u52a0\u7537",
            "likeCount": 0
        },
        {
            "reply_id": "Ugymw1VGZOgJTGw2np14AaABAg",
            "reply_content": "\u539f\u4f86\u963f\u6ef4\u4e5f\u6dea\u843d\u5230\u62cd\u9019\u7a2e\u5916\u570b\u4eba\u53cd\u61c9\u7684\u7247\u5b50\u4e86\ud83d\ude02",
            "likeCount": 0
        },
        {
            "reply_id": "Ugw2tbFFCfsS3zgt0eV4AaABAg",
            "reply_content": "\u4e4b\u524d\u597d\u50cf\u6709\u65b0\u805e\u662f\u4ed6\u5011\u5728\u5317\u6377\u4e0a\u559d\u9152",
            "likeCount": 0
        },
        {
            "reply_id": "Ugzd8STR29RUe5gkVqN4AaABAg",
            "reply_content": "\u540e\u9762\u963f\u6ef4\u5c0f\u9e1f\u4f9d\u4eba\u5730\u88ab\u62b1\u7740\u6df1\u8e72\u771f\u7684\u597d\u53ef\u7231\ud83d\ude0a",
            "likeCount": 98
        },
        {
            "reply_id": "Ugx4NFV7ntvtS6wykoV4AaABAg",
            "reply_content": "\u6700\u5f8c\u88ab\u516c\u4e3b\u62b1\u7684\u963f\u6ef4\u597d\u5c0f\u9ce5\u4f9d\u4eba\u5594\u54c8\u54c8\u54c8\u54c8\u54c8",
            "likeCount": 31
        },
        {
            "reply_id": "UgwvmTlLzK-hHediytt4AaABAg",
            "reply_content": "\u6ef4\u6ef4\u4e2d\u91ab\u592a\u597d\u7b11\u4e86\u54c8\u54c8\u54c8\u54c8\u592a\u6709\u624d\u4e86",
            "likeCount": 17
        },
        {
            "reply_id": "UgyFSyjx1DCNoIGwrCJ4AaABAg",
            "reply_content": "\u963f\u6ef4\u88ab\u516c\u4e3b\u62b1\u597d\u53ef\u611b\u54c8\u54c8\u54c8",
            "likeCount": 12
        },
        {
            "reply_id": "UgwP_aHrJbYwZ3Vw28B4AaABAg",
            "reply_content": "\u53ea\u6709\u6211\u89ba\u5f97\u4e00\u6b21\u904e\u5403\u90a3\u9ebc\u591a\u6709\u85e5\u6027\u7684\u6771\u897f\u6c92\u554f\u984c\u55ce\ud83d\ude02",
            "likeCount": 8
        },
        {
            "reply_id": "Ugwbz321BSMt2X0YEDZ4AaABAg",
            "reply_content": "\u6fb3\u6d32\u6d88\u9632\u968a\u54e1\u597d\u96a8\u548c\u8ddf\u5e7d\u9ed8",
            "likeCount": 7
        },
        {
            "reply_id": "UgxBtB9WrFRP8sdvj3h4AaABAg",
            "reply_content": "\u7d55\u5c0d\u662f\u56e0\u70ba\u770b\u5230\u8591\u6bcd\u9d28\u706b\u934b\u624d\u6d41\u53e3\u6c34\u7684\u5427",
            "likeCount": 6
        },
        {
            "reply_id": "UgxvljgvO-XlXqBqqDh4AaABAg",
            "reply_content": "\u9019\u96c6\u5f88\u9069\u5408\u53bb\u5b78\u7fd2\u5982\u4f55\u8ddf\u5916\u570b\u4eba\u89e3\u91cb\u4e2d\u85e5\u7684\u4e0b\u706b\u6548\u679c\uff01",
            "likeCount": 5
        },
        {
            "reply_id": "Ugx9SkF2FiAcj3SwIzZ4AaABAg",
            "reply_content": "\u6211\u81ea\u5f9e\u77e5\u9053\u96de\u4f5b\u53ef\u4ee5\u589e\u52a0\u7cbe\u6c23\u795e\u4e4b\u5f8c\u5c31\u4e0d\u518d\u6392\u65a5\u5403\u4e86\ud83d\ude02",
            "likeCount": 4
        },
        {
            "reply_id": "UgzWVI2Tb-w1sBBB4354AaABAg",
            "reply_content": "\u6df1\u8e72\u6839\u672c\u662f\u7232\u4e86\u81ea\u80a5\u5427\u90fd\u745e\u745e",
            "likeCount": 3
        },
        {
            "reply_id": "UgzJRLIhNacjT2bc7uV4AaABAg",
            "reply_content": "\u638c\u63e1\u4e86\u5916\u570b\u4eba\u5403\u6771\u897f\u7684\u6d41\u91cf\u5bc6\u78bc",
            "likeCount": 2
        },
        {
            "reply_id": "Ugzquc_a2IX7FRAsIPN4AaABAg",
            "reply_content": "\u9019\u4e9b\u662f\u5728\u6377\u904b\u4e0a\u98f2\u98df\u7684\u731b\u7537\u55ce",
            "likeCount": 2
        }
    ]
}