{
    "video_info": {
        "id": "7rIqsOxd1Ig",
        "channelTitle": "\u963f\u6ef4\u82f1\u6587",
        "title": "\u8ddf\u963f\u6ef4\u7d04\u6703\u5c45\u7136\u88ab\u5e36\u53bb\u8003\u96c5\u601d!? \u5927\u8b19\u7684\u82f1\u6587\u53e3\u8aaa\u80fd\u5920\u62ff\u5e7e\u5206?",
        "description": "\u7d04\u6703\u5230\u4e00\u534a\u963f\u6ef4\u5c45\u7136\u5e36\u7d04\u6703\u5c0d\u8c61\u53bb\u8a2a\u554f\u5168\u7403\u96c5\u601d\u7e3d\u76e3\uff01\n\u7a76\u7adf\u5927\u8b19\u7684\u53e3\u8a66\u80fd\u62ff\u5e7e\u5206\uff0c\u96c5\u601d\u62ff\u9ad8\u5206\u79d8\u8a23\u53c8\u662f\u4ec0\u9ebc\u5462\uff1f\n\n\u6700\u5b8c\u6574\u7684IELTS \u6e2c\u9a57\u8cc7\u8a0a \u25b6 https://tw.ieltsasia.org/  \n\n\u3010\u52a0\u5165\u983b\u9053\u6703\u54e1\u3011http://bit.ly/3qIZjfT\n\n0:00 \u7cbe\u5f69\u9810\u544a\n0:58 \u5f71\u7247\u958b\u5834\n1:56 \u8a2a\u8ac7\u7e3d\u76e3\n4:05 \u5927\u8b19\u8003\u96c5\u601d\u53e3\u8a66\n7:59 \u53e3\u8a66\u8a55\u5206\u6a19\u6e96\n10:55 \u53e3\u8a66\u9ad8\u5206\u7684\u8a23\u7ac5\n12:57 \u6e96\u5099\u96c5\u601d\u7684\u8a23\u7ac5\n15:14 \u8003\u96c5\u601d\u7684\u512a\u9ede\n\n\u963f\u6ef4\u53c8\u51fa\u570b\u62cd\u7247\u64ad\u653e\u6e05\u55ae\uff1ahttp://bit.ly/3XyyzPa\n\u6bcf\u9031\u4e00\u665a\u4e0a\u516d\u9ede\u66f4\u65b0\uff0c\u8acb\u8a18\u5f97\u958b\u555fYouTube\ud83d\udd14\u901a\u77e5\uff01\n\n\u4e0a\u4e00\u90e8\u5f71\u7247 \u6ef4\u8b19CP\u624d\u662f\u5b98\u914d!! \u5927\u8b19\u6703\u559c\u6b61\u6211\u6392\u7684\u82f1\u502b\u6d6a\u6f2b\u884c\u7a0b\u55ce? https://youtu.be/sYVO25oh3yw\n\u4e0b\u4e00\u90e8\u5f71\u7247 \u516c\u958b\u963f\u6ef4IELTS\u6210\u7e3e! \u9019\u500b\u5206\u6578\u6211\u4e0d\u80fd\u63a5\u53d7! https://youtu.be/vWCBrWQ3Oak\n\n\u963f\u6ef4\u82f1\u6587\u7684\u4eba\u6c23\u5f71\u7247\uff1a\n\n\u25a0 \u53bb\u5916\u5546\u516c\u53f8\u5de5\u4f5c\u82f1\u6587\u8981\u591a\u597d? \u963f\u6ef4\u7a81\u8972Google\u53f0\u7063\u8fa6\u516c\u5ba4! https://youtu.be/ES73LXd4LGg\n\n\u25a0 \u4e09\u9ede\u5c31\u653e\u5b78! \u56de\u5bb6\u90fd\u5728\u73a9? \u82ac\u862d\u5b78\u751f\u600e\u9ebc\u770b\u53f0\u7063\u7684\u6559\u80b2\u5236\u5ea6?  https://youtu.be/VHnyCM6iG7o\n\n\u25a0 \u56e0\u70ba\u6ef4\u59b9\u4e00\u76f4\u4e0d\u56de\u53f0\u7063\uff0c\u6240\u4ee5\u6211\u76f4\u63a5\u98db\u53bb\u7f8e\u570b\u627e\u4ed6\u3002https://youtu.be/Ksqevn6pVZU\n\n\u25a0 \u591a\u76ca900\u5206\u82f1\u6587\u771f\u7684\u6bd4\u8f03\u6d41\u5229\u55ce? \u5927\u8b19\u7684\u8868\u73fe\u8b93\u8001\u5e2b\u9a5a\u5446\u4e86! https://youtu.be/VCrg6xYPKTA\n\n\u25a0 \u9023\u963f\u6ef4\u90fd\u5538\u932f\u7684\u5e38\u898b\u82f1\u6587!? \u5b78\u6703\u7528\u300e\u56de\u97f3\u6cd5\u300f\u7df4\u7fd2\u767c\u97f3! feat. \u53f2\u5609\u7433\u8001\u5e2b https://youtu.be/16kkr2eGSdE\n\n\u25a0 \u9109\u6c11\u8001\u5a46 VS \u570b\u6c11\u5927\u8205\u5b50! \u8ab0\u7684\u82f1\u6587\u6bd4\u8f03\u597d? https://youtu.be/YOEswmi_ZPA\n\n\u25a0 \u4e16\u7d00\u5be9\u5224\u843d\u5e55! \u5f37\u5c3c\u6234\u666e\u98a8\u5411\u4e00\u9762\u5012\u7684\u771f\u6b63\u539f\u56e0? https://youtu.be/k_QVJkecNxo\n\n\u25a0 \u53bb\u822a\u7a7a\u696d\u4e0a\u73ed\u82f1\u6587\u8981\u591a\u597d? \u958b\u7bb1\u9577\u69ae\u7687\u74bd\u6842\u51a0\u8259\u5168\u82f1\u6587\u670d\u52d9! https://youtu.be/M_bLXwjyQAU\n\n\u5176\u4ed6\u9023\u7d50\uff1a\nhttp://facebook.com/rayduenglish\nhttp://instagram.com/rayduenglish\nhttp://twitter.com/durayray\n\u5408\u4f5c\u9080\u7d04\uff1arayduenglish@gmail.com",
        "likeCount": "13624",
        "commentCount": "342",
        "viewCount": "596394"
    },
    "comments": [
        {
            "reply_id": "UgyzpmfdmInix6avZ-F4AaABAg",
            "reply_content": "\u963f\u6ef4\u6839\u672c\u5929\u4f7f\u62ef\u6551\u6574\u500b\u53f0\u7063\u70ba\u4e86\u96c5\u601d\u52aa\u529b\u7684\u5c0f\u5b69",
            "likeCount": 28
        },
        {
            "reply_id": "UgwHCCDK-4Gg5UjBcHB4AaABAg",
            "reply_content": "\u9019\u5927\u6982\u662f\u8fd1\u5e7e\u5e74\u6700\u7b26\u5408\u983b\u9053\u5b97\u65e8\u7684\u5f71\u7247",
            "likeCount": 5
        },
        {
            "reply_id": "UgxD6bjSOlo_9vz9Aot4AaABAg",
            "reply_content": "\u5118\u91cf\u5f15\u51fa\u8003\u751f\u6700\u597d\u7684\u82f1\u6587\u7a0b\u5ea6 \u5f88\u68d2\u7684\u53e3\u8a66\u65b9\u5f0f\u6b38",
            "likeCount": 4
        },
        {
            "reply_id": "Ugyc3hQrxj0A6H6-ykF4AaABAg",
            "reply_content": "\u8a8d\u771f\u5730\u8aaa \u5982\u679c\u6211\u662f\u5927\u8b19\u6211\u662f\u771f\u7684\u6709\u9ede\u4e0d\u592a\u958b\u5fc3\u6b38",
            "likeCount": 3
        },
        {
            "reply_id": "Ugz4hBXIykgAf8uQ1wl4AaABAg",
            "reply_content": "\u4ee5\u5f8c\u6c92\u4eba\u8981\u8ddf\u4f60\u7d04\u6703\u4e86\u5566",
            "likeCount": 2
        },
        {
            "reply_id": "UgxT5ZUbjjJh0RE9cBR4AaABAg",
            "reply_content": "\u7e3d\u76e3\u523b\u610f\u653e\u6162\u8aaa\u8a71\u901f\u5ea6\u548c\u54ac\u5b57\n\u73fe\u5be6\u751f\u6d3b\u4e2d\u82f1\u7f8e\u4eba\u58eb\u8aaa\u8a71\u98db\u5feb",
            "likeCount": 1
        },
        {
            "reply_id": "UgwNRDpfyQbET1xy4-V4AaABAg",
            "reply_content": "\u963f\u6ef4\u8ddf\u82f1\u570b\u8003\u8003\u5b98\u8b1b\u8a71\u7684\u6642\u5019\u5207\u63db\u5230\u82f1\u570b\u8154\u4e86",
            "likeCount": 1
        },
        {
            "reply_id": "UgztNJCCq6vjVj_9AFV4AaABAg",
            "reply_content": "\u6211\u539f\u672c\u4ee5\u70ba\u6703\u6bd4\u8f03\u504f\u6b63\u7d93\uff0c\u4f46\u9019\u7e3d\u76e3\u8d85\u5e7d\u9ed8\u7684\u8b93\u6211\u5728\u87a2\u5e55\u524d\u5927\u7b11",
            "likeCount": 1
        },
        {
            "reply_id": "UgyWsdR7DJI3rBFdebl4AaABAg",
            "reply_content": "\u96c5\u601d\u7684\u53e3\u8aaa\u8a55\u5206\u6a19\u6e96\u771f\u7684\u5f88\u7279\u5225",
            "likeCount": 0
        },
        {
            "reply_id": "UgwLEulNp-Ha0kmPwFF4AaABAg",
            "reply_content": "\u53ef\u4ee5\u62cd\u62cd\u770b\u81fa\u7063\u7684\u5916\u50d1\u6216\u570b\u969b\u5b78\u6821\u55ce\uff1f\u6703\u8ddf\u5be6\u969b\u570b\u5916\u5b78\u6821\u6709\u4f55\u5dee\u7570",
            "likeCount": 0
        },
        {
            "reply_id": "UgzeaQdC4QGwEftrjL94AaABAg",
            "reply_content": "\u96c5\u601d\u771f\u7684\u6bd4\u8f03\u80fd\u5920\u6e2c\u51fa\u4eba\u7684\u82f1\u6587\u5be6\u969b\u5be6\u529b",
            "likeCount": 0
        },
        {
            "reply_id": "Ugy7UA45Bx5Mg8g_c9p4AaABAg",
            "reply_content": "\u53f0\u7063\u5927\u591a\u662f\u8003\u6bd4\u8f03\u6c92\u7528\u7684\u591a\u76ca\u5427",
            "likeCount": 0
        },
        {
            "reply_id": "Ugy4bJho_Sqlm8if3uZ4AaABAg",
            "reply_content": "\u4eca\u5e74\u6709\u8fd4\u9109\u6295\u7968\u5c08\u8eca\u55ce",
            "likeCount": 0
        },
        {
            "reply_id": "Ugwo2a5UxgUM3hP7fJN4AaABAg",
            "reply_content": "\u6211\u883b\u60f3\u77e5\u9053\u5f8c\u9762\u70ba\u4ec0\u9ebc\u4e0d\u4e00\u8d77\u6490\u5098",
            "likeCount": 0
        },
        {
            "reply_id": "UgwyzLaR8--LV7LqxIx4AaABAg",
            "reply_content": "\u671f\u5f85\u963f\u6ef4\u8003\u7684\u96c5\u601d\u5206\u4eab",
            "likeCount": 0
        },
        {
            "reply_id": "UgximZCJKZMt_BhUX_R4AaABAg",
            "reply_content": "\u5982\u679c\u8981\u53bb\u7f8e\u570b\u7559\u5b78\u7576\u7136\u8003\u6258\u798f\u554a",
            "likeCount": 0
        },
        {
            "reply_id": "UgyX9CU8REV4jHqoUDF4AaABAg",
            "reply_content": "\u4e00\u65e5\u7d04\u6703\u7d50\u679c\u5927\u8b19\u5f8c\u9762\u4e00\u76f4\u88ab\u5098\u6233\u54c8\u54c8\u54c8\u54c8\u6709\u6c92\u6709\u5728\u610f\u9019\u500b\u7d04\u6703\u5c0d\u8c61\ud83e\udd23",
            "likeCount": 24
        },
        {
            "reply_id": "Ugw7MjUpg-KVA_nSGjV4AaABAg",
            "reply_content": "\u8b93\u6211\u611f\u89ba\u96c5\u601d\u4e0d\u6703\u6bd4\u6211\u60f3\u50cf\u5f97\u96e3\u6e96\u5099\ud83d\ude02\u8b1d\u8b1d\u963f\u6ef4",
            "likeCount": 1
        },
        {
            "reply_id": "UgxMUVkbBl4qbrA2KYN4AaABAg",
            "reply_content": "\u5f88\u559c\u6b61\u9019\u6b21\u7684\u5f71\u7247\uff0c\u671f\u5f85\u963f\u6ef4\u8003\u96c5\u601d\u6210\u7e3e\u7684\u5f71\u7247",
            "likeCount": 0
        },
        {
            "reply_id": "Ugzmn5jXGRNvL8ycKQF4AaABAg",
            "reply_content": "\u6c7a\u5b9a\u597d\u4e86\u6211\u4e5f\u8981\u8981\u53bb\u8003\u96c5\u601d\u4e86",
            "likeCount": 0
        }
    ]
}