{
    "video_info": {
        "id": "FEcyS-TWN14",
        "channelTitle": "\u963f\u6ef4\u82f1\u6587",
        "title": "\u8a2a\u554f\u5230\u4e00\u534a\u5ffd\u7136\u544a\u767d! \u8072\u63a7\u7406\u79d1\u592a\u592a\u6703\u88ab\u570b\u969b\u5de8\u661f\u767c\u73fe\u55ce? Ft. @lauvsongs",
        "description": "\ud83c\udfa7\u6536\u807d Lauv \u5c08\u8f2f \u300a\u51684\u6ce1\u5f71 All 4 Nothing\u300b\uff1ahttp://umg.lnk.to/A4N\n\ud83c\udfa7\u6536\u807d Lauv \u55ae\u66f2\u3008Love U Like That\u3009\uff1ahttp://umg.lnk.to/LULT\n\n\u3010\u52a0\u5165\u983b\u9053\u6703\u54e1\u3011http://bit.ly/3qIZjfT\n\n0:00 \u7cbe\u5f69\u9810\u544a\n0:36 \u958b\u5834\n2:03 \u8072\u63a7\u8a2a\u554f\n7:28 \u963f\u6ef4\u52a0\u5165\u8a2a\u554f\n9:21 Lauv\u4ecb\u7d39\u65b0\u55ae\u66f2\n10:27 \u4fc3\u9032\u5fc3\u7406\u5065\u5eb7\u7684\u5efa\u8b70\n12:37 \u6f14\u5531\u6703\u524d\u5f8c\u600e\u9ebc\u8212\u58d3\n13:45 Lauv\u7684\u65b0\u7d0b\u8eab\n14:39 \u5403\u904e\u54ea\u4e9b\u53f0\u7063\u7f8e\u98df\n15:05 \u8a2a\u554f\u611f\u60f3\n\n\u6bcf\u9031\u4e00\u665a\u4e0a\u516d\u9ede\u66f4\u65b0\uff0c\u8acb\u8a18\u5f97\u958b\u555fYouTube\ud83d\udd14\u901a\u77e5\uff01\n\n\u4e0a\u4e00\u90e8\u5f71\u7247 \u9031\u4f11\u4e09\u65e5\u5922\u60f3\u6210\u771f!? \u82f1\u570b\u4eba\u591a\u4f11\u4e00\u5929\u7684\u9ad8\u7d1a\u751f\u6d3b\u662f\u771f\u7684\u55ce? \u8001\u95c6\u4e0d\u6703\u8981\u54e1\u5de5\u52a0\u73ed\u55ce?https://youtu.be/Mk-x7NMpk2Y\n\u4e0b\u4e00\u90e8\u5f71\u7247 \u6ef4\u8b19CP\u624d\u662f\u5b98\u914d!! \u5927\u8b19\u6703\u559c\u6b61\u6211\u6392\u7684\u82f1\u502b\u6d6a\u6f2b\u884c\u7a0b\u55ce? https://youtu.be/sYVO25oh3yw\n\n\u963f\u6ef4\u82f1\u6587\u7684\u4eba\u6c23\u5f71\u7247\uff1a\n\n\u25a0 \u53bb\u5916\u5546\u516c\u53f8\u5de5\u4f5c\u82f1\u6587\u8981\u591a\u597d? \u963f\u6ef4\u7a81\u8972Google\u53f0\u7063\u8fa6\u516c\u5ba4! https://youtu.be/ES73LXd4LGg\n\n\u25a0 \u4e09\u9ede\u5c31\u653e\u5b78! \u56de\u5bb6\u90fd\u5728\u73a9? \u82ac\u862d\u5b78\u751f\u600e\u9ebc\u770b\u53f0\u7063\u7684\u6559\u80b2\u5236\u5ea6?  https://youtu.be/VHnyCM6iG7o\n\n\u25a0 \u56e0\u70ba\u6ef4\u59b9\u4e00\u76f4\u4e0d\u56de\u53f0\u7063\uff0c\u6240\u4ee5\u6211\u76f4\u63a5\u98db\u53bb\u7f8e\u570b\u627e\u4ed6\u3002https://youtu.be/Ksqevn6pVZU\n\n\u25a0 \u591a\u76ca900\u5206\u82f1\u6587\u771f\u7684\u6bd4\u8f03\u6d41\u5229\u55ce? \u5927\u8b19\u7684\u8868\u73fe\u8b93\u8001\u5e2b\u9a5a\u5446\u4e86! https://youtu.be/VCrg6xYPKTA\n\n\u25a0 \u9023\u963f\u6ef4\u90fd\u5538\u932f\u7684\u5e38\u898b\u82f1\u6587!? \u5b78\u6703\u7528\u300e\u56de\u97f3\u6cd5\u300f\u7df4\u7fd2\u767c\u97f3! feat. \u53f2\u5609\u7433\u8001\u5e2b https://youtu.be/16kkr2eGSdE\n\n\u25a0 \u9109\u6c11\u8001\u5a46 VS \u570b\u6c11\u5927\u8205\u5b50! \u8ab0\u7684\u82f1\u6587\u6bd4\u8f03\u597d? https://youtu.be/YOEswmi_ZPA\n\n\u25a0 \u4e16\u7d00\u5be9\u5224\u843d\u5e55! \u5f37\u5c3c\u6234\u666e\u98a8\u5411\u4e00\u9762\u5012\u7684\u771f\u6b63\u539f\u56e0? https://youtu.be/k_QVJkecNxo\n\n\u25a0 \u53bb\u822a\u7a7a\u696d\u4e0a\u73ed\u82f1\u6587\u8981\u591a\u597d? \u958b\u7bb1\u9577\u69ae\u7687\u74bd\u6842\u51a0\u8259\u5168\u82f1\u6587\u670d\u52d9! https://youtu.be/M_bLXwjyQAU\n\n\u5176\u4ed6\u9023\u7d50\uff1a\nhttp://facebook.com/rayduenglish\nhttp://instagram.com/rayduenglish\nhttp://twitter.com/durayray\n\u5408\u4f5c\u9080\u7d04\uff1arayduenglish@gmail.com",
        "likeCount": "4023",
        "commentCount": "164",
        "viewCount": "153467"
    },
    "comments": [
        {
            "reply_id": "UgzcOeYoqMcbJOj1suF4AaABAg",
            "reply_content": "\u570b\u969b\u5de8\u661f\u6709\u9019\u6a23\u7684\u59ff\u614b\u4e5f\u771f\u4e0d\u5bb9\u6613\uff0c\u5e0c\u671b\u4ed6\u80fd\u7e7c\u7e8c\u706b\u7d05\u4e0b\u53bb",
            "likeCount": 67
        },
        {
            "reply_id": "UgzeBpKRlZ2u-UFBNRx4AaABAg",
            "reply_content": "\u5f88\u53b2\u5bb3\u7684\u8a2a\u8ac7\u5f9e\u4e00\u958b\u59cb\u7684\u641e\u7b11\u5230\u5f8c\u6bb5\u7684\u5fc3\u7406\u8def\u7a0b\u8b93\u4eba\u770b\u5b8c\u89ba\u5f97\u5fc3\u6696\u6696\u7684~",
            "likeCount": 8
        },
        {
            "reply_id": "UgwSsdmRcSBPke02PIp4AaABAg",
            "reply_content": "\u96e3\u9053\u53ea\u6709\u6211\u597d\u5947\u7406\u79d1\u592a\u592a\u6234\u4ec0\u9ebc\u624b\u9336\u55ce",
            "likeCount": 6
        },
        {
            "reply_id": "UgxBo4TxMyoLtzwse9B4AaABAg",
            "reply_content": "\u8d85\u7d1a\u7c89\u7d72\u8d81\u6a5f\u554f\u4e86\u554f\u984c\u975e\u5e38\u958b\u5fc3",
            "likeCount": 6
        },
        {
            "reply_id": "UgyUZIiZ5hICJ1fZhId4AaABAg",
            "reply_content": "\u770b\u7247\u524d\u9084\u4ee5\u70ba\u6703\u5c2c\u7206\uff0c\u9084\u597d\u4e09\u65b9\u81e8\u5834\u53cd\u61c9\u62ff\u634f\u90fd\u9084\u4e0d\u932f",
            "likeCount": 3
        },
        {
            "reply_id": "UgxbfLbuxOAuSxDtWdl4AaABAg",
            "reply_content": "\u963f\u6ef4\u958b\u5fc3\u5230\u592a\u8a87\u5f35\u4e86\u5566",
            "likeCount": 1
        },
        {
            "reply_id": "Ugxh92yRYc2kUxAq5jp4AaABAg",
            "reply_content": "\u7406\u79d1\u597d\u53b2\u5bb3\u8981\u662f\u6211\u65e9\u5c31\u5927\u7b11\u5834",
            "likeCount": 0
        },
        {
            "reply_id": "UgxA8X5-vJ5k5ZcG8Q54AaABAg",
            "reply_content": "\u96d6\u7136\u77e5\u9053\u662f\u6284\u827e\u502b\u79c0\u7684\uff0c\u4f46\u770b\u7406\u79d1\u592a\u592a\u7684\u8868\u60c5\u771f\u7684\u5f88\u597d\u7b11",
            "likeCount": 0
        },
        {
            "reply_id": "UgxT76jEQ9GHeV6QSUt4AaABAg",
            "reply_content": "\u807d\u7406\u79d1\u592a\u592a\u8aaa\u82f1\u6587\u771f\u7684\u6703\u8b93\u4eba\u8aa4\u4ee5\u70ba\u5979\u662f\u6bcd\u8a9e\u4eba\u58eb\ud83d\ude02",
            "likeCount": 0
        },
        {
            "reply_id": "Ugy1u4fAgGeORqCNRIN4AaABAg",
            "reply_content": "\u9019\u500b\u7d44\u5408\u771f\u662f\u8b93\u4eba\u9a5a\u8a1d",
            "likeCount": 10
        }
    ]
}