{
    "video_info": {
        "id": "k33HgiBlnWQ",
        "channelTitle": "\u963f\u6ef4\u82f1\u6587",
        "title": "\u82f1\u570b\u8857\u8a2a \u25b6 \u77e5\u9053\u53f0\u7063\u5728\u54ea\u88e1\u55ce? \u5c0d\u82f1\u570b\u7687\u5ba4\u7684\u60f3\u6cd5? \u8b93\u502b\u6566\u4eba\u4f86\u544a\u8a34\u4f60!!",
        "description": "AmazingTalker \uff5c\u53f0\u6e2f\u6700\u59271\u5c0d1\u7dda\u4e0a\u82f1\u8a9e\u5bb6\u6559\u5e73\u53f0\ud83d\udc53\n\u99ac\u4e0a\u9ede\u64ca \ud83d\udc49 \u9818\u53d610\u7f8e\u91d1\u65b0\u7528\u6236\u514d\u8cbb\u512a\u60e0\u5377\uff1a https://reurl.cc/M8VMjk\n\n\u3010\u52a0\u5165\u983b\u9053\u6703\u54e1\u3011http://bit.ly/3qIZjfT\n\n0:00 \u7cbe\u5f69\u9810\u544a\n0:34 \u958b\u5834\n1:43 \u5f88\u82f1\u570b\u7684\u5ee3\u544a\n2:59 \u502b\u6566\u6c92\u6709\u502b\u6566\u4eba\uff1f\n4:38 \u5c0d\u82f1\u570b\u98df\u7269\u7684\u770b\u6cd5\n5:49 \u82f1\u570b\u4eba\u8a8d\u8b58\u53f0\u7063\u55ce\n8:17 \u5728\u502b\u6566\u8cb7\u623f\n9:56 \u82f1\u570b\u4eba\u90fd\u804a\u4ec0\u9ebc\n11:37 \u5c0d\u812b\u6b50\u7684\u770b\u6cd5\n12:16 \u5c0d\u54c8\u5229\u6ce2\u7279\u7684\u770b\u6cd5\n13:34 Camden Market\n15:45 \u5c0d\u82f1\u570b\u8154\u7684\u770b\u6cd5\n16:54 \u5c0d\u7687\u5ba4\u7684\u770b\u6cd5\n17:36 \u5927\u82f1\u570b\u7bc7\u7ae0\u9810\u544a\n\n\u963f\u6ef4\u53c8\u51fa\u570b\u62cd\u7247\u64ad\u653e\u6e05\u55ae\uff1ahttp://bit.ly/3XyyzPa\n\u6bcf\u9031\u4e00\u665a\u4e0a\u516d\u9ede\u66f4\u65b0\uff0c\u8acb\u8a18\u5f97\u958b\u555fYouTube\ud83d\udd14\u901a\u77e5\uff01\n\n\u4e0a\u4e00\u90e8\u5f71\u7247 \u5e6bHOOK\u904e\u751f\u65e5\uff0c\u76f4\u63a5\u5728\u6c96\u7e69\u9001\u4ed6\u4e00\u68df\u623f\u5b50 https://youtu.be/lJs92srwexM\n\u4e0b\u4e00\u90e8\u5f71\u7247 \u56db\u89d2\u6200\u502b\u6566\u5927\u8e29\u96f7! \u502b\u6566\u6c11\u5bbf\u71b1\u6c34\u5668\u6545\u969c\u3001\u5927\u9580\u6253\u4e0d\u958b\u3001\u623f\u6771\u4e0d\u7406\u4eba!? https://youtu.be/Z2_R1dSQTTM\n\n\u963f\u6ef4\u82f1\u6587\u7684\u4eba\u6c23\u5f71\u7247\uff1a\n\n\u25a0 \u53bb\u5916\u5546\u516c\u53f8\u5de5\u4f5c\u82f1\u6587\u8981\u591a\u597d? \u963f\u6ef4\u7a81\u8972Google\u53f0\u7063\u8fa6\u516c\u5ba4! https://youtu.be/ES73LXd4LGg\n\n\u25a0 \u4e09\u9ede\u5c31\u653e\u5b78! \u56de\u5bb6\u90fd\u5728\u73a9? \u82ac\u862d\u5b78\u751f\u600e\u9ebc\u770b\u53f0\u7063\u7684\u6559\u80b2\u5236\u5ea6?  https://youtu.be/VHnyCM6iG7o\n\n\u25a0 \u56e0\u70ba\u6ef4\u59b9\u4e00\u76f4\u4e0d\u56de\u53f0\u7063\uff0c\u6240\u4ee5\u6211\u76f4\u63a5\u98db\u53bb\u7f8e\u570b\u627e\u4ed6\u3002https://youtu.be/Ksqevn6pVZU\n\n\u25a0 \u591a\u76ca900\u5206\u82f1\u6587\u771f\u7684\u6bd4\u8f03\u6d41\u5229\u55ce? \u5927\u8b19\u7684\u8868\u73fe\u8b93\u8001\u5e2b\u9a5a\u5446\u4e86! https://youtu.be/VCrg6xYPKTA\n\n\u25a0 \u9023\u963f\u6ef4\u90fd\u5538\u932f\u7684\u5e38\u898b\u82f1\u6587!? \u5b78\u6703\u7528\u300e\u56de\u97f3\u6cd5\u300f\u7df4\u7fd2\u767c\u97f3! feat. \u53f2\u5609\u7433\u8001\u5e2b https://youtu.be/16kkr2eGSdE\n\n\u25a0 \u9109\u6c11\u8001\u5a46 VS \u570b\u6c11\u5927\u8205\u5b50! \u8ab0\u7684\u82f1\u6587\u6bd4\u8f03\u597d? https://youtu.be/YOEswmi_ZPA\n\n\u25a0 \u4e16\u7d00\u5be9\u5224\u843d\u5e55! \u5f37\u5c3c\u6234\u666e\u98a8\u5411\u4e00\u9762\u5012\u7684\u771f\u6b63\u539f\u56e0? https://youtu.be/k_QVJkecNxo\n\n\u25a0 \u53bb\u822a\u7a7a\u696d\u4e0a\u73ed\u82f1\u6587\u8981\u591a\u597d? \u958b\u7bb1\u9577\u69ae\u7687\u74bd\u6842\u51a0\u8259\u5168\u82f1\u6587\u670d\u52d9! https://youtu.be/M_bLXwjyQAU\n\n\u5176\u4ed6\u9023\u7d50\uff1a\nhttp://facebook.com/rayduenglish\nhttp://instagram.com/rayduenglish\nhttp://twitter.com/durayray\n\u5408\u4f5c\u9080\u7d04\uff1arayduenglish@gmail.com",
        "likeCount": "6913",
        "commentCount": "262",
        "viewCount": "296586"
    },
    "comments": [
        {
            "reply_id": "UgzXkpNKb-smPTw3zP54AaABAg",
            "reply_content": "\u8857\u574a\u7cfb\u5217\u771f\u7684\u5f88\u68d2\u5f88\u559c\u6b61\uff01\u963f\u6ef4\u548c\u5718\u968a\u90fd\u8f9b\u82e6\u4e86",
            "likeCount": 2
        },
        {
            "reply_id": "UgyF8LftErqukfXaxBx4AaABAg",
            "reply_content": "\u65a7\u982d\u6559\u7df4\u597d\u5e25\u597d\u6709\u81ea\u4fe1",
            "likeCount": 1
        },
        {
            "reply_id": "UgyM3PAqrceXhCbvEV14AaABAg",
            "reply_content": "\u963f\u6ef4\u6211\u89ba\u5f97\u53f0\u7063\u4eba\u666e\u904d\u559c\u6b61\u7f8e\u5f0f\u9019\u4e00\u7a2e\u6372\u820c\u7684\u7f8e\u8a9e \u53cd\u800c\u559c\u6b61\u82f1\u5f0f\u82f1\u8a9e\u662f\u5c0f\u773e",
            "likeCount": 0
        },
        {
            "reply_id": "Ugx4asuPdjoN3rm-WjF4AaABAg",
            "reply_content": "\u4f60\u77e5\u9053\u5468\u6770\u4f26\u4e3a\u4ec0\u4e48\u5728\u5927\u9646\u4e00\u76f4\u8fd9\u4e48\u7ea2\u4e48 \u56e0\u4e3a\u4ed6\u77e5\u9053\u5343\u4e07\u522b\u78b0\u653f\u6cbb\u654f\u611f\u8bdd\u9898",
            "likeCount": 0
        },
        {
            "reply_id": "Ugx_UZnhXPozi4hPjKZ4AaABAg",
            "reply_content": "\u597d\u68d2\u7684\u7a7a\u6c23\u6e05\u6de8\u6a5f\u6211\u8981\u628a\u9322\u9322\u8b8a\u6210\u6211\u559c\u6b61\u7684\u6a23\u5b50\u4e86\ud83c\udf89",
            "likeCount": 0
        },
        {
            "reply_id": "Ugzk-8-SkGaPYHVtig14AaABAg",
            "reply_content": "\u5927\u8b19\u7684\u72c0\u6cc1\u770b\u8d77\u4f86\u4e0d\u662f\u5f88\u597d",
            "likeCount": 0
        },
        {
            "reply_id": "Ugyo-JIaRKTPKSDMKP94AaABAg",
            "reply_content": "\u6b77\u53f2\u5c31\u662f\u53f0\u7063\u6c38\u9060\u90fd\u662f\u4e2d\u570b\u7684\u4e00\u90e8\u4efd\uff0c\u4e0d\u8ad6\u653f\u6b0a",
            "likeCount": 0
        },
        {
            "reply_id": "Ugy0RIMNlqpXf9I06YR4AaABAg",
            "reply_content": "\u80af\u9813\u5e02\u96c6\u6709\u5f88\u591a\u597d\u5403\u7684\u9b06\u9905 \u9084\u6709\u8ce3\u53e4\u8457\u7684\u5e97",
            "likeCount": 0
        },
        {
            "reply_id": "Ugz0gje9T3ioqYwpecl4AaABAg",
            "reply_content": "\u5927\u6982\u6c92\u5565\u82f1\u570b\u4eba\u8a8d\u8b58\u53f0\u7063",
            "likeCount": 0
        },
        {
            "reply_id": "UgzpH9hiW5YmjiM78gp4AaABAg",
            "reply_content": "\u975e\u5e38\u8b1d\u8b1d\u7b2c\u4e00\u500b\u5973\u6027\u502b\u6566\u5c45\u6c11\u9858\u610f\u559c\u6b61\u5208\u5305\u9910\u9ede\u4e14\u4e5f\u7cbe\u78ba\u8a8d\u77e5\u73cd\u73e0\u5976\u8336\u98f2\u54c1\u4f86\u81ea\u6211\u5011\u81fa\u7063\u3002",
            "likeCount": 126
        },
        {
            "reply_id": "UgyeF784A2BHZNWrd4R4AaABAg",
            "reply_content": "\u611f\u8b1d\u4ecb\u7d39\u53f0\u7063\u7d66\u82f1\u570b\u4eba",
            "likeCount": 20
        },
        {
            "reply_id": "UgzhB0OH7I_UBBzsdx54AaABAg",
            "reply_content": "\u4f55\u6b62\u662f\u5fd8\u8a18\u521d\u8877\uff0c\u963f\u6ef4\u61c9\u8a72\u628a\u6240\u6709\u8b1b\u82f1\u8a9e\u7684\u570b\u5bb6\u90fd\u53bb\u904e\u4e00\u6b21",
            "likeCount": 17
        },
        {
            "reply_id": "UgxuG_U9-TbRKrI3zkF4AaABAg",
            "reply_content": "\u597d\u671f\u5f85\u963f\u6ef4\u8ddf\u5927\u8b19\u7d04\u6703\u7684\u5f71\u7247",
            "likeCount": 13
        },
        {
            "reply_id": "UgyYIkMpnQZQLv2mcEd4AaABAg",
            "reply_content": "\u5982\u679c\u502b\u6566\u5c45\u6c11\u771f\u7684\u5e7e\u4e4e\u7121\u8a71\u4e0d\u8ac7\u5230\u53ef\u4ee5\u5982\u6b64\u5065\u8ac7\u7684\u8a71\uff0c\u5c0d\u65bc\u502b\u6566\u5c45\u6c11\u63a5\u53d7\u63a1\u8a2a\u53ef\u80fd\u6703\u611f\u5230\u4e0d\u8010\u7169\u7684\u8a8d\u77e5\u662f\u5426\u53ef\u80fd\u7b97\u662f\u932f\u8aa4\u7684\uff01",
            "likeCount": 11
        },
        {
            "reply_id": "UgyuiJe3f0Zpkaiq9Q94AaABAg",
            "reply_content": "\u6211\u81ea\u5df1\u5c0d\u82f1\u6587\u8d85\u559c\u6b61\u7684\uff0c\u6240\u4ee5\u6211\u60f3\u8ddf\u8457\u963f\u6ef4\u5b78",
            "likeCount": 9
        },
        {
            "reply_id": "UgzgGsbdOzqjo3rKYJN4AaABAg",
            "reply_content": "\u96d6\u7136\u82f1\u570b\u7687\u5ba4\u6587\u5316\u8ddf\u666e\u901a\u7684\u502b\u6566\u5c45\u6c11\u5728\u65e5\u5e38\u751f\u6d3b\u6c92\u6709\u76f4\u63a5\u5be6\u8cea\u4e0a\u7684\u4efb\u4f55\u95dc\u4fc2\uff0c\u4e0d\u904e\u82f1\u570b\u7687\u5ba4\u6587\u5316\u53ef\u4ee5\u63a5\u7e8c\u5ef6\u7e8c\u4fdd\u7559\u50b3\u627f\u5230\u73fe\u4ee3\u793e\u6703\u975e\u5e38\u4e0d\u6613\u4e5f\u662f\u975e\u5e38\u96e3\u5f97\u7684\u53e4\u5178\u6587\u5316\u3002",
            "likeCount": 6
        },
        {
            "reply_id": "Ugyh_zguouoRYzUwnD94AaABAg",
            "reply_content": "\u9858\u610f\u652f\u4ed8\u4e8c\u5341\u82f1\u938a\u63a1\u8a2a\u502b\u6566\u5c45\u6c11\u7684\u7701\u745e\u9817\u72a7\u7272\u81ea\u5df1\u7684\u8377\u5305\u3002",
            "likeCount": 4
        },
        {
            "reply_id": "UgyXZ-leeHNBmFD2ek14AaABAg",
            "reply_content": "\u5982\u679c\u771f\u7684\u53ef\u4ee5\u6301\u6709\u9b54\u6756\u65bd\u5c55\u4efb\u4f55\u9b54\u6cd5\u4e5f\u4e0d\u518d\u662f\u5929\u65b9\u591c\u8b5a\u7684\u8a71\uff0c\u64c1\u6709\u5927\u5e45\u5ea6\u6539\u5584\u751f\u6d3b\u4e14\u66ff\u751f\u6d3b\u5e36\u4f86\u773e\u591a\u4fbf\u5229\u6027\u7684\u9b54\u6cd5\u80fd\u529b\u8a72\u6709\u591a\u597d\uff01",
            "likeCount": 2
        },
        {
            "reply_id": "Ugxjd9MMQOlB9GTG2VF4AaABAg",
            "reply_content": "\u666e\u904d\u9ad8\u5ea6\u63a5\u53d7\u81ea\u5df1\u570b\u5bb6\u4efb\u4f55\u9910\u9ede\u7684\u7b2c\u4e00\u500b\u5973\u6027\u502b\u6566\u5c45\u6c11\u9817\u4e0d\u6311\u98df\u4e5f\u5920\u98f2\u98df\u5747\u8861\u3002",
            "likeCount": 2
        },
        {
            "reply_id": "Ugwu9EbM_p5eIKs8yXt4AaABAg",
            "reply_content": "\u8c22\u8c22\u963f\u6ef4\u4e00\u76f4\u4ee5\u6765\u90fd\u5728\u4e3a\u53f0\u6e7e\u589e\u8fdb\u4e24\u5cb8\u7edf\u4e00\u8fdb\u7a0b\uff0c\u4f60\u4eec\u4e5f\u4e00\u5b9a\u80fd\u56de\u5f52\u7956\u56fd \u8fd9\u662f\u6211\u4eec\u4e2d\u534e\u513f\u5973\u5171\u540c\u7684\u5fc3\u613f",
            "likeCount": 0
        }
    ]
}