{
    "video_info": {
        "id": "pTY_EuZ2j0I",
        "channelTitle": "\u963f\u6ef4\u82f1\u6587",
        "title": "\u82f1\u570b\u8154\u771f\u7684\u592a\u597d\u807d! \u4e0d\u5c0f\u5fc3\u5c31\u5674\u4e86\u5e7e\u767e\u82f1\u938a! \ud83e\udd2d \u771f\u5be6\u958b\u7bb1\u502b\u6566\u65e5\u5e38\u5c0d\u8a71",
        "description": "\u2726\u8766\u76ae11.11\u6700\u5f37\u8cfc\u7269\u7bc0\u2726\n\u5feb\u4e0a\u8766\u76ae\u8b93\u4f60\u66f4\u5b89\u5fc3\u8cfc\u7269\uff01\n\u25b6\ufe0e https://sho.pe/5bdcde\n\n\u258d#\u8766\u76ae\u5b89\u5fc3\u9000\uff0c\u8b93\u4f60\u653e\u5fc3\u8cb7\uff0c\u5b89\u5fc3\u9000 \ud83d\udcaa\n\u2460 \u7531\u8766\u76ae\u5b98\u65b9\u8ca0\u8cac\u9000\u8ca8\u6d41\u7a0b\uff0c\u5b98\u65b9\u8655\u7406\u66f4\u6709\u4fdd\u969c\uff01\n\u2461 \u9451\u8cde\u671f\u5167\u53ef\u5728\u7b26\u5408\u898f\u5b9a\u7684\u60c5\u6cc1\u4e0b\u7533\u8acb\u9000\u6b3e\u9000\u8ca8\uff0c\u800c\u4e14#\u9000\u8ca8\u514d\u904b\u8cbb\n\u2462 \u8766\u76ae\u8cfc\u7269\u5168\u7ad9\u5546\u54c1\uff0c\u7686\u53ef\u4f7f\u7528\u8766\u76ae\u5b89\u5fc3\u9000\u670d\u52d9\uff5e\n\n*\u5ee3\u544a\u7d14\u5c6c\u5f71\u7247\u6548\u679c\u8acb\u52ff\u6a21\u4eff\uff0c\u5be6\u969b\u9000\u8ca8\u8acb\u8a3b\u660e\u6e05\u695a\u539f\u56e0\n*\u670d\u52d9\u7d30\u7bc0\u4f9d\u8ce3\u5bb6\u8a2d\u5b9a\u6709\u6240\u4e0d\u540c\uff0c\u8a73\u60c5\u8acb\u53c3\u8003\u8766\u76ae\u5e6b\u52a9\u4e2d\u5fc3\n*\u6eab\u99a8\u63d0\u9192\u82e5\u6feb\u7528\u5b89\u5fc3\u9000\u670d\u52d9\u6050\u6703\u5f71\u97ff\u6d88\u8cbb\u6b0a\u76ca\uff0c\u56b4\u91cd\u8005\u53ef\u80fd\u9762\u81e8\u5e33\u865f\u505c\u6b0a\u8655\u5206\n\n\u3010\u52a0\u5165\u983b\u9053\u6703\u54e1\u3011http://bit.ly/3qIZjfT\n\n0:00 \u7cbe\u91c7\u9810\u544a\n0:27 \u958b\u5834\n1:47 \u6158\u7d55\u4eba\u5bf0\u7684\u6545\u4e8b\n3:34 \u670d\u98fe\u5e97\u8cfc\u7269\u82f1\u6587\n7:12 \u4e0a\u6d41\u793e\u6703\u7684\u82f1\u6587\n11:16 \u7d50\u5c3e\n\n\u963f\u6ef4\u53c8\u51fa\u570b\u62cd\u7247\u64ad\u653e\u6e05\u55ae\uff1ahttp://bit.ly/3XyyzPa\n\u6bcf\u9031\u4e00\u665a\u4e0a\u516d\u9ede\u66f4\u65b0\uff0c\u8acb\u8a18\u5f97\u958b\u555fYouTube\ud83d\udd14\u901a\u77e5\uff01\n\n\u4e0a\u4e00\u90e8\u5f71\u7247 \u53f0\u5f0f\u73cd\u5976\u5728\u82f1\u570b\u53d7\u6b61\u8fce\u55ce? \u56db\u89d2\u6200\u8003\u8336\u502b\u6566\u624b\u6416\u98f2\ud83d\udd25 https://youtu.be/-sb7LfMlJZg\n\u4e0b\u4e00\u90e8\u5f71\u7247 \u5168\u54e1\u7206\u9810\u7b97! HOOK\u4e0d\u6562\u9762\u5c0d\u5e33\u55ae!? \u516c\u958b\u56db\u89d2\u6200\u502b\u656610\u5929\u9a5a\u4eba\u958b\u92b7! https://youtu.be/SqS05qfxNts\n\n\u963f\u6ef4\u82f1\u6587\u7684\u4eba\u6c23\u5f71\u7247\uff1a\n\n\u25a0 \u53bb\u5916\u5546\u516c\u53f8\u5de5\u4f5c\u82f1\u6587\u8981\u591a\u597d? \u963f\u6ef4\u7a81\u8972Google\u53f0\u7063\u8fa6\u516c\u5ba4! https://youtu.be/ES73LXd4LGg\n\n\u25a0 \u4e09\u9ede\u5c31\u653e\u5b78! \u56de\u5bb6\u90fd\u5728\u73a9? \u82ac\u862d\u5b78\u751f\u600e\u9ebc\u770b\u53f0\u7063\u7684\u6559\u80b2\u5236\u5ea6?  https://youtu.be/VHnyCM6iG7o\n\n\u25a0 \u56e0\u70ba\u6ef4\u59b9\u4e00\u76f4\u4e0d\u56de\u53f0\u7063\uff0c\u6240\u4ee5\u6211\u76f4\u63a5\u98db\u53bb\u7f8e\u570b\u627e\u4ed6\u3002https://youtu.be/Ksqevn6pVZU\n\n\u25a0 \u591a\u76ca900\u5206\u82f1\u6587\u771f\u7684\u6bd4\u8f03\u6d41\u5229\u55ce? \u5927\u8b19\u7684\u8868\u73fe\u8b93\u8001\u5e2b\u9a5a\u5446\u4e86! https://youtu.be/VCrg6xYPKTA\n\n\u25a0 \u9023\u963f\u6ef4\u90fd\u5538\u932f\u7684\u5e38\u898b\u82f1\u6587!? \u5b78\u6703\u7528\u300e\u56de\u97f3\u6cd5\u300f\u7df4\u7fd2\u767c\u97f3! feat. \u53f2\u5609\u7433\u8001\u5e2b https://youtu.be/16kkr2eGSdE\n\n\u25a0 \u9109\u6c11\u8001\u5a46 VS \u570b\u6c11\u5927\u8205\u5b50! \u8ab0\u7684\u82f1\u6587\u6bd4\u8f03\u597d? https://youtu.be/YOEswmi_ZPA\n\n\u25a0 \u4e16\u7d00\u5be9\u5224\u843d\u5e55! \u5f37\u5c3c\u6234\u666e\u98a8\u5411\u4e00\u9762\u5012\u7684\u771f\u6b63\u539f\u56e0? https://youtu.be/k_QVJkecNxo\n\n\u25a0 \u53bb\u822a\u7a7a\u696d\u4e0a\u73ed\u82f1\u6587\u8981\u591a\u597d? \u958b\u7bb1\u9577\u69ae\u7687\u74bd\u6842\u51a0\u8259\u5168\u82f1\u6587\u670d\u52d9! https://youtu.be/M_bLXwjyQAU\n\n\u5176\u4ed6\u9023\u7d50\uff1a\nhttp://facebook.com/rayduenglish\nhttp://instagram.com/rayduenglish\nhttp://twitter.com/durayray\n\u5408\u4f5c\u9080\u7d04\uff1arayduenglish@gmail.com",
        "likeCount": "6331",
        "commentCount": "344",
        "viewCount": "262451"
    },
    "comments": [
        {
            "reply_id": "UgyCmaugHnwj9_OoXK94AaABAg",
            "reply_content": "\u82f1\u570b\u5f88\u591a\u85dd\u8853\u8868\u6f14\u963f\u6ef4\u53ef\u4ee5\u9806\u4fbf\u901b\u901b\u54e6",
            "likeCount": 1
        },
        {
            "reply_id": "UgxVgnZZxGqSTyDWSYd4AaABAg",
            "reply_content": "\u4e00\u958b\u59cb\u7684\u82f1\u570b\u5927\u53d4 \u6211\u4ee5\u70ba\u4ed6\u6234\u8457\u7c73\u8001\u9f20\u7684\u8033\u6735",
            "likeCount": 0
        },
        {
            "reply_id": "UgwhG72Sp0tvgmfxpE14AaABAg",
            "reply_content": "\u611f\u89c9\u5df2\u7ecf\u662f\u4e0d\u592a\u91cd\u7684\u5357\u90e8\u8154\u4e86\ud83d\ude02\u8fd8\u662f\u5927\u57ce\u5e02\u597d",
            "likeCount": 0
        },
        {
            "reply_id": "UgwvYOZ84E5t7kOUsgx4AaABAg",
            "reply_content": "\u60f3\u770b\u963f\u6ef4\u5404\u570b\u5230\u8655\u65c5\u904a\u8a62\u554f\u7576\u5730\u6587\u5316\u554a\u4ec0\u9ebc\u7684",
            "likeCount": 0
        },
        {
            "reply_id": "UgxAbtmmTn9KkdpXnWh4AaABAg",
            "reply_content": "\u9019\u696d\u914d\u6211\u8d85\u611b\u54c8\u54c8\u54c8\u54c8\u597d\u53ef\u611b",
            "likeCount": 0
        },
        {
            "reply_id": "Ugy7OPlfCk1lvACUsS54AaABAg",
            "reply_content": "\u62cd\u5404\u5730\u7f8e\u98df\u901a\u5e38\u90fd\u6c92\u6709\u6182\u9b31\u75c7\u7684\u554f\u984c\u5594\uff0c\u4e5f\u53ef\u4ee5\u7528\u82f1\u6587\u554a",
            "likeCount": 0
        },
        {
            "reply_id": "Ugyi1fHlaFcpV50tBAJ4AaABAg",
            "reply_content": "\u6709\u4eba\u7576\u5175\u6703\u7279\u5225\u53bb\u62bd\u83f8 \u4f86\u7372\u5f97\u4f11\u606f\u8207\u4ea4\u6d41\u7684\u65b0\u6a5f\u6703",
            "likeCount": 0
        },
        {
            "reply_id": "UgxkKHEdMEq4nLEaQMB4AaABAg",
            "reply_content": "\u4eca\u5e74\u6709\u8fd4\u9109\u6295\u7968\u5c08\u8eca\u55ce",
            "likeCount": 0
        },
        {
            "reply_id": "UgzfF15KtTEudgrRtCB4AaABAg",
            "reply_content": "\u4f86\u770b\u963f\u6ef4\u651d\u88fd\u7684\u82f1\u6587\u53e5\u578b\u77ed\u7247\u589e\u52a0\u4e00\u9ede\u81ea\u5df1\u7684\u82f1\u6587\u5e95\u860a\ud83d\ude00",
            "likeCount": 5
        },
        {
            "reply_id": "Ugx5L5CKhP1z-aqxC7V4AaABAg",
            "reply_content": "\u7b2c\u4e00\u9593\u8001\u95c6\u5f8c\u9762\u7684\u5169\u9802\u9ed1\u5e3d\u5b50\u597d\u50cf\u7c73\u5947\u7684\u8033\u6735",
            "likeCount": 1
        },
        {
            "reply_id": "UgznSIH_FF1eGz9xTRB4AaABAg",
            "reply_content": "\u9019\u500b\u5f62\u5f0f\u7684\u82f1\u6587\u5b78\u7fd2\u6eff\u8b9a",
            "likeCount": 1
        },
        {
            "reply_id": "UgzEs78-5Md3Wivmumx4AaABAg",
            "reply_content": "\u8ddf\u6211\u4e00\u6a23\u770b\u90a3\u500b\u8766\u76ae\u5b89\u5fc3\u9000\u7684\u5ee3\u544a\u770b\u4e86\u5169\u6b21\u4ee5\u4e0a\u55ce\uff1f\u600e\u9ebc\u9019\u9ebc\u597d\u7b11",
            "likeCount": 0
        },
        {
            "reply_id": "UgzXCWqOFCfwoDFkX514AaABAg",
            "reply_content": "\u4ee5\u70ba\u4ed6\u5e36\u8457\u7c73\u5947\u7684\u9aee\u7b8d\u54c8\u54c8\u54c8",
            "likeCount": 0
        },
        {
            "reply_id": "UgyMS_CS_EA4ywoJfBN4AaABAg",
            "reply_content": "\u5750\u963f\u6ef4\u65c1\u908a\u7684\u5973\u751f\u597d\u6f02\u4eae",
            "likeCount": 0
        },
        {
            "reply_id": "UgyWPjbhEbPg1c24OhF4AaABAg",
            "reply_content": "\u5927\u8b19\u7684\u82f1\u6587\u4e5f\u8aaa\u7684\u8d8a\u4f86\u8d8a\u597d\u4e86\u8b1b\u7684\u53c8\u9806\u4eba\u53c8\u5feb",
            "likeCount": 112
        },
        {
            "reply_id": "UgyB0yRVrseBQK4D7ut4AaABAg",
            "reply_content": "\u53ea\u6709\u6211\u89ba\u5f97\u7b2c\u4e00\u9593\u5e97\u8001\u95c6\u5f88\u50cf\u5e74\u9577\u7248\u7684\u6e6f\u59c6\u8cbb\u723e\u9813\u55ce\ud83e\udd23",
            "likeCount": 15
        },
        {
            "reply_id": "Ugxj4Piyq1HAiynFdK94AaABAg",
            "reply_content": "\u60a8\u7684\u983b\u9053\u5f88\u9069\u5408\u6211\u4f5c\u70ba\u82f1\u8a9e\u807d\u529b\u7684\u7df4\u7fd2",
            "likeCount": 6
        },
        {
            "reply_id": "UgyTRHaa4D4bO55-a3l4AaABAg",
            "reply_content": "\u770b\u963f\u6ef4\u548c\u670d\u98fe\u5e97\u8001\u95c6\u5c0d\u8a71\u7684\u90a3\u4e00\u6bb5\uff0c\u6211\u7e3d\u6703\u4e00\u76f4\u4e0d\u7d93\u610f\u7684\u60f3\u8d77\u7c73\u8001\u9f20",
            "likeCount": 5
        }
    ]
}