{
    "video_info": {
        "id": "vWCBrWQ3Oak",
        "channelTitle": "\u963f\u6ef4\u82f1\u6587",
        "title": "\u516c\u5e03\u963f\u6ef4\u82f1\u6587\u7684\u96c5\u601d\u6210\u7e3e! \u9019\u500b\u5206\u6578\u6211\u4e0d\u80fd\u63a5\u53d7!!",
        "description": "\u5728\u82f1\u570b\u8a2a\u554f\u5168\u7403\u96c5\u601d\u7e3d\u76e3\u7684\u6642\u5019\u88ab\u55c6\uff0c\u963f\u6ef4\u56de\u53f0\u7063\u7b2c\u4e00\u4ef6\u4e8b\u5c31\u662f\u53bb\u8003\u96c5\u601d\uff01\n\u672c\u4f86\u60f3\u62cd\u958b\u7bb1\u6210\u7e3e\u7684\u53cd\u61c9\uff0c\u6c92\u60f3\u5230\u76f4\u63a5\u88ab\u8003\u8a66\u4e2d\u5fc3\u66b4\u96f7\u4e86\ud83d\ude02\n\n\u99ac\u4e0a\u9ede\u64ca\uff01\u9818\u53d610\u7f8e\u91d1\u65b0\u7528\u6236\u512a\u60e0\u5377 \ud83d\udc49 https://reurl.cc/v7AKvo\n\n\u3010\u52a0\u5165\u983b\u9053\u6703\u54e1\u3011http://bit.ly/3qIZjfT\n\n0:00 \u7cbe\u5f69\u9810\u544a\n0:43 \u771f\u7684\u8003\u96c5\u601d\u4e86\n1:46 \u8003\u524d\u6e96\u5099\n3:10 \u60e1\u88dc\u500b\u5ee3\u544a\n4:09 \u96c5\u601d\u7b46\u8a66\n7:39 \u96c5\u601d\u53e3\u8a66\n9:18 \u6210\u7e3e\u63ed\u66c9\n11:56 \u96c5\u601dvs\u6258\u798f\uff1a\u807d\u529b\n14:48 \u96c5\u601dvs\u6258\u798f\uff1a\u95b1\u8b80\n15:44 \u96c5\u601dvs\u6258\u798f\uff1a\u5beb\u4f5c\n17:18 \u96c5\u601dvs\u6258\u798f\uff1a\u53e3\u8aaa\n18:29 \u96c5\u601dvs\u6258\u798f\uff1a\u6574\u9ad4\u96e3\u6613\n\n\u8003\u8a66\u8077\u696d\u6e96\u5099\u64ad\u653e\u6e05\u55ae\uff1ahttps://bit.ly/2cpTx0u\n\u6bcf\u9031\u4e00\u665a\u4e0a\u516d\u9ede\u66f4\u65b0\uff0c\u8acb\u8a18\u5f97\u958b\u555fYouTube\ud83d\udd14\u901a\u77e5\uff01\n\n\u4e0a\u4e00\u90e8\u5f71\u7247 \u8ddf\u963f\u6ef4\u7d04\u6703\u5c45\u7136\u88ab\u5e36\u53bb\u8003\u96c5\u601d!? \u5927\u8b19\u7684\u82f1\u6587\u53e3\u8aaa\u80fd\u5920\u62ff\u5e7e\u5206? https://youtu.be/7rIqsOxd1Ig\n\u4e0b\u4e00\u90e8\u5f71\u7247 Kimberley\u6311\u6230\u963f\u6ef4! \u9019\u4e9bYouTube\u64ad\u653e\u7834\u5104\u7684\u795e\u66f2\u4f60\u807d\u5f97\u51fa\u4f86\u55ce? https://youtu.be/TkptYAq3gww\n\n\u963f\u6ef4\u82f1\u6587\u7684\u4eba\u6c23\u5f71\u7247\uff1a\n\n\u25a0 \u53bb\u5916\u5546\u516c\u53f8\u5de5\u4f5c\u82f1\u6587\u8981\u591a\u597d? \u963f\u6ef4\u7a81\u8972Google\u53f0\u7063\u8fa6\u516c\u5ba4! https://youtu.be/ES73LXd4LGg\n\n\u25a0 \u4e09\u9ede\u5c31\u653e\u5b78! \u56de\u5bb6\u90fd\u5728\u73a9? \u82ac\u862d\u5b78\u751f\u600e\u9ebc\u770b\u53f0\u7063\u7684\u6559\u80b2\u5236\u5ea6?  https://youtu.be/VHnyCM6iG7o\n\n\u25a0 \u56e0\u70ba\u6ef4\u59b9\u4e00\u76f4\u4e0d\u56de\u53f0\u7063\uff0c\u6240\u4ee5\u6211\u76f4\u63a5\u98db\u53bb\u7f8e\u570b\u627e\u4ed6\u3002https://youtu.be/Ksqevn6pVZU\n\n\u25a0 \u591a\u76ca900\u5206\u82f1\u6587\u771f\u7684\u6bd4\u8f03\u6d41\u5229\u55ce? \u5927\u8b19\u7684\u8868\u73fe\u8b93\u8001\u5e2b\u9a5a\u5446\u4e86! https://youtu.be/VCrg6xYPKTA\n\n\u25a0 \u9023\u963f\u6ef4\u90fd\u5538\u932f\u7684\u5e38\u898b\u82f1\u6587!? \u5b78\u6703\u7528\u300e\u56de\u97f3\u6cd5\u300f\u7df4\u7fd2\u767c\u97f3! feat. \u53f2\u5609\u7433\u8001\u5e2b https://youtu.be/16kkr2eGSdE\n\n\u25a0 \u9109\u6c11\u8001\u5a46 VS \u570b\u6c11\u5927\u8205\u5b50! \u8ab0\u7684\u82f1\u6587\u6bd4\u8f03\u597d? https://youtu.be/YOEswmi_ZPA\n\n\u25a0 \u4e16\u7d00\u5be9\u5224\u843d\u5e55! \u5f37\u5c3c\u6234\u666e\u98a8\u5411\u4e00\u9762\u5012\u7684\u771f\u6b63\u539f\u56e0? https://youtu.be/k_QVJkecNxo\n\n\u25a0 \u53bb\u822a\u7a7a\u696d\u4e0a\u73ed\u82f1\u6587\u8981\u591a\u597d? \u958b\u7bb1\u9577\u69ae\u7687\u74bd\u6842\u51a0\u8259\u5168\u82f1\u6587\u670d\u52d9! https://youtu.be/M_bLXwjyQAU\n\n\u5176\u4ed6\u9023\u7d50\uff1a\nhttp://facebook.com/rayduenglish\nhttp://instagram.com/rayduenglish\nhttp://twitter.com/durayray\n\u5408\u4f5c\u9080\u7d04\uff1arayduenglish@gmail.com",
        "likeCount": "20788",
        "commentCount": "843",
        "viewCount": "1240120"
    },
    "comments": [
        {
            "reply_id": "UgyRYF87JnJN3Oi4OIJ4AaABAg",
            "reply_content": "\u80fd\u4e0d\u80fd\u5f53\u4e00\u65e5\u53e3\u8bf4\u8003\u5b98",
            "likeCount": 0
        },
        {
            "reply_id": "Ugycw2O-btLn3i_mQaF4AaABAg",
            "reply_content": "\u8003\u4e86\u4e00\u6b21\u5c31\u4e0d\u60f3\u518d\u70e7\u94b1\u4e86",
            "likeCount": 0
        },
        {
            "reply_id": "Ugyil08YH1QQcdKGsg94AaABAg",
            "reply_content": "\u4ed6\u8003\u8a66\u7576\u5929\u660e\u660e\u5c31\u6703\u554f\u4f60\u8981\u4e0d\u8981\u6536\u7c21\u8a0a\u6210\u7e3e \u5047\u88dd\u88ab\u66b4\u96f7\u5594",
            "likeCount": 0
        },
        {
            "reply_id": "UgyI3wBRfTqkYiz0bet4AaABAg",
            "reply_content": "\u6211\u8ddf\u963f\u6ef4\u5728\u540c\u4e00\u500b\u5730\u65b9\u8003\u8a66\uff0c\u597d\u6050\u6016\u8b93\u6211\u56de\u60f3\u5230\u5730\u7344",
            "likeCount": 0
        },
        {
            "reply_id": "Ugw5u_DGp5iSezb0tMN4AaABAg",
            "reply_content": "\u5e0c\u671b\u4e4b\u5f8c\u53ef\u4ee5\u51fa\u66f4\u591a\u96c5\u601d\u5167\u5bb9",
            "likeCount": 0
        },
        {
            "reply_id": "Ugyo84QvPLA46adHtJd4AaABAg",
            "reply_content": "\u6211\u7121\u6cd5\u63a5\u53d7\u6574\u5f62\u6574\u58de\u7684\u6771\u897f",
            "likeCount": 0
        },
        {
            "reply_id": "Ugwym_rbO2lyUY9u_bR4AaABAg",
            "reply_content": "\u96c5\u601d\u7684\u5199\u4f5c\u771f\u4e0d\u662f\u82f1\u6587\u597d\u5c31\u80fd\u62ff\u9ad8\u5206\u7684",
            "likeCount": 3
        },
        {
            "reply_id": "UgxqiZ-QVLdqNfr1Ozd4AaABAg",
            "reply_content": "\u65b0\u5f0f\u6258\u798f\u4e0d\u7528\u5169\u5c0f\u6642\u4ee5\u5167\u5c31\u8003\u5b8c\u4e86",
            "likeCount": 0
        },
        {
            "reply_id": "UgxjbMq4-qqO8_t0PJF4AaABAg",
            "reply_content": "\u8ddf\u6211\u9ad8\u4e09\u7684\u5152\u5b50\u5206\u6578\u4e00\u6a23\u8036",
            "likeCount": 0
        },
        {
            "reply_id": "UgxaxgPKrI-3qkgX69R4AaABAg",
            "reply_content": "\u9084\u662f\u6c92\u770b\u5230\u4f60\u7684\u6210\u7e3e\u55ae\u5167\u5bb9\u5440",
            "likeCount": 0
        },
        {
            "reply_id": "UgzrXOcApeH1YA2XZ1V4AaABAg",
            "reply_content": "\u89ba\u5f97\u81ea\u5df1\u5f88\u6709\u628a\u63e1\u7684\u79d1\u76ee\uff0c\u5230\u6700\u5f8c\u90fd\u6703\u8003\u7684\u6bd4\u9810\u671f\u9084\u4f4e\u662f\u771f\u7684\ud83d\ude02\u5c24\u5176\u662f\u4f5c\u6587\u9019\u7a2e\u6bd4\u8f03\u4e3b\u89c0\u7684",
            "likeCount": 4
        },
        {
            "reply_id": "UgwfxlGaa6gBZEuYHb54AaABAg",
            "reply_content": "\u5f88\u597d\u5947\u5beb\u4f5c\u90e8\u5206\u80fd\u4e0d\u80fd\u91cd\u73fe\u7d66\u5404\u5927\u7db2\u53cb\u6279\u8a55\u6307\u6559",
            "likeCount": 3
        },
        {
            "reply_id": "UgxnqaX3JbLxAUIg8hV4AaABAg",
            "reply_content": "\u963f\u6ef4\u8003\u8a66\u81ea\u5df1\u5c08\u696d\u7684\u82f1\u6587\u6bd4\u82b1\u9322\u82b1\u6642\u9593\u51fa\u570b\u6d41\u91cf\u9ad8\u591a\u4e86",
            "likeCount": 2
        },
        {
            "reply_id": "UgwSf7QzCMozgT0ZiN14AaABAg",
            "reply_content": "\u8fd9\u4e2a\u6210\u7ee9\u90fd\u4e0d\u80fd\u901a\u8fc7\u6fb3\u6d32\u5e7c\u6559\u804c\u4e1a\u8bc4\u4f30\u8d44\u683c",
            "likeCount": 0
        },
        {
            "reply_id": "Ugxq0WyUf3JSGJXpAi54AaABAg",
            "reply_content": "\u8acb\u554f\u963f\u6ef4\u53ef\u4ee5\u958b\u7dda\u4e0a\u8ab2\u7a0b\u55ce",
            "likeCount": 0
        },
        {
            "reply_id": "Ugw6ZDz8merPyLSCuLt4AaABAg",
            "reply_content": "\u597d\u5947\u602a\uff0c\u6bcf\u6b21\u770b\u5230\u9019\u7a2e\u82f1\u6587\u6aa2\u5b9a\u7684\u4e3b\u984c\u6211\u5c31\u71b1\u8840\u6cb8\u9a30",
            "likeCount": 2
        },
        {
            "reply_id": "UgzY2626qC9kUvkQrbR4AaABAg",
            "reply_content": "\u6709\u6642\u5019\u771f\u7684\u5c31\u662f\u671f\u671b\u8d8a\u5927\u5931\u671b\u8d8a\u5927",
            "likeCount": 2
        },
        {
            "reply_id": "UgzbcIXSat5aiDBangZ4AaABAg",
            "reply_content": "\u771f\u7684\u7d66\u5728\u60f3\u8981\u8003\u96c5\u601d\u9084\u662f\u6258\u798f\u7684\u4eba\u5f88\u5927\u7684\u53c3\u8003\u50f9\u503c\u8036!",
            "likeCount": 1
        },
        {
            "reply_id": "Ugz12QpcuqNGYxYEBjh4AaABAg",
            "reply_content": "\u6258\u798f\u4e5f\u6709\u5370\u5ea6\u97f3\u548c\u6fb3\u6d32\u97f3\uff01\u5f88\u5012\u9709\u9047\u5230\u8fc7\u4e00\u6b21",
            "likeCount": 1
        },
        {
            "reply_id": "UgwYgrwMr4KlrzqNKhp4AaABAg",
            "reply_content": "\u60f3\u770b\u96c5\u601d\u53e3\u8aaa\u548c\u5beb\u4f5c\u7684\u6d41\u7a0b\u548c\u6a19\u6e96",
            "likeCount": 0
        }
    ]
}