{
    "video_info": {
        "id": "Z2_R1dSQTTM",
        "channelTitle": "\u963f\u6ef4\u82f1\u6587",
        "title": "\u502b\u6566\u5e73\u50f9\u6c11\u5bbf vs \u5962\u83ef16\u4e16\u7d00\u53e4\u5821! \u6c11\u5bbf\u8a2d\u5099\u58de\u5149\u5149\u4f46\u537b\u9084\u662f\u8d0f\u904e\u53e4\u5821?",
        "description": "\u53d6\u5f97\u7368\u5bb6 Surfshark \u512a\u60e0\uff01\u7acb\u5373\u9ede\u64ca \u25b6\ufe0e https://surfshark.tw/partner/durayray\n\u8f38\u5165\u512a\u60e0\u4ee3\u78bc [durayray] \u5373\u53ef\u7372\u5f97\u984d\u5916\u514d\u8cbb3\u500b\u6708\uff01\n\n\u3010\u52a0\u5165\u983b\u9053\u6703\u54e1\u3011http://bit.ly/3qIZjfT\n\n0:00 \u7cbe\u5f69\u9810\u544a\n0:39 \u771f\u6ef4\u8981\u5c0d\u6c7a\n1:24 \u91ce\u751f\u52d5\u7269\u5ee3\u544a\n3:01 \u5165\u4f4f\u502b\u6566\u6c11\u5bbf\n7:06 \u6c11\u5bbf\u4f4f\u5bbf\u611f\u60f3\n8:53 \u5165\u4f4f\u767e\u5e74\u53e4\u5821\n16:48 \u958b\u7bb1\u7e3d\u7d71\u5957\u623f\n18:42 \u57ce\u5821VS\u6c11\u5bbf\n\n\u963f\u6ef4\u53c8\u51fa\u570b\u62cd\u7247\u64ad\u653e\u6e05\u55ae\uff1ahttp://bit.ly/3XyyzPa\n\u6bcf\u9031\u4e00\u665a\u4e0a\u516d\u9ede\u66f4\u65b0\uff0c\u8acb\u8a18\u5f97\u958b\u555fYouTube\ud83d\udd14\u901a\u77e5\uff01\n\n\u4e0a\u4e00\u90e8\u5f71\u7247 \u82f1\u570b\u8857\u8a2a \u25b6 \u77e5\u9053\u53f0\u7063\u5728\u54ea\u88e1\u55ce? \u5c0d\u82f1\u570b\u7687\u5ba4\u7684\u60f3\u6cd5? \u8b93\u502b\u6566\u4eba\u4f86\u544a\u8a34\u4f60!! https://youtu.be/k33HgiBlnWQ\n\u4e0b\u4e00\u90e8\u5f71\u7247 \u82f1\u570b\u9802\u5927\u7206\u6599\u5927\u6703! \u570b\u969b\u5b78\u751f\u90fd\u662f\u76e4\u5b50? \u725b\u6d25\u53ea\u6536\u79c1\u6821\u751f? \u82f1\u570b\u7814\u7a76\u4e0d\u53ef\u4fe1?  https://youtu.be/mMI-h_jmqKE\n\n\u963f\u6ef4\u82f1\u6587\u7684\u4eba\u6c23\u5f71\u7247\uff1a\n\n\u25a0 \u53bb\u5916\u5546\u516c\u53f8\u5de5\u4f5c\u82f1\u6587\u8981\u591a\u597d? \u963f\u6ef4\u7a81\u8972Google\u53f0\u7063\u8fa6\u516c\u5ba4! https://youtu.be/ES73LXd4LGg\n\n\u25a0 \u4e09\u9ede\u5c31\u653e\u5b78! \u56de\u5bb6\u90fd\u5728\u73a9? \u82ac\u862d\u5b78\u751f\u600e\u9ebc\u770b\u53f0\u7063\u7684\u6559\u80b2\u5236\u5ea6?  https://youtu.be/VHnyCM6iG7o\n\n\u25a0 \u56e0\u70ba\u6ef4\u59b9\u4e00\u76f4\u4e0d\u56de\u53f0\u7063\uff0c\u6240\u4ee5\u6211\u76f4\u63a5\u98db\u53bb\u7f8e\u570b\u627e\u4ed6\u3002https://youtu.be/Ksqevn6pVZU\n\n\u25a0 \u591a\u76ca900\u5206\u82f1\u6587\u771f\u7684\u6bd4\u8f03\u6d41\u5229\u55ce? \u5927\u8b19\u7684\u8868\u73fe\u8b93\u8001\u5e2b\u9a5a\u5446\u4e86! https://youtu.be/VCrg6xYPKTA\n\n\u25a0 \u9023\u963f\u6ef4\u90fd\u5538\u932f\u7684\u5e38\u898b\u82f1\u6587!? \u5b78\u6703\u7528\u300e\u56de\u97f3\u6cd5\u300f\u7df4\u7fd2\u767c\u97f3! feat. \u53f2\u5609\u7433\u8001\u5e2b https://youtu.be/16kkr2eGSdE\n\n\u25a0 \u9109\u6c11\u8001\u5a46 VS \u570b\u6c11\u5927\u8205\u5b50! \u8ab0\u7684\u82f1\u6587\u6bd4\u8f03\u597d? https://youtu.be/YOEswmi_ZPA\n\n\u25a0 \u4e16\u7d00\u5be9\u5224\u843d\u5e55! \u5f37\u5c3c\u6234\u666e\u98a8\u5411\u4e00\u9762\u5012\u7684\u771f\u6b63\u539f\u56e0? https://youtu.be/k_QVJkecNxo\n\n\u25a0 \u53bb\u822a\u7a7a\u696d\u4e0a\u73ed\u82f1\u6587\u8981\u591a\u597d? \u958b\u7bb1\u9577\u69ae\u7687\u74bd\u6842\u51a0\u8259\u5168\u82f1\u6587\u670d\u52d9! https://youtu.be/M_bLXwjyQAU\n\n\u5176\u4ed6\u9023\u7d50\uff1a\nhttp://facebook.com/rayduenglish\nhttp://instagram.com/rayduenglish\nhttp://twitter.com/durayray\n\u5408\u4f5c\u9080\u7d04\uff1arayduenglish@gmail.com",
        "likeCount": "14479",
        "commentCount": "519",
        "viewCount": "799471"
    },
    "comments": [
        {
            "reply_id": "Ugxk7kOmrhwGs0U0MPF4AaABAg",
            "reply_content": "\u5927\u8b19\u771f\u7684\u662f\u592a\u597d\u7b11\u4e86\uff0c\u5c24\u5176\u90a3\u500b\u60f3\u7ffb\u767d\u773c\u537b\u53c8\u4e0d\u5931\u79ae\u8c8c\u7684\u7b11\u5bb9",
            "likeCount": 2
        },
        {
            "reply_id": "UgwWq0h9y2uQ9fJGOmp4AaABAg",
            "reply_content": "\u9019\u6a23\u5f8c\u9762\u53bb\u4f4f\u502b\u6566\u6c11\u5bbf\u7684\u4eba\u5c31\u6709\u798f\u4e86\u54c8~\u963f\u6ef4\u4fee\u597d\u71b1\u6c34\u4e86",
            "likeCount": 1
        },
        {
            "reply_id": "UgwnSkrj5jO0dtD69zZ4AaABAg",
            "reply_content": "\u90a3\u500b\u5b89\u535a\u7433\u662f\u53f2\u8cd3\u8cfd\u96fb\u5f71\u88e1\u90a3\u500b\u904e\u4f86\u88ab\u570b\u738b\u6bba\u6389\u7684\u7687\u540e\u55ce\ud83d\ude2e",
            "likeCount": 1
        },
        {
            "reply_id": "Ugw6kGqYaeMkJJf1lwp4AaABAg",
            "reply_content": "\u9bca\u9b5a\u5927\u8b19\u8d85\u597d\u7b11\u6211\u53d7\u4e0d\u4e86\u4e86",
            "likeCount": 0
        },
        {
            "reply_id": "UgwVWjTy3Xbooe3-kgp4AaABAg",
            "reply_content": "\u9019\u500b\u57ce\u5821\u662f\u4e0d\u662f\u6709\u5728\u8b8a\u5f62\u91d1\u525b\u88e1\u51fa\u73fe\u904e",
            "likeCount": 0
        },
        {
            "reply_id": "Ugyxr8yEbvBOeY2rHK94AaABAg",
            "reply_content": "\u5982\u679c\u96e2\u5e02\u5340\u958b\u8eca\u534a\u5c0f\u6642\u6703\u597d\u5f88\u591a\uff0c\u5169\u500b\u591a\u5c0f\u6642\u592a\u9060\u4e86",
            "likeCount": 0
        },
        {
            "reply_id": "UgzSvnTwqRM2Id7o7wh4AaABAg",
            "reply_content": "\u502b\u6566\u5e02\u4e2d\u5fc3\u771f\u7684\u597d\u8d70\u53c8\u6f02\u4eae\u8a92 \u4f46\u98df\u7269\u597d\u96e3\u5403",
            "likeCount": 0
        },
        {
            "reply_id": "UgxRCpX01dgRNh5nak54AaABAg",
            "reply_content": "\u7a81\u7136\u89ba\u5f97\u53f0\u7063\u6c11\u5bbf\u771f\u7684\u5f88\u512a\u53c8\u4fbf\u5b9c",
            "likeCount": 0
        },
        {
            "reply_id": "UgwlzukhhU4KqyqkRM14AaABAg",
            "reply_content": "\u7701\u745e\u4e0d\u77e5\u8a72\u5982\u4f55\u5145\u5206\u62cd\u651d\u4ecb\u7d39\u6b64\u6c11\u5bbf\u4e5f\u6c92\u6709\u95dc\u4fc2\uff0c\u56e0\u70ba\u6b64\u6c11\u5bbf\u7684\u4f4f\u5bbf\u4e0d\u4fbf\u554f\u984c\u5be6\u5728\u591a\u5230\u4ee4\u89c0\u5149\u5ba2\u611f\u5230\u7169\u8e81\uff0c\u6240\u4ee5\u7701\u745e\u6709\u53ef\u80fd\u56e0\u6b64\u6253\u6d88\u5145\u5206\u62cd\u651d\u4ecb\u7d39\u6b64\u6c11\u5bbf\u7684\u5ff5\u982d\u4e5f\u662f\u6b63\u5e38\u7684\u4e14\u7701\u745e\u5927\u6982\u4e5f\u53ef\u80fd\u8a8d\u70ba\u6b64\u6c11\u5bbf\u6c92\u6709\u4ec0\u9ebc\u62cd\u651d\u50f9\u503c\uff0c\u5e0c\u671b\u5927\u5bb6\u9858\u610f\u7ad9\u5728\u7701\u745e\u7684\u7acb\u5834\u591a\u52a0\u9ad4\u8ad2\u7701\u745e\u4e5f\u53ef\u80fd\u6709\u7121\u6cd5\u5145\u5206\u62cd\u651d\u7684\u5f71\u97f3\u3002",
            "likeCount": 19
        },
        {
            "reply_id": "UgznxdlAwKOR5wqqPRR4AaABAg",
            "reply_content": "\u6b64\u6c11\u5bbf\u623f\u6771\u7d93\u71df\u7684\u6b64\u6c11\u5bbf\u6709\u592a\u591a\u4ee4\u89c0\u5149\u5ba2\u611f\u5230\u6383\u8208\u7684\u4e0d\u6109\u5feb\u9ad4\u9a57\uff0c\u60f3\u8981\u6709\u6109\u5feb\u4f4f\u5bbf\u9ad4\u9a57\u7684\u89c0\u5149\u5ba2\u516b\u6210\u4e0d\u600e\u9ebc\u9858\u610f\u6210\u70ba\u6b64\u6c11\u5bbf\u623f\u6771\u7684\u623f\u5ba2\u3002",
            "likeCount": 2
        },
        {
            "reply_id": "UgzECkPhuSXdMSOKWDZ4AaABAg",
            "reply_content": "\u6b64\u6c11\u5bbf\u5169\u9593\u6d17\u624b\u9593\u540c\u6642\u4f7f\u7528\u6703\u767c\u751f\u6c34\u58d3\u4e0d\u7d66\u529b\uff0c\u770b\u4f86\u6b64\u6c11\u5bbf\u5169\u9593\u6d17\u624b\u9593\u4e26\u975e\u662f\u5404\u81ea\u7368\u7acb\u7684\u6c34\u58d3\u8a2d\u5099\u800c\u662f\u5171\u7528\u7684\u6c34\u58d3\u8a2d\u5099\u3002",
            "likeCount": 2
        },
        {
            "reply_id": "UgwbmIdWBv8zynzrFmV4AaABAg",
            "reply_content": "\u5728\u6a19\u699c\u4ee5\u4ea8\u5229\u516b\u4e16\u70ba\u4e3b\u984c\u7684\u5730\u65b9\u8fa6\u5a5a\u79ae\uff0c\u6211\u795d\u798f\u5973\u65b9\u5e73\u5b89\u5065\u5eb7",
            "likeCount": 1
        },
        {
            "reply_id": "UgxxoSs3d05LHlIWv1d4AaABAg",
            "reply_content": "\u524d\u9762\u7684\u696d\u914d\u9ec3\u5927\u8b19\u7684\u81c9\u8d85\u597d\u7b11 \u592a\u6709\u6897\u4e86\u54c8\u54c8\u54c8",
            "likeCount": 1
        },
        {
            "reply_id": "UgzU1DLsW6D6jgeA-r54AaABAg",
            "reply_content": "\u96d6\u7136\u6c34\u96fb\u5de5\u89c0\u5149\u5ba2\u7684\u78ba\u8f03\u53ef\u4ee5\u9806\u5229\u89e3\u6c7a\u6b64\u6c11\u5bbf\u591a\u6578\u65e2\u6709\u7684\u4f4f\u5bbf\u4e0d\u4fbf\u554f\u984c\uff0c\u4e0d\u904e\u4e5f\u4e0d\u4ee3\u8868\u6c34\u96fb\u5de5\u89c0\u5149\u5ba2\u5c31\u5fc5\u5b9a\u8981\u5982\u540c\u505a\u529f\u5fb7\u822c\u5354\u52a9\u89e3\u6c7a\u6b64\u6c11\u5bbf\u4efb\u4f55\u4f4f\u5bbf\u4e0d\u4fbf\u554f\u984c\u4e14\u5c31\u7b97\u662f\u6c34\u96fb\u5de5\u89c0\u5149\u5ba2\u4e5f\u53ef\u80fd\u56e0\u6b64\u611f\u5230\u6383\u8208\u3001\u4e0d\u6109\u5feb\u3002",
            "likeCount": 1
        },
        {
            "reply_id": "Ugw7qcynuBovlGr6L9t4AaABAg",
            "reply_content": "\u5982\u679c\u662f\u7701\u745e\u63d0\u5230\u7684\u6c34\u96fb\u5de5\u89c0\u5149\u5ba2\u7684\u78ba\u8f03\u53ef\u4ee5\u9806\u5229\u89e3\u6c7a\u6b64\u6c11\u5bbf\u591a\u6578\u65e2\u6709\u7684\u4f4f\u5bbf\u4e0d\u4fbf\u554f\u984c\u3002",
            "likeCount": 1
        },
        {
            "reply_id": "Ugwc-3vE0TDjKZr9MTJ4AaABAg",
            "reply_content": "\u6b64\u6c11\u5bbf\u6709\u591a\u6578\u6905\u5b50\u662f\u58de\u7684\uff0c\u770b\u4f86\u6b64\u6c11\u5bbf\u623f\u6771\u4e26\u4e0d\u6015\u623f\u5ba2\u4f7f\u7528\u58de\u7684\u6905\u5b50\u6703\u767c\u751f\u4e0d\u5fc5\u8981\u7684\u4e8b\u6545\u3002",
            "likeCount": 1
        },
        {
            "reply_id": "UgxXqmzbTjAwiuZSBkp4AaABAg",
            "reply_content": "\u6b64\u6c11\u5bbf\u6709\u5169\u9593\u623f\u9593\u7684\u7a97\u6236\u58de\u4e86\uff0c\u770b\u4f86\u6b64\u6c11\u5bbf\u623f\u6771\u4e26\u4e0d\u6015\u81ea\u5df1\u7d93\u71df\u7684\u6c11\u5bbf\u906d\u5230\u975e\u6cd5\u5165\u4fb5\u4e8b\u4ef6\u3002",
            "likeCount": 1
        },
        {
            "reply_id": "UgxEgNoW5cbPVZz9G3p4AaABAg",
            "reply_content": "\u6b64\u6c11\u5bbf\u6c92\u6709\u63d0\u4f9b\u6c90\u6d74\u4e73\u7d66\u623f\u5ba2\u6de8\u8eab\u4f7f\u7528\uff0c\u770b\u4f86\u6b64\u6c11\u5bbf\u623f\u6771\u4e26\u4e0d\u6015\u81ea\u5df1\u6703\u805e\u5230\u623f\u5ba2\u8eab\u4e0a\u50b3\u4f86\u6c92\u6709\u6e05\u6f54\u4e7e\u6de8\u7684\u7570\u5473\u3002",
            "likeCount": 1
        },
        {
            "reply_id": "UgxX6a9QqTtBso5zG9V4AaABAg",
            "reply_content": "\u6b64\u6c11\u5bbf\u96fb\u68af\u6545\u969c\u7121\u6cd5\u4f7f\u7528\u5c0e\u81f4\u623f\u5ba2\u5fc5\u9808\u8d70\u6a13\u68af\uff0c\u770b\u4f86\u6b64\u6c11\u5bbf\u623f\u6771\u60f3\u4ee5\u6b64\u65b9\u5f0f\u4f86\u8a13\u7df4\u623f\u5ba2\u7684\u9ad4\u80fd\u3002",
            "likeCount": 1
        },
        {
            "reply_id": "UgxM3ugALkpbubBBwkp4AaABAg",
            "reply_content": "\u7e3d\u7d71\u5957\u623f\u9084\u662f\u5728\u95a3\u6a13\u5c16\u5c16\u7684\u5730\u65b9\u4e5f\u592a\u5931\u671b\u4e86\uff01",
            "likeCount": 0
        }
    ]
}