{
    "channel": {
        "title": "\u5343\u5343\u9032\u98df\u4e2d",
        "id": "UC9i2Qgd5lizhVgJrdnxunKw",
        "customUrl": "@chienseating",
        "uploads": "UU9i2Qgd5lizhVgJrdnxunKw"
    },
    "videos": [
        {
            "id": "6VDtmspOcVc",
            "title": "\u91ac\u87f9\u56db\u7a2e\u5403\u6cd5\ud83e\udd80 \u5927\u5bb6\u6562\u5403\u91ac\u87f9\u55ce\uff1f#\u91ac\u87f9 #\uac04\uc7a5\uac8c\uc7a5 #\u5343\u5343\u9032\u98df\u4e2d"
        },
        {
            "id": "FgTKQTe0Ofc",
            "title": "\u3010\u5343\u5343\u9032\u98df\u4e2d\u3011\u91ac\u87f9\u5403\u8d77\u4f86"
        },
        {
            "id": "w75EaycgV6M",
            "title": "\u3010\u5343\u5343\u9032\u98df\u4e2d\u3011\u6392\u968a2\u5c0f\u6642\u9996\u723e\u8d85\u592f\u502b\u6566\u8c9d\u679c\u535a\u7269\u9928\uff01\u5403\u7206\u97d3\u570b\u91ac\u87f9\uff01"
        },
        {
            "id": "UAM_LsXlL5s",
            "title": "\u3010\u5343\u5343\u9032\u98df\u4e2d\u3011\u5403\u9903\u5b50\u56c9\uff01\u4eca\u5929\u6c34\u9903\u5403\u8d77\u4f86\uff01"
        },
        {
            "id": "2bqRVGJpvqo",
            "title": "\u3010\u5343\u5343\u9032\u98df\u4e2d\u3011costco\u597d\u5e02\u591a6\u6b3e\u65b0\u54c1\u958b\u7bb1\uff01\u6bd4\u4eba\u751f\u9084\u82e6\u7684\u7126\u7cd6\u5e03\u4e01\uff1f"
        },
        {
            "id": "kHct5iVxy7k",
            "title": "\u600e\u9ebc\u7372\u5f97\u5feb\u6a02\uff1f #\u5403\u8ca8 #foodie"
        },
        {
            "id": "VrRLwHJRio8",
            "title": "\u3010\u5343\u5343\u9032\u98df\u4e2d\u3011 \u5929\u6c23\u8f49\u6dbc\u9084\u4e0b\u96e8\uff01\u9ebb\u6cb9\u716e\u8d77\u4f86\u88dc\u4e00\u6ce2\uff01"
        },
        {
            "id": "r3qEw-w_WbU",
            "title": "\u3010\u5343\u5343\u9032\u98df\u4e2d\u3011\u53f0\u5317\u62c9\u9eb5\u5e97\u63a2\u9ede\uff01\u9054\u4eba\u63a8\u85a6\u540d\u55ae\uff01\u7537\u795e\u99d5\u5230 (feat.\u9673\u67cf\u9716)"
        },
        {
            "id": "O08UK27vB_M",
            "title": "\u3010\u5343\u5343\u9032\u98df\u4e2d\u3011 \u6c34\u6c34\u7076\u5496\u96d911\u8cfc\u7269\u7bc0 #YouTube\u966a\u4f60\u8cb7"
        },
        {
            "id": "CUF0hLCDbmA",
            "title": "\u963f\u90e8\u746a\u5229\u4e9e\u4f86\u4e86\uff0111th hour\u4e00\u8d77\u5403\u65e5\u5f0f\u6599\u7406\uff01"
        },
        {
            "id": "2WvBGRNKEhk",
            "title": "\u3010\u5343\u5343\u9032\u98df\u4e2d\u3011\u79c1\u85cf\u611b\u5e97\u5927\u516c\u958b\uff01\u8d85\u9053\u5730\u9999\u6e2f\u725b\u8169\u9eb5\u3001\u597d\u5403\u5230\u7ffb\u767d\u773c\u7684\u9eb5\u5305\u5e97\uff1f\u5feb\u7b46\u8a18\u6536\u85cf\uff01"
        },
        {
            "id": "L7Vfzzw25oA",
            "title": "\u9ed1\u76aeHALLOWEEN\uff01\u9ed1\u7f75\u7f75\u6574\u96bb\u5403\u8d77\u4f86\uff01\u842c\u8056\u7bc0\u9ed1\u76ae\u6574\u96bb\u96de\u6d3e\u5c0d\u9910"
        },
        {
            "id": "GBus_M3lB6E",
            "title": "\u3010\u5343\u5343\u9032\u98df\u4e2d\u3011\u9577\u5f97\u8ddf\u5343\u5343\u4e00\u6a23\uff0c\u80c3\u7684\u5bb9\u91cf\u4e5f\u6703\u4e00\u6a23\uff1f\u6c34\u9903PK\u5403\u8d77\u4f86\uff01\u842c\u8056\u7bc0\u649e\u81c9\u610f\u5916\u627e\u5230\u5931\u6563\u591a\u5e74\u7684\u59d0\u59b9\uff1f\uff01\u5343\u7684\u591a\u91cd\u5b87\u5b99"
        },
        {
            "id": "q4a2PDFVTOc",
            "title": "\u97d3\u570b\u76f4\u64ad\u4e2d\uff01\u5feb\u6a02\u5403\u8d77\u4f86\uff01\u5e0c\u671b\u7db2\u8def\u5920\u529b\uff01"
        },
        {
            "id": "LwY8TFXs2_o",
            "title": "\u3010\u5343\u5343\u9032\u98df\u4e2d\u30112023\u6ce1\u9eb5\u6392\u884cTop10\uff01\u53f0\u7063\u4eba\u6700\u611b\u7684\u6ce1\u9eb5\u958b\u7bb1\uff01\u4e00\u53e3\u6c23\u5403\u5341\u7897\uff01"
        },
        {
            "id": "o5xXs6yKVQg",
            "title": "\u70e4\u96de\u6574\u96bb\u5403\u8d77\u4f86\uff01\u5168\u5bb6\u751c\u9ede\u958b\u7bb1\uff01"
        },
        {
            "id": "4aZN7wiN7D4",
            "title": "\u3010\u5343\u5343\u9032\u98df\u4e2d\u3011\u8001\u9955\u5fc5\u5403\u5ef6\u4e09\u591c\u5e02\uff01\u7c73\u5176\u6797\u5fc5\u6bd4\u767b\u4e00\u7d1a\u6230\u5340\uff0c\u5927\u540c\u5340\u4eba\u7684\u7076\u5496\u5c0f\u5403\u63a7\u7684\u5929\u5802\uff01"
        },
        {
            "id": "0_iTYTsJLw8",
            "title": "\u5168\u806f&\u7f8e\u797f\u751c\u9ede\uff0c\u9023\u5047\u4e00\u8d77\u4f86\u958b\u7bb1\uff01"
        },
        {
            "id": "x0D7J2zKH4Y",
            "title": "\u3010\u5343\u5343\u9032\u98df\u4e2d\u3011\u7b2c\u4e00\u5c46\u5343\u5343\u76c3\u624b\u6416\u738b\u5c0d\u6c7a\uff01\u958b\u7bb1\u5925\u4f34\u63a8\u85a6\u6700\u611b10\u676f\u624b\u6416\uff01\u8ab0\u662f\u5343\u5343\u5fc3\u4e2d\u7b2c\u4e00\u540d\uff1f"
        },
        {
            "id": "HUtamvIzN8M",
            "title": "\u3010\u661f\u7403\u98fd\u80c3\u968a\u3011\u6fc0\u6230\u6d88\u9632\u731b\u7537\uff01\u7121\u5e95\u6d1e\u5927\u80c3\u5c0d\u6c7a\uff01\u52dd\u8ca0\u51fa\u4e4e\u610f\u6599\uff1f(feat.\u65b0\u5317\u6d88\u9632\u767c\u723e\u9eb5\u3001\u4fc4\u7f85\u65af\u4f50\u85e4\u3001\u6728\u661f\u3001\u827e\u5609) @russiansato"
        },
        {
            "id": "6fGsBnpb94Q",
            "title": "\u6625\u5ddd\u8fa3\u7092\u96de\uff01\u8525\u96de\u6e6f\u3001\u96de\u7fc5\uff01\u7c21\u6613\u96de\u6599\u7406\u4e0a\u684c\u56c9\uff01\u4eca\u5929\u7a76\u7adf\u6703\u4e0d\u6703\u8df3\u96fb\u5462\uff1f"
        },
        {
            "id": "M-AFMEnQk5A",
            "title": "\u76ae\u86cb\u8fa3\u62cc\u9eb5\u5403\u8d77\u4f86\uff01\u592a\u5feb\u6a02\u4e86\u5427\uff01ft.\u5168\u5bb6&\u6c34\u6c34\u7076\u5496"
        },
        {
            "id": "OEp1f0SeDqc",
            "title": "\u3010\u5343\u5343\u9032\u98df\u4e2d\u3011costco\u597d\u5e02\u591a2023\u8a71\u984c\u5546\u54c1\uff01\u5728\u5bb6\u4e5f\u80fd\u505a\u7126\u7cd6\u5e03\u4e01\uff1f\u7db2\u53cb\u63a8\u85a6\u4e03\u6b3e\u4e00\u5b9a\u8981\u5617\u8a66\u770b\u770b\uff01"
        },
        {
            "id": "JRPyrj6p2qg",
            "title": "\u9178\u8fa3\u7c89\u4e94\u4eba\u4efd\u8fce\u63a5\u79ae\u62dc\u4e00\uff01"
        },
        {
            "id": "VifWeua6-Lw",
            "title": "\u3010\u5343\u5343\u9032\u98df\u4e2d\u3011\u50b3\u805e\u4e2d\u6700\u9802\u7684\u570b\u8ecd\u4f19\u98df\u6709\u591a\u53b2\u5bb3\uff1f\u725b\u6392\u9f8d\u8766\u7aef\u4e0a\u684c\uff1f\u7a7a\u8ecd\u9910\u5ef3\u958b\u7bb1\uff01"
        }
    ]
}