{
    "channel": {
        "title": "Psyman \u585e\u9580",
        "id": "UCETKJquzRBMqvRPJru5_SHw",
        "customUrl": "@psyman4835",
        "uploads": "UUETKJquzRBMqvRPJru5_SHw"
    },
    "videos": [
        {
            "id": "bMzndrKn9ZA",
            "title": "\u9b54\u9b3c\u7684\u8a08\u8b00(\u4e0b)\uff5c\u76e3\u7344\u4fdd\u96aa\u7bb1\u5bc6\u78bc\u7d42\u65bc\u89e3\u958b\uff01\u7d42\u6975\u5927\u79d8\u5bf6\u516c\u958b\uff01\u6cb3\u932b\u8fb0\u795e\u7d1a\u64cd\u4f5c\u9023\u968a\u53cb\u90fd\u9a19\uff01\u8cfd\u5f8c\u734e\u91d1\u53bb\u8655\u5927\u516c\u958b\uff5cPSYMAN\u585e\u9580"
        },
        {
            "id": "MNFNq8WoxEw",
            "title": "\u592a\u96d6\u5c0f\u4e86\u5427\uff0c\u5169\u6bb5\u5a5a\u59fb\u90fd\u88ab\u5288\u817f\uff0c\u817f\u9577\u7684\u660e\u660e\u5c31\u662f\u6211\uff5cPSYMAN\u585e\u9580"
        },
        {
            "id": "Ydm9CiLCYC8",
            "title": "\u7576\u6642\u770b\u5230\u9019\u6bb5\u5dee\u9ede\u5728\u87a2\u5e55\u524d\u4e0b\u8dea\uff5cPSYMAN\u585e\u9580"
        },
        {
            "id": "mj9YSu5d8As",
            "title": "\u9b54\u9b3c\u7684\u8a08\u8b00(\u4e2d)\uff5c\u8d85\u795e\u5927\u8166\u96d9\u4eba\u7d44\u628a\u6240\u6709\u4eba\u800d\u5f97\u5718\u5718\u8f49\uff01\u537b\u5927\u7206\u51b7\u9580\u88ab\u79d2\u6bba\uff01\u8ecc\u9053\u8a08\u8b00\u5927\u6210\u529f\uff01\u932b\u8fb0\u518d\u4e5f\u58d3\u6291\u4e0d\u4f4f\u6012\u706b\uff5cPSYMAN\u585e\u9580"
        },
        {
            "id": "O6QbIONovcU",
            "title": "\u9b54\u9b3c\u8a08\u8b00\u6700\u5f37\u8a18\u61b6\u529b\uff01\u4f60\u80fd\u60f3\u50cf\u4ed6\u5df2\u7d9340\u6b72\u4e86\u55ce#shorts #\u9b54\u9b3c\u7684\u8a08\u8b00\uff5cPSYMAN\u585e\u9580"
        },
        {
            "id": "96k8QUW7dgc",
            "title": "\u9b54\u9b3c\u7684\u8a08\u8b00(\u4e0a)\uff5c\u53f2\u4e0a\u6700\u71d2\u8166\u7684\u5be6\u5883\u79c0\uff01\u6b63\u5e38\u4eba\u9023\u904a\u6232\u898f\u5247\u90fd\u770b\u4e0d\u61c2\uff01\u9019\u7fa4\u5929\u624d\u5927\u8166\u537b\u80fd\u73a9\u51fa\u5404\u7a2e\u82b1\u6a23\uff012023\u5e74\u6700\u5f37\u5be6\u5883\u79c0\u767b\u5834\uff01\uff5cPSYMAN\u585e\u9580"
        },
        {
            "id": "HPvgSZpnkog",
            "title": "\u5f9e\u5f97\u610f\u5fd8\u5f62\u5230\u5fb9\u5e95\u7d55\u671b\u53ea\u82b1\u4e8610\u79d2\uff5cPSYMAN\u585e\u9580"
        },
        {
            "id": "ulBBGgGbql8",
            "title": "\u9019\u500b\u812b\u8932\u5b50\u7684\u5f8c\u4f86\u8b8a\u6210YT\u7684\u5143\u8001\u5594#shorts \uff5cPSYMAN\u585e\u9580"
        },
        {
            "id": "lDXeVEgjCkM",
            "title": "\u63a5\u73ed\u4ebaS02\u4e0b\uff5c\u6158\u5230\u54ed\uff01\u70ba\u4e86\u8d0f\u4e0b\u6bd4\u8cfd\u5728\u5927\u8857\u4e0b\u812b\u8932\u5b50\uff01\u60f3\u4e0d\u5230\u9019\u4eba\u5f8c\u4f86\u662fYT\u7684\u5143\u8001\uff01\u751a\u81f3\u8f14\u5c0e\u904ePewdipie\uff01\u7121\u6575\u6230\u795e\u767b\u5834\uff01\u5168\u7a0b\u5212\u6c34\u9760\u8457\u8ce3\u968a\u53cb\u6649\u7d1a\uff01\uff5cPSYMAN\u585e\u9580"
        },
        {
            "id": "s6UWzV-aRdc",
            "title": "\u63a5\u73ed\u4ebaS02\u4e2d\uff5c\u795e\u4ed9\u92b7\u552e\u54e1\uff01\u5c08\u9580\u8aaa\u8b0a\u8ce3\u968a\u53cb\uff01\u6bcf\u6b21\u8aaa\u8b0a\u90fd\u8db3\u4ee5\u6bc0\u6ec5\u6574\u652f\u968a\u4f0d\uff010\u8ca2\u737b\u537b\u9084\u80fd\u6253\u9032\u516b\u5f37\uff01\u9084\u7e3d\u662f\u76f8\u7576\u81ea\u6211\u826f\u597d\uff5cPSYMAN\u585e\u9580"
        },
        {
            "id": "R5G3TV_Dth8",
            "title": "\u4f60\u77e5\u9053\u7f8e\u570b\u7e3d\u7d71\u4e5f\u6709\u5c6c\u65bc\u81ea\u5df1\u7684\u5be6\u5883\u79c0\u55ce\uff1f#\u8ab0\u662f\u63a5\u73ed\u4eba #shorts |\u5be6\u5883\u79c0\u51b7\u77e5\u8b5803\uff5cPSYMAN\u585e\u9580"
        },
        {
            "id": "PS2rlYgK4gA",
            "title": "\u63a5\u73ed\u4ebaS02\u4e0a\uff5c\u6bd4\u8cfd\u7684\u6642\u5019\u53ea\u6703\u6ce1\u599e\uff01\u88ab\u6dd8\u6c70\u4ee5\u5f8c\u9084\u662f\u5728\u6ce1\u599e\uff01\u5be6\u529b\u8d85\u721b\u8b93\u5ddd\u666e\u5fc3\u7d2f\u4e00\u5b63\uff01\u6bcf\u500b\u4eba\u90fd\u8352\u8154\u8d70\u677f\u53ea\u6703\u5435\u67b6\uff5cPSYMAN\u585e\u9580"
        },
        {
            "id": "rWzu6qaUNcU",
            "title": "\u7121\u60c5\u958b\u5674\uff01\u53f2\u4e0a\u770b\u904e\u6700\u5c37\u5c2c\u7684\u5be6\u5883\u79c0\uff01\u6240\u6709\u4eba\u6f14\u6232\u5047\u5230\u7206\uff0c\u5b8c\u5168\u6c92\u6709\u4efb\u4f55\u4e00\u9ede\u8b93\u4eba\u5fc3\u52d5\u611f\u7684\u6200\u611b\u5be6\u5883\u79c0\uff5cPSYMAN\u585e\u9580"
        },
        {
            "id": "2t6KCmI3h78",
            "title": "\u9ad4\u6aa2\u56c9\uff01\u505aYouTube\u4e94\u5e74\u5f8c\u8eab\u9ad4\u5230\u5e95\u8b8a\u591a\u5dee\uff1f\u9ad4\u6aa2\u5b8c\u5c45\u7136\u6709\u4e00\u9805\u6578\u503c\u7206\u70b8\uff01\uff5cPSYMAN\u585e\u9580"
        },
        {
            "id": "oSGATHSZjnE",
            "title": "\u7f75\u6211\u53ef\u4ee5\u4f46\u81f3\u5c11\u7d66\u6211\u500b\u51a0\u8ecd\u5427#shorts \uff5cPSYMAN\u585e\u9580 #\u8d85\u7d1a\u540d\u6a21\u751f\u6b7b\u9b25 #antm"
        },
        {
            "id": "VV37pwuFINw",
            "title": "\u8d85\u6a21C7\uff08\u4e0b\uff09\u4e92\u77aa\uff01\u8e29\u7834\u5c0d\u624b\u88d9\u5b50\uff01\u7576\u6700\u4ec7\u8996\u7684\u5169\u4eba\u4e00\u8d77\u8d70\u6c7a\u8cfd\u53f0\u6b65\uff01\u53ef\u6015\u7684\u6012\u706b\u7a81\u7834\u5929\u969b\uff5cPSYMAN\u585e\u9580"
        },
        {
            "id": "nyOeGJk_C5c",
            "title": "\u5ba3\u793a\u5730\u76e4\u90fd\u7528\u6db2\u9ad4\uff0c\u8d85\u6a21\u6700\u760b\u7684\u5973\u4eba\u4f86\u4e86#shorts \uff5cPSYMAN\u585e\u9580"
        },
        {
            "id": "sbE-t8CMNdM",
            "title": "\u8d85\u6a21C7\uff08\u4e0a\uff09\u96d9\u80de\u80ce\u5171\u540c\u53c3\u8cfd\uff01\u59b9\u59b9\u4e0d\u60dc\u72a7\u7272\u81ea\u5df1\u4e5f\u8981\u8b93\u59ca\u59ca\u6649\u7d1a\uff01\u8d85\u6a21\u8b93\u4eba\u611f\u52d5\u843d\u6dda\u7684\u4e00\u5e55\uff01\uff5cPSYMAN\u585e\u9580"
        },
        {
            "id": "m2ckB8D3dnk",
            "title": "\u63a5\u73ed\u4ebaS01\u4e0b\uff5c\u80fd\u529b\u6975\u721b\u9078\u624b\u88ab\u5ddd\u666e\u4fdd\u9001\u9032\u767d\u5bae\u5de5\u4f5c\uff01\u4e4b\u5f8c\u5c45\u7136\u51fa\u66f8\u72c2\u7f75\u5ddd\u666e\uff01\u7bc0\u76ee\u53f2\u4e0a\u6700\u626f\u7684\u50b3\u5947\u9078\u624b\uff01\u4e0d\u7ba1\u5927\u5bb6\u5728\u600e\u9ebc\u5fd9\u5979\u90fd\u53ea\u60f3\u8457\u5403\u98ef\uff01\uff5cPSYMAN\u585e\u9580"
        },
        {
            "id": "pVNb1a8WIgg",
            "title": "\u6200\u611b\u5be6\u5883\u79c0\u5f8c\u771f\u7684\u6709\u4eba\u7d50\u5a5a\u55ce\uff1f#\u96d9\u5c64\u516c\u5bd3 #\u611b\u5728\u5c71\u6797\u9593 #\u6200\u611b\u5df4\u58eb #shorts |\u5be6\u5883\u79c0\u51b7\u77e5\u8b5802\uff5cPSYMAN\u585e\u9580"
        },
        {
            "id": "5f-yn50Ngd4",
            "title": "\u63a5\u73ed\u4ebaS01\u4e0a\uff5c13\u500b\u9078\u624b\u7121\u60c5\u5f7c\u6b64\u51fa\u8ce3\uff01\u53ea\u70ba\u4e86\u6210\u70ba\u5ddd\u666e\u65d7\u4e0b\u7684\u5e74\u85aa\u5343\u842c\u7e3d\u88c1\uff01\u7d93\u5178\u7684\u5546\u696d\u7af6\u8cfd\u5be6\u5883\u767b\u5834\uff01\u5ddd\u666e\u7684\u6210\u540d\u4e4b\u4f5c\uff5cPSYMAN\u585e\u9580"
        },
        {
            "id": "F-gs6w2tnUE",
            "title": "\u5be6\u5883\u79c0\u5927\u89e3\u5bc6EP2\uff01\u539f\u4f86\u6700\u760b\u72c2\u7684\u90fd\u6c92\u6709\u88ab\u526a\u9032\u7bc0\u76ee\u88e1\uff01\u6aaf\u9762\u4e0a\u4eba\u4eba\u597d\u7684\u6eab\u548c\u9078\u624b\uff0c\u79c1\u5e95\u4e0b\u5c45\u7136\u662f\u500b\u760b\u72c2\u98c6\u7f75\u7684\u66b4\u8e81\u72c2\uff5cPSYMAN\u585e\u9580"
        },
        {
            "id": "CaHVUMyKvN8",
            "title": "\u51fa\u6f14\u5be6\u5883\u79c0\u5230\u5e95\u80fd\u4e0d\u80fd\u8cfa\u9322\uff1f#shorts \uff5c\u5be6\u5883\u79c0\u51b7\u77e5\u8b5801\uff5cPSYMAN\u585e\u9580"
        },
        {
            "id": "tp8qvrqVyv8",
            "title": "\u5be6\u5883\u79c0\u5927\u89e3\u5bc6EP1\uff01\u771f\u6b63\u53c3\u52a0\u904e\u5be6\u5883\u79c0\u7684\u4eba\u4f86\u4e86\uff01Project runway \u79d8\u5bc6\u5927\u516c\u958b\uff01\u666e\u901a\u4eba\u5230\u5e95\u6709\u6c92\u6709\u6a5f\u6703\u53c3\u52a0\u5be6\u79c0\uff1f\uff5cPSYMAN\u585e\u9580"
        },
        {
            "id": "coD5gITiwY4",
            "title": "\u8d85\u6a21C6(\u4e0b)\uff5c\u8d85\u6a21\u6700\u72c2\u9078\u624b\u7389\u59d0\u767b\u5834\uff01\u9802\u649e\u8a55\u5be9\u3001\u89aa\u543b\u87d1\u8782\uff01\u9084\u80fd\u5438\u7c89\u7121\u6578\uff01\u7bc0\u76ee\u4e0a\u6700\u8b93\u4eba\u96e3\u5fd8\u7684\u9078\u624b\uff5cPSYMAN\u585e\u9580"
        }
    ]
}