{
    "channel": {
        "title": "HowFun",
        "id": "UCxUzQ3wu0oJP_8YLWt71WgQ",
        "customUrl": "@howfunofficial",
        "uploads": "UUxUzQ3wu0oJP_8YLWt71WgQ"
    },
    "videos": [
        {
            "id": "61r6JudCN5Y",
            "title": "\u6c92\u9047\u904e\u90a3\u9ebc\u6163\u7684\u8001\u95c6\u6b38 / HowFun"
        },
        {
            "id": "ZXHkrRA1GXI",
            "title": "\u4eca\u5929How\u9592#01 \u6642\u5149\u81a0\u56ca\u53e3\u888b"
        },
        {
            "id": "hqM9KRAqep8",
            "title": "\u77f3\u982d\u4e0d\u8981\u4e82\u4e1f\uff0c\u5c0f\u5fc3\u88ab\u6cb3\u4e2d\u5973\u795e\u6253"
        },
        {
            "id": "toVkAAMGTHs",
            "title": "\u4f60\u7684\u624b\u76f8\u6709\u500b\u6158\u5b57\u3002\u547d\u4e2d\u5e36\u6158\uff0c\u597d\u6158\u554a\u3002"
        },
        {
            "id": "_MoESJ1561Y",
            "title": "\u9577\u5f97\u5c0f\uff0c\u6709\u932f\u55ce\uff1f/ HowFun"
        },
        {
            "id": "AHauMv8hsmc",
            "title": "\u4f60\u5404\u4f4d\u554a\uff01\u6392\u982d\u70ba\u6e96\uff0c\u5411\u53f3\u770b\u9f4a\uff01/ HowFun"
        },
        {
            "id": "YhuxV0HAbtY",
            "title": "\u807d\u8aaa\u9019\u5bb6\u62db\u724c\u6599\u7406\u7206\u5e79\u597d\u5403"
        },
        {
            "id": "4bsWroCsvVQ",
            "title": "\u8eab\u70ba\u7f8e\u98df\u5bb6\uff0c\u7262\u98ef\u90a3\u7a2e\u6771\u897f\u5165\u4e0d\u4e86\u6211\u7684\u53e3 / HowFun"
        },
        {
            "id": "Z3-5wqha1KI",
            "title": "\u597d\u60f3\u4f4f\u5927\u5b89\u5340...\u9019\u88e1\u5df7\u53e3\u7f8e\u98df\u592a\u731b\uff01\u300a\u6211\u5bb6\u5df7\u53e3\u6700\u597d\u5403\u300bEP. 2 \u6c7a\u6230\uff01\u5927\u5b89\u5340\u5df7\u53e3\u7f8e\u98df\uff01"
        },
        {
            "id": "zgKFGWMH-q8",
            "title": "\u6211\u525b\u525b\u624d\u77e5\u9053\u539f\u4f86\u9019\u4e9b\u54c1\u724c\u5168\u90e8\u90fd..."
        },
        {
            "id": "CP8cGNUTQq0",
            "title": "34\u6b72\u5927\u53d4\u8208\u596e\u5230\u958b\u59cb\u8b1b\u53e4\uff01\u958b\u7bb1\u795e\u528d\u95d6\u6c5f\u6e56\u8d85\u5927\u96d5\u50cf / HowFun"
        },
        {
            "id": "i2x0_xD77_c",
            "title": "\u8207\u962e\u7d93\u5929\u62cd\u7247\u7684\u90a3\u4e00\u5929\uff0c\u5973\u540c\u4e8b\u6688\u8239\u4e86 / HowFun"
        },
        {
            "id": "Kv4976HxB1I",
            "title": "\u72d0\u72f8\u600e\u9ebc\u53eb\u554a\uff1f"
        },
        {
            "id": "92mkPVpphcQ",
            "title": "\u8e22\u7206!!! \u4e10\u5e6b\u5e6b\u4e3b\u79c1\u4e0b\u7adf\u5982\u6b64\u6a6b\u884c\u9738\u9053 / HowFun"
        },
        {
            "id": "MoaWMowZE9E",
            "title": "\u963f\u660e\u7a7a\u6709\u4e00\u5f35\u5e25\u81c9\uff0c\u4ec0\u9ebc\u90fd\u4e0d\u6703\u3002/ HowFun"
        },
        {
            "id": "uZZ2h-Iidxo",
            "title": "\u6b77\u53f2\u4e0a\u6700\u5f37\u7684\u4e2d\u4e8c\u75c5\u60a3\u8005 / HowFun"
        },
        {
            "id": "C7g7AvmNI1U",
            "title": "\u4f60\u807d\u904e\u90a3\u500b\u6700\u5f37\u7684\u5b58\u5728\u55ce\uff1f"
        },
        {
            "id": "RH3iLGLgEC0",
            "title": "\u962e\u7d93\u5929\u6c92\u6551\u4e86 / HowFun"
        },
        {
            "id": "lMFdlOtUP8s",
            "title": "\u73ed\u9577\uff01\u73ed\u4e0a\u6709\u5c0f\u5077\uff01\u300a\u5e7c\u5152\u5712\u7562\u5178\u7cfb\u5217\u4e4b2023\u300b/ HowFun"
        },
        {
            "id": "PoD1BPb9aWg",
            "title": "\u4e16\u7d00\u96e3\u984c\uff01\u670b\u53cb\u751f\u65e5\u4e0d\u77e5\u9053\u8981\u9001\u4ec0\u9ebc\uff1f\uff01\u9019\u652f\u5f71\u7247\u4f60\u5fc5\u770b\uff01 / HowFun"
        },
        {
            "id": "-9Bp0VuTufQ",
            "title": "\u9322\u592a\u591a\u89ba\u5f97\u5f88\u91cd\uff1f\u4ea4\u7d66How\u9d3f\uff01/ HowFun"
        },
        {
            "id": "i3IUL4-gIBQ",
            "title": "\u9019\u5c31\u662f\u53f0\u7063\u4eba\u60c5\u5473\uff01\u5e6b\u52a9\u5916\u570b\u4eba\u627e\u5230\u56de\u5bb6\u7684\u8def / HowFun"
        },
        {
            "id": "IELK1Eb4IRA",
            "title": "\u9019\u9ebc\u597d\u7684\u5287\u672c\u600e\u9ebc\u6703\u88ab\u5ee0\u5546\u522a\u4e00\u5806\uff1f / HowFun"
        },
        {
            "id": "7opVzdNpUIk",
            "title": "\u8ca1\u5bcc\u81ea\u7531\u7684\u9214\u80fd\u529b\uff01\u4efb\u6027\u4e0b\u67b6\u4e03\u9f8d\u73e0\u82f1\u96c4\u7a00\u6709\u5361\uff01/ HowFun"
        },
        {
            "id": "WogwqXYL0Hc",
            "title": "\u5728\u5bb6\u88e1\u8981\u4e56\u4e56\u807d\u8a71\uff0c\u7238\u7238\u99ac\u4e0a\u56de\u4f86"
        },
        {
            "id": "abJGZflLU-E",
            "title": "\u8d85\u63ea\u5fc3\uff01\u5728\u5bb6\u88e1\u8981\u4e56\u4e56\u807d\u5abd\u5abd\u7684\u8a71\uff0c\u7238\u7238\u99ac\u4e0a\u56de\u4f86\uff01 / HowFun"
        },
        {
            "id": "8B2bhgMEBiI",
            "title": "\u8d85\u5922\u5e7b\u8490\u85cf\uff01\u6211\u7684\u5bb6\u88e1\u6709\u904a\u6a02\u5712 / HowFun"
        },
        {
            "id": "k2hhoUyz6bA",
            "title": "\u672b\u65e5\u8def\u4e0a\u4e00\u5806\u602a\u4eba\u51fa\u6c92\uff0c\u9023\u6731\u81ea\u6e05\u7684\u6a58\u5b50\u90fd\u88ab\u6436\u3002"
        },
        {
            "id": "2g0DYBNbm4Q",
            "title": "\u4e0d\u53ef\u80fd\u73a9\u5c0f\u5929\u4f7f\u5c0f\u4e3b\u4eba\u5b8c\u5168\u6c92\u4eba\u9001\u6211\u79ae\u7269\u5427\uff1f/ HowFun"
        },
        {
            "id": "NfjNOY2dDFE",
            "title": "How\u54e5\u9762\u5c0d\u8a18\u8005\u8ffd\u554f\u4e0d\u767c\u4e00\u8a9e / HowFun"
        },
        {
            "id": "wdYgtvEzdKk",
            "title": "\u9019\u500b\u662f\u90a3\u500b\u5427"
        },
        {
            "id": "xAaw2WqecPg",
            "title": "\u7334\u5b50\u7ff9\u73ed\u53bb\u5317\u5b9c\u7df4\u5361\u666e"
        },
        {
            "id": "OsyJ4BsAgc4",
            "title": "\u6253\u7834\u6642\u9593\u8207\u7a7a\u9593\u9650\u5236\u7684\u795e\u7269 / HowFun"
        },
        {
            "id": "u6IDjU8j3mU",
            "title": "\u5713\u5922\uff01\u6211\u53bb\u5e6b\u881f\u7b46\u5c0f\u65b0\u96fb\u5f71\u7248\u914d\u97f3\u5566\uff5e/ HowFun"
        },
        {
            "id": "iwmfmj1QmE4",
            "title": "\u626e\u5973\u88dd\u53ea\u6709\u96f6\u6b21\u548c\u7121\u9650\u6b21 / HowFun"
        },
        {
            "id": "C91958iyNuw",
            "title": "\u592a\u71b1\u4e86\u5427 / HowFun"
        },
        {
            "id": "W_RYZaUsEiY",
            "title": "PHASING"
        },
        {
            "id": "5r90lmE_d5g",
            "title": "\u9019\u7d44\u592a\u5e25...LEGO Batcave Shadow Box \u958b\u7bb1\uff01"
        },
        {
            "id": "Qfj0-Rv0i4c",
            "title": "10\u500b\u5440"
        },
        {
            "id": "-ZZeDxT6hj8",
            "title": "\u6211\u7d42\u65bc\u898b\u5230\u6211\u7684\u795e\u4e86...\u6050\u6016\u5927\u5e2b\u4f0a\u85e4\u6f64\u4e8c\u4f86\u5566\uff01 / HowFun"
        },
        {
            "id": "mX_Dq4iM1jQ",
            "title": "\u963f\u660e\u7684\u9752\u6625\u671f\u7169\u60f1 / HowFun"
        },
        {
            "id": "NWsHC_qUsAY",
            "title": "\u807d\u597d\u4e86\u8def\u4eba\uff01\u53ea\u5b78\u4e00\u500b\u6708\u7684\u85a9\u514b\u65af\u98a8\u80fd\u5728\u8857\u982d\u52df\u5230\u9322\u55ce\uff1f\u3010How Can You Do That\u3011Ep08 \u85a9\u514b\u65af\u98a8\u7684\u4e00\u500b\u6708\u6311\u6230\uff08\u4e0b\u96c6\uff09"
        },
        {
            "id": "QVsKzerMt7w",
            "title": "\u6211\u662f\u795e\u660e / HowFun"
        },
        {
            "id": "IoVWJ7MfSwE",
            "title": "HowHow\u7684\u6700\u7d42\u6311\u6230\uff01\u7528\u85a9\u514b\u65af\u98a8\u5439\u51fa\u67ef\u5357\u7684\u72af\u4eba\u9001\u7d42\u66f2\uff01\u3010How Can You Do That\u3011Ep08 \u85a9\u514b\u65af\u98a8\u7684\u4e00\u500b\u6708\u6311\u6230\uff08\u4e0a\u96c6\uff09"
        },
        {
            "id": "itKZPWeSjiA",
            "title": "\u6c92\u6771\u897f\u5403\u9084\u6562\u53eb\u6211\u958b\u53e3\u554a\uff1f / HowFun"
        },
        {
            "id": "ZprqsUnOmzM",
            "title": "\u6211\u6703\u88abAI\u81ea\u52d5\u751f\u6210\u7b11\u6b7b / HowFun"
        },
        {
            "id": "IdwiZ906U4Y",
            "title": "\u4f10\u4f10\u4f10\u4f10\u6728\u5de5 / HowFun"
        },
        {
            "id": "OAqIYcfbAVI",
            "title": "\u771f\u30fb\u54e1\u5de5\u65c5\u904a\uff01HowFun\u5718\u968a\u51fa\u570b\u6ed1\u96ea\u56c9\uff5e"
        },
        {
            "id": "pWpsCE_f5OU",
            "title": "\u54c8\uff5e\uff5e\uff5e\uff5e\uff5e\uff5e/ HowFun"
        },
        {
            "id": "OzhTJwZKPFQ",
            "title": "\u6211\u53ea\u662f\u60f3\u5ff5\u500b\u7d93 / HowFun"
        },
        {
            "id": "C01nqEaebhQ",
            "title": "\u5feb\u5230\u4ee5\u70ba\u5f71\u7247\u958b\u5169\u500d\u901f\uff01\u6311\u6230\u53f0\u7063\u7684\u4e16\u754c\u51a0\u8ecd\uff01\u3010How Can You Do That\u3011Ep07 \u7af6\u6280\u758a\u676f\u7684\u4e00\u9031\u6311\u6230"
        },
        {
            "id": "WBfRQ3XNJi0",
            "title": "\u4e0dNG\u4e00\u53e3\u6c23\u8b1b85\u500b\u5b57\u597d\u96e3..."
        },
        {
            "id": "2rT-GgLOmqw",
            "title": "\u81ed\u7b28\u8c93\u4e0d\u8981\u4e82\u78b0\u5566\uff01/ HowFun"
        },
        {
            "id": "onDcqMEM4fE",
            "title": "\u7528\u64b2\u514b\u724c\u5c04\u65b7\u5c0f\u9ec3\u74dc\uff1f\u8d70\u8df3\u6c5f\u6e56\u5c31\u9760\u9019\u62db\u5fc5\u6bba\u6280\uff01\u3010How Can You Do That\u3011Ep06 \u5c04\u724c\u7684\u4e00\u9031\u6311\u6230"
        },
        {
            "id": "XYySuGvWnRo",
            "title": "\u5973\u751f\u4e0a\u5ec1\u6240\u7684\u6f5b\u898f\u5247 / HowFun"
        },
        {
            "id": "WrqC9GZrM_M",
            "title": "\u62f3\u64ca\u65b0\u624b\u53ef\u4ee5\u50cf\u6f2b\u756b\u89d2\u8272\u4e00\u6a23\u63a7\u5236\u81ea\u5df1\u6253\u51fa\u5e7e\u6210\u7684\u529b\u55ce\uff1f"
        },
        {
            "id": "oYv3qxm6Vj8",
            "title": "\u6d77\u99acHow\u793e\u9577\u958b\u7bb1\u9752\u773c\u7a76\u6975\u9f8d\u5566 / HowFun"
        },
        {
            "id": "HDfzwWcpD20",
            "title": "10\u79d2\u9418\u5531120\u500b\u5b57?! \u6211\u8981\u6210\u70baRAP\u5927\u5e2b! ft. \u718a\u4ed4 \u3010How Can You Do That\u3011Ep05 RAP\u7684\u4e00\u9031\u6311\u6230"
        },
        {
            "id": "-djQ95J9N48",
            "title": "\u501f\u592a\u591a\u66f8\u4e86 / HowFun"
        },
        {
            "id": "JnCvWhj7-Bg",
            "title": "\u7528\u771f\u7684\u6b66\u58eb\u5200\u505a\u65ac\u64ca\u6c92\u6709\u60f3\u50cf\u7c21\u55ae"
        },
        {
            "id": "bfQfxQQiU5U",
            "title": "\u7b11\u6b7b\u5718\u968a\u6709\u4eba\u81c9\u4e0d\u898b"
        },
        {
            "id": "fPQNXLCin1A",
            "title": "\u5147\u624b\u5c31\u662f\u4f60\u5011\uff01\u6311\u6230\u628a\u67ef\u535729\u5e74\u4f86\u5168\u90e8\u5147\u624b\u7684\u540d\u5b57\u80cc\u8d77\u4f86\u3010How Can You Do That\u3011Ep04 \u67ef\u5357\u7684\u4e00\u9031\u6311\u6230"
        },
        {
            "id": "r7xYCcORWy4",
            "title": "\u8001\u516c\u64fa\u721b= = \u6211\u9700\u8981\u6d88\u5316\u4e00\u4e0b / HowFun"
        },
        {
            "id": "8n26Yjy9qHQ",
            "title": "\u8840\u6c57\uff01\u7f8e\u570b\u4eba\u5728\u7761\u89ba\u7684\u6642\u5019\uff0c\u53f0\u7063\u4eba\u90fd\u5728\u5de5\u4f5c\uff1f\uff01/ HowFun"
        },
        {
            "id": "6R5Z6J4gmQE",
            "title": "\u6700\u5371\u96aa\u7684\u6311\u6230\uff01\u7528\u771f\u7684\u6b66\u58eb\u5200\u65ac\u64ca\uff01\u3010How Can You Do That\u3011Ep03 \u62d4\u5200\u9053\u7684\u4e00\u9031\u6311\u6230"
        },
        {
            "id": "8rlLpMMeoDM",
            "title": "\u6211\u6bcf\u5929\u90fd\u5728\u6417\u85e5 / HowFun"
        },
        {
            "id": "5wq6jQN2cIg",
            "title": "\u6b50\u6d32\u4ebaHow\u54e5\u73a9\u5bf6\u53ef\u5922\u52a0\u50b2\u6a02"
        },
        {
            "id": "oxg3jYdQ5EM",
            "title": "\u81ea\u7531\u7684\u5927\u4eba\uff01\u591a\u5c11\u9322\u90fd\u82b1\uff01\u6211\u8981\u6293\u5230\u5168\u90e8\u7684\u5bf6\u53ef\u5922 / HowFun"
        },
        {
            "id": "boZnPHUrkjc",
            "title": "\u535a\u6069\u7684\u86cb\u86cb\u7834\u6389\u4e86 / HowFun"
        },
        {
            "id": "GoCQVnzhxvU",
            "title": "\u90a3\u500b\u4f7f\u51fa\u8ff4\u8f49\u9b54\u661f\u7684\u7537\u4eba\uff01\u3010How Can You Do That\u3011Ep02 \u6e9c\u6e9c\u7403\u7684\u4e00\u9031\u6311\u6230"
        },
        {
            "id": "-43DJyoYhYY",
            "title": "\u96fb\u5f71\u4e0d\u60f3\u88ab\u522a\u6232\u4efd\u600e\u9ebc\u8fa6"
        },
        {
            "id": "u_CYtrgjss0",
            "title": "\u723d\u5566\uff01\u8e29\u5230\u72d7\u5c4e\u904b\uff01/ HowFun"
        },
        {
            "id": "9FBwQOpb-kc",
            "title": "\u6311\u6230\u4e00\u9031\u6210\u70ba\u4e00\u62f3350\u78c5\u7684\u7537\u4eba\uff01\u3010How Can You Do That\u3011Ep01 \u62f3\u64ca\u7684\u4e00\u9031\u6311\u6230"
        },
        {
            "id": "_Ka-Ofu0Dvc",
            "title": "\u70b8\u88c2\u9673\u5b5c\u660a"
        },
        {
            "id": "N47ArVqGWzU",
            "title": "\u88fd\u4f5c\u7378\u5a18\u6709\u9019\u9ebc\u96e3\u55ce\uff1f"
        },
        {
            "id": "6KRxO540Nvo",
            "title": "\u53f2\u4e0a\u6700\u56f0\u96e3\u7684\u5bc6\u5ba4\u9003\u812b / HowFun"
        },
        {
            "id": "fkI8wEsOxAU",
            "title": "\u5077\u7d04\u6c92\u6709\u627e\u67ef\u9707\u6771 / HowFun"
        },
        {
            "id": "POpYqKMSwf4",
            "title": "HowFun\u6625\u9152\u62bd\u734e\u56c9"
        },
        {
            "id": "p_KooDE68Ik",
            "title": "\u8207\u6797\u67cf\u5b8f\u62cd\u651d\u7684\u90a3\u4e00\u5929\uff0c\u5973\u540c\u4e8b\u6200\u611b\u4e86 / HowFun"
        },
        {
            "id": "DLU6KWhrmuM",
            "title": "\u8001\u95c6\u88ab\u540c\u4e8b\u55c6\u5230\u73bb\u7483\u5fc3\u788e"
        },
        {
            "id": "plq5GGzM5OU",
            "title": "\u8ecd\u71df\u7684\u901a\u95dc\u5bc6\u8a9e!\u8ab0\u5728\u54ea\u88e1\u505a\u4ec0\u9ebc?!"
        },
        {
            "id": "KKdFB_4UB8o",
            "title": "\u7b11\u6b7b\u6211\u505a\u51fa\u7378\u5a18\u4e86 / HowFun"
        },
        {
            "id": "v6d7mc_iUvI",
            "title": "\u6211\u5bb6\u9694\u58c1\u963f\u59e8\u7684\u521d\u6200"
        },
        {
            "id": "aYsNN4Jh4qc",
            "title": "\u6211\u4e0d\u5c0f\u5fc3\u990a\u4e86\u4e00\u96bb\u9f8d / HowFun"
        },
        {
            "id": "KzIF6MMFedw",
            "title": "\u706b\u70e4How\u54e5\u5927\u8cfd\uff0c\u73bb\u7483\u5fc3\u788e\u6eff\u5730 / HowFun"
        },
        {
            "id": "b4uN-FFHtWY",
            "title": "\u3010\u5be6\u6cc1\u3011HowFun\u624b\u727d\u624b\u3001\u80a9\u4e26\u80a9\uff01\u4e00\u8d77\u98c4\u79fb\u6d77\u653e\u5c0d\u65b9\uff01"
        },
        {
            "id": "F-8oX-DubtM",
            "title": "\u7ad9\u4f4f\uff01\u53e3\u4ee4\uff01\u8ab0\uff01\uff01\uff01 / HowFun"
        },
        {
            "id": "Xltc6WtsGJg",
            "title": "\u3010\u76f4\u64ad\u3011How\u54e5\u5e6b\u4f60\u627e\u56de\u521d\u6200"
        },
        {
            "id": "5MQc7f3r6BY",
            "title": "\u9694\u58c1\u963f\u59e8\u7684\u521d\u6200 / HowFun"
        },
        {
            "id": "Rw1-n0lhqQQ",
            "title": "\u8fea\u58eb\u5c3c100\u9031\u5e74\uff0c\u932f\u904e\u9019\u6b21\u518d\u7b49100\u5e74\uff01 / HowFun"
        },
        {
            "id": "weYl9Ao1KHg",
            "title": "\u64bf\u7d05\u5305\u51a5\u5a5a\u771f\u7684\u5f88\u958b\u5fc3..."
        },
        {
            "id": "TIW13LcZJ88",
            "title": "\u56e0\u70ba\u6211\u662f\u771f\u7537\u4eba / HowFun"
        },
        {
            "id": "Hkc8ptRvmcY",
            "title": "\u4e00\u5929\u4e00\u584a\u9322\uff0c\u5feb\u6a02\u5230\u5347\u5929 / HowFun"
        },
        {
            "id": "W2mY_l5DQP8",
            "title": "\u73ed\u4e0a\u4f86\u4e86\u53ea\u7a7f\u6cf3\u88dd\u7684\u8f49\u5b78\u751f"
        },
        {
            "id": "4ai-ch7TPF8",
            "title": "\u4e2d\u4e8c\u75c5\u5927\u53d4"
        },
        {
            "id": "myPDotS6Pvo",
            "title": "\u8ddf\u6797\u67cf\u5b8f\u51a5\u5a5a / HowFun"
        },
        {
            "id": "WFxj2xqCK6g",
            "title": "\u554a\u90fd\u6c92\u4eba\u966a\u6211\u8df3\u821e\u7345\u5594? / HowFun"
        },
        {
            "id": "tqL_74rmH4s",
            "title": "\u5a5a\u79ae\u6b63\u78ba\u6392\u684c\u4f4d\u79d8\u6280"
        },
        {
            "id": "qEu0UDZXP2A",
            "title": "\u8001\u5e2b\u4f60\u600e\u9ebc\u5f4e\u4e0b\u8170\u4e86? / HowFun ft. RJ\u5ec9\u5091\u514b\u66fc @jaychang0127"
        },
        {
            "id": "-UBSCaTo7h0",
            "title": "\u4e2d\u4e8c\u75c5\u8001\u95c6\u6c92\u6551\u4e86 / HowFun"
        }
    ]
}