{
    "video_info": {
        "id": "16tvTv61Nko",
        "channelTitle": "Onion Man",
        "title": "Onion Man | \u5230\u7f8e\u570b\u6cbb\u5b89\u6975\u5dee\u5730\u5340!! \u7576\u8857\u990a\u5927\u86c7?  \u6eff\u8857\u6bad\u5c4d\u548c\u5e33\u68da?  \u642d\u6551\u8b77\u8eca\u7adf\u89816\u842c\u53f0\u5e63? @JBao  @huzi1989",
        "description": "\u9019\u6b21\u6574\u7406\u4e86LA\u6cbb\u5b89\u8ddf\u91ab\u7642\u7684\u554f\u984c\n\n\u3010\u8a02\u95b1\u3011\u53ca\u89c0\u770b\u6d0b\u8525\u66f4\u591a\u5f71\u7247: https://goo.gl/ijP3Eb\n\n\u5de5\u4f5c\u5408\u4f5c\uff1aonionmanwork@gmail.com\nOnion Man \u767e\u842c\u8ffd\u8e64\u7c89\u7d72\u5718:goo.gl/Z5CSvw\n\n\u6700\u65b0\u963f\u6587\u8cbc\u5716:https://reurl.cc/GxYjA\n\n\u7b2c\u4e00\u4ee3\u963f\u6587line\u8cbc\u5716:https://reurl.cc/Wroxx\n\n\u6d0b\u8525\u79c1\u751f\u6d3bIG:https://www.instagram.com/onionman__/\n\n\n\u904b\u52d5\u6f2b\u756b\u88e1\u7684\u4e2d\u4e8c\u8001\u6897\u5287\u60c5\n\u25ba\u7b2c\u4e00\u96c6:https://youtu.be/cMoV1rPH35k\n\u25ba\u7b2c\u4e8c\u96c6:https://youtu.be/iW7LM00lny0\n\u25ba\u7b2c\u4e09\u96c6:https://youtu.be/2G5wu61uCM0\n\u25ba\u7b2c\u56db\u96c6:https://youtu.be/-rP1abYv8n4\n\nOnion Man \u95dc\u9375\u5b57:\n\u4e2d\u4e8c \u80a5\u5b85 \u55ae\u8eab\u6f22 \u55ae\u8eab \u9b6f\u86c7 \u5c4c\u7d72 \u80a5\u5b85",
        "likeCount": "5255",
        "commentCount": "420",
        "viewCount": "346915"
    },
    "comments": [
        {
            "reply_id": "UgyWBT-x9fUPd9KUZUx4AaABAg",
            "reply_content": "\u7f8e\u570b\u7684\u6cbb\u5b89\u548c\u91ab\u7642\u771f\u7684\u662f\u8b93\u4eba\u66f4\u52a0\u89ba\u5f97\u751f\u5728\u53f0\u7063\u5f88\u5e78\u798f\u4e86\ud83d\udc4f",
            "likeCount": 24
        },
        {
            "reply_id": "Ugyapfj6mDRWSnhZVup4AaABAg",
            "reply_content": "\u771f\u7684\u8981\u597d\u597d\u73cd\u60dc\u53f0\u7063\u7684\u5065\u4fdd\u554a",
            "likeCount": 7
        },
        {
            "reply_id": "UgyEvGuiSZRs59KOQpJ4AaABAg",
            "reply_content": "\u91ab\u7642\u771f\u7684\u8cb4\u7206\u2026\u96e3\u602a\u5916\u570b\u4eba\u4f86\u53f0\u7063\u90fd\u5927\u8b9a\u53f0\u7063\u7684\u91ab\u7642",
            "likeCount": 1
        },
        {
            "reply_id": "UgzCfObaprgdBH6U-Sl4AaABAg",
            "reply_content": "\u70ba\u4ec0\u9ebc\u6211\u4e00\u76f4\u4ee5\u70ba\u85cd\u53ef\u5152\u767c\u751f\u5728\u9999\u6e2f",
            "likeCount": 0
        },
        {
            "reply_id": "UgzRV0zOH8oExl2iaSN4AaABAg",
            "reply_content": "\u7f8e\u570b\u7684\u91ab\u7642\u7cfb\u7d71\u771f\u7684\u5b8c\u5168\u6559\u6211\u50bb\u773c",
            "likeCount": 0
        },
        {
            "reply_id": "UgwK4O2eRVdoX6xTr_x4AaABAg",
            "reply_content": "\u64da\u6211\u6240\u77e5\u7f8e\u8b66\u90fd\u662f\u4e00\u4eba\u914d\u4e00\u8eca\u9019\u6a23\ud83e\udd23\u6240\u4ee5\u770b\u5230\u5f88\u591a\u8b66\u8eca\u5c31\u662f\u8d95\u4f86\u652f\u63f4\u5176\u5be6\u4eba\u6c92\u6709\u90a3\u9ebc\u591a",
            "likeCount": 0
        },
        {
            "reply_id": "Ugw6xwovf3WhMdHVZDN4AaABAg",
            "reply_content": "\u770b\u5b8c\u6d0b\u8525\u7684\u5f71\u7247\u6211\u4e5f\u9577\u898b\u8b58\u4e86",
            "likeCount": 0
        },
        {
            "reply_id": "UgyIidLbdLmyOLjFohl4AaABAg",
            "reply_content": "\u6211\u4f4f\u4e09\u91cd\u7684\u8a71\u665a\u4e0a\u4e0d\u6562\u51fa\u9580\u6563\u6b65",
            "likeCount": 0
        },
        {
            "reply_id": "UgyKFadbvLY6IMNLArd4AaABAg",
            "reply_content": "\u88ab\u6a39\u7838\u5230\u90a3\u500b\uff0c\u61c9\u8a72\u53ef\u4ee5\u8ddf\u5e02\u653f\u5e9c\u8981\u6c42\u7406\u8ce0\u7684",
            "likeCount": 0
        },
        {
            "reply_id": "Ugz2S3YmaZOU8fak6154AaABAg",
            "reply_content": "\u53bb\u7f8e\u570b\u8eab\u4e0a\u8981\u5e36\u9ede\u73fe\u91d1\u88ab\u6436\u7684\u6642\u5019\u7d66\u73fe\u91d1\u4ed6\u5c31\u6703\u653e\u4eba\u4e86",
            "likeCount": 0
        },
        {
            "reply_id": "UgwUVlY9ABK4GYp4dVx4AaABAg",
            "reply_content": "\u770b\u4e86\u7f8e\u570b\u7684\u91ab\u7642\u9ad4\u7cfb\uff0c\u771f\u5fc3\u89ba\u5f97\u53f0\u7063\u4eba\u771f\u7684\u6d3b\u5728\u5929\u5802",
            "likeCount": 0
        },
        {
            "reply_id": "UgyS4iowFpV-k_mfAJR4AaABAg",
            "reply_content": "\u90a3\u500b\u990a\u86c7\u7684\u5973\u751f\u597d\u50cf\u73a9\u5177\u7e3d\u52d5\u54e1\u7684\u90a3\u500b\u5c0f\u4eba\u5076",
            "likeCount": 0
        },
        {
            "reply_id": "Ugxk3nBAvOA5m_qDQDx4AaABAg",
            "reply_content": "\u770b\u7559\u8a00\u771f\u7684\u767c\u73fe\u5f88\u591a\u62ff\u7834\u5d19",
            "likeCount": 0
        },
        {
            "reply_id": "UgzYMN80leEtLGjOjkZ4AaABAg",
            "reply_content": "\u6bd4\u8f03\u597d\u5947\u4f60\u793e\u4ea4\u725b\u903c\u75c7\u7684\u6545\u4e8b",
            "likeCount": 0
        },
        {
            "reply_id": "Ugz7Jl8uEBw1K_ji9bx4AaABAg",
            "reply_content": "\u6211\u7a81\u7136\u60f3\u5230\u4e4b\u524d\u5728\u570b\u5916\u716e\u6771\u897f\u7d50\u679c\u7159\u9727\u5075\u6e2c\u5668\u958b\u59cb\u53eb\uff0c\u9084\u597d\u6709\u795e\u5ba4\u53cb\u8d95\u5feb\u885d\u51fa\u4f86\u5e6b\u6211\u95dc\u6389\uff0c\u4ed6\u8aaa\u5982\u679c\u6d88\u9632\u8eca\u4f86\u4e86\u6211\u5c31\u8981\u5674\u4e00\u7b46\u9322",
            "likeCount": 0
        },
        {
            "reply_id": "UgyPfZb_4jHoXpryaqZ4AaABAg",
            "reply_content": "\u4e00\u76f4\u5f88\u60f3\u53bb\u7f8e\u570b\u9ad4\u9a57\u770b\u770b\u90a3\u908a\u7684\u751f\u6d3b \u6d0b\u8525\u7e3d\u662f\u53ef\u4ee5\u628a\u81ea\u5df1\u7684\u9ad4\u9a57\u5f88\u50b3\u795e\u7684\u50b3\u9054\u51fa\u4f86\uff5e\u8b93\u6211\u611f\u89ba\u81ea\u5df1\u5c31\u5728\u90a3\u908a",
            "likeCount": 20
        },
        {
            "reply_id": "UgwLFuCoLz9CJU2UOtZ4AaABAg",
            "reply_content": "\u51fa\u904e\u570b\u5f8c\u624d\u767c\u73fe\u5176\u5be6\u53f0\u7063\u6cbb\u5b89\u771f\u7684\u662f\u6578\u4e00\u6578\u4e8c\u7684\u597d\n\u5c31\u7b97\u534a\u591c\u4e09\u9ede\u809a\u5b50\u9913\u4e86\u4e5f\u80fd\u96a8\u6642\u53bb\u8d85\u5546\u6216\u901f\u98df\u5e97\u5403\u500b\u6d88\u591c\n\u53bb\u65e5.\u97d3\u9019\u4e9b\u5370\u8c61\u6cbb\u5b89\u4e5f\u4e0d\u5dee\u7684\u570b\u5bb6\u73a9\u904e\u5f8c\u9084\u662f\u6703\u6709\u9019\u7a2e\u611f\u89ba",
            "likeCount": 16
        },
        {
            "reply_id": "UgzNaTJnF74zULaA6wR4AaABAg",
            "reply_content": "\u770b\u5b8c\u4e4b\u5f8c\u771f\u7684\u8981\u73cd\u60dc\u53f0\u7063\u7684\u5065\u4fdd\u554a\u554a\u554a",
            "likeCount": 9
        },
        {
            "reply_id": "UgwmCdyFetK97s94Mtl4AaABAg",
            "reply_content": "\u770b\u5b8c\u5f8c\u53ea\u60f3\u8aaa\u611f\u8b1d\u53f0\u7063\u7684\u91ab\u751f\u548c\u91ab\u7642",
            "likeCount": 6
        },
        {
            "reply_id": "Ugwi5ADSUfYS4zux0J94AaABAg",
            "reply_content": "\u8863\u670d\u883b\u597d\u770b\u7684\u6211\u4e5f\u60f3\u77e5\u9053\u54ea\u88e1\u8cb7\u7684",
            "likeCount": 1
        }
    ]
}