{
    "video_info": {
        "id": "23a7gX9WhuU",
        "channelTitle": "Onion Man",
        "title": "Onion Man | 30\u5e74\u5f8c\u7684\u9000\u4f11\u751f\u6d3b\uff01\u958b\u5962\u83ef\u6c11\u5bbf\uff1f \u7d93\u71df\u5c0f\u6524\u8ca9\uff01",
        "description": "\u6bcf\u500b\u4eba\u5fc3\u4e2d\u90fd\u6709\u500b\u9000\u4f11\u5f8c\u7684\u5922\u60f3\n\u6709\u4eba\u60f3\u958b\u5c6c\u65bc\u81ea\u5df1\u7684\u5e97\u3001\u6709\u4eba\u60f3\u5b9a\u5c45\u65e5\u672c\n\u4eca\u5929\u8ddf\u5927\u5bb6\u804a\u804a\u6211\u7684\u5e0c\u671b\n\n\u5225\u5fd8\u4e86\u4e0b\u8f09\u672c\u6b21\u4e7e\u7239\u300a\u6230\u8eca\u4e16\u754c\u300b: https://tanks.ly/3NU1Hgu\n\u96fb\u8166\u7248\u514d\u8cbb\u66a2\u73a9\uff01 \u8f38\u5165\u5c08\u5c6c\u512a\u60e0\u78bc \"COMBAT\"\n\u5c31\u53ef\u4ee5\u99ac\u4e0a\u7372\u5f97\u4e00\u8f1b\u516d\u968e\u52a0\u503c\u6230\u8eca (Cromwell B)\u3001\u4e09\u8f1b\u516d\u968e\u79df\u8cc3\u6230\u8eca (Tiger 131, T78, Type 64)\u300125\u842c\u9280\u5e63\uff0c\n\u9084\u984d\u5916\u5e6b\u4f60\u89e3\u9396\u4e03\u5929\u52a0\u503c\u5e33\u865f\u5594!\n\n\u3010\u8a02\u95b1\u3011\u53ca\u89c0\u770b\u6d0b\u8525\u66f4\u591a\u5f71\u7247: https://goo.gl/ijP3Eb\n\n\u5de5\u4f5c\u5408\u4f5c\uff1aonionmanwork@gmail.com\nOnion Man \u767e\u842c\u8ffd\u8e64\u7c89\u7d72\u5718:goo.gl/Z5CSvw\n\n\u6700\u65b0\u963f\u6587\u8cbc\u5716:https://reurl.cc/GxYjA\n\n\u7b2c\u4e00\u4ee3\u963f\u6587line\u8cbc\u5716:https://reurl.cc/Wroxx\n\n\u6d0b\u8525\u79c1\u751f\u6d3bIG:https://www.instagram.com/onionman__/\n\n\n\u904b\u52d5\u6f2b\u756b\u88e1\u7684\u4e2d\u4e8c\u8001\u6897\u5287\u60c5\n\u25ba\u7b2c\u4e00\u96c6:https://youtu.be/cMoV1rPH35k\n\u25ba\u7b2c\u4e8c\u96c6:https://youtu.be/iW7LM00lny0\n\u25ba\u7b2c\u4e09\u96c6:https://youtu.be/2G5wu61uCM0\n\u25ba\u7b2c\u56db\u96c6:https://youtu.be/-rP1abYv8n4\n\nOnion Man \u95dc\u9375\u5b57:\n\u4e2d\u4e8c \u80a5\u5b85 \u55ae\u8eab\u6f22 \u55ae\u8eab \u9b6f\u86c7 \u5c4c\u7d72 \u80a5\u5b85",
        "likeCount": "5714",
        "commentCount": "436",
        "viewCount": "338461"
    },
    "comments": [
        {
            "reply_id": "Ugx-gjsZ1hT5JEAoMJZ4AaABAg",
            "reply_content": "\u6d0b\u8525\u81ea\u5df1\u9019\u6a23\u786c\u696d\u914d\u611f\u89ba\u5f88\u5dee\u554a",
            "likeCount": 0
        },
        {
            "reply_id": "UgxvorSfmOfBtx5FgGx4AaABAg",
            "reply_content": "\u9760\u5317\u4e3a\u4ec0\u4e48\u53ea\u6709\u6d0b\u8471\u8001\u4e86\u4e4b\u540e\u6709\u8179\u808c",
            "likeCount": 0
        },
        {
            "reply_id": "UgyeX_u4OGG6845Mq9R4AaABAg",
            "reply_content": "\u7834\u58de\u6211\u704c\u7c43\u9ad8\u624b\u7684\u56de\u61b6",
            "likeCount": 0
        },
        {
            "reply_id": "UgzDcmHWC6gcEerOKV14AaABAg",
            "reply_content": "\u4e0a\u9762\u6bcf\u500b\u9000\u4f11\u751f\u6d3b\u90fd\u662f\u6211\u7684\u56ae\u5f80\uff0c\u6240\u4ee5\u6211\u60f3\u8981\u7684\u9000\u4f11\u751f\u6d3b\u5c31\u662f\u4ea4\u9019\u4e9b\u985e\u578b\u7684\u670b\u53cb\uff0c\u7136\u5f8c\u60f3\u5230\u8981\u5e79\u561b\u5c31\u53bb\u627e\u6709\u9019\u9805\u8208\u8da3\u7684\u670b\u53cb\uff0c\u5982\u679c\u4ec0\u9ebc\u90fd\u4e0d\u60f3\u505a\u5c31\u53bb\u627e\u7d05\u5091\u985e\u578b\u7684\u670b\u53cb\u5237\u6574\u5929\u7684\u5287\uff0c\u60f3\u5403\u98ef\u5c31\u627e\u5927\u9f3b\u5a01\u985e\u578b\u7684\u670b\u53cb\uff0c\u4f4f\u7684\u623f\u5b50\u5c31\u627e\u963f\u6587\u985e\u578b\u7684\u670b\u53cb\u79df\uff0c\u904e\u8457\u5230\u8655\u8e6d\u5403\u8e6d\u559d\u7684\u7f8e\u597d\u9000\u4f11\u751f\u6d3b",
            "likeCount": 0
        },
        {
            "reply_id": "UgxMiZqnN4L2Gqx_iIB4AaABAg",
            "reply_content": "\u6d41\u6c34\u5e33\u642d\u914d\u5c37\u5c2c\u53f0\u8a5e\u914d\u4e0a\u842c\u5e74\u52d5\u756b\u8001\u6897",
            "likeCount": 0
        },
        {
            "reply_id": "UgwVH_ZCPnrcCY-7mMB4AaABAg",
            "reply_content": "\u6211\u9000\u4f11\u5f8c\u60f3\u8981\u505a\u79d1\u5b78\u5bb6\u800c\u4e14\u6c92\u6709\u4efb\u4f55\u9650\u5236\u6211\u53ef\u4ee5\u505a\u5f97\u5f88\u5c08\u5fc3",
            "likeCount": 0
        },
        {
            "reply_id": "UgyAZ32RUhkYPWmE8ot4AaABAg",
            "reply_content": "\u9000\u4f11\u5f8c\u6211\u5e0c\u671b\u6211\u80fd\u53bb\u5916\u661f\u7403\u6216\u8005\u662f\u5feb\u6a02\u7684\u505a\u5404\u7a2e\u4e8b\u6c92\u6709\u91d1\u9322\u9650\u5236\u6211\u5c31\u662f\u4e0d\u60f3\u88ab\u7e8f\u8eab",
            "likeCount": 0
        },
        {
            "reply_id": "Ugybg4xpjF4yLYNIFCp4AaABAg",
            "reply_content": "\u6211\u7684\u9000\u4f11\u751f\u6d3b\u5c31\u662f\u6c92\u6709\u7d93\u6fdf\u56f0\u96e3\uff0c\u7136\u5f8c\u8b93\u6211\u771f\u7684\u5feb\u6a02\u904e\u6211\u4e0d\u6c42\u5f88\u6709\u9322\u80fd\u7dad\u6301\u751f\u6d3b\u5c31\u597d\u4e5f\u80fd\u7dad\u6301\u6211\u7684\u7cbe\u795e",
            "likeCount": 0
        },
        {
            "reply_id": "Ugx9LVKoxtuYW-p8Aet4AaABAg",
            "reply_content": "\u82b1\u751f\u661f\u4eba\u600e\u9ebc\u53c8\u51fa\u73fe\u4e86",
            "likeCount": 0
        },
        {
            "reply_id": "UgzsaEY2GQvjwDakSWx4AaABAg",
            "reply_content": "\u6211\u8ddf\u67cf\u5747\u60f3\u6cd5\u4e00\u6a21\u4e00\u6a23",
            "likeCount": 0
        },
        {
            "reply_id": "Ugz73jvt8dnEaes963V4AaABAg",
            "reply_content": "\u7167\u9867\u597d\u8eab\u9ad4\u5065\u5eb7\u624d\u662f\u6700\u91cd\u8981\u7684 \u4e0d\u7136\u8001\u5e74\u5c31\u662f\u5e38\u5e38\u8dd1\u91ab\u9662",
            "likeCount": 0
        },
        {
            "reply_id": "UgwZ_7BgGEDG7bBu3tt4AaABAg",
            "reply_content": "\u9a0e\u56db\u8f2a\u96fb\u52d5\u8eca\u51fa\u53bb\u64cb\u5e74\u8f15\u4eba\u4e0a\u4e0b\u73ed\u7684\u8def",
            "likeCount": 0
        },
        {
            "reply_id": "Ugwk0GMHwmku5a8nVn94AaABAg",
            "reply_content": "\u6211\u60f3\u5b58\u4e00\u7b46\u9322\u74b0\u904a\u4e16\u754c \u505a\u9019\u500b\u4e16\u754c\u4e0a\u6700\u81ea\u7531\u7684\u6d6a\u4eba",
            "likeCount": 0
        },
        {
            "reply_id": "UgzNa80djRXPb-7ybkp4AaABAg",
            "reply_content": "\u8001\u5be6\u8aaa\u76f4\u63a5\u7528\u7248\u6b0a\u97f3\u6a02\u97f3\u6548\u6eff\u8e29\u7dda\u7684",
            "likeCount": 0
        },
        {
            "reply_id": "UgykBM7hWs9vqcJcUad4AaABAg",
            "reply_content": "\u6c92\u6709\u4eba\u9000\u4f11\u5f8c\u7684\u5922\u60f3\u8207\u7d44\u7e54\u5bb6\u5ead\u548c\u64c1\u6709\u5c0f\u5b69\u6709\u95dc \u592a\u68d2\u4e86\u5427",
            "likeCount": 224
        },
        {
            "reply_id": "UgyJs_pF4v-Yitu8GFd4AaABAg",
            "reply_content": "\u6bcf\u5929\u90fd\u8ddf\u5fc3\u611b\u7684\u4eba\u5728\u4e00\u8d77\u505a\u65e5\u5e38\u5e73\u51e1\u7684\u4e8b\u5c31\u5f88\u6eff\u8db3\u4e86\uff5e",
            "likeCount": 4
        },
        {
            "reply_id": "UgxEcgBzzyI0bSBdr6h4AaABAg",
            "reply_content": "\u6709\u4e9b\u4eba\u597d\u50cf\u90fd\u628a\u9078\u7e3d\u7d71\u7576\u6210\u9000\u4f11\u5f8c\u7684\u751f\u6d3b\uff0c\u7136\u5f8c\u904b\u6c23\u597d\u9078\u4e0a\u4ee5\u5f8c\u5c31\u7e7c\u7e8c\u7528\u9000\u4f11\u5fc3\u614b\u6cbb\u570b",
            "likeCount": 1
        },
        {
            "reply_id": "Ugxhi_oxXwyh_WTQVgd4AaABAg",
            "reply_content": "\u597d\u60f3\u770b\u770b\u6d0b\u8525\u7684\u6536\u85cf\u5230\u5e95\u6709\u591a\u5c11",
            "likeCount": 1
        },
        {
            "reply_id": "Ugy8HUsxdCNuErG6CVB4AaABAg",
            "reply_content": "\u5a77\u5a77\u7684\u9000\u4f11\u7684\u751f\u6d3b\u4e5f\u662f\u6211\u672a\u4f86\u7684\u7406\u60f3\u9000\u4f11\u751f\u6d3b",
            "likeCount": 0
        },
        {
            "reply_id": "Ugxo8ZUGjPAIJglvWlB4AaABAg",
            "reply_content": "\u9109\u6751\u7a2e\u7530\uff0c\u7136\u5f8c\u8cb7\u4e00\u53f0\u54c8\u96f7\u8207\u96a8\u6642\u8aaa\u8d70\u5c31\u8d70\u7684\u9732\u71df",
            "likeCount": 0
        }
    ]
}