{
    "video_info": {
        "id": "4-HIZ3Ipj9Q",
        "channelTitle": "Onion Man",
        "title": "Onion Man | \u9019\u5169\u5e74\u8b93\u6211\u53c8\u611b\u53c8\u6068\u7684\u7537\u4eba..",
        "description": "\u9019\u5169\u5e74\u85cf\u5728\u6211\u5fc3\u4e2d\u7684\u7599\u7629\uff0c\u8907\u96dc\u7684\u60c5\u611f\n\n\u9810\u8cfc\u958b\u555f\nOnion Man \u6d0b\u8525 \u00d7 \u523a\u7e61\u68c9\u8cea\u4f11\u9592\u904b\u52d5\u77ed\u8932\nhttps://www.tami.tw/products/onionman-2023gs\nOnion Man \u6d0b\u8525 \u00d7 \u72e0\u89d2\u8272\u8cbc\u5e03 T-shirt\nhttps://www.tami.tw/products/onionman-2023tshirt\n\n\u5546\u54c1\u76f8\u95dc\u554f\u984c\u8acb\u6d3d:\nTAMi Original Collection\nFB\uff1ahttps://www.facebook.com/TAMiTaiwan\n\u5b98\u7db2\uff1ahttps://www.tami.tw/\nFB Messenger \u76f4\u63a5\u79c1\u8a0a\n\u6216\u5b98\u7db2\u5167\u4f7f\u7528\u79c1\u8a0a\u529f\u80fd\n\n\u3010\u8a02\u95b1\u3011\u53ca\u89c0\u770b\u6d0b\u8525\u66f4\u591a\u5f71\u7247: https://goo.gl/ijP3Eb\n\n\u5de5\u4f5c\u5408\u4f5c\uff1aonionmanwork@gmail.com\nOnion Man \u767e\u842c\u8ffd\u8e64\u7c89\u7d72\u5718:goo.gl/Z5CSvw\n\n\u6700\u65b0\u963f\u6587\u8cbc\u5716:https://reurl.cc/GxYjA\n\n\u7b2c\u4e00\u4ee3\u963f\u6587line\u8cbc\u5716:https://reurl.cc/Wroxx\n\n\u6d0b\u8525\u79c1\u751f\u6d3bIG:https://www.instagram.com/onionman__/\n\n\n\u904b\u52d5\u6f2b\u756b\u88e1\u7684\u4e2d\u4e8c\u8001\u6897\u5287\u60c5\n\u25ba\u7b2c\u4e00\u96c6:https://youtu.be/cMoV1rPH35k\n\u25ba\u7b2c\u4e8c\u96c6:https://youtu.be/iW7LM00lny0\n\u25ba\u7b2c\u4e09\u96c6:https://youtu.be/2G5wu61uCM0\n\u25ba\u7b2c\u56db\u96c6:https://youtu.be/-rP1abYv8n4\n\nOnion Man \u95dc\u9375\u5b57:\n\u4e2d\u4e8c \u80a5\u5b85 \u55ae\u8eab\u6f22 \u55ae\u8eab \u9b6f\u86c7 \u5c4c\u7d72 \u80a5\u5b85",
        "likeCount": "5335",
        "commentCount": "289",
        "viewCount": "245982"
    },
    "comments": [
        {
            "reply_id": "UgzG166pulzpQi5zJed4AaABAg",
            "reply_content": "\u8d85\u5f37\u696d\u914d\u81ea\u5df1\u770b\u4e86\u9019\u9ebc\u591a\u5e74\u7684\u6d0b\u8525\u6211\u7684\u9322\u5305\u7d42\u65bc\u88ab\u6253\u958b\u4e86",
            "likeCount": 1
        },
        {
            "reply_id": "UgxyXp7nd53YtS-7C2R4AaABAg",
            "reply_content": "\u9019\u500b\u7537\u4eba\u592a\u72e0\u4e86\uff0c\u7adf\u7136\u60f3\u5230\u5229\u7528\u65b9\u65b9\u7684\u7f8e\u817f\u4f86\u5ba3\u50b3\u8863\u670d",
            "likeCount": 1
        },
        {
            "reply_id": "Ugx7zjZtCwdE5KyFVax4AaABAg",
            "reply_content": "\u4fee\u4f46\u5e7e\u985e\u70ba\u5565\u611f\u89ba\u597d\u50cf\u6709\u807d\u904e\u9019\u500b\u6545\u4e8b\u4e86\u662f\u65e2\u8996\u611f\u55ce\uff01",
            "likeCount": 0
        },
        {
            "reply_id": "Ugw6O42LH0hBEsDcoI54AaABAg",
            "reply_content": "\u6de6\u6709\u523a\u7e61\u7684\u53ef\u4ee5\u7092\u4e00\u6ce2",
            "likeCount": 0
        },
        {
            "reply_id": "Ugzx233RvtFznVLOZMN4AaABAg",
            "reply_content": "\u6709\u6c92\u6709\u60f3\u904e\u518d\u51fa\u5305\u7684\u53ef\u80fd\u6027",
            "likeCount": 0
        },
        {
            "reply_id": "Ugy_0csw7yqYBqhDWxt4AaABAg",
            "reply_content": "\u9019\u662f\u4e00\u4ef6\u6709\u80cc\u666f\u7684\u8863\u670d",
            "likeCount": 0
        },
        {
            "reply_id": "Ugy4ovxLoSJ_N9KYgH14AaABAg",
            "reply_content": "\u9019\u662f\u4e00\u4ef6\u60c5\u7406\u4e92\u76f8\u5766\u627f\u8ca0\u8cac\u7684\u8863\u670d\u554a",
            "likeCount": 0
        },
        {
            "reply_id": "UgxSrPUpctDqChy6pER4AaABAg",
            "reply_content": "\u5176\u5be6\u6211\u89ba\u5f97\u8525\u54e5\u60f3\u592a\u591a \u7576\u521d\u964d\u54e5\u50f9\u683c\u4e00\u5b9a\u5f88\u591a\u4eba\u8cb7\u55ae",
            "likeCount": 2
        },
        {
            "reply_id": "UgxMsqfflPMWMD21B3N4AaABAg",
            "reply_content": "\u4e0a\u4e00\u6279\u7684\u8863\u670d\u771f\u7684\u5f88\u8edf\u5f88\u8212\u670d \u4f46\u662f\u6d17\u4e45\u4e86\u597d\u50cf\u6703\u8b8a\u5927\u4ef6\u8ddf\u8b8a\u8584 \u53ef\u80fd\u8981\u624b\u6d17\u6bd4\u8f03\u5b89\u5168\u4e00\u9ede",
            "likeCount": 1
        },
        {
            "reply_id": "UgzE8Cfi2WDl5Ww26KJ4AaABAg",
            "reply_content": "\u8525\u4f60\u78ba\u5b9a\u8ce3\u8863\u670d\n\u958b\u982d\u8aaa\u81ea\u5df1\u8ce3\u7684\u662f\u4e4b\u524d\u4e0d\u8981\u7684\u53ef\u4ee5\u55ce",
            "likeCount": 1
        },
        {
            "reply_id": "UgxW5uUHLJieRTy-6u94AaABAg",
            "reply_content": "\u770b\u5c01\u9762\u9084\u5728\u60f3\u662f\u4e0d\u662f\u8981\u5b98\u5ba3\u8ddf\u62f3\u723a",
            "likeCount": 1
        },
        {
            "reply_id": "UgzvqP-14YlXm_UWJM94AaABAg",
            "reply_content": "\u5176\u5be6\u4f60\u4e0d\u8981\u8aaa\u4e5f\u6c92\u4eba\u77e5\u9053\u5dee\u5169\u516c\u5206\u963f",
            "likeCount": 0
        },
        {
            "reply_id": "UgwJFe4dcZLEpk70xe54AaABAg",
            "reply_content": "\u4e0d\u592a\u61c2\u4f4e\u5169\u516c\u5206\u6709\u4ec0\u9ebc\u5dee",
            "likeCount": 0
        },
        {
            "reply_id": "UgxDu7UyAEHl-5nM2w94AaABAg",
            "reply_content": "\u8a8d\u771f\u8aaa\u6211\u6703\u60f3\u8981\u7a7f\u500b\u5e7e\u5e74\u50cf\u7d72\u7da2\u7cfb\u5217\u4e00\u6a23\u627e\u500b\u65b9\u6cd5\u628a\u820a\u7684\u5716\u6848\u5f04\u51fa\u4f86",
            "likeCount": 0
        },
        {
            "reply_id": "UgyWonlSp2gjG4_7v4R4AaABAg",
            "reply_content": "\u8aaa\u771f\u7684\uff0c\u4f60\u4e0d\u8b1b\u5927\u90e8\u5206\u4eba\u61c9\u8a72\u90fd\u5fd8\u7684\u5dee\u4e0d\u591a\u4e86",
            "likeCount": 0
        },
        {
            "reply_id": "UgwxazCwdx48J29shZ14AaABAg",
            "reply_content": "\u9019\u4e00\u6279\u539f\u4f86\u4e0d\u662f\u9001\u7d66\u5b64\u5152\u9662\u90a3\u6279\u55ce",
            "likeCount": 0
        },
        {
            "reply_id": "UgyG7keDvjWXG9cgYnR4AaABAg",
            "reply_content": "\u6211\u89ba\u5f97\u6d0b\u8525\u548c\u8001\u95c6\u90fd\u5f88\u68d2 \u5f7c\u6b64\u7406\u89e3\u800c\u53bb\u5f88\u91cd\u7fa9\u6c23",
            "likeCount": 85
        },
        {
            "reply_id": "UgyDO9EvrcMmNf6UeFt4AaABAg",
            "reply_content": "\u96d6\u7136\u633a\u96f7\u7684\uff0c\u4f46\u8001\u95c6\u4ee5\u505a\u4eba\u7684\u9053\u5fb7\u4f86\u8aaa\u771f\u7684\u662f\u5c01\u9802\u4e86",
            "likeCount": 24
        },
        {
            "reply_id": "UgzA8Pn8W2Or8kQuZBZ4AaABAg",
            "reply_content": "\u51fa\u5305\u8ca8\u90fd\u653e\u9019\u9ebc\u4e45\u4e86\u8cbc\u724c\u5c31\u60f3\u539f\u50f9\u8ce3\uff0c\u611f\u53d7\u4e0a\u4e0d\u662f\u5f88\u597d",
            "likeCount": 4
        }
    ]
}