{
    "video_info": {
        "id": "_oVVOErvtw8",
        "channelTitle": "Onion Man",
        "title": "Onion Man | \u7834\u7522\u9084\u662f\u767c\u8ca1\uff1f\u535a\u921e\u7684\u58d3\u8eab\u5bb6\u8ced\u6cd5\uff01\uff1f\u6fb3\u9580\u8ced\u5834\u7bc7(\u4e0b)",
        "description": "\u535a\u921e\u60f3\u51fa\u4e00\u62db\u5fc5\u52dd\u8ced\u6cd5\uff0c\u7a76\u7adf\u80fd\u5426\u5927\u6bba\u56db\u65b9?\n\n\u3010\u8a02\u95b1\u3011\u53ca\u89c0\u770b\u6d0b\u8525\u66f4\u591a\u5f71\u7247: https://goo.gl/ijP3Eb\n\n\u5de5\u4f5c\u5408\u4f5c\uff1aonionmanwork@gmail.com\nOnion Man \u767e\u842c\u8ffd\u8e64\u7c89\u7d72\u5718:goo.gl/Z5CSvw\n\n\u6700\u65b0\u963f\u6587\u8cbc\u5716:https://reurl.cc/GxYjA\n\n\u7b2c\u4e00\u4ee3\u963f\u6587line\u8cbc\u5716:https://reurl.cc/Wroxx\n\n\u6d0b\u8525\u79c1\u751f\u6d3bIG:https://www.instagram.com/onionman__/\n\n\n\u904b\u52d5\u6f2b\u756b\u88e1\u7684\u4e2d\u4e8c\u8001\u6897\u5287\u60c5\n\u25ba\u7b2c\u4e00\u96c6:https://youtu.be/cMoV1rPH35k\n\u25ba\u7b2c\u4e8c\u96c6:https://youtu.be/iW7LM00lny0\n\u25ba\u7b2c\u4e09\u96c6:https://youtu.be/2G5wu61uCM0\n\u25ba\u7b2c\u56db\u96c6:https://youtu.be/-rP1abYv8n4\n\nOnion Man \u95dc\u9375\u5b57:\n\u4e2d\u4e8c \u80a5\u5b85 \u55ae\u8eab\u6f22 \u55ae\u8eab \u9b6f\u86c7 \u5c4c\u7d72 \u80a5\u5b85",
        "likeCount": "6876",
        "commentCount": "654",
        "viewCount": "509024"
    },
    "comments": [
        {
            "reply_id": "Ugw7-bgykCEXrjDIcd94AaABAg",
            "reply_content": "\u6211\u4ee5\u70ba\u96d9\u4eba\u500d\u500d\u5b89\u5fc3\u8ced\u535a\u6cd5\u6703\u88ab\u7da0\u8272\u901a\u6bba\u8036\ud83d\ude02",
            "likeCount": 1
        },
        {
            "reply_id": "Ugwu5JQGoP89qXRAVBp4AaABAg",
            "reply_content": "\u6e2f\u5e63\u5f88\u4e0d\u503c\uff0c\u53f0\u5e63\u66f4\u52a0\u4e0d\u503c\u679c\u7136\u9084\u662f\u4eba\u6c11\u5e63\u597d",
            "likeCount": 0
        },
        {
            "reply_id": "Ugy2_kCiQhDDzuiYry94AaABAg",
            "reply_content": "\u500d\u500d\u6539\u5176\u5be6\u53ef\u4ee5\u5169\u500b\u4eba\u90fd\u4e00\u76f4\u52a0",
            "likeCount": 0
        },
        {
            "reply_id": "UgxwnCBtRmRHGWfXHIt4AaABAg",
            "reply_content": "\u9019\u4e0d\u662f\u5169\u6d25\u52d8\u5409\u7684\u500d\u500d\u5132\u84c4\u6cd5\u55ce",
            "likeCount": 0
        },
        {
            "reply_id": "Ugxfe17OIf44Lg7UewZ4AaABAg",
            "reply_content": "\u9014\u4e2d\u7a81\u7136\u958b\u53f8\u81c9\u597d\u597d\u7b11",
            "likeCount": 0
        },
        {
            "reply_id": "Ugy2reCGdOsdgNk1nJ14AaABAg",
            "reply_content": "\u770b\u5230\u6700\u5f8c\u9762\u88ab\u4e00\u5806\u602a\u4eba\u642d\u8a15\u6211\u5feb\u7b11\u6b7b\u4e86\u5566",
            "likeCount": 0
        },
        {
            "reply_id": "Ugw5S1cSJafjonKRYdB4AaABAg",
            "reply_content": "\u53bb\u6fb3\u9580\u5c31\u8ddf\u6d0b\u8525\u4e00\u6a23\u7528\u500d\u500d\u8ced\u535a\u6cd5\u7684\u4eba\u4e00\u5b9a\u5927\u589e\ud83d\ude39",
            "likeCount": 0
        },
        {
            "reply_id": "UgxhL6_mvFxw3a5AiZp4AaABAg",
            "reply_content": "\u60f3\u5728\u8ced\u5834\u4e0a\u8cfa\u9322\u7684\u9019\u500b\u60f3\u6cd5\u5c31\u8f38\u5728\u8d77\u8dd1\u9ede\u4e86",
            "likeCount": 0
        },
        {
            "reply_id": "UgwuF9uMgr-Pg7HW23B4AaABAg",
            "reply_content": "\u770b\u6d0b\u8525\u7684\u6d3b\u52d5\u7bc4\u570d\u597d\u50cf\u90fd\u96c6\u4e2d\u5728\u6c39\u4ed4\uff0c\u4f46\u5176\u5be6\u6fb3\u9580\u5cf6\u548c\u8def\u74b0\u5cf6\u4e5f\u6709\u4e00\u5927\u5806\u8461\u8404\u7259\u7684\u4e16\u754c\u907a\u7522\u548c\u6b50\u6d32\u666f\u9ede\u5566\uff0c\u6c92\u6709\u53bb\u771f\u7684\u6709\u9ede\u53ef\u60dc\uff0c\u5982\u679c\u9084\u6709\u4e0b\u6b21\u7684\u8a71\u4f86\u6fb3\u9580\u4e0d\u4e00\u5b9a\u8981\u8ced\u5566",
            "likeCount": 4
        },
        {
            "reply_id": "UgxjUWcMyNr2WUjAVTx4AaABAg",
            "reply_content": "\u5e6b\u5fd9\u4e0b\u6ce8\u7684\u90fd\u662f\u5718\u4f19\u7684\u8981\u5c0f\u5fc3",
            "likeCount": 0
        },
        {
            "reply_id": "Ugx29PGTEF6cnC__T_d4AaABAg",
            "reply_content": "\u518d\u4e0b\u4e00\u6b21\u7ffb\u500d\u90a3\u628a\u61c9\u8a72\u9084\u6703\u662f\u7d05",
            "likeCount": 0
        },
        {
            "reply_id": "Ugw5fQv8J61rm-P_uLx4AaABAg",
            "reply_content": "\u53bb\u73a9\u767e\u5bb6\u6a02\u66f4\u5feb\u5427 \u5e73\u6ce8\u9577\u9591\u9577\u5e84\u55ae\u8df3\u90fd\u6bd4\u4f60\u9019\u6a23\u8ced\u597d",
            "likeCount": 0
        },
        {
            "reply_id": "Ugxu7_pT1WOUSj65Zmh4AaABAg",
            "reply_content": "\u83f2\u5f8b\u8cd3\u53ef\u4ee5\u73a9\u725b\u725b\u665a\u4e0a\u7761\u4e0d\u8457\u76f4\u63a5\u6253\u5230\u5929\u4eae",
            "likeCount": 0
        },
        {
            "reply_id": "Ugwmah5GbLw7nAjzY0x4AaABAg",
            "reply_content": "\u624d\u8d0f\u4e00\u9ede\u9ede\u5c31\u6536\u624b\uff0c\u8b93\u5f71\u7247\u4e00\u9ede\u523a\u6fc0\u611f\u90fd\u6c92\u6709",
            "likeCount": 0
        },
        {
            "reply_id": "UgzOtqgNNCB7xezdBNp4AaABAg",
            "reply_content": "\u8471\u54e5\u4f60\u5728\u8fd9\u6837\u4e0b\u53bb\u4f1a\u4ed8\u51fa\u4ee3\u4ef7\u7684 \u6211\u8bd5\u8fc7\u56de\u5934\u662f\u5cb8",
            "likeCount": 0
        },
        {
            "reply_id": "Ugz2gpCl3-ssLJSqvNR4AaABAg",
            "reply_content": "\u500d\u500d\u8ced\u535a\u6cd5\u6211\u5728\u70cf\u9f8d\u6d3e\u51fa\u6240\u65e9\u5c31\u770b\u904e\u76f8\u4f3c\u7684\u500d\u500d\u5132\u84c4\u6cd5\u4e86",
            "likeCount": 0
        },
        {
            "reply_id": "UgypxnzeW1QaCNVS7A94AaABAg",
            "reply_content": "\u6211\u9858\u7a31\u9019\u96c6\u70ba\u6700\u597d\u7b11 \u5f8c\u9762\u90a3\u500b\u6012\u543c\u5b8c\u5168\u5c31\u662f\u8ced\u535a\u4eba\u7684\u53cd\u61c9",
            "likeCount": 0
        },
        {
            "reply_id": "UgzK2Hhhhkc1HLi_b9t4AaABAg",
            "reply_content": "\u5225\u4ee5\u70ba\u6211\u6c92\u767c\u73fe\u8cfa\u9322\u5927\u53eb\u90a3\u908a\u7684\u756b\u9762\u4ee5\u524d\u6559\u6388\u8abf\u5206\u90a3\u90e8\u4e5f\u51fa\u73fe\u904e",
            "likeCount": 0
        },
        {
            "reply_id": "UgyhAtbx5rRxhY6Ao-p4AaABAg",
            "reply_content": "\u5b8c\u5168\u628a\u90a3\u7a2e\u8ced\u535a\u7684\u60c5\u7dd2\u8ddf\u6c23\u6c1b\u90fd\u505a\u8d77\u4f86\u4e86\uff0c\u771f\u7684\u89ba\u5f97\u9ad4\u9a57\u904e\u5c31\u4e0d\u6703\u60f3\u53bb\uff0c\u6642\u5019\u5f88\u6015\u7576\u6642\u90a3\u7a2e\u60c5\u7dd2",
            "likeCount": 6
        },
        {
            "reply_id": "UgymdvjyXTAF3O7kfJN4AaABAg",
            "reply_content": "\u5c0f\u767d\u771f\u7684\u4e0d\u80fd\u9078\u5a01\u5c3c\u65af\u4eba\u9019\u7a2e\u672c\u9ad8\u7684\uff0c\u53bb\u672c\u91d1\u4f4e\u4e00\u9ede\u7684\u9084\u80fd\u6709\u4e00\u9ede\u6b63\u5411\u523a\u6fc0\u9ad4\u9a57",
            "likeCount": 0
        }
    ]
}