{
    "video_info": {
        "id": "dixTIYy4Ic4",
        "channelTitle": "Onion Man",
        "title": "Onion Man | \u670b\u53cb\u5abd\u5abd\u56e0\u5bc2\u5bde\u88ab\u9a19\u8d70200\u842c\u7684\u6545\u4e8b\uff01\u6211\u4e0d\u50bb\u6211\u53ea\u662f\u9078\u64c7\u76f8\u4fe1\uff01",
        "description": "\u4e00\u6bb5\u5bc2\u5bde\u9020\u5c31\u7684\u611b\u60c5\u6545\u4e8b....\n\n#\u4fee\u4f46\u5e7e\u52d2 \u7db2\u8def\u8cc7\u8a0a\u8a18\u5f97\u8981\u505c\u770b\u807d\uff01\n\n\u611b\u60c5\u80cc\u5f8c\u7684\u771f\u76f8\u7adf\u662f...\u300c\u5c08\u5bb6\u300d\u771f\u7684\u662f\u5c08\u5bb6\u55ce\uff1f\n\u5728\u9762\u5c0d\u7db2\u8def\u8cc7\u8a0a\u6642\u8acb\u591a\u7559\u610f\uff0c\u624d\u4e0d\u6703\u8b93\u4e0d\u5be6\u8cc7\u8a0a\u50b7\u4e86\u4f60\u7684\u771f\u5fc3\uff01\n\n\n\u3010\u8a02\u95b1\u3011\u53ca\u89c0\u770b\u6d0b\u8525\u66f4\u591a\u5f71\u7247: https://goo.gl/ijP3Eb\n\n\u5de5\u4f5c\u5408\u4f5c\uff1aonionmanwork@gmail.com\nOnion Man \u767e\u842c\u8ffd\u8e64\u7c89\u7d72\u5718:goo.gl/Z5CSvw\n\n\u6700\u65b0\u963f\u6587\u8cbc\u5716:https://reurl.cc/GxYjA\n\n\u7b2c\u4e00\u4ee3\u963f\u6587line\u8cbc\u5716:https://reurl.cc/Wroxx\n\n\u6d0b\u8525\u79c1\u751f\u6d3bIG:https://www.instagram.com/onionman__/\n\n\n\u904b\u52d5\u6f2b\u756b\u88e1\u7684\u4e2d\u4e8c\u8001\u6897\u5287\u60c5\n\u25ba\u7b2c\u4e00\u96c6:https://youtu.be/cMoV1rPH35k\n\u25ba\u7b2c\u4e8c\u96c6:https://youtu.be/iW7LM00lny0\n\u25ba\u7b2c\u4e09\u96c6:https://youtu.be/2G5wu61uCM0\n\u25ba\u7b2c\u56db\u96c6:https://youtu.be/-rP1abYv8n4\n\nOnion Man \u95dc\u9375\u5b57:\n\u4e2d\u4e8c \u80a5\u5b85 \u55ae\u8eab\u6f22 \u55ae\u8eab \u9b6f\u86c7 \u5c4c\u7d72 \u80a5\u5b85",
        "likeCount": "10282",
        "commentCount": "875",
        "viewCount": "529365"
    },
    "comments": [
        {
            "reply_id": "UgyxBFCLYKUUcaOhMIx4AaABAg",
            "reply_content": "\u8a50\u9a19\u771f\u7684\u5f88\u8981\u4e0d\u5f97\uff0c\u7576\u4e8b\u4eba\u548c\u8a50\u9a19\u8005\u61c9\u8a72\u90fd\u8981\u53cd\u9192",
            "likeCount": 1
        },
        {
            "reply_id": "UgxH6qJHJaO5W6LcHQh4AaABAg",
            "reply_content": "\u9019\u96c6\u52d5\u756b\u505a\u7684\u7279\u5225\u53b2\u5bb3\n\u5927\u6a13\u5d29\u58de\u90a3\u908a\u597d\u7528\u5fc3",
            "likeCount": 1
        },
        {
            "reply_id": "UgwPgw13N4uCK7RwNO94AaABAg",
            "reply_content": "\u6211\u7684\u7d93\u9a57\u662f\u53ea\u8981\u63d0\u5230\u8981\u51fa\u9322\u7684\u90fd\u662f\u8a50\u9a19",
            "likeCount": 0
        },
        {
            "reply_id": "Ugw4gVfGtoowOLxQc654AaABAg",
            "reply_content": "\u9019\u662f\u5f88\u91cd\u8981\u7684\u5ba3\u5c0e\u53cd\u8a50\u9a19\u5f71\u7247\uff0c\u6211\u5c0f\u5c0f\u8b66\u54e1\u611f\u8b1d\u6d0b\u8525\u7684\u7528\u5fc3",
            "likeCount": 0
        },
        {
            "reply_id": "UgxpWAwVTeGoaUBtqft4AaABAg",
            "reply_content": "\u770b\u591a\u4e86\u4e4b\u5f8c\u5c31\u6703\u767c\u73fe\u9019\u4e9b\u6bba\u8c6c\u76e4\u8a50\u9a19\u7684\u5957\u8def\u90fd\u4e00\u6a21\u4e00\u6a23",
            "likeCount": 0
        },
        {
            "reply_id": "Ugx9KGjb8QuBeuTf9p54AaABAg",
            "reply_content": "\u73fe\u5728\u5f88\u591a\u90fd\u7b2c\u4e00\u6b65\u5c31\u628a\u9322\u9a19\u8d70\u4e86\u4e0d\u6703\u7d66\u4f60\u6709\u8cfa\u7b2c\u4e00\u7b46\u5c31\u8dd1\u7684",
            "likeCount": 0
        },
        {
            "reply_id": "UgysM0YxqOudHuHUVk14AaABAg",
            "reply_content": "\u9084\u662f\u8001\u8a71\u4e00\u53e5\uff0c\u88ab\u8a50\u9a19\u53ea\u6709\u7b28\u8ddf\u8caa\u9084\u6709\u53c8\u7b28\u53c8\u8caa",
            "likeCount": 0
        },
        {
            "reply_id": "UgyIACwByOLGpnrrUfR4AaABAg",
            "reply_content": "\u6211\u597d\u5e0c\u671b\u9019\u500b\u5f71\u7247\u53ef\u4ee5\u63a8\u7d66\u66f4\u591a\u4e2d\u8001\u5e74\u770b\u5230 \u80fd\u6551\u6551\u66f4\u591a\u4eba",
            "likeCount": 0
        },
        {
            "reply_id": "UgyR70nYcPBgf5uKwgR4AaABAg",
            "reply_content": "\u898b\u5230\u9762\u7684\u4eba\u90fd\u4e0d\u4fe1\u4e86\uff0c\u66f4\u4f55\u6cc1\u662f\u6c92\u898b\u904e\u9762\u7684\u4eba",
            "likeCount": 0
        },
        {
            "reply_id": "UgwbvpYaaJMQaitQD8l4AaABAg",
            "reply_content": "\u795d\u9019\u4e9b\u8a50\u9a19\u96c6\u5718\u90fd\u80fd\u65e9\u65e5\u4e0b\u5730\u7344",
            "likeCount": 0
        },
        {
            "reply_id": "UgynIZuFpB2zGcPFFdp4AaABAg",
            "reply_content": "\u73fe\u5728\u611b\u60c5\u8a50\u9a19\u90fd\u662f\u5c0d\u65b9\u9592\u804a\u9593\u63d0\u5230\u4ed6\u505a\u6295\u8cc7\u8cfa\u591a\u5c11\u9322\uff0c\u4e0d\u6703\u7528\u5f37\u8feb\u903c\u4f60\u6295\u8cc7\u3002\u800c\u4e14\u4e00\u5b9a\u6703\u5148\u8b93\u4f60\u5c0f\u984d\u6210\u529f\u8cfa\u5230\u4e00\u9ede\uff0c\u4f60\u771f\u6b63\u6295\u5927\u7684\u5c31\u8981\u4e0d\u56de\u53bb\u4e86",
            "likeCount": 0
        },
        {
            "reply_id": "UgzBvuJSSpiB7Nv1avB4AaABAg",
            "reply_content": "\u771f\u7684\u8cb7\u540d\u724c\u5305\u9084\u6709\u6536\u85cf\u50f9\u503c",
            "likeCount": 0
        },
        {
            "reply_id": "Ugx7kH_4dDDKk3vF3WZ4AaABAg",
            "reply_content": "\u57f9\u990a\u5a92\u9ad4\u8b58\u8b80\u80fd\u529b\u5f88\u91cd\u8981",
            "likeCount": 0
        },
        {
            "reply_id": "Ugw2XxdBYG3uAGBjNYF4AaABAg",
            "reply_content": "\u6211\u53ea\u80fd\u8aaa\u7d05\u6770\u662f\u500b\u975e\u5e38\u53b2\u5bb3\u548c\u5b5d\u9806\u7684\u4eba\uff0c\u5982\u679c\u662f\u6211\u65e9\u5c31\u8ddf\u81ea\u5df1\u5bb6\u4eba\u6495\u7834\u81c9\u4e86",
            "likeCount": 7
        },
        {
            "reply_id": "Ugymz_xk-m_tzlh5K-V4AaABAg",
            "reply_content": "\u61c9\u8a72\u53c8\u662f\u76dc\u5716\u7167\u9a19\u7684\u6e23\u7537\u9a19\u5b50",
            "likeCount": 1
        },
        {
            "reply_id": "UgyK3AeyXpLA52RfMgF4AaABAg",
            "reply_content": "\u5e79\u54a7\u592a\u96e3\u904e\u4e86 \u9019\u4e9b\u9a19\u5b50\u6700\u597d\u4e0b\u5730\u7344\u4e0d\u5f97\u597d\u6b7b",
            "likeCount": 1
        },
        {
            "reply_id": "UgyqsAj8kSVAGpNaH654AaABAg",
            "reply_content": "\u9084\u597d\u6210\u7acb\u4e86\u53cd\u8a50\u9a19\u570b\u5bb6\u968a\uff0c\u53bb\u5e74\u8a50\u9a19\u6848\u5df2\u7d93\u6e1b\u5c11\u5f88\u591a\u4e86",
            "likeCount": 1
        },
        {
            "reply_id": "UgwBc98r0KjH-3imJgd4AaABAg",
            "reply_content": "\u73b0\u5728\u7684\u79d1\u6280\u53d1\u8fbe\u5230\u8fde\u89c6\u9891\u90fd\u53ef\u4ee5\u76f4\u63a5\u76d7\u7528\u5e05\u54e5\u6216\u8005\u7f8e\u5973\u7684\u8138\uff0c\u6211\u5988\u4e0d\u4e45\u524d\u4e5f\u662f\u624d\u9047\u5230\u4e00\u4e2a\u81ea\u79f0\u5728\u9999\u6e2f\u5f00\u516c\u53f8\u7684\u4e00\u4e2a\u7537\u5927\u53d4\u3002\u6211\u5988\u6709\u4e00\u5929\u7a81\u7136\u95ee\u6211\u6709\u6ca1\u6709\u5174\u8da3\u53bb\u9999\u6e2f\u5de5\u4f5c\uff0c\u6211\u4e2a\u4eba\u5f53\u4e0b\u6709\u70b9\u65e0\u8bed\u3002",
            "likeCount": 1
        },
        {
            "reply_id": "Ugy_HaJBTuHjjMXpJWl4AaABAg",
            "reply_content": "\u53ea\u8981\u90a3\u7a2e\u9322\u4e1f\u9032\u53bb\uff0c\u5c31\u6703\u6210\u70ba\u6709\u9322\u4eba\u7684\u4e00\u5f8b\u4e0d\u8981\u4fe1",
            "likeCount": 1
        },
        {
            "reply_id": "Ugy4ETOK2H0NtQ5DxXt4AaABAg",
            "reply_content": "\u5e0c\u671b\u90a3\u4e9b\u8a50\u9a19\u4efd\u5b50\u6700\u5f8c\u90fd\u6703\u7aae\u9014\u672b\u8def \u5f97\u5230\u61f2\u7f70",
            "likeCount": 0
        }
    ]
}