{
    "video_info": {
        "id": "IMJ3xhcnV24",
        "channelTitle": "Onion Man",
        "title": "Onion Man | \u96f7\u5230\u932f\u904e\u73ed\u6a5f\u7684\u96f7\u5305\u5718\uff01\u74b0\u5cf6\u5e6b\u5927\u962a\u884c\u523a\u6fc0\u4e4b\u65c5\uff01@BIGSNAKEBALL@superpepper.  @foodfoodaddict@z2ztwo",
        "description": "\u9019\u6b21\u8ddf\u74b0\u5cf6\u5e6b\u81e8\u6642\u6c7a\u5b9a\u53bb\u5927\u962a\uff0c\u5b8c\u51680\u898f\u756b\uff0c\u884c\u7a0b\u6975\u5ee2\u4e14\u72c0\u6cc1\u767e\u51fa\n\u4f46\u537b\u6642\u6642\u523b\u523b\u7b11\u5bb9\u6eff\u9ede\uff0c\u9019\u5c31\u662f\u74b0\u5cf6\u5e6b\u7684\u9b45\u529b\u554a\n\n\u611f\u8b1d\u672c\u96c6\u4e7e\u7239-ShopBack (\u7db2\u8def\u8cfc\u7269\u8fd4\u5229+\u73fe\u91d1\u56de\u994b\u5e73\u53f0)\n\u7528ShopBack\u7701\u9322\uff0c\u7c21\u55ae\u8209\u4f8b-\u7528\u9019\u500b\u8a02\u623fagoda \u6216\u8cb7\u500b\u8766\u76ae\n\u90fd\u6703\u6709\u73fe\u91d1\u56de\u994b\n\u76f4\u63a5\u6253\u5230\u5e33\u6236\uff0c\u64cd\u4f5c\u5f88\u7c21\u55ae\u4e0d\u82b1\u6642\u9593\uff0c\u6309\u4e00\u4e0b\u4e0b\u8f09\u5427\n\u8a18\u5f97\u7528\u6211\u5c08\u5c6c\u9023\u7d50\u8a3b\u518a\uff0c\u53ef\u4ee5\u5148\u62ff$100\u734e\u52f5\u91d1\nhttps://app.shopback.com/twn/partner/TW-Community-onionman-2023\n\u4e5e\u4e10\u8d85\u4eba\u5982\u6211  \u5c31\u662f\u5148\u4e0b\u8f09\u62ff100\u518d\u8aaa\u5566!!\n\n\u3010\u8a02\u95b1\u3011\u53ca\u89c0\u770b\u6d0b\u8525\u66f4\u591a\u5f71\u7247: https://goo.gl/ijP3Eb\n\n\u5de5\u4f5c\u5408\u4f5c\uff1aonionmanwork@gmail.com\nOnion Man \u767e\u842c\u8ffd\u8e64\u7c89\u7d72\u5718:goo.gl/Z5CSvw\n\n\u6700\u65b0\u963f\u6587\u8cbc\u5716:https://reurl.cc/GxYjA\n\n\u7b2c\u4e00\u4ee3\u963f\u6587line\u8cbc\u5716:https://reurl.cc/Wroxx\n\n\u6d0b\u8525\u79c1\u751f\u6d3bIG:https://www.instagram.com/onionman__/\n\n\n\u904b\u52d5\u6f2b\u756b\u88e1\u7684\u4e2d\u4e8c\u8001\u6897\u5287\u60c5\n\u25ba\u7b2c\u4e00\u96c6:https://youtu.be/cMoV1rPH35k\n\u25ba\u7b2c\u4e8c\u96c6:https://youtu.be/iW7LM00lny0\n\u25ba\u7b2c\u4e09\u96c6:https://youtu.be/2G5wu61uCM0\n\u25ba\u7b2c\u56db\u96c6:https://youtu.be/-rP1abYv8n4\n\nOnion Man \u95dc\u9375\u5b57:\n\u4e2d\u4e8c \u80a5\u5b85 \u55ae\u8eab\u6f22 \u55ae\u8eab \u9b6f\u86c7 \u5c4c\u7d72 \u80a5\u5b85",
        "likeCount": "12081",
        "commentCount": "727",
        "viewCount": "721046"
    },
    "comments": [
        {
            "reply_id": "UgxoPGLNAOjZL2xrDAZ4AaABAg",
            "reply_content": "\u770b\u4e86\u4e09\u6b21\u4e38\u54e5\u6c92\u5e36\u8b77\u7167\u90a3\u8db4\uff0c\u6bcf\u6b21\u90fd\u9084\u662f\u7b11\u5230\u4f75\u8ecc\u54c8\u54c8\u54c8\u54c8",
            "likeCount": 2
        },
        {
            "reply_id": "Ugw-8U4wVVojpFsgYhh4AaABAg",
            "reply_content": "\u54c8\u54c8\u54c8\u54c8\u54c8\u54c8\u54c8\u54c8\u6551\u547d\u771f\u7684\u8d85\u597d\u7b11",
            "likeCount": 0
        },
        {
            "reply_id": "UgzyZ7BXaK2KrUGvFql4AaABAg",
            "reply_content": "\u74b0\u5cf6\u5e6b\u6839\u672c\u53ef\u611b\u5230\ud83d\udc2d\u5e0c\u671b\u4ee5\u5f8c\u53ef\u4ee5\u591a\u51fa\u9019\u500b\u7cfb\u5217",
            "likeCount": 0
        },
        {
            "reply_id": "Ugy_-_DuOJ_-oo03_ER4AaABAg",
            "reply_content": "\u6709\u6642\u5019\u6703\u78ba\u8a8d\u6b63\u5e38\u5427 \u4e0d\u7136\u6211\u670b\u53cb\u6bcf\u6b21\u90fd\u9ede\u4ec0\u9ebc\u5de7\u514b\u529b\u86cb\u9905\u5bb6\u6ce1\u83dc \u5e97\u54e1\u51fa\u4f86\u8a62\u554f\u9084\u8aaa\u5f1f\u5f1f\u5f88\u6709\u5275\u610f\u6b38",
            "likeCount": 0
        },
        {
            "reply_id": "Ugz-qhIwGU-6cVOu2B54AaABAg",
            "reply_content": "\u6d0b\u8525\u662f\u4e0d\u662f\u7576\u904e\u914d\u97f3\u54e1\u554a",
            "likeCount": 0
        },
        {
            "reply_id": "UgwUll_Sr_WFShp3YoB4AaABAg",
            "reply_content": "\u4eca\u5e74\u6d0b\u8525\u53bb\u4e86\u5317\u6b50\u53c8\u53bb\u65e5\u672c\u4e00\u5b9a\u82b1\u4e86\u5f88\u591a\u9322\uff0c\u7562\u7adf\u4ed6\u53ef\u662f\u51fa\u53bb\u73a9\u7684",
            "likeCount": 0
        },
        {
            "reply_id": "UgwxQrbIoDaeSNKAT4t4AaABAg",
            "reply_content": "\u54c8\u54c8\u54c8\u54c8\u9580\u95dc\u4e0d\u8d77\u4f86\u662f\u4ec0\u9ebc\u54c8\u54c8\u54c8\u54c8",
            "likeCount": 1
        },
        {
            "reply_id": "UgxgRecSbIKt60QyYDV4AaABAg",
            "reply_content": "\u86c7\u4e38\u592a\u80d6\u88ab\u6d77\u95dc\u4eba\u54e1\u641c\u8eab\u809a\u76ae\u6380\u8d77\u4f86\ud83d\ude02\u9019\u500b\u8d85\u597d\u7b11\u54c8\u54c8\u54c8",
            "likeCount": 1
        },
        {
            "reply_id": "Ugw54dimUadDKs6aW6x4AaABAg",
            "reply_content": "\u4e00\u7fa4\u5b85\u7537\u6c92\u53bb\u98db\u7530\u65b0\u5730\u4e5f\u662f\u6709\u5920\u5931\u6557\u7684",
            "likeCount": 1
        },
        {
            "reply_id": "UgxppyAV_Vs7Qh5cWGR4AaABAg",
            "reply_content": "\u53ea\u6709\u6211\u89ba\u5f97\u9a0f\u54e5\u5f88\u50cf\u738b\u5927\u9318\u55ce",
            "likeCount": 1
        },
        {
            "reply_id": "UgwJUTX5x1CvHwKrkWV4AaABAg",
            "reply_content": "\u53ef\u4ee5\u8a2d\u8a08\u4e00\u500b\u86c7\u4e38\u809a\u5b50\u5f62\u72c0\u7684\u9580\u64cb\n\u61c9\u8a72\u6703\u633a\u6709\u8da3\u7684",
            "likeCount": 0
        },
        {
            "reply_id": "UgyEoxuQbfIZhUhFXK94AaABAg",
            "reply_content": "\u66b4\u8d70\u65cf\u771f\u7684\u8ddf\u5742\u672c\u5b97\u83ef\u8aaa\u7684\u4e00\u6a23\u5587\u53ed\u8072\u97f3\u6709\u5728\u914d\u5408\u6b38\u54c8\u54c8\u54c8\u54c8\u54c8\u54c8",
            "likeCount": 0
        },
        {
            "reply_id": "UgzxXjF42HMhEI3F8Ql4AaABAg",
            "reply_content": "\u662f\u6211\u9047\u5230\u9019\u7a2e\u4e8b\u90fd\u6703\u751f\u6c23",
            "likeCount": 0
        },
        {
            "reply_id": "UgycB2yMEkAvop7kMvt4AaABAg",
            "reply_content": "\u86c7\u4e38\u624d\u662f\u66b4\u8d70\u65cf\u5427\u54c8\u54c8\u54c8",
            "likeCount": 0
        },
        {
            "reply_id": "UgyxCFf0oQu_g2PULu14AaABAg",
            "reply_content": "\u86c7\u4e38\u53eb\u90fd\u53eb\u4e0d\u9192\u4e5f\u592a\u597d\u7b11",
            "likeCount": 0
        },
        {
            "reply_id": "Ugz0jM62_4AeMuZwhz54AaABAg",
            "reply_content": "\u5403\u4e86\u90a3\u500b\u7ae0\u9b5a\u71d2\u6703\u6210\u70ba\u7ae0\u9b5a\u8a5b\u5492",
            "likeCount": 0
        },
        {
            "reply_id": "UgznzX9fBVE5UMCpE2p4AaABAg",
            "reply_content": "\u6d0b\u8525\u54e5\u7b2c\u4e00\u9593\u7ae0\u9b5a\u71d2\u6524\u5f88\u53ef\u7591\u5594\uff0c\u597d\u50cf\u662f\u5728\u77e5\u540d\u6599\u7406\u666f\u5e97\u9644\u8fd1\u9912",
            "likeCount": 0
        },
        {
            "reply_id": "Ugzs8-qCWigs93Yebal4AaABAg",
            "reply_content": "\u55ae\u773c\u76ae\u90a3\u4f4d\u597d\u5e25\u597d\u53ef\u611b",
            "likeCount": 0
        },
        {
            "reply_id": "UgwhdBulVZPOqH10p0h4AaABAg",
            "reply_content": "\u5982\u679c\u90a3\u4f60\u518d\u53bb\u4e00\u6b21\u7f8e\u570b\u4f60\u6703\u55ce\u6211\u89ba\u5f97\u7f8e\u570b\u6709\u4e00\u500b\u6d3b\u52d5\u9ed1\u8272\u661f\u671f\u4e94\u4f60\u53ef\u4ee5\u5617\u8a66\u770b\u770b\uff0c\u4f46\u662f\u4e0d\u8981\u9694\u4e00\u5929\u4fe1\u7fa9\u5e02\u524d\u5e7e\u9031\u5c31\u4f86\u4e86\u56e0\u70ba\u6703\u5f88\u591a\u4eba\u53bb\u8cb7\uff0c\u800c\u4e14\u53c8\u5f88\u760b\u72c2\uff0c\u9019\u662f\u53f0\u7063\u6c92\u6709\u7684\u6771\u897f\uff0c\u512a\u7f3a\u9ede\u5982\u679c\u96fb\u5b50\u7522\u54c1\u8981\u9001\u56de\u53f0\u7063\u7684\u8a71",
            "likeCount": 0
        },
        {
            "reply_id": "UgzW3bDi2QHLxmINdqV4AaABAg",
            "reply_content": "\u4e00\u7fa4\u670b\u53cb\u805a\u5728\u4e00\u8d77\u767c\u751f\u5404\u7a2e\u4e8b\u662f\u6700\u68d2\u7684\u56de\u61b6\u4e86\ud83d\ude02",
            "likeCount": 5
        }
    ]
}