{
    "video_info": {
        "id": "ppTWOYyh6FY",
        "channelTitle": "Onion Man",
        "title": "Onion Man | \u6200\u611b\u5bb6\u6559\u6d0b\u8525\uff01\u8207\u65e5\u672c\u5973\u512a\u55ae\u7368\u7d04\u6703\uff01\u8d85\u751c\u80a2\u9ad4\u4e92\u52d5\uff01\u5922\u60f3\u6210\u771f\uff1f",
        "description": "\u9019\u662f\u4e00\u5834\u5b85\u7537\u7684\u7d42\u6975\u7d04\u6703\u8a66\u7149\uff0c\u5341\u5206\u7dca\u5f35 \u5341\u5206\u7dca\u5f35\n\n\u6d0b\u8525\u718a\u5927\u806f\u540d\u8cbc\u5716: https://line.me/S/sticker/23215702\n\n\u9999\u9999\u50b3\u9001\u9580\uff1ahttps://reurl.cc/65NNoO\n\u5c0f\u5bb5\u864e\u5357Youtube\u983b\u9053\uff1a @koyoikonan0402\n\n\u3010\u8a02\u95b1\u3011\u53ca\u89c0\u770b\u6d0b\u8525\u66f4\u591a\u5f71\u7247: https://goo.gl/ijP3Eb\n\n\u5de5\u4f5c\u5408\u4f5c\uff1aonionmanwork@gmail.com\nOnion Man \u767e\u842c\u8ffd\u8e64\u7c89\u7d72\u5718:goo.gl/Z5CSvw\n\n\u6700\u65b0\u963f\u6587\u8cbc\u5716:https://reurl.cc/GxYjA\n\n\u7b2c\u4e00\u4ee3\u963f\u6587line\u8cbc\u5716:https://reurl.cc/Wroxx\n\n\u6d0b\u8525\u79c1\u751f\u6d3bIG:https://www.instagram.com/onionman__/\n\n\n\u904b\u52d5\u6f2b\u756b\u88e1\u7684\u4e2d\u4e8c\u8001\u6897\u5287\u60c5\n\u25ba\u7b2c\u4e00\u96c6:https://youtu.be/cMoV1rPH35k\n\u25ba\u7b2c\u4e8c\u96c6:https://youtu.be/iW7LM00lny0\n\u25ba\u7b2c\u4e09\u96c6:https://youtu.be/2G5wu61uCM0\n\u25ba\u7b2c\u56db\u96c6:https://youtu.be/-rP1abYv8n4\n\nOnion Man \u95dc\u9375\u5b57:\n\u4e2d\u4e8c \u80a5\u5b85 \u55ae\u8eab\u6f22 \u55ae\u8eab \u9b6f\u86c7 \u5c4c\u7d72 \u80a5\u5b85",
        "likeCount": "4640",
        "commentCount": "646",
        "viewCount": "233698"
    },
    "comments": [
        {
            "reply_id": "Ugxn7HC-ZtGcuo0fb3V4AaABAg",
            "reply_content": "\u6240\u4ee5\u662f\u8003\u8a66\u9084\u662f\u653e\u798f\u5229",
            "likeCount": 1
        },
        {
            "reply_id": "UgxCy8MF9dS-VTf9t-t4AaABAg",
            "reply_content": "\u53cb\u7530\u5f69\u4e5f\u9999\u8ddf\u6ff1\u5d0e\u771f\u7dd2\u672c\u4eba\u89aa\u5207\u53c8\u5927\u65b9,\u4e4b\u524d\u6210\u4eba\u5c55\u6211\u9084\u6709\u8ddf\u5979\u5408\u7167\u904e,\u5c3e\u4e0a\u82e5\u8449\u8ddf\u4f50\u5009\u7d46\u8ddf\u53cb\u7530\u5f69\u4e5f\u9999\u9084\u6709\u4f86\u53f0\u7063\u53c3\u52a0\u651d\u5f71\u6703,\u6709\u4f86\u53f0\u7063\u4ee3\u8a00\u904e\u624b\u6a5f\u904a\u6232",
            "likeCount": 1
        },
        {
            "reply_id": "UgwGhsmWK2wnLWbpvk94AaABAg",
            "reply_content": "\u592a\u731b\u4e86\u6d0b\u8525\u5982\u679c\u662f\u6211\u7684\u8a71\u6211\u6703\u76f4\u63a5\u77f3\u5316\u6211\u8ddf\u5973\u751f\u5c0d\u8996\u90fd\u6709\u554f\u984c\u66f4\u4f55\u6cc1\u662f\u804a\u5929",
            "likeCount": 1
        },
        {
            "reply_id": "Ugw4XlKZzhsvmpyWxup4AaABAg",
            "reply_content": "\u6d0b\u8525\u5c37\u5c2c\u4e00\u9ede\u4e5f\u6c92\u95dc\u4fc2\uff0c\u7562\u7adf\u65e5\u672c\u4eba\u7684\u793e\u4ea4\u80fd\u529b\u90fd\u9ede\u7684\u6eff\u9ad8\u7684\uff0c\u8b1b\u8a71\u4e0d\u8981\u592a\u81ea\u5927\u5c0d\u65b9\u90fd\u80fd\u5f88\u81ea\u7136\u7684\u9806\u8457\u8a71\u63a5\u4e0b\u53bb",
            "likeCount": 0
        },
        {
            "reply_id": "Ugx6JD5whnzuhfQqNut4AaABAg",
            "reply_content": "\u4e00\u5806\u4eba\u9762\u524d\u7d04\u6703\u4e92\u52d5\u58d3\u529b\u8d85\u7d1a\u5927\u7684\u54c8\u54c8\u54c8",
            "likeCount": 0
        },
        {
            "reply_id": "UgxmQacZaVTV9w9RzDx4AaABAg",
            "reply_content": "\u54e6\u54e6\u54e6\u54e6\u54e6\u662f\u864e\u5357\u8ddf\u73b2\u5922",
            "likeCount": 0
        },
        {
            "reply_id": "UgxYa_RsbH7ZLGTniSx4AaABAg",
            "reply_content": "\u679c\u7136\u53bb\u8525\u54e5\u662f\u500b\u72e0\u89d2\u8272",
            "likeCount": 0
        },
        {
            "reply_id": "UgyroZesMKaTXMLZNkR4AaABAg",
            "reply_content": "\u770b\u5b8c\u6a19\u984c\u5df2\u7d93\u6309\u4e0d\u559c\u6b61\u4e86\u8b1d\u8b1d",
            "likeCount": 1
        },
        {
            "reply_id": "Ugy-Yp_wdtNTdG8lcNx4AaABAg",
            "reply_content": "\u6211\u5ba3\u5e03\u6d0b\u8471\u5df2\u7ecf\u88ab\u80a5\u5b85\u793e\u6c38\u4e45\u5f00\u9664",
            "likeCount": 1
        },
        {
            "reply_id": "Ugwv2XEZ5VNDoXj4uXJ4AaABAg",
            "reply_content": "\u9047\u5230\u5c0f\u5bb5\u864e\u5357\u9019\u6a23\u7684\u8209\u52d5\u5982\u679c\u4e0d\u6688 \u90a3\u5c31\u4e0d\u662f\u7537\u4eba\u4e86",
            "likeCount": 0
        },
        {
            "reply_id": "UgxaXtR7axQw_vi3uH14AaABAg",
            "reply_content": "\u770b\u5230\u6d0b\u8525\u548c\u5973\u512a\u55ae\u7368\u7d04\u6703\u592a\u611f\u52d5\uff0c\u5f97\u5148\u53bb\u62bd\u5e7e\u5f35\u885b\u751f\u7d19",
            "likeCount": 0
        },
        {
            "reply_id": "Ugyfu16CLcNRjXrFpOt4AaABAg",
            "reply_content": "\u9019\u61c9\u8a72\u662f\u6d0b\u8525\u6700\u7dca\u5f35\u7684\u6642\u5019",
            "likeCount": 0
        },
        {
            "reply_id": "Ugx_39_DVmreyh4WaS94AaABAg",
            "reply_content": "\u770b\u5f97\u51fa\u4f86\u6eff\u6eff\u5c37\u5c2c \u958b\u5834\u63d0\u5230\u5abd\u5abd\u771f\u7684\u6eff\u6eff\u6548\u679c",
            "likeCount": 0
        },
        {
            "reply_id": "UgwM5AoN6Liira9yx_x4AaABAg",
            "reply_content": "\u6d0b\u8525\u7ad9\u8d77\u4f86\u6642\u4e0d\u77e5\u9053\u6709\u6c92\u6709\u4f7f\u51fa\u79d8\u8853\uff0e\u524d\u50be\u58d3\u4f4f\u5de8\u9f8d\u4e4b\u8853",
            "likeCount": 0
        },
        {
            "reply_id": "Ugxt4Ss9g7cWGiXGg1h4AaABAg",
            "reply_content": "\u9019\u5c2c\u7684\u7a0b\u5ea6\u679c\u7136\u6eff\u5206.\u5b8c\u5168\u505a\u5230\u8a72\u6709\u7684\u6548\u679c\u4e86",
            "likeCount": 0
        },
        {
            "reply_id": "UgwOb-h7NuLATbWK4Hd4AaABAg",
            "reply_content": "\u6211\u77e5\u9053\u4eca\u5929\u8981\u770b\u8ab0\u7684\u7247\u4e86",
            "likeCount": 0
        },
        {
            "reply_id": "Ugyl6eB_9639sUz0JIx4AaABAg",
            "reply_content": "\u6d0b\u8525\u7684\u4e0d\u81ea\u5728\u6709\u9ede\u53ef\u611b\u54c8\u54c8\u54c8\u54c8",
            "likeCount": 0
        },
        {
            "reply_id": "UgwI7qcOP3Cbo6IDP8h4AaABAg",
            "reply_content": "\u5973\u512a\u90fd\u6c92\u99ac\u8cfd\u514b\u4e86\u4e5f\u4e0d\u77e5\u9053\u9084\u5728\u78bc\u4ec0\u9ebc",
            "likeCount": 0
        },
        {
            "reply_id": "UgxdOoHYgXXNZrd2go54AaABAg",
            "reply_content": "\u770b\u6d0b\u8525\u88ab\u5973\u751f\u8abf\u6232\u597d\u597d\u7b11\u597d\u53ef\u611b\u54c8\u54c8\u54c8\u54c8",
            "likeCount": 28
        },
        {
            "reply_id": "Ugwxu5vz_bEm4-_KoXh4AaABAg",
            "reply_content": "\u6211\u767c\u73fe\u804a\u5929\u4f60\u7684\u6c23\u6c1b\u4e00\u5b9a\u8981\u5f88\u6d3b\u8e8d\u8a9e\u8abf\u8981\u958b\u5fc3\u6d3b\u6f51\u4e00\u9ede\u5c0d\u65b9\u4e5f\u6bd4\u8f03\u653e\u9b06",
            "likeCount": 7
        }
    ]
}