{
    "video_info": {
        "id": "WQfSxjtPHEY",
        "channelTitle": "Onion Man",
        "title": "Onion Man | \u74b0\u5cf6\u5e6b\u8352\u5510\u5230\u7206\u7684\u65e5\u672c\u884c\uff01\u62c9\u9eb5\u7684\u6230\u722d\uff01\u5927\u962a\u884c(\u4e8c)   @BIGSNAKEBALL  @superpepper.@z2ztwo@foodfoodaddict",
        "description": "\u9019\u7bc7\u756b\u4e86\u74b0\u5cf6\u5e6b\u6574\u8d9f\u65c5\u904a\u7684\u5fc3\u5f97\uff0c\u74b0\u7403\u5f71\u57ce\u7684\u5fc3\u7d50\uff0c\u5403\u62c9\u9eb5\u7684\u885d\u7a81\uff0c\u597d\u770b!!!!!!!!!!!!!!!!!!!!!!!!!!!!\n\n\u9818\u57df\u5c55\u958b-Surfshark \u96d911\u512a\u60e0\uff01\u8981\u8cb7\u5c31\u8d81\u9019\u6ce2\u5566\n\u9ede\u64ca: https://surfshark.tw/partner/onion9487  \n\u8f38\u5165\u512a\u60e0\u4ee3\u78bc [onion9487]\n\u5373\u53ef\u7372\u5f97\u5c08\u5c6c\u512a\u60e0\u52a0\u984d\u59165\u500b\u6708\u514d\u8cbb\uff01\n\n0:00 \u5f71\u7247\u958b\u59cb\n00:12 \u9818\u57df\u5c55\u958b\u756a\u5916\u7bc7\n2:22 \u74b0\u5cf6\u5e6b\u5168\u54e1\u524d\u5f80\u74b0\u7403\n6:00 \u96f7\u5305\u5730\u7344\n8:30 fred\u7684\u9a5a\u559c\n10:09 \u62c9\u9eb5\u7684\u7cfe\u7d50\n\n\u3010\u8a02\u95b1\u3011\u53ca\u89c0\u770b\u6d0b\u8525\u66f4\u591a\u5f71\u7247: https://goo.gl/ijP3Eb\n\n\u5de5\u4f5c\u5408\u4f5c\uff1aonionmanwork@gmail.com\nOnion Man \u767e\u842c\u8ffd\u8e64\u7c89\u7d72\u5718:goo.gl/Z5CSvw\n\n\u6700\u65b0\u963f\u6587\u8cbc\u5716:https://reurl.cc/GxYjA\n\n\u7b2c\u4e00\u4ee3\u963f\u6587line\u8cbc\u5716:https://reurl.cc/Wroxx\n\n\u6d0b\u8525\u79c1\u751f\u6d3bIG:https://www.instagram.com/onionman__/\n\n\n\u904b\u52d5\u6f2b\u756b\u88e1\u7684\u4e2d\u4e8c\u8001\u6897\u5287\u60c5\n\u25ba\u7b2c\u4e00\u96c6:https://youtu.be/cMoV1rPH35k\n\u25ba\u7b2c\u4e8c\u96c6:https://youtu.be/iW7LM00lny0\n\u25ba\u7b2c\u4e09\u96c6:https://youtu.be/2G5wu61uCM0\n\u25ba\u7b2c\u56db\u96c6:https://youtu.be/-rP1abYv8n4\n\nOnion Man \u95dc\u9375\u5b57:\n\u4e2d\u4e8c \u80a5\u5b85 \u55ae\u8eab\u6f22 \u55ae\u8eab \u9b6f\u86c7 \u5c4c\u7d72 \u80a5\u5b85",
        "likeCount": "10093",
        "commentCount": "830",
        "viewCount": "503704"
    },
    "comments": [
        {
            "reply_id": "Ugw509ylg9Z1EriISJJ4AaABAg",
            "reply_content": "\u9019\u500b\u9818\u57df\u5c55\u771f\u7684\u662f\u592a\u592a\u592a\u53b2\u5bb3",
            "likeCount": 0
        },
        {
            "reply_id": "UgycqMXBa3dUpNIiDi54AaABAg",
            "reply_content": "\u76ee\u524d\u898b\u904e\u6700\u7528\u5fc3\u7684\u696d\u914d",
            "likeCount": 0
        },
        {
            "reply_id": "Ugz-KwMKr1iukDWYngB4AaABAg",
            "reply_content": "\u6211\u89ba\u5f97\u6709\u5e36\u5165\u52d5\u756b\u7684\u6897\u771f\u7684\u5f88\u4e0d\u932f",
            "likeCount": 0
        },
        {
            "reply_id": "UgyEfjnl3wiGkLfi8wl4AaABAg",
            "reply_content": "\u597d\u559c\u6b61\u6d0b\u8525\u7684\u5404\u7a2e\u65c5\u884c\u8a18\u9304\u771f\u7684\u597d\u7d2f\u597d\u597d\u7b11\u597d\u597d\u73a9",
            "likeCount": 0
        },
        {
            "reply_id": "Ugws8TYS3q_VU1ZqN5J4AaABAg",
            "reply_content": "\u6211\u6628\u5929\u525b\u53bb\u4f46\u6211\u65e9\u4e0a\u516d\u9ede\u5c31\u8d77\u5e8a\u8d95\u96fb\u8eca\uff0c\u5230\u73fe\u5834\u7684\u6642\u5019\u516b\u9ede\u591a\u4e00\u8def\u4e00\u76f4\u73a9\u5230\u96e2\u958b\u7684\u6642\u5019\u5df2\u7d93\u665a\u4e0a\u5feb\u4e5d\u9ede\u4e86\uff0c\u8cb7\u4e86\u4e03\u9805\u5feb\u901f\u81ea\u5df1\u6392\u4e86\u5169\u500b\u7136\u5f8c\u53c8\u770b\u904a\u884c\u8ddf\u6c34\u4e16\u754c\uff0c\u6700\u5f8c\u624d\u8d70\u51fa\u9580\u53e3\u5427\u8a08\u7a0b\u8eca\u56de\u5fc3\u9f4b\u6a4b\uff0c\u91cd\u9ede\u662f\u6211\u5152\u5b50\u5169\u9ede\u591a\u5c31\u6490\u4e0d\u4f4f\u4e86\u6211\u62b1\u8457\u4ed6\u4e00\u76f4\u8d70\u4e00\u76f4\u6392\u968a\uff0c\u4e00\u76f4\u5230\u7b2c\u516d\u9ede\u591a\u4ed6\u624d\u9192\u4f86",
            "likeCount": 0
        },
        {
            "reply_id": "UgwK0TCAF9nMGiBs3ph4AaABAg",
            "reply_content": "\u90a3\u9593\u4e00\u862d\u4e0d\u7ba1\u5e7e\u9ede\u53bb\u90fd\u8981\u6392\u968a\u54c8\u54c8",
            "likeCount": 0
        },
        {
            "reply_id": "Ugw7Ao-cIbiaukiNNYN4AaABAg",
            "reply_content": "\u600e\u9ebc\u65c5\u904a\u90fd\u9047\u5230\u96f7\u7684\u4e8b\u4f46\u90fd\u597d\u597d\u7b11\u54c8\u54c8\u54c8\u54c8",
            "likeCount": 0
        },
        {
            "reply_id": "Ugz5wJgs0oBDdiUbIjd4AaABAg",
            "reply_content": "\u56e0\u70ba\u65e5\u672c\u8ddf\u4e2d\u570b\u4e5f\u90fd\u653e\u9577\u5047",
            "likeCount": 0
        },
        {
            "reply_id": "UgyYRczwlWqaKkXxNx94AaABAg",
            "reply_content": "\u6b38\u4e0d\u662f\u5f8c\u9762\u7167\u7247\u9ed1\u767d\u4e5f\u592a\u597d\u7b11",
            "likeCount": 0
        },
        {
            "reply_id": "UgxfAqJuHnXG9UZX8jd4AaABAg",
            "reply_content": "\u5c11\u6578\u696d\u914d\u6703\u8b93\u6211\u91cd\u982d\u770b\u5230\u5c3e\uff08\u91cd\u770b\u516d\u904d\u7684\u8def\u904e",
            "likeCount": 0
        },
        {
            "reply_id": "UgzpPgZvJ3dHSfSD2TR4AaABAg",
            "reply_content": "\u751f\u547d\u4e2d\u5c31\u662f\u8981\u6709\u96f7\u96f7\u5925\u4f34\u624d\u7cbe\u5f69",
            "likeCount": 0
        },
        {
            "reply_id": "UgxxRjGPu_lV1eYeSQp4AaABAg",
            "reply_content": "\u4e00\u5b9a\u8981\u5403\u4e00\u862d\uff0c\u56e0\u70ba\u53f0\u7063\u7684\u4e00\u862d\u5403\u4e0d\u51fa\u65e5\u672c\u7684\u9053\u5730\u5473\u9053",
            "likeCount": 0
        },
        {
            "reply_id": "UgzTuGOEmuV2xQBvFEd4AaABAg",
            "reply_content": "\u65c5\u4f34\u6700\u91cd\u8981\u5c31\u662f\u8981\u627e\u500b\u6709\u9322\u4eba\u4e00\u8d77\u53bb",
            "likeCount": 0
        },
        {
            "reply_id": "UgzKojsp6cRsw4OuMzp4AaABAg",
            "reply_content": "\u9019\u500b\u60c5\u5883\u914d\u4e0a\u6d77\u8cca\u738b\u90a3\u500b\u8868\u60c5\u771f\u7684\u642d\u5230\u9760\u5317\n\u5feb\u7b11\u6b7b",
            "likeCount": 0
        },
        {
            "reply_id": "UgxQgcvHISbgBE4quGx4AaABAg",
            "reply_content": "\u7b11\u6b7b\u6691\u5047\u6211\u4e5f\u8ddf\u6211\u7238\u5abd\u53bb\u74b0\u7403\uff0c\u7136\u5f8c\u6211\u624b\u6490\u8457\u6b04\u6746\u7ad9\u8457\u7761",
            "likeCount": 0
        },
        {
            "reply_id": "UgzQVCLpi-PDCOKJTYh4AaABAg",
            "reply_content": "\u91d1\u9f8d\u9694\u58c1\u56db\u5929\u738b\u90fd\u5c4c\u6253\u91d1\u9f8d",
            "likeCount": 0
        },
        {
            "reply_id": "UgzaHs7L7xidFpKi_jp4AaABAg",
            "reply_content": "\u7576\u521d\u883b\u5f8c\u6094\u5403\u4e86\u91d1\u9f8d\u6d6a\u8cbb\u809a\u5b50",
            "likeCount": 0
        },
        {
            "reply_id": "Ugy34gGriS_PzTQgaJ54AaABAg",
            "reply_content": "\u771f\u7684\u6703\u671f\u5f85\u74b0\u5cf6\u5e6b\u7684\u65c5\u884c",
            "likeCount": 0
        },
        {
            "reply_id": "UgyqyW57FE-WLxmqKn94AaABAg",
            "reply_content": "\u539f\u4f86\u65e5\u672c\u7684\u9023\u5047\u4e5f\u662f\u8ddf\u53f0\u7063\u4e00\u6a23 \u5927\u5bb6\u51fa\u53bb\u73a9\u7684\u5fc3\u662f\u4e0d\u6703\u8b8a\u7684",
            "likeCount": 0
        },
        {
            "reply_id": "Ugwe1JeUnL-a75_oxpp4AaABAg",
            "reply_content": "\u9019\u662f\u6211\u770b\u904e\u6700\u597d\u7684\u696d\u914d",
            "likeCount": 1
        }
    ]
}