{
    "video_info": {
        "id": "zOtbxmD1QUI",
        "channelTitle": "Onion Man",
        "title": "Onion Man | \u6d0b\u8525\u7684\u5531\u6b4c\u7cd7\u4e8b| \u5531KTV\u9189\u8db4\u5728\u4eba\u884c\u9053\u4e0a| \u6d0b\u8525\u7684\u5531\u6b4c\u7cd7\u4e8b\uff5c\u89e3HIGH\u7684\u5b85\u7537",
        "description": "\u6211\u771f\u7684\u4e0d\u60f3\u5531\uff0c\u6211\u6bcf\u6b21\u90fd\u662f\u88ab\u903c\u7684\n\n\u3010\u8a02\u95b1\u3011\u53ca\u89c0\u770b\u6d0b\u8525\u66f4\u591a\u5f71\u7247: https://goo.gl/ijP3Eb\n\n\u5de5\u4f5c\u5408\u4f5c\uff1aonionmanwork@gmail.com\nOnion Man \u767e\u842c\u8ffd\u8e64\u7c89\u7d72\u5718:goo.gl/Z5CSvw\n\n\u6700\u65b0\u963f\u6587\u8cbc\u5716:https://reurl.cc/GxYjA\n\n\u7b2c\u4e00\u4ee3\u963f\u6587line\u8cbc\u5716:https://reurl.cc/Wroxx\n\n\u6d0b\u8525\u79c1\u751f\u6d3bIG:https://www.instagram.com/onionman__/\n\n\n\u904b\u52d5\u6f2b\u756b\u88e1\u7684\u4e2d\u4e8c\u8001\u6897\u5287\u60c5\n\u25ba\u7b2c\u4e00\u96c6:https://youtu.be/cMoV1rPH35k\n\u25ba\u7b2c\u4e8c\u96c6:https://youtu.be/iW7LM00lny0\n\u25ba\u7b2c\u4e09\u96c6:https://youtu.be/2G5wu61uCM0\n\u25ba\u7b2c\u56db\u96c6:https://youtu.be/-rP1abYv8n4\n\nOnion Man \u95dc\u9375\u5b57:\n\u4e2d\u4e8c \u80a5\u5b85 \u55ae\u8eab\u6f22 \u55ae\u8eab \u9b6f\u86c7 \u5c4c\u7d72 \u80a5\u5b85",
        "likeCount": "5004",
        "commentCount": "477",
        "viewCount": "271714"
    },
    "comments": [
        {
            "reply_id": "Ugwo4ZVJ6Ezw1GPQMaF4AaABAg",
            "reply_content": "\u62f3\u723a\u63a5\u6d0b\u8525\u56de\u5bb6\u90a3\u4e00\u5e55\u600e\u9ebc\u9019\u9ebc\u6709\u611b",
            "likeCount": 6
        },
        {
            "reply_id": "Ugx7DRPdJU5KnxcZQOR4AaABAg",
            "reply_content": "\u662f\u6642\u5019\u51fa\u4e00\u9996\u9952\u820c\u6b4c\u4e86",
            "likeCount": 0
        },
        {
            "reply_id": "Ugyhv1ebKGTXPFWuQux4AaABAg",
            "reply_content": "\u9694\u8457\u87a2\u5e55\u90fd\u80fd\u611f\u53d7\u5230\u7684\u5c2c",
            "likeCount": 0
        },
        {
            "reply_id": "UgwVHeDICQ6v8ZrmW4J4AaABAg",
            "reply_content": "\u5feb\u9ede\u5beb\u4e00\u9996\u5feb\u6b4c\u5c31\u89e3\u6c7a\u5566",
            "likeCount": 0
        },
        {
            "reply_id": "UgzKMN3E_IQfE6bbejp4AaABAg",
            "reply_content": "\u6709\u4eba\u5403\u71b1\u7092\u559d\u9189\u5410\u5728\u8def\u908a\u7684\u55ce",
            "likeCount": 0
        },
        {
            "reply_id": "Ugxr8Z7Iqb42bisc03V4AaABAg",
            "reply_content": "\u5c45\u7136\u5728\u6d0b\u8525\u7684\u5f71\u7247\u770b\u5230\u91cd\u555f\u4eba\u751f\n\u4eca\u5e74\u6700\u611b\u65e5\u5287\u4e4b\u4e00",
            "likeCount": 0
        },
        {
            "reply_id": "Ugwop_ulWCX1eh5zN994AaABAg",
            "reply_content": "\u90a3\u500b\u5531\u6b4c\u7684\u7247\u6bb5\u771f\u7684\u80fd\u611f\u53d7\u9053\u5c37\u5c2c\u54c8\u54c8\u54c8\u54c8\u54c8\u54c8",
            "likeCount": 0
        },
        {
            "reply_id": "Ugwx3-wnsopU2GcFnJ14AaABAg",
            "reply_content": "\u4e0d\u7ba1\u600e\u9ebc\u6a23\u53cd\u6b63\u4e0b\u5468\u7684\u5f71\u7247\u6211\u5f88\u671f\u5f85",
            "likeCount": 0
        },
        {
            "reply_id": "Ugz4Px59ZuJzm0Qmv4l4AaABAg",
            "reply_content": "\u5531\u7c89\u96ea\u7684\u6f14\u54e1\u5728\u7576\u5b63\u5176\u4ed6\u5287\u5ba2\u4e32\u6642\u4e5f\u5728\u54fc\u7c89\u96ea\uff0c\u4e0d\u5f97\u4e0d\u8aaa\u5531\u5f97\u5f88\u597d",
            "likeCount": 8
        },
        {
            "reply_id": "UgzumUYZ9mAtMVVCTFV4AaABAg",
            "reply_content": "\u53ef\u60dc\uff0c\u5982\u679c\u7576\u6642\u62f3\u723a\u6709\u4e00\u8d77\u53bb\u4f60\u5c31\u80fd\u5531\u9b5a\u4ed4\u4e86",
            "likeCount": 0
        },
        {
            "reply_id": "UgyCgXjsybmtrpU9jEx4AaABAg",
            "reply_content": "\u5c37\u5c2c\u611f\u5f9e\u87a2\u5e55\u6f0f\u51fa\u4f86\u4e86",
            "likeCount": 0
        },
        {
            "reply_id": "Ugwqy-sc244Dh06MycJ4AaABAg",
            "reply_content": "\u9304\u97f3\u684c\u70ba\u4ec0\u9ebc\u662f\u5fb7\u64b2\u7684 \u96e3\u9053\u5728\u6843\u5712\u6578\u5b57\u6216\u83ef\u4eba\u9047\u5f97\u5230\u6d0b\u8525\u55ce",
            "likeCount": 0
        },
        {
            "reply_id": "Ugzds-Gt2zRKcvHPQux4AaABAg",
            "reply_content": "\u6d0b\u8525\u7684\u623f\u9593\u611f\u89ba\u597d\u5927\u9593\uff0c\u6211\u9084\u4ee5\u70ba\u6703\u6709\u96d5\u50cf\u6a21\u578b\u5c55\u793a\u6ac3",
            "likeCount": 0
        },
        {
            "reply_id": "UgwHS2MvnOrQzTmGLmp4AaABAg",
            "reply_content": "\u90a3\u6d0b\u8525\u8981\u4f86\u9304\u9996\u7c89\u5b78\u4e86\u55ce",
            "likeCount": 0
        },
        {
            "reply_id": "UgzfdhvGMsjfthTSYIl4AaABAg",
            "reply_content": "\u9019\u4e9b\u806f\u8abc\u5c40\u90fd\u662f\u7d05\u5091\u641e\u51fa\u4f86\u7684\u55ce \u597d\u5f37\u7684\u4eba\u8108 \u6211\u5149\u8ddf\u4e0d\u8a8d\u8b58\u7684\u4eba\u8aaa\u8a71\u5c31\u6703\u7dca\u5f35\u5230\u53e3\u4e0d\u64c7\u8a00\u554a",
            "likeCount": 0
        },
        {
            "reply_id": "UgziE0sPdnNTslHSG5Z4AaABAg",
            "reply_content": "\u771f\u5be6\u7684\u5c2c\u756b\u9762\u5c2c\u5230\u87a2\u5e55\u5916\u7684\u6211\u90fd\u611f\u89ba\u5230\u4e86\u54c8\u54c8",
            "likeCount": 0
        },
        {
            "reply_id": "UgxBvXudRtcUv6TAia94AaABAg",
            "reply_content": "\u8d85\u671f\u5f85\u4e0b\u96c6.\u60f3\u5feb\u9ede\u770b\u5230\u6d0b\u8525\u7a76\u7adf\u80fd\u5c2c\u5230\u4ec0\u9ebc\u7a0b\u5ea6",
            "likeCount": 0
        },
        {
            "reply_id": "UgzTYfGlOC1AiMdAbn14AaABAg",
            "reply_content": "\u91cd\u555f\u4eba\u751f\u771f\u7684\u597d\u770b\u63a8\u63a8",
            "likeCount": 0
        },
        {
            "reply_id": "UgyFyeJWC6-UrA8F4D94AaABAg",
            "reply_content": "\u592a\u53ef\u6015\u4e86\uff0c\u90a3\u6bb5\u93e1\u982d\u5f9e\u53f3\u6162\u6162\u5f80\u5de6\u5e36\u5230\u4e00\u6392\u4eba\u807d\u4f60\u5531\u6b4c\u7684\u5f71\u7247\u7c21\u76f4\u53ef\u4ee5\u8eab\u6b77\u5176\u5883\u7684\u611f\u53d7\u5230\u73fe\u5834\u5c37\u5c2c\u7684\u6c1b\u570d\uff0c\u9019\u7a2e\u5f71\u7247\u5c45\u7136\u76f4\u63a5\u4e0a\u50b3\u7d66\u7db2\u53cb\u5011\u89c0\u770b\uff0c\u660e\u986f\u662f\u500b\u72e0\u89d2\u8272",
            "likeCount": 400
        },
        {
            "reply_id": "UgwpM5FHsYPPorW72y94AaABAg",
            "reply_content": "\u80fd\u9019\u9ebc\u89e3\u55e8\u7684\u4eba\u4e0d\u591a\u4e86 \u8981\u73cd\u60dc\u81ea\u5df1\u9084\u6709\u9019\u9805\u7279\u9577",
            "likeCount": 50
        }
    ]
}