{
    "channel": {
        "title": "\u4e09\u539fJAPAN Sanyuan_JAPAN",
        "id": "UCCBq7s8VOCyek275uvq5lYQ",
        "customUrl": "@sanyuanjapan2015",
        "uploads": "UUCBq7s8VOCyek275uvq5lYQ"
    },
    "videos": [
        {
            "id": "t7KAUKiiiLE",
            "title": "\u592a\u559c\u6b61\u6240\u4ee5\u6c7a\u5b9a\u5ac1\u5230\u53f0\u7063\uff01\u65e5\u672c\u8b77\u7406\u5e2b\u7b2c\u4e00\u6b21\u9ad4\u9a57\u53f0\u7063\u58eb\u6797\u591c\u5e02\uff01"
        },
        {
            "id": "4QqIw3Ctats",
            "title": "\u65e5\u672c\u8b77\u7406\u5e2b\u7b2c\u4e00\u6b21\u9ad4\u9a57\u53f0\u7063\u65e9\u9910\u5e97\uff01\u53f0\u7063\u98df\u7269\u592a\u5408\u80c3\u53e3\uff0c\u6240\u4ee5\u6c7a\u5b9a\u8981\u5ac1\u5230\u53f0\u7063\u4f86\uff01\uff1f"
        },
        {
            "id": "a5LVD5RLmGY",
            "title": "\u52a0\u73ed\u7684\u5dee\u7570(\u53f0\u7063\u4f4f\u5e7e\u5e74?) #\u4e09\u539f #\u65e5\u672c #\u65e5\u672c\u89c0\u5149 #\u65e5\u672c\u6587\u5316 #\u65e5\u672c\u8077\u5834 #\u6587\u5316\u5dee\u7570"
        },
        {
            "id": "RocsGSw66ms",
            "title": "\u9019\u5c31\u662f\u53f0\u7063\u6703\u88ab\u8ff7\u4e0a\u7684\u7406\u7531\uff01\u8a2a\u554f\u4f86\u53f0\u7063\u6587\u5316\u796d\u7684\u4eba\u6c92\u60f3\u5230\u6703\u56de\u7b54\u53f0\u7063\u662f\u6cbb\u7652\u5fc3\u7684\u5730\u65b9\u2026"
        },
        {
            "id": "WL9hfIoH2Nk",
            "title": "\u706b\u934b\u6cbe\u91ac\u7684\u6311\u6cd5(\u53f0\u7063\u4f4f\u5e7e\u5e74?) #\u4e09\u539f #\u65e5\u672c #\u65e5\u672c\u65c5\u904a #\u65e5\u672c\u89c0\u5149 #\u6587\u5316\u5dee\u7570 #\u706b\u934b #\u53f0\u7063\u706b\u934b #\u9ebb\u8fa3\u934b #\u53f0\u7063\u89c0\u5149"
        },
        {
            "id": "CzzHr-DIhWs",
            "title": "\u5348\u4f11\u7684\u5dee\u5225(\u53f0\u7063\u4f4f\u5e7e\u5e74?) #\u4e09\u539f #\u65e5\u672c #\u65e5\u672c\u6587\u5316 #\u65e5\u672c\u89c0\u5149 #\u65e5\u672c\u65c5\u904a #\u6587\u5316\u5dee\u7570 #\u8077\u5834 #\u65e5\u672c\u8077\u5834 #\u53f0\u7063\u8077\u5834"
        },
        {
            "id": "83NkblpEaPI",
            "title": "\u706b\u934b\u6536\u5c3e\u7684\u5dee\u7570(\u53f0\u7063\u4f4f\u5e7e\u5e74?) #\u4e09\u539f #\u65e5\u672c #\u65e5\u672c\u89c0\u5149 #\u65e5\u672c\u6587\u5316 #\u65e5\u672c\u65c5\u904a #\u6587\u5316\u5dee\u7570 #\u706b\u934b #\u53f0\u7063\u706b\u934b"
        },
        {
            "id": "AMIvDMCkqd0",
            "title": "\u5c0f\u5948\u5ac1\u5230\u53f0\u7063\u4e86\uff01\u65e5\u672c\u5ab3\u5a66\u5c0f\u5948\u7b2c\u4e00\u6b21\u9ad4\u9a57\u53f0\u7063\u60c5\u4fb6\u751f\u6d3b\uff01"
        },
        {
            "id": "429tJ0CiTNk",
            "title": "\u63db\u5de5\u4f5c\u7684\u5dee\u7570(\u65e5\u672c\u548c\u53f0\u7063\u7684\u5dee\u7570) #\u4e09\u539f #\u65e5\u672c #\u65e5\u672c\u6587\u5316 #\u65e5\u672c\u8077\u5834 #\u8077\u5834 #\u6587\u5316\u5dee\u7570"
        },
        {
            "id": "HZLiccMSs_Q",
            "title": "\u300c\u5eb7\u840a\u5fb7\u98ef\u5e97\u300d\uff08\u65e5\u672c\u7684\u63a8\u85a6\u666f\u9ede\uff09 #\u4e09\u539f #\u65e5\u672c  #\u65e5\u672c\u89c0\u5149  #\u65e5\u672c\u65c5\u904a  #\u65e9\u9910 #\u6771\u4eac #\u6771\u4eac\u65e9\u9910 #\u6771\u4eac\u98ef\u5e97"
        },
        {
            "id": "ka9nfsRMJL0",
            "title": "\u300c\u672c\u5e97\u7981\u6b62\u5916\u570b\u4eba\u5165\u5167\u300d\u5982\u679c\u53f0\u7063\u5ba2\u4eba\u5728\u5496\u5561\u5ef3\u88ab\u6b67\u8996\u7684\u8a71 \u65e5\u672c\u4eba\u6703\u6709\u751a\u9ebc\u53cd\u61c9\u5462\uff1f\u3010\u793e\u6703\u5be6\u9a57\u3011"
        },
        {
            "id": "6S7V1u7fUTY",
            "title": "\u5ba3\u50b3\u89c0\u5149\u884c\u7a0b(\u6d3b\u52d5\u5831\u540d\u50c5\u9650\u4e09\u539f\u6167\u609fIG) #\u4e09\u539f #\u65e5\u672c #\u65e5\u672c\u89c0\u5149 #\u89c0\u5149\u884c\u7a0b #\u65e5\u672c\u65c5\u904a #\u65e5\u672c\u6587\u5316 #\u5ba3\u50b3 #\u6771\u4eac\u89c0\u5149"
        },
        {
            "id": "HBIbEMhLJZg",
            "title": "\u65e5\u672c\u6700\u5f37\u7684\u9b06\u9905\u5e97 #\u4e09\u539f #\u65e5\u672c #\u65e5\u672c\u89c0\u5149 #\u65e5\u672c\u65c5\u904a #\u751c\u9ede  #\u9b06\u9905"
        },
        {
            "id": "aktrGOK2IJg",
            "title": "\u6771\u4eac\u9435\u5854\u7684\u6b63\u78ba\u62cd\u6cd5part3 #\u4e09\u539f #\u65e5\u672c #\u65e5\u672c\u65c5\u904a #\u65e5\u672c\u89c0\u5149 #\u6771\u4eac\u9435\u5854"
        },
        {
            "id": "mBnbLu1MVo8",
            "title": "\u65e5\u672c\u5c0f\u52a9\u7406\u7b2c\u4e00\u6b21\u9ad4\u9a57\u53f0\u7063\u4fbf\u7576\uff01\u5c0f\u5948\u4e00\u65e5\u82d7\u6817\u8fb2\u6751\u65c5\u904a\u5168\u8a18\u9304\uff01"
        },
        {
            "id": "EU182x4rs1I",
            "title": "\u70ba\u670b\u53cb\u898f\u5283\u4e86\u89c0\u5149\u884c\u7a0b #\u4e09\u539f #\u65e5\u672c #\u65e5\u672c\u89c0\u5149 #\u65e5\u672c\u65c5\u904a #\u6771\u4eac  #\u6f80\u8c37  #\u6e0b\u8c37"
        },
        {
            "id": "gbeHI5qYFpo",
            "title": "\u4e0a\u73ed\u670d\u88dd\u7684\u5dee\u7570(\u53f0\u7063\u4f4f\u5e7e\u5e74?) #\u4e09\u539f #\u65e5\u672c #\u65e5\u672c\u89c0\u5149 #\u65e5\u672c\u65c5\u904a #\u6587\u5316\u5dee\u7570 #\u65e5\u672c\u6587\u5316"
        },
        {
            "id": "wHn1ZLx68jE",
            "title": "\u7d42\u65bc\u5403\u5230\u4e86...\uff01\u65e5\u672c\u5c0f\u52a9\u7406\u7b2c\u4e00\u6b21\u53f0\u7063\u725b\u8089\u9eb5\u8ddf\u5c0f\u5948\u5728\u6843\u5712\u4e00\u65e5\u904a"
        },
        {
            "id": "9DRnk9UfjXc",
            "title": "(98%\u306e\u5916\u570b\u4eba\u4e0d\u77e5\u9053)\u58fd\u53f8\u7684\u5403\u6cd5 #\u4e09\u539f #\u65e5\u672c #\u65e5\u672c\u89c0\u5149 #\u65e5\u672c\u65c5\u904a #\u65e5\u672c\u7f8e\u98df #\u58fd\u53f8"
        },
        {
            "id": "Ng4q0DI-m9Y",
            "title": "\u706b\u934b\u6e6f\u982d\u7684\u6311\u6cd5\uff08\u53f0\u7063\u4f4f\u5e7e\u5e74\uff1f\uff09#\u4e09\u539f #\u65e5\u672c #\u65e5\u672c\u89c0\u5149 #\u53f0\u7063\u65c5\u904a #\u53f0\u7063\u706b\u934b"
        },
        {
            "id": "MfZeAKj2i-s",
            "title": "\u6771\u4eac\u7063\u7d0d\u6dbc\u8239  #\u4e09\u539f #\u65e5\u672c  #\u65e5\u672c\u89c0\u5149 #\u65e5\u672c\u65c5\u904a #\u65c5\u904a"
        },
        {
            "id": "GgFPaMPI6LA",
            "title": "\u63a5\u96fb\u8a71\u7684\u5dee\u7570\uff08\u53f0\u7063\u4f4f\u5e7e\u5e74\uff1f\uff09#\u4e09\u539f #\u65e5\u672c #\u65e5\u672c\u89c0\u5149 #\u65e5\u672c\u65c5\u904a #\u6587\u5316\u5dee\u7570"
        },
        {
            "id": "iXD-1WHm8JM",
            "title": "\u611f\u8b1d\u7684REELS#\u4e09\u539f #\u65e5\u672c #\u65e5\u672c\u7f8e\u599d #\u65e5\u672c\u7f8e\u5bb9 #DUO"
        },
        {
            "id": "x7o1o6aZqrE",
            "title": "\u3010\u5fc5\u5b58\u3011\u65e5\u672c\u8a08\u7a0b\u8eca\u7684\u653b\u7565\u6cd5\uff01#\u4e09\u539f #\u65e5\u672c #\u65e5\u672c\u89c0\u5149 #\u65e5\u672c\u65c5\u904a #TAXIGO"
        },
        {
            "id": "wVQNI2AatiE",
            "title": "\u9ad4\u9a57\u591c\u9593\u6cf3\u6c60#\u4e09\u539f #\u65e5\u672c #\u65e5\u672c\u89c0\u5149 #\u65e5\u672c\u65c5\u904a #\u591c\u9593\u6cf3\u6c60"
        },
        {
            "id": "uPypeWDemHk",
            "title": "\u539f\u4f86\u6b4c\u821e\u4f0e\u753a\u662fMIT\uff01\uff1f\u5fb9\u5e95\u6848\u5167\u65e5\u672c\u6700\u5927\u7684\u793e\u6703\u9ed1\u6697\u9762\uff01\u3010\u65e5\u672c\u306e\u95c7ep.4\u3011@leekomaki\u200b"
        },
        {
            "id": "X0lHrCKrTHA",
            "title": "\u65e5\u672c\u7684\u590f\u5929-\u9685\u7530\u5ddd\u7159\u706b\u5927\u6703#\u4e09\u539f #\u65e5\u672c #\u65e5\u672c\u89c0\u5149 #\u65e5\u672c\u65c5\u904a #\u7159\u706b\u5927\u6703"
        },
        {
            "id": "YVZBvNqlv6o",
            "title": "\u6771\u4eac\u9435\u5854\u7684\u6b63\u78ba\u62cd\u6cd5part2#\u4e09\u539f #\u65e5\u672c #\u65e5\u672c\u89c0\u5149 #\u65e5\u672c\u65c5\u904a #\u6771\u4eac\u9435\u5854"
        },
        {
            "id": "fo594F1Iaa8",
            "title": "\u4fdd\u990a\u7684\u65b9\u6cd5(\u65e5\u672c\u4eba\u5728\u53f0\u5e7e\u5e74?) #\u65e5\u672c #\u4fdd\u990a #\u5378\u599d\u54c1 #duo"
        },
        {
            "id": "4jKE7nuQMSg",
            "title": "\u91cd\u5927\u544a\u77e5!! #\u4e09\u539f #\u65e5\u672c #\u65e5\u672c\u89c0\u5149 #\u65e5\u672c\u6587\u5316"
        },
        {
            "id": "liEjjffoLCU",
            "title": "\u6771\u4eac\u9435\u5854\u7684\u6b63\u78ba\u62cd\u6cd5\uff01#\u4e09\u539f #\u65e5\u672c #\u65e5\u672c\u89c0\u5149 #\u65e5\u672c\u65c5\u904a #\u6771\u4eac\u9435\u5854"
        },
        {
            "id": "P8M-DgiGp-Q",
            "title": "Pok\u00e9mon GO\u5e74\u5ea6\u76db\u5927\u6d3b\u52d5\u300cPok\u00e9mon GO Fest 2023\uff1a\u5168\u7403\u300d\u5373\u5c07\u57282023\u5e748\u670826\u65e5\uff08\u661f\u671f\u516d\uff09\u548c8\u670827\u65e5\uff08\u661f\u671f\u5929\uff09\u767b\u5834\uff01"
        },
        {
            "id": "U1dPF98oUUc",
            "title": "\u5728\u65e5\u672c\u6700\u6709\u540d\u7684\u53f0\u7063\u4eba\u662f\uff1fpart 2\u3010\u65e5\u672c\u8857\u982d\u8a2a\u554f\u3011#\u4e09\u539f #\u65e5\u672c #\u65e5\u672c\u89c0\u5149 #\u65e5\u672c\u65c5\u904a #\u8857\u982d\u8a2a\u554f"
        },
        {
            "id": "7TRIvtySdbg",
            "title": "\u65e5\u672c\u7576\u7d05A\u3007\u7537\u512a\u6e05\u6c34\u5065\u7b2c\u4e00\u6b21\u9ad4\u9a57\u53f0\u7063\u96de\u6392\uff01\u591c\u5e02\u8857\u982d\u8a2a\u554f\uff0c\u62cd\u651d\u6642\u89ba\u5f97\u6700\u8f9b\u82e6\u7684\u5c0d\u8c61\u662f\uff1f\u3010\u62db\u5f85\u4f86\u53f0\u89c0\u5149\u5ba2\u3011"
        },
        {
            "id": "ebQQUXBOIPA",
            "title": "\u6771\u6025\u6b4c\u821e\u4f0e\u753aTOWER\u7684\u5b8c\u5168\u653b\u7565\uff01#\u4e09\u539f #\u65e5\u672c #\u65e5\u672c\u89c0\u5149 #\u65e5\u672c\u65c5\u904a #\u6b4c\u821e\u4f0e\u753a"
        },
        {
            "id": "HIGKZx7EekI",
            "title": "JAGARICO\uff08\u65e5\u672c\u96f6\u98df\u7684\u96b1\u85cf\u5403\u6cd5\uff09#\u4e09\u539f #\u65e5\u672c #\u65e5\u672c\u89c0\u5149 #\u65e5\u672c\u65c5\u904a #\u65e5\u672c\u96f6\u98df"
        },
        {
            "id": "c9qM8DccIec",
            "title": "\u65e5\u672c\u4eba\u6703\u767c\u760b\u7684\u4e2d\u6587-\u300c\u4e00\u300d\u7684\u5538\u6cd5#\u4e09\u539f #\u65e5\u672c #\u65e5\u672c\u89c0\u5149 #\u65e5\u672c\u65c5\u904a #\u8a9e\u8a00\u5b78\u7fd2"
        },
        {
            "id": "RsfRUV2PCRo",
            "title": "\u85cf\u58fd\u53f8\u7684\u96b1\u85cf\u5403\u6cd5\uff01#\u4e09\u539f #\u65e5\u672c #\u65e5\u672c\u89c0\u5149 #\u65e5\u672c\u65c5\u904a #\u85cf\u58fd\u53f8"
        },
        {
            "id": "DDE0adlh8u4",
            "title": "\u4f86\u65e5\u672c\u65c5\u904a\u8981\u77e5\u9053-\u884c\u52d5Suica\u9019\u6a23\u4f7f\u7528\uff01#\u4e09\u539f #\u65e5\u672c #\u65e5\u672c\u89c0\u5149 #\u65e5\u672c\u65c5\u904a #SUICA"
        },
        {
            "id": "c3wh2Fn0AkY",
            "title": "\u571f\u7528\u4e11\u65e5\u5c31\u662f\u8981\u5403\u9c3b\u9b5a\u98ef\uff1f#\u4e09\u539f #\u65e5\u672c #\u65e5\u672c\u89c0\u5149 #\u65e5\u672c\u65c5\u904a #\u65e5\u672c\u6587\u5316"
        },
        {
            "id": "skXcmJirZwk",
            "title": "\u65e5\u672c\u5e03\u4e01\u5403\u6cd5\uff0898%\u5916\u570b\u4eba\u4e0d\u77e5\u9053\uff09#\u4e09\u539f #\u65e5\u672c #\u65e5\u672c\u89c0\u5149 #\u65e5\u672c\u65c5\u904a #\u65e5\u672c\u6587\u5316"
        },
        {
            "id": "M99P9iQYE4k",
            "title": "\u65e5\u672c\u5c0f\u52a9\u7406\u901b\u5e02\u5834\u6311\u6230\u5168\u7a0b\u53f0\u8a9e\uff01\uff1f\u9084\u9047\u5230\u963f\u5b24\u7528\u65e5\u6587\u56de\u8986\u88ab\u9a5a\u5687\u5230\u4e86\uff01"
        },
        {
            "id": "6KkHdFxUeL0",
            "title": "\u8d85\u5de8\u5927\u795e\u6236\u725b\u2026\uff01\u8d85\u4eab\u53d7\u5927\u53e3\u5403\u8089\u584a\u8d85\u904e100\u842c\u65e5\u5e63\u2026\uff01\uff01\u3010\u5927\u962a\u795e\u6236\u65c5\u904a\u3011"
        },
        {
            "id": "SIqFuonha5Q",
            "title": "\u60f3\u56de\u53f0\u7063\u4e00\u56de\u5230\u65e5\u672c\u5c31\u597d\u60f3\u56de\u53f0...\uff01\u53ea\u5728\u53f0\u7063\u624d\u6709\u7684\u610f\u5916\u7684\u6771\u897f\u662f...\uff01\uff1f\u3010\u60f3\u5ff5\u53f0\u7063\u3011"
        },
        {
            "id": "En1AEVqEtNs",
            "title": "\u7576\u5730\u4eba\u4ecb\u7d39\u5404\u985e\u96b1\u85cf\u83dc\u55ae\uff01\u65e5\u672c5\u5bb6\u5e73\u50f9\u9023\u9396\u5e97\u771f\u7684\u96e3\u5403\u55ce\uff1f"
        },
        {
            "id": "MKmlwsb93Gg",
            "title": "\u65e5\u672c\u5c0f\u52a9\u7406\u7b2c\u4e00\u6b21\u5403\u53f0\u5f0f\u725b\u6392\uff01\u53ea\u6709\u5728\u53f0\u7063\u6709\u7684\u9019\u500b\u91ac\u8b93\u4ed6\u611f\u52d5\u4e86\uff01"
        },
        {
            "id": "IkohCxtaXN0",
            "title": "\u5343\u842c\u4e0d\u8981\u5ac1\u7d66\u53f0\u7063\u7537\u751f\uff01\uff1f\u5728\u65e5\u672c\u7684\u570b\u969b\u5a5a\u59fb\u6709\u592a\u591a\u60b2\u58ef\u7684\u6545\u4e8b..."
        },
        {
            "id": "RFq5n-Ao0D4",
            "title": "\u53f0\u7063\u6703\u88ab\u611b\u4e0a\u7684\u539f\u56e0\u5c31\u662f\u9019\u500b\uff01\u8a2a\u554f\u4f86\u53f0\u7063\u796d\u7684\u4eba\u90fd\u8aaa\u4e00\u6a23\u7684\u7406\u7531..."
        },
        {
            "id": "5sHIIrdXhCE",
            "title": "\u300c\u53f0\u7063\u4eba\u4e0d\u8981\u9032\u53bb\u6211\u5011\u5bb6\u7684\u5e97\u300d\u5982\u679c\u5916\u570b\u4eba\u5728\u8857\u982d\u88ab\u6b67\u8996\u7684\u8a71\u65e5\u672c\u4eba\u6703\u600e\u9ebc\u53cd\u61c9\u5462\uff1f\u3010\u793e\u6703\u5be6\u9a57\u3011"
        },
        {
            "id": "41AdiCMPCb4",
            "title": "\u65e5\u672c\u5c0f\u52a9\u7406\u4e5d\u4efd\u5341\u5206\u4e00\u65e5\u904a\u5168\u7d00\u9304\uff01\u559c\u611b\u53f0\u7063\u6599\u7406\u7684\u5c0f\u5948\u96e3\u5f97\u9047\u5230\u82e6\u624b\u6599\u7406...\uff1f"
        },
        {
            "id": "NRIiIMMrybY",
            "title": "\u65e5\u672c\u4eba\u5c31\u662f\u56e0\u70ba\u9019\u500b\u559c\u6b61\u53f0\u7063\uff01\u642d\u8a08\u7a0b\u8eca\u4e2d\u767c\u751f\u904e\u65bc\u611f\u52d5\u7684\u4e8b\u60c5"
        },
        {
            "id": "MZeOvnXv2N4",
            "title": "96\u5c0f\u6642\u5403\u5230\u98fd\u65e5\u672c\u6771\u5317\u79d8\u5883\u7684\u734e\u52f5\u65c5\u904a\uff01\u548c\u725b\u58fd\u559c\u71d2\u3001\u70e4\u7c73\u68d2\u706b\u934b\u7b49\u7b49...\u5404\u7a2e\u4eab\u53d7\u6771\u5317\u6599\u7406\uff01"
        },
        {
            "id": "VQbdrGI8jpo",
            "title": "\u611f\u8b1d\u5c0f\u52a9\u7406\u4e4b\u65c5\uff01\u734e\u52f5\u65c5\u904a\u662f\u6771\u531796\u5c0f\u6642\u5403\u5230\u98fd\uff01\u4eab\u53d7\u5404\u7a2e\u7f8e\u98df\u8ddf\u9ad4\u9a57\u6ed1\u96ea\u4e5f\u592a\u68d2\u4e86\uff01"
        },
        {
            "id": "7WtBCxbda90",
            "title": "\u65e5\u672c\u5c0f\u52a9\u7406\u5728\u53f0\u5317\u4e00\u65e5\u904a\uff01\u7d42\u65bc\u4f86\u5230\u5fc3\u5fc3\u5ff5\u5ff5\u7684\u58eb\u6797\u591c\u5e02\uff01\u592a\u958b\u5fc3\u4e00\u4e0d\u5c0f\u5fc3\u5403\u904e\u982d\u7684\u7d50\u679c\u2026"
        },
        {
            "id": "sh5suFE26qw",
            "title": "\u6211\u5011\u90fd\u88ab\u53f0\u7063\u5316\u4e86\uff01\u65e5\u672c\u4eba\u4f4f\u53f0\u4e00\u5e74,\u4e09\u5e74,\u5341\u5e74\u7684\u8b8a\u5316\u3010\u5c0f\u77ed\u5287\u5408\u96c6\u3011 @\u6771\u4eac\u7537\u5b50\u5716\u9451"
        },
        {
            "id": "okKhYwxfQp4",
            "title": "\u56de\u4e0d\u53bb\u4e86\u65e5\u672c\u4eba\uff01\u53f0\u7063\u4f4f\u4e45\u5f8c\u88ab\u53f0\u7063\u5316\u7684\u5e7e\u4ef6\u4e8b\u2026\u3010\u6211\u5011\u60f3\u5ff5\u53f0\u7063\u3011"
        },
        {
            "id": "r2N9b9cCFLY",
            "title": "\u65e5\u672c\u5c0f\u52a9\u7406\u7b2c\u4e00\u6b21\u9ad4\u9a57\u53f0\u5357\u7f8e\u98df\uff01\u53f0\u5357\u7684\u706b\u934b\u592a\u904e\u8c6a\u83ef\u5687\u5230\u5979\u4e86\uff01"
        },
        {
            "id": "7JGruEF-p3c",
            "title": "\u8a2a\u554f\u65e5\u672c\u7576\u7d05A\u25ef\u5973\u512a\u6df1\u7530\u8a60\u7f8e\uff01\u9023\u7e8c20\u5c0f\u6642\u7684\u62cd\u651d\u4e5f\u592a\u8a87\u5f35\u2026"
        },
        {
            "id": "UxOMxBxValI",
            "title": "\u9023\u559c\u611b\u81ed\u8c46\u8150\u7684\u5c0f\u5948\u4e5f\u7121\u6cd5\u63a5\u53d7\uff01\uff1f\u65e5\u672c\u5c0f\u52a9\u7406\u5728\u6df1\u5751\u8001\u8857\u5403\u7206\u81ed\u8c46\u8150\uff01"
        },
        {
            "id": "c2jzGdH0qn4",
            "title": "\u771f\u7684\u88ab\u9a19\u4e8640\u842c\u65e5\u5e63\u3002\u7d55\u5c0d\u4e0d\u80fd\u53bb\u6b4c\u821e\u4f0e\u753a\u7684\u9152\u5427\u8d85\u7d1a\u6050\u6016...\u3010\u65e5\u672c\u306e\u95c7ep.3\u3011"
        },
        {
            "id": "Q_yLgJL0HnE",
            "title": "\u65e5\u672c\u5c0f\u52a9\u7406\u9ad8\u96c4\u4e00\u65e5\u904a\u5168\u7d00\u9304\uff01\u745e\u8c50\u591c\u5e02\u7684\u5e97\u5bb6\u597d\u71b1\u60c5\u9935\u98df\u9935\u4e0d\u505c\uff01\uff1f"
        },
        {
            "id": "HalCbXUQWyk",
            "title": "\u53ea\u898165\u5143\u53f0\u5e63\uff01\u5728\u65e5\u672c\u7684\u4fbf\u7576\u8ca9\u8ce3\u6a5fCP\u503c\u592a\u9ad8\u5230\u6bcf\u5929\u7f3a\u8ca8..."
        },
        {
            "id": "UzxxfTN5hEs",
            "title": "\u70ba\u4e86\u9632\u7bc4\u6027\u72af\u7f6a\u3001\u5be7\u9858\u81ea\u5df1\u670d\u52d9\u8eab\u969c\u5152\u751a\u81f3\u6700\u5f8c\u9084\u61f7\u5b55\u4e86.... #shorts"
        },
        {
            "id": "xn4Pq3qyG4M",
            "title": "\u6c7a\u5b9a\u4f86\u53f0\u7063\u51fa\u5dee\u4e86\uff01\u8abf\u67e5\u5728\u65e5\u672c\u5c08\u9580\u670d\u52d9\u6b98\u969c\u8005\u7684\u98a8\u3007\u73fe\u5834...\u3010\u65e5\u672c\u8077\u696d\u8a2a\u8ac7\u3011"
        },
        {
            "id": "4thnKcM0_vw",
            "title": "\u8ddf\u62cd\u5728\u65e5\u672c\u767c\u5c55\u53f0\u7063A\u25ef\u5973\u512a\u7684\u4e00\u5929\uff01\u5230\u65e5\u672c\u62cdA\u25ef\u5230\u5e95\u6709\u591a\u8f9b\u82e6\u5462...\uff1f"
        },
        {
            "id": "Ms5ViutfsPU",
            "title": "\u795e\u96b1\u5c11\u5973\u96fb\u5f71\u5834\u666f!!\u65e5\u672c\u677e\u5c71\u5e02\u4e00\u65e5\u904a\u592a\u958b\u5fc3\u5230\u4e0d\u884c!!\u3010\u65e5\u672c\u5c0e\u89bd\u539f\u3011"
        },
        {
            "id": "hPsizTcbrpg",
            "title": "\u3010\u54ed\u4e86\u3011\u6c92\u6709\u751f\u6b7b\u72c0\u9032\u4e0d\u53bb!!\u958b\u7bb1\u5317\u6d77\u9053\u6700\u5371\u96aa\u7684\u52d5\u7269\u5712\u4e0d\u5c0f\u5fc3\u5c31\u54ed\u51fa\u4f86\u4e86\u2026"
        },
        {
            "id": "5lJIjuM_amA",
            "title": "\u5c0f\u5948\u592a\u611f\u52d5\u5230\u5c45\u7136\u7b54\u61c9\u6c42\u5a5a\u4e86\uff1f18\u5c0f\u6642\u5f9e\u6771\u4eac\u5230\u5317\u6d77\u9053\u7684\u8c6a\u83ef\u90f5\u8f2a\u4e4b\u65c5\uff01\u3010\u65e5\u672c\u5c0e\u89bd\u539f\u3011"
        },
        {
            "id": "CmqWBna1KVs",
            "title": "\u6211\u5011\u8981\u56de\u53bb\u65e5\u672c\u4e86\u3002\u65e5\u822a\u5546\u52d9\u8259\u9ad4\u9a57\u8212\u670d\u5230\u7121\u6cd5\u518d\u5750\u5ec9\u822a\uff01\uff1f"
        },
        {
            "id": "TJ4PUrXrSt0",
            "title": "\u5982\u679c\u8cb7\u4e0b\u9019\u4e00\u9593\u5e97\u7684\u8a71\u3001\u5230\u5e95\u6703\u82b1\u591a\u5c11\u9322\u5462\uff01\uff1f\u6700\u5f8c\u56e0\u70ba\u592a\u8cb4\u5c0e\u81f4\u516c\u53f8\u7834\u7522\u2026."
        },
        {
            "id": "v3CxkJejink",
            "title": "\u770b\u5230\u53f0\u5f0f\u65e9\u9910\u5c31\u751f\u6c23\uff1f\u65e5\u672c\u5c0f\u52a9\u7406\u7b2c\u4e00\u6b21\u9ad4\u9a57\u961c\u676d\u8c46\u6f3f\uff01"
        },
        {
            "id": "xaZoSSBmOjg",
            "title": "\u70ba\u4ec0\u9ebc\u5916\u570b\u4eba\u90fd\u60f3\u96e2\u958b\u53f0\u7063\uff1f\u4f4f\u5728\u53f0\u7063\u9084\u662f\u89ba\u5f97\u60f3\u5ff5\u65e5\u672c\u7684\uff14\u4ef6\u4e8b\uff01\u3010\u60f3\u5ff5\u53f0\u7063 \u7279\u5225\u7248\u3011 @yishu_kazuki @takashi88 @mancai_shaoye"
        },
        {
            "id": "x0ElzEnY41E",
            "title": "\u5403\u5230\u7f8e\u98df\u8d85\u8208\u596e\uff01\u65e5\u672c\u5c0f\u52a9\u7406\u7b2c\u4e00\u6b21\u9ad4\u9a57\u9022\u7532\u591c\u5e02\uff01"
        },
        {
            "id": "TPN_y7sfI9g",
            "title": "\u65e5\u672c\u5c0f\u52a9\u7406\u56de\u4f86\u53f0\u7063\u4e86\uff01\u7d42\u65bc\u53ef\u4ee5\u56de\u53f0\u7684\u5c0f\u5948\u5728\u53f0\u7063\u6700\u60f3\u505a\u7684\u4e8b\u60c5\u7adf\u7136\u662f...\uff1f"
        },
        {
            "id": "e049JW8ZYvg",
            "title": "\u53f0\u7063\u771f\u7684\u5b89\u5168\u55ce\uff1f\u6389\u9322\u5305\u7684\u793e\u6703\u5be6\u9a57\u4e2d\u771f\u7684\u6709\u4eba\u62ff\u8d70\u4e86\uff01\uff01\u3010\u53f0\u65e5\u5b89\u5168\u8abf\u67e5\u3011"
        },
        {
            "id": "BQAhhGqsG6U",
            "title": "\u5168\u53f0\u5317\u6700\u7a00\u67096\u7a2e\u65e5\u672c\u7a00\u6709\u7f8e\u98df\uff01\u53ea\u67091%\u7684\u4eba\u5403\u904e\uff1f\uff01Ft. @alisasa_official @yishu_kazuki"
        },
        {
            "id": "zdbw67wqOVI",
            "title": "\u5c0f\u5948\u9019\u9ebc\u611b\u53f0\u7063\u7684\u539f\u56e0\u662f\uff1f \u5e0c\u671b\u5979\u9084\u80fd\u56de\u4f86\u9019\u88e1\u2026"
        },
        {
            "id": "oUEYKxi0QWQ",
            "title": "\u6211\u5011\u78ba\u8a3a\u4e86\u2027\u2027\u2027\u767c\u71d2\u523039\u5ea6\uff01\u5916\u570b\u4eba\u5728\u53f0\u967d\u6027\u600e\u9ebc\u8fa6\uff1f"
        },
        {
            "id": "MQvCSQjcT38",
            "title": "\u6211\u5011\u7a7a\u904b1000\u516c\u65a4\u53f0\u7063\u91cb\u8fe6\u5230\u65e5\u672c\uff01\u4f46\u7b2c\u4e00\u6b21\u5403\u7684\u65e5\u672c\u4eba\u90fd\u5bb3\u6015\u5230\u4e0d\u6562\u5403\u4e86..."
        },
        {
            "id": "CYC_JfpxrUc",
            "title": "\u4e45\u9055\u56de\u4f86\u7684\u5916\u570b\u4eba\u767c\u73fe\u99ac\u4e0a\u5c31\u96e3\u904e\u7684\u53f0\u7063\u8b8a\u5316...\uff01\u539f\u4f86\u9019\u4e9b\u8ddf1\u5e74\u524d\u5b8c\u5168\u4e0d\u4e00\u6a23"
        },
        {
            "id": "uhq2BZhiiCQ",
            "title": "\u3010\u5927\u54ed\u3011\u65e5\u672c\u5c0f\u52a9\u7406\u7b2c\u4e00\u6b21\u9ad4\u9a57\u53f0\u7063\u71b1\u7092\uff01\u7d42\u65bc\u4eab\u53d7\u5230\u7576\u5730\u7684\u5e97\u611f\u52d5\u5230\u843d\u6dda\u2026"
        },
        {
            "id": "bcYQEFGT03o",
            "title": "\u8d85\u5e78\u798f\u7684!!\u597d\u4e45\u6c92\u4f86\u53f0\u7063\u7684\u5916\u570b\u4eba\u572810\u5929\u9694\u96e2\u671f\u9593\u5403\u4ec0\u9ebc\uff1f"
        },
        {
            "id": "tYvoAwgm1VU",
            "title": "\u6211\u5011\u8981\u56de\u53f0\u7063\u4e86"
        },
        {
            "id": "LCD6Y9r4kws",
            "title": "\u65e5\u672c\u4eba\u7b2c\u4e00\u6b21\u770b\u53f0\u7063\u7684\u5de5\u5177\u7684\u53cd\u61c9\uff01\u9019\u4e9b\u6771\u897f\u5728\u65e5\u672c\u90fd\u6c92\u6709..."
        },
        {
            "id": "sVGKmOjHe9E",
            "title": "\u300c\u6211\u4e0d\u60f3\u8ddf\u4f60\u9ede\u9910\u300d\u5982\u679c\u53f0\u7063\u5e97\u54e1\u5728\u9910\u5ef3\u88ab\u6b67\u8996\u7684\u8a71\uff0c\u65e5\u672c\u4eba\u6703\u6709\u4ec0\u9ebc\u53cd\u61c9\u5462\uff1f\u3010\u793e\u6703\u5be6\u9a57\u3011"
        },
        {
            "id": "GM8S_ML3HC8",
            "title": "\u8a2a\u554fAV\u5973\u512a\u6ce2\u591a\u91ce\u7d50\u8863\uff012000\u652f\u4f5c\u54c1\u6700\u6709\u5370\u8c61\u7684\u662f\u5c04\u90a3\u908a\u7684..."
        },
        {
            "id": "lX3CDVHPWe0",
            "title": "\u6211\u5011\u65e5\u672c\u4eba\u751f\u6c23\u4e86...\u4e00\u6bd4\u8f03\u5c31\u77e5\u9053\u539f\u4f86\u65e5\u672c\u7684\u90a3\u500b\u7adf\u7136\u8cb4\u5169\u500d!?"
        },
        {
            "id": "eouaM6sNoY0",
            "title": "AV\u5973\u512a\u4e09\u4e0a\u60a0\u4e9e\u5403\u53f0\u7063\u7f8e\u98df\u7adf\u7136\u5410\u4e86!?\u958b\u7bb1\u65e5\u672c\u9ad8\u7d1a\u60c5\u4fb6\u65c5\u9928!!"
        },
        {
            "id": "sTPEgK0SyHY",
            "title": "\u6211\u5011\u5df2\u7d93\u88ab\u53f0\u7063\u5316\u4e86\u2026\u56de\u65e5\u672c\u5f8c\u767c\u73fe\u7684\u300c\u9006\u300d\u6587\u5316\u885d\u64ca\uff01\u3010\u60f3\u5ff5\u53f0\u7063\u3011"
        },
        {
            "id": "aki6-aBoAik",
            "title": "\u8abf\u67e5\u65e5\u672c\u4e09\u9593\u6ef7\u8089\u98ef\u5e97!!\u6c92\u60f3\u5230\u6709\u65e5\u672c\u4eba\u81ea\u5b78\u958b\u7684\u5e97\u4f46\u5473\u9053\u662f...??"
        },
        {
            "id": "3LeFkdV-d2U",
            "title": "\u65e5\u672c\u5bb6\u4eba\u7b2c\u4e00\u6b21\u9ad4\u9a57\u53f0\u7063\u904e\u5e74\uff01\u5e74\u591c\u98ef\u3001\u6625\u806f\u3001\u7d05\u5305...\u5927\u5bb6\u7684\u53cd\u61c9\u662f\u5982\u4f55\u5462\uff1f\uff1f\u3010\u65e5\u672c\u306e\u5bb6\u4eba\u3011"
        },
        {
            "id": "LdtrDLYy3WM",
            "title": "\u70ba\u4ec0\u9ebc\u65e5\u672c\u4eba\u9019\u9ebc\u559c\u6b61\u53f0\u7063\uff01\uff1f\u8a2a\u554f\u4f86\u53f0\u7063\u796d\u7684\u4eba\u5c31\u77e5\u9053\u53ea\u6709\u53f0\u7063\u6709\u7684\u7f8e\u597d\uff01\uff01"
        },
        {
            "id": "Ee_RV5Q-NQQ",
            "title": "\u3010\u5fae\u96fb\u5f71\u3011\u6210\u54e1\u8981\u7562\u696d\u4e86\u3002"
        },
        {
            "id": "rRbdFitZqgY",
            "title": "\u96b1\u85cf\u7248\u4e00\u862d\u7121\u8c6c\u62c9\u9eb5\u5e97\uff1f\u4ecb\u7d39\u5728\u65e5\u672c\u6700\u6709\u8da3\u768410\u9593\u9910\u5ef3!!"
        },
        {
            "id": "IZz1xoD9b20",
            "title": "\u958b\u7bb1\u65e5\u672c\u6709\u9322\u4eba\u7684\u5bb6!! \u6708\u6536\u8d85\u904e1\u5104\u7d05\u724c\u725b\u90ce\u7f85\u862d\u7684\u79c1\u751f\u6d3b\u662f\u5982\u4f55\u5462?"
        },
        {
            "id": "y7Wjeo3EuQU",
            "title": "\u300c\u8b1b\u4e2d\u6587\u7684\u4eba\u90fd\u662f\u75ab\u60c5\u5e36\u539f\u8005\u5427\uff1f\u300d\u5982\u679c\u53f0\u7063\u4eba\u5728\u8857\u982d\u88ab\u6b67\u8996\u7684\u8a71,\u65e5\u672c\u4eba\u6703\u6709\u4ec0\u9ebc\u53cd\u61c9\u5462!?\u3010\u793e\u6703\u5be6\u9a57\u3011"
        },
        {
            "id": "gTsIcJGJkP0",
            "title": "\u53f0\u7063\u6c92\u8ce3\u53ea\u5728\u65e5\u672c\u6709\u7684\u83dc\u55ae!!\u8abf\u67e5\u6771\u4eac\u7684\u4e09\u5546\u5de7\u798f,50\u5d50,CoCo\u90fd\u53ef\u3010\u8abf\u67e5\u65e5\u672c\u7684\u53f0\u7063Ep.4\u3011"
        },
        {
            "id": "LSIWb-sCArg",
            "title": "\u65e5\u672c\u8def\u4eba\u731c\u53f0\u7063\u5973\u85dd\u4eba\u5e74\u7d00\uff01\u5047\u88dd\u6210\u53f0\u7063\u4eba\u554f\u8def\u7684\u53cd\u61c9\u662f\uff1f\u3010\u65e5\u672c\u8857\u982d\u8a2a\u554f\u3011"
        },
        {
            "id": "OY7_4zNva8k",
            "title": "\u70ba\u4ec0\u9ebc\u65e5\u672c\u7661\u6f22\u9019\u9ebc\u591a!?\u5973\u751f\u5728\u96fb\u68af\u906d\u5230\u9a37\u64fe\u6c42\u52a9\u6642\uff0c\u8def\u4eba\u6703\u6709\u4ec0\u9ebc\u53cd\u61c9\u5462??\u3010\u65e5\u672c\u306e\u95c7ep.2\u3011"
        },
        {
            "id": "ddPqdbh8N04",
            "title": "Tommy\u56de\u4f86\u4e09\u539fJapan\u4e86\u3002\u3010\u6642\u96942\u5e74\u4e09\u500b\u4eba\u76842000\u5143\u4f01\u5283\u3011 ft. @tommytommyjapan"
        }
    ]
}