{
    "channel": {
        "title": "STR Network",
        "id": "UCDrswN-SqWh7Kii62h9aXGA",
        "customUrl": "@strnetworkasia",
        "uploads": "UUDrswN-SqWh7Kii62h9aXGA"
    },
    "videos": [
        {
            "id": "-_NQPumw450",
            "title": "\u3010#\u8cc0\u74cf\u591c\u591c\u79c0\u3011\u6b38\uff01\u5439\u54e8\u8005"
        },
        {
            "id": "TJS4Yd0O-RI",
            "title": "\u3010#\u8cc0\u74cf\u591c\u591c\u79c0\u3011\u85a9\u5c0f\u821e\u53f0\uff1a\u5fae\u7b11\u4e39\u5c3c"
        },
        {
            "id": "Z-WpGrN82IY",
            "title": "\u3010\u9ede\u6309\u4e00\u4e0b\u87a2\u5e55\u53ef\u66ab\u505c\u3011\u4f60\u60f3\u548c\u8ab0\u4e00\u8d77\u770b #\u6cb3\u8c5a \uff1f\uff5c#\u6cb3\u8c5a \u7dda\u4e0a\u7248 \u73fe\u6b63\u71b1\u8ce3\u4e2d\uff5c\u4f86\u9ede Chill \uff5e \u7559\u8a00\u8aaa\u8aaa\u4f60\u7684\u7d50\u679c \ud83d\udd76\ufe0f"
        },
        {
            "id": "LUWhuaUqNNE",
            "title": "\u3010#\u8cc0\u74cf\u591c\u591c\u79c0\u3011Damnnnnn\uff01"
        },
        {
            "id": "RbiqmYxeVxk",
            "title": "\u3010#\u8cc0\u74cf\u591c\u591c\u79c0\u3011\u653f\u9ee8\u4e0d\u5206\u5340\u7acb\u6cd5\u59d4\u54e1\u9952\u820c\u6b4c"
        },
        {
            "id": "YM7IJWZvVaA",
            "title": "\u3010#\u8cc0\u74cf\u591c\u591c\u79c0\u3011\u5433\u6b23\u5cb1 \u714e\u9b5a\u6599\u7406\u5c0f\u6559\u5ba4"
        },
        {
            "id": "WrfZi9wmdzY",
            "title": "\u3010#\u8cc0\u74cf\u591c\u591c\u79c0\u3011\u90ed\u8463\u56db\u5e74\u5f8c\u898b\ud83d\udc4b\uff5c#\u65b0\u805e\u4e82\u5831"
        },
        {
            "id": "wb9jYFbSjO4",
            "title": "\u3010#\u8cc0\u74cf\u591c\u591c\u79c0\u301111/25 \u65b0\u805e\u4e82\u5831 EP4\uff5c\u4f60\u4e5f\u53ef\u4ee5\u4e0d\u540c\u610f\u554a"
        },
        {
            "id": "6FNq_HoyKXo",
            "title": "\u3010#\u8cc0\u74cf\u591c\u591c\u79c0\u3011\u88dd\u795e\u5f04\u9b3c\uff0c\u80e1\u8aaa\u516b\u9053\uff0c\u67d0\u67d0\u4e0d\u89ba\u5f97\u81ea\u5df1\u8aaa\u8b0a\uff1f\uff5c#\u9178\u6c11\u767e\u842c\u5bcc\u7fc1"
        },
        {
            "id": "RKVNrqvXGcs",
            "title": "\u3010#\u8cc0\u74cf\u591c\u591c\u79c0\u3011#\u9178\u6c11\u767e\u842c\u5bcc\u7fc1\uff5c\u9ad8\u5609\u745c"
        },
        {
            "id": "2xVSaAxY8sc",
            "title": "\u300a\u66fe\u535a\u6069\uff1a\u7834\u86cb\u4e4b\u8def\u300b\uff5c5\u5206\u9418\u7d00\u9304\u7247\u6436\u5148\u770b"
        },
        {
            "id": "Y9k8SZarc1g",
            "title": "\u3010#\u8cc0\u74cf\u591c\u591c\u79c0\u3011\u4f86\uff01\u8aaa\u8aaa\u4f60\u89ba\u5f97\u505a\u4ec0\u9ebc\u6700\u5feb\u6a02\uff5c"
        },
        {
            "id": "u4CsD_nzcEA",
            "title": "\u3010#\u8cc0\u74cf\u591c\u591c\u79c0\u3011\u6b38\uff01\u5927\u9ebb"
        },
        {
            "id": "HAFCGFTHPCg",
            "title": "\u3010#\u8cc0\u74cf\u591c\u591c\u79c0\u3011\u9ad8\u5609\u745c \u5531\u6b4c\u662f\u70ba\u4e86\u8a8d\u77e5\u4f5c\u6230"
        },
        {
            "id": "BdwbEt4N_68",
            "title": "\u7528\u4e09\u5206\u9418\u4e86\u89e3\u51f1\u8389\u7684\u6bb5\u5b50\uff5c#G8\u9ad8\u5cf0\u6703"
        },
        {
            "id": "x4muYufU1Z0",
            "title": "\u300a\u66fe\u535a\u6069\uff1a\u7834\u86cb\u4e4b\u8def\u300b11/24 12:00 \u85a9\u6cf0\u723e\u5a1b\u6a02\u5b98\u7db2\u6b63\u5f0f\u4e0a\u67b6 \ud83d\udd34\u4e0a\u67b6\u901a\u77e5\u4f60 \u279f https://str.network/rnbrian"
        },
        {
            "id": "jVGWzSjIN5E",
            "title": "\u3010#\u8cc0\u74cf\u591c\u591c\u79c0\u3011\u53f0\u5317\u7684\u9a55\u50b2\u5927\u5de8\u86cb\uff0c\u4eba\u6c11\u6700\u7f3a\u7684\u4e00\u9846\u86cb\u3002\uff5c#\u8b9a\u980c\u8005"
        },
        {
            "id": "m_iLPJMgLLI",
            "title": "\u3010#\u8cc0\u74cf\u591c\u591c\u79c0\u3011\u5927\u5de8\u86cb\u8b9a\u980c\u8005\uff5c\u5409\u5c3c\u4e01 @jinnyding0106"
        },
        {
            "id": "HeEdsvfJgSI",
            "title": "\u3010#\u72d7\u5c4e\u5beb\u624b\u3011\u8981\u7576\u8a55\u5be9\u7b4b\u9aa8\u90fd\u8981\u5f88\u8edfQ"
        },
        {
            "id": "ENF9dUKWZcE",
            "title": "\u3010#\u8cc0\u74cf\u591c\u591c\u79c0\u3011\u6c92\u60f3\u5230\u6709\u4eca\u5929\u5427\uff5c#\u65b0\u805e\u4e82\u5831"
        },
        {
            "id": "--ohf-4sRu8",
            "title": "\u3010#\u8cc0\u74cf\u591c\u591c\u79c0\u301111/18 \u65b0\u805e\u4e82\u5831 EP3\uff5c\u6c92\u60f3\u5230\u6709\u4eca\u5929\u5427"
        },
        {
            "id": "3QBmbB7H0fc",
            "title": "\u3010#\u8cc0\u74cf\u591c\u591c\u79c0\u3011\u67d0\u67d0\u771f\u7684\u8d85\u4f4e\u80fd\u770b\u5230\u5fc5\u8f49\u53f0\u6839\u672c\u760b\u5b50\uff5c#\u9178\u6c11\u767e\u842c\u5bcc\u7fc1"
        },
        {
            "id": "ntoxay-YM2g",
            "title": "\u3010#\u8cc0\u74cf\u591c\u591c\u79c0\u3011#\u9178\u6c11\u767e\u842c\u5bcc\u7fc1\uff5c\u9177\u70ab @bored_raccoon_kevin"
        },
        {
            "id": "oiA0BNkUqOg",
            "title": "\u7528\u4e03\u5206\u9418\u4e86\u89e3\u66fe\u535a\u6069\u7684\u6bb5\u5b50\uff5c#G8\u9ad8\u5cf0\u6703"
        },
        {
            "id": "APumMtMnggw",
            "title": "\u3010#\u8cc0\u74cf\u591c\u591c\u79c0\u3011\u5c6c\u96de\u7684\u5c0f\u5fc3\u4e86"
        }
    ]
}