{
    "channel": {
        "title": "Psyman \u585e\u9580",
        "id": "UCETKJquzRBMqvRPJru5_SHw",
        "customUrl": "@psyman4835",
        "uploads": "UUETKJquzRBMqvRPJru5_SHw"
    },
    "videos": [
        {
            "id": "bMzndrKn9ZA",
            "title": "\u9b54\u9b3c\u7684\u8a08\u8b00(\u4e0b)\uff5c\u76e3\u7344\u4fdd\u96aa\u7bb1\u5bc6\u78bc\u7d42\u65bc\u89e3\u958b\uff01\u7d42\u6975\u5927\u79d8\u5bf6\u516c\u958b\uff01\u6cb3\u932b\u8fb0\u795e\u7d1a\u64cd\u4f5c\u9023\u968a\u53cb\u90fd\u9a19\uff01\u8cfd\u5f8c\u734e\u91d1\u53bb\u8655\u5927\u516c\u958b\uff5cPSYMAN\u585e\u9580"
        },
        {
            "id": "MNFNq8WoxEw",
            "title": "\u592a\u96d6\u5c0f\u4e86\u5427\uff0c\u5169\u6bb5\u5a5a\u59fb\u90fd\u88ab\u5288\u817f\uff0c\u817f\u9577\u7684\u660e\u660e\u5c31\u662f\u6211\uff5cPSYMAN\u585e\u9580"
        },
        {
            "id": "Ydm9CiLCYC8",
            "title": "\u7576\u6642\u770b\u5230\u9019\u6bb5\u5dee\u9ede\u5728\u87a2\u5e55\u524d\u4e0b\u8dea\uff5cPSYMAN\u585e\u9580"
        },
        {
            "id": "mj9YSu5d8As",
            "title": "\u9b54\u9b3c\u7684\u8a08\u8b00(\u4e2d)\uff5c\u8d85\u795e\u5927\u8166\u96d9\u4eba\u7d44\u628a\u6240\u6709\u4eba\u800d\u5f97\u5718\u5718\u8f49\uff01\u537b\u5927\u7206\u51b7\u9580\u88ab\u79d2\u6bba\uff01\u8ecc\u9053\u8a08\u8b00\u5927\u6210\u529f\uff01\u932b\u8fb0\u518d\u4e5f\u58d3\u6291\u4e0d\u4f4f\u6012\u706b\uff5cPSYMAN\u585e\u9580"
        },
        {
            "id": "O6QbIONovcU",
            "title": "\u9b54\u9b3c\u8a08\u8b00\u6700\u5f37\u8a18\u61b6\u529b\uff01\u4f60\u80fd\u60f3\u50cf\u4ed6\u5df2\u7d9340\u6b72\u4e86\u55ce#shorts #\u9b54\u9b3c\u7684\u8a08\u8b00\uff5cPSYMAN\u585e\u9580"
        },
        {
            "id": "96k8QUW7dgc",
            "title": "\u9b54\u9b3c\u7684\u8a08\u8b00(\u4e0a)\uff5c\u53f2\u4e0a\u6700\u71d2\u8166\u7684\u5be6\u5883\u79c0\uff01\u6b63\u5e38\u4eba\u9023\u904a\u6232\u898f\u5247\u90fd\u770b\u4e0d\u61c2\uff01\u9019\u7fa4\u5929\u624d\u5927\u8166\u537b\u80fd\u73a9\u51fa\u5404\u7a2e\u82b1\u6a23\uff012023\u5e74\u6700\u5f37\u5be6\u5883\u79c0\u767b\u5834\uff01\uff5cPSYMAN\u585e\u9580"
        },
        {
            "id": "HPvgSZpnkog",
            "title": "\u5f9e\u5f97\u610f\u5fd8\u5f62\u5230\u5fb9\u5e95\u7d55\u671b\u53ea\u82b1\u4e8610\u79d2\uff5cPSYMAN\u585e\u9580"
        },
        {
            "id": "ulBBGgGbql8",
            "title": "\u9019\u500b\u812b\u8932\u5b50\u7684\u5f8c\u4f86\u8b8a\u6210YT\u7684\u5143\u8001\u5594#shorts \uff5cPSYMAN\u585e\u9580"
        },
        {
            "id": "lDXeVEgjCkM",
            "title": "\u63a5\u73ed\u4ebaS02\u4e0b\uff5c\u6158\u5230\u54ed\uff01\u70ba\u4e86\u8d0f\u4e0b\u6bd4\u8cfd\u5728\u5927\u8857\u4e0b\u812b\u8932\u5b50\uff01\u60f3\u4e0d\u5230\u9019\u4eba\u5f8c\u4f86\u662fYT\u7684\u5143\u8001\uff01\u751a\u81f3\u8f14\u5c0e\u904ePewdipie\uff01\u7121\u6575\u6230\u795e\u767b\u5834\uff01\u5168\u7a0b\u5212\u6c34\u9760\u8457\u8ce3\u968a\u53cb\u6649\u7d1a\uff01\uff5cPSYMAN\u585e\u9580"
        },
        {
            "id": "s6UWzV-aRdc",
            "title": "\u63a5\u73ed\u4ebaS02\u4e2d\uff5c\u795e\u4ed9\u92b7\u552e\u54e1\uff01\u5c08\u9580\u8aaa\u8b0a\u8ce3\u968a\u53cb\uff01\u6bcf\u6b21\u8aaa\u8b0a\u90fd\u8db3\u4ee5\u6bc0\u6ec5\u6574\u652f\u968a\u4f0d\uff010\u8ca2\u737b\u537b\u9084\u80fd\u6253\u9032\u516b\u5f37\uff01\u9084\u7e3d\u662f\u76f8\u7576\u81ea\u6211\u826f\u597d\uff5cPSYMAN\u585e\u9580"
        },
        {
            "id": "R5G3TV_Dth8",
            "title": "\u4f60\u77e5\u9053\u7f8e\u570b\u7e3d\u7d71\u4e5f\u6709\u5c6c\u65bc\u81ea\u5df1\u7684\u5be6\u5883\u79c0\u55ce\uff1f#\u8ab0\u662f\u63a5\u73ed\u4eba #shorts |\u5be6\u5883\u79c0\u51b7\u77e5\u8b5803\uff5cPSYMAN\u585e\u9580"
        },
        {
            "id": "PS2rlYgK4gA",
            "title": "\u63a5\u73ed\u4ebaS02\u4e0a\uff5c\u6bd4\u8cfd\u7684\u6642\u5019\u53ea\u6703\u6ce1\u599e\uff01\u88ab\u6dd8\u6c70\u4ee5\u5f8c\u9084\u662f\u5728\u6ce1\u599e\uff01\u5be6\u529b\u8d85\u721b\u8b93\u5ddd\u666e\u5fc3\u7d2f\u4e00\u5b63\uff01\u6bcf\u500b\u4eba\u90fd\u8352\u8154\u8d70\u677f\u53ea\u6703\u5435\u67b6\uff5cPSYMAN\u585e\u9580"
        },
        {
            "id": "rWzu6qaUNcU",
            "title": "\u7121\u60c5\u958b\u5674\uff01\u53f2\u4e0a\u770b\u904e\u6700\u5c37\u5c2c\u7684\u5be6\u5883\u79c0\uff01\u6240\u6709\u4eba\u6f14\u6232\u5047\u5230\u7206\uff0c\u5b8c\u5168\u6c92\u6709\u4efb\u4f55\u4e00\u9ede\u8b93\u4eba\u5fc3\u52d5\u611f\u7684\u6200\u611b\u5be6\u5883\u79c0\uff5cPSYMAN\u585e\u9580"
        },
        {
            "id": "2t6KCmI3h78",
            "title": "\u9ad4\u6aa2\u56c9\uff01\u505aYouTube\u4e94\u5e74\u5f8c\u8eab\u9ad4\u5230\u5e95\u8b8a\u591a\u5dee\uff1f\u9ad4\u6aa2\u5b8c\u5c45\u7136\u6709\u4e00\u9805\u6578\u503c\u7206\u70b8\uff01\uff5cPSYMAN\u585e\u9580"
        },
        {
            "id": "oSGATHSZjnE",
            "title": "\u7f75\u6211\u53ef\u4ee5\u4f46\u81f3\u5c11\u7d66\u6211\u500b\u51a0\u8ecd\u5427#shorts \uff5cPSYMAN\u585e\u9580 #\u8d85\u7d1a\u540d\u6a21\u751f\u6b7b\u9b25 #antm"
        },
        {
            "id": "VV37pwuFINw",
            "title": "\u8d85\u6a21C7\uff08\u4e0b\uff09\u4e92\u77aa\uff01\u8e29\u7834\u5c0d\u624b\u88d9\u5b50\uff01\u7576\u6700\u4ec7\u8996\u7684\u5169\u4eba\u4e00\u8d77\u8d70\u6c7a\u8cfd\u53f0\u6b65\uff01\u53ef\u6015\u7684\u6012\u706b\u7a81\u7834\u5929\u969b\uff5cPSYMAN\u585e\u9580"
        },
        {
            "id": "nyOeGJk_C5c",
            "title": "\u5ba3\u793a\u5730\u76e4\u90fd\u7528\u6db2\u9ad4\uff0c\u8d85\u6a21\u6700\u760b\u7684\u5973\u4eba\u4f86\u4e86#shorts \uff5cPSYMAN\u585e\u9580"
        },
        {
            "id": "sbE-t8CMNdM",
            "title": "\u8d85\u6a21C7\uff08\u4e0a\uff09\u96d9\u80de\u80ce\u5171\u540c\u53c3\u8cfd\uff01\u59b9\u59b9\u4e0d\u60dc\u72a7\u7272\u81ea\u5df1\u4e5f\u8981\u8b93\u59ca\u59ca\u6649\u7d1a\uff01\u8d85\u6a21\u8b93\u4eba\u611f\u52d5\u843d\u6dda\u7684\u4e00\u5e55\uff01\uff5cPSYMAN\u585e\u9580"
        },
        {
            "id": "m2ckB8D3dnk",
            "title": "\u63a5\u73ed\u4ebaS01\u4e0b\uff5c\u80fd\u529b\u6975\u721b\u9078\u624b\u88ab\u5ddd\u666e\u4fdd\u9001\u9032\u767d\u5bae\u5de5\u4f5c\uff01\u4e4b\u5f8c\u5c45\u7136\u51fa\u66f8\u72c2\u7f75\u5ddd\u666e\uff01\u7bc0\u76ee\u53f2\u4e0a\u6700\u626f\u7684\u50b3\u5947\u9078\u624b\uff01\u4e0d\u7ba1\u5927\u5bb6\u5728\u600e\u9ebc\u5fd9\u5979\u90fd\u53ea\u60f3\u8457\u5403\u98ef\uff01\uff5cPSYMAN\u585e\u9580"
        },
        {
            "id": "pVNb1a8WIgg",
            "title": "\u6200\u611b\u5be6\u5883\u79c0\u5f8c\u771f\u7684\u6709\u4eba\u7d50\u5a5a\u55ce\uff1f#\u96d9\u5c64\u516c\u5bd3 #\u611b\u5728\u5c71\u6797\u9593 #\u6200\u611b\u5df4\u58eb #shorts |\u5be6\u5883\u79c0\u51b7\u77e5\u8b5802\uff5cPSYMAN\u585e\u9580"
        },
        {
            "id": "5f-yn50Ngd4",
            "title": "\u63a5\u73ed\u4ebaS01\u4e0a\uff5c13\u500b\u9078\u624b\u7121\u60c5\u5f7c\u6b64\u51fa\u8ce3\uff01\u53ea\u70ba\u4e86\u6210\u70ba\u5ddd\u666e\u65d7\u4e0b\u7684\u5e74\u85aa\u5343\u842c\u7e3d\u88c1\uff01\u7d93\u5178\u7684\u5546\u696d\u7af6\u8cfd\u5be6\u5883\u767b\u5834\uff01\u5ddd\u666e\u7684\u6210\u540d\u4e4b\u4f5c\uff5cPSYMAN\u585e\u9580"
        },
        {
            "id": "F-gs6w2tnUE",
            "title": "\u5be6\u5883\u79c0\u5927\u89e3\u5bc6EP2\uff01\u539f\u4f86\u6700\u760b\u72c2\u7684\u90fd\u6c92\u6709\u88ab\u526a\u9032\u7bc0\u76ee\u88e1\uff01\u6aaf\u9762\u4e0a\u4eba\u4eba\u597d\u7684\u6eab\u548c\u9078\u624b\uff0c\u79c1\u5e95\u4e0b\u5c45\u7136\u662f\u500b\u760b\u72c2\u98c6\u7f75\u7684\u66b4\u8e81\u72c2\uff5cPSYMAN\u585e\u9580"
        },
        {
            "id": "CaHVUMyKvN8",
            "title": "\u51fa\u6f14\u5be6\u5883\u79c0\u5230\u5e95\u80fd\u4e0d\u80fd\u8cfa\u9322\uff1f#shorts \uff5c\u5be6\u5883\u79c0\u51b7\u77e5\u8b5801\uff5cPSYMAN\u585e\u9580"
        },
        {
            "id": "tp8qvrqVyv8",
            "title": "\u5be6\u5883\u79c0\u5927\u89e3\u5bc6EP1\uff01\u771f\u6b63\u53c3\u52a0\u904e\u5be6\u5883\u79c0\u7684\u4eba\u4f86\u4e86\uff01Project runway \u79d8\u5bc6\u5927\u516c\u958b\uff01\u666e\u901a\u4eba\u5230\u5e95\u6709\u6c92\u6709\u6a5f\u6703\u53c3\u52a0\u5be6\u79c0\uff1f\uff5cPSYMAN\u585e\u9580"
        },
        {
            "id": "coD5gITiwY4",
            "title": "\u8d85\u6a21C6(\u4e0b)\uff5c\u8d85\u6a21\u6700\u72c2\u9078\u624b\u7389\u59d0\u767b\u5834\uff01\u9802\u649e\u8a55\u5be9\u3001\u89aa\u543b\u87d1\u8782\uff01\u9084\u80fd\u5438\u7c89\u7121\u6578\uff01\u7bc0\u76ee\u4e0a\u6700\u8b93\u4eba\u96e3\u5fd8\u7684\u9078\u624b\uff5cPSYMAN\u585e\u9580"
        },
        {
            "id": "RAbhf8nBDxg",
            "title": "\u8d85\u6a21C6(\u4e2d)\uff5c\u5982\u679c\u9577\u5f97\u8ddf\u9ed1\u5be1\u5a66\u4e00\u6a23\u4f86\u53c3\u52a0\u8d85\u6a21\u6bd4\u8cfd\uff0c\u6700\u5f8c\u80fd\u62ff\u7b2c\u5e7e\u540d\uff1f\u70ba\u4f55\u7bc0\u76ee\u64ad\u51fa15\u5e74\u5f8c\u6cf0\u5abd\u53c8\u518d\u5ea6\u88ab\u708e\u4e0a\uff1f\u6cf0\u5abd\u662f\u771f\u7684\u5c0d\u9078\u624b\u597d\u9084\u662f\u53ea\u662f\u79c1\u5fc3\uff5cPSYMAN\u585e\u9580"
        },
        {
            "id": "vw6s4Z7bUno",
            "title": "\u624d\u8aaa\u4e0d\u4ea4\u7537\u670b\u53cb\uff0c\u4e0b\u4e00\u79d2\u7acb\u523b\u89aa\u4e0a\u7537\u6a21#shorts\uff5cPSYMAN\u585e\u9580"
        },
        {
            "id": "wntbGk_IbR0",
            "title": "\u8d85\u6a21C6(\u4e0a)\u8d85\u6a21\u795e\u7d1a\u9078\u624b\u767b\u5834\uff01\u7267\u5e2b\u4e4b\u5973\u9760\u8277\u821e\u7dad\u751f\uff01\u537b\u80fd\u5c4c\u6253\u4e00\u773e\u6a21\u7279\uff01\u8c61\u80cc\u4e0a\u7684\u5b8c\u7f8e\u5973\u795e\uff01\u7121\u6575\u7684\u651d\u5f71\u76f4\u89ba\uff01\u6cf0\u5abd\u7684\u597d\u610f\u537b\u6210\u4e86\u9078\u624b\u4e00\u8f29\u5b50\u7684\u96b1\u60a3\uff5c\u4e2d\u79cb\u70e4\u8089\uff5cPSYMAN\u585e\u9580"
        },
        {
            "id": "Pg1YIwUgpCw",
            "title": "\u770b\u770b\u9019\u500b\u6253\u5634\u7832\u7684\u884c\u92b7\u5927\u5e2b\uff0c\u5982\u4f55\u5321\u81ea\u5df1\u7684\u5408\u5925\u4eba#shorts\uff5cPSYMAN\u585e\u9580"
        },
        {
            "id": "ko4iKrrd8b4",
            "title": "\u5bcc\u8c6aS02EP05\uff5c90\u5929\u628a100\u7f8e\u91d1\u7ffb\u51fa500\u842c\u5e02\u503c\uff01\u4f46\u7d50\u5c40\u537b\u8a8d\u70ba\u704c\u6c34\uff01\u5343\u842c\u696d\u52d9\u662f\u5426\u771f\u7684\u6709\u6599\uff01\uff5c\u5bcc\u8c6a\u8c37\u5e95\u6c42\u7ffb\u8eab\u7b2c\u4e8c\u5b63\uff5cPSYMAN\u585e\u9580"
        },
        {
            "id": "evYLCdfBTDw",
            "title": "\u5bcc\u8c6aS02EP04\uff5c\u5343\u842c\u7c89\u7d72\u7684\u884c\u92b7\u7db2\u7d05\uff01\u96b1\u59d3\u57cb\u540d\u5230\u504f\u9109\u5275\u696d\uff0c\u537b\u906d\u5230\u9109\u6c11\u7121\u60c5\u6253\u81c9\uff01\u5230\u5e95\u80fd\u4e0d\u80fd\u572890\u5929\u5167\u6253\u9020\u767e\u842c\u4f01\u696d\uff1f\u9084\u662f\u53ea\u662f\u7a7a\u53e3\u8aaa\u767d\u8a71\uff5c\u5bcc\u8c6a\u8c37\u5e95\u6c42\u7ffb\u8eab\u7b2c\u4e8c\u5b63\uff5cPSYMAN\u585e\u9580"
        },
        {
            "id": "ms451NHxeMk",
            "title": "\u4e0a\u4e00\u79d2\u624d\u88ab\u8b66\u544a\uff0c\u4e0b\u4e00\u79d2\u7acb\u523b\u88ab\u6253\u81c9#shorts\uff5cPSYMAN\u585e\u9580"
        },
        {
            "id": "KTR4ul4VB70",
            "title": "PR\u660e\u661fS01(\u4e0b)\uff5c\u626f\uff01\u760b\u72c2\u9023\u52dd\u7684\u9b3c\u624d\u8a2d\u8a08\u5e2b\uff01\u537b\u5b8c\u5168\u4e0d\u6703\u756b\u8a2d\u8a08\u5716\uff01\u6bcf\u6b21\u756b\u5716\u6642\u9593\u90fd\u5728\u5857\u9d09\uff01\u5c45\u7136\u9023\u5168\u660e\u661f\u8cfd\u90fd\u6709\u6284\u8972\u4e8b\u4ef6\uff01\u6293\u99ac\u7684\u4eba\u5230\u54ea\u88e1\u90fd\u6293\u99ac\uff5c\u6c7a\u6230\u6642\u88dd\u4f38\u5c55\u53f0\u660e\u661f\u8cfd\u7b2c\u4e00\u5b63(\u4e0b)\uff5cPSYMAN\u585e\u9580"
        },
        {
            "id": "M1EN1vivYGY",
            "title": "PR\u660e\u661fS01(\u4e0a)\uff5c\u628a\u7480\u74a8\u7684\u661f\u7a7a\u7a7f\u4e0a\uff01\u7bc0\u76ee\u53f2\u4e0a\u53f2\u8a69\u7d1a\u7684\u7d55\u7f8e\u8a2d\u8a08\uff01\u7b2c\u4e00\u5b63\u98f2\u6068\u7684\u5f37\u8005\u5f37\u52e2\u56de\u6b78\uff01\u8a71\u8aaa\u660e\u661f\u8cfd\u7684\u8a55\u5206\u65b9\u5f0f\u5b8c\u5168\u770b\u4e0d\u61c2\u554a\uff5c\u6c7a\u6230\u6642\u88dd\u4f38\u5c55\u53f0\u660e\u661f\u8cfd\u7b2c\u4e00\u5b63\uff08\u4e0a)\uff5cPSYMAN\u585e\u9580"
        },
        {
            "id": "xBgo3OKHfG4",
            "title": "\u4e0d\u5c0f\u5fc3\u628a\u516c\u53f8\u8cfa\u5230\u8981\u6539\u5236\u5ea6\u7684\u5973\u4eba#shorts\uff5cPSYMAN\u585e\u9580"
        },
        {
            "id": "i1fDYeuCaPc",
            "title": "\u7f8e\u570b\u5be6\u5883\u79c0\u4e09\u5927\u61f8\u6848\u552f\u4e00\u6709\u89e3\u4e4b\u8b0e#shorts\uff5cPSYMAN\u585e\u9580"
        },
        {
            "id": "JeIhgOq5B2k",
            "title": "\u8d85\u6a21C5(\u4e0b)\u6297\u58d3\u6975\u4f4e\u7684\u795e\u7167\u5c11\u5973VS\u5168\u80fd\u7684\u624d\u85dd\u4e4b\u738b\uff01\u6700\u7d42\u7684\u7d50\u5c40\u537b\u8b93\u89c0\u773e\u975e\u5e38\u610f\u5916\uff01\u795e\u5947\u9b45\u529b\uff01\u8b93\u8a55\u5be9\u4e0d\u60dc\u7834\u4f8b\u4e5f\u8981\u9078\u5979\u7576\u51a0\u8ecd\uff5cPSYMAN\u585e\u9580"
        },
        {
            "id": "2ZOgKD_i_4w",
            "title": "100\u5143\u7ffb\u51fa100\u842c\uff0c\u5931\u6557\u8981\u518d\u81ea\u638f100\u842c#shorts \uff5cPSYMAN\u585e\u9580"
        },
        {
            "id": "UFPv77vNspI",
            "title": "\u5be6\u5883\u79c0\u7684\u60e1\u610f\u526a\u8f2f\uff0c\u5728\u591a\u5e74\u5f8c\u6d6e\u51fa\u6aaf\u9762#shorts\uff5cPSYMAN\u585e\u9580"
        },
        {
            "id": "p6t5p760qP0",
            "title": "\u8d85\u6a21C5(\u4e2d)\uff5c\u79c1\u5e95\u4e0b\u7a7f\u5c3f\u5e03\u641e\u602a\uff01\u4e00\u4e0a\u93e1\u982d\u7acb\u523b\u8b8a\u8d85\u6a21\uff01\u537b\u56e0\u884c\u70ba\u5931\u63a7\u6158\u906d\u5287\u60c5\u6bba\uff01\u63ed\u9732\u8d85\u6a21\u60e1\u610f\u526a\u8f2f\u7684\u80cc\u5f8c\u771f\u76f8\uff5c\u8d85\u7d1a\u540d\u6a21\u751f\u6b7b\u9b25\uff5cPSYMAN\u585e\u9580"
        },
        {
            "id": "PHmEC3K8qeo",
            "title": "\u62b1\u6b49\u6211\u8981\u9000\u8cfd\uff0c\u4f11\u60f3\u78b0\u6211\u7684\u982d\u9aee#shorts \uff5cPSYMAN\u585e\u9580"
        },
        {
            "id": "KSxg9AFlaxs",
            "title": "\u8d85\u6a21C5(\u4e0a)\uff5c\u8d85\u6a21\u7b2c\u4e00\u4f4d\u4e2d\u6027\u6a21\u7279\u5152\uff01\u958b\u8cfd\u9023\u5316\u599d\u90fd\u4e0d\u6703\uff01\u6700\u7d42\u5c45\u7136\u5af5\u5a9a\u5230\u8b93\u8a55\u5be9\u9a5a\u8277\uff5c\u8d85\u7d1a\u540d\u6a21\u751f\u6b7b\u9b25\uff5cPSYMAN\u585e\u9580"
        },
        {
            "id": "KMivJQw99Fg",
            "title": "\u672c\u6b21\u4e8b\u4ef6\u5f8c\u7e8c\u8acb\u770b\u539f\u7247#shorts\uff5cPSYMAN\u585e\u9580"
        },
        {
            "id": "3Oy-qKIMMrY",
            "title": "\u8d85\u6a21C4(\u4e0b)\uff5c\u8d85\u6a21\u53f2\u4e0a\u6700\u5931\u63a7\u7684\u4e00\u5e55\uff01\u6cf0\u5abd\u5931\u63a7\u98c6\u7f75\u611b\u5c07\uff01\u5c0d\u9078\u624b\u7684\u75bc\u611b\u96e3\u9053\u90fd\u53ea\u662f\u70ba\u4e86\u7bc0\u76ee\u6548\u679c\uff1f\uff5cPSYMAN\u585e\u9580"
        },
        {
            "id": "9YJesbfLakU",
            "title": "\u4ec0\u9ebc\u6a23\u7684\u7167\u7247\u919c\u5230\u8a55\u5be9\u53ea\u80fd\u7121\u5948\u82e6\u7b11#shorts \uff5cPSYMAN\u585e\u9580"
        },
        {
            "id": "S1r_E_7e0dU",
            "title": "\u8d85\u6a21C4(\u4e2d)\uff5c\u4e0a\u5348\u5f97\u77e5\u597d\u53cb\u6b7b\u8a0a\uff01\u537b\u62cd\u51fa\u9707\u64bc\u5168\u5834\u7684\u72c2\u91ce\u7f8e\u7167\uff01\u8d85\u6a21\u6700\u795e\u5b63\u4e2d\u6700\u795e\u7684\u4e00\u5f35\u7167\u7247\uff01\uff5cPSYMAN\u585e\u9580"
        },
        {
            "id": "5Pr8o8cRy8s",
            "title": "\u5c0f\u7f8e\u5973\u8a55\u5206\u8a55\u5230\u660f\u5012\uff0c\u6240\u6709\u4eba\u5687\u51fa\u4e00\u8eab\u51b7\u6c57#shorts \uff5cPSYMAN\u585e\u9580"
        },
        {
            "id": "71qS87c9Sts",
            "title": "\u8d85\u6a21C4(\u4e0a)\uff5c\u52d5\u4e0d\u52d5\u5c31\u4e0a\u7a7a\uff01\u8001\u88ab\u8a55\u5be9\u8aaa\u662f\u8272\uff2f\u5973\u661f\uff01\u537b\u9006\u5411\u62cd\u51fa\u4e86\u590f\u5a03\u822c\u7684\u975c\u8b10\u7a7a\u9748\u7167\uff01\u5728\u53f0\u7063\u5beb\u4e0b\u6536\u8996\u7387\u7d00\u9304\u7684\u4e00\u5b63\uff0c\u4e5f\u662f\u6700\u591a\u4eba\u5165\u5751\u8d85\u6a21\u7684\u4e00\u5b63\uff5c\u4e2d\u79cb\u70e4\u8089\uff5cPSYMAN\u585e\u9580"
        },
        {
            "id": "YrmNvusiyHk",
            "title": "\u6211\u7684\u8c93\u88ab\u95dc\u5728\u623f\u9593\uff0c\u5dee\u9ede\u5403\u4e0a\u5b98\u53f8#shorts \uff5cPSYMAN\u585e\u9580"
        },
        {
            "id": "NQIqdVzBPNs",
            "title": "\u5927\u5d29\u6f70\uff01\u5ba4\u53cb\u628a\u623f\u5b50\u7576\u8ced\u5834\uff01\u9023\u6253\u4e09\u5929\u9ebb\u5c07\u9084\u5728\u5ba4\u5167\u62bd\u83f8\uff01\u9084\u5c62\u52f8\u4e0d\u807d\uff01\u4e00\u5929\u5167\u5149\u901f\u642c\u5bb6\uff01\u4e09\u5929\u5167\u5149\u901f\u8cb7\u623f\uff5cPSYMAN\u585e\u9580"
        },
        {
            "id": "xq0aitDrqq4",
            "title": "\u5730\u7344\u5eda\u623f\u7684\u7121\u6575\u5927\u53d4\uff0c\u5e36\u5c0f\u670b\u53cb\u6253\u6bd4\u8cfd#shorts \uff5cPSYMAN\u585e\u9580"
        },
        {
            "id": "03mR3eYCBco",
            "title": "HKS21(\u4e0b\uff09\uff5c\u5eda\u85dd\u9006\u5929\u7684\u4e2d\u5e74\u5927\u53d4\uff01\u80fd\u6392\u9032\u6b77\u53f2\u524d\u4e94\u7684\u9802\u5c16\u5be6\u529b\uff01\u8d85\u611b\u8b1b\u5c41\u8a71\uff0c\u5c31\u9023Gordon\u90fd\u8b8a\u6210\u4ed6\u7684\u597d\u9ebb\u5409\uff5c\u5730\u7344\u5eda\u623f\uff5cPSYMAN\u585e\u9580"
        },
        {
            "id": "KdKe3Rr-Ug8",
            "title": "\u505a\u7684\u4e0d\u597d\u6c92\u95dc\u4fc2\uff0c\u7375\u9df9\u4f86\u6551\u4f60#shorts \uff5cPSYMAN\u585e\u9580"
        },
        {
            "id": "ZI42XWZqa-A",
            "title": "Uncle roger\u7d42\u65bc\u5230\u5730\u7344\u5eda\u623f\u5403\u98ef\u5566~\uff5cPSYMAN\u585e\u9580"
        },
        {
            "id": "nC-zECIwy_A",
            "title": "HKS21(\u4e0a)\uff5cGordon\u7f75\u4eba\u7684\u65b9\u5f0f\u8d8a\u4f86\u8d8a\u6709\u5275\u610f\uff01\u8b93\u6211\u5f9e\u982d\u7b11\u5230\u5c3e\uff01\u5730\u7344\u5eda\u623f\u5e74\u7d00\u5927\u5c0d\u6c7a\uff01\u5230\u5e95\u662f\u5e74\u8f15\u4eba\u5145\u6eff\u6d3b\u529b\uff01\u9084\u662f\u8001\u4eba\u7d44\u7d93\u9a57\u8c50\u5bcc\uff1f\uff5c\u5730\u7344\u5eda\u623f\uff5cPSYMAN\u585e\u9580"
        },
        {
            "id": "pkRtAdt6jfc",
            "title": "\u8d85\u6a21\u6700\u7aae\u7684\u4e00\u5834\u6bd4\u8cfd\uff0c\u5c45\u7136\u662f\u56e0\u70ba\u88ab\u6d77\u95dc\u6263\u7559\uff5cPSYMAN\u585e\u9580"
        },
        {
            "id": "OctKMYu5sBA",
            "title": "\u4f60\u5f88\u60f3\u8d0f\u6bd4\u8cfd\uff0c\u4f46\u4f60\u767c\u73fe\u4f60\u7684\u968a\u53cb\u662f\u96bb\u5409\u7965\u7269\uff5cPSYMAN\u585e\u9580"
        },
        {
            "id": "oxUpmsMZDBE",
            "title": "\u8d85\u6a21C3(\u4e0b)\uff5c\u5728\u6d77\u9078\u88ab\u5168\u54e1\u8a0e\u53ad\u7684\u9078\u624b\uff01\u7adf\u6210\u672c\u5b63\u6700\u5f8c\u5927\u8d0f\u5bb6\uff1f\u4e00\u908a\u6372\u5165\u5404\u7a2e\u98a8\u6ce2\uff0c\u537b\u9084\u80fd\u4e00\u908a\u6253\u51fa\u5b8c\u7f8e\u6230\u7e3e\u7684\u5973\u4eba\uff5cPSYMAN\u585e\u9580"
        },
        {
            "id": "a9PF8d6xypo",
            "title": "\u8d85\u6a21\u5c0f\u77e5\u8b58 \u5176\u5be6\u651d\u5f71\u68da\u662f\u5de8\u4eba\u570b#shorts \uff5cPSYMAN\u585e\u9580"
        },
        {
            "id": "b26c4pLmlrQ",
            "title": "\u8d85\u6a21C3(\u4e0a)\uff5c\u81f4\u547d\u5438\u5f15\u529b\u7684\u7d2b\u7f85\u862d\u8272\u96d9\u773c\uff01\u537b\u8fd1\u4e4e\u5168\u76f2\uff01\u9802\u8457\u773c\u75be\u537b\u6210\u70ba\u7bc0\u76ee\u7684\u7f8e\u7167\u91cf\u7522\u6a5f\uff01\uff5cPSYMAN\u585e\u9580"
        },
        {
            "id": "d3YridE0SuI",
            "title": "\u6709\u8da3\u7684\u5973\u4eba\uff0c\u621188\u540d\u5f9e\u4f86\u4e0d\u8aaa\u7684\uff5cPSYMAN\u585e\u9580"
        },
        {
            "id": "aPlS6ekdg1g",
            "title": "\u8d85\u6a21C2(\u4e0b)\uff5c\u5343\u842c\u4e0d\u8981\u5c0f\u770b\u80d6\u5b50\u7684\u6f5b\u529b\uff01\u72c2\u6e1b20\u516c\u65a4\uff01\u7adf\u6210\u4e86\u53f2\u4e0a\u96e3\u5f97\u4e00\u898b\u7684\u5b8c\u7f8e\u4e94\u5b98\uff01\u8d85\u6a21\u7b2c\u4e00\u4f4d\u6d77\u7058\u51fa\u6c92\uff5cPSYMAN\u585e\u9580"
        },
        {
            "id": "w2v1cyEpa8I",
            "title": "\u6c92\u60f3\u5230\u5c0f\u7dbf\u7f8a\u4e5f\u80fd\u6709\u9019\u7a2e\u8eca\u901f\u6211\u5f88\u610f\u5916#shorts \uff5cPSYMAN\u585e\u9580"
        },
        {
            "id": "U19b7BByoq8",
            "title": "\u8d85\u6a21C2(\u4e0a)\uff5c\u7d14\u6a38\u5c11\u5973\u5927\u6539\u9020\uff01\u51fa\u570b\u6bd4\u8cfd\u537b\u8b93\u7537\u53cb\u6234\u7da0\u5e3d\uff1f\u8d85\u6a21\u6253\u51fa\u91cc\u7a0b\u7891\u7684\u4e00\u5b63\uff01\u8d85\u731b\u56db\u5f37\u9078\u624b\u98a8\u60c5\u842c\u7a2e\uff01\u6bcf\u500b\u90fd\u6709\u7368\u7279\u7684\u8ff7\u4eba\u9b45\u529b\uff5cPSYMAN\u585e\u9580"
        },
        {
            "id": "GigGrZdE9zk",
            "title": "\u96de\u96de\u6478\u6ce2\u6478\u62dc \u6ce2\u4e00\u6ce2\u4e00 \u6ce2\u4e00\u6ce2\u4e00#short\uff5cPSYMAN\u585e\u9580"
        },
        {
            "id": "e73gHiy3J6s",
            "title": "\u8d85\u6a21C1\uff5c\u91ab\u5b78\u7cfb\u5b78\u751f\u52c7\u95d6\u6642\u88dd\u754c\uff01\u7d55\u7f8e\u767d\u86c7\u7167\u50b3\u5531\u5f8c\u4e16\uff01\u8cfd\u4e2d\u53ad\u4e16\u96a8\u4fbf\u6bd4\uff01\u8cfd\u5f8c\u5c45\u7136\u6210\u70ba\u4e9e\u6d32\u754c\u8d85\u7d55\u540d\u6a21\uff01\uff5cPSYMAN\u585e\u9580"
        },
        {
            "id": "ID1cmzutQ9M",
            "title": "\u5e73\u5e38\u505a\u4eba\u771f\u7684\u5f88\u91cd\u8981\u554a#shorts \uff5cPSYMAN\u585e\u9580"
        },
        {
            "id": "OpzmU9OxOIY",
            "title": "\u4e0b\u8f29\u5b50\u6211\u4e5f\u8981\u7576\u88ab\u9078\u53ec\u7684\u5b69\u5b50#shorts \uff5cPSYMAN\u585e\u9580"
        },
        {
            "id": "RE6YBK2CAnU",
            "title": "\u63db\u4e58S02-6\uff5c\u592a\u4f0a\u8ddf\u5948\u8a00\u6700\u7d42\u662f\u5426\u4fee\u6210\u6b63\u679c\uff1f\u667a\u598d\u65b0\u7537\u53cb\u5927\u66dd\u5149\uff01\u63db\u4e58\u6200\u611b\u7d42\u65bc\u5b8c\u7d50\u7bc7\u8b1d\u8b1d\u5927\u5bb6\u7684\u652f\u6301\uff5c\u63db\u4e58\u6200\u611b\uff5cPSYMAN\u585e\u9580"
        },
        {
            "id": "oxswfBBUzjg",
            "title": "\u600e\u9ebc\u6703\u6c92\u6709\u4eba\u559c\u6b61\u4f60\u5462\u6211\u5c31\u5f88\u559c\u6b61\u554a#shorts \uff5cPSYMAN\u585e\u9580"
        },
        {
            "id": "FJlmBj5eNGc",
            "title": "\u770b\u4f86POA\u53c8\u6709\u4e8b\u60c5\u8981\u5fd9\u4e86#shorts \uff5cPSYMAN\u585e\u9580"
        },
        {
            "id": "Y8VM1bnwCj4",
            "title": "\u63db\u4e58S02-5\uff5c\u63db\u4e58\u6200\u611b\u884c\u8d70\u7684\u8cbb\u6d1b\u8499\uff01\u611f\u60c5\u8def\u4e0a\u537b\u5145\u6eff\u66f2\u6298\uff01\u751a\u81f3\u88ab\u524d\u4efb\u760b\u72c2\u8cb6\u4f4e\uff5c\u63db\u4e58\u6200\u611b\uff5cPSYMAN\u585e\u9580"
        },
        {
            "id": "jipEXlmnN3Q",
            "title": "\u96d6\u7136\u5df2\u7d93\u5206\u624b\u4e86\u963f\u4f60\u4e5f\u4e0d\u80fd\u9019\u6a23\u4e82\u62b1\u963f\uff5c#shorts \uff5cPSYMAN\u585e\u9580"
        },
        {
            "id": "E_Ovhh9PuMc",
            "title": "\u63db\u4e58S02-4\uff5cAmazing\uff01\u6bcf\u5929\u90fd\u5728\u7206\u5435\u7684\u524d\u4efb\uff01\u6700\u7d42\u5c45\u7136\u5947\u8e5f\u4f3c\u7684\u5fa9\u5408\uff1f\u4f46\u660e\u773c\u4eba\u90fd\u77e5\u9053\u4ed6\u5011\u6839\u672c\u5c31\u662f\u5929\u751f\u4e00\u5c0d\uff5c\u63db\u4e58\u6200\u611b\uff5cPSYMAN\u585e\u9580"
        },
        {
            "id": "X9pXN1sJPLM",
            "title": "\u6211\u770b\u4f60\u771f\u7684\u662f\u5f88\u611bpuma\u5225\u4eba\u5594\uff5cPSYMAN\u585e\u9580"
        },
        {
            "id": "bkHVTBr50Xk",
            "title": "\u63db\u4e58S02-3\uff5c\u4e16\u754c\u4e0a\u6700\u4e0d\u9069\u5408\u7684\u5169\u4eba\u5982\u679c\u540c\u4f4f\u4e00\u500b\u5c4b\u7c37\u4e0b\uff0c\u662f\u5426\u6709\u5fa9\u5408\u7684\u53ef\u80fd\u6027\uff1f\u9019\u5169\u4eba\u793a\u7bc4\u7d66\u4f60\u770b\uff5c\u63db\u4e58\u6200\u611b\uff5cPSYMAN\u585e\u9580"
        },
        {
            "id": "w4SvztuQT9A",
            "title": "\u63db\u4e58S02-2\uff5c\u5728\u524d\u4efb\u9762\u524d\u8207\u5176\u4ed6\u7537\u4eba\u5341\u6307\u7dca\u6263\uff01\u537b\u5f15\u4f86\u89c0\u773e\u4e00\u7247\u53eb\u597d\uff1f\u4e03\u5929\u7684\u76f8\u8655\u8d85\u8d8a\u4e03\u5e74\u7684\u611f\u52d5\uff01\u6d77\u6069\u6700\u7d42\u8fce\u4f86\u8d85\u751c\u7d50\u5c40\uff5c\u63db\u4e58\u6200\u611b\uff5cPSYMAN\u585e\u9580"
        },
        {
            "id": "8dKpq8UdkVY",
            "title": "\u6211\u53ea\u80fd\u745f\u745f\u767c\u6296\u771f\u5fc3\u7121\u6cd5\u8272\u8272\uff5cPSYMAN\u585e\u9580"
        },
        {
            "id": "BsjYT9MCaJA",
            "title": "\u63db\u4e58S02-1\uff5c\u7121\u8996\u4ea4\u5f80\u4e03\u5e74\u524d\u4efb\u5728\u5834\uff01\u5929\u5929\u8ddf\u5176\u4ed6\u5973\u751f\u958b\u5fc3\u641e\u66d6\u6627\uff01\u7121\u4e0d\u8b93\u89c0\u773e\u634f\u7dca\u62f3\u982d\uff01\u53e6\u4eba\u63ea\u5fc3\u80c3\u75db\u7684\u97d3\u570b\u6200\u611b\u5be6\u5883\u79c0\u4f86\u4e86\uff5c\u63db\u4e58\u6200\u611b\uff5cPSYMAN\u585e\u9580"
        },
        {
            "id": "jOIOyvCsveA",
            "title": "\u8dea\u6c42\u5287\u4e2d\u7684\u9632\u6c34\u6536\u97f3\u6a5f\uff5c\u904e\u5e74\u6574\u500b\u5fd8\u4e86\u767c\uff5cshorts\uff5cPSYMAN\u585e\u9580"
        },
        {
            "id": "L2X2vV-Nrxg",
            "title": "\u55ae\u8eab\u5373\u5730\u7344S2\u4e0b\uff5c\u4e09\u5c0d\u914d\u5c0d\u6210\u529f\u7684\u60c5\u4fb6\u7bc0\u76ee\u5f8c\u90fd\u767c\u6587\u5b98\u5ba3\uff1f\u9019\u5230\u5e95\u662f\u771f\u5fc3\u76f8\u611b\uff1f\u9084\u662f\u7bc0\u76ee\u7d44\u7684\u6307\u793a\uff1f\uff5c\u55ae\u8eab\u53ca\u5730\u7344\u7b2c\u4e8c\u5b63\uff5cPSYMAN\u585e\u9580"
        },
        {
            "id": "nHnWu389EQs",
            "title": "\u55ae\u8eab\u5373\u5730\u7344S2\u4e0a\uff5c\u9996\u723e\u5927\u5b78\u6821\u82b1\u5c0d\u4e0a\u523a\u9752\u5927\u91ce\u72fc\uff01\u8377\u723e\u8499\u5674\u767c\u8b93\u4eba\u81c9\u7d05\u5fc3\u8df3\uff01\u5728\u6cf3\u6c60\u88e1\u7684\u6fc0\u60c5\u56db\u5c04\uff01\u770b\u5c0d\u773c\u5c31\u958b\u623f\u7684\u706b\u8fa3\u5be6\u5883\u79c0\uff5cPSYMAN\u585e\u9580"
        },
        {
            "id": "yMSuZgMiihQ",
            "title": "\u795e\u7372\u5f97\u4e86\u4e00\u500b\u6703\u5ddd\u5287\u8b8a\u81c9\u7684\u5c0f\u7c89\u7d72#shorts \uff5cPSYMAN\u585e\u9580"
        },
        {
            "id": "iizILCTd3tE",
            "title": "\u771f\u8ad6AKB\u7684\u8a71\u6211\u9084\u662f\u559c\u6b61\u9b3c\u982d\u6843\u83dc\uff5c#Shorts\uff5cPSYMAN\u585e\u9580"
        },
        {
            "id": "6QOhz8ao6Hk",
            "title": "\u96d9\u5c64\u516c\u5bd3-\u6e58\u5357\u7bc7(04)\uff5c\u898b\u4e00\u500b\u611b\u4e00\u500b\u4f46\u5929\u5929\u88ab\u6253\u69cd\uff01\u6700\u7d42\u537b\u5947\u8e5f\u4f3c\u7684\u88ab\u8eab\u5bb6\u767e\u5104\u7684\u96c6\u5718\u5343\u91d1\u5012\u8ffd\uff1f\uff5c\u96d9\u5c64\u516c\u5bd3\uff5cPSYMAN\u585e\u9580"
        },
        {
            "id": "UraQ3OnwZG8",
            "title": "\u5f8c\u4f86\u4ed6\u4f86\u53f0\u7063\u5531\u4e86\u4e00\u9996\u80cc\u53db\uff0c\u4f46\u90a3\u53c8\u662f\u53e6\u4e00\u500b\u6545\u4e8b\u4e86\uff5cPSYMAN\u585e\u9580"
        },
        {
            "id": "VLNiLkTSQ3I",
            "title": "\u96d9\u5c64\u516c\u5bd3-\u6e58\u5357\u7bc7(03)\uff5c\u6e58\u5357\u7bc7\u6700\u6709\u9b45\u529b\u623f\u5ba2\uff01\u7121\u6578\u5973\u795e\u70ba\u5176\u50be\u5012\uff01\u525b\u62ff\u5230\u51a0\u8ecd\u8170\u5e36\uff0c\u537b\u767c\u73fe\u8166\u90e8\u7a4d\u6c34\uff01\uff5c\u96d9\u5c64\u516c\u5bd3\uff5cPSYMAN\u585e\u9580"
        },
        {
            "id": "QaPaZ1CADxU",
            "title": "2022\u5e74\u5be6\u5883\u79c0\u641c\u5c0b\u6392\u884c\u699c\u5927\u516c\u958b\uff01\u53f0\u7063\u8d85\u5f37\u5be6\u5883\u79c0\u5169\u5b63\u90fd\u4e0a\u699c\uff01\u97d3\u570b\u4ee5\u6200\u611b\u7cfb\u5217\u5927\u9006\u8972\uff5cPSYMAN\u585e\u9580"
        },
        {
            "id": "NxMaxbU1T9Y",
            "title": "\u6211\u5011\u7684\u8766\u9903\u5927\u4eba\u662f\u500b\u5e25\u54e5\u6795\u982d#shorts \uff5cPSYMAN\u585e\u9580"
        },
        {
            "id": "wpoK_km82g4",
            "title": "\u96d9\u5c64\u516c\u5bd3-\u6e58\u5357\u7bc7(02)\uff5c\u96d9\u5c64\u516c\u5bd3\u7684\u9762\u6524\u5e25\u54e5\uff01\u5f8c\u4f86\u5c45\u7136\u6210\u70ba\u4e86\u5047\u9762\u9a0e\u58eb\u7684\u8b0e\u56e0\u4e4b\u738b\uff01\u5728\u5287\u4e2d\u5206\u624b\u4ee5\u5f8c\u5287\u5916\u5c45\u7136\u6709\u5a5a\u7d04\u5728\u8eab\uff1f\u7b2c\u4e00\u5b63\u5230\u5e95\u767c\u751f\u4e86\u4e9b\u751a\u9ebc\u4e8b\uff1f\uff5c\u96d9\u5c64\u516c\u5bd3\uff5cPSYMAN\u585e\u9580"
        },
        {
            "id": "QCVl-0kxRy8",
            "title": "\u96d9\u5c64\u516c\u5bd3\u7b2c\u4e00\u5b63 \u55ae\u5c64\u516c\u5bd3\uff5cPSYMAN\u585e\u9580"
        },
        {
            "id": "OUYjKqArfG8",
            "title": "\u96d9\u5c64\u516c\u5bd3-\u6e58\u5357\u7bc7(01)\uff5c\u96d9\u5c64\u516c\u5bd3\u7b2c\u4e00\u5b63\u4f86\u4e86\uff01\u50b3\u5947\u623f\u5ba2\u521d\u767b\u5834\u5c31\u9020\u5c31\u6536\u8996\u7d00\u9304\uff01\u62cd\u651d\u6642\u9593\u9577\u9054\u5169\u5e74\uff01\u7bc0\u76ee\u53f2\u4e0a\u6700\u9577\u7684\u4e00\u5b63\uff5c\u96d9\u5c64\u516c\u5bd3\uff5cPSYMAN\u585e\u9580"
        },
        {
            "id": "e-9EfKVUbG0",
            "title": "\u5bf6\u53ef\u5922\u6b63\u50b3\u53f2\u4e0a\u8a55\u5206\u6700\u4f4e\u4f5c\u54c1\uff01\u537b\u5275\u4e0b\u4e86\u65e5\u672c\u7684\u92b7\u552e\u5947\u8e5f\uff1f\u512a\u9ede\u975e\u5e38\u660e\u986f\uff0c\u7f3a\u9ede\u4e5f\u986f\u800c\u6613\u898b\uff5cPSYMAN\u585e\u9580"
        },
        {
            "id": "p-KePsiQgVw",
            "title": "\u5404\u4f4d\u89c0\u773e\u6211\u5fc5\u9808\u5f97\u4f11\u606f\u4e00\u4e0b\u653e\u6162\u8173\u6b65\uff0cYouTuber\u6182\u9b31\u5230\u5e95\u662f\u771f\u7684\u9084\u5047\u7684\uff0c\u6dfa\u8ac7\u7db2\u7d05\u7684\u6182\u9b31\u56e0\u7d20\uff5cPSYMAN\u585e\u9580"
        },
        {
            "id": "s2X6DSO6hpU",
            "title": "\u4e9e\u795e\u8ddf\u6731\u8389\u738b\u7684\u5922\u5e7b\u5171\u6f14 \u5feb\u9ad8O\u4e86\uff5cPSYMAN\u585e\u9580"
        },
        {
            "id": "U95BUE5coeM",
            "title": "\u63a5\u8457\u5c31\u7b49\u8001\u4eba\u7248\u7684\u5eda\u795e\u7576\u9053\u4e86\uff5cPSYMAN\u585e\u9580"
        },
        {
            "id": "oOJ1kB3juKI",
            "title": "\u5eda\u795e\u7576\u9053S12(\u4e0b)\uff5c\u5eda\u795e\u53f2\u4e0a\u6700\u5f37\u9078\u624b\u5f37\u52e2\u56de\u6b78\uff01\u5168\u7a0b\u5b8c\u7f8e\u8868\u73fe\u537b\u88ab\u8cfd\u5236\u9670\u6389\uff01\u5c0f\u5c0f\u5eda\u795e\u9996\u6b21\u53c3\u8cfd\u6210\u4eba\u7248\u5c45\u7136\u6253\u51fa\u4e86\u9a5a\u4eba\u6210\u7e3e\uff5c\u5eda\u795e\u7576\u9053Back to win\uff5cPSYMAN\u585e\u9580"
        },
        {
            "id": "rW18g2z_SD4",
            "title": "\u5eda\u795e\u7576\u9053S12(\u4e2d)\uff5c\u4e00\u8def\u6bba\u5230\u6c7a\u8cfd\u7684\u8d85\u7d1a\u9ed1\u99ac\uff01\u4e0a\u5b63\u5c45\u7136\u540d\u6b21\u588a\u5e95\uff1f\u5168\u660e\u661f\u8cfd\u6700\u8b93\u4eba\u610f\u60f3\u4e0d\u5230\u7684\u8d85\u7d1a\u65b0\u661f\uff01\uff5c\u5eda\u795e\u7576\u9053Back to win\uff5cPSYMAN\u585e\u9580"
        },
        {
            "id": "z5SrRTYA9SA",
            "title": "\u5eda\u795e\u7576\u9053S12(\u4e0a)\uff5c\u725b\u6392\u6389\u5230\u5730\u4e0a\u62ff\u8d77\u4f86\u7e7c\u7e8c\u70e4\uff1fGordon\u6c23\u5230\u76f4\u63a5\u62d4\u6389\u4ed6\u7684\u968a\u9577\uff01\u5eda\u795e\u7576\u9053\u5168\u660e\u661f\u8cfd\u767b\u5834\uff01\u5230\u5e95\u8ab0\u80fd\u6bba\u51fa\u8840\u8def\uff5c\u5eda\u795e\u7576\u9053Back to win\uff5cPSYMAN\u585e\u9580"
        },
        {
            "id": "uCqNrWPKNYQ",
            "title": "\u9084\u662f\u5de5\u4f5c\u4eba\u54e1\u6703\u958b\u5674\u5c04\u6a5f\uff5cPSYMAN\u585e\u9580"
        }
    ]
}