{
    "channel": {
        "title": "MASA",
        "id": "UCr90FXGOO8nAE9B6FAUeTNA",
        "customUrl": "@masacooking",
        "uploads": "UUr90FXGOO8nAE9B6FAUeTNA"
    },
    "videos": [
        {
            "id": "NvR4VtI3-H0",
            "title": "\u9999\u9999\u9165\u70b8\u79cb\u8475/Deep fried Crispy Okuras| MASA\u306e\u6599\u7406ABC"
        },
        {
            "id": "hZeHLWo4D04",
            "title": "\u96d9\u5473\u677e\u962a\u8c6c\u4e3c\u98ef/Tontro Donburi| MASA\u306e\u6599\u7406ABC"
        },
        {
            "id": "uC0IGZsIiPE",
            "title": "Presented by \u81b3\u9b54\u5e2b-\u96de\u817f\u68d2\u5473\u564c\u716e/Chicken Drumsticks with Miso Soup|MASA\u306e\u6599\u7406ABC"
        },
        {
            "id": "L9dTzgsIpXw",
            "title": "\u8c6c\u6392\u5496\u54e9\u71d2\u9eb5/Pork Steak Noodles with Curry Sauce| MASA\u306e\u6599\u7406ABC"
        },
        {
            "id": "Mi0J3PRWTR4",
            "title": "\u97d3\u5f0f\u70e4\u725b\u8089\u5b9a\u98df/Korean Style Stir fried Beef| MASA\u306e\u6599\u7406ABC #masa #food#\u725b\u8089"
        },
        {
            "id": "8TkKwKxFs8U",
            "title": "\u97d3\u5f0f\u70e4\u725b\u8089\u5b9a\u98df/Korean Style Stir fried Beef| MASA\u306e\u6599\u7406ABC"
        },
        {
            "id": "G2FdGJEHpuk",
            "title": "\u7f8e\u98df\u7684\u65c5\u884c-\u65b0\u52a0\u5761/Visiting Singapore| MASA\u306e\u6599\u7406ABC #masa #\u7f8e\u98df #\u65b0\u52a0\u5761"
        },
        {
            "id": "4oQ4xXHVSVk",
            "title": "\u7f8e\u98df\u7684\u65c5\u884c-\u65b0\u52a0\u5761/Visiting Singapore| MASA\u306e\u6599\u7406ABC"
        },
        {
            "id": "hiRytaBk1-Q",
            "title": "\u548c\u98a8\u7d05\u71d2\u8c6c\u808b\u6392\u689d/Stewed Spare Ribs with Soy sauce| MASA\u306e\u6599\u7406ABC"
        },
        {
            "id": "hM0A5-yRjIo",
            "title": "\u8766\u4ec1\u767d\u91ac\u849c\u9999\u901a\u5fc3\u7c89/Macaroni with Garlic Prawn| MASA\u306e\u6599\u7406ABC"
        },
        {
            "id": "dwzXdFU393A",
            "title": "\u624b\u6c96\u5496\u5561/Hand Drip Coffee| MASA\u306e\u6599\u7406ABC"
        },
        {
            "id": "bu4k9jg1gfw",
            "title": "\u65b0\u66f8\u6e96\u5099\u4e2d\uff01#masa#\u98df\u8b5c\u66f8"
        },
        {
            "id": "UbmUKyhTki0",
            "title": "\u753a\u4e2d\u83ef\u98a8 \u96de\u7fc5\u51ac\u7c89\u6e6f\u5b9a\u98df/Chicken Harusame Soup Teisyoku| MASA\u306e\u6599\u7406ABC"
        },
        {
            "id": "cqdtS-KkGn4",
            "title": "Presented by \u81b3\u9b54\u5e2b-\u6817\u5b50\u5357\u74dc\u7d5e\u8089\u5496\u54e9/Kabocha&Ground Pork Curry|MASA\u306e\u6599\u7406ABC"
        },
        {
            "id": "kqS60P5PXg4",
            "title": "\u9bad\u9b5a\u99ac\u9234\u85af\u51f1\u6492\u6c99\u62c9/Salmon&Potato Caesar Salad| MASA\u306e\u6599\u7406ABC"
        },
        {
            "id": "aRI1A70krt4",
            "title": "\u86e4\u870a\u5976\u6cb9\u548c\u98a8\u6e6f\u9eb5/Soba with Clams Butter Soy Sauce| MASA\u306e\u6599\u7406ABC"
        },
        {
            "id": "vFySfQyoE9I",
            "title": "\u4f4e\u5361\u65e5\u5f0f\u716e\u9b5a&\u7cd9\u7c73\u5b9a\u98df/Nitsuke Fish & Brown Rice Teisyoku| MASA\u306e\u6599\u7406ABC"
        },
        {
            "id": "FgOIDQuhm1k",
            "title": "Presented by \u81b3\u9b54\u5e2b-\u6930\u6c41\u7d05\u8c46\u767d\u7389/Coconut Shiratama Sweet Soup|MASA\u306e\u6599\u7406ABC"
        },
        {
            "id": "iUk-c5bo8HY",
            "title": "\u65e5\u5f0f\u516b\u5bf6\u83dc\u4e3c\u98ef/Happousai Donburi| MASA\u306e\u6599\u7406ABC"
        },
        {
            "id": "QTudKRa6hpc",
            "title": "Presented by \u9ad8\u6176\u6cc9 \u7167\u71d2\u96de\u89aa\u5b50\u4e3c\u98ef/Teriyaki Oyakodon |MASA\u306e\u6599\u7406ABC"
        },
        {
            "id": "rrXl6bh9fvM",
            "title": "\u71d2\u70e4\u725b\u5c0f\u6392\u7092\u98ef\u5b9a\u98df/Beef rib Fried rice Teisyoku| MASA\u306e\u6599\u7406ABC"
        },
        {
            "id": "iPa0FAi_il4",
            "title": "Presented by \u6cf0\u5c71 \u6cf0\u5f0f\u6253\u62cb\u8c6c/Gapao Rice |MASA\u306e\u6599\u7406ABC"
        },
        {
            "id": "FGpGgZlkAw4",
            "title": "\u6d77\u9bae\u6930\u6c41\u5496\u54e9\u98ef/Seafood Coconut Curry| MASA\u306e\u6599\u7406ABC"
        },
        {
            "id": "KjDrBgBjCeI",
            "title": "\u9999\u96de&\u916a\u68a8\u6b50\u5f0f\u4e09\u660e\u6cbb/Chicken & Avocado Sandwich| MASA\u306e\u6599\u7406ABC"
        },
        {
            "id": "d-ytHBvWfO8",
            "title": "Presented by \u81b3\u9b54\u5e2b-\u51b7\u88fd\u99ac\u9234\u85af\u6fc3\u6e6f/Seafood&Vegetable Soup|MASA\u306e\u6599\u7406ABC"
        },
        {
            "id": "7Bs3I9yVm6o",
            "title": "\u96de\u8089\u5510\u63da\u99ac\u9234\u85af\u6c99\u62c9/Deep fried Chicken Potato Salad| MASA\u306e\u6599\u7406ABC"
        },
        {
            "id": "IbXD0d7FuNk",
            "title": "Presented by Prego \u6d77\u9bae\u756a\u8304\u86cb\u5305\u98ef/Omelet Rice with Seafood Tomato Sauce|MASA\u306e\u6599\u7406ABC"
        },
        {
            "id": "ShPZHZ6CyS0",
            "title": "\u8c6c\u8089\u8304\u5b50\u8fa3\u5473\u6dbc\u9eb5/Pork&Eggplant Spicy Noodles| MASA\u306e\u6599\u7406ABC"
        },
        {
            "id": "p5rl8nhLEqQ",
            "title": "\u548c\u98a8\u7f8e\u4e43\u6ecb\u8766\u4ec1/Prawn Teri&Mayo Donburi| MASA\u306e\u6599\u7406ABC"
        },
        {
            "id": "0dX4rpQAZQA",
            "title": "Presented by \u6cf0\u5c71 \u590f\u65e5\u852c\u83dc\u5929\u5a66\u7f85\u854e\u9ea5\u9eb5&\u79cb\u8475\u6dbc\u62cc/Tempra Soba&Okura Aemono |MASA\u306e\u6599\u7406ABC"
        },
        {
            "id": "TszBZD5EPnU",
            "title": "Presented by S&B \u65e5\u5f0f\u5496\u54e9\u725b\u8089\u9eb5/Beef Curry Noodles |MASA\u306e\u6599\u7406ABC"
        },
        {
            "id": "hsVLJHuLcbY",
            "title": "\u7f8e\u98df\u65c5\u884c-\u6cd5\u570b\u5df4\u9ece\u306e\u65c5"
        },
        {
            "id": "WBcn-6YTt44",
            "title": "\u6afb\u82b1\u8766\u98ef\u7cf0\u4fbf\u7576/Sakura Ebi Rice balls Bento| MASA\u306e\u6599\u7406ABC"
        },
        {
            "id": "vvXl1QoBRxs",
            "title": "Presented by \u7530\u539f\u9999\u6ef4\u96de\u7cbe \u4e5d\u5dde\u98a8\u9d8f\u8089\u6ce1\u98ef/Chicken Dashi Rice|MASA\u306e\u6599\u7406ABC"
        },
        {
            "id": "HxGqATw2nWk",
            "title": "Presented by \u81b3\u9b54\u5e2b-\u6d77\u9bae\u852c\u83dc\u767d\u9152\u71c9/Seafood&Vegetable Soup|MASA\u306e\u6599\u7406ABC"
        },
        {
            "id": "TlEsnMsbQBA",
            "title": "\u9435\u677f\u725b\u8089\u85af\u689d/French fries with Yakiniku Topping| MASA\u306e\u6599\u7406ABC"
        },
        {
            "id": "8JwvewVZWd8",
            "title": "Presented by \u9bae\u4e73\u574a \u8c50\u6a02\u9bae\u4e73 \u590f\u65e5\u852c\u83dc&\u96de\u8089\u5976\u91ac\u71c9\u98ef/Chicken & Vegetable Chicken Risotto |MASA\u306e\u6599\u7406ABC"
        },
        {
            "id": "5crzIf71kzA",
            "title": "\u8c6c\u8089\u6ce1\u83dc\u7c73\u6f22\u5821/Pork&Kimchi Rice Burger| MASA\u306e\u6599\u7406ABC"
        },
        {
            "id": "7i1lqDnXuuc",
            "title": "Presented by \u6cf0\u5c71 \u548c\u98a8\u9999\u9165\u96de\u6392/Wafu Deep fried Chicken |MASA\u306e\u6599\u7406ABC"
        },
        {
            "id": "IbN9pMxfSIM",
            "title": "\u9c3b\u9b5a\u7389\u5b50\u7092\u98ef/Unagi&Egg Fried rice| MASA\u306e\u6599\u7406ABC"
        },
        {
            "id": "Ulmr-XYgdBg",
            "title": "\u8b1d\u8b1d\u5927\u5bb6\u7684\u652f\u6301\uff5e\uff01"
        },
        {
            "id": "SlnPZgtLV7U",
            "title": "\u539a\u5207\u8591\u71d2\u8c6c\u6392/Classic Pork Ginger Steak| MASA\u306e\u6599\u7406ABC"
        },
        {
            "id": "XJQtJXzSwb8",
            "title": "\u7f8e\u98df\u65c5\u884c-\u4ed9\u53f0\u9732\u71df\u306e\u65c5"
        },
        {
            "id": "eZbSRaokjv4",
            "title": "\u8ddf\u5927\u5bb6\u5206\u4eab\u5feb\u554f\u5feb\u7b54\u5f71\u7247\uff01"
        },
        {
            "id": "v6FdaTnNlbc",
            "title": "\u7f8e\u98df\u7684\u65c5\u884c-\u98a8\u666f&\u98df\u7269\u592a\uff5e\u53b2\u5bb3\u4e86\uff01"
        },
        {
            "id": "CB-wgAsekB0",
            "title": "3\u7a2e\u6e05\u723d\u9eb5\u7dda\u6599\u7406/3-Dish Soumen Noodles| MASA\u306e\u6599\u7406ABC"
        },
        {
            "id": "mOg3uCpf5K8",
            "title": "Presented by\u53f2\u96f2\u751f \u548c\u98a8\u8d8a\u5357\u96de\u8089\u6e6f\u9eb5/Wafu Style Chicken Pho |MASA\u306e\u6599\u7406ABC"
        },
        {
            "id": "7rlvqmN1WMA",
            "title": "\u6b61\u8fce\u4f86\u7dda\u4e0a\u6599\u7406\u6559\u5ba4\uff01/Let's enjoy MASA's Cooking Lesson! | MASA\u306e\u6599\u7406ABC"
        },
        {
            "id": "mAtnEKjhKtQ",
            "title": "\u96de\u8089\u62cc\u98ef&\u9bad\u9b5a\u7389\u5b50\u71d2\u5b9a\u98df/Salmon Tamagoyaki Teisyoku| MASA\u306e\u6599\u7406ABC"
        },
        {
            "id": "nd4u0GGnMSI",
            "title": "\u65e5\u672c\u7f8e\u98df\u65c5\u884c-\u6ecb\u8cc0\uff06\u4eac\u90fd\u306e\u65c5"
        },
        {
            "id": "8yrFQGENGJc",
            "title": "Presented by \u9ea5\u5178\u5be6\u4f5c\u5de5\u574a \u5370\u5ea6\u8d77\u53f8\u70e4\u9905&\u5370\u5ea6\u8089\u91ac\u70e4\u9905/Cheese & Meat Sauce Naan |MASA\u306e\u6599\u7406ABC"
        },
        {
            "id": "my4ak7LoPB8",
            "title": "\u8ff7\u4f60\u5927\u962a\u71d2&\u5377\u86cb\u7cd5/ Mini Okonomiyaki & Roll Cake | MASA\u306e\u6599\u7406ABC"
        },
        {
            "id": "TwRy1iWPqyU",
            "title": "Presented by \u85fb\u7530\u592a\u592a-\u96d9\u5c64\u6d77\u82d4\uff08\u6ef8\u82d4\uff09\u8766\u4ec1\u7117\u70e4\u98ef/Nori&Prawn Rice Gratin|MASA\u306e\u6599\u7406ABC"
        },
        {
            "id": "u3jJ8q9joF8",
            "title": "\u7c21\u55ae&\u8c50\u76db3\u7a2e\u7f8e\u5f0f\u58fd\u53f8/ Sushi Rolls | MASA\u306e\u6599\u7406ABC"
        },
        {
            "id": "f57cMBq6VJU",
            "title": "\u5de7\u514b\u529b\u6b50\u83f2\u9999\u751c\u751c\u5708/ Old Fashioned Doughnuts | MASA\u306e\u6599\u7406ABC"
        },
        {
            "id": "hpeigLEcJFE",
            "title": "Presented by \u81b3\u9b54\u5e2b-\u4e5d\u5dde\u98a8\u96de\u7fc5\u9e7d\u5473\u62c9\u9eb5/ Chicken wings Shio Ramen|MASA\u306e\u6599\u7406ABC"
        },
        {
            "id": "13dfZOWGA8w",
            "title": "\u8089\u7403\u5976\u6cb9\u5496\u54e9/Butter Curry with Meat balls | MASA\u306e\u6599\u7406ABC"
        },
        {
            "id": "YtMurolumEg",
            "title": "\u4fdd\u5b58\u7248\u98df\u8b5c\uff1a3\u9053\u7f8e\u5473\u660e\u592a\u5b50\u6599\u7406/3 Mentaiko Dishes| MASA\u306e\u6599\u7406ABC"
        },
        {
            "id": "SS9lOdCcj0U",
            "title": "Presented by \u81b3\u9b54\u5e2b-\u57f9\u6839\u8d77\u53f8\u901a\u5fc3\u7c89/Bacon&Macaroni Cheese|MASA\u306e\u6599\u7406ABC"
        },
        {
            "id": "7jtYDmPzAEU",
            "title": "\u8766\u4ec1\u916a\u68a8\u96de\u86cb\u6c99\u62c9\u4e09\u660e\u6cbb/Prawn & Avocado & Egg Sandwich| MASA\u306e\u6599\u7406ABC"
        },
        {
            "id": "wUjAP4WZVP0",
            "title": "Presented by GODIVA \u53ef\u53ef\u98a8\u5473\u82b3\u9187\u71c9\u725b\u8089/Cacao Flavored Beef Stew|MASA\u306e\u6599\u7406ABC"
        },
        {
            "id": "3ko6rcw9vMw",
            "title": "Presented by \u81b3\u9b54\u5e2b-\u9999\u8349\u71c9\u96de\u817f/Tomato Stewed Chicken Thighs|MASA\u306e\u6599\u7406ABC"
        },
        {
            "id": "pXcaj6epMMY",
            "title": "\u65e5\u5f0f\u9752\u6912\u91ac\u71d2\u9472\u8089/Stuffed Peppers with Teriyaki Sauce | MASA\u306e\u6599\u7406ABC"
        },
        {
            "id": "2F3r7blm8D0",
            "title": "\u65e5\u672c\u7f8e\u98df\u65c5\u884c-\u9c3b\u9b5a\u6599\u7406"
        },
        {
            "id": "WRs0gNyYhwk",
            "title": "\u849c\u9999\u99ac\u9234\u85af&\u548c\u98a8\u838e\u838e\u91ac/ Spanish Roasted Potato with Wafu Salsa| MASA\u306e\u6599\u7406ABC"
        },
        {
            "id": "KptrPMq2te4",
            "title": "\u8d85\u9165\u8106\uff01\u5343\u5c64\u8c6c\u6392\u4e3c\u98ef/Katsudon with Kabayaki Sauce| MASA\u306e\u6599\u7406ABC"
        },
        {
            "id": "F9z5LTpdbpo",
            "title": "\u65e5\u672c\u7f8e\u98df\u65c5\u884c\uff1a\u57fc\u7389\u79e9\u7236"
        },
        {
            "id": "1fAInrwe2BA",
            "title": "\u65e5\u672c\u7f8e\u98df\u65c5\u884c\uff1a\u5728\u65e5\u5403\u5230\u9053\u5730\u897f\u73ed\u7259\u6599\u7406\uff01"
        },
        {
            "id": "G433SaxtK-c",
            "title": "Presented by Prego \u8766\u4ec1\u8304\u6c41\u5976\u91ac\u71f4\u98ef/Cream Tomato Prawn Sauce with Rice|MASA\u306e\u6599\u7406ABC"
        },
        {
            "id": "rGUhRVE-WyI",
            "title": "\u7167\u71d2\u96de\u817f\u9eb5\u7dda/Teriyaki Chicken Noodles | MASA\u306e\u6599\u7406ABC"
        },
        {
            "id": "po7zUiJGD3A",
            "title": "\u65e5\u672c\u7f8e\u98df\u65c5\u884c\uff1a\u6563\u6b65\u7bc9\u5730"
        },
        {
            "id": "OUb14Pj2-_s",
            "title": "\u7f8e\u98df\u65c5\u884c\uff1a\u53bb\u770b\u4e86\u6f02\u4eae\u7684\u6afb\u82b1\uff5e\uff01"
        },
        {
            "id": "S10_JKxl0-g",
            "title": "\u548c\u98a8\u9bad\u9b5a\u89aa\u5b50\u86cb\u5305\u4e3c/Salmon & Ikura Omelet Rice | MASA\u306e\u6599\u7406ABC"
        },
        {
            "id": "C2qFfkMs_Aw",
            "title": "\u7f8e\u98df\u65c5\u884c \u767d\u677e\u9732\u9eb5\u5305 | MASA\u306e\u6599\u7406ABC"
        },
        {
            "id": "2Onf1MSMceY",
            "title": "\u548c\u98a8\u725b\u6392\u5b9a\u98df/Wafu Ribeye Steak Teishoku | MASA\u306e\u6599\u7406ABC"
        },
        {
            "id": "6nGZYJ8QMzY",
            "title": "\u6c23\u70b8\u934b2\u9053\u6599\u7406\uff1a\u7206\u6f3f\u8d77\u53f8\u96de\u817f\u6392&\u71d2\u8089\u5e97\u98a8\u8c6c\u8089\u6c99\u62c9/Stuffed Chicken & Yakiniku Style Pork Salad | MASA\u306e\u6599\u7406ABC"
        },
        {
            "id": "T4X5kChXycQ",
            "title": "\u548c\u98a8\u96ea\u88e1\u7d05\u7092\u8089\u672b\u62cc\u9eb5/Pickled Komatsuna & Pork Noodles | MASA\u306e\u6599\u7406ABC"
        },
        {
            "id": "cyegIeHxhjU",
            "title": "\u97d3\u5f0f\u9999\u714e\u8c6c\u8089\u5b9a\u98df/Korean Style Saut\u00e9ed Pork Teisyoku| MASA\u306e\u6599\u7406ABC"
        },
        {
            "id": "aM7B46xsZxE",
            "title": "Presented by Vitantonio \u9165\u8106\u8766\u4ec1\u6392&\u548c\u98a8\u5854\u5854\u91ac/Ebikatsu & Wafu Tartar Sauce |MASA\u306e\u6599\u7406ABC"
        },
        {
            "id": "VMLZmEqaqSI",
            "title": "\u65e5\u5f0f\u5927\u6839\u6ef7\u8089\u5b9a\u98df/Daikon&Pork Nikomi | MASA\u306e\u6599\u7406ABC"
        },
        {
            "id": "Cawg7tnQqbg",
            "title": "\u73fe\u5834\u9ad4\u9a57\uff01\u9053\u5730\u5ee3\u5cf6\u71d2/Hiroshima Style Okonomi yaki| MASA\u306e\u6599\u7406ABC"
        },
        {
            "id": "qadCYai_cPE",
            "title": "\u4e09\u676f\u4e2d\u5377\u4e3c\u98ef\u5b9a\u98df/Stir fried Squid & Chinese Basil | MASA\u306e\u6599\u7406ABC"
        },
        {
            "id": "A5ROj8sQZK8",
            "title": "\u7126\u7cd6\u98a8\u5473\u9eb5\u5305\u5e03\u4e01/Apple & Bread Pudding| MASA\u306e\u6599\u7406ABC"
        },
        {
            "id": "GIEGbTdu0nw",
            "title": "GREEN&SAFE-\u8c6c\u8089\u5473\u564c\u6e6f&\u96de\u8089\u6f22\u5821\u5b9a\u98df/Pork Miso Soup & Chicken Hamburg steak | MASA\u306e\u6599\u7406ABC"
        },
        {
            "id": "F9oF4-GU7Js",
            "title": "\u60e0\u65b9\u5377\u7684\u5403\u6cd5"
        },
        {
            "id": "8mqoo1iz_50",
            "title": "\u4e00\u6c41\u4e00\u83dc \u96de\u8089\u4e38\u6e6f\u5b9a\u98df/Spicy Chicken Balls Soup Teishoku | MASA\u306e\u6599\u7406ABC"
        },
        {
            "id": "SVJ4WTBkSjQ",
            "title": "\u81ea\u5b85\u5c45\u9152\u5c4b\uff01\u65e5\u5f0f\u7d9c\u5408\u4e32\u63da/Homemade Assorted Kushi Katsu | MASA\u306e\u6599\u7406ABC"
        },
        {
            "id": "fTc_mtxs9t8",
            "title": "Presented by \u7261\u4e39\u5cf0 \u8c6c\u9aa8\u7126\u9999\u80e1\u9ebb\u8c6c\u8089\u934b/Tonkotsu Sesame Pork Hot pot |MASA\u306e\u6599\u7406ABC"
        },
        {
            "id": "XNno2omPyWk",
            "title": "\u65e5\u5f0f\u53c9\u71d2\u96de\u8089\u4e3c\u98ef/Chicken Chao Shao Donburi | MASA\u306e\u6599\u7406ABC"
        },
        {
            "id": "0ofaC_KH11Y",
            "title": "\u514d\u634f\u514d\u70b8\u725b\u8089\u53ef\u6a02\u9905/Baked Beef & Potato Croquettes | MASA\u306e\u6599\u7406ABC"
        },
        {
            "id": "-6gHrZMfXCA",
            "title": "\u7c21\u55ae\u5feb\u901f\u5377\u8c6c\u8089\u65e5\u5f0f\u89d2\u716e\u5b9a\u98df/Rolled Pork Nimono | MASA\u306e\u6599\u7406ABC"
        },
        {
            "id": "WHpbKUI4RSE",
            "title": "\u4f4e\u91a3\u8cea\u5927\u982d\u83dc2\u9053\u8b8a\u5316\uff01\u7117\u70e4\u96de\u8089\u5927\u982d\u83dc&\u897f\u5f0f\u8766\u4ec1\u6ce1\u83dc /Pickled Turnip & Turnip Pickles | MASA\u306e\u6599\u7406ABC"
        },
        {
            "id": "_MA5MLULk0w",
            "title": "Presented by \u4e5d\u967d\u9ad8\u901f\u7834\u58c1\u51b7\u71b1\u8abf\u7406\u6a5fL18-Y77M \u5730\u74dc\u5805\u679c\u6fc3\u6e6f&\u6cd5\u5f0f\u7da0\u6adb\u74dc\u9e79\u6d3e/Sweet potato Soup & Zucchini Quiche |MASA\u306e\u6599\u7406ABC"
        },
        {
            "id": "hj3PCR69bsg",
            "title": "\u9435\u677f\u86cb\u5305\u62ff\u5761\u91cc\u7fa9\u5927\u5229\u9eb5/Omelet Spaghetti with Ketchup Sauce | MASA\u306e\u6599\u7406ABC"
        },
        {
            "id": "V1MSS3dnkGc",
            "title": "\u7d05\u9152\u8089\u91ac\u5976\u9999\u708a\u98ef/Meat Sauce Butter Takikomi Rice| MASA\u306e\u6599\u7406ABC"
        },
        {
            "id": "OZwXmjKFWQ0",
            "title": "\u7d05\u9152\u8089\u91ac\u5976\u9999\u708a\u98ef/Meat Sauce Butter Takikomi Rice| MASA\u306e\u6599\u7406ABC"
        },
        {
            "id": "nYzla6eQp1o",
            "title": "\u4e00\u6c41\u4e00\u83dc\uff1a\u81a0\u539f\u86cb\u767d\u306e\u5b9d\u5eab\uff01\u96de\u7fc5\u767d\u83dc\u80e1\u6912\u6e6f/Chicken wings & Chinese Cabbage Soup| MASA\u306e\u6599\u7406ABC"
        },
        {
            "id": "EAUSuqFtzVw",
            "title": "\u4e00\u934b\u5230\u5e95\u8766\u4ec1&\u6d77\u82d4\u7fa9\u5927\u5229\u9eb5/Spaghetti with Prawn&Nori Cream Sauce | MASA\u306e\u6599\u7406ABC"
        },
        {
            "id": "TN41qdk0gD8",
            "title": "Presented by Panasonic-\u96de\u8089&\u5357\u74dc\u716e\u7269\u5b9a\u98dfChicken & Kabocha Teishoku |MASA\u306e\u6599\u7406ABC"
        },
        {
            "id": "zbekuK9drl4",
            "title": "\u548c\u98a8\u84bc\u8805\u982d\u4e3c\u98ef/Wafu Ground Pork & Chives Donburi | MASA\u306e\u6599\u7406ABC"
        }
    ]
}