{
    "video_info": {
        "id": "0BZHgB1kf3Q",
        "channelTitle": "\u597d\u68d2Bump",
        "title": "\u8e22\u7206\u516c\u5bb6\u6a5f\u95dc\u5403\u6848\uff01\u864e\u982d\u8702\u5165\u4fb52\u500b\u6708\u7adf\u4e0d\u4f86\u8655\u7406\uff01\u3010\u597d\u68d2Bump\u3011",
        "description": "\u5f9e\u5927\u69822-3\u500b\u6708\u524d\u6211\u5bb6\u4f86\u4e86\u4e00\u6279\u5f88\u7d14\u7684\u864e\u982d\u8702,\n\u4e0d\u7ba1\u600e\u9ebc\u6a23\u67d0\u500b\u516c\u5bb6\u6a5f\u95dc\u55ae\u4f4d\u5c31\u662f\u4e0d\u4f86\u8655\u7406,\n\u65bc\u662f\u6211\u5011\u73a9\u8d77\u4e86\u6b7b\u4ea1\u904a\u6232\u3002\n\n#\u5c60\u8702\u52c7\u58eb #\u653f\u5e9c\u5403\u6848 #\u767c\u73fe\u864e\u982d\u8702\u7aa9\u806f\u7d61\u6211\n--------------------------------------------------------- \n\u4e0a\u4e00\u90e8\u5f71\u7247\u6211\u8fa6\u4e86\u4e00\u5834\u767e\u4eba\u6d3e\u5c0d\uff01\u7c73\u5176\u6797\u4e09\u661f\u4e3b\u5eda+20\u842c\u5927\u734e\u73a9\u5230\u723d\uff01\u3010\u597d\u68d2Bump\u3011\u3010\u6d3e\u5c0d\u934a\u91d1\u8853\u3011https://youtu.be/qnS7fIQ5Wpo\n\n\u8001\u5b50\u7684IG\uff1ahttps://bit.ly/2JqmmIq\n\u8001\u5b50\u7684FB\uff1ahttps://bit.ly/2s3pwwb",
        "likeCount": "21379",
        "commentCount": "1425",
        "viewCount": "1654786"
    },
    "comments": [
        {
            "reply_id": "UgzPef8NQa_JRcxNHYV4AaABAg",
            "reply_content": "\u9019\u4e9b\u96fb\u8a71\u771f\u7684\u6709\u5920\u597d\u7b11",
            "likeCount": 1
        },
        {
            "reply_id": "UgwhnudfQddSyTpGTnp4AaABAg",
            "reply_content": "\u8981\u806f\u7d61\u6355\u8702\u5927\u968a",
            "likeCount": 1
        },
        {
            "reply_id": "UgwucfgUVmBnOKd68q14AaABAg",
            "reply_content": "\u4ee5\u524d\u52d5\u4fdd\u73fe\u5728\u5916\u4ea4\u90e8 \u653f\u5e9c\u90fd\u6c92\u6709\u8981\u7ba1\u662f\u4e0d\u662f",
            "likeCount": 1
        },
        {
            "reply_id": "UgyRPNIrQYHTYX4ZcU54AaABAg",
            "reply_content": "\u5f9e\u9019\u6642\u5019\u5c31\u77e5\u9053\u653f\u5e9c\u4e0d\u6551\u4eba",
            "likeCount": 1
        },
        {
            "reply_id": "UgxblzPbxwQV9uUpcbN4AaABAg",
            "reply_content": "\u6211\u5011\u5bb6\u90fd\u7528\u96fb\u868a\u62cd\u6bba",
            "likeCount": 1
        },
        {
            "reply_id": "UgxcgWOoyMyuYcPfxyJ4AaABAg",
            "reply_content": "\u90a3\u500b\u4e00\u74f6\u53ef\u4ee5\u5674\u706b\u7684\u662f\u4ec0\u9ebc",
            "likeCount": 0
        },
        {
            "reply_id": "UgwmGS_SHJPQP7RWYOh4AaABAg",
            "reply_content": "\u4e00\u822c\u7684\u871c\u8702\u800c\u5df2\u554a",
            "likeCount": 0
        },
        {
            "reply_id": "Ugwzxgox9WFWJGW4iQ54AaABAg",
            "reply_content": "\u4ee5\u5f8c\u5c31\u4e0d\u8981\u6253\u7d66\u516c\u5bb6\u6a5f\u95dc\u4e86\u53cd\u6b63\u4ed6\u5011\u4e5f\u4e0d\u6703\u4f86\u81ea\u5df1\u8655\u7406\u5c31\u597d\u4e86",
            "likeCount": 0
        },
        {
            "reply_id": "Ugzy6AM6YCSekPPVuON4AaABAg",
            "reply_content": "\u6211\u5bb6\u91cc\u4e5f\u6709",
            "likeCount": 0
        },
        {
            "reply_id": "UgwG0JHfdXg4BGNwPv14AaABAg",
            "reply_content": "\u516c\u5bb6\u55ae\u4f4d\u771f\u7684\u6709\u5920\u56c2\u5f35\uff0c\u771f\u4ee5\u70ba\u90fd\u62ff\u4ed6\u5011\u6c92\u8f4d",
            "likeCount": 0
        },
        {
            "reply_id": "UgxNHTQwdUOvh881u954AaABAg",
            "reply_content": "\u6211\u5bb6\u6709\u773c\u775b\u86c7\u4f60\u6740\u6b7b\u4ed6\u5427",
            "likeCount": 0
        },
        {
            "reply_id": "Ugxw96WMMgV9fmT40jt4AaABAg",
            "reply_content": "\u6211\u5011\u5168\u54e1\u51fa\u52d5",
            "likeCount": 0
        },
        {
            "reply_id": "UgzlLJFo4yC7UPkgZsB4AaABAg",
            "reply_content": "\u611f\u8b1d\u4f60\u5011\u8e22\u7206\u9019\u500b\u4e2d\u83ef\u6c11\u570b\u6700\u5927\u8a50\u9a19\u96c6\u5718",
            "likeCount": 0
        },
        {
            "reply_id": "UgydpkbWWW94Yvq-iKJ4AaABAg",
            "reply_content": "\u4f60\u6703\u5e7e\u570b\u8a9e\u8a00",
            "likeCount": 0
        },
        {
            "reply_id": "UgyAoP0yzGhHdHhd5Et4AaABAg",
            "reply_content": "\u5176\u5be6\u5927\u90e8\u5206\u6355\u8702\u4eba\u4e0d\u662f\u516c\u5bb6\u6a5f\u95dc\u7684\u662f\u79c1\u4eba\u7684\u6355\u8702\u662f\u70ba\u6c11\u9664\u5bb3\u5176\u5be6\u4ed6\u5011\u4e0d\u7528\u90a3\u9ebc\u62fc\u547d\u9664\u975e\u63a5\u96fb\u8a71\u7684\u662f\u6d88\u9632\u54e1",
            "likeCount": 0
        },
        {
            "reply_id": "Ugwk5GmCstPGo2BeXbV4AaABAg",
            "reply_content": "",
            "likeCount": 0
        },
        {
            "reply_id": "Ugw5vHPOIEWIctndD_x4AaABAg",
            "reply_content": "",
            "likeCount": 0
        },
        {
            "reply_id": "UgxNJOnpqnI46kgyI0t4AaABAg",
            "reply_content": "\u8840\u8108\u58d3\u5236",
            "likeCount": 0
        },
        {
            "reply_id": "UgwXTqwE3c_VbMNLX3F4AaABAg",
            "reply_content": "\u6cb9\u6027\u6bba\u87f2\u5291",
            "likeCount": 0
        },
        {
            "reply_id": "UgwMF6xrdV9BIQjN6ch4AaABAg",
            "reply_content": "\u4f60\u6703\u4e0d\u6703\u628a\u6211\u5bb6\u71d2\u4e86",
            "likeCount": 0
        },
        {
            "reply_id": "UgyHeAkmy2DQ4cto26V4AaABAg",
            "reply_content": "\u5176\u5be6\u4f60\u76f4\u63a5\u6253\u7d66\u6d88\u9632\u54e1\u6d88\u9632\u54e1\u5c31\u6703\u904e\u4f86\u5e6b\u4f60\u9664\u88e1\u4e86",
            "likeCount": 0
        },
        {
            "reply_id": "UgycBOB82Q82jvX0xll4AaABAg",
            "reply_content": "\u5805\u6301\u8981\u8aaa\u6562\u770b",
            "likeCount": 0
        },
        {
            "reply_id": "UgzP6FjDlFHGB0_6yi14AaABAg",
            "reply_content": "\u53f0\u7063\u52d5\u4fdd\u771f\u7684\u53ea\u6703\u5634\u7832",
            "likeCount": 0
        },
        {
            "reply_id": "UgxN8KnARXbeTZWeWJd4AaABAg",
            "reply_content": "\u4ec0\u9ebc\u842c\u570b\u548c\u4e4b\u570b\u5566",
            "likeCount": 0
        },
        {
            "reply_id": "Ugx9mHGkkyyMrWbp36h4AaABAg",
            "reply_content": "\u90a3\u9ebc\u597d\u5403",
            "likeCount": 0
        }
    ]
}