{
    "video_info": {
        "id": "14BCR2gQDOA",
        "channelTitle": "\u597d\u68d2Bump",
        "title": "\u6293\u5230\u5e63\u5708\u7db2\u7d05\u641e\u8a50\u9a19\uff01\u9a19\u7c3d\u5047\u5408\u7d04\u9818\u8d70\u7528\u6236500\u842c\uff01\u3010\u597d\u68d2Bump\u3011",
        "description": "\u539f\u672c\u6211\u53ea\u662f\u60f3\u627e\u770b\u770b\u6709\u6c92\u6709\u4ec0\u9ebc\u4ea4\u6613\u6240\u7684\u99ac\u8173\uff5e\u6c92\u60f3\u5230\u537b\u610f\u5916\u6293\u5230\u5e63\u5708\u7db2\u7d05\u5728\u641e\u8a50\u9a19\u2026. \u771f\u4e0d\u77e5\u9053\u8a72\u8aaa\u4ec0\u9ebc\u597d\u2026\n\n#\u8cfa\u9322\u88ab\u9396\u865f #\u5047\u5408\u7d04\u76dc\u9818 #\u7db2\u7d05\u771f\u7684\u4e0d\u80fd\u76f8\u4fe1\n--------------------------------------------------------- \n\u4e0a\u4e00\u90e8\u5f71\u7247 \u53f0\u7063\u70ba\u4f55\u9084\u6709\u67ec\u57d4\u5be8\u4e8b\u4ef6\uff1f\u627e\u5de5\u4f5c\u70ba\u4f55\u53c8\u6703\u88ab\u96c6\u5718\u63a7\u5236\uff01\uff1f\u3010\u597d\u68d2Bump\u3011https://youtu.be/qu5nsXLPUDU\n\n\u8001\u5b50\u7684IG\uff1ahttps://bit.ly/2JqmmIq\n\u8001\u5b50\u7684FB\uff1ahttps://bit.ly/2s3pwwb",
        "likeCount": "42029",
        "commentCount": "3672",
        "viewCount": "1181247"
    },
    "comments": [
        {
            "reply_id": "UgyclLXcu8zwd-2TV894AaABAg",
            "reply_content": "\u8acb\u51fa\u4f86\u5411\u5916\u4ea4\u90e8\u9053\u6b49",
            "likeCount": 25
        },
        {
            "reply_id": "UgypX8oaY3wU1REf9MJ4AaABAg",
            "reply_content": "\u8981\u4e0d\u8981\u8ddf\u5916\u4ea4\u90e8\u9053\u6b49\u963f",
            "likeCount": 11
        },
        {
            "reply_id": "Ugz57JUZr9gSQYFeJCN4AaABAg",
            "reply_content": "\u6240\u4ee5\u4f60\u8981\u89e3\u91cb\u6797\u8b7d\u6d32\u65e9\u5c31\u77e5\u9053\u662f\u53bb\u505a\u8a50\u9a19\u9019\u4ef6\u4e8b\u55ce\uff1f",
            "likeCount": 6
        },
        {
            "reply_id": "UgxYcVvWmIUnDlk1zvJ4AaABAg",
            "reply_content": "\u4ec0\u9ebc\u6642\u5019\u8981\u5411\u5916\u4ea4\u90e8\u9053\u6b49\u554a",
            "likeCount": 5
        },
        {
            "reply_id": "UgxE7B7-veJDK-Nh8eN4AaABAg",
            "reply_content": "\u5e0c\u671b\u9019\u500b\u4e16\u754c\u7684\u8a50\u9a19\u96c6\u5718\u5168\u90e8\u904e\u7684\u751f\u4e0d\u5982\u6b7b",
            "likeCount": 4
        },
        {
            "reply_id": "UgzafBxCWpxTvGUvPAl4AaABAg",
            "reply_content": "\u5c31\u662f\u6709\u4f60\u9019\u7a2e\u4eba\u8a50\u9a19\u72af\u624d\u90a3\u9ebc\u7316\u72c2",
            "likeCount": 3
        },
        {
            "reply_id": "UgziAUnFCCk_FAwPri14AaABAg",
            "reply_content": "\u9019\u8001\u5144\u597d\u731b \u6211\u6559\u4ed6\u6253\u62f3\u5065\u8eab\u4ed6\u6559\u6211\u600e\u9ebc\u8cfa\u9322\u597d\u4e86",
            "likeCount": 1
        },
        {
            "reply_id": "UgyLUxR3-_PonCBhFIZ4AaABAg",
            "reply_content": "\u5927\u5b89\u679c\u7136\u90fd\u4eba\u624d",
            "likeCount": 0
        },
        {
            "reply_id": "Ugya3gdWL7NTeFgFsgx4AaABAg",
            "reply_content": "\u90a3\u500b\u7db2\u7d05\u597d\u60f3\u77e5\u9053",
            "likeCount": 0
        },
        {
            "reply_id": "Ugz1C9CCfFq69tRqGDh4AaABAg",
            "reply_content": "\u592a\u68d2\u4e86",
            "likeCount": 0
        },
        {
            "reply_id": "Ugx9yGfcKDY2jQRMwXJ4AaABAg",
            "reply_content": "\u8fd8\u6709\u5f53\u8001\u5927\u7684\u6837\u5b50",
            "likeCount": 0
        },
        {
            "reply_id": "UgzUEhY1R_xxSmLxKNV4AaABAg",
            "reply_content": "\u5927\u5b89\u9ad8\u5de5\u6821\u670d\u4e5f\u592a\u660e\u986f",
            "likeCount": 0
        },
        {
            "reply_id": "Ugwla_b9IJIPFE2zD6l4AaABAg",
            "reply_content": "\u7f51\u7ea2\u662f\u8c01",
            "likeCount": 0
        },
        {
            "reply_id": "UgwElhp3ApA8Ps-T1r54AaABAg",
            "reply_content": "\u5927\u5b89\u9ad8\u5de5\u7121\u8655\u4e0d\u5728",
            "likeCount": 0
        },
        {
            "reply_id": "UgyITJaXEFE5M_UUUZx4AaABAg",
            "reply_content": "\u5927\u5b89\u4eba\u7279\u5225\u725b\u903c\u554a",
            "likeCount": 0
        },
        {
            "reply_id": "UgwG6qhrDPCNkPzLx5x4AaABAg",
            "reply_content": "\u5e0c\u671b\u4f60\u80fd\u7e7c\u7e8c\u4fdd\u6301\u5f88\u559c\u6b61\u4f60\u7684\u5f71\u7247",
            "likeCount": 0
        },
        {
            "reply_id": "UgwLZ1rlwDE47ABScTp4AaABAg",
            "reply_content": "\u600e\u9ebc\u4e0d\u8b1b\u5462\u8a50\u9a19\u755c\u751f\u5c31\u8a72\u5831\u51fa\u4f86",
            "likeCount": 0
        },
        {
            "reply_id": "UgznIK3aYpI0bOnqxxt4AaABAg",
            "reply_content": "\u68d2\u68d2\u61c9\u8a72\u8981\u7576\u6292\u767c\u90e8\u90e8\u9577 \u5c4c\u6253\u90a3\u500b\u4ec0\u9ebc\u5510\u751a\u9ebc\u9cf3",
            "likeCount": 0
        },
        {
            "reply_id": "UgxiWneWZBhgO7XCSeN4AaABAg",
            "reply_content": "\u6211\u597d\u60f3\u77e5\u9053\u90a3\u500b\u4eba\u662f\u8ab0\u554a",
            "likeCount": 0
        },
        {
            "reply_id": "UgyVwueMx6SlnhR2rxx4AaABAg",
            "reply_content": "\u6211\u53ea\u80fd\u8aaa\u5e63\u5708\u81ea\u5df1\u7814\u7a76 \u53f0\u7063\u4e00\u5806\u4e0d\u5165\u6d41\u7684\u4ea4\u6613\u6240\u5f8c\u53f0\u90fd\u662f\u6709\u4eba\u64cd\u63a7\u7684",
            "likeCount": 0
        },
        {
            "reply_id": "UgxIEr3mreTxMAAfZZJ4AaABAg",
            "reply_content": "\u5f1f\u5f1f\u597d\u53b2\u5bb3\u53c8\u5584\u826f\uff0c\u5e0c\u671b\u4ee5\u5f8c\u6703\u6210\u70ba\u5e78\u798f\u7684\u4eba",
            "likeCount": 3
        },
        {
            "reply_id": "UgyB76GxjRzsGpIKSxh4AaABAg",
            "reply_content": "\u9019\u500b\u7db2\u7d05\u5230\u5e95\u662f\u8ab0\u5728\u8a50\u9a19",
            "likeCount": 3
        },
        {
            "reply_id": "UgwMTGERG_e-6Ssn_OV4AaABAg",
            "reply_content": "\u8a50\u9a19\u72af",
            "likeCount": 2
        },
        {
            "reply_id": "UgxlPpAQ8OZv1v3rvUR4AaABAg",
            "reply_content": "\u9019\u4f4d\u9752\u5e74\u662f\u4e0b\u4e00\u4efb\u6bd4\u723e\u84cb\u8332",
            "likeCount": 1
        },
        {
            "reply_id": "UgyxVfspau2eWgKecwF4AaABAg",
            "reply_content": "\u793e\u6703\u9700\u8981\u9019\u6a23\u7684\u6b63\u80fd\u91cf",
            "likeCount": 0
        }
    ]
}