{
    "video_info": {
        "id": "2cbtmF9Db9c",
        "channelTitle": "\u597d\u68d2Bump",
        "title": "\u6211\u88ab\u8eca\u624b\u9818\u8d7030\u842c\uff01\u89aa\u81ea\u6293\u7d66\u4f60\u5011\u770b\uff01\u3010\u597d\u68d2Bump\u3011",
        "description": "\u4e00\u76f4\u5f88\u597d\u5947\u8eca\u624b\u5230\u5e95\u8981\u600e\u9ebc\u6293\uff0c\u4eca\u5929\u7d42\u65bc\u6709\u6a5f\u6703\u4e86\uff01\n\n#\u88ab\u981830\u842c #\u8eca\u624b\u600e\u9ebc\u6293 #\u539f\u4f86\u662f\u6293\u8eca\u624b\u6211\u4ee5\u70ba\u662f\u7121\u9593\u9053\u5462\n\n--------------------------------------------------------- \n\u4e0a\u4e00\u90e8\u5f71\u7247 \u6211\u7ffb\u8eca\u4e86... \u6211\u5c0d\u4e0d\u8d77\u5927\u5bb6\uff01\u3010\u597d\u68d2Bump\u3011https://youtu.be/91s-D0qkeaE\n\n\u8001\u5b50\u7684IG\uff1ahttps://bit.ly/2JqmmIq\n\u8001\u5b50\u7684FB\uff1ahttps://bit.ly/2s3pwwb",
        "likeCount": "33130",
        "commentCount": "1941",
        "viewCount": "829410"
    },
    "comments": [
        {
            "reply_id": "UgzIpm3GFJk95paU-ix4AaABAg",
            "reply_content": "\u5b78\u6821\u6c92\u5ba3\u5c0e\u6839\u672c\u6c92\u7528",
            "likeCount": 1
        },
        {
            "reply_id": "UgxY9656eiGzRoq4ldZ4AaABAg",
            "reply_content": "\u652f\u6301",
            "likeCount": 1
        },
        {
            "reply_id": "UgxX614CErGh5CT6eUh4AaABAg",
            "reply_content": "\u68d2\u68d2\u771f\u7684\u5f88\u53b2\u5bb3\uff0c\u9019\u500b\u5c31\u662f\u5e74\u8f15\u4eba\u73fe\u5728\u7279\u5225\u9700\u8981\u5c0f\u5fc3\u7684\u72c0\u6cc1",
            "likeCount": 0
        },
        {
            "reply_id": "UgyvyhjmyCPweXGW7-p4AaABAg",
            "reply_content": "\u5f37\u5927\u7684\u8b66\u7db2",
            "likeCount": 0
        },
        {
            "reply_id": "UgwWqVFgJ3fzFDBOvPR4AaABAg",
            "reply_content": "\u5973\u88dd\u53ea\u6709\u4e00\u6b21\u8ddf\u7121\u9650\u6b21",
            "likeCount": 0
        },
        {
            "reply_id": "UgwTIPxYxLfaSQbBwBx4AaABAg",
            "reply_content": "\u9019\u6a23\u8eca\u624b\u4e0d\u5c31\u77e5\u9053\u8981\u5c0f\u5fc3\u4ec0\u9ebc\u4e86\u55ce",
            "likeCount": 0
        },
        {
            "reply_id": "Ugzr4ey_Y1OKtniqGaF4AaABAg",
            "reply_content": "\u80fd\u62cd\u9019\u6a23\u5f71\u7247\u4f86\u5f15\u5c0e\u5e74\u8f15\u4eba\u6b63\u78ba\u89c0\u5c31\u662f\u8b9a,\u4e8c\u8a71\u4e0d\u8aaa\u76f4\u63a5\u8a02\u95b1",
            "likeCount": 0
        },
        {
            "reply_id": "UgzZQNVBvPM5_QA9M6p4AaABAg",
            "reply_content": "\u53f0\u6e7e",
            "likeCount": 0
        },
        {
            "reply_id": "Ugx4mabyRgZ7MB99SJ14AaABAg",
            "reply_content": "\u5f88\u68d2\u7684\u5f71\u7247",
            "likeCount": 0
        },
        {
            "reply_id": "UgyP1XWoUppL4aMcHyt4AaABAg",
            "reply_content": "\u771f\u7684\u5f88\u68d2",
            "likeCount": 0
        },
        {
            "reply_id": "Ugy2AoP4mlJAiOQIdnV4AaABAg",
            "reply_content": "\u6211\u600e\u9ebc\u6703\u6709\u70cf\u9f8d\u6d3e\u51fa\u6240\u7684\u5373\u8996\u611f",
            "likeCount": 0
        },
        {
            "reply_id": "UgzLnzrqs5b3kYvX30J4AaABAg",
            "reply_content": "\u6709\u9ee8\u8b49\u6d77\u95dc\u4e5f\u80fd\u51fa\u53bb",
            "likeCount": 0
        },
        {
            "reply_id": "UgxGNWxiEiyTLnUBhWt4AaABAg",
            "reply_content": "\u8b1d\u8b1d\u4f60",
            "likeCount": 0
        },
        {
            "reply_id": "Ugz9uoiqvnrLITNpOeV4AaABAg",
            "reply_content": "\u667a\u969c\u8d70\u53bb\u901b\u591c\u5e02\u5c31\u627e\u4e0d\u5230\u4e86",
            "likeCount": 0
        },
        {
            "reply_id": "UgxsydPgRqU11cu95mF4AaABAg",
            "reply_content": "\u5982\u679c\u4f60\u9802\u66ff\u653f\u5e9c\uff0c\u53f0\u7063\u4e00\u5b9a\u662f\u500b\u6c92\u6709\u60e1\u7684\u570b\u5bb6",
            "likeCount": 1
        },
        {
            "reply_id": "UgywWrVYprOKTqM-9AV4AaABAg",
            "reply_content": "\u73fe\u5728\u6709\u5f88\u591a\u5e74\u8f15\u4eba\u90fd\u89ba\u5f97\u505a\u58de\u4e8b\u8ddf\u516c\u53f8\u5c31\u89ba\u5f97\u5f88\u53b2\u5bb3\u5be6\u969b\u4e0a\u516c\u53f8\u53ea\u662f\u628a\u4ed6\u5011\u7576\u65d7\u5b50\u6211\u89ba\u5f97\u662f\u73fe\u5728\u5e74\u8f15\u4eba\u7684\u5fc3\u614b\u8981\u6539\u8b8a\n\u6c92\u6539\u8b8a\u4e0d\u7ba1\u600e\u9ebc\u5ba3\u5c0e\u9084\u662f\u7121\u679c",
            "likeCount": 1
        },
        {
            "reply_id": "UgwzwISa5DU3Y-q9RnF4AaABAg",
            "reply_content": "\u597d\u50cf\u8b8a\u5411\u5728\u6559\u8eca\u624b\u600e\u9ebc\u8eb2",
            "likeCount": 1
        },
        {
            "reply_id": "UgzTN5kXBDVDTvob6JF4AaABAg",
            "reply_content": "\u60f3\u770b\u6293\u5c0f\u871c\u8702",
            "likeCount": 1
        },
        {
            "reply_id": "Ugwa1rlPBgoUgOZOvaB4AaABAg",
            "reply_content": "\u4f46\u771f\u7684\u5e0c\u671b\u88ab\u76dc\u7528\u500b\u8cc7\u6210\u8a50\u6b3a\u5e6b\u52a9\u72af\u7684\u7121\u8f9c\u53d7\u5bb3\u8005\u8b66\u65b9\u4e5f\u6709\u9019\u6a23\u7684\u6548\u7387\u22ef\u800c\u4e0d\u662f\u8b8a\u6210\u4ee3\u7f6a\u7f94\u7f8a",
            "likeCount": 0
        },
        {
            "reply_id": "Ugxbhi1woxaQsiMc-4t4AaABAg",
            "reply_content": "\u9019\u624d\u662f\u68d2\u68d2",
            "likeCount": 0
        },
        {
            "reply_id": "UgxsIke9bayhhGCXmNZ4AaABAg",
            "reply_content": "\u6703\u770b\u9019\u5f71\u7247\u7684\u4eba\u4e00\u822c\u4f86\u8aaa\u5c31\u4e0d\u662f\u6703\u505a\u8eca\u624b\u7684\u4eba",
            "likeCount": 0
        },
        {
            "reply_id": "Ugw8OTKMjVtB_fvxpR54AaABAg",
            "reply_content": "\u597d\u5c4c\u7684\u5f71\u7247",
            "likeCount": 0
        },
        {
            "reply_id": "UgwyfpziosQfV_Lifbh4AaABAg",
            "reply_content": "\u9019\u983b\u9053\u771f\u7684\u592a\u91cd\u8981\u4e86\uff0c\u7b49\u6211\u5152\u5b50\u9577\u5927\u6211\u8981\u64ad\u7d66\u4ed6\u770b",
            "likeCount": 0
        },
        {
            "reply_id": "UgwUNdATlOpk6XgylPd4AaABAg",
            "reply_content": "\u4f46\u662f\u4e00\u76f4\u7528\u8a08\u7a0b\u8eca\u8f49\u8eca\u4f60\u5011\u6839\u672c\u627e\u4e0d\u5230",
            "likeCount": 0
        },
        {
            "reply_id": "UgykwwRf_IOQN4TLyhh4AaABAg",
            "reply_content": "\u600e\u9ebc\u4e0d\u642d\u9ad8\u9435\u76f4\u63a5\u53bb\u5225\u7684\u7e23\u5e02",
            "likeCount": 0
        }
    ]
}