{
    "video_info": {
        "id": "5bg1-Fxsyv8",
        "channelTitle": "\u597d\u68d2Bump",
        "title": "\u6211\u8acb\u4e86\u4e00\u500b\u4fdd\u6bcd\uff01\u9632\u75ab\u5728\u5bb6\u7576\u5927\u723a\uff01\u3010\u597d\u68d2Bump\u3011",
        "description": "\u55ef. \u6c92\u932f. \u6211\u8acb\u4e86\u4e00\u500b\u4fdd\u59c6\u3002\n\n\u8981\u4e0b\u8f09Facebar\u9ede\u9019\u500b\uff01\nhttps://reurl.cc/dGXbAM\n\n#\u9b54\u6cd5\u5c0f\u5361 #\u82b1\u9322\u7576\u5927\u723a #\u6211\u5145\u6eff\u529b\u91cf\u5566\n--------------------------------------------------------- \r\n\u4e0a\u4e00\u90e8\u5f71\u7247\u7528YT\u5feb\u901f\u8cfa\u9032\u767e\u842c\uff01\u516c\u958b\u79d8\u8a23\uff01\u3010\u597d\u68d2Bump\u3011\u3010\u983b\u9053\u934a\u91d1\u8853\u3011https://youtu.be/SMFjtFbiCFY\r\n\r\n\u8001\u5b50\u7684IG\uff1ahttps://bit.ly/2JqmmIq\r\n\u8001\u5b50\u7684FB\uff1ahttps://bit.ly/2s3pwwb",
        "likeCount": "18544",
        "commentCount": "818",
        "viewCount": "1412167"
    },
    "comments": [
        {
            "reply_id": "UgyzK8yS1Q8DCFzaSyt4AaABAg",
            "reply_content": "\u771f\u60f3\u8a8d\u8b58\u9019\u500b\u4fdd\u6bcd",
            "likeCount": 5
        },
        {
            "reply_id": "Ugxc-aoyUmRUe3fYtOZ4AaABAg",
            "reply_content": "\u60f3\u770b\u518d\u66f4\u65b0\u9019\u592a\u5c4c\u4e86",
            "likeCount": 3
        },
        {
            "reply_id": "UgxCd5x5brR2h0e9mqh4AaABAg",
            "reply_content": "\u5361\u54c0\u5c45",
            "likeCount": 2
        },
        {
            "reply_id": "UgyrTGpdW3SOTHnDfhV4AaABAg",
            "reply_content": "\u4fdd\u6bcd\u5f8c\u4f86\u53bb\u7576\u5fae\u7a4d\u5206\u8001\u5e2b\u4e86",
            "likeCount": 2
        },
        {
            "reply_id": "Ugx35zU9gVN9dw7-sxd4AaABAg",
            "reply_content": "\u9019\u662f\u677f\u59b9\u55ce",
            "likeCount": 2
        },
        {
            "reply_id": "Ugz-5y21emnXFk0yrK94AaABAg",
            "reply_content": "\u96f2\u5bf6\u5427",
            "likeCount": 1
        },
        {
            "reply_id": "Ugzc4cE3PBlZaK4B7kJ4AaABAg",
            "reply_content": "\u9019\u662f\u5f35\u65ed\u7684\u677f\u59b9\u5427",
            "likeCount": 1
        },
        {
            "reply_id": "Ugz-tavZ2eQRY0exu_54AaABAg",
            "reply_content": "\u6578\u5b78\u8ab2\u7684\u5e6b\u63d2\u59b9",
            "likeCount": 1
        },
        {
            "reply_id": "UgxUmEF3I_RXCsLN3iZ4AaABAg",
            "reply_content": "",
            "likeCount": 1
        },
        {
            "reply_id": "Ugw3cvZmHe5IWcI4zVZ4AaABAg",
            "reply_content": "\u54c7\u9760\u5927\u5976\u4fdd\u6bcd\u592a\u723d\u4e86\u5427",
            "likeCount": 1
        },
        {
            "reply_id": "Ugy_tgN2T67sleeC0hN4AaABAg",
            "reply_content": "\u9019\u662f\u90a3\u500b\u677f\u64e6\u59b9\u55ce",
            "likeCount": 1
        },
        {
            "reply_id": "UgxwIg-sQnVZUWHkDSh4AaABAg",
            "reply_content": "\u662f\u80fd\u5e79\u7684\u4fdd\u59c6\u5c31\u66f4\u597d\u4e86",
            "likeCount": 1
        },
        {
            "reply_id": "Ugwkge0o4NgCPio5Kal4AaABAg",
            "reply_content": "\u9019\u4fdd\u6bcd\u662f\u5fae\u7a4d\u5206\u677f\u59b9\u6b38",
            "likeCount": 1
        },
        {
            "reply_id": "Ugx8BvEE4WWTwcH01Ld4AaABAg",
            "reply_content": "\u9019\u500b\u4fdd\u6bcd\u662f\u81fa\u5927\u64e6\u9ed1\u677f\u7684\u90a3\u500b\u6b38",
            "likeCount": 1
        },
        {
            "reply_id": "Ugz716THI5BS6otinMd4AaABAg",
            "reply_content": "\u7a81\u7136\u767c\u73fe\u9019\u4fdd\u6bcd\u600e\u9ebc\u662f\u4e4b\u524d\u5fae\u7a4d\u5206\u64e6\u9ed1\u677f\u7684\u90a3\u500b",
            "likeCount": 1
        },
        {
            "reply_id": "UgxVFcJZ7JvhsaU2X9p4AaABAg",
            "reply_content": "\u63db\u500b\u8aaa\u6cd5\u7684\u627e\u770b\u8b77",
            "likeCount": 1
        },
        {
            "reply_id": "UgwnA9fiG9dbYYQYdd14AaABAg",
            "reply_content": "\u6709\u9322\u771f\u597d",
            "likeCount": 0
        },
        {
            "reply_id": "Ugx__q0vLmvPa6-zxzN4AaABAg",
            "reply_content": "\u9019\u96c6\u82b1\u4e00\u842c\u6709\u8cfa\u56de\u672c",
            "likeCount": 0
        },
        {
            "reply_id": "Ugz6loj4p23K264jLZF4AaABAg",
            "reply_content": "\u54c8\u54c8\u54c8\u54c8\u54c8\u54c8\u54c8",
            "likeCount": 0
        },
        {
            "reply_id": "UgxTgA__5eYFw60zV-F4AaABAg",
            "reply_content": "\u4e91\u5bf6",
            "likeCount": 0
        },
        {
            "reply_id": "UgzYfB7mpKjWzxFoeqN4AaABAg",
            "reply_content": "\u9019\u96c6\u6700\u597d\u7b11",
            "likeCount": 0
        },
        {
            "reply_id": "UgxWa3ZUMGHhsiAgoSl4AaABAg",
            "reply_content": "\u559c\u6b61\u6b7b\u4e86\u90a3\u6bb5\u597d\u7b11",
            "likeCount": 0
        },
        {
            "reply_id": "Ugy-TE2WBvbzo13s4gJ4AaABAg",
            "reply_content": "\u597d\u80f8\u963f",
            "likeCount": 0
        },
        {
            "reply_id": "UgyzPJls-HCO9SLAYy54AaABAg",
            "reply_content": "\u81ea\u5df1\u84cb\u88ab\u771f\u7684\u7b11\u6b7b",
            "likeCount": 0
        },
        {
            "reply_id": "UgyIOuUhEIhwXTEKPjF4AaABAg",
            "reply_content": "\u9577\u5f97\u6709\u9ede\u50cf\u64e6\u9ed1\u677f\u90a3\u500b",
            "likeCount": 0
        }
    ]
}