{
    "video_info": {
        "id": "7QW7iB3IQzA",
        "channelTitle": "\u597d\u68d2Bump",
        "title": "\u6211\u7528\u6578\u5b78\u628a\u201d\u767e\u5bb6\u6a02\u201d\u7834\u89e3\u4e86\uff01\u9760\u5718\u968a\u91cf\u5316\u5927\u8d0f150\u842c\uff01\u3010\u597d\u68d2Bump\u3011\u3010\u512a\u52e2\u73a9\u5bb6\u3011",
        "description": "\u9019\u4e00\u6b21\u6211\u5011\u9760\u8457\u6578\u5b78\u516c\u5f0f\u628a\u767e\u5bb6\u6a02\u7d66\u7834\u89e3\u4e86\uff0c\u81f3\u65bc\u5f8c\u4f86\u767c\u751f\u751a\u9ebc\u4e8b\u5c0e\u81f4\u6211\u7834\u7522\uff0c\u5c31\u5404\u4f4d\u81ea\u5df1\u770b\u5427\u2026.\n\n#\u767e\u5bb6\u6a02\u7834\u89e3 #\u8ced\u5834\u53c8\u751f\u6c23\u4e86 #\u5404\u4f4d\u8acb\u5c0f\u5fc3\u4f60\u8eab\u908a\u7684\u670b\u53cb\n\n\u6210\u70ba\u9019\u500b\u983b\u9053\u7684\u6703\u54e1\u4e26\u7372\u5f97\u734e\u52f5\uff1a\nhttps://www.youtube.com/channel/UC7XxnhjdYjiQJ3m80K_N_4g/join\n\n--------------------------------------------------------- \r\n\u4e0a\u4e00\u90e8\u5f71\u7247 \u6176\u795d\u767e\u842c\u8a02\u95b1\u642c\u65b0\u5bb6\uff01\u628a\u73cd\u5947\u6536\u85cf\u5168\u62ff\u51fa\u4f86\u62cd\u8ce3\uff01\u3010\u597d\u68d2Bump\u3011\u3010\u62cd\u8ce3\u934a\u91d1\u8853\u3011https://youtu.be/W9jT2N2auCY\r\n\r\n\u8001\u5b50\u7684IG\uff1ahttps://bit.ly/2JqmmIq\r\n\u8001\u5b50\u7684FB\uff1ahttps://bit.ly/2s3pwwb",
        "likeCount": "18490",
        "commentCount": "1057",
        "viewCount": "1280893"
    },
    "comments": [
        {
            "reply_id": "UgzQhog6Zp8CzVAhBX94AaABAg",
            "reply_content": "\u5728\u5c0f\u623f\u95f4\u53ef\u4ee5\u556a\u556a\u556a\u556a\u7684",
            "likeCount": 1
        },
        {
            "reply_id": "UgwFSYxKds5J2TgeXD14AaABAg",
            "reply_content": "\u6211\u807d\u4f60\u5abd\u5728\u5439",
            "likeCount": 1
        },
        {
            "reply_id": "UgwKvKQDH67764hU_-54AaABAg",
            "reply_content": "\u767e\u5bb6\u4e50\u4e00\u76f4\u73a9\u5bb9\u6613\u8f93\u503e\u5bb6\u8361\u4ea7",
            "likeCount": 0
        },
        {
            "reply_id": "Ugx0jfi63_KW-vJ8SVJ4AaABAg",
            "reply_content": "\u5728\u5c0f\u623f\u9593\u770b\u52d5\u756b",
            "likeCount": 0
        },
        {
            "reply_id": "UgzfCzHxvG6H2KxpmVx4AaABAg",
            "reply_content": "\u7eaf\u7cb9\u62cd\u620f",
            "likeCount": 0
        },
        {
            "reply_id": "Ugw4KvjYxC-qH-oJOTJ4AaABAg",
            "reply_content": "\u4f60\u53ef\u4ee5\u53bb\u6fb3\u95e8",
            "likeCount": 0
        },
        {
            "reply_id": "UgwPmU6sAK7xluWakFh4AaABAg",
            "reply_content": "\u8bf7\u95ee\u5728\u8131\u8863\u821e\u4ff1\u4e50\u90e8\u91cc\u9762\u662f\u4e0d\u662f\u5c04\u5c04\u4e86",
            "likeCount": 0
        },
        {
            "reply_id": "Ugw5B20CXlVL5kqNAN94AaABAg",
            "reply_content": "\u4e3a\u4ec0\u4e48\u4e0d\u7b80\u5355\u4ecb\u7ecd\u4e00\u4e0b\u5728\u5927\u724c\u51fa\u4e86\u591a\u5c11\u7684\u60c5\u51b5\u4e0b\u518d\u6709\u673a\u4f1a\u6293\u56db\u5341\u500d\u5462\uff1f",
            "likeCount": 0
        },
        {
            "reply_id": "UgyFNYibDlWUwgaGFqN4AaABAg",
            "reply_content": "\u771f\u6b63\u8981\u6015\u7684\u662f\u8d70\u51fa\u8ced\u5834\u5f8c\u5e7e\u689d\u8857\u9047\u5230\u7684\u9ed1\u4eba",
            "likeCount": 0
        },
        {
            "reply_id": "Ugx4aGSXGD9-6zRV26R4AaABAg",
            "reply_content": "\u5c0f\u623f\u95f4\u6709\u4ec0\u4e48\u670d\u52a1",
            "likeCount": 0
        },
        {
            "reply_id": "UgzJhPhbIdXfGUIkLNt4AaABAg",
            "reply_content": "\u60f3\u505a\u4ee3\u7406\u7684\u79c1",
            "likeCount": 0
        },
        {
            "reply_id": "UgxFBH2QCUbaAOt4a0N4AaABAg",
            "reply_content": "\u8b9a\u8b9a\u8b9a",
            "likeCount": 0
        },
        {
            "reply_id": "UgyGlS0ivE7Kik_UFrd4AaABAg",
            "reply_content": "\u770b\u4f86\u53ea\u6709\u7d93\u71df\u5c0f\u623f\u9593\u7a69\u8d0f\u4e0d\u8f38",
            "likeCount": 0
        },
        {
            "reply_id": "Ugy-oNfxczrPDW10sbZ4AaABAg",
            "reply_content": "\u540e\u9762\u6253\u7801\u6253\u7684\u592a\u591a\u4e86",
            "likeCount": 0
        },
        {
            "reply_id": "UgzspEm-pW_xGQh79254AaABAg",
            "reply_content": "\u8b1b\u8a71\u597d\u597d\u8b1b\u5225\u62ff\u6905\u5b50",
            "likeCount": 0
        },
        {
            "reply_id": "Ugy-Fg7lh97pVoRoAs94AaABAg",
            "reply_content": "\u53ef\u4ee5\u8ba9\u4e00\u4e2a\u8bc8\u9a97\u7f51\u7ad9\u7684\u670d\u52a1\u5668\u762b\u75ea\u5417",
            "likeCount": 0
        },
        {
            "reply_id": "UgzgAp9oAfleJCWzihB4AaABAg",
            "reply_content": "\u539f\u4f86\u8ced\u5834\u9019\u9ebc\u5bd2\u9178",
            "likeCount": 0
        },
        {
            "reply_id": "Ugwc7tKXUqcBJR4N75h4AaABAg",
            "reply_content": "\u904b\u5409",
            "likeCount": 0
        },
        {
            "reply_id": "Ugxj4oLeZXaEY0zS7Nl4AaABAg",
            "reply_content": "\u53bb\u6fb3\u95e8\u8d62\u5230\u8d4c\u573a\u7834\u4ea7",
            "likeCount": 0
        },
        {
            "reply_id": "Ugyn_94OJl_JgMqPHAx4AaABAg",
            "reply_content": "\u597d\u68d2",
            "likeCount": 0
        },
        {
            "reply_id": "Ugz1R_ZH8vx8nGkQbFp4AaABAg",
            "reply_content": "\u8bf7\u95ee\u8fd9\u4e2a\u662f\u54ea\u4e2a\u8d4c\u573a",
            "likeCount": 0
        },
        {
            "reply_id": "UgwQTdbYncfOPMHAbW94AaABAg",
            "reply_content": "\u7f51\u4e0a\u8d4c\u535a\u7684\u5e94\u8be5\u7b97\u4e0d\u5230\u5427",
            "likeCount": 0
        },
        {
            "reply_id": "UgzmzKnMVZHS26KasxV4AaABAg",
            "reply_content": "\u6709\u4f5c\u5f0a\u8981\u600e\u9ebc\u8d0f",
            "likeCount": 0
        },
        {
            "reply_id": "UgybfoNKEssjwsTnqoV4AaABAg",
            "reply_content": "\u8fc7\u6765\u8d8a\u5357\u6253",
            "likeCount": 0
        },
        {
            "reply_id": "UgwdyvhluysCoQga_vZ4AaABAg",
            "reply_content": "\u62c9\u65af\u7ef4\u52a0\u65af\u73a9\u4e0d\u4e86\u53bb\u6fb3\u95e8\u554a",
            "likeCount": 0
        }
    ]
}