{
    "video_info": {
        "id": "8s2Ri2nGlZs",
        "channelTitle": "\u597d\u68d2Bump",
        "title": "\u77e5\u540d\u7db2\u7d05\u7528NFT\u9a19\u7c89\u7d72\u7684\u9322\uff01\u4e8b\u5f8c\u4e00\u53e5\u300c\u6211\u4e5f\u53d7\u50b7\u5f88\u91cd\u300d\u5c31\u60f3\u514d\u8cac\uff01\uff1f\u5641\u5fc3\u81f3\u6975\u3010\u597d\u68d2Bump\u3011",
        "description": "\u77e5\u540d\u7db2\u7d05\u9a19\u7c89\u7d72\u7684\u9322\u2026 \u4e8b\u5f8c\u537b\u6c92\u8ca0\u8cac\u4efb\u5230\u5e95\u2026\n\u9084\u5728\u90a3\u908a\u88dd\u53ef\u6190\u60f3\u7e7c\u7e8c\u5272\u4e0b\u4e00\u6ce2\uff1f\n\n\u5f9e\u982d\u5230\u5c3e\u7db2\u7d05\u5c31\u4e0d\u53ef\u80fd\u6703\u544a\u8a34\u5927\u5bb6\u5be6\u8a71\u2026\n\u62dc\u8a17\u4f60\u5011\u6e05\u9192\u4e00\u9ede\n#NFT #\u9a19\u7c89\u7d72\u9322 #\u5c0f\u5fc3\u8a00\u8ad6\u4ed6\u6703\u544a\u4f60\u55b2\n--------------------------------------------------------- \r\n\u4e0a\u4e00\u90e8\u5f71\u7247\u7537\u751f\u8acb\u5c0f\u5fc3\uff01Gash\u9ede\u6578\u3001\u8996\u8a0a\u88f8\u804a\u3001\u7db2\u7f8e\u7d04\u611b\uff01\u901a\u901a\u662f\u6050\u5687\u578b\u8a50\u9a19\uff01\u3010\u597d\u68d2Bump\u3011\u3010\u8a50\u9a19\u89e3\u78bc\u3011https://youtu.be/PyF7qlayEfw\r\n\r\n\u8001\u5b50\u7684IG\uff1ahttps://bit.ly/2JqmmIq\r\n\u8001\u5b50\u7684FB\uff1ahttps://bit.ly/2s3pwwb",
        "likeCount": "38113",
        "commentCount": "2950",
        "viewCount": "1260324"
    },
    "comments": [
        {
            "reply_id": "Ugzl5xXZqMnA5ymMU-p4AaABAg",
            "reply_content": "\u7ba1\u7ba1\u4f60\u7684\u8001\u5927\u54e5\u554a",
            "likeCount": 1
        },
        {
            "reply_id": "UgyN_kf-bp-v-m8NcON4AaABAg",
            "reply_content": "\u8fd9\u79cd\u4e8b\u60c5\u53ea\u6709\u50bb\u5b50\u624d\u4f1a\u88ab\u9a97",
            "likeCount": 1
        },
        {
            "reply_id": "UgzHVw4zr8vWsnPTWpJ4AaABAg",
            "reply_content": "\u5e25",
            "likeCount": 1
        },
        {
            "reply_id": "UgyhCDWzEdK7JHQ7esd4AaABAg",
            "reply_content": "\u6703\u6709\u8e22\u7206\u70cf\u9d09\u7684\u7bc0\u76ee\u55ce",
            "likeCount": 1
        },
        {
            "reply_id": "UgxBk3oRH3bjLBEj_3t4AaABAg",
            "reply_content": "\u8bf4\u7684\u662f\u8c01\u9a97\u4eba\u4e86",
            "likeCount": 0
        },
        {
            "reply_id": "Ugy1q99NNZMwdYQGo-V4AaABAg",
            "reply_content": "\u89ba\u5f97\u64c1\u6709\u7684\u4e00\u5207\u90fd\u5f88\u5e78\u798f",
            "likeCount": 0
        },
        {
            "reply_id": "Ugy2nS021ynsGEq9WP54AaABAg",
            "reply_content": "\u6703\u9ec3\u6a19\u5427",
            "likeCount": 0
        },
        {
            "reply_id": "UgygR6-zRFwwCTszcYd4AaABAg",
            "reply_content": "",
            "likeCount": 0
        },
        {
            "reply_id": "Ugyt8dS6D-bCedRHemt4AaABAg",
            "reply_content": "\u9019\u7a2e\u4e8b\u60c5\u597d\u53ef\u6015",
            "likeCount": 0
        },
        {
            "reply_id": "Ugwu35skrdzf0HpL5s54AaABAg",
            "reply_content": "\u54c8\u54c8\u54c8",
            "likeCount": 0
        },
        {
            "reply_id": "Ugyl64V4cwZhIK5P0gh4AaABAg",
            "reply_content": "\u4e0d\u62bd\u83f8\u6700\u68d2\u4e86",
            "likeCount": 0
        },
        {
            "reply_id": "Ugzbby2eCiFjj8Q9L654AaABAg",
            "reply_content": "\u90a3\u4e9b\u7db2\u7d05\u5f88\u50cf\u6240\u8b02\u71b1\u9580\u793e\u4ea4\u8edf\u9ad4\u8a50\u9a19\u7684\u8001\u5e2b",
            "likeCount": 0
        },
        {
            "reply_id": "Ugw4tACg4ABbcCtKCCV4AaABAg",
            "reply_content": "\u770b\u4e86\u4e94\u5206\u9418\u624d\u767c\u73fe\u4f60\u5750\u7684\u662f\u99ac\u6876",
            "likeCount": 0
        },
        {
            "reply_id": "UgwWOLtrDs1XfbvlOR94AaABAg",
            "reply_content": "\u6211\u4ee5\u524d\u770b\u904e\u52fe\u60e1",
            "likeCount": 0
        },
        {
            "reply_id": "UgxqaYGOFUlqbgyIOzd4AaABAg",
            "reply_content": "\u554a\u54c8\u54c8\uff0c\u4ed6\u96e2\u958b\u6211\u624d\u767c\u73fe\u539f\u4f86\u4ed6\u505a\u7684\u9084\u662f\u99ac\u6876",
            "likeCount": 0
        },
        {
            "reply_id": "UgxiFRl_xuMeyt2W5u54AaABAg",
            "reply_content": "\u7db2\u7d05\u5c31\u670d\u4f60\u4e86",
            "likeCount": 0
        },
        {
            "reply_id": "Ugxzf7JR_2qeoeWEFu54AaABAg",
            "reply_content": "\u96d6\u7136\u5c0f\u54e5\u54e5\u88ab\u9a19\u5f88\u53ef\u6190 \u4f46\u770b\u4ed6\u62cd\u90a3\u4e9b\u5167\u5bb9\u771f\u7684\u66f4\u53ef\u6190",
            "likeCount": 0
        },
        {
            "reply_id": "Ugxc-r2rporksQ1C3r14AaABAg",
            "reply_content": "\u6211\u4e0d\u76f8\u4fe1\u90a3\u500b\u99ac\u6876\u53ef\u4ee5\u7528",
            "likeCount": 0
        },
        {
            "reply_id": "UgwFGHNeCwcAbCYxUNd4AaABAg",
            "reply_content": "\u4f60\u53ef\u4ee5\u76f4\u63a5\u62bd\u5927\u9ebb\u5305\u6e96\u7b2c\u4e00",
            "likeCount": 0
        },
        {
            "reply_id": "UgzC7PoSGBv8pSVBKUB4AaABAg",
            "reply_content": "\u7576\u96ea\u5d29\u767c\u751f\u6642\uff0c\u6bcf\u4e00\u7247\u96ea\u82b1\u90fd\u89ba\u5f97\u81ea\u5df1\u662f\u7121\u8f9c\u7684",
            "likeCount": 0
        },
        {
            "reply_id": "Ugy9eqgddOSSkh5yfOx4AaABAg",
            "reply_content": "\u7b11\u6b7b\u54c8\u54c8",
            "likeCount": 0
        },
        {
            "reply_id": "UgwS2quLGjivG46-G_x4AaABAg",
            "reply_content": "\u597d\u50cf\u90fd\u6c92\u4ecb\u7d39\u904e\u88ab\u670b\u53cb\u9a19\u7684",
            "likeCount": 0
        },
        {
            "reply_id": "Ugw6zs6BpK6G81bDi4x4AaABAg",
            "reply_content": "\u653f\u6cbb\u516c\u773e\u4eba\u7269\u90fd\u80fd\u516c\u7136\u8aaa\u8b0a\u4e86~\u4f55\u6cc1\u662f\u90a3\u4e9b\u975e\u653f\u6cbb\u4eba\u7269",
            "likeCount": 0
        },
        {
            "reply_id": "Ugzu8rGp_fRjzWW5hnp4AaABAg",
            "reply_content": "\u5c0f\u54e5\u8bf4\u8bdd\u597d\u8bda\u6073",
            "likeCount": 0
        },
        {
            "reply_id": "UgyRM4hVT4Nd2G_7Bqx4AaABAg",
            "reply_content": "\u662f\u4e0d\u662f\u4e4b\u524d\u90a3\u500b\u96de\u86cb\u7684\u8fa3\u5abd\u6c92\u6709\u770b",
            "likeCount": 0
        }
    ]
}