{
    "video_info": {
        "id": "91s-D0qkeaE",
        "channelTitle": "\u597d\u68d2Bump",
        "title": "\u6211\u7ffb\u8eca\u4e86... \u6211\u5c0d\u4e0d\u8d77\u5927\u5bb6\uff01\u3010\u597d\u68d2Bump\u3011",
        "description": "\u6211\u7ffb\u8eca\u4e86... \u6211\u5c0d\u4e0d\u8d77\u5168\u4e16\u754c70\u5104\u4eba\u53e3....\n\n#\u6211\u7ffb\u8eca\u4e86 #\u6211\u5c0d\u4e0d\u8d77\u9019\u500b\u4e16\u754c #\u6211\u5c0d\u4e0d\u8d77\u9280\u6cb3\u7cfb\n\n\u6210\u70ba\u9019\u500b\u983b\u9053\u7684\u6703\u54e1\u4e26\u7372\u5f97\u734e\u52f5\uff1a\nhttps://www.youtube.com/channel/UC7XxnhjdYjiQJ3m80K_N_4g/join\n\n--------------------------------------------------------- \r\n\u4e0a\u4e00\u90e8\u5f71\u7247 \u6293\u5230\u5e63\u5708\u7db2\u7d05\u641e\u8a50\u9a19\uff01\u9a19\u7c3d\u5047\u5408\u7d04\u9818\u8d70\u7528\u6236500\u842c\uff01\u3010\u597d\u68d2Bump\u3011\nhttps://youtu.be/14BCR2gQDOA\r\n\r\n\u8001\u5b50\u7684IG\uff1ahttps://bit.ly/2JqmmIq\r\n\u8001\u5b50\u7684FB\uff1ahttps://bit.ly/2s3pwwb",
        "likeCount": "62844",
        "commentCount": "6719",
        "viewCount": "1176710"
    },
    "comments": [
        {
            "reply_id": "UgzsRbncsz-WrBA191x4AaABAg",
            "reply_content": "\u56e0\u70ba\u570b\u6c11\u9ee8\u548c\u6c11\u9032\u9ee8\u5c31\u662f\u5728\u641e\u8a50\u9a19\u7684\u561b",
            "likeCount": 1
        },
        {
            "reply_id": "UgxFbZhj3PR1rserxEV4AaABAg",
            "reply_content": "\u6211\u8a8d\u70ba\u5176\u5be6\u6703\u8b8a\u6210\u9019\u6a23\u4e3b\u8981\u662f\u56e0\u70ba\u67d0\u9ee8\u7684\u7db2\u8ecd\u3001\u96fb\u8996\u53f0\u90fd\u5728\u5e36\u98a8\u5411\u8b93\u53f0\u7063\u8b8a\u6210\u91ac\uff0c\u6240\u4ee5\u660e\u5e74\u6211\u652f\u6301\u653f\u9ee8\u8f2a\u66ff",
            "likeCount": 1
        },
        {
            "reply_id": "UgwBUBdWy8eLh_axKYZ4AaABAg",
            "reply_content": "\u6295\u67ef",
            "likeCount": 1
        },
        {
            "reply_id": "Ugy-DsqP8FAOLfU-0Z14AaABAg",
            "reply_content": "\u6c11\u9032\u9ee8\u5230\u5e95\u5728\u5e79\u561b",
            "likeCount": 0
        },
        {
            "reply_id": "Ugzj8_bz2qq3gsW7kv94AaABAg",
            "reply_content": "\u5f8c\u9762\u597d\u6eab\u99a8",
            "likeCount": 0
        },
        {
            "reply_id": "Ugxo004pfYkecUlZF9J4AaABAg",
            "reply_content": "\u5074\u7ffc\u5c31\u662f\u5641\u5fc3\u4e0d\u5206\u662f\u975e",
            "likeCount": 0
        },
        {
            "reply_id": "UgzsZUpwtzCe2xonuT14AaABAg",
            "reply_content": "\u8cfa\u721b\u4e86\u8cfa\u721b\u4e86",
            "likeCount": 0
        },
        {
            "reply_id": "UgxJEqFW4QgiuvFaD_94AaABAg",
            "reply_content": "\u6709\u6ca1\u6709\u4e00\u79cd\u53ef\u80fd\u5916\u7ba1\u5df2\u7ecf\u88ab\u8d3f\u8d42\u4e86 \u6240\u4ee5\u624d\u62d6\u5ef6\u65f6\u95f4\u53c8\u8ba9\u53d7\u5bb3\u8005\u88ab\u6293\u56de\u53bb",
            "likeCount": 0
        },
        {
            "reply_id": "UgzSWvCEECxKbr9jhQF4AaABAg",
            "reply_content": "\u5982\u679c\u5b78\u6821\u9858\u610f\u5ba3\u5c0e\u5341\u5206\u9418 \u6211\u76f8\u4fe1\u6703\u66f4\u5c11\u53d7\u5bb3\u8005",
            "likeCount": 0
        },
        {
            "reply_id": "Ugws8pcml7lQnpmSKe14AaABAg",
            "reply_content": "\u6211\u7684\u6575\u4eba\u5f9e\u4f86\u90fd\u4e0d\u662f\u4f60\u5011\u9019\u4e9b\u9019\u9ebc\u7121\u804a\u7684\u4eba\u3002\u5e25\u70b8\u4e86",
            "likeCount": 0
        },
        {
            "reply_id": "UgxxFmM3LZEwouOAwIV4AaABAg",
            "reply_content": "\u5446\u7063\u65b0\u805e\u4e00\u76f4\u4ee5\u5f37\u8abf\u53ca\u8a87\u5927\u4e8b\u5be6\u70ba\u62db\u724c",
            "likeCount": 0
        },
        {
            "reply_id": "Ugzui5byPLudxi2OVLZ4AaABAg",
            "reply_content": "\u53f0\u7063\u5a92\u9ad4\u624d\u662f\u771f\u6b63\u5641\u721b\u7684\u8a50\u9a19",
            "likeCount": 0
        },
        {
            "reply_id": "UgxjSXXM0ggONfBgvKd4AaABAg",
            "reply_content": "\u653f\u5e9c\u4e0d\u4f5c\u4e3a",
            "likeCount": 0
        },
        {
            "reply_id": "UgxP3_dhcui4foPthYJ4AaABAg",
            "reply_content": "",
            "likeCount": 0
        },
        {
            "reply_id": "UgyoT2rVWW3MWyNEOgx4AaABAg",
            "reply_content": "",
            "likeCount": 0
        },
        {
            "reply_id": "UgwfLkgE4UxP6-Oga994AaABAg",
            "reply_content": "\u8f9b\u82e6\u4f60\u4e86",
            "likeCount": 0
        },
        {
            "reply_id": "UgxLNvXFcoN6eVWEei54AaABAg",
            "reply_content": "\u53bb\u6709\u746a\u59ec\u9ebb\u5409\u7684\u6587\u5653\u7206",
            "likeCount": 0
        },
        {
            "reply_id": "UgwRcKKT6DYSWi0bR6x4AaABAg",
            "reply_content": "\u51b7\u975c\u9ede",
            "likeCount": 0
        },
        {
            "reply_id": "UgyqpV7tbHutYSqkXPd4AaABAg",
            "reply_content": "\u597d\u68d2",
            "likeCount": 0
        },
        {
            "reply_id": "UgwnH4jq_Lmxdcmv6Mt4AaABAg",
            "reply_content": "\u597d\u68d2",
            "likeCount": 0
        },
        {
            "reply_id": "Ugww6MYXjqMaHlhvFL14AaABAg",
            "reply_content": "\u53ef\u4ee5\u62cd\u767e\u842c\u8a02\u95b1\u734e\u724c\u958b\u7bb1\u55ce",
            "likeCount": 0
        },
        {
            "reply_id": "UgwUFkl_vmDY5SJBH-B4AaABAg",
            "reply_content": "\u516c\u9053\u81ea\u5728\u4eba\u5fc3\u65e5\u4e45\u898b\u4eba\u5fc3\u554f\u5fc3\u7121\u6127\u5c31\u597d\uff0c\u52a0\u6cb9",
            "likeCount": 0
        },
        {
            "reply_id": "UgyqVdXDiZXweINoIlN4AaABAg",
            "reply_content": "\u6c11\u9032\u9ee8\u653f\u5e9c\u653b\u64ca\u7db2\u7d05\u4e5f\u4e0d\u907a\u9918\u529b",
            "likeCount": 0
        },
        {
            "reply_id": "Ugxq2ND7OUvx5hILmEB4AaABAg",
            "reply_content": "\u4f60\u52d5\u5230\u570b\u5bb6\u6a5f\u5668\u7684\u86cb\u7cd5\u4e86",
            "likeCount": 0
        },
        {
            "reply_id": "Ugw3DQpQ_KS3OS3HNU94AaABAg",
            "reply_content": "\u4f60\u4eca\u5929\u6551\u4e86\u4e00\u4f4d\u8981\u53bb\u8a50\u9a19\u7684\u570b\u4eba",
            "likeCount": 0
        }
    ]
}