{
    "video_info": {
        "id": "9F8V7TB5wCw",
        "channelTitle": "\u597d\u68d2Bump",
        "title": "\u6293\u8708\u86a3\u6642\u7684\u934a\u91d1\u8853\uff01\u5c45\u7136\u53ef\u8cfa\u4e0a\u767e\u842c\uff01\uff1f\u3010\u597d\u68d2Bump\u3011",
        "description": "\u9019\u4e00\u90e8\u7247\u62cd\u4e86\u62111\u5e74\u591a\uff0c\u5e0c\u671b\u672a\u4f86\u6709\u6a5f\u6703\u53ef\u4ee5\u5e36\u5927\u5bb6\u53bb\u7206\u6293\u767c\u8ca1\u4e00\u6ce2\u3002\n\n#\u5de8\u5927\u8708\u86a3 #\u5927\u6982\u6c92\u4eba\u9858\u610f\u62cd\u9019\u7a2e\u7247\u4e86 #\u7279\u65af\u62c9\u6293\u9b3c\u9084\u7c21\u55ae\u4e00\u9ede\n--------------------------------------------------------- \r\n\u4e0a\u4e00\u90e8\u5f71\u7247 \u75ab\u60c5\u5c0e\u81f4\u6574\u5ea7\u5c71\u7684\u8292\u679c\u6eef\u92b7\u4e86\uff01\uff1f\u6211\u4f86\u5e6b\u5fd9\u8ce3\uff01\u3010\u597d\u68d2Bump\u3011 @\u70cf\u9d09DoKa TV \u200b https://youtu.be/v_Temz-t2nk\r\n\r\n\u8001\u5b50\u7684IG\uff1ahttps://bit.ly/2JqmmIq\r\n\u8001\u5b50\u7684FB\uff1ahttps://bit.ly/2s3pwwb",
        "likeCount": "18615",
        "commentCount": "923",
        "viewCount": "1316127"
    },
    "comments": [
        {
            "reply_id": "UgyNHQpcMu9JFzkL0pd4AaABAg",
            "reply_content": "\u7b49\u6211\u6536\u5230\u6d88\u606f\u4e00\u5b9a\u516c\u958b\u7d66\u5927\u5bb6\u4e00\u8d77\u767c\u8ca1",
            "likeCount": 1353
        },
        {
            "reply_id": "UgwASNoxmsciIa2LzhF4AaABAg",
            "reply_content": "\u6211\u4ee5\u524d\u548c\u540c\u5b78\u4e00\u8d77\u5728\u4e00\u500b\u6a39\u6d1e\u88e1\u9762\u6316\u51fa\u4e86\u4e00\u689d\u8708\u86a3\uff0c\u7136\u5f8c\u6211\u540c\u5b78\u5c31\u628a\u90a3\u689d\u8708\u86a3\u523a\u6b7b",
            "likeCount": 1
        },
        {
            "reply_id": "UgzDj9BxzM-WtFClKsd4AaABAg",
            "reply_content": "\u597d\u61f7\u5ff5\u4ee5\u524d\u9019\u7a2e\u8f15\u9b06\u641e\u7b11\u7684\u5f71\u7247\uff0c\u4f46\u56e0\u70ba\u653f\u5e9c\u7684\u7121\u80fd\u800c\u53ea\u80fd\u62cd\u8a50\u9a19\u89e3\u78bc",
            "likeCount": 1
        },
        {
            "reply_id": "Ugxgai_gt3PiVPn9fjF4AaABAg",
            "reply_content": "\u7af9\u6797\u7684\u571f\u63a8\u6bd4\u8f03\u591a",
            "likeCount": 0
        },
        {
            "reply_id": "Ugw4OXEfEp1tYrIpklV4AaABAg",
            "reply_content": "\u571f\u4e0d\u5920",
            "likeCount": 0
        },
        {
            "reply_id": "Ugy3iawsdNfH0jp1T-R4AaABAg",
            "reply_content": "\u771f\u53b2\u5bb3\u6211\u4e0d\u6562\u559d\u90a3\u9152",
            "likeCount": 0
        },
        {
            "reply_id": "UgziL5Bp2We3t6v50_J4AaABAg",
            "reply_content": "\u770b\u8fc7\u5f88\u591a\u6b21\u4e86",
            "likeCount": 0
        },
        {
            "reply_id": "UgxbCrpcOA2xs1yWYD54AaABAg",
            "reply_content": "\u6211\u5728\u5b78\u6821\u770b\u904e\u66f4\u5927\u96bb\u7da0\u8272\u7684\u8708\u86a3\u8a92",
            "likeCount": 0
        },
        {
            "reply_id": "UgxGCWY1cqNPcXHugON4AaABAg",
            "reply_content": "\u6eab\u6696\u6f6e\u6fd5",
            "likeCount": 0
        },
        {
            "reply_id": "UgyjYr8OyrRoA02IjH94AaABAg",
            "reply_content": "\u6885\u96e8\u5b63\u901a\u5e38\u90fd\u6703\u5f88\u591a",
            "likeCount": 0
        },
        {
            "reply_id": "UgyiMUTssNqzPqrvn_t4AaABAg",
            "reply_content": "\u8981\u958b\u6293\u4e86\u55ce",
            "likeCount": 0
        },
        {
            "reply_id": "Ugypry3P4dkzpV_0YuZ4AaABAg",
            "reply_content": "\u6211\u5c0f\u6642\u5019\u53bb\u5c71\u4e0a\u770b\u5230\u5e7e\u5343\u96bb\u8708\u86a3\u5728\u4e82\u7ac4",
            "likeCount": 0
        },
        {
            "reply_id": "Ugx1T89EQbaV_tDSEBp4AaABAg",
            "reply_content": "\u9700\u8981\u5927\u96e8\u904e\u5f8c\u56e0\u70ba\u6df9\u6c34\u6d1e\u53e3",
            "likeCount": 0
        },
        {
            "reply_id": "UgyfBVyQ_Y5Dd57kskx4AaABAg",
            "reply_content": "\u54c7",
            "likeCount": 0
        },
        {
            "reply_id": "Ugzv2xTHMNovAKH2ySJ4AaABAg",
            "reply_content": "\u967d",
            "likeCount": 0
        },
        {
            "reply_id": "UgzGBe19t85j3Ntn9q14AaABAg",
            "reply_content": "\u9019\u963f\u4f2f\u6709\u6599\u6b38",
            "likeCount": 0
        },
        {
            "reply_id": "Ugys34Mk9IVi4kXJGjF4AaABAg",
            "reply_content": "\u516b\u5366\u638c\u662f\u65e5\u5411\u5bb6\u65cf\u7684\u55ce",
            "likeCount": 0
        },
        {
            "reply_id": "Ugzx5ndbR1l4WF_ty454AaABAg",
            "reply_content": "\u597d\u6b98\u66b4\u7684\u4f5b\u7956",
            "likeCount": 0
        },
        {
            "reply_id": "Ugxvs92CPG_lKoV7GPF4AaABAg",
            "reply_content": "\u4e0d\u8981\u7b11",
            "likeCount": 0
        },
        {
            "reply_id": "UgyQ3uvylykl8ZusNh94AaABAg",
            "reply_content": "\u6211\u6703\u7b11\u6b7b",
            "likeCount": 0
        },
        {
            "reply_id": "Ugw20to_PEP8gyVs7kh4AaABAg",
            "reply_content": "\u751a\u9ebc\u6642\u5019\u62cd\u642c\u5bb6\u5de5\u4eba\u8cfa\u9322\u5f71\u7247 \u8981\u642c\u591a\u4e45\u624d\u6709\u516b\u584a\u8179\u808c",
            "likeCount": 0
        },
        {
            "reply_id": "UgwdESA6A3tMsFBk6LV4AaABAg",
            "reply_content": "\u8b1d\u8b1d",
            "likeCount": 0
        },
        {
            "reply_id": "UgzVwk_DR6ucUtzKQqx4AaABAg",
            "reply_content": "\u56de\u4f86\u770b\u770b\u4ee5\u524d\u7684\u5f71\u7247",
            "likeCount": 0
        },
        {
            "reply_id": "UgyjTDllC_TM55ChVPV4AaABAg",
            "reply_content": "\u662f\u79cb\u5929",
            "likeCount": 0
        },
        {
            "reply_id": "UgyefQbcCUMp868GIMp4AaABAg",
            "reply_content": "\u61f7\u5ff5\u4ee5\u524d\u9019\u7a2e\u641e\u7b11\u5f71\u7247",
            "likeCount": 0
        }
    ]
}