{
    "video_info": {
        "id": "9VwpcHygMKk",
        "channelTitle": "\u597d\u68d2Bump",
        "title": "\u7dda\u4e0a\u8ced\u5834\u7adf\u8f38\u4e86\u900010%\uff1f\u7528\u9019\u500b\u6f0f\u6d1e\u6d17\u5e63100\u842c\u80fd\u8cfa\u9322\u55ce\uff1f\u3010\u597d\u68d2Bump\u3011",
        "description": "\u6211\u4e5f\u53ea\u662f\u60f3\u5be6\u6e2c\u770b\u770b\n\u5b8c\u5168\u6c92\u60f3\u5230\u662f\u9019\u500b\u7d50\u679c\u2026\n\u624d\u8d0f\u4e00\u9ede\u9ede\u5c31\u88ab\u4eba\u5bb6\u641e\n\u5927\u5bb6\u771f\u7684\u4e0d\u8981\u8ced\u535a\u4e86 \u5a1b\u6a02\u5c31\u597d\n\n#\u7dda\u4e0a\u8ced\u5834 #\u7834\u89e3\u6210\u529f\n #\u624d\u8d0f\u4e00\u9ede\u9ede\u4e0d\u7528\u9019\u6a23\u5427\n--------------------------------------------------------- \n\u4e0a\u4e00\u90e8\u5f71\u7247\u5168\u90e8\u6e05\u53f0\uff01\u9019\u7a2e\u593eiPhone \u7684\u5a03\u5a03\u6a5f\u2026 \u5230\u5e95\u662f\u4e0d\u662f\u9a19\u4eba\u7684\uff1f\uff01\u3010\u597d\u68d2Bump\u3011https://youtu.be/ehB9m_7N8ds\n\n\u8001\u5b50\u7684IG\uff1ahttps://bit.ly/2JqmmIq\n\u8001\u5b50\u7684FB\uff1ahttps://bit.ly/2s3pwwb",
        "likeCount": "24151",
        "commentCount": "2620",
        "viewCount": "1463420"
    },
    "comments": [
        {
            "reply_id": "UgwQ0FAhO7tOCnF4UQB4AaABAg",
            "reply_content": "\u9a6c\u8033\u4ed6\u7684\u8d4c\u573a\u662f\u8fd9\u6837\u9000\u7a0e",
            "likeCount": 0
        },
        {
            "reply_id": "UgwUKlRfeZRhECTQ3fF4AaABAg",
            "reply_content": "\u4f60",
            "likeCount": 0
        },
        {
            "reply_id": "UgxtdL4t_DoxKYVA2b14AaABAg",
            "reply_content": "\u9047\u5230\u8d85\u516d\u5c31\u5c37\u5c2c\u56c9",
            "likeCount": 0
        },
        {
            "reply_id": "Ugw3eCAvQz_ESFE5a1J4AaABAg",
            "reply_content": "\u7d50\u679c\u548c\u5c40",
            "likeCount": 0
        },
        {
            "reply_id": "UgxhwEC16WF7ooPHqCN4AaABAg",
            "reply_content": "\u9019\u4e00\u96c6\u9810\u7b97\u771f\u5927",
            "likeCount": 0
        },
        {
            "reply_id": "UgzPtoAarHIfvuzf_k94AaABAg",
            "reply_content": "\u4eca\u5929\u8d62\u4e86",
            "likeCount": 0
        },
        {
            "reply_id": "Ugz1IUHGFGGzeWUDVMR4AaABAg",
            "reply_content": "\u61c9\u8a72\u53ef\u4ee5\u62ff\u56de\u4f86\u56e0\u70ba\u8ced\u535a\u662f\u8ced\u535a\u7f6a\u4f46\u662f\u900f\u904e\u8ced\u535a\u540d\u7fa9\u8a50\u9a19\u5c31\u662f\u8a50\u6b3a\u6240\u4ee5\u8a50\u8ced\u57fa\u672c\u4e0a\u7b97\u662f\u8a50\u6b3a\u8a50\u6b3a\u61c9\u8a72\u53ef\u4ee5\u628a\u9322\u62ff\u56de\u4f86",
            "likeCount": 0
        },
        {
            "reply_id": "UgwxdHPceISXiJbWu8x4AaABAg",
            "reply_content": "\u73a9\u9019\u500b\u4e0d\u662f\u6703\u88ab\u6293\u53bb\u505a\u7b46\u9304\u55ce",
            "likeCount": 0
        },
        {
            "reply_id": "Ugyj_tj5vUFatFqd8hF4AaABAg",
            "reply_content": "\u4f60\u4eec\u5728\u4ec0\u4e48\u82d4\u5b50\u73a9\u7684",
            "likeCount": 0
        },
        {
            "reply_id": "UgwCqQ9eDdvVouTIBzB4AaABAg",
            "reply_content": "\u4e0b\u6b21\u62cd\u4e00\u500b\u7528\u89c0\u5bdf\u898f\u5f8b\u7684\u4f86\u6e2c\u8a66",
            "likeCount": 0
        },
        {
            "reply_id": "UgxAoQICvwQ32wntMV54AaABAg",
            "reply_content": "\u53f0\u7063\u6cd5\u5f8b\u6bd4\u90a3\u4e9b\u8a50\u9a19\u7684\u9084\u5783\u573e",
            "likeCount": 0
        },
        {
            "reply_id": "Ugyeb4FjBJHB1Jd8YBV4AaABAg",
            "reply_content": "\u4e00\u500b\u5167\u884c\u4eba\u8b1b\u5916\u884c\u8a71\u7684\u6982\u5ff5\n\u61c2\u7684\u4eba\u770b\u73fe\u5834\u4e5f\u77e5\u9053",
            "likeCount": 0
        },
        {
            "reply_id": "Ugw6joMX8-wXu4NcsPR4AaABAg",
            "reply_content": "\u8981\u63d0\u9322\u7684\u53ef\u4ee5\u7528\u5bcc\u904a\u8f38\u9000\u7684\u7248\u7e7c\u7e8c\u7528\u518d\u62cd\u4e00\u6b21",
            "likeCount": 0
        },
        {
            "reply_id": "UgwstokuAuYUXt9UpWN4AaABAg",
            "reply_content": "\u6703\u4e0d\u6703\u6709\u53ef\u80fd\u4ed6\u5011\u662f\u4e00\u5925\u7684\ud83d\ude02\u9810\u5224\u4e86\u4f60\u7684\u9810\u5224",
            "likeCount": 0
        },
        {
            "reply_id": "UgxU7rzSi7FyERai1C54AaABAg",
            "reply_content": "\u6f14\u7b97\u6cd5\u5230\u4f60\u9019\u6211\u771f\u7684\u50bb\u773c",
            "likeCount": 0
        },
        {
            "reply_id": "UgysziEpNeK5w2D0cDF4AaABAg",
            "reply_content": "\u60f3\u505a\u4ee3\u7406\u7684\u79c1",
            "likeCount": 0
        },
        {
            "reply_id": "UgzXWlKuHe1OB6S10Jx4AaABAg",
            "reply_content": "\u4e0d\u597d\u610f\u601d\u6709\u4eba\u77e5\u9053\u5f8c\u7e8c\u55ce",
            "likeCount": 0
        },
        {
            "reply_id": "UgwuWN_a8e1bwkYTyvB4AaABAg",
            "reply_content": "\u73a9\u9ad4\u80b2\u8d0f\u592a\u591a\u90fd\u6703\u88ab\u98a8\u63a7\u4e86\u66f4\u4f55\u6cc1\u8ced\u5834 \u72d7\u838a\u5c31\u662f\u70ba\u4e86\u8cfa\u9322\u800c\u5df2",
            "likeCount": 0
        },
        {
            "reply_id": "Ugxcn9dO95UzRlhcCSB4AaABAg",
            "reply_content": "\u6212\u8d4c\u6212\u8d4c",
            "likeCount": 0
        },
        {
            "reply_id": "Ugz82GHBQyA0WZnxMf54AaABAg",
            "reply_content": "\u7f51\u8d4c\u4f60\u8d62\u518d\u591a\u522b\u4eba\u4e00\u6bdb\u94b1\u4e0d\u7ed9\u4f60\u4f60\u5fc3\u6001\u6bd4\u8f93\u5b8c\u4e86\u8fd8\u96be\u53d7\uff0c\u8fd8\u662f\u8981\u627e\u7ebf\u4e0b\u5408\u6cd5\u7684\u8d4c\u573a\u53bb\u73a9",
            "likeCount": 0
        },
        {
            "reply_id": "UgwQZMs-QYlViszmQ6Z4AaABAg",
            "reply_content": "\u540d\u5b57\u597d\u53ef\u611b",
            "likeCount": 0
        },
        {
            "reply_id": "UgzNqRkXvrNS65nPQgh4AaABAg",
            "reply_content": "\u54c8\u54c8\u54c8\u54c8",
            "likeCount": 0
        },
        {
            "reply_id": "UgyVQPvJfhpD-AlrE3V4AaABAg",
            "reply_content": "\u54c8\u54c8",
            "likeCount": 0
        },
        {
            "reply_id": "Ugwd2Tl7CuDdal7SSAB4AaABAg",
            "reply_content": "\u5176\u5be6\u6211\u5f88\u597d\u5947\u70ba\u4ec0\u9ebc\u4e0d\u6709\u5169\u500b\u4eba\u627e\u540c\u4e00\u500b\u4ee3\u7406\u5c31\u597d \u53cd\u6b63\u4e0d\u8981\u88ab\u5c0d\u65b9\u77e5\u9053\u662f\u8a8d\u8b58\u7684\u4e0d\u5c31\u597d\u4e86",
            "likeCount": 0
        },
        {
            "reply_id": "UgzMWJYwAmg8fz-A1tV4AaABAg",
            "reply_content": "\u5a1b\u6a02\u57ce\u4e0d\u51fa\u91d1\u662f\u5b58\u5728\u7684\uff0c\u8ced\u592a\u5927\u5bb9\u6613\u8b8a\u76f8\u4ee3\u7406\u4e0d\u53ef\u9760",
            "likeCount": 0
        }
    ]
}