{
    "video_info": {
        "id": "AgXrJssxonw",
        "channelTitle": "\u597d\u68d2Bump",
        "title": "\u6aa2\u8209\u90a3\u4e9b\u4e0d\u6234\u53e3\u7f69\u7684\u81ea\u79c1\u9b3c\uff01\u7f70\u5230\u4ed6\u5011\u7834\u7522\u70ba\u6b62\uff01\u3010\u597d\u68d2Bump\u3011",
        "description": "\u5728\u62ff\u4e0b\u53e3\u7f69\u4e4b\u524d\uff0c\u5148\u60f3\u60f3\u4f60\u7684\u5bb6\u4eba\u3001\u611b\u4eba\uff0c\n\u5982\u679c\u4f60\u4e0d\u60f3\u50b7\u5bb3\u5230\u90a3\u4e9b\u4f60\u95dc\u5fc3\u7684\u4eba\uff0c\n\u9084\u662f\u597d\u597d\u6234\u8457\u5427\uff0c\u96d6\u7136\u5f88\u96e3\u53d7\u53c8\u60b6...\n\u4f46\u7e3d\u6bd4\u5931\u53bb\u5bb6\u4eba\u9084\u4f86\u5f97\u597d\u5427\uff1f\n\n#\u6c92\u6234\u53e3\u7f69 #\u62cd\u7167\u6aa2\u8209 #\u9632\u75ab\u6d3e\u5c0d\u5df2\u7d934\u9031\u9084\u5728\u6301\u7e8c\u4e2d\n--------------------------------------------------------- \r\n\u4e0a\u4e00\u90e8\u5f71\u7247\u6211\u8acb\u4e86\u4e00\u500b\u4fdd\u6bcd\uff01\u9632\u75ab\u5728\u5bb6\u7576\u5927\u723a\uff01\u3010\u597d\u68d2Bump\u3011https://youtu.be/5bg1-Fxsyv8\r\n\r\n\u8001\u5b50\u7684IG\uff1ahttps://bit.ly/2JqmmIq\r\n\u8001\u5b50\u7684FB\uff1ahttps://bit.ly/2s3pwwb",
        "likeCount": "19860",
        "commentCount": "1964",
        "viewCount": "748799"
    },
    "comments": [
        {
            "reply_id": "UgxBENLZhli3F-iThIR4AaABAg",
            "reply_content": "\u6771\u4e9e\u75c5\u592b",
            "likeCount": 3
        },
        {
            "reply_id": "UgwKW1hKWS2mq3L8Cxl4AaABAg",
            "reply_content": "\u5916\u570b\u90fd\u4e0d\u6234\u53e3\u7f69\u4e86\u73fe\u5728",
            "likeCount": 3
        },
        {
            "reply_id": "UgyCrdkhdEEAtwZCdAh4AaABAg",
            "reply_content": "\u53ef\u60b2",
            "likeCount": 3
        },
        {
            "reply_id": "UgzOrrCGHZzzGFKYbQ54AaABAg",
            "reply_content": "\u5982\u679c\u4e0d\u662f\u6350\u8d08\u7d66\u8857\u53cb\u53e3\u7f69\uff0c\u8857\u53cb\u91cd\u8907\u6234\u8ddf\u672c\u4e0d\u6703\u6709\u9322\u8cb7",
            "likeCount": 1
        },
        {
            "reply_id": "Ugw54JMQ9JJMLeNwnYR4AaABAg",
            "reply_content": "\u5982\u679c\u5f88\u7a7a\u66e0\u6c92\u4eba\uff0c\u6c92\u6234\u8ddf\u672c\u6c92\u5fc5\u8981\u53bb\u70ba\u96e3\u5225\u4eba",
            "likeCount": 1
        },
        {
            "reply_id": "UgwKjYiLl1P3KKl1iM14AaABAg",
            "reply_content": "\u56de\u4f86\u770b\u4f60\u7d55\u4e0d\u89ba\u5f97\u4f60\u505a\u7684\u4e8b\u60c5\u662f\u7b11\u8a71 \u6234\u6216\u4e0d\u6234\u5230\u5e95\u95dc\u4f60\u751a\u9ebc\u4e8b\u60c5",
            "likeCount": 1
        },
        {
            "reply_id": "Ugzt7QZWTNIylurcafV4AaABAg",
            "reply_content": "\u72d7\u72d7\u4e0d\u7b97",
            "likeCount": 1
        },
        {
            "reply_id": "UgxpYvOe3O9FBHksp894AaABAg",
            "reply_content": "\u53ef\u662f\u4f60\u767c\u7684\u9ed1\u8272\u7684\u53e3\u7f69\u5e7e\u4e4e\u90fd\u662f\u6d3b\u6027\u70ad\u53e3\u7f69\u6c92\u6709\u9632\u75c5\u6bd2\u7684\u6548\u679c",
            "likeCount": 1
        },
        {
            "reply_id": "UgwsGAxAg3cmYJmyslx4AaABAg",
            "reply_content": "\u6211\u4e5f\u8981\u53c3\u52a0\u9632\u75ab\u6d3e\u5c0d",
            "likeCount": 1
        },
        {
            "reply_id": "UgyDdMlZIr4lgO3ecax4AaABAg",
            "reply_content": "\u73fe\u5728\u624d\u770b\u5230\u9019\u90e8\uff0c\u53e3\u7f69\u89e3\u5c01\u5f88\u4e45\u4e86\u4f46\u9084\u662f\u592a\u597d\u7b11\u4e86",
            "likeCount": 0
        },
        {
            "reply_id": "Ugydl2SfyC87k7aToH54AaABAg",
            "reply_content": "\u6a5f\u8eca",
            "likeCount": 0
        },
        {
            "reply_id": "UgwTt1UyWDcP8YDhaIN4AaABAg",
            "reply_content": "\u6211\u6bcf\u5929\u51fa\u9580\u4e0a\u5b78\u6211\u90fd\u6234\u5169\u500b\u53e3\u7f69",
            "likeCount": 0
        },
        {
            "reply_id": "UgydbO2FKfWLcOgnW0R4AaABAg",
            "reply_content": "\u54c8\u54c8\u54c8\u54c8\u54c8\u54c8\u54c8",
            "likeCount": 0
        },
        {
            "reply_id": "UgwzH28GnxtfKOPGJjV4AaABAg",
            "reply_content": "\u6b38\u563f",
            "likeCount": 0
        },
        {
            "reply_id": "UgxsLTa8VqHww4b3fPR4AaABAg",
            "reply_content": "\u5c0f\u8cc8\u65af\u6c40\u7684\u8863\u670d",
            "likeCount": 0
        },
        {
            "reply_id": "UgxFgUPrKK-Kp_ui16N4AaABAg",
            "reply_content": "\u5c0f\u5fc3",
            "likeCount": 0
        },
        {
            "reply_id": "UgykqW8b-fo8XzJssut4AaABAg",
            "reply_content": "\u90a3\u4e00\u5e74\u6c92\u6709\u4eba\u6562\u51fa\u9580",
            "likeCount": 0
        },
        {
            "reply_id": "UgwdsEip48vDLSPh_-F4AaABAg",
            "reply_content": "\u5443\u5443\u597d\u73a9\u53c8\u523a\u6fc0",
            "likeCount": 0
        },
        {
            "reply_id": "Ugx4WSN6gBCOjNtL6IB4AaABAg",
            "reply_content": "\u771f\u6709\u7d20\u8cea",
            "likeCount": 0
        },
        {
            "reply_id": "Ugxr3EZFfbl1-zOIUbh4AaABAg",
            "reply_content": "\u66fe\u524d\u5f80\u707d\u5340\u5750\u5728\u7a05\u52d9\u7e3d\u5c40\u5728\u6a5f\u5834",
            "likeCount": 0
        },
        {
            "reply_id": "UgxxyXNc6Kfcp00rJNx4AaABAg",
            "reply_content": "\u9019\u624d\u53eb\u6b63\u7fa9",
            "likeCount": 0
        },
        {
            "reply_id": "Ugz3x8AHBhGweEkxqG14AaABAg",
            "reply_content": "\u4e0d\u6015\u88ab\u6253\u5594",
            "likeCount": 0
        },
        {
            "reply_id": "UgxZmomgKQ55Eg83a4N4AaABAg",
            "reply_content": "\u65b0\u805e\u9023\u7d50\u5728\u54ea",
            "likeCount": 0
        },
        {
            "reply_id": "UgxoL6INsUt9i999v4t4AaABAg",
            "reply_content": "",
            "likeCount": 0
        },
        {
            "reply_id": "Ugw2GFLh-1qlrDma7ON4AaABAg",
            "reply_content": "\u7b11\u6b7b",
            "likeCount": 0
        }
    ]
}