{
    "video_info": {
        "id": "bCT5C3BT1Ms",
        "channelTitle": "\u597d\u68d2Bump",
        "title": "\u4f86\uff01\u53d7\u56f0\u8b49\u4eba\u4f86\u8b1b\u771f\u76f8\u4e86\uff01\u5916\u4ea4\u90e8\u8acb\u51fa\u4f86\u89e3\u91cb\uff01\u3010\u597d\u68d2Bump\u3011",
        "description": "\u539f\u672c\u9084\u7d66\u4f60\u5011\u7559\u7acb\u5834\uff0c\n\u4f46\u4f60\u5011\u537b\u53c8\u8aaa\u6211\u8aa4\u5c0e\u570b\u4eba\uff0c\n\u9019\u662f\u4f60\u5011\u903c\u6211\u7684\u2026.\n\n\u9700\u8981\u771f\u6b63\u6b63\u7fa9\u7684\u5f8b\u5e2b\u3001\u6aa2\u67e5\u5b98\u3001\u6cd5\u5b98\n\u6211\u9700\u8981\u53f8\u6cd5\u9084\u6211\u4e00\u500b\u516c\u9053.\n\n#\u6211\u6c92\u6709\u5c0d\u4e0d\u8d77\u6211\u7684\u570b\u5bb6\n--------------------------------------------------------- \r\n\u4e0a\u4e00\u90e8\u5f71\u7247 \u89aa\u81ea\u98db\u5230\u67ec\u57d4\u5be8\u6551\u4eba\uff01\u537b\u88ab\u7576\u5730\u8b66\u5bdf\u51fa\u8ce3\u2026 \u8ddf\u53d7\u5bb3\u8005\u4e00\u8d77\u9003\u56de\u53f0\u7063\uff01\u3010\u597d\u68d2Bump\u3011\u3010\u8a50\u9a19\u89e3\u78bc\u5f8c\u7e8c\u3011https://youtu.be/lSKd3yyhzw0\r\n\r\n\u8001\u5b50\u7684IG\uff1ahttps://bit.ly/2JqmmIq\r\n\u8001\u5b50\u7684FB\uff1ahttps://bit.ly/2s3pwwb",
        "likeCount": "315687",
        "commentCount": "47134",
        "viewCount": "4096922"
    },
    "comments": [
        {
            "reply_id": "UgxjvG41CnG0VRGW5jN4AaABAg",
            "reply_content": "\u6797\u5148\u751f\u627f\u8a8d\u77e5\u9053\u662f\u8981\u53bb\u505a\u8a50\u9a19\u4e86\uff0c\u9019\u6b21\u8a72\u9053\u6b49\u4e86",
            "likeCount": 29
        },
        {
            "reply_id": "Ugwhn7Oe-skxKMGqhjF4AaABAg",
            "reply_content": "\u4f60\u8981\u8ddf\u5916\u4ea4\u90e8\u9053\u6b49\u6c92",
            "likeCount": 19
        },
        {
            "reply_id": "UgzL1uzHDot_1u8Qog14AaABAg",
            "reply_content": "\u5408\u7406\u61f7\u7591\u4f60\u9019\u500b\u50a2\u4f19\u6839\u672c\u662f\u8a50\u6b3a\u72af\u7684\u540c\u5925",
            "likeCount": 17
        },
        {
            "reply_id": "UgwTgDiFe659245Ophp4AaABAg",
            "reply_content": "\u6211\u731c\u731c\uff0c\u6703\u6709\u7c89\u7d72\u4f86\u8b77\u822a\u8aaa\u6709\u5074\u7ffc\u6216\u7da0\u5171\u4f86\u7559\u8a00",
            "likeCount": 16
        },
        {
            "reply_id": "UgxvFC5qr4eqzweJlI14AaABAg",
            "reply_content": "\u7d50\u679c\u662f\u8a50\u9a19\u5171\u72af",
            "likeCount": 14
        },
        {
            "reply_id": "Ugw8rfY3PYGAHLBWt9t4AaABAg",
            "reply_content": "\u7ffb\u8eca\u56c9",
            "likeCount": 13
        },
        {
            "reply_id": "Ugxae-otpJl4BazMplt4AaABAg",
            "reply_content": "\u7d50\u679c\u662f\u8a50\u9a19\u5171\u72af\u554a",
            "likeCount": 13
        },
        {
            "reply_id": "Ugy7pWE7qozJC_oJSo14AaABAg",
            "reply_content": "\u73fe\u5728\u6cd5\u9662\u8b49\u8a5e\u51fa\u4f86\u4e86\uff0c\u4f60\u8981\u7684\u516c\u9053\u662f\u5426\u5f97\u5230\u4e86\uff1f\u8981\u4e0d\u8981\u518d\u62cd\u5f71\u7247\u8aaa\u660e\u4e00\u4e0b\uff1f\u90a3\u4e9b\u4e00\u5e74\u524d\u8ddf\u8457\u7f75\u7684\u7db2\u53cb\u8981\u4e0d\u8981\u4e5f\u6aa2\u793a\u81ea\u5df1\u7684\u7406\u89e3\u80fd\u529b\u6709\u6c92\u6709\u5f97\u5230\u63d0\u5347\u554a",
            "likeCount": 12
        },
        {
            "reply_id": "UgwZ2HKqaZWDFMyTpKt4AaABAg",
            "reply_content": "\u4e0d\u77e5\u9053\u7576\u521d\u8cb7\u8d85\u7d1a\u611f\u8b1d\u7684\u4eba\u5011\u6709\u6c92\u6709\u8fa6\u6cd5\u53ef\u4ee5\u9000\u9322\u5462\u54c8\u54c8\u54c8\u54c8\n\u6211\u770b\u9084\u662f\u7b97\u4e86\u5c31\u7576\u4f5c\u88ab\u8a50\u9a19\u5427",
            "likeCount": 12
        },
        {
            "reply_id": "Ugydcay-MuhqyyHSfcx4AaABAg",
            "reply_content": "\u9020\u8b20\u4ed4\u6c42\u6d41\u91cf",
            "likeCount": 11
        },
        {
            "reply_id": "UgwCxth-wh4yulSiEvh4AaABAg",
            "reply_content": "\u7ffb\u8eca\u563b\u563b\u563b",
            "likeCount": 11
        },
        {
            "reply_id": "UgxynVc3rSlzyCMyLqZ4AaABAg",
            "reply_content": "\u721b",
            "likeCount": 9
        },
        {
            "reply_id": "UgzgKpSxhytNmuodCX94AaABAg",
            "reply_content": "\u6cd5\u9662\u8a8d\u8a3c",
            "likeCount": 8
        },
        {
            "reply_id": "UgyzhoTlUoQpC9dUgw94AaABAg",
            "reply_content": "\u6211\u5c31\u4f86\u770b\u770b\u90a3\u6642\u8981\u9053\u6b49",
            "likeCount": 6
        },
        {
            "reply_id": "UgwlFPDbrDaaBzkl5iR4AaABAg",
            "reply_content": "\u81a0\u5e36\u7d66\u4f60\u4e86 \u4f60\u4ec0\u9ebc\u6642\u5019\u7d66\u88ab\u4f60\u9020\u8b20\u50b7\u5bb3\u7684\u4eba\u9053\u6b49",
            "likeCount": 5
        },
        {
            "reply_id": "UgznxFL7tx_1QtqO7ft4AaABAg",
            "reply_content": "\u9019\u500b\u5f71\u7247\u4e0b\u9762\u4e00\u5806\u53ea\u770b\u6a19\u984c\u7684\u5783\u573e\u7db2\u8ecd\u7ffb\u8eca\u4e86",
            "likeCount": 0
        },
        {
            "reply_id": "UgwhJckt-7QNXN2sICt4AaABAg",
            "reply_content": "\u5c0f\u6642\u5019\u4e0d\u8b80\u66f8\u9577\u5927\u7576\u8a18\u8005",
            "likeCount": 0
        },
        {
            "reply_id": "UgzvUrkBy63btUBsrWN4AaABAg",
            "reply_content": "\u6628\u5929\u7d42\u65bc\u767c\u5e03\u7b2c\u4e8c\u96c6\u4e86",
            "likeCount": 0
        },
        {
            "reply_id": "UgxQQ2ttjmqDNDolbAR4AaABAg",
            "reply_content": "\u6cd5\u9662\u8a8d\u8b49\u7684\u7b11\u8a71\u6b38\u5475\u5475",
            "likeCount": 15
        },
        {
            "reply_id": "UgzdtEm1Fzq9XqdkzC54AaABAg",
            "reply_content": "\u6cd5\u9662\u8a8d\u8b49\u4f60\u7684\u88ab\u5bb3\u4eba\u6839\u672c\u77e5\u9053\u8981\u505a\u8a50\u9a19\u786c\u8981\u8ced\u4e00\u628a\uff0c\n\u6d41\u91cf\u8ffd\u8e64\u4e5f\u90fd\u6536\u5272\u4e86\u8981\u4e0d\u8981\u8ddf\u5916\u4ea4\u90e8\u9053\u6b49\u554a\u7b11\u6b7b",
            "likeCount": 13
        },
        {
            "reply_id": "UgxgxJW605CJN2k2yo14AaABAg",
            "reply_content": "\u7ffb\u8eca\u5566",
            "likeCount": 11
        },
        {
            "reply_id": "Ugzrbgp7LyKG2NxsZ7F4AaABAg",
            "reply_content": "\u671d\u8056",
            "likeCount": 10
        },
        {
            "reply_id": "UgwL4o6n5Q1VTHPFTn94AaABAg",
            "reply_content": "\u7ffb\u8eca\u4e86\u600e\u8fa6",
            "likeCount": 10
        },
        {
            "reply_id": "Ugxm7EsBN0x_P2OuieN4AaABAg",
            "reply_content": "\u5e2b\u5f92\u90fd\u88ab\u7528\u529b\u6253\u81c9",
            "likeCount": 10
        },
        {
            "reply_id": "UgzAqZakYRw8_cTP0KV4AaABAg",
            "reply_content": "\u6cd5\u9662\u5224\u6c7a\u51fa\u4f86\u4e86",
            "likeCount": 10
        }
    ]
}