{
    "video_info": {
        "id": "ee2i1JV29lQ",
        "channelTitle": "\u597d\u68d2Bump",
        "title": "\u6211\u4f86\u5230\u4e86\u8ced\u795e\u5f35\u7d04\u7ff0\u5bb6\uff01\u60f3\u5728\u8ced\u5834\u8d0f\u9322\u4e0d\u80fd\u932f\u904e\u7684\u4e00\u96c6\uff01\u3010\u597d\u68d2Bump\u3011\u3010\u512a\u52e2\u73a9\u5bb6\u3011",
        "description": "\u9019\u4e00\u6b21\u4f86\u5230\u8ced\u795e\u5f35\u7d04\u7ff0\u5bb6\uff0c\u8acb\u6559\u4e86\u8a31\u591a\u89c0\u773e\u6703\u6709\u7684\u7591\u554f\uff0c\u8207\u5176\u8b93\u6211\u4e00\u500b\u5c0f\u83dc\u9ce5\u4f86\u5206\u4eab\uff0c\u4e0d\u5982\u771f\u6b63\u7684\u5927\u5e2b\u4f86\u6559\u5927\u5bb6\u6703\u66f4\u597d\u3002(\u5167\u5bb9\u90fd\u7ffb\u8b6f\u6210\u4e2d\u6587\u4e86)\n\n\u6709\u9700\u8981Surfshark VPN\u670d\u52d9\u7684\u9ede\u9019\u88e1~https://surfshark.deals/BUMPBRO\n\n\u8a18\u5f97\u8981\u8f38\u5165\u6298\u6263\u78bc BUMPBRO\uff0c\u8cfc\u8cb7\u5f8c\u5c31\u53ef\u99ac\u4e0a\u7372\u5f97\u300c1.7\u6298\u300d\u512a\u60e0+\u8d08\u90013\u500b\u6708\u4f7f\u7528\uff01\n\n#\u512a\u52e2\u73a9\u5bb6 #\u7b97\u724c40\u5e74 #\u4ed6\u7684\u4eba\u751f\u6545\u4e8b\u7adf\u88ab\u62cd\u6210\u96fb\u5f71\u6c7a\u52dd21\u9ede\n\n\u6210\u70ba\u9019\u500b\u983b\u9053\u7684\u6703\u54e1\u4e26\u7372\u5f97\u734e\u52f5\uff1a\nhttps://www.youtube.com/channel/UC7XxnhjdYjiQJ3m80K_N_4g/join\n\n--------------------------------------------------------- \n\u4e0a\u4e00\u90e8\u5f71\u7247 \u6211\u7528\u6578\u5b78\u516c\u5f0f\u7834\u89e3\u8ced\u5834\uff01\u73a921\u9ede\u7b97\u724c... \u8d0f\u8d70300\u842c\uff01\u3010\u597d\u68d2Bump\u3011\u3010\u512a\u52e2\u73a9\u5bb6\u3011https://youtu.be/deaAMT211_Q\n\n\u8001\u5b50\u7684IG\uff1ahttps://bit.ly/2JqmmIq\n\u8001\u5b50\u7684FB\uff1ahttps://bit.ly/2s3pwwb",
        "likeCount": "27180",
        "commentCount": "1417",
        "viewCount": "1059472"
    },
    "comments": [
        {
            "reply_id": "UgxGRqDldvxzG6ZsbtV4AaABAg",
            "reply_content": "\u6211\u53ea\u80fd\u8aaa\u611b\u7f8e\u6559\u4e3b\u5c0d\u4f60\u771f\u7684\u5f88\u597d\uff0c\u8b93\u4f60\u62cd\u500b\u6c92\u8aa0\u610f\u7684\u9053\u6b49\u5f71\u7247\u5c31\u653e\u904e\u4f60\u4e86",
            "likeCount": 2
        },
        {
            "reply_id": "Ugwlj5hMXpbQXx-HwVB4AaABAg",
            "reply_content": "\u597d\u4e45\u6c92\u66f4\u65b0\u5566",
            "likeCount": 2
        },
        {
            "reply_id": "UgyLTViiLqtUKgb7aQZ4AaABAg",
            "reply_content": "",
            "likeCount": 1
        },
        {
            "reply_id": "UgxjXur0dwNj8wrLRbV4AaABAg",
            "reply_content": "\u54c8\u54c8\u54c8",
            "likeCount": 1
        },
        {
            "reply_id": "UgzYzdDgLIZ1pCdnoWZ4AaABAg",
            "reply_content": "\u7576\u6211\u50b7\u5fc3\u7684\u6642\u5019\u770b\u4e86\u4f60\u7684\u5f71\u7247\u90fd\u611f\u89ba\u8b8a\u597d\u4e86\uff0c\u8b1d\u8b1d\u4f60",
            "likeCount": 1
        },
        {
            "reply_id": "Ugy5muP3CiBIdCFXTGd4AaABAg",
            "reply_content": "\u70ba\u4ec0\u9ebc\u4f60\u73fe\u5728\u4e0d\u51fa\u7247",
            "likeCount": 1
        },
        {
            "reply_id": "UgxngvQ2_RFi1dVQH7R4AaABAg",
            "reply_content": "\u5c0d",
            "likeCount": 0
        },
        {
            "reply_id": "UgzmmwneXCrqPT0EEsx4AaABAg",
            "reply_content": "\u5e73\u53f0\u56de\u9988\u5927\u653e\u6c34\u4e13\u4e1a\u89c4\u5212\u5e08\u613f\u4e0e\u60a8\u643a\u624b\u5171\u8d62",
            "likeCount": 0
        },
        {
            "reply_id": "UgxQVcIiJmTaBrDDwzR4AaABAg",
            "reply_content": "\u9a6c\u6765\u897f\u4e9a\u4e91\u9876\u5a31\u4e50\u57ce\u514d\u8d39\u8c6a\u534e\u9152\u5e97\u673a\u573a\u63a5\u9001",
            "likeCount": 0
        },
        {
            "reply_id": "UgwAzX1oj4JWBHc9S0N4AaABAg",
            "reply_content": "\u6709\u53f0",
            "likeCount": 0
        },
        {
            "reply_id": "UgwgEyeuwXYFPr9e2_B4AaABAg",
            "reply_content": "\u7d55\u5c0d\u6709\u5e6b\u52a9",
            "likeCount": 0
        },
        {
            "reply_id": "UgzkFTFnmVLud8Z0KON4AaABAg",
            "reply_content": "\u8d85\u68d2",
            "likeCount": 0
        },
        {
            "reply_id": "UgzKGyqIUWeVaA9SVRp4AaABAg",
            "reply_content": "\u70ba\u4ec0\u9ebc\u4f60\u5750\u99ac\u6876",
            "likeCount": 0
        },
        {
            "reply_id": "Ugxx9wHbhdsKffLZD0h4AaABAg",
            "reply_content": "\u7f8e\u5176\u540d\u8ced\u57f8\u96d6\u8868\u9762\u4e0a\u662f\u516c\u958b\u5834\u5408\u6027\u7684\u63d0\u4f9b\u5835\u9322\u7684\u5730\u65b9\uff0c\u5be6\u969b\u4e0a\u8ced\u5834\u5c31\u662f\u4e00\u500b\u6d41\u6c13\u7fa4\u805a\u4e4b\u5730\u3002\u4ed6\u5011\u4e5f\u6709\u96b1\u85cf\u7684\u5c01\u9802\u50f9\u78bc\u7d66\u4f60\u8d0f\u3002\u4e5f\u6703\u89c0\u5bdf\u5c08\u696d\u8ced\u5f92",
            "likeCount": 0
        },
        {
            "reply_id": "UgyFkxWFg8m4M1q365N4AaABAg",
            "reply_content": "\u6700\u8fd1\u6253\u4e86\u51e0\u671f\u767e\u5bb6\u697d\u5b9e\u6218\u7ebf\u4e0a\u7ea2\u4e86\u70b9\uff0c\u53d1\u4e86\u51fa\u6765\u6b22\u8fce\u767e\u5bb6\u4e50\u7231\u597d\u8005\u8001\u54e5\u4ea4\u6d41\u6307\u70b9",
            "likeCount": 0
        },
        {
            "reply_id": "Ugw3e9_pv-x7ofcopSJ4AaABAg",
            "reply_content": "\u8ba9\u6709\u7075\u6027\u7684\u4eba\u9886\u5bfc\u6ca1\u6709\u7075\u6027\u7684\u4eba\u3002\u6240\u6709\u7684\u884c\u696d\u90fd\u5728\u505a\u8fd9\u4ef6\u4e8b\u3002\u53ea\u6709\u9a6c\u514b\u601d\u90a3\u500b\u5f3a\u76d7\u624d\u53cd\u4eba\u7c7b",
            "likeCount": 0
        },
        {
            "reply_id": "UgxEN5yobz6829Lge654AaABAg",
            "reply_content": "\u4e3a\u4ec0\u4e48\u6211\u770b\u5230\u662f\u9a6c\u607a\u6587\u800c\u4e0d\u662f\u5f20\u7ea6\u7ff0",
            "likeCount": 0
        },
        {
            "reply_id": "UgzcrpSNxKAQqwlHVi14AaABAg",
            "reply_content": "\u771f\u7684\u503c\u5f97\u591a\u770b\u5e7e\u6b21",
            "likeCount": 0
        },
        {
            "reply_id": "Ugws6N-nbbhFw2_wENN4AaABAg",
            "reply_content": "\u5f35\u7d04\u7ff0\u662f\u5df2\u6545\u6234\u5b50\u90ce\u7684\u597d\u53cb",
            "likeCount": 0
        },
        {
            "reply_id": "UgwnA7E3ndIQ28-ZneV4AaABAg",
            "reply_content": "\u597d\u5e25\u54e5\u8b9a",
            "likeCount": 0
        },
        {
            "reply_id": "Ugzm2F7JEvcIFuUJ7DR4AaABAg",
            "reply_content": "\u8ced\u5c31\u5c0d\u4e86",
            "likeCount": 0
        },
        {
            "reply_id": "UgxdHUglzBfgLUNEahF4AaABAg",
            "reply_content": "\u5389\u5bb3",
            "likeCount": 0
        },
        {
            "reply_id": "UgwBu14JnudK0ctJOsR4AaABAg",
            "reply_content": "\u4f60\u70ba\u4e86\u8cfa\u9322\u8981\u8b8a\u7684\u5f88\u8ce4\uff0c\u600e\u9ebc\u597d\u50cf\u5f62\u5bb9\u5de5\u5ee0\u7684\u9577\u5b98",
            "likeCount": 0
        },
        {
            "reply_id": "Ugx0llXQr3Q2J03MJs14AaABAg",
            "reply_content": "\u6211\u4e5f\u975e\u5e38\u60f3\u5b78",
            "likeCount": 0
        },
        {
            "reply_id": "UgxFW-PoQED5kDscYLR4AaABAg",
            "reply_content": "\u9019\u66f4\u65b0\u901f\u5ea6\u66f4\u72e0\u4e86",
            "likeCount": 0
        }
    ]
}