{
    "video_info": {
        "id": "ex6ksouYDlo",
        "channelTitle": "\u597d\u68d2Bump",
        "title": "\u6211\u7684\u8c93\u8d70\u4e1f\u4e86\uff01\u5728\u82b1\u5712\u8a2d\u7f6e\u6355\u6293\u9677\u9631\uff01\u7adf\u6293\u5230\u4e00\u5806\u5947\u602a\u751f\u7269\uff01\u3010\u597d\u68d2Bump\u3011",
        "description": "\u653e\u6355\u7378\u9677\u9631\u5728\u6211\u5bb6\u82b1\u5712\uff0c\u6c92\u60f3\u5230\u6703\u6293\u5230\u9019\u4e9b\u5947\u73cd\u7570\u7378...\n\n#\u611b\u8c93\u8d70\u5931 #\u5947\u73cd\u7570\u7378 #\u600e\u9ebc\u6703\u662f\u4f60\n\n\u6210\u70ba\u9019\u500b\u983b\u9053\u7684\u6703\u54e1\u4e26\u7372\u5f97\u734e\u52f5\uff1a\nhttps://www.youtube.com/channel/UC7XxnhjdYjiQJ3m80K_N_4g/join\n\n--------------------------------------------------------- \r\n\u4e0a\u4e00\u90e8\u5f71\u7247 \u6211\u7684\u67f4\u72ac\u7a81\u7136\u91cd\u75c5\uff01\u624b\u8853\u5f15\u767c\u6557\u8840\u75c7\uff01\u82b140\u842c\u6436\u6551\uff01\u3010\u597d\u68d2Bump\u3011https://youtu.be/-o3npv7UE6s\n\r\n\u8001\u5b50\u7684IG\uff1ahttps://bit.ly/2JqmmIq\r\n\u8001\u5b50\u7684FB\uff1ahttps://bit.ly/2s3pwwb",
        "likeCount": "18176",
        "commentCount": "941",
        "viewCount": "1153354"
    },
    "comments": [
        {
            "reply_id": "UgzcXst2zmFL9Q8YPXp4AaABAg",
            "reply_content": "\u4e7e\u679c\u5b50\u8c8d\u7684\u5f8c\u52c1\u771f\u7684\u5f88\u5f37",
            "likeCount": 7
        },
        {
            "reply_id": "UgzH--0p9Hqymw06ns14AaABAg",
            "reply_content": "\u72f8\u8c93\u63db\u592a\u5b50\u597d\u597d\u7b11",
            "likeCount": 1
        },
        {
            "reply_id": "UgzR7_yglTqLep-qiLN4AaABAg",
            "reply_content": "\u9177\u5409\u7da0\u773c\u775b\u597d\u5e25",
            "likeCount": 1
        },
        {
            "reply_id": "UgyG22Yb-eiz3u0XaYN4AaABAg",
            "reply_content": "\u6211\u4e00\u76f4\u628a\u808f\u86cb\u807d\u6210\u7092\u86cb",
            "likeCount": 1
        },
        {
            "reply_id": "UgxEPmiYRcH5bfnV2414AaABAg",
            "reply_content": "\u6211\u611f\u89ba\u662f\u56e0\u70ba\u7260\u7684\u540d\u5b57\u88ab\u53d6\u808f\u86cb\u624d\u8dd1\u7684",
            "likeCount": 1
        },
        {
            "reply_id": "UgxTRNxFMtK8TaKBOgp4AaABAg",
            "reply_content": "\u5bf5\u7269\u8d70\u5931\u53ef\u4ee5\u5617\u8a66\u53bb\u62dc\u571f\u5730\u516c\u4fdd\u4f51",
            "likeCount": 1
        },
        {
            "reply_id": "Ugx1mXauF5jlVDWcs754AaABAg",
            "reply_content": "\u963f\u660e\u5929\u662f\u6293\u5230\u751a\u9ebc",
            "likeCount": 1
        },
        {
            "reply_id": "Ugz7qR8sJ8yDMXQuj3V4AaABAg",
            "reply_content": "\u4e00\u76f4\u5728\u82b1\u5712\u88e1\u558a\u8df3\u86cb\u7b11\u6b7b",
            "likeCount": 0
        },
        {
            "reply_id": "UgzT5lDh88dEoU1oJ8V4AaABAg",
            "reply_content": "\u53ef\u611b\u7684\u8c93\u54aa",
            "likeCount": 0
        },
        {
            "reply_id": "Ugy3x3MrLzxbLOOGxAV4AaABAg",
            "reply_content": "\u7b2c\u4e8c\u6b21\u5982\u679c\u53c8\u662f\u90a3\u96bb\u679c\u5b50\u72f8\u6211\u6703\u7b11\u760b",
            "likeCount": 0
        },
        {
            "reply_id": "Ugz2khS1_ovgY6Hpp3F4AaABAg",
            "reply_content": "\u770b\u5230\u767d\u9f3b\u5fc3\u76f4\u63a5\u7b11\u6b7b",
            "likeCount": 0
        },
        {
            "reply_id": "Ugw66ptSvH9TANRCG2R4AaABAg",
            "reply_content": "\u53eb\u6d88\u9632\u968a\u554a",
            "likeCount": 0
        },
        {
            "reply_id": "Ugx8RlSIfuatdToNLdZ4AaABAg",
            "reply_content": "\u600e\u9ebc\u78ba\u5b9a\u9019\u96bb\u5c31\u662f\u808f\u86cb\u963f",
            "likeCount": 0
        },
        {
            "reply_id": "Ugx_JFqCNP7piqrBfdV4AaABAg",
            "reply_content": "\u6700\u5f8c\u90a3\u500b\u6293\u5230\u4ec0\u9ebc",
            "likeCount": 0
        },
        {
            "reply_id": "UgwIBXNyGeNoX4DLU5l4AaABAg",
            "reply_content": "\u597d\u53ef\u611b\u4e0d\u96e2\u4e0d\u68c4",
            "likeCount": 0
        },
        {
            "reply_id": "Ugyj5FkLdsC5ZpPlG7R4AaABAg",
            "reply_content": "\u62ff\u9017\u8c93\u68d2\u5c31\u53ef\u4ee5\u5f15\u51fa\u4f86\u4e86",
            "likeCount": 0
        },
        {
            "reply_id": "Ugx6Fs4pCQGvv4yTEt14AaABAg",
            "reply_content": "\u597d\u53ef\u611b",
            "likeCount": 0
        },
        {
            "reply_id": "UgwF6gmFStYD_rruyqd4AaABAg",
            "reply_content": "",
            "likeCount": 0
        },
        {
            "reply_id": "UgwrLDgWYF6TBu8XPDZ4AaABAg",
            "reply_content": "\u6211\u5011\u5bb6\u7684\u526a\u5200\u4e00\u6a21\u4e00\u6a23",
            "likeCount": 0
        },
        {
            "reply_id": "UgyMLTnEEcU5fQ6qXh54AaABAg",
            "reply_content": "\u76f4\u63a5\u6293\u5f8c\u9838\u5c31\u4e0d\u6703\u52d5\u4e86",
            "likeCount": 0
        },
        {
            "reply_id": "UgxrsaYxnQUsvLFi5PF4AaABAg",
            "reply_content": "\u679c\u5b50\u72f8\u53ef\u611b",
            "likeCount": 0
        },
        {
            "reply_id": "UgwgMX06i-KEkDH40YZ4AaABAg",
            "reply_content": "\u6050\u6016\u53c8\u807d\u8a71",
            "likeCount": 0
        },
        {
            "reply_id": "UgwjPCY-faTZSweOvSp4AaABAg",
            "reply_content": "\u72d7\u72d7\u7684\u773c\u93e1\u597d\u6050\u6016",
            "likeCount": 0
        },
        {
            "reply_id": "UgxzNE-LEJHygUHcJrl4AaABAg",
            "reply_content": "\u770b\u5b8c\u9019\u90e8\u5f71\u72479\u500b\u6708\u5f8c\u3002\u6709\u6c92\u6709\u53ef\u80fd\u7b2c\u4e00\u500b\u662f\u679c\u5b50\u72f8\u7b2c\u4e8c\u500b\u662f\u871c\u8702\u7b2c\u4e09\u500b\u5176\u5be6\u4e0d\u662f\u808f\u86cb\u800c\u662f\u5176\u4ed6\u91ce\u8c93",
            "likeCount": 0
        },
        {
            "reply_id": "UgziI1Zb7jcEcCa6Hkt4AaABAg",
            "reply_content": "\u808f",
            "likeCount": 0
        }
    ]
}