{
    "video_info": {
        "id": "gKfy3YdjRxc",
        "channelTitle": "\u597d\u68d2Bump",
        "title": "\u5f71\u7247\u8d8a\u51fa\u8d8a\u6162\uff1f\u662f\u5426\u4e0d\u62cd\u7247\u4e86\uff1f\u8b1d\u8b1d\u5927\u5bb6\u652f\u6301\u6211\u5230\u73fe\u5728\uff01\u3010\u597d\u68d2Bump\u3011",
        "description": "\u8b1d\u8b1d\u5927\u5bb6\u7684\u652f\u6301\uff0c\n\u63a5\u4e0b\u4f86\u4e0d\u6703\u8b93\u4f60\u5011\u5931\u671b\u7684\u3002\n\n#\u4e0d\u505aYT\u4e86\u55ce# #\u63a5\u4e0b\u4f86\u7684\u8a08\u756b #\u8b1d\u8b1d\u5927\u5bb6\u652f\u6301\n--------------------------------------------------------- \r\n\u4e0a\u4e00\u90e8\u5f71\u7247 \u51b7\u8840\u7121\u60c5\u6642\u7684\u934a\u91d1\u8853\uff01\u628a\u54e1\u5de5\u9ad8\u50f9\u8ce3\u6389\uff01\u3010\u597d\u68d2Bump\u3011https://youtu.be/lEWMMMhzBOQ\r\n\r\n\u8001\u5b50\u7684IG\uff1ahttps://bit.ly/2JqmmIq\r\n\u8001\u5b50\u7684FB\uff1ahttps://bit.ly/2s3pwwb",
        "likeCount": "15916",
        "commentCount": "980",
        "viewCount": "500237"
    },
    "comments": [
        {
            "reply_id": "UgyF_oKg7k-3gRH-4Mt4AaABAg",
            "reply_content": "\u4f60\u7684\u5f71\u7247\u5f88\u597d\u7b11\u554a",
            "likeCount": 1
        },
        {
            "reply_id": "UgxUy4OlHl9LyhO4xAN4AaABAg",
            "reply_content": "\u6700\u559c\u6b61\u4f60\u8ddf\u8521\u82f1\u6587\u4e86,\u6709\u6642\u5019\u559c\u6b61\u8521\u82f1\u6587\u6bd4\u8f03\u591a",
            "likeCount": 1
        },
        {
            "reply_id": "UgxAn6VpDjf4mQ7HJct4AaABAg",
            "reply_content": "\u5feb\u65e5\u7b11\u6b7b\u6389",
            "likeCount": 0
        },
        {
            "reply_id": "UgzvHwdApcGGfV-c5iB4AaABAg",
            "reply_content": "\u6211\u6700\u559c\u6b61\u4f60\u8ddf\u9928\u9577\u7684\u7247\u4e86",
            "likeCount": 0
        },
        {
            "reply_id": "UgwlOfQlLVl2KH1Wogl4AaABAg",
            "reply_content": "\u9019\u662f\u8a55\u8ad6\u5340\u53e3\u70ae\u5718\u6ec5\u53f0\u7063\u6cb9\u571f\u4f2f\u754c",
            "likeCount": 0
        },
        {
            "reply_id": "Ugwuq43tXXX1kSJQ1cd4AaABAg",
            "reply_content": "\u9019\u61c9\u8a72\u8981\u6709\u767e\u842c\u4f46\u6c92\u6709",
            "likeCount": 0
        },
        {
            "reply_id": "UgxGbZjCa_gtT6vdoRR4AaABAg",
            "reply_content": "\u70ba\u4ec0\u9ebc\u99ac\u6876\u5728\u8ab2\u5ef3",
            "likeCount": 0
        },
        {
            "reply_id": "Ugz07BYAKvW9UbfKbOJ4AaABAg",
            "reply_content": "\u5ba2\u5ef3\u6709\u99ac\u6876\u6b38",
            "likeCount": 0
        },
        {
            "reply_id": "UgwDdv-r9OOJCHn5qax4AaABAg",
            "reply_content": "\u9760\u5317\u4e03\u5565\u5c0f\u4e09\u5c0f\u9760\u80cc",
            "likeCount": 0
        },
        {
            "reply_id": "UgyvHkioySyAP_U2akZ4AaABAg",
            "reply_content": "\u53ef\u4ee5\u62cd\u4e00\u500b\u6536\u8cfc\u865b\u64ec\u5e33\u6236\u8a50\u9a19\u7684\u55ce \u5728\u81c9\u66f8\u770b\u81e8\u6642\u5de5\u5e38\u770b\u5230\u4e00\u5806\u5728\u6536\u904e\u5169\u968e\u6bb5\u5be6\u540d\u7684\u5e33\u865f\ud83e\udd23",
            "likeCount": 0
        },
        {
            "reply_id": "UgyTln-HZ0V9QKn0eVR4AaABAg",
            "reply_content": "\u5f88\u68d2\u7684\u5be6\u9a57",
            "likeCount": 0
        },
        {
            "reply_id": "UgyyPggbXAcSHL08fSp4AaABAg",
            "reply_content": "\u55e8",
            "likeCount": 0
        },
        {
            "reply_id": "UgyY-joKYWSfCgbuF8N4AaABAg",
            "reply_content": "\u525b\u770b\u5b8c\u525b\u51fa\u7684\u8a50\u9a19\u5f71\u7247",
            "likeCount": 0
        },
        {
            "reply_id": "UgyC3wHokY2Be781yFl4AaABAg",
            "reply_content": "\u8d95\u5feb\u9000",
            "likeCount": 0
        },
        {
            "reply_id": "UgysKNEJGFzrsVhNmyR4AaABAg",
            "reply_content": "\u4f60\u771f\u7684\u662f\u4e00\u500b\u5e36\u5b5d\u5b50",
            "likeCount": 0
        },
        {
            "reply_id": "UgwA5kTn0bXuejuVE1d4AaABAg",
            "reply_content": "\u9986\u957f\u6211\u6c38\u8fdc\u652f\u6301\u4f60",
            "likeCount": 0
        },
        {
            "reply_id": "Ugw9ruxTsIWmglRQ4el4AaABAg",
            "reply_content": "\u52a0\u6cb9",
            "likeCount": 0
        },
        {
            "reply_id": "Ugza_SsiXmx6WN2zeSN4AaABAg",
            "reply_content": "\u52a0\u6cb9",
            "likeCount": 0
        },
        {
            "reply_id": "UgzhJ0fFalDnOei2PDN4AaABAg",
            "reply_content": "\u8ab0\u5728\u62cd\u7247",
            "likeCount": 0
        },
        {
            "reply_id": "UgzqfgCRokIsTlgxbpR4AaABAg",
            "reply_content": "\u70ba\u4ec0\u9ebc\u99ac\u6876\u5728\u90a3\u908a",
            "likeCount": 0
        },
        {
            "reply_id": "UgxGSHbCKLMfy_w1uLV4AaABAg",
            "reply_content": "\u9019\u90e8\u7247\u5c45\u7136\u4e5f\u662f\u7149\u91d1\u8853",
            "likeCount": 0
        },
        {
            "reply_id": "UgxwsT3IuAJdnNzkcoV4AaABAg",
            "reply_content": "\u559c\u6b61\u5403\u8ab9\u9b5a\u7f50\u982d\u55ce",
            "likeCount": 0
        },
        {
            "reply_id": "UgxR46GpeQu_WromydN4AaABAg",
            "reply_content": "\u656c\u4f69",
            "likeCount": 0
        },
        {
            "reply_id": "Ugx9tgHOoHZAZilzVZh4AaABAg",
            "reply_content": "\u9019\u96c6\u597d\u597d\u7b11",
            "likeCount": 0
        },
        {
            "reply_id": "UgzKncZEpk60bhZWiRJ4AaABAg",
            "reply_content": "\u4ece\u60a8\u8ddf\u66f9\u5929\u5170\u8001\u5e08\u7684\u89c6\u9891\u8ba4\u8bc6\u60a8\u7684\uff0c\u5e0c\u671b\u80fd\u6301\u7eed\u770b\u5230\u60a8\u7684\u4f5c\u54c1",
            "likeCount": 0
        }
    ]
}