{
    "video_info": {
        "id": "gO7Juaddc0o",
        "channelTitle": "\u597d\u68d2Bump",
        "title": "\u5b9c\u862d\u7684\u975e\u6cd5\u6c11\u5bbf\u7adf\u67094000\u9593\uff01\u4e00\u5806\u5929\u9f8d\u4eba\u5728\u6d17\u570b\u5bb6\u7684\u9322\uff01\u3010\u597d\u68d2Bump\u3011",
        "description": "\u9019\u4e00\u6b21\u4f86\u5e36\u5927\u5bb6\u770b\u770b\u5b9c\u862d\u7684\u9ed1\u5fc3\u6c11\u5bbf\u7a76\u7adf\u6709\u591a\u53ef\u60e1\uff1f\n\u6b3a\u8ca0\u623f\u5ba2\u3001\u4e0d\u5408\u7406\u76e3\u63a7\u3001\u6d17\u570b\u5bb6\u7684\u9322\u3002\n\u9019\u4e9b\u5929\u9f8d\u4eba\u771f\u7684\u662f\u5929\u4e0d\u6015\u5730\u4e0d\u6015\u3002\n\n#\u8e22\u7206\u9ed1\u5fc3\u6c11\u5bbf #\u6557\u58de\u5b9c\u862d\u89c0\u5149 #\u6d17\u570b\u5bb6\u7684\u9322\n--------------------------------------------------------- \n\u4e0a\u4e00\u90e8\u5f71\u7247 \u5fc3\u60c5\u5dee\u5230\u7206\uff01\u6012\u5237\u4e3b\u64ad20\u842c\uff01\u770b\u5979\u80fd\u4e0d\u80fd\u8b93\u6211\u723d\u4e00\u9ede\uff01\u3010\u597d\u68d2Bump\u3011\u3010\u966a\u804a\u934a\u91d1\u8853\u3011https://youtu.be/roGnu7b-L8Q\n\n\u8001\u5b50\u7684IG\uff1ahttps://bit.ly/2JqmmIq\n\u8001\u5b50\u7684FB\uff1ahttps://bit.ly/2s3pwwb",
        "likeCount": "15354",
        "commentCount": "608",
        "viewCount": "893873"
    },
    "comments": [
        {
            "reply_id": "Ugztb9pBncW2mfoHYa14AaABAg",
            "reply_content": "\u9ebb\u5c07\u5f88\u597d\u7b11",
            "likeCount": 1
        },
        {
            "reply_id": "UgzrOk5bih-uoq5wU9N4AaABAg",
            "reply_content": "\u539f\u4f86\u6709\u9019\u6a23\u7684\u6d17\u9322\u65b9\u5f0f",
            "likeCount": 1
        },
        {
            "reply_id": "Ugx9BXOCX_mChOhEeTF4AaABAg",
            "reply_content": "\u53ef\u4e0d\u53ef\u4ee5\u6aa2\u8209\u6389\u90a3\u4e9b\u6d17\u9322\u8ddf\u4e0d\u5408\u6cd5\u7684\u6c11\u5bbf",
            "likeCount": 1
        },
        {
            "reply_id": "UgzFBPzpdAlQjJuexTN4AaABAg",
            "reply_content": "\u6211\u662f\u7aae\u9b3c",
            "likeCount": 0
        },
        {
            "reply_id": "UgzMoqqP5zFzqjhh9t94AaABAg",
            "reply_content": "\u93e1\u982d\u88ab\u4f60\u4e00\u62cd\u5c31\u5931\u53bb\u5c0d\u7126\u4e86\u5566",
            "likeCount": 0
        },
        {
            "reply_id": "Ugzu15cMDr6NDEgwtN14AaABAg",
            "reply_content": "\u6d17\u6fa1\u90a3\u908a\u5f88\u50cf\u5e79\u8a71",
            "likeCount": 0
        },
        {
            "reply_id": "UgzUiJNHzRM6rinnxcB4AaABAg",
            "reply_content": "\u90a3\u500b\u5317\u9f3b\u597d\u53ef\u611b",
            "likeCount": 0
        },
        {
            "reply_id": "Ugw1n8H17GcSKC31yxB4AaABAg",
            "reply_content": "\u5feb\u7b11\u6b7b",
            "likeCount": 0
        },
        {
            "reply_id": "UgxfIPFBliJxcCvSFHt4AaABAg",
            "reply_content": "\u6046\u6625\u6c11\u5bbf\u65e9\u5c31\u6316\u5b8c\u653f\u5e9c\u4e00\u6ce2\u4e86",
            "likeCount": 0
        },
        {
            "reply_id": "Ugz6fUiQ_MeVzCCkyxt4AaABAg",
            "reply_content": "\u6211\u8aaa\u771f\u7684",
            "likeCount": 0
        },
        {
            "reply_id": "UgzQxL18P3Cwlz5duNR4AaABAg",
            "reply_content": "\u4f60\u771f\u8cbc\u5fc3",
            "likeCount": 0
        },
        {
            "reply_id": "UgzExQLbxtrFBHQAJnl4AaABAg",
            "reply_content": "\u53ef\u4ee5\u4f86\u5c0f\u860b\u679c",
            "likeCount": 0
        },
        {
            "reply_id": "Ugy1H9xoEiPvHExRorx4AaABAg",
            "reply_content": "\u5929\u554a\u771f\u7684\u7b11\u6b7b",
            "likeCount": 0
        },
        {
            "reply_id": "UgyxWzrAJ5BwLvEMWYt4AaABAg",
            "reply_content": "\u6211\u662f\u5b9c\u862d\u4eba",
            "likeCount": 0
        },
        {
            "reply_id": "UgwzzfM03fUNON0Gl_Z4AaABAg",
            "reply_content": "\u6bba\u5c0f",
            "likeCount": 0
        },
        {
            "reply_id": "Ugxd-VWSxfA8fwXFxg94AaABAg",
            "reply_content": "\u4ed6\u5011\u662f\u4e0d\u662f\u8aa4\u89e3\u5305\u68df\u6c11\u5bbf\u7684\u610f\u7fa9",
            "likeCount": 0
        },
        {
            "reply_id": "UgxiSQ6qPXcjKokEvnJ4AaABAg",
            "reply_content": "\u6211\u5f88\u597d\u5947\u4f60\u70ba\u5565\u6bcf\u6b21\u5230\u6700\u5f8c\u90fd\u8981\u5728\u5ec1\u6240",
            "likeCount": 0
        },
        {
            "reply_id": "UgwIkCdzxBv0woX33uJ4AaABAg",
            "reply_content": "\u597d\u8af7\u523a\u5594",
            "likeCount": 0
        },
        {
            "reply_id": "UgwSm0-mw_wCc4eg_f94AaABAg",
            "reply_content": "\u6839\u672c\u86c7\u4e38",
            "likeCount": 0
        },
        {
            "reply_id": "UgwpZz88lYXxkMW6W0N4AaABAg",
            "reply_content": "\u4e0d\u53ea\u5b9c\u862d\u6771\u90e8\u5730\u5340\u4e5f\u4e00\u6a23\u4ed6\u5011\u6709\u6c11\u5bbf\u7fa4\u7d44\u8b93\u5927\u5bb6\u4f86\u8a0e\u8ad6",
            "likeCount": 0
        },
        {
            "reply_id": "UgyGp-Oye7oGaMjNzIp4AaABAg",
            "reply_content": "\u90a3\u500b\u4eba\u597d\u53ef\u6190",
            "likeCount": 0
        },
        {
            "reply_id": "UgyJZ2lmFYL1hZHuhRh4AaABAg",
            "reply_content": "\u5b9c\u862d\u4e4b\u6065",
            "likeCount": 0
        },
        {
            "reply_id": "Ugzve8i1GCxTismpPvR4AaABAg",
            "reply_content": "\u5e79\u6211\u53bb\u904e",
            "likeCount": 0
        },
        {
            "reply_id": "UgyMkFzMZAVXiylk9AJ4AaABAg",
            "reply_content": "\u6709\u86c7\u4e38\u5148\u6309\u8b9a",
            "likeCount": 0
        },
        {
            "reply_id": "UgyMTha37IpYxP4QMoJ4AaABAg",
            "reply_content": "\u6211\u4f4f\u5b9c\u862d",
            "likeCount": 0
        }
    ]
}