{
    "video_info": {
        "id": "GOz9M02MlC4",
        "channelTitle": "\u597d\u68d2Bump",
        "title": "\u9053\u6b49\u8072\u660e",
        "description": "",
        "likeCount": "10735",
        "commentCount": "954",
        "viewCount": "684067"
    },
    "comments": [
        {
            "reply_id": "UgyFM1zVB0oy3cBtz6B4AaABAg",
            "reply_content": "\u53ea\u6709\u9053\u6b49\u8cb4\u5a66\u5948\u5948\u554a\uff0c\u6240\u4ee5\u4ee3\u8868\u5176\u4ed6\u90fd\u662f\u771f\u7684\u56c9",
            "likeCount": 5
        },
        {
            "reply_id": "UgyZg8rsd-vjDsxbVLh4AaABAg",
            "reply_content": "\u6f14\u7b97\u6cd5\u628a\u6211\u5e36\u904e\u4f86",
            "likeCount": 4
        },
        {
            "reply_id": "UgxhGiBz3L0BX5atxut4AaABAg",
            "reply_content": "\u6f14\u7b97\u6cd5\u7c3d",
            "likeCount": 3
        },
        {
            "reply_id": "Ugzj2sVaLQkn8-0MBOx4AaABAg",
            "reply_content": "\u795e\u5947\u6f14\u7b97\u6cd5\u5e36\u6211\u56de\u4f86\u4e86",
            "likeCount": 3
        },
        {
            "reply_id": "UgzOXUASKu5a8ZiF_sV4AaABAg",
            "reply_content": "\u795e\u79d8\u7684\u6f14\u7b97\u6cd5",
            "likeCount": 2
        },
        {
            "reply_id": "UgzvxAQqbg2KrkFTWwh4AaABAg",
            "reply_content": "\u51f8",
            "likeCount": 1
        },
        {
            "reply_id": "Ugw7Ijs_IlXHibyr3ch4AaABAg",
            "reply_content": "\u4ec0\u9ebc\u6f14\u7b97\u6cd5",
            "likeCount": 1
        },
        {
            "reply_id": "Ugz9P_MV9IJpUupjuoN4AaABAg",
            "reply_content": "\u6211\u88ab\u6f14\u7b97\u6cd5\u5e36\u56de\u4f86\u4e86",
            "likeCount": 1
        },
        {
            "reply_id": "Ugx_aFXoSE_ri0jJ-up4AaABAg",
            "reply_content": "\u6f14\u7b97\u6cd5\u60f3\u600e\u6a23",
            "likeCount": 1
        },
        {
            "reply_id": "UgzWDUxPArVoFvCFlL14AaABAg",
            "reply_content": "\u807d\u4e0d\u61c2",
            "likeCount": 1
        },
        {
            "reply_id": "Ugz0uf_bVGUbTpFlzcV4AaABAg",
            "reply_content": "\u52c7\u65bc\u8a8d\u932f\u7684\u7537\u4eba",
            "likeCount": 1
        },
        {
            "reply_id": "UgzZhyelMatYke9eI_N4AaABAg",
            "reply_content": "\u884c\u70ba\u8209\u6b62\u512a\u96c5\u8212\u9069\u8207\u5b8c\u6574\u884c\u70ba\u80fd\u529b\u4e4b\u898f\u5b9a\u4f7f\u7528",
            "likeCount": 1
        },
        {
            "reply_id": "Ugy5VmyepJ1t74nuY2l4AaABAg",
            "reply_content": "\u6f14\u7b97\u6cd5\u5e36\u6211\u4f86\u770b\u9019\u90e8\u5f71\u7247",
            "likeCount": 0
        },
        {
            "reply_id": "Ugxa6K8EJfJCKro5XHV4AaABAg",
            "reply_content": "\u88ab\u544a\u624d\u9053\u6b49",
            "likeCount": 0
        },
        {
            "reply_id": "UgxHsGlwe_yrZw-3uVd4AaABAg",
            "reply_content": "\u81f3\u5c11\u6709\u7528\u904e\u4e86",
            "likeCount": 0
        },
        {
            "reply_id": "Ugw5T5dhd14edDjnGTF4AaABAg",
            "reply_content": "\u89ba\u5f97\u6c92\u8aa0\u610f",
            "likeCount": 0
        },
        {
            "reply_id": "UgxHcnpK-zLonW4PlwV4AaABAg",
            "reply_content": "\u770b\u5230\u5e73\u5e38\u8b1b\u5e79\u8a71\u7684\u4eba\u4e00\u81c9\u6b63\u7d93\u8b1b\u8a71\u5c31\u89ba\u5f97\u5f88\u4e0d\u7fd2\u6163",
            "likeCount": 0
        },
        {
            "reply_id": "UgyOSDdV27OF6Mu-NTx4AaABAg",
            "reply_content": "\u9ec3",
            "likeCount": 0
        },
        {
            "reply_id": "UgzU0lqpykBry-KVlkN4AaABAg",
            "reply_content": "\u4e0d\u662f\u61c9\u8a72\u5728\u5ec1\u6240\u55ce",
            "likeCount": 0
        },
        {
            "reply_id": "Ugyg3haxJVojXRu-Cx54AaABAg",
            "reply_content": "\u4f60\u5fd8\u4e86\u7528\u5ee3\u544a",
            "likeCount": 0
        },
        {
            "reply_id": "UgwwEU1509kGxAahFQB4AaABAg",
            "reply_content": "\u5e25",
            "likeCount": 0
        },
        {
            "reply_id": "UgycrCsJEqAVtdMcvsp4AaABAg",
            "reply_content": "\u7b11\u6b7b\u518d\u76ae\u554a",
            "likeCount": 0
        },
        {
            "reply_id": "UgyaFlSyd18V_jVnDHp4AaABAg",
            "reply_content": "\u771f\u7537\u4eba",
            "likeCount": 0
        },
        {
            "reply_id": "UgwMrx-DooqD5ypuBeF4AaABAg",
            "reply_content": "\u7d50\u679c\u88ab\u9ec3\u6a19",
            "likeCount": 0
        },
        {
            "reply_id": "Ugz8A9l4xIWtudSBynx4AaABAg",
            "reply_content": "\u51fa\u4e8b\u4e86\u963f\u4f2f",
            "likeCount": 0
        }
    ]
}