{
    "video_info": {
        "id": "gXq1WdS6vSk",
        "channelTitle": "\u597d\u68d2Bump",
        "title": "\u5929\u54ea\u2026 \u6211\u8acb\u5230\u4e00\u500b\u64cd\u6797\u5446\u5973\u52a9\u7406\u2026\u300c\u3122\u3124\u300d\u300c\u310b\u310c\u300d\u90fd\u5206\u4e0d\u6e05\u695a\u2026.\u3010\u597d\u68d2Bump\u3011",
        "description": "\u65b0\u4f86\u7684\u5973\u52a9\u7406\uff0c\u9023\u3122\u3124\u90fd\u4e0d\u5206\u2026.\n\u6211\u597d\u50cf\u90fd\u6703\u8acb\u5230\u9019\u7a2e\u5947\u8469\u2026.\n\n#\u3122\u3124\u4e0d\u5206 #\u53e3\u9f52\u4e0d\u6e05 #\u58d3\u529b\u4f7f\u4eba\u6210\u9577\n--------------------------------------------------------- \n\u4e0a\u4e00\u90e8\u5f71\u7247 \u5305\u990a\u594e\u4e011\u5929\u8981\u82b1\u591a\u5c11\u9322\uff1f\u9019\u771f\u7684\u662f\u6703\u7834\u7522\u2026. \u3010\u597d\u68d2Bump\u3011  @\u594e\u4e01Zamy \u200bhttps://youtu.be/CCvT2M6Rz0c\n\n\u8001\u5b50\u7684IG\uff1ahttps://bit.ly/2JqmmIq\n\u8001\u5b50\u7684FB\uff1ahttps://bit.ly/2s3pwwb",
        "likeCount": "25796",
        "commentCount": "1859",
        "viewCount": "1290807"
    },
    "comments": [
        {
            "reply_id": "UgxbtqrucVJ9j66fWAV4AaABAg",
            "reply_content": "\u5f88\u53ef\u611b",
            "likeCount": 3
        },
        {
            "reply_id": "UgzFqzn3SVMu-VtFFdN4AaABAg",
            "reply_content": "\u8eab\u70ba\u540c\u6a23\u53e3\u9f52\u4e0d\u6e05\u7684\u4eba\uff0c\u800c\u4e14\u9084\u662f\u6bd4\u5979\u66f4\u56b4\u91cd\uff0c\u4e00\u5806\u4eba\u537b\u53ea\u770b\u5230\u59b9\u5b50\u8ddf\u89ba\u5f97\u9019\u6a23\u5f88\u53ef\u611b\uff0c\u53ea\u80fd\u8aaa\u6027\u5225\u5916\u8868\u771f\u7684\u6703\u5f71\u97ff\u975e\u5e38\u591a\uff0c\u53e6\u5916\u5982\u679c\u771f\u7684\u90fd\u807d\u4e0d\u51fa\u5dee\u5225\u5176\u5be6\u53ef\u4ee5\u53bb\u6e2c\u9a57\u4e00\u4e0b\u807d\u529b\uff0c\u6211\u5c31\u662f\u56e0\u70ba\u5f9e\u5c0f\u807d\u529b\u4e0d\u597d\u807d\u4e0d\u51fa\u5dee\u5225\u5c0e\u81f4\u5f88\u56b4\u91cd\u7684\u53e3\u9f52\u4e0d\u6e05",
            "likeCount": 2
        },
        {
            "reply_id": "UgzupNC3PnwMwzKs07d4AaABAg",
            "reply_content": "\u9019\u4e00\u4f4d\u5973\u52a9\u7406\u771f\u7684\u5f88\u8a8d\u771f",
            "likeCount": 1
        },
        {
            "reply_id": "Ugw6GHcYm6ITjy0oBZR4AaABAg",
            "reply_content": "\u597d\u6b63",
            "likeCount": 1
        },
        {
            "reply_id": "UgwDmXkbJAPrestPgrh4AaABAg",
            "reply_content": "\u9019\u5973\u751f\u7684\u5589\u7d50\u597d\u6027\u611f",
            "likeCount": 1
        },
        {
            "reply_id": "UgzD2aR-PzIyEyC9t2F4AaABAg",
            "reply_content": "\u53ef\u80fd\u662f\u539f\u4f4f\u6c11",
            "likeCount": 1
        },
        {
            "reply_id": "UgxZilpQwP06flXmD8Z4AaABAg",
            "reply_content": "\u8d8a\u5357\u4eba\u5427",
            "likeCount": 1
        },
        {
            "reply_id": "UgwkDgpoYOHakrPFvQ14AaABAg",
            "reply_content": "\u7b11\u6b7b",
            "likeCount": 1
        },
        {
            "reply_id": "UgyeRrcTE-KTJBG9Jzh4AaABAg",
            "reply_content": "",
            "likeCount": 0
        },
        {
            "reply_id": "UgzLgCS4A3TNyUE51lN4AaABAg",
            "reply_content": "\u6709\u9ede\u50cf\u672c\u672c",
            "likeCount": 0
        },
        {
            "reply_id": "Ugx8DAPTBlSGiMP9bZx4AaABAg",
            "reply_content": "\u524d\u9762\u6211\u6709\u9ede\u8aa4\u6703",
            "likeCount": 0
        },
        {
            "reply_id": "Ugzce63emNd-Aa6C92J4AaABAg",
            "reply_content": "\u5967\u65af\u5361\u91d1\u50cf\u596c",
            "likeCount": 0
        },
        {
            "reply_id": "UgzZzwt9aw1JaszfwPV4AaABAg",
            "reply_content": "\u53f0\u6e7e\u4eba\u4e0d\u61c2 \u5728\u4e2d\u56fd\u5728\u9999\u6e2f\u5f88\u5c11\u6709\u8bb2\u8bdd\u8fd9\u6837\u6e29\u67d4\u7684\u5973\u751f",
            "likeCount": 0
        },
        {
            "reply_id": "UgxCyIdlmEReSZEENBJ4AaABAg",
            "reply_content": "\u6211\u4e5f\u662f\u89ba\u5f97\u767c\u97f3\u8981\u597d\u4e5f\u8981\u5b78\u7fd2\u5f88\u4e45",
            "likeCount": 0
        },
        {
            "reply_id": "Ugx11JslwCfsHWhAE-t4AaABAg",
            "reply_content": "\u4e2d\u6587\u771f\u7684\u5f88\u96e3\u5b78\u7fd2",
            "likeCount": 0
        },
        {
            "reply_id": "Ugx-f7hDBInYDhYpPvZ4AaABAg",
            "reply_content": "\u5973\u52a9\u7406\u9577\u5f97\u597d\u770b\u5c31\u662f\u4e0d\u4e00\u6a23",
            "likeCount": 0
        },
        {
            "reply_id": "Ugyb2hOmH5h1vkVJ-9J4AaABAg",
            "reply_content": "\u70ba\u4ec0\u9ebc\u5973\u52a9\u7406\u5979\u7684\u767c\u97f3\u90fd\u5206\u4e0d\u51fa\u4f86",
            "likeCount": 0
        },
        {
            "reply_id": "UgxeeBCgbTOWP__NeQd4AaABAg",
            "reply_content": "\u5feb\u88ab\u6668\u7070\u7b11\u6b7b",
            "likeCount": 0
        },
        {
            "reply_id": "UgzwPCd3XbQjIuUoyct4AaABAg",
            "reply_content": "\u6709\u5920\u9999",
            "likeCount": 0
        },
        {
            "reply_id": "UgzFDTfkbyV9LGb-cfF4AaABAg",
            "reply_content": "\u6211\u767c\u73fe\uff0c\u6703\u767c\u97f3\u4e0d\u6a19\u6e96\u662f\u56e0\u70ba\u5c0f\u6642\u5019\u5f88\u61f6\u7684\u767c\u89ba\u5f97\u9019\u6a23\u5c31\u597d\uff0c\u9577\u5927\u5f8c\u7fd2\u6163\u4e0d\u60f3\u8981\u6539\u6240\u4ee5\u624d\u6703\u6709\u9019\u4e9b\u554f\u984c",
            "likeCount": 0
        },
        {
            "reply_id": "UgwM2qfx2Oc9SUuZSrR4AaABAg",
            "reply_content": "\u54c0\u5c45\u5462",
            "likeCount": 0
        },
        {
            "reply_id": "Ugy13QWultZunSja71R4AaABAg",
            "reply_content": "\u6211\u6709\u5e7e\u500b\u570b\u5c0f\u540c\u5b78\u4e5f\u662f\u8ddf\u5979\u4e00\u6a23\u4e0d\u6703\u5ff5",
            "likeCount": 0
        },
        {
            "reply_id": "UgwIp_sE2OCF9ne28xN4AaABAg",
            "reply_content": "\u9019\u4f4d\u5c0f\u59b9\u7684\u8cb4\u4eba\u5c31\u662f\u4f60",
            "likeCount": 0
        },
        {
            "reply_id": "UgyE3rWY9o4Hpn4n7jB4AaABAg",
            "reply_content": "\u6709\u9f3b\u97f3\u5427",
            "likeCount": 0
        },
        {
            "reply_id": "Ugy4hbf2wa1SyvWbTCx4AaABAg",
            "reply_content": "\u9019\u6211\u53ef\u4ee5",
            "likeCount": 0
        }
    ]
}