{
    "video_info": {
        "id": "h1vHXfijZ08",
        "channelTitle": "\u597d\u68d2Bump",
        "title": "\u5929\u54ea... \u6211\u8acb\u4e86\u4e00\u7fa4\u4f4e\u667a\u5546\u7247\u5e2b... \u300c\u7684\u5f97\u300d\u300c\u5728\u518d\u300d\u90fd\u5206\u4e0d\u6e05\u695a....\u3010\u597d\u68d2Bump\u3011",
        "description": "\u4e0d\u958b\u73a9\u7b11\uff0c\u8aa0\u5fb5\u7247\u5e2b\uff0c\n\u6211\u7e7c\u7e8c\u8ddf\u4ed6\u5011\u6df7\u5728\u4e00\u8d77\uff0c\n\u5f88\u5feb\u4e5f\u6703\u8b8a\u8166\u6b98\u4e86...\n\n#\u570b\u5c0f\u8003\u5377 #\u6717\u8aa6\u4f5c\u6587 #\u9023\u6211\u751f\u65e5\u90fd\u5fd8\u8a18\u662f\u60f3\u56de\u8001\u5bb6\u7a2e\u7530\u55ce\n\n\u6210\u70ba\u9019\u500b\u983b\u9053\u7684\u6703\u54e1\u4e26\u7372\u5f97\u734e\u52f5\uff1a\nhttps://www.youtube.com/channel/UC7XxnhjdYjiQJ3m80K_N_4g/join\n--------------------------------------------------------- \r\n\u4e0a\u4e00\u90e8\u5f71\u7247 \u6211\u7576\u8a50\u9a19\u96c6\u5718\u767c\u696d\u914d\u7d66\u7db2\u7d05\uff011\u5929\u7adf200\u4eba\u4e0a\u7576\uff01\uff1f\u3010\u597d\u68d2Bump\u3011\u3010\u8a50\u9a19\u934a\u91d1\u8853\u3011   @zamy_ding   https://youtu.be/SsF2J7PEwMw\u200b\r\n\r\n\u8001\u5b50\u7684IG\uff1ahttps://bit.ly/2JqmmIq\r\n\u8001\u5b50\u7684FB\uff1ahttps://bit.ly/2s3pwwb",
        "likeCount": "24646",
        "commentCount": "1151",
        "viewCount": "1977752"
    },
    "comments": [
        {
            "reply_id": "UgzO-xcAs6Nhh6-JTRB4AaABAg",
            "reply_content": "\u770b\u4ed6\u5011\u7684\u9020\u53e5\u5c31\u77e5\u9053\u7d20\u8cea\u6975\u9ad8",
            "likeCount": 3
        },
        {
            "reply_id": "UgxtxvLYchiISid7mtB4AaABAg",
            "reply_content": "\u6211\u597d\u50cf\u770b\u5230\u6709\u4eba\u5728\u5077\u9322",
            "likeCount": 2
        },
        {
            "reply_id": "UgwHnmyz--y0wy1Uqmh4AaABAg",
            "reply_content": "\u9019\u4e00\u96c6\u597d\u7b11",
            "likeCount": 0
        },
        {
            "reply_id": "UgzOrMDjWdUTv0tkIEl4AaABAg",
            "reply_content": "\u54c8\u54c8",
            "likeCount": 0
        },
        {
            "reply_id": "UgyCdqwF575vLS5k04t4AaABAg",
            "reply_content": "\u3002\u5927\u91cf\u5b50\u623f\u50f9\u5dee\u4e86\u5462\uff01\u4e0d\u50c5\u6709\u9ede\u96e3\u6c11\u9593\u6587\u5b78\u754c\u9650\u754c\u9650\u754c\u90fd\u5f88\u5927\u7684\u4e0d\u80fd\u8b93\uff1f\u4e00\u6a23\u5f0f\uff0c\u4e86\u4e8b\u696d\u4e0a\u7684\u6211\u5f88\u68d2\u68d2\u7684\u6211\u60f3\u50cf\u5230\u7684\u6211\u7684\u6bcd\u89aa\u81ea\u7531\u57fa\u9686\u5e02\u9577\u9054\u81f3\u6b64\u6b21\u9577\u7684\u4f60\u5011\u6211\u5c31\u7b97\u8a08\u8f03\u4f4e\u6eab\u99a8\uff0c\u7684\u4e0d\u662f\u5f88\u6709\u4e00\u4f4d\u5c45\u58eb\u9054\u6a19\u699c\u6211\u5011\uff0c\u7684\u4e0d\u65b7\u7d55\u98df\u98ef\u5718\u805a\u5c45\u591a\u500b\u6848\u4e2d\u592e\u9280\u884c\u54e1\uff0c\u7684\u4e0d\uff0c+\u6211\u60f3\u8aaa\u7684\u58eb\u5175\u529b\u9053-\u6211\u5011\u7684\u78ba\u8a8d\u8b58\u4f60\u8981\u6709\u9ede\u9ede\u9ede\u9ede\u982d\u689d\u8def\u7dda\u4e0a\u904a\u6232\u5340\u57df\u6027\u683c\u5f0f\u5fae\u535a\u58eb\u73ed\u6a5f\u7968\u9078\u64c7\u6b0a\u529b\u5206\u7acb\u9662\u9577\u5f97\u50cf\u662f\u8981\u4f86\u5230\u4f86\u505a\u51fa\u73fe\u904e\u4f86\u4eba\u6c11\u5e63\u503c\u7684\u58eb\u6797\u5b98\u90b8\u4f60\u5c31\u5728\u5bb6\u4eba\u5011\u6211\u7684\u58eb\u6797\u5b98\u90b8\u4f60\u5011\u9019\u662f\u500b\u5225\u8b93\u60a8\u7684\u78ba\u5b9a\u671f\u5b9a\u984d\u5916\u8cc7\u6e90\u8c50\u5bcc\u8c6a\u5b85\u7537\u5b50\u96d9D",
            "likeCount": 0
        },
        {
            "reply_id": "UgznAcvULRy1qOS5ixh4AaABAg",
            "reply_content": "\u7247\u5e2b\u90fd\u8d85\u6703\u505a\u6548\u679c",
            "likeCount": 0
        },
        {
            "reply_id": "UgxV49EHYhWMAd_SCD54AaABAg",
            "reply_content": "\u75fe\u5230\u5e95\u662f\u6bba\u5c0f\u5feb\u760b\u4e86",
            "likeCount": 0
        },
        {
            "reply_id": "Ugy40WkXHmPo9OMcouJ4AaABAg",
            "reply_content": "\u771f\u7684\u7b11\u6b7b",
            "likeCount": 0
        },
        {
            "reply_id": "UgyMgpTqeI_jNUUFgKl4AaABAg",
            "reply_content": "\u770b\u5b8c\u89ba\u5f97\u597d\u52f5\u5fd7",
            "likeCount": 0
        },
        {
            "reply_id": "Ugzq1-G9qriCQWhoA2l4AaABAg",
            "reply_content": "\u6211\u5feb\u7b11\u6b7b\u4e86",
            "likeCount": 0
        },
        {
            "reply_id": "Ugz5pLg7JUD-yUqRBCd4AaABAg",
            "reply_content": "\u640d\u53cb\u5718",
            "likeCount": 0
        },
        {
            "reply_id": "Ugy4zT8FslIiGGJ4t414AaABAg",
            "reply_content": "\u6263\u5beb\u932f\u4e86\u591a\u4e86\u4e00\u7d0d\u7c73",
            "likeCount": 0
        },
        {
            "reply_id": "UgwaMC1wGsS1S4KaxH54AaABAg",
            "reply_content": "\u6709\u88ab\u9ec3\u6a19\u55ce",
            "likeCount": 0
        },
        {
            "reply_id": "UgxzR1nryRjFYjWADbh4AaABAg",
            "reply_content": "\u65e5",
            "likeCount": 0
        },
        {
            "reply_id": "Ugy6C8PG1xvjsUtecq94AaABAg",
            "reply_content": "\u5feb\u7b11\u6b7b",
            "likeCount": 0
        },
        {
            "reply_id": "UgzFJMm7WDM6sgloiN54AaABAg",
            "reply_content": "\u770b\u5230\u958b\u982d\u5c31\u7b11\u4e86",
            "likeCount": 0
        },
        {
            "reply_id": "UgyI2drjjNIceyIJol94AaABAg",
            "reply_content": "\u5225\u6025\u5927\u5bb6\u5c31\u76e1\u529b\u4e86\u4e5f\u8981\u597d\u597d\u4f11\u606f",
            "likeCount": 7
        },
        {
            "reply_id": "UgwakZk6evWi7QboJjR4AaABAg",
            "reply_content": "\u5176\u5be6\u662f\u5be8\u5566",
            "likeCount": 2
        },
        {
            "reply_id": "UgxcsAG-72YbYzODh_l4AaABAg",
            "reply_content": "\u6211\u767c\u73fe\u7a7f\u767d\u8272\u8863\u670d\u7684\u5728\u5077\u62ff\u684c\u4e0a\u7684\u4e00\u767e\u584a\u548c\u4e00\u5343\u584a",
            "likeCount": 2
        },
        {
            "reply_id": "UgwtN8JtJmvXb-qZGbN4AaABAg",
            "reply_content": "\u624d\u6709\u7cbe\u795e\u8655\u7406\u4e8b\u60c5",
            "likeCount": 1
        },
        {
            "reply_id": "Ugxs-m15fepNiGdaQQ94AaABAg",
            "reply_content": "\u54c8\u54c8\u54c8",
            "likeCount": 1
        },
        {
            "reply_id": "UgyCgQo7moUfWeTJ7154AaABAg",
            "reply_content": "\u4f60\u662f\u5927\u4eba\u9084\u6703\u932f",
            "likeCount": 1
        },
        {
            "reply_id": "UgxXk9yciFQEeaprgnF4AaABAg",
            "reply_content": "\u4e3a\u4ec0\u4e48\u53f0\u6e7e\u7684\u7537\u751f\u90fd\u8fd9\u6837\n\u8fd8\u662f\u53f0\u6e7e\u98ce\u6c14\u53ea\u6709\u8fd9\u6837",
            "likeCount": 1
        },
        {
            "reply_id": "UgyTctQuUEf7qTo_3f94AaABAg",
            "reply_content": "\u8b93\u4eba\u60f3\u53bb\u4e0a\u73ed",
            "likeCount": 0
        },
        {
            "reply_id": "UgwST76I02sTgvwYL054AaABAg",
            "reply_content": "\u4ed6\u5011\u6709\u5c0f\u5b78\u7562\u696d\u55ce",
            "likeCount": 0
        }
    ]
}