{
    "video_info": {
        "id": "HFxiXMRBM-o",
        "channelTitle": "\u597d\u68d2Bump",
        "title": "\u6536\u8cfc20\u516c\u65a4\u7684\u96fb\u8def\u677f\uff01\u7adf\u771f\u7684\u80fd\u6d17\u51fa\u9ec3\u91d1\uff01\uff1f\u3010\u597d\u68d2Bump\u3011\u3010\u771f\u6b63\u7684\u934a\u91d1\u8853\u3011",
        "description": "\u7d42\u65bc\u6211\u8981\u4f86\u934a\u771f\u6b63\u7684\u91d1\u4e86\uff0c\u9019\u4e00\u6b21\u6211\u5011\u6e96\u5099\u4e8620\u516c\u65a4\u7684\u5ee2\u96fb\u8def\u677f\uff0c\u8981\u5617\u8a66\u770b\u80fd\u6d17\u51fa\u591a\u5c11\u9ec3\u91d1\uff01\n\n#\u934a\u91d1\u8853\u5e2b #\u50b3\u5bb6\u4e4b\u5bf6 #\u7b49\u50f9\u4ea4\u63db\u771f\u7684\u6210\u529f\u4e86\n--------------------------------------------------------- \r\n\u4e0a\u4e00\u90e8\u5f71\u7247 \u627e\u4e00\u7fa489\u5f1f\u5144\u8a2d\u5c40\u4ed9\u4eba\u8df3\uff01\u60e1\u6574\u611b\u4e82\u7d04\u8dd1\u7684\u670b\u53cb\uff01\u3010\u597d\u68d2Bump\u3011https://youtu.be/HVJoD1O11AY\r\n\r\n\u8001\u5b50\u7684IG\uff1ahttps://bit.ly/2JqmmIq\r\n\u8001\u5b50\u7684FB\uff1ahttps://bit.ly/2s3pwwb",
        "likeCount": "13641",
        "commentCount": "644",
        "viewCount": "887290"
    },
    "comments": [
        {
            "reply_id": "UgzwvvoPrJsxzPaoO6V4AaABAg",
            "reply_content": "\u6700\u5f8c\u7528\u9152\u7cbe\u71c8\u628a\u6c34\u4efd\u71d2\u6389\u5c31\u5269\u4e0b\u91d1\u5b50\u554a",
            "likeCount": 1
        },
        {
            "reply_id": "Ugw72Xv_rVVp8PhznNh4AaABAg",
            "reply_content": "\u5e73\u93ae\u6211\u5bb6\u5730\u5340\u6b38",
            "likeCount": 1
        },
        {
            "reply_id": "Ugz_UV7EL6ff7s2SHKx4AaABAg",
            "reply_content": "\u6c92\u6709\u52a0\u787c\u7802\u624d\u6703\u8b8a\u9019\u6a23",
            "likeCount": 0
        },
        {
            "reply_id": "UgxNgghlidekGdgkFYB4AaABAg",
            "reply_content": "\u6211\u611b\u4f60",
            "likeCount": 0
        },
        {
            "reply_id": "UgxGedfSoJ-pXzhmsfx4AaABAg",
            "reply_content": "\u8981\u9ec3\u91d1\u53ef\u4ee5\u53bb\u6536\u8edf\u677f",
            "likeCount": 0
        },
        {
            "reply_id": "UgxP0n_VokrCVp3iW7l4AaABAg",
            "reply_content": "\u70ba\u4ec0\u9ebc\u4e0d\u80fd\u7528\u4e00\u584a\u5e03\u904e\u6ffe\u6389\u6c34",
            "likeCount": 0
        },
        {
            "reply_id": "Ugxxr-9TNnQPK8iOdiR4AaABAg",
            "reply_content": "\u4f60\u597d\u5e25",
            "likeCount": 0
        },
        {
            "reply_id": "Ugy667MYCBuo2Yj2aA94AaABAg",
            "reply_content": "\u8fd9\u96c6\u592a\u4e0d\u4e13\u4e1a\u4e86\u5427",
            "likeCount": 0
        },
        {
            "reply_id": "UgxYsWM20lUIpcbMcfZ4AaABAg",
            "reply_content": "\u597d\u50cf\u694a\u6885\u7684\u4e00\u9593\u5de5\u5ee0",
            "likeCount": 0
        },
        {
            "reply_id": "UgxM9jTp3fETf1VM-SZ4AaABAg",
            "reply_content": "\u90a3\u53ef\u80fd\u662f\u767d\u91d1",
            "likeCount": 0
        },
        {
            "reply_id": "Ugyi9pjGhOdBNfEy84J4AaABAg",
            "reply_content": "\u592a\u9177\u4e86\u5427",
            "likeCount": 0
        },
        {
            "reply_id": "UgwOY-Qy8Pv7vUQ6dU54AaABAg",
            "reply_content": "\u89ba\u5f97\u5168\u904e\u7a0b\u7684\u7528\u8cbb\u90fd\u53ef\u4ee5\u76f4\u63a5\u53bb\u8cb7\u4e00\u584a",
            "likeCount": 0
        },
        {
            "reply_id": "UgzQ3FAlRjCKGG32ESh4AaABAg",
            "reply_content": "\u88fd\u9020\u65b0\u5143\u7d20",
            "likeCount": 0
        },
        {
            "reply_id": "UgyWh84ulJWVh3lMtxV4AaABAg",
            "reply_content": "\u4f60\u5f88\u8070\u660e",
            "likeCount": 0
        },
        {
            "reply_id": "UgzlbS_fLO0IMsGiCa94AaABAg",
            "reply_content": "\u9ede\u5f71\u7247\u6709\u8a50\u9a19\u7684\u5ee3\u544a\u7f6e\u5165\n\u9ad2\u6771\u897f\u4e0d\u8981\u4f86\u6c61\u67d3\u9019\u908a\u5566",
            "likeCount": 0
        },
        {
            "reply_id": "UgxEZik1iH5K6H_sqUh4AaABAg",
            "reply_content": "\u7121\u526a\u5200",
            "likeCount": 0
        },
        {
            "reply_id": "UgyVNMjt7eubfYsaYbp4AaABAg",
            "reply_content": "\u54c8\u54c8\u54c8",
            "likeCount": 0
        },
        {
            "reply_id": "UgzlZqHutObSNJ-GZvt4AaABAg",
            "reply_content": "\u8981\u9ec3\u91d1\u5efa\u8b70\u76f4\u63a5\u8cb7\u6bd4\u8f03\u5212\u7b97",
            "likeCount": 0
        },
        {
            "reply_id": "UgwsoZ-Pi7awwsHdfmp4AaABAg",
            "reply_content": "\u5167\u5bb9\u90fd\u5f88\u5be6\u7528",
            "likeCount": 0
        },
        {
            "reply_id": "UgySPv-_z3DKs-NvE9t4AaABAg",
            "reply_content": "\u679c\u7136\u4e0d\u662f\u90a3\u9ebc\u5bb9\u6613\u8cfa\u7684",
            "likeCount": 0
        },
        {
            "reply_id": "UgzB6xgrxSjXvJ3aUuR4AaABAg",
            "reply_content": "\u62ff\u91dd\u7b52\u5438\u5c31\u53ef\u4ee5\u4e86",
            "likeCount": 0
        },
        {
            "reply_id": "UgzjCcCntWCDyRmnCcx4AaABAg",
            "reply_content": "\u4f46\u662f\u53ef\u4ee5\u6572\u676f\u5b50",
            "likeCount": 0
        },
        {
            "reply_id": "UgyIaXSV_-XThthE5y54AaABAg",
            "reply_content": "\u90a3\u5929\u7684\u7a7a\u6c23\u7279\u5225\u8cb4",
            "likeCount": 0
        },
        {
            "reply_id": "UgxZveV-CfTPA7hAxlB4AaABAg",
            "reply_content": "\u5049\u5927\u7684\u7149\u91d1\u8853\u5e2b",
            "likeCount": 0
        },
        {
            "reply_id": "Ugy4sxqzBi8qFmufT1J4AaABAg",
            "reply_content": "\u9ec3\u91d1\u4fbf\u4fbf\u5df2\u7d93\u88ab\u751f\u7406\u6392\u6389",
            "likeCount": 0
        }
    ]
}