{
    "video_info": {
        "id": "hhHvB4xmeUo",
        "channelTitle": "\u597d\u68d2Bump",
        "title": "3\u5e74\u4e86\uff0c\u6211\u7d42\u65bc\u80fd\u597d\u597d\u9084\u4f60\u9019\u4e00\u4efd\u60c5\u3002\u3010\u597d\u68d2Bump\u3011",
        "description": "\u7d93\u904e1\u5e74\u591a\u5feb2\u5e74\u7684\u6642\u9593\uff0c\u7d42\u65bc\u6709\u6a5f\u6703\u628a\u9019\u652f\u7247\u62cd\u51fa\u4f86\uff0c\u4e8b\u60c5\u80fd\u5920\u6709\u59cb\u6709\u7d42\u4e5f\u7b97\u662f\u80fd\u5920\u5c0d\u81ea\u5df1\u6709\u500b\u4ea4\u4ee3\u4e86\u3002\n\n#\u52a0\u76df\u51b0\u68d2\u6a5f #\u56de\u994b\u591c\u5e02\u963f\u4f2f #\u4ed6\u5c45\u7136\u6c92\u6709\u54ed\u2026\n--------------------------------------------------------- \r\n\u4e0a\u4e00\u90e8\u5f71\u7247 \u6211\u5011\u5728\u7f8e\u570b\u8ced\u5834\u88ab\u6436\u4e861000\u842c\uff01\u5c31\u7b97\u8d0f\u9322\u4e5f\u6839\u672c\u5e36\u4e0d\u8d70\u2026.\u3010\u597d\u68d2Bump\u3011https://youtu.be/2MX89FwPDts\r\n\r\n\u8001\u5b50\u7684IG\uff1ahttps://bit.ly/2JqmmIq\r\n\u8001\u5b50\u7684FB\uff1ahttps://bit.ly/2s3pwwb",
        "likeCount": "31967",
        "commentCount": "2113",
        "viewCount": "828317"
    },
    "comments": [
        {
            "reply_id": "UgwuOshsITivwEGN94V4AaABAg",
            "reply_content": "\u6211\u4e5f\u652f\u6301\u4f60\u7684\u52f5\u5fd7\u6545\u4e8b",
            "likeCount": 0
        },
        {
            "reply_id": "UgxEhQ6w7rASjTbbidB4AaABAg",
            "reply_content": "\u6a5f\u53f0\u8981\u53bb\u90a3\u88e1\u641e",
            "likeCount": 0
        },
        {
            "reply_id": "UgzUFsWGmVVb0H4B79F4AaABAg",
            "reply_content": "\u540c\u611f",
            "likeCount": 0
        },
        {
            "reply_id": "UgxRzCha8o9cyPfiS9t4AaABAg",
            "reply_content": "\u5728\u4f11\u606f\u7ad9\u6709\u770b\u5230",
            "likeCount": 0
        },
        {
            "reply_id": "Ugzv6UYiMGUKh-sZGlF4AaABAg",
            "reply_content": "\u5584\u7684\u5faa\u74b0",
            "likeCount": 0
        },
        {
            "reply_id": "Ugy8siwbrjaaJUcQqx54AaABAg",
            "reply_content": "\u6211\u6709\u53bb\u5403\u6b38\u51b0\u68d2\u5f88\u597d\u5403",
            "likeCount": 0
        },
        {
            "reply_id": "UgzjLzKnQ4Z6-oC-GNl4AaABAg",
            "reply_content": "\u6211\u53bb\u8cb7\u4e86",
            "likeCount": 0
        },
        {
            "reply_id": "Ugxlx4oPzIWA7wFRR5d4AaABAg",
            "reply_content": "\u76f8\u4e92\u6551\u8d16",
            "likeCount": 0
        },
        {
            "reply_id": "UgxFzbEZTpjwpgFcKZ54AaABAg",
            "reply_content": "\u9019\u662f\u4e00\u96c6\u53ea\u6709\u963f\u5317\u6c92\u54ed\u7684\u5f71\u7247",
            "likeCount": 0
        },
        {
            "reply_id": "UgwPHKjY3jVOC5yzT-B4AaABAg",
            "reply_content": "\u4eba\u751f\u4e2d\u53ef\u4ee5\u9047\u5230\u81ea\u5df1\u7684\u8d35\u4eba\u6307\u8def\u771f\u7684\u4e0d\u5bb9\u6613\n\u80fd\u5728\u81ea\u5df1\u7684\u4e16\u754c\u4e2d\u6e05\u9192\u662f\u4e00\u4ef6\u5f88\u56f0\u96be\u7684\u4e8b",
            "likeCount": 0
        },
        {
            "reply_id": "UgzO6zDSSZOio4rNqVV4AaABAg",
            "reply_content": "\u96ea\u4e2d\u9001\u70ad\u90fd\u662f\u6700\u8b93\u4eba\u611f\u52d5\u7684",
            "likeCount": 0
        },
        {
            "reply_id": "UgxiuuV_cN-eJeoRaKh4AaABAg",
            "reply_content": "\u963f\u4f2f\u7684\u614b\u5ea6\u6211\u4e5f\u5f88\u611f\u52d5 \u5c0d\u65bc\u4f4e\u8c37\u4e5f\u662f\u71b1\u5fc3\u60f3\u505a\u516c\u76ca",
            "likeCount": 0
        },
        {
            "reply_id": "UgwFkuWiNs6X6jM1lBR4AaABAg",
            "reply_content": "\u6c92\u932f\u554a\u6211\u90fd\u662f\u51ac\u5929\u5403\u51b0",
            "likeCount": 0
        },
        {
            "reply_id": "UgwXzpHxR6kFwN8ZyFF4AaABAg",
            "reply_content": "\u770b\u54ed\u4e86",
            "likeCount": 0
        },
        {
            "reply_id": "Ugyui6eLkyBjT3XikVJ4AaABAg",
            "reply_content": "\u5e0c\u671b\u5927\u54e5\u4e00\u5e06\u98a8\u9806",
            "likeCount": 0
        },
        {
            "reply_id": "UgzFPbNpKH0ZZVQwgLp4AaABAg",
            "reply_content": "\u4f55\u5609\u4ec1\u7f8e\u8a9e",
            "likeCount": 0
        },
        {
            "reply_id": "UgwIEupIgoafMUo6k2B4AaABAg",
            "reply_content": "\u6211\u5370\u8c61\u5f88\u6df1\u523b",
            "likeCount": 0
        },
        {
            "reply_id": "UgxGqOwa5ALe7xBRnCJ4AaABAg",
            "reply_content": "\u73b0\u5728\u4e5f\u662f\u6211\u6700\u4f4e\u843d\u65f6\u5019\u770b\u5230\u4f60\u7684\u89c6\u5c4f\uff0c\u8c22\u8c22\u4f60",
            "likeCount": 0
        },
        {
            "reply_id": "UgyLkljwhxzZZvRNCzl4AaABAg",
            "reply_content": "\u4f60\u7684\u5f71\u7247\u78ba\u5be6\u90fd\u662f\u5f88\u6b63\u80fd\u91cf\u7684\u800c\u4e14\u5f88\u591a\u8b66\u60d5\u6d89\u4e16\u672a\u6df1\u7684\u5e74\u8f15\u4eba\u907f\u514d\u88ab\u9a19,\u6211\u5feb50\u4e86\u90fd\u5f88\u9a5a\u8a1d\u4f60\u9019\u9ebc\u5e74\u8f15\u600e\u9ebc\u4eba\u751f\u8ddf\u793e\u6703\u6b77\u7df4\u6703\u9019\u9ebc\u8c50\u5bcc",
            "likeCount": 0
        },
        {
            "reply_id": "Ugyh6GrD0rfHTjGUzwh4AaABAg",
            "reply_content": "\u8b1d\u8b1d\u4f60\u7684\u5f71\u7247",
            "likeCount": 0
        },
        {
            "reply_id": "UgxcJVLP_VPUtzBcZJl4AaABAg",
            "reply_content": "\u8d85\u68d2\u68d2",
            "likeCount": 0
        },
        {
            "reply_id": "UgzrdJ7ZVesKKBy9dgt4AaABAg",
            "reply_content": "\u4f60\u5f88\u68d2",
            "likeCount": 0
        },
        {
            "reply_id": "Ugz7fJl_Euy8l3aah6J4AaABAg",
            "reply_content": "\u5e79\u6211\u770b\u5230\u5c01\u9762\u4ee5\u70ba\u662f\u4f59\u5929",
            "likeCount": 0
        },
        {
            "reply_id": "UgzTOC68r4V3mVodIul4AaABAg",
            "reply_content": "\u6211\u6709\u8cb7\u904e\u6b38",
            "likeCount": 0
        },
        {
            "reply_id": "UgwSZgtPJyfANSbj32J4AaABAg",
            "reply_content": "\u4eba\u9593\u8655\u8655\u6709\u6eab\u60c5 \u61c2\u5f97\u611f\u6069\u7684\u4eba\u662f\u4e16\u754c\u4e0a\u6700\u5e78\u798f\u7684\u4eba",
            "likeCount": 0
        }
    ]
}