{
    "video_info": {
        "id": "HNC-F9MfrII",
        "channelTitle": "\u597d\u68d2Bump",
        "title": "\u5927\u99ac\u7db2\u53cb\u6b20\u4e0b50\u842c\u8ced\u50b5\uff01\u5bb6\u4eba\u906d\u5230\u6050\u5687\uff01\u8acb\u6211\u5e6b\u5fd9\u8655\u7406\uff01\u3010\u597d\u68d2Bump\u3011",
        "description": "\u6bcf\u5929\u7684IG\u90fd\u6703\u6536\u5230\u975e\u5e38\u591a\u9019\u7a2e\u79c1\u8a0a\uff0c\u771f\u662f\u9047\u5230\u4e86\u4e0d\u5e6b\u5fd9\u53c8\u89ba\u5f97\u4f60\u5011\u5f88\u53ef\u6190\uff0c\u5e6b\u4e86\u7d66\u6211\u6d88\u5931\u53c8\u5f88\u53ef\u60e1\uff0c\u771f\u7684\u5f88\u5169\u96e3\ud83d\ude13\n\n#\u7db2\u53cb\u6c42\u6551 #\u8ced\u9322\u6b20\u50b5 #\u5225\u518d\u505a\u767c\u8ca1\u5922\u4e86\n--------------------------------------------------------- \r\n\u4e0a\u4e00\u90e8\u5f71\u7247\u628a\u7db2\u7d05\u7684\u6c57\u63d0\u7149\u51fa\u9e7d\u5df4\uff01\u653e\u5230\u7db2\u4e0a\u7af6\u6a19\u62cd\u8ce3\uff01\u3010\u597d\u68d2Bump\u3011\u3010\u6c57\u6c34\u934a\u91d1\u8853\u3011https://youtu.be/4MDIl4e6a40\n\r\n\u8001\u5b50\u7684IG\uff1ahttps://bit.ly/2JqmmIq\r\n\u8001\u5b50\u7684FB\uff1ahttps://bit.ly/2s3pwwb",
        "likeCount": "26869",
        "commentCount": "2211",
        "viewCount": "1531822"
    },
    "comments": [
        {
            "reply_id": "UgwynHfpin4MZgPUQpZ4AaABAg",
            "reply_content": "\u662f\u8fd9\u79cd\u7ec4\u592a\u591a\u8b66\u5bdf\u5904\u7406\u4e0d\u5b8c",
            "likeCount": 1
        },
        {
            "reply_id": "UgyKkLCJkA5ww5KX9iZ4AaABAg",
            "reply_content": "\u6211\u4e5f\u662f\u751f\u6d3b\u5728\u9a6c\u6765\u897f\u4e9a \u4ece\u6765\u6ca1\u60f3\u8fc7\u9a6c\u6765\u897f\u4e9a\u6709\u8fd9\u6837\u4e00\u9762",
            "likeCount": 1
        },
        {
            "reply_id": "UgyPqrpCMm_jDQOKhTl4AaABAg",
            "reply_content": "\u6b3d\u4f69\u4f60\u7238",
            "likeCount": 0
        },
        {
            "reply_id": "UgyzSk2rcnEOY4PKtP94AaABAg",
            "reply_content": "\u6709\u6c92\u6709\u4e00\u7a2e\u53ef\u80fd\u4eba\u5df2\u7d93\u88ab\u7d81\u4e86",
            "likeCount": 0
        },
        {
            "reply_id": "Ugzb5oRsDjPaIOMSTLd4AaABAg",
            "reply_content": "\u6240\u4ee5\u4e0d\u8981\u8d4c\u535a\u662f\u6700\u597d",
            "likeCount": 0
        },
        {
            "reply_id": "UgxwztobUcebr5_Iasd4AaABAg",
            "reply_content": "\u54ed\u54ed\u60f3\u8ced\u535a\u624d\u767c\u73fe\u53e3\u888b\u6c92\u6709\u9322",
            "likeCount": 0
        },
        {
            "reply_id": "UgzPyeVir4wjEaot9MV4AaABAg",
            "reply_content": "\u5176\u5b9e\u86ee\u591a\u7684\u5927\u8033\u7abf\u6b20\u94b1\u7684\u90fd\u662f\u627e\u8bae\u5458\u5e2e\u52a9\u7684",
            "likeCount": 0
        },
        {
            "reply_id": "UgxfGhDT8mhmLh9ksb14AaABAg",
            "reply_content": "\u86cb\u5854\u597d\u597d\u7b11",
            "likeCount": 0
        },
        {
            "reply_id": "UgymWJgBD-erQhqoMEF4AaABAg",
            "reply_content": "\u99ac\u4f86\u9ed1\u793e\u6703\u7b97\u4ec0\u9ebc\uff0c\u53f0\u7063\u9ed1\u8272\u6703\u624d\u662f\u771f\u6b63\u7684\u5c4c",
            "likeCount": 0
        },
        {
            "reply_id": "UgwDKGg-IhWU9gDvj2F4AaABAg",
            "reply_content": "\u8ced\u535a\u5c31\u662f\u6d3b\u8a72",
            "likeCount": 0
        },
        {
            "reply_id": "UgzKZkA3ntLGpOs9J-d4AaABAg",
            "reply_content": "\u6211\u76f8\u4fe1\u4f60\u7238\u7238\u6b64\u751f\u6700\u5927\u7684\u9a55\u50b2\u5c31\u662f\u6709\u4f60\u9019\u500b\u5152\u5b50",
            "likeCount": 0
        },
        {
            "reply_id": "UgwiDzfI8iUZiwv9SgZ4AaABAg",
            "reply_content": "\u53ef\u4ee5\u8ddf\u4f60\u52a0\u8cf4\u55ce",
            "likeCount": 0
        },
        {
            "reply_id": "UgxToMcZiXj9Dmkvc0t4AaABAg",
            "reply_content": "\u4f60\u771f\u7684\u597d\u68d2",
            "likeCount": 0
        },
        {
            "reply_id": "UgxDsOki9ofhBF9U1Ux4AaABAg",
            "reply_content": "\u4f60\u771f\u7684\u5f88\u68d2",
            "likeCount": 0
        },
        {
            "reply_id": "UgzM6gER97dgxxZ93C54AaABAg",
            "reply_content": "\u725b\u63b0",
            "likeCount": 0
        },
        {
            "reply_id": "UgzagqfiI317jUEbHqV4AaABAg",
            "reply_content": "\u5e79\u5f88\u597d\u7b11",
            "likeCount": 0
        },
        {
            "reply_id": "UgzA77QoF6-WVdo8MhR4AaABAg",
            "reply_content": "\u611f\u89ba\u9019\u500b\u4eba\u53ef\u80fd\u9047\u5230\u4e8b\u60c5",
            "likeCount": 0
        },
        {
            "reply_id": "UgykCTCgbPtPHLhijkJ4AaABAg",
            "reply_content": "\u545c\u545c",
            "likeCount": 0
        },
        {
            "reply_id": "UgxoeiJ5vLLdrUy7Y3F4AaABAg",
            "reply_content": "\u5c0d\u8a71\u771f\u7684\u8d85\u597d\u7b11",
            "likeCount": 0
        },
        {
            "reply_id": "UgzMgyT2g496w7TyJP14AaABAg",
            "reply_content": "\u5f88\u731b\u6b38\u9019\u6a23\u505a",
            "likeCount": 0
        },
        {
            "reply_id": "Ugw2Buw2jVWpSdcoLVl4AaABAg",
            "reply_content": "\u8fd9\u79cd\u4e8b\u5728\u9a6c\u6765\u897f\u4e9a\u627e\u5356\u82b1\u515a\u5f20\u8001\u7237\u5c31\u53ef\u4ee5\u4e86\u3002",
            "likeCount": 0
        },
        {
            "reply_id": "UgzfhQdTHEMwAsq8yDx4AaABAg",
            "reply_content": "\u9019\u793e\u6703\u9700\u8981\u4f60\u9019\u7a2e\u71b1\u5fc3\u5e6b\u52a9\u4eba\u7684\u4eba",
            "likeCount": 6
        },
        {
            "reply_id": "UgzELNcWbgi3YKwZ4CV4AaABAg",
            "reply_content": "\u4f60\u4eba\u5f88\u597d",
            "likeCount": 1
        },
        {
            "reply_id": "Ugz2Ig3NUyzFsNVxfwF4AaABAg",
            "reply_content": "\u5e0c\u671b\u4f60\u7684\u5584\u826f\u4e0d\u6703\u88ab\u6709\u5fc3\u4eba\u5229\u7528\uff0c\u81ea\u8eab\u5b89\u5168\u4e5f\u8981\u5c0f\u5fc3",
            "likeCount": 1
        },
        {
            "reply_id": "UgzN8VmKV0oNJy5n26t4AaABAg",
            "reply_content": "\u4f60\u670b\u53cb\u53ea\u662f\u60f3\u4f60\u5e6b\u4ed6\u9084\u9322",
            "likeCount": 1
        }
    ]
}