{
    "video_info": {
        "id": "HVJoD1O11AY",
        "channelTitle": "\u597d\u68d2Bump",
        "title": "\u627e\u4e00\u7fa489\u5f1f\u5144\u8a2d\u5c40\u4ed9\u4eba\u8df3\uff01\u60e1\u6574\u611b\u4e82\u7d04\u8dd1\u7684\u670b\u53cb\uff01\u3010\u597d\u68d2Bump\u3011",
        "description": "\u96d6\u7136\u9019\u53ea\u662f\u6211\u7684\u4e00\u500b\u73a9\u7b11\uff0c\u4f46\u5e0c\u671b\u5927\u5bb6\u80fd\u770b\u5f97\u51fa\u4f86\uff0c\u7db2\u8def\u4ea4\u53cb\u7684\u5371\u96aa\u5728\u54ea\uff0c\u9019\u4e16\u754c\u5230\u8655\u90fd\u662f\u5c0d\u4f60\u6709\u6240\u5716\u7684\u4eba\uff0c\u5982\u679c\u4e0d\u61c2\u5f97\u4fdd\u8b77\u81ea\u5df1\uff0c\u9072\u65e9\u6703\u53d7\u5230\u5927\u50b7\u5bb3\u3002\n\n#\u60e1\u6574\u670b\u53cb #\u8a2d\u5c40\u4ed9\u4eba\u8df3 #\u9019\u771f\u7684\u6703\u8b93\u6211\u7b11\u597d\u5e7e\u5e74\n--------------------------------------------------------- \n\u4e0a\u4e00\u90e8\u5f71\u7247 \u77e5\u540d\u7db2\u7d05\u7528NFT\u9a19\u7c89\u7d72\u7684\u9322\uff01\u4e8b\u5f8c\u4e00\u53e5\u300c\u6211\u4e5f\u53d7\u50b7\u5f88\u91cd\u300d\u5c31\u60f3\u514d\u8cac\uff01\uff1f\u5641\u5fc3\u81f3\u6975\u3010\u597d\u68d2Bump\u3011 https://youtu.be/8s2Ri2nGlZs\n\n\u8001\u5b50\u7684IG\uff1ahttps://bit.ly/2JqmmIq\n\u8001\u5b50\u7684FB\uff1ahttps://bit.ly/2s3pwwb",
        "likeCount": "26018",
        "commentCount": "1398",
        "viewCount": "1236684"
    },
    "comments": [
        {
            "reply_id": "UgxxjOxdCQFu2GdypsN4AaABAg",
            "reply_content": "\u770b\u4ed6\u7684\u53cd\u61c9\u5c31\u77e5\u9053\u4ed6\u4e0d\u6703\u6539\u7684",
            "likeCount": 2
        },
        {
            "reply_id": "Ugz_Rfbbvjfc8hEjpuV4AaABAg",
            "reply_content": "\u770b\u5c01\u9762\u9084\u4ee5\u70ba\u662f\u86c7\u4e38",
            "likeCount": 1
        },
        {
            "reply_id": "Ugz2h0qsdl5UskqPISB4AaABAg",
            "reply_content": "\u770b\u8457\u770b\u8457\u6211\u5c31\u6d41\u6dda\u4e86",
            "likeCount": 1
        },
        {
            "reply_id": "Ugwb1n97LtB7V3Ftn-Z4AaABAg",
            "reply_content": "\u697c\u4e3b\u771f\u7684\u662f\u9002\u5408\u5f53\u8001\u5927\u7684\u4eba",
            "likeCount": 0
        },
        {
            "reply_id": "UgzL7DlD1wTP0eVtEil4AaABAg",
            "reply_content": "\u8208\u596e\u9084\u662f\u6027\u596e",
            "likeCount": 0
        },
        {
            "reply_id": "Ugz36JIYX54d67uFIKl4AaABAg",
            "reply_content": "\u4e0d\u8981\u5728\u98ef\u5e97\u623f\u9593\u62bd\u7159\u5427",
            "likeCount": 0
        },
        {
            "reply_id": "Ugx8pzz3XMlAOiWfkYN4AaABAg",
            "reply_content": "\u53f0\u6e7e\u5973\u751f\u597d\u68d2",
            "likeCount": 0
        },
        {
            "reply_id": "UgxRibEWuulhDzwibrN4AaABAg",
            "reply_content": "\u53e4\u60d1\u4ed4",
            "likeCount": 0
        },
        {
            "reply_id": "Ugwyytv3DJ-I8j2DZ754AaABAg",
            "reply_content": "\u597d\u4eba",
            "likeCount": 0
        },
        {
            "reply_id": "Ugx4jxdmFG9L7woRE-N4AaABAg",
            "reply_content": "\u4ed6\u597d\u50cf\u8000\u6a02",
            "likeCount": 0
        },
        {
            "reply_id": "Ugz-ZHg6_Zl6KXV2Jwx4AaABAg",
            "reply_content": "\u597d\u5144\u5f1f",
            "likeCount": 0
        },
        {
            "reply_id": "Ugy6s8UDeDn52Fxp6Rx4AaABAg",
            "reply_content": "\u592a\u5feb\u9032\u53bb\u4e86\u5566\u5927\u54e5\u90fd\u5165\u6232\u4e86\u9084\u60f3\u770b\u66f4\u591a\u7684\u8aaa\ud83d\ude22",
            "likeCount": 0
        },
        {
            "reply_id": "UgzOQc--JRGJPTTiAsR4AaABAg",
            "reply_content": "\u6211\u624d\u4e0d\u6703\u52d2",
            "likeCount": 0
        },
        {
            "reply_id": "UgxneIh8iLUnbOAGHxN4AaABAg",
            "reply_content": "\u8acb\u554f\u90a3\u500b\u9762\u5177\u54ea\u88e1\u8cb7\u7684\u554a",
            "likeCount": 0
        },
        {
            "reply_id": "Ugy3WDOQrJSIn85rEzp4AaABAg",
            "reply_content": "\u90a3\u500b\u80cc\u666f\u97f3\u6a02\u5b8c\u5168\u6c92\u6709\u88ab\u4ed9\u4eba\u8df3\u7684\u611f\u89ba \u54c8\u54c8\u54c8\u7b11\u6b7b",
            "likeCount": 0
        },
        {
            "reply_id": "UgyRuohhNBnIcBsKY3l4AaABAg",
            "reply_content": "\u611f\u89ba\u9084\u4e0d\u5920\u72e0\uff0c\u8981\u771f\u7684\u8f09\u53bb\u5c71\u4e0a\u4ed6\u624d\u6703\u6015\u5566\u54c8\u54c8",
            "likeCount": 0
        },
        {
            "reply_id": "UgwJPhJIwKHymWGGoI14AaABAg",
            "reply_content": "\u4e0d\u7528\u6551\u9019\u7a2e\u5ee2\u7269",
            "likeCount": 0
        },
        {
            "reply_id": "UgxV806kuBGN0Q9z8cR4AaABAg",
            "reply_content": "\u6211\u9047\u5230\u5169\u6b21\u7b2c\u4e00\u6b21\u662f\u6211\u53d4\u53d4\u8ddf\u5c0d\u65b9\u8aaa\u7b2c\u4e8c\u6b21\u53bb\u5e74\u6211\u76f4\u63a5\u627e\u8b66\u5bdf",
            "likeCount": 0
        },
        {
            "reply_id": "Ugyw5d1Teym02m_wxkt4AaABAg",
            "reply_content": "\u967d\u597d\u50cf\u5916\u52de",
            "likeCount": 0
        },
        {
            "reply_id": "UgxrtfAnf9901_Paq814AaABAg",
            "reply_content": "\u592a\u5047\u4e86",
            "likeCount": 0
        },
        {
            "reply_id": "UgyFhT2SI_QhdeYCGc94AaABAg",
            "reply_content": "\u54c8\u54c8\u54c8",
            "likeCount": 0
        },
        {
            "reply_id": "Ugx71DlItJLKzy8CX4V4AaABAg",
            "reply_content": "\u739f\u9716\u8036",
            "likeCount": 0
        },
        {
            "reply_id": "UgxVVLbdh2_aTbkHEed4AaABAg",
            "reply_content": "\u9019\u7d04\u7684\u7a0b\u5ea6\u4e0d\u662f\u666e\u901a\u8a87\u5f35",
            "likeCount": 0
        },
        {
            "reply_id": "UgxWPS9mqsqBLkM4fcZ4AaABAg",
            "reply_content": "\u92ea\u9673\u4e0d\u5920\u4e45\u5566",
            "likeCount": 0
        },
        {
            "reply_id": "UgyizDhwexEPa3QVb614AaABAg",
            "reply_content": "\u7247\u5e2b\u53ef\u4ee5\u51fa\u6559\u5b78\u55ce",
            "likeCount": 0
        }
    ]
}