{
    "video_info": {
        "id": "i5-oRqewonE",
        "channelTitle": "\u597d\u68d2Bump",
        "title": "\u983b\u9053\u62c6\u5925\uff01\u7015\u81e8\u7834\u7522\uff01\u7f79\u60a3\u6182\u9b31\u75c7\uff01\u516c\u958b\u90a3\u4e9b\u87a2\u5e55\u80cc\u5f8c\u7684\u771f\u76f8\u3010\u597d\u68d2Bump\u3011",
        "description": "\u4eca\u5929\u4f86\u804a\u804a\u9019\u5169\u5e74\u4f86\u7684\u5fc3\u8def\u6b77\u7a0b\uff0c\u5e0c\u671b\u80fd\u8b93\u5927\u5bb6\u66f4\u7406\u89e3\u81ea\u5a92\u9ad4\u7684\u80cc\u5f8c\uff0c\u6709\u591a\u5c11\u8f9b\u9178\u8840\u6dda\u3002\n\n#\u53f0\u5317\u4e2d\u5c71\u6276\u8f2a\u793e #\u516c\u76ca\u6f14\u8aaa #\u983b\u9053\u8d77\u6e90\n\n\u6210\u70ba\u9019\u500b\u983b\u9053\u7684\u6703\u54e1\u4e26\u7372\u5f97\u734e\u52f5\uff1a\nhttps://www.youtube.com/channel/UC7XxnhjdYjiQJ3m80K_N_4g/join\n\n--------------------------------------------------------- \r\n\u4e0a\u4e00\u90e8\u5f71\u7247 \u6211\u7684\u8c93\u8d70\u4e1f\u4e86\uff01\u5728\u82b1\u5712\u8a2d\u7f6e\u6355\u6293\u9677\u9631\uff01\u7adf\u6293\u5230\u4e00\u5806\u5947\u602a\u751f\u7269\uff01\u3010\u597d\u68d2Bump\u3011https://www.youtube.com/watch?v=ex6ksouYDlo&t=132s\n\r\n\u8001\u5b50\u7684IG\uff1ahttps://bit.ly/2JqmmIq\r\n\u8001\u5b50\u7684FB\uff1ahttps://bit.ly/2s3pwwb",
        "likeCount": "29482",
        "commentCount": "1560",
        "viewCount": "1216614"
    },
    "comments": [
        {
            "reply_id": "UgyIUoakwj1qtLkG5QF4AaABAg",
            "reply_content": "\u91cd\u8907\u770b\u4e86\u597d\u591a\u6b21",
            "likeCount": 1
        },
        {
            "reply_id": "Ugx5rKmaG_CgPxqRql14AaABAg",
            "reply_content": "\u5148\u611f\u8b1d\u9019\u90e8\u6f14\u8b1b",
            "likeCount": 1
        },
        {
            "reply_id": "UgzpSIyPDcdjG_FEhJF4AaABAg",
            "reply_content": "\u88ab\u4f60\u611f\u52d5\u4e86",
            "likeCount": 1
        },
        {
            "reply_id": "Ugylh9mIK82pMqdSNUJ4AaABAg",
            "reply_content": "\u592a\u611f\u52d5\u4e86\u6211\u7684\u5929\u554a",
            "likeCount": 1
        },
        {
            "reply_id": "UgxNzFH9ioCr6HO45W94AaABAg",
            "reply_content": "\u8b1b\u7684\u6211\u5f88\u611f\u52d5\uff0c\u6211\u4e5f\u6642\u5e38\u8a8d\u70ba\u81ea\u5df1\u662f\u4e00\u500b\u5f88\u6c92\u6709\u50f9\u503c\u7684\u4eba",
            "likeCount": 0
        },
        {
            "reply_id": "UgzSZnYYzM18WdZLb_V4AaABAg",
            "reply_content": "\u96d6\u7136\u6c92\u6709\u5728\u4f60\u4e00\u5275\u5efa\u983b\u9053\u5c31\u652f\u6301\u4f60\n\u4f46\u662f\u5728\u6211\u4e00\u8a8d\u8b58\u4f60\u5c31\u652f\u6301\u4f60\n\u4e5f\u8b1d\u8b1d\u4f60\u5e36\u7d66\u6211\u9019\u9ebc\u591a\u555f\u767c",
            "likeCount": 0
        },
        {
            "reply_id": "UgxIZoVdDVoRMUYWDlp4AaABAg",
            "reply_content": "\u52a0\u6cb9",
            "likeCount": 0
        },
        {
            "reply_id": "UgzSvjVeYP4dNYTG9594AaABAg",
            "reply_content": "\u5ec1\u6240\u5b88\u8b77\u795e",
            "likeCount": 0
        },
        {
            "reply_id": "UgxqSHc1hX9AXzllxhZ4AaABAg",
            "reply_content": "\u4e09\u5341\u5206\u56db\u5341\u516b",
            "likeCount": 0
        },
        {
            "reply_id": "UgycaK5cdYC_W6_nxop4AaABAg",
            "reply_content": "\u76ee\u76ee\u76ee",
            "likeCount": 0
        },
        {
            "reply_id": "UgyLCjX_z-AdR4crlul4AaABAg",
            "reply_content": "\u52a0\u6cb9",
            "likeCount": 0
        },
        {
            "reply_id": "UgwMs22ElxVZEWfO7eB4AaABAg",
            "reply_content": "\u4efb\u4f55\u5931\u6557\u90fd\u662f\u901a\u5f80\u6210\u529f\u7684\u597d\u98df\u7ce7 \u4f60\u6700\u8fd1\u7684\u5f71\u7247\u771f\u7684\u5145\u6eff\u6eff\u6eff\u6b63\u80fd\u91cf \u4e5f\u8b93\u6211\u611f\u89ba\u5230\u793e\u6703\u67d0\u8655\u9084\u662f\u6709\u6eab\u6696\u7684\u967d\u5149",
            "likeCount": 8
        },
        {
            "reply_id": "UgwldpypqGEKWNGK4V54AaABAg",
            "reply_content": "\u9019\u6b21\u662f\u88ab\u7838\u522e\u9b0d\u6d3e\u4e0b\u6b21\u5c31\u53ef\u80fd\u662f\u88ab\u62b9\u8116\u5b50",
            "likeCount": 1
        },
        {
            "reply_id": "UgxjWKNtv7mB4BvSYQd4AaABAg",
            "reply_content": "\u9ede\u4e0b\u5927\u5927\u7684\u559c\u6b61",
            "likeCount": 1
        },
        {
            "reply_id": "UgzZAXO8zKnaxUgBuOB4AaABAg",
            "reply_content": "\u6709\u6fc0\u52f5\u5230\u6211",
            "likeCount": 0
        },
        {
            "reply_id": "UgzBquhv4R_9yQhqYmx4AaABAg",
            "reply_content": "",
            "likeCount": 0
        },
        {
            "reply_id": "UgwttoZhK3hst7io80p4AaABAg",
            "reply_content": "\u8b1d\u8b1d\u4f60\u7684\u4ed8\u51fa\u9084\u6709\u5206\u4eab",
            "likeCount": 0
        },
        {
            "reply_id": "UgxH_RC-syWqGrpQcI54AaABAg",
            "reply_content": "\u5e6b\u52a9\u5225\u4eba\u5c31\u662f\u5e6b\u52a9\u81ea\u5df1",
            "likeCount": 0
        },
        {
            "reply_id": "UgwMZf6XRWpYfHCTA5R4AaABAg",
            "reply_content": "\u611b\u4f60",
            "likeCount": 0
        },
        {
            "reply_id": "Ugz83idkkbf1PO4n3Up4AaABAg",
            "reply_content": "\u597d\u68d2",
            "likeCount": 0
        },
        {
            "reply_id": "UgzfXgbRrvNK3ANwqlx4AaABAg",
            "reply_content": "\u6bcf\u6b21\u53ea\u8981\u4f4e\u6f6e\u7684\u6642\u5019\u5c31\u6703\u9ede\u958b\u9019\u652f\u5f71\u7247\n\u9ad4\u9192\u81ea\u5df1\u9084\u6709\u4eba\u5728\u70ba\u4e86\u5927\u5bb6\u52aa\u529b\n\u6211\u597d\u50cf\u61c9\u8a72\u66f4\u70ba\u81ea\u5df1\u52aa\u529b\u4e00\u9ede",
            "likeCount": 0
        },
        {
            "reply_id": "UgyPjNz3sRJ3zseIHu94AaABAg",
            "reply_content": "\u884c\u5584\u4e8b\u6700\u4e0d\u5bb9\u6613\u7684\u5730\u65b9\u5c31\u662f\u8981\u505a\u7684\u5713\u6eff",
            "likeCount": 0
        },
        {
            "reply_id": "UgybmrXJbPMItagYRyh4AaABAg",
            "reply_content": "\u90a3\u500b\u62ec\u9b0d\u6d3e\u6211\u7b11\u5230\u4e00\u500b\u4e0d\u884c",
            "likeCount": 0
        },
        {
            "reply_id": "Ugzw9L7PTbWV1Rt7fYx4AaABAg",
            "reply_content": "\u770b\u4e00\u6b21\u6539\u8b8a\u4f60\u7684\u4eba\u751f",
            "likeCount": 0
        },
        {
            "reply_id": "UgxPWXTN12Qpvn0Bdp94AaABAg",
            "reply_content": "\u597d\u50cf\u5f88\u68d2",
            "likeCount": 0
        }
    ]
}