{
    "video_info": {
        "id": "ie5a5YWU7cg",
        "channelTitle": "\u597d\u68d2Bump",
        "title": "\u2018\u2019\u8ffd\u56de\u88ab\u9a19\u7684\u9322\u2018\u2019 \u5168\u662f\u8a50\u9a19\uff01\u6211\u89aa\u81ea\u82b112\u842c\u88ab\u9a19\u7d66\u4f60\u5011\u770b\uff01\u3010\u597d\u68d2Bump\u3011\u3010\u8a50\u9a19\u89e3\u78bc\u3011",
        "description": "\u9019\u4e00\u6b21\u66ff\u5927\u5bb6\u89e3\u78bc\u7684\u662f\uff0c\u4e8c\u6b21\u8a50\u9a19\u624b\u6cd5\u8ffd\u56de\u91d1\u6d41\uff0c\u5e0c\u671b\u5927\u5bb6\u770b\u5b8c\uff0c\u5225\u518d\u50bb\u50bb\u7684\u7d66\u4eba\u9a19\u4e86\u3002\n\n#\u8a50\u9a19\u89e3\u78bc #\u8ffd\u56de\u91d1\u6d41 #\u9ea5\u64f1\u9a19\u554a\n--------------------------------------------------------- \r\n\u4e0a\u4e00\u90e8\u5f71\u7247 \u6211\u505a\u570b\u969b\u6551\u63f4\u537b\u88ab\u62b9\u9ed1\uff01\u600e\u6a23\uff1f\u4f60\u5916\u4ea4\u90e8\u662f\u6c92\u4eba\u7ba1\u4e86\u662f\u4e0d\u662f\uff1f\u3010\u597d\u68d2Bump\u3011https://youtu.be/EongC9Lxk0E\r\n\r\n\u8001\u5b50\u7684IG\uff1ahttps://bit.ly/2JqmmIq\r\n\u8001\u5b50\u7684FB\uff1ahttps://bit.ly/2s3pwwb",
        "likeCount": "37132",
        "commentCount": "2265",
        "viewCount": "1098747"
    },
    "comments": [
        {
            "reply_id": "Ugy9vhqmInl1SFkg7YV4AaABAg",
            "reply_content": "\u597d\u68d2\u68d2",
            "likeCount": 1
        },
        {
            "reply_id": "UgzzNBnkueX1SxK9KtV4AaABAg",
            "reply_content": "\u5f88\u591a\u9ad8\u98a8\u96aa\u8ce3\u5834\u7684\u696d\u8005\u7e7c\u7e8c\u7121\u8996\u6c92\u95dc\u4fc2",
            "likeCount": 1
        },
        {
            "reply_id": "UgwzOSjJ10kYRLFzoIR4AaABAg",
            "reply_content": "\u6ef7\u8089\u98ef\u7684\u90e8\u5206\u6211\u4e0d\u76f8\u4fe1",
            "likeCount": 0
        },
        {
            "reply_id": "Ugwh1PLtXDPqWQxrirh4AaABAg",
            "reply_content": "\u771f\u5fc3\u89ba\u5f97\u88ab\u9a19\u90fd\u662f\u611a\u8822\u7684 \u6211\u5f9e\u4f86\u6c92\u6709\u88ab\u8a50\u9a19\u96c6\u5718\u9a19\u904e",
            "likeCount": 0
        },
        {
            "reply_id": "UgxGAfLnKfIdWphPDOp4AaABAg",
            "reply_content": "\u8acb\u554f\u5982\u679c\u6211\u5df2\u7d93\u7d66\u90a3\u500b\u99ed\u5ba2\u8cc7\u6599\u4e86\u600e\u9ebc\u8fa6",
            "likeCount": 0
        },
        {
            "reply_id": "Ugxkrza-xpeLXontuaV4AaABAg",
            "reply_content": "\u6c5f\u5357\u5e73\u53f0\u62db\u4ee3\u7406\u9876\u7ea7\u6276\u6301",
            "likeCount": 0
        },
        {
            "reply_id": "UgyqAwXzfodnWne6EPl4AaABAg",
            "reply_content": "\u6211\u5dee\u4e00\u70b9\u88ab\u79f0\u4f5c\u662f\u9ed1\u5ba2\u7684\u4eba\u88ab\u9a97\u4e86",
            "likeCount": 0
        },
        {
            "reply_id": "UgwuaofxM7AQEflFwPN4AaABAg",
            "reply_content": "\u611f\u8b1d\u60a8\u7684\u5206\u4eab",
            "likeCount": 0
        },
        {
            "reply_id": "UgxQXCpuRh3zEQddUDR4AaABAg",
            "reply_content": "\u6211\u6703\u4e00\u76f4\u9ed8\u9ed8\u7684\u652f\u6301\u4f60",
            "likeCount": 0
        },
        {
            "reply_id": "UgyUpybk_NjIBLxUkkV4AaABAg",
            "reply_content": "\u4f60\u536b\u751f\u95f4\u6ca1\u7eb8\u4e86",
            "likeCount": 0
        },
        {
            "reply_id": "UgzXwJ0kmLVZImsgiJx4AaABAg",
            "reply_content": "\u72a7\u7272\u597d\u5927",
            "likeCount": 0
        },
        {
            "reply_id": "Ugwcfc8HlgQmBeuJiVd4AaABAg",
            "reply_content": "\u4f60\u4e00\u5b9a\u4e0d\u6703\u4e0b\u5730\u7344\u5427\u9858\u610f\u4ed8\u9019\u9ebc\u591a\u9322",
            "likeCount": 0
        },
        {
            "reply_id": "UgzCM5u5ywy65IlSYPB4AaABAg",
            "reply_content": "\u6709\u5fc5\u8981\u62cd\u7247\u5230\u6700\u5f8c\u5b8c\u6574\u8a50\u9a19\u55ce",
            "likeCount": 0
        },
        {
            "reply_id": "Ugy4iOThqHFt8HGAQsZ4AaABAg",
            "reply_content": "\u5927\u5bb6\u5343\u842c\u5225\u76f8\u4fe1\u9019\u500b\u8a50\u9a19\u8a0a\u606f\u554a",
            "likeCount": 0
        },
        {
            "reply_id": "UgwmKjYmOExplxndyUp4AaABAg",
            "reply_content": "\u6211\u4e0d\u4e86\u89e3\u70ba\u4f55\u4f60\u90fd\u559c\u6b61\u5728\u5ec1\u6240\u88e1\u62cd\u7247",
            "likeCount": 0
        },
        {
            "reply_id": "UgyIj_VKFYkI7ZAwrDl4AaABAg",
            "reply_content": "\u679c\u7136\u6c11\u98ce\u6df3\u6734",
            "likeCount": 0
        },
        {
            "reply_id": "Ugwmj-3iV0jIP5m_NkN4AaABAg",
            "reply_content": "\u8b9a",
            "likeCount": 0
        },
        {
            "reply_id": "UgzRiwxNKchRI_wvJct4AaABAg",
            "reply_content": "\u597d\u4eba\u4e00\u751f\u5e73\u5b89",
            "likeCount": 1
        },
        {
            "reply_id": "UgyvdlxqPQyM_pVbP_N4AaABAg",
            "reply_content": "\u771f\u5fc3\u5e0c\u671b\u4f60\u80fd\u51fa\u4f86\u9078\u7acb\u59d4",
            "likeCount": 1
        },
        {
            "reply_id": "Ugw6xgeGnuqnWpWfqXB4AaABAg",
            "reply_content": "\u6211\u662f\u9a6c\u6765\u897f\u4e9a\u7684\u89c2\u4f17\uff0c\u771f\u7684\u662f\u5f88\u652f\u6301\u4f60\u7684\u505a\u6cd5\u5f88\u4f69\u670d\u4f60\u8fd9\u4e2a\u4eba",
            "likeCount": 1
        },
        {
            "reply_id": "UgyXnd5Fvwd_rOsE1FF4AaABAg",
            "reply_content": "\u4e4b\u524d\u6709\u770b\u5f71\u7247\u53ef\u4ee51\u5143\u8f49\u5e33\u8b93\u5c0d\u65b9\u4eba\u982d\u6236\u8b8a\u6210\u8b66\u793a\u6236",
            "likeCount": 1
        },
        {
            "reply_id": "UgwFEEHDi3Tgkv1JsZ94AaABAg",
            "reply_content": "\u4e00\u7897\u9b6f\u8089\u98ef\u90fd\u4e0d\u5920\u6211\u5403",
            "likeCount": 0
        },
        {
            "reply_id": "UgyIOFV2XGz9iXbdlYB4AaABAg",
            "reply_content": "\u611f\u8b1d\u60a8",
            "likeCount": 0
        },
        {
            "reply_id": "UgwQRXUt69fC2_IDxpt4AaABAg",
            "reply_content": "\u5927\u5bb6\u5408\u529b\u6253\u7834\u8a50\u9a19\u96c6\u5718\u7684\u9670\u8b00\u5f97\u901e\u8a08\u756b",
            "likeCount": 0
        },
        {
            "reply_id": "UgzktDPtuDSMhEBAjIl4AaABAg",
            "reply_content": "\u9322\u771f\u7684\u5f88\u91cd\u8981\u7684\u8cbb\u7528",
            "likeCount": 0
        }
    ]
}