{
    "video_info": {
        "id": "Jl81lIySG7M",
        "channelTitle": "\u597d\u68d2Bump",
        "title": "\u7576SWAG\u5230\u5bb6\u88e1\u62cd\u7247\u6642\u7684\u934a\u91d1\u8853\uff01\u4e00\u5929\u5c31\u80fd\u8cfa5\u842c\uff01\u3010\u597d\u68d2Bump\u3011",
        "description": "SWAG\u662f\u5168\u4e16\u754c\u6700\u5927\u7684\u6436\u6a19\u5e73\u53f0\uff0c\u6436\u5230\u597d\u7684\u5973\u6027\u4eba\u985e\u5c31\u62ff\u53bb\u8f49\u8ce3\u8b8a\u73fe\uff0c\u99ac\u4e0a\u5957\u5229\uff0c\u8acb\u5927\u5bb6\u6536\u8d77\u5176\u4ed6\u5947\u5947\u602a\u602a\u7684\u60f3\u6cd5\u3002\n\n#\u7206\u523770\u842c\u9ede #\u8ce3\u6389\u7537\u4f34\u540d\u984d #\u723d\u8cfa5\u842c\uff01\n\n\u6210\u70ba\u9019\u500b\u983b\u9053\u7684\u6703\u54e1\u4e26\u7372\u5f97\u734e\u52f5\uff1a\nhttps://www.youtube.com/channel/UC7XxnhjdYjiQJ3m80K_N_4g/join\n\n--------------------------------------------------------- \r\n\u4e0a\u4e00\u90e8\u5f71\u7247 \u627e\u6700\u5012\u9709\u7684\u670b\u53cb\u73a9\u522e\u522e\u6a02\uff01\u9760\u8870\u904b\u522a\u9664\u6cd5\u76f4\u63a5\u4e2d\u5927\u734e\uff01\uff1f\u3010\u597d\u68d2Bump\u3011\u3010\u53cd\u6307\u6a19\u934a\u91d1\u8853\u3011https://youtu.be/epGDq7PkEEY\n\n\u8001\u5b50\u7684IG\uff1ahttps://bit.ly/2JqmmIq\r\n\u8001\u5b50\u7684FB\uff1ahttps://bit.ly/2s3pwwb",
        "likeCount": "15329",
        "commentCount": "652",
        "viewCount": "1721697"
    },
    "comments": [
        {
            "reply_id": "UgwbDHDGnAQmrI4MAN54AaABAg",
            "reply_content": "\u7a76\u7adf\u4f60\u5011\u5728\u623f\u9593\u662f\u505a\u4ec0\u9ebc\uff1f\u70ba\u4ec0\u9ebc\u51fa\u4f86\u7684\u6642\u5019\u770b\u4f60\u5011\u90fd\u5f88\u9ad8\u8208",
            "likeCount": 12
        },
        {
            "reply_id": "UgwVFvx78vM3Vq0-mNl4AaABAg",
            "reply_content": "\u6211\u89ba\u5f97\u4e09\u500b\u4eba\u4e00\u8d77\u5077\u770b\u9580\u7e2b\u90a3\u908a \u6211\u7b11\u51fa\u4f86\u4e86",
            "likeCount": 4
        },
        {
            "reply_id": "UgyjzSqyZzQaQcEEcCF4AaABAg",
            "reply_content": "\u9019\u6a23\u4e5f\u80fd\u62cd",
            "likeCount": 2
        },
        {
            "reply_id": "Ugy5x6740bCFwMGtZ-Z4AaABAg",
            "reply_content": "\u7247\u5c3e\u662f\u88ab\u69a8\u4e7e\u4e86\u55ce",
            "likeCount": 1
        },
        {
            "reply_id": "UgyHBe-DVoBRRSnnfnh4AaABAg",
            "reply_content": "\u7b11\u6b7b",
            "likeCount": 0
        },
        {
            "reply_id": "Ugz4UfftWS6pI9u7XBp4AaABAg",
            "reply_content": "\u55e8",
            "likeCount": 0
        },
        {
            "reply_id": "UgyZtF2hsv19o1s-kZl4AaABAg",
            "reply_content": "\u597d\u68d2\u4e0d\u662f\u79bb\u5a5a\u4e86\u5417\u5475\u5475\u5475",
            "likeCount": 0
        },
        {
            "reply_id": "UgyBJBSyBLPkede73Kh4AaABAg",
            "reply_content": "\u60f3\u8a66\u8a66\u770b",
            "likeCount": 0
        },
        {
            "reply_id": "UgwE8v-73dGH_4F9S-h4AaABAg",
            "reply_content": "\u54c8\u54c8\u54c8",
            "likeCount": 0
        },
        {
            "reply_id": "UgzOt_fXbS-3A33Y7wt4AaABAg",
            "reply_content": "\u54e1\u5de5\u624d\u85dd\u771f\u7684\u7b11\u7206",
            "likeCount": 0
        },
        {
            "reply_id": "UgyKDXqcW_1hVcXxTDN4AaABAg",
            "reply_content": "\u6c92\u5728\u5c37\u5c2c\u7684",
            "likeCount": 0
        },
        {
            "reply_id": "UgzB7CrqBW20IvbGYbp4AaABAg",
            "reply_content": "\u6211\u4e4b\u524d\u770b\u65b0\u805e\u817f\u53ef\u4ee5\u6295\u4fdd\n\u4e0d\u77e5\u9053\u90a3\u908a\u53ef\u4e0d\u53ef\u4ee5\u6295\u4fdd",
            "likeCount": 0
        },
        {
            "reply_id": "UgyKLgkwdfnfrhjBCdd4AaABAg",
            "reply_content": "\u4f18\u8d28\u554a",
            "likeCount": 0
        },
        {
            "reply_id": "UgyuRJ2ajurkkcvgbpl4AaABAg",
            "reply_content": "\u53ef\u53ef\u6f02\u4eae\u6b38",
            "likeCount": 0
        },
        {
            "reply_id": "Ugy86_tETben57au_RB4AaABAg",
            "reply_content": "\u5973\u540c\u4e8b\u627e\u5230\u4e86\u55ce",
            "likeCount": 0
        },
        {
            "reply_id": "UgxcoDhJkcgI5iBs-S94AaABAg",
            "reply_content": "\u4f60\u5011\u771f\u7684\u6709\u4eba\u8cbc\u9023\u7d50",
            "likeCount": 0
        },
        {
            "reply_id": "UgwX495eAoI05NqWbop4AaABAg",
            "reply_content": "\u597d\u50cf\u5b63\u5973",
            "likeCount": 0
        },
        {
            "reply_id": "UgyAvy6aVE_Tm0e8VaR4AaABAg",
            "reply_content": "\u7d04",
            "likeCount": 0
        },
        {
            "reply_id": "UgyR5SSDYv8UJOxZglB4AaABAg",
            "reply_content": "\u5e79\u70ba\u5565\u7576\u6642\u6c92\u6709\u6211\u554a",
            "likeCount": 0
        },
        {
            "reply_id": "UgygCNebOx4dSt8WSep4AaABAg",
            "reply_content": "\u53ef\u4e0d\u53ef\u4ee5\u770b\u4e0d\u8981\u6253\u78bc",
            "likeCount": 0
        },
        {
            "reply_id": "Ugy0cyCl4vvQdGrduSt4AaABAg",
            "reply_content": "\u70ba\u4ec0\u9ebc\u6253\u99ac\u8cfd\u514b",
            "likeCount": 0
        },
        {
            "reply_id": "UgxZf66HFbB5uVFJVyJ4AaABAg",
            "reply_content": "\u597d\u50cf\u54c1\u5b50",
            "likeCount": 0
        },
        {
            "reply_id": "Ugw6CAkxF_QTNRnZ_3l4AaABAg",
            "reply_content": "\u4e0d\u61c2\u5f97\u73cd\u60dc",
            "likeCount": 0
        },
        {
            "reply_id": "UgxQUh8xmXDnatSKbfh4AaABAg",
            "reply_content": "\u90a3\u500b\u5973\u90ce\u6211\u8a8d\u8b58",
            "likeCount": 0
        },
        {
            "reply_id": "UgwIGvaQ0ardVL_yL6h4AaABAg",
            "reply_content": "\u9019\u5973\u5b69\u5abd\u5abd\u8a72\u6709\u591a\u96e3\u904e",
            "likeCount": 5
        }
    ]
}