{
    "video_info": {
        "id": "kNaPRiB0enU",
        "channelTitle": "\u597d\u68d2Bump",
        "title": "\u51fa\u79df\u63d0\u6b3e\u5361\u88ab\u8edf\u798114\u5929\uff01\u5927\u5b78\u751f\u83ab\u540d\u80cc\u4e0b1000\u842c\u8ca0\u50b5\u2026 \u6210\u4e86\u8a50\u9a19\u5171\u72af\uff01\u3010\u597d\u68d2Bump\u3011\u3010\u8a50\u9a19\u89e3\u78bc\u3011",
        "description": "\u5168\u53f0\u7063\u6bcf\u500b\u6708\u67097000\u672c\u5e33\u6236\u88ab\u7528\u4f5c\u8a50\u9a19\u96c6\u5718\u4eba\u982d\u6236\uff0c\u5e7e\u5341\u5e74\u4e0b\u4f86\u53d7\u5bb3\u8005\u5df2\u7d2f\u7e3e\u767e\u842c\u6236\uff0c\u66f4\u4f7f\u8eca\u624b\u7684\u5e74\u9f61\u5c64\u4e0d\u65b7\u4e0b\u6ed1\uff0c\u4eca\u5929\u6211\u5011\u4f86\u597d\u597d\u89e3\u78bc\u9019\u500b\u554f\u984c\u3002\n\n#\u8a50\u9a19\u89e3\u78bc #\u4eba\u982d\u6236\u8207\u8eca\u624b #\u9ea5\u64f1\u9a19\u554a\n\n\u6210\u70ba\u9019\u500b\u983b\u9053\u7684\u6703\u54e1\u4e26\u7372\u5f97\u734e\u52f5\uff1a\nhttps://www.youtube.com/channel/UC7XxnhjdYjiQJ3m80K_N_4g/join\n\n--------------------------------------------------------- \r\n\u4e0a\u4e00\u90e8\u5f71\u7247\u3010\u8a50\u9a19\u89e3\u78bc\u3011\u627e\u5de5\u4f5c\u6158\u88ab\u4ef2\u4ecb\u8ce3\u5230\u675c\u62dc\uff01\u88ab\u8feb\u6210\u70ba\u8a50\u9a19\u96c6\u5718\u5e6b\u5147\uff01\u3010\u597d\u68d2Bump\u3011 https://youtu.be/zF9qe5IYDH8\r\n\r\n\u8001\u5b50\u7684IG\uff1ahttps://bit.ly/2JqmmIq\r\n\u8001\u5b50\u7684FB\uff1ahttps://bit.ly/2s3pwwb",
        "likeCount": "45186",
        "commentCount": "3502",
        "viewCount": "2002357"
    },
    "comments": [
        {
            "reply_id": "UgypXQcMbWKTFYdoeHN4AaABAg",
            "reply_content": "\u53f0\u7063\u61c9\u8a72\u8981\u6539\u6cd5\u5f8b\uff0c\u532f\u6b3e\u5230\u5225\u4eba\u7684\u5e33\u865f\u61c9\u8a72\u4e0d\u80fd\u63d0\u544a",
            "likeCount": 1
        },
        {
            "reply_id": "UgzYmb9YkmrbilyM82d4AaABAg",
            "reply_content": "\u4f60\u597d",
            "likeCount": 0
        },
        {
            "reply_id": "Ugw8DU9e9rU9R9hbfiN4AaABAg",
            "reply_content": "\u653f\u5e9c\u56e0\u8be5\u8ddf\u94f6\u884c\u5408\u4f5c\u9650\u989d\u8f6c\u5e10\u8fd9\u6837\u5c31\u4e0d\u4f1a\u6709\u53d7\u5bb3\u4eba\u5bb3\u6b7b\u4eba",
            "likeCount": 0
        },
        {
            "reply_id": "UgxcesVZBd__x5jF7gp4AaABAg",
            "reply_content": "\u4f60\u771f\u7684\u8d85\u597d\u89e3\u91ca\u5f88\u591a\u793e\u4f1a\u7684\u4e1c\u897f",
            "likeCount": 0
        },
        {
            "reply_id": "UgxBWRZGMzHK6OkeYj54AaABAg",
            "reply_content": "\u53ef\u662f\u4ea4\u6613\u8cb7\u8ce3\u88ab\u4e09\u65b9\u8a50\u9a19\u9019\u4ef6\u4e8b\u771f\u7684\u4e0d\u662f\u88ab\u5bb3\u4eba\u7684\u932f\uff0c\u9019\u6839\u672c\u9632\u4e0d\u614e\u9632\uff0c\u5728\u600e\u9ebc\u9a57\u8b49\u4e5f\u7121\u6cd5\u5b8c\u5168\u675c\u7d55",
            "likeCount": 0
        },
        {
            "reply_id": "Ugz5nEMA-EV8Q9lXtfF4AaABAg",
            "reply_content": "\u53f0\u7063\u7684\u53f8\u6cd5\u8b8a\u76f8\u6210\u70ba\u6aa2\u8a0e\u53d7\u5bb3\u8005\u52a9\u9577\u52a0\u5bb3\u4eba\u56c2\u5f35\u6c23\u7130\u3002",
            "likeCount": 0
        },
        {
            "reply_id": "UgwuftJ_igmE0NdTAsN4AaABAg",
            "reply_content": "\u76e3\u7344\u771f\u53ef\u6015",
            "likeCount": 0
        },
        {
            "reply_id": "UgzeGG3jbw4R1AsBUkt4AaABAg",
            "reply_content": "\u8b1d\u8b1d\u4f60",
            "likeCount": 0
        },
        {
            "reply_id": "Ugwc4pMryLtc4rzR6ZJ4AaABAg",
            "reply_content": "\u53f0\u7063\u7684\u53f8\u6cd5\u771f\u7684\u9760\u5317",
            "likeCount": 0
        },
        {
            "reply_id": "Ugwt_9QI3722FgPing14AaABAg",
            "reply_content": "\u65b0\u7684\u5e6b\u5e6b\u5fd9\u984c\u6750",
            "likeCount": 0
        },
        {
            "reply_id": "UgxO3LxgGy48h7vVt4B4AaABAg",
            "reply_content": "\u5982\u4f55\u806f\u7d61\u597d\u68d2\u68d2",
            "likeCount": 0
        },
        {
            "reply_id": "UgwjKrbDYnHl80kLMkx4AaABAg",
            "reply_content": "\u90a3\u9019\u6a23\u5c31\u4e5f\u6c92\u6709\u5bb6\u88e1\u4ee3\u5de5\u662f\u5b89\u5168\u7684\u4e86\uff0c\u4f46\u9019\u500b\u7f6a\u4e5f\u662f\u83ab\u540d\u5176\u5999",
            "likeCount": 0
        },
        {
            "reply_id": "UgxREShuz_YJyjxqheZ4AaABAg",
            "reply_content": "\u53ef\u4ee5\u628a\u5225\u7684\u8a50\u9a19\u96c6\u5718\u7684\u5e33\u865f\u4ea4\u7d66\u4ed6\u5011\u54e6",
            "likeCount": 0
        },
        {
            "reply_id": "Ugyv-wPZICUHi1qUhTt4AaABAg",
            "reply_content": "\u5f88\u50bb\u773c",
            "likeCount": 0
        },
        {
            "reply_id": "Ugyh98GqHqnr3cG_DHZ4AaABAg",
            "reply_content": "\u5bc4\u6574\u5957\u6700\u65b0\u751c\u5fc3\u5361\u904e\u53bb",
            "likeCount": 0
        },
        {
            "reply_id": "UgxTaBVutfZfj9KTa1x4AaABAg",
            "reply_content": "\u8d8a\u7f3a\u6025\u9322\u7684\u6642\u5019\u8d8a\u5bb9\u6613\u88ab\u9a19",
            "likeCount": 0
        },
        {
            "reply_id": "UgxPGsAhmJWKNi5GbwN4AaABAg",
            "reply_content": "\u7576\u521d\u4e5f\u662f\u5bc4\u51fa\u7684\u7576\u5929\u89ba\u5f97\u4e0d\u592a\u5999\n\u6240\u4ee5\u76f4\u63a5\u6253\u96fb\u8a71\u639b\u5931",
            "likeCount": 0
        },
        {
            "reply_id": "UgzTGC7AqUSEK7c5O1p4AaABAg",
            "reply_content": "\u6211\u90fd\u5728\u770b\u53f3\u908a\u90a3\u4f4d\u5973\u751f",
            "likeCount": 1
        },
        {
            "reply_id": "UgxDHhsCAnUedj-siLV4AaABAg",
            "reply_content": "\u53f0\u7063\u4eba\u662f\u8caa\u5fc3\u7684",
            "likeCount": 1
        },
        {
            "reply_id": "UgyaEPtECyhrms_dQIN4AaABAg",
            "reply_content": "\u6211\u7533\u8acb\u88dc\u52a9\u8981\u534a\u5e74",
            "likeCount": 1
        },
        {
            "reply_id": "UgxFxCl2eGjlCGoxIcp4AaABAg",
            "reply_content": "\u5f1f\u5f1f\u8b1d\u8b1d\u4f60\u8ddf\u6211\u5011\u8b1b\u7db2\u8def\u8a50\u9a19",
            "likeCount": 1
        },
        {
            "reply_id": "Ugy4Tc2AT14E8-SrCnB4AaABAg",
            "reply_content": "\u8a50\u9a19\u96c6\u5718\u592a\u53ef\u60e1",
            "likeCount": 1
        },
        {
            "reply_id": "UgyVBtTOJ8L1-cLCMfB4AaABAg",
            "reply_content": "\u53ea\u60f3\u6b7b",
            "likeCount": 0
        },
        {
            "reply_id": "UgyNP255utxVlYVyW8Z4AaABAg",
            "reply_content": "\u6700\u5f8c\u90a3\u6bb5\u53ef\u4ee5\u611f\u53d7\u5230\u6211\u5011\u570b\u5bb6\u7684\u6a5f\u69cb\u5236\u5ea6\u6709\u591a\u9ebc\u7684\u721b",
            "likeCount": 0
        },
        {
            "reply_id": "Ugy2EWNGdwoQWVpNBvJ4AaABAg",
            "reply_content": "\u81ea\u4f5c\u5b7d\u8981\u602a\u8ab0",
            "likeCount": 0
        }
    ]
}