{
    "video_info": {
        "id": "Lc354oq9Z1U",
        "channelTitle": "\u597d\u68d2Bump",
        "title": "\u9019\u7b28\u9ce5\u2026 \u6559\u4e86\u534a\u5e74\u9084\u4e0d\u6703\u8aaa\u8a71\uff01\u7d66\u6211\u81ea\u5df1\u51fa\u53bb\u8cfa\u98fc\u6599\u8cbb\uff01\u3010\u597d\u68d2Bump\u3011\u3010\u9e1a\u9d61\u934a\u91d1\u8853\u3011",
        "description": "\ud83d\udc51\u514d\u8cbb\u4e0b\u8f09 Rush Royale : https://clik.cc/Bump_RR \n\u2705\u6bc0\u5929\u6ec5\u5730\u79ae\u5305\u78bc Y8X7-URTW-RLDF (\u5167\u542b\u9ec3\u91d1\u3001\u50b3\u5947\u5361\u724c\u3001\u9b54\u6cd5\u4e4b\u5875)\ud83d\udd25\n\n\u6211\u8cb7\u4e86\u4e00\u96bb\u975e\u6d32\u7070\u9e1a\u9d61\uff0c\u7d50\u679c\u534a\u5e74\u4f86\u90fd\u4e0d\u6703\u8aaa\u8a71\uff0c\u6211\u53d7\u5920\u4e86\uff01\u6211\u8981\u5f9e\u4ed6\u8eab\u4e0a\u628a\u9322\u8cfa\u56de\u4f86\uff01\n\n#\u975e\u6d32\u7070\u9e1a\u9d61 #\u88ab\u52d5\u6536\u5165 #\u6211\u5f1f\u70ba\u4ec0\u9ebc\u90fd\u4e0d\u807d\u6211\u8aaa\u2026\n\n--------------------------------------------------------- \n\u4e0a\u4e00\u90e8\u5f71\u7247\u5b78\u751f\u88ab\u8a50\u9a19\u96c6\u5718\u6050\u5687\uff01\u6559\u80b2\u5c40\u9577\u7adf\u70ba\u4e86\u9019\u539f\u56e0\u6f20\u8996\u4e0d\u7406\u2026..\uff1f\u3010\u597d\u68d2Bump\u3011https://youtu.be/opTOE66v-C0\n\n\u8001\u5b50\u7684IG\uff1ahttps://bit.ly/2JqmmIq\n\u8001\u5b50\u7684FB\uff1ahttps://bit.ly/2s3pwwb",
        "likeCount": "13575",
        "commentCount": "649",
        "viewCount": "669937"
    },
    "comments": [
        {
            "reply_id": "UgxiMBB0q_hFBi0xNmJ4AaABAg",
            "reply_content": "\u9019\u96c6\u7b11\u5230\u7f8e\u53ee\u7f8e\u5679",
            "likeCount": 1
        },
        {
            "reply_id": "UgyZMoFCQRP7sJ87Ppd4AaABAg",
            "reply_content": "\u653e\u751f",
            "likeCount": 0
        },
        {
            "reply_id": "UgwXoHJ05IDLGlohxRx4AaABAg",
            "reply_content": "\u7b11\u5230\u809a\u5b50\u75db",
            "likeCount": 0
        },
        {
            "reply_id": "Ugzq49TH251qyoC067Z4AaABAg",
            "reply_content": "\u4f60\u9019\u6a23\u6709\u6c92\u6709\u9055\u53cd\u52d5\u4fdd\u6cd5\u548c\u52de\u52d5\u57fa\u6e96\u6cd5\uff0c\u8d85\u904e\u5de5\u6642",
            "likeCount": 0
        },
        {
            "reply_id": "UgxzKaCVQz6KmEbC25t4AaABAg",
            "reply_content": "\u9019\u4f4d\u91ab\u751f\u6211\u8a8d\u8b58\u53eb\u5c0f\u5ef6\u91ab\u751f",
            "likeCount": 0
        },
        {
            "reply_id": "UgyYz5CwYAoGy6Pba954AaABAg",
            "reply_content": "\u6211\u6709\u4e00\u53ea",
            "likeCount": 0
        },
        {
            "reply_id": "UgwMmKVfMmgqALVDFuh4AaABAg",
            "reply_content": "\u6211\u723a\u723a\u5df2\u7d93\u628a\u5b83\u6559\u6703\u4e86\u53ea\u662f\u4ed6\u53ea\u6703\u7f75\u9ad2\u8a71\u53ea\u8981\u62ff\u6ab3\u6994\u982d\u4e1f\u4ed6\u4ed6\u5c31\u6703\u7f75\u5e79",
            "likeCount": 0
        },
        {
            "reply_id": "UgxlThE7UzOjHDs0g5J4AaABAg",
            "reply_content": "\u6211\u5011\u5bb6\u4e5f\u6709\u990a\u6b38",
            "likeCount": 0
        },
        {
            "reply_id": "UgzSgYe9ESzvVQ5wTzZ4AaABAg",
            "reply_content": "\u9304\u97f3\u6a5f\u662f\u4ed6\u6700\u597d\u73a9\u4f34",
            "likeCount": 0
        },
        {
            "reply_id": "UgzEC8js69G5LcmzRM94AaABAg",
            "reply_content": "\u70e4\u8d77\u4f86",
            "likeCount": 0
        },
        {
            "reply_id": "UgzX5LMOlWHxiJdrFx54AaABAg",
            "reply_content": "\u4f60\u81ea\u5df1\u4e5f\u592a\u7b28\uff0c\u9019\u7a2e\u9ce5\u8981\u5f9e\u5e7c\u9ce5\u990a\u8d77\u518d\u8a13\u7df4\u8aaa\u8a71",
            "likeCount": 0
        },
        {
            "reply_id": "UgzreJNBzyL9-jLEBDZ4AaABAg",
            "reply_content": "\u597d",
            "likeCount": 0
        },
        {
            "reply_id": "UgzSok1UdOwUb3ZXGbB4AaABAg",
            "reply_content": "\u8acb\u554f\u4e2d\u51fa\u9eb5\u5728\u54ea \u6211\u60f3\u53bb\u770b\u90a3\u4e00\u7c60\u9ce5\u9084\u5269\u5e7e\u96bb",
            "likeCount": 0
        },
        {
            "reply_id": "UgwHP99smu03Kbd-iLJ4AaABAg",
            "reply_content": "\u524d\u4e00\u5206\u9418\u8d85\u597d\u7b11",
            "likeCount": 0
        },
        {
            "reply_id": "Ugzl_q0Isiaqe0UALNJ4AaABAg",
            "reply_content": "\u9910\u807d\u4e0d\u662f\u4e0d\u80fd\u5e36\u5bf5\u7269\u55ce",
            "likeCount": 0
        },
        {
            "reply_id": "Ugx-L-NAPzymhgc9rfx4AaABAg",
            "reply_content": "\u54c8\u54c8\u54c8\u54c8\u7d50\u5c3e\u7b11\u6b7b\u6211\u4e86\u54c8\u54c8\u54c8\u54c8\u54c8",
            "likeCount": 0
        },
        {
            "reply_id": "UgyjiGcz4ax6kzuPz_l4AaABAg",
            "reply_content": "\u86cb\u631e\u597d\u53ef\u7231",
            "likeCount": 0
        },
        {
            "reply_id": "UgwlPGxBnwG4Cs2PCld4AaABAg",
            "reply_content": "\u7167\u7247\u54ea\u4f86\u7684",
            "likeCount": 0
        },
        {
            "reply_id": "Ugzt_18VGWNbjeW-AP94AaABAg",
            "reply_content": "\u5e0c\u671b\u4ee5\u5f8c\u9084\u6703\u6709\u88ab\u52d5\u6536\u5165\u7684\u7cfb\u5217",
            "likeCount": 0
        },
        {
            "reply_id": "UgwdLL5hXdv4daO7mbZ4AaABAg",
            "reply_content": "\u653e\u751f",
            "likeCount": 0
        },
        {
            "reply_id": "Ugymq5OJYBDeh2pBT9V4AaABAg",
            "reply_content": "",
            "likeCount": 0
        },
        {
            "reply_id": "Ugx72GzB_P-ixOrIVBR4AaABAg",
            "reply_content": "\u60f3\u77e5\u9053\u86cb\u5854\u7684\u5e97\u958b\u5728\u54ea\u5462\uff1f\u627e\u6a5f\u6703\u53bb\u6d88\u8cbb\u4e00\u4e0b",
            "likeCount": 0
        },
        {
            "reply_id": "Ugwlx5QhjGpk0R9aymJ4AaABAg",
            "reply_content": "\u4e0d\u8981\u5728\u7260\u9762\u524d\u8aaa\u9ad2\u8a71\u4e0d\u7136\u7260\u6703\u5b78\u9e1a\u9d61\u5c31\u662f\u597d\u7684\u4e0d\u592a\u5b78\u58de\u7684\u5b78\u5f88\u5feb",
            "likeCount": 0
        },
        {
            "reply_id": "Ugzsg72vAvuX25umpXd4AaABAg",
            "reply_content": "\u86cb\u5854\u5f88\u53ef\u611b",
            "likeCount": 0
        },
        {
            "reply_id": "UgzQu4y4QrgXIIbcoHh4AaABAg",
            "reply_content": "\u8b9a",
            "likeCount": 0
        }
    ]
}