{
    "video_info": {
        "id": "lI_orBKz6nA",
        "channelTitle": "\u597d\u68d2Bump",
        "title": "\u5168\u9762\u8abf\u67e5\u60e1\u8cea\u7db2\u7f8e\u7684\u6027\u4ea4\u6613\u904e\u7a0b\uff01\u4e0d\u8981\u518d\u62b9\u9ed1\u6211\u7092\u65b0\u805e\u4e86\uff01\u3010\u597d\u68d2Bump\u3011",
        "description": "\u6211\u5f71\u7247\u73fe\u5728\u628a\u59b3\u5168\u90e8\u6253\u9ed1\u5e95\u99ac\u8cfd\u514b\uff0c\u6240\u4ee5\u6c92\u6709\u4eba\u77e5\u9053\u59b3\u662f\u8ab0\uff0c\u6211\u4e5f\u4e0d\u60f3\u5bb3\u4f60\uff0c\u4f46\u662f\u8b49\u64da\u6211\u90fd\u6703\u7559\u8457\uff0c\u8d70\u4e0a\u6cd5\u9662\u6642\uff0c\u6211\u90fd\u6703\u63d0\u4f9b\u7d66\u6aa2\u67e5\u5b98\u3002\n\n\u5982\u679c\u771f\u7684\u6709\u4eba\u53d7\u5bb3\uff0c\u6216\u8005\u6c92\u6709\u62ff\u5230\u8ce0\u511f\u4ec0\u9ebc\u7684\uff0c\u8acb\u4f86\u806f\u7e6b\u6211IG\u3002\n\n#\u60e1\u4eba\u5148\u544a\u72c0 #\u6211\u5949\u966a\u5230\u5e95 #\u59b3\u61c9\u8a72\u544a\u90a3\u500b\u7db2\u7ad9\u4e0d\u662f\u6211\n--------------------------------------------------------- \r\n\u4e0a\u4e00\u90e8\u5f71\u7247 \u3010\u8a50\u9a19\u89e3\u78bc\u3011\u5e33\u6236\u88ab\u8a50\u9a19\u96c6\u5718\u9a19\u8d70\uff01\u5927\u5b78\u751f\u83ab\u540d\u80cc\u4e0b1000\u842c\uff01\u9084\u6210\u8a50\u9a19\u5171\u72af\uff01\uff1f\u3010\u597d\u68d2Bump\u3011https://youtu.be/kNaPRiB0enU\r\n\r\n\u8001\u5b50\u7684IG\uff1ahttps://bit.ly/2JqmmIq\r\n\u8001\u5b50\u7684FB\uff1ahttps://bit.ly/2s3pwwb",
        "likeCount": "30236",
        "commentCount": "2059",
        "viewCount": "1307605"
    },
    "comments": [
        {
            "reply_id": "UgzCmQezkYNuX6s4RSV4AaABAg",
            "reply_content": "\u8a72\u6f84\u6e05\u7684\u5148\u63d0\u524d\u6f84\u6e05\uff0c\u907f\u514d\u5f71\u97ff\u4e4b\u5f8c\u8a50\u9a19\u89e3\u78bc\u7684\u5b78\u751f\u4fdd\u8b77\u7db2",
            "likeCount": 3915
        },
        {
            "reply_id": "UgxHZKgVyTg4LtupINt4AaABAg",
            "reply_content": "\u4f5c\u6b7b\u7db2\u7f8e\u4e4b\u81ea\u6551\u4e4b\u65c5",
            "likeCount": 2
        },
        {
            "reply_id": "UgxjYcciseHky-cbw_h4AaABAg",
            "reply_content": "\u68d2\u54e5\u597d\u6709\u9322",
            "likeCount": 1
        },
        {
            "reply_id": "UgzrXV3jBhl3-9a3GpV4AaABAg",
            "reply_content": "\u597d\u60f3\u77e5\u9053\u54ea\u500b\u7db2\u7f8e",
            "likeCount": 1
        },
        {
            "reply_id": "UgxBN6ejaeeL8wempxZ4AaABAg",
            "reply_content": "\u5c31\u770b\u7e3d\u958b\u95dc\u672d\u5361\u9ad8",
            "likeCount": 0
        },
        {
            "reply_id": "Ugx3Yswl63LpWfx_3GF4AaABAg",
            "reply_content": "\u5e0c\u671b\u80fd\u66dd\u5149\u7167\u7247\u5566\n\u54ea\u5929\u9019\u7a2e\u5973\u751f\u73a9\u81a9\u4e86\u60f3\u627e\u4e0b\u5bb6\n\u50cf\u6211\u9019\u7a2e\u4e0d\u8af3\u4e16\u4e8b\u7684\u7537\u751f\u53ef\u4e0d\u60f3\u7576\u63a5\u76e4\u4fe0",
            "likeCount": 0
        },
        {
            "reply_id": "UgweYBN_sl0aJOUcY3R4AaABAg",
            "reply_content": "\u6642\u9694\u4e00\u5e74\u7d42\u65bc\u77e5\u9053\u9019\u500b\u5973\u751f\u662f\u8ab0\u4e86\u54c8\u54c8\u54c8",
            "likeCount": 0
        },
        {
            "reply_id": "UgxEjXpM7Rxy2aGuXxF4AaABAg",
            "reply_content": "\u51e1\u662f\u6c92\u6709\u767d\u5403\u7684\u5348\u9910",
            "likeCount": 0
        },
        {
            "reply_id": "Ugyg8KSp9KlJfbIu0dp4AaABAg",
            "reply_content": "\u61c9\u8a72\u4e0d\u8981\u6253\u78bc\u770b\u770b\u9019\u500b\u5973\u7684\u9577\u5565\u6a23",
            "likeCount": 0
        },
        {
            "reply_id": "UgyKnnZSx-bnkwJxvOt4AaABAg",
            "reply_content": "\u6709\u4eba\u5728\u62cd\u6b38",
            "likeCount": 0
        },
        {
            "reply_id": "UgwrNJ1IWsLdsHgj86p4AaABAg",
            "reply_content": "\u9084\u662f\u88ab\u5979\u8cfa\u5230\u4e86",
            "likeCount": 0
        },
        {
            "reply_id": "Ugw4Q3NnoosUwIjoJs14AaABAg",
            "reply_content": "\u8f9b\u82e6\u4e86",
            "likeCount": 0
        },
        {
            "reply_id": "UgxHfGx-2zVFL9ug92h4AaABAg",
            "reply_content": "\u592a\u6eab\u67d4\u4e86",
            "likeCount": 0
        },
        {
            "reply_id": "UgzZMd8efo-2IAuF1F94AaABAg",
            "reply_content": "\u54c8\u54c8\u54c8",
            "likeCount": 0
        },
        {
            "reply_id": "UgzEV9ZwvegS7HtbnQZ4AaABAg",
            "reply_content": "\u78ba\u5be6\u8cfa\u883b\u591a",
            "likeCount": 0
        },
        {
            "reply_id": "UgzqjLtRD2kN2o__TlR4AaABAg",
            "reply_content": "\u68d2\u68d2",
            "likeCount": 0
        },
        {
            "reply_id": "UgwKpmHJvYhaMXjJt694AaABAg",
            "reply_content": "\u9019\u7db2\u7f8e\u5dee\u52c1\u900f\u4e86",
            "likeCount": 0
        },
        {
            "reply_id": "UgzSF3qczIU5rKN1C014AaABAg",
            "reply_content": "\u5e6b\u54e1\u5de5\u52a0\u85aa\u4e86\u5566",
            "likeCount": 0
        },
        {
            "reply_id": "UgzJNkT_BRDsUaPz90B4AaABAg",
            "reply_content": "\u53ea\u6709\u6211\u89ba\u5f97\u4ed6\u78bc\u7684\u5f88\u50cf\u68fa\u6750\u55ce",
            "likeCount": 0
        },
        {
            "reply_id": "Ugxc8kCHE4xqSfjWwu14AaABAg",
            "reply_content": "\u771f\u7684\u597d\u5fd9\u5594",
            "likeCount": 0
        },
        {
            "reply_id": "Ugxe2NcC3FArdhovn9t4AaABAg",
            "reply_content": "\u8f9b\u82e6\u4e86",
            "likeCount": 0
        },
        {
            "reply_id": "UgxG-2sjwgrVRJu4N554AaABAg",
            "reply_content": "\u7576\u5973\u751f\u771f\u7684\u597d\u723d",
            "likeCount": 0
        },
        {
            "reply_id": "Ugw-wZQDp9uj7DD0IRx4AaABAg",
            "reply_content": "\u7b11\u6b7b\u544a\u5b8c\u4e4b\u5f8c\u5c31\u4e0d\u7ba1",
            "likeCount": 0
        },
        {
            "reply_id": "UgxFeZq03QOujOM6rKt4AaABAg",
            "reply_content": "\u592a\u795e\u4e86\u5427",
            "likeCount": 0
        },
        {
            "reply_id": "UgwN_GSwqk7EALr8wmd4AaABAg",
            "reply_content": "\u505a\u751f\u610f\u672c\u5c31\u7121\u53ef\u539a\u975e\uff0c\u4f46\u60f3\u8981\u641e\u5169\u9762\u624b\u6cd5\u9084\u8981\u5c0d\u5225\u4eba\u63d0\u544a\u5c31\u883b\u8a0e\u53ad\u7684\u4e86",
            "likeCount": 1
        }
    ]
}