{
    "video_info": {
        "id": "lSKd3yyhzw0",
        "channelTitle": "\u597d\u68d2Bump",
        "title": "\u89aa\u81ea\u98db\u5230\u67ec\u57d4\u5be8\u6551\u4eba\uff01\u537b\u88ab\u7576\u5730\u8b66\u5bdf\u51fa\u8ce3\u2026 \u8ddf\u53d7\u5bb3\u8005\u4e00\u8d77\u9003\u56de\u53f0\u7063\uff01\u3010\u597d\u68d2Bump\u3011\u3010\u8a50\u9a19\u89e3\u78bc\u5f8c\u7e8c\u3011",
        "description": "\u9019\u90e8\u7247\u8a18\u9304\u4e86\u6211\u53bb\u67ec\u57d4\u5be8\u6551\u63f4\u6642\u767c\u751f\u7684\u5927\u5c0f\u4e8b\uff0c\u771f\u5fc3\u6176\u5e78\u81ea\u5df1\u80fd\u5920\u56de\u5bb6\u3002\n\n#\u8a50\u9a19\u89e3\u78bc #\u6551\u63f4\u884c\u52d5 #\u4e5f\u8a18\u9304\u8457\u4e00\u500b\u7236\u89aa\u5c0d\u5b69\u5b50\u7684\u611b\n\n\u6210\u70ba\u9019\u500b\u983b\u9053\u7684\u6703\u54e1\u4e26\u7372\u5f97\u734e\u52f5\uff1a\nhttps://www.youtube.com/channel/UC7XxnhjdYjiQJ3m80K_N_4g/join\n\n--------------------------------------------------------- \r\n\u4e0a\u4e00\u90e8\u5f71\u7247\u2018\u2019\u8ffd\u56de\u88ab\u9a19\u7684\u9322\u2018\u2019 \u5168\u662f\u8a50\u9a19\uff01\u6211\u89aa\u81ea\u82b112\u842c\u88ab\u9a19\u7d66\u4f60\u5011\u770b\uff01\u3010\u597d\u68d2Bump\u3011\u3010\u8a50\u9a19\u89e3\u78bc\u3011https://youtu.be/ie5a5YWU7cg\r\n\r\n\u8001\u5b50\u7684IG\uff1ahttps://bit.ly/2JqmmIq\r\n\u8001\u5b50\u7684FB\uff1ahttps://bit.ly/2s3pwwb",
        "likeCount": "244313",
        "commentCount": "15804",
        "viewCount": "3820687"
    },
    "comments": [
        {
            "reply_id": "UgzlUuYcI4iL-NPJSJZ4AaABAg",
            "reply_content": "\u7d50\u679c\u7576\u4e8b\u4eba\u6839\u672c\u5c31\u77e5\u9053\u662f\u53bb\u505a\u8a50\u9a19\u7684",
            "likeCount": 3
        },
        {
            "reply_id": "UgwtGr-Z75EiGxM_jhB4AaABAg",
            "reply_content": "\u53f0\u7063\u82f1\u96c4",
            "likeCount": 1
        },
        {
            "reply_id": "UgxbK1hGKSbYejaGWsJ4AaABAg",
            "reply_content": "\u90a3\u79cd\u5730\u65b9\u771f\u7684\u4eba\u95f4\u70bc\u72f1",
            "likeCount": 1
        },
        {
            "reply_id": "UgzzTQ3OTzJCMRk_7rh4AaABAg",
            "reply_content": "\u8fd9\u79cd\u56fd\u5bb6\u6ca1\u6551\u5566",
            "likeCount": 1
        },
        {
            "reply_id": "Ugwk6PFjGuiaw2HXzbF4AaABAg",
            "reply_content": "\u529f\u5fb7\u7121\u91cf",
            "likeCount": 0
        },
        {
            "reply_id": "UgwoO9IIs33AlCKtg254AaABAg",
            "reply_content": "\u5404\u4f4d\u540c\u80de\u5343\u842c\u4e0d\u8981\u53bb\u6cf0\u56fd\u7dec\u7538 \u4e0d\u8981\u8f15\u6613\u4fe1\u9ad8\u85aa\u5de5\u4f5c",
            "likeCount": 0
        },
        {
            "reply_id": "UgwGPoCQzczbwOXnQmR4AaABAg",
            "reply_content": "\u8b66\u532a\u4e00\u5bb6",
            "likeCount": 0
        },
        {
            "reply_id": "UgwKmn6_MUVVOVE9CPh4AaABAg",
            "reply_content": "\u4f60\u771f\u7684\u5f88\u8f9b\u82e6",
            "likeCount": 0
        },
        {
            "reply_id": "UgysTvjrhib5vEAzBx54AaABAg",
            "reply_content": "\u8a50\u9a19\u5f88\u53ef\u60e1",
            "likeCount": 0
        },
        {
            "reply_id": "Ugxy5BruZmr1yeASOg54AaABAg",
            "reply_content": "\u4e00\u7fa4\u53ef\u60e1\u7684\u4eba",
            "likeCount": 0
        },
        {
            "reply_id": "UgwVjvp1p5lFBDoGbg54AaABAg",
            "reply_content": "\u539f\u4f86\u6cf0\u570b\u4e5f\u4e0d\u884c",
            "likeCount": 0
        },
        {
            "reply_id": "UgyYE8oX06X0kwA8wdl4AaABAg",
            "reply_content": "\u770b\u4f86\u8981\u5148\u5b78\u6703\u7576\u5730\u8a9e\u8a00",
            "likeCount": 0
        },
        {
            "reply_id": "Ugw9SpDlgVjbMJPq_cp4AaABAg",
            "reply_content": "\u9ed1\u8b66\u554a",
            "likeCount": 0
        },
        {
            "reply_id": "UgyLVL6raHoT76fLZ8B4AaABAg",
            "reply_content": "\u5f00\u53e3",
            "likeCount": 0
        },
        {
            "reply_id": "UgwVgB7mGrNndNKlPDp4AaABAg",
            "reply_content": "\u90a3\u88e1\u771f\u7684\u6709\u904a\u6232\u5ba2\u670d\u5594",
            "likeCount": 0
        },
        {
            "reply_id": "Ugzb8JCDBLQf9ZGFEGN4AaABAg",
            "reply_content": "\u771f\u7684\u4e2d\u56fd\u4eba\u4e0d\u9a97\u4e2d\u56fd\u4eba",
            "likeCount": 0
        },
        {
            "reply_id": "UgwQVGvRgvVeSo0TR2F4AaABAg",
            "reply_content": "\u6211\u5e0c\u671b\u4f60\u80fd\u9032\u4f60\u6240\u6709\u5c31\u51fa\u5c0f\u5c0f\u7684\u751f\u547d\ud83d\ude22\u54ea\u6015\u53ea\u6551\u4e00\u500b\u4eba\u4f60\u662f\u6211\u5011\u570b\u5bb6\u7684\u82f1\u96c4\u4e5f\u662f\u5927\u5bb6\u7684\u82f1\u96c4",
            "likeCount": 0
        },
        {
            "reply_id": "UgxguPjMj2ZFOYEt6254AaABAg",
            "reply_content": "\u8fd9\u4e16\u754c\u4e0a\u8fd8\u662f\u6709\u82f1\u96c4\u561b",
            "likeCount": 0
        },
        {
            "reply_id": "Ugy6Xq5xBSHUY3M0g5J4AaABAg",
            "reply_content": "\u82f1\u96c4\u672c\u8272",
            "likeCount": 0
        },
        {
            "reply_id": "UgzrVcvMKyj35qae1I54AaABAg",
            "reply_content": "\u4e24\u5cb8\u653f\u5e9c\u90fd\u8f93\u7ed9\u4e86\u4e00\u4e2a\u7f51\u7ea2",
            "likeCount": 4
        },
        {
            "reply_id": "UgyDuOdcJxzudR6SwIN4AaABAg",
            "reply_content": "\u5c0d\u7684\u4efb\u7531\u4ed6\u5011\u81ea\u751f\u81ea\u6ec5\u5427",
            "likeCount": 1
        },
        {
            "reply_id": "Ugw2a1wE__hQoYEIOkV4AaABAg",
            "reply_content": "\u4e3a\u4f60\u7ad6\u8d77\u5927\u62c7\u6307",
            "likeCount": 1
        },
        {
            "reply_id": "Ugw6Vf6wE4ugY8usPd54AaABAg",
            "reply_content": "\u73fe\u5728\u65c5\u884c\u90fd\u4e0d\u6562\u53bb\u6771\u5357\u4e9e\u5566 \u561b\u7684\u4e0b\u6a5f\u5c31\u6703\u88ab\u5e36\u8d70\u4e5f\u592a\u626f",
            "likeCount": 1
        },
        {
            "reply_id": "UgwmmZSU3jjM9ZggyNF4AaABAg",
            "reply_content": "\u53f0\u6e7e\u662f\u4e2d\u56fd\u4e0d\u53ef\u5206\u5272\u7684\u4e00\u90e8\u5206",
            "likeCount": 0
        },
        {
            "reply_id": "UgwwGLlI1410HfZhX5t4AaABAg",
            "reply_content": "\u725b",
            "likeCount": 0
        }
    ]
}