{
    "video_info": {
        "id": "M_LRdT-RF5I",
        "channelTitle": "\u597d\u68d2Bump",
        "title": "\u7576\u4f60\u662f\u6578\u5b78\u5929\u624d\u6642\u7684\u934a\u91d1\u8853\uff01\u64ca\u6557\u53f0\u5927\u751f\u8cfa5000\u5143\uff01\u3010\u597d\u68d2Bump\u3011",
        "description": "\u6578\u5b78\u6559\u6388\u7684Line\u7559\u7d66\u5927\u5bb6\uff0c\u4e0d\u60f3\u91cd\u4fee\u7684\u53ef\u4ee5\u627e\u4ed6\u60e1\u88dc\u4e00\u4e0b\uff1ahttps://line.me/ti/p/whuCJJh0p0\n\n2\u9031\u6c92\u66f4\u65b0\u90fd\u662f\u70ba\u4e86\u9019\u5834\u6bd4\u8cfd,\n\u6bd4\u5b8c\u9084\u76f4\u63a5\u80c3\u6f70\u760d\u4f11\u990a\u4e86\u5feb1\u9031....\n\u96d6\u7136\u7d2f,\u4f46\u662f\u62ff\u5230\u4e86\u51a0\u8ecd,\u5149\u662f\u9019\u4efd\u69ae\u8000\u5c31\u503c\u5f97\u4e86\n\n#\u5fae\u7a4d\u5206\u6bd4\u8cfd #\u51a0\u8ecd\u69ae\u8000 #\u5410\u4e86\u4e00\u6574\u665a\n--------------------------------------------------------- \r\n\u4e0a\u4e00\u90e8\u5f71\u7247 \u5927\u99ac\u7db2\u53cb\u6b20\u4e0b50\u842c\u8ced\u50b5\uff01\u5bb6\u4eba\u906d\u5230\u6050\u5687\uff01\u8acb\u6211\u5e6b\u5fd9\u8655\u7406\uff01\u3010\u597d\u68d2Bump\u3011https://youtu.be/HNC-F9MfrII\r\n\r\n\u8001\u5b50\u7684IG\uff1ahttps://bit.ly/2JqmmIq\r\n\u8001\u5b50\u7684FB\uff1ahttps://bit.ly/2s3pwwb",
        "likeCount": "31908",
        "commentCount": "2005",
        "viewCount": "1815633"
    },
    "comments": [
        {
            "reply_id": "Ugx7zy0y0bHePa0AIal4AaABAg",
            "reply_content": "\u8b1d\u8b1d \u9019\u96c6\u8ddf\u7b97\u724c\u90a3\u96c6\u771f\u7684\u6709\u9f13\u52f5\u5230\u6e96\u5099\u8003\u8a66\u7684\u4eba",
            "likeCount": 3
        },
        {
            "reply_id": "Ugwoyv5jCdn13wi2k1N4AaABAg",
            "reply_content": "",
            "likeCount": 2
        },
        {
            "reply_id": "Ugz5I5bNWXDZt1hYlXV4AaABAg",
            "reply_content": "\u7b2c\u4e8c\u540d\u90a3\u500b\u662f\u6211\u670b\u53cb\u6b38 \u6211\u73fe\u5728\u624d\u770b\u5230\u9019\u5f71\u7247\u54c8\u54c8",
            "likeCount": 2
        },
        {
            "reply_id": "UgzSxmYZuJvAUayoLV54AaABAg",
            "reply_content": "\u8001\u5be6\u8aaa\u9019\u500b\u6bd4\u8cfd\u8003\u7684\u53ea\u662f\u57fa\u790e\u5fae\u7a4d\u5206\u800c\u5df2\uff0c\u4e3b\u8981\u8d0f\u7684\u95dc\u9375\u9084\u662f\u4e0d\u8981\u9189\u963f",
            "likeCount": 1
        },
        {
            "reply_id": "UgyN6h7AyG11pILAk4x4AaABAg",
            "reply_content": "\u6bcf\u6b21\u8003\u8bd5\u7684\u65f6\u5019\u90fd\u4f1a\u770b\u6765\u770b\u8fd9\u90e8\u5f71\u7247",
            "likeCount": 1
        },
        {
            "reply_id": "UgyF5kFU7-DJUFkM1m54AaABAg",
            "reply_content": "\u9019\u90e8\u7247\u592a\u5c4c\u4e86",
            "likeCount": 1
        },
        {
            "reply_id": "Ugy1gwBiXHI6DbwjvUR4AaABAg",
            "reply_content": "\u99ac\u4e0a\u4f86\u8907\u7fd2\u56c9",
            "likeCount": 0
        },
        {
            "reply_id": "UgxrQtkdfxmmooht3xB4AaABAg",
            "reply_content": "\u56de\u4f86\u8907\u7fd2\u592a\u795e\u5566",
            "likeCount": 0
        },
        {
            "reply_id": "UgzwcVaVi6ATWmAOzEl4AaABAg",
            "reply_content": "\u9019\u4e00\u4f4d\u6578\u5b78\u8001\u5e2b\u4e0d\u662f\u6709\u5728\u67d0\u4e00\u500b\u958b\u653e\u7684\u5e73\u53f0\u4e0a\u5f88\u6709\u540d\u55ce",
            "likeCount": 0
        },
        {
            "reply_id": "Ugw1kFv1uVzA37O3jLh4AaABAg",
            "reply_content": "\u5f8c\u9762\u72d7\u72d7\u53ef\u611b",
            "likeCount": 0
        },
        {
            "reply_id": "UgwqLaQWMkgQAOR8dTZ4AaABAg",
            "reply_content": "\u6211\u52aa\u529b\u4e86",
            "likeCount": 0
        },
        {
            "reply_id": "UgxeTfV45tIIv64P39Z4AaABAg",
            "reply_content": "\u52f5\u5fd7\u72c2\u7247",
            "likeCount": 0
        },
        {
            "reply_id": "UgwlW5d_DAl_I2AoBtR4AaABAg",
            "reply_content": "\u5ed6\u54e5\u771f\u7684\u5f88\u6709\u6548\u679c",
            "likeCount": 0
        },
        {
            "reply_id": "UgwWZQs8g7UpGCZljOB4AaABAg",
            "reply_content": "\u53c8\u4f86\u56de\u9867\u5f71\u7247\u771f\u7684\u5f88\u52f5\u5fd7 \u4f46\u8a8d\u771f\u9b54\u4eba\u592a\u591a\u4e86\u6bcf\u500b\u53ea\u6703\u6253\u5634\u70ae\u7684\u7559\u8a00\u4e26\u4e0d\u6703\u8b93\u4e16\u754c\u66f4\u7f8e\u597d",
            "likeCount": 0
        },
        {
            "reply_id": "UgzHmeHuIT9Ya0f7gc14AaABAg",
            "reply_content": "\u6211\u5c0d\u4f60\u4e94\u9ad4\u6295\u5730",
            "likeCount": 0
        },
        {
            "reply_id": "UgxSCQtF5IOWA86PM_14AaABAg",
            "reply_content": "\u771f\u7684\u72c2",
            "likeCount": 0
        },
        {
            "reply_id": "Ugz8iaiGdSXWsYB-Xfh4AaABAg",
            "reply_content": "\u963f\u7528\u7684\u5152\u5b50",
            "likeCount": 0
        },
        {
            "reply_id": "UgzSPlccR18GV8nKWqR4AaABAg",
            "reply_content": "\u5916\u4ea4",
            "likeCount": 0
        },
        {
            "reply_id": "UgzJKVZDxvFsgOv8Y1x4AaABAg",
            "reply_content": "\u4e7e\u6211\u5206\u79d1\u6578\u7532\u7269\u7406\u4e00\u5b9a\u5abd\u7684\u8981\u8003\u6eff\u5206",
            "likeCount": 0
        },
        {
            "reply_id": "Ugxdgc7V2WqlYZRfc3Z4AaABAg",
            "reply_content": "\u52d5\u6a5f\u771f\u7684\u5f88\u91cd\u8981",
            "likeCount": 0
        },
        {
            "reply_id": "UgzTZSIA6rL2fqwOIW54AaABAg",
            "reply_content": "\u8d85\u5c4c\u8036",
            "likeCount": 0
        },
        {
            "reply_id": "UgybKpxLkdmfq3iY3M94AaABAg",
            "reply_content": "\u592a\u731b\u4e86\u5427",
            "likeCount": 0
        },
        {
            "reply_id": "UgxdZUk0ysTneQF1z6x4AaABAg",
            "reply_content": "\u9ed1\u8863\u81c9\u6709\u5920\u81ed\u7684",
            "likeCount": 0
        },
        {
            "reply_id": "Ugy381JGR7R5aM0_edZ4AaABAg",
            "reply_content": "\u6211\u5fae\u7a4d\u5206\u5b8c\u5168\u770b\u4e0d\u61c2",
            "likeCount": 0
        },
        {
            "reply_id": "UgybnjbkwBgm6MvSLXJ4AaABAg",
            "reply_content": "\u5176\u5be6\u5b78\u7fd2\u904e\u7a0b\u6bcf\u5929\u4e0a\u76f4\u63a5\u5230\u6bd4\u8cfd\u4e5f\u4e00\u6a23\u591a\u89c0\u770b",
            "likeCount": 0
        }
    ]
}