{
    "video_info": {
        "id": "Mnd0ygYPmrw",
        "channelTitle": "\u597d\u68d2Bump",
        "title": "\u6211\u8ddf\u8def\u4eba\u8981\u4e86\u4e09\u5343\u5f35\u767c\u7968\u4f86\u514c\u734e\uff01\u6574\u500b\u514c\u5230\u624b\u6b98....\u3010\u597d\u68d2Bump\u3011\u3010\u767c\u7968\u934a\u91d1\u8853\u3011",
        "description": "\u9019\u90e8\u5f71\u7247\u7b49\u4e862\u500b\u6708\u5de6\u53f3....\n\u56e0\u70ba\u8981\u767c\u7968\u4e4b\u5f8c\uff0c\u9084\u8981\u7b49\u514c\u734e\uff0c\n\u5230\u4e0a\u50b3\u81f3\u5c11\u4e00\u5b9a\u89812\u500b\u6708\u4ee5\u4e0a\uff0c\n\u6709\u6642\u5019\u6211\u66f4\u65b0\u6162\u4e0d\u662f\u56e0\u70ba\u6211\u6c92\u62cd\uff0c\n\u800c\u662f\u56e0\u70ba\u5f71\u7247\u8981\u771f\u5be6\u7684\u8a71\uff0c\n\u5c31\u5f97\u82b1\u5f88\u591a\u5fc3\u601d\u8ddf\u6642\u9593\u53bb\u62cd\uff0c\n\u5c0e\u81f4\u4e00\u90e8\u5f71\u7247\u90fd\u62cd\u5f88\u4e45....\n\n#\u53ee\u549a\u53ee\u549a #\u4e2d\u734e\u5566 #\u9019\u5973\u4eba\u5728\u8857\u4e0a\u5f88\u5931\u63a7\n--------------------------------------------------------- \r\n\u4e0a\u4e00\u90e8\u5f71\u7247 \u8b1d\u8b1d\u5927\u5bb6\uff01\u4e0a\u5343\u4eba\u585e\u7206\u591c\u5e02\uff01\u9999\u8178\u65241\u5929\u6de8\u8cfa\u6578\u842c\u5143\uff01\u3010\u597d\u68d2Bump\u3011https://youtu.be/ILoPu0MDzQ4\r\n\r\n\u8001\u5b50\u7684IG\uff1ahttps://bit.ly/2JqmmIq\r\n\u8001\u5b50\u7684FB\uff1ahttps://bit.ly/2s3pwwb",
        "likeCount": "18477",
        "commentCount": "1102",
        "viewCount": "1287333"
    },
    "comments": [
        {
            "reply_id": "UgyxqP82QkE5U3zXx-B4AaABAg",
            "reply_content": "\u5176\u5be6\u963f\u4f2f\u4ed6\u5011\u62ff\u5230\u767c\u7968\u4e5f\u4e0d\u662f\u81ea\u5df1\u5151\u7684\u554a\uff0c\u662f\u62ff\u53bb\u8ce3\u7684\uff0c\u6211\u8a18\u5f97\u56db\u4e94\u5e74\u524d\u90a3\u6642\u5019\u4e00\u5f35\u767c\u7968\u884c\u60c5\u50f9\u597d\u50cf\u662f\u5169\u5143\uff0c\u6240\u4ee5\u963f\u4f2f\u5011\u53ea\u8981\u7ad9\u5728\u5546\u5e97\u9580\u53e3\u8ddf\u4eba\u8981\u767c\u7968\uff0c\u4e00\u5929\u4e0b\u4f86\u8ddf\u64bf\u7f50\u5b50\u63db\u7b97\u4e0b\u4f86\u7684\u9322\u662f\u5dee\u4e0d\u591a\u7684\uff0c\u4e0d\u904e\u75ab\u60c5\u5f8c\u9084\u771f\u7684\u6c92\u4ec0\u9ebc\u770b\u5230\u4e86",
            "likeCount": 7
        },
        {
            "reply_id": "UgwvIZ8jagL5g186ZNV4AaABAg",
            "reply_content": "\u90a3\u4e00\u767e\u584a\u8d85\u51fa\u6232",
            "likeCount": 1
        },
        {
            "reply_id": "Ugy2kfJH4XBSd7pZOfZ4AaABAg",
            "reply_content": "\u6211\u8981\u61c9\u5fb5",
            "likeCount": 1
        },
        {
            "reply_id": "UgyuZXKkhMVeh4AAxx14AaABAg",
            "reply_content": "\u770b\u4e86\u90fd\u624b\u62bd\u7b4b",
            "likeCount": 1
        },
        {
            "reply_id": "UgzynlL8YiChob7HlAR4AaABAg",
            "reply_content": "\u597d\u68d2\u68d2\u4f60\u771f\u7684\u982d\u8166\u5f88\u597d\u8036\uff0c\u5982\u679c\u6211\u6709\u500b\u5152\u5b50\u50cf\u4f60\u9019\u6a23\u5c31\u597d\u4e86",
            "likeCount": 0
        },
        {
            "reply_id": "Ugzj4ssR0Xfd6L4ySiZ4AaABAg",
            "reply_content": "\u5f88\u6b63\u5e38\u4e2d\u9019\u6a23\u4e94\u767e\u5f35\u53ef\u4ee5\u4e2d2\u5f35\u4e8c\u767e\u5c31\u5f88\u68d2\u68d2\u4e86",
            "likeCount": 0
        },
        {
            "reply_id": "UgxSPBQ1vlpoAI1zqvt4AaABAg",
            "reply_content": "\u62ff\u8457\u529f\u5fb7\u7bb1\u8981\u6709\u4e00\u9ede\u6c92\u6709\u826f\u5fc3\u6709\u9ede\u611f\u89ba\u8a50\u9a19\u4f46\u6211\u559c\u6b61\u7bc0\u76ee\u6548\u679c\u55ce\ud83d\ude02",
            "likeCount": 0
        },
        {
            "reply_id": "UgwjBzIC7JPAeuetMOZ4AaABAg",
            "reply_content": "\u7387",
            "likeCount": 0
        },
        {
            "reply_id": "Ugy29HEqf7XPs3XehsZ4AaABAg",
            "reply_content": "\u6240\u4ee5\u6211\u767c\u7968\u90fd\u76f4\u63a5\u4e1f\u6389",
            "likeCount": 0
        },
        {
            "reply_id": "Ugz2WMLWaF2xTUDSAzJ4AaABAg",
            "reply_content": "\u597d\u591a\u8dd1\u8eca",
            "likeCount": 0
        },
        {
            "reply_id": "UgwUQj8eWON6N4zgRBx4AaABAg",
            "reply_content": "\u51ce\u6700\u5f8c\u4e00\u6bb5\u90a3\u500b\u767c\u7968\u5c11\u5230\u6c92\u6709\u84cb\u5230\u93e1\u982d\u8d85\u767d\u7661\u3109",
            "likeCount": 0
        },
        {
            "reply_id": "UgzWmRBjd-SEHCMc_VJ4AaABAg",
            "reply_content": "\u54c8\u54c8\u54c8\u54c8\u54c8\u54c8\u54c8",
            "likeCount": 0
        },
        {
            "reply_id": "Ugzwf8f-Wc1Pir9VPQR4AaABAg",
            "reply_content": "\u54c8\u56c9\u7f8e\u9e97\u5984\u5a1c",
            "likeCount": 0
        },
        {
            "reply_id": "Ugwrp6DYBfZtNea87hx4AaABAg",
            "reply_content": "\u9023\u865f\u6bd4\u8f03\u5bb9\u6613\u4e2d",
            "likeCount": 0
        },
        {
            "reply_id": "Ugzh9aTXcwQkAzwUK4N4AaABAg",
            "reply_content": "\u4e5f\u8a31\u4ed6\u5011\u8981\u767c\u7968\u53ea\u662f\u60f3\u4e2d\u4e00\u767c\u5927\u7684",
            "likeCount": 0
        },
        {
            "reply_id": "UgyWbwsKWgTAEmlMa794AaABAg",
            "reply_content": "\u767c\u7968\u5982\u679c\u4e2d\u6bd4\u8f03\u5927\u7684\u91d1\u984d\u6703\u6389\u76e3\u8996\u5668\u770b\u662f\u8ab0\u7684\u767c\u7968\u5982\u679c\u662f\u5225\u4eba\u7684\u9322\u5c31\u4e0d\u6703\u662f\u4f60\u7684",
            "likeCount": 0
        },
        {
            "reply_id": "UgyWmd9w0R1MPkMcJ8R4AaABAg",
            "reply_content": "\u611f\u8b1d\u5206\u4eab\uff0c\u4e0d\u904e\u9019\u500b\u611f\u89ba\u4e5f\u662f\u7528\u5927\u91cf\u53bb\u8ced\u7684\u505a\u6cd5",
            "likeCount": 0
        },
        {
            "reply_id": "UgzzAqoEQuat1VlZ88N4AaABAg",
            "reply_content": "\u6211\u53bb\u904e\u6b38",
            "likeCount": 0
        },
        {
            "reply_id": "Ugy6DsYNn3cAWMgxiNl4AaABAg",
            "reply_content": "\u6211\u7238\u767c\u7968\u4e00\u5927\u5806\u90fd\u6c92\u6709\u4e2d",
            "likeCount": 0
        },
        {
            "reply_id": "Ugz4EytB5H5k6m1T0xN4AaABAg",
            "reply_content": "\u5176\u5be6\u96fb\u5b50\u767c\u7968\u6bd4\u8f03\u5bb9\u6613\u4e2d",
            "likeCount": 0
        },
        {
            "reply_id": "UgzJLkluU1Ne0xGMWzV4AaABAg",
            "reply_content": "\u62ff\u53d1\u7968\u53bb\u53c2\u52a0\u624b\u6447\u6d3b\u52a8",
            "likeCount": 0
        },
        {
            "reply_id": "Ugylw58MbD0aS1piUM54AaABAg",
            "reply_content": "\u597d\u50cf\u6d77\u7dbf\u5bf6\u5bf6\u963f\u91d1\u54c8\u54c8\u54c8\u54c8\u54c8",
            "likeCount": 0
        },
        {
            "reply_id": "UgxZe5nFNflXkIkStrB4AaABAg",
            "reply_content": "\u5c0f\u5029\u597d\u6b63",
            "likeCount": 0
        },
        {
            "reply_id": "UgwoNY-wXG3W0q7Sczt4AaABAg",
            "reply_content": "\u60a8\u5011\u771f\u53ef\u611b",
            "likeCount": 0
        },
        {
            "reply_id": "UgwcEg7ktGuON2twhJt4AaABAg",
            "reply_content": "\u6bd4\u55ae\u7d14\u4e5e\u8a0e\u591a",
            "likeCount": 0
        }
    ]
}