{
    "video_info": {
        "id": "nNsUdWldJX4",
        "channelTitle": "\u597d\u68d2Bump",
        "title": "\u63d0\u544a\u5f8c\u7e8c\uff01\u9178\u6c11\u8dd1\u4f86\u6c42\u6211\u548c\u89e3\uff1f\u7d04\u4f86\u5bb6\u88e1\u5c0d\u8cea\uff01\u3010\u597d\u68d2Bump\u3011",
        "description": "\u4e00\u5e74\u4e0b\u4f86\u4e09\u4e0d\u4e94\u6642\u5c31\u4e00\u76f4\u6703\u6709\u4eba\u8dd1\u4f86\u554f\u6211\uff0c\u63d0\u543f\u9178\u6c11\u6709\u6c92\u6709\u5f8c\u7e8c\u4e86....\uff1f \u4eca\u5929\u4f86\u4e00\u6b21\u8ddf\u5927\u5bb6\u5831\u544a\uff01\n\n#\u63d0\u544a\u9178\u6c11 #\u61f2\u7f70\u9375\u76e4\u624b #\u4f60\u624d\u5a18\u4f60\u5168\u5bb6\u90fd\u5a18\n--------------------------------------------------------- \n\u4e0a\u4e00\u90e8\u5f71\u7247 \u6211\u8cb7\u4e863\u842c\u5143\u7684\u65b0\u51a0\u5feb\u7be9\u8a66\u5291\uff01\u6e2c\u5230\u4e2d\u70ba\u6b62....\uff1f\u3010\u597d\u68d2Bump\u3011https://youtu.be/8kQjwJzgAXw\n\n\u8001\u5b50\u7684IG\uff1ahttps://bit.ly/2JqmmIq\n\u8001\u5b50\u7684FB\uff1ahttps://bit.ly/2s3pwwb",
        "likeCount": "22395",
        "commentCount": "2338",
        "viewCount": "961160"
    },
    "comments": [
        {
            "reply_id": "Ugx_0Ib6F4Bi-zX_RBh4AaABAg",
            "reply_content": "\u4e0b\u5348\u8336\u6703\u4e5f\u592a\u55e8",
            "likeCount": 2
        },
        {
            "reply_id": "Ugw5VQWgs2-6SeOKoQp4AaABAg",
            "reply_content": "\u53ef\u60b2\u7684\u662f\u653f\u5e9c\u6a5f\u95dc\u9084\u662f\u53ef\u4ee5\u7e7c\u7e8c\u767c\u5e03\u4e00\u4e9b\u4e0d\u5be6\u8a00\u8ad6",
            "likeCount": 2
        },
        {
            "reply_id": "Ugx285y_zvmyaCvoW7N4AaABAg",
            "reply_content": "\u5c0a\u91cd\u597d\u50cf\u5f88\u96e3 \u5f88\u591a\u4eba\u770b\u5230\u4e0d\u559c\u6b61\u7684\u7559\u8a00\u5c31\u958b\u53e3\u7f75\u4eba",
            "likeCount": 1
        },
        {
            "reply_id": "UgwhgwAdms77L5idt254AaABAg",
            "reply_content": "\u8acb\u554f\u4e00\u4e0b\u5982\u679c\u516c\u7136\u4fae\u8fb1\u81ea\u5df1\u7684\u4eba\u5728\u570b\u5916\u90a3\u662f\u4e0d\u662f\u5c31\u6c92\u6709\u8fa6\u6cd5\u4e86\uff1f",
            "likeCount": 1
        },
        {
            "reply_id": "UgxpKOM_4xWgxDc3LCp4AaABAg",
            "reply_content": "\u6211\u4e5f\u60f3\u53bb\u514d\u8cbb\u4e0a\u5b57\u5e55",
            "likeCount": 1
        },
        {
            "reply_id": "Ugz9kZ2Fnh-zUt7MJ_J4AaABAg",
            "reply_content": "\u4e00\u5b9a\u60f3\u8aaa\u5e79\u6211\u4e0d\u61c9\u8a72\u4e82\u55c6\u4eba",
            "likeCount": 1
        },
        {
            "reply_id": "Ugz6S8MQ4YTs4T8PbW94AaABAg",
            "reply_content": "\u652f\u6301\u5c0f\u7389",
            "likeCount": 0
        },
        {
            "reply_id": "UgyMa7UphpygCrl_M014AaABAg",
            "reply_content": "\u6240\u4ee5\u73fe\u5728\u548c\u89e3\u9084\u9700\u8981\u8b93\u88ab\u5bb3\u8005\u628a\u5730\u5740\u7b49\u8a73\u7d30\u8cc7\u6599\u7559\u7d66\u52a0\u5bb3\u4eba\u55ce\uff0c\u9019\u600e\u9ebc\u807d\u8d77\u4f86\u6709\u9ede\u5947\u8469",
            "likeCount": 0
        },
        {
            "reply_id": "UgzKzto6J9B05CDpHP54AaABAg",
            "reply_content": "\u597d\u725b",
            "likeCount": 0
        },
        {
            "reply_id": "UgxkkGSeknOfHPvyVDx4AaABAg",
            "reply_content": "\u6211\u9084\u4ee5\u70ba\u5f8c\u9762\u90a3\u7fa4\u4e5f\u662f\u9178\u6c11\u88ab\u7f70",
            "likeCount": 0
        },
        {
            "reply_id": "UgwmV3ujb3dNKI5F2lt4AaABAg",
            "reply_content": "\u897f\u6d0b\u68cb\u4e0d\u662f\u8fd9\u6837\u4e0b\u7684",
            "likeCount": 0
        },
        {
            "reply_id": "UgwV56RuSNVId1cyDwp4AaABAg",
            "reply_content": "\u6bd2\u856d\u5f8b\u5e2b",
            "likeCount": 0
        },
        {
            "reply_id": "UgzBI8AwjzyI-Gxj4zV4AaABAg",
            "reply_content": "\u770b\u4e86\u8d85\u723d",
            "likeCount": 0
        },
        {
            "reply_id": "UgwBO2DL1t4KkJ6CATF4AaABAg",
            "reply_content": "\u8a71\u8aaa\u9019\u897f\u6d0b\u68cb\u7684\u73a9\u6cd5\u600e\u9ebc\u8ddf\u6211\u5370\u8c61\u4e2d\u4e0d\u4e00\u6a23",
            "likeCount": 0
        },
        {
            "reply_id": "Ugx2x2JaMQn5ioUQNr94AaABAg",
            "reply_content": "\u6211\u4ee5\u70ba\u662f\u8b1b\u597d\u7684",
            "likeCount": 0
        },
        {
            "reply_id": "UgzHKVXNvl5K6amsywp4AaABAg",
            "reply_content": "\u9178\u6c11\u592a\u591a\u4e86",
            "likeCount": 0
        },
        {
            "reply_id": "Ugws3pMbnRY4FYleBKN4AaABAg",
            "reply_content": "\u8d85\u597d\u7b11",
            "likeCount": 0
        },
        {
            "reply_id": "UgxzivKjmeeYiaXt8mp4AaABAg",
            "reply_content": "\u90a3\u4e2a\u611f\u52a8\u7684\u97f3\u4e50\u53eb\u4ec0\u4e48\u540d\u5b57",
            "likeCount": 0
        },
        {
            "reply_id": "Ugypq6IWXB6mnMDEESh4AaABAg",
            "reply_content": "\u73fe\u5728\u624d\u77e5\u9053\u539f\u4f86\u9019\u6a23\u544a\u7684\u4e86",
            "likeCount": 0
        },
        {
            "reply_id": "UgyqTaDc926ExyB0PwR4AaABAg",
            "reply_content": "\u897f\u6d0b\u68cb\u662f\u659c\u8457\u5403\u7684\u5566",
            "likeCount": 0
        },
        {
            "reply_id": "UgxQOAM5waM86SdoLUV4AaABAg",
            "reply_content": "\u600e\u9ebc\u627e\u5230\u4eba\u7684",
            "likeCount": 0
        },
        {
            "reply_id": "UgxLNZlmNQDVTLce79J4AaABAg",
            "reply_content": "\u63a8",
            "likeCount": 0
        },
        {
            "reply_id": "UgyEl5w2y5k93SoKglZ4AaABAg",
            "reply_content": "\u7b11\u6b7b",
            "likeCount": 0
        },
        {
            "reply_id": "Ugy1GhBRUthuD4iUCXt4AaABAg",
            "reply_content": "\u597d\u53ef\u611b\u7684\u60e9\u7f70",
            "likeCount": 0
        },
        {
            "reply_id": "Ugy6blpxv_giHADRtcB4AaABAg",
            "reply_content": "\u73a9\u6e38\u6232\u6709\u6642\u6703\u6709\u4e00\u4e9b\u5c0f\u5b69\u7f75\u4eba\u90a3\u90fd\u9084\u597d\u6700\u91cd\u8981\u7684\u662f\u4ed6\u7f75\u7f75\u4e00\u7f75\u7f75\u5230\u5f8c\u9762\u4e0d\u5982\u4ed6\u610f\u4ed6\u6703\u6c61\u8fb1\u4f60\u7236\u6bcd\u9019\u4e9b\u4eba\u52f8\u4e86\u9084\u662f\u4e00\u6a23",
            "likeCount": 0
        }
    ]
}