{
    "video_info": {
        "id": "OTnchXhRqRA",
        "channelTitle": "\u597d\u68d2Bump",
        "title": "\u7dec\u7538\u6551\u63f4\uff01\u4e0a\u767e\u4f4d\u500b\u6848\u537b\u53ea\u6551\u56de13\u4eba\u2026 \u8a50\u9a19\u5712\u5340\u6536\u9322\u537b\u6495\u7968\uff01 \u3010\u597d\u68d2Bump\u3011\u3010\u67ec\u57d4\u5be8\u5f8c\u7e8c\u3011",
        "description": "\u81ea\u5f9e\u67ec\u57d4\u5be8\u4e8b\u4ef6\u4e4b\u5f8c\uff0c\u6211\u4e00\u76f4\u6c92\u6709\u6a5f\u6703\u8ddf\u5927\u5bb6\u597d\u597d\u89e3\u91cb\u6240\u6709\u7684\u72c0\u6cc1\uff0c\u4eca\u5929\u9019\u90e8\u7247\uff0c\u4f86\u8ddf\u5927\u5bb6\u4e00\u6b21\u4ea4\u4ee3\u6e05\u695a\u5427\u3002\n\n#\u7dec\u7538\u6551\u63f4 #\u67ec\u57d4\u5be8\u5f8c\u7e8c\n#\u9023\u8eab\u5fc3\u969c\u7919\u8005\u90fd\u662f\u88ab\u4e0b\u624b\u7684\u5c0d\u8c61\n\n\u6210\u70ba\u9019\u500b\u983b\u9053\u7684\u6703\u54e1\u4e26\u7372\u5f97\u734e\u52f5\uff1a\nhttps://www.youtube.com/channel/UC7XxnhjdYjiQJ3m80K_N_4g/join\n--------------------------------------------------------- \n\u4e0a\u4e00\u90e8\u5f71\u7247 \u5976\u5976\u7684\u73cd\u73e0\u7adf\u50f9\u503c200\u842c\uff01\u62ff\u53bb\u73e0\u5bf6\u9451\u9a57\u771f\u5047\uff1f\uff01\u3010\u597d\u68d2Bump\u3011\u3010\u907a\u7269\u934a\u91d1\u8853\u3011https://youtu.be/zAiWcK3KKg0\n\n\u8001\u5b50\u7684IG\uff1ahttps://bit.ly/2JqmmIq\n\u8001\u5b50\u7684FB\uff1ahttps://bit.ly/2s3pwwb",
        "likeCount": "82648",
        "commentCount": "6020",
        "viewCount": "2112992"
    },
    "comments": [
        {
            "reply_id": "UgyXS_h08i6O9fBBjh14AaABAg",
            "reply_content": "",
            "likeCount": 1
        },
        {
            "reply_id": "Ugxa83JyJn4AKg6oXHR4AaABAg",
            "reply_content": "\u771f\u7684\u5f88\u5049\u5927",
            "likeCount": 0
        },
        {
            "reply_id": "Ugw2RM-wSmuq-PZtg6t4AaABAg",
            "reply_content": "\u6c92\u60f3\u5230\u6797\u4f73\u9f8d\u6709\u8cc7\u52a9",
            "likeCount": 0
        },
        {
            "reply_id": "UgzgB-PY_0tbqci2ZMF4AaABAg",
            "reply_content": "\u4f60\u4e0d\u662f\u6551\u4eba\u4f60\u5728\u5bb3\u4eba\uff0c\u56e0\u70ba\u4f60\u66f4\u591a\u7dec\u7538\u4eba\u8ddf\u67ec\u57d4\u5be8\u4eba\u5bb6\u7834\u4eba\u4ea1",
            "likeCount": 0
        },
        {
            "reply_id": "Ugzm8BtDnf0Zju8XlyB4AaABAg",
            "reply_content": "\u6211\u65e9\u6cc4\u7684\u9322\u61c9\u8a72\u7d66\u4f60\u9818",
            "likeCount": 0
        },
        {
            "reply_id": "UgzbTFasLcwS-NtLnTd4AaABAg",
            "reply_content": "\u653f\u5e9c\u771f\u7684\u6709\u5920\u7121\u80fd",
            "likeCount": 0
        },
        {
            "reply_id": "UgyTQ7w2n8is0BUo2ax4AaABAg",
            "reply_content": "\u5148\u751f\u5927\u4e49",
            "likeCount": 0
        },
        {
            "reply_id": "UgxBe4E4iIf8gprOXWV4AaABAg",
            "reply_content": "\u6709\u6c92\u6709\u60f3\u904e\u6bba\u4e86\u8a50\u9a19",
            "likeCount": 0
        },
        {
            "reply_id": "Ugy_sS1tfj7K5jZo_0B4AaABAg",
            "reply_content": "\u52a0\u6cb9",
            "likeCount": 0
        },
        {
            "reply_id": "Ugzsp8VlwrRT6zUOucR4AaABAg",
            "reply_content": "\u52a0\u6cb9",
            "likeCount": 0
        },
        {
            "reply_id": "UgxwdyS_HtBJvU0AeB94AaABAg",
            "reply_content": "\u52a0\u6cb9",
            "likeCount": 0
        },
        {
            "reply_id": "UgwOilhK2gE1ssPGVqV4AaABAg",
            "reply_content": "\u516c\u5fb7\u7121\u91cf\u611f\u8b1d\u9084\u597d\u6709\u4f60\u5011\u9019\u7fa4\u4eba",
            "likeCount": 0
        },
        {
            "reply_id": "UgwYAh7PHa18vNlo6TF4AaABAg",
            "reply_content": "\u611f\u8b1d\u53ef\u4ee5\u5e6b\u5fd9\u6551\u51fa\u9019\u4e9b\u4eba",
            "likeCount": 0
        },
        {
            "reply_id": "UgzigcEiFTfyoteDWW94AaABAg",
            "reply_content": "\u4f60\u628a\u4f60\u7684\u6551\u63f4\u8ba1\u5212\u5b8c\u5b8c\u6574\u6574\u7684\u653e\u5728\u7f51\u4e0a\u662f\u60f3\u8ba9\u8bc8\u9a97\u96c6\u56e2\u77e5\u9053\u4f60\u4eec\u662f\u600e\u6837\u6551\u4eba\u7684\u5417",
            "likeCount": 0
        },
        {
            "reply_id": "UgzL0M3LHAcxG6114ad4AaABAg",
            "reply_content": "\u5049\u5927",
            "likeCount": 0
        },
        {
            "reply_id": "Ugw_XW_T1Sikimh90Mx4AaABAg",
            "reply_content": "\u5927\u5bb6\u8981\u4e0d\u8981\u7ec4\u56e2\u53bb\u7f05\u7538\u4ee3\u8d2d",
            "likeCount": 0
        },
        {
            "reply_id": "Ugyf6GqbAUZPQD2nk_h4AaABAg",
            "reply_content": "\u5c31\u53ea\u6709\u6211\u5011\u81ea\u5df1\u570b\u5bb6\u7684\u653f\u5e9c\u7121\u4f5c\u70ba\uff0c\u9084\u907f\u91cd\u6551\u6e05",
            "likeCount": 0
        },
        {
            "reply_id": "Ugwr74m4VgtYHYOrGmp4AaABAg",
            "reply_content": "\u628a\u9019\u4e9b\u5730\u65b9\u6241\u5e73\u5c31\u662f \u4ed6\u59b9\u59b9\u7684\u4ee5\u70ba\u4eba\u597d\u6b3a\u8ca0",
            "likeCount": 0
        },
        {
            "reply_id": "UgyLRmQRHSBZG8Gr4Ah4AaABAg",
            "reply_content": "\u725b\u903c\u7684\u53c9",
            "likeCount": 0
        },
        {
            "reply_id": "UgxvTVya2chF6TrDkBF4AaABAg",
            "reply_content": "\u56de\u9988\u793e\u4f1a",
            "likeCount": 0
        },
        {
            "reply_id": "Ugy-h8cp_8eiLvRYjNV4AaABAg",
            "reply_content": "\u5047\u7684\u8abf\u67e5\u5c40\u6253\u4f86\u7684",
            "likeCount": 0
        },
        {
            "reply_id": "Ugzk9ABlXd045KeCNHh4AaABAg",
            "reply_content": "\u8b1d\u8b1d\u4f60\u5c0d\u53f0\u7063\u7684\u4ed8\u51fa",
            "likeCount": 0
        },
        {
            "reply_id": "UgzF-c47vJvLaB6vqWd4AaABAg",
            "reply_content": "\u529f\u5fb7\u65e0\u91cf",
            "likeCount": 0
        },
        {
            "reply_id": "UgxwgjxRA2oXlhC8rBx4AaABAg",
            "reply_content": "\u90fd\u88ab\u6740\u5bb3\u4e86",
            "likeCount": 0
        },
        {
            "reply_id": "UgzM3iyQbHnpT6cHfh14AaABAg",
            "reply_content": "\u52a0\u6cb9",
            "likeCount": 0
        }
    ]
}