{
    "video_info": {
        "id": "pjdXm5qUIRQ",
        "channelTitle": "\u597d\u68d2Bump",
        "title": "\u7576\u6b63\u59b9\u4f4f\u6211\u5bb6\u4e00\u665a\u6642\u7684\u934a\u91d1\u8853\uff01\u3010\u597d\u68d2Bump\u3011",
        "description": "\u60f3\u8981\u5e8a\u588a\u53ef\u4ee5\u53bb\u9019\u88e1\u8cb7\uff01https://reurl.cc/XeR8qj\n\n\u4eca\u5929\u516c\u958b\u8ca9\u552e\u4f4f\u6211\u5bb6\u4e00\u665a\uff0c\u770b\u770b\u53ef\u4ee5\u6488\u591a\u5c11\u9322\uff5e\n\n#\u516b\u661f\u7d1a\u4eab\u53d7 #1\u665a3\u842c5 #\u9806\u4fbf\u696d\u914d\u4e00\u6ce2\n\n\u6210\u70ba\u9019\u500b\u983b\u9053\u7684\u6703\u54e1\u4e26\u7372\u5f97\u734e\u52f5\uff1a\nhttps://www.youtube.com/channel/UC7XxnhjdYjiQJ3m80K_N_4g/join\n\n--------------------------------------------------------- \r\n\u4e0a\u4e00\u90e8\u5f71\u7247 \u7576SWAG\u5230\u5bb6\u88e1\u62cd\u7247\u6642\u7684\u934a\u91d1\u8853\uff01\u4e00\u5929\u5c31\u80fd\u8cfa5\u842c\uff01\u3010\u597d\u68d2Bump\u3011https://youtu.be/Jl81lIySG7M\n\n\u8001\u5b50\u7684IG\uff1ahttps://bit.ly/2JqmmIq\r\n\u8001\u5b50\u7684FB\uff1ahttps://bit.ly/2s3pwwb",
        "likeCount": "16974",
        "commentCount": "690",
        "viewCount": "1376900"
    },
    "comments": [
        {
            "reply_id": "UgxLX7PfPnovHFBsZEd4AaABAg",
            "reply_content": "\u6211\u662f\u7f6e\u9802\u845b\u683c",
            "likeCount": 1678
        },
        {
            "reply_id": "UgyvupPUErQ1vGTm6yd4AaABAg",
            "reply_content": "\u9694\u4e00\u5e74\u518d\u770b\u4e00\u6b21\u771f\u6709\u8da3",
            "likeCount": 4
        },
        {
            "reply_id": "Ugy2Minnt-C4Ls6APoN4AaABAg",
            "reply_content": "\u626f\u9234\u771f\u7684\u6709\u626f\u5230",
            "likeCount": 1
        },
        {
            "reply_id": "Ugz28pxszrJLA-8B8FV4AaABAg",
            "reply_content": "\u770b\u7b2c\u4e8c\u6b21\u9084\u7b11\u7206\u54c8\u54c8\u54c8",
            "likeCount": 1
        },
        {
            "reply_id": "UgzOw8QBXScKyM1j9xV4AaABAg",
            "reply_content": "\u597d\u859b",
            "likeCount": 0
        },
        {
            "reply_id": "Ugw-FMHoe3NgIU8tTFd4AaABAg",
            "reply_content": "\u54c8\u54c8\u54c8\u54c8\u54c8\u54c8\u54c8\u54c8\u54c8",
            "likeCount": 0
        },
        {
            "reply_id": "Ugyt5G6tcO6-Tmj02LN4AaABAg",
            "reply_content": "\u5973\u50d5\u5011\u5531\u6b4c\u5176\u5be6\u6eff\u597d\u807d",
            "likeCount": 0
        },
        {
            "reply_id": "UgxHTO0VOakz6bOPGuh4AaABAg",
            "reply_content": "\u93c8\u92f8\u4eba",
            "likeCount": 0
        },
        {
            "reply_id": "UgwwEoMnenljKeegWXF4AaABAg",
            "reply_content": "\u4e3b\u8981\u662f\u8c93\u966a\u7761\u6bd4\u8f03\u6709\u6548",
            "likeCount": 0
        },
        {
            "reply_id": "UgzdpR_sUx-Y9nedByx4AaABAg",
            "reply_content": "\u54c8\u54c8\u54c8\u54c8\u54c8\u54c8\u54c8",
            "likeCount": 0
        },
        {
            "reply_id": "Ugw2RMxyCmjgxhls7HB4AaABAg",
            "reply_content": "\u592a\u6709\u624d\u4e86",
            "likeCount": 0
        },
        {
            "reply_id": "UgyI-Cjhhfuqfl-sn8x4AaABAg",
            "reply_content": "\u7529\u8774\u8776\u5200\u662f\u4e09\u5c0f\u54c8\u54c8\u54c8",
            "likeCount": 0
        },
        {
            "reply_id": "Ugyd7jkASlSYPkJuh914AaABAg",
            "reply_content": "\u6211\u4e5f\u8981\u79df\u7d66\u9019\u4f4d\u6b63\u59b9",
            "likeCount": 0
        },
        {
            "reply_id": "Ugxtlfd_WJKk_LezVHx4AaABAg",
            "reply_content": "\u6211\u5f88\u597d\u5947\u4ed6\u5f8c\u9762\u7684\u5230\u5e95\u662f\u5728\u8aaa\u4ec0\u9ebc",
            "likeCount": 0
        },
        {
            "reply_id": "Ugyr0NsEwheW0S3Muil4AaABAg",
            "reply_content": "\u90a3\u4e2a\u626f\u94c3\u771f\u7684\u592a\u597d\u7b11\u4e86",
            "likeCount": 0
        },
        {
            "reply_id": "UgxutlGTa4oqffMfYZ94AaABAg",
            "reply_content": "\u696d\u914d\u5e8a",
            "likeCount": 0
        },
        {
            "reply_id": "UgyUEat5gOv7V_hA3yJ4AaABAg",
            "reply_content": "\u4ed6\u5abd\u90a3\u96bb\u8c93\u53eb\u808f\u86cb",
            "likeCount": 0
        },
        {
            "reply_id": "Ugxmst10g-MG9MGUpQN4AaABAg",
            "reply_content": "\u8d85\u597d\u7b11",
            "likeCount": 0
        },
        {
            "reply_id": "UgxMZtFU-YXLal2SCE54AaABAg",
            "reply_content": "\u4e09\u4f4d\u597d\u53ef\u6190",
            "likeCount": 0
        },
        {
            "reply_id": "UgyF3pj8tzYl2CogFGV4AaABAg",
            "reply_content": "\u807d\u5230\u570b\u5916\u9802\u7d1a\u7ba1\u5bb6\u5c31\u77e5\u9053\u4e0d\u5c0d\u4e86",
            "likeCount": 0
        },
        {
            "reply_id": "Ugxt_ALYbI-zNoQkAWJ4AaABAg",
            "reply_content": "\u54c8\u54c8\u54c8",
            "likeCount": 0
        },
        {
            "reply_id": "UgyK7P1goydk52Xqep94AaABAg",
            "reply_content": "\u4e71\u4e03\u516b\u7cdf",
            "likeCount": 0
        },
        {
            "reply_id": "Ugz5_5Q925t3mVBOmr94AaABAg",
            "reply_content": "\u9019\u6a23\u53c8\u88ab\u4f60\u8cfa\u5230\u76c6\u6eff\u7f3d\u6eff\u4e86",
            "likeCount": 0
        },
        {
            "reply_id": "Ugx-AMEKes4CZNRy9WR4AaABAg",
            "reply_content": "\u62cb\u9234\u6c92\u6210\u529f",
            "likeCount": 0
        },
        {
            "reply_id": "UgzyTa07kIH9UtnCteN4AaABAg",
            "reply_content": "\u626f\u9234",
            "likeCount": 0
        }
    ]
}