{
    "video_info": {
        "id": "Q12vSYo-zBg",
        "channelTitle": "\u597d\u68d2Bump",
        "title": "\u7576\u6211\u9047\u5230\u535a\u5f08\u8a50\u9a19\u6642\u7684\u934a\u91d1\u8853\uff0110\u5206\u9418\u8cfa5\u842c\uff01\u3010\u597d\u68d2Bump\u3011@\u86cb\u5854 EGGTA",
        "description": "\u96d6\u7136\u8ced\u535a\u5f88\u5371\u96aa\uff0c\u4f46\u662fYou only live once\uff0c\u6240\u4ee5\u6211\u8c41\u51fa\u53bb\u4e86\uff01\u800c\u4e14We did it\uff01\n\n#WeDidIt #\u53ca\u6642\u884c\u6a02 #\u54a6\u4e0d\u662f\u8981\u8e22\u7206\u55ce\n\n\u6210\u70ba\u9019\u500b\u983b\u9053\u7684\u6703\u54e1\u4e26\u7372\u5f97\u734e\u52f5\uff1a\nhttps://www.youtube.com/channel/UC7XxnhjdYjiQJ3m80K_N_4g/join\n\n--------------------------------------------------------- \r\n\u4e0a\u4e00\u90e8\u5f71\u7247 \u76f4\u64ad\u8a50\u9a19\uff01\u5047\u611f\u60c5\u771f\u52d2\u7d22110\u842c\uff01\u5f9e\u982d\u5230\u5c3e\u7adf\u53ea\u662f\u5c0f\u7de8\u5728\u966a\u4f60\u804a\u5929\uff01\u3010\u597d\u68d2Bump\u3011https://www.youtube.com/watch?v=XSHWYBAq8qw&feature=youtu.be\n\r\n\u8001\u5b50\u7684IG\uff1ahttps://bit.ly/2JqmmIq\r\n\u8001\u5b50\u7684FB\uff1ahttps://bit.ly/2s3pwwb",
        "likeCount": "13622",
        "commentCount": "2362",
        "viewCount": "1057728"
    },
    "comments": [
        {
            "reply_id": "Ugz3ZOTndX8ivynm5Ql4AaABAg",
            "reply_content": "\u6211\u53ea\u662f\u4e00\u500b\u7f6e\u9802\u7559\u8a00",
            "likeCount": 1880
        },
        {
            "reply_id": "UgxemdeGK7gyUzvX2MJ4AaABAg",
            "reply_content": "\u5176\u5be6\u9084\u662f\u5f88\u591a\u6b63\u6d3e\u7d93\u71df\u7684\u5a1b\u6a02\u57ce\uff0c\u4e0d\u80fd\u4e00\u9846\u8001\u9f20\u5c4e\u6253\u58de\u4e00\u934b\u7ca5",
            "likeCount": 2
        },
        {
            "reply_id": "UgxNCeuEMTz4pvjXSWV4AaABAg",
            "reply_content": "\u8a50\u9a19\u96c6\u5718\u4ee5\u70ba\u662f\u8981\u9a19\u5225\u4eba\u6c92\u60f3\u5230\u81ea\u5df1\u88ab\u9a19",
            "likeCount": 2
        },
        {
            "reply_id": "UgzK304LkWumyFKcBqx4AaABAg",
            "reply_content": "\u86cb\u5854\u845b\u683c\u597d\u5e25\u53c8\u6709\u9322\u771f\u597d",
            "likeCount": 0
        },
        {
            "reply_id": "UgxTrm2-JrxO-wwtChl4AaABAg",
            "reply_content": "\u653e\u5c0f\u9b5a\u91e3\u5927\u9b5a",
            "likeCount": 0
        },
        {
            "reply_id": "UgwnLMIZj9ZALiB-ej14AaABAg",
            "reply_content": "\u5e33\u6236\u51cd\u7d50\u4e86\u6c92",
            "likeCount": 0
        },
        {
            "reply_id": "Ugywgm2JrzgSKb5rXsx4AaABAg",
            "reply_content": "\u6211\u53f0\u5927\u8cc7\u6e90\u73ed",
            "likeCount": 0
        },
        {
            "reply_id": "Ugyctj4EwDsS7m07ga14AaABAg",
            "reply_content": "\u5982\u679c\u62cd\u8eab\u4efd\u8b49\u548c\u5b58\u647a\u7d66\u5225\u4eba\u5225\u4eba\u6703\u62ff\u53bb\u505a\u4e0d\u6cd5\u5229\u7528\u55ce\uff1f",
            "likeCount": 0
        },
        {
            "reply_id": "UgzWRoIxrpSPjPdHk-Z4AaABAg",
            "reply_content": "\u6b64\u7247\u88ab\u64f7\u53d6\u8b8a\u6210\u8a50\u9a19\u5ee3\u544a\u4e86",
            "likeCount": 0
        },
        {
            "reply_id": "UgwY_Qvyezycdugs7A54AaABAg",
            "reply_content": "\u54c7\u6211\u60f3\u5230\u4e86\u518d\u627e\u4e00\u500b\u65b0\u4eba\u4f60\u5011\u5728\u7d66\u8001\u5e2b\u5e36\u4e00\u6b21\u65c1\u908a\u8ddf\u4e0a\u5c31\u4e00\u5929\u8cfa\u98fd\u98fd\u4e86\u54c8\u54c8\u54c8",
            "likeCount": 0
        },
        {
            "reply_id": "UgzKR4Mp2k-vmhvA0094AaABAg",
            "reply_content": "\u5feb\u7b11\u6b7b",
            "likeCount": 0
        },
        {
            "reply_id": "UgzV4be0fH1K_0iKHn94AaABAg",
            "reply_content": "\u8d62\u94b1\u65b9\u6cd5\u5b66",
            "likeCount": 0
        },
        {
            "reply_id": "UgxSmLwdi2TXRpKYOr54AaABAg",
            "reply_content": "\u6211\u5168\u90e8\u90fd\u8981",
            "likeCount": 0
        },
        {
            "reply_id": "Ugz5OomvplfhL7i5Njl4AaABAg",
            "reply_content": "\u771f\u7684\u5594",
            "likeCount": 0
        },
        {
            "reply_id": "Ugwrnnc1gXVSZDVEdKl4AaABAg",
            "reply_content": "\u62bd",
            "likeCount": 0
        },
        {
            "reply_id": "Ugxhz2-AwAVxIqy39EF4AaABAg",
            "reply_content": "\u6211\u4e5f\u8981\u6d17\u9322\u4e86",
            "likeCount": 0
        },
        {
            "reply_id": "Ugz8nv28IMtX0NYkgq54AaABAg",
            "reply_content": "\u8f38\u591a\u8d0f\u5c11",
            "likeCount": 0
        },
        {
            "reply_id": "Ugwsz_Cjl2rkGgqlJ7R4AaABAg",
            "reply_content": "\u53f0\u5927\u52a0\u4e00",
            "likeCount": 0
        },
        {
            "reply_id": "UgzJcQ8hNV1euBXXBUB4AaABAg",
            "reply_content": "\u6211\u89ba\u5f97\u53ef\u4ee5\u73a9\u770b\u770b",
            "likeCount": 0
        },
        {
            "reply_id": "UgyjDPPGoL7Ft428s8F4AaABAg",
            "reply_content": "\u5351\u9119\u6e90\u4e4b\u52a9",
            "likeCount": 1
        },
        {
            "reply_id": "UgyMBmtMPUw_LIxabkl4AaABAg",
            "reply_content": "\u52a0\u4e00",
            "likeCount": 0
        },
        {
            "reply_id": "Ugwvtj5LbLjKoIauDLd4AaABAg",
            "reply_content": "\u990a\u5957\u6bba",
            "likeCount": 0
        },
        {
            "reply_id": "UgxR1WIIDdcUUZ5JTYB4AaABAg",
            "reply_content": "\u5c31\u662f\u7b49\u65bc\u958b\u5f88\u591a\u5e33\u865f\u7136\u5f8c\u53ea\u505a\u65b0\u624b\u6559\u5b78\u4f60\u5c31\u7121\u9650\u6d17\u9322",
            "likeCount": 0
        },
        {
            "reply_id": "UgyC51mEi7-CnGw8RBN4AaABAg",
            "reply_content": "\u96c6\u4f53\u4eba\u982d\u6236",
            "likeCount": 0
        },
        {
            "reply_id": "Ugy2z62dj-ItVChBg8p4AaABAg",
            "reply_content": "\u672c\u8eab\u5317\u4eac\u8cfd\u8eca\u5c31\u662f\u4e00\u500b\u8a50\u9a19\u7684\u6771\u897f\uff5e\u5c0f\u9322\u4ed6\u4e0d\u60f3\u9a19",
            "likeCount": 0
        }
    ]
}