{
    "video_info": {
        "id": "qgcr0mMYwpM",
        "channelTitle": "\u597d\u68d2Bump",
        "title": "\u9ed1\u7db2\u5a1b\u6a02\u57ce\uff01\u7528\u9ad8\u984d\u7372\u5229\u9a19\u4f60\u6295\u8cc7\uff01\u7adf\u9084\u6709\u7db2\u7d05\u5e6b\u5fd9\u5ba3\u50b3\uff01\uff1f\u3010\u597d\u68d2Bump\u3011\u3010\u8a50\u9a19\u89e3\u78bc\u3011",
        "description": "\u9019\u4e00\u6b21\u6211\u82b1\u4e86\u534a\u5e74\u7684\u6642\u9593\u7814\u7a76\uff0c\u7d42\u65bc\u89e3\u5bc6\u4e86\u6574\u500b\u9ed1\u7db2\u8a50\u9a19\u7684\u6d41\u7a0b\uff0c\u5e0c\u671b\u5f9e\u6b64\u4ee5\u5f8c\u9ed1\u7db2\u8a50\u9a19\u53ef\u4ee5\u6d88\u5931\u3002\n\n#\u8a50\u9a19\u89e3\u78bc #\u9ed1\u7db2\u5a1b\u6a02\u57ce #\u9ea5\u64f1\u9a19\u554a\n--------------------------------------------------------- \n\u4e0a\u4e00\u90e8\u5f71\u7247 \u5168\u9762\u8abf\u67e5\u60e1\u8cea\u7db2\u7f8e\u7684\u6027\u4ea4\u6613\u904e\u7a0b\uff01\u4e0d\u8981\u518d\u62b9\u9ed1\u6211\u7092\u65b0\u805e\u4e86\uff01\u3010\u597d\u68d2Bump\u3011https://youtu.be/lI_orBKz6nA\n\n\u8001\u5b50\u7684IG\uff1ahttps://bit.ly/2JqmmIq\n\u8001\u5b50\u7684FB\uff1ahttps://bit.ly/2s3pwwb",
        "likeCount": "50076",
        "commentCount": "3287",
        "viewCount": "1364927"
    },
    "comments": [
        {
            "reply_id": "UgwsQhVM7XTRQbusNX14AaABAg",
            "reply_content": "\u652f\u6301\u9019\u500b\u983b\u9053\u7d66\u5927\u773e\u6709\u6b63\u9762\u7684\u5e6b\u52a9",
            "likeCount": 2
        },
        {
            "reply_id": "UgxUNvX1IEkA1ZTF5AN4AaABAg",
            "reply_content": "\u6578\u4f4d\u90e8\u53ef\u4ee5\u95dc\u9580\u4e86",
            "likeCount": 1
        },
        {
            "reply_id": "UgwjNvP65x-dlqxS0al4AaABAg",
            "reply_content": "\u6b63\u7fa9\u4f7f\u8005",
            "likeCount": 1
        },
        {
            "reply_id": "UgzE1ifVjBJuCTBOjUx4AaABAg",
            "reply_content": "\u4f60\u5011\u771f\u7684\u5f88\u7528\u5fc3\u826f\u82e6\u70ba\u5168\u53f0\u7063\u4eba\u6c11\u9632\u8a50\u9a19!\u611f\u8b1d\u4f60\u5011",
            "likeCount": 1
        },
        {
            "reply_id": "UgxKvWyPllNyTbsYt2t4AaABAg",
            "reply_content": "\u9019\u96c6\u505a\u7684\u592a\u597d\u4e86",
            "likeCount": 0
        },
        {
            "reply_id": "UgyfJU3owxsnoONKWd54AaABAg",
            "reply_content": "\u6211\u7559\u8a00\u4e00\u4e0b\u770b\u770b\u7aae\u9b3c\u7684\u5fbd\u7ae0",
            "likeCount": 0
        },
        {
            "reply_id": "Ugy6dNGhMYsGpbgo9lt4AaABAg",
            "reply_content": "\u60f3\u8acb\u554f\u6240\u6709\u767e\u5bb6\u6a02\u8001\u5e2b\u5e36\u724c\u90fd\u6703\u6545\u610f\u8b1b\u53cd\u724c\u8b93\u4f60\u8f38\u55ce",
            "likeCount": 0
        },
        {
            "reply_id": "UgwVlfIIr8uixWgPl6p4AaABAg",
            "reply_content": "\u5168\u90e8\u90fd\u662f\u8bc8\u9a97\u5e73\u53f0\u53cd\u6b63\u4e2d\u56fd\u516c\u5b89\u4e0d\u4f1a\u6293",
            "likeCount": 0
        },
        {
            "reply_id": "Ugw4xIkXoCmbMlI5x0t4AaABAg",
            "reply_content": "\u7db2\u8def\u8cc7\u8a0a\u592a\u767c\u9054\u624d\u8b93\u8a50\u9a19\u96c6\u5718\u6709\u6a5f\u53ef\u8d81\u554a",
            "likeCount": 0
        },
        {
            "reply_id": "UgyxS5LjhiqufVDIo3Z4AaABAg",
            "reply_content": "\u7531\u8877\u8b1d\u8b1d\u4f60",
            "likeCount": 0
        },
        {
            "reply_id": "UgyJt8N-r9UbFuHFJ9p4AaABAg",
            "reply_content": "\u7c89\u9be8\u7684\u806f\u5408\u54c0\u5c45\u5ee3\u544a\u8a50\u6b3a \u6709\u6c92\u6709\u8fa6\u6cd5\u62cd\u4e00\u96c6",
            "likeCount": 0
        },
        {
            "reply_id": "Ugy_A8KzED4pFVEkMNR4AaABAg",
            "reply_content": "\u6c92\u8fa6\u6cd5\u73fe\u5728\u53ea\u6709\u8a50\u9a19\u624d\u80fd\u8cfa\u9322\u554a",
            "likeCount": 0
        },
        {
            "reply_id": "Ugx_aiGvI90Di-IpGhd4AaABAg",
            "reply_content": "\u9019\u500b\u7bc0\u76ee\u505a\u7684\u5f88\u68d2\u5be6\u662f\u6c42\u4e8b",
            "likeCount": 0
        },
        {
            "reply_id": "UgxSc1_o7ucS3WOD9SR4AaABAg",
            "reply_content": "\u60f3\u770b\u68d2\u68d2\u8e22\u7206\u7db2\u8def\u5a1b\u6a02\u57ce\n\u4ec0\u9ebc\u661f\u57ce\u5305\u4f60\u767c\u795e\u4f86\u4e5f\u6bcf\u5929\u4e00\u76f4\u6d17\u771f\u7684\u5f88\u8a87\u5f35",
            "likeCount": 0
        },
        {
            "reply_id": "Ugw7wVKGMKRINPOuhH54AaABAg",
            "reply_content": "\u5176\u4e2d\u4e00\u5f35\u5f35\u7167\u7247\u662f\u70cf\u9d09\u5427\u54c8\u54c8\u54c8",
            "likeCount": 0
        },
        {
            "reply_id": "UgzqkjIBc8FYviHAJnx4AaABAg",
            "reply_content": "\u597d\u68d2",
            "likeCount": 1
        },
        {
            "reply_id": "UgybPbi_syQYXNk3lFN4AaABAg",
            "reply_content": "\u6211\u5728\u7336\u8c6b\u4e00\u500b\u6253\u96f7\u795e\u7684\u8ddf\u767e\u5bb6\u6a02\u6211\u4e5f\u5728\u60f3\u5230\u5e95\u8981\u4e0d\u8981\u5132\u503c \u8ab0\u80fd\u7d66\u6211\u7b54\u6848",
            "likeCount": 0
        },
        {
            "reply_id": "UgwP3WQOTDvNJzgePph4AaABAg",
            "reply_content": "\u4e7e\u90a3\u500b\u5047\u88dd\u6aa2\u5bdf\u5b98\u90a3\u500b\u771f\u7684\u807d\u4e86\u5f88\u75db\u82e6\u5f88\u96e3\u904e \u807d\u4e86\u6703\u54ed",
            "likeCount": 0
        },
        {
            "reply_id": "UgxEaT-YQbDGvMQG_up4AaABAg",
            "reply_content": "\u8cb4\u8cd3\u72d7",
            "likeCount": 0
        },
        {
            "reply_id": "UgxcMwf8ASKAf9a3i6h4AaABAg",
            "reply_content": "\u73fe\u5728\u7684\u8a50\u9a19\u5df2\u7d93\u4e0d\u662f\u5229\u7528\u4eba\u7684\u8caa\u5fc3\u4e86\uff0c\u800c\u662f\u5a01\u8105\u5229\u8a98\u8ddf\u4eba\u6027\u672c\u5584\u7684\u5229\u7528\u4e86",
            "likeCount": 0
        },
        {
            "reply_id": "UgzZLJ2LBLnWeqf_sch4AaABAg",
            "reply_content": "\u653f\u5e9c\u5728\u7761\u89ba\u5fd9\u9078\u8209",
            "likeCount": 0
        },
        {
            "reply_id": "UgycapwN1Ujqrmds7YV4AaABAg",
            "reply_content": "\u6709\u5f88\u591a\u7c89\u7684\u5973\u7db2\u7d05\u63a8\u7480\u74a8\u5e1d\u570b\u88ab\u52d5\u6536\u5165\u53ef\u4ee5\u53bb\u770b\u662f\u4e0d\u662f\u8a50\u9a19\u55ce",
            "likeCount": 0
        },
        {
            "reply_id": "UgywKIIZxj0hT6yeeLR4AaABAg",
            "reply_content": "\u8001\u5e2b\u5e36\u4f60\u8667\u9322",
            "likeCount": 0
        },
        {
            "reply_id": "UgyXGL9HsjE3OLGLcfp4AaABAg",
            "reply_content": "\u8aaa\u5f97\u592a\u597d\u4e86",
            "likeCount": 0
        },
        {
            "reply_id": "UgxHn6MXEcyyNDDMMbl4AaABAg",
            "reply_content": "\u4e00\u7fa4\u8a72\u6b7b\u5211\u7684\u4eba",
            "likeCount": 0
        }
    ]
}