{
    "video_info": {
        "id": "qnS7fIQ5Wpo",
        "channelTitle": "\u597d\u68d2Bump",
        "title": "\u6211\u8fa6\u4e86\u4e00\u5834\u767e\u4eba\u6d3e\u5c0d\uff01\u7c73\u5176\u6797\u4e09\u661f\u4e3b\u5eda+20\u842c\u5927\u734e\u73a9\u5230\u723d\uff01\u3010\u597d\u68d2Bump\u3011\u3010\u6d3e\u5c0d\u934a\u91d1\u8853\u3011",
        "description": "\u4ed8\u8cbb\u8a02\u95b1\u9023\u7d50\uff1ahttps://www.youtube.com/channel/UC7XxnhjdYjiQJ3m80K_N_4g/join\n\n\u6c92\u4ec0\u9ebc\uff0c\u9019\u5c31\u662f\u6211\u7684\u4ed8\u8cbb\u8a02\u95b1\u79c1\u4eba\u6d3e\u5c0d\u3002\n\n#\u767e\u4eba\u8d0f\u8db4 #\u5343\u576a\u6c11\u5bbf #\u4e0b\u4e00\u58349\u670826\u865f\n--------------------------------------------------------- \n\u4e0a\u4e00\u90e8\u5f71\u7247\u6211\u9047\u5230\u4e86\u96fb\u5546\u8a50\u9a19\u96c6\u5718\uff01\u8ca8\u5230\u4ed8\u6b3e\u8ce3\u5047\u8ca8\uff01\u5831\u8b66\u7adf\u4e5f\u6c92\u7528\uff01\uff1f\u3010\u597d\u68d2Bump\u3011https://youtu.be/RkY0dIppwPY\n\n\u8001\u5b50\u7684IG\uff1ahttps://bit.ly/2JqmmIq\n\u8001\u5b50\u7684FB\uff1ahttps://bit.ly/2s3pwwb",
        "likeCount": "9649",
        "commentCount": "561",
        "viewCount": "657248"
    },
    "comments": [
        {
            "reply_id": "Ugz9uHL-09_J5IhCQfB4AaABAg",
            "reply_content": "\u4e7e\u8d85\u611b\u9019\u7a2e\u98a8\u683c\u7684\u6d3e\u5c0d\uff0c\u662f\u53ea\u6709\u6700\u9ad8\u7d1a\u6703\u54e1\u624d\u80fd\u53c3\u52a0\u55ce",
            "likeCount": 4
        },
        {
            "reply_id": "UgxkfREqavKATJz9LNl4AaABAg",
            "reply_content": "",
            "likeCount": 2
        },
        {
            "reply_id": "UgyYgrlaCbcN16qclZV4AaABAg",
            "reply_content": "\u5e0c\u671b\u5927\u5bb6\u90fd\u6709\u597d\u4eba\u54c1",
            "likeCount": 1
        },
        {
            "reply_id": "Ugww09k-hA_FGl9Xgcl4AaABAg",
            "reply_content": "\u7fa4\u773e\u8ced\u535a\u4e0d\u6703\u88ab\u6293\u55ce",
            "likeCount": 0
        },
        {
            "reply_id": "UgwB6WV1YmYPbx-vYSp4AaABAg",
            "reply_content": "\u8ab0\u5077\u7aca\u554a\u6c92\u54c1",
            "likeCount": 0
        },
        {
            "reply_id": "Ugy-RZVpzIbEgGC9U094AaABAg",
            "reply_content": "",
            "likeCount": 0
        },
        {
            "reply_id": "UgxecBqqPGMhrHkOTGt4AaABAg",
            "reply_content": "\u4f60\u5011\u90a3\u88e1\u7684\u4eba\u90fd\u4e0d\u8981\u7f75\u9ad2\u8a71\u597d\u55ce",
            "likeCount": 0
        },
        {
            "reply_id": "Ugz__M9oP-5TuBUEbp54AaABAg",
            "reply_content": "\u4f60\u597d\u6709\u9322\u5594",
            "likeCount": 0
        },
        {
            "reply_id": "UgyLM0uHJeLH3XQ-fe94AaABAg",
            "reply_content": "\u592a\u72c2\u4e86\u5427",
            "likeCount": 0
        },
        {
            "reply_id": "UgxGcjCLTIN9AqB_0tt4AaABAg",
            "reply_content": "\u9019\u983b\u9053\u53ea\u8981\u51fa\u73fe\u5728\u6211\u6e05\u55ae\u4e00\u6b21 \u6211\u5c31\u6aa2\u8209\u4e00\u6b21\u52a0\u5012\u8b9a",
            "likeCount": 0
        },
        {
            "reply_id": "UgxgCTVBd1whUC8QodR4AaABAg",
            "reply_content": "\u6211\u60f3\u8ddf\u4f60\u6df7",
            "likeCount": 0
        },
        {
            "reply_id": "UgzWAsRqWlbJo5646WZ4AaABAg",
            "reply_content": "\u6211\u6c92\u6709\u4f46\u6211\u9999\u60f3\u53bb",
            "likeCount": 0
        },
        {
            "reply_id": "Ugx2tSAZ9sSIxpGHey14AaABAg",
            "reply_content": "\u4f60\u4f4f\u54ea",
            "likeCount": 0
        },
        {
            "reply_id": "UgxKKLgeQVGf7tnZYIh4AaABAg",
            "reply_content": "\u985e\u6b63\u7d71\u7f8e\u5f0f\u6d3e\u5c0d",
            "likeCount": 0
        },
        {
            "reply_id": "UgzlI4g7a7h_cojUq714AaABAg",
            "reply_content": "\u72c2\u66b4",
            "likeCount": 0
        },
        {
            "reply_id": "UgyYrRRMWVLgMngimAN4AaABAg",
            "reply_content": "\u5976\u5927\u7684\u4e00\u5806",
            "likeCount": 0
        },
        {
            "reply_id": "UgzAY33dbyrSxWmR3XR4AaABAg",
            "reply_content": "\u7fa4\u7d44\u5e7e\u500b\u4eba\u4e86",
            "likeCount": 0
        },
        {
            "reply_id": "Ugy5JMX0OXSG8csaKGF4AaABAg",
            "reply_content": "\u4e0d\u77e5\u9053\u600e\u9ebc\u7528\u4ed8\u8cbb\u6703\u54e1",
            "likeCount": 0
        },
        {
            "reply_id": "UgzqwRqnAyF97DdsqM54AaABAg",
            "reply_content": "\u5077\u5c31\u6709\u9ede\u8d85\u904e\u4e86",
            "likeCount": 1
        },
        {
            "reply_id": "Ugzap0Xx9rREkNrAtih4AaABAg",
            "reply_content": "\u4e82\u4e03\u516b\u7cdf",
            "likeCount": 1
        },
        {
            "reply_id": "Ugx4HOLGHDRH26EeqJ54AaABAg",
            "reply_content": "\u9019\u6d3e\u5c0d\u4e5f\u592a\u53b2\u5bb3\u4e86",
            "likeCount": 1
        },
        {
            "reply_id": "Ugw7vBthKijsTy5mc3V4AaABAg",
            "reply_content": "\u9019\u96c6\u597d\u770b",
            "likeCount": 1
        },
        {
            "reply_id": "Ugy2TBhIUiR-wvs9U1p4AaABAg",
            "reply_content": "\u4e73\u91cf\u975e\u5e38\u5920",
            "likeCount": 1
        },
        {
            "reply_id": "Ugz7ysv7s0N7DXbNMrJ4AaABAg",
            "reply_content": "\u4e0b\u6b21\u6703\u5834\u8981\u627e\u6709\u88dd\u76e3\u8996\u5668\u7684\n\u624d\u53ef\u4ee5\u907f\u514d\u88ab\u5077",
            "likeCount": 1
        },
        {
            "reply_id": "UgwC7X9g6Wo0aonkenh4AaABAg",
            "reply_content": "\u9019\u4e5f\u592a\u8b9a\u4e86\u5427",
            "likeCount": 0
        }
    ]
}