{
    "video_info": {
        "id": "roGnu7b-L8Q",
        "channelTitle": "\u597d\u68d2Bump",
        "title": "\u5fc3\u60c5\u5dee\u5230\u7206\uff01\u6012\u5237\u4e3b\u64ad20\u842c\uff01\u770b\u5979\u80fd\u4e0d\u80fd\u8b93\u6211\u723d\u4e00\u9ede\uff01\u3010\u597d\u68d2Bump\u3011\u3010\u966a\u804a\u934a\u91d1\u8853\u3011",
        "description": "\u6709\u81bd\u4f86Miya\u5237\u9322\u7d66\u6211\u554a\uff01https://bit.ly/36LLXs7\n\n\u56e0\u70ba\u90a3\u5929\u5fc3\u60c5\u5f88\u5dee\uff0c\u6240\u4ee5\u5c31\u62cd\u4e86\u4e00\u652f\u9019\u6a23\u7684\u7247\u4e86\u3002\n\n#\u6012\u523720\u842c #\u79c1\u5bc6\u5c0f\u623f\u9593 #\u966a\u804a\u5e2b\u597d\u96e3\u7576\n--------------------------------------------------------- \r\n\u4e0a\u4e00\u90e8\u5f71\u7247 \u5be6\u6e2c\uff01\u704c\u9189\u5ba2\u4eba\u518d\u63a8\u92b7\u5546\u54c1\uff01\u80fd\u8b93\u4ed6\u5011\u82b1\u66f4\u591a\u9322\u55ce\uff1f\u3010\u597d\u68d2Bump\u3011\u3010\u704c\u9189\u934a\u91d1\u8853\u3011https://youtu.be/RgxXi1zObMI\r\n\r\n\u8001\u5b50\u7684IG\uff1ahttps://bit.ly/2JqmmIq\r\n\u8001\u5b50\u7684FB\uff1ahttps://bit.ly/2s3pwwb",
        "likeCount": "12467",
        "commentCount": "475",
        "viewCount": "1025708"
    },
    "comments": [
        {
            "reply_id": "UgzIkT24yXfxsZ_E2EB4AaABAg",
            "reply_content": "\u771f\u7684\u6703\u7b11\u6b7b",
            "likeCount": 1
        },
        {
            "reply_id": "UgxzjQlug_0c0Hmsc914AaABAg",
            "reply_content": "\u600e\u9ebc\u6709\u5c0f\u6469\u6258",
            "likeCount": 1
        },
        {
            "reply_id": "Ugx2BLYN0FnuMSiz2qR4AaABAg",
            "reply_content": "\u72d7\u805a\u5feb\u7b11\u6b7b",
            "likeCount": 1
        },
        {
            "reply_id": "UgwgBt9m1nvD2qxSBtN4AaABAg",
            "reply_content": "\u91ce\u883b\u5973\u53cb\u662f\u5c0f\u5149\u6574\u7684\u4eba\u6b38",
            "likeCount": 1
        },
        {
            "reply_id": "Ugy65NOz0SWHP5DEEtt4AaABAg",
            "reply_content": "\u5e0c\u671b\u4f60\u7684\u72d7\u80fd\u5e73\u5b89\u5065\u5eb7",
            "likeCount": 0
        },
        {
            "reply_id": "UgwTQX2t6J-iUO-3I6F4AaABAg",
            "reply_content": "\u51f1\u5b50",
            "likeCount": 0
        },
        {
            "reply_id": "UgxukOxhIKcIlKRYyO14AaABAg",
            "reply_content": "\u7b2c\u4e8c\u500b\u5973\u751f\u662f\u4e0d\u662f\u4e4b\u524d\u958b\u7bb1\u5947\u8469\u623f\u79df\u90a3\u4f4d\u5973\u751f\uff1f",
            "likeCount": 0
        },
        {
            "reply_id": "UgwhPCgmhBOaJ0dCiFB4AaABAg",
            "reply_content": "\u611f\u89ba\u90a3\u500b\u5973\u751f\u5f88\u5c37\u5c2c",
            "likeCount": 0
        },
        {
            "reply_id": "UgxI33AD9FxcXxoX0KZ4AaABAg",
            "reply_content": "\u7a81\u7136\u767c\u73fe\u9019\u500b\u5973\u751f\u8072\u97f3\u8ddf\u79df\u5230\u795e\u5947\u8a2d\u8a08\u7684\u623f\u5b50\u7d50\u5c3e\u90a3\u500b\u5973\u751f\u597d\u50cf\ud83d\ude02",
            "likeCount": 0
        },
        {
            "reply_id": "UgybD6Y6JhDWevBk6VV4AaABAg",
            "reply_content": "\u7b2c\u4e00\u500b\u5973\u751f\u7684\u5f8c\u7e8c\u54e9",
            "likeCount": 0
        },
        {
            "reply_id": "Ugwqk_suUvl4bMZ1VlR4AaABAg",
            "reply_content": "\u90a3\u500b\u91ce\u883b\u5973\u53cb\u679c\u679c\u662f\u4e0d\u662f\u6709\u9ede\u719f\u6089 \u67d0\u5149\u5f71\u7247",
            "likeCount": 0
        },
        {
            "reply_id": "UgwHr3pWw1fielTefYZ4AaABAg",
            "reply_content": "\u9019\u500b\u5ef3\u5c31\u662f\u500b\u5927\u5abd\u4e00\u5806",
            "likeCount": 0
        },
        {
            "reply_id": "UgyMVazCv8qASozYi3J4AaABAg",
            "reply_content": "\u72d7\u72d7\u597d\u4e86\u662f\u4e0d\u662f\u53ef\u4ee5\u806f\u8abc\u4e86",
            "likeCount": 0
        },
        {
            "reply_id": "UgzICqz9r60oHBvYoM54AaABAg",
            "reply_content": "\u4ee5\u6642\u85aa\u4f86\u8aaa\u5f88\u591a\u4e86\u5566",
            "likeCount": 0
        },
        {
            "reply_id": "UgzPybB8XJYZT4pRExR4AaABAg",
            "reply_content": "\u6211\u662f\u96d9\u9b5a\u5973",
            "likeCount": 0
        },
        {
            "reply_id": "UgxnAFaXtLy_-XmzGU14AaABAg",
            "reply_content": "\u4f60\u5982\u679c\u751f\u5973\u5152\u4f60\u5973\u5152\u53ef\u80fd\u6703\u54ed",
            "likeCount": 0
        },
        {
            "reply_id": "UgyrXUlDd3V4XPshZZJ4AaABAg",
            "reply_content": "\u4f60\u771f\u7684\u8b93\u6211\u7b11\u6b7b",
            "likeCount": 0
        },
        {
            "reply_id": "UgyBjftPS9uWamRQ9c94AaABAg",
            "reply_content": "\u6b38\u5176\u5be6\u5f88\u597d\u8cfa\u6b38",
            "likeCount": 0
        },
        {
            "reply_id": "Ugywma01zUwwnwYpSSx4AaABAg",
            "reply_content": "\u5c41\u54a7",
            "likeCount": 0
        },
        {
            "reply_id": "UgxHxK06ccB-WiYExWF4AaABAg",
            "reply_content": "\u6211\u4e5f\u662f\u96d9\u9b5a\u5ea7",
            "likeCount": 0
        },
        {
            "reply_id": "Ugzn8cLefi7Cc9b3SCd4AaABAg",
            "reply_content": "\u5728\u4e00\u500b\u5c0f\u4e09\u54ea\u4e00\u53e5\u6211\u7b11\u6b7b",
            "likeCount": 0
        },
        {
            "reply_id": "UgzS9GeLGWmAPx5lhVh4AaABAg",
            "reply_content": "\u9019\u500b\u966a\u804a\u5e2b\u76f4\u63a5\u5c31\u8981\u8ddf\u4f60\u804a\u8272 \u4e5f\u592a\u76f4\u63a5\u4e86\u5427",
            "likeCount": 0
        },
        {
            "reply_id": "UgxoiIBzy9wqaprLgQB4AaABAg",
            "reply_content": "\u4eca\u5e74\u4f86\u4e86\u55ce",
            "likeCount": 0
        },
        {
            "reply_id": "Ugy6sskd7PVqa31doKJ4AaABAg",
            "reply_content": "\u8b9a",
            "likeCount": 0
        },
        {
            "reply_id": "UgyOxfQbr0sugQfmCIh4AaABAg",
            "reply_content": "\u96e3\u602a\u90a3\u9ebc\u591a\u4eba\u559c\u6b61\u7576\u4e3b\u64ad\n\u57fa\u672c\u6642\u85aa\u7684\u5341\u500d\u8036",
            "likeCount": 17
        }
    ]
}