{
    "video_info": {
        "id": "RTuUYe--Kvg",
        "channelTitle": "\u597d\u68d2Bump",
        "title": "\u638f\u7a7a\u62bd\u734e\u7db2\u7ad9\uff01\u7528BUG\u6d17\u4e8632\u842c\u51fa\u4f86\uff01\u3010\u597d\u68d2Bump\u3011\u3010BUG\u934a\u91d1\u8853\u3011",
        "description": "32\u842c\u7684\u5167\u6587\uff1a\n\n\u524d\u9663\u5b50\u8ddf\u5927\u5bb6\u4e00\u8d77\u638f\u7a7a\u4e86\u62bd\u734e\u7db2\u7ad9\uff0c\u611f\u8b1d\u5927\u5bb6\u7684\u53c3\u8207\uff0c\u6c92\u6709\u4f60\u5011\u7684\u8a71\uff0c\u7d55\u5c0d\u4e0d\u53ef\u80fd\u641e\u5f97\u9019\u9ebc\u597d\u73a9\uff0c\u4e0b\u4e00\u6b21\u518d\u5e36\u5927\u5bb6\u73a9\u628a\u5927\u7684\u3002\n\n#\u638f\u7a7a\u7db2\u7ad9 #\u723d\u8cfa32\u842c #\u8ab0\u4e2d\u4e86gogoro\u7d66\u6211\u6efe\u51fa\u4f86\n\n--------------------------------------------------------- \r\n\u4e0a\u4e00\u90e8\u5f71\u7247 \u6aa2\u8209\u90a3\u4e9b\u4e0d\u6234\u53e3\u7f69\u7684\u81ea\u79c1\u9b3c\uff01\u7f70\u5230\u4ed6\u5011\u7834\u7522\u70ba\u6b62\uff01\u3010\u597d\u68d2Bump\u3011https://youtu.be/AgXrJssxonw\r\n\r\n\u8001\u5b50\u7684IG\uff1ahttps://bit.ly/2JqmmIq\r\n\u8001\u5b50\u7684FB\uff1ahttps://bit.ly/2s3pwwb",
        "likeCount": "16038",
        "commentCount": "798",
        "viewCount": "1154471"
    },
    "comments": [
        {
            "reply_id": "UgzYfWXShgkCq4d_HfJ4AaABAg",
            "reply_content": "\u9019\u908a\u6709\u62bd\u72d7\u72d7\u8089\u8a92",
            "likeCount": 4
        },
        {
            "reply_id": "UgwzYRK2XeBek7OA7t54AaABAg",
            "reply_content": "\u4f60\u4e0d\u6703\u4e2d\u7684\u7406\u7531\u5f88\u7c21\u55ae\uff0c\u56e0\u70ba\u5e73\u53f0\u5c31\u662f\u62ff\u4f60\u5132\u503c\u7684\u9322\u53bb\u8cb7\u734e\u54c1\u9001\u4eba",
            "likeCount": 4
        },
        {
            "reply_id": "UgzryH8YO4YdVKfH19V4AaABAg",
            "reply_content": "",
            "likeCount": 1
        },
        {
            "reply_id": "UgwRyrJDZInOl3IjwvJ4AaABAg",
            "reply_content": "\u8449\u4f69\u96ef",
            "likeCount": 1
        },
        {
            "reply_id": "Ugx7XWssnLk_awALCAl4AaABAg",
            "reply_content": "\u9019\u500b\u7db2\u7ad9\u73fe\u5728\u9084\u5728\u55ce",
            "likeCount": 1
        },
        {
            "reply_id": "UgzXZrNhxW9gIv_zVk54AaABAg",
            "reply_content": "\u8a50\u9a19\u96c6\u5718\u53ef\u4ee5\u8f49\u578b\u4e86",
            "likeCount": 1
        },
        {
            "reply_id": "UgzfHCjgVTRi9KjB7154AaABAg",
            "reply_content": "\u4f60\u5011\u6240\u8b02\u7684\u638f\u91d1\u662f\u6211\u6295\u8cc7\u7684\u8cbb\u7528\uff0c\u82b1\u4e86\u5929\u6587\u6578\u5b57\u7684\u8d16\u91d1",
            "likeCount": 1
        },
        {
            "reply_id": "UgwsHHvb_vogVHy5qg94AaABAg",
            "reply_content": "\u5176\u5be6\u4f60\u96fb\u8a71\u865f\u78bc\u7d66\u4ed6\u4ed6\u5c31\u5df2\u7d93\u8cfa\u4e86\u5427\u62ff\u53bb\u8ce3\u61c9\u8a72\u53ef\u4ee5\u8ce3\u4e0d\u5c11",
            "likeCount": 0
        },
        {
            "reply_id": "UgxUFuViTCMi13PzhnR4AaABAg",
            "reply_content": "\u5176\u5be6\u6211\u62bd\u5230\u4e86\u72d7\u72d7\u8089",
            "likeCount": 0
        },
        {
            "reply_id": "UgyU-lwJaR6qcJQrzOh4AaABAg",
            "reply_content": "\u7db2\u7ad9\u88ab\u6273\u5012\u4e86",
            "likeCount": 0
        },
        {
            "reply_id": "UgwxjO4ivnI4mcy7Khx4AaABAg",
            "reply_content": "\u70ba\u4ec0\u9ebc\u8981\u4e00\u76f4\u73a9\u5f04\u8c93\u54aa",
            "likeCount": 0
        },
        {
            "reply_id": "UgyMYMvWuop-4u1OtLV4AaABAg",
            "reply_content": "\u62cd\u651d\u8c93\u54aa\u7684\u756b\u9762\u771f\u7684\u5f88\u53ef\u611b",
            "likeCount": 0
        },
        {
            "reply_id": "UgxDJMnPs7VfSsX4dQZ4AaABAg",
            "reply_content": "\u808f\u86cb\u597d\u53ef\u7231",
            "likeCount": 0
        },
        {
            "reply_id": "UgyxfaSeX2Z61Ie2goh4AaABAg",
            "reply_content": "\u808f",
            "likeCount": 0
        },
        {
            "reply_id": "UgzdwUdzMyCPwymZJNd4AaABAg",
            "reply_content": "\u4e09\u53f7\u961f\u961f\u5458\u62a5\u544a",
            "likeCount": 0
        },
        {
            "reply_id": "UgzECE8EucZ3m9Rj6v94AaABAg",
            "reply_content": "\u808f\u86cb\u597d\u53ef\u611b",
            "likeCount": 0
        },
        {
            "reply_id": "Ugw7TKBRLOih0a-NGiJ4AaABAg",
            "reply_content": "\u54c8\u54c8",
            "likeCount": 0
        },
        {
            "reply_id": "Ugz1kWlw9-RvyQGJrRh4AaABAg",
            "reply_content": "\u5361\u7db2\u7ad9",
            "likeCount": 0
        },
        {
            "reply_id": "UgwzAdP4oDtls0jrHa54AaABAg",
            "reply_content": "\u7db2\u7ad9\u7db2\u5740\u662f\u4ec0\u9ebc",
            "likeCount": 0
        },
        {
            "reply_id": "UgxLQ7VKySurEUOULsF4AaABAg",
            "reply_content": "\u597d\u53ef\u6190",
            "likeCount": 0
        },
        {
            "reply_id": "UgyZkDdHYZMyBvAG8AN4AaABAg",
            "reply_content": "\u898b\u8b49\u8ced\u5f92\u6210\u9b54\u4e4b\u8def",
            "likeCount": 0
        },
        {
            "reply_id": "Ugx79mVN2LZvf1cmlXZ4AaABAg",
            "reply_content": "\u662f\u6211\u5566",
            "likeCount": 0
        },
        {
            "reply_id": "Ugz0MaipKoW3OhWQG_t4AaABAg",
            "reply_content": "\u6211\u60f3\u8981\u7db2\u7ad9\u7db2\u5740",
            "likeCount": 0
        },
        {
            "reply_id": "UgxQuEw7L4Hvmoyr2Up4AaABAg",
            "reply_content": "\u7db2\u7ad9\u5df2\u7d93\u95dc\u4e86\u54c8\u54c8\u54c8",
            "likeCount": 0
        },
        {
            "reply_id": "Ugw0yBc-QTh_5W_PI2J4AaABAg",
            "reply_content": "\u6709\u7db2\u5740\u55ce",
            "likeCount": 0
        }
    ]
}