{
    "video_info": {
        "id": "SJXEY8Kf0Xo",
        "channelTitle": "\u597d\u68d2Bump",
        "title": "\u6211\u88ab\u4eba\u7528\u6551\u63f4\u540d\u7fa9\u9a19\u8d70200\u842c\uff01\u7d93\u8abf\u67e5\u767c\u73fe\u53d7\u5bb3\u8005\u5df2\u7834\u767e\u4eba\u2026. \u8acb\u5927\u5bb6\u5c0f\u5fc3\u5225\u4e0a\u7576\uff01\u3010\u597d\u68d2Bump\u3011",
        "description": "\u6703\u62cd\u9019\u500b\u5f71\u7247\u5c31\u662f\u5e0c\u671b\u4e0d\u8981\u518d\u6709\u4e0b\u4e00\u500b\u53d7\u5bb3\u8005\uff0c\u9072\u65e9\u6211\u8981\u8b93\u9019\u500b\u4eba\u53bb\u5750\u7262\uff0c\u53d7\u5230\u4ed6\u61c9\u5f97\u7684\u5211\u8cac\uff0c\u511f\u9084\u4e00\u8f29\u5b50\u7684\u50b5\u3002\n\n#\u6551\u4eba\u4e00\u547d #\u53cd\u88ab\u6345\u5200 #\u8acb\u5927\u5bb6\u5225\u518d\u4e0a\u7576\n\n--------------------------------------------------------- \r\n\u4e0a\u4e00\u90e8\u5f71\u7247 \u8cb8\u6b3e\u501f\u9322\u7adf\u88ab\u8a50\u9a19\u4e0a\u767e\u842c\uff01\u8b93\u4f60\u7c3d\u4e0b\u4e0d\u5e73\u7b49\u689d\u7d04\u53ca\u672c\u7968\uff01\u8840\u6d17\u5e74\u8f15\u4eba\u4e00\u8f29\u5b50\u2026. \u3010\u597d\u68d2Bump\u3011\u3010\u8a50\u9a19\u89e3\u78bc\u3011https://youtu.be/wRJD1F2rH1g\r\n\r\n\u8001\u5b50\u7684IG\uff1ahttps://bit.ly/2JqmmIq\r\n\u8001\u5b50\u7684FB\uff1ahttps://bit.ly/2s3pwwb",
        "likeCount": "31998",
        "commentCount": "2264",
        "viewCount": "1080102"
    },
    "comments": [
        {
            "reply_id": "UgwClQkEsF7_wgbYcAN4AaABAg",
            "reply_content": "\u4e0d\u7ba1\u4e8b\u6551\u4eba\u5e6b\u4eba\u7b49\u985e\u4f3c\u72c0\u6cc1\u90fd\u8981\u6709\u8b66\u89ba\u6027",
            "likeCount": 2
        },
        {
            "reply_id": "UgxPfK7OaPrxRWDp76J4AaABAg",
            "reply_content": "\u505a\u8a50\u9a19\u7684\u771f\u7684\u90fd\u662f\u5783\u573e",
            "likeCount": 1
        },
        {
            "reply_id": "UgyEIuVdpbdXTSFDWEN4AaABAg",
            "reply_content": "\u592a\u626f\u4e86",
            "likeCount": 1
        },
        {
            "reply_id": "UgxqRAobLMCptkV0xMp4AaABAg",
            "reply_content": "\u6b66\u5efa\u8b70\u4f60\u8981\u6f84\u6e05\u8ddf\u9ed1\u4eba\u7121\u95dc",
            "likeCount": 0
        },
        {
            "reply_id": "UgxWao5yzBwQPVdAAnF4AaABAg",
            "reply_content": "\u8a50\u9a19\u96c6\u5718\u771f\u7684\u5f88\u53ef\u60e1",
            "likeCount": 0
        },
        {
            "reply_id": "UgwRjvWaAXn3PXXVv3B4AaABAg",
            "reply_content": "\u9019\u4e9b\u8a50\u9a19\u6211\u60f3\u6703\u88ab\u771f\u6b63\u9700\u8981\u5e6b\u52a9\u7684\u4eba\u6211\uff0c\u66f4\u96e3\u5f97\u5230\u5e6b\u52a9\u5427",
            "likeCount": 0
        },
        {
            "reply_id": "UgxUAIYgqtEyeNzDzhN4AaABAg",
            "reply_content": "\u6211\u89ba\u5f97\u6211\u53d7\u5bb3\u4eba\u751f\u66f4\u6c92\u5e0c\u671b\u4e86",
            "likeCount": 0
        },
        {
            "reply_id": "UgwKvaxQFImaHV9xY094AaABAg",
            "reply_content": "\u4e3b\u89c0\u8207\u5ba2\u89c0\u610f\u8b58\u7684\u81ea\u6211\u6210\u9577",
            "likeCount": 0
        },
        {
            "reply_id": "UgzPX2QqDSzpVkV9Q5l4AaABAg",
            "reply_content": "\u6551\u7684\u4eba\u5982\u679c\u662f\u4e2d\u570b\u5927\u9678\u4eba,\u6211\u60f3\u9084\u662f\u628a\u6642\u9593\u7559\u5728\u81ea\u5df1\u7684\u5bb6\u4eba\u8eab\u4e0a\u5427",
            "likeCount": 0
        },
        {
            "reply_id": "UgyjWWkJYAne7Lh4hvl4AaABAg",
            "reply_content": "\u771f\u7684\u592a\u53ef\u60e1\u4e86\n\u6c92\u770b\u5230\u4f60\u7684\u5f71\u7247\u9084\u771f\u7684\u4e0d\u77e5\u9053\u4e16\u754c\u4e0a\u6709\u9019\u7a2e\u4eba\u5b58\u5728",
            "likeCount": 0
        },
        {
            "reply_id": "UgzXobL4zc77jPYtZAV4AaABAg",
            "reply_content": "\u4e0d\u662f\u9019\u500b\u4eba\u592a\u904e\u5206\u4e86\u5427\u902e\u8457\u7aae\u4eba\u540c\u7406\u5fc3\u5e6b\u5fd9\ud83d\ude00\u53bb\u9a19\u4eba\u9322",
            "likeCount": 0
        },
        {
            "reply_id": "Ugyy8CeDj1jR96T7tDd4AaABAg",
            "reply_content": "\u771f\u7684\u8981\u8a02\u95b1\u4e86",
            "likeCount": 0
        },
        {
            "reply_id": "UgyNU96mdA8YHN1GkEJ4AaABAg",
            "reply_content": "\u9019\u500b\u4eba\u6293\u5230\u4e86\u55ce",
            "likeCount": 0
        },
        {
            "reply_id": "Ugx1LXPW0JikC5hBYW94AaABAg",
            "reply_content": "\u4e16\u754c\u4e0a\u5ee2\u7269\u771f\u591a",
            "likeCount": 0
        },
        {
            "reply_id": "UgzTQWAirc1FJaxG5KZ4AaABAg",
            "reply_content": "\u597d\u60f3\u77e5\u9053\u5f8c\u7e8c",
            "likeCount": 0
        },
        {
            "reply_id": "UgyvlO9xDN5cHUmz3694AaABAg",
            "reply_content": "\u8fd9\u4e48\u5e05\u90fd\u88ab\u9a97\u554a",
            "likeCount": 0
        },
        {
            "reply_id": "Ugw8OD6JDATU0U3x_bd4AaABAg",
            "reply_content": "\u4ed6\u53c8\u919c\u53c8\u77ee",
            "likeCount": 0
        },
        {
            "reply_id": "Ugzt4oXcFydZdbtNmDR4AaABAg",
            "reply_content": "\u5e6b\u4eba\u9084\u662f\u8981\u91cf\u529b\u800c\u70ba\u5566",
            "likeCount": 0
        },
        {
            "reply_id": "UgxPhjLPoEZcS5F9zL54AaABAg",
            "reply_content": "\u8b1d\u8b1d\u90a3\u4e9b\u52d5\u7528\u79c1\u5211\u7684\u50b5\u4e3b",
            "likeCount": 4
        },
        {
            "reply_id": "Ugxi2JPdeTKY_KvKO4Z4AaABAg",
            "reply_content": "\u8b1d\u8b1d\u4f60\u7684\u5584\u826f",
            "likeCount": 4
        },
        {
            "reply_id": "UgzPSIXYgpnaVtVGJFZ4AaABAg",
            "reply_content": "\u55ef\u55ef",
            "likeCount": 3
        },
        {
            "reply_id": "UgyrdfeRIGUsE0K4Qid4AaABAg",
            "reply_content": "\u53ea\u8981\u63d0\u5230\u9322\u5c31\u662f\u9a19\u4eba",
            "likeCount": 2
        },
        {
            "reply_id": "UgxN9JWun0N5NWRfBmd4AaABAg",
            "reply_content": "\u70ba\u4ec0\u9ebc\u6709\u4e9b\u4eba\u9053\u5fb7\u611f\u50f9\u503c\u4e09\u89c0\u7e3d\u662f\u80fd\u53ef\u60e1\u7684\u8b93\u4eba\u96e3\u4ee5\u60f3\u50cf\uff0c\u8086\u7121\u5fcc\u619a\u7684\u8e10\u8e0f\u4ed6\u4eba\u7684\u5584\u884c\u751a\u81f3\u80fd\u6beb\u7121\u534a\u5206\u7f9e\u6065\u8207\u6127\u759a\u611f\uff1f\u4e0d\u5f97\u4e0d\u8aaa \u4eba\u4e0d\u8981\u81c9\u53ef\u8b02\u771f\u80fd\u5929\u4e0b\u7121\u6575",
            "likeCount": 2
        },
        {
            "reply_id": "Ugz6VH8m2f5qTGV7IBV4AaABAg",
            "reply_content": "\u6700\u5f8c\u7684\u7d50\u5c40\u600e\u9ebc\u4e86",
            "likeCount": 1
        },
        {
            "reply_id": "UgywEKjZbFZeqtHDQMl4AaABAg",
            "reply_content": "\u5e0c\u671b\u53ef\u4ee5\u6709\u5f8c\u7e8c",
            "likeCount": 1
        }
    ]
}