{
    "video_info": {
        "id": "VzghW9G1_Yc",
        "channelTitle": "\u597d\u68d2Bump",
        "title": "\u56de\u55c6\u9178\u6c11\uff01\u4e82\u5e36\u98a8\u5411\u62b9\u9ed1\u88ab\u6211\u6293\u5305\uff01\u4f60\u5011\u624b\u6bb5\u62dc\u8a17\u9ad8\u660e\u4e00\u9ede\uff01\u3010\u597d\u68d2Bump\u3011",
        "description": "\u539f\u672c\u6211\u662f\u4e0d\u592a\u60f3\u53bb\u8ddf\u4eba\u5bb6\u55c6\u8d77\u4f86\uff0c\u4f46\u771f\u7684\u8981\u8b93\u4eba\u5bb6\u9019\u6a23\u8e29\u5728\u982d\u4e0a\u9084\u4e0d\u8aaa\u9ede\u4ec0\u9ebc\uff0c\u90a3\u4e5f\u4e0d\u662f\u6211\u7684\u98a8\u683c\uff0c\u6700\u8fd1\u9084\u6709\u5e7e\u500b\u6211\u4e00\u5b9a\u8981\u56de\u55c6\u7684\uff0c\u4f60\u5011\u7d66\u6211\u7b49\u8457\ud83d\ude09\n\n#\u56de\u55c6\u9178\u6c11 #\u4e82\u5e36\u98a8\u5411 #\u81c9\u816b\u6210\u9019\u6a23\u4e0d\u75bc\u55ce\n\n\u6210\u70ba\u9019\u500b\u983b\u9053\u7684\u6703\u54e1\u4e26\u7372\u5f97\u734e\u52f5\uff1a\nhttps://www.youtube.com/channel/UC7XxnhjdYjiQJ3m80K_N_4g/join\n\n--------------------------------------------------------- \r\n\u4e0a\u4e00\u90e8\u5f71\u7247 \u6211\u79df\u5230\u4e00\u9593\u8d85\u721b\u7684\u65b0\u5bb6\uff01\u4f60\u662f\u8a2d\u8a08\u623f\u5b50\u9084\u662f\u8a2d\u8a08\u6211....\uff1f\u3010\u597d\u68d2Bump\u3011 https://www.youtube.com/watch?v=s1GbXKbvOxM&t=25s\n\r\n\u8001\u5b50\u7684IG\uff1ahttps://bit.ly/2JqmmIq\r\n\u8001\u5b50\u7684FB\uff1ahttps://bit.ly/2s3pwwb",
        "likeCount": "13303",
        "commentCount": "1403",
        "viewCount": "549515"
    },
    "comments": [
        {
            "reply_id": "Ugw6HWiRjEkga75WAq54AaABAg",
            "reply_content": "\u6211\u76f8\u4fe1\u4f60",
            "likeCount": 1
        },
        {
            "reply_id": "UgwuSAYrLZ4tCZA59mZ4AaABAg",
            "reply_content": "\u9178\u6c11\u81c9\u597d\u816b\u7b11\u6b7b\uff0c\u6839\u672c\u8ddf\u6dea\u9677\u5340\u7684\u5c0f\u7c89\u7d05\u4e00\u6a23\u6c92\u8166",
            "likeCount": 1
        },
        {
            "reply_id": "UgyzqZk1yr1nY7M3bP54AaABAg",
            "reply_content": "\u9019\u5f71\u7247\u597d\u50cf\u9ed1\u7c89\u8a13\u7df4\u73ed",
            "likeCount": 1
        },
        {
            "reply_id": "Ugw5lDPwGDA6bMyChiR4AaABAg",
            "reply_content": "\u6211\u89ba\u5f97\u4ed6\u7684\u5f71\u7247\u5f88\u597d\u770b",
            "likeCount": 1
        },
        {
            "reply_id": "Ugz21nCk2bwSfECwvOd4AaABAg",
            "reply_content": "\u4e0d\u662f\u8cb6\u5e45\u4fe0\u58eb\u92fc\u9435\u4eba",
            "likeCount": 0
        },
        {
            "reply_id": "Ugw3k8wzJA10OVeZS_N4AaABAg",
            "reply_content": "\u53bb\u4f60\u7684\u66b4\u96f7\u8d85\u597d\u7b11",
            "likeCount": 0
        },
        {
            "reply_id": "Ugzm7XBEMopEEfntInp4AaABAg",
            "reply_content": "\u8d85\u597d\u7b11",
            "likeCount": 0
        },
        {
            "reply_id": "UgyTLBIkQ_X2sRoWZ994AaABAg",
            "reply_content": "\u5f88\u591a\u4eba\u90fd\u9019\u6a23\u4e0d\u77e5\u9053\u72c0\u6cc1\u5c31\u5728\u90a3\u4e82\u8aaa",
            "likeCount": 0
        },
        {
            "reply_id": "Ugx9Bm7Cm5xrV_1aP-54AaABAg",
            "reply_content": "\u54c8\u54c8",
            "likeCount": 0
        },
        {
            "reply_id": "UgxEupBb6wS3GC9bMGl4AaABAg",
            "reply_content": "\u5783\u573e\u4f86\u6d17\u767d",
            "likeCount": 0
        },
        {
            "reply_id": "Ugz4LFLpCl4dsj4xvv94AaABAg",
            "reply_content": "\u7db2\u8def\u9375\u76e4\u4fe0\u771f\u7684\u4e00\u5806\u4ee5\u70ba\u81ea\u5df1\u5f88\u53ef\u4ee5\u6253\u51fa\u4f86\u7684\u8a71\u6c92\u982d\u6c92\u5c3e\u4e5f\u6c92\u91cd\u9ede\u5c31\u53c8\u8981\u8fb1\u7f75\u5225\u4eba\u5c31\u5c0d\u4e86",
            "likeCount": 0
        },
        {
            "reply_id": "UgwITCSM7nzPozitrut4AaABAg",
            "reply_content": "\u6211\u4ee5\u70ba\u4ed6\u6703\u628a\u9152\u6545\u610f\u7528\u5012\u5728\u7b46\u96fb\u4e0a",
            "likeCount": 0
        },
        {
            "reply_id": "Ugy1TN5CmU7s77q5cs94AaABAg",
            "reply_content": "\u554a\u554a\u554a\u5c0d\u4e86\uff0c\u518d\u88dc\u5145\u4e00\u500b\u6211\u9084\u9047\u904e\u67d0\u9580\u5e02\u5e97\u9577\u672a\u7d93\u5ba2\u6236\u540c\u610f\u5c31\u64c5\u81ea\u5e6b\u5ba2\u4eba\u52a0\u52a0\u503c\u6d17\u4e86\u8d85\u591a\u7b46\uff0c\u88ab\u767c\u73fe\u624d\u627e\u5ba2\u4eba\u4e32\u901a\u4ee5\u514d\u88ab\u516c\u53f8\u901e\u8655\u5462\uff0c\u9846\u9846",
            "likeCount": 0
        },
        {
            "reply_id": "UgymC2Nr85KXv-Uzvch4AaABAg",
            "reply_content": "\u6c92\u88ab\u9a19\u904e",
            "likeCount": 0
        },
        {
            "reply_id": "Ugwaby1O3oDcZeSAfhB4AaABAg",
            "reply_content": "\u4e00\u7fa4\u53ef\u6190\u7684\u9178\u6c11",
            "likeCount": 0
        },
        {
            "reply_id": "Ugw6ty243ZloxAHnhEx4AaABAg",
            "reply_content": "\u6703\u9019\u6a23\u5634\u7684\u53ea\u6709\u4e0d\u60f3\u5b78\u7fd2\u7684\u8001\u4eba\u8ddf\u90a3\u4e9b\u8a50\u9a19\u696d\u8005",
            "likeCount": 0
        },
        {
            "reply_id": "UgwJPsKDGlb0TJGplsd4AaABAg",
            "reply_content": "\u6700\u5f8c\u7684\u771f\u7684\u662f\u6709\u5920\u597d\u7b11",
            "likeCount": 0
        },
        {
            "reply_id": "Ugwd4q4zhrFdlo8spWl4AaABAg",
            "reply_content": "\u5287\u900f",
            "likeCount": 0
        },
        {
            "reply_id": "UgwCWm3tX_eTeUPflQl4AaABAg",
            "reply_content": "\u597d\u770b",
            "likeCount": 0
        },
        {
            "reply_id": "UgzYSQ8COTWp4KTwEpV4AaABAg",
            "reply_content": "\u7b11\u6b7b",
            "likeCount": 0
        },
        {
            "reply_id": "UgzGxYpJ40fDUsKtyUl4AaABAg",
            "reply_content": "\u53ef\u6190",
            "likeCount": 0
        },
        {
            "reply_id": "UgwL_gQBma_0X7tAXxF4AaABAg",
            "reply_content": "\u70ba\u4f60\u672a\u4f86\u7684\u5b69\u5b50\u9a55\u50b2",
            "likeCount": 0
        },
        {
            "reply_id": "UgwXQ8Tm1DneWCtko3x4AaABAg",
            "reply_content": "\u600e\u4e48\u526a\u7684\u80fd\u9023\u8072\u97f3\u90fd\u526a\u7684\u9032\u53bb",
            "likeCount": 0
        },
        {
            "reply_id": "UgwwDiJ0oJt0P-7zSNJ4AaABAg",
            "reply_content": "\u6211\u7b11\u4e86",
            "likeCount": 0
        },
        {
            "reply_id": "UgyQvQtYc0VIS3Iajdp4AaABAg",
            "reply_content": "\u6211\u600e\u9ebc\u770b\u5230\u5634\u4eba\u7684\u662f\u982d\u865f\u7c89\u7d72",
            "likeCount": 0
        }
    ]
}