{
    "video_info": {
        "id": "wRJD1F2rH1g",
        "channelTitle": "\u597d\u68d2Bump",
        "title": "\u8cb8\u6b3e\u501f\u9322\u7adf\u88ab\u8a50\u9a19\u4e0a\u767e\u842c\uff01\u8b93\u4f60\u7c3d\u4e0b\u4e0d\u5e73\u7b49\u689d\u7d04\u53ca\u672c\u7968\uff01\u8840\u6d17\u5e74\u8f15\u4eba\u4e00\u8f29\u5b50\u2026. \u3010\u597d\u68d2Bump\u3011\u3010\u8a50\u9a19\u89e3\u78bc\u3011",
        "description": "\u6210\u70ba\u9019\u500b\u983b\u9053\u7684\u6703\u54e1\u4e26\u7372\u5f97\u734e\u52f5\uff1a\n\u9019\u662f\u5927\u5b78\u751f\u8ddf\u6025\u9700\u7528\u9322\u7684\u4f60\u4e00\u5b9a\u8981\u770b\u9019\u4e00\u96c6\u3002\n\n#\u8cb8\u6b3e\u9a19\u5c40 #\u8a50\u9a19\u89e3\u78bc #\u5982\u679c\u4f60\u6025\u9700\u7528\u9322\u7684\u8a71\u5148\u770b\u5b8c\u9019\u90e8\u5f71\u7247\n--------------------------------------------------------- \n\u4e0a\u4e00\u90e8\u5f71\u7247 \u6211\u53bb\u5831\u5ee2\u5834\u6536\u96f6\u4ef6\uff01\u53ea\u75285\u842c\u5c31\u7d44\u51fa\u4e00\u53f0\u6c2e\u6c23\u5674\u5c04\u8eca\uff01\u3010\u597d\u68d2Bump\u3011https://youtu.be/yKAnhCSC4rQ\n\n\u8001\u5b50\u7684IG\uff1ahttps://bit.ly/2JqmmIq\n\u8001\u5b50\u7684FB\uff1ahttps://bit.ly/2s3pwwb",
        "likeCount": "38336",
        "commentCount": "2674",
        "viewCount": "1273111"
    },
    "comments": [
        {
            "reply_id": "Ugwcrc0O1EUztgKqrgx4AaABAg",
            "reply_content": "\u9022\u7532\u5927\u5b78\u8def\u904e",
            "likeCount": 2
        },
        {
            "reply_id": "UgyQ4hxdFOP4k6wvLF94AaABAg",
            "reply_content": "\u771f\u7684\u53ea\u80fd\u795d\u798f\u6240\u6709\u8a50\u9a19\u96c6\u5718\u90fd\u6a6b\u6b7b\u8857\u982d\u4e86",
            "likeCount": 1
        },
        {
            "reply_id": "UgyfltqJZvqDPCRL9Wx4AaABAg",
            "reply_content": "\u5408\u7406\u61f7\u7591\u6709\u9ad8\u5b98\u5728\u7f69\u8a50\u9a19\u96c6\u5718\u8036",
            "likeCount": 1
        },
        {
            "reply_id": "UgzHWwUkLFGYffawR4x4AaABAg",
            "reply_content": "\u9022\u7532\u5927\u5b78\u4e5f\u662f\u985e\u4f3c\u8a50\u9a19",
            "likeCount": 0
        },
        {
            "reply_id": "UgxHlt4rNXGfTSQAz7V4AaABAg",
            "reply_content": "\u6211\u73fe\u5728\u9047\u5230\u8cb8\u6b3e\u8a50\u9a19\u4e0d\u77e5\u9053\u600e\u9ebc\u8fa6",
            "likeCount": 0
        },
        {
            "reply_id": "Ugyt4KBmSuVNQ8frJzl4AaABAg",
            "reply_content": "\u6211\u4e5f\u662f\u9019\u6a23\u88ab\u9a19\u7684",
            "likeCount": 0
        },
        {
            "reply_id": "Ugw0X-Ntl3jNKpQOdUt4AaABAg",
            "reply_content": "\u9019\u5f71\u7247\u592a\u795e\u4e86",
            "likeCount": 0
        },
        {
            "reply_id": "UgzjqG9MlSQAIBRWqqV4AaABAg",
            "reply_content": "\u6240\u4ee5\u653f\u5e9c\u505a\u4e86\u4ec0\u9ebc",
            "likeCount": 0
        },
        {
            "reply_id": "UgxlMvbg7N1prOwdLON4AaABAg",
            "reply_content": "\u8d95\u5feb\u50b3\u4e0a\u7db2\u8def",
            "likeCount": 0
        },
        {
            "reply_id": "UgyZd_39hhRoJNvHewt4AaABAg",
            "reply_content": "\u4f60\u61c9\u8a72\u53bb\u7576\u7e3d\u7d71",
            "likeCount": 0
        },
        {
            "reply_id": "UgxrYwh6AKagWAqJ9054AaABAg",
            "reply_content": "\u9019\u90e8\u5f71\u7247\u61c9\u8a72\u6551\u4e86\u5f88\u591a\u53ef\u80fd\u6703\u88ab\u8a50\u9a19\u7684\u4eba\uff0c\u529f\u5fb7\u7121\u91cf",
            "likeCount": 0
        },
        {
            "reply_id": "UgzXRY0cTesXo38OPJl4AaABAg",
            "reply_content": "\u8b1d\u8b1d",
            "likeCount": 0
        },
        {
            "reply_id": "Ugx33qzlH1p4i0B5fxR4AaABAg",
            "reply_content": "\u8a50\u9a19\u6c92\u6709\u6b7b\u5211\u6c92\u4eba\u6703\u6015\u7684",
            "likeCount": 0
        },
        {
            "reply_id": "UgxZfZ1Sh4_siBykmL54AaABAg",
            "reply_content": "\u53f0\u7063\u7684\u53f8\u6cd5\u771f\u7684\u548c\u5927\u9678\u5176\u5be6\u90fd\u4e00\u6a23\u90a3\u9ebc\u843d\u5f8c",
            "likeCount": 0
        },
        {
            "reply_id": "Ugx2dhzZvsoG3gdLpl94AaABAg",
            "reply_content": "\u53b2\u5bb3",
            "likeCount": 0
        },
        {
            "reply_id": "UgzS09Pf2UdA-ZFDhO14AaABAg",
            "reply_content": "\u6211\u525b\u770b\u6211\u4ee5\u70ba\u6211\u9ede\u5230\u6d77\u68ee\u5821\u7684\u5f71\u7247",
            "likeCount": 0
        },
        {
            "reply_id": "UgyRrGtGUkY3A_WYd1N4AaABAg",
            "reply_content": "\u9019\u6a23\u807d\u8d77\u4f86\u53f0\u7063\u8a50\u9a19\u5be6\u5728\u592a\u7316\u72c2\u4e86",
            "likeCount": 0
        },
        {
            "reply_id": "UgzNw3LBxPkZL06XBpN4AaABAg",
            "reply_content": "\u90a3\u6700\u5f8c\u5f71\u7247\u88e1\u9019\u500b\u501f\u9322\u600e\u9ebc\u89e3\u6c7a",
            "likeCount": 0
        },
        {
            "reply_id": "UgyuKPdEK2RG19FbYjN4AaABAg",
            "reply_content": "\u9280\u884c\u5446\u5e33\u592a\u591a\uff0c\u5c0e\u81f4\u6b63\u7576\u7ba1\u9053\u8cb8\u6b3e\u76f8\u5c0d\u56f0\u96e3\u8a31\u591a",
            "likeCount": 0
        },
        {
            "reply_id": "Ugy3Tz0UktRz_f7UG6B4AaABAg",
            "reply_content": "\u53ef\u4ee5\u8e22\u7206\u4e00\u4e0b\u662f\u90a3\u4e9b\u4f01\u696d\u5e79\u9019\u7a2e\u5408\u7d04\u5beb\u5f97\u4e0d\u6e05\u4e0d\u695a\u7684\u5f71\u7247",
            "likeCount": 0
        },
        {
            "reply_id": "UgxqUbWZAClGsYDnHM14AaABAg",
            "reply_content": "\u592a\u53b2\u5bb3\u4e86\u592a\u53b2\u5bb3\u4e86 \u8a50\u9a19\u6211\u7684\u4eba\u982d\u50cf\u4e5f\u662f\u9019\u500b",
            "likeCount": 0
        },
        {
            "reply_id": "UgyIsM7mQArnE-d1Cnp4AaABAg",
            "reply_content": "\u75ab\u60c5",
            "likeCount": 1
        },
        {
            "reply_id": "UgxPiQrjKaoLvrsucBR4AaABAg",
            "reply_content": "\u4f60\u597d\u5e25\u5594",
            "likeCount": 0
        },
        {
            "reply_id": "UgyUKW_OBFPpVSFDE9x4AaABAg",
            "reply_content": "\u5269\u4e0b\u5169\u500b\u6708\u98a8\u982d\u5c31\u904e\u4e86",
            "likeCount": 0
        },
        {
            "reply_id": "UgwfMgbJ2ClabGeAVAF4AaABAg",
            "reply_content": "\u4f60\u8b1b\u7684\u5f88\u68d2 \u9019\u985e\u7684\u5f71\u7247\u6211\u90fd\u6703\u91cd\u8907\u770b\u597d\u5e7e\u6b21",
            "likeCount": 0
        }
    ]
}