{
    "video_info": {
        "id": "x7zqPw6LJrw",
        "channelTitle": "\u597d\u68d2Bump",
        "title": "\u7528\u4ea4\u53cb\u8edf\u9ad4\u627e\u5305\u990a\uff01\u7adf\u7136\u771f\u7684\u6709\u963f\u59e8\u7d04\u6211\u51fa\u53bb\u8a66\u8a66....\uff1f\u3010\u597d\u68d2Bump\u3011\u3010\u5305\u990a\u934a\u91d1\u8853\u3011",
        "description": "\u6211\u4e0d\u60f3\u52aa\u529b\u4e86\uff01\u5f9e\u4eca\u5929\u958b\u59cb\u627e\u6709\u9322\u963f\u59e8\u6c42\u5305\u990a\uff01\n\n#\u627e\u963f\u59e8\u5305\u990a #\u78b0\u9762\u8a66\u8a66\u770b #58\u6b72\u4e0d\u662f\u8ddd\u96e2\n--------------------------------------------------------- \r\n\u4e0a\u4e00\u90e8\u5f71\u7247\u9084\u5e36\u98a8\u5411\uff1f\u5973\u4eba\u8ff7\u4f60\u5230\u5e95\u5920\u4e86\u6c92\uff1f\u3010\u597d\u68d2Bump\u3011https://youtu.be/R-OpmOeb5ng\r\n\r\n\u8001\u5b50\u7684IG\uff1ahttps://bit.ly/2JqmmIq\r\n\u8001\u5b50\u7684FB\uff1ahttps://bit.ly/2s3pwwb",
        "likeCount": "12930",
        "commentCount": "897",
        "viewCount": "918995"
    },
    "comments": [
        {
            "reply_id": "UgzN3vB0vhrXUK6dOl54AaABAg",
            "reply_content": "\u56de\u53bb\u6362\u8863\u670d\u5728\u5bb6\u91cc\u556a\u556a\u556a\u556a\u54c8\u54c8\u54c8",
            "likeCount": 2
        },
        {
            "reply_id": "UgxP2-uaKsAhVl0f4m14AaABAg",
            "reply_content": "\u6f0f\u7db2\u4e4b\u59e8",
            "likeCount": 2
        },
        {
            "reply_id": "UgwBE9e-24-NC8ioD354AaABAg",
            "reply_content": "\u908a\u770b\u908a\u7b11\u7b11\u6b7b\u4e86",
            "likeCount": 1
        },
        {
            "reply_id": "UgysvOi4MpacdNIzJdV4AaABAg",
            "reply_content": "\u4f60\u56e0\u8a72\u554f\u5979\u85aa\u6c34\u591a\u5c11",
            "likeCount": 1
        },
        {
            "reply_id": "UgxTLtfvjZCTJjMhf-p4AaABAg",
            "reply_content": "\u6709\u9322\u4e0d\u4e00\u5b9a\u8001",
            "likeCount": 1
        },
        {
            "reply_id": "UgxSAjXKF8mD5k8x-8B4AaABAg",
            "reply_content": "\u963f\u59e8\u53ea\u662f\u5728\u627e\u70ae\u53cb\n\u4ed6\u8aaa\u8981\u56de\u53bb\u63db\u8863\u670d\u662f\u4e00\u7a2e\u6697\u793a",
            "likeCount": 1
        },
        {
            "reply_id": "UgzkLshJj3Hz26A1VBN4AaABAg",
            "reply_content": "\u963f\u59e8\u53ea\u662f\u5728\u8003\u9a8c\u4f60",
            "likeCount": 1
        },
        {
            "reply_id": "Ugwb1gIJDYAS1_XZ7lZ4AaABAg",
            "reply_content": "\u7b11\u6b7b",
            "likeCount": 0
        },
        {
            "reply_id": "UgxyZUI9JSmNJpvwcHp4AaABAg",
            "reply_content": "\u9019\u6a23\u611f\u89ba\u4e0d\u592a\u597d",
            "likeCount": 0
        },
        {
            "reply_id": "UgwYgl2UGK6OKZ7Fad94AaABAg",
            "reply_content": "\u6709\u9322\u4eba\u4e0d\u4e00\u5b9a\u6703\u8aaa\u4ed6\u6709\u9322",
            "likeCount": 0
        },
        {
            "reply_id": "UgzT-E7eoSDXE7DeXRJ4AaABAg",
            "reply_content": "\u4ec0\u4e48\u8f6f\u4ef6\u554a",
            "likeCount": 0
        },
        {
            "reply_id": "UgzkB4f-uder5TLPPHR4AaABAg",
            "reply_content": "\u4ea4\u53cb\u8edf\u9ad4\u672c\u4f86\u5c31\u4e00\u5806\u6587\u76f2\u5728\u73a9\u7684",
            "likeCount": 0
        },
        {
            "reply_id": "Ugy0GZ0gXmhtIZx6UeZ4AaABAg",
            "reply_content": "\u9806\u59e6\u59e8\u6d1e",
            "likeCount": 0
        },
        {
            "reply_id": "Ugzdw7R1hEReTDsTCAt4AaABAg",
            "reply_content": "\u9019\u96c6\u597d\u7b11",
            "likeCount": 0
        },
        {
            "reply_id": "UgzI5o2YYTtTU9n_kgZ4AaABAg",
            "reply_content": "\u5ee3\u544a\u90a3\u908a\u770b\u5230\u7684",
            "likeCount": 0
        },
        {
            "reply_id": "Ugxv4mSycGAgLyw1OG54AaABAg",
            "reply_content": "\u679c\u7136\u4e0d\u6703\u4ee4\u6211\u5931\u671b",
            "likeCount": 0
        },
        {
            "reply_id": "UgypCMhaaUnN45l1PVB4AaABAg",
            "reply_content": "\u5ee3\u544a\u4f86\u7684",
            "likeCount": 0
        },
        {
            "reply_id": "UgzB6pdaGGRrpoQmSld4AaABAg",
            "reply_content": "\u54c8\u54c8\u54c8\u54c8\u54c8",
            "likeCount": 0
        },
        {
            "reply_id": "UgyUS8-ntsaL_e0rtil4AaABAg",
            "reply_content": "\u52aa\u529b\u52aa\u529b\u518d\u52aa\u529b",
            "likeCount": 0
        },
        {
            "reply_id": "UgzqFjFA9KbuGHcmlzJ4AaABAg",
            "reply_content": "\u7d50\u5c3e\u592a\u597d\u7b11\u4e86",
            "likeCount": 0
        },
        {
            "reply_id": "Ugzcc-VX46xFKD4pFNV4AaABAg",
            "reply_content": "\u6211\u7684\u4f18\u70b9\u5c31\u662f\u80fd\u5e72",
            "likeCount": 0
        },
        {
            "reply_id": "UgwmFTIXqjK-Jy1ZjSR4AaABAg",
            "reply_content": "\u8cb4\u5a66\u4e5f\u662f\u9760\u5305\u990a\u7684",
            "likeCount": 0
        },
        {
            "reply_id": "UgwXO-6a0i-l_s5vFFV4AaABAg",
            "reply_content": "\u4f60\u53ef\u4ee5\u53bb\u627e\u8a31\u7d14\u7f8e",
            "likeCount": 0
        },
        {
            "reply_id": "Ugz5AO_w9axTsL1BXPR4AaABAg",
            "reply_content": "\u6703\u4e0d\u6703\u90a3\u500b\u963f\u59e8\u60f3\u4ecb\u7d39\u5979\u5973\u5152",
            "likeCount": 0
        },
        {
            "reply_id": "UgyXBgKIZCHlx5M3vVl4AaABAg",
            "reply_content": "\u95dc\u71c8\u90fd\u4e00\u6a23\u5566",
            "likeCount": 0
        }
    ]
}