{
    "video_info": {
        "id": "XSHWYBAq8qw",
        "channelTitle": "\u597d\u68d2Bump",
        "title": "\u76f4\u64ad\u8a50\u9a19\uff01\u5047\u611f\u60c5\u771f\u52d2\u7d22110\u842c\uff01\u5f9e\u982d\u5230\u5c3e\u7adf\u53ea\u662f\u5c0f\u7de8\u5728\u966a\u4f60\u804a\u5929\uff01\u3010\u597d\u68d2Bump\u3011",
        "description": "\u518d\u6b21\u91cd\u7533\uff0c\u4e26\u4e0d\u662f\u6bcf\u4e00\u500b\u76f4\u64ad\u4e3b\u90fd\u662f\u9019\u6a23\u7684\uff0c\u9084\u662f\u6709\u5f88\u55ae\u7d14\u53c8\u5584\u826f\u7684\u76f4\u64ad\u4e3b\uff0c\u4f46\u662f\u5927\u5bb6\u8981\u5237\u9322\u4e4b\u524d\uff0c\u9084\u662f\u8981\u91cf\u529b\u800c\u70ba\uff0c\u4e5f\u4e0d\u8981\u81ea\u6b3a\u6b3a\u4eba\u3002\n\n#\u76f4\u64ad\u4ee3\u64cd #\u611f\u60c5\u52d2\u7d22 #\u4f60\u4e0d\u8cb8\u6b3e\u6211\u5c31\u5c01\u9396\n\n\u6210\u70ba\u9019\u500b\u983b\u9053\u7684\u6703\u54e1\u4e26\u7372\u5f97\u734e\u52f5\uff1a\nhttps://www.youtube.com/channel/UC7XxnhjdYjiQJ3m80K_N_4g/join\n--------------------------------------------------------- \r\n\u4e0a\u4e00\u90e8\u5f71\u7247 \u56de\u55c6\u9178\u6c11\uff01\u4e82\u5e36\u98a8\u5411\u62b9\u9ed1\u88ab\u6211\u6293\u5305\uff01\u4f60\u5011\u624b\u6bb5\u62dc\u8a17\u9ad8\u660e\u4e00\u9ede\uff01\u3010\u597d\u68d2Bump\u3011 https://youtu.be/VzghW9G1_Yc\r\n\r\n\u8001\u5b50\u7684IG\uff1ahttps://bit.ly/2JqmmIq\r\n\u8001\u5b50\u7684FB\uff1ahttps://bit.ly/2s3pwwb",
        "likeCount": "19440",
        "commentCount": "1512",
        "viewCount": "1276366"
    },
    "comments": [
        {
            "reply_id": "Ugx4PbES98vnrF83ArZ4AaABAg",
            "reply_content": "\u73fe\u5728\u770b\u4f86\u662f\u6709\u5167\u9b3c\u53eb\u5c0f\u51e1\u5c01\u9396\u4f60\u7684",
            "likeCount": 8
        },
        {
            "reply_id": "Ugw6Wwtbq1wrCP0fPX94AaABAg",
            "reply_content": "\u539f\u4f86\u4ee3\u64cd\u505c\u6b62\u64cd\u4f5c\u662f\u52fe\u60e1\u901a\u98a8\u5831\u4fe1",
            "likeCount": 5
        },
        {
            "reply_id": "UgwfQURnh8TrVz7wuI94AaABAg",
            "reply_content": "\u6709\u5167\u9b3c\u7d42\u6b62\u4ea4\u6613",
            "likeCount": 4
        },
        {
            "reply_id": "UgwBpBjhtsShi_r7xOB4AaABAg",
            "reply_content": "\u6709\u4eba\u767c\u73fe\n\u521d\u6a02\u548c\u52fe\u60e1\u6c92\u8fa6\u6210\u7684\u9ed1\u9a0e\u58eb\u6709\u540c\u4e00\u500b\u8463\u4e8b\n\u521d\u6a02\u8463\u4e8b\u9577\u76f8\u95dc\u516c\u53f8\u7684\u8463\u4e8b\u90fd\u662f\u9ed1\u9a0e\u58eb\u7684\u8463\u4e8b",
            "likeCount": 4
        },
        {
            "reply_id": "UgyZorTHOZz8Et8ZdBd4AaABAg",
            "reply_content": "\u600e\u9ebc\u6709\u52fe\u5641",
            "likeCount": 3
        },
        {
            "reply_id": "Ugy6oU3M1qDVqRu2ZGR4AaABAg",
            "reply_content": "\u9019\u98db\u96f7\u795e\u771f\u9060",
            "likeCount": 3
        },
        {
            "reply_id": "UgyPVxENmXNhjgh7h-N4AaABAg",
            "reply_content": "",
            "likeCount": 3
        },
        {
            "reply_id": "UgxNlnTsyXuMXPM-3uF4AaABAg",
            "reply_content": "\u9019\u7d1a\u6c34\u5f88\u6df1",
            "likeCount": 3
        },
        {
            "reply_id": "UgxmoiwW0a7s5n0v-Jd4AaABAg",
            "reply_content": "\u6240\u4ee5\u958b\u982d\u51fa\u73fe\u52fe\u60e1\u6f22\u5730\u9ede\u662f\u548c\u70cf\u9d09\u8b1b\u5f97\u4e00\u6a23\u55ce",
            "likeCount": 2
        },
        {
            "reply_id": "UgxH4lSNRIUoPro0c714AaABAg",
            "reply_content": "\u7ed3\u5c3e\u7b11\u6b7b",
            "likeCount": 2
        },
        {
            "reply_id": "Ugxo8nuAZ3MvqFzTShd4AaABAg",
            "reply_content": "\u5f88\u591a\u7537\u751f\u89ba\u5f97\u82b1\u9322\u7d66\u6f02\u4eae\u5973\u751f\u503c\u5f97\uff0c\u4f60\u52f8\u4e5f\u6c92\u7528",
            "likeCount": 2
        },
        {
            "reply_id": "Ugyd8pWGMK_1qJDI-s94AaABAg",
            "reply_content": "\u8001\u4e8c\u7662\u6709\u5916\u9001\u8336",
            "likeCount": 2
        },
        {
            "reply_id": "Ugy-dRe4hLAw54qiJHt4AaABAg",
            "reply_content": "\u6211\u8d85\u611b\u4f60\u5011\u5169\u500b",
            "likeCount": 1
        },
        {
            "reply_id": "UgzJ-rxsB6F2hGHEv9R4AaABAg",
            "reply_content": "\u52fe\u60e1\u6b38",
            "likeCount": 0
        },
        {
            "reply_id": "UgwDL6jFNQWrr6O4VMJ4AaABAg",
            "reply_content": "\u9019\u500b\u5783\u573e\u5834\u61c9\u8a72\u662f\u51fa\u5834\u7387\u6700\u9ad8\u7684\u5834\u666f",
            "likeCount": 0
        },
        {
            "reply_id": "Ugxv7Z-9lRQQQMjnss94AaABAg",
            "reply_content": "\u5f8c\u9762\u7537\u751f\u4eba\u96d6\u597d\u4f46\u667a\u5546\u6b20\u7f3a\uff0c\u8981\u7576\u4ed6\u5973\u670b\u53cb\u8981\u8003\u616e\u597d",
            "likeCount": 0
        },
        {
            "reply_id": "Ugz78qIILj8clT0RIxV4AaABAg",
            "reply_content": "\u75fe",
            "likeCount": 0
        },
        {
            "reply_id": "UgyQfkJ79EAVUie0zZl4AaABAg",
            "reply_content": "\u9019\u7a2e\u6211\u4e5f\u6709\u9047\u5230\u4ea4\u53cb\u8edf\u9ad4\u52a0\u8cf4\u804a\u5929\u7136\u5f8c\u8aaa\u4ed6\u662f\u4f5c\u76f4\u64ad\u61c9\u70ba\u516c\u53f8\u58d3\u529b\u6240\u4ee5\u8981\u6c42\u5e6b\u4ed6\u5237\u79ae\u7269",
            "likeCount": 0
        },
        {
            "reply_id": "Ugyq_fDRqP5vdeQVl8p4AaABAg",
            "reply_content": "\u671d\u8056",
            "likeCount": 0
        },
        {
            "reply_id": "Ugzf8dhTlqeSjGnPVGF4AaABAg",
            "reply_content": "\u52a0\u6cb9",
            "likeCount": 0
        },
        {
            "reply_id": "UgyvNx-XgKz8TAAf8y54AaABAg",
            "reply_content": "\u54c8\u54c8\u54c8\u54c8\u54c8\u54c8\u9019\u662f\u751a\u9ebc\u9806\u4fbf\u5fb5\u5973\u670b\u53cb",
            "likeCount": 0
        },
        {
            "reply_id": "UgwiwkwnYWTqICcrFEZ4AaABAg",
            "reply_content": "\u52a0\u6cb9\u52a0\u6cb9",
            "likeCount": 0
        },
        {
            "reply_id": "Ugzl9x8Ox36Ss18PmUx4AaABAg",
            "reply_content": "\u70ba\u4ec0\u9ebc\u9435\u92c1\u7bb1\u88e1\u9762\u6709\u9152",
            "likeCount": 0
        },
        {
            "reply_id": "UgzWHchvNMOqNg0xwdx4AaABAg",
            "reply_content": "\u8981\u8dcc\u505c\u6b62\u640d\u554a",
            "likeCount": 0
        },
        {
            "reply_id": "UgxiNPe0xxmgn3RnZT94AaABAg",
            "reply_content": "\u4f60\u8b1b\u5f97\u90a3\u500b\u5fc3\u614b\u8d85\u7d1a\u4e2d\u80af\uff0c\u4eba\u53ea\u9858\u76f8\u4fe1\u81ea\u5df1\u9858\u610f\u76f8\u4fe1\u7684\u4e8b\u60c5",
            "likeCount": 7
        }
    ]
}