{
    "video_info": {
        "id": "y-QvxGjreKQ",
        "channelTitle": "\u597d\u68d2Bump",
        "title": "\u5931\u6563\u591a\u5e74\u7684\u59b9\u59b9\u7adf\u662f\u76f4\u64ad\u4e3b\uff1f\u5047\u88dd\u964c\u751f\u4eba\u7206\u523720\u842c\uff01\u518d\u7d04\u5979\u51fa\u4f86\u78b0\u9762\u76f8\u8a8d\u3010\u597d\u68d2Bump\u3011",
        "description": "\u90a3\u5929\u6211\u767c\u73fe\u81ea\u5df1\u591a\u5e74\u6c92\u806f\u7d61\u7684\u59b9\u59b9\u5728UP\u7576\u76f4\u64ad\u4e3b\uff0c\u6211\u4e8c\u8a71\u4e0d\u8aaa\u5047\u88dd\u6210\u964c\u751f\u4eba\uff0c\u5148\u5237\u500b20\u842c\u518d\u7d04\u5979\u51fa\u4f86\u76f8\u8a8d\u3002\n\nUp\u76f4\u64ad\u4e0b\u8f09\u9023\u7d50\uff1a\niOS\uff1ahttps://app.adjust.com/3jsiozy?campaign=BU\nAND\uff1ahttps://app.adjust.com/z4b3exy?campaign=BU\n\n\n#\u7a81\u8972\u59b9\u59b9 #\u7206\u523720\u842c #\u81ea\u52d5\u9078\u5b57\u771f\u7684\u5f88\u721b\n\n\u6210\u70ba\u9019\u500b\u983b\u9053\u7684\u6703\u54e1\u4e26\u7372\u5f97\u734e\u52f5\uff1a\nhttps://www.youtube.com/channel/UC7XxnhjdYjiQJ3m80K_N_4g/join\n\n--------------------------------------------------------- \r\n\u4e0a\u4e00\u90e8\u5f71\u7247\u865f\u53ec\u842c\u4eba\u8a3b\u518a\u63db\u73fe\u91d1\uff01\u638f\u7a7a\u7db2\u7ad9139\u842c\uff01\u641e\u5230\u4ed6\u5011\u5012\u70ba\u6b62\u2026\uff01\u3010\u597d\u68d2Bump\u3011\u3010\u638f\u7a7a\u934a\u91d1\u8853\u3011  @\u5e73\u6c11\u767e\u59d3 \u200b https://youtu.be/AcEWzxtjwNI\r\n\r\n\u8001\u5b50\u7684IG\uff1ahttps://bit.ly/2JqmmIq\r\n\u8001\u5b50\u7684FB\uff1ahttps://bit.ly/2s3pwwb",
        "likeCount": "52361",
        "commentCount": "1744",
        "viewCount": "2610934"
    },
    "comments": [
        {
            "reply_id": "Ugx4Acv9VgjukRK4dw54AaABAg",
            "reply_content": "\u5fc3\u81df\u78ba\u5be6\u5f88\u5927\u9846",
            "likeCount": 1
        },
        {
            "reply_id": "UgyKAD23yRX9XS-jEO14AaABAg",
            "reply_content": "\u7238\u7238\u679c\u7136\u90fd\u662f\u6700\u5805\u5f37\u7684\u5b58\u5728",
            "likeCount": 1
        },
        {
            "reply_id": "UgxpnRmicyeApXeC_994AaABAg",
            "reply_content": "\u5f8c\u4f86\u6211\u5f1f\u5e79\u6211\u59b9",
            "likeCount": 1
        },
        {
            "reply_id": "UgzQjEt7viAC5Z8EISh4AaABAg",
            "reply_content": "\u9019\u770b\u8d77\u4f86\u50cf\u5927\u9678\u5c0f\u8aaa\u5287\u60c5",
            "likeCount": 0
        },
        {
            "reply_id": "UgzZmI8c49oZRj70BFN4AaABAg",
            "reply_content": "\u52a0\u6cb9",
            "likeCount": 0
        },
        {
            "reply_id": "UgwkyfzmwAk-rufXw0l4AaABAg",
            "reply_content": "\u6709\u9ede\u50cf\u6697\u9ed1\u694a\u4e1e\u7433",
            "likeCount": 0
        },
        {
            "reply_id": "UgwYaAHsUeFHicYUswF4AaABAg",
            "reply_content": "\u4e16\u754c\u9700\u8981\u4f60\u9019\u6a23\u7684\u4eba",
            "likeCount": 0
        },
        {
            "reply_id": "UgyAG_SmHBdt2OvRlUl4AaABAg",
            "reply_content": "\u770b\u5230\u54fd\u54bd",
            "likeCount": 0
        },
        {
            "reply_id": "UgzE1b1nSub01MUQ1_F4AaABAg",
            "reply_content": "\u6211\u7684\u670b\u53cb\u661f\u5ea7\u4e5f\u662f\u5de8\u87f9\u5ea7",
            "likeCount": 0
        },
        {
            "reply_id": "UgxXjSYmC4f4BdeO19N4AaABAg",
            "reply_content": "\u4e0d\u80fd\u5e79\u59b9\u59b9\u62c9",
            "likeCount": 0
        },
        {
            "reply_id": "UgyVaF9NGlDHPQvxTOZ4AaABAg",
            "reply_content": "\u662f\u771f\u7684\u89aa\u59b9\u55ce",
            "likeCount": 0
        },
        {
            "reply_id": "Ugz6kvhl5tog_s-0o054AaABAg",
            "reply_content": "\u6709\u59b9\u5b50\u898b\u9762",
            "likeCount": 0
        },
        {
            "reply_id": "UgxVd9tpjfS1vLOaf2Z4AaABAg",
            "reply_content": "\u4e0d\u9519\u54e6",
            "likeCount": 0
        },
        {
            "reply_id": "UgyeO34ilP9QpbZgYPV4AaABAg",
            "reply_content": "\u52a0\u6cb9",
            "likeCount": 0
        },
        {
            "reply_id": "UgxZH4lPPj6CsAUpZZh4AaABAg",
            "reply_content": "\u52a0\u6cb9\u6211\u6703\u5e6b\u4f60\u6309\u8b9a",
            "likeCount": 0
        },
        {
            "reply_id": "UgwDWrAAlUp5LD-jKth4AaABAg",
            "reply_content": "\u600e\u9ebc\u5973\u4e3b\u64ad\u76f4\u64ad\u6642\u7684\u9577\u76f8\u8ddf\u4e00\u8d77\u5403\u98ef\u6642\u7684\u9762\u5bb9\u843d\u5dee\u9019\u9ebc\u5927?",
            "likeCount": 0
        },
        {
            "reply_id": "Ugz_G7HvrM3rc4a2jUZ4AaABAg",
            "reply_content": "\u4eba\u751f\u6700\u5feb\u6a02\u7684\u6642\u5149\u4fbf\u662f\u966a\u4f34\u5bb6\u4eba\u7684\u6642\u5149\u56e0\u70ba\u6642\u9593\u91d1\u9322\u662f\u6c92\u8fa6\u6cd5\u53bb\u8cb7\u5230\u7684\u53ef\u80fd\u5728\u751f\u6d3b\u4e4b\u4e2d\u8ddf\u4ed6\u5011\u6703\u6709\u8a31\u591a\u7684\u6469\u64e6\u4f46\u540c\u6a23\u7684\u4e5f\u6703\u6709\u8a31\u591a\u7684\u77e5\u8db3\u611f\u8ddf\u4ed6\u5011\u4e5f\u540c\u6a23\u6709\u5feb\u6a02\u7684\u6642\u5149\u53ef\u80fd\u90a3\u6642\u5728\u5435\u67b6\u7684\u6642\u5019\u4f60\u53ea\u60f3\u9060\u96e2\u4ed6\u5011\u4f46\u4f60\u5feb\u6a02\u7684\u6642\u5019\u4e5f\u6703\u60f3\u7e7c\u7e8c\u64c1\u6709\u4ed6\u5011\u4eba\u751f\u7684\u76e1\u982d\u4f60\u60f3\u7684\u53ef\u80fd\u662f\u90a3\u4e9b\u966a\u4f34\u5e6b\u52a9\u904e\u4f60\u7684\u4eba\u56e0\u70ba\u6709\u4ed6\u5011\u4f60\u7684\u4eba\u751f\u624d\u662f\u8c50\u5bcc\u7684\u71e6\u721b\u7684",
            "likeCount": 0
        },
        {
            "reply_id": "Ugy2swqPq4mfkz9cXMN4AaABAg",
            "reply_content": "\u767d\u7661\u9084\u662f\u7661\u6f22\u611b\u55e8\u7684\u4eba",
            "likeCount": 0
        },
        {
            "reply_id": "Ugz8ZuzGfMQb-e_CSDp4AaABAg",
            "reply_content": "\u54c8\u54c8\u54c8",
            "likeCount": 0
        },
        {
            "reply_id": "UgzfopV8LaLsreUKm7V4AaABAg",
            "reply_content": "\u4f60\u662f\u4e00\u500b\u975e\u5e38\u771f\u8aa0\u7684\u4eba\uff0c\u73fe\u5728\u771f\u8aa0\u800c\u52c7\u6562\u7684\u4eba\u5df2\u7d93\u5f88\u5c11",
            "likeCount": 5
        },
        {
            "reply_id": "UgyGF6iDmhNoyBRLoFp4AaABAg",
            "reply_content": "\u4e0d\u77e5\u9053\u70ba\u4ec0\u9ebc\u6bcf\u6b21\u770b\u5230\u4f60\u5427\u8ddf\u6253\u6210\u5e79\u6642\u90fd\u60f3\u7b11",
            "likeCount": 1
        },
        {
            "reply_id": "UgxDPD-C8M9ESL1JCYB4AaABAg",
            "reply_content": "\u8b9a\u5566",
            "likeCount": 1
        },
        {
            "reply_id": "Ugz6f1j_HMUfPMh60Gp4AaABAg",
            "reply_content": "\u54e5\u54e5\u61c9\u8a72\u5f88\u75bc\u5f1f\u5f1f\u59b9\u59b9",
            "likeCount": 1
        },
        {
            "reply_id": "UgwDUAIwEshOgtcAv554AaABAg",
            "reply_content": "\u53f0\u6e7e\u4e3b\u64ad\u5973\u751f\u90fd\u5f88\u6797\u5fd7\u73b2\u8bf4\u8bdd\u6a21\u5f0f\u5417\u5475\u5475\u5475",
            "likeCount": 0
        },
        {
            "reply_id": "Ugw_NephSQ6uPPoYkI94AaABAg",
            "reply_content": "\u73cd\u60dc\u773c\u524d\u7684\u4e00\u5207",
            "likeCount": 0
        }
    ]
}