{
    "video_info": {
        "id": "zF9qe5IYDH8",
        "channelTitle": "\u597d\u68d2Bump",
        "title": "\u5728104\u627e\u5de5\u4f5c\u537b\u88ab\u4ef2\u4ecb\u8ce3\u5230\u675c\u62dc\uff01\u88ab\u8feb\u6210\u70ba\u8a50\u9a19\u96c6\u5718\u5e6b\u5147\uff01\u3010\u597d\u68d2Bump\u3011\u3010\u8a50\u9a19\u89e3\u78bc\u3011",
        "description": "\u5973\u7db2\u53cb\u53cb\u5206\u4eab\u8aa4\u5165\u675c\u62dc\u8a50\u9a19\u5de5\u4f5c\uff1ahttps://bit.ly/31nhgJq\n\n\u5f9e\u4f86\u6c92\u60f3\u904e\u6703\u6709\u9019\u6a23\u7684\u4e8b\u60c5\u767c\u751f\u2026. \u5e0c\u671b\u5927\u5bb6\u5e6b\u5fd9\u5206\u4eab\u9019\u500b\u5f71\u7247\uff0c\u4e0d\u8981\u8b93\u4efb\u4f55\u4eba\u88ab\u9a19\u904e\u53bb\u4e86\u3002\n\n#\u8a50\u9a19\u89e3\u78bc #\u4eba\u53e3\u8ca9\u8ce3 #\u9ea5\u64f1\u9a19\u554a\n\n\u6210\u70ba\u9019\u500b\u983b\u9053\u7684\u6703\u54e1\u4e26\u7372\u5f97\u734e\u52f5\uff1a\nhttps://www.youtube.com/channel/UC7XxnhjdYjiQJ3m80K_N_4g/join\n--------------------------------------------------------- \r\n\u4e0a\u4e00\u90e8\u5f71\u7247\u3010\u8a50\u9a19\u89e3\u78bc\u3011YT\u6295\u8cc7\u5ee3\u544a\u5168\u662f\u8a50\u9a19\uff01\u6211\u89aa\u81ea\u88ab\u9a1916\u842c\u7d66\u4f60\u5011\u770b\uff01\u3010\u597d\u68d2Bump\u3011 https://youtu.be/4mDDqJ6TflY\r\n\r\n\u8001\u5b50\u7684IG\uff1ahttps://bit.ly/2JqmmIq\r\n\u8001\u5b50\u7684FB\uff1ahttps://bit.ly/2s3pwwb",
        "likeCount": "69738",
        "commentCount": "3438",
        "viewCount": "2744935"
    },
    "comments": [
        {
            "reply_id": "UgwL6VcVm1n6CihCY5p4AaABAg",
            "reply_content": "\u90a3\u7a2e\u8a98\u62d0\u5e74\u8f15\u4eba\u7528\u9ad8\u85aa\u9ad8\u798f\u5229\u5305\u5403\u5305\u4f4f\u7684\u58de\u4eba\u90fd\u4e0b\u53bb",
            "likeCount": 1
        },
        {
            "reply_id": "UgxGn4z9swpvBDyp3pd4AaABAg",
            "reply_content": "\u7559\u5728\u673a\u573a\u522b\u8d70\u5c31\u53ef\u4ee5\u5566",
            "likeCount": 1
        },
        {
            "reply_id": "UgycFKS9gGDl3p6gSnZ4AaABAg",
            "reply_content": "\u53d7\u5bb3\u4eba\u7adf\u7136\u9084\u53ef\u4ee5\u6709\u624b\u6a5f\u53ef\u4ee5\u4f7f\u7528",
            "likeCount": 1
        },
        {
            "reply_id": "UgyPSuoOFxVidPuj1tB4AaABAg",
            "reply_content": "\u5176\u5be6\u53ef\u4ee5\u5230\u9999\u6e2f\u5de5\u4f5c\u4e5f\u884c",
            "likeCount": 1
        },
        {
            "reply_id": "UgwMOtdvy56Z9pARoWJ4AaABAg",
            "reply_content": "\u7da0\u5e3d\u9ee8\u4e5f\u6709\u4efd\u53c3\u8207",
            "likeCount": 1
        },
        {
            "reply_id": "UgxQC-2wAtSjUxzCqhZ4AaABAg",
            "reply_content": "\u6709\u4ec0\u9ebc\u8fa6\u6cd5\u8b93\u5357\u90e8\u7684\u4eba\u90fd\u770b\u5230\u9019\u500b",
            "likeCount": 0
        },
        {
            "reply_id": "UgxZYjOixQyaFw3oIG54AaABAg",
            "reply_content": "\u8bc8\u9a97\u72af\u6d3b\u8be5\u88ab\u902e\u6355",
            "likeCount": 0
        },
        {
            "reply_id": "UgzUZdG6ixK07hbhDn14AaABAg",
            "reply_content": "\u5927\u4f7f\u9928\u5ee2\u4e86\u55ce",
            "likeCount": 0
        },
        {
            "reply_id": "UgyfdbywTI0ll3vIaft4AaABAg",
            "reply_content": "\u958b\u5973\u751f\u88ab\u5f37\u8feb\u8ce3\u6deb\u7684\u73a9\u7b11\u4e0d\u597d\u5427",
            "likeCount": 0
        },
        {
            "reply_id": "UgyYXxlNvuTA0HFiT4R4AaABAg",
            "reply_content": "\u611f\u8b1d\u4f60\u7684\u52c7\u6562",
            "likeCount": 0
        },
        {
            "reply_id": "UgwaFrOp1x2W2OE595R4AaABAg",
            "reply_content": "\u70ba\u4ec0\u9ebc\u4e0d\u76f4\u63a5\u5831\u8b66",
            "likeCount": 0
        },
        {
            "reply_id": "UgwpPUvlHwEL1ntr5Vh4AaABAg",
            "reply_content": "\u597d\u4eba\u7684\u5584\u826f\u503c\u5f97\u88ab\u5c0a\u91cd\uff0c\u574f\u4eba\u7684\u6076\u540d\u9057\u81ed\u4e07\u5e74",
            "likeCount": 0
        },
        {
            "reply_id": "Ugwru3lfCNIA3IzVMhl4AaABAg",
            "reply_content": "\u59b3\u770b\u770b",
            "likeCount": 0
        },
        {
            "reply_id": "UgyQmnxF2SG1JM5mo594AaABAg",
            "reply_content": "\u5728\u570b\u5916\u8981\u5c0f\u5fc3\u63d0\u9632\u83ef\u4eba",
            "likeCount": 0
        },
        {
            "reply_id": "UgyQ4tnqiha5OdMlqh14AaABAg",
            "reply_content": "\u6211\u9802\u6a13\u6c92\u4eba\u4f4f\u7a7a\u7684\u3002\u6211\u5b69\u5b50\u51fa\u570b\u56de\u4f86\u5c31\u4f4f\u9802\u6a13\u9694\u96e2\u81ea\u5df1\u6709\u7a7a\u5c4b\u623f\u5b50\u53ef\u7528",
            "likeCount": 0
        },
        {
            "reply_id": "UgwxGArh0jzmGS2zvRZ4AaABAg",
            "reply_content": "\u5149\u662f\u770b\u6c42\u8077\u6a19\u984c\u548c\u5e95\u85aa\u5c31\u77e5\u9053\u5927\u6709\u554f\u984c\uff0c\u600e\u9ebc\u6703\u6709\u90a3\u9ebc\u591a\u5929\u771f\u55ae\u7d14\u7684\u4eba\u76f8\u4fe1\u9019\u6771\u897f",
            "likeCount": 0
        },
        {
            "reply_id": "Ugz-RIUOq7Cw7ms4g894AaABAg",
            "reply_content": "\u6c11\u9032\u9ee8\u90a3\u500b\u5c45\u7136\u9084\u662f\u7a7a\u865f\uff0c\u54c8\u54c8\u54c8\u771f\u7684\u592a\u68d2\u4e86",
            "likeCount": 0
        },
        {
            "reply_id": "UgyP2XDEEiq-dgIBL254AaABAg",
            "reply_content": "\u627e\u5927\u9646\u5927\u4f7f\u9986\u5bfb\u6c42\u5e2e\u52a9",
            "likeCount": 0
        },
        {
            "reply_id": "UgyIbqnY-IimcOC5W0p4AaABAg",
            "reply_content": "\u54c8\u54c8\u54c8",
            "likeCount": 0
        },
        {
            "reply_id": "Ugx4Y6hZWGwxUBOvSs14AaABAg",
            "reply_content": "\u9732\u8138\u4e86\u5c31\u8bf7\u4e00\u5b9a\u4fdd\u62a4\u597d\u81ea\u5df1",
            "likeCount": 4
        },
        {
            "reply_id": "UgwHKuUSYVXLiVcm7eZ4AaABAg",
            "reply_content": "\u53f0\u7063\u53ef\u4ee5\u51fa\u5175\u6253\u67ec\u57d4\u5be8\u8ddf\u675c\u62dc\u4e86",
            "likeCount": 2
        },
        {
            "reply_id": "UgzzkK-Y-Cj-v7zCZv94AaABAg",
            "reply_content": "\u9019\u5c31\u662f\u4e2d\u570b\u5927\u9678\u4e00\u5e36\u4e00\u8def\u5605\u798d\u5bb3",
            "likeCount": 1
        },
        {
            "reply_id": "Ugwb_MX96oR1pR_89KF4AaABAg",
            "reply_content": "\u539f\u4f86\u8fd4\u53f0\u524d\u8981\u5148\u8a02\u597d\u9632\u75ab\u65c5\u9928\u611f\u8b1d",
            "likeCount": 1
        },
        {
            "reply_id": "Ugyqc82eYI5kvdKkQJJ4AaABAg",
            "reply_content": "\u9a19\u4eba\u7684\u771f\u7684\u5f88\u58de",
            "likeCount": 0
        },
        {
            "reply_id": "UgxDT01jJmDdEmtP5Ll4AaABAg",
            "reply_content": "\u653e\u5c41",
            "likeCount": 0
        }
    ]
}