{
    "video_info": {
        "id": "-VMluYk2jsY",
        "channelTitle": "\u773e\u91cf\u7d1aCROWD",
        "title": "Tag\u4f60\u7684\u670b\u53cb \u4e00\u8d77\u4f86\u63a5\u529b\u5504\uff5e\ud83d\ude19 #\u78b0\u676f\u63a5\u529b\u6311\u6230",
        "description": "",
        "likeCount": "7651",
        "commentCount": "95",
        "viewCount": "170745"
    },
    "comments": [
        {
            "reply_id": "Ugws92b_BypTnTMJESB4AaABAg",
            "reply_content": "\u54f2\u54f2\u744b\u744b\u5168\u4e16\u754c\u6700\u5e25"
        },
        {
            "reply_id": "UgwbUyfuq6on9vYTcKt4AaABAg",
            "reply_content": "\u53ef\u4ee5\u91cd\u8907\u5faa\u74b0\u4e86"
        },
        {
            "reply_id": "Ugy44XGDSkquiyPrVBF4AaABAg",
            "reply_content": "\u8d85\u76f4\u767d\u559d\u91ac\u6cb9"
        },
        {
            "reply_id": "UgynT_b0JhbcodgLNL14AaABAg",
            "reply_content": "\u6211\u559d\u904e\u97cb\u97cb\u7684"
        },
        {
            "reply_id": "Ugyq0EQAyZFQUlAJ4Op4AaABAg",
            "reply_content": "\u744b\u744b\u597d\u50cf\u5f88\u597d\u76f8\u8655\uff0c\u56e0\u70ba\u4ed6\u7b11\u7684\u6642\u5019\u5634\u5df4\u65c1\u908a\u6703\u6709\u5169\u500b\u9ede\u51f9\u4e0b\u53bb"
        },
        {
            "reply_id": "UgwY7MsP7tBpi0X0fUN4AaABAg",
            "reply_content": "\u744b\u744b\u597d\u50cf\u5f88\u597d\u76f8\u8655\uff0c\u56e0\u70ba\u4ed6\u7b11\u7684\u6642\u5019\u5634\u5df4\u65c1\u908a\u6703\u6709\u5169\u500b\u9ede\u51f9\u4e0b\u53bb"
        },
        {
            "reply_id": "UgxngWbw2KB_H-a74Xp4AaABAg",
            "reply_content": "\u70ba\u4ec0\u9ebc\u6c92\u6709\u6728\u661f\u4eba"
        },
        {
            "reply_id": "UgzZUIDd7nEV5XOGV7l4AaABAg",
            "reply_content": "\u54f2\u54f2\u554a"
        },
        {
            "reply_id": "UgwABg8RPNJpMlDJ5X14AaABAg",
            "reply_content": "\u5abd\u5abd\u5927\u4fbf"
        },
        {
            "reply_id": "UgyKAhCXBtt0-sDg8bl4AaABAg",
            "reply_content": "\u744b\u744b\u559d\u7684\u6211\u4e5f\u6709\u559d\u904e"
        },
        {
            "reply_id": "Ugza44x8gOU75Tz4-gB4AaABAg",
            "reply_content": "\u6709\u6c92\u6709\u4eba\u8ddf\u6211\u4e00\u6a23\u662f\u770b\u5230\u744b\u744b\u624d\u9032\u4f86\u7684"
        },
        {
            "reply_id": "Ugy4iWyObM62rNpJkpN4AaABAg",
            "reply_content": "\u744b\u744b\u62ff\u7684\u90a3\u74f6\u8d85\u597d\u559d"
        },
        {
            "reply_id": "UgxyWLSUxVLeCJDVVSJ4AaABAg",
            "reply_content": "\u554a\u554a\u554a\u554a\u554a\u554a\u554a\u554a\u744b\u744b\u597d\u53ef\u611b"
        },
        {
            "reply_id": "UgzWMTGiklxvehFff814AaABAg",
            "reply_content": "\u6821\u8349\u6572\u5e25\u7684\u5566"
        },
        {
            "reply_id": "Ugx2QsqtmutpUFd84X54AaABAg",
            "reply_content": "\u7537\u751f\u7b2c\u56db\u500b\u597d\u5e25"
        },
        {
            "reply_id": "Ugznzhb1ShQH3B2HtFR4AaABAg",
            "reply_content": "\u6211\u662f\u4f60\u5011\u7684\u7c89\u7d72"
        },
        {
            "reply_id": "Ugynf1EEmh_NvvJo6qR4AaABAg",
            "reply_content": "\u4f60\u5011\u51fa\u5728\u54ea\u88e1"
        },
        {
            "reply_id": "Ugz_SYWQ9038KuPbDdV4AaABAg",
            "reply_content": "\u744b\u744b\u559d\u7684\u98f2\u6599\u5f88\u597d\u559d"
        },
        {
            "reply_id": "UgyI4R5aV_arsAzH7Sp4AaABAg",
            "reply_content": "\u54f2\u54f2\u744b\u744b"
        },
        {
            "reply_id": "Ugwf2ZUKivakca71ntd4AaABAg",
            "reply_content": "\u6211\u770b\u898b\u54f2\u54f2\u7684\u6642\u5019\u6211\u628a\u6211\u7684\u9838\u5b50\u626d\u5230\u4e86"
        },
        {
            "reply_id": "UgxiMWhS5jsSweYJGeB4AaABAg",
            "reply_content": "\u54f2\u54f2\u597d\u5e25"
        },
        {
            "reply_id": "UgzdCbCZ5ReHIWNV9Rh4AaABAg",
            "reply_content": "\u97cb\u97cb\u60a8\u559d\u7684\u662f\u6211\u559d\u7684\u6211\u597d\u559c\u6b61"
        },
        {
            "reply_id": "UgwWy5UFIrnwn9o-Fyl4AaABAg",
            "reply_content": "\u744b\u744b\u7684\u98f2\u6599\u6211\u524d\u5e7e\u5929\u624d\u559d\u904e"
        },
        {
            "reply_id": "UgylmIUntaqj_ws5kTl4AaABAg",
            "reply_content": "\u6211\u8a02\u95b1\u4e86"
        },
        {
            "reply_id": "Ugw_Fvgk0Z_Lb06ULJZ4AaABAg",
            "reply_content": "\u96e3\u770b"
        }
    ]
}