{
    "video_info": {
        "id": "1VF5wco64_U",
        "channelTitle": "\u773e\u91cf\u7d1aCROWD",
        "title": "\u9019\u884c\u70ba\u662f\u5168\u7403\u5973\u6027\u7d71\u4e00\u5427\uff01Tag\u4f60\u611b\u7167\u93e1\u5b50\u7684\u5973\u751f\ud83e\udd23#\u9152\u5427 #\u773e\u91cf\u7d1acrowd",
        "description": "",
        "likeCount": "258",
        "commentCount": "1",
        "viewCount": "10311"
    },
    "comments": [
        {
            "reply_id": "Ugx7mG2tUyNTn6w5uAZ4AaABAg",
            "reply_content": "\u6211\u8a18\u5f97\u6709\u4e00\u6b21\u6211\u6709\u4e00\u500b\u670b\u53cb\u5206\u4eab\u7d66\u6211\u4e00\u500b\u6545\u4e8b\u662f\u8aaa\u6709\u4e00\u6b21\u5979\u4e5f\u662f\u50cf\u9019\u6a23\u5b50\u5728\u5ec1\u6240\u88e1\u6574\u7406\u9762\u5bb9\u4f46\u662f\u4e00\u8f49\u982d\u5979\u767c\u73fe\u6709\u4e00\u500b\u5c0f\u5c3f\u76c6"
        }
    ]
}