{
    "video_info": {
        "id": "2zPabKV7gLU",
        "channelTitle": "\u773e\u91cf\u7d1aCROWD",
        "title": "\u8ddfJisoo \u501f\u53e3\u7d05\u9001\u5973\u53cb\uff0c\u537b\u906d\u5979\u5acc\u2026#\u78b0\u62f3\u9a5a\u559c\u6311\u6230 #\u773e\u91cf\u7d1acrowd #520\u79ae\u7269",
        "description": "",
        "likeCount": "4333",
        "commentCount": "21",
        "viewCount": "94476"
    },
    "comments": [
        {
            "reply_id": "UgxFuOcI4kclhFyoqdt4AaABAg",
            "reply_content": "\u597d\u7fa8\u6155\u5594"
        },
        {
            "reply_id": "UgzHSrDuWyOq0xIfl9t4AaABAg",
            "reply_content": "\u9583\u4eae\u4eae"
        },
        {
            "reply_id": "Ugz7rARzLna77t3uxyl4AaABAg",
            "reply_content": "\u5e97\u54e1\u6709\u9001\u6211"
        }
    ]
}