{
    "video_info": {
        "id": "30bAZHnBHd0",
        "channelTitle": "\u773e\u91cf\u7d1aCROWD",
        "title": "\u9047\u8d85\u55e8\u8a08\u7a0b\u8eca\u8001\u53f8\u6a5f\u6574\u8def\u7b11\u7206\ud83d\ude02\u8d85\u5e25\u591c\u5e97\u7537\u516c\u95dc\u8b93\u5973\u53cb\u5fcd\u4e0d\u4f4f...\uff5c2022\u6c96\u7e69EP.2  @K.R.Bros0203   @Tgopdone   \u3010\u773e\u91cf\u7d1aCROWD\uff5cVLOG\u751f\u6d3b\u7279\u8f2f\u3011",
        "description": "\u2b50\u52a0\u5165\u6211\u5011\u7684YouTube\u6703\u54e1\uff1ahttps://pse.is/U8GDQ\n\ud83d\udc49\u6703\u54e1\u4ecb\u7d39\u5f71\u7247\uff1ahttps://reurl.cc/rlvEKx\n\n\u27a1\u8a02\u95b1YouTube\u3010\u773e\u91cf\u7d1aCROWD x FUN\u751f\u6d3b-\u7b2c\u4e8c\u983b\u9053\u3011\nhttps://is.gd/4dSkyk \n\u27a1\u8a02\u95b1YouTube\u3010\u5bb6\u5be7+0\u3011\nhttps://is.gd/lcdma4 \n\u27a1\u8a02\u95b1YouTube\u3010Andy\u8001\u5e2b\u3011 \nhttps://is.gd/laVony\n------------------------------------------------------------------------------------\n\u27a1FB\u3010\u773e\u91cf\u7d1aCROWD\u3011\nhttps://www.facebook.com/etman0909/\n\u27a1FB\u3010\u5bb6\u5be7+0\u3011\nhttp://bit.ly/29PljQA\n\u27a1FB\u3010Andy\u8001\u5e2b\u3011\nhttp://bit.ly/29JkGYS\n------------------------------------------------------------------------------------\n\u27a1IG\u3010\u773e\u91cf\u7d1aCROWD\u3011\nhttps://www.instagram.com/crowd520/?hl=zh-tw\n------------------------------------------------------------------------------------\n\u27a1\u7f8e\u62cd\u3010\u4f17\u91cf\u7ea7CROWD\u3011\nhttp://www.meipai.com/user/1048418678\n------------------------------------------------------------------------------------\n\u27a1\u5fae\u535a\u3010\u4f17\u91cf\u7ea7CROWD\u3011\nhttp://www.weibo.com/6067696343/profi...\n\n\u27a1\u8a02\u95b1YouTube\u3010\u773e\u91cf\u7d1aCROWD\u3011\nhttps://is.gd/JgIQw6\n\n\u5de5\u4f5c\u9080\u7d04\u8acb\u6d3d\uff1aqunhaient@gmail.com\n\n#\u6c96\u7e69#\u773e\u91cf\u7d1aCROWD#\u60c5\u4fb6",
        "likeCount": "1320",
        "commentCount": "29",
        "viewCount": "69156"
    },
    "comments": [
        {
            "reply_id": "Ugy4XKN8U4v4HpetMDp4AaABAg",
            "reply_content": "\u516c\u95dc\u6709\u9ede\u50cf\u9cf3\u5c0f\u5cb3"
        },
        {
            "reply_id": "Ugyb9qRAbE3HsYdGY1t4AaABAg",
            "reply_content": "\u9019\u9593\u591c\u5e97\u6211\u9019\u500b\u6708\u624d\u53bb\u54c8\u54c8\u54c8"
        },
        {
            "reply_id": "UgyOjrzZjD9jz-6v1yt4AaABAg",
            "reply_content": "\u4e0d\u53ef\u4ee5\u745f\u745f"
        },
        {
            "reply_id": "UgzeiZwuUVnkGFmDPTt4AaABAg",
            "reply_content": "\u7b2c\u4e00"
        }
    ]
}