{
    "video_info": {
        "id": "72AfbEfx8CA",
        "channelTitle": "\u773e\u91cf\u7d1aCROWD",
        "title": "\u5973\u53cb\u54ed\u7206\uff01\u6c96\u7e69\u65c5\u904a\u7b2c\u4e00\u5929\u842c\u5143\u7cbe\u54c1\u906d\u58d3\u58de\uff01\uff1f\u7db2\u53cb\u63a8\u7206\u7576\u5730\u725b\u6392\u9928\u8a55\u50f9\u7adf\u662f\uff1f\uff5c2022\u6c96\u7e69EP.1 @K.R.Bros0203   @Tgopdone \u3010\u773e\u91cf\u7d1aCROWD\uff5cVLOG\u751f\u6d3b\u7279\u8f2f\u3011",
        "description": "\u2b50\u52a0\u5165\u6211\u5011\u7684YouTube\u6703\u54e1\uff1ahttps://pse.is/U8GDQ\n\ud83d\udc49\u6703\u54e1\u4ecb\u7d39\u5f71\u7247\uff1ahttps://reurl.cc/rlvEKx\n\n\u27a1\u8a02\u95b1YouTube\u3010\u773e\u91cf\u7d1aCROWD x FUN\u751f\u6d3b-\u7b2c\u4e8c\u983b\u9053\u3011\nhttps://is.gd/4dSkyk \n\u27a1\u8a02\u95b1YouTube\u3010\u5bb6\u5be7+0\u3011\nhttps://is.gd/lcdma4 \n\u27a1\u8a02\u95b1YouTube\u3010Andy\u8001\u5e2b\u3011 \nhttps://is.gd/laVony\n------------------------------------------------------------------------------------\n\u27a1FB\u3010\u773e\u91cf\u7d1aCROWD\u3011\nhttps://www.facebook.com/etman0909/\n\u27a1FB\u3010\u5bb6\u5be7+0\u3011\nhttp://bit.ly/29PljQA\n\u27a1FB\u3010Andy\u8001\u5e2b\u3011\nhttp://bit.ly/29JkGYS\n------------------------------------------------------------------------------------\n\u27a1IG\u3010\u773e\u91cf\u7d1aCROWD\u3011\nhttps://www.instagram.com/crowd520/?hl=zh-tw\n------------------------------------------------------------------------------------\n\u27a1\u7f8e\u62cd\u3010\u4f17\u91cf\u7ea7CROWD\u3011\nhttp://www.meipai.com/user/1048418678\n------------------------------------------------------------------------------------\n\u27a1\u5fae\u535a\u3010\u4f17\u91cf\u7ea7CROWD\u3011\nhttp://www.weibo.com/6067696343/profi...\n\n\u27a1\u8a02\u95b1YouTube\u3010\u773e\u91cf\u7d1aCROWD\u3011\nhttps://is.gd/JgIQw6\n\n\u5de5\u4f5c\u9080\u7d04\u8acb\u6d3d\uff1aqunhaient@gmail.com\n\n#\u6c96\u7e69#\u773e\u91cf\u7d1aCROWD#\u60c5\u4fb6",
        "likeCount": "1974",
        "commentCount": "54",
        "viewCount": "139686"
    },
    "comments": [
        {
            "reply_id": "UgxLSpTgaERw59zMSMB4AaABAg",
            "reply_content": "\u771f\u68d2\u771f\u68d2"
        },
        {
            "reply_id": "Ugxg32R6f-2R4_SS18N4AaABAg",
            "reply_content": "\u90a3\u500b\u9b06\u9905\u5f88\u751c"
        },
        {
            "reply_id": "UgxWZhhbTBNWocXxp2R4AaABAg",
            "reply_content": "\u6709\u5c55\u69ae\u5c55\u745e\u55ce"
        },
        {
            "reply_id": "UgzZAOKZAw5ZTzKh9ot4AaABAg",
            "reply_content": "\u8463\u4ed4\u5634\u5df4\u7b11\u6b7b"
        },
        {
            "reply_id": "UgwGktAObEf6dbkt_rJ4AaABAg",
            "reply_content": "\u4fee\u597d\u4e86\u4f60\u6703\u66f4\u52a0\u73cd\u60dc"
        },
        {
            "reply_id": "UgxQI35ga0L6zc35oyZ4AaABAg",
            "reply_content": "\u8463\u4ed4\u597d\u597d\u7b11"
        },
        {
            "reply_id": "UgxUQnaO2M6H42N_0xt4AaABAg",
            "reply_content": "\u4f60\u5973\u670b\u53cb\u597d\u50cf\u8b8a\u9ed1\u4e86"
        }
    ]
}