{
    "video_info": {
        "id": "8i9T-bF1SGo",
        "channelTitle": "\u773e\u91cf\u7d1aCROWD",
        "title": "\u5973\u53cb\u6709\u9019\u500b\u884c\u70ba\uff0c\u6211\u8a72\u6ce8\u610f\u4ec0\u9ebc\uff1f\ud83d\ude05#\u773e\u91cf\u7d1acrowd",
        "description": "",
        "likeCount": "4206",
        "commentCount": "77",
        "viewCount": "153598"
    },
    "comments": [
        {
            "reply_id": "Ugxf5AJPL1A1oTIkJ7J4AaABAg",
            "reply_content": "\u6ce8\u610f\u5b89\u5168"
        },
        {
            "reply_id": "UgzY8AWE_Il5YGVNYqt4AaABAg",
            "reply_content": "\u627e\u500b\u5c08\u696d\u7684\u745c\u73c8\u8001\u5e2b\u6bd4\u8f03\u597d\u6709\u7246\u58c1\u5b78\u7fd2\u6bd4\u8f03\u5b89\u5168"
        },
        {
            "reply_id": "Ugz5ZX3OON_wL-jsG2x4AaABAg",
            "reply_content": "\u5931\u6557"
        },
        {
            "reply_id": "UgzGsJaLX67DNeIT6KN4AaABAg",
            "reply_content": "\u8981\u5c0f\u5fc3"
        },
        {
            "reply_id": "UgznZ23k7_QmnhmcH-R4AaABAg",
            "reply_content": "\u75fe\u6211\u770b\u4f60\u9084\u662f\u53bb\u5e6b\u5e6b\u4ed6\u5427"
        },
        {
            "reply_id": "Ugx9luZZLZUXmunKzpt4AaABAg",
            "reply_content": "\u97d3\u570b\u5c0f\u59d0\u7684\u8a13\u7df4\u4ed6\u5c31\u662f\u6703\u8b93\u4e0b\u76e4\u8ddf\u7a69\u91cd\u4e00\u9ede"
        },
        {
            "reply_id": "UgysScz3qK75wECttft4AaABAg",
            "reply_content": "\u8a72\u6ce8\u610f\u4ed6\u6703\u6454\u6158"
        },
        {
            "reply_id": "UgyBGJX63CRMHeWyKUR4AaABAg",
            "reply_content": "\u6ce8\u610f\u5979\u7684\u5b89\u5168"
        },
        {
            "reply_id": "Ugzxt6Oj9DGdJK399d14AaABAg",
            "reply_content": "\u6ce8\u610f\u4e0d\u8981\u626d\u5230\u8116\u5b50"
        },
        {
            "reply_id": "UgwT3CodWrixZH2P89Z4AaABAg",
            "reply_content": "\u56e0\u8a72\u662f\u60f3\u7df4\u5012\u7acb"
        },
        {
            "reply_id": "UgxuoEkL5OWcYfh_Rux4AaABAg",
            "reply_content": "\u6ce8\u610f\u5979\u4e0d\u8981\u53d7\u50b7"
        },
        {
            "reply_id": "UgzKaptAfMQ4uQl5qGB4AaABAg",
            "reply_content": "\u5148\u53eb\u5979\u624b\u81c2\u7df4\u7c97\u4e00\u9ede"
        },
        {
            "reply_id": "UgyDwhF8hSIzEAFjsPd4AaABAg",
            "reply_content": "\u5efa\u8b70\u6309\u6642\u7d66\u85e5"
        },
        {
            "reply_id": "UgyMkrcMQc7X6Z27h2Z4AaABAg",
            "reply_content": "\u9760\u7246\u58c1\u6bd4\u8f03\u5bb9\u6613"
        },
        {
            "reply_id": "UgxlNJwxotkaewiHQ954AaABAg",
            "reply_content": "\u54c8\u54c8\u54c8"
        },
        {
            "reply_id": "Ugyhl8izXyzMqnqxzHJ4AaABAg",
            "reply_content": "\u662f\u60f3\u505a\u5012\u7acb\u76e4\u817f\u5427"
        },
        {
            "reply_id": "UgysJbJiZ19T_xz9Kix4AaABAg",
            "reply_content": "\u4ed6\u53ef\u80fd\u60f3\u53bb\u9078\u7f8e"
        },
        {
            "reply_id": "UgzNLC62ceyD5umbeq14AaABAg",
            "reply_content": "\u770b\u4f86\u8981\u5148\u7df4\u9838\u90e8\u808c\u8089\u4e86"
        },
        {
            "reply_id": "UgzSMgj9eG91q6s9iQV4AaABAg",
            "reply_content": "\u6ce8\u610f\u809a\u5b50"
        },
        {
            "reply_id": "UgwCY8MhpCM8egZy5ht4AaABAg",
            "reply_content": "\u6ce8\u610f\u5979\u7684\u59ff\u52e2"
        },
        {
            "reply_id": "UgyPVKbD9z2pBPainPl4AaABAg",
            "reply_content": "\u5feb\u53eb\u8001\u5a46\u4e86\u5566"
        },
        {
            "reply_id": "Ugxq5qRBk7IuN5uPmel4AaABAg",
            "reply_content": "\u6ce8\u610f\u5668\u6750"
        },
        {
            "reply_id": "UgzzZmid-xYcV8cm48h4AaABAg",
            "reply_content": "\u8857\u821e\u5012\u7acb"
        },
        {
            "reply_id": "UgyN8YBeGd9d5Voodt14AaABAg",
            "reply_content": "\u592a\u53ef\u611b\u4e86"
        },
        {
            "reply_id": "UgzvRKq8PewLVwG8ENJ4AaABAg",
            "reply_content": "\u9019\u5c31\u662f\u8857\u821e"
        }
    ]
}