{
    "video_info": {
        "id": "9g1uphCu2gw",
        "channelTitle": "\u773e\u91cf\u7d1aCROWD",
        "title": "\u708e\u708e\u590f\u65e5\u9084\u5728\u60f3\u8981\u53bb\u54ea\u73a9\uff1f\u7da0\u5cf6\u6703\u662f\u500b\u597d\u7684\u9078\u64c7\u2600\ufe0f\u7b2c\u4e00\u6b21\u53bb\u5b8c\uff0c\u5c31\u60f3\u597d\u7b2c\u4e8c\u6b21\u4ec0\u9ebc\u6642\u5019\u53bb\u4e86\uff0c\u592a\u611b\u9019\u500b\u5730\u65b9\u4e86\ud83e\udd70#\u7da0\u5cf6 #\u81ea\u7531\u6f5b\u6c34 #\u65c5\u904a\u666f\u9ede",
        "description": "",
        "likeCount": "857",
        "commentCount": "6",
        "viewCount": "24346"
    },
    "comments": [
        {
            "reply_id": "UgwLdOJ3gxn-Mrjg7Qx4AaABAg",
            "reply_content": "\u54c7\u55da"
        },
        {
            "reply_id": "UgyKQzuhSB6RIhcwwf54AaABAg",
            "reply_content": "\u597d\u68d2"
        }
    ]
}