{
    "video_info": {
        "id": "Aoq019-9i3Q",
        "channelTitle": "\u773e\u91cf\u7d1aCROWD",
        "title": "\u904a\u6232 V.S \u5c0f\u5f37 \u5973\u53cb\u6703\u9078\u8ab0\uff1f\u4f60\u5011\u8a55\u8a55\u7406\uff01 @chianing_baby \u9069\u4e0d\u9069\u5408\u767c\u500bMVP\u7d66\u5979\ud83e\udd14#\u773e\u91cf\u7d1acrowd #\u50b3\u8aaa\u5c0d\u6c7a",
        "description": "#\u5c0f\u5f37 #\u50b3\u8aaa\u5c0d\u6c7a",
        "likeCount": "7658",
        "commentCount": "113",
        "viewCount": "262738"
    },
    "comments": [
        {
            "reply_id": "UgxSQQKXFeTkZ0whRLd4AaABAg",
            "reply_content": "\u7528\u6fd5\u7684\u885b\u751f\u5b50\u4e1f"
        },
        {
            "reply_id": "UgyPnymeRp1zrVz28_14AaABAg",
            "reply_content": "\u5927\u5bb6\u77e5\u9053\u5417\u5176\u5b9e\u87d1\u8782\u7684\u8033\u6735\u662f\u751f\u5728\u811a\u7684\uff0c\u56e0\u4e3a\u5982\u679c\u4f60\u628a\u5b83\u7684\u811a\u62d4\u6389\u4f60\u5c3d\u91cf\u7684\u558a\u5b83\u662f\u8dd1\u4e0d\u4e86\u7684\uff01"
        },
        {
            "reply_id": "Ugws3aa105v3vj6y2X94AaABAg",
            "reply_content": "\u7528\u624b\u6293\u6bd4\u8f03\u5feb"
        },
        {
            "reply_id": "Ugzkpqc4HNtxp2jPmY94AaABAg",
            "reply_content": "\u983b\u7387\u5c0d\u4e86\u983b\u9053\u4e0d\u5c0d"
        },
        {
            "reply_id": "UgwvErA8YUTfRSRM7Vd4AaABAg",
            "reply_content": "\u885b\u751f\u7d19\u6cbe\u6c34\u8d85\u731b"
        },
        {
            "reply_id": "UgxgSVId6oi5FERULZR4AaABAg",
            "reply_content": "\u4ed6\u662f\u516c\u7684"
        },
        {
            "reply_id": "Ugy7sayZdnK-16E7WTB4AaABAg",
            "reply_content": "\u8acb\u6c42\u96c6\u5408\u54c8\u54c8\u54c8\u54c8\u54c8\u54c8"
        },
        {
            "reply_id": "Ugz4-XW39lS9pevBPv54AaABAg",
            "reply_content": "\u6211\u73a9\u4e9e\u9023"
        },
        {
            "reply_id": "UgyMKA7hUNNfhzP5EWd4AaABAg",
            "reply_content": "\u6383\u628a\u58de\u4e86\u5169\u4e09\u628a"
        },
        {
            "reply_id": "UgyMsPpumLq-eEzniWl4AaABAg",
            "reply_content": "\u8981\u7528\u9f4a\u723e\u5eb7\u7279\u4ed6"
        },
        {
            "reply_id": "UgxUjuGx2dQzr-X07a54AaABAg",
            "reply_content": "\u79d1\u91cc\u7d0d\u5361\u5df2\u88ab\u64ca\u6557"
        },
        {
            "reply_id": "UgxOxQ08gs8QYJM0TK14AaABAg",
            "reply_content": "\u597d\u60e1\u5fc3\u5594"
        },
        {
            "reply_id": "UgzXkD81Dsl3LvBYkVt4AaABAg",
            "reply_content": "\u90a3\u6fd5\u885b\u751f\u7d19\u4e1f\u4ed6"
        },
        {
            "reply_id": "UgxBkFu6J_eoMpfwjYl4AaABAg",
            "reply_content": "\u6211\u5011\u5bb6\u7684\u57fa\u672c\u90fd\u6703\u98db\u52d5\u4e0d\u52d5\u5c31\u8d77\u98db\u7684\u90a3\u7a2e\u90a3\u98db\u884c\u7684\u8072\u97f3\u771f\u7684\u8b93\u4eba\u611f\u5230\u6050\u61fc"
        },
        {
            "reply_id": "Ugyd8STxeT3Wj7OKoXZ4AaABAg",
            "reply_content": "\u54c8\u54c8"
        },
        {
            "reply_id": "Ugz0JQUS_cAjvcDIVI54AaABAg",
            "reply_content": "\u4f60\u5011\u597d\u7121\u804a"
        },
        {
            "reply_id": "UgwoQj2x12y8d7a9k114AaABAg",
            "reply_content": "\u5bb6\u88e1\u51fa\u73fe\u5c0f\u5f37\u6211\u90fd\u8acb\u4ed6\u559d\u9152\uff0c\u5728\u8acb\u7260\u53bb\u99ac\u6876\u6d17\u6fa1"
        },
        {
            "reply_id": "UgyKt6r_I-C_0cRr0Up4AaABAg",
            "reply_content": "\u624b\u628a\u8ddf\u6211\u5bb6\u7684\u4e00\u6a23"
        },
        {
            "reply_id": "UgzPythqJVWT3PHkas14AaABAg",
            "reply_content": "\u7528\u80a5\u7682\u6c34\u5674\u7260\u5c31\u597d\u5566\uff01\u6253\u7206\u4e86\u6703\u5674\u5f88\u591a\u7d30\u83cc\u5728\u7a7a\u6c23\u88e1"
        },
        {
            "reply_id": "Ugxm8zLhpSpTQyEEVW14AaABAg",
            "reply_content": "\u600e\u4e0d\u7528\u62d6\u978b"
        }
    ]
}