{
    "video_info": {
        "id": "bh06OpZe7e4",
        "channelTitle": "\u773e\u91cf\u7d1aCROWD",
        "title": "\u8056\u8a95\u4e0d\u51fa\u570b\u5c31\u80fd\u9ad4\u9a57\u7570\u570b\u611f\uff01\u539f\u4f86Outlet\u53ef\u4ee5\u9019\u9ebc\u597d\u73a9\uff1f\u5165\u4f4f\u9ad8\u7d1a\u842c\u5143\u9152\u5e97\u767c\u73fe\u5e8a\u4e0a\u7adf\u6709...\ud83d\udc8f\u3010\u773e\u91cf\u7d1aCROWD\u3011",
        "description": "\u2b50\u52a0\u5165\u6211\u5011\u7684YouTube\u6703\u54e1\uff1ahttps://pse.is/U8GDQ\n\ud83d\udc49\u6703\u54e1\u4ecb\u7d39\u5f71\u7247\uff1ahttps://reurl.cc/rlvEKx\n\n\u27a1\u8a02\u95b1YouTube\u3010\u773e\u91cf\u7d1aCROWD x FUN\u751f\u6d3b-\u7b2c\u4e8c\u983b\u9053\u3011\nhttps://is.gd/4dSkyk \n\u27a1\u8a02\u95b1YouTube\u3010\u5bb6\u5be7+0\u3011\nhttps://is.gd/lcdma4 \n\u27a1\u8a02\u95b1YouTube\u3010Andy\u8001\u5e2b\u3011 \nhttps://is.gd/laVony\n------------------------------------------------------------------------------------\n\u27a1FB\u3010\u773e\u91cf\u7d1aCROWD\u3011\nhttps://www.facebook.com/etman0909/\n\u27a1FB\u3010\u5bb6\u5be7+0\u3011\nhttp://bit.ly/29PljQA\n\u27a1FB\u3010Andy\u8001\u5e2b\u3011\nhttp://bit.ly/29JkGYS\n------------------------------------------------------------------------------------\n\u27a1IG\u3010\u773e\u91cf\u7d1aCROWD\u3011\nhttps://www.instagram.com/crowd520/?hl=zh-tw\n------------------------------------------------------------------------------------\n\u27a1\u7f8e\u62cd\u3010\u4f17\u91cf\u7ea7CROWD\u3011\nhttp://www.meipai.com/user/1048418678\n------------------------------------------------------------------------------------\n\u27a1\u5fae\u535a\u3010\u4f17\u91cf\u7ea7CROWD\u3011\nhttp://www.weibo.com/6067696343/profi...\n\n\u27a1\u8a02\u95b1YouTube\u3010\u773e\u91cf\u7d1aCROWD\u3011\nhttps://is.gd/JgIQw6\n\n\u5de5\u4f5c\u9080\u7d04\u8acb\u6d3d\uff1aqunhaient@gmail.com\n\n#SKMPark\u9ad8\u96c4\u8349\u8859 #\u773e\u91cf\u7d1aCROWD #\u60c5\u4fb6",
        "likeCount": "2049",
        "commentCount": "64",
        "viewCount": "119172"
    },
    "comments": [
        {
            "reply_id": "UgwrH_RkHZahvbVQ58N4AaABAg",
            "reply_content": "\u4e03\u5e74\u4e86\u4ec0\u9ebc\u6642\u5019\u7d50\u5a5a"
        },
        {
            "reply_id": "Ugwp-vaGd6oA_wYiEm54AaABAg",
            "reply_content": "\u8056\u8a95\u5feb\u6a02"
        },
        {
            "reply_id": "Ugz9Gp4N4X2eoCJseYd4AaABAg",
            "reply_content": "\u771f\u68d2"
        },
        {
            "reply_id": "Ugx0XS5Fc8t3Jyt317p4AaABAg",
            "reply_content": "\u771f\u68d2"
        },
        {
            "reply_id": "UgzrTtDrbsJIMTXhKdt4AaABAg",
            "reply_content": "\u5927\u9b6f\u95a3"
        },
        {
            "reply_id": "UgxjoXUHyGFrvixOAdB4AaABAg",
            "reply_content": "\u8056\u8a95\u7bc0\u5feb\u6a02"
        },
        {
            "reply_id": "UgxPRj8qwb5sh80ibM14AaABAg",
            "reply_content": "\u9019\u88e1\u662f\u4e0d\u662f\u4e4b\u524d\u7684\u8349\u609f\u9053"
        },
        {
            "reply_id": "UgwyPboeL7vFBYpSVlt4AaABAg",
            "reply_content": "\u795d\u4f60\u5011\u8056\u8a95\u5feb\u6a02"
        },
        {
            "reply_id": "UgxH0MGZS0sgFXq9DdZ4AaABAg",
            "reply_content": "\u795d\u4f60\u5011\u8056\u8a95\u5feb\u6a02"
        },
        {
            "reply_id": "UgyThmJXShGRxhudLRt4AaABAg",
            "reply_content": "\u795d\u4f60\u5011\u8056\u8a95\u5feb\u6a02"
        },
        {
            "reply_id": "UgwCr_pcwWfD6yYw_j54AaABAg",
            "reply_content": "\u54c8\u54c8"
        }
    ]
}