{
    "video_info": {
        "id": "bweL2VTMJZk",
        "channelTitle": "\u773e\u91cf\u7d1aCROWD",
        "title": "\u91cd\u8fd4\u4fe1\u7fa9\u5340\u8857\u982d\u9a5a\u559c\u737b\u5531\u60c5\u5883\uff0c\u9019\u4f4d\u5973\u5b69\u7684\u53cd\u61c9\u6703\u662f\u4ec0\u9ebc\uff1f\uff08\u4e0a\u96c6\uff09#\u958b\u7bb1\u6211\u7684\u8056\u8a95\u60c5\u4eba\u3010\u773e\u91cf\u7d1aCROWD\u3011 @andy0623 @ning030999 @imlyla1112 @WACKYBOYS520",
        "description": "\u89c0\u770b\u5176\u4ed6\u4eba\u7684\u5f71\u7247\u2b07\ufe0f\n\u53cd\u9aa8 https://www.youtube.com/watch?v=Yaz9yid77ik\n\u4e0d\u56c9\u55e6\u770b\u8463\u4ed4  https://youtu.be/0hpjLEannZQ\n\u773e\u91cf\u7d1aCROWD https://youtu.be/bweL2VTMJZk\n\u4f73\u5a1c\u8001\u5e2b\u6a5f https://youtu.be/XBMezA5KDME\n\u9177\u70ab https://www.youtube.com/watch?v=Ccca9lmS0jM\n\u857e\u83c8 https://youtu.be/Yv4WSTuEJnQ\n\u9435\u725b\u5a77\u5a77IronbullTingTing https://youtu.be/T-XR8TeSgvA\n\n\u56de\u9867\u4e0a\u6b21\u5531\u6b4c\u7d66\u5bb6\u5be7\u7684\u5f71\u7247\ud83d\udc49https://youtu.be/NV9XkjBRZfM\n\n\u8857\u982d\u85dd\u4ebaMARK\ud83d\udc47\n\ud83c\udfa4MJ STUDIO MUSIC\nAndy\u8001\u5e2bCover\u300a\u60f3\u77e5\u9053\u4f60\u5728\u60f3\u4ec0\u9ebc\u300b\n\u9304\u97f3/\u62cd\u651d\ud83c\udfac\uff1a\nIG:mark_pianist\u5ed6\u67cf\u921e\n\u7de8\u66f2/\u6df7\u97f3\uff1a\nIG:fan_0128\u838a\u6631\u51e1\n\ud83c\udfa4\u5c08\u696d\u92fc\u7434\u624b\uff5cCover\u6b4c\u624b\n\ud83c\udfa4\u8857\u6f14\uff5c\u5546\u6f14\uff5c\u97f3\u6a02\u6559\u5b78\n\ud83d\udd0a\u9304\u97f3\u5ba4\uff5c\u97f3\u6a02\u88fd\u4f5c\n\u97f3\u6a02\u5de5\u4f5c\u5ba4IG\uff1ahttps://reurl.cc/oeAZ9g\nFB\uff1ahttps://reurl.cc/GoOEqd\nYT\uff1ahttps://reurl.cc/xOAQ8N\n\n\u2b50\u52a0\u5165\u6211\u5011\u7684YouTube\u6703\u54e1\uff1ahttps://pse.is/U8GDQ\n\ud83d\udc49\u6703\u54e1\u4ecb\u7d39\u5f71\u7247\uff1ahttps://reurl.cc/rlvEKx\n\n\u27a1\u8a02\u95b1YouTube\u3010\u773e\u91cf\u7d1aCROWD x FUN\u751f\u6d3b-\u7b2c\u4e8c\u983b\u9053\u3011\nhttps://is.gd/4dSkyk \n\u27a1\u8a02\u95b1YouTube\u3010\u5bb6\u5be7+0\u3011\nhttps://is.gd/lcdma4 \n\u27a1\u8a02\u95b1YouTube\u3010Andy\u8001\u5e2b\u3011 \nhttps://is.gd/laVony\n------------------------------------------------------------------------------------\n\u27a1FB\u3010\u773e\u91cf\u7d1aCROWD\u3011\nhttps://www.facebook.com/etman0909/\n\u27a1FB\u3010\u5bb6\u5be7+0\u3011\nhttp://bit.ly/29PljQA\n\u27a1FB\u3010Andy\u8001\u5e2b\u3011\nhttp://bit.ly/29JkGYS\n------------------------------------------------------------------------------------\n\u27a1IG\u3010\u773e\u91cf\u7d1aCROWD\u3011\nhttps://www.instagram.com/crowd520/?hl=zh-tw\n------------------------------------------------------------------------------------\n\u27a1\u7f8e\u62cd\u3010\u4f17\u91cf\u7ea7CROWD\u3011\nhttp://www.meipai.com/user/1048418678\n------------------------------------------------------------------------------------\n\u27a1\u5fae\u535a\u3010\u4f17\u91cf\u7ea7CROWD\u3011\nhttp://www.weibo.com/6067696343/profi...\n\n\u27a1\u8a02\u95b1YouTube\u3010\u773e\u91cf\u7d1aCROWD\u3011\nhttps://is.gd/JgIQw6\n\n\u5de5\u4f5c\u9080\u7d04\u8acb\u6d3d\uff1aqunhaient@gmail.com\n\n#\u8056\u8a95\u7bc0\u4ea4\u63db\u60c5\u4fb6#\u773e\u91cf\u7d1aCROWD#\u60c5\u4fb6",
        "likeCount": "5146",
        "commentCount": "176",
        "viewCount": "307455"
    },
    "comments": [
        {
            "reply_id": "UgxnS1BGJkuyu1KSiM14AaABAg",
            "reply_content": "\u857e\u83c8\u5531\u6b4c\u597d\u597d\u807d"
        },
        {
            "reply_id": "UgyrQv2BHjcokvryGX94AaABAg",
            "reply_content": "\u8acb\u554f\u624b\u934a\u662f\u5728\u54ea\u88e1\u8cb7"
        },
        {
            "reply_id": "UgyOa0u-fyWPSkG3SjV4AaABAg",
            "reply_content": "\u6240\u4ee5\u4f60\u5011\u5230\u5e95\u6709\u6c92\u6709\u5206\u624b"
        },
        {
            "reply_id": "Ugwwgl9rE4DLQMwdPsV4AaABAg",
            "reply_content": "\u9673\u52ad\u6069\u597d\u919c"
        },
        {
            "reply_id": "UgzDGSWjrPcENN5ua7Z4AaABAg",
            "reply_content": "\u8d85\u597d\u7684\u884c\u7a0b"
        },
        {
            "reply_id": "Ugz7aZdZaFaKy2mRl3p4AaABAg",
            "reply_content": "\u6211\u6709\u53bb\u904e\u70d8\u7210\u5730\u6b38"
        },
        {
            "reply_id": "UgxyUGMZ64NcMoYAIQ14AaABAg",
            "reply_content": "\u857e\u62c9\u61f7\u5b55\u9084\u9019\u6a23\u8d70\u771f\u7684\u5f88\u53b2\u5bb3"
        },
        {
            "reply_id": "UgwYjshx1PGGPFBsrid4AaABAg",
            "reply_content": "\u7121\u804a"
        },
        {
            "reply_id": "UgxLEOFvmJ6em55qhV14AaABAg",
            "reply_content": "\u6574\u4eba\u624d\u662f\u9019\u652f\u983b\u9053\u7684\u98a8\u683c"
        },
        {
            "reply_id": "UgwheARUjDrJnyiJAnp4AaABAg",
            "reply_content": "\u56e0\u70ba\u96f7\u5566\u5979\u61f7\u5b55\u4e86"
        },
        {
            "reply_id": "UgyiuUkEJHFJaS1yRFV4AaABAg",
            "reply_content": "\u5bb6\u85b4\u4f60\u53ef\u4ee5\u8df3\u661f\u671f\u4e09\u55ce"
        },
        {
            "reply_id": "UgxrWwZ7Fsyk077SjQd4AaABAg",
            "reply_content": "\u771f\u7684\u662f\u500b\u6696\u7537"
        },
        {
            "reply_id": "UgyQtaJ_lgv1vJ2Hq154AaABAg",
            "reply_content": "\u597d\u7537\u53cb\u54ce"
        },
        {
            "reply_id": "Ugw_z4mJdwRgT1JRuJN4AaABAg",
            "reply_content": "\u597d\u6696\u54e6"
        },
        {
            "reply_id": "UgyVR1hClO-0pkJkynJ4AaABAg",
            "reply_content": "\u857e\u83c8\u597d\u6f02\u4eae"
        },
        {
            "reply_id": "UgxE4NH11pNubFqmxX14AaABAg",
            "reply_content": "\u96f7\u5566\u5531\u6b4c\u5f88\u597d\u807d"
        },
        {
            "reply_id": "UgyEjEQtm9GXpJUPm-d4AaABAg",
            "reply_content": "\u857e\u83c8\u5531\u7684\u883b\u597d\u807d\u7684"
        },
        {
            "reply_id": "UgxDBHqMrypWNsYv81F4AaABAg",
            "reply_content": "\u5c0f\u5957\u623f\u597d\u6eab\u99a8"
        },
        {
            "reply_id": "UgxxSgYSh1M9DfV9-8x4AaABAg",
            "reply_content": "\u592a\u53b2\u5bb3\u4e86\u5566"
        },
        {
            "reply_id": "UgyNRn6ormwGKqImcNt4AaABAg",
            "reply_content": "\u9019\u9593\u5957\u623f\u53ef\u4ee5\u6536\u9580\u7968\u7576\u5c55\u89bd\u9928\u4e86"
        },
        {
            "reply_id": "Ugw4ZzD23tmXudQXh8J4AaABAg",
            "reply_content": "\u9084\u6c92\u770b\u5f71\u7247\u5c31\u77e5\u9053\u662f\u857e\u62c9"
        },
        {
            "reply_id": "UgygJyHWaOD9WfkZg-t4AaABAg",
            "reply_content": "\u6211\u6709\u770b\u68b5\u8c37\u7684\u5f71\u7247\u6240\u4ee5\u6211\u77e5\u9053\u4ed6\u662f\u8ab0\u5566"
        },
        {
            "reply_id": "UgwKfX1fWaTKhGPQYG94AaABAg",
            "reply_content": "\u54c7\u559c\u6b61\u9019\u500b\u4f01\u5283"
        },
        {
            "reply_id": "UgyY5SGIz-hhMx7Ci6h4AaABAg",
            "reply_content": "\u6709\u9ede\u88ab\u6eab\u6696\u5230"
        },
        {
            "reply_id": "Ugw2zjs_QhZw9ESDRYZ4AaABAg",
            "reply_content": ""
        }
    ]
}