{
    "video_info": {
        "id": "CbX5bq6FS0Y",
        "channelTitle": "\u773e\u91cf\u7d1aCROWD",
        "title": "\u5bb6\u5be7\u56de\u570b\u5f8c \u6211\u9001\u7d66\u5979\u7684\u4e03\u5915\u60c5\u4eba\u7bc0\u79ae\u7269\u3002\u3010\u773e\u91cf\u7d1aCROWD\u3011",
        "description": "\u2b50\u52a0\u5165\u6211\u5011\u7684YouTube\u6703\u54e1\uff1ahttps://pse.is/U8GDQ\n\ud83d\udc49\u6703\u54e1\u4ecb\u7d39\u5f71\u7247\uff1ahttps://reurl.cc/rlvEKx\n\n\ud83c\udfa4MJ STUDIO MUSIC\nAndy\u8001\u5e2bCover\u300a\u60f3\u77e5\u9053\u4f60\u5728\u60f3\u4ec0\u9ebc\u300b\n\u9304\u97f3/\u62cd\u651d\ud83c\udfac\uff1a\nIG:mark_pianist\u5ed6\u67cf\u921e\n\u7de8\u66f2/\u6df7\u97f3\uff1a\nIG:fan_0128\u838a\u6631\u51e1\n\ud83c\udfa4\u5c08\u696d\u92fc\u7434\u624b\uff5cCover\u6b4c\u624b\n\ud83c\udfa4\u8857\u6f14\uff5c\u5546\u6f14\uff5c\u97f3\u6a02\u6559\u5b78\n\ud83d\udd0a\u9304\u97f3\u5ba4\uff5c\u97f3\u6a02\u88fd\u4f5c\n\u97f3\u6a02\u5de5\u4f5c\u5ba4IG\uff1ahttps://reurl.cc/oeAZ9g\nFB\uff1ahttps://reurl.cc/GoOEqd\nYT\uff1ahttps://reurl.cc/xOAQ8N\n\n\ud83d\udccc\u5834\u5730\uff1aWonder.land \u4ed9\u5883\n\uff08\u53f0\u5317\u5e02\u58eb\u6797\u5340\u4ef0\u5fb7\u5927\u9053\u4e8c\u6bb511\u5df711\u865f\uff09\nhttps://allmy.bio/Wonder.land\n\n\u27a1\u8a02\u95b1YouTube\u3010\u773e\u91cf\u7d1aCROWD x FUN\u751f\u6d3b-\u7b2c\u4e8c\u983b\u9053\u3011\nhttps://is.gd/4dSkyk \n\u27a1\u8a02\u95b1YouTube\u3010\u5bb6\u5be7+0\u3011\nhttps://is.gd/lcdma4 \n\u27a1\u8a02\u95b1YouTube\u3010Andy\u8001\u5e2b\u3011 \nhttps://is.gd/laVony\n------------------------------------------------------------------------------------\n\u27a1FB\u3010\u773e\u91cf\u7d1aCROWD\u3011\nhttps://www.facebook.com/etman0909/\n\u27a1FB\u3010\u5bb6\u5be7+0\u3011\nhttp://bit.ly/29PljQA\n\u27a1FB\u3010Andy\u8001\u5e2b\u3011\nhttp://bit.ly/29JkGYS\n------------------------------------------------------------------------------------\n\u27a1IG\u3010\u773e\u91cf\u7d1aCROWD\u3011\nhttps://www.instagram.com/crowd520/?hl=zh-tw\n------------------------------------------------------------------------------------\n\u27a1\u7f8e\u62cd\u3010\u4f17\u91cf\u7ea7CROWD\u3011\nhttp://www.meipai.com/user/1048418678\n------------------------------------------------------------------------------------\n\u27a1\u5fae\u535a\u3010\u4f17\u91cf\u7ea7CROWD\u3011\nhttp://www.weibo.com/6067696343/profi...\n\n\u27a1\u8a02\u95b1YouTube\u3010\u773e\u91cf\u7d1aCROWD\u3011\nhttps://is.gd/JgIQw6\n\n\u5de5\u4f5c\u9080\u7d04\u8acb\u6d3d\uff1aqunhaient@gmail.com\n\n#\u4e03\u5915\u60c5\u4eba\u7bc0#\u773e\u91cf\u7d1aCROWD#\u60c5\u4fb6 #\u60f3\u77e5\u9053\u4f60\u5728\u60f3\u4ec0\u9ebc #\u5468\u8208\u54f2 #\u9a5a\u559c\u4f01\u5283",
        "likeCount": "14709",
        "commentCount": "333",
        "viewCount": "492750"
    },
    "comments": [
        {
            "reply_id": "UgxTet10YuVHJ55kfBl4AaABAg",
            "reply_content": "\u771f\u60c5\u6d41\u9732"
        },
        {
            "reply_id": "UgzGaP4KAFXvawIFOKR4AaABAg",
            "reply_content": "\u8b9a"
        },
        {
            "reply_id": "UgwnoUm6i6HVHyc_akt4AaABAg",
            "reply_content": "\u6c92\u4e8b\u5c31\u597d\u6b38"
        },
        {
            "reply_id": "UgxZZn3tRSmJ8SNKidh4AaABAg",
            "reply_content": "\u5bb6\u5be7\u597d\u50cf\u56de\u5230\u4e86\u525b\u62cd\u7247\u90a3\u7a2e\u6e05\u7d14\u7684\u611f\u89ba"
        },
        {
            "reply_id": "Ugxi_bHC8AOUpUm5W9Z4AaABAg",
            "reply_content": "\u751c\u5230\u8981\u86c0\u7259\u5566"
        },
        {
            "reply_id": "Ugyrjft3sfllepx12OZ4AaABAg",
            "reply_content": "\u9019\u908a\u662f\u54ea\u88e1\u554a"
        },
        {
            "reply_id": "UgyYPQNRuWCi_-2SGUh4AaABAg",
            "reply_content": "\u54c8\u54af"
        },
        {
            "reply_id": "Ugz07vJ4Dh6WYL4mSjN4AaABAg",
            "reply_content": "\u60f3\u77e5\u9053\u9019\u500b\u5834\u666f\u662f\u5728\u54ea\u88e1"
        },
        {
            "reply_id": "Ugws_7oucDI5MKpa8u94AaABAg",
            "reply_content": "\u68d2\u68d2\u7684"
        },
        {
            "reply_id": "Ugzr7c6cIerKUROBXrR4AaABAg",
            "reply_content": "\u8b9a\u8b9a\u8b9a"
        },
        {
            "reply_id": "Ugwa8_lFiV_vTOThLvR4AaABAg",
            "reply_content": "\u6709\u5920\u96e3\u807d"
        },
        {
            "reply_id": "UgyjeAT5CcvK0FiUv_d4AaABAg",
            "reply_content": "\u9019\u662f\u4ec0\u9ebc\u6b4c"
        },
        {
            "reply_id": "Ugzc7CBdztARWnbMuPp4AaABAg",
            "reply_content": "\u5e78\u798f\u7684\u5c0f\u516c\u4e3b"
        },
        {
            "reply_id": "UgzBiGDBV13-Mvjg5zx4AaABAg",
            "reply_content": "\u6bd4\u4e4b\u524d\u696d\u914d\u5f71\u7247\u597d\u592a\u591a"
        },
        {
            "reply_id": "UgzTeC_EFuV-cm8vy-J4AaABAg",
            "reply_content": "\u70ba\u4ec0\u9ebc\u73fe\u5728\u52a0\u5be7\u90fd\u4e0d\u5316\u599d"
        },
        {
            "reply_id": "UgzRYhdnA-u4pCgt_Xp4AaABAg",
            "reply_content": "\u592a\u53b2\u5bb3\u4e86"
        },
        {
            "reply_id": "UgxTLvyBmF4-wL4tFQ94AaABAg",
            "reply_content": "\u7d50\u5a5a\u4e86\u5427"
        },
        {
            "reply_id": "UgyLffgGod69jaM-sXt4AaABAg",
            "reply_content": "\u597d\u807d"
        },
        {
            "reply_id": "Ugw4Z40wTv-tnL3qA0p4AaABAg",
            "reply_content": "\u5982\u679c\u4e0d\u9069\u5408\u771f\u7684\u4e0d\u8981\u786c\u6490\u4e0b\u53bb\uff0c\u4e5f\u662f\u70ba\u4e86\u4ee5\u5f8c\u4e0d\u8981\u5f8c\u6094\u9019\u6642\u5019\u4e00\u6642\u7684\u8edf\u5f31"
        },
        {
            "reply_id": "UgzA2WZqovL8fULqfMN4AaABAg",
            "reply_content": "\u8d85\u7ea7\u611f\u52a8"
        },
        {
            "reply_id": "UgxVowKXv_LVMZzl3Zp4AaABAg",
            "reply_content": "\u96b1\u85cf\u7684\u4e8b\u5be6\u7e3d\u6709\u4e00\u5929\u6703\u88ab\u767c\u73fe"
        },
        {
            "reply_id": "Ugw6mg73Pi016ojJfA54AaABAg",
            "reply_content": "\u597d\u611f\u52d5"
        },
        {
            "reply_id": "UgwCaJPBPN_NIBdaZM54AaABAg",
            "reply_content": "\u5dee\u4e0d\u591a\u4e86"
        },
        {
            "reply_id": "Ugw9WPpYXBF3OwlvXBN4AaABAg",
            "reply_content": "\u5e0c\u671b\u4ed6\u5011\u53ef\u4ee5\u4e00\u8d77\u5230\u8001\u5065\u5065\u5eb7\u5eb7\u7684\u751f\u6d3b"
        },
        {
            "reply_id": "Ugz56aJ1XjkCFqUhoO94AaABAg",
            "reply_content": "\u5750\u7b49\u7d50\u5a5a"
        }
    ]
}