{
    "video_info": {
        "id": "ciJCyxNkprc",
        "channelTitle": "\u773e\u91cf\u7d1aCROWD",
        "title": "\u6211\u5011\u6b63\u6b77\u7d9350\u5929\u7684\u5206\u96e2\u8207\u5b64\u7368\uff0c\u6211\u5011\u9001\u7d66\u5f7c\u6b64\u4e00\u500b\u79ae\u7269...\u3010\u773e\u91cf\u7d1aCROWD\u3011",
        "description": "\u2b50\u52a0\u5165\u6211\u5011\u7684YouTube\u6703\u54e1\uff1ahttps://pse.is/U8GDQ\n\ud83d\udc49\u6703\u54e1\u4ecb\u7d39\u5f71\u7247\uff1ahttps://reurl.cc/rlvEKx\n\n\u27a1\u8a02\u95b1YouTube\u3010\u773e\u91cf\u7d1aCROWD x FUN\u751f\u6d3b-\u7b2c\u4e8c\u983b\u9053\u3011\nhttps://is.gd/4dSkyk \n\u27a1\u8a02\u95b1YouTube\u3010\u5bb6\u5be7+0\u3011\nhttps://is.gd/lcdma4 \n\u27a1\u8a02\u95b1YouTube\u3010Andy\u8001\u5e2b\u3011 \nhttps://is.gd/laVony\n------------------------------------------------------------------------------------\n\u27a1FB\u3010\u773e\u91cf\u7d1aCROWD\u3011\nhttps://www.facebook.com/etman0909/\n\u27a1FB\u3010\u5bb6\u5be7+0\u3011\nhttp://bit.ly/29PljQA\n\u27a1FB\u3010Andy\u8001\u5e2b\u3011\nhttp://bit.ly/29JkGYS\n------------------------------------------------------------------------------------\n\u27a1IG\u3010\u773e\u91cf\u7d1aCROWD\u3011\nhttps://www.instagram.com/crowd520/?hl=zh-tw\n------------------------------------------------------------------------------------\n\u27a1\u7f8e\u62cd\u3010\u4f17\u91cf\u7ea7CROWD\u3011\nhttp://www.meipai.com/user/1048418678\n------------------------------------------------------------------------------------\n\u27a1\u5fae\u535a\u3010\u4f17\u91cf\u7ea7CROWD\u3011\nhttp://www.weibo.com/6067696343/profi...\n\n\u27a1\u8a02\u95b1YouTube\u3010\u773e\u91cf\u7d1aCROWD\u3011\nhttps://is.gd/JgIQw6\n\n\u5de5\u4f5c\u9080\u7d04\u8acb\u6d3d\uff1aqunhaient@gmail.com\n\n#\u660e\u65e5\u4e4b\u5f8c\u56db\u9031\u5e74 #\u660e\u65e5\u6696\u5fc3\u5b632023#\u591a\u9060\u90fd\u8981\u5728\u4e00\u8d77#\u6574\u4ebaPRANK#\u773e\u91cf\u7d1aCROWD#\u60c5\u4fb6",
        "likeCount": "9529",
        "commentCount": "237",
        "viewCount": "575988"
    },
    "comments": [
        {
            "reply_id": "Ugyh9loDX9ADpwT8Dm54AaABAg",
            "reply_content": "\u7121\u804a"
        },
        {
            "reply_id": "Ugxp45a52aPp_V0DRlx4AaABAg",
            "reply_content": "\u53ef\u4ee5\u4e00\u8d77\u53bb\u963f"
        },
        {
            "reply_id": "UgxxpMqZiLCPhJC6yXh4AaABAg",
            "reply_content": "\u8d8a\u4f86\u8d8a\u6c92\u6599"
        },
        {
            "reply_id": "Ugzc1mkQpTR6POF9eTh4AaABAg",
            "reply_content": "\u4f60\u548c\u96e3"
        },
        {
            "reply_id": "UgxrOgGXHHE1rP4o9754AaABAg",
            "reply_content": "\u5bb6\u5be7\u4e0d\u8981\u54ed\u4e86"
        },
        {
            "reply_id": "Ugwo9yfUMQ77q_caz6d4AaABAg",
            "reply_content": "\u53e3\u7f69\u6234\u53cd\u4e86"
        },
        {
            "reply_id": "Ugx-IEYyKcJKmRv28D14AaABAg",
            "reply_content": "\u896a\u896a\u5976\u8336"
        },
        {
            "reply_id": "Ugx4USQ1Y-t3era-ExV4AaABAg",
            "reply_content": "\u600e\u9ebc\u6574\u5929\u5728\u96e2\u5225"
        },
        {
            "reply_id": "Ugy1Aws5ELVcG1H4Rdd4AaABAg",
            "reply_content": "\u597d\u671f\u5f85\u59b3\u5011\u7d42\u6210\u7737\u5c6c\u5230\u7d50\u5a5a"
        },
        {
            "reply_id": "Ugyu3VO3eTJUdesz4-h4AaABAg",
            "reply_content": "\u4e0d\u592a\u61c2\u9019\u610f\u7fa9\u662f\u4ec0\u9ebc"
        },
        {
            "reply_id": "UgyVMK-NjxWqlSevzvh4AaABAg",
            "reply_content": "\u53e3\u7f69\u6234\u597d"
        },
        {
            "reply_id": "UgyrbeqxD2GVPgiL-sR4AaABAg",
            "reply_content": "\u4e0d\u662f\u5206\u4e86\u5594"
        },
        {
            "reply_id": "Ugw913EXQc4sHJMwBBF4AaABAg",
            "reply_content": "\u5f71\u7247\u7d50\u675f\u7adf\u7136\u662f\u7528\u4ee5\u524d\u7684\u96de\u53eb\u8072"
        },
        {
            "reply_id": "UgymakLMwpz7uQZ5Ydt4AaABAg",
            "reply_content": "\u5bb3\u6211\u7206\u54ed"
        },
        {
            "reply_id": "UgzzQWW4Ke_kl9h07eZ4AaABAg",
            "reply_content": "\u4e00\u958b\u59cb\u662f\u4e0d\u662f\u53e3\u7f69\u6234\u53cd\u4e86"
        },
        {
            "reply_id": "UgxBK2JcGGgV-2tj7f94AaABAg",
            "reply_content": "\u52a0\u6cb9"
        },
        {
            "reply_id": "UgyKzM6Mlrw2SRc4kz54AaABAg",
            "reply_content": "\u53bb\u54ea\u88e1\u554a"
        },
        {
            "reply_id": "UgzwG4Bxcguffq4TYHp4AaABAg",
            "reply_content": "\u5728\u6a5f\u5834\u5b89\u8fea\u53e3\u7f69\u662f\u4e0d\u662f\u6234\u932f\u908a\u54c8\u54c8\u54c8"
        },
        {
            "reply_id": "Ugy-dKTdb0gPkgznhAV4AaABAg",
            "reply_content": "\u539f\u4f86\u662f\u5206\u624b\u4e86"
        },
        {
            "reply_id": "UgzD8o9l8pHL1oTWAZR4AaABAg",
            "reply_content": "\u6211\u8ddf\u53e6\u4e00\u534a\u4e00\u76f4\u4ee5\u4f86\u90fd\u662f\u9060\u8ddd\u96e2\ud83e\udd7a\u770b\u5230\u9019\u90e8\u5f71\u7247\u5f88\u6709\u611f\u89f8"
        },
        {
            "reply_id": "Ugy1Eq9wYllvurUgeN94AaABAg",
            "reply_content": "\u770b\u5230\u896a\u5b50\u73cd\u5976\u60f3\u5230\u4e4b\u524d\u7684\u5f71\u7247 \u9084\u662f\u4e00\u6a23\u90a3\u9ebc\u7684\u5e78\u798f"
        },
        {
            "reply_id": "UgzgIPlbBKzD8AN26XN4AaABAg",
            "reply_content": "\u7d66\u5f7c\u6b64\u4e00\u500b\u5927\u5927\u7684\u64c1\u62b1"
        },
        {
            "reply_id": "UgxVRpBSG_FR9tVeYT54AaABAg",
            "reply_content": "\u525b\u525b\u908a\u5403\u725b\u6392\u5225\u559d\u98f2\u6599\u7136\u5f8c\u770b\u5bb6\u5be7\u7684\u6574\u4eba\u5f71\u7247\u76f4\u63a5\u7b11\u5230\u55c6\u5230\uff0c\u592a\u597d\u7b11\u4e86"
        },
        {
            "reply_id": "UgxCf5R7KT60xzXGXlN4AaABAg",
            "reply_content": "\u53c8\u5728\u54ed"
        },
        {
            "reply_id": "UgwJUIp3jivwbFopptx4AaABAg",
            "reply_content": "\u8b1b\u5f97\u597d\u50cf\u6709\u8ab0\u7684\u751f\u547d\u5feb\u6c92\u4e86"
        }
    ]
}