{
    "video_info": {
        "id": "CSG7G2zSutI",
        "channelTitle": "\u773e\u91cf\u7d1aCROWD",
        "title": "\u5982\u679c\u4f60\u60f3\u8ddf\u670b\u53cb\u627e\u9ede\u6a02\u5b50 \u4f60\u53ef\u4ee5\u9019\u6a23\u505a\ud83d\ude0e#\u773e\u91cf\u7d1acrowd #\u8b1d\u8b1d\u5f71\u7247\u4e2d\u6240\u6709\u7684High\u5496",
        "description": "",
        "likeCount": "2216",
        "commentCount": "13",
        "viewCount": "76965"
    },
    "comments": [
        {
            "reply_id": "UgyCf161HB8D5ooLGdV4AaABAg",
            "reply_content": "\u7279"
        },
        {
            "reply_id": "UgxaEoW-yyJtAOZJpRF4AaABAg",
            "reply_content": "\u5361"
        },
        {
            "reply_id": "Ugyk3lYyHJHE_IQ4MVp4AaABAg",
            "reply_content": "\u6c92\u6709\u670b\u53cb"
        },
        {
            "reply_id": "UgxGYgxg6MSsgkv4Ta54AaABAg",
            "reply_content": "\u5361\u7279"
        }
    ]
}