{
    "video_info": {
        "id": "DP1XdATQEdE",
        "channelTitle": "\u773e\u91cf\u7d1aCROWD",
        "title": "\u300c\u5b89\u975c\u6311\u6230\u4e4b\u8d85\u9060\u8ddd\u96e2\u8eb2\u8c93\u8c93\uff01\u300d\u6703\u767c\u73fe\u5f7c\u6b64\u5728\u54ea\u55ce\uff1f#\u6cf0\u570b\u7bc7\u3010\u773e\u91cf\u7d1aCROWD\u3011",
        "description": "\u2b50\u52a0\u5165\u6211\u5011\u7684YouTube\u6703\u54e1\uff1ahttps://pse.is/U8GDQ\n\ud83d\udc49\u6703\u54e1\u4ecb\u7d39\u5f71\u7247\uff1ahttps://reurl.cc/rlvEKx\n\n\u27a1\u8a02\u95b1YouTube\u3010\u773e\u91cf\u7d1aCROWD x FUN\u751f\u6d3b-\u7b2c\u4e8c\u983b\u9053\u3011\nhttps://is.gd/4dSkyk \n\u27a1\u8a02\u95b1YouTube\u3010\u5bb6\u5be7+0\u3011\nhttps://is.gd/lcdma4 \n\u27a1\u8a02\u95b1YouTube\u3010Andy\u8001\u5e2b\u3011 \nhttps://is.gd/laVony\n------------------------------------------------------------------------------------\n\u27a1FB\u3010\u773e\u91cf\u7d1aCROWD\u3011\nhttps://www.facebook.com/etman0909/\n\u27a1FB\u3010\u5bb6\u5be7+0\u3011\nhttp://bit.ly/29PljQA\n\u27a1FB\u3010Andy\u8001\u5e2b\u3011\nhttp://bit.ly/29JkGYS\n------------------------------------------------------------------------------------\n\u27a1IG\u3010\u773e\u91cf\u7d1aCROWD\u3011\nhttps://www.instagram.com/crowd520/?hl=zh-tw\n------------------------------------------------------------------------------------\n\u27a1\u7f8e\u62cd\u3010\u4f17\u91cf\u7ea7CROWD\u3011\nhttp://www.meipai.com/user/1048418678\n------------------------------------------------------------------------------------\n\u27a1\u5fae\u535a\u3010\u4f17\u91cf\u7ea7CROWD\u3011\nhttp://www.weibo.com/6067696343/profi...\n\n\u27a1\u8a02\u95b1YouTube\u3010\u773e\u91cf\u7d1aCROWD\u3011\nhttps://is.gd/JgIQw6\n\n\u5de5\u4f5c\u9080\u7d04\u8acb\u6d3d\uff1aqunhaient@gmail.com\n\n#\u8d85\u9060\u8ddd\u96e2\u8eb2\u8c93\u8c93 #\u773e\u91cf\u7d1aCROWD#\u60c5\u4fb6 #\u6cf0\u570b #bangkok",
        "likeCount": "2925",
        "commentCount": "105",
        "viewCount": "237898"
    },
    "comments": [
        {
            "reply_id": "UgzCJTgpV7x5v3SHsY54AaABAg",
            "reply_content": "\u5bb6\u5be7\u5f88\u660e\u986f\u7684\u8b8a\u9ed1\u9981"
        },
        {
            "reply_id": "Ugy2fuwtyHM6c3c0rRp4AaABAg",
            "reply_content": "\u5bb6\u5be7\u662f\u4e0d\u662f\u8b8a\u9ed1\u4e86"
        },
        {
            "reply_id": "UgydDLKnXWBNrq03Kjp4AaABAg",
            "reply_content": "\u55ae\u4eba\u5e8a"
        },
        {
            "reply_id": "UgwmpDjqC-CXfx1j4vl4AaABAg",
            "reply_content": "\u6211\u53ea\u662f\u4e00\u5e74\u6c92\u770b\u91cd\u91cf\u7d1a\u4f60\u600e\u9ebc\u5c31\u8b8a\u6210\u9019\u6a23\u4e86"
        },
        {
            "reply_id": "UgyrSmKJhDe-MmRNf8x4AaABAg",
            "reply_content": "\u5bb6\u5be7\u4f60\u600e\u9ebc\u8b8a\u9ed1\u4e86"
        },
        {
            "reply_id": "UgylROZpIovMJUxejdd4AaABAg",
            "reply_content": "3\u5e74\u524d\u4f60\u5011\u6709\u5408\u5531\u904e\u660e\u5929\u6703\u66f4\u597d\u4f46\u662f\u70ba\u4ec0\u9ebc\u5bb6\u5be7\u6642\u5019\u662f\u767d\u7684\u73fe\u5728\u53c8\u662f\u9ed1\u7684\u9084\u6709\u6211\u662f\u65b0\u7c89"
        },
        {
            "reply_id": "UgwU0vOYfWHIiyPk3XZ4AaABAg",
            "reply_content": "\u90fd\u8981"
        },
        {
            "reply_id": "UgyAAyacJ-qvOBTywrN4AaABAg",
            "reply_content": "\u8d8a\u4f86\u8d8a\u96e3\u770b"
        },
        {
            "reply_id": "UgxXsyMUEs7qgSJPkvF4AaABAg",
            "reply_content": "\u8b9a"
        },
        {
            "reply_id": "UgzqyMWrpN45J2MArB14AaABAg",
            "reply_content": "\u5bb6\u5be7\u8b8a\u9ed1\u4e86"
        },
        {
            "reply_id": "Ugwi9l00UsA8xs4o60B4AaABAg",
            "reply_content": "\u66ec\u597d\u9ed1"
        },
        {
            "reply_id": "UgzVu704EdorQda2Z6d4AaABAg",
            "reply_content": "\u5bb6\u5be7\u611f\u89ba\u66ec\u7684\u597d\u9ed1"
        },
        {
            "reply_id": "Ugz-47v_y1pKdyhII-d4AaABAg",
            "reply_content": "\u5bb6\u5be7\u600e\u9ebc\u8b8a\u90a3\u9ebc\u9ed1"
        },
        {
            "reply_id": "Ugzm8EcyyIH-4XDG_bV4AaABAg",
            "reply_content": "\u8acb\u554f\u9019\u6b3e\u8033\u6a5f\u8981\u5728\u54ea\u88e1\u624d\u53ef\u4ee5\u8cb7\u7684\u5230\u5462\u8b1d\u8b1d"
        },
        {
            "reply_id": "UgyYHS23BGzoyk58SwV4AaABAg",
            "reply_content": "\u5bb6\u5be7\u53ef\u4ee5\u6559\u600e\u9ebc\u756b\u9ed1\u7f8e\u4eba\u7684\u599d\u5bb9\u55ce"
        },
        {
            "reply_id": "Ugy2TwGR8iXRwnag1ed4AaABAg",
            "reply_content": "\u662f\u4e0d\u662f\u771f\u7684\u5206\u4e86"
        },
        {
            "reply_id": "UgyHKsf9Fn2vKoT6DfV4AaABAg",
            "reply_content": "\u5bb6\u5be7\u662f\u4e0d\u662f\u8b8a\u9ed1\u4e86"
        },
        {
            "reply_id": "UgwLgB3V51gOX8dfC1Z4AaABAg",
            "reply_content": "\u5bb6\u5be7\u66ec\u9ed1\u4e86"
        },
        {
            "reply_id": "UgxJF4ZYZQz804l3Yqd4AaABAg",
            "reply_content": "\u600e\u9ebc\u611f\u89ba\u8d8a\u4f86\u8d8a\u4e0d\u597d\u770b"
        },
        {
            "reply_id": "Ugx1ckMDd4kTq7ZEDWN4AaABAg",
            "reply_content": "\u5bb6\u5be7\u597d\u9ed1"
        },
        {
            "reply_id": "UgzHtCqtnxQ0AM3CfyR4AaABAg",
            "reply_content": "\u52a0\u5be7\u8b8a\u597d\u9ed1"
        },
        {
            "reply_id": "UgyS2Z8xzTIANLXXhyx4AaABAg",
            "reply_content": "\u5bb6\u5be7\u597d\u50cf\u66ec\u9ed1\u4e86"
        },
        {
            "reply_id": "UgyS0X-MzHAdfl3q6Vp4AaABAg",
            "reply_content": "\u5bb6\u5be7\u600e\u9ebc\u66ec\u90a3\u6478\u9ed1\u554a"
        },
        {
            "reply_id": "Ugzibix0xotqSrel2s54AaABAg",
            "reply_content": "\u54c7\u597d\u5feb\u5c31\u66f4\u65b0"
        },
        {
            "reply_id": "Ugz02kfkA1-woAn6BR54AaABAg",
            "reply_content": "\u5148\u7559\u8a00"
        }
    ]
}