{
    "video_info": {
        "id": "FDSq8Ar57AU",
        "channelTitle": "\u773e\u91cf\u7d1aCROWD",
        "title": "\u6211\u5728\u5f71\u7247\u4e2d\u770b\u5230\u4e86\u79d8\u5bc6\u7269\u4ef6\uff0c\u4f60\u731c\u662f\u4ec0\u9ebc\uff1f\ud83d\ude1cTag\u4f60\u670b\u53cb\u5230\u93e1\u5b50\u9762\u524d\u4e00\u8d77\u8df3\ud83d\udc83",
        "description": "\u2b50\u52a0\u5165\u6211\u5011\u7684YouTube\u6703\u54e1\uff1ahttps://pse.is/U8GDQ\n\ud83d\udc49\u6703\u54e1\u4ecb\u7d39\u5f71\u7247\uff1ahttps://reurl.cc/rlvEKx\n\n\u27a1\u8a02\u95b1YouTube\u3010\u773e\u91cf\u7d1aCROWD x FUN\u751f\u6d3b-\u7b2c\u4e8c\u983b\u9053\u3011\nhttps://is.gd/4dSkyk \n\u27a1\u8a02\u95b1YouTube\u3010\u5bb6\u5be7+0\u3011\nhttps://is.gd/lcdma4 \n\u27a1\u8a02\u95b1YouTube\u3010Andy\u8001\u5e2b\u3011 \nhttps://is.gd/laVony\n------------------------------------------------------------------------------------\n\u27a1FB\u3010\u773e\u91cf\u7d1aCROWD\u3011\nhttps://www.facebook.com/etman0909/\n\u27a1FB\u3010\u5bb6\u5be7+0\u3011\nhttp://bit.ly/29PljQA\n\u27a1FB\u3010Andy\u8001\u5e2b\u3011\nhttp://bit.ly/29JkGYS\n------------------------------------------------------------------------------------\n\u27a1IG\u3010\u773e\u91cf\u7d1aCROWD\u3011\nhttps://www.instagram.com/crowd520/?hl=zh-tw\n------------------------------------------------------------------------------------\n\u27a1\u7f8e\u62cd\u3010\u4f17\u91cf\u7ea7CROWD\u3011\nhttp://www.meipai.com/user/1048418678\n------------------------------------------------------------------------------------\n\u27a1\u5fae\u535a\u3010\u4f17\u91cf\u7ea7CROWD\u3011\nhttp://www.weibo.com/6067696343/profi...\n\n\u27a1\u8a02\u95b1YouTube\u3010\u773e\u91cf\u7d1aCROWD\u3011\nhttps://is.gd/JgIQw6\n\n\u5de5\u4f5c\u9080\u7d04\u8acb\u6d3d\uff1aqunhaient@gmail.com\n\n#\u6574\u4ebaPRANK#\u773e\u91cf\u7d1aCROWD#\u60c5\u4fb6",
        "likeCount": "17556",
        "commentCount": "227",
        "viewCount": "998490"
    },
    "comments": [
        {
            "reply_id": "UgzIDo0oWqd7oLXUZel4AaABAg",
            "reply_content": "\u5f8c\u9762\u7684\u71c8\u6f0f\u51fa\u4f86\u4e86"
        },
        {
            "reply_id": "UgzSq6FQIu1Ly0dyoFt4AaABAg",
            "reply_content": "\u9ed1\u8272"
        },
        {
            "reply_id": "UgyvRzkI8jvgElgwoBh4AaABAg",
            "reply_content": "\u6253\u71c8"
        },
        {
            "reply_id": "UgwZvMOqtZbpaljqiDt4AaABAg",
            "reply_content": "\u5440"
        },
        {
            "reply_id": "UgzyhkBhDNuvnIeyrbB4AaABAg",
            "reply_content": "\u80f8"
        },
        {
            "reply_id": "UgzDZcSYybp60FiYCPZ4AaABAg",
            "reply_content": "\u563f\u563f\u524d\u9084\u8981\u8df3\u821e"
        },
        {
            "reply_id": "Ugxvs7tk6E8ubnHx0Ax4AaABAg",
            "reply_content": "\u4e00\u8d77\u6d17\u6fa1"
        },
        {
            "reply_id": "Ugy-LkMRwfyj85EAPzB4AaABAg",
            "reply_content": "\u9ed1\u8272\u7684\u6771\u6771"
        },
        {
            "reply_id": "Ugz1CgjzdCFjqgZoBDR4AaABAg",
            "reply_content": "\u770b\u5230\u7537\u751f\u7684\u9ed1\u8272\u5167\u8932"
        },
        {
            "reply_id": "UgzmSkJWCtwsOOTHUTx4AaABAg",
            "reply_content": "\u662f\u9ed1\u8272\u7684\u5167\u8932"
        },
        {
            "reply_id": "UgyrZnekE3UJT2h_Ltt4AaABAg",
            "reply_content": "\u4f60\u7684\u5167\u8932\u7d61\u51fa\u4f86\u4e86"
        },
        {
            "reply_id": "UgwUsxDJqPgPcBGmvVV4AaABAg",
            "reply_content": "\u770b\u5230\u6e23\u7537\u554a\u770b\u5230\u4ec0\u9ebc"
        },
        {
            "reply_id": "UgwfnDzu46PweuoY-EF4AaABAg",
            "reply_content": "\u86cb\u86cb\u8dd1\u51fa\u4f86\u4e86"
        },
        {
            "reply_id": "UgyETQXKh0sqaC89Ebd4AaABAg",
            "reply_content": "\u5927\u6f22\u6dcb\u6f13\u4e4b\u5f8c\u4e0b\u6b61\u5feb"
        },
        {
            "reply_id": "UgzeOGvm7yDmGDN43x54AaABAg",
            "reply_content": "\u6709\u517c\u60c5"
        },
        {
            "reply_id": "UgyD6v2Q8m6jOBNDY4F4AaABAg",
            "reply_content": "\u8932\u8932"
        },
        {
            "reply_id": "UgwB4Ugvc-k9yguXwT94AaABAg",
            "reply_content": "\u8b8a\u6027"
        },
        {
            "reply_id": "Ugx30Y-Qxdq89z3ClnF4AaABAg",
            "reply_content": "\u670d\u52a1\u751f"
        },
        {
            "reply_id": "Ugzx9jmosIdWvf0drl14AaABAg",
            "reply_content": "\u955c\u5b50\u91cc\u770b\u5230\u963f\u98d8"
        },
        {
            "reply_id": "UgypXJ4l-lu3pv6z6K54AaABAg",
            "reply_content": "\u76f4\u64ad\u795e\u5668"
        },
        {
            "reply_id": "UgzMhvCLfM7x_P-E8dp4AaABAg",
            "reply_content": "\u93e1\u5b50\u88e1\u6709\u7b2c\u4e09\u500b\u4eba\u982d"
        },
        {
            "reply_id": "UgwGIe9esGRb9dltfPp4AaABAg",
            "reply_content": "\u5bb6\u5be7\u8d8a\u4f86\u8d8a\u7f8e"
        },
        {
            "reply_id": "Ugw11CDysH35HLiSIxZ4AaABAg",
            "reply_content": "\u6211\u770b\u5230\u5167\u8932\u4e86"
        },
        {
            "reply_id": "UgwEI1ZgI1gLpklfemJ4AaABAg",
            "reply_content": "\u6d17\u624b\u53f0\u4e0a\u6709\u4e00\u500b\u4eba\u5728\u8df3\u821e"
        },
        {
            "reply_id": "UgxG5-CU6HnzmXAYM4N4AaABAg",
            "reply_content": "\u5167\u8932\u5427"
        }
    ]
}