{
    "video_info": {
        "id": "FG0olVkFFlY",
        "channelTitle": "\u773e\u91cf\u7d1aCROWD",
        "title": "\u624b\u4f5c\u60c5\u4eba\u7bc0\u9a5a\u559c\u79ae\u7269\ud83c\udf81\u63a5\u9023\u7684\u60e1\u6574\u5973\u53cb\u6012\u65a5\uff1a\u5c31\u662f\uff38\uff38\uff01\u3010\u773e\u91cf\u7d1aCROWD\u3011",
        "description": "\u2b50\u52a0\u5165\u6211\u5011\u7684YouTube\u6703\u54e1\uff1ahttps://pse.is/U8GDQ\n\ud83d\udc49\u6703\u54e1\u4ecb\u7d39\u5f71\u7247\uff1ahttps://reurl.cc/rlvEKx\n\n\u27a1\u8a02\u95b1YouTube\u3010\u773e\u91cf\u7d1aCROWD x FUN\u751f\u6d3b-\u7b2c\u4e8c\u983b\u9053\u3011\nhttps://is.gd/4dSkyk \n\u27a1\u8a02\u95b1YouTube\u3010\u5bb6\u5be7+0\u3011\nhttps://is.gd/lcdma4 \n\u27a1\u8a02\u95b1YouTube\u3010Andy\u8001\u5e2b\u3011 \nhttps://is.gd/laVony\n------------------------------------------------------------------------------------\n\u27a1FB\u3010\u773e\u91cf\u7d1aCROWD\u3011\nhttps://www.facebook.com/etman0909/\n\u27a1FB\u3010\u5bb6\u5be7+0\u3011\nhttp://bit.ly/29PljQA\n\u27a1FB\u3010Andy\u8001\u5e2b\u3011\nhttp://bit.ly/29JkGYS\n------------------------------------------------------------------------------------\n\u27a1IG\u3010\u773e\u91cf\u7d1aCROWD\u3011\nhttps://www.instagram.com/crowd520/?hl=zh-tw\n------------------------------------------------------------------------------------\n\u27a1\u7f8e\u62cd\u3010\u4f17\u91cf\u7ea7CROWD\u3011\nhttp://www.meipai.com/user/1048418678\n------------------------------------------------------------------------------------\n\u27a1\u5fae\u535a\u3010\u4f17\u91cf\u7ea7CROWD\u3011\nhttp://www.weibo.com/6067696343/profi...\n\n\u27a1\u8a02\u95b1YouTube\u3010\u773e\u91cf\u7d1aCROWD\u3011\nhttps://is.gd/JgIQw6\n\n\u5de5\u4f5c\u9080\u7d04\u8acb\u6d3d\uff1aqunhaient@gmail.com\n\n#\u6574\u4eba#\u773e\u91cf\u7d1aCROWD#\u60c5\u4eba\u7bc0",
        "likeCount": "4067",
        "commentCount": "84",
        "viewCount": "188073"
    },
    "comments": [
        {
            "reply_id": "UgwKHwH7lIdfOQ_Nz154AaABAg",
            "reply_content": "\u8fd8\u662f\u5f88\u5047\uff0c\u4e3a\u4ec0\u4e48\u9009\u7684\u7167\u7247\u90fd\u4e0d\u662f\u90a3\u79cd\u79c1\u5e95\u4e0b\u4eb2\u5bc6\u7684\u7167\u7247\u4e5f\u662f\u5f71\u7247\u91cc\u9762\u7684\u4e00\u4e9b\u9020\u578b\uff0c\u4e00\u5f20\u4eb2\u4eb2\u7684\u7167\u7247\u90fd\u6ca1\u6709"
        },
        {
            "reply_id": "UgxBVLKl6VK658is2w94AaABAg",
            "reply_content": "\u611f\u89ba\u6c92\u4ee5\u524d\u90a3\u7a2e\u771f\u5be6\u7684\u611f\u89ba"
        },
        {
            "reply_id": "UgzhpkG3eTHNZ8ykGQF4AaABAg",
            "reply_content": "\u8b9a"
        },
        {
            "reply_id": "UgwwkppxaXrkvblvdMJ4AaABAg",
            "reply_content": "\u751c\u871c\u554a"
        },
        {
            "reply_id": "UgyaKAsbk2RSjsP5Z_R4AaABAg",
            "reply_content": "\u5047"
        },
        {
            "reply_id": "UgzX8q6EJcyp8uZ6Twl4AaABAg",
            "reply_content": "\u60f3\u554f\u76ae\u819a\u70ba\u4f55\u8b8a\u90a3\u9ebc\u597d\u6709\u4ec0\u9ebc\u79d8\u8a23\u55ce"
        },
        {
            "reply_id": "Ugwpu_5Sx5W0w2b1BN14AaABAg",
            "reply_content": "\u62cd\u7acb\u5f97\u5728\u54ea\u88e1\u7528\u7684"
        },
        {
            "reply_id": "UgzlhDH7l9amoX3XCmR4AaABAg",
            "reply_content": "\u624b\u4f5c\u4e4b\u6240\u4ee5\u73cd\u8cb4 \u662f\u56e0\u70ba\u4ed6\u628a\u751f\u547d\u7684\u4e00\u5c0f\u6bb5\u6642\u5149\u9727\u5316\u6210\u4e86\u4f5c\u54c1\u7d66\u4f60"
        },
        {
            "reply_id": "UgxWiHkGb0mPo0ycGuR4AaABAg",
            "reply_content": "\u5e0c\u671b\u5206\u624b\u4e86\u5c31\u8ddf\u5927\u5bb6\u5766\u627f"
        },
        {
            "reply_id": "UgwqZnVMsLiUAHF8Pjx4AaABAg",
            "reply_content": "\u60c5\u4eba\u8282\u5feb\u4e50"
        },
        {
            "reply_id": "UgwzfZORZSuSA9QFVrJ4AaABAg",
            "reply_content": "\u5bb6\u5be7\u8d8a\u4f86\u8d8a\u8272\u8272\u4e86"
        },
        {
            "reply_id": "UgxtDuTo1pGzipdETRN4AaABAg",
            "reply_content": "\u6574\u4eba\u53c8\u56de\u4f86\u4e86"
        }
    ]
}