{
    "video_info": {
        "id": "H3oz8lWyIFo",
        "channelTitle": "\u773e\u91cf\u7d1aCROWD",
        "title": "\u8056\u8a95\u76f2\u731c\u6a5f\u7968\u6311\u6230\uff01\u5cc7\u91cc\u5cf6\u871c\u6708\u4e4b\u65c5 \u6211\u5011\u6253\u7b97\u9019\u6a23\u505a...\uff08\u4e0a\u96c6\uff09#\u8056\u8a95\u7bc0\u4ea4\u63db\u6a5f\u7968\u3010\u773e\u91cf\u7d1aCROWD\u3011Ft.\u5c55\u69ae\u5c55\u745e\u3001\u9b5a\u4e7e\u3001\u773e\u91cf\u7d1a\u3001\u5c0f\u5433\u3001\u5361\u7279 \u3001\u6ef4\u59b9\u3001\u53cd\u9aa8\u7537\u5b69\u3001\u57f9\u6839\u3001\u8594\u8594\u3001\u4e00\u96bb\u963f\u5713\u3001\u611b\u8389\u838e\u838e",
        "description": "\u5176\u4ed6\u4eba\u7684\u5f71\u7247\u770b\u9019\uff1a\n\u9ec3\u6c0f\u5144\u5f1f https://youtu.be/gzkI1insamo\n\u5c55\u69ae\u5c55\u745e https://krbros.pros.si/4n8wp2\n\u6ef4\u59b9 https://youtu.be/KbMKinTYXpE\n\u4e00\u96bb\u963f\u5713 https://youtu.be/JAvPbqr9SwQ\n\u9b5a\u4e7e https://youtu.be/vFoWnrwMVeo\n\u611b\u8389\u838e\u838e https://www.youtube.com/watch?v=IytLwjziXKk\n\u5361\u7279 https://youtu.be/_yzf9XZkiq0\n\n\u2b50\u52a0\u5165\u6211\u5011\u7684YouTube\u6703\u54e1\uff1ahttps://pse.is/U8GDQ\n\ud83d\udc49\u6703\u54e1\u4ecb\u7d39\u5f71\u7247\uff1ahttps://reurl.cc/rlvEKx\n\n\u27a1\u8a02\u95b1YouTube\u3010\u773e\u91cf\u7d1aCROWD x FUN\u751f\u6d3b-\u7b2c\u4e8c\u983b\u9053\u3011\nhttps://is.gd/4dSkyk \n\u27a1\u8a02\u95b1YouTube\u3010\u5bb6\u5be7+0\u3011\nhttps://is.gd/lcdma4 \n\u27a1\u8a02\u95b1YouTube\u3010Andy\u8001\u5e2b\u3011 \nhttps://is.gd/laVony\n------------------------------------------------------------------------------------\n\u27a1FB\u3010\u773e\u91cf\u7d1aCROWD\u3011\nhttps://www.facebook.com/etman0909/\n\u27a1FB\u3010\u5bb6\u5be7+0\u3011\nhttp://bit.ly/29PljQA\n\u27a1FB\u3010Andy\u8001\u5e2b\u3011\nhttp://bit.ly/29JkGYS\n------------------------------------------------------------------------------------\n\u27a1IG\u3010\u773e\u91cf\u7d1aCROWD\u3011\nhttps://www.instagram.com/crowd520/?hl=zh-tw\n------------------------------------------------------------------------------------\n\u27a1\u7f8e\u62cd\u3010\u4f17\u91cf\u7ea7CROWD\u3011\nhttp://www.meipai.com/user/1048418678\n------------------------------------------------------------------------------------\n\u27a1\u5fae\u535a\u3010\u4f17\u91cf\u7ea7CROWD\u3011\nhttp://www.weibo.com/6067696343/profi...\n\n\u27a1\u8a02\u95b1YouTube\u3010\u773e\u91cf\u7d1aCROWD\u3011\nhttps://is.gd/JgIQw6\n\n\u5de5\u4f5c\u9080\u7d04\u8acb\u6d3d\uff1aqunhaient@gmail.com\n\n#\u8056\u8a95\u7bc0\u4ea4\u63db\u6a5f\u7968#\u773e\u91cf\u7d1aCROWD#\u5cc7\u5398\u5cf6",
        "likeCount": "4360",
        "commentCount": "57",
        "viewCount": "250435"
    },
    "comments": [
        {
            "reply_id": "Ugxo3ppMkwGohygp_sB4AaABAg",
            "reply_content": "\u8acb\u554f\u73fe\u5728\u53bb\u5cc7\u5398\u5cf6\u662f\u4e0d\u662f\u8981\u7c3d\u8b49\u4e86\u554a"
        },
        {
            "reply_id": "UgxmiizVXBUpH7TXQq14AaABAg",
            "reply_content": "\u5bb6\u5be7\u9a0e\u99ac\u5f88\u7f8e"
        },
        {
            "reply_id": "UgwW_NDIA8iuEKC5WkF4AaABAg",
            "reply_content": "\u90a3\u96bb\u99b4\u9e7f\u771f\u7684\u5f88\u591a\u9918"
        },
        {
            "reply_id": "UgyNYKRfdgYkSCmzE5R4AaABAg",
            "reply_content": "\u771f\u7684\u597d\u559c\u6b22\u4f60\u4eec"
        },
        {
            "reply_id": "UgygYBq-v3MxR66bEKh4AaABAg",
            "reply_content": "\u6211\u597d\u671f\u5f85\u7b2c\u4e09\u500b\u4eba\u51fa\u73fe\u5728\u4f60\u5011\u7684\u5f71\u7247\u4e2d"
        },
        {
            "reply_id": "UgxgZeXIkXf6bnIWE2d4AaABAg",
            "reply_content": "\u90a3\u500b\u6e9d\u901a\u6211\u5feb\u7b11\u6b7b\u4e86"
        },
        {
            "reply_id": "Ugw0vSF9dKXN9xSwAhZ4AaABAg",
            "reply_content": "\u99ac\u5834\u7684\u4eba\u771f\u7684\u5f88\u6703\u62cd\u6b38"
        },
        {
            "reply_id": "UgxTlmBr_8iGwrvh3xF4AaABAg",
            "reply_content": "\u5370\u5c3c\u5f88\u591a\u6f02\u4eae\u7684\u5730\u65b9\uff0c\u5e0c\u671b\u4e0b\u6b21\u4f86\u80fd\u5e36\u4f60\u5011\u53bb\u73a9"
        },
        {
            "reply_id": "UgwKm5a4MEPUFkosyEl4AaABAg",
            "reply_content": "\u756b\u8cea\u600e\u9ebc\u90a3\u9ebc\u4f4e"
        }
    ]
}