{
    "video_info": {
        "id": "HacI_URj84w",
        "channelTitle": "\u773e\u91cf\u7d1aCROWD",
        "title": "\u7576\u4f60\u89ba\u5f97\u5973\u53cb\u9700\u8981\u8a87\u734e\u6642\uff0c\u4f60\u53ef\u4ee5\u9019\u6a23\u505a...#\u773e\u91cf\u7d1acrowd @andy0623 @ning030999",
        "description": "",
        "likeCount": "10038",
        "commentCount": "46",
        "viewCount": "331468"
    },
    "comments": [
        {
            "reply_id": "UgyxhpYlRz6fifbvhH14AaABAg",
            "reply_content": "\u5bb6\u6ab8\u7684\u80f8\u90e8\u4e5f\u6c92\u6709\u5f88\u5927\u554a"
        },
        {
            "reply_id": "UgzcfR8azyk4Ezg5hGd4AaABAg",
            "reply_content": "\u54c8\u54c8\u54c8\u592a\u597d\u7b11\u4e86"
        },
        {
            "reply_id": "UgyyZndB63MBLs_-_pZ4AaABAg",
            "reply_content": "\u597d\u8fa3"
        },
        {
            "reply_id": "UgzRTLtKtOLbnRIQZ7N4AaABAg",
            "reply_content": "\u6210\u529f\u7684\u958b\u59cb"
        },
        {
            "reply_id": "UgyTqoHnvRf2l1mA87l4AaABAg",
            "reply_content": "\u4e00\u5f00\u59cb\u5c31\u8f93\u4e86\u56e0\u4e3a\u6709\u7f8e\u5973\u5728\u770b\u4f60\u7684\u89c6\u9891\u800c\u4f60\u6b7b\u6b7b\u7684\u770b\u7740\u5c4f\u5e55\ud83c\udf1a"
        },
        {
            "reply_id": "Ugyrc3BqKXl6D3-uMB54AaABAg",
            "reply_content": "\u5f88\u96e3\u5594"
        },
        {
            "reply_id": "Ugz83Yo733KGVid6ndZ4AaABAg",
            "reply_content": "\u8a72\u903c\u6709\u9ede\u9ed1\u9ed1\u7684\u5594"
        },
        {
            "reply_id": "UgzRkfTtJUo9ijXX5ZN4AaABAg",
            "reply_content": "\u70ba\u4ec0\u9ebc\u8981\u5f04\u6210\u9ed1\u9ed1\u7684"
        },
        {
            "reply_id": "UgxaYmcGk70MZjHDVFR4AaABAg",
            "reply_content": "\u6b38\u5bb6\u5be7\u597d\u50cf\u8b8a\u9ed1\u4e86\u63d1"
        },
        {
            "reply_id": "UgzfZv_c5R91azBfeJt4AaABAg",
            "reply_content": "\u53cd\u61c9\u592a\u5feb\u4e86"
        }
    ]
}