{
    "video_info": {
        "id": "I55Ea9dvERQ",
        "channelTitle": "\u773e\u91cf\u7d1aCROWD",
        "title": "\u5047\u88dd\u8b93\u7537\u53cb\u5e6b\u6211\u9304\u8df3\u821e\u5f71\u7247 \u4ed6\u7684\u53cd\u61c9\u662f\uff1f#\u773e\u91cf\u7d1acrowd #\u60c5\u4fb6",
        "description": "",
        "likeCount": "4443",
        "commentCount": "16",
        "viewCount": "128433"
    },
    "comments": [
        {
            "reply_id": "UgxbnNq8YTS7-O1MZFt4AaABAg",
            "reply_content": "\u8981\u6211\u6bd4\u4f60\u4e2d\u6307\u4e8b\u55ce"
        },
        {
            "reply_id": "UgyJVUk3j5wraGZNXXV4AaABAg",
            "reply_content": "\u63d0\u9192\u6211\u6bd4\u4f60\u4e2d\u6307"
        }
    ]
}