{
    "video_info": {
        "id": "I7dw6fAbtFE",
        "channelTitle": "\u773e\u91cf\u7d1aCROWD",
        "title": "\u6211\u5011\u6c7a\u5b9a\u53bb\u6236\u653f\u4e8b\u52d9\u6240\u2026\u3010\u773e\u91cf\u7d1aCROWD\u3011",
        "description": "Andy\u8001\u5e2b\uff1a\u300c\u7d42\u65bc\u7b49\u5230\u9019\u5929\u4e86\ud83e\udd70\u300d\n\u5bb6\u5be7+0\uff1a\u300c\u597d\u751c\u871c \u6eff\u662f\u7c89\u7d05\u6ce1\u6ce1~\u300d\n\n\u7d50\u5a5a\u80cc\u677f\u7adf\u7136\u9084\u6709\u62bd\u734e\u6d3b\u52d5\u6b38 .\u141f.\u141f \n\u7b2c\u4e00\u6ce2\u62bd\u734e\n\u2763\ufe0f \u6d3b\u52d5\u8d08\u54c1\uff1aIPHONE 13 128G\uff081\u540d\uff09\u3001\u9ad8\u96c4\u82f1\u72c4\u683c\u9152\u5e971\u6cca2\u98df\uff081\u540d\uff09\n\u2763\ufe0f \u6d3b\u52d5\u671f\u9593\uff1a\u5373\u65e5\u8d77 \u81f3 2022.08.30\uff08\u4e8c\uff0923:59 \u622a\u6b62\n\u7b2c\u4e8c\u6ce2\u62bd\u734e\n\u2763\ufe0f \u6d3b\u52d5\u8d08\u54c1\uff1aGogoro VIVA BASIC\uff081\u540d\uff09\n\u2763\ufe0f \u6d3b\u52d5\u671f\u9593 : 08.17 \u81f3 2022.09.15\uff08\u56db\uff0923:59 \u622a\u6b62\n\u62bd\u734e\u8a73\u60c5\u8acb\u53c3\u8003\ud83d\udd17https://reurl.cc/qNmj5q\n\n\u2591 \u9ad8\u96c420\u5340\u6236\u6240\u8cc7\u8a0a \u2591\n\u27a0 \u6539\u9020\u8a73\u7d30\u5730\u5740\u8acb\u53c3\u7167\u5b98\u7db2\n\ud83d\udd17https://twdesign.tw/exhibition-view/17\n\n\u2b50\u52a0\u5165\u6211\u5011\u7684YouTube\u6703\u54e1\uff1ahttps://pse.is/U8GDQ\n\ud83d\udc49\u6703\u54e1\u4ecb\u7d39\u5f71\u7247\uff1ahttps://reurl.cc/rlvEKx\n\n\u27a1\u8a02\u95b1YouTube\u3010\u773e\u91cf\u7d1aCROWD x FUN\u751f\u6d3b-\u7b2c\u4e8c\u983b\u9053\u3011\nhttps://is.gd/4dSkyk \n\u27a1\u8a02\u95b1YouTube\u3010\u5bb6\u5be7+0\u3011\nhttps://is.gd/lcdma4 \n\u27a1\u8a02\u95b1YouTube\u3010Andy\u8001\u5e2b\u3011 \nhttps://is.gd/laVony\n------------------------------------------------------------------------------------\n\u27a1FB\u3010\u773e\u91cf\u7d1aCROWD\u3011\nhttps://www.facebook.com/etman0909/\n\u27a1FB\u3010\u5bb6\u5be7+0\u3011\nhttp://bit.ly/29PljQA\n\u27a1FB\u3010Andy\u8001\u5e2b\u3011\nhttp://bit.ly/29JkGYS\n------------------------------------------------------------------------------------\n\u27a1IG\u3010\u773e\u91cf\u7d1aCROWD\u3011\nhttps://www.instagram.com/crowd520/?hl=zh-tw\n------------------------------------------------------------------------------------\n\u27a1\u7f8e\u62cd\u3010\u4f17\u91cf\u7ea7CROWD\u3011\nhttp://www.meipai.com/user/1048418678\n------------------------------------------------------------------------------------\n\u27a1\u5fae\u535a\u3010\u4f17\u91cf\u7ea7CROWD\u3011\nhttp://www.weibo.com/6067696343/profi...\n\n\u27a1\u8a02\u95b1YouTube\u3010\u773e\u91cf\u7d1aCROWD\u3011\nhttps://is.gd/JgIQw6\n\n\u5de5\u4f5c\u9080\u7d04\u8acb\u6d3d\uff1aqunhaient@gmail.com\n\n#\u6236\u653f\u4e8b\u52d9\u6240#\u773e\u91cf\u7d1aCROWD#\u60c5\u4fb6",
        "likeCount": "7373",
        "commentCount": "266",
        "viewCount": "367672"
    },
    "comments": [
        {
            "reply_id": "UgyxJdYd5SpGBW_XzSx4AaABAg",
            "reply_content": "\u4ec0\u9ebc\u6642\u5019\u5206\u624b"
        },
        {
            "reply_id": "UgwGVSWdTZsj8Ityvk14AaABAg",
            "reply_content": "\u5149\u8292\u56db\u5c04\u4f60\u5011\u5bf6\u5bf6\u6709\u4e86\u9ebb"
        },
        {
            "reply_id": "UgwuCEg7QC3Y8zDHgxd4AaABAg",
            "reply_content": "\u6211\u5c31\u770b\u4f60\u8981\u6a19\u984c\u9ee8\u5230\u4ec0\u9ebc\u7a0b\u5ea6"
        },
        {
            "reply_id": "UgxIoeKutTGOVMu6gLR4AaABAg",
            "reply_content": "\u6211\u6c92\u88ab\u9a19"
        },
        {
            "reply_id": "UgxXswEsXqVVDTTsf154AaABAg",
            "reply_content": "\u6211\u4ee5\u70ba\u9019\u96c6\u7d50\u5a5a"
        },
        {
            "reply_id": "Ugw-h_yXxFgmKtK_Mvd4AaABAg",
            "reply_content": "\u9019\u9ed1\u4eba\u662f\u8ab0"
        },
        {
            "reply_id": "UgxgXjZ7IOeEKHA2Tvd4AaABAg",
            "reply_content": "\u6211\u5c31\u4f4f\u5728\u611b\u6cb3"
        },
        {
            "reply_id": "Ugw2rWmvCXC8ow7DsM14AaABAg",
            "reply_content": ""
        },
        {
            "reply_id": "UgyhOsoVNH1AkIJLtcJ4AaABAg",
            "reply_content": "\u597d\u559c\u6b61\u4f60\u5011\u7684\u5f71\u7247"
        },
        {
            "reply_id": "Ugw4plmjWEDtlr3jbKR4AaABAg",
            "reply_content": "\u6211\u4f4f\u9ad8\u96c4\u771f\u7684\u5f88\u7f8e\u6211\u4f4f\u9e7d\u57d5"
        },
        {
            "reply_id": "UgxyGqy6diN4eRUzOZR4AaABAg",
            "reply_content": "\u6709\u7a2e\u5f7c\u6b64\u8d8a\u4f86\u8d8a\u964c\u751f\u611f\u89ba\u54c8\u54c8\u54c8\u54c8"
        },
        {
            "reply_id": "UgyOsXen2FxjU57UeId4AaABAg",
            "reply_content": "\u9019\u9031\u516d\u6211\u8981\u53bb\u9ad8\u96c4\u73a9\u8036"
        },
        {
            "reply_id": "UgxHGPRxNoUy37KiuK54AaABAg",
            "reply_content": "\u6a19\u984c\u540a\u4eba\u80c3\u53e3\u554a"
        },
        {
            "reply_id": "Ugyrv0EVyikj-iySAq14AaABAg",
            "reply_content": "\u7e7c\u7e8c\u9a19"
        },
        {
            "reply_id": "UgzAzFG9w0tlVip3TD54AaABAg",
            "reply_content": "\u70ba\u4ec0\u9ebc\u6211\u89ba\u5f97\u8d8a\u4f86\u8d8a\u50cf\u5546\u696d\u60c5\u4fb6\n\u4e0d\u50cf\u771f\u7684\u60c5\u4fb6"
        },
        {
            "reply_id": "Ugy3aP3Hu4iwqhKs7f54AaABAg",
            "reply_content": "\u6211\u5bb6\u9644\u8fd1\u6b38"
        },
        {
            "reply_id": "UgwRxkX_a2aT6rbTKc54AaABAg",
            "reply_content": "\u6709\u5920\u53ef\u6190"
        },
        {
            "reply_id": "Ugyj0LgBTwSZFiTjr1Z4AaABAg",
            "reply_content": "\u597d\u5e0c\u671b\u4f60\u5011\u80fd\u7d50\u5a5a"
        },
        {
            "reply_id": "UgzVh_NpNvYd8F4Etlh4AaABAg",
            "reply_content": "\u5148\u770b\u7559\u8a00\u5c31\u4e0d\u6703\u8aa4\u5c0e\u4e86"
        },
        {
            "reply_id": "UgysZTtLJ5aqK-dEHuR4AaABAg",
            "reply_content": "\u611f\u89ba\u771f\u7684\u5206\u958b\u4e86\u52a00\u81c9\u6c92\u4e4b\u524d\u90a3\u9ebc\u71e6\u721b\u7b11\u5f97\u6709\u9ede\u4e0d\u81ea\u7136"
        },
        {
            "reply_id": "UgyU-jT7oI-j1aeQxmF4AaABAg",
            "reply_content": "\u5b89\u5b89\u4f86\u560d"
        },
        {
            "reply_id": "Ugy0t1GdFs2otX4j0Cp4AaABAg",
            "reply_content": "\u7adf\u7136\u6709\u5c0f\u6d77\u8c79\u7576\u80cc\u666f"
        },
        {
            "reply_id": "Ugw3hafuoxYocWV38vp4AaABAg",
            "reply_content": "\u5e0c\u671b\u53ef\u4ee5\u771f\u7684\u53bb\u6236\u653f\u4e8b\u52d9\u6240\u62ff\u5c0f\u672c\u672c"
        },
        {
            "reply_id": "UgxdKI4puf3TLtddZnJ4AaABAg",
            "reply_content": "\u5982\u679c\u7d50\u5a5a\u7684\u8a71\u65b0\u805e\u61c9\u8a72\u6703\u6709"
        },
        {
            "reply_id": "Ugy-rh_ydkgv_DoOy0R4AaABAg",
            "reply_content": "\u6700\u8fd1\u7684\u5f71\u7247\u90fd\u5f88\u89aa\u5bc6"
        }
    ]
}