{
    "video_info": {
        "id": "L4pWrR4VBN0",
        "channelTitle": "\u773e\u91cf\u7d1aCROWD",
        "title": "\u70ba\u4e86\u85af\u689d\u8c41\u51fa\u53bb\u7684\u5973\u4eba\ud83d\ude02 #ikea",
        "description": "",
        "likeCount": "9615",
        "commentCount": "49",
        "viewCount": "256153"
    },
    "comments": [
        {
            "reply_id": "Ugyodeq64A1Ty7Gcl1p4AaABAg",
            "reply_content": "\u5bb6\u5be7\u597d\u53ef\u611b"
        },
        {
            "reply_id": "UgynVJNEmmQuFCFQ6qF4AaABAg",
            "reply_content": "\u597d\u53ef\u611b"
        },
        {
            "reply_id": "UgwQzk5gn-QbVqsEdZl4AaABAg",
            "reply_content": "\u5bb6\u5be7\u6c92\u6709\u5316\u599d"
        },
        {
            "reply_id": "UgwayTMI4H7RwasNCOJ4AaABAg",
            "reply_content": "\u4f60\u5011\u662f\u4e0d\u662f\u53bb"
        },
        {
            "reply_id": "Ugwi8nodu8KkOypqg3x4AaABAg",
            "reply_content": "\u6211\u5973\u53cb\u60f3\u8981\u7684\u6642\u5019\u4e5f\u662f\u9019\u6a23\u6c42\u6211"
        },
        {
            "reply_id": "UgzuXBWT6ofgEO_jl9x4AaABAg",
            "reply_content": "\u7d20\u989c\u597d\u6f02\u4eae"
        },
        {
            "reply_id": "UgzvcJqULtmurTzXTq94AaABAg",
            "reply_content": "\u6211\u5973\u5152\u7684\u6700\u611b"
        },
        {
            "reply_id": "UgzNJ4CG5VGIZKQMBk14AaABAg",
            "reply_content": "\u771f\u662f\u53ef\u611b\u7684\u5bb6\u5be7"
        },
        {
            "reply_id": "UgwKJQ_Fi5YKGyVGz7J4AaABAg",
            "reply_content": "\u6709\u5920\u53ef\u611b"
        }
    ]
}