{
    "video_info": {
        "id": "mw1qw5MBMmA",
        "channelTitle": "\u773e\u91cf\u7d1aCROWD",
        "title": "\u8ab0\u5bb6\u7684\u5973\u53cb\u4e0a\u8eca\u524d\u5f8c\u4e5f\u9577\u9019\u6a23\ud83d\ude02#\u773e\u91cf\u7d1acrowd #\u8dd1\u8eca #yt\u6709\u65b0\u7247\u53ef\u4ee5\u770b\u5466",
        "description": "",
        "likeCount": "1119",
        "commentCount": "6",
        "viewCount": "38536"
    },
    "comments": [
        {
            "reply_id": "UgwXdC8qGyZgu25809V4AaABAg",
            "reply_content": "\u56e0\u70ba\u4f60\u5728\u5979\u8eab\u908a\u8b93\u5979\u89ba\u5f97\u5b89\u5fc3"
        },
        {
            "reply_id": "UgwatRGEn1Iigmsemfx4AaABAg",
            "reply_content": "\u597d\u53ef\u611b"
        }
    ]
}