{
    "video_info": {
        "id": "O0Zmej6491A",
        "channelTitle": "\u773e\u91cf\u7d1aCROWD",
        "title": "Playing the quiet place game\uff5c\u5b89\u975c\u904a\u6232\u6311\u6230\u3010\u773e\u91cf\u7d1aCROWD\u3011",
        "description": "\u2705\u9ede\u64ca\u6b64\u8655\u4e0b\u55ae\uff1ahttps://foreo.se/nhkl\n\n\u2b50\u52a0\u5165\u6211\u5011\u7684YouTube\u6703\u54e1\uff1ahttps://pse.is/U8GDQ\n\ud83d\udc49\u6703\u54e1\u4ecb\u7d39\u5f71\u7247\uff1ahttps://reurl.cc/rlvEKx\n\n\u27a1\u8a02\u95b1YouTube\u3010\u773e\u91cf\u7d1aCROWD x FUN\u751f\u6d3b-\u7b2c\u4e8c\u983b\u9053\u3011\nhttps://is.gd/4dSkyk \n\u27a1\u8a02\u95b1YouTube\u3010\u5bb6\u5be7+0\u3011\nhttps://is.gd/lcdma4 \n\u27a1\u8a02\u95b1YouTube\u3010Andy\u8001\u5e2b\u3011 \nhttps://is.gd/laVony\n------------------------------------------------------------------------------------\n\u27a1FB\u3010\u773e\u91cf\u7d1aCROWD\u3011\nhttps://www.facebook.com/etman0909/\n\u27a1FB\u3010\u5bb6\u5be7+0\u3011\nhttp://bit.ly/29PljQA\n\u27a1FB\u3010Andy\u8001\u5e2b\u3011\nhttp://bit.ly/29JkGYS\n------------------------------------------------------------------------------------\n\u27a1IG\u3010\u773e\u91cf\u7d1aCROWD\u3011\nhttps://www.instagram.com/crowd520/?hl=zh-tw\n------------------------------------------------------------------------------------\n\u27a1\u7f8e\u62cd\u3010\u4f17\u91cf\u7ea7CROWD\u3011\nhttp://www.meipai.com/user/1048418678\n------------------------------------------------------------------------------------\n\u27a1\u5fae\u535a\u3010\u4f17\u91cf\u7ea7CROWD\u3011\nhttp://www.weibo.com/6067696343/profi...\n\n\u27a1\u8a02\u95b1YouTube\u3010\u773e\u91cf\u7d1aCROWD\u3011\nhttps://is.gd/JgIQw6\n\n\u5de5\u4f5c\u9080\u7d04\u8acb\u6d3d\uff1aqunhaient@gmail.com\n\n#Playingthequietplacegame#\u773e\u91cf\u7d1aCROWD#\u60c5\u4fb6",
        "likeCount": "11479",
        "commentCount": "41",
        "viewCount": "348158"
    },
    "comments": [
        {
            "reply_id": "UgzfPTvwk5eXJ6CtKmR4AaABAg",
            "reply_content": "\u9ed1\u8272\u597d\u597d\u770b"
        },
        {
            "reply_id": "UgwsuJ4obIGl5hwQODh4AaABAg",
            "reply_content": "\u600e\u9ebc\u90a3\u9ebc\u9ed1"
        },
        {
            "reply_id": "UgztUSs1Ptyl-shO0S14AaABAg",
            "reply_content": "\u8db4\u4e0b"
        },
        {
            "reply_id": "UgwCyw3gGI9t6dcwpPZ4AaABAg",
            "reply_content": "\u6232"
        },
        {
            "reply_id": "UgzAfTGSKD2e9GbcVZ94AaABAg",
            "reply_content": "\u6709\u9023\u7d50\u55ce"
        },
        {
            "reply_id": "Ugy-GWoaWLPLaloaINF4AaABAg",
            "reply_content": "\u611f\u89ba\u5bb6\u5be7\u8b8a\u9ed1\u4e86"
        },
        {
            "reply_id": "UgxGntT4WTzaDq57YVV4AaABAg",
            "reply_content": "\u5bb6\u5be7\u600e\u9ebc\u611f\u89ba\u8b8a\u597d\u8001"
        },
        {
            "reply_id": "Ugz8DQXDisM5WxtaGTx4AaABAg",
            "reply_content": "\u70ba\u4ec0\u9ebc\u5bb6\u5be7\u611f\u89ba\u8b8a\u4e86"
        },
        {
            "reply_id": "UgxJvwX3viXIXnVt3Vl4AaABAg",
            "reply_content": "\u73fe\u5728\u7684\u5f71\u7247\u90fd\u6c92\u6709\u4ee5\u524d\u7684\u611f\u89ba\u4e86"
        },
        {
            "reply_id": "Ugx16R5J8itNM72DixB4AaABAg",
            "reply_content": "\u7537\u4fca\u5973\u7f8e"
        },
        {
            "reply_id": "UgxO1UPUbRul59JMMVF4AaABAg",
            "reply_content": "\u600e\u9ebc\u90a3\u9ebc\u9ed1"
        },
        {
            "reply_id": "UgzkfO720qcX8_2kSSh4AaABAg",
            "reply_content": "\u524d\u6392\u554a"
        },
        {
            "reply_id": "UgwXS2YtUnPBKjRmqJd4AaABAg",
            "reply_content": "\u4e8c"
        },
        {
            "reply_id": "UgzJPpGuUflAPD39h1R4AaABAg",
            "reply_content": "\u7b2c\u4e00\u500b"
        }
    ]
}