{
    "video_info": {
        "id": "oYk3sW5Whxc",
        "channelTitle": "\u773e\u91cf\u7d1aCROWD",
        "title": "BLACKPINK-Pink Venom Dance #pinkvenomchallenge",
        "description": "",
        "likeCount": "106699",
        "commentCount": "283",
        "viewCount": "2392007"
    },
    "comments": [
        {
            "reply_id": "Ugw6dH_23VhtuLVQzyF4AaABAg",
            "reply_content": "\u53e6\u4e00\u500b\u5973\u751f\u662f\u6797\u8431\u55ce"
        },
        {
            "reply_id": "UgwIr961Gc7e0zk51d14AaABAg",
            "reply_content": "\u8bb8\u51ef\u7693\u8df3\u5f97\u5f88\u597d\u770b"
        },
        {
            "reply_id": "Ugy2hiIv6-kaI-Bs_qd4AaABAg",
            "reply_content": "\u8bb8\u51ef\u7693\u5f88\u5e05"
        },
        {
            "reply_id": "UgxfyrnI-vbb6AdN3VR4AaABAg",
            "reply_content": "\u838e\u838e\u838e\u838e\u838e\u838e\u838e\u838e\u838e\u838e\u838e\u838e\u838e\u838e\u838e\u838e\u838e\u838e"
        },
        {
            "reply_id": "UgyCSe9bu5sfnXuJVjJ4AaABAg",
            "reply_content": "\u8ddf\u90a3\u500b\u7537\u751f\u540c\u65b9\u5411\u7684\u5973\u751f\u8df3\u7684\u597d\u597d\u770b\u5594"
        },
        {
            "reply_id": "UgzAtiXUJCBVYTdPSIF4AaABAg",
            "reply_content": "\u5bb6\u5be7\u53ef\u4ee5\u4e0a\u53f0\u8868\u6f14\u4e86"
        },
        {
            "reply_id": "Ugx1yq6odPUGrcqSvxN4AaABAg",
            "reply_content": "\u90a3\u662f\u9905\u4e7e\u524d\u5973\u53cb\u55ce"
        },
        {
            "reply_id": "Ugz--4M9oui_AIxXWzJ4AaABAg",
            "reply_content": "\u6c42\u9ed1\u8272\u76ae\u4e0a\u8863\u9023\u7d50"
        },
        {
            "reply_id": "UgxAfcNdbG-L6s8wd_p4AaABAg",
            "reply_content": "\u4e2d\u9593\u90a3\u500b\u4eba\u597d\u50cf\u7693\u7693\u5594"
        },
        {
            "reply_id": "Ugw9j2Ba-tWRLn4MQKp4AaABAg",
            "reply_content": "\u5bb6\u5be7\u662f\u4e0d\u662f\u53f3\u908a\u90a3\u4e00\u500b\u5440"
        },
        {
            "reply_id": "UgxEOB0QbgjKSxf7gxN4AaABAg",
            "reply_content": "\u5bb6\u5be7\u9032\u6b65\u597d\u591a"
        },
        {
            "reply_id": "UgygPHTXhAsuw8r5Y954AaABAg",
            "reply_content": "\u6211\u6bd4\u8cfd\u7684\u6b4c"
        },
        {
            "reply_id": "UgxzdiZ5bfFbufuWSzp4AaABAg",
            "reply_content": "\u6211\u559c\u6b61\u7247\u4e2d\u5de6\u908a\u7684\u5973"
        },
        {
            "reply_id": "UgyeoMLXLxlHvwJx8AB4AaABAg",
            "reply_content": "\u8df3\u5f97\u6700\u5de6\u5973"
        },
        {
            "reply_id": "UgyRdxgF-1m9LoBgdtB4AaABAg",
            "reply_content": "\u9019\u500b\u821e\u8e48\u6211\u4e5f\u6703\u8df3"
        },
        {
            "reply_id": "UgyYKF18lmCNUw8GE6F4AaABAg",
            "reply_content": "\u90a3\u500b\u7537\u7684\u662f\u8a31\u51f1\u7693\u55ce"
        },
        {
            "reply_id": "UgwFhaPQ4dz2VHlvB6B4AaABAg",
            "reply_content": "\u5730\u677f\u4e00\u76f4\u4e0a\u4e0b\u6643"
        },
        {
            "reply_id": "UgwrPV7ICSW3Fjy4ucx4AaABAg",
            "reply_content": "\u5bb6\u5be7\u4f60\u7537\u670b\u53cb\u5462"
        },
        {
            "reply_id": "Ugy6sm5Coon22EtVbm14AaABAg",
            "reply_content": "\u53ef\u4ee5\u7576\u5973\u5718\u4e86"
        },
        {
            "reply_id": "UgwceWeIWhOZvjCb3MB4AaABAg",
            "reply_content": "\u5bb6\u5be7\u8df3\u821e\u597d\u770b"
        },
        {
            "reply_id": "UgwzrnC_Dl2hRwzfJ414AaABAg",
            "reply_content": "\u5f8c\u9762\u662f\u51f1\u7693\u55ce"
        },
        {
            "reply_id": "UgzW4CH9d2x4GUoR4EF4AaABAg",
            "reply_content": "\u80cc\u666f\u90fd\u5728\u52d5\u4e86"
        },
        {
            "reply_id": "Ugy6DMhck1WtfACjiSJ4AaABAg",
            "reply_content": "\u9577\u817f\u7279\u6548\u53ef\u4ee5\u95dc\u6389\u55ce"
        },
        {
            "reply_id": "UgzZyTVMjpWml6ttlz54AaABAg",
            "reply_content": "\u8b9a"
        },
        {
            "reply_id": "UgynyH3JTsbwlFUpleF4AaABAg",
            "reply_content": "\u597d\u53b2\u5bb3"
        }
    ]
}