{
    "video_info": {
        "id": "rpmSlqTaojU",
        "channelTitle": "\u773e\u91cf\u7d1aCROWD",
        "title": "\u6574\u4eba\uff01\u7279\u88fd\u65e5\u672c1000\u500d\u7206\u8fa3\u9905\u4e7e \u53cb\u4eba\u5403\u7684\u53cd\u61c9\u662f\u4ec0\u9ebc\uff1f\u731b\u704c\u6c34\u90fd\u6c92\u7528\ud83d\ude02\u3010\u773e\u91cf\u7d1aCROWD\u3011@K.R.Bros0203  @Tgopdone",
        "description": "\u2b50\u52a0\u5165\u6211\u5011\u7684YouTube\u6703\u54e1\uff1ahttps://pse.is/U8GDQ\n\ud83d\udc49\u6703\u54e1\u4ecb\u7d39\u5f71\u7247\uff1ahttps://reurl.cc/rlvEKx\n\n\u27a1\u8a02\u95b1YouTube\u3010\u773e\u91cf\u7d1aCROWD x FUN\u751f\u6d3b-\u7b2c\u4e8c\u983b\u9053\u3011\nhttps://is.gd/4dSkyk \n\u27a1\u8a02\u95b1YouTube\u3010\u5bb6\u5be7+0\u3011\nhttps://is.gd/lcdma4 \n\u27a1\u8a02\u95b1YouTube\u3010Andy\u8001\u5e2b\u3011 \nhttps://is.gd/laVony\n------------------------------------------------------------------------------------\n\u27a1FB\u3010\u773e\u91cf\u7d1aCROWD\u3011\nhttps://www.facebook.com/etman0909/\n\u27a1FB\u3010\u5bb6\u5be7+0\u3011\nhttp://bit.ly/29PljQA\n\u27a1FB\u3010Andy\u8001\u5e2b\u3011\nhttp://bit.ly/29JkGYS\n------------------------------------------------------------------------------------\n\u27a1IG\u3010\u773e\u91cf\u7d1aCROWD\u3011\nhttps://www.instagram.com/crowd520/?hl=zh-tw\n------------------------------------------------------------------------------------\n\u27a1\u7f8e\u62cd\u3010\u4f17\u91cf\u7ea7CROWD\u3011\nhttp://www.meipai.com/user/1048418678\n------------------------------------------------------------------------------------\n\u27a1\u5fae\u535a\u3010\u4f17\u91cf\u7ea7CROWD\u3011\nhttp://www.weibo.com/6067696343/profi...\n\n\u27a1\u8a02\u95b1YouTube\u3010\u773e\u91cf\u7d1aCROWD\u3011\nhttps://is.gd/JgIQw6\n\n\u5de5\u4f5c\u9080\u7d04\u8acb\u6d3d\uff1aqunhaient@gmail.com\n\n#\u6574\u4ebaPRANK#\u773e\u91cf\u7d1aCROWD#\u60c5\u4fb6 #\u6c96\u7e69",
        "likeCount": "2939",
        "commentCount": "54",
        "viewCount": "144832"
    },
    "comments": [
        {
            "reply_id": "Ugzv6q4HtHUTgPPza854AaABAg",
            "reply_content": "\u6211\u770b\u4f60\u5011\u56de\u5230\u6574\u4eba\u5f71\u7247"
        },
        {
            "reply_id": "UgxomcU1DUpcbf_BAxB4AaABAg",
            "reply_content": "\u908a\u5403\u98ef\u908a\u770b\u5dee\u9ede\u5674\u98ef\u54c8\u54c8\u54c8\u54c8"
        },
        {
            "reply_id": "UgwTPnRKR2I9kP6stS54AaABAg",
            "reply_content": "\u7b11\u6b7b\u6211"
        },
        {
            "reply_id": "Ugxv6wqT9Aa_bsY9nY94AaABAg",
            "reply_content": "\u597d\u60f3\u518d\u591a\u770b\u6574\u4eba\u5f71\u7247"
        },
        {
            "reply_id": "UgwUpcoQ8tBzz-Aa6ft4AaABAg",
            "reply_content": ""
        },
        {
            "reply_id": "Ugzb7oLbPau2xOxyc6t4AaABAg",
            "reply_content": "\u7b11\u6b7b\u6bcf\u500b\u90fd\u6f14\u54e1"
        },
        {
            "reply_id": "Ugz_HvZu_l1ist_wocN4AaABAg",
            "reply_content": "\u670b\u53cb\u5011\u90fd\u8d85\u6367\u5834\u8036"
        },
        {
            "reply_id": "UgzArqAzsZAbKZYfpwZ4AaABAg",
            "reply_content": "\u5f71\u7247\u6709\u6642\u5341\u4e00\u5206\u5341\u4e00\u79d2\uff0c\u5dee\u4e0d\u591a\u6709\u4e8c\u5341\u4e00\u5206\u4e8c\u5341\u4e00\u79d2\u90fd\u5728\u7b11"
        },
        {
            "reply_id": "Ugz_xwlL-Co2Nud7SiJ4AaABAg",
            "reply_content": "\u7b49\u8d85\u4e45\u7d42\u65bc\u6709\u6574\u4eba"
        },
        {
            "reply_id": "UgwmFg0bTEYNx7cHis94AaABAg",
            "reply_content": "\u597d\u597d\u7b11\u54c8\u54c8"
        },
        {
            "reply_id": "Ugxzobpt1_Vv0B6Z3-l4AaABAg",
            "reply_content": "\u771f\u4e0d\u932f\u770b"
        }
    ]
}