{
    "video_info": {
        "id": "T3uR3za5jL8",
        "channelTitle": "\u773e\u91cf\u7d1aCROWD",
        "title": "\u7537\u53cb\u7684\u751f\u65e5\u79ae\u7269\uff01\uff1f\u6211\u5011\u7d42\u65bc\u5713\u5922\u4e86\uff01",
        "description": "\u2b50\u52a0\u5165\u6211\u5011\u7684YouTube\u6703\u54e1\uff1ahttps://pse.is/U8GDQ\n\ud83d\udc49\u6703\u54e1\u4ecb\u7d39\u5f71\u7247\uff1ahttps://reurl.cc/rlvEKx\n\n\u27a1\u8a02\u95b1YouTube\u3010\u773e\u91cf\u7d1aCROWD x FUN\u751f\u6d3b-\u7b2c\u4e8c\u983b\u9053\u3011\nhttps://is.gd/4dSkyk \n\u27a1\u8a02\u95b1YouTube\u3010\u5bb6\u5be7+0\u3011\nhttps://is.gd/lcdma4 \n\u27a1\u8a02\u95b1YouTube\u3010Andy\u8001\u5e2b\u3011 \nhttps://is.gd/laVony\n------------------------------------------------------------------------------------\n\u27a1FB\u3010\u773e\u91cf\u7d1aCROWD\u3011\nhttps://www.facebook.com/etman0909/\n\u27a1FB\u3010\u5bb6\u5be7+0\u3011\nhttp://bit.ly/29PljQA\n\u27a1FB\u3010Andy\u8001\u5e2b\u3011\nhttp://bit.ly/29JkGYS\n------------------------------------------------------------------------------------\n\u27a1IG\u3010\u773e\u91cf\u7d1aCROWD\u3011\nhttps://www.instagram.com/crowd520/?hl=zh-tw\n------------------------------------------------------------------------------------\n\u27a1\u7f8e\u62cd\u3010\u4f17\u91cf\u7ea7CROWD\u3011\nhttp://www.meipai.com/user/1048418678\n------------------------------------------------------------------------------------\n\u27a1\u5fae\u535a\u3010\u4f17\u91cf\u7ea7CROWD\u3011\nhttp://www.weibo.com/6067696343/profi...\n\n\u27a1\u8a02\u95b1YouTube\u3010\u773e\u91cf\u7d1aCROWD\u3011\nhttps://is.gd/JgIQw6\n\n\u5de5\u4f5c\u9080\u7d04\u8acb\u6d3d\uff1aqunhaient@gmail.com\n\n#\u6574\u4ebaPRANK#\u773e\u91cf\u7d1aCROWD#\u60c5\u4fb6",
        "likeCount": "3228",
        "commentCount": "96",
        "viewCount": "207900"
    },
    "comments": [
        {
            "reply_id": "UgzH3kHf1sp89CMXmWR4AaABAg",
            "reply_content": "\u606d\u559c"
        },
        {
            "reply_id": "Ugy_p9hf3ldktbqXDBR4AaABAg",
            "reply_content": "\u7121\u804a"
        },
        {
            "reply_id": "UgzBi0_959aHWAd2c9h4AaABAg",
            "reply_content": "\u8eca\u724c\u6c92\u6709\u99ac\u8cfd\u514b"
        },
        {
            "reply_id": "Ugy-fHmePMM5eOnr4NR4AaABAg",
            "reply_content": "\u5206\u624b\u9084\u80fd\u9019\u6a23"
        },
        {
            "reply_id": "UgwONQcX19X11ZYt2NN4AaABAg",
            "reply_content": "\u7f8e"
        },
        {
            "reply_id": "UgxaUf4iobdISVCgQ2R4AaABAg",
            "reply_content": "\u662f\u554a\u4f60\u5011\u6bcf\u5929\u90fd\u5728\u723d\u4e0d\u50cf\u6211\u4e03\u516b\u6708\u90fd\u8981\u52a0\u73ed\u52a0\u5230\u6b7b\u4e86\u4f60\u5011\u5169\u500b\u80fd\u5920\u4eab\u53d7\u662f\u4f60\u5011\u7684\u798f\u6c23"
        },
        {
            "reply_id": "UgyJ-OQo654-T1cpRap4AaABAg",
            "reply_content": "\u751f\u65e5\u5feb\u6a02"
        },
        {
            "reply_id": "UgzkE9q-ZgVUfYS5Ubh4AaABAg",
            "reply_content": "\u751f\u65e5\u5feb\u6a02"
        },
        {
            "reply_id": "UgzN_pCmd1l8lQ9FxdN4AaABAg",
            "reply_content": "\u751f\u65e5\u79ae\u7269"
        },
        {
            "reply_id": "Ugw3JSMTePSlndOuIB94AaABAg",
            "reply_content": "\u53eb\u5f35\u52a0\u6eff\u4e5f\u4e0d\u932f"
        },
        {
            "reply_id": "UgzMFhIo2-KktyMvZ994AaABAg",
            "reply_content": "\u6211\u60f3\u7576\u4f60\u5011\u7684\u7c89\u7d72\u91cd\u91cf\u7d1a"
        },
        {
            "reply_id": "UgzZMtT4wQDOtJOTa2J4AaABAg",
            "reply_content": "\u751f\u65e5\u5feb\u6a02"
        },
        {
            "reply_id": "UgzKUdHnLEfOX67XP794AaABAg",
            "reply_content": "\u751f\u65e5\u5feb\u6a02"
        },
        {
            "reply_id": "UgzVMTY_0XW7cmRNcaZ4AaABAg",
            "reply_content": "\u7b2c\u4e8c"
        }
    ]
}