{
    "video_info": {
        "id": "U0dcKBFQsx4",
        "channelTitle": "\u773e\u91cf\u7d1aCROWD",
        "title": "\u770b\u4e86\u4e09\u904d\uff0c\u4f60\u767c\u73fe\u6211\u5011\u6709___\u81c9\uff08\u7559\u8a00\u586b\u7a7a\u263a\ufe0f\uff09#\u773e\u91cf\u7d1acrowd #\u60c5\u4fb6\u5408\u62cd",
        "description": "",
        "likeCount": "2722",
        "commentCount": "73",
        "viewCount": "105147"
    },
    "comments": [
        {
            "reply_id": "Ugx9IYo5uA2E1FJc8HF4AaABAg",
            "reply_content": "\u592b\u59bb\u81c9\u4e00\u5b9a\u8981\u8d95\u5feb\u7d50\u5a5a\u56c9\uff0c\u540c\u6642\u4e5f\u662f\u59ca\u5f1f\u81c9\u5566"
        },
        {
            "reply_id": "UgwcHwcBA2pDCJuEnJV4AaABAg",
            "reply_content": "\u592b\u59bb\u81c9"
        },
        {
            "reply_id": "UgzfONj5j91LkDE2C4J4AaABAg",
            "reply_content": "\u592b\u59bb"
        },
        {
            "reply_id": "UgwahlxTGQB19hnR_vJ4AaABAg",
            "reply_content": "\u7d50\u5a5a\u5427"
        },
        {
            "reply_id": "Ugxj2_wwf5ErNb6hAGd4AaABAg",
            "reply_content": "\u592b\u59bb\u81c9"
        },
        {
            "reply_id": "UgzojXCgk82jVnsuZAV4AaABAg",
            "reply_content": "\u6e6f\u7136\u662f\u592b\u59bb"
        },
        {
            "reply_id": "UgyuAdI7FW4_9YP27494AaABAg",
            "reply_content": "\u592b\u59bb\u81c9"
        },
        {
            "reply_id": "UgzGX3bVbkDLza7e1K54AaABAg",
            "reply_content": "\u592b\u59bb"
        },
        {
            "reply_id": "Ugy71tZrE0Idn9c0asx4AaABAg",
            "reply_content": "\u592b\u59bb\u81c9"
        },
        {
            "reply_id": "UgxxE1kh-nH82ZXDXMF4AaABAg",
            "reply_content": "\u592b\u59bb\u8138"
        },
        {
            "reply_id": "UgzeTZ0aWcv5VD3v8Cl4AaABAg",
            "reply_content": "\u592b\u59bb\u81c9"
        },
        {
            "reply_id": "Ugy2vtBWAskNPLJHSHp4AaABAg",
            "reply_content": "\u592b\u59bb\u81c9"
        },
        {
            "reply_id": "Ugyvi5sP1DQwALPJUQZ4AaABAg",
            "reply_content": "\u592b\u59bb\u81c9"
        },
        {
            "reply_id": "UgxdVNk31RySZM3dWl54AaABAg",
            "reply_content": "\u592b\u59bb\u81c9"
        },
        {
            "reply_id": "Ugz_GVOq9gfiUbmCj794AaABAg",
            "reply_content": "\u5b30\u5152\u81c9"
        },
        {
            "reply_id": "UgzqrFAez5m6rCUU4Mt4AaABAg",
            "reply_content": "\u592b\u59bb\u81c9"
        },
        {
            "reply_id": "UgyDO_1o8gNXZbT_31h4AaABAg",
            "reply_content": "\u592b\u59bb\u81c9"
        },
        {
            "reply_id": "Ugy2Yz04lU_SvbmDXXp4AaABAg",
            "reply_content": "\u80af\u5b9a\u662f\u592b\u59bb\u81c9"
        },
        {
            "reply_id": "UgzST1yk0e6UQeavk4B4AaABAg",
            "reply_content": "\u592b\u59bb\u81c9"
        },
        {
            "reply_id": "UgwHgNZZNRvV_x7W0OF4AaABAg",
            "reply_content": "\u592b\u59bb\u81c9"
        },
        {
            "reply_id": "Ugyb8YBoT43GuHtZbzx4AaABAg",
            "reply_content": "\u592b\u59bb\u81c9"
        },
        {
            "reply_id": "UgyvgbWn2a1e67qfHwl4AaABAg",
            "reply_content": "\u592b\u59bb\u81c9"
        },
        {
            "reply_id": "UgwBoYRV2h6AXIOafPl4AaABAg",
            "reply_content": "\u592b\u59bb\u81c9"
        },
        {
            "reply_id": "UgwxWz2LqsNIjKoQsth4AaABAg",
            "reply_content": "\u5c0d\u5230\u81c9"
        },
        {
            "reply_id": "Ugw9n61X6U9tk9Xbt0R4AaABAg",
            "reply_content": "\u592b\u59bb\u81c9"
        }
    ]
}