{
    "video_info": {
        "id": "uHhvkYYjXZs",
        "channelTitle": "\u773e\u91cf\u7d1aCROWD",
        "title": "\u5cc7\u5398\u5cf6\u65c5\u884c\u88ab\u5c0e\u904a\u5e36\u53bb\u7279\u6b8a\u884c\u7a0b\uff0c\u504f\u50fb\u5371\u96aa\u7684\u6697\u9ed1\u5c0f\u5f91\u5167\u7adf\u85cf\u6709...\u3010\u773e\u91cf\u7d1aCROWD\u3011#\u8056\u8a95\u7bc0\u4ea4\u63db\u6a5f\u7968",
        "description": "\u2b50\u52a0\u5165\u6211\u5011\u7684YouTube\u6703\u54e1\uff1ahttps://pse.is/U8GDQ\n\ud83d\udc49\u6703\u54e1\u4ecb\u7d39\u5f71\u7247\uff1ahttps://reurl.cc/rlvEKx\n\n\u27a1\u8a02\u95b1YouTube\u3010\u773e\u91cf\u7d1aCROWD x FUN\u751f\u6d3b-\u7b2c\u4e8c\u983b\u9053\u3011\nhttps://is.gd/4dSkyk \n\u27a1\u8a02\u95b1YouTube\u3010\u5bb6\u5be7+0\u3011\nhttps://is.gd/lcdma4 \n\u27a1\u8a02\u95b1YouTube\u3010Andy\u8001\u5e2b\u3011 \nhttps://is.gd/laVony\n------------------------------------------------------------------------------------\n\u27a1FB\u3010\u773e\u91cf\u7d1aCROWD\u3011\nhttps://www.facebook.com/etman0909/\n\u27a1FB\u3010\u5bb6\u5be7+0\u3011\nhttp://bit.ly/29PljQA\n\u27a1FB\u3010Andy\u8001\u5e2b\u3011\nhttp://bit.ly/29JkGYS\n------------------------------------------------------------------------------------\n\u27a1IG\u3010\u773e\u91cf\u7d1aCROWD\u3011\nhttps://www.instagram.com/crowd520/?hl=zh-tw\n------------------------------------------------------------------------------------\n\u27a1\u7f8e\u62cd\u3010\u4f17\u91cf\u7ea7CROWD\u3011\nhttp://www.meipai.com/user/1048418678\n------------------------------------------------------------------------------------\n\u27a1\u5fae\u535a\u3010\u4f17\u91cf\u7ea7CROWD\u3011\nhttp://www.weibo.com/6067696343/profi...\n\n\u27a1\u8a02\u95b1YouTube\u3010\u773e\u91cf\u7d1aCROWD\u3011\nhttps://is.gd/JgIQw6\n\n\u5de5\u4f5c\u9080\u7d04\u8acb\u6d3d\uff1aqunhaient@gmail.com\n\n#\u5cc7\u5398\u5cf6 #\u773e\u91cf\u7d1aCROWD#\u60c5\u4fb6",
        "likeCount": "1326",
        "commentCount": "38",
        "viewCount": "59092"
    },
    "comments": [
        {
            "reply_id": "UgxH_YJdGQQ1MLfR1Pl4AaABAg",
            "reply_content": "\u53bb\u571f\u8033\u5176\u6d17\u6fa1\u8ddf\u8cb7\u7576\u5730\u98fe\u54c1"
        },
        {
            "reply_id": "UgyhySCe9ZxofraQIFp4AaABAg",
            "reply_content": "\u60f3\u770b\u4f60\u5011\u53bb\u99ac\u723e\u5730\u592b"
        },
        {
            "reply_id": "Ugwp5IyLPEVuXXpxSyF4AaABAg",
            "reply_content": "\u5e0c\u671b\u80fd\u6765\u9a6c\u6765\u897f\u4e9a"
        },
        {
            "reply_id": "UgwKO05VXe-tExDoGrV4AaABAg",
            "reply_content": "\u9019\u8d9f\u65c5\u7a0b\u7684\u5f71\u7247\u90fd\u5f88\u597d\u770b"
        },
        {
            "reply_id": "UgyCoi6QpW7qba8ltdN4AaABAg",
            "reply_content": "\u6de8\u5316\u90a3\u6bb5\u5168\u7a0b\u6a5f\u76ae\u7599\u7629"
        }
    ]
}