{
    "video_info": {
        "id": "v9SOCYfUvTc",
        "channelTitle": "\u773e\u91cf\u7d1aCROWD",
        "title": "\u4f60\u4e00\u5b9a\u6c92\u770b\u904e\uff01\u8fea\u58eb\u5c3c\u63a7\u5fc5\u8a2a\u666f\u9ede\uff01\u5f77\u5f7f\u8d70\u9032\u8fea\u58eb\u5c3c\u9b54\u6cd5\u4e16\u754c\ud83d\ude07",
        "description": "\u8fea\u58eb\u5c3c\u63a7\u5fc5\u8a2a\u666f\u9ede\uff01\u5f77\u5f7f\u8d70\u9032\u8fea\u58eb\u5c3c\u9b54\u6cd5\u4e16\u754c\uff0c\u8d85\u8208\u596e\uff01\n\u8fea\u58eb\u5c3c100\u9031\u5e74\uff01\u53f0\u7063\u552f\u4e00\u4e00\u7ad9\uff01\u5c55\u89bd\u9650\u5b9a\u5716\u7a3f\u6253\u9020\u7368\u5bb6\u5546\u54c1 \u552e\u5b8c\u4e0d\u88dc\u8ca8\uff5e\n\u5feb@\u4f60\u7684\u670b\u53cb\u4e00\u8d77\u53bb\ud83d\ude1d\n\n\u300a\u8fea\u58eb\u5c3c\u52d5\u756b\u5c55\u300b #\u5c55\u671f\u5012\u6578\n\u770b\u5c55\u9084\u53ef\u4ee5\u62bd\u9999\u6e2f\u8fea\u58eb\u5c3c\u6a02\u5712\u4f4f\u5bbf\uff0b\u9580\u7968\u263a\ufe0f\n\u3010\u5c55\u89bd\u65e5\u671f\u3011\ud835\udfd0\ud835\udfce\ud835\udfd0\ud835\udfd1/\ud835\udfd4/\ud835\udfd0\ud835\udfcf(\u4e09)~\ud835\udfd0\ud835\udfce\ud835\udfd0\ud835\udfd1/\ud835\udfcf\ud835\udfce/\ud835\udfcf\ud835\udfcf(\u4e09)\n\u3010\u5c55\u89bd\u5730\u9ede\u3011\u4e2d\u6b63\u7d00\u5ff5\u5802\ud835\udfcf\u5c55\u5ef3\n\n#\u8fea\u58eb\u5c3c\u53f0\u7063 #\u8fea\u58eb\u5c3c100 #\u8fea\u58eb\u5c3c\u52d5\u756b\u5c55 #disney100",
        "likeCount": "628",
        "commentCount": "1",
        "viewCount": "13426"
    },
    "comments": [
        {
            "reply_id": "UgzZaRLXMZjCcFN3RV94AaABAg",
            "reply_content": "\u624d\u525b\u53bb\u904e\u8036"
        }
    ]
}