{
    "video_info": {
        "id": "VabuqIFqK9w",
        "channelTitle": "\u773e\u91cf\u7d1aCROWD",
        "title": "\u958b\u5fc3\u662f\u516c\u4e3b\ud83d\udc78\u4e0d\u958b\u5fc3\u662f\u843d\u96e3\u516c\u4e3b\ud83e\udd37\u200d\u2640\ufe0f\u6240\u4ee5\u4eca\u5929\u4f60\u662f\uff1f#\u773e\u91cf\u7d1acrowd #\u9999\u6e2f\u8fea\u58eb\u5c3c",
        "description": "",
        "likeCount": "2679",
        "commentCount": "9",
        "viewCount": "92322"
    },
    "comments": [
        {
            "reply_id": "Ugxt1Ad3FQCORzybcmd4AaABAg",
            "reply_content": "\u6211\u4e5f\u597d\u60f3\u53bb\u8fea\u58eb\u5c3c\u73a9\u54e6"
        },
        {
            "reply_id": "UgyhCksHwbMpp8ADMmF4AaABAg",
            "reply_content": "\u9999\u6e2f\u4f86\u7684\u55ce\u6211\u7d93\u5e38\u53bb\u56e0\u70ba\u6211\u6709\u91d1\u5361"
        }
    ]
}