{
    "video_info": {
        "id": "VkCyDNxUV_g",
        "channelTitle": "\u773e\u91cf\u7d1aCROWD",
        "title": "\u7d66\u4e00\u5e74\u672a\u958b\u8eca\u7684\u5973\u53cb\u8f09\u662f\u4ec0\u9ebc\u9ad4\u9a57\uff01\uff1f\u96e3\u9053\u662f\u9a5a\u96aa\u7684\u958b\u59cb\uff01\uff1f#101\u4ef6\u9858\u671b",
        "description": "\u2b50\u52a0\u5165\u6211\u5011\u7684YouTube\u6703\u54e1\uff1ahttps://pse.is/U8GDQ\n\ud83d\udc49\u6703\u54e1\u4ecb\u7d39\u5f71\u7247\uff1ahttps://reurl.cc/rlvEKx\n\n\u27a1\u8a02\u95b1YouTube\u3010\u773e\u91cf\u7d1aCROWD x FUN\u751f\u6d3b-\u7b2c\u4e8c\u983b\u9053\u3011\nhttps://is.gd/4dSkyk \n\u27a1\u8a02\u95b1YouTube\u3010\u5bb6\u5be7+0\u3011\nhttps://is.gd/lcdma4 \n\u27a1\u8a02\u95b1YouTube\u3010Andy\u8001\u5e2b\u3011 \nhttps://is.gd/laVony\n------------------------------------------------------------------------------------\n\u27a1FB\u3010\u773e\u91cf\u7d1aCROWD\u3011\nhttps://www.facebook.com/etman0909/\n\u27a1FB\u3010\u5bb6\u5be7+0\u3011\nhttp://bit.ly/29PljQA\n\u27a1FB\u3010Andy\u8001\u5e2b\u3011\nhttp://bit.ly/29JkGYS\n------------------------------------------------------------------------------------\n\u27a1IG\u3010\u773e\u91cf\u7d1aCROWD\u3011\nhttps://www.instagram.com/crowd520/?hl=zh-tw\n------------------------------------------------------------------------------------\n\u27a1\u7f8e\u62cd\u3010\u4f17\u91cf\u7ea7CROWD\u3011\nhttp://www.meipai.com/user/1048418678\n------------------------------------------------------------------------------------\n\u27a1\u5fae\u535a\u3010\u4f17\u91cf\u7ea7CROWD\u3011\nhttp://www.weibo.com/6067696343/profi...\n\n\u27a1\u8a02\u95b1YouTube\u3010\u773e\u91cf\u7d1aCROWD\u3011\nhttps://is.gd/JgIQw6\n\n\u5de5\u4f5c\u9080\u7d04\u8acb\u6d3d\uff1aqunhaient@gmail.com\n\n#101\u4ef6\u9858\u671b #\u5973\u53cb\u958b\u8eca #\u773e\u91cf\u7d1aCROWD#\u60c5\u4fb6",
        "likeCount": "2583",
        "commentCount": "80",
        "viewCount": "116253"
    },
    "comments": [
        {
            "reply_id": "UgwuNXhoPKuV5fAIj_54AaABAg",
            "reply_content": "\u5bb6\u5be7\u7b11\u7684\u597d\u53ef\u611b"
        },
        {
            "reply_id": "UgyCkhqi8_E_UXByIaF4AaABAg",
            "reply_content": "\u5730\u7344\u91cc\u9577\u56de\u4f86\u4e86"
        },
        {
            "reply_id": "UgwTgooX9gDdXLMWwyB4AaABAg",
            "reply_content": "\u6240\u6709\u7684\u60e1\u6574\u4e5f\u90fd\u5728\u90a3\u500b\u623f\u9593"
        },
        {
            "reply_id": "UgwJbQ16gZMZkkIV7Jh4AaABAg",
            "reply_content": "\u597d\u4e45\u6c92\u770b\u4e86"
        },
        {
            "reply_id": "UgzrWV_boek8tz-ntot4AaABAg",
            "reply_content": "\u4e0d\u932f\u770b"
        },
        {
            "reply_id": "UgzzBAHX0G3yeYMRZjZ4AaABAg",
            "reply_content": "\u6211\u8003\u5b8c\u99d5\u7167\u5f8c\u5c31\u6c92\u958b\u904e\u4e86"
        },
        {
            "reply_id": "Ugz3qdAbormXEdajxNd4AaABAg",
            "reply_content": "\u5bb6\u5be7\u958b\u8eca\u5168\u8eca\u90fd\u6703\u9192"
        },
        {
            "reply_id": "UgxQpcTTfqL2gKfrYlB4AaABAg",
            "reply_content": "\u7b2c\u4e00"
        }
    ]
}