{
    "video_info": {
        "id": "Vw4l7Ovp98U",
        "channelTitle": "\u773e\u91cf\u7d1aCROWD",
        "title": "\u65e5\u843d\u662f\u6bcf\u5929\u6700\u5fc3\u52d5\u7684\u6642\u523b\uff0c\u4f60\u8aaa\u662f\u5427\ud83d\udc93\ud83d\udccd\u9019\u88e1\u662f\u9ad8\u96c4\u6700\u5922\u5e7b\u7684\u300c\u68e7\u8cb3\u5eab\u65cb\u8f49\u6728\u99ac\u300d\u6253\u9020\u7d14\u767d\u65cb\u8f49\u6728\u99ac\uff0c\u6eff\u8db3\u6240\u6709\u4f60\u5c0d\u6d6a\u6f2b\u7684\u60f3\u50cf\ud83d\ude0d",
        "description": "#\u773e\u91cf\u7d1acrowd #\u68e7\u8cb3\u5eab\u65cb\u8f49\u6728\u99ac #\u68e7\u8cb3\u5eab",
        "likeCount": "3249",
        "commentCount": "18",
        "viewCount": "95249"
    },
    "comments": [
        {
            "reply_id": "UgyBG9JJNVospp4EPOl4AaABAg",
            "reply_content": "\u6211\u5011\u7562\u696d\u65c5\u884c\u7684\u6642\u5019\u6709\u53bb"
        },
        {
            "reply_id": "Ugx4HgqToCg1nmI2CH54AaABAg",
            "reply_content": "\u4f60\u5011\u4e0d\u662f\u5206\u624b\u4e86\u55ce"
        },
        {
            "reply_id": "Ugyi7cTAaKYkJoT7AZ14AaABAg",
            "reply_content": "\u6211\u4f4f\u9ad8\u96c4"
        },
        {
            "reply_id": "Ugzhvp9z3GjW__wwO-B4AaABAg",
            "reply_content": "\u99c1\u4e8c\u7279\u5340\u6b38"
        }
    ]
}