{
    "video_info": {
        "id": "w9r2sQv-faI",
        "channelTitle": "\u773e\u91cf\u7d1aCROWD",
        "title": "\u300c\u81e8\u6642\u6c7a\u5b9a\u51fa\u570b\u627e\u5973\u53cb\uff01\u300d\u534a\u8def\u906d\u7aca\uff01\uff1f\u5973\u53cb\u7684\u53cd\u61c9\u662f\uff1f\u3010\u773e\u91cf\u7d1aCROWD\u3011",
        "description": "\u2b50\u52a0\u5165\u6211\u5011\u7684YouTube\u6703\u54e1\uff1ahttps://pse.is/U8GDQ\n\ud83d\udc49\u6703\u54e1\u4ecb\u7d39\u5f71\u7247\uff1ahttps://reurl.cc/rlvEKx\n\n\u27a1\u8a02\u95b1YouTube\u3010\u773e\u91cf\u7d1aCROWD x FUN\u751f\u6d3b-\u7b2c\u4e8c\u983b\u9053\u3011\nhttps://is.gd/4dSkyk \n\u27a1\u8a02\u95b1YouTube\u3010\u5bb6\u5be7+0\u3011\nhttps://is.gd/lcdma4 \n\u27a1\u8a02\u95b1YouTube\u3010Andy\u8001\u5e2b\u3011 \nhttps://is.gd/laVony\n------------------------------------------------------------------------------------\n\u27a1FB\u3010\u773e\u91cf\u7d1aCROWD\u3011\nhttps://www.facebook.com/etman0909/\n\u27a1FB\u3010\u5bb6\u5be7+0\u3011\nhttp://bit.ly/29PljQA\n\u27a1FB\u3010Andy\u8001\u5e2b\u3011\nhttp://bit.ly/29JkGYS\n------------------------------------------------------------------------------------\n\u27a1IG\u3010\u773e\u91cf\u7d1aCROWD\u3011\nhttps://www.instagram.com/crowd520/?hl=zh-tw\n------------------------------------------------------------------------------------\n\u27a1\u7f8e\u62cd\u3010\u4f17\u91cf\u7ea7CROWD\u3011\nhttp://www.meipai.com/user/1048418678\n------------------------------------------------------------------------------------\n\u27a1\u5fae\u535a\u3010\u4f17\u91cf\u7ea7CROWD\u3011\nhttp://www.weibo.com/6067696343/profi...\n\n\u27a1\u8a02\u95b1YouTube\u3010\u773e\u91cf\u7d1aCROWD\u3011\nhttps://is.gd/JgIQw6\n\n\u5de5\u4f5c\u9080\u7d04\u8acb\u6d3d\uff1aqunhaient@gmail.com\n\n#\u51fa\u570b\u7a81\u8972\u5973\u53cb#\u773e\u91cf\u7d1aCROWD#\u60c5\u4fb6",
        "likeCount": "12356",
        "commentCount": "288",
        "viewCount": "512296"
    },
    "comments": [
        {
            "reply_id": "UgwCXsljXCAejo-kV5x4AaABAg",
            "reply_content": "\u9084\u597d\u4e0d\u662f\u624b\u727d\u624b\u8d70\u4e0b\u4f86\u7684"
        },
        {
            "reply_id": "Ugxxc40dHDB6KbmXqPd4AaABAg",
            "reply_content": "\u5f88\u611f\u52d5"
        },
        {
            "reply_id": "Ugyw8M-8PvZgLMtU09t4AaABAg",
            "reply_content": "\u6cf0\u56fd\u5f88\u591a\u5077\u4e1c\u897f\u7684\u542c\u8bf4"
        },
        {
            "reply_id": "UgyROnzWesWnuh14Mz14AaABAg",
            "reply_content": "\u5b78\u554a\u6ef4"
        },
        {
            "reply_id": "Ugy441TNQfhgJcqehaJ4AaABAg",
            "reply_content": "\u60f3\u8a62\u554f\u90a3\u500b\u82b1\u600e\u9ebc\u7de8\u7684"
        },
        {
            "reply_id": "UgzxNkuMkPl39DiDDNl4AaABAg",
            "reply_content": "\u70ba\u4ec0\u9ebc\u4f60\u5011\u5f71\u7247\u6703\u8b8a\u6210\u9019\u9ebc\u5947\u602a"
        },
        {
            "reply_id": "UgxV7NXHtAJdgc1Kn614AaABAg",
            "reply_content": "\u6211\u770b\u5230\u6211\u5c31\u54ed\u4e86"
        },
        {
            "reply_id": "Ugw-bjbjsysdrIMupfx4AaABAg",
            "reply_content": "\u5f88\u68d2\u7684\u9a5a\u559c"
        },
        {
            "reply_id": "UgzUnyowDS8BkxZRwxp4AaABAg",
            "reply_content": "\u5bb6\u5be7\u54ed\u597d\u919c\u5594"
        },
        {
            "reply_id": "UgyBigsB2iqUgs1zZpV4AaABAg",
            "reply_content": "\u660e\u767d\u90a3\u4e2a\u5fc3\u60c5"
        },
        {
            "reply_id": "UgzLb3fCauOwsrLPlTl4AaABAg",
            "reply_content": "\u597d\u60f3\u77e5\u9053\u5bb6\u5be7\u65b0\u7684\u5de5\u4f5c\u662f\u4ec0\u9ebc\u5662"
        },
        {
            "reply_id": "UgzT6xG3H8iLvPm0h_t4AaABAg",
            "reply_content": "\u9019\u96c6\u6d0b\u8525\u4e5f\u592a\u591a\u4e86\u5427"
        },
        {
            "reply_id": "UgxcHXsge6f5AhD9YDR4AaABAg",
            "reply_content": "\u771f\u7684\u975e\u5e38\u611f\u52d5"
        },
        {
            "reply_id": "UgwntWiJiVnk7z3JS3x4AaABAg",
            "reply_content": "\u600e\u9ebc\u8ddf\u827e\u8389\u838e\u838e\u4e00\u6a23"
        },
        {
            "reply_id": "Ugx2HAMGnOiqPnH6djt4AaABAg",
            "reply_content": "\u5f88\u559c\u6b22\u4f60\u4eec"
        },
        {
            "reply_id": "Ugyl9Ectmpzjj7MVT8Z4AaABAg",
            "reply_content": "\u5efa\u8b70\u627e\u770b\u770b\u6709\u6c92\u6709\u53f0\u7063\u8fa6\u4e8b\u8655\u53ef\u4ee5\u5354\u52a9"
        },
        {
            "reply_id": "UgwALOWY0zHTAH-LR754AaABAg",
            "reply_content": "\u5929\u554a\u592a\u611f\u4eba\u4e86\u5df2\u770b\u54ed"
        },
        {
            "reply_id": "UgwtBZGglFVqjqUK0zZ4AaABAg",
            "reply_content": "\u5927\u5bb6\u6c92\u4e8b\u5c31\u597d\u4e86\u5e0c\u671b\u4f60\u5011\u4e4b\u5f8c\u4e5f\u597d\u904b\u4e00\u9ede\u6a6b\u6382\u5927\u5bb6\u90fd\u5728\u652f\u6301\u4f60\u4e86"
        },
        {
            "reply_id": "Ugz9taZ8NtovwCoCsCB4AaABAg",
            "reply_content": "\u771f\u7684\u611f\u52d5\u5230\u54ed"
        },
        {
            "reply_id": "UgyptmSDDCMH7XOPjJt4AaABAg",
            "reply_content": "\u81ea\u5df1\u7de8\u7684\u4e5f\u592a\u611f\u4eba"
        },
        {
            "reply_id": "UgwROvSvLiqMbLQp7md4AaABAg",
            "reply_content": "\u6211\u5df2\u7d93\u6f38\u6f38\u7684\u4e0d\u592a\u80fd\u63a5\u53d7\u6c92\u6709\u6574\u5b8c\u4eba\u7247\u5c3e\u7684\u96de\u53eb\u8072\u4e86\ud83d\ude1d"
        },
        {
            "reply_id": "Ugx-DSe86aiat9WVTJF4AaABAg",
            "reply_content": "\u597d\u611f\u4eba"
        },
        {
            "reply_id": "UgxnYTKy4LZmLLn7kUF4AaABAg",
            "reply_content": "\u7b2c\u4e8c"
        },
        {
            "reply_id": "Ugy3WJRxpmdZYmHsxBd4AaABAg",
            "reply_content": "\u7b2c\u4e8c"
        },
        {
            "reply_id": "UgxuwPp1N5fVo-Q3U5N4AaABAg",
            "reply_content": "\u7b2c\u4e8c"
        }
    ]
}