{
    "video_info": {
        "id": "XS0xRWWZYNM",
        "channelTitle": "\u773e\u91cf\u7d1aCROWD",
        "title": "\u9694\u7a7a\u8abf\u60c5 \u5b78\u6703\u4e86\u55ce\uff1f #\u773e\u91cf\u7d1acrowd #\u60c5\u4fb6",
        "description": "",
        "likeCount": "1632568",
        "commentCount": "1762",
        "viewCount": "92656986"
    },
    "comments": [
        {
            "reply_id": "UgzhTEV3AKvsyoh6RGN4AaABAg",
            "reply_content": "\u6211\u559c\u6b61\u5b83"
        },
        {
            "reply_id": "Ugz3GXTXfDjOkEujny14AaABAg",
            "reply_content": "\u7121\u804a\u900f\u9802"
        },
        {
            "reply_id": "UgxUeCq1GY7_rd66fql4AaABAg",
            "reply_content": "\u56fd\u4e0d\u6c11\u5728\u4e3a"
        },
        {
            "reply_id": "UgzlSWMTX7U5L0gBIYN4AaABAg",
            "reply_content": "\u597d\u997f\u4e86\u6765\u54e6"
        },
        {
            "reply_id": "Ugw7XHAsETZnabOfF-94AaABAg",
            "reply_content": "\u8fd8\u53ef\u4ee5\u8fd9\u6837\u8bf6"
        },
        {
            "reply_id": "Ugzm4plQXVbyX9LmQ7h4AaABAg",
            "reply_content": "\u7d50\u8a9e\u64a5\u6253"
        },
        {
            "reply_id": "Ugzy7KHAupjgLRuFPNh4AaABAg",
            "reply_content": "\u9ed8\u5951\u5341\u8db3"
        },
        {
            "reply_id": "UgzItp0x7jYQvCBMkwp4AaABAg",
            "reply_content": "\u4e0d\u6703\u88ab\u9ec3\u6a19\u7684\u5b89\u5168\u4e4b\u543b"
        },
        {
            "reply_id": "UgxXA4K3q0Gvai5KShF4AaABAg",
            "reply_content": "\u9019\u662f\u8ddf\u5de8\u4eba\u55ce"
        },
        {
            "reply_id": "Ugx_XjWnOIhg8_BmiK54AaABAg",
            "reply_content": "\u54c7"
        },
        {
            "reply_id": "UgyoBVbIbSfJOUHqpJJ4AaABAg",
            "reply_content": "\u5c2c"
        },
        {
            "reply_id": "UgwYDDMfcmlNTz954XV4AaABAg",
            "reply_content": "\u4f1f\u5927\u7684"
        },
        {
            "reply_id": "UgzMlZ4YNseyWWwi4X14AaABAg",
            "reply_content": "\u73a9\u7403\u5f88\u5371\u96aa"
        },
        {
            "reply_id": "Ugzzg8E0mtC-R5yTgLh4AaABAg",
            "reply_content": "\u662f\u500b\u5927\u7537\u662f\u500b\u5c0f\u5973"
        },
        {
            "reply_id": "UgwjbbmbddLFiEw34qt4AaABAg",
            "reply_content": "\u54c8\u54c8\u54c8\u554a\u54c8"
        },
        {
            "reply_id": "Ugy7tIocIzIv2-7pffh4AaABAg",
            "reply_content": "\u8981\u5c0f\u5fc3"
        },
        {
            "reply_id": "Ugzg1o6uhoamu0jCYlJ4AaABAg",
            "reply_content": "\u8089\u6f2b\u63d0\u793a"
        },
        {
            "reply_id": "Ugzmv1BQfVN20oRHWPZ4AaABAg",
            "reply_content": "\u6050\u9f99\u54e5\u54e5\u597d\u5e05\u5440\u5982\u679c\u662f\u543b\u5728\u6211\u8138\u4e0a\u90a3\u4e48\u6709\u591a\u5e78\u798f\u554a"
        },
        {
            "reply_id": "Ugy0SCrgSH7SjmmJGoV4AaABAg",
            "reply_content": "\u6050\u9f99\u54e5\u54e5\u597d\u5e05\u5440"
        },
        {
            "reply_id": "UgyUWQUHEUysKEkyTjh4AaABAg",
            "reply_content": "\u539f\u4f86\u5df2\u7d93\u96e2\u9019\u9ebc\u9060\u4e86"
        },
        {
            "reply_id": "UgwzMKFo1ZL2vPxA9b54AaABAg",
            "reply_content": "\u91cd\u9ede\u81ea\u5df1\u9084\u6703\u8b8a\u9ad8"
        },
        {
            "reply_id": "UgyuXhRQOr1M3GLyGRd4AaABAg",
            "reply_content": "\u597d\u6d6a\u6f2b"
        },
        {
            "reply_id": "Ugwviy-BrFPcOJiOER14AaABAg",
            "reply_content": "\u6703\u4e86"
        },
        {
            "reply_id": "UgzPL5hcspAvca850xN4AaABAg",
            "reply_content": "\u5982\u6b64\u865b\u64ec"
        },
        {
            "reply_id": "UgzHdbouaphEsuKhmZ14AaABAg",
            "reply_content": "\u6700\u4f73\u60c5\u4fa3"
        }
    ]
}