{
    "video_info": {
        "id": "YO5tz9Ga5zQ",
        "channelTitle": "\u773e\u91cf\u7d1aCROWD",
        "title": "\u7b11\u721b\uff01\u5973\u53cb\u9996\u6b21\u6311\u6230\u6cf0\u570b\u70b8\u87f2\u5927\u9910 \u76f4\u547c\u300c\u5feb\u6b7b\u6389\u4e86\ud83d\ude02\u300d\u3010\u773e\u91cf\u7d1aCROWD\uff5cVLOG\u751f\u6d3b\u7279\u8f2f\u3011",
        "description": "\u2b50\u52a0\u5165\u6211\u5011\u7684YouTube\u6703\u54e1\uff1ahttps://pse.is/U8GDQ\n\ud83d\udc49\u6703\u54e1\u4ecb\u7d39\u5f71\u7247\uff1ahttps://reurl.cc/rlvEKx\n\n\u27a1\u8a02\u95b1YouTube\u3010\u773e\u91cf\u7d1aCROWD x FUN\u751f\u6d3b-\u7b2c\u4e8c\u983b\u9053\u3011\nhttps://is.gd/4dSkyk \n\u27a1\u8a02\u95b1YouTube\u3010\u5bb6\u5be7+0\u3011\nhttps://is.gd/lcdma4 \n\u27a1\u8a02\u95b1YouTube\u3010Andy\u8001\u5e2b\u3011 \nhttps://is.gd/laVony\n------------------------------------------------------------------------------------\n\u27a1FB\u3010\u773e\u91cf\u7d1aCROWD\u3011\nhttps://www.facebook.com/etman0909/\n\u27a1FB\u3010\u5bb6\u5be7+0\u3011\nhttp://bit.ly/29PljQA\n\u27a1FB\u3010Andy\u8001\u5e2b\u3011\nhttp://bit.ly/29JkGYS\n------------------------------------------------------------------------------------\n\u27a1IG\u3010\u773e\u91cf\u7d1aCROWD\u3011\nhttps://www.instagram.com/crowd520/?hl=zh-tw\n------------------------------------------------------------------------------------\n\u27a1\u7f8e\u62cd\u3010\u4f17\u91cf\u7ea7CROWD\u3011\nhttp://www.meipai.com/user/1048418678\n------------------------------------------------------------------------------------\n\u27a1\u5fae\u535a\u3010\u4f17\u91cf\u7ea7CROWD\u3011\nhttp://www.weibo.com/6067696343/profi...\n\n\u27a1\u8a02\u95b1YouTube\u3010\u773e\u91cf\u7d1aCROWD\u3011\nhttps://is.gd/JgIQw6\n\n\u5de5\u4f5c\u9080\u7d04\u8acb\u6d3d\uff1aqunhaient@gmail.com\n\n#\u70b8\u6606\u87f2K#\u773e\u91cf\u7d1aCROWD#\u60c5\u4fb6#\u6cf0\u570b",
        "likeCount": "2191",
        "commentCount": "104",
        "viewCount": "81755"
    },
    "comments": [
        {
            "reply_id": "Ugx3_i1qWl94UPUeqLt4AaABAg",
            "reply_content": "\u7b11\u5230\u809a\u5b50\u75db"
        },
        {
            "reply_id": "UgzWZYs7SU41pLleHNF4AaABAg",
            "reply_content": "\u9019\u53ef\u80fd\u7cbe\u795e\u6709\u554f\u984c\u8981\u53bb\u770b\u4e00\u4e0b"
        },
        {
            "reply_id": "UgyjMN6wR-n2jCnlWe54AaABAg",
            "reply_content": "\u4e00\u5b9a\u8981\u7d66\u500b\u8d0a"
        },
        {
            "reply_id": "Ugzhrdc_mezL8KSeO0t4AaABAg",
            "reply_content": "\u597d\u597d\u7b11"
        },
        {
            "reply_id": "UgwW5TrLyY_wtcJtrHN4AaABAg",
            "reply_content": "\u54c8\u54c8\u54c8\u54c8\u54c8"
        },
        {
            "reply_id": "UgxyLxqQdsMTh11s9tZ4AaABAg",
            "reply_content": "\u6211\u8a02\u95b1\u4e86\u9019\u90e8\u5f71\u7247"
        },
        {
            "reply_id": "UgzDdRmKpJt77BkUU794AaABAg",
            "reply_content": "\u56e0\u70ba\u6709\u9ede\u591a\u6c41"
        },
        {
            "reply_id": "UgxKykbNBD2Zb9bm_hx4AaABAg",
            "reply_content": "\u9b3c\u77e5\u9053\u6211\u770b\u4e86\u5e7e\u6b21"
        },
        {
            "reply_id": "Ugw1uR8INMo24XcpB9l4AaABAg",
            "reply_content": "\u5feb\u7b11\u6b7b\u6211\u4e86"
        },
        {
            "reply_id": "UgyU8W0ARYraJUaZKbl4AaABAg",
            "reply_content": "\u65c1\u908a\u7684\u53cb\u4eba\u662f\u8ab0\u5440"
        },
        {
            "reply_id": "Ugxfc4cJNM841HkD0Cl4AaABAg",
            "reply_content": "\u600e\u611f\u89ba\u6f14\u7684\u5f88\u8a87\u5f35"
        },
        {
            "reply_id": "UgwCg3TIDIIOHHjb9lt4AaABAg",
            "reply_content": "\u62cd\u7167\u7684\u4eba\u4e5f\u597d\u5e25"
        },
        {
            "reply_id": "UgxkFueGPiuWKqiAcqt4AaABAg",
            "reply_content": "\u6211\u771f\u7684\u8981\u7b11\u6b7b"
        },
        {
            "reply_id": "Ugxlks8E20OSVpTC-KN4AaABAg",
            "reply_content": "\u5bb6\u5b81\u53cd\u5e94\u597d\u53ef\u7231\u54c8\u54c8\u54c8"
        },
        {
            "reply_id": "UgyIpN5qHBZr8SuNnWp4AaABAg",
            "reply_content": "\u597d\u60f3\u770b\u6ca1\u6d88\u97f3\u7684"
        },
        {
            "reply_id": "UgyPnfhWZsY_C1esyXZ4AaABAg",
            "reply_content": "\u760b\u7537\u4ecb\u7d39\u4e00\u4e9b\u597d\u98df\u7684\u87f2\u87f2\u7d66\u5bb6\u5be7\u5427"
        },
        {
            "reply_id": "UgwSN1CDb2Dblt9LhPJ4AaABAg",
            "reply_content": "\u539f\u4f86\u5bb6\u5be7\u4e5f\u559c\u6b61\u8d95\u7f9a\u7f8a"
        },
        {
            "reply_id": "Ugzmu5MRI1VTpHnobSF4AaABAg",
            "reply_content": "\u4e0d\u932f\u770b"
        },
        {
            "reply_id": "UgzE-ScUh8m1zj89fr14AaABAg",
            "reply_content": "\u5bb6\u5be7\u592a\u52c7\u6562\u4e86\u770b\u5230\u6211\u90fd\u8ddf\u8457\u5feb\u5687\u6b7b\u4e86"
        },
        {
            "reply_id": "UgxlOGr4MJhRpdfUhu14AaABAg",
            "reply_content": "\u600e\u9ebc\u53ef\u4ee5\u6015\u5230\u9019\u9ebc\u597d\u7b11"
        },
        {
            "reply_id": "Ugxio4TIEOX4jx5N_4V4AaABAg",
            "reply_content": "\u597d\u53ef\u6015\u5594\u611f\u89ba\u5bb6\u5be7\u771f\u7684\u6015\u5230\u6703\u6b7b\u6389"
        }
    ]
}