{
    "video_info": {
        "id": "Zrel_GnZt1I",
        "channelTitle": "\u773e\u91cf\u7d1aCROWD",
        "title": "\u91cd\u8fd4\u5237\u6cb9\u6f06\u9ad4\u9a57\u201d\u7642\u7652\u7c89\u7d05\u623f\u201d\u518d\u73fe\uff01\uff1f\u9019\u500b\u9a5a\u559c\u8b93\u7537\u53cb\u8d85\u6696\u5fc3\u2764\ufe0f\uff5c\u53f0\u4e2d\u5e87\u8b77\u5de5\u5834\u4e00\u65e5\u9ad4\u9a57\u3010\u773e\u91cf\u7d1aCROWD\uff5cVLOG\u751f\u6d3b\u7279\u8f2f\u3011",
        "description": "\u2b50\u52a0\u5165\u6211\u5011\u7684YouTube\u6703\u54e1\uff1ahttps://pse.is/U8GDQ\n\ud83d\udc49\u6703\u54e1\u4ecb\u7d39\u5f71\u7247\uff1ahttps://reurl.cc/rlvEKx\n\n\u27a1\u8a02\u95b1YouTube\u3010\u773e\u91cf\u7d1aCROWD x FUN\u751f\u6d3b-\u7b2c\u4e8c\u983b\u9053\u3011\nhttps://is.gd/4dSkyk \n\u27a1\u8a02\u95b1YouTube\u3010\u5bb6\u5be7+0\u3011\nhttps://is.gd/lcdma4 \n\u27a1\u8a02\u95b1YouTube\u3010Andy\u8001\u5e2b\u3011 \nhttps://is.gd/laVony\n------------------------------------------------------------------------------------\n\u27a1FB\u3010\u773e\u91cf\u7d1aCROWD\u3011\nhttps://www.facebook.com/etman0909/\n\u27a1FB\u3010\u5bb6\u5be7+0\u3011\nhttp://bit.ly/29PljQA\n\u27a1FB\u3010Andy\u8001\u5e2b\u3011\nhttp://bit.ly/29JkGYS\n------------------------------------------------------------------------------------\n\u27a1IG\u3010\u773e\u91cf\u7d1aCROWD\u3011\nhttps://www.instagram.com/crowd520/?hl=zh-tw\n------------------------------------------------------------------------------------\n\u27a1\u7f8e\u62cd\u3010\u4f17\u91cf\u7ea7CROWD\u3011\nhttp://www.meipai.com/user/1048418678\n------------------------------------------------------------------------------------\n\u27a1\u5fae\u535a\u3010\u4f17\u91cf\u7ea7CROWD\u3011\nhttp://www.weibo.com/6067696343/profi...\n\n\u27a1\u8a02\u95b1YouTube\u3010\u773e\u91cf\u7d1aCROWD\u3011\nhttps://is.gd/JgIQw6\n\n\u5de5\u4f5c\u9080\u7d04\u8acb\u6d3d\uff1aqunhaient@gmail.com\n\n\ud83c\udd7e\ufe0f\u81fa\u4e2d\u5e02\u653f\u5e9c\u52de\u5de5\u5c40\u5ee3\u544a\n\n#\u53f0\u4e2d\u5e87\u8b77\u5de5\u5834#\u773e\u91cf\u7d1aCROWD#\u60c5\u4fb6",
        "likeCount": "3277",
        "commentCount": "48",
        "viewCount": "160384"
    },
    "comments": [
        {
            "reply_id": "UgyA3j-jNuKTnI2TZJV4AaABAg",
            "reply_content": "\u597d\u60f3\u770b\u4f60\u5011\u9ad4\u9a57\u4e00\u65e5\u96fb\u5b50\u696d"
        },
        {
            "reply_id": "UgzAa3oWQlLgUWMfJ5R4AaABAg",
            "reply_content": "\u975e\u5e38\u559c\u6b61\u9019\u985e\u7684\u5f71\u7247"
        },
        {
            "reply_id": "Ugz0lIIim6T5Oc2CUSl4AaABAg",
            "reply_content": "\u80fd\u4e00\u65e5\u4e00\u8d77\u53bb\u5357\u6295\u4e5d\u65cf\u6587\u5316\u6751\u55ce"
        },
        {
            "reply_id": "Ugws764diYU97TtPsC94AaABAg",
            "reply_content": "\u5bb6\u5be7\u8b8a\u6f02\u4eae\u4e86"
        },
        {
            "reply_id": "UgwVM2eaqUctv008noJ4AaABAg",
            "reply_content": "\u4e00\u65e5\u9ad4\u9a57\u62cd\u62cd\u62cd"
        },
        {
            "reply_id": "Ugz4Ihs4UnBWk43sbKV4AaABAg",
            "reply_content": "\u597d\u559c\u6b61\u9019\u90e8\u5f71\u7247\u4e0d\u932f\u597d\u770b"
        },
        {
            "reply_id": "Ugw4e1m_CBqUk02iFGl4AaABAg",
            "reply_content": "\u6211\u662f\u8eab\u5fc3\u969c\u7919\u8005\u4f46\u6211\u6c92\u53bb\u904e\u90a3\u88e1"
        },
        {
            "reply_id": "UgzQPVuE4AENoJ_0XEl4AaABAg",
            "reply_content": "\u5bb6\u5be7\u7684\u8072\u97f3\u6709\u9ede\u50cf\u5f35\u67cf\u829d"
        },
        {
            "reply_id": "UgzPHkDdwonhka9_psN4AaABAg",
            "reply_content": "\u4e00\u65e5\u559c\u61a8\u5152"
        },
        {
            "reply_id": "UgxlXlx2LjafzrmTI0p4AaABAg",
            "reply_content": "\u6211\u662f\u8eab\u5fc3\u969c\u7919\u8005"
        },
        {
            "reply_id": "Ugx4fcJF66BapAqK1K14AaABAg",
            "reply_content": "\u597d\u68d2\u5594"
        },
        {
            "reply_id": "UgzipNu9hCdEtaxYd2h4AaABAg",
            "reply_content": "\u7c3d"
        },
        {
            "reply_id": "UgwvX2SBgkdeLYhIyPV4AaABAg",
            "reply_content": "\u982d\u9999"
        }
    ]
}