{
    "video_info": {
        "id": "zwot0avioqY",
        "channelTitle": "\u773e\u91cf\u7d1aCROWD",
        "title": "\u9019\u662f\u6bcf\u5929\u6536\u79ae\u7269\u7684\u597d\u65b9\u6cd5\ud83e\udee8#\u773e\u91cf\u7d1acrowd #\ud83c\udf81",
        "description": "",
        "likeCount": "2557",
        "commentCount": "34",
        "viewCount": "58313"
    },
    "comments": [
        {
            "reply_id": "UgxvSjiWRPfWLhPcf4x4AaABAg",
            "reply_content": "\u9760\u80cc\u592a\u6d6e\u8a87"
        },
        {
            "reply_id": "UgwX1iCXEPYgBaFtQ8J4AaABAg",
            "reply_content": "\u6709\u75c5"
        },
        {
            "reply_id": "UgzGc94ekWpmpaiKZrR4AaABAg",
            "reply_content": "\u9019\u62db\u597d\u68d2\u554a"
        },
        {
            "reply_id": "UgxRWA4swKpC7eEgrGB4AaABAg",
            "reply_content": "\u8ddf\u8c46\u8c46\u5148\u751f\u904e\u8056\u8a95\u7bc0\u4e00\u6a23"
        }
    ]
}