{
    "channel": {
        "title": "\u597d\u68d2Bump",
        "id": "UC7XxnhjdYjiQJ3m80K_N_4g",
        "customUrl": "@bumpbro",
        "uploads": "UU7XxnhjdYjiQJ3m80K_N_4g"
    },
    "videos": [
        {
            "id": "91s-D0qkeaE",
            "title": "\u6211\u7ffb\u8eca\u4e86... \u6211\u5c0d\u4e0d\u8d77\u5927\u5bb6\uff01\u3010\u597d\u68d2Bump\u3011"
        },
        {
            "id": "14BCR2gQDOA",
            "title": "\u6293\u5230\u5e63\u5708\u7db2\u7d05\u641e\u8a50\u9a19\uff01\u9a19\u7c3d\u5047\u5408\u7d04\u9818\u8d70\u7528\u6236500\u842c\uff01\u3010\u597d\u68d2Bump\u3011"
        },
        {
            "id": "qu5nsXLPUDU",
            "title": "\u53f0\u7063\u70ba\u4f55\u9084\u6709\u67ec\u57d4\u5be8\u4e8b\u4ef6\uff1f\u627e\u5de5\u4f5c\u70ba\u4f55\u53c8\u6703\u88ab\u96c6\u5718\u63a7\u5236\uff01\uff1f\u3010\u597d\u68d2Bump\u3011"
        },
        {
            "id": "X9Yocc0tK2g",
            "title": "\u53ea\u8981\u8fa6\u5e33\u865f\u5c31\u9001300\u842c\u73fe\u91d1\uff01\uff1f\u865f\u53ec\u4e0a\u5343\u4eba\u6d17\u7206\u77e5\u540d\u4ea4\u6613\u6240\uff01\u3010\u597d\u68d2Bump\u3011"
        },
        {
            "id": "3xcQsxpMM2o",
            "title": "\u6211\u628a40\u5e74\u8001\u5c4b\u5927\u6539\u9020\u2026 \u8b8a\u6210\u667a\u80fd\u79d1\u6280\u623f\uff01 \u79df\u51fa\u53bb\u80fd\u8cfa\u591a\u5c11\u9322\uff1f\u3010\u597d\u68d2Bump\u3011"
        },
        {
            "id": "bUtz6EcuUe0",
            "title": "\u624b\u6a5f\u88ab\u5077\u4e86\uff01\u7528\u885b\u661f\u5b9a\u4f4d\u5831\u8b66\u6293\u8cca\u2026. \u80fd\u627e\u56de\u4f86\u55ce\uff1f\u3010\u597d\u68d2Bump\u3011"
        },
        {
            "id": "9VwpcHygMKk",
            "title": "\u7dda\u4e0a\u8ced\u5834\u7adf\u8f38\u4e86\u900010%\uff1f\u7528\u9019\u500b\u6f0f\u6d1e\u6d17\u5e63100\u842c\u80fd\u8cfa\u9322\u55ce\uff1f\u3010\u597d\u68d2Bump\u3011"
        },
        {
            "id": "ehB9m_7N8ds",
            "title": "\u5168\u90e8\u6e05\u53f0\uff01\u9019\u7a2e\u593eiPhone \u7684\u5a03\u5a03\u6a5f\u2026 \u5230\u5e95\u662f\u4e0d\u662f\u9a19\u4eba\u7684\uff1f\uff01\u3010\u597d\u68d2Bump\u3011"
        },
        {
            "id": "MXg2uZuAmj8",
            "title": "\u9019\u5c31\u662f\u6bba\u8c6c\u76e4\uff01\u4f60\u4ee5\u70ba\u7684\u6200\u60c5\u2026 \u537b\u53ea\u662f\u96c6\u5718\u8a2d\u5c406\u500b\u6708\u7684\u9a19\u9322\u624b\u6bb5\uff01\u3010\u597d\u68d2Bump\u3011\u3010\u8a50\u9a19\u89e3\u78bc\u3011"
        },
        {
            "id": "hhHvB4xmeUo",
            "title": "3\u5e74\u4e86\uff0c\u6211\u7d42\u65bc\u80fd\u597d\u597d\u9084\u4f60\u9019\u4e00\u4efd\u60c5\u3002\u3010\u597d\u68d2Bump\u3011"
        },
        {
            "id": "2MX89FwPDts",
            "title": "\u6211\u5011\u5728\u7f8e\u570b\u8ced\u5834\u88ab\u6436\u4e861000\u842c\uff01\u5c31\u7b97\u8d0f\u9322\u4e5f\u6839\u672c\u5e36\u4e0d\u8d70\u2026.\u3010\u597d\u68d2Bump\u3011"
        },
        {
            "id": "g3d3JKvDHgA",
            "title": "\u6211\u7834\u89e3\u4e86\u591c\u5e02\u5f48\u73e0\u53f0\uff01\u53ea\u82b1100\u5143\u5c31\u6253\u51fa4\u842c\u584a\u7684\u5a03\u5a03\uff01\u3010\u597d\u68d2Bump\u3011"
        },
        {
            "id": "cGA2_pB0MCI",
            "title": "\u7adf\u6709\u8ced\u5834\u958b\u4f86\u8b93\u73a9\u5bb6\u8d0f\u9322\uff1f\u6211\u628a\u904e\u5e74\u7d05\u5305\u5168\u58d3\u62fc\u4e00\u628a\uff01\u3010\u597d\u68d2Bump\u3011"
        },
        {
            "id": "SJXEY8Kf0Xo",
            "title": "\u6211\u88ab\u4eba\u7528\u6551\u63f4\u540d\u7fa9\u9a19\u8d70200\u842c\uff01\u7d93\u8abf\u67e5\u767c\u73fe\u53d7\u5bb3\u8005\u5df2\u7834\u767e\u4eba\u2026. \u8acb\u5927\u5bb6\u5c0f\u5fc3\u5225\u4e0a\u7576\uff01\u3010\u597d\u68d2Bump\u3011"
        },
        {
            "id": "wRJD1F2rH1g",
            "title": "\u8cb8\u6b3e\u501f\u9322\u7adf\u88ab\u8a50\u9a19\u4e0a\u767e\u842c\uff01\u8b93\u4f60\u7c3d\u4e0b\u4e0d\u5e73\u7b49\u689d\u7d04\u53ca\u672c\u7968\uff01\u8840\u6d17\u5e74\u8f15\u4eba\u4e00\u8f29\u5b50\u2026. \u3010\u597d\u68d2Bump\u3011\u3010\u8a50\u9a19\u89e3\u78bc\u3011"
        },
        {
            "id": "yKAnhCSC4rQ",
            "title": "\u6211\u53bb\u5831\u5ee2\u5834\u6536\u96f6\u4ef6\uff01\u53ea\u75285\u842c\u5c31\u7d44\u51fa\u4e00\u53f0\u6c2e\u6c23\u5674\u5c04\u8eca\uff01\u3010\u597d\u68d2Bump\u3011"
        },
        {
            "id": "7QW7iB3IQzA",
            "title": "\u6211\u7528\u6578\u5b78\u628a\u201d\u767e\u5bb6\u6a02\u201d\u7834\u89e3\u4e86\uff01\u9760\u5718\u968a\u91cf\u5316\u5927\u8d0f150\u842c\uff01\u3010\u597d\u68d2Bump\u3011\u3010\u512a\u52e2\u73a9\u5bb6\u3011"
        },
        {
            "id": "W9jT2N2auCY",
            "title": "\u6176\u795d\u767e\u842c\u8a02\u95b1\u642c\u65b0\u5bb6\uff01\u628a\u73cd\u5947\u6536\u85cf\u5168\u62ff\u51fa\u4f86\u62cd\u8ce3\uff01\u3010\u597d\u68d2Bump\u3011\u3010\u62cd\u8ce3\u934a\u91d1\u8853\u3011"
        },
        {
            "id": "OTnchXhRqRA",
            "title": "\u7dec\u7538\u6551\u63f4\uff01\u4e0a\u767e\u4f4d\u500b\u6848\u537b\u53ea\u6551\u56de13\u4eba\u2026 \u8a50\u9a19\u5712\u5340\u6536\u9322\u537b\u6495\u7968\uff01 \u3010\u597d\u68d2Bump\u3011\u3010\u67ec\u57d4\u5be8\u5f8c\u7e8c\u3011"
        },
        {
            "id": "zAiWcK3KKg0",
            "title": "\u5976\u5976\u7684\u73cd\u73e0\u7adf\u50f9\u503c200\u842c\uff01\u62ff\u53bb\u73e0\u5bf6\u9451\u9a57\u771f\u5047\uff1f\uff01\u3010\u597d\u68d2Bump\u3011\u3010\u907a\u7269\u934a\u91d1\u8853\u3011"
        },
        {
            "id": "ee2i1JV29lQ",
            "title": "\u6211\u4f86\u5230\u4e86\u8ced\u795e\u5f35\u7d04\u7ff0\u5bb6\uff01\u60f3\u5728\u8ced\u5834\u8d0f\u9322\u4e0d\u80fd\u932f\u904e\u7684\u4e00\u96c6\uff01\u3010\u597d\u68d2Bump\u3011\u3010\u512a\u52e2\u73a9\u5bb6\u3011"
        },
        {
            "id": "deaAMT211_Q",
            "title": "\u6211\u7528\u6578\u5b78\u516c\u5f0f\u7834\u89e3\u8ced\u5834\uff01\u73a921\u9ede\u7b97\u724c... \u8d0f\u8d70300\u842c\uff01\u3010\u597d\u68d2Bump\u3011\u3010\u512a\u52e2\u73a9\u5bb6\u3011"
        },
        {
            "id": "1lyvxqmNRv4",
            "title": "\u88ab\u8cbc\u4e0a\u6557\u58de\u793e\u6703\u6a19\u7c64\u5f8c\uff01\u70ba\u4e86\u7d66\u4f60\u5011\u4e00\u500b\u7acb\u5834\uff01\u6211\u5df2\u4ed8\u51fa\u4e00\u5207\u2026\u3010\u597d\u68d2Bump\u3011"
        },
        {
            "id": "bCT5C3BT1Ms",
            "title": "\u4f86\uff01\u53d7\u56f0\u8b49\u4eba\u4f86\u8b1b\u771f\u76f8\u4e86\uff01\u5916\u4ea4\u90e8\u8acb\u51fa\u4f86\u89e3\u91cb\uff01\u3010\u597d\u68d2Bump\u3011"
        },
        {
            "id": "lSKd3yyhzw0",
            "title": "\u89aa\u81ea\u98db\u5230\u67ec\u57d4\u5be8\u6551\u4eba\uff01\u537b\u88ab\u7576\u5730\u8b66\u5bdf\u51fa\u8ce3\u2026 \u8ddf\u53d7\u5bb3\u8005\u4e00\u8d77\u9003\u56de\u53f0\u7063\uff01\u3010\u597d\u68d2Bump\u3011\u3010\u8a50\u9a19\u89e3\u78bc\u5f8c\u7e8c\u3011"
        },
        {
            "id": "ie5a5YWU7cg",
            "title": "\u2018\u2019\u8ffd\u56de\u88ab\u9a19\u7684\u9322\u2018\u2019 \u5168\u662f\u8a50\u9a19\uff01\u6211\u89aa\u81ea\u82b112\u842c\u88ab\u9a19\u7d66\u4f60\u5011\u770b\uff01\u3010\u597d\u68d2Bump\u3011\u3010\u8a50\u9a19\u89e3\u78bc\u3011"
        },
        {
            "id": "EongC9Lxk0E",
            "title": "\u6211\u505a\u570b\u969b\u6551\u63f4\u537b\u88ab\u62b9\u9ed1\uff01\u600e\u6a23\uff1f\u4f60\u5916\u4ea4\u90e8\u662f\u6c92\u4eba\u7ba1\u4e86\u662f\u4e0d\u662f\uff1f\u3010\u597d\u68d2Bump\u3011"
        },
        {
            "id": "y5ki6Dvnhbk",
            "title": "\u5728\u6211\u5c0f\u7684\u6642\u5019\uff0c\u5abd\u5abd\u62cb\u68c4\u4e86\u6211\uff0c\u800c\u4eca\u5929\u6211\u6b63\u5f0f\u539f\u8ad2\u4e86\u5979\u3002\u3010\u597d\u68d2Bump\u3011"
        },
        {
            "id": "HFxiXMRBM-o",
            "title": "\u6536\u8cfc20\u516c\u65a4\u7684\u96fb\u8def\u677f\uff01\u7adf\u771f\u7684\u80fd\u6d17\u51fa\u9ec3\u91d1\uff01\uff1f\u3010\u597d\u68d2Bump\u3011\u3010\u771f\u6b63\u7684\u934a\u91d1\u8853\u3011"
        },
        {
            "id": "HVJoD1O11AY",
            "title": "\u627e\u4e00\u7fa489\u5f1f\u5144\u8a2d\u5c40\u4ed9\u4eba\u8df3\uff01\u60e1\u6574\u611b\u4e82\u7d04\u8dd1\u7684\u670b\u53cb\uff01\u3010\u597d\u68d2Bump\u3011"
        },
        {
            "id": "8s2Ri2nGlZs",
            "title": "\u77e5\u540d\u7db2\u7d05\u7528NFT\u9a19\u7c89\u7d72\u7684\u9322\uff01\u4e8b\u5f8c\u4e00\u53e5\u300c\u6211\u4e5f\u53d7\u50b7\u5f88\u91cd\u300d\u5c31\u60f3\u514d\u8cac\uff01\uff1f\u5641\u5fc3\u81f3\u6975\u3010\u597d\u68d2Bump\u3011"
        },
        {
            "id": "PyF7qlayEfw",
            "title": "\u7537\u751f\u8acb\u5c0f\u5fc3\uff01Gash\u9ede\u6578\u3001\u8996\u8a0a\u88f8\u804a\u3001\u7db2\u7f8e\u7d04\u611b\uff01\u901a\u901a\u662f\u6050\u5687\u578b\u8a50\u9a19\uff01\u3010\u597d\u68d2Bump\u3011\u3010\u8a50\u9a19\u89e3\u78bc\u3011"
        },
        {
            "id": "Z5AhgQPQz9M",
            "title": "\u4eba\u90fd\u88ab\u7d81\u67b6\u4e86\u2026 \u653f\u5e9c\u5b98\u54e1\u7adf\u9084\u6f20\u8996\u4e0d\u7406\u3001\u7f54\u9867\u4eba\u547d\uff01\uff1f\u3010\u597d\u68d2Bump\u3011\u3010\u8a50\u9a19\u89e3\u78bc\u3011"
        },
        {
            "id": "Lc354oq9Z1U",
            "title": "\u9019\u7b28\u9ce5\u2026 \u6559\u4e86\u534a\u5e74\u9084\u4e0d\u6703\u8aaa\u8a71\uff01\u7d66\u6211\u81ea\u5df1\u51fa\u53bb\u8cfa\u98fc\u6599\u8cbb\uff01\u3010\u597d\u68d2Bump\u3011\u3010\u9e1a\u9d61\u934a\u91d1\u8853\u3011"
        },
        {
            "id": "opTOE66v-C0",
            "title": "\u5b78\u751f\u88ab\u8a50\u9a19\u96c6\u5718\u6050\u5687\uff01\u6559\u80b2\u5c40\u9577\u7adf\u70ba\u4e86\u9019\u539f\u56e0\u6f20\u8996\u4e0d\u7406\u2026..\uff1f\u3010\u597d\u68d2Bump\u3011"
        },
        {
            "id": "WISBeHVTnsQ",
            "title": "\u6211\u73a9NFT\u904a\u6232\u8eba\u8cfa40\u5929\uff01\u9760\u9019\u62db\u624d\u80fd\u771f\u7684\u8cfa\u5230\u9322\uff1f\uff01\u5927\u5bb6\u5343\u842c\u5225\u5617\u8a66\uff01\u3010\u597d\u68d2Bump\u3011\u3010NFT\u904a\u6232\u934a\u91d1\u8853\u3011"
        },
        {
            "id": "y-QvxGjreKQ",
            "title": "\u5931\u6563\u591a\u5e74\u7684\u59b9\u59b9\u7adf\u662f\u76f4\u64ad\u4e3b\uff1f\u5047\u88dd\u964c\u751f\u4eba\u7206\u523720\u842c\uff01\u518d\u7d04\u5979\u51fa\u4f86\u78b0\u9762\u76f8\u8a8d\u3010\u597d\u68d2Bump\u3011"
        },
        {
            "id": "AcEWzxtjwNI",
            "title": "\u865f\u53ec\u842c\u4eba\u8a3b\u518a\u63db\u73fe\u91d1\uff01\u638f\u7a7a\u7db2\u7ad9139\u842c\uff01\u641e\u5230\u4ed6\u5011\u5012\u70ba\u6b62\u2026\uff01\u3010\u597d\u68d2Bump\u3011\u3010\u638f\u7a7a\u934a\u91d1\u8853\u3011 @vinson58"
        },
        {
            "id": "qgcr0mMYwpM",
            "title": "\u9ed1\u7db2\u5a1b\u6a02\u57ce\uff01\u7528\u9ad8\u984d\u7372\u5229\u9a19\u4f60\u6295\u8cc7\uff01\u7adf\u9084\u6709\u7db2\u7d05\u5e6b\u5fd9\u5ba3\u50b3\uff01\uff1f\u3010\u597d\u68d2Bump\u3011\u3010\u8a50\u9a19\u89e3\u78bc\u3011"
        },
        {
            "id": "lI_orBKz6nA",
            "title": "\u5168\u9762\u8abf\u67e5\u60e1\u8cea\u7db2\u7f8e\u7684\u6027\u4ea4\u6613\u904e\u7a0b\uff01\u4e0d\u8981\u518d\u62b9\u9ed1\u6211\u7092\u65b0\u805e\u4e86\uff01\u3010\u597d\u68d2Bump\u3011"
        },
        {
            "id": "kNaPRiB0enU",
            "title": "\u51fa\u79df\u63d0\u6b3e\u5361\u88ab\u8edf\u798114\u5929\uff01\u5927\u5b78\u751f\u83ab\u540d\u80cc\u4e0b1000\u842c\u8ca0\u50b5\u2026 \u6210\u4e86\u8a50\u9a19\u5171\u72af\uff01\u3010\u597d\u68d2Bump\u3011\u3010\u8a50\u9a19\u89e3\u78bc\u3011"
        },
        {
            "id": "zF9qe5IYDH8",
            "title": "\u5728104\u627e\u5de5\u4f5c\u537b\u88ab\u4ef2\u4ecb\u8ce3\u5230\u675c\u62dc\uff01\u88ab\u8feb\u6210\u70ba\u8a50\u9a19\u96c6\u5718\u5e6b\u5147\uff01\u3010\u597d\u68d2Bump\u3011\u3010\u8a50\u9a19\u89e3\u78bc\u3011"
        },
        {
            "id": "4mDDqJ6TflY",
            "title": "YT\u6295\u8cc7\u5ee3\u544a\u5168\u662f\u8a50\u9a19\uff01\u6211\u89aa\u81ea\u88ab\u9a1916\u842c\u7d66\u4f60\u5011\u770b\uff01\u3010\u597d\u68d2Bump\u3011\u3010\u8a50\u9a19\u89e3\u78bc\u3011"
        },
        {
            "id": "gXq1WdS6vSk",
            "title": "\u5929\u54ea\u2026 \u6211\u8acb\u5230\u4e00\u500b\u64cd\u6797\u5446\u5973\u52a9\u7406\u2026\u300c\u3122\u3124\u300d\u300c\u310b\u310c\u300d\u90fd\u5206\u4e0d\u6e05\u695a\u2026.\u3010\u597d\u68d2Bump\u3011"
        },
        {
            "id": "CCvT2M6Rz0c",
            "title": "\u5305\u990a\u594e\u4e011\u5929\u8981\u82b1\u591a\u5c11\u9322\uff1f\u9019\u771f\u7684\u662f\u6703\u7834\u7522\u2026. \u3010\u597d\u68d2Bump\u3011 @zamy_ding"
        },
        {
            "id": "EGT-qdf6jxg",
            "title": "\u5168\u7a0b\u5077\u62cd\uff01\u4e0a\u5305\u990a\u7db2\u7d04\u7db2\u7f8e\u51fa\u4f86\uff01\u7a81\u7136\u585e\u9322\u7d66\u5979\uff0c\u5979\u6703\u62ff\u53bb\u5e6b\u52a9\u5225\u4eba\u55ce\uff1f\u3010\u597d\u68d2Bump\u3011"
        },
        {
            "id": "yx8NFW3pzrk",
            "title": "\u6709\u59b9\u624d\u6709\u6d41\u91cf\uff1f\u5be6\u6e2c\u8ce4\u8446\u544a\u8a34\u6211\u7684\u767e\u842c\u7955\u8a23\uff01\u3010\u597d\u68d2Bump\u3011"
        },
        {
            "id": "OBv9Obcw3T4",
            "title": "\u7528\u9748\u9b42\u4ea4\u63db\u5c0d\u9177\u70ab\u8a2d\u5c40\uff01\u5148\u73a9\u4ed6\u99ac\u5b50\uff01\u518d\u638f\u7a7a\u4ed6\u516c\u53f8\uff01\u3010\u597d\u68d2Bump\u3011@WACKYBOYS520"
        },
        {
            "id": "gKfy3YdjRxc",
            "title": "\u5f71\u7247\u8d8a\u51fa\u8d8a\u6162\uff1f\u662f\u5426\u4e0d\u62cd\u7247\u4e86\uff1f\u8b1d\u8b1d\u5927\u5bb6\u652f\u6301\u6211\u5230\u73fe\u5728\uff01\u3010\u597d\u68d2Bump\u3011"
        },
        {
            "id": "lEWMMMhzBOQ",
            "title": "\u51b7\u8840\u7121\u60c5\u6642\u7684\u934a\u91d1\u8853\uff01\u628a\u54e1\u5de5\u9ad8\u50f9\u8ce3\u6389\uff01\u3010\u597d\u68d2Bump\u3011"
        },
        {
            "id": "Sn66u9DXUnI",
            "title": "\u54c1\u5fb7\u6975\u5dee\uff01\u5077\u62cd\u7db2\u7d05\u79c1\u4e0b\u751f\u6d3b\u7d66\u5927\u5bb6\u770b\u2026.\uff01\u3010\u597d\u68d2Bump\u3011"
        },
        {
            "id": "klDpsePovm0",
            "title": "\u53d7\u5920\u4e86\uff01\u590f\u5929\u4e00\u76f4\u88ab\u87d1\u8782\u5687\u5230\u2026 \u57f9\u990a\u751f\u5316\u6b66\u5668\u5c55\u958b\u53cd\u64ca\uff01\u3010\u597d\u68d2Bump\u3011"
        },
        {
            "id": "9F8V7TB5wCw",
            "title": "\u6293\u8708\u86a3\u6642\u7684\u934a\u91d1\u8853\uff01\u5c45\u7136\u53ef\u8cfa\u4e0a\u767e\u842c\uff01\uff1f\u3010\u597d\u68d2Bump\u3011"
        },
        {
            "id": "v_Temz-t2nk",
            "title": "\u75ab\u60c5\u5c0e\u81f4\u6574\u5ea7\u5c71\u7684\u8292\u679c\u6eef\u92b7\u4e86\uff01\uff1f\u6211\u4f86\u5e6b\u5fd9\u8ce3\uff01\u3010\u597d\u68d2Bump\u3011@dokatv223"
        },
        {
            "id": "nNsUdWldJX4",
            "title": "\u63d0\u544a\u5f8c\u7e8c\uff01\u9178\u6c11\u8dd1\u4f86\u6c42\u6211\u548c\u89e3\uff1f\u7d04\u4f86\u5bb6\u88e1\u5c0d\u8cea\uff01\u3010\u597d\u68d2Bump\u3011"
        },
        {
            "id": "8kQjwJzgAXw",
            "title": "\u6211\u8cb7\u4e863\u842c\u5143\u7684\u65b0\u51a0\u5feb\u7be9\u8a66\u5291\uff01\u6e2c\u5230\u4e2d\u70ba\u6b62....\uff1f\u3010\u597d\u68d2Bump\u3011"
        },
        {
            "id": "RTuUYe--Kvg",
            "title": "\u638f\u7a7a\u62bd\u734e\u7db2\u7ad9\uff01\u7528BUG\u6d17\u4e8632\u842c\u51fa\u4f86\uff01\u3010\u597d\u68d2Bump\u3011\u3010BUG\u934a\u91d1\u8853\u3011"
        },
        {
            "id": "AgXrJssxonw",
            "title": "\u6aa2\u8209\u90a3\u4e9b\u4e0d\u6234\u53e3\u7f69\u7684\u81ea\u79c1\u9b3c\uff01\u7f70\u5230\u4ed6\u5011\u7834\u7522\u70ba\u6b62\uff01\u3010\u597d\u68d2Bump\u3011"
        },
        {
            "id": "5bg1-Fxsyv8",
            "title": "\u6211\u8acb\u4e86\u4e00\u500b\u4fdd\u6bcd\uff01\u9632\u75ab\u5728\u5bb6\u7576\u5927\u723a\uff01\u3010\u597d\u68d2Bump\u3011"
        },
        {
            "id": "SMFjtFbiCFY",
            "title": "\u7528YT\u5feb\u901f\u8cfa\u9032\u767e\u842c\uff01\u516c\u958b\u79d8\u8a23\uff01\u3010\u597d\u68d2Bump\u3011\u3010\u983b\u9053\u934a\u91d1\u8853\u3011"
        },
        {
            "id": "Mnd0ygYPmrw",
            "title": "\u6211\u8ddf\u8def\u4eba\u8981\u4e86\u4e09\u5343\u5f35\u767c\u7968\u4f86\u514c\u734e\uff01\u6574\u500b\u514c\u5230\u624b\u6b98....\u3010\u597d\u68d2Bump\u3011\u3010\u767c\u7968\u934a\u91d1\u8853\u3011"
        },
        {
            "id": "ILoPu0MDzQ4",
            "title": "\u8b1d\u8b1d\u5927\u5bb6\uff01\u4e0a\u5343\u4eba\u585e\u7206\u591c\u5e02\uff01\u9999\u8178\u65241\u5929\u6de8\u8cfa\u6578\u842c\u5143\uff01\u3010\u597d\u68d2Bump\u3011"
        },
        {
            "id": "Xv1AK1NdNmI",
            "title": "\u5e6b\u591c\u5e02\u963f\u4f2f\u8ce3\u9999\u8178\u9084\u4e00\u4efd\u60c5\uff01\u7576\u521d\u662f\u4f60\u9f13\u52f5\u6211\uff0c\u73fe\u5728\u63db\u6211\u56de\u4f86\u5e6b\u4f60\uff01\u3010\u597d\u68d2Bump\u3011"
        },
        {
            "id": "u8Y6QTrk6Ek",
            "title": "\u6293\u87f2\u5375\u6642\u7684\u934a\u91d1\u8853\uff01\u807d\u8aaa1\u5929\u80fd\u8cfa2\u842c\u5143\uff01\uff1f\u3010\u597d\u68d2Bump\u3011"
        },
        {
            "id": "PCUN0htj_SQ",
            "title": "\u6211\u624b\u6a5f\u9001\u4fee\u7adf\u88ab\u5077\u958b\u76f8\u7c3f\u8cc7\u6599\uff01\uff1f\u76f4\u885d\u5e97\u5bb6\u7576\u9762\u5c0d\u8cea\uff01\u3010\u597d\u68d2Bump\u3011"
        },
        {
            "id": "x7zqPw6LJrw",
            "title": "\u7528\u4ea4\u53cb\u8edf\u9ad4\u627e\u5305\u990a\uff01\u7adf\u7136\u771f\u7684\u6709\u963f\u59e8\u7d04\u6211\u51fa\u53bb\u8a66\u8a66....\uff1f\u3010\u597d\u68d2Bump\u3011\u3010\u5305\u990a\u934a\u91d1\u8853\u3011"
        },
        {
            "id": "R-OpmOeb5ng",
            "title": "\u9084\u5e36\u98a8\u5411\uff1f\u5973\u4eba\u8ff7\u4f60\u5230\u5e95\u5920\u4e86\u6c92\uff1f\u3010\u597d\u68d2Bump\u3011"
        },
        {
            "id": "pjdXm5qUIRQ",
            "title": "\u7576\u6b63\u59b9\u4f4f\u6211\u5bb6\u4e00\u665a\u6642\u7684\u934a\u91d1\u8853\uff01\u3010\u597d\u68d2Bump\u3011"
        },
        {
            "id": "Jl81lIySG7M",
            "title": "\u7576SWAG\u5230\u5bb6\u88e1\u62cd\u7247\u6642\u7684\u934a\u91d1\u8853\uff01\u4e00\u5929\u5c31\u80fd\u8cfa5\u842c\uff01\u3010\u597d\u68d2Bump\u3011"
        },
        {
            "id": "epGDq7PkEEY",
            "title": "\u7576\u4f60\u904e\u5e74\u73a9\u522e\u522e\u6a02\u6642\u7684\u934a\u91d1\u8853\uff01\u3010\u597d\u68d2Bump\u3011"
        },
        {
            "id": "GOz9M02MlC4",
            "title": "\u9053\u6b49\u8072\u660e"
        },
        {
            "id": "Qbqd73Mkm8o",
            "title": "\u7576\u5929\u7afa\u9f20\u8eca\u8eca\u83ab\u540d\u7206\u7d05\u6642\u7684\u934a\u91d1\u8853\uff01\u3010\u597d\u68d2Bump\u3011"
        },
        {
            "id": "2Pqw2VdLTpM",
            "title": "\u6211\u900f\u904e\u901a\u9748\u4eba\u8207\u904e\u4e165\u5e74\u7684\u8001\u7238\u5c0d\u8a71.... \u6700\u5f8c\u7684\u9053\u5225\u3002\u3010\u597d\u68d2Bump\u3011"
        },
        {
            "id": "yyFKlrpP4N0",
            "title": "\u6700\u8fd1\u7761\u5f97\u4e0d\u592a\u597d... \u8d81\u6a5f\u7d04\u5973\u751f\u56de\u5bb6\u966a\u7761\uff01  \u3010\u597d\u68d2Bump\u3011"
        },
        {
            "id": "h1vHXfijZ08",
            "title": "\u5929\u54ea... \u6211\u8acb\u4e86\u4e00\u7fa4\u4f4e\u667a\u5546\u7247\u5e2b... \u300c\u7684\u5f97\u300d\u300c\u5728\u518d\u300d\u90fd\u5206\u4e0d\u6e05\u695a....\u3010\u597d\u68d2Bump\u3011"
        },
        {
            "id": "SsF2J7PEwMw",
            "title": "\u6211\u7576\u8a50\u9a19\u96c6\u5718\u767c\u696d\u914d\u7d66\u7db2\u7d05\uff011\u5929\u7adf200\u4eba\u4e0a\u7576\uff01\uff1f\u3010\u597d\u68d2Bump\u3011\u3010\u8a50\u9a19\u934a\u91d1\u8853\u3011  @zamy_ding"
        },
        {
            "id": "Q12vSYo-zBg",
            "title": "\u7576\u6211\u9047\u5230\u535a\u5f08\u8a50\u9a19\u6642\u7684\u934a\u91d1\u8853\uff0110\u5206\u9418\u8cfa5\u842c\uff01\u3010\u597d\u68d2Bump\u3011@\u86cb\u5854 EGGTA"
        },
        {
            "id": "XSHWYBAq8qw",
            "title": "\u76f4\u64ad\u8a50\u9a19\uff01\u5047\u611f\u60c5\u771f\u52d2\u7d22110\u842c\uff01\u5f9e\u982d\u5230\u5c3e\u7adf\u53ea\u662f\u5c0f\u7de8\u5728\u966a\u4f60\u804a\u5929\uff01\u3010\u597d\u68d2Bump\u3011"
        },
        {
            "id": "VzghW9G1_Yc",
            "title": "\u56de\u55c6\u9178\u6c11\uff01\u4e82\u5e36\u98a8\u5411\u62b9\u9ed1\u88ab\u6211\u6293\u5305\uff01\u4f60\u5011\u624b\u6bb5\u62dc\u8a17\u9ad8\u660e\u4e00\u9ede\uff01\u3010\u597d\u68d2Bump\u3011"
        },
        {
            "id": "s1GbXKbvOxM",
            "title": "\u6211\u79df\u5230\u4e00\u9593\u8d85\u721b\u7684\u65b0\u5bb6\uff01\u4f60\u662f\u8a2d\u8a08\u623f\u5b50\u9084\u662f\u8a2d\u8a08\u6211....\uff1f\u3010\u597d\u68d2Bump\u3011"
        },
        {
            "id": "4vx454_tq24",
            "title": "\u8e22\u7206\uff01\u96fb\u4fe1\u7e8c\u7d04\u5077\u52a0\u5f71\u97f3\u670d\u52d9\uff01\uff1f\u9580\u5e02\u8cb7IPhone\u9084\u88ab\u4e82\u52a0\u50f9\uff01\uff1f\u3010\u597d\u68d2Bump\u3011\u3010\u9000\u6b3e\u934a\u91d1\u8853\u3011"
        },
        {
            "id": "i5-oRqewonE",
            "title": "\u983b\u9053\u62c6\u5925\uff01\u7015\u81e8\u7834\u7522\uff01\u7f79\u60a3\u6182\u9b31\u75c7\uff01\u516c\u958b\u90a3\u4e9b\u87a2\u5e55\u80cc\u5f8c\u7684\u771f\u76f8\u3010\u597d\u68d2Bump\u3011"
        },
        {
            "id": "ex6ksouYDlo",
            "title": "\u6211\u7684\u8c93\u8d70\u4e1f\u4e86\uff01\u5728\u82b1\u5712\u8a2d\u7f6e\u6355\u6293\u9677\u9631\uff01\u7adf\u6293\u5230\u4e00\u5806\u5947\u602a\u751f\u7269\uff01\u3010\u597d\u68d2Bump\u3011"
        },
        {
            "id": "-o3npv7UE6s",
            "title": "\u6211\u7684\u67f4\u72ac\u7a81\u7136\u91cd\u75c5\uff01\u624b\u8853\u5f15\u767c\u6557\u8840\u75c7\uff01\u82b140\u842c\u6436\u6551\uff01\u3010\u597d\u68d2Bump\u3011"
        },
        {
            "id": "Dt3keIeiuBc",
            "title": "\u7576\u6211\u6c88\u8ff7\u96fb\u73a9\u904a\u6232\u6642\u7684\u934a\u91d1\u8853\uff01\u4e00\u500b\u6708\u6de8\u8cfa30\u842c\uff01\u3010\u597d\u68d2Bump\u3011"
        },
        {
            "id": "YjOPypL_N2Q",
            "title": "\u70cf\u9d09\u88ab\u50b3\u662f\u9677\u5bb3\u653e\u706b\u7684\u5143\u5147\uff1f\u6253\u7d66\u5a92\u9ad4\u8001\u95c6\u554f\u51fa\u771f\u76f8\uff01\u3010\u597d\u68d2Bump\u3011"
        },
        {
            "id": "swcetdd5dkw",
            "title": "\u627e\u5927\u80c3\u738b\u8def\u8def\u7d04\u6703\uff01\u5979\u7adf\u5403\u4e8633\u9053\u9802\u7d1a\u6599\u7406\uff01\u6211\u76f4\u63a5\u7834\u7522...\u3010\u597d\u68d2Bump\u3011@yuzi_lu"
        },
        {
            "id": "gO7Juaddc0o",
            "title": "\u5b9c\u862d\u7684\u975e\u6cd5\u6c11\u5bbf\u7adf\u67094000\u9593\uff01\u4e00\u5806\u5929\u9f8d\u4eba\u5728\u6d17\u570b\u5bb6\u7684\u9322\uff01\u3010\u597d\u68d2Bump\u3011"
        },
        {
            "id": "roGnu7b-L8Q",
            "title": "\u5fc3\u60c5\u5dee\u5230\u7206\uff01\u6012\u5237\u4e3b\u64ad20\u842c\uff01\u770b\u5979\u80fd\u4e0d\u80fd\u8b93\u6211\u723d\u4e00\u9ede\uff01\u3010\u597d\u68d2Bump\u3011\u3010\u966a\u804a\u934a\u91d1\u8853\u3011"
        },
        {
            "id": "twjZKhKVDfE",
            "title": "\u6211\u5728\u6c7d\u65c5\u8fa6\u6d3e\u5c0d\uff01\u7d19\u888b\u4eba\u8dd1\u4f86\u9b27\u4e8b\uff01\u6211\u76f4\u63a5\u6d77\u6241\u4ed6\u4e00\u9813...\u3010\u597d\u68d2Bump\u3011"
        },
        {
            "id": "_kEB8bOTzoM",
            "title": "\u6211\u8a2d\u5c40\u91e3\u51fa\u624b\u6a5f\u7aca\u8cca\uff01\u8b93\u53d7\u5bb3\u8005\u8ddf\u4ed6\u7576\u9762\u5c0d\u8cea\uff01\u3010\u597d\u68d2Bump\u3011"
        },
        {
            "id": "xgHvDPIRDvM",
            "title": "\u6211\u7528\u7279\u65af\u62c9\u5075\u6e2c\u7cfb\u7d71\u6293\u9b3c\uff01\u7adf\u4e0d\u5c0f\u5fc3\u5e36\u4e86\u9ad2\u6771\u897f\u56de\u5bb6...\uff01\u3010\u597d\u68d2Bump\u3011\u3010\u6293\u9b3c\u934a\u91d1\u8853\u3011ft.\u5927\u9ebb\u7169"
        },
        {
            "id": "0BZHgB1kf3Q",
            "title": "\u8e22\u7206\u516c\u5bb6\u6a5f\u95dc\u5403\u6848\uff01\u864e\u982d\u8702\u5165\u4fb52\u500b\u6708\u7adf\u4e0d\u4f86\u8655\u7406\uff01\u3010\u597d\u68d2Bump\u3011"
        },
        {
            "id": "qnS7fIQ5Wpo",
            "title": "\u6211\u8fa6\u4e86\u4e00\u5834\u767e\u4eba\u6d3e\u5c0d\uff01\u7c73\u5176\u6797\u4e09\u661f\u4e3b\u5eda+20\u842c\u5927\u734e\u73a9\u5230\u723d\uff01\u3010\u597d\u68d2Bump\u3011\u3010\u6d3e\u5c0d\u934a\u91d1\u8853\u3011"
        },
        {
            "id": "RkY0dIppwPY",
            "title": "\u6211\u9047\u5230\u4e86\u96fb\u5546\u8a50\u9a19\u96c6\u5718\uff01\u8ca8\u5230\u4ed8\u6b3e\u8ce3\u5047\u8ca8\uff01\u5831\u8b66\u7adf\u4e5f\u6c92\u7528\uff01\uff1f\u3010\u597d\u68d2Bump\u3011"
        },
        {
            "id": "M_LRdT-RF5I",
            "title": "\u7576\u4f60\u662f\u6578\u5b78\u5929\u624d\u6642\u7684\u934a\u91d1\u8853\uff01\u64ca\u6557\u53f0\u5927\u751f\u8cfa5000\u5143\uff01\u3010\u597d\u68d2Bump\u3011"
        },
        {
            "id": "HNC-F9MfrII",
            "title": "\u5927\u99ac\u7db2\u53cb\u6b20\u4e0b50\u842c\u8ced\u50b5\uff01\u5bb6\u4eba\u906d\u5230\u6050\u5687\uff01\u8acb\u6211\u5e6b\u5fd9\u8655\u7406\uff01\u3010\u597d\u68d2Bump\u3011"
        },
        {
            "id": "4MDIl4e6a40",
            "title": "\u8ddf\u7db2\u7d05\u6b63\u59b9\u4e00\u8d77\u53bb\u5065\u8eab\u6642\u7684\u934a\u91d1\u8853\uff01\u3010\u597d\u68d2Bump\u3011@\u594e\u4e01Zamy"
        },
        {
            "id": "cNYaenVVSyY",
            "title": "\u591c\u5e02\u53eb\u8ce3\u897f\u74dc\u6c41\uff011\u5c0f\u6642\u72c2\u625360\u676f\uff01\u8b93\u963f\u4f2f\u63d0\u65e9\u4e0b\u73ed\uff01\u3010\u597d\u68d2Bump\u3011\u3010\u591c\u5e02\u934a\u91d1\u8853\u3011"
        },
        {
            "id": "hDN3f2vOpIA",
            "title": "\u6211\u628a3000\u96bb\u5875\u87ce\u6492\u5e8a\u4e0a\uff01\u518d\u6b21\u6253\u81c9\u9178\u6c11\u8ddf\u9ed1\u5fc3\u5546\u4eba\uff01\u3010\u597d\u68d2Bump\u3011"
        }
    ]
}