{
    "channel": {
        "title": "\u5b89\u557e\u54aa",
        "id": "UCjhwHd3mgmqm0ONm0bXKmng",
        "customUrl": "@anjouclever103",
        "uploads": "UUjhwHd3mgmqm0ONm0bXKmng"
    },
    "videos": [
        {
            "id": "l02l7PkSGUg",
            "title": "\u9032\u5316\u7cfb\u6f02\u6d6e\u5927\u798f\uff01| \u5b89\u557e (\u309d\u2200\uff65) \u2661"
        },
        {
            "id": "LtAsILKaOaw",
            "title": "\u677f\u6a4b\u96b1\u85cf\u5e03\u4e01\u5c08\u9580\u5e97\uff01| \u5b89\u557e (\u309d\u2200\uff65) \u2661"
        },
        {
            "id": "LfzLKfRdksw",
            "title": "\u4eba\u751f\u9996\u6b21\u6311\u6230\u6c34\u4e0b\u651d\u5f71 \u539f\u4f86\u6211\u6ce1\u7684\u662f\u96de\u6e6f | \u5b89\u557e (\u309d\u2200\uff65) \u2661"
        },
        {
            "id": "Xj63GWKBhWM",
            "title": "\u770b\u6771\u4eac\u9435\u5854\ud83d\uddfc\u548c\u5ba2\u88fd\u751f\u65e5\u751c\u9ede\u76e4\u7684\u666f\u89c0\u9910\u5ef3\ud83d\udc97 | \u5b89\u557e (\u309d\u2200\uff65) \u2661"
        },
        {
            "id": "1ORjzmQwsf8",
            "title": "\u5728\u65e5\u672c\u590f\u5929 \u90fd\u548c\u559c\u6b61\u7684\u4eba\u770b\u82b1\u706b\u5927\u6703 | \u5b89\u557e (\u309d\u2200\uff65) \u2661"
        },
        {
            "id": "vWMpBplQPXU",
            "title": "\u6df1\u5ea6\u904a\u4eac\u90fd\uff01\u8001\u5b57\u865f\u55ab\u8336\u5e97\u3001\u5bf6\u77f3\u62b9\u8336\u751c\u9ede\u3001\u53bb\u4e86\u5c31\u8b8a\u6f02\u4eae\u7684\u795e\u793e\uff01| \u5b89\u557e (\u309d\u2200\uff65) \u2661"
        },
        {
            "id": "1Ld7Jr0Hssk",
            "title": "\u4eba\u751f\u7b2c\u4e00\u6b21\u642d\u9577\u9014\u5546\u52d9\u8259\uff01\u9577\u69ae\u822a\u7a7a\u7d66\u4f60\u5e1d\u738b\u822c\u7684\u6599\u7406\uff1f| \u5b89\u557e (\u309d\u2200\uff65) \u2661"
        },
        {
            "id": "dAw7GEbBcms",
            "title": "\u8ddf\u6211\u5728\u53f0\u5317\u7d04\u6703\u4e00\u5929 & \u548c\u5c0f\u718a\u7dad\u5c3c\u7684\u806f\u540d\u5546\u54c1\u5927\u516c\u958b\uff01| \u5b89\u557e (\u309d\u2200\uff65) \u2661"
        },
        {
            "id": "GZNj_okxBtA",
            "title": "\u9b54\u6cd5\u73a9\u5177\u4e8c\u4ee3\ud83d\udd2e\u795e\u79d8\u9b54\u6cd5\u6c34\u6676\u7403\uff01\u6700\u5931\u63a7\u7684\u73a9\u5177\u958b\u7bb1\ud83e\udd23 feat.@What-AllBlow-Mean | \u5b89\u557e (\u309d\u2200\uff65) \u2661"
        },
        {
            "id": "-KhPJ9IabuA",
            "title": "\u5927\u962a\u6cbb\u5b89\u6700\u5dee\u7684\u661f\u91ce\u98ef\u5e97\uff01\u4f46\u6709\u514d\u8cbb\u6cb3\u8c5a\u53ef\u4ee5\u5403\u3001\u9084\u80fd\u63d0\u53ef\u611b\u6cb3\u8c5a\u71c8\u7c60\uff01| \u5b89\u557e (\u309d\u2200\uff65) \u2661"
        },
        {
            "id": "t_558BpPNwQ",
            "title": "\u65e5\u672c\u74b0\u7403\u5f71\u57ce\u2b50\u8d85\u7d1a\u4efb\u5929\u5802\u4e16\u754c\uff01\u5c31\u662f\u4e00\u652f\u73a9\u5f97\u5f88\u958b\u5fc3\u7684\u5f71\u7247\uff01| \u5b89\u557e (\u309d\u2200\uff65) \u2661"
        },
        {
            "id": "MN7s5ZM0oqY",
            "title": "\u518d\u600e\u9ebc\u8aaa\u6211\u4e5f\u662f\u65b0\u5317\u5409\u5ca1\u91cc\u5e06\uff08\uff1f\uff1f\u773e\u4eba\u554f\u865f"
        },
        {
            "id": "F-87Ra1CTWg",
            "title": "\u8ddf\u5009\u9f20\u6212\u6307\u4e00\u8d77\u958b\u82b1\ud83c\udf3c\ud83d\udc39\uff01| \u5b89\u557e (\u309d\u2200\uff65) \u2661"
        },
        {
            "id": "naUoeZvld4s",
            "title": "\u53f0\u5357\u62b9\u8336\u540d\u5e97\u96b1\u85cf\u7684\u5154\u5154\u971c\u6dc7\u6797| \u5b89\u557e (\u309d\u2200\uff65) \u2661"
        },
        {
            "id": "9gsE31_vXcw",
            "title": "\u70cf\u6885\u5b50\u91ac-\u557ever. \u5728\u865b\u64ec\u571f\u58e4\ud83c\udf31 | \u5b89\u557e (\u309d\u2200\uff65) \u2661"
        },
        {
            "id": "A2rIAswv_Vk",
            "title": "\u6700\u65b0\u73a9\u5177\u7e3d\u52d5\u54e1\u98ef\u5e97\uff01\u6771\u4eac\u8fea\u58eb\u5c3c\u5b8c\u7f8e\u9084\u539f\u5b89\u5f1f\u623f\u9593 | \u5b89\u557e (\u309d\u2200\uff65) \u2661"
        },
        {
            "id": "x5VywBnEDSQ",
            "title": "\u65e5\u672c\u74b0\u7403\u5f71\u57ce x \u9593\u8adc\u5bb6\u5bb6\u9152\u5922\u5e7b\u806f\u52d5\uff01| \u5b89\u557e (\u309d\u2200\uff65) \u2661"
        },
        {
            "id": "ym2ukxiJ3Zo",
            "title": "\u5317\u6d77\u9053\u8d85\u4eba\u6c23\u661f\u91ce\u6ed1\u96ea\u5ea6\u5047\u6751\uff01\u6d6a\u6f2b\u96ea\u666f\u548c\u8d85\u5927\u5ba2\u623f\u7684\u96e3\u5fd8\u4eab\u53d7\u2744\ufe0f  | \u5b89\u557e (\u309d\u2200\uff65) \u2661"
        },
        {
            "id": "xEFZKv_fb9o",
            "title": "\u81ea\u52d5\u58fd\u53f8\u88fd\u4f5c\u5668\uff01\u8ff7\u4f60\u5de5\u5ee0\u505a\u51fa\u610f\u5916\u7f8e\u5473\u7684\u8ecd\u8266\u58fd\u53f8\ud83d\udc93 Feat. \u963f\u90e8\u746a\u5229\u4e9e | \u5b89\u557e (\u309d\u2200\uff65) \u2661"
        },
        {
            "id": "lKS6rgx0_nw",
            "title": "\u6dfa\u8349\u6700\u65b0\u8d85\u4eba\u6c23\u5c0f\u5403TOP9\uff01\u9084\u6709\u514d\u8cbb\u770b\u591c\u666f\u7684\u96b1\u85cf\u666f\u9ede\uff5e\u266a | \u5b89\u557e (\u309d\u2200\uff65) \u2661"
        },
        {
            "id": "TklW7_XhnjA",
            "title": "\u884c\u524d\u5fc5\u770b\ud83d\udd25\u6771\u4eac\u8fea\u58eb\u5c3c\u6700\u5f37\u653b\u7565! \u4e0d\u77e5\u9053\u600e\u9ebc\u73a9? \u770b\u5b8c\u76f4\u63a5\u8b8a\u5927\u5e2b\u266a| \u5b89\u557e (\u309d\u2200\uff65) \u2661"
        },
        {
            "id": "rd6MR7XL9EA",
            "title": "\u516c\u958b\u6771\u4eac\u7559\u5b78\u7684\u751f\u6d3b\uff01\u9019\u88e1\u9084\u662f\u593e\u5a03\u5a03\u5929\u5802\uff5e\uff01\uff1f| \u5b89\u557e (\u309d\u2200\uff65) \u2661"
        },
        {
            "id": "1fPsYS68vXY",
            "title": "\u65e5\u672c\u8cfc\u7269\u653b\u7565\uff01\u9019\u88e1\u8d85\u597d\u901b\uff5e\u77e5\u540d\u54c1\u724c\u61c9\u6709\u76e1\u6709\uff01 | \u5b89\u557e (\u309d\u2200\uff65) \u2661"
        },
        {
            "id": "qITwy1jvkfY",
            "title": "2022\u65e5\u672c\u5973\u5b50\u79cb\u51ac\u6d41\u884c\uff01\u7adf\u7136\u6d41\u884c\u8d77\u8896\u5957...?| \u5b89\u557e (\u309d\u2200\uff65) \u2661"
        },
        {
            "id": "hyryafpmgCg",
            "title": "\u97d3\u570b\u6700\u9ad8\u7a7a\u516d\u661f\u7d1a\u98ef\u5e97\ud83c\udf1f \u4eca\u665a\u4f4f\u572889\u6a13\uff01\u5f77\u5f7f\u4f4f\u5728\u96f2\u7aef\u2601 | \u5b89\u557e (\u309d\u2200\uff65) \u2661"
        },
        {
            "id": "IGt_pS04D64",
            "title": "\u6311\u6230100\u9846\u624b\u4f5c\u5009\u9f20\u9020\u578b\u99ac\u5361\u9f8d\uff01\u4e00\u65e5\u9650\u5b9a\u8ca9\u552e\u92b7\u91cf\u5982\u4f55\uff1f\uff01\u300a\u5009\u9f20\u516d\u9031\u5e74\u300b| \u5b89\u557e (\u309d\u2200\uff65) \u2661"
        },
        {
            "id": "Oxm4siRmQZU",
            "title": "\u97d3\u570b\u6211\u4f86\u4e86\uff01\u9996\u723e\u6700\u65b0\u6a02\u9ad8\u6a02\u5712\ud83c\udfa0 \u8a2d\u65bd\u53ef\u611b\u53c8\u597d\u73a9\uff01| \u5b89\u557e (\u309d\u2200\uff65) \u2661"
        },
        {
            "id": "S59-_sGIGtg",
            "title": "\u8ff7\u4f60\u51b0\u6dc7\u6dcb\u6a5f\uff01\u590f\u5929\u5728\u5bb6\u88fd\u4f5c\u751c\u7b52\u971c\u6dc7\u6dcb\u5427\uff01\uff01| \u5b89\u557e (\u309d\u2200\uff65) \u2661"
        },
        {
            "id": "tc2J4OEK86Q",
            "title": "\u751f\u5564\u9152\u653e\u984c\u7684\u65e5\u7cfb\u66f8\u5e97\uff01\u60c5\u4e0d\u81ea\u7981\u5dee\u9ede\u559d\u592a\u591a...\uff01 | \u5b89\u557e (\u309d\u2200\uff65) \u2661"
        },
        {
            "id": "FKHbIXh900c",
            "title": "\u5237\u7206\u4fe1\u7528\u5361\uff01\u4eca\u5929\u5973\u5152\u5168\u8cb7\u55ae\ud83d\udcb8 \u8b93\u5abd\u5abd\u7576\u4e00\u65e5\u8cb4\u5a66\uff01| \u5b89\u557e (\u309d\u2200\uff65) \u2661"
        },
        {
            "id": "8WEX4_U2A9I",
            "title": "\u539f\u4f86\u6a02\u9ad8\u505a\u7684\u82b1\u9019\u9ebc\u5922\u5e7b\uff012022\u65b0\u54c1\u53ef\u611b\u591a\u8089\u690d\u7269 & \u512a\u96c5\u862d\u82b1\uff01| \u5b89\u557e (\u309d\u2200\uff65) \u2661"
        },
        {
            "id": "5NXECDSlG24",
            "title": "\u79d2\u98db\u65e5\u672c\uff1f\u53f0\u5317\u8cea\u611f\u65e5\u7cfb\u5fa9\u53e4\u5496\u5561\u5ef33\u9078\ud83c\udf61\u5b9b\u5982\u7a7f\u8d8a\u61f7\u820a\u662d\u548c\u5e74\u4ee3\uff01| \u5b89\u557e (\u309d\u2200\uff65) \u2661"
        },
        {
            "id": "BMXhf0iwwcw",
            "title": "\u51b0\u6dc7\u6dcb\u5854\u77e5\u80b2\u83d3\u5b50\ud83c\udf66\u8cea\u611f\u7adf\u7136\u771f\u5be6\u7684\u4e0d\u53ef\u601d\u8b70\uff01| \u5b89\u557e (\u309d\u2200\uff65) \u2661"
        },
        {
            "id": "7SP6AQTt874",
            "title": "\u96f2\u6735\u822c\u7684\u84ec\u9b06\u6b50\u59c6\u86cb\u88fd\u4f5c\u5668\uff01\u5c31\u4ea4\u7d66\u9019\u96bb\u5c0f\u96de\uff01| \u5b89\u557e (\u309d\u2200\uff65) \u2661"
        },
        {
            "id": "QS2MQAYQFDc",
            "title": "\u9b3c\u6ec5\u4e4b\u5203\u7121\u9650\u5217\u8eca\u8ff4\u8f49\u58fd\u53f8\uff01\u8eca\u5b50\u6709\u5920\u7cbe\u7dfb\uff01\u58fd\u53f8\u4e4b\u547c\u5438\uff01| \u5b89\u557e (\u309d\u2200\uff65) \u2661"
        },
        {
            "id": "WZdt2nn1aYk",
            "title": "\u9b3c\u6ec5\u4e4b\u5203\u58fd\u53f8\u88fd\u4f5c\u5668\uff01\u5b8c\u7f8e\u9084\u539f\u70ad\u6cbb\u90ce\u79b0\u8c46\u5b50\uff01| \u5b89\u557e (\u309d\u2200\uff65) \u2661"
        },
        {
            "id": "uTH6jKWpO2g",
            "title": "\u89d2\u843d\u5c0f\u5925\u4f34\u5168\u54c1\u9805\u5236\u9738\uff01\u6700\u65b0\u76847-11\u96c6\u9ede\u5546\u54c1\u5230\u5e95\u5be6\u4e0d\u5be6\u7528\uff1f\uff01| \u5b89\u557e (\u309d\u2200\uff65) \u2661"
        },
        {
            "id": "qv9Um6b4iZI",
            "title": "\u9b54\u5973\u7684\u9b54\u6cd5\u58fa\uff01\u771f\u7684\u53ec\u559a\u5f97\u51fa\u9b54\u6cd5\u7cbe\u9748\u7684\u795e\u79d8\u73a9\u5177\uff01| \u5b89\u557e (\u309d\u2200\uff65) \u2661"
        },
        {
            "id": "ihxqvGki_W8",
            "title": "\u4e94\u9593\u8d85\u4eba\u6c23\u97d3\u7cfb\u5496\u5561\u5ef3\u7279\u641c\uff01\u7f6e\u8eab\u97d3\u570b\u822c\u7684\u9053\u5730\u751c\u9ede\u8d85\u7d1a\u597d\u5403\uff1f\uff01| \u5b89\u557e (\u309d\u2200\uff65) \u2661"
        },
        {
            "id": "H_Y__1Vb_AI",
            "title": "\u53f0\u7063\u591c\u5e02\u5c0f\u5403\u88fd\u4f5c\u5668\uff01\u9023\u9019\u4e9b\u90fd\u80fd\u7528\u73a9\u5177\u505a\u5f97\u51fa\u4f86\uff1f| \u5b89\u557e (\u309d\u2200\uff65) \u2661"
        },
        {
            "id": "33TJk3ku1ZM",
            "title": "\u9023\u7e8c\u745c\u73c8\u4e00\u9031\u5927\u6311\u6230\uff01\u8eab\u9ad4\u6703\u8d77\u4ec0\u9ebc\u5947\u5999\u7684\u8b8a\u5316...\uff1f| \u5b89\u557e (\u309d\u2200\uff65) \u2661"
        },
        {
            "id": "LFshakvyRE4",
            "title": "\u6311\u6230\u65e5\u672c\u7206\u7d05\u751c\u9ede\uff01\u7f6a\u60e1\u9bae\u5976\u6cb9\u6eff\u6eff\u7684\u7f85\u99ac\u751f\u4e73\u5305\uff01| \u5b89\u557e (\u309d\u2200\uff65) \u2661"
        },
        {
            "id": "z6F5BoMYjRI",
            "title": "\u6311\u6230\u5403\u548c\u83d3\u5b50\u4e00\u6574\u5929\uff01\u5c31\u50cf\u662f\u9ad8\u7d1a\u7248\u7684\u77e5\u80b2\u83d3\u5b50\uff1f| \u5b89\u557e (\u309d\u2200\uff65) \u2661"
        },
        {
            "id": "qneNtUSCn-4",
            "title": "\u6311\u6230\u624b\u4f5c\u97d3\u570b\u6d41\u884c\u7687\u51a0\u86cb\u7cd5\uff01\u751f\u65e5\u6210\u70ba\u4e00\u65e5\u516c\u4e3b\uff01| \u5b89\u557e (\u309d\u2200\uff65) \u2661"
        },
        {
            "id": "hEIVOwTxecM",
            "title": "\u4e94\u661f\u7d1a\u8c6a\u83ef\u9732\u71df\u8eca\uff01\u5728\u661f\u7a7a\u4e0b\u6d6a\u6f2b\u70e4\u68c9\u82b1\u7cd6\uff01ft. Samsung Galaxy Z Flip3 5G | \u5b89\u557e (\u309d\u2200\uff65) \u2661"
        },
        {
            "id": "bIzeFnsn3zs",
            "title": "\u4e00\u53e3\u6c23\u75283240\u7247\u6a02\u9ad8\u6253\u9020\u746a\u5229\u6b50\u95dc\u5361\uff01\u5230\u5e95\u6703\u4e0d\u6703\u5d29\u6f70\uff01\uff1f| \u5b89\u557e (\u309d\u2200\uff65) \u2661"
        },
        {
            "id": "Y4dl8zfR4go",
            "title": "3\u9593\u53f0\u5317\u9ad8\u7d1a\u751c\u9ede\u5916\u9001\uff01\u7c73\u5176\u6797\u4e0b\u5348\u8336\u5230\u5e95\u662f\u4ec0\u9ebc\u6ecb\u5473...?! | \u5b89\u557e (\u309d\u2200\uff65) \u2661"
        },
        {
            "id": "5cmQmsBUYrY",
            "title": "\u795e\u5947\u86cb\u7cd5\u6372\u88fd\u4f5c\u5668\uff01\u86cb\u7cd5\u6372\u7adf\u7136\u9019\u6a23\u5c31\u53ef\u4ee5\u505a\u5f97\u51fa\u4f86\uff1f\uff01| \u5b89\u557e (\u309d\u2200\uff65) \u2661"
        },
        {
            "id": "oKOEmtX1voc",
            "title": "\u5728\u5bb6\u7684\u611b\u7528\u54c1\uff01\u6709\u4e86\u9019\u4e9b\u5f85\u5728\u5bb6\u591a\u4e45\u90fd\u4e0d\u6015\u7121\u804a\uff01feat.\u96b1\u9069\u7f8e | \u5b89\u557e (\u309d\u2200\uff65) \u2661"
        },
        {
            "id": "cLZyVOe_qQA",
            "title": "\u9996\u5ea6\u516c\u958b\u6211\u7684\u5bb6\uff01\u958b\u7bb1\u7cfbYouTuber\u7684\u5bb6\u5806\u6eff\u73a9\u5177\uff1f\u908a\u958b\u7bb1\u908a\u88ab\u7642\u7652\uff01| \u5b89\u557e (\u309d\u2200\uff65) \u2661"
        },
        {
            "id": "t8N_WOPPWrU",
            "title": "\u5009\u9f20\u4e94\u9031\u5e74\u6211\u958b\u4e86\u86cb\u7cd5\u5e97 \ud83c\udf70\uff1f\u8fd1\u4f86\u5f88\u5c11\u51fa\u73fe \u539f\u4f86\u90fd\u5728\u7c4c\u5099\u9019\u4ef6\u4e8b\uff01| \u5b89\u557e (\u309d\u2200\uff65) \u2661"
        },
        {
            "id": "A8vNMjq_i3E",
            "title": "\u8ca1\u52d9\u5371\u6a5f\u88ab\u8feb\u4e09\u9910\u90fd\u5403\u5410\u53f8\u908a\uff01\u4f46\u5410\u53f8\u908a\u9019\u6a23\u505a\u7adf\u7136\u80fd\u9019\u9ebc\u597d\u5403...| \u5b89\u557e (\u309d\u2200\uff65) \u2661"
        },
        {
            "id": "VtJw7UgFWUQ",
            "title": "\u505a\u51fa\u89d2\u843d\u751f\u7269\u6c34\u679c\u51b0\u68d2\ud83c\udf53\uff01\u770b\u8d77\u4f86\u8d85\u7c21\u55ae\u7684\u6a21\u5177\u537b...\uff1f| \u5b89\u557e (\u309d\u2200\uff65) \u2661"
        },
        {
            "id": "l32HBPbWkiw",
            "title": "\u65e5\u672c\u4e94\u6b3e\u7206\u8ce3\u798f\u888b\u958b\u7bb1\uff01\u7adf\u7136\u6709\u9019\u7a2e\u5947\u602a\u7684\u798f\u888b....\uff01| \u5b89\u557e (\u309d\u2200\uff65) \u2661"
        },
        {
            "id": "jyFsAn3MONw",
            "title": "\u4e0d\u505a\u7ae0\u9b5a\u71d2\uff01\u6311\u6230\u7528\u7ae0\u9b5a\u71d2\u6a5f\u5403\u4e09\u9910\uff01\u6c92\u60f3\u5230\u9019\u4e9b\u6599\u7406\u4e5f\u505a\u5f97\u51fa\u4f86\uff01| \u5b89\u557e (\u309d\u2200\uff65) \u2661"
        },
        {
            "id": "iK2tFS74u6E",
            "title": "\u7267\u5834\u7269\u8a9e\u6700\u65b0\u4f5c\u5230\u5e95\u9b45\u529b\u5728\u54ea\uff1f\u5728\u88e1\u9762\u751f\u6d3b\u4e86\u4e00\u5e74\u9084\u7d50\u5a5a\u751f\u5b50\u5566\uff01\u300a\u6a44\u6b16\u93ae\u8207\u5e0c\u671b\u7684\u5927\u5730\u300b| \u5b89\u557e (\u309d\u2200\uff65) \u2661"
        },
        {
            "id": "us44vzfLPQU",
            "title": "\u53f0\u7063\u5510\u5409\u8a36\u5fb7\u7d42\u65bc\u958b\u5e55\uff01\u6436\u5148\u653b\u7565\ud83d\udd25CP\u503c\u6700\u9ad8\u7684\u5546\u54c1\u5011\u5927\u516c\u958b\uff01| \u5b89\u557e (\u309d\u2200\uff65) \u2661"
        },
        {
            "id": "8PAM6whlGL8",
            "title": "\u97d3\u570b\u7206\u7d05\u7684\u4fbf\u7576\u76d2\u86cb\u7cd5\uff1f\uff01\u5c3a\u5bf8\u8d85\u8ff7\u4f60\uff01\u4ea4\u7d66\u6211\u4f86\u505a\u61c9\u8a72ok\u5427\uff1f\uff01| \u5b89\u557e (\u309d\u2200\uff65) \u2661"
        },
        {
            "id": "U8Ka3WHN1do",
            "title": "\u53f2\u4e0a\u6700\u5730\u7344\u8591\u9905\u5c4b\uff01\u50cf\u662f\u53d7\u707d\u6236\u4e00\u6a23\u7684\u5c4b\u5b50\u771f\u7684\u53ef\u4ee5\u9001\u51fa\u53bb\u55ceQQ\u300a\u8056\u8a95\u4ea4\u63db\u79ae\u7269\u4f01\u5283\u300b| \u5b89\u557e (\u309d\u2200\uff65) \u2661"
        },
        {
            "id": "rM3YjGiKb4c",
            "title": "\u5fcd\u8853\uff01\u65e5\u7cfb\u7a7f\u642d\u4e4b\u8853\uff01\u6771\u4eac\u5973\u751f\u90fd\u600e\u9ebc\u7a7f\uff1f\u4eca\u5e74\u65e5\u672c\u79cb\u51ac\u6700\u6d41\u884c\u7684\u516d\u7a2e\u7a7f\u642d\u5927\u516c\u958b\uff01| \u5b89\u557e (\u309d\u2200\uff65) \u2661"
        },
        {
            "id": "ZqRCqV95kcI",
            "title": "\u624b\u4f5c\u5361\u6bd4\u7378\u7acb\u9ad4\u6416\u6416\u9905\u4e7e\uff01\u53ef\u611b\u5230\u6368\u4e0d\u5f97\u5403\uff01\u9019\u6b21\u7adf\u7136\u7372\u5f97\u4e86\u5de8\u5927\u7684\u6210\u529f\uff01| \u5b89\u557e (\u309d\u2200\uff65) \u2661"
        },
        {
            "id": "sBJyuyjiP8U",
            "title": "\u6211\u5bb6\u5c31\u662f\u746a\u5229\u6b50\u8cfd\u8eca\u904a\u6232\u88e1\u7684\u8dd1\u9053\uff01AR\u746a\u5229\u6b50\u5bb6\u5ead\u8cfd\u8eca\u5834\u7a76\u7adf\u597d\u4e0d\u597d\u73a9\uff1f\uff01| \u5b89\u557e (\u309d\u2200\uff65) \u2661"
        },
        {
            "id": "tLCfpljuf6A",
            "title": "\u6311\u6230\u7528\u8d85\u5546\u98df\u6750\u6253\u9020\u9ad8\u7d1a\u6599\u7406\uff01\u5230\u5e95\u80fd\u5920\u505a\u5f97\u5230\u55ce\uff1f | \u5b89\u557e (\u309d\u2200\uff65) \u2661"
        },
        {
            "id": "rgReWo4le-E",
            "title": "\u73cd\u73e0\u5976\u8336\u96fb\u5b50\u96de\uff01\u7adf\u7136\u9032\u5316\u5230\u9023\u73cd\u73e0\u90fd\u53ef\u4ee5\u62ff\u4f86\u990a....| \u5b89\u557e (\u309d\u2200\uff65) \u2661"
        },
        {
            "id": "Ny930uOzBJM",
            "title": "\u505a\u4e86\u9a5a\u5687\u79ae\u7269\u76d2\u6574\u591a\u5e74\u597d\u53cb! \u53cb\u60c5\u5dee\u9ede\u6495\u88c2?! | \u5b89\u557e (\u309d\u2200\uff65) \u2661"
        },
        {
            "id": "JqhwM29e-pc",
            "title": "\u8d85\u53ef\u611b\u52d5\u68ee\u4e00\u756a\u8cde\u5168\u54c1\u9805\u6536\u96c6\uff01\u6c92\u6709\u62bd\u5230A\u8cde\u5c31\u4e0d\u56de\u5bb6\uff01| \u5b89\u557e (\u309d\u2200\uff65) \u2661"
        },
        {
            "id": "ZFzqcsJPx5A",
            "title": "\u8d85\u7c21\u55ae\u73cd\u73e0\u5976\u8336\u88fd\u4f5c\u5668\uff01\u58d3\u4e00\u58d3\u73cd\u73e0\u5c31\u6703\u6389\u4e0b\u4f86\uff1f\uff01| \u5b89\u557e (\u309d\u2200\uff65) \u2661"
        },
        {
            "id": "tGIh4kAB-HY",
            "title": "\u624b\u6a5f\u4e0a\u4e5f\u80fd\u73a9\u52d5\u68ee\uff01\u7e41\u4e2d\u7248\u52d5\u7269\u68ee\u53cb\u6703\u53e3\u888b\u9732\u71df\u4e0a\u5e02\u5566\uff01| \u5b89\u557e (\u309d\u2200\uff65) \u2661"
        },
        {
            "id": "O_ipTkTUgyQ",
            "title": "\u8d85\u8c6a\u83ef\u7684\u5922\u5e7b\u751c\u9ede\u5217\u8eca\uff01\u5ab2\u7f8e\u4e03\u661f\u5217\u8eca\u7684\u9ad8\u7d1a\u9ad4\u9a57\uff1f\uff01| \u5b89\u557e (\u309d\u2200\uff65) \u2661"
        },
        {
            "id": "G0s05o6HFSY",
            "title": "\u5728\u5bb6\u6311\u6230\u505a\u8d85\u9165\u8106\u70b8\u8766\uff01\u5361\u6ecb\u5361\u6ecb\u7684\u8072\u97f3\u53ea\u6709\u7642\u7652\uff01| \u5b89\u557e (\u309d\u2200\uff65) \u2661"
        },
        {
            "id": "SAcAcZZKhLM",
            "title": "\u6026\u7136\u5fc3\u52d5\u7684\u89d2\u843d\u5c0f\u5925\u4f34\u96fb\u5f71\u9662\u76d2\u73a9\uff01\u958b\u7bb1\u5230\u4e00\u534a\u6211\u5bb6\u7a81\u7136\u51fa\u73fe\u795e\u79d8\u8a2a\u5ba2\uff1f\uff01| \u5b89\u557e (\u309d\u2200\uff65) \u2661"
        },
        {
            "id": "B0662And9FM",
            "title": "\u6211\u505a\u4e86\u8d85\u5de8\u5927\u8ff4\u8072\u5009\u9f20\uff01\u5009\u9f20\u56db\u9031\u5e74\u4f01\u5283\uff01| \u5b89\u557e (\u309d\u2200\uff65) \u2661"
        },
        {
            "id": "3gzA2iRJc-s",
            "title": "\u8d85\u65b9\u4fbf\u7684\u65e5\u672c\u8c46\u4e73\u96ea\u82b1\u51b0\u88fd\u4f5c\u6a5f\uff01\u53ea\u8981\u628a\u98f2\u6599\u62ff\u53bb\u51b7\u51cd\u5c31\u53ef\u4ee5\u505a\uff5e| \u5b89\u557e (\u309d\u2200\uff65) \u2661"
        },
        {
            "id": "X3g7MWBndis",
            "title": "\u5728\u5bb6\u505a\u51fa\u4e16\u754c\u8ff7\u4f60\u7684\u9bdb\u9b5a\u71d2\uff01\u8ff7\u4f60\u9bdb\u9b5a\u71d2\u6a5f\u958b\u7bb1\uff01| \u5b89\u557e (\u309d\u2200\uff65) \u2661"
        },
        {
            "id": "2rtM_bCHogE",
            "title": "\u4f86\u6311\u6230\u82b1\u6735\u9020\u578b\u6c34\u679c\u9bae\u5976\u6cb9\u4e09\u660e\u6cbb\uff01\u8acb\u56de\u53bb\u591a\u7df4\u7df4\u518d\u4f86\uff01| \u5b89\u557e (\u309d\u2200\uff65) \u2661"
        },
        {
            "id": "k0OCRzDbLrs",
            "title": "\u52d5\u68ee\u4e94\u661f\u5cf6\u5dbc\u958b\u7bb1\uff01\u6253\u9020\u51fa\u7ae5\u8a71\u5c0f\u93ae\u98a8\u683c\u7684\u5c0f\u5cf6\uff01| \u5b89\u557e (\u309d\u2200\uff65) \u2661"
        },
        {
            "id": "1AAFZL5VhZA",
            "title": "\u7adf\u7136\u6709\u65e5\u672c\u5ead\u5712\u77e5\u80b2\u83d3\u5b50\uff01\u77e5\u80b2\u83d3\u5b50\u5df2\u7d93\u6c92\u6709\u6975\u9650\uff01| \u5b89\u557e (\u309d\u2200\uff65) \u2661"
        },
        {
            "id": "KHjy79YbcH4",
            "title": "\u958b\u7bb1\u6211\u53ef\u611b\u7684\u5cf6\uff01\u52d5\u7269\u68ee\u53cb\u6703\u5230\u5e95\u54ea\u88e1\u597d\u73a9\uff1f\uff01| \u5b89\u557e (\u309d\u2200\uff65) \u2661"
        },
        {
            "id": "ybwVXx6L02w",
            "title": "\u89d2\u843d\u751f\u7269\u679c\u51cd\u80a5\u7682\u88fd\u4f5c\u6a5f\uff01\u7528QQ\u7684\u89d2\u843d\u751f\u7269\u6d17\u624b\u597d\u7642\u7652\uff01| \u5b89\u557e (\u309d\u2200\uff65) \u2661"
        },
        {
            "id": "sho2AEWq-rQ",
            "title": "\u684c\u4e0a\u70e4\u68c9\u82b1\u7cd6\u6a5f\uff01\u593e\u4e86\u8607\u6253\u9905\u4e7e\u5c31\u8b8a\u6210\u7a76\u6975\u7f8e\u5473\uff01| \u5b89\u557e (\u309d\u2200\uff65) \u2661"
        },
        {
            "id": "ZK38cyacBNc",
            "title": "\u4e00\u500b\u4eba\u7684\u95dc\u6771\u716e\u6a5f! \u5728\u5bb6\u4e5f\u80fd\u9ad4\u9a57\u5230\u5c45\u9152\u5c4b\u7684\u6c23\u6c1b!! | \u5b89\u557e (\u309d\u2200\uff65) \u2661"
        },
        {
            "id": "TBjauou8vXA",
            "title": "\u8d85\u8070\u660e\u7684\u76ae\u5361\u4e18\u667a\u6167\u7ba1\u5bb6! \u53ef\u4ee5\u804a\u5929\u3001\u6703\u5341\u842c\u4f0f\u7279\u53c8\u80fd\u5920\u5e6b\u6211\u958b\u96fb\u8996! | \u5b89\u557e (\u309d\u2200\uff65) \u2661"
        },
        {
            "id": "dWR7FF4Uzyg",
            "title": "\u54c6\u5566A\u592250\u9031\u5e74\u7d00\u5ff5\u773c\u93e1\u958b\u7bb1\uff01\u6234\u4e0a\u5927\u96c4\u7684\u773c\u93e1\u6703\u8003\u96f6\u5206\u55ce?! | \u5b89\u557e (\u309d\u2200\uff65) \u2661"
        },
        {
            "id": "1vb0khUbu3Y",
            "title": "\u8d85\u96e3\u99d5\u99ad\u5dee\u9ede\u628a\u5eda\u623f\u70b8\u6389\u7684\u751c\u9ede\uff01\u6311\u6230\u505a\u9ad8\u7d1a\u7684\u5bf6\u77f3\u5149\u6fa4\u5de7\u514b\u529b\uff01| \u5b89\u557e (\u309d\u2200\uff65) \u2661"
        },
        {
            "id": "7mgEPSnSb-g",
            "title": "\u81ea\u88fd\u8d85\u7f6a\u60e1\u63d0\u62c9\u7c73\u8607\u98a8\u6fc3\u539a\u71b1\u53ef\u53ef\uff01\u51ac\u5929\u6975\u81f4\u4eab\u53d7\uff01| \u5b89\u557e (\u309d\u2200\uff65) \u2661"
        },
        {
            "id": "68NUeA6X9x0",
            "title": "\u5b89\u557e\u8dd1\u53bb\u7576\u79cb\u8449\u539f\u5076\u50cf\u4e86\uff1f\uff01\u5531\u5531\u8df3\u8df3\u5b8c\u6210\u4e86\u4e00\u9996\u6b4c\uff01| \u5b89\u557e (\u309d\u2200\uff65) \u2661"
        },
        {
            "id": "K4yjOknx6x4",
            "title": "\u3010\u65e5\u672c\u79d8\u5bc6\u666f\u9ede\u6de1\u8def\u5cf6\u3011\u552f\u4e00\u7684\u706b\u5f71\u5fcd\u8005\u6a02\u5712\u5c31\u5728\u9019\u88e1\uff01 | \u5b89\u557e (\u309d\u2200\uff65) \u2661"
        },
        {
            "id": "b32R7kN54rI",
            "title": "\u8056\u8a95\u4ea4\u63db\u5927\u9910\uff01\u4f86\u505aHowHow\u8056\u8a95\u5361\u901a\u934b\u8cbc\u4fbf\u7576\u5427\uff01| \u5b89\u557e (\u309d\u2200\uff65) \u2661"
        },
        {
            "id": "NR_a7bONF20",
            "title": "\u8b93\u4f60\u5728\u967d\u5149\u6c90\u6d74\u4e0b\u8d77\u5e8a\u7684\u8cf4\u5e8a\u6551\u661f\uff01\u7c21\u55ae\u514d\u5b89\u88dd\u7684\u5c0f\u5c0f\u81ea\u52d5\u7a97\u7c3e\u6a5f\uff01| \u5b89\u557e (\u309d\u2200\uff65) \u2661"
        },
        {
            "id": "rAVY7Awk-N0",
            "title": "\u81ea\u5df1\u5728\u5bb6\u7a2e\u8c46\u82d7\uff01\u7136\u5f8c\u505a\u6210\u85af\u7247\u8c46\u82d7\u7092\u98ef\u5427\uff01| \u5b89\u557e (\u309d\u2200\uff65) \u2661"
        },
        {
            "id": "DO4dTbnVwKQ",
            "title": "\u9ad4\u9a57\u4e00\u8d9f30\u842c\u7684\u8d85\u8c6a\u83ef\u90f5\u8f2a\u5f0f\u81e5\u92ea\u5217\u8eca\uff01\u65e5\u672c\u4e5d\u5dde\u4e03\u661f\u5217\u8eca\uff01| \u5b89\u557e (\u309d\u2200\uff65) \u2661"
        },
        {
            "id": "YuSmp-1ndV4",
            "title": "\u53ef\u611b\u624b\u9336\u88fd\u4f5c\u7d44\uff01\u7c21\u55ae\u89aa\u624b\u4f5c\u51fa\u5c6c\u65bc\u81ea\u5df1\u7684\u5922\u5e7b\u624b\u9336\uff01| \u5b89\u557e (\u309d\u2200\uff65) \u2661"
        },
        {
            "id": "GbvEmRzclbQ",
            "title": "\u8d85\u53ef\u611b\u638c\u4e2d\u79b0\u8c46\u5b50\u958b\u7bb1\uff01\u628a\u5c0f\u5c0f\u7684\u79b0\u8c46\u5b50\u6367\u5728\u624b\u5fc3\uff01| \u5b89\u557e (\u309d\u2200\uff65) \u2661"
        },
        {
            "id": "2ko9mbXmGl8",
            "title": "\u966a\u6211\u7c21\u7c21\u55ae\u55ae\u5730\u6e21\u904e\u5047\u65e5\u7684\u4e00\u665a\u5427\uff01\u665a\u9910\u5c31\u4f86\u505a\u8591\u6c41\u71d2\u8089\u5b9a\u98df\uff01| \u5b89\u557e (\u309d\u2200\uff65) \u2661"
        },
        {
            "id": "ttAOBt6Zymw",
            "title": "\u73a9\u5177\u8c93\u982d\u9df9\u6709\u5982\u6700\u7d42\u5175\u5668\u822c\u7684\u98db\u8d77\u4f86\u4e86\uff01\u9019\u771f\u7684\u662f\u5c0f\u670b\u53cb\u7684\u73a9\u5177\u55ce\uff1f\uff01| \u5b89\u557e (\u309d\u2200\uff65) \u2661"
        },
        {
            "id": "pHZwAY8BPJo",
            "title": "\u62c9\u9eb5\u88fd\u9020\u6a5f\uff01\u5728\u5bb6\u505a\u51fa\u7f8e\u5473\u7684\u8c5a\u9aa8\u98a8\u5473\u62c9\u9eb5\u5427\uff5e| \u5b89\u557e (\u309d\u2200\uff65) \u2661"
        },
        {
            "id": "0B62o6B_Cbc",
            "title": "\u81ea\u88fd\u62bd\u9322\u86cb\u7cd5\uff01\u9577\u8f29\u306e\u6700\u611b\uff01\u5f9e\u86cb\u7cd5\u88e1\u62bd\u51fa\u6e90\u6e90\u4e0d\u7d55\u7684\u9214\u7968\u5427\uff01| \u5b89\u557e (\u309d\u2200\uff65) \u2661"
        },
        {
            "id": "jo9he6yP2Ww",
            "title": "\u5728\u5bb6\u81ea\u88fd\u8212\u8299\u857e\u9b06\u9905\u5427\uff01\u610f\u5916\u6eff\u7c21\u55ae\u7684...\u7684\u55ce\uff1f\uff01| \u5b89\u557e (\u309d\u2200\uff65) \u2661"
        },
        {
            "id": "Ctk3qbWlFsI",
            "title": "\u8d85\u5de8\u5927\u6d41\u6c34\u73cd\u73e0\u6a02\u5712\uff01\u73cd\u73e0\u5976\u8336\u7684\u8c6a\u83ef\u559d\u6cd5\uff01\u3010\u6dbc\u9eb5\u6c34\u6a02\u5712\u7b2c\u4e09\u4ee3\u3011| \u5b89\u557e (\u309d\u2200\uff65) \u2661"
        },
        {
            "id": "wb7IH-bpMCs",
            "title": "\u8d85\u591aYouTuber\u306e\u7ae5\u5e74\u8b8a\u88dd\u7167\u7247\u5927\u731c\u8b0e\uff01\u3010\u61f7\u820a\u661f\u671f\u4e94\u3011| \u5b89\u557e (\u309d\u2200\uff65) \u2661"
        }
    ]
}