{
    "video_info": {
        "id": "1fPsYS68vXY",
        "channelTitle": "\u5b89\u557e\u54aa",
        "title": "\u65e5\u672c\u8cfc\u7269\u653b\u7565\uff01\u9019\u88e1\u8d85\u597d\u901b\uff5e\u77e5\u540d\u54c1\u724c\u61c9\u6709\u76e1\u6709\uff01 | \u5b89\u557e (\u309d\u2200\uff65) \u2661",
        "description": "\u4eca\u5929\uff5e\u5e36\u5927\u5bb6\u4f86\u6211\u5728\u6771\u4eac\u6700\u5e38\u901b\u8857\u7684\u5730\u65b9\uff01\n\n\u5b8c\u7f8e\u884c\u8cfc\u7269\u7db2\u7ad9\uff1ahttps://reurl.cc/pZZMdZ\n\u7d50\u5e33\u6642\u8f38\u5165\u300cANJOU\u300d\uff0c\u6eff5000\u65e5\u5713\u5373\u53ef\u62985%\uff01\n\u4f7f\u7528\u671f\u9650\u81f32023/02/28\u55b2\uff5e\n\n\u27ab \u8a02\u95b1\u5b89\u557e\uff1ahttps://goo.gl/KmLFgD\n\u27ab \u5b89\u557eIG\uff1ahttps://www.instagram.com/anjouclever/\n\u27ab \u5b89\u557eFB\uff1ahttps://www.facebook.com/anjoupikachu/\n\ud83d\udc39 \u73a9\u5177\u958b\u7bb1\u5168\u96c6\uff1ahttps://goo.gl/91ulRJ",
        "likeCount": "2797",
        "commentCount": "78",
        "viewCount": "138227"
    },
    "comments": [
        {
            "reply_id": "UgyPiZ6kaV7n5AAjp1d4AaABAg",
            "reply_content": "\u5e0c\u671b\u5b89\u557e\u7e7c\u7e8c\u4ecb\u7d39\u5176\u4ed6\u901b\u8857\u8def\u7dda",
            "likeCount": 5
        },
        {
            "reply_id": "Ugxuwx7NuwdLRxwhrcV4AaABAg",
            "reply_content": "\u6bcf\u6b21\u770b\u5230\u6709\u4eba\u62cd\u65e5\u672c\u90fd\u6703\u89ba\u5f97\u53f0\u7063\u7269\u50f9\u8cb4\u5230\u9760\u5317",
            "likeCount": 2
        },
        {
            "reply_id": "UgyGuvVFylFtdAzzh8N4AaABAg",
            "reply_content": "\u77e5\u80b2\u83d3\u5b50\u53f0\u7063\u8ce3\u90a3\u9ebc\u8cb4\u662f\u7576\u65e5\u5e63\u5728\u8ce3\u55ce",
            "likeCount": 1
        },
        {
            "reply_id": "UgxbtH6WKHqQegODprB4AaABAg",
            "reply_content": "\u7d42\u65bc\u51fa\u65c5\u65e5\u4e86",
            "likeCount": 1
        },
        {
            "reply_id": "UgzA7cu0t-kiR1ehT0F4AaABAg",
            "reply_content": "\u6709\u4e00\u9ede\u50cf\u54aa\u5983",
            "likeCount": 0
        },
        {
            "reply_id": "UgyfHANlqPGQaHTJ4DV4AaABAg",
            "reply_content": "\u559c\u6b61\u9019\u500b\u7cfb\u5217",
            "likeCount": 0
        },
        {
            "reply_id": "UgzetTv-z7s_GXykUMR4AaABAg",
            "reply_content": "\u6c42\u5730\u5740",
            "likeCount": 0
        },
        {
            "reply_id": "UgzKBYwmUa0YjxQFlMZ4AaABAg",
            "reply_content": "\u8b1b\u5230\u5b8c\u7f8e\u884c\u6211\u53ea\u60f3\u5230\u8981\u8cb7\u4ed6\u7684\u4fdd\u96aa\uff0c\u4ee5\u9632\u842c\u4e00",
            "likeCount": 0
        },
        {
            "reply_id": "Ugy-BMtxc1cysTQ43LB4AaABAg",
            "reply_content": "\u600e\u9ebc\u89ba\u5f97\u5b89\u557e\u6709\u9ede\u50cf\u4e0a\u539f\u4e9e\u8863",
            "likeCount": 0
        },
        {
            "reply_id": "Ugyy0FB1jo1RiZ4q77Z4AaABAg",
            "reply_content": "\u5e0c\u671b\u5b89\u557e\u53ef\u4ee5\u53ef\u4ee5\u8ddf\u6211\u7d50\u5a5a",
            "likeCount": 0
        }
    ]
}