{
    "video_info": {
        "id": "1Ld7Jr0Hssk",
        "channelTitle": "\u5b89\u557e\u54aa",
        "title": "\u4eba\u751f\u7b2c\u4e00\u6b21\u642d\u9577\u9014\u5546\u52d9\u8259\uff01\u9577\u69ae\u822a\u7a7a\u7d66\u4f60\u5e1d\u738b\u822c\u7684\u6599\u7406\uff1f| \u5b89\u557e (\u309d\u2200\uff65) \u2661",
        "description": "\u4eba\u751f\u7b2c\u4e00\u6b21\u642d\u4e58\u9577\u9014\u5546\u52d9\u8259\n\u539f\u4f86\u662f\u9019\u6a23\u7684\u611f\u89ba\uff01\n\n\u8b93\u6211\u5011\u4e0d\u8cbb\u529b\u628a\u81c9\u6d17\u5f97\u4e7e\u6de8\u6e9c\u6e9c\nFOREO\u6bcd\u89aa\u7bc0\u9650\u6642\u512a\u60e0\u6700\u4f4e5\u6298\n\u5feb\u5165\u624b\u59b3\u7684FOREO LUNA 4\u5427 \uff01\uff1ahttps://foreo.se/9owe\n\n\u27ab \u8a02\u95b1\u5b89\u557e\uff1ahttps://goo.gl/KmLFgD\n\u27ab \u5b89\u557eIG\uff1ahttps://www.instagram.com/anjouclever/\n\u27ab \u5b89\u557eFB\uff1ahttps://www.facebook.com/anjoupikachu/\n\ud83d\udc39 \u73a9\u5177\u958b\u7bb1\u5168\u96c6\uff1ahttps://goo.gl/91ulRJ",
        "likeCount": "2841",
        "commentCount": "118",
        "viewCount": "113335"
    },
    "comments": [
        {
            "reply_id": "UgwjN9FEkP77xu5mn4x4AaABAg",
            "reply_content": "\u6700\u8fd1\u9023\u7e8c\u767c\u7247\u771f\u662f\u65b0\u82e6\u4e86",
            "likeCount": 31
        },
        {
            "reply_id": "UgyVvxd4KQ5Zfi3_kHx4AaABAg",
            "reply_content": "\u5b89\u557e\u597d\u53ef\u611b",
            "likeCount": 2
        },
        {
            "reply_id": "UgyByRKBGbERmhY1TTl4AaABAg",
            "reply_content": "\u671f\u5f85\u5b89\u557e\u4e0b\u4e00\u500b\u5546\u52d9\u8259\u5f71\u7247",
            "likeCount": 1
        },
        {
            "reply_id": "UgxoLZeIUZSeNVZvgZJ4AaABAg",
            "reply_content": "\u53ef\u611b",
            "likeCount": 1
        },
        {
            "reply_id": "UgxQsYM33vSniW1mRiN4AaABAg",
            "reply_content": "\u9084\u6c92\u6709\u642d\u904e\u9577\u69ae\u822a\u7a7a\u9577\u9014\u5546\u52d9\u8259\uff0c\u770b\u8d77\u4f86\u5f88\u4e0d\u932f",
            "likeCount": 1
        },
        {
            "reply_id": "UgziA26bFkbxjJ1HkVV4AaABAg",
            "reply_content": "\u6211\u4e4b\u524d\u672c\u4f86\u4e5f\u60f3\u8aaa\u56de\u570b\u56e0\u70ba\u5730\u7403\u81ea\u8f49\u6240\u4ee5\u82b1\u8cbb\u66f4\u591a\u6642\u9593\u6703\u66f4\u4e0d\u8212\u670d\uff0c\u7d50\u679c\u4e00\u4e0a\u98db\u6a5f\u76f4\u63a5\u7761\u6b7b\u53ea\u5403\u5230\u4e00\u9910\uff0c\u5012\u6642\u5dee\u771f\u7684\u8d85\u7d2f",
            "likeCount": 1
        },
        {
            "reply_id": "UgyTBTe-XMey4H189eR4AaABAg",
            "reply_content": "\u5b89\u557e\u597d\u53ef\u611b",
            "likeCount": 1
        },
        {
            "reply_id": "Ugw0V9ryDcJ54yoFyrl4AaABAg",
            "reply_content": "\u9023\u7e8c\u767c\u7247\u8d85\u8b9a\u7684",
            "likeCount": 1
        },
        {
            "reply_id": "Ugzu0x7WqlgZD4h5Wd14AaABAg",
            "reply_content": "\u5b89\u557e\u5b8c\u5168\u6c92\u6709\u8b8a\u6b38\u6211\u5f9e\u4e09\u5e74\u524d\u5c31\u6c92\u6709\u770b\u5230\u4f60\u4eca\u5929\u770b\u4e86\u4f60\u7136\u5f8c\u770b\u5230\u4e86\u4f60\u9084\u662f\u597d\u6f02\u4eae\u5594\u6211\u7562\u696d\u4e86\u53ef\u4ee5\u795d\u6211\u7562\u696d\u5feb\u6a02\u55ce",
            "likeCount": 0
        },
        {
            "reply_id": "UgzoYVOMFQFgHpI6ict4AaABAg",
            "reply_content": "\u73fe\u5728\u662f\u5009\u9f20\u6708\u4f60\u9084\u8a18\u5f97\u55ce",
            "likeCount": 0
        },
        {
            "reply_id": "UgzzSwxnVMAHe2s5u414AaABAg",
            "reply_content": "\u4e0b\u6b21\u642d\u770b\u770b\u65b0\u822a\u7684\u982d\u7b49\u8259",
            "likeCount": 0
        },
        {
            "reply_id": "UgzlZmnvHIpjsyG3N6B4AaABAg",
            "reply_content": "\u52a0\u62ff\u5927\u600e\u4e48\u6837\u554a",
            "likeCount": 0
        },
        {
            "reply_id": "Ugw52ClYoRKioA5lMWt4AaABAg",
            "reply_content": "\u4e0d\u77e5\u9053\u70ba\u4ec0\u9ebc\u5b89\u557e\u7684\u98a8\u683c\u7e3d\u662f\u5f88\u53ef\u611b\u53c8\u77e5\u6027",
            "likeCount": 0
        },
        {
            "reply_id": "Ugw6MWgKWqDBxdn9jfp4AaABAg",
            "reply_content": "\u6bcf\u6b21\u98de\u90fd\u62ff\u4e0d\u5230\u8fd9\u4e2a\u76d2\u5b50\uff0c\u5e0c\u671b\u540e\u5929\u53f0\u5317\u98de\u56de\u5bb6\u80fd\u9047\u4e0a\u5440",
            "likeCount": 0
        },
        {
            "reply_id": "UgzXXO0VMQ2xR2xpZit4AaABAg",
            "reply_content": "\u5929\u554a\u8863\u670d\u662f\u53ef\u4ee5\u5e36\u56de\u5bb6\u7684\u55ce?\u6bcf\u6b21\u642d\u98db\u6a5f\u6211\u90fd\u641e\u4e0d\u6e05\u695a\u4ec0\u9ebc\u53ef\u4ee5\u62ff\u4ec0\u9ebc\u4e0d\u884c",
            "likeCount": 0
        },
        {
            "reply_id": "UgwGzJ1UhhykyGZXv114AaABAg",
            "reply_content": "\u6211\u624d\u4e0d\u4fe1\u5b89\u557e\u53ea\u7528\u9707\u52a8\u5668\u5237\u8138",
            "likeCount": 0
        },
        {
            "reply_id": "UgyVRwFttRQl13GxmJZ4AaABAg",
            "reply_content": "\u83f2\u62c9\u683c\u6155",
            "likeCount": 0
        }
    ]
}