{
    "video_info": {
        "id": "33TJk3ku1ZM",
        "channelTitle": "\u5b89\u557e\u54aa",
        "title": "\u9023\u7e8c\u745c\u73c8\u4e00\u9031\u5927\u6311\u6230\uff01\u8eab\u9ad4\u6703\u8d77\u4ec0\u9ebc\u5947\u5999\u7684\u8b8a\u5316...\uff1f| \u5b89\u557e (\u309d\u2200\uff65) \u2661",
        "description": "\u8ddf\u5c0f\u72d0\u72f8\u4e00\u8d77\u52d5\u8d77\u4f86\uff01\n\u9019\u662f\u6211\u9019\u751f\u4e2d\u904b\u52d5\u6700\u5bc6\u96c6\u7684\u4e00\u9031\n\n\u4e09\u661f\u548c Maison Kitsun\u00e9 \u5c0f\u72d0\u72f8\u9996\u6b21\u8d85\u53ef\u611b\u806f\u540d\n\u9ede\u9019\u88e1\u53ef\u4ee5\u4e86\u89e3\u66f4\u591a Maison Kitsun\u00e9 \u5c0f\u72d0\u72f8\u9650\u5b9a\u7248\u55b2\uff1a\nhttps://reurl.cc/95609a\n\n10.25\u9650\u91cf\u958b\u6436\uff01\nGalaxy Watch 4 Maison Kitsun\u00e9 Edition\nhttps://reurl.cc/V50noA\nGalaxy Buds2 Maison Kitsun\u00e9 Edition\nhttps://reurl.cc/vgpGbe\n\n#SamsungxMaisonKitsune \n#MaisonKitsune \n#GalaxyWatch4 \n#GalaxyBuds2\n\n\u27ab \u8a02\u95b1\u5b89\u557e\uff1ahttps://goo.gl/KmLFgD\n\u27ab \u5b89\u557eIG\uff1ahttps://www.instagram.com/anjouclever/\n\u27ab \u5b89\u557eFB\uff1ahttps://www.facebook.com/anjoupikachu/\n\ud83d\udc39 \u73a9\u5177\u958b\u7bb1\u5168\u96c6\uff1ahttps://goo.gl/91ulRJ",
        "likeCount": "3577",
        "commentCount": "293",
        "viewCount": "157379"
    },
    "comments": [
        {
            "reply_id": "UgxmNlLJpfUK1c4X1r54AaABAg",
            "reply_content": "\u5b89\u557e\u59b3\u600e\u9ebc\u6d88\u5931\u4e86\u5169\u500b\u6708",
            "likeCount": 3
        },
        {
            "reply_id": "UgxPGfvzyey5YGXmnLR4AaABAg",
            "reply_content": "\u5b89\u557e\u600e\u9ebc\u4e0d\u898b\u4e86",
            "likeCount": 2
        },
        {
            "reply_id": "UgyezWiVWPaT81irCax4AaABAg",
            "reply_content": "\u85cd\u4ea6\u660e\u4e00\u5b9a\u6368\u4e0d\u5f97\u5206\u624b",
            "likeCount": 2
        },
        {
            "reply_id": "UgzPruVEtLvjEAC1dgt4AaABAg",
            "reply_content": "\u597d\u4e45\u6c92\u770b\u4e86",
            "likeCount": 2
        },
        {
            "reply_id": "UgyoGrfoOWRCvBf6z5h4AaABAg",
            "reply_content": "\u5b89\u63ea\u62dc\u8a17\u7d66\u6211\u4f60\u7684\u96fb\u8a71\u865f\u78bc\u6211\u662f\u59b3\u7684\u7c89\u7d72\u6211\u53eb\u9673\u8a60\u9038",
            "likeCount": 1
        },
        {
            "reply_id": "UgzIcOWPj5bsLHIMphZ4AaABAg",
            "reply_content": "\u6211\u597d\u8010\u6c92\u6709\u770b\u4f60\u7684\u5f71\u7247",
            "likeCount": 1
        },
        {
            "reply_id": "UgwXd8IX8qOWKZkdu4t4AaABAg",
            "reply_content": "\u5b89\u557e\u4f60\u600e\u9ebc\u90fd\u6c92\u6709\u4e0a\u50b3\u65b0\u7684\u5f71\u7247\u59b3\u600e\u9ebc\u4e86\u55ce\uff1f",
            "likeCount": 1
        },
        {
            "reply_id": "UgyWzpeGiFb6VMhkARB4AaABAg",
            "reply_content": "\u5e0c\u671b\u5b89\u557e\u54aa\u8d95\u5feb\u51fa\u7247",
            "likeCount": 1
        },
        {
            "reply_id": "UgzDWngD1Hstal4t2f14AaABAg",
            "reply_content": "\u8001\u5e2b\u597d\u5147",
            "likeCount": 0
        },
        {
            "reply_id": "Ugy_V8j---GrvfIipkV4AaABAg",
            "reply_content": "\u5b89\u557e\u8173\u597d\u9577",
            "likeCount": 0
        },
        {
            "reply_id": "UgwYQHSj5b1xl8HH3AB4AaABAg",
            "reply_content": "\u54c8",
            "likeCount": 0
        },
        {
            "reply_id": "Ugw48X5Je7k4sxZcvnZ4AaABAg",
            "reply_content": "\u6211\u89ba\u5f97\u7a7a\u4e2d\u745c\u4f3d\u7684\u4f11\u606f\u745c\u73c8\u6700\u9069\u5408\u6211",
            "likeCount": 0
        },
        {
            "reply_id": "UgwaWGSVZi45OfF0e4V4AaABAg",
            "reply_content": "\u6700\u8fd1\u770b\u4e86\u65e5\u5287\u6200\u4e4b\u6708\uff0c\u6f14\u5973\u4e3b\u7684\u5fb7\u6c38\u91cc\u7e6a\u548c\u5b89\u557e\u771f\u7684\u597d\u50cf",
            "likeCount": 0
        },
        {
            "reply_id": "Ugwn_MblwcBDeD61oYh4AaABAg",
            "reply_content": "\u6536\u5272\u4e86\u7576\u7136\u4e0d\u6703\u51fa\u7247\u4e86\uff0c\u611f\u8b1d\u4e0a\u5e1d\u4e0d\u7528\u5728\u770b\u5230\u9019\u500b\u5973\u4eba",
            "likeCount": 0
        },
        {
            "reply_id": "UgyM9a9txTPWILa5YEt4AaABAg",
            "reply_content": "\u4f60\u662f\u6298\u53e0\u624b\u673a\u5417",
            "likeCount": 0
        },
        {
            "reply_id": "Ugzm8IEMG4goNk1AKT54AaABAg",
            "reply_content": "\u4f60\u662f\u6298\u758a\u624b\u6a5f\u55ce",
            "likeCount": 0
        },
        {
            "reply_id": "UgwFEHvraLabdLvRdkl4AaABAg",
            "reply_content": "\u6211\u5df2\u7d93\u662f\u4f60\u7684\u8001\u7c89\u4e86",
            "likeCount": 0
        },
        {
            "reply_id": "UgwtIX7WqdpUPycs-Ql4AaABAg",
            "reply_content": "\u600e\u9ebc\u597d\u4e45\u6c92\u66f4\u4e86",
            "likeCount": 0
        },
        {
            "reply_id": "UgwhOIb2-PDx-0MlDFJ4AaABAg",
            "reply_content": "\u597d\u6b63\u5594",
            "likeCount": 0
        },
        {
            "reply_id": "UgwO1As8r5pOPUSfyrJ4AaABAg",
            "reply_content": "\u5b89\u5b89",
            "likeCount": 0
        },
        {
            "reply_id": "UgxkUsYB4Uv38XdM6Od4AaABAg",
            "reply_content": "\u4f60\u600e\u9ebc\u5f88\u4e45\u90fd\u6c92\u51fa\u5f71\u7247",
            "likeCount": 0
        },
        {
            "reply_id": "UgyZjHOre0CuGXknG694AaABAg",
            "reply_content": "\u4e0d\u77e5\u9053\u70ba\u4ec0\u9ebc\u4f60\u6703\u6709\u9019\u9ebc\u591a\u8a02\u95b1\u8005",
            "likeCount": 0
        },
        {
            "reply_id": "UgxtEGrDQAxFXCmd41t4AaABAg",
            "reply_content": "\u62b1\u7dca",
            "likeCount": 0
        },
        {
            "reply_id": "UgxS0FGZRUuRpNNvrM14AaABAg",
            "reply_content": "\u6211\u6703\u7a7a\u4e2d\u745c\u4f3d",
            "likeCount": 0
        },
        {
            "reply_id": "UgzTGhYBawYvexs5vrl4AaABAg",
            "reply_content": "\u4f60\u7684\u624b\u9336\u597d\u53ef\u611b\u5594\u6211\u6703\u7e7c\u7e8c\u652f\u6301\u4f60\u7684",
            "likeCount": 0
        }
    ]
}