{
    "video_info": {
        "id": "7SP6AQTt874",
        "channelTitle": "\u5b89\u557e\u54aa",
        "title": "\u96f2\u6735\u822c\u7684\u84ec\u9b06\u6b50\u59c6\u86cb\u88fd\u4f5c\u5668\uff01\u5c31\u4ea4\u7d66\u9019\u96bb\u5c0f\u96de\uff01| \u5b89\u557e (\u309d\u2200\uff65) \u2661",
        "description": "\u751f\u6d3b\u4e0d\u80fd\u7f3a\u5c11\u86cb\uff01\n\n\u27ab \u8a02\u95b1\u5b89\u557e\uff1ahttps://goo.gl/KmLFgD\n\u27ab \u5b89\u557eIG\uff1ahttps://www.instagram.com/anjouclever/\n\u27ab \u5b89\u557eFB\uff1ahttps://www.facebook.com/anjoupikachu/\n\ud83d\udc39 \u73a9\u5177\u958b\u7bb1\u5168\u96c6\uff1ahttps://goo.gl/91ulRJ",
        "likeCount": "4331",
        "commentCount": "163",
        "viewCount": "121751"
    },
    "comments": [
        {
            "reply_id": "UgwtqFb84C9YdzW-J7F4AaABAg",
            "reply_content": "\u5f88\u559c\u6b61\u5b89\u557e\u6bcf\u6b21\u7684\u98df\u7269\u88fd\u4f5c\u90fd\u5145\u6eff\u8ffd\u6c42\u5b8c\u7f8e\u7684\u614b\u5ea6\u2764",
            "likeCount": 5
        },
        {
            "reply_id": "UgxOLiMdfN-S_bPO7Id4AaABAg",
            "reply_content": "\u7279\u5225\u56de\u53bb\u770b\u4e86\u4e00\u4e0b\u5154\u5b50\u6e6f\u5713\u54c8\u54c8\u54c8",
            "likeCount": 1
        },
        {
            "reply_id": "UgyzEqKJkhGPdA3Bue54AaABAg",
            "reply_content": "\u539f\u4f86\u6b50\u59c6\u86cb\u662f\u9019\u6a23\u505a\u7684\u554a",
            "likeCount": 1
        },
        {
            "reply_id": "Ugz6GkPKx0k_5PXEn4J4AaABAg",
            "reply_content": "\u597d\u50cf\u6de1\u9905",
            "likeCount": 0
        },
        {
            "reply_id": "UgxHE0tHlGp-uBzGEhB4AaABAg",
            "reply_content": "\u5b89\u557e\u4e00\u5e74\u6c92\u770b\u597d\u61f7\u5ff5\u770b\u4e94\u5e74\u4e86\u7ae5\u5e74",
            "likeCount": 0
        },
        {
            "reply_id": "Ugx9LFQlSalu4H3Pp9h4AaABAg",
            "reply_content": "\u4f60\u524d\u9663\u5b50\u662f\u4e0d\u662f\u6709\u9047\u5230\u694a\u5143\u6176",
            "likeCount": 0
        },
        {
            "reply_id": "UgxLXW286V-9rQ0tRMJ4AaABAg",
            "reply_content": "\u7adf\u7136\u8ce6\u4e88\u4e86\u5c0f\u96de\u9019\u9ebc\u6709\u610f\u7fa9\u7684\u6545\u4e8b",
            "likeCount": 0
        },
        {
            "reply_id": "Ugz4ES6rA8yxuoYzyZ94AaABAg",
            "reply_content": "\u54ea\u88e1\u53ef\u4ee5\u8cb7\u6c42\u7db2\u5740",
            "likeCount": 0
        },
        {
            "reply_id": "UgwRWuP-OR0ynC_iBA54AaABAg",
            "reply_content": "\u6f02\u4eae\u7684\u6b50\u59c6\u86cb",
            "likeCount": 0
        },
        {
            "reply_id": "Ugyx5I2O691ndlZ1Q6B4AaABAg",
            "reply_content": "\u756a\u8304\u91ac\u7528\u4e4b\u524d\u5148\u6416\u904e\u624d\u6bd4\u8f03\u597d\u64e0\uff0c\u4e0d\u6703\u6709\u5f97\u66b4\u885d\u5537",
            "likeCount": 0
        },
        {
            "reply_id": "Ugy_ryhCJU3ULeiPwO14AaABAg",
            "reply_content": "\u7528\u7117\u7210\u7117\u4e00\u4e0b\u86cb\u5c31\u4e0d\u6703\u90a3\u9ebc\u5feb\u7e2e\u5c0f\u4e86",
            "likeCount": 0
        },
        {
            "reply_id": "Ugw3s0JY0livTXtZ4tR4AaABAg",
            "reply_content": "\u5b89\u557e\u597d\u53ef\u611b",
            "likeCount": 0
        },
        {
            "reply_id": "Ugwh2B4_DhBJ03zxPcN4AaABAg",
            "reply_content": "\u662f",
            "likeCount": 0
        },
        {
            "reply_id": "UgyIYk5SI4moFYxm9SV4AaABAg",
            "reply_content": "\u771f\u68d2",
            "likeCount": 0
        },
        {
            "reply_id": "UgxV4-U-ybI3a7IEm794AaABAg",
            "reply_content": "\u4e00\u5b9a\u8981\u7559\u8a00",
            "likeCount": 0
        },
        {
            "reply_id": "UgxwCLem3gFEGMaVXy94AaABAg",
            "reply_content": "\u6700\u611b\u5b89\u557e",
            "likeCount": 0
        },
        {
            "reply_id": "Ugxq9V8Ngq78yNqpmch4AaABAg",
            "reply_content": "\u597d\u591a\u86cb\u7684\u4e00\u96bb\u7247",
            "likeCount": 0
        },
        {
            "reply_id": "UgzYrTjRpjyhNPvRooB4AaABAg",
            "reply_content": "\u8981\u662f\u696d\u914d\u7684\u5546\u54c1\u90fd\u662f\u80fd\u4e00\u6298\u8cb7\u5230\u6211\u4e00\u5b9a\u8cb7\u7206",
            "likeCount": 0
        },
        {
            "reply_id": "UgykJE0mK5KcsN8kluN4AaABAg",
            "reply_content": "\u5b89\u557e\u982d\u9aee\u9577\u4e00\u9ede\u6bd4\u8f03\u597d\u770b",
            "likeCount": 0
        },
        {
            "reply_id": "UgyIgfzJbEKY3OiJDm94AaABAg",
            "reply_content": "\u559c\u6b61\u9019\u6b21\u6599\u7406\u6559\u5b78\u9084\u6709\u597d\u5947\u5b89\u557e\u5e73\u5e38\u5728\u90a3\u500b\u7db2\u7ad9\u8cfc\u7269\u6216\u8cb7\u73a9\u5177",
            "likeCount": 13
        },
        {
            "reply_id": "Ugziv158A0DoYPZVq1p4AaABAg",
            "reply_content": "\u5b89\u557e\u5927\u5927\u5f04\u7684\u6b50\u59c6\u86cb\u770b\u8d77\u4f86\u597d\u597d\u5403\u7684\u6a23\u5b50\u5594~",
            "likeCount": 7
        },
        {
            "reply_id": "Ugw9Yb-eFEtgS4c4d6N4AaABAg",
            "reply_content": "\u55e8\u55e8\u55e8\u600e\u9ebc\u611f\u89ba\u9019\u770b\u904e\u4e86",
            "likeCount": 7
        },
        {
            "reply_id": "UgzkQhaGhqXf0na06O14AaABAg",
            "reply_content": "\u524d\u6392",
            "likeCount": 2
        },
        {
            "reply_id": "UgxGamWyPAhHFat-wbR4AaABAg",
            "reply_content": "\u61c9\u8a72\u662f\u8ddf\u8212\u8299\u857e\u4e00\u6a23\uff0c\u51fa\u7210\u5f8c\u6703\u56e0\u70ba\u7a7a\u6c23\u51b7\u537b\u6162\u6162\u584c\u9677",
            "likeCount": 1
        },
        {
            "reply_id": "UgxS0_iWPvMtnaKMcmd4AaABAg",
            "reply_content": "\u770b\u8d77\u4f86\u771f\u7684\u5f88\u597d\u5403\u800c\u5927\u96c5\u53e6\u5916\u4e00\u500b\u7528\u6a5f\u5668\u958b\u767c\u4e86\u5730\u7344\u6599\u7406\u771f\u7684\u662f\u5929\u5dee\u5730\u5225",
            "likeCount": 1
        }
    ]
}