{
    "video_info": {
        "id": "9gsE31_vXcw",
        "channelTitle": "\u5b89\u557e\u54aa",
        "title": "\u70cf\u6885\u5b50\u91ac-\u557ever. \u5728\u865b\u64ec\u571f\u58e4\ud83c\udf31 | \u5b89\u557e (\u309d\u2200\uff65) \u2661",
        "description": "\u557e\u7adf\u662f\u70cf\u6885\uff5e\u9084\u662f\u6885\u5b50\uff1f\nMV\u88e1\u6c92\u6709\u70cf\u6885\u8e64\u5f71 \u53ea\u6709\u6885\u5b50\u5927\u91cf\u767c\u751f\n\u9084\u662f\u5176\u5be6\u69ae\u6d69\u5531\u7684\u662f\n\u55da\uff5e\u6885\u5b50\u91ac\uff1f\uff1f\ud83d\ude35\u200d\ud83d\udcab\ud83d\udcab\n\u4eca\u665a\u6703\u5e36\u8457\u9019\u500b\u7591\u60d1\u5165\u7761\n\n#\u70cf\u6885\u5b50\u91ac\n\u6750\u6599\uff1a\n\u9178\u6885\u6e6f\u5305x1\n\u6c34 1000ml\n\u51b0\u7cd650g\n\u85d5\u7c89 \u9069\u91cf\n\n\u4f5c\u6cd5\uff1a\n1. \u5c07\u6e6f\u5305\u6750\u6599\u7a0d\u5fae\u6e05\u6d17\n2. \u6c34\u548c\u9178\u6885\u6e6f\u5305\u52a0\u5165\u934b\u4e2d\n3. \u716e\u6cb8\u5f8c\u5c0f\u706b\u716e30\u5206\u9418\n4. \u904e\u6ffe\u6389\u6750\u6599\uff08\u5c07\u4e2d\u85e5\u6750\u76e1\u91cf\u6417\u6210\u6ce5\u4e00\u8d77\u904e\u7be9\uff09\n5. \u7e7c\u7e8c\u716e\u6ffe\u597d\u7684\u6e6f\u6c41\u4e26\u52a0\u5165\u51b0\u7cd6\n6. \u652a\u62cc\u6eb6\u89e3 \u5c0f\u706b10\u5206\u9418\n7. \u52a0\u5165\u85d5\u7c89\u6c34 \u652a\u62cc\u5747\u52fb\uff08\u6211\u6293\u7684\u91cf\u5f88\u96a8\u610f\ud83e\udd23\u53ea\u8981\u6700\u5f8c\u80fd\u7a20\u7a20\u7684\u5c31\u597d\uff09\n8. \u8868\u9762\u8d77\u6ce1\u5f8c\u8d77\u934b\n9. \u51b7\u537b\u5f8c\u6703\u8b8a\u6210\u679c\u91ac\uff01\n\n\u27ab \u8a02\u95b1\u5b89\u557e\uff1ahttps://goo.gl/KmLFgD\n\u27ab \u5b89\u557eIG\uff1ahttps://www.instagram.com/anjouclever/\n\u27ab \u5b89\u557eFB\uff1ahttps://www.facebook.com/anjoupikachu/",
        "likeCount": "4165",
        "commentCount": "76",
        "viewCount": "113545"
    },
    "comments": [
        {
            "reply_id": "UgznkeQkDWR392d7bg14AaABAg",
            "reply_content": "\u5b89\u557e\u597d\u9069\u5408\u5531\u9019\u9996\u6b4c\u5594",
            "likeCount": 2
        },
        {
            "reply_id": "UgwmvqaYOBUf9BF9zlx4AaABAg",
            "reply_content": "\u597d\u597d\u807d\u5594",
            "likeCount": 1
        },
        {
            "reply_id": "UgzX6H6C47FvrVTHk714AaABAg",
            "reply_content": "\u7d42\u65bc\u8f49\u578b",
            "likeCount": 1
        },
        {
            "reply_id": "UgxnEdh9EjQpGeTV-_14AaABAg",
            "reply_content": "\u597d\u597d\u807d\u611b\u4e86\u611b\u4e86",
            "likeCount": 0
        },
        {
            "reply_id": "UgxmgYj_dB2H6EkWb6N4AaABAg",
            "reply_content": "\u4e0d\u662f\u5979\u5531\u7684\u4e0d\u8981\u76f8\u4fe1\u5979",
            "likeCount": 0
        },
        {
            "reply_id": "Ugw5CiOG5i_LwQ9eMkZ4AaABAg",
            "reply_content": "\u5b89\u557e\u7684\u5fae\u7b11\u592a\u751c\u4e86",
            "likeCount": 0
        },
        {
            "reply_id": "UgyV47Nd83aO3FbaDYB4AaABAg",
            "reply_content": "\u771f\u5a46",
            "likeCount": 0
        },
        {
            "reply_id": "Ugx-sB_fr_8aQu416bB4AaABAg",
            "reply_content": "\u6211\u786c\u4e86",
            "likeCount": 0
        },
        {
            "reply_id": "UgxY2muZvJ7Ywh03rit4AaABAg",
            "reply_content": "\u597d\u597d\u807d\u554a",
            "likeCount": 0
        },
        {
            "reply_id": "Ugx7yRe4sYvjanDDP5l4AaABAg",
            "reply_content": "\u6211\u90fd\u6703\u60f3\u6210\u70cf\u9b5a\u5b50\u91ac",
            "likeCount": 0
        },
        {
            "reply_id": "UgwHieEO-MnrSZmlbhJ4AaABAg",
            "reply_content": "\u59b3\u662f\u5b89\u63ea\u55ce",
            "likeCount": 0
        },
        {
            "reply_id": "UgwiHY8c9vZlXjy3-ut4AaABAg",
            "reply_content": "\u5531\u5f97\u50cf\u5f31\u667a",
            "likeCount": 0
        },
        {
            "reply_id": "Ugw4z7fnm3Se-php-LV4AaABAg",
            "reply_content": "\u597d\u751c",
            "likeCount": 0
        },
        {
            "reply_id": "UgyNFzI3Sy-_cjcAlGN4AaABAg",
            "reply_content": "\u592a\u5f37\u4e86",
            "likeCount": 0
        },
        {
            "reply_id": "UgyqRMIuBPkm0EgmO0R4AaABAg",
            "reply_content": "\u539f\u4f86\u5b89\u557e\u6703\u5531\u6b4c",
            "likeCount": 0
        }
    ]
}