{
    "video_info": {
        "id": "B0662And9FM",
        "channelTitle": "\u5b89\u557e\u54aa",
        "title": "\u6211\u505a\u4e86\u8d85\u5de8\u5927\u8ff4\u8072\u5009\u9f20\uff01\u5009\u9f20\u56db\u9031\u5e74\u4f01\u5283\uff01| \u5b89\u557e (\u309d\u2200\uff65) \u2661",
        "description": "\u5230\u5e95\u8981\u653e\u54ea\u88e1\u597d\u5462\n\n\u9019\u6b21\u8b1d\u8b1d\u5927\u5bb6\uff5e\n\n@nsfwstudio  \n@ATienDai \n@howfunofficial  \n@crowndu \n@rayduenglish \n\n\u27a8\u5176\u4ed6\u5009\u9f20\ud83d\udc39 \n\u6703\u5b78\u4f60\u8aaa\u8a71\u7684\u840c\u840c\u5c0f\u5009\u9f20 - \u8981\u6210\u70ba\u4e00\u4f4d\u6559\u5b97\u4e0d\u662f\u90a3\u9ebc\u7c21\u55ae\u7684\u4e8b\u60c5!! \nhttps://youtu.be/m8miV2JfeZk\n\u7389\u7c73\u68d2\u5206\u98df\u5668 - \u4e00\u6839\u5206\u6210\u516d\u7b49\u4efd\uff01\u8ddf\u5009\u9f20\u958b\u4e00\u9031\u5e74\u6176\u795d\u6d3e\u5c0d\uff01\nhttps://youtu.be/mciU00RKl8E\n\u5009\u9f20\u4e8c\u9031\u5e74\u4f01\u5283\uff01\u80fd\u6210\u529f\u8b93100\u96bb\u5009\u9f20\u5165\u6559\u55ce\uff1f\uff01\nhttps://youtu.be/YtjUJF74jws\n\u5009\u9f20\u65e5\u4e09\u9031\u5e74\uff01\u6c92\u7761\u89ba\u4e00\u661f\u671f\u88fd\u4f5c\u4e86\u8d85\u58ef\u89c0\u7684\u9aa8\u724c\u6a5f\u95dc\uff01\n\u21e2https://youtu.be/wKscGRMyZIQ\n\n\u27ab \u8a02\u95b1\u5b89\u557e\uff1ahttps://goo.gl/KmLFgD\n\u27ab \u5b89\u557eIG\uff1ahttps://www.instagram.com/anjouclever/\n\u27ab \u5b89\u557eFB\uff1ahttps://www.facebook.com/anjoupikachu/\n\ud83d\udc39 \u73a9\u5177\u958b\u7bb1\u5168\u96c6\uff1ahttps://goo.gl/91ulRJ\n\n\u27a8\u5176\u4ed6\u5b89\u557e\u5f71\u7247\n1/2\u7e2e\u5c0f\u7248\u626d\u86cb\u6a5f \u2606 \u626d\u5230\u4ec0\u9ebc\u5c31\u5403\u4ec0\u9ebc\u7684\u523a\u6fc0\u73a9\u6cd5?!\n\u21e2 https://goo.gl/tSJlNG\n\u6dbc\u9eb5\u6c34\u6a02\u5712 - \u6d41\u6c34\u7d20\u9eb5\u5f9e\u9ad8\u4f4e\u5dee56cm\u7684\u6ed1\u6c34\u9053\u6e9c\u4e0b\u4f86\u4e86\uff01\n\u21e2 https://goo.gl/tgYRy1\n\u3010\u77e5\u80b2\u83d3\u5b50\u3011\u99ac\u6876\u6e05\u6dbc\u98f2\u6599\uff01\u7121\u6cd5\u62db\u67b6\u7684\u5473\u9053\uff01\n\u21e2 https://goo.gl/n0nnyQ\n\u6d77\u5e95\u7e3d\u52d5\u54e12 - Finding Dory \u2606 \u591a\u8389\u5609\u5e74\u83ef\uff01\u9084\u6709\u597d\u591a\u9b5a\u53cb\u5011\uff01\n\u21e2 https://goo.gl/oAn42q\n\u6703\u5b78\u4f60\u8aaa\u8a71\u7684\u840c\u840c\u5c0f\u5009\u9f20 - \u8981\u6210\u70ba\u4e00\u4f4d\u6559\u5b97\u4e0d\u662f\u90a3\u9ebc\u7c21\u55ae\u7684\u4e8b\u60c5!!\n\u21e2 https://goo.gl/8WZaZT\n\nBGM\u4f86\u6e90\uff1ahttp://dova-s.jp/\n\u97f3\u6548\u4f86\u6e90\uff1ahttp://musicisvfr.com/free/index.html",
        "likeCount": "26616",
        "commentCount": "1537",
        "viewCount": "572622"
    },
    "comments": [
        {
            "reply_id": "UgyBZ34FDZySQLFL3qp4AaABAg",
            "reply_content": "\u5009\u9f20\u597d\u53ef\u6190\u4e00\u76f4\u88ab\u6253",
            "likeCount": 1
        },
        {
            "reply_id": "UgzU9okXaZhpSjpA15B4AaABAg",
            "reply_content": "\u5b89\u4e18\u4f60\u597d",
            "likeCount": 0
        },
        {
            "reply_id": "Ugx8oPDl1MpTMFLmXI54AaABAg",
            "reply_content": "\u597d\u597d\u7b11",
            "likeCount": 0
        },
        {
            "reply_id": "UgxXO1A0r-SQENlKwWJ4AaABAg",
            "reply_content": "\u88ab\u6253\u58de\u7684\u6a5f\u5668\u4eba\u660e\u5e74\u5c31\u770b\u7d19\u7bb1\u4e86",
            "likeCount": 0
        },
        {
            "reply_id": "UgzlJDMGRK2XIAOdDrF4AaABAg",
            "reply_content": "\u597d\u9177\u5594",
            "likeCount": 0
        },
        {
            "reply_id": "UgwbJffaKB0QyS5fCEV4AaABAg",
            "reply_content": "\u5fc3\u82e6\u4e86\u5c0d\u4e86\u6ec4\u9f20\u8a18\u5ff5\u65e5\u5feb\u6a02\n\u6211\u6703\u5b63\u7e8c\u96bb\u6301\u4f60\u7684\u5b89\u557e",
            "likeCount": 0
        },
        {
            "reply_id": "UgwUf3_GjOOjh2VL-w54AaABAg",
            "reply_content": "\u592a\u731b\u4e86\u5b89\u557e",
            "likeCount": 0
        },
        {
            "reply_id": "Ugxe9Yy9-BKaSkWUNkx4AaABAg",
            "reply_content": "\u5b89\u557e\u597d\u53b2\u5bb3",
            "likeCount": 0
        },
        {
            "reply_id": "Ugy-QnIh_k44nJw8o_B4AaABAg",
            "reply_content": "\u624b\u5de5\u803f",
            "likeCount": 0
        },
        {
            "reply_id": "Ugxfq9TC7PF-llGGWCF4AaABAg",
            "reply_content": "\u597d\u53b2\u5bb3",
            "likeCount": 0
        },
        {
            "reply_id": "UgzrSUbzfK4_HiS4ssp4AaABAg",
            "reply_content": "\u5782\u8033\u5154\u7684\u6642\u5019\u6bd4\u8f03\u53ef\u611b\u54c8\u54c8\u54c8",
            "likeCount": 0
        },
        {
            "reply_id": "UgwU3ZzHDDHd5JMMeAF4AaABAg",
            "reply_content": "\u671f\u5f85\u4eca\u5e74\u7684\u5009\u9f20\u65e5",
            "likeCount": 0
        },
        {
            "reply_id": "UgzgOeS7fnUrqte5YMh4AaABAg",
            "reply_content": "\u5009\u9f20\u8eca\u8eca",
            "likeCount": 0
        },
        {
            "reply_id": "UgzuQYCa7FnCA5c6s414AaABAg",
            "reply_content": "\u597d\u53ef\u611b\u54e6",
            "likeCount": 0
        },
        {
            "reply_id": "UgyAtHZLaOPD8Mc5XDp4AaABAg",
            "reply_content": "\u4eca\u5e74\u8981\u4e0d\u5728\u4f86\u4e00\u500b\u5929\u7afa\u9f20\u8eca\u8eca",
            "likeCount": 0
        },
        {
            "reply_id": "UgxsCr5GIij7nXYjwid4AaABAg",
            "reply_content": "\u5982\u679c\u9019\u96bb\u5009\u9f20\u4f7f\u7528\u80cc\u7684\u6211\u60f3\u6211\u7684\u5152\u5b50\u6703\u7d2f\u6b7b\uff01",
            "likeCount": 0
        },
        {
            "reply_id": "UgyHiKWXNXi_kJfapl14AaABAg",
            "reply_content": "\u597d\u60f3\u8981",
            "likeCount": 0
        },
        {
            "reply_id": "UgzZD5RxqKShYSvtIPV4AaABAg",
            "reply_content": "\u6211\u7231\u4f60\u5b89\u63ea",
            "likeCount": 0
        },
        {
            "reply_id": "UgwxTV5BjnwtMWudfJJ4AaABAg",
            "reply_content": "\u6211\u7684\u5929\u5450\u597d\u6709\u5fc3\u601d\u5662~\u6211\u8981\u662f\u6709\u90a3\u4e48\u591a\u65f6\u95f4\u6211\u8fd8\u662f\u597d\u597d\u7684\u73cd\u60dc\u65f6\u95f4\u8ffd\u5267\u5427",
            "likeCount": 0
        },
        {
            "reply_id": "UgxCXjb8_NF-EArTr7l4AaABAg",
            "reply_content": "\u597d\u53b2\u5bb3",
            "likeCount": 0
        },
        {
            "reply_id": "UgwbAzWOQ8eawowM8w14AaABAg",
            "reply_content": "\u5f88\u53b2\u5bb3",
            "likeCount": 0
        },
        {
            "reply_id": "UgwmR-gL4wiLGIpj7oh4AaABAg",
            "reply_content": "\u5471\u5409\u771f\u7684\u8001\u5c41\u5b69\u6b38",
            "likeCount": 0
        },
        {
            "reply_id": "Ugx-fdUtaTtVr3Ici8B4AaABAg",
            "reply_content": "\u70ba\u4ec0\u9ebc\u4e0d\u627e\u4eba\u5e6b\u5fd9\u5462",
            "likeCount": 0
        },
        {
            "reply_id": "UgyqxwL7BAJQHHLn9FV4AaABAg",
            "reply_content": "\u660e\u5e74\u8981\u4f5c\u4ec0\u9ebc",
            "likeCount": 0
        },
        {
            "reply_id": "UgzoYY_C0uovYYcny814AaABAg",
            "reply_content": "\u53f0\u7063",
            "likeCount": 0
        }
    ]
}