{
    "video_info": {
        "id": "DO4dTbnVwKQ",
        "channelTitle": "\u5b89\u557e\u54aa",
        "title": "\u9ad4\u9a57\u4e00\u8d9f30\u842c\u7684\u8d85\u8c6a\u83ef\u90f5\u8f2a\u5f0f\u81e5\u92ea\u5217\u8eca\uff01\u65e5\u672c\u4e5d\u5dde\u4e03\u661f\u5217\u8eca\uff01| \u5b89\u557e (\u309d\u2200\uff65) \u2661",
        "description": "\u592a\u5962\u83ef\u4e86 \u9019\u751f\u61c9\u8a72\u53ea\u6709\u9019\u6b21\u55da\u55da\n- - - - - - - - - - - - - - - - - - - - - -\n\u27ab \u8a02\u95b1\u5b89\u557e\uff1ahttps://goo.gl/KmLFgD\n\u27ab \u5b89\u557eFacebook\uff1ahttps://www.facebook.com/anjoupikachu/\n\ud83d\udc39 \u73a9\u5177\u958b\u7bb1\u5168\u96c6\uff1ahttps://goo.gl/91ulRJ\n- - - - - - - - - - - - - - - - - - - - - -\n\n\u306a\u306a\u3064\u661fin\u4e5d\u5dde\n\n- - - - - - - - - - - - - - - - - - - - - -\n\u27a8\u76f8\u95dc\u5f71\u7247\n\n1/2\u7e2e\u5c0f\u7248\u626d\u86cb\u6a5f \u2606 \u626d\u5230\u4ec0\u9ebc\u5c31\u5403\u4ec0\u9ebc\u7684\u523a\u6fc0\u73a9\u6cd5?!\n\u21e2 https://goo.gl/tSJlNG\n\u6dbc\u9eb5\u6c34\u6a02\u5712 - \u6d41\u6c34\u7d20\u9eb5\u5f9e\u9ad8\u4f4e\u5dee56cm\u7684\u6ed1\u6c34\u9053\u6e9c\u4e0b\u4f86\u4e86\uff01\n\u21e2 https://goo.gl/tgYRy1\n\u3010\u77e5\u80b2\u83d3\u5b50\u3011\u99ac\u6876\u6e05\u6dbc\u98f2\u6599\uff01\u7121\u6cd5\u62db\u67b6\u7684\u5473\u9053\uff01\n\u21e2 https://goo.gl/n0nnyQ\n\u6d77\u5e95\u7e3d\u52d5\u54e12 - Finding Dory \u2606 \u591a\u8389\u5609\u5e74\u83ef\uff01\u9084\u6709\u597d\u591a\u9b5a\u53cb\u5011\uff01\n\u21e2 https://goo.gl/oAn42q\n\u6703\u5b78\u4f60\u8aaa\u8a71\u7684\u840c\u840c\u5c0f\u5009\u9f20 - \u8981\u6210\u70ba\u4e00\u4f4d\u6559\u5b97\u4e0d\u662f\u90a3\u9ebc\u7c21\u55ae\u7684\u4e8b\u60c5!!\n\u21e2 https://goo.gl/8WZaZT\n- - - - - - - - - - - - - - - - - - - - - -\nBGM\u4f86\u6e90\uff1ahttp://dova-s.jp/\n\u97f3\u6548\u4f86\u6e90\uff1ahttp://musicisvfr.com/free/index.html",
        "likeCount": "60234",
        "commentCount": "2587",
        "viewCount": "3739176"
    },
    "comments": [
        {
            "reply_id": "UgxCmi81ct-v4dpVitN4AaABAg",
            "reply_content": "\u55e8",
            "likeCount": 1
        },
        {
            "reply_id": "UgzZvTjVRE1kNPCYMI14AaABAg",
            "reply_content": "\u559c\u6b61\u5566",
            "likeCount": 0
        },
        {
            "reply_id": "Ugy6RESbzkkBc333DDJ4AaABAg",
            "reply_content": "\u6d17\u6fa1\u9593\u4e0d\u8981\u7a7f\u5916\u978b\u9032\u5165",
            "likeCount": 0
        },
        {
            "reply_id": "Ugxix-fKU60ATgja3dR4AaABAg",
            "reply_content": "\u4e00\u8d9f\u4e0b\u4f86\u662f\u5e7e\u5929",
            "likeCount": 0
        },
        {
            "reply_id": "Ugx5kuIVS1dckku7Dbx4AaABAg",
            "reply_content": "\u4f60\u7238\u7238\u5abd\u5abd\u5728\u90a3",
            "likeCount": 0
        },
        {
            "reply_id": "Ugwrr2B1krBLkhrW8IZ4AaABAg",
            "reply_content": "\u771f\u7684\u5f88\u68d2\u4eab\u53d7\u8fd8\u5f97\u770b\u8d44\u672c\u4e3b\u4e49\u56fd\u5bb6",
            "likeCount": 0
        },
        {
            "reply_id": "UgzuHGZL5RbA6uyfRbt4AaABAg",
            "reply_content": "\u5f88\u50cf\u9cf4\u65e5\u865f",
            "likeCount": 0
        },
        {
            "reply_id": "UgzvBlctJHWb6OYfTsR4AaABAg",
            "reply_content": "\u5750\u4e2a\u7834\u706b\u8f66\u8fd8\u6709\u60c5\u6000\u51fa\u6765\u4e86\u8fd9\u4eba\u662f\u4e0d\u662f\u8303\u8d31",
            "likeCount": 0
        },
        {
            "reply_id": "UgzXVW800aQaFjNZOaV4AaABAg",
            "reply_content": "\u4ea4\u667a\u5546\u7a0e\u5728\u6211\u4eec\u5927\u4e2d\u56fd\u8fd9\u73a9\u610f\u90fd\u4e0d\u7a00\u7684\u5750\u4ec0\u4e48\u73a9\u610f\u70c2\u6fa1\u7684\u3002\u6666\u6c14",
            "likeCount": 0
        },
        {
            "reply_id": "UgzJJ_TGKADWQ2fpJTN4AaABAg",
            "reply_content": "\u8d85\u68d2\u7684\u9ad4\u9a57",
            "likeCount": 0
        },
        {
            "reply_id": "UgyxtuzUv5bhZ9-Rweh4AaABAg",
            "reply_content": "\u6211\u4e5f\u60f3\u53bb\u4f4f\u8036",
            "likeCount": 0
        },
        {
            "reply_id": "UgzwihLJiaFJXztrNOt4AaABAg",
            "reply_content": "\u5c06\u8fd1\u4e00\u4e07\u6b27\u5143\u6211\u7684\u5929",
            "likeCount": 0
        },
        {
            "reply_id": "UgwgFOvxkKt9ETRH17V4AaABAg",
            "reply_content": "\u5b89\u557e\u6211\u4e0d\u8981\u559c\u6b61\u4f60\u7684\u8996\u983b\u4f60\u628a\u4e5d\u5dde\u7d2b\u834a\u7684\u5716\u7247\u50b3\u7d66\u9ec3\u5955\u7401\u4ed6\u662f\u771f\u7684\u55ce\u56e0\u70ba\u4ed6\u4e5f\u62cd\u4e86\u4e00\u500b\u4e5d\u5dde\u4e4b\u5fc3\u88e1\u90a3\u90fd\u8ddf\u4f60\u7684\u4e00\u6a21\u4e00\u6a23\u6240\u4ee5\u6211\u89ba\u5f97\u61c9\u8a72\u662f\u4f60\u50b3\u904e\u53bb\u4e86\u4ed6\u4e4b\u5f8c\u4e5f\u8b1b\u4e86\u6240\u4ee5\u6211\u89ba\u5f97\ud83d\ude00\ud83d\ude00\ud83d\ude00",
            "likeCount": 0
        },
        {
            "reply_id": "UgyIlpqd9baP4tFcN_54AaABAg",
            "reply_content": "\u5409\u7965\u7269\u597d\u53ef\u7231\u5440",
            "likeCount": 0
        },
        {
            "reply_id": "UgzMNIOTPT9C223TOsx4AaABAg",
            "reply_content": "\u597d\u6b63",
            "likeCount": 0
        },
        {
            "reply_id": "UgzH1Hz43bpr1YqMI0d4AaABAg",
            "reply_content": "\u597d\u50cf\u771f\u7684\u5f88\u597d\u73a9",
            "likeCount": 0
        },
        {
            "reply_id": "UgyW4XaPBrPmyGDC0KN4AaABAg",
            "reply_content": "\u9019\u500b\u53f0\u7063\u570b\u8a9e\u771f\u7684\u597d\u53ef\u611b",
            "likeCount": 0
        },
        {
            "reply_id": "UgzJ8mfXvRGqHt_KrDF4AaABAg",
            "reply_content": "\u98ce\u666f\u9a6c\u9a6c\u864e\u864e\u5566",
            "likeCount": 0
        },
        {
            "reply_id": "UgyN0Xhf88a7e9NlVZV4AaABAg",
            "reply_content": "\u54c8\u55bd",
            "likeCount": 0
        },
        {
            "reply_id": "UgwUsmD1lIvo2MLfDvd4AaABAg",
            "reply_content": "\u91ce\u5993",
            "likeCount": 0
        },
        {
            "reply_id": "UgyVj9dwe2ZhUAaTMzJ4AaABAg",
            "reply_content": "\u597d\u68d2\u7684\u706b\u8eca",
            "likeCount": 0
        },
        {
            "reply_id": "UgzqAPuLrUWRQvWWcrB4AaABAg",
            "reply_content": "\u611f\u89ba\u597d\u68d2",
            "likeCount": 0
        },
        {
            "reply_id": "Ugwxd98l3YVz7SEwWi14AaABAg",
            "reply_content": "\u592a\u68d2\u4e86\u5566",
            "likeCount": 0
        },
        {
            "reply_id": "UgzlVx1SeJoHvyBazrh4AaABAg",
            "reply_content": "\u7761\u89c9",
            "likeCount": 0
        },
        {
            "reply_id": "UgwlqF8t3WVugi0CoMN4AaABAg",
            "reply_content": "\u90a3\u9700\u8981\u6703\u8b1b\u82f1\u6587\u6216\u65e5\u6587\u55ce\uff1f\u624d\u80fd\u8ddf\u670d\u52d9\u4eba\u54e1\u6e9d\u901a",
            "likeCount": 0
        }
    ]
}