{
    "video_info": {
        "id": "G0s05o6HFSY",
        "channelTitle": "\u5b89\u557e\u54aa",
        "title": "\u5728\u5bb6\u6311\u6230\u505a\u8d85\u9165\u8106\u70b8\u8766\uff01\u5361\u6ecb\u5361\u6ecb\u7684\u8072\u97f3\u53ea\u6709\u7642\u7652\uff01| \u5b89\u557e (\u309d\u2200\uff65) \u2661",
        "description": "\u6709\u70b8\u8766\u5728\u5929\u4e0a\u98db\uff01\n\n\n#\u7dba\u9e97\u5065\u5eb7\u6cb9\u9ad4\u9a57\n#\u7528\u6cb9\u4e0d\u518d\u7dca\u5f35\u516e\u516e\n\n\u27ab \u8a02\u95b1\u5b89\u557e\uff1ahttps://goo.gl/KmLFgD\n\u27ab \u5b89\u557eIG\uff1ahttps://www.instagram.com/anjouclever/\n\u27ab \u5b89\u557eFB\uff1ahttps://www.facebook.com/anjoupikachu/\n\ud83d\udc39 \u73a9\u5177\u958b\u7bb1\u5168\u96c6\uff1ahttps://goo.gl/91ulRJ\n\n\u27a8\u5176\u4ed6\u5b89\u557e\u5f71\u7247\n1/2\u7e2e\u5c0f\u7248\u626d\u86cb\u6a5f \u2606 \u626d\u5230\u4ec0\u9ebc\u5c31\u5403\u4ec0\u9ebc\u7684\u523a\u6fc0\u73a9\u6cd5?!\n\u21e2 https://goo.gl/tSJlNG\n\u6dbc\u9eb5\u6c34\u6a02\u5712 - \u6d41\u6c34\u7d20\u9eb5\u5f9e\u9ad8\u4f4e\u5dee56cm\u7684\u6ed1\u6c34\u9053\u6e9c\u4e0b\u4f86\u4e86\uff01\n\u21e2 https://goo.gl/tgYRy1\n\u3010\u77e5\u80b2\u83d3\u5b50\u3011\u99ac\u6876\u6e05\u6dbc\u98f2\u6599\uff01\u7121\u6cd5\u62db\u67b6\u7684\u5473\u9053\uff01\n\u21e2 https://goo.gl/n0nnyQ\n\u6d77\u5e95\u7e3d\u52d5\u54e12 - Finding Dory \u2606 \u591a\u8389\u5609\u5e74\u83ef\uff01\u9084\u6709\u597d\u591a\u9b5a\u53cb\u5011\uff01\n\u21e2 https://goo.gl/oAn42q\n\u6703\u5b78\u4f60\u8aaa\u8a71\u7684\u840c\u840c\u5c0f\u5009\u9f20 - \u8981\u6210\u70ba\u4e00\u4f4d\u6559\u5b97\u4e0d\u662f\u90a3\u9ebc\u7c21\u55ae\u7684\u4e8b\u60c5!!\n\u21e2 https://goo.gl/8WZaZT\n\nBGM\u4f86\u6e90\uff1ahttp://dova-s.jp/\n\u97f3\u6548\u4f86\u6e90\uff1ahttp://musicisvfr.com/free/index.html",
        "likeCount": "10104",
        "commentCount": "436",
        "viewCount": "426364"
    },
    "comments": [
        {
            "reply_id": "UgzlPwvpX9Wb6X_RF054AaABAg",
            "reply_content": "\u85cd\u5abd\u5abd\u7d66\u904e\u5c31\u884c\u4e86",
            "likeCount": 1
        },
        {
            "reply_id": "UgyEYflQFaa5X8upfKJ4AaABAg",
            "reply_content": "\u5b89\u557e\u5b89\u557e\u5b89\u557e",
            "likeCount": 0
        },
        {
            "reply_id": "Ugwjh8NRe7XrK7jwu9p4AaABAg",
            "reply_content": "\u5b89\u557e",
            "likeCount": 0
        },
        {
            "reply_id": "Ugw0BDNoHpFhLB7nFp14AaABAg",
            "reply_content": "\u770b\u8d77\u4f86\u5f88\u60f3\u98df",
            "likeCount": 0
        },
        {
            "reply_id": "UgxhawdxaIh-Kr2W7tp4AaABAg",
            "reply_content": "\u54c8\u54c8\u54c8\u54c8\u54c8\u54c8\u54c8\u4e0d\u77e5\u9053\u70ba\u4ec0\u9ebc\u6211\u770b\u5230\u8178\u6ce5\u5f85\u88dc\u5c31\u72c2\u7b11",
            "likeCount": 0
        },
        {
            "reply_id": "Ugy73XGUn4IrjxY78CV4AaABAg",
            "reply_content": "\u7d42\u65bc\u4e0d\u662f\u77e5\u80b2\u83d3\u5b50\u4e86",
            "likeCount": 0
        },
        {
            "reply_id": "UgyXqrynxiLaQQi9MiV4AaABAg",
            "reply_content": "\u8766\u5b50\u4ee5\u5f8c\u53ef\u4ee5\u62ff\u6d17\u5200\u628a\u88ab\u5256\u958b\u5728\u6311\u51fa\u8178\u6ce5\u5594!",
            "likeCount": 0
        },
        {
            "reply_id": "UgwV9CXLBvBOBxxu1oR4AaABAg",
            "reply_content": "\u597d\u53ef\u611b\u7684\u9910\u9ede\u540d\u5b57",
            "likeCount": 0
        },
        {
            "reply_id": "UgwCKiSklrGSkpqGSDl4AaABAg",
            "reply_content": "\u5c01\u9762\u6709\u9ede\u50cf\u6df1\u7530\u8a60\u7f8e",
            "likeCount": 0
        },
        {
            "reply_id": "UgyLtSLp3KhEu2Y1rF94AaABAg",
            "reply_content": "\u600e\u9ebc\u611f\u89ba\u597d\u5fc3\u865b\u5566\u5b89\u557e\u54c8\u54c8\u54c8",
            "likeCount": 0
        },
        {
            "reply_id": "UgxeegARwprDUBaoDRt4AaABAg",
            "reply_content": "\u6211\u4e5f\u4e0d\u559c\u6b61\u5403\u8304\u5b50",
            "likeCount": 0
        },
        {
            "reply_id": "Ugx0NImSIGWTaMovpz94AaABAg",
            "reply_content": "\u6211\u5bb6\u6709\u540c\u6b3e\u9505\u5b50",
            "likeCount": 0
        },
        {
            "reply_id": "UgxMQBp_gSxhgpAf1XF4AaABAg",
            "reply_content": "\u770b\u8d77\u4f86\u5c31\u5f88\u597d\u5403",
            "likeCount": 0
        },
        {
            "reply_id": "Ugw4NG6Wyk1frgcLtkV4AaABAg",
            "reply_content": "\u53f0\u65e5",
            "likeCount": 0
        },
        {
            "reply_id": "UgzBsq8O-15StwuzPJt4AaABAg",
            "reply_content": "\u611f\u89c9\u5f88\u597d\u5403",
            "likeCount": 0
        },
        {
            "reply_id": "Ugx3xIeGcOJLzLxzNmp4AaABAg",
            "reply_content": "\u5b89\u557e\u597d\u7ec6\u5fc3\u54e6",
            "likeCount": 0
        },
        {
            "reply_id": "UgwTooewlNhXHMn4XU54AaABAg",
            "reply_content": "\u7d05\u77f3\u53e3\u888b\u662f\u4ec0\u9ebc",
            "likeCount": 0
        },
        {
            "reply_id": "UgwT11PUOmqc5yXgLaN4AaABAg",
            "reply_content": "\u795d\u5b89\u557e\u696d\u914d\u591a\u591a",
            "likeCount": 0
        },
        {
            "reply_id": "UgxwDOXEQ7QlODlboAF4AaABAg",
            "reply_content": "\u73fe\u5728\u6211\u7684\u53e3\u6c34\u76f4\u6d41",
            "likeCount": 1
        },
        {
            "reply_id": "UgyBD1rm5JKUYId7gZ94AaABAg",
            "reply_content": "\u5b89\u557e\u597d\u53b2\u5bb3\u54e6",
            "likeCount": 0
        },
        {
            "reply_id": "UgyHiH6q6L3sdfHU5yp4AaABAg",
            "reply_content": "\u59b3\u7d50\u5a5a\u4e86\u55ce",
            "likeCount": 0
        },
        {
            "reply_id": "Ugy8NPewCCEvLoCmHup4AaABAg",
            "reply_content": "\u9019\u6b21\u5403\u5b8c\u80d6\u672c\u5e7e\u65a4",
            "likeCount": 0
        },
        {
            "reply_id": "Ugw-kFJG4jD9FGopWpl4AaABAg",
            "reply_content": "\u600e\u9ebc\u4e0d\u53eb\u85cd\u4ea6\u660e\u70b8\u7d66\u59b3\u5403\u5462",
            "likeCount": 0
        },
        {
            "reply_id": "UgyRl65GdJw6UFF0zBh4AaABAg",
            "reply_content": "\u8981\u5148\u628a\u8766\u5b50\u958b\u80cc\u624d\u597d\u6311\u8178\u6ce5",
            "likeCount": 0
        },
        {
            "reply_id": "Ugx7Rx4g9zBW5xtMHoF4AaABAg",
            "reply_content": "\u89d2\u843d\u751f\u7269\u7684\u70b8\u8766",
            "likeCount": 0
        }
    ]
}