{
    "video_info": {
        "id": "H_Y__1Vb_AI",
        "channelTitle": "\u5b89\u557e\u54aa",
        "title": "\u53f0\u7063\u591c\u5e02\u5c0f\u5403\u88fd\u4f5c\u5668\uff01\u9023\u9019\u4e9b\u90fd\u80fd\u7528\u73a9\u5177\u505a\u5f97\u51fa\u4f86\uff1f| \u5b89\u557e (\u309d\u2200\uff65) \u2661",
        "description": "\u4e0b\u6b21\u53bb\u8cb7\u4eba\u751f\u7b2c\u4e00\u652f\u70ab\u98a8\u85af\u5854\n\n\u27ab \u8a02\u95b1\u5b89\u557e\uff1ahttps://goo.gl/KmLFgD\n\u27ab \u5b89\u557eIG\uff1ahttps://www.instagram.com/anjouclever/\n\u27ab \u5b89\u557eFB\uff1ahttps://www.facebook.com/anjoupikachu/\n\ud83d\udc39 \u73a9\u5177\u958b\u7bb1\u5168\u96c6\uff1ahttps://goo.gl/91ulRJ",
        "likeCount": "10524",
        "commentCount": "386",
        "viewCount": "340298"
    },
    "comments": [
        {
            "reply_id": "UgyRYboWklGmaA8uNZd4AaABAg",
            "reply_content": "\u5b89\u557e\u7d42\u65bc\u60f3\u8d77\u983b\u9053\u7684\u5bc6\u78bc\u4e86",
            "likeCount": 2923
        },
        {
            "reply_id": "Ugwl0-9C4voMrW6S8TR4AaABAg",
            "reply_content": "\u7b2c\u4e09\u4e2a\u597d\u50cf\u6d17\u8138\u7684\u6253\u6ce1\u5668",
            "likeCount": 1
        },
        {
            "reply_id": "UgxWdT0aUsc8mABYGnR4AaABAg",
            "reply_content": "\u9019\u96c6\u592a\u641e\u7b11\u4e86",
            "likeCount": 1
        },
        {
            "reply_id": "Ugzzq9qQDIIqYmGT0094AaABAg",
            "reply_content": "\u773c\u775b\u597d\u50cf\u602a\u602a\u7684",
            "likeCount": 1
        },
        {
            "reply_id": "UgwEGO8WsY3vH8GMKAl4AaABAg",
            "reply_content": "\u597d\u770b",
            "likeCount": 0
        },
        {
            "reply_id": "UgyeV-RDtPFz2KXdw4x4AaABAg",
            "reply_content": "\u8d85\u8b9a\u7684\u7f8e\u98df\u5c0f\u5403",
            "likeCount": 0
        },
        {
            "reply_id": "UgztrBZMSteKXw-7qYh4AaABAg",
            "reply_content": "\u597d\u7fa8\u6155\u5594",
            "likeCount": 0
        },
        {
            "reply_id": "UgyV_zvdRTqf6hiGZkx4AaABAg",
            "reply_content": "\u96d9\u773c\u76ae\u8b8a\u660e\u986f\u4e86",
            "likeCount": 0
        },
        {
            "reply_id": "UgztpcVAe0oIFXmRBXx4AaABAg",
            "reply_content": "\u4e0d\u77e5\u9053\u70ba\u4ec0\u9ebc\u770b\u5b89\u557e\u9019\u6a23\u5f88\u52aa\u529b\u4e0d\u61c8\u6700\u5f8c\u4eab\u53d7\u6210\u679c\u6642\u537b\u6709\u9ede\u56e7\u56e7\u7684\u6a23\u5b50\u5c31\u597d\u7642\u7652\ud83d\ude02",
            "likeCount": 0
        },
        {
            "reply_id": "Ugxkyyq-3KGBlJ2kvnJ4AaABAg",
            "reply_content": "\u7121\u8ad6\u5982\u4f55\u4e00\u5b9a\u8981\u4f86\u7c3d\u5230",
            "likeCount": 0
        },
        {
            "reply_id": "UgyNcJlLHWHEurKLvFp4AaABAg",
            "reply_content": "\u7b11\u8072\u5f88\u53ef\u611b",
            "likeCount": 0
        },
        {
            "reply_id": "UgxAgDrH4J1kWBhScCh4AaABAg",
            "reply_content": "\u99ac\u9234\u85af\u63d2\u9032\u53bb\u61c9\u8a72\u662f\u8981\u8f49\u7684\n\u4e0a\u9762\u6709\u87ba\u65cb\u72c0\u7684\u6771\u897f",
            "likeCount": 0
        },
        {
            "reply_id": "Ugwi7AWJ6sSpHAX5lch4AaABAg",
            "reply_content": "\u85af\u7247\u611f\u89ba\u7528\u70e4\u6216\u6c23\u70b8\u61c9\u8a72\u6bd4\u8f03\u597d\u5403",
            "likeCount": 0
        },
        {
            "reply_id": "UgybZ76rZbZ4e0ajuXZ4AaABAg",
            "reply_content": "\u770b\u5230\u58de\u6389\u7684\u5b89\u557e\u54c8\u54c8\u54c8",
            "likeCount": 0
        },
        {
            "reply_id": "UgzjVZY-YuUzlsEj5IF4AaABAg",
            "reply_content": "\u64e0\u5976\u84cb\u90a3\u4e00\u6bb5\u592a\u7206\u7b11\u4e86\uff0c\u73a9\u9019\u500b\u73a9\u5177\u771f\u662f\u4e0d\u5bb9\u6613\u554a",
            "likeCount": 0
        },
        {
            "reply_id": "Ugw7PyA_4Q6QlrLxnv94AaABAg",
            "reply_content": "\u5b89\u557e\u53bb\u5272\u96d9\u773c\u76ae\u4e86\u55ce",
            "likeCount": 0
        },
        {
            "reply_id": "UgzK5EqsjvwlB65JsmN4AaABAg",
            "reply_content": "\u7d42\u65bc\u56de\u6b78",
            "likeCount": 0
        },
        {
            "reply_id": "UgzeEq4WS3uwp4ffMI14AaABAg",
            "reply_content": "\u53ea\u6709\u5b89\u557e\u53ef\u4ee5\u8b93\u9019\u4e9b\u73a9\u5177\u90a3\u9ebc\u6709\u7528",
            "likeCount": 0
        },
        {
            "reply_id": "UgzXVH8zKFOrMf82bSh4AaABAg",
            "reply_content": "\u99ac\u9234\u85af\u56fa\u5b9a\u90a3\u908a\u4e0d\u662f\u7528\u8f49\u7684\u55ce",
            "likeCount": 0
        },
        {
            "reply_id": "Ugyh4P7DhvSMtfOYkyp4AaABAg",
            "reply_content": "\u61c9\u8a72\u662f\u53bb\u5272\u96d9\u773c\u76ae\u4e86",
            "likeCount": 0
        },
        {
            "reply_id": "UgzopYSN9sp8Zx2jtw94AaABAg",
            "reply_content": "\u6211\u9084\u4ee5\u70ba\u662f\u745c\u4f3d\u592a\u7d2f\u624d\u6c92\u62cd\u7247",
            "likeCount": 3
        },
        {
            "reply_id": "UgzGHJq9a5ihb3B0icV4AaABAg",
            "reply_content": "\u770b\u5b89\u557e\u5f71\u7247\u597d\u7642\u7652\uff0c\u6bcf\u6b21\u90fd\u88ab\u53ef\u611b\u7684\u5446\u840c\u9ede\u6703\u5fc3\u4e00\u7b11",
            "likeCount": 3
        },
        {
            "reply_id": "UgwV6AV7z7yx_-xqAQN4AaABAg",
            "reply_content": "\u5b89\u557e\u771f\u7684\u662f\u5f88\u7642\u7652\u4fc2\u7684\u983b\u9053",
            "likeCount": 2
        },
        {
            "reply_id": "UgxZV2uJ8_bWLyfp1V94AaABAg",
            "reply_content": "\u6709\u87ba\u7d0b\u53ef\u4ee5\u7528\u8f49\u7684\u5427",
            "likeCount": 2
        },
        {
            "reply_id": "UgzeH2NbzJXds1M4vil4AaABAg",
            "reply_content": "\u4ee5\u524d\u6bd4\u8f03\u6f02\u4eae",
            "likeCount": 1
        }
    ]
}