{
    "video_info": {
        "id": "hyryafpmgCg",
        "channelTitle": "\u5b89\u557e\u54aa",
        "title": "\u97d3\u570b\u6700\u9ad8\u7a7a\u516d\u661f\u7d1a\u98ef\u5e97\ud83c\udf1f \u4eca\u665a\u4f4f\u572889\u6a13\uff01\u5f77\u5f7f\u4f4f\u5728\u96f2\u7aef\u2601 | \u5b89\u557e (\u309d\u2200\uff65) \u2661",
        "description": "\u4e00\u665a\u65a5\u8cc73\u842c\u7684\u5357\u97d3\u7b2c\u4e00\u9ad8\u7a7a\u98ef\u5e97\uff01\n\u865f\u7a31\u516d\u661f\u7d1a\uff01\u5230\u5e95\u4f4f\u8d77\u4f86\u662f\u4ec0\u9ebc\u611f\u89ba\u5462\n\n\u27ab \u8a02\u95b1\u5b89\u557e\uff1ahttps://goo.gl/KmLFgD\n\u27ab \u5b89\u557eIG\uff1ahttps://www.instagram.com/anjouclever/\n\u27ab \u5b89\u557eFB\uff1ahttps://www.facebook.com/anjoupikachu/\n\ud83d\udc39 \u73a9\u5177\u958b\u7bb1\u5168\u96c6\uff1ahttps://goo.gl/91ulRJ",
        "likeCount": "3212",
        "commentCount": "113",
        "viewCount": "94982"
    },
    "comments": [
        {
            "reply_id": "Ugw4_L3nc--Dl0ylScB4AaABAg",
            "reply_content": "\u5373\u4fbf\u4e0a\u73ed\u4e2d\u4e5f\u4e0d\u80fd\u963b\u6b62\u6211\u770b\u5b89\u557e\u5927\u5927\u7684\u5f71\u7247\ud83d\udc4d",
            "likeCount": 10
        },
        {
            "reply_id": "Ugw4nAZnGqIt5bbj5514AaABAg",
            "reply_content": "\u6211\u53ea\u807d\u904e\u4e94\u661f\u7d1a\u6c92\u60f3\u5230\u570b\u5916\u7adf\u7136\u6709\u4e94\u661f\u7d1a\u4ee5\u4e0a\u7684\u800c\u4e14\u591c\u666f\u4e5f\u5f88\u7f8e",
            "likeCount": 2
        },
        {
            "reply_id": "UgyR-Pn7YMD8qXCorYB4AaABAg",
            "reply_content": "\u6211\u770b\u4f60",
            "likeCount": 1
        },
        {
            "reply_id": "UgzuGWJEssvzbt3N7b14AaABAg",
            "reply_content": "\u6a3a\u9054\u5976\u8336\u7684\u98f2\u6599\u888b\u4e5f\u662f\u9019\u7a2e\u7684\u5537",
            "likeCount": 1
        },
        {
            "reply_id": "Ugx159Q1hQlwbr-XAOV4AaABAg",
            "reply_content": "\u6ef4\u59b9\u6703\u4f86\u7559\u8a00\u55ce",
            "likeCount": 1
        },
        {
            "reply_id": "UgxoKi2u0EG-tX3G5uB4AaABAg",
            "reply_content": "\u7f3a\u4e00\u500b\u5973\u5a7f",
            "likeCount": 1
        },
        {
            "reply_id": "UgxoOu1zkF6MlGtYDXZ4AaABAg",
            "reply_content": "\u85cd\u6559\u982d\u5728\u558a\u5728",
            "likeCount": 1
        },
        {
            "reply_id": "UgwwgdX1AJnlvCUkQel4AaABAg",
            "reply_content": "\u6211\u78ba\u8a3a\u4e86\u5e0c\u671b\u5b89\u557e\u59d0\u59d0\u53ef\u4ee5\u8aaa\u795d\u6211\u65e9\u65e5\u5eb7\u5fa9",
            "likeCount": 1
        },
        {
            "reply_id": "Ugwx0KhcHPZjZE4TbZJ4AaABAg",
            "reply_content": "\u60f3\u4e0d\u5230\u8981\u7559\u4ec0\u9ebc\u4e86",
            "likeCount": 1
        },
        {
            "reply_id": "UgzgBCQM19XrvOACP2Z4AaABAg",
            "reply_content": "\u597d\u68d2\u7684\u98ef\u5e97",
            "likeCount": 0
        },
        {
            "reply_id": "Ugwp5sjO020zb0gdRdR4AaABAg",
            "reply_content": "\u592a\u8b9a\u4e86\u5427",
            "likeCount": 0
        },
        {
            "reply_id": "Ugw-rVSlwO2LgBBHfeV4AaABAg",
            "reply_content": "\u4e0d\u8667\u662f\u65e5\u7cfb\u7684\u5b89\u557e\uff0c\u557e\u5abd\u76f4\u63a5\u88ab\u97d3\u570b\u4eba\u7576\u6210\u65e5\u672c\u4eba",
            "likeCount": 0
        }
    ]
}