{
    "video_info": {
        "id": "IGt_pS04D64",
        "channelTitle": "\u5b89\u557e\u54aa",
        "title": "\u6311\u6230100\u9846\u624b\u4f5c\u5009\u9f20\u9020\u578b\u99ac\u5361\u9f8d\uff01\u4e00\u65e5\u9650\u5b9a\u8ca9\u552e\u92b7\u91cf\u5982\u4f55\uff1f\uff01\u300a\u5009\u9f20\u516d\u9031\u5e74\u300b| \u5b89\u557e (\u309d\u2200\uff65) \u2661",
        "description": "\u771f\u7684\u5f88\u611f\u8b1d\u6240\u6709\u524d\u4f86\u7684\u89c0\u773e\u548c\u8f9b\u82e6\u7684\u5de5\u4f5c\u4eba\u54e1\n\u5e0c\u671b\u5c0f\u5009\u9f20\u5011\u8207\u6211\u80fd\u5e74\u5fa9\u4e00\u5e74\u4e00\u76f4\u5e36\u7d66\u5927\u5bb6\u597d\u591a\u5feb\u6a02\uff5e\n\nLinda\u8001\u5e2bFB\uff1ahttps://www.facebook.com/linda771015\n\u99ac\u5361\u9f8d\u98a8\u5473\u7814\u7a76\u5ba4\uff1ahttps://reurl.cc/vWzEaa\n\n\u27ab \u8a02\u95b1\u5b89\u557e\uff1ahttps://goo.gl/KmLFgD\n\u27ab \u5b89\u557eIG\uff1ahttps://www.instagram.com/anjouclever/\n\u27ab \u5b89\u557eFB\uff1ahttps://www.facebook.com/anjoupikachu/\n\ud83d\udc39 \u73a9\u5177\u958b\u7bb1\u5168\u96c6\uff1ahttps://goo.gl/91ulRJ",
        "likeCount": "5103",
        "commentCount": "183",
        "viewCount": "112478"
    },
    "comments": [
        {
            "reply_id": "UgzJnMY_70xiVxuHOsB4AaABAg",
            "reply_content": "\u6211\u90fd\u8a8d\u4e0d\u51fa\u5b89\u557e",
            "likeCount": 1
        },
        {
            "reply_id": "UgwuA-IuO16KiZaJRXV4AaABAg",
            "reply_content": "\u5b89\u557e\u7684\u96d9\u773c\u76ae\u662f\u4e0d\u4e8b\u8b8a\u5927\u4e86",
            "likeCount": 1
        },
        {
            "reply_id": "UgzgZvHRz-MkY5EnC4B4AaABAg",
            "reply_content": "\u5b89\u5c0f\u59d0\u771f\u662f\u8d8a\u4f86\u8d8a\u7f8e\u4e86\u5462",
            "likeCount": 1
        },
        {
            "reply_id": "UgxgXHD4jmuhNQzWjkl4AaABAg",
            "reply_content": "\u6c92\u60f3\u5230\u90a3\u90e8\u5009\u9f20\u5f71\u7247\u7adf\u7136\u516d\u5e74\u4e86",
            "likeCount": 1
        },
        {
            "reply_id": "Ugyz0zAl7DXwDtuApft4AaABAg",
            "reply_content": "\u597d\u53ef\u611b",
            "likeCount": 0
        },
        {
            "reply_id": "UgzzheQ3n9PTg_z6zB14AaABAg",
            "reply_content": "\u6700\u611b\u5b89\u63ea",
            "likeCount": 0
        },
        {
            "reply_id": "UgxMIecs49flmYsPF8p4AaABAg",
            "reply_content": "\u5b89\u557e\u662f\u4e0d\u662f\u6709\u5272\u96d9\u773c\u76ae",
            "likeCount": 0
        },
        {
            "reply_id": "Ugys6LXmqT9F0XM0IrB4AaABAg",
            "reply_content": "\u5b89\u557e\u7f8e\u5973\u5b89\u557e\u7f8e\u5973",
            "likeCount": 0
        },
        {
            "reply_id": "Ugzy6ahthMD30J8993J4AaABAg",
            "reply_content": "\u8d85\u68d2\u7684",
            "likeCount": 0
        },
        {
            "reply_id": "Ugy01FMn5SmCW6ZHufJ4AaABAg",
            "reply_content": "\u55da\u55da\u597d\u60f3\u5403",
            "likeCount": 0
        },
        {
            "reply_id": "Ugx4_Nuk1yDj3REe5RN4AaABAg",
            "reply_content": "\u6642\u9593\u904e\u597d\u5feb",
            "likeCount": 0
        },
        {
            "reply_id": "UgwWXw3qO5dF-qdx3uZ4AaABAg",
            "reply_content": "\u597d\u5f71\u7247",
            "likeCount": 0
        },
        {
            "reply_id": "Ugweo6mxivUJNMNZLY54AaABAg",
            "reply_content": "\u5b89\u557e\u54aa\u597d\u68d2",
            "likeCount": 0
        },
        {
            "reply_id": "UgyJ9aB97KU3O2kc0I14AaABAg",
            "reply_content": "\u4e4b\u524d\u5728\u65e5\u672c\u90a3\u6b21\u96d6\u7136\u4e0d\u7b97\u8ddf\u7c89\u7d72\u4e92\u52d5\uff0c\u4f46\u4e5f\u662f\u7dda\u4e0b\u4e92\u52d5\u5427",
            "likeCount": 3
        },
        {
            "reply_id": "UgwzxPnM0nasRO6aeQF4AaABAg",
            "reply_content": "\u557e\u5927\u842c\u6b72",
            "likeCount": 2
        },
        {
            "reply_id": "Ugx9biL6Pl6C4SkKxip4AaABAg",
            "reply_content": "\u55da\u55da\u55da\u4e0b\u6b21\u60f3\u8cb7",
            "likeCount": 1
        },
        {
            "reply_id": "Ugzr4mensBYSqb-oFkF4AaABAg",
            "reply_content": "\u55e8\u55e8\u55e8\u5b89\u557e",
            "likeCount": 0
        },
        {
            "reply_id": "UgyLFjfC-4bqEx9wglN4AaABAg",
            "reply_content": "\u606d\u559c\u5b89\u557e\u516d\u9031\u5e74\u4e86",
            "likeCount": 0
        },
        {
            "reply_id": "Ugy-R1Pt59ufwq1wytJ4AaABAg",
            "reply_content": "\u597d\u53ef\u611b",
            "likeCount": 0
        },
        {
            "reply_id": "Ugy_86p496UcDnR82sp4AaABAg",
            "reply_content": "\u9f20\u9f20\u6559\u4e3b",
            "likeCount": 0
        },
        {
            "reply_id": "UgyPSWJBb5I6gOYuy4V4AaABAg",
            "reply_content": "\u5b89\u557e\u597d\u68d2\u5594",
            "likeCount": 0
        }
    ]
}