{
    "video_info": {
        "id": "iK2tFS74u6E",
        "channelTitle": "\u5b89\u557e\u54aa",
        "title": "\u7267\u5834\u7269\u8a9e\u6700\u65b0\u4f5c\u5230\u5e95\u9b45\u529b\u5728\u54ea\uff1f\u5728\u88e1\u9762\u751f\u6d3b\u4e86\u4e00\u5e74\u9084\u7d50\u5a5a\u751f\u5b50\u5566\uff01\u300a\u6a44\u6b16\u93ae\u8207\u5e0c\u671b\u7684\u5927\u5730\u300b| \u5b89\u557e (\u309d\u2200\uff65) \u2661",
        "description": "\u809d\u4e86\u4e00\u500b\u79ae\u62dc\uff01\n\n\u27ab \u7267\u5834\u7269\u8a9e\u5b98\u7db2\uff1ahttps://asia.sega.com/bokumono/olive/cht/\n\u27ab \u7267\u5834\u7269\u8a9e&\u65e5\u65e5\u88dd\u8336\u5408\u4f5c\uff1ahttps://www.facebook.com/sega.asiacs/posts/1758499417662130\n\n#\u7267\u5834\u7269\u8a9e #\u6a44\u6b16\u93ae\u8207\u5e0c\u671b\u7684\u5927\u5730\n\n\u27ab \u8a02\u95b1\u5b89\u557e\uff1ahttps://goo.gl/KmLFgD\n\u27ab \u5b89\u557eIG\uff1ahttps://www.instagram.com/anjouclever/\n\u27ab \u5b89\u557eFB\uff1ahttps://www.facebook.com/anjoupikachu/\n\nBGM\u4f86\u6e90\uff1ahttp://dova-s.jp/\n\u97f3\u6548\u4f86\u6e90\uff1ahttp://musicisvfr.com/free/index.html",
        "likeCount": "4490",
        "commentCount": "393",
        "viewCount": "170972"
    },
    "comments": [
        {
            "reply_id": "UgwdWmwmj8No7Opk0Mh4AaABAg",
            "reply_content": "\u4f60\u660e\u660e\u5c31\u696d\u914d\u4e00\u500b\u6771\u897f\u800c\u5df2\n\u70ba\u4ec0\u9ebc\u6211\u5169\u500b\u90fd\u88ab\u71d2\u5230",
            "likeCount": 7
        },
        {
            "reply_id": "UgwAaONWRlFPJPGmZ7N4AaABAg",
            "reply_content": "\u539f\u4f86\u5b89\u557e\u7ae5\u5e74\u4e5f\u662f\u7267\u5834\u7269\u8a9e\u966a\u4f34",
            "likeCount": 1
        },
        {
            "reply_id": "Ugz9RxFxAoXpYyy_Ur14AaABAg",
            "reply_content": "\u6211\u5df2\u7d93\u548c\u6234\u8499\u7d50\u5a5a\u4e86\uff0c\u6211\u7684\u670b\u53cb\u9084\u5728\u8ddf\u4f9d\u7e54\u5efa\u7acb\u611f\u60c5",
            "likeCount": 1
        },
        {
            "reply_id": "Ugw0VVtEPUESdnv7Zqh4AaABAg",
            "reply_content": "\u660e\u660e\u662f\u88ab\u7f75\u7206\u7684\u4f5c\u54c1",
            "likeCount": 1
        },
        {
            "reply_id": "UgzOxdQw5BBSEjgk0Hl4AaABAg",
            "reply_content": "\u6211\u4e5f\u597d\u60f3\u73a9",
            "likeCount": 1
        },
        {
            "reply_id": "Ugwgc0DIbt1zylBWNPx4AaABAg",
            "reply_content": "\u5b89\u557e\u4f60\u751f\u7684\u662f\u5973\u7684\u9084\u662f\u7537\u7684",
            "likeCount": 1
        },
        {
            "reply_id": "Ugww9KH4rSrkl684kgx4AaABAg",
            "reply_content": "\u7d50\u5a5a\u4e86\u6c92",
            "likeCount": 1
        },
        {
            "reply_id": "UgwE3St-A5rkI3Vqv5l4AaABAg",
            "reply_content": "\u5f88\u559c\u6b22\u5b89\u557e",
            "likeCount": 0
        },
        {
            "reply_id": "UgxmRp3ASmPgBsnhS9t4AaABAg",
            "reply_content": "\u9019\u6b3e\u5f8c\u534a\u6bb5\u4f60\u6703\u73a9\u5230\u4f60\u6839\u672c\u5c31\u662f\u5728\u73a9\u5893\u5834",
            "likeCount": 0
        },
        {
            "reply_id": "UgxeMzZ37l7RL-DnLqp4AaABAg",
            "reply_content": "\u8b9a",
            "likeCount": 0
        },
        {
            "reply_id": "UgzHwf498eHLGPrbUpR4AaABAg",
            "reply_content": "\u6211\u4e5f\u6709\u73a9",
            "likeCount": 0
        },
        {
            "reply_id": "UgyCspZgsycY7IXWXUB4AaABAg",
            "reply_content": "\u6211\u548c\u6234\u8499\u7d50\u5a5a\u5462",
            "likeCount": 0
        },
        {
            "reply_id": "UgxtD14uJNlO7JqhtD94AaABAg",
            "reply_content": "\u6211\u5bb6\u6709\u96fb\u52d5\u7576\u6211\u5011\u5bb6\u6c92\u6709\u9019\u500b\u5361\u7247\u600e\u9ebc\u8cb7",
            "likeCount": 0
        },
        {
            "reply_id": "Ugza3tubuToMaMa7QAp4AaABAg",
            "reply_content": "\u597d\u50cf\u597d\u597d\u73a9",
            "likeCount": 0
        },
        {
            "reply_id": "Ugx9x7k_N5xZ51zwVp14AaABAg",
            "reply_content": "\u990a\u52d5\u7269\u7684\u5730\u65b9\u662f\u5f8c\u9762\u53ef\u4ee5\u79fb\u52d5\u55ce",
            "likeCount": 0
        },
        {
            "reply_id": "UgxrXkfVyBHa5D1GJ6d4AaABAg",
            "reply_content": "\u4f60\u662f\u7b2c\u4e00\u4e2a\u6211\u770b\u7684\u6ca1\u6709\u7ed9\u6a44\u6984\u9547\u5dee\u8bc4\u7684\u64ad\u4e3b",
            "likeCount": 0
        },
        {
            "reply_id": "UgwDcsPzeJpnW8S93oN4AaABAg",
            "reply_content": "\u80fd\u4e0d\u80fd\u4ecb\u7d39\u4e00\u4e0b\u8ddf\u7926\u77f3\u93ae\u7684\u5dee\u7570",
            "likeCount": 0
        },
        {
            "reply_id": "UgxrK6gWbeAaxxxOyzN4AaABAg",
            "reply_content": "\u597d\u50cf\u5c0f\u68ee\u751f\u6d3b",
            "likeCount": 0
        },
        {
            "reply_id": "UgzTwv9T1h96kPUbCwJ4AaABAg",
            "reply_content": "\u6211\u770b\u5230\u5f88\u591a\u8fd9\u4e2a\u6e38\u620f\u5f88\u591a\u5dee\u8bc4",
            "likeCount": 0
        },
        {
            "reply_id": "UgwzYXJP8zwn1eplW_J4AaABAg",
            "reply_content": "\u60f3\u770b\u904a\u6232\u5167\u5341\u5e74\u5f8c\u6703\u662f\u5982\u4f55",
            "likeCount": 0
        },
        {
            "reply_id": "UgyX0zs986IVJ1IMcTR4AaABAg",
            "reply_content": "\u770b\u4e86\u597d\u60f3\u73a9",
            "likeCount": 0
        },
        {
            "reply_id": "Ugz2Kc06HqmBu2EcB0p4AaABAg",
            "reply_content": "\u4e00\u7a2e\u985e\u52d5\u68ee\u4e4b\u611f",
            "likeCount": 0
        },
        {
            "reply_id": "UgwHNGsyJ4ttdOJfUyl4AaABAg",
            "reply_content": "\u8b93\u6211\u60f3\u73a9\u7684\u885d\u52d5",
            "likeCount": 0
        },
        {
            "reply_id": "UgxAWcK7WGm7wrLAb5h4AaABAg",
            "reply_content": "\u59b3\u597d\u50cf\u7267\u5834\u7269\u8a9e\u8d70\u51fa\u4f86\u7684\u5c11\u5973",
            "likeCount": 0
        },
        {
            "reply_id": "UgxbYcTKd4w4DKYyVMF4AaABAg",
            "reply_content": "\u770b\u5b89\u557e\u73a9\u597d\u7642\u80b2",
            "likeCount": 2
        }
    ]
}