{
    "video_info": {
        "id": "jo9he6yP2Ww",
        "channelTitle": "\u5b89\u557e\u54aa",
        "title": "\u5728\u5bb6\u81ea\u88fd\u8212\u8299\u857e\u9b06\u9905\u5427\uff01\u610f\u5916\u6eff\u7c21\u55ae\u7684...\u7684\u55ce\uff1f\uff01| \u5b89\u557e (\u309d\u2200\uff65) \u2661",
        "description": "\u7c21\u76f4\u662f\u7db2\u7f8e\u5e97\u7b49\u7d1a\u7684\u9b06\u9905\uff01\np.s. \u8a71\u8aaa\u6253\u767c\u86cb\u767d\u90a3\u908a\uff01\u8981\u8a18\u5f97\u518d\u52a0\u516540g\u7684\u7802\u7cd6\u5440\uff01\u6211\u7adf\u7136\u526a\u6389\u4e86\uff01\n\u4fee\u6b63\uff1a\u52a0\u5165\u767d\u918b\u662f\u70ba\u4e86\u589e\u52a0\u7a69\u5b9a\u6027 \u800c\u4e0d\u662f\u53bb\u8165\u5473\u5594\uff01\n-------\n\u27ab \u8a02\u95b1\u5b89\u557e\uff1ahttps://goo.gl/KmLFgD\n\u27ab \u5b89\u557eFacebook\uff1ahttps://www.facebook.com/anjoupikachu/\n\ud83d\udc39 \u73a9\u5177\u958b\u7bb1\u5168\u96c6\uff1ahttps://goo.gl/91ulRJ\n- - - - - - - - - - - - - - - - - - - - - -\n\n\n\n- - - - - - - - - - - - - - - - - - - - - -\n\n\u27a8\u76f8\u95dc\u5f71\u7247\n\n1/2\u7e2e\u5c0f\u7248\u626d\u86cb\u6a5f \u2606 \u626d\u5230\u4ec0\u9ebc\u5c31\u5403\u4ec0\u9ebc\u7684\u523a\u6fc0\u73a9\u6cd5?!\n\u21e2 https://goo.gl/tSJlNG\n\u6dbc\u9eb5\u6c34\u6a02\u5712 - \u6d41\u6c34\u7d20\u9eb5\u5f9e\u9ad8\u4f4e\u5dee56cm\u7684\u6ed1\u6c34\u9053\u6e9c\u4e0b\u4f86\u4e86\uff01\n\u21e2 https://goo.gl/tgYRy1\n\u3010\u77e5\u80b2\u83d3\u5b50\u3011\u99ac\u6876\u6e05\u6dbc\u98f2\u6599\uff01\u7121\u6cd5\u62db\u67b6\u7684\u5473\u9053\uff01\n\u21e2 https://goo.gl/n0nnyQ\n\u6d77\u5e95\u7e3d\u52d5\u54e12 - Finding Dory \u2606 \u591a\u8389\u5609\u5e74\u83ef\uff01\u9084\u6709\u597d\u591a\u9b5a\u53cb\u5011\uff01\n\u21e2 https://goo.gl/oAn42q\n\u6703\u5b78\u4f60\u8aaa\u8a71\u7684\u840c\u840c\u5c0f\u5009\u9f20 - \u8981\u6210\u70ba\u4e00\u4f4d\u6559\u5b97\u4e0d\u662f\u90a3\u9ebc\u7c21\u55ae\u7684\u4e8b\u60c5!!\n\u21e2 https://goo.gl/8WZaZT\n\n- - - - - - - - - - - - - - - - - - - - - -\n\n\n- - - - - - - - - - - - - - - - - - - - - -\n\u27a8\u3010\u7d05\u77f3\u53e3\u888b\u3011FB\uff1ahttps://www.facebook.com/RedStone.Poke\n- - - - - - - - - - - - - - - - - - - - - -\nBGM\u4f86\u6e90\uff1ahttp://dova-s.jp/\n\u97f3\u6548\u4f86\u6e90\uff1ahttp://musicisvfr.com/free/index.html",
        "likeCount": "14651",
        "commentCount": "819",
        "viewCount": "486072"
    },
    "comments": [
        {
            "reply_id": "UgxRsSpIjn2KH8GXdJ94AaABAg",
            "reply_content": "\u9b06\u9905\u5728\u5bb6\u6211\u4e5f\u6703\u81ea\u5df1\u505a",
            "likeCount": 2
        },
        {
            "reply_id": "UgzsO8rTcgk-qp22K0Z4AaABAg",
            "reply_content": "\u6211\u505a\u904e\u4e5f",
            "likeCount": 1
        },
        {
            "reply_id": "UgwzmYfxzxqry93cYWh4AaABAg",
            "reply_content": "\u5b89\u557e\u6211\u8ddf\u4f60\u4e00\u6a23",
            "likeCount": 1
        },
        {
            "reply_id": "UgwnS17oPsTnhgngFh54AaABAg",
            "reply_content": "\u6253\u86cb\u767d\u6642\u8981\u8a18\u5f97\u52a0\u7cd6",
            "likeCount": 0
        },
        {
            "reply_id": "UgwEmDCxOyM2qmX0xYd4AaABAg",
            "reply_content": "\u597d\u60f3\u5403\u554a",
            "likeCount": 0
        },
        {
            "reply_id": "Ugy5GT_k49UV4MHhqDd4AaABAg",
            "reply_content": "\u6211\u4e5f\u662f\u9019\u500b\u724c\u5b50\u7684\u934b",
            "likeCount": 0
        },
        {
            "reply_id": "UgwriF0HtB-B9R06J1l4AaABAg",
            "reply_content": "\u597d\u60f3\u5403",
            "likeCount": 0
        },
        {
            "reply_id": "UgwYLCrHENS-Mtu3BuF4AaABAg",
            "reply_content": "\u4e00\u53e5\u8a71\u76f4\u63a5\u53bb\u8cb7",
            "likeCount": 0
        },
        {
            "reply_id": "UgyETcoUq1OAqYgj31F4AaABAg",
            "reply_content": "\u770b\u6765\u770b\u53bb\u597d\u597d\u5403",
            "likeCount": 0
        },
        {
            "reply_id": "UgxbguRz3u6U9i6cV3t4AaABAg",
            "reply_content": "\u5475\u5475",
            "likeCount": 0
        },
        {
            "reply_id": "UgxdTycOZqm96uYaTwt4AaABAg",
            "reply_content": "\u53ef\u662f\u6211\u4e0d\u77e5\u9053\u6709\u6c92\u6709\u8212\u8299\u857e\u7684\u5916\u9001\u5566",
            "likeCount": 0
        },
        {
            "reply_id": "UgxGDyrPCUBIsRuuBBB4AaABAg",
            "reply_content": "\u6211\u89c9\u5f97\u7c89\u8272\u6c99\u53d1\u6bd4\u8f83\u7f8e",
            "likeCount": 0
        },
        {
            "reply_id": "UgxDluDtFqSphm9xS954AaABAg",
            "reply_content": "\u6190\u6211\u90fd\u60f3\u5403",
            "likeCount": 0
        },
        {
            "reply_id": "UgyjnH9vgSi9H0REvw14AaABAg",
            "reply_content": "\u7126\u6389\u8b93\u6211\u7b11\u7ffb",
            "likeCount": 0
        },
        {
            "reply_id": "UgwRGfQH7MSrt1aHyG54AaABAg",
            "reply_content": "\u54c7\u59ca\u59ca\u6bcf\u500b\u90fd\u9001\u611b\u5fc3",
            "likeCount": 0
        },
        {
            "reply_id": "UgylHEb8Ay5tkIS8dfx4AaABAg",
            "reply_content": "\u5bb6\u5bb6",
            "likeCount": 0
        },
        {
            "reply_id": "Ugz0M1vZ1BjjpavUNRp4AaABAg",
            "reply_content": "\u5b89\u557e\u59d0\u59d0\u771f\u7684\u5f88\u5b64\u7368\u4e86",
            "likeCount": 0
        },
        {
            "reply_id": "UgwKZcLgTh_R_nPYXl94AaABAg",
            "reply_content": "\u557e\u54aa\u557e\u54aa",
            "likeCount": 0
        },
        {
            "reply_id": "UgzNWaL-hCU91l0KlyR4AaABAg",
            "reply_content": "\u5efa\u8b70\u5b89\u79cb\u7528\u725b\u6cb9\u7d19\u5728\u4e0a\u9762\u62b9\u4e00\u4e9b\u6cb9\u5728\u5e73\u5e95\u944a\u4e2d\u570d\u4e00\u500b\u4e00\u500b\u7684\u5c0f\u5708\u7136\u5f8c\u628a\u9eb5\u7cca\u5012\u9032\u53bb\u5c31\u6703\u6709\u7f8e\u7684\u5566",
            "likeCount": 0
        },
        {
            "reply_id": "UgwKsYUVoEdATXvrhbx4AaABAg",
            "reply_content": "\u4f60\u5011\u5916\u8ce3\u8981\u4e0b\u6a13\u62ff\u7684\uff1f\u6211\u5011\u9019\u908a\u6703\u76f4\u63a5\u9001\u4f86\u5bb6\u88e1",
            "likeCount": 0
        },
        {
            "reply_id": "UgxXFizdHYyqj9taMs14AaABAg",
            "reply_content": "\u6bd4\u8f83\u559c\u6b22\u4ee5\u524d\u4f60\u5728\u65e5\u672c\u7684\u65f6\u5019\u7a7f\u7684\u53ef\u7231\u8863\u670d \u4e5f\u662f\u6211\u559c\u6b22\u770b\u4f60\u7684\u5176\u4e2d\u4e00\u70b9",
            "likeCount": 0
        },
        {
            "reply_id": "UgzwYoRReMWKmNcGjft4AaABAg",
            "reply_content": "\u9999\u8349\u7cbe\u5728\u54ea\u8cb7",
            "likeCount": 0
        },
        {
            "reply_id": "UgzO_cX5QgTmoaZ5BVZ4AaABAg",
            "reply_content": "\u5b89\u63ea\u59d0\u59d0\u597d\u53b2\u5bb3",
            "likeCount": 0
        },
        {
            "reply_id": "UgxRp-gShoD9-i_k-u54AaABAg",
            "reply_content": "\u4f60\u78ba\u5b9a\u4f60\u6492\u7684\u662f\u8702\u871c\u4e0d\u662f\u7cd6\u6f3f",
            "likeCount": 1
        },
        {
            "reply_id": "Ugz5gh6HuKIq3xwfgm14AaABAg",
            "reply_content": "\u770b\u8d77\u4f86\u597d\u597d\u5403\u5662",
            "likeCount": 1
        }
    ]
}