{
    "video_info": {
        "id": "k0OCRzDbLrs",
        "channelTitle": "\u5b89\u557e\u54aa",
        "title": "\u52d5\u68ee\u4e94\u661f\u5cf6\u5dbc\u958b\u7bb1\uff01\u6253\u9020\u51fa\u7ae5\u8a71\u5c0f\u93ae\u98a8\u683c\u7684\u5c0f\u5cf6\uff01| \u5b89\u557e (\u309d\u2200\uff65) \u2661",
        "description": "\u5b89\u557e\u5cf6\u5922\u5883\u9580\u724c\u865f\uff1aDA-8686-3055-6928\n\u55da\u55da\u55da\u770b\u5230\u6574\u7406\u7d20\u6750\u6642\u770b\u5230\u597d\u591a\u6731\u797f\u7684\u7167\u7247\n\u597d\u6368\u4e0d\u5f97\u4ed6\u554aQQQ\nP.S.\u662f\u6469\u827e\u50cf\u5566 \u5538\u53cd\u4e86\u55da\u55da\n\n\u27ab \u8a02\u95b1\u5b89\u557e\uff1ahttps://goo.gl/KmLFgD\n\u27ab \u5b89\u557eIG\uff1ahttps://www.instagram.com/anjouclever/\n\u27ab \u5b89\u557eFB\uff1ahttps://www.facebook.com/anjoupikachu/\n\ud83d\udc39 \u73a9\u5177\u958b\u7bb1\u5168\u96c6\uff1ahttps://goo.gl/91ulRJ\n\n\u27a8\u5176\u4ed6\u5b89\u557e\u5f71\u7247\n1/2\u7e2e\u5c0f\u7248\u626d\u86cb\u6a5f \u2606 \u626d\u5230\u4ec0\u9ebc\u5c31\u5403\u4ec0\u9ebc\u7684\u523a\u6fc0\u73a9\u6cd5?!\n\u21e2 https://goo.gl/tSJlNG\n\u6dbc\u9eb5\u6c34\u6a02\u5712 - \u6d41\u6c34\u7d20\u9eb5\u5f9e\u9ad8\u4f4e\u5dee56cm\u7684\u6ed1\u6c34\u9053\u6e9c\u4e0b\u4f86\u4e86\uff01\n\u21e2 https://goo.gl/tgYRy1\n\u3010\u77e5\u80b2\u83d3\u5b50\u3011\u99ac\u6876\u6e05\u6dbc\u98f2\u6599\uff01\u7121\u6cd5\u62db\u67b6\u7684\u5473\u9053\uff01\n\u21e2 https://goo.gl/n0nnyQ\n\u6d77\u5e95\u7e3d\u52d5\u54e12 - Finding Dory \u2606 \u591a\u8389\u5609\u5e74\u83ef\uff01\u9084\u6709\u597d\u591a\u9b5a\u53cb\u5011\uff01\n\u21e2 https://goo.gl/oAn42q\n\u6703\u5b78\u4f60\u8aaa\u8a71\u7684\u840c\u840c\u5c0f\u5009\u9f20 - \u8981\u6210\u70ba\u4e00\u4f4d\u6559\u5b97\u4e0d\u662f\u90a3\u9ebc\u7c21\u55ae\u7684\u4e8b\u60c5!!\n\u21e2 https://goo.gl/8WZaZT\n\nBGM\u4f86\u6e90\uff1ahttp://dova-s.jp/\n\u97f3\u6548\u4f86\u6e90\uff1ahttp://musicisvfr.com/free/index.html",
        "likeCount": "17911",
        "commentCount": "702",
        "viewCount": "895042"
    },
    "comments": [
        {
            "reply_id": "UgycS_CaJrbWYAuNar94AaABAg",
            "reply_content": "\u5c0f\u6843\u73fe\u5728\u5728\u6211\u7684\u5cf6\u5dbc\u4e0a",
            "likeCount": 1
        },
        {
            "reply_id": "UgyHIaTvB5BOo56HUw14AaABAg",
            "reply_content": "\u6211\u52d5\u68ee\u7b2c\u4e00\u5929\u4f86\u7684\u662f\u5c0f\u6f64",
            "likeCount": 1
        },
        {
            "reply_id": "UgxJcVfUvzkyF3UFW4h4AaABAg",
            "reply_content": "\u6708\u5154\u597d\u53ef\u611b",
            "likeCount": 1
        },
        {
            "reply_id": "UgxD8QXDQeyhNXmphxV4AaABAg",
            "reply_content": "\u5b89\u557e\u6211\u53ef\u4ee5\u53bb\u4f60\u7684\u5cf6\u55ce\uff1f\u96d6\u7136\u6211\u53ea\u662f\u4e00\u500b\u5c0f\u5b69\u5594",
            "likeCount": 1
        },
        {
            "reply_id": "Ugw7oFO5mXaIoiCT4U94AaABAg",
            "reply_content": "\u6211\u6709\u85cd\u8272\u98ef\u7cf0",
            "likeCount": 1
        },
        {
            "reply_id": "UgxxzSk7rbROpMIOD7d4AaABAg",
            "reply_content": "\u70ba\u4ec0\u9ebc\u6d74\u5ba4\u6703\u6709\u98f2\u6c34\u5668",
            "likeCount": 1
        },
        {
            "reply_id": "UgyQ4oP9QDYK2fkL8kd4AaABAg",
            "reply_content": "\u6211\u4eca\u5929\u4f86\u4e86\u5b89\u79cb\u7684\u5cf6\u7684\u5922\u5883",
            "likeCount": 1
        },
        {
            "reply_id": "Ugx1DVkmGPycel6VnPR4AaABAg",
            "reply_content": "\u597d\u68d2\u5594",
            "likeCount": 0
        },
        {
            "reply_id": "UgxwOEqwhpKFZML8IuJ4AaABAg",
            "reply_content": "\u8981\u600e\u9ebc\u8cb7\u6524",
            "likeCount": 0
        },
        {
            "reply_id": "UgyKq3yd4wlnJjuDpHd4AaABAg",
            "reply_content": "\u6c92\u8fa6\u6cd5\u559c\u6b61\u7684\u5cf6\u6c11\u592a\u591a\u8a0e\u53ad\u7684\u5cf6\u6c11\u4e5f\u592a\u591a\u6240\u4ee5\u5609\u9019\u6a23\u662f\u60f3\u591a\u5237\u9ede\u4e0d\u559c\u6b61\u7684\u5cf6\u6c11\u6211\u4e5f\u4e0d\u559c\u6b61\u9019\u6a23\u5cf6\u6c11\u6240\u4ee5\u6211\u4e5f\u662f\u903c\u4e0d\u5f97\u5df2\u7684",
            "likeCount": 0
        },
        {
            "reply_id": "Ugx_h-_5YjfAZsRmNAx4AaABAg",
            "reply_content": "\u8981\u600e\u9ebc\u8b8a\u6210\u4e94\u661f\u57ce\u93ae",
            "likeCount": 0
        },
        {
            "reply_id": "Ugyj1UsU7ui0Aa-NzIF4AaABAg",
            "reply_content": "\u85cd\u8272\u98ef\u7cf0\u6211\u89ba\u5f97\u592a\u5b89\u975c\u5f88\u96e3\u807d",
            "likeCount": 0
        },
        {
            "reply_id": "UgyQIwIhOP3XdxzMhp54AaABAg",
            "reply_content": "\u6211\u559c\u6b61\u767d\u65e5\u5922",
            "likeCount": 0
        },
        {
            "reply_id": "UgyBMhJ8fCj6LRJJc2R4AaABAg",
            "reply_content": "\u4f60\u77e5\u9053\u55ce\u5982\u679c\u52d5\u7269\u5728\u5531\u6b4c\u7684\u8a71\u4f60\u53ef\u4ee5\u653e\u4f60\u559c\u6b61\u7684\u6b4c\u4ed6\u6703\u8ddf\u8457\u5531",
            "likeCount": 0
        },
        {
            "reply_id": "UgzdfgnmfcyOphegNDN4AaABAg",
            "reply_content": "\u597d\u50cf\u771f\u6b63\u7684\u73fe\u5be6\u751f\u6d3b",
            "likeCount": 0
        },
        {
            "reply_id": "UgzLB3wC2KJZQc4nQ3h4AaABAg",
            "reply_content": "\u6211\u53bb\u904e\u4f60\u7684\u5cf6\u6211\u9084\u8ddf\u4f60\u4e00\u8d77\u804a\u5929",
            "likeCount": 0
        },
        {
            "reply_id": "Ugzh7_PU-kh-KkGXNSF4AaABAg",
            "reply_content": "\u9084\u6709\u6f02\u4eae",
            "likeCount": 0
        },
        {
            "reply_id": "UgyZCyhD8DAarT97y0t4AaABAg",
            "reply_content": "\u6211\u90fd\u628a\u90a3\u500b\u9580\u4f86\u95dc\u52d5\u7269\u54c8\u54c8\u54c8",
            "likeCount": 0
        },
        {
            "reply_id": "UgxQps7RAxYHwG5IfcR4AaABAg",
            "reply_content": "\u597d\u53b2\u5bb3",
            "likeCount": 0
        },
        {
            "reply_id": "UgwwpnAVUnDpgNid8_x4AaABAg",
            "reply_content": "\u5b89\u557e\u4f60\u5012\u597d\u6f02\u4eae\u4e5f\u5f88\u53b2\u5bb3",
            "likeCount": 0
        },
        {
            "reply_id": "Ugzqjj1aw-6JshNCHLV4AaABAg",
            "reply_content": "\u6211\u7684\u516c\u4ed4\u548c\u4f60\u4e00\u6a23",
            "likeCount": 0
        },
        {
            "reply_id": "UgzIxKXVqBKfF6Y2CA54AaABAg",
            "reply_content": "\u6211\u6709\u73a9",
            "likeCount": 0
        },
        {
            "reply_id": "UgxW3pUTbzs7Aorrvx14AaABAg",
            "reply_content": "\u6211\u5e0c\u671b\u53ef\u4ee5\u518d\u62cd\u4e00\u96c6",
            "likeCount": 0
        },
        {
            "reply_id": "UgxtOhjlnPe7bxlC78Z4AaABAg",
            "reply_content": "\u5730\u7cbe\u5c0f\u5c9b",
            "likeCount": 0
        },
        {
            "reply_id": "Ugxyw4ruO01x_Q9b6rZ4AaABAg",
            "reply_content": "\u6211\u7684\u5cf6\u90fd\u6c92\u6709\u9019\u9ebc\u6f02\u4eae",
            "likeCount": 0
        }
    ]
}