{
    "video_info": {
        "id": "K4yjOknx6x4",
        "channelTitle": "\u5b89\u557e\u54aa",
        "title": "\u3010\u65e5\u672c\u79d8\u5bc6\u666f\u9ede\u6de1\u8def\u5cf6\u3011\u552f\u4e00\u7684\u706b\u5f71\u5fcd\u8005\u6a02\u5712\u5c31\u5728\u9019\u88e1\uff01 | \u5b89\u557e (\u309d\u2200\uff65) \u2661",
        "description": "\u4f86\u65e5\u672c\u95dc\u897f\u306e\u79d8\u5883\u63a2\u96aa\uff01\n- - - - - - - - - - - - - - - - - - - - - -\r\n\u27ab \u8a02\u95b1\u5b89\u557e\uff1ahttps://goo.gl/KmLFgD\r\n\u27ab \u5b89\u557eFacebook\uff1ahttps://www.facebook.com/anjoupikachu/\r\n\ud83d\udc39 \u73a9\u5177\u958b\u7bb1\u5168\u96c6\uff1ahttps://goo.gl/91ulRJ\r\n- - - - - - - - - - - - - - - - - - - - - -\r\n\n\u6de1\u8def\u5cf6\u771f\u7684\u662f\u4e00\u500b\u597d\u5403\u53c8\u597d\u73a9\u53c8\u6e05\u5e7d\u7684\u5730\u65b9\n\u8aa0\u646f\u5730\u63a8\u85a6\u5927\u5bb6\uff01\n\n#\u4e2d\u83ef\u822a\u7a7a #\u958b\u555f\u65b0\u95dc\u897f\n\n\u672c\u6b21\u65c5\u7a0b\u611f\u8b1d\u4e2d\u83ef\u822a\u7a7a\n\u95a2\u897f\u56fd\u969b\u7a7a\u6e2f\u5168\u4f53\u69cb\u60f3\u4fc3\u9032\u5354\u8b70\u4f1a\n\u6de1\u8def\u5cf6\u89c0\u5149\u5354\u6703\n\u95a2\u897f\u7a7a\u6e2f\u4ea4\u901a(KATE)\nJ-net\u79df\u8eca\n\n\ud83c\udf4a\u66f4\u591a\u6de1\u8def\u666f\u9ede\uff1ahttps://skyurl.cc/AnjouTravel\r\n\r\n- - - - - - - - - - - - - - - - - - - - - -\r\n\u27a8\u76f8\u95dc\u5f71\u7247\r\n\r\n1/2\u7e2e\u5c0f\u7248\u626d\u86cb\u6a5f \u2606 \u626d\u5230\u4ec0\u9ebc\u5c31\u5403\u4ec0\u9ebc\u7684\u523a\u6fc0\u73a9\u6cd5?!\r\n\u21e2 https://goo.gl/tSJlNG\r\n\u6dbc\u9eb5\u6c34\u6a02\u5712 - \u6d41\u6c34\u7d20\u9eb5\u5f9e\u9ad8\u4f4e\u5dee56cm\u7684\u6ed1\u6c34\u9053\u6e9c\u4e0b\u4f86\u4e86\uff01\r\n\u21e2 https://goo.gl/tgYRy1\r\n\u3010\u77e5\u80b2\u83d3\u5b50\u3011\u99ac\u6876\u6e05\u6dbc\u98f2\u6599\uff01\u7121\u6cd5\u62db\u67b6\u7684\u5473\u9053\uff01\r\n\u21e2 https://goo.gl/n0nnyQ\r\n\u6d77\u5e95\u7e3d\u52d5\u54e12 - Finding Dory \u2606 \u591a\u8389\u5609\u5e74\u83ef\uff01\u9084\u6709\u597d\u591a\u9b5a\u53cb\u5011\uff01\r\n\u21e2 https://goo.gl/oAn42q\r\n\u6703\u5b78\u4f60\u8aaa\u8a71\u7684\u840c\u840c\u5c0f\u5009\u9f20 - \u8981\u6210\u70ba\u4e00\u4f4d\u6559\u5b97\u4e0d\u662f\u90a3\u9ebc\u7c21\u55ae\u7684\u4e8b\u60c5!!\r\n\u21e2 https://goo.gl/8WZaZT\r\n- - - - - - - - - - - - - - - - - - - - - -\r\nBGM\u4f86\u6e90\uff1ahttp://dova-s.jp/\r\n\u97f3\u6548\u4f86\u6e90\uff1ahttp://musicisvfr.com/free/index.html",
        "likeCount": "16395",
        "commentCount": "770",
        "viewCount": "647208"
    },
    "comments": [
        {
            "reply_id": "UgyKXnnJwHTr3-D1f-l4AaABAg",
            "reply_content": "\u6211\u5f88\u4e45\u6c92\u770b\u4f60\u7684\u5f71\u7247\u4e86",
            "likeCount": 0
        },
        {
            "reply_id": "UgxOHiHL7QEWVzII69N4AaABAg",
            "reply_content": "\u6211\u597d\u60f3\u53bb",
            "likeCount": 0
        },
        {
            "reply_id": "Ugyq4zPTGoKmXMfu_lB4AaABAg",
            "reply_content": "\u6211\u8205\u8205\u53eb\u694a\u5fe0\u96c4",
            "likeCount": 0
        },
        {
            "reply_id": "UgzFF88zeTprBrXIx4h4AaABAg",
            "reply_content": "\u62ff\u5982\u557e",
            "likeCount": 0
        },
        {
            "reply_id": "UgxgsIsN9EVM_Iziivp4AaABAg",
            "reply_content": "\u5b89\u557e\u70ba\u4ec0\u9ebc\u706b\u5f71\u662f\u5224\u5fcd",
            "likeCount": 0
        },
        {
            "reply_id": "UgwTJNOeRDb11mkMek94AaABAg",
            "reply_content": "\u542c\u4f60\u4eec\u8bb2\u8bdd\u611f\u89c9\u8033\u819c\u90fd\u8981\u70b8\u4e86\u5462",
            "likeCount": 0
        },
        {
            "reply_id": "Ugzf0LnDahna590LW5F4AaABAg",
            "reply_content": "\u4e00\u7ea7\u68d2\u7684\u5462",
            "likeCount": 0
        },
        {
            "reply_id": "UgyYKjnEp6nwPuw3c8V4AaABAg",
            "reply_content": "\u4e24\u4e2a\u53ef\u7231\u7684\u53f0\u6e7e\u59b9\u5b50",
            "likeCount": 0
        },
        {
            "reply_id": "Ugx5oYqUFpZzNpFOyXV4AaABAg",
            "reply_content": "\u5169\u500b\u4eba\u64e0\u96d9\u4e0b\u5df4 \u7d50\u679c\u5b89\u557e\u5e7e\u4e4e\u6c92\u6709\u96d9\u4e0b\u5df4\u53ef\u4ee5\u64e0",
            "likeCount": 0
        },
        {
            "reply_id": "Ugwyqye41o4Am4X7Rt54AaABAg",
            "reply_content": "\u5c0f\u5c0f\u557e\u5f88\u6709\u8cea\u611f",
            "likeCount": 0
        },
        {
            "reply_id": "UgxxlLjAWaRYIStSTKJ4AaABAg",
            "reply_content": "\u7661\u7661\u6f02\u4eae\u591a\u4e86",
            "likeCount": 0
        },
        {
            "reply_id": "UgyWizGsKONFZiIJuRZ4AaABAg",
            "reply_content": "\u9084\u4ee5\u70ba\u6703\u6709\u90aa\u795e\u4f50\u52a9",
            "likeCount": 0
        },
        {
            "reply_id": "UgxwYFvRdsUIZh9gRX94AaABAg",
            "reply_content": "\u6211\u90fd\u597d\u60f3",
            "likeCount": 0
        },
        {
            "reply_id": "UgzCcapWZGmnaCNK_OV4AaABAg",
            "reply_content": "\u5fcd\u8005\u6751\u600e\u9ebc\u53ef\u4ee5\u5c11\u4e86\u4e00\u6a02\u62c9\u9eb5\u5462",
            "likeCount": 0
        },
        {
            "reply_id": "UgzryTxCDUaCOldbNaZ4AaABAg",
            "reply_content": "\u8d85\u68d2\u7684\u5440",
            "likeCount": 0
        },
        {
            "reply_id": "Ugy76lL5mMSY_IUwkGZ4AaABAg",
            "reply_content": "\u706b\u5f71\u5fcd\u8005\u6a02\u5712\u4e0d\u932f\u5594",
            "likeCount": 0
        },
        {
            "reply_id": "UgzO6HKjZUxSC1lRzIx4AaABAg",
            "reply_content": "\u5c45\u7136\u8981\u522b\u4eba\u5047\u88c5\u662f\u5b89\u557e\u7684\u80cc\u5f71\uff0c\u4e5f\u662f\u5f88\u597d\u7b11\u4e86\u54c8\u54c8",
            "likeCount": 0
        },
        {
            "reply_id": "Ugx6BFQKBvmvdjM8IP14AaABAg",
            "reply_content": "\u611f\u89c9\u8fd9\u671f\u53ef\u4ee5\u5206\u6210\u4e09\u671f\u6765\u653e\u54c8\u54c8",
            "likeCount": 0
        },
        {
            "reply_id": "Ugzmx3wkI-vWL0fhk5N4AaABAg",
            "reply_content": "\u6211\u662f\u706b\u5f71\u5fcd\u8005\u8ff7\u597d\u60f3\u53bb",
            "likeCount": 0
        },
        {
            "reply_id": "UgwTTuHWxTSuodlrkJ54AaABAg",
            "reply_content": "\u8cea\u611f\u7206\u70b8",
            "likeCount": 39
        },
        {
            "reply_id": "Ugw6cEI2JaAnzh0OBKR4AaABAg",
            "reply_content": "\u5b87\u667a\u6ce2\u9f2c",
            "likeCount": 1
        },
        {
            "reply_id": "Ugxnjrhcc2xjKPmLtV94AaABAg",
            "reply_content": "\u66c9\u4e00\u65cf",
            "likeCount": 1
        },
        {
            "reply_id": "Ugy_S7EUFNWcQ4m77xl4AaABAg",
            "reply_content": "\u6211\u4ec0\u9ebc\u6642\u5019\u4e5f\u53bb\u4e00\u4e0b\u65e5\u672c",
            "likeCount": 1
        },
        {
            "reply_id": "UgwPQMIK3_WtZnu361V4AaABAg",
            "reply_content": "\u9019\u96c6\u662f\u6211\u9664\u4e86\u8001\u9f20\u73a9\u5076\u5916\u6700\u6df1\u523b\u7684\u5f71\u7247\u4e86",
            "likeCount": 0
        },
        {
            "reply_id": "Ugz7m-ltoL2d6_ttksR4AaABAg",
            "reply_content": "\u5e0c\u671b\u4f60\u62cd\u591a\u5173\u4e8e\u65e5\u672c\u7684\u4e1c\u897f",
            "likeCount": 0
        }
    ]
}