{
    "video_info": {
        "id": "KHjy79YbcH4",
        "channelTitle": "\u5b89\u557e\u54aa",
        "title": "\u958b\u7bb1\u6211\u53ef\u611b\u7684\u5cf6\uff01\u52d5\u7269\u68ee\u53cb\u6703\u5230\u5e95\u54ea\u88e1\u597d\u73a9\uff1f\uff01| \u5b89\u557e (\u309d\u2200\uff65) \u2661",
        "description": "\u9019\u500b\u6708\u6211\u9032\u4e86\u7cbe\u795e\u6642\u5149\u5c4b\n\u5b89\u557e\u5cf6\u5922\u5883\u9580\u724c\u865f\uff1aDA-8686-3055-6928\n\u27ab \u8a02\u95b1\u5b89\u557e\uff1ahttps://goo.gl/KmLFgD\n\u27ab \u5b89\u557eIG\uff1ahttps://www.instagram.com/anjouclever/\n\u27ab \u5b89\u557eFB\uff1ahttps://www.facebook.com/anjoupikachu/\n\ud83d\udc39 \u73a9\u5177\u958b\u7bb1\u5168\u96c6\uff1ahttps://goo.gl/91ulRJ\n\n\u27a8\u5176\u4ed6\u5b89\u557e\u5f71\u7247\n1/2\u7e2e\u5c0f\u7248\u626d\u86cb\u6a5f \u2606 \u626d\u5230\u4ec0\u9ebc\u5c31\u5403\u4ec0\u9ebc\u7684\u523a\u6fc0\u73a9\u6cd5?!\n\u21e2 https://goo.gl/tSJlNG\n\u6dbc\u9eb5\u6c34\u6a02\u5712 - \u6d41\u6c34\u7d20\u9eb5\u5f9e\u9ad8\u4f4e\u5dee56cm\u7684\u6ed1\u6c34\u9053\u6e9c\u4e0b\u4f86\u4e86\uff01\n\u21e2 https://goo.gl/tgYRy1\n\u3010\u77e5\u80b2\u83d3\u5b50\u3011\u99ac\u6876\u6e05\u6dbc\u98f2\u6599\uff01\u7121\u6cd5\u62db\u67b6\u7684\u5473\u9053\uff01\n\u21e2 https://goo.gl/n0nnyQ\n\u6d77\u5e95\u7e3d\u52d5\u54e12 - Finding Dory \u2606 \u591a\u8389\u5609\u5e74\u83ef\uff01\u9084\u6709\u597d\u591a\u9b5a\u53cb\u5011\uff01\n\u21e2 https://goo.gl/oAn42q\n\u6703\u5b78\u4f60\u8aaa\u8a71\u7684\u840c\u840c\u5c0f\u5009\u9f20 - \u8981\u6210\u70ba\u4e00\u4f4d\u6559\u5b97\u4e0d\u662f\u90a3\u9ebc\u7c21\u55ae\u7684\u4e8b\u60c5!!\n\u21e2 https://goo.gl/8WZaZT\n\nBGM\u4f86\u6e90\uff1ahttp://dova-s.jp/\n\u97f3\u6548\u4f86\u6e90\uff1ahttp://musicisvfr.com/free/index.html",
        "likeCount": "23636",
        "commentCount": "1149",
        "viewCount": "1085717"
    },
    "comments": [
        {
            "reply_id": "UgxffnmGboZCdIWwbNR4AaABAg",
            "reply_content": "\u6211\u9032\u904e\u5b89\u557e\u7684\u4e16\u754c",
            "likeCount": 1
        },
        {
            "reply_id": "Ugx7NSdFZfSnjng0TmZ4AaABAg",
            "reply_content": "\u6211\u60f3\u77e5\u9053\u5982\u4f55\u62ff\u5230\u9677\u9631\u7a2e\u5b50",
            "likeCount": 1
        },
        {
            "reply_id": "UgyEf60q3QsYgyAK6LB4AaABAg",
            "reply_content": "\u8336\u8336\u4e38\u7b97\u7a00\u6709\u55ce",
            "likeCount": 1
        },
        {
            "reply_id": "UgyfjcjajnDQ0Z_uB9h4AaABAg",
            "reply_content": "\u7c89\u7d05\u8272\u7684\u5c0f\u677e\u9f20\u548c\u6211\u7684\u5a03\u5a03\u597d\u50cf\u5594",
            "likeCount": 0
        },
        {
            "reply_id": "UgznJgp3OcrDmGA0HWB4AaABAg",
            "reply_content": "\u6211\u662f\u73a9\u624b\u6a5f\u80fd\u4e0b\u8f09\u7684\u53e3\u888b\u68ee\u53cb\u6703",
            "likeCount": 0
        },
        {
            "reply_id": "UgzAniSso6-XpWg8s2l4AaABAg",
            "reply_content": "\u6211\u7684\u521d\u59cb\u5cf6\u6c11\u4e5f\u662f\u9db4\u8332",
            "likeCount": 0
        },
        {
            "reply_id": "UgxQe0PJPChP9kH11ht4AaABAg",
            "reply_content": "\u600e\u9ebc\u62ff\u6771\u897f\u5594",
            "likeCount": 0
        },
        {
            "reply_id": "Ugw2LH9pQ1q7N4AfEHZ4AaABAg",
            "reply_content": "\u5b89\u557e\u6211\u53ef\u4ee5\u52a0\u4f60\u597d\u53cb\u55ce,\u5982\u679c\u53ef\u4ee5\u4f60\u53ef\u4ee5\u7d66\u6211\u4f60\u7684\u670b\u53cb\u7de8\u865f\u55ce",
            "likeCount": 0
        },
        {
            "reply_id": "UgxlaqA0e0Wcx9u-JZ54AaABAg",
            "reply_content": "\u9084\u6709\u611b\u5fc3\u6e56",
            "likeCount": 0
        },
        {
            "reply_id": "UgxYp3diU0y3RrPzSAJ4AaABAg",
            "reply_content": "\u90fd\u662f\u5b89\u557e\u9f20",
            "likeCount": 0
        },
        {
            "reply_id": "UgyVFDe6O-d8gMqewdd4AaABAg",
            "reply_content": "\u6211\u4e5f\u6709\u73a9\u52d5\u7269\u68ee\u53cb\u6703",
            "likeCount": 0
        },
        {
            "reply_id": "UgwlJBWk_s5eUQUXCh14AaABAg",
            "reply_content": "\u6211\u4e5f\u6709\u73a9",
            "likeCount": 0
        },
        {
            "reply_id": "Ugyhi-zo0bW4fJthFeJ4AaABAg",
            "reply_content": "\u6211\u6709\u53bb\u4f60\u7684\u5cf6",
            "likeCount": 0
        },
        {
            "reply_id": "UgzLgTY9PCliODVuBG54AaABAg",
            "reply_content": "\u6211\u662f\u963f\u59ca",
            "likeCount": 0
        },
        {
            "reply_id": "UgzWlTO7LiJHPxt2QJp4AaABAg",
            "reply_content": "\u4f60\u50cf\u5c0f\u96e8",
            "likeCount": 0
        },
        {
            "reply_id": "UgwSf-1yg6i7fWO0XGB4AaABAg",
            "reply_content": "\u63db\u53e3\u982d\u79aa\u7684\u8a71\u4e00\u5b9a\u8981\u5169\u500b\u4eba\u90fd\u4e00\u6a23\u624d\u53ef\u4ee5\u56e0\u70ba\u5982\u679c\u4e0d\u4e00\u6a23\u5c31\u6703\u89ba\u8d77\u4f86\u5f88\u602a\u5982\u679c\u4e00\u6a23\u7684\u8a71\u5c31\u4e0d\u6703\u89ba\u5f97\u5f88\u602a",
            "likeCount": 0
        },
        {
            "reply_id": "UgzXBBQjy0cEAuaKoYR4AaABAg",
            "reply_content": "\u6709\u611b\u5fc3",
            "likeCount": 0
        },
        {
            "reply_id": "UgwjWu_eBXQwBWe6SGV4AaABAg",
            "reply_content": "\u4f60\u7684\u6771\u4eac\u6d74\u8863\u597d\u6f02\u4eae\u597d\u6f02\u4eae",
            "likeCount": 0
        },
        {
            "reply_id": "UgyEy6YH8BlGT_GSGAN4AaABAg",
            "reply_content": "\u6211\u9001\u59b3\u5316\u77f3\u597d\u4e0d\u597d",
            "likeCount": 0
        },
        {
            "reply_id": "UgzmC-uT7s_2aWoyDc94AaABAg",
            "reply_content": "\u96ea\u5152\u4e4b\u524d\u5f9e\u6211\u7684\u5cf6\u4e0a\u642c\u8d70\u4e86\u8036",
            "likeCount": 0
        },
        {
            "reply_id": "Ugxw4q214plpMZL0i6V4AaABAg",
            "reply_content": "\u53ef\u4ee5\u7d66\u6211\u6a58\u5b50\u55ce",
            "likeCount": 0
        },
        {
            "reply_id": "Ugyaf2zvHwipQAV3zNN4AaABAg",
            "reply_content": "\u53f0\u4e0a\u4e00\u5206\u9418\u53f0\u4e0b\u5341\u5e74\u529f",
            "likeCount": 0
        },
        {
            "reply_id": "UgxOFbJAF7gUfaFYBlF4AaABAg",
            "reply_content": "\u6211\u7b2c\u4e00\u6b21\u7684\u6642\u5019\u5c31\u662f\u5091\u514b",
            "likeCount": 0
        },
        {
            "reply_id": "Ugyjxv_xhlTuwyFgwW94AaABAg",
            "reply_content": "\u6751\u6c11\u5531\u6b4c\u597d\u53ef\u611b",
            "likeCount": 0
        },
        {
            "reply_id": "UgydVdljZ-8WOeHhAbJ4AaABAg",
            "reply_content": "\u597d\u6f02\u4eae\u5594",
            "likeCount": 0
        }
    ]
}