{
    "video_info": {
        "id": "l32HBPbWkiw",
        "channelTitle": "\u5b89\u557e\u54aa",
        "title": "\u65e5\u672c\u4e94\u6b3e\u7206\u8ce3\u798f\u888b\u958b\u7bb1\uff01\u7adf\u7136\u6709\u9019\u7a2e\u5947\u602a\u7684\u798f\u888b....\uff01| \u5b89\u557e (\u309d\u2200\uff65) \u2661",
        "description": "\u4ee5\u5f8c\u6211\u8981\u80cc\u6d77\u737a\u51fa\u9580\u4e86\n\u27ab \u8a02\u95b1\u5b89\u557e\uff1ahttps://goo.gl/KmLFgD\n\u27ab \u5b89\u557eIG\uff1ahttps://www.instagram.com/anjouclever/\n\u27ab \u5b89\u557eFB\uff1ahttps://www.facebook.com/anjoupikachu/\n\ud83d\udc39 \u73a9\u5177\u958b\u7bb1\u5168\u96c6\uff1ahttps://goo.gl/91ulRJ\n\nBGM\u4f86\u6e90\uff1ahttp://dova-s.jp/\n\u97f3\u6548\u4f86\u6e90\uff1ahttp://musicisvfr.com/free/index.html",
        "likeCount": "10409",
        "commentCount": "495",
        "viewCount": "312236"
    },
    "comments": [
        {
            "reply_id": "Ugy4BrkTvpEly36wGPd4AaABAg",
            "reply_content": "\u7b11\u6b7b\u8b8a\u5fcd\u8005",
            "likeCount": 1
        },
        {
            "reply_id": "UgxG_8i9XMULH_3I0P94AaABAg",
            "reply_content": "\u65e5\u672c\u90a3\u500b\u50b3\u7d71\u624b\u5e15\u53ef\u4ee5\u91cd\u7528\u55ce",
            "likeCount": 1
        },
        {
            "reply_id": "UgxrMf5gRv1fnTcF4g54AaABAg",
            "reply_content": "\u8b9a",
            "likeCount": 0
        },
        {
            "reply_id": "UgxtGy-0D7fodzYBzuR4AaABAg",
            "reply_content": "\u4f60\u7a7f\u54ea\u4e2a\u90fd\u597d\u597d\u770b",
            "likeCount": 0
        },
        {
            "reply_id": "Ugx6-ZnZEseoUJ6-Ge54AaABAg",
            "reply_content": "\u611f\u8b1d\u81ea\u6211\u63a2\u7d22",
            "likeCount": 0
        },
        {
            "reply_id": "UgyUc9lJBdcIOSRMCTR4AaABAg",
            "reply_content": "\u559c\u6b61\u798f\u888b\u958b\u7bb1",
            "likeCount": 0
        },
        {
            "reply_id": "Ugw5-lDi6thwWQdkKeJ4AaABAg",
            "reply_content": "\u72d0\u6aac\u771f\u7684\u662f\u7ecf\u5178",
            "likeCount": 0
        },
        {
            "reply_id": "UgzMlErJspf7_EFtbA54AaABAg",
            "reply_content": "\u6709\u8da3\u6709\u8da3",
            "likeCount": 0
        },
        {
            "reply_id": "UgzaNeMp4yno8-X0qzZ4AaABAg",
            "reply_content": "\u5b89\u557e\u597d\u53ef\u611b",
            "likeCount": 0
        },
        {
            "reply_id": "UgykjyDsQtQkrXmnajJ4AaABAg",
            "reply_content": "\u597d\u53ef\u611b",
            "likeCount": 0
        },
        {
            "reply_id": "Ugz0XIHkcY0VJJipZIB4AaABAg",
            "reply_content": "\u6c34\u737a\u8170\u5305\u4e5f\u592a\u53ef\u611b\u4e86\u5427\u54c8\u54c8\u54c8\u54c8",
            "likeCount": 0
        },
        {
            "reply_id": "UgwTDBYE-nzf33OXBux4AaABAg",
            "reply_content": "\u50ac\u66f4\u50ac\u66f4",
            "likeCount": 0
        },
        {
            "reply_id": "UgyZB6xYAkY5A2-r3bp4AaABAg",
            "reply_content": "\u6435\u65e5\u62cd\u4e0b\u62c6\u76f2\u76d2\u5440",
            "likeCount": 0
        },
        {
            "reply_id": "UgylxYASSFRVWOS1Dyp4AaABAg",
            "reply_content": "\u65e5\u672c\u8863\u670d\u798f\u888b\u597d\u597d\u597d\u597d\u770b",
            "likeCount": 0
        },
        {
            "reply_id": "Ugw6G7-x6xO6WAVFIel4AaABAg",
            "reply_content": "\u8b19",
            "likeCount": 0
        },
        {
            "reply_id": "UgxyxdebzuA6jbvxqXF4AaABAg",
            "reply_content": "\u5b89\u557e\u592a\u53ef\u611b\u4e86\u5566",
            "likeCount": 0
        },
        {
            "reply_id": "UgzQdxjypCK9A1XvCiF4AaABAg",
            "reply_content": "\u958b\u5fc3\u679c\u7da0\u7684\u9577\u8896\u4e0a\u8863\u8d85\u597d\u770b\uff01\u679c\u7136\u50f9\u683c\u771f\u7684\u6709\u5dee",
            "likeCount": 0
        },
        {
            "reply_id": "Ugxq2UT9ORHDkbL1Mlt4AaABAg",
            "reply_content": "\u770b\u5230\u8863\u670d\u798f\u888b\u6c7a\u5b9a\u4eca\u5e74\u4e5f\u8981\u9810\u8cfc\u4e00\u4e0b\u660e\u5e74\u7684",
            "likeCount": 0
        },
        {
            "reply_id": "UgygQBgKmdmYRzo0dMB4AaABAg",
            "reply_content": "\u4f60",
            "likeCount": 0
        },
        {
            "reply_id": "UgxgeNVAoI5guUFf5LN4AaABAg",
            "reply_content": "\u725b\u7761\u8863\u592a\u53ef\u611b\u4e86",
            "likeCount": 0
        },
        {
            "reply_id": "UgyBQbTTUn3XYBto_eF4AaABAg",
            "reply_content": "\u60f3\u770b\u5b89\u557e\u62cd\u7a7f\u642d",
            "likeCount": 0
        },
        {
            "reply_id": "UgzHyHfdhCgy1Tbn5Rp4AaABAg",
            "reply_content": "\u5b89\u557e\u597d\u53ef\u611b",
            "likeCount": 0
        },
        {
            "reply_id": "UgyRHHobz0htB_Z8MR94AaABAg",
            "reply_content": "\u5b89\u557e\u8d8a\u4f86\u8d8a\u6f02\u4eae\u4e86",
            "likeCount": 0
        },
        {
            "reply_id": "Ugy0AWTYBSFpgxT-0yV4AaABAg",
            "reply_content": "\u5b89\u557e\u9084\u6709\u73a9\u52d5\u7269\u55ce",
            "likeCount": 1
        },
        {
            "reply_id": "Ugy0vSs3cxvBAA0WFLF4AaABAg",
            "reply_content": "\u5b89\u557e\u597d\u53ef\u611b",
            "likeCount": 1
        }
    ]
}