{
    "video_info": {
        "id": "LFshakvyRE4",
        "channelTitle": "\u5b89\u557e\u54aa",
        "title": "\u6311\u6230\u65e5\u672c\u7206\u7d05\u751c\u9ede\uff01\u7f6a\u60e1\u9bae\u5976\u6cb9\u6eff\u6eff\u7684\u7f85\u99ac\u751f\u4e73\u5305\uff01| \u5b89\u557e (\u309d\u2200\uff65) \u2661",
        "description": "\u4e0d\u89ba\u5f97\u9019\u6a23\u6c42\u5a5a\u771f\u7684\u5f88\u5371\u96aa\u55ce\uff01\n\u27ab \u8a02\u95b1\u5b89\u557e\uff1ahttps://goo.gl/KmLFgD\n\u27ab \u5b89\u557eIG\uff1ahttps://www.instagram.com/anjouclever/\n\u27ab \u5b89\u557eFB\uff1ahttps://www.facebook.com/anjoupikachu/\n\ud83d\udc39 \u73a9\u5177\u958b\u7bb1\u5168\u96c6\uff1ahttps://goo.gl/91ulRJ\n\nBGM\u4f86\u6e90\uff1ahttp://dova-s.jp/\n\u97f3\u6548\u4f86\u6e90\uff1ahttp://musicisvfr.com/free/index.html",
        "likeCount": "5182",
        "commentCount": "166",
        "viewCount": "139591"
    },
    "comments": [
        {
            "reply_id": "UgzoC2z5WYS2yS7B72d4AaABAg",
            "reply_content": "\u505a\u7684\u6700\u597d\u7684\u4e00\u6b21",
            "likeCount": 2
        },
        {
            "reply_id": "Ugw32HjF5KfRY_j40nR4AaABAg",
            "reply_content": "\u597d\u611b\u770b\u5b89\u557e\u505a\u98df\u7269\n\u56e0\u70ba\u6bcf\u6b21\u90fd\u6703\u770b\u5230\u6307\u7532\u5f88\u4e7e\u6de8\u89ba\u5f97\u5f88\u8212\u670d",
            "likeCount": 1
        },
        {
            "reply_id": "Ugzhnmp70dFP2qkGj7N4AaABAg",
            "reply_content": "\u5b89\u557e\u597d\u53ef\u7231\u54e6",
            "likeCount": 1
        },
        {
            "reply_id": "UgwfKJHaAMZbuOuPqfF4AaABAg",
            "reply_content": "\u525b\u597d\u9019\u5e7e\u5929\u540c\u4e8b\u7684\u5ba4\u53cb\u8aaa\u63c9\u9eb5\u5718\u5f88\u8212\u58d3\uff0c\u600e\u9ebc\u770b\u90fd\u4e0d\u8212\u58d3",
            "likeCount": 1
        },
        {
            "reply_id": "UgzGTYoRhXs6HvVFFg94AaABAg",
            "reply_content": "\u65e5\u672c\u4eba",
            "likeCount": 0
        },
        {
            "reply_id": "UgxIL5eeozDfHIort4d4AaABAg",
            "reply_content": "\u5b89\u557e\u662f\u4e0d\u662f\u6709\u53bb\u8d70\u9418\u734e",
            "likeCount": 0
        },
        {
            "reply_id": "Ugy4s6mZNSXf1svU_Kp4AaABAg",
            "reply_content": "\u770b\u5b89\u557e\u7684\u5f71\u7247\u597d\u7597\u6108",
            "likeCount": 0
        },
        {
            "reply_id": "UgynLilpnQPUJUJZP4J4AaABAg",
            "reply_content": "\u70e4\u592a\u4e45",
            "likeCount": 0
        },
        {
            "reply_id": "UgzygWlSWQXqojq6bRN4AaABAg",
            "reply_content": "\u770b\u5b89\u557e\u505a\u98df\u7269\u5f88\u50cf\u5728\u505a\u52de\u4f5c",
            "likeCount": 0
        },
        {
            "reply_id": "UgwG8evMjqrBEYH_vRF4AaABAg",
            "reply_content": "\u8b9a",
            "likeCount": 0
        },
        {
            "reply_id": "Ugy0_K8SDUng5fpCc3N4AaABAg",
            "reply_content": "\u5b89\u557e\u771f\u662f\u8d8a\u4f86\u8d8a\u5229\u5bb3\u4e86",
            "likeCount": 0
        },
        {
            "reply_id": "UgygLQIlp6fwxBQJ0pp4AaABAg",
            "reply_content": "\u4e0d\u904e\u8a8d\u771f\u8aaa\u22ef\u54c1\u76f8\u6bd4\u5343\u5343\u505a\u7684\u5de8\u5927\u7248\u672c\u72c0\u614b\u597d\u4e86\u4e0d\u5c11",
            "likeCount": 0
        },
        {
            "reply_id": "UgzD5EbxZueMiixIKl94AaABAg",
            "reply_content": "\u5f88\u60f3\u518d\u770b\u5b89\u557e\u958b\u7bb1\u73a9\u5177",
            "likeCount": 0
        },
        {
            "reply_id": "UgyWLtL034b8G5t_ZnJ4AaABAg",
            "reply_content": "\u5b89\u557e\u53ef\u4ee5\u505a\u62ab\u85a9\u55ce",
            "likeCount": 0
        },
        {
            "reply_id": "UgwcHyW332sic1Jy67J4AaABAg",
            "reply_content": "\u611f\u89ba\u597d\u7f8e\u5473\u7684\u751c\u9ede",
            "likeCount": 0
        },
        {
            "reply_id": "UgwIPl1XpkkRRsmbsEh4AaABAg",
            "reply_content": "\u4e0d\u932f\u770b",
            "likeCount": 0
        },
        {
            "reply_id": "Ugz4HvHOowh-fRhFKZJ4AaABAg",
            "reply_content": "\u597d\u559c\u6b61\u5b89\u557e\u7684\u5f71\u7247",
            "likeCount": 0
        },
        {
            "reply_id": "Ugx5xg9OKUuh8_HyVlp4AaABAg",
            "reply_content": "\u4eca\u5929\u5c45\u7136\u9084\u6709\u65b0\u7247\u53ef\u4ee5\u770b",
            "likeCount": 5
        },
        {
            "reply_id": "UgwtYxdPzw3RzuBDSDR4AaABAg",
            "reply_content": "\u9023\u7e8c\u5169\u5929\u90fd\u6709\u5f71\u7247\u771f\u958b\u5fc3\u9084\u6709\u842c\u8056\u7bc0\u5feb\u6a02",
            "likeCount": 2
        },
        {
            "reply_id": "UgypA3Do2-jLb5Qw1hN4AaABAg",
            "reply_content": "\u842c\u8056\u7bc0\u5feb\u6a02",
            "likeCount": 1
        },
        {
            "reply_id": "UgwCTx4iMJRTHiAa0gd4AaABAg",
            "reply_content": "\u5b89\u557e\u9023\u7e8c2\u5929\u51fa\u7247\u8f9b\u82e6\u4e86\u800c\u4e14\u751f\u4e73\u5305\u571f\u5857\u5976\u6cb9\u5f88\u50cf\u9632\u75ab\u8981\u6234\u53e3\u7f69",
            "likeCount": 1
        },
        {
            "reply_id": "Ugyl6eWas5heKp44HwZ4AaABAg",
            "reply_content": "\u5b89\u557e\u8056\u8a95\u7bc0\u5feb\u6a02",
            "likeCount": 0
        },
        {
            "reply_id": "UgyiJqd3T9uM5nVANzF4AaABAg",
            "reply_content": "\u4f86\u4e86",
            "likeCount": 0
        },
        {
            "reply_id": "Ugyy8ElkCHm2gdOySI94AaABAg",
            "reply_content": "\u6765\u5566",
            "likeCount": 0
        },
        {
            "reply_id": "UgwAzcHcEza7YkHD0Bp4AaABAg",
            "reply_content": "\u4f86\u4e86",
            "likeCount": 0
        }
    ]
}