{
    "video_info": {
        "id": "lKS6rgx0_nw",
        "channelTitle": "\u5b89\u557e\u54aa",
        "title": "\u6dfa\u8349\u6700\u65b0\u8d85\u4eba\u6c23\u5c0f\u5403TOP9\uff01\u9084\u6709\u514d\u8cbb\u770b\u591c\u666f\u7684\u96b1\u85cf\u666f\u9ede\uff5e\u266a | \u5b89\u557e (\u309d\u2200\uff65) \u2661",
        "description": "\u4e00\u8d77\u5403\u5403\u559d\u559d\uff01\n\u4e0b\u8f09Surfshark VPN\nhttps://surfshark.deals/anjou\n\u8f38\u5165\u5c08\u5c6c\u512a\u60e0\u78bc anjou\uff0c\u5c31\u53ef\u4ee5\u7372\u5f97\u300c\u4e00\u4e03\u6298\u300d\u512a\u60e0\n\u9084\u67093\u500b\u6708\u7684\u514d\u8cbb\u8a66\u7528\u671f\u54e6\uff01\n\n\u27ab \u8a02\u95b1\u5b89\u557e\uff1ahttps://goo.gl/KmLFgD\n\u27ab \u5b89\u557eIG\uff1ahttps://www.instagram.com/anjouclever/\n\u27ab \u5b89\u557eFB\uff1ahttps://www.facebook.com/anjoupikachu/\n\ud83d\udc39 \u73a9\u5177\u958b\u7bb1\u5168\u96c6\uff1ahttps://goo.gl/91ulRJ",
        "likeCount": "3273",
        "commentCount": "177",
        "viewCount": "120871"
    },
    "comments": [
        {
            "reply_id": "UgyW1OBWdXzA7-GdRHx4AaABAg",
            "reply_content": "\u53ef\u611b\u53ef\u611b\u53ef\u611b",
            "likeCount": 1
        },
        {
            "reply_id": "UgwX5mj0TO8aX6Y2mcx4AaABAg",
            "reply_content": "\u611b\u5b89\u63ea\u53ef\u611b\u7684\u6a23\u5b50",
            "likeCount": 1
        },
        {
            "reply_id": "UgziUDau9NyfppyJPkR4AaABAg",
            "reply_content": "\u53ef\u611b\u53ef\u611b\u53ef\u611b",
            "likeCount": 0
        },
        {
            "reply_id": "UgxB8Z-fge9RXWv72w14AaABAg",
            "reply_content": "\u53ef\u7231",
            "likeCount": 0
        },
        {
            "reply_id": "UgwnyPCu-GTgGdwwy294AaABAg",
            "reply_content": "\u53ef\u7231\u53ef\u7231",
            "likeCount": 0
        },
        {
            "reply_id": "UgzvahMHe4JlYPcg5654AaABAg",
            "reply_content": "\u828b\u5c4b\u8208\u4f38\u7684\u871c\u5730\u74dc\u4e5f\u8d85\u597d\u5403",
            "likeCount": 0
        },
        {
            "reply_id": "UgxGqstzlZsKbj08YIF4AaABAg",
            "reply_content": "\u5b89\u557e\u8ddf\u4ee5\u524d\u7d05\u77f3\u53e3\u888b\u7684\u6a23\u8c8c\u4e0d\u4e00\u6a23\u4e86",
            "likeCount": 0
        },
        {
            "reply_id": "UgyBb2V9XzNYO1Oc_-94AaABAg",
            "reply_content": "\u53ef\u611b\u53ef\u611b\u53ef\u611b",
            "likeCount": 0
        },
        {
            "reply_id": "Ugy28u-zwmagLovYOQV4AaABAg",
            "reply_content": "\u597d\u53ef\u611b",
            "likeCount": 0
        },
        {
            "reply_id": "UgxWd2y5cU44pemwqKp4AaABAg",
            "reply_content": "\u5b89\u557e\u54aa\u4f60\u62cd\u5f71\u7247\u6703\u4e0d\u6703\u7d2f",
            "likeCount": 0
        },
        {
            "reply_id": "Ugxyt7uxsp8QDg55iuZ4AaABAg",
            "reply_content": "\u53ef\u611b\u53ef\u611b\u53ef\u611b",
            "likeCount": 0
        },
        {
            "reply_id": "UgwmeL_IBZMnT4AuEad4AaABAg",
            "reply_content": "\u53ef\u611b\u53ef\u611b\u53ef\u611b\u53ef\u611b\u53ef\u611b\u53ef\u611b\u53ef\u611b\u53ef\u611b\u53ef\u611b\u53ef\u611b\u53ef\u611b\u53ef\u611b\u53ef\u611b\u53ef\u611b\u53ef\u611b\u53ef\u611b\u53ef\u611b\u53ef\u611b\u53ef\u611b\u53ef\u611b\u53ef\u611b\u53ef\u611b\u53ef\u611b\u53ef\u611b\u53ef\u611b\u53ef\u611b\u53ef\u611b\u53ef\u611b\u53ef\u611b\u53ef\u611b\u53ef\u611b\u53ef\u611b\u53ef\u611b\u53ef\u611b\u53ef\u611b\u53ef\u611b\u53ef\u611b\u53ef\u611b\u53ef\u611b\u53ef\u611b\u53ef\u611b\u53ef\u611b\u53ef\u611b\u53ef\u611b",
            "likeCount": 0
        },
        {
            "reply_id": "Ugyjqe6zXev1u71vrzV4AaABAg",
            "reply_content": "\u53ef\u611b\u53ef\u611b\u53ef\u611b",
            "likeCount": 0
        },
        {
            "reply_id": "UgzM5zH1vUDGo1A5XSV4AaABAg",
            "reply_content": "\u53ef\u7231\u53ef\u7231\u53ef\u7231",
            "likeCount": 0
        },
        {
            "reply_id": "Ugze-PZ6Lo4Z0dmalTB4AaABAg",
            "reply_content": "\u559c\u6b61\u9019\u7a2e\u548c\u670d",
            "likeCount": 0
        },
        {
            "reply_id": "UgzEwwY9f5jeEzSkz6B4AaABAg",
            "reply_content": "\u5b89\u557e\u7684\u6253\u626e\u771f\u7684\u597d\u53ef\u611b\u597d\u6f02\u4eae",
            "likeCount": 0
        },
        {
            "reply_id": "UgyHvniQC-322VcLBdB4AaABAg",
            "reply_content": "\u53ef\u53ef\u611b\u611b",
            "likeCount": 0
        },
        {
            "reply_id": "Ugx8QfFdq8cbsHq0LvB4AaABAg",
            "reply_content": "\u53ef\u7231\u53ef\u7231\u53ef\u7231\u53ef\u7231",
            "likeCount": 0
        },
        {
            "reply_id": "UgyAvSCXmplWsW9K7Jh4AaABAg",
            "reply_content": "\u975e\u5e38\u53ef\u611b",
            "likeCount": 0
        },
        {
            "reply_id": "UgyNupLhRnhvpO_sAEt4AaABAg",
            "reply_content": "\u559c\u6b61\u4eca\u5929\u7f8e\u98df\u4ecb\u7d39\u8ddf\u96b1\u85cf\u666f\u9ede \u9084\u6709\u548c\u670d\u597d\u770b",
            "likeCount": 2
        },
        {
            "reply_id": "UgzsuA3-8YHeUAe2Z-B4AaABAg",
            "reply_content": "\u8d85\u53ef\u611b",
            "likeCount": 0
        },
        {
            "reply_id": "Ugx8QL6i3losJDsugMh4AaABAg",
            "reply_content": "\u53ef\u611b\u53ef\u611b\u53ef\u611b\u53ef\u611b\u53ef\u611b\u7d50\u5a5a\u53ef\u611b\u53ef\u611b\u53ef\u611b",
            "likeCount": 0
        },
        {
            "reply_id": "UgwBlHql_BF71AfeBax4AaABAg",
            "reply_content": "\u53ef\u611b\u53ef\u611b\u53ef\u611b\u53ef\u611b\u53ef\u611b\u53ef\u611b\u53ef\u611b\u53ef\u611b\u53ef\u611b\u53ef\u611b\u53ef\u611b\u53ef\u611b\u53ef\u611b\u53ef\u611b\u53ef\u611b\u53ef\u611b\u53ef\u611b\u53ef\u611b\u53ef\u611b\u53ef\u611b\u53ef\u611b\u53ef\u611b\u53ef\u611b\u53ef\u611b\u53ef\u611b\u53ef\u611b\u53ef\u611b\u53ef\u611b\u53ef\u611b\u53ef\u611b\u53ef\u611b\u53ef\u611b\u53ef\u611b\u53ef\u611b\u53ef\u611b\u53ef\u611b\u53ef\u611b\u53ef\u611b\u53ef\u611b\u53ef\u611b\u53ef\u611b\u53ef\u611b\u53ef\u611b\u53ef\u611b\u53ef\u611b\u53ef\u611b\u53ef\u611b\u53ef\u611b\u53ef\u611b\u53ef\u611b\u53ef\u611b\u53ef\u611b\u53ef\u611b\u53ef\u611b\u53ef\u611b\u53ef\u611b\u53ef\u611b\u53ef\u611b\u53ef\u611b\u53ef",
            "likeCount": 0
        },
        {
            "reply_id": "UgyKAFflqbTgl-hc8ep4AaABAg",
            "reply_content": "\u53ef\u611b\u53ef\u611b\u53ef\u611b",
            "likeCount": 0
        },
        {
            "reply_id": "Ugx1kJaEPMNxL2EeLC54AaABAg",
            "reply_content": "\u53ef\u611b\u53ef\u611b\u53ef\u611b",
            "likeCount": 0
        }
    ]
}