{
    "video_info": {
        "id": "LtAsILKaOaw",
        "channelTitle": "\u5b89\u557e\u54aa",
        "title": "\u677f\u6a4b\u96b1\u85cf\u5e03\u4e01\u5c08\u9580\u5e97\uff01| \u5b89\u557e (\u309d\u2200\uff65) \u2661",
        "description": "\u27ab \u8a02\u95b1\u5b89\u557e\uff1ahttps://goo.gl/KmLFgD\n\u27ab \u5b89\u557eIG\uff1ahttps://www.instagram.com/anjouclever/\n\u27ab \u5b89\u557eFB\uff1ahttps://www.facebook.com/anjoupikachu/\n\ud83d\udc39 \u73a9\u5177\u958b\u7bb1\u5168\u96c6\uff1ahttps://goo.gl/91ulRJ",
        "likeCount": "1229",
        "commentCount": "11",
        "viewCount": "26444"
    },
    "comments": [
        {
            "reply_id": "UgywLqdwxsDxTB-YC5Z4AaABAg",
            "reply_content": "\u591a\u5c11\u9322\u5440",
            "likeCount": 1
        },
        {
            "reply_id": "UgzVVEfNGwDXD2mU1Ap4AaABAg",
            "reply_content": "\u6240\u4ee5\u6c92\u62cd\u5f71\u7247\u4e86\u55ce",
            "likeCount": 0
        }
    ]
}