{
    "video_info": {
        "id": "Ny930uOzBJM",
        "channelTitle": "\u5b89\u557e\u54aa",
        "title": "\u505a\u4e86\u9a5a\u5687\u79ae\u7269\u76d2\u6574\u591a\u5e74\u597d\u53cb! \u53cb\u60c5\u5dee\u9ede\u6495\u88c2?! | \u5b89\u557e (\u309d\u2200\uff65) \u2661",
        "description": "\u9019\u652f\u5f71\u7247\u9084\u6c92\u526a\u5289\u6d77\uff0c\u5de7\u5999\u5730\u8b8a\u6210\u4e86\u4e00\u5b57\u7709\n\n\u65e5\u672cPLUS\u8c46\u8c46\u8cbc\u2014\u2014\u7acb\u53ef\u5e36\u5f0f\u7684\u96d9\u9762\u81a0\uff01\n\u8cbc\u624b\u5e33\u7167\u7247\u6216\u662f\u7b46\u8a18\u8003\u5377\u90fd\u5f88\u65b9\u4fbf\u55b2\uff01\n\u4f86\u9019\u88e1\u627e\u8c46\u8c46\u8cbc\uff1ahttps://www.taiwan-plus.com.tw/product_list11.htm\n\n\u27ab \u8a02\u95b1\u5b89\u557e\uff1ahttps://goo.gl/KmLFgD\n\u27ab \u5b89\u557eIG\uff1ahttps://www.instagram.com/anjouclever/\n\u27ab \u5b89\u557eFB\uff1ahttps://www.facebook.com/anjoupikachu/\n\ud83d\udc39 \u73a9\u5177\u958b\u7bb1\u5168\u96c6\uff1ahttps://goo.gl/91ulRJ\n\n\u27a8\u5176\u4ed6\u5b89\u557e\u5f71\u7247\n1/2\u7e2e\u5c0f\u7248\u626d\u86cb\u6a5f \u2606 \u626d\u5230\u4ec0\u9ebc\u5c31\u5403\u4ec0\u9ebc\u7684\u523a\u6fc0\u73a9\u6cd5?!\n\u21e2 https://goo.gl/tSJlNG\n\u6dbc\u9eb5\u6c34\u6a02\u5712 - \u6d41\u6c34\u7d20\u9eb5\u5f9e\u9ad8\u4f4e\u5dee56cm\u7684\u6ed1\u6c34\u9053\u6e9c\u4e0b\u4f86\u4e86\uff01\n\u21e2 https://goo.gl/tgYRy1\n\u3010\u77e5\u80b2\u83d3\u5b50\u3011\u99ac\u6876\u6e05\u6dbc\u98f2\u6599\uff01\u7121\u6cd5\u62db\u67b6\u7684\u5473\u9053\uff01\n\u21e2 https://goo.gl/n0nnyQ\n\u6d77\u5e95\u7e3d\u52d5\u54e12 - Finding Dory \u2606 \u591a\u8389\u5609\u5e74\u83ef\uff01\u9084\u6709\u597d\u591a\u9b5a\u53cb\u5011\uff01\n\u21e2 https://goo.gl/oAn42q\n\u6703\u5b78\u4f60\u8aaa\u8a71\u7684\u840c\u840c\u5c0f\u5009\u9f20 - \u8981\u6210\u70ba\u4e00\u4f4d\u6559\u5b97\u4e0d\u662f\u90a3\u9ebc\u7c21\u55ae\u7684\u4e8b\u60c5!!\n\u21e2 https://goo.gl/8WZaZT\n\nBGM\u4f86\u6e90\uff1ahttp://dova-s.jp/\n\u97f3\u6548\u4f86\u6e90\uff1ahttp://musicisvfr.com/free/index.html",
        "likeCount": "13009",
        "commentCount": "527",
        "viewCount": "360556"
    },
    "comments": [
        {
            "reply_id": "UgyEULp3RFea7G-bQWR4AaABAg",
            "reply_content": "\u8981\u7528\u4ec0\u9ebc\u7d19\u5440",
            "likeCount": 1
        },
        {
            "reply_id": "UgzHRIlcThefEpG6Tjl4AaABAg",
            "reply_content": "\u56e0\u70ba\u90a3\u500b\u6a61\u76ae\u7b4b\u77ed\u4e86\u561b\uff0c\u6240\u4ee5\u5f48\u529b\u6703\u8b8a\u5f97\u66f4\u5927",
            "likeCount": 1
        },
        {
            "reply_id": "UgwAUlY-2EUbpyogea54AaABAg",
            "reply_content": "\u59b3\u624d\u53ef\u611b\u52d2",
            "likeCount": 0
        },
        {
            "reply_id": "UgzgT1ssN_VWvZrCgS54AaABAg",
            "reply_content": "\u90a3\u500b\u6771\u897f\u6211\u6709",
            "likeCount": 0
        },
        {
            "reply_id": "UgzyHxb2AA5aOGGxNil4AaABAg",
            "reply_content": "\u6211\u597d\u60f3\u8981\u8c46\u8c46\u8cbc",
            "likeCount": 0
        },
        {
            "reply_id": "Ugydz3BhwHUglLF3sfB4AaABAg",
            "reply_content": "\u8acb\u554f\u662f\u4ec0\u9ebc\u7b46",
            "likeCount": 0
        },
        {
            "reply_id": "UgzLs8oCl_qfY_ockMV4AaABAg",
            "reply_content": "\u5929\u554a\u73fe\u5728\u624d\u767c\u73fe\u597d\u4e45\u4ee5\u524d\u5c31\u958b\u59cb\u770b\u5b89\u557e\n\u751c\u751c\u5708\u90a3\u96c6\u7576\u6642\u5c31\u6709\u770b\u5230",
            "likeCount": 0
        },
        {
            "reply_id": "Ugyh-Rrij7o7C-5wh5N4AaABAg",
            "reply_content": "\u6709",
            "likeCount": 0
        },
        {
            "reply_id": "UgzMgaPoVEGxQtutGRl4AaABAg",
            "reply_content": "\u90fd\u64fa\u51fa\u7167\u7247\u4e86\u5f71\u7247\u70ba\u4ec0\u9ebc\u9084\u8981\u6253\u99ac\u8cfd\u514b",
            "likeCount": 0
        },
        {
            "reply_id": "Ugz_Lyv1BT1_XV9sQSd4AaABAg",
            "reply_content": "\u8fd9\u9152\u5e97\u662f\u54ea\u91cc\u554a\u597d\u7f8e\u554a",
            "likeCount": 0
        },
        {
            "reply_id": "UgxDbhpWiUyexskkIbJ4AaABAg",
            "reply_content": "\u6a61\u76ae\u7b4b\u7684\u9577\u5ea6\u8981\u525b\u597d\u662f\u5361\u7247\u5c0d\u89d2\u7684\u9577\u5ea6\u5427 \u9019\u6a23\u624d\u80fd\u628a\u5361\u7247\u6490\u8d77\u4f86",
            "likeCount": 0
        },
        {
            "reply_id": "UgwKTu81D5_0YaRLAmh4AaABAg",
            "reply_content": "\u8b9a",
            "likeCount": 0
        },
        {
            "reply_id": "UgzEX66i_8Njbl_AmZJ4AaABAg",
            "reply_content": "\u53ef\u611b",
            "likeCount": 0
        },
        {
            "reply_id": "UgyAj2y1nSXd7Ekad-N4AaABAg",
            "reply_content": "\u597d\u50cf\u548c\u670d",
            "likeCount": 0
        },
        {
            "reply_id": "Ugy6S4JaPVSBcqtgxJx4AaABAg",
            "reply_content": "\u4e92\u8a02\u5df2\u8a02",
            "likeCount": 0
        },
        {
            "reply_id": "UgyMo9XeBbrb7pRie7R4AaABAg",
            "reply_content": "\u597d\u770b",
            "likeCount": 0
        },
        {
            "reply_id": "UgwKFfeth2_ji11XphJ4AaABAg",
            "reply_content": "\u5b89\u557e\u6211\u4e00\u76f4\u90fd\u5f88\u652f\u6301\u4f60\u56e0\u70ba\u6211\u5fc3\u60c5\u4e0d\u597d\u6642\u770b\u4e00\u4e0b\u4f60\u7684\u5f71\u7247\u5c31\u80fd\u8b93\u6211\u5fc3\u60c5\u5f88\u958b\u5fc3\u53ea\u662f\u767c\u4f48\u5f71\u7247\u7684\u901f\u5ea6\u6709\u4e00\u9ede\u6162\u54c8\u54c8",
            "likeCount": 0
        },
        {
            "reply_id": "UgzsVDQDKGRRRXZIIw14AaABAg",
            "reply_content": "\u5b89\u557e\u771f\u7684\u5f88\u7528\u5fc3\u662f\u500b\u5f88\u597d\u7684\u670b\u53cb",
            "likeCount": 0
        },
        {
            "reply_id": "UgwHplZiQfaUgcNlJCx4AaABAg",
            "reply_content": "\u5e0c\u671b\u6559\u4e3b\u80fd\u9047\u4e0a\u81ea\u5df1\u751f\u547d\u4e2d\u5c0d\u7684\u4eba",
            "likeCount": 0
        },
        {
            "reply_id": "UgyALnJKtsMEr8nN-d54AaABAg",
            "reply_content": "\u4eca\u5929\u53bb\u6587\u5177\u5e97\u627e\u4e86\u82b1\u908a\u5e36\n\u7d50\u679c\u90fd\u6c92\u6709\u5b89\u557e\u7684\u90a3\u4e9b\u5716\u6848\u56e7",
            "likeCount": 0
        },
        {
            "reply_id": "UgyYgfNIGATM_hoXltF4AaABAg",
            "reply_content": "\u539f\u4f86\u5b89\u557e\u5df2\u7d93\u4e09\u5341\u597d\u5e7e\u4e86~\u770b\u4e0d\u51fa\u4f86\u4fdd\u990a\u771f\u597d",
            "likeCount": 0
        },
        {
            "reply_id": "UgyhgB2d73fFyZrVkNl4AaABAg",
            "reply_content": "\u9084\u4ee5\u70ba\u7709\u6bdb\u9023\u5728\u4e00\u8d77",
            "likeCount": 0
        },
        {
            "reply_id": "UgxRkOrwxZlCm7YGw9F4AaABAg",
            "reply_content": "\u8001\u670b\u53cb",
            "likeCount": 0
        },
        {
            "reply_id": "UgzoyZ79zuIoqQYAjz54AaABAg",
            "reply_content": "\u6211\u611b\u5b89\u557e\u54aa",
            "likeCount": 0
        },
        {
            "reply_id": "Ugzwk7s29xC2sZfUw9l4AaABAg",
            "reply_content": "\u5b89\u557e\u7684\u7f8e\u8853\u883b\u53ef\u611b\u7684",
            "likeCount": 0
        }
    ]
}