{
    "video_info": {
        "id": "O_ipTkTUgyQ",
        "channelTitle": "\u5b89\u557e\u54aa",
        "title": "\u8d85\u8c6a\u83ef\u7684\u5922\u5e7b\u751c\u9ede\u5217\u8eca\uff01\u5ab2\u7f8e\u4e03\u661f\u5217\u8eca\u7684\u9ad8\u7d1a\u9ad4\u9a57\uff1f\uff01| \u5b89\u557e (\u309d\u2200\uff65) \u2661",
        "description": "\u662f\u5eab\u5b58\u534a\u5e74\u7684\u5f71\u7247\uff01\n\n\u9019\u6b21\u642d\u7684\u662f\u6216\u308b\u5217\u8eca\ud83c\udf70\n\n\u27ab \u8a02\u95b1\u5b89\u557e\uff1ahttps://goo.gl/KmLFgD\n\u27ab \u5b89\u557eIG\uff1ahttps://www.instagram.com/anjouclever/\n\u27ab \u5b89\u557eFB\uff1ahttps://www.facebook.com/anjoupikachu/\n\ud83d\udc39 \u73a9\u5177\u958b\u7bb1\u5168\u96c6\uff1ahttps://goo.gl/91ulRJ\n\n\u27a8\u5176\u4ed6\u5b89\u557e\u5f71\u7247\n1/2\u7e2e\u5c0f\u7248\u626d\u86cb\u6a5f \u2606 \u626d\u5230\u4ec0\u9ebc\u5c31\u5403\u4ec0\u9ebc\u7684\u523a\u6fc0\u73a9\u6cd5?!\n\u21e2 https://goo.gl/tSJlNG\n\u6dbc\u9eb5\u6c34\u6a02\u5712 - \u6d41\u6c34\u7d20\u9eb5\u5f9e\u9ad8\u4f4e\u5dee56cm\u7684\u6ed1\u6c34\u9053\u6e9c\u4e0b\u4f86\u4e86\uff01\n\u21e2 https://goo.gl/tgYRy1\n\u3010\u77e5\u80b2\u83d3\u5b50\u3011\u99ac\u6876\u6e05\u6dbc\u98f2\u6599\uff01\u7121\u6cd5\u62db\u67b6\u7684\u5473\u9053\uff01\n\u21e2 https://goo.gl/n0nnyQ\n\u6d77\u5e95\u7e3d\u52d5\u54e12 - Finding Dory \u2606 \u591a\u8389\u5609\u5e74\u83ef\uff01\u9084\u6709\u597d\u591a\u9b5a\u53cb\u5011\uff01\n\u21e2 https://goo.gl/oAn42q\n\u6703\u5b78\u4f60\u8aaa\u8a71\u7684\u840c\u840c\u5c0f\u5009\u9f20 - \u8981\u6210\u70ba\u4e00\u4f4d\u6559\u5b97\u4e0d\u662f\u90a3\u9ebc\u7c21\u55ae\u7684\u4e8b\u60c5!!\n\u21e2 https://goo.gl/8WZaZT\n\nBGM\u4f86\u6e90\uff1ahttp://dova-s.jp/\n\u97f3\u6548\u4f86\u6e90\uff1ahttp://musicisvfr.com/free/index.html",
        "likeCount": "16370",
        "commentCount": "807",
        "viewCount": "572214"
    },
    "comments": [
        {
            "reply_id": "UgwHfveK1DyM_Em07T54AaABAg",
            "reply_content": "\u5206\u624b\u5f8c\u4f86\u671d\u8056",
            "likeCount": 2
        },
        {
            "reply_id": "UgzsLm6mx8VyFDoGy6h4AaABAg",
            "reply_content": "\u4e0b\u8eca\u4e86",
            "likeCount": 2
        },
        {
            "reply_id": "UgysmQuVgVSUEaxjmDd4AaABAg",
            "reply_content": "\u4e0b\u8eca\u4e86",
            "likeCount": 2
        },
        {
            "reply_id": "Ugxa-47XXWyPuTpYFYl4AaABAg",
            "reply_content": "\u8003\u53e4",
            "likeCount": 2
        },
        {
            "reply_id": "UgwdyP27JD9h2Zq5MrN4AaABAg",
            "reply_content": "\u770b\u5b8c\u904b\u52d5\u6703\u53c8\u4f86\u671d\u8056",
            "likeCount": 2
        },
        {
            "reply_id": "UgwrU7GfYrb45PzLTnV4AaABAg",
            "reply_content": "\u770b\u5168\u660e\u661f\u904b\u52d5\u6703\u7684\u4ecb\u7d39\u5f8c\u518d\u4f86\u770b\u7684",
            "likeCount": 2
        },
        {
            "reply_id": "UgwaEj_DC7LoPldoQQF4AaABAg",
            "reply_content": "\u53db\u5f92\u5de5\u4f5c\u5ba4",
            "likeCount": 1
        },
        {
            "reply_id": "UgwenUwE7RdNB0g6Hk94AaABAg",
            "reply_content": "\u770b\u5230\u904b\u52d5\u6703\u4f86\u671d\u8056\u7684",
            "likeCount": 1
        },
        {
            "reply_id": "UgwI7LZzuNdAggrPEPV4AaABAg",
            "reply_content": "\u8b1d\u8b1d\u5b89\u79cb\u5e36\u6211\u5011\u51fa\u570b\u65c5\u904a",
            "likeCount": 1
        },
        {
            "reply_id": "UgyEuErlPs6SPJmelyB4AaABAg",
            "reply_content": "\u65e9",
            "likeCount": 0
        },
        {
            "reply_id": "UgwmVXQT6Xsah-zBCZB4AaABAg",
            "reply_content": "\u5b89\u557e\u59d3\u6797\u54e6",
            "likeCount": 0
        },
        {
            "reply_id": "Ugz2aQ6gf8HHO-j9PKN4AaABAg",
            "reply_content": "\u4f60\u4e3a\u4ec0\u4e48\u8fd9\u4e48\u53ef\u7231",
            "likeCount": 0
        },
        {
            "reply_id": "Ugxvpu7E49j4HsGorfF4AaABAg",
            "reply_content": "\u75ab\u60c5\u671f\u9593\u4f86\u56de\u9867\u9019\u500b\u751c\u9ede\u5f88\u591a\u8ddf\u751c\u9ede\u5f88\u591a\u7684\u5f71\u7247\ud83d\ude0d",
            "likeCount": 0
        },
        {
            "reply_id": "Ugw3G0mECg93GiOUW2Z4AaABAg",
            "reply_content": "\u554f\u984c\u600e\u9ebc\u53bb\u8c6a\u5f0f\u767b\u5821",
            "likeCount": 0
        },
        {
            "reply_id": "UgyIsv2Xy_umQw1WAgh4AaABAg",
            "reply_content": "\u4f60\u8aaa\u5fc3\u5ee3\u795e\u6021\u7684\u6642\u5019\u5feb\u54ed\u4e86",
            "likeCount": 0
        },
        {
            "reply_id": "UgytPE5Xju-mYWLQT2d4AaABAg",
            "reply_content": "\u53db\u5f92\u5566\u53db\u5f92",
            "likeCount": 0
        },
        {
            "reply_id": "Ugz6nELiETpmyI69Nf94AaABAg",
            "reply_content": "\u9019\u8f1b\u8eca\u662f\u54ea\u88e1\u5230\u54ea\u88e1\u7684\u8b1d\u8b1d",
            "likeCount": 0
        },
        {
            "reply_id": "UgyNn3aH_ELL2_Ue7Q54AaABAg",
            "reply_content": "\u611f\u89ba\u756b\u9762\u8f49\u85cd\u4ea6\u660e\u8b8a\u53f0\u9435",
            "likeCount": 0
        },
        {
            "reply_id": "UgwmF0OkLv0NukpCQMV4AaABAg",
            "reply_content": "\u671d\u8056",
            "likeCount": 0
        },
        {
            "reply_id": "UgzdnVFJdYr1B_xw6eh4AaABAg",
            "reply_content": "\u597d\u60f3\u53bb",
            "likeCount": 0
        },
        {
            "reply_id": "UgwGPP2DesQntiAOlA94AaABAg",
            "reply_content": "\u85cd\u4ea6\u660e\u4e0a\u8f29\u5b50\u4e00\u5b9a\u662f\u62ef\u6551\u4e86\u6574\u500b\u9280\u6cb3\u7cfb",
            "likeCount": 0
        },
        {
            "reply_id": "UgwmHJiW9w0KSa9wNRp4AaABAg",
            "reply_content": "\u53ef\u60e1\u554a\u539f\u4f86\u95dc\u95dc\u53ea\u662f\u7159\u9727\u5f48\u55ce",
            "likeCount": 0
        },
        {
            "reply_id": "Ugwc16j8sDIjB3BRS694AaABAg",
            "reply_content": "\u8fd9\u4e2a\u59b9\u59b9\u592a\u751c\u4e86\u5427",
            "likeCount": 0
        },
        {
            "reply_id": "Ugz69bKJBsVZKGDePqJ4AaABAg",
            "reply_content": "\u5b89\u4e18\u4f60\u5728\u54ea\u88e1\u505a\u90a3\u500b\u554a",
            "likeCount": 0
        },
        {
            "reply_id": "UgwhHXfKFsjYWRJzh894AaABAg",
            "reply_content": "\u6572\u7897\uff0c\u5e6b\u6211\u5011\u53bb\u8d8a\u5f8c\u5fc3\u8df3\u666f\u89c0\u5217\u8eca\u96ea\u6708\u82b1\u770b\u770b",
            "likeCount": 0
        }
    ]
}