{
    "video_info": {
        "id": "oKOEmtX1voc",
        "channelTitle": "\u5b89\u557e\u54aa",
        "title": "\u5728\u5bb6\u7684\u611b\u7528\u54c1\uff01\u6709\u4e86\u9019\u4e9b\u5f85\u5728\u5bb6\u591a\u4e45\u90fd\u4e0d\u6015\u7121\u804a\uff01feat.\u96b1\u9069\u7f8e | \u5b89\u557e (\u309d\u2200\uff65) \u2661",
        "description": "#\u5927\u5bb6\u90fd\u5728\u5bb6\u88e1\u505a\u4ec0\u9ebc\u5462\n\u5f85\u5728\u5bb6\u8d8a\u4e45\uff01\u751f\u6d3b\u54c1\u8cea\u53ca\u4f11\u9592\u6d3b\u52d5\u4e5f\u8ddf\u8457\u5927\u8e8d\u9032\uff01\n\n\u27ab \u8a02\u95b1\u5b89\u557e\uff1ahttps://goo.gl/KmLFgD\n\u27ab \u5b89\u557eIG\uff1ahttps://www.instagram.com/anjouclever/\n\u27ab \u5b89\u557eFB\uff1ahttps://www.facebook.com/anjoupikachu/\n\ud83d\udc39 \u73a9\u5177\u958b\u7bb1\u5168\u96c6\uff1ahttps://goo.gl/91ulRJ\n\n#\u96b1\u9069\u7f8e #\u96b1\u9069\u7f8e\u958b\u7bb1 #\u96b1\u5f62\u7259\u5957\n\u96b1\u9069\u7f8e\u96b1\u5f62\u7259\u5957\u64c1\u6709 SmartTrack \u7368\u5bb6\u5c08\u5229\u3001\u5168\u74031000\u842c\u540d\u4f7f\u7528\u8005\uff01\n\u4e0d\u4f46\u770b\u4e0d\u51fa\u5728\u6234\u7259\u5957\u4e5f\u5f88\u8212\u9069\uff0c\u6bcf\u4e00\u526f\u7259\u5957\u90fd\u662f\u6839\u64da\u7259\u9f52\u6bcf\u968e\u6bb5\u7684\u6539\u8b8a\u91cf\u8eab\u6253\u9020\uff0c\n\u4e00\u6b21\u56de\u8a3a\u5c31\u53ef\u4ee5\u62ff\u591a\u526f\u7259\u5957\uff0c\u5927\u5927\u6e1b\u5c11\u5c45\u5bb6\u9632\u75ab\u4e0d\u65b9\u4fbf\u51fa\u9580\u770b\u91ab\u751f\u7684\u554f\u984c\u5537~\n\n\u66f4\u91cd\u8981\u7684\u662f\uff01\u73fe\u5728\u96b1\u9069\u7f8e\u914d\u4ef6\u5546\u5e97\u6b63\u5728\u512a\u60e0\u4e2d\uff0c\n\u6709\u53ef\u611b\u4f01\u9d5d\u3001\u8ff7\u5f69\u3001\u9084\u6709\u540d\u756b\u6b3e\u5594\uff01\u70ba\u7259\u5957\u9078\u8cfc\u53ef\u611b\u7259\u5957\u76d2\u5427~\n\n\u96b1\u9069\u7f8e\u914d\u4ef6\u5546\u5e97\uff1ahttps://apac.invisalignaccessories.com/zh-tw\n\u5b89\u557e\u5c08\u5c6c\u512a\u60e0\u78bc\uff1aANJOU30\n\u4f7f\u7528\u671f\u9650\uff1a6/19-6/30 \n\u8a02\u8cfc\u6642\u8f38\u5165\u512a\u60e0\u78bc\u5373\u53ef\u4eab\u6709\u4e03\u6298\u512a\u60e0\u5537\n@\u96b1\u9069\u7f8e\u53f0\u7063 Invisalign Taiwan\n\nBGM\u4f86\u6e90\uff1ahttp://dova-s.jp/\n\u97f3\u6548\u4f86\u6e90\uff1ahttp://musicisvfr.com/free/index.html",
        "likeCount": "4742",
        "commentCount": "235",
        "viewCount": "154333"
    },
    "comments": [
        {
            "reply_id": "UgwsUmrC9Ho-5wJmoM14AaABAg",
            "reply_content": "\u4e0d\u77e5\u9053\u70ba\u4ec0\u9ebc\u770b\u5b89\u557e\u7684\u5f71\u7247\u5c31\u6709\u751c\u751c\u7684\u611f\u89ba\ud83d\ude0d",
            "likeCount": 7
        },
        {
            "reply_id": "UgwiK8HBUi76OkZ8A1Z4AaABAg",
            "reply_content": "\u7761\u8863\u6709\u8cfc\u8cb7\u9023\u7d50\u55ce\u54c8\u54c8\u54c8\u54c8 \u611f\u89ba\u771f\u7684\u5f88\u9069\u5408",
            "likeCount": 5
        },
        {
            "reply_id": "UgyL_-sqv0wm_rMCbcN4AaABAg",
            "reply_content": "\u5927\u90e8\u4efd\u4eba\u90fd\u73a9\u528d\u76fe",
            "likeCount": 1
        },
        {
            "reply_id": "UgwwF1FtSGD6ZCI3NXF4AaABAg",
            "reply_content": "\u5b89\u557e\u53ef\u4ee5\u8003\u616e\u62cd\u670d\u88dd\u4e4b\u985e\u7684\u89c6\u9891\u5417 \u5f88\u559c\u6b61\u5b89\u557e\u7684\u8863\u670d\u98a8\u683c",
            "likeCount": 1
        },
        {
            "reply_id": "UgwlRLEca1y91Zf7V9p4AaABAg",
            "reply_content": "\u5b89\u557e\u5982\u679c\u89ba\u5f97\u9999\u6c34\u5473\u9053\u592a\u6fc3\u7684\u8a71\u53ef\u4ee5\u5617\u8a66\u5674\u5c11\u91cf\u5728\u5927\u817f\u4e0a\u54e6\uff0c\u9019\u6a23\u5c31\u4e0d\u6703\u90a3\u9ebc\u6fc3\u4e86",
            "likeCount": 0
        },
        {
            "reply_id": "UgzJNq9QZtD6CClKBD54AaABAg",
            "reply_content": "\u6211\u597d\u611b\u770b\u5b89\u557e\u62cd\u7684\u5f71\u7247",
            "likeCount": 0
        },
        {
            "reply_id": "UgwVkN3yo0scIGlbHjF4AaABAg",
            "reply_content": "\u54c8\u54c8",
            "likeCount": 0
        },
        {
            "reply_id": "Ugyl5bZaR1E2lYWo9Od4AaABAg",
            "reply_content": "\u5b89\u557e\u6211\u53bb\u904e\u4f60\u52d5\u68ee\u7684\u4e16\u754c\u8d85\u53b2\u5bb3\u7684",
            "likeCount": 0
        },
        {
            "reply_id": "Ugxp-16SMQ_vPfV5BGV4AaABAg",
            "reply_content": "\u5009\u9f20\u6708\u5230\u4e86",
            "likeCount": 0
        },
        {
            "reply_id": "UgzbQvNTddn3cVA9ehh4AaABAg",
            "reply_content": "\u5b89\u557e\u4e0b\u5df4\u7684\u90a3\u5169\u500b\u9ede\u9ede\u8b93\u6211\u5fcd\u4e0d\u4f4f\u4e00\u76f4\u7576\u773c\u775b\u5c31\u56de\u4e0d\u53bb\u4e86",
            "likeCount": 0
        },
        {
            "reply_id": "UgxcuA2_F5J5YPccx3N4AaABAg",
            "reply_content": "\u5b89\u557e\u63a8\u85a6\u4e00\u5b9a\u662f\u597d\u6771\u897f",
            "likeCount": 0
        },
        {
            "reply_id": "UgxTTWUQoP1xBoqaviN4AaABAg",
            "reply_content": "\u6e05\u6dbc\u53c8\u96a8\u6027\u611f\u89ba",
            "likeCount": 0
        },
        {
            "reply_id": "Ugzy84d0L1z8lW-kP8l4AaABAg",
            "reply_content": "\u4e0d\u5f97\u4e0d\u8aaa \u500b\u4eba\u8a8d\u70ba\u5b89\u557e\u7684\u54c1\u5473\u771f\u7684\u883b\u4e0d\u932f\u7684",
            "likeCount": 0
        },
        {
            "reply_id": "UgzmSdpxcA7KFAmNJal4AaABAg",
            "reply_content": "\u62cd\u7167\u904a\u6232\u88ab\u5b89\u557e\u73a9\u8d77\u4f86\u6709\u7a2e\u653b\u64ca\u91ce\u751f\u52d5\u7269\u7684\u611f\u89ba",
            "likeCount": 0
        },
        {
            "reply_id": "UgyAABThVeJCjLDMnE54AaABAg",
            "reply_content": "\u5e0c\u671b\u5b89\u557e\u80fd\u62cd\u5728\u5bb6\u81ea\u5df1\u505a\u84b8\u993e\u7cbe\u6cb9",
            "likeCount": 0
        },
        {
            "reply_id": "UgyuZjvYkBPr9nW9hC14AaABAg",
            "reply_content": "\u9f41\u5b89\u557e\u8b1b\u8a71\u597d\u597d\u7b11\u597d\u53ef\u611b",
            "likeCount": 0
        },
        {
            "reply_id": "UgxWxp2RX0cem9wRCHV4AaABAg",
            "reply_content": "\u4f86\u4e86",
            "likeCount": 0
        },
        {
            "reply_id": "UgxznkIxQGmTI98CMcR4AaABAg",
            "reply_content": "\u5f88\u597d\u7684\u63a8\u85a6",
            "likeCount": 0
        },
        {
            "reply_id": "UgzpsKJX3LCzU-ciJdh4AaABAg",
            "reply_content": "\u660e\u5929\u662f\u6211\u7684\u751f\u65e5",
            "likeCount": 0
        },
        {
            "reply_id": "UgzwK7zFkBEBwLTan6l4AaABAg",
            "reply_content": "\u8a72\u4e0d\u6703\u4ee5\u5f8c\u5b89\u557e\u6703\u8b8a\u6210\u9031\u66f4\u5427\uff5e\u5b89\u557e\u5927\u5927\u4e5f\u8981\u6ce8\u610f\u8eab\u9ad4\u5594",
            "likeCount": 0
        },
        {
            "reply_id": "Ugy9PTcHqxiCL7SPZgF4AaABAg",
            "reply_content": "\u5b89\u557e\u600e\u9ebc\u5bf6\u53ef\u5922\u96a8\u6a02\u62cd\u73a9\u8d77\u4f86\u50cf\u662f\u9a5a\u6050\u7684\u5c04\u64ca\u904a\u6232\ud83e\udd23",
            "likeCount": 21
        },
        {
            "reply_id": "UgwQ-xs-UN6mXOKOCDF4AaABAg",
            "reply_content": "\u559c\u6b61\u9019\u6b21\u5f71\u7247\u984c\u6750\u9084\u6709\u60f3\u770b\u5b89\u557e\u4ecb\u7d39\u81ea\u5df1\u559c\u6b61 \u5eda\u623f\u5bb6\u5177",
            "likeCount": 13
        },
        {
            "reply_id": "Ugwv9DI8_K1gb8v03-d4AaABAg",
            "reply_content": "\u6211\u5011\u8981\u5b89\u557e\u7684\u5f71\u7247\u5c31\u4e0d\u6703\u7121\u804a\u4e86\u5566",
            "likeCount": 10
        },
        {
            "reply_id": "Ugw-uVfOKj15G7vCRPp4AaABAg",
            "reply_content": "\u5b89\u557e\u53c8\u51fa\u65b0\u5f71\u7247\u8b9a",
            "likeCount": 3
        },
        {
            "reply_id": "UgwaN5rhePOPPwy09HF4AaABAg",
            "reply_content": "\u611f\u89ba\u5b89\u557e\u6700\u8fd1\u6108\u4f86\u6108\u52aa\u529b\u5594~\u627e\u984c\u6750\u8981\u52a0\u6cb9\u963f",
            "likeCount": 2
        }
    ]
}