{
    "video_info": {
        "id": "qneNtUSCn-4",
        "channelTitle": "\u5b89\u557e\u54aa",
        "title": "\u6311\u6230\u624b\u4f5c\u97d3\u570b\u6d41\u884c\u7687\u51a0\u86cb\u7cd5\uff01\u751f\u65e5\u6210\u70ba\u4e00\u65e5\u516c\u4e3b\uff01| \u5b89\u557e (\u309d\u2200\uff65) \u2661",
        "description": "\u795d\u5341\u6708\u751f\u65e5\u7684\u5927\u5bb6\u751f\u65e5\u5feb\u6a02\uff5e\uff5e\uff01\n\n\u27ab \u8a02\u95b1\u5b89\u557e\uff1ahttps://goo.gl/KmLFgD\n\u27ab \u5b89\u557eIG\uff1ahttps://www.instagram.com/anjouclever/\n\u27ab \u5b89\u557eFB\uff1ahttps://www.facebook.com/anjoupikachu/\n\ud83d\udc39 \u73a9\u5177\u958b\u7bb1\u5168\u96c6\uff1ahttps://goo.gl/91ulRJ\n\n\u27a8\u5176\u4ed6\u5b89\u557e\u5f71\u7247\n1/2\u7e2e\u5c0f\u7248\u626d\u86cb\u6a5f \u2606 \u626d\u5230\u4ec0\u9ebc\u5c31\u5403\u4ec0\u9ebc\u7684\u523a\u6fc0\u73a9\u6cd5?!\n\u21e2 https://goo.gl/tSJlNG\n\u6dbc\u9eb5\u6c34\u6a02\u5712 - \u6d41\u6c34\u7d20\u9eb5\u5f9e\u9ad8\u4f4e\u5dee56cm\u7684\u6ed1\u6c34\u9053\u6e9c\u4e0b\u4f86\u4e86\uff01\n\u21e2 https://goo.gl/tgYRy1\n\u3010\u77e5\u80b2\u83d3\u5b50\u3011\u99ac\u6876\u6e05\u6dbc\u98f2\u6599\uff01\u7121\u6cd5\u62db\u67b6\u7684\u5473\u9053\uff01\n\u21e2 https://goo.gl/n0nnyQ\n\u6d77\u5e95\u7e3d\u52d5\u54e12 - Finding Dory \u2606 \u591a\u8389\u5609\u5e74\u83ef\uff01\u9084\u6709\u597d\u591a\u9b5a\u53cb\u5011\uff01\n\u21e2 https://goo.gl/oAn42q\n\u6703\u5b78\u4f60\u8aaa\u8a71\u7684\u840c\u840c\u5c0f\u5009\u9f20 - \u8981\u6210\u70ba\u4e00\u4f4d\u6559\u5b97\u4e0d\u662f\u90a3\u9ebc\u7c21\u55ae\u7684\u4e8b\u60c5!!\n\u21e2 https://goo.gl/8WZaZT\n\nBGM\u4f86\u6e90\uff1ahttp://dova-s.jp/\n\u97f3\u6548\u4f86\u6e90\uff1ahttp://musicisvfr.com/free/index.html",
        "likeCount": "8953",
        "commentCount": "560",
        "viewCount": "206309"
    },
    "comments": [
        {
            "reply_id": "UgxcFHQAhUenNUm7wIR4AaABAg",
            "reply_content": "\u516c",
            "likeCount": 1
        },
        {
            "reply_id": "UgyrAfxwnbuxzJr2vCF4AaABAg",
            "reply_content": "\u751f\u65e5\u5feb\u6a02",
            "likeCount": 0
        },
        {
            "reply_id": "Ugy7k0_Y46A1kbv0lXZ4AaABAg",
            "reply_content": "\u597d\u7968\u4eae",
            "likeCount": 0
        },
        {
            "reply_id": "UgyWv1qm0oAb8oZo12Z4AaABAg",
            "reply_content": "\u5b89\u557e\u7684\u5feb\u6a02\u795d\u4f60\u5e73\u5b89\u5065\u5eb7",
            "likeCount": 0
        },
        {
            "reply_id": "UgyHu3a7e6AB7bhrwHZ4AaABAg",
            "reply_content": "\u5b89\u557e\u795d\u798f\u59b3",
            "likeCount": 0
        },
        {
            "reply_id": "UgxzgVzaamoLkpCE5HN4AaABAg",
            "reply_content": "\u597d\u6f02\u6f02",
            "likeCount": 0
        },
        {
            "reply_id": "UgzXwFlrhD3zXeOor0x4AaABAg",
            "reply_content": "\u597d\u6f02\u4eae\u5594",
            "likeCount": 0
        },
        {
            "reply_id": "UgyKNVWnzxLKCZA19u94AaABAg",
            "reply_content": "\u8b9a",
            "likeCount": 0
        },
        {
            "reply_id": "UgwSgJDpvrllNfvc7-V4AaABAg",
            "reply_content": "\u597d\u6f02\u4eae",
            "likeCount": 0
        },
        {
            "reply_id": "Ugz7M530tSXdpTlIapt4AaABAg",
            "reply_content": "\u7121\u7dda\u96fb\u8996",
            "likeCount": 0
        },
        {
            "reply_id": "UgwIdo9TCXZGOFU4Z4J4AaABAg",
            "reply_content": "\u59d0\u59d0\u4f60\u662f\u5341\u6708\u5e7e\u865f\u751f\u65e5",
            "likeCount": 0
        },
        {
            "reply_id": "Ugx5gkny-sH8T2k02YB4AaABAg",
            "reply_content": "\u751f\u65e5\u5feb\u6a02",
            "likeCount": 0
        },
        {
            "reply_id": "UgzmHnaW9Jj45eP-rtt4AaABAg",
            "reply_content": "\u5b89\u557e\u88dd\u98fe\u7684\u5f88\u7528\u5fc3\uff5e\u5e0c\u671b\u59b3\u80fd\u589e\u9032\u81ea\u5df1\u505a\u86cb\u7cd5\u9ad4\u7684\u90e8\u5206\u54c8\u54c8\u52a0\u6cb9",
            "likeCount": 0
        },
        {
            "reply_id": "UgzY2fcuZ3Msb36im5R4AaABAg",
            "reply_content": "\u795d\u5b89\u557e\u751f\u65e5\u5feb\u6a02",
            "likeCount": 0
        },
        {
            "reply_id": "Ugx-1xtN0vnbPOUOc-d4AaABAg",
            "reply_content": "\u6f02\u4eae",
            "likeCount": 0
        },
        {
            "reply_id": "UgwtrbvPavp8K7a0GO94AaABAg",
            "reply_content": "\u54c8\u5473\u516c\u4e3b\u751f\u65e5\u5feb\u6a02",
            "likeCount": 0
        },
        {
            "reply_id": "UgynufOvcEM07SnmyDJ4AaABAg",
            "reply_content": "\u751f\u65e5\u5feb\u6a02",
            "likeCount": 0
        },
        {
            "reply_id": "UgwkaPdZ9zQGF__uwAp4AaABAg",
            "reply_content": "\u751f\u65e5\u5feb\u6a02",
            "likeCount": 0
        },
        {
            "reply_id": "Ugy-kqNOLlHgOXsK6LV4AaABAg",
            "reply_content": "\u4e0d\u8981\u518d\u7761\u5230\u4e0b\u5348\u4e09\u9ede\u534a",
            "likeCount": 0
        },
        {
            "reply_id": "UgwlBBEoyzR-hnNnswl4AaABAg",
            "reply_content": "\u751f\u65e5\u5feb\u6a02",
            "likeCount": 0
        },
        {
            "reply_id": "UgzWMI8qXD2yyIEjYPJ4AaABAg",
            "reply_content": "\u600e\u9ebc\u81ea\u5df1\u751f\u65e5\u81ea\u5df1\u9020\u86cb\u7cd5\u7d66\u81ea\u5df1\u518d\u81ea\u5df1\u4e00\u500b\u5531\u751f\u65e5\u6b4c\u81ea\u5df1\u4e00\u500b\u5403\u6389, \u9019\u4e8b\u6709\u9ede\u83ab\u660e\u7684\u60b2\u50b7",
            "likeCount": 0
        },
        {
            "reply_id": "UgzrjqCJbZwMJJNhWUJ4AaABAg",
            "reply_content": "\u5b89\u557e\u59d0\u59d0\u751f\u65e5\u5feb\u6a02",
            "likeCount": 0
        },
        {
            "reply_id": "UgxkXsM_JiR4nlHcmPJ4AaABAg",
            "reply_content": "\u6211\u5abd\u54aa\u5feb\u751f\u65e5\u4e86",
            "likeCount": 0
        },
        {
            "reply_id": "Ugw4vEnYWzsJRdXo2eN4AaABAg",
            "reply_content": "\u6559\u4e3b\u5341\u6708\u5feb\u6a02",
            "likeCount": 0
        },
        {
            "reply_id": "UgxEW7SImBoTJnAi6e94AaABAg",
            "reply_content": "\u751f\u65e5\u5feb\u6a02",
            "likeCount": 0
        }
    ]
}