{
    "video_info": {
        "id": "QS2MQAYQFDc",
        "channelTitle": "\u5b89\u557e\u54aa",
        "title": "\u9b3c\u6ec5\u4e4b\u5203\u7121\u9650\u5217\u8eca\u8ff4\u8f49\u58fd\u53f8\uff01\u8eca\u5b50\u6709\u5920\u7cbe\u7dfb\uff01\u58fd\u53f8\u4e4b\u547c\u5438\uff01| \u5b89\u557e (\u309d\u2200\uff65) \u2661",
        "description": "\u4eca\u5929\u53c8\u4f86\u62cd\u706b\u8eca\u4e86\uff01\n\n\u27ab \u8a02\u95b1\u5b89\u557e\uff1ahttps://goo.gl/KmLFgD\n\u27ab \u5b89\u557eIG\uff1ahttps://www.instagram.com/anjouclever/\n\u27ab \u5b89\u557eFB\uff1ahttps://www.facebook.com/anjoupikachu/\n\ud83d\udc39 \u73a9\u5177\u958b\u7bb1\u5168\u96c6\uff1ahttps://goo.gl/91ulRJ",
        "likeCount": "3407",
        "commentCount": "101",
        "viewCount": "86902"
    },
    "comments": [
        {
            "reply_id": "UgwUje2Vm7ct9A98Bo54AaABAg",
            "reply_content": "\u4f86\u4e86\u4f86\u4e86",
            "likeCount": 2
        },
        {
            "reply_id": "UgzdTzSRdIrkbFqlBAp4AaABAg",
            "reply_content": "\u7121\u9650\u5217\u8eca\u81ea\u5df1\u73a9\u611f\u89ba\u5f88\u7a7a\u865b\u518d\u914d\u4e0a\u5b89\u557e\u7684\u5f71\u7247\u8b8a\u6709\u8da3\u4e86\uff01",
            "likeCount": 1
        },
        {
            "reply_id": "UgxTreY2obsBxXzfwIZ4AaABAg",
            "reply_content": "\u9019\u7d44\u771f\u7684\u5f88\u53ef\u611b",
            "likeCount": 1
        },
        {
            "reply_id": "UgxChzlwk3ulgMMmCS14AaABAg",
            "reply_content": "\u5982\u679c\u5728\u66fe\u52a0\u91cd\u91cf\u6709\u53ef\u80fd\u4e0d\u662f\u8f09\u4e0d\u52d5\u662f\u8f09\u7684\u52d5\u4f46\u6703\u7ffb\u8eca\u4e5f\u5f88\u671f\u5f85\u4e0b\u5468\u5f71\u7247",
            "likeCount": 1
        },
        {
            "reply_id": "UgxAVF7EQn5WVJIpVrp4AaABAg",
            "reply_content": "\u99ac\u4e0a\u4f86",
            "likeCount": 1
        },
        {
            "reply_id": "UgzkxnwbmePccPTPUGJ4AaABAg",
            "reply_content": "\u7b2c\u4e00",
            "likeCount": 1
        },
        {
            "reply_id": "UgzLugFVw6i3flWC19Z4AaABAg",
            "reply_content": "\u54c7\u500b\u5c41",
            "likeCount": 0
        },
        {
            "reply_id": "Ugy-YaB7z8pYNlEki4d4AaABAg",
            "reply_content": "\u58fd\u53f8\u4e5f\u592a\u53ef\u611b\u4e86\u5427",
            "likeCount": 0
        },
        {
            "reply_id": "UgxYhg-vi7VJXU6Maip4AaABAg",
            "reply_content": "\u5b89\u557e\u8fd9\u6b21\u5f00\u5934\u6709\u70b9\u597d\u7b11\u54c8\u54c8\u54c8",
            "likeCount": 0
        },
        {
            "reply_id": "UgzPBDbaRKlHF4fStFF4AaABAg",
            "reply_content": "\u5b89\u557e\u6210\u719f\u4e86",
            "likeCount": 0
        },
        {
            "reply_id": "UgxuIuaJxBvj-VoWKJ54AaABAg",
            "reply_content": "\u54c8\u54c8\u54c8",
            "likeCount": 0
        },
        {
            "reply_id": "Ugx923HGdlMQll-RzmJ4AaABAg",
            "reply_content": "\u4e0d\u932f\u770b",
            "likeCount": 0
        },
        {
            "reply_id": "UgxKDzvi5UUm2Kn63DB4AaABAg",
            "reply_content": "\u6211\u4e5f\u5f88\u559c\u6b61\u9b3c\u6ec5,\u770b\u5230\u5b89\u557e\u958b\u9b3c\u6ec5\u7684\u6771\u897f\u5f88\u958b\u5fc3",
            "likeCount": 0
        }
    ]
}