{
    "video_info": {
        "id": "qv9Um6b4iZI",
        "channelTitle": "\u5b89\u557e\u54aa",
        "title": "\u9b54\u5973\u7684\u9b54\u6cd5\u58fa\uff01\u771f\u7684\u53ec\u559a\u5f97\u51fa\u9b54\u6cd5\u7cbe\u9748\u7684\u795e\u79d8\u73a9\u5177\uff01| \u5b89\u557e (\u309d\u2200\uff65) \u2661",
        "description": "\u9019\u500b\u73a9\u5177\u6c88\u6d78\u611f\u597d\u8b9a\n\u6709\u4eba\u62ff\u9019\u500b\u6c42\u5a5a\u7684\u8a71\u6839\u672c\u6d6a\u6f2b\uff08\uff1f",
        "likeCount": "6011",
        "commentCount": "323",
        "viewCount": "138114"
    },
    "comments": [
        {
            "reply_id": "Ugye5bs7sMf27X59zVx4AaABAg",
            "reply_content": "\u597d\u5947\u602a\u7684\u73a9\u5177",
            "likeCount": 0
        },
        {
            "reply_id": "UgyXXdGWMo3U1twlCnx4AaABAg",
            "reply_content": "\u662f\u500b\u65e9\u7522\u5152",
            "likeCount": 0
        },
        {
            "reply_id": "UgxAfWtcqGCzv5Qg43N4AaABAg",
            "reply_content": "\u7b2c\u4e00\u6b21\u770b\u5230\u9084\u89ba\u5f97\u5f88\u795e\u5947",
            "likeCount": 0
        },
        {
            "reply_id": "UgwxvUpRvFmTBtY4PiN4AaABAg",
            "reply_content": "\u592a\u597d\u7b11\u4e86",
            "likeCount": 0
        },
        {
            "reply_id": "UgzXjrFwjBwaJouD-BJ4AaABAg",
            "reply_content": "\u9084\u6709\u7d05\u77f3\u53e3\u888b\u55ce",
            "likeCount": 0
        },
        {
            "reply_id": "UgywbXe6mn3AHZWWg4x4AaABAg",
            "reply_content": "\u4f60\u592a\u6162\u4e86",
            "likeCount": 0
        },
        {
            "reply_id": "UgyslPnqvpMaZkmriJR4AaABAg",
            "reply_content": "\u9019\u500b\u958b\u5834\u7684\u9020\u578b\u597d\u597d\u770b\u5594",
            "likeCount": 0
        },
        {
            "reply_id": "UgzleG3Ufapk_W4DSz54AaABAg",
            "reply_content": "\u54c7\u529b\u5bb3",
            "likeCount": 0
        },
        {
            "reply_id": "Ugywwm_UznB6LbBHYTh4AaABAg",
            "reply_content": "\u9577\u5f97\u4e0d\u4e00\u6a23\u6b38",
            "likeCount": 0
        },
        {
            "reply_id": "UgxIwabFxmAYrqaQFHB4AaABAg",
            "reply_content": "\u88e1\u9762\u61c9\u8a72\u6709\u58d3\u96fb\u8702\u9cf4\u7247\uff0c\u624d\u80fd\u6bcf\u6b21\u90fd\u6709\u9727\u8dd1\u51fa\u4f86",
            "likeCount": 0
        },
        {
            "reply_id": "UgwKVIqf5_P7TdUnKMJ4AaABAg",
            "reply_content": "\u88ab\u5687\u5230\u90a3\u908a\u592a\u597d\u7b11\u4e86\u54c8\u54c8\u54c8",
            "likeCount": 0
        },
        {
            "reply_id": "Ugzx2lWzt2LL7yx2WKt4AaABAg",
            "reply_content": "\u6211\u4e5f\u88ab\u5687\u5230\u54c8\u54c8\u54c8\u554a\u54c8",
            "likeCount": 0
        },
        {
            "reply_id": "UgwJGAUTRuKZs8RPUMh4AaABAg",
            "reply_content": "\u5b89\u557e\u958b\u982d\u8b1b\u7684\u8a71\u597d\u50cf\u92fc\u4e4b\u7149\u91d1\u8853\u5e2b\u7684\u53f0\u8a5e\u5594",
            "likeCount": 0
        },
        {
            "reply_id": "UgzduMkLYmrotPKI1jB4AaABAg",
            "reply_content": "\u59b3\u5c11\u4e86\u95dc\u9375\u7684\u5e3d\u5b50",
            "likeCount": 0
        },
        {
            "reply_id": "Ugzoz1Gv0GcbBiob4nh4AaABAg",
            "reply_content": "\u4e8b\u5b9c\u8d77\u6253\u624b\u69cd\u6b7b\u6c60\u5b50\u5373\u53ef\u5c4b\u5167\u8acb\u6c42\u6b0a\u5207\u63db\u555c\u6ce3\u8072\u624d\u80fd\u8db3\u7403\u5834\u904e\u54e6\u4e03\u6a5f\u5668\u53c3\u8003\u6b21",
            "likeCount": 0
        },
        {
            "reply_id": "Ugwqh6AvEQo1_oGLpbl4AaABAg",
            "reply_content": "\u5728\u6296\u97f3\u6709\u770b\u5230\u9019\u500b\u9b54\u6cd5\u6876\u7d42\u65bc\u770b\u5230\u5b89\u557e\u958b\u7bb1\u4e86",
            "likeCount": 0
        },
        {
            "reply_id": "Ugwja5w53vvrwtsjEUJ4AaABAg",
            "reply_content": "\u6211\u525b\u525b\u5165\u6232\u4e86",
            "likeCount": 0
        },
        {
            "reply_id": "UgybVtLiqsXrlDq9Ij94AaABAg",
            "reply_content": "\u672c\u4f86\u4ee5\u70ba\u4f60\u8981\u6210\u70ba\u7269\u7406\u7cfb\u9b54\u6cd5\u4f7f",
            "likeCount": 0
        },
        {
            "reply_id": "UgyLD8VE0T_lpWHaoVt4AaABAg",
            "reply_content": "\u597d\u6b61\u6a02\u7684\u4e00\u96c6",
            "likeCount": 0
        },
        {
            "reply_id": "UgwT6xvq4FdUFxFla5V4AaABAg",
            "reply_content": "\u8fd9\u5e94\u8be5\u4e0d\u662f\u7528\u9b54\u6756\u5b9d\u77f3\u5904\u6405\u62cc\u7684\u5427\uff1f\u539f\u56e0\u53ef\u80fd\u662f\u7528\u6765\u89e6\u53d1\u5224\u5b9a\u7684\u5b9d\u77f3\u592a\u9760\u8fd1\u9505\u8fb9\u8bef\u89e6\u4e86",
            "likeCount": 0
        },
        {
            "reply_id": "UgwTNAVeqDO8AVCQBrx4AaABAg",
            "reply_content": "\u770b\u4f86\u662f\u96bb\u65e9\u7522\u5152",
            "likeCount": 0
        },
        {
            "reply_id": "UgyopXyLDMd2P4ibLgh4AaABAg",
            "reply_content": "\u6211\u731c\u9019\u500b\u73a9\u5177\u61c9\u8a72\u662f\u7b49\u6642\u9593\u7684\ud83e\udd23\u6240\u4ee5\u624d\u6703\u6771\u897f\u9084\u6c92\u52a0\u5c31\u6709\u8072\u97f3\u7684\u60c5\u6cc1",
            "likeCount": 0
        },
        {
            "reply_id": "UgwqvIIbtf5euSPiNDx4AaABAg",
            "reply_content": "\u770b\u5b89\u557e\u958b\u7bb1\u73a9\u5177\u5c31\u662f\u8d85\u53ef\u611b",
            "likeCount": 3
        },
        {
            "reply_id": "Ugy_H2hGYV13axyOnwt4AaABAg",
            "reply_content": "\u5b89\u557e\u8981\u4e0d\u8981\u8a66\u8457\u8a2d\u7f6e\u665a\u4e0a\u516d\u9ede\u653e\u5f71\u7247\uff0c\u597d\u50cf\u9019\u6a23\u89f8\u64ca\u7387\u6bd4\u8f03\u9ad8",
            "likeCount": 1
        },
        {
            "reply_id": "Ugx1KgQ5VVETC092ZsR4AaABAg",
            "reply_content": "\u662f\u719f\u6089\u7684\u5b89\u557e\u73a9\u5177\u958b\u7bb1\u8036\uff01\u9019\u6b21\u8a95\u751f\u7684\u4f7f\u9b54\u6709\u9ede\u6025\u8457\u8981\u51fa\u4f86\u5594",
            "likeCount": 1
        }
    ]
}