{
    "video_info": {
        "id": "sho2AEWq-rQ",
        "channelTitle": "\u5b89\u557e\u54aa",
        "title": "\u684c\u4e0a\u70e4\u68c9\u82b1\u7cd6\u6a5f\uff01\u593e\u4e86\u8607\u6253\u9905\u4e7e\u5c31\u8b8a\u6210\u7a76\u6975\u7f8e\u5473\uff01| \u5b89\u557e (\u309d\u2200\uff65) \u2661",
        "description": "\u27ab \u8a02\u95b1\u5b89\u557e\uff1ahttps://goo.gl/KmLFgD\n\u27ab \u5b89\u557eIG\uff1ahttps://www.instagram.com/anjouclever/\n\u27ab \u5b89\u557eFB\uff1ahttps://www.facebook.com/anjoupikachu/\n\ud83d\udc39 \u73a9\u5177\u958b\u7bb1\u5168\u96c6\uff1ahttps://goo.gl/91ulRJ\n\n\u27a8\u5176\u4ed6\u5b89\u557e\u5f71\u7247\n1/2\u7e2e\u5c0f\u7248\u626d\u86cb\u6a5f \u2606 \u626d\u5230\u4ec0\u9ebc\u5c31\u5403\u4ec0\u9ebc\u7684\u523a\u6fc0\u73a9\u6cd5?!\n\u21e2 https://goo.gl/tSJlNG\n\u6dbc\u9eb5\u6c34\u6a02\u5712 - \u6d41\u6c34\u7d20\u9eb5\u5f9e\u9ad8\u4f4e\u5dee56cm\u7684\u6ed1\u6c34\u9053\u6e9c\u4e0b\u4f86\u4e86\uff01\n\u21e2 https://goo.gl/tgYRy1\n\u3010\u77e5\u80b2\u83d3\u5b50\u3011\u99ac\u6876\u6e05\u6dbc\u98f2\u6599\uff01\u7121\u6cd5\u62db\u67b6\u7684\u5473\u9053\uff01\n\u21e2 https://goo.gl/n0nnyQ\n\u6d77\u5e95\u7e3d\u52d5\u54e12 - Finding Dory \u2606 \u591a\u8389\u5609\u5e74\u83ef\uff01\u9084\u6709\u597d\u591a\u9b5a\u53cb\u5011\uff01\n\u21e2 https://goo.gl/oAn42q\n\u6703\u5b78\u4f60\u8aaa\u8a71\u7684\u840c\u840c\u5c0f\u5009\u9f20 - \u8981\u6210\u70ba\u4e00\u4f4d\u6559\u5b97\u4e0d\u662f\u90a3\u9ebc\u7c21\u55ae\u7684\u4e8b\u60c5!!\n\u21e2 https://goo.gl/8WZaZT\n\nBGM\u4f86\u6e90\uff1ahttp://dova-s.jp/\n\u97f3\u6548\u4f86\u6e90\uff1ahttp://musicisvfr.com/free/index.html",
        "likeCount": "16387",
        "commentCount": "778",
        "viewCount": "570908"
    },
    "comments": [
        {
            "reply_id": "UgxkKtZ-cU2ozE58pyx4AaABAg",
            "reply_content": "\u5b89\u557e\u82f1\u6587",
            "likeCount": 1
        },
        {
            "reply_id": "UgwO45BHkZ4H5WnAa9p4AaABAg",
            "reply_content": "\u68c9\u82b1\u7cd6\u58d3\u4e0b\u53bb\u7684\u8072\u97f3\u597d\u7642\u6108",
            "likeCount": 1
        },
        {
            "reply_id": "UgwziD5iksGFoEzR-Dd4AaABAg",
            "reply_content": "\u6211\u5f88\u7fa1\u6155",
            "likeCount": 1
        },
        {
            "reply_id": "Ugw6HCe72cdbStdQVc94AaABAg",
            "reply_content": "\u597d\u60f3\u5403",
            "likeCount": 0
        },
        {
            "reply_id": "UgxMNDBQ5gDIid5tAOV4AaABAg",
            "reply_content": "\u770b\u68c9\u82b1\u7cd6\u88ab\u58d3\u4e0b\u53bb\u4e5f\u592a\u7642\u7652",
            "likeCount": 0
        },
        {
            "reply_id": "Ugzt8XlaUlM49lMwM3h4AaABAg",
            "reply_content": "\u8fd1\u671f\u651d\u5f71\u5668\u6750\u518d\u5176\u6b21\u770b\u932f",
            "likeCount": 0
        },
        {
            "reply_id": "UgyuXh7zw17EcnKxf0x4AaABAg",
            "reply_content": "\u8607\u6253\u9905\u4e7e\u771f\u7684\u5f88\u597d\u5403",
            "likeCount": 0
        },
        {
            "reply_id": "UgzCxrnx-fWRUz9MPyR4AaABAg",
            "reply_content": "\u6211\u548c\u54e5\u54e5\u4e00\u8d77\u70e4\u8fc7\u4e0d\u8fc7\u662f\u5728\u7164\u6c14\u7089\u4e0a\u70e4\u9006",
            "likeCount": 0
        },
        {
            "reply_id": "UgxAL3g9bunoSPSp5zd4AaABAg",
            "reply_content": "\u4f60\u9019\u500b\u5728\u90a3\u91cc\u8cb7\u7684",
            "likeCount": 0
        },
        {
            "reply_id": "UgxXiev7CklmXFjzgnV4AaABAg",
            "reply_content": "\u597d\u5435",
            "likeCount": 0
        },
        {
            "reply_id": "Ugx5E93zWefuzlrfTzZ4AaABAg",
            "reply_content": "\u5176\u5be6\u9b06\u9905\u593e\u5de7\u514b\u529b\u52a0\u68c9\u82b1\u7cd6\u4e5f\u5f88\u597d\u5403",
            "likeCount": 0
        },
        {
            "reply_id": "UgzYP8HiYSpCN52RC_p4AaABAg",
            "reply_content": "\u9084\u6709\u5728\u6253\u5ee3\u544a\u5594",
            "likeCount": 0
        },
        {
            "reply_id": "UgwsYeFBY_YWnvVdPox4AaABAg",
            "reply_content": "\u6211\u7238\u76f4\u63a5\u62ff\u6253\u706b\u5668\u70e4",
            "likeCount": 0
        },
        {
            "reply_id": "UgxbC6fC_GeISqs8Yxh4AaABAg",
            "reply_content": "\u55da\u55da \u7d93\u6fdf\u5be6\u60e0\u7684\u6211\u89ba\u5f97\u7528\u74e6\u65af\u7210\u5c31\u597d\u4e86\u54c8\u54c8\u54c8\u54c8",
            "likeCount": 0
        },
        {
            "reply_id": "Ugxv2cFje0nuCy2CBpF4AaABAg",
            "reply_content": "\u6709",
            "likeCount": 0
        },
        {
            "reply_id": "UgxlRnqaS8kU0SZvDFN4AaABAg",
            "reply_content": "\u6211\u660e\u660e\u5c31\u6709\u8ddf\u9019\u5ff5",
            "likeCount": 0
        },
        {
            "reply_id": "UgwyjLhq6f0nMobqojd4AaABAg",
            "reply_content": "\u6709\u6211\u6709\u5ff5\u6b38",
            "likeCount": 0
        },
        {
            "reply_id": "Ugwjy1nrS6L7HIWgdRx4AaABAg",
            "reply_content": "\u538b\u4e0b\u53bb\u7684\u65f6\u5019\u5f88\u8212\u538b",
            "likeCount": 0
        },
        {
            "reply_id": "Ugy04PvLCEaWtiTNlzV4AaABAg",
            "reply_content": "\u5728\u54ea\u88e1\u8cb7\u7684\u554a",
            "likeCount": 0
        },
        {
            "reply_id": "UgxWEjO-88NsADSas5t4AaABAg",
            "reply_content": "\u7126\u6389\u624d\u597d\u5403",
            "likeCount": 0
        },
        {
            "reply_id": "UgxxnNpAeQQ6Az7EwvV4AaABAg",
            "reply_content": "\u5b89\u557e\u53ef\u4ee5\u53bb\u9b3c\u6ec5\u4e4b\u5203\u7684\u4e3b\u9898\u9910\u5385\u5417",
            "likeCount": 1
        },
        {
            "reply_id": "UgwEDxs_K-E9MlOnB6h4AaABAg",
            "reply_content": "\u6211\u6709\u8cb7\u904e\u8ddf\u624b\u6a5f\u4e00\u6a23\u5927\u7684\u68c9\u82b1\u7cd6",
            "likeCount": 1
        },
        {
            "reply_id": "Ugw3p3SeBzyiuAjJo8R4AaABAg",
            "reply_content": "\u5b89\u557e\u771f\u7f8e",
            "likeCount": 0
        },
        {
            "reply_id": "UgzZShk7VV-K5uYu9WJ4AaABAg",
            "reply_content": "\u770b\u5230\u60f3\u5403",
            "likeCount": 0
        },
        {
            "reply_id": "UgwIAcWWuz3AqC9omWZ4AaABAg",
            "reply_content": "\u5e79\u561b\u90a3\u9ebc\u8208\u596e\u5947\u602a",
            "likeCount": 0
        }
    ]
}