{
    "video_info": {
        "id": "t8N_WOPPWrU",
        "channelTitle": "\u5b89\u557e\u54aa",
        "title": "\u5009\u9f20\u4e94\u9031\u5e74\u6211\u958b\u4e86\u86cb\u7cd5\u5e97 \ud83c\udf70\uff1f\u8fd1\u4f86\u5f88\u5c11\u51fa\u73fe \u539f\u4f86\u90fd\u5728\u7c4c\u5099\u9019\u4ef6\u4e8b\uff01| \u5b89\u557e (\u309d\u2200\uff65) \u2661",
        "description": "\u6176\u795d\u5009\u9f20\u4e94\u9031\u5e74\uff0c\u8b93\u6211\u5011\u4e00\u8d77\u5728\u5bb6\u5403\u86cb\u7cd5\u5427\uff01\n\n\u4e9e\u5c3c\u514b\u871c\u6843\u8292\u679c\u751f\u4e73\u6372 \u3010YouTuber \u5b89\u557e\u54aa\u806f\u540d\u6b3e\u3011\n\u300a\u5b89\u557e\u89aa\u7e6a\u5305\u88dd\u9650\u5b9a\u4e0a\u5e02\u300b\n\u75ab\u60c5\u671f\u9593\u5728\u5bb6\u7db2\u4e0a\u8a02\u8cfc\uff0c\u6bd4\u8f03\u5b89\u5fc3\u5537\uff01\n\u4e0d\u51fa\u9580\u4e5f\u80fd\u4e00\u8d77\u6843\u9189\ud83e\udd24\ud83c\udf51\n\u4e9e\u5c3c\u514b\u5b98\u7db2\uff1ahttps://bit.ly/3c41t4n\nmomo\uff1ahttps://reurl.cc/GmraQZ\n\u6a02\u5929\uff1ahttps://reurl.cc/3aLkR8\n\u4e5f\u53ef\u4ee5\u81f3\u4e9e\u5c3c\u514b\u5168\u53f0\u9580\u5e02\u8cfc\u8cb7\uff0c\n\u75ab\u60c5\u671f\u9593\uff0c\u90e8\u5206\u9580\u5e02\u4ea6\u914d\u5408UBER EATS\u5916\u9001\u5e73\u53f0\n\u5927\u53f0\u5317\u5730\u5340\u53ef\u81f3\u5c31\u8fd1\u6377\u904b\u7ad9\u9edeYTM\u6a5f\u53f0\u9078\u8cfc\uff0c\n\u901a\u52e4\u4e0d\u7e5e\u8def\uff0c\u96f6\u63a5\u89f8\u66f4\u5b89\u5fc3\uff01\u9084\u6709\u9650\u5b9a\u6298\u6263\u512a\u60e0\uff5e\n\n\uff5b\u6b64\u7247\u62cd\u651d\u65e5\u671f\u70ba\u53f0\u5317\u5e02\u767c\u4f48\u4e09\u7d1a\u8b66\u6212\u524d\uff5d\n\n\u27ab \u8a02\u95b1\u5b89\u557e\uff1ahttps://goo.gl/KmLFgD\n\u27ab \u5b89\u557eIG\uff1ahttps://www.instagram.com/anjouclever/\n\u27ab \u5b89\u557eFB\uff1ahttps://www.facebook.com/anjoupikachu/\n\ud83d\udc39 \u73a9\u5177\u958b\u7bb1\u5168\u96c6\uff1ahttps://goo.gl/91ulRJ\n\nBGM\u4f86\u6e90\uff1ahttp://dova-s.jp/\n\u97f3\u6548\u4f86\u6e90\uff1ahttp://musicisvfr.com/free/index.html",
        "likeCount": "13282",
        "commentCount": "738",
        "viewCount": "353180"
    },
    "comments": [
        {
            "reply_id": "Ugy_hwXIEU83amsPPQx4AaABAg",
            "reply_content": "\u6211\u5403\u904e\u4e86",
            "likeCount": 1
        },
        {
            "reply_id": "Ugyo3SeHizVUVX_LYIF4AaABAg",
            "reply_content": "\u90a3\u500b\u751f\u4e73\u6372\u8d85\u597d\u5403\u7684 \u9023\u6211\u7238\u7238\u4e0d\u611b\u5403\u751c\u98df\u7684\u4eba\u90fd\u9084\u60f3\u8981\u518d\u5403",
            "likeCount": 1
        },
        {
            "reply_id": "Ugy6nIMN4Os2Zu3Vp2h4AaABAg",
            "reply_content": "\u8b9a",
            "likeCount": 0
        },
        {
            "reply_id": "UgzxGy3QgJZ5sK7C9g94AaABAg",
            "reply_content": "\u6211\u8981\u5403\u5230\u4f60\u9023\u540d\u7684\u751f\u4e73\u6372",
            "likeCount": 0
        },
        {
            "reply_id": "UgyIt-Er9nE7INjgj6x4AaABAg",
            "reply_content": "\u651d\u5f71\u5e2b\u662f\u4f60\u7537\u670b\u53cb\u55ce",
            "likeCount": 0
        },
        {
            "reply_id": "UgzUfZENVOjbaTWsCAp4AaABAg",
            "reply_content": "\u5973\u5152\u5f88\u559c\u6b61\u59b3\u5594\uff01\u6628\u5929\u9084\u8dd1\u53bb\u8cb7\u59b3\u7684\u4e9e\u5c3c\u514b\u86cb\u7cd5",
            "likeCount": 0
        },
        {
            "reply_id": "Ugx0xj3V6R763nkR3Cp4AaABAg",
            "reply_content": "\u6211\u8cb7\u4e86",
            "likeCount": 0
        },
        {
            "reply_id": "UgxmVwfjjcrn06O0CuR4AaABAg",
            "reply_content": "\u5b89\u557e\u597d\u5f0f\u548c\u570d\u88d9",
            "likeCount": 0
        },
        {
            "reply_id": "UgyAFucreFupqUvPhh94AaABAg",
            "reply_content": "\u597d\u60f3\u8cb7\u963f\u554a\u554a\u554a\u554a\u554a",
            "likeCount": 0
        },
        {
            "reply_id": "Ugz1BimFMEs-QbsoKfF4AaABAg",
            "reply_content": "\u6211\u8cb7\u4e86",
            "likeCount": 0
        },
        {
            "reply_id": "UgxLP234Cwd63OoRi6V4AaABAg",
            "reply_content": "\u597d\u597d\u5403\u5594",
            "likeCount": 0
        },
        {
            "reply_id": "UgwYWK31tqLGb_yAUA14AaABAg",
            "reply_content": "\u5982\u679c\u662f\u5929\u7afa\u9f20\u7684\u8a71\u6703\u600e\u6a23",
            "likeCount": 0
        },
        {
            "reply_id": "UgzoIbFonJ-v5Fh4Ted4AaABAg",
            "reply_content": "\u6211\u5df2\u7d93\u5403\u5230\u86cb\u7cd5\u4e86\u771f\u597d\u5403\u4e0d\u6127\u662f\u5b89\u557e",
            "likeCount": 0
        },
        {
            "reply_id": "UgycRyqABYceoBE1l3x4AaABAg",
            "reply_content": "\u7acb\u99ac\u4f86\u8cb7",
            "likeCount": 0
        },
        {
            "reply_id": "Ugw8JDsZNq9L--nLCEN4AaABAg",
            "reply_content": "\u68a6\u8272\u86cb\u7cd5\u5e08",
            "likeCount": 0
        },
        {
            "reply_id": "Ugy1t98Fe1yuONU1bnF4AaABAg",
            "reply_content": "\u4e00\u5e74\u4e00\u5ea6\u7684\u4ed3\u9f20\u6210\u7cbe\u4e86\u65e5",
            "likeCount": 0
        },
        {
            "reply_id": "Ugypqrce5XsAKrkAWmJ4AaABAg",
            "reply_content": "\u5b89\u557e\u53ef\u611b",
            "likeCount": 0
        },
        {
            "reply_id": "Ugw58fw6zkOZ3XjpkpJ4AaABAg",
            "reply_content": "\u6700\u611b\u5b89\u63ea",
            "likeCount": 0
        },
        {
            "reply_id": "UgyMY2t3CUabEIJnrOF4AaABAg",
            "reply_content": "\u5e1d",
            "likeCount": 0
        },
        {
            "reply_id": "Ugw4Q6RHVL4nQMDuaPZ4AaABAg",
            "reply_content": "\u6211\u4ee5\u70ba\u6709\u5009\u9f20\u53e3\u5473\u7684\u86cb\u7cd5\u4e86",
            "likeCount": 0
        },
        {
            "reply_id": "UgyBYkpD2VYeFLpouJ94AaABAg",
            "reply_content": "\u5b89\u557e\u600e\u9ebc\u4e0d\u990a\u5bf5\u7269\u8001\u9f20",
            "likeCount": 0
        },
        {
            "reply_id": "UgxOhMu50ccov6rWjip4AaABAg",
            "reply_content": "\u6211\u516d\u6708\u5341\u4e03\u65e5\u662f\u6211\u751f\u65e5",
            "likeCount": 0
        },
        {
            "reply_id": "UgzOhKfQs_7LtD_hIYJ4AaABAg",
            "reply_content": "\u5b89\u557e\u597d\u53ef\u611b",
            "likeCount": 0
        },
        {
            "reply_id": "UgwcbP1PJdGqR3ZCU6F4AaABAg",
            "reply_content": "\u8d8a\u4f86\u8d8a\u6d6e\u8a87\u6703\u903c\u6b7b\u81ea\u5df1\u7684",
            "likeCount": 0
        },
        {
            "reply_id": "UgxUII_9iXE_xaNtOg14AaABAg",
            "reply_content": "\u70ba\u4ec0\u9ebc\u5e8a\u4e0a\u9700\u8981\u5169\u500b\u6795\u982d",
            "likeCount": 0
        }
    ]
}