{
    "video_info": {
        "id": "t_558BpPNwQ",
        "channelTitle": "\u5b89\u557e\u54aa",
        "title": "\u65e5\u672c\u74b0\u7403\u5f71\u57ce\u2b50\u8d85\u7d1a\u4efb\u5929\u5802\u4e16\u754c\uff01\u5c31\u662f\u4e00\u652f\u73a9\u5f97\u5f88\u958b\u5fc3\u7684\u5f71\u7247\uff01| \u5b89\u557e (\u309d\u2200\uff65) \u2661",
        "description": "\u7d42\u65bc\u8f2a\u5230\u6211\u4f86\u73a9\u5566\uff5e\n\n\u27ab \u8a02\u95b1\u5b89\u557e\uff1ahttps://goo.gl/KmLFgD\n\u27ab \u5b89\u557eIG\uff1ahttps://www.instagram.com/anjouclever/\n\u27ab \u5b89\u557eFB\uff1ahttps://www.facebook.com/anjoupikachu/\n\ud83d\udc39 \u73a9\u5177\u958b\u7bb1\u5168\u96c6\uff1ahttps://goo.gl/91ulRJ",
        "likeCount": "2033",
        "commentCount": "185",
        "viewCount": "66033"
    },
    "comments": [
        {
            "reply_id": "UgyOBpNfr59uKS3MnZZ4AaABAg",
            "reply_content": "\u5b89\u557e\u60f3\u4f60\u73fe\u5728\u5e36\u6211\u53bb\u65e5\u672c",
            "likeCount": 0
        },
        {
            "reply_id": "Ugycz2lAlvQDo-JJegl4AaABAg",
            "reply_content": "\u53ef\u611b\u7684\u59b3\u597d\u9069\u5408\u904a\u6a02\u5712",
            "likeCount": 0
        },
        {
            "reply_id": "Ugyx8cQILLukE4WS39N4AaABAg",
            "reply_content": "\u5b89\u557e\u5feb\u8b8a\u6210\u53ef\u611b\u7684\u4ee3\u540d\u8a5e\u4e86",
            "likeCount": 0
        },
        {
            "reply_id": "UgzeDbkCdGH44EO3Kz54AaABAg",
            "reply_content": "\u5b89\u557e\u5c31\u662f\u6a02\u5712\u7684\u6700\u4f73\u4ee3\u8a00\u4eba",
            "likeCount": 0
        },
        {
            "reply_id": "UgzbDlSJXwsEyOEIVxx4AaABAg",
            "reply_content": "\u770b\u8457\u5b89\u557e\u73a9\u8ddf\u5403\u5c31\u5f88\u6cbb\u7652",
            "likeCount": 0
        },
        {
            "reply_id": "UgzsR7dZ3zmQyZSyufF4AaABAg",
            "reply_content": "\u597d\u559c\u6b61\u65e5\u672c\u751f\u6d3b\u5f71\u7247",
            "likeCount": 0
        },
        {
            "reply_id": "UgwUwV0SKstxbLQIP8h4AaABAg",
            "reply_content": "\u5947\u7f8e\u62c9\u592a\u53ef\u611b\u4e86",
            "likeCount": 0
        },
        {
            "reply_id": "UgyDzcE42hULht374B14AaABAg",
            "reply_content": "\u81ea\u5df1\u90fd\u4e0d\u89ba\u5f97\u767c\u9019\u7a2e\u904a\u65e5\u5f71\u7247\u5f88\u7121\u804a\u55ce\uff1f\u6839\u672c\u6c92\u4eba\u60f3\u770b",
            "likeCount": 0
        },
        {
            "reply_id": "Ugybs8N_4-OUIg8JspB4AaABAg",
            "reply_content": "\u8acb\u554f\u4f60\u7576\u5929\u7684\u958b\u5712\u6642\u9593\u662f\u5e7e\u9ede",
            "likeCount": 0
        },
        {
            "reply_id": "UgyheZd6iozAQi6BOpt4AaABAg",
            "reply_content": "\u6211\u4ee5\u70ba\u5728\u9910\u5ef3\u7684\u90a3\u500b\u5947\u8afe\u6bd4\u5967\u8b1b\u8a71\u6703\u7834\u97f3\u7684\u8aaa",
            "likeCount": 0
        },
        {
            "reply_id": "UgyS-VHDe4L9MVwlCYF4AaABAg",
            "reply_content": "\u611f\u8b1d\u5b89\u557e\u4ecb\u7d39\u8d85\u7d1a\u4efb\u5929\u5802\u4e16\u754c",
            "likeCount": 1
        },
        {
            "reply_id": "Ugw4neiYBm_YIoQPA514AaABAg",
            "reply_content": "\u6211\u6765\u4e86\u524d\u6392",
            "likeCount": 1
        },
        {
            "reply_id": "UgxPMJNPVkKZNOAchhl4AaABAg",
            "reply_content": "\u5b89\u59ae\u4e9e\u8ddf\u5b89\u557e\u592a\u53ef\u611b\u4e86",
            "likeCount": 0
        },
        {
            "reply_id": "UgwAg7Mol5aXVK6XToV4AaABAg",
            "reply_content": "\u5f71\u7247\u592a\u77ed\u4e86\u5427",
            "likeCount": 0
        },
        {
            "reply_id": "UgxzoN7rozU_IYJpesN4AaABAg",
            "reply_content": "\u770b\u8d77\u4f86\u611f\u89ba\u5f88\u597d\u73a9\u771f\u60f3\u53bb",
            "likeCount": 0
        },
        {
            "reply_id": "Ugwt5wVDgdlfJ_aBC194AaABAg",
            "reply_content": "\u6436\u982d\u9999",
            "likeCount": 0
        },
        {
            "reply_id": "Ugy_kH7dQe2MZtaVcQl4AaABAg",
            "reply_content": "\u4f86\u4e86",
            "likeCount": 0
        },
        {
            "reply_id": "UgzcbTRblP6kjEXelAl4AaABAg",
            "reply_content": "\u7b2c\u4e00",
            "likeCount": 0
        }
    ]
}