{
    "video_info": {
        "id": "tc2J4OEK86Q",
        "channelTitle": "\u5b89\u557e\u54aa",
        "title": "\u751f\u5564\u9152\u653e\u984c\u7684\u65e5\u7cfb\u66f8\u5e97\uff01\u60c5\u4e0d\u81ea\u7981\u5dee\u9ede\u559d\u592a\u591a...\uff01 | \u5b89\u557e (\u309d\u2200\uff65) \u2661",
        "description": "\u5176\u5be6\u81ea\u5df1\u9084\u6c92\u6709\u53bb\u904e\u4ee3\u5b98\u5c71\u7684\u8526\u5c4b\u66f8\u5e97\uff0c\n\u7f8e\u9e97\u5efa\u7bc9\u7269\u7684\u8a71\uff0c\u4e2d\u76ee\u9ed1\u7684\u661f\u5df4\u514b\u4e5f\u5f88\u68d2\uff0c\u90fd\u597d\u60f3\u53bb\u770b\u770b\uff5e\n\n\u27ab \u8a02\u95b1\u5b89\u557e\uff1ahttps://goo.gl/KmLFgD\n\u27ab \u5b89\u557eIG\uff1ahttps://www.instagram.com/anjouclever/\n\u27ab \u5b89\u557eFB\uff1ahttps://www.facebook.com/anjoupikachu/\n\ud83d\udc39 \u73a9\u5177\u958b\u7bb1\u5168\u96c6\uff1ahttps://goo.gl/91ulRJ",
        "likeCount": "4099",
        "commentCount": "160",
        "viewCount": "119426"
    },
    "comments": [
        {
            "reply_id": "UgxLFTwYmURRVNVEX-54AaABAg",
            "reply_content": "\u5b89\u557e\u6211\u89ba\u5f97\u4f60\u5f88\u50cf\u5168\u958b\u5927\u80c3\u7684\u840c\u8c46\u55ce\u6211\u4e0d\u77e5\u9053\u4f60\u6709\u770b\u5168\u958b\u5927\u80c3\u738b\u6b38\u53ef\u662f\u771f\u7684\u8d85\u50cf\u7684",
            "likeCount": 0
        },
        {
            "reply_id": "UgykF8_waTnFM-Vmail4AaABAg",
            "reply_content": "\u589e\u80a5\u66f8\u5e97\u5475\u5475",
            "likeCount": 0
        },
        {
            "reply_id": "Ugwpa57wEQbw0uJxf-J4AaABAg",
            "reply_content": "\u6211\u4e5f\u559c\u6b61\u8036\u52a0\u96ea\u83f2",
            "likeCount": 0
        },
        {
            "reply_id": "Ugx-MpjfbzzbActBtQd4AaABAg",
            "reply_content": "\u5b89\u557e\u6211\u6703\u8a02\u95b1\u4f60\u7684\u983b\u9053\u4f60\u7684\u983b\u9053\u4f60\u597d\u770b",
            "likeCount": 0
        },
        {
            "reply_id": "UgwG2lHsDbV_pTmu_Vd4AaABAg",
            "reply_content": "\u5c0d\u4e0d\u8d77\u5b89\u557e\u6211\u4e0d\u5c0f\u5fc3\u628a\u4f60\u7684\u52d5\u7269\u68ee\u53cb\u6703\u7684\u5cf6\u795e\u793e\u7684\u4e09\u842c\u6416\u4e0b\u4f86\u56e0\u70ba\u6211\u78b0\u5230\u5c0d\u4e0d\u8d77",
            "likeCount": 0
        },
        {
            "reply_id": "UgxJ9HkQpIn5nlfLCl14AaABAg",
            "reply_content": "\u53f0\u5317\u5e02\u5167\u6e56\u4e5f\u6709\u4e00\u5bb6\u985e\u4f3c\u7684\u66f8\u5e97\uff0c\u5728\u5167\u6e56\u5022\u904b\u7ad9",
            "likeCount": 0
        },
        {
            "reply_id": "UgxGuv8veRFk0BCWA6d4AaABAg",
            "reply_content": "\u5b89\u557e\u670d\u88dd\u597d\u597d\u770b",
            "likeCount": 0
        },
        {
            "reply_id": "UgwO0QjnauXWF9RshkB4AaABAg",
            "reply_content": "\u771f\u68d2",
            "likeCount": 0
        },
        {
            "reply_id": "UgwrmnfXG-z6nzyMB294AaABAg",
            "reply_content": "\u4eca\u5929\u9019\u5957\u597d\u53ef\u611b",
            "likeCount": 0
        },
        {
            "reply_id": "UgzVTZoBs1WU6vN9HD14AaABAg",
            "reply_content": "\u5982\u679c\u9152\u559d\u592a\u591a\u6703\u4e0d\u6703\u7761\u5230\u6253\u70ca\u4f46\u662f\u9019\u500b\u66f8\u5e97\u771f\u7684\u662f\u5f88\u7cbe\u7dfb\u53c8\u6709\u5403\u7684\u771f\u597d",
            "likeCount": 11
        },
        {
            "reply_id": "Ugx_8jY2m3Cg2n73ogt4AaABAg",
            "reply_content": "\u8863\u670d\u597d\u597d\u770b",
            "likeCount": 2
        },
        {
            "reply_id": "UgyveqDIM7hix9zYGpR4AaABAg",
            "reply_content": "\u7b2c\u4e8c\u500b",
            "likeCount": 2
        },
        {
            "reply_id": "UgyKNoU9VEW0JdmcPgZ4AaABAg",
            "reply_content": "\u5b89\u5b89",
            "likeCount": 2
        },
        {
            "reply_id": "UgwvAZ8h2spBFBheDMN4AaABAg",
            "reply_content": "\u5f37",
            "likeCount": 1
        },
        {
            "reply_id": "Ugz6PlzQETvzHk8IZ6t4AaABAg",
            "reply_content": "\u597d\u7f8e\u7684\u66f8\u5e97",
            "likeCount": 1
        },
        {
            "reply_id": "UgwfoOiwgCEFrmFFfEB4AaABAg",
            "reply_content": "\u611f\u89ba\u7b2c\u4e00\u6b21\u53bb\u6703\u88ab\u74b0\u5883\u5438\u5f15\u5b8c\u5168\u4e0d\u60f3\u770b\u66f8 \u54c8\u54c8",
            "likeCount": 0
        },
        {
            "reply_id": "UgxYj7DcII-UlIaSjOd4AaABAg",
            "reply_content": "\u73fe\u5728\u9023\u66f8\u5e97\u90fd\u8981\u659c\u69d3\u4e00\u4e0b\uff0c\u624d\u80fd\u5438\u5f15\u66f4\u591a\u4eba\u4f86\u770b\u66f8",
            "likeCount": 0
        },
        {
            "reply_id": "UgxCarzpMrFeXh_G-0t4AaABAg",
            "reply_content": "\u8b9a",
            "likeCount": 0
        },
        {
            "reply_id": "Ugz6K_ntrAxnGmzxp514AaABAg",
            "reply_content": "\u597d\u60f3\u559d\u5b89\u557e\u559d\u904e\u7684\u5564\u9152\u54e6",
            "likeCount": 0
        },
        {
            "reply_id": "UgxQ27MjP9t4uUamnR54AaABAg",
            "reply_content": "\u60f3\u554f\u8863\u670d\u54ea\u88e1\u8cb7\u7684",
            "likeCount": 0
        }
    ]
}