{
    "video_info": {
        "id": "us44vzfLPQU",
        "channelTitle": "\u5b89\u557e\u54aa",
        "title": "\u53f0\u7063\u5510\u5409\u8a36\u5fb7\u7d42\u65bc\u958b\u5e55\uff01\u6436\u5148\u653b\u7565\ud83d\udd25CP\u503c\u6700\u9ad8\u7684\u5546\u54c1\u5011\u5927\u516c\u958b\uff01| \u5b89\u557e (\u309d\u2200\uff65) \u2661",
        "description": "\u6211\u7684\u809d\u5728\u53eb\n\u27ab \u8a02\u95b1\u5b89\u557e\uff1ahttps://goo.gl/KmLFgD\n\u27ab \u5b89\u557eIG\uff1ahttps://www.instagram.com/anjouclever/\n\u27ab \u5b89\u557eFB\uff1ahttps://www.facebook.com/anjoupikachu/\n\ud83d\udc39 \u73a9\u5177\u958b\u7bb1\u5168\u96c6\uff1ahttps://goo.gl/91ulRJ\n\n\u27a8\u5176\u4ed6\u5b89\u557e\u5f71\u7247\n1/2\u7e2e\u5c0f\u7248\u626d\u86cb\u6a5f \u2606 \u626d\u5230\u4ec0\u9ebc\u5c31\u5403\u4ec0\u9ebc\u7684\u523a\u6fc0\u73a9\u6cd5?!\n\u21e2 https://goo.gl/tSJlNG\n\u6dbc\u9eb5\u6c34\u6a02\u5712 - \u6d41\u6c34\u7d20\u9eb5\u5f9e\u9ad8\u4f4e\u5dee56cm\u7684\u6ed1\u6c34\u9053\u6e9c\u4e0b\u4f86\u4e86\uff01\n\u21e2 https://goo.gl/tgYRy1\n\u3010\u77e5\u80b2\u83d3\u5b50\u3011\u99ac\u6876\u6e05\u6dbc\u98f2\u6599\uff01\u7121\u6cd5\u62db\u67b6\u7684\u5473\u9053\uff01\n\u21e2 https://goo.gl/n0nnyQ\n\u6d77\u5e95\u7e3d\u52d5\u54e12 - Finding Dory \u2606 \u591a\u8389\u5609\u5e74\u83ef\uff01\u9084\u6709\u597d\u591a\u9b5a\u53cb\u5011\uff01\n\u21e2 https://goo.gl/oAn42q\n\u6703\u5b78\u4f60\u8aaa\u8a71\u7684\u840c\u840c\u5c0f\u5009\u9f20 - \u8981\u6210\u70ba\u4e00\u4f4d\u6559\u5b97\u4e0d\u662f\u90a3\u9ebc\u7c21\u55ae\u7684\u4e8b\u60c5!!\n\u21e2 https://goo.gl/8WZaZT\n\nBGM\u4f86\u6e90\uff1ahttp://dova-s.jp/\n\u97f3\u6548\u4f86\u6e90\uff1ahttp://musicisvfr.com/free/index.html",
        "likeCount": "20769",
        "commentCount": "1052",
        "viewCount": "773708"
    },
    "comments": [
        {
            "reply_id": "Ugz6HxkoDlH_lXsWMPx4AaABAg",
            "reply_content": "\u597d\u60f3\u77e5\u9053\u96b1\u773c\u50f9\u4f4d",
            "likeCount": 1
        },
        {
            "reply_id": "UgyVvsLcAFXl3U0oc0d4AaABAg",
            "reply_content": "\u770b\u5230\u6728\u66dc\u56db\u8d85\u73a9\u7684\u5718\u968a",
            "likeCount": 0
        },
        {
            "reply_id": "Ugy_tKGw7P0TMrPOQ9F4AaABAg",
            "reply_content": "\u6211\u53bb\u904e",
            "likeCount": 0
        },
        {
            "reply_id": "Ugy8aIT5P5QrZwexNGx4AaABAg",
            "reply_content": "\u70ba\u4ec0\u9ebc\u8ddf\u6211\u53bb\u7684\u6642\u5019\u9577\u5f97\u4e0d\u592a\u4e00\u6a23\u54c8\u54c8",
            "likeCount": 0
        },
        {
            "reply_id": "Ugy9nLSpC4FdG2J7aFV4AaABAg",
            "reply_content": "\u525b\u525b\u901b\u4e86\u9084\u883b\u597d\u901b\u7684",
            "likeCount": 0
        },
        {
            "reply_id": "Ugw5-O9Upd4nAknlIb94AaABAg",
            "reply_content": "\u4f60\u4e0b\u6b21\u62cd\u66f4\u8863\u7247",
            "likeCount": 0
        },
        {
            "reply_id": "UgwxrXYvP9ubSODv1BR4AaABAg",
            "reply_content": "\u51fa\u7247",
            "likeCount": 0
        },
        {
            "reply_id": "UgyxknoO-kPJdzlvnAd4AaABAg",
            "reply_content": "\u5973\u795e",
            "likeCount": 0
        },
        {
            "reply_id": "Ugx49R_0bRbczTrQpsF4AaABAg",
            "reply_content": "\u539f\u4f86\u52d5\u7269\u68ee\u53cb\u6703\u5df2\u7d93\u66f4\u65b0\u4e86\u4f60\u5e7e\u6642\u73a9",
            "likeCount": 0
        },
        {
            "reply_id": "UgytkUQyNsixcsOQPWt4AaABAg",
            "reply_content": "\u4eca\u5e74\u4f86\u505a\u500b\u5009\u9f20\u8eca\u8eca",
            "likeCount": 0
        },
        {
            "reply_id": "UgxLlhtrUTf5tNrK8BV4AaABAg",
            "reply_content": "\u5c0d\u5c0f\u5c0f\u557e\u4e0a\u4e00\u6b21\u7684\u5370\u8c61\u662f\u505a\u5de7\u514b\u529b\u7684\u751c\u751c\u5708",
            "likeCount": 0
        },
        {
            "reply_id": "UgzFF-SyGZtixJMYUEd4AaABAg",
            "reply_content": "\u9019\u96c6\u6293\u5230\u6728\u8000\u5718\u968a",
            "likeCount": 0
        },
        {
            "reply_id": "UgxO7QRrexs2Gyauxfl4AaABAg",
            "reply_content": "\u60f3\u60f3",
            "likeCount": 0
        },
        {
            "reply_id": "UgyyawpLwgR9mF1NO_54AaABAg",
            "reply_content": "\u4f60\u7684\u8072\u97f3\u597d\u53ef\u611b\u5594",
            "likeCount": 0
        },
        {
            "reply_id": "Ugy7ifsloxhqk94-PCt4AaABAg",
            "reply_content": "\u8b9a\u5594",
            "likeCount": 0
        },
        {
            "reply_id": "UgygBKU0bzCdion8hPN4AaABAg",
            "reply_content": "\u5c0f\u5c0f\u557e\u9084\u883b\u53ef\u611b\u7684",
            "likeCount": 0
        },
        {
            "reply_id": "Ugz13Dz4xlDpPVelBSh4AaABAg",
            "reply_content": "\u8b9a",
            "likeCount": 0
        },
        {
            "reply_id": "Ugzwt6LW5FhM26zgjl94AaABAg",
            "reply_content": "\u662f\u4e0d\u662f\u6709\u9047\u5230\u746a\u5229\u4e9e\u5440",
            "likeCount": 1
        },
        {
            "reply_id": "UgxaBOzqzOmxrFxh7wd4AaABAg",
            "reply_content": "\u611f\u67d3\u6e90\u982d",
            "likeCount": 1
        },
        {
            "reply_id": "Ugwa1qXdnlFLz2eHO8l4AaABAg",
            "reply_content": "\u8acb\u554f\u5728\u897f\u9580\u7684\u54ea\u88e1\u554a",
            "likeCount": 1
        },
        {
            "reply_id": "UgxPVO7jYqE-x1EW7CB4AaABAg",
            "reply_content": "\u6211\u4e5f\u60f3\u53bb\u8cb7\u7206\u4e86",
            "likeCount": 0
        },
        {
            "reply_id": "Ugy87rzYOXvfhdBScXB4AaABAg",
            "reply_content": "\u53cb\u4eba\u597d\u6b63",
            "likeCount": 0
        },
        {
            "reply_id": "UgwTe_eCwZbqJmTZ0Qp4AaABAg",
            "reply_content": "\u6709\u5b89\u557e\u5c31\u8b9a",
            "likeCount": 0
        },
        {
            "reply_id": "UgwE-5RYK0ZRxuCzBGl4AaABAg",
            "reply_content": "\u8bb2\u8bdd\u5f88\u6025\u52a8\u7684\u5973\u4eba\u4e0d\u559c\u6b22\u770b\u4f60\u7684\u5f71\u7247",
            "likeCount": 0
        },
        {
            "reply_id": "UgwxN2jWyqzWoElFzqh4AaABAg",
            "reply_content": "\u5728\u81fa\u5317\u54ea\u88e1",
            "likeCount": 0
        }
    ]
}