{
    "video_info": {
        "id": "uTH6jKWpO2g",
        "channelTitle": "\u5b89\u557e\u54aa",
        "title": "\u89d2\u843d\u5c0f\u5925\u4f34\u5168\u54c1\u9805\u5236\u9738\uff01\u6700\u65b0\u76847-11\u96c6\u9ede\u5546\u54c1\u5230\u5e95\u5be6\u4e0d\u5be6\u7528\uff1f\uff01| \u5b89\u557e (\u309d\u2200\uff65) \u2661",
        "description": "\u8d85\u53ef\u611b\u7684\u89d2\u843d\u5c0f\u5925\u4f34\uff01\u7c89\u7c89\u5ae9\u5ae9\u7684\u5b8c\u5168\u7121\u6cd5\u62db\u67b6QQ\n\n\ud83c\udf38 7-ELEVEN \u3010\u89d2\u843d\u5c0f\u5925\u4f34-\u5154\u5b50\u7684\u5947\u5e7b\u82b1\u5712\u7cfb\u5217 \u6625\u65e5\u767b\u5834\u3011\n\u300a2022/4/6\u4e0b\u5348\u4e09\u9ede - 4/7 \u9650\u6642\u8ca9\u552e\u300b\n\u81f3\u9580\u5e02\u6d88\u8cbb\u4e0d\u9650\u91d1\u984d\uff0c\u7d50\u5e33\u6642\u5831\u6703\u54e1\u624b\u6a5f\u865f\u78bc\u5373\u53ef\u52a0\u50f9\u8cfc\n\n\ud83c\udf38  \u66f4\u591a\u4ecb\u7d39\u548c\u6d3b\u52d5\u8a73\u60c5 \u27ab  https://www.7-11.com.tw/event/22sumikkogurashi/index.aspx\n\n\u27ab \u8a02\u95b1\u5b89\u557e\uff1ahttps://goo.gl/KmLFgD\n\u27ab \u5b89\u557eIG\uff1ahttps://www.instagram.com/anjouclever/\n\u27ab \u5b89\u557eFB\uff1ahttps://www.facebook.com/anjoupikachu/\n\ud83d\udc39 \u73a9\u5177\u958b\u7bb1\u5168\u96c6\uff1ahttps://goo.gl/91ulRJ",
        "likeCount": "2796",
        "commentCount": "112",
        "viewCount": "70928"
    },
    "comments": [
        {
            "reply_id": "Ugw0N7i1kEBcvWEbiJx4AaABAg",
            "reply_content": "\u9023\u5047\u6709\u5b89\u557e\u966a\u4f34\u771f\u597d\u9084\u6709\u89ba\u5f97\u6700\u5be6\u7528\u5c31\u662f\u5410\u53f8\u6a5f\u8ddf\u5c0f \u934b\u5b50",
            "likeCount": 78
        },
        {
            "reply_id": "Ugy21GpEZ-whJ25JoTp4AaABAg",
            "reply_content": "\u611f\u89ba\u5b89\u557e\u4f5c\u7684\u5f71\u7247\u6bd4\u6ef4\u59b9\u6709\u8aa0\u610f\u591a\u4e86",
            "likeCount": 3
        },
        {
            "reply_id": "UgwYqhXixVyPANmD8uF4AaABAg",
            "reply_content": "\u592a\u597d\u4e86\u6211\u8981\u4f86\u9810\u8cfc",
            "likeCount": 1
        },
        {
            "reply_id": "UgzaONlnVntQvftRiot4AaABAg",
            "reply_content": "\u53e3\u611b",
            "likeCount": 0
        },
        {
            "reply_id": "UgyBg1PgU0LvMiPtxaB4AaABAg",
            "reply_content": "\u8d85\u53ef\u611b",
            "likeCount": 0
        },
        {
            "reply_id": "UgxgimG3USUPoFokJbR4AaABAg",
            "reply_content": "\u5f88\u8a8d\u771f\u7528\u5fc3\u696d\u914d",
            "likeCount": 0
        },
        {
            "reply_id": "Ugwzzwx6CLiYWjEdbv14AaABAg",
            "reply_content": "\u53ef\u611b\u7684\u89d2\u843d\u5c0f\u5925\u4f34",
            "likeCount": 0
        },
        {
            "reply_id": "Ugwo11Iank-lGL8K8HB4AaABAg",
            "reply_content": "\u6211\u4ee5\u70ba\u662f\u62cd\u7acb\u5f97\u5687\u6b7b",
            "likeCount": 0
        },
        {
            "reply_id": "UgwoZFN4yT3s-XVfL4V4AaABAg",
            "reply_content": "\u597d\u53ef\u611b\u5594",
            "likeCount": 0
        },
        {
            "reply_id": "UgxhupLN20cd9SDugp14AaABAg",
            "reply_content": "\u5b89\u557e\u5973\u795e\u6700\u8fd1\u62cd\u7247\u901f\u5ea6\u597d\u5feb",
            "likeCount": 0
        },
        {
            "reply_id": "UgxI1cP0Jx7UDyjrKJx4AaABAg",
            "reply_content": "\u771f\u7684\u597d\u53ef\u611b\u6211\u7684\u5929",
            "likeCount": 0
        },
        {
            "reply_id": "UgwA8xczFlhU3w7mm1x4AaABAg",
            "reply_content": "\u771f\u68d2",
            "likeCount": 0
        },
        {
            "reply_id": "UgwLOmusirWCxSGC27R4AaABAg",
            "reply_content": "\u6765\u4e86",
            "likeCount": 0
        },
        {
            "reply_id": "UgwK5cSDa1X7G35IwOx4AaABAg",
            "reply_content": "\u5b89\u557e\u6478\u5b8c\u5730\u588a\u53bb\u505a\u4e09\u660e\u6cbb",
            "likeCount": 0
        },
        {
            "reply_id": "UgxxmJp6c-7l9Dm-OZN4AaABAg",
            "reply_content": "\u597d\u7597\u6108\u554a\u554a\u554a",
            "likeCount": 0
        },
        {
            "reply_id": "UgwFVsG200jk99ZaIYF4AaABAg",
            "reply_content": "\u5b89\u557e\u597d\u53ef\u611b",
            "likeCount": 0
        },
        {
            "reply_id": "Ugw0eYAsNY39jkk4hkJ4AaABAg",
            "reply_content": "\u5b89\u557e\u597d\u7f8e",
            "likeCount": 0
        },
        {
            "reply_id": "UgzMpI-8Q2rAYsobnYd4AaABAg",
            "reply_content": "\u4eca\u5929\u6709\u651d\u5f71\u52a9\u624b\u8ddf\u62cd\u8036",
            "likeCount": 0
        },
        {
            "reply_id": "UgyjdFuOWbfCfD8fV-J4AaABAg",
            "reply_content": "\u89d2\u843d\u751f\u7269\u662f\u6ef4\u59b9\u7684\u6700\u611b\u5979\u6700\u611b\u62cd\u7684",
            "likeCount": 0
        },
        {
            "reply_id": "UgymLrJM8XJ5-dPafqZ4AaABAg",
            "reply_content": "\u6bdb\u8d77\u4f86\u628a\u7f3a\u7684\u7247\u88dc\u9f4a\u6b38",
            "likeCount": 0
        },
        {
            "reply_id": "UgyUtL85qmgJ3ERc3Pl4AaABAg",
            "reply_content": "\u5b89\u557e\u91ac\u53ef\u611b",
            "likeCount": 0
        },
        {
            "reply_id": "UgyV_YCYul2SaMOygEx4AaABAg",
            "reply_content": "\u9023\u5047\u904e\u5f8c\u4f11\u5047",
            "likeCount": 0
        },
        {
            "reply_id": "UgzTwVl5VYEvHTc76zZ4AaABAg",
            "reply_content": "\u7576\u5b89\u557e\u60f3\u8d77\u81ea\u5df1\u9084\u6c92\u8ca1\u5bcc\u81ea\u7531",
            "likeCount": 0
        },
        {
            "reply_id": "UgwU5_obdOlUzc_2fJd4AaABAg",
            "reply_content": "\u672a\u770b\u5148\u7559",
            "likeCount": 0
        },
        {
            "reply_id": "Ugz9_e-gsjjFKUx9V1l4AaABAg",
            "reply_content": "\u524d\u6392\u8a92",
            "likeCount": 0
        }
    ]
}