{
    "video_info": {
        "id": "VtJw7UgFWUQ",
        "channelTitle": "\u5b89\u557e\u54aa",
        "title": "\u505a\u51fa\u89d2\u843d\u751f\u7269\u6c34\u679c\u51b0\u68d2\ud83c\udf53\uff01\u770b\u8d77\u4f86\u8d85\u7c21\u55ae\u7684\u6a21\u5177\u537b...\uff1f| \u5b89\u557e (\u309d\u2200\uff65) \u2661",
        "description": "\u590f\u5929\u8981\u4f86\u4e86\u55ce\n\u27ab \u8a02\u95b1\u5b89\u557e\uff1ahttps://goo.gl/KmLFgD\n\u27ab \u5b89\u557eIG\uff1ahttps://www.instagram.com/anjouclever/\n\u27ab \u5b89\u557eFB\uff1ahttps://www.facebook.com/anjoupikachu/\n\ud83d\udc39 \u73a9\u5177\u958b\u7bb1\u5168\u96c6\uff1ahttps://goo.gl/91ulRJ\n\n\u27a8\u5176\u4ed6\u5b89\u557e\u5f71\u7247\n1/2\u7e2e\u5c0f\u7248\u626d\u86cb\u6a5f \u2606 \u626d\u5230\u4ec0\u9ebc\u5c31\u5403\u4ec0\u9ebc\u7684\u523a\u6fc0\u73a9\u6cd5?!\n\u21e2 https://goo.gl/tSJlNG\n\u6dbc\u9eb5\u6c34\u6a02\u5712 - \u6d41\u6c34\u7d20\u9eb5\u5f9e\u9ad8\u4f4e\u5dee56cm\u7684\u6ed1\u6c34\u9053\u6e9c\u4e0b\u4f86\u4e86\uff01\n\u21e2 https://goo.gl/tgYRy1\n\u3010\u77e5\u80b2\u83d3\u5b50\u3011\u99ac\u6876\u6e05\u6dbc\u98f2\u6599\uff01\u7121\u6cd5\u62db\u67b6\u7684\u5473\u9053\uff01\n\u21e2 https://goo.gl/n0nnyQ\n\u6d77\u5e95\u7e3d\u52d5\u54e12 - Finding Dory \u2606 \u591a\u8389\u5609\u5e74\u83ef\uff01\u9084\u6709\u597d\u591a\u9b5a\u53cb\u5011\uff01\n\u21e2 https://goo.gl/oAn42q\n\u6703\u5b78\u4f60\u8aaa\u8a71\u7684\u840c\u840c\u5c0f\u5009\u9f20 - \u8981\u6210\u70ba\u4e00\u4f4d\u6559\u5b97\u4e0d\u662f\u90a3\u9ebc\u7c21\u55ae\u7684\u4e8b\u60c5!!\n\u21e2 https://goo.gl/8WZaZT\n\nBGM\u4f86\u6e90\uff1ahttp://dova-s.jp/\n\u97f3\u6548\u4f86\u6e90\uff1ahttp://musicisvfr.com/free/index.html",
        "likeCount": "9305",
        "commentCount": "312",
        "viewCount": "314822"
    },
    "comments": [
        {
            "reply_id": "UgzJwv5Waj-Bss_unSB4AaABAg",
            "reply_content": "\u54c8",
            "likeCount": 1
        },
        {
            "reply_id": "UgzzCoJHHqb3cpGTKfp4AaABAg",
            "reply_content": "\u5e0c\u671b\u5b89\u557e\u5e38\u5e38\u767c\u7247",
            "likeCount": 1
        },
        {
            "reply_id": "UgxgxaGKD91wj-1vP494AaABAg",
            "reply_content": "\u771f\u7684\u597d\u559c\u6b61\u59b3\u7684\u5f71\u7247",
            "likeCount": 1
        },
        {
            "reply_id": "UgyLLtK7HIgs-Sdkl5V4AaABAg",
            "reply_content": "\u8b9a",
            "likeCount": 0
        },
        {
            "reply_id": "Ugz_-aIgoF0F8n1dsY94AaABAg",
            "reply_content": "\u6211\u60f3\u5403",
            "likeCount": 0
        },
        {
            "reply_id": "UgzvpvYiUiV-xieoNgp4AaABAg",
            "reply_content": "\u597d\u60f3\u5403",
            "likeCount": 0
        },
        {
            "reply_id": "UgxELRyZ5aQqQXqCvs94AaABAg",
            "reply_content": "\u597d\u53ef\u611b",
            "likeCount": 0
        },
        {
            "reply_id": "Ugyr7XSiNohDaeaj_YJ4AaABAg",
            "reply_content": "\u4e00",
            "likeCount": 0
        },
        {
            "reply_id": "Ugzs_zf1AOujVCspxuB4AaABAg",
            "reply_content": "\u770b\u8d77\u4f86\u8d85\u597d\u5403",
            "likeCount": 0
        },
        {
            "reply_id": "UgzVJDXl45wDKtjyVWd4AaABAg",
            "reply_content": "\u4e00\u5b9a\u5f88\u597d\u5403\u7684",
            "likeCount": 0
        },
        {
            "reply_id": "Ugw4sPMJtis1kyVaXf54AaABAg",
            "reply_content": "\u5b89\u557e\u597d\u53ef\u611b",
            "likeCount": 0
        },
        {
            "reply_id": "Ugzu6NUTLDl95Eklt1x4AaABAg",
            "reply_content": "\u6709\u6c92\u6709\u4eba\u89ba\u5f97\u5b89\u557e\u9577\u7684\u5f88\u50cf\u592a\u598d",
            "likeCount": 0
        },
        {
            "reply_id": "UgwHGckG6zcbUdZ_0tF4AaABAg",
            "reply_content": "\u770b\u963f\u5e79\u7684\u8caa\u5a6a\u4e4b\u58fa\u4f86\u7684",
            "likeCount": 0
        },
        {
            "reply_id": "Ugzt2U7AxbXzAciJUSt4AaABAg",
            "reply_content": "\u4e4b\u524d\u5728\u6ef4\u59b9\u7684\u983b\u9053\u770b\u5230\u5b89\u557e\u7684\u7559\u8a00\u5c31\u8d85\u671f\u5f85\u7684\uff5e\u611f\u89ba\u5b89\u557e\u505a\u7684\u597d\u597d\u5403",
            "likeCount": 0
        },
        {
            "reply_id": "UgyhM-Tn6m-PbCcUcuJ4AaABAg",
            "reply_content": "\u8c6c\u6392\u53ef\u4ee5\u7528\u53ef\u6a02\u554a",
            "likeCount": 0
        },
        {
            "reply_id": "UgyOkl-bh1VV6aBXyxx4AaABAg",
            "reply_content": "\u5c0f\u59d0\u59d0\u5f88\u53ef\u611b",
            "likeCount": 0
        },
        {
            "reply_id": "UgzcvwdcB20rzJq7ull4AaABAg",
            "reply_content": "\u5176\u5be6\u6700\u91cd\u8981\u7684\u6b65\u9a5f\u662f\u756b\u773c\u775b\u8ddf\u5634\u5df4\uff0c\u756b\u5b8c\u4e4b\u5f8c\u8d85\u50cf\u7684",
            "likeCount": 79
        },
        {
            "reply_id": "UgwuUGpW_vJZKh4nDmt4AaABAg",
            "reply_content": "\u6211\u525b\u5f9e\u80e1\u5b50\u7684\u4e3b\u983b\u9053\u904e\u4f86\u56e0\u70ba\u4ed6\u62bd\u771f\u7a7a\u7cfb\u5217\u5be6\u5728\u592a\u597d\u770b\u4e86\u4e00\u4e0d\u5c0f\u5fc3\u628a\u4ed6\u7684\u62bd\u771f\u7a7a\u7684\u5f71\u7247\u770b\u5b8c",
            "likeCount": 14
        },
        {
            "reply_id": "UgzdMDSqmbg7uQqwCCZ4AaABAg",
            "reply_content": "\u73fe\u5728\u770b\u6d41\u53e3\u6c34\u4e86",
            "likeCount": 1
        },
        {
            "reply_id": "Ugw_lXL9bFRi-8tq1Cl4AaABAg",
            "reply_content": "\u770b\u8d77\u6765\u597d\u597d\u5403",
            "likeCount": 1
        },
        {
            "reply_id": "UgwCuxMWHhmNpfViclR4AaABAg",
            "reply_content": "\u6211\u89ba\u5f97\u5f88\u597d\u5594",
            "likeCount": 1
        },
        {
            "reply_id": "Ugw-m2gNv-O-9TwH3JN4AaABAg",
            "reply_content": "\u5b89\u557e\u56de\u5230\u53f0\u7063\u4e86\u55ce",
            "likeCount": 0
        },
        {
            "reply_id": "Ugy_OOU-BHaBDSGhNQt4AaABAg",
            "reply_content": "\u6bcf\u6b21\u770b\u90fd\u89ba\u5f97\u6709\u9019\u9ebc\u53ef\u611b\u7684\u5973\u751f",
            "likeCount": 0
        },
        {
            "reply_id": "UgxEPkrHqd27gj9Gu0V4AaABAg",
            "reply_content": "\u524d\u9762\u6b63\u597d\u662f\u89d2\u843d\u751f\u7269\u5ee3\u544a",
            "likeCount": 0
        },
        {
            "reply_id": "UgwHe___r2AkFXejzHd4AaABAg",
            "reply_content": "\u5bb6\u4e2d\u4e00\u5b9a\u5168\u662f\u98df\u73a9\u7684\u73a9\u5177",
            "likeCount": 0
        }
    ]
}