{
    "video_info": {
        "id": "vWMpBplQPXU",
        "channelTitle": "\u5b89\u557e\u54aa",
        "title": "\u6df1\u5ea6\u904a\u4eac\u90fd\uff01\u8001\u5b57\u865f\u55ab\u8336\u5e97\u3001\u5bf6\u77f3\u62b9\u8336\u751c\u9ede\u3001\u53bb\u4e86\u5c31\u8b8a\u6f02\u4eae\u7684\u795e\u793e\uff01| \u5b89\u557e (\u309d\u2200\uff65) \u2661",
        "description": "\u5403\u4e86\u597d\u591a\u4eac\u90fd\u751c\u9ede\uff0c\u597d\u5feb\u6a02\n\n\u5b89\u557e x CASETiFY 85 \u6298\u512a\u60e0\u9ede\u9019\u88e1\uff1ahttp://casetify.com/anjou \n\u9664\u4e86\u9336\u5e36\u4e4b\u5916\uff0c\u5176\u4ed6\u6307\u5b9a\u624b\u6a5f\u6bbc\u3001\u80cc\u5e36\u7b49\u914d\u4ef6\u4e5f\u90fd\u670985\u6298\u512a\u60e0\u5594\uff01\n\uff08\u4f7f\u7528\u671f\u9650\uff5e2023 \u5e74 8 \u6708 21 \u65e5\uff09\n\uff08\u4e0d\u9069\u7528\u806f\u540d\u7cfb\u5217\u548c\u65b0\u7522\u54c1\uff09\n\n\u27ab \u8a02\u95b1\u5b89\u557e\uff1ahttps://goo.gl/KmLFgD\n\u27ab \u5b89\u557eIG\uff1ahttps://www.instagram.com/anjouclever/\n\u27ab \u5b89\u557eFB\uff1ahttps://www.facebook.com/anjoupikachu/\n\ud83d\udc39 \u73a9\u5177\u958b\u7bb1\u5168\u96c6\uff1ahttps://goo.gl/91ulRJ",
        "likeCount": "1986",
        "commentCount": "91",
        "viewCount": "60182"
    },
    "comments": [
        {
            "reply_id": "UgykvNF2GJ0TteXqvfZ4AaABAg",
            "reply_content": "\u8d85\u611b\u9019\u96c6\u6df1\u5ea6\u904a\u4e5f\u611f\u8b1d\u5b89\u557e\u5206\u4eab\u4eac\u90fd\u751c\u9ede\u8d85\u8b9a\u548c\u670d\u4e5f\u5f88\u7f8e",
            "likeCount": 19
        },
        {
            "reply_id": "Ugw1L4wT-LTWIAs23G54AaABAg",
            "reply_content": "\u5b89\u557e\u597d\u4e45\u6c92\u51fa\u7247\u4e86",
            "likeCount": 6
        },
        {
            "reply_id": "UgwXf5TsXAMlv2yDoIp4AaABAg",
            "reply_content": "\u8001\u5a46\u600e\u9ebc\u90fd\u4e0d\u66f4\u65b0\u4e86",
            "likeCount": 3
        },
        {
            "reply_id": "UgxBmxIUTNzPRnE-_oZ4AaABAg",
            "reply_content": "\u5b89\u557e\u4e0d\u767c\u7247\u4e86",
            "likeCount": 2
        },
        {
            "reply_id": "UgzVwUB0tVa37Zz4FyZ4AaABAg",
            "reply_content": "\u61f7\u5ff5\u7684\u7d05\u77f3\u53e3\u888b",
            "likeCount": 2
        },
        {
            "reply_id": "UgyUXAVTZ-I-JnsEJLh4AaABAg",
            "reply_content": "\u4eac\u90fd\u4eba\u7684\u65e9\u9910\u592a\u53b2\u5bb3\u4e86\uff0c\u771f\u7684\u5149\u770b\u5c31\u89ba\u5f97\u597d\u9913",
            "likeCount": 2
        },
        {
            "reply_id": "UgzvZ6aHFnMRMgWw7W94AaABAg",
            "reply_content": "\u597d\u4e45\u6c92\u66f4\u65b0\u4e86",
            "likeCount": 1
        },
        {
            "reply_id": "UgyC5J8NHolDVKEGEyR4AaABAg",
            "reply_content": "\u771f\u7684\u5f88\u4e45\u66f4\u65b0",
            "likeCount": 1
        },
        {
            "reply_id": "Ugys-X5-UGAlSLeOEqF4AaABAg",
            "reply_content": "\u611f\u8b1d\u5b89\u557e\u5206\u4eab\u4eac\u90fd\u751c\u9ede\u8d85\u8b9a\u548c\u670d\u4e5f\u5f88\u7f8e",
            "likeCount": 1
        },
        {
            "reply_id": "Ugw5lqIEabwZLsgl3cR4AaABAg",
            "reply_content": "\u7d42\u65bc\u51fa\u7247\u4e86",
            "likeCount": 1
        },
        {
            "reply_id": "UgzE0jrrYdsVGTP5OZJ4AaABAg",
            "reply_content": "\u4e0d\u8aaa\u5c0f\u6642\u5019\u6709\u9ede\u50b7\u4eba \u6211\u73fe\u5728\u770b\u9084\u662f\u6bcf\u6b21\u90fd\u6703\u88ab\u7206\u64ca\u5230",
            "likeCount": 0
        },
        {
            "reply_id": "UgxnzJSl3IwA2m1A0694AaABAg",
            "reply_content": "\u59b3\u662f\u4e0d\u662f\u6cb3\u5317\u5f69\u82b1",
            "likeCount": 0
        },
        {
            "reply_id": "UgxXXllFIcnaWIdRcy54AaABAg",
            "reply_content": "\u4ee5\u70ba\u751c\u9ede\u4e0b\u9762\u662f\u53ef\u5403\u7684\u7cd5\u9ede",
            "likeCount": 0
        },
        {
            "reply_id": "UgxPVXSMdgr0ozYO7KN4AaABAg",
            "reply_content": "\u5b89\u557e\u597d\u6f02\u4eae",
            "likeCount": 0
        },
        {
            "reply_id": "UgyRwi-7JKVZMgbuP894AaABAg",
            "reply_content": "\u5b89\u557e\u53bb\u4eac\u90fd\u73a9",
            "likeCount": 0
        },
        {
            "reply_id": "Ugy1XxiLX3UTxhgYiuN4AaABAg",
            "reply_content": "\u624b\u6a5f\u662f\u4ec0\u9ebc\u54c1\u724c",
            "likeCount": 0
        },
        {
            "reply_id": "UgyDC5ezU73q6ePzDBV4AaABAg",
            "reply_content": "\u4eac\u90fd\u771f\u7684\u662f\u597d\u5730\u65b9",
            "likeCount": 0
        },
        {
            "reply_id": "UgxpiBSwopvUYeQSZRJ4AaABAg",
            "reply_content": "\u548c\u670d\u597d\u597d\u770b",
            "likeCount": 0
        },
        {
            "reply_id": "UgzEHZZfa5ej9zUE--h4AaABAg",
            "reply_content": "\u83ab\u540d\u5f88\u671f\u5f85\u518d\u4e00\u6b21\u8ddf\u746a\u9e97\u4e9e\u5408\u4f5c\u5f71\u7247",
            "likeCount": 0
        }
    ]
}