{
    "video_info": {
        "id": "WZdt2nn1aYk",
        "channelTitle": "\u5b89\u557e\u54aa",
        "title": "\u9b3c\u6ec5\u4e4b\u5203\u58fd\u53f8\u88fd\u4f5c\u5668\uff01\u5b8c\u7f8e\u9084\u539f\u70ad\u6cbb\u90ce\u79b0\u8c46\u5b50\uff01| \u5b89\u557e (\u309d\u2200\uff65) \u2661",
        "description": "\u9019\u9031\u662f\u557e\u4e4b\u9b3c\u6ec5\u611f\u8b1d\u796d\uff08\uff1f\n\u671f\u5f85\u4e4b\u5f8c\u7684\u935b\u5200\u6751\u7bc7\n\n\u27ab \u8a02\u95b1\u5b89\u557e\uff1ahttps://goo.gl/KmLFgD\n\u27ab \u5b89\u557eIG\uff1ahttps://www.instagram.com/anjouclever/\n\u27ab \u5b89\u557eFB\uff1ahttps://www.facebook.com/anjoupikachu/\n\ud83d\udc39 \u73a9\u5177\u958b\u7bb1\u5168\u96c6\uff1ahttps://goo.gl/91ulRJ",
        "likeCount": "4421",
        "commentCount": "125",
        "viewCount": "104123"
    },
    "comments": [
        {
            "reply_id": "UgzNtxfX2RcmmITyqJJ4AaABAg",
            "reply_content": "\u767c\u660e\u9019\u4e9b\u6771\u897f\u7684\u8a2d\u8a08\u5e2b\u771f\u7684\u662f\u9b3c\u624d",
            "likeCount": 1
        },
        {
            "reply_id": "UgxWktlFbkPmWvs4K2x4AaABAg",
            "reply_content": "\u611f\u89ba\u5b89\u557e\u8d8a\u4f86\u8d8a\u80d6\u4e86",
            "likeCount": 1
        },
        {
            "reply_id": "Ugwg7OtPRhYjW19X5OF4AaABAg",
            "reply_content": "\u6211\u4e5f\u559c\u6b61\u9b3c\u6ec5",
            "likeCount": 1
        },
        {
            "reply_id": "UgzWxTHWcMMfa2R6bBZ4AaABAg",
            "reply_content": "\u5b89\u557e\u7d42\u65bc\u60f3\u8d77\u5979\u7684\u983b\u9053\u5bc6\u78bc\u4e86",
            "likeCount": 1
        },
        {
            "reply_id": "Ugz7SPqDwU_Bt0tDSgB4AaABAg",
            "reply_content": "\u597d\u8b9a\u525b\u6253\u958b\u81c9\u66f8\u5c31\u6709\u9ad8\u7d1a\u5f71\u7247",
            "likeCount": 1
        },
        {
            "reply_id": "UgyZTRFbPDOLcHFFG_x4AaABAg",
            "reply_content": "\u6211\u60f3\u77e5\u9053\u9019\u500b\u6771\u897f\u5728\u62ff\u51fa\u4f86\u5f8c\u6709\u6c92\u6709\u5fb9\u5e95\u6e05\u6d17\u6d88\u6bd2\u904e\uff1f",
            "likeCount": 0
        },
        {
            "reply_id": "Ugy_ryRA8dWSrJ6SutR4AaABAg",
            "reply_content": "\u5b89\u5b89",
            "likeCount": 0
        },
        {
            "reply_id": "UgxlXSqti9koGf7MiP94AaABAg",
            "reply_content": "\u8d85\u7d1a\u53ef\u611b\u7684\u5566",
            "likeCount": 0
        },
        {
            "reply_id": "UgzPdgmueyGBDYPqizx4AaABAg",
            "reply_content": "\u771f\u7684\u5f88\u7528\u5fc3",
            "likeCount": 0
        },
        {
            "reply_id": "UgwGOpymaA2FRq4arXh4AaABAg",
            "reply_content": "\u53ef\u611b",
            "likeCount": 0
        },
        {
            "reply_id": "Ugyv7SX481LUYxtCi5d4AaABAg",
            "reply_content": "\u4e00\u76f4\u770b\u8457\u5b89\u557e\u5de6\u5634\u5507\u7684\u75e3",
            "likeCount": 0
        },
        {
            "reply_id": "UgxToo9uw_gzBBwqSoR4AaABAg",
            "reply_content": "\u958b\u5149\u4e4b\u5f8c\u5c31\u6703\u63ee\u5200\u65ac\u9b3c\u4e86",
            "likeCount": 0
        },
        {
            "reply_id": "UgxzfxdD9lIEZ4vWokx4AaABAg",
            "reply_content": "\u771f\u68d2",
            "likeCount": 0
        },
        {
            "reply_id": "UgwS2D1kUUOSbubl0Wp4AaABAg",
            "reply_content": "\u6211\u7b2c\u4e00\u6309\u8b9a",
            "likeCount": 2
        },
        {
            "reply_id": "UgwWbLoV1wEUikRekk14AaABAg",
            "reply_content": "\u6211\u771f\u7684\u662f\u5403\u8ca8\u770b\u5230\u5403\u7684\u5c31\u9ede\u9032\u4f86\u4e86",
            "likeCount": 1
        },
        {
            "reply_id": "UgyxylxGw5ueIGmy_G94AaABAg",
            "reply_content": "\u53c8\u4f86\u5230\u6bcf\u5468\u557e\u4e00\u6ce2\u7684\u6642\u523b",
            "likeCount": 1
        },
        {
            "reply_id": "UgwlnspNZ79HmRlSDYF4AaABAg",
            "reply_content": "\u525b\u770b\u5b8c\u80e1\u5b50\u7684\u611f\u4f86\u770b\u5f88\u671f\u5f85\u660e\u5929\u7684\u5f71\u7247\u7e7c\u7e8c\u652f\u6301",
            "likeCount": 0
        },
        {
            "reply_id": "UgyenVGE0a_Erp9ALSB4AaABAg",
            "reply_content": "\u96e3\u5f97\u6211\u9019\u9ebc\u65e9\u4f86",
            "likeCount": 0
        },
        {
            "reply_id": "UgwF6CflD4ayvnmqj5B4AaABAg",
            "reply_content": "\u597d\u8cb4",
            "likeCount": 0
        }
    ]
}