{
    "video_info": {
        "id": "X3g7MWBndis",
        "channelTitle": "\u5b89\u557e\u54aa",
        "title": "\u5728\u5bb6\u505a\u51fa\u4e16\u754c\u8ff7\u4f60\u7684\u9bdb\u9b5a\u71d2\uff01\u8ff7\u4f60\u9bdb\u9b5a\u71d2\u6a5f\u958b\u7bb1\uff01| \u5b89\u557e (\u309d\u2200\uff65) \u2661",
        "description": "\u4eca\u5929\u7684\u9aee\u578b\u597d\u50cf\u5967\u8389\u8587\n\u27ab \u8a02\u95b1\u5b89\u557e\uff1ahttps://goo.gl/KmLFgD\n\u27ab \u5b89\u557eIG\uff1ahttps://www.instagram.com/anjouclever/\n\u27ab \u5b89\u557eFB\uff1ahttps://www.facebook.com/anjoupikachu/\n\ud83d\udc39 \u73a9\u5177\u958b\u7bb1\u5168\u96c6\uff1ahttps://goo.gl/91ulRJ\n\n\u27a8\u5176\u4ed6\u5b89\u557e\u5f71\u7247\n1/2\u7e2e\u5c0f\u7248\u626d\u86cb\u6a5f \u2606 \u626d\u5230\u4ec0\u9ebc\u5c31\u5403\u4ec0\u9ebc\u7684\u523a\u6fc0\u73a9\u6cd5?!\n\u21e2 https://goo.gl/tSJlNG\n\u6dbc\u9eb5\u6c34\u6a02\u5712 - \u6d41\u6c34\u7d20\u9eb5\u5f9e\u9ad8\u4f4e\u5dee56cm\u7684\u6ed1\u6c34\u9053\u6e9c\u4e0b\u4f86\u4e86\uff01\n\u21e2 https://goo.gl/tgYRy1\n\u3010\u77e5\u80b2\u83d3\u5b50\u3011\u99ac\u6876\u6e05\u6dbc\u98f2\u6599\uff01\u7121\u6cd5\u62db\u67b6\u7684\u5473\u9053\uff01\n\u21e2 https://goo.gl/n0nnyQ\n\u6d77\u5e95\u7e3d\u52d5\u54e12 - Finding Dory \u2606 \u591a\u8389\u5609\u5e74\u83ef\uff01\u9084\u6709\u597d\u591a\u9b5a\u53cb\u5011\uff01\n\u21e2 https://goo.gl/oAn42q\n\u6703\u5b78\u4f60\u8aaa\u8a71\u7684\u840c\u840c\u5c0f\u5009\u9f20 - \u8981\u6210\u70ba\u4e00\u4f4d\u6559\u5b97\u4e0d\u662f\u90a3\u9ebc\u7c21\u55ae\u7684\u4e8b\u60c5!!\n\u21e2 https://goo.gl/8WZaZT\n\nBGM\u4f86\u6e90\uff1ahttp://dova-s.jp/\n\u97f3\u6548\u4f86\u6e90\uff1ahttp://musicisvfr.com/free/index.html",
        "likeCount": "10893",
        "commentCount": "441",
        "viewCount": "374214"
    },
    "comments": [
        {
            "reply_id": "UgyDJGmIznXWa_Rc_o14AaABAg",
            "reply_content": "\u6211\u6c92\u5403\u904e",
            "likeCount": 1
        },
        {
            "reply_id": "Ugye0eacZlEta1OJdc14AaABAg",
            "reply_content": "\u770b\u8d77\u4f86\u597d\u597d\u5403\u7684\u6a23\u5b50",
            "likeCount": 1
        },
        {
            "reply_id": "UgzBYHsYL_oGHTGPKxh4AaABAg",
            "reply_content": "\u5f88\u53ef\u7231\u54ce",
            "likeCount": 1
        },
        {
            "reply_id": "UgxApmjSQswG3g6OnWd4AaABAg",
            "reply_content": "\u8981\u8d81\u9eb5\u7cca\u9084\u6c92\u719f\u4e4b\u524d\u653e",
            "likeCount": 1
        },
        {
            "reply_id": "UgwiMvJQTrABTmbVK1p4AaABAg",
            "reply_content": "\u9bdb\u9b5a\u71d2",
            "likeCount": 0
        },
        {
            "reply_id": "Ugya9Z74z1np-6nBr8h4AaABAg",
            "reply_content": "\u597d\u53ef\u611b",
            "likeCount": 0
        },
        {
            "reply_id": "UgxmF3U70VJm0igvl6V4AaABAg",
            "reply_content": "\u4f60\u7684\u6a19\u984c\u51fa\u8ce3\u4f60",
            "likeCount": 0
        },
        {
            "reply_id": "Ugy1vvLNdYxz9ELMwEV4AaABAg",
            "reply_content": "\u6211\u6709\u90a3\u4ef6\u8863\u670d",
            "likeCount": 0
        },
        {
            "reply_id": "Ugz151uZWjj8yrepwNx4AaABAg",
            "reply_content": "\u6211\u559c\u6b61\u7684\u662f\u7d05\u8c46",
            "likeCount": 0
        },
        {
            "reply_id": "UgyxA7iAsGqOp-1w3P14AaABAg",
            "reply_content": "\u6211\u4e00\u53e3\u5403\u4e00\u96bb\u54c8\u54c8\u54c8\u54c8",
            "likeCount": 0
        },
        {
            "reply_id": "UgzMHLrR3S_Nb9oQxmJ4AaABAg",
            "reply_content": "\u53ef\u4ee5\u62ff\u53bb\u591c\u5e02\u505a\u751f\u610f\u4e86",
            "likeCount": 0
        },
        {
            "reply_id": "UgxgeoU1OXl9JxdPZIZ4AaABAg",
            "reply_content": "\u6211\u5728\u60f3\u4e3b\u64ad\u8cb7\u9019\u9ebc\u591a\u6a5f\u5668\u8981\u653e\u54ea",
            "likeCount": 0
        },
        {
            "reply_id": "Ugzz4A0m0NkAex055414AaABAg",
            "reply_content": "\u7b49\u7b49\u6211\u600e\u9ebc\u89ba\u5f97\u7b2c\u4e8c\u500b\u9bdb\u9b5a\u71d2\u6709\u9ede\u50cf\u662f\u7d05\u8c46\u9eb5\u5305(\u6c92\u6709",
            "likeCount": 0
        },
        {
            "reply_id": "UgzyF_yTxtzVrISY-zN4AaABAg",
            "reply_content": "\u9019\u6a5f\u5668\u81fa\u5e63\u591a\u5c11\u554a",
            "likeCount": 0
        },
        {
            "reply_id": "UgxpAwFq9NYAKiF2Aul4AaABAg",
            "reply_content": "\u8b9a",
            "likeCount": 0
        },
        {
            "reply_id": "Ugx28HZoUqVLN6XIHel4AaABAg",
            "reply_content": "\u505a\u660e\u77f3\u71d2\u5566",
            "likeCount": 0
        },
        {
            "reply_id": "UgzdT0u0Re7h_S4iUHB4AaABAg",
            "reply_content": "\u6211\u559c\u6b61\u80d6\u80d6\u7684",
            "likeCount": 0
        },
        {
            "reply_id": "UgziMdR9tLeZGrv_VvJ4AaABAg",
            "reply_content": "\u60f3\u77e5\u9053\u5b89\u557e\u9019\u7a2e\u9aee\u578b\u600e\u9ebc\u5f04",
            "likeCount": 0
        },
        {
            "reply_id": "Ugxfef4fNtIr0-vbFlR4AaABAg",
            "reply_content": "\u9bdb\u9b5a\u71d2",
            "likeCount": 0
        },
        {
            "reply_id": "Ugzr6Xk8jCWjSd344O14AaABAg",
            "reply_content": "\u6211\u559c\u6b61\u5361\u58eb\u9054\u53e3\u5473",
            "likeCount": 0
        },
        {
            "reply_id": "UgxvPDitG36xGPqo-M14AaABAg",
            "reply_content": "\u53ef\u611b\u7684\u5b89\u557e",
            "likeCount": 0
        },
        {
            "reply_id": "UgwkcYereTv0b7jje0x4AaABAg",
            "reply_content": "\u9bdb\u9b5a\u71d2\u6a5f\u8ddf\u58fd\u53f8\u6bd4\u50f9\u9322\u6839\u672c\u5dee\u4e0d\u591a\u554a",
            "likeCount": 0
        },
        {
            "reply_id": "UgwD7rYm42odZs4VjFl4AaABAg",
            "reply_content": "\u6211\u559c\u6b61\u7d05\u8c46\u8abf\u9b5a\u71d2",
            "likeCount": 0
        },
        {
            "reply_id": "UgwiGWMQD1e3pDJ-5zF4AaABAg",
            "reply_content": "\u611f\u89ba\u8b8a\u6210\u9bdb\u9b5a\u71d2\u7684\u837c\u7f85\u71d2\u7248\u4f46\u5c0f\u5c0f\u7684\u53ef\u611b",
            "likeCount": 4
        },
        {
            "reply_id": "Ugz1wgCe0paUkAa9J-l4AaABAg",
            "reply_content": "\u53ef\u4ee5\u653e\u8d77\u53f8",
            "likeCount": 2
        }
    ]
}