{
    "video_info": {
        "id": "x5VywBnEDSQ",
        "channelTitle": "\u5b89\u557e\u54aa",
        "title": "\u65e5\u672c\u74b0\u7403\u5f71\u57ce x \u9593\u8adc\u5bb6\u5bb6\u9152\u5922\u5e7b\u806f\u52d5\uff01| \u5b89\u557e (\u309d\u2200\uff65) \u2661",
        "description": "\u27ab \u8a02\u95b1\u5b89\u557e\uff1ahttps://goo.gl/KmLFgD\n\u27ab \u5b89\u557eIG\uff1ahttps://www.instagram.com/anjouclever/\n\u27ab \u5b89\u557eFB\uff1ahttps://www.facebook.com/anjoupikachu/\n\ud83d\udc39 \u73a9\u5177\u958b\u7bb1\u5168\u96c6\uff1ahttps://goo.gl/91ulRJ",
        "likeCount": "4076",
        "commentCount": "18",
        "viewCount": "76426"
    },
    "comments": [
        {
            "reply_id": "UgzrFQt6_SEleiBSE3J4AaABAg",
            "reply_content": "\u597d\u5947\u9019\u500b\u806f\u540d\u662f\u5230\u5e7e\u6708\u7d50\u675f",
            "likeCount": 1
        },
        {
            "reply_id": "UgypYTU3E0zoJR9UxBB4AaABAg",
            "reply_content": "\u53ef\u611b",
            "likeCount": 0
        }
    ]
}