{
    "video_info": {
        "id": "xEFZKv_fb9o",
        "channelTitle": "\u5b89\u557e\u54aa",
        "title": "\u81ea\u52d5\u58fd\u53f8\u88fd\u4f5c\u5668\uff01\u8ff7\u4f60\u5de5\u5ee0\u505a\u51fa\u610f\u5916\u7f8e\u5473\u7684\u8ecd\u8266\u58fd\u53f8\ud83d\udc93 Feat. \u963f\u90e8\u746a\u5229\u4e9e | \u5b89\u557e (\u309d\u2200\uff65) \u2661",
        "description": "\u8ddf\u746a\u5229\u4e9e\u6851\u4e00\u8d77\u4f86\u505a\u9999\u9999\u7684\u8ff7\u4f60\u8ecd\u8266\u58fd\u53f8\n\n\u4e5f\u4f86\u548c\u963f\u90e8\u8001\u5e2b\u5b78\u7fd2\u65c5\u904a\u7684\u5be6\u7528\u65e5\u8a9e\u5427\ud83d\udc97\n\u52df\u8cc7\u671f\u9593\u4f4e\u65bc6\u6298\uff5e\u932f\u904e\u9019\u9ebc\u5212\u7b97\u7684\u5b78\u7fd2\u6a5f\u6703\u592a\u53ef\u60dc\u4e86\u5427\n\ud83d\udd17https://www.pressplay.cc/link/s/12379688\n\u8f38\u5165\u5b89\u557e\u5c08\u5c6c\u6298\u6263\u78bc\u3010ABEANJOU\u3011\n\u9084\u53ef\u4ee5\u518d\u6298$150\u5537\uff01\n\n\u27ab \u8a02\u95b1\u5b89\u557e\uff1ahttps://goo.gl/KmLFgD\n\u27ab \u5b89\u557eIG\uff1ahttps://www.instagram.com/anjouclever/\n\u27ab \u5b89\u557eFB\uff1ahttps://www.facebook.com/anjoupikachu/\n\ud83d\udc39 \u73a9\u5177\u958b\u7bb1\u5168\u96c6\uff1ahttps://goo.gl/91ulRJ",
        "likeCount": "3913",
        "commentCount": "131",
        "viewCount": "113244"
    },
    "comments": [
        {
            "reply_id": "Ugx8IY-CFR8XiTCfuD14AaABAg",
            "reply_content": "\u7a81\u7136\u597d\u60f3\u5403\u58fd\u53f8",
            "likeCount": 1
        },
        {
            "reply_id": "UgyaO0zGkERyzoZMAFN4AaABAg",
            "reply_content": "\u8d85\u53ef\u611b\u7684\u5566",
            "likeCount": 1
        },
        {
            "reply_id": "Ugx7DkoisMIz4Qfa7YN4AaABAg",
            "reply_content": "\u6709\u9ede\u7dca\u5f35\u7684\u611f\u89ba",
            "likeCount": 1
        },
        {
            "reply_id": "UgxF7gVGosErYK1C1sl4AaABAg",
            "reply_content": "\u53ef\u4ee5\u5728\u9080\u8acb\u6ef4\u59b9\u4e00\u8d77\u958b\u7bb1\u73a9\u5177",
            "likeCount": 0
        },
        {
            "reply_id": "UgxdE9aFU_N17jfbs2R4AaABAg",
            "reply_content": "\u4e24\u4e2a\u751c\u59b9\u597d\u53ef\u7231\u554a\u554a\u554a\u554a",
            "likeCount": 0
        },
        {
            "reply_id": "UgzFQPDcwEQBPMlYIdt4AaABAg",
            "reply_content": "\u653e\u6599\u4e2d\u9593\u90a3\u500b\u662f\u4e0d\u662f\u4e0d\u8981\u4e00\u76f4\u7528\u56de\u53bb\uff1f\u4e0d\u7136\u600e\u9ebc\u4e00\u76f4\u662f\u4e2d\u9593\u5728\u52a0\u6599",
            "likeCount": 0
        },
        {
            "reply_id": "UgwpUrfq30U9wHyIYKV4AaABAg",
            "reply_content": "\u5169\u500b\u4eba\u90fd\u597d\u53ef\u611b \u770b\u59b3\u5011\u5408\u4f5c\u7684\u5f71\u7247\u771f\u7684\u5f88\u958b\u5fc3",
            "likeCount": 0
        },
        {
            "reply_id": "Ugwk6vNw-Tu4EV3dxl54AaABAg",
            "reply_content": "\u5de6\u53f3\u5169\u908a\u7684\u914d\u6599\u84cb\u4e0d\u4e86\u55ce",
            "likeCount": 0
        },
        {
            "reply_id": "UgxjKcJUSVPrY7f5iAx4AaABAg",
            "reply_content": "\u592a\u7642\u7652\u4e86",
            "likeCount": 0
        },
        {
            "reply_id": "Ugy-I_CvpcRT-xhC7714AaABAg",
            "reply_content": "\u81ea\u52d5\u58fd\u53f8\u73a9\u5177\u597d\u6709\u8da3",
            "likeCount": 0
        },
        {
            "reply_id": "UgwK8JuEhbep2NgDrz54AaABAg",
            "reply_content": "\u5b89\u557e\u65e5\u8a9e\u5f88\u5f37",
            "likeCount": 0
        },
        {
            "reply_id": "UgyM9cA-xW4yAuUE3F94AaABAg",
            "reply_content": "\u6700\u611b\u5b89\u63ea",
            "likeCount": 0
        },
        {
            "reply_id": "UgyJwKyh7i1eO9fFM554AaABAg",
            "reply_content": "\u746a\u5229\u4e9e\u771f\u7684\u597d\u61c2\u65e5\u672c\u5594 \u8aaa\u5979\u5176\u5be6\u662f\u65e5\u672c\u4eba\u4e5f\u4e0d\u6703\u6c92\u4eba\u4fe1",
            "likeCount": 0
        },
        {
            "reply_id": "UgwlqDX1Y48UJF6Hiqd4AaABAg",
            "reply_content": "\u539f\u672c\u771f\u7684\u597d\u770b\u5f88\u591a",
            "likeCount": 0
        },
        {
            "reply_id": "Ugz6iN_aX7sl7s_YIBd4AaABAg",
            "reply_content": "\u6309\u8b9a\u5b89\u557e\u5206\u4eab\u5b89\u557e\u842c\u6b72\u5b89\u557e",
            "likeCount": 0
        },
        {
            "reply_id": "UgwcUKrI-DEMn5AI4Yp4AaABAg",
            "reply_content": "\u76f2\u4eba\u6735\u62c9",
            "likeCount": 0
        },
        {
            "reply_id": "UgzSlE3eVnph-phxZi14AaABAg",
            "reply_content": "\u6709\u8da3\u7684\u58fd\u53f8",
            "likeCount": 0
        },
        {
            "reply_id": "UgyLNovIDMpcaF75B614AaABAg",
            "reply_content": "\u524d\u6392",
            "likeCount": 0
        },
        {
            "reply_id": "Ugy0jZmQHWfxdY1Pbmx4AaABAg",
            "reply_content": "\u54c7\u7b2c\u4e00\u8036",
            "likeCount": 0
        }
    ]
}