{
    "video_info": {
        "id": "Xj63GWKBhWM",
        "channelTitle": "\u5b89\u557e\u54aa",
        "title": "\u770b\u6771\u4eac\u9435\u5854\ud83d\uddfc\u548c\u5ba2\u88fd\u751f\u65e5\u751c\u9ede\u76e4\u7684\u666f\u89c0\u9910\u5ef3\ud83d\udc97 | \u5b89\u557e (\u309d\u2200\uff65) \u2661",
        "description": "\u27ab \u8a02\u95b1\u5b89\u557e\uff1ahttps://goo.gl/KmLFgD\n\u27ab \u5b89\u557eIG\uff1ahttps://www.instagram.com/anjouclever/\n\u27ab \u5b89\u557eFB\uff1ahttps://www.facebook.com/anjoupikachu/\n\ud83d\udc39 \u73a9\u5177\u958b\u7bb1\u5168\u96c6\uff1ahttps://goo.gl/91ulRJ",
        "likeCount": "1495",
        "commentCount": "25",
        "viewCount": "29013"
    },
    "comments": [
        {
            "reply_id": "UgxUn5ShwraHz7j7thd4AaABAg",
            "reply_content": "\u5b89\u557e\u751f\u65e5\u5feb\u6a02",
            "likeCount": 6
        },
        {
            "reply_id": "UgwRbPOm3L3Vjo3aQHN4AaABAg",
            "reply_content": "\u751f\u65e5\u5feb\u4e50",
            "likeCount": 1
        },
        {
            "reply_id": "UgzCk0tSkM2tU13bUHp4AaABAg",
            "reply_content": "\u597d\u7f8e\u554a",
            "likeCount": 1
        },
        {
            "reply_id": "UgzC3BfvMbU8FZxVWJl4AaABAg",
            "reply_content": "\u662f\u54ea\u4e00\u9593\u5440",
            "likeCount": 0
        },
        {
            "reply_id": "UgwJ-vXkhr9c2aC1Kph4AaABAg",
            "reply_content": "\u96e3\u5f97\u5b89\u557e\u5403\u4e0d\u98fd",
            "likeCount": 0
        }
    ]
}