{
    "video_info": {
        "id": "ybwVXx6L02w",
        "channelTitle": "\u5b89\u557e\u54aa",
        "title": "\u89d2\u843d\u751f\u7269\u679c\u51cd\u80a5\u7682\u88fd\u4f5c\u6a5f\uff01\u7528QQ\u7684\u89d2\u843d\u751f\u7269\u6d17\u624b\u597d\u7642\u7652\uff01| \u5b89\u557e (\u309d\u2200\uff65) \u2661",
        "description": "\u5927\u5bb6\u8981\u8a18\u5f97\u52e4\u6d17\u624b\u55b2\uff01\n\u27ab \u8a02\u95b1\u5b89\u557e\uff1ahttps://goo.gl/KmLFgD\n\u27ab \u5b89\u557eIG\uff1ahttps://www.instagram.com/anjouclever/\n\u27ab \u5b89\u557eFB\uff1ahttps://www.facebook.com/anjoupikachu/\n\ud83d\udc39 \u73a9\u5177\u958b\u7bb1\u5168\u96c6\uff1ahttps://goo.gl/91ulRJ\n\n\u27a8\u5176\u4ed6\u5b89\u557e\u5f71\u7247\n1/2\u7e2e\u5c0f\u7248\u626d\u86cb\u6a5f \u2606 \u626d\u5230\u4ec0\u9ebc\u5c31\u5403\u4ec0\u9ebc\u7684\u523a\u6fc0\u73a9\u6cd5?!\n\u21e2 https://goo.gl/tSJlNG\n\u6dbc\u9eb5\u6c34\u6a02\u5712 - \u6d41\u6c34\u7d20\u9eb5\u5f9e\u9ad8\u4f4e\u5dee56cm\u7684\u6ed1\u6c34\u9053\u6e9c\u4e0b\u4f86\u4e86\uff01\n\u21e2 https://goo.gl/tgYRy1\n\u3010\u77e5\u80b2\u83d3\u5b50\u3011\u99ac\u6876\u6e05\u6dbc\u98f2\u6599\uff01\u7121\u6cd5\u62db\u67b6\u7684\u5473\u9053\uff01\n\u21e2 https://goo.gl/n0nnyQ\n\u6d77\u5e95\u7e3d\u52d5\u54e12 - Finding Dory \u2606 \u591a\u8389\u5609\u5e74\u83ef\uff01\u9084\u6709\u597d\u591a\u9b5a\u53cb\u5011\uff01\n\u21e2 https://goo.gl/oAn42q\n\u6703\u5b78\u4f60\u8aaa\u8a71\u7684\u840c\u840c\u5c0f\u5009\u9f20 - \u8981\u6210\u70ba\u4e00\u4f4d\u6559\u5b97\u4e0d\u662f\u90a3\u9ebc\u7c21\u55ae\u7684\u4e8b\u60c5!!\n\u21e2 https://goo.gl/8WZaZT\n\nBGM\u4f86\u6e90\uff1ahttp://dova-s.jp/\n\u97f3\u6548\u4f86\u6e90\uff1ahttp://musicisvfr.com/free/index.html",
        "likeCount": "19619",
        "commentCount": "974",
        "viewCount": "777351"
    },
    "comments": [
        {
            "reply_id": "UgziOZg0RR_xbAgmHiF4AaABAg",
            "reply_content": "\u68d2\u68d2\u68d2",
            "likeCount": 1
        },
        {
            "reply_id": "UgwUlCAjf-Rie5ChvNt4AaABAg",
            "reply_content": "\u597d\u53ef\u7231\u5440",
            "likeCount": 1
        },
        {
            "reply_id": "UgwMF-BrO-DMJcPn-NR4AaABAg",
            "reply_content": "\u597d\u53ef\u611b\u7684\u89d2\u843d\u751f\u7269",
            "likeCount": 1
        },
        {
            "reply_id": "UgyoJcop5_V949ZA7cd4AaABAg",
            "reply_content": "\u6211\u8d85\u611b\u8725\u8734\u7684",
            "likeCount": 0
        },
        {
            "reply_id": "Ugw82xUMnazqDkLMF4R4AaABAg",
            "reply_content": "\u597d\u53ef\u611b\u6211\u4e5f\u559c\u6b61\u8173\u843d\u5c0f\u706b\u8fa6",
            "likeCount": 0
        },
        {
            "reply_id": "Ugw5yvrS9KrwzzB0_JN4AaABAg",
            "reply_content": "\u6211\u4e5f\u6703\u73a9\u52d5\u7269\u4e4b\u68ee",
            "likeCount": 0
        },
        {
            "reply_id": "UgyjBDinmiUPDtzNZMJ4AaABAg",
            "reply_content": "\u597d\u53ef\u611b",
            "likeCount": 0
        },
        {
            "reply_id": "UgwabN3WApE9Bli91Jp4AaABAg",
            "reply_content": "\u84bf",
            "likeCount": 0
        },
        {
            "reply_id": "UgwfH_Ayx71H4aqAUNl4AaABAg",
            "reply_content": "\u6211\u4e5f\u597d\u60f3\u8981\u9019\u500b",
            "likeCount": 0
        },
        {
            "reply_id": "UgzRhphPeNcgwOi3Ldx4AaABAg",
            "reply_content": "\u70b8\u8c6c\u6392\u7684\u9f3b\u5b50\u6bd4\u8f03\u6241\u4f01\u9d5d\u7684\u6bd4\u8f03\u5713",
            "likeCount": 0
        },
        {
            "reply_id": "UgxbmjmPILdrLt943LR4AaABAg",
            "reply_content": "\u597d",
            "likeCount": 0
        },
        {
            "reply_id": "Ugy1tExr823GKUF9Z_54AaABAg",
            "reply_content": "\u4e0d\u904e\u6211\u89ba\u5f97\u6d17\u5e7e\u6b21\u624b\u5f62\u72c0\u5c31\u6703\u8b8a\u5f62",
            "likeCount": 0
        },
        {
            "reply_id": "Ugzw5ClwkqbdM4LTvcp4AaABAg",
            "reply_content": "\u5728\u62ff\u88e1\u8cb7\u5230\u5f97",
            "likeCount": 0
        },
        {
            "reply_id": "UgycQCJdxCqu1zA1QlN4AaABAg",
            "reply_content": "\u6211\u662f\u9999\u6e2f\u7684\u9999\u6e2f\u4e5f\u6709\u9019\u500b\u6771\u897f\u4e0d\u904e\u662f\u5403\u5f97\u7684\u556b\u55b1",
            "likeCount": 0
        },
        {
            "reply_id": "Ugwp4Bq6AvSevLbxfyJ4AaABAg",
            "reply_content": "\u5b89\u557e\u59d0\u59d0\u53ef\u4e0d\u53ef\u4ee5\u8a02\u95b1\u6211",
            "likeCount": 0
        },
        {
            "reply_id": "UgxgR805n7_pKsmhlvB4AaABAg",
            "reply_content": "\u8acb\u554f\u9019\u500b\u8981\u53bb\u54ea\u88e1\u8cb7",
            "likeCount": 0
        },
        {
            "reply_id": "UgzOUUIZ9fJ-7rEq4Md4AaABAg",
            "reply_content": "\u8bf7\u95ee\u4f60\u5728\u90a3\u91cc\u5356\u7684",
            "likeCount": 0
        },
        {
            "reply_id": "UgwlDkbAzKhLpt9eYAt4AaABAg",
            "reply_content": "\u70b8\u732a\u6392\u662f\u56e0\u4e3a\u4f60\u521a\u624d\u6ca1\u6405\u62cc\u5747\u5300\u554a",
            "likeCount": 0
        },
        {
            "reply_id": "Ugz_3GNfWkTwra9CX5p4AaABAg",
            "reply_content": "\u597d\u7642\u7652",
            "likeCount": 0
        },
        {
            "reply_id": "UgwTRGosvKgLU12FP1N4AaABAg",
            "reply_content": "\u9084\u6709\u6211\u60f3\u8981\u5168\u90e8",
            "likeCount": 0
        },
        {
            "reply_id": "Ugxw4_1OWilIO-CXsN94AaABAg",
            "reply_content": "\u5728\u54ea\u88cf\u8cb7",
            "likeCount": 0
        },
        {
            "reply_id": "UgwauPbvren5EfhmhMd4AaABAg",
            "reply_content": "\u60f3\u5403",
            "likeCount": 0
        },
        {
            "reply_id": "UgyhVMHIO5t9PIQQqft4AaABAg",
            "reply_content": "\u53bb\u54ea\u8cb7",
            "likeCount": 0
        },
        {
            "reply_id": "UgwUxUunp3sKlqZdRjZ4AaABAg",
            "reply_content": "\u90a3\u5176\u5be6\u662f\u6cb3\u7ae5",
            "likeCount": 0
        },
        {
            "reply_id": "UgwV0WkW4k4BVB6r3HV4AaABAg",
            "reply_content": "\u70ba\u4ec0\u9ebc\u8981\u5716\u90a3\u500b\u6b63\u65b9\u5f62\u7684\u6771\u897f",
            "likeCount": 0
        }
    ]
}