{
    "video_info": {
        "id": "YuSmp-1ndV4",
        "channelTitle": "\u5b89\u557e\u54aa",
        "title": "\u53ef\u611b\u624b\u9336\u88fd\u4f5c\u7d44\uff01\u7c21\u55ae\u89aa\u624b\u4f5c\u51fa\u5c6c\u65bc\u81ea\u5df1\u7684\u5922\u5e7b\u624b\u9336\uff01| \u5b89\u557e (\u309d\u2200\uff65) \u2661",
        "description": "- - - - - - - - - - - - - - - - - - - - - -\n\u27ab \u8a02\u95b1\u5b89\u557e\uff1ahttps://goo.gl/KmLFgD\n\u27ab \u5b89\u557eFacebook\uff1ahttps://www.facebook.com/anjoupikachu/\n\ud83d\udc39 \u73a9\u5177\u958b\u7bb1\u5168\u96c6\uff1ahttps://goo.gl/91ulRJ\n- - - - - - - - - - - - - - - - - - - - - -\nMixWatch\n- - - - - - - - - - - - - - - - - - - - - -\n\u27a8\u76f8\u95dc\u5f71\u7247\n\n1/2\u7e2e\u5c0f\u7248\u626d\u86cb\u6a5f \u2606 \u626d\u5230\u4ec0\u9ebc\u5c31\u5403\u4ec0\u9ebc\u7684\u523a\u6fc0\u73a9\u6cd5?!\n\u21e2 https://goo.gl/tSJlNG\n\u6dbc\u9eb5\u6c34\u6a02\u5712 - \u6d41\u6c34\u7d20\u9eb5\u5f9e\u9ad8\u4f4e\u5dee56cm\u7684\u6ed1\u6c34\u9053\u6e9c\u4e0b\u4f86\u4e86\uff01\n\u21e2 https://goo.gl/tgYRy1\n\u3010\u77e5\u80b2\u83d3\u5b50\u3011\u99ac\u6876\u6e05\u6dbc\u98f2\u6599\uff01\u7121\u6cd5\u62db\u67b6\u7684\u5473\u9053\uff01\n\u21e2 https://goo.gl/n0nnyQ\n\u6d77\u5e95\u7e3d\u52d5\u54e12 - Finding Dory \u2606 \u591a\u8389\u5609\u5e74\u83ef\uff01\u9084\u6709\u597d\u591a\u9b5a\u53cb\u5011\uff01\n\u21e2 https://goo.gl/oAn42q\n\u6703\u5b78\u4f60\u8aaa\u8a71\u7684\u840c\u840c\u5c0f\u5009\u9f20 - \u8981\u6210\u70ba\u4e00\u4f4d\u6559\u5b97\u4e0d\u662f\u90a3\u9ebc\u7c21\u55ae\u7684\u4e8b\u60c5!!\n\u21e2 https://goo.gl/8WZaZT\n- - - - - - - - - - - - - - - - - - - - - -\nBGM\u4f86\u6e90\uff1ahttp://dova-s.jp/\n\u97f3\u6548\u4f86\u6e90\uff1ahttp://musicisvfr.com/free/index.html",
        "likeCount": "9039",
        "commentCount": "418",
        "viewCount": "347227"
    },
    "comments": [
        {
            "reply_id": "UgySJFnnGsgpZ9lhNFF4AaABAg",
            "reply_content": "\u6211\u89ba\u5f97\u7c89\u7d05\u8272",
            "likeCount": 1
        },
        {
            "reply_id": "UgwVTBjDE31O2X57AfZ4AaABAg",
            "reply_content": "\u54ea\u91cc\u53ef\u4ee5\u4e70\u5230",
            "likeCount": 1
        },
        {
            "reply_id": "UgwZFfxcBbx56t62AX14AaABAg",
            "reply_content": "\u9019\u500b\u5728\u90a3\u88e1\u8cb7\u7684",
            "likeCount": 1
        },
        {
            "reply_id": "Ugw3SA-tOKeix9OoLuR4AaABAg",
            "reply_content": "\u5c11\u5973\u5fc3\u963f\u554a\u963f\u554a\u963f\u554a",
            "likeCount": 1
        },
        {
            "reply_id": "UgyKCH6KlLyh65V4LLN4AaABAg",
            "reply_content": "\u6211\u4e5f\u6709\u9019\u500b\u73a9\u5177",
            "likeCount": 0
        },
        {
            "reply_id": "UgwACjobuxBd_cprwe14AaABAg",
            "reply_content": "\u6211\u6709\u4e00\u500b\u6211\u89d2\u843d\u751f\u7269\u7684\u624b\u8868",
            "likeCount": 0
        },
        {
            "reply_id": "UgzC50vUbaz6PSwILWN4AaABAg",
            "reply_content": "\u6211\u4e5f\u60f3\u8981\u4e00\u53ea\u624b\u8868",
            "likeCount": 0
        },
        {
            "reply_id": "UgwEdgdUJu2yoyOz9t14AaABAg",
            "reply_content": "\u597d\u53ef\u611b",
            "likeCount": 0
        },
        {
            "reply_id": "UgzLmhIGEImOXIeubJN4AaABAg",
            "reply_content": "\u7f8e\u7f8e\u7684\u624b\u9336",
            "likeCount": 0
        },
        {
            "reply_id": "Ugz2TpeGXxavHAUqnGh4AaABAg",
            "reply_content": "\u5728\u90a3\u88e1\u8cb7",
            "likeCount": 0
        },
        {
            "reply_id": "UgyntZou-69MT4sCOAh4AaABAg",
            "reply_content": "\u6211\u559c\u6b61\u611b\u5fc3\u7684",
            "likeCount": 0
        },
        {
            "reply_id": "Ugy_hrBCd0jFlEa9omh4AaABAg",
            "reply_content": "\u5851\u81a0\u5783\u573e",
            "likeCount": 0
        },
        {
            "reply_id": "UgzZxqzjfPY17M5ZkfF4AaABAg",
            "reply_content": "\u6211\u4e5f\u597d\u60f3\u6234",
            "likeCount": 0
        },
        {
            "reply_id": "UgwqMok6YSLOb4EEWc54AaABAg",
            "reply_content": "\u9019\u5e7e\u5143\u554a",
            "likeCount": 0
        },
        {
            "reply_id": "UgxnPmljRz-nA2zoSG94AaABAg",
            "reply_content": "\u6211\u4e5f\u8981\u8cb7\u4e00\u652f\u9001\u6211\u5973\u53cb\u7576\u751f\u65e5\u79ae\u7269\u8acb\u554f\u50f9\u683c\u591a\u5c11",
            "likeCount": 0
        },
        {
            "reply_id": "UgyjsWR0vYQRrajdrrB4AaABAg",
            "reply_content": "\u597d\u50cf\u77e5\u9053\u90a3\u88e1\u53ef\u4ee5\u8cb7\u7684\u5230",
            "likeCount": 0
        },
        {
            "reply_id": "UgyLaYpaDKwOtF71i9N4AaABAg",
            "reply_content": "\u5462\u500b\u624b\u9336\u597d\u53ef\u611b\u554a",
            "likeCount": 0
        },
        {
            "reply_id": "Ugy9P96ZroVc15J7Mnx4AaABAg",
            "reply_content": "\u85cd\u8272\u6bd4\u8f03\u4eae\u773c",
            "likeCount": 0
        },
        {
            "reply_id": "UgyK2XNohaK6zCWtPep4AaABAg",
            "reply_content": "\u597d\u53ef\u611b",
            "likeCount": 0
        },
        {
            "reply_id": "UgwLsf5VHFAUaHQPIId4AaABAg",
            "reply_content": "\u597d\u60f3\u770b\u6b63\u5e38\u7248\u7684\u7d2b\u8272",
            "likeCount": 0
        },
        {
            "reply_id": "UgwaISYXGV75xcjZEHB4AaABAg",
            "reply_content": "\u679c\u7136\u53ef\u611b\u662f\u5b89\u557e\u7684\u4ee3\u540d\u8a5e",
            "likeCount": 0
        },
        {
            "reply_id": "UgwvF7UL37rCiqAW3nB4AaABAg",
            "reply_content": "\u5b89\u557e\u5e36\u751a\u9ebc\u90fd\u597d\u770b",
            "likeCount": 0
        },
        {
            "reply_id": "UgyB2VLj-0O9FpDBucJ4AaABAg",
            "reply_content": "\u5b89\u557e\u8981\u8b8a\u8eab\u6210\u9b54\u6cd5\u5c11\u5973\u4e86",
            "likeCount": 0
        },
        {
            "reply_id": "UgzkyCZHgJNMWuVKz-Z4AaABAg",
            "reply_content": "\u5b89\u557e\u6700\u8fd1\u7d93\u5e38\u51fa\u5f71\u7247\u6211\u6bcf\u6b21\u90fd\u9072\u5230\u4e86\uff0c\u624b\u9336\u597d\u53ef\u611b",
            "likeCount": 3
        },
        {
            "reply_id": "UgwLs09DOjOguQQC5rJ4AaABAg",
            "reply_content": "\u5b89\u557e\u771f\u7684\u597d\u53ef\u611b\u5537",
            "likeCount": 3
        }
    ]
}