{
    "video_info": {
        "id": "z6F5BoMYjRI",
        "channelTitle": "\u5b89\u557e\u54aa",
        "title": "\u6311\u6230\u5403\u548c\u83d3\u5b50\u4e00\u6574\u5929\uff01\u5c31\u50cf\u662f\u9ad8\u7d1a\u7248\u7684\u77e5\u80b2\u83d3\u5b50\uff1f| \u5b89\u557e (\u309d\u2200\uff65) \u2661",
        "description": "\u81ea\u5f9e\u770b\u4e86\u865f\u7a31\u548c\u83d3\u5b50\u98a8\u6c34\u4e16\u5bb6\u7684\u90a3\u90e8\u65e5\u5287\u4ee5\u5f8c\uff0c\u5c31\u4e00\u76f4\u5f88\u60f3\u8a66\u8a66\u770b\uff01\n\n\u597d\u597d\u4fdd\u8b77\u81ea\u5df1\u7684\u7259\u9f52\u624d\u80fd\u5403\u66f4\u591a\u751c\u98df\u55b2\uff01\n\u300a\u98db\u5229\u6d66\u97f3\u6ce2\u7259\u5237HX7533\u96d9\u5165\u7d44\u300b\nCostco\u7279\u60e0\u7d44 $5699\n11/1~11/11 \u9084\u53ef\u4ee5\u6298900=$4799\n\u52a0\u9ede\u904b\u8cbb\u4e5f\u53ef\u7dda\u4e0a\u8cb7\uff1a https://reurl.cc/AR0znK \n\n\u7d44\u5408\u5167\u5bb9:\n\u67092 \u652f\u8d85\u6548\u6f54\u6de8\u5237\u982d\u30011 \u652f\u947d\u77f3\u975a\u767d\u5237\u982d\u30012 \u500b\u65c5\u884c\u76d2\u30012 \u652f\u97f3\u6ce2\u7259\u5237\u5237\u67c4\np.s. \u947d\u77f3\u975a\u767d\u5237\u982d 7 \u5165\u7d44\u5408\u4e5f\u6709\u8d85\u503c\u512a\u60e0\u5594\uff01\n\n#\u548c\u83d3\u5b50#\u98db\u5229\u6d66Sonicare #\u98db\u5229\u6d66\u97f3\u6ce2\u7259\u5237 #Costco\u597d\u5e02\u591a\u6703\u54e1\u7279\u60e0 \n\n\u27ab \u8a02\u95b1\u5b89\u557e\uff1ahttps://goo.gl/KmLFgD\n\u27ab \u5b89\u557eIG\uff1ahttps://www.instagram.com/anjouclever/\n\u27ab \u5b89\u557eFB\uff1ahttps://www.facebook.com/anjoupikachu/\n\ud83d\udc39 \u73a9\u5177\u958b\u7bb1\u5168\u96c6\uff1ahttps://goo.gl/91ulRJ",
        "likeCount": "5677",
        "commentCount": "153",
        "viewCount": "287652"
    },
    "comments": [
        {
            "reply_id": "UgyCOiE_MSMbn8RwQkV4AaABAg",
            "reply_content": "\u53ef\u662f\u65e5\u672c\u4eba\u4f1a\u7528\u4e00\u79cd\u4fd7\u8bf4\u7259\u7b7e\u7684\u4e1c\u897f\u6765\u5403\u548c\u679c\u5b50\ud83e\udd13",
            "likeCount": 1
        },
        {
            "reply_id": "UgxMG3l1Dy3rBaBZHAd4AaABAg",
            "reply_content": "\u7cf0\u5b50",
            "likeCount": 1
        },
        {
            "reply_id": "UgybaFd8V5TkIopv4sZ4AaABAg",
            "reply_content": "\u7528\u7b5b\u7f51\u505a\u82b1\u854a\u597d\u795e\u5947\u554a\uff01\u4e4b\u524d\u4e00\u76f4\u597d\u5947\u600e\u4e48\u505a\u7684",
            "likeCount": 0
        },
        {
            "reply_id": "UgyhxqCCCdBqJDZfKht4AaABAg",
            "reply_content": "\u6211\u559c\u6b61\u6afb\u82b1\u83d3\u5b50",
            "likeCount": 0
        },
        {
            "reply_id": "UgxlxOy-D_eL3nWTtiZ4AaABAg",
            "reply_content": "\u597d\u4e45\u6c92\u6709\u770b\u904e\u5b89\u557e\u51fa\u65b0\u5f71\u7247\u5b89\u557e\u7684\u5eda\u85dd\u4e0a\u5347\u5f88\u591a",
            "likeCount": 0
        },
        {
            "reply_id": "Ugz-TR4f8Di6PuS0UMx4AaABAg",
            "reply_content": "\u8b9a",
            "likeCount": 0
        },
        {
            "reply_id": "Ugze6L38tTaDKeFYK8J4AaABAg",
            "reply_content": "\u60f3\u770b\u5b89\u557e\u8ddf\u679c\u5b50\u541b\u5408\u4f5c",
            "likeCount": 0
        },
        {
            "reply_id": "UgygzhjRqRuPJlUZXoB4AaABAg",
            "reply_content": "\u8981\u4e0d\u8981\u8003\u616e\u8ddf\u679c\u5b50\u541b \u51fa\u4e00\u7cfb\u5217\u548c\u83d3\u5b50\u5eda\u623f\u7cfb\u5217",
            "likeCount": 0
        },
        {
            "reply_id": "UgybdCm7GLROzlflUJt4AaABAg",
            "reply_content": "\u5b89\u557e\u6709\u8003\u616e\u62cd\u7a7f\u642d\u7684\u5f71\u7247\u55ce\uff1f\u4e4b\u524d\u62cd\u7684\u9084\u4e0d\u932f\u6b38",
            "likeCount": 0
        },
        {
            "reply_id": "UgyWloqgWYUhCXpY6bx4AaABAg",
            "reply_content": "\u67f4\u72ac\u9577\u5f97\u6709\u9ede\u50cf\u5c0f\u53ef\u54c8\u54c8\u54c8",
            "likeCount": 0
        },
        {
            "reply_id": "UgwQ-ZJ2lHnR5o1AfBR4AaABAg",
            "reply_content": "\u4f60\u88fd\u4f5c\u7684\u548c\u679c\u5b50\u5f88\u53ef\u611b\u53ef\u5514\u53ef\u4ee5\u8acb\u6211\u98df\u4e00\u53e3\ud83d\ude0b",
            "likeCount": 0
        },
        {
            "reply_id": "Ugy4lF8O6AK5E3Au1rR4AaABAg",
            "reply_content": "\u679c\u7136\u5b89\u557e\u7248\u672c\u5c31\u53ef\u611b\u53c8\u840c\u9023\u548c\u83d3\u5b50\u90fd\u9019\u9ebc\u53ef\u611b",
            "likeCount": 0
        },
        {
            "reply_id": "UgyuUnzDEEsjqKF6SRZ4AaABAg",
            "reply_content": "\u6700\u5f8c\u9762\u90a3\u500b\u82b1\u592a\u53b2\u5bb3\u4e86",
            "likeCount": 0
        },
        {
            "reply_id": "Ugw68MkzixaNgZRQkS94AaABAg",
            "reply_content": "\u9019\u500b\u4e0a\u5347\u83d3\u5b50\u770b\u8d77\u4f86\u6709\u9ede\u50cf\u71d2\u8ce3",
            "likeCount": 0
        },
        {
            "reply_id": "UgwntfgJwD-KeVtw1Bh4AaABAg",
            "reply_content": "\u67f4\u72ac\u5f88\u50cf\u7334\u5b50\u4f46\u4e5f\u53ef\u611b",
            "likeCount": 0
        },
        {
            "reply_id": "Ugy-GSqfClebuagliNV4AaABAg",
            "reply_content": "\u5b89\u557e\u7684\u624b\u597d\u5de7",
            "likeCount": 0
        },
        {
            "reply_id": "Ugw5R_RzG1h6MrWVJaN4AaABAg",
            "reply_content": "\u771f\u7684\u5f88\u4e45\u6c92\u66f4\u65b0 \u9084\u6709\u559c\u6b61\u9019\u985e\u578b\u7684\u6311\u6230\u5f71\u7247",
            "likeCount": 25
        },
        {
            "reply_id": "UgzBkHvQfq6YWyPQg4R4AaABAg",
            "reply_content": "\u559c\u6b22\u770b\u6311\u6218\u7684\u5f71\u7247\u597d\u4e45\u6ca1\u53d1\u5f71\u7247",
            "likeCount": 4
        },
        {
            "reply_id": "Ugxg3FthHaztTHk6Hax4AaABAg",
            "reply_content": "\u5b89\u557e\u7d42\u65bc\u51fa\u7247\u4e86\u8b9a\u4e5f\u5e0c\u671b\u5b89\u557e\u65e9\u65e5\u5eb7\u5fa9",
            "likeCount": 3
        },
        {
            "reply_id": "UgwrB_VmRWxmGuCEaDx4AaABAg",
            "reply_content": "\u90a3\u500b\u67f4\u72ac\u9577\u7684\u8d85\u50cf\u62c9\u62c9\u718a\u7684\u54c8\u54c8\u54c8",
            "likeCount": 1
        },
        {
            "reply_id": "UgznOu6RcIw5zBk6arB4AaABAg",
            "reply_content": "\u73fe\u5728\u62cd\u7684\u7247\u8d8a\u4f86\u8d8a\u5ee2",
            "likeCount": 0
        },
        {
            "reply_id": "UgwjATFV20FKBb1aRwB4AaABAg",
            "reply_content": "\u6211\u6ca1\u5403\u8fc7",
            "likeCount": 0
        },
        {
            "reply_id": "Ugwd-Dgb4KDAc3pLip94AaABAg",
            "reply_content": "\u7b2c\u4e09",
            "likeCount": 0
        }
    ]
}