{
    "video_info": {
        "id": "ZFzqcsJPx5A",
        "channelTitle": "\u5b89\u557e\u54aa",
        "title": "\u8d85\u7c21\u55ae\u73cd\u73e0\u5976\u8336\u88fd\u4f5c\u5668\uff01\u58d3\u4e00\u58d3\u73cd\u73e0\u5c31\u6703\u6389\u4e0b\u4f86\uff1f\uff01| \u5b89\u557e (\u309d\u2200\uff65) \u2661",
        "description": "\u5730\u7344\u7d1a\u7684\u98f2\u54c1QQ\n\n\u27ab \u8a02\u95b1\u5b89\u557e\uff1ahttps://goo.gl/KmLFgD\n\u27ab \u5b89\u557eIG\uff1ahttps://www.instagram.com/anjouclever/\n\u27ab \u5b89\u557eFB\uff1ahttps://www.facebook.com/anjoupikachu/\n\ud83d\udc39 \u73a9\u5177\u958b\u7bb1\u5168\u96c6\uff1ahttps://goo.gl/91ulRJ\n\n\u27a8\u5176\u4ed6\u5b89\u557e\u5f71\u7247\n1/2\u7e2e\u5c0f\u7248\u626d\u86cb\u6a5f \u2606 \u626d\u5230\u4ec0\u9ebc\u5c31\u5403\u4ec0\u9ebc\u7684\u523a\u6fc0\u73a9\u6cd5?!\n\u21e2 https://goo.gl/tSJlNG\n\u6dbc\u9eb5\u6c34\u6a02\u5712 - \u6d41\u6c34\u7d20\u9eb5\u5f9e\u9ad8\u4f4e\u5dee56cm\u7684\u6ed1\u6c34\u9053\u6e9c\u4e0b\u4f86\u4e86\uff01\n\u21e2 https://goo.gl/tgYRy1\n\u3010\u77e5\u80b2\u83d3\u5b50\u3011\u99ac\u6876\u6e05\u6dbc\u98f2\u6599\uff01\u7121\u6cd5\u62db\u67b6\u7684\u5473\u9053\uff01\n\u21e2 https://goo.gl/n0nnyQ\n\u6d77\u5e95\u7e3d\u52d5\u54e12 - Finding Dory \u2606 \u591a\u8389\u5609\u5e74\u83ef\uff01\u9084\u6709\u597d\u591a\u9b5a\u53cb\u5011\uff01\n\u21e2 https://goo.gl/oAn42q\n\u6703\u5b78\u4f60\u8aaa\u8a71\u7684\u840c\u840c\u5c0f\u5009\u9f20 - \u8981\u6210\u70ba\u4e00\u4f4d\u6559\u5b97\u4e0d\u662f\u90a3\u9ebc\u7c21\u55ae\u7684\u4e8b\u60c5!!\n\u21e2 https://goo.gl/8WZaZT\n\nBGM\u4f86\u6e90\uff1ahttp://dova-s.jp/\n\u97f3\u6548\u4f86\u6e90\uff1ahttp://musicisvfr.com/free/index.html",
        "likeCount": "20514",
        "commentCount": "796",
        "viewCount": "867819"
    },
    "comments": [
        {
            "reply_id": "Ugz1KICrt9pENtegqeF4AaABAg",
            "reply_content": "\u6c99\u767c\u4e0a\u7684\u718a\u53eb\u4ec0\u9ebc\u540d\u5b57\u554a",
            "likeCount": 1
        },
        {
            "reply_id": "UgxNmxOx0rHyfCpCFtp4AaABAg",
            "reply_content": "\u73cd\u73e0\u5976\u8336\u5236\u4f5c\u5668\u5728\u54ea\u88e1\u8cb7\u7684",
            "likeCount": 0
        },
        {
            "reply_id": "UgzZqfLEluoSxzBZQL14AaABAg",
            "reply_content": "\u53ef\u4ee5\u7528\u5bd2\u5929\u7c89\u4f86\u4ee3\u66ff",
            "likeCount": 0
        },
        {
            "reply_id": "UgxerupxXaWMvyoOqZd4AaABAg",
            "reply_content": "\u79df\u5c4b\u5c4b\u75b5\u5c4b\u68b3",
            "likeCount": 0
        },
        {
            "reply_id": "Ugy5MVH6Er8bDcakh_14AaABAg",
            "reply_content": "\u61c9\u8a72\u662f\u5148\u52a0\u5976\u8336\u518d\u52a0\u73cd\u73e0",
            "likeCount": 0
        },
        {
            "reply_id": "UgzlPZZN9Uri49uJ3JN4AaABAg",
            "reply_content": "\u7562\u7adf\u662f\u7d66\u5c0f\u670b\u53cb\u73a9\u5f97",
            "likeCount": 0
        },
        {
            "reply_id": "Ugyxx7wSt6NSTuUbFbd4AaABAg",
            "reply_content": "\u8b8a\u679c\u51cd\u5976\u8336\u4e86",
            "likeCount": 0
        },
        {
            "reply_id": "Ugyv95OgvWDEAjQ23c54AaABAg",
            "reply_content": "\u5ba2\u5ef3",
            "likeCount": 0
        },
        {
            "reply_id": "UgwHD3mJJWwG3JT0Bpx4AaABAg",
            "reply_content": "\u4eca\u665a\u7747\u6df1\u7530",
            "likeCount": 0
        },
        {
            "reply_id": "UgydpmcPnFJQPiHUvHl4AaABAg",
            "reply_content": "\u9019\u4e00\u676f\u559d\u7684\u597d\u7d2f",
            "likeCount": 0
        },
        {
            "reply_id": "UgzPSkOUoACwzSm31iR4AaABAg",
            "reply_content": "\u9019\u61c9\u8a72\u53eb\u9ed1\u7cd6\u679c\u51cd\u5976\u8336",
            "likeCount": 0
        },
        {
            "reply_id": "UgzyFwtekD46beD2kIJ4AaABAg",
            "reply_content": "\u53ef\u662f\u5b89\u557e\u597d\u53ef\u611b",
            "likeCount": 0
        },
        {
            "reply_id": "UgyXWY7yfVhNINKb0-p4AaABAg",
            "reply_content": "\u65e5\u672c\u7684\u73cd\u73e0\u662f\u849f\u84bb",
            "likeCount": 0
        },
        {
            "reply_id": "UgwazlTk506VR6E040p4AaABAg",
            "reply_content": "\u600e\u9ebd\u611f\u89ba\u5403\u8d77\u4f86\u5c31\u662f\u5bd2\u5929\u7684\u53e3\u611f\n\u4e0b\u6b21\u9084\u662f\u53bb\u5916\u9762\u8cb7\u597d\u4e86",
            "likeCount": 0
        },
        {
            "reply_id": "Ugy3x8AThYLgK8jsWXp4AaABAg",
            "reply_content": "\u5b89\u557e\u597d\u53ef\u611b",
            "likeCount": 0
        },
        {
            "reply_id": "UgxaDxUmcOSy6ApfvJ94AaABAg",
            "reply_content": "\u4f60\u592a\u70c2\u4e86",
            "likeCount": 0
        },
        {
            "reply_id": "UgzHWGWWST7oKoZT_7J4AaABAg",
            "reply_content": "\u5b89\u63ea\u7684\u8863\u670d\u8ddf\u6211\u7684\u4e00\u6a23",
            "likeCount": 0
        },
        {
            "reply_id": "UgzNsgO5cP4tAtaGDFx4AaABAg",
            "reply_content": "\u6c92\u95dc\u4fc2\u6c92\u95dc\u4fc2",
            "likeCount": 0
        },
        {
            "reply_id": "UgyR0PPKobxrlNlXSjx4AaABAg",
            "reply_content": "\u8d85\u53ef\u611b",
            "likeCount": 0
        },
        {
            "reply_id": "UgyNp39Ll4PJ1Yt8ET54AaABAg",
            "reply_content": "\u6c34\u6676\u5bf6\u5bf6",
            "likeCount": 0
        },
        {
            "reply_id": "Ugzbp8EZiHDIKE5Ix914AaABAg",
            "reply_content": "\u5b89\u557e\u4f60\u5c0f\u7684\u6642\u5019\u597d\u6f02\u4eae\u5440",
            "likeCount": 0
        },
        {
            "reply_id": "UgzKWZI34d0pd0l2Msx4AaABAg",
            "reply_content": "\u9019\u500b",
            "likeCount": 0
        },
        {
            "reply_id": "Ugy1WetnF8zxYq_-pmF4AaABAg",
            "reply_content": "\u65e5\u672c\u7684\u73cd\u73e0\u5403\u8d77\u4f86\u8ddf\u679c\u51cd\u4e00\u6a23",
            "likeCount": 0
        },
        {
            "reply_id": "UgziihAXeJj8gB0IA4Z4AaABAg",
            "reply_content": "\u5b89\u557e\u5f8c\u9762\u6c99\u767c\u4e0a\u9762\u7684\u767d\u8272\u718a\u718a\u662f\u4ec0\u9ebc \u6c42\u89e3\u7b54",
            "likeCount": 0
        },
        {
            "reply_id": "UgzdYTVAsmZ9juMj4Xl4AaABAg",
            "reply_content": "\u4f60\u89ba\u5f97\u8336\u8449\u86cb\u597d\u5403\u55ce",
            "likeCount": 0
        }
    ]
}