{
    "video_info": {
        "id": "ZK38cyacBNc",
        "channelTitle": "\u5b89\u557e\u54aa",
        "title": "\u4e00\u500b\u4eba\u7684\u95dc\u6771\u716e\u6a5f! \u5728\u5bb6\u4e5f\u80fd\u9ad4\u9a57\u5230\u5c45\u9152\u5c4b\u7684\u6c23\u6c1b!! | \u5b89\u557e (\u309d\u2200\uff65) \u2661",
        "description": "\u5929\u6c23\u51b7\u51b7\u7684\u6642\u5019\u5403\u95dc\u6771\u716e\u5e78\u305b\uff5e\n\u27ab \u8a02\u95b1\u5b89\u557e\uff1ahttps://goo.gl/KmLFgD\n\u27ab \u5b89\u557eIG\uff1ahttps://www.instagram.com/anjouclever/\n\u27ab \u5b89\u557eFB\uff1ahttps://www.facebook.com/anjoupikachu/\n\ud83d\udc39 \u73a9\u5177\u958b\u7bb1\u5168\u96c6\uff1ahttps://goo.gl/91ulRJ\n\n\u27a8\u5176\u4ed6\u5b89\u557e\u5f71\u7247\n1/2\u7e2e\u5c0f\u7248\u626d\u86cb\u6a5f \u2606 \u626d\u5230\u4ec0\u9ebc\u5c31\u5403\u4ec0\u9ebc\u7684\u523a\u6fc0\u73a9\u6cd5?!\n\u21e2 https://goo.gl/tSJlNG\n\u6dbc\u9eb5\u6c34\u6a02\u5712 - \u6d41\u6c34\u7d20\u9eb5\u5f9e\u9ad8\u4f4e\u5dee56cm\u7684\u6ed1\u6c34\u9053\u6e9c\u4e0b\u4f86\u4e86\uff01\n\u21e2 https://goo.gl/tgYRy1\n\u3010\u77e5\u80b2\u83d3\u5b50\u3011\u99ac\u6876\u6e05\u6dbc\u98f2\u6599\uff01\u7121\u6cd5\u62db\u67b6\u7684\u5473\u9053\uff01\n\u21e2 https://goo.gl/n0nnyQ\n\u6d77\u5e95\u7e3d\u52d5\u54e12 - Finding Dory \u2606 \u591a\u8389\u5609\u5e74\u83ef\uff01\u9084\u6709\u597d\u591a\u9b5a\u53cb\u5011\uff01\n\u21e2 https://goo.gl/oAn42q\n\u6703\u5b78\u4f60\u8aaa\u8a71\u7684\u840c\u840c\u5c0f\u5009\u9f20 - \u8981\u6210\u70ba\u4e00\u4f4d\u6559\u5b97\u4e0d\u662f\u90a3\u9ebc\u7c21\u55ae\u7684\u4e8b\u60c5!!\n\u21e2 https://goo.gl/8WZaZT\n\nBGM\u4f86\u6e90\uff1ahttp://dova-s.jp/\n\u97f3\u6548\u4f86\u6e90\uff1ahttp://musicisvfr.com/free/index.html",
        "likeCount": "16491",
        "commentCount": "647",
        "viewCount": "666978"
    },
    "comments": [
        {
            "reply_id": "Ugz0uvE9APXTlV9Kz5p4AaABAg",
            "reply_content": "\u8d8a\u6765\u8d8a\u6709\u4eba\u59bb\u50cf\u4e86",
            "likeCount": 3
        },
        {
            "reply_id": "UgzmEYZux85OvwepaNt4AaABAg",
            "reply_content": "\u4f60\u4e5f\u662f\u5594",
            "likeCount": 1
        },
        {
            "reply_id": "UgxkgWyrUDA_i-W0Ij14AaABAg",
            "reply_content": "\u5b89\u557e\u4f60\u7684\u6c99\u767c\u597d\u6f02\u4eae",
            "likeCount": 1
        },
        {
            "reply_id": "UgzBBZ1rrF5ReOLpRhl4AaABAg",
            "reply_content": "\u5b89\u557e\u54aa\u597d\u6eab\u67d4",
            "likeCount": 0
        },
        {
            "reply_id": "Ugx9HXSCEM2ZhzpILLt4AaABAg",
            "reply_content": "\u5b89\u557e\u73fe\u5728\u5e7e\u6b72",
            "likeCount": 0
        },
        {
            "reply_id": "UgxfxFOIkttome_rSsN4AaABAg",
            "reply_content": "\u7761\u524d\u518d\u770b\u5594\u4eba\u7684\u5594\u770b\u8a92\u5566\u53bb\u5594\u6642\u63d0\u51fa\u5f04\u4f60\u963f\u7238\u310d\u7dca\u63a5\u8457\u8cc7\u7522\u91cd\u7d44",
            "likeCount": 0
        },
        {
            "reply_id": "Ugwb7rq4_S7-OaJeGox4AaABAg",
            "reply_content": "\u54c8\u54c8\u54c8\u54c8\u4f60\u7684\u597d\u591a\u89c6\u9891\u90fd\u9700\u8981\u5f88\u5f3a\u7684\u52a8\u624b\u80fd\u529b\u548c\u8010\u5fc3\uff0c\u9700\u8981\u5927\u91cf\u65f6\u95f4\u548c\u91cd\u590d\u52a8\u4f5c\u624d\u80fd\u5b8c\u6210\uff0c\u771f\u4e0d\u5bb9\u6613\u5462\uff0c\u800c\u4e14\u641e\u7b11\u81ea\u5632\u548c\u5316\u89e3\u5c34\u5c2c\u7684\u80fd\u529b\u4e5f\u662f\u8d85\u4e00\u7ebf\u6c34\u51c6",
            "likeCount": 0
        },
        {
            "reply_id": "Ugw32dy6J4GPm_QUnRx4AaABAg",
            "reply_content": "\u597d\u60f3\u8cb7\u4e00\u500b",
            "likeCount": 0
        },
        {
            "reply_id": "Ugw2X0f3p-YxmDUaAut4AaABAg",
            "reply_content": "\u5152",
            "likeCount": 0
        },
        {
            "reply_id": "UgzZC_cIjvfWdSgPvT54AaABAg",
            "reply_content": "\u5f9e\u77e5\u80b2\u83d3\u5b50\u9032\u5316\u5230\u95dc\u6771\u716e\u4e86",
            "likeCount": 0
        },
        {
            "reply_id": "UgwMhVpfweXRCR75SPB4AaABAg",
            "reply_content": "\u4eba\u548c\u95dc\u6771\u716e\u7684\u8d85\u53cb\u8abc",
            "likeCount": 0
        },
        {
            "reply_id": "UgzUpZ7wUYtv06XLvj94AaABAg",
            "reply_content": "\u600e\u9ebc\u611f\u89ba\u5403\u5f97\u5f88\u71b1",
            "likeCount": 0
        },
        {
            "reply_id": "UgyzQWVO_72-BRGoCiF4AaABAg",
            "reply_content": "\u770b\u997f\u4e86",
            "likeCount": 0
        },
        {
            "reply_id": "Ugxrabv7dTmhMLoxgVl4AaABAg",
            "reply_content": "\u597d\u53ef\u7231",
            "likeCount": 0
        },
        {
            "reply_id": "UgwW05LJCyDfBwuLt-F4AaABAg",
            "reply_content": "\u5b89\u557e\u5099\u6750\u6599\u7528\u5fc3",
            "likeCount": 0
        },
        {
            "reply_id": "UgzHAp-3WOSDtNhALlh4AaABAg",
            "reply_content": "\u6211\u4e5f\u6709\u9019\u7a2e\u934b\u5b50",
            "likeCount": 0
        },
        {
            "reply_id": "UgzPkMaFUPltMQBgDlJ4AaABAg",
            "reply_content": "\u998b\u54ed\u4e86",
            "likeCount": 0
        },
        {
            "reply_id": "UgzrFDLO3cpj84As9f94AaABAg",
            "reply_content": "\u8981\u8acb\u59ca\u59b9\u5011\u4e00\u8d77\u5403\u5b8c",
            "likeCount": 0
        },
        {
            "reply_id": "Ugz1xrpFxcFhK1TVbB54AaABAg",
            "reply_content": "\u60f3\u770b\u5b89\u557e\u73a9\u5076\u50cf\u5b78\u5712\u6a5f\u53f0",
            "likeCount": 0
        },
        {
            "reply_id": "Ugwx4_XUOTB8dnDS3rB4AaABAg",
            "reply_content": "\u58f0\u97f3\u5f88\u5947\u602a",
            "likeCount": 0
        },
        {
            "reply_id": "UgyYclYQY7w48fV8UDZ4AaABAg",
            "reply_content": "\u5eda\u623f\u771f\u6f02\u4eae",
            "likeCount": 0
        },
        {
            "reply_id": "UgzXdhvzhyB0qeTX1oF4AaABAg",
            "reply_content": "\u5176\u5be6\u9019\u500b\u934b\u51ac\u5929\u5403\u706b\u934b\u4e5f\u4e0d\u932f\uff0c\u5c24\u5176\u9069\u5408\u4e00\u5806\u4eba\u4f86\u5bb6\u88e1\u4f5c\u5ba2\u7684\u6642\u5019",
            "likeCount": 2
        },
        {
            "reply_id": "UgypM9TylxG0je2vCRp4AaABAg",
            "reply_content": "\u5c31\u53ea\u662f\u4e2a\u8def\u8fc7\u7559\u8a00\u7684\u4eba",
            "likeCount": 0
        },
        {
            "reply_id": "UgyGlRRO6fbuv0od45V4AaABAg",
            "reply_content": "\u8c6a\u60f3\u5403",
            "likeCount": 0
        },
        {
            "reply_id": "UgwdQdwQT3JksSmcisJ4AaABAg",
            "reply_content": "\u597d\u68d2\u68d2",
            "likeCount": 0
        }
    ]
}