{
    "video_info": {
        "id": "-VB_KFLbmuQ",
        "channelTitle": "\u641e\u795e\u99ac",
        "title": "\u3010\u8d85\u9a5a\u559c\u3011\u5e73\u50f9\u51fa\u5947\u86cb\u66f4\u6709\u5275\u610f\uff1f\uff5c\u53ef\u80fd\u662f\u76dc\u7248\uff1f\uff5c\u99ac\u514b\u676f\u5f62\u7684\u7279\u5225\u7248\uff01",
        "description": "\u2764 \u6bcf\u5468\u4e09\u3001\u516d\u3001\u65e5\u90fd\u6709\u65b0\u5f71\u7247 !! \u5f9e\u4eca\u5929\u8d77\u958b\u59cb\u8a02\u95b1\u5427 !! \u2764\n\u52a0\u5165\u6703\u54e1\u2794https://www.youtube.com/channel/UCAsviiS5DE0pcuvxPRrrAzQ/join\n\u5728Facebook\u4e0a\u8ffd\u8e64\u6211\u5011 \u2794 https://www.facebook.com/ksmytstudio\n\u5728IG\u4e0a\u8ffd\u8e64\u6211\u5011 \u2794https://www.instagram.com/shenma_kingofcrap/\n\n\u2764\u5de5\u5546\u5408\u4f5c\u4fe1\u7bb1\uff1aksmytstudio@capsuleinc.cc\n\u2764\u8fa6\u6d3b\u52d5\u3001\u51fa\u5468\u908a\u3001\u806f\u540d\u5546\u54c1\u90fd\u6b61\u8fce\u627eCAPSULE\uff1a https://capsuleinc.co/\n\n\ud83c\udfac\u66f4\u591a\u5f71\u7247\ud83c\udfac\n\n\ud83c\udf54\u98df\u7269\u7cfb\u5217\ud83c\udf5f:https://goo.gl/fA7y1Z\n\ud83d\udca5\u65e5\u5e38\u7cfb\u5217\ud83d\udca5:https://goo.gl/qfbhyP\n\n\u4ee5\u4e0b\u662f\u6211\u5011\u7684\u4e3b\u983b\u9053\uff01\u6b61\u8fce\u4f86\u8a8d\u8b58\u6211\u5011\uff01\n\uff08\u9999\u6e2f\u4eba\uff09\u99ac\u7530\uff08\u5eda\u85dd\uff09\uff1ahttps://www.youtube.com/user/dimcookguide\n\uff08\u53f0\u7063\u4eba\uff09\u963f\u795e\uff08\u904a\u6232\uff09\uff1ahttps://www.youtube.com/user/charlie615119",
        "likeCount": "4372",
        "commentCount": "85",
        "viewCount": "157096"
    },
    "comments": [
        {
            "reply_id": "Ugx26z8A0yZx6tZUKmJ4AaABAg",
            "reply_content": "\u54c8 \u6211\u6ca1\u5403\u8fc7\u7b2c\u4e8c\u4e2a\u8bf6"
        },
        {
            "reply_id": "UgxkpFt6xliW4DsI-jJ4AaABAg",
            "reply_content": "\u6709\u6642\u5019\u6211\u8cb7\u9019\u500b\u6211\u62c6\u958b\u7684\u6771\u897f\u5f88\u597d"
        },
        {
            "reply_id": "Ugxw6sJVlAqLFnRPlJh4AaABAg",
            "reply_content": "\u9a6c\u6765\u897f\u4e9a\u4eba\u8868\u793a\u8c22\u8c22\u6709\u88ab\u5c34\u5c2c\u5230"
        },
        {
            "reply_id": "UgwiwWM15tLb031kGFx4AaABAg",
            "reply_content": "\u4e0d\u5f97\u4e0d\u8aaa\u90a3\u500b\u8718\u86db\u4eba\u7684\u516c\u4ed4\u505a\u7684\u633a\u7cbe\u7dfb\u7684\ud83d\ude02"
        },
        {
            "reply_id": "UgzuI9B9h8VHnbisRfp4AaABAg",
            "reply_content": "\u71b1\u725b\u5976\u53ef\u4ee5\u55ce\uff1f"
        },
        {
            "reply_id": "UgwQ4hx5tj6BEjrMevh4AaABAg",
            "reply_content": "\u9999\u6e2f\u90fd\u6709\u5bb6\u6a02\u798f \u662f\u4ee5\u524d\u6709 \u4e5c\u5622\u5730\u65b9\u90fd\u6709 \u65b0\u5143\u4e2d \u5373\u8a71\u4fc2 \u65b0\u5143\u6717\u4e2d\u5fc3"
        },
        {
            "reply_id": "UgxkJ9wU9oGUUGpJA6N4AaABAg",
            "reply_content": "\u592a\u6709\u8da3\u4e86\uff0c \u76dc\u7248\u51fa\u5947\u86cb\u958b\u7bb1!\ud83d\ude02\n\u4e0b\u6b21\u4f86\u500b\u76dc\u7248\u98f2\u6599\u958b\u7bb1\u61c9\u8a72\u6703\u4e0d\u932f\ud83d\ude01"
        },
        {
            "reply_id": "Ugxd1e2OaO_wNq5EGN14AaABAg",
            "reply_content": "\u7b2c\u4e00\u4e94\u7a2e\u86cb\u9ec3\u54e5\u96b1\u85cf\u7248\u662f\u91d1\u8272\uff08\u5403\u904e\uff09"
        },
        {
            "reply_id": "Ugzsz8iqq_LuO7IWl0t4AaABAg",
            "reply_content": "\u53f0\u7063\u5176\u5be6\u4e5f\u6709\u751f\u7522\u5de7\u514b\u529b\u5537"
        },
        {
            "reply_id": "UgyuvpeBxoo9qxC55Y54AaABAg",
            "reply_content": "\u8b1d\u8b1d\u4f60\u5011\u5148\u5e6b\u6211\u6e2c\u8a66\u4e86 \u9019\u6a23\u4e0b\u6b21\u770b\u5230\u624d\u4e0d\u6703\u8cb7\ud83d\ude02"
        },
        {
            "reply_id": "Ugz7fuZ5-Gm6C64PM194AaABAg",
            "reply_content": "\u4f1a\u4e0d\u4f1a\u662f\u8981\u7528\u70ed\u725b\u5976\ud83d\ude02"
        },
        {
            "reply_id": "UgywUYmdcdzS282wEWx4AaABAg",
            "reply_content": "\u7c73\u5947\u676f\u54ea\u88e1\u8cb7\u7684\u5230\u554a\ud83d\ude02"
        },
        {
            "reply_id": "Ugy7wtxvcG0OI2qCO9x4AaABAg",
            "reply_content": "6.16\u597d\u50cf\u662f\u53eb\u65fa\u4ed4\u4ec0\u4e48\u7684\u4e0d\u4f1a\u5440\u6211\u89c9\u5f97\u86ee\u597d\u5403\u7684\u6211\u5728\u9a6c\u6765\u897f\u4e9a\u6240\u4ee5\u6211\u77e5\u9053"
        },
        {
            "reply_id": "UgwgK0EsibMjjDS4hrp4AaABAg",
            "reply_content": "\u6b38\uff5e\u6211\u53cd\u800c\u4e0d\u559c\u6b61\u52a0\u5230\u9bae\u5976\u88e1\u4e4b\u5f8c\u8b8a\u8edf\uff0c\u7136\u5f8c\u9bae\u5976\u9084\u8b8a\u5f97\u751c\u751c\u7684\uff0c\u6703\u89ba\u5f97\u597d\u5641\u5fc3\u597d\u96e3\u4ee5\u4e0b\u56a5\uff0c\u8b8a\u6210\u9905\u4e7e\u4e5f\u5641\u5fc3\uff0c\u5976\u4e5f\u5641\u5fc3"
        },
        {
            "reply_id": "Ugwh_VE4pQ4oRD0Wq9h4AaABAg",
            "reply_content": "\u99ac\u7530\u662f\u5fa9\u8b80\u6a5f\u55ce \u7b11\u6b7b\u6211\u4e86 \u54c8\u54c8\u54c8"
        },
        {
            "reply_id": "UgwzprQFj5HCL-ls4cx4AaABAg",
            "reply_content": "\u963f\u529b\u5b78\u6821\u798f\u5229\u793e\u7684\u6ac3\u6aaf\u65c1\u908a\u6709\u311f\ud83e\udd23\ud83e\udd23\u90fd\u6c92\u4eba\u8cb7\uff0c\u90fd\u8cb7\u5065\u9054"
        },
        {
            "reply_id": "UgxvOdZSUvrwNFm2LHh4AaABAg",
            "reply_content": "\u771f\u7684\u62cd\u597d\u591a\u51fa\u5947\u86cb"
        },
        {
            "reply_id": "UgwwXFdkfv2ojYYeyeZ4AaABAg",
            "reply_content": "\u6c92\u6709\u8b8a\u6210\u5de7\u514b\u529b\u725b\u5976\uff0c\u662f\u56e0\u70ba\u4f60\u5011\u725b\u5976\u6c92\u6709\u52a0\u71b1\u554a\u02caA\u02cb\u795e\u99ac\u4f60\u5011\u771f\u7684\u5f88\u53ef\u611b"
        },
        {
            "reply_id": "Ugz_1BS65KEFi0Y1Ah94AaABAg",
            "reply_content": "\u5169\u500b\u6709\u8da3\u7684\u9748\u9b42\u78b0\u649e\u5728\u4e00\u8d77"
        },
        {
            "reply_id": "Ugxz8htcbtFK-BdWCFR4AaABAg",
            "reply_content": "\u6211\u731c\u99ac\u7530\u8aaa\u50cf\u674f\u4ec1\u9905\u662f\u6fb3\u9580\u90a3\u6b3e\ud83e\udd23"
        }
    ]
}