{
    "video_info": {
        "id": "08OnDCfh2YE",
        "channelTitle": "\u641e\u795e\u99ac",
        "title": "\u3010\u591c\u5e02\u7206\u7d05\u3011\u7aae\u5230\u5403\u77f3\u982d\uff01\u7206\u7092\u9d5d\u5375\u77f3\u662f\u6700\u4f73\u4e0b\u9152\u83dc\uff1f",
        "description": "\u2764 \u6bcf\u5468\u4e09\u3001\u516d\u3001\u65e5\u90fd\u6709\u65b0\u5f71\u7247 !! \u5f9e\u4eca\u5929\u8d77\u958b\u59cb\u8a02\u95b1\u5427 !! \u2764\n\u52a0\u5165\u6703\u54e1\u2794https://www.youtube.com/channel/UCAsviiS5DE0pcuvxPRrrAzQ/join\n\u5728Facebook\u4e0a\u8ffd\u8e64\u6211\u5011 \u2794 https://www.facebook.com/ksmytstudio\n\u5728IG\u4e0a\u8ffd\u8e64\u6211\u5011 \u2794https://www.instagram.com/shenma_kingofcrap/\n\n\u2764\u5de5\u5546\u5408\u4f5c\u4fe1\u7bb1\uff1aksmytstudio@capsuleinc.cc\n\u2764\u8fa6\u6d3b\u52d5\u3001\u51fa\u5468\u908a\u3001\u806f\u540d\u5546\u54c1\u90fd\u6b61\u8fce\u627eCAPSULE\uff1a https://capsuleinc.co/\n\n\ud83c\udfac\u66f4\u591a\u5f71\u7247\ud83c\udfac\n\n\ud83c\udf54\u98df\u7269\u7cfb\u5217\ud83c\udf5f:https://goo.gl/fA7y1Z\n\ud83d\udca5\u65e5\u5e38\u7cfb\u5217\ud83d\udca5:https://goo.gl/qfbhyP\n\n\u4ee5\u4e0b\u662f\u6211\u5011\u7684\u4e3b\u983b\u9053\uff01\u6b61\u8fce\u4f86\u8a8d\u8b58\u6211\u5011\uff01\n\uff08\u9999\u6e2f\u4eba\uff09\u99ac\u7530\uff08\u5eda\u85dd\uff09\uff1ahttps://www.youtube.com/user/dimcookguide\n\uff08\u53f0\u7063\u4eba\uff09\u963f\u795e\uff08\u904a\u6232\uff09\uff1ahttps://www.youtube.com/user/charlie615119",
        "likeCount": "11685",
        "commentCount": "424",
        "viewCount": "360545"
    },
    "comments": [
        {
            "reply_id": "Ugz0A2NAaKhZJsYhnPZ4AaABAg",
            "reply_content": "\u5176\u5be6\u5c31\u662f\u8abf\u5473\u6599\u8f09\u9ad4\uff0c\u4f8b\u5982\u751c\u4e0d\u8fa3\u5c31\u662f\u5ec9\u50f9\u8abf\u5473\u6599\u8f09\u9ad4\uff0c\u9e79\u9165\u96de\u70b8\u9b77\u9b5a\u5247\u662f\u9ad8\u7d1a\u8abf\u5473\u6599\u8f09\u9ad4\u3002"
        },
        {
            "reply_id": "UgxQ6OARuC3ATck4g6J4AaABAg",
            "reply_content": "\u4ee5\u524d\u6709\u4eba\u7528\u9e45\u5375\u77f3\u6cbe\u8001\u9648\u918b\u4e0b\u9152\u5403"
        },
        {
            "reply_id": "Ugw-0Q3x1KwISzeNIyd4AaABAg",
            "reply_content": "\u81ea\u5df1\u8cb7\u56de\u5bb6\u91cd\u8907\u5229\u7528\u55ce\ud83d\ude02"
        },
        {
            "reply_id": "Ugy0SGnaHpSZVfZNNSt4AaABAg",
            "reply_content": "\u6240\u4ee5\u53ea\u662f\u5403\u91ac\u6599\u5440?"
        },
        {
            "reply_id": "Ugw0AFagN6AuwTNp6gd4AaABAg",
            "reply_content": "\u963f\u795e\u5403\u7b2c\u4e00\u53e3\u8aaa\u597d\u71d9\u7136\u5f8c\u8d95\u5feb\u628a\u76c6\u5b50\u62ff\u7d66\u99ac\u7530\u7684\u6642\u5019\u597d\u6eab\u99a8\ud83d\ude02\u2764"
        },
        {
            "reply_id": "Ugyh4ShIQRnP6oSyc754AaABAg",
            "reply_content": "\u6211\u662f\u6c92\u5403\u904e\u5566\uff0c\u4f46\u6211\u5f88\u8a0e\u53ad\u90a3\u4e9b\u5403\u4e86\u5c31\u4e82\u4e1f\u7684\u884c\u70ba\uff0c\u53ef\u4ee5\u597d\u597d\u628a\u5eda\u9918\u4e1f\u5eda\u9918\u6876\u55ce\uff0c\u5403\u5b8c\u4e1f\u5730\u4e0a\u6574\u689d\u8857\u90fd\u662f\u5403\u5269\u7684\u5eda\u9918\ud83d\ude21"
        },
        {
            "reply_id": "Ugwyjw9IzpiC2-ZdG_94AaABAg",
            "reply_content": "\u9d5d\u5375\u77f3\u53ef\u4ee5\u51b0\u6dc7\u6dcb\u55ce"
        },
        {
            "reply_id": "UgxV4HDLTPcODGxVGIx4AaABAg",
            "reply_content": "\u667a\u5546\u7a05\u9d5d\u5375\u77f3"
        },
        {
            "reply_id": "UgxD5ZeZ8hqn19tAOfp4AaABAg",
            "reply_content": "\u91ab\u751f\u8868\u793a\uff1a\u6700\u8fd1\u5e6b\u75c5\u4eba\u7167x\u5149\u767c\u73fe\u5f88\u591a\u75c5\u4eba\u809a\u5b50\u6709\u77f3\u982d\uff0c\u8868\u793a\u9a5a\u8a1d\u3002"
        },
        {
            "reply_id": "Ugz7M_Uko2Pp2vlH9Kd4AaABAg",
            "reply_content": "\u90a3\u883b\u76f8\u4fe1\u7684\u4e86  \u800c\u4e14\u5c45\u7136\u597d\u5403\ud83d\ude02"
        },
        {
            "reply_id": "Ugz7-UxXf8GUJhY82-94AaABAg",
            "reply_content": "\u5de6\u6487\u5b50\u5831\u5230"
        },
        {
            "reply_id": "Ugzw3H_H3LMKj4IGCQx4AaABAg",
            "reply_content": "\u77f3\u982d\u6d17\u4e00\u6d17\u53c8\u53ef\u4ee5\u5728\u7092\u4e00\u6b21 \n\u9eb5\u7c89\u6709\u8001\u9eb5\u7cf0 \u77f3\u982d\u4e5f\u6709\u8001\u77f3\u982d \u6108\u7092\u6108\u5920\u5473\n\u5c0f\u8072\u7684\u8aaa \u6211\u5922\u5230\u7684"
        },
        {
            "reply_id": "UgzOQn0X8uNlWUFhKCZ4AaABAg",
            "reply_content": "\u7092\u51fa\u77f3\u6cb9\u7b11\u5230\u809a\u75db"
        },
        {
            "reply_id": "UgxjCERdRZc5g-LDjzB4AaABAg",
            "reply_content": "\u662f\u6709\u5728\u770b\u98db\u54e5\u975e\u6d32\u4eba\u7684\u5f71\u7247\u55ce\uff1f"
        },
        {
            "reply_id": "UgwIOIa7UkO39a7hAxV4AaABAg",
            "reply_content": "\u6709\u9ede\u7121\u8a00"
        },
        {
            "reply_id": "Ugw6nvyXgeT8rj56cvN4AaABAg",
            "reply_content": "\u5176\u5be6\u5c31\u662f\u5403\u91ac\u6599\u800c\u5df2 \u628a\u77f3\u982d\u63db\u6210\u4efb\u4f55\u98df\u6750\u4e5f\u4e00\u6a23 \u53ea\u5dee\u6c92\u6709\u4e5d\u5c64\u5854\u548c\u9152\ud83e\udd23"
        },
        {
            "reply_id": "UgwFZ4CBW1VmYK0gUUl4AaABAg",
            "reply_content": "\u77f3\u982d\u52a0\u71b1\u5176\u5be6\u883b\u5371\u96aa\u7684\uff0c\u5b8c\u5168\u4e0d\u77e5\u9053\u751a\u9ebc\u6642\u5019\u6703\u7206"
        },
        {
            "reply_id": "UgzkPHoA2N3Thg7Boll4AaABAg",
            "reply_content": "\u9019\u6a23\u7092\u77f3\u982d\u6703\u6709\u91cd\u91d1\u5c6c\u7684\u7591\u616e\u5594\u203c\ufe0f\u203c\ufe0f\n\u5efa\u8b70\u4e0a\u7db2\u67e5\u4e00\u4e0b\uff0c\u4e0d\u5efa\u8b70\u98df\u7528"
        },
        {
            "reply_id": "UgzLk-S6q9Hby7gMTjh4AaABAg",
            "reply_content": "\u7206\u7092\u9d5d\u5375\u77f3\u96d6\u7136\u770b\u8d77\u4f86\u5f88\u7a00\u5947\u4e26\u6703\u8b93\u4eba\u60f3\u5617\u8a66\uff0c\u4f46\u6bd2\u7269\u5c08\u5bb6\u62db\u540d\u5a01\u8aaa\uff1a\u300c\u9ad8\u6eab\u7684\u70f9\u716e\u72c0\u6cc1\u4e4b\u4e0b\u8b93\u9019\u4e9b\u91cd\u91d1\u5c6c\u91cb\u653e\u51fa\u4f86\uff0c\u5982\u679c\u9577\u671f\u904e\u91cf\u651d\u53d6\u9019\u6a23\u5b50\u7684\u9d5d\u5375\u77f3\uff0c\u5b83\u5373\u4f7f\u53ea\u662f\u5728\u53e3\u8154\u88e1\u9762\u4e26\u6c92\u6709\u541e\u56a5\u4e0b\u53bb\uff0c\u4f46\u4ecd\u7136\u6709\u53ef\u80fd\u9593\u63a5\u651d\u53d6\u904e\u91cf\u7684\u91cd\u91d1\u5c6c\u3002\u300d"
        },
        {
            "reply_id": "UgywCrhlhpX1W_1qgy94AaABAg",
            "reply_content": "\u6d17\u4e00\u6d17\u518d\u62ff\u4f86\u7092 \u958b\u5e97\u7a69\u8cfa"
        }
    ]
}