{
    "video_info": {
        "id": "0xsGN9tEBaM",
        "channelTitle": "\u641e\u795e\u99ac",
        "title": "\u3010\u795e\u7684\u53e3\u5473\u3011DIY\u9ebb\u8fa3\u9d28\u8840\u5373\u98df\u5305\uff01\ud83c\udf36\ufe0f\u9a5a\u4eba\u7684\u5fae\u8fa3\u53e3\u5473\ud83c\udf36\ufe0f",
        "description": "\u771f\u5fc3\u8aa0\u610f\u63a8\u85a6KAMIKAMI\u7279\u88fd\u9ebb\u8fa3\u91ac\u2764\ufe0f\nhttps://kamikami.co/collections/all\n\u50cf\u662f\u6c99\u8336\u91ac\u7684\u7528\u6cd5\uff0c\u53ef\u4ee5\u52a0\u5165\u706b\u934b\u6e6f\u5e95\uff0c\u4e5f\u53ef\u4ee5\u642d\u914d\u91ac\u6cb9\u7b49\u8abf\u5473\u6599\u62cc\u9eb5\u62cc\u98ef\u3002\u8a18\u5f97\u8981\u652a\u62cc\u5747\u52fb\u5594\uff01\n\n\u2764 \u6bcf\u5468\u4e09\u3001\u516d\u3001\u65e5\u90fd\u6709\u65b0\u5f71\u7247 !! \u5f9e\u4eca\u5929\u8d77\u958b\u59cb\u8a02\u95b1\u5427 !! \u2764\n\u52a0\u5165\u6703\u54e1\u2794https://www.youtube.com/channel/UCAsviiS5DE0pcuvxPRrrAzQ/join\n\u5728Facebook\u4e0a\u8ffd\u8e64\u6211\u5011 \u2794 https://www.facebook.com/ksmytstudio\n\u5728IG\u4e0a\u8ffd\u8e64\u6211\u5011 \u2794https://www.instagram.com/shenma_kingofcrap/\n\n\u2764\u5de5\u5546\u5408\u4f5c\u4fe1\u7bb1\uff1aksmytstudio@capsuleinc.cc\n\u2764\u8fa6\u6d3b\u52d5\u3001\u51fa\u5468\u908a\u3001\u806f\u540d\u5546\u54c1\u90fd\u6b61\u8fce\u627eCAPSULE\uff1a https://capsuleinc.co/\n\n\ud83c\udfac\u66f4\u591a\u5f71\u7247\ud83c\udfac\n\n\ud83c\udf54\u98df\u7269\u7cfb\u5217\ud83c\udf5f:https://goo.gl/fA7y1Z\n\ud83d\udca5\u65e5\u5e38\u7cfb\u5217\ud83d\udca5:https://goo.gl/qfbhyP\n\n\u4ee5\u4e0b\u662f\u6211\u5011\u7684\u4e3b\u983b\u9053\uff01\u6b61\u8fce\u4f86\u8a8d\u8b58\u6211\u5011\uff01\n\uff08\u9999\u6e2f\u4eba\uff09\u99ac\u7530\uff08\u5eda\u85dd\uff09\uff1ahttps://www.youtube.com/user/dimcookguide\n\uff08\u53f0\u7063\u4eba\uff09\u963f\u795e\uff08\u904a\u6232\uff09\uff1ahttps://www.youtube.com/user/charlie615119",
        "likeCount": "5173",
        "commentCount": "117",
        "viewCount": "162269"
    },
    "comments": [
        {
            "reply_id": "Ugw3zdJlXOn18j5PNrl4AaABAg",
            "reply_content": "\u5403\u8a18\u8a18\u8a18\u4f60\u592a\u7f8e"
        },
        {
            "reply_id": "UgwInBrT5emnmB-HlbV4AaABAg",
            "reply_content": "\u8981\u4e0d\u662f\u6211\u559c\u6b61\u8fa3\u4e0d\u559c\u6b61\u9ebb\uff0c\u4e0d\u7136\u4e5f\u6703\u60f3\u8cb7\u4e00\u74f6\u4f86\u8a66\u8a66"
        },
        {
            "reply_id": "Ugx4BkbZbOPyftrHHpR4AaABAg",
            "reply_content": "\u9d28\u8840\u5207\u6cd5\u6700\u597d\u662f\u6574\u584a\u62ff\u51fa\u4f86\u7528\u5241\u7684\u5537"
        },
        {
            "reply_id": "Ugyn3uEJxZ8qAoBsUT54AaABAg",
            "reply_content": "\u4e0b\u96c6\u706b\u934b\u7bc7\ud83d\ude02"
        },
        {
            "reply_id": "UgxA2oAPfnV5DQyCJY54AaABAg",
            "reply_content": "\u9a6c\u6765\u897f\u4e9a\u6709\u7684\u4e70\u5417\ud83d\ude2e\u60f3\u5403"
        },
        {
            "reply_id": "UgwqpmT1oBqJ-iSYGsx4AaABAg",
            "reply_content": "\u51ac\u7c89\u662f\u4e0d\u662f\u8981\u5148\u6ce1\u6c34\u6bd4\u8f03\u597d\u5440\ud83d\ude2e"
        },
        {
            "reply_id": "Ugxu2tpXzrVJhrs57qN4AaABAg",
            "reply_content": "\u9999\u6e2f\u8cb7\u7684\u9023\u7d50\u5728\u54ea\uff1f"
        },
        {
            "reply_id": "UgwVVdk3F63rOg2GiXx4AaABAg",
            "reply_content": "\u51ac\u7c89\u6c92\u5148\u6ce1\u6c34\uff1f"
        },
        {
            "reply_id": "UgxgBcYPA57ia_xeuod4AaABAg",
            "reply_content": "KAMI\u91ac\u771f\u7684\u8d85\u597d\u5403\u22ef\u22ef\n\u539f\u672c\u662f\u770b\u963f\u795e\u7684\u9762\u5b50\u4e0a\u652f\u6301\u4e00\u7f50\n\u7d50\u679c\u52a0\u5728\u6c34\u9903\u6ef7\u5473\u4e7e\u9eb5\u88e1\u9762\u90fd\u592a\u597d\u5403\n\u6bcf\u5929\u90fd\u50cf\u5728\u5403\u9ebb\u8fa3\u934b\u8d85\u723dXD"
        },
        {
            "reply_id": "Ugx2y95f4EUHcDZnxa14AaABAg",
            "reply_content": "\u90a3\u500b\u6e6f\u770b\u8d77\u4f86\u5f88\u597d\u559d\u7684\u6a23\u5b50\ud83c\udf72"
        },
        {
            "reply_id": "Ugwqm7AvZr36__ol_mR4AaABAg",
            "reply_content": "\u770b\u5b8c\u99ac\u4e0a\u53bb\u8cb7\u9ebb\u8fa3\u91ac\u4e86\uff01\u597d\u671f\u5f85\uff5e\uff5e"
        },
        {
            "reply_id": "UgwkfWuJXndjFcQyNFN4AaABAg",
            "reply_content": "\u6211\u807d\u5230\u4ec0\u9ebc\u8a18\u7684\u6642\u5019\u6211\u4e00\u76f4\u60f3\u5230\u54c8\u8a18:)"
        },
        {
            "reply_id": "Ugydwtper0KI_Jjlza94AaABAg",
            "reply_content": "\u9d28\u8840\u4e0d\u80fd\u7528\u5927\u706b\u716e\uff01 \u9019\u6a23\u88e1\u9762\u7684\u6c34\u5206\u6703\u8dd1\u5149..\u9d28\u8840\u5c31\u6703\u584c\u584c\u7684\uff01 \u8981\u7528\u4e2d\u504f\u5c0f\u706b\u6162\u716e\uff01\u716e\u5165\u5473\u5f8c\u8981\u7184\u706b\u8b93\u9d28\u8840\u628a\u6e6f\u6c41\u5438\u9032\u53bb\u2026"
        },
        {
            "reply_id": "UgyAPPpbQ433-3DbGdB4AaABAg",
            "reply_content": "\u6211\u5403\u4e0d\u5230\u8fa3\u7684\u6771\u897f\u22ef\u22ef"
        },
        {
            "reply_id": "UgxHUt6tzb-FypIv8-54AaABAg",
            "reply_content": "\u7b49\u7b49!\u90a3\u51ac\u7c89\u662f\u4e0d\u662f\u6c92\u6ce1\u6c34\u5c31\u4e1f\u4e0b\u53bb\u716e\u4e86?\u716e\u51ac\u7c89\u8981\u5148\u6ce1\u6c34\u5566!\u4e0d\u7136\u600e\u9ebc\u716e\u5403\u8d77\u4f86\u90fd\u6703\u786c\u786c\u7684......"
        },
        {
            "reply_id": "Ugzl0gSFt-eaHLz0oSN4AaABAg",
            "reply_content": "\u8fd9\u4e1a\u914d\u963f\u795e\u6709\u6ca1\u6709\u7ed9\u94b1\u9a6c\u7530\uff1f"
        },
        {
            "reply_id": "UgxTV8CWNzVxB5bcCsN4AaABAg",
            "reply_content": "\u8acb\u554f\u6709\u5be6\u9ad4\u9580\u5e02\u53ef\u4ee5\u8cb7\u5230\u9ebb\u8fa3\u91ac\u55ce"
        },
        {
            "reply_id": "UgzhJzPY_Mja7iU67QB4AaABAg",
            "reply_content": "\u7522\u54c1\u540d\u7a31\u4e00\u63a8\u51fa\u5373\u9810\u544a\u5931\u6557\u55ce?XDDD\n\u9019\u500b\u540d\u5b57\u4e0d\u884c\u5566\u54c8\u54c8\u54c8\u54c8"
        },
        {
            "reply_id": "UgxFQGjEg-jZw-fNlIp4AaABAg",
            "reply_content": "\u716e\u6e6f\u6c41>\u716e\u6efe>\u4e0b\u9d28\u8840>\u8f49\u5c0f\u706b>\u6e6f\u6efe\u99ac\u4e0a\u95dc\u706b\u3002\u4e0d\u7136\u6703\u6709\u6d1e\u6d1e\uff0c\u53e3\u611f\u5c31\u6703\u4e0d\u597d"
        },
        {
            "reply_id": "UgztHv5f0lieZ8KrRFJ4AaABAg",
            "reply_content": "\u53ef\u4ee5\u5bc4\u53bb\u82f1\u570b\uff1f\u904b\u8cbb\u5e7e\u591a\uff1f"
        }
    ]
}