{
    "video_info": {
        "id": "28zGEIc2AQI",
        "channelTitle": "\u641e\u795e\u99ac",
        "title": "\u3010\u4e0d\u80fd\u7b11\u3011\u5fcd\u7b11\u6311\u6230\u7d93\u5178\u91cd\u73fe\uff01\u6700\u53f0\u5473\u7684\u7206\u7b11\u5408\u96c6\uff5c\u61f2\u7f70\u662f\u4e2d\u85e5\u5496\u5561\uff1f",
        "description": "\u2764 \u6bcf\u5468\u4e09\u3001\u516d\u3001\u65e5\u90fd\u6709\u65b0\u5f71\u7247 !! \u5f9e\u4eca\u5929\u8d77\u958b\u59cb\u8a02\u95b1\u5427 !! \u2764\n\u52a0\u5165\u6703\u54e1\u2794https://www.youtube.com/channel/UCAsviiS5DE0pcuvxPRrrAzQ/join\n\u5728Facebook\u4e0a\u8ffd\u8e64\u6211\u5011 \u2794 https://www.facebook.com/ksmytstudio\n\u5728IG\u4e0a\u8ffd\u8e64\u6211\u5011 \u2794https://www.instagram.com/shenma_kingofcrap/\n\n\u2764\u5de5\u5546\u5408\u4f5c\u4fe1\u7bb1\uff1aksmytstudio@capsuleinc.cc\n\u2764\u8fa6\u6d3b\u52d5\u3001\u51fa\u5468\u908a\u3001\u806f\u540d\u5546\u54c1\u90fd\u6b61\u8fce\u627eCAPSULE\uff1a https://capsuleinc.co/\n\n\ud83c\udfac\u66f4\u591a\u5f71\u7247\ud83c\udfac\n\n\ud83c\udf54\u98df\u7269\u7cfb\u5217\ud83c\udf5f:https://goo.gl/fA7y1Z\n\ud83d\udca5\u65e5\u5e38\u7cfb\u5217\ud83d\udca5:https://goo.gl/qfbhyP\n\n\u4ee5\u4e0b\u662f\u6211\u5011\u7684\u4e3b\u983b\u9053\uff01\u6b61\u8fce\u4f86\u8a8d\u8b58\u6211\u5011\uff01\n\uff08\u9999\u6e2f\u4eba\uff09\u99ac\u7530\uff08\u5eda\u85dd\uff09\uff1ahttps://www.youtube.com/user/dimcookguide\n\uff08\u53f0\u7063\u4eba\uff09\u963f\u795e\uff08\u904a\u6232\uff09\uff1ahttps://www.youtube.com/user/charlie615119",
        "likeCount": "11788",
        "commentCount": "293",
        "viewCount": "407855"
    },
    "comments": [
        {
            "reply_id": "UgxoZtVSFDfdHBd3j9F4AaABAg",
            "reply_content": "\u8d85\u7d1a\u597d\u591a\uff0c\u6211\u89ba\u5f97\u6700\u597d\u7b11\u7684\u662f\u8981\u4e0d\u8981\u5403\u54c8\u871c\u74dc\ud83d\ude02\ud83d\ude02"
        },
        {
            "reply_id": "UgyeWMHdY_HFJbIyc3x4AaABAg",
            "reply_content": "\u90a3\u500b\u4e0d\u662f\u62cd\u7684 \u90a3\u662f\u5225\u4eba\u5728\u65c1\u908a\u62cd\u7684"
        },
        {
            "reply_id": "UgzH9obldOTysb5AigZ4AaABAg",
            "reply_content": "\u5982\u679c\u9072\u534a\u5e74\u767c\u61c9\u8a72\u80fd\u770b\u5230\u6d77\u516c\u725b\uff08\u770b\u5e7e\u6b21\u7b11\u5e7e\u6b21\ud83d\ude02\uff09"
        },
        {
            "reply_id": "UgzxwXvtjG2VpNWcwJ14AaABAg",
            "reply_content": "\u90a3\u500b\u6e9c\u6ed1\u68af\u9e1a\u9d61\u662f\u6211\u5a46\u5a46\u7684\u670b\u53cb"
        },
        {
            "reply_id": "Ugx0g_aKkxyrFVoZhQV4AaABAg",
            "reply_content": "\u6e9d\u80cc\u6e9d\u80cc\u6709\u4e00\u500b\u4eba\u7259\u9f52\u65b7\u6389\u9084\u6709\u4e00\u500b\u96c6\u9310\u9310"
        },
        {
            "reply_id": "UgwOifP4TuYXdfkQuop4AaABAg",
            "reply_content": "\u6211\u500b\u5c0f\u5b69\u5b50\u90fd\u53ef\u4ee5\u5531\u6211\u5176\u5f85"
        },
        {
            "reply_id": "UgymL0Tmzw6LHlbPH4Z4AaABAg",
            "reply_content": "\u78da"
        },
        {
            "reply_id": "UgydKGzI9zQVuN4h00B4AaABAg",
            "reply_content": "\u56db\u5e74\u524d"
        },
        {
            "reply_id": "UgzkkXsGuTr2fUm9j0V4AaABAg",
            "reply_content": "\u5973\u8a18\u8005\u53eb\u505a \u9ec3\u59ff\u929c\uff0c\u81c9\u66f8\u61c9\u8a72\u6709"
        },
        {
            "reply_id": "UgwW3AnXFos6KIY-Okd4AaABAg",
            "reply_content": "XD\u96d6\u7136\u662f\u4e94\u500b\u6708\u7684\u4f46\u9084\u662f\u5f88\u4e86\u597d\u7b11"
        },
        {
            "reply_id": "UgzAImpsqCw7drUTsep4AaABAg",
            "reply_content": "\u7a81\u7136\u60f3\u5230 \u53f0\u7063\u4e3b\u64ad\u53e3\u8aa4\u90fd\u883b\u597d\u7b11\u7684 \u53ea\u662f\u4e0d\u80fd\u4fdd\u8b49\u99ac\u7530\u53d4\u53d4\u6bcf\u6b21\u90fd\u80fd\u61c2\u6897\ud83e\udd23"
        },
        {
            "reply_id": "Ugx9r4-pS4CmTOGvegl4AaABAg",
            "reply_content": "\u4e0a\u5df4\u963f\u516c"
        },
        {
            "reply_id": "Ugy6OdX8P5nYGgc8q314AaABAg",
            "reply_content": "\u738b\u5efa\u51f1\u662f\u6211\u7684\u9ad4\u80b2\u8001\u5e2b"
        },
        {
            "reply_id": "UgxgbPQKRcWjaIt8to94AaABAg",
            "reply_content": "\u9019\u96c6\u6700\u597d\u7b11\u7684\u90fd\u662f\u99ac\u7530\u53d4\u53d4\u7684\u53cd\u61c9\ud83d\ude06"
        },
        {
            "reply_id": "UgxDHwzrndK5CS5ybkN4AaABAg",
            "reply_content": "\u5674\u706b\u9f8d\u624d\u7d93\u5178\u554a\n\u54c7\u6b38\u5674\u706b\u9f8d\u54a7\uff01"
        },
        {
            "reply_id": "UgwoIUruP-yojVrKsj54AaABAg",
            "reply_content": "\u4f60\u4eec\u8bf4\u96ea\u78a7\u8ddf\u725b\u5976\u548c\u8d77\u6765\u53eb\u4ec0\u4e48\uff1f"
        },
        {
            "reply_id": "Ugyg_k5zoVmt1H6wocJ4AaABAg",
            "reply_content": "\u8c46\u82b1\u597d\u50cf\u662f\u5efa\u5bf6"
        },
        {
            "reply_id": "Ugz0KrlV_-5N-7unuyB4AaABAg",
            "reply_content": "\u7a7f\u5c71\u7532\u7684\u5f71\u7247\u597d\u50cf\u662f\u5efa\u4fdd\u62cd\u7684"
        },
        {
            "reply_id": "UgzJe4wUorUmDu2qasl4AaABAg",
            "reply_content": "\u8c46\u82b1\u597d\u50cf\u662f\u5065\u4fdd"
        },
        {
            "reply_id": "UgwgIqmv1OoGQA6OZmd4AaABAg",
            "reply_content": "\u56db\u500b\u4eba\u7684\u90a3\u500b\u88ab\u6253\u7684\u4eba\uff0c\u9577\u7684\u6709\u9ede\u50cf\u516d\u6307\u6df5"
        }
    ]
}