{
    "video_info": {
        "id": "2aFRGB59j-k",
        "channelTitle": "\u641e\u795e\u99ac",
        "title": "\u3010\u958b\u7bb1\u8a66\u5403\u3011\u53e6\u985e\u8c6a\u83ef\u706b\u934b\u6e6f\u5e95\uff01\u718a\u718a\u725b\u5976\u934b\u3001\u97d3\u5f0f\u90e8\u968a\u934b\u3001\u6cf0\u5f0f\u7da0\u5496\u54e9\u90fd\u6709\uff01",
        "description": "\u6b61\u8fce\u63a8\u85a6\u795e\u99ac\u5e6b\u5927\u5bb6\u8a66\u6bd2 !!\n\n\u2764 \u6bcf\u5468\u4e09\u3001\u516d\u3001\u65e5\u90fd\u6709\u65b0\u5f71\u7247 !! \u5f9e\u4eca\u5929\u8d77\u958b\u59cb\u8a02\u95b1\u5427 !! \u2764\n\u52a0\u5165\u6703\u54e1\u2794https://www.youtube.com/channel/UCAsviiS5DE0pcuvxPRrrAzQ/join\n\u5728Facebook\u4e0a\u8ffd\u8e64\u6211\u5011 \u2794 https://www.facebook.com/ksmytstudio\n\u5728IG\u4e0a\u8ffd\u8e64\u6211\u5011 \u2794https://www.instagram.com/shenma_kingofcrap/\n\n\u2764\u5de5\u5546\u5408\u4f5c\u4fe1\u7bb1\uff1aksmytstudio@capsuleinc.cc\n\u2764\u60f3\u6210\u70ba\u4e0b\u4e00\u500b\u9802\u5c16 YouTube \u5275\u4f5c\u8005\u55ce\uff1f\u53ea\u8981\u60a8\u6709 YouTube \u983b\u9053\uff0c\u3010CAPSULE Academy\u3011 \u6b61\u8fce\u60a8\u7684\u52a0\u5165\u2764\n\u2192 http://bit.ly/2RtgPUv\n\n\ud83c\udfac\u66f4\u591a\u5f71\u7247\ud83c\udfac\n\n\ud83c\udf54\u98df\u7269\u7cfb\u5217\ud83c\udf5f:https://goo.gl/fA7y1Z\n\ud83d\udca5\u65e5\u5e38\u7cfb\u5217\ud83d\udca5:https://goo.gl/qfbhyP\n\n\u4ee5\u4e0b\u662f\u6211\u5011\u7684\u4e3b\u983b\u9053\uff01\u6b61\u8fce\u4f86\u8a8d\u8b58\u6211\u5011\uff01\n\uff08\u9999\u6e2f\u4eba\uff09\u99ac\u7530\uff08\u5eda\u85dd\uff09\uff1ahttps://www.youtube.com/user/dimcookguide\n\uff08\u53f0\u7063\u4eba\uff09\u963f\u795e\uff08\u904a\u6232\uff09\uff1ahttps://www.youtube.com/user/charlie615119",
        "likeCount": "7982",
        "commentCount": "166",
        "viewCount": "287100"
    },
    "comments": [
        {
            "reply_id": "UgxjkF4-PRk4F1saAR94AaABAg",
            "reply_content": "\u805a\u662f\u500b\u4eba\u934b\uff0c\u914d\u6599\u662f\u56fa\u5b9a\u7684\uff0c\u4e0d\u80fd\u7121\u9650\u62ff\u54e6\uff01"
        },
        {
            "reply_id": "UgzpJ1OXn1wYnwXwf9R4AaABAg",
            "reply_content": "\u725b\u53ef\u4ee5\u4e0d\u7528\u716e\u5230\u5168\u719f\u662f\u56e0\u70ba\u725b\u7684\u5bc4\u751f\u87f2\u4e0d\u6703\u628a\u4eba\u9ad4\u4f5c\u70ba\u6700\u7d42\u5bbf\u4e3b\uff08\u5c31\u662f\u6703\u8ddf\u8457\u5927\u8178\u6392\u51fa\u4f86\uff0c\u4f46\u8c6c\u7684\u6703\u628a\u4eba\u9ad4\u4f5c\u70ba\u6700\u7d42\u5bbf\u4e3b"
        },
        {
            "reply_id": "UgxN_sukZ95MZbJ3CMR4AaABAg",
            "reply_content": "\u725b\u762a\u706b\u9505\u6dae\u9cb1\u9c7c\u7f50\u5934\uff1f"
        },
        {
            "reply_id": "Ugx4fUsVXQtH5QzW5SV4AaABAg",
            "reply_content": "\u611f\u89ba\u99ac\u3112\u53d4\u53d4\u5728\u55c6\u963f\u795e\u6642\u8aaa\u8a71\u90fd\u7279\u5225\u6e05\u695a"
        },
        {
            "reply_id": "Ugw5UPO_AOQYndKoFdx4AaABAg",
            "reply_content": "\u5148\u5403\u5b8c\u7389\u7c73\u5728\u62ff\u7897\u88dd\u6e6f\u653e\u7389\u7c73\u9032\u53bb\u62ff\u8d77\u4f86\u5438\u6e6f\u6c41\ud83e\udd23"
        },
        {
            "reply_id": "UgwLg4FZ2bScHaxysmx4AaABAg",
            "reply_content": "\u79d1\u666e\u88dc\u5145\n\u5fc3\u7d72\u87f2\u662f\u8c93\u8ddf\u72d7\u7d93\u5e38\u5bb9\u6613\u51fa\u73fe\u7684\u5bc4\u751f\u87f2\uff0c\u6703\u5bc4\u751f\u5728\u5fc3\u81df\uff0c\u5f71\u97ff\u5176\u529f\u80fd\uff0c\u5167\u670d\u9a45\u87f2\u85e5\u5176\u4e2d\u4e00\u7a2e\u9a45\u7684\uff0c\u5c31\u662f\u9019\u7a2e\n\u86d4\u87f2\uff0c\u7d5b\u87f2\u4e4b\u985e\u7684\u624d\u662f\u751f\u8c6c\u8089\u7d93\u5e38\u51fa\u73fe\u7684\uff0c\u6703\u5bc4\u751f\u5728\u8178\u4e26\u5438\u6536\u4eba\u6d88\u5316\u5f8c\u7684\u71df\u990a\uff0c\u4e5f\u6709\u53ef\u80fd\u8d70\u5230\u8eab\u9ad4\u5176\u4ed6\u4f4d\u7f6e\uff0c\u5305\u62ec\u8166\uff0c\u56b4\u91cd\u6703\u81f4\u547d"
        },
        {
            "reply_id": "Ugw9hUn_-CmdvAUh3Fh4AaABAg",
            "reply_content": "\u6211\u4eec\u8fd9\u91cc\u5730\u533a\u9752\u5496\u55b1\u86ee\u51fa\u540d\u3002"
        },
        {
            "reply_id": "UgyOaBdXc2AXSJzogsB4AaABAg",
            "reply_content": "\u90e8\u961f\u9505\u5b9e\u9645\u4e0a\u662f\u5f53\u65f6\u97e9\u56fd\u90e8\u961f\u628a\u7f8e\u519b\u5403\u5269\u4e0b\u7684\u4e1c\u897f\u62ff\u6765\u52a0\u4e0a\u6ce1\u83dc\u716e\u4e00\u716e\u505a\u51fa\u6765\u7684\uff0c\u5473\u9053\u5c31\u662f\u6ce1\u83dc\u7684\u5473\u9053"
        },
        {
            "reply_id": "UgyOhZGpo11qGyOItYh4AaABAg",
            "reply_content": "\u963f\u795e\u8bf4\u5f97\u5bf9\uff0c\u81ea\u5df1\u9891\u9053\u4e5f\u6709\u8bf4"
        },
        {
            "reply_id": "Ugz9-ETo8bvB27kRYnV4AaABAg",
            "reply_content": "\u9084\u6709\u4e00\u7a2e\u87f2\u87f2\u53eb\u505a\u6709\u9264\u7d5b\u87f2 \u6703\u5bc4\u751f\u5728\u8c6c\u8089\u88e1\u9762 \u6240\u4ee5\u8981\u716e\u719f\uff5e\u4e0d\u904e\u725b\u8089\u88e1\u9762\u4e5f\u6709\u4e00\u7a2e\u87f2\u53eb\u505a\u7121\u9264\u7d5b\u87f2 \u4f46\u90a3\u500b\u6bd4\u8f03\u6c92\u5f71\u97ff \u6240\u4ee5\u725b\u8089\u53ef\u4ee5\u4e0d\u7528\u716e\u5230\u5168\u719f"
        },
        {
            "reply_id": "UgwbEkZq4AJfUbrramN4AaABAg",
            "reply_content": "\u99ac\u7530\u4eca\u96c6\u597d\u6709\u6897\u54e6\ud83d\ude02"
        },
        {
            "reply_id": "UgyRNENM-oRixuyYdBF4AaABAg",
            "reply_content": "\u672c\u4f86\u4ee5\u70ba\u958b\u7bb1\u718a\u718a\u706b\u934b\u597d\u5473\u5c0f\u59d0\u5df2\u7d93\u662f\u6700\u5f8c\u4e00\u500b\u4e86\uff0c\u6c92\u60f3\u5230\u641e\u795e\u99ac\u53c8\u5275\u9020\u4e86\u65b0\u7d00\u9304"
        },
        {
            "reply_id": "UgwLBqt_ltPmoO4EYlJ4AaABAg",
            "reply_content": "\u5b8c\u4e86\uff0c\u6211\u4e0a\u6b21\u4e0d\u5c0f\u5fc3\u5403\u5230\u6c92\u716e\u719f\u7684\u8c6c\u8089"
        },
        {
            "reply_id": "UgydP1adVZ-vOudj0DV4AaABAg",
            "reply_content": "\u6211\u5011\u4e5f\u662f\u8cb7\u6e6f\u5e95\u81ea\u5df1\u716e"
        },
        {
            "reply_id": "UgzNwyebV7ImzPp-yat4AaABAg",
            "reply_content": "\u6211\u5011\u5bb6\u4e5f\u8d85\u7d1a\u611b\u5403\u706b\u934b"
        },
        {
            "reply_id": "Ugw0a7uWlVXQoy0pNv54AaABAg",
            "reply_content": "\u65b0\u5e74\u5feb\u4e50\uff01\u65b0\u5e74\u5feb\u4e50\uff01"
        },
        {
            "reply_id": "UgwrAf3uGOuZCWAqrzt4AaABAg",
            "reply_content": "\u6cf0\u570b\u7684\u7da0\u5496\u54e9\u672c\u4f86\u5c31\u662f\u91cd\u53e3\u5473\u7684\u5466\ud83e\udd24\ud83e\udd24"
        },
        {
            "reply_id": "UgzbAZCh3W3ssmKDltd4AaABAg",
            "reply_content": "\u718a\u718a\u53ef\u4ee5\u51b0\u6dc7\u6dcb\u55ce\uff1f"
        },
        {
            "reply_id": "Ugx8rWDW_arCs32jIA54AaABAg",
            "reply_content": "\u9ebb\u8fa3\u934b\u4f86\u4e00\u4efd\u7d66\u795e\u99ac\u5169\u540d\u5927\u5c07"
        },
        {
            "reply_id": "UgzHRt1GdZL71WE45UF4AaABAg",
            "reply_content": "\u8c6c\u8089\u88e1\u9762\u662f\u6015\u8c6c\u8089\u7d5b\u87f2\u8ddf\u65cb\u6bdb\u87f2\u3002\u7121\u8ad6\u5403\u5230\u54ea\u7a2e\u90fd\u8d85\u7d1a\u6bcd\u6e6f\u3002"
        }
    ]
}