{
    "video_info": {
        "id": "2w5joVZlxrI",
        "channelTitle": "\u641e\u795e\u99ac",
        "title": "\u3010\u6230\u9b25\u73a9\u5177\u3011\u5bf6\u53ef\u5922\u9032\u5316\u5c2a\u4ed4\u6a19\uff5c\u8d85\u5927\u76d2\u5834\u5730\u7adf\u7136\u662f\u7d19\u76ae",
        "description": "\u2764 \u6bcf\u5468\u4e09\u3001\u516d\u3001\u65e5\u90fd\u6709\u65b0\u5f71\u7247 !! \u5f9e\u4eca\u5929\u8d77\u958b\u59cb\u8a02\u95b1\u5427 !! \u2764\n\u52a0\u5165\u6703\u54e1\u2794https://www.youtube.com/channel/UCAsviiS5DE0pcuvxPRrrAzQ/join\n\u5728Facebook\u4e0a\u8ffd\u8e64\u6211\u5011 \u2794 https://www.facebook.com/ksmytstudio\n\u5728IG\u4e0a\u8ffd\u8e64\u6211\u5011 \u2794https://www.instagram.com/shenma_kingofcrap/\n\n\u2764\u5de5\u5546\u5408\u4f5c\u4fe1\u7bb1\uff1aksmytstudio@capsuleinc.cc\n\u2764\u8fa6\u6d3b\u52d5\u3001\u51fa\u5468\u908a\u3001\u806f\u540d\u5546\u54c1\u90fd\u6b61\u8fce\u627eCAPSULE\uff1a https://capsuleinc.co/\n\n\ud83c\udfac\u66f4\u591a\u5f71\u7247\ud83c\udfac\n\n\ud83c\udf54\u98df\u7269\u7cfb\u5217\ud83c\udf5f:https://goo.gl/fA7y1Z\n\ud83d\udca5\u65e5\u5e38\u7cfb\u5217\ud83d\udca5:https://goo.gl/qfbhyP\n\n\u4ee5\u4e0b\u662f\u6211\u5011\u7684\u4e3b\u983b\u9053\uff01\u6b61\u8fce\u4f86\u8a8d\u8b58\u6211\u5011\uff01\n\uff08\u9999\u6e2f\u4eba\uff09\u99ac\u7530\uff08\u5eda\u85dd\uff09\uff1ahttps://www.youtube.com/user/dimcookguide\n\uff08\u53f0\u7063\u4eba\uff09\u963f\u795e\uff08\u904a\u6232\uff09\uff1ahttps://www.youtube.com/user/charlie615119",
        "likeCount": "3721",
        "commentCount": "52",
        "viewCount": "128265"
    },
    "comments": [
        {
            "reply_id": "Ugyyr59QhtVTU-bI6CZ4AaABAg",
            "reply_content": "\u958b\u5834\u8b8a\u5c0f\u8072\u4e86\u6b38"
        },
        {
            "reply_id": "UgxrxBortL5DIW1EAO14AaABAg",
            "reply_content": "\u5356\u98df\u7269\u7684\ud83d\ude02"
        },
        {
            "reply_id": "UgwIPpQjj9JdIdXpTIN4AaABAg",
            "reply_content": "\u6211\u5011\u5bb6\u6709\u5bc6\u52d2\u9813\u7684"
        },
        {
            "reply_id": "Ugy6NRbxvUJbc-jVITV4AaABAg",
            "reply_content": "\u6211\u5f88\u50cf\u542c\u5230\u8bf4\u8981\u6bd4\u8d5b\u7ec4\u94a2\u5f39\u662f\u5427 \u611f\u89c9\u53ef\u4ee5\u641e\u54e6\ud83d\ude0f"
        },
        {
            "reply_id": "Ugy844LBvEQ8SdBFw914AaABAg",
            "reply_content": "\u54c7"
        },
        {
            "reply_id": "UgyJ_EojazhIKUIlzmx4AaABAg",
            "reply_content": "\u53e6\u5916\u5169\u96bb\u662f\u55ae\u8ce3\u7684"
        },
        {
            "reply_id": "UgwvGD0iSFuneeYqswR4AaABAg",
            "reply_content": "\u6211\u5df2\u7ecf\u641e\u4e0d\u6e05\u8fd9\u671f\u7684\u91cd\u70b9\u662f\u4ec0\u4e48\u4e86\uff0c\u56e0\u4e3a\u6211\u7684\u6ce8\u610f\u529b\u51e0\u4e4e\u90fd\u5728\u963f\u795e\u4f60\u7684\u8863\u670d\u4e0a\u9762\ud83d\ude02"
        },
        {
            "reply_id": "UgzHgHVRUn0giOfkDBV4AaABAg",
            "reply_content": "\u5f88\u597d\u73a9"
        },
        {
            "reply_id": "UgwM88-J29jZdWRTZFx4AaABAg",
            "reply_content": "\u4e4b\u524d\u5dee\u9ede\u8981\u8cb7\uff0c\u4f46\u90fd\u662f\u65e5\u6587\u53c8\u4e0d\u4fbf\u5b9c\u2026\u525b\u597d\u4f60\u5011\u5c31\u958b\u7bb1\u4e86\uff01\ud83d\ude02"
        },
        {
            "reply_id": "UgzDzMtctab31-jO1Kd4AaABAg",
            "reply_content": "\u597d\u8cb4\u597d\u5751"
        },
        {
            "reply_id": "Ugxilt8zniQikihwseJ4AaABAg",
            "reply_content": "\u4e0d\u88ab\u5751\u5c31\u4e0d\u662f\u641e\u795e\u99ac\u4e86\ud83d\ude02\ud83d\udc9b"
        },
        {
            "reply_id": "UgwL3vtvaS4BDXe8pYR4AaABAg",
            "reply_content": ""
        },
        {
            "reply_id": "UgyQ42w-7e-9aQ3wjV14AaABAg",
            "reply_content": "\u5c4c \u70ba\u4ec0\u9ebc\u5674\u706b\u9f8d\u8001\u8f38\u7d66\u6bd4\u5361\u4e18"
        },
        {
            "reply_id": "UgwKNOblYRFHxYJupMR4AaABAg",
            "reply_content": "\u4e00\u5343\u591a\u584a\u9084\u662f\u8cb7\u904a\u6232\u723d"
        },
        {
            "reply_id": "Ugy4r18QXw8RkPtzaVR4AaABAg",
            "reply_content": "\u8001\u95c6\u8868\u793a\uff1a\u53c8\u8cfa\u4e86\u4e00\u6ce2"
        },
        {
            "reply_id": "Ugz9RektiKXaYTJqjid4AaABAg",
            "reply_content": "\u5f6d\u6070\u6070\u674e\u3f08\u5f69\u83ef\u59d0\u6709\u5920\u597d\u7b11w"
        },
        {
            "reply_id": "UgwyYp1hLiS1wBvVLG14AaABAg",
            "reply_content": "\u73a9\u5177\u672c\u8eabcp\u503c\u6975\u4f4e\uff0c\u4f46\u795e\u99ac\u628a\u5b83\u73a9\u5f97\u53d6\u6085\u89c0\u773e\u503c\u6975\u9ad8"
        },
        {
            "reply_id": "UgzdBqbb5NH00m76nq94AaABAg",
            "reply_content": "\u5341\u842c\u4f0f\u7279\u547d\u4e2d\u7387\u6bd4\u8f03\u9ad8\ud83d\ude02"
        },
        {
            "reply_id": "Ugzuj7coL-nzDC_NRCp4AaABAg",
            "reply_content": "\u8036 \u6211\u662f\u7b2c\u4e00\u500b"
        }
    ]
}