{
    "video_info": {
        "id": "3GHn2ilGWhg",
        "channelTitle": "\u641e\u795e\u99ac",
        "title": "\u6700\u72c2\u7684\u96fb\u7af6\u512a\u60e0\u5c31\u5728Intel Gamer Days !! \u8eab\u70ba\u54c1\u724c\u4ee3\u8a00\u4eba\u963f\u795e\u7576\u7136\u8981\u4f86\u9ad4\u9a57\u2764\ufe0f\u8d85\u591a\u512a\u60e0\u5728\u4e09\u5275\uff0c\u7b2c\u4e00\u6b21\u62cd\u5927\u982d\u8cbc\u5c31\u5728\u9019\u4e86 XD #Intel #IntelGamerDays",
        "description": "",
        "likeCount": "2194",
        "commentCount": "22",
        "viewCount": "47477"
    },
    "comments": [
        {
            "reply_id": "UgzcTVRGAUytozoQWPp4AaABAg",
            "reply_content": "\u5e25\u6c23\u963f\u795e"
        },
        {
            "reply_id": "Ugz_FzMuwbsQn6QdJpx4AaABAg",
            "reply_content": "\u8aaa\u592a\u5feb\uff0c\u4e0d\u77e5\u9053\u8aaa\u4ec0\u9ebc\ud83d\ude02"
        },
        {
            "reply_id": "UgzGLPTMffzvo7HP61l4AaABAg",
            "reply_content": "\u963f\u795e\u597d\u5e25\u53c8\u597d\u53ef\u611b"
        },
        {
            "reply_id": "UgxT-WCP3Fiqyqc41Ip4AaABAg",
            "reply_content": "\u9806\u4fbf\u9801\u914d\u8863\u670d\u55ce\uff1f"
        },
        {
            "reply_id": "UgwQCk_xeEo9EPk4vCN4AaABAg",
            "reply_content": "\u8aaa\u5be6\u8a71\u8b1b\u592a\u5feb\u5b8c\u5168\u6c92\u807d\u61c2"
        },
        {
            "reply_id": "Ugzso9UUK8Dqgi9nZ6F4AaABAg",
            "reply_content": "\u611f\u89ba\u963f\u795e\u4ee3\u8a00\u5f8c\u5c31\u7acb\u99ac\u88ab\u6436\u5149\u4e86"
        },
        {
            "reply_id": "UgwLWaWPNBs4_x5PnVB4AaABAg",
            "reply_content": "\u6211\u8fd8\u4ee5\u4e3a\u5f00\u4e86\u500d\u901f"
        },
        {
            "reply_id": "UgwkVkSHyii5FzZILQh4AaABAg",
            "reply_content": "\u597d\u9ad8\u7ea7\u54e6!"
        },
        {
            "reply_id": "Ugyhz3gkwuOvUlyIoPd4AaABAg",
            "reply_content": "\u963f\u795e\u8b1b\u8a71\u8b1b\u597d\u5feb\ud83d\ude02"
        },
        {
            "reply_id": "Ugx136U_APBlWdjQGNN4AaABAg",
            "reply_content": "\u771f\u7684\u6c92\u770b\u904e\u9019\u9ebc\u5e25\u6c23\u7684\u54c1\u724c\u4ee3\u8a00\u4eba\ud83d\ude0d"
        },
        {
            "reply_id": "UgwCuJqxJoGlZsjm-aV4AaABAg",
            "reply_content": "\u963f\u795e\u8981\u4e0d \u628a\u6e05\u6f54\u9375\u76e4\u4e5f\u62cd\u4e00\u96c6"
        },
        {
            "reply_id": "UgyXWatXqN8maf9bL4F4AaABAg",
            "reply_content": "\u70ba\u4ec0\u9ebc\u6211\u770b\u5230\u9019\u5f71\u7247\u8166\u888b\u99ac\u4e0a\u6d6e\u73fe\u963f\u795e\u4e4b\u524d\u62cd\u7684\u5ee3\u544a\u6b4c\u66f2XD"
        }
    ]
}