{
    "video_info": {
        "id": "6bBr87UD32w",
        "channelTitle": "\u641e\u795e\u99ac",
        "title": "\u3010\u8d85\u64ec\u771f\u3011\u795e\u99ac\u7532\u87f2\u738b\u8005\u8cfd\uff5c\u4e0d\u7528\u96fb\u6c60\uff01\u7532\u87f2\u683c\u9b25\u6a5f\u68b0\u4eba\uff01",
        "description": "\u3010\u8ca9\u552e\u671f\u9593\uff1a2023/8/23-9/30\u3011\n\u641e\u795e\u99ac\u591a\u5143\u5b87\u5b99\u70e4\u8089\u5957\u7d44\uff1ahttps://lihi2.com/c5h84\n\u9999\u6e2f\u7684\u5b87\u5b99\u9019\u908a\u8d70\uff1ahttps://www.meatnpot.com/\n\n\ud83d\udd25\u53f0\u7063\u5957\u7d44\u7684\u51fa\u8ca8\u898f\u5247\ud83d\udd25\n- 9/21\u524d\u4e0b\u55ae\u4ed8\u6b3e\u5b8c\u6210\uff0c\u53ef\u5728\u4e2d\u79cb\u524d\u6536\u5230\n- 9/21\u5f8c\u4e0b\u55ae\u4ed8\u6b3e\u5b8c\u6210\u6703\u4f9d\u5e8f\u8a02\u55ae\u5b89\u6392\u51fa\u8ca8\uff0c\u4e2d\u79cb\u570b\u5b9a\u5047\u65e5\u53ca\u5047\u65e5\u9806\u5ef6\u81f3\u4e0a\u73ed\u65e5\u51fa\u8ca8\n\n\n\u2764 \u6bcf\u5468\u4e09\u3001\u516d\u3001\u65e5\u90fd\u6709\u65b0\u5f71\u7247 !! \u5f9e\u4eca\u5929\u8d77\u958b\u59cb\u8a02\u95b1\u5427 !! \u2764\n\u52a0\u5165\u6703\u54e1\u2794https://www.youtube.com/channel/UCAsviiS5DE0pcuvxPRrrAzQ/join\n\u5728Facebook\u4e0a\u8ffd\u8e64\u6211\u5011 \u2794 https://www.facebook.com/ksmytstudio\n\u5728IG\u4e0a\u8ffd\u8e64\u6211\u5011 \u2794https://www.instagram.com/shenma_kingofcrap/\n\n\u2764\u5de5\u5546\u5408\u4f5c\u4fe1\u7bb1\uff1aksmytstudio@capsuleinc.cc\n\u2764\u8fa6\u6d3b\u52d5\u3001\u51fa\u5468\u908a\u3001\u806f\u540d\u5546\u54c1\u90fd\u6b61\u8fce\u627eCAPSULE\uff1a https://capsuleinc.co/\n\n\ud83c\udfac\u66f4\u591a\u5f71\u7247\ud83c\udfac\n\n\ud83c\udf54\u98df\u7269\u7cfb\u5217\ud83c\udf5f:https://goo.gl/fA7y1Z\n\ud83d\udca5\u65e5\u5e38\u7cfb\u5217\ud83d\udca5:https://goo.gl/qfbhyP\n\n\u4ee5\u4e0b\u662f\u6211\u5011\u7684\u4e3b\u983b\u9053\uff01\u6b61\u8fce\u4f86\u8a8d\u8b58\u6211\u5011\uff01\n\uff08\u9999\u6e2f\u4eba\uff09\u99ac\u7530\uff08\u5eda\u85dd\uff09\uff1ahttps://www.youtube.com/user/dimcookguide\n\uff08\u53f0\u7063\u4eba\uff09\u963f\u795e\uff08\u904a\u6232\uff09\uff1ahttps://www.youtube.com/user/charlie615119",
        "likeCount": "5178",
        "commentCount": "115",
        "viewCount": "152150"
    },
    "comments": [
        {
            "reply_id": "UgwfQmOfQ4EYomcI3yp4AaABAg",
            "reply_content": "\u9019\u96c6\u597d\u6709\u8da3\u526a\u8f2f\u5e2b\u7684\u5410\u69fd\u548c\u5be6\u6cc1\u8f49\u64ad\u6230\u6cc1\u529f\u4e0d\u53ef\u6c92"
        },
        {
            "reply_id": "UgxqNA_lKt4E-475XJV4AaABAg",
            "reply_content": "\u54ea\u88e1\u8cb7"
        },
        {
            "reply_id": "Ugw57Q7ce9nh_LW55RR4AaABAg",
            "reply_content": "\u7537\u4eba\u7684\u5feb\u6a02\u5c31\u9019\u9ebc\u7c21\u55ae"
        },
        {
            "reply_id": "UgxZCQeIkn_E6FYQBoB4AaABAg",
            "reply_content": "\u5982\u679c\u963f\u795e\u73a9\u6c38\u4e45\u505c\u66f4\u641e\u795e\u99ac\u4e5f\u6703\u505c\u66f4\u55ce\uff1f"
        },
        {
            "reply_id": "UgxjRWysch2yF-OwEk54AaABAg",
            "reply_content": "\u4ec0\u9ebc\u6642\u5019\u8b8a\u4e86\u73a9\u5177\u958b\u7bb1\u983b\u9053\uff1f\ud83e\udd23\ud83e\udd23"
        },
        {
            "reply_id": "Ugy5ZQckIE4nWRLF29x4AaABAg",
            "reply_content": "\u96b1\u5bc6"
        },
        {
            "reply_id": "UgxlCydqOG9JoxaIN2x4AaABAg",
            "reply_content": "\u5176\u5be6\u61c9\u8a72\u8981\u653e\u6230\u9b25\u9640\u87ba\u7684\u5834\u5730 \u4ee5\u524d\u4e5f\u6709\u9019\u6b3e\u73a9\u5177 \u4ed6\u662f\u53e4\u4ee3\u751f\u7269 \u9577\u6bdb\u8c61 \u528d\u9f8d\u7b49\u7b49\u6211\u90fd\u653e\u5927\u5834\u5730\u73a9"
        },
        {
            "reply_id": "UgxHuRKb_y3GrHKAKSN4AaABAg",
            "reply_content": "\u597d\u61f7\u5ff5 \u73fe\u5728\u7532\u87f2\u738b\u8005\u7684\u6a5f\u53f0\u5012\u4e86\ud83d\ude22"
        },
        {
            "reply_id": "Ugz3a9OV5QTqCoWjo6N4AaABAg",
            "reply_content": "\u5c0f\u6642\u5019\u5f88\u559c\u6b61\u9019\u7a2e\u73a9\u5177\u8eca\uff0c\u60f3\u4e0d\u5230\u9084\u80fd\u505a\u51fa\u9019\u7a2e\u8b8a\u5316\u8b8a\u6210\u5c0d\u6230\u9084\u883b\u6709\u8da3\u7684\ud83d\ude02"
        },
        {
            "reply_id": "Ugy69lbi_6q4ZsR7tXV4AaABAg",
            "reply_content": "\u70e4\u8089\u5957\u9910\u80fd\u9001\u53bb\u9a6c\u6765\u897f\u4e9a\u5417"
        },
        {
            "reply_id": "Ugxh2am_aDp_HXKxu5Z4AaABAg",
            "reply_content": "\u5c0f\u5b69\u5b50\u6eda5\u6b21\u548c\u5927\u4eba\u6eda5\u6b21\u4e0d\u4e00\u6837\ud83e\udd23"
        },
        {
            "reply_id": "UgwNrvfkZafvKLcq57l4AaABAg",
            "reply_content": "\u9999\u6e2f\u99ac\u7530"
        },
        {
            "reply_id": "UgxzajbJAh1R_FAqWyt4AaABAg",
            "reply_content": "\u4ee5\u524d\u597d\u50cf\u6709\u985e\u4f3c\u7684\u73a9\u5177"
        },
        {
            "reply_id": "UgxYbpuzPJKxlbys_414AaABAg",
            "reply_content": "\u963f\u795e\u662f\u6211\u7684\u7238\u7238"
        },
        {
            "reply_id": "UgxCE6X7mXVcEs8DeF14AaABAg",
            "reply_content": "\u597d\u61f7\u5ff5~\u7532\u87f2\u6a5f\u53f0\u8d85\u597d\u73a9\ud83d\ude02\u3002\u904a\u6232\u7684\u4e09\u89d2\u7532\u87f2\u8d85\u5f37\uff0c\u50b7\u5bb3\u9ad8\uff0c\u8840\u53c8\u591a\u3002\u6bcf\u96bb\u7532\u87f2\u9084\u6709\u4e0d\u540c\u7684\u7279\u6280\u3002\u5c0f\u6642\u5019\u5e38\u53bb\u5bb6\u6a02\u798f\u73a9\uff0c\u5f8c\u9762\u6a5f\u53f0\u6c92\u4e86\ud83e\udd72\uff0c\u5361\u7247\u4e5f\u6c92\u7528\u4e86"
        },
        {
            "reply_id": "Ugz3ynYPccDNEcH_uoF4AaABAg",
            "reply_content": "\u6211\u8bb0\u5f97\u6211\u5c0f\u65f6\u5019\u597d\u50cf\u6709\u770b\u8fc7\u8fd9\u79cd\u7c7b\u4f3c\u7684\u52a8\u6f2b\u597d\u50cf\u662f\u8fd9\u4e24\u4e2a\u5e74\u8f7b\u4eba\u73a9\u8fd9\u4e2a\u6218\u6597\u8f66\u597d\u50cf\u4e5f\u662f\u6709\u7532\u866b\u7684\u6837\u5b50\u3002\u3002"
        },
        {
            "reply_id": "UgxQePlq-tYz4cEEjKl4AaABAg",
            "reply_content": "\u6709\u554a"
        },
        {
            "reply_id": "UgyO2mSHQg64mVyhGVV4AaABAg",
            "reply_content": "\u70ba\u4ec0\u9ebc\u6703\u9019\u9ebc\u6709\u8da3\u5566\ud83e\udd23"
        },
        {
            "reply_id": "UgwVbEMSZiQySbJp-Ix4AaABAg",
            "reply_content": "\u641e\u5230\u6211\u90fd\u60f3\u8cb7\u500b\ud83e\udd29"
        },
        {
            "reply_id": "UgwGJ71UxmRu4NawaeB4AaABAg",
            "reply_content": "\u9019\u96c6\u597d\u6b61\u6a02\u597d\u559c\u6b61"
        }
    ]
}