{
    "video_info": {
        "id": "6N12Ow9__BE",
        "channelTitle": "\u641e\u795e\u99ac",
        "title": "\u3010\u611a\u4eba\u7bc0\u4f01\u5283\u3011\u722d\u9bae\u4fbf\u7576\u798f\u888bvs\u666e\u901a\u4fbf\u7576\ud83c\udf71\uff5c\u662f\u611a\u4eba\u9a19\u5c40\uff1f\u9084\u662f\u9a5a\u559c\u7f8e\u98df\uff1f",
        "description": "\u2764 \u6bcf\u5468\u4e09\u3001\u516d\u3001\u65e5\u90fd\u6709\u65b0\u5f71\u7247 !! \u5f9e\u4eca\u5929\u8d77\u958b\u59cb\u8a02\u95b1\u5427 !! \u2764\n\u52a0\u5165\u6703\u54e1\u2794https://www.youtube.com/channel/UCAsviiS5DE0pcuvxPRrrAzQ/join\n\u5728Facebook\u4e0a\u8ffd\u8e64\u6211\u5011 \u2794 https://www.facebook.com/ksmytstudio\n\u5728IG\u4e0a\u8ffd\u8e64\u6211\u5011 \u2794https://www.instagram.com/shenma_kingofcrap/\n\n\u2764\u5de5\u5546\u5408\u4f5c\u4fe1\u7bb1\uff1aksmytstudio@capsuleinc.cc\n\u2764\u8fa6\u6d3b\u52d5\u3001\u51fa\u5468\u908a\u3001\u806f\u540d\u5546\u54c1\u90fd\u6b61\u8fce\u627eCAPSULE\uff1a https://capsuleinc.co/\n\n\ud83c\udfac\u66f4\u591a\u5f71\u7247\ud83c\udfac\n\n\ud83c\udf54\u98df\u7269\u7cfb\u5217\ud83c\udf5f:https://goo.gl/fA7y1Z\n\ud83d\udca5\u65e5\u5e38\u7cfb\u5217\ud83d\udca5:https://goo.gl/qfbhyP\n\n\u4ee5\u4e0b\u662f\u6211\u5011\u7684\u4e3b\u983b\u9053\uff01\u6b61\u8fce\u4f86\u8a8d\u8b58\u6211\u5011\uff01\n\uff08\u9999\u6e2f\u4eba\uff09\u99ac\u7530\uff08\u5eda\u85dd\uff09\uff1ahttps://www.youtube.com/user/dimcookguide\n\uff08\u53f0\u7063\u4eba\uff09\u963f\u795e\uff08\u904a\u6232\uff09\uff1ahttps://www.youtube.com/user/charlie615119",
        "likeCount": "11371",
        "commentCount": "200",
        "viewCount": "442785"
    },
    "comments": [
        {
            "reply_id": "UgyHmPzCo_YaXScLle14AaABAg",
            "reply_content": "\u7da0\u8ddf\u767d"
        },
        {
            "reply_id": "UgwkDo_xBVkK9oEfkU94AaABAg",
            "reply_content": "\u767d\u8272\u7684\u8981\u5403\u70b8\u7684\u7da0\u8272\u7684\u8981\u5403\u5496\u55b1"
        },
        {
            "reply_id": "UgyFlXBylgSEsoX_PTR4AaABAg",
            "reply_content": "\u6709\u7ec6\u8282\u6ce8\u610f\u770b\u4e0a\u4e00\u79d2\u8bf4\u9171\u6cb9\u789f\u4e0b\u4e00\u79d2\u5c31\u653e\u9171\u6cb9\u4e86\ud83d\ude02"
        },
        {
            "reply_id": "UgzzkboL3YqhdmKUfH14AaABAg",
            "reply_content": "\u7eff\u8272"
        },
        {
            "reply_id": "UgyoXnhNh7bBmkG_ZON4AaABAg",
            "reply_content": "\u767d\u82b1\u6930\u597d\u5403\ud83d\ude02"
        },
        {
            "reply_id": "UgyZItaCfdfzdjCVZWl4AaABAg",
            "reply_content": "\u6700\u559c\u6b61\u963f\u795e\u8ddf\u99ac\u7530\u4e00\u8d77\u62cd\u7247\uff0c\u7b11\u6b7b\u6211\u4e86\uff01"
        },
        {
            "reply_id": "UgxRu_z0eX8FFmHtlfR4AaABAg",
            "reply_content": "\u7eff\u8272\u53eb\u897f\u5170\u82b1\u5566"
        },
        {
            "reply_id": "UgxdxThpLI3JUBsEZB14AaABAg",
            "reply_content": "\u6c38\u9060\u7684\u526a\u5200"
        },
        {
            "reply_id": "Ugy_bi6rb_Iolr1NuPF4AaABAg",
            "reply_content": "\u4e09\u6587\u9c7c\u53eb\u6842\u9c7c\uff0c\u5565\uff0c\u9999\u6e2f\u7684\u8bed\u8a00\u4e0d\u4e00\u6837\u5417\uff1f"
        },
        {
            "reply_id": "UgwmyTMEj9JXh5G5FFp4AaABAg",
            "reply_content": "\u770b\u5f97\u6211\u597d\u60f3\u5403\u5594\uff0c\u6211\u53bb\u9ede\u500b\u5916\u8ce3\u597d\u4e86"
        },
        {
            "reply_id": "Ugx7uEcBNXY_MFuQtzt4AaABAg",
            "reply_content": "\u81ed\u624b\u4e5f\u6709\u8f49\u904b\u7684\u4e00\u5929\n\u7adf\u7136\u6436\u7684\u5230"
        },
        {
            "reply_id": "UgwaiWsFLCItNuJw7ZR4AaABAg",
            "reply_content": "\u9a6c\u7530\u597d\u5e05\uff01"
        },
        {
            "reply_id": "Ugw1kpMsKeSdi0r0Zuh4AaABAg",
            "reply_content": "\u6211\u559c\u6b61\u5403\u7da0\u8272\u82b1\u6930\u83dc"
        },
        {
            "reply_id": "UgwzSH6WeVBKKIzcU9B4AaABAg",
            "reply_content": "\u4e00\u500b\u53ea\u6703\u77f3\u982d\uff0c\u53e6\u4e00\u500b\u53ea\u6703\u526a\u5200"
        },
        {
            "reply_id": "UgxusuvrDSRB3Bab88V4AaABAg",
            "reply_content": "\u722d\u9bae\u54e1\u5de5\u5200\u5de5\u5f88\u597d\uff0c\u6bcf\u500b\u58fd\u53f8\u7684\u751f\u9b5a\u7247\u90fd\u5f88\u8584"
        },
        {
            "reply_id": "Ugz60BseOLY8MjqKrdt4AaABAg",
            "reply_content": "\u89ba\u5f97\u963f\u795e\u6bcf\u6b21\u5403\u90fd\u8981\u7528\u65e5\u8a9e\u8b1b\u201c\u6211\u958b\u52d5\u4e86\u201c\uff0c\u5f88\u7169\u5462"
        },
        {
            "reply_id": "UgwT3ksQuzPclf_X4zJ4AaABAg",
            "reply_content": "\u963f\u795e\u6b63\u5927\u5149\u660e\u5077\u5403\u8766\uff0c\u99ac\u7530\u54e5\u50bb\u773c\uff0c\u597d\u6709\u8da3"
        },
        {
            "reply_id": "UgzNVMdJ9TuUSM5H_pV4AaABAg",
            "reply_content": "\u82b1\u6930\u83dc\u767d\u7684\u548c\u7da0\u7684\u4e0d\u662f\u90fd\u4e00\u6a23\u597d\u5403\u55ce"
        },
        {
            "reply_id": "Ugx13zSfo6AtsMP-6WN4AaABAg",
            "reply_content": "\u751f\u9b5a\u7247\u90fd\u662f\u4eba\u5de5\u5207\u7684\u54e6\ud83e\udd23\u722d\u9bae\u54e1\u5de5\u8a8d\u8b49XD"
        },
        {
            "reply_id": "UgzOqZX5hmicoFgXnFJ4AaABAg",
            "reply_content": "\u7da0\u8272\u5176\u5be6\u662f\u53eb\u9752\u82b1\u83dc\ud83d\ude02"
        }
    ]
}