{
    "video_info": {
        "id": "9YkZ3wUe7go",
        "channelTitle": "\u641e\u795e\u99ac",
        "title": "\u3010\u7334\u5b50\u5f0f\u6539\u9020\u3011\u82b1\u8cbb1xxxx\u6210\u70ba\u5047\u9762\u9a0e\u58eb\ud83d\udef5\u5168\u96fb\u52d5\u65cb\u98a8\u865f\u51fa\u767c\uff5c",
        "description": "\u2764 \u6bcf\u5468\u4e09\u3001\u516d\u3001\u65e5\u90fd\u6709\u65b0\u5f71\u7247 !! \u5f9e\u4eca\u5929\u8d77\u958b\u59cb\u8a02\u95b1\u5427 !! \u2764\n\u52a0\u5165\u6703\u54e1\u2794https://www.youtube.com/channel/UCAsviiS5DE0pcuvxPRrrAzQ/join\n\u5728Facebook\u4e0a\u8ffd\u8e64\u6211\u5011 \u2794 https://www.facebook.com/ksmytstudio\n\u5728IG\u4e0a\u8ffd\u8e64\u6211\u5011 \u2794https://www.instagram.com/shenma_kingofcrap/\n\n\u2764\u5de5\u5546\u5408\u4f5c\u4fe1\u7bb1\uff1aksmytstudio@capsuleinc.cc\n\u2764\u8fa6\u6d3b\u52d5\u3001\u51fa\u5468\u908a\u3001\u806f\u540d\u5546\u54c1\u90fd\u6b61\u8fce\u627eCAPSULE\uff1a https://capsuleinc.co/\n\n\ud83c\udfac\u66f4\u591a\u5f71\u7247\ud83c\udfac\n\n\ud83c\udf54\u98df\u7269\u7cfb\u5217\ud83c\udf5f:https://goo.gl/fA7y1Z\n\ud83d\udca5\u65e5\u5e38\u7cfb\u5217\ud83d\udca5:https://goo.gl/qfbhyP\n\n\u4ee5\u4e0b\u662f\u6211\u5011\u7684\u4e3b\u983b\u9053\uff01\u6b61\u8fce\u4f86\u8a8d\u8b58\u6211\u5011\uff01\n\uff08\u9999\u6e2f\u4eba\uff09\u99ac\u7530\uff08\u5eda\u85dd\uff09\uff1ahttps://www.youtube.com/user/dimcookguide\n\uff08\u53f0\u7063\u4eba\uff09\u963f\u795e\uff08\u904a\u6232\uff09\uff1ahttps://www.youtube.com/user/charlie615119",
        "likeCount": "6798",
        "commentCount": "301",
        "viewCount": "86783"
    },
    "comments": [
        {
            "reply_id": "Ugz16y58fX5p2nJ6Ijp4AaABAg",
            "reply_content": "\u8d8a\u770b\u8d8a\u89ba\u5f97\u99ac\u7530\u597d\u53ef\u611bww"
        },
        {
            "reply_id": "UgzzfR-4-ie75sm1i1R4AaABAg",
            "reply_content": "\u9019\u96c6\u771f\u7684\u5e74\u5ea6\u6700\u4f73~~\u76f4\u63a5\u7b11\u6b7b\u54c8\u54c8\u54c8\u54c8\u54c8\uff0c\u770b\u4f60\u5011\u9019\u9ebc\u8a8d\u771f\u505a\u8352\u8b2c\u7684\u4e8b\u5c31\u89ba\u5f97\u597d\u597d\u7b11~~\uff01\uff01\u5176\u5be6\u9084\u539f\u5ea6\u771f\u7684\u5f88\u9ad8\u5566\uff01\u54c8\u54c8\u54c8\u652f\u6301\u7e7c\u7e8c\u51fa\u624b\u4f5c\u7cfb\u5217~"
        },
        {
            "reply_id": "UgyNuFoqP5s2FUYBkHl4AaABAg",
            "reply_content": "\u8a92\u8a92\u8a92\uff1f\u5169\u500b\u4eba\u7684\u8eab\u9ad8\u597d\u50cf\u5dee\u5f88\u591a\uff0c\u662f\u6211\u773c\u82b1\u4e86\u55ce\uff1f"
        },
        {
            "reply_id": "UgwiIAVxoXgVeFvXfWd4AaABAg",
            "reply_content": "\u99ac\u7530  \u4f60\u90a3\u52d5\u4f5c \u600e\u9ebc\u597d\u50cf\u662f \u4f3d\u5229\u7565\u7684\u52d5\u4f5c\u963f \u65e5\u64da"
        },
        {
            "reply_id": "Ugx23CwIkV6zQPihLa94AaABAg",
            "reply_content": "\u96e3\u5f97\u7684\u5be6\u4f5c\u54c8\u54c8\u54c8\u54c8\u54c8"
        },
        {
            "reply_id": "UgzQXrTpqgmktCIsWJN4AaABAg",
            "reply_content": "\u795e\u4f01\u5283 \u592a\u597d\u7b11\u4e86 \u671f\u5f85\u9a0e\u8457\u53bb\u52d5\u6f2b\u5c55"
        },
        {
            "reply_id": "UgwLGJRo5iCasn2JF2l4AaABAg",
            "reply_content": "\u5f88\u4e45\u6c92\u7b11\u90a3\u9ebc\u958b\u5fc3\u4e86 \u6709\u4e4b\u524d\u72e0\u611b\u6f14\u7684\u611f\u89ba"
        },
        {
            "reply_id": "UgzSuiE4HZKDpDCWt7t4AaABAg",
            "reply_content": "\u7537\u4eba\u7684\u6d6a\u6f2b"
        },
        {
            "reply_id": "UgyqiOomV1-n9RrPoXp4AaABAg",
            "reply_content": "\u592a\u5e25\u62c9"
        },
        {
            "reply_id": "UgwWUCFfR43fCJJ50bx4AaABAg",
            "reply_content": "\u641e\u795e\u99ac\u662f\u6211\u7684\u5feb\u6a02\u4f86\u6e90\ud83e\udd23"
        },
        {
            "reply_id": "UgywMxdT8k7IFXwfqA94AaABAg",
            "reply_content": "\u99ac\u7530\u6709\u9019\u9ebc\u591a\u767d\u8272\u677f\u5b50\uff0c\u600e\u9ebc\u4e0d\u5206\u4e00\u9ede\u7d66\u963f\u795e\u505a\u7259\u9f52\ud83d\ude02"
        },
        {
            "reply_id": "Ugzc4Mom-I7LqR7LSmZ4AaABAg",
            "reply_content": "\u5f88\u5c11\u770b\u5230\u4f60\u5011\u5728\u6236\u5916\u62cd\u7247\u8036\ud83d\ude2e\u559c\u6b61\u2764\u6548\u679c\u5f88\u597d\u5537\ud83d\udc4d"
        },
        {
            "reply_id": "UgzELjPzFOZRWkhVBcB4AaABAg",
            "reply_content": "\u771f\u7684\u592a\u597d\u7b11\u4e86\ud83e\udd2d"
        },
        {
            "reply_id": "UgwxRQdhnx7a0NWq2Fl4AaABAg",
            "reply_content": "\u8fd9\u8eab\u9ad8\u597d\u840c\u54e6\uff0c\u6211\u77e5\u9053\u4e3a\u5565\u5f71\u7247\u90fd\u662f\u5750\u7740\u7684\ud83d\ude02"
        },
        {
            "reply_id": "UgzDL0dao-T6dp1Sq2B4AaABAg",
            "reply_content": "\u597d\u770b"
        },
        {
            "reply_id": "Ugwh3sUMKG1bev-qFCp4AaABAg",
            "reply_content": "\u5047\u9762\u9a0e\u58eb\u53ef\u4ee5\u51b0\u6fc0\u51cc\u55ce\ud83e\udd14"
        },
        {
            "reply_id": "Ugz4K47zFJBgbUNvQll4AaABAg",
            "reply_content": "\u9019\u6a23\u7684\u5f71\u7247\u4e0d\u80fd\u53ea\u6709\u6211\u770b\u5230\uff0c\u6211\u6c7a\u5b9a\u5206\u4eab\u51fa\u53bb\ud83d\ude02"
        },
        {
            "reply_id": "UgxnO3wHvw5V8walmN14AaABAg",
            "reply_content": "\u99ac\u7530\u7684\u81ea\u4fe1\u5230\u5e95\u54ea\u88e1\u4f86\u7684xD\n\u5176\u5be6\u795e\u795e\u7684\u9762\u5177\u5f88\u9084\u539f\u8a2d\u8a08\u5716\u6b38 \u6bd4\u60f3\u50cf\u7684\u597d\u5f88\u591a\u4e86ww"
        },
        {
            "reply_id": "UgznTUqJls2QjAREmyF4AaABAg",
            "reply_content": "\u96d6\u7136\u89c0\u770b\u597d\u5c11\uff0c\u4f46\u662f\u9019\u96c6\u4e5f\u597d\u611b"
        },
        {
            "reply_id": "UgyuaZ6Va4dnypp8Oop4AaABAg",
            "reply_content": "\u9019\u53f0\u8eca\u5f88\u53ef\u611b\u8036\uff0c\u8d85\u795e\u99ac\u7684"
        }
    ]
}