{
    "video_info": {
        "id": "_rXgywPIMIA",
        "channelTitle": "\u641e\u795e\u99ac",
        "title": "\u3010\u6975\u81f4\u679c\u5473\u3011\u5564\u9152\u676f\u6697\u9ed1\u904a\u6232\uff5c\u628a\u6c34\u679c\u5564\u9152\u5408\u6210\u71b1\u5e36\u6c34\u679c\u5473\uff01",
        "description": "\u2764 \u6bcf\u5468\u4e09\u3001\u516d\u3001\u65e5\u90fd\u6709\u65b0\u5f71\u7247 !! \u5f9e\u4eca\u5929\u8d77\u958b\u59cb\u8a02\u95b1\u5427 !! \u2764\n\u52a0\u5165\u6703\u54e1\u2794https://www.youtube.com/channel/UCAsviiS5DE0pcuvxPRrrAzQ/join\n\u5728Facebook\u4e0a\u8ffd\u8e64\u6211\u5011 \u2794 https://www.facebook.com/ksmytstudio\n\u5728IG\u4e0a\u8ffd\u8e64\u6211\u5011 \u2794https://www.instagram.com/shenma_kingofcrap/\n\n\u2764\u5de5\u5546\u5408\u4f5c\u4fe1\u7bb1\uff1aksmytstudio@capsuleinc.cc\n\u2764\u8fa6\u6d3b\u52d5\u3001\u51fa\u5468\u908a\u3001\u806f\u540d\u5546\u54c1\u90fd\u6b61\u8fce\u627eCAPSULE\uff1a https://capsuleinc.co/\n\n\ud83c\udfac\u66f4\u591a\u5f71\u7247\ud83c\udfac\n\n\ud83c\udf54\u98df\u7269\u7cfb\u5217\ud83c\udf5f:https://goo.gl/fA7y1Z\n\ud83d\udca5\u65e5\u5e38\u7cfb\u5217\ud83d\udca5:https://goo.gl/qfbhyP\n\n\u4ee5\u4e0b\u662f\u6211\u5011\u7684\u4e3b\u983b\u9053\uff01\u6b61\u8fce\u4f86\u8a8d\u8b58\u6211\u5011\uff01\n\uff08\u9999\u6e2f\u4eba\uff09\u99ac\u7530\uff08\u5eda\u85dd\uff09\uff1ahttps://www.youtube.com/user/dimcookguide\n\uff08\u53f0\u7063\u4eba\uff09\u963f\u795e\uff08\u904a\u6232\uff09\uff1ahttps://www.youtube.com/user/charlie615119",
        "likeCount": "4419",
        "commentCount": "79",
        "viewCount": "154665"
    },
    "comments": [
        {
            "reply_id": "Ugxf6HLn4Psdjpwxt9h4AaABAg",
            "reply_content": "\u4e00\u76f4\u90fd\u89ba\u5f97\u99ac\u7530\u53d4\u53d4\u8d8a\u53ef\u611b\u53c8\u641e\u7b11\uff01\u5169\u4f4d\u771f\u7684\u5f88\u7d55\u914d"
        },
        {
            "reply_id": "UgzA543AsP9BPavKyxJ4AaABAg",
            "reply_content": "\u6b63\u5e38\u4f86\u8aaa\u653e\u4e86\u4ee5\u5f8c\u61c9\u8a72\u662f\u4e0d\u80fd\u6574\u7406\u7684\u5427XD \u4e0d\u7136\u5c31\u50cf\u4f60\u5011\u9019\u6a23\u73a9\u4e0d\u5b8c"
        },
        {
            "reply_id": "UgxYTO_hJgKdpskKqt14AaABAg",
            "reply_content": "\u4eca\u5929\u6c92\u5f71\u7247\u6709\u9ede\u50b7\u5fc3\u3160\u3160"
        },
        {
            "reply_id": "Ugyfa70qSVfA6w2yx7h4AaABAg",
            "reply_content": "\u62119\u6b72\u6211\u6709\u4e00\u500b\u670b\u53cb\u4ed6\u5abd\u5abd\u8aaa\u53ef\u559d\u9152"
        },
        {
            "reply_id": "UgzBATmDaeOuZfa0iQt4AaABAg",
            "reply_content": "\u75ab\u60c5\u5f8c\u7d42\u65bc\u56de\u4f86\u770b\u641e\u795e\u99ac\u4e86\u3001\u75ab\u60c5\u671f\u9593\u7684\u5f71\u7247\u96d6\u7136\u4e0d\u5927\u597d\u770b\uff0c\u53ef\u662f\u770b\u5f97\u51fa\u4f86\u5718\u968a\u90fd\u52aa\u529b\u5728\u6490\u8457\u3002 \u73fe\u5728\u770b\u898b\u5169\u4eba\u5408\u9ad4\u771f\u7684\u6709\u9ede\u611f\u52d5\uff0c\u5169\u500b\u4eba\u7684\u4e92\u52d5\u771f\u7684\u6709\u5f88\u7279\u5225\u7684\u5316\u5b78\u4f5c\u7528\uff0c\u6703\u8b93\u4eba\u60f3\u770b\u4e0b\u53bb\uff5e\u2764"
        },
        {
            "reply_id": "Ugye6lqInx3AUpUadcR4AaABAg",
            "reply_content": "\u55ae\u624b\u958b\u6613\u62c9\u7f50\u5176\u5be6\u883b\u7c21\u55ae\u7684"
        },
        {
            "reply_id": "UgwMcf6bLQtEWXc-X6B4AaABAg",
            "reply_content": "\u4e0d\u592a\u6703\u9189 \u4f46\u8aaa\u5be6\u8a71 \u4e0d\u7406\u89e3\u9152\u6709\u90a3\u9ede\u597d\u559d"
        },
        {
            "reply_id": "UgxxjCPeRimtgtNHzJd4AaABAg",
            "reply_content": "\u90a3\u5169\u74f6\u662f\u91d1\u91c0 \u6bd4\u8f03\u82e6\u672c\u4f86\u5c31"
        },
        {
            "reply_id": "UgyoqPst6EGwlCAVmHF4AaABAg",
            "reply_content": "\u6211\u7684\u4e16\u754c\u963f\u795e\u662f\u4f60\u55ce\uff1f"
        },
        {
            "reply_id": "UgxC2xg1JM15NTrAZ214AaABAg",
            "reply_content": "\u6df7\u5564\u9152\u4e0d\u7b97\u6df7\u9152\u5427\ud83d\ude02\n\uff08\u6211\u662f\u6307\u5bb9\u6613\u9189\u7684\u90a3\u7a2e\u6df7\u9152"
        },
        {
            "reply_id": "Ugw6X6XDMs0DRfwXWlZ4AaABAg",
            "reply_content": "\u7d05\u8336\u6c99\u74e6 \u4e0d\u932f\u559d"
        },
        {
            "reply_id": "UgywKACVv9Ag0yESdsx4AaABAg",
            "reply_content": "\u8a18\u5f97\u6a19\u672a\u6210\u5e74\u8acb\u52ff\u98f2\u9152\uff0c\u983b\u9053\u5b69\u5b50\u504f\u591a"
        },
        {
            "reply_id": "UgxeCJcBNzH2iXY1RMt4AaABAg",
            "reply_content": "\u9019\u904a\u6232\u4e0d\u96e3\u554a\uff01\u7acb\u99ac\u6253\u81c9\ud83d\ude02"
        },
        {
            "reply_id": "UgxsVNUd4Rwqbtih5FF4AaABAg",
            "reply_content": "\u73fe\u5728\u624d\u770b\u5230\u99ac\u7530\u7a7f\u8457\u5730\u7403\u806f\u90a6\u7684\u8863\u670d\ud83d\ude02\ud83d\ude02"
        },
        {
            "reply_id": "Ugzm7jLwSk6CHB40hhF4AaABAg",
            "reply_content": "\u6211\u548c\u963f\u795e\u4e00\u6a23\u53ea\u80fd\u559d\u6c99\u74e6\ud83d\ude02"
        },
        {
            "reply_id": "Ugz_6BqhTQv60uSR9lJ4AaABAg",
            "reply_content": "\u963f\u795e\u6709\u4eba\u5728\u6296\u97f3\u5192\u5145\u4f60\u311f\u9084\u653e\u4f60\u7684\u5716\u7247"
        },
        {
            "reply_id": "UgxxwMFcMf6TVP9J1wt4AaABAg",
            "reply_content": "\ud83d\ude02\u55ae\u624b\u958b\u9019\u7a2e\u98f2\u54c1\u7f50\u771f\u7684\u4e0d\u96e3\n\n\u6211\u5e73\u65e5\u90fd\u9019\u6a23\uff0c\u5de5\u4f5c\u6642\u6216\u653e\u5047\u90fd\u80fd\uff0c\u5c31\u53ea\u6709\u967d\u4e86\u7684\u6642\u5019\u5e25\u4e0d\u4e86\ud83d\ude22"
        },
        {
            "reply_id": "Ugw1qRTc0PYDSymMlE94AaABAg",
            "reply_content": "\u9019\u7a2e\u73a9\u5177\u6211\u9084\u770b\u904e\u71d2\u8089\u4e32\u7684~\u96e3\u9053\u73a9\u71d2\u8089\u4e32\u7684\u5c31\u8981\u5403\u597d\u5403\u8ddf\u96e3\u5403\u7684\u71d2\u8089\u4e86\u55ceXD"
        },
        {
            "reply_id": "UgxGz90r9AA0Q84AZ5Z4AaABAg",
            "reply_content": ""
        },
        {
            "reply_id": "UgxSIR9RvW9D0hTpEK14AaABAg",
            "reply_content": "\u6211\u90fd\u958b\u9152\u4e0d\u559d\u8eca\uff0c\u559d\u8eca\u4e0d\u958b\u9152\u7684\u597d\u4e0d\u597d"
        }
    ]
}