{
    "video_info": {
        "id": "aGpNIYFZ30Y",
        "channelTitle": "\u641e\u795e\u99ac",
        "title": "\u3010\u5947\u602a\u65b0\u54c1\u3011LINE\u7684\u5373\u98df\u5496\u54e9\u662f\u5de7\u514b\u529b\u53e3\u5473\uff01\ud83c\udf6b\u9e79\u86cb\u8d85\u4eba\u5496\u54e9\u52a0\u9e79\u86cb\uff1f\u8d85\u80fd\u529b\u9738\u738b\u5468\u908a",
        "description": "\u2764 \u6bcf\u5468\u4e09\u3001\u516d\u3001\u65e5\u90fd\u6709\u65b0\u5f71\u7247 !! \u5f9e\u4eca\u5929\u8d77\u958b\u59cb\u8a02\u95b1\u5427 !! \u2764\n\u52a0\u5165\u6703\u54e1\u2794https://www.youtube.com/channel/UCAsviiS5DE0pcuvxPRrrAzQ/join\n\u5728Facebook\u4e0a\u8ffd\u8e64\u6211\u5011 \u2794 https://www.facebook.com/ksmytstudio\n\u5728IG\u4e0a\u8ffd\u8e64\u6211\u5011 \u2794https://www.instagram.com/shenma_kingofcrap/\n\n\u2764\u5de5\u5546\u5408\u4f5c\u4fe1\u7bb1\uff1aksmytstudio@capsuleinc.cc\n\u2764\u8fa6\u6d3b\u52d5\u3001\u51fa\u5468\u908a\u3001\u806f\u540d\u5546\u54c1\u90fd\u6b61\u8fce\u627eCAPSULE\uff1a https://capsuleinc.co/\n\n\ud83c\udfac\u66f4\u591a\u5f71\u7247\ud83c\udfac\n\n\ud83c\udf54\u98df\u7269\u7cfb\u5217\ud83c\udf5f:https://goo.gl/fA7y1Z\n\ud83d\udca5\u65e5\u5e38\u7cfb\u5217\ud83d\udca5:https://goo.gl/qfbhyP\n\n\u4ee5\u4e0b\u662f\u6211\u5011\u7684\u4e3b\u983b\u9053\uff01\u6b61\u8fce\u4f86\u8a8d\u8b58\u6211\u5011\uff01\n\uff08\u9999\u6e2f\u4eba\uff09\u99ac\u7530\uff08\u5eda\u85dd\uff09\uff1ahttps://www.youtube.com/user/dimcookguide\n\uff08\u53f0\u7063\u4eba\uff09\u963f\u795e\uff08\u904a\u6232\uff09\uff1ahttps://www.youtube.com/user/charlie615119",
        "likeCount": "5539",
        "commentCount": "391",
        "viewCount": "189916"
    },
    "comments": [
        {
            "reply_id": "UgzBREeuD-j2vcdIRfR4AaABAg",
            "reply_content": "\u5ffd\u7136\u89ba\u5f97\u99ac\u7530\u662f\u52de\u788c\u547d\uff0c\u963f\u795e\u662f\u5c11\u723a\u547d\uff0c\u600e\u9ebc\u6bcf\u6b21\u90fd\u662f\u99ac\u7530\u5728\u505a\ud83d\ude02\ud83d\ude02\ud83d\ude02\u963f\u795e\u5728\u7b49\u6642\u9593\u5c31\u662f\u73a9\u624b\u6a5f\uff01\ud83e\udd14\ud83e\udd14"
        },
        {
            "reply_id": "Ugz-QG6d5j8hyigqAJh4AaABAg",
            "reply_content": "\u5305\u88dd\u76d2\u5b50\u662f\u5fb7\u51f1\u5967\u7279\u66fc\u529b\u91cf\u5f62\u614b"
        },
        {
            "reply_id": "UgxZYSZhw9DVdUuZ_zZ4AaABAg",
            "reply_content": "\u5206\u4eab\u6700\u53ef\u611b\u7684\u8868\u60c5\u8cbc\u597d\u4e86\ud83c\udf1f\u300c\u5feb\u6a02\u7684\u9b5f\u9b5a\u300d\uff01\u8d85\u7d1a\u53ef\u611b\u2764"
        },
        {
            "reply_id": "UgyvDZCkaqeiwffDE-V4AaABAg",
            "reply_content": "\u6211\u89ba\u5f97\u5728\u5e7e\u5e74\u5f8c\u641e\u795e\u99ac\u6703\u51fa\u795e\u99ac\u5496\u54e9\u98ef"
        },
        {
            "reply_id": "UgyvwAH0-l9ispPDqM94AaABAg",
            "reply_content": "\u90a3\u96bb\u6c34\u6bcd\u6c92\u6709\u5728\u60c5\u52d2\u4f60\u7684\u8cbc\u5716\u5f88\u53ef\u611b"
        },
        {
            "reply_id": "Ugw4smwMCcdam251LhJ4AaABAg",
            "reply_content": "\u80f8\u6bdb\u516c\u5bd3\u7684\u8cbc\u5716\u5f88\u559c\u6b61\uff01"
        },
        {
            "reply_id": "Ugzf3cAQh5748Oooq414AaABAg",
            "reply_content": "\u597d\u50cf\u5927\u4fbf"
        },
        {
            "reply_id": "UgwS7CVEy3MJ02XG35V4AaABAg",
            "reply_content": "\u6700\u559c\u6b61\u96de\u584a\u8cbc\u5716"
        },
        {
            "reply_id": "Ugyyav79__JFLk0Pb054AaABAg",
            "reply_content": "\u6700\u5e38\u7528\u7684\u8cbc\u5716\u662f\u9e7f\u5c3c\u548c\u5496\u6ce2\u2764"
        },
        {
            "reply_id": "Ugzlv7uhVfk6yM1mdPd4AaABAg",
            "reply_content": "\u67f4\u67f4"
        },
        {
            "reply_id": "Ugyr4JgKqzTyauzpvRZ4AaABAg",
            "reply_content": "\u6211\u6700\u559c\u6b61\u7528\u760b\u72c2\u7684\u53e4\u4eba\u5011\u7cfb\u5217\uff5e\u2764\uff08\u4f5c\u8005\u662f\u9ebb\u7cec\u5657\u557e\uff09\uff0c\u662f\u5e7e\u4e4e\u53ea\u8981\u4e00\u51fa\u65b0\u8cbc\u5716\u5c31\u6703\u7acb\u99ac\u5165\u624b\u7684\u8166\u6b98\u7c89\ud83e\udd23 \np.s \u670b\u53cb\u5011\u90fd\u8aaa\u53e4\u4eba\u5011\u8868\u60c5\u6fc0\u6012\u4eba\u7684\u6230\u529b\u6307\u6578\u5f88\u9ad8\uff0c\u8981\u5c0f\u5fc3\u4f7f\u7528\ud83d\ude17"
        },
        {
            "reply_id": "Ugz9WM9a_wF6_78R1eN4AaABAg",
            "reply_content": "\u6211\u6700\u559c\u6b61\u597d\u60f3\u5154\u8cbc\u5716\uff01\u8d85\u7d1a\u53ef\u611b\u4e5f\u8d85\u597d\u7528"
        },
        {
            "reply_id": "UgygmrVpm4JrHeO7RfZ4AaABAg",
            "reply_content": "\u5168\u7a0b\u76ef\u8457\u963f\u795e\u7684\u897f\u6492\u8863\u670d\uff08\n\n\u662f\u8aaa\u5496\u54e9\u984f\u8272\u770b\u8d77\u4f86\u5f88\u4e0d\u5999\ud83d\ude02"
        },
        {
            "reply_id": "UgwFO5kKBk8GVc6fwal4AaABAg",
            "reply_content": "\u6700\u559c\u6b61\u7684\u8cbc\u5716\u662f\u5510\u5c3c\u8207\u5c4e\u86cb"
        },
        {
            "reply_id": "Ugx8GSCriEPo_QVXdbh4AaABAg",
            "reply_content": "\u6211\u4e5f\u6709\u53e3\u6c34\u75c5\uff0c\u56e0\u70ba\u6211\u807d\u8aaa\u4e86\u4e59\u578b\u809d\u708e\u3002"
        },
        {
            "reply_id": "UgyX6_F4WESdtwRI0014AaABAg",
            "reply_content": "\u718a\u5927\u6700\u53ef\u7231"
        },
        {
            "reply_id": "UgwAOeZ6EHiXsF8H4oN4AaABAg",
            "reply_content": "\u6668\u6668\u8cbc\u5716"
        },
        {
            "reply_id": "Ugw--7x7su2EZFMQ8el4AaABAg",
            "reply_content": "\u73fe\u5728\u6700\u611b\u7528\u7684\u662f\u597d\u5473\u5c0f\u59d0\u7684\u8cbc\u5716\u2764\u524d\u9663\u5b50\u5f88\u5e38\u7528\u5bf6\u7e3d\u76e3\u7684\u8cbc\u5716~"
        },
        {
            "reply_id": "UgzBHLaozRu0658I6b94AaABAg",
            "reply_content": "\u6700\u559c\u6b61\u7528\u201c\u90a3\u96bb\u6c34\u6bcd\u201d\u5c24\u5176\u662f\u5176\u4e2d\u7684\u60c5\u7dd2\u52d2\u7d22 \u4e0d\u7ba1\u662f\u548c\u5bb6\u4eba\u9084\u662f\u670b\u53cb\u50b3\u90fd\u8d85\u597d\u73a9\u4e5f\u8d85\u597d\u7b11\u7684\u5566\ud83e\udd23\ud83d\udc4d"
        },
        {
            "reply_id": "Ugy8KvjfJLYZpd09wj54AaABAg",
            "reply_content": "\u96c4\u5927\u662f\u6211\u6700\u611b\u7684\u8cbc\u5716\n\u770b\u4e86\u4ecb\u7d39\u5f8c\u6703\u60f3\u5403\u5403\u770b"
        }
    ]
}