{
    "video_info": {
        "id": "b52P9CEvjqg",
        "channelTitle": "\u641e\u795e\u99ac",
        "title": "\u3010\u9084\u539f\u6296\u97f3\u3011\u7206\u7d05\u9152\u676f\u7fa9\u5927\u5229\u9eb5\uff5c\u6210\u529f\u505a\u51fa\u8d85\u6cbb\u7652\u6548\u679c\uff1f",
        "description": "\u5168\u90e8\u90fd\u934b\u88e1\u982d !!!\n\n\u2764 \u6bcf\u5468\u4e09\u3001\u516d\u3001\u65e5\u90fd\u6709\u65b0\u5f71\u7247 !! \u5f9e\u4eca\u5929\u8d77\u958b\u59cb\u8a02\u95b1\u5427 !! \u2764\n\u52a0\u5165\u6703\u54e1\u2794https://www.youtube.com/channel/UCAsviiS5DE0pcuvxPRrrAzQ/join\n\u5728Facebook\u4e0a\u8ffd\u8e64\u6211\u5011 \u2794 https://www.facebook.com/ksmytstudio\n\u5728IG\u4e0a\u8ffd\u8e64\u6211\u5011 \u2794https://www.instagram.com/shenma_kingofcrap/\n\n\u2764\u5de5\u5546\u5408\u4f5c\u4fe1\u7bb1\uff1aksmytstudio@capsuleinc.cc\n\u2764\u8fa6\u6d3b\u52d5\u3001\u51fa\u5468\u908a\u3001\u806f\u540d\u5546\u54c1\u90fd\u6b61\u8fce\u627eCAPSULE\uff1a https://capsuleinc.co/\n\n\ud83c\udfac\u66f4\u591a\u5f71\u7247\ud83c\udfac\n\n\ud83c\udf54\u98df\u7269\u7cfb\u5217\ud83c\udf5f:https://goo.gl/fA7y1Z\n\ud83d\udca5\u65e5\u5e38\u7cfb\u5217\ud83d\udca5:https://goo.gl/qfbhyP\n\n\u4ee5\u4e0b\u662f\u6211\u5011\u7684\u4e3b\u983b\u9053\uff01\u6b61\u8fce\u4f86\u8a8d\u8b58\u6211\u5011\uff01\n\uff08\u9999\u6e2f\u4eba\uff09\u99ac\u7530\uff08\u5eda\u85dd\uff09\uff1ahttps://www.youtube.com/user/dimcookguide\n\uff08\u53f0\u7063\u4eba\uff09\u963f\u795e\uff08\u904a\u6232\uff09\uff1ahttps://www.youtube.com/user/charlie615119",
        "likeCount": "5880",
        "commentCount": "171",
        "viewCount": "184677"
    },
    "comments": [
        {
            "reply_id": "UgyFxP81evc0ELva6hN4AaABAg",
            "reply_content": "\u771f\u7684\u6c92\u770b\u904e"
        },
        {
            "reply_id": "UgxSa1KoUDBLyPfZdL94AaABAg",
            "reply_content": "\u4e0d\u8981\u5207\u6211\u6211\u662f\u57f9\u6839:("
        },
        {
            "reply_id": "Ugz7eDQVLs_euNSjZ6F4AaABAg",
            "reply_content": "\u53d4\u53d4\u963f\u59e8\u51fa\u6c92\u4e86\ud83d\ude05"
        },
        {
            "reply_id": "UgxHDn1IHduVkniSDq94AaABAg",
            "reply_content": "\u5373\u662f\u5361\u90a6\u5c3c\u610f\u7c89\ud83d\ude02"
        },
        {
            "reply_id": "Ugyb9IM398MCyR4DmGN4AaABAg",
            "reply_content": "\u6551\u547d\uff01\u8c46\u9670\u771f\u7684\u597d\u8a0e\u53ad\uff01"
        },
        {
            "reply_id": "Ugxx3HK9HUoBC1P4dUV4AaABAg",
            "reply_content": "\u539f\u4f86\u963f\u795e\u548c\u99ac\u7530\u4e5f\u6709\u770b\u975e\u6d32\u7334\u54e5\u7684\u5f71\u7247\u54e6XD"
        },
        {
            "reply_id": "Ugwi75yfwaaQZAt1XbJ4AaABAg",
            "reply_content": "\u597d\u731b"
        },
        {
            "reply_id": "UgyIGavtcZyZmH2DZRZ4AaABAg",
            "reply_content": "\u5100\u5f0f\u6eff\u6eff\n\u611f\u89ba\u4e0d\u597d\u5403"
        },
        {
            "reply_id": "UgwFQ7C0zKhJxoiTmGh4AaABAg",
            "reply_content": "\u597d\u597d\u7b11 \u771f\u7684\u8981\u7b11\u760b"
        },
        {
            "reply_id": "UgywxUM9dFxa4CJ56Qh4AaABAg",
            "reply_content": "\u770b\u5f97\u51fa\u99ac\u7530\u770b\u7334\u54e5\u770b\u5f88\u591a\ud83d\ude02"
        },
        {
            "reply_id": "Ugwty_9hE3b-nigAmQV4AaABAg",
            "reply_content": "\u6211\u89ba\u5f97\u4f60\u5011\u8981\u591a\u7df4\u7fd2\u53e3\u865f"
        },
        {
            "reply_id": "UgwZiowkBYAKUTW6jjN4AaABAg",
            "reply_content": "\u96e3\u5f97\u6b63\u5e38\u7684\u4e00\u9910\ud83d\ude02"
        },
        {
            "reply_id": "UgyolTPF2tXhenFXgaR4AaABAg",
            "reply_content": "\u61c9\u8a72\u662f\u8aaa\u641e\u88e1\u982d\u5427"
        },
        {
            "reply_id": "UgypjEc0dfjRIe0I46Z4AaABAg",
            "reply_content": "\u6296\u97f3\u4e00\u97ff\u2026"
        },
        {
            "reply_id": "Ugx2ZqY3_KdPMQI6mkd4AaABAg",
            "reply_content": "\u6211\u6c92\u770b\u904e\u90a3\u53d4\u53d4\u963f\u59e8\u500b\u5f71\u7247\uff0c\u4f46\u83ab\u540d\u89ba\u5f97\u5f88\u597d\u7b11\uff0c\u6211\u8a8d\u771f\u60f3\uff0c\u99ac\u7530\u5230\u53f0\u7063\u55aa\u5931\u6599\u7406\u80fd\u529b\u662f\u56e0\u70ba\u914d\u5408\u963f\u795e\u963f\uff01"
        },
        {
            "reply_id": "UgxhbFfGGsW6vJpsYJx4AaABAg",
            "reply_content": "\u6700\u8fd1\u5fc3\u60c5\u5f88\u4f4e\u843d\n\u4f46\u770b\u5b8c\u963f\u795e\u548c\u99ac\u7530\u7684\u5f71\u7247\n\u90fd\u6703\u7b11\u5f97\u5f88\u958b\u5fc3\uff5e\u2764\n\u8a71\u8aaa\u526a\u8f2f\u5e2b\u662f\u9b3c\u5427\ud83d\ude02\u525b\u525b\u597d\u5341\u5206\u9418"
        },
        {
            "reply_id": "Ugz1eVn5ArKf69TnEvx4AaABAg",
            "reply_content": "\u6211\u4e5f\u5f88\u559c\u6b61\u770b\u98db\u54e5\u7684\u5f71\u7247\n\u641e\u795e\u99ac\u4e0d\u5b64\u55ae\ud83d\ude02\ud83d\ude02\ud83d\ude02\n\u7cbe\u9ad3\u90fd\u6709\u6293\u5230\u6b38\n\u5c24\u5176\u662f\u70cf\u65af\u66fc\u90a3\u88e1 \u7b11\u6b7b"
        },
        {
            "reply_id": "UgxGLkWxaomooRMqWI94AaABAg",
            "reply_content": "\u558a\u83dc\u54e5\u4e5f\u662f\u9019\u6a23\u62cd"
        },
        {
            "reply_id": "Ugwhi34hMwoBXlqFcnl4AaABAg",
            "reply_content": "\u963f\u795e\u70ba\u4ec0\u9ebc\u53ef\u4ee5\u628a\u90a3\u9996\u6b4c\u5531\u51fa\u53e6\u4e00\u7a2e\u9748\u9b42\ud83d\ude02\ud83d\ude02\ud83d\ude02\u6211\u59ea\u5973\u770b\u5b8c\u9019\u90e8\u8ddf\u6211\u8aaa\uff0c\u59d1\u59d1\u6211\u4e5f\u60f3\u505a\ud83e\udd23\ud83e\udd23\ud83e\udd23\ud83e\udd23"
        },
        {
            "reply_id": "UgyXgzZeiQga1UAkcsh4AaABAg",
            "reply_content": "\u54c8\u54c8\u54c8\u7b11\u6b7b \u4eba\u5bb6\u660e\u660e\u5728yt\u767c\u5f71\u7247\n\u53eb\u4e0a\u4e86\u70cf\u8332\u66fc\u662f\u4e0d\u662f\u5fd8\u4e86\u4f30\u560e\ud83d\ude02"
        }
    ]
}