{
    "video_info": {
        "id": "B6kWwU1kkPQ",
        "channelTitle": "\u641e\u795e\u99ac",
        "title": "\u3010\u667a\u529b\u6e2c\u8a66\u3011\u9b54\u6cd5\u73a9\u5177\u662f\u6709\u591a\u96e3\u73a9\uff5c\u5169\u500b\u4eba\u60f3\u4e86\u4e00\u500b\u6708\u624d\u5b8c\u6210\uff01\uff5c",
        "description": "\u795e\u99ac\u53ea\u67093\u6b72...\u5f88\u62b1\u6b49...\n\u770b\u4e86\u5b98\u65b9\u7684\u73a9\u5177\u4ecb\u7d39\u5f8c\u767c\u73fe\u5927\u932f\u7279\u932f\ud83e\udd23\n\n\u2764 \u6bcf\u5468\u4e09\u3001\u516d\u3001\u65e5\u90fd\u6709\u65b0\u5f71\u7247 !! \u5f9e\u4eca\u5929\u8d77\u958b\u59cb\u8a02\u95b1\u5427 !! \u2764\n\u52a0\u5165\u6703\u54e1\u2794https://www.youtube.com/channel/UCAsviiS5DE0pcuvxPRrrAzQ/join\n\u5728Facebook\u4e0a\u8ffd\u8e64\u6211\u5011 \u2794 https://www.facebook.com/ksmytstudio\n\u5728IG\u4e0a\u8ffd\u8e64\u6211\u5011 \u2794https://www.instagram.com/shenma_kingofcrap/\n\n\u2764\u5de5\u5546\u5408\u4f5c\u4fe1\u7bb1\uff1aksmytstudio@capsuleinc.cc\n\u2764\u60f3\u6210\u70ba\u4e0b\u4e00\u500b\u9802\u5c16 YouTube \u5275\u4f5c\u8005\u55ce\uff1f\u53ea\u8981\u60a8\u6709 YouTube \u983b\u9053\uff0c\u3010CAPSULE Academy\u3011 \u6b61\u8fce\u60a8\u7684\u52a0\u5165\u2764\n\u2192 http://bit.ly/2RtgPUv\n\n\ud83c\udfac\u66f4\u591a\u5f71\u7247\ud83c\udfac\n\n\ud83c\udf54\u98df\u7269\u7cfb\u5217\ud83c\udf5f:https://goo.gl/fA7y1Z\n\ud83d\udca5\u65e5\u5e38\u7cfb\u5217\ud83d\udca5:https://goo.gl/qfbhyP\n\n\u4ee5\u4e0b\u662f\u6211\u5011\u7684\u4e3b\u983b\u9053\uff01\u6b61\u8fce\u4f86\u8a8d\u8b58\u6211\u5011\uff01\n\uff08\u9999\u6e2f\u4eba\uff09\u99ac\u7530\uff08\u5eda\u85dd\uff09\uff1ahttps://www.youtube.com/user/dimcookguide\n\uff08\u53f0\u7063\u4eba\uff09\u963f\u795e\uff08\u904a\u6232\uff09\uff1ahttps://www.youtube.com/user/charlie615119",
        "likeCount": "6603",
        "commentCount": "170",
        "viewCount": "190529"
    },
    "comments": [
        {
            "reply_id": "UgyPsP4vaFzvZ7pqrtF4AaABAg",
            "reply_content": "\u770b\u4e86\u5b98\u65b9\u7684\u4ecb\u7d39\u5f71\u7247\u5f8c\u767c\u73fe\u5927\u932f\u7279\u932f\n\u679c\u71365\u6b72\u7684\u73a9\u5177\u6211\u5011\u73a9\u4e0d\u8d77"
        },
        {
            "reply_id": "UgxKBSpz0XWxd8woqnF4AaABAg",
            "reply_content": "\u9b54\u6cd5\u934b\u958b\u7bb1\u592a\u641e\u7b11\u4e86\uff0c\u8aaa\u660e\u66f8\u6b65\u9a5f\u9084\u53ef\u4ee5\u8df3\u904e\u9019\u9ebc\u591a\ud83d\ude02\u4f46\u4e5f\u5f88\u795e\u5947\uff0c\u559c\u6b61\ud83d\ude0a"
        },
        {
            "reply_id": "UgwJ76bNyhJZuozmVlx4AaABAg",
            "reply_content": "\u73a9\u932f\u4e86\u6700\u5f8c\u7684\u9b54\u6cd5\u66f8\u662f\u8981\u5beb\u4ed6\u7684\u540d\u5b57"
        },
        {
            "reply_id": "UgxYJnh4r5_-RCYXmPB4AaABAg",
            "reply_content": "\u4ec0\u9ebc\u6642\u5019\u80fd\u66f4\u65b0\u4e0b\u4e00\u500b\u5440\uff1f"
        },
        {
            "reply_id": "Ugwc--KUPBwXnDmpYzB4AaABAg",
            "reply_content": "\u771f\u7684\u592a\u597d\u7b11\u4e86 \u600e\u9ebc\u9084\u80fd\u6709\u9019\u6a23\u7684\u932f\u8aa4\u73a9\u6cd5\uff08\uff1f"
        },
        {
            "reply_id": "Ugy332aEHsPufrp_ptJ4AaABAg",
            "reply_content": "\u9019\u73a9\u5177\u61c9\u8a72\u662f\u62ff\u4f86\u73a9\u7238\u7238\u5427,\u54c8"
        },
        {
            "reply_id": "UgwjEPpensNeWVxjlf94AaABAg",
            "reply_content": "\u6211\u73a9\u904a\u6232\u4e0d\u6703\u770b\u8aaa\u660e\u66f8"
        },
        {
            "reply_id": "UgxwjaoXjk7XU3uu_5F4AaABAg",
            "reply_content": "\u6211\u662f\u9999\u6e2f\u65b0\u7c89"
        },
        {
            "reply_id": "UgzicqSuuAnsv791LER4AaABAg",
            "reply_content": "\u7da0\u8272\u7684\u70cf\u9f9c\u4e0d\u5c31\u662f\u5fcd\u8005\u9f9c\ud83d\ude02"
        },
        {
            "reply_id": "Ugx8-2A5UGD9176_pvh4AaABAg",
            "reply_content": "\u4e0d\u60f3\u72af\u4e00\u6a23\u7684\u932f\u8aa4\n\u5c31\u66f4\u8a72\u628a\u9019\u5f71\u7247\u770b\u5b8c\ud83d\ude02"
        },
        {
            "reply_id": "Ugwgv9DE0OKRRKK2UlN4AaABAg",
            "reply_content": "\u9019\u8b93\u6211\u60f3\u5230\u8000\u8000 \u54c8\u54c8\u54c8\u54c8\u54c8\u54c8"
        },
        {
            "reply_id": "Ugx6Il3R0yH9uhCVb-h4AaABAg",
            "reply_content": "\u9b54\u6cd5\u5377\u8ef8\u4e0a\u9762\u8981\u5beb\u5c0f\u7cbe\u9748\u7684\u540d\u5b57\u4e0a\u8d77\u5440\ud83d\ude05\ud83d\ude02"
        },
        {
            "reply_id": "UgzSXTAkRlmQECWX1OZ4AaABAg",
            "reply_content": "\u4ec0\u9ebc\u934b\u4e0d\u80fd\u5403\uff1a\u5e73\u5e95\u934b"
        },
        {
            "reply_id": "UgzTFpEZ85gogNzXWot4AaABAg",
            "reply_content": "\u9019\u500b\u73a9\u5177\u5176\u5be6\u5728\u597d\u5e7e\u500b\u6708\u524d\u5c31\u6709\u4eba\u958b\u904e\u4e86\u22ef\u22ef"
        },
        {
            "reply_id": "UgxNphUsS9SxZagPDLl4AaABAg",
            "reply_content": "\u662f\u6211\u7684\u932f\u89ba\u55ce \u99ac\u7530\u7684\u570b\u8a9e\u9032\u6b65\u4e86"
        },
        {
            "reply_id": "UgyRWxaA8dvO2eeF9hF4AaABAg",
            "reply_content": "\u770b\u5b8c\u5b89\u557e\u958b\u7bb1\u7684 \u4f86\u770b\u795e\u99ac\u7684 \u771f\u7684\u5f88\u6709\u8da3\ud83e\udd23"
        },
        {
            "reply_id": "Ugx3BTyruj14Uhn_KoZ4AaABAg",
            "reply_content": "\u5f88\u6b63\u5e38\u7684\u73a9\u5177\uff0c\u88ab\u963f\u795e\u8ddf\u99ac\u7530\u53d4\u53d4\u5f04\u5230\u5f88\u641e\u7b11"
        },
        {
            "reply_id": "UgycKWx7rNF3u-1KGEp4AaABAg",
            "reply_content": "\u554a\u795e \u771f\u7684\u662f\u904a\u6232\u7834\u58de\u8005\ud83d\ude02"
        },
        {
            "reply_id": "Ugz5Gk7KSot4PnQWwbt4AaABAg",
            "reply_content": "\u5440\u795e\u4e00\u958b\u59cb\u5df2\u7d93\u628a\u73a9\u5177\u5f04\u7834\u4e86\u3002\u3002"
        },
        {
            "reply_id": "Ugx8--gkS5pIdkIoFvZ4AaABAg",
            "reply_content": "\u6211\u5973\u5152\u56db\u6b72\u8d85\u559c\u6b61\u9019\u500b\u5750\u5ec1\u6240\u7cfb\u5217\ud83d\ude02"
        }
    ]
}