{
    "video_info": {
        "id": "bBkCEPn2qbM",
        "channelTitle": "\u641e\u795e\u99ac",
        "title": "\u3010\u5b8c\u7f8e\u8907\u88fd\u3011\u5169\u7a2e\u6750\u6599\u7149\u6210\uff013D\u5217\u5370\u7194\u5ca9\u5de7\u514b\u529b\u7121\u9650\u624b\u5957\ud83c\udf6b",
        "description": "\u518d\u6b21\u611f\u8b1d\u53f0\u7063\u7684\u9a55\u50b2FORMART\u667a\u6167\u771f\u7a7a\u6210\u578b\u6a5f\u501f\u795e\u99ac\u62cd\u651d !!\nhttps://www.facebook.com/myyardtech\n\n\u2764 \u6bcf\u5468\u4e09\u3001\u516d\u3001\u65e5\u90fd\u6709\u65b0\u5f71\u7247 !! \u5f9e\u4eca\u5929\u8d77\u958b\u59cb\u8a02\u95b1\u5427 !! \u2764\n\u52a0\u5165\u6703\u54e1\u2794https://www.youtube.com/channel/UCAsviiS5DE0pcuvxPRrrAzQ/join\n\u5728Facebook\u4e0a\u8ffd\u8e64\u6211\u5011 \u2794 https://www.facebook.com/ksmytstudio\n\u5728IG\u4e0a\u8ffd\u8e64\u6211\u5011 \u2794https://www.instagram.com/shenma_kingofcrap/\n\n\u2764\u5de5\u5546\u5408\u4f5c\u4fe1\u7bb1\uff1aksmytstudio@capsuleinc.cc\n\u2764\u8fa6\u6d3b\u52d5\u3001\u51fa\u5468\u908a\u3001\u806f\u540d\u5546\u54c1\u90fd\u6b61\u8fce\u627eCAPSULE\uff1a https://capsuleinc.co/\n\n\ud83c\udfac\u66f4\u591a\u5f71\u7247\ud83c\udfac\n\n\ud83c\udf54\u98df\u7269\u7cfb\u5217\ud83c\udf5f:https://goo.gl/fA7y1Z\n\ud83d\udca5\u65e5\u5e38\u7cfb\u5217\ud83d\udca5:https://goo.gl/qfbhyP\n\n\u4ee5\u4e0b\u662f\u6211\u5011\u7684\u4e3b\u983b\u9053\uff01\u6b61\u8fce\u4f86\u8a8d\u8b58\u6211\u5011\uff01\n\uff08\u9999\u6e2f\u4eba\uff09\u99ac\u7530\uff08\u5eda\u85dd\uff09\uff1ahttps://www.youtube.com/user/dimcookguide\n\uff08\u53f0\u7063\u4eba\uff09\u963f\u795e\uff08\u904a\u6232\uff09\uff1ahttps://www.youtube.com/user/charlie615119",
        "likeCount": "9375",
        "commentCount": "135",
        "viewCount": "220103"
    },
    "comments": [
        {
            "reply_id": "UgwTZlC4VWZTOXvLLmV4AaABAg",
            "reply_content": "\u5452"
        },
        {
            "reply_id": "UgwG7ytD_mOvYzfyJ_B4AaABAg",
            "reply_content": "\u662f\u6ec5\u9738"
        },
        {
            "reply_id": "UgxcRoH75vreHuVTXE14AaABAg",
            "reply_content": "\u662f\u592b\u592b\u561b\ud83c\udf89"
        },
        {
            "reply_id": "Ugw9QWEpQY62Phl-xBB4AaABAg",
            "reply_content": "(\u63a5\u4e0b\u4e00\u53e5,\u5728\u80e1\u5b50\u90a3\u8fb9\u7684\u5417"
        },
        {
            "reply_id": "UgxoJZvcNC9K0GDRpp94AaABAg",
            "reply_content": "\u5927\u96c5\u5de5\u4f5c\u5ba4\u4e0d\u662f"
        },
        {
            "reply_id": "UgxzLxQS_GYyXYZGxUR4AaABAg",
            "reply_content": "\u9a6c\u7530\u597d\u5e05\uff01"
        },
        {
            "reply_id": "UgwfanRVxK5pmxC-oaZ4AaABAg",
            "reply_content": "\u5341\u500d"
        },
        {
            "reply_id": "Ugw5pL_tHj2I4QNUwFV4AaABAg",
            "reply_content": "\u56e0\u8a72\u53ef\u4ee5\u62ff\u6e6f\u5319\u5230\u5de7\u514b\u529b"
        },
        {
            "reply_id": "UgySFXRPbfaJIEhgD1R4AaABAg",
            "reply_content": "\u4e0d\u6cbe\u934b\u934b\u5177\u5857\u5c64\u5982\u679c\u522e\u58de\uff0c\u4f7f\u7528\u6703\u5c0d\u5065\u5eb7\u4e0d\u597d\u5594!!!\n\n\u6e05\u6f54\u65b9\u5f0f\n\n\u8acb\u4ee5\u4e2d\u6027\u6e05\u6f54\u5291\u52a0\u6eab\u6c34\u6e05\u6d17\uff0c\u5207\u52ff\u4f7f\u7528\u5f37\u70c8\u7684\u5316\u5b78\u88fd\u54c1\uff0c\u53ca\u7814\u78e8\u6c61\u7c89\u6216\u92fc\u5237\u3001\u83dc\u74dc\u5e03\u7b49\u6e05\u6d17\uff0c\u4ee5\u514d\u50b7\u5bb3\u934b\u5177\u3002"
        },
        {
            "reply_id": "UgxYPJGu8_y_uR8sRvx4AaABAg",
            "reply_content": "\u725b\u5976\u8ddf\u5de7\u514b\u529b\u4e00\u6a23\n\u90fd\u8981\u9694\u6c34\u52a0\u71b1\u5594\n\u4e0d\u7136\u725b\u5976\u5bb9\u6613\u71d2\u7126\n\u9664\u975e\u662f\u751f\u4e73 \u6c92\u6709\u716e\u904e\u6bba\u83cc\u7684\n\u706b\u4e5f\u4e0d\u80fd\u958b\u592a\u5927 \u5c0f\u706b\u716e\u5230\u6709\u5192\u7159\u5c31\u53ef\u4ee5\u4e86\n\u5207\u8a18\u4e0d\u8981\u716e\u5230\u6cb8\u9a30!!!"
        },
        {
            "reply_id": "UgyPQ7XnOEiu--gVILF4AaABAg",
            "reply_content": "\u53ef\u4ee5\u8cb7\u90a3\u4e00\u7a2e\u4e00\u5927\u5305\u7684\u9215\u6263\u5de7\u514b\u529b(\u5de7\u514b\u529b\u8c46)\uff0c\u5f88\u4fbf\u5b9c\u4e5f\u4e0d\u7528\u5207\uff0c\u5c31\u80fd\u9694\u6c34\u52a0\u71b1\u878d"
        },
        {
            "reply_id": "Ugwv-OGV9MUCVSGpUs94AaABAg",
            "reply_content": "\u597d\u60f3\u5077\u5403\ud83e\udd24"
        },
        {
            "reply_id": "UgxiBwvNownPwBiK9XV4AaABAg",
            "reply_content": "\u597d\u53b2\u5bb3\u554a\uff013D\u5217\u5370\u7194\u5ca9\u5de7\u514b\u529b\u7121\u9650\u624b\u5957\u770b\u8d77\u4f86\u597d\u597d\u73a9\u7684\u8aaa\uff0c\u771f\u60f3\u8a66\u8a66\u770b\u7684\u8aaa\uff01\u611f\u8b1d\u4f60\u5011\u7684\u5206\u4eab\uff0c\u8b93\u6211\u6709\u4e86\u65b0\u7684\u5275\u610f\u548c\u60f3\u6cd5\u7684\u8aaa\uff01"
        },
        {
            "reply_id": "UgyopDZGk5scIw0Pku54AaABAg",
            "reply_content": "\u6211\u89ba\u5f97\u4e00\u9ede\u7684\u90a3\u500b\u51b7\u7b11\u8a71\u883b\u597d\u7b11\u7684\ud83e\udd23\ud83e\udd23"
        },
        {
            "reply_id": "UgyoKtIGmbugmyUZN2x4AaABAg",
            "reply_content": "\u7b2c\u4e00\u773c\u7747\u843d\u53bb\u4ee5\u70ba\u4fc2\u4e00\u820a\u5c4e\ud83d\ude02\ud83d\ude02\ud83d\ude02"
        },
        {
            "reply_id": "Ugz1frwW9FOtvLGBaLB4AaABAg",
            "reply_content": "\u99ac\u7530\u53d4\u53d4\u597d\u6709\u611b\ud83d\ude0f\u963f\u795e\u5728\u5288\u5de7\u514b\u529b\u6642\u5077\u5077\u6298\u958b"
        },
        {
            "reply_id": "UgzudDMDKMyz0oc-wMZ4AaABAg",
            "reply_content": "\u99ac\u7530\u963f\u795e\uff0c\u7d14\u5de7\u514b\u529b\uff0c\u70d8\u7119\u539f\u6599\u884c\u6709\u5566\uff0c\u4f60\u8cb7\u5c0f\u584a\u7684\u90a3\u5e7e\u584a\u7684\u9322\u5c31\u53ef\u4ee5\u8cb7\u4e00\u5305\u4e86\uff0c\u6211\u8a18\u5f97\u6c92\u90a3\u9ebc\u8cb4"
        },
        {
            "reply_id": "UgyNvqisRzLDzLNVfVh4AaABAg",
            "reply_content": "\u4e4b\u524d\u770b\u4e86\u4f60\u5011\u5f71\u7247\uff0c\u90a3\u53f0\u6a5f\u5668\u5ee3\u544a\u5c31\u4e00\u76f4\u5728\u81c9\u66f8\u51fa\u73fe\uff0c\u54c8\u54c8\u54c8\u53ef\u6015"
        },
        {
            "reply_id": "UgyplNeGGBnKmt7xDFh4AaABAg",
            "reply_content": "\u4e0d\u6cbe\u934b\u9084\u53ef\u4ee5\u5f04\u5230\u4e0a\u9762\u6709\u5237\u4e0d\u8d77\u4f86\u7684\u53ef\u898b\u5e73\u5e38\u5eda\u5177\u6c92\u6709\u611b\u60dc"
        },
        {
            "reply_id": "UgxV-36ThJiOknOL1dZ4AaABAg",
            "reply_content": "\u9019\u73a9\u610f\u662f\u6211\u8a2d\u8a08\u8207\u79d1\u6280\u79d1\u7684\u529f\u8ab2\ud83d\ude02"
        }
    ]
}