{
    "video_info": {
        "id": "bFZMZKDK3s4",
        "channelTitle": "\u641e\u795e\u99ac",
        "title": "\u30108\u6b3e\u8a66\u5403\u3011\u7d05\u71d2\u725b\u8089\u9eb5\u5927\u5c0d\u6c7a\uff5c\u5168\u806f\u8089\u8cea\u6e6f\u982d\u9eb5\u689d\u90a3\u5bb6\u6700\u597d\u5462\uff1f",
        "description": "\u2764 \u6bcf\u5468\u4e09\u3001\u516d\u3001\u65e5\u90fd\u6709\u65b0\u5f71\u7247 !! \u5f9e\u4eca\u5929\u8d77\u958b\u59cb\u8a02\u95b1\u5427 !! \u2764\n\u52a0\u5165\u6703\u54e1\u2794https://www.youtube.com/channel/UCAsviiS5DE0pcuvxPRrrAzQ/join\n\u5728Facebook\u4e0a\u8ffd\u8e64\u6211\u5011 \u2794 https://www.facebook.com/ksmytstudio\n\u5728IG\u4e0a\u8ffd\u8e64\u6211\u5011 \u2794https://www.instagram.com/shenma_kingofcrap/\n\n\u2764\u5de5\u5546\u5408\u4f5c\u4fe1\u7bb1\uff1aksmytstudio@capsuleinc.cc\n\u2764\u8fa6\u6d3b\u52d5\u3001\u51fa\u5468\u908a\u3001\u806f\u540d\u5546\u54c1\u90fd\u6b61\u8fce\u627eCAPSULE\uff1a https://capsuleinc.co/\n\n\ud83c\udfac\u66f4\u591a\u5f71\u7247\ud83c\udfac\n\n\ud83c\udf54\u98df\u7269\u7cfb\u5217\ud83c\udf5f:https://goo.gl/fA7y1Z\n\ud83d\udca5\u65e5\u5e38\u7cfb\u5217\ud83d\udca5:https://goo.gl/qfbhyP\n\n\u4ee5\u4e0b\u662f\u6211\u5011\u7684\u4e3b\u983b\u9053\uff01\u6b61\u8fce\u4f86\u8a8d\u8b58\u6211\u5011\uff01\n\uff08\u9999\u6e2f\u4eba\uff09\u99ac\u7530\uff08\u5eda\u85dd\uff09\uff1ahttps://www.youtube.com/user/dimcookguide\n\uff08\u53f0\u7063\u4eba\uff09\u963f\u795e\uff08\u904a\u6232\uff09\uff1ahttps://www.youtube.com/user/charlie615119",
        "likeCount": "5472",
        "commentCount": "90",
        "viewCount": "176050"
    },
    "comments": [
        {
            "reply_id": "Ugw6lPhzwnvxxOgtS994AaABAg",
            "reply_content": "\u6e6f\u8981\u8a18\u5f97\u52a0\u6c34\u7a00\u91cb \u8981\u4e0d\u7136\u90a3\u662f\u539f\u6e6f \u5f88\u54b8.."
        },
        {
            "reply_id": "UgxIzYA2cPDKWeoGoSp4AaABAg",
            "reply_content": "\u9019\u96c6\u771f\u7684\u5f88\u50cf\u5728\u770b\u4ec0\u9ebc\u98df\u5c1a\u73a9\u5bb6\ud83e\udd23\ud83e\udd23"
        },
        {
            "reply_id": "UgynaJDzRpaIVLbqERl4AaABAg",
            "reply_content": "\u4ee4\u4eba\u61f7\u5ff5\u7684\u96c6\u5927\u6210\u7684\u6700\u5f8c\u4e00\u9053\u5730\u7344\u6599\u7406\u74b0\u7bc0\u2764"
        },
        {
            "reply_id": "UgxCX94EGnyZW1RXt3F4AaABAg",
            "reply_content": "\u8a66\u5403\u61c9\u8a72\u4e5f\u8981\u9644\u4e0a\u50f9\u683c\u6bd4\u8f03\u597d\uff0c\u4e0d\u7136\u88e1\u9762\u6700\u8cb4\u7684\u90fd\u8981$300\u4ee5\u4e0a\u4e86\uff0c\u9084\u80fd\u4e0d\u597d\u5403\u55ce"
        },
        {
            "reply_id": "UgzbDXjURD4Oixb62rB4AaABAg",
            "reply_content": "\u9aee\u969b\u7dda\u597d\u9ad8"
        },
        {
            "reply_id": "UgxOxiSMXC6zX7_VIEB4AaABAg",
            "reply_content": "\u70ba\u4ec0\u9ebc\u6211\u7e3d\u89ba\u5f97\u88dd\u725b\u8089\u6e6f\u7684\u7897\u5f88\u50cf\u76e3\u7344\u6d3e\u9001\u98df\u7269\u7684\u7897"
        },
        {
            "reply_id": "UgwHVok9a3XsZnKX54l4AaABAg",
            "reply_content": "\u5316\u5b78\u684c\u5b50\u6b38\u2026"
        },
        {
            "reply_id": "Ugwiu-kKd6UUs-8e8Rx4AaABAg",
            "reply_content": "\u7a81\u7136\u597d\u60f3\u5403\u6eff\u6f22\u5927\u9910\uff08\uff1f"
        },
        {
            "reply_id": "UgyIHkP93B5AQ83qOtt4AaABAg",
            "reply_content": "\u5170\u65af\u76c6\u5730 \u6218\u5f79"
        },
        {
            "reply_id": "UgwjnP24ErN4bGHgDU94AaABAg",
            "reply_content": "\u5b9c\u862d\u4e0d\u662f\u6bd4\u53f0\u5317\u9084\u5317\uff1f"
        },
        {
            "reply_id": "UgxYf12j2isgp7wdZBJ4AaABAg",
            "reply_content": "\u5efa\u8b70\u4ee5\u5f8c\u9019\u985e\u6e2c\u8a55\u53ef\u4ee5\u628a\u8089\u6488\u51fa\u4f86\u91cf\u4e00\u4e0b\u91cd\u91cf\uff5e"
        },
        {
            "reply_id": "UgwYI9EfiGUf4280jiZ4AaABAg",
            "reply_content": "\u9019\u7a2e\u8a66\u5403\u7cfb\u5217\u771f\u68d2\uff0c\u589e\u80d6\ud83d\ude01"
        },
        {
            "reply_id": "Ugwjo4WF6rHWp6tKuQ94AaABAg",
            "reply_content": "\u559c\u6b61\u5168\u9910\u7cfb\u5217\uff0c\u6700\u8fd1\u8aa0\u54c1\u725b\u8089\u9eb5\u4e5f\u597d\u7d05\uff01\uff01\u53ef\u60dc\u6c92\u6709\u958b\u7bb1\ud83d\ude02"
        },
        {
            "reply_id": "UgxLNRnxg893rEBltBR4AaABAg",
            "reply_content": "\u725b\u8089\u9eb5\u5f88\u770b\u500b\u4eba\u53e3\u5473\u7684! \u5927\u5bb6\u504f\u597d\u90fd\u4e0d\u76f8\u540c,\u90fd\u6709\u5404\u81ea\u559c\u6b61\u7684\u725b\u8089\u9eb5"
        },
        {
            "reply_id": "UgzIoy7FZgz4Z1yWCWZ4AaABAg",
            "reply_content": "\u6700\u5f8c\u90a3\u53e5\u8d85\u666e\u901a\u7684\u5587\u597d\u597d\u7b11\ud83d\ude02"
        },
        {
            "reply_id": "UgzHDDNpVl1OCRQEl6t4AaABAg",
            "reply_content": "\u6797\u6771\u82b3\u725b\u8089\u9eb5\ud83d\ude02\ud83d\ude02\u60f3\u8d77\u4e86\u5eb7\u7199\u4f86\u4e86"
        },
        {
            "reply_id": "UgyH6GGhMI7hCfJrIy14AaABAg",
            "reply_content": "\u7136\u5f8c\u628a\u6240\u6709\u5269\u7684\u6e6f\u982d\u5012\u6210\u4e00\u934b\n\u7a76\u7d1a\u7684\u725b\u8089\u9eb5\u5c31\u5b8c\u6210\u4e86\ud83e\udd23\ud83e\udd23"
        },
        {
            "reply_id": "UgzIvRToGUjKPdAtbC14AaABAg",
            "reply_content": "\u52a0\u6cb9\u559c\u4e8b\u725b\u8089\u9eb5\u5b8c\u52dd"
        },
        {
            "reply_id": "UgzCQNjWwg04YAK7Qml4AaABAg",
            "reply_content": "\u6211\u5728\u5403\u86cb\u7cd5\u54a9"
        },
        {
            "reply_id": "UgwzMXVVBIV_xk45eAV4AaABAg",
            "reply_content": "\u4e4b\u540e\u5f88\u597d\u5403"
        }
    ]
}