{
    "video_info": {
        "id": "bJMqoNswQek",
        "channelTitle": "\u641e\u795e\u99ac",
        "title": "\u3010\u89e3\u5256\u70cf\u9f9c\u3011\u958b\u7bb1\u5927\u62c6\u89e3\uff01\u80fd\u5403\u80fd\u62c9\u7684\u73a9\u5177 \u69cb\u9020\u8d85\u9a5a\u4eba",
        "description": "\u2764 \u6bcf\u5468\u4e09\u3001\u516d\u3001\u65e5\u90fd\u6709\u65b0\u5f71\u7247 !! \u5f9e\u4eca\u5929\u8d77\u958b\u59cb\u8a02\u95b1\u5427 !! \u2764\n\u52a0\u5165\u6703\u54e1\u2794https://www.youtube.com/channel/UCAsviiS5DE0pcuvxPRrrAzQ/join\n\u5728Facebook\u4e0a\u8ffd\u8e64\u6211\u5011 \u2794 https://www.facebook.com/ksmytstudio\n\u5728IG\u4e0a\u8ffd\u8e64\u6211\u5011 \u2794https://www.instagram.com/shenma_kingofcrap/\n\n\u2764\u5de5\u5546\u5408\u4f5c\u4fe1\u7bb1\uff1aksmytstudio@capsuleinc.cc\n\u2764\u8fa6\u6d3b\u52d5\u3001\u51fa\u5468\u908a\u3001\u806f\u540d\u5546\u54c1\u90fd\u6b61\u8fce\u627eCAPSULE\uff1a https://capsuleinc.co/\n\n\ud83c\udfac\u66f4\u591a\u5f71\u7247\ud83c\udfac\n\n\ud83c\udf54\u98df\u7269\u7cfb\u5217\ud83c\udf5f:https://goo.gl/fA7y1Z\n\ud83d\udca5\u65e5\u5e38\u7cfb\u5217\ud83d\udca5:https://goo.gl/qfbhyP\n\n\u4ee5\u4e0b\u662f\u6211\u5011\u7684\u4e3b\u983b\u9053\uff01\u6b61\u8fce\u4f86\u8a8d\u8b58\u6211\u5011\uff01\n\uff08\u9999\u6e2f\u4eba\uff09\u99ac\u7530\uff08\u5eda\u85dd\uff09\uff1ahttps://www.youtube.com/user/dimcookguide\n\uff08\u53f0\u7063\u4eba\uff09\u963f\u795e\uff08\u904a\u6232\uff09\uff1ahttps://www.youtube.com/user/charlie615119",
        "likeCount": "6021",
        "commentCount": "156",
        "viewCount": "158123"
    },
    "comments": [
        {
            "reply_id": "UgyJp5Y3dhVfZRONc-B4AaABAg",
            "reply_content": "\u662f\u4e0d\u662f\u53ef\u4ee5\u505a\u500b\u73a9\u5177\u89e3\u5256\u7cfb\u5217\u628a\u4ee5\u524d\u8cb7\u7684\u73a9\u5177\u90fd\u62ff\u4f86\u89e3\u5256\u76f4\u63a5\u7121\u6210\u672c\u518d\u5229\u7528"
        },
        {
            "reply_id": "Ugw2fnyVrH4QAmzcy8V4AaABAg",
            "reply_content": "\u99ac\u7530\u8aaa\u4ed6\u6b7b\u5b9a\u4e86\u7136\u5f8c\u52d5\u624b\u8853\u52d5\u7684\u5f88\u6158\ud83d\ude02"
        },
        {
            "reply_id": "UgxWYPvgQtuNCDNaXS14AaABAg",
            "reply_content": "\u963f\u795e\u53ef\u4ee5\u62cd\u7d05\u8910\u7684\u55ce"
        },
        {
            "reply_id": "Ugxf25Xmd6nlzQcKEed4AaABAg",
            "reply_content": "\u99ac\u7530\u662f\u6bba\u4eba\u72af"
        },
        {
            "reply_id": "UgyhDFx8GV5rUIljWuV4AaABAg",
            "reply_content": "\u80fd\u4e0d\u80fd\u591a\u63a5\u4e00\u9ede\u5ee3\u544a \u60f3\u770b\u5230\u4f60\u5011\u8ca1\u5bcc\u81ea\u7531\u958b\u7bb1\u66f4\u591a\u5947\u602a\u7684\u6771\u897f\uff08\u4f8b\u5982\u4e00\u8d77\u53bb\u5947\u602a\u7684\u5730\u65b9\u63a2\u96aa \u4e00\u8d77\u5403\u5f88\u5947\u602a\u7684\u6771\u897f \u4e00\u8d77\u958b\u7bb1\u5947\u602a\u7684\u6771\u897f\u4e4b\u985e\u7684\ud83d\ude02\uff09"
        },
        {
            "reply_id": "UgzyLdqZbOx7GGavSll4AaABAg",
            "reply_content": "\u6700\u5f8c\u7d50\u5c3e\u4e5f\u592a\u597d\u7b11\u4e86\u5427~"
        },
        {
            "reply_id": "UgxvLOgCacZXE-9gVIJ4AaABAg",
            "reply_content": "\u9019\u91ab\u5b78\u63a2\u79d8\u6211\u559c\u6b61\ud83d\ude02\ud83d\ude02\u53ef\u4ee5\u505a\u6210\u4e00\u500b\u7cfb\u5217\uff0c\u4e0d\u904e\u6709\u9ede\u6210\u672c\u592a\u8cb4\u5c31\u662f\ud83d\ude02"
        },
        {
            "reply_id": "UgxMaMUyY9wk3sz4bfd4AaABAg",
            "reply_content": "\u5176\u5be6\u88dd\u56de\u53bb\u9084\u883b\u53b2\u5bb3\u7684\uff0c\u8b9a\u54e6\uff01"
        },
        {
            "reply_id": "Ugy3fq7YXw6sZOQfYgp4AaABAg",
            "reply_content": "\u90a3\u5c64\u76ae\u4f3c\u4e4e\u53ef\u4ee5\u76f4\u63a5\u7528\u7f8e\u5de5\u5200\u5272\u958b"
        },
        {
            "reply_id": "UgzO8yrTowZqVKcIzih4AaABAg",
            "reply_content": "\u963f\u795e\u8272\u8272"
        },
        {
            "reply_id": "UgzoyNWP5OpcOayK0-14AaABAg",
            "reply_content": "\u7b11\u5230\u50bb\u4e86"
        },
        {
            "reply_id": "UgwiN5NQBD6ufjw8toN4AaABAg",
            "reply_content": "\u7b11\u6b7b\u4e86\u9019\u96c6"
        },
        {
            "reply_id": "UgyJH8fEKDfTyI2xR8F4AaABAg",
            "reply_content": "\u9577\u9838\u9f9c\u662f\u6c34\u5e95\u5566\ud83d\ude02"
        },
        {
            "reply_id": "Ugw4u64fDfnu3JfVnlx4AaABAg",
            "reply_content": "\u90a3\u500b\u4fbf\u4fbf \u96e2\u958b\u6c34 \u5c31\u6703\u91cd\u65b0\u8b8a\u6210\u6c99\u72c0\uff0c\u53ef\u4ee5\u91cd\u8907\u9935\u98df\u3002"
        },
        {
            "reply_id": "UgyAfQpMY7NAjybeUYp4AaABAg",
            "reply_content": "\u6709\u5920\u8ff7\u60d1\u7684\u73a9\u5177\ud83d\ude05"
        },
        {
            "reply_id": "UgzoqPwDms65ggHISPd4AaABAg",
            "reply_content": "\u597d\u5947\u5c0f\u670b\u53cb\u771f\u7684\u60f3\u8cb7\u5927\u4fbf\u70cf\u9f9c\u505a\u73a9\u5177\u55ce\ud83d\ude02"
        },
        {
            "reply_id": "Ugztdlm0l0pcltD3iyN4AaABAg",
            "reply_content": "\u662f\u5152\u7ae5\u983b\u9053\u55ce"
        },
        {
            "reply_id": "Ugy_NZAyPpKaN0r8jMB4AaABAg",
            "reply_content": "\u51b0\u6dc7\u6dcb\u7cfb\u5217\u4e0d\u898b\u4e86\uff0c\u5f88\u671f\u5f85"
        },
        {
            "reply_id": "UgwOW0x4wnNXxcCBIJJ4AaABAg",
            "reply_content": "\u90a3\u5176\u5be6\u4e00\u958b\u59cb\u53ea\u8981\u525d\u8116\u5b50\u7684\u76ae\u5c31\u597d\u4e86\u9f41XD"
        },
        {
            "reply_id": "UgzJxEW-NcVwlk8ptQF4AaABAg",
            "reply_content": "\u4e5f\u4e0d\u80fd\u7d66\u73a9\u5177\u770b"
        }
    ]
}