{
    "video_info": {
        "id": "CAWXPHhHvcc",
        "channelTitle": "\u641e\u795e\u99ac",
        "title": "\u3010\u66b4\u98a8\u5207\u83dc\u6a5f\u3011\u53f2\u4e0a\u6700\u5065\u5eb7\u9eb5\u689d\ud83e\udd52\uff5c\u8d85\u80d6\u9435\u677f\u9eb5\u79d2\u8b8a\u6c99\u62c9\uff1f",
        "description": "\u2764 \u6bcf\u5468\u4e09\u3001\u516d\u3001\u65e5\u90fd\u6709\u65b0\u5f71\u7247 !! \u5f9e\u4eca\u5929\u8d77\u958b\u59cb\u8a02\u95b1\u5427 !! \u2764\n\u52a0\u5165\u6703\u54e1\u2794https://www.youtube.com/channel/UCAsviiS5DE0pcuvxPRrrAzQ/join\n\u5728Facebook\u4e0a\u8ffd\u8e64\u6211\u5011 \u2794 https://www.facebook.com/ksmytstudio\n\u5728IG\u4e0a\u8ffd\u8e64\u6211\u5011 \u2794https://www.instagram.com/shenma_kingofcrap/\n\n\u2764\u5de5\u5546\u5408\u4f5c\u4fe1\u7bb1\uff1aksmytstudio@capsuleinc.cc\n\u2764\u8fa6\u6d3b\u52d5\u3001\u51fa\u5468\u908a\u3001\u806f\u540d\u5546\u54c1\u90fd\u6b61\u8fce\u627eCAPSULE\uff1a https://capsuleinc.co/\n\n\ud83c\udfac\u66f4\u591a\u5f71\u7247\ud83c\udfac\n\n\ud83c\udf54\u98df\u7269\u7cfb\u5217\ud83c\udf5f:https://goo.gl/fA7y1Z\n\ud83d\udca5\u65e5\u5e38\u7cfb\u5217\ud83d\udca5:https://goo.gl/qfbhyP\n\n\u4ee5\u4e0b\u662f\u6211\u5011\u7684\u4e3b\u983b\u9053\uff01\u6b61\u8fce\u4f86\u8a8d\u8b58\u6211\u5011\uff01\n\uff08\u9999\u6e2f\u4eba\uff09\u99ac\u7530\uff08\u5eda\u85dd\uff09\uff1ahttps://www.youtube.com/user/dimcookguide\n\uff08\u53f0\u7063\u4eba\uff09\u963f\u795e\uff08\u904a\u6232\uff09\uff1ahttps://www.youtube.com/user/charlie615119",
        "likeCount": "5409",
        "commentCount": "153",
        "viewCount": "199175"
    },
    "comments": [
        {
            "reply_id": "UgwOk83lvT4wZJQedfF4AaABAg",
            "reply_content": "\u6211\u89ba\u5f97\u4e00\u500b\u4eba\u7528\u4e5f\u662f\u53ef\u4ee5,\u91cd\u9ede\u662f\u7ad9\u4f4d\u8981\u5f04\u597d\u624d\u6bd4\u8f03\u597d\u65bd\u529b\n\u53f3\u624b\u63e1\u628a\u624b\u7684\u65cb\u8f49\u5e73\u9762\u61c9\u8a72\u8ddf\u8eab\u9ad4\u5782\u76f4,\u800c\u51fa\u83dc\u53e3\u662f\u5411\u5de6\u624b,\u90a3\u53f3\u624b\u5c31\u4e0d\u6703\u50cf\u99ac\u7530\u90a3\u9ebc\u5403\u529b"
        },
        {
            "reply_id": "UgzEt-mStcrdN52A72l4AaABAg",
            "reply_content": "\u5927\u9646\u5b66\u6821\u98df\u5802\u6709\u4e2a\u4e1c\u897f\u53eb\u7092\u80e1\u841d\u535c\u4e1d\u2026\u2026"
        },
        {
            "reply_id": "UgzqlzmtyCrPbKlfbol4AaABAg",
            "reply_content": "\u9019\u500b\u597d\u50cf\u6709\u4eba\u958b\u7bb1\u5230\u5dee\u7684\uff0c\u7528\u8d77\u4f86\u6574\u500b\u707d\u96e3\uff0c\u4f60\u5011\u9019\u7d44\u597d\u50cf\u6b63\u5e38\u5f88\u591a"
        },
        {
            "reply_id": "UgwxAN0Iu-mtDlYDZZB4AaABAg",
            "reply_content": "\u963f\u795e\u771f\u7684\u6709\u957f\u5927\u8bf6 \u4f1a\u5e2e\u5fd9\u4e86"
        },
        {
            "reply_id": "Ugy1W9zaBWQNJfZpgUJ4AaABAg",
            "reply_content": "\u9019\u96c6\u5f88\u597d\u7b11\ud83e\udd23"
        },
        {
            "reply_id": "UgynJzAFPpFmJAZndnt4AaABAg",
            "reply_content": "\u77ed\u7684\u863f\u8514\u7d72\u53ef\u4ee5\u76f4\u63a5\u8ddf\u86cb\u6db2\u6df7\u5728\u4e00\u8d77\u505a\u6210\u80e1\u863f\u8514\u7092\u86cb \u6211\u8d85\u611b\u5403"
        },
        {
            "reply_id": "Ugzw0sCuqZ5kRy5tu5N4AaABAg",
            "reply_content": "\u863f\u8514\u53ef\u4ee5\u51b0\u6dc7\u6dcb\u55ce"
        },
        {
            "reply_id": "Ugxd-_LsErTJ1OjiVvl4AaABAg",
            "reply_content": "\u5de5\u5177\u6709\u6d17\u55ce\ud83d\ude02"
        },
        {
            "reply_id": "UgxQQugCE_f1OwjNhQ14AaABAg",
            "reply_content": "\u4e0d\u597d\u64cd\u4f5c\u7684\u539f\u56e0\u6703\u4e0d\u6703\u662f\u56e0\u70ba\u6728\u982d\u684c\u5b50\u4e0d\u597d\u56fa\u5b9a?"
        },
        {
            "reply_id": "UgwkfNB0qEke1osyfdJ4AaABAg",
            "reply_content": "\u4e0d\u7ba1\u4f60\u5011\u958b\u7bb1\u4ec0\u9ebc\n\n\u70ba\u4ec0\u9ebc\u7e3d\u662f\u4e0d\u4e8b\u5148\u505a\u529f\u9846\u3001\u5b8c\u6574\u770b\u6e05\u695a\u8aaa\u660e\u66f8\uff1f"
        },
        {
            "reply_id": "UgzEdhFoqhYL4jjdNC14AaABAg",
            "reply_content": "\u4e0d\u53ef\u4ee5\u6d6a\u8cbb\u98df\u7269\u8981\u5168\u4e0d\u5b8c"
        },
        {
            "reply_id": "UgyzpjrBzhptFoA00lV4AaABAg",
            "reply_content": "\u611f\u89ba\u5f88\u597d\u7528\u7684\u6a23\u5b50\u8a92"
        },
        {
            "reply_id": "Ugwrr04o_6bo4GwVsNd4AaABAg",
            "reply_content": "\uff20\u9b5a\u4e7e\u5207\u7d72\u5668"
        },
        {
            "reply_id": "UgyOLVofFQ8JCGekMGF4AaABAg",
            "reply_content": "\u4ee5\u524d\u6709\u60f3\u904e\u8981\u8cb7\uff0c\u770b\u4f60\u5011\u793a\u7bc4\u4ee5\u5f8c\uff0c\u6211\u89ba\u5f97\u9084\u662f\u7b97\u4e86\uff0c\u611f\u8b1d\u4f60\u5011\u958b\u7bb1"
        },
        {
            "reply_id": "Ugz58wweCp0vOdCbMUd4AaABAg",
            "reply_content": "\u6211\u662f\u7b2c\u4e00\u6b21\u7559\u8a00\u7684"
        },
        {
            "reply_id": "UgyAu28ik4sjrfixNUB4AaABAg",
            "reply_content": "\u672c\u7247\u6c92\u6709\u4efb\u4f55\u5c0f\u9ec3\u74dc\u548c\u7d05\u863f\u8514\u53d7\u5230\u50b7\u5bb3"
        },
        {
            "reply_id": "UgzmTI0p3XVXcY35Nmp4AaABAg",
            "reply_content": "\u53ef\u4ee5\u7d05\u863f\u8514\u7092\u86cb"
        },
        {
            "reply_id": "UgzgZj2uSBvDqiwiaTV4AaABAg",
            "reply_content": "\u53ef\u4ee5\u505a\u8ff7\u4f60\u623f\u5b50\u561b"
        },
        {
            "reply_id": "Ugy-QgM3yLSDbp5EojV4AaABAg",
            "reply_content": "\u5bb6\u88e1\u6709\u500b\u6bd4\u8f03\u5c0f\u578b\u7684\u5207\u83dc\u53e3\u662f\u4f5c\u659c\u4e0b\u7684\uff0c\u5207\u5230\u6700\u5f8c\u6703\u56e0\u70ba\u9593\u4fc2\u904e\u5927\uff0c\u7121\u8ad6\u5207\u7247\u5207\u7d72\u90fd\u6703\u5269\u4e0b\u4e00\u9ede\u539a\u7247\u8981\u624b\u52d5\u5207\uff0c\u9084\u6709\u6700\u5f8c\u6e05\u6d17\u53cd\u800c\u662f\u5168\u904e\u7a0b\u6700\u9ebb\u7169\u7684\u90e8\u5206"
        },
        {
            "reply_id": "UgwvKmatoUBF4aHYsoN4AaABAg",
            "reply_content": "\u6709\u96fb\u52d5\u7248\u672c\u7684\uff0c\u4f46\u958b\u53e3\u6c92\u90a3\u9ebc\u5927\uff0c\u6240\u4ee5\u5207\u51fa\u4f86\u6bd4\u8f03\u77ed\u3002"
        }
    ]
}