{
    "video_info": {
        "id": "COSJDU6F_18",
        "channelTitle": "\u641e\u795e\u99ac",
        "title": "\u3010\u6e2f\u53f0\u5927\u6230\u3011\u53e4\u65e9\u5473\u53ef\u4ee5\u51b0\u6dc7\u6dcb\u55ce\uff1f\uff5c\u6de1\u6c34\u540d\u7522\u9eb5\u8336\u6ce1\u9905vs\u9178\u751c\u958b\u80c3\u6e2f\u5f0f\uff5c\u53ea\u6709\u4e00\u6b3e\u6210\u529f\uff1f",
        "description": "\u2764 \u6bcf\u5468\u4e09\u3001\u516d\u3001\u65e5\u90fd\u6709\u65b0\u5f71\u7247 !! \u5f9e\u4eca\u5929\u8d77\u958b\u59cb\u8a02\u95b1\u5427 !! \u2764\n\u52a0\u5165\u6703\u54e1\u2794https://www.youtube.com/channel/UCAsviiS5DE0pcuvxPRrrAzQ/join\n\u5728Facebook\u4e0a\u8ffd\u8e64\u6211\u5011 \u2794 https://www.facebook.com/ksmytstudio\n\u5728IG\u4e0a\u8ffd\u8e64\u6211\u5011 \u2794https://www.instagram.com/shenma_kingofcrap/\n\n\u2764\u5de5\u5546\u5408\u4f5c\u4fe1\u7bb1\uff1aksmytstudio@capsuleinc.cc\n\u2764\u8fa6\u6d3b\u52d5\u3001\u51fa\u5468\u908a\u3001\u806f\u540d\u5546\u54c1\u90fd\u6b61\u8fce\u627eCAPSULE\uff1a https://capsuleinc.co/\n\n\ud83c\udfac\u66f4\u591a\u5f71\u7247\ud83c\udfac\n\n\ud83c\udf54\u98df\u7269\u7cfb\u5217\ud83c\udf5f:https://goo.gl/fA7y1Z\n\ud83d\udca5\u65e5\u5e38\u7cfb\u5217\ud83d\udca5:https://goo.gl/qfbhyP\n\n\u4ee5\u4e0b\u662f\u6211\u5011\u7684\u4e3b\u983b\u9053\uff01\u6b61\u8fce\u4f86\u8a8d\u8b58\u6211\u5011\uff01\n\uff08\u9999\u6e2f\u4eba\uff09\u99ac\u7530\uff08\u5eda\u85dd\uff09\uff1ahttps://www.youtube.com/user/dimcookguide\n\uff08\u53f0\u7063\u4eba\uff09\u963f\u795e\uff08\u904a\u6232\uff09\uff1ahttps://www.youtube.com/user/charlie615119",
        "likeCount": "6922",
        "commentCount": "404",
        "viewCount": "244440"
    },
    "comments": [
        {
            "reply_id": "UgxXsNgdLGIUPlXbtOR4AaABAg",
            "reply_content": "\u5c71\u6942\u9905\u901a\u5e38\u662f\u8cb7\u51c9\u837c\u9001\u7684\uff0c\u5c0f\u65f6\u5019\u751f\u75c5\u7684\u65f6\u5019\u5abd\u5abd\u5c31\u4f1a\u53bb\u5eda\u623f\u62ff\u4e00\u500b\u51fa\u6765\u9001,\u56e0\u4e3a\u51c9\u837c\u5f88\u82e6"
        },
        {
            "reply_id": "Ugy0BRT87TwAWxsInhB4AaABAg",
            "reply_content": "\u6211\u6bd4\u8f03\u559c\u6b61\u5403\u53f0\u7063\u7684\u4ed9\u78b4\uff01\u53e3\u611f\u4e5f\u6bd4\u8f03\u597d\uff01"
        },
        {
            "reply_id": "Ugx2k9iJnInZWca_CMp4AaABAg",
            "reply_content": "\u6ce1\u9905\u4e0d\u662f\u76f4\u63a5\u5403\u7684\uff0c\u8981\u52a0\u71b1\u6c34\u6ce1"
        },
        {
            "reply_id": "UgxZQCZh3z2fo7F37N54AaABAg",
            "reply_content": "\u52a0\u8001\u5a46\u9905"
        },
        {
            "reply_id": "UgwztYch8s8COBio21J4AaABAg",
            "reply_content": "\u9eb5\u8336\u7c89\u672c\u4f86\u5c31\u662f\u7092\u904e\u7684\n\u662f\u5728\u8b1b\u5ee2\u8a71\u55ce"
        },
        {
            "reply_id": "UgzYDEm9gITlTxjTNRt4AaABAg",
            "reply_content": "\u70cf\u9f8d\u8336\u53ef\u4ee5\u51b0\u6dc7\u6dcb\u55ce\n\u7d05\u8336\u53ef\u4ee5\u51b0\u6dc7\u6dcb\u55ce\n\u7da0\u8336\u53ef\u4ee5\u51b0\u6dc7\u6dcb\u55ce\n\u8304\u5b50\u53ef\u51b0\u6dc7\u6dcb\u55ce\n\u5357\u74dc\u53ef\u4ee5\u51b0\u6dc7\u6dcb\u55ce\n\u99ac\u9234\u85af\u53ef\u4ee5\u51b0\u6dc7\u6dcb\u55ce\n\u9f8d\u773c\u53ef\u4ee5\u51b0\u6dc7\u6dcb\u55ce\n\u5730\u74dc\u53ef\u4ee5\u51b0\u6dc7\u6dcb\u55ce\n\u8354\u679d\u53ef\u4ee5\u51b0\u6dc7\u6dcb\u55ce\n\u54c8\u5bc6\u74dc\u53ef\u4ee5\u51b0\u6dc7\u6dcb\u55ce\n\u8d77\u53f8\u53ef\u4ee5\u51b0\u6dc7\u6dcb\u55ce"
        },
        {
            "reply_id": "Ugyk4VgxWE-FFRiTc7l4AaABAg",
            "reply_content": "\u7ea2\u9152\u53ef\u4ee5\u51b0\u6dc7\u6dcb\u5417\uff1f"
        },
        {
            "reply_id": "UgxbdCdJcrAAXZd17vB4AaABAg",
            "reply_content": "\u662f\u56e0\u4e3a\u662f\u53a8\u5e08\u7684\u5173\u7cfb\u5417\uff1f\n\u611f\u89c9\u9a6c\u7530\u5bf9\u5947\u602a\u7684\u5473\u9053\u7684\u98df\u7269\u5f88\u597d\u5947\uff0c\u4f1a\u4e00\u76f4\u5403\ud83d\ude02\ud83d\ude02"
        },
        {
            "reply_id": "UgxxCl72LN0df-aw2Yp4AaABAg",
            "reply_content": "\u8fa3\u6912\u53ef\u4e0d\u53ef\u4ee5\u51b0\u6dc7\u6dcb"
        },
        {
            "reply_id": "Ugwj39jEN56kTADCBiV4AaABAg",
            "reply_content": "\u9ebb\u85af\u53ef\u4e0d\u53ef\u4ee5\u51b0\u6dc7\u6dcb"
        },
        {
            "reply_id": "UgyvANdODrkrPAeZRZF4AaABAg",
            "reply_content": "\u5730\u74dc\u53ef\u4e0d\u53ef\u4ee5\u51b0\u6dc7\u6dcb"
        },
        {
            "reply_id": "UgyZD1TBqBAJgu5igBp4AaABAg",
            "reply_content": "\u99ac\u9234\u85af\u53ef\u4e0d\u53ef\u4ee5\u51b0\u6dc7\u6dcb"
        },
        {
            "reply_id": "UgyHN8MT8U30_nQML_p4AaABAg",
            "reply_content": "\u69b4\u69e4\u53ef\u4e0d\u53ef\u4ee5\u51b0\u6dc7\u6dcb"
        },
        {
            "reply_id": "UgyVHVcSZNZvS1qvYdN4AaABAg",
            "reply_content": "\u8354\u679d\u53ef\u4e0d\u53ef\u4ee5\u51b0\u6dc7\u6dcb"
        },
        {
            "reply_id": "UgwyGzzfP9TNJ_KYEQJ4AaABAg",
            "reply_content": "\u9f8d\u773c\u53ef\u4e0d\u53ef\u4ee5\u51b0\u6dc7\u6dcb"
        },
        {
            "reply_id": "UgwwgK2WjUQefw_ckVt4AaABAg",
            "reply_content": "\u706b\u9f8d\u679c\u53ef\u4e0d\u53ef\u4ee5\u51b0\u6dc7\u6dcb"
        },
        {
            "reply_id": "Ugw13sQYbOpqruiOyKF4AaABAg",
            "reply_content": "\u4f60\u5011\u8a66\u4e00\u4e0b\u6574\u5496\u55b1\u5473\u96ea\u7cd5\uff1f\ud83d\ude02"
        },
        {
            "reply_id": "Ugywv0tXNUFiBMsvphV4AaABAg",
            "reply_content": "\u725b\u6392\u53ef\u4ee5\u51b0\u6dc7\u6dcb\u55ce?"
        },
        {
            "reply_id": "UgxF05gKxANuEWKXHiV4AaABAg",
            "reply_content": "\u53ee\u53ee\u7cd6\u5728\u81fa\u7063\u53eb\u7cd6\u8525"
        },
        {
            "reply_id": "UgzXF-TNPo7PW6PfUhN4AaABAg",
            "reply_content": "\u53ef\u4ee5\u4f86\u500b\u98df\u88dc\u6e6f\u51b0\u6dc7\u6dcb\u55ce\ud83d\ude02"
        }
    ]
}