{
    "video_info": {
        "id": "dNjSv-dz5BY",
        "channelTitle": "\u641e\u795e\u99ac",
        "title": "\u3010\u5eda\u85dd\u89ba\u9192\u3011\u81ea\u91c0\u6885\u9152x\u9ed1\u6697\u6599\u7406\uff01\u6885\u5b50\u7d05\u71d2\u8089\ud83d\udd25\u6599\u7406\u4e4b\u795e\u89aa\u8eab\u793a\u7bc4\u2764\ufe0f\u5473\u9053\u9a5a\u70ba\u5929\u4eba\uff01",
        "description": "\u2764 \u6bcf\u5468\u4e09\u3001\u516d\u3001\u65e5\u90fd\u6709\u65b0\u5f71\u7247 !! \u5f9e\u4eca\u5929\u8d77\u958b\u59cb\u8a02\u95b1\u5427 !! \u2764\n\u52a0\u5165\u6703\u54e1\u2794https://www.youtube.com/channel/UCAsviiS5DE0pcuvxPRrrAzQ/join\n\u5728Facebook\u4e0a\u8ffd\u8e64\u6211\u5011 \u2794 https://www.facebook.com/ksmytstudio\n\u5728IG\u4e0a\u8ffd\u8e64\u6211\u5011 \u2794https://www.instagram.com/shenma_kingofcrap/\n\n\u2764\u5de5\u5546\u5408\u4f5c\u4fe1\u7bb1\uff1aksmytstudio@capsuleinc.cc\n\u2764\u60f3\u6210\u70ba\u4e0b\u4e00\u500b\u9802\u5c16 YouTube \u5275\u4f5c\u8005\u55ce\uff1f\u53ea\u8981\u60a8\u6709 YouTube \u983b\u9053\uff0c\u3010CAPSULE Academy\u3011 \u6b61\u8fce\u60a8\u7684\u52a0\u5165\u2764\n\u2192 http://bit.ly/2RtgPUv\n\n\ud83c\udfac\u66f4\u591a\u5f71\u7247\ud83c\udfac\n\n\ud83c\udf54\u98df\u7269\u7cfb\u5217\ud83c\udf5f:https://goo.gl/fA7y1Z\n\ud83d\udca5\u65e5\u5e38\u7cfb\u5217\ud83d\udca5:https://goo.gl/qfbhyP\n\n\u4ee5\u4e0b\u662f\u6211\u5011\u7684\u4e3b\u983b\u9053\uff01\u6b61\u8fce\u4f86\u8a8d\u8b58\u6211\u5011\uff01\n\uff08\u9999\u6e2f\u4eba\uff09\u99ac\u7530\uff08\u5eda\u85dd\uff09\uff1ahttps://www.youtube.com/user/dimcookguide\n\uff08\u53f0\u7063\u4eba\uff09\u963f\u795e\uff08\u904a\u6232\uff09\uff1ahttps://www.youtube.com/user/charlie615119",
        "likeCount": "6958",
        "commentCount": "134",
        "viewCount": "216804"
    },
    "comments": [
        {
            "reply_id": "UgzVAQjGqnEPfJU_1hx4AaABAg",
            "reply_content": "\u6709\u751f\u4e4b\u5e74\u5c45\u7136\u770b\u5f97\u5230\u5169\u5e74\u524d\u91c0\u7684\u6885\u9152\u958b\u7bb1\ud83d\ude02"
        },
        {
            "reply_id": "Ugyv0RzwkIc1oFZOzm14AaABAg",
            "reply_content": "\u88ab\u5f31\u96de\u5c71\u8108\u641e\u5230\u5657\u54e7\u4e00\u7b11\u7684\u6211\u611f\u5230\u7f9e\u6127"
        },
        {
            "reply_id": "UgzI1JEAuO0CEIZrPpZ4AaABAg",
            "reply_content": "\u7434\u5718\u9577\u9152"
        },
        {
            "reply_id": "UgwvexKdBUENsVkjXNh4AaABAg",
            "reply_content": "\u7ea2\u70e7\u8089\u53ef\u4ee5\u51b0\u6dc7\u6dcb\u5417\uff1f"
        },
        {
            "reply_id": "Ugw6CoBzo7a8L4qblaJ4AaABAg",
            "reply_content": "\u96e3\u5f97\u641e\u795e\u99ac\u505a\u51fa\u597d\u5403\u7684\u98df\u7269\uff0c\u7d66\u963f\u795e\u62cd\u62cd\u624b\ud83d\udc4f\ud83d\udc4f\ud83d\udc4f\u6210\u9577\u5f88\u591a\uff01\n\u9019\u6b21\u7684\u6599\u7406\u4e4b\u795e\u540d\u526f\u5176\u5be6\ud83d\udc4d"
        },
        {
            "reply_id": "UgzZsT5OvaC8RjFYnA94AaABAg",
            "reply_content": "\u559d\u8eca\u4e0d\u958b\u9152\u958b\u9152\u4e0d\u559d\u8eca"
        },
        {
            "reply_id": "UgycNlYuSVuHVeYXjUp4AaABAg",
            "reply_content": "\u90a3\u500b\u6885\u5b50\u5176\u5be6\u53ef\u4ee5\u5403\u3002\u9152\u5473\u61c9\u8a72\u6703\u6bd4\u76f4\u63a5\u559d\u66f4\u6fc3\u3002\u716e\u83dc\u7684\u8a71\u53ef\u4ee5\u7a0d\u5fae\u58d3\u4e00\u4e0b\u5473\u9053\u6703\u66f4\u597d\u66f4\u9999\u54e6\uff5e\uff08\u90a3\u500b\u8089\u770b\u8d77\u4f86\u597d\u597d\u5403\u554a\uff5e\u2661\uff09"
        },
        {
            "reply_id": "UgyI2rdppLT9h8KPDSd4AaABAg",
            "reply_content": "\u641e\u795e\u99ac\u7684\u99ac\u7530\u6bd4\u4ee5\u524d\u6d3b\u6f51\u4e9b\u554a!"
        },
        {
            "reply_id": "Ugw9iJ2WjUNzPSAgnVJ4AaABAg",
            "reply_content": "\u6240\u4ee5\u6211\u8aaa\u6c34\u679c\u9152\u5462"
        },
        {
            "reply_id": "Ugzryy0cAosenxkXVkh4AaABAg",
            "reply_content": "\u7d42\u65bc\u958b\u7bb1\u4e86\uff01"
        },
        {
            "reply_id": "Ugw-HyTldGZivvmLjox4AaABAg",
            "reply_content": "\u6392\u8c22\u4f60\u4eec\u770b\u5230\u7684\u5927\u5934\u50cf\u662f\u6211\u5988\u54aa\u00b7"
        },
        {
            "reply_id": "Ugz4ouMo2zDHQ3KFi2p4AaABAg",
            "reply_content": "\u770b\u4f60\u4eec\u5403\u6211\u4e5f\u60f3\u5403"
        },
        {
            "reply_id": "UgxSG16M1Mn3BZSdGUV4AaABAg",
            "reply_content": "\u9ed1\u6697\u6599\u7406"
        },
        {
            "reply_id": "Ugw4HQrzunI16tyXg1p4AaABAg",
            "reply_content": "\u53ef\u4ee5\u518d\u62cd\u591a\u4e00\u6b21\u8abf\u9152\u55ce\uff1f"
        },
        {
            "reply_id": "Ugwb8aagAaFt1Gos0i94AaABAg",
            "reply_content": "\u597d\u50cf\u4e0d\u53eb\u7434\u9152 \u597d\u50cf\u53eb\u91d1\u9152"
        },
        {
            "reply_id": "UgwPRJt0OJugHWEZ5Xx4AaABAg",
            "reply_content": "\u958b\u982d\u7684\u7b11\u5bb9\u89ba\u5f97\u81ea\u7136\u4e00\u4e9b\u6bd4\u8f03\u597d"
        },
        {
            "reply_id": "Ugx-v_YQlYTzaeGBPZl4AaABAg",
            "reply_content": "\u7434\u9152\u4e0d\u662f\u67ef\u5357\u88e1\u9762\u7684\u55ce"
        },
        {
            "reply_id": "UgxnCdoUDtV6FZg47yl4AaABAg",
            "reply_content": "\u9019\u6642\u5019\u61c9\u8a72\u7559\u500b\n\u81ea\u91c0\u6885\u9152\u53ef\u4ee5\u51b0\u6dc7\u6dcb\u55ce\uff1f\ud83d\ude02"
        },
        {
            "reply_id": "UgxnLV0JSBhX7VOgBop4AaABAg",
            "reply_content": "\u54c7\u6649\u5347\u70ba\u6599\u7406\u983b\u9053\u4e86\uff01\ud83d\ude02"
        },
        {
            "reply_id": "UgwGBP-Swz8y_JkTRPJ4AaABAg",
            "reply_content": "\u624b\u624b\u4e92\u78b0\u7684\u6642\u5019\u6211\u53e3\u4e2d\u7684\u6885\u5b50\u5dee\u9ede\u5674\u51fa\u4f86\ud83d\ude33\ud83e\udee3"
        }
    ]
}