{
    "video_info": {
        "id": "DUnfgDaefyw",
        "channelTitle": "\u641e\u795e\u99ac",
        "title": "\u3010\u958b\u7bb1\u5c0d\u6c7a\u3011$199\u6587\u5177\u798f\u888b\uff5c\u540c\u50f9\u9322\u8d85\u53cd\u5dee\u7684\u5167\u5bb9\uff01",
        "description": "\u2764 \u6bcf\u5468\u4e09\u3001\u516d\u3001\u65e5\u90fd\u6709\u65b0\u5f71\u7247 !! \u5f9e\u4eca\u5929\u8d77\u958b\u59cb\u8a02\u95b1\u5427 !! \u2764\n\u52a0\u5165\u6703\u54e1\u2794https://www.youtube.com/channel/UCAsviiS5DE0pcuvxPRrrAzQ/join\n\u5728Facebook\u4e0a\u8ffd\u8e64\u6211\u5011 \u2794 https://www.facebook.com/ksmytstudio\n\u5728IG\u4e0a\u8ffd\u8e64\u6211\u5011 \u2794https://www.instagram.com/shenma_kingofcrap/\n\n\u2764\u5de5\u5546\u5408\u4f5c\u4fe1\u7bb1\uff1aksmytstudio@capsuleinc.cc\n\u2764\u8fa6\u6d3b\u52d5\u3001\u51fa\u5468\u908a\u3001\u806f\u540d\u5546\u54c1\u90fd\u6b61\u8fce\u627eCAPSULE\uff1a https://capsuleinc.co/\n\n\ud83c\udfac\u66f4\u591a\u5f71\u7247\ud83c\udfac\n\n\ud83c\udf54\u98df\u7269\u7cfb\u5217\ud83c\udf5f:https://goo.gl/fA7y1Z\n\ud83d\udca5\u65e5\u5e38\u7cfb\u5217\ud83d\udca5:https://goo.gl/qfbhyP\n\n\u4ee5\u4e0b\u662f\u6211\u5011\u7684\u4e3b\u983b\u9053\uff01\u6b61\u8fce\u4f86\u8a8d\u8b58\u6211\u5011\uff01\n\uff08\u9999\u6e2f\u4eba\uff09\u99ac\u7530\uff08\u5eda\u85dd\uff09\uff1ahttps://www.youtube.com/user/dimcookguide\n\uff08\u53f0\u7063\u4eba\uff09\u963f\u795e\uff08\u904a\u6232\uff09\uff1ahttps://www.youtube.com/user/charlie615119",
        "likeCount": "7464",
        "commentCount": "325",
        "viewCount": "256880"
    },
    "comments": [
        {
            "reply_id": "Ugz0QeMbe6LMUf5jPEl4AaABAg",
            "reply_content": "\u5176\u5be6\u53f0\u8a9e\u6709\u6587\u5b57\u5594\uff5e\u73fe\u5728\u6559\u80b2\u90e8\u6709\u95a9\u5357\u8a9e\u67e5\u7528\u8a5e\u8fad\u5178\uff0c\u9664\u4e86\u6587\u5b57\u9084\u6709\u63d0\u4f9b\u767c\u97f3\u5594\uff01\u50cf\u662f\u963f\u795e\u525b\u624d\u8b1b\u7684\u53eb\u300c\u865b\u83ef\u300d\u3002\u9084\u6709\uff0c\u6240\u8b02\u7684\u95a9\u5357\u8a9e\u5176\u5be6\u662f\u5510\u4ee3\u7684\u5b98\u65b9\u8a9e\u8a00\uff0c\u4fdd\u7559\u4e86\u8a31\u591a\u5510\u5b8b\u6642\u671f\u7684\u8a9e\u97f3\u53ca\u8a5e\u5f59\uff0c\u6240\u4ee5\u5510\u8a69\u5176\u5be6\u8981\u7528\u95a9\u5357\u8a9e\u5ff5\u6bd4\u8f03\u9069\u5408\u5594\uff01\u800c\u6240\u8b02\u7684\u53f0\u8a9e\uff0c\u662f\u4ee5\u95a9\u5357\u8a9e\u70ba\u57fa\u790e\uff0c\u4f86\u53f0\u7063\u4e4b\u5f8c\u7d50\u5408\u65e5\u8a9e\u548c\u5728\u5730\u8a9e\u8a00\u5ef6\u4f38\u51fa\u4f86\u7684\uff0c\u4f9b\u5927\u5bb6\u53c3\u8003\uff01"
        },
        {
            "reply_id": "UgzDjcYBpa_yql2-SZt4AaABAg",
            "reply_content": "\u99ac\u524d\u592b\u4eba"
        },
        {
            "reply_id": "Ugx10QWG-_4Ja5IcQM94AaABAg",
            "reply_content": "\u6211\u9078\u963f\u795e\uff0c\u56e0\u70ba\u54c1\u8cea\u8ddf\u6750\u8cea\u771f\u5f97\u5f88\u91cd\u8981"
        },
        {
            "reply_id": "Ugwx1Uz4uwEWvCJQbIp4AaABAg",
            "reply_content": "\u8b9a\u8b9a"
        },
        {
            "reply_id": "UgyIW2pOreQvvRStl294AaABAg",
            "reply_content": "\u99ac\u7530\u7684\u6bd4\u8f03\u597d\u6709\u5f69\u8272\u7b46"
        },
        {
            "reply_id": "UgyivTMSes0XDcIGvmN4AaABAg",
            "reply_content": "\u963f\u795e"
        },
        {
            "reply_id": "UgzU7OKgNMF9FXBG8yJ4AaABAg",
            "reply_content": "\u99ac\u7530"
        },
        {
            "reply_id": "Ugx_jd-kcqLvN2x8nuV4AaABAg",
            "reply_content": "\u6211\u89ba\u5f97\u99ac\u7530\u8ddf\u963f\u795e\u6735\u5f88\u68d2\ud83c\udf89"
        },
        {
            "reply_id": "Ugx0-GFdtTYXAPj4P9p4AaABAg",
            "reply_content": "\u672c\u4eba\u8f03\u63a8\u85a6\u963f\u795e\u7684\u56e0\u70ba\u6731\u53cb\u6211\u500b\u4eba\u5e38\u7528\u7684\u540d\u724c"
        },
        {
            "reply_id": "UgzFgHRPdOR_wcaANEV4AaABAg",
            "reply_content": "\u7576\u7136\u662f\u795e\u795e"
        },
        {
            "reply_id": "UgxKpvq1qFHLBpSS_RV4AaABAg",
            "reply_content": "\u963f\u795e"
        },
        {
            "reply_id": "Ugw31ukgBKvQEIPMWj54AaABAg",
            "reply_content": "\u9664\u4e86\u5b78\u751f\u6211\u4e0d\u76f8\u4fe1\u6709\u4eba\u6703\u5f9e\u982d\u5230\u5c3e\u7528\u5b8c\u4e00\u672c\u7b46\u8a18\u672c"
        },
        {
            "reply_id": "UgyblATjCXL9jBO6hjl4AaABAg",
            "reply_content": "\u99ac\u7530"
        },
        {
            "reply_id": "Ugx4bytz9jgpmjRMZEF4AaABAg",
            "reply_content": "\u73e0\u53cb\u2026\u722d\u8b70\u5f88\u591a \u96d6\u7136\u662f\u53f0\u7063\u7684 \u4f46\u4ed6\u5f88\u611b\u6284\u8972\u5225\u4eba\u7684\u5275\u610f\u53bb\u505a\u81ea\u5df1\u7684\u4f5c\u54c1"
        },
        {
            "reply_id": "UgzeNiChWVfJRSyNmL54AaABAg",
            "reply_content": "\u73e0\u53cb\u7684\u7d19\u88fd\u54c1\u8cea\u611f\u662f\u771f\u7684\u4e0d\u932f,\u6211\u6bcf\u5e74\u5e74\u5e95\u90fd\u6703\u53bb\u8cb7\u4ed6\u5011\u5bb6\u7684\u5de5\u4f5c\u7528\u8a18\u4e8b\u672c"
        },
        {
            "reply_id": "UgwX2Qv9Xv_XMi6bCZR4AaABAg",
            "reply_content": "\u771f\u597d\u770b\u6211\u89ba\u5f97\u662f\u99ac\u7530"
        },
        {
            "reply_id": "Ugz1Hr2YYEthMPGK4up4AaABAg",
            "reply_content": "\u99ac\u7530"
        },
        {
            "reply_id": "UgxiMqawGpy9t2Rrted4AaABAg",
            "reply_content": "\u99ac\u7530\u597d\u5e25"
        },
        {
            "reply_id": "Ugzh-MsTNiV34OEzfi94AaABAg",
            "reply_content": "\u99ac\u7530"
        },
        {
            "reply_id": "UgyuUm-Ow_i1H5pYcOV4AaABAg",
            "reply_content": "\u99ac\u7530"
        }
    ]
}