{
    "video_info": {
        "id": "e3H7j4b2h_o",
        "channelTitle": "\u641e\u795e\u99ac",
        "title": "\u3010\u5f9e\u96f6\u958b\u59cb\u990a\u3011\u7db2\u4e0a\u7206\u7d05\u8292\u679c\u6838\ud83e\udd6d\u6700\u5bb9\u6613\u990a\u8d85\u7642\u7652\u7684\u6bdb\u5c0f\u5b69",
        "description": "\u6700\u5f8c\u4e00\u5929 !! \u4e0d\u77e5\u9053\u662f\u4e0d\u662f\u6700\u5f8c\u4e00\u6b21\uff0c\u4f46\u7d55\u5c0d\u7372\u5f97\u641e\u795e\u99ac\u8863\u67b6\u7684\u6700\u5f8c\u6a5f\u6703!!\n\u641e\u795e\u99ac\u591a\u5143\u5b87\u5b99\u70e4\u8089\u5957\u7d44\uff1ahttps://lihi2.com/c5h84\n\u9999\u6e2f\u7684\u5b87\u5b99\u9019\u908a\u8d70\uff1ahttps://www.meatnpot.com/\n\u60f3\u8981\u64c1\u6709\u99ac\u7530\u53d4\u53d4\u7368\u5bb6\u8a2d\u8a08\u7684\u963f\u795e\u99ac\u7530\u8863\u67b6\uff0c\u53ea\u9001\u4e0d\u8ce3\ud83d\udd25\ud83d\udd25\n\n\n\u2764 \u6bcf\u5468\u4e09\u3001\u516d\u3001\u65e5\u90fd\u6709\u65b0\u5f71\u7247 !! \u5f9e\u4eca\u5929\u8d77\u958b\u59cb\u8a02\u95b1\u5427 !! \u2764\n\u52a0\u5165\u6703\u54e1\u2794https://www.youtube.com/channel/UCAsviiS5DE0pcuvxPRrrAzQ/join\n\u5728Facebook\u4e0a\u8ffd\u8e64\u6211\u5011 \u2794 https://www.facebook.com/ksmytstudio\n\u5728IG\u4e0a\u8ffd\u8e64\u6211\u5011 \u2794https://www.instagram.com/shenma_kingofcrap/\n\n\u2764\u5de5\u5546\u5408\u4f5c\u4fe1\u7bb1\uff1aksmytstudio@capsuleinc.cc\n\u2764\u8fa6\u6d3b\u52d5\u3001\u51fa\u5468\u908a\u3001\u806f\u540d\u5546\u54c1\u90fd\u6b61\u8fce\u627eCAPSULE\uff1a https://capsuleinc.co/\n\n\ud83c\udfac\u66f4\u591a\u5f71\u7247\ud83c\udfac\n\n\ud83c\udf54\u98df\u7269\u7cfb\u5217\ud83c\udf5f:https://goo.gl/fA7y1Z\n\ud83d\udca5\u65e5\u5e38\u7cfb\u5217\ud83d\udca5:https://goo.gl/qfbhyP\n\n\u4ee5\u4e0b\u662f\u6211\u5011\u7684\u4e3b\u983b\u9053\uff01\u6b61\u8fce\u4f86\u8a8d\u8b58\u6211\u5011\uff01\n\uff08\u9999\u6e2f\u4eba\uff09\u99ac\u7530\uff08\u5eda\u85dd\uff09\uff1ahttps://www.youtube.com/user/dimcookguide\n\uff08\u53f0\u7063\u4eba\uff09\u963f\u795e\uff08\u904a\u6232\uff09\uff1ahttps://www.youtube.com/user/charlie615119",
        "likeCount": "6518",
        "commentCount": "146",
        "viewCount": "181356"
    },
    "comments": [
        {
            "reply_id": "UgwXVnX3uREJJ4E7vF94AaABAg",
            "reply_content": "\u53ef\u4ee5\u767c\u8292\u679c\u8fd1\u6cc1\u55ce\ud83d\ude02"
        },
        {
            "reply_id": "UgxTrLNAdN5qQTSFYEB4AaABAg",
            "reply_content": "\u8d85\u5ee2\u8d85\u53ef\u611b\uff0c\u7b11\u6b7b"
        },
        {
            "reply_id": "UgyU4ToG34opyTQ-VFl4AaABAg",
            "reply_content": "\u6211\u5230\u5e95\u770b\u4e86\u751a\u9ebc\ud83d\ude02"
        },
        {
            "reply_id": "UgwVGgEaJB33C3X1wLh4AaABAg",
            "reply_content": "\u8981\u591a\u6bdb \u61c9\u8a72\u4e0d\u8981\u7528\u5200\u5207 \u5403\u5b8c\u76f4\u63a5\u6d17\u5237\u61c9\u8a72\u5c31\u53ef\u4ee5"
        },
        {
            "reply_id": "UgwX-P7CEWGFIByH50V4AaABAg",
            "reply_content": "\u8292\u679c\u6838\u4e5f\u53ef\u4ee5\u990a\u4e86\ud83d\ude02"
        },
        {
            "reply_id": "UgwRvTbpkbU4pCt-KDN4AaABAg",
            "reply_content": "\u89c0\u770b\u5347\u4e86\uff01"
        },
        {
            "reply_id": "UgxccEet8-_kldoFM6R4AaABAg",
            "reply_content": "\u5f9e\u96f6\u958b\u59cb\u990a\u6709\u9ede\u719f\u6089\ud83d\ude02\n\u662f\u4e0d\u662f\u770b\u904e \u8a31\u4f2f&\u7c21\u829d"
        },
        {
            "reply_id": "UgxBlBqG4dOPpKDP-954AaABAg",
            "reply_content": "\u641e\u795e\u99ac\u5c31\u662f\n\u963f\u795e\u8ddf\u99ac\u7530\u90fd\u89ba\u5f97\u5f88\u767d\u7661\n\u89c0\u773e\u4e5f\u89ba\u5f97\n\u4f46\u4ed6\u5011\u9084\u662f\u62cd\u51fa\u4f86\u6211\u5011\u9084\u662f\u770b\u5b8c\u4e86\ud83d\ude02\ud83d\ude02\ud83d\ude02"
        },
        {
            "reply_id": "UgyzRrMVkPPwRgOwHmF4AaABAg",
            "reply_content": "\u53ef\u4ee5\u518d\u627e\u9ec3\u6c0f\u5144\u5f1f\u62cd\u7247\u55ce"
        },
        {
            "reply_id": "Ugzy62aWpatxEsxtDjR4AaABAg",
            "reply_content": "\u7528\u5207\u7684\u6703\u5243\u5149\u982d\uff0c\u8981\u7528\u5543\u7684\u5566"
        },
        {
            "reply_id": "UgzvVQ-0_xX78EI4zWJ4AaABAg",
            "reply_content": "\u54ed\u554a\uff0c\u5f71\u7247\u51fa\u7684\u6642\u5019\u5df2\u7d93\u4e0b\u67b6\u4e86\ud83d\ude02\ud83d\ude02"
        },
        {
            "reply_id": "UgyUxOuo9RUQpve5Uqh4AaABAg",
            "reply_content": "\u8868\u9762\u4e0a\u719f\u6210\u6703\u6709\u9ede\u8edf\uff0c\u53ca\u53ef\u4ee5\u653e\u5728\u5ba4\u6eab\u4e0d\u8981\u9032\u51b0\u7bb1\uff0c\u6216\u8292\u679c\u65c1\u908a\u653e\u9999\u8549\u6216\u860b\u679c\uff0c\u719f\u6210\u8868\u9762\u6703\u6709\u9ed1\u9ede\u6162\u6162\u51fa\u73fe"
        },
        {
            "reply_id": "Ugy2jg7uQD8NcBBdy_l4AaABAg",
            "reply_content": "\u9019\u9846\u8292\u679c\u4e5f\u7b97\u6dcb\u6f13\u76e1\u81f4\u4e86"
        },
        {
            "reply_id": "Ugwh-HfLD7XejTnQ9W54AaABAg",
            "reply_content": "\u963f\u795e\u4f60\u53ef\u4ee5\u990a\u77f3\u982d"
        },
        {
            "reply_id": "Ugw3KWT_qq5H2Or28mJ4AaABAg",
            "reply_content": "\u5403\u5341\u5e74\u8292\u679c\u624d\u77e5\u9053\n\u8292\u679c\u539f\u4f86\u6709\u6838\ud83d\ude02\ud83d\ude02"
        },
        {
            "reply_id": "UgyKEPC-aqqQ-s5fGHF4AaABAg",
            "reply_content": "\u6709\u6c92\u6709\u4e00\u7a2e\u53ef\u80fd \u662f\u56e0\u70ba\u6bdb\u5df2\u7d93\u88ab\u5200\u522e\u6389\u4e86....\u6211\u8a18\u5f97\u8981\u6709\u7559\u8089\n\u518d\u7528\u5927\u91cf\u7684\u6c34\u6413\u4e7e\u6de8 \u4e7e\u4e86\u5c31\u6709\u6bdb\u4e86 \u4f46\u99ac\u7530\u597d\u50cf\u522e\u592a\u4e7e\u6de8\u4e86\u54e6\u5df2\u7d93\u662f\u812b\u6bdb\u4e86"
        },
        {
            "reply_id": "UgyM9PFnZTNeY5miKRx4AaABAg",
            "reply_content": "\u7b2c\u4e09\u6b21\u4f7f\u7528\u9019\u500b\u8292\u679c\u61c9\u8a72\u662f\u767c\u82bd\u4e86"
        },
        {
            "reply_id": "Ugy3OUAfftDWzSRq9IN4AaABAg",
            "reply_content": "\u6211\u60f3\u990a\u77f3\u982d\u4e86"
        },
        {
            "reply_id": "UgzeLhEH-hasCCTHb_14AaABAg",
            "reply_content": "\u9019\u500b\u6545\u4e8b\u544a\u8a34\u6211\u5011\uff0c\u7576\u4f60\u7684\u982d\u9aee\u5f88\u5c11\u7684\u6642\u5019\u5c31\u5225\u5728\u6298\u9a30\u5b83\u4e86\ud83d\udc94"
        },
        {
            "reply_id": "UgyP2tvtybF41x3tpsl4AaABAg",
            "reply_content": "\u7528\u571f\u8292\u679c\u53ef\u80fd\u6703\u6bd4\u8f03\u597d"
        }
    ]
}