{
    "video_info": {
        "id": "FJDXS29ql1A",
        "channelTitle": "\u641e\u795e\u99ac",
        "title": "\u3010\u7206\u7d05\u5be6\u9a57\u3011\u4e0d\u53ef\u80fd\u5be6\u73fe\uff01\u5be6\u6e2c\u6296\u97f3tiktok\ud83d\udd25\u8c6a\u83ef\u7fa9\u5927\u5229\u9eb5\u934b\u88e1\u5012",
        "description": "\u3010\u8ca9\u552e\u671f\u9593\uff1a2023/8/23-9/30\u3011\n\u641e\u795e\u99ac\u591a\u5143\u5b87\u5b99\u70e4\u8089\u5957\u7d44\uff1ahttps://lihi2.com/c5h84\n\u9999\u6e2f\u7684\u5b87\u5b99\u9019\u908a\u8d70\uff1ahttps://www.meatnpot.com/\n\u76ee\u524d\u53f0\u7063\u70e4\u8089\u7d44\u4e0b\u5b9a\uff0c\u6703\u5728\u4e2d\u79cb\u7bc0\u300c\u5f8c\u300d\u6536\u5230\u5594\uff01\n\n\n\u2764 \u6bcf\u5468\u4e09\u3001\u516d\u3001\u65e5\u90fd\u6709\u65b0\u5f71\u7247 !! \u5f9e\u4eca\u5929\u8d77\u958b\u59cb\u8a02\u95b1\u5427 !! \u2764\n\u52a0\u5165\u6703\u54e1\u2794https://www.youtube.com/channel/UCAsviiS5DE0pcuvxPRrrAzQ/join\n\u5728Facebook\u4e0a\u8ffd\u8e64\u6211\u5011 \u2794 https://www.facebook.com/ksmytstudio\n\u5728IG\u4e0a\u8ffd\u8e64\u6211\u5011 \u2794https://www.instagram.com/shenma_kingofcrap/\n\n\u2764\u5de5\u5546\u5408\u4f5c\u4fe1\u7bb1\uff1aksmytstudio@capsuleinc.cc\n\u2764\u8fa6\u6d3b\u52d5\u3001\u51fa\u5468\u908a\u3001\u806f\u540d\u5546\u54c1\u90fd\u6b61\u8fce\u627eCAPSULE\uff1a https://capsuleinc.co/\n\n\ud83c\udfac\u66f4\u591a\u5f71\u7247\ud83c\udfac\n\n\ud83c\udf54\u98df\u7269\u7cfb\u5217\ud83c\udf5f:https://goo.gl/fA7y1Z\n\ud83d\udca5\u65e5\u5e38\u7cfb\u5217\ud83d\udca5:https://goo.gl/qfbhyP\n\n\u4ee5\u4e0b\u662f\u6211\u5011\u7684\u4e3b\u983b\u9053\uff01\u6b61\u8fce\u4f86\u8a8d\u8b58\u6211\u5011\uff01\n\uff08\u9999\u6e2f\u4eba\uff09\u99ac\u7530\uff08\u5eda\u85dd\uff09\uff1ahttps://www.youtube.com/user/dimcookguide\n\uff08\u53f0\u7063\u4eba\uff09\u963f\u795e\uff08\u904a\u6232\uff09\uff1ahttps://www.youtube.com/user/charlie615119",
        "likeCount": "2370",
        "commentCount": "21",
        "viewCount": "53306"
    },
    "comments": [
        {
            "reply_id": "UgzIo7vGQMdwc7p4jhF4AaABAg",
            "reply_content": "\u5abd\u7684\u8981\u591a\u6d17\u4e00\u500b\u676f\u5b50\ud83d\ude44"
        },
        {
            "reply_id": "UgzK1y3NUplM2GfanIt4AaABAg",
            "reply_content": "\u5176\u5be6\u61c9\u8a72\u662f \u641e\u88e1\u982d"
        },
        {
            "reply_id": "UgwQIkCEiVKpsfmoQPl4AaABAg",
            "reply_content": "\u771f\u7684\u6709\u5b78\u5230\u6296\u97f3\u7684\u7cbe\u9ad3\u6b38\ud83d\ude06"
        },
        {
            "reply_id": "Ugw_KUumJTmsDSUwswp4AaABAg",
            "reply_content": "\u6240\u4ee5\u70ba\u4ec0\u9ebc\u8981\u591a\u6d17\u4e00\u500b\u676f\u5b50"
        },
        {
            "reply_id": "Ugy3jpzXt63W0b_SKtx4AaABAg",
            "reply_content": "\u90a3\u500b\u5df4\u62c9\u5df4\u62c9\uff0c\u8b93\u6211\u60f3\u5230\u5df4\u62c9\u62c9\u5c0f\u9b54\u4ed9\ud83d\ude02"
        },
        {
            "reply_id": "UgzpfN1ms753ELCmDIR4AaABAg",
            "reply_content": "\u60f3\u4e0d\u5230\u963f\u795e\u9000\u4f11\u524d\u5df2\u7d93\u58de\u6389\u60f9QAQ"
        },
        {
            "reply_id": "UgxSWWHCs-pCEWzTm_94AaABAg",
            "reply_content": "\u65c1\u908a\u7684\u4eba\u662f\u963f\u795e\u55ce"
        },
        {
            "reply_id": "UgxZfzlvf_ckHIOAj-J4AaABAg",
            "reply_content": "\u770b\u8d77\u4f86\u5f88\u597d\u5403"
        },
        {
            "reply_id": "UgxAvab666cWksXJdUN4AaABAg",
            "reply_content": "\u679c\u7136\u5f88\u50cf\u6296\u97f3"
        },
        {
            "reply_id": "Ugw_MdeQOsByHvSBAFd4AaABAg",
            "reply_content": "\u6599\u7406\u679c\u7136\u662f\u99ac\u7530\u7684\u5c08\u9577\ud83e\udd70"
        },
        {
            "reply_id": "Ugxh9vk0NYaVfx3Nchp4AaABAg",
            "reply_content": "\u6296\u97f3\u4e00\u97ff\uff0c\u7236\u6bcd\u767d\u990a"
        }
    ]
}