{
    "video_info": {
        "id": "FjJGBV91m-M",
        "channelTitle": "\u641e\u795e\u99ac",
        "title": "\u3010\u624b\u6b98\u798f\u97f3\u3011\u5168\u81ea\u52d5\u58fd\u53f8\u6a5f\ud83c\udf63\u8ff4\u8f49\u58fd\u53f8\u751f\u7522\u7dda\uff5c\u7adf\u7136\u662f\u73a9\u5177\uff1f",
        "description": "\u2764 \u6bcf\u5468\u4e09\u3001\u516d\u3001\u65e5\u90fd\u6709\u65b0\u5f71\u7247 !! \u5f9e\u4eca\u5929\u8d77\u958b\u59cb\u8a02\u95b1\u5427 !! \u2764\n\u52a0\u5165\u6703\u54e1\u2794https://www.youtube.com/channel/UCAsviiS5DE0pcuvxPRrrAzQ/join\n\u5728Facebook\u4e0a\u8ffd\u8e64\u6211\u5011 \u2794 https://www.facebook.com/ksmytstudio\n\u5728IG\u4e0a\u8ffd\u8e64\u6211\u5011 \u2794https://www.instagram.com/shenma_kingofcrap/\n\n\u2764\u5de5\u5546\u5408\u4f5c\u4fe1\u7bb1\uff1aksmytstudio@capsuleinc.cc\n\u2764\u8fa6\u6d3b\u52d5\u3001\u51fa\u5468\u908a\u3001\u806f\u540d\u5546\u54c1\u90fd\u6b61\u8fce\u627eCAPSULE\uff1a https://capsuleinc.co/\n\n\ud83c\udfac\u66f4\u591a\u5f71\u7247\ud83c\udfac\n\n\ud83c\udf54\u98df\u7269\u7cfb\u5217\ud83c\udf5f:https://goo.gl/fA7y1Z\n\ud83d\udca5\u65e5\u5e38\u7cfb\u5217\ud83d\udca5:https://goo.gl/qfbhyP\n\n\u4ee5\u4e0b\u662f\u6211\u5011\u7684\u4e3b\u983b\u9053\uff01\u6b61\u8fce\u4f86\u8a8d\u8b58\u6211\u5011\uff01\n\uff08\u9999\u6e2f\u4eba\uff09\u99ac\u7530\uff08\u5eda\u85dd\uff09\uff1ahttps://www.youtube.com/user/dimcookguide\n\uff08\u53f0\u7063\u4eba\uff09\u963f\u795e\uff08\u904a\u6232\uff09\uff1ahttps://www.youtube.com/user/charlie615119",
        "likeCount": "7681",
        "commentCount": "104",
        "viewCount": "290495"
    },
    "comments": [
        {
            "reply_id": "UgwIMauGl8fs5zmaLrN4AaABAg",
            "reply_content": "\u6240\u4ee5\u767d\u7389\u58fd\u53f8\u597d\u5403\u55ce?"
        },
        {
            "reply_id": "UgyKCk7iO1zdxU0sC1J4AaABAg",
            "reply_content": "\u5230\u5e95\u662f\u51ac\u5929\u9084\u662f\u590f\u5929"
        },
        {
            "reply_id": "UgwPXGlB6NXn-gPYvul4AaABAg",
            "reply_content": "\u963f\u795e\u7684\u767d\u7389\u58fd\u53f8\u597d\u597d\u7b11\u5594"
        },
        {
            "reply_id": "UgznsmonmIAkayZD4QR4AaABAg",
            "reply_content": "\u54c8\u54c8\u54c8 \u600e\u9ebc\u5e38\u5e38\u958b\u7bb1\u7684\u6771\u897f\u90fd\u6c92\u5728\u6d17\ud83d\ude02"
        },
        {
            "reply_id": "UgxEjNq52dNVmMboSnN4AaABAg",
            "reply_content": "\u7b11\u597d\u4e45"
        },
        {
            "reply_id": "Ugyly-thwH6t3UYQJIp4AaABAg",
            "reply_content": "\u7b2c\u4e00\u9846\u539f\u672c\u5f88\u8b9a\u5606\uff0c\u4f46\u5f8c\u9762\u7684\u60b2\u5287\u6211\u7b11\u597d\u4e45XDD"
        },
        {
            "reply_id": "UgxYESSTlW3HRCK13sd4AaABAg",
            "reply_content": "#\u7537\u4eba\u7684\u5feb\u6a02"
        },
        {
            "reply_id": "UgxZB2kGVIIfXvcsQLl4AaABAg",
            "reply_content": "\u9577\u65b9\u9ad4\u6709\u516b\u500b\u89d2\u5462,\u516b\u89d2\u9b54\u4eba\u624d\u5c0d."
        },
        {
            "reply_id": "UgycbseAiGyzIXCnbKN4AaABAg",
            "reply_content": "\u9019\u96c6\u771f\u7684\u6709\u5920\u8d85\u7206\u7b11\u7684"
        },
        {
            "reply_id": "UgzTfFmjCZ7zDJ2DtnN4AaABAg",
            "reply_content": "\u9019\u73a9\u5177\u6709\u9a5a\u559c\u5594\u2764"
        },
        {
            "reply_id": "UgyAOwyHVGRaA-fEPLl4AaABAg",
            "reply_content": "\u722d\u9bae\u4e0d\u6392\u9664\u63d0\u544a"
        },
        {
            "reply_id": "Ugw2-sB2Kt4OM2BgR-N4AaABAg",
            "reply_content": "\u4ed6\u5011\u5728\u8aaa\u4e00\u500b\u5f88\u65b0\u7684\u8a9e\u8a00"
        },
        {
            "reply_id": "UgwkC527zMA0D9Wq5zp4AaABAg",
            "reply_content": "\u53ef\u611b\u5c0f\u7897\u8c46\ud83d\ude02 \u597d\u53ef\u611b\u5594"
        },
        {
            "reply_id": "Ugzaw-tt_ve4UaFyTMR4AaABAg",
            "reply_content": "\u53bb\u5916\u9762\u8cb7\u58fd\u53f8\u56de\u4f86\u518d\u628a\u58fd\u53f8\u62c6\u6389\u518d\u82b11650\u518d\u7d44\u6210\u58fd\u53f8\uff0c\u975e\u5e38\u7684\u5408\u7406"
        },
        {
            "reply_id": "UgyuUCh2RYNOyb4Vu0N4AaABAg",
            "reply_content": "\u9019\u96c6\u7206\u9810\u7b97\u4e86"
        },
        {
            "reply_id": "UgxiNEPcfKnbJXMpx314AaABAg",
            "reply_content": "\u6d77\u9bae\u6295\u77f3\u6a5f\ud83d\ude02"
        },
        {
            "reply_id": "UgxP6BOF_LJFxtK2CFp4AaABAg",
            "reply_content": "\u53ea\u8981\u6709\u99ac\u7530\u5728\u4ec0\u9ebc\u6599\u7406\u90fd\u4e0d\u6703\u5f88\u96e3\u5403"
        },
        {
            "reply_id": "Ugz5ywyg_4HMIxy3RDx4AaABAg",
            "reply_content": "\u4e0b\u6b21\u80fd\u73a9\u98a8\u706b\u8f2a\u55ce?"
        },
        {
            "reply_id": "UgwlrHnKWKbGuZ8gBjZ4AaABAg",
            "reply_content": "\u6700\u5e25\u7684\u90a3\u908a\u6700\u597d\u7b11 \u597d\u4e45\u6c92\u6709\u7b11\u5230\u809a\u5b50\u75db\u4e86\ud83d\ude02\ud83d\ude02"
        },
        {
            "reply_id": "UgxH30SOOgJSrvJps894AaABAg",
            "reply_content": "\u4e00\u7269\u5169\u7528\u597d\u8fa6\u6cd5\uff0c\u62cd\u5b8c\u5f8c\u7e8c\u62cd\uff0c\u51b0\u6dc7\u6dcb\u7cfb\u5217\uff0c\u5982\u9ebb\u8fa3\u9d28\u8840\u51b0\u6dc7\u6dcb\uff0c\u58fd\u53f8\u51b0\u6dc7\u6dcb\uff0c\u96de\u86cb\u4ed4\u51b0\u6dc7\u6dcb\uff0c\u7701\u9322\u53c8\u597d\u770b"
        }
    ]
}