{
    "video_info": {
        "id": "fZroZF0a4rU",
        "channelTitle": "\u641e\u795e\u99ac",
        "title": "\u3010\u98f2\u8336\u5fc5\u98df\u3011\u81ea\u52d5\u8178\u7c89\u6a5f\uff01\u5728\u5bb6\u84b8\u51fa\u6e2f\u5f0f\u8178\u7c89",
        "description": "\u2764 \u6bcf\u5468\u4e09\u3001\u516d\u3001\u65e5\u90fd\u6709\u65b0\u5f71\u7247 !! \u5f9e\u4eca\u5929\u8d77\u958b\u59cb\u8a02\u95b1\u5427 !! \u2764\n\u52a0\u5165\u6703\u54e1\u2794https://www.youtube.com/channel/UCAsviiS5DE0pcuvxPRrrAzQ/join\n\u5728Facebook\u4e0a\u8ffd\u8e64\u6211\u5011 \u2794 https://www.facebook.com/ksmytstudio\n\u5728IG\u4e0a\u8ffd\u8e64\u6211\u5011 \u2794https://www.instagram.com/shenma_kingofcrap/\n\n\u2764\u5de5\u5546\u5408\u4f5c\u4fe1\u7bb1\uff1aksmytstudio@capsuleinc.cc\n\u2764\u8fa6\u6d3b\u52d5\u3001\u51fa\u5468\u908a\u3001\u806f\u540d\u5546\u54c1\u90fd\u6b61\u8fce\u627eCAPSULE\uff1a https://capsuleinc.co/\n\n\ud83c\udfac\u66f4\u591a\u5f71\u7247\ud83c\udfac\n\n\ud83c\udf54\u98df\u7269\u7cfb\u5217\ud83c\udf5f:https://goo.gl/fA7y1Z\n\ud83d\udca5\u65e5\u5e38\u7cfb\u5217\ud83d\udca5:https://goo.gl/qfbhyP\n\n\u4ee5\u4e0b\u662f\u6211\u5011\u7684\u4e3b\u983b\u9053\uff01\u6b61\u8fce\u4f86\u8a8d\u8b58\u6211\u5011\uff01\n\uff08\u9999\u6e2f\u4eba\uff09\u99ac\u7530\uff08\u5eda\u85dd\uff09\uff1ahttps://www.youtube.com/user/dimcookguide\n\uff08\u53f0\u7063\u4eba\uff09\u963f\u795e\uff08\u904a\u6232\uff09\uff1ahttps://www.youtube.com/user/charlie615119",
        "likeCount": "8811",
        "commentCount": "240",
        "viewCount": "324077"
    },
    "comments": [
        {
            "reply_id": "Ugy4tIW9m0-nbcYL2614AaABAg",
            "reply_content": "\u99ac\u7530\u5728\u500b\u4eba\u983b\u9053\u505a\u904e\u8178\u7c89\u4e86\n\u7576\u521d\u660e\u660e\u6709\u6a21\u6709\u6a23\u554aXD"
        },
        {
            "reply_id": "UgwJkiHeWddVYDS7ORl4AaABAg",
            "reply_content": "\u795e\u99ac\u53ef\u4ee5\u53bb\u7533\u8acb\u5c08\u5229\u4e86\n\u8178\u7cd5\u5275\u59cb\u4eba"
        },
        {
            "reply_id": "UgxmoHFwDTubjNw-JQ54AaABAg",
            "reply_content": "\u6240\u4ee5\u6e2f\u5f0f\u7684\u7528\u5e03\u62c9,\u4f46\u4e0d\u7ba1\u90a3\u4e00\u6b3e\u5f0f,\u597d\u5403\u7684\u624b\u5de5\u8178\u7c89\u771f\u7684\u662f\u529f\u592b\u83dc"
        },
        {
            "reply_id": "Ugw3_KwkfsF8FsRluqB4AaABAg",
            "reply_content": "\u77f3\u8a71\u8aaa\u6211\u4e0d\u5e38\u770b\u770b\u963f\u795e\u7684\u5f71\u7247\u6211\u4e0d\u662f\u4ed6\u7684\u7c89\u7d72\u4f46\u6211\u771f\u5f97\u5f88\u559c\u6b61\u641e\u795e\u99ac\uff0c\u9664\u4e86\u4ed6\u5011\u526a\u8f2f\u5c0f\u7cbe\u9748\u5f88\u53b2\u5bb3\u4e4b\u5916\uff0c\u99ac\u7530\u548c\u963f\u795e\u7684\u500b\u6027\u771f\u5f97\u5f88\u4e92\u88dc\uff0c\u800c\u4e14\u90fd\u5f88\u559c\u6b61\u4e92\u55c6\u5f88\u81ea\u7136\u597d\u7b11\uff0c\u6211\u7684\u5de5\u4f5c\u4f11\u606f\u6642\u9593\u53ea\u670915\u5206\u9418\u9019\u53ef\u662f\u6211\u7684\u4e0b\u98ef\u795e\u5668"
        },
        {
            "reply_id": "Ugye0mSfXkRD-GJcPo94AaABAg",
            "reply_content": "\u7a81\u7136\u60f3\u5230\u4e00\u4ef6\u4e8b\uff0c\u90a3\u500b\u9435\u76d2\u7528\u4e4b\u524d \u6d17\u4e86\u55ce\uff1f"
        },
        {
            "reply_id": "UgyQy14vI-dMlZqO4jF4AaABAg",
            "reply_content": "\u8981\u52a0\u86cb\uff0c\u52a0\u83dc\u6703\u66f4\u597d\u5403\uff5e"
        },
        {
            "reply_id": "Ugydw85-7Cktu5H5h8x4AaABAg",
            "reply_content": "\u6211\u559c\u6b61\u5ee3\u5f0f\u8178\u7c89\uff0c\u96d6\u7136\u6211\u662f\u9999\u6e2f\u4eba\ud83d\ude02\u90a3\u500b\u85cf\u8d77\u4f86\u90a3\u500b\u8584\u8584\u7684\u53e3\u611f\u6bd4\u9999\u6e2f\u7684\u8178\u7c89\u5403\u8d77\u4f86\u8212\u670d\u4e00"
        },
        {
            "reply_id": "UgzuO_fwjDfUESUmEHl4AaABAg",
            "reply_content": "\u672c\u4f86\u5f88\u60f3\u770b\uff0c\u9ede\u958b\u88ab\u958b\u982d\u7684\u6572\u9435\u76e4\u7206\u64ca,\u679c\u65b7\u9000\u51fa"
        },
        {
            "reply_id": "Ugy8DYnqnwL2r-zqWAx4AaABAg",
            "reply_content": "\u770b\u4f60\u5011\u73a9\u6211\u7b11\u5f97\u597d\u958b\u5fc3\ud83d\ude02"
        },
        {
            "reply_id": "UgzJoEsyQdTvX8cqCZl4AaABAg",
            "reply_content": "\u99ac\u7530\u53d4\u53d4\u5c45\u7136\u662f\u9023\u90a6\u8ecd\u7684!?"
        },
        {
            "reply_id": "UgzA7fBAIyHuG7QsJyV4AaABAg",
            "reply_content": "\u4e2a\u76d8\u5187\u5237\u6cb9\uff0c\u521a\u5f00\u59cb\u4e2a\u7089\u706b\u529b\u5514\u591f\u5c31\u96be\u84b8"
        },
        {
            "reply_id": "Ugy1AUDQkA1INH99ztB4AaABAg",
            "reply_content": "\u6c92\u60f3\u5230\u8178\u7c89\u9019\u9ebc\u96e3\u505a\u554a\uff01\u4ee5\u524d\u6bcf\u6b21\u53bb\u6e2f\u5f0f\u98f2\u8336\u9ede\u8178\u7c89\u90fd\u89ba\u5f97\u8cb4\u53c8\u5403\u4e0d\u98fd\uff0c\u7136\u5f8c\u6211\u9084\u5f88\u611b\u9ede\ud83d\ude02 \u9019\u6a23\u770b\u4f86\u9084\u662f\u76f4\u63a5\u53bb\u8cb7\u4eba\u5bb6\u5e2b\u5085\u505a\u597d\u7684\u6bd4\u8f03\u5feb\uff01\n\u53e6\u5916\u5982\u679c\u597d\u5403\u7684\u8a71\uff0c\u5713\u578b\u7684\u8178\u7c89\u4e5f\u53ef\u4ee5\u63a5\u53d7\u554a\uff0c\u5927\u540c\u96fb\u934b\u8a66\u8a66\u561b"
        },
        {
            "reply_id": "UgzqvM51VXydLGWC4cl4AaABAg",
            "reply_content": "\u597d\u4e45\u6c92\u56de\u4f86\u770b\u4e86\n\u98a8\u683c\u548c\u5f71\u7247\u7bc0\u594f\u9084\u662f\u8ddf\u4ee5\u5f80\u4e00\u6a23 \u771f\u662f\u6709\u9ede\u611f\u52d5QQ\n\u8a71\u8aaa\u6211\u6700\u8fd1\u525b\u597d\u8003\u616e\u81ea\u5df1\u505a\u7c89\u8178\u8a66\u8a66\n\u5169\u4f4d\u5c31\u62cd\u7247\u4e86 \u5fc3\u6709\u9748\u7280\u4e00\u9ede\u901a\u963f"
        },
        {
            "reply_id": "UgwZ4r6C5RG25u34ot14AaABAg",
            "reply_content": "\u7528\u80a0\u7c89\u7684\u7c89\uff0c\u4e0d\u8981\u81ea\u5df1\u8c03\u3002\u6211\u8bd5\u8fc7\uff0c\u5f88\u6210\u529f"
        },
        {
            "reply_id": "UgzRR4WOqcQu4vz-1Tt4AaABAg",
            "reply_content": "\u9019\u662f\u6f6e\u5dde\u8178\uff0c\u4e0d\u662f\u5ee3\u6771\u8178\uff0c\u6f6e\u5dde\u8178\u4e0d\u7528\u6372\uff0c\u99ac\u7530\u7576\u716e\u98ef\u662f\u505a\u79d1\u5b78\u5be6\u9a57\uff0c\u679c\u7136\u4e0d\u662f\u5eda\u5e2b\u3002\ud83d\ude02"
        },
        {
            "reply_id": "Ugzr3prUEhc7lsSfzPl4AaABAg",
            "reply_content": "\u770b\u5230\u8178\u7c89\uff0c\u5c31\u6703\u60f3\u5230\u8336\u91cc\n\u4f46\u8981\u4e00\u500b\u5999\u9f61\u5973\u5b50\u55ae\u7368\u4f86\u5230\u5169\u500b\u7537\u4eba\u7684\u983b\u9053\uff0c\u9084\u662f\u6709\u9ede\u56f0\u96e3\u5427"
        },
        {
            "reply_id": "UgwEmt-5cobeKcXxbWx4AaABAg",
            "reply_content": "\u4e00\u822c\u6703\u5207\u4e00\u534a\u518d\u93df\u51fa\u9ece"
        },
        {
            "reply_id": "UgwgOEz6qWst_71Umd14AaABAg",
            "reply_content": "\u6b63\u65b9\u7684\u5927\u540c\u96fb\u934b\uff1f\u65b9\u5927\u540c\u96fb\u934b\uff1f"
        },
        {
            "reply_id": "UgxKZriDtwEMw7KN-NB4AaABAg",
            "reply_content": "\u8178\u7c89\u662f \u8178\u7c89\u505a\u597d \u518d\u52a0\u6599\u9032\u53bb\u7684\u5427"
        },
        {
            "reply_id": "UgwgTSRdxF-4yQpWt1Z4AaABAg",
            "reply_content": "\u4e00\u5768\u7684\u597d\u50cf\u53eb\u76ba\u76ae\u8178\u7c89?"
        }
    ]
}