{
    "video_info": {
        "id": "glFHEk0sciM",
        "channelTitle": "\u641e\u795e\u99ac",
        "title": "\u3010\u627e\u56de\u521d\u5fc3\u3011\u51fa\u5947\u86cb\u958b\u7bb1\uff5c\u8d85\u9a5a\u559c\u73a9\u6cd5\u5927\u9032\u5316\uff5c\u516c\u4ed4\u9084\u662f\u4e00\u6a23\u7684\u919c\uff1f",
        "description": "\u4f01\u9d5d\u738b\u548c\u7834\u58de\u751f\u614b\u9738\u4e3b\u7b49\u4e5f\u6709\u5728\u516c\u76ca\u4e8c\u624b\u62cd\u6d3b\u52d5\u4e2d\u8ce3\u51fa\u5594\uff01\n\u6263\u9664\u6210\u672c\u5f8c100%\u6350\u51fa\uff0c\u5927\u5bb6\u4e00\u8d77\u505a\u516c\u76ca\uff0c\u5168\u984d\u6350\u7d66\u8b93\u8c93\u8c93\u72d7\u72d7\u6709\u66f4\u597d\u7684\u751f\u6d3b\u2764\nhttps://www.cmer.co/pages/%E6%90%9E%E7%A5%9E%E9%A6%AC%E7%B7%9A%E4%B8%8A%E5%85%AC%E7%9B%8A%E4%BA%8C%E6%89%8B%E6%8B%8D\n\n\u2764 \u6bcf\u5468\u4e09\u3001\u516d\u3001\u65e5\u90fd\u6709\u65b0\u5f71\u7247 !! \u5f9e\u4eca\u5929\u8d77\u958b\u59cb\u8a02\u95b1\u5427 !! \u2764\n\u52a0\u5165\u6703\u54e1\u2794https://www.youtube.com/channel/UCAsviiS5DE0pcuvxPRrrAzQ/join\n\u5728Facebook\u4e0a\u8ffd\u8e64\u6211\u5011 \u2794 https://www.facebook.com/ksmytstudio\n\u5728IG\u4e0a\u8ffd\u8e64\u6211\u5011 \u2794https://www.instagram.com/shenma_kingofcrap/\n\n\u2764\u5de5\u5546\u5408\u4f5c\u4fe1\u7bb1\uff1aksmytstudio@capsuleinc.cc\n\u2764\u8fa6\u6d3b\u52d5\u3001\u51fa\u5468\u908a\u3001\u806f\u540d\u5546\u54c1\u90fd\u6b61\u8fce\u627eCAPSULE\uff1a https://capsuleinc.co/\n\n\ud83c\udfac\u66f4\u591a\u5f71\u7247\ud83c\udfac\n\n\ud83c\udf54\u98df\u7269\u7cfb\u5217\ud83c\udf5f:https://goo.gl/fA7y1Z\n\ud83d\udca5\u65e5\u5e38\u7cfb\u5217\ud83d\udca5:https://goo.gl/qfbhyP\n\n\u4ee5\u4e0b\u662f\u6211\u5011\u7684\u4e3b\u983b\u9053\uff01\u6b61\u8fce\u4f86\u8a8d\u8b58\u6211\u5011\uff01\n\uff08\u9999\u6e2f\u4eba\uff09\u99ac\u7530\uff08\u5eda\u85dd\uff09\uff1ahttps://www.youtube.com/user/dimcookguide\n\uff08\u53f0\u7063\u4eba\uff09\u963f\u795e\uff08\u904a\u6232\uff09\uff1ahttps://www.youtube.com/user/charlie615119",
        "likeCount": "7528",
        "commentCount": "282",
        "viewCount": "254475"
    },
    "comments": [
        {
            "reply_id": "UgxP88aa14rEuAn-WPN4AaABAg",
            "reply_content": "\u6211\u559c\u6b61\u820a\u7248\u7684 \u6bd4\u8f03\u597d\u5403 \u800c\u4e14\u6536\u96c6\u88e1\u9762\u7684\u5851\u81a0\u6bbc\u4e5f\u5f88\u597d\u73a9"
        },
        {
            "reply_id": "UgyhbzSn4N27T-Y8bL14AaABAg",
            "reply_content": "\u5bf9\u5bf9\u5bf9\u5bf9\u5bf9"
        },
        {
            "reply_id": "Ugy4r7DXV855hOnwuN14AaABAg",
            "reply_content": "\u963f\u795e\u8ddf\u6211\u62bd\u5230\u4f01\u9d5d\u7684\u53cd\u61c9\u5dee\u4e0d\u591aXD\u8d85\u919c\u7684"
        },
        {
            "reply_id": "UgyZA49CUqIziqc1_I14AaABAg",
            "reply_content": "\u4ee5\u524d\u7684\u8d85\u597d\u5403\u4e5f\u597d\u597d\u770b\uff0c\u65b0\u7684\u771f\u7684\u592a\u751c\u4e86\ud83d\ude22"
        },
        {
            "reply_id": "Ugx-QlmdM_UDYMgC8ol4AaABAg",
            "reply_content": "\u6211\u89ba\u5f97\u4ee5\u524d\u7684\u6bd4\u8f03\u597d\u5403"
        },
        {
            "reply_id": "UgyyHyyV0Z15Gxfenid4AaABAg",
            "reply_content": "\u4ee5\u524d\u7684\u5065\u9054\u51fa\u5947\u86cb \u73fe\u5728\u9084\u6709\u5728\u8ce3\u53ea\u662f\u4ed6\u80cc\u88dd\u5230\u76d2\u5b50\u88e1\u9762\u800c\u5df2\u4e0d\u5bb9\u6613\u627e\u5230 \u9084\u6709\u6211\u767c\u73fe\u4f60\u5011\u7684\u6e6f\u5319\u597d\u50cf\u62ff\u53cd\u4e86\ud83d\ude05\ud83d\ude05\ud83d\ude05"
        },
        {
            "reply_id": "UgzirX9L38Q-OSE7dEZ4AaABAg",
            "reply_content": "\u6843\u5712\u6a5f\u5834\u7684\u514d\u7a05\u5546\u5e97\u6709\u5f97\u8cb7 \u6211\u6709\u8cb7\u904e"
        },
        {
            "reply_id": "UgwXlEjgg91CChk1S-t4AaABAg",
            "reply_content": "\u6fb3\u6d32\u9084\u6709\u5728\u8ce3\u820a\u7684\ud83d\ude02\ud83d\ude02"
        },
        {
            "reply_id": "Ugxx3Zc44Of8qt03-D54AaABAg",
            "reply_content": "\u73fe\u5728\u9084\u6709\u4ee5\u524d\u7684\u5594"
        },
        {
            "reply_id": "UgzMPCiSQZXAs32mI0N4AaABAg",
            "reply_content": "\u4ed6\u6539\u540d\u4e86\uff0e\uff0e\uff0e\u53eb\u5947\u8da3\u86cb\u3000\u3000\u5df2\u7d93\u4e0d\u51fa\u5947\u4e86\u3000\n\u5728\u53f0\u7063\u6703\u6539\u6210\u5404\u534a\u662f\u56e0\u70ba\u6709\u4eba\u53cd\u6620\u8aaa\u9019\u6a23\u5c0f\u5b69\u5403\u5de7\u514b\u529b\u6642\u6703\u4e0d\u5c0f\u5fc3\u88e1\u9762\u90a3\u9846\u73a9\u5177\u5403\u4e0b\u53bb\u3002\n\u570b\u5916\u9084\u662f\u6709\u5728\u8ce3\u51fa\u5947\u86cb"
        },
        {
            "reply_id": "UgznRzuJ_ahD1g6a-rN4AaABAg",
            "reply_content": "\u50f9\u9322\u9084\u662f\u66f4\u8cb4"
        },
        {
            "reply_id": "UgxE60w1QyvVZx1UfzN4AaABAg",
            "reply_content": "\u51fa\u5947\u86cb\u6539\u7248\u7684\u539f\u56e0\u662f\u56e0\u70ba\u73a9\u5177\u8ddf\u86cb\u653e\u5728\u4e00\u8d77\u6703\u6709\u5c0f\u670b\u53cb\u8aa4\u8a8d\u70ba\u98df\u7269\u5403\u4e0b\u53bb\uff0c\u4e4b\u524d\u5c31\u6709\u5c0f\u670b\u53cb\u88ab\u564e\u6b7b\u7684\u65b0\u805e"
        },
        {
            "reply_id": "UgwsgNhNZrkUWi_VPtx4AaABAg",
            "reply_content": "\u6211\u6709\u62ff\u5230\u7537\u751f\u7248\u7684\u90a3\u500b\u5317\u6975\u718a\u4f46\u662f\u5b83\u7684\u773c\u775b\u662f\u4eba\u773c\ud83d\ude05"
        },
        {
            "reply_id": "UgwOI8lepgrOwl25RQB4AaABAg",
            "reply_content": "\u6211\u786e\u5b9e\u5f88\u5feb\u4e50"
        },
        {
            "reply_id": "UgyyajcO81EWWSDA38t4AaABAg",
            "reply_content": "\u9a6c\u7530\u597d\u5e05"
        },
        {
            "reply_id": "UgwfgfnMkvGGUQoFc0l4AaABAg",
            "reply_content": "\u5c31\u820a\u7248\u6839\u65b0\u7248\u90fd\u6709\u4e0d\u4e00\u6a23\u5427 \u820a\u7248\u5de7\u514b\u529b\u6bd4\u8f03\u591a\u6bd4\u8f03\u6709\u5be6\u5728\u611f \u65b0\u7248\u73a9\u5177\u5c31\u6bd4\u8f03\u597d(\u96d6\u7136\u6211\u9084\u662f\u89ba\u5f97\u5f88\u5783\u573e\ud83c\udf1a)\u5de7\u514b\u529b\u5c31\u6df7\u5408\u725b\u5976\u8ddf\u767d\u5de7\u514b\u529b \u4e5f\u5f88\u597d\u5403\u7684\u5440\ud83e\udd14\u4f46\u662f\u60f3\u8aaa\u7684\u5462\u5c31\u662f\u6211\u5c0f\u6642\u5019\u60f3\u8cb7\u51fa\u5947\u86cb\u771f\u7684\u662f\u56e0\u70ba\u60f3\u5403\u5de7\u514b\u529b\u7684\u5462\ud83d\ude02\ud83d\ude48"
        },
        {
            "reply_id": "Ugzkti97RZI8VnCAEgR4AaABAg",
            "reply_content": "\u6211\u770b\u5230\u4f60\u5011\u958b\u5065\u9054\u51fa\u5947\u86cb\u6211\u7acb\u523b\u53eb\u6211\u5abd\u8cb71\u9846\ud83d\ude02"
        },
        {
            "reply_id": "Ugw5jzkvqx7NRpB1bQZ4AaABAg",
            "reply_content": "\u597d\u597d\u7b11 \u70ba\u4ec0\u9ebc\u770b\u5169\u500b\u5927\u7537\u4eba\uff08\uff1f \n\u958b\u5c0f\u670b\u53cb\u73a9\u5177\u53ef\u4ee5\u9019\u9ebc\u5feb\u6a02\ud83d\ude02"
        },
        {
            "reply_id": "UgyAdOcyy4RlqdDFuP14AaABAg",
            "reply_content": "\u5168\u806f\u6709\u8ce3"
        },
        {
            "reply_id": "UgwT25K-nJ9Aw0QYbTh4AaABAg",
            "reply_content": "\u56e0\u70ba\u4ee5\u524d\u7f8e\u570b\u6709\u4e00\u500b\u59b9\u59b9\u628a\u5de7\u514b\u529b\u88e1\u7684\u73a9\u5177\u5403\u6389\u800c\u6b7b\u4ea1\u6240\u4ee5\u88ab\u7f8e\u570b\u5c01\u9396\u6240\u4ee5\u8b8a\u6210\u4e86\u73fe\u5728\u9019\u6a23\u5b50 2:02"
        }
    ]
}