{
    "video_info": {
        "id": "hbcWu0buXV8",
        "channelTitle": "\u641e\u795e\u99ac",
        "title": "\u3010\u9802\u7d1a\u5962\u83ef\u3011\u65e5\u672c\u6700\u60a0\u4e45\u5b87\u6cbb\u8336\u5e97\uff01\uff5c\u5728\u5bb6\u9ad4\u9a57\u6b63\u5b97\u65e5\u672c\u8336",
        "description": "\u2764 \u6bcf\u5468\u4e09\u3001\u516d\u3001\u65e5\u90fd\u6709\u65b0\u5f71\u7247 !! \u5f9e\u4eca\u5929\u8d77\u958b\u59cb\u8a02\u95b1\u5427 !! \u2764\n\u52a0\u5165\u6703\u54e1\u2794https://www.youtube.com/channel/UCAsviiS5DE0pcuvxPRrrAzQ/join\n\u5728Facebook\u4e0a\u8ffd\u8e64\u6211\u5011 \u2794 https://www.facebook.com/ksmytstudio\n\u5728IG\u4e0a\u8ffd\u8e64\u6211\u5011 \u2794https://www.instagram.com/shenma_kingofcrap/\n\n\u2764\u5de5\u5546\u5408\u4f5c\u4fe1\u7bb1\uff1aksmytstudio@capsuleinc.cc\n\u2764\u8fa6\u6d3b\u52d5\u3001\u51fa\u5468\u908a\u3001\u806f\u540d\u5546\u54c1\u90fd\u6b61\u8fce\u627eCAPSULE\uff1a https://capsuleinc.co/\n\n\ud83c\udfac\u66f4\u591a\u5f71\u7247\ud83c\udfac\n\n\ud83c\udf54\u98df\u7269\u7cfb\u5217\ud83c\udf5f:https://goo.gl/fA7y1Z\n\ud83d\udca5\u65e5\u5e38\u7cfb\u5217\ud83d\udca5:https://goo.gl/qfbhyP\n\n\u4ee5\u4e0b\u662f\u6211\u5011\u7684\u4e3b\u983b\u9053\uff01\u6b61\u8fce\u4f86\u8a8d\u8b58\u6211\u5011\uff01\n\uff08\u9999\u6e2f\u4eba\uff09\u99ac\u7530\uff08\u5eda\u85dd\uff09\uff1ahttps://www.youtube.com/user/dimcookguide\n\uff08\u53f0\u7063\u4eba\uff09\u963f\u795e\uff08\u904a\u6232\uff09\uff1ahttps://www.youtube.com/user/charlie615119",
        "likeCount": "4892",
        "commentCount": "87",
        "viewCount": "132528"
    },
    "comments": [
        {
            "reply_id": "UgySwPuSCMUBftCJ_D54AaABAg",
            "reply_content": "\u6bcf\u6b21\u99ac\u7530\u7684\u4e00\u8a9e\u9a5a\u4eba\u7684\u53e5\u5b50\u6211\u90fd\u89ba\u5f97\u597d\u7b11\ud83d\ude02\ud83d\ude02"
        },
        {
            "reply_id": "UgzpO9O0PuOdmVnknvh4AaABAg",
            "reply_content": "\u770b\u5230\u4f60\u5011\u5fc3\u60c5\u90fd\u6703\u8b8a\u5f97\u8d85\u597d\uff0c\u8b1d\u8b1d\u4f60\u5011"
        },
        {
            "reply_id": "UgwpPjJ1ks0bw8DVKCZ4AaABAg",
            "reply_content": "\u8336\u7b45\u4f7f\u7528\u524d\uff0c\u8981\u5148\u6ce1\u6c34\u3002"
        },
        {
            "reply_id": "Ugz4jgfajd5wSqQ9jip4AaABAg",
            "reply_content": "\u4e00\u5b9a\u8981\u770b\u5f69\u86cb\ud83d\ude02"
        },
        {
            "reply_id": "UgxkqvxXk8VerKWYh7R4AaABAg",
            "reply_content": "\u6211\u5011\u53c8\u53bb\u90a3\u5bb6\u9ad4\u9a57\u6ce1\u62b9\u8336\u8ddf\u559d\u62b9\u8336\ud83d\ude02 \u771f\u7684\u662f\u5f88\u53b2\u5bb3"
        },
        {
            "reply_id": "Ugz1sweB_NE-5QUMEKZ4AaABAg",
            "reply_content": "\u963f\u795e\u8ddf\u99ac\u7530\u8981\u4e0d\u8981\u6311\u6230\u4e00\u4e0b\u201c\u8336\u767e\u6232\u201d?"
        },
        {
            "reply_id": "UgwnRaHHLVkoCXK0bG94AaABAg",
            "reply_content": "\u4f60\u5438\u4e86\u6c34\u6703\u8b8a\u9577\u55ce\uff1f\u6703\u3002"
        },
        {
            "reply_id": "UgzSVdwkxUDM9nmPOr94AaABAg",
            "reply_content": "\u6b63\u5f0f\u7da0\u8336\u662f\u82e6\u7684\u8ddf\u5916\u8868\u559d\u662f\u4e0d\u540c\u7684\ud83c\udf75"
        },
        {
            "reply_id": "UgwEwgh9xOZEAQIZGZV4AaABAg",
            "reply_content": "\u99ac\u7530\u662f\u4e0d\u662f\u4e00\u76f4\u53f0\u7063\u9999\u6e2f\u8d70\u5440"
        },
        {
            "reply_id": "Ugw27gWL2y3BpixFwb54AaABAg",
            "reply_content": "\u8336\u7b45\u8981\u653e\u5728\u8336\u7b45\u5ea7\u4e0a\u6536\u7d0d\uff0c\n\u6211\u5e7e\u500b\u6708\u524d\u624d\u8cb7\u4e86\u8fbb\u5229\u8336\u8216\u7684\u3002"
        },
        {
            "reply_id": "UgyhO0sFr3RogFNMT5F4AaABAg",
            "reply_content": "\u6240\u4ee5\u963f\u795e\u5438\u4e86\u6c34\u6703\u8b8a\u9577\u55ce\uff1f\ud83e\udd14"
        },
        {
            "reply_id": "Ugz_pZbfVR6_sS0gGud4AaABAg",
            "reply_content": "\u4e0d\u78ba\u5b9a\u7576\u521d\u9ad8\u96c4\u958b\u7684\u662f\u4e0d\u662f\u6b63\u5b97\u4e09\u661f\u5712\u672c\u5bb6\u7684.....\u4f46\u4ed6\u5011\u5e97\u5bb6\u81ea\u5df1\u662f\u9019\u6a23\u5ba3\u50b3\u5c31\u662f\u4e86\uff0c\u53ef\u60dc\u5982\u4eca\u4e5f\u90fd\u5012\u5149\u4e86\u3002"
        },
        {
            "reply_id": "UgyDM_OOWK7qCiBLPMx4AaABAg",
            "reply_content": "\u8a8d\u771f\u505a\u9ce9\u5622 \u6382\u554a"
        },
        {
            "reply_id": "UgxrGiKCJ-l7QdC7kWx4AaABAg",
            "reply_content": "\u9019\u76d2\u9802\u7d1a\u8336\u65e5\u5e63\u5169\u842c\uff0c\u53f0\u5e63\u56db\u5343\u591a\u5143"
        },
        {
            "reply_id": "UgxkD12nQaV9jeXuhel4AaABAg",
            "reply_content": "\u53ef\u4ee5\u51b0\u6dc7\u6dcb\u55ce"
        },
        {
            "reply_id": "UgzPRvTI9fz70XyMk2t4AaABAg",
            "reply_content": "\u62b9\u8336\u6587\u5316\u662f\u7531\u5b8b\u4ee3\u7684\u70b9\u8336\u6f14\u53d8\u800c\u6765\u7684\u3002\u9ede\u8336\u662f\u4f7f\u7528\u767d\u8336\uff0c\u7136\u5f8c\u56e0\u70ba\u65b7\u4ee3\u6240\u4ee5\u5df2\u7d93\u6c92\u8fa6\u6cd5\u8003\u8a3c\u7b2c\u4e00\u500b\u7528\u5237\u5b50\u5237\u6ce1\u6cab\u7684\u4eba\u662f\u8ab0"
        },
        {
            "reply_id": "UgxOzz_zXLS2qo8Btjx4AaABAg",
            "reply_content": "\u6700\u540e\u7684\u5f69\u86cb\u662f\u4ec0\u4e48\u4e1c\u897f\u554a\uff01\uff01\uff01\u7b11\u6b7b\u6211\u4e86\u54c8\u54c8\u54c8\u54c8"
        },
        {
            "reply_id": "Ugy5h2-Ek7UBS3Lnm894AaABAg",
            "reply_content": "\u597d\u8d5e"
        },
        {
            "reply_id": "Ugz4TB01DUTz1z-jpp14AaABAg",
            "reply_content": "\u7d66\u79d1\u666e\u4e00\u4e0b~\n\u5176\u5be6\u65e5\u672c\u9019\u7a2e\u6ce1\u8336\u6cd5\uff0c\u662f\u7531\u5b8b\u3001\u5510\u90a3\u4e9b\u6642\u6bb5\u50b3\u904e\u53bb\u7684\n\u9084\u8981\u662f\u5b8c\u672c\u7684\u9b25\u8336\u4f86\u54e6~ \u4f46\u53ea\u5b78\u4e86\u4e00\u534a\uff0c\u4e4b\u5f8c\u5c31\u662f\u65e5\u672c\u4eba\u5e36\u56de\u570b\u5f8c\u81ea\u5df1\u6539\u826f\u4e86 \ud83d\ude02\n\n\u7576\u6642\u9b25\u8336\u53ea\u662f\u4e00\u500b\u73a9\u610f\uff0c\u4e0d\u5728\u65bc\u8336\u597d\u4e0d\u597d\u559d\n\u5728\u65bc\u90a3\u4e9b\u6ce1\u6cab\u8ab0\u6700\u591a\u6700\u7d30\uff0c\u53ef\u4ee5\u505c\u7559\u6700\u4e45\u7684\u70ba\u52dd\u51fa \ud83d\ude02"
        },
        {
            "reply_id": "UgxBfpCWkW7OZ7C5ea54AaABAg",
            "reply_content": "\u59c6\u6307\u8ddf\u5927\u59c6\u6307\u8981\u600e\u9ebc\u8f15\u8f15\u7684\u64e6\u904e\u559d\u8336\u7684\u5730\u65b9\uff1f"
        }
    ]
}