{
    "video_info": {
        "id": "hfnJAnczqPg",
        "channelTitle": "\u641e\u795e\u99ac",
        "title": "\u3010\u5927\u5bb6\u4e45\u7b49\u4e86\u3011\u641e\u795e\u99ac\u4f5b\u5fc3\u56de\u6b78 \ud83d\udd25\uff5c\u4e0b\u4e00\u6574\u7f50\u9ebb\u8fa3\u91ac\uff01\uff5c\u591a\u91cd\u5b87\u5b99\u6e2f\u53f0\u540c\u6b65\u958b\u8ce3",
        "description": "\u3010\u8ca9\u552e\u671f\u9593\uff1a8/23-9/30\u3011\n\u641e\u795e\u99ac\u591a\u5143\u5b87\u5b99\u70e4\u8089\u5957\u7d44\uff1ahttps://lihi2.com/c5h84\n\u9999\u6e2f\u7684\u5b87\u5b99\u9019\u908a\u8d70\uff1ahttps://www.meatnpot.com/\n\n\ud83d\udd25\u53f0\u7063\u5957\u7d44\u7684\u51fa\u8ca8\u898f\u5247\ud83d\udd25\n- 9/21\u524d\u4e0b\u55ae\u4ed8\u6b3e\u5b8c\u6210\uff0c\u53ef\u5728\u4e2d\u79cb\u524d\u6536\u5230\n- 9/21\u5f8c\u4e0b\u55ae\u4ed8\u6b3e\u5b8c\u6210\u6703\u4f9d\u5e8f\u8a02\u55ae\u5b89\u6392\u51fa\u8ca8\uff0c\u4e2d\u79cb\u570b\u5b9a\u5047\u65e5\u53ca\u5047\u65e5\u9806\u5ef6\u81f3\u4e0a\u73ed\u65e5\u51fa\u8ca8\n\n\n\n\u2764 \u6bcf\u5468\u4e09\u3001\u516d\u3001\u65e5\u90fd\u6709\u65b0\u5f71\u7247 !! \u5f9e\u4eca\u5929\u8d77\u958b\u59cb\u8a02\u95b1\u5427 !! \u2764\n\u52a0\u5165\u6703\u54e1\u2794https://www.youtube.com/channel/UCAsviiS5DE0pcuvxPRrrAzQ/join\n\u5728Facebook\u4e0a\u8ffd\u8e64\u6211\u5011 \u2794 https://www.facebook.com/ksmytstudio\n\u5728IG\u4e0a\u8ffd\u8e64\u6211\u5011 \u2794https://www.instagram.com/shenma_kingofcrap/\n\n\u2764\u5de5\u5546\u5408\u4f5c\u4fe1\u7bb1\uff1aksmytstudio@capsuleinc.cc\n\u2764\u8fa6\u6d3b\u52d5\u3001\u51fa\u5468\u908a\u3001\u806f\u540d\u5546\u54c1\u90fd\u6b61\u8fce\u627eCAPSULE\uff1a https://capsuleinc.co/\n\n\ud83c\udfac\u66f4\u591a\u5f71\u7247\ud83c\udfac\n\n\ud83c\udf54\u98df\u7269\u7cfb\u5217\ud83c\udf5f:https://goo.gl/fA7y1Z\n\ud83d\udca5\u65e5\u5e38\u7cfb\u5217\ud83d\udca5:https://goo.gl/qfbhyP\n\n\u4ee5\u4e0b\u662f\u6211\u5011\u7684\u4e3b\u983b\u9053\uff01\u6b61\u8fce\u4f86\u8a8d\u8b58\u6211\u5011\uff01\n\uff08\u9999\u6e2f\u4eba\uff09\u99ac\u7530\uff08\u5eda\u85dd\uff09\uff1ahttps://www.youtube.com/user/dimcookguide\n\uff08\u53f0\u7063\u4eba\uff09\u963f\u795e\uff08\u904a\u6232\uff09\uff1ahttps://www.youtube.com/user/charlie615119",
        "likeCount": "6334",
        "commentCount": "163",
        "viewCount": "185750"
    },
    "comments": [
        {
            "reply_id": "UgwEfA1zdlslsEj3IWd4AaABAg",
            "reply_content": "\u672a\u6765\u9a6c\u6765\u897f\u4e9a\u4f1a\u4e0d\u4f1a\u6709"
        },
        {
            "reply_id": "UgyOt0A-A1KkJHo44ot4AaABAg",
            "reply_content": "\u60f3\u554f\u4e00\u4e0b\u81fa\u7063\u7684\u9084\u80fd\u4e0b\u55ae\u55ce\ud83d\ude22\u9023\u7d50\u9ede\u64ca\u932f\u8aa4\ud83d\ude22"
        },
        {
            "reply_id": "UgzGIl_5xUuN9bZkuQR4AaABAg",
            "reply_content": "\u6703\u505c\u66f4\u55ce"
        },
        {
            "reply_id": "UgygjTiw98sd69CB5iF4AaABAg",
            "reply_content": "\u5982\u679c\u6c92\u6709\u670b\u53cb\uff0c\u81ea\u5df1\u5403\u53ef\u4ee5\u5403\u5169\u5929\uff08\u54ed\u7b11\u4e0d\u5f97\uff09"
        },
        {
            "reply_id": "Ugyol-ykuc8-BGtShqZ4AaABAg",
            "reply_content": "\u60f3\u8cb7\u8ddf\u641e\u795e\u99ac\u540c\u6b3e\u7684\u96fb\u70e4\u76e4\uff0c\u597d\u7f8e"
        },
        {
            "reply_id": "Ugx7jqm-6EC7t7CK3vJ4AaABAg",
            "reply_content": "\u8981\u4e0d\u8981\u716e\u500b\u9ed1\u6697\u6599\u7406\uff1a\u5927\u767c\u9c48\u9b5a\u7d72\u6e6f\u9eb5"
        },
        {
            "reply_id": "Ugx9c1B7HTxtK9prYKR4AaABAg",
            "reply_content": "\u8d85\u7d1a\u50cf\u81fa\u7063\u7684\u96fb\u8996\u8cfc\u7269\u7bc0\u76ee\ud83d\ude02"
        },
        {
            "reply_id": "UgwUZg0vom2X-APwPot4AaABAg",
            "reply_content": "\u99ac\u4f86\u897f\u4e9e\u89c0\u773e\u8868\u793a\u7fa8\u6155\u2026"
        },
        {
            "reply_id": "UgwQXSp2MVXGorm0BUp4AaABAg",
            "reply_content": "\u8209\u624b\ud83d\ude4b\u200d\u2640\ufe0f\u60f3\u8981\u4ee5\u524d\u7684\u70e4\u7210\n\u548c\u55ae\u54c1\u9805\u66ff\u4ee3\u65b9\u6848\uff0c\n\u4f8b\u5982\u6211\u6703\u60f3\u628a\u8c6c\u63db\u6210\u7f8a\n\u6211\u4e0d\u559c\u6b61\u5403\u8c6c\u8c6c\n\u7136\u5f8c\u96de\u7684\u90e8\u5206\u60f3\u8981\u4ee5\u524d\u7684\u660e\u592a\u5b50\u96de\u7fc5\n\u4e0d\u80fd\u63db\u7684\u8a71\uff0c\u5f88\u6015\u67d0\u4e9b\u6771\u897f\u4e0d\u5403\n\u8cb7\u56de\u4f86\u9020\u6210\u6d6a\u8cbb\n\u6574\u5957\u90fd\u5b8c\u7f8e\u5ba2\u88fd\u5316\u7684\u8a71\n\u771f\u7684\u6703\u63d0\u9ad8\u8cfc\u8cb7\u5ea6\n\u624b\u5200\u4e0b\u55ae\ud83c\udf89"
        },
        {
            "reply_id": "UgzhyFA74ZWuJADVsYV4AaABAg",
            "reply_content": "\u60f3\u8981\u4e4b\u524d\u4e00\u500b\u4eba\u7684\u908a\u7de3\u4eba\u70e4\u8089\n\u4e4b\u524d\u7684\u908a\u7de3\u4eba\u7210\u5b50\u6bd4\u8f03\u5be6\u7528\ud83d\ude02\n\u5982\u679c\u6709\u4e0d\u5403\u8c6c\u8c6c\u7684\u5957\u9910\u6211\u99ac\u4e0a\u4e0b\u55ae\n\u672c\u4eba\u8d85\u6015\u8c6c\u8089\u7684\ud83d\ude02\ud83d\ude02\ud83d\ude02"
        },
        {
            "reply_id": "UgwIHO--BHyKMg5Jp9d4AaABAg",
            "reply_content": "\u6d77\u5916\u7684\u8868\u793a\u597d\u60f3\u55ae\u8cb7\u91ac"
        },
        {
            "reply_id": "UgwaAhgzn4FWYiWyqhx4AaABAg",
            "reply_content": "\u6218\u65a7\u732a\u6392\u600e\u4e48\u6ca1\u5851\u6599\u888b"
        },
        {
            "reply_id": "UgzekzMWeQtdtiBNq5l4AaABAg",
            "reply_content": "\u532f\u8c50\u9280\u884c\u7684"
        },
        {
            "reply_id": "Ugw9puRNeVUXExpug-x4AaABAg",
            "reply_content": "\u5e0c\u671b\u4e0b\u6b21\u80fd\u9001\u5230\u9a6c\u6765\u897f\u4e9a\u7684\ud83d\ude22"
        },
        {
            "reply_id": "UgzxB-XXTKJgNlJW99h4AaABAg",
            "reply_content": "\u53ef\u4ee5\u5728\u53f0\u7063\u8cb7\u99ac\u7530\u5cf6\u7684\u677f\u672c\u55ce\uff1f"
        },
        {
            "reply_id": "Ugyxf6cL_P5SMyctrtp4AaABAg",
            "reply_content": "\u8d85\u559c\u6b61\u770b\u4f60\u5011\u5169\u500b\u5728\u4e00\u8d77\uff0c\u611f\u89ba\u4efb\u4f55\u4e00\u500b\u4eba\u5c11\u4e86\u90fd\u5f88\u602a\u3002\ud83d\ude0a"
        },
        {
            "reply_id": "UgyxB1hryRep-YaTtER4AaABAg",
            "reply_content": "\u53ea\u6709\u6211\u8bb0\u5f97\u9a6c\u7530\u7684Ai\u7167\u7247\u8bf4\u8981\u653e\u5728\u5973\u6027\u7cfb\u5217\u7684\u5417\ud83e\uddd0"
        },
        {
            "reply_id": "UgwhRr6BKogzVW7r_qN4AaABAg",
            "reply_content": "\u5df2\u4e0b\u8a02\n\u53ef\u4ee5\u5148\u8a31\u9858\u660e\u5e74\u4e5f\u8981\u55ce\uff1f\ud83d\ude01"
        },
        {
            "reply_id": "UgyhhJCroX8d3g0W-oB4AaABAg",
            "reply_content": "\u9ebb\u8fa3\u91ac\u53ef\u4ee5\u51b0\u6dc7\u6dcb\u55ce"
        },
        {
            "reply_id": "Ugys__oXVzbgFnlZbWR4AaABAg",
            "reply_content": "\u8d85\u611b\u770b\u4f60\u5011\u5403\u6771\u897f"
        }
    ]
}