{
    "video_info": {
        "id": "hkcNvbiod8k",
        "channelTitle": "\u641e\u795e\u99ac",
        "title": "\u3010\u91ce\u5916Bingo\u3011\u53c8\u9e79\u53c8\u6fd5\u7684\u61f2\u7f70\u904a\u6232\ud83e\udd2e\uff5c\u9999\u6e2f\u91ce\u751f\u52d5\u7269\u8d85\u53ef\u611b \ud83d\ude0d",
        "description": "\u2764 \u6bcf\u5468\u4e09\u3001\u516d\u3001\u65e5\u90fd\u6709\u65b0\u5f71\u7247 !! \u5f9e\u4eca\u5929\u8d77\u958b\u59cb\u8a02\u95b1\u5427 !! \u2764\n\u52a0\u5165\u6703\u54e1\u2794https://www.youtube.com/channel/UCAsviiS5DE0pcuvxPRrrAzQ/join\n\u5728Facebook\u4e0a\u8ffd\u8e64\u6211\u5011 \u2794 https://www.facebook.com/ksmytstudio\n\u5728IG\u4e0a\u8ffd\u8e64\u6211\u5011 \u2794https://www.instagram.com/shenma_kingofcrap/\n\n\u2764\u5de5\u5546\u5408\u4f5c\u4fe1\u7bb1\uff1aksmytstudio@capsuleinc.cc\n\u2764\u8fa6\u6d3b\u52d5\u3001\u51fa\u5468\u908a\u3001\u806f\u540d\u5546\u54c1\u90fd\u6b61\u8fce\u627eCAPSULE\uff1a https://capsuleinc.co/\n\n\ud83c\udfac\u66f4\u591a\u5f71\u7247\ud83c\udfac\n\n\ud83c\udf54\u98df\u7269\u7cfb\u5217\ud83c\udf5f:https://goo.gl/fA7y1Z\n\ud83d\udca5\u65e5\u5e38\u7cfb\u5217\ud83d\udca5:https://goo.gl/qfbhyP\n\n\u4ee5\u4e0b\u662f\u6211\u5011\u7684\u4e3b\u983b\u9053\uff01\u6b61\u8fce\u4f86\u8a8d\u8b58\u6211\u5011\uff01\n\uff08\u9999\u6e2f\u4eba\uff09\u99ac\u7530\uff08\u5eda\u85dd\uff09\uff1ahttps://www.youtube.com/user/dimcookguide\n\uff08\u53f0\u7063\u4eba\uff09\u963f\u795e\uff08\u904a\u6232\uff09\uff1ahttps://www.youtube.com/user/charlie615119",
        "likeCount": "5865",
        "commentCount": "148",
        "viewCount": "151709"
    },
    "comments": [
        {
            "reply_id": "Ugw2dT8FooWikwgf2cJ4AaABAg",
            "reply_content": "\u8056\u5fb7\u514b\u65af\uff0c\u597d\u50cf\u6709\u8ce3\u88fd\u4f5c\u512a\u683c\u7684\u9175\u6bcd\u83cc"
        },
        {
            "reply_id": "UgyWC4qXUClUOvwtw2Z4AaABAg",
            "reply_content": "\u88dc\u5145\u91ce\u751f\u52d5\u7269\u5c0f\u77e5\u8b58\u5f88\u6709\u8da3\uff0c\u60f3\u770b\u963f\u795e\u8ddf\u99ac\u7530\u53d4\u53d4\u591a\u5403\u5e7e\u9846 \u2764"
        },
        {
            "reply_id": "UgxWRxiIRyt6N0L3gqN4AaABAg",
            "reply_content": "\u6211\u5011\u516c\u53f8\u662f\u6709\u8cd3\u679c\u9001\u6771\u897f\u5566"
        },
        {
            "reply_id": "UgyxhVaPdP5Ksh0EKb14AaABAg",
            "reply_content": "\u6c92\u6709"
        },
        {
            "reply_id": "UgyUVUceRbEviEi2wpt4AaABAg",
            "reply_content": "\u99ac\u7530"
        },
        {
            "reply_id": "UgzNxXlPviUsXNLP2fZ4AaABAg",
            "reply_content": "\u6211\u5728\u9999\u6e2f\u8336\u6a13\u7684\u9b5a\u7f38\u4e2d\u770b\u904e\u90a3\u500b(\u99ac\u8e44\u87f9)"
        },
        {
            "reply_id": "UgwrK8tnBkFfRCrYGN94AaABAg",
            "reply_content": "\u71c8\u5854\u6c34\u6bcd\u53d7\u5230\u9a5a\u5687\u624d\u6703\u8b8a\u6210\u51fa\u751f\u6642\u7684\u6a23\u5b50"
        },
        {
            "reply_id": "UgxHqC_M9ML1UG02Wd54AaABAg",
            "reply_content": "\u6709\u4eba\u6709\u770b\u904e\u4e00\u4e9b\u52d5\u7269\u8a92\uff01"
        },
        {
            "reply_id": "Ugxi-7tw5trHlvvvcVx4AaABAg",
            "reply_content": "\u6bd4\u8f03\u60f3\u770b\u627e\u9019\u4e9b\u91ce\u751f\u52d5\u7269\u54c8\u54c8\u54c8\u54c8\u54c8"
        },
        {
            "reply_id": "Ugxw_qkwgbSID3bnhjN4AaABAg",
            "reply_content": "\u6211\u731c\u99ac\u7530\u8d0f"
        },
        {
            "reply_id": "UgxOGBvO_MQAe8V0frN4AaABAg",
            "reply_content": "\u7b49\u7b49\u963f\u795e\u4f60\u70ba\u4ec0\u9ebc\u6703\u77e5\u9053\u99ac\u7530\u662f\u4e00\u689d\u5927\u87d2\u86c7"
        },
        {
            "reply_id": "Ugw5e-Cnq5cVRAz6QcV4AaABAg",
            "reply_content": "\u5f37\u54e5\u548c\u7c73\u5947\u4e5f\u662f\u91ce\u751f\u7684"
        },
        {
            "reply_id": "Ugzutc1mPWYzYJDKKZZ4AaABAg",
            "reply_content": "\u99ac\u8e44\u87f9\u5728\u9999\u6e2f\u4e5f\u662f\u53eb\u9c5f\u5566\u53ea\u662f\u99ac\u7530\u53d4\u5b78\u8b58\u5c11\uff0c\u99ac\u8e44\u87f9\u53ea\u662f\u5b78\u540d\ud83d\ude02\u22ef\u22ef\u5c08\u5bb6\u624d\u6703\u7528\ud83d\ude05"
        },
        {
            "reply_id": "UgzrrNJnTxRw333h8oZ4AaABAg",
            "reply_content": "\u6897\u4fc2\u6709\u5566"
        },
        {
            "reply_id": "UgwfQYCOufwsi6i8K6x4AaABAg",
            "reply_content": "\u9084\u4ee5\u70ba\u90a3\u7f50\u9e79\u6ab8\u6aac\u5c31\u662f\u9999\u6e2f\u91ce\u751f\u52d5\u7269"
        },
        {
            "reply_id": "Ugwh08Se9DRpryM1mbd4AaABAg",
            "reply_content": "\u9019\u6b3e\u904a\u6232\u505a\u5f97\u883b\u7cbe\u7f8e\u7684 \u4e0d\u932f\u8036"
        },
        {
            "reply_id": "UgziJRhXf4xW_GQFNmB4AaABAg",
            "reply_content": "\u6211\u7684\u5b78\u6821\u5c31\u6709\u990a\u9c5f"
        },
        {
            "reply_id": "Ugwbo31_up3Ig2zWXoJ4AaABAg",
            "reply_content": "\u963f\u795e"
        },
        {
            "reply_id": "UgwINHEFU6i7oK7yKUd4AaABAg",
            "reply_content": "\u6c34\u5de8\u8725\u61c9\u8a72\u662f\u5728\u6cbc\u6fa4\uff0c\u4e0d\u662f\u5728\u6d77\u88e1\u5427\n\u9999\u6e2f\u6709\u9c3b\u9b5a\u5594\uff0c\u5e7c\u5e74\u7684\u9c3b\u9b5a\u6703\u5728\u74b0\u592a\u5e73\u6d0b\u7684\u6d0b\u6d41\u96a8\u6ce2\u6fc1\u6d41\uff0c\u6240\u4ee5\u7167\u7406\u8b1b\uff0c\u5728\u592a\u5e73\u6d0b\u65c1\u7684\u570b\u5bb6\u90fd\u6709\u6a5f\u6703\u6709\u9c3b\u9b5a\u3002\n\u9c5f\u7684\u8840\u6db2\u6709\u85e5\u7528\u5594\uff0c\u4f46\u4e0d\u8981\u6293\u91ce\u751f\u7684\u8ce3\u9322\n\u6d77\u81bd\u6700\u521d\u662f\u7531\u6b50\u7f8e\u6700\u5148\u767c\u73fe\u7684\uff0c\u4f46\u4e26\u4e0d\u662f\u5403\u800c\u662f\u7528\u6d77\u81bd\u7684\u6bbc(\u78b3\u9178\u9223)\u88fd\u4f5c\u65e5\u5e38\u7528\u54c1\uff0c\u767c\u73fe\u6d77\u81bd\u7684\u7f8e\u5473\u662f\u65e5\u672c\u6f01\u592b\u5076\u7136\u767c\u73fe\u7684\n\u5e38\u5e38\u63d0\u5230\u8759\u8760\u5c31\u6703\u60f3\u5230\u5438\u8840\u8759\u8760\uff0c\u4f46\u6703\u5438\u8840\u7684\u8759\u8760\u53ea\u5360\u8759\u8760\u7a2e\u985e\u7684\u5c11\u6578\uff0c\u8759\u8760\u4e3b\u8981\u4ee5\u6c34\u679c\u548c\u82b1\u871c\u70ba\u98df\u5594"
        },
        {
            "reply_id": "Ugzpc4yENuLnMMnhvvt4AaABAg",
            "reply_content": "\u770b\u5230\u963f\u795e\u8f38\u5c31\u662f\u958b\u5fc3"
        }
    ]
}