{
    "video_info": {
        "id": "i-zSRR9vs5M",
        "channelTitle": "\u641e\u795e\u99ac",
        "title": "\u3010\u6709\u8da3\u79d1\u6280\u3011\u50f9\u503c$60000\u5143\u7684\u771f\u7a7a\u5438\u53d6\u6a5f\uff01\u7121\u9650\u8907\u88fd\u5012\u6a21\uff1f",
        "description": "\u611f\u8b1d\u8d85\u9177\u7684FORMART\u667a\u6167\u771f\u7a7a\u6210\u578b\u6a5f\u9858\u610f\u501f\u795e\u99ac\u6a5f\u5668\u62cd\u651d !!\n\u9019\u9ebc\u53b2\u5bb3\u6a5f\u5668\u662f\u53f0\u7063\u505a\u7684 !! \u5e0c\u671b\u66f4\u591a\u4eba\u77e5\u9053\u9019\u500b\u9177\u6771\u2764\ufe0f\u897f\u8b1d\u8b1dEmerson\ud83d\ude0a\nhttps://www.facebook.com/myyardtech\n\n\u2764 \u6bcf\u5468\u4e09\u3001\u516d\u3001\u65e5\u90fd\u6709\u65b0\u5f71\u7247 !! \u5f9e\u4eca\u5929\u8d77\u958b\u59cb\u8a02\u95b1\u5427 !! \u2764\n\u52a0\u5165\u6703\u54e1\u2794https://www.youtube.com/channel/UCAsviiS5DE0pcuvxPRrrAzQ/join\n\u5728Facebook\u4e0a\u8ffd\u8e64\u6211\u5011 \u2794 https://www.facebook.com/ksmytstudio\n\u5728IG\u4e0a\u8ffd\u8e64\u6211\u5011 \u2794https://www.instagram.com/shenma_kingofcrap/\n\n\u2764\u5de5\u5546\u5408\u4f5c\u4fe1\u7bb1\uff1aksmytstudio@capsuleinc.cc\n\u2764\u60f3\u6210\u70ba\u4e0b\u4e00\u500b\u9802\u5c16 YouTube \u5275\u4f5c\u8005\u55ce\uff1f\u53ea\u8981\u60a8\u6709 YouTube \u983b\u9053\uff0c\u3010CAPSULE Academy\u3011 \u6b61\u8fce\u60a8\u7684\u52a0\u5165\u2764\n\u2192 http://bit.ly/2RtgPUv\n\n\ud83c\udfac\u66f4\u591a\u5f71\u7247\ud83c\udfac\n\n\ud83c\udf54\u98df\u7269\u7cfb\u5217\ud83c\udf5f:https://goo.gl/fA7y1Z\n\ud83d\udca5\u65e5\u5e38\u7cfb\u5217\ud83d\udca5:https://goo.gl/qfbhyP\n\n\u4ee5\u4e0b\u662f\u6211\u5011\u7684\u4e3b\u983b\u9053\uff01\u6b61\u8fce\u4f86\u8a8d\u8b58\u6211\u5011\uff01\n\uff08\u9999\u6e2f\u4eba\uff09\u99ac\u7530\uff08\u5eda\u85dd\uff09\uff1ahttps://www.youtube.com/user/dimcookguide\n\uff08\u53f0\u7063\u4eba\uff09\u963f\u795e\uff08\u904a\u6232\uff09\uff1ahttps://www.youtube.com/user/charlie615119",
        "likeCount": "27497",
        "commentCount": "197",
        "viewCount": "438542"
    },
    "comments": [
        {
            "reply_id": "UgzQxEkeRr25_xqJ1TZ4AaABAg",
            "reply_content": "\u771f\u7a7a\u5438\u53d6"
        },
        {
            "reply_id": "Ugx56WgHeoIjI2w_K4l4AaABAg",
            "reply_content": "\u6709\u6c92\u6709\u4eba\u8ddf\u6211\u4e00\u6a23\u5f9e\u982d\u5230\u5c3e\u90fd\u628a\u9019\u53f0\u6a5f\u5668\u5462\u807d\u6210\u9019\u53f0\u96de\u96de\u5462"
        },
        {
            "reply_id": "Ugxl9Z7i7msEq6hp-Qt4AaABAg",
            "reply_content": "\u5de7\u514b\u529b\u5462"
        },
        {
            "reply_id": "Ugwm_0iI_jO-2iHidE14AaABAg",
            "reply_content": "\u5c0f\u6770\u7684\u624b\u5de5\u80fd\u529b\u6709\u6ca1\u6709\u8ba9\u963f\u795e\u611f\u5230\u76ee\u77aa\u53e3\u5446"
        },
        {
            "reply_id": "UgzW0RawpKq-HfjZ_ZZ4AaABAg",
            "reply_content": "\u5b78\u6821\u6709\u9019\u500b\u6a5f\u5668\u8036\ud83d\ude06\uff0c\u7ffb\u6a21\u505a\u9999\u7682\u548c\u5de7\u514b\u529b\u8d85\u597d\u73a9\u7684\u5566\uff01"
        },
        {
            "reply_id": "Ugw2S30W0MdpDSL7dyV4AaABAg",
            "reply_content": "\u8aaa\u597d\u7684\u6731\u53e4\u529b\u5462\uff1f"
        },
        {
            "reply_id": "Ugyxgx_eul1tOxnIzNl4AaABAg",
            "reply_content": "\u5176\u5be6\u4e5f\u6c92\u5dee\u5427\uff0c\u4e0d\u7528\u8b1b\u7684\u9019\u9ebc\u5371\u96aa\uff0c\u4e00\u822c\u7684\u5c0f\u670b\u53cb\u4e5f\u4e0d\u6703\u6709\u516d\u842c\u53ef\u4ee5\u8cb7\uff0c\u800c\u4e14\u5ee0\u5546\u4e5f\u4e0d\u6703\u8ce3\u7d66\u4e00\u500b\u672a\u6210\u5e74\u7684"
        },
        {
            "reply_id": "Ugwu5Qk6gw3lvBOsRYt4AaABAg",
            "reply_content": "\u7a81\u7136\u60f3\u5230\u92fc\u5f48\u6b66\u9b25\u50b3\u7a7f\u6230\u9b25\u670d\u2026\u2026"
        },
        {
            "reply_id": "UgyAGfGI8udYUsw6fH14AaABAg",
            "reply_content": "\u963f\u795e\u597d\u53ef\u7231"
        },
        {
            "reply_id": "UgwK4-x6iqzrwP5uFX54AaABAg",
            "reply_content": "\u6211\u6709\u500b\u5927\u81bd\u7684\u60f3\u6cd5XD"
        },
        {
            "reply_id": "Ugz6onMYSpCclv1xZH54AaABAg",
            "reply_content": "\u7d42\u65bc\u8981\u62ff\u51fa\u5c6f\u7a4d2\u5e74\u7684\u5065\u9054\u51fa\u5947\u86cb\u505a\u5de5\u5177\u4e86\u55ce"
        },
        {
            "reply_id": "Ugz3TQZfuVbcHuBAIQt4AaABAg",
            "reply_content": ""
        },
        {
            "reply_id": "Ugw4D716oEUJ_-QnkUV4AaABAg",
            "reply_content": "\u597d\u50cf\u628a\u6771\u897f\u5305\u88dd\u8d77\u4f86??"
        },
        {
            "reply_id": "UgygxB_SKdCTST4fF3p4AaABAg",
            "reply_content": "\u597d\u60f3\u770b\u5de7\u514b\u529b\u7684"
        },
        {
            "reply_id": "UgzWarGekfZ0BTodr8x4AaABAg",
            "reply_content": "\u96d6\u7136\u771f\u7684\u7528\u4e0d\u4e0a\u4f46\u662f\u771f\u7684\u5f88\u5438\u5f15 \u597d\u597d\u73a9\u7684\u6a23\u5b50\uff01"
        },
        {
            "reply_id": "Ugz7YrSvyM6zdrsayYl4AaABAg",
            "reply_content": "\u5404\u7a2e\u5947\u5f62\u584a\u72c0\u7684\u6a21\u5177\u90fd\u80fd\u7528\u4e86\u311f"
        },
        {
            "reply_id": "UgyB9c1zNRZyi2M5rrd4AaABAg",
            "reply_content": "\u5de5\u8a2d\u4eba\u72c2\u559c"
        },
        {
            "reply_id": "UgwnlYRcZqDfYZjiz-F4AaABAg",
            "reply_content": "\u597d\u5435\u597d\u8052\u566a\u3002"
        },
        {
            "reply_id": "Ugy23Zdc2kTgXAeLzwh4AaABAg",
            "reply_content": "\u9019\u500b\u819c\u4e0d\u662f\u5be6\u7528\u7d1a\u7684\u5427\u4e0d\u80fd\u653e\u5de7\u514b\u529b\u5427"
        },
        {
            "reply_id": "UgwgIMi6O0dR6Ga1obN4AaABAg",
            "reply_content": "\u963f\u98c4\u9084\u5728\u55ce"
        }
    ]
}