{
    "video_info": {
        "id": "iXj59OeE7NM",
        "channelTitle": "\u641e\u795e\u99ac",
        "title": "\u3010\u5168AI\u62cd\u651d\u3011\u5f62\u50cf\u7167\u66f4\u65b0\uff5c\u963f\u795e\u79d2\u8b8a\u5e25\u6c23\u97d3\u570b\u6696\u7537\uff5c\u99ac\u7530\u53d4\u53d4\u8b8a\u59d0\u59d0\uff1f",
        "description": "\u2764 \u6bcf\u5468\u4e09\u3001\u516d\u3001\u65e5\u90fd\u6709\u65b0\u5f71\u7247 !! \u5f9e\u4eca\u5929\u8d77\u958b\u59cb\u8a02\u95b1\u5427 !! \u2764\n\u52a0\u5165\u6703\u54e1\u2794https://www.youtube.com/channel/UCAsviiS5DE0pcuvxPRrrAzQ/join\n\u5728Facebook\u4e0a\u8ffd\u8e64\u6211\u5011 \u2794 https://www.facebook.com/ksmytstudio\n\u5728IG\u4e0a\u8ffd\u8e64\u6211\u5011 \u2794https://www.instagram.com/shenma_kingofcrap/\n\n\u2764\u5de5\u5546\u5408\u4f5c\u4fe1\u7bb1\uff1aksmytstudio@capsuleinc.cc\n\u2764\u8fa6\u6d3b\u52d5\u3001\u51fa\u5468\u908a\u3001\u806f\u540d\u5546\u54c1\u90fd\u6b61\u8fce\u627eCAPSULE\uff1a https://capsuleinc.co/\n\n\ud83c\udfac\u66f4\u591a\u5f71\u7247\ud83c\udfac\n\n\ud83c\udf54\u98df\u7269\u7cfb\u5217\ud83c\udf5f:https://goo.gl/fA7y1Z\n\ud83d\udca5\u65e5\u5e38\u7cfb\u5217\ud83d\udca5:https://goo.gl/qfbhyP\n\n\u4ee5\u4e0b\u662f\u6211\u5011\u7684\u4e3b\u983b\u9053\uff01\u6b61\u8fce\u4f86\u8a8d\u8b58\u6211\u5011\uff01\n\uff08\u9999\u6e2f\u4eba\uff09\u99ac\u7530\uff08\u5eda\u85dd\uff09\uff1ahttps://www.youtube.com/user/dimcookguide\n\uff08\u53f0\u7063\u4eba\uff09\u963f\u795e\uff08\u904a\u6232\uff09\uff1ahttps://www.youtube.com/user/charlie615119",
        "likeCount": "6188",
        "commentCount": "130",
        "viewCount": "134774"
    },
    "comments": [
        {
            "reply_id": "UgzY9N0VZ1hAvrr9HmN4AaABAg",
            "reply_content": "\u8dea\u6c42\u4e0b\u96c6"
        },
        {
            "reply_id": "UgwFgstjzJfc5hohUG54AaABAg",
            "reply_content": "\u4e0b\u96c6\u52d2"
        },
        {
            "reply_id": "UgywhUSuZN_jVeMGNAx4AaABAg",
            "reply_content": "\u4e09\u500b\u6708\u4e86\ud83e\udd72\u7e8c\u96c6\u9084\u6c92\u51fa\u4f86"
        },
        {
            "reply_id": "UgzKQUXPtdPBqxfkk5B4AaABAg",
            "reply_content": "\u963f\u795e\u7684\u8d85\u50cf\u840c\u53d4\uff08\u597d\u597d\u7b11"
        },
        {
            "reply_id": "UgyZCd5coY69MyxNoIZ4AaABAg",
            "reply_content": "\u54c8\u54c8 \u662f\u4e0d\u662f\u88ab\u9a19\u4e86\ud83d\ude02"
        },
        {
            "reply_id": "UgywNe01EhWOb_e5UFx4AaABAg",
            "reply_content": "\u99ac\u7530\u5230\u5e95\u662f\u4e0d\u662f\u88ab\u9a19\u4e86\uff1f"
        },
        {
            "reply_id": "UgxPlUJKchkL-wRD5_14AaABAg",
            "reply_content": "\u4ec0\u9ebc\u6642\u5019\u53ef\u4ee5\u770b\u5973\u7248\u99ac\u7530\uff1f\ud83d\ude02"
        },
        {
            "reply_id": "UgyCPEO2rWA6Bt7tBv14AaABAg",
            "reply_content": "\u4e00\u500b\u6708\u4e86 \u9084\u6c92\u7b49\u5230\u99ac\u7530\u7167\u7247"
        },
        {
            "reply_id": "UgwOUj0JCERMKeg0wqh4AaABAg",
            "reply_content": "\u641e\u795e\u99ac\u5c31\u662f\u597d\u770b"
        },
        {
            "reply_id": "UgymSqEx98qkfzdgbKF4AaABAg",
            "reply_content": "\u99ac\u7530\u7684\u7167\u7247\u5462\uff1f\u5f88\u60f3\u770b\ud83d\ude02"
        },
        {
            "reply_id": "UgwPi0ac9NGhZlhzW694AaABAg",
            "reply_content": "\u5f9e\u982d\u7b11\u5230\u5c3e\ud83d\ude02"
        },
        {
            "reply_id": "UgwoBZakLR0g9r5xJY94AaABAg",
            "reply_content": "\u963f\u795e\u61c9\u8a72\u88ab\u8aa4\u70ba\u97d3\u7c4d\u7f8e\u570b\u4eba\u4e4b\u985e\u7684\uff0c\u624d\u201d\u7df4\u5f97\u201d\u9019\u9ebc\u58ef\u53c8\u81c9\u65b9\ud83d\ude0f"
        },
        {
            "reply_id": "UgzO0JgJ0-l4wpXgSYx4AaABAg",
            "reply_content": "\u6572\u7897\u99ac\u7530\u59ca\u59ca\uff5e"
        },
        {
            "reply_id": "UgwVx5UhIJXvDakxi1l4AaABAg",
            "reply_content": "\u597d\u671f\u5f85\u99ac\u7530\u53d4\u53d4\u7684\u5973\u88dd\u554a \u6572\u7897 \u5feb\u7d66\u6211\u770b\uff01\uff01"
        },
        {
            "reply_id": "UgyFUpo6QNt0w29sZAV4AaABAg",
            "reply_content": "\u7a81\u7136\u60f3\u770b\u5973\u7248\u963f\u795e\uff08"
        },
        {
            "reply_id": "UgzLk6eFR48DHZlCMux4AaABAg",
            "reply_content": "\u4ee5\u5f8c\u6703\u51fa\u73feai\u88fd\u4f5c\u7684\u5f71\u7247\u4e86"
        },
        {
            "reply_id": "Ugxuk3VufV_SseNnDDJ4AaABAg",
            "reply_content": "\u7b11\u6b7b"
        },
        {
            "reply_id": "UgyTkhC2--Pgmna5VTN4AaABAg",
            "reply_content": "\u597d\u50cf\u5440"
        },
        {
            "reply_id": "UgwvtWVllA2l7su23dJ4AaABAg",
            "reply_content": "\u671f\u5f85\u5973\u7248\u99ac\u7530"
        },
        {
            "reply_id": "UgxCVqPxk76N4AZY8Sp4AaABAg",
            "reply_content": "\u7b11\u5230\u54ed"
        }
    ]
}