{
    "video_info": {
        "id": "l7n1q-wRbUM",
        "channelTitle": "\u641e\u795e\u99ac",
        "title": "\u3010\u5de8\u4eba\u885d\u64ca\u3011\u9032\u64ca\u7684\u5de8\u4ebaxPizza Hut \u9ed1\u6697\u6599\u7406\uff5c\u87f9\u8089\u6367+\u751c\u9ebb\u7cec \u5473\u857e\u8abf\u67e5\u5175\u5718\u5168\u6ec5",
        "description": "\u3010\u8ca9\u552e\u671f\u9593\uff1a2023/8/23-9/30\u3011\n\u641e\u795e\u99ac\u591a\u5143\u5b87\u5b99\u70e4\u8089\u5957\u7d44\uff1ahttps://lihi2.com/c5h84\n\u9999\u6e2f\u7684\u5b87\u5b99\u9019\u908a\u8d70\uff1ahttps://www.meatnpot.com/\n\n\ud83d\udd25\u53f0\u7063\u5957\u7d44\u7684\u51fa\u8ca8\u898f\u5247\ud83d\udd25\n- 9/21\u524d\u4e0b\u55ae\u4ed8\u6b3e\u5b8c\u6210\uff0c\u53ef\u5728\u4e2d\u79cb\u524d\u6536\u5230\n- 9/21\u5f8c\u4e0b\u55ae\u4ed8\u6b3e\u5b8c\u6210\u6703\u4f9d\u5e8f\u8a02\u55ae\u5b89\u6392\u51fa\u8ca8\uff0c\u4e2d\u79cb\u570b\u5b9a\u5047\u65e5\u53ca\u5047\u65e5\u9806\u5ef6\u81f3\u4e0a\u73ed\u65e5\u51fa\u8ca8\n\n\n\u2764 \u6bcf\u5468\u4e09\u3001\u516d\u3001\u65e5\u90fd\u6709\u65b0\u5f71\u7247 !! \u5f9e\u4eca\u5929\u8d77\u958b\u59cb\u8a02\u95b1\u5427 !! \u2764\n\u52a0\u5165\u6703\u54e1\u2794https://www.youtube.com/channel/UCAsviiS5DE0pcuvxPRrrAzQ/join\n\u5728Facebook\u4e0a\u8ffd\u8e64\u6211\u5011 \u2794 https://www.facebook.com/ksmytstudio\n\u5728IG\u4e0a\u8ffd\u8e64\u6211\u5011 \u2794https://www.instagram.com/shenma_kingofcrap/\n\n\u2764\u5de5\u5546\u5408\u4f5c\u4fe1\u7bb1\uff1aksmytstudio@capsuleinc.cc\n\u2764\u8fa6\u6d3b\u52d5\u3001\u51fa\u5468\u908a\u3001\u806f\u540d\u5546\u54c1\u90fd\u6b61\u8fce\u627eCAPSULE\uff1a https://capsuleinc.co/\n\n\ud83c\udfac\u66f4\u591a\u5f71\u7247\ud83c\udfac\n\n\ud83c\udf54\u98df\u7269\u7cfb\u5217\ud83c\udf5f:https://goo.gl/fA7y1Z\n\ud83d\udca5\u65e5\u5e38\u7cfb\u5217\ud83d\udca5:https://goo.gl/qfbhyP\n\n\u4ee5\u4e0b\u662f\u6211\u5011\u7684\u4e3b\u983b\u9053\uff01\u6b61\u8fce\u4f86\u8a8d\u8b58\u6211\u5011\uff01\n\uff08\u9999\u6e2f\u4eba\uff09\u99ac\u7530\uff08\u5eda\u85dd\uff09\uff1ahttps://www.youtube.com/user/dimcookguide\n\uff08\u53f0\u7063\u4eba\uff09\u963f\u795e\uff08\u904a\u6232\uff09\uff1ahttps://www.youtube.com/user/charlie615119",
        "likeCount": "4840",
        "commentCount": "102",
        "viewCount": "163167"
    },
    "comments": [
        {
            "reply_id": "UgxTgpM12gLLc_c4Yed4AaABAg",
            "reply_content": "\u770b\u5225\u4eba\u958b\u7bb1\u90fd\u8aaa\u8d85\u96e3\u5403\u6b38"
        },
        {
            "reply_id": "Ugyx5d1noX38WvUfj9F4AaABAg",
            "reply_content": "\u8584\u76ae\u6bd4\u8f03\u8017\u6642\u9593\u4e5f\u8017\u4eba\u529b\uff0c\u539f\u672c\u6211\u5011\u8584\u76ae\u4e5f\u4e0d\u7528\u52a0\u50f9\uff0c\u4f46\u4e0a\u9762\u7684\u4eba\u5c31\u52a0\u4e86"
        },
        {
            "reply_id": "UgwDLiwUFNPrxUnquVN4AaABAg",
            "reply_content": "\u4e0d\u503c\u5f97 \u6211\u89c9\u5f97\n\u4e5f\u53ef\u80fd\u56e0\u4e3a\u6211\u4e0d\u662f\u5de8\u4eba\u7c89\u5566\n\u4f46\u4f60\u53eb\u6211\u53bb\u4e70\u8fd9\u4e2a\u6211\u5b81\u613f\u53eb\u4e00\u4e2a\u5927\u62ab\u8428\u3002"
        },
        {
            "reply_id": "UgznoVH-U14O3yXszj94AaABAg",
            "reply_content": "\u8b1b\u8a8d\u771f\u7684\u9019\u500b\u552e\u50f9\u2026\n\u6839\u672c\u6210\u672c\u90fd\u62ff\u53bb\u4ed8\u7248\u6b0a\n\u4e0d\u7136\u706b\u934b\u6599\u62ab\u85a9\u8ce3\u4f60800\uff1f\n\u6211\u662f\u5403\u4e0d\u4e0b\u53bb\u4e5f\u82b1\u4e0d\u4e0b\u53bb\u2026"
        },
        {
            "reply_id": "Ugw0imznXj4j35tbevJ4AaABAg",
            "reply_content": "\u5de8\u4eba\u7684\u5730\u5716\u662f\u73fe\u5be6\u4e16\u754c\u7684\u93e1\u50cf\u5566\uff5e\n\u9664\u4e86\u57fa\u672c\u7684\u300c\u5de8\u4eba\u8a2d\u5b9a\u300d\u5916\uff0c\u518d\u4f86\u5c31\u662f\u300a\u9032\u64ca\u7684\u5de8\u4eba\u300b\u4e2d\u5c0d\u300c\u6574\u500b\u4e16\u754c\u300d\u7684\u8a2d\u5b9a\uff01\u9996\u5148\u300a\u9032\u64ca\u7684\u5de8\u4eba\u300b\u7684\u4e16\u754c\u5176\u5be6\u5c31\u662f\u300c\u73fe\u5be6\u4e16\u754c\u7684\u985b\u5012\u300d\uff0c\u4f8b\u5982\u5728\u4f5c\u54c1\u4e2d\u51fa\u73fe\u7684\u300c\u4e16\u754c\u5730\u5716\u300d\uff0c\u5176\u5be6\u5c31\u662f\u771f\u5be6\u4e16\u754c\u300c\u4e0a\u4e0b\u5de6\u53f3\u985b\u5012\u300d\u5f8c\u7684\u7d50\u679c\uff0c\u6240\u8b02\u7684\u300c\u746a\u96f7\u5e1d\u570b\u300d\u7684\u9818\u571f\u5c31\u662f\u6574\u500b\u300c\u975e\u6d32\u5927\u9678\u300d\uff1b\u800c\u5e15\u62c9\u8fea\u5cf6\u5c0d\u7a31\u8457\u300c\u99ac\u9054\u52a0\u65af\u52a0\u300d\uff1b\u8207\u300c\u746a\u96f7\u5e1d\u570b\u300d\u771f\u6b63\u6575\u5c0d\u7684\u300c\u4e2d\u6771\u806f\u5408\u570b\u300d\u5247\u5305\u542b\u4e86\u73fe\u5be6\u4e16\u754c\u4e2d\u963f\u62c9\u4f2f\u534a\u5cf6\u3001\u571f\u8033\u5176\u3001\u4e2d\u4e9e\u7b49\u5340\u57df\u3002\uff08\u4f86\u6e90\u7db2\u8def\uff09"
        },
        {
            "reply_id": "UgyfjhoT8LqK9-VVkuh4AaABAg",
            "reply_content": "\u91cd\u9ede\u4f86\u4e86 \u62ab\u85a9\u53ef\u4ee5\u51b0\u6dc7\u6dcb\u55ce\ud83d\ude02"
        },
        {
            "reply_id": "UgzDygZpMroOg4GjLu54AaABAg",
            "reply_content": "\u4e0d\u6703\u554a \u74e6\u5409\u53e3\u5473\u5f88\u68d2\u554a \u74e6\u5409\u597d\u5403"
        },
        {
            "reply_id": "Ugy6enptEJXTSUmLhyR4AaABAg",
            "reply_content": "\u8d85\u721b\u7684pizza \u4e00\u770b\u5c31\u5f88\u660e\u986f\u662f\u8981\u62ff\u9032\u64ca\u7684\u5de8\u4eba\u7576\u5671\u982d\u4f86\u9a19\u9322 \u9084\u505a\u7684\u8d85\u6c92\u8aa0\u610f \u4e00\u5806\u96dc\u4e03\u96dc\u516b\u7684\u6599\u62fc\u518d\u4e00\u8d77\u800c\u5df2 \u525b\u51fa\u7684\u6642\u5019\u4e5f\u6709\u8cb7 \u62ff\u5230\u7684\u6642\u5019\u6574\u500b\u50bb\u773c \u9084\u5f88\u96e3\u5403\ud83d\ude02"
        },
        {
            "reply_id": "Ugz5Gm1rDM2P8BKCrMh4AaABAg",
            "reply_content": "\u6211\u670b\u53cb\u8aaa\u96e3\u5403\ud83d\ude02"
        },
        {
            "reply_id": "UgwhE65IIL4E7AnKRpN4AaABAg",
            "reply_content": "\u6211\u624d\u525b\u5728\u7fbd\u7403\u5834\u770b\u5230\u6709\u4eba\u5728\u5403\ud83d\ude02\ud83d\ude02\ud83d\ude02"
        },
        {
            "reply_id": "UgzIdkRbQLx9c1e6b6Z4AaABAg",
            "reply_content": "\u54a6\uff5e\u6a19\u984c\u662f\u4e0d\u662f\u932f\u5b57\u4e86\uff01\u87f9\u8089\u68d2"
        },
        {
            "reply_id": "Ugy-ZXmNJyUwF7YtXF54AaABAg",
            "reply_content": "\u4e00\u822c\u539a\u7684\u90fd\u662f\u5206\u6210\u9eb5\u5718\u5f8c\uff0c\u7528\u6a5f\u5668\u64c0\u904e\u76f4\u63a5\u767c\u9175\u597d\u4e86\u5c31\u53ef\u4ee5\u7528\u3002\n\u4f46\u8584\u7684\u662f\u5206\u6210\u9eb5\u5718\u5f8c\uff0c\u9084\u8981\u7528\u6a5f\u5668\u64c0\u5e73\uff0c\u518d\u8cbc\u5230\u5c0d\u61c9\u5927\u4e2d\u5c0f\u7684\u70e4\u76e4\u4e0a\uff0c\u518d\u628a\u591a\u9918\u7684\u5207\u6389\u7136\u5f8c\u518d\u6253\u6d1e\uff0c\u6240\u4ee5\u5176\u5be6\u8584\u7247\u6bd4\u8f03\u8017\u4eba\u8017\u6642\uff0c\u6bd4\u4e00\u822c\u539a\u7684\u9ebb\u7169\u5f88\u591a\u3002\n\u53ef\u80fd\u662f\u6bd4\u8f03\u8cb4\u7684\u539f\u56e0\u3002"
        },
        {
            "reply_id": "UgwMXwkjkNdx70rCIbt4AaABAg",
            "reply_content": "\u8cb7\u5927\u9001\u5927???\uff0c\u963f\u795e\u771f\u7684\u8d85\u4e45\u6c92\u5403\u4e86\u6b38\u5f88\u5065\u5eb7"
        },
        {
            "reply_id": "Ugx9PpHTdpP0wGn4H814AaABAg",
            "reply_content": "\u771f\u7684\u5f88\u665a\u958b\u7bb1\u6b38\u54c8\u54c8\u54c8\u54c8\n\u6211\u81ea\u5df1\u90fd\u9ede\u4f86\u5403\u904e\u597d\u4e45\u4e86\n\u4f46\u6c92\u60f3\u5230\u74e6\u5409\u8a55\u50f9\u90a3\u9ebc\u4f4ewww\n\u6211\u6700\u559c\u6b61\u74e6\u5409\u7684\u90e8\u5206\u7684\u8aaa\u54c8\u54c8\u54c8\u54c8\ud83e\udd23\ud83e\udd23\ud83e\udd23"
        },
        {
            "reply_id": "UgxejyO3GRimI7ptM0V4AaABAg",
            "reply_content": "\u539a\u7247\u548c\u8584\u8106\u662f\u4e00\u6a23\u50f9\u683c\u5427"
        },
        {
            "reply_id": "UgzYWmbu4oeeArsVEbh4AaABAg",
            "reply_content": "\u5377\u8d77\u6765\u5403\u4e00\u5b9a\u5168\u90fd\u5403\u5f97\u5230"
        },
        {
            "reply_id": "UgzjJmaiGaB4NCG_PF14AaABAg",
            "reply_content": "\u99ac\u7530\u9700\u8981\u548c\u4ee5\u524d\u4e00\u6a23\u958b\u5834\u4e0d\u8aaa\u81ea\u5df1\u7684\u540d\u5b57"
        },
        {
            "reply_id": "Ugz64TQoTRVYz0mOfIV4AaABAg",
            "reply_content": "\u74e6\u5409"
        },
        {
            "reply_id": "Ugz3D07O26YBNlx-Sfx4AaABAg",
            "reply_content": "\u54c8\u54c8\u770b\u5230\u600e\u9ebc\u4e0d\u80fd\u7406\u89e3\ud83d\ude02\n\u9019\u500b\u771f\u7684\u6709\u4eba\u8cb7\u55ce\n\n\u74e6\u5409\u5982\u679c\u63db\u6210\u8d77\u53f8\u68d2\u6703\u4e0d\u6703\u597d\u4e00\u4e9b\ud83d\ude02"
        },
        {
            "reply_id": "UgxI6AJrRAzU86m1DBt4AaABAg",
            "reply_content": "\u963f\u795e\u662f\u4e0d\u662f\u8b8a\u5f88\u7626\u554a@@"
        }
    ]
}