{
    "video_info": {
        "id": "lWbzzowdAhs",
        "channelTitle": "\u641e\u795e\u99ac",
        "title": "\u3010\u8ced\u4e0a\u9748\u9b42\u3011\u4f86\u81eaJOJO\u7684\u904a\u6232\uff5c\u79d1\u5b78\uff0b\u6280\u5de7\u7684\u878d\u5408\u7684\u6700\u5f37\u5c0d\u6c7a\uff01",
        "description": "\u2764 \u6bcf\u5468\u4e09\u3001\u516d\u3001\u65e5\u90fd\u6709\u65b0\u5f71\u7247 !! \u5f9e\u4eca\u5929\u8d77\u958b\u59cb\u8a02\u95b1\u5427 !! \u2764\n\u52a0\u5165\u6703\u54e1\u2794https://www.youtube.com/channel/UCAsviiS5DE0pcuvxPRrrAzQ/join\n\u5728Facebook\u4e0a\u8ffd\u8e64\u6211\u5011 \u2794 https://www.facebook.com/ksmytstudio\n\u5728IG\u4e0a\u8ffd\u8e64\u6211\u5011 \u2794https://www.instagram.com/shenma_kingofcrap/\n\n\u2764\u5de5\u5546\u5408\u4f5c\u4fe1\u7bb1\uff1aksmytstudio@capsuleinc.cc\n\u2764\u8fa6\u6d3b\u52d5\u3001\u51fa\u5468\u908a\u3001\u806f\u540d\u5546\u54c1\u90fd\u6b61\u8fce\u627eCAPSULE\uff1a https://capsuleinc.co/\n\n\ud83c\udfac\u66f4\u591a\u5f71\u7247\ud83c\udfac\n\n\ud83c\udf54\u98df\u7269\u7cfb\u5217\ud83c\udf5f:https://goo.gl/fA7y1Z\n\ud83d\udca5\u65e5\u5e38\u7cfb\u5217\ud83d\udca5:https://goo.gl/qfbhyP\n\n\u4ee5\u4e0b\u662f\u6211\u5011\u7684\u4e3b\u983b\u9053\uff01\u6b61\u8fce\u4f86\u8a8d\u8b58\u6211\u5011\uff01\n\uff08\u9999\u6e2f\u4eba\uff09\u99ac\u7530\uff08\u5eda\u85dd\uff09\uff1ahttps://www.youtube.com/user/dimcookguide\n\uff08\u53f0\u7063\u4eba\uff09\u963f\u795e\uff08\u904a\u6232\uff09\uff1ahttps://www.youtube.com/user/charlie615119",
        "likeCount": "5004",
        "commentCount": "109",
        "viewCount": "149465"
    },
    "comments": [
        {
            "reply_id": "UgxcIHSzy65RDlog5OZ4AaABAg",
            "reply_content": "\u6fb3\u9580\u7684\u670b\u53cb\ud83e\udd23"
        },
        {
            "reply_id": "UgwzyXpcXoJiWQ9EUsB4AaABAg",
            "reply_content": "\u7a81\u7136\u611f\u53d7\u5230\u5145\u6eff\u6e2f\u5e635\u5143\u7684\u53e3\u888b\ud83d\ude02\uff0c\u559c\u6b61\u9019\u7a2e\u591a\u570b\u786c\u5e63\u7684\u73a9\u6cd5\u2764\uff0c\u641e\u795e\u99ac\u771f\u7684\u600e\u9ebc\u770b\u90fd\u4e0d\u5920\u770b\u963f\u963f\ud83d\ude0a\ud83d\udc9b\ud83e\udde1"
        },
        {
            "reply_id": "UgyAuKsAsmgauuIvRJF4AaABAg",
            "reply_content": "\u53ef\u60dc\u8655\u7f70\u74b0\u7bc0\u53ea\u662f\u5f8c\u88fd\u7279\u6548\u800c\u5df2\uff0c\u61c9\u8a72\u52a0\u4e0a\u4e00\u9ede\u6709\u8da3\u7684\u5143\u7d20\uff0c\u6bd4\u5982\u5403\u5730\u7344\u6599\u7406\u98f2\u6599\u6216\u6234\u4e0a\u8c93\u8033\u3001\u81c9\u4e0a\u756b\u756b\u4e4b\u985e\u7684w"
        },
        {
            "reply_id": "UgzWFxBDkzor4mzBK5R4AaABAg",
            "reply_content": "\u5982\u679c\u5df2\u7d93\u628a\u9748\u9b42\u7d66\u4e86\u60e1\u9b54\u9084\u6703\u88ab\u53d6\u8d70\u9748\u9b42\u55ce\ud83d\ude02"
        },
        {
            "reply_id": "UgwdGHAoHWaVRMnAyHp4AaABAg",
            "reply_content": "\u8ddf\u8c9d\u5361\u65af\u4e00\u6a23"
        },
        {
            "reply_id": "UgyfGXvNACpk9B1oZQV4AaABAg",
            "reply_content": "\u9054\u6bd4\u6700\u5f8c\u88ab\u627f\u592a\u90ce\u5687\u6b7b"
        },
        {
            "reply_id": "Ugzb8e7SpiMz0-tuNct4AaABAg",
            "reply_content": "\u5f8c\u4f86\u662f\u7528\u68d2\u7403 \u5047\u88dd\u627f\u592a\u90ce\u73a9 \u5be6\u969b\u662f\u5225\u7684\u66ff\u8eab\u64cd\u63a7"
        },
        {
            "reply_id": "Ugyc9ZVcoIAbJy84NGp4AaABAg",
            "reply_content": "\u9054\u6bd4\u9054\u6bd4\u8ced\uff5e"
        },
        {
            "reply_id": "Ugz9pleifzRw2ayvfu94AaABAg",
            "reply_content": "\u6211\u8981\u7528\u7d2b\u8272\u96b1\u8005"
        },
        {
            "reply_id": "UgzngzSody1E1ZbDiA14AaABAg",
            "reply_content": "\u6700\u559c\u6b61\u7684\u9084\u662f\u53ef\u4ee5\u8dd1\u9032\u5922\u88e1\u7684\u5bf6\u5bf6"
        },
        {
            "reply_id": "UgyJicmuITnFFH8mT4l4AaABAg",
            "reply_content": "\u627f\u592a\u90ce\u6253\u5fc3\u88e1\u6230\u8d0f\u7684"
        },
        {
            "reply_id": "Ugx6se1oYWlqesiev6B4AaABAg",
            "reply_content": "\u627f\u592a\u90ce\uff1a\u6211\u8ced\u4e0a\u6211\u5abd\u7684\u9748\u9b42"
        },
        {
            "reply_id": "Ugz8HzrVaUBa65ZQZtl4AaABAg",
            "reply_content": "\u6700\u5f8c\u662f\u627f\u592a\u90ce\u628a\u4ed6\u5abd\u5abd\u7684\u9748\u9b42\u90fd\u62ff\u51fa\u4f86\u8ced\u4e86 \u5687\u5f97\u9054\u6bd4\u4ee5\u70ba\u8981\u8f38\u4e86 \u6700\u5f8c\u627f\u53d7\u4e0d\u4f4f\u5fc3\u7406\u58d3\u529b\u8f38\u6389\u4e86"
        },
        {
            "reply_id": "Ugz6-KzKZqjj1L_0pPt4AaABAg",
            "reply_content": "\u6771\u65b9\u4ed7\u52a9\u2764\u5e25"
        },
        {
            "reply_id": "Ugy0yjRCrMKHwvAGeGp4AaABAg",
            "reply_content": "\u6211\u5c31\u554f\u5929\u6c23\u9810\u5831\u5462 \u6c92\u6709\u7b2c\u516d\u5b63\u7684\u4eba\u7269\u5440"
        },
        {
            "reply_id": "UgwN4hdFXjk5IXOfvCp4AaABAg",
            "reply_content": "\u5982\u679c\u6211\u8cb7\u4e86\u90a3\u76d2\u9905\u4e7e\u7d55\u5c0d\u662f\u6536\u85cf\u4e0d\u6703\u5403\uff08\u6368\u4e0d\u5f97\uff09\ud83d\ude02"
        },
        {
            "reply_id": "UgzdxiZqbRIiRGtv8Sl4AaABAg",
            "reply_content": "\u82f1\u5973\u7687\u7684\u786c\u5e63\u4e5f\u5f88\u6f02\u4eae\u2764"
        },
        {
            "reply_id": "UgxBHJDPhWefaceZDrR4AaABAg",
            "reply_content": "\u6c34\u676f\u90a3\u908a\u662f\u4e8c\u55ac\u8ced\u7684\uff0c\u56e0\u70ba\u5de7\u514b\u529b\u5728\u676f\u5e95\u878d\u5316\u800c\u8aa4\u5224\u5f35\u529b\u7684\u6975\u9650\u8f38\u6389\u7684\uff0c\u627f\u592a\u90ce\u5247\u662f\u73a9\u724c\u9760\u5439\u725b\u8d0f\u7684\uff0c\u6211\u8a18\u5f97\u672c\u4f86\u5c31\u53ef\u4ee5\u81ea\u5df1\u6c7a\u5b9a\u8981\u653e\u5e7e\u500b\u7c4c\u78bc\u9032\u6c34\u676f"
        },
        {
            "reply_id": "UgwMudrJd6h1qHvWyN94AaABAg",
            "reply_content": "\u5176\u5be6\u8868\u9762\u5f35\u529b\u5728jojo\u88e1\u9762\u7684\u904a\u6232\u898f\u5247\u6c92\u6709\u9650\u5b9a\u53ea\u80fd\u653e\u4e00\u679a\u786c\u5e63\u5594\uff0c\u672c\u4f86\u5c31\u662f\u60f3\u653e\u591a\u5c11\u5c31\u653e\u591a\u5c11\uff0c\u53ea\u662f\u4e0d\u80fd\u8b93\u6c34\u8dd1\u51fa\u4f86\u800c\u5df2"
        },
        {
            "reply_id": "Ugxf2vv7GTI27pOgp494AaABAg",
            "reply_content": "\u90a3\u4e00\u5834\u52dd\u8ca0\u662f\n\u9996\u5148\u6d3e\u724c\u7684\u90a3\u4f4d\u662f\u9054\u6bd4\u7684\u4eba,\u6240\u4ee5\u9054\u6bd4\u77e5\u9053\u627f\u592a\u90ce\u624b\u4e0a\u7684\u662f\u721b\u724c,\u800c\u627f\u592a\u90ce\u4e5f\u77e5\u9053\u5168\u5834\u90fd\u662f\u9054\u6bd4\u7684\u7dda\u4eba\n\u4f46\u6700\u5f8c\u4e00\u5c40\u627f\u592a\u90ce\u5b8c\u5168\u6c92\u770b\u904e\u81ea\u5df1\u7684\u624b\u724c\u76f4\u63a5\u7528\u6d3e\u4f86\u76845\u5f35 \u52a0\u6ce8\u81ea\u5df1\u6700\u5f8c\u7684\u6ce8\u78bc\u8ddf\u963f\u5e03\u5fb7\u723e\u7684\u9748\u9b42\n\u7136\u5f8c\u518d\u52a0\u6ce8\u82b1\u4eac\u9662\u7684\u9748\u9b42,\u8ddf\u8457\u7528\u767d\u91d1\u4e4b\u661f\u628a\u7159\u9ede\u706b \u9054\u6bd4\u5b8c\u5168\u770b\u4e0d\u5230\u90a3\u767d\u91d1\u4e4b\u661f\u7684\u901f\u5ea6,\u4ee5\u70ba\u627f\u592a\u90ce\u4e00\u5b9a\u662f\u7528\u767d\u91d1\u4e4b\u661f\u90a3\u901f\u5ea6\u51fa\u8001\u5343 \u800c\u81ea\u5df1\u770b\u4e0d\u5230\u6240\u4ee5\u4ed6\u4e00\u5b9a\u6703\u8d0f\n\u4f46\u5fc3\u4e2d\u60f3\u8457\u4e00\u5b9a\u6c92\u53ef\u80fd,\u4f46\u627f\u592a\u90ce\u6709\u9019\u6a23\u7684\u81ea\u4fe1\u4e00\u5b9a\u662f\u767d\u91d1\u4e4b\u661f\u63db\u4e86\u724c\n\u6b63\u7576\u9054\u6bd4\u76f8\u4fe1\u81ea\u5df1 \u6c7a\u5b9a\u958b\u724c\u7684\u6642\u5019\u627f\u592a\u90ce\u7528\u767d\u91d1\u4e4b\u661f\u628a\u98f2\u6599\u62ff\u4e86\u904e\u4f86\u518d\u7528\u81ea\u5df1\u5abd\u5abd\u7684\u9748\u9b42\u52a0\u6ce8\n\u9054\u6bd4\u770b\u5230\u9019\u7a2e\u7d55\u5c0d\u7684\u81ea\u4fe1\u5c31\u5c0d\u81ea\u5df1\u7684\u81ea\u4fe1\u7522\u751f\u5f37\u70c8\u7684\u52d5\u6416\n\u627f\u592a\u90ce\u518d\u53eb\u9054\u6bd4\u7528DIO\u7684\u79d8\u5bc6\u62ff\u4f86\u7576\u4f5c\u52a0\u6ce8\u7684\u6ce8\u78bc,\u56e0\u70ba\u4e00\u65e6\u81ea\u5df1\u8f38\u4e86\u5c31\u4e00\u5b9a\u6703\u88abDIO\u6bba\u6b7b\n\u6700\u5f8c\u9054\u6bd4\u4e00\u76f4\u5728\u9019\u5169\u7a2e\u60c5\u7dd2\u4e2d\u4ea4\u6230,\u76f4\u81f3\u5d29\u6f70"
        }
    ]
}