{
    "video_info": {
        "id": "m1bMKBC-3Ic",
        "channelTitle": "\u641e\u795e\u99ac",
        "title": "\u3010\u771f\ud83d\udd25\u5bb6\u5ead\u5f71\u5ef3\u3011\u81ea\u88fd\u8c6a\u83ef\u96fb\u5f71\u9662\u5409\u62ff\u68d2\u6a5f\uff5c",
        "description": "\u7d50\u679c\u767c\u73fe\u6839\u672c\u662f\u9b06\u9905\u86cb\u7cd5\n\u624d\u4e0d\u662f\u5409\u62ff\u68d2XD\n\n\u2764 \u6bcf\u5468\u4e09\u3001\u516d\u3001\u65e5\u90fd\u6709\u65b0\u5f71\u7247 !! \u5f9e\u4eca\u5929\u8d77\u958b\u59cb\u8a02\u95b1\u5427 !! \u2764\n\u52a0\u5165\u6703\u54e1\u2794https://www.youtube.com/channel/UCAsviiS5DE0pcuvxPRrrAzQ/join\n\u5728Facebook\u4e0a\u8ffd\u8e64\u6211\u5011 \u2794 https://www.facebook.com/ksmytstudio\n\u5728IG\u4e0a\u8ffd\u8e64\u6211\u5011 \u2794https://www.instagram.com/shenma_kingofcrap/\n\n\u2764\u5de5\u5546\u5408\u4f5c\u4fe1\u7bb1\uff1aksmytstudio@capsuleinc.cc\n\u2764\u8fa6\u6d3b\u52d5\u3001\u51fa\u5468\u908a\u3001\u806f\u540d\u5546\u54c1\u90fd\u6b61\u8fce\u627eCAPSULE\uff1a https://capsuleinc.co/\n\n\ud83c\udfac\u66f4\u591a\u5f71\u7247\ud83c\udfac\n\n\ud83c\udf54\u98df\u7269\u7cfb\u5217\ud83c\udf5f:https://goo.gl/fA7y1Z\n\ud83d\udca5\u65e5\u5e38\u7cfb\u5217\ud83d\udca5:https://goo.gl/qfbhyP\n\n\u4ee5\u4e0b\u662f\u6211\u5011\u7684\u4e3b\u983b\u9053\uff01\u6b61\u8fce\u4f86\u8a8d\u8b58\u6211\u5011\uff01\n\uff08\u9999\u6e2f\u4eba\uff09\u99ac\u7530\uff08\u5eda\u85dd\uff09\uff1ahttps://www.youtube.com/user/dimcookguide\n\uff08\u53f0\u7063\u4eba\uff09\u963f\u795e\uff08\u904a\u6232\uff09\uff1ahttps://www.youtube.com/user/charlie615119",
        "likeCount": "6379",
        "commentCount": "170",
        "viewCount": "172616"
    },
    "comments": [
        {
            "reply_id": "UgyHJUiL_ELE5U9C6bt4AaABAg",
            "reply_content": "\u5409\u62ff\u68d2\u53ef\u4ee5\u51b0\u6dc7\u6dcb\u55ce\uff1f"
        },
        {
            "reply_id": "Ugy0OaH4fsvoWYxA9zd4AaABAg",
            "reply_content": "\u9019\u96c6\u62cd\u5b8c\u8d77\u4e69\u76f4\u63a5\u71b1\u641c"
        },
        {
            "reply_id": "UgxMNqIMfkUN3yecrfR4AaABAg",
            "reply_content": "\u96de\u86cb\u7cd5\u7121\u8aa4\ud83d\ude03"
        },
        {
            "reply_id": "UgzayLw1gglcnFZYstt4AaABAg",
            "reply_content": "\u9019\u4e0d\u5c31\u96de\u86cb\u7cd5"
        },
        {
            "reply_id": "UgwX4KdJ_IFpox71PPB4AaABAg",
            "reply_content": "\u662f\u4e0d\u662f\u6a5f\u5668\u8981\u4e0a\u6cb9\u53bb\u70b8\uff1f"
        },
        {
            "reply_id": "Ugx3Qf9_RP-QTbAafj14AaABAg",
            "reply_content": "\u597d\u50cf\u6c92\u6709\u70b8"
        },
        {
            "reply_id": "UgyuR2of8F68YVHXwGd4AaABAg",
            "reply_content": "\u628a\u90a3\u9eb5\u7cca\u88dd\u5165\u64e0\u82b1\u888b\u6cb9\u70b8\uff0c\u53e3\u611f\u6703\u4e00\u6a23\u55ce\uff1f"
        },
        {
            "reply_id": "UgzQ3M_lgUagsF_AlY54AaABAg",
            "reply_content": "\u4e0b\u6b21\u8a66\u8a66\u628a\u9019\u6750\u6599\n\u7528\u5728\u4e4b\u524d\u7684\u96de\u65e6\u4ed4\u6a5f\u5668\u4e0a"
        },
        {
            "reply_id": "UgxhQ-aj5BkhVb6HnMR4AaABAg",
            "reply_content": "\u9019\u662f\u96de\u86cb\u7cd5\u5427\uff01"
        },
        {
            "reply_id": "Ugye-57iCw6m25vMq-B4AaABAg",
            "reply_content": "\u5982\u679c\u5728\u628a\u5b83\u90a3\u53bb\u70b8\u5462"
        },
        {
            "reply_id": "UgwViTBY9cXH7gCQ5vp4AaABAg",
            "reply_content": "\u5409\u90a3\u68d2\u771f\u7684\u597d\u5403\uff0c\u4e0d\u8981\u592a\u751c\u90fd\u597d\u5566\uff01"
        },
        {
            "reply_id": "UgwRjiu_INXFhBpuFLl4AaABAg",
            "reply_content": "\u963f\u795e\n\u5f88\u591a\u300c\u9000\u4f11\u300d\u4eba\u58eb\u771f\u7684\u6703\u4ee5\u300c\u505a\u98ef\u300d\u4f5c\u70ba\u8208\u8da3\uff0c\u56e0\u70ba\u6700\u7d42\u6703\u5403\u4e0b\u809a\uff0c\u76f8\u5c0d\u5176\u4ed6\u8208\u8da3\u662f\u6210\u672c\u4f4e\u3001\u6027\u50f9\u6bd4\u9ad8\u7684\n\u4ea6\u6709\u5f88\u591a\u6210\u529f\u627e\u5230\u4e8b\u696d\u300c\u7b2c\u4e8c\u6625\u300d\uff0c\u4ee5\u4f60\u7684\u5275\u610f\u61c9\u8a72\u53ef\u4ee5\u7684\ud83d\ude06"
        },
        {
            "reply_id": "Ugxt1b1I5o7Bf49YW9N4AaABAg",
            "reply_content": "\u6211\u662f\u63a8\u85a6\u5169\u4f4d\u53bb\u897f\u73ed\u7259\u5617\u5617\u771f\u6b63\u7684\u897f\u73ed\u7259\u6cb9\u689d\u5566\uff5e\u4f60\u5011\u6703\u767c\u73fe\uff0c\u5b8c\u5168\u662f\u5169\u56de\u4e8b\ud83e\udd23"
        },
        {
            "reply_id": "UgyjWXaE9ghFr0Z4ICJ4AaABAg",
            "reply_content": "\u5982\u679c\u963f\u795e\u505a\u7684\u9b06\u9905\u86cb\u7cd5\u62ff\u53bb\u8ce3\u4e00\u6703\u6703\u5927\u8ce3"
        },
        {
            "reply_id": "UgwXAffDhAFbcsEDTzd4AaABAg",
            "reply_content": "\u963f\u795e\u9019\u6b21\u6c92\u7ffb\u8eca\u9032\u6b65\u5f88\u591a\u6b38\u8b9a\ud83d\udc4d"
        },
        {
            "reply_id": "UgwZFaW4_wC2ouUGEDV4AaABAg",
            "reply_content": "\u770b\u641e\u795e\u99ac\u9019\u9ebc\u7a4d\u6975\u958b\u767c\u9000\u4f11\u526f\u696d\n\u4ee5\u5f8c\u61c9\u8a72\u662f\u4e0d\u6101\u5403\u7a7f\u4e86(\u62ed\u6dda"
        },
        {
            "reply_id": "Ugz8LXS--NGoX06Dhdl4AaABAg",
            "reply_content": "\u6211\u61f7\u7591\u5728\u958b\u8eca\u4f46\u6211\u6c92\u6709\u8b49\u64da"
        },
        {
            "reply_id": "Ugwr0fypwOb641wLv_94AaABAg",
            "reply_content": "\u73fe\u5834\u751f\u86cb\u751f\u5976\u6cb9\u90a3\u88e1\u6211\u7b11\u7ffb\u54c8\u54c8\u54c8\u54c8\ud83d\ude02"
        },
        {
            "reply_id": "Ugxqd2ox3QLpA2Ya3rV4AaABAg",
            "reply_content": "\u5982\u679c\u7528\u6a5f\u5668\u505a\u597d\u4ee5\u5f8c \u518d\u62ff\u53bb\u6cb9\u70b8 \u4e0d\u77e5\u9053\u6703\u4e0d\u6703\u6bd4\u8f03\u50cf\u5409\u62ff\u68d2"
        },
        {
            "reply_id": "Ugw4nLtQ0Npk-LhY7Xx4AaABAg",
            "reply_content": "\u5f88\u559c\u6b22\u641e\u795e\u9a6c\u7684\u5f71\u7247!"
        }
    ]
}