{
    "video_info": {
        "id": "MDyBqeyfDoY",
        "channelTitle": "\u641e\u795e\u99ac",
        "title": "\u3010\u6a5f\u5668\u6539\u9020\u738b\u3011\u7db2\u4e0a\u8cb7\u7684\u74b0\u4fdd\u81a0\u56ca\uff01\uff5c\u5496\u5561\u6a5f\u8b8a\u6210\u6fc3\u6e6f\u6a5f\uff01",
        "description": "\u2764 \u6bcf\u5468\u4e09\u3001\u516d\u3001\u65e5\u90fd\u6709\u65b0\u5f71\u7247 !! \u5f9e\u4eca\u5929\u8d77\u958b\u59cb\u8a02\u95b1\u5427 !! \u2764\n\u52a0\u5165\u6703\u54e1\u2794https://www.youtube.com/channel/UCAsviiS5DE0pcuvxPRrrAzQ/join\n\u5728Facebook\u4e0a\u8ffd\u8e64\u6211\u5011 \u2794 https://www.facebook.com/ksmytstudio\n\u5728IG\u4e0a\u8ffd\u8e64\u6211\u5011 \u2794https://www.instagram.com/shenma_kingofcrap/\n\n\u2764\u5de5\u5546\u5408\u4f5c\u4fe1\u7bb1\uff1aksmytstudio@capsuleinc.cc\n\u2764\u8fa6\u6d3b\u52d5\u3001\u51fa\u5468\u908a\u3001\u806f\u540d\u5546\u54c1\u90fd\u6b61\u8fce\u627eCAPSULE\uff1a https://capsuleinc.co/\n\n\ud83c\udfac\u66f4\u591a\u5f71\u7247\ud83c\udfac\n\n\ud83c\udf54\u98df\u7269\u7cfb\u5217\ud83c\udf5f:https://goo.gl/fA7y1Z\n\ud83d\udca5\u65e5\u5e38\u7cfb\u5217\ud83d\udca5:https://goo.gl/qfbhyP\n\n\u4ee5\u4e0b\u662f\u6211\u5011\u7684\u4e3b\u983b\u9053\uff01\u6b61\u8fce\u4f86\u8a8d\u8b58\u6211\u5011\uff01\n\uff08\u9999\u6e2f\u4eba\uff09\u99ac\u7530\uff08\u5eda\u85dd\uff09\uff1ahttps://www.youtube.com/user/dimcookguide\n\uff08\u53f0\u7063\u4eba\uff09\u963f\u795e\uff08\u904a\u6232\uff09\uff1ahttps://www.youtube.com/user/charlie615119",
        "likeCount": "5750",
        "commentCount": "110",
        "viewCount": "215424"
    },
    "comments": [
        {
            "reply_id": "Ugz3qlzyeJvURipKchZ4AaABAg",
            "reply_content": "\u7a81\u7136\u89ba\u5f97\u81a0\u56ca\u5496\u5561\u6a5f\u662f\u591a\u9918\u7684\u7522\u54c1\uff0c\u56e0\u70ba\u81a0\u56ca\u90fd\u662f\u6fc3\u7e2e\u6db2\u9ad4\u653e\u5165\u6c96\u6ce1\uff0c\u6539\u7fa9\u5f0f\u5496\u5561\u6a5f\u6548\u679c\u53ef\u80fd\u9084\u6bd4\u8f03\u597d\uff0c\u7528\u8336\u7c89\u6216\u4e09\u5408\u4e00\u90a3\u985e\uff0c\u53ea\u8981\u662f\u4e7e\u7c89\u6599\u61c9\u8a72\u5c31\u884c\u5f97\u901a\uff0c\u6210\u529f\u7387\u53ef\u80fd\u9084\u8f03\u9ad8\u3002"
        },
        {
            "reply_id": "Ugwzcao1tWrobIHlUrt4AaABAg",
            "reply_content": "\u628a\u8336\u8449\u6253\u6210\u7c89..\u61c9\u8a43\u5c31\u53ef\u4ee5\u4e86"
        },
        {
            "reply_id": "UgzqbcKu5SNbNLZazXF4AaABAg",
            "reply_content": "\u70ba\u4f55\u8981\u8cea\u7591\u559d\u8591 \u6c92\u559d\u904e\u4e5f\u770b\u904e\u807d\u904e\u5427= ="
        },
        {
            "reply_id": "UgwBinRYFj9k6O2WVvZ4AaABAg",
            "reply_content": "\u540c\u57cb\u8591\u4fc2\u6709\u52a9\u6b62\u54b3"
        },
        {
            "reply_id": "UgxL31J5fKO05kkxTG54AaABAg",
            "reply_content": "\u90a3\u53e5\u8ddf\u76f4\u63a5\u7528\u71b1\u6c34\u6709\u4ec0\u9ebc\u5dee\u5225\n\u9748\u9b42\u62f7\u554f\u6b38"
        },
        {
            "reply_id": "Ugz3CFtOyHpwmeZfGch4AaABAg",
            "reply_content": "\u975e\u5e38\u671f\u5f85\u6709\u4e00\u65e5\u53ef\u4ee5\u898b\u5230\u795e\u99ac\u724c\u5976\u8336\u81a0\u56ca\ud83d\ude02"
        },
        {
            "reply_id": "Ugz9AmoD3Fg1OFnIO8t4AaABAg",
            "reply_content": "\u592a\u6709\u8da3\u4e86\uff0c\u6211\u66fe\u7d93\u4e5f\u6709\u60f3\u904e\u9019\u7a2e\u5496\u5561\u6a5f\u9084\u53ef\u4ee5\u716e\u4ec0\u9ebc\u5462\uff1f\u7d50\u679c\u4f60\u5011\u5c31\u5e6b\u5927\u5bb6\u5be6\u9a57\u4e86\uff0c\u8b1d\u8b1d\u4f60\u5011\ud83d\udc4f\ud83d\udc4f\ud83d\udc4f"
        },
        {
            "reply_id": "UgwzvyJIHq7Qplak4y14AaABAg",
            "reply_content": "\u5e73\u5e38\u81a0\u56ca\u88e1\u90fd\u662f\u6c34\u72c0\u716e\u597d\u7684\u6a23\u5b50\u5427\uff0c\u53ea\u662f\u6c34\u91cf\u5c11\u5f88\u591a"
        },
        {
            "reply_id": "UgzBzCQRPk8fi0DWRGl4AaABAg",
            "reply_content": "\u53ef\u4ee5\u505a\u624b\u5de5\u65b9\u584a\u9165\uff08\u7a81\u7136\u60f3\u5230\ud83d\ude0a"
        },
        {
            "reply_id": "UgwTxsgYG1I-g8dLv6t4AaABAg",
            "reply_content": "\u6211\u771f\u7684\u5f88\u60f3\u770b\u54ea\u5929\u9019\u4e9b\u4e8c\u5ea6\u5275\u696d\u7684\u7d50\u679c\u53ef\u4ee5\u8a66\u71df\u904b\u770b\u770b\ud83d\ude02\u5c31\u7b97\u4e00\u5929\u4e5f\u597d\ud83d\ude02"
        },
        {
            "reply_id": "UgxV7YMFHVQDx1eFs8p4AaABAg",
            "reply_content": "\u8a66\u8a66\u90a3\u500b\u5962\u83ef\u62b9\u8336\u7c89\u5427"
        },
        {
            "reply_id": "UgzsIFln0vOi0pLYvSN4AaABAg",
            "reply_content": "\u99ac\u7530\u4f60\u5011\u53ef\u4ee5\u77e5\u505a\u7f69\u578b\u71b1\u58d3\u7cd6\u5713\u52a0\u7df4\u9b6f\u55ce"
        },
        {
            "reply_id": "UgzdN1LAppK8KAH4OhB4AaABAg",
            "reply_content": "\u8336\u8449\u5fc5\u9808\u5207\u7d30\u5207\u788e\u624d\u6bd4\u8f03\u5bb9\u6613\u8403\u53d6\uff0c\u8ddf\u5496\u5561\u7c89\u78e8\u7d30\u662f\u76f8\u540c\u539f\u7406"
        },
        {
            "reply_id": "UgyZhlXEvljrNsh3rz54AaABAg",
            "reply_content": "\u518d\u6ef4\u4e94\u5206\u949f\ud83d\ude02"
        },
        {
            "reply_id": "UgxYaLOKYz8MKwreJZx4AaABAg",
            "reply_content": "\u7d93\u904e\u75ab\u60c5\u9084\u5c07\u61c2\u5f97\u885b\u751f\u53eb\u300c\u53e3\u6c34\u75c5\u300d\u7684\u963f\u795e\ud83d\ude02"
        },
        {
            "reply_id": "Ugzhz2hoQu_9ckVDpRN4AaABAg",
            "reply_content": "\u8336\u8449\u8981\u6ce1\u904e\u624d\u6703\u6709\u984f\u8272\u548c\u5473\u9053,\u9019\u7a2e\u5efa\u8b70\u7528\u8336\u7c89\u6bd4\u8f03\u597d"
        },
        {
            "reply_id": "UgzfC_DzQU54CX7gBAF4AaABAg",
            "reply_content": "\u8336\u8449\u653e\u592a\u591a\u4e86\uff0c\u6ce1\u4e0d\u958b\n\u61c9\u8a72\u7528\u8336\u7c89\u6703\u6bd4\u8f03\u597d\n(\u7136\u5f8c\u958b\u5e97\u7684\u8a71\uff0c\u8f49\u86cb\u4e0d\u662f\u76f4\u63a5\u653e\u6599\uff0c\u800c\u662f\u653e\u5361\u7247\uff0c\u6191\u5361\u9818\u53d6\u5c0d\u61c9\u7684\u914d\u6599)"
        },
        {
            "reply_id": "UgzZ5JvsiRU3LNwGRk14AaABAg",
            "reply_content": "\u53ef\u4ee5\u628a\u8336\u8449\u78e8\u6210\u7c89\u72c0"
        },
        {
            "reply_id": "UgzL7IC_7dhnB1_gbqN4AaABAg",
            "reply_content": "\u53ef\u4ee5\u7528\u8336\u53f6\u7c89\uff1f"
        },
        {
            "reply_id": "UgyymjjxwWXL6tbzJvR4AaABAg",
            "reply_content": "\u5728\u99ac\u7530\u5cf6\u5403\u5348\u98ef\u7684\u6642\u5019\u767c\u73fe\u9694\u58c1\u684c\u7537\u751f\u4e5f\u5728\u6536\u770b\u9019\u7247\ud83d\ude02 \u90a3\u53f0\u5496\u5561\u6a5f\u592a\u8000\u773c"
        }
    ]
}