{
    "video_info": {
        "id": "N4el6M4koj0",
        "channelTitle": "\u641e\u795e\u99ac",
        "title": "\u3010\u6599\u7406\u4e4b\u795e\u3011\u66f8\u5e97\u8ce3\u7684\u5947\u602a\u6599\u7406\u5305\uff01\u5473\u9053\u8d85\u9a5a\u559c\uff5c\u539f\u4f86\u662f\u540d\u5eda\u4f5c\u54c1\uff1f",
        "description": "\u2764 \u6bcf\u5468\u4e09\u3001\u516d\u3001\u65e5\u90fd\u6709\u65b0\u5f71\u7247 !! \u5f9e\u4eca\u5929\u8d77\u958b\u59cb\u8a02\u95b1\u5427 !! \u2764\n\u52a0\u5165\u6703\u54e1\u2794https://www.youtube.com/channel/UCAsviiS5DE0pcuvxPRrrAzQ/join\n\u5728Facebook\u4e0a\u8ffd\u8e64\u6211\u5011 \u2794 https://www.facebook.com/ksmytstudio\n\u5728IG\u4e0a\u8ffd\u8e64\u6211\u5011 \u2794https://www.instagram.com/shenma_kingofcrap/\n\n\u2764\u5de5\u5546\u5408\u4f5c\u4fe1\u7bb1\uff1aksmytstudio@capsuleinc.cc\n\u2764\u60f3\u6210\u70ba\u4e0b\u4e00\u500b\u9802\u5c16 YouTube \u5275\u4f5c\u8005\u55ce\uff1f\u53ea\u8981\u60a8\u6709 YouTube \u983b\u9053\uff0c\u3010CAPSULE Academy\u3011 \u6b61\u8fce\u60a8\u7684\u52a0\u5165\u2764\n\u2192 http://bit.ly/2RtgPUv\n\n\ud83c\udfac\u66f4\u591a\u5f71\u7247\ud83c\udfac\n\n\ud83c\udf54\u98df\u7269\u7cfb\u5217\ud83c\udf5f:https://goo.gl/fA7y1Z\n\ud83d\udca5\u65e5\u5e38\u7cfb\u5217\ud83d\udca5:https://goo.gl/qfbhyP\n\n\u4ee5\u4e0b\u662f\u6211\u5011\u7684\u4e3b\u983b\u9053\uff01\u6b61\u8fce\u4f86\u8a8d\u8b58\u6211\u5011\uff01\n\uff08\u9999\u6e2f\u4eba\uff09\u99ac\u7530\uff08\u5eda\u85dd\uff09\uff1ahttps://www.youtube.com/user/dimcookguide\n\uff08\u53f0\u7063\u4eba\uff09\u963f\u795e\uff08\u904a\u6232\uff09\uff1ahttps://www.youtube.com/user/charlie615119",
        "likeCount": "7287",
        "commentCount": "129",
        "viewCount": "262876"
    },
    "comments": [
        {
            "reply_id": "UgxdDzeotr9ko-zR43B4AaABAg",
            "reply_content": "\u6211\u5bb6\u6709\u4e00\u5806 \u8d85\u597d\u5403"
        },
        {
            "reply_id": "UgyydmecpbifwKUtp394AaABAg",
            "reply_content": "\u6700\u8fd1\u8cb7\u4e86\u4e00\u5806\u56de\u4f86\u5403 \u597d\u5403"
        },
        {
            "reply_id": "UgxFs_md56p38Rv8POB4AaABAg",
            "reply_content": "\u6709\u6c92\u6709\u8cfc\u8cb7\u93c8\u63a5"
        },
        {
            "reply_id": "UgzHkAWI9UH6sk6wKNh4AaABAg",
            "reply_content": "\u884c\u92b7\u8a2d\u8a08\u516c\u53f8\u6703\u88ab\u5e79\u6b7b"
        },
        {
            "reply_id": "UgwFd43d9rTy8X9UofV4AaABAg",
            "reply_content": "\u770b\u5b8c\u9019\u90e8\u4ee5\u5f8c\uff0c\u7a81\u7136\u89ba\u5f97\u4e5d\u8f49\u5927\u8178\u597d\u50cf\u4e5f\u883b\u6b63\u5e38\u7684"
        },
        {
            "reply_id": "Ugzg8pKhFO2TuC9I65R4AaABAg",
            "reply_content": "\u679c\u7136\u66f8\u672c\u662f\u4e0d\u80fd\u98fd\u809a\u7684"
        },
        {
            "reply_id": "Ugykk8yrsLI7MqmoUlR4AaABAg",
            "reply_content": "\u963f\u795e\u96e3\u5f97\u716e\u51fa\u597d\u5403\u7684\u6599\u7406\ud83e\udd23"
        },
        {
            "reply_id": "UgznpEIkOoQxDYO9JDZ4AaABAg",
            "reply_content": "\u963f\u795e\u4e0b\u9eb5\u7d66\u99ac\u7530\u5403"
        },
        {
            "reply_id": "UgwdiegyTDrhz8k1i9V4AaABAg",
            "reply_content": "\u86e4\u870a\u7cb5\u8a9e\u61c9\u8a72\u662f\u767d\u8c9d\u5427\uff0c\u8706\u61c9\u8a72\u662f\u5f88\u5c0f\u5f88\u5c0f\u7684\u90a3\u7a2e\u3002"
        },
        {
            "reply_id": "Ugyt7rOtFb_m-9F6eTl4AaABAg",
            "reply_content": "\u57fa\u672c\u4e0a\u4e00\u822c\u6700\u597d\u6c34\u6efe\u52a0\u9e7d"
        },
        {
            "reply_id": "Ugzyh8yMv2DimkBJjoR4AaABAg",
            "reply_content": "\u54ea\u500b\u66f8\u5e97 \u5fc5\u9808\u8cb7\u4e00\u4e0b\u5427\ud83d\ude02"
        },
        {
            "reply_id": "Ugw21B9vBlGJk45Ua5h4AaABAg",
            "reply_content": "\u731c\u4e2d\u963f\u795e\u6703\u9078\u767d\u6c41\u6700\u597d\uff0c\u4f46\u731c\u4e0d\u4e2d\u99ac\u7530\ud83e\udd23\u9084\u4ee5\u70ba\u4ed6\u6703\u9078\u8fa3\u7684\ud83d\ude05"
        },
        {
            "reply_id": "Ugy0Cfh93dklcfhkVwR4AaABAg",
            "reply_content": "\u9019\u4e9b\u6599\u7406\u5305\u53ef\u4ee5\u51b0\u6dc7\u6dcb\u55ce?"
        },
        {
            "reply_id": "UgzOFuwTVit0rjsZCd14AaABAg",
            "reply_content": "\u86e4\u870a\u548c\u8706\u5728\u6211\u5011\u99ac\u4f86\u897f\u4e9e\u597d\u50cf\u90fd\u4e00\u81f4\u53eb\u6210lala\u54c8\u54c8\u54c8\u54c8\u54c8\u54c8"
        },
        {
            "reply_id": "UgzI7weNgmUI-ErBXVp4AaABAg",
            "reply_content": "\u99ac\u7530\u52a0\u6cb9"
        },
        {
            "reply_id": "UgznVQzQ8xM1iDq3_KJ4AaABAg",
            "reply_content": "\u54c8\u54c8\u54c8\u54c8\ud83d\ude02\u8b1d\u8b1d\u6599\u7406\u4e4b\u795e\u7684\u559c\u6b61\n\u6211\u5011\u8d70\u7684\u662f\u5167\u5728\u8def\u7dda\u5440\uff01\uff01"
        },
        {
            "reply_id": "UgxUlLo7HbD1YcTQeSN4AaABAg",
            "reply_content": "\u66f8\u5e97\u5167\u56b4\u7981\u9032\u98df"
        },
        {
            "reply_id": "Ugzxh6hqJoHNsI3YUz94AaABAg",
            "reply_content": "\u516b\u65b9\u96f2\u96c6\u934b\u8cbc\u5341\u9846\u516d\u5341\u4e00\u9910"
        },
        {
            "reply_id": "Ugx3g7KyaBFaAlg8KF94AaABAg",
            "reply_content": "\u597d\u4f3c\u5e7e\u597d\u5473\uff0c\u99ac\u7530\u8003\u616e\u5f15\u5165\u99ac\u7530\u5cf6\u725b\u65e8\u5546\u5e97"
        },
        {
            "reply_id": "Ugx8nyqYi_iq0n1GxPR4AaABAg",
            "reply_content": "\u716e\u9762\u52a0\u6cb9\u662f\u932f\u7684\ud83e\udd23"
        }
    ]
}