{
    "video_info": {
        "id": "opvTJyYZVJE",
        "channelTitle": "\u641e\u795e\u99ac",
        "title": "\u3010\u6296\u97f3\u7206\u7d05\u3011\u81ea\u52d5\u6f22\u5821\u65e9\u9910\u6a5f\uff5c\u7528\u4f86\u958b\u5e97\u592a\u8f15\u9b06\u5566\uff5c",
        "description": "\u2764 \u6bcf\u5468\u4e09\u3001\u516d\u3001\u65e5\u90fd\u6709\u65b0\u5f71\u7247 !! \u5f9e\u4eca\u5929\u8d77\u958b\u59cb\u8a02\u95b1\u5427 !! \u2764\n\u52a0\u5165\u6703\u54e1\u2794https://www.youtube.com/channel/UCAsviiS5DE0pcuvxPRrrAzQ/join\n\u5728Facebook\u4e0a\u8ffd\u8e64\u6211\u5011 \u2794 https://www.facebook.com/ksmytstudio\n\u5728IG\u4e0a\u8ffd\u8e64\u6211\u5011 \u2794https://www.instagram.com/shenma_kingofcrap/\n\n\u2764\u5de5\u5546\u5408\u4f5c\u4fe1\u7bb1\uff1aksmytstudio@capsuleinc.cc\n\u2764\u8fa6\u6d3b\u52d5\u3001\u51fa\u5468\u908a\u3001\u806f\u540d\u5546\u54c1\u90fd\u6b61\u8fce\u627eCAPSULE\uff1a https://capsuleinc.co/\n\n\ud83c\udfac\u66f4\u591a\u5f71\u7247\ud83c\udfac\n\n\ud83c\udf54\u98df\u7269\u7cfb\u5217\ud83c\udf5f:https://goo.gl/fA7y1Z\n\ud83d\udca5\u65e5\u5e38\u7cfb\u5217\ud83d\udca5:https://goo.gl/qfbhyP\n\n\u4ee5\u4e0b\u662f\u6211\u5011\u7684\u4e3b\u983b\u9053\uff01\u6b61\u8fce\u4f86\u8a8d\u8b58\u6211\u5011\uff01\n\uff08\u9999\u6e2f\u4eba\uff09\u99ac\u7530\uff08\u5eda\u85dd\uff09\uff1ahttps://www.youtube.com/user/dimcookguide\n\uff08\u53f0\u7063\u4eba\uff09\u963f\u795e\uff08\u904a\u6232\uff09\uff1ahttps://www.youtube.com/user/charlie615119",
        "likeCount": "10780",
        "commentCount": "275",
        "viewCount": "511301"
    },
    "comments": [
        {
            "reply_id": "UgxyEnKaHFXdYX0WQNZ4AaABAg",
            "reply_content": "\u6b63\u5e38\u4e0d\u662f\u9019\u6a23\u505a\u7684"
        },
        {
            "reply_id": "UgwHskLHZvbFnn1C22R4AaABAg",
            "reply_content": "\u525b\u53bb\u770b\u4e86\u4f7f\u7528\u8aaa\u660e\u5f71\u7247\u2026\u4e0a\u5c64\u9eb5\u5305\u2026\u8981\u7b49\u86cb\u6253\u5b8c\u84cb\u4e0a\u2026\u7b49\u5019\u4e09\u5206\u9418\u518d\u653e\u4e0a\u5c64\u9eb5\u5305\u963f\u2026\u7136\u5f8c\u6f22\u5821\u9078\u7528\u6eff\u798f\u5821 \ud83e\udd23"
        },
        {
            "reply_id": "Ugy_t8beC8TkI0BiWmR4AaABAg",
            "reply_content": "\u7528\u8c6c\u67f3\u5f37\u679c\u96bb\u5305\u76ae\u61c9\u8a72\u597d\u5c11\u5c11"
        },
        {
            "reply_id": "UgzWyzPBE4i52pgj8PJ4AaABAg",
            "reply_content": "\u6700\u5f8c\u662f\u641e\u795e\u99ac\u53f2\u4e0a\u6700\u597d\u7b11\u7684\u5f69\u86cb\ud83d\ude02"
        },
        {
            "reply_id": "Ugyh2ddfqzIFxgO8QiZ4AaABAg",
            "reply_content": "\u795e\u7684\u6f22\u5821\u8b93\u6211\u7b11\u597d\u4e45w"
        },
        {
            "reply_id": "UgyFe_hwsRBo11hHBZB4AaABAg",
            "reply_content": "\u4ee5\u904e\u5f80\u6a5f\u5668\u4f86\u8aaa \u9810\u71b1"
        },
        {
            "reply_id": "Ugx3AcJ9LJNbdN3jLnB4AaABAg",
            "reply_content": "\u539f\u4f86\u99ac\u7530\u9084\u6709\u548c\u641e\u4ec0\u9ebc\u5408\u4f5c\uff1b\u9019\u662f\u4e00\u7a2e\u76f8\u65b9\u7684\u8a8d\u540c\ud83d\ude2e"
        },
        {
            "reply_id": "UgwBPaRuoxz0n5o5AmR4AaABAg",
            "reply_content": "\u6211\u89ba\u5f97\u4e0d\u5805\u6301\u585e\u9eb5\u5305\u7684\u8a71\uff0c\u61c9\u8a72\u6703\u6210\u529f"
        },
        {
            "reply_id": "UgybJjN-914EjI2ZMl94AaABAg",
            "reply_content": "\u4e4b\u524d\u7684\u6c34\u679c\u9152\u653e\u9053\u8981\u908a\u918b\u4e86\u5427"
        },
        {
            "reply_id": "UgymL1fxnNxfxWpyDvp4AaABAg",
            "reply_content": "\u518d\u4e00\u6b21\u8b49\u660e\u4e86\u99ac\u7530\u7684\u5eda\u85dd\u53ea\u5728\u99ac\u7530\u5cf6\u6709\u6548\ud83d\ude02\ud83d\ude02\u540c\u4e00\u53f0\u6a5f\u5668\u505a\u7684\u7d50\u679c\u5927\u4e0d\u540c\ud83d\ude02\ud83d\ude02"
        },
        {
            "reply_id": "Ugz5Bc7r3NGmRG7jE6F4AaABAg",
            "reply_content": "\u9019\u500b\u6a5f\u5668\u633a\u597d\u7684\uff0c\u5c31\u662f\u6709\u9ede\u8cbb\u86cb\ud83d\ude02\ud83d\ude02"
        },
        {
            "reply_id": "Ugyu-xBYrKpXlZG8Tq14AaABAg",
            "reply_content": "\u4e0d\u8cb7"
        },
        {
            "reply_id": "UgwJNQXUpmFOWpvRhOh4AaABAg",
            "reply_content": "\u6700\u4e0b\u9762\u5148\u653e\u6cb9\u518d\u653e\u9eb5\u5305\u5c31\u4e0d\u6703\u71d2\u7126\u4e86 \u7136\u5f8c\u6700\u4e0a\u9762\u4e0d\u8981\u653e\u9eb5\u5305 \u5c31\u4e0d\u6703\u64e0\u58d3\u5230\u86cb\u6db2\u8dd1\u51fa\u4f86\u4e86 \u716e\u597d\u62ff\u51fa\u4f86\u518d\u653e\u6700\u4e0a\u9762\u7684\u9eb5\u5305"
        },
        {
            "reply_id": "UgzsGuad9aMW0mvsBZx4AaABAg",
            "reply_content": "\u6c92\u6709\u6c99\u62c9~\n\u6211\u4e00\u5b9a\u76f4\u63a5\u628a\u9019\u53f0\u4e1f\u6389 \u54c8\u54c8\u54c8"
        },
        {
            "reply_id": "UgwI5u093Xa6kPVZmu54AaABAg",
            "reply_content": "\u9019\u53eb\u505a\u86cb\u86cb\u7684\u54c0\u50b7\u597d\u75db\u554a\uff01"
        },
        {
            "reply_id": "UgxxsWRzAqx-MY4tVVF4AaABAg",
            "reply_content": "\u54c7\u8cfd \u597d\u4e45\u6c92\u770b\u5230\u641e\u795e\u99ac\u4e86\uff01"
        },
        {
            "reply_id": "UgwUsMzCLO5XhJjyfbB4AaABAg",
            "reply_content": "\u9019\u6771\u897f\u771f\u7684\u8d85\u6c92\u7528\ud83e\udd23\ud83e\udd23"
        },
        {
            "reply_id": "Ugwph1AskQPmd-bXmDp4AaABAg",
            "reply_content": "\u611f\u89ba\u662f\u8981\u7528\u99ac\u82ac\u5821\u6bd4\u8f03\u9069\u5408@@"
        },
        {
            "reply_id": "UgywnX9EFpt1WgMkfq14AaABAg",
            "reply_content": "\u85c9\u7531\u958b\u7bb1\u5f71\u7247\uff0c\u6211\u5011\u516c\u53f8\u5c11\u4e86\u4e00\u6b21\u56e0\u70ba\u8cfc\u8cb7\u62c9\u57fa\u800c\u7522\u751f\u7684\u722d\u57f7\n\u611f\u8b1d\u963f\u795e\u8ddf\u99ac\u7530"
        },
        {
            "reply_id": "UgyqJ23yHjHvSQ82HZl4AaABAg",
            "reply_content": "\u6211\u53bb\u770b\u5f71\u7247 \u9019\u53f0\u6a5f\u4e0d\u662f\u9019\u6a23\u7528\u7684\n\u5148\u7528\u5e95\u90e8\u714eBacon \u7136\u5f8c\u714e\u96de\u86cb \u6700\u5f8c\u624d\u5c07\u6240\u6709\u98df\u6750\u653e\u5728\u4e00\u8d77\u70d8\u4e00\u4e0b\n\u7d50\u8ad6\u90fd\u662f\u5f88\u9ebb\u7169 \u4e0d\u5be6\u7528\ud83d\ude06"
        }
    ]
}