{
    "video_info": {
        "id": "PrNSrdMJn_o",
        "channelTitle": "\u641e\u795e\u99ac",
        "title": "\u3010\u958b\u7bb1\u8a66\u5403\u3011MrBeast Burger\ud83c\udf54\u4e16\u754c\u7b2c\u4e00YouTuber\u958b\u7684\u9023\u9396\u5e97\uff5c\u53f0\u7063\u7248\u672c\u5473\u9053\u771f\u7684\u597d\u55ce\uff1f",
        "description": "\u2764 \u6bcf\u5468\u4e09\u3001\u516d\u3001\u65e5\u90fd\u6709\u65b0\u5f71\u7247 !! \u5f9e\u4eca\u5929\u8d77\u958b\u59cb\u8a02\u95b1\u5427 !! \u2764\n\u52a0\u5165\u6703\u54e1\u2794https://www.youtube.com/channel/UCAsviiS5DE0pcuvxPRrrAzQ/join\n\u5728Facebook\u4e0a\u8ffd\u8e64\u6211\u5011 \u2794 https://www.facebook.com/ksmytstudio\n\u5728IG\u4e0a\u8ffd\u8e64\u6211\u5011 \u2794https://www.instagram.com/shenma_kingofcrap/\n\n\u2764\u5de5\u5546\u5408\u4f5c\u4fe1\u7bb1\uff1aksmytstudio@capsuleinc.cc\n\u2764\u8fa6\u6d3b\u52d5\u3001\u51fa\u5468\u908a\u3001\u806f\u540d\u5546\u54c1\u90fd\u6b61\u8fce\u627eCAPSULE\uff1a https://capsuleinc.co/\n\n\ud83c\udfac\u66f4\u591a\u5f71\u7247\ud83c\udfac\n\n\ud83c\udf54\u98df\u7269\u7cfb\u5217\ud83c\udf5f:https://goo.gl/fA7y1Z\n\ud83d\udca5\u65e5\u5e38\u7cfb\u5217\ud83d\udca5:https://goo.gl/qfbhyP\n\n\u4ee5\u4e0b\u662f\u6211\u5011\u7684\u4e3b\u983b\u9053\uff01\u6b61\u8fce\u4f86\u8a8d\u8b58\u6211\u5011\uff01\n\uff08\u9999\u6e2f\u4eba\uff09\u99ac\u7530\uff08\u5eda\u85dd\uff09\uff1ahttps://www.youtube.com/user/dimcookguide\n\uff08\u53f0\u7063\u4eba\uff09\u963f\u795e\uff08\u904a\u6232\uff09\uff1ahttps://www.youtube.com/user/charlie615119",
        "likeCount": "9769",
        "commentCount": "166",
        "viewCount": "324553"
    },
    "comments": [
        {
            "reply_id": "UgygHYGenYo9Dii1dKV4AaABAg",
            "reply_content": "\u4e00\u4efd\u725b\u8089\u6f22\u5821\u6253\u6298\u9084\u8981410 \u800c\u4e14\u9084\u4ec0\u9ebc\u6599\u771f\u7684\u662f\u592a\u8cb4\u4e86 \u9019\u662f\u76f4\u63a5\u628a\u7f8e\u570b\u7576\u5730\u50f9\u683c\u76f4\u63a5\u63db\u7b97\u904e\u4f86\u5427\r\n\u4e5f\u53ef\u80fd\u662f\u6211\u592a\u7aae\u5403\u4e0d\u8d77 \u9084\u8acb\u770b\u5230\u9019\u7559\u8a00\u7684Mr.beast\u7c89\u7c89\u5011\u53e3\u4e0b\u7559\u60c5"
        },
        {
            "reply_id": "UgxaLDh1A01j_5oX1cd4AaABAg",
            "reply_content": "\u9019\u6f22\u5821\u5c31\u597d\u50cf\u5728\u5632\u8af7\u90a3\u4e9b\u9322\u591a\u5230\u4e0d\u77e5\u9053\u600e\u9ebc\u82b1\u7684\u76e4\u5b50\u624d\u6703\u8cb7\u7684\u6771\u897f"
        },
        {
            "reply_id": "UgzW-qPJ1I0G2lwvUjt4AaABAg",
            "reply_content": "\u5f9e\u5be6\u62db\u4f86\uff0c\u662f\u4e0d\u662f\u63db\u526a\u8f2f\u5c0f\u52a9\u7406\u4e86\u54c8\u54c8\u54c8"
        },
        {
            "reply_id": "UgyTe9fb0fvFRTkSqGR4AaABAg",
            "reply_content": "\u611f\u89ba\u5728\u53f0\u7063\u4e0d\u6703\u8ce3\u5f97\u5f88\u597d\u56e0\u70ba\u592a\u8cb4\u4e86"
        },
        {
            "reply_id": "UgyEJ98gqJ3YZK6ToIl4AaABAg",
            "reply_content": "\u5e0c\u671b\u9a6c\u7530\u80fd\u5c1d\u8bd5\u8089\u9171\u85af\u6761\uff0c\u8d85\u597d\u5403"
        },
        {
            "reply_id": "UgylRVa_0hIMF5zoi9V4AaABAg",
            "reply_content": "\u5927\u9646\u6709\u7684\u5356\u5417\uff1f"
        },
        {
            "reply_id": "UgwjDxmslxLFuaPnkkF4AaABAg",
            "reply_content": "\u6536\u97f3\u597d\u7cdf"
        },
        {
            "reply_id": "UgxeWXLDz1e4clGXv794AaABAg",
            "reply_content": "\u6709\u6c92\u6709\u4e00\u7a2e\u53ef\u80fd\u85af\u689d\u4e0d\u597d\u5473\u7684\u539f\u56e0\u662f\u56e0\u70ba\u6f22\u5821\u8981\u73fe\u505a\u7136\u5f8c\u85af\u689d\u5c31\u65e9\u5c31\u505a\u597d\u4e86\u7136\u5f8c\u6f22\u5821\u505a\u597d\u4e86\u4f60\u5011\u5e36\u56de\u62cd\u7247\u7684\u5730\u65b9\u85af\u689d\u5df2\u7d93\u8edf\u4e86"
        },
        {
            "reply_id": "UgzyZXxj9X4M1ljJTIh4AaABAg",
            "reply_content": "\u6700\u8fd1\u624d\u958b\u59cb\u770b\u641e\u795e\u99ac \u770b\u4e00\u5806\u4ee5\u524d\u7684\u5f71\u7247 \u526a\u8f2f\u5e2b(\u5c0f\u7cbe\u9748)\u7d55\u5c0d\u662f\u8150\u5973><"
        },
        {
            "reply_id": "Ugx6Y7TpS3_1EQ5fcb94AaABAg",
            "reply_content": "\u963f\u795e\u6295\u8cc7\u6f22\u5821\u5e97"
        },
        {
            "reply_id": "Ugxpzmc0ULYAHFcC-fF4AaABAg",
            "reply_content": "\u6211\u6709\u5403\u904e\u96de\u8089\u53e3\u5473\u7684\u6f22\u5821\u548c\u85af\u689d\uff1b\u96de\u8089\u6f22\u5821\u5f88\u597d\u5403\uff0c\u81f3\u5c11\u6211\u89ba\u5f97\u6bd4\u80af\u5fb7\u57fa\u597d\uff1b\u85af\u689d\u6bd4\u8f03\u539f\u59cb\u98a8\u5473\uff0c\u559c\u6b61\u539f\u59cb\u98a8\u5473\u7684\u670b\u53cb\u6703\u6bd4\u8f03\u559c\u6b61(\u5c31\u50cf\u6211)\uff1b\u770b\u4e86\u9019\u5f71\u7247\uff0c\u5c31\u60f3\u5403\u5403\u770b\u4ed6\u7684\u57f9\u6839\u548c\u725b\u8089\u3002"
        },
        {
            "reply_id": "Ugx7yV4rxqQYQ25Kg894AaABAg",
            "reply_content": "\u662f\u6211\u932f\u4e82\u55ce \n\u641e\u795e\u99ac\u4ee5\u524d\u4e0d\u662f\u62cd\u904e\u9019\u500b\u4e86\u55ce \n\u6211\u662f\u672a\u4f86\u4eba\uff1f\n\u6211\u975e\u5e38\u8a18\u5f97\u662f\u4ecb\u7d39\u91ce\u7378\u7684\u6f22\u5821\u554a\n\u6574\u500b\u5c31\u4e00\u6478\u4e00\u6a23"
        },
        {
            "reply_id": "UgzWNuvM5HjehaRsz254AaABAg",
            "reply_content": "\u677f\u6a4b\u90a3\u5bb6\u7684\u85af\u689d\u662f\u8106\u7684\u2764\u2764"
        },
        {
            "reply_id": "UgyMO4U4rVmVqusA0-t4AaABAg",
            "reply_content": "\u6211\u5403\u904e\uff0c\u9084\u883b\u597d\u5403\u7684\uff01"
        },
        {
            "reply_id": "Ugz8SBLzBXZVP39ILvR4AaABAg",
            "reply_content": "\u597d\u770b"
        },
        {
            "reply_id": "UgyYfZeZ0aVlw2ZWZQ54AaABAg",
            "reply_content": "\u6211\u77e5\u9053\u963f\u795e\u505a\u7684\u4e0d\u662f\u5f88\u597d\u5403\n\u5f85\u52a0\u5f37"
        },
        {
            "reply_id": "UgzbUUCcNtHNbpAdiDN4AaABAg",
            "reply_content": "\u6211\u8981\u958b\u52d5\u8aaa\u4e00\u6b21\u5c31\u597d"
        },
        {
            "reply_id": "UgwVJEVRPPFEl9MqrC54AaABAg",
            "reply_content": "\u4ed6\u7684\u9e21\u771f\u7684\u5f88\u5927\u4e2a~~"
        },
        {
            "reply_id": "UgybLCdMXoOuELmzTO54AaABAg",
            "reply_content": "\u672a\u770b\u5148\u8d5e\uff0c\u4eba\u4eba\u6709\u8d23"
        },
        {
            "reply_id": "Ugx3dSwk3IkXIqxhw3B4AaABAg",
            "reply_content": "\u6211\u662f\u6bd4\u8f03\u611b\u8edf\u8edf\u7684\u85af\u689d\u5566"
        }
    ]
}