{
    "video_info": {
        "id": "pUIJ3kw1QtI",
        "channelTitle": "\u641e\u795e\u99ac",
        "title": "\u3010\u767e\u842c\u62f3\u8cfd\u3011\u795e\u99ac\u6700\u5ee2\u5167\u6230\uff5c\u5730\u4e0a\u6700\u901f\u62f3\u982d\uff5c9\u79d2100\u62f3\uff01",
        "description": "\u5ee2\u7247\u4e4b\u738b\u5c31\u662f\u8b93\u5927\u5bb6\u770b\u795e\u99ac\u5169\u500b\u53d4\u53d4\u81ea\u5df1\u73a9\u5f97\u5f88\u958b\u5fc3\ud83d\ude02\n\n\u2764 \u6bcf\u5468\u4e09\u3001\u516d\u3001\u65e5\u90fd\u6709\u65b0\u5f71\u7247 !! \u5f9e\u4eca\u5929\u8d77\u958b\u59cb\u8a02\u95b1\u5427 !! \u2764\n\u52a0\u5165\u6703\u54e1\u2794https://www.youtube.com/channel/UCAsviiS5DE0pcuvxPRrrAzQ/join\n\u5728Facebook\u4e0a\u8ffd\u8e64\u6211\u5011 \u2794 https://www.facebook.com/ksmytstudio\n\u5728IG\u4e0a\u8ffd\u8e64\u6211\u5011 \u2794https://www.instagram.com/shenma_kingofcrap/\n\n\u2764\u5de5\u5546\u5408\u4f5c\u4fe1\u7bb1\uff1aksmytstudio@capsuleinc.cc\n\u2764\u8fa6\u6d3b\u52d5\u3001\u51fa\u5468\u908a\u3001\u806f\u540d\u5546\u54c1\u90fd\u6b61\u8fce\u627eCAPSULE\uff1a https://capsuleinc.co/\n\n\ud83c\udfac\u66f4\u591a\u5f71\u7247\ud83c\udfac\n\n\ud83c\udf54\u98df\u7269\u7cfb\u5217\ud83c\udf5f:https://goo.gl/fA7y1Z\n\ud83d\udca5\u65e5\u5e38\u7cfb\u5217\ud83d\udca5:https://goo.gl/qfbhyP\n\n\u4ee5\u4e0b\u662f\u6211\u5011\u7684\u4e3b\u983b\u9053\uff01\u6b61\u8fce\u4f86\u8a8d\u8b58\u6211\u5011\uff01\n\uff08\u9999\u6e2f\u4eba\uff09\u99ac\u7530\uff08\u5eda\u85dd\uff09\uff1ahttps://www.youtube.com/user/dimcookguide\n\uff08\u53f0\u7063\u4eba\uff09\u963f\u795e\uff08\u904a\u6232\uff09\uff1ahttps://www.youtube.com/user/charlie615119",
        "likeCount": "4328",
        "commentCount": "95",
        "viewCount": "122232"
    },
    "comments": [
        {
            "reply_id": "Ugw0uNZT6_-bDId6ZaN4AaABAg",
            "reply_content": "\u99ac\u7530\u5c45\u7136\u88ab\u5168\u7cd6\u627e\u904e"
        },
        {
            "reply_id": "UgyEkVdENePEQ84vyqt4AaABAg",
            "reply_content": "\u53cb\u60c5\u63d0\u793a\n\u62f3\u53f2\u4e0a\u771f\u7684\u6709\u62f3\u64ca\u624b\u5f80\u624b\u5957\u4e2d\u653e\u6c34\u6ce5\u7c89\n\u6bd4\u8cfd\u524d\u6aa2\u67e5\u6642\u7531\u65bc\u662f\u6c34\u6ce5\u7c89\u6240\u4ee5\u6c92\u88ab\u67e5\u51fa\n\u6bd4\u8cfd\u4e2d\u7531\u65bc\u6c34\u6ce5\u7c89\u5438\u6c34\u5f8c\u4fbf\u786c\n\u786c\u751f\u751f\u5730\u5c07\u5c0d\u624b\u6253\u6b7b\n\u8cfd\u5f8c\u548c\u6559\u7df4\u63e1\u624b\u6642\u624d\u7531\u6559\u7df4\u767c\u6398\u4e26\u4e0a\u5831"
        },
        {
            "reply_id": "UgwXoXTnSgBYxYBEfdl4AaABAg",
            "reply_content": "\u7537\u4eba\u7684\u5feb\u6a02\u5c31\u662f\u9019\u9ebc\u6a38\u5be6\u7121\u83ef"
        },
        {
            "reply_id": "Ugx9nvpPTRe4naAzXKl4AaABAg",
            "reply_content": "\u597d\u597d\u7b11\u5594 \u9019\u96c6"
        },
        {
            "reply_id": "UgzsUQbEzhyQjkymoUR4AaABAg",
            "reply_content": "\u9019\u662f\u795e\u99ac\u9ed1\u6b77\u53f2\u7cfb\u5217\u5566\ud83e\udd23\u4eba\u4f86\u622a100\u5f35\u5716\u5427"
        },
        {
            "reply_id": "Ugxe7Q-v_hhrAd8GCbd4AaABAg",
            "reply_content": "\u9ad4\u529b\u6cd5\u5e2b\ud83d\ude39"
        },
        {
            "reply_id": "UgylFvsgxcC8PojDR154AaABAg",
            "reply_content": "\u771f\u7684\u597d\u597d\u7b11\n\u526a\u8f2f\u5e2b\u9084\u8981\u770b\u4ed6\u5011\u73a9"
        },
        {
            "reply_id": "UgwoGOtO_ZpI9TxlBXV4AaABAg",
            "reply_content": "\u5f8c\u9762\u5169\u4eba\u4e00\u8d77\u6253\u7403\u597d\u50cf\u5c0f\u670b\u53cb\uff0c\u597d\u53ef\u611b\ud83d\ude02"
        },
        {
            "reply_id": "Ugyvxa06hFbcdhMbtqZ4AaABAg",
            "reply_content": "\u4e0d\u662f\u592a\u9577 \u90a3\u662f\u7ad9\u7740\u73a9\u7684\ud83d\ude02"
        },
        {
            "reply_id": "Ugw1477fPB2LF8AH-b94AaABAg",
            "reply_content": "\u9019\u96c6\u600e\u9ebc\u90a3\u9ebc\u591a\u6897 \u54c8\u54c8!"
        },
        {
            "reply_id": "UgwBNXtiBnAMD9hQW6N4AaABAg",
            "reply_content": "\u9418\u751f\u7684\u9322\u4e0d\u4e00\u5b9a\u8981\u88ab\u6253\u624d\u80fd\u8cfa\uff0c\u61c9\u8a72\u9084\u6709\u5176\u4ed6\u8eba\u7740\u8cfa\u9322\u8077\u4f4d\u7684"
        },
        {
            "reply_id": "Ugwl1PSLOqPsW9gnk6h4AaABAg",
            "reply_content": "\u9019\u662f\u95dc\u65bc\u5169\u96bb\u62db\u8ca1\u8c93\u7684\u55b5\u55b5\u62f3\u8a13\u7df4\u8ab2\u7684\u65e5\u5e38\u6545\u4e8bXD"
        },
        {
            "reply_id": "UgzOsgVgYJNKmhW8sRB4AaABAg",
            "reply_content": "\u6211\u5efa\u8b70\u8b93\u76e7\u5361\u65af\u4f86\u73a9\u7d66\u641e\u795e\u99ac\u770b"
        },
        {
            "reply_id": "UgwNoQ6RZJWTJsDpCiN4AaABAg",
            "reply_content": "\u771f\u7684\u5f88\u50cf\u5169\u96bb\u8c93\u5728\u73a9\u7403\ud83d\ude02"
        },
        {
            "reply_id": "Ugyt5YIJIv9uSblYUxx4AaABAg",
            "reply_content": "\u53f0\u8a9e\u4e5f\u662f\u5538\u592a\u5e7c"
        },
        {
            "reply_id": "UgwA9qLzyWhyB7ZuQ8V4AaABAg",
            "reply_content": "\u597d\u50cf\u4ec0\u9ebc\u7a7a\u4e2d\u4e52\u4e53\u7403\ud83d\ude02\ud83d\ude02"
        },
        {
            "reply_id": "UgxLTGQvwViMPBdAebt4AaABAg",
            "reply_content": "\u8c93\u54aa\u6253\u62f3\ud83e\udd4a"
        },
        {
            "reply_id": "UgyDapBRwLNChiH8RAJ4AaABAg",
            "reply_content": "\u6839\u672c\u9053\u660e\u5bfa\u7684\u9cf3\u68a8\u982d\ud83d\ude02"
        },
        {
            "reply_id": "UgyxCefxpwo4NXHy9wp4AaABAg",
            "reply_content": "\u771f\u7684\u8981\u73a9\u7684\u8a71\u7d81\u624b\u7d81\u5e36\u518d\u6234\u62f3\u5957\u6bd4\u8f03\u597d \u6bd4\u8f03\u4e0d\u6703\u6709\u81ed\u5473 \u4e5f\u4fdd\u8b77\u624b\u95dc\u7bc0"
        },
        {
            "reply_id": "Ugw6DyZ1vXGuvCQPzgV4AaABAg",
            "reply_content": "\u963f\u795e\u4e0d\u8981\u592a\u8f9b\u82e6\u554a\uff0c\u4f60\u4eca\u5929\u624d\u62cd\u5b8c\u9ea6\u5757\u7684\u89c6\u9891\uff0c\u5b8c\u4e4b\u540e\u73b0\u5728\u53c8\u62cd\u5f00\u7bb1\u89c6\u9891\uff0c\u6709\u70b9\u592a\u7d2f\u4e86\ud83d\ude0a"
        }
    ]
}