{
    "video_info": {
        "id": "RNGoaYgEFus",
        "channelTitle": "\u641e\u795e\u99ac",
        "title": "\u3010\u958b\u5e97\u5566\u3011\u958b\u7bb1\u8eca\u8f2a\u9905\u6a5f\u5668\uff01\u7d05\u8c46\u9905\u3001\u5976\u6cb9\u9905\uff5c\u505a\u6e2f\u5f0f\u96de\u86cb\u4ed4\u683c\u9905\u98a8\u5473\uff5c",
        "description": "\u2764 \u6bcf\u5468\u4e09\u3001\u516d\u3001\u65e5\u90fd\u6709\u65b0\u5f71\u7247 !! \u5f9e\u4eca\u5929\u8d77\u958b\u59cb\u8a02\u95b1\u5427 !! \u2764\n\u52a0\u5165\u6703\u54e1\u2794https://www.youtube.com/channel/UCAsviiS5DE0pcuvxPRrrAzQ/join\n\u5728Facebook\u4e0a\u8ffd\u8e64\u6211\u5011 \u2794 https://www.facebook.com/ksmytstudio\n\u5728IG\u4e0a\u8ffd\u8e64\u6211\u5011 \u2794https://www.instagram.com/shenma_kingofcrap/\n\n\u2764\u5de5\u5546\u5408\u4f5c\u4fe1\u7bb1\uff1aksmytstudio@capsuleinc.cc\n\u2764\u8fa6\u6d3b\u52d5\u3001\u51fa\u5468\u908a\u3001\u806f\u540d\u5546\u54c1\u90fd\u6b61\u8fce\u627eCAPSULE\uff1a https://capsuleinc.co/\n\n\ud83c\udfac\u66f4\u591a\u5f71\u7247\ud83c\udfac\n\n\ud83c\udf54\u98df\u7269\u7cfb\u5217\ud83c\udf5f:https://goo.gl/fA7y1Z\n\ud83d\udca5\u65e5\u5e38\u7cfb\u5217\ud83d\udca5:https://goo.gl/qfbhyP\n\n\u4ee5\u4e0b\u662f\u6211\u5011\u7684\u4e3b\u983b\u9053\uff01\u6b61\u8fce\u4f86\u8a8d\u8b58\u6211\u5011\uff01\n\uff08\u9999\u6e2f\u4eba\uff09\u99ac\u7530\uff08\u5eda\u85dd\uff09\uff1ahttps://www.youtube.com/user/dimcookguide\n\uff08\u53f0\u7063\u4eba\uff09\u963f\u795e\uff08\u904a\u6232\uff09\uff1ahttps://www.youtube.com/user/charlie615119",
        "likeCount": "18677",
        "commentCount": "1019",
        "viewCount": "276831"
    },
    "comments": [
        {
            "reply_id": "Ugz78IPJBbF1-f74fJt4AaABAg",
            "reply_content": "\u770b\u4f60\u5011\u7684\u5f71\u7247\u771f\u7684\u8d85\u958b\u5fc3"
        },
        {
            "reply_id": "Ugyl-ILmzk6GcKHKe2x4AaABAg",
            "reply_content": "\u767e\u7528\u4e0d\u81a9\u7684\u51b0\u6dc7\u6dcb\u6897"
        },
        {
            "reply_id": "UgykeE8nv_1-EP8orZJ4AaABAg",
            "reply_content": "\u99ac\u7530\u5f88\u5e25\ud83c\udf89\u8981\u7e7c\u7e8c\u62cd\u4e0b\u53bb\u5440\uff01"
        },
        {
            "reply_id": "Ugxd5WbxN0t9yFN1mG14AaABAg",
            "reply_content": "\u99ac\u7530\u597d\u5e25"
        },
        {
            "reply_id": "Ugxesng2JtOilXPS9oJ4AaABAg",
            "reply_content": "\u99ac\u7530\u597d\u5e25"
        },
        {
            "reply_id": "UgzVCDOoZT03OMcXeL54AaABAg",
            "reply_content": "\u652f\u6301\u9019\u7cfb\u5217\u7e7c\u7e8c\u66f4\u65b0 by\u7f8e\u570b\u5c0f\u89c0\u773e"
        },
        {
            "reply_id": "Ugz-Z6g9LEb1ym6Uhah4AaABAg",
            "reply_content": "\u9a6c\u7530\u5f88\u5e05\ud83d\ude02\u6211\u8d85\u7ea7\u559c\u6b22\u770b\u795e\u9a6c\ud83d\udc34"
        },
        {
            "reply_id": "UgziHOAbmj0gWvrKeWN4AaABAg",
            "reply_content": "\u4ec0\u9ebc\u6771\u897f\u53ef\u4ee5\u8eca\u8f2a\u9905\ud83d\ude02"
        },
        {
            "reply_id": "Ugxxb75orUmhkB8Xz2t4AaABAg",
            "reply_content": "\u99ac\u7530\u597d\u5e25\uff0c\u7136\u5f8c\u7d05\u8c46\u9905\u53ef\u4ee5\u51b0\u6dc7\u6dcb\u55ce\uff1f"
        },
        {
            "reply_id": "UgxA_4Q9dGs-0crVLfd4AaABAg",
            "reply_content": "\u6240\u4ee5\u4ec0\u9ebc\u6642\u5019\u958b\u5e97\ud83d\ude0f"
        },
        {
            "reply_id": "UgzYNgypYFeEs6yFVrl4AaABAg",
            "reply_content": "\u99ac\u7530\u597d\u5e25"
        },
        {
            "reply_id": "UgwiktiVzJFnjriR0gJ4AaABAg",
            "reply_content": "\u52a0\u6cb9"
        },
        {
            "reply_id": "UgxY0AkgdoZFxZffXQ14AaABAg",
            "reply_content": "\u4e0d\u8981\u505c\u5566\ud83e\udd79"
        },
        {
            "reply_id": "Ugx4IHzWI9FwWeWpV2p4AaABAg",
            "reply_content": "\u597d\u4e45\u6c92\u770b\u5230\u99ac\u7530\u4e86 \n\u611f\u89ba\u7626\u4e86\u53c8\u8b8a\u5e25\u4e86\ud83e\udd23\n\u7d42\u65bc\u53c8\u5408\u9ad4\u4e86\u2764\n\u671f\u5f85\u6bcf\u4e00\u90e8\u5f71\u7247"
        },
        {
            "reply_id": "UgzsW6uJtaCL7d05bMZ4AaABAg",
            "reply_content": "\u5e0c\u671b\u4e00\u76f4\u505a\u4e0b\u53bb\uff0c\u6bcf\u6b21\u770b\u641e\u795e\u99ac\u7684\u5f71\u7247\u90fd\u8d85\u6b61\u6a02~"
        },
        {
            "reply_id": "UgwMusT5wxHW5gdSdLF4AaABAg",
            "reply_content": "\u9a6c\u7530\u548c\u963f\u795e\u4e00\u8d77\u62cd\u89c6\u9891\u5e94\u8be5\u662f\u6700\u597d\u7684\u9009\u62e9"
        },
        {
            "reply_id": "Ugx0gQIoDhrbSLAxHRl4AaABAg",
            "reply_content": "\u8d85\u7d1a\u6210\u529f\u7684\u611f\u89ba\ud83c\udf89"
        },
        {
            "reply_id": "Ugw67qpJ3-LymCq07L14AaABAg",
            "reply_content": "\u770b\u8d77\u4f86\u597d\u8b9a \n\u96d6\u7136\u9eb5\u7cca\u597d\u50cf\u592a\u591a\uff0c\u4f46\u611f\u89ba\u4e5f\u662f\u65b0\u98a8\u5473\u6b38"
        },
        {
            "reply_id": "UgwQlHR6JofwZDk2aI94AaABAg",
            "reply_content": "\u99ac\u7530\u597d\u53ef\u611b"
        },
        {
            "reply_id": "UgyHOSm7N4H633jHGL94AaABAg",
            "reply_content": "\u512a\u8cea\u983b\u9053\u771f\u7684\u5fc5\u9808\u652f\u6301\ud83e\udd73"
        }
    ]
}