{
    "video_info": {
        "id": "rPczoYy820g",
        "channelTitle": "\u641e\u795e\u99ac",
        "title": "\u3010\u88dd\u7532\u5927\u6230\u3011\u6253\u81c9\u6a5f\u68b0\u4eba\u5c0d\u6c7a\uff5c\u771f\u6b63\u63cd\u98db\u5c0d\u624b\uff01",
        "description": "\u2764 \u6bcf\u5468\u4e09\u3001\u516d\u3001\u65e5\u90fd\u6709\u65b0\u5f71\u7247 !! \u5f9e\u4eca\u5929\u8d77\u958b\u59cb\u8a02\u95b1\u5427 !! \u2764\n\u52a0\u5165\u6703\u54e1\u2794https://www.youtube.com/channel/UCAsviiS5DE0pcuvxPRrrAzQ/join\n\u5728Facebook\u4e0a\u8ffd\u8e64\u6211\u5011 \u2794 https://www.facebook.com/ksmytstudio\n\u5728IG\u4e0a\u8ffd\u8e64\u6211\u5011 \u2794https://www.instagram.com/shenma_kingofcrap/\n\n\u2764\u5de5\u5546\u5408\u4f5c\u4fe1\u7bb1\uff1aksmytstudio@capsuleinc.cc\n\u2764\u8fa6\u6d3b\u52d5\u3001\u51fa\u5468\u908a\u3001\u806f\u540d\u5546\u54c1\u90fd\u6b61\u8fce\u627eCAPSULE\uff1a https://capsuleinc.co/\n\n\ud83c\udfac\u66f4\u591a\u5f71\u7247\ud83c\udfac\n\n\ud83c\udf54\u98df\u7269\u7cfb\u5217\ud83c\udf5f:https://goo.gl/fA7y1Z\n\ud83d\udca5\u65e5\u5e38\u7cfb\u5217\ud83d\udca5:https://goo.gl/qfbhyP\n\n\u4ee5\u4e0b\u662f\u6211\u5011\u7684\u4e3b\u983b\u9053\uff01\u6b61\u8fce\u4f86\u8a8d\u8b58\u6211\u5011\uff01\n\uff08\u9999\u6e2f\u4eba\uff09\u99ac\u7530\uff08\u5eda\u85dd\uff09\uff1ahttps://www.youtube.com/user/dimcookguide\n\uff08\u53f0\u7063\u4eba\uff09\u963f\u795e\uff08\u904a\u6232\uff09\uff1ahttps://www.youtube.com/user/charlie615119",
        "likeCount": "4424",
        "commentCount": "70",
        "viewCount": "144435"
    },
    "comments": [
        {
            "reply_id": "UgxmH8LBayGPD_u3uF14AaABAg",
            "reply_content": "\u9019\u500b\u53f0\u7063\u4e0a\u5e02\u524d\u540c\u4e8b\u90fd\u8aaa\u4e00\u5b9a\u6703\u8cb7\uff0c\u5927\u5bb6\u8a0e\u8ad6\u4e0a\u5e02\u5f8c\u8981\u600e\u9ebc\u6bd4\u8cfd\uff0c\u7136\u5f8c\u5b83\u5728\u53f0\u7063\u4e0a\u5e02\u7576\u5929\u6211\u5c31\u76f4\u63a5\u8dd1\u53bb\u8cb7\u5169\u96bb\u4e00\u7d44\u7684\u56de\u4f86\uff0c\u7d50\u679c\u6700\u5f8c\u767c\u73fe\u540c\u4e8b\u90fd\u6c92\u6709\u8cb7\uff0c\u7576\u6642\u771f\u7684\u611f\u89ba\u81ea\u5df1\u88ab\u800d\u4e86\uff0c\u4f46\u8aaa\u771f\u7684\u9019\u7cfb\u5217\u7684\u73a9\u5177\u771f\u7684\u597d\u73a9\uff0c\u6211\u5f9e\u6700\u65e9\u7684\u62f3\u64ca\u6a5f\u5668\u4eba\uff0c\u5c04\u64ca\u6a5f\u5668\u4eba\u4e00\u76f4\u5230\u9019\u96bb\u6700\u65b0\u7684\u62f3\u64ca\u6a5f\u5668\u4eba\u90fd\u8cb7\u4f86\u73a9\u4e86\ud83d\ude05\ud83d\ude05\ud83d\ude05"
        },
        {
            "reply_id": "Ugzj-ECCmln0eGl9xyJ4AaABAg",
            "reply_content": "\u958b\u982d\u90a3\u6bb5\u8aaa\u7684\u592a\u771f\u5be6\u4e86\ud83d\ude02\n\u73fe\u5728\u9019\u5e74\u982d\u6703\u8cb7\u73a9\u5177\u7684\u5e7e\u4e4e\u90fd\u662f\u5927\u4eba \n\u5c0f\u670b\u53cb\u90fd\u53ea\u6703\u73a9\u624b\u6a5f\u5e73\u677f"
        },
        {
            "reply_id": "Ugwf9rIxpBTwt2u_sbR4AaABAg",
            "reply_content": "\u5b85\u7537\u5011\u7684\u5feb\u6a02\u5c31\u662f\u9019\u9ebc\u7c21\u55ae\ud83d\ude06"
        },
        {
            "reply_id": "Ugx9OZuya44-zH3is6t4AaABAg",
            "reply_content": "\u74b0\u592a\u5e73\u6d0b\u7cfb\u5217"
        },
        {
            "reply_id": "UgwjKJiZFHGUKfQlxTF4AaABAg",
            "reply_content": "\u6211\u9084\u4ee5\u70ba\u662f\u516b\u5e74\u524d\u7684\u6211\u9084\u786e\u8a8d\u4e86\u5169\u6b21\ud83d\ude02"
        },
        {
            "reply_id": "Ugz2rsSLcBroZxENmlp4AaABAg",
            "reply_content": "\u53ea\u662f\u89ba\u5f97\u60f3\u963f\u795e\u842c\u6b72\u842c\u842c\u6b72\uff01"
        },
        {
            "reply_id": "UgziN69Cl6j78GGbhyZ4AaABAg",
            "reply_content": "\u9019\u500b\u6211\u5c0f\u6642\u5019\u73a9\u904e\uff0c\u7136\u5f8c\u63a7\u5236\u7684\u6642\u5019\u4e00\u4e0b\u5b50\u6253\u5728\u6211\u54e5\u7684\u982d\u4e0a\uff0c\u7d50\u679c\u6211\u5011\u5435\u4e86\u4e09\u5929\u67b6\ud83e\udd23"
        },
        {
            "reply_id": "UgzhY6bXuZjv8U-ebTx4AaABAg",
            "reply_content": "\u5947\u602a\u6211\u600e\u9ebc\u770b\u5225\u4eba\u73a9\u90a3\u500b\u611f\u61c9\u5f88\u9748\u654f\u554a\ud83d\ude05\ud83d\ude05\ud83d\ude05"
        },
        {
            "reply_id": "UgwA79Yz5qmNjyXT1yp4AaABAg",
            "reply_content": "\u4ee5\u524d\u90fd\u6c92\u6709\u9019\u500b \u53ea\u6709\u5f48\u73e0\u8d85\u4eba\ud83d\ude02\u9019\u500b\u770b\u8d77\u4f86\u597d\u53b2\u5bb3\u2764"
        },
        {
            "reply_id": "Ugx8MZY-_b_TFzxp9vR4AaABAg",
            "reply_content": "\u597d\u597d\u73a9\u54e6\uff01"
        },
        {
            "reply_id": "UgzvLEy7g6y4Ts8inXR4AaABAg",
            "reply_content": "\u8b80\u96fb\u5b50\u7cfb\u7684\u963f\u795e\u8f38\u7d66\u5eda\u5e2b\u99ac\u7530?\u963f\u795e\u8b80\u96fb\u5b50\u7cfb\u662f\u8b80\u5047\uff0c\u9084\u662f\u592a\u4e45\u6ca1\u8b80?"
        },
        {
            "reply_id": "UgxjmZYYXpXSaymFMip4AaABAg",
            "reply_content": "\u7747\u5de6\u7576\u73a9\u5de6 \u6211\u89ba\u5f97\u597d\u5feb\u73a9\u5acc\ud83d\ude0f"
        },
        {
            "reply_id": "Ugx9yLjNIrVT4E08VDh4AaABAg",
            "reply_content": "\u60f3\u8d77\u5929\u4f7f\u9818\u57df\u9019\u52d5\u6f2b,\u641e\u4e0d\u597d\u672a\u4f86\u4eba\u53ef\u4ee5\u9760\u865b\u64ec\u4f86\u958b\u92fc\u5f48\u4f86\u5c0d\u6c7a,\u5dee\u9ad4\u611f\u5c31\u5b8c\u7f8e\u4e86,\u82e5\u50cf\u5200\u528d\u795e\u57df\u8dd1\u5230\u904a\u6232\u88e1\u73a9\u5247\u5be6\u5728\u592a\u79d1\u5e7b\u4e86."
        },
        {
            "reply_id": "UgyO_9CwxQfu6QWGZn54AaABAg",
            "reply_content": "\u597d\u50cf\u5f88\u597d\u73a9\ud83d\ude0a"
        },
        {
            "reply_id": "UgxoR2jz7DOG2rpMXqt4AaABAg",
            "reply_content": ""
        },
        {
            "reply_id": "Ugyd-mX1_L2l-_nwTch4AaABAg",
            "reply_content": "\u9019\u73a9\u5177\u4e5f\u592a\u597d\u73a9\uff01"
        },
        {
            "reply_id": "UgwOIJeS-VFbF1fTrjJ4AaABAg",
            "reply_content": "\u5176\u5b9e\u662f\u97f3\u6e38\uff1f"
        },
        {
            "reply_id": "Ugw1ubzIjmSgDhGGASd4AaABAg",
            "reply_content": "\u9019\u5169\u4eba\u5c31\u662f\u4e0d\u770b\u8aaa\u660e\u66f8\n\u771f\u7684\u8d8a\u770b\u8d8a\u7dca\u5f35\n\u99ac\u7530\u96e3\u5f97\u53ef\u4ee5KO\u963f\u795e\ud83d\ude02"
        },
        {
            "reply_id": "Ugw2BS-QhHwyB99q2P14AaABAg",
            "reply_content": "\u9019\u500b\u4e4b\u524d\u4e0d\u5c31\u6709\u4e86"
        },
        {
            "reply_id": "Ugy29umIJ5xEXi1gRmx4AaABAg",
            "reply_content": "\u6392\u9664\u4ed6\u6bba\uff0c\u7b11\u6b7b"
        }
    ]
}