{
    "video_info": {
        "id": "rQzEKUTfwtU",
        "channelTitle": "\u641e\u795e\u99ac",
        "title": "\u3010\u60b2\u5287\u958b\u7bb1\u3011\u9019\u73a9\u5177$1099\uff5c\u5de8\u5927\u6050\u9f8d\u86cb\u6253\u958b\u5167\u5bb9\u8b93\u4eba\u5fc3\u788e",
        "description": "\u3010\u8ca9\u552e\u671f\u9593\uff1a2023/8/23-9/30\u3011\n\u641e\u795e\u99ac\u591a\u5143\u5b87\u5b99\u70e4\u8089\u5957\u7d44\uff1ahttps://lihi2.com/c5h84\n\u9999\u6e2f\u7684\u5b87\u5b99\u9019\u908a\u8d70\uff1ahttps://www.meatnpot.com/\n\n\ud83d\udd25\u53f0\u7063\u5957\u7d44\u7684\u51fa\u8ca8\u898f\u5247\ud83d\udd25\n- 9/21\u524d\u4e0b\u55ae\u4ed8\u6b3e\u5b8c\u6210\uff0c\u53ef\u5728\u4e2d\u79cb\u524d\u6536\u5230\n- 9/21\u5f8c\u4e0b\u55ae\u4ed8\u6b3e\u5b8c\u6210\u6703\u4f9d\u5e8f\u8a02\u55ae\u5b89\u6392\u51fa\u8ca8\uff0c\u4e2d\u79cb\u570b\u5b9a\u5047\u65e5\u53ca\u5047\u65e5\u9806\u5ef6\u81f3\u4e0a\u73ed\u65e5\u51fa\u8ca8\n\n\n\u2764 \u6bcf\u5468\u4e09\u3001\u516d\u3001\u65e5\u90fd\u6709\u65b0\u5f71\u7247 !! \u5f9e\u4eca\u5929\u8d77\u958b\u59cb\u8a02\u95b1\u5427 !! \u2764\n\u52a0\u5165\u6703\u54e1\u2794https://www.youtube.com/channel/UCAsviiS5DE0pcuvxPRrrAzQ/join\n\u5728Facebook\u4e0a\u8ffd\u8e64\u6211\u5011 \u2794 https://www.facebook.com/ksmytstudio\n\u5728IG\u4e0a\u8ffd\u8e64\u6211\u5011 \u2794https://www.instagram.com/shenma_kingofcrap/\n\n\u2764\u5de5\u5546\u5408\u4f5c\u4fe1\u7bb1\uff1aksmytstudio@capsuleinc.cc\n\u2764\u8fa6\u6d3b\u52d5\u3001\u51fa\u5468\u908a\u3001\u806f\u540d\u5546\u54c1\u90fd\u6b61\u8fce\u627eCAPSULE\uff1a https://capsuleinc.co/\n\n\ud83c\udfac\u66f4\u591a\u5f71\u7247\ud83c\udfac\n\n\ud83c\udf54\u98df\u7269\u7cfb\u5217\ud83c\udf5f:https://goo.gl/fA7y1Z\n\ud83d\udca5\u65e5\u5e38\u7cfb\u5217\ud83d\udca5:https://goo.gl/qfbhyP\n\n\u4ee5\u4e0b\u662f\u6211\u5011\u7684\u4e3b\u983b\u9053\uff01\u6b61\u8fce\u4f86\u8a8d\u8b58\u6211\u5011\uff01\n\uff08\u9999\u6e2f\u4eba\uff09\u99ac\u7530\uff08\u5eda\u85dd\uff09\uff1ahttps://www.youtube.com/user/dimcookguide\n\uff08\u53f0\u7063\u4eba\uff09\u963f\u795e\uff08\u904a\u6232\uff09\uff1ahttps://www.youtube.com/user/charlie615119",
        "likeCount": "5067",
        "commentCount": "137",
        "viewCount": "178863"
    },
    "comments": [
        {
            "reply_id": "UgxjmI0KopKGU1glWFl4AaABAg",
            "reply_content": "\u4e0d\u77e5\u9053\u662f\u4ec0\u9ebc\u6050\u9f8d\uff0c\u70ba\u4ec0\u9ebc\u9084\u8cb7\u9019\u500b"
        },
        {
            "reply_id": "UgzNzHei7tvXx25vOaJ4AaABAg",
            "reply_content": "\u9019\u662f\u4f8f\u7f85\u7d00\u4e16\u754c\u4e09\u88e1\u9762\u51fa\u73fe\u7684\u6050\u9f8d"
        },
        {
            "reply_id": "UgxqpekMYmBbpj86YWR4AaABAg",
            "reply_content": "\u53ef\u4ee5\u53ea\u8cb7\u90a3\u53f0\u6703\u7ff9\u5b64\u8f2a\u7684\u8eca\u55ce?"
        },
        {
            "reply_id": "Ugxhg_QFwrkvTvwytGB4AaABAg",
            "reply_content": "\u6700\u5f8c\u7684\u56db\u89d2\u70cf\u9f9c\u6211\u4ee5\u70ba\u662f\u4f8f\u7f85\u7d00\u4e16\u754c\u8ddf\u6c6a\u9054\u8207\u5de8\u50cf\u806f\u540d"
        },
        {
            "reply_id": "UgxGQUmlOujYQHPU7UZ4AaABAg",
            "reply_content": "\u6211\u5687\u5230 \u6709\u4eba\u767c\u73fe\u6050\u9f8d\u86cb\u4e0a\u7684\u773c\u775b\u6703\u52d5\u55ce\uff1f"
        },
        {
            "reply_id": "Ugyl_4CBbL1eRTYrcQV4AaABAg",
            "reply_content": "\u85cd\u8272\u731b\u6bd2"
        },
        {
            "reply_id": "UgzmHhMA_7NKi8Na93p4AaABAg",
            "reply_content": "\u6211\u6709\u53bb\u904e\u5594"
        },
        {
            "reply_id": "Ugyllwu4QT8sWXnq7zR4AaABAg",
            "reply_content": "\u6771\u839e\u8b93\u6211\u60f3\u5230\u4ee5\u524d\u73a9\u4e00\u6b3e\u4e09\u570b\u7dda\u4e0a\u7db2\u9801\u904a\u6232\u53eb\u5343\u8ecd\u7834\uff0c\u7136\u5f8c\u88e1\u9762\u6709\u5f88\u591a\u57ce\u6c60\uff0c\u7576\u6642\u6211\u4ee5\u70ba\u6b66\u5c07\u5728\u9152\u9928\u662f\u56fa\u5b9a\u5237\u51fa\u4f86\u7684\uff0c\u7136\u5f8c\u5c31\u5728\u4e16\u754c\u983b\u558a\u8aaa\u6771\u839e\u6709\u7a0b\u6631(\u66f9\u64cd\u9ebe\u4e0b\u6b66\u5c07)\uff0c\u7136\u5f8c\u5c31\u6709\u4eba\u99ac\u4e0a\u56de\u6211\u6771\u839e\u6709\u7f8e\u5973\uff0c\u4e0d\u904e\u90a3\u6642\u5019\u9084\u4e0d\u61c2\u662f\u4ec0\u9ebc\u610f\u601d\uff0c\u73fe\u5728\u807d\u99ac\u7530\u8aaa\u5927\u6982\u77e5\u9053\u4e86w"
        },
        {
            "reply_id": "UgyA74DLWqVEhzzL8e14AaABAg",
            "reply_content": "\u770b\u5230\u8f2a\u80ce\u76f4\u63a5\u7206\u7b11\ud83d\ude02\ud83d\ude02\ud83d\ude02\n\n\u53e6\u5916\uff0c\u5982\u679c\u4ecb\u5b50\u9ecf\u4f4f\u4e86\u5c31\u6015\u63db\u4e0d\u4e86\u5973\u670b\u53cb\uff0c\u5979\u61c9\u8a72\u4e0d\u4ecb\u610f\u5e6b\u4f60\u5c07\u624b\u6307\u4e5f\u4e00\u540c\u56de\u6536\u54e6\ud83d\ude09"
        },
        {
            "reply_id": "Ugw7CIjczmPH7lRxYOl4AaABAg",
            "reply_content": "\u8fd9\u662f\u57fa\u9f99\u62c9"
        },
        {
            "reply_id": "Ugzx_sFjrFavfazXVR14AaABAg",
            "reply_content": "\u662f\u4e0d\u662f\u5de6\u93ae\u5316\u77f3\u5712\u5340\uff1f"
        },
        {
            "reply_id": "UgwG2NGFz3MTHCM_Ni94AaABAg",
            "reply_content": "\u6211\u4e4b\u524d\u4e5f\u770b\u5230\u6709\u5009\u9f8d\u7684\u7259\u9f52\uff0c\u4f46\u662f\u6211\u6c92\u6709\u8cb7\u5230\ud83d\ude22\ud83d\ude22"
        },
        {
            "reply_id": "UgyhqOc9Ew7ZeyGpiSF4AaABAg",
            "reply_content": "\u56e0\u70ba\u958b\u51fa\u4f86\u7684\u6771\u897f\u592a\u8352\u8b2c\u7b2c\u4e00\u6b21\u6c92\u770b\u5b8c\u4f60\u5011\u7684\u5f71\u7247\ud83d\ude02\ud83d\ude02\ud83d\ude02"
        },
        {
            "reply_id": "Ugykv07xYL792fPNUBZ4AaABAg",
            "reply_content": "\u8b8a\u5f62\u96de\u525b"
        },
        {
            "reply_id": "UgxkqZwpNfbSkV6BOoF4AaABAg",
            "reply_content": "\u90a3\u500b\u6050\u9f8d\u86cb\u6703\u7728\u773c\ud83d\ude2e"
        },
        {
            "reply_id": "UgwyMhHRCBPC3ck71kN4AaABAg",
            "reply_content": "\u662f\u706b\u76dc\u9f8d"
        },
        {
            "reply_id": "Ugz6dcS5AL3F977emRp4AaABAg",
            "reply_content": "\u6211\u77e5\u9053\n\u8eca\u8eca\u9f8d"
        },
        {
            "reply_id": "UgxVzlBi4u9PSP7sHzV4AaABAg",
            "reply_content": "\u5e74\u83dc\u7684\u96d5\u82b1\ud83e\udd23"
        },
        {
            "reply_id": "Ugz1tTjF_I22iyLb3gZ4AaABAg",
            "reply_content": "\u963f\u795e\u53ef\u4ee5\u5531\u591c\u540e\u4e86"
        },
        {
            "reply_id": "UgwZ_sFsAPmsrA-xCuZ4AaABAg",
            "reply_content": "\u963f\u795e\u5927\u5927\u6211\u5c31\u662f\u8b80\u90a3\u9593\u570b\u5c0f"
        }
    ]
}