{
    "video_info": {
        "id": "RtIDrxD1Fps",
        "channelTitle": "\u641e\u795e\u99ac",
        "title": "\u3010\u9e79\u6ab8\u6aacdiy\u3011\u4e00\u676f200\uff01\u6e2f\u5f0f\u9e79\u6ab8\u53ef\u6a02+\u9e79\u6ab8\u4e03 \ud83e\udd64",
        "description": "\u2764 \u6bcf\u5468\u4e09\u3001\u516d\u3001\u65e5\u90fd\u6709\u65b0\u5f71\u7247 !! \u5f9e\u4eca\u5929\u8d77\u958b\u59cb\u8a02\u95b1\u5427 !! \u2764\n\u52a0\u5165\u6703\u54e1\u2794https://www.youtube.com/channel/UCAsviiS5DE0pcuvxPRrrAzQ/join\n\u5728Facebook\u4e0a\u8ffd\u8e64\u6211\u5011 \u2794 https://www.facebook.com/ksmytstudio\n\u5728IG\u4e0a\u8ffd\u8e64\u6211\u5011 \u2794https://www.instagram.com/shenma_kingofcrap/\n\n\u2764\u5de5\u5546\u5408\u4f5c\u4fe1\u7bb1\uff1aksmytstudio@capsuleinc.cc\n\u2764\u8fa6\u6d3b\u52d5\u3001\u51fa\u5468\u908a\u3001\u806f\u540d\u5546\u54c1\u90fd\u6b61\u8fce\u627eCAPSULE\uff1a https://capsuleinc.co/\n\n\ud83c\udfac\u66f4\u591a\u5f71\u7247\ud83c\udfac\n\n\ud83c\udf54\u98df\u7269\u7cfb\u5217\ud83c\udf5f:https://goo.gl/fA7y1Z\n\ud83d\udca5\u65e5\u5e38\u7cfb\u5217\ud83d\udca5:https://goo.gl/qfbhyP\n\n\u4ee5\u4e0b\u662f\u6211\u5011\u7684\u4e3b\u983b\u9053\uff01\u6b61\u8fce\u4f86\u8a8d\u8b58\u6211\u5011\uff01\n\uff08\u9999\u6e2f\u4eba\uff09\u99ac\u7530\uff08\u5eda\u85dd\uff09\uff1ahttps://www.youtube.com/user/dimcookguide\n\uff08\u53f0\u7063\u4eba\uff09\u963f\u795e\uff08\u904a\u6232\uff09\uff1ahttps://www.youtube.com/user/charlie615119",
        "likeCount": "8886",
        "commentCount": "286",
        "viewCount": "353189"
    },
    "comments": [
        {
            "reply_id": "UgzEJH-yVtVFlchTtwV4AaABAg",
            "reply_content": "\u6211\u6c92\u505a\u904e\u3002\u4e0d\u904e\u6211\u89ba\u5f97\u53ea\u8981\u628a\u6ab8\u6aac\u88f9\u4e00\u5c64\u9e7d\u518d\u653e\u9032\u53bb\u5c31\u53ef\u4ee5\u4e86\uff0c\u9019\u6a23\u5c31\u6709\u6ab8\u6aac\u6c34\u4e86\uff0c\u56e0\u70ba\u9e7d\u4e0d\u7528\u592a\u591a\uff0c\u98df\u6750\u5c31\u6703\u51fa\u6c34\u4e86\u3002\u4e0d\u5c0d\u7684\u8a71\u8acb\u5e2b\u5085\u7cfe\u6b63\u3002"
        },
        {
            "reply_id": "Ugy3d5d2Z6UMe25l2Kp4AaABAg",
            "reply_content": "\u4e0d\u662f\u52a0\u4e03\u559c\u55ce\uff1f\u5728\u9999\u6e2f\u8001\u95c6\u958b\u7684\u5e97\uff0c\u559d\u7684\u662f\u52a0\u4e03\u559c"
        },
        {
            "reply_id": "UgyNLyAC2YQfbWK4Nwt4AaABAg",
            "reply_content": "\u8a72\u628a\u963f\u7f75\u5012\u6389\u7528\u5979\u7684\u7515\u53bb\u5f04"
        },
        {
            "reply_id": "Ugx8cAPUHEqm-93zqtd4AaABAg",
            "reply_content": "\u6cf0\u56fd\u90a3\u4e2a\u53eb\u9178\u7518"
        },
        {
            "reply_id": "UgyigXVl_jOh_c017D14AaABAg",
            "reply_content": "\u9e7d\u8981\u84cb\u904e\u22ef"
        },
        {
            "reply_id": "Ugy1NSW8UXv0wQDhFDh4AaABAg",
            "reply_content": "\u70ba\u4ec0\u9ebc\u591a\u653e\u4e00\u5929\u5c31\u51fa\u9019\u9ebc\u591a\u6c34\uff1f\ud83d\ude2e"
        },
        {
            "reply_id": "Ugyz-T_lJA1cmuHhUix4AaABAg",
            "reply_content": "\u97d3\u570b\u4e0d\u662f\u6709\u5403\u6d3b\u7684\u5c0f\u7ae0\u9b5a\u55ce\u2026.\uff1f"
        },
        {
            "reply_id": "UgzU3JLF7C2uwSFhTnV4AaABAg",
            "reply_content": "\u9999\u6aac\u5427"
        },
        {
            "reply_id": "UgwtUoFWgjZTfRbUbap4AaABAg",
            "reply_content": "\u6ab8\u6aac\u600e\u9ebc\u4e0d\u5207\u7247\uff0c\u5728\u7528\u9e7d\u5df4\u7814\u88fd"
        },
        {
            "reply_id": "Ugw8ikCMUDKeHOiPajJ4AaABAg",
            "reply_content": "\u99ac\u7530\u5e25\u4e86"
        },
        {
            "reply_id": "UgxE75HMx0gd-fLIgVN4AaABAg",
            "reply_content": "\u5929\u554a\u597d\u4e45\u6c92\u770b\u641e\u795e\u99ac\u4e86\uff5e\u5f9e\u75ab\u60c5\u958b\u59cb\u4e4b\u5f8c\u5c31\u6c92\u4ec0\u9ebc\u770b\n\u6c92\u60f3\u5230\u5df2\u7d93\u4e94\u5e74\u591a\u4e86\ud83c\udf89"
        },
        {
            "reply_id": "Ugwvh5dARQ9ZS2nrscl4AaABAg",
            "reply_content": "\u99ac\u7530\u7626\u4e86"
        },
        {
            "reply_id": "Ugy9fodO0MAydE3XTtd4AaABAg",
            "reply_content": "\u4f60\u78ba\u5b9a\u662f\u6ab8\u6aac\u592a\u786c\u96e3\u5207\u4e0d\u662f\u56e0\u70ba\u5200\u4e0d\u5920\u5229\u55ce\uff1f\ud83d\ude02"
        },
        {
            "reply_id": "UgzG6D7plJpzUv44hHF4AaABAg",
            "reply_content": "\u99ac\u7530\u597d\u53ef\u611b\u2764"
        },
        {
            "reply_id": "UgzeEbdS3d1XBJWcpIx4AaABAg",
            "reply_content": "\u4ee5\u524d\u5c0f\u6642\u5019\u53ef\u4ee5\u770b\u5230\u5bb6\u5bb6\u6236\u6236\u628a\u7515\u653e\u5728\u5c4b\u9802\u4e0a\u91c0\u9e79\u6ab8\u6aac\u7684\u756b\u9762 \u4e0d\u77e5\u66fe\u5e7e\u4f55\u6642\u5df2\u7d93\u6c92\u4eba\u77e5\u9053\u9019\u500b\u4eba\u9593\u7f8e\u5473\u4e86 \ud83e\udd72 \uff08\u99ac\u4f86\u897f\u4e9e\u4eba\u7d93\u904e"
        },
        {
            "reply_id": "UgzGGUmPEgmicxyq8LV4AaABAg",
            "reply_content": "\u6211\u611b\u559d"
        },
        {
            "reply_id": "UgxFD9cTf4sIviRhSS94AaABAg",
            "reply_content": "\u6ab8\u6aac\u8981\u5207\u7247\u53bb\u6838\u624d\u4e00\u5c64\u6ab8\u6aac\u4e00\u5c64\u9e7d\u653e\u5165\u74f6\u4e2d"
        },
        {
            "reply_id": "UgwYpFL5q2RPKsT_W2Z4AaABAg",
            "reply_content": "\u4e82\u4f5c\u4e00\u901a"
        },
        {
            "reply_id": "UgwFtov1wA_EBINkwx94AaABAg",
            "reply_content": "\u5728\u9a6c\u6765\u897f\u4e9a\uff0c\u6211\u7238\u7238\u4e5f\u662f\u6709\u5f04\u8fd9\u4e2a\uff0c\u5dee\u4e0d\u591a10\u591a\u5e74\u4e86\uff0c\u6bcf\u6b21\u54b3\u55fd\u90fd\u4f1a\u62ff\u6765\u559d"
        },
        {
            "reply_id": "UgyMDh1ss9T7Wx4UGvV4AaABAg",
            "reply_content": "\u505a\u6cd5\u932f\u4e86\u5537\n\u6b63\u78ba\u65b9\u6cd5\u662f\n\u6c34\uff0c\u6ab8\u6aac \u5bc6\u5c01\u7f50\u90fd\u8981\u7d93\u904e\u6d88\u6bd2\u6bba\u83cc\uff0c\u6211\u662f\u5168\u90e8\u7528\u71b1\u6c34\u9ad8\u6eab\u6bba\u83cc\uff08\u5305\u542b\u6ab8\u6aac\uff09\u5f8c\u6ab8\u6aac\u3001\u5bc6\u5c01\u7f50\u5168\u90e8\u64e6\u4e7e\u3002\n\u7a7a\u5bc6\u5c01\u7f50\u5148\u628a\u6ab8\u6aac\u4e00\u9846\u9846\u653e\u5165\uff0c\u52a0\u5165\u716e\u6cb8\u904e\u5f8c\u653e\u6dbc\u7684\u6c34\uff0c\u7136\u5f8c\u5012\u5165\u9e7d\u5df4\u6eb6\u89e3\u81f3\u9e7d\u6c34\u98fd\u548c\u5230\u7121\u6cd5\u518d\u6eb6\u89e3\u5176\u4ed6\u9e7d\u5df4\uff0c\u9019\u6a23\u7684\u9e7d\u5206\u5c31\u662f\u525b\u525b\u597d\u3002\n\u9183\u88fd\u6eff\u4e00\u5e74\u5f8c\uff0c\u5c31\u53ef\u4ee5\u6162\u6162\u98df\u7528\u4e86"
        }
    ]
}