{
    "video_info": {
        "id": "RvtclJboDLI",
        "channelTitle": "\u641e\u795e\u99ac",
        "title": "\u3010\u56db\u5927\u5feb\u9910\u5e97\u3011\u5361\u8def\u91cc\u76db\u5bb4\uff5cBurger King\u56db\u5c64\u5168\u8089\u6f22\u5821\uff5c\u9ea5\u7576\u52de\u9ebb\u8fa3\u70b8\u96de\uff5cmos\u5929\u5a66\u7f85\u6f22\u5821\uff5c\u80af\u5fb7\u57fa\u53ef\u6a02\u9905\u6f22\u5821",
        "description": "\u2764 \u6bcf\u5468\u4e09\u3001\u516d\u3001\u65e5\u90fd\u6709\u65b0\u5f71\u7247 !! \u5f9e\u4eca\u5929\u8d77\u958b\u59cb\u8a02\u95b1\u5427 !! \u2764\n\u52a0\u5165\u6703\u54e1\u2794https://www.youtube.com/channel/UCAsviiS5DE0pcuvxPRrrAzQ/join\n\u5728Facebook\u4e0a\u8ffd\u8e64\u6211\u5011 \u2794 https://www.facebook.com/ksmytstudio\n\u5728IG\u4e0a\u8ffd\u8e64\u6211\u5011 \u2794https://www.instagram.com/shenma_kingofcrap/\n\n\u2764\u5de5\u5546\u5408\u4f5c\u4fe1\u7bb1\uff1aksmytstudio@capsuleinc.cc\n\u2764\u8fa6\u6d3b\u52d5\u3001\u51fa\u5468\u908a\u3001\u806f\u540d\u5546\u54c1\u90fd\u6b61\u8fce\u627eCAPSULE\uff1a https://capsuleinc.co/\n\n\ud83c\udfac\u66f4\u591a\u5f71\u7247\ud83c\udfac\n\n\ud83c\udf54\u98df\u7269\u7cfb\u5217\ud83c\udf5f:https://goo.gl/fA7y1Z\n\ud83d\udca5\u65e5\u5e38\u7cfb\u5217\ud83d\udca5:https://goo.gl/qfbhyP\n\n\u4ee5\u4e0b\u662f\u6211\u5011\u7684\u4e3b\u983b\u9053\uff01\u6b61\u8fce\u4f86\u8a8d\u8b58\u6211\u5011\uff01\n\uff08\u9999\u6e2f\u4eba\uff09\u99ac\u7530\uff08\u5eda\u85dd\uff09\uff1ahttps://www.youtube.com/user/dimcookguide\n\uff08\u53f0\u7063\u4eba\uff09\u963f\u795e\uff08\u904a\u6232\uff09\uff1ahttps://www.youtube.com/user/charlie615119",
        "likeCount": "9064",
        "commentCount": "258",
        "viewCount": "238977"
    },
    "comments": [
        {
            "reply_id": "UgwwtAr5Vcgdo9ZbmfJ4AaABAg",
            "reply_content": "\u5929\u4e3c\u5c31\u6630\u5929\u5a66\u7f85\u4e3c"
        },
        {
            "reply_id": "UgzFjIEeR3mZsp-N5254AaABAg",
            "reply_content": "\u770b\u5b8c\u53ea\u89ba\u5f97\u963f\u795e\u600e\u9ebc\u4ec0\u9ebc\u90fd\u4e0d\u77e5\u9053..."
        },
        {
            "reply_id": "UgzEOx-Bs1SDtZzUy_94AaABAg",
            "reply_content": "\u8b9a\u5594"
        },
        {
            "reply_id": "UgxwEyeUlRd1c6Ov1y54AaABAg",
            "reply_content": "\u9ea5\u7576\u52de\u7d05\u888d\u771f\u7684\u662f\u72d7\u7684\u4e0d\u5403 \u6709\u5920\u96e3\u5403\u7684"
        },
        {
            "reply_id": "UgwPoURou837vI8StnN4AaABAg",
            "reply_content": "\u9999\u6e2f\u7684\u6469\u65af\u6d77\u9bae\u73cd\u73e0\u5821\u597d\u50cf\u4e5f\u662f\u4fdd\u6eab\u7d19\u5305\u8457"
        },
        {
            "reply_id": "Ugx0rXl9yNYP-4lOmex4AaABAg",
            "reply_content": "\u56db\u5c64\u725b\u8089\u771f\u7684\u6bcf\u6b21\u90fd\u662f\u6cb9\u6ef4\u5230\u70b8\u88c2\uff01\u4f4e\u78b3\u662f\u4e0d\u662f\u53ef\u4ee5\u5403\u9019\u500b\u50ac\u7720\u81ea\u5df1\uff01"
        },
        {
            "reply_id": "UgwHif6MVPMzFsCSExB4AaABAg",
            "reply_content": "\u96de\u80f8\u4f60\u500b\u982d\u9ea5\u7576\u52de\u6c92\u6709\u96de\u80f8\u90a3\u662f\u817f\u6392"
        },
        {
            "reply_id": "Ugzw18K6PARYTUgjlG94AaABAg",
            "reply_content": "\u5e0c\u671b\u7d93\u8cbb\u53ef\u4ee5\u6490\u5230\u5341\u4e00\u6708\u65b0\u54c1"
        },
        {
            "reply_id": "Ugwra-obj7nGB9SONSJ4AaABAg",
            "reply_content": "\u54ea\u500b\u90e8\u4f4d\u901a\u5e38\u53eb\u505a\u817f\uff0c\u5fc5\u8f03\u5167\u884c\u7684\u6703\u53eb\u6392"
        },
        {
            "reply_id": "UgxTxzBO_vop9fea0vB4AaABAg",
            "reply_content": "\u9ea5\u5679\u5679\u73fe\u4efb\u54e1\u5de5\uff1a\u5169\u500b\u90fd\u662f\u96de\u817f\ud83d\ude02\ud83d\ude02"
        },
        {
            "reply_id": "UgysiemuLeIS-IcAw4V4AaABAg",
            "reply_content": "\u96de\u817f\u554a\u4e00\u770b\u5c31\u77e5\u9053\ud83e\udd23\u4ee5\u524d\u6bcf\u5929\u90fd\u5728\u6478"
        },
        {
            "reply_id": "UgwPcllC0tIOWpgC1Ql4AaABAg",
            "reply_content": "\u5929\u4e3c\u5c31\u662f \u5929\u5a66\u7f85\u4e3c\u7684\u610f\u601d"
        },
        {
            "reply_id": "Ugxc1pqa5w2V7BpzAWN4AaABAg",
            "reply_content": "\u4e0d\u662f\u9000\u4f11\u4e86\uff1f"
        },
        {
            "reply_id": "Ugy62SVGR7ySb5emoyl4AaABAg",
            "reply_content": "\u99ac\u7530\u8aaa\u932f\u4e86\u54e6 \u99ac\u7530\u5cf6\u7684\u6469\u65af\u6f22\u5821\u7684\u73cd\u73e0\u5821\u4e5f\u662f\u4fdd\u6eab\u7d19\u7684\u4e0d\u662f\u4e00\u822c\u7684\u7d19\u5305\u7684"
        },
        {
            "reply_id": "UgwZPXHmwqnXg-Yaz5Z4AaABAg",
            "reply_content": "\u770b\u5230\u9019\u4e9b\u98df\u7269\u665a\u4e0a\u809a\u5b50\u597d\u9913"
        },
        {
            "reply_id": "UgyeZMn4ppjLUmbPvQV4AaABAg",
            "reply_content": "\u6211\u89ba\u5f97\u9ea5\u7576\u52de \u5927\u7d05\u888d\u9999\u9ebb\u8fa3\u96de \u5b83\u7684\u90a3\u500b\u91ac \u6709\u7a2e\u9b54\u828b\u723d\u7684\u5473\u9053"
        },
        {
            "reply_id": "UgyU-2WBAb9zZW5y2t14AaABAg",
            "reply_content": "\u7121\u9eb5\u5305\u6f22\u5821\u6211\u5403\u904e\uff01\n\u89ba\u5f97\u96de\u6bd4\u725b\u597d\u5403 \u725b\u6c92\u4ec0\u9ebc\u5473\u9053 \u9084\u6c92\u6709\u9644\u80e1\u6912\u7c89\u2026"
        },
        {
            "reply_id": "UgzUMZJ_7CVJOzXSfaR4AaABAg",
            "reply_content": "\u96d6\u7136\u641e\u932f\u4e86\u5929\u4e3c\u7684\u610f\u601d\uff0c\u4f46\u767c\u97f3\u662f\u6b63\u78ba\u7684\ud83d\ude02"
        },
        {
            "reply_id": "UgyE2QGVMCah-19VOHB4AaABAg",
            "reply_content": "\u817f\u6392\u5566"
        },
        {
            "reply_id": "UgzkYFhj1w_-Wq2BkOh4AaABAg",
            "reply_content": "\u8bf6\uff1f\u597d\u50cf\u5728\u5927\u9646\uff0c100\u7f8e\u91d1\u53ef\u4ee5\u4e70\u8bb8\u591a\u6c49\u5821\u4e4b\u7c7b\u7684\u4e1c\u897f\u4e86"
        }
    ]
}