{
    "video_info": {
        "id": "S15hB06h0bc",
        "channelTitle": "\u641e\u795e\u99ac",
        "title": "\u3010\u771f\u6750\u5be6\u6599\u3011\u771f\u3002\u9bdb\u9b5a\u71d2\uff5c\u6700\u6b63\u5b97\u53e3\u5473\u597d\u5403\u55ce\uff1f",
        "description": "\u4e0b\u8f09Surfshark VPN\uff1ahttps://surfshark.deals/ksmytstudio\n\u8f38\u5165\u6298\u6263\u78bc ksmytstudio \ud83d\ude02\n\n\u2764 \u6bcf\u5468\u4e09\u3001\u516d\u3001\u65e5\u90fd\u6709\u65b0\u5f71\u7247 !! \u5f9e\u4eca\u5929\u8d77\u958b\u59cb\u8a02\u95b1\u5427 !! \u2764\n\u52a0\u5165\u6703\u54e1\u2794https://www.youtube.com/channel/UCAsviiS5DE0pcuvxPRrrAzQ/join\n\u5728Facebook\u4e0a\u8ffd\u8e64\u6211\u5011 \u2794 https://www.facebook.com/ksmytstudio\n\u5728IG\u4e0a\u8ffd\u8e64\u6211\u5011 \u2794https://www.instagram.com/shenma_kingofcrap/\n\n\u2764\u5de5\u5546\u5408\u4f5c\u4fe1\u7bb1\uff1aksmytstudio@capsuleinc.cc\n\u2764\u8fa6\u6d3b\u52d5\u3001\u51fa\u5468\u908a\u3001\u806f\u540d\u5546\u54c1\u90fd\u6b61\u8fce\u627eCAPSULE\uff1a https://capsuleinc.co/\n\n\ud83c\udfac\u66f4\u591a\u5f71\u7247\ud83c\udfac\n\n\ud83c\udf54\u98df\u7269\u7cfb\u5217\ud83c\udf5f:https://goo.gl/fA7y1Z\n\ud83d\udca5\u65e5\u5e38\u7cfb\u5217\ud83d\udca5:https://goo.gl/qfbhyP\n\n\u4ee5\u4e0b\u662f\u6211\u5011\u7684\u4e3b\u983b\u9053\uff01\u6b61\u8fce\u4f86\u8a8d\u8b58\u6211\u5011\uff01\n\uff08\u9999\u6e2f\u4eba\uff09\u99ac\u7530\uff08\u5eda\u85dd\uff09\uff1ahttps://www.youtube.com/user/dimcookguide\n\uff08\u53f0\u7063\u4eba\uff09\u963f\u795e\uff08\u904a\u6232\uff09\uff1ahttps://www.youtube.com/user/charlie615119",
        "likeCount": "6518",
        "commentCount": "120",
        "viewCount": "233150"
    },
    "comments": [
        {
            "reply_id": "Ugyrj5JTStNJTpjjIGR4AaABAg",
            "reply_content": "\u53cb\u60c5\u63d0\u793a\n\u52a0\u51b0\u584a\u901a\u5e38\u662f\u5728\u88fd\u4f5c\u50cf\u662f\u505a\u9b5a\u4e38\u4e4b\u985e\u9700\u8981\u7528\u5230\u9b5a\u6f3f\u7684\u98df\u54c1\n\u70ba\u4e86\u8b93\u5176\u6eab\u5ea6\u4e0d\u8981\u4e00\u4e0b\u5b50\u5347\u9ad8\u800c\u8b93\u5176\u6c92\u6709\u53e3\u611f\n\u52a0\u51b0\u584a\u5f8c\u6703\u6bd4\u8f03\u6709\u52c1\u9053"
        },
        {
            "reply_id": "UgzN3syExPOEd5BycVd4AaABAg",
            "reply_content": "\u9019\u662f\u679c\u6c41\u6a5f\u5427\ud83d\ude02\n\u8981\u8655\u7406\u98df\u6750\u985e\u7684\u6700\u597d\u9084\u662f\u7528\u98df\u7269\u8abf\u7406\u6a5f\uff08\u6211\u8a18\u5f97\u6709\u4e00\u7a2e\u662f\u5c08\u9580\u8655\u7406\u98df\u6750\u985e\u7684\uff0c\u679c\u6c41\u6a5f\u57fa\u672c\u4e0a\u6c34\u90fd\u8981\u5920\u591a\u624d\u7d5e\u5f97\u52d5\uff09\u3002"
        },
        {
            "reply_id": "UgwaQ5lzMnH161gEDIB4AaABAg",
            "reply_content": "\u9a6c\u7530\u8bf4\u7684\u90a3\u4e2a\u5947\u6848\u662f\u771f\u7684\uff0c\u8fd8\u53ef\u4ee5\u4e0a\u7f51\u627e\u5230\u6709\u4eba\u89e3\u8bf4\u8fd9\u4e2a\u6848\u5b50"
        },
        {
            "reply_id": "UgzJB15J38mpTdt8ohh4AaABAg",
            "reply_content": "\u8d85\u611b\u4f60\u5011\u5006\u7684\u6b63\u7d93\u641e\u7b11\u642d\u914d\u2764\ud83c\udf89"
        },
        {
            "reply_id": "UgywpGMdnlZhwJ5hDZ54AaABAg",
            "reply_content": "\u70ba\u4ec0\u9ebc\u4e0d\u76f4\u63a5\u7528\u5200\u5b50\u5241\u5c31\u597d\u4e86"
        },
        {
            "reply_id": "UgxwK3fBH7maFfa8IwB4AaABAg",
            "reply_content": "\u60f3\u770b\u505a\u771f\u7684\u96d5\u9b5a\u71d2\uff01"
        },
        {
            "reply_id": "Ugwyl6f5cV03_kQ-oId4AaABAg",
            "reply_content": "\u53ef\u4ee5\u52a0\u86cb"
        },
        {
            "reply_id": "UgxlZcFk5I6iFHix0lZ4AaABAg",
            "reply_content": "\u7f85\u975e\u9b5a"
        },
        {
            "reply_id": "UgyA_0jnsDTxp8iaXCV4AaABAg",
            "reply_content": "\u7c89\u52a0\u932f\u4e86\u662f\u9eb5\u7c89\u4e0d\u662f\u6728\u85af\u7c89\uff08\u5730\u74dc\u7c89\uff09"
        },
        {
            "reply_id": "Ugx7chDJkpmr16ja25t4AaABAg",
            "reply_content": "\u641e\u795e\u99ac\u7684\u696d\u914d\u4f9d\u7136\u662f\u6211\u5c11\u6578\u6703\u9858\u610f\u770b\u5b8c\u7684\u5de5\u5546\u7247\u6bb5"
        },
        {
            "reply_id": "UgwzrWoIpx_nICLEitV4AaABAg",
            "reply_content": "\u90a3\u500b\u6771\u897f\u662f4\u500b\u4e00\u534a\u7684\u9b5a\u5408\u70ba\u5169\u500b\u7684\u5427"
        },
        {
            "reply_id": "UgzQ8dnRt4oawt9KArZ4AaABAg",
            "reply_content": "\u6211\u5230\u5e95\u770b\u4e86\u4ec0\u4e48"
        },
        {
            "reply_id": "UgyWrZglAyePlKueRh54AaABAg",
            "reply_content": "\u6211\u771f\u7684\u89ba\u5f97\uff0c\u61c9\u8a72\u8981\u62ff\u53bb\u716e\u706b\u934b\uff0c\u7136\u5f8c\u5403\u5225\u7684\u6599\ud83d\ude02"
        },
        {
            "reply_id": "Ugy_Q-ZhZc_fxqNfiw54AaABAg",
            "reply_content": "\u5f8c\u88fd\u7684\u79d1\u666e\u771f\u7684\u5f88\u597d\uff0c\u6709\u88dc\u5145\u5230\u5c0f\u77e5\u8b58\uff0c\u8b9a\ud83d\udc4d"
        },
        {
            "reply_id": "UgwIgTWPgs3zt6bdbLZ4AaABAg",
            "reply_content": "\u5176\u5be6\u9b5a\u8089\u9000\u51b0\u5f8c\u5207\u584a\uff0c\u88dd\u888b\uff0c\u588a\u584a\u5e03\uff0c\u6572\u6253\u624d\u80fd\u6253\u51fa\u9b5a\u6f3f\u518d\u8abf\u5473\uff0c\u61c9\u8a72\u6bd4\u8f03\u6210\u529f\u3002"
        },
        {
            "reply_id": "UgyMcC0G8bs5fRFQ7-t4AaABAg",
            "reply_content": "\u662f\u4e0d\u662f\u7528\u98df\u7269\u6599\u7406\u6a5f\u624d\u53ef\u4ee5\u652a\u52d5\uff0c\u5200\u7247\u7684\u9ad8\u5ea6\u597d\u50cf\u662f\u4e0d\u540c\u3002"
        },
        {
            "reply_id": "Ugxwx99igcXDDk6dmUJ4AaABAg",
            "reply_content": "\u795e\u99ac\u4e4b\u5f8c\u6703\u51fa\u53bb\u8d70\u8d70\u55ce\uff1f\u53bb\u8857\u4e0a\u62cd\u7247\u611f\u89ba\u5f88\u597d\u73a9!"
        },
        {
            "reply_id": "UgztZxXAUa4qK8iHe614AaABAg",
            "reply_content": "\u6709\u7a2e\u6771\u897f\u53eb\u9b5a\u677f\ud83e\udd23"
        },
        {
            "reply_id": "UgxdQsqQn_7ahab2fMF4AaABAg",
            "reply_content": "\u611f\u89ba\u4f60\u5011\u9700\u8981\u7684\u662f\u652a\u62cc\u6a5f\uff08\u4e00\u6a5f\u4e09\u7528\u7684\u90a3\u7a2e"
        },
        {
            "reply_id": "UgzepnXpGpKw65JN8gt4AaABAg",
            "reply_content": "\u662f\u56e0\u70ba\u7528\u6728\u85af\u7c89\u7684\u554f\u984c\u5427"
        }
    ]
}