{
    "video_info": {
        "id": "SmliN-xhLJg",
        "channelTitle": "\u641e\u795e\u99ac",
        "title": "\u3010\u5947\u602a\u7f50\u982d\u3011\u6cd5\u570b\u9b5avs\u9ad8\u96c4\u7ca5\uff01\u6700\u597d\u5403\u7adf\u7136\u662f\u8c46\u8150\uff1f",
        "description": "\u9ad8\u96c4\u990a\u77f3\u6591\u9b5a\u7684\u9109\u89aa\u5011\u7ad9\u8d77\u4f86 !!\n\u6b61\u8fce\u5927\u5bb6\u63a8\u85a6\u5404\u7a2e\u7a00\u6709\u7684\u7f50\u982d~\n\u4e0d\u63a5\u53d7\u9be1\u9b5a\u8ddf\u8836\u86f9\u7f50\u982d XD\n\n\u2764 \u6bcf\u5468\u4e09\u3001\u516d\u3001\u65e5\u90fd\u6709\u65b0\u5f71\u7247 !! \u5f9e\u4eca\u5929\u8d77\u958b\u59cb\u8a02\u95b1\u5427 !! \u2764\n\u52a0\u5165\u6703\u54e1\u2794https://www.youtube.com/channel/UCAsviiS5DE0pcuvxPRrrAzQ/join\n\u5728Facebook\u4e0a\u8ffd\u8e64\u6211\u5011 \u2794 https://www.facebook.com/ksmytstudio\n\u5728IG\u4e0a\u8ffd\u8e64\u6211\u5011 \u2794https://www.instagram.com/shenma_kingofcrap/\n\n\u2764\u5de5\u5546\u5408\u4f5c\u4fe1\u7bb1\uff1aksmytstudio@capsuleinc.cc\n\u2764\u60f3\u6210\u70ba\u4e0b\u4e00\u500b\u9802\u5c16 YouTube \u5275\u4f5c\u8005\u55ce\uff1f\u53ea\u8981\u60a8\u6709 YouTube \u983b\u9053\uff0c\u3010CAPSULE Academy\u3011 \u6b61\u8fce\u60a8\u7684\u52a0\u5165\u2764\n\u2192 http://bit.ly/2RtgPUv\n\n\ud83c\udfac\u66f4\u591a\u5f71\u7247\ud83c\udfac\n\n\ud83c\udf54\u98df\u7269\u7cfb\u5217\ud83c\udf5f:https://goo.gl/fA7y1Z\n\ud83d\udca5\u65e5\u5e38\u7cfb\u5217\ud83d\udca5:https://goo.gl/qfbhyP\n\n\u4ee5\u4e0b\u662f\u6211\u5011\u7684\u4e3b\u983b\u9053\uff01\u6b61\u8fce\u4f86\u8a8d\u8b58\u6211\u5011\uff01\n\uff08\u9999\u6e2f\u4eba\uff09\u99ac\u7530\uff08\u5eda\u85dd\uff09\uff1ahttps://www.youtube.com/user/dimcookguide\n\uff08\u53f0\u7063\u4eba\uff09\u963f\u795e\uff08\u904a\u6232\uff09\uff1ahttps://www.youtube.com/user/charlie615119",
        "likeCount": "8315",
        "commentCount": "184",
        "viewCount": "244073"
    },
    "comments": [
        {
            "reply_id": "UgxBUJN5ebgCzVcODBl4AaABAg",
            "reply_content": "\u8acb\u63a8\u85a6\u5947\u5999\u51b7\u9580\u7684\u6771\u897f\u958b\u7bb1\uff01\n\u4f46\u4e0d\u63a5\u53d7\u87ec\u86f9\u8ddf\u9be1\u9b5a\u7f50\u982d\ud83d\ude02"
        },
        {
            "reply_id": "Ugx9xcsU2A0LDW0TD-p4AaABAg",
            "reply_content": "\u88ab\u90a3\u500bcoco\u7684\u5716\u9a19\u904e\u8cb7\u4e86\u4e00\u6b21 \u5012\u51fa\u4f86\u770b\u8d77\u4f86\u6709\u5920\u50cf\u5674\u4e00\u6a23"
        },
        {
            "reply_id": "UgzxaYwG1Hvt4QS2V-R4AaABAg",
            "reply_content": "\u5149\u662f\u500b\u64fa\u76e4\u80fd\u628a\u6211\u7b11\u6b7b\ud83d\ude02\ud83d\ude02"
        },
        {
            "reply_id": "UgxKQ4Rc6lG_r2CixUB4AaABAg",
            "reply_content": "\u6c92\u60f3\u5230\u53f0\u7063\u9084\u6709\u9019\u9ebc\u591a\u7a2e\u7f50\u982d\u98df\u54c1\u554a\ud83d\ude2e\u79fb\u6c11\u5230\u570b\u5916\u591a\u5e74\u7684\u6211\u771f\u8b93\u6211\u8d85\u9a5a\u8c54\ud83d\ude32"
        },
        {
            "reply_id": "UgxX1TaLULVG73HyqKl4AaABAg",
            "reply_content": "\u641e\u795e\u99ac\u6703\u51fa\u5916\u666f\u55ce?"
        },
        {
            "reply_id": "Ugyz4n2uFeLjwqPzYhN4AaABAg",
            "reply_content": "\u9ebb\u5a46\u8c46\u8150\u4e0d\u662f\u56db\u5ddd\u6599\u7406\u5417"
        },
        {
            "reply_id": "UgxfOAkkb18mIFkAeKx4AaABAg",
            "reply_content": "\u8671\u76ee\u9b5a\u7ca5\u6210\u5206\u53ea\u6709 \u7c73 \u8591 \u9b5a \u6c34 \u96e3\u602a\u4e0d\u597d\u5403\u6c92\u6709\u653e\u9e7d\u600e\u9ebc\u6703\u597d\u5403\ud83d\ude02"
        },
        {
            "reply_id": "UgzmfwHeTkzdIXHlbHp4AaABAg",
            "reply_content": "\u6211\u89ba\u5f97\u61c9\u8a72\u52a0\u71b1\u5403\u6703\u6bd4\u8f03\u597dxd\u6709\u52a0\u71b1\u5473\u9053\u6709\u5dee"
        },
        {
            "reply_id": "Ugw5f5yyiiNjEvocIop4AaABAg",
            "reply_content": "\u9ebb\u5a46\u8c46\u8150\u8d85\u597d\u5403\ud83d\ude0b"
        },
        {
            "reply_id": "UgzQzHYjObXv_lsY0MV4AaABAg",
            "reply_content": "\u963f\u795e\u4f60\u8981\u4e0d\u8981\u958b\u4e00\u5bb6\u6cd5\u5f0f\u9910\u5ef3\uff0c\u9019\u6a23\u64fa\u76e4\ud83d\ude02"
        },
        {
            "reply_id": "UgyU6ml5Le11Nvvb8JN4AaABAg",
            "reply_content": "\\\u60f3\u770b\u6771\u5357\u4e9e\u5546\u5e97\u7684\u5404\u985e\u7f50\u982d\u958b\u7bb1/"
        },
        {
            "reply_id": "Ugx1OQMenGmd3u3yuBR4AaABAg",
            "reply_content": "\u7f50\u5934\u53ef\u4ee5\u51b0\u6dc7\u6dcb\u5417\uff1f"
        },
        {
            "reply_id": "Ugy5nwsAoATW-dN4Ko94AaABAg",
            "reply_content": "\u963f\u795e\u4e00\u62cd\u5728\u99ac\u7530\u65c1\u5c31\u89ba\u5f97\u76ae\u819a\u8d85\u767d\u7684\uff0c\u6bd4\u5973\u751f\u9084\u767d\u7684\u611f\u89ba\u3002"
        },
        {
            "reply_id": "Ugzm3ySVjlSlF8It7hR4AaABAg",
            "reply_content": "5:04 \u9ebb\u5a46\u8c46\u8150\u5403\u7684\u662f\u56de\u61b6\ud83e\udd79\u73fe\u5728\u7684\u662f\u5fa9\u523b\u7248 \u4ee5\u524d\u7684\u662f\u6241\u4e00\u9ede\u7684\u7f50\u982d \u5c0f\u6642\u5019\u8d85\u611b\u5403"
        },
        {
            "reply_id": "Ugy36wf98OWYPpvsxnB4AaABAg",
            "reply_content": "\u4e16\u754c\u4e4b\u8b0e\uff1a\u9b5a\u662f\u7a2e\u5728\u571f\u88e1\u9084\u662f\u9577\u5728\u6a39\u4e0a\ud83d\ude02"
        },
        {
            "reply_id": "Ugw-2q7TcMtNy_A456N4AaABAg",
            "reply_content": "\u5496\u54e9\u8c46\u8150\u7684\u597d\u5403\uff01"
        },
        {
            "reply_id": "UgxtPVUmIAomL4uCgYx4AaABAg",
            "reply_content": "\u7b11\u770b\u5fcd\u7b11\u5927\u4f5c\u6230\uff01"
        },
        {
            "reply_id": "Ugw4K1SVYkFPxiherqN4AaABAg",
            "reply_content": "\u611b\u4e4b\u5473\u9ebb\u5a46\u8c46\u8150\u8ddf\u5496\u55b1\u8c46\u8150\u52a0\u71b1\u5f8c\u66f4\u597d\u5403\ud83d\ude0a"
        },
        {
            "reply_id": "UgxqlZsOODgfxqK-sX14AaABAg",
            "reply_content": "\u6572\u7897\u9be1\u9b5a\u7f50\u982d\n\u6709\u6b63\u78ba\u958b\u6cd5\u548c\u6b63\u78ba\u98df\u7528\u65b9\u6cd5"
        },
        {
            "reply_id": "UgyjFgA6ZttU7Ny-0D14AaABAg",
            "reply_content": "\u6572\u7897\u9be1\u9b5a\u7f50\u982d(X\n\u4eca\u5929\u7684\u641e\u795e\u99ac\u5718\u968a\u4f9d\u820a\u53ef\u611b\u2665\ufe0f\n\u526a\u8f2f\u5c4d\u4f9d\u7136\u8aa0\u5fb5\u65b0\u526a\u8f2f\u5c4d\ud83e\udd23\u5225\u5566\uff0c\u6709\u526a\u8f2f\u5c4d\u7684\u641e\u795e\u99ac\u624d\u662f\u641e\u795e\u99ac\u554a\ud83e\udd70"
        }
    ]
}