{
    "video_info": {
        "id": "SnaIXDOl8_I",
        "channelTitle": "\u641e\u795e\u99ac",
        "title": "\u3010\u958b\u7bb1\u8a66\u5403\u3011\u9ebb\u8fa3\u9d28\u88405\u6b3e\ud83d\udd25line\u660e\u661f&\u6e2f\u661f\u53c3\u6230\uff5c\u6703\u8fa3\u5230\u80c3\u75db\u55ce",
        "description": "\u2764 \u6bcf\u5468\u4e09\u3001\u516d\u3001\u65e5\u90fd\u6709\u65b0\u5f71\u7247 !! \u5f9e\u4eca\u5929\u8d77\u958b\u59cb\u8a02\u95b1\u5427 !! \u2764\n\u52a0\u5165\u6703\u54e1\u2794https://www.youtube.com/channel/UCAsviiS5DE0pcuvxPRrrAzQ/join\n\u5728Facebook\u4e0a\u8ffd\u8e64\u6211\u5011 \u2794 https://www.facebook.com/ksmytstudio\n\u5728IG\u4e0a\u8ffd\u8e64\u6211\u5011 \u2794https://www.instagram.com/shenma_kingofcrap/\n\n\u2764\u5de5\u5546\u5408\u4f5c\u4fe1\u7bb1\uff1aksmytstudio@capsuleinc.cc\n\u2764\u8fa6\u6d3b\u52d5\u3001\u51fa\u5468\u908a\u3001\u806f\u540d\u5546\u54c1\u90fd\u6b61\u8fce\u627eCAPSULE\uff1a https://capsuleinc.co/\n\n\ud83c\udfac\u66f4\u591a\u5f71\u7247\ud83c\udfac\n\n\ud83c\udf54\u98df\u7269\u7cfb\u5217\ud83c\udf5f:https://goo.gl/fA7y1Z\n\ud83d\udca5\u65e5\u5e38\u7cfb\u5217\ud83d\udca5:https://goo.gl/qfbhyP\n\n\u4ee5\u4e0b\u662f\u6211\u5011\u7684\u4e3b\u983b\u9053\uff01\u6b61\u8fce\u4f86\u8a8d\u8b58\u6211\u5011\uff01\n\uff08\u9999\u6e2f\u4eba\uff09\u99ac\u7530\uff08\u5eda\u85dd\uff09\uff1ahttps://www.youtube.com/user/dimcookguide\n\uff08\u53f0\u7063\u4eba\uff09\u963f\u795e\uff08\u904a\u6232\uff09\uff1ahttps://www.youtube.com/user/charlie615119",
        "likeCount": "4980",
        "commentCount": "149",
        "viewCount": "161882"
    },
    "comments": [
        {
            "reply_id": "Ugyf1gUTla_r9PRNDLt4AaABAg",
            "reply_content": "\u56e0\u70ba\u5c0f\u675c\u4ee5\u524d\u8dd1\u8def\u904e\u53f0\u7063\u4e86\ud83e\udd23"
        },
        {
            "reply_id": "Ugy_e4jvEZQO30I3BwR4AaABAg",
            "reply_content": "\u9019\u500b\u53ef\u4ee5\u51b0\u6dc7\u6dcb\ud83d\ude02"
        },
        {
            "reply_id": "Ugzx_--eO7EyoyWU4P14AaABAg",
            "reply_content": "\u6709\u6ca1\u6709\u4e00\u79cd\u53ef\u80fd\u4ed6\u4e0d\u7528\u5f00\u5c01\u76f4\u63a5\u653e\u6c34\u91cc\u716e\u719f\u4e86\u518d\u6253\u5f00"
        },
        {
            "reply_id": "UgwQcIgSdbHIeKXGX0N4AaABAg",
            "reply_content": "\u9d28\u8840\u9084\u662f\u9f0e\u738b\u597d\u5403  \u53ef\u4ee5\u4e00\u76f4\u7e8c \u9d28\u8840\u8c46\u8150"
        },
        {
            "reply_id": "Ugwlu7d6_vajLn56aHh4AaABAg",
            "reply_content": "\u6211\u559c\u6b61\u548c\u79cb\u7684\u9d28\u8840\ud83d\ude02"
        },
        {
            "reply_id": "Ugxi08VXVrzUSXocccZ4AaABAg",
            "reply_content": "\u611f\u89ba\u4e0d\u932f\u5403"
        },
        {
            "reply_id": "UgwF0ByZy-MqOhcvsNN4AaABAg",
            "reply_content": "\u4e0d\u53ef\u4ee5\u6b3a\u8ca0\u718a\u5927"
        },
        {
            "reply_id": "Ugym5aUI8uwtoxYA0Dt4AaABAg",
            "reply_content": "\u53ef\u60dc\u6c92\u6709\u8b93\u963f\u795e\u8fa3\u54ed\ud83d\ude02\n\u7136\u5f8c\u5e0c\u671b\u660e\u5e74\u53ef\u4ee5\u770b\u5230\u795e\u99ac\u4e0a\u8d70\u9418\u734e\n\n\u53ef\u4ee5\u53bb\u5403\u9ea5\u7576\u52de\u7684\u5927\u7d05\u888d\u70b8\u96de \u7576\u6642\u4ee3\u5c3e\u7aef\u7684\u7537\u4eba\uff01"
        },
        {
            "reply_id": "Ugx27jpFe03P-wov2uR4AaABAg",
            "reply_content": "\u91d1\u7537\u723d"
        },
        {
            "reply_id": "Ugyekf32adgXb-Tyeg54AaABAg",
            "reply_content": "\u641e\u795e\u99ac\u4e4b\u5f8c\u9084\u6703\u66f4\u65b0\u55ce\uff1f"
        },
        {
            "reply_id": "UgyOYsnDJC_KUM1OIbN4AaABAg",
            "reply_content": "\u9ebb\u8fa3\u9d28\u8840\u8d85\u597d\u5403\u7684\ud83d\ude2e \u6211\u60f3\u5403\u5c0f\u8fa3 \u914d\u98ef\u5403\u6bd4\u8f03\u597d"
        },
        {
            "reply_id": "UgwEXuuL94VJqm6ki7N4AaABAg",
            "reply_content": "\u99ac\u7530\u8d8a\u770b\u8d8a\u5e25 \u6bcf\u6b21\u6599\u7406\u963f\u795e\u5728\u4e00\u908a\u505a\u7684\u6642\u5019\u99ac\u7530\u90fd\u597d\u50cf\u5728\u5e36\u5c0f\u5b69XD\n\u559c\u6b61\u4f60\u5011\u5169\u500b\u7684\u4e92\u52d5"
        },
        {
            "reply_id": "UgzH3VekkvqSyP-uQiV4AaABAg",
            "reply_content": "\u665a\u4e0a\u770b\u809a\u5b50\u9913\u4e86\ud83d\ude02"
        },
        {
            "reply_id": "Ugx1TYL-Ebw6knnWQKJ4AaABAg",
            "reply_content": "\u6211\u9084\u662f\u89ba\u5f97\u6587\u6e6f\u6b66\u91ac\u9d28\u8840\u597d\u5403\ud83d\ude0b"
        },
        {
            "reply_id": "Ugw4Ss5eunqRrTDQYrR4AaABAg",
            "reply_content": "\u99ac\u8e22\u516b\u6210\u8981\u78ba\u8a3a\u4e86\uff01"
        },
        {
            "reply_id": "UgwvZogWYTr__xI9AdV4AaABAg",
            "reply_content": "\u963f\u795e\u4f60\u4e0d\u662f\u8981\u505c\u66f4\u4e86\u55ce"
        },
        {
            "reply_id": "Ugy2XmYgrIiVgKL6Pjx4AaABAg",
            "reply_content": "\u54ea\u7a2e\u54ac\u4e0d\u65b7\u7684\u662f\u79d1\u6280\u5f88\u6d3b\u4e00\u5f04\u5c31\u662f\u8106\u7684\u662f\u6bd4\u8f03\u5929\u7136"
        },
        {
            "reply_id": "UgzyXiTedYmiCsFS5ap4AaABAg",
            "reply_content": "\u7eaa\u5ff5\u963f\u795e\ud83d\ude22"
        },
        {
            "reply_id": "Ugw34jtreFvweb1OTqV4AaABAg",
            "reply_content": "\u770b\u4e86\u8d85\u60f3\u8cb7\u4f86\u5403\u5403\u770b!"
        },
        {
            "reply_id": "UgwbzXAg7r_jmaQgClp4AaABAg",
            "reply_content": "\u770b\u4f60\u5011\u8a66\u5403\u770b\u5230\u809a\u5b50\u9913\u4e86\u2026\u2026"
        }
    ]
}