{
    "video_info": {
        "id": "SrLQsNIKSNk",
        "channelTitle": "\u641e\u795e\u99ac",
        "title": "\u3010\u5de8\u5927\u5316\u707d\u96e3\u30111\u516c\u65a4\u9ad8\u7d1a\u91d1\u714c\u8292\u679cx\u9577\u6d32\u7cef\u7c73\u7ccd\ud83e\udd6d\u9ebb\u7cec\uff5c\ud83d\udd25\u7206\u767c\u53f2\u4e0a\u5927\u5931\u6557\uff1f",
        "description": "\u3010\u8ca9\u552e\u671f\u9593\uff1a2023/8/23-9/30\u3011\n\u641e\u795e\u99ac\u591a\u5143\u5b87\u5b99\u70e4\u8089\u5957\u7d44\uff1ahttps://lihi2.com/c5h84\n\u9999\u6e2f\u7684\u5b87\u5b99\u9019\u908a\u8d70\uff1ahttps://www.meatnpot.com/\n\n\ud83d\udd25\u53f0\u7063\u5957\u7d44\u7684\u51fa\u8ca8\u898f\u5247\ud83d\udd25\n- 9/21\u524d\u4e0b\u55ae\u4ed8\u6b3e\u5b8c\u6210\uff0c\u53ef\u5728\u4e2d\u79cb\u524d\u6536\u5230\n- 9/21\u5f8c\u4e0b\u55ae\u4ed8\u6b3e\u5b8c\u6210\u6703\u4f9d\u5e8f\u8a02\u55ae\u5b89\u6392\u51fa\u8ca8\uff0c\u4e2d\u79cb\u570b\u5b9a\u5047\u65e5\u53ca\u5047\u65e5\u9806\u5ef6\u81f3\u4e0a\u73ed\u65e5\u51fa\u8ca8\n\n\n\u2764 \u6bcf\u5468\u4e09\u3001\u516d\u3001\u65e5\u90fd\u6709\u65b0\u5f71\u7247 !! \u5f9e\u4eca\u5929\u8d77\u958b\u59cb\u8a02\u95b1\u5427 !! \u2764\n\u52a0\u5165\u6703\u54e1\u2794https://www.youtube.com/channel/UCAsviiS5DE0pcuvxPRrrAzQ/join\n\u5728Facebook\u4e0a\u8ffd\u8e64\u6211\u5011 \u2794 https://www.facebook.com/ksmytstudio\n\u5728IG\u4e0a\u8ffd\u8e64\u6211\u5011 \u2794https://www.instagram.com/shenma_kingofcrap/\n\n\u2764\u5de5\u5546\u5408\u4f5c\u4fe1\u7bb1\uff1aksmytstudio@capsuleinc.cc\n\u2764\u8fa6\u6d3b\u52d5\u3001\u51fa\u5468\u908a\u3001\u806f\u540d\u5546\u54c1\u90fd\u6b61\u8fce\u627eCAPSULE\uff1a https://capsuleinc.co/\n\n\ud83c\udfac\u66f4\u591a\u5f71\u7247\ud83c\udfac\n\n\ud83c\udf54\u98df\u7269\u7cfb\u5217\ud83c\udf5f:https://goo.gl/fA7y1Z\n\ud83d\udca5\u65e5\u5e38\u7cfb\u5217\ud83d\udca5:https://goo.gl/qfbhyP\n\n\u4ee5\u4e0b\u662f\u6211\u5011\u7684\u4e3b\u983b\u9053\uff01\u6b61\u8fce\u4f86\u8a8d\u8b58\u6211\u5011\uff01\n\uff08\u9999\u6e2f\u4eba\uff09\u99ac\u7530\uff08\u5eda\u85dd\uff09\uff1ahttps://www.youtube.com/user/dimcookguide\n\uff08\u53f0\u7063\u4eba\uff09\u963f\u795e\uff08\u904a\u6232\uff09\uff1ahttps://www.youtube.com/user/charlie615119",
        "likeCount": "6790",
        "commentCount": "277",
        "viewCount": "204364"
    },
    "comments": [
        {
            "reply_id": "UgyOxjCs6Op1ptvL8Ml4AaABAg",
            "reply_content": "\u6f80\u6f80\u662f\u56e0\u70ba\u4f60\u5011\u8292\u679c\u76ae\u6c92\u524a\u4e7e\u6de8\u3002\n\u70ba\u4ec0\u9ebc\u8292\u679c\u505a\u751c\u9ede\u4e0d\u5148\u53bb\u5b50\u5462\uff1f\u5c31\u6703\u4e8b\u5148\u767c\u73fe\u7a2e\u5b50\u58de\u4e86\u3002\uff08\u6216\u662f\u767c\u82bd\u4e86\uff1f"
        },
        {
            "reply_id": "UgwG2EksxOCOnCW3tmx4AaABAg",
            "reply_content": "\u5f80\u597d\u8655\u60f3\uff0c\u81f3\u5c11\u9019\u6b21\u5931\u6557\u8ddf\u694a_\u98df\u8b5c\u7db2\u548c\u795e\u99ac\u7684\u88fd\u4f5c\u6d41\u7a0b\u6c92\u6709\u95dc\u4fc2\ud83d\ude02"
        },
        {
            "reply_id": "UgxEDqtiHlVEcQ6Juup4AaABAg",
            "reply_content": "\u641e\u795e\u99ac\u4e0d\u7ba1\u4e3b\u984c\u6709\u591a\u7121\u804a\u6211\u90fd\u89ba\u5f97\u5f88\u597d\u770b\uff0c\u56e0\u70ba\u5f88\u559c\u6b61\u9019\u5169\u500b\u4eba\u6240\u4ee5\u4e0d\u7ba1\u62cd\u4ec0\u9ebc\u90fd\u5f88\u597d\u770b\u559d\u559d\uff0c\u6240\u4ee5\u4e5f\u8acb\u4f60\u5011\u7e7c\u7e8c\u7d93\u71df\u4e0b\u53bb~~\uff01\uff01"
        },
        {
            "reply_id": "UgyhCiMeSt3SPBZvd4J4AaABAg",
            "reply_content": "\u7b11\u6b7b\u6211\u4e86 \u641e\u795e\u99ac\u9023\u8cb7\u500b\u6771\u897f\u90fd\u53ef\u4ee5\u662f\u6548\u679c\ud83d\ude02"
        },
        {
            "reply_id": "Ugyh-OJiYNVeGXojx2d4AaABAg",
            "reply_content": "\u7cef\u7c73\u7ccd\u76ae\u52a0\u5572\u6930\u5976\u6703\u597d\u98df\u5572"
        },
        {
            "reply_id": "UgyZdtDzow12hhmx-QR4AaABAg",
            "reply_content": "\u53ef\u60dc\u5f69\u86cb\u6c92\u6709\u6700\u5f8c\u9000\u8cbb\u7684\u756b\u9762\ud83e\udd23"
        },
        {
            "reply_id": "Ugyjt6RSs5uP4O9qN2F4AaABAg",
            "reply_content": "\u6f80\u7684\u5473\u9053\u61c9\u8a72\u662f\u63a5\u8fd1\u8292\u679c\u982d\u7684\u90e8\u5206\uff0c\u56e0\u70ba\u721b\u6389\u7684\u90e8\u4efd\u662f\u5c3e\u5df4\uff0c\u4e0d\u904e\u4f60\u5011\u9084\u662f\u8981\u5c0f\u5fc3\uff0c\u56e0\u70ba\u7d30\u83cc\u6703\u4fb5\u8755\u8292\u679c\u5f8c\u624d\u6703\u958b\u59cb\u721b\uff0c\u5efa\u8b70\u53bb\u770b\u91ab\u751f\u5148"
        },
        {
            "reply_id": "Ugxy81ypPTwqyOGIwwV4AaABAg",
            "reply_content": "\u5e0c\u671b\u4e8c\u4f4d\u8178\u80c3\u5065\u5eb7"
        },
        {
            "reply_id": "Ugy3rdvnfa115_8SAsx4AaABAg",
            "reply_content": "\u4e0d\u53bb\u6838\u7684\u8292\u679c\u8ab0\u8981\u5403\ud83d\ude05"
        },
        {
            "reply_id": "UgwHF6IjmaXB8rW6Cnp4AaABAg",
            "reply_content": "\u99ac\u7530\u5cf6\u4e2d\u9593\u7684\u5cf6\u53eb\u5361\u7532\u5e03\u91cc\u5cf6\ud83d\ude02\ud83d\ude02\ud83d\ude02"
        },
        {
            "reply_id": "UgxoyYLhtxTM27cJSwl4AaABAg",
            "reply_content": "\u963f\u795e\uff0c\u9a6c\u7530\uff0c\u6c34\u679c\u70c2\u4e86\u4e0d\u80fd\u5403\u554a\uff0c\u53ea\u8981\u4e00\u4e2a\u90e8\u5206\u70c2\u4e86\u6574\u4e2a\u6c34\u679c\u5c31\u4f1a\u88ab\u611f\u67d3\u4e86\uff0c\u5982\u679c\u8eab\u4f53\u4e0d\u8212\u670d\u7684\u8bdd\u8bb0\u5f97\u53bb\u770b\u533b\u751f"
        },
        {
            "reply_id": "UgzdjJszWO1k1WWhF1F4AaABAg",
            "reply_content": "\u963f\u578b\u7684\u624b\u8ddf\u8173\u4e00\u6a23"
        },
        {
            "reply_id": "Ugy24dnIMCO3rykV60l4AaABAg",
            "reply_content": "\u611b\u6587\u6bd4\u8f03\u597d\u5403"
        },
        {
            "reply_id": "UgwH8mf0aJhVGONzYv94AaABAg",
            "reply_content": "\u592a\u719f\u6240\u4ee5\u721b\u6389\ud83e\udd23\u4f60\u54cb\u771f\u4fc2\u597d\u9b3c\u597d\u7b11 \u9802"
        },
        {
            "reply_id": "UgxL2Yxh7_B_95h5CM94AaABAg",
            "reply_content": "\u53f3\u624b\u7b11\u6b7b\ud83d\ude02"
        },
        {
            "reply_id": "UgyRHte8UG5TyCavoLd4AaABAg",
            "reply_content": "\u539f\u4f86\u9ebb\u7cec\u570b\u8a9e\u662f\u9019\u6a23\u8b80\u7684\uff01\u4e00\u76f4\u4ee5\u70ba\u8b80\u201c\u99ac\u6025\u201d"
        },
        {
            "reply_id": "Ugzdqt4Hojn65h4SSax4AaABAg",
            "reply_content": "\u963f\u795e\u9019\u500b\u5e73\u9053\u6703\u505c\u8ddf\u55ce"
        },
        {
            "reply_id": "UgygqpwQtQneo6qDbkt4AaABAg",
            "reply_content": "\u9019\u5c31\u662f\u70ba\u4ec0\u9ebc\u963f\u795e\u4e3b\u983b\u9053\u505c\u66f4\u55ce\uff08\u8aa4"
        },
        {
            "reply_id": "UgydBCODW0kLC6x4TXp4AaABAg",
            "reply_content": "\u60f3\u770b\u4fbf\u5229\u5546\u5e97\u5564\u9152\u8a66\u559d"
        },
        {
            "reply_id": "UgwzE_arDCRQ1_EgU254AaABAg",
            "reply_content": "\u795e\u54e5\u54e5\u641e\u795e\u99ac\u6703\u4e0d\u6703\u6c38\u4e45\u505c\u66f4\ud83d\ude22\u5982\u679c\u6703\ud83d\ude22\u99ac\u7530\u53d4\u53d4\u600e\u9ebc\u8fa8\ud83e\udd79\ud83d\ude22\ud83d\ude2d"
        }
    ]
}