{
    "video_info": {
        "id": "t9IS8yI46QU",
        "channelTitle": "\u641e\u795e\u99ac",
        "title": "\u3010\u6eab\u5ea6\u8207\u58d3\u529b\u3011\u53e4\u65e9\u7206\u7c73\u82b1\u5927\u70ae\u958b\u7bb1\uff5c\u771f\u7537\u4eba\u5c31\u8981\u7206\u70b8",
        "description": "\u2764 \u6bcf\u5468\u4e09\u3001\u516d\u3001\u65e5\u90fd\u6709\u65b0\u5f71\u7247 !! \u5f9e\u4eca\u5929\u8d77\u958b\u59cb\u8a02\u95b1\u5427 !! \u2764\n\u52a0\u5165\u6703\u54e1\u2794https://www.youtube.com/channel/UCAsviiS5DE0pcuvxPRrrAzQ/join\n\u5728Facebook\u4e0a\u8ffd\u8e64\u6211\u5011 \u2794 https://www.facebook.com/ksmytstudio\n\u5728IG\u4e0a\u8ffd\u8e64\u6211\u5011 \u2794https://www.instagram.com/shenma_kingofcrap/\n\n\u2764\u5de5\u5546\u5408\u4f5c\u4fe1\u7bb1\uff1aksmytstudio@capsuleinc.cc\n\u2764\u8fa6\u6d3b\u52d5\u3001\u51fa\u5468\u908a\u3001\u806f\u540d\u5546\u54c1\u90fd\u6b61\u8fce\u627eCAPSULE\uff1a https://capsuleinc.co/\n\n\ud83c\udfac\u66f4\u591a\u5f71\u7247\ud83c\udfac\n\n\ud83c\udf54\u98df\u7269\u7cfb\u5217\ud83c\udf5f:https://goo.gl/fA7y1Z\n\ud83d\udca5\u65e5\u5e38\u7cfb\u5217\ud83d\udca5:https://goo.gl/qfbhyP\n\n\u4ee5\u4e0b\u662f\u6211\u5011\u7684\u4e3b\u983b\u9053\uff01\u6b61\u8fce\u4f86\u8a8d\u8b58\u6211\u5011\uff01\n\uff08\u9999\u6e2f\u4eba\uff09\u99ac\u7530\uff08\u5eda\u85dd\uff09\uff1ahttps://www.youtube.com/user/dimcookguide\n\uff08\u53f0\u7063\u4eba\uff09\u963f\u795e\uff08\u904a\u6232\uff09\uff1ahttps://www.youtube.com/user/charlie615119",
        "likeCount": "6987",
        "commentCount": "169",
        "viewCount": "274108"
    },
    "comments": [
        {
            "reply_id": "UgwKH4siRO2QrI-ECQ94AaABAg",
            "reply_content": "\u958b\u982d\u4e0d\u6703\u8b93\u4eba\u5931\u671b"
        },
        {
            "reply_id": "UgybptoyDwhD4BPQmtR4AaABAg",
            "reply_content": "\u99ac\u7530\u53d4\u53d4\u8b1b\u8a71\u771f\u5e7d\u9ed8\ud83d\ude02"
        },
        {
            "reply_id": "UgxahB-muTdtcxd8sFd4AaABAg",
            "reply_content": "\u7206\u500b\u7206\u7c73\u82b1\u4e5f\u53ef\u4ee5\u6eff\u6eff\u738b\u660c \u4e0d\u6127\u662f\u795e\u99ac\ud83d\udc4f\ud83c\udffb\ud83d\ude06"
        },
        {
            "reply_id": "Ugy8y2fwGLXJtdk1r8R4AaABAg",
            "reply_content": "\u7206\u7c73\u82b1\u53ef\u4ee5\u51b0\u6dc7\u6dcb\u55ce?"
        },
        {
            "reply_id": "Ugxm43S8eqT6D1BxS5F4AaABAg",
            "reply_content": "\u738b\u660c\u662f\u4ec0\u9ebc"
        },
        {
            "reply_id": "Ugzxg-r7RRrS0F5biml4AaABAg",
            "reply_content": "\u597d\u50cf\u8a18\u5f97\u67d0\u500b\u4eba\u5728\u70b8\u9b91\u9b5a\u7684"
        },
        {
            "reply_id": "UgzgBGfMT53Nb54NQxF4AaABAg",
            "reply_content": "\u8fd9\u4e2a\u4e1c\u897f\u53eb\u7c73\u82b1"
        },
        {
            "reply_id": "UgzPkHhqSRP3WQ89eXV4AaABAg",
            "reply_content": "\u662f\u6bd4\u8f03\u5e25\u7684"
        },
        {
            "reply_id": "Ugy5K6asSUkrcvRHFY94AaABAg",
            "reply_content": "\u55ae\u624b\u6253\u706b\u6a5f"
        },
        {
            "reply_id": "UgzSnrozZDDRMOZLAXJ4AaABAg",
            "reply_content": "\u6211\u4e5f\u5de6\u53f3\u4e0d\u5206\u3002"
        },
        {
            "reply_id": "UgyzWjmixV1QMMum3P54AaABAg",
            "reply_content": "\u7206\u7c73\u82b1\u4e0d\u9700\u8981\u653e\u6cb9\u5417\uff1f"
        },
        {
            "reply_id": "UgyyVUCLgkyMwbuvgQZ4AaABAg",
            "reply_content": "\u7206\u7c73\u82b1\u53ef\u4ee5\u51b0\u6dc7\u6dcb\u55ce\uff01"
        },
        {
            "reply_id": "UgxxJC9ll0FXOR_dcH94AaABAg",
            "reply_content": "\u6bd4\u8d77\u7206\u5c0f\u9f8d\u8766 \u6211\u60f3\u5230\u7684\u662f\u67d0\u500b\u7528\u9019\u53f0\u6a5f\u5668\u7206\u9b91\u9b5a\u7684"
        },
        {
            "reply_id": "Ugzfr4GJ1XhSGzzv40l4AaABAg",
            "reply_content": "\u5c0f\u670b\u53cb\u7747\u5497\uff0c\u6709\u6a23\u5b78\u6a23\u90fd\u662f\u5371\u96aa\uff01\u5c31\u7b97\u4e0d\u662f\u9152\u7cbe\uff0c\u6cb9\u90fd\u662f\u6613\u71c3\u6750\u6599\uff0c\u4e00\u9ede\u90fd\u4e0d\u5b89\u5168\uff01\u6211\u4e0d\u662f\u91dd\u5c0d\u99ac\u7530\uff0c\u6211\u5176\u5be6\u90fd\u9418\u610f\u7747\u99ac\u7530\u5605\u7247\uff0c\u53ea\u662f\u4eca\u6b21\u7684\u4e3b\u984c\u771f\u662f\u4e0d\u9069\u5408\u64ad\u51fa\u8857\uff0c\u56e0\u70ba\u67d0\u4e9b\u5e74\u9f61\u7d44\u5225\u662f\u4e0d\u5b9c\u89c0\u770b\uff01"
        },
        {
            "reply_id": "UgxiZnLGfUWcWigOKjJ4AaABAg",
            "reply_content": "\u671f\u5f85\u51fa\u4e00\u96c6\u91ac\u7206\u6cf0\u570b\u8766\uff01"
        },
        {
            "reply_id": "UgzCIqgSaVXgB3B6d6F4AaABAg",
            "reply_content": "\u99ac\u7530\u6c42\u6c42\u4f60\u4e0d\u8981\u69cd\u53e3\u5c0d\u4eba\uff01\u6703\u51fa\u4e8b"
        },
        {
            "reply_id": "Ugw3rYZW6hyh2gU-M2Z4AaABAg",
            "reply_content": "\u6709\u4eba\u7528\u90a3\u500b\u7528\u9b91\u9b5a\u7d50\u679c\u6253\u51fa\u4f86\u5f8c\u8b8a\u6210\u4e00\u7058\u4e0d\u660e\u7269\u9ad4"
        },
        {
            "reply_id": "UgwMGBPVBCDmNI_VVwt4AaABAg",
            "reply_content": "\u8981\u7528\u7389\u7c73\u7c92\ud83d\ude0a"
        },
        {
            "reply_id": "Ugwafdk0qnt1hD4Zce94AaABAg",
            "reply_content": "\u9019\u500b\u7206\u7c73\u82b1\u6a5f\uff0c\u61c9\u8a72\u5c0d\u9999\u6e2f\u53f0\u7063\u4eba\u5f88\u964c\u751f\uff0c\u4f46\u5728\u65e9\u5e74\u8ca7\u7aae\u7684\u4e2d\u570b\u793e\u6703\u5c31\u5f88\u666e\u904d\u3002\u5f88\u591a\u4eba\u62ff\u9019\u500b\u8b00\u751f\u3002\u7576\u7136\u9019\u662f\u4e00\u500b\u8ff7\u4f60\u7248\u7684\u6a5f\u5668\u3002\u771f\u6b63\u7684\uff53\uff49\uff5a\uff45\u3000\u6bd4\u5ee3\u6771\u6e6f\u7172\u7684\u5927\u5c0f\u9084\u5927\u3002\u9019\u5c31\u662f\u4e00\u7a2e\u670d\u52d9\u3002\u6709\u4eba\u8981\u5403\u7206\u7c73\u82b1\u7684\u5c31\u627e\u6709\u6a5f\u5668\u7684\u4eba\uff0c\u62dc\u6258\u4ed6\u7528\u9019\u500b\u6a5f\u5668\u7206\u7c73\u82b1\u3002\u7136\u5f8c\u5c31\u7d66\u4ed6\u670d\u52d9\u8cbb\u3002"
        },
        {
            "reply_id": "UgzsExhBlJQnruGVPUt4AaABAg",
            "reply_content": "\u6703\u9ecf\u5728\u6a5f\u5668\u4e0a \u5927\u6982\u662f\u6c92\u6709\u5728\u5167\u90e8\u62b9\u6cb9 \u53e6\u5916\u597d\u50cf\u662f\u585e\u5927\u6982\u4e00\u534a \u8b93\u4ed6\u6709\u81a8\u8139\u7684\u7a7a\u9593"
        }
    ]
}