{
    "video_info": {
        "id": "u9mT3iGJlLI",
        "channelTitle": "\u641e\u795e\u99ac",
        "title": "\u3010\u672b\u65e5\u6c42\u751f\u3011\u6728\u677f\u7d44\u7684\u6536\u97f3\u6a5f\u6a21\u578b\uff01\u807d\u5230\u5730\u4e0b\u96fb\u53f0\u5ee3\u64ad",
        "description": "\u2764 \u6bcf\u5468\u4e09\u3001\u516d\u3001\u65e5\u90fd\u6709\u65b0\u5f71\u7247 !! \u5f9e\u4eca\u5929\u8d77\u958b\u59cb\u8a02\u95b1\u5427 !! \u2764\n\u52a0\u5165\u6703\u54e1\u2794https://www.youtube.com/channel/UCAsviiS5DE0pcuvxPRrrAzQ/join\n\u5728Facebook\u4e0a\u8ffd\u8e64\u6211\u5011 \u2794 https://www.facebook.com/ksmytstudio\n\u5728IG\u4e0a\u8ffd\u8e64\u6211\u5011 \u2794https://www.instagram.com/shenma_kingofcrap/\n\n\u2764\u5de5\u5546\u5408\u4f5c\u4fe1\u7bb1\uff1aksmytstudio@capsuleinc.cc\n\u2764\u60f3\u6210\u70ba\u4e0b\u4e00\u500b\u9802\u5c16 YouTube \u5275\u4f5c\u8005\u55ce\uff1f\u53ea\u8981\u60a8\u6709 YouTube \u983b\u9053\uff0c\u3010CAPSULE Academy\u3011 \u6b61\u8fce\u60a8\u7684\u52a0\u5165\u2764\n\u2192 http://bit.ly/2RtgPUv\n\n\ud83c\udfac\u66f4\u591a\u5f71\u7247\ud83c\udfac\n\n\ud83c\udf54\u98df\u7269\u7cfb\u5217\ud83c\udf5f:https://goo.gl/fA7y1Z\n\ud83d\udca5\u65e5\u5e38\u7cfb\u5217\ud83d\udca5:https://goo.gl/qfbhyP\n\n\u4ee5\u4e0b\u662f\u6211\u5011\u7684\u4e3b\u983b\u9053\uff01\u6b61\u8fce\u4f86\u8a8d\u8b58\u6211\u5011\uff01\n\uff08\u9999\u6e2f\u4eba\uff09\u99ac\u7530\uff08\u5eda\u85dd\uff09\uff1ahttps://www.youtube.com/user/dimcookguide\n\uff08\u53f0\u7063\u4eba\uff09\u963f\u795e\uff08\u904a\u6232\uff09\uff1ahttps://www.youtube.com/user/charlie615119",
        "likeCount": "4909",
        "commentCount": "108",
        "viewCount": "126081"
    },
    "comments": [
        {
            "reply_id": "Ugz_ASaDVPslQ4-b67h4AaABAg",
            "reply_content": "\u53bb\u4e5d\u4efd\u627e@\u8cf4\u9d3b\u9e9f"
        },
        {
            "reply_id": "UgxX7d9rbSLg2yXkkHd4AaABAg",
            "reply_content": "\u6574\u7d44\u6b6a\u6389\ud83d\ude02\ud83d\ude02\u6211\u770b\u4e86\u4ec0\u9ebc"
        },
        {
            "reply_id": "UgzmYJ2S7H4hrZe0plN4AaABAg",
            "reply_content": "\u6211\u5e8a\u4e0a\u5c31\u4e00\u53f0\u883b\u5927\u53f0\u7684\u6536\u97f3\u6a5f"
        },
        {
            "reply_id": "Ugxk_qu-nmgQss9p8Hl4AaABAg",
            "reply_content": "\u6572\u7897\u6c92\u6709\u5feb\u8f49\u7684\u7248\u672c\uff0c\u4e00\u5b9a\u5f88\u597d\u7b11\ud83d\ude02"
        },
        {
            "reply_id": "UgzSMuBYSawpLxAAof14AaABAg",
            "reply_content": "\u662f\u641e\u7b11\u9084\u662f\u77e5\u8b58\u4e0d\u8db3\n\u5730\u4e0b\u96fb\u53f0\u662f\u6307\u975e\u6cd5\u7684\uff0c\n\u4f60\u600e\u9ebc\u77e5\u9053\u4ed6\u662f\u5730\u4e0b\u96fb\u53f0 \uff1f"
        },
        {
            "reply_id": "UgyYY07HCMprGm5acX94AaABAg",
            "reply_content": "\u9ed1\u68d5\u7d05\u6a59\u9ec3\u7da0\u85cd\u7d2b\u7070\u767d"
        },
        {
            "reply_id": "Ugw8Mxs5nGSEBYzpErp4AaABAg",
            "reply_content": "\u9019\u4e0d\u7b97\u662fDIY\u6536\u97f3\u6a5f\uff0c\u61c9\u8a72\u53ea\u662f\u7d44\u88dd\u5916\u6bbc\u800c\u5df2\u3002\u6211\u4e5f\u662f\u96fb\u5b50\u5de5\u7a0b\u7684\uff0c80\u5e74\u4ee3\u9999\u6e2f\u7562\u696d\uff0c\u96fb\u963b\u8272\u74b0\u6211\u4eca\u5929\u4ecd\u7136\u80cc\u5f97\u51fa\u3002"
        },
        {
            "reply_id": "Ugy32XrC_SgQcOCeyEF4AaABAg",
            "reply_content": "\u6c38\u9060\u5c0d\u4e0d\u5230\u7126\u7684\u76f8\u6a5f"
        },
        {
            "reply_id": "Ugz8sDrnLRF7y5dMxHV4AaABAg",
            "reply_content": "\u4f60\u624d\u662f\u5ee2\u6750\ud83e\udd23\ud83e\udd23\n\u99ac\u7530\u9f20\u53d4\u55c6\u4eba\u7684\u6642\u5019\u4e2d\u6587\u90fd\u7279\u5225\u597d"
        },
        {
            "reply_id": "UgyeOY1wzgnkf6elJ_x4AaABAg",
            "reply_content": "\u9019\u4e00\u96c6\u770b\u5e7e\u6b21\u7b11\u5e7e\u6b21\u54c8\u54c8\u54c8"
        },
        {
            "reply_id": "UgzeT_UqHPwe4_XO-TZ4AaABAg",
            "reply_content": "\u7b11\u6b7b \u9019\u5169\u500b\u4eba\u771f\u7684\u5ee2\u7247\u4e4b\u738b\uff0c \u5e0c\u671b\u9019\u500b\u983b\u9053\u6c38\u9060\u4e0d\u8981\u6b7b\u6389"
        },
        {
            "reply_id": "UgwWXpHPekukWPzyf3J4AaABAg",
            "reply_content": "\u963f\u795e\u662f\u53ef\u4ee5\u63d2\u7684"
        },
        {
            "reply_id": "UgwLxoyh9pmpKB-Tvvl4AaABAg",
            "reply_content": "\u5728\u54ea\u8cb7\u7684\u5230"
        },
        {
            "reply_id": "UgwkCGO_5Qib9i1ZmBN4AaABAg",
            "reply_content": "\u8ad6\u8aaa\u660e\u66f8\u7684\u91cd\u8981\u6027XD"
        },
        {
            "reply_id": "UgyFh4lCxFKuV8rtWF14AaABAg",
            "reply_content": "\u5728\u641e\u795e\u9a6c\u91cc\u9762\u770b\u641e\u795e\u9a6c\uff01"
        },
        {
            "reply_id": "UgzOluo3CZcgLRR_qVR4AaABAg",
            "reply_content": "\u9019\u96c6\u8d85\u597d\u7b11\ud83d\ude02"
        },
        {
            "reply_id": "Ugx5vlPx5n27zPZdKWh4AaABAg",
            "reply_content": "\u6709\u4e00\u7a2e\u4e8c\u6230\u6536\u97f3\u6a5f-\u6c34\u6676\u6536\u97f3\u6a5f\uff0c\u6210\u672c\u8d85\u4f4e\uff0c\u6975\u5ea6\u9069\u5408\u624b\u6b98\u9ee8\u5236\u4f5c"
        },
        {
            "reply_id": "UgwYnZ63o9y6kga7NO94AaABAg",
            "reply_content": "\u770b\u4f60\u5011\u624b\u4f5c\u7684\u904e\u7a0b\u771f\u7684\u597d\u597d\u7b11XDD"
        },
        {
            "reply_id": "Ugx6a8UeK1bqUI8HVo94AaABAg",
            "reply_content": "\u90a3\u500b\u50cf\u76ae\u7b4b\u53ef\u80fd\u672c\u4f86\u771f\u7684\u7528\u4e0d\u5230\n\u4f46\u662f\n\u5b83\u7406\u89e3\u5230\u795e\u99ac\u7684\u7d44\u88dd\u601d\u7dad\n\u6240\u4ee5\u9084\u662f\u7d66\u50cf\u76ae\u7b4b\u9632\u6b62\u6563\u67b6\nXDDD"
        },
        {
            "reply_id": "Ugz_aKw-hHd_9FnJqkZ4AaABAg",
            "reply_content": "\u6211\u4ee5\u524d\u7761\u524d\u4e5f\u6703\u807d\u5a03\u5a03\u7684\u7bc0\u76ee!!!\u6bcf\u6b21\u90fd\u8981\u914d\u8457\u7761"
        }
    ]
}