{
    "video_info": {
        "id": "UMnQchWfHjU",
        "channelTitle": "\u641e\u795e\u99ac",
        "title": "\u3010\u751f\u547d\u62cd\u7247\u3011100\uff05\u8102\u80aa\u706b\u934b\uff01\u5976\u6cb9vs\u8c6c\u6cb9\u54ea\u500b\u66f4\u597d\u5403\uff1f",
        "description": "\u2764 \u6bcf\u5468\u4e09\u3001\u516d\u3001\u65e5\u90fd\u6709\u65b0\u5f71\u7247 !! \u5f9e\u4eca\u5929\u8d77\u958b\u59cb\u8a02\u95b1\u5427 !! \u2764\n\u52a0\u5165\u6703\u54e1\u2794https://www.youtube.com/channel/UCAsviiS5DE0pcuvxPRrrAzQ/join\n\u5728Facebook\u4e0a\u8ffd\u8e64\u6211\u5011 \u2794 https://www.facebook.com/ksmytstudio\n\u5728IG\u4e0a\u8ffd\u8e64\u6211\u5011 \u2794https://www.instagram.com/shenma_kingofcrap/\n\n\u2764\u5de5\u5546\u5408\u4f5c\u4fe1\u7bb1\uff1aksmytstudio@capsuleinc.cc\n\u2764\u8fa6\u6d3b\u52d5\u3001\u51fa\u5468\u908a\u3001\u806f\u540d\u5546\u54c1\u90fd\u6b61\u8fce\u627eCAPSULE\uff1a https://capsuleinc.co/\n\n\ud83c\udfac\u66f4\u591a\u5f71\u7247\ud83c\udfac\n\n\ud83c\udf54\u98df\u7269\u7cfb\u5217\ud83c\udf5f:https://goo.gl/fA7y1Z\n\ud83d\udca5\u65e5\u5e38\u7cfb\u5217\ud83d\udca5:https://goo.gl/qfbhyP\n\n\u4ee5\u4e0b\u662f\u6211\u5011\u7684\u4e3b\u983b\u9053\uff01\u6b61\u8fce\u4f86\u8a8d\u8b58\u6211\u5011\uff01\n\uff08\u9999\u6e2f\u4eba\uff09\u99ac\u7530\uff08\u5eda\u85dd\uff09\uff1ahttps://www.youtube.com/user/dimcookguide\n\uff08\u53f0\u7063\u4eba\uff09\u963f\u795e\uff08\u904a\u6232\uff09\uff1ahttps://www.youtube.com/user/charlie615119",
        "likeCount": "10014",
        "commentCount": "331",
        "viewCount": "387770"
    },
    "comments": [
        {
            "reply_id": "Ugw6F4w9A7oLXhnCcAh4AaABAg",
            "reply_content": "\u51c9\u8336\u53ef\u4ee5\u706b\u9505\u5417"
        },
        {
            "reply_id": "UgzEXf9biZ8jp2kmIrZ4AaABAg",
            "reply_content": "\u641e\u795e\u99ac\u5f88\u597d\u770b"
        },
        {
            "reply_id": "UgxBQ1tcm6psKxbi1_N4AaABAg",
            "reply_content": "\u6bcf\u6b21\u90fd\u89ba\u5f97\u795e\u99ac\u7684\u5f71\u7247\u5f88\u597d\u770b"
        },
        {
            "reply_id": "UgxcRPRoGejlrfEK7El4AaABAg",
            "reply_content": "\u60f3\u770b\u5de7\u514b\u529b\u706b\u934b\u8036"
        },
        {
            "reply_id": "UgznHGVigDZKJ70OwEF4AaABAg",
            "reply_content": "\u5feb\u4e00\u842c\u4e86"
        },
        {
            "reply_id": "UgxRC55vrceW5tzUpWt4AaABAg",
            "reply_content": "\u5de7\u514b\u529b\u706b\u934b"
        },
        {
            "reply_id": "UgypBPG4ZLLjBK5Vn214AaABAg",
            "reply_content": "\u5de7\u514b\u529b\u706b\u934b   \u9ede\u8b9a\u53ea\u70ba\u4e86\u70b8\u963f\u795e\u624b\u6307"
        },
        {
            "reply_id": "UgzovBLDV4EXey14tVl4AaABAg",
            "reply_content": "\u53ef\u4ee5\u9806\u4fbf\u62cd\u65e5\u672c\u7684\u5ee2\u6cb9\u51dd\u56fa\u5291"
        },
        {
            "reply_id": "UgyfBf3vbsMFkSb1SaR4AaABAg",
            "reply_content": "\u4f60\u5011\u61c9\u8a72\u5728\u60f3\u9019\u8981\u4ec0\u9ebc\u6e05\u7406\u54c8\u54c8"
        },
        {
            "reply_id": "Ugx3Fh6Hd55Qq2bef554AaABAg",
            "reply_content": "\u7528\u8d77\u53f8\u505a\u706b\u934b"
        },
        {
            "reply_id": "UgwxtsVYTDs9ZmC0YLF4AaABAg",
            "reply_content": "\u51b0\u6dc7\u6dcb\u53ef\u4ee5\u706b\u934b\u55ce"
        },
        {
            "reply_id": "Ugyp2djedYJGGIQ2bC54AaABAg",
            "reply_content": "\u53ef\u6a02\u706b\u934b\u5427"
        },
        {
            "reply_id": "Ugx-VOZb_XIHb547WrF4AaABAg",
            "reply_content": "\u5976\u6cb9\u934b\u52a0\u4e00\u9ede\u6c34\u61c9\u8a72\u6bd4\u8f03\u597d\u5403"
        },
        {
            "reply_id": "UgyxvTczxP0-GMFw_MR4AaABAg",
            "reply_content": "\u592a\u6076\u4e86\uff0c\u4e8f\u4f60\u4eec\u80fd\u5403\u4e0b\u53bb"
        },
        {
            "reply_id": "UgzRfw8MSiQr6rD7aj54AaABAg",
            "reply_content": "\u916a\u68a8\u3001\u69b4\u69e4\u53ef\u4ee5\u706b\u934b\u55ce\uff1f\u916a\u68a8\u6cb9\u8102\u9ad8\uff0c\u4e0d\u77e5\u9053\u80fd\u4e0d\u80fd\u6eb6\u6210\u6cb9\uff1f"
        },
        {
            "reply_id": "UgwtP0H9KfpNdr5Qanh4AaABAg",
            "reply_content": "\u611f\u89ba\u9019\u7a2e\u6cb9\u706b\u934b\u6bd4\u8f03\u9069\u5408\u62ff\u4f86\u70b8\u85af\u689d\u3001\u96de\u584a\u3001\u96de\u8089\u3001\u8089\u985e\u3001\u53ef\u6a02\u9905\u3001\u6d0b\u8525\u5708\u3001\u99ac\u9234\u85af\u7b49\u7b49\u4e4b\u985e\u7684\u98df\u6750\u311f"
        },
        {
            "reply_id": "UgzvwerzXbVH_uA_gNR4AaABAg",
            "reply_content": "\u60f3\u770b\u725b\u5976\u934b"
        },
        {
            "reply_id": "Ugz-zO7CEpg7dm0IAyN4AaABAg",
            "reply_content": "\u51b0\u6dc7\u6dcb\u53ef\u4ee5\u716e\u706b\u934b\u55ce"
        },
        {
            "reply_id": "UgyerJt08TPH4JTAnnB4AaABAg",
            "reply_content": "\u51b0\u6dc7\u6dcb\u53ef\u4ee5\u706b\u934b\u55ce"
        },
        {
            "reply_id": "UgwphkZzRN5DUQzueDV4AaABAg",
            "reply_content": "\u5176\u5be6\u8c6c\u6cb9\u90a3\u908a\u6cb9\u6eab\u4e0d\u5920\u9ad8\uff0c\u53ef\u80fd\u5f88\u591a\u98df\u6750\u88e1\u9762\u90fd\u6c92\u719f\u3002"
        }
    ]
}