{
    "video_info": {
        "id": "vC4Hnsj_apo",
        "channelTitle": "\u641e\u795e\u99ac",
        "title": "\u301030\u79d2\u725b\u5976\u6a5f\u3011\u626d\u86cb\u6c7a\u5b9a\uff01\u505a\u51fa\u4f86\u81ea\u5730\u7344\u7684\u725b\u5976\uff5e",
        "description": "\u2764 \u6bcf\u5468\u4e09\u3001\u516d\u3001\u65e5\u90fd\u6709\u65b0\u5f71\u7247 !! \u5f9e\u4eca\u5929\u8d77\u958b\u59cb\u8a02\u95b1\u5427 !! \u2764\n\u52a0\u5165\u6703\u54e1\u2794https://www.youtube.com/channel/UCAsviiS5DE0pcuvxPRrrAzQ/join\n\u5728Facebook\u4e0a\u8ffd\u8e64\u6211\u5011 \u2794 https://www.facebook.com/ksmytstudio\n\u5728IG\u4e0a\u8ffd\u8e64\u6211\u5011 \u2794https://www.instagram.com/shenma_kingofcrap/\n\n\u2764\u5de5\u5546\u5408\u4f5c\u4fe1\u7bb1\uff1aksmytstudio@capsuleinc.cc\n\u2764\u60f3\u6210\u70ba\u4e0b\u4e00\u500b\u9802\u5c16 YouTube \u5275\u4f5c\u8005\u55ce\uff1f\u53ea\u8981\u60a8\u6709 YouTube \u983b\u9053\uff0c\u3010CAPSULE Academy\u3011 \u6b61\u8fce\u60a8\u7684\u52a0\u5165\u2764\n\u2192 http://bit.ly/2RtgPUv\n\n\ud83c\udfac\u66f4\u591a\u5f71\u7247\ud83c\udfac\n\n\ud83c\udf54\u98df\u7269\u7cfb\u5217\ud83c\udf5f:https://goo.gl/fA7y1Z\n\ud83d\udca5\u65e5\u5e38\u7cfb\u5217\ud83d\udca5:https://goo.gl/qfbhyP\n\n\u4ee5\u4e0b\u662f\u6211\u5011\u7684\u4e3b\u983b\u9053\uff01\u6b61\u8fce\u4f86\u8a8d\u8b58\u6211\u5011\uff01\n\uff08\u9999\u6e2f\u4eba\uff09\u99ac\u7530\uff08\u5eda\u85dd\uff09\uff1ahttps://www.youtube.com/user/dimcookguide\n\uff08\u53f0\u7063\u4eba\uff09\u963f\u795e\uff08\u904a\u6232\uff09\uff1ahttps://www.youtube.com/user/charlie615119",
        "likeCount": "8771",
        "commentCount": "130",
        "viewCount": "329697"
    },
    "comments": [
        {
            "reply_id": "Ugz0T2-QZx4nX0FHgEx4AaABAg",
            "reply_content": "\u611f\u89ba\u5169\u500b\u4eba\u62cd\u5b8c\u8981\u6436\u5ec1\u6240\u4e86\ud83d\ude05"
        },
        {
            "reply_id": "UgxQz73nNRocHXMGyZp4AaABAg",
            "reply_content": "\u6c99\u8336\u91ac\u53ef\u4ee5\u51b0\u6dc7\u6dcb\u55ce\uff1f"
        },
        {
            "reply_id": "UgxUOdNmwrlsguAhaNh4AaABAg",
            "reply_content": "\u597d\u5947\u4f7f\u7528\u679c\u6c41\u6a5f\u4e4b\u524d\u6709\u6c92\u6709\u6e05\u6d17\u554a\uff1f"
        },
        {
            "reply_id": "UgwHBJdV1SImYa3ECAl4AaABAg",
            "reply_content": "\u8acb\u554f\u4f60\u5011\u6bcf\u6b21\u958b\u59cb\u4e4b\u524d\u6709\u6d17\u904e\u6a5f\u5668\u55ce\ud83d\ude06"
        },
        {
            "reply_id": "UgwglxDZvbSm75BO3h94AaABAg",
            "reply_content": "\u7701\u96fb\u69a8\u6c41\u6a5f\ud83d\ude02"
        },
        {
            "reply_id": "Ugy2u4rnt1LgTacVk7N4AaABAg",
            "reply_content": "\u6240\u4ee5\u4e0d\u8981\u63db\u6bd4\u8f03\u597d\uff0c\u4e00\u958b\u59cb\u62bd\u5230\u7684\u90fd\u662f\u6700\u68d2\u7684\ud83d\ude02"
        },
        {
            "reply_id": "UgyWG_dBDo8TVtR4NWx4AaABAg",
            "reply_content": "\u99ac\u7530\u8ddf\u963f\u795e\u5408\u8d77\u4f86\u5c31\u662f\u6709\u9b54\u6cd5\u4e00\u6a23\u7684\u5316\u5b78\u4f5c\u7528, \u5f88\u68d2~\u54c8\u54c8~\u99ac\u7530\u570b\u8a9e\u9032\u6b65\u4e86^^"
        },
        {
            "reply_id": "UgzxtWEONuKIvIrG2Sd4AaABAg",
            "reply_content": "\u963f\u795e\u54ea\u4e00\u676f\u6211\u53ef\u4ee5\n\u6211\u5403\u706b\u934b\u6642\n\u90fd\u662f\u90a3\u4e00\u4e9b\u91ac\u62ff\u4f86\u914d\u98ef\u5403\n\u6709\u6642\u5019\u6211\u4e5f\u6703\u628a\u4e00\u4e9b2\u500b\u4e0d\u642d\u7684\u6771\u897f\u62ff\u4f86\u6df7\u5408\u5728\u62ff\u4f86\u5690\ud83e\udd23\ud83e\udd23"
        },
        {
            "reply_id": "Ugxjvjlb5llVlu-Vh9V4AaABAg",
            "reply_content": "\u71b1\u725b\u5976\u52a0\u6c99\u8336\u91ac\u5f88\u597d\u559d"
        },
        {
            "reply_id": "UgxeoIPtMLeWXc4jXJ54AaABAg",
            "reply_content": "\u89ba\u5f97\u795e\u99ac\u505a\u60e1\u641e\u6599\u7406\u6642\u53ef\u4ee5\u505a\u5c0f\u4efd\u4e00\u9ede \u4e0d\u7136\u611f\u89ba\u597d\u6d6a\u8cbb\u5440\ud83e\udd23\n\u4f46\u6211\u9084\u662f\u611b\u4f60\u5011\u311b\ud83e\udd7a\ud83d\udc96\ud83d\udc96\ud83d\udc96"
        },
        {
            "reply_id": "Ugyv7b9zSH4rBHmCgup4AaABAg",
            "reply_content": "\u8981\u4e0d\u662f\u8bd5\u8bd5\u770b\u7814\u7a76\u7f51\u7403\u738b\u5b50\u91cc\u7684\u7ec8\u6781\u6b66\u5668\u201c\u4e7e\u6c41\u201d\ud83d\ude02"
        },
        {
            "reply_id": "UgzYPu1jAJL00s2_Eal4AaABAg",
            "reply_content": "\u53f0\u7063\u540d\u7522\u592a\u597d\u7b11\u4e86"
        },
        {
            "reply_id": "UgyLcYQxSuJDGq1-G9l4AaABAg",
            "reply_content": "\u4e0d\u662f\u958b\u53e6\u4e00\u500b\u73a9\u5177\u55ce\ud83e\udd23\ud83e\udd23"
        },
        {
            "reply_id": "UgwW71BN-PshUK_Xkyd4AaABAg",
            "reply_content": "\u6709\u9ede\u4fe1\u5fc3\uff0c\u725b\u982d\u724c\u5de7\u514b\u529b\u8d77\u78bc\u984f\u8272\u90fd\u5c0d\u4e86(x\ud83e\udd23"
        },
        {
            "reply_id": "UgzUylG_u8h4cfiKsRN4AaABAg",
            "reply_content": "\u55ae\u5143\uff1a\u4ec0\u9ebc\u4ec0\u9ebc\u53ef\u4ee5\u69a8\u679c\u6c41\u55ce\ud83d\ude02 \u8cb7\u4ee5\u70ba\u5c0f\u7cbe\u9748\u6703\u653e\u4e9b\u8150\u4e73\u5440\u69b4\u9023\u5440\u66f4\u5947\u602a\u7684\u6771\u897f"
        },
        {
            "reply_id": "UgyWuscBQMiUcLvafsB4AaABAg",
            "reply_content": "\u70ba\u4e86\u5f71\u7247\u963f\u795e\u8c41\u51fa\u4e86\u534a\u689d\u547d\ud83d\ude02"
        },
        {
            "reply_id": "UgzVCei6Irxz0lAnqVB4AaABAg",
            "reply_content": "\u8bf7\u95ee\u725b\u5934\u724c\u6c99\u8336\u9171\u53ef\u4ee5\u51b0\u6dc7\u6dcb\u5417\uff1f\ud83e\udd23"
        },
        {
            "reply_id": "UgxY18OBAy7feLdGD6d4AaABAg",
            "reply_content": "\u4eca\u5929\u505a\u7684\u725b\u5976\u53ef\u4ee5\u51b0\u6dc7\u6dcb\u55ce"
        },
        {
            "reply_id": "UgzRh-eOuomIvWpBV0F4AaABAg",
            "reply_content": "\u9d5d\u9d5d\u9d5d"
        },
        {
            "reply_id": "UgzVEWp7ErIzYDnTiph4AaABAg",
            "reply_content": "\u725b\u982d\u724c\u5de7\u514b\u529b\u725b\u5976\u53ef\u4ee5\u51b0\u6dc7\u6dcb\u55ce\uff1f\ud83d\ude02\ud83d\ude08"
        }
    ]
}