{
    "video_info": {
        "id": "vUIYERBnMT4",
        "channelTitle": "\u641e\u795e\u99ac",
        "title": "\u3010\u6050\u6016\u9ea5\u7576\u52de\u3011DIY\u5976\u6614\u5927\u54e5\u53e3\u5473\u5976\u6614\ud83e\udd64\u5976\u6614\u5927\u54e5\u5728\u9999\u6e2f\u53eb\u505a\u6ed1\u561f\u561f\uff1f\uff5c",
        "description": "\u2764 \u6bcf\u5468\u4e09\u3001\u516d\u3001\u65e5\u90fd\u6709\u65b0\u5f71\u7247 !! \u5f9e\u4eca\u5929\u8d77\u958b\u59cb\u8a02\u95b1\u5427 !! \u2764\n\u52a0\u5165\u6703\u54e1\u2794https://www.youtube.com/channel/UCAsviiS5DE0pcuvxPRrrAzQ/join\n\u5728Facebook\u4e0a\u8ffd\u8e64\u6211\u5011 \u2794 https://www.facebook.com/ksmytstudio\n\u5728IG\u4e0a\u8ffd\u8e64\u6211\u5011 \u2794https://www.instagram.com/shenma_kingofcrap/\n\n\u2764\u5de5\u5546\u5408\u4f5c\u4fe1\u7bb1\uff1aksmytstudio@capsuleinc.cc\n\u2764\u8fa6\u6d3b\u52d5\u3001\u51fa\u5468\u908a\u3001\u806f\u540d\u5546\u54c1\u90fd\u6b61\u8fce\u627eCAPSULE\uff1a https://capsuleinc.co/\n\n\ud83c\udfac\u66f4\u591a\u5f71\u7247\ud83c\udfac\n\n\ud83c\udf54\u98df\u7269\u7cfb\u5217\ud83c\udf5f:https://goo.gl/fA7y1Z\n\ud83d\udca5\u65e5\u5e38\u7cfb\u5217\ud83d\udca5:https://goo.gl/qfbhyP\n\n\u4ee5\u4e0b\u662f\u6211\u5011\u7684\u4e3b\u983b\u9053\uff01\u6b61\u8fce\u4f86\u8a8d\u8b58\u6211\u5011\uff01\n\uff08\u9999\u6e2f\u4eba\uff09\u99ac\u7530\uff08\u5eda\u85dd\uff09\uff1ahttps://www.youtube.com/user/dimcookguide\n\uff08\u53f0\u7063\u4eba\uff09\u963f\u795e\uff08\u904a\u6232\uff09\uff1ahttps://www.youtube.com/user/charlie615119",
        "likeCount": "6564",
        "commentCount": "173",
        "viewCount": "177782"
    },
    "comments": [
        {
            "reply_id": "Ugyudb5ezOhwEAek10l4AaABAg",
            "reply_content": "\u59d0\u59d0\u70ba\u4ec0\u9ebc\u6709\u5927\u9ce5\uff1f"
        },
        {
            "reply_id": "UgxDCXaMyD52fXpASZd4AaABAg",
            "reply_content": "\u5176\u5be6\u6211\u5c0f\u6642\u5019\u6709\u770b\u904e\u90a3\u500b\u5361\u901a"
        },
        {
            "reply_id": "UgyFhrDEk7NXWsycTkx4AaABAg",
            "reply_content": "\u5976\u6614\u5927\u54e5\u5176\u5be6\u662f\u4e00\u500b\u5de8\u5927\u5473\u857e"
        },
        {
            "reply_id": "UgxvkDvayTnzWmmE3EF4AaABAg",
            "reply_content": "\u6211\u8a18\u5f97\u9ea5\u7576\u52de\u8aaa\u904e\u5976\u6614\u5927\u54e5\u8a2d\u8a08\u7406\u5ff5\u4e0d\u662f\u5976\u6614 \u800c\u662f\u4eba\u985e\u820c\u982d\u4e0a\u7684\u5473\u857e"
        },
        {
            "reply_id": "UgxCYLk84Rnz0o56g7h4AaABAg",
            "reply_content": "\u79d1\u6280\u98f2\u54c1"
        },
        {
            "reply_id": "UgyE5NtJbwK2un2iqOJ4AaABAg",
            "reply_content": "\u9ea5\u7576\u52de\u7684\u6050\u6016\u6545\u4e8b\u5c31\u662f \u9ea5\u7576\u52de\u53d4\u53d4\u628a\u6f22\u5821\u795e\u5077\u505a\u6210\u4e86\u6f22\u5821\uff0c\u5976\u6614\u5927\u54e5\u6210\u70ba\u4e86\u5976\u6614\uff0c\u5927\u9ce5\u59d0\u59d0\u70b8\u6210\u96de\u584a\uff0c\u7136\u5f8c\u8b66\u5bdf\u902e\u6355\u4e86\u53d4\u53d4\uff0c\u6240\u4ee5\u4ed6\u5011\u4eba\u7269\u90fd\u6c92\u518d\u51fa\u4f86\u4e86....\n\n\u4ee5\u4e0a\u53ea\u662f\u7db2\u8def\u8b20\u8a00\uff0c\u9ea5\u7576\u52de\u6cd5\u52d9\u90e8\u8acb\u5225\u4f86\u627e\u6211\ud83d\ude05"
        },
        {
            "reply_id": "UgxgLqPlt_OHHPsLY8x4AaABAg",
            "reply_content": "\u5728\u4e0b\u570b\u4e8c\ud83d\ude02\u770b\u904e\u90a3\u9ea5\u7576\u52de\u5bb6\u65cf\n\u4f46\u6211\u5f1f\u5c0f\u6211\u5169\u6b72\u5b8c\u5168\u4e0d\u77e5\u9053\ud83d\ude02"
        },
        {
            "reply_id": "UgxVHvpca6aXwH-eOpZ4AaABAg",
            "reply_content": "\u5976\u6614\u5927\u54e5\uff0c\u4e0d\u662f\u5473\u857e\u5be6\u9ad4\u5316\u55ce"
        },
        {
            "reply_id": "Ugwgxkrn8A42owK1w814AaABAg",
            "reply_content": "\u597d\u4e00\u500b\u79d1\u6280\u8207\u72e0\u6d3b"
        },
        {
            "reply_id": "UgxhsGdANT5OCS2uDPd4AaABAg",
            "reply_content": "\u56de\u60f3\u8d77\u5c0f\u6642\u5019\u9ea5\u7576\u52de\u8d85\u8cb4\uff0c\u4f46\u7576\u6642\u7684\u73a9\u5177\u662f\u9084\u6709\u5976\u6614\u5927\u54e5\u516c\u4ed4\u73a9\u5177\u7684!"
        },
        {
            "reply_id": "UgxK4N9ep5jcVuw9ZaV4AaABAg",
            "reply_content": "\u904e\u6c23\u6709\u9ede\u54af"
        },
        {
            "reply_id": "Ugw279IsVhVdSWtE9mZ4AaABAg",
            "reply_content": "\u963f\u795e\u4f60\u525b\u525b\u6253"
        },
        {
            "reply_id": "UgyfAQQglqWT73z82Dd4AaABAg",
            "reply_content": "\u9999\u6e2f\u662f\u53eb\u6ed1\u561f\u561f  \u53f0\u7063\u53eb\u5976\u6614\u5927\u54e5"
        },
        {
            "reply_id": "UgxSBH-wlNklNTP26Hp4AaABAg",
            "reply_content": "\u4ee5\u524d \u9ea5\u7576\u52de\u5976\u6614\u66fe\u7d93\ud83d\ude02\u597d\u591a\u53e3\u5473\u554a"
        },
        {
            "reply_id": "Ugw2dmDUVvnGowEVF6R4AaABAg",
            "reply_content": "\u524d\u9762\u5728\u5c0d\u4e0d\u540c\u540d\u7a31\u7684\u6642\u4faf\u7b11\u5230\u8981\u628a\u5f71\u7247\u66ab\u505c\u5598\u53e3\u6c23\n\u7b11\u5230\u6d41\u6dda\u6b38\u5929\u554a\ud83d\ude02"
        },
        {
            "reply_id": "Ugzk7nUhnpDSF927Lct4AaABAg",
            "reply_content": "\u8d85\u611b\u770b\u99ac\u7530\u641e\u7b11\uff0c\u6709\u6642\u5019\u6b3a\u8ca0\u963f\u795e\u7684\u6a23\u5b50\uff0c\u53c8\u6642\u5019\u53c8\u641e\u602a\u51fa\u4e00\u4e9b\u5947\u602a\u7684\u9ede\u5b50\uff01\u770b\u4ed6\u5011\u7684\u5ee2\u7247\u6211\u7684\u5fc3\u60c5\u90fd\u8b8a\u597d\uff01"
        },
        {
            "reply_id": "UgwumWiWzFvILT8fEyp4AaABAg",
            "reply_content": "\u4e0d\u77e5\u9053\u4e3a\u4ec0\u4e48\u8fd9\u4e2a\u5976\u6614\u53ea\u6709\u7f8e\u56fd\u6709\uff0c\u56e0\u4e3a\u6211\u4f4f\u5728\u52a0\u62ff\u5927\uff0c\u53ea\u5728\u624b\u673a\u4e0a\u770b\u5230\u8fc7\u8fd9\u4e2a"
        },
        {
            "reply_id": "UgwTJfwWR4giiWepizB4AaABAg",
            "reply_content": "\u6211\u53ea\u77e5\u9053\u4e4b\u524d\u6211\u770b\u5230\u7684\u9ea6\u5f53\u52b3\u53d4\u53d4\u6709\u4e2a\u7248\u672c\u662f\ud83c\udf1a\u628a\u5458\u5de5\u7684\u5934\u6441\u5728\u6cb9\u9505\u91cc\u70b8\uff0c\u8ffd\u7740\u5c0f\u670b\u53cb\uff08\u62ff\u7740\u7535\u952f\uff09"
        },
        {
            "reply_id": "UgwDms4JHlGe44kDqT14AaABAg",
            "reply_content": "\u6211\u53ea\u77e5\u9053\u9ea5\u7576\u52de\u53d4\u53d4"
        },
        {
            "reply_id": "Ugwkl6Rjz92oCDuqu6t4AaABAg",
            "reply_content": "\u60f3\u8981\u6f22\u5821\u795e\u5077\u7684\u6f22\u5821\ud83c\udf54"
        }
    ]
}