{
    "video_info": {
        "id": "WhWqqhSDINQ",
        "channelTitle": "\u641e\u795e\u99ac",
        "title": "\u3010\u6d41\u8a00\u7834\u89e3\u3011\u76f4\u98db\u65e5\u672c\u5927\u641c\u67e5\u2708\ufe0f\u593e\u5a03\u5a03App\u516c\u53f8\u662f\u771f\u7684\u55ce\uff01",
        "description": "\uff0a\u672c\u7247\u8207\u593e\u5a03\u5a03\u6a02\u5712\u5408\u4f5c\uff0a\n\u62bd\u734e\u5230\u9019\u908a\u5594!! https://www.facebook.com/ksmytstudio/posts/pfbid0c2wZxZi7kqwccZTP6kSPRuuNqcG2fxLJvgMtY86ASdErTMjbi3DMbzMeqsQEdN59l\n\u25b7\u5f9e\u9019\u88e1\u4e0b\u8f09\u65e5\u672c\u6700\u597d\u593e\u7684\u7dda\u4e0a\u593e\u5a03\u5a03app\u3010\u593e\u5a03\u5a03\u6a02\u5712\u3011!\nhttp://bit.ly/3H0vCkF\n\u203bAndroid\u7684\u7528\u6236\u8acb\u7528\u7db2\u9801\u7248~\n\u25b7\u3010\u593e\u5a03\u5a03\u6a02\u5712\u3011\u5b98\u65b9IG\u4e0d\u5b9a\u6642\u6703\u66f4\u65b0\u666f\u54c1\u8cc7\u8a0a\u53ca\u8a31\u591a\u7279\u5225\u6d3b\u52d5\u60c5\u5831\uff01\nhttps://www.instagram.com/jiawawaleyuan/\n\n\u25a0\u65b0\u8a3b\u518a\u6703\u54e1\u5c31\u90015\u5f35\u514d\u8cbb\u904a\u6232\u5238\n\u25a0\u800c\u4e14\u7b2c\u4e00\u6b21\u52a0\u503c\u5c31\u6703\u8d08\u9001\u4e00\u5f35\u514d\u8cbb\u5bc4\u9001\u5238\uff0c\u4e4b\u5f8c\u6bcf\u52a0\u503c5000\u9ede\u4ee5\u4e0a\u6703\u518d\u8d08\u9001\u4e00\u5f35\uff08\u4e0d\u80fd\u7d2f\u8a08\uff09\n\n------\u4e8c\u624b\u5546\u54c1\u5e97\u5bb6\u8cc7\u8a0a------\n\u5343\u8449\u9451\u5b9a\u56e3\u516b\u5343\u4ee3\u5e97\n\u5343\u8449\u770c\u516b\u5343\u4ee3\u5e02\u52dd\u7530\u53f0\u5357\uff11\u4e01\u76ee\uff11\uff18\u2212\uff11\u30fb\u55b6\u696d\u6642\u9593AM10:00\u301cPM24:00 \u5e74\u4e2d\u7121\u4f11\n\n\n\u2764 \u6bcf\u5468\u4e09\u3001\u516d\u3001\u65e5\u90fd\u6709\u65b0\u5f71\u7247 !! \u5f9e\u4eca\u5929\u8d77\u958b\u59cb\u8a02\u95b1\u5427 !! \u2764\n\u52a0\u5165\u6703\u54e1\u2794https://www.youtube.com/channel/UCAsviiS5DE0pcuvxPRrrAzQ/join\n\u5728Facebook\u4e0a\u8ffd\u8e64\u6211\u5011 \u2794 https://www.facebook.com/ksmytstudio\n\u5728IG\u4e0a\u8ffd\u8e64\u6211\u5011 \u2794https://www.instagram.com/shenma_kingofcrap/\n\n\u2764\u5de5\u5546\u5408\u4f5c\u4fe1\u7bb1\uff1aksmytstudio@capsuleinc.cc\n\u2764\u60f3\u6210\u70ba\u4e0b\u4e00\u500b\u9802\u5c16 YouTube \u5275\u4f5c\u8005\u55ce\uff1f\u53ea\u8981\u60a8\u6709 YouTube \u983b\u9053\uff0c\u3010CAPSULE Academy\u3011 \u6b61\u8fce\u60a8\u7684\u52a0\u5165\u2764\n\u2192 http://bit.ly/2RtgPUv\n\n\ud83c\udfac\u66f4\u591a\u5f71\u7247\ud83c\udfac\n\n\ud83c\udf54\u98df\u7269\u7cfb\u5217\ud83c\udf5f:https://goo.gl/fA7y1Z\n\ud83d\udca5\u65e5\u5e38\u7cfb\u5217\ud83d\udca5:https://goo.gl/qfbhyP\n\n\u4ee5\u4e0b\u662f\u6211\u5011\u7684\u4e3b\u983b\u9053\uff01\u6b61\u8fce\u4f86\u8a8d\u8b58\u6211\u5011\uff01\n\uff08\u9999\u6e2f\u4eba\uff09\u99ac\u7530\uff08\u5eda\u85dd\uff09\uff1ahttps://www.youtube.com/user/dimcookguide\n\uff08\u53f0\u7063\u4eba\uff09\u963f\u795e\uff08\u904a\u6232\uff09\uff1ahttps://www.youtube.com/user/charlie615119",
        "likeCount": "12629",
        "commentCount": "350",
        "viewCount": "512508"
    },
    "comments": [
        {
            "reply_id": "UgxeB0U-i2dwiMnRSiJ4AaABAg",
            "reply_content": "\u6211\u525b\u525b\u7684\u5ee3\u544a\u771f\u7684\u662f\u641e\u795e\u99ac\u593e\u5a03\u5a03\u6a5f\u7684\u5ee3\u544aX D"
        },
        {
            "reply_id": "UgxHfCkiO0pUPqhZztt4AaABAg",
            "reply_content": "\u6211\u593e\u4e2d\u4e86\uff0c\u4f46\u6211\u5bb3\u6015\u662f\u8a50\u9a19"
        },
        {
            "reply_id": "UgwF2oUe1hB7PvfwQQl4AaABAg",
            "reply_content": "\u6211\u525b\u73a9\u4e86\u82b1\u4e09\u767e\u53f0\u5e63\u593e\u5230\u89d2\u843d\u751f\u7269\u5c0f\u5a03\u5a03\uff0c\u53ef\u662f\u5f8c\u9762\u6c92\u4e2dQQ"
        },
        {
            "reply_id": "Ugyxe-MhNiSRT6JAqTh4AaABAg",
            "reply_content": "\u5728\u4ec0\u4e48\u56fd\u5bb6\u90fd\u80fd\u5939\u5417\uff1f\u6211\u5728\u9a6c\u6765\u897f\u4e9a"
        },
        {
            "reply_id": "Ugzgsk4XM87KQSSHZgR4AaABAg",
            "reply_content": "\u4e0b\u5b85\u8981\u593e\u7684\u6642\u5019\u8981\u9322\u55ce\uff1f\ud83d\ude05"
        },
        {
            "reply_id": "UgxYYlua32CNvADEP-h4AaABAg",
            "reply_content": "\u963f\u795e\u99ac\u7530\u4f60\u5011\u7684\u5f71\u7247\uff08\u9019\u671f\u8996\u983b\uff09\u88ab\u522b\u4eba\u5f04\u6210\u5e7f\u544a\ud83d\ude02"
        },
        {
            "reply_id": "UgxbmhqVzn0IrnMcME14AaABAg",
            "reply_content": "\u99ac\u7530\u9999\u6e2f\u7684"
        },
        {
            "reply_id": "Ugzo-8l_65_66WcFeWx4AaABAg",
            "reply_content": "\u4e0b\u8f09\u4e86\ud83d\ude02\ud83d\ude02\u7b2c\u4e00\u6b21\u8cb7\u696d\u914d"
        },
        {
            "reply_id": "UgzWsvDDhvIms7PGGJ14AaABAg",
            "reply_content": "\u4f60\u53ef\u4ee5\u5e6b\u5e6b\u6211\u55ce"
        },
        {
            "reply_id": "Ugyk1oJH62SfiztW4y94AaABAg",
            "reply_content": "\u963f\u795e\u963f\u795e\u6d77\u8cca\u738b\u7684\u55ac\u5df4\u5f88\u7a00\u6709"
        },
        {
            "reply_id": "UgzxEuOoVfcFroDkF3x4AaABAg",
            "reply_content": "\u6709\u6389\u904e\u4e00\u500b\u81ea\u52d5\u5783\u573e\u6876,\u5bc4\u4f86\u53f0\u7063\u901f\u5ea6\u4e5f\u6eff\u5feb\u7684,\u5305\u88dd\u4e5f\u5f88\u5b8c\u7f8e~~~\u4e00\u958b\u59cb\u4e5f\u4ee5\u70ba\u9a19\u4eba\u7684"
        },
        {
            "reply_id": "UgwLDFYhpYqkMaIb7jJ4AaABAg",
            "reply_content": "\u5c45\u7136 \u7528\u514d\u8cbb\u5238 \u7b2c\u4e00\u6b21\u73a9\u5c31\u4e2d\u4e86"
        },
        {
            "reply_id": "UgzEIvy5qz3ZVLUhnXd4AaABAg",
            "reply_content": "\u8acb\u554f\u70ba\u4ec0\u9ebc\u6211\u7684\u593e\u5b50\u53ea\u80fd\u5de6\u53f3\u79fb\u52d5"
        },
        {
            "reply_id": "UgzphibGRqKpQNRV20x4AaABAg",
            "reply_content": "\u70ba\u4e86\u770b\u9019\u90e8\u5f71\u7247\u7136\u5f8c\u770b\u5230\u5ee3\u544a\u963f\u795e\u8207\u99ac\u7530\u4e00\u500b\u5728\u65e5\u672c\u4e00\u500b\u5728\u53f0\u7063\u593e\u5a03\u5a03\n\u800c\u4e14\u9084\u525b\u597d\u540c\u4e00\u90e8\u53ea\u5dee\u4e00\u500b\u662f\u5ee3\u544a\u4e00\u500b\u662f\u5f71\u7247"
        },
        {
            "reply_id": "UgzUfFICrAvq57fOoK94AaABAg",
            "reply_content": "\u597d\u9177\u54e6\ud83d\ude2e\u53ef\u4ee5\u9060\u7aef\u593e\u5a03\u5a03\u8036\ud83d\ude00\u5e0c\u671b\u53f0\u7063\u4e5f\u6709\u9019\u6a23\u6211\u5c31\u7b97\u4f4f\u570b\u5916\u4e5f\u53ef\u4ee5\u593e\u53f0\u7063\u7684\u6771\u897f\u4e86\u2764"
        },
        {
            "reply_id": "UgwyN28fvtXgmNCJOFV4AaABAg",
            "reply_content": "\u4f60\u4fe1\u4e0d\u4fe1\u6211\u4e00\u6b21\u5c31\u6293\u5230\u4e86\uff1f"
        },
        {
            "reply_id": "UgwRI1m7uPOOMAdhS0h4AaABAg",
            "reply_content": "\u975e\u6cd5\u99ac\u7530\u958b\u59cb\u5e6b\u81ed\u624b\u963f\u795e\u593e\u6771\u897fXD"
        },
        {
            "reply_id": "UgykZpdp3sVZmsNEfS14AaABAg",
            "reply_content": "\u6211\u8a3b\u518a\u9801\u9762\u4e00\u76f4\u986f\u793a\u51fa\u751f\u65e5\u671f\u8f38\u5165\u932f\u8aa4\ud83d\ude22"
        },
        {
            "reply_id": "UgyqT9iRLlekBybX_3l4AaABAg",
            "reply_content": "\u771f\u53bb\u5566"
        },
        {
            "reply_id": "Ugy-yLG7k6XrHtZLyNl4AaABAg",
            "reply_content": "\u6211\u6709\u53bb\u904e\u4f46\u6211\u4e0d\u77e5\u9053\u600e\u9ebc\u767c\u4e0a\u53bb\u8036\u4f60\u544a\u8a34\u6211\u963f\u795e"
        }
    ]
}