{
    "video_info": {
        "id": "wrSweQjysEw",
        "channelTitle": "\u641e\u795e\u99ac",
        "title": "\u3010\u5730\u8868\u6700\u5f37\u3011\u82b1\u8cbb160000\u5143\u9ad4\u9a57\u9999\u6e2f\u8cfd\u8eca\ud83d\udd25\u8cfd\u8eca\u624b+\u96fb\u8166\u5c08\u5bb6\u6700\u5f37\u5408\u4f5c",
        "description": "\u2764 \u6bcf\u5468\u4e09\u3001\u516d\u3001\u65e5\u90fd\u6709\u65b0\u5f71\u7247 !! \u5f9e\u4eca\u5929\u8d77\u958b\u59cb\u8a02\u95b1\u5427 !! \u2764\n\u52a0\u5165\u6703\u54e1\u2794https://www.youtube.com/channel/UCAsviiS5DE0pcuvxPRrrAzQ/join\n\u5728Facebook\u4e0a\u8ffd\u8e64\u6211\u5011 \u2794 https://www.facebook.com/ksmytstudio\n\u5728IG\u4e0a\u8ffd\u8e64\u6211\u5011 \u2794https://www.instagram.com/shenma_kingofcrap/\n\n\u2764\u5de5\u5546\u5408\u4f5c\u4fe1\u7bb1\uff1aksmytstudio@capsuleinc.cc\n\u2764\u60f3\u6210\u70ba\u4e0b\u4e00\u500b\u9802\u5c16 YouTube \u5275\u4f5c\u8005\u55ce\uff1f\u53ea\u8981\u60a8\u6709 YouTube \u983b\u9053\uff0c\u3010CAPSULE Academy\u3011 \u6b61\u8fce\u60a8\u7684\u52a0\u5165\u2764\n\u2192 http://bit.ly/2RtgPUv\n\n\ud83c\udfac\u66f4\u591a\u5f71\u7247\ud83c\udfac\n\n\ud83c\udf54\u98df\u7269\u7cfb\u5217\ud83c\udf5f:https://goo.gl/fA7y1Z\n\ud83d\udca5\u65e5\u5e38\u7cfb\u5217\ud83d\udca5:https://goo.gl/qfbhyP\n\n\u4ee5\u4e0b\u662f\u6211\u5011\u7684\u4e3b\u983b\u9053\uff01\u6b61\u8fce\u4f86\u8a8d\u8b58\u6211\u5011\uff01\n\uff08\u9999\u6e2f\u4eba\uff09\u99ac\u7530\uff08\u5eda\u85dd\uff09\uff1ahttps://www.youtube.com/user/dimcookguide\n\uff08\u53f0\u7063\u4eba\uff09\u963f\u795e\uff08\u904a\u6232\uff09\uff1ahttps://www.youtube.com/user/charlie615119",
        "likeCount": "6281",
        "commentCount": "148",
        "viewCount": "155713"
    },
    "comments": [
        {
            "reply_id": "UgyXegJzle5SY6Bduh14AaABAg",
            "reply_content": "\u8b93\u7121\u99d5\u7167\u99ac\u7530\u53d4\u53d4\u5b8c\u6210\u98c6\u8eca\u5927\u5e3d\u5c71\u7684\u9858\u671b !!"
        },
        {
            "reply_id": "UgwO3cGTQSTouVP6wa54AaABAg",
            "reply_content": "\u9019\u662f\u73a9\u54ea\u6b3e\u8cfd\u8eca\u904a\u6232\u5462\uff1f"
        },
        {
            "reply_id": "UgwvJlPlfGAJSpaygGV4AaABAg",
            "reply_content": "\u6211\u4fc2\u9999\u6e2f\u7684"
        },
        {
            "reply_id": "Ugzq3Su88HoKqIfZB614AaABAg",
            "reply_content": "\u6211\u600e\u9ebc\u4e00\u9ede\u90fd\u4e0d\u89ba\u5f97\u963f\u795e\u6709\u9000\u4f11\n\u4e0d\u6127\u662f30\u842c\n\u597d\u5e25\u5594\uff01\u4e5f\u662f\u6709\u715e\u8eca\u548c\u6cb9\u9580\u7684\u55ce\uff1f\u597d\u6709\u611f"
        },
        {
            "reply_id": "UgzB2IiHDiBLtfv_4dd4AaABAg",
            "reply_content": "\u6211\u96fb\u8166\u6700\u597d\u4e5f\u53ea\u6709\u5854\u6247\u800c\u5df2(\u4e0d\u6703\u767c\u4eae)"
        },
        {
            "reply_id": "Ugz9-Ha1XX12z_FN84p4AaABAg",
            "reply_content": "\u8fd8\u662f\u559c\u6b22\u672c\u8272\u51fa\u6f14\uff01\u4fe9\u4eba\u771f\u7684\u5f88\u641e\u7b11\uff0c\u6709\u65f6\u5019\u8fd8\u5f88\u5317\u4e03"
        },
        {
            "reply_id": "Ugx_rtUQDXVFEoLHHJl4AaABAg",
            "reply_content": "\u6211\u4e5f\u5728\u9999\u6e2f"
        },
        {
            "reply_id": "UgyRWN20OuwWuxY3gB54AaABAg",
            "reply_content": "\u99ac\u7530\u8aaa\u5c4e\u6389\u4e86\u597d\u53ef\u611b"
        },
        {
            "reply_id": "Ugz6voXB_NA0sLdYcxh4AaABAg",
            "reply_content": "\u7b2c\u4e00\u6b21\u5230\u4f60\u5bb6\uff0c\u5373\u662f\u4e4b\u524d\u90fd\u5728\u5de5\u4f5c\u5ba4\u641e\uff1f"
        },
        {
            "reply_id": "UgybWT-ufQjeh3z5LEF4AaABAg",
            "reply_content": "\u9019\u600e\u9ebc\u89ba\u5f97\u50cf\u662f\u5728\u5e8a\u4e0a\u62cd\u7247\ud83e\udd23\ud83e\udd23\ud83e\udd23"
        },
        {
            "reply_id": "UgzPuvZOs_BdzaD6Ml54AaABAg",
            "reply_content": "\u4e0d\u88dd\u6c34\u51b7\uff0c\u6709\u9019\u9ebc\u5f37\u7684\u786c\u9ad4\u914d\u7f6e\u4e5f\u6c92\u6cd5\u597d\u597d\u767c\u63ee\u5427"
        },
        {
            "reply_id": "UgyYQhGuifGZZ8NhEgp4AaABAg",
            "reply_content": "\u6211\u4eec\u8fd9\u91cc\u7684\u5927\u5192\u5c71\u73b0\u5728\u7ed3\u971c\uff0c\u5982\u679c\u4f60\u73b0\u5728\u771f\u7684\u5f00\u8f66\u4e0a\u53bb\uff0c\u4f60\u7684\u8f66\u8f66\u4f1a\u574f\u6389\uff1a\uff09\n\uff0830\u4e07\u597d\u8d35\u5440\uff0c\u963f\u795e\u4f60\u4e5f\u8981\u8bb0\u5f97\u4f11\u606f\uff09"
        },
        {
            "reply_id": "UgxxxDb33zAAG7o0hxl4AaABAg",
            "reply_content": "\u4e00\u6a23\u7684\u5730\u5716\u4e00\u6a23\u7684\u8eca\u6c92\u6709\u8a2d\u5b9a\u904e,\u6211\u80fd\u8dd1\u5728\u5927\u7d041\u520655\u79d2"
        },
        {
            "reply_id": "UgyDth9TEzRsjxWrkvd4AaABAg",
            "reply_content": "\u5c0f\u6e6f\u597d\u53b2\u5bb3\u5594\u624b\u611f\u5f88\u597d\u554a\u795e\u4e5f\u5f88\u53b2\u5bb3"
        },
        {
            "reply_id": "UgzoZPDJlk_gjRXP28h4AaABAg",
            "reply_content": "\u611f\u8b1d\u641e\u795e\u99ac\u5206\u4eab\u9999\u6e2f\u8cfd\u8eca\u8cc7\u8a0a\uff01"
        },
        {
            "reply_id": "UgzSPmMJB-Lr-_bt9xB4AaABAg",
            "reply_content": "\u96f7\u516c\u7530"
        },
        {
            "reply_id": "UgyJOFy4ms108HFclWV4AaABAg",
            "reply_content": "\u6709\u5187\u4eba\u767c\u73fe\u5168\u7a0b\u9006\u5411\u540c\u5de6\u8eda\ud83d\ude39\ud83d\ude39"
        },
        {
            "reply_id": "UgwHnEKtsC0KzJT3bmd4AaABAg",
            "reply_content": "\u597d\u5947\u600e\u9ebc\u4e0d\u4e0a\u6c34\u51b7 \u611f\u89ba\u9019\u9ebc\u591a\u98a8\u6247\u7a4d\u7070\u8981\u6e05\u597d\u9ebb\u7169"
        },
        {
            "reply_id": "UgwwApZRNBaXxpWZ0DV4AaABAg",
            "reply_content": "\u592a\u9177\u4e86\u5427\uff01"
        },
        {
            "reply_id": "UgyD1Gvf6pjF8AsAh0B4AaABAg",
            "reply_content": "\u9999\u6e2f\u7684\u8eca\u662f\u53f3\u8eda\u8eca \u4e0d\u662f\u53f0\u7063\u7684\u5de6\u8eda\u8eca"
        }
    ]
}