{
    "video_info": {
        "id": "xOP9WHnk11w",
        "channelTitle": "\u641e\u795e\u99ac",
        "title": "\u3010\u96e3\u5ea6\u9ede\u6eff\u3011\u767e\u4eba\u5927\u6311\u6230\u7fa9\u8ce3\u554f\u7b54\u5927\u6703\uff5c99\uff05\u7c89\u7d72\u90fd\u7b54\u932f\uff5c\u53c3\u89c0\u4e16\u4e0a\u6700\u597d\u7684\u516c\u53f8",
        "description": "\u9084\u6709\u5269\u4e0b\u4e00\u4e9b\u54c1\u9805\u9084\u662f\u6b61\u8fce\u5927\u5bb6\u4e00\u8d77\u505a\u516c\u76ca\u5594\uff01\n\u6eff\u984d\u4e00\u6a23\u6703\u6709\u795e\u99ac\u7c3d\u540d\u7167\u6703\u9023\u540c\u4e8c\u624b\u7269\u5bc4\u51fa\u2764\nhttps://www.cmer.co/pages/%E6%90%9E%E7%A5%9E%E9%A6%AC%E7%B7%9A%E4%B8%8A%E5%85%AC%E7%9B%8A%E4%BA%8C%E6%89%8B%E6%8B%8D\n\n\u2764 \u6bcf\u5468\u4e09\u3001\u516d\u3001\u65e5\u90fd\u6709\u65b0\u5f71\u7247 !! \u5f9e\u4eca\u5929\u8d77\u958b\u59cb\u8a02\u95b1\u5427 !! \u2764\n\u52a0\u5165\u6703\u54e1\u2794https://www.youtube.com/channel/UCAsviiS5DE0pcuvxPRrrAzQ/join\n\u5728Facebook\u4e0a\u8ffd\u8e64\u6211\u5011 \u2794 https://www.facebook.com/ksmytstudio\n\u5728IG\u4e0a\u8ffd\u8e64\u6211\u5011 \u2794https://www.instagram.com/shenma_kingofcrap/\n\n\u2764\u5de5\u5546\u5408\u4f5c\u4fe1\u7bb1\uff1aksmytstudio@capsuleinc.cc\n\u2764\u8fa6\u6d3b\u52d5\u3001\u51fa\u5468\u908a\u3001\u806f\u540d\u5546\u54c1\u90fd\u6b61\u8fce\u627eCAPSULE\uff1a https://capsuleinc.co/\n\n\ud83c\udfac\u66f4\u591a\u5f71\u7247\ud83c\udfac\n\n\ud83c\udf54\u98df\u7269\u7cfb\u5217\ud83c\udf5f:https://goo.gl/fA7y1Z\n\ud83d\udca5\u65e5\u5e38\u7cfb\u5217\ud83d\udca5:https://goo.gl/qfbhyP\n\n\u4ee5\u4e0b\u662f\u6211\u5011\u7684\u4e3b\u983b\u9053\uff01\u6b61\u8fce\u4f86\u8a8d\u8b58\u6211\u5011\uff01\n\uff08\u9999\u6e2f\u4eba\uff09\u99ac\u7530\uff08\u5eda\u85dd\uff09\uff1ahttps://www.youtube.com/user/dimcookguide\n\uff08\u53f0\u7063\u4eba\uff09\u963f\u795e\uff08\u904a\u6232\uff09\uff1ahttps://www.youtube.com/user/charlie615119",
        "likeCount": "4554",
        "commentCount": "77",
        "viewCount": "100540"
    },
    "comments": [
        {
            "reply_id": "UgxPzFdEZoLcOVPF2jl4AaABAg",
            "reply_content": "9:05 \u6211\u597d\u958b\u5fc3\u5440\u5c45\u7136\u4e0a\u4e86\u641e\u795e\u99ac\u6211\u662f\u7da0\u8272\u8863\u670d\u7684\u5c0f\u80d6\u5b50"
        },
        {
            "reply_id": "UgykSDhZHs0agFmqooJ4AaABAg",
            "reply_content": "\u597d\u53ef\u60dc\u54df\uff0c\u6211\u559c\u6b22\u770b\u963f\u795e\u7684\u5f71\u7247\uff0c\u4f46\u662f\u963f\u795e\u5728\u53f0\u6e7e\uff0c\u6211\u5728\u9a6c\u6765\u897f\u4e9a\u3002\u6211\u6ca1\u6709\u94b1\u53bb\u5750\u98de\u673a\u770b\u4f60\u3002"
        },
        {
            "reply_id": "Ugz_4TyDBgxJJC5eg1d4AaABAg",
            "reply_content": "\u7b2c\u4e00\u6b21\u898b\u9762\u4e0d\u662f\u5728youtube\u5b98\u65b9\u8209\u884c\u7684\u6d3b\u52d5\u55ce?\u4e0d\u904e\u90a3\u6642\u6c92\u4ea4\u6d41,\u70e4\u9d28\u5e97\u90a3\u88cf\u662f\u7b2c\u4e8c\u6b21\u898b\u9762\u4f46\u6709\u4ea4\u6d41\u800c\u4e14\u5c31\u6c7a\u5b9a\u5408\u4f5c\u5427"
        },
        {
            "reply_id": "Ugy3se8FyHf3NOBM3jV4AaABAg",
            "reply_content": "\u6700\u4e0d\u6368\u7684\u662f\u51b0\u6dc7\u6dcb\u6a5f\uff0c\u771f\u4e0d\u5e0c\u671b\u51b0\u6dc7\u6dcb\u7cfb\u5217\u5c31\u9019\u6a23\u7d50\u675f\u4e86"
        },
        {
            "reply_id": "UgzA7PVdCmC68QtjzHp4AaABAg",
            "reply_content": "\u99ac\u7530\u56e0\u70ba\u4e0d\u5920\u9ad8\uff0c\u60f3\u52d5\u4e09\u539f\u7684\u724c\u5b50\ud83e\udd23"
        },
        {
            "reply_id": "UgzKsnGLT3qOiBCMMF14AaABAg",
            "reply_content": "\u7c89\u7d72\u771f\u7684\u90fd\u662f\u5c0f\u670b\u53cbXD"
        },
        {
            "reply_id": "Ugw93Q2twz2dMTHbgHN4AaABAg",
            "reply_content": "\u963f\u795e\u4e0d\u6234\u53e3\u7f69\uff0c\u6216\u4e0d\u6234\u773c\u93e1\uff0c\u4e00\u6a23\u5e25\ud83d\udc4d"
        },
        {
            "reply_id": "UgyjDwJyCNa-HngfPTp4AaABAg",
            "reply_content": "\u4f60\u597d\u963f\u795e\u548c\u99ac\u7530\uff0c\u6211\u662f\u4f60\u7684\u5fe0\u5be6\u89c0\u773e\uff0c\u4e00\u76f4\u4ee5\u4f86\u975e\u5e38\u559c\u6b61\u4f60\u7684\u5167\u5bb9\u3002\u4f60\u7684\u5f71\u7247\u5145\u6eff\u4e86\u71b1\u60c5\u548c\u6b63\u80fd\u91cf\uff0c\u6bcf\u7576\u6211\u770b\u5230\u4f60\u7684\u5f71\u7247\uff0c\u90fd\u6703\u611f\u5230\u5f88\u958b\u5fc3\u548c\u653e\u9b06\u3002\u8b1d\u8b1d\u4f60\u70ba\u6211\u5011\u5e36\u4f86\u9019\u9ebc\u591a\u6b61\u6a02\u548c\u555f\u767c\u3002\u6211\u6703\u7e7c\u7e8c\u652f\u6301\u4f60\uff0c\u671f\u5f85\u66f4\u591a\u7cbe\u5f69\u7684\u5167\u5bb9\u3002\u795d\u4f60\u4e00\u5207\u9806\u5229\uff0c\u8eab\u9ad4\u5065\u5eb7\uff0c\u4e8b\u696d\u6210\u529f\uff01"
        },
        {
            "reply_id": "Ugz60OWJvVfvbrbL-DJ4AaABAg",
            "reply_content": "\u771f\u7684\u89ba\u5f97\u9019\u500b\u5e73\u53f0\u770b\u7684\u4e0d\u662f\u5f71\u7247\uff0c\u662f\u963f\u795e\u548c\u99ac\u7530\u53d4\u53d4\u7684\u4e92\u52d5\uff0c\u8d85\u559c\u6b61\uff0c\u8d85\u6709\u611b\u7684"
        },
        {
            "reply_id": "UgyW08kEcC3eXBCHWDR4AaABAg",
            "reply_content": "\u7576\u5929\u7e3d\u7b97\u8cb7\u5230\u4f86\u81ea\u5de5\u4f5c\u5ba4\u7684\u73cd\u54c1\u5566~~~ \n\u99ac\u7530\u53d4\u53d4\u771f\u53ef\u611b\uff08\uff1f \u5169\u4eba\u7ad9\u4e00\u8d77\u771f\u7684\u662f\u6700\u840c\u8eab\u9ad8\u5dee"
        },
        {
            "reply_id": "UgynMjXkvffU8SDt8SN4AaABAg",
            "reply_content": "\u9898\u76ee\u5176\u5be6\u90fd\u5f88\u5bb9\u6613\uff0c\u96e3\u5728\u6c92\u6709\u5b57\u5e55\ud83e\udd23"
        },
        {
            "reply_id": "UgzWhWMmVqVrb3URmAB4AaABAg",
            "reply_content": "\u6bcf\u6b21\u79ae\u62dc\u4e09\u3001\u79ae\u62dc\u516d\u90fd\u6703\u7b49\u641e\u795e\u99ac\u66f4\u65b0!"
        },
        {
            "reply_id": "UgwxGj1LKo_YSCsi7aV4AaABAg",
            "reply_content": "\u526a\u8f2f\u5e2b\u771f\u7684\u662f\u8981\u8b8a\u201c\u526a\u8f2f\u5c38\u201d\u4e86"
        },
        {
            "reply_id": "Ugzt2DzTtT3pPB7CXvx4AaABAg",
            "reply_content": "\u99ac\u7530\u771f\u662f\u5b0c\u5c0f\u73b2\u74cf\u5e25\uff01"
        },
        {
            "reply_id": "Ugwn8NzKitVqIComGq14AaABAg",
            "reply_content": "\u539f\u4f86\u795e\u99ac\u521d\u76f8\u6703\u7684\u9d28\u5e97\u5df2\u7136\u4e0d\u518d"
        },
        {
            "reply_id": "UgzAUFyq6LLFJMVEVAh4AaABAg",
            "reply_content": "\u5230\u5e95\u963f\u795e\u5e7e\u9ad8\uff1f"
        },
        {
            "reply_id": "UgxczVMEB76dhJm6_RV4AaABAg",
            "reply_content": "\u6bcf\u6b21\u8ddf\u99ac\u7530\u5408\u7167\u90fd\u662f\u6234\u8457\u53e3\u7f69\u7684\n\u770b\u5230\u9019\u4e9b\u756b\u9762\u597d\u7fa8\u6155\u554a"
        },
        {
            "reply_id": "UgzAUj27nbS6v91Q5cZ4AaABAg",
            "reply_content": "\u60f3\u8981\u738b\u660c\ud83d\ude06"
        },
        {
            "reply_id": "Ugw47A5xeWGLPTW5S614AaABAg",
            "reply_content": "\u70e4\u9d28\u5e97\u90a3\u984c\u6211\u6703 \u4e4b\u524d\u963f\u6ef4\u548c\u6ef4\u59b9\u4e0b\u7684\u6230\u5e16\u5feb\u554f\u5feb\u6253\u90a3\u96c6 \u6709\u7b54\u6848"
        },
        {
            "reply_id": "UgxQFMAraoMiWinI1_Z4AaABAg",
            "reply_content": "\u7b2c\u4e00\u984c\u6211\u77e5\u9053!!!!\n\u6211\u53ef\u662f\u5728\u9084\u6c92\u6709\u767c\u5f71\u7247\u5c31\u8a02\u95b1\u795e\u99ac\u7684\u4eba\u5462w\n\u5169\u500b\u4eba\u5f88\u5c37\u5c2c\u5730\u642c\u4e86\u5169\u5f35\u6905\u5b50\u5750\u5728\u651d\u5f71\u6a5f\u524d\u8ddf\u5927\u5bb6\u8aaa\u65b0\u7684\u983b\u9053(\u90fd\u662f\u5ee2\u7247ww\n\u90a3\u6642\u5019\u9023\u684c\u5b50\u90fd\u9084\u6c92\u6709!!!\n\u7136\u5f8c\u65c1\u908a\u67b6\u4e86\u4e00\u76de\u9084\u5169\u76de\u7684\u71c8\u6253\u5149w\n\u5f8c\u4f86\u624d\u53bb\u8cb7\u4e86\u5e8a\u588a\u3001\u505a\u4e86\u684c\u5b50(\u5f8c\u4f86\u8b8a\u6210\u4e86\u751f\u5316\u684c\n\n\u597d\u61f7\u5ff5\u311a\u311a\u311a\n\u53ef\u60dc\u90a3\u5929\u771f\u7684\u4f86\u4e0d\u53ca\u4e0a\u53f0\u5317\n\u4e0d\u7136\u6211\u4e00\u5b9a\u5230\u5834\u7684\u55da\u55da\u55da"
        }
    ]
}