{
    "video_info": {
        "id": "xQVB3s83-pI",
        "channelTitle": "\u641e\u795e\u99ac",
        "title": "\u3010\u7f8e\u98df\u7834\u89e3\u3011\u7528\u4e00\u6574\u7f50\u5805\u679c\u505a\u62cc\u9eb5\uff5c100\uff05\u7d14\u5805\u679c\u91acdiy\ud83c\udf30\u8d85\u7c21\u55ae\u9ebb\u8fa3\u62cc\u9eb5",
        "description": "KAMI\u91ac\uff1ahttps://shopee.tw/kamikami_official\n\u26a0\ufe0fKAMI\u91ac\u662f\u985e\u6c99\u8336\u91ac\u7528\u6cd5\uff0c\u5efa\u8b70\u642d\u914d\u91ac\u6cb9\u6216\u5176\u4ed6\u8abf\u5473\u6599\u4f7f\u7528\uff0c\u9700\u8981\u5148\u652a\u62cc\u5747\u52fb\u5f8c\u518d\u4f7f\u7528\u907f\u514d\u53ea\u6cbe\u53d6\u5230\u8fa3\u6cb9\uff01\n\n\u2764 \u6bcf\u5468\u4e09\u3001\u516d\u3001\u65e5\u90fd\u6709\u65b0\u5f71\u7247 !! \u5f9e\u4eca\u5929\u8d77\u958b\u59cb\u8a02\u95b1\u5427 !! \u2764\n\u52a0\u5165\u6703\u54e1\u2794https://www.youtube.com/channel/UCAsviiS5DE0pcuvxPRrrAzQ/join\n\u5728Facebook\u4e0a\u8ffd\u8e64\u6211\u5011 \u2794 https://www.facebook.com/ksmytstudio\n\u5728IG\u4e0a\u8ffd\u8e64\u6211\u5011 \u2794https://www.instagram.com/shenma_kingofcrap/\n\n\u2764\u5de5\u5546\u5408\u4f5c\u4fe1\u7bb1\uff1aksmytstudio@capsuleinc.cc\n\u2764\u8fa6\u6d3b\u52d5\u3001\u51fa\u5468\u908a\u3001\u806f\u540d\u5546\u54c1\u90fd\u6b61\u8fce\u627eCAPSULE\uff1a https://capsuleinc.co/\n\n\ud83c\udfac\u66f4\u591a\u5f71\u7247\ud83c\udfac\n\n\ud83c\udf54\u98df\u7269\u7cfb\u5217\ud83c\udf5f:https://goo.gl/fA7y1Z\n\ud83d\udca5\u65e5\u5e38\u7cfb\u5217\ud83d\udca5:https://goo.gl/qfbhyP\n\n\u4ee5\u4e0b\u662f\u6211\u5011\u7684\u4e3b\u983b\u9053\uff01\u6b61\u8fce\u4f86\u8a8d\u8b58\u6211\u5011\uff01\n\uff08\u9999\u6e2f\u4eba\uff09\u99ac\u7530\uff08\u5eda\u85dd\uff09\uff1ahttps://www.youtube.com/user/dimcookguide\n\uff08\u53f0\u7063\u4eba\uff09\u963f\u795e\uff08\u904a\u6232\uff09\uff1ahttps://www.youtube.com/user/charlie615119",
        "likeCount": "5458",
        "commentCount": "135",
        "viewCount": "162466"
    },
    "comments": [
        {
            "reply_id": "UgxcUhzrRl55dhozdDx4AaABAg",
            "reply_content": "\u8001X\u62cc\u9eb5\u6709\u51fa\u82a5\u672b\u5805\u679c\u73cd\u73e0\u62cc\u9eb5\uff0c\u5efa\u8b70\u52a0\u82a5\u672b\u770b\u770b\uff0c\u9084\u883b\u597d\u5403\u7684\uff0c\u5805\u679c\u548c\u82a5\u672b\u5f88\u642d\u3002\u81f3\u65bc\u73cd\u73e0\u6703\u8b93\u98a8\u5473\u5927\u8f49\u8b8a\uff0c\u8acb\u81ea\u884c\u659f\u914c\u3002"
        },
        {
            "reply_id": "UgyydqjIGr1iEGpb-YJ4AaABAg",
            "reply_content": "\u561b \u62cc\u9762\u7684\u91cf \u53ea\u6703\u80d6\u800c\u5df2"
        },
        {
            "reply_id": "UgzfKy8GfQzJDwwAvXF4AaABAg",
            "reply_content": "\u611f\u89ba\u554a\u795e\u883b\u60f3\u8ddf\u99ac\u7530\u62cd\u4e0b\u53bb\u7684 \u679c\u7136\u554a\u795e\u5728\u641e\u795e\u99ac\u88e1\u6bd4\u8f03\u6b61\u6a02www"
        },
        {
            "reply_id": "UgyVf4GNXu1XlQ_QLGp4AaABAg",
            "reply_content": "\u6bcf\u5929\u90fd\u9019\u6a23\u5403\uff0c\u6210\u672c\u6703\u4e0d\u6703\u5f88\u5927\ud83d\ude02\ud83d\ude02\uff0c\u90a3\u4e00\u7f50\u591a\u5c11\u554a"
        },
        {
            "reply_id": "Ugy8e7ecQzyVlkK6H8p4AaABAg",
            "reply_content": "\u6211\u8a18\u5f97\u4f19\u982d\u667a\u591a\u661f\u4e00\u958b\u59cb\u500b\u5e7e\u96c6\u5c31\u6709\u6bd4\u716e\u610f\u7c89, \u8a71\u610f\u7c89\u52a0\u679c\u4ec1\u788e\u597d\u597d\u98df."
        },
        {
            "reply_id": "UgwxLhT-Q-u-xWYit1Z4AaABAg",
            "reply_content": "\u6211\u5728\u9999\u6e2f\u4e5f\u60f3\u8cb7\uff0c\u6c92\u770b\u5230\u5728\u90a3\u8cb7\u5462"
        },
        {
            "reply_id": "Ugy-GPsJMrQRbOg64Pd4AaABAg",
            "reply_content": "\u8acb\u554f\u8981\u505a\u6787\u6777\u818f\u4e86\u55ce\uff1f\u2764"
        },
        {
            "reply_id": "UgxT5IdknBCsB7koCUF4AaABAg",
            "reply_content": "\u963f\u795e\uff0c\u4f60\u505c\u6b62\u4e86\u81ea\u5df1\u7684\u983b\u9053\u5f71\u7247\uff0c\u90a3\u4f60\u9084\u6703\u7e7c\u7e8c\u5f04\u641e\u795e\u99ac\u983b\u9053\u7684\u5f71\u7247\u55ce"
        },
        {
            "reply_id": "UgxdFefpopZnH4swr9R4AaABAg",
            "reply_content": "\u53ef\u60dc\u6fb3\u9580\u6c92\u6709\ud83d\ude22"
        },
        {
            "reply_id": "Ugx6dqpR8fEbOEOYUf54AaABAg",
            "reply_content": "\u91ac\u6599\u5f88\u4e0d\u932f \u7b2c\u4e00\u6b21\u52a0\u5f97\u592a\u591a\u975e\u5e38\u9ebb\ud83e\udd23"
        },
        {
            "reply_id": "UgzhUG4U2CfriLMjq3N4AaABAg",
            "reply_content": "\u8981\u958b\u59cb\u8ce3\u795e\u99ac\u62cc\u9762\u4e86\u55ce"
        },
        {
            "reply_id": "UgzjbegLQCUl34JKFi54AaABAg",
            "reply_content": "\u652a\u62cc\u7684\u6642\u5019\u662f\u7528\u963f\u795e\u5403\u904e\u7684\u7b77\u5b50\u8a92\uff08\u99ac\u7530\u6c92\u767c\u73fe"
        },
        {
            "reply_id": "UgxsqYxnzjjxjp7haA54AaABAg",
            "reply_content": "\u61c9\u8a72\u8981\u7528\u522e\u5200\u628a\u679c\u6c41\u88e1\u9762\u7684\u91ac\u522e\u4e7e\u6de8\u554a\uff01\u5f37\u8feb\u75c7\u770b\u5230\u9019\u6a23\u6709\u9ede\u96e3\u904e\u554a ~~~~~"
        },
        {
            "reply_id": "Ugycr0jdo3-sbJwimO14AaABAg",
            "reply_content": "\u641e\u795e\u9a6c\u8fd8\u4f1a\u7ee7\u7eed\u505a\u5417\ud83d\ude22"
        },
        {
            "reply_id": "UgychnSGoaYaJasDJdF4AaABAg",
            "reply_content": "\u99ac\u7530\u9f20\u9f20\u4f60\u9019\u6a23\u6416\u5927\u9846\u7684\u6703\u8dd1\u4e0a\u53bb\u5c31\u8981\u69a8\u66f4\u4e45\ud83e\udd23\ud83e\udd23"
        },
        {
            "reply_id": "UgzB0EYDugsdc7xJZed4AaABAg",
            "reply_content": "\u8d85\u7c21\u55ae\uff0c\u4f46\u662f\u8981\u5f9e\u81ea\u88fd\u5805\u679c\u91ac\u958b\u59cb\u3002"
        },
        {
            "reply_id": "Ugy_636ip3NZ8W9NY6d4AaABAg",
            "reply_content": "\u963f\u795e\u4e0a\u4eba\u59bb\u4ed9\u5973\u9583\u9583\u7684\u81ed\ud83c\udd71\ufe0f"
        },
        {
            "reply_id": "Ugy-fkYNKiSma9wyyj54AaABAg",
            "reply_content": "\u694a\u6843\u98df\u8b5c\u7db2"
        },
        {
            "reply_id": "UgyPVuCHoFdEYrjNo954AaABAg",
            "reply_content": "\u59c6\u58eb\u6709\u51fa\u904e"
        },
        {
            "reply_id": "UgwLLdlShoHc7QIg7Ip4AaABAg",
            "reply_content": "\u5805\u679c\u53ef\u4ee5\u51b0\u5176\u6dcb\u55ce"
        }
    ]
}