{
    "video_info": {
        "id": "YfC16hpJKgU",
        "channelTitle": "\u641e\u795e\u99ac",
        "title": "\u3010\u9001\u79ae\u5fc5\u770b\u3011\u9019\u4e9b\u90fd\u662f\u98df\u7269\uff1f\u8d85\u60e1\u641e\u507d\u88dd\u96f6\u98df\u958b\u7bb1\uff01",
        "description": "\u807d\u8aaa\u662f\u53f0\u7063\u570b\u9ad8\u4e2d\u751f\u5fc5\u5099\u7684 XD\n\u6216\u662f\u5927\u5b78\u751f\u7684all pass\u7cd6\u55ce\n\n\u2764 \u6bcf\u5468\u4e09\u3001\u516d\u3001\u65e5\u90fd\u6709\u65b0\u5f71\u7247 !! \u5f9e\u4eca\u5929\u8d77\u958b\u59cb\u8a02\u95b1\u5427 !! \u2764\n\u52a0\u5165\u6703\u54e1\u2794https://www.youtube.com/channel/UCAsviiS5DE0pcuvxPRrrAzQ/join\n\u5728Facebook\u4e0a\u8ffd\u8e64\u6211\u5011 \u2794 https://www.facebook.com/ksmytstudio\n\u5728IG\u4e0a\u8ffd\u8e64\u6211\u5011 \u2794https://www.instagram.com/shenma_kingofcrap/\n\n\u2764\u5de5\u5546\u5408\u4f5c\u4fe1\u7bb1\uff1aksmytstudio@capsuleinc.cc\n\u2764\u60f3\u6210\u70ba\u4e0b\u4e00\u500b\u9802\u5c16 YouTube \u5275\u4f5c\u8005\u55ce\uff1f\u53ea\u8981\u60a8\u6709 YouTube \u983b\u9053\uff0c\u3010CAPSULE Academy\u3011 \u6b61\u8fce\u60a8\u7684\u52a0\u5165\u2764\n\u2192 http://bit.ly/2RtgPUv\n\n\ud83c\udfac\u66f4\u591a\u5f71\u7247\ud83c\udfac\n\n\ud83c\udf54\u98df\u7269\u7cfb\u5217\ud83c\udf5f:https://goo.gl/fA7y1Z\n\ud83d\udca5\u65e5\u5e38\u7cfb\u5217\ud83d\udca5:https://goo.gl/qfbhyP\n\n\u4ee5\u4e0b\u662f\u6211\u5011\u7684\u4e3b\u983b\u9053\uff01\u6b61\u8fce\u4f86\u8a8d\u8b58\u6211\u5011\uff01\n\uff08\u9999\u6e2f\u4eba\uff09\u99ac\u7530\uff08\u5eda\u85dd\uff09\uff1ahttps://www.youtube.com/user/dimcookguide\n\uff08\u53f0\u7063\u4eba\uff09\u963f\u795e\uff08\u904a\u6232\uff09\uff1ahttps://www.youtube.com/user/charlie615119",
        "likeCount": "8583",
        "commentCount": "167",
        "viewCount": "299850"
    },
    "comments": [
        {
            "reply_id": "UgwvVzINACg-vuZ9umZ4AaABAg",
            "reply_content": "\u70ba\u4ec0\u9ebc\u96a8\u4fbf\u4e0d\u8d77\u50b3\u904e\u4f86"
        },
        {
            "reply_id": "UgwY7iq3L__BPTNLjOd4AaABAg",
            "reply_content": "\u90a3\u500b\u68d2\u68d2\u7cd6\u6211\u9084\u4ee5\u70ba\u662f\u90a3\u7a2e\u53ef\u4ee5\u807d\u5230\u8072\u97f3\u7684\u90a3\u500b\u68d2\u68d2\u7cd6\ud83e\udd23\ud83e\udd23\ud83e\udd23"
        },
        {
            "reply_id": "Ugz88QicnVAqxH5VQRJ4AaABAg",
            "reply_content": "\u7ff0\u7fbd\uff1a\u513f\u7ae5\u8282\u65f6\u4f60\u53ef\u4ee5\u9001\u7ed9\u73ed\u4e0a\u7684\u540c\u5b66"
        },
        {
            "reply_id": "Ugy9bq5UcRVhyLqOir14AaABAg",
            "reply_content": "\u6211\u600e\u9ebc\u60f3\u8d77\u4e86\u661f\u723a\u628a\u5957\u5957\u653e\u9032\u5634\u88cf\u5439\u6ce1\u6ce1\u7684\u756b\u9762"
        },
        {
            "reply_id": "UgxMtP_qdWan_Zl0ewt4AaABAg",
            "reply_content": "\u946b"
        },
        {
            "reply_id": "UgyhmfVVG1p0JDwDYJl4AaABAg",
            "reply_content": "\u5370\u5802\u767c\u9ed1\ud83d\ude02"
        },
        {
            "reply_id": "UgwpqBc_gujXNNzqgWx4AaABAg",
            "reply_content": "\u751f\u65e5\u6536\u5230\u5973\u670b\u53cb\u7b2c\u4e00\u6b21"
        },
        {
            "reply_id": "Ugx9ybv7VE9JNAT7iTZ4AaABAg",
            "reply_content": "\u9019\u6839\u672c\u5c31\u662f\u90a3\u5225\u7684\u7cd6\u679c\u9084\u662f\u4ec0\u9ebc\u62ff\u51fa\u4f86\u7136\u5f8c\u653e\u5728\u76d2\u5b50\u9084\u662f\u7f50\u5b50\u88e1\u554a\uff01\u5f88\u58de\u6b38"
        },
        {
            "reply_id": "UgwzjWzfQvLHojbMlct4AaABAg",
            "reply_content": "\u6211\u4ee5\u70ba\u662f\u885b\u751f\u68c9\u5f62\u72c0\u8ddf\u4fdd\u96aa\u5957\u5f62\u72c0\u7684\u7cd6\u679c \u9019\u662f\u4ec0\u9ebc\u9b3c"
        },
        {
            "reply_id": "UgxAxS2w7nF-4Ri4ge14AaABAg",
            "reply_content": "\u539f\u4f86\u963f\u795e\u7b2c\u4e00\u6b21\u770b\u5230\u90a3\u7a2e\u68c9\u82b1\u7cd6\ud83e\udd23"
        },
        {
            "reply_id": "UgywjU1l_jZuDst1pE14AaABAg",
            "reply_content": "\u99ac\u7530\u53d4\u53d4\u8b1b\u4e2d\u6587\u53ef\u611b\u5230\u7206\ud83d\ude0d\ud83d\ude0d\ud83d\ude0d\u597d\u597d\u7b11\ud83d\ude02\u597d\u53ef\u611b\ud83d\ude02\u5e0c\u671b\u6c38\u9060\u4e0d\u8981\u6a19\u6e96\ud83d\ude02\u54c8\u54c8"
        },
        {
            "reply_id": "UgxN2f_R2JbDSuD4met4AaABAg",
            "reply_content": "\u6211\u8056\u8a95\u7bc0\u7684\u6642\u5019\u6709\u9001\u300e\u9bca\u9a0e\u99ac\u300f\u7d66\u670b\u53cb \u5927\u5bb6\u90fd\u7b11\u7ffb\u4e86\ud83d\ude02"
        },
        {
            "reply_id": "UgyszNTxMnw23a3U1pB4AaABAg",
            "reply_content": "\u90a3\u662f\u525d\u76ae\u8edf\u7cd6"
        },
        {
            "reply_id": "UgwnUpKPV2y6n0lyIbB4AaABAg",
            "reply_content": "\u99ac\u7530\u5cf6\u5468\u661f\u99b3\u7c89\u7d72\u4e0d\u53ef\u80fd\u4e0d\u77e5\u9053\u2018\u946b\u2019\u9084\u6709\u2018\u6dfc\u2019 \u9019\u5006\u500b\u5b57"
        },
        {
            "reply_id": "UgxCB8YT7Fb0OLshywx4AaABAg",
            "reply_content": "\u90a3\u500b\u6728\u70ad\u9165\u597d\u50cf\u5c31\u662f\u6211\u6628\u5929\u5728\u8766\u76ae\u5e97\u5230\u5e97\u8cb7\u7684\u9ad2\u9ad2\u9165\ud83e\udd14\u53ea\u662f\u63db\u4e86\u5305\u88dd\ud83d\ude02\u90a3\u6642\u5019\u5403\u6709\u500b\u7591\u554f\uff0c\u70ba\u4ec0\u9ebc\u4e0a\u9762\u5beb\u539f\u7522\u5730\u53f0\u7063\u7684\u6771\u897f\u6709\u4e00\u534a\u662f\u7c21\u9ad4\u5b57\uff1f\u5916\u92b7\uff1f"
        },
        {
            "reply_id": "UgxGabsCqsmMOyUDiZZ4AaABAg",
            "reply_content": "\u83d3\u98a8\u5c0f\u8216\uff1f"
        },
        {
            "reply_id": "UgzDz_wI0oJhxZ26nLd4AaABAg",
            "reply_content": "\u7b54\u8faf"
        },
        {
            "reply_id": "UgzoITWw4-rE8YOOGHh4AaABAg",
            "reply_content": "\u958b\u885b\u751f\u68c9\u82b1\u7cd6\u90a3\u88e1\u963f\u795e\u88ab\u99ac\u7530\u611f\u67d3\u5230\u8461\u5716\ud83d\ude02\ud83d\ude02\ud83d\ude02\ud83d\ude02"
        },
        {
            "reply_id": "Ugyi2uu1zAOPvDOIUKd4AaABAg",
            "reply_content": "\u6d77\u9bae\u5e97\u662f\u4e09\u500b\u9b5a\u5566\uff01\u4e0d\u662f\u4e09\u500b\u91d1"
        },
        {
            "reply_id": "UgyRLqrXblLl2ej4CDd4AaABAg",
            "reply_content": "\u5982\u679c\u8981\u627e\u9019\u7a2e\u5305\u88dd\u5f88\u50cf\u5176\u4ed6\u7522\u54c1\u7684\u7cd6\u679c\u5efa\u8b70\u53ef\u4ee5\u53bb\u83d3\u98a8\u5c0f\u8216\u8cb7\uff0c\u90a3\u908a\u7684\u6bd4\u8f03\u7cbe\u7dfb(\u5167\u5bb9\u7269\u4e5f\u76e1\u91cf\u505a\u5f97\u50cf)\uff0c\u4f46\u4e5f\u6bd4\u8f03\u8cb4"
        }
    ]
}