{
    "video_info": {
        "id": "yig07_lLkV4",
        "channelTitle": "\u641e\u795e\u99ac",
        "title": "\u3010\u51fa\u4eba\u610f\u9eb5\u3011\u71b1\u6c34\u58fa\u71d2\u610f\u9eb5\u5927\u6210\u529f\uff5c\u4f46\u5f71\u7247\u4e2d\u6bb5\u795e\u53cd\u8f49\uff5c\u4f60\u5403\u904e\u7dad\u529b\u70b8\u91ac\u6e6f\u9eb5\u55ce\uff1f",
        "description": "\u2764 \u6bcf\u5468\u4e09\u3001\u516d\u3001\u65e5\u90fd\u6709\u65b0\u5f71\u7247 !! \u5f9e\u4eca\u5929\u8d77\u958b\u59cb\u8a02\u95b1\u5427 !! \u2764\n\u52a0\u5165\u6703\u54e1\u2794https://www.youtube.com/channel/UCAsviiS5DE0pcuvxPRrrAzQ/join\n\u5728Facebook\u4e0a\u8ffd\u8e64\u6211\u5011 \u2794 https://www.facebook.com/ksmytstudio\n\u5728IG\u4e0a\u8ffd\u8e64\u6211\u5011 \u2794https://www.instagram.com/shenma_kingofcrap/\n\n\u2764\u5de5\u5546\u5408\u4f5c\u4fe1\u7bb1\uff1aksmytstudio@capsuleinc.cc\n\u2764\u8fa6\u6d3b\u52d5\u3001\u51fa\u5468\u908a\u3001\u806f\u540d\u5546\u54c1\u90fd\u6b61\u8fce\u627eCAPSULE\uff1a https://capsuleinc.co/\n\n\ud83c\udfac\u66f4\u591a\u5f71\u7247\ud83c\udfac\n\n\ud83c\udf54\u98df\u7269\u7cfb\u5217\ud83c\udf5f:https://goo.gl/fA7y1Z\n\ud83d\udca5\u65e5\u5e38\u7cfb\u5217\ud83d\udca5:https://goo.gl/qfbhyP\n\n\u4ee5\u4e0b\u662f\u6211\u5011\u7684\u4e3b\u983b\u9053\uff01\u6b61\u8fce\u4f86\u8a8d\u8b58\u6211\u5011\uff01\n\uff08\u9999\u6e2f\u4eba\uff09\u99ac\u7530\uff08\u5eda\u85dd\uff09\uff1ahttps://www.youtube.com/user/dimcookguide\n\uff08\u53f0\u7063\u4eba\uff09\u963f\u795e\uff08\u904a\u6232\uff09\uff1ahttps://www.youtube.com/user/charlie615119",
        "likeCount": "9142",
        "commentCount": "157",
        "viewCount": "264616"
    },
    "comments": [
        {
            "reply_id": "Ugx2ZJrWMDxHTbHAxbt4AaABAg",
            "reply_content": "\u539f\u672c\u7684\u5a01\u529b\u70b8\u91ac\u9eb5\u8ddf\u5f8c\u4f86\u51fa\u7684\u5a01\u529b\u70b8\u91ac\u9eb5\u57fa\u672c\u4e0a\u5473\u9053\u6703\u4e00\u6a23\u56e0\u70ba\u539f\u672c\u7684\u5a01\u529b\u70b8\u91ac\u9eb5\u4e0d\u5206\u958b\u76f4\u63a5\u52a0\u4e00\u8d77\u5c31\u7b49\u65bc\u5f8c\u4f86\u51fa\u7684\u5a01\u529b\u70b8\u91ac\u9eb5\u610f\u601d\u662f\u8aaa\u7b2c\u4e8c\u500b\u7248\u672c\u7684\u5a01\u529b\u70b8\u91ac\u9eb5\u5c31\u662f\u7b2c\u4e00\u500b\u5a01\u529b\u70b8\u91ac\u9eb5\u61f6\u4eba\u505a\u6cd5\u6709\u4e9b\u4eba\u61f6\u7684\u5206\u958b\u6ce1\u5c31\u76f4\u63a5\u4e00\u8d77\u8b8a\u6210\u4ed6\u5011\u89ba\u5f97\u662f\u4e00\u500b\u65b0\u7684\u5671\u982d\u5c31\u53c8\u51fa\u4e86\u4e00\u500b\u4f46\u5176\u5be6\u662f\u4e00\u6a23\u7684\u6771\u897f\u6c92\u6709\u4ec0\u9ebc\u5dee\u5225\u591a\u4e86\u4e00\u4e9b\u6771\u897f\u4f46\u57fa\u672c\u4e0a\u5473\u9053\u6c92\u8b8a\u81ea\u5df1\u53bb\u5403\u5403\u770b\u5c31\u6703\u77e5\u9053\u5176\u5be6\u6c92\u4ec0\u9ebc\u5dee\u5225"
        },
        {
            "reply_id": "UgxU-NeNInmmoksj6Xh4AaABAg",
            "reply_content": "\u6240\u4ee5\u6211\u8aaa\u71b1\u6c34\u58fa\u7cfb\u5217\u5462\ud83e\udd23\ud83e\udd23"
        },
        {
            "reply_id": "UgzmcwUhq5sYPjEn5n54AaABAg",
            "reply_content": "\u6211\u90fd\u628a\u6e6f\u9eb5\u7248\u7684\u7576\u4e7e\u9eb5\u7528\u6211\u89ba\u5f97\u6bd4\u8f03\u597d\u5403"
        },
        {
            "reply_id": "UgwXYHdw7XZyLpGa2ed4AaABAg",
            "reply_content": "\u5176\u5be6\u539f\u7248\u5169\u7897\u90a3\u7a2e\u7684\u6211\u4e5f\u662f\u6ce1\u6e6f\u6b38\uff0c\u4e7e\u7684\u5403\u904e\u4e00\u6b21\u89ba\u5f97\u5f88\u9e79"
        },
        {
            "reply_id": "Ugwb-9WGGAQQmKdb3XB4AaABAg",
            "reply_content": "\u6211\u60f3\u8981\u4ed6\u5011\u7684\u7897\u770b\u8d77\u4f86\u9eb5\u90fd\u8b8a\u597d\u5403\u4e86"
        },
        {
            "reply_id": "UgybaveLPIDPkGW_U4d4AaABAg",
            "reply_content": "\u6240\u4ee5\u71b1\u6c34\u58fa\u7cfb\u5217\u5728\u54ea\u88e1"
        },
        {
            "reply_id": "Ugx-yBAIffGKPnzIiaB4AaABAg",
            "reply_content": "\u6211\u6709\u4e00\u6b21\u5728\u5403\u7dad\u529b\u70b8\u91ac\u9eb5\uff0c\u6211\u5403\u7684\u6642\u5019\u5c31\u89ba\u5f97\u5473\u9053\u602a\u602a\u7684\uff0c\u559d\u6e6f\u7684\u6642\u5019\u6211\u624d\u767c\u73fe\u6211\u628a\u9eb5\u7684\u7c89\u5012\u9032\u6e6f\u88e1\uff0c\u628a\u6e6f\u7684\u7c89\u5012\u9032\u9eb5\u88e1\u9762\u4e86"
        },
        {
            "reply_id": "UgxeJ6Z7Ub0u6tGn3qV4AaABAg",
            "reply_content": "\u71b1\u6c34\u58fa\u672c\u4f86\u5c31\u53ef\u4ee5\u716e\u9eb5\u4e86\ud83d\ude01\ud83d\ude02"
        },
        {
            "reply_id": "UgxTQMAuPjiDDQiNIpx4AaABAg",
            "reply_content": "\u8cb4\u983b\u9053\u7684\u5f71\u7247\u51fa\u554f\u984c\u7684\u983b\u7387\u6709\u9ede\u504f\u9ad8\u22ef\u22ef"
        },
        {
            "reply_id": "UgzMsFUMs1-W3HTLTJ14AaABAg",
            "reply_content": "\u6211\u4e00\u76f4\u4ee5\u70ba\u610f\u9762\u662f\u610f\u5927\u5229\u9762\u7684\u7c21\u7a31\uff0c\u539f\u4f86\u4e0d\u662f\u5440"
        },
        {
            "reply_id": "UgwQ1SvynaugTUbKIyV4AaABAg",
            "reply_content": "\u99ac\u7530\u5cf6\u4eba\u6bd4\u6b79\u4e38\u90ce\u66f4\u61c2\u7dad\u529b"
        },
        {
            "reply_id": "UgzY08FS_eR8LV4L5GN4AaABAg",
            "reply_content": "\u4e8c\u5408\u4e00\u7684\u5f71\u7247\uff0c\u4eba\u751f\u7b2c\u4e00\u6b21\u770b\u4e0a\u4e0b\u96c6\u4e0d\u4e00\u6a23\u7684\u6771\u897f\u679c\u7136\u662f\u5ee2\u7247\u4e4b\u738b"
        },
        {
            "reply_id": "UgyN3FCFrvaibgf-tcB4AaABAg",
            "reply_content": "\u7dad\u529b\u9ebb\u91ac\u9eb5\u4e5f\u5f88\u597d\u5403\n\u934b\u71d2\u610f\u9eb5\u8d85\u597d\u5403"
        },
        {
            "reply_id": "UgxKdvampFEoXTl95SN4AaABAg",
            "reply_content": "\u6211\u5728\u665a\u4e0a\u770b\uff0c\u770b\u7740\u770b\u7740\u5c31\u997f\u4e86"
        },
        {
            "reply_id": "UgwVhYEorHBpB9KY6oV4AaABAg",
            "reply_content": "\u7a81\u7136\u9593\u597d\u5e0c\u671b\u4e5d\u59b9\u53bb\u9999\u6e2f\u6642\u6703\u8acb\u99ac\u7530\u4e0a\u5c0d\u6c7a\ud83d\ude02\ud83d\ude02\ud83d\ude02"
        },
        {
            "reply_id": "Ugx7oTjylOhzv_wgM0B4AaABAg",
            "reply_content": "\u4f60\u5011\u80fd\u4e00\u8d77\u53c3\u52a0\u9ec3\u6c0f\u5144\u5f1f\u7684\u4e0a\u8ab2\u4e0d\u80fd\u5077\u5403\u55ce"
        },
        {
            "reply_id": "UgxmaEUTlYi1GcSijSF4AaABAg",
            "reply_content": "\u71b1\u6c34\u58fa\u716e\u7092\u98ef\ud83c\udf1a"
        },
        {
            "reply_id": "UgzmFNi5h3BaRXS_lBJ4AaABAg",
            "reply_content": "\u597d\u4e45\u6c92\u770b\u904e\u4f60\u5011\u62cd\u5ee2\u7247\u4e86\u54c8\u54c8"
        },
        {
            "reply_id": "UgxnqbeoXkZUZlqbo5p4AaABAg",
            "reply_content": "\u5357\u90e8\u7684\u934b\u71d2\u610f\u9eb5\u6c92\u5728\u716e\u7684\u5566\uff01\u53ea\u8981\u628a\u6240\u6709\u98df\u6750\u716e\u597d\uff0c\u653e\u9eb5\u76f4\u63a5\u8d77\u934b\u5c31\u53ef\u4ee5\u4e86\uff01"
        },
        {
            "reply_id": "UgyibnkF3cI1f9GDw7V4AaABAg",
            "reply_content": "\u6211\u5c0f\u6642\u5019\u5c31\u5403\u904e\u7dad\u529b\u70b8\u91ac\u6e6f\u9eb5 \u56e0\u70ba\u6211\u963f\u5b24\u90fd\u6703\u628a\u4e7e\u9eb5\u5f04\u6210\u6e6f\u9eb5\ud83e\udd23"
        }
    ]
}