{
    "video_info": {
        "id": "YrXxqxgxMkc",
        "channelTitle": "\u641e\u795e\u99ac",
        "title": "\u3010\u6b63\u5b97\u6e2f\u5f0f\u3011\u96de\u86cb\u4ed4\u6a5f\u958b\u7bb1 \uff5c\u9999\u6e2f\u4eba\u90fd\u6703\u505a\u96de\u86cb\u4ed4\uff1f\uff5c\u6e2f\u5f0fvs\u53f0\u5f0f\u53e3\u5473\uff5c",
        "description": "\uff0a\u672c\u7247\u8207ShopBack\u5408\u4f5c\uff0a\n\u611f\u8b1d\u8d85\u7d1a\u5212\u7b97\u53c8\u597d\u7528\u7684Shopback\u4e7e\u7239 !!\n\u7528\u641e\u795e\u99ac\u5c08\u5c6c\u9023\u7d50\u8a3b\u518a\u53ef\u4ee5\u7372\u5f97100\u5143\u734e\u52f5\u91d1\u5594 !!\nhttps://app.shopback.com/twn/partner/TW-Community-ksmytstudio-2023\n\u53ea\u8981\u4f7f\u7528Shopback\u5728\u8766\u76ae\u3001PChome\u3001\u6dd8\u5bf6\u7b49\u5e73\u53f0\u8cfc\u7269\u5c31\u53ef\u4ee5\u6709\u56de\u994b\u91d1\n\u8cb7\u8d8a\u591a\u56de\u994b\u8d8a\u591a~~~ \u99ac\u7530\u53d4\u53d4\u5df2\u7d93\u9810\u8a02Agoda\u8cb7\u6a5f\u7968\u4f4f\u5bbf\u8cfa\u4e86\u56de\u994b\ud83d\udcb0\u662f\u771f\u7684\u9322\u9322\u5594 $_$\n\n\u2764 \u6bcf\u5468\u4e09\u3001\u516d\u3001\u65e5\u90fd\u6709\u65b0\u5f71\u7247 !! \u5f9e\u4eca\u5929\u8d77\u958b\u59cb\u8a02\u95b1\u5427 !! \u2764\n\u52a0\u5165\u6703\u54e1\u2794https://www.youtube.com/channel/UCAsviiS5DE0pcuvxPRrrAzQ/join\n\u5728Facebook\u4e0a\u8ffd\u8e64\u6211\u5011 \u2794 https://www.facebook.com/ksmytstudio\n\u5728IG\u4e0a\u8ffd\u8e64\u6211\u5011 \u2794https://www.instagram.com/shenma_kingofcrap/\n\n\u2764\u5de5\u5546\u5408\u4f5c\u4fe1\u7bb1\uff1aksmytstudio@capsuleinc.cc\n\u2764\u8fa6\u6d3b\u52d5\u3001\u51fa\u5468\u908a\u3001\u806f\u540d\u5546\u54c1\u90fd\u6b61\u8fce\u627eCAPSULE\uff1a https://capsuleinc.co/\n\n\ud83c\udfac\u66f4\u591a\u5f71\u7247\ud83c\udfac\n\n\ud83c\udf54\u98df\u7269\u7cfb\u5217\ud83c\udf5f:https://goo.gl/fA7y1Z\n\ud83d\udca5\u65e5\u5e38\u7cfb\u5217\ud83d\udca5:https://goo.gl/qfbhyP\n\n\u4ee5\u4e0b\u662f\u6211\u5011\u7684\u4e3b\u983b\u9053\uff01\u6b61\u8fce\u4f86\u8a8d\u8b58\u6211\u5011\uff01\n\uff08\u9999\u6e2f\u4eba\uff09\u99ac\u7530\uff08\u5eda\u85dd\uff09\uff1ahttps://www.youtube.com/user/dimcookguide\n\uff08\u53f0\u7063\u4eba\uff09\u963f\u795e\uff08\u904a\u6232\uff09\uff1ahttps://www.youtube.com/user/charlie615119",
        "likeCount": "9408",
        "commentCount": "164",
        "viewCount": "329899"
    },
    "comments": [
        {
            "reply_id": "UgyPtuAocUDyscwYM5N4AaABAg",
            "reply_content": "\u99ac\u7530\u53d4\u53d4\u5728\u7684\u9a6c\u7530\u5c9b\u5c31\u662f\u9999\u6e2f\u5427\uff0c\u5176\u5b9e\u6211\u73b0\u5728\u4e5f\u5728\u90a3\u91cc\uff0c\u6211\u662f\u9999\u6e2f\u4eba\u2764"
        },
        {
            "reply_id": "UgwrNB-8wG2vfmiTolt4AaABAg",
            "reply_content": "\u963f\u795e\u7684\u7b11\u8072\u597d\u50cf\u5c0f\u4e38\u5b50\u88e1\u7684\u91ce\u53e3"
        },
        {
            "reply_id": "Ugzb-yxgnrpyketnMpJ4AaABAg",
            "reply_content": "\u505a\u7684\u7b2c\u4e00\u904d\u9505\u7089\u6ca1\u6709\u5939\u7d27\uff0c\u6240\u4ee5\u6ca1\u5b8c\u5168\u52a0\u70ed"
        },
        {
            "reply_id": "UgymFB5wId6DK3gv-Q14AaABAg",
            "reply_content": "\u597d\u50cf\u4ed6\u90a3\u5bb6\u5e97\u88e1\u9019\u88e1\u6709\ud83d\ude05"
        },
        {
            "reply_id": "UgywMPzkqB1H92F_-PR4AaABAg",
            "reply_content": "\u770b\u5230\u963f\u795e\u638f\u51fa\u860b\u679c\u7b46\u96fb\u7684\u77ac\u9593\uff0c\u6211\u4ee5\u70ba\u5de5\u5546\u7238\u7238\u662f\u860b\u679c\ud83d\ude02"
        },
        {
            "reply_id": "UgzjaHmTzSfcOeP_nhB4AaABAg",
            "reply_content": "\u662f\u4e0d\u662f\u71b1\u58d3\u6a5f"
        },
        {
            "reply_id": "UgzgyuEF45ehJrERvRh4AaABAg",
            "reply_content": "\u591a\u8b1d\u91d1\u4e3b\u7238\u7238"
        },
        {
            "reply_id": "Ugy-AnYkUxbucwEXwxl4AaABAg",
            "reply_content": "\u4f60\u5011\u7684\u96de\u86cb\u4ed4\u597d\u5438\u5f15\u3002\n\u6211\u60f3\u77e5\u9053\u96de\u86cb\u4ed4\u98df\u8b5c\uff0c\u9084\u6709\u5728\u54ea\u53ef\u4ee5\u8cb7\u5230\u9019\u53f0\u6a5f\u5668\u5462\uff1f"
        },
        {
            "reply_id": "UgzKKMLaX_ZhwTXiv314AaABAg",
            "reply_content": "\u4e0d\u932f\u5537\uff01\u4ee5\u5f8c\u5982\u679c\u4f60\u5011\u8981\u659c\u69d3\u591c\u5e02\u64fa\u6524\u61c9\u8a72\u6703\u6709\u5f88\u591a\u54c1\u9805\u54e6\ud83d\ude01"
        },
        {
            "reply_id": "UgxaKS-juwJ6jv7-3St4AaABAg",
            "reply_content": "\u6a5f\u5668\u8981\u9810\u71b1"
        },
        {
            "reply_id": "Ugw-yOHSuECkJy9ImWp4AaABAg",
            "reply_content": "\u963f\u795e\u4f60\u53ef\u4ee5\u51b0\u6dc7\u6dcb\u55ce"
        },
        {
            "reply_id": "Ugwa0aj9PJ2N4pxKyN54AaABAg",
            "reply_content": "\u99ac\u7530\u53d4\u53d4\u65b0\u9aee\u578b\uff0c\u5e25\uff01"
        },
        {
            "reply_id": "UgyTImEkyKCEAgvYt5Z4AaABAg",
            "reply_content": "\u6211\u5728\u9999\u6e2f\u4e0a\u8ab2"
        },
        {
            "reply_id": "Ugy-svcj_LP0LQQslR94AaABAg",
            "reply_content": "\u9019\u500b\u8d85\u7d1a\u597d\u5403"
        },
        {
            "reply_id": "UgymEZq1J_M1m2ZSN0R4AaABAg",
            "reply_content": "\u96de\u86cb\u4ed4 \u6211\u572810\u5e74\u524d\u6709\u770b\u904e\u5f88\u591a\u5e97 \u4e0d\u904e\u9019\u5e7e\u5e74\u5c31\u6e1b\u5c11\u4e86"
        },
        {
            "reply_id": "Ugzpka-fNyPG3AE2puZ4AaABAg",
            "reply_content": "\u8aaa\u771f\u7684,\u6211\u771f\u7684\u6703\u505a\u96de\u86cb\u4ed4\ud83d\ude01"
        },
        {
            "reply_id": "UgwA5aUbW62L8f-qci14AaABAg",
            "reply_content": "\u96de\u86cb\u4ed4\u90fd\u5e02\u50b3\u8aaa\uff0c\u7b2c\u4e00\u5e95\u901a\u5e38\u90fd\u6703\u5931\u6557\uff0c\u86cb\u6f3f\u5728\u51b0\u7bb1\u653e\u4e00\u5929\u6703\u66f4\u597d\uff0c\u4f60\u8aaa\u70ba\u4ec0\u9ebc\uff1f\u6211\u4e5f\u4e0d\u77e5\u9053"
        },
        {
            "reply_id": "Ugy7u353KWGDbolVWtF4AaABAg",
            "reply_content": "\u6211\u60f3\u5230\u963f\u795e\u6709\u6f22\u5821\u5e97\u4e0d\u7576yt\u9084\u6709\u8001\u95c6\u53ef\u4ee5\u505a"
        },
        {
            "reply_id": "UgyShdJA-lW4diyyxzh4AaABAg",
            "reply_content": "\u7b2c\u4e00\u5e95\u4e0d\u4e00\u6a23\uff0c\u61c9\u8a72\u662f\u56e0\u70ba\u6c92\u6709\u9810\u71b1\u597d\u6eab\u5ea6\u5566\ud83d\ude02"
        },
        {
            "reply_id": "UgyMm-rtG1Wa4pVkxHh4AaABAg",
            "reply_content": "\u99ac\u7530\u771f\u7684\u597d\u5bf5\u963f\u795e\n\u6709\u5916\u570b\u4eba\u5f04\u5012\u73cd\u5976\u6211\u53ef\u80fd\u6703\u6bba\u4ed6\uff08\u504f\u6fc0"
        }
    ]
}