{
    "video_info": {
        "id": "YT8H9mkSVn0",
        "channelTitle": "\u641e\u795e\u99ac",
        "title": "\u3010\u52d5\u6f2b\u798f\u888b\u301199\u5143\u958b\u51fa399\u5546\u54c1\ud83d\udd25\u6b63\u7248\u6388\u6b0a\u9b3c\u6ec5\u4e4b\u5203+ \u5929\u7afa\u9f20\u8eca\u8eca\u6587\u5177\u9a5a\u559c\u5305",
        "description": "\u2764 \u6bcf\u5468\u4e09\u3001\u516d\u3001\u65e5\u90fd\u6709\u65b0\u5f71\u7247 !! \u5f9e\u4eca\u5929\u8d77\u958b\u59cb\u8a02\u95b1\u5427 !! \u2764\n\u52a0\u5165\u6703\u54e1\u2794https://www.youtube.com/channel/UCAsviiS5DE0pcuvxPRrrAzQ/join\n\u5728Facebook\u4e0a\u8ffd\u8e64\u6211\u5011 \u2794 https://www.facebook.com/ksmytstudio\n\u5728IG\u4e0a\u8ffd\u8e64\u6211\u5011 \u2794https://www.instagram.com/shenma_kingofcrap/\n\n\u2764\u5de5\u5546\u5408\u4f5c\u4fe1\u7bb1\uff1aksmytstudio@capsuleinc.cc\n\u2764\u8fa6\u6d3b\u52d5\u3001\u51fa\u5468\u908a\u3001\u806f\u540d\u5546\u54c1\u90fd\u6b61\u8fce\u627eCAPSULE\uff1a https://capsuleinc.co/\n\n\ud83c\udfac\u66f4\u591a\u5f71\u7247\ud83c\udfac\n\n\ud83c\udf54\u98df\u7269\u7cfb\u5217\ud83c\udf5f:https://goo.gl/fA7y1Z\n\ud83d\udca5\u65e5\u5e38\u7cfb\u5217\ud83d\udca5:https://goo.gl/qfbhyP\n\n\u4ee5\u4e0b\u662f\u6211\u5011\u7684\u4e3b\u983b\u9053\uff01\u6b61\u8fce\u4f86\u8a8d\u8b58\u6211\u5011\uff01\n\uff08\u9999\u6e2f\u4eba\uff09\u99ac\u7530\uff08\u5eda\u85dd\uff09\uff1ahttps://www.youtube.com/user/dimcookguide\n\uff08\u53f0\u7063\u4eba\uff09\u963f\u795e\uff08\u904a\u6232\uff09\uff1ahttps://www.youtube.com/user/charlie615119",
        "likeCount": "4549",
        "commentCount": "124",
        "viewCount": "135898"
    },
    "comments": [
        {
            "reply_id": "UgweLVHMm9WtK2px_J94AaABAg",
            "reply_content": "\u5c0d\u4e0d\u8d77\n\u6211\u5b8c\u5168\u6c92\u770b\u904e\u5929\u7afa\u9f20\u8eca\u8eca\uff08\u611f\u89ba\u5c0f\u5b69\u5b50\u5728\u770b\u7684\uff09"
        },
        {
            "reply_id": "UgyPOHFubpXUNhhaIAd4AaABAg",
            "reply_content": "\u6ca1\u6709\u5f69\u86cb\u5417"
        },
        {
            "reply_id": "Ugx-rffIFOtetMetAcF4AaABAg",
            "reply_content": "\u5c0f\u888b\u5b50\u88e1\u9762\u6709\u7c89\u9905\u5305\u88dd\u888b\u9084\u597d\u5566\uff01\n\u6211\u4ee5\u524d\u8cb7\u904e\u4e00\u500b\u4fbf\u5b9c\u7684\u5305\u5305\n\u7d50\u679c\u88e1\u9762\u6478\u8d77\u4f86\u786c\u786c\u7684\n\u5f88\u50cf\u5507\u818f\u7684\u89f8\u611f\n\u5f8c\u4f86\u526a\u958b\u4e00\u500b\u6d1e\n\u88e1\u9762\u771f\u7684\u6709\u4e00\u652f\u8b77\u5507\u818f\n\u88ab\u7e2b\u5728\u88e1\u9762\ud83d\ude02"
        },
        {
            "reply_id": "Ugw3xCIcWdav_LaKOuZ4AaABAg",
            "reply_content": "\u8981\u770b\u7f8e\u91d1\u6709\u5e7e\u6708\u5e7e\u865f"
        },
        {
            "reply_id": "UgwKYyOuRBgElFtdPb54AaABAg",
            "reply_content": "\u6c11\u9032\u5b98\u54e1\u963f\u795e\u548c\u6c11\u773e\u5802\u5b78\u59d0\u5728\u8cb7\u8ce3\u4e0b\u9762\u7684B\uff0c\u5e33\u6236\u6709\u5343\u842c\u5143\u662f\u4eba\u6c11\u7684\u7d0d\u7a05$\u2049\ufe0f"
        },
        {
            "reply_id": "Ugw4uo03y0-GTMCYFUV4AaABAg",
            "reply_content": "\u8ba9\u6211\u60f3\u53bb\u53f0\u6e7e\u4e70\u798f\u888b\ud83d\ude02\ud83d\ude02\n\u611f\u89c9\u4e1c\u897f\u90fd\u4e0d\u9519"
        },
        {
            "reply_id": "UgwWaAGERMa3trfrk_h4AaABAg",
            "reply_content": "\u5929\u7afa\u9f20\u8eca\u8eca\u767d\u8272\u76d2\u5b50\u662f\u653e\u53e3\u7f69\u7684\uff0c\u4e5f\u898199\u5143\u54e6"
        },
        {
            "reply_id": "Ugx5jgx3y_4xJ2CTzM54AaABAg",
            "reply_content": "\u90a3\u500b150\u584a\u9322\u7684\u76d2\u5b50\u641e\u4e0d\u597d\u662f\u88dd\u53e3\u7f69\u7684"
        },
        {
            "reply_id": "Ugw4pdQDgbTpoVJU9BZ4AaABAg",
            "reply_content": "\u53ef\u80fd\u662f\u6536\u7d0d\u53e3\u7f69"
        },
        {
            "reply_id": "UgycaGo_vcZHTsH3MOh4AaABAg",
            "reply_content": "\u8acb\u554f\u662f\u63db\u4e86\u5c0f\u7cbe\u9748\u526a\u7247\u55ce\uff1f\u611f\u89ba\u591a\u4e86\u4e0d\u5c11\u4eba\u7269\u6548\u679c\u52d5\u756b\uff0c\u883b\u65b0\u9bae\u7684\u3002\u798f\u888b\u88e1\u9762\u6bcf\u6a23\u90fd\u5f88\u503c\u9322\ud83d\ude0d\u4f46\u597d\u5947\u554f\u4e00\u4e0b\uff0c\u6728\u68c9\u82b1\u7684\u52d5\u6f2b\u9031\u908a\u751f\u7522\u4e0d\u662f\u5e78\u904b\u661f\u55ce\uff1f\u9084\u662f\u4e0d\u540c\u5730\u5340\u6709\u5dee\uff1f"
        },
        {
            "reply_id": "UgzkYH2z3RWCsevz6SJ4AaABAg",
            "reply_content": "\u90a3\u500b\u662f\u88dd\u53e3\u7f69\u7684"
        },
        {
            "reply_id": "UgxvkzLwtQoDGllXIO14AaABAg",
            "reply_content": "\u5c31\u5728\u660e\u5929\u9000\u4f11\u5e0c\u671b\u641e\u795e\u4e0d\u8981\u9000\u4f11"
        },
        {
            "reply_id": "UgzEqR7OFK5ftIKkhhB4AaABAg",
            "reply_content": "\u689d\u78bc\u53f3\u4e0a\u89d2\u7684\u6578\u5b57\u901a\u5e38\u662f\u5efa\u8b70\u552e\u50f9"
        },
        {
            "reply_id": "Ugzk1vpVVUNvTkSIYkR4AaABAg",
            "reply_content": "\u597d\u60f3\u770b\u641e\u795e\u99ac\u73a9\u706b\u6f06\u5370\u7ae0\u6216\u662f\u5976\u6cb9\u81a0\u54c8\u54c8\u54c8"
        },
        {
            "reply_id": "UgxwL8Cb3As5risK4KZ4AaABAg",
            "reply_content": "\u53ea\u8981\u662f\u6b63\u7248\u7684\u6771\u897f\u6211\u90fd\u8cb7\u54ea\u6015\u6709\u9ede\u7455\u75b5\ud83d\ude05\u4eca\u5929\u958b\u7bb1\u7684\u6211\u6700\u559c\u6b61\u98f2\u6599\u63d0\u5e36\uff0c\u56e0\u70ba\u883b\u5e38\u65c5\u904a\u6642\u96a8\u6642\u8981\u559d\u6c34\u53ef\u662f\u6c34\u74f6\u4e0d\u77e5\u9053\u653e\u54ea\u3002"
        },
        {
            "reply_id": "Ugx26arEirucL7gtxb94AaABAg",
            "reply_content": "\u90a3\u500b\u2026\u662f\u5929\u7afa\u9f20\u53e3\u7f69\u76d2\u5566\u2026"
        },
        {
            "reply_id": "Ugz8ud9FMv90DFbTeu14AaABAg",
            "reply_content": "\u6211\u9084\u6709\u770b\u5594\ud83d\ude02"
        },
        {
            "reply_id": "UgyltBkym0tned_oMmd4AaABAg",
            "reply_content": "\u6c42\u8ce3\u641e\u795e\u99ac\u6b63\u7248\u6388\u6b0a\u7684\u641e\u795e\u99ac\u798f\u888b\ud83e\udd23"
        },
        {
            "reply_id": "UgzYfVE38Kdz6pkHy9x4AaABAg",
            "reply_content": "\u963f\u795e\u90a3\u500b\u76d2\u5b50\u4e5f\u662f\u653e\u53e3\u7f69\u7684\n\u88e1\u9762\u6700\u591a\u653e4~5\u500b"
        },
        {
            "reply_id": "UgxE9Ub_rr52T59vDd54AaABAg",
            "reply_content": "\u56de\u6b78\u958b\u798f\u888b"
        }
    ]
}