{
    "video_info": {
        "id": "zHO7dDoB7hg",
        "channelTitle": "\u641e\u795e\u99ac",
        "title": "\u3010\u4e09\u660e\u6cbb\u5c0d\u6bd4\u3011\u8d85\u5546\u8a55\u6bd4\u65e5\u672cvs\u53f0\u7063vs\u9999\u6e2f\uff5c\u90a3\u500b\u5730\u65b97-11 \u597d\u5403\uff1f\uff5c",
        "description": "\u4f86\u7528Surfshark VPN\uff1ahttps://surfshark.deals/ksmytstudio\n\u8f38\u5165\u6298\u6263\u78bc ksmytstudio\uff0c\u5c31\u53ef\u99ac\u4e0a\u7372\u5f97\u300c\u4e00\u4e03\u6298\u300d\u512a\u60e0+3\u500b\u6708\u7684\u514d\u8cbb\u4f7f\u7528\u671f\u5594\uff01\n\n\u2764 \u6bcf\u5468\u4e09\u3001\u516d\u3001\u65e5\u90fd\u6709\u65b0\u5f71\u7247 !! \u5f9e\u4eca\u5929\u8d77\u958b\u59cb\u8a02\u95b1\u5427 !! \u2764\n\u52a0\u5165\u6703\u54e1\u2794https://www.youtube.com/channel/UCAsviiS5DE0pcuvxPRrrAzQ/join\n\u5728Facebook\u4e0a\u8ffd\u8e64\u6211\u5011 \u2794 https://www.facebook.com/ksmytstudio\n\u5728IG\u4e0a\u8ffd\u8e64\u6211\u5011 \u2794https://www.instagram.com/shenma_kingofcrap/\n\n\u2764\u5de5\u5546\u5408\u4f5c\u4fe1\u7bb1\uff1aksmytstudio@capsuleinc.cc\n\u2764\u8fa6\u6d3b\u52d5\u3001\u51fa\u5468\u908a\u3001\u806f\u540d\u5546\u54c1\u90fd\u6b61\u8fce\u627eCAPSULE\uff1a https://capsuleinc.co/\n\n\ud83c\udfac\u66f4\u591a\u5f71\u7247\ud83c\udfac\n\n\ud83c\udf54\u98df\u7269\u7cfb\u5217\ud83c\udf5f:https://goo.gl/fA7y1Z\n\ud83d\udca5\u65e5\u5e38\u7cfb\u5217\ud83d\udca5:https://goo.gl/qfbhyP\n\n\u4ee5\u4e0b\u662f\u6211\u5011\u7684\u4e3b\u983b\u9053\uff01\u6b61\u8fce\u4f86\u8a8d\u8b58\u6211\u5011\uff01\n\uff08\u9999\u6e2f\u4eba\uff09\u99ac\u7530\uff08\u5eda\u85dd\uff09\uff1ahttps://www.youtube.com/user/dimcookguide\n\uff08\u53f0\u7063\u4eba\uff09\u963f\u795e\uff08\u904a\u6232\uff09\uff1ahttps://www.youtube.com/user/charlie615119",
        "likeCount": "5120",
        "commentCount": "183",
        "viewCount": "163758"
    },
    "comments": [
        {
            "reply_id": "UgzewM27Pf4jfWJxTQ54AaABAg",
            "reply_content": "\u53ea\u8981\u662f\u8a50\u6b3a\u4e09\u660e\u6cbb\u5c31\u4e0d\u8cb7\ud83d\ude02"
        },
        {
            "reply_id": "UgzqLVonrh7RvrC8BS14AaABAg",
            "reply_content": "\u86e4?\u4e09\u660e\u6cbb\u662f\u90a3\u6a23\u958b\u7684\u5594?"
        },
        {
            "reply_id": "UgxzSxK3Mf4nHSPdwxR4AaABAg",
            "reply_content": "\u6211\u89ba\u5f97\u9ea5\u7576\u52de\u5f88\u4e0d\u540c\u6b38:>"
        },
        {
            "reply_id": "UgyGaVx8UXLjB5MJTqF4AaABAg",
            "reply_content": "\u56db\u91cd\u829d\u58eb\u706b\u817f"
        },
        {
            "reply_id": "UgzlnkKjPE9UNlUXU2N4AaABAg",
            "reply_content": "\u50f9\u683c\u4e0d\u4e00\u6a23\u554a \u4e0d\u80fd\u6bd4\u5427"
        },
        {
            "reply_id": "UgysRFZQ0_lSBZxUNcZ4AaABAg",
            "reply_content": "\u53e6\u5916\u5169\u500b\u570b\u5bb6\u90fd\u8ce3\u6bd4\u8f03\u8cb4\u6b38\uff0c\u53f0\u7063\u7684\u6bd4\u8f03\u4fbf\u5b9c\uff0c\u4f46\u5982\u679c\u518d\u653e\u4e00\u500b\u6cf0\u570b\u61c9\u8a72\u883b\u4e0d\u932f\uff0c\u60f3\u770b\u6cf0\u570b\u5c0d\u6bd4\u54c8\u54c8\u54c8"
        },
        {
            "reply_id": "Ugw3AwCP816bQsSbqW94AaABAg",
            "reply_content": "\u95ee\u9898\u6765\u4e86\uff0c\u54b8\u7684\u4e09\u660e\u6cbb\u53ef\u4ee5\u505a\u6210\u51b0\u6dc7\u6dcb\u5417"
        },
        {
            "reply_id": "UgzQzxWMR_XgAbHxDfR4AaABAg",
            "reply_content": "\u9999\u6e2f7-11 \u7684\u6ed1\u86cb\u706b\u817f\u829d\u58eb\u4e09\u6587\u6cbb\u5f88\u597d\u5403\ud83e\udd23\n\u53ef\u662f\u5403\u4e09\u6587\u6cbb\u90fd\u611f\u89ba\u5403\u4e86\u4e00\u9663\u98a8\ud83e\udd23 \n\u800c\u4e14\u4e5f\u4e0d\u7b97\u4fbf\u5b9c \u6211\u90fd\u662f\u665a\u4e0a\u7b49\u7279\u50f9\u624d\u6703\u8cb7"
        },
        {
            "reply_id": "UgzJpfkYvh-dwMVd4IF4AaABAg",
            "reply_content": "\u85cd\u8393\u4e73\u916a\u6211\u771f\u7684\u89ba\u5f97\u5f88\u597d\u5403\u8a92\uff01\uff01\u751c\u751c\u7684\u5f88\u9069\u5408\u7576\u751c\u9ede\u2764"
        },
        {
            "reply_id": "UgzyYih7UCM815E4qf94AaABAg",
            "reply_content": "\u539f\u4f86\u963f\u795e\u8ddf\u6211\u4e00\u6a23\u90fd\u662f\u9019\u6a23\u958b\u7684"
        },
        {
            "reply_id": "UgzWpg9Emd8cdB26mbh4AaABAg",
            "reply_content": "\u6211\u958b\u4e09\u660e\u6cbb\u4e5f\u6703\u5f9e\u4e0b\u9762\u958b  \u56e0\u70ba\u4e0d\u60f3\u7528\u624b\u78b0"
        },
        {
            "reply_id": "UgwshApmn0aDUpT4ygF4AaABAg",
            "reply_content": "\u5403\u904e\u9999\u6e2f\u5409\u5217\u96de\u6252\u90a3\u500b, \u9eb5\u5305\u7684\u78ba\u592a\u8edf, \u4e00\u6a23\u5403\u8457\u5403\u8457\u5c31\u63d1\u8584\u4e86"
        },
        {
            "reply_id": "UgyMrWKOAf7Ks8j-Tl94AaABAg",
            "reply_content": "\u6240\u4ee5\u53f0\u7063\u7684\u4e09\u6587\u6cbb\u90fd\u9a19\u4eba\uff1f\ud83d\ude05"
        },
        {
            "reply_id": "Ugx1CVVxSNWzlFIckTl4AaABAg",
            "reply_content": "\u679c\u7136\u662f\u53f0\u7063\u4e4b\u5149\uff0c\u8a50\u6b3a\u4e09\u660e\u6cbb!!"
        },
        {
            "reply_id": "Ugz_a-JVV65wAX-uR3p4AaABAg",
            "reply_content": "\u829d\u817f\u6cbb\u8981\u53ee\u71b1\u5148\u597d\u98df\ud83d\ude02"
        },
        {
            "reply_id": "UgxhUUMwHg2G7r1e9NR4AaABAg",
            "reply_content": "\u99ac\u7530\u4e0d\u662f\u4e5f\u53bb\u65e5\u672c\u4e86\u55ce"
        },
        {
            "reply_id": "UgxJk345v6WztVL6J214AaABAg",
            "reply_content": "\u65e5\u672c"
        },
        {
            "reply_id": "UgxqMzXhQw36mssXTaZ4AaABAg",
            "reply_content": "\u4fbf\u5229\u5546\u5e97\u61c9\u8a72\u8981\u627e\u4f60\u5011\u806f\u540d\u624d\u5c0d\u554a"
        },
        {
            "reply_id": "Ugx7phYGq62X_XYNh7l4AaABAg",
            "reply_content": "\u597d\u60f3\u770b\u7528\u53e4\u65e9\u5473\u7684\u5de7\u514b\u529b\u77f3\u982d\u548c\u5de7\u514b\u529b\u91ac\u642d\u623f\u5b50"
        },
        {
            "reply_id": "Ugw6GNSLhNyVPWaUb_F4AaABAg",
            "reply_content": "\u611f\u89ba\u4fbf\u5229\u5546\u5e97\u5176\u5be6\u4e5f\u883b\u8cb4\u7684\ud83d\ude02 \n\u7701\u9322\u5403\u9945\u982d\u5427\ud83d\ude02"
        }
    ]
}