{
    "channel": {
        "title": "HOOK",
        "id": "UCbIJeyl_va8MG2xx0q4Uobg",
        "customUrl": "@helloiamhook",
        "uploads": "UUbIJeyl_va8MG2xx0q4Uobg"
    },
    "videos": [
        {
            "id": "1xFt5IcEE3w",
            "title": "\u5305\u4e0b\u6574\u68df\u82f1\u570b\u57ce\u5821\uff0c\u8ddf\u4f60\u8aaa\u4ea8\u5229\u516b\u4e16\u6709\u591a\u611b\uff2f\u8001\u5a46\u8ddf\uff2f\u5973\u5152\u3002\u3010\u884c\u842c\u91cc\u8def#3\u3011\uff5cHOOK ft. Surfshark VPN \u82f1\u570b\u7279\u8f2f#4"
        },
        {
            "id": "HKGB75d18bQ",
            "title": "\u54ea\u500b\u570b\u5bb6\u5728\u4e0b\u96e8\u5c31\u53bb\u54ea\uff0c\u78b0\u5230\u96e8\u7684\u77ac\u9593\u5c31\u6efe\u56de\u81fa\u7063\u3010\u66b4\u767c\u4e92#6\u3011\uff5cHOOK ft. VTEX\u9632\u6c34\u978b"
        },
        {
            "id": "zctJy1xiQTo",
            "title": "\u4f86\u770b\u6211\u5728\u96fb\u8166\uff08\u4e0d\u662f\u624b\u3110\uff09\u4e0a\u7528Google Play\u904a\u6232\u73a9\u300a\u8591\u9905\u4eba\u4e4b\u5854\u300b\uff0c\u9650\u664210\u5929\u4e00\u8d77\u4f86\u9ad4\u9a57\uff01\uff08\u6c92\u6709\u5854\u53ef\u9905\u7684\u5b58\u5728\uff09"
        },
        {
            "id": "-vvKwmGvHqw",
            "title": "\u541f\u904a\u8a69\u4eba\u662f\u771f\u5be6\u8077\u696d\uff1f\u8ddf\u9ed1\u9f8d\u55ae\u6311\u7518\u6bd4\u4e9e\u53f2\uff01\u3010\u4e16\u754c\u53f2#17\u3011\uff5cHOOK ft. Surfshark VPN @Tw-Universe @594blackdragon"
        },
        {
            "id": "UxmP5lVU5ZA",
            "title": "\u6bcf\u5929\u90fd\u60f3\u53f2\u3109\u83ef\u66c6\u8f49\u8eab #YouTube\u966a\u4f60\u8cb7"
        },
        {
            "id": "ol8cN5MRpvo",
            "title": "\u5e36\u7238\u5abd\u53bb\u9996\u723e\uff0c\u5c0d\u5929\u767c\u8a93\u9ec3\u8207\u8ced\u771f\u7684\u4e0d\u8981\u78b0\u3002\u3010\u5730\u7344\u4e4b\u65c5#2\u3011| HOOK ft. LINE Bank"
        },
        {
            "id": "oERx5HiwAoQ",
            "title": "\u5728\u82f1\u570b\u9152\u7cbe\u8def\u8dd1\uff0c\u9189\u5230\u9023\u958b\u819b\u624b\u5091\u514b\u90fd\u6703\u88ab\u5687\u8dd1\uff5cHOOK ft. Surfshark VPN \u82f1\u570b\u7279\u8f2f#3"
        },
        {
            "id": "FaMHFfLcXeA",
            "title": "24\u5c0f\u6642\u53ea\u5403\u300c\u70e4\u7bb1\u300d\u6599\u7406\u6311\u6230\uff01\u505a\u83dc\u53ea\u89813\u5206\u9418\u6211\u958b\u59cb\u89ba\u5f97\u4eba\u751f\u5f88\u7121\u804a\u4e86==\uff5cHOOK ft. \u8072\u5bf6\u591a\u529f\u80fd\u6c23\u70b8\u70e4\u7bb1"
        },
        {
            "id": "csYOMKQLy_k",
            "title": "\u5728\u5bb6\u81ea\u5df1\u716e\u6703\u6bd4\u8f03\u8cb4\u55ce\uff1f\u771f\u7684\u5f88\u8cb4\u8036==\u3010\u53eb\u5916\u9001\u7701\u4e03\u842c\u3011\uff5cHOOK ft. Uber One \u6703\u54e1\u65b9\u6848"
        },
        {
            "id": "YpEiTkMEvLA",
            "title": "\u3010\u7269\u50f9\u8abf\u67e5\u3011\u82f1\u570b\u901a\u81a8\u5230\u5e95\u591a\u56b4\u91cd\uff1f\u4e0d\u8981\u8aaa\u5403\u6771\u897f\u4e86\u9023\u9152\u90fd\u5feb\u559d\u4e0d\u8d77\uff5cHOOK ft. Surfshark VPN \u82f1\u570b\u7279\u8f2f#2"
        },
        {
            "id": "sfoGN3QmiXs",
            "title": "\u5728\u82f1\u570b\u642d\u5230\u53f2\u4e0a\u6700\u96f7\u5546\u52d9\u8259\uff0c\u5c31\u7b97\u6703\u88ab\u544a\u9084\u662f\u8981\u5168\u90e8\u8b1b\u51fa\u4f86\u3010\u71d2\u9322\u4f86\u5403#5\u3011\uff5cHOOK ft. Surfshark VPN \u82f1\u570b\u7279\u8f2f#1"
        },
        {
            "id": "Z466_GB8U50",
            "title": "24\u5c0f\u6642\u53ea\u5403\u300c\u71d2\u9152\u300d\u6599\u7406\u6311\u6230\uff0c\u6e96\u5099\u597d\u54ed\u8457\u6253\u7d66\u524d\u7537\u53cb\u4e86\u55ce\uff1f\uff5cHOOK ft. \u771f\u9732\u71d2\u9152"
        },
        {
            "id": "43Y82hQ5Qeo",
            "title": "\u7537\u4e0a\u52a0\u7537\u7684\u6c96\u7e69\u4e4b\u65c5\uff0c\u6211\u611b\u4f60\u4f60\u611b\u4ed6\u4ed6\u611b\u5979\u3010\u76f4\u7537\u5f62\u5bb9\u8a5e\u3011\uff5cHOOK  ft. Surfshark VPN"
        },
        {
            "id": "7CdibIgWVmk",
            "title": "137\u842c\u62cd\u7247\u4ed4\u751f\u65e5\u7684\u4e00\u5929\uff0c\u88ab\u5de5\u4f5c\u8ffd\u8457\u8dd1\u4e4b\u6211\u721b\u6211\u6c92\u7528\u6211\u4e0d\u611b\u6d17\u6fa1\ud83d\ude16\u3010\u8cf4\u5e8a\u72c2\u9b54\u3011\uff5cHOOK ft. Uber Taxi \u512a\u6b65\u5c0f\u9ec3"
        },
        {
            "id": "H_7LEwF5k-g",
            "title": "\u5728\u90fd\u7701\u745e\u5bb6\u760b\u72c2\u5403\u98ef"
        },
        {
            "id": "CutYZ5dbzFg",
            "title": "\u5728\u90fd\u7701\u745e\u5bb6\u8207\u56db\u89d2\u6200\u760b\u72c2\u505a\u83dc"
        },
        {
            "id": "XQG1DQs5ZOw",
            "title": "\u6230\u9b25\u6c11\u65cf\u4e09\u9910\u5403\u4ec0\u9ebc\uff1f\u6700\u60b2\u6158\u7684\u4eba\u5403\u6700\u5962\u83ef\u7684\u98df\u7269\u9818\u6700\u8840\u6c57\u7684\u85aa\u6c34\uff01\u3010\u6599\u7406\u53f2\u738b#12\u3011\uff5cHOOK ft. \u6bcf\u5929\u90fd\u60f3\u53f2"
        },
        {
            "id": "o112GMJ2fn4",
            "title": "\u8207\u5169\u8001\u5728\u65e5\u672c\u9032\u884c\u81ea\u52d5\u8ca9\u8ce3\u6a5f\u8def\u8dd1\uff0c\u6709\u8336\u6ce1\u98ef\u8ddf\u947d\u6212\u9084\u6709\u6f22\u5821\u4ee5\u70ba\u4f86\u5230\u4fbf\u5229\u5546\u5e97\u3010\u884c\u842c\u91cc\u8def#2\u3011\uff5cHOOK ft. \u666e\u62ff\u75bc\u808c\u7acb\u93ae\u75db\u4e73\u81a0"
        },
        {
            "id": "gPdbz6TV3UU",
            "title": "\u5728\u6c96\u7e69\u9084\u8981\u505a\u83dc\u7d66\u76f4\u7537\u5403\uff0c\u52a0\u592a\u591a\u9152\u8b8a\u6210\u767c\u760b\u7279\u8f2f\ud83d\ude0d\uff5cHOOK ft. \u570b\u6cf0\u4e16\u83ef\u5546\u696d\u9280\u884c"
        },
        {
            "id": "QYmbjnaBJ-4",
            "title": "\u3010\u7269\u50f9\u5c0d\u6c7a\u3011\u7f8e\u570b\u516b\u65b9\u6c38\u8c46\u8ddf\u81fa\u7063\u5dee\u591a\u5c11\uff1f\u540c\u6a23\u91d1\u984d\u7f8e\u570b\u8cb4\u5230\u6b7b\u81fa\u7063\u98fd\u5230\u5410\ud83d\ude16\uff5cHOOK ft. Surfshark VPN"
        },
        {
            "id": "5HDOeAS0Y6c",
            "title": "\u966a\u6211\u73a9\u8cb4\u8cb4\u72fc\u4eba\u6bba\uff5cHOOK"
        },
        {
            "id": "FCx6bUfMq_c",
            "title": "\u3010\u5be6\u6e2c\u3011\u548c\u4e94\u5341\u96bb\u8c93\u641e\u5916\u9047\uff0c\u56de\u5230\u5bb6\u88ab\u7f75\u5230\u8033\u6735\u6d41\u8840\u3002\uff5cHOOK ft. Surfshark VPN"
        },
        {
            "id": "xDH2Fzk_Jds",
            "title": "\u6587\u85dd\u5fa9\u8208\u4e09\u9910\u5403\u4ec0\u9ebc\uff1f\u71c3\u71d2\u7684\u5b54\u96c0\u8207\u98db\u7fd4\u7684\u9ebb\u96c0\uff01\u3010\u6599\u7406\u53f2\u738b#11\u3011\uff5cHOOK ft. \u6bcf\u5929\u90fd\u60f3\u53f2"
        },
        {
            "id": "1zAui6d1SPs",
            "title": "24\u5c0f\u6642\u53ea\u5403\u300c\u5076\u50cf\u300d\u6599\u7406\u6311\u6230\uff01\u8fa3\u59b9\u9593\u7684\u5fc3\u6a5f\u6230\u722d\u662f\u71b1\u91cf\u6d88\u8017\u8005\uff01\uff5cHOOK ft. \u7d55\u5c0d\u6f14\u7e79"
        },
        {
            "id": "9gVVqfTwOec",
            "title": "\u56de\u5230\u6700\u521d\u7684\u8d77\u9ede\u300e\u65b0\u6953\u4e4b\u8c37\uff0c\u4f86\u770b\u6211\u7528\u5361\u8389\u6253\u934b\u84cb\uff01\u300f"
        },
        {
            "id": "mYmDSL4VQA0",
            "title": "24\u5c0f\u6642\u53ea\u5403\u300c\u6cb9\u70b8\u300d\u6599\u7406\u6311\u6230\uff01\u8a8d\u6e05\u81ea\u5df1\u4e0d\u518d\u662f\u9752\u6625\u7684\u8089\u9ad4\ud83d\ude16\uff5cHOOK ft. Let Go HGP\u63a7\u6cb9\u6d17\u9aee\u9732"
        },
        {
            "id": "vPfcga0UKu8",
            "title": "\u8cb7\u5305\u5305\u7d66\u5341\u5e74\u6c92\u8cb7\u65b0\u8863\u670d\u7684\u5abd\u5abd\uff5cHOOK"
        },
        {
            "id": "v2iGqEpLhSs",
            "title": "\u5e6b\u963f\u6ef4\u82f1\u6587\u6176\u751f\uff0c\u76f4\u63a5\u62ff\u881f\u71ed\u71d2\u4ed6\u672c\u4eba\u3002\u3010\u63db\u4e58\u6200\u611b\u53f0\u5317\u7248\u3011\uff5cHOOK ft. Surfshark VPN"
        },
        {
            "id": "fviPnP_2EsM",
            "title": "\u5305\u4e0b\u6574\u500b\u71df\u5730\u4f86\u9732\u71df\u3010\u5abd\u7684\u591a\u87f2\u5b87\u5b99\u3011\uff5cHOOK ft. \u8607\u83f2"
        },
        {
            "id": "UWKcq4TJByY",
            "title": "\u5317\u97d3\u670b\u670b\u9996\u6b21\u4f86\u53f0\u7063\u73a9\uff0c\u80af\u5b9a\u4e0d\u653e\u904e\u4ed6\u7684\u5404\u7a2e\u7b2c\u4e00\u6b21\ud83d\ude0d\u3010\u5403\u5230\u4e0a\u4e0d\u4e86\u98db\u6a5f\u3011\uff5cHOOK ft. \u91d1\u724cONE"
        },
        {
            "id": "GXuRbJaqBWI",
            "title": "\u89aa\u89aa\u4e5f\u4e0d\u884c\uff1f\u5728\u4f0a\u65af\u862d\u6559\u8cb7\u9152\u8ddf\u8c6c\u8089\u6bd4\u767b\u5929\u9084\u96e3\ud83d\ude16\u3010\u884c\u842c\u91cc\u8def#1\u3011\uff5cHOOK ft. Surfshark VPN \u675c\u62dc\u6700\u7d42\u7ae0"
        },
        {
            "id": "g3qA7KDlyyg",
            "title": "\u5728\u9999\u6e2f\u559d\u9152\u559d\u5230\u54ed\u51fa\u4f86\uff0c\u518d\u4e5f\u4e0d\u6562\u9032\u862d\u6842\u574a\u3002\u3010\u771f\u7684\u8981\u6e2f\u5f0f\u98f2\u8336\u3011\uff5cHOOK \u9999\u6e2f\u7279\u8f2f"
        },
        {
            "id": "fjDgDOh206U",
            "title": "\u5728\u675c\u62dc\u53ea\u5403\u300c\u9ec3\u91d1\u300d\u6599\u7406\u6311\u6230\uff0c\u6709\u5403\u6bd4\u6c92\u5403\u9084\u7a7a\u865b\ud83d\ude0d\u3010\u7384\u5958\u53d6\u91d1\u3011\uff5cHOOK ft. Surfshark VPN \u675c\u62dc\u7279\u8f2f#4"
        },
        {
            "id": "30TBORWsGpw",
            "title": "\u5b8c\u5168\u6c92\u6709\u908f\u8f2f\uff0c\u5728\u675c\u62dc\u7d50\u5e33\u50cf\u958b\u9a5a\u559c\u5305\ud83e\udd75\u3010\u50f9\u503c\u89c0\u932f\u4e82\u3011\uff5cHOOK ft. ALLIE \u675c\u62dc\u7279\u8f2f#3"
        },
        {
            "id": "HlcaNrtXNv0",
            "title": "\u5728\u6700\u8cb4\u7684\u570b\u5bb6\u627e\u6700\u4fbf\u5b9c\u7684\u7cbe\u54c1\uff0c\u767c\u73fe\u9023\u6839\u6e6f\u5319\u90fd\u8cb7\u4e0d\u8d77\u3010\u675c\u62dc\u7279\u8f2f#2\u3011\uff5cHOOK ft. Surfshark VPN"
        },
        {
            "id": "Sf06hydYl2g",
            "title": "\u771f\u7684\u597d\u75db\u5594"
        },
        {
            "id": "mgr8qkylDSo",
            "title": "\u5e36\u7238\u5abd\u53bb\u6771\u4eac\uff0c\u76f4\u63a5\u65b7\u7d55\u8840\u7de3\u95dc\u4fc2\u3002\u3010\u5730\u7344\u4e4b\u65c5\u3011\uff5cHOOK ft. Visa \u6771\u4eac\u7279\u8f2f#1"
        },
        {
            "id": "klxhCrLDJCI",
            "title": "\u7b2c\u4e00\u6b21\u4f4f\u6709\u96fb\u68af\u7684\u623f\u5b50\u301014\u5c0f\u6642\u9003\u96e2\u5783\u573e\u5c71\u3011\uff5cHOOK ft. @dontkjoanne"
        },
        {
            "id": "f-VhOWjCv8Q",
            "title": "24\u5c0f\u6642\u53ea\u5403\u300c\u4e9e\u6d32\u300d\u6599\u7406\u6311\u6230\uff01\u4e0d\u53ef\u80fd\u51fa\u570b\u51fa\u5230\u5fd8\u8a18\u600e\u9ebc\u505a\u83dc\u5427\ud83d\ude16\uff5cHOOK ft. \u5fa1\u8336\u5712\u4e16\u754c\u8336\u7cfb\u5217"
        },
        {
            "id": "Jg17yjYGuIo",
            "title": "\u53bb\u675c\u62dc\u642d\u300c\u982d\u7b49\u8259\u300d\u9806\u4fbf\u559d\u9189\uff0c\u9ad4\u9a57\u88ab\u9322\u7838\u7684\u611f\u89ba\u3010\u71d2\u9322\u4f86\u5403#4\u3011\uff5cHOOK ft. Surfshark VPN \u675c\u62dc\u7279\u8f2f#1"
        },
        {
            "id": "50BUT9rNKG4",
            "title": "\u5149\u662f\u8abf\u5473\u5305\u6210\u672c\u5c31\u8981500\uff0c\u81ea\u5df1\u505a\u4e00\u7897\u6ce1\u9eb5\u8d85\u96e3\u8d85\u4e45\u9084\u5f88\u76e4==\u3010\u778e\u5fd9\u7b2c\u4e00\u540d\u3011\uff5cHOOK ft. Uber Eats"
        },
        {
            "id": "2P0PYDpPemc",
            "title": "\u4f86\u770b\u6211\u98c6\u8eca\u300e\u8dd1\u8dd1\u5361\u4e01\u8eca\uff1a\u98c4\u79fb S1\u8cfd\u5b63\u958b\u59cb\uff0c\u9818\u53d6\u514d\u8cbb\u4fdd\u6642\u6377\u8eca\uff01\u300f"
        },
        {
            "id": "FjIvhIFZap4",
            "title": "\u56de\u5230\u6700\u521d\u7684\u8d77\u9ede\u300e\u65b0\u6953\u4e4b\u8c37\uff0c\u4f86\u770b\u6211\u7528\u5361\u8389\u6253\u934b\u84cb\uff01\u300f"
        },
        {
            "id": "Pn2FEbdJ8Lc",
            "title": "\u9ad8\u7a2e\u59d3\u771f\u7684\u904e\u5f88\u723d\uff1f\u548c\u5370\u5ea6\u4eba\u55ae\u6311\u5370\u5ea6\u53f2\uff01\u3010\u4e16\u754c\u53f2#16\u3011\uff5cHOOK ft. \u5370\u6e21\u98a8\u60c5Andy Surfshark VPN"
        },
        {
            "id": "ZEAwvYJ54IU",
            "title": "\u62cd\u7247\u4ed4\u51fa\u5dee\u5728\u5e79\u561b\uff1f\u53ea\u5e36\u4e09\u5343\u5b8c\u5168\u6c92\u82b1\u5230\u9322\ud83e\udd11\u3010\u65b0\u52a0\u5761\u7279\u8f2f#3\u3011\uff5cHOOK ft. \u666e\u62ff\u75bc\u6b62\u75db\u52a0\u5f37\u9320"
        },
        {
            "id": "Jz59WQR_BVA",
            "title": "\u7d93\u6fdf\u8259\u8ddf\u8c6a\u7d93\u8259\u5230\u5e95\u5dee\u5728\u54ea\uff1f\u81fa\u7063\u65b0\u52a0\u5761\u98db\u6a5f\u9910\u8f38\u8d0f\uff01\u3010\u71d2\u9322\u4f86\u5403#3\u3011\uff5cHOOK \u65b0\u52a0\u5761\u7279\u8f2f#2"
        },
        {
            "id": "GmqzwWk0QDY",
            "title": "\u53bb\u91ab\u9662\u54e1\u5de5\u65c5\u904a\ud83d\ude0d\uff2f\u75c5\u734e\u91d1\u767c\u7684\u51fa\u53bb\u55ce\uff1f\u3010\u7d05\u5b57\u8d8a\u591a\u8cfa\u8d8a\u591a\u3011\uff5cHOOK ft. Surfshark VPN"
        },
        {
            "id": "db09qSm7WjM",
            "title": "\u53c3\u52a0\u524d\u7537\u53cb\u7684\u5a5a\u79ae\uff0c\u5305\u4e86\u6240\u6709\u5f71\u7247\u6536\u76ca\u7d66\u4ed6\u3002\u3010\u524d\u5973\u53cb\u684c\u597d\u64e0\u3011\uff5cHOOK"
        },
        {
            "id": "BzSByieH0OU",
            "title": "\u5e6b\u9ec3\u5927\u8b19\u6176\u751f\uff0c\u9806\u4fbf\u71d2\u6389\u963f\u6ef4\u82f1\u6587\u7684\u5343\u842c\u65b0\u5bb6\u3002\u3010\u96d9\u5c64\u516c\u5bd3\u53f0\u5317\u7248\u3011\uff5cHOOK ft. Surfshark VPN"
        },
        {
            "id": "Zo55RrEtkoI",
            "title": "24\u5c0f\u6642\u53ea\u5403\u300c\u8336\u8449\u300d\u6599\u7406\u6311\u6230\uff01\u62ff\u4f86\u505a\u62c9\u9eb5\u662f\u4fc3\u9032\u81fa\u65e5\u53cb\u597d\u7684\u79d8\u8a23\uff5e\u266a\uff5cHOOK ft. SABON"
        },
        {
            "id": "o1q6cJdiqwE",
            "title": "\u8acb\u300c\u65e5\u672c\u300d\u7cbe\u54c1\u5e97\u54e1\u6311\u54e1\u5de5\u5c3e\u7259\u79ae\u7269\uff0c\u7e3d\u91d1\u984d\u9ad8\u5230\u8981\u53bb\u8ce3\u814e\ud83d\ude0d\u3010\u66b4\u767c\u4e92#6\u3011\uff5cHOOK ft. \u570b\u6cf0\u4e16\u83efCUBE App"
        },
        {
            "id": "sR6I_eTSNIM",
            "title": "\u6027\u611f\u4f5b\u5730\u9b54"
        },
        {
            "id": "eUREoYN3VjY",
            "title": "24\u5c0f\u6642\u53ea\u5403\u300c\u96fb\u934b\u300d\u6599\u7406\u6311\u6230\uff01\u751a\u81f3\u53ef\u4ee5\u62ff\u4f86\u7092\u98ef\ud83d\ude0d\u3010\u62d2\u7d55\u6d17\u7897\u3011\uff5cHOOK ft. \u98db\u5229\u6d66IH\u96fb\u5b50\u934b"
        },
        {
            "id": "VLDTdT_wVgE",
            "title": "\u642d\u8a08\u7a0b\u8eca\u300c\u7e5e\u65b0\u52a0\u5761\u4e00\u5708\u300d\u8981\u591a\u4e45\uff1f\u9806\u4fbf\u6559\u5927\u5bb6\u5982\u4f55\u8207\u53f8\u6a5f\u804a\u5929\ud83e\udd74\u3010\u9577\u8f29\u61c9\u5c0d\u5b88\u5247\u3011\uff5cHOOK ft.  @IndianPrinceAdi Surfshark VPN \u65b0\u52a0\u5761\u7279\u8f2f#1"
        },
        {
            "id": "SlwVu98dpTU",
            "title": "\u53bb\u5927\u962a\u54e1\u5de5\u65c5\u904a(\u02f6\u203e\u1dc4 \u207b\u032b \u203e\u1dc5\u02f5)\u771f\u7684\u65e5\u5e63\u7576\u53f0\u5e63\u5237\ud83d\ude0d\u3010\u6240\u6709\u8cbb\u7528\u90fd\u4e58\u4e94\u3011\uff5cHOOK ft. New Balance \u5927\u962a\u7279\u8f2f#1"
        },
        {
            "id": "Qb_GGRKaXFI",
            "title": "\u5927\u97d3\u822a\u7a7a\u8ddf\u9577\u69ae\u5546\u52d9\u8259\u662f\u6975\u8207\u6975\u7684\u5c0d\u6c7a\uff1f\u81fa\u7063\u97d3\u570b\u98db\u6a5f\u9910\u8f38\u8d0f\uff01\u3010\u71d2\u9322\u4f86\u5403#2\u3011\uff5cHOOK \u97d3\u570b\u7279\u8f2f#4"
        },
        {
            "id": "hyl0sR5QNaA",
            "title": "\u4e0d\u53ef\u80fd\u5c0d\u97d3\u570b\u5b8c\u5168\u6539\u89c0\u5427\uff1f\u53ef\u662f\u97d3\u570b\u98df\u7269\u771f\u7684\u597d\u597d\u5403\ud83e\udd7a\u3010\u4e94\u5929\u8b8a\u80d6\u6311\u6230\u3011\uff5cHOOK VLOG ft. Surfshark VPN \u97d3\u570b\u7279\u8f2f#3"
        },
        {
            "id": "6twpDdWBcMY",
            "title": "24\u5c0f\u6642\u53ea\u5403\u300c\u8edf\u7cd6\u300d\u6599\u7406\u6311\u6230\uff01\u8edf\u786c\u517c\u5177\u7684\u53e3\u611f\u662f\u6975\u81f4\u7684\u4eab\u53d7\uff5e\u266a\uff5cHOOK ft. \u55e8\u557e"
        },
        {
            "id": "mOEIpJ4PseU",
            "title": "\u812b\u5317\u8005\u5728\u5357\u97d3\u7684\u771f\u5be6\u751f\u6d3b\u662f\u4ec0\u9ebc\u6a21\u6a23\uff1f\u5317\u97d3\u4eba\u5e36\u6211\u5011\u901b\u5357\u97d3\uff01\u3010\u97d3\u570b\ud83c\udf46\u597d\u5403\u3011\uff5cHOOK VLOG \u97d3\u570b\u7279\u8f2f#2"
        },
        {
            "id": "ZvER7owYuPs",
            "title": "24\u5c0f\u6642\u53ea\u5403\u300c\u86cb\u7cd5\u300d\u6599\u7406\u6311\u6230\uff01\u86cb\u7cd5\u5165\u83dc\u7adf\u662f\u7bc0\u7701\u6642\u9593\u7684\u9b54\u6cd5\uff5e\u266a\uff5cHOOK ft. \u7d71\u4e00\u86cb\u7cd5\u5c4b\u84b8\u679c\u5b50"
        },
        {
            "id": "koG4xVr_osA",
            "title": "\u9577\u69ae\u570b\u6cf0\u8ab0\u7684\u5546\u52d9\u8259\u725b\u6392\u66f4\u597d\u5403\uff1f\u81fa\u7063\u7d10\u7d04\u98db\u6a5f\u9910\u8f38\u8d0f\uff01\u3010\u71d2\u9322\u4f86\u5403#1\u3011\uff5cHOOK ft. Surfshark VPN \u7d10\u7d04\u7279\u8f2f#4"
        },
        {
            "id": "Z1Ano59ATkE",
            "title": "Cat Diss Rap"
        },
        {
            "id": "qhhmr6dlBaM",
            "title": "\u4e09\u660e\u6cbb\u5c31\u89811000\u53f0\u5e63\uff0c\u7d10\u7d04\u7269\u50f9\u662f\u5408\u6cd5\u6436\u52ab==\u3010\u4e94\u5929\u7834\u7522\u6311\u6230\u3011\uff5cHOOK VLOG \u7d10\u7d04\u7279\u8f2f#3"
        },
        {
            "id": "Qh1r12TRH74",
            "title": "24\u5c0f\u6642\u53ea\u5403\u300c\u53e4\u65e9\u5473\u300d\u6599\u7406\u6311\u6230\uff01\u8001\u7956\u5b97\u7684\u667a\u6167\u771f\u7684\u4e0d\u8981\u8f15\u6613\u5617\u8a66\ud83d\ude0d\uff5cHOOK ft. \u8766\u76ae"
        },
        {
            "id": "Wl9fczldqq4",
            "title": "\u6211\u624d\u6c92\u6709\u5bb3\u6015"
        },
        {
            "id": "wUPtGnHwP2Y",
            "title": "\u5728\u7d10\u7d04\u88ab\u4e00\u665a2\u842c\u7684\u98ef\u5e97\u653e\u9ce5\uff0c\u51cc\u6668\u56db\u9ede\u5728\u8857\u982d\u627e\u7761\u89ba\u7684\u5730\u65b9\ud83d\ude0d\uff5cHOOK \u7d10\u7d04\u7279\u8f2f#2"
        },
        {
            "id": "JTindy8jBZY",
            "title": "\u5927\u5510\u76db\u4e16\u4e09\u9910\u5403\u4ec0\u9ebc\uff1f\u5403\u8349\u5403\u820c\u982d\u7684\u5730\u7344\u4f86\u8972\uff01\u3010\u6599\u7406\u53f2\u738b#10\u3011\uff5cHOOK ft. \u6c5f\u6e56\u60a0\u60a0"
        },
        {
            "id": "-Z3TqzMMIKE",
            "title": "\u81ea\u7531\u662f\u4ec0\u9ebc\uff1f\u8ddf\u5317\u97d3\u4eba\u55ae\u6311\u5317\u97d3\u53f2\uff01\u3010\u4e16\u754c\u53f2#15\u3011\uff5cHOOK ft. \u91d1\u5c1a\u6688"
        },
        {
            "id": "Hm3HPkk9uHs",
            "title": "\u3010\u8de8\u570b\u7a81\u8972\u3011\u56e0\u70ba\u963f\u6ef4\u548c\u5927\u8b19\u628a\u6211\u4e1f\u5728\u81fa\u7063\uff0c\u6240\u4ee5\u6211\u76f4\u63a5\u98db\u53bb\u7d10\u7d04\u63cd\u4ed6\u3002\uff5cHOOK ft. Surfshark VPN"
        },
        {
            "id": "i3rP8TJkdLk",
            "title": "\u54ed\u8457\u5237\u4e86\u56db\u5f35\u5546\u52d9\u8259\uff0c\u6cf0\u570b\u56de\u81fa\u7063\u7adf\u7136\u98db\u4e8610\u5c0f\u6642\ud83d\ude0d\uff1f\u3010\u570b\u6cf0\u98db\u6a5f\u9910\u958b\u7bb1\u3011\uff5cHOOK ft. Surfshark VPN"
        },
        {
            "id": "ERumF8gI_pE",
            "title": "\u9435\u9054\u5c3c\u865f\u6c89\u6c92\u524d\u4e09\u9910\u5403\u4ec0\u9ebc\uff1f\u8d64\u88f8\u88f8\u7684\u968e\u7d1a\u6b67\u8996\u771f\u7684\u8981\u78ba\u5b9a\u8036\u3010\u6599\u7406\u53f2\u738b#9\u3011\uff5cHOOK ft. \u6bcf\u5929\u90fd\u60f3\u53f2"
        },
        {
            "id": "-ha4xA6c8fE",
            "title": "\u4eca\u5929\u51fa\u570b\u660e\u5929\u56de\u4f86\uff0c18\u5c0f\u6642\u6975\u9650\u71d2\u9322\u76e4\u5b50\u6311\u6230\ud83d\ude0d\u3010\u66b4\u767c\u4e92#5\u3011\uff5cHOOK ft. \u53f0\u556418\u5929\u751f\u5564\u9152"
        },
        {
            "id": "jatpLU-i92g",
            "title": "\u5927\u578b\u5783\u573e\u661f\u671f\u65e5\u53ef\u662f\u4e0d\u6536\u7684\u5594"
        },
        {
            "id": "DAUn4QEdwdY",
            "title": "\u3010\u6311\u6230\u3011\u9023\u7e8c\u4e00\u500b\u79ae\u62dc\uff0c\u9910\u9910\u53ea\u5403\u6c34\u679c\u6599\u7406\u3002\u3010\u4e00\u9031\u6311\u6230#24\u3011\uff5cHOOK"
        },
        {
            "id": "MHFT9BZhIKE",
            "title": "24\u5c0f\u6642\u72c2\u5b785\u7a2e\u821e\u6311\u6230\uff0c\u5f9eAKB\u5230\u65e5\u672c\u821e\u8e0a\u5168\u4e0d\u653e\u904e\ud83d\ude0d\u3010\u7121\u9650\u4e0a\u7db1#2\u3011\uff5cHOOK ft. Surfshark VPN"
        },
        {
            "id": "CK8Wqt1yGy8",
            "title": "\u539f\u4f86\u9019\u5c31\u662f\u8ddf\u5973\u751f\u6d17\u6fa1\u7684\u611f\u89ba\ud83e\udd7a\u771f\u7684\u9999\u9999\u7684\uff5e\u266a\u3010\u662f\u5728\u304f\u304a\u3011\uff5cHOOK ft. LUX @MariaAbe"
        },
        {
            "id": "utbUeUSz0Uc",
            "title": "\u9ed1\u76ae\u5de8\u4eba"
        },
        {
            "id": "eCpNNpLHvVA",
            "title": "\u5c31\u8aaa\u662f\u5973\u751f\u4e86\uff0c\u8ced\u4e0a\u5c0a\u56b4\u7684\u9577\u9aee\u7279\u8f2f\ud83e\udd7a\u3010\u60f3\u7576\u7f61\u59b9\u3011\uff5cHOOK ft. New Balance"
        },
        {
            "id": "NP-xz1TR0OE",
            "title": "\u7f8e\u570b\u6d77\u5e95\u6488\u8ddf\u81fa\u7063\u5dee\u591a\u5c11\uff1f\u570b\u5916\u5403\u706b\u934b\u771f\u7684\u5728\u71d2\u9322==\uff01\u3010\u4e92\u53ef\u5b87\u5b99#6\u3011\uff5cHOOK"
        },
        {
            "id": "59Exnd6-uAk",
            "title": "\u52a0\u8d77\u4f86\u8d85\u904e100\u6b72\u7684\u731b\u7378\u6559\u5927\u5bb6\u5982\u4f55\u904a\u9ad8\u96c4\u3010\u592b\u59bb\u5ee2\u7247\u3011\uff5cHOOK ft. Surfshark VPN"
        },
        {
            "id": "Z04Q-4hYE7g",
            "title": "24\u5c0f\u6642\u53ea\u5403\u300c\u5c0f\u7576\u5bb6\u300d\u6599\u7406\u6311\u6230\uff01\u6709\u4e9b\u6771\u897f\u771f\u7684\u7559\u5728\u52d5\u756b\u88e1\u5c31\u597d\ud83d\ude0d\uff5cHOOK ft. \u7389\u5c71\u6578\u4f4de\u5361"
        },
        {
            "id": "ypI4ajw7WbY",
            "title": "\u3010\u6311\u6230\u3011\u9023\u7e8c\u4e00\u500b\u79ae\u62dc\uff0c\u9910\u9910\u53ea\u5403\u51b0\u7684\u98df\u7269\u3002\u3010\u4e00\u9031\u6311\u6230#23\u3011\uff5cHOOK"
        },
        {
            "id": "FjmMkyu40fc",
            "title": "24\u5c0f\u6642\u53ea\u5403\u300c\u6cf0\u5f0f\u300d\u6599\u7406\u6311\u6230\uff01\u70b8\u96de\u6e6f\u662f\u8001\u5929\u7d66\u4eba\u985e\u7684\u79ae\u7269\uff5e\u266a\uff5cHOOK ft. \u80af\u5fb7\u57fa"
        },
        {
            "id": "e0qU1HcwXnI",
            "title": "\u8b93\u7c89\u7d72\u6295\u7968\u6c7a\u5b9a\u7238\u723860\u6b72\u751f\u65e5\u600e\u9ebc\u904e\uff0c\u4fe1\u7528\u5361\u76f4\u63a5\u5237\u7206(\uffe3\u2207\uffe3)/\u3010\u5b5d\u9053\u5916\u5305#6\u3011\uff5cHOOK ft. Surfshark VPN"
        },
        {
            "id": "RteMpsGYikE",
            "title": "\u5927\u6e05\u5e1d\u570b\u4e09\u9910\u5403\u4ec0\u9ebc\uff1f\u5fa1\u81b3\u623f\u85aa\u6c34\u6703\u4e0d\u6703\u592a\u597d\u8cfa\ud83d\ude0d\uff1f\u3010\u6599\u7406\u53f2\u738b#8\u3011\uff5cHOOK ft. Dokific\u6df1\u5bae\u66f2"
        },
        {
            "id": "H6FlglffW98",
            "title": "\u7f8e\u570b\u6f22\u5821\u738b\u8ddf\u81fa\u7063\u5dee\u591a\u5c11\uff1f\u9019\u500b\u5c3a\u5bf8\u771f\u7684\u770b\u5230\u5c31\u98fd\ud83d\ude0d\u3010\u4e92\u53ef\u5b87\u5b99#5\u3011\uff5cHOOK"
        },
        {
            "id": "Ev0SL7wdU-8",
            "title": "\u5e6b\u524d\u7537\u53cb\u6c42\u5a5a\uff0c\u539f\u4f86\u7b11\u8457\u795d\u798f\u6700\u75db\u3002\u3010\u4f60\u8981\u5e78\u798f\u3011\uff5cHOOK ft. @peetagege  @DaChien @rayduenglish"
        },
        {
            "id": "6nXHOJPv1mo",
            "title": "\u53e4\u58a8\u897f\u54e5\u4eba\u4e09\u9910\u5403\u4ec0\u9ebc\uff1f\u737b\u51fa\u5fc3\u81df\u4e0d\u53ea\u662f\u50b3\u8aaa\u22ef\u3010\u6599\u7406\u53f2\u738b#7\u3011\uff5cHOOK ft. Surfshark VPN"
        },
        {
            "id": "78rUmhLUPCs",
            "title": "\u53f0\u5317\u4fd7\u53bb\u57fa\u9686\u6d77\u91e3\uff0c\u9806\u4fbf\u5403\u597d\u5403\u7684\u6771\u897f(\uffe3\u2207\uffe3)/\u3010100\u5143\u82b1\u4e0d\u5b8c\u3011\uff5cHOOK ft. V-TEX\u9632\u6c34\u978b"
        },
        {
            "id": "U6_2_l-yc9k",
            "title": "\u611b\u60c5\u6c92\u6709\u5148\u4f86\u5f8c\u5230\uff0c\u9ad4\u9a57\u6436\u4eba\u7537\u53cb\u7684\u611f\u89ba\ud83d\ude0d\u3010\u8ab0\u662f\u5c0f\u72d7\u3011\uff5cHOOK ft. @DaChien @rayduenglish"
        },
        {
            "id": "ykpRsuTw2S8",
            "title": "109\u842c\u62cd\u7247\u4ed4\u7684\u4e00\u5929\uff0c\u5730\u7344\u6b7b\u4ea1\u4e82\u623f\u9593\u6c92\u6709\u932f\u5566\ud83d\ude0d\u3010\u9ad2\u4e82\u8b66\u544a\u3011\uff5cHOOK ft. \u6d77\u5c3c\u68390.0\u96f6\u9152\u7cbe"
        },
        {
            "id": "dA2yaYkGTtk",
            "title": "\u7f8e\u570b\u80af\u5fb7\u57fa\u8ddf\u81fa\u7063\u5dee\u591a\u5c11\uff1f\u6b63\u5f0f\u5ba3\u4f48\u80af\u5fb7\u57fa\u4e0d\u53ea\u662f\u86cb\u5854\u5e97\uff01\u3010\u4e92\u53ef\u5b87\u5b99#4\u3011\uff5cHOOK"
        },
        {
            "id": "8lp5mMYrVRA",
            "title": "24\u5c0f\u6642\u53ea\u5403\u300c\u654f\u611f\u300d\u6599\u7406\u6311\u6230\uff01\u51b0\u706b\u4e94\u91cd\u5929\u9178\u5230Fa Do\uff5e\uff5cHOOK ft. \u8212\u9178\u5b9a"
        },
        {
            "id": "b3lQvyD4GsQ",
            "title": "\u8ddf\u7661\u7661\u6c7a\u6230\u5927\u80f8\u90e8\uff0c\u8a66\u8457\u7528\u5976\u5976\u6253\u4fdd\u9f61\u7403(\u02f6\u203e\u1dc4 \u207b\u032b \u203e\u1dc5\u02f5)\uff01\u2764\ufe0f\uff5cHOOK ft. @ATienDai"
        },
        {
            "id": "Is9sWcpTpto",
            "title": "\u82b130\u842c\u5e6b\u7238\u5abd\u8fa6\u5a5a\u79ae\uff0c\u7b2c\u4e00\u6b21\u7d50\u5a5a\u597d\u7dca\u5f35\ud83c\udf39 \u3010\u66b4\u767c\u4e92#4\u3011\uff5cHOOK ft. \u570b\u6cf0\u4e16\u83ef\u9280\u884c"
        },
        {
            "id": "O5GdBTg2mI8",
            "title": "24\u5c0f\u6642\u760b\u72c2\u5b78\u5404\u7a2e\u821e\u6311\u6230\uff0c\u770b\u770b\u819d\u84cb\u6bc0\u6ec5\u8005\u662f\u4ec0\u9ebc\u6a21\u6a23(\uffe3\u2207\uffe3)/\u3010\u7121\u9650\u4e0a\u7db1#1\u3011\uff5cHOOK"
        },
        {
            "id": "NEiphiBUdhY",
            "title": "\u5370\u5ea6\u4eba\u4e09\u9910\u5403\u4ec0\u9ebc\uff1f\u7a2e\u59d3\u5236\u5ea6\u771f\u7684\u898f\u77e9\u597d\u591a\u22ef\u3010\u6599\u7406\u53f2\u738b#6\u3011\uff5cHOOK ft. Surfshark VPN"
        },
        {
            "id": "OIZBdSo_kvU",
            "title": "\u5f48\u92fc\u7434\u771f\u958b\u5fc3 #shorts"
        },
        {
            "id": "e17pzMlcoiY",
            "title": "\u3010\u6311\u6230\u3011\u9023\u7e8c\u4e00\u500b\u79ae\u62dc\uff0c\u9910\u9910\u53ea\u5403\u8349\u8393\u3002\u3010\u4e00\u9031\u6311\u6230#22\u3011\uff5cHOOK"
        },
        {
            "id": "367p93-f-iw",
            "title": "24\u5c0f\u6642\u53ea\u5403\u300c\u5de7\u514b\u529b\u300d\u6599\u7406\u6311\u6230\uff01\u62ff\u4f86\u70b8\u96de\u662f\u5feb\u6a02\u7684\u9b54\u6cd5\uff5e\u266a\uff5cHOOK ft. \u9ea5\u63d0\u838e"
        }
    ]
}