{
    "channel": {
        "title": "Ku's dream\u9177\u7684\u5922-",
        "id": "UCV1OpUwWJCMiv6gJCRR6yAg",
        "customUrl": "@kusdream",
        "uploads": "UUV1OpUwWJCMiv6gJCRR6yAg"
    },
    "videos": [
        {
            "id": "a-02B4nlCWI",
            "title": "\u9e79\u9165\u96de\u3001\u70b8\u751c\u4e0d\u8fa3\uff1f\uff01\ud83c\uddeb\ud83c\uddf7\u6cd5\u570b\u9ad8\u4e2d\u751f\u6572\u7897\u7684\u53f0\u7063\u9e79\u9165\u96de\uff01French Highshcoolers Try out TAIWANESE FRIED CHICKEN"
        },
        {
            "id": "tNnykXeQIek",
            "title": "So-so=\u99ac\u99ac\u864e\u864e\uff1f\ud83e\udd14"
        },
        {
            "id": "Z8hTda_OOR4",
            "title": "\u770b\u5f97\u6709\u4e00\u9ede\u4e0d\u8607\u670d\ud83d\ude14"
        },
        {
            "id": "BDRlNfFya0g",
            "title": "\u53f0\u7063\u4eba\u6700\u6703\u6b67\u8996\u53f0\u7063\u4eba\ud83d\ude14"
        },
        {
            "id": "VMrAvLil3S8",
            "title": "\u5916\u570b\u4eba\u7528\u4e2d\u6587\u64a9\u59b9\u597d\u8f9b\u82e6\ud83e\udd72"
        },
        {
            "id": "tC6D4ehrdew",
            "title": "\ud83c\uddeb\ud83c\uddf7\u6cd5\u570b\u4eba\u4e00\u53e3\u6c23\u5403\u720619\u9593\u6ef7\u8089\u98ef\uff01\uff1f\ud83d\udc37\ud83c\udf5a\u8c6c\u9053\u6700\u597d\u5403\u7684\u6ef7\u8089\u98ef\u5c31\u5728... French People Eat EVERY Braised Pork Rice in Taiwan"
        },
        {
            "id": "X3EI6PEhdlM",
            "title": "\u53f0\u5f0f\u82f1\u6587\u9084\u662f\u6700\u6a19\u6e96\u7684\u5566\ud83d\ude07"
        },
        {
            "id": "uVBK-BeoayQ",
            "title": "\ud83e\udd5c\u82b1\u751f\u8c6c\u8173\u3001\u9ebb\u6cb9\u8c6c\u809d\ud83d\udc16\uff01\ud83c\uddeb\ud83c\uddf7\u6cd5\u570b\u4eba\u5403\u5b8c\u60f3\u518d\u61f7\u5b55\u7684\u53f0\u7063\u6708\u5b50\u9910\ud83e\udd30\uff01French MOMS try Taiwanese POST PARTUM FOOD"
        },
        {
            "id": "pocBwvJtBM4",
            "title": "\u7ae5\u5e74\u6c92\u6709\u89aa\u89aa\u62b1\u62b1\u7684+1\ud83e\udd72 @lifeintaiwan"
        },
        {
            "id": "g6F3t4C7Iiw",
            "title": "\u4e4b\u5f8c\u5916\u570b\u4eba\u8b1b\u4e2d\u6587\u90fd\u7528\u5531\u7684\u597d\u4e86\ud83d\ude02"
        },
        {
            "id": "_Vh0Vk2a-0k",
            "title": "\u7576\u59b3\u7537\u53cb\u8aaa\u300c\u6c92\u95dc\u4fc2\uff5e\u300d\u7684\u6642\u5019\ud83d\ude44"
        },
        {
            "id": "R7ZlHqwuTE4",
            "title": "\ud83e\udd86\u6ef7\u9d28\u7fc5\u3001\u751c\u4e0d\u8fa3\uff1f\uff01\ud83c\uddeb\ud83c\uddf7\u8ff7\u5012\u6cd5\u570b\u4eba\u7684\u53f0\u7063\u6ef7\u5473\uff01French People Try Taiwanese LUWEI for the first time"
        },
        {
            "id": "fLupJ_bQ14g",
            "title": "\u53f0\u7063\u4eba\u4e0d\u8981\u518d\u958b\u9019\u7a2e\u9ed1\u8272\u5e7d\u9ed8\ud83c\udf1a"
        },
        {
            "id": "m1HMgbkpwJI",
            "title": "\u4e0d\u8981\u6436\u6211\u7684\u6392\u9aa8\ud83e\udd2c\ud83e\udd2c\ud83e\udd2c"
        },
        {
            "id": "YGtZKps6uj0",
            "title": "\u53f0\u7063\u7537\u751f\u8d70\u8def\u4e0d\u6562\u727d\u624b\uff1f\ud83d\ude33"
        },
        {
            "id": "Id7FDBRuJas",
            "title": "\u53ea\u6709\u6211\u5011\u89ba\u5f97\u4e2d\u6587\u548c\u53f0\u8a9e\u7684\u9f3b\u97f3\u5f88\u91cd\u55ce\ud83d\ude02"
        },
        {
            "id": "r24cyE8svmE",
            "title": "\ud83c\udf5c\u7d71\u4e00\u8089\u71e5\u9eb5\u3001\u53f0\u9152\u82b1\u96d5\u96de\u9eb5\uff1f\ud83c\uddeb\ud83c\uddf7\u6cd5\u570b\u9ad8\u4e2d\u751f\u4e00\u5403\u5c31\u8457\u8ff7\u7684\u53f0\u7063\u6ce1\u9eb5\ud83d\ude0d\uff01French Highschoolers Try Taiwanese Noodles for the First Time!"
        },
        {
            "id": "oewaX1TMi9s",
            "title": "\u6709\u4e00\u7a2e\u80d6 \u662f\u53f0\u7063\u4eba\u89ba\u5f97\u4f60\u80d6\ud83e\udd7a"
        },
        {
            "id": "hyK5xuXa0jc",
            "title": "\u53f0\u7063\u516c\u516c\u592a\u71b1\u60c5\u4e86\u5566\ud83e\udd79"
        },
        {
            "id": "tmb7NmiaQUM",
            "title": "\ud83d\udc02\u5403\u5230\u725b\u6dda\uff01\ud83c\uddeb\ud83c\uddf7\u6cd5\u570b\u4eba\u74b0\u5cf6\u5403\u720619\u7897\u8d85\u53f0\u725b\u8089\u9eb5\uff1f\uff01\ud83e\udd29Finding the Best Beef Noodle in Taiwan!"
        },
        {
            "id": "ZAmcKToJ0CA",
            "title": "\u975e\u6d32\u4eba\u7b2c\u4e00\u6b21\u5728\u53f0\u5317\u5750\u6377\u904b\u5c45\u7136\u662f\u9019\u7a2e\u611f\u89ba\ud83d\ude02"
        },
        {
            "id": "C4_RmIM-baE",
            "title": "\u5728\ud83c\uddf9\ud83c\uddfc\u9ede\u73cd\u73e0\u5976\u8336\u6709\u5920\u96e3\ud83e\udd72"
        },
        {
            "id": "iuuqQrTOCfU",
            "title": "\ud83d\udfe0\ud83d\udfe1\ud83d\udfe2\u4e09\u8272\u8c46\u3001\u87a2\u5149\u5496\u55b1\ud83c\udf5b\uff01\ud83c\uddeb\ud83c\uddf7\u8b93\u6cd5\u570b\u4eba\u6d41\u53e3\u6c34\u7684\u53f0\u5f0f\u4fbf\u7576\ud83c\udf71 French People Try TAIWANESE BENTO"
        },
        {
            "id": "wOD0JpSndDs",
            "title": "\u548c\u725b\ud83d\udc02\u3001\u9f8d\u8766\ud83e\udd9e\u7121\u9650\u5403\u5230\u98fd\uff1f\uff01\u958b\u7bb1\u6bd4\u6cd5\u570b\u9084\u53b2\u5bb3\u7684\u8c6a\u83efbuffet\uff01I Took My Employees to the BEST BUFFET in ASIA"
        },
        {
            "id": "hm8N8CdHvo8",
            "title": "\u2b55\u90a6\u63d0\u5708\u3001\u64e0\u7259\u818f\u5668\ud83e\udea5\u3001\u6293\u7662\u795e\u5668\uff1f\uff01\ud83c\uddeb\ud83c\uddf7\u6cd5\u570b\u4eba\u8d85\u60f3\u8cb7\u7684\u53f0\u7063\u5947\u602a\u6771\u897f\uff01TAIWANESE GADGETS VS FRENCH PEOPLE"
        },
        {
            "id": "oFIbh6QCrx4",
            "title": "\ud83d\ude88\u6cd5\u570b\u4eba\u5728131\u500b\u6377\u904b\u7ad9\u88e1\u9762\u5403\u6771\u897f\uff1f\uff01\ud83c\udf55\u6c92\u60f3\u5230\u7adf\u7136\u6709\u8ce3...\ud83e\udd29\uff1f\uff01EATING AT EVERY METRO STATION IN TAIPEI"
        },
        {
            "id": "yTcfZi-mSy8",
            "title": "\ud83c\udfeb\u9999\u9999\u8c46\u3001\u611b\u5fc3\u5c0f\u624b\ud83d\udc4b\uff01\ud83c\uddeb\ud83c\uddf7\u6cd5\u570b\u9ad8\u4e2d\u751f\u5b8c\u5168\u731c\u4e0d\u5230\u7684\u53f0\u7063\u6587\u5177?! FRENCH HIGHSCHOOLERS BAFFLED BY TAIWANESE STATIONERY"
        },
        {
            "id": "HHb3YA08lK8",
            "title": "\ud83d\ude08\u52a0\u7206\u828b\u982d\uff01\ud83c\uddeb\ud83c\uddf7\u6cd5\u570b\u9ad8\u4e2d\u751f\u9858\u610f\u82b1\u5149\u9322\u5403\u7684\u53f0\u7063\u706b\u934b\ud83c\udf72\ud83e\udd24  HIGH SCHOOLERS Get Their Mind Blown by Taiwanese HOT POT"
        },
        {
            "id": "8BmdtS_n2Ck",
            "title": "\u8304\u6c41\u9bd6\u9b5a\ud83d\udc1f\u3001\u8089\u9b06\u3001\u516b\u5bf6\u7ca5\uff1f\uff01\u90a3\u4e9b\u6cd5\u570b\u9ad8\u4e2d\u751f\u611b\u4e0a\u7684\u53f0\u7063\u7f50\u982d\uff01\ud83e\udd6bFRENCH HIGHSCHOOLERS TRY TAIWANESE CANNED FOOD"
        },
        {
            "id": "lPsk5GXJhHM",
            "title": "\ud83e\udd6a\u5361\u62c9\u8106\u96de\u5410\u53f8\u3001\u9e79\u8c46\u6f3f\ud83e\udd5b\uff1f\uff01\u8aaa\u670d\u6cd5\u570b\u9ad8\u4e2d\u751f\u7684\u53f0\u7063\u65e9\u9910\uff01French Highschoolers Try Taiwanese Breakfast for the first time"
        },
        {
            "id": "c3P1FT6JJNk",
            "title": "\ud83c\uddeb\ud83c\uddf7\u6cd5\u570b\u4eba\u9023\u7e8c\u5403\u720619\u5bb6\u53f0\u7063\u96de\u6392\ud83d\udc14\uff1f\uff01\u6700\u597d\u5403\u7684\u96de\u6392\u7adf\u7136\u5728\u2026 Finding The BEST CHICKEN CUTLET In TAIWAN"
        },
        {
            "id": "LDV2yJNqGrE",
            "title": "\u8349\u8393\ud83c\udf53\u3001\u62ab\u85a9\ud83c\udf55\u8ca9\u8ce3\u6a5f\uff1f\uff01\u958b\u7bb111\u500b\u53f0\u7063\u6c92\u6709\u7684\u6cd5\u570b\u8ca9\u8ce3\u6a5f\uff01LIVING OFF FRENCH VENDING MACHINES FOR 3 DAYS"
        },
        {
            "id": "liUcxFhYS1Y",
            "title": "\u6cd5\u570b\u4eba\u5687\u5230\u7684\u53f0\u7063\u71b1\u7092\ud83c\uddf9\ud83c\uddfc\ud83e\udd58\uff1f\uff01\u79d2\u611b\u4e0a\u5bae\u4fdd\u96de\u4e01\u3001\u9cf3\u68a8\u8766\u7403\uff01FRENCH PEOPLE TRYING OUT TAIWANESE BAR FOOD"
        },
        {
            "id": "wyUwS4eXNKQ",
            "title": "\ud83e\uddcb\u73cd\u73e0\u5976\u8336\u3001\u51ac\u74dc\u6ab8\u6aac\ud83c\udf4b \u6cd5\u570b\u9ad8\u4e2d\u751f\u79d2\u611b\u4e0a\u7684\u53f0\u7063\u624b\u6416\u98f2\u6599\uff1f\uff01\ud83c\uddeb\ud83c\uddf7 FRENCH HIGHSCHOOLERS TRY BUBBLE TEA FOR THE FIRST TIME"
        },
        {
            "id": "1eO8dStvPlY",
            "title": "\ud83e\uddc0\u8d85\u904e115\u7a2e\u8d77\u53f8\u3001\u9f8d\u8766\u5403\u5230\u98fd\ud83e\udd9e\uff1f\uff01\u958b\u7bb1\u5168\u4e16\u754c\u6700\u8c6a\u83ef\u7684Buffet\ud83e\udd29\uff01I took my employees to the BEST BUFFET in the WORLD"
        },
        {
            "id": "Aivzh-Vy_qk",
            "title": "\ud83e\udd28\u6728\u74dc\u7c84\u3001\u96d9\u7cd5\u6f64\uff1f\uff01\u8b93\u5916\u570b\u4eba\u9a5a\u8277\u7684\u53f0\u7063\u98df\u7269\uff01I\u2018M ON A BILLBOARD IN TAIWAN!"
        },
        {
            "id": "A5CZsMmfDus",
            "title": "\u672c\u571f\u53f0\u7063\u4eba\u4e5f\u807d\u4e0d\u61c2\u7684\u53f0\u7063\u7d93\u5178\u5ee3\u544a\ud83d\ude31?!\ud83c\uddf9\ud83c\uddfc@haileymocaixi  @Chienseating  @594blackdragon"
        },
        {
            "id": "GrJm6BvqtHc",
            "title": "\ud83c\uddeb\ud83c\uddf7\u6cd5\u570b\u4eba\u96e2\u53f0\u524d\u4e00\u5929\u5403\u7206\u53f0\u7063\u591c\u5e02\uff01\u597d\u5403\u5230\u4e0d\u60f3\u56de\u5bb6?!\ud83e\udd79\ud83e\uddcbEATING EVERY FOOD STAND AT A NIGHT MARKEt"
        },
        {
            "id": "350215mSnhE",
            "title": "\ud83d\ude31\u53f0\u7063\u4eba\u8981\u6709\u591a\u71b1\u60c5\uff1f\uff01\u7c89\u7d72\u89aa\u81ea\u9001\u8d85\u5de8\u5927\u7f8e\u98df\u5230\u6cd5\u570b\u4eba\u5bb6\ud83c\uddeb\ud83c\uddf7\uff01\uff01TAIWANESE FOOD COMPETITION!\uff08winner gets $10.000)"
        },
        {
            "id": "OoBTQJorE90",
            "title": "\ud83d\ude32\u53f0\u7063\u7adf\u7136\u6709\u9019\u9ebc\u591a\u9593\u672c\u571f\u901f\u98df\u5e97\uff01\uff1f\ud83c\udf5f\ud83c\udf54\u6cd5\u570b\u4eba\u6700\u611b\u9019\u9593... WE TRIED EVERY SINGLE TAIWANESE FAST FOOD"
        },
        {
            "id": "OViPNQR49Uw",
            "title": "\ud83e\udd4b\u6cd5\u570b\u4eba\u898b\u5230\u6700\u5d07\u62dc\u7684\u53f0\u7063\u67d4\u9053\u9078\u624b!!ft.\u694a\u52c7\u7def WE MET WITH AN OLYMPIC MEDALIST!"
        },
        {
            "id": "X7vQGNQIPT4",
            "title": "\ud83c\udf45\u6cd5\u570b\u4eba\u5403\u5f9e\u5c0f\u5230\u5927\u90fd\u6c92\u770b\u904e\u7684\u53f0\u7063\u6c34\u679c\ud83e\udd24\uff1f\uff01\u706b\u9f8d\u679c\u3001\u91cb\u8fe6\u3001\u767e\u9999\u679c\u8b93\u6cd5\u570b\u4eba\u8d85\u9a5a\u8c54\uff01"
        },
        {
            "id": "caoqPGV3k5s",
            "title": "\ud83e\udd14\u53f0\u7063\u96fb\u5f71\u9662\u7adf\u6709\u8ce3\u725b\u8089\u9eb5?\ud83c\udf5c\u6cd5\u570b\u4eba\u4e00\u53e3\u6c23\u8a55\u6bd4\u5168\u53f0\u96fb\u5f71\u9662\u7f8e\u98df! Cinemas In Taiwan have BEDS?"
        },
        {
            "id": "fZsUp13Rdig",
            "title": "\ud83e\udd2f\u9707\u9a5a\u6cd5\u570b\u4eba\u7684\u53f0\u7063\u5403\u5230\u98fd\u706b\u934b\ud83c\udf72\uff01\u751a\u81f3\u9084\u6709\u751c\u9ede\u3001\u5564\u9152\u3001\u70b8\u96de... FRENCH GYMBRO EATS ALL-YOU-CAN-EAT HOTPOT"
        },
        {
            "id": "0IFyEe4JOcM",
            "title": "\ud83c\uddeb\ud83c\uddf7\u6cd5\u570b\u9ea5\u7576\u52de\u7adf\u6c92\u8ce3\u7389\u7c73\u6fc3\u6e6f\u3001\u9ea5\u8106\u96de\ud83c\udf57\uff1f\uff01\ud83d\ude2f\u5403\u7206\u53f0\u7063\u901f\u98df\u5e97\u624d\u6709\u8ce3\u7684\u98df\u7269\uff01TAIWAN'S FAST FOOD EXCLUSIVE ITEMS"
        },
        {
            "id": "oxZG5K0Laj8",
            "title": "\u6cd5\u570b\u4eba\u4e00\u53e3\u6c23\u958b\u7bb118\u9593\u4e3b\u984c7-11?! \ud83c\udfea \u7adf\u7136\u6709\u540d\u5075\u63a2\u67ef\u5357\u3001\u9b3c\u6ec5\u4e4b\u5203\u8d85\u591a\u4e3b\u984c\ud83d\ude31\uff0118 THEMED 7-11 IN TAIWAN"
        },
        {
            "id": "KeL28VbnX5k",
            "title": "\ud83d\ude31\u5687\u58de\u6cd5\u570b\u4eba\u7684\u53f0\u7063\u4e5d\u4e5d\u795e\u529f\uff01\u7adf\u7136\u7528\u4e0b\u9762\u540a\u8d77250\u516c\u65a4\ud83c\udfcb LIFTING 250KG WITH YOUR LOWER PARTS"
        },
        {
            "id": "RCmYNQqxYEU",
            "title": "\ud83c\udf53\u9ebb\u6cb9\u96de\u4f5b\u3001\u8349\u8393\u8292\u679c\u96de\u6392\uff1f\uff01\u6cd5\u570b\u4eba\u4e00\u53e3\u6c23\u540325\u7a2e\u795e\u5947\u53e3\u5473\u96de\u6392\uff01\ud83d\udc14 ft.emma \u5e8a\u588a &@weihong_tw  25 FRIED CHICKEN IN ONE SEATING"
        },
        {
            "id": "oY_ktkHE2Ho",
            "title": "\ud83d\udc02\u725b\u5230\u4e0d\u884c\uff01\ud83c\uddeb\ud83c\uddf7\u6cd5\u570b\u4eba\u74b0\u5cf6\u53ea\u5403\u53f0\u5f0f\u9435\u677f\u725b\u6392!! WHERE IS THE BEST STEAKHOUSE IN TAIWAN?"
        },
        {
            "id": "H-K1gl4-kfQ",
            "title": "\u6cd5\u570b\u4eba\u4f86\u53f0\u7063\u7b2c\u4e00\u9910\u5c31\u5403\u8fa6\u684c\ud83e\udde8\uff01\u5403\u7206\u6cd5\u570b\u6c92\u6709\u7684\u70cf\u9aa8\u96de\u3001\u8c6c\u809a\u96de\u9c49\u6e6f\ud83d\udc14"
        },
        {
            "id": "gLUM2VqURIE",
            "title": "\u53f0\u7063\u5c0d\u5b8c\u5168\u4e0d\u6703\u8b1b\u4e2d\u6587\u7684\u5916\u570b\u4eba\u6703\u6709\u591a\u53cb\u5584?!\ud83e\udd72 \u2708\ufe0fInvited My Friend To Taiwan But Forgot Him At The Airport"
        },
        {
            "id": "Kju3HaMQjjw",
            "title": "\u6cd5\u570b\u4eba\u6c92\u770b\u904e\u7684\u9ad8\u9435\u8eca\u5ec2\u98df\u7269\uff01\u7adf\u7136\u6709\u8ce3...\ud83d\ude2f\ud83d\ude84 \uff01120MINS TO EAT THE ALL THE FOOD OF TAIWANESE HSR"
        },
        {
            "id": "ZeLZaheTK0Y",
            "title": "\u53f0\u7063\u4eba\u90fd\u807d\u4e0d\u61c2\u7684\u8d85\u7d93\u5178\u5ee3\u544a\uff01\u5916\u570b\u4eba\u807d\u5230\u5d29\u6f70\ud83d\ude31 ft. @MariaAbe @594blackdragon MANDARIN CHALLENGE #2"
        },
        {
            "id": "rsoCzrVplTU",
            "title": "\ud83c\uddeb\ud83c\uddf7\u5728\u6cd5\u570b\u4e0d\u7528\u7576\u5175\ud83c\uddeb\ud83c\uddf7\ud83d\udca5\uff1f\uff01\u6cd5\u570b\u9ad8\u4e2d\u751f\u5403\u53f0\u7063\u8ecd\u7ce7\uff01FRENCH HIGHSCHOOLERS TRY TAIWANESE MILITARY RATIONS"
        },
        {
            "id": "Y44wBtfHVPM",
            "title": "\ud83d\ude0d\u6cd5\u570b\u9ad8\u4e2d\u751f\u611b\u4e0a\u53f0\u7063\u51b0\u6dc7\u6dcb\uff01\uff01\u7b2c\u4e00\u6b21\u5403\u66e0\u4e16\u5947\u6d3e\u3001\u5c0f\u7f8e\u51b0\u6dc7\u6dcb\ud83c\udf66FRENCH HIGHSCHOOLERS TRY TAIWANESE ICE CREAM FOR THE FIRST TIME"
        },
        {
            "id": "6iMBACu6QkM",
            "title": "\ud83d\ude2e\u6cd5\u570b\u6c92\u6709\u7684\u53f0\u7063\u5f97\u4f86\u901f\u5e97\u5bb6?!\ud83d\ude97\u7adf\u7136\u6709\u8ce3\u2026 BEST DRIVE THRU IN TAIWAN"
        },
        {
            "id": "h1ffjJILkfg",
            "title": "\u8b93\u6cd5\u570b\u7537\u4eba\u5403\u5230\u4e52\u4e53\u53eb\u7684\u53f0\u7063\u6599\u7406\ud83d\ude33\ud83d\udc14?! FRENCH GYMBROS TRY TAIWANESE \"MANLY\" FOOD"
        },
        {
            "id": "D0yFK1clX8E",
            "title": "\u5728\u6cd5\u570b\u7adf\u7136\u627e\u4e0d\u5230\u53f0\u7063\u570b\u65d7\ud83c\uddf9\ud83c\uddfc\ud83d\ude28\uff1f\uff01RACE ACCROSS FRANCE TO PLANT THE TAIWANESE FLAG"
        },
        {
            "id": "NBfzaOIt8J8",
            "title": "\u53f0\u7063\u5408\u4f5c\u793e\u96f6\u98df\u8b93\u6cd5\u570b\u5b78\u751f\u8d85\u5ac9\u5992\uff1f\uff01\ud83e\udd7a\ud83c\udf6b\ud83c\udf6cFRENCH HIGHSCHOOLERS TRY SCHOOL CO-OP SNACKS"
        },
        {
            "id": "sLiLhPHzE2w",
            "title": "\ud83d\udc14\u96de\u6392\u3001\u6771\u5c71\u9d28\u982d! \ud83c\udf03\ud83d\ude33\u8b93\u6cd5\u570b\u4eba\u6572\u7897\u7684\u53f0\u7063\u591c\u5e02\u5c0f\u5403\uff01FRENCH PEOPLE TRY TAIWANESE NIGHT MARKET FOOD FOR THE FIRST TIME"
        },
        {
            "id": "vDodxf0AgBg",
            "title": "\ud83c\uddeb\ud83c\uddf7\u5728\u6cd5\u570b\u73a9\"\u98df\u5b57\u8def\u53e3\"\ud83d\ude35\uff1f\uff01\u8778\u725b\u7adf\u7136\u63a5\u5230...\u8d85\u7d93\u5178\u6cd5\u5f0f\u7f8e\u98df\uff01 RHYME GAME IN PARIS"
        },
        {
            "id": "a8RPIMVwjRE",
            "title": "\ud83c\udfad\u81e8\u6f14vs.\u5c08\u696d\u5e2b\u5085\ud83e\uddd1\u200d\ud83d\udd2c\u5916\u570b\u4eba\u731c\u53f0\u7063\u8077\u696d\u731c\u5230\u8d85\u7d1a\u5d29\u6f70\uff01\uff01\u2705\u274c FIND THE IMPOSTOR ft. @LoganBeck @594blackdragon"
        },
        {
            "id": "5klkHC7ZMRw",
            "title": "\u23f1\ufe0f\u6cd5\u570b\u6c92\u6709\u7684\u71df\u696d24\u5c0f\u6642\u5e97\u5bb6\uff1f\uff01\u6311\u623024\u5c0f\u6642\u540324\u9593\ud83c\udfc3\ud83c\udf5c EATING AT 24 RESTAURANTS OPENED 24H"
        },
        {
            "id": "ez5SjXR3e-k",
            "title": "\ud83d\ude31\u5dee\u9ede\u628a\u5eda\u623f\u71d2\u6389\ud83d\udd25\uff1f\uff01\u6cd5\u570b\u4eba\u6311\u6230\u4e00\u5468\u53ea\u716e\u53f0\u83dc\uff01ft.\u838e\u838e\u3001\u5433\u79c9\u627f\u5e2b\u5085\u3001\u963f\u767c\u5e2b @594blackdragon"
        },
        {
            "id": "iWSY_rSHcWY",
            "title": "\ud83c\udfd5\ud83c\uddeb\ud83c\uddf7\u6cd5\u570b\u4eba\u9ad4\u9a57\u7576\u4e00\u5929\u53f0\u7063\u6751\u9577?!\ud83d\udd25\u9109\u4e0b\u6751\u9577\u5230\u5e95\u5728\u505a\u4ec0\u9ebc\uff1f\ud83e\udd14 BEING A TAIWANESE MAYOR FOR A DAY"
        },
        {
            "id": "dvGd20ZwtaI",
            "title": "\ud83d\udc68\u200d\ud83c\udf73\u6cd5\u570b\u9910\u5ef3\u4e3b\u5eda\u8a55\u6bd4\u53f0\u7063\"\u6cd5\u5f0f\"\u98df\u7269?!\ud83c\uddeb\ud83c\uddf7 FRENCH CHEFS TRY \"TAIWANESE FRENCH FOOD\""
        },
        {
            "id": "cHmu_ro_MYk",
            "title": "\ud83c\uddeb\ud83c\uddf7\u6cd5\u570b\u5973\u5b69\u96e2\u53f0\u524d\u6700\u60f3\u5b8c\u6210\u7684\u5922\u60f3\u7adf\u662f...?!\ud83e\udd2930 MIN WITH MY CREDIT CARD \ud83d\udcb3"
        },
        {
            "id": "lmW73ayv010",
            "title": "\u53f0\u7063\u4eba\u90fd\u807d\u904e\u537b\u6c92\u807d\u61c2\ud83d\ude31\uff01\uff1f\u5916\u570b\u4eba\u6311\u6230\u53f0\u7063\u7d93\u5178\u5ee3\u544a\uff01THE HARDEST CHINESE QUIZZ"
        },
        {
            "id": "qE-O7yYMgyg",
            "title": "\u6cd5\u570b\u4eba\u6c92\u770b\u904e\u7684\u5168\u53f0\u7063\u4f11\u606f\u7ad9\uff01\u5403\u7206\u7576\u5730\u7f8e\u98df\ud83d\ude33\ud83d\ude97\ud83c\udf54 3 DAYS TO VISIT ALL THE REST AREAS IN TAIWAN"
        },
        {
            "id": "-p6Xdz2pcKQ",
            "title": "\u96de\u51a0\u3001\u8c6c\u4e0a\u984e\uff1f\uff01\ud83d\udc14\ud83d\udc37\u9707\u9a5a\u6cd5\u570b\u4eba\u7684\u53f0\u7063\u51b7\u9580\u98df\u7269\ud83c\uddeb\ud83c\uddf7\ud83d\ude31 TAIWANESE UNPOPULAR FOODS"
        },
        {
            "id": "hALmGTNMY1Y",
            "title": "\ud83c\udf7121\u53f0\u6cd5\u570b\u4eba\u6c92\u770b\u904e\u7684\u53f0\u7063\u795e\u5947\u8ca9\u8ce3\u6a5f\uff01\ud83e\udd29\u62c9\u9eb5/\u96de\u86cb/\u51b0\u6dc7\u6dcb\u90fd\u6709 \ud83c\udf5c\ud83e\udd5a\ud83c\udf6721 WEIRD TAIWANESE VENDING MACHINES"
        },
        {
            "id": "Mc_4AtH70kU",
            "title": "\ud83c\uddeb\ud83c\uddf7\u6cd5\u570b\u4eba\u559d\u904d\u53f0\u7063\u5168\u53f0\u73cd\u73e0\u5976\u8336\uff1f\uff01\u9019\u500b\u7e23\u5e02\u7adf\u7136\u6700\u597d\u559d\u2026\ud83d\ude31 2 WEEKS TO FIND THE BEST BUBBLE TEA IN TAIWAN"
        },
        {
            "id": "uBMKi-wKhyA",
            "title": "\u53f0\u7063\u6700\u5927VS\u6700\u5c0f\u7684\u5730\u65b9\ud83c\udfe0\ud83e\udd0f\uff01\u5687\u6b6a\u6cd5\u570b\u4eba \u53f0\u7063\u5c45\u7136\u6709\u9019\u7a2e\u6771\u897f...\ud83d\ude31 TAIWAN'S BIGGEST 7-11VS TAIWAN'S SMALLEST PETROL STATION"
        },
        {
            "id": "-E4FgnnvauQ",
            "title": "\ud83d\udd75\u6cd5\u570b\u4eba\u88ab\u53f0\u7063\u5075\u63a2\u8ddf\u8e6430\u5929 \ud83d\ude28\ud83c\uddeb\ud83c\uddf7 \u610f\u5916\u88ab\u6293\u5305\u60a3\u6709\u96b1\u75be?! I HIRED A PRIVATE DETECTIVE FOR 30 DAYS"
        },
        {
            "id": "QpH3F9abCas",
            "title": "\ud83c\uddeb\ud83c\uddf7\u6cd5\u570b\u9ad8\u4e2d\u751f\u4e0d\u6562\u76f8\u4fe1\u7684\u53f0\u7063\u653e\u5b78\u9ede\u5fc3\uff1f\uff01\ud83e\uddcb FRENCH HIGHSCHOOLERS TRY TAIWANESE AFTER SCHOOL SNACKS"
        },
        {
            "id": "PnrD4iB1kKI",
            "title": "\ud83c\uddf9\ud83c\uddfcMIT\u8b93\u5916\u570b\u4eba\u5687\u5230\uff01\u570b\u5916\u70ba\u4ec0\u9ebc\u6c92\u6709\ud83e\udd7a TRYING OUT TAIWANESE INVENTIONS"
        },
        {
            "id": "Brc6iey1gmw",
            "title": "\ud83c\udfe0\u6211\u5728\u53f0\u7063\u9632\u75ab\u65c5\u9928\u8ddf\u964c\u751f\u4eba\u4ea4\u4e86\u670b\u53cb\ud83d\ude33 I MADE FRIENDS WITH STRANGERS IN QUARANTINE"
        },
        {
            "id": "OPJ91iN9HAA",
            "title": "\u53f0\u7063\u4e2d\u6587\u592a\u96e3\u4e86\ud83d\ude21"
        },
        {
            "id": "ImGFtv39zHk",
            "title": "\u6cd5\u570b\u4eba\u990a\u8eab\u53ea\u5403\u85e5\u4e38\ud83d\udc8a?!\u53f0\u7063\u96de\u7cbe\u3001\u71d5\u7aa9\u8b93\u6cd5\u570b\u4eba\u6eff\u982d\u554f\u865f\ud83d\ude28 FRENCH PEOPLE TRY OUT. TAIWANESE HEALTHY FOOD\ud83c\udf3f"
        },
        {
            "id": "JYluJ4MkdHY",
            "title": "\ud83c\uddeb\ud83c\uddf7\u6cd5\u570b\u4eba\u8a55\u6bd4\u53f0\u7063\u6cd5\u5f0f\u6599\u7406\uff1f\uff01\u7b2c\u4e00\u6b21\u5403\u53f0\u7063\"\u6cd5\u5f0f\"\u53ef\u9e97\u9905\u7adf\u7136\ud83d\ude31...ONE WEEK OF FRENCH FOOD IN QUARANTINE"
        },
        {
            "id": "gxBkW2izlQw",
            "title": "\ud83c\udfea\u8d85\u5546\u719f\u98df\u63d0\u888b\u3001\u6c34\u679c\u5957\u3001\u8d95\u8805\u5668\ud83d\udc1b...\u9019\u4e9b\u53f0\u7063\u5c0f\u6771\u897f\u8b93\u6cd5\u570b\u4eba\u60f3\u8cb7\u7206!!\ud83d\udd25 FRENCH PEOPLE TRY TAIWANESE WEIRD GADGETS"
        },
        {
            "id": "Ycho_svDNmI",
            "title": "\ud83d\ude31\u53f0\u7063\u9e79\u8c46\u6f3f\u5687\u6b6a\u6cd5\u570b\u4eba?!\ud83c\uddeb\ud83c\uddf7 \u7b2c\u4e00\u6b21\u5403\u65e9\u9910\u98df\u7269\u5c31\u5acc\u68c4\u9eb5\u5305\u4e86\ud83c\udf5e FRENCH PEOPLE TRY OUT TAIWANESE BREAKFAST"
        },
        {
            "id": "9b0XnXQ8Q-0",
            "title": "\u6311\u623024\u5c0f\u6642\u5f85\u57282\u576a\u5927\u7684\u5c0f\u6a39\u5c4b\ud83c\udf32\uff1f\uff01\u534a\u591c\u7adf\u88ab\u602a\u6771\u897f\u7d66\u9a5a\u9192...\ud83d\ude31"
        },
        {
            "id": "XC0EH-E98z4",
            "title": "\u6cd5\u570b\u4eba\u65e9\u9910\u6c92\u98f2\u6599?!\ud83e\uddc3\u7b2c\u4e00\u6b21\u559d\u53f0\u7063\u65e9\u9910\u98f2\u6599\u5c31\u88ab\u8aaa\u670d\ud83d\ude33 FRENCH PEOPLE TRY TAIWANESE MORNING DRINKS"
        },
        {
            "id": "DnPK84eFeEQ",
            "title": "\ud83e\udd75\u6cd5\u570b\u4eba\u9664\u5915\u591c\u5403\u9ebb\u8fa3\u9d1b\u9d26\u934b?!\ud83c\uddeb\ud83c\uddf7FRENCH PEOPLE TRY MALA HOT POT FOR NEW YEAR!"
        },
        {
            "id": "QRx1cMSmTaM",
            "title": "\u6cd5\u570b\u963f\u5b24\u8981\u88ab4\u9053\u53f0\u7063\u81ed\u8c46\u8150\u81ed\u6688\u4e86\ud83e\udd22\ud83c\uddeb\ud83c\uddf7  FRENCH GRANDMAS TRY STINKY TOFU"
        },
        {
            "id": "DDJTOzZPnSU",
            "title": "\u53f0\u7063\u71df\u990a\u5348\u9910\u8b93\u6cd5\u570b\u9ad8\u4e2d\u751f\u8d85\u9a5a\u8a1d\ud83c\uddeb\ud83c\uddf7\ud83d\udcda\uff01FRENCH STUDENTS TRY TAIWANESE SCHOOL MEAL"
        },
        {
            "id": "F7_6uSQgpMY",
            "title": "\u6311\u6230\u5929\u5802\u8def\uff016\u500b\u5916\u570b\u4eba\u5728\u86d9\u4eba\u8a13\u7df4\u7684\u6700\u7d42\u8003\u9a57\uff01 | \ud83d\udc38\u86d9\u4fc2\u7537\u5b50\u6f22 EP3"
        },
        {
            "id": "MnlIJAd9f7o",
            "title": "6\u500b\u570b\u5bb6\u4e0d\u6015\u82e6\u6311\u6230\u53f0\u7063\u86d9\u4eba\u8ecd\u4e8b\u8a13\u7df4\uff01 | \ud83d\udc38\u86d9\u4fc2\u7537\u5b50\u6f22 EP2"
        },
        {
            "id": "A3zi4sjjtDA",
            "title": "6\u500b\u5916\u570b\u4eba\u9ad4\u9a57\u53f0\u7063\u86d9\u4eba\u8ecd\u4e8b\u8a13\u7df4 | \ud83d\udc38\u86d9\u4fc2\u7537\u5b50\u6f22 EP1"
        },
        {
            "id": "I1UMhpr8Q6g",
            "title": "\u5e36\u53f0\u7063\u9152\u98db\u5230\u570b\u5916\uff01\u5e1b\u7409\u4eba\u8981\u958b\u59cb\u9032\u53e3\u4e86\uff1f\ud83e\udd23\ud83c\udf7a PALAUAN TRYING TAIWANESE ALCOHOL"
        },
        {
            "id": "eiLZ3Uck6Hw",
            "title": "\u5e1b\u7409\u526f\u7e3d\u7d71\u6700\u611b\u7684\u53f0\u7063\u7f50\u982d\u7adf\u7136\u662f...\uff1f\uff01PALAUAN PEOPLE TRYING TAIWANESE CANNED FOOD"
        },
        {
            "id": "SXKipPb4p1Y",
            "title": "\u98db\u53bb\u53f0\u7063\u7684\u90a6\u4ea4\u570b\uff01\u2708\ufe0f\ud83c\uddf5\ud83c\uddfc\u6cd5\u570b\u4eba\u5230\u5e1b\u7409\u8ce3\u82b1\u751f\u6372\u51b0\u6dc7\u6dcb\uff1f\uff01\ud83e\udd5c\ud83c\udf66\ud83c\udf3f FLYING to PALAU to sell ICE CREAM"
        },
        {
            "id": "I_IvGBvWqmo",
            "title": "\u82f1\u570b\u4eba\u7b2c\u4e00\u6b21\u9ad4\u9a57\u53f0\u7063\u8d85\u5e02\u706b\u934b\uff01\ud83d\udd25\ud83c\udfea HOT POT SUPERMARKET EXPERIENCE IN TAIWAN"
        },
        {
            "id": "19IcuoNlU4I",
            "title": "\u82f1\u570b\u4eba\u7b2c\u4e00\u6b21\u6311\u6230\u540348KG\u7684\u5168\u8c6c\uff1f\uff01\ud83d\udc37\ud83d\udd25 EATING A WHOLE PIG IN TAIWAN"
        },
        {
            "id": "ST9n_kCzix0",
            "title": "\u82f1\u570b\u4eba\u8a55\u6bd4\u53f0\u6771\u70b8\u96de\uff01\ud83d\udd25\ud83c\udf57 \u85cd\u873b\u8713VS\u963f\u92d0\u7a76\u7adf\u9e7f\u6b7b\u8ab0\u624b\uff1f\uff01WHO'S THE BEST CHICKEN SHOP IN TAITUNG?"
        },
        {
            "id": "SbIdz5kJxK8",
            "title": "\u5728\u82f1\u570b\u4e0d\u53ef\u80fd\u6709\u768420\u516c\u65a4\u8d85\u72c2\u6d77\u9bae\u7ca5\uff01\u8b93\u82f1\u570b\u738b\u5b50\u8d85\u5e78\u798f\u7684\u5927\u80c3\u738b\u6311\u6230\uff01"
        },
        {
            "id": "rk182D97AjY",
            "title": "\u9707\u9a5a\u82f1\u570b\u4eba\u7684\u53f0\u7063\u5de8\u7121\u9738\u725b\u5927\u9aa8\uff01\ud83d\ude2e\ud83c\uddec\ud83c\udde7\ud83d\udc02\u5403\u5b8c\u63a5\u8457\u8df3\u9ad8\u7a7a\u5f48\u8df3\uff1f\uff01BIGGEST BONE MARROW IN TAIWAN"
        },
        {
            "id": "AWx3CAFZT4E",
            "title": "\u82f1\u570b\u4eba\u5750\u8d85\u9ad8\u7d1a\u79ae\u8eca\u74b0\u5cf6\uff01\u4f4f\u9032\u4e00\u665a18\u842c\u7684\u7e3d\u7d71\u5957\u623f\uff1f\uff01 WE DROVE A LIMO AROUND TAIWAN"
        },
        {
            "id": "8_y0KvysMqc",
            "title": "\u6211\u5728\u5bb6\u958b\u4e00\u500b\u79c1\u4eba\u591c\u5e02\uff01\ud83c\udf56\ud83e\udd66\ud83c\udf5c\u5916\u570b\u4eba\u90fd\u4e0d\u6562\u5403\u88e1\u9762\u7684... I OPENED A NIGHT MARKET IN MY HOUSE"
        }
    ]
}