{
    "channel": {
        "title": "\u611b\u8389\u838e\u838e Alisasa",
        "id": "UCAKJ0tmI_RMXqTgxL_OMfIg",
        "customUrl": "@alisasa_official",
        "uploads": "UUAKJ0tmI_RMXqTgxL_OMfIg"
    },
    "videos": [
        {
            "id": "kBBECIDjZmU",
            "title": "\u9060\u8d74\u7f8e\u570b\u898b\u5bb6\u4eba\u6700\u5f8c\u4e00\u9762\ud83c\uddfa\ud83c\uddf8\ud83d\ude2d\uff5c\u611b\u8389\u838e\u838eAlisasa"
        },
        {
            "id": "5NmVlctA0vY",
            "title": "\u7537\u53cb\u62cd\u7167\u592a\u919c\uff1f\u4e94\u62db\u628a\u7537\u53cb\u8a13\u7df4\u6210\u651d\u5f71\u9ad8\u624b\ud83d\ude0e\uff5c\u611b\u8389\u838e\u838eAlisasa"
        },
        {
            "id": "CL9od4KNSx4",
            "title": "\u9996\u6b21\u516c\u958b\u6211\u5c0f\u6642\u5019\u4f4f\u7684\u5730\u65b9\u2764\ufe0f\u82b1370\u842c\u91cd\u65b0\u88dd\u6f62\uff5c\u611b\u8389\u838e\u838eAlisasa"
        },
        {
            "id": "nSJJqqbURE4",
            "title": "\u97d3\u570b\u91d1\u5b57\u5854\u9802\u7aef\u7684\u751f\u6d3b\u6709\u591a\u5962\u83ef\uff1f\ud83d\ude31\u97d3\u570b\u96fb\u5546\u8001\u95c6\u597d\u72c2\u554a\u2026\uff5c\u611b\u8389\u838e\u838eAlisasa"
        },
        {
            "id": "FDo6lwd6zyE",
            "title": "\u79df\u623f\u7279\u8f2f\ud83c\udfe0\u5728\u53f0\u5317\u300c\u4e00\u842c\u300d\u5230\u300c\u5341\u842c\u300d\u53ef\u4ee5\u79df\u5230\u600e\u6a23\u7684\u623f\u5462\uff1f\uff5c\u611b\u8389\u838e\u838eAlisasa"
        },
        {
            "id": "wPNM1b6Izp0",
            "title": "\u4e0d\u6562\u4e00\u500b\u4eba\u53bb\u4e2d\u5c71\u7ad9\uff1f\ud83d\ude31\u539f\u4f86\u4e2d\u5c71\u7ad9\u90a3\u9ebc\u591a\u4eba\u642d\u8a15\u662f\u70ba\u4e86\u2026.\uff1f\uff5c\u611b\u8389\u838e\u838eAlisasa"
        },
        {
            "id": "mL-nynoop-Y",
            "title": "\u97d3\u570b\u85e5\u599d\u5e97\ud83c\uddf0\ud83c\uddf7OLIVE YOUNG\u92b7\u552e\u6392\u884c\u524d\u5341\u540d\uff01\uff5c\u611b\u8389\u838e\u838eAlisasa"
        },
        {
            "id": "P2--mr5GN-c",
            "title": "\u5bf5\u7537\u53cb\u4f01\u5283\uff01\u4e00\u6574\u5929\u505a\u300c\u7c73\u5176\u6797\u7b49\u7d1a\u6cd5\u5f0f\u6599\u7406\ud83c\uddeb\ud83c\uddf7\u300d\u7d66\u7537\u53cb\u5403\u2764\ufe0f\uff5c\u611b\u8389\u838e\u838eAlisasa"
        },
        {
            "id": "yPWq0Z5VkZ8",
            "title": "\u5e74\u85aa1000\u842c\u7684YouTuber\u771f\u5be6\u7684\u4e00\u5929\ud83d\ude31\uff5c\u611b\u8389\u838e\u838eAlisasa"
        },
        {
            "id": "fXgBxWHbtf4",
            "title": "\u677f\u6a4b\u7f8e\u98df\u7279\u8f2f\u2764\ufe0f100\u5143\u4ee5\u5167\u8d85\u9053\u5730\u6cf0\u5f0f\u6599\u7406\uff5c\u53f0\u7063\u7b2c\u4e00\u7c73\u7cd5\u7adf\u7136\u5728\u677f\u6a4b\uff1f\uff5c\u611b\u8389\u838e\u838eAlisasa"
        },
        {
            "id": "BFa__tTU5H8",
            "title": "\u58be\u4e01\u7269\u50f9\u6bd4\u53f0\u5317\u9ad8\uff1f\ud83d\ude31 \u58be\u4e01Vlog \u6d77\u666f\u65c5\u9928/\u58be\u4e01\u5c45\u9152\u5c4b/\u885d\u6d6a/\u58be\u4e01\u6d77\u9bae\uff5c\u611b\u8389\u838e\u838eAlisasa"
        },
        {
            "id": "8GsLWTpHR1w",
            "title": "\u97d3\u570b\u7d05\u4ec0\u9ebc\ud83c\uddf0\ud83c\uddf72023\u5e74\u5341\u5927Y2K\u55ae\u54c1\u51fa\u7210\uff01\uff5c\u611b\u8389\u838e\u838eAlisasa"
        },
        {
            "id": "1J9y0CuFu00",
            "title": "\u6700\u5962\u83ef\u54e1\u5de5\u65c5\u904a\uff0c\u65e5\u672c\u91ce\u6fa4\u6ed1\u96ea\u4e94\u5929\u56db\u591c\ud83c\uddef\ud83c\uddf5\uff5c\u611b\u8389\u838e\u838eAlisasa"
        },
        {
            "id": "UrxT9mJkd1M",
            "title": "\u795e\u6e96\ud83d\ude31\u8acb\u300c\u7c21\u5c11\u5e74\u300d\u5e6b\u6211\u7b97\u6211\u7684\u611b\u60c5\u53ca\u547d\u904b\uff01\uff5c\u611b\u8389\u838e\u838eAlisasa"
        },
        {
            "id": "end2I1C6mmc",
            "title": "\u571f\u8033\u5176\u8d85\u9053\u5730\u300c\u5fc5\u5403\u7f8e\u98df\u300d\u2764\ufe0f\u8ddf\u8457\u6211\u5403\u4e0d\u7528\u518d\u8ddf\u5718\u4e86\ud83d\ude02\uff5c\u611b\u8389\u838e\u838eAlisasa"
        },
        {
            "id": "QStog8RqDYY",
            "title": "\u90a3\u4e9b\u5e74\u6211\u5011\u7684Metoo\u4e8b\u4ef6\uff5c\u611b\u8389\u838e\u838eAlisasa"
        },
        {
            "id": "M66FeeFUkoU",
            "title": "\u6574\u500b\u623f\u9593\u90fd\u662f\u7121\u5370\u826f\u54c1\u2764\ufe0fFUNTE\u5347\u964d\u684c/Brother\u6a19\u7c64\u6a5f/ALSS\u9999\u6c1b\uff5c\u611b\u8389\u838e\u838eAlisasa"
        },
        {
            "id": "h7JiQc37ue4",
            "title": "\u7c89\u7d72\u6c7a\u5b9a\u6211\u7684\u4e00\u5929\ud83c\uddf0\ud83c\uddf7Blackpink\u5316\u599d\u5ba4\u300c\u4e00\u842c\u53f0\u5e63\u300d\u599d\u5bb9\uff01\ud83d\ude31\uff5c\u611b\u8389\u838e\u838eAlisasa"
        },
        {
            "id": "f8KDvH82Rz8",
            "title": "\u6211\u7684\u52a9\u7406\u8b8a\u7626\u5566\ud83d\ude31\u6e1b\u80a5\u904e\u7a0b\u5927\u516c\u958b\uff01\uff5c\u611b\u8389\u838e\u838eAlisasa"
        },
        {
            "id": "wklMTrrkyY4",
            "title": "\u70ba\u7d50\u5a5a\u505a\u6e96\u5099\u2764\ufe0fFt.\u7fbd\u7403\u6559\u7df4\uff5c\u611b\u8389\u838e\u838eAlisasa"
        },
        {
            "id": "ZnoDNwVj1FU",
            "title": "\u6211\u5bb6\u8b8a\u8d85\u7f8e\ud83d\ude0e\u8acb\u77e5\u540d\u300c\u690d\u7269\u98a8\u683c\u5e2b\u300d\u6539\u9020\u6211\u7684\u5bb6\uff01Ft.Yuty\u8001\u5e2b\uff5c\u611b\u8389\u838e\u838eAlisasa"
        },
        {
            "id": "A68DpNWYjfg",
            "title": "\u9084\u539f\u300c\u5bb6\u66b4\u4e8b\u4ef6\u300d\u771f\u76f8\ud83d\udc94\uff5c\u611b\u8389\u838e\u838eAlisasa"
        },
        {
            "id": "Ssth3MmfyOA",
            "title": "\u4e00\u5929\u82b150000\u53f0\u5e63\ud83c\uddef\ud83c\uddf5\u4f4f\u6771\u4eac\u8fea\u58eb\u5c3c\u98ef\u5e97\u2764\ufe0f\u5404\u7a2e\u6c92\u770b\u904e\u7684\u300c\u9a5a\u559c\u670d\u52d9\u300d\u2026.Ft.\u7fbd\u7403\u6559\u7df4\uff5c\u611b\u8389\u838e\u838eAlisasa"
        },
        {
            "id": "_1r1fHHIH5Y",
            "title": "\u3010\u91cd\u8981\u516c\u544a\u3011\u6211\u5275\u4e86\u4e00\u500b\u5c45\u5bb6\u751f\u6d3b\u54c1\u724c\uff0c\u53eb\u505aALSS\u2764\ufe0f\uff5c\u611b\u8389\u838e\u838eAlisasa"
        },
        {
            "id": "njBtzenmmcQ",
            "title": "\u6bd4\u820a\u5bb6\u8a2d\u8a08\u597d\u592a\u591a?!\ud83d\ude02\u516c\u958b\u65b0\u5bb6\u7684\u9078\u7269\u548c\u8a2d\u8a08\u7d30\u7bc0\uff5c\u611b\u8389\u838e\u838eAlisasa"
        }
    ]
}