{
    "video_info": {
        "id": "1lyvxqmNRv4",
        "channelTitle": "\u597d\u68d2Bump",
        "title": "\u88ab\u8cbc\u4e0a\u6557\u58de\u793e\u6703\u6a19\u7c64\u5f8c\uff01\u70ba\u4e86\u7d66\u4f60\u5011\u4e00\u500b\u7acb\u5834\uff01\u6211\u5df2\u4ed8\u51fa\u4e00\u5207\u2026\u3010\u597d\u68d2Bump\u3011",
        "description": "\u9019\u90e8\u5f71\u7247\u662f\u6211\u6700\u8fd1\u60f3\u8ddf\u5927\u5bb6\u8aaa\u7684\u8a71\u3002\n\n\u7136\u5f8c\uff5e\u8b1d\u8b1dMAJOR MADE\u9019\u4e00\u5e74\u7684\u60c5\u7fa9\u76f8\u633a\uff0c\u4ed6\u5011\u5bb6\u7684\u77ac\u6dbc\u767b\u5cf0\u8863\u771f\u7684\u505a\u5f97\u5f88\u597d\uff0c\u7a7f\u8d77\u4f86\u5f88\u8212\u670d\uff5e\n\n\u5927\u5bb6\u5982\u679c\u6c92\u6709\u9632\u66ec\u6dbc\u611f\u5916\u5957\u771f\u7684\u5f88\u9069\u5408\u5165\u624b\u4e00\u4ef6\uff0c\u54c1\u724c\u9001\u7d66\u7c89\u7d72\u5011\u7684\u5c08\u5c6c\u512a\u60e0\u78bc\u3010MJR0911\u3011\u4e0b\u55ae\u7d50\u5e33\u53ef\u4ee5\u6298\u6263$50\u5143\n\n\u9023\u7d50\u6211\u653e\u5728\u9019\u88e1\uff5e https://pse.is/4e57dh\n\n#\u6557\u58de\u793e\u6703\n#\u88ab\u8cbc\u6a19\u7c64\n#\u53ea\u60f3\u7d66\u5927\u5bb6\u4e00\u500b\u559c\u6b61\u6211\u7684\u7acb\u5834\n\n#MAJORMADE #\u77ac\u6dbc\u767b\u5cf0\u8863 #\u9632\u66ec\u65b0\u7f8e\u5b78 #\u7a7f\u7684\u4fdd\u990a\u54c1\n--------------------------------------------------------- \n\u4e0a\u4e00\u90e8\u5f71\u7247 \u4f86\uff01\u53d7\u56f0\u8b49\u4eba\u4f86\u8b1b\u771f\u76f8\u4e86\uff01\u5916\u4ea4\u90e8\u8acb\u51fa\u4f86\u89e3\u91cb\uff01\u3010\u597d\u68d2Bump\u3011https://youtu.be/bCT5C3BT1Ms\n\n\u8001\u5b50\u7684IG\uff1ahttps://bit.ly/2JqmmIq\n\u8001\u5b50\u7684FB\uff1ahttps://bit.ly/2s3pwwb",
        "likeCount": "94743",
        "commentCount": "12175",
        "viewCount": "1723334"
    },
    "comments": [
        {
            "reply_id": "UgwreHz4fO4K5kB2qWt4AaABAg",
            "reply_content": "\u5982\u679c\u597d\u68d2\u89ba\u5f97\u4e0d\u884c\u53ef\u4ee5\u628a\u8a0a\u606f\u95dc\u6389\u54c8\u54c8\u54c8",
            "likeCount": 0
        },
        {
            "reply_id": "Ugz7WzoTApB_2EcA3v54AaABAg",
            "reply_content": "\u592a\u611f\u52d5\u4e86 \u6709\u9322\u4ee5\u5f8c\u4e00\u5b9a\u6703\u76e1\u81ea\u5df1\u7684\u5fae\u8584\u4e4b\u529b",
            "likeCount": 0
        },
        {
            "reply_id": "UgxDM3hP4-7szcvCqAl4AaABAg",
            "reply_content": "\u6211\u53cd\u800c\u662f\u6703\u5148\u770b\u4f60\u8e22\u7206\u8a50\u9a19\u7cfb\u5217\u7684\u6b38,\u6211\u89ba\u5f97\u5f88\u6709\u610f\u601d\u554a",
            "likeCount": 0
        },
        {
            "reply_id": "UgwoT4p1Nhyo9PydvJt4AaABAg",
            "reply_content": "\u4f60\u6bd4\u6211\u5011\u4efb\u4f55\u4e00\u500b\u4eba\u52c7\u6562",
            "likeCount": 0
        },
        {
            "reply_id": "UgwLGIyE5n90zeswvFB4AaABAg",
            "reply_content": "\u5f88\u597d\u62cd\u554a\u6240\u4ee5\u4ed6\u5011\u53ea\u6703\u7576\u9375\u76e4\u4fe0\u7d50\u679c\u9023\u500b\u4e00\u5206\u9418\u5f97\u5c4e\u90fd\u62c9\u4e0d\u51fa\u4f86",
            "likeCount": 0
        },
        {
            "reply_id": "UgyQ5eEtXIoIWvbc0GN4AaABAg",
            "reply_content": "\u807d\u8aaa\u4f60\u4e5f\u4e0d\u662f\u4ec0\u9ebc\u597d\u9ce5",
            "likeCount": 0
        },
        {
            "reply_id": "Ugw86pIDK06LH3_DT0R4AaABAg",
            "reply_content": "\u54ea\u6642\u5019\u8981\u62cd\u4e00\u90e8\u8e22\u7206\u70cf\u9d09",
            "likeCount": 4
        },
        {
            "reply_id": "UgzKMo0ORph7-PA4Ndx4AaABAg",
            "reply_content": "\u70cf\u9d09\u662f\u4e0d\u662f\u5176\u4e2d\u4e00\u500b\u9ed1\u4f60\u7684\u52e2\u529b\uff0c\u770b\u5230\u9577\u671f\u7528\u5fc3\u7d93\u71df\u53cd\u8a50\u9a19\u7684\u4f60\u88ab\u8a2d\u5957\u611f\u89ba\u4e0d\u503c\u5f97\uff0c\u5982\u4eca\u90fd\u770b\u5230\u5854\u7da0\u73ed\u7db2\u8ecd\u90fd\u63ea\u8457\u9019\u9ede\u62b9\u9ed1\u4f60\uff0c\u56e0\u70ba\u4f60\u8e22\u7206\u4ed6\u5011\u7684\u9a19\u5c40",
            "likeCount": 2
        },
        {
            "reply_id": "UgycfKnBujO4l8WsILh4AaABAg",
            "reply_content": "\u539f\u4f86\u963f\u8ddf\u70cf\u9d09\u540c\u639b\u7684\uff0c\u524d\u9762\u7684\u53cd\u8a50\u5f71\u7247\u901a\u901a\u6c92\u4fe1\u7528\u4e86",
            "likeCount": 2
        },
        {
            "reply_id": "UgwMVnP0yb36Hm6SBJF4AaABAg",
            "reply_content": "\u7b2c\u4e00\u6b21\u770b\u5230\u8d85\u96de\u5df4\u591a\u7684\u8d85\u7d1a\u7559\u8a00",
            "likeCount": 1
        },
        {
            "reply_id": "UgyrlgSa-ZqLDJwFgF54AaABAg",
            "reply_content": "\u6709\u4eba\u7b97\u904e\u9019\u90e8\u6709\u591a\u5c11\u6296\u5167\u55ce",
            "likeCount": 1
        },
        {
            "reply_id": "UgyU5bqejzbitLedXnF4AaABAg",
            "reply_content": "\u6620\u50cf\u6df1\u662f\u4f60\u5e6b\u52a9\u5230\u53f0\u7063\u8292\u679c\u8fb2",
            "likeCount": 1
        },
        {
            "reply_id": "UgzeC5_h_X12dpqbc314AaABAg",
            "reply_content": "\u6211\u5012\u662f\u6bd4\u8f03\u4e0d\u4e00\u6a23 \u6211\u662f\u62c9\u8457\u6211\u5bb6\u4eba\u4e00\u8d77\u770b\u4f60\u7684\u5f71\u7247",
            "likeCount": 0
        },
        {
            "reply_id": "UgwZQ02-IIkpRXltnid4AaABAg",
            "reply_content": "\u8fa6\u9580\u865f\u63db\u73fe\u91d1\u4e5f\u5f88\u591a\u4eba\u88ab\u9a19",
            "likeCount": 0
        },
        {
            "reply_id": "UgxztvcK2-9ccH4Lkh94AaABAg",
            "reply_content": "\u96d6\u7136\u6c92\u770b\u5230\u6d77\u5e95\u5bf6\u85cf\uff0c\u4f46\u8aaa\u771f\u7684\u67ec\u57d4\u5be8\u6551\u63f4\u883b\u597d\u770b\u7684",
            "likeCount": 0
        },
        {
            "reply_id": "Ugyh0CdbGV7e5ZU3okh4AaABAg",
            "reply_content": "\u5f88\u5c4c\u7684\u5f71\u7247\u90fd\u56e0\u70ba\u70cf\u9d09\u8b8a\u8cea\u4e86",
            "likeCount": 20
        },
        {
            "reply_id": "UgxzBke_FJsK0bWZ8f94AaABAg",
            "reply_content": "\u8ddf\u70cf\u9d09\u4e00\u8d77\u7684\u86c7\u9f20\u4e00\u7aa9",
            "likeCount": 13
        },
        {
            "reply_id": "Ugwrm1Qzu_UAkQsO4fV4AaABAg",
            "reply_content": "\u4e0d\u51fa\u4f86\u89e3\u91cb\u8ddf\u70cf\u9d09\u5408\u62cd\u7684\u554f\u984c\u55ce \u9084\u662f\u5149\u660e\u71c8\u4f60\u4e5f\u6709\u4e00\u4efd",
            "likeCount": 9
        },
        {
            "reply_id": "Ugwuf34uGyR8ihZeQ7x4AaABAg",
            "reply_content": "\u8d95\u5feb\u5207\u5272\u70cf\u9d09\u5427 \u8d95\u5feb\u5207\u5272\u70cf\u9d09\u5427\u8d95\u5feb\u5207\u5272\u70cf\u9d09\u5427\u8d95\u5feb\u5207\u5272\u70cf\u9d09\u5427\u8d95\u5feb\u5207\u5272\u70cf\u9d09\u5427\u8d95\u5feb\u5207\u5272\u70cf\u9d09\u5427\u8d95\u5feb\u5207\u5272\u70cf\u9d09\u5427\u8d95\u5feb\u5207\u5272\u70cf\u9d09\u5427\u8d95\u5feb\u5207\u5272\u70cf\u9d09\u5427\u8d95\u5feb\u5207\u5272\u70cf\u9d09\u5427\u8d95\u5feb\u5207\u5272\u70cf\u9d09\u5427\u8d95\u5feb\u5207\u5272\u70cf\u9d09\u5427\u8d95\u5feb\u5207\u5272\u70cf\u9d09\u5427\u8d95\u5feb\u5207\u5272\u70cf\u9d09\u5427\u8d95\u5feb\u5207\u5272\u70cf\u9d09\u5427\u8d95\u5feb\u5207\u5272\u70cf\u9d09\u5427\u8d95\u5feb\u5207\u5272\u70cf\u9d09\u5427\u8d95\u5feb\u5207\u5272\u70cf\u9d09\u5427\u8d95\u5feb\u5207\u5272\u70cf\u9d09\u5427\u8d95\u5feb\u5207\u5272\u70cf\u9d09\u5427\u8d95\u5feb\u5207\u5272\u70cf\u9d09\u5427\u8d95\u5feb\u5207\u5272\u70cf\u9d09\u5427\u8d95\u5feb\u5207\u5272\u70cf\u9d09\u5427\u8d95\u5feb\u5207\u5272\u70cf\u9d09\u5427\u8d95\u5feb\u5207\u5272\u70cf\u9d09\u5427\u8d95\u5feb\u5207\u5272\u70cf\u9d09\u5427\u8d95\u5feb\u5207\u5272\u70cf\u9d09\u5427\u8d95\u5feb\u5207\u5272\u70cf\u9d09\u5427\u8d95\u5feb\u5207\u5272\u70cf\u9d09\u5427\u8d95\u5feb\u5207\u5272\u70cf\u9d09\u5427\u8d95\u5feb\u5207\u5272\u70cf\u9d09\u5427\u8d95\u5feb\u5207\u5272\u70cf\u9d09\u5427\u8d95\u5feb\u5207\u5272\u70cf\u9d09\u5427\u8d95\u5feb\u5207\u5272\u70cf\u9d09\u5427\u8d95\u5feb\u5207\u5272\u70cf\u9d09\u5427\u8d95\u5feb\u5207\u5272\u70cf\u9d09\u5427\u8d95\u5feb\u5207\u5272\u70cf\u9d09\u5427\u8d95\u5feb\u5207\u5272\u70cf\u9d09\u5427\u8d95\u5feb\u5207\u5272\u70cf\u9d09\u5427\u8d95\u5feb\u5207\u5272\u70cf\u9d09\u5427\u8d95\u5feb\u5207\u5272\u70cf\u9d09\u5427\u8d95\u5feb\u5207\u5272\u70cf\u9d09\u5427\u8d95\u5feb\u5207\u5272\u70cf\u9d09\u5427\u8d95\u5feb\u5207\u5272\u70cf\u9d09\u5427\u8d95\u5feb\u5207\u5272\u70cf\u9d09\u5427\u8d95\u5feb\u5207\u5272\u70cf\u9d09\u5427\u8d95\u5feb\u5207\u5272\u70cf\u9d09\u5427\u8d95\u5feb\u5207\u5272\u70cf\u9d09\u5427\u8d95\u5feb\u5207\u5272\u70cf\u9d09\u5427",
            "likeCount": 2
        },
        {
            "reply_id": "UgxM-YQ3UOr6_up4mKR4AaABAg",
            "reply_content": "\u6211\u548c\u4e00\u7fa4\u670b\u53cb\u4e00\u5b9a\u662f\u652f\u6301\u4f60\u7684\u7562\u7adf\u8ab0\u6703\u4e0d\u652f\u6301\u4e00\u500b\u81ea\u5df1\u559c\u6b61\u7684\u4e00\u500b\u6559\u5c0e\u5927\u5bb6\u53cd\u8a50\u9a19\u7684\u5927\u54e5\u54e5\u5462",
            "likeCount": 2
        }
    ]
}