{
    "video_info": {
        "id": "2cbtmF9Db9c",
        "channelTitle": "\u597d\u68d2Bump",
        "title": "\u6211\u88ab\u8eca\u624b\u9818\u8d7030\u842c\uff01\u89aa\u81ea\u6293\u7d66\u4f60\u5011\u770b\uff01\u3010\u597d\u68d2Bump\u3011",
        "description": "\u4e00\u76f4\u5f88\u597d\u5947\u8eca\u624b\u5230\u5e95\u8981\u600e\u9ebc\u6293\uff0c\u4eca\u5929\u7d42\u65bc\u6709\u6a5f\u6703\u4e86\uff01\n\n#\u88ab\u981830\u842c #\u8eca\u624b\u600e\u9ebc\u6293 #\u539f\u4f86\u662f\u6293\u8eca\u624b\u6211\u4ee5\u70ba\u662f\u7121\u9593\u9053\u5462\n\n--------------------------------------------------------- \n\u4e0a\u4e00\u90e8\u5f71\u7247 \u6211\u7ffb\u8eca\u4e86... \u6211\u5c0d\u4e0d\u8d77\u5927\u5bb6\uff01\u3010\u597d\u68d2Bump\u3011https://youtu.be/91s-D0qkeaE\n\n\u8001\u5b50\u7684IG\uff1ahttps://bit.ly/2JqmmIq\n\u8001\u5b50\u7684FB\uff1ahttps://bit.ly/2s3pwwb",
        "likeCount": "35883",
        "commentCount": "2084",
        "viewCount": "930801"
    },
    "comments": [
        {
            "reply_id": "UgzupFktfYVYciRCncd4AaABAg",
            "reply_content": "\u544a\u8a34\u5927\u5bb6\u4e0d\u7ba1\u662f\u91d1\u9322\u6d41\u5411\u9084\u662f\u4eba\u54e1\u52d5\u5411\u57fa\u672c\u4e0a\u90fd\u8981\u505a\u65b7\u9ede\uff0c\u7136\u5f8c\u591a\u53bb\u4eba\u591a\u7684\u5730\u65b9\uff0c\u53bb\u9818\u9322\u7684\u6642\u5019\u591a\u7a7f\u5916\u5957\u9d28\u820c\u5e3d\u6216\u88dd\u98fe\u4e00\u63db\u4f4d\u5c31\u812b\u6389\u4e1f\u6389\uff0c\u4e26\u4e14\u53bb\u5230\u5927\u516c\u5712\u985e\u7684\u5730\u65b9\u53eb\u8a08\u7a0b\u8eca\u591a\u8f49\u5730\u9ede\uff0c\u9a0e\u6a13\u5df7\u5b50\u591a\u6643\u88fd\u9020\u591a\u9ede\u8b93\u8b66\u5bdf\u5fd9\u67e5\u537b\u67e5\u4e0d\u5230\u6709\u7528\u8a0a\u606f\uff0c\u8a18\u5f97\u591a\u78ba\u5b9a\u8def\u7dda\u898f\u5283\u5728\u57f7\u884c\u8a08\u756b\uff08\u8b1b\u5230\u9019\u908a\u5927\u5bb6\u90fd\u6703\u767c\u73fe\u8ddf\u8a08\u756b\u6bba\u4eba\u6216\u8a50\u9a19\u4e00\u6a23\uff0c\u57fa\u672c\u4e0a\u6709\u8166\u7684\u6839\u672c\u4e0d\u6703\u60f3\u53bb\u72af\u7f6a\u56e0\u70ba\u77e5\u9053\u4e0d\u503c\u5f97\uff0c\u800c\u4e14\u8981\u662f\u9810\u8b00\u5b8c\u5584\u7684\u8166\u5b50\u4e5f\u4e0d\u6703\u53bb\u72af\u7f6a\u57fa\u672c\u4e0a\u72af\u7f6a\u7684\u4e5d\u6210\u90fd\u662f\u5947\u8469\u6216\u53e6\u985e\u5269\u7684\u4e00\u6210\u5929\u624d\u985e\u7576\u6211\u6c92\u8aaa\uff0c\u5e0c\u671b\u4e0d\u8981\u6709\u4eba\u5728\u88ab\u9a19\uff0c\u5728\u9019\u795d\u798f\u770b\u5230\u8a0a\u606f\u7684\u5927\u5bb6\u8eab\u9ad4\u5065\u5eb7\u8377\u5305\u5065\u5eb7\u4e8b\u4e8b\u9806\u5fc3",
            "likeCount": 1
        },
        {
            "reply_id": "UgynOHxKTPgnnsHseUd4AaABAg",
            "reply_content": "\u4e0d\u6b62\u5ba3\u5c0e\u8eca\u624b\u9084\u8981\u9632\u7bc4\u8a50\u9a19\uff0c\u5169\u8005\u517c\u9867\u624d\u80fd\u62b5\u5236\u60e1\u6027\u5faa\u74b0",
            "likeCount": 0
        },
        {
            "reply_id": "UgwpB8PGOFcAHI_k4Pl4AaABAg",
            "reply_content": "\u6578\u767c\u90e8\u61c9\u8a72\u8981\u7d66\u4f60\u9322\u62cd\u7247",
            "likeCount": 0
        },
        {
            "reply_id": "UgwNul-_jIbZkvJF8ON4AaABAg",
            "reply_content": "\u57f7\u653f\u9ee8\u6709\u591a\u5c11\u9ed1\u91d1\u4f86\u81ea\u8a50\u9a19\uff0c\u96e3\u602a\u4e4b\u524d\u8981\u5ba3\u50b3\u88ab\u64cb\u4e0b\u4f86",
            "likeCount": 0
        },
        {
            "reply_id": "UgzUY9KoeZV-Psf0Zbp4AaABAg",
            "reply_content": "\u8b66\u5bdf\u8981\u7d66\u4ed6\u5011\u4e00\u500b\u5927\u8d0a",
            "likeCount": 0
        },
        {
            "reply_id": "UgwNsmXUp2EtBCwgb3R4AaABAg",
            "reply_content": "\u8b66\u5bdf\u6293\u5230\u5230\u96de\u86cb\u8a50\u9a19\u4ed4\u55ce",
            "likeCount": 0
        },
        {
            "reply_id": "UgygH4qBjE2RFUNL7AV4AaABAg",
            "reply_content": "\u770b\u5230\u5f8c\u9762\u624d\u6bd4\u8f03\u662f\u91cd\u9ede\u9322\u6c92\u8cfa\u5230\u9084\u8981\u8ce0\u9322",
            "likeCount": 0
        },
        {
            "reply_id": "UgzOb7s_9mlBJzppx_N4AaABAg",
            "reply_content": "\u4e0d\u60f3\u50cf\u5927\u9678\u4e00\u6a23\u88ab\u76e3\u63a7\uff0c\u57fa\u672c\u4e0a\u5c31\u662f\u5f97\u8981\u9019\u6a23\u9760\u4eba\u529b\u627e",
            "likeCount": 0
        },
        {
            "reply_id": "Ugzd9jys0d15-Dz7V5J4AaABAg",
            "reply_content": "\u901a\u5e38\u53ea\u6709\u4e0d\u60f3\u6293\u7684\u6c92\u6709\u6293\u4e0d\u5230\u7684",
            "likeCount": 0
        },
        {
            "reply_id": "UgyJjY-d-kEkVxcp_UR4AaABAg",
            "reply_content": "\u90a3\u662f\u4f60\u62cd\u89c6\u9891\u8b66\u5bdf\u624d\u914d\u5408\u4f60",
            "likeCount": 0
        },
        {
            "reply_id": "Ugwxu_0uurKXgMEfwLp4AaABAg",
            "reply_content": "\u6211\u767c\u73fe\u6296\u97f3\u6709\u4eba\u76dc\u4f60\u5f71\u7247",
            "likeCount": 0
        },
        {
            "reply_id": "Ugz9Y19xWtKoNANRo-p4AaABAg",
            "reply_content": "\u8acb\u884c\u653f\u9662\u6559\u80b2\u90e8\u628a\u6b64\u5f71\u7247\u7576\u6210\u5b78\u751f\u5fc5\u770b\u7684\u5ba3\u5c0e\u5f71\u7247\u3002",
            "likeCount": 0
        },
        {
            "reply_id": "Ugy8rnUMAppNzdl5Ws14AaABAg",
            "reply_content": "\u8eca\u624b\u771f\u7684\u662f\u6700\u721b\u7684\u9078\u64c7",
            "likeCount": 2
        },
        {
            "reply_id": "UgxX614CErGh5CT6eUh4AaABAg",
            "reply_content": "\u68d2\u68d2\u771f\u7684\u5f88\u53b2\u5bb3\uff0c\u9019\u500b\u5c31\u662f\u5e74\u8f15\u4eba\u73fe\u5728\u7279\u5225\u9700\u8981\u5c0f\u5fc3\u7684\u72c0\u6cc1",
            "likeCount": 0
        },
        {
            "reply_id": "UgwWqVFgJ3fzFDBOvPR4AaABAg",
            "reply_content": "\u5973\u88dd\u53ea\u6709\u4e00\u6b21\u8ddf\u7121\u9650\u6b21",
            "likeCount": 0
        },
        {
            "reply_id": "UgwTIPxYxLfaSQbBwBx4AaABAg",
            "reply_content": "\u9019\u6a23\u8eca\u624b\u4e0d\u5c31\u77e5\u9053\u8981\u5c0f\u5fc3\u4ec0\u9ebc\u4e86\u55ce",
            "likeCount": 0
        },
        {
            "reply_id": "Ugzr4ey_Y1OKtniqGaF4AaABAg",
            "reply_content": "\u80fd\u62cd\u9019\u6a23\u5f71\u7247\u4f86\u5f15\u5c0e\u5e74\u8f15\u4eba\u6b63\u78ba\u89c0\u5c31\u662f\u8b9a,\u4e8c\u8a71\u4e0d\u8aaa\u76f4\u63a5\u8a02\u95b1",
            "likeCount": 0
        },
        {
            "reply_id": "Ugy2AoP4mlJAiOQIdnV4AaABAg",
            "reply_content": "\u6211\u600e\u9ebc\u6703\u6709\u70cf\u9f8d\u6d3e\u51fa\u6240\u7684\u5373\u8996\u611f",
            "likeCount": 0
        },
        {
            "reply_id": "UgxsydPgRqU11cu95mF4AaABAg",
            "reply_content": "\u5982\u679c\u4f60\u9802\u66ff\u653f\u5e9c\uff0c\u53f0\u7063\u4e00\u5b9a\u662f\u500b\u6c92\u6709\u60e1\u7684\u570b\u5bb6",
            "likeCount": 1
        },
        {
            "reply_id": "UgwyfpziosQfV_Lifbh4AaABAg",
            "reply_content": "\u9019\u983b\u9053\u771f\u7684\u592a\u91cd\u8981\u4e86\uff0c\u7b49\u6211\u5152\u5b50\u9577\u5927\u6211\u8981\u64ad\u7d66\u4ed6\u770b",
            "likeCount": 1
        }
    ]
}