{
    "video_info": {
        "id": "2MX89FwPDts",
        "channelTitle": "\u597d\u68d2Bump",
        "title": "\u6211\u5011\u5728\u7f8e\u570b\u8ced\u5834\u88ab\u6436\u4e861000\u842c\uff01\u5c31\u7b97\u8d0f\u9322\u4e5f\u6839\u672c\u5e36\u4e0d\u8d70\u2026.\u3010\u597d\u68d2Bump\u3011",
        "description": "\u95dc\u65bc\u6211\u5728\u7f8e\u570b\u9047\u5230\u7684\u90a3\u4e9b\u9ce5\u4e8b\u2026.\n\n#\u8d0f\u9322\u88ab\u6436\u52ab #\u88ab\u56f0\u5728\u7f8e\u570b #\u65bc\u662f\u6211\u7684\u4e5e\u4e10\u5922\u788e\u4e86\n--------------------------------------------------------- \r\n\u4e0a\u4e00\u90e8\u5f71\u7247 \u6211\u7834\u89e3\u4e86\u591c\u5e02\u5f48\u73e0\u53f0\uff01\u53ea\u82b1100\u5143\u5c31\u6253\u51fa4\u842c\u584a\u7684\u5a03\u5a03\uff01\u3010\u597d\u68d2Bump\u3011https://youtu.be/g3d3JKvDHgA\r\n\r\n\u8001\u5b50\u7684IG\uff1ahttps://bit.ly/2JqmmIq\r\n\u8001\u5b50\u7684FB\uff1ahttps://bit.ly/2s3pwwb",
        "likeCount": "17679",
        "commentCount": "880",
        "viewCount": "971015"
    },
    "comments": [
        {
            "reply_id": "UgxGtfM5xA93ocO43V54AaABAg",
            "reply_content": "\u8840\u6dcb\u6dcb\u7684\u6848\u4f8b\u5206\u4eab \u4e5f\u771f\u7684\u5f88\u611f\u8b1d\u68d2\u54e5\u9858\u610f\u8aaa\u51fa\u9019\u4e9b\u6211\u7121\u6cd5\u9ad4\u9a57\u5230\u7684\u7cbe\u5f69\u751f\u6d3b",
            "likeCount": 7
        },
        {
            "reply_id": "UgxZluCNJJXGFjjYEsN4AaABAg",
            "reply_content": "\u6240\u4ee5\u9ed1\u4eba\u624d\u6703\u88ab\u6b67\u8996\u6d3b\u8a72",
            "likeCount": 2
        },
        {
            "reply_id": "UgxhxLR4ff8KVQh6Xu54AaABAg",
            "reply_content": "\u534e\u4eba\u5c31\u4e0d\u8981\u5728\u5916\u56fd\u6d0b\u4eba\u7684\u56fd\u5bb6\u90a3\u4e48\u56a3\u5f20\u5427\uff0c\u4ed6\u4eec\u662f\u4e0d\u4f1a\u63a5\u53d7\u6211\u4eec\u7684",
            "likeCount": 0
        },
        {
            "reply_id": "UgyJmyL0uAvqYOHYZkN4AaABAg",
            "reply_content": "\u4f60\u5011\u8d0f\u4e86\u5927\u9322\u61c9\u8a72\u76f4\u63a5\u5728\u9280\u884c\u958b\u6236\uff0c\u6216\u8005\u5b58\u98ef\u5e97\u5c31\u597d",
            "likeCount": 0
        },
        {
            "reply_id": "UgxQDcWUQ7T0JUxGOE94AaABAg",
            "reply_content": "\u5728\u8d4c\u573a\u76f4\u63a5\u8981\u652f\u7968\u62a2\u52ab\u4e5f\u6ca1\u7528\u554a",
            "likeCount": 0
        },
        {
            "reply_id": "UgxOBGE5b6xVTkQ4sCV4AaABAg",
            "reply_content": "\u5e0c\u671b\u4f60\u53ef\u4ee5\u5be6\u6e2c\u53f0\u7063\u522e\u522e\u6a02\uff0c\u770b\u5230\u5e95\u662f\u4e0d\u662f\u8a50\u9a19",
            "likeCount": 0
        },
        {
            "reply_id": "UgwElDOVC91yps1aw6l4AaABAg",
            "reply_content": "\u9664\u4e86\u804c\u4e1a\u8d4c\u573a\u5bf9\u51b2\u6c34\u624b\uff0c\u6ca1\u6709\u4eba\u53ef\u4ee5\u5728\u94b1\u5e84\u76c8\u5229",
            "likeCount": 0
        },
        {
            "reply_id": "UgytrKYT2YwB8eDUH7J4AaABAg",
            "reply_content": "\u53ef\u4ee5\u8bd5\u770b\u628a\u94b1\u62ff\u6765\u4e70\u8868\u8fc7\u6d77\u5173",
            "likeCount": 0
        },
        {
            "reply_id": "Ugy8T0QC0EJynkqkH_94AaABAg",
            "reply_content": "\u807d\u8d77\u4f86\u5c31\u662f\u8ced\u5834\u82b1\u9322\u8acb\u7684\u8001\u58a8\u6436\u532a",
            "likeCount": 0
        },
        {
            "reply_id": "UgxLYhxz34UTZQCj7Qt4AaABAg",
            "reply_content": "\u5168\u90e8\u68ad\u54c8\u6bd4\u7279\u5e01\u90fd\u6ca1\u90a3\u4e48\u60e8",
            "likeCount": 0
        },
        {
            "reply_id": "UgwrD9yuHQV8Hmpj0Md4AaABAg",
            "reply_content": "\u611f\u89ba\u4ee5\u5f8c\u51fa\u570b\u9019\u6a23\u73a9\u662f\u4e0d\u662f\u8981\u8acb\u58ef\u78a9\u7684\u4fdd\u93e2",
            "likeCount": 0
        },
        {
            "reply_id": "Ugz7tjFSWfMf16jYTaB4AaABAg",
            "reply_content": "\u9ed1\u9053\u5f88\u591a\u4e5f\u662f\u8ced\u5834\u8acb\u7684",
            "likeCount": 0
        },
        {
            "reply_id": "UgyxxsQ3v8vLqA-ECVN4AaABAg",
            "reply_content": "\u56e0\u70ba\u5728\u7f8e\u570b\u6b63\u7576\u9632\u885b\u6bba\u4e86\u4eba\u90fd\u6c92\u5dee\u5427",
            "likeCount": 0
        },
        {
            "reply_id": "UgwiaYKs4kSrLK6aJsd4AaABAg",
            "reply_content": "\u6703\u4e0d\u6703\u6436\u52ab\u72af\u662f\u8ced\u5834\u7684\u4eba",
            "likeCount": 0
        },
        {
            "reply_id": "Ugw4Omog5Ep_5l0UF9B4AaABAg",
            "reply_content": "\u90a3\u4e9b\u58a8\u897f\u54e5\u4eba\u53ef\u80fd\u5c31\u662f\u8ced\u5834\u8a2d\u8a08\u7684",
            "likeCount": 0
        },
        {
            "reply_id": "UgxuVC3jOyVteNeBkzN4AaABAg",
            "reply_content": "\u64bf\u5230\u7684\u9322\u8f38\u6389\u4e5f\u662f\u6b63\u5e38\u7684\u56e0\u70ba\u4e0d\u662f\u81ea\u5df1\u7684\u9322\ud83d\ude02",
            "likeCount": 2
        },
        {
            "reply_id": "UgwBoJVR1O2S6dDiJlB4AaABAg",
            "reply_content": "\u6211\u5728\u7f8e\u56fd\u770b\u5230\u8fd9\u4e2a\u65b0\u95fb\u7b2c\u4e00\u65f6\u95f4\u5c31\u60f3\u5230\u662f\u4f60\u4eec\u2026",
            "likeCount": 1
        },
        {
            "reply_id": "Ugzrr8G8FFlIjZ7dpFB4AaABAg",
            "reply_content": "\u62a2\u52ab\u4e5f\u6709\u53ef\u80fd\u662f\u8d4c\u573a\u7684\u4eba",
            "likeCount": 0
        },
        {
            "reply_id": "UgzcIoSVATuZ6ijeN-F4AaABAg",
            "reply_content": "\u9019\u6545\u4e8b\u544a\u8a34\u4f60\u5011\u8ced\u535a\u4e0d\u5982\u5f37\u52ab",
            "likeCount": 0
        },
        {
            "reply_id": "Ugzw_1qfrA0fXhjG0pV4AaABAg",
            "reply_content": "\u62dc\u8a17\u4ec0\u9ebc\u6642\u5f8c\u624d\u80fd\u5728\u66f4\u65b0",
            "likeCount": 0
        }
    ]
}