{
    "video_info": {
        "id": "3xcQsxpMM2o",
        "channelTitle": "\u597d\u68d2Bump",
        "title": "\u6211\u628a40\u5e74\u8001\u5c4b\u5927\u6539\u9020\u2026 \u8b8a\u6210\u667a\u80fd\u79d1\u6280\u623f\uff01 \u79df\u51fa\u53bb\u80fd\u8cfa\u591a\u5c11\u9322\uff1f\u3010\u597d\u68d2Bump\u3011",
        "description": "\u9019\u4e00\u90e8\u7247\u771f\u7684\u82b1\u4e86\u6211\u4e00\u5e74\u7684\u6642\u9593\u624d\u505a\u597d\uff0c\u4e00\u65b9\u9762\u60f3\u56de\u994b\u81ea\u5df1\u5718\u968a\u7684\u5925\u4f34\uff0c\u7562\u7adf\u4ed6\u5011\u5e73\u5e38\u771f\u7684\u70ba\u6211\u5949\u737b\u5f88\u591a\uff0c\u4f46\u53e6\u4e00\u65b9\u9762\u4e5f\u662f\u60f3\u628a\u4e00\u4e9b\u96b1\u55bb\u7684\u7cbe\u795e\uff0c\u7d00\u9304\u4e0b\u4f86\u5206\u4eab\u7d66\u5927\u5bb6\uff0c\u5e0c\u671b\u5927\u5bb6\u6703\u559c\u6b61\u3002\n\n#\u8001\u5c4b\u5927\u7ffb\u65b0 #\u667a\u80fd\u6c1b\u570d\u623f #\u9ad4\u9a57\u904e\u5c31\u56de\u4e0d\u53bb\u4e86\n--------------------------------------------------------- \n\u4e0a\u4e00\u90e8\u5f71\u7247 \u624b\u6a5f\u88ab\u5077\u4e86\uff01\u7528\u885b\u661f\u5b9a\u4f4d\u5831\u8b66\u6293\u8cca\u2026. \u80fd\u627e\u56de\u4f86\u55ce\uff1f\u3010\u597d\u68d2Bump\u3011\nhttps://youtu.be/bUtz6EcuUe0\n\u8001\u5b50\u7684IG\uff1ahttps://bit.ly/2JqmmIq\n\u8001\u5b50\u7684FB\uff1ahttps://bit.ly/2s3pwwb",
        "likeCount": "24415",
        "commentCount": "1096",
        "viewCount": "951715"
    },
    "comments": [
        {
            "reply_id": "UgyXnRF17uliji1XVMp4AaABAg",
            "reply_content": "\u597d\u50cf\u6709\u4e00\u500b\u5f71\u7247\u88ab\u522a\u4e86",
            "likeCount": 3
        },
        {
            "reply_id": "UgzlHpw8vsVloJerz9x4AaABAg",
            "reply_content": "\u70ba\u4ec0\u9ebc\u667a\u529b\u6e2c\u9a57\u7684\u5f71\u7247\u6c92\u4e86",
            "likeCount": 2
        },
        {
            "reply_id": "UgwOl2ize-6iEQ5VnZV4AaABAg",
            "reply_content": "\u88dd\u6f62\u53ef\u4ee5\u526a\u6210\u4e00\u500b\u6b4c\u592a\u8b9a\u4e86",
            "likeCount": 0
        },
        {
            "reply_id": "UgxN5SMK9TiqpijfstB4AaABAg",
            "reply_content": "\u9019\u793e\u6703\u4e00\u5806\u4eba\u5728\u5272\u97ed\u83dc",
            "likeCount": 0
        },
        {
            "reply_id": "Ugy2HSf5Fa9zYcOEOmF4AaABAg",
            "reply_content": "\u597d\u53b2\u5bb3\u5594\u975e\u5e38\u68d2\u7684\u71c8\u5149\u6548\u679c",
            "likeCount": 0
        },
        {
            "reply_id": "Ugys9T5aZwFyRg4ys1R4AaABAg",
            "reply_content": "\u539f\u4f86\u6211\u4e4b\u524d\u62c6\u6a4b\u7d19\u62c6\u5230\u7684\u5947\u602a\u7684\u6771\u897f\u53ef\u80fd\u662f\u53e3\u9999\u7cd6\ud83d\ude02",
            "likeCount": 0
        },
        {
            "reply_id": "UgwG5ab7AL2OYIkyPd94AaABAg",
            "reply_content": "\u5feb\u9ede\u767c\u7247\u963f\u6211\u5feb\u7121\u804a\u6b7b\u4e86",
            "likeCount": 0
        },
        {
            "reply_id": "UgzQS7DP_zRonjobCPZ4AaABAg",
            "reply_content": "\u7b2c\u4e00\u6b21\u89ba\u5f97\u4f60\u5de5\u4f5c\u7684\u6a23\u5b50\u8d85\u5e25\u54c8\u54c8",
            "likeCount": 0
        },
        {
            "reply_id": "UgyYYgtEb0wd8MACJSx4AaABAg",
            "reply_content": "\u4e00\u500b\u6708\u4e86\u6c92\u6709\u65b0\u7247\u554a\u554a\u554a",
            "likeCount": 0
        },
        {
            "reply_id": "UgwrBYmLmP0gaHy1iwt4AaABAg",
            "reply_content": "\u6211\u73fe\u5728\u624d\u77e5\u9053\u8ddf\u6211\u4e00\u6a23\u5c6c\u72d7",
            "likeCount": 0
        },
        {
            "reply_id": "Ugzcckps0C7VJy5Jr6h4AaABAg",
            "reply_content": "\u6c92\u667a\u80fd\u7684\u611f\u89ba\u554a\uff0c\u6211\u963f\u516c\u7684\u50ad\u4eba\u53ef\u80fd\u90fd\u6bd4\u9019\u500b\u5f37\u5427",
            "likeCount": 0
        },
        {
            "reply_id": "UgyphWjbxmeGOnhiydl4AaABAg",
            "reply_content": "\u6211\u7684\u623f\u9593\u6700\u8fd1\u6539\u9020\u52a0\u4e0a\u71c8\u5149\u4e5f\u662f\u5f88\u7f8e\u6709\u6c23\u6c1b",
            "likeCount": 0
        },
        {
            "reply_id": "UgzQEJNv86qijDBal3l4AaABAg",
            "reply_content": "\u5c31\u662f\u61c9\u8a72\u79df\u7d66\u6709\u5973\u670b\u53cb\u7684\u4eba",
            "likeCount": 0
        },
        {
            "reply_id": "UgxNsgtXQvV0tlcCWPZ4AaABAg",
            "reply_content": "\u5047\u5982\u7246\u58c1\u4e0a\u7684\u90a3\u7a2e\u68c9\u82b1\u8457\u706b\u4e86\u600e\u8fa6",
            "likeCount": 0
        },
        {
            "reply_id": "UgwtpdUaus3muo7byBd4AaABAg",
            "reply_content": "\u60f3\u77e5\u9053\u4e00\u4e0b\u71c8\u689d\u7684\u9023\u7d50 \u6709\u597d\u5fc3\u4eba\u53ef\u4ee5\u7d66\u4e00\u4e0b\u55ce",
            "likeCount": 0
        },
        {
            "reply_id": "UgxYifmBvdfHtEfJlAl4AaABAg",
            "reply_content": "\u5ec1\u6240\u5b88\u8b77\u795e\u53c8\u62ef\u6551\u4e16\u754c\u4e86",
            "likeCount": 0
        },
        {
            "reply_id": "UgwsdzkD-dEHOVGYQM94AaABAg",
            "reply_content": "\u8acb\u554f\u597d\u68d2\u68d2\u7684\u79df\u7d04\u7684\u689d\u4f8b\u6709\u7bc4\u672c\u53ef\u4ee5\u53c3\u8003\u55ce\ud83e\udd7a",
            "likeCount": 0
        },
        {
            "reply_id": "Ugx77m-uXTTB1uo23V94AaABAg",
            "reply_content": "\u60f3\u77e5\u9053\u6574\u500b\u88dd\u6f62\u82b1\u8cbb\u591a\u5c11",
            "likeCount": 0
        },
        {
            "reply_id": "UgyYyHIkhNxlXqCaS2h4AaABAg",
            "reply_content": "\u770b\u4f86\u8981\u8f49\u6210\u624b\u4f5c\u983b\u9053\u4e86",
            "likeCount": 1
        },
        {
            "reply_id": "UgyWyTfvv9j8zZzEO7h4AaABAg",
            "reply_content": "\u6211\u60f3\u77e5\u9053\u9019\u6a23\u6539\u7167\u7e3d\u5171\u82b1\u4e86\u591a\u5c11 \u6211\u60f3\u6211\u4ee5\u5f8c\u623f\u5b50\u4e5f\u9019\u6a23\u6539\u88dd",
            "likeCount": 1
        }
    ]
}