{
    "video_info": {
        "id": "7QW7iB3IQzA",
        "channelTitle": "\u597d\u68d2Bump",
        "title": "\u6211\u7528\u6578\u5b78\u628a\u201d\u767e\u5bb6\u6a02\u201d\u7834\u89e3\u4e86\uff01\u9760\u5718\u968a\u91cf\u5316\u5927\u8d0f150\u842c\uff01\u3010\u597d\u68d2Bump\u3011\u3010\u512a\u52e2\u73a9\u5bb6\u3011",
        "description": "\u9019\u4e00\u6b21\u6211\u5011\u9760\u8457\u6578\u5b78\u516c\u5f0f\u628a\u767e\u5bb6\u6a02\u7d66\u7834\u89e3\u4e86\uff0c\u81f3\u65bc\u5f8c\u4f86\u767c\u751f\u751a\u9ebc\u4e8b\u5c0e\u81f4\u6211\u7834\u7522\uff0c\u5c31\u5404\u4f4d\u81ea\u5df1\u770b\u5427\u2026.\n\n#\u767e\u5bb6\u6a02\u7834\u89e3 #\u8ced\u5834\u53c8\u751f\u6c23\u4e86 #\u5404\u4f4d\u8acb\u5c0f\u5fc3\u4f60\u8eab\u908a\u7684\u670b\u53cb\n\n\u6210\u70ba\u9019\u500b\u983b\u9053\u7684\u6703\u54e1\u4e26\u7372\u5f97\u734e\u52f5\uff1a\nhttps://www.youtube.com/channel/UC7XxnhjdYjiQJ3m80K_N_4g/join\n\n--------------------------------------------------------- \r\n\u4e0a\u4e00\u90e8\u5f71\u7247 \u6176\u795d\u767e\u842c\u8a02\u95b1\u642c\u65b0\u5bb6\uff01\u628a\u73cd\u5947\u6536\u85cf\u5168\u62ff\u51fa\u4f86\u62cd\u8ce3\uff01\u3010\u597d\u68d2Bump\u3011\u3010\u62cd\u8ce3\u934a\u91d1\u8853\u3011https://youtu.be/W9jT2N2auCY\r\n\r\n\u8001\u5b50\u7684IG\uff1ahttps://bit.ly/2JqmmIq\r\n\u8001\u5b50\u7684FB\uff1ahttps://bit.ly/2s3pwwb",
        "likeCount": "18498",
        "commentCount": "1057",
        "viewCount": "1281883"
    },
    "comments": [
        {
            "reply_id": "UgzQhog6Zp8CzVAhBX94AaABAg",
            "reply_content": "\u5728\u5c0f\u623f\u95f4\u53ef\u4ee5\u556a\u556a\u556a\u556a\u7684",
            "likeCount": 1
        },
        {
            "reply_id": "UgwKvKQDH67764hU_-54AaABAg",
            "reply_content": "\u767e\u5bb6\u4e50\u4e00\u76f4\u73a9\u5bb9\u6613\u8f93\u503e\u5bb6\u8361\u4ea7",
            "likeCount": 0
        },
        {
            "reply_id": "UgwPmU6sAK7xluWakFh4AaABAg",
            "reply_content": "\u8bf7\u95ee\u5728\u8131\u8863\u821e\u4ff1\u4e50\u90e8\u91cc\u9762\u662f\u4e0d\u662f\u5c04\u5c04\u4e86",
            "likeCount": 0
        },
        {
            "reply_id": "Ugw5B20CXlVL5kqNAN94AaABAg",
            "reply_content": "\u4e3a\u4ec0\u4e48\u4e0d\u7b80\u5355\u4ecb\u7ecd\u4e00\u4e0b\u5728\u5927\u724c\u51fa\u4e86\u591a\u5c11\u7684\u60c5\u51b5\u4e0b\u518d\u6709\u673a\u4f1a\u6293\u56db\u5341\u500d\u5462\uff1f",
            "likeCount": 0
        },
        {
            "reply_id": "UgyFNYibDlWUwgaGFqN4AaABAg",
            "reply_content": "\u771f\u6b63\u8981\u6015\u7684\u662f\u8d70\u51fa\u8ced\u5834\u5f8c\u5e7e\u689d\u8857\u9047\u5230\u7684\u9ed1\u4eba",
            "likeCount": 0
        },
        {
            "reply_id": "UgyGlS0ivE7Kik_UFrd4AaABAg",
            "reply_content": "\u770b\u4f86\u53ea\u6709\u7d93\u71df\u5c0f\u623f\u9593\u7a69\u8d0f\u4e0d\u8f38",
            "likeCount": 0
        },
        {
            "reply_id": "Ugy-Fg7lh97pVoRoAs94AaABAg",
            "reply_content": "\u53ef\u4ee5\u8ba9\u4e00\u4e2a\u8bc8\u9a97\u7f51\u7ad9\u7684\u670d\u52a1\u5668\u762b\u75ea\u5417",
            "likeCount": 0
        },
        {
            "reply_id": "UgwQTdbYncfOPMHAbW94AaABAg",
            "reply_content": "\u7f51\u4e0a\u8d4c\u535a\u7684\u5e94\u8be5\u7b97\u4e0d\u5230\u5427",
            "likeCount": 0
        },
        {
            "reply_id": "UgwdyvhluysCoQga_vZ4AaABAg",
            "reply_content": "\u62c9\u65af\u7ef4\u52a0\u65af\u73a9\u4e0d\u4e86\u53bb\u6fb3\u95e8\u554a",
            "likeCount": 0
        },
        {
            "reply_id": "UgwdxzDTLLar2Dy0wXR4AaABAg",
            "reply_content": "\u4f60\u4eec\u8d62\u94b1\u4e0d\u8981\u53d1\u51fa\u5927\u58f0\u97f3\u5c31\u597d\u4e86",
            "likeCount": 0
        },
        {
            "reply_id": "UgxQT1F9jOXwZ3T1kF14AaABAg",
            "reply_content": "\u6211\u8fd9\u91cc\u6709\u6700\u65b0\u7a33\u5b9a\u7684\u53f0\u53ef\u4ee5\u70b9\u6211\u8fdb\u6765\u770b\u770b\uff0c\u4e5f\u53ef\u4ee5\u4ea4\u6d41\u6253\u53d1",
            "likeCount": 0
        },
        {
            "reply_id": "Ugz6xmrn9jgv9_ugltt4AaABAg",
            "reply_content": "\u6211\u8fd9\u91cc\u6709\u6700\u65b0\u7a33\u5b9a\u7684\u53f0\u53ef\u4ee5\u70b9\u6211\u8fdb\u6765\u770b\u770b\uff0c\u4e5f\u53ef\u4ee5\u4ea4\u6d41\u6253\u53d1",
            "likeCount": 0
        },
        {
            "reply_id": "UgwfpdrtTuHCo2D0gUh4AaABAg",
            "reply_content": "\u5982\u679c\u4e2d\u9593\u4e94\u5f35\u724c\u838a\u5bb6\u6839\u9592\u5bb6\u7684\u724c\u4e0d\u77e5\u9053\u628a\u838a\u5bb6\u6839\u9592\u5bb6\u7684\u724c\u62ff\u53bb\u5c0d\u4e2d\u9593\u7684\u4e94\u5f35\u724c\u6bd4\u8f03\u5927\u5c31\u8d0f\u4e86\u9019\u6a23\u600e\u9ebc\u7834\u89e3",
            "likeCount": 0
        },
        {
            "reply_id": "UgwUmztVtX5nOHD9jZt4AaABAg",
            "reply_content": "\u5f8c\u9762\u8b1b\u7684\u592a\u597d\u4e86 \u5a1b\u6a02\u8207\u77e5\u8b58\u517c\u5177\u7684\u5275\u4f5c\u8005\u771f\u7684\u5f88\u68d2",
            "likeCount": 16
        },
        {
            "reply_id": "UgxIeouoOArD4y1sK8h4AaABAg",
            "reply_content": "\u4f60\u5011\u5c31\u7b97\u77e5\u9053\u600e\u9ebc\u7b97\u724c\u4f60\u5011\u4e5f\u6c92\u90a3\u500b\u81bd\u53bb\u73a9\u5566",
            "likeCount": 0
        },
        {
            "reply_id": "UgwnwnwdAv9e3fsoQMx4AaABAg",
            "reply_content": "\u5e0c\u671b\u6765\u65b0\u52a0\u5761\u518d\u8d4c\u8d4c\u770b",
            "likeCount": 0
        },
        {
            "reply_id": "Ugy5B4FFUcOfbj6dp7R4AaABAg",
            "reply_content": "\u53ef\u4ee5\u628a\u8fd9\u65b9\u6cd5\u5199\u6210\u4e00\u4e2a\u8f6f\u4ef6",
            "likeCount": 0
        },
        {
            "reply_id": "UgyK9Nngy9RoxACUox54AaABAg",
            "reply_content": "\u4f60\u4e3a\u4ec0\u4e48\u53ef\u4ee5\u5728\u7f8e\u56fd\u5f00\u8f66",
            "likeCount": 0
        },
        {
            "reply_id": "Ugz7OE5MZPXhIG34p-t4AaABAg",
            "reply_content": "\u52aa\u529b\u4e0d\u4e00\u5b9a\u6210\u529f\n\u4f46\u662f\u4e0d\u52aa\u529b\u4e00\u5b9a\u4e0d\u6703\u6210\u529f\u554a",
            "likeCount": 0
        },
        {
            "reply_id": "UgzAiW34vcsFFktQ4_N4AaABAg",
            "reply_content": "\u4f60\u4eec\u8d62\u4e86\u4e0d\u8981\u53eb\u592a\u9ad8\u8c03\u4e86",
            "likeCount": 0
        }
    ]
}