{
    "video_info": {
        "id": "bUtz6EcuUe0",
        "channelTitle": "\u597d\u68d2Bump",
        "title": "\u624b\u6a5f\u88ab\u5077\u4e86\uff01\u7528\u885b\u661f\u5b9a\u4f4d\u5831\u8b66\u6293\u8cca\u2026. \u80fd\u627e\u56de\u4f86\u55ce\uff1f\u3010\u597d\u68d2Bump\u3011",
        "description": "\u9019\u4e00\u6b21\u6211\u5011\u7684\u624b\u6a5f\u88ab\u5c0f\u5077\u7d66\u6478\u8d70\u4e86....\n\u7d50\u679c\u6253\u958b\u624b\u6a5f\u5b9a\u4f4d\u4e0a\u9762\u7adf\u7136\u986f\u793a\u4e86\u5c0f\u5077\u5bb6\u7684\u5730\u5740\uff0c\n\u6211\u5011\u7acb\u99ac\u53bb\u5831\u8b66\u770b\u770b\u6293\u4e0d\u6293\u5f97\u5230\u4eba\uff01\n\n#\u624b\u6a5f\u88ab\u5077 #\u5831\u8b66\u6293\u8cca #\u4ee5\u5f8c\u770b\u8ab0\u9084\u6562\u5077\u9019\u652f\u624b\u6a5f\n--------------------------------------------------------- \n\u4e0a\u4e00\u90e8\u5f71\u7247 \u7dda\u4e0a\u8ced\u5834\u7adf\u8f38\u4e86\u900010%\uff1f\u7528\u9019\u500b\u6f0f\u6d1e\u6d17\u5e63100\u842c\u80fd\u8cfa\u9322\u55ce\uff1f\u3010\u597d\u68d2Bump\u3011https://youtu.be/9VwpcHygMKk\n\n\u8001\u5b50\u7684IG\uff1ahttps://bit.ly/2JqmmIq\n\u8001\u5b50\u7684FB\uff1ahttps://bit.ly/2s3pwwb",
        "likeCount": "33727",
        "commentCount": "6453",
        "viewCount": "1292196"
    },
    "comments": [
        {
            "reply_id": "UgwucVLOZFoyqE6iL9l4AaABAg",
            "reply_content": "\u544a\u8a34\u4ed6\u5011\u5c0f\u5077\u652f\u6301\u53cd\u9001\u4e2d\uff0c\u662f\u500b\u53cd\u4e2d\u4e82\u6e2f\u7684\u53db\u4e82\u5206\u5b50",
            "likeCount": 2
        },
        {
            "reply_id": "UgyZkUuymwkz6Z9k21N4AaABAg",
            "reply_content": "\u8981\u9ad8\u9054\u4e0a\u842c\u4e0a\u5104\u624d\u6703\u8655\u7406",
            "likeCount": 1
        },
        {
            "reply_id": "UgzJV8UGkdpg_PtO5X94AaABAg",
            "reply_content": "\u5077\u7684\u4eba\u61c9\u8a72\u6703\u91cd\u704c\u624b\u6a5f \u91cd\u704c\u7684\u904e\u7a0b\u80fd\u627e\u7684\u51fa\u8a0a\u865f\u55ce",
            "likeCount": 0
        },
        {
            "reply_id": "UgyVmz3QMd_kAHTL0t54AaABAg",
            "reply_content": "\u7136\u5f8c\u731c\u4e00\u731c\u4f60\u4e0b\u6b21\u9084\u80fd\u4e0d\u80fd\u5165\u5883",
            "likeCount": 0
        },
        {
            "reply_id": "Ugyn2t_4CMy_3AW45uV4AaABAg",
            "reply_content": "\u4ee5\u524d\u53bb\u9999\u6e2f\u5728\u6a5f\u5834\u554f\u8def\u6a5f\u5834\u8b66\u5bdf\u4e5f\u662f\u614b\u5ea6\u5f88\u4e0d\u597d\u9084\u8ddf\u6211\u5011\u5831\u932f\u7684\u8def",
            "likeCount": 0
        },
        {
            "reply_id": "Ugx_fSnvjfDOifjS12x4AaABAg",
            "reply_content": "\u9084\u6709\u6df1\u6c34\u57d7\u6709\u5f88\u591a\u8cb7\u624b\u6a5f\u7684\u5730\u65b9",
            "likeCount": 0
        },
        {
            "reply_id": "UgwAxt4bkHBgpgzH4Wt4AaABAg",
            "reply_content": "\u5982\u679c\u4f60\u500b\u6625\u4ee3\u88ab\u5077\u53c8\u6709\u5b9a\u4f4d\uff0e\u53ef\u80fd\u5927\u6709\u6a5f\u6703\u5e6b\u4f60\u627e\u56de\u7684",
            "likeCount": 0
        },
        {
            "reply_id": "UgyNevmJMHESIJw6ZgN4AaABAg",
            "reply_content": "\u4e2d\u570b\u9999\u6e2f\u8b66\u5bdf\u53ea\u662f\u500b\u7b11\u8a71",
            "likeCount": 0
        },
        {
            "reply_id": "UgxhIErsLKA5AYDnJlt4AaABAg",
            "reply_content": "\u8001\u5be6\u8aac\u53f0\u7063\u6709\u4e9b\u8b66\u5bdf\u4e5f\u662f\u9019\u6a23",
            "likeCount": 0
        },
        {
            "reply_id": "UgzaAgKahMqzbT9-TLB4AaABAg",
            "reply_content": "\u5927\u9678\u8b66\u5bdf\u7406\u90fd\u4e0d\u6703\u7406\u4f60",
            "likeCount": 0
        },
        {
            "reply_id": "UgycddtuMRmTaWDCSm94AaABAg",
            "reply_content": "\u597d\u68d2\u68d2\u9001\u7684\u624b\u6a5f\u771f\u7684\u592a\u8b9a",
            "likeCount": 0
        },
        {
            "reply_id": "UgzddFZqwPUOioer3jN4AaABAg",
            "reply_content": "\u54ea\u4f86\u4e00\u5806\u50bb\u74dc\u89ba\u5f97\u5b9a\u4f4d\u662f\u842c\u80fd\u7684",
            "likeCount": 0
        },
        {
            "reply_id": "UgyGcgh3m_TJf6p6sbh4AaABAg",
            "reply_content": "\u4e0d\u6703\u60f3\u518d\u53bb\u9999\u6e2f\u9019\u570b\u5bb6",
            "likeCount": 0
        },
        {
            "reply_id": "UgwIMNA4KCR95alCIGp4AaABAg",
            "reply_content": "\u5982\u679c\u624b\u673a\u91cc\u6709\u91cd\u8981\u8d44\u6599\u7684\u8bdd\u662f\u503c\u5f97\u627e\u5230",
            "likeCount": 1
        },
        {
            "reply_id": "UgxqS6QsdOaRMcaXiEJ4AaABAg",
            "reply_content": "\u61c9\u8a72\u662f\u8981\u8aaa\u9999\u6e2f\u8b66\u5bdf\u5728\u6df7",
            "likeCount": 1
        },
        {
            "reply_id": "UgxBq0wl0WPDt3TXPap4AaABAg",
            "reply_content": "\u4e0d\u7ba1\u662f\u54ea\uff0c\u8b66\u5bdf\u5c31\u662f\u4e00\u7a2e\u53ea\u6703\u958b\u7f70\u55ae\u7684\u6c92\u6551\u7269\u7a2e",
            "likeCount": 0
        },
        {
            "reply_id": "Ugx-XP4bu3Bbq_UXbXh4AaABAg",
            "reply_content": "\u5728\u53f0\u7063\u4e5f\u53ef\u4ee5\u5be6\u9a57\u4e00\u6b21",
            "likeCount": 0
        },
        {
            "reply_id": "UgxRLnq1aV08jkaU8fF4AaABAg",
            "reply_content": "\u9999\u6e2f\u8b66\u5bdf\u6700\u53b2\u5bb3\u7684\u662f\u6349\u653f\u6cbb\u72af\uff0c\u5176\u4f59\u7684\u751a\u9ebc\u90fd\u4e0d\u61c2",
            "likeCount": 0
        },
        {
            "reply_id": "Ugx7gA_dVeswuhjkIgF4AaABAg",
            "reply_content": "\u539f\u4f86\u9999\u6e2f\u8b66\u5bdf\u6feb\u6210\u9019\u6a23",
            "likeCount": 0
        },
        {
            "reply_id": "UgwiWZcGDqUYrnzvzAJ4AaABAg",
            "reply_content": "\u4ed6\u600e\u4e48\u53ef\u80fd\u8c03\u52a8\u4ec0\u4e48\u6444\u50cf\u5934",
            "likeCount": 0
        }
    ]
}