{
    "video_info": {
        "id": "cGA2_pB0MCI",
        "channelTitle": "\u597d\u68d2Bump",
        "title": "\u7adf\u6709\u8ced\u5834\u958b\u4f86\u8b93\u73a9\u5bb6\u8d0f\u9322\uff1f\u6211\u628a\u904e\u5e74\u7d05\u5305\u5168\u58d3\u62fc\u4e00\u628a\uff01\u3010\u597d\u68d2Bump\u3011",
        "description": "\u5728\u7f8e\u570b\u6d1b\u6749\u78ef\u767c\u73fe\u4e00\u500b\u5f88\u7279\u5225\u7684\u8ced\u5834\u898f\u5247\uff0c\u67d0\u4e00\u9593\u8ced\u5834\uff0c\u53ea\u8981\u4f60\u62ff\u5f97\u51fa\u5927\u7d0420\u842c\u7f8e\u91d1\u5c31\u80fd\u76f4\u63a5\u7576\u838a\u5bb6\uff0c\u9019\u4e00\u6b21\u6211\u4f86\u6e2c\u8a66\u770b\u770b\uff0c\u662f\u4e0d\u662f\u771f\u7684\u7576\u838a\u5c31\u8cfa\u9322\uff1f\n\n#LA\u7576\u838a #\u7d05\u5305\u5168\u58d3 #\u518d\u52a04\u500b0\u6211\u8ab0\u90fd\u4e0d\u8a8d\u9019\u662f\u4e00\u90e8\u8001\u5be6\u7247\n--------------------------------------------------------- \n\u4e0a\u4e00\u90e8\u5f71\u7247 \u6211\u88ab\u4eba\u7528\u6551\u63f4\u540d\u7fa9\u9a19\u8d70200\u842c\uff01\u7d93\u8abf\u67e5\u767c\u73fe\u53d7\u5bb3\u8005\u5df2\u7834\u767e\u4eba\u2026. \u8acb\u5927\u5bb6\u5c0f\u5fc3\u5225\u4e0a\u7576\uff01\u3010\u597d\u68d2Bump\u3011https://youtu.be/SJXEY8Kf0Xo\n\n\u8001\u5b50\u7684IG\uff1ahttps://bit.ly/2JqmmIq\n\u8001\u5b50\u7684FB\uff1ahttps://bit.ly/2s3pwwb",
        "likeCount": "16218",
        "commentCount": "636",
        "viewCount": "747184"
    },
    "comments": [
        {
            "reply_id": "Ugwb82Hv79xaOGJdu_94AaABAg",
            "reply_content": "\u5148\u4e0d\u8aaa\u524d\u9762\u7684\u6559\u5b78\n\u5f8c\u9762\u5c0d\u59ca\u59ca\u6709\u60c5\u6709\u7fa9\u5c31\u63a8\u7206",
            "likeCount": 1
        },
        {
            "reply_id": "Ugz6wIrRHuVr48ie5FJ4AaABAg",
            "reply_content": "\u5728\u8def\u908a\u62cd\u6703\u88ab\u7576\u795e\u7d93\u75c5",
            "likeCount": 1
        },
        {
            "reply_id": "Ugw-ZHscjia43WLWR_p4AaABAg",
            "reply_content": "\u58d3\u6b72\u9322\u6709\u4e0a\u842c\u8a72\u77e5\u8db3\u4e86 \u60f3\u60f3\u4f60\u7684\u8a02\u95b1\u4eba\u6578\u88e1\u591a\u5c11\u4eba\u8981\u5e7e\u500b\u6708\u624d\u80fd\u5b58\u5230\u9019\u500b\u6578\u5b57",
            "likeCount": 0
        },
        {
            "reply_id": "UgzoXvCYiUssjQiURpl4AaABAg",
            "reply_content": "\u4e5f\u6559\u59d0\u59d0\u4e00\u4e9b\u8cfa\u9322\u7684\u65b9\u6cd5\u5566",
            "likeCount": 0
        },
        {
            "reply_id": "UgwOZmT03CtrxMAXX4R4AaABAg",
            "reply_content": "\u6700\u5f8c\u9762\u641e\u5f97\u6211\u53c8\u54ed\u53c8\u7b11\u7684\n\u88ab\u6514\u4e0b\u4f86\u90a3\u6bb5\u771f\u7684\u662f\u5f88\u641e",
            "likeCount": 0
        },
        {
            "reply_id": "Ugzi0lxjorSvYIj_erN4AaABAg",
            "reply_content": "\u60f3\u770b\u5be6\u6e2c\u8766\u76ae\u624b\u6a5f\u76f2\u76d2\u771f\u7684\u80fd\u958b\u51fa\u624b\u6a5f\u55ce",
            "likeCount": 0
        },
        {
            "reply_id": "UgyMNtCKqgFZDJ05TNt4AaABAg",
            "reply_content": "\u95dc\u65bc\u6307\u5411\u6027\u5587\u53ed\u7684\u79d1\u6280\u6709\u76f8\u95dc\u7684\u72af\u7f6a\u5167\u5bb9",
            "likeCount": 0
        },
        {
            "reply_id": "UgzhGXnbGVjufYnQy0x4AaABAg",
            "reply_content": "\u78ba\u5be6\u4e0d\u80fd\u4e00\u76f4\u990a\u62dc\u91d1\u5973",
            "likeCount": 0
        },
        {
            "reply_id": "UgwPVrOF-HEyGLKqUKd4AaABAg",
            "reply_content": "\u5169\u59ca\u5f1f\u7684\u4e92\u52d5\u771f\u7684\u611f\u4eba",
            "likeCount": 2
        },
        {
            "reply_id": "UgyNgwLzrV6HBNBPozF4AaABAg",
            "reply_content": "\u8ced\u5834\u53ea\u6015\u4f60\u4e0d\u4f86\u73a9\u800c\u5df2",
            "likeCount": 0
        },
        {
            "reply_id": "UgwqlRIvJ2xrO8FONWZ4AaABAg",
            "reply_content": "\u770b\u5230\u5f8c\u9762\u771f\u7684\u5f88\u611f\u52d5\u8036",
            "likeCount": 0
        },
        {
            "reply_id": "UgzF1ngCWrNWTS6qjZx4AaABAg",
            "reply_content": "\u5c0d\u81ea\u5df1\u4e0d\u61c2\u7684\u4e8b\u4e0d\u7d93\u601d\u8003\u5c31\u99ac\u4e0a\u6392\u65a5\u7684\u4eba\u4e5f\u6c92\u8fa6\u6cd5\u591a\u6210\u529f~ \u4e0d\u61c2\u90a3\u4e9b\u8aaa\u9b3c\u626f\u7684\u9178\u6c11\u8981\u6709\u591a\u5931\u6557",
            "likeCount": 0
        },
        {
            "reply_id": "UgzugdkTyUTKsPuKu594AaABAg",
            "reply_content": "\u6211\u9084\u662f\u770b\u4e0d\u61c2\u9019\u6a23\u7576\u838a\u90a3\u8ced\u5834\u600e\u9ebc\u8cfa\u9322",
            "likeCount": 0
        },
        {
            "reply_id": "UgzNLc1BQ_We89qR3sF4AaABAg",
            "reply_content": "\u4e00\u842c\u4e94\u6b38\uff0c\u662f\u6211\u6240\u6709\u7d05\u5305\u52a0\u8d77\u4f86\u90fd\u4e0d\u5230\u7684\u6578\u76ee",
            "likeCount": 0
        },
        {
            "reply_id": "Ugy-_M2_mvGZhE3W47t4AaABAg",
            "reply_content": "\u559c\u6b61\u770b\u4f60\u8b1b\u5e79\u8a71\u8b1b\u5f97\u5f88\u6709\u610f\u7fa9",
            "likeCount": 0
        },
        {
            "reply_id": "Ugz6tO9CprJQRbj_-k14AaABAg",
            "reply_content": "\u6240\u4ee5\u5927\u4f2f\u6709\u6c92\u6709\u5e36\u4f60\u53bb\u958b\u5169\u69cd",
            "likeCount": 1
        },
        {
            "reply_id": "UgxyGqByefbQ2WZcizV4AaABAg",
            "reply_content": "\u53ef\u4ee5\u628a\u5de5\u4f5c\u5ba4\u8cc7\u6599\u653e\u4e0a\u4f86\u6709\u9700\u8981\u7684\u53ef\u4ee5\u53bb",
            "likeCount": 1
        },
        {
            "reply_id": "UgwMGHGqcNmO-RGhY3p4AaABAg",
            "reply_content": "\u4f60\u6c92\u88ab\u9a19\u600e\u9ebc\u5c31\u5148\u5224\u65b7\u662f\u8a50\u9a19\u96c6\u5718\u4e86\uff0c\u8981\u5148\u532f\u904e\u53bb\u624d\u6703\u77e5\u9053",
            "likeCount": 0
        },
        {
            "reply_id": "UgygWCPDFvM29mE0-Y54AaABAg",
            "reply_content": "\u6211\u60f3\u77e5\u9053\u70ba\u4ec0\u9ebc\u4f60\u8ddf\u59d0\u59d0\u7684\u7d93\u6fdf\u843d\u5dee\u6703\u9019\u9ebc\u5927",
            "likeCount": 0
        },
        {
            "reply_id": "UgxHHDYbRt0tjV3ayCl4AaABAg",
            "reply_content": "\u5b58\u5728\u5373\u5408\u7406\n\u7576\u4e00\u4ef6\u8d85\u8d8a\u7406\u89e3\u7684\u6771\u897f\u5728\u904b\u884c\u7684\u6642\u5019\u5fc5\u7136\u6709\u5176\u539f\u56e0",
            "likeCount": 0
        }
    ]
}