{
    "video_info": {
        "id": "ehB9m_7N8ds",
        "channelTitle": "\u597d\u68d2Bump",
        "title": "\u5168\u90e8\u6e05\u53f0\uff01\u9019\u7a2e\u593eiPhone \u7684\u5a03\u5a03\u6a5f\u2026 \u5230\u5e95\u662f\u4e0d\u662f\u9a19\u4eba\u7684\uff1f\uff01\u3010\u597d\u68d2Bump\u3011",
        "description": "\u5168\u53f0\u5404\u5730\u6709\u8a31\u591a\u9019\u7a2e\u593eiPhone\u7684\u5a03\u5a03\u6a5f\uff0c\u4f46\u662f\u9019\u7a2e\u6a5f\u53f0\u5230\u5e95\u771f\u7684\u6709iPhone\u55ce\uff1f\u6211\u4eca\u5929\u4f86\u6e05\u53f0\u7d66\u5927\u5bb6\u770b\uff01\n\n#\u6e05\u53f0\u5a03\u5a03\u6a5f #\u53f2\u4e0a\u6700\u8cb4\u6e05\u5fc3 #\u4f50\u52a9\u56de\u982d\u662f\u5cb8\u54ea\n\n\u6210\u70ba\u9019\u500b\u983b\u9053\u7684\u6703\u54e1\u4e26\u7372\u5f97\u734e\u52f5\uff1a\nhttps://www.youtube.com/channel/UC7XxnhjdYjiQJ3m80K_N_4g/join\n\n--------------------------------------------------------- \r\n\u4e0a\u4e00\u90e8\u5f71\u7247\u9019\u5c31\u662f\u6bba\u8c6c\u76e4\uff01\u4f60\u4ee5\u70ba\u7684\u6200\u60c5\u2026 \u537b\u53ea\u662f\u96c6\u5718\u8a2d\u5c406\u500b\u6708\u7684\u9a19\u9322\u624b\u6bb5\uff01\u3010\u597d\u68d2Bump\u3011\u3010\u8a50\u9a19\u89e3\u78bc\u3011https://youtu.be/MXg2uZuAmj8\n\r\n\r\n\u8001\u5b50\u7684IG\uff1ahttps://bit.ly/2JqmmIq\r\n\u8001\u5b50\u7684FB\uff1ahttps://bit.ly/2s3pwwb",
        "likeCount": "40148",
        "commentCount": "3129",
        "viewCount": "1943610"
    },
    "comments": [
        {
            "reply_id": "UgzpVRvugmSRLeK2N8V4AaABAg",
            "reply_content": "\u5076\u723e\u9084\u662f\u8981\u7d66\u5927\u5bb6\u770b\u4e00\u4e9b\u64ca\u5012\u8cc7\u672c\u4e3b\u7fa9\u9ad8\u7246\u7684\u6b61\u6a02\u7247\uff5e",
            "likeCount": 4917
        },
        {
            "reply_id": "UgxDkrZM9HgdXRhrEk94AaABAg",
            "reply_content": "\u5a03\u5a03\u6a5f\u5c31\u662f\u88ab\u4e00\u4e9b\u8001\u9f20\u5c4e\u5bb3\u5012\u7684",
            "likeCount": 0
        },
        {
            "reply_id": "Ugz7VnYqtbo2lixXRdp4AaABAg",
            "reply_content": "\u9019\u7a2e\u5f71\u7247\u771f\u7684\u662f\u5e0c\u671b\u66f4\u591a\u9019\u4e9b\u5c0f\u5c0f\u7684\u60e1\u771f\u7684\u662f\u592a\u591a\u4e86\ud83d\ude22",
            "likeCount": 0
        },
        {
            "reply_id": "UgyoxbIfOO92sJLsJBJ4AaABAg",
            "reply_content": "\u5927\u591a\u6578\u4eba\u90fd\u6709\u77ed\u8996\u8fd1\u5229\u7684\u8070\u660e\uff0c\u537b\u6c92\u6709\u6df1\u601d\u719f\u616e\u7684\u9060\u898b\u667a\u6167",
            "likeCount": 0
        },
        {
            "reply_id": "UgzTzZ6Ub2iAYd1RJQB4AaABAg",
            "reply_content": "\u5a03\u5a03\u6a5f\u5c31\u8981\u8521\u82f1\u6587\u7acb\u6cd5\u4fee\u6539",
            "likeCount": 0
        },
        {
            "reply_id": "Ugz7lXc3hTYh9Jzwex54AaABAg",
            "reply_content": "\u5230\u6700\u5f8c\u8d85\u7d1a\u4e0d\u723d\ud83d\ude02\u7b11\u5bb9\u6c92\u6709\u6d88\u5931\u53ea\u662f\u8dd1\u5230\u6211\u7684\u81c9\u4e0a",
            "likeCount": 0
        },
        {
            "reply_id": "UgzGfHvg_y-PkTWFL-14AaABAg",
            "reply_content": "\u88ab\u544a\u7684\u9084\u90a3\u9ebc\u7406\u6240\u7576\u7136\u614b\u5ea6",
            "likeCount": 0
        },
        {
            "reply_id": "UgyHni4mSh2u5RFhmp94AaABAg",
            "reply_content": "\u9084\u6709\u53f0\u7063\u662f\u96fb\u8a71\u8a50\u9a19\u5f88\u591a \u8b66\u67e5\u4e0d\u6293\u96fb\u4fe1\u627e\u5230\u6a5f\u623f",
            "likeCount": 0
        },
        {
            "reply_id": "UgxDLUYWFK5IQjPh0eh4AaABAg",
            "reply_content": "\u505a\u8a50\u7684\u8ddf\u4ed6\u8b1b\u9019\u9ebc\u591a\u5e79\u561b",
            "likeCount": 0
        },
        {
            "reply_id": "UgwUAnAhg_fFk0X31_54AaABAg",
            "reply_content": "\u6709\u4e9b\u53f0\u4e3b\u5c31\u662f\u9019\u6a23\u5f88\u60e1\u52a3",
            "likeCount": 0
        },
        {
            "reply_id": "Ugw5BX1BrE8gKurAmlB4AaABAg",
            "reply_content": "\u518d\u5ea6\u8b49\u660e\u4e0d\u9700\u8981\u82b1\u9322\u73a9\u9019\u7a2e\u5783\u573e\u5a03\u5a03\u6a5f",
            "likeCount": 1
        },
        {
            "reply_id": "Ugy9dMgUpuE9P-LwtL14AaABAg",
            "reply_content": "\u9019\u6a23\u7684\u6211\u5c31\u88ab\u4eba\u5bb6\u8d70\u4e86\u554a",
            "likeCount": 0
        },
        {
            "reply_id": "UgwqHVQagSDGpHYN7HF4AaABAg",
            "reply_content": "\u600e\u9ebc\u6703\u9047\u5230\u53cd\u9aa8\u7537\u5b69\u5011",
            "likeCount": 0
        },
        {
            "reply_id": "UgwNkAdNn2q3AIXv8y14AaABAg",
            "reply_content": "\u593e\u5a03\u5a03\u6a5f\u53f0\u5728\u53f0\u7063\u7684\u5f88\u591a\u7a2e\u985e",
            "likeCount": 0
        },
        {
            "reply_id": "UgwIk3MjTs2GnBcVTn14AaABAg",
            "reply_content": "\u5783\u573e\u4eba\u5427\uff0c\u5b83\u53ef\u80fd\u9019\u8f29\u5b50\u6c92\u60f3\u904e\u6703\u88ab\u6cb9\u571f\u4f2f\u7838\u9322\u593e\u5149",
            "likeCount": 0
        },
        {
            "reply_id": "UgwUmfMmlGj3w9-ePPl4AaABAg",
            "reply_content": "\u7576\u4f60\u6e05\u7a7a\u5f8c\u5c31\u6703\u767c\u73fe\u4f60\u7684\u624b\u6307\u8b8a\u9ed1\u4e86",
            "likeCount": 0
        },
        {
            "reply_id": "UgzG8KAAFnW_aHVVoGd4AaABAg",
            "reply_content": "\u4ed6\u53ef\u80fd\u9084\u6c92\u770b\u5230\u706b\u5f71\u5b8c\u7d50",
            "likeCount": 0
        },
        {
            "reply_id": "UgwBGNGLtU9rRxcEph14AaABAg",
            "reply_content": "\u600e\u4e48\u6211\u770b\u8fd9\u5bb6\u4f19\u7684\u8138\u6ca1\u4e00\u4e1d\u53cd\u7701\u7684\u6837\u5b50",
            "likeCount": 2
        },
        {
            "reply_id": "UgzUg5Xa2BjJDv0CEfp4AaABAg",
            "reply_content": "\u6295\u5e63\u6a5f\u53ef\u4ee5\u51fa\u90a3\u9ebc\u591a\u786c\u5e63\u4e5f\u662f\u883b\u5c4c\u7684",
            "likeCount": 0
        },
        {
            "reply_id": "UgwNJBTsWPjSRCPdPOp4AaABAg",
            "reply_content": "\u6839\u672c\u6c92\u6539\u53f0\u57fa\u9686\u53f0\u5317\u5230\u8655\u90fd\u9084\u6709\u4ed6\u7684\u53f0",
            "likeCount": 0
        }
    ]
}