{
    "video_info": {
        "id": "g3d3JKvDHgA",
        "channelTitle": "\u597d\u68d2Bump",
        "title": "\u6211\u7834\u89e3\u4e86\u591c\u5e02\u5f48\u73e0\u53f0\uff01\u53ea\u82b1100\u5143\u5c31\u6253\u51fa4\u842c\u584a\u7684\u5a03\u5a03\uff01\u3010\u597d\u68d2Bump\u3011",
        "description": "\u9019\u4e00\u6b21\u6211\u5e36\u8457\u5713\u5713\u53bb\u591c\u5e02\u6253\u5f48\u73e0\uff0c\u6559\u4ed6\u600e\u9ebc\u8d0f\u81ea\u5df1\u60f3\u8981\u7684\u73a9\u5177\n\n#\u7834\u89e3\u5f48\u73e0\u53f0 #\u6253\u6557\u8cc7\u672c\u4e3b\u7fa9 #\u99ac\u6876\u5835\u4f4f\u4e86\n--------------------------------------------------------- \r\n\u4e0a\u4e00\u90e8\u5f71\u7247 \u7adf\u6709\u8ced\u5834\u958b\u4f86\u8b93\u73a9\u5bb6\u8d0f\u9322\uff1f\u6211\u628a\u904e\u5e74\u7d05\u5305\u5168\u58d3\u62fc\u4e00\u628a\uff01\u3010\u597d\u68d2Bump\u3011https://youtu.be/cGA2_pB0MCI\r\n\r\n\u8001\u5b50\u7684IG\uff1ahttps://bit.ly/2JqmmIq\r\n\u8001\u5b50\u7684FB\uff1ahttps://bit.ly/2s3pwwb",
        "likeCount": "25844",
        "commentCount": "1675",
        "viewCount": "1573010"
    },
    "comments": [
        {
            "reply_id": "Ugx7c0DzEaJkbwXDTGR4AaABAg",
            "reply_content": "\u8aaa\u5be6\u5728\u62ff\u5230\u5a03\u5a03\u4e86\u6c92\u5fc5\u8981\u55c6\u4eba\u9b6f\u86c7",
            "likeCount": 1
        },
        {
            "reply_id": "UgzmCw7wutlf_O_61rd4AaABAg",
            "reply_content": "\u76f4\u63a5\u7528\u8cb7\u7684\u90fd\u4e0d\u7528\u90a3\u9ebc\u8cb4 \u6240\u4ee5\u73fe\u5728\u6839\u672c\u4e0d\u53bb\u6253\u5f48\u73e0\u53f0",
            "likeCount": 0
        },
        {
            "reply_id": "Ugz_39B_qbFXwOOe3gV4AaABAg",
            "reply_content": "\u6bcf\u6b21\u90fd\u5f88\u7fa8\u6155\u591c\u5e02\u7684\u5f48\u73e0\u53f0\uff0c\u56e0\u70ba\u76f8\u5c0d\u4f86\u8aaa\u662f\u597d\u8cfa\u53c8\u4e0d\u9700\u52de\u529b\u8ddf\u9ad8\u984d\u539f\u7269\u6599\u6210\u672c\u7684\u71df\u696d\u9805\u76ee\uff0c\u53ef\u662f\u60f3\u904e\u5be9\u6838\u662f\u5f88\u96e3\u7684\uff0c\u800c\u4e14\u4e00\u9593\u591c\u5e02\u4e5f\u4e0d\u53ef\u80fd\u6703\u63a5\u53d7\u4e00\u5806\u4eba\u90fd\u8b93\u4f60\u64fa\u5f48\u73e0\u53f0\uff0c\u7e3d\u4e4b\u4eba\u8108\u8981\u5920\u786c\u624d\u6709\u6a5f\u6703",
            "likeCount": 0
        },
        {
            "reply_id": "UgzKqpoC4Yx5TbqLiCZ4AaABAg",
            "reply_content": "\u4ee5\u524d\u6709\u4e00\u7a2e\u6703\u6389\u9322\u7684\u5f48\u73e0\u53f0\u6211\u5011\u90a3\u908a\u7684\u90a3\u4e00\u53f0\u88ab\u6211\u6e05\u7a7a\u88e1\u9762\u7684\u9322\u5169\u4e09\u6b21\u8001\u95c6\u5c31\u628a\u6a5f\u53f0\u6536\u8d77\u4f86\u4e86\u3002\ud83d\ude0a",
            "likeCount": 0
        },
        {
            "reply_id": "UgyQEAGmc_bmA4w0p3t4AaABAg",
            "reply_content": "\u6211\u8a18\u5f97\u6211\u53bb\u73a9\u7684\u90fd\u662f\u4f60\u8cb7\u5e7e\u5c40\u56fa\u5b9a\u5c31\u662f\u54ea\u500b\u5340\u57df\u7684\u73a9\u5177\u53ef\u4ee5\u9078 \u5206\u6578\u53ea\u662f\u597d\u73a9\u800c\u5df2",
            "likeCount": 0
        },
        {
            "reply_id": "UgxNiOg-xuGknD43-2J4AaABAg",
            "reply_content": "\u6211\u627e\u5230\u4e00\u500b\u9ad8\u7246\u4e86\u5357\u97d3\u8ddf\u5317\u97d3\u7684\u4ea4\u754c\u8655\u5c31\u6709\u4e00\u500b",
            "likeCount": 0
        },
        {
            "reply_id": "Ugyjkb64_-VtIydZ6j14AaABAg",
            "reply_content": "\u9019\u4e00\u96c6\u7684\u6536\u5165\u7e3d\u5171\u591a\u5c11\u5462",
            "likeCount": 0
        },
        {
            "reply_id": "UgwqCsu2Mcaxru5zNeF4AaABAg",
            "reply_content": "\u6240\u4ee5\u6211\u5f88\u8a0e\u53ad\u73a9\u5f48\u73e0\u53f0",
            "likeCount": 0
        },
        {
            "reply_id": "UgyiET4m8aj6e39Usjx4AaABAg",
            "reply_content": "\u53ef\u4ee5\u62cd\u5a03\u5a03\u6a5f\u62bd\u6d17\u8863\u7403\u55ce",
            "likeCount": 0
        },
        {
            "reply_id": "UgxrtZMy0se6AAVMUi54AaABAg",
            "reply_content": "\u6211\u6bd4\u8f03\u60f3\u770b\u8cc7\u672c\u4e3b\u7fa9\u5a03\u5a03\u585e\u4f4f\u4f60\u5bb6\u99ac\u6876",
            "likeCount": 0
        },
        {
            "reply_id": "Ugzw1rVSsWep90b8C6R4AaABAg",
            "reply_content": "\u76f4\u63a5\u82b1\u9322\u8cb7\u90a3\u500b\u5a03\u5a03\u4e0d\u662f\u6bd4\u8f03\u5feb\u55ce",
            "likeCount": 0
        },
        {
            "reply_id": "Ugzrf-9h4zY-L2HUWTt4AaABAg",
            "reply_content": "\u6211\u60f3\u77e5\u9053\u90a3\u500b\u99ac\u6876\u9084\u597d\u55ce",
            "likeCount": 0
        },
        {
            "reply_id": "Ugze-9HJldRvkAVVqPV4AaABAg",
            "reply_content": "\u6e6f\u59c6\u718a\u7684\u6a5f\u53f0\u6709\u4ec0\u9ebc\u65b9\u6cd5\u7834\u89e3\u55ce",
            "likeCount": 0
        },
        {
            "reply_id": "Ugy8_2-ppTgfKwNCw7V4AaABAg",
            "reply_content": "\u6253\u6b7b\u4e0d\u6703\u53bb\u591c\u5e02\u73a9\u9019\u4e9b\u9a19\u9322\u7684\u904a\u6232\n\u5be7\u9858\u8cb7\u5403\u7684",
            "likeCount": 0
        },
        {
            "reply_id": "Ugx6emuAxAaFAqCSilN4AaABAg",
            "reply_content": "\u6843\u5712\u82b1\u5712\u591c\u5e02\u90a3\u5bb6\u6211\u5e38\u53bb\u73a9\u6b38\u6211\u5c31\u4f4f\u5728\u9644\u8fd1",
            "likeCount": 0
        },
        {
            "reply_id": "UgynxLipDRzSEbm1OnF4AaABAg",
            "reply_content": "\u54c8\u54c8\u54c8\u9019\u96c6\u597d\u6709\u5171\u9cf4 \u5145\u6eff\u56de\u61b6\u7684\u6709\u8da3\u5c0f\u5f48\u73e0",
            "likeCount": 0
        },
        {
            "reply_id": "UgwcRITL5zPu45NIimF4AaABAg",
            "reply_content": "\u4f60\u771f\u7684\u8d85\u5c4c\uff0c\u4f46\u6211\u771f\u7684\u89ba\u5f97\u53f0\u7063\u5546\u4eba\u7684\u826f\u5fc3\u771f\u7684\u5df2\u7d93\u6bd4\u5c0d\u5cb8\u66f4\u9ed1\uff0c\u8eab\u70ba\u53f0\u4eba\u771f\u7684\u89ba\u5f97\u5f88\u4e1f\u81c9",
            "likeCount": 0
        },
        {
            "reply_id": "UgwpxTmZlicdFSxi8MJ4AaABAg",
            "reply_content": "\u6700\u8fd1\u6bcf\u5929\u770b\u4f60\u6240\u6709\u7684\u5f71\u7247\uff01\u5e0c\u671b\u53ef\u4ee5\u591a\u62cd\u4e00\u9ede",
            "likeCount": 0
        },
        {
            "reply_id": "UgyrR1d4A0hTOXHb9I94AaABAg",
            "reply_content": "\u53ef\u4ee5\u63db\u5f97\u662f\u516b\u5fb7\u8208\u4ec1\u591c\u5e02\u56e0\u70ba\u6211\u5bb6\u4f4f\u90a3\u9644\u8fd1\u770b\u5230\u5c31\u5f88\u660e\u986f\u56e0\u70ba\u5b83\u662f\u7528\u9435\u76ae\u5c4b\u53bb\u906e\u7684",
            "likeCount": 0
        },
        {
            "reply_id": "UgwvLSgAXXHxIRxN7L94AaABAg",
            "reply_content": "\u90a3\u6642\u53bb\u96fb\u5b50\u904a\u85dd\u5834\u90a3\u7a2e",
            "likeCount": 0
        }
    ]
}