{
    "video_info": {
        "id": "hhHvB4xmeUo",
        "channelTitle": "\u597d\u68d2Bump",
        "title": "3\u5e74\u4e86\uff0c\u6211\u7d42\u65bc\u80fd\u597d\u597d\u9084\u4f60\u9019\u4e00\u4efd\u60c5\u3002\u3010\u597d\u68d2Bump\u3011",
        "description": "\u7d93\u904e1\u5e74\u591a\u5feb2\u5e74\u7684\u6642\u9593\uff0c\u7d42\u65bc\u6709\u6a5f\u6703\u628a\u9019\u652f\u7247\u62cd\u51fa\u4f86\uff0c\u4e8b\u60c5\u80fd\u5920\u6709\u59cb\u6709\u7d42\u4e5f\u7b97\u662f\u80fd\u5920\u5c0d\u81ea\u5df1\u6709\u500b\u4ea4\u4ee3\u4e86\u3002\n\n#\u52a0\u76df\u51b0\u68d2\u6a5f #\u56de\u994b\u591c\u5e02\u963f\u4f2f #\u4ed6\u5c45\u7136\u6c92\u6709\u54ed\u2026\n--------------------------------------------------------- \r\n\u4e0a\u4e00\u90e8\u5f71\u7247 \u6211\u5011\u5728\u7f8e\u570b\u8ced\u5834\u88ab\u6436\u4e861000\u842c\uff01\u5c31\u7b97\u8d0f\u9322\u4e5f\u6839\u672c\u5e36\u4e0d\u8d70\u2026.\u3010\u597d\u68d2Bump\u3011https://youtu.be/2MX89FwPDts\r\n\r\n\u8001\u5b50\u7684IG\uff1ahttps://bit.ly/2JqmmIq\r\n\u8001\u5b50\u7684FB\uff1ahttps://bit.ly/2s3pwwb",
        "likeCount": "31973",
        "commentCount": "2110",
        "viewCount": "828793"
    },
    "comments": [
        {
            "reply_id": "UgwuOshsITivwEGN94V4AaABAg",
            "reply_content": "\u6211\u4e5f\u652f\u6301\u4f60\u7684\u52f5\u5fd7\u6545\u4e8b",
            "likeCount": 0
        },
        {
            "reply_id": "Ugy8siwbrjaaJUcQqx54AaABAg",
            "reply_content": "\u6211\u6709\u53bb\u5403\u6b38\u51b0\u68d2\u5f88\u597d\u5403",
            "likeCount": 0
        },
        {
            "reply_id": "UgxFzbEZTpjwpgFcKZ54AaABAg",
            "reply_content": "\u9019\u662f\u4e00\u96c6\u53ea\u6709\u963f\u5317\u6c92\u54ed\u7684\u5f71\u7247",
            "likeCount": 0
        },
        {
            "reply_id": "UgwPHKjY3jVOC5yzT-B4AaABAg",
            "reply_content": "\u4eba\u751f\u4e2d\u53ef\u4ee5\u9047\u5230\u81ea\u5df1\u7684\u8d35\u4eba\u6307\u8def\u771f\u7684\u4e0d\u5bb9\u6613\n\u80fd\u5728\u81ea\u5df1\u7684\u4e16\u754c\u4e2d\u6e05\u9192\u662f\u4e00\u4ef6\u5f88\u56f0\u96be\u7684\u4e8b",
            "likeCount": 0
        },
        {
            "reply_id": "UgzO6zDSSZOio4rNqVV4AaABAg",
            "reply_content": "\u96ea\u4e2d\u9001\u70ad\u90fd\u662f\u6700\u8b93\u4eba\u611f\u52d5\u7684",
            "likeCount": 0
        },
        {
            "reply_id": "UgxiuuV_cN-eJeoRaKh4AaABAg",
            "reply_content": "\u963f\u4f2f\u7684\u614b\u5ea6\u6211\u4e5f\u5f88\u611f\u52d5 \u5c0d\u65bc\u4f4e\u8c37\u4e5f\u662f\u71b1\u5fc3\u60f3\u505a\u516c\u76ca",
            "likeCount": 0
        },
        {
            "reply_id": "UgwFkuWiNs6X6jM1lBR4AaABAg",
            "reply_content": "\u6c92\u932f\u554a\u6211\u90fd\u662f\u51ac\u5929\u5403\u51b0",
            "likeCount": 0
        },
        {
            "reply_id": "UgxGqOwa5ALe7xBRnCJ4AaABAg",
            "reply_content": "\u73b0\u5728\u4e5f\u662f\u6211\u6700\u4f4e\u843d\u65f6\u5019\u770b\u5230\u4f60\u7684\u89c6\u5c4f\uff0c\u8c22\u8c22\u4f60",
            "likeCount": 0
        },
        {
            "reply_id": "UgyLkljwhxzZZvRNCzl4AaABAg",
            "reply_content": "\u4f60\u7684\u5f71\u7247\u78ba\u5be6\u90fd\u662f\u5f88\u6b63\u80fd\u91cf\u7684\u800c\u4e14\u5f88\u591a\u8b66\u60d5\u6d89\u4e16\u672a\u6df1\u7684\u5e74\u8f15\u4eba\u907f\u514d\u88ab\u9a19,\u6211\u5feb50\u4e86\u90fd\u5f88\u9a5a\u8a1d\u4f60\u9019\u9ebc\u5e74\u8f15\u600e\u9ebc\u4eba\u751f\u8ddf\u793e\u6703\u6b77\u7df4\u6703\u9019\u9ebc\u8c50\u5bcc",
            "likeCount": 0
        },
        {
            "reply_id": "Ugz7fJl_Euy8l3aah6J4AaABAg",
            "reply_content": "\u5e79\u6211\u770b\u5230\u5c01\u9762\u4ee5\u70ba\u662f\u4f59\u5929",
            "likeCount": 0
        },
        {
            "reply_id": "UgwSZgtPJyfANSbj32J4AaABAg",
            "reply_content": "\u4eba\u9593\u8655\u8655\u6709\u6eab\u60c5 \u61c2\u5f97\u611f\u6069\u7684\u4eba\u662f\u4e16\u754c\u4e0a\u6700\u5e78\u798f\u7684\u4eba",
            "likeCount": 0
        },
        {
            "reply_id": "UgwITBFrWWk-4xKWpSp4AaABAg",
            "reply_content": "\u9019\u5c31\u662f\u4f60\u7238\u7238\u5728\u5929\u4e4b\u9748 \u5e0c\u671b\u4f60\u5e36\u5f88\u591a\u6b63\u80fd\u91cf\u7d66\u9019\u500b\u4e16\u754c",
            "likeCount": 0
        },
        {
            "reply_id": "Ugxdhtq2xP4jYdyoPut4AaABAg",
            "reply_content": "\u8b1d\u8b1d\u4f60\u4e00\u76f4\u50b3\u905e\u7684\u826f\u5584\uff0c\u8b1d\u8b1d\u4f60\u8b93\u4e16\u754c\u66f4\u7f8e\u597d",
            "likeCount": 0
        },
        {
            "reply_id": "UgycuCknrrcn2N68aIt4AaABAg",
            "reply_content": "\u73fe\u5728\u6b63\u80fd\u91cf\u5728\u5f8c\u534a\u6bb5\u653e\u6b4c\u7684\u6642\u5019",
            "likeCount": 0
        },
        {
            "reply_id": "UgxF6ipRA3r5_yHddC14AaABAg",
            "reply_content": "\u6211\u73fe\u5728\u4e5f\u8655\u65bc\u4e00\u500b\u4f4e\u6f6e\u671f\u770b\u5230\u4f60\u7684\u5f71\u7247\u6211\u4e5f\u5e0c\u671b\u6211\u80fd\u597d\u5feb\u9ede\uff0c\u8b93\u81ea\u5df1\u5c0d\u672a\u4f86\u5145\u6eff\u5e0c\u671b",
            "likeCount": 0
        },
        {
            "reply_id": "Ugw518M6CQ4E7-h41b94AaABAg",
            "reply_content": "\u677f\u6a4b\u7684\u74b0\u7403\u653e\u5728\u90a3\u88cf\u662f\u64fa\u8457\u597d\u770b\u7684\n\u53ef\u4ee5\u8a66\u8a66\u653e\u5728\u4e2d\u548c\u74b0\u7403",
            "likeCount": 0
        },
        {
            "reply_id": "Ugxnh123xvWXuCtrDEx4AaABAg",
            "reply_content": "\u7b2c\u4e00\u6b21\u770b\u4f60\u7684\u5f71\u7247\u770b\u5230\u773c\u89d2\u6cdb\u6dda\u662f\u6b63\u5e38\u7684\u55ce",
            "likeCount": 0
        },
        {
            "reply_id": "Ugw_l0Z-IIKGNyqPW0J4AaABAg",
            "reply_content": "\u6211\u4e5f\u6709\u5728\u52d5\u7269\u5712\u8cb7\u51b0\u68d2\u6a5f\u7684\u51b0\u8036",
            "likeCount": 0
        },
        {
            "reply_id": "UgzQu_n38b2SiVDt0Xl4AaABAg",
            "reply_content": "\u4eba\u751f\u5c31\u662f\u5225\u4eba\u9700\u8981\u7684\u5e6b\u52a9\u80fd\u4f38\u51fa\u624b",
            "likeCount": 0
        },
        {
            "reply_id": "UgxtWRblMJAAKqDNQJR4AaABAg",
            "reply_content": "\u4eba\u751f\u5c31\u662f\u5225\u4eba\u9700\u8981\u7684\u5e6b\u52a9\u80fd\u4f38\u51fa\u624b",
            "likeCount": 0
        }
    ]
}