{
    "video_info": {
        "id": "OTnchXhRqRA",
        "channelTitle": "\u597d\u68d2Bump",
        "title": "\u7dec\u7538\u6551\u63f4\uff01\u4e0a\u767e\u4f4d\u500b\u6848\u537b\u53ea\u6551\u56de13\u4eba\u2026 \u8a50\u9a19\u5712\u5340\u6536\u9322\u537b\u6495\u7968\uff01 \u3010\u597d\u68d2Bump\u3011\u3010\u67ec\u57d4\u5be8\u5f8c\u7e8c\u3011",
        "description": "\u81ea\u5f9e\u67ec\u57d4\u5be8\u4e8b\u4ef6\u4e4b\u5f8c\uff0c\u6211\u4e00\u76f4\u6c92\u6709\u6a5f\u6703\u8ddf\u5927\u5bb6\u597d\u597d\u89e3\u91cb\u6240\u6709\u7684\u72c0\u6cc1\uff0c\u4eca\u5929\u9019\u90e8\u7247\uff0c\u4f86\u8ddf\u5927\u5bb6\u4e00\u6b21\u4ea4\u4ee3\u6e05\u695a\u5427\u3002\n\n#\u7dec\u7538\u6551\u63f4 #\u67ec\u57d4\u5be8\u5f8c\u7e8c\n#\u9023\u8eab\u5fc3\u969c\u7919\u8005\u90fd\u662f\u88ab\u4e0b\u624b\u7684\u5c0d\u8c61\n\n\u6210\u70ba\u9019\u500b\u983b\u9053\u7684\u6703\u54e1\u4e26\u7372\u5f97\u734e\u52f5\uff1a\nhttps://www.youtube.com/channel/UC7XxnhjdYjiQJ3m80K_N_4g/join\n--------------------------------------------------------- \n\u4e0a\u4e00\u90e8\u5f71\u7247 \u5976\u5976\u7684\u73cd\u73e0\u7adf\u50f9\u503c200\u842c\uff01\u62ff\u53bb\u73e0\u5bf6\u9451\u9a57\u771f\u5047\uff1f\uff01\u3010\u597d\u68d2Bump\u3011\u3010\u907a\u7269\u934a\u91d1\u8853\u3011https://youtu.be/zAiWcK3KKg0\n\n\u8001\u5b50\u7684IG\uff1ahttps://bit.ly/2JqmmIq\n\u8001\u5b50\u7684FB\uff1ahttps://bit.ly/2s3pwwb",
        "likeCount": "82668",
        "commentCount": "6019",
        "viewCount": "2114469"
    },
    "comments": [
        {
            "reply_id": "UgzgB-PY_0tbqci2ZMF4AaABAg",
            "reply_content": "\u4f60\u4e0d\u662f\u6551\u4eba\u4f60\u5728\u5bb3\u4eba\uff0c\u56e0\u70ba\u4f60\u66f4\u591a\u7dec\u7538\u4eba\u8ddf\u67ec\u57d4\u5be8\u4eba\u5bb6\u7834\u4eba\u4ea1",
            "likeCount": 0
        },
        {
            "reply_id": "Ugzm8BtDnf0Zju8XlyB4AaABAg",
            "reply_content": "\u6211\u65e9\u6cc4\u7684\u9322\u61c9\u8a72\u7d66\u4f60\u9818",
            "likeCount": 0
        },
        {
            "reply_id": "UgwOilhK2gE1ssPGVqV4AaABAg",
            "reply_content": "\u516c\u5fb7\u7121\u91cf\u611f\u8b1d\u9084\u597d\u6709\u4f60\u5011\u9019\u7fa4\u4eba",
            "likeCount": 0
        },
        {
            "reply_id": "UgwYAh7PHa18vNlo6TF4AaABAg",
            "reply_content": "\u611f\u8b1d\u53ef\u4ee5\u5e6b\u5fd9\u6551\u51fa\u9019\u4e9b\u4eba",
            "likeCount": 0
        },
        {
            "reply_id": "UgzigcEiFTfyoteDWW94AaABAg",
            "reply_content": "\u4f60\u628a\u4f60\u7684\u6551\u63f4\u8ba1\u5212\u5b8c\u5b8c\u6574\u6574\u7684\u653e\u5728\u7f51\u4e0a\u662f\u60f3\u8ba9\u8bc8\u9a97\u96c6\u56e2\u77e5\u9053\u4f60\u4eec\u662f\u600e\u6837\u6551\u4eba\u7684\u5417",
            "likeCount": 0
        },
        {
            "reply_id": "Ugw_XW_T1Sikimh90Mx4AaABAg",
            "reply_content": "\u5927\u5bb6\u8981\u4e0d\u8981\u7ec4\u56e2\u53bb\u7f05\u7538\u4ee3\u8d2d",
            "likeCount": 0
        },
        {
            "reply_id": "Ugyf6GqbAUZPQD2nk_h4AaABAg",
            "reply_content": "\u5c31\u53ea\u6709\u6211\u5011\u81ea\u5df1\u570b\u5bb6\u7684\u653f\u5e9c\u7121\u4f5c\u70ba\uff0c\u9084\u907f\u91cd\u6551\u6e05",
            "likeCount": 0
        },
        {
            "reply_id": "Ugwr74m4VgtYHYOrGmp4AaABAg",
            "reply_content": "\u628a\u9019\u4e9b\u5730\u65b9\u6241\u5e73\u5c31\u662f \u4ed6\u59b9\u59b9\u7684\u4ee5\u70ba\u4eba\u597d\u6b3a\u8ca0",
            "likeCount": 0
        },
        {
            "reply_id": "UgzgVXBLewV8eZzUa_R4AaABAg",
            "reply_content": "\u5f88\u611f\u52d5\u73fe\u5728\u9084\u6709\u9019\u9ebc\u597d\u7684\u4eba",
            "likeCount": 0
        },
        {
            "reply_id": "Ugzbb2yYYio99KwJq4p4AaABAg",
            "reply_content": "\u7d62\u7538\u88ab\u6293\u7684\u4eba\u592a\u53ef\u6190\u88ab\u96fb\u64ca",
            "likeCount": 0
        },
        {
            "reply_id": "UgzfbGefhu_pQs0NayZ4AaABAg",
            "reply_content": "\u4f60\u5011\u771f\u7684\u6bd4\u53f0\u7063\u653f\u5e9c\u9084\u8981\u4f86\u5f97\u7a4d\u6975",
            "likeCount": 1
        },
        {
            "reply_id": "UgwCYUySrxRZdfQpwQ94AaABAg",
            "reply_content": "\u600e\u9ebc\u4f60\u4e0d\u544a\u8a34\u653f\u5e9c\u4f60\u662f\u600e\u9ebc\u6551\u4eba\u7684\uff1f\u96e3\u9053\u4ed6\u5011\u662f\u58de\u7684\u55ce",
            "likeCount": 0
        },
        {
            "reply_id": "Ugwm_SeVwvobbXhmdtl4AaABAg",
            "reply_content": "\u6240\u4ee5\u9019\u500b\u5854\u7da0\u73ed\u653f\u5e9c\u5c31\u662f\u6700\u5927\u7684\u8a50\u9a19\u96c6\u5718",
            "likeCount": 0
        },
        {
            "reply_id": "UgxIpax3NQWj0T4ziht4AaABAg",
            "reply_content": "\u6211\u4eec\u4e2d\u56fd\u8b66\u5bdf\u4e3a\u4ec0\u4e48\u8ba9\u4ed6\u4eec\u81ea\u9996\uff0c\u800c\u4e0d\u662f\u53bb\u6551\u63f4",
            "likeCount": 0
        },
        {
            "reply_id": "UgxTnw-PR0fAAPCa2XV4AaABAg",
            "reply_content": "\u6c11\u8fdb\u515a\u653f\u5e9c\u771f\u662f\u6709\u591f\u70c2\uff0c\u81ea\u5df1\u6ca1\u672c\u4e8b\u5c31\u4eba\u8fd8\u8981\u5bf9\u80fd\u6551\u4eba\u7684\u4eba\u8fdb\u884c\u4eba\u8eab\u653b\u51fb",
            "likeCount": 0
        },
        {
            "reply_id": "Ugz6RTXykTt-Pp3virZ4AaABAg",
            "reply_content": "\u770b\u770b\u9019\u6b21\u975c\u5b9c\u7684\u5973\u5927\u751f\u9019\u4e9b\u88ab\u9a19\u53bb\u7dec\u5317\u7684\u767d\u7661\u6709\u5fc5\u8981\u6d6a\u8cbb\u4eba\u529b\u7269\u529b\u53bb\u6551\u55ce",
            "likeCount": 1
        },
        {
            "reply_id": "UgwV8KweLIsGf9TE_wZ4AaABAg",
            "reply_content": "\u6211\u9084\u662f\u5e0c\u671b\u4f60\u6ce8\u610f\u5b89\u5168",
            "likeCount": 1
        },
        {
            "reply_id": "UgxNQnqY4tE-MuUwQ7V4AaABAg",
            "reply_content": "\u4f60\u8ba9\u5f88\u591a\u6fd2\u4e34\u7834\u706d\u7684\u5bb6\u5ead\u53c8\u91cd\u65b0\u627e\u5230\u5e0c\u671b\uff0c\u611f\u6069\u6709\u4f60",
            "likeCount": 1
        },
        {
            "reply_id": "Ugw68x7dN9zcbWkjZHx4AaABAg",
            "reply_content": "\u5e0c\u671b\u4e0d\u8981\u518d\u6709\u4eba\u88ab\u9a19\u4e86",
            "likeCount": 1
        },
        {
            "reply_id": "UgwbPUygrtKQuGCvlhJ4AaABAg",
            "reply_content": "\u8abf\u67e5\u5c40\u6703\u6253\u96fb\u8a71\u7d66\u6c11\u773e\u55ce\uff0c\u6211\u600e\u9ebc\u8a18\u5f97\u570b\u5bb6\u6a5f\u69cb\u5982\u679c\u6709\u4e8b\u6703\u4ee5\u66f8\u9762\u901a\u77e5\u70ba\u4e3b",
            "likeCount": 1
        }
    ]
}