{
    "video_info": {
        "id": "W9jT2N2auCY",
        "channelTitle": "\u597d\u68d2Bump",
        "title": "\u6176\u795d\u767e\u842c\u8a02\u95b1\u642c\u65b0\u5bb6\uff01\u628a\u73cd\u5947\u6536\u85cf\u5168\u62ff\u51fa\u4f86\u62cd\u8ce3\uff01\u3010\u597d\u68d2Bump\u3011\u3010\u62cd\u8ce3\u934a\u91d1\u8853\u3011",
        "description": "\u6211\u8981\u642c\u5bb6\u4e86\uff01 \u628a\u6536\u85cf\u5df2\u4e45\u7684\u73a9\u5177\u3001\u50a2\u4ff1\u90fd\u62ff\u51fa\u4f86\u5927\u51fa\u6e05\uff01\n\n#\u642c\u5bb6\u934a\u91d1 #\u4f4e\u50f9\u7af6\u6a19 #\u4ee5\u5f8c\u90fd\u6c92\u6709\u9019\u500b\u5ec1\u6240\u4e86\n--------------------------------------------------------- \r\n\u4e0a\u4e00\u90e8\u5f71\u7247 \u7dec\u7538\u6551\u63f4\uff01\u4e0a\u767e\u4f4d\u500b\u6848\u537b\u53ea\u6551\u56de13\u4eba\u2026 \u8a50\u9a19\u5712\u5340\u6536\u9322\u537b\u6495\u7968\uff01 \u3010\u597d\u68d2Bump\u3011\u3010\u67ec\u57d4\u5be8\u5f8c\u7e8c\u3011https://youtu.be/OTnchXhRqRA\r\n\r\n\u8001\u5b50\u7684IG\uff1ahttps://bit.ly/2JqmmIq\r\n\u8001\u5b50\u7684FB\uff1ahttps://bit.ly/2s3pwwb",
        "likeCount": "20173",
        "commentCount": "1020",
        "viewCount": "899037"
    },
    "comments": [
        {
            "reply_id": "Ugyas5mWlgP9WhYLv_Z4AaABAg",
            "reply_content": "\u70ba\u4ec0\u9ebc\u8981\u8ce3\u6389\u767e\u842c\u8a02\u95b1\u7684\u734e\u724c\u90a3\u500b\u5f88\u73cd\u8cb4\uff0c\u9322\u4e5f\u8cb7\u4e0d\u5230\u6b38",
            "likeCount": 1
        },
        {
            "reply_id": "UgzwXQz_NETHGB4X6ZN4AaABAg",
            "reply_content": "\u5167\u8863\u8ddf\u501f\u7684\u6771\u897f\u62ff\u4f86\u7af6\u6a19\u662f\u5728\u55e8",
            "likeCount": 1
        },
        {
            "reply_id": "UgzYqo4rMLAmlvYDEf14AaABAg",
            "reply_content": "\u767e\u4e07\u8ba2\u9605\u5956\u724c\u90fd\u8981\u5356\u5417",
            "likeCount": 0
        },
        {
            "reply_id": "UgzRCT1-vnK59ScEJNd4AaABAg",
            "reply_content": "\u5c31\u8ddf\u6211\u6253\u5f00\u624b\u673a\u6d4f\u89c8\u6dd8\u5b9d\u6216\u8005\u62fc\u591a\u591a\u7684\u65f6\u5019\u770b\u89c1\u4ef7\u683c\u4fbf\u5b9c\u6211\u5176\u5b9e\u4e5f\u4e0d\u77e5\u9053\u6211\u81ea\u5df1\u5230\u5e95\u9700\u8981\u7528\u4e0d\u7528\uff0c\u4f46\u662f\u5b83\u771f\u7684\u597d\u4fbf\u5b9c\uff0c\u6dd8\u7279\u4e00\u5757\u94b1\u7684\u4e1c\u897f\u4e70\u4e09\u4e2a\u5c31\u662f\u4e09\u5757\u94b1\u8fd8\u5305\u90ae\uff0c\u7136\u540e\u662f\u95f2\u9c7c\u4e8c\u624b\uff0c\u6700\u540e\u5c31\u662f\u90a3\u4e9b\u98df\u54c1\u771f\u7684\u4fbf\u5b9c\u554a\u6211\u53d7\u4e0d\u4e86\u8bf1\u60d1\u5c31\u4e70\u4e86\uff0c\u5bb6\u91cc\u4e70\u4e86\u4e00\u5806\u6ca1\u6709\u7528\u7684\u4e1c\u897f\u5c0f\u7684\u4e00\u5757\u94b1\u5230\u8d35\u7684\u51e0\u5341\u5757\u3002",
            "likeCount": 0
        },
        {
            "reply_id": "Ugzm0x8h98pnnGGXmyF4AaABAg",
            "reply_content": "\u7b2c\u4e00\u500b\u5bb6\u7e3d\u662f\u5145\u6eff\u7121\u6578\u56de\u61b6",
            "likeCount": 0
        },
        {
            "reply_id": "UgzZdGeXWK0N4ggj29l4AaABAg",
            "reply_content": "\u61c9\u8a72\u8981\u8ce3\u80fd\u5728\u5ec1\u6240\u62cd\u7167\u7684\u6a5f\u6703",
            "likeCount": 0
        },
        {
            "reply_id": "UgwtAUiKiiSlfBGEqXB4AaABAg",
            "reply_content": "\u6240\u4ee5\u7f8e\u9e97\u671b\u90a3\u662f\u4e0d\u662f\u59b3\u59b9",
            "likeCount": 0
        },
        {
            "reply_id": "UgzzfKG1vB1rO2CeSHV4AaABAg",
            "reply_content": "\u4f60\u61c9\u8a72\u662f\u7b2c\u4e00\u500b\u62cd\u7db2\u7d05\u5de5\u4f5c\u5ba4\u7528\u54c1\u62cd\u8ce3\u7684\u7b2c\u4e00\u4eba\n\u679c\u7136\u5c31\u662f\u7149\u91d1\u8853\u9f3b\u7956\n\u5c24\u5176\u662f\u90a3\u6bb5\u62cd\u8ce3\u767e\u842c\u8a02\u95b1\u7684\u734e\u724c\u90a3\u6bb5\u771f\u7684\u662f\u5de6\u773c\u770b\u5de6\u908a\u53f3\u773c\u770b\u53f3\u908a\u554a\n\u770b\u5f97\u5f88\u958b\u5440",
            "likeCount": 5
        },
        {
            "reply_id": "UgxUkkrW90I6JADh7Ix4AaABAg",
            "reply_content": "\u6211\u6068\u6492\u65e6\u90aa\u6559\u539f\u4f86\u4f60\u5df2\u7d93\u52a0\u5165\u4e86",
            "likeCount": 1
        },
        {
            "reply_id": "UgxgtFH4Duoz2XtoFLx4AaABAg",
            "reply_content": "\u4e26\u6c92\u6709\u642c\u5bb6\u53ea\u662f\u623f\u5b50\u91cd\u65b0\u88dd\u6f62\u4e86",
            "likeCount": 0
        },
        {
            "reply_id": "UgwwqBnNY_Crkgfv_oh4AaABAg",
            "reply_content": "\u54c7\u9760\u767e\u842c\u734e\u724c\u4e5f\u62ff\u51fa\u4f86",
            "likeCount": 0
        },
        {
            "reply_id": "UgzcgemPhj5mjb_OsqB4AaABAg",
            "reply_content": "\u7528\u5fc3\u505a\u4e00\u4ef6\u5c0d\u7684\u4e8b\u60c5\u597d\u6bd4\u5507\u69cd\u820c\u6230\u7d1b\u7d1b\u64fe\u64fe\uff0c\u6211\u592a\u611b\u4f60\u9019\u6a23\u6709\u5fc3\u8df3\u7684\u5c0f\u8cc0\u4e86",
            "likeCount": 0
        },
        {
            "reply_id": "UgwKZ8ZktEvaz82LCf94AaABAg",
            "reply_content": "\u4e0d\u53ef\u80fd\u53ea\u662f\u642c\u5230\u9694\u58c1\u9593\u5427",
            "likeCount": 0
        },
        {
            "reply_id": "UgxnrO0LtYsWCjitOs94AaABAg",
            "reply_content": "\u5ba2\u5ef3\u90a3\u5806\u8c6c\u73a9\u5076\u6c92\u6709\u62cd\u8ce3\u55ce",
            "likeCount": 0
        },
        {
            "reply_id": "UgxHEN0roSN4dT5KVcp4AaABAg",
            "reply_content": "\u6700\u61f7\u5ff5\u7684\u9084\u662f\u6bcf\u6b21\u6700\u5f8c\u5728\u5ec1\u6240\u7684\u611f\u6027\u6642\u9593",
            "likeCount": 0
        },
        {
            "reply_id": "UgwtlJVoiFB-DEKtLWV4AaABAg",
            "reply_content": "\u4f60\u662f\u4e0d\u5b5d\u5b50\u62ff\u4f60\u6b7b\u53bb\u7684\u7238\u7238\u4f86\u535a\u53d6\u540c\u60c5",
            "likeCount": 0
        },
        {
            "reply_id": "UgzMuwCPRyEa5CXErUd4AaABAg",
            "reply_content": "\u4e0d\u8981\u62ff\u4f60\u6b7b\u53bb\u7684\u7238\u7238\u4f86\u535a\u53d6\u540c\u60c5\u963f",
            "likeCount": 0
        },
        {
            "reply_id": "Ugw6HVVdnHFwno86Flt4AaABAg",
            "reply_content": "\u59b9\u5b50\u7247\u6bb5\u8981\u591a\u9ede\u93e1\u982d\u963f",
            "likeCount": 0
        },
        {
            "reply_id": "UgwCwF0SLGfoM52ZieR4AaABAg",
            "reply_content": "\u611f\u89ba\u505a\u62cd\u8ce3\u8d85\u6709\u524d\u9014\uff0c\u53ef\u4ee5\u5617\u8a66\u5e6b\u4eba\u62cd\u8ce3\u6771\u897f\u8cfa\u904e\u7a0b\u8cbb",
            "likeCount": 0
        },
        {
            "reply_id": "Ugw4F0gVWRzIrq1nirR4AaABAg",
            "reply_content": "\u5370\u8c61\u6700\u6df1\u523b\u7684\u7576\u7136\u662f\u864e\u982d\u8702\u90a3\u4e00\u96c6\u7684\u7345\u5b50\u6b4c\u6b4c\u554a\uff01\u8d85\u597d\u7b11",
            "likeCount": 0
        }
    ]
}