{
    "video_info": {
        "id": "yKAnhCSC4rQ",
        "channelTitle": "\u597d\u68d2Bump",
        "title": "\u6211\u53bb\u5831\u5ee2\u5834\u6536\u96f6\u4ef6\uff01\u53ea\u75285\u842c\u5c31\u7d44\u51fa\u4e00\u53f0\u6c2e\u6c23\u5674\u5c04\u8eca\uff01\u3010\u597d\u68d2Bump\u3011",
        "description": "\u50cf\u6211\u9019\u7a2e\u7aae\u5c0f\u5b69\uff0c\u6c92\u6709\u628a\u62d4\u8cb7\u4e00\u53f0\u6cd5\u62c9\u5229\u7d66\u6211\uff0c\u53ea\u80fd\u7528\u9019\u7a2e\u65b9\u5f0f\u73a9\u8eca\u4e86\u3002\n\n#\u81ea\u5df1\u7d44\u8dd1\u8eca #\u5831\u5ee2\u8eca\u8cb7\u8ce3 #\u6c2e\u6c23\u5674\u5c04\u8eca\n--------------------------------------------------------- \n\u4e0a\u4e00\u90e8\u5f71\u7247 \u6211\u7528\u6578\u5b78\u628a\u201d\u767e\u5bb6\u6a02\u201d\u7834\u89e3\u4e86\uff01\u9760\u5718\u968a\u91cf\u5316\u5927\u8d0f150\u842c\uff01\u3010\u597d\u68d2Bump\u3011\u3010\u512a\u52e2\u73a9\u5bb6\u3011https://youtu.be/7QW7iB3IQzA\n\n\u8001\u5b50\u7684IG\uff1ahttps://bit.ly/2JqmmIq\n\u8001\u5b50\u7684FB\uff1ahttps://bit.ly/2s3pwwb",
        "likeCount": "20291",
        "commentCount": "922",
        "viewCount": "1122258"
    },
    "comments": [
        {
            "reply_id": "UgzUFFlAr1TkOP5jfT14AaABAg",
            "reply_content": "\u9019\u500b\u7d50\u5c3e\u5f69\u5e36\u6bd4\u6f2b\u5a01\u96fb\u5f71\u9084\u7cbe\u5f69",
            "likeCount": 1
        },
        {
            "reply_id": "UgyjlINj2Ddu8u1Jrt54AaABAg",
            "reply_content": "\u6240\u4ee5\u4f60\u771f\u7684\u649e\u6b7b\u5169\u500b\u4eba\u5594",
            "likeCount": 0
        },
        {
            "reply_id": "Ugw3XLaMHoCot2sYOdh4AaABAg",
            "reply_content": "\u4f60\u7684\u5f71\u7247\u984c\u6750\u771f\u7684\u90fd\u8d85\u9177",
            "likeCount": 0
        },
        {
            "reply_id": "UgxJpXcqoclTZBTKcYx4AaABAg",
            "reply_content": "\u60f3\u770b\u4f60\u5011\u505a\u8d85\u8dd1\u4e8b\u6545\u8eca\u7ffb\u65b0",
            "likeCount": 0
        },
        {
            "reply_id": "UgzIE-6S1SiF40RX86l4AaABAg",
            "reply_content": "\u649e\u6b7b\u5169\u500b\u4eba\u53eb\u9084\u597d\u4f60\u8aaa\u8a71\u6709\u554f\u984c",
            "likeCount": 0
        },
        {
            "reply_id": "UgzkYh7uh7Mg9n0ZnUN4AaABAg",
            "reply_content": "\u6211\u6700\u611b\u770b\u963f\u6148\u7684\u983b\u9053\u4e86",
            "likeCount": 0
        },
        {
            "reply_id": "UgyXMUuzlxlbM6PoCKF4AaABAg",
            "reply_content": "\u7528\u9152\u99d5\u649e\u6b7b\u4eba\u4e00\u9ede\u4e5f\u4e0d\u597d\u7b11",
            "likeCount": 0
        },
        {
            "reply_id": "Ugz4tLX0LoTZecQrYfl4AaABAg",
            "reply_content": "\u592a\u53b2\u5bb3\u4e86\u9019\u6a23\u6536\u8cfc\u8eca\u9084\u6709\u9322\u8cfa",
            "likeCount": 0
        },
        {
            "reply_id": "Ugw1sIVvKDsNatKDknF4AaABAg",
            "reply_content": "\u90a3\u500b\u8cfd\u8eca\u5834\u5728\u6843\u5712\u7684\u6c38\u5b89\u6f01\u6e2f\u65c1\u908a",
            "likeCount": 0
        },
        {
            "reply_id": "UgzEx3qQVPqRTohb5aN4AaABAg",
            "reply_content": "\u9084\u662f\u5225\u628a\u9152\u99d5\u649e\u6b7b\u4eba\u9019\u7a2e\u4e8b\u62ff\u4f86\u958b\u73a9\u7b11\u6216\u662f\u4f5c\u6897\u6bd4\u8f03\u597d",
            "likeCount": 0
        },
        {
            "reply_id": "UgxbI1_nA78--CwQUml4AaABAg",
            "reply_content": "\u6709\u9ede\u50cf\u92fc\u9435\u64c2\u53f0\u7684\u5287\u60c5\u53ea\u662f\u4e0d\u662f\u7236\u5b50",
            "likeCount": 0
        },
        {
            "reply_id": "UgzHWisJFsLxIgK6lrh4AaABAg",
            "reply_content": "\u525b\u770b\u4e00\u4e0b\u5403\u4fbf\u7576\u6642\u6700\u5e25\u9084\u662f\u8a8d\u771f\u7684\u7537\u4eba\u6700\u7f8e\uff01",
            "likeCount": 0
        },
        {
            "reply_id": "Ugzp7sijD6smFe6d-kl4AaABAg",
            "reply_content": "\u5403\u51b0\u6dc7\u6dcb\u7684\u8868\u60c5\u597d\u7d93\u5178",
            "likeCount": 0
        },
        {
            "reply_id": "UgxZK3wWez2823NpqjN4AaABAg",
            "reply_content": "\u7d44\u8eca\u90a3\u500b\u93e1\u4f4d\u771f\u7684\u662f\u9a5a\u5446\u4e86",
            "likeCount": 1
        },
        {
            "reply_id": "UgydFtKG7Cy6MkXug1t4AaABAg",
            "reply_content": "\u611f\u89ba\u958b\u5834\u7684\u5f15\u8a00\u4e0d\u592a\u6070\u7576",
            "likeCount": 0
        },
        {
            "reply_id": "Ugyfd8O4hhr3iZfyP4N4AaABAg",
            "reply_content": "\u5a92\u9ad4\u7b49\u7b49\u5c31\u622a\u524d\u9762\u90a3\u6bb5\u62b9\u9ed1",
            "likeCount": 3
        },
        {
            "reply_id": "UgxpD5hiqLdlkceIts94AaABAg",
            "reply_content": "\u5403\u51b0\u6dc7\u6dcb\u90a3\u88e1\u5feb\u8981\u7b11\u6b7b",
            "likeCount": 0
        },
        {
            "reply_id": "UgzUWwlffDYgH-x7jAV4AaABAg",
            "reply_content": "\u592a\u5c4c\u4e86\u54c8\u54c8\u54c8\u54c8\u597d\u559c\u6b61",
            "likeCount": 0
        },
        {
            "reply_id": "Ugy59zB1QuIEeMLUdN54AaABAg",
            "reply_content": "\u6211\u5011\u5bb6\u516c\u53f8\u4e5f\u5e38\u5e38\u53bb\u77f3\u8c79\u6536\u5e95\u76e4\u96f6\u4ef6\u4f86\u7ffb\u4fee \u53ef\u60dc\u6c92\u9047\u5230",
            "likeCount": 9
        },
        {
            "reply_id": "UgwGCdS03NOMvChSc714AaABAg",
            "reply_content": "\u4e0b\u6b21\u62cd\u4e00\u500b\u5c01\u9589\u9053\u8def\u6e2c\u8a66\u9152\u99d5\u662f\u4ec0\u9ebc\u611f\u89ba\u5982\u4f55",
            "likeCount": 1
        }
    ]
}