{
    "video_info": {
        "id": "zAiWcK3KKg0",
        "channelTitle": "\u597d\u68d2Bump",
        "title": "\u5976\u5976\u7684\u73cd\u73e0\u7adf\u50f9\u503c200\u842c\uff01\u62ff\u53bb\u73e0\u5bf6\u9451\u9a57\u771f\u5047\uff1f\uff01\u3010\u597d\u68d2Bump\u3011\u3010\u907a\u7269\u934a\u91d1\u8853\u3011",
        "description": "\u90a3\u4e00\u5929\u6211\u767c\u73fe\u5976\u5976\u7684\u907a\u7269\u7bb1\u88e1\u6709\u4e00\u9846\u8d85\u5927\u7684\u73cd\u73e0\uff0c\u62ff\u53bb\u5bf6\u77f3\u9451\u5b9a\u6240\u4e4b\u5f8c\uff0c\u767c\u73fe\u662f\u4e00\u9846\u5168\u4e16\u754c\u53ea\u6709200\u9846\u7684\u8d85\u7f55\u898b\u706b\u7d0b\u73cd\u73e0\uff01 \u6240\u4ee5\u6211\u6c7a\u5b9a\u4e86\u2026.\n\n#\u5976\u5976\u907a\u7269 #\u706b\u7d0b\u73cd\u73e0 #\u5168\u4e16\u754c\u53ea\u6709200\u9846\u7684\u5b9a\u60c5\u4fe1\u7269\n--------------------------------------------------------- \n\u4e0a\u4e00\u90e8\u5f71\u7247 \u6211\u4f86\u5230\u4e86\u8ced\u795e\u5f35\u7d04\u7ff0\u5bb6\uff01\u60f3\u5728\u8ced\u5834\u8d0f\u9322\u4e0d\u80fd\u932f\u904e\u7684\u4e00\u96c6\uff01\u3010\u597d\u68d2Bump\u3011\u3010\u512a\u52e2\u73a9\u5bb6\u3011https://youtu.be/ee2i1JV29lQ\n\n\u8001\u5b50\u7684IG\uff1ahttps://bit.ly/2JqmmIq\n\u8001\u5b50\u7684FB\uff1ahttps://bit.ly/2s3pwwb",
        "likeCount": "21140",
        "commentCount": "1272",
        "viewCount": "971338"
    },
    "comments": [
        {
            "reply_id": "UgzzQPRg8MowVH2DTN94AaABAg",
            "reply_content": "\u73e0\u73e0\u9084\u662f\u9019\u6a23\u6700\u597d\u5427\n\u4e0d\u7136\u5982\u679c\u662f\u7a7f\u6d1e\u90fd\u89ba\u5f97\u597d\u53ef\u60dc",
            "likeCount": 7
        },
        {
            "reply_id": "UgyqAv-tg36J_XfsxIJ4AaABAg",
            "reply_content": "\u8a8d\u771f\u8aaa\u5e0c\u671b\u8981\u8ce3\u4f60\u505a\u4e00\u96c6\u8607\u6bd4\u958b\u7bb1\u62cd\u8ce3\u76f8\u4fe1\u5f88\u591a\u4eba\u60f3\u77e5\u9053",
            "likeCount": 4
        },
        {
            "reply_id": "UgyxasbZyupJemcFJ194AaABAg",
            "reply_content": "\u611f\u89ba\u4e3b\u64ad\u5bb6\u88e1\u5730\u5951\u4e5f\u4e0d\u5c11\u671f\u5f85\u4e0b\u4e00\u6b21\u958b\u7bb1",
            "likeCount": 2
        },
        {
            "reply_id": "UgyQbDTTSoJjhTj_bOl4AaABAg",
            "reply_content": "\u9084\u4ee5\u70ba\u662f\u5927\u5343\u7576\u92ea\u79e6\u8001\u95c6\u51fa\u5834",
            "likeCount": 1
        },
        {
            "reply_id": "Ugy32JOxobBmdzEIXUl4AaABAg",
            "reply_content": "\u4f60\u53bb\u54ea\u4e86\u4e00\u500b\u6708\u4e86\u4f60\u600e\u9ebc\u90fd\u4e0d\u767c\u7247",
            "likeCount": 1
        },
        {
            "reply_id": "UgwSMjvNlK_jRgHIHv54AaABAg",
            "reply_content": "\u5728\u7f8e\u570b\u7f8e\u5929\u7136\u7684\u697d\u73e0\u50f9\u683c\u662f\u4e8c\u5341\u516b\u842c\u7f8e\u5143\uff0c\u5927\u6982\u662f\u53f0\u5e63\u516b\u767e\u591a\u842c\u5143\u3002\u4f60\u8ce3\u56db\u767e\u842c\u4e5f\u662f\u826f\u5fc3\u50f9",
            "likeCount": 0
        },
        {
            "reply_id": "UgwTQl06GCDRziMHzOJ4AaABAg",
            "reply_content": "\u597d\u60f3\u770b\u9451\u5b9a\u5176\u4ed6\u5bf6\u7269\u7684\u5f71\u7247",
            "likeCount": 0
        },
        {
            "reply_id": "UgxUe-6wlUI9XXBW-C54AaABAg",
            "reply_content": "\u505a\u4e00\u500b\u8e22\u7206\u70cf\u9d09\u7684\u5f71\u7247\u5566",
            "likeCount": 2
        },
        {
            "reply_id": "UgyXUfrRgbva7epFNCF4AaABAg",
            "reply_content": "\u5976\u5976\u662f\u771f\u7684\u5f88\u6b63\uff0c\u5f88\u96be\u60f3\u8c61\u5e74\u8f7b\u7684\u65f6\u5019\u662f\u5565\u6837",
            "likeCount": 0
        },
        {
            "reply_id": "Ugww3EFDiwsV7g_CthF4AaABAg",
            "reply_content": "\u6211\u9084\u4ee5\u70ba\u662f\u8001\u4eba\u5bb6\u88ab\u9a19\u8cb7\u6c92\u50f9\u503c\u7684\u6771\u897f",
            "likeCount": 0
        },
        {
            "reply_id": "UgyUdVn3PDJXm2AMzbt4AaABAg",
            "reply_content": "\u6709\u4e9b\u6771\u897f\u6211\u5011\u4e0d\u61c2\u4ed6\u50f9\u503c\u53ef\u4ee5\u8ce3\u6389\u8b93\u5225\u4eba\u5145\u5206\u767c\u63ee\u5b83\u7684\u50f9\u503c",
            "likeCount": 0
        },
        {
            "reply_id": "UgwwvbLAbh0YKuUI8HJ4AaABAg",
            "reply_content": "\u60f3\u770b\u4e00\u96c6\u53bb\u72e9\u7375\u7f8e\u6a02\u73e0\u7684\u904e\u7a0b",
            "likeCount": 0
        },
        {
            "reply_id": "UgwQkLsJcTPFOOqZulB4AaABAg",
            "reply_content": "\u4ec0\u9ebc\u6642\u5019\u8981\u7206\u6599\u70cf\u9d09\u8a50\u9a19\u7684\u4e8b",
            "likeCount": 0
        },
        {
            "reply_id": "Ugx6uJk3EppmLWnrOSZ4AaABAg",
            "reply_content": "\u70ba\u751a\u9ebc\u6211\u89ba\u5f97\u4f60\u5976\u5976\u9577\u5f97\u50cf\u6c88\u8001\u5e2b",
            "likeCount": 0
        },
        {
            "reply_id": "UgxAWXIv9WjWquNh3_l4AaABAg",
            "reply_content": "\u606d\u559c\u7372\u5f97\u4e00\u9846\u5c0a\u8cb4\u7684\u5c0f\u77f3\u982d",
            "likeCount": 6
        },
        {
            "reply_id": "UgyEONSklIY5oxGQ9lx4AaABAg",
            "reply_content": "\u6211\u731c\u6d88\u97f3\u7684\u90e8\u5206\u6709\u63d0\u5230\u67ec\u57d4\u5be8",
            "likeCount": 1
        },
        {
            "reply_id": "UgxUm6v6h-wJYeCgadt4AaABAg",
            "reply_content": "\u6c92\u770b\u8ced\u5834\u934a\u91d1\u8853\u7684\u770b\u9019\u96c6\u6703\u4e0d\u6703\u4ee5\u70ba\u8ced\u5834\u90a3\u96c6\u5931\u6557\u4e86",
            "likeCount": 1
        },
        {
            "reply_id": "UgwhsCsF9zrrJyUYm1V4AaABAg",
            "reply_content": "\u5404\u4f4d\u6700\u8fd1\u4e00\u5361\u901a\u8a50\u9a19\u5f88\u76db\u884c \u6211\u670b\u53cb\u83ab\u540d\u5947\u5999\u8cc7\u6599\u5916\u6d29\u88ab\u8a50\u9a19\u5ac1\u798d\u7d66\u5916\u6d29\u8005",
            "likeCount": 0
        },
        {
            "reply_id": "UgziAyuca_opXDKiPpF4AaABAg",
            "reply_content": "\u4ee5\u5f8c\u62cd\u7247\u90fd\u6234\u8457\u5927\u5bb6\u5c31\u76f8\u4fe1\u6c92\u8ce3\u4e86",
            "likeCount": 0
        },
        {
            "reply_id": "UgzX0f6IhgsFe1grqSN4AaABAg",
            "reply_content": "\u6211\u4e00\u76f4\u4ee5\u70ba\u662f\u5976\u8336\u7684\u73cd\u73e0\uff0c\u60f3\u8aaa\u54ea\u500b\u55ae\u4f4d\u9451\u5b9a\u9019\u9ebc\u8766",
            "likeCount": 0
        }
    ]
}