{
    "channel": {
        "title": "Joeman",
        "id": "UCPRWWKG0VkBA0Pqa4Jr5j0Q",
        "customUrl": "@joeman",
        "uploads": "UUPRWWKG0VkBA0Pqa4Jr5j0Q"
    },
    "videos": [
        {
            "id": "ds7RR1XwCqI",
            "title": "\u8d85\u5e25\u9396\u5b50\u7532\u624b\u6a5f\u6bbc\uff01\u4f46\u4e00\u5806\u7e2b\u9699\u611f\u89ba\u6703\u5361\u4e00\u5806\u7070\u5875\u22ef#\u624b\u6a5f\u6bbc #\u5c0f\u7269\u958b\u7bb1 #\u9396\u5b50\u7532 #shorts"
        },
        {
            "id": "jyHTZvG_CYo",
            "title": "\u53ef\u4ee5\u62c6\u6210\u5169\u534a\u7684\u6a5f\u68b0\u9375\u76e4\u958b\u7bb1\uff01\u5b8c\u5168\u7b26\u5408\u96d9\u624b\u6253\u5b57\u89d2\u5ea6\uff01\u53ea\u662f\u50f9\u683c\u4e5f\u883b\u5962\u83ef\u7684\u22ef#\u6a5f\u68b0\u9375\u76e4 #\u958b\u7bb1 #keychron"
        },
        {
            "id": "V0kt3BLvJDs",
            "title": "\u5f9eWindows\u8f49\u63db\u5230Mac\u526a\u8f2f\u7684\u5dee\u7570\uff1f\u5be6\u6e2c\u534a\u5e74\u5fc3\u5f97\u5206\u4eab\uff01\u3010Joeman\u3011"
        },
        {
            "id": "IVQ6LbB9wNg",
            "title": "\u65e5\u672c\u5929\u5a66\u7f85\u5c0d\u6c7a\uff01\u5e73\u50f9\u7684\u5168\u6771\u4eac\u8d85\u591a\u5206\u5e97\u8d85\u5212\u7b97\uff0c\u5962\u83ef\u7684\u5247\u662f\u50b3\u8aaa\u4e2d\u7684\u65e5\u672c\u6599\u7406\u4e09\u795e\u4e4b\u4e00\u7684\u5929\u5a66\u7f85\u4e4b\u795e\uff01#\u5929\u5a66\u7f85 #\u5929\u5a66\u7f85\u4e4b\u795e #\u5929\u4e3c #JOE\u662f\u8981\u5c0d\u6c7a #shorts"
        },
        {
            "id": "pvqhWk6nZb0",
            "title": "\u65e5\u672c\u5929\u5a66\u7f85\u4e4b\u795e\uff01\u00a527000\u5143\u7684\u5962\u83ef\u5929\u5a66\u7f85\u5c0d\u6c7a\u00a5510\u5143\u7684\u5e73\u50f9\u5929\u5a66\u7f85\uff01\u300aJoe\u662f\u8981\u5c0d\u6c7aS2\u300bEp187 ft.\u963f\u9054\u3010Joeman\u3011"
        },
        {
            "id": "F7fjBEdnb3o",
            "title": "\u81ea\u52d5\u767c\u724c\u6a5f\uff01\u6709\u9ede\u8cb4\u4f46\u883b\u597d\u73a9\u7684\uff01#\u81ea\u52d5\u767c\u724c\u6a5f #\u5c0f\u7269\u958b\u7bb1 #\u64b2\u514b\u724c"
        },
        {
            "id": "HquWaQARgkg",
            "title": "\u4e00\u500b\u4eba7\u842c\u65e5\u5e63\u7684\u9802\u7d1a\u6771\u4eac\u9435\u677f\u71d2\uff01\u6771\u4eac\u5e1d\u570b\u98ef\u5e97\u5609\u9580\u9435\u677f\u71d2\uff01#\u9435\u677f\u71d2 #\u5e1d\u570b\u98ef\u5e97 #\u5962\u83ef\u6599\u7406 #\u6771\u4eac #joe\u662f\u8981\u5c0d\u6c7a"
        },
        {
            "id": "2Ry3-Y_Ogcs",
            "title": "\u5e36\u676d\u5dde\u5973\u5b69\u5403\u597d\u6599\uff01\u5962\u83ef\u548c\u725b\u4e5d\u5403\uff01ft.\u963f\u8c9d\u5f88\u5168\u80fd\u3010Joeman\u3011"
        },
        {
            "id": "pnnv2XCM6R4",
            "title": "\u81ea\u5e36\u98a8\u6247\u7684\u96e8\u5098\uff01"
        },
        {
            "id": "nfDDrtp6FJk",
            "title": "\u9996\u6b21\u8de8\u570b\u5c0d\u6c7a\uff01\u00a569500\u5143\u7684\u5962\u83ef\u9435\u677f\u71d2\u5c0d\u6c7a120\u5143\u7684\u5e73\u50f9\u9435\u677f\u71d2\uff01\u300aJoe\u662f\u8981\u5c0d\u6c7aS2\u300bEp186 ft.\u5927\u86c7\u4e38\u3010Joeman\u3011"
        },
        {
            "id": "d0zhS5BccjI",
            "title": "\u5927\u9ebb\u4e8b\u4ef6\u9053\u6b49\u5f71\u7247\u3010Joeman\u3011"
        },
        {
            "id": "HsmjEwZq1do",
            "title": "\u6211\u627e\u5f88\u4e45\u8d85\u7d1a\u597d\u7528\u7684\u8eca\u5145\u300a Omnia X MagSafe \u8eca\u7528\u78c1\u5438\u7121\u7dda\u5145\u96fb\u5668 \u300b"
        },
        {
            "id": "XGIePxlhfEU",
            "title": "890\u5143\u7684\u5962\u83ef\u65e9\u9910\u5403\u5230\u98fd\u5c0d\u6c7a99\u5143\u7684\u5e73\u50f9\u65e9\u9910\u5403\u5230\u98fd\uff01\u300aJoe\u662f\u8981\u5c0d\u6c7aS2\u300bEp185 ft.\u91d1\u9b5a\u8166\u3010Joeman\u3011"
        },
        {
            "id": "9jWZZ2FoXcQ",
            "title": "\u526a\u8f2f\u5e2b\u982d\u9aee\u597d\u7a00\u758f...\u62ef\u6551\u7a00\u758f\u5927\u4f5c\u6230\uff01\u3010Joeman\u3011"
        },
        {
            "id": "4dmvQIAE4J0",
            "title": "\u9ad8\u6027\u50f9\u6bd4\u7684i9\u96fb\u7af6\u7b46\u96fb\uff01HP OMEN 16 intel i9-13900hx + RTX4070\u3010Joeman\u3011"
        },
        {
            "id": "V8gkWmdjzqg",
            "title": "\u50b3\u8aaa\u4e2d\u7684\u5566\u5566\u968a\u4f11\u606f\u5ba4\uff01\u9999\u5230\u7206\uff5e#\u674e\u591a\u6167 #\u7433\u59b2 #\u6a02\u5929\u5973\u5b69 #\u6a02\u5929\u5566\u5566\u968a #rakuten #rakutengirls"
        },
        {
            "id": "vg-euFMHNwk",
            "title": "52500\u5143\u7684\u5962\u83ef\u68d2\u7403\u5834\u5c0d\u6c7a200\u5143\u7684\u5e73\u50f9\u68d2\u7403\u5834\uff01\u300aJoe\u662f\u8981\u5c0d\u6c7aS2\u300bEp184 ft.\u7433\u59b2\u3001\u674e\u591a\u6167\u3001\u6a02\u5929\u5973\u5b69\u3010Joeman\u3011"
        },
        {
            "id": "L_KtuPq_GGU",
            "title": "\u53f0\u7063\u7121\u8a0a\u865f\u7684\u5730\u65b9\u83ef\u70ba\u624b\u6a5f\u7adf\u7136\u9084\u80fd\u6253\uff1fMate 60 Pro\u885b\u661f\u901a\u8a0a\u5be6\u6e2c\u3010Joeman\u3011"
        },
        {
            "id": "xKO7ni6rS8I",
            "title": "\u6c92\u770b\u50f9\u9322\u5c31\u9ede\u9910\u7684\u4e0b\u5834\uff0c\u5230\u4e86\u624d\u767c\u73fe\u662f\u5962\u83ef\u5065\u5eb7\u9910\u2026#\u5065\u5eb7\u9910 #\u5962\u83ef #friday #tgif #\u5065\u8eab\u9910 #\u6c99\u62c9"
        },
        {
            "id": "aOSaIPAg8hE",
            "title": "\u53bb\u65e5\u672c\u8cb7\u4e00\u5806\u6771\u897f\u8981\u600e\u9ebc\u88dd\uff1f\u51fa\u570b\u5e36\u71b1\u6c34\u58fa\u88ab\u5410\u69fd\u662f\u8001\u4eba\u884c\u5f91\uff0c\u4f46\u5f8c\u4f86\u89ba\u5f97\u883b\u597d\u7528\u7684\uff0c\u524d\u63d0\u662f\u88dd\u5f97\u4e0b\u7684\u8a71\u2026\u76ee\u524d\u6211\u8ddfLOJEL\u6709\u5c08\u5c6c85\u6298\u5718\u8cfc\uff0c\u9ede\u6211IG\u4e3b\u9801\u6709\u9023\u7d50\uff0c\u53ea\u523011\uff0f5\u5594\uff5e"
        },
        {
            "id": "OeTGrc3QDVw",
            "title": "\u5982\u4f55\u8b93\u81ea\u5df1\u770b\u8d77\u4f86\u8ca1\u5bcc\u81ea\u7531\uff1f\u90a3\u5c31\u662f\u6bcf\u5929\u90fd\u5403\u5065\u5eb7\u9910\u2026#\u5065\u5eb7\u9910 #\u5065\u8eab\u9910 #\u6e1b\u80a5 #\u7626\u8eab #\u98f2\u98df\u63a7\u5236"
        },
        {
            "id": "mUqTILQxdz0",
            "title": "\u7238\u7238\u7a81\u7136\u8aaa\u53ef\u4ee5\u8acb\u5047\u51fa\u53bb\u73a9\u2026\u7d50\u679c\u2026#\u65b0\u8c50\u8857\u5e95\u8fea"
        },
        {
            "id": "2TcDFMwTn6Y",
            "title": "\u53ef\u4ee5AI\u63db\u81c9\u7684\u9b54\u8853\u624b\u6a5f Pixel 8 Pro\u958b\u7bb1\u3010Joeman\u3011"
        },
        {
            "id": "7_uZ5JSfHYE",
            "title": "\u5728\u65e5\u672c\u79cb\u8449\u539f\u6436\u5230\u9650\u52d5\u6b3e\u92fc\u5f48\uff0c\u7d50\u679c\u534a\u5c0f\u6642\u5c31\u5f04\u4e1f\uff0c\u7576\u4e0b\u5dee\u9ede\u6c92\u5d29\u6f70\u2026\u2026#\u65c5\u904a\u8da3\u4e8b #\u653b\u64ca\u92fc\u5f48 #\u79cb\u8449\u539f"
        },
        {
            "id": "lAc_2slwUns",
            "title": "1029\u5143\u7684\u5962\u83ef\u5065\u5eb7\u9910\u5c0d\u6c7a89\u5143\u7684\u5e73\u50f9\u5065\u5eb7\u9910\uff01\u300aJoe\u662f\u8981\u5c0d\u6c7aS2\u300bEp183 ft.\u6dbc\u5b50\u3010Joeman\u3011"
        },
        {
            "id": "3EHSKs7VkpY",
            "title": "\u53ef\u4ee5\u908a\u901b\u908a\u7d50\u5e33\u7684\u65e5\u672c\u624b\u63a8\u8eca\uff0c\u65b9\u4fbf\u53c8\u597d\u73a9\uff5e#\u6771\u4eac\u65c5\u904a"
        },
        {
            "id": "R1f6aDNdsKk",
            "title": "\u6700\u9802\u7684BRAVIA\uff01\u65d7\u8266Sony\u986f\u793a\u5668A95L\u958b\u7bb1\u5be6\u6e2c\uff01\u3010Joeman\u3011"
        },
        {
            "id": "8ijDQTWwm5M",
            "title": "75900\u5143\u7684\u5962\u83ef\u884c\u52d5\u96fb\u6e90\u5c0d\u6c7a399\u5143\u7684\u5e73\u50f9\u884c\u52d5\u96fb\u6e90\uff01\u300aJoe\u662f\u8981\u5c0d\u6c7aS2\u300bEp182\u3010Joeman\u3011"
        },
        {
            "id": "fqusWcSscpo",
            "title": "\u4e00\u6b21\u958b\u7bb13\u53f0\u5343\u842c\u4fdd\u6642\u6377911\uff01\u5982\u679c\u6709\u9322\u4f60\u9078\u54ea\u53f0\uff1fPorsche GT3RS\u3001GT3 \u3001Targa992 \u3010Joeman\u3011"
        },
        {
            "id": "s75EI9HxVCU",
            "title": "\u7576\u4f60\u767c\u73fe\u932f\u904e\u6cb3\u5317\u5f69\u82b1\u7684\u64c1\u62b1\u2026#\u6cb3\u5317\u5f69\u82b1 #\u8d70\u9418\u734e #\u4e2d\u6307\u901a #\u7fa8\u6155\u5fcc\u5992\u6068 #\u5982\u679c\u6709\u6642\u5149\u6a5f"
        },
        {
            "id": "pqIXtals8Ec",
            "title": "\u8d70\u9418\u734e\u5f97\u734e\u9810\u6e2c\uff01\u6211\u5c0d\u6bcf\u500b\u5165\u570d\u5f71\u7247\u7684\u770b\u6cd5\uff01(\u7cbe\u7c21\u7248)\u7db2\u7d05\u89c0\u5bdf\u5ba4\u3010Joeman\u3011"
        },
        {
            "id": "IpanzFMJbv8",
            "title": "\u53ef\u4ee5AI\u63db\u81c9\u7684\u624b\u6a5f\uff01Pixel 8 Pro!#pixel8pro #ai #\u5b8c\u7f8e\u5408\u7167"
        },
        {
            "id": "USlXSSfaEkk",
            "title": "\u7c73\u5176\u6797\u63a8\u85a6\u7684\u591c\u5e02\u70b8\u96de\uff01#\u7c73\u5176\u6797 #\u70b8\u96de #\u53f0\u5f0f\u70b8\u96de #\u7f8e\u98df #\u5c0f\u5403 #\u683c\u767b\u70b8\u96de"
        },
        {
            "id": "0H9vXCYuO2U",
            "title": "\u7576\u4f60\u767c\u73fe\u674e\u591a\u6167\u8ddf\u4f60\u6bd4\u7684\u611b\u5fc3\u602a\u602a\u7684\u2026#\u674e\u591a\u6167 #\u6a02\u5929\u6843\u733f #\u6a02\u5929\u5973\u5b69"
        },
        {
            "id": "pJbc1Tw13R4",
            "title": "850\u5143\u7684\u5962\u83ef\u53f0\u5f0f\u70b8\u96de\u5c0d\u6c7a20\u5143\u7684\u5e73\u50f9\u53f0\u5f0f\u70b8\u96de\uff01\u300aJoe\u662f\u8981\u5c0d\u6c7aS2\u300bEp181 ft.\u9435\u725b\u3010Joeman\u3011"
        },
        {
            "id": "cC0ZU5Y3lpg",
            "title": "\u88ab\u4e2d\u570b\u5a92\u9ad4\u5439\u7206\u7684\u624b\u6a5f\uff01\u53f0\u5e634\u842c\u503c\u55ce\uff1f\u83ef\u70baMate 60 Pro vs iPhone 15 Pro\u7cfb\u5217\u3010Joeman\u3011"
        },
        {
            "id": "UdkePViEfOE",
            "title": "\u5e6b\u54e1\u5de5\u5713\u5922\uff01\u64c1\u6709\u4e00\u500b\u79ae\u62dcBMW M5\uff01\u3010Joeman\u3011"
        },
        {
            "id": "A1uI8Hyo9FQ",
            "title": "911GT3RS ASMR 992#911 #gt3rs #asmr #992"
        },
        {
            "id": "fVI7dZEwp2w",
            "title": "\u4eba\u751f\u7b2c\u4e00\u6b21\u7b97\u5854\u7f85\u724c\u8ddf\u661f\u76e4\uff01#\u5854\u7f85 #\u661f\u76e4 #\u7b97\u547d #\u5360\u535c"
        },
        {
            "id": "e-g_aOLxxcQ",
            "title": "16800\u5143\u7684\u5962\u83ef\u661f\u76e4\u7b97\u547d\u5c0d\u6c7a500\u5143\u7684\u5e73\u50f9\u5854\u7f85\u7b97\u547d\uff01\u300aJoe\u662f\u8981\u5c0d\u6c7aS2\u300bEp180 ft.\u8c9d\u8389\u8393\u3010Joeman\u3011"
        },
        {
            "id": "_gvGQCaBPN0",
            "title": "Youtube\u6d41\u91cf\u5927\u66b4\u8dcc\uff01\u5230\u5e95\u70ba\u4ec0\u9ebc\uff1f\u3010Joeman\u3011\u7db2\u7d05\u89c0\u5bdf\u5ba4"
        },
        {
            "id": "maAbwK22zX4",
            "title": "\u6536\u5230\u4e86\u5f88\u7f8e\u7684\u4e2d\u79cb\u79ae\u76d2\uff01#\u9ea5\u5361\u502b #macallan #\u4e2d\u79cb #\u591c\u71c8"
        },
        {
            "id": "4Xv9TLO0bT0",
            "title": "\u4e00\u53e3\u6c23\u54036\u5bb6\u86cb\u9ec3\u9165\uff01#\u9673\u8000\u8a13\u86cb\u9ec3\u9165 #\u4e0d\u4e8c\u574a\u86cb\u9ec3\u9165 #\u86cb\u9ec3\u9165"
        },
        {
            "id": "E3oLwJrJ7Gc",
            "title": "2200\u5143\u7684\u5962\u83ef\u86cb\u9ec3\u9165\u5c0d\u6c7a400\u5143\u7684\u5e73\u50f9\u86cb\u9ec3\u9165\uff01\u300aJoe\u662f\u8981\u5c0d\u6c7aS2\u300bEp179 ft.\u8001\u7238\u3001\u916a\u68a8\u5973\u5b69\u611b\u9e97\u7d72\u3010Joeman\u3011"
        },
        {
            "id": "K9VSEstQfuU",
            "title": "\u5169\u5104\u53f0\u5e63\u5728\u897f\u96c5\u5716\u53ef\u4ee5\u8cb7\u5230\u600e\u6a23\u7684\u8c6a\u5b85\uff01\u8d85\u5927\u8d85\u7f8e\uff01#\u7f8e\u570b\u8c6a\u5b85 #\u897f\u96c5\u5716 #\u958b\u7bb1"
        },
        {
            "id": "f17mDgBzymg",
            "title": "\u53f0\u5e63\u5169\u5104\u7adf\u7136\u53ea\u662f\u4e2d\u50f9\u4f4d\uff1f600\u576a\u7f8e\u570b\u904a\u8247\u8c6a\u5b85\u958b\u7bb1\uff01ft.\u5289\u6c9b\u300aJoe\u662f\u8981\u770b\u623f\u7f8e\u570b\u7bc7\u300bep.5"
        },
        {
            "id": "erMyXkfgC0w",
            "title": "\u65b0\u7c89\u8272\u8d85\u7f8e\uff01iPhone 15 & 15 Plus\u958b\u7bb1\u5be6\u6e2c\uff01\u3010Joeman\u3011"
        },
        {
            "id": "HM_LZhHzLT8",
            "title": "iPhone 15 Pro Max\u62cd\u7167\u9304\u5f71\u5be6\u6e2c\uff01\u9019\u4e00\u4ee3Pro\u5230\u5e95\u80fd\u4e0d\u80fd\u8cb7\uff1f\u3010Joeman\u3011"
        },
        {
            "id": "A70cE2T6a4A",
            "title": "\u6bcf\u5e74\u4e5d\u6708\u90fd\u5728\u7206\u809d\uff0c\u660e\u5929\u5e0c\u671b\u80fd\u9806\u5229\u4e0a\u53e6\u4e00\u96bbiPhone 15 Pro\u5f71\u7247\u2026\u2026#iphone15pro #iphone15promax"
        },
        {
            "id": "aKjVNbFidHA",
            "title": "iPhone 15 Pro\u958b\u7bb1\u5be6\u6e2c\uff01A17 Pro\u662f\u5426\u6548\u80fd\u9802\u5929\uff1f\u3010Joeman\u3011"
        },
        {
            "id": "Zi4-OCT2xQA",
            "title": "\u7537\u6a21\u6703\u9928\u5c0d\u6c7a\uff01\u4f86\u9019\u88cf\u5c31\u662f\u7576\u5973\u738b\uff01#\u7537\u6a21\u6703\u9928 #\u7537\u6a21\u5e97 #\u516b\u5927"
        },
        {
            "id": "o4kq4xd7NgU",
            "title": "\u50b3\u8aaa\u4e2d\u7684\u7537\u6a21\u5e97\uff0159200\u5143\u7684\u5962\u83ef\u7537\u6a21\u6703\u9928\u5c0d\u6c7a25200\u5143\u7684\u5962\u83ef\u7537\u6a21\u6703\u9928\uff01\u300aJoe\u662f\u8981\u5c0d\u6c7aS2\u300bEp178 ft.\u611b\u8389\u838e\u838e\u3001Penny\u3010Joeman\u3011"
        },
        {
            "id": "31NKUkNz_ZE",
            "title": "\u8d85\u5e25\uff01\u8ddf\u8cd3\u58eb\u806f\u540d\u7684\u96fb\u7af6\u7b46\u96fb\uff01MSI Stealth 16 Mercedes AMG Motorsport\u3010Joeman\u3011"
        },
        {
            "id": "F9p4o5sDIF4",
            "title": "\u6211\u8a66\u7528\u4e86\u4e00\u5929 iPhone15\u5168\u7cfb\u5217\uff01\u66f4\u591a\u7d30\u7bc0\u8207\u9a5a\u559c\u5fc3\u5f97\uff01\u3010Joeman\u3011"
        },
        {
            "id": "JbKcxWfOAyc",
            "title": "\u98db\u5230\u7f8e\u570b\u6436\u5148\u8a66\u7528\uff01 iPhone 15\u5168\u7cfb\u5217\u767c\u8868\u5fc3\u5f97\uff01\u3010Joeman\u3011"
        },
        {
            "id": "HFE3qKKFEFo",
            "title": "\u591c\u665a\u7684\u860b\u679c\u7e3d\u90e8\u6839\u672c\u79d1\u5e7b\u96fb\u5f71\u5834\u666f\uff01\u96a8\u6642\u6709\u5916\u661f\u4eba\u51fa\u73fe\u6211\u90fd\u4e0d\u610f\u5916\u2026\u2026#applepark #\u860b\u679c\u7e3d\u90e8 #stevenjobstheater  #\u79d1\u5e7b"
        },
        {
            "id": "ZaIv-Nx7W7I",
            "title": "\u5c11\u5973\u5fc3\u5674\u767c\uff5e\u7c89\u7d05\u8272iPhone 15\u6436\u5148\u770b\uff01#iPhone15 #\u7c89\u7d05\u8272 #pink"
        },
        {
            "id": "0Sg-UytVhJg",
            "title": "iPhone 15 Pro Max\u6436\u5148\u770b\uff01\u624b\u611f\u8d85\u597d\uff015\u500d\u5149\u5b78\u8b8a\u7126\u5f88\u597d\u7528\uff0c\u91cd\u9ede\u662fType C\u8ddfUSB 3.0\u7684\u901f\u5ea6\uff01#iphone15promax #iphone15 #\u958b\u7bb1 #\u6436\u5148\u770b"
        },
        {
            "id": "R3KErksHKa4",
            "title": "\u8aaa\u597d\u7684iPhone\u5462\uff1f\u82b1\u4e00\u842c\u8cb7\u624b\u6a5f\u76f2\u76d2\u958b\u7bb1\u4e0b\u5834\u60bd\u6158\uff01"
        },
        {
            "id": "fDkZWS1QSPo",
            "title": "\u679c\u7c89\u5fc5\u4f86\uff01\u958b\u7bb1\u4e00\u4e0b\u860b\u679c\u7e3d\u90e8\u7684\u8a2a\u5ba2\u4e2d\u5fc3\uff0c\u7b2c\u4e8c\u6b21\u4f86\u9084\u662f\u89ba\u5f97\u5f88\u597d\u901b\uff5e#\u860b\u679c\u7e3d\u90e8 #applepark #\u860b\u679c\u5468\u908a #\u679c\u7c89"
        },
        {
            "id": "6k4S_tZbbgw",
            "title": "\u6703\u9802\u5230\u7684\u8d85\u5de8\u5927\u4e39\u9ea5\u71b1\u72d7\uff01#\u71b1\u72d7 #\u6176\u57ce\u8857 #\u7f8e\u98df"
        },
        {
            "id": "ypALSLetYzQ",
            "title": "\u3010Joeman\u3011225\u5143\u7684\u5962\u83ef\u71b1\u72d7\u5821\u5c0d\u6c7a35\u5143\u7684\u5e73\u50f9\u71b1\u72d7\u5821\uff01\u300aJoe\u662f\u8981\u5c0d\u6c7aS2\u300bEp177 ft.@HowHowEat\u5403\u8ca8\u8c6a\u8c6a"
        },
        {
            "id": "5XRVhe-9m4k",
            "title": "\u7528\u4f60\u7684\u9b54\u6cd5\u5c0d\u4ed8\u4f60\uff01\u6211\u642c\u904b\u4e86\u4e2d\u570b\u642c\u904b\u5de5\u7684\u5f71\u7247\uff01\u7db2\u7d05\u89c0\u5bdf\u5ba4\u3010Joeman\u3011"
        },
        {
            "id": "EBpOQHIzRWE",
            "title": "\u7206\u7d05\u5047\u9aee\u5e3d\u958b\u7bb1\uff01\u5225\u4eba\u6234\u5f88\u5e25\u600e\u9ebc\u6211\u6234\u5c31\u2026\u2026#\u5047\u9aee #\u5047\u9aee\u5e3d #\u958b\u7bb1 #\u5be6\u6e2c #\u738b\u96f7"
        },
        {
            "id": "atxAfQJaQ2Q",
            "title": "\u6211\u7684\u651d\u5f71\u68da\u958b\u7bb1\uff01\u82b1\u4e8680\u842c\u8cb7\u71c8\u5149\u3001\u8173\u67b6\u8ddf\u4e00\u4e9b\u9177\u73a9\u610f\uff01(\u4e0d\u542b\u651d\u5f71\u6a5f\u8207\u93e1\u982d)\u3010Joeman\u3011"
        },
        {
            "id": "l-m2X_RbVKQ",
            "title": "\u6bcf\u9031\u63db\u53e3\u5473\u7684\u6c34\u679c\u51b0\u6dc7\u6dcb\uff01#\u7470\u5b63 #\u51b0\u6dc7\u6dcb #\u53f0\u5317\u751c\u9ede #\u971c\u6dc7\u6dcb #\u80d6\u54e5"
        },
        {
            "id": "z8zd7ophZi8",
            "title": "675\u5143\u7684\u5962\u83ef\u51b0\u6dc7\u6dcb\u5c0d\u6c7a18\u5143\u7684\u5e73\u50f9\u51b0\u6dc7\u6dcb\uff01\u300aJoe\u662f\u8981\u5c0d\u6c7aS2\u300bEp176 ft.Sandy\u3010Joeman\u3011"
        },
        {
            "id": "r0T7cKDk2UE",
            "title": "\u4e09\u53f0\u5343\u842c\u7b49\u7d1a\u7684911\uff0c\u4f60\u6703\u9078\u54ea\u4e00\u53f0\uff1f#porsche #992 #gt3rs #gt3 #911 #\u4fdd\u6642\u6377"
        },
        {
            "id": "M3tUcP3rNkA",
            "title": "300\u584a\u7684\u7121\u83dc\u55ae\u9eb5\u7dda\uff0c\u8d85\u591a\u6d77\u9bae\uff0c\u5403\u5b8c\u9694\u5929\u6703\u4e0d\u6703\u75db\u98a8\uff1f#\u5962\u83ef\u9eb5\u7dda #\u83ef\u897f\u8857\u7f8e\u98df #\u7121\u83dc\u55ae\u6599\u7406 #\u5275\u610f\u6599\u7406 #\u53f0\u901a #\u4f55\u6b38"
        },
        {
            "id": "wd6Klzm3B7U",
            "title": "\u671d\u601d\u66ae\u60f3\u7684\u6a4b\u6751\u70b8\u96de\u7d42\u65bc\u5728\u53f0\u7063\u958b\u5206\u5e97\u4e86\uff01\u8702\u871c\u70b8\u96de\u7684\u9084\u539f\u5ea6\u6211\u89ba\u5f97\u6709\u523090%\uff01#\u6a4b\u6751 #\u97d3\u5f0f\u70b8\u96de #\u5bb5\u591c #\u677f\u6a4b\u8eca\u7ad9"
        },
        {
            "id": "AOwRWLnxFUk",
            "title": "Vlog\u76f8\u6a5f\u600e\u9ebc\u9078\uff1f\u4e00\u53e3\u6c23\u958b\u7bb14\u53f0ZV\u5168\u7cfb\u5217\u76f8\u6a5f\uff01ZV-1F\u3001ZV-1M2\u3001ZV-E10\u3001ZV-E1\u9078\u8cfc\u6307\u5357\u3010Joeman\u3011"
        },
        {
            "id": "S4na4QCmykY",
            "title": "\u7528\u6296\u97f3\u98a8\u683c\u958b\u7bb1\u90ed\u53f0\u9298\u5bb6\u3010Joeman\u3011"
        },
        {
            "id": "yH-p_NyxkGs",
            "title": "580\u5143\u7684\u5962\u83ef\u97d3\u5f0f\u70b8\u96de\u5c0d\u6c7a130\u5143\u7684\u5e73\u50f9\u97d3\u5f0f\u70b8\u96de\uff01\u300aJoe\u662f\u8981\u5c0d\u6c7aS2\u300bEp175 ft.\u7d00\u535c\u5fc3\u3010Joeman\u3011"
        },
        {
            "id": "vBoadcFkPJU",
            "title": "\u8f49\u70ba\u72d7\u72d7\u8a2d\u8a08\u7684\u900f\u5929\u539d\uff01\u9664\u4e86\u6709\u7d66\u72d7\u72d7\u5c08\u7528\u7684\u6d74\u5ba4\uff0c\u9084\u6709\u5c08\u9580\u7684\u52d5\u7dda\u8ddf\u9694\u9593\uff01\u908a\u7267\u6709\u5920\u53ef\u611b\uff5e#\u958b\u7bb1 #\u908a\u5883\u7267\u7f8a #\u8c6a\u5b85 #\u900f\u5929 #\u88dd\u6f62 #\u72d7\u5c4b"
        },
        {
            "id": "Z-wPqp1UPBA",
            "title": "460\u576a1\u51048\u5343\u842c\u7684\u7f8e\u570b\u83ef\u4eba\u8c6a\u5b85\uff01\u666f\u89c0\u8ddf\u88dd\u6f62\u90fd\u8d85\u7f8e\uff01#\u8c6a\u5b85 #\u958b\u7bb1 #\u88dd\u6f62 #\u7f8e\u570b #\u897f\u96c5\u5716 #mercerisland"
        },
        {
            "id": "Jkz2S6swFGM",
            "title": "460\u576a1\u51048\u5343\u842c\u7684\u7f8e\u570b\u83ef\u4eba\u8c6a\u5b85\uff01\u666f\u89c0\u8ddf\u88dd\u6f62\u90fd\u8d85\u7f8e\uff01\u300aJoe\u662f\u8981\u770b\u623f\u7f8e\u570b\u7bc7\u300bep.4"
        },
        {
            "id": "IqEHwL9EveY",
            "title": "\u958b\u7bb1\u6296\u97f3\u7206\u7d05\u958b\u7f50\u5668\uff0c\u7d50\u679c\u8d85\u50bb\u773c\u2026\u2026#\u958b\u7bb1 #\u5be6\u6e2c #\u958b\u7f50\u5668 #\u5c0f\u7269"
        },
        {
            "id": "iKfdtXlthHs",
            "title": "\u6293\u5bf6\u5f88\u65b9\u4fbf\u4f46\u9707\u52d5\u4e0d\u80fd\u95dc\u6709\u9ede\u5c37\u5c2c\u2026\u2026\u6700\u65b0\u6293\u5bf6\u795e\u5947Pok\u00e9mon Go Plus\u958b\u7bb1\uff01#pokemon #pokemongo #\u5bf6\u53ef\u5922 #\u6293\u5bf6"
        },
        {
            "id": "_4TwI4A8lrQ",
            "title": "\u4e00\u53e3\u6c23\u54035\u5bb6\uff01520\u5143\u7684\u5962\u83ef\u81ed\u8c46\u8150\u5c0d\u6c7a55\u5143\u7684\u5e73\u50f9\u81ed\u8c46\u8150\uff01\u300aJoe\u662f\u8981\u5c0d\u6c7aS2\u300bEp174 ft.\u5c0f\u8475"
        },
        {
            "id": "wfvRg_amrYg",
            "title": "\u8d85\u904e\u7f8e\u91d1100\u5143\u7684\u5962\u83ef\u548c\u725b\u6f22\u5821\uff01#\u6f22\u5821 #\u548c\u725b #\u897f\u96c5\u5716 #\u7f8e\u570b"
        },
        {
            "id": "AM_xQZFs7bY",
            "title": "\u65b0\u838a\u6700\u9ad8\u4f4f\u5b85\uff0c\u9060\u96c495\uff01200\u576a\u88dd\u6f62\u958b\u7bb1\uff01#\u8c6a\u5b85 #\u65b0\u838a #\u5ba4\u5167\u8a2d\u8a08"
        },
        {
            "id": "me7AAtLQ99k",
            "title": "\u9732\u71df\u795e\u5668\uff01\u9577\u5f97\u50cf\u6a02\u9ad8\u7684\u96a8\u8eab\u74b0\u7e5e\u97f3\u97ff\u958b\u7bb1\uff01#\u85cd\u7259\u97f3\u97ff #\u5587\u53ed #\u9732\u71df\u7528\u54c1 #htax7"
        },
        {
            "id": "NevdTGq5kEI",
            "title": "\u53f0\u4e2d\u9435\u677f\u71d2\u5929\u82b1\u677f\uff0c\u55ae\u4eba\u5957\u9910\u7834\u5169\u842c\u2026\u2026#\u53f0\u4e2d\u7f8e\u98df #\u68ee\u9435\u677f\u71d2 #\u548c\u725b #\u7687\u5e1d\u87f9"
        },
        {
            "id": "UbOoQ-L98-g",
            "title": "\u8001\u53f0\u4e2d\u4eba\u7684\u56de\u61b6\uff01180\u5143\u9435\u677f\u71d2\u6709\u9b5a\u6709\u8089\u9084\u6709\u751c\u9ede\uff01#\u9435\u677f\u71d2 #\u9ad8\u6797 #\u5e73\u50f9 #\u53f0\u4e2d\u7f8e\u98df"
        },
        {
            "id": "WP2w2I9qgas",
            "title": "\u958b\u7bb1\u81ea\u5e36\u98a8\u6247\u7684\u5916\u5957\uff01\u6211\u89ba\u5f97\u6709\u8b8a\u6dbc\u4f46\u9019\u500b\u505a\u5de5\u597d\u50cf\u2026\u2026#\u958b\u7bb1 #\u964d\u6eab #\u6d88\u6691 #\u98a8\u6247\u8863"
        },
        {
            "id": "DB4GpBTlcmM",
            "title": "\u55ae\u4eba\u5957\u9910\u5c31\u78342\u842c\uff0118880\u5143\u7684\u5962\u83ef\u9435\u677f\u71d2\u5c0d\u6c7a180\u5143\u7684\u5e73\u50f9\u9435\u677f\uff01\u300aJoe\u662f\u8981\u5c0d\u6c7aS2\u300bEp173 ft.\u9b5a\u4e7e"
        },
        {
            "id": "xuAt1FnOjhY",
            "title": "\u9019\u4e00\u4ee3Model S\u7684\u7e8c\u822a\u771f\u7684\u5f88\u4e0d\u932f\uff0c\u5c31\u7b97\u74b0\u5cf6\u4e5f\u6c92\u6709\u91cc\u7a0b\u7126\u616e\uff01#\u7279\u65af\u62c9 #tesla #models #\u7e8c\u822a #\u74b0\u5cf6"
        },
        {
            "id": "LoYQRnYgyZY",
            "title": "\u53f0\u7063\u5730\u8868\u6700\u901f\u91cf\u7522\u8ecaModel S Plaid\u958b\u7bb1\uff01#\u7279\u65af\u62c9 #tesla #models #plaid"
        },
        {
            "id": "D3dMg1JrGH8",
            "title": "\u6211\u7d42\u65bc\u8cb7\u7279\u65af\u62c9\u4e86\uff01\u53f0\u7063\u539f\u5ee0\u6700\u901f\u8ecaModel S Plaid \u958b\u7bb1\uff01\u3010Joeman\u3011"
        },
        {
            "id": "KZC_0ft3MfE",
            "title": "\u771f\u7684\u6709\u725b\u820c\u7684\u725b\u820c\u9905\uff01#\u516b\u548c\u71d2\u8089 #\u725b\u820c #\u5275\u610f\u6599\u7406"
        },
        {
            "id": "OZXl2akE7IY",
            "title": "\u53f0\u4e2d\u795e\u79d8\u8c6a\u5b85\u7531\u9245\u5927\u6046\u958b\u7bb1\uff01#\u53f0\u4e2d\u8c6a\u5b85"
        },
        {
            "id": "n9FShTOu83Y",
            "title": "\u7528VR\u982d\u76d4\u770b\u7247\u770b\u5230\u4e00\u534a\u767c\u73fe\u5973\u512a\u5c31\u5728\u65c1\u908a\u662f\u600e\u6a23\u7684\u9ad4\u9a57\uff1f#\u6cb3\u5317\u5f69\u82b1 #\u4e2d\u6307\u901a #\u6574\u4eba"
        },
        {
            "id": "N-vsCail1Z0",
            "title": "\u7528VR\u982d\u76d4\u770b\u7247\u770b\u5230\u4e00\u534a\u767c\u73fe\u5973\u512a\u5c31\u5728\u65c1\u908a\u662f\u600e\u6a23\u7684\u9ad4\u9a57\uff1f #\u6cb3\u5317\u5f69\u82b1 #\u6574\u4eba"
        },
        {
            "id": "cPlOdCqiOIM",
            "title": "\u8d85\u5bb3\u7f9e\u6574\u4eba\uff01\u770b\u7247\u5230\u4e00\u534a\u5973\u512a\u76f4\u63a5\u51fa\u73fe\u6703\u600e\u6a23\uff1fft.\u6cb3\u5317\u5f69\u82b1\u3001\u4e2d\u6307\u901a\u3001TED"
        },
        {
            "id": "1-49kHEc40k",
            "title": "\u53f0\u901a\u4f55A\u4f86\u4e86\uff01300\u5143\u7684\u5962\u83ef\u9eb5\u7dda\u5c0d\u6c7a50\u5143\u7684\u5e73\u50f9\u9eb5\u7dda\uff01\u300aJoe\u662f\u8981\u5c0d\u6c7aS2\u300bEp172 ft.\u53f0\u7063\u901a\u52e4\u7b2c\u4e00\u54c1\u724c"
        },
        {
            "id": "UbqxN56vrk0",
            "title": "\u4f4f\u5728\u53f0\u5e63\u4e00\u5104\u4e94\u5343\u842c\u7684\u6e56\u7554\u8c6a\u5b85\u88e1\u662f\u600e\u6a23\u7684\u9ad4\u9a57\uff1f#joe\u662f\u8981\u770b\u623f #\u963f\u6ef4 #\u8c6a\u5b85 #\u7f8e\u570b @rayduenglish"
        },
        {
            "id": "42TYIoxdJ78",
            "title": "\u4eba\u751f\u6700\u5f8c\u4e00\u54e9\u8def\u8981\u82b1\u591a\u5c11\u9322\uff1f10\u842c\u5143\u7684\u5962\u83ef\u9748\u8eca\u5c0d\u6c7a8000\u5143\u7684\u5e73\u50f9\u9748\u8eca\uff01\u300aJoe\u662f\u8981\u5c0d\u6c7aS2\u300bEp171 ft.\u5c0f\u51ac\u74dc @One-way-life"
        },
        {
            "id": "Ra8QJbOJ218",
            "title": "\u6234\u4e09\u5e74\u7684\u667a\u6167\u624b\u9336\u7d42\u65bc\u8981\u63db\u5566\uff01\u958b\u7bb1\u6700\u65b0\u7684Garmin Fenix 7 Pro Sapphire solar\u8ddfepix pro #\u904b\u52d5\u624b\u9336  #\u667a\u6167\u624b\u9336 #garmin  #smartwatch"
        },
        {
            "id": "wrmEyCmWdkQ",
            "title": "\u6700\u65b0MacBook Air 15\u958b\u7bb1\uff0113\u540b\u8ddf15\u540b\u8981\u600e\u9ebc\u9078\uff1fM2\u3010Joeman\u3011"
        },
        {
            "id": "OKdqEM0eNvk",
            "title": "\u53f0\u4e2d\u6c92\u4eba\u958b\u7bb1\u904e\u7684\u795e\u79d8\u7834\u5104\u8c6a\u5b85\uff01140\u576a\u53ea\u505a2\u623f\u662f\u600e\u6a23\u7684\u9ad4\u9a57\uff1f\u7531\u9245\u5927\u6046\u300aJoe\u662f\u8981\u770b\u623f\u300bep.40"
        }
    ]
}