{
    "channel": {
        "title": "\u557e\u557e\u978b",
        "id": "UCIF_gt4BfsWyM_2GOcKXyEQ",
        "customUrl": "@chuchushoetw",
        "uploads": "UUIF_gt4BfsWyM_2GOcKXyEQ"
    },
    "videos": [
        {
            "id": "lr8wxg2gy8E",
            "title": "\u6c92\u6709\u5b83\u5c31\u6c92\u6709\u73fe\u4ee3RPG\uff01\u300a\u9f8d\u8207\u5730\u4e0b\u57ce\u300b\u5982\u4f55\u5f9e\u4e00\u689d\u9644\u52a0\u898f\u5247\u958b\u59cb\uff0c\u6210\u70ba\u5168\u7403\u6700\u66a2\u92b7\u89d2\u8272\u626e\u6f14\u684c\u904a\uff01\uff5c\u9f8d\u8207\u5730\u4e0b\u57ce Dungeons & Dragons (D&D)\uff5c\u5de8\u982d\u7684\u8d77\u6e90\uff5c\u557e\u557e\u978b"
        },
        {
            "id": "Wh3TPSE88ko",
            "title": "\u53bb\u5317\u6d77\u9053\u9047\u5230\u5341\u500d\u96ea\u87f2\u707d\ud83d\ude31 \u60f3\u5403\u7684\u9910\u5ef3\u6c92\u958b\uff0c\u610f\u5916\u767c\u73fe\u8d85\u795e\u96b1\u85cf\u5bf6\u85cf\u5e97\ud83d\ude0b\ud83c\uddef\ud83c\uddf5"
        },
        {
            "id": "kodm9vwfWn0",
            "title": "\u65e5\u672c\u6d77\u8cca\u738b\u522e\u522e\u6a02\uff01\u6700\u5927\u734e1000\u842c\ud83e\udd11\ud83e\udd11\ud83e\udd11"
        },
        {
            "id": "d8pwflkVx5A",
            "title": "\u3010\u5341\u9031\u5e74\u4f01\u5283\u3011\u56de\u5230\u5341\u5e74\u524d\u7b2c\u4e00\u6b21\u62cd\u7247\u7684\u5927\u5b78\u5bbf\u820d\u62cd\u7247\u5427\uff01"
        },
        {
            "id": "PZTStKGS6Jc",
            "title": "\u5317\u6d77\u9053\u7684\u300c\u5341\u500d\u96ea\u87f2\u300d\u6709\u591a\u6050\u6016\ud83d\ude31\ud83d\ude31\ud83d\ude31 #shorts #\u5317\u6d77\u9053 #\u96ea"
        },
        {
            "id": "Qu3UkIWyjao",
            "title": "\u4e00\u9593\u7336\u592a\u88d4\u4e09\u5144\u5f1f\u958b\u7684\u7834\u5e03\u5e97\uff0c\u5982\u4f55\u6416\u8eab\u4e00\u8b8a\u6210\u70ba\u5168\u7403\u73a9\u5177\u696d\u5de8\u982d\uff1f\uff5c\u5de8\u982d\u7684\u8d77\u6e90\uff5c\u557e\u557e\u978b"
        },
        {
            "id": "Dn-2srP-CPU",
            "title": "\u70ba\u4ec0\u9ebc\u300c\u9b3c\u300d\u5c31\u61c9\u8a72\u662f\u900f\u660e\u7684\uff1f"
        },
        {
            "id": "SOTjhswhVcE",
            "title": "\u4f86\u81ea\u5370\u5c3c\u7684\u54c1\u9152\u5929\u624d\uff0c\u7adf\u5229\u7528\u81ea\u5df1\u7684\u5929\u8ce6\u88fd\u9020\u5047\u9152\uff0c\u8cfa\u9032\u6578\u5343\u842c\u7f8e\u5143\uff01\uff5c\u557e\u557e\u978b"
        },
        {
            "id": "TfSTgN_5sZo",
            "title": "\u79d1\u5b78\u7814\u7a76\u767e\u6b72\u4eba\u745e\u7684\u8eab\u9ad4\uff0c\u767c\u73fe\u8207\u666e\u901a\u4eba\u6700\u5927\u7684\u4e0d\u540c\u4e4b\u8655\uff01"
        },
        {
            "id": "RiuQnRbns0U",
            "title": "\u7f8e\u570b\u53f2\u4e0a\u6700\u5927\u898f\u6a21\u500b\u8cc7\u7aca\u76dc\u6848\uff01\u4e00\u4eba\u5c0d\u6297FBI\u81e5\u5e95\u8207\u5404\u8def\u99ed\u5ba2\u7684\u300c\u99ed\u5ba2\u4e4b\u738b\u300d\uff01"
        },
        {
            "id": "FHfG5Z2AQqs",
            "title": "\u3010\u6700\u65b0\u6d88\u606f\u3011\u50b3\u8aaa\u4e2d\u7684\u5e38\u6eab\u8d85\u5c0e\u9ad4\uff0c\u73fe\u5728\u9032\u5ea6\u600e\u9ebc\u6a23\u4e86\uff1f"
        },
        {
            "id": "7Sr65OdO3Jo",
            "title": "\u5e38\u6eab\u5e38\u58d3\u8d85\u5c0e\u9ad4\u554f\u4e16\uff01\uff1f\u97d3\u570b\u79d1\u5b78\u5bb6\u6700\u65b0\u7814\u7a76\uff01\u4eba\u985e\u5373\u5c07\u51fa\u73fe\u5168\u65b0\u79d1\u6280\u6a39\uff01"
        },
        {
            "id": "bvMBsyrkauo",
            "title": "\u4f60\u6709\u6253\u904e\u55ce\uff1fAZ\u5982\u4f55\u5f9e\u4e00\u9593\u745e\u5178\u5c0f\u85e5\u5ee0\uff0c\u7d93\u6b77\u7834\u7522\u5f8c\u6d74\u706b\u91cd\u751f\uff0c\u6210\u70ba\u4e16\u754c\u751f\u7269\u88fd\u85e5\u7684\u5de8\u982d\uff01\uff5c\u5de8\u982d\u7684\u8d77\u6e90\uff5c\u557e\u557e\u978b"
        },
        {
            "id": "5SSnC9COzl8",
            "title": "\u7334\u5b50\u5c04\u6c23\u7403\u80fd\u73a9\u6210\u9019\u6a23!? \u5f9e\u982d\u5230\u5c3e\u770b\u4e0d\u5230\u4e00\u9846\u6c23\u7403!!\uff5c\u795e\u626f\u96fb\u73a9\uff5c\u557e\u557e\u978b"
        },
        {
            "id": "iqrGNOCp5Cg",
            "title": "\u9023\u5b9a\u5b58\u90fd\u53ef\u4ee5\u9a19\u523080\u5104\u7f8e\u5143\uff01\u50c5\u6b21\u65bc\u99ac\u591a\u592b\u7684\u9f90\u6c0f\u9a19\u5c40\u4e4b\u738b\uff01\u53f2\u4e39\u4f5b\u91d1\u878d\u96c6\u5718\u8a50\u9a19\u6848"
        },
        {
            "id": "I-asoKsZjHs",
            "title": "\u770b\u4f3c\u5e73\u51e1\u7684\u4e2d\u5e74\u5927\u53d4\uff0c\u53ea\u6191\u4e00\u4eba\u72af\u4e0b\u65b0\u52a0\u5761\u53f2\u4e0a\u6700\u9ad8\u91d1\u984d\u5546\u696d\u8a50\u6b3a\u6848\uff01"
        },
        {
            "id": "QHcbfiqT6Jc",
            "title": "\u4e00\u7a2e\u6f5b\u85cf\u5728\u4f60\u8a18\u61b6\u6df1\u8655\u7684\u8a2d\u8a08\u98a8\u683c\uff0dFrutiger Aero\uff5c\u557e\u557e\u978b"
        },
        {
            "id": "MntW10-wrVY",
            "title": "\u6574\u7406\u623f\u9593\u7d50\u679c\u767c\u73fe\u4e00\u5806\u4e2d\u4e8c\u56de\u61b6\u2026"
        },
        {
            "id": "vYgMcxgqUEU",
            "title": "\u752825\u842c\u8b93AI\u5e6b\u6211\u8cb7\u80a1\u7968\uff01ChatGPT\u6311\u7684\u80a1\u7968\u6703\u8cfa\u9322\u55ce\uff01\uff1f\uff5c\u760b\u72c2\u97ed\u5bae\u683c \u7b2c\u4e09\u5f48\uff5c\u557e\u557e\u978b"
        },
        {
            "id": "IaC-Js3oHsw",
            "title": "\u9019\u90e8\u5f71\u7247\u6bd4\u300c\u51a0\u5e0c\u963f\u5317\u300d\u5c0d\u6bd4\u5716\u9084\u8981\u72e0..."
        },
        {
            "id": "etB3rKPFX7s",
            "title": "\u5275\u696d\u9084\u9806\u4fbf\u6c42\u5a5a\u7684\u5947\u8469\uff0c\u662f\u5982\u4f55\u6253\u9020\u98a8\u9761\u5168\u7403\u7684\u80cc\u5305\u5e1d\u570b\uff1f\uff5cJanSport\uff5c\u5de8\u982d\u7684\u8d77\u6e90"
        },
        {
            "id": "zOAdGYcjo28",
            "title": "\u7d0d\u8c46\u9020\u578b\u62fc\u5716\uff1f\u53ea\u6709\u516d\u7247\u62fc\u8d77\u4f86\u6703\u5f88\u96e3\u55ce\uff1f\uff5c\u557e\u4f86\u8a66\u8a66\uff5c\u557e\u557e\u978b"
        },
        {
            "id": "fMpt4T90Wwk",
            "title": "\u300a\u5766\u514b\u5927\u6230\u300b\u4e16\u754c\u7d00\u9304\uff01\u9019\u6b3e\u904a\u6232\u7684\u524d\u8eab\u8207\u7e8c\u4f5c\u53c8\u6709\u54ea\u4e9b\uff1f| Battle City | \u795e\u626f\u96fb\u73a9 | \u557e\u557e\u978b"
        },
        {
            "id": "Wz96__iXXYI",
            "title": "\u8077\u696d\u683c\u9b25\u9078\u624b\u6253\u6795\u982d\u4ed7\u6703\u662f\u4ec0\u9ebc\u5834\u9762\uff1f#shorts"
        },
        {
            "id": "hlQJE2pCa1o",
            "title": "\u8db3\u7403\uff0b\u684c\u7403\uff1d\uff1f #shorts"
        }
    ]
}