{
    "video_info": {
        "id": "7c_JQtsUnUI",
        "channelTitle": "\u773e\u91cf\u7d1aCROWD",
        "title": "\u5916\u51fa\u624b\u6a5f\u6c92\u96fb\u600e\u9ebc\u8fa6\uff1f\u4fbf\u5229\u5546\u5e97\u4e00\u5206\u9418\u89e3\u6c7a\u4f60\u7684\u554f\u984c\ud83d\ude4b#711 #\u884c\u52d5\u96fb\u6e90 #\u4fbf\u5229\u5546\u5e97",
        "description": "",
        "likeCount": "639",
        "commentCount": "20",
        "viewCount": "24988"
    },
    "comments": [
        {
            "reply_id": "UgxKSXAWCSgMJBf9kzd4AaABAg",
            "reply_content": "\u7121\u804a",
            "likeCount": 2
        },
        {
            "reply_id": "UgyDKceI78fVLkC9ecN4AaABAg",
            "reply_content": "\u524d\u63d0\u662f\u8981\u8a18\u5f97\u5e36\u7dda",
            "likeCount": 0
        },
        {
            "reply_id": "UgyK46PprHgMbxL8m5l4AaABAg",
            "reply_content": "\u8b1d\u8b1d\u5206\u4eab",
            "likeCount": 0
        }
    ]
}