{
    "video_info": {
        "id": "gbwl29QUTyM",
        "channelTitle": "\u773e\u91cf\u7d1aCROWD",
        "title": "Fun ways to interact with friends\ud83e\udd2dTag\u4f60\u62c9\ud83d\udca9\u7b2c\u4e00\u540d\u7684\u670b\u53cb\u4e00\u8d77\u62cd\uff01",
        "description": "#\u60c5\u4fb6 #\u60c5\u4fb6\u651d\u5f71 #\u773e\u91cf\u7d1acrowd #andy\u8001\u5e2b #\u5bb6\u5be7 #\u842c\u8056\u7bc0 #halloween",
        "likeCount": "243",
        "commentCount": "3",
        "viewCount": "7669"
    },
    "comments": [
        {
            "reply_id": "UgxffBYtjsZ_uLT81GF4AaABAg",
            "reply_content": "\u5b8c\u4e86\u8981\u68d2\u8cfd\u6050\u61fc\u4e86",
            "likeCount": 2
        }
    ]
}