{
    "channel": {
        "title": "\u611b\u8389\u838e\u838e Alisasa",
        "id": "UCAKJ0tmI_RMXqTgxL_OMfIg",
        "customUrl": "@alisasa_official",
        "uploads": "UUAKJ0tmI_RMXqTgxL_OMfIg"
    },
    "videos": [
        {
            "id": "kBBECIDjZmU",
            "title": "\u98db\u53bb\u7f8e\u570b\u770b\u5bb6\u4eba\u6700\u5f8c\u4e00\u9762\ud83d\ude2d\uff5c\u611b\u8389\u838e\u838eAlisasa"
        },
        {
            "id": "5NmVlctA0vY",
            "title": "\u7537\u53cb\u62cd\u7167\u592a\u919c\uff1f\u4e94\u62db\u628a\u7537\u53cb\u8a13\u7df4\u6210\u651d\u5f71\u9ad8\u624b\ud83d\ude0e\uff5c\u611b\u8389\u838e\u838eAlisasa"
        },
        {
            "id": "CL9od4KNSx4",
            "title": "\u9996\u6b21\u516c\u958b\u6211\u5c0f\u6642\u5019\u4f4f\u7684\u5730\u65b9\u2764\ufe0f\u82b1370\u842c\u91cd\u65b0\u88dd\u6f62\uff5c\u611b\u8389\u838e\u838eAlisasa"
        },
        {
            "id": "nSJJqqbURE4",
            "title": "\u97d3\u570b\u91d1\u5b57\u5854\u9802\u7aef\u7684\u751f\u6d3b\u6709\u591a\u5962\u83ef\uff1f\ud83d\ude31\u97d3\u570b\u96fb\u5546\u8001\u95c6\u597d\u72c2\u554a\u2026\uff5c\u611b\u8389\u838e\u838eAlisasa"
        },
        {
            "id": "FDo6lwd6zyE",
            "title": "\u79df\u623f\u7279\u8f2f\ud83c\udfe0\u5728\u53f0\u5317\u300c\u4e00\u842c\u300d\u5230\u300c\u5341\u842c\u300d\u53ef\u4ee5\u79df\u5230\u600e\u6a23\u7684\u623f\u5462\uff1f\uff5c\u611b\u8389\u838e\u838eAlisasa"
        },
        {
            "id": "wPNM1b6Izp0",
            "title": "\u4e0d\u6562\u4e00\u500b\u4eba\u53bb\u4e2d\u5c71\u7ad9\uff1f\ud83d\ude31\u539f\u4f86\u4e2d\u5c71\u7ad9\u90a3\u9ebc\u591a\u4eba\u642d\u8a15\u662f\u70ba\u4e86\u2026.\uff1f\uff5c\u611b\u8389\u838e\u838eAlisasa"
        },
        {
            "id": "mL-nynoop-Y",
            "title": "\u97d3\u570b\u85e5\u599d\u5e97\ud83c\uddf0\ud83c\uddf7OLIVE YOUNG\u92b7\u552e\u6392\u884c\u524d\u5341\u540d\uff01\uff5c\u611b\u8389\u838e\u838eAlisasa"
        },
        {
            "id": "P2--mr5GN-c",
            "title": "\u5bf5\u7537\u53cb\u4f01\u5283\uff01\u4e00\u6574\u5929\u505a\u300c\u7c73\u5176\u6797\u7b49\u7d1a\u6cd5\u5f0f\u6599\u7406\ud83c\uddeb\ud83c\uddf7\u300d\u7d66\u7537\u53cb\u5403\u2764\ufe0f\uff5c\u611b\u8389\u838e\u838eAlisasa"
        },
        {
            "id": "yPWq0Z5VkZ8",
            "title": "\u5e74\u85aa1000\u842c\u7684YouTuber\u771f\u5be6\u7684\u4e00\u5929\ud83d\ude31\uff5c\u611b\u8389\u838e\u838eAlisasa"
        },
        {
            "id": "fXgBxWHbtf4",
            "title": "\u677f\u6a4b\u7f8e\u98df\u7279\u8f2f\u2764\ufe0f100\u5143\u4ee5\u5167\u8d85\u9053\u5730\u6cf0\u5f0f\u6599\u7406\uff5c\u53f0\u7063\u7b2c\u4e00\u7c73\u7cd5\u7adf\u7136\u5728\u677f\u6a4b\uff1f\uff5c\u611b\u8389\u838e\u838eAlisasa"
        },
        {
            "id": "BFa__tTU5H8",
            "title": "\u58be\u4e01\u7269\u50f9\u6bd4\u53f0\u5317\u9ad8\uff1f\ud83d\ude31 \u58be\u4e01Vlog \u6d77\u666f\u65c5\u9928/\u58be\u4e01\u5c45\u9152\u5c4b/\u885d\u6d6a/\u58be\u4e01\u6d77\u9bae\uff5c\u611b\u8389\u838e\u838eAlisasa"
        },
        {
            "id": "8GsLWTpHR1w",
            "title": "\u97d3\u570b\u7d05\u4ec0\u9ebc\ud83c\uddf0\ud83c\uddf72023\u5e74\u5341\u5927Y2K\u55ae\u54c1\u51fa\u7210\uff01\uff5c\u611b\u8389\u838e\u838eAlisasa"
        },
        {
            "id": "1J9y0CuFu00",
            "title": "\u6700\u5962\u83ef\u54e1\u5de5\u65c5\u904a\uff0c\u65e5\u672c\u91ce\u6fa4\u6ed1\u96ea\u4e94\u5929\u56db\u591c\ud83c\uddef\ud83c\uddf5\uff5c\u611b\u8389\u838e\u838eAlisasa"
        },
        {
            "id": "UrxT9mJkd1M",
            "title": "\u795e\u6e96\ud83d\ude31\u8acb\u300c\u7c21\u5c11\u5e74\u300d\u5e6b\u6211\u7b97\u6211\u7684\u611b\u60c5\u53ca\u547d\u904b\uff01\uff5c\u611b\u8389\u838e\u838eAlisasa"
        },
        {
            "id": "end2I1C6mmc",
            "title": "\u571f\u8033\u5176\u8d85\u9053\u5730\u300c\u5fc5\u5403\u7f8e\u98df\u300d\u2764\ufe0f\u8ddf\u8457\u6211\u5403\u4e0d\u7528\u518d\u8ddf\u5718\u4e86\ud83d\ude02\uff5c\u611b\u8389\u838e\u838eAlisasa"
        },
        {
            "id": "QStog8RqDYY",
            "title": "\u90a3\u4e9b\u5e74\u6211\u5011\u7684Metoo\u4e8b\u4ef6\uff5c\u611b\u8389\u838e\u838eAlisasa"
        },
        {
            "id": "M66FeeFUkoU",
            "title": "\u6574\u500b\u623f\u9593\u90fd\u662f\u7121\u5370\u826f\u54c1\u2764\ufe0fFUNTE\u5347\u964d\u684c/Brother\u6a19\u7c64\u6a5f/ALSS\u9999\u6c1b\uff5c\u611b\u8389\u838e\u838eAlisasa"
        },
        {
            "id": "h7JiQc37ue4",
            "title": "\u7c89\u7d72\u6c7a\u5b9a\u6211\u7684\u4e00\u5929\ud83c\uddf0\ud83c\uddf7Blackpink\u5316\u599d\u5ba4\u300c\u4e00\u842c\u53f0\u5e63\u300d\u599d\u5bb9\uff01\ud83d\ude31\uff5c\u611b\u8389\u838e\u838eAlisasa"
        },
        {
            "id": "f8KDvH82Rz8",
            "title": "\u6211\u7684\u52a9\u7406\u8b8a\u7626\u5566\ud83d\ude31\u6e1b\u80a5\u904e\u7a0b\u5927\u516c\u958b\uff01\uff5c\u611b\u8389\u838e\u838eAlisasa"
        },
        {
            "id": "wklMTrrkyY4",
            "title": "\u70ba\u7d50\u5a5a\u505a\u6e96\u5099\u2764\ufe0fFt.\u7fbd\u7403\u6559\u7df4\uff5c\u611b\u8389\u838e\u838eAlisasa"
        },
        {
            "id": "ZnoDNwVj1FU",
            "title": "\u6211\u5bb6\u8b8a\u8d85\u7f8e\ud83d\ude0e\u8acb\u77e5\u540d\u300c\u690d\u7269\u98a8\u683c\u5e2b\u300d\u6539\u9020\u6211\u7684\u5bb6\uff01Ft.Yuty\u8001\u5e2b\uff5c\u611b\u8389\u838e\u838eAlisasa"
        },
        {
            "id": "A68DpNWYjfg",
            "title": "\u9084\u539f\u300c\u5bb6\u66b4\u4e8b\u4ef6\u300d\u771f\u76f8\ud83d\udc94\uff5c\u611b\u8389\u838e\u838eAlisasa"
        },
        {
            "id": "Ssth3MmfyOA",
            "title": "\u4e00\u5929\u82b150000\u53f0\u5e63\ud83c\uddef\ud83c\uddf5\u4f4f\u6771\u4eac\u8fea\u58eb\u5c3c\u98ef\u5e97\u2764\ufe0f\u5404\u7a2e\u6c92\u770b\u904e\u7684\u300c\u9a5a\u559c\u670d\u52d9\u300d\u2026.Ft.\u7fbd\u7403\u6559\u7df4\uff5c\u611b\u8389\u838e\u838eAlisasa"
        },
        {
            "id": "_1r1fHHIH5Y",
            "title": "\u3010\u91cd\u8981\u516c\u544a\u3011\u6211\u5275\u4e86\u4e00\u500b\u5c45\u5bb6\u751f\u6d3b\u54c1\u724c\uff0c\u53eb\u505aALSS\u2764\ufe0f\uff5c\u611b\u8389\u838e\u838eAlisasa"
        },
        {
            "id": "njBtzenmmcQ",
            "title": "\u6bd4\u820a\u5bb6\u8a2d\u8a08\u597d\u592a\u591a?!\ud83d\ude02\u516c\u958b\u65b0\u5bb6\u7684\u9078\u7269\u548c\u8a2d\u8a08\u7d30\u7bc0\uff5c\u611b\u8389\u838e\u838eAlisasa"
        },
        {
            "id": "K461I5fAzZw",
            "title": "Le labo\u6771\u4eac\u6709\u4e0a\u699c\uff1f\u7121\u696d\u914d\u958b\u7bb1\u611b\u7528\u9999\u6c34\u524d5\u540d\ud83d\ude0d\uff5c\u611b\u8389\u838e\u838eAlisasa"
        },
        {
            "id": "L6RKttvEuhc",
            "title": "\u7aae\u5230\u4ed8\u4e0d\u51fa\u8cb8\u6b3e\uff1f\u5931\u6200\ud83d\udc94\uff1f\u56de\u98672022\u7684\u4e94\u4ef6\u4eba\u751f\u5927\u4e8b\uff01\uff5c\u611b\u8389\u838e\u838eAlisasa"
        },
        {
            "id": "TdEf4GtlFqI",
            "title": "\u88dd\u6f62\u7f8e\u5230\u54ed\ud83d\ude2d\u958b\u7bb1\u6211\u4eba\u751f\u7b2c\u4e8c\u9593\u623f\u5b50\uff01\uff5c\u611b\u8389\u838e\u838eAlisasa"
        },
        {
            "id": "RsgUsWIqTuw",
            "title": "\u53bb\u9996\u723e\u505a\u4eca\u5e74\u6700\u6d41\u884c\u7684\u300c\u547d\u5b9a\u8272\u5f69\u9451\u5b9a\u300d\ud83c\uddf0\ud83c\uddf7\u505a\u5b8c\u7acb\u523b\u5927\u6539\u9020\uff01\uff5c\u611b\u8389\u838e\u838eAlisasa"
        },
        {
            "id": "IytLwjziXKk",
            "title": "\u3010YouTuber\u4ea4\u63db\u6a5f\u7968\u3011\u62bd\u5230\u6cbb\u5b89\u582a\u6182\u7684\u83f2\u5f8b\u8cd3\ud83c\uddf5\ud83c\udded\u2026\u5982\u4f55\u5ea6\u904e\u5145\u6eff\u5371\u96aa\u768472\u5c0f\u6642\uff1f#\u8056\u8a95\u7bc0\u4ea4\u63db\u6a5f\u7968\uff5c\u611b\u8389\u838e\u838eAlisasa"
        },
        {
            "id": "tf5WktvDV2w",
            "title": "120\u842c\u8a02\u95b1Q&A\u4f86\u4e86\ud83d\ude31\u56de\u7b54\u597d\u591a\u5e73\u5e38\u4e0d\u6562\u8b1b\u7684\u554f\u984c\u2026\uff5c\u611b\u8389\u838e\u838eAlisasa"
        },
        {
            "id": "fawPpuTova8",
            "title": "\u6211\u7684\u300c\u81ea\u5a92\u9ad4\u92b7\u552e\u5b78\u300d\u7dda\u4e0a\u8ab2\uff0c\u8981\u958b\u8ce3\u5566\uff01\uff5c\u611b\u8389\u838e\u838eAlisasa #shorts #shortvideo"
        },
        {
            "id": "-cd6wGCLitc",
            "title": "\u958b\u7bb1\u6211\u7684\u300c\u5730\u8868\u6700\u5f37\u52a9\u7406\u300d! \u4e0a\u8f29\u5b50\u6709\u597d\u597d\u71d2\u9999\u624d\u8058\u7684\u5230\u2026\ud83d\ude2d\uff5c\u611b\u8389\u838e\u838eAlisasa"
        },
        {
            "id": "JiptNQ1m6jA",
            "title": "\u82b138000\u5143\u300c\u7121\u75db\u642c\u5bb6\u300d\ud83d\ude31\u4e0d\u7528\u6253\u5305\uff0c\u5c31\u80fd\u4e00\u65e5\u5167\u5165\u4f4f\u65b0\u5bb6\uff1f\uff5c\u611b\u8389\u838e\u838eAlisasa"
        },
        {
            "id": "E1LTQjIh1pE",
            "title": "\u53f0\u7063\u6700\u8cb4\u6c11\u5bbf\u5728\u5b9c\u862d\uff1f\u4e86\u4e86\u7901\u6eaa\u771f\u7684\u592a\u8b93\u6211\u9a5a\u8277\u4e86\u2026..\uff5c\u611b\u8389\u838e\u838eAlisasa"
        },
        {
            "id": "R6bnjeB499I",
            "title": "\u7269\u50f9\u53ea\u8981\u53f0\u5317\u4e09\u5206\u4e4b\u4e00?! \u767c\u6398\u4e00\u5806\u300c\u5c4f\u6771\u8d85\u5e73\u50f9\u7f8e\u98df\u300d\u2764\ufe0f\uff5c\u611b\u8389\u838e\u838eAlisasa"
        },
        {
            "id": "65hUciKYBGc",
            "title": "\u5bcc\u904a\u91dc\u5c71\ud83c\uddf0\ud83c\uddf7\u9ad8\u7d1a\u884c\u7a0b+\u81ea\u99d5 \u8ddf\u4ee5\u524d\u7aae\u904a\u5dee\u592a\u591a\u4e86\u2026\ud83d\ude05\uff5c\u611b\u8389\u838e\u838eAlisasa"
        },
        {
            "id": "OzzsOFAVAOg",
            "title": "\u5165\u4f4f\u97d3\u570b\u91d1\u5b57\u5854\u9802\u7aef\u98ef\u5e97\u54c1\u724cSigniel\u91dc\u5c71\uff01\u8d85\u72c2\u6d77\u666f\u7b2c\u4e00\u6392\uff5c\u611b\u8389\u838e\u838eAlisasa"
        },
        {
            "id": "piLKTKvW3L0",
            "title": "\u6311\u6230\u4eba\u985e\u908a\u7de3\u6975\u9650\ud83d\ude2d\u4e00\u4eba\u904a\u5a01\u65af\u6c40\u9152\u5e97\uff01\u597d\u5b64\u7368\u5440\uff5c\u611b\u8389\u838e\u838eAlisasa"
        },
        {
            "id": "K_0V3eArMW8",
            "title": "\u9996\u723e\u5927\u7206\u8cb7\ud83d\udd25\u5e97\u54e1\u5f88\u5147\u7684\u901b\u8857\u8056\u5730\u300c\u6f22\u5357\u6d1e\u300d\u901b\u8857\u4e00\u65e5\u904aVlog\uff01\uff5c\u611b\u8389\u838e\u838eAlisasa"
        },
        {
            "id": "Pz0q-EMQM70",
            "title": "\u62cd\u5230\u73fe\u884c\u72af\u4e86?! \u5728\u6cf0\u570b\u76f8\u6a5f\u548c\u9322\u5305\u90fd\u88ab\u5077\u4e86\ud83d\ude2d\u6cbb\u5b89\u597d\u5dee\uff01\uff5c\u611b\u8389\u838e\u838eAlisasa"
        },
        {
            "id": "3NNwKnGqMRQ",
            "title": "\u7121\u6cd5\u60f3\u50cf\u7684\u9ad8\u7d1a\u4eab\u53d7\ud83d\ude31\uff01\u53bb\u4f4f\u4e94\u5929\u56db\u591c\u6cf0\u570b\u66fc\u8c37\u534a\u5cf6\u9152\u5e97\uff01\uff5c\u611b\u8389\u838e\u838eAlisasa"
        },
        {
            "id": "mbVj_H0Eif0",
            "title": "\u7b28\u86cb\u7cfbYouTuber \u667a\u5546\u5927PK! \u611b\u8389\u838e\u838e\u8ddf\u963f\u5713\uff0c\u8ab0\u6bd4\u8f03\u8070\u660e\u5462\uff1f\uff5c\u611b\u8389\u838e\u838eAlisasa"
        },
        {
            "id": "tdMoI8IAsXY",
            "title": "\u3010\u97d3\u570b\u7d05\u4ec0\u9ebc#7\u3011\u4eca\u5e74\u97d3\u570b\u7adf\u7136\u958b\u59cb\u6d41\u884c\u300c\u6cd5\u570b\u98a8\u300d\uff1f\u9996\u723e\u8857\u982d\u76f4\u64ca2022\u590f\u5b63\u7248\uff01\uff5c\u611b\u8389\u838e\u838eAlisasa"
        },
        {
            "id": "GifKcBWwAdU",
            "title": "\u777d\u9055\u4e09\u5e74\u4f86\u97d3\u570b\ud83c\uddf0\ud83c\uddf7\u4e94\u661f\u7d1a\u98ef\u5e97\u670d\u52d9\u4ee4\u4eba\u50bb\u773c\u2026..\ud83d\ude31\uff5c\u611b\u8389\u838e\u838eAlisasa"
        },
        {
            "id": "itmXRBAguVE",
            "title": "\u76f4\u63a5\u516c\u958bYouTube\u6536\u76ca\ud83d\ude31\u767e\u842cYouTuber\u4e00\u500b\u6708\u53ef\u4ee5\u8cfa\u591a\u5c11\u9322\uff1f\uff5c\u611b\u8389\u838e\u838eAlisasa"
        },
        {
            "id": "rMcZW7bmP9Q",
            "title": "\u6211\u5011\u5206\u624b\u4e86?\ud83d\udc94\u8ddf\u4e09\u539f\u4e00\u5e74\u6c92\u898b\u9762\uff0c\u6211\u5011\u7684\u95dc\u4fc2\u662f\u2026..@yishu_kazuki @SanyuanJAPAN2015 \uff5c\u611b\u8389\u838e\u838eAlisasa"
        },
        {
            "id": "MrV6gQv_Xdc",
            "title": "\u53c8\u8cb7\u623f\u4e86?! \u958b\u7bb1\u6211\u8cb7\u7684\u7b2c\u4e8c\u68df\u623f\u5b50\ud83d\ude0e\uff5c\u611b\u8389\u838e\u838eAlisasa"
        },
        {
            "id": "TH5lfOMfpGg",
            "title": "\u9ad8\u5b78\u6b77\u5973Youtuber\u667a\u529b\u5927\u5c0d\u6c7a\ud83d\udd25 \u7406\u79d1VS\u6587\u7d44~\u8ab0\u6bd4\u8f03\u8070\u660e\u5462?! @liketaitai \uff5c\u611b\u8389\u838e\u838eAlisasa"
        },
        {
            "id": "CZCfHF7QL-w",
            "title": "\u8ddfPony\u5927\u795ePK\u5316\u599d\ud83d\ude02\u7528\u540c\u6a23\u7684\u5316\u599d\u54c1\uff0c\u6703\u6709\u4ec0\u9ebc\u5dee\u5225\u5462\uff1fFt.@PONYMakeup \uff5c\u611b\u8389\u838e\u838eAlisasa"
        },
        {
            "id": "e98aL22A-tA",
            "title": "\u7b2c\u4e00\u6b21\u81ea\u5df1DIY\u6539\u9020\u623f\u9593\uff01\ud83d\ude0d\u5c0f\u9810\u7b97\u5927\u6539\u9020\uff0c\u7adf\u7136\u9019\u9ebc\u7f8e\uff01\uff5c\u611b\u8389\u838e\u838eAlisasa"
        },
        {
            "id": "hfkRJPjOkhg",
            "title": "\u6539\u9020\u6210\u679c\u592a\u9a5a\u4eba?!\ud83d\ude31Penny\u7adf\u7136\u662f\u6f5b\u529b\u80a1\u300c\u8d85\u7d1a\u7f8e\u5973\u300d?!\uff5c\u611b\u8389\u838e\u838eAlisasa"
        },
        {
            "id": "QRXPEp0rOCo",
            "title": "\u300c\u708e\u4e0a\u5973\u738b\u5011\u300d\u53ef\u4ee5\u6210\u70ba\u670b\u53cb\u55ce\uff1f\ud83d\ude02\u8207NanaQ\u4ea4\u63db\u751f\u6d3b\u4e00\u5929@NanaQ \uff5c\u611b\u8389\u838e\u838eAlisasa"
        },
        {
            "id": "6S0rSgNgDPs",
            "title": "\u6bd4\u97d3\u570b\u9084\u9053\u5730\ud83d\ude31?! \u4e94\u5bb6\u53f0\u5317\u6700\u53d7\u6b61\u8fce\u7684\u97d3\u5f0f\u9910\u5ef3\ud83c\uddf0\ud83c\uddf7\uff5c\u611b\u8389\u838e\u838eAlisasa"
        },
        {
            "id": "Q6P4YI4j4hI",
            "title": "\u7121\u804a\u7684\u7247\ud83d\ude2d\u516c\u958b\u771f\u5be6\u7684\u611b\u8389\u838e\u838e\u600e\u9ebc\u904e\u4e00\u5929\u5462\uff1f\uff5c\u611b\u8389\u838e\u838eAlisasa"
        },
        {
            "id": "QjYW6pEt_mc",
            "title": "\u82b1\u5169\u842c\u56db\u5343\u5143! \u8acb\u300c\u570b\u5e2b\u300d\u8abf\u98a8\u6c34\uff01\u9806\u4fbf\u9451\u5b9a\u6211\u7684\u842c\u83ef\u5c0f\u5b85....\uff5c\u611b\u8389\u838e\u838eAlisasa"
        },
        {
            "id": "-ve5_kTA4ZM",
            "title": "\u5206\u4eab\u8fd1\u671f\u5f69\u599d\u5927\u7a81\u7834\u2764\ufe0f\u4e03\u500b\u300c\u97d3\u570b\u5316\u599d\u79d8\u8a23\u300d\u8b93\u4f60\u97d3\u5230\u4e0d\u8981\u4e0d\u8981\uff01\uff5c\u611b\u8389\u838e\u838eAlisasa"
        },
        {
            "id": "p1wJn_9fwpU",
            "title": "\u9019\u6b21\u771f\u7684\u6200\u611b\u4e86\u2764\ufe0f\u975e\u696d\u914d\uff5c\u611b\u8389\u838e\u838eAlisasa"
        },
        {
            "id": "w0PE8ALoRuQ",
            "title": "\u516c\u958b\u4f60\u6240\u4e0d\u77e5\u9053\u7684\u611b\u8389\u838e\u838e\uff01\u723a\u723a\u8eab\u5206\u7adf\u7136\u662f\u2026.\uff1f\uff5c\u611b\u8389\u838e\u838eAlisasa"
        },
        {
            "id": "0HVFk0MHtuY",
            "title": "\u8ddf\u65e5\u672c\u4eba\u73a9\u4e00\u6574\u665a\u6797\u68ee\u5317\u8def\u300c\u65e5\u5f0f\u9152\u5e97\u300d\u2764\ufe0f\u8abf\u67e5\u83ef\u71c8\u521d\u4e0a\u600e\u9ebc\u8ce3\u66d6\u6627\u5462..\uff1f\uff5c\u611b\u8389\u838e\u838eAlisasa"
        },
        {
            "id": "b0t-w0K3m9U",
            "title": "\u958b\u7bb1\u53f0\u5317\u4e00\u500b\u670850000\u5143\u300c\u9ad8\u6a94\u5065\u8eab\u623f\u300d\ud83d\ude31\u5230\u5e95\u6709\u591a\u9ad8\u7d1a\u5462\uff1f\uff5c\u611b\u8389\u838e\u838eAlisasa"
        },
        {
            "id": "OqU0uM8ihSw",
            "title": "\u5e6bPenny\u516c\u958b\u5fb5\u53cb\ud83d\ude0e\u7adf\u7136\u7d04\u5230\u300c\u8d85\u5e25\u6b50\u7238\u300d?!\uff5c\u611b\u8389\u838e\u838eAlisasa"
        },
        {
            "id": "PS6NOZqIS_s",
            "title": "\u6e05\u5927\u5b78\u9738\u8003\u65e5\u6aa2\uff1f\ud83d\ude31\u7a76\u7adf\u53ef\u4ee5\u8003\u5230\u5e7e\u7d1a\u5462\uff1f\uff5c\u611b\u8389\u838e\u838eAlisasa"
        },
        {
            "id": "j6Iqm30EkeQ",
            "title": "\u7531\u5962\u5165\u5109\u96e3\ud83d\ude2d\uff1f\u7d93\u904e\u300c\u722d\u8b70\u4e8b\u4ef6\u300d\u5f8c\u4eba\u751f\u7684\u5341\u5927\u6539\u8b8a\uff01\uff5c\u611b\u8389\u838e\u838eAlisasa"
        },
        {
            "id": "PxpWR-pK5XQ",
            "title": "\u8ddf\u9694\u58c1\u300c\u8cb4\u5a66\u9130\u5c45\u300d\u904e\u4e00\u5929\ud83d\ude31\u7121\u6cd5\u60f3\u50cf\u7684\u5962\u83ef\u751f\u6d3b ?!\uff5c\u611b\u8389\u838e\u838eAlisasa"
        },
        {
            "id": "VOlYO3gxjNo",
            "title": "\u96e3\u5f97\u7684\u806f\u540d\u978b\u767c\u8868\u6703\u2026\u7adf\u7136\u9047\u5230\u300c\u6050\u6016\u7c89\u7d72\ud83d\ude31\u300d\uff1f\uff5c\u611b\u8389\u838e\u838eAlisasa"
        },
        {
            "id": "On_hdIcuyUk",
            "title": "\u592a\u58de\u4e86\uff01\u8ddfYouTuber\u5011\u4ea4\u63db\u79ae\u7269\uff01\u7adf\u7136\u662f\u6211\u4e00\u8f29\u5b50\u90fd\u4e0d\u60f3\u770b\u5230\u7684\u2026.\uff08\u9ec3\u6c0f.\u53cd\u9aa8.\u963f\u560e.\u69ae\u745e.\u9b5a\u4e7e.\u91cd\u91cf\u7d1a.\u641e\u795e\u99ac.\u963f\u5713\uff09#\u767d\u76ee\u8056\u8a95\u7bc0\uff5c\u611b\u8389\u838e\u838eAlisasa"
        },
        {
            "id": "9SGIOn-cw6M",
            "title": "\u9152\u5f8c\u5927\u5931\u63a7\uff01\u559d\u5230\u5728\u4fe1\u7fa9\u5340\u88ab\u964c\u751f\u4eba\u64bf\u8d70\uff1f\uff5c\u611b\u8389\u838e\u838eAlisasa"
        },
        {
            "id": "trGLOcqI724",
            "title": "\u6211\u51a5\u60f3\u6642\u767c\u751f\u7684\u300c\u8d85\u81ea\u7136\u9ad4\u9a57\u300d\u2728\u51a5\u60f329\u5c0f\u6642\u8eab\u9ad4\u5fc3\u7406\u767c\u751f\u4ec0\u9ebc\u8b8a\u5316\uff1f\uff5c\u611b\u8389\u838e\u838eAlisasa"
        },
        {
            "id": "BCoE2knCKvI",
            "title": "\u4e0d\u662f\u4eba\u904e\u7684\u751f\u6d3b\ud83d\ude31\uff1f\u53bbPenny\u8001\u5bb6\u4f4f\u4e00\u5929\u9ad4\u9a57\u8ca7\u7aae\u751f\u6d3b\uff01Ft.@house_lab \uff5c\u611b\u8389\u838e\u838eAlisasa"
        },
        {
            "id": "pG-8sK5E3Nc",
            "title": "\u5ee2\u7269\u838e\u838e\u6311\u6230\u300c\u4e00\u9031\u81ea\u5f8b\u9b54\u4eba\u300d\u751f\u6d3b\ud83d\udcaa\ud83c\udffb\u8eab\u9ad4\u7adf\u7136\u7522\u751f\u8d85\u795e\u5947\u7684\u8b8a\u5316\u2026..\uff5c\u611b\u8389\u838e\u838eAlisasa"
        },
        {
            "id": "jRWwaNj-3d4",
            "title": "Gay\u90fd\u53bb\u54ea\u88e1\u7d04\u6703\u5462\uff1f\u5c3a\u5ea6\u5927\u5230\u985b\u8986\u4e09\u89c0\ud83d\ude31@big_star_ken \uff5c\u611b\u8389\u838e\u838eAlisasa"
        },
        {
            "id": "BsrYUrNZKgY",
            "title": "\u4ea4\u53cb\u5be6\u6e2c\uff01\u7537\u751f\u7d04\u6703\u9047\u5230\u300c\u8d85\u62dc\u91d1\u53f0\u5973\u300d\uff0c\u6703\u6709\u4ec0\u9ebc\u53cd\u61c9\u5462\uff1f\uff5c\u611b\u8389\u838e\u838eAlisasa"
        },
        {
            "id": "maq4V3g6mo8",
            "title": "\u597d\u7528\u5230\u7ffb\ud83d\udd25Apple Watch \u4f7f\u7528\u534a\u5e74\u5fc3\u5f97\uff01\u5c0d\u5973\u751f\u4f86\u8aaa\u6700\u597d\u7528\u7684\u5730\u65b9\u662f...?\uff5c\u611b\u8389\u838e\u838eAlisasa"
        },
        {
            "id": "OVoIC1915j4",
            "title": "\u7d66\u300c\u8d85\u7bc0\u7701\u300d\u7684\u670b\u53cb10000\u5143...\u5979\u6703\u600e\u9ebc\u82b1\u9322\u5462\uff1fft.\u5c0f\u5b85\u5be6\u9a57Penny \uff5c\u611b\u8389\u838e\u838eAlisasa"
        },
        {
            "id": "eqUoebHZ3Fo",
            "title": "\u597d\u5e02\u591a\u5fc5\u8cb7\ud83d\ude0d\u5df2\u7d93\u56de\u8cfc100\u6b21\u7684\u6771\u897f\u662f\u2026\uff1f@SanyuanJAPAN2015 \uff5c\u611b\u8389\u838e\u838eAlisasa"
        },
        {
            "id": "OF0OEYWujw0",
            "title": "\u62b1\u6028\u5ee0\u5546\ud83d\udc94\u958b\u7bb1MUJI\u7121\u5370\u826f\u54c1\u6700\u96e3\u7528\u768410\u500b\u5546\u54c1\uff01\uff08\u7d14\u5c6c\u500b\u4eba\u610f\u898b\uff09\uff5c\u611b\u8389\u838e\u838eAlisasa"
        },
        {
            "id": "HrFYoD28Xfk",
            "title": "\u4ea4\u53cb\u653b\u7565\u2764\ufe0f\u516c\u958b3\u5206\u9418\u5167\u628a\u7537\u751f\u7d04\u51fa\u4f86\u7684\u8d85\u5f37\u6230\u8853 \uff01 \u4ea4\u53cb\u8edf\u9ad4\u4e0a\u7adf\u7136\u7d04\u5230\u300c\u8d85\u7d1a\u5929\u83dc\u300d\ud83e\udd23\uff5c\u611b\u8389\u838e\u838eAlisasa"
        },
        {
            "id": "Or2lrFu3nK4",
            "title": "\u4e0d\u5fcd\u4e86\uff01\u56de\u8986\u5927\u5bb6\u5c0d\u6211\u7684\u6307\u63a7\ud83d\udd25\uff5c\u611b\u8389\u838e\u838eAlisasa"
        },
        {
            "id": "y-F_rkTW3Fo",
            "title": "\u3010\u97d3\u570b\u7d05\u4ec0\u9ebc#6\u30112021\u97d3\u570b\u6d41\u884c\u8da8\u52e2\u5206\u6790\ud83c\uddf0\ud83c\uddf7\uff5c\u611b\u8389\u838e\u838eAlisasa"
        },
        {
            "id": "upobnZ66Bio",
            "title": "\u6158\u4e0d\u5fcd\u7779\u7684\u8ca7\u7aae\u751f\u6d3b?\ud83d\ude31\u6211\u7684\u300c\u95a8\u871c\u651d\u5f71\u5e2b\u300d\u7adf\u7136\u4f4f\u5728\u9019\u7a2e\u5730\u65b9\u2026\uff1ffeat @aulf2imyusyuan \uff5c\u611b\u8389\u838e\u838eAlisasa"
        },
        {
            "id": "akrY5hmspsA",
            "title": "\u592a\u597d\u7528\uff01\u6311\u623030\u5929\u7df4\u7fd2iPad Pro\u4e00\u5c0f\u6642\ud83d\ude31\u4e00\u500b\u6708\u5f8c\u7adf\u7136\u8b8a\u6210iPad\u9054\u4eba\uff1f\uff5c\u611b\u8389\u838e\u838eAlisasa"
        },
        {
            "id": "HSTLZQ0PeZ4",
            "title": "\u6211\u62cd\u7684\u5f88\u721b\u7684\u5ee2\u7247\ud83d\ude2d\uff5c\u611b\u8389\u838e\u838eAlisasa"
        },
        {
            "id": "vx_cjIrSgwA",
            "title": "\u4e00\u5929\u4e09\u9910\u96fb\u70e4\u76e4\u7f8e\u98df\uff01Stayhome\u5403\u97d3\u5f0f\u70e4\u8089\ud83c\uddf0\ud83c\uddf7+\u5c0f\u706b\u934b+\u7ae0\u9b5a\u71d2\uff5c\u611b\u8389\u838e\u838eAlisasa"
        },
        {
            "id": "adDW8Pc6fdw",
            "title": "\u3010\u5fae\u5287\u900f\u30112021\u4e0a\u534a\u6536\u8996\u7387\u6700\u9ad8\u7684\u97d3\u5287\u662f.....\uff1f\u2764\ufe0f\uff5c\u611b\u8389\u838e\u838eAlisasa"
        },
        {
            "id": "jZsrHqjzKfA",
            "title": "\u6975\u5ea6\u8271\u82e6\uff01\u75ab\u60c5\u6642\u771f\u6b63\u7684\u842c\u83ef\u4eba\uff0c\u5982\u4f55\u5ea6\u904e\u4e00\u5929Vlog\ud83d\ude2d\uff1f\uff5c\u611b\u8389\u838e\u838eAlisasa"
        },
        {
            "id": "EhGRdcf5Wgo",
            "title": "\u7b2c\u4e00\u6b21\u8ddf\u4e09\u539f\u300c\u5169\u5929\u4e00\u591c\u300d\u65c5\u884c\u2764\ufe0f\u6703\u767c\u751f\u4ec0\u9ebc\u300c\u795e\u79d8\u767c\u5c55\u300d\u5462\uff1f@SanyuanJAPAN2015  \uff5c\u611b\u8389\u838e\u838eAlisasa"
        },
        {
            "id": "1BY_X_8tZ1Y",
            "title": "\u975e\u696d\u914d\uff01\u8eab\u70baMUJI\u6700\u9ad8\u7b49\u7d1a\u6703\u54e1\u2764\ufe0f\u6700\u63a8\u85a6\u5fc5\u8cb7\u7684Top10\u597d\u7269\uff01\uff5c\u611b\u8389\u838e\u838eAlisasa"
        },
        {
            "id": "UQ5hqjQESJM",
            "title": "\u7d42\u65bc\u8a02\u5230\u300c\u8001\u82f1\u683c\u862d\u838a\u5712\u300d\u4e86\ud83d\ude31\uff01\u7b2c\u4e00\u6b21\u770b\u5230\u885b\u6d74\u7528\u54c1\u7528\u611b\u99ac\u4ed5\u7684\u6c11\u5bbf\uff01\uff5c\u611b\u8389\u838e\u838eAlisasa"
        },
        {
            "id": "Zp5cSzitjfs",
            "title": "\u525b\u8cb7\u4e00\u5e74\u7684\u65b0\u623f\u5b50\u7adf\u7136\u8b8a\u6210\u9019\u6a23....\ud83d\ude2d\u82b112000\u8acb\u300c\u5c08\u696d\u6574\u7406\u5e2b\u300d\u6574\u7406\u623f\u9593\uff01Ft.\u672b\u7f8a\u5b50\uff5c\u611b\u8389\u838e\u838eAlisasa"
        },
        {
            "id": "rBH1my9Ajno",
            "title": "\u767e\u842c\u6708\u85aa\u7684\u7537\u4eba\u600e\u9ebc\u7d04\u6703\uff1f\u5fb9\u5e95\u985b\u8986\u4e86\u6211\u7684\u4e09\u89c0..\ud83d\ude31\uff5c\u611b\u8389\u838e\u838eAlisasa"
        },
        {
            "id": "LOcjJml7hMc",
            "title": "\u5982\u4f55\u9762\u5c0d\u751f\u6daf\u4e2d\u6700\u4f4e\u6f6e\u7684\u4e00\u500b\u6708...\uff1f\uff5c\u611b\u8389\u838e\u838eAlisasa"
        },
        {
            "id": "W9uS0PvKp_M",
            "title": "\u6211\u56de\u4f86\u4e86\uff01\uff5c\u611b\u8389\u838e\u838eAlisasa"
        },
        {
            "id": "kbrTRDmwWs4",
            "title": "\u5c0d\u4e0d\u8d77\uff5c\u611b\u8389\u838e\u838eAlisasa"
        },
        {
            "id": "TEMHgMvuvjs",
            "title": "\u731c\u731c\u4e00\u665a\u591a\u5c11\u9322\ud83d\ude31\uff1f\u5165\u4f4f\u53f0\u5317\u6700\u9ad8\u7d1a\u6c11\u5bbf\u2728\uff5c\u611b\u8389\u838e\u838eAlisasa"
        },
        {
            "id": "ui80hm-Qoqg",
            "title": "\u8d85\u5be6\u7528\uff01\ud83c\uddf0\ud83c\uddf7\u97d3\u570b\u4eca\u5e74\u6d41\u884c\u768410\u7a2e\u51ac\u5b63\u9774\u5b50\u7a7f\u642d\u6cd5\uff01\u2744\ufe0f\uff5c\u611b\u8389\u838e\u838eAlisasa"
        },
        {
            "id": "KV-vywQrUWw",
            "title": "\u975e\u6574\u4eba\uff01\u8ddf\u4e09\u539f\u7684\u6200\u611b\u6545\u4e8b\u2764\ufe0f @SanyuanJAPAN2015 \uff5c\u611b\u8389\u838e\u838eAlisasa"
        },
        {
            "id": "T1W-6jli_dc",
            "title": "\u53f0\u7063\u6700\u8cb4\u9732\u71df\uff01\u300c\u4e00\u6cca\u4e94\u98df\u300d\u9732\u71df\u662f\u4ec0\u9ebc\u6a23\u7684\u751f\u6d3b\ud83d\ude31\uff5c\u611b\u8389\u838e\u838eAlisasa"
        },
        {
            "id": "EQ-h7q6itQM",
            "title": "\u592a\u597d\u8cb7\uff01\u901b\u4e09\u5c0f\u6642\u82b1\u4e86...\uff1f\u6797\u53e3\u4e09\u4e95outlet\u8d85\u5f37\u8cfc\u7269\u653b\u7565\uff01\u4e00\u8d77\u5674\u9322\ud83d\udcb0\uff5c\u611b\u8389\u838e\u838eAlisasa"
        },
        {
            "id": "GAbBp1JLrAI",
            "title": "\u9ad4\u9a57\u7834\u842c\u5143\u7684\u6309\u6469!!!\u9019\u90e8\u7247\u82b1\u5f88\u591a\u9322\uff5e\u4f46\u62cd\u5f97\u5f88\u96a8\u4fbf\ud83e\udd23\uff5c\u611b\u8389\u838e\u838eAlisasa"
        }
    ]
}