{
    "channel": {
        "title": "\u963f\u7ff0po\u5f71\u7247",
        "id": "UCEBaVKCwLP3UOdSq3LNNqmw",
        "customUrl": "@hanhanpovideo",
        "uploads": "UUEBaVKCwLP3UOdSq3LNNqmw"
    },
    "videos": [
        {
            "id": "1B8Nh4hfNtc",
            "title": "\u963f\u7ff0po\u5f71\u7247 \u2502\u751f\u6d3b\u5927\u9a5a\u5947 \u770b\u65e5\u672c\u4eba\u5982\u4f55\u89e3\u6c7a\u751f\u6d3b\u4e2d\u7684\u56e7\u5883\uff1f\uff01"
        },
        {
            "id": "3-zFe9vKC34",
            "title": "\u963f\u7ff0po\u5f71\u7247 \u2502\u52a0\u6cb9\uff01\u5141\u6069 Ep176 \u9019\u6a23\u4e5f\u80fd\u7626\uff1f\uff01\u8d85\u5f37\u7684\u767e\u5e74\u6d77\u5973\u7626\u8eab\u6d77\u82d4"
        },
        {
            "id": "zEAf3GdwytU",
            "title": "\u963f\u7ff0po\u5f71\u7247 \u2502\u897f\u6253\u5403\u918b\u4e86\uff1f\uff01\u6b38 \uff01\u54ea\u88e1\u8a8d\u8b58\u7684\u65b0\u670b\u53cb \u9019\u9ebc\u6f02\u4eae"
        },
        {
            "id": "QHyMQdN_8FU",
            "title": "\u963f\u7ff0po\u5f71\u7247 \u2502\u623f\u6771\u963f\u59e8\u5e36\u5973\u5152\u8003\u99d5\u7167\u560d\uff5e\u539f\u4f86\u8003\u6a5f\u8eca\u99d5\u7167\u9700\u8981\u9019\u4e00\u62db\uff1f!"
        },
        {
            "id": "uH7OQxtkft4",
            "title": "\u963f\u7ff0po\u5f71\u7247 \u2502\u9694\u58c1\u6751\u7684\u5289\u59e5\u59e5 \u5c0f\u5b6b\u5b50\u7adf\u7136\u5931\u6200\u4e86\ud83d\udc94\uff1f\uff01\u6700\u7642\u7652\u7684\u79d8\u5bc6\u6b66\u5668 ft.HelloKitty"
        },
        {
            "id": "ECbzUpG2TcU",
            "title": "\u963f\u7ff0po\u5f71\u7247 \u2502\u7d33\u58eb\u6dd1\u5973 \u8077\u5834\u751f\u5b58\u5b88\u5247 \u4e0a\u73ed\u65cf\u5fc5\u770b\u5bc6\u6280\uff1f\uff01"
        },
        {
            "id": "i91a7VgLc3M",
            "title": "\u963f\u7ff0po\u5f71\u7247 \u2502\u65b0\u83ef\u570b\u5c0f\u4e0a\u8ab2\u4e86!\u540c\u5b78\u5011\u7684\u5e0c\u671b\u662f\u4ec0\u9ebc\uff1f"
        },
        {
            "id": "CX_zSY26zpA",
            "title": "\u963f\u7ff0po\u5f71\u7247 \u2502\u9673\u6821\u9577\u7684\u51fa\u570b\u8003\u5bdf\u884c ft.\u76ae\u514b\u65af"
        },
        {
            "id": "8T7KiTU9c14",
            "title": "\u963f\u7ff0po\u5f71\u7247 \u2502\u7b97\u547d\u963f\u59e8 \u4e2d\u897f\u5408\u58c1\u4e4b\u56db\u624b\u806f\u5f48 ft.\u5510\u7dba\u967d"
        },
        {
            "id": "oEaEq8W1nbg",
            "title": "\u963f\u7ff0po\u5f71\u7247 \u2502\u963f\u7ff0 Ahan \u5275\u4f5c\u55ae\u66f2\u300a\u871c\u8702\u611b\u4e0a\u82b1 A Bee's Love\u300bOfficial Music Video"
        },
        {
            "id": "yLOmChjet4k",
            "title": "\u963f\u7ff0po\u5f71\u7247\uff5c\u5f9e\u7f8e\u570b\u56de\u4f86 \u4e0d\u559c\u6b61\u88ab\u5b9a\u8abf\u7684Gino"
        },
        {
            "id": "II6iv8H9zK4",
            "title": "\u963f\u7ff0po\u5f71\u7247 \u2502\u6708\u5b0c\u7684\u4fdd\u6bcd\u65e5\u8a18 \u6253\u5de5\u5ea6\u5047\u8377\u862d\u7bc7"
        },
        {
            "id": "JnAzH3nR-Bg",
            "title": "\u963f\u7ff0po\u5f71\u7247 \u2502\u623f\u6771\u963f\u59e8\u7684\u8d85\u503c\u7cbe\u7dfb\u5957\u623f"
        },
        {
            "id": "N5smttCaj4E",
            "title": "\u963f\u7ff0po\u5f71\u7247\uff5c\u65e5\u672c\u884c\u7206\u8cb7\u7684\u8001\u9109 \u597d\u4e45\u4e0d\u898b\u7684\u9678\u5ba2"
        },
        {
            "id": "qfmO39jQea4",
            "title": "\u963f\u7ff0po\u5f71\u7247 \u2502\u5922\u5e7b\u6f9f\u6708 \u539f\u4f86\u9019\u5c31\u662f\u6b63\u59b9\u7684\u5473\u9053?!"
        },
        {
            "id": "M0FCsHtzsPo",
            "title": "\u963f\u7ff0po\u5f71\u7247 \u2502\u6232\u8aaa\u963f\u5a1f \u6027\u611f\u864e\u738b  \u6368\u4e0d\u5f97\u8aaa\u518d\u898b\u7684\u864e\u738b?!"
        },
        {
            "id": "l13UOQ2T2Ps",
            "title": "\u963f\u7ff0po\u5f71\u7247 \u2502\u65b0\u83ef\u5927\u5b78\u62db\u751f\u4e2d!\u5be6\u73fe\u5922\u60f3\u7684\u8d77\u8dd1\u7dda"
        },
        {
            "id": "AVop1izKu70",
            "title": "\u963f\u7ff0po\u5f71\u7247 \u2502\u6211\u7684\u552f\u4e00\u6307\u5b9a\u59ca\u59b9\u5011 \u4e94\u5468\u5e74\u7d00\u5ff5\u6709\u8072\u8cbc\u5716\u4e0a\u67b6\u56c9!"
        },
        {
            "id": "WOZpK55-z-Q",
            "title": "\u963f\u7ff0po\u5f71\u7247 \u2502\u623f\u6771\u963f\u59e8\u4e4b\u907a\u5931\u7684\u9ed1\u76ae\u978b ft.\u856d\u714c\u5947"
        },
        {
            "id": "XYAZdrzy8II",
            "title": "\u963f\u7ff0po\u5f71\u7247 \u2502\u623f\u6771\u963f\u59e8\u5e36\u5973\u5152\u8cb7\u8863\u8a18 \u8ddf\u5abd\u5abd\u4e00\u8d77\u901b\u8857\u53bb\uff01\uff1f"
        },
        {
            "id": "g4QfgRzu8A8",
            "title": "\u963f\u7ff0po\u5f71\u7247 \u2502\u7b97\u547d\u963f\u59e8\u4e4b\u91d1\u9418\u734e\u958b\u5e55\u7279\u8f2f ft. \u66fe\u5bf6\u5100 \u5510\u7dba\u967d"
        },
        {
            "id": "VXhANFLY34E",
            "title": "\u963f\u7ff0po\u5f71\u7247 \u2502\u52a0\u6cb9\uff01\u5141\u6069 Ep175 \u4ec0\u9ebc\uff1f\uff01\u8179\u808c\u4ed9\u5b50\u7b2c\u4e00\u540d\u662f\u5979!  (English Subtitles)"
        },
        {
            "id": "LLwUSJq8YXE",
            "title": "\u963f\u7ff0po\u5f71\u7247 \u2502\u9694\u58c1\u6751\u7684\u5289\u59e5\u59e5 \u5b78\u9738\u9032\u884c\u66f2"
        },
        {
            "id": "50TJAdPJxMA",
            "title": "\u963f\u7ff0po\u5f71\u7247 \u2502\u7d33\u58eb\u6dd1\u5973\u6070\u6070\u6070 \u6700\u5f97\u9ad4\u7684\u7b2c\u4e00\u5370\u8c61"
        },
        {
            "id": "3BLVLBbTEDk",
            "title": "\u963f\u7ff0po\u5f71\u7247 \u2502\u79df\u4e0d\u79df\uff1f\uff01\u623f\u6771\u963f\u59e8\u7684\u6d6a\u6f2b\u5225\u5885"
        },
        {
            "id": "yEbfrFpfnis",
            "title": "\u963f\u7ff0po\u5f71\u7247 \u2502\u9694\u58c1\u6751\u7684\u5218\u59e5\u59e5 \u91d1\u8272\u72c2\u60f3\u66f2"
        },
        {
            "id": "ORCMxa6BOug",
            "title": "\u963f\u7ff0po\u5f71\u7247 \u2502\u590f\u65e5\u4e09\u90e8\u66f2\u4e4b\u963f\u5b8f\u56de\u4f86\u4e86!?"
        },
        {
            "id": "d6MjpehgIEE",
            "title": "\u963f\u7ff0po\u5f71\u7247 \u2502\u65b0\u83ef\u570b\u5c0f\u65b0\u5ea7\u4f4d?!\u6700\u8a0e\u53ad\u7684\u9694\u58c1\u540c\u5b78"
        },
        {
            "id": "qo3H-VgXmHE",
            "title": "\u963f\u7ff0po\u5f71\u7247 \u2502\u7b97\u547d\u963f\u59e8 \u4e5d\u5929\u7384\u5973\u4e4b\u5929\u5973\u6563\u82b1 (English Subtitles)"
        },
        {
            "id": "S-hJZL4_u8k",
            "title": "\u963f\u7ff0po\u5f71\u7247 \u2502\u6708\u5b0c\u597d\u5ab3\u5a66 \u7d66\u53f0\u7063\u5a46\u5a46\u7684\u771f\u5fc3\u8a71  (English Subtitles)"
        },
        {
            "id": "XZS2itwR2TE",
            "title": "\u963f\u7ff0po\u5f71\u7247 \u2502\u52a0\u6cb9\uff01\u5141\u6069 Ep174 \u4ee4\u4eba\u7121\u6cd5\u81ea\u62d4\u7684\u6200\u611b\u9b54\u5492"
        },
        {
            "id": "tKP9Fz3e5Js",
            "title": "\u963f\u7ff0po\u5f71\u7247 \u2502\u6708\u5b0c\u5eda\u623f \u53f0\u7063\u5a46\u5a46\u7684\u6700\u611b\u751c\u9ede"
        },
        {
            "id": "U13T41fi3rQ",
            "title": "\u963f\u7ff0po\u5f71\u7247 \u2502\u60f3\u5165\u970f\u970f  \u6f58\u5bb6\u6700\u56b4\u53b2\u7684\u61f2\u7f70  \u5bb3\u81ca\u7684\u6d0b\u73a9\u610f\u5152\u88ab\u767c\u73fe\u4e86\uff1f\uff01"
        },
        {
            "id": "mjsXumGicLc",
            "title": "\u963f\u7ff0po\u5f71\u7247 \u2502\u6b38\uff1f\uff01\u904b\u52d5\u9014\u4e2d\u897f\u6253\u7684\u9a5a\u559c\u5de7\u9047  ft.ABAO \u963f\u7206 \u963f\u4ecd\u4ecd"
        },
        {
            "id": "29-WOk4z3gA",
            "title": "\u963f\u7ff0po\u5f71\u7247 \u2502\u623f\u6771\u963f\u59e8\u4e4b\u75f4\u60c5\u963f\u5175\u54e5 ft.\u76e7\u5ee3\u4ef2"
        },
        {
            "id": "gicxCBKJO8I",
            "title": "\u963f\u7ff0po\u5f71\u7247 \u2502\u79df\u4e0d\u79df\uff1f\u623f\u6771\u963f\u59e8\u7684\u5922\u5e7b\u83ef\u5ec8 (English Subtitles)"
        },
        {
            "id": "mcGHrF_i84U",
            "title": "\u963f\u7ff0po\u5f71\u7247 \u2502\u6b38!\u4e0d\u8981\u5047\u88dd\u4e0d\u8a8d\u8b58 \u71b1\u60c5\u7684\u540c\u5b78\u897f\u6253"
        },
        {
            "id": "HLXZb3-m3KM",
            "title": "\u963f\u7ff0po\u5f71\u7247 \u2502\u9081\u5947\u7684\u4ea4\u63db\u79ae\u7269\u65e5 \u863f\u62c9\u7684\u795e\u79d8\u79ae\u7269?!"
        },
        {
            "id": "Zb5eBfpcHtU",
            "title": "\u963f\u7ff0po\u5f71\u7247 \u2502\u5947\u5947\u8207\u73ca\u73ca \u62d2\u7d55\u8a98\u60d1\u4e09\u90e8\u66f2"
        },
        {
            "id": "bLIIbO3mJnw",
            "title": "\u963f\u7ff0po\u5f71\u7247 \u2502\u79df\u4e0d\u79df\uff1f\u623f\u6771\u963f\u59e8\u7684\u6975\u54c1\u5957\u623f"
        },
        {
            "id": "vZP2G_wzLHw",
            "title": "\u963f\u7ff0po\u5f71\u7247 \u2502\u5409\u7965\u7269\u5927\u8cfd \u6f9f\u6708\u7684\u9053\u6b49\u8a18\u8005\u6703\uff1f\uff01"
        },
        {
            "id": "snKUATqm8Xw",
            "title": "\u963f\u7ff0po\u5f71\u7247\uff5c \u4e0d\u60f3\u518d\u88ab\u59ca\u59ca\u6b3a\u8ca0\u7684 \u570b\u5c0f\u56db\u5e74\u7d1a \u738b\u6631\u51f1"
        },
        {
            "id": "B_8D1zaEY_Y",
            "title": "\u963f\u7ff0po\u5f71\u7247 \uff5c\u9694\u58c1\u7684\u540c\u5b78 \u738b\u82b8\u5982\u5403\u9f3b\u5c4e"
        },
        {
            "id": "TIj4JpDe_Q8",
            "title": "\u963f\u7ff0po\u5f71\u7247 \u2502\u5a50\u5011\u9019\u4e00\u73ed \u807d\u8aaa\u6167\u82b3\u4e00\u76f4\u4e0d\u5403\u4e0d\u559d \u96e3\u9053.......\uff1f\uff01"
        },
        {
            "id": "F_Dhi_NuuuY",
            "title": "\u963f\u7ff0po\u5f71\u7247 \u2502\u52a0\u6cb9\uff01\u5141\u6069 Ep173  \u5141\u6069\u7576\u5bb6\u6559\u4e86\uff1f\uff01\u4e0a\u6d41\u5bb6\u5ead\u7684\u795e\u79d8\u623f\u9593"
        },
        {
            "id": "fkkqGcnecns",
            "title": "\u963f\u7ff0po\u5f71\u7247 \u2502\u300a \u5a1f\u7684\u597d\u597d\u73a9 \u300b\u65e5\u97d3\u9bae\u8089\u4f34\u904a\u6d77\u751f\u9928\uff1f\uff01"
        },
        {
            "id": "hZBkIAcgP3c",
            "title": "\u963f\u7ff0po\u5f71\u7247 \u2502\u6232\u8aaa\u963f\u5a1f \u86fe\u4ed4\u9748\u738b\u7684\u5fa9\u4ec7"
        },
        {
            "id": "wCMFoCZcGbU",
            "title": "\u963f\u7ff0po\u5f71\u7247 \u2502\u300a\u7ff0\u8072\u5c0f\u767e\u79d1\u300b \u60a8\u4e0d\u53ef\u4e0d\u77e5\u7684 \u4e8c\u5341\u4e16\u7d00\u6700\u5f37\u767c\u660e\uff1f"
        },
        {
            "id": "kg1rKujwZEE",
            "title": "\u963f\u7ff0po\u5f71\u7247 \u2502\u5929\u624d\u5c0f\u98df\u795e\u738b\u8389\u840d\u7684\u7d42\u6975\u5927\u8003\u9a57\uff1f\uff01Ft. Jerome"
        },
        {
            "id": "JNXIQbbq3Ik",
            "title": "\u963f\u7ff0po\u5f71\u7247 \u2502\u8b66\u4e16\u5287\u5834 \u9b3c\u9762\u60c5\u3000\u5bb3\u6b7b\u51f1\u8389\u7684\u4eba\u5230\u5e95\u662f\u8ab0\uff1f"
        },
        {
            "id": "gLV4iX7hQW8",
            "title": "\u963f\u7ff0po\u5f71\u7247 \u2502\u767d\u6f9f\u516c\u4e3b\u8207\u4e09\u500b\u5c0f\u77ee\u4eba"
        },
        {
            "id": "dPtXHGszfW0",
            "title": "\u963f\u7ff0po\u5f71\u7247 \u2502\u6200\u611b\u5c0d\u5c0d\u78b0 \u97d3\u7cfb\u6b63\u59b9\u59f5\u8431\u7684\u8d85\u5b8c\u7f8e\u60c5\u4eba\uff1f\uff01"
        },
        {
            "id": "Clqk6XiIl5k",
            "title": "\u963f\u7ff0po\u5f71\u7247 \u2502\u5a50\u5011\u9019\u4e00\u73ed  \u8f49\u5b78\u751f\u5955\u51f1\u4f86\u4e86\uff1f!"
        },
        {
            "id": "fgGypdabONk",
            "title": "\u963f\u7ff0po\u5f71\u7247 \u25025G\u6700\u597d\u4e0d\u56c9\u55e6 \u5141\u6069\u4e00\u5bb6\u6700\u5e25\u7537\u5b69\u4f86\u5566\uff01\uff1f\u91d1\u4fca\u7199 ft.\u91d1\u91dd\u83c7 \u963f\u5fc3"
        },
        {
            "id": "_KVl1TjpL_M",
            "title": "\u963f\u7ff0po\u5f71\u7247 \u2502\u65b0\u83ef\u570b\u5c0f\u738b\u8389\u840d\u7684\u6691\u5047\u91cd\u5927\u8a08\u756b\uff1f\uff01Ft.\u8607\u8c9e\u660c\u9662\u9577"
        },
        {
            "id": "eL-QLbuou6Q",
            "title": "\u963f\u7ff0po\u5f71\u7247 \u2502\u96e3\u9053\u5eb7\u695a\u8dcc\u843d\u795e\u58c7\u4e86\uff1f\uff01"
        },
        {
            "id": "Pwt0stSAlsA",
            "title": "\u963f\u7ff0po\u5f71\u7247 \u2502\u4e09\u6708\u7684\u611b\u60c5\u6545\u4e8b"
        },
        {
            "id": "NcqFtQR0sCQ",
            "title": "\u963f\u7ff0po\u5f71\u7247 \u2502\u602a\u8ac7\u5948\u5948\u5b50 \u88d5\u592a\u642c\u5230\u65b0\u5bb6\u4e86\uff1f\uff01"
        },
        {
            "id": "fsPJbh9Y2f4",
            "title": "\u963f\u7ff0po\u5f71\u7247 \u2502\u6232\u8aaa\u963f\u5a1f \u842c\u5e74\u86c7\u738b"
        },
        {
            "id": "pDA72l8bQ8g",
            "title": "\u963f\u7ff0po\u5f71\u7247 \u2502\u7d33\u58eb\u6ce1\u599e\u5bc6\u6280 \u6700\u5f37\u6ce1\u599e\u62db\u5f0f\u5168\u96c6"
        },
        {
            "id": "PTKUd4HXbfo",
            "title": "\u963f\u7ff0po\u5f71\u7247 \u2502\u5a50\u5011\u9019\u4e00\u73ed \u66c9\u96ef\u6700\u8fd1\u602a\u602a\u7684"
        },
        {
            "id": "HeRrBPwOGsU",
            "title": "\u963f\u7ff0po\u5f71\u7247 \u2502\u52a0\u6cb9\uff01\u5141\u6069  Ep172  \u8a0e\u4eba\u53ad\u7684\u8ce2\u73e0\u963f\u59e8\u4f86\u4e86 \u5141\u6069\u6c23\u5f97\u7259\u7662\u7662"
        },
        {
            "id": "31b-vsIvsMc",
            "title": "\u963f\u7ff0po\u5f71\u7247 \u2502\u8392\u5149\u5712\u5730 \u96e8\u5f8c\u7684\u5929\u7a7a ft.\u8521\u54e5"
        },
        {
            "id": "H07vsTBDfSc",
            "title": "\u963f\u7ff0po\u5f71\u7247 \u2502\u807d\u8aaa\u6f9f\u6708\u8acb\u82f1\u6587\u5bb6\u6559\u4e86\uff1f\uff01"
        },
        {
            "id": "HvBZLyICXgA",
            "title": "\u963f\u7ff0po\u5f71\u7247 \u2502\u4f50\u85e4\u5357\u904a\u53f0\u7063 \u6700\u5f37\u306e\u62c9\u9eb5\u5e97"
        },
        {
            "id": "sGiYSLpgHVc",
            "title": "\u963f\u7ff0po\u5f71\u7247 \u2502\u86a3\u8996\u5c0f\u5927\u4eba-\u8ab0\u4f86po\u5f71\u7247  \u65b0\u83ef\u570b\u5c0f\u7684\u5e74\u5ea6\u5927\u4e8b\uff1f\uff01\u8389\u840d\u4f86\u4e86\uff01"
        },
        {
            "id": "NyoWCPUl0to",
            "title": "\u963f\u7ff0po\u5f71\u7247 \u2502\u60e1\u4f5c\u5287\u6c41\u543b F\u73ed\u7684\u733f\u6e58\u7434\u60f3\u8003\u7b2c\u4e00\u540d\uff1f\uff01"
        },
        {
            "id": "bVoNi0zc-xc",
            "title": "\u963f\u7ff0po\u5f71\u7247 \u2502\u6232\u8aaa\u963f\u5a1f \u8c6c\u6bcd\u5831\u6069"
        },
        {
            "id": "8nNLXrT7QoU",
            "title": "\u963f\u7ff0po\u5f71\u7247 \u2502\u751f\u6d3b\u5927\u9a5a\u5947 \u60a0\u5b63\u7684\u56f0\u64fe \u65e5\u672c\u306e\u756a\u7d44\u306e\u30e2\u30ce\u30de\u30cd"
        },
        {
            "id": "3PVag2hXBLU",
            "title": "\u963f\u7ff0po\u5f71\u7247 \u2502\u52dd\u5229\u5ba3\u8a00\uff0d\u60a0\u5b63\u7684\u7169\u60f1 \u5468\u6770\u502b\u7d44\u66f2Cover(Jay Chou x Asano Yuki)"
        },
        {
            "id": "llMe0hEp7Rc",
            "title": "\u963f\u7ff0po\u5f71\u7247 \u2502\u807d\u8aaa\u6f9f\u6708\u88ab\u7d81\u67b6\u4e86"
        },
        {
            "id": "SIwNzom30NM",
            "title": "\u963f\u7ff0po\u5f71\u7247 \u2502\u6284\u8972\u661f\u5149\u5927\u9053 \u85e4\u5d0e\u8a13\u7df4\u73ed  Feat.\u66fe\u6c9b\u6148"
        },
        {
            "id": "GXZ2HZWtkyk",
            "title": "\u963f\u7ff0po\u5f71\u7247 \u2502\u8b93\u5eb7\u695a\u5e36\u4f60Dream come true!"
        },
        {
            "id": "lGXa7Va3SdA",
            "title": "\u963f\u7ff0po\u5f71\u7247 \u2502\u9031\u5e74\u7279\u5225\u4f01\u5283\uff0d\u65e5\u97d3\u5927\u5c0d\u6c7a JPOP v.s. KPOP ( ft.\u535a\u6069 / Julia)"
        },
        {
            "id": "B_e6qdSW2IA",
            "title": "\u963f\u7ff0po\u5f71\u7247 \u2502\u60f3\u5165\u970f\u970f  \u970f\u970f\u4eca\u5929\u771f\u7684\u60f3\u8981\u90a3\u500b"
        },
        {
            "id": "YstLGBNxcY8",
            "title": "\u963f\u7ff0po\u5f71\u7247 \u2502\u5bae\u68ee\u65c5\u884c\u5718-\u65e5\u672c\u74b0\u7403\u5f71\u57ce\u7bc7"
        },
        {
            "id": "7wjVjxRHkm4",
            "title": "\u963f\u7ff0po\u5f71\u7247 \u2502\u6232\u8aaa\u963f\u5a1f \u5343\u5e74\u72d0\u7cbe"
        },
        {
            "id": "dW2323JjDXA",
            "title": "\u963f\u7ff0po\u5f71\u7247 \u2502\u9081\u5947\u7684\u91ce\u9910\u65e5"
        },
        {
            "id": "gAPCQ4bPuIY",
            "title": "\u963f\u7ff0po\u5f71\u7247 \u2502\u6f9f\u6708\u7684\u5996\u5200\u516c\u4e3b\u990a\u6210\u8a18"
        },
        {
            "id": "L5LRKzmCFkQ",
            "title": "\u963f\u7ff0po\u5f71\u7247 \u2502\u807d\u8aaa\u65b0\u4f86\u7684\u5b78\u59b9\u5f88\u6b63\u9ede"
        },
        {
            "id": "gVu8KiLmU7w",
            "title": "\u963f\u7ff0po\u5f71\u7247 \u2502DoReMi\u597d\u50cf\u6200\u611b\u4e86\uff1f\uff01"
        },
        {
            "id": "U_h-dAqvY0E",
            "title": "\u963f\u7ff0po\u5f71\u7247 \u2502\u6f9f\u6708\u623f\u9593\u4f86\u4e86\u65b0\u8a2a\u5ba2!?"
        },
        {
            "id": "vBVB6huMNcE",
            "title": "\u963f\u7ff0po\u5f71\u7247 \u2502\u52a0\u6cb9\uff01\u5141\u6069 Ep171 \u5141\u6069\u7684\u6200\u611b\u65e5\u8a18 \u6211\u8981\u5be6\u73fe\u6e1b\u7cd6\u8a08\u756b"
        },
        {
            "id": "GdkhdGzjsf8",
            "title": "\u963f\u7ff0po\u5f71\u7247 \u2502\u5feb\u6a02\u7684\u79d8\u8a23"
        },
        {
            "id": "Xe3JXSP0cAA",
            "title": "\u963f\u7ff0po\u5f71\u7247 \u2502\u4eba\u883b\u597d\u7684\u72ac\u591c\u53c9\u9047\u4e0a\u751c\u7f8e\u6854\u6897\u7684\u6d6a\u6f2b\u5c0d\u5531  change the world feat.\u6ef4\u59b9"
        },
        {
            "id": "Uw6iPtscuPY",
            "title": "\u963f\u7ff0po\u5f71\u7247 \u2502 \u7fd4\u7fd4\u5927\u6311\u6230"
        },
        {
            "id": "wojxhDCgM6U",
            "title": "\u963f\u7ff0po\u5f71\u7247 \u2502\u6f9f\u6708\u600e\u9ebc\u6703\u5931\u8e64\u4e86?!"
        },
        {
            "id": "e7dMhuvnCaA",
            "title": "\u963f\u7ff0po\u5f71\u7247 \u2502\u4f86\u81ea1986\u5e74\u7684\u9999\u9999\u5c0f\u59d0"
        },
        {
            "id": "lyh-WBKDuSo",
            "title": "\u963f\u7ff0po\u5f71\u7247 \u2502\u807d\u8aaa\u6f9f\u6708\u88ab\u58c1\u549a\u4e86\uff1f"
        },
        {
            "id": "LIMXkYHVpnc",
            "title": "\u963f\u7ff0po\u5f71\u7247 \u2502\u963f\u6770\u611b\u4e0a\u6a5f\u5668\u5a03\u5a03\u4e86?"
        },
        {
            "id": "0wG5he4CBRk",
            "title": "\u963f\u7ff0po\u5f71\u7247 \u2502\u6700\u5f37\u77db\u76fe\u5927\u6311\u6230"
        },
        {
            "id": "CrRDbIttS3M",
            "title": "\u963f\u7ff0po\u5f71\u7247 \u2502\u5bae\u68ee\u5148\u751f\u7684\u4e2d\u6587\u8001\u5e2b"
        },
        {
            "id": "8_fDfVAgvN0",
            "title": "\u963f\u7ff0po\u5f71\u7247 \u2502\u6b61\u8fce\u6536\u770b\u7ff0\u7ff0\u5e7c\u5e7c\u53f0"
        },
        {
            "id": "O4sbbsZkIVU",
            "title": "\u963f\u7ff0po\u5f71\u7247 \u2502\u963f\u6770\u4e00\u5b9a\u6703\u56de\u4f86\u7684"
        },
        {
            "id": "bjpfjMtMMBk",
            "title": "\u963f\u7ff0po\u5f71\u7247 \u2502\u300a\u962e\u6708\u5b0c\u8207\u5979\u7684\u670b\u53cb\u5011\u300b\u5e55\u5f8c\u88fd\u4f5c\u7279\u8f2f \u8ab0\u4f86po\u5f71\u7247  \u6f9f\u6708"
        },
        {
            "id": "c8JNO-x-BIg",
            "title": "\u963f\u7ff0po\u5f71\u7247 \u2502\u962e\u6708\u5b0c\u7684\u6292\u767c\u5fc3\u60c5"
        },
        {
            "id": "kScqmYsvo0g",
            "title": "\u963f\u7ff0po\u5f71\u7247 \u2502\u5b89\u55ac\u62c9\u7684\u5713\u5922\u8a08\u756b"
        },
        {
            "id": "cLwnDVFfExk",
            "title": "\u963f\u7ff0po\u5f71\u7247 \u2502\u6211\u672c\u540d\u53eb\u5f20\u7ff0 \u6765\u81ea\u5317\u4eac"
        },
        {
            "id": "koXWwiJ9_ys",
            "title": "\u963f\u7ff0po\u5f71\u7247 \u2502\u5eb7\u695a\u4fdd\u5065\u5c08\u54e1vs.\u795e\u96b1\u5609\u745c"
        },
        {
            "id": "Ju_ZiyIp4wY",
            "title": "\u963f\u7ff0po\u5f71\u7247 \u2502\u6211\u7537\u53cb\u8aaa\u9019\u771f\u7684\u8d85\u7d1a\u65b9\u4fbf"
        }
    ]
}