{
    "video_info": {
        "id": "0K-nFcYLJDY",
        "channelTitle": "\u9ec3\u963f\u746a\u7684\u5f8c\u5bae\u751f\u6d3b",
        "title": "\u4e0d\u5728\u5bb6\u5341\u5929\uff0c\u8c93\u54aa\u770b\u5230\u4eba\u7684\u53cd\u61c9\u662f\u22ef#shorts #ShortsTW",
        "description": "\u4e0d\u5728\u5bb6\u5341\u5929\uff0c\u8c93\u54aa\u770b\u5230\u4eba\u7684\u53cd\u61c9\u662f\u22ef\n\n-\n\n\u8a02\u95b1\u6211\u5011\uff1ahttps://goo.gl/5L8xkV\n\u963f\u746a\u5b98\u7db2\uff1ahttps://www.fumeanstore.com\nFB\uff1a\u9ec3\u963f\u746a\u7684\u5f8c\u5bae\u751f\u6d3b\nIG\uff1afumeancat\n\n\u3010\u5408\u4f5c\u9080\u7d04/IP\u806f\u540d\u6388\u6b0a\u3011\nfumeanaction@gmail.com \uff08\u6b61\u8fce\u4f86\u4fe1\u6d3d\u8ac7\uff09\n\n\u3014\u7248\u6b0a\u6240\u6709\uff0c\u975e\u7d93\u8a31\u53ef\u52ff\u8f49\u8f09\u81f3\u4efb\u4f55\u5e73\u53f0\u3015\n\u3014\u9818\u990a\u4e0d\u68c4\u990a\u3015",
        "likeCount": "10393",
        "commentCount": "69",
        "viewCount": "265157"
    },
    "comments": [
        {
            "reply_id": "UgzLNjSucgPycGwL7a94AaABAg",
            "reply_content": "\u9019\u4e0d\u5c6c\u65bc\u9580\u53e3\u63a5\u5ba2"
        },
        {
            "reply_id": "UgykpxnYK8r9D4wmuZJ4AaABAg",
            "reply_content": "\u8c93\u662f\u51b7\u8840\u7121\u60c5\u52d5\u7269 \u5b8c\u5168\u9760\u793e\u4ea4\u5a92\u9ad4\u8d70\u7d05"
        },
        {
            "reply_id": "Ugw07T3hdYc1byavmwx4AaABAg",
            "reply_content": "\u6d63\u8178\u7684\u81c9\u597d\u53ef\u611b"
        },
        {
            "reply_id": "UgxvN_dWOSpLP0hmzUx4AaABAg",
            "reply_content": "\u5b83\u4e00\u5b9a\u597d\u7231\u4f60"
        },
        {
            "reply_id": "UgzK7dXE7sNpYw3gt4F4AaABAg",
            "reply_content": "\u62db\u5f1f\u2764\u592a\u53ef\u611b"
        },
        {
            "reply_id": "UgxxNr4iq3IlPjwRHNh4AaABAg",
            "reply_content": "\u76f4\u63a5\u6539\u990a\u72d7"
        },
        {
            "reply_id": "UgzJD3USIhByC_WnYIF4AaABAg",
            "reply_content": "\u67da\u5b50\u8d8a\u4f86\u8d8a\u80d6\u4e86\uff0c\u5f80\u719f\u7537\u65b9\u5411\u524d\u9032\u3002"
        },
        {
            "reply_id": "UgzLgcKKBZn3AVJnNdJ4AaABAg",
            "reply_content": "\u67da\u5b50\u597d\u80d6\u5416\ud83d\ude02"
        },
        {
            "reply_id": "Ugx4CuftPJ681_0RS-x4AaABAg",
            "reply_content": "\u5341\u65e5\u4e0d\u5728\uff0c\u5bb6\u6c92\u88ab\u8e29\u62c6\u4e86\uff0c\u5e78\u904b\ud83d\ude02"
        },
        {
            "reply_id": "UgwIlW8TM58CARtl9154AaABAg",
            "reply_content": "\u5c0f\u82b1\u76ee\u4e2d\u7121\u4eba\u771f\u7684\u5f88\u597d\u7b11"
        },
        {
            "reply_id": "UgzsmhQyheDk-FzvPBN4AaABAg",
            "reply_content": "\u4e00\u9663\u5b50\u6c92\u770b\u983b\u9053\n\u8c93\u54aa\u90fd\u8b8a\u80d6\u4e86\ud83e\udd23\ud83e\udd23"
        },
        {
            "reply_id": "Ugzr09xl3xpFPBiNbHB4AaABAg",
            "reply_content": "\u600e\u9ebc\u67da\u5b50\u7684\u8eab\u6750\u6574\u500b\u8d70\u9418\u4e86"
        },
        {
            "reply_id": "UgyDHfKE2owfaMEerUd4AaABAg",
            "reply_content": "\u963f\u746a\u597d\u53ef\u611b"
        },
        {
            "reply_id": "UgzeNwx5E4uL3LDoivJ4AaABAg",
            "reply_content": "\u4f53\u91cd\u4fdd\u8b77\u9806\u66a2"
        },
        {
            "reply_id": "UgwHzY9-LKaaQh2Wq_d4AaABAg",
            "reply_content": "\u5341\u5929\u4e0d\u5728\u5bb6\uff0c\u662f\u5426\u5fd8\u8a18\u4e3b\u4eba\u7684\u5473\u9053\u4e86\u5440\uff1f"
        },
        {
            "reply_id": "Ugwz-DAGgI8RzlZthUl4AaABAg",
            "reply_content": "\u963f\u746a\u5e74\u7d00\u5f88\u5927\u4e86\u5427"
        },
        {
            "reply_id": "UgwIv3cWJLGyFFEUF9N4AaABAg",
            "reply_content": "\u67da\u5b50\u9577\u5f97\u5f88\u50cf\u90a3\u96bb\u300c\u86e4\u300d\u7684\u8c93\u5594\ud83d\ude02"
        },
        {
            "reply_id": "Ugz_Q8PR_S7DvitYiJ94AaABAg",
            "reply_content": "\u6211\u60f3\u50cf\u4e2d\u90a3\u7a2e\u4e00\u908a\u5c0f\u8dd1\u4e00\u908a\u788e\u788e\u5ff5\u7684\u60c5\u6cc1\u6c92\u6709\u51fa\u73fe"
        },
        {
            "reply_id": "UgwIDCYCX8XOZzfVNOp4AaABAg",
            "reply_content": "\u67da\u5b50\u548c\u5c0f\u82b1\u9019\u5c0dCP\u4e00\u500b\u6a23 \u54c8\u54c8\u54c8"
        },
        {
            "reply_id": "UgxB4HAFUH6ehQxVY9N4AaABAg",
            "reply_content": "\u8abf\u67e5\u7d50\u679c\u767c\u73fe\uff0c\u8c93\u5973\u5152\u5011\u90fd\u662f\u5c0f\u68c9\u8956"
        }
    ]
}