{
    "video_info": {
        "id": "3FQx4GkhmSs",
        "channelTitle": "\u9ec3\u963f\u746a\u7684\u5f8c\u5bae\u751f\u6d3b",
        "title": "\u5403\u918b\u7684\u8c93\u54aa\u6709\u591a\u53ef\u6015\uff1f #shorts #ShortsTW",
        "description": "Socles\uff1a\u300c\u54fc\u22ef\u300d\n\n-\n\n\u8a02\u95b1\u6211\u5011\uff1ahttps://goo.gl/5L8xkV\n\u963f\u746a\u5b98\u7db2\uff1ahttps://www.fumeanstore.com\nFB\uff1a\u9ec3\u963f\u746a\u7684\u5f8c\u5bae\u751f\u6d3b\nIG\uff1afumeancat\n\n\u3010\u5408\u4f5c\u9080\u7d04/IP\u806f\u540d\u6388\u6b0a\u3011\nfumeanaction@gmail.com \uff08\u6b61\u8fce\u4f86\u4fe1\u6d3d\u8ac7\uff09\n\n\u3014\u7248\u6b0a\u6240\u6709\uff0c\u975e\u7d93\u8a31\u53ef\u52ff\u8f49\u8f09\u81f3\u4efb\u4f55\u5e73\u53f0\u3015\n\u3014\u9818\u990a\u4e0d\u68c4\u990a\u3015",
        "likeCount": "9616",
        "commentCount": "54",
        "viewCount": "206433"
    },
    "comments": [
        {
            "reply_id": "UgzOfxPsQwwdNVx_hSh4AaABAg",
            "reply_content": "\u597d\u5e78\u798f\uff0c\u4e24\u7897\u6c34\u8981\u7aef\u5e73\u54c8\u54c8\u54c8\u54c8"
        },
        {
            "reply_id": "UgzZE0kaxiXbWzQpv9h4AaABAg",
            "reply_content": "\u6211\u6709\u8cb7\u9ec3\u963f\u746a\u7684\u5f8c\u5bae\u751f\u6d3b\u7684\u76f2\u76d2"
        },
        {
            "reply_id": "UgyiMr4tm6ZMnB871np4AaABAg",
            "reply_content": "\u6211\u90fd\u4e0d\u77e5\u9053\u4e00\u5411\u4e0d\u7d66\u62b1\u7684\u62db\u5f1f\u4e5f\u6703\u60f3\u6478\u6478\ud83d\ude02"
        },
        {
            "reply_id": "UgyzYOJlJkINEY3sgoB4AaABAg",
            "reply_content": "\u722d\u98a8\u5403\u918b"
        },
        {
            "reply_id": "UgykWTb2IOjFGvvYQCJ4AaABAg",
            "reply_content": "\u8c93\u54aa\u6703\u8a08\u8f03\u55ce"
        },
        {
            "reply_id": "UgyO7SOaXelBa5N74oF4AaABAg",
            "reply_content": "\u5112\u8c93\u5c31\u662f\u7d2f"
        },
        {
            "reply_id": "Ugw11rZOH1HFs-ntO014AaABAg",
            "reply_content": "\u6293\u4e0d\u4f4f\u91cd\u70b9\u7684\u4eba\u6027\u611a\u6627\u5351\u52a3\u2026.\u5982\u679c\u91cd\u8981\u56fd\u5bb6\u4e5f\u4eb2\u8fd1\u9634\u6697\uff0c\u90a3\u6b63\u786e\u9053\u8def\u4e5f\u8981\u5b8c\u86cb\u4e86\u2026.."
        },
        {
            "reply_id": "UgyIV8NIb9lMJSYsupB4AaABAg",
            "reply_content": "\u62db\u5f1f\u4e0d\u662f\u4e0d\u592a\u559c\u6b61\u88ab\u6478\u55ce@@  \u5947\u602a\u7684\u77e5\u8b58\u589e\u52a0\u4e86"
        },
        {
            "reply_id": "Ugz5YCC4mPh5PtEkjwF4AaABAg",
            "reply_content": "\u62db\u5f1f\u4e0d\u662f\u4e0d\u89aa\u4eba\u55ce\uff1f"
        },
        {
            "reply_id": "UgzzLJfW3vvVOR-ho8d4AaABAg",
            "reply_content": "\u4fca\u69ae\u597d\u53ef\u611b\uff0c\u8c46\u6f3f\u600e\u9ebc\u67d3\u9ed1\n\u59d0\u5f1f\u5006\u4e0d\u662f\u548c\u597d\u4e86"
        },
        {
            "reply_id": "UgwPpb0PTXVtAjkovF54AaABAg",
            "reply_content": "\u732b\u54aa\u611b\u5403\u918b,\u4fe9\u96bb\u6bcd\u732b\u4e5f\u662f\u4e00\u6837,\u8f9b\u82e6\u4f60\u4e86,\u8c22\u8c22\u5e25\u54e5\u72f8\u732b."
        },
        {
            "reply_id": "UgzVerFU4cMNkxni6x54AaABAg",
            "reply_content": "\u5169\u96bb\u6bcd\u8c93\u4e4b\u6230"
        },
        {
            "reply_id": "UgzfTNgS9-PqORIYA4p4AaABAg",
            "reply_content": "\u591a\u8c93\u5bb6\u5ead\u7684\u5e78\u798f\u7169\u60f1 \ud83d\ude09"
        },
        {
            "reply_id": "UgzGHdUBsfQO9bdINg14AaABAg",
            "reply_content": "\u62db\u5f1f#\uff1a\u90a3\u500b\u8ac2\u5a9a\u7684\u58de\u5973\u4eba\u8ddf\u6211\u722d\u5bf5\uff01"
        },
        {
            "reply_id": "Ugw1TFybVcQGgctzXNh4AaABAg",
            "reply_content": "\u5169\u500b\u5973\u4eba\u7684\u6230\u722d\u7a76\u7adf\u6709\u591a\u53ef\u6015\ud83d\ude31\u8b93\u6211\u5011\u7e7c\u7e8c\u770b\u4e0b\u53bb\ud83d\ude02"
        },
        {
            "reply_id": "UgwS__tK4cquuReqq554AaABAg",
            "reply_content": "\u907f\u514d\u5f7c\u6b64\u4e92\u76f8\u5403\u918b\uff0c\u90fd\u8981\u4e00\u8d77\u6478\u624d\u884c\uff01"
        },
        {
            "reply_id": "Ugwg3TAVujpFB85aWwd4AaABAg",
            "reply_content": "\u5f8c\u5bae\u5011\u5df4\u4e0d\u5f97\u5974\u624d\u6709\u516b\u652f\u624b"
        },
        {
            "reply_id": "Ugz5qdKGg2yDQWydSqh4AaABAg",
            "reply_content": "So\u770b\u898b\u72f8\u8c93\u53ea\u6478\u62db\u5f1f\u6c23\u5f97\u81c9\u90fd\u9ed1\u4e86"
        }
    ]
}