{
    "video_info": {
        "id": "5YYM_Fi-r8k",
        "channelTitle": "\u9ec3\u963f\u746a\u7684\u5f8c\u5bae\u751f\u6d3b",
        "title": "\uff3b\u76f4\u64ad\u4e2d\uff3d\u6d63\u8178\u751f\u65e5QA\u554f\u7b54\uff01",
        "description": "\u4eca\u5e74\u5ea6\u76f4\u64ad\u4e3b\u984c\uff0c\u6703\u5728\u6bcf\u96bb\u8c93\u54aa\u751f\u65e5\u524d\u5728\u963f\u746a\u793e\u7fa4(FB.IG.YT)\u63d0\u554f\uff0c\u5927\u5bb6\u53ef\u4ee5\u7559\u4e0b\u597d\u5947\u7684\u554f\u984c\uff0c\u6211\u5011\u6703\u5728\u4ed6\u751f\u65e5\u6642\u958b\u76f4\u64ad\u56de\u7b54\u54e6\uff01\n\nIG:fumeancat",
        "likeCount": "952",
        "commentCount": "85",
        "viewCount": "19792"
    },
    "comments": [
        {
            "reply_id": "UgxNxMsL0QOLyqjnyvF4AaABAg",
            "reply_content": "\u67da\u5b50\u6311\u6230\u9ec3\u6a19\ud83d\ude02"
        },
        {
            "reply_id": "UgzQXQvpNbZ-gWBnHiN4AaABAg",
            "reply_content": "\u6d63\u8178\u751f\u65e5\u5feb\u6a02\ud83c\udf82"
        },
        {
            "reply_id": "UgyF5FYokdSAXEYB6IV4AaABAg",
            "reply_content": "\u6d63\u8178\u751f\u65e5\u5feb\u6a02\ud83c\udf89"
        },
        {
            "reply_id": "UgyvZMElWpMEj6NGlox4AaABAg",
            "reply_content": "\u751f\u65e5\u5feb\u6a02\u2764\u5065\u5065\u5eb7\u5eb7\u4e0d\u8981\u518d\u8ddf\u5ba4\u53cb\u5011\u5435\u67b6\u4e86\ud83d\ude02"
        },
        {
            "reply_id": "UgxJ_roDKEQ-twCv0uR4AaABAg",
            "reply_content": "\u8acb\u554f\uff0c\u9019\u500b\u7d19\u7bb1\u7aa9\u54ea\u88e1\u6709\u8ce3"
        },
        {
            "reply_id": "UgwsZhMfa1QtSAct_-d4AaABAg",
            "reply_content": "\u8178\u8178\u751f\u65e5\u5feb\u6a02\ud83c\udf82\n\u8981\u4e00\u76f4\u5065\u5065\u5eb7\u5eb7\u5594\u2764"
        },
        {
            "reply_id": "UgyoelYYfU-OHcD60wt4AaABAg",
            "reply_content": "\u8178\u8178\u751f\u65e5\u5feb\u6a02\ud83c\udf82\u8eab\u9ad4\u5065\u5eb7\u2764\u611b\u4f60\ud83d\ude0d"
        },
        {
            "reply_id": "Ugx-WDvjVqHf1OvljlN4AaABAg",
            "reply_content": "\u8178\u751f\u65e5\u5feb\u6a02"
        },
        {
            "reply_id": "UgxOwv4JLiDcVyW88gl4AaABAg",
            "reply_content": "\u795d\u53ef\u611b\u7684\u6d63\u8178\u751f\u65e5\u5feb\u6a02\ud83c\udf89\u2764"
        },
        {
            "reply_id": "UgzMKMAdh11OnzvPftB4AaABAg",
            "reply_content": "\u6d63\u8178\u751f\u65e5\u6109\u5feb\uff0c\u8981\u807d\u8a71\u3002"
        },
        {
            "reply_id": "UgyYa5CnLkc8pzdKuOZ4AaABAg",
            "reply_content": "\u751f\u65e5\u5feb\u6a02\u5e73\u5b89\u5065\u5eb7"
        },
        {
            "reply_id": "Ugz-QHGh6mhkN8oB_Gp4AaABAg",
            "reply_content": "\u751f\u65e5\u5feb\u6a02\ud83c\udf89"
        },
        {
            "reply_id": "UgzQTfV6-PaqCHdDpfF4AaABAg",
            "reply_content": "\u5403\u53ef\u611b\u9577\u5927\u7684\u6d63\u8178\n\ud83c\udf89\u751f\u65e5\u5feb\u6a02\ud83c\udf82\n\u8981\u4e00\u76f4\u53ef\u611b\u4e0b\u53bb\u5594\uff01"
        },
        {
            "reply_id": "UgyorZt5-XTh1DhroBd4AaABAg",
            "reply_content": "\u6d63\u8178\u751f\u65e5\u5feb\u6a02\u2764"
        },
        {
            "reply_id": "UgzCBPKkOw9Ma3whYx54AaABAg",
            "reply_content": "\u795d\u6d63\u8178\u751f\u65e5\u5feb\u6a02\uff0c\u8eab\u9ad4\u5065\u5eb7"
        },
        {
            "reply_id": "Ugw9mxUIUpZDhGNRhTF4AaABAg",
            "reply_content": "\u8193\u81938\u5c81\u4e86\uff0c\u770b\u8d77\u6765\u5f88\u5e74\u8f7b\u554a\u4e00\u70b9\u90fd\u4e0d\u50cf8\u5c81\u7684\u732b\u3002"
        },
        {
            "reply_id": "UgxbaAvxT9e1I1XGVMl4AaABAg",
            "reply_content": "\u53ef\u611b\u7684\u6d63\u8178"
        },
        {
            "reply_id": "Ugw1iDwzs4xax39uFk54AaABAg",
            "reply_content": "\u6d63\u8178\u751f\u65e5\u5feb\u6a02"
        },
        {
            "reply_id": "UgxcrOSg4UWW5kgpg014AaABAg",
            "reply_content": "\u8178\u8178\u5f88\u5e74\u8f15"
        },
        {
            "reply_id": "UgwXxc68mP8a_FF26Yd4AaABAg",
            "reply_content": "\u6d63\u8178\u662f\u5426\u559c\u6b61\u72f8\u8c93\u591a\u903b\u5fd7\u9298\u3002\ud83c\udf89\ud83c\udf89"
        }
    ]
}