{
    "video_info": {
        "id": "9pvW9wntHAk",
        "channelTitle": "\u9ec3\u963f\u746a\u7684\u5f8c\u5bae\u751f\u6d3b",
        "title": "\u4e09\u8173\u7684\u904b\u52d5\u6642\u9593\uff01 #shorts #ShortsTW",
        "description": "\u4e09\u8173\u7684\u904b\u52d5\u6642\u9593\uff01\n\n-\n\n\u8a02\u95b1\u6211\u5011\uff1ahttps://goo.gl/5L8xkV\n\u963f\u746a\u5b98\u7db2\uff1ahttps://www.fumeanstore.com\nFB\uff1a\u9ec3\u963f\u746a\u7684\u5f8c\u5bae\u751f\u6d3b\nIG\uff1afumeancat\n\n\u3010\u5408\u4f5c\u9080\u7d04/IP\u806f\u540d\u6388\u6b0a\u3011\nfumeanaction@gmail.com \uff08\u6b61\u8fce\u4f86\u4fe1\u6d3d\u8ac7\uff09\n\n\u3014\u7248\u6b0a\u6240\u6709\uff0c\u975e\u7d93\u8a31\u53ef\u52ff\u8f49\u8f09\u81f3\u4efb\u4f55\u5e73\u53f0\u3015\n\u3014\u9818\u990a\u4e0d\u68c4\u990a\u3015",
        "likeCount": "7711",
        "commentCount": "136",
        "viewCount": "89020"
    },
    "comments": [
        {
            "reply_id": "UgyTDAJr2AAsPm266mp4AaABAg",
            "reply_content": "\u597d\u53ef\u611b"
        },
        {
            "reply_id": "Ugzob6krXAu8uzB8F_h4AaABAg",
            "reply_content": "\u5149\u770b\u8173\u59b9\u7b2c\u4e00\u773c\u5c31\u958b\u59cb\u7642\u7652\u4e86\u2764\u2764\u2764"
        },
        {
            "reply_id": "UgxJE_tFNNXuS4f-Bq94AaABAg",
            "reply_content": "\u4e09\u8173\u5a18\u5a18\u9a5a\u70ba\u5929\u4eba\u7684\u76db\u4e16\u7f8e\u984f\u2764"
        },
        {
            "reply_id": "Ugw8qELuP85EKkERoZ94AaABAg",
            "reply_content": "\u4e09\u811a\u597d \u53ef\u7231"
        },
        {
            "reply_id": "UgyjkifK3ZCeTnWfXhd4AaABAg",
            "reply_content": "\u597d\u840c"
        },
        {
            "reply_id": "UgwlkdcwzDuYyauWgQ54AaABAg",
            "reply_content": "\u4e09\u8173\u8d85\u53ef\u611b\uff0c\u4e0d\u904e\u51fa\u5834\u7387\u5f88\u4f4e"
        },
        {
            "reply_id": "UgxfUjzBslRNMFgwCTd4AaABAg",
            "reply_content": "\u4e09\u8173\u771f\u7684\u5f88\u6f02\u4eae"
        },
        {
            "reply_id": "Ugx-eRIFqZt404A9aJJ4AaABAg",
            "reply_content": "\ud83d\ude18\u5f8c\u5bae\u984f\u503c\u64d4\u7576"
        },
        {
            "reply_id": "UgxXutongQCiq7dRVA54AaABAg",
            "reply_content": "\u4e09\u8173\u7684\u8173\u9084\u6703\u5728\u9577\u51fa\u55ce\uff1f"
        },
        {
            "reply_id": "UgzlAfm9hRJZb7jBVdh4AaABAg",
            "reply_content": "\u8173\u59b9\u600e\u9ebc\u770b\u8d77\u4f86\u50cf\u963f\u746a\ud83d\ude02\ud83d\ude02"
        },
        {
            "reply_id": "UgzVI-LbgkBCN_TIKm14AaABAg",
            "reply_content": "\u4e09\u8173\u597d\u7f8e"
        },
        {
            "reply_id": "Ugwrb7n4_s7LA9MkyrZ4AaABAg",
            "reply_content": "\u4e09\u8173\u5a18\u5a18\u771f\u7684\u597d\u6f02\u4eae\u597d\u53ef\u611b \u6c34\u6c6a\u6c6a\u5927\u773c\u775b\u9084\u81ea\u5e36\u5fae\u7b11\u5507\ud83d\ude1a"
        },
        {
            "reply_id": "UgwjbBZOiMu82Q9MHMh4AaABAg",
            "reply_content": "\u8d85\u7f8e"
        },
        {
            "reply_id": "UgyIcmSsLHJgWo1r8Ul4AaABAg",
            "reply_content": "\u592a\u53ef\u7231\u4e86\u2764"
        },
        {
            "reply_id": "Ugwi2dCfZ_WBR3FkSnd4AaABAg",
            "reply_content": "\u4e09\u811a\u984f\u503c\u771f\u7684\u9ad8 \u592a\u7f8e\u4e86"
        },
        {
            "reply_id": "Ugz9P-hlXYkgkzuVlmR4AaABAg",
            "reply_content": "\u597d\u53ef\u611b"
        },
        {
            "reply_id": "UgyGZWPOw5q7fs8ABbx4AaABAg",
            "reply_content": "\u6211\u4e00\u770b\u5230\u4e09\u8173\u5c31\u89ba\u5f97\u5f88\u840c\u5566!!!"
        },
        {
            "reply_id": "Ugzd-3wqfOcGLAW_FJB4AaABAg",
            "reply_content": "\u597d\u53ef\u611b"
        },
        {
            "reply_id": "Ugx7RDzD8Qf7uleihaZ4AaABAg",
            "reply_content": "\u7c89\u8272\u8089\u7403\u592a\u53ef\u611b\u4e86"
        },
        {
            "reply_id": "UgxvnZ8hxM2kY1UqP6t4AaABAg",
            "reply_content": "\u76db\u4e16\u7f8e\u984f\u554a"
        }
    ]
}