{
    "video_info": {
        "id": "9ZhDAhhM9mA",
        "channelTitle": "\u9ec3\u963f\u746a\u7684\u5f8c\u5bae\u751f\u6d3b",
        "title": "\u963f\u746a\u8207\u5695\u5695\u7684\u8ac7\u5224 #shorts #ShortsTW",
        "description": "\u963f\u746a\uff1a\u300c\u6715\u73fe\u5728\u5f88\u751f\u6c23\uff01\u300d\n\n-\n\n\u8a02\u95b1\u6211\u5011\uff1ahttps://goo.gl/5L8xkV\n\u963f\u746a\u5b98\u7db2\uff1ahttps://www.fumeanstore.com\nFB\uff1a\u9ec3\u963f\u746a\u7684\u5f8c\u5bae\u751f\u6d3b\nIG\uff1afumeancat\n\n\u3010\u5408\u4f5c\u9080\u7d04/IP\u806f\u540d\u6388\u6b0a\u3011\nfumeanaction@gmail.com \uff08\u6b61\u8fce\u4f86\u4fe1\u6d3d\u8ac7\uff09\n\n\u3014\u7248\u6b0a\u6240\u6709\uff0c\u975e\u7d93\u8a31\u53ef\u52ff\u8f49\u8f09\u81f3\u4efb\u4f55\u5e73\u53f0\u3015\n\u3014\u9818\u990a\u4e0d\u68c4\u990a\u3015",
        "likeCount": "8574",
        "commentCount": "83",
        "viewCount": "168214"
    },
    "comments": [
        {
            "reply_id": "UgyOZ6kjm-Xxc4oqXUB4AaABAg",
            "reply_content": "\u5695\u5695\u597d\u53ef\u611b\u2764"
        },
        {
            "reply_id": "UgyfVwkpVIIKZPYCsjV4AaABAg",
            "reply_content": "\u963f\u746a\u6709\u5a03\u5a03\u97f3\ud83d\ude0d"
        },
        {
            "reply_id": "UgzM5Ls-ixauhQ6TI5t4AaABAg",
            "reply_content": "\u8c93\u8001\u4e86\uff0c\u6bdb\u958b\u59cb\u5206\u5c94\u4e86"
        },
        {
            "reply_id": "UgxBjbdkOH4c7VcK9Ex4AaABAg",
            "reply_content": "\u6700\u5f8c\u90a3\u500b\u56de\u982d\u597d\u597d\u7b11"
        },
        {
            "reply_id": "Ugxw9kD46H9D8yaDh994AaABAg",
            "reply_content": "\u8d85\u53ef\u611b\u7684\u4e92\u52d5,\u54c8"
        },
        {
            "reply_id": "UgwKZSiNYy3om0oJHbZ4AaABAg",
            "reply_content": "\u5176\u5be6\u4f60\u5011\u77e5\u9053\u963f\u746a\u662f\u85cd\u8272\u7684\u55ce\uff1f"
        },
        {
            "reply_id": "UgyWJhnD2m_La2WAqwR4AaABAg",
            "reply_content": "\u963f\u739b\u771f\u7684\u5f88\u957f\u6c14\u554a\ud83d\ude02\ud83d\ude06"
        },
        {
            "reply_id": "UgwrAEY85bQ3SzzW3u54AaABAg",
            "reply_content": "\u90fd\u53ef\u611b"
        },
        {
            "reply_id": "Ugw9CfiXFGmcf42WcRN4AaABAg",
            "reply_content": "\u6715\u8981\u5403\u5341\u7897\uff0c\u5695\u5695\u8868\u793a\uff1a\u4f60\u78ba\u5b9a\u634f\uff0c\u5341\u7897\u5920\u4f60\u585e\u7259\u7e2b\u55ce\uff1f"
        },
        {
            "reply_id": "UgwqcyPceuu6eDAZe7J4AaABAg",
            "reply_content": "\u50bb\u773c\u8c93\n\u5695\u5695"
        },
        {
            "reply_id": "Ugx3GwKgrXHuiY9cYjx4AaABAg",
            "reply_content": "\u770b\u591a\u4e86\u963f\u739b\u548c\u5176\u4ed6\u732b\u732b\uff0c\u6211\u4e5f\u517b\u4e86\u4e00\u53ea\u80d6\u80d6\u6a58\u2764"
        },
        {
            "reply_id": "Ugxin4CaYBnHzp5JANB4AaABAg",
            "reply_content": "\u963f\u746a\u7684\u53eb\u8072\u597d\u7642\u7652\u554a\uff5e"
        },
        {
            "reply_id": "UgySoDKHjUM9SOnKD_d4AaABAg",
            "reply_content": "\u5c0f\u54aa\u54aa"
        },
        {
            "reply_id": "UgwBAVd3UUCI0-zh_0J4AaABAg",
            "reply_content": "\u80d6\u5230\u9019\u9ebc\u6a23\u9084\u8981\u5403\u5341\u7897, \u6015\u4e0d\u6015\u8d70\u4e0d\u52d5\u554a?"
        },
        {
            "reply_id": "UgyNulVpgtZtqlwVM-94AaABAg",
            "reply_content": "\u6015\u5230\u627e\u4e3b\u4eba\ud83d\ude02"
        },
        {
            "reply_id": "UgyQkwFol4HGwe7rlT94AaABAg",
            "reply_content": "\u5695\u5695\u50bb\u773c\ud83d\ude02\u6c42\u52a9\u7684\u5c0f\u773c\u795e\u8d85\u53ef\u611b\ud83d\ude02\ud83d\ude02"
        },
        {
            "reply_id": "UgxIXSaaOF7jmhcmINJ4AaABAg",
            "reply_content": "\u4eba\u5bb6\u662f\u6253\u5341\u500b\uff0c\u7260\u662f\u5403\u5341\u7897"
        },
        {
            "reply_id": "Ugw3_465ddbGjZpgzZF4AaABAg",
            "reply_content": "\u611f\u89ba\u662f\u963f\u746a\u5728\u53eb\u72f8\u8c93\u72f8\u8c93\u7684"
        },
        {
            "reply_id": "Ugx5PilAI01T7Jv2IjF4AaABAg",
            "reply_content": "\u597d\u53ef\u611b\u5594"
        },
        {
            "reply_id": "UgzKbbId0FjvingV8NJ4AaABAg",
            "reply_content": "\u7121\u5398\u982d\u7684\u5c0d\u8a71,\u53ef\u611b\u7684\u963f\u746a\u548c\u5695\u5695"
        }
    ]
}