{
    "video_info": {
        "id": "ac56TQr0Hl8",
        "channelTitle": "\u9ec3\u963f\u746a\u7684\u5f8c\u5bae\u751f\u6d3b",
        "title": "\u5c0f\u82b1\u751f\u65e5\u76f4\u64ad\uff01\u56db\u5c0f\u864e\u56db\u6b72\u5566\uff01",
        "description": "",
        "likeCount": "1235",
        "commentCount": "76",
        "viewCount": "25491"
    },
    "comments": [
        {
            "reply_id": "Ugxdd6yp6Ad1cVBX-Tl4AaABAg",
            "reply_content": "\u5c0f\u82b1\u795d\u798f\u4f60\u751f\u65e5\u5feb\u6a02"
        },
        {
            "reply_id": "UgxgcBlM64JYeZM73yt4AaABAg",
            "reply_content": "\u5728\u5c0f\u82b1\u56db\u6b72\u7684\u524d\u4e00\u5929\n\u4eba\u9593\u7684\u5c0f\u82b1\u751f\u51fa\u4f86\u4e86\n\uff08\u963f\u59e8\u5c0f\u5b69\u7684\u66b1\u7a31\uff09"
        },
        {
            "reply_id": "Ugx4tmvKV5NlKNq_N-94AaABAg",
            "reply_content": "\u6211\u8bb0\u5f97\u56db\u5e74\u524d\u6211\u8fd8\u5728\u8bfb\u5c0f\u5b66\uff0c\u6211\u5bb6\u732b\u8fd8\u6ca1\u51fa\u751f\uff0c\u6ca1\u60f3\u5230\u65f6\u95f4\u8fc7\u5f97\u592a\u5feb\u4e86"
        },
        {
            "reply_id": "UgyXU4ejT9-bet6I7Ph4AaABAg",
            "reply_content": "\u60f3\u77e5\u9053\u7576\u521d\u56db\u5c0f\u864e\u70ba\u4ec0\u9ebc\u6703\u53ea\u7559\u4e0b\u5c0f\u82b1\uff1f"
        },
        {
            "reply_id": "UgzirNtBiLibS48buJZ4AaABAg",
            "reply_content": "\u600e\u9ebc\u5c31\u56db\u6b72\u4e86\uff0c\u597d\u50cf\u624d\u904e\u5976\u8c93\u6c92\u591a\u4e45\u7684\u8aaa\uff0c\u6642\u9593\u904e\u5f97\u592a\u5feb\u4e86\u3002"
        },
        {
            "reply_id": "Ugx3pmB_cO1RtU0SN894AaABAg",
            "reply_content": "\u5c0f\u90e1\u4e3b\u58fd\u661f\u5409\u7965"
        },
        {
            "reply_id": "UgxIWzXlwbt0crGtB9h4AaABAg",
            "reply_content": "\u5c0f\u82b1\u751f\u65e5\u5feb\u6a02"
        },
        {
            "reply_id": "Ugygi272bxkiL-vEnP54AaABAg",
            "reply_content": "\u56db\u5c0f\u864e\u521a\u6765\u65f6\u5019\u7684\u89c6\u9891\u8fd8\u5386\u5386\u5728\u76ee\uff0c\u600e\u4e48\u56db\u5e74\u5c31\u8fc7\u53bb\u4e86\uff0c\u65f6\u95f4\u8fc7\u5f97\u597d\u5feb\uff01"
        },
        {
            "reply_id": "UgwEvM-RCl0caPcPaG54AaABAg",
            "reply_content": "\u5c0f\u82b1\u795d\u4f60\u751f\u65e5\u5feb\u6a02"
        },
        {
            "reply_id": "UgxFTWM4ExLnCyHiEWl4AaABAg",
            "reply_content": "\u7167\u6163\u4f8b\u7d66\u500b\u751f\u65e5\u79ae\u7269\u22ef \u795d\u5c0f\u82b1\u751f\u65e5\u5feb\u6a02\u3002"
        },
        {
            "reply_id": "UgwnwfuNYHhQzDRe8Eh4AaABAg",
            "reply_content": "\u662f,\u518d\u8001\u56db\u6b72"
        },
        {
            "reply_id": "UgygWVTG-xhzlNyIkG54AaABAg",
            "reply_content": "\u6642\u9593\u904e\u597d\u5feb\uff0c\u8f49\u773c\u56db\u5c0f\u864e\u4e5f\u56db\u6b72\u90fd\u9019\u9ebc\u5927\u4e86\u2764\u4e5f\u795d\u5c0f\u82b1\u751f\u65e5\u5feb\u6a02\ud83c\udf89\u548c\u67da\u5b50\u9577\u9577\u4e45\u4e45\u5594\ud83d\ude3a\ud83d\udc9e"
        },
        {
            "reply_id": "UgwB2ALE0hgpYnR9-Fh4AaABAg",
            "reply_content": "\u606d\u8cc0\u82b1\u5c0f\u4e3b\u751f\u8fb0\ud83c\udf89\u56e0\u70ba\u5728\u5f8c\u5bae\u904e\u4e0a\u990a\u5c0a\u8655\u512a\u7684\u751f\u6d3b\uff0c\u8d8a\u4f86\u8d8a\u798f\u614b\u4e86\ud83d\ude02"
        },
        {
            "reply_id": "Ugz8-bPws5QVOAbWTbx4AaABAg",
            "reply_content": "\u751f\u65e5\u8981\u5feb\u6a02\u5537~"
        },
        {
            "reply_id": "UgzHwWbRwI2kUTP3u0d4AaABAg",
            "reply_content": "\u6642\u9593\u771f\u7684\u904e\u5f97\u597d\u5feb \u8a18\u61b6\u4e2d\u7684\u5c0f\u5c0f\u8c93\u5011\u5df2\u7d93\u5927\u5230\u4e0d\u80fd\u518d\u5927\uff08\uff09\u7576\u5e74\u6d63\u8178\u904e\u56db\u6b72\u751f\u65e5\u7684\u6642\u5019\u7684\u9a5a\u8a1d\u53c8\u56de\u4f86\u4e86\ud83e\udd23\u795d\u56db\u5c0f\u864e\u6c38\u9060\u6d3b\u529b\u5065\u5eb7\u2764"
        },
        {
            "reply_id": "UgybYEQzL97LRUY2Av54AaABAg",
            "reply_content": "\u5c0f\u82b1\u751f\u65e5\u5feb\u6a02!"
        },
        {
            "reply_id": "UgxokROvMbeT4DxdyKF4AaABAg",
            "reply_content": "\u2764\u89aa\u611b\u7684\u5c0f\u82b1\uff0c\u751f\u65e5\u5feb\u6a02\u3002\n\u8b1d\u8b1d\u56db\u5c0f\u864e\u7576\u5e74\u7684\u4f86\u5230\ud83c\udf89\ud83c\udf89\ud83c\udf89\u9019\u7d55\u5c0d\u662f\u55b5\u661f\u4eba\u7684\u5831\u6069\u3002\n\u7a7f\u8d8a\u904e\u6642\u7a7a\uff0c\u518d\u56de\u4f86\u548c\u7576\u5e74\u7684\u5fd7\u9298\u548c\u72f8\u8c93\u76f8\u9047\ud83d\ude0a"
        },
        {
            "reply_id": "UgwfQgvnlUQUEBIKDVp4AaABAg",
            "reply_content": "\u9752\u6625\u53ef\u4eba\u53c8\u6027\u611f\u7684\u5c0f\u91ce\u8c93"
        },
        {
            "reply_id": "Ugw31MVC0gvraayd--N4AaABAg",
            "reply_content": "\u5c0f\u82b1\u751f\u65e5\u5feb\u6a02\u2764\u4e0d\u77e5\u4e0d\u89ba\u5c31\u56db\u6b72\u4e86\uff0c\u6642\u9593\u904e\u5f97\u597d\u5feb\u5594\u2764"
        },
        {
            "reply_id": "UgyZOB0AWaJ9r6UDsh14AaABAg",
            "reply_content": "\u795d\u56db\u5c0f\u864e\u751f\u65e5\u5feb\u6a02\uff5e\u2764\n\u5e0c\u671b\u5f8c\u5bae\u6240\u6709\u7684\u8c93\u54aa\uff0c\u9084\u6709\u5974\u624d\u8ddf\u5c0f\u5e6b\u624b\u5011\u90fd\u80fd\u5e78\u798f\u5feb\u6a02\u3001\u8eab\u9ad4\u5065\u5eb7\uff5e\u2764"
        }
    ]
}