{
    "video_info": {
        "id": "B6Zm4F6C5jk",
        "channelTitle": "\u9ec3\u963f\u746a\u7684\u5f8c\u5bae\u751f\u6d3b",
        "title": "\u8981\u8c93\u8df3\u8d77\u4f86\u771f\u7684\u597d\u96e3",
        "description": "",
        "likeCount": "3015",
        "commentCount": "46",
        "viewCount": "58778"
    },
    "comments": [
        {
            "reply_id": "UgwzHZfX5C9bhX9Wy694AaABAg",
            "reply_content": "\u8981\u7d81\u8d77\u4f86 \u5728\u4ed6\u9762\u524d\u6643\u4e00\u6643"
        },
        {
            "reply_id": "UgzdXBW4AfGItPo_x5h4AaABAg",
            "reply_content": "\u4e0a\u9762\u592a\u9ad8\u4e86\u6211\u8df3\u4e0d\u4e0a\u53bb\u6211\u53ea\u70ba\u4e86\u98fc\u6599\ud83d\ude0a"
        },
        {
            "reply_id": "UgzOJQ3qaBWSsKzz9bR4AaABAg",
            "reply_content": "\u62ff\u4e48\u80a5"
        },
        {
            "reply_id": "UgwTPat69-alI3H5OqJ4AaABAg",
            "reply_content": "\u5c0f\u82b1\u90fd\u8b8a\u5927\u82b1\u4e86\u5566\ud83d\ude05"
        },
        {
            "reply_id": "Ugy_D9w2C30DVEz5dTJ4AaABAg",
            "reply_content": "\u67da\u5b50\uff1a\u5c0f\u82b1\u592a\u91cd"
        },
        {
            "reply_id": "UgyK97MPud9TT25me6h4AaABAg",
            "reply_content": "\u53cd\u6b63\u6490\u5230\u6700\u5f8c\u4f60\u4e5f\u6703\u7d66\u6211\u5403\u554a\uff0c\u6c92\u5dee\u5566"
        },
        {
            "reply_id": "UgwmMM2N3iGaD43R-Xp4AaABAg",
            "reply_content": "\u8c93\u54aa\u5728\u7cca\u5f04\u4eba\u5427\ud83d\ude02"
        },
        {
            "reply_id": "UgzeOFMo0BGbCU3sU_N4AaABAg",
            "reply_content": "\u56e0\u70ba\u67da\u5b50\u5728\u4e0b\u9762\uff0c\u6240\u4ee5\u5c0f\u82b1\u4e0d\u60f3\u8df3\u4e0a\u53bb\ud83d\ude02"
        },
        {
            "reply_id": "UgxGfpYIQFuKtjcu5OF4AaABAg",
            "reply_content": "\u5c0f\u82b1\uff1a\u628a\u6211\u62ff\u4e0a\u53bb"
        },
        {
            "reply_id": "UgwyPxQEWUjxOJy2ddZ4AaABAg",
            "reply_content": "\u597d\u8070\u660e"
        },
        {
            "reply_id": "UgwY6z0TNpejKjSwS9N4AaABAg",
            "reply_content": "\u592a\u5927\u96bb\u4e86\uff0c\u8df3\u4e0d\u52d5"
        },
        {
            "reply_id": "UgyR4nI7lwTl0McTkp94AaABAg",
            "reply_content": "\u628a\u6bcf\u96bb\u90fd\u990a\u90a3\u9ebc\u80a5\u600e\u9ebc\u8df3\uff1f"
        },
        {
            "reply_id": "UgwKMVrrA6PJjmd4xrh4AaABAg",
            "reply_content": "\u8ddf\u67da\u5b50\u5728\u4e00\u8d77\uff0c\u4e0d\u8070\u660e\u90fd\u96e3"
        },
        {
            "reply_id": "Ugx4FvIV4bzg1PQm42N4AaABAg",
            "reply_content": "\u5927\u6263\u662f\u6709\u539f\u56e0\u7684"
        },
        {
            "reply_id": "Ugw_GUFBfjA4GHXfyxp4AaABAg",
            "reply_content": "\u5c0f\u82b1\uff1a\u6211\u4e0d\u60f3\u52aa\u529b \u5feb\u62ff\u7d66\u6211"
        },
        {
            "reply_id": "UgyiiwSfmfrAFxsvIAB4AaABAg",
            "reply_content": "\u5403\u4f60\u4e00\u9897\u96f6\u98df\u8981\u90a3\u4e48\u5927\u8d39\u5468\u7ae0\uff0c\u6211\u5c0f\u82b1\u624d\u4e0d\uff01"
        },
        {
            "reply_id": "UgzX-e7Aky8DbesAZPd4AaABAg",
            "reply_content": "\u5c0f\u82b1\u53ef\u611b\u2764"
        },
        {
            "reply_id": "Ugz2VxJ9389dsMKvZWh4AaABAg",
            "reply_content": "\u67da\u5b50\u5728\u65c1\u908a\u986f\u5f97\u5f88\u5c0f\u96bb\ud83d\ude02\ud83d\ude02"
        },
        {
            "reply_id": "UgxiLYYVyEFlLFIYdAh4AaABAg",
            "reply_content": "\u597d\u53ef\u611b"
        },
        {
            "reply_id": "UgwWsJmaDGrNEDjil3x4AaABAg",
            "reply_content": "\u53ef\u611b\u7684\u67da\u5b50\u5c0f\u82b1\u5728\u7c89\u7d05\u82ad\u6bd4\u57ce\u5821\u88e1\u2764"
        }
    ]
}