{
    "video_info": {
        "id": "dlx-_WXfcI0",
        "channelTitle": "\u9ec3\u963f\u746a\u7684\u5f8c\u5bae\u751f\u6d3b",
        "title": "\u3010\u9ec3\u963f\u746a\u7684\u5f8c\u5bae\u751f\u6d3b\u3011\u8c93\u54aa\u63db\u6bdb\u5b63\uff01\u8ab0\u662f\u5f8c\u5bae\u5ee2\u6bdb\u738b\uff1f",
        "description": "\u5974\u624d\uff1a\u300c\u5ee2\u6bdb\u51a0\u8ecd\u5230\u5e95\u662f\u8ab0\u22ef\u300d\n#\u8c93\u6bdb  #\u68b3\u6bdb  #\u63db\u6bdb\u5b63\n\u00d7 \u983b\u9053\u66f4\u65b0\u70ba\u9031\u4e94\u665a\u9593\u516d\u9ede\uff0c\u4e0d\u5b9a\u6642\u767c\u4f48\u5176\u5b83\u5f71\u7247\uff01\u00d7\n\u8a02\u95b1\u6211\u5011\uff1ahttps://goo.gl/5L8xkV\n\u963f\u746a\u5b98\u7db2\uff1ahttps://www.fumeanstore.com\n\n\u3010\u4eba\u8ddf\u52d5\u7269\u6703\u6200\u611b\u55ce\uff1f\u760b\u72c2\u7684\u6d77\u8c5a\u5be6\u9a57\u7adf\u6f14\u8b8a\u6210\u4eba\u9b5a\u6200\u7684\u6545\u4e8b\uff01\u3011\u5fd7\u9298\u8207\u72f8\u8c93\n\u25b6  https://youtu.be/8SkVykhalgI\n-\n\n\u3010\u8fd1\u671f\u6d3b\u52d5\u3011\n\n\u7b2c\u4e09\u672c\u5716\u6587\u6f2b\u756b\u300a\u8c93\u54aa\u8d85\u6709\u4e8b3-\u8c93\u8c93\u7f8e\u98df\u6551\u63f4\u8a08\u756b\u300b\n\u5728\u746a\u746a\u5546\u884c\u8cfc\u8cb7\u5c31\u8d08\u9001\u300c\u5f8c\u5bae\u842c\u7528\u8b49\u4ef6\u5e36\u300d\uff08\u96a8\u6a5f1\u6b3e\uff09\n\n\u3010\u6436\u8cfc\u5c08\u5340\u3011   \n\u53f0\u7063(\u746a\u746a\u5546\u884c)\uff1ahttps://lihi1.com/vzhq3/catyt2\n\u6e2f\u6fb3\u5730\u5340\uff1ahttps://reurl.cc/rZAq54\n\u99ac\u65b0\u5730\u5340\uff1ahttps://is.gd/Vs7aXI\n\u203b\u4ee5\u4e0a\u9023\u7d50\u7686\u6709\u9001\u3010\u5f8c\u5bae\u842c\u7528\u8b49\u4ef6\u5e36\u3011\uff08\u51683\u6b3e\uff0c\u96a8\u6a5f\u8d08\u9001\u4e59\u6b3e\uff0c\u9001\u5b8c\u70ba\u6b62\uff09\n\n-\n\n\u30107-ELEVEN \u9ec3\u963f\u746a\u4e3b\u984c\u5e97\u3011\n\u4e3b\u984c\u5e97\u958b\u5e55\u5566\uff5e\n\u8cb7\u5496\u5561\u5c31\u53ef\u4ee5\u7372\u5f97\u672c\u5e97\u9650\u5b9a\u7684\u963f\u746aCITY CAFE\u676f\uff01\n\u5e97\u5167\u9084\u6709\u5f88\u591a\u6771\u897f\u53ef\u4ee5\u62cd\u7167\uff0c\u6b61\u8fce\u4f86\u901b\u901b\uff5e\n\u5730\u5740\uff1a7-ELEVEN\u6566\u4fe1\u9580\u5e02\uff08\u53f0\u5317\u5e02\u5927\u5b89\u5340\u4ec1\u611b\u8def\u56db\u6bb5122\u5df750\u865f1\u6a13\uff09\n\n-\n\n\u3010\u53f0\u5357-\u8da3\u6dd8\u6f2b\u65c5 X \u9ec3\u963f\u746a\u7684\u5f8c\u5bae\u751f\u6d3b\u3011\n\u5373\u65e5\u8d77\u81f36/30\u6b62\uff0c\u6bcf\u65e5\u9650\u91cf6\u9593\u300c\u963f\u746a\u4f86\u8da3\u6dd8\u300d\u4e3b\u984c\u623f\uff01\n\u5165\u4f4f\u963f\u746a\u4e3b\u984c\u623f\u5c31\u8d08\u9001\u300c\u4e3b\u984c\u623f\u79ae\u5305\u300d\u5594\uff01\n\u8a02\u623f\u7db2\u5740\uff1ahttps://reurl.cc/pZemRb\n\n-\n\n\u7b2c\u4e03\u672c\u5e74\u5ea6\u8457\u4f5c\u300a\u7b49\u6211\u56de\u5bb6\u7684\u4f60\u300b\n\u53f0\u7063\uff08\u746a\u746a\u5546\u884c\uff09\uff1ahttps://reurl.cc/Kxxa5n\n\uff08\u746a\u746a\u5546\u884c \u7368\u5bb6\u8d08\u9001\u300c\u5f8c\u5bae\u51fa\u904a\u8da3\u63d2\u756b\u660e\u4fe1\u7247\u4e00\u5f35\uff0c\u96a8\u6a5f\u51fa\u8ca8\u4e0d\u6311\u6b3e\u300d\u5176\u4ed6\u901a\u8def\u6c92\u6709\u8d08\u9001\u5594\uff5e\uff09\n\u99ac\u65b0\u5730\u5340\uff1ahttps://reurl.cc/bzzGvr\n\n-\n\n\u3010\u963f\u746a Line\u8cbc\u5716\uff06\u4e3b\u984c\u3011\n\u300a\u6700\u65b0\u4e0a\u67b6\u300bhttps://lihi3.cc/8ITQO/YT01\n\u300a\u66f4\u591a\u8cbc\u5716\u300bhttps://reurl.cc/4RY6L2\n\n\u3010\u963f\u746a\u5b98\u7db2-\u746a\u746a\u5546\u884c\u3011\n\u25b6 https://www.fumeanstore.com/\n\u300a\u6700\u65b0\u5546\u54c1\u300b\u9298\u5f0f\u7e6a\u6d63\u8178T\u3001HOYACASA\u806f\u540d\u5929\u7d72\u6dbc\u88ab\u3001\u842c\u7528\u4fdd\u6eab\u4fdd\u51b7\u888b\n\n---\n\n\u3010\u5408\u4f5c\u9080\u7d04/IP\u806f\u540d\u6388\u6b0a\u3011\nfumeanaction@gmail.com \uff08\u6b61\u8fce\u4f86\u4fe1\u6d3d\u8ac7\uff09\n\n\u3014\u7248\u6b0a\u6240\u6709\uff0c\u975e\u7d93\u8a31\u53ef\u52ff\u8f49\u8f09\u81f3\u4efb\u4f55\u5e73\u53f0\u3015\n\u3014\u9818\u990a\u4e0d\u68c4\u990a\u3015",
        "likeCount": "6036",
        "commentCount": "198",
        "viewCount": "221605"
    },
    "comments": [
        {
            "reply_id": "Ugzy2ebqxCfH_yH_9nt4AaABAg",
            "reply_content": "\u53ef\u4ee5\u8003\u616e\u505a\u8c93\u6bdb\u6c08"
        },
        {
            "reply_id": "UgxE84UA0TLOAwSSNDh4AaABAg",
            "reply_content": "\u6211\u7684\u8c93\u662f\u52309"
        },
        {
            "reply_id": "Ugw2m_lIArdY4jjDOSl4AaABAg",
            "reply_content": "\u53ef\u4ee5\u7528\u8c93\u8c93\u5011\u7684\u8c93\u4f86\u505a\u7f8a\u6bdb\u6c08\u2764"
        },
        {
            "reply_id": "UgzdiKm-uCytEIuYY7J4AaABAg",
            "reply_content": "\u6715\u53c8\u8d0f\u4e86!"
        },
        {
            "reply_id": "UgynzrDWgK_qpVh229h4AaABAg",
            "reply_content": "\u4e09\u8173\u5a18\u5a18\u597d\u53ef\u611b\u5594\ud83d\ude0d\u2764"
        },
        {
            "reply_id": "UgzMjiPrbGslBSkyRnp4AaABAg",
            "reply_content": "\u6d17\u9aee\u7cbe\u5ee3\u544a\ud83d\ude02"
        },
        {
            "reply_id": "UgyahEv9GZ3jUpqaF5J4AaABAg",
            "reply_content": "\u649e\u649e\u8173\u59b9\ud83d\ude2e"
        },
        {
            "reply_id": "UgyYRiIYSY8lXCVhBqV4AaABAg",
            "reply_content": "\u597d\u4e45\u6ca1\u770b\u963f\u739b\u611f\u89c9\u53d8\u7626\u4e86\ud83d\ude05\u5974\u624d\u662f\u4e0d\u662f\u6ca1\u7ed9\u5403\u7684\uff01\uff01"
        },
        {
            "reply_id": "UgzADVUfljKJu2rwcqV4AaABAg",
            "reply_content": "\u6211\u5bb6\u8c93\u8c93\u68b3\u6bdb\uff0c\u633a\u96e3\u63a7\u5236\u7684\uff0c\u6703\u6399\u624e\ud83d\ude05"
        },
        {
            "reply_id": "UgyNZLzWKVsWwmwAsJF4AaABAg",
            "reply_content": "\u53ef\u4ee5\u8490\u96c6\u6240\u6709\u6bdb\u6e96\u5099\u8c93\u6bdb\u88ab\u51ac\u5929\u7528\uff0c\u50cf\u7fbd\u6bdb\u88ab\u4e00\u6a23\u3002"
        },
        {
            "reply_id": "UgzVUpgjrrQ4RyRx4zJ4AaABAg",
            "reply_content": "\u51a0\u8ecd\u963f\u746a\ud83d\ude02"
        },
        {
            "reply_id": "Ugymhg1sq9KdfZ0BM-l4AaABAg",
            "reply_content": "\u6700\u5ee2\u80a5\u746a"
        },
        {
            "reply_id": "UgziFwj93rPU226o5PR4AaABAg",
            "reply_content": "\u68b3\u5b50\u770b\u8d77\u4f86\u5f88\u597d\u7528"
        },
        {
            "reply_id": "Ugyvb9zgMH3Ey6v16zh4AaABAg",
            "reply_content": "\u7a81\u7136\u767c\u73fe\u6700\u8fd14\u96c6\u7684\u5c01\u9762\u90fd\u662f\u963f\u746a\ud83d\ude02"
        },
        {
            "reply_id": "UgxDa4lrWIfDHwJQ9dN4AaABAg",
            "reply_content": "\u6d63\u8178\u7684\u8868\u60c5\u8eab\u9ad4\u50f5\u786c\u597d\u597d\u7b11"
        },
        {
            "reply_id": "Ugw9e-2ILS3qFvLDuzV4AaABAg",
            "reply_content": "\u770b\u898b\u5225\u4eba\u7684\u8c93\u90fd\u89ba\u5f97 \u300e\u600e\u9ebc\u9019\u9ebc\u4e56\u300f\uff01\n\u6211\u5bb6\u7684\u8c93\u4e3b\u5b50\u770b\u5230\u6211\u62ff\u68b3\u5b50\u9760\u8fd1\u5c31\u958b\u59cb\u8dd1\u7d66\u6211\u8ffd\uff0e\uff0e\uff0e"
        },
        {
            "reply_id": "UgwHf88zMuOU5VGALHh4AaABAg",
            "reply_content": "\u6211\u57287\u670816\u65e5\u53bb\u53f0\u5317\u73a9\uff0c\u8acb\u554f\u53f0\u5317\u5728\u90a3\u88e1\u627e\u5230\u9ec3\u963f\u746a\u7684\u8216\u5b50\u3002"
        },
        {
            "reply_id": "UgyWZZEMrFGoUL8pskR4AaABAg",
            "reply_content": "\u5bb3\u6015\u5695\u5695\u751f\u6c23\u90a3\u6bb5\u597d\u597d\u7b11\uff0c\u5c0f\u5fc3\u7ffc\u7ffc\ud83d\ude06"
        },
        {
            "reply_id": "Ugwgwzj2BPqhUNBDos54AaABAg",
            "reply_content": "\u746a\u746a\u679c\u7136\u662f\u5ee2\u6bdb\u738b\ud83e\udd23\ud83e\udd23"
        },
        {
            "reply_id": "UgxBIME4_5X5PFWnH4J4AaABAg",
            "reply_content": "\u963f\u746a\u662f\u9ad4\u578b\u51a0\u8ecd\u5427\ud83e\udd23\ud83e\udd23"
        }
    ]
}