{
    "video_info": {
        "id": "ekDC4kS1src",
        "channelTitle": "\u9ec3\u963f\u746a\u7684\u5f8c\u5bae\u751f\u6d3b",
        "title": "\u5728\u5730\u677f\u4e0a\u8cbc\u4e00\u500b\u5708\u5c31\u80fd\u5438\u5f15\u8c93\u54aa\uff1f",
        "description": "",
        "likeCount": "6099",
        "commentCount": "65",
        "viewCount": "128892"
    },
    "comments": [
        {
            "reply_id": "UgzlESQDnfgjYY9LgMZ4AaABAg",
            "reply_content": "\u6700\u8fd1\u5f88\u611b\u770b\u96fb\u8996\ud83d\ude02"
        },
        {
            "reply_id": "UgyyPQS40e0YCcAI9Ll4AaABAg",
            "reply_content": "\u9019\u662f\u771f\u7684\u55ce"
        },
        {
            "reply_id": "UgxXnBNUmIVftMiWJWV4AaABAg",
            "reply_content": "\u611b\u770b\u96fb\u8996\u7684\u732b\u54aa\ud83d\ude3a"
        },
        {
            "reply_id": "UgyZxz5FKQubMT8_rUp4AaABAg",
            "reply_content": "\u5c31\u4e0d\u80fd\u602a\u6211\u5bb6\u7684\u732b\u4e0d\u89c1\u4e86\u539f\u6765\u662f\u4f60\u5077\u8d70\u4e86"
        },
        {
            "reply_id": "UgwZo7kvSPse18K8TO14AaABAg",
            "reply_content": "\u96fb\u8996\u8c93"
        },
        {
            "reply_id": "Ugz9jVClHpiPvN2w5aZ4AaABAg",
            "reply_content": "\u521a\u5f00\u59cb\u7684\u65f6\u5019\u542c\u5230so\u5728\u53eb"
        },
        {
            "reply_id": "UgwKiO0WQPyw5scMOMl4AaABAg",
            "reply_content": "\u65b9\u570d \u5b9a\u790e"
        },
        {
            "reply_id": "UgzzDmwjPZRxzfOdcdN4AaABAg",
            "reply_content": "\u6211\u8a71\u4ffe\u4f60\u5f15\u5440\u6211\u7747\u5de6\u4e00\u5ea6\u7247\u6bb5\u55ba\u597d\u597d\u7b11\u7334\u5b50\u9999\u6e2f\u4f86\u5497\u4e00\u888b\u9eb5\u5305\u6bd4\u4eba\u5f71\u5230\u4f62\u53ef\u80fd\u5514\u8a18\u5f97\u4ffe\u6bd4\u9322\u5c0f\u59d0\u514d\u8cbb\u56c9\u5497\u4e00\u888b\u9eb5\u5305\u771f\u4fc2\u597d\u597d\u7b11\u5440\u2764\ud83d\ude02\ud83c\udf89"
        },
        {
            "reply_id": "Ugwl315v04uMlg-_9cV4AaABAg",
            "reply_content": "\u96fb\u8996\u5152\u7ae5\u597d\u53ef\u611b\u2764"
        },
        {
            "reply_id": "UgxVuNoDo8xF3HMSyYl4AaABAg",
            "reply_content": "\u53ef\u60e1\ud83d\ude02\u6700\u7d42\u9084\u662f\u4eba\u985e\u6bd4\u8f03\u5bb9\u6613\u88ab\u5438\u5f15\u5566\uff08\u5f9e\u5f71\u7247\u958b\u982d\u5230\u7d50\u675f\uff09"
        },
        {
            "reply_id": "UgzXSmb2bQVMYaBjtX94AaABAg",
            "reply_content": "\u53ef\u80fd\u662f\u8cbc\u7684\u4e0d\u5920\u5713\uff0c\u9019\u5206\u660e\u662f\u65b9\u5f62"
        },
        {
            "reply_id": "UgyACkolApaQ6JybH_R4AaABAg",
            "reply_content": "\u60f3\u770b\u5176\u4ed6\u7684\u8c93\ud83c\udf89"
        },
        {
            "reply_id": "UgwCx4PnyplcRmOsm8Z4AaABAg",
            "reply_content": "\u6b78\u547d\u84ee\u83ef\u751f\u5927\u58eb"
        },
        {
            "reply_id": "UgxrWFiFHpzzt_suqJR4AaABAg",
            "reply_content": "\u96fb\u8996\u59cb\u7d42\u662f\u7b2c\u4e00\u4f4d"
        },
        {
            "reply_id": "UgwKuQw30mivrUcPGl54AaABAg",
            "reply_content": "\u597d\u53ef\u611b\u554a\ud83d\ude0d\u771f\u7684\u96e2\u4e0d\u958b\u96fb\u8996\u6b38\ud83d\ude02"
        },
        {
            "reply_id": "UgyPUBG_VrDC8gf2EOl4AaABAg",
            "reply_content": "\u4e0d\u6e96"
        },
        {
            "reply_id": "UgyLtDLF1dm_NmehLlB4AaABAg",
            "reply_content": "\u597d\u53ef\u611b\u2764\u679c\u7136\u96fb\u8996\u5f37\u2764"
        },
        {
            "reply_id": "Ugw-_wT7M_8no-iopLR4AaABAg",
            "reply_content": "\u54c8\u54c8\u54c8 \u8fd8\u662f\u7535\u89c6\u597d\u770b"
        }
    ]
}