{
    "video_info": {
        "id": "EYb5gfpN5EM",
        "channelTitle": "\u9ec3\u963f\u746a\u7684\u5f8c\u5bae\u751f\u6d3b",
        "title": "\u300c\u76f4\u64ad\u4e2d\u300d\u4e09\u817316\u6b72\u751f\u65e5\uff01",
        "description": "",
        "likeCount": "1310",
        "commentCount": "108",
        "viewCount": "24237"
    },
    "comments": [
        {
            "reply_id": "UgzeOJSq__Kfh9zT0Ht4AaABAg",
            "reply_content": "\u795d\u7f8e\u9e97\u7684\u4e09\u8173\u5a18\u5a18\u751f\u65e5\u5feb\u6a02\u2764"
        },
        {
            "reply_id": "Ugw8mgsSgcKhUjs-2Qt4AaABAg",
            "reply_content": "\u4e09\u8173\u5a18\u5a18\u751f\u65e5\u5feb\u6a02\uff01\n\u795d\u4f60\u6c38\u9060\u5065\u5eb7\u5feb\u6a02\u5e73\u5b89\u5594\uff01"
        },
        {
            "reply_id": "UgzbKNqEKoqlvygUU-54AaABAg",
            "reply_content": "\u811a\u59b9\u751f\u65e5\u5feb\u4e50\uff0c\u957f\u957f\u4e45\u4e45\u8eab\u4f53\u5065\u5eb7\uff01"
        },
        {
            "reply_id": "UgwprxGs_TSv0F2j6DB4AaABAg",
            "reply_content": "\u5f8c\u5bae\u5e74\u7d00\u6700\u5927\u7684\u8c93\u54aa\u662f\u963f\u746a\u55ce\uff1f"
        },
        {
            "reply_id": "UgyLXUK9RoCK0PHW6bN4AaABAg",
            "reply_content": "\u4e09\u8173 \u8173\u59b9\u751f\u65e5\u5feb\u6a02 \u8eab\u9ad4\u5065\u5eb7\u3002\u5974\u624d\u8f9b\u82e6\u4e86"
        },
        {
            "reply_id": "UgxnGLhubFTuBg_LYal4AaABAg",
            "reply_content": "\u4e09\u8173\u751f\u65e5\u5feb\u6a02\ud83c\udf89"
        },
        {
            "reply_id": "Ugy1rfEKEXUKOS59lop4AaABAg",
            "reply_content": "\u5c01\u9762\u7167\u7247\u662f\u53ef\u611b\u7684\u5695\u5695\u554a\ud83d\ude02"
        },
        {
            "reply_id": "UgyjptzDYUAgeJSU4ch4AaABAg",
            "reply_content": "\u4e09\u8173\ud83c\udf89\u751f\u65e5\u5feb\u6a02"
        },
        {
            "reply_id": "UgyrSqfcWSwQj947GNt4AaABAg",
            "reply_content": "\u795d\u4e09\u8173\u751f\u65e5\u5feb\u6a02\ud83c\udf82"
        },
        {
            "reply_id": "UgxHmpHdHwb27vrlb3B4AaABAg",
            "reply_content": "\u4e09\u8173\u751f\u65e5\u5feb\u6a02\uff0c\u795d\u9577\u547d\u767e\u6b72\u2764"
        },
        {
            "reply_id": "UgzCwPgNZQQCKQbpYWN4AaABAg",
            "reply_content": "\u795d\u4e09\u8173\u6c38\u9060\u7f8e\u9e97\u5065\u5eb7\u5e73\u5b89\u751f\u65e5\u5feb\u6a02"
        },
        {
            "reply_id": "UgzxI3K1z3sYchuvwfp4AaABAg",
            "reply_content": "\u53ef\u60dc\u4e86\uff0c\u662f\u6296\u9670\u5f0f\u76f4\u5f71\u7247"
        },
        {
            "reply_id": "UgwzcWLc9PkLWeKe-Rl4AaABAg",
            "reply_content": "\u751f\u65e5\u5feb\u6a02"
        },
        {
            "reply_id": "Ugw4dj7BaiqPTpchYUN4AaABAg",
            "reply_content": "\u4e09\u8173\u5a18\u5a18\u751f\u65e5\u5feb\u6a02"
        },
        {
            "reply_id": "UgzzSvbRnx_FEnrV9jd4AaABAg",
            "reply_content": "\u4e09\u8173\u751f\u65e5\u5feb\u6a02!"
        },
        {
            "reply_id": "UgwQAB7TGSTy1JbyLcl4AaABAg",
            "reply_content": "\u4e09\u8173\u751f\u65e5\u5feb\u6a02"
        },
        {
            "reply_id": "Ugyfw6_C75BSfQOX9l94AaABAg",
            "reply_content": "\u4e09\u8173\u751f\u65e5\u5feb\u6a02"
        },
        {
            "reply_id": "Ugxt_AFd1vRVhKMUDZ54AaABAg",
            "reply_content": "\u4e09\u8173\u751f\u65e5\u5feb\u6a02\uff0c\u8981\u6bcf\u5929\u90fd\u5065\u5eb7\u5feb\u6a02\u5594"
        },
        {
            "reply_id": "Ugy09DiQnE82DfM3WMd4AaABAg",
            "reply_content": "\u53ef\u611b\u7684\u4e09\u8173\u2764"
        },
        {
            "reply_id": "UgzaizFdW03TmblCGQ14AaABAg",
            "reply_content": "\u4e09\u8173\u751f\u65e5\u5feb\u6a02\ud83c\udf89"
        }
    ]
}