{
    "video_info": {
        "id": "feuk0WnIJj0",
        "channelTitle": "\u9ec3\u963f\u746a\u7684\u5f8c\u5bae\u751f\u6d3b",
        "title": "\uff3b\u76f4\u64ad\u4e2d\uff3d\u67da\u5b5010\u6b72\u751f\u65e5\u5566\uff01",
        "description": "",
        "likeCount": "1208",
        "commentCount": "122",
        "viewCount": "21465"
    },
    "comments": [
        {
            "reply_id": "UgyLPNTKGbz25Aklug94AaABAg",
            "reply_content": "\u53ef\u611b\u7684\u67da\u67da"
        },
        {
            "reply_id": "UgwV69Him31LI90H3al4AaABAg",
            "reply_content": "\u771f\u7684\u6700\u559c\u6b61\u67da\u5b50"
        },
        {
            "reply_id": "Ugz7g20RXSfaIXM7prl4AaABAg",
            "reply_content": "\u67da\u5b50\u9664\u4e86\u8072\u97f3\u7c97\u4e86\u9ede\uff0c\u5176\u4ed6\u90fd\u5f88\u5e6b\u5f88\u53ef\u611b\uff01\u5e0c\u671b\u67da\u5b50\u6c38\u9060\u90fd\u6d3b\u529b\u7121\u9650\uff01\u2764\u2764\u2764\u2764"
        },
        {
            "reply_id": "UgwbiqNy_RmWT5T2GpZ4AaABAg",
            "reply_content": "\u7b2c\u4e00\u8b93\u6211\u611b\u4e0a\u7684\u7db2\u7d05\ud83d\ude0d\u67da\u5b50\u751f\u65e5\u5feb\u6a02 \u8981\u5065\u5eb7\u5594\u2764\ud83c\udf89"
        },
        {
            "reply_id": "UgwfeyfevtHFayzkLT94AaABAg",
            "reply_content": "\u795d\u67da\u5b50\u751f\u65e5\u5feb\u6a02\uff01\u5f8c\u5bae\u548c\u5974\u624d\u7684\u983b\u9053\u6211\u90fd\u6709\u8a02\u95b1\u5594\uff01\u5e0c\u671b\u5974\u624d\u8207\u4e3b\u5b50\u5011\u5065\u5065\u5eb7\u5eb7\uff0c\u5e73\u5e73\u5b89\u5b89\u5594\uff01\u8b1d\u8b1d\u4f60\u5011\u4e00\u76f4\u62cd\u5f71\u7247\u7d66\u7c89\u7d72\u5011\u770b\uff01\u6211\u4e00\u5b9a\u6703\u7e7c\u7e8c\u652f\u6301\u4f60\u5011\u7684\uff01\u518d\u795d\u798f\u4f60\u5011\u4e00\u6b21\uff0c\u67da\u5b50\u751f\u65e5\u5feb\u6a02\u5594\uff01"
        },
        {
            "reply_id": "UgzUJkN0ZBTU-6EJ41Z4AaABAg",
            "reply_content": "\u795d\u904b\u52d5\u5065\u5c07\u67da\u5b50\u751f\u65e5\u5feb\u6a02\ud83c\udf89\ud83c\udf8a"
        },
        {
            "reply_id": "UgyRhiODp7hyfpCThyZ4AaABAg",
            "reply_content": "\u76f4\u64ad\u7684\u97f3\u91cf\u5f88\u6e05\u695a \u6bd4\u6628\u5929\u4fe1\u7bb1\u90a3\u4e2a\u76f4\u64ad"
        },
        {
            "reply_id": "Ugyv1v0eLHTKkNfQ2RZ4AaABAg",
            "reply_content": "\u67da\u5b50\u751f\u65e5\u5feb\u6a02\ud83c\udf89"
        },
        {
            "reply_id": "UgwD8n7OMHagMp5lRLN4AaABAg",
            "reply_content": "\u67da\u5b50\u751f\u65e5\u5feb\u6a02"
        },
        {
            "reply_id": "UgxOPYUde8Xuchvj2WZ4AaABAg",
            "reply_content": "\u6700\u611b\u67da\u5b50\u2764\uff0c\n\u795d\u8eab\u9ad4\u5065\u5eb7\u53c8\u5feb\u6a02"
        },
        {
            "reply_id": "UgxuU-3ZmmcvFaWws254AaABAg",
            "reply_content": "\u67da\u5b50\u751f\u65e5\u5feb\u4e50\uff01"
        },
        {
            "reply_id": "UgyXw66iIrQhGMHy9Kp4AaABAg",
            "reply_content": "\u7adf\u7136\u5341\u6b72\u4e86\u22ef \u6642\u9593\u904e\u597d\u5feb"
        },
        {
            "reply_id": "Ugw8ErqU0cpgw7NEuMF4AaABAg",
            "reply_content": "\u795d\u67da\u5b50\u751f\u65e5\u5feb\u6a02"
        },
        {
            "reply_id": "UgwyND8cSLBZ0NKRp0J4AaABAg",
            "reply_content": "\u795d\u67da\u5b50\u751f\u65e5\u5feb\u6a02\uff0c\u8eab\u9ad4\u5065\u5eb7\u3002"
        },
        {
            "reply_id": "UgwZvtfBPLRzwqYr9l94AaABAg",
            "reply_content": "\u67da\u5b50\u751f\u65e5\u5feb\u6a02\u2764"
        },
        {
            "reply_id": "UgzsgXnXKM6NFLRmi0B4AaABAg",
            "reply_content": "\u751f\u65e5\u5feb\u6a02 \u67da\u5b50 \u8981\u5065\u5eb7\u5594"
        },
        {
            "reply_id": "UgwI-NVI3XeDApDin0p4AaABAg",
            "reply_content": "\u5f8c\u5bae\u67da\u5b50\u751f\u65e5\u5feb\u6a02\u5929\u5929\u958b\u5fc3"
        },
        {
            "reply_id": "Ugx7j9pSpQJ-bhfoT4x4AaABAg",
            "reply_content": "\u4e00\u958b\u59cb\u95dc\u6ce8\u5f8c\u5bae\u662f\u67da\u5b506\u6b72\u7684\u6642\u5019\uff01\u4e0d\u77e5\u4e0d\u89ba\u5df2\u7d93\u4f86\u523010\u6b72\u4e86\uff01\u4e0d\u904e\u770b\u8d77\u4f86\u9084\u662f\u50cf\u500b\u5c0f\u5b69\u5b50\ud83e\udd70\ud83e\udd70\u7b2c\u4e00\u773c\u5c31\u611b\u4e0a\u4e86\u9019\u500b\u9017\u8da3\u6d3b\u6f51\u7684\u5c0f\u5e25\u54e5\ud83d\ude0d\ud83d\ude0d\u95dc\u65bc\u67da\u5b50\u7684\u6bcf\u90e8\u5f71\u7247\u90fd\u662f\u4e00\u770b\u518d\u770b\uff01\u600e\u9ebc\u770b\u90fd\u9084\u662f\u62ff\u58a8\u53e3\u611b\ud83e\udd70\ud83e\udd70\u5e0c\u671b\u6211\u6700\u611b\u7684\u67da\u5b50\u5bf6\u8c9d\u6bcf\u5929\u90fd\u5065\u5eb7\u5feb\u6a02\uff01\u8ddf\u5c0f\u82b1\u4e00\u76f4\u5e78\u798f\u4e0b\u53bb\u2764\u2764\u751f\u65e5\u5927\u5feb\u6a02\ud83c\udf82\ud83d\ude18\ud83d\ude18"
        },
        {
            "reply_id": "Ugzcp7825fjv89a_-OZ4AaABAg",
            "reply_content": "\u67da\u5b50\u751f\u65e5\u5feb\u6a02"
        },
        {
            "reply_id": "Ugz-gt_Nm6zmwLWvF4F4AaABAg",
            "reply_content": "\u6700\u5e25\u6700\u53ef\u611b\u6700\u8070\u660e\u6700\u654f\u6377\u6700\u68d2\u7684\u67da\u5b50\u751f\u65e5\u5feb\u6a02!!\n\u8981\u4e00\u76f4\u5feb\u6a02\u5065\u5eb7\u5594!!"
        }
    ]
}