{
    "video_info": {
        "id": "IcPBGTFk8n4",
        "channelTitle": "\u9ec3\u963f\u746a\u7684\u5f8c\u5bae\u751f\u6d3b",
        "title": "\u3010\u9ec3\u963f\u746a\u7684\u5f8c\u5bae\u751f\u6d3b\u30112023\u67da\u5b50\u7684\u4e00\u5929\uff01\u62cd\u5c41\u5c41\u4e0d\u80fd\u505c\uff01",
        "description": "\u67da\u5b50\uff1a\u300c\u597d\u723d\u554a\u554a\u554a\uff01\u300d\n\u00d7 \u983b\u9053\u66f4\u65b0\u70ba\u9031\u4e94\u665a\u9593\u516d\u9ede\uff0c\u4e0d\u5b9a\u6642\u767c\u4f48\u5176\u5b83\u5f71\u7247\uff01\u00d7\n\u8a02\u95b1\u6211\u5011\uff1ahttps://goo.gl/5L8xkV\n\u963f\u746a\u5b98\u7db2\uff1ahttps://www.fumeanstore.com\n\n\u3010\u67da\u5b5010\u6b72\u751f\u65e5QA\uff01\u627e\u4eba\u62cd\u67da\u5b50\u5c41\u5c41\uff01\u3011\u5fd7\u9298\u8207\u72f8\u8c93\n\u25b6 https://youtu.be/Xzl0zw2TJ48\n\n-\n\n\u3010\u8fd1\u671f\u6d3b\u52d5\u3011\n\n\u3010\u8c93\u54aa\u8d85\u6709\u4e8b3\uff1a\u746a\u6c11\u8a8d\u8b49\u7c3d\u66f8\u6703\u3011\n* 7/23 14:00~17:00 \u53f0\u5357 \u653f\u5927\u66f8\u57ce (\u53f0\u5357\u5e02\u4e2d\u897f\u5340\u897f\u9580\u8def\u4e8c\u6bb5120\u865f)\n* 8/20 14:00~17:00 \u82b1\u84ee \u653f\u5927\u66f8\u57ce (\u82b1\u84ee\u7e23\u82b1\u84ee\u5e02\u4e2d\u5c71\u8def547-2\u865f)\n* 9/10 14:00~17:00 \u53f0\u5317 \u4e2d\u548c\u74b0\u7403\u8cfc\u7269\u4e2d\u5fc3 (\u65b0\u5317\u5e02\u4e2d\u548c\u5340\u4e2d\u5c71\u8def\u4e09\u6bb5122\u865f)\n* 11/19 14:00~17:00 \u9ad8\u96c4 \u6f22\u795e\u5de8\u86cb B1\u7279\u5c55\u5340 (\u9ad8\u96c4\u5e02\u5de6\u71df\u5340\u535a\u611b\u4e8c\u8def777\u865f)  \n* 12/03 14:00~17:00 \u53f0\u4e2d \u5ee3\u4e09SOGO 12\u6a13\u6d3b\u52d5\u5340 (\u53f0\u4e2d\u5e02\u897f\u5340\u53f0\u7063\u5927\u9053\u4e8c\u6bb5459\u865f)\n\u8a73\u7d30\u6d3b\u52d5\u8fa6\u6cd5\u8acb\u770b https://lihi3.cc/RMCIt/YT\n\n-\n\n\u7b2c\u4e09\u672c\u5716\u6587\u6f2b\u756b\u300a\u8c93\u54aa\u8d85\u6709\u4e8b3-\u8c93\u8c93\u7f8e\u98df\u6551\u63f4\u8a08\u756b\u300b\n\u5728\u746a\u746a\u5546\u884c\u8cfc\u8cb7\u5c31\u8d08\u9001\u300c\u5f8c\u5bae\u842c\u7528\u8b49\u4ef6\u5e36\u300d\uff08\u96a8\u6a5f1\u6b3e\uff09\n\n\u3010\u6436\u8cfc\u5c08\u5340\u3011   \n\u53f0\u7063(\u746a\u746a\u5546\u884c)\uff1ahttps://lihi1.com/vzhq3/catyt2\n\u203b\u5546\u884c\u7368\u5bb6\u8d08\u9001\u3010\u5f8c\u5bae\u842c\u7528\u8b49\u4ef6\u5e36\u3011\uff08\u51683\u6b3e\uff0c\u96a8\u6a5f\u8d08\u9001\u4e59\u6b3e\uff0c\u9001\u5b8c\u70ba\u6b62\uff09\n\u6e2f\u6fb3\u5730\u5340\uff1ahttps://reurl.cc/rZAq54\n\u99ac\u65b0\u5730\u5340\uff1ahttps://is.gd/Vs7aXI\n\n-\n\n\u30107-ELEVEN \u9ec3\u963f\u746a\u4e3b\u984c\u5e97\u3011\n\u4e3b\u984c\u5e97\u958b\u5e55\u5566\uff5e\n\u8cb7\u5496\u5561\u5c31\u53ef\u4ee5\u7372\u5f97\u672c\u5e97\u9650\u5b9a\u7684\u963f\u746aCITY CAFE\u676f\uff01\n\u5e97\u5167\u9084\u6709\u5f88\u591a\u6771\u897f\u53ef\u4ee5\u62cd\u7167\uff0c\u6b61\u8fce\u4f86\u901b\u901b\uff5e\n\u5730\u5740\uff1a7-ELEVEN\u6566\u4fe1\u9580\u5e02\uff08\u53f0\u5317\u5e02\u5927\u5b89\u5340\u4ec1\u611b\u8def\u56db\u6bb5122\u5df750\u865f1\u6a13\uff09\n\n-\n\n\u7b2c\u516b\u672c\u5e74\u5ea6\u8457\u4f5c\u300a\u6700\u73cd\u60dc\u7684\u6642\u5149\u300b\n\u53f0\u7063\uff08\u746a\u746a\u5546\u884c\uff09\uff1ahttps://lihi2.com/EIuQg/fumeancatYT\n\u6e2f\u6fb3\u5730\u5340\uff1ahttps://parg.co/UN4Q\n\u99ac\u65b0\u5730\u5340\uff1ahttps://parg.co/UN4s\n\n-\n\n\u3010\u963f\u746a Line\u8cbc\u5716\uff06\u4e3b\u984c\u3011\n\u300a\u6700\u65b0\u4e0a\u67b6\u300bhttps://reurl.cc/8jK0q4\n\u300a\u66f4\u591a\u8cbc\u5716\u300bhttps://reurl.cc/4RY6L2\n\n\u3010\u963f\u746a\u5b98\u7db2-\u746a\u746a\u5546\u884c\u3011\n\u25b6\u00a0https://www.fumeanstore.com/\n\u300a\u6700\u65b0\u5546\u54c1\u300b304\u4e0d\u93fd\u92fc\u9910\u5177\u3001\u7ae5\u88dd\u7d14\u68c9\u77edT\u3001\u5f8c\u5bae\u5922\u4e4b\u8239\u58d3\u514b\u529b\u9020\u578b\u7acb\u724c\n\n---\n\n\u3010\u5408\u4f5c\u9080\u7d04/IP\u806f\u540d\u6388\u6b0a\u3011\nfumeanaction@gmail.com \uff08\u6b61\u8fce\u4f86\u4fe1\u6d3d\u8ac7\uff09\n\n\u3014\u7248\u6b0a\u6240\u6709\uff0c\u975e\u7d93\u8a31\u53ef\u52ff\u8f49\u8f09\u81f3\u4efb\u4f55\u5e73\u53f0\u3015\n\u3014\u9818\u990a\u4e0d\u68c4\u990a\u3015",
        "likeCount": "4662",
        "commentCount": "216",
        "viewCount": "107954"
    },
    "comments": [
        {
            "reply_id": "UgyrKDXAc6QNIze9AH54AaABAg",
            "reply_content": "\u67da\u5b50\u7be1\u4f4d\u6210\u529f\u4e86\u6c92\u54c8\u54c8\ud83d\ude02"
        },
        {
            "reply_id": "UgzdtBSI0uxYCzXd0pZ4AaABAg",
            "reply_content": "\u67da\u5b50\u54a9\u54a9\u53eb"
        },
        {
            "reply_id": "UgwKrK7O57nlFJXbTyp4AaABAg",
            "reply_content": "\u67da\u5b50\u771f\u7684\u662f \u4e00\u6574\u5929\u90fd\u5728\u62cd\u5c41\u5c41\u8036\ud83e\udd23"
        },
        {
            "reply_id": "Ugw-UA3AQxLRuqSsBUN4AaABAg",
            "reply_content": "\u6211\u7684\u5370\u8c61\u9084\u5728\u4ed66\u6b72\u311f"
        },
        {
            "reply_id": "UgzE1Dt8zMtb1oyW_mJ4AaABAg",
            "reply_content": "\u67da\u5b50\u751f\u65e5\u5feb\u6a02\uff0c\u8981\u4e00\u76f4\u5065\u5065\u5eb7\u5eb7\u7684\u5537\u2764"
        },
        {
            "reply_id": "UgzlNwg21imaXaKrX3V4AaABAg",
            "reply_content": "\u597d\u53ef\u611b\u6d63\u8178 \u67da\u5b50"
        },
        {
            "reply_id": "UgzpQZmezt8617Uo1PV4AaABAg",
            "reply_content": "\u67da\u5b50\u8212\u723d\u7684\u4e00\u5929\ud83d\ude02"
        },
        {
            "reply_id": "UgzbpJn6MWcqs349HD54AaABAg",
            "reply_content": "\u6211\u8a18\u5f97\u6211\u4e4b\u524d\u5728\u570b\u4e2d\u66f8\u5c55\u8cb7\u4e86\u4e00\u500b\u4f60\u5011\u7684\u66f8\u53ef\u662f\u6211\u5fd8\u4e86\u653e\u54ea\u4e86XD"
        },
        {
            "reply_id": "Ugwed0XAZoeT0GcyHdR4AaABAg",
            "reply_content": "\u8acb\u554f\u53ef\u4e0d\u53ef\u4ee5\u8b93\u8c93\u54aa\u5728\u5e8a\u4e0a\u7761\u89ba\u6703\u5f88\u591a\u8c93\u6bdb\uff1f"
        },
        {
            "reply_id": "UgxRCRlwupr6oDKHELl4AaABAg",
            "reply_content": "\u611f\u89ba\u63db\u76f8\u6a5f\u62cd\u4e86 \u770b\u8d77\u4f86\u984f\u8272\u66f4\u9bae\u8277\u4e86\ud83d\ude0a"
        },
        {
            "reply_id": "UgwbBZhIdE7nNfby6i54AaABAg",
            "reply_content": "\u771f\u7684\u8ddf\u6f2b\u756b\u4e00\u6a23 \u8db4\u5728\u80a9\u8180\u4e0a\u62cd\u5c41\u5c41"
        },
        {
            "reply_id": "Ugx6st98eyUQiSl3j0d4AaABAg",
            "reply_content": "\u67da\u5b50\u8ddf\u6211\u9130\u5c45\u6d41\u6d6a\u8c93(\u73fe\u5be6\u8c93\u81ed\u96de\u63b0\u6211\u53d6\u540d\u5b57)\u9577\u5f88\u50cf"
        },
        {
            "reply_id": "UgzvbkiILDdLAvALps94AaABAg",
            "reply_content": "\u67da\u5b50\u559c\u6b61\u62cd\u5c41\u5c41\u7684\u7a0b\u5ea6\u5927\u6982\u662f\u4eba\u985e\u62cd\u65b7\u624b\u4e86\u4e5f\u9084\u6c92\u6eff\u8db3\ud83e\udd23"
        },
        {
            "reply_id": "Ugw6JIrbIMdwKAxx-up4AaABAg",
            "reply_content": "\u67da\u5b50\u597d\u53ef\u611b \u6709\u7c89\u7d05\u809a\u809a\u662f\u600e\u9ebc\u4e86\u55ce\ud83e\udd7a"
        },
        {
            "reply_id": "UgxewoKREV0ZKPhTSbN4AaABAg",
            "reply_content": "\u67da\u5b50\u597d\u53ef\u611b\u54e6"
        },
        {
            "reply_id": "UgwdfjdhNqCfpJ7w1uZ4AaABAg",
            "reply_content": "\u606d\u559c\u9032\u5165\u8001\u8c93\u7d44"
        },
        {
            "reply_id": "UgxTK3PlZ5ysM8a5Qph4AaABAg",
            "reply_content": "\u5176\u5be6\u67da\u5b50\u4e0d\u662f\u6311\u98df\uff0c\u4e0d\u60f3\u5403\u963f\u746a\u5403\u904e\u7684\u6771\u897f \u90fd\u662f\u4ed6\u7684\u53e3\u6c34\ud83d\ude02"
        },
        {
            "reply_id": "UgxlTTcyd-nG-X4Qir14AaABAg",
            "reply_content": "\u54c7\uff01\u5695\u5695\u91cd\u58d3\u4eba\u7684\u7fd2\u6163\u6703\u50b3\u67d3\u554a\uff01\u9019\u6b21\u63db\u67da\u5b50\u4e86\uff01"
        },
        {
            "reply_id": "UgzA2TGVmwxwIxVNeW14AaABAg",
            "reply_content": "\u67da\u5b50\u5728\u5ec1\u6240\u5012\u5730\u4e86\u592a\u53ef\u611b\u5566\ud83e\udd23\n\u5341\u6b72\u7684\u67da\u5b50\u9084\u662f\u5f88\u53ef\u611b\u7684\u5c0f\u5e25\u54e5\ud83e\udd70"
        },
        {
            "reply_id": "UgyNG20ZqDGA2ZbaPqN4AaABAg",
            "reply_content": "\u67da\u5b5010\u6b72\u751f\u65e5\u5feb\u6a02\ud83c\udf82\u8d77\u5e8a\u8ddf\u7761\u89ba\u90fd\u6709\u8c93\u58d3\u5e8a\uff0c\u72f8\u8c93\u771f\u7684\u592a\u5e78\u798f\u4e86\ud83d\ude18"
        }
    ]
}