{
    "video_info": {
        "id": "IlU76ZYySOE",
        "channelTitle": "\u9ec3\u963f\u746a\u7684\u5f8c\u5bae\u751f\u6d3b",
        "title": "\u5f8c\u5bae\u767c\u751f\u4e86\u4e00\u4ef6\u602a\u4e8b\u22ef #shorts #ShortsTW #\u8056\u8a95\u7bc0",
        "description": "\u963f\u746a\uff1a\u300c\u8056\u8a95\u5feb\u6a02\uff01\u300d\n\n-\n\n\u8a02\u95b1\u6211\u5011\uff1ahttps://goo.gl/5L8xkV\n\u963f\u746a\u5b98\u7db2\uff1ahttps://www.fumeanstore.com\nFB\uff1a\u9ec3\u963f\u746a\u7684\u5f8c\u5bae\u751f\u6d3b\nIG\uff1afumeancat\n\n\u3010\u5408\u4f5c\u9080\u7d04/IP\u806f\u540d\u6388\u6b0a\u3011\nfumeanaction@gmail.com \uff08\u6b61\u8fce\u4f86\u4fe1\u6d3d\u8ac7\uff09\n\n\u3014\u7248\u6b0a\u6240\u6709\uff0c\u975e\u7d93\u8a31\u53ef\u52ff\u8f49\u8f09\u81f3\u4efb\u4f55\u5e73\u53f0\u3015\n\u3014\u9818\u990a\u4e0d\u68c4\u990a\u3015",
        "likeCount": "3379",
        "commentCount": "79",
        "viewCount": "57559"
    },
    "comments": [
        {
            "reply_id": "UgzN7YV9BF16BOBBc1p4AaABAg",
            "reply_content": "\ud83d\ude02\u4f60\u592a\u6162\u4e86"
        },
        {
            "reply_id": "UgyQp-tVhxRSs3sddXV4AaABAg",
            "reply_content": "\u5f8c\u5bae\u8caa\u5403\u9b3c\u64d4\u7576"
        },
        {
            "reply_id": "UgyzPvIa3f-wCgH_Q8h4AaABAg",
            "reply_content": "\u963f\u746a\u597d\u53ef\u611b"
        },
        {
            "reply_id": "UgwO58hZ9vFMOopsgtZ4AaABAg",
            "reply_content": "\u963f\u746a\u7684\u8a98\u6355\u8a08\u756b\uff01"
        },
        {
            "reply_id": "Ugx7TkY3weC_EePsnMp4AaABAg",
            "reply_content": "\u6211\u6709\u963f\u746a\u7684\u66f8\u672c"
        },
        {
            "reply_id": "UgyeprxElarfTvMN5254AaABAg",
            "reply_content": "\u963f\u746a\u5403\u5df4\u83f2\uff0c\u54c8\u54c8\u54c8\u54c8\u54c8\uff01\u61c2\u5403\u554a\uff01"
        },
        {
            "reply_id": "UgwUcUpt8cl2xxP-xN14AaABAg",
            "reply_content": "\u963f\u746a\u4f60\u4eca\u5929\u5403\u592a\u591a\u4e86\uff08\uff1f"
        },
        {
            "reply_id": "Ugyy04XlG4bMUk4z7Dp4AaABAg",
            "reply_content": "\u8c6a\u53e3\u611b"
        },
        {
            "reply_id": "UgzPTJdTIMYKhLOPWB14AaABAg",
            "reply_content": "\u963f\u746a\uff1a\u4f60\u9019\u592a\u5c11\u5566\uff0c\u4e00\u4eba\u4e00\u7f50\u624d\u5dee\u4e0d\u591a\u561b\u22ef\u22ef"
        },
        {
            "reply_id": "Ugx7tdv-uMMbaeVc5wR4AaABAg",
            "reply_content": "\u7b11\u6b7b\uff0c\u539f\u4f86\u72f8\u8c93\u653e\u7684\u51cd\u4e7e\u662f\u9019\u6a23\u6c92\u7684XD"
        },
        {
            "reply_id": "UgyNGkQU2R_yNSL5IS94AaABAg",
            "reply_content": "\u963f\u746a\u5403\u5f97\u9084\u6bd4\u653e\u5f97\u5feb\ud83d\ude02"
        },
        {
            "reply_id": "UgyfCL_mqiRDdj9jbZZ4AaABAg",
            "reply_content": "\u6839\u672c\u6545\u610f\u7684\ud83e\udd23"
        },
        {
            "reply_id": "UgzRIL7TONmv_q2Q6454AaABAg",
            "reply_content": "\u963f\u746a\u5df2\u8feb\u4e0d\u671f\u5f85\u60f3\u5690\u9bae\u8056\u8a95\u5927\u9910\u4e86\n\u5148\u9810\u795d\u746a\u746a\u8207\u5f8c\u5bae\u6210\u54e1\u8056\u8a95\u5feb\u6a02\ud83e\uddd1\u200d\ud83c\udf84"
        },
        {
            "reply_id": "UgxSu1Fp5KS0sYugD-Z4AaABAg",
            "reply_content": "\u963f\u746a\u81ea\u52a9\u9910 \u98df\u5f97\u958b\u5fc3 \u5feb\u6a02"
        },
        {
            "reply_id": "Ugzc4kHQ6XQ6lo-63Kh4AaABAg",
            "reply_content": "\u6700\u53ef\u611b\u7684\u602a\u8ac7\u4e86\u2764\u795d\u5927\u5bb6\u8056\u8a95\u7bc0\u5feb\u6a02\u5594\ud83c\udf89\u5927\u5bb6\u90fd\u5e73\u5b89\u5feb\u6a02\u5065\u5eb7\u2764"
        },
        {
            "reply_id": "UgxvsW0JMC56ydHjBnB4AaABAg",
            "reply_content": "\u6e05\u9053\u592b\u963f\u746a\u5f88\u52e4\u596e"
        },
        {
            "reply_id": "Ugyo5RZTsb0DdbuyWBJ4AaABAg",
            "reply_content": "\u4f60\u653e\u6211\u5403\uff0c\u54c8\u54c8\u54c8\u54c8\u54c8"
        },
        {
            "reply_id": "UgwnpXfqU_kS3agAAfZ4AaABAg",
            "reply_content": "\u963f\u746a\uff1a\u4e0d\u5403\u6703\u9f20\u5566"
        },
        {
            "reply_id": "UgztaP1w5IpMiiYn1ZR4AaABAg",
            "reply_content": "\u597d\u5927\u7684\u98a8\uff0c\u597d\u53ef\u611b\u7684\u98a8"
        },
        {
            "reply_id": "Ugw71bOwPPJBf5P_auV4AaABAg",
            "reply_content": "\u8caa\u98df\u86c7\u8c93\u8c93 (\u9ad4\u91cd\u8981\u589e\u52a0\u4e86"
        }
    ]
}