{
    "video_info": {
        "id": "j2EgFqun4K0",
        "channelTitle": "\u9ec3\u963f\u746a\u7684\u5f8c\u5bae\u751f\u6d3b",
        "title": "\u3010\u9ec3\u963f\u746a\u7684\u5f8c\u5bae\u751f\u6d3b\u3011\u4e09\u8173\u7684\u5947\u602a\u7656\u597d\uff01\u00a0#\u746a\u746a\u5c0f\u5287\u5834\u00a0EP.13",
        "description": "\u4e09\u8173\uff1a\u300c\u5fcd\u4e0d\u4f4f\u22ef\u22ef\u300d\n\u00d7 \u983b\u9053\u66f4\u65b0\u70ba\u9031\u4e94\u665a\u9593\u516d\u9ede\uff0c\u4e0d\u5b9a\u6642\u767c\u4f48\u5176\u5b83\u5f71\u7247\uff01\u00d7\n\u8a02\u95b1\u6211\u5011\uff1ahttps://goo.gl/5L8xkV\n\u963f\u746a\u5b98\u7db2\uff1ahttps://www.fumeanstore.com\n\n\u3010AI\u4e5f\u6709\u990a\u8c93\uff1fChatGPT\u6703\u8aaa\u8b0a\u4e86\uff01\u3011\u5fd7\u9298\u8207\u72f8\u8c93\n\u25b6 https://youtu.be/g-Yi_YN2K74\n\n-\n\n\u3010\u8fd1\u671f\u6d3b\u52d5\u3011\n\n\u3010\u871c\u746a\u9023\u7dda\uff5e\u6b61\u6a02\u540c\u840c\u6703 \u5f69\u7e6a\u5217\u8eca\u3011\n\u5373\u65e5\u8d77\u81f36/4\u65e5\u6b62\n\u871c\u746a\u9023\u7dda\u5f69\u7e6a\u5217\u8eca\u5c07\u4e0d\u5b9a\u671f\u884c\u99db\u65bc\u6377\u904b\u7d05\u7dda\u5594\uff01\n\n\u300e\u871c\u746a\u9023\u7dda\u300f\u9650\u91cf\u5468\u908a\u5546\u54c1\n\u53ef\u4ee5\u5728\u4ee5\u4e0b\u901a\u8def\u8cfc\u8cb7\uff1a\nR10 \u7f8e\u9e97\u5cf6\u7ad9\u5546\u54c1\u9928\nR16 \u5de6\u71df\u7ad9\u65c5\u904a\u8aee\u8a62\u8655\n\u5b98\u65b9\u76f4\u71df\u8ce3\u5834 https://shopee.tw/krtcshop\n\n-\n\n\u7b2c\u4e09\u672c\u5716\u6587\u6f2b\u756b\u300a\u8c93\u54aa\u8d85\u6709\u4e8b3-\u8c93\u8c93\u7f8e\u98df\u6551\u63f4\u8a08\u756b\u300b\n\u5728\u746a\u746a\u5546\u884c\u8cfc\u8cb7\u5c31\u8d08\u9001\u300c\u5f8c\u5bae\u842c\u7528\u8b49\u4ef6\u5e36\u300d\uff08\u96a8\u6a5f1\u6b3e\uff09\n\n\u3010\u6436\u8cfc\u5c08\u5340\u3011   \n\u53f0\u7063(\u746a\u746a\u5546\u884c)\uff1ahttps://lihi1.com/vzhq3/catyt2\n\u6e2f\u6fb3\u5730\u5340\uff1ahttps://reurl.cc/rZAq54\n\u99ac\u65b0\u5730\u5340\uff1ahttps://is.gd/Vs7aXI\n\u203b\u4ee5\u4e0a\u9023\u7d50\u7686\u6709\u9001\u3010\u5f8c\u5bae\u842c\u7528\u8b49\u4ef6\u5e36\u3011\uff08\u51683\u6b3e\uff0c\u96a8\u6a5f\u8d08\u9001\u4e59\u6b3e\uff0c\u9001\u5b8c\u70ba\u6b62\uff09\n\n-\n\n\u3010\u53f0\u5357-\u8da3\u6dd8\u6f2b\u65c5 X \u9ec3\u963f\u746a\u7684\u5f8c\u5bae\u751f\u6d3b\u3011\n\u5373\u65e5\u8d77\u81f36/30\u6b62\uff0c\u6bcf\u65e5\u9650\u91cf6\u9593\u300c\u963f\u746a\u4f86\u8da3\u6dd8\u300d\u4e3b\u984c\u623f\uff01\n\u5165\u4f4f\u963f\u746a\u4e3b\u984c\u623f\u5c31\u8d08\u9001\u300c\u4e3b\u984c\u623f\u79ae\u5305\u300d\u5594\uff01\n\u8a02\u623f\u7db2\u5740\uff1ahttps://reurl.cc/pZemRb\n\n-\n\n\u7b2c\u4e03\u672c\u5e74\u5ea6\u8457\u4f5c\u300a\u7b49\u6211\u56de\u5bb6\u7684\u4f60\u300b\n\u53f0\u7063\uff08\u746a\u746a\u5546\u884c\uff09\uff1ahttps://reurl.cc/Kxxa5n\n\uff08\u746a\u746a\u5546\u884c \u7368\u5bb6\u8d08\u9001\u300c\u5f8c\u5bae\u51fa\u904a\u8da3\u63d2\u756b\u660e\u4fe1\u7247\u4e00\u5f35\uff0c\u96a8\u6a5f\u51fa\u8ca8\u4e0d\u6311\u6b3e\u300d\u5176\u4ed6\u901a\u8def\u6c92\u6709\u8d08\u9001\u5594\uff5e\uff09\n\u99ac\u65b0\u5730\u5340\uff1ahttps://reurl.cc/bzzGvr\n\n-\n\n\u3010\u963f\u746a Line\u8cbc\u5716\uff06\u4e3b\u984c\u3011\n\u300a\u6700\u65b0\u4e0a\u67b6\u300bhttps://lihi3.cc/8ITQO/YT01\n\u300a\u66f4\u591a\u8cbc\u5716\u300bhttps://reurl.cc/4RY6L2\n\n\u3010\u963f\u746a\u5b98\u7db2-\u746a\u746a\u5546\u884c\u3011\n\u25b6 https://www.fumeanstore.com/\n\u300a\u6700\u65b0\u5546\u54c1\u300b\u9298\u5f0f\u7e6a\u6d63\u8178T\u3001HOYACASA\u806f\u540d\u5929\u7d72\u6dbc\u88ab\u3001\u842c\u7528\u4fdd\u6eab\u4fdd\u51b7\u888b\n\n---\n\n\u3010\u5408\u4f5c\u9080\u7d04/IP\u806f\u540d\u6388\u6b0a\u3011\nfumeanaction@gmail.com \uff08\u6b61\u8fce\u4f86\u4fe1\u6d3d\u8ac7\uff09\n\n\u3014\u7248\u6b0a\u6240\u6709\uff0c\u975e\u7d93\u8a31\u53ef\u52ff\u8f49\u8f09\u81f3\u4efb\u4f55\u5e73\u53f0\u3015\n\u3014\u9818\u990a\u4e0d\u68c4\u990a\u3015",
        "likeCount": "4008",
        "commentCount": "160",
        "viewCount": "80641"
    },
    "comments": [
        {
            "reply_id": "UgyGSQZsd77lJyK4hH54AaABAg",
            "reply_content": "\u4e09\u8173\u597d\u53ef\u611b\ud83e\udd70"
        },
        {
            "reply_id": "Ugx3UW3VTFgmP61x1gZ4AaABAg",
            "reply_content": "\u746a\u746a\u5c0f\u5287\u5834\u771f\u7684\u592a\u68d2\u4e86\uff0c\u671f\u5f85\u4e0b\u96c6\u2764"
        },
        {
            "reply_id": "UgwtljnRbaAVkkdi9mB4AaABAg",
            "reply_content": "\u6211\u8d85\u611b\u4e09\u8173\u7684\u2764"
        },
        {
            "reply_id": "Ugztpx8ob8Ssba783Q94AaABAg",
            "reply_content": "\u6211\u5148\u53bb\u5fd9\u4e00\u4e0b"
        },
        {
            "reply_id": "UgxqgWwkczQs1EtoCgt4AaABAg",
            "reply_content": "\u8d85\u6709\u8da3\u7684\uff0c\u54c8\u54c8\u54c8\u54c8\u54c8\u54c8\u54c8\u54c8"
        },
        {
            "reply_id": "Ugzig1E31HJq2uJ-l-14AaABAg",
            "reply_content": "\u60a8\u5982\u679c\u8981\u64fa\u5a03\u5a03\u6a5f\u53f0\u9ebb\u7169\u60a8\u7559\u806f\u7d61\u65b9\u5f0f\u3001\u4fdd\u593e\u6a5f\u53f0\u9084\u58de\u6389\u3001\u4e5f\u6c92\u6709\u4eba\u53ef\u4ee5\u9023\u7565\u3001\u8eab\u70ba\u7db2\u7d05\u9023\u500b\u8655\u7406\u7684\u4eba\u90fd\u6c92\u6709\u3001\u611f\u89ba\u5728\u9003\u907f\u8cac\u4efb\u8ddf\u8a50\u6b3a"
        },
        {
            "reply_id": "Ugxb2ci_u0Wv41JOhE14AaABAg",
            "reply_content": "\u72f8\u8c93\u6709\u5065\u8eab\u6559\u7df4\u4e86[\u4e09\u8173\u6559\u7df4]"
        },
        {
            "reply_id": "Ugwzju_Mjz29mFEoTn14AaABAg",
            "reply_content": "\u745c\u73c8\u8001\u5e2b\u7684\u8c93\u4e5f\u662f\u6703\u9019\u6a23\u3001\u4e0d\u904e\u4ed6\u662f\u722c\u5230\u80cc\u4e0a\uff0c\u589e\u52a0\u91cd\u91cf\uff0c\u6216\u56fa\u5b9a\u9ad4\u5f0f\u8b93\u8001\u5e2b\u7c21\u76f4\u89ba\u5f97\u662f\u9177\u5211 \ud83d\ude02\ud83d\ude02\ud83d\ude02"
        },
        {
            "reply_id": "UgwlWg3-rsEPIA89iT14AaABAg",
            "reply_content": "\u54c7\uff01\u8173\u59b9\u592a\u611b\u5974\u624d\u4e86"
        },
        {
            "reply_id": "UgwcYLUYpPa2749r2MV4AaABAg",
            "reply_content": "\u4e09\u8173\u771f\u7684\u597d\u53ef\u611b\u597d\u8cbc\u5fc3\uff0c\u770b\u5230\u7260\u5f88\u5e38\u751f\u75c5\u5f88\u5fc3\u75bc\ud83e\udd7a"
        },
        {
            "reply_id": "UgyT_QutznZXwipcB6h4AaABAg",
            "reply_content": "\u76f4\u63a5\u62b1\u7dca\u8655\u7406!"
        },
        {
            "reply_id": "Ugycsmr1gOwRF1dNLJZ4AaABAg",
            "reply_content": "\u6211\u56de\u53bb\u770b\u4e86\u5176\u4ed6\u820a\u7684\u52d5\u756b\uff0c\u767c\u73fe\u4ee5\u524d\u5e6b\u4e09\u8173\u914d\u97f3\u7684\u8ddf\u73fe\u5728\u4e0d\u4e00\u6a23\u3002\u73fe\u5728\u7684\u6bd4\u8f03\u53ef\u611b\u3002\n\u6211\u559c\u6b61\u72f8\u8c93\u756b\u7684\u52d5\u756b\u591a\u904e\u4e4b\u524d\u7838\u9322\u88fd\u4f5c\u7684\u52d5\u756b\u3002\u72f8\u8c93\u548c\u8c93\u54aa\u5011\u671d\u5915\u76f8\u8655\uff0c\u624d\u80fd\u628a\u8c93\u54aa\u7684\u9748\u9b42\u756b\u9032\u52d5\u756b\u2764 \u5c0f\u5287\u5834\u7d66\u72f8\u8c93\u756b\u5c31\u597d\uff0c\u4e0d\u8981\u82b1\u5927\u9322\u4e86\uff5e"
        },
        {
            "reply_id": "UgzRZorm3x8L-9IT5V54AaABAg",
            "reply_content": "\u539f\u4f86\u4e09\u8173\u559c\u6b61\u586b\u6d1e\u963f"
        },
        {
            "reply_id": "UgzbVUsR4pB57V_uOE94AaABAg",
            "reply_content": "\u5404\u4f4d\u662f\u4f60\u4eec\u60f3\u6b6a\u5594\uff0c\u6211\u6ca1\u6709\u60f3\u6b6a\uff08\uff1f"
        },
        {
            "reply_id": "UgwHSfjV96Z1LSKy63N4AaABAg",
            "reply_content": "\u6211\u5011\u5b78\u6821\u6709\u9019\u672c\u66f8\ud83d\ude2e"
        },
        {
            "reply_id": "UgwS4xTKiDTFNg1lEvZ4AaABAg",
            "reply_content": "\u539f\u4f86\u8173\u59b9\u7684\u771f\u6b63\u8eab\u4efd\u662f\u72f8\u8c93\u7684\u5c08\u5c6c\u79c1\u4eba\u5065\u8eab\u6559\u7df4\ud83d\ude02\ud83d\ude02"
        },
        {
            "reply_id": "UgwlWuPPO0dBa7pycFx4AaABAg",
            "reply_content": "\u54c8\u54c8\u54c8\u54c8\uff0c\u770b\u5230\u5f71\u7247\u8b93\u6211\u60f3\u8d77\u4e09\u8173\u66fe\u7d93\u52aa\u529b\u628a\u81ea\u5df1\u585e\u9032\u53bb\u68b3\u5316\u4e0a\u7684\u516c\u4ed4\u5806\u88e1\u9762\uff0c\u7d50\u679c\u53ea\u628a\u982d\u585e\u9032\u53bb\ud83d\ude06\ud83d\ude06\u4e0d\u7ba1\u662f\u90a3\u500b\u4e09\u8173\u90fd\u4e00\u6a23\u53ef\u611b\ud83e\udd2d\u263a\ufe0f"
        },
        {
            "reply_id": "UgwB3XcnNLvEMI3srnF4AaABAg",
            "reply_content": "\u6211\u4ee5\u70ba\u4e09\u8173\u5a18\u5a18\u6703\u8df3\u5230\u72f8\u8c93\u7684\u80cc\u4e0a\ud83d\ude02\ud83d\ude02"
        },
        {
            "reply_id": "UgxfCu4IoBFbB7mFClB4AaABAg",
            "reply_content": "\u611f\u89ba\u50cf\u662f\u6211\u611b\u4e00\u6839\u67f4\u7684\u7ffb\u7248\u2026"
        },
        {
            "reply_id": "UgyHZvDkbUvucvXHSzt4AaABAg",
            "reply_content": "\u4e09\u8173\u5a18\u5a18\u8981\u5e6b\u72f8\u8c93\u4e00\u76f4\u7a81\u7834\u7a81\u7834\u5566\ud83d\ude02"
        }
    ]
}