{
    "video_info": {
        "id": "Jdi4qzYAr3Y",
        "channelTitle": "\u9ec3\u963f\u746a\u7684\u5f8c\u5bae\u751f\u6d3b",
        "title": "\u6c38\u9060\u4e0d\u653e\u68c4\u5403\u7684\u963f\u746a\uff01",
        "description": "\u8a02\u95b1\uff1ahttps://goo.gl/5L8xkV\nIG\uff1afumeancat\nhttps://www.fumeanstore.com\nfumeanaction@gmail.com",
        "likeCount": "7816",
        "commentCount": "349",
        "viewCount": "180517"
    },
    "comments": [
        {
            "reply_id": "Ugxrb-QO3bBWARNTN6Z4AaABAg",
            "reply_content": "\u963f\u746a\u649e\u982d\u7684\u6642\u5019\u72f8\u8c93\u770b\u8d77\u4f86\u8d85\u5e78\u798f\u7684\uff0c\u6399\u624e\ud83e\udd23"
        },
        {
            "reply_id": "UgwVds3fQbCeoSJfD754AaABAg",
            "reply_content": "\u597d\u53ef\u611b\u5c0f\u5bf6\u8c9d\u5594\uff01"
        },
        {
            "reply_id": "UgwJR-4U0WS-1gI_ZLV4AaABAg",
            "reply_content": "\u8d85\u53ef\u611b\u2764\u4e09\u8173\u597d\u6de1\u5b9a\ud83d\ude02"
        },
        {
            "reply_id": "UgxnDdBTo6qd5-72S_t4AaABAg",
            "reply_content": "\u4f60\u5728\u7d66\u8c93\u932f\u8aa4\u7684 \u53cd\u994b\u3002"
        },
        {
            "reply_id": "Ugw9nKmdeNxrdbCj66R4AaABAg",
            "reply_content": "\u4e00\u5bb6\u56db\u53e3\u771f\u5e78\u798f\u3002"
        },
        {
            "reply_id": "UgzA4x63Wp8T6fqMOVp4AaABAg",
            "reply_content": "\u662f\u6211\u88ab\u649e\u90a3\u4e00\u4e0b\u5c31\u7834\u623f\u4e86"
        },
        {
            "reply_id": "UgyCpEZLfSpX6H-UsNB4AaABAg",
            "reply_content": "\u518d\u7ed9\u70b9\u5427\uff0c\u732b\u732b\u4e00\u6b21\u6b21\u7684\u591a\u53ef\u601c"
        },
        {
            "reply_id": "UgxEeXnuHaygwHE2i5l4AaABAg",
            "reply_content": "\u7260\u4e0d-\u5b9a\u8981\u5403\uff0c\u7260\u8981\u4eba\u62b1\u62b1\uff0c\u7c98\u4eba"
        },
        {
            "reply_id": "Ugw4nBFyQG06nnJzviB4AaABAg",
            "reply_content": "\u963f\u746a\u7684\u9f8d\u9ad4\u5df2\u986f\u798f\u614b"
        },
        {
            "reply_id": "UgxPFOVZGSFxvVOaull4AaABAg",
            "reply_content": "\u963f\u600e\u9ebc\u53c8\u6709\u4e00\u96bb\ud83d\ude02"
        },
        {
            "reply_id": "Ugy2VoSPTi8s_t-11mV4AaABAg",
            "reply_content": "\u505a\u5927\u4e8b\u7684\u55b5\uff5e\u4e3a\u4e86\u76ee\u6807\uff0c\u575a\u6301\u5230\u5e95"
        },
        {
            "reply_id": "Ugy1bsssazogOdduuvR4AaABAg",
            "reply_content": "\u679c\u7136\u662f\u746a\u746a\u5805\u6301\u8981\u5403\uff0c\u8173\u59b9\u5805\u6301\u8981\u7761"
        },
        {
            "reply_id": "UgzLDXGCu4G29Th2uiN4AaABAg",
            "reply_content": "\ud83d\ude02\u8ddf\u9694\u58c1\u53f0\u7684\u8c46\u6f3f\u4e00\u6a23\u5f88\u6709\u6052\u5fc3\u8a0e\u96f6\u98df"
        },
        {
            "reply_id": "Ugwd_IlVcU4Oe4qx5sx4AaABAg",
            "reply_content": "\u597d\u53ef\u611b"
        },
        {
            "reply_id": "UgxCsIPhHUIJv1LVMrJ4AaABAg",
            "reply_content": "\u4ed6\u7ad9\u5728\u4f60\u773c\u524d\uff0c\u5c31\u662f\u8b93\u4f60\u770b\u770b\u8aaa\uff0c\u4f60\u770b\uff0c\u6211\u90fd\u7626\u4e86\uff0c\u8981\u5403\u56de\u4f86"
        },
        {
            "reply_id": "UgzRRyfFYcHP6o7OWYd4AaABAg",
            "reply_content": "\u5f88\u53ef\u611b\uff0c\u8981\u591a\u591a\u7167\u9867\u4e09\u811a\uff0c\u4e5f\u8981\u7d66\u4e09\u811a\u554a\u5475"
        },
        {
            "reply_id": "Ugxi_BCbFszOvtUqQAV4AaABAg",
            "reply_content": "\u963f\u746a\u771f\u7684\u592a\u53ef\u611b\u4e86\u2764"
        },
        {
            "reply_id": "UgzovYWARig5VctEqWd4AaABAg",
            "reply_content": "\u6715\u90fd\u7626\u4e86\ud83d\ude02"
        },
        {
            "reply_id": "Ugy56bhAIWp5LQXsoHB4AaABAg",
            "reply_content": "\u770b\u4f86\u963f\u746a\u7684\u8a13\u7df4\u771f\u7684\u505a\u5f97\u5f88\u597d\u5462\ud83d\ude02(\u963f\u746a\u52d5\u756b\u7b2c\u4e09\u96c6\uff0c\u7070\u80d6\u53eb\u963f\u746a\u53bb\u8a13\u7df4)"
        },
        {
            "reply_id": "UgzZ8U-ZYxoHVfwU47t4AaABAg",
            "reply_content": "\u963f\u746a\u5c31\u9019\u500b\u6642\u5019\u6700\u53ef\u611b\u4e86"
        }
    ]
}