{
    "video_info": {
        "id": "jMrBHZiqav8",
        "channelTitle": "\u9ec3\u963f\u746a\u7684\u5f8c\u5bae\u751f\u6d3b",
        "title": "\u9ec3\u963f\u746a\u7684\u5f8c\u5bae\u751f\u6d3b \u7b2c1\u5b63 \u7b2c8\u96c6\u3010\u5c0f\u62db\u5f1f\u767b\u5834\uff01\u3011\uff5c#\u540c\u540d\u52d5\u756b Fumeancats, Season One, Ep08",
        "description": "\u9ec3\u963f\u746a\u7684\u5f8c\u5bae\u751f\u6d3b\u300a\u540c\u540d\u52d5\u756b\u300b\n\u7b2c1\u5b63\u517113\u96c6 \u9810\u5b9a\u4e00\u500b\u6708\u767c\u4f48\u4e00\u96c6 \u65bc\u963f\u746aYT\u983b\u9053\u64ad\u51fa\n\n\u8a02\u95b1\u6211\u5011\uff1ahttps://goo.gl/5L8xkV\n\u963f\u746a\u5b98\u7db2\uff1ahttps://www.fumeanstore.com\n\u806f\u7e6b\uff1afumeanaction@gmail.com\n\n\n\u300a3D\u52d5\u756b\u88fd\u4f5c\u300b\u5de5\u4f5c\u4eba\u54e1\u540d\u55ae \n\u51fa\u54c1\uff1a\u746a\u746a\u6587\u574a\n\u539f\u4f5c\uff1a\u9ec3\u963f\u746a\u7684\u5f8c\u5bae\u751f\u6d3b\n\u76e3\u88fd\uff1a\u8a31\u5fd7\u9298\u3001\u9ec3\u7965\u65ed\n\u88fd\u4f5c\u4f01\u5283\uff1a\u746a\u746a\u6587\u574a\u3001\u9ec3\u963f\u746a\u7684\u5f8c\u5bae\u751f\u6d3b\n\u7de8\u5287\uff1a\u8a31\u5fd7\u9298\u3001\u9ec3\u7965\u65ed\n\u4f01\u5283\uff1a\u8521\u975c\u6021\u3001\u8449\u4f9d\u73b2\u3001\u694a\u742a\u5747\u3001\u5442\u6b23\n\u88fd\u7247\uff1a\u8449\u4f9d\u73b2\n\u7de8\u5287\u5354\u52a9\uff1a\u9ec3\u923a\u5d50\n\u7f8e\u8853\u6307\u5c0e\uff1a\u9ec3\u7965\u65ed\u3001\u694a\u4f73\u7ff0\u3001\u65b9\u6631\u6587\u3001\u694a\u742a\u5747\u3001\u5442\u6b23\n\nDirector\uff1aus studio \u8cb3\u62fe\u5de5\u4f5c\u5ba4\nProject Manager\uff1aus studio \u8cb3\u62fe\u5de5\u4f5c\u5ba4 \nExecutive Producer\uff1a\u8449\u4f9d\u73b2\n2D & 3D Storyboard\uff1a us studio \u8cb3\u62fe\u5de5\u4f5c\u5ba4 \nDesigner\uff1a \u694a\u742a\u5747 \u3001\u5442\u6b23 \nModeling & Textureing\uff1a\u5289\u81f3\u83ef\u3001\u8449\u4f9d\u73b2 \u3001\u5442\u6b23 \u3001\u694a\u5cfb\u9d6c\u3001\u90ed\u5bb6\u6fa4\nRigging\uff1a \u7ae5\u6bd3\u6d69 \u3001\u5442\u6b23\nAnimation\uff1a \u5442\u6b23\u3001 \u694a\u742a\u5747\u3001\u8449\u4f9d\u73b2\u3001\u984f\u5c0f\u5091\u3001\u6c88\u82ae\u4f03\nFX: \u8449\u4f9d\u73b2\u3001\u5442\u6b23\u3001\u90ed\u5bb6\u6fa4\nLighting\uff1a\u694a\u5cfb\u9d6c\u3001\u90ed\u5bb6\u6fa4\u3001\u8449\u4f9d\u73b2\nCompositing\uff1a\u694a\u5cfb\u9d6c\u3001\u90ed\u5bb6\u6fa4\u3001\u8449\u4f9d\u73b2\nus studio\u8cb3\u62fe\u5de5\u4f5c\u5ba4: https://www.facebook.com/usstudio20\n\u52d5\u756b\u5408\u4f5c\u6d3d\u8ac7: usstudio20@gmail.com\n\n\u300a\u914d\u97f3\u914d\u6a02\u300b\u5de5\u4f5c\u4eba\u54e1\u540d\u55ae\n\u97f3\u6a02\u5de5\u4f5c\u5ba4\uff1a\u7acb\u5a01\u97f3\u6a02\u5de5\u4f5c\u5ba4\n\u914d\u6a02\uff1a\u7acb\u5a01\u97f3\u6a02\u5de5\u4f5c / \u9673\u5a01\u8a8c\n\u97f3\u6548\uff1a\u7acb\u5a01\u97f3\u6a02\u5de5\u4f5c / \u738b\u9038\u51f1\n\u6df7\u97f3\u5f8c\u88fd\uff1a\u7acb\u5a01\u97f3\u6a02\u5de5\u4f5c\u5ba4\n\u9304\u97f3\uff1a\u64ad\u5ba2\u716e\n\n\u5fd7\u9298\uff1a\u8a31\u5fd7\u9298\n\u72f8\u8c93\uff1a\u9ec3\u7965\u65ed\n\u9ec3\u963f\u746a\uff1a\u9322\u6b23\u90c1\n\u7070\u80d6\uff1a\u96f7\u78a7\u6587\n\n\u3014\u7248\u6b0a\u6240\u6709\uff0c\u975e\u7d93\u8a31\u53ef\u52ff\u8f49\u8f09\u81f3\u4efb\u4f55\u5e73\u53f0\u3015",
        "likeCount": "5589",
        "commentCount": "361",
        "viewCount": "108803"
    },
    "comments": [
        {
            "reply_id": "UgzTInm7_krLWUc1Kdd4AaABAg",
            "reply_content": "\u4eca\u5929\u662f\u7070\u80d6\u5e74\uff0c\u53ef\u559c\u53ef\u8cc0\ud83d\udc30"
        },
        {
            "reply_id": "Ugx8U8vvPtqgaYk05uF4AaABAg",
            "reply_content": "\u597d\u53ef\u611b\uff01\u4f46\u662f\u770b\u8a55\u8ad6\u7070\u80d6\u5c31\u8981\u96e2\u958b\u4e86\uff0c\u611f\u89ba\u6709\u9ede\u4e0d\u6368\ud83d\ude22"
        },
        {
            "reply_id": "UgzF-Qkj2mkhWGyDhnV4AaABAg",
            "reply_content": "\u5be6\u969b\u4e0a\u6d77\u9ec3\u963f\u746a\u7684\u9ad4\u91cd\u6211\u8a18\u5f97\u597d\u50cf\u4e5f\u670910\u5e7e\u516c\u65a4\u53ea\u4e0d\u904e\u5c0f\u6642\u5019\u61c9\u8a72\u4e5f\u6709\u500b\u4e946\u516c\u65a4\u5df4"
        },
        {
            "reply_id": "UgxDMNA5RCNQp-C0eEx4AaABAg",
            "reply_content": "\u554a\u746a\u8b8a\u8c93\u5974\ud83d\ude02"
        },
        {
            "reply_id": "Ugz422xuxioXF6gAyGx4AaABAg",
            "reply_content": "\u62db\u5f1f\u662f\u59d3\u8a31\u7684\uff0c\u90a3\u5979\u5c31\u662f\u7070\u80d6\u7684\u59b9\u59b9\u4e86\u3002"
        },
        {
            "reply_id": "Ugx6Onm20kG7oru_ZAd4AaABAg",
            "reply_content": "\u5c0f\u62db\u5f1f\u592a\u53ef\u611b\u4e86\ud83e\udd2d"
        },
        {
            "reply_id": "Ugy77s_VeckvMN_97VJ4AaABAg",
            "reply_content": "\u5c0f\u62db\u5f1f\u592a\u53ef\u7231\u4e86\u5427\uff01"
        },
        {
            "reply_id": "Ugy-yy8sk0dLD0T3zu54AaABAg",
            "reply_content": "\u5c0f\u62db\u5f1f\u597d\u53ef\u611b\u554a~"
        },
        {
            "reply_id": "UgxZf8fZ84WjtcTVF2p4AaABAg",
            "reply_content": "\u6709\u5c0f\u62db\u5f1f\u592a\u51fa\u4e4e\u610f\u5916\u4e86\n\u4f46\u662f\u7070\u80d6\u662f\u4e0d\u662f\u8981\u96e2\u958b\u4e86\ud83d\ude22"
        },
        {
            "reply_id": "UgyGz_KJiltIZTAM-494AaABAg",
            "reply_content": "\u597d\u53ef\u611b\u7684\u62db\u5f1f"
        },
        {
            "reply_id": "UgyP822vKm4KhQsLEjJ4AaABAg",
            "reply_content": "\u5c0f\u62db\u5f1f\u8c46\u8c46\u773c\u8d85\u7d1a\u7121\u6575\u53ef\u611b"
        },
        {
            "reply_id": "Ugy7m-uCwL32TPlb46l4AaABAg",
            "reply_content": "\u5e0c\u671b\u5974\u624d\u53ef\u4ee5\u628a\u7070\u80d6\u7528\u6210\u4e0d\u6703\u6b7b;<"
        },
        {
            "reply_id": "UgyzDdLftyHWQG0oyl14AaABAg",
            "reply_content": "\u5f88\u53ef\u7231\uff0c\u8fd9\u91cc\u7684\u963f\u739b\uff0c\u611f\u89c9\u50cf\u7238\u7238"
        },
        {
            "reply_id": "Ugyqp2bJifdA34L0Z3B4AaABAg",
            "reply_content": "\u770b\u5230\u6d41\u773c\u6dda"
        },
        {
            "reply_id": "Ugzq0k6PT7tyfoQKUzB4AaABAg",
            "reply_content": "\u611f\u8b1d\u5f8c\u5bae\u7684\u5404\u4f4d\u8b93\u6211\u5011\u6709\u5f71\u7247\u770b!!!"
        },
        {
            "reply_id": "UgyoLlWy5LHTYkPohDd4AaABAg",
            "reply_content": "\u62db\u5f1f\u548c\u7070\u80d6\u4e00\u6a23\u5927\uff01\uff1f"
        },
        {
            "reply_id": "UgzCGkurkkbExz6H38N4AaABAg",
            "reply_content": "\u771f\u7684\u5f88\u597d\u770b,\u5e78\u82e6\u4f60\u4e86"
        },
        {
            "reply_id": "UgxBMEnUwcWH1TMEhCR4AaABAg",
            "reply_content": "\u5c0f\u62db\u5f1f\u4e5f\u592a\u53ef\u611b\u2764"
        },
        {
            "reply_id": "Ugzlm3eyqMesFMJUx0h4AaABAg",
            "reply_content": "\u62db\u5f1f\uff1a\u55e8\u55e8"
        },
        {
            "reply_id": "Ugy_XsAFMQJAuKnYJFR4AaABAg",
            "reply_content": "\u5c0f\u62db\u5f1f\u51fa\u73fe\u4e86 \u6eff\u6eff\u7684\u611f\u52d5\u2764"
        }
    ]
}