{
    "video_info": {
        "id": "Jp_sWLqHxsY",
        "channelTitle": "\u9ec3\u963f\u746a\u7684\u5f8c\u5bae\u751f\u6d3b",
        "title": "\u3010\u9ec3\u963f\u746a\u7684\u5f8c\u5bae\u751f\u6d3b\u3011\u963f\u746a\u7a81\u7136\u8ddb\u8173\uff01\u9001\u91ab\u5065\u6aa2\uff01",
        "description": "\u963f\u746a\uff1a\u300c\u5927\u5bb6\u5225\u64d4\u5fc3\uff5e\u300d\n\u00d7 \u983b\u9053\u66f4\u65b0\u70ba\u9031\u4e94\u665a\u9593\u516d\u9ede\uff0c\u4e0d\u5b9a\u6642\u767c\u4f48\u5176\u5b83\u5f71\u7247\uff01\u00d7\n\u8a02\u95b1\u6211\u5011\uff1ahttps://goo.gl/5L8xkV\n\u963f\u746a\u5b98\u7db2\uff1ahttps://www.fumeanstore.com\n\n\u3010\u963f\u746a\u8ddb\u8173\u7684\u539f\u56e0\uff0c\u963f\u746a\u4e09\u8173\u5065\u6aa2\u5fc3\u5f97\u3011\u5fd7\u9298\u8207\u72f8\u8c93\n\u25b6 https://youtu.be/7XYt7P7RNCQ\n\n-\n\n\u3010\u8fd1\u671f\u6d3b\u52d5\u3011\n\n\u7b2c\u4e09\u672c\u5716\u6587\u6f2b\u756b\u300a\u8c93\u54aa\u8d85\u6709\u4e8b3-\u8c93\u8c93\u7f8e\u98df\u6551\u63f4\u8a08\u756b\u300b\n\u5728\u746a\u746a\u5546\u884c\u8cfc\u8cb7\u5c31\u8d08\u9001\u300c\u5f8c\u5bae\u842c\u7528\u8b49\u4ef6\u5e36\u300d\uff08\u96a8\u6a5f1\u6b3e\uff09\n\n\u3010\u6436\u8cfc\u5c08\u5340\u3011   \n\u53f0\u7063(\u746a\u746a\u5546\u884c)\uff1ahttps://lihi1.com/vzhq3/catyt2\n\u6e2f\u6fb3\u5730\u5340\uff1ahttps://reurl.cc/rZAq54\n\u99ac\u65b0\u5730\u5340\uff1ahttps://is.gd/Vs7aXI\n\u203b\u4ee5\u4e0a\u9023\u7d50\u7686\u6709\u9001\u3010\u5f8c\u5bae\u842c\u7528\u8b49\u4ef6\u5e36\u3011\uff08\u51683\u6b3e\uff0c\u96a8\u6a5f\u8d08\u9001\u4e59\u6b3e\uff0c\u9001\u5b8c\u70ba\u6b62\uff09\n\n-\n\n\u3010\u53f0\u5357-\u8da3\u6dd8\u6f2b\u65c5 X \u9ec3\u963f\u746a\u7684\u5f8c\u5bae\u751f\u6d3b\u3011\n\u5373\u65e5\u8d77\u81f36/30\u6b62\uff0c\u6bcf\u65e5\u9650\u91cf6\u9593\u300c\u963f\u746a\u4f86\u8da3\u6dd8\u300d\u4e3b\u984c\u623f\uff01\n\u5165\u4f4f\u963f\u746a\u4e3b\u984c\u623f\u5c31\u8d08\u9001\u300c\u4e3b\u984c\u623f\u79ae\u5305\u300d\u5594\uff01\n\u8a02\u623f\u7db2\u5740\uff1ahttps://reurl.cc/pZemRb\n\n-\n\n\u3010\u7f6e\u5bccMalls X \u9ec3\u963f\u746a\u55b5\u904b\u99d5\u5230\u3011\n\u5373\u65e5\u8d77\u81f33/12\u53ef\u4ee5\u5728\u9999\u6e2f\u7f6e\u5bccMalls\u7684\u56db\u5927\u5546\u5834\u627e\u5230\u5f8c\u5bae\u7684\u8eab\u5f71\u5594\uff01\n\u8a73\u60c5\u8acb\u770b https://reurl.cc/YdKWa0\n\n-\n\n\u7b2c\u4e03\u672c\u5e74\u5ea6\u8457\u4f5c\u300a\u7b49\u6211\u56de\u5bb6\u7684\u4f60\u300b\n\u53f0\u7063\uff08\u746a\u746a\u5546\u884c\uff09\uff1ahttps://reurl.cc/Kxxa5n\n\uff08\u746a\u746a\u5546\u884c \u7368\u5bb6\u8d08\u9001\u300c\u5f8c\u5bae\u51fa\u904a\u8da3\u63d2\u756b\u660e\u4fe1\u7247\u4e00\u5f35\uff0c\u96a8\u6a5f\u51fa\u8ca8\u4e0d\u6311\u6b3e\u300d\u5176\u4ed6\u901a\u8def\u6c92\u6709\u8d08\u9001\u5594\uff5e\uff09\n\u99ac\u65b0\u5730\u5340\uff1ahttps://reurl.cc/bzzGvr\n\n-\n\n\u3010\u963f\u746a Line\u8cbc\u5716\uff06\u4e3b\u984c\u3011\n\u300a\u6700\u65b0\u4e0a\u67b6\u300bhttps://reurl.cc/ROb2dG\n\u300a\u66f4\u591a\u8cbc\u5716\u300bhttps://reurl.cc/4RY6L2\n\n\u3010\u963f\u746a\u5b98\u7db2-\u746a\u746a\u5546\u884c\u3011\n\u25b6\u00a0https://www.fumeanstore.com/\n\u300a\u6700\u65b0\u5546\u54c1\u300b\u65b0\u6b3e\u6307\u7532\u6cb9\u3001\u65b0\u6b3e\u5e8a\u5305\u3001\u964d\u843d\u5098\u7bc7\u76d2\u88dd\u73a9\u5177\n\n---\n\n\u3010\u5408\u4f5c\u9080\u7d04/IP\u806f\u540d\u6388\u6b0a\u3011\nfumeanaction@gmail.com \uff08\u6b61\u8fce\u4f86\u4fe1\u6d3d\u8ac7\uff09\n\n\u3014\u7248\u6b0a\u6240\u6709\uff0c\u975e\u7d93\u8a31\u53ef\u52ff\u8f49\u8f09\u81f3\u4efb\u4f55\u5e73\u53f0\u3015\n\u3014\u9818\u990a\u4e0d\u68c4\u990a\u3015",
        "likeCount": "14356",
        "commentCount": "506",
        "viewCount": "626239"
    },
    "comments": [
        {
            "reply_id": "UgxwRALSNPPURGQdMfB4AaABAg",
            "reply_content": "\u53ef\u4ee5\u8ddf\u60a8\u8acb\u6559\u54ea\u9593\u52d5\u7269\u91ab\u9662\u55ce\uff1f\n\u6211\u5bb6\u8c93\u8c93\u6700\u8fd1\u4e5f\u662f\u4e00\u4f2f\u4e00\u6ce2\u7684\uff0c\u4f46\u4f4f\u5bb6\u9644\u8fd1\u91ab\u9662\u90fd\u4e0d\u592a\u9858\u610f\u7167\u7247\u5b50\u22ef\u6211\u5f88\u64d4\u5fc3\u8c93\u54aa\u72c0\u6cc1"
        },
        {
            "reply_id": "UgwbHZApAsDZ_-Y8aZd4AaABAg",
            "reply_content": "\u65e9\u65e5\u75ca\u7652\u2764"
        },
        {
            "reply_id": "Ugxz473Ei8Qjzn9bWZp4AaABAg",
            "reply_content": "\u543e\u7687\u842c\u6b72\u842c\u842c\u6b72"
        },
        {
            "reply_id": "Ugy_QGSQtCWvipGjinl4AaABAg",
            "reply_content": "\u5e0c\u671b\u963f\u99ac\u5feb\u70b9\u597d\u8d77\u6765\ud83e\udd7a"
        },
        {
            "reply_id": "UgxP4CALxBQL-eINGuN4AaABAg",
            "reply_content": "\u9019\u5bb6\u771f\u7684\u770b\u8457\u5f88\u4e0d\u932f\uff0c\u6709\u6a5f\u6703\u771f\u7684\u8981\u53bb\u4e8b\u5be6"
        },
        {
            "reply_id": "UgzxYrnby8isXXPN6NZ4AaABAg",
            "reply_content": "\u771f\u7684\u5e74\u7d00\u5927\u4e86\ud83d\ude22"
        },
        {
            "reply_id": "UgxYiXeTaOJyvlidNR14AaABAg",
            "reply_content": "\u61c9\u8a72\u5dee\u4e0d\u591a\u8981\u6b7b\u4e86\uff0c\u9019\u4e00\u523b\u6211\u7b49\u5f88\u4e45\u4e86"
        },
        {
            "reply_id": "UgwxvFdDB3zyxX2DUMx4AaABAg",
            "reply_content": "\u7b2c\u4e00\u6b21\u770b\u5230\u53ef\u4ee5\u5f9e\u809a\u76ae\u5438\u5c3f\u6aa2\u67e5\ud83d\ude2e\n\u5e0c\u671b\u5f8c\u5bae\u7684\u8c93\u8c93\u90fd\u80fd\u5065\u5065\u5eb7\u5eb7"
        },
        {
            "reply_id": "Ugxl_U_o-OxjlgXTS5V4AaABAg",
            "reply_content": "\u963f\u746a\u8981\u9577\u547d\u767e\u6b72\u5594\uff01"
        },
        {
            "reply_id": "UgwxXsJr7ZqC4FieaL14AaABAg",
            "reply_content": "\u963f\u746a\u4e00\u8ddb\u4e00\u8ddb\u7684\u662f\u4e0d\u662f\u7cd6\u5c3f\u75c5\u4e86?\ud83d\ude22"
        },
        {
            "reply_id": "UgyvEeECI6lDYtDoGnB4AaABAg",
            "reply_content": "\u9ec3\u963f\u746a\u611b\u72f8\u8c93"
        },
        {
            "reply_id": "UgzTtt8bEhSKzlTIuYp4AaABAg",
            "reply_content": "\u963f\u746a\u5e74\u7d00\u5927\u4e86 \u4f46\u662f\u4e2d\u6c23\u9084\u662f\u4e0d\u932f\u7684\ud83d\ude0a"
        },
        {
            "reply_id": "UgynvijuGsTCyUnu5d54AaABAg",
            "reply_content": "\u96d6\u7136\u4e0d\u6a02\u898b\uff0c\u4f46\u4e4b\u524d\u4e0d\u662f\u5f88\u611b\u958b\u963f\u746a\u8eab\u9ad4\u51fa\u4e8b\u3001\u628a\u8c93\u9001\u8d70\u7684\u73a9\u7b11\uff1f\u73fe\u5728\u597d\u4e86\uff0c\u88ab\u4f60\u5011\u8a5b\u5492\u6210\u529f\u4e86\u5427"
        },
        {
            "reply_id": "Ugz0419TFrXm7HHdqFJ4AaABAg",
            "reply_content": "\u6703\u4e0d\u6703\u5e36\u963f\u746a\u8a66\u4e2d\u91ab\u7684\u91dd\u7078\uff1f"
        },
        {
            "reply_id": "UgzoD2bkq8rIueHLZbt4AaABAg",
            "reply_content": "\u60f3\u8acb\u554f\u5fd7\u9298\u8ddf\u72f8\u8c93\u6709\u6c92\u6709\u63a8\u85a6\u9084\u4e0d\u932f\u7684\u95dc\u7bc0\u4fdd\u990a\u54c1\uff1f\n\u5bb6\u88e1\u7684\u8c93\u4e5f\u6709\u95dc\u7bc0\u7684\u554f\u984c\uff0c\u5e38\u5e38\u6703\u5f88\u64d4\u5fc3...\n\u9858\u5927\u5bb6\u7684\u8c93\u90fd\u53ef\u4ee5\u5065\u5065\u5eb7\u5eb7\u3001\u5feb\u5feb\u6a02\u6a02\u7684\u2764"
        },
        {
            "reply_id": "UgzCZkEvLmjxu6G4xyt4AaABAg",
            "reply_content": "\u62bd\u5c3f\u597d\u53ef\u6015"
        },
        {
            "reply_id": "UgzU-IMM9oetuP0hjEp4AaABAg",
            "reply_content": "\u819d\u95dc\u7bc0\u9000\u5316\u78e8\u640d\u662f\u6240\u6709\u8c93\u72d7\u8207\u4eba\u985e\u7684\u540c\u75c5\uff0c\u9810\u9632\u8207\u6cbb\u7642\u65b9\u5f0f\u5c31\u662f\u6b63\u78ba\u6027\u904b\u52d5\uff0c\u904e\u91cf\u90fd\u662f\u932f\u8aa4\u7684\uff0c\u7531\u5176\u662f\u722c\u5c71\uff0c\u9019\u9ede\u5f88\u591a\u4eba\u985e\u4e0d\u61c2\u53c8\u611b\u53cd\u99c1\uff0c\u5403\u4ec0\u9ebc\u71df\u990a\u54c1\u624d\u6709\u6548\u662f\u5f88\u6df1\u5b78\u554f\uff0c\u4e0d\u662f\u96fb\u8996\u7dad\u9aa8\u529b\u5c31\u6709\u7528\uff0c\u9019\u662f\u5927\u932f\u7279\u932f\uff0c\u885b\u7f72\u5df2\u4e0d\u88dc\u52a9\u4fdd\u7dad\u9aa8\u529b\u8cbb\u7528\uff0c\u5c31\u662f\u4ee3\u8868\u7121\u6548\uff0c\u5225\u5728\u5403\u4e86"
        },
        {
            "reply_id": "UgwdfImQaFMufPNPMId4AaABAg",
            "reply_content": "\u795d\u5404\u4f4d\u5f8c\u5bae\u8eab\u4f53\u5065\u5eb7"
        },
        {
            "reply_id": "UgyJ0cpvYaUzPKAGJTR4AaABAg",
            "reply_content": "\u963f\u746a\u9019\u9ebc\u8001\u4e86\uff0c\u6709\u554f\u984c\u4e5f\u4e0d\u51fa\u5947\u3002\u6211\u5011\u611b\u963f\u746a\u3002"
        },
        {
            "reply_id": "Ugy1kCm9rNeNuhtRUWp4AaABAg",
            "reply_content": "\u6211\u5011\u5bb6\u7684\u8c93\u4e5f16\uff0c17\u6b72\u4e86\uff0c\u770b\u4e86\u771f\u7684\u662f\u5fc3\u6709\u621a\u621a\u7109\uff0c\u5e0c\u671b\u540e\u5bae\u8c93\u54aa\u5011\u90fd\u80fd\u5065\u5eb7"
        }
    ]
}