{
    "video_info": {
        "id": "kS6uIiDfgzo",
        "channelTitle": "\u9ec3\u963f\u746a\u7684\u5f8c\u5bae\u751f\u6d3b",
        "title": "\u963f\u746a\u51fa\u9580\uff0c\u5168\u5834\u7686\u77e5\ud83d\ude02",
        "description": "",
        "likeCount": "11225",
        "commentCount": "201",
        "viewCount": "211799"
    },
    "comments": [
        {
            "reply_id": "UgzTgbxTZB5mW732XXV4AaABAg",
            "reply_content": "\u55ef\uff0c\u7687\u5e1d\u51fa\u7d2b\u7981\u57ce\u90fd\u662f\u9019\u6a23\u3002\n\u9019\u96bb\u51fa\u53bb\u4e4b\u5f8c\u5c31\u5b89\u975c\u4e86\u3002\uff08\u518d\u53eb\u4e5f\u6c92\u7528\uff0c\u4e0a\u4e86\u8cca\u8239\uff09"
        },
        {
            "reply_id": "UgyiBNv_jSLKJsyTJyp4AaABAg",
            "reply_content": "\u5f77\u5f7f\u65e9\u671f\u7684\u6377\u904b\u9032\u7ad9"
        },
        {
            "reply_id": "UgyIbRn-Cv5rPdtQr8N4AaABAg",
            "reply_content": "\u8981\u4e0d\u8981\u6539\u8cb7\u767d\u8272\u7684\u7a97\u53e3"
        },
        {
            "reply_id": "UgzXBIWjQdvE4G5XuOB4AaABAg",
            "reply_content": "\u6d88\u9632\u8eca\u963f\u746a"
        },
        {
            "reply_id": "UgwrG9ZF57v3I4oGIjB4AaABAg",
            "reply_content": "\u746a\u7a7a\u8b66\u5831\u4f86\u8972\uff0c\u5404\u4f4d\u5974\u624d\u6e96\u5099\u5c31\u7dd2\u4f5c\u6230"
        },
        {
            "reply_id": "UgycrfdRLFM7VDPmHtF4AaABAg",
            "reply_content": "\u9019\u8072\u97f3\u597d\u53ef\u611b\u5594\u6211\u9084\u4ee5\u70ba\u662f\u8ab0\u66dd\u6c23\ud83d\ude02"
        },
        {
            "reply_id": "UgxRFBtddVyBGhCAOyd4AaABAg",
            "reply_content": "\u597d\u5927\u53f0\u7684\u91cd\u808c\u963f"
        },
        {
            "reply_id": "UgyakF8MuKSMmNQuKYV4AaABAg",
            "reply_content": "\u746a\u746a\u8b66\u5831 \u53ef\u4ee5\u9304\u4e0b\u4f86\u7576\u9b27\u9418"
        },
        {
            "reply_id": "UgyzYtRhssTWHJW3V0h4AaABAg",
            "reply_content": "\u8ab0\u4f86\u8b77\u99d5\uff01\u4f86\u4eba\u554a\u554a\u554a\uff01"
        },
        {
            "reply_id": "UgyWG6wmUYE7c4u6cJB4AaABAg",
            "reply_content": "\u963f\u746a\u52a0\u6cb9 \u4f60\u597d\u52c7\u6562\u7684"
        },
        {
            "reply_id": "UgzUvoPu9YHlNK-bC_t4AaABAg",
            "reply_content": "\u4e0d\u770b\u756b\u9762\u9084\u4ee5\u70ba\u662f\u98c6\u8eca\u5f71\u7247"
        },
        {
            "reply_id": "UgyTSOkGEx3pClIzmiB4AaABAg",
            "reply_content": "\u807d\u8072\u97f3\u90fd\u8a8d\u51fa\u4f86\u4e86QQ"
        },
        {
            "reply_id": "Ugy5hPdKo0udMdfNs1F4AaABAg",
            "reply_content": "\u6709\u98db\u6a5f\u98db\u904e?"
        },
        {
            "reply_id": "Ugz_4BJYM66ORalG4gl4AaABAg",
            "reply_content": "\u5f15\u64ce\u767c\u52d5\ud83d\ude02"
        },
        {
            "reply_id": "UgzKGH5dioph2hewtex4AaABAg",
            "reply_content": "\u81ea\u52a9\u8702\u9cf4\u5668"
        },
        {
            "reply_id": "UgwFOrNpGSZCyJ_p5Xd4AaABAg",
            "reply_content": "\u7a7a\u8972\u8b66\u5831"
        },
        {
            "reply_id": "UgyaX3Pz5gqm-J832CJ4AaABAg",
            "reply_content": "\u7576\u6211\u5bb6\u7684\u8c93\u592a\u5435\u6642,\u6211\u6703\u958b\u9019\u5f71\u7247\u7d66\u6211\u5bb6\u8c93\u542c,\u7acb\u523b\u5b89\u975c\u8a31\u4e45"
        },
        {
            "reply_id": "UgzRZFYKF96qPriLTRh4AaABAg",
            "reply_content": "\u662f\u4fef\u885d\u8f5f\u70b8\u6a5f\u4f86\u6295\u5f48\u55ce\uff1f"
        },
        {
            "reply_id": "UgyY119sJr0GmGWevBl4AaABAg",
            "reply_content": "\u597d\u50cf\u6709\u70b8\u5f48\u5f9e\u5929\u800c\u964d"
        },
        {
            "reply_id": "UgztBL4mTr6ji9w9HRx4AaABAg",
            "reply_content": "\u5a01\u6b66"
        }
    ]
}