{
    "video_info": {
        "id": "MpYHYRd34Go",
        "channelTitle": "\u9ec3\u963f\u746a\u7684\u5f8c\u5bae\u751f\u6d3b",
        "title": "\u9ec3\u963f\u746a\u7684\u5f8c\u5bae\u751f\u6d3b \u7b2c1\u5b63 \u7b2c12\u96c6\u3010\u72f8\u8c93\u53bb\u54ea\u4e86\uff1f\u3011\uff5c#\u540c\u540d\u52d5\u756b Fumeancats, Season One, Ep12",
        "description": "\u9ec3\u963f\u746a\u7684\u5f8c\u5bae\u751f\u6d3b\u300a\u540c\u540d\u52d5\u756b\u300b\n\u7b2c1\u5b63\u517113\u96c6 \u9810\u5b9a\u4e00\u500b\u6708\u767c\u4f48\u4e00\u96c6 \u65bc\u963f\u746aYT\u983b\u9053\u64ad\u51fa\n\n\u8a02\u95b1\u6211\u5011\uff1ahttps://goo.gl/5L8xkV\n\u963f\u746a\u5b98\u7db2\uff1ahttps://www.fumeanstore.com\n\u806f\u7e6b\uff1afumeanaction@gmail.com\n\n\n\u300a3D\u52d5\u756b\u88fd\u4f5c\u300b\u5de5\u4f5c\u4eba\u54e1\u540d\u55ae \n\u51fa\u54c1\uff1a\u746a\u746a\u6587\u574a\n\u539f\u4f5c\uff1a\u9ec3\u963f\u746a\u7684\u5f8c\u5bae\u751f\u6d3b\n\u76e3\u88fd\uff1a\u8a31\u5fd7\u9298\u3001\u9ec3\u7965\u65ed\n\u88fd\u4f5c\u4f01\u5283\uff1a\u746a\u746a\u6587\u574a\u3001\u9ec3\u963f\u746a\u7684\u5f8c\u5bae\u751f\u6d3b\n\u7de8\u5287\uff1a\u8a31\u5fd7\u9298\u3001\u9ec3\u7965\u65ed\n\u4f01\u5283\uff1a\u8521\u975c\u6021\u3001\u8449\u4f9d\u73b2\u3001\u694a\u742a\u5747\u3001\u5442\u6b23\n\u88fd\u7247\uff1a\u8449\u4f9d\u73b2\n\u7de8\u5287\u5354\u52a9\uff1a\u9ec3\u923a\u5d50\n\u7f8e\u8853\u6307\u5c0e\uff1a\u9ec3\u7965\u65ed\u3001\u694a\u4f73\u7ff0\u3001\u65b9\u6631\u6587\u3001\u694a\u742a\u5747\u3001\u5442\u6b23\n\nDirector\uff1aus studio \u8cb3\u62fe\u5de5\u4f5c\u5ba4\nProject Manager\uff1aus studio \u8cb3\u62fe\u5de5\u4f5c\u5ba4 \nExecutive Producer\uff1a\u8449\u4f9d\u73b2\n2D & 3D Storyboard\uff1a us studio \u8cb3\u62fe\u5de5\u4f5c\u5ba4 \nDesigner\uff1a \u694a\u742a\u5747 \u3001\u5442\u6b23 \nModeling & Textureing\uff1a\u5289\u81f3\u83ef\u3001\u8449\u4f9d\u73b2 \u3001\u5442\u6b23 \u3001\u694a\u5cfb\u9d6c\u3001\u90ed\u5bb6\u6fa4\nRigging\uff1a \u7ae5\u6bd3\u6d69 \u3001\u5442\u6b23\nAnimation\uff1a \u5442\u6b23\u3001 \u694a\u742a\u5747\u3001\u8449\u4f9d\u73b2\u3001\u984f\u5c0f\u5091\u3001\u6c88\u82ae\u4f03\nFX: \u8449\u4f9d\u73b2\u3001\u5442\u6b23\u3001\u90ed\u5bb6\u6fa4\nLighting\uff1a\u694a\u5cfb\u9d6c\u3001\u90ed\u5bb6\u6fa4\u3001\u8449\u4f9d\u73b2\nCompositing\uff1a\u694a\u5cfb\u9d6c\u3001\u90ed\u5bb6\u6fa4\u3001\u8449\u4f9d\u73b2\nus studio\u8cb3\u62fe\u5de5\u4f5c\u5ba4: https://www.facebook.com/usstudio20\n\u52d5\u756b\u5408\u4f5c\u6d3d\u8ac7: usstudio20@gmail.com\n\n\u300a\u914d\u97f3\u914d\u6a02\u300b\u5de5\u4f5c\u4eba\u54e1\u540d\u55ae\n\u97f3\u6a02\u5de5\u4f5c\u5ba4\uff1a\u7acb\u5a01\u97f3\u6a02\u5de5\u4f5c\u5ba4\n\u914d\u6a02\uff1a\u7acb\u5a01\u97f3\u6a02\u5de5\u4f5c / \u9673\u5a01\u8a8c\n\u97f3\u6548\uff1a\u7acb\u5a01\u97f3\u6a02\u5de5\u4f5c / \u738b\u9038\u51f1\n\u6df7\u97f3\u5f8c\u88fd\uff1a\u7acb\u5a01\u97f3\u6a02\u5de5\u4f5c\u5ba4\n\u9304\u97f3\uff1a\u64ad\u5ba2\u716e\n\n\u5fd7\u9298\uff1a\u8a31\u5fd7\u9298\n\u72f8\u8c93\uff1a\u9ec3\u7965\u65ed\n\u9ec3\u963f\u746a\uff1a\u9322\u6b23\u90c1\n\u7070\u80d6\uff1a\u96f7\u78a7\u6587\n\n\u3014\u7248\u6b0a\u6240\u6709\uff0c\u975e\u7d93\u8a31\u53ef\u52ff\u8f49\u8f09\u81f3\u4efb\u4f55\u5e73\u53f0\u3015",
        "likeCount": "4043",
        "commentCount": "211",
        "viewCount": "84490"
    },
    "comments": [
        {
            "reply_id": "Ugy5oCN7VlJSXKfmzl14AaABAg",
            "reply_content": "\u963f\u746a\u7684\u914d\u97f3\u5f88\u597d\uff0c\u8072\u97f3\u5f88\u53ef\u611b\uff01"
        },
        {
            "reply_id": "Ugw9Ok6hnMrY17uiwE94AaABAg",
            "reply_content": "\u600e\u9ebc\u6703\u6700\u5f8c\u4e00\u96c6\uff1f\u5f88\u53ef\u611b\uff0c\u6703\u8aaa\u8a71\u7684\u963f\u78bc"
        },
        {
            "reply_id": "UgzDuh-FnVK3xD7aY_l4AaABAg",
            "reply_content": "\u51b0\u8ddf\u5175\u50bb\u50bb\u5206\u4e0d\u6e05\u695a"
        },
        {
            "reply_id": "UgztBMRC8eWRuCJF4KN4AaABAg",
            "reply_content": "\u770b\u4f86\u72f8\u8c93\u5728\u963f\u746a\u773c\u4e2d\u5b58\u5728\u611f\u883b\u9ad8\uff0c\u771f\u662f\u53ea\u6703\u72f8\u4ed6\u7684\u4e00\u96bb\u8c93\ud83d\ude02\ud83d\ude02\ud83d\ude02"
        },
        {
            "reply_id": "UgyjZt-pN19s5fPnIol4AaABAg",
            "reply_content": "\u72f8\u8c93\u8ddf\u963f\u746a\u771f\u611b\u7121\u8aa4\uff01"
        },
        {
            "reply_id": "Ugwcyb20O9ovp-9nq5p4AaABAg",
            "reply_content": "\u662f\u6559\u53ec\u55ce\u5982\u679c\u4e0d\u662f\u5927\u6982\u662f4\u500b\u6708\u7684\u5175\u5f79\u5427\uff1f"
        },
        {
            "reply_id": "UgwFSC4EQFviOncWL2F4AaABAg",
            "reply_content": "\u96d6\u7136\u662f\u77ed\u77ed\u7684\u52d5\u756b\uff0c\u4f46\u6211\u54ed\u4e86 \ud83d\ude2d"
        },
        {
            "reply_id": "UgyzP3-hARsaOOOsh3l4AaABAg",
            "reply_content": "\u7070\u80d6\u56e0\u8a72\u662f\u7528\u7b2c\u4e00\u5b63\u55ae\u7368\u958b\u4e00\u500b\u7279\u5225\u7bc7\u4f86\u544a\u8a34\u963f\u746a\u548c\u62db\u5f1f\u5b83\u53bb\u5feb\u6a02\u5929\u5802\u6bd4\u8f03\u9069\u5408\ud83d\ude22"
        },
        {
            "reply_id": "UgzCHoR9CXcZ5d2gl6F4AaABAg",
            "reply_content": "\u72f8\u8c93\u662f\u963f\u746a\u7684\u771f\u611b\u7121\u8aa4\ud83d\ude02"
        },
        {
            "reply_id": "Ugzo4jMfwvqpVJab9xh4AaABAg",
            "reply_content": "\u7b49\u4e00\u4e0b\uff0c\u62db\u5f1f\u548c\u7070\u80d6\u5728\u72f8\u8c93\u7576\u5175\u6642\u5728\u54ea\u88e1\uff1f\u52d5\u756b\u4e2d\u597d\u50cf\u6c92\u6709\u63d0\u53ca\u3002"
        },
        {
            "reply_id": "Ugwe1uysI95kUBtty6F4AaABAg",
            "reply_content": "\u6bcf\u6b21\u746a\u746a\u806f\u540d\u52d5\u756b\u51fa\u65b0\u7684\u6211\u90fd\u5f9e\u7b2c\u4e00\u96c6\u5728\u5237\u4e00\u904d\uff5e\n\u525b\u958b\u59cb\u9084\u4ee5\u70ba\u963f\u746a\u5728\u627e\u7070\u80d6\n\u72f8\u8c93\u53c8\u4e0d\u898b\u4e86\n\u5687\u9f20\u4e86\ud83d\ude31"
        },
        {
            "reply_id": "UgzamWjttBVKDrWOWap4AaABAg",
            "reply_content": "\u5ba2\u5ef3\u7246\u4e0a\u7684\u756b\u662f\u5fd7\u9298\u7684\u4f5c\u54c1\u55ce\uff1f\u756b\u5f97\u5f88\u597d\u8036\u3002\ud83e\udd23"
        },
        {
            "reply_id": "UgytU1_-M5sjAep9guZ4AaABAg",
            "reply_content": "\u9019\u9ebc\u7a81\u7136\u53bb\u7576\u5175 \u8ab0\u90fd\u6703\u5d29\u6f70\u5427 \u662f\u6559\u53ec\u55ce?"
        },
        {
            "reply_id": "UgwdDfC52BU3YX_r59B4AaABAg",
            "reply_content": "\u7b2c2\u5b63\u80af\u5b9a\u8981\u52a0\u591a\u4e00\u9ede\u96c6\u6578\uff0c\u8b93\u5f8c\u5bae\u7684\u5176\u4ed6\u6210\u54e1\u5011\uff08\u9577\u5927\u7684\u62db\u5f1f\u7687\u540e\u5a18\u5a18\u3001\u4e09\u8173\u8cb4\u5983\u5a18\u5a18\u3001So\u5c0f\u4e3b\u3001\u5695\u738b\u723a\u3001\u6d63\u8178\u963f\u54e5\u3001\u67da\u5b50\u963f\u54e5\u53ca\u65b0\u52a0\u5165\u5c0f\u82b1\u683c\u683c\uff09\u90fd\u53ef\u4ee5\u4eae\u76f8\u2764"
        },
        {
            "reply_id": "UgwFHosev5vhCzvAiRl4AaABAg",
            "reply_content": "\u53bb\u8c93\u7802\u76c6\u6435\u72f8\u8c93\ud83d\ude02"
        },
        {
            "reply_id": "Ugzs-1jW2rmwO0OweJJ4AaABAg",
            "reply_content": "\u662f\u7070\u80d6\u6b38\u597d\u53ef\u611b\u2764"
        },
        {
            "reply_id": "Ugx69R7UBX6YjYRNF8R4AaABAg",
            "reply_content": "\u4e0d\u6703\u4e0b\u4e00\u96c6\u7070\u80d6\u5c31\u8981\u53bb\u5929\u5802\u5427\uff0c\u4f46\u600e\u6a23\u4e5f\u5e0c\u671b\u7070\u80d6\u5728\u5929\u5802\u751f\u6d3b\u5f97\u958b\u958b\u5fc3\u5fc3\ud83e\udd70"
        },
        {
            "reply_id": "Ugzo_FS1g0pBL4ZnVZR4AaABAg",
            "reply_content": "\u53ef\u611b\u7684\u963f\u746a\u2764"
        },
        {
            "reply_id": "Ugx25bI9aEXu1PTnl6h4AaABAg",
            "reply_content": "\ud83d\ude02\u662f\u8ab0\u8aaa\u8c93\u54aa\u5f88\u7cbe\u7684\n\u4ed6\u5011\u771f\u7684\u53ea\u662f\u5c0f\u5c0f\u5b69\u963f"
        },
        {
            "reply_id": "UgyKem_aKOsZqTNx-214AaABAg",
            "reply_content": "\u72f8\u8c93\u5927\u558a\u8d85\u597d\u7b11\uff0c\u5b8c\u5168\u60f3\u50cf\u5f97\u51fa\u4f86\u4ed6\u7684\u8868\u60c5\ud83d\ude02"
        }
    ]
}