{
    "video_info": {
        "id": "NotaIVGXejY",
        "channelTitle": "\u9ec3\u963f\u746a\u7684\u5f8c\u5bae\u751f\u6d3b",
        "title": "\u3010\u9ec3\u963f\u746a\u7684\u5f8c\u5bae\u751f\u6d3b\u3011\u6f29\u6e26\u7acb\u86cb\u6cd5\uff01\u6210\u529f\u7387\u5927\u589e\uff01",
        "description": "\u963f\u746a\uff1a\u300c\u807d\u8aaa\u6210\u529f\u7acb\u86cb\u6703\u6709\u597d\u904b\uff01\u300d\n#\u7aef\u5348\u7bc0 #\u8c93\u54aa\u7acb\u86cb\n\u00d7 \u983b\u9053\u66f4\u65b0\u70ba\u9031\u4e94\u665a\u9593\u516d\u9ede\uff0c\u4e0d\u5b9a\u6642\u767c\u4f48\u5176\u5b83\u5f71\u7247\uff01\u00d7\n\u8a02\u95b1\u6211\u5011\uff1ahttps://goo.gl/5L8xkV\n\u963f\u746a\u5b98\u7db2\uff1ahttps://www.fumeanstore.com\n\n\u3010\u6d63\u718a\u641e\u7b11\u5f71\u7247\u5fcd\u7b11\u6311\u6230\uff01\u4ed6\u5230\u5e95\u5728\u5e79\u561b\u5566\uff01\u3011\u5fd7\u9298\u8207\u72f8\u8c93\n\u25b6 https://youtu.be/5pdLu4F8JaA\n\n-\n\n\u3010\u8fd1\u671f\u6d3b\u52d5\u3011\n\n\u7b2c\u4e09\u672c\u5716\u6587\u6f2b\u756b\u300a\u8c93\u54aa\u8d85\u6709\u4e8b3-\u8c93\u8c93\u7f8e\u98df\u6551\u63f4\u8a08\u756b\u300b\n\u5728\u746a\u746a\u5546\u884c\u8cfc\u8cb7\u5c31\u8d08\u9001\u300c\u5f8c\u5bae\u842c\u7528\u8b49\u4ef6\u5e36\u300d\uff08\u96a8\u6a5f1\u6b3e\uff09\n\n\u3010\u6436\u8cfc\u5c08\u5340\u3011   \n\u53f0\u7063(\u746a\u746a\u5546\u884c)\uff1ahttps://lihi1.com/vzhq3/catyt2\n\u6e2f\u6fb3\u5730\u5340\uff1ahttps://reurl.cc/rZAq54\n\u99ac\u65b0\u5730\u5340\uff1ahttps://is.gd/Vs7aXI\n\u203b\u4ee5\u4e0a\u9023\u7d50\u7686\u6709\u9001\u3010\u5f8c\u5bae\u842c\u7528\u8b49\u4ef6\u5e36\u3011\uff08\u51683\u6b3e\uff0c\u96a8\u6a5f\u8d08\u9001\u4e59\u6b3e\uff0c\u9001\u5b8c\u70ba\u6b62\uff09\n\n-\n\n\u30107-ELEVEN \u9ec3\u963f\u746a\u4e3b\u984c\u5e97\u3011\n\u4e3b\u984c\u5e97\u958b\u5e55\u5566\uff5e\n\u8cb7\u5496\u5561\u5c31\u53ef\u4ee5\u7372\u5f97\u672c\u5e97\u9650\u5b9a\u7684\u963f\u746aCITY CAFE\u676f\uff01\n\u5e97\u5167\u9084\u6709\u5f88\u591a\u6771\u897f\u53ef\u4ee5\u62cd\u7167\uff0c\u6b61\u8fce\u4f86\u901b\u901b\uff5e\n\u5730\u5740\uff1a7-ELEVEN\u6566\u4fe1\u9580\u5e02\uff08\u53f0\u5317\u5e02\u5927\u5b89\u5340\u4ec1\u611b\u8def\u56db\u6bb5122\u5df750\u865f1\u6a13\uff09\n\n-\n\n\u3010\u53f0\u5357-\u8da3\u6dd8\u6f2b\u65c5 X \u9ec3\u963f\u746a\u7684\u5f8c\u5bae\u751f\u6d3b\u3011\n\u5373\u65e5\u8d77\u81f36/30\u6b62\uff0c\u6bcf\u65e5\u9650\u91cf6\u9593\u300c\u963f\u746a\u4f86\u8da3\u6dd8\u300d\u4e3b\u984c\u623f\uff01\n\u5165\u4f4f\u963f\u746a\u4e3b\u984c\u623f\u5c31\u8d08\u9001\u300c\u4e3b\u984c\u623f\u79ae\u5305\u300d\u5594\uff01\n\u8a02\u623f\u7db2\u5740\uff1ahttps://reurl.cc/pZemRb\n\n-\n\n\u7b2c\u4e03\u672c\u5e74\u5ea6\u8457\u4f5c\u300a\u7b49\u6211\u56de\u5bb6\u7684\u4f60\u300b\n\u53f0\u7063\uff08\u746a\u746a\u5546\u884c\uff09\uff1ahttps://reurl.cc/Kxxa5n\n\uff08\u746a\u746a\u5546\u884c \u7368\u5bb6\u8d08\u9001\u300c\u5f8c\u5bae\u51fa\u904a\u8da3\u63d2\u756b\u660e\u4fe1\u7247\u4e00\u5f35\uff0c\u96a8\u6a5f\u51fa\u8ca8\u4e0d\u6311\u6b3e\u300d\u5176\u4ed6\u901a\u8def\u6c92\u6709\u8d08\u9001\u5594\uff5e\uff09\n\u99ac\u65b0\u5730\u5340\uff1ahttps://reurl.cc/bzzGvr\n\n-\n\n\u3010\u963f\u746a Line\u8cbc\u5716\uff06\u4e3b\u984c\u3011\n\u300a\u6700\u65b0\u4e0a\u67b6\u300bhttps://lihi3.cc/8ITQO/YT01\n\u300a\u66f4\u591a\u8cbc\u5716\u300bhttps://reurl.cc/4RY6L2\n\n\u3010\u963f\u746a\u5b98\u7db2-\u746a\u746a\u5546\u884c\u3011\n\u25b6\u00a0https://www.fumeanstore.com/\n\u300a\u6700\u65b0\u5546\u54c1\u300b\u9298\u5f0f\u7e6a\u6d63\u8178T\u3001HOYACASA\u806f\u540d\u5929\u7d72\u6dbc\u88ab\u3001\u842c\u7528\u4fdd\u6eab\u4fdd\u51b7\u888b\n\n---\n\n\u3010\u5408\u4f5c\u9080\u7d04/IP\u806f\u540d\u6388\u6b0a\u3011\nfumeanaction@gmail.com \uff08\u6b61\u8fce\u4f86\u4fe1\u6d3d\u8ac7\uff09\n\n\u3014\u7248\u6b0a\u6240\u6709\uff0c\u975e\u7d93\u8a31\u53ef\u52ff\u8f49\u8f09\u81f3\u4efb\u4f55\u5e73\u53f0\u3015\n\u3014\u9818\u990a\u4e0d\u68c4\u990a\u3015",
        "likeCount": "4946",
        "commentCount": "223",
        "viewCount": "130723"
    },
    "comments": [
        {
            "reply_id": "UgwvsaBnkzuI7OI8Bm14AaABAg",
            "reply_content": "\u8981\u751f\u86cb \u800c\u4e14\u5728\u4e0b\u9762\u8981\u653e\u9e7d \u589e\u52a0\u6469\u64e6\u529b"
        },
        {
            "reply_id": "Ugy0pOuL53wa_Pwv6ot4AaABAg",
            "reply_content": "\u5695\u5695\u4e00\u5b9a\u662f\u89ba\u5f97\u5974\u624d\u5728\u8ddf\u4ed6\u73a9\ud83d\ude02\ud83d\ude02"
        },
        {
            "reply_id": "UgxA16StpGVrMNo__Lh4AaABAg",
            "reply_content": "\u746a\u8981\u51f8\u982d\u4e86"
        },
        {
            "reply_id": "UgxKUPdhyQ628C1ad9h4AaABAg",
            "reply_content": "\u7528\u8c93\u54aa\u7acb\u86cb\u4e5f\u592a\u7121\u804a\u4e86\u5566"
        },
        {
            "reply_id": "Ugx_5fDYn0TPso_QmFh4AaABAg",
            "reply_content": "\u592a\u53ef\u611b\u4e86\uff0c\u5695\u5695\u6253\u86cb\u5f88\u5927\u529b\u9912"
        },
        {
            "reply_id": "UgyTOm39sMEvz7T998N4AaABAg",
            "reply_content": "\u60f3\u770b\u540e\u5bab\u7248\u7684\u62cd\u62ff\u653e\uff0c\u90a3\u4e48\u51b7\u9759\u7684\u963f\u739b\uff0c\u8bf4\u4e0d\u5b9a\u4f1a\u6210\u529f\ud83d\ude02\ud83d\ude02\ud83d\ude02"
        },
        {
            "reply_id": "UgyhXxbb8RxoKHtqjtN4AaABAg",
            "reply_content": "\u5695\u5695\u63ee\u86cb\u90a3\u6bb5\u592a\u597d\u7b11\u4e86\u54c8\u54c8\u54c8\u54c8\u54c8\u54c8\u54c8\u54c8\u54c8\u54c8\ud83d\ude06\n\u5695\u5695\u597d\u53ef\u611b\uff5e"
        },
        {
            "reply_id": "UgwyM7NxA5Q54FBHZsh4AaABAg",
            "reply_content": "\u6211\u4ee5\u524d\u9084\u771f\u7684\u6c92\u60f3\u904e\u7acb\u86cb\u662f\u7acb\u719f\u7684\u9084\u662f\u751f\u7684\u86cb\ud83d\ude02\ud83d\ude02\ud83d\ude02\ud83d\ude02\u5695\u5695\u4e5f\u592a\u597d\u7b11\ud83d\ude02"
        },
        {
            "reply_id": "UgzEigHlAUtCZMSsx394AaABAg",
            "reply_content": "\u5f8c\u5bae\u5974\u624d\u7aef\u5348\u7bc0\u5feb\u6a02\ud83c\udf89\ud83d\ude06"
        },
        {
            "reply_id": "UgyMIBcex4qAzaUKgcJ4AaABAg",
            "reply_content": "\u7aef\u5348\u7bc0\u525b\u597d\u662f\u6211\u751f\u65e5\u263a\u70ba\u4ec0\u9ebc\u904e\u4e86\u624d\u8aaa\u6211\u4e5f\u4e0d\u77e5\u9053\uff01"
        },
        {
            "reply_id": "Ugynuoudhsy-JbihEzF4AaABAg",
            "reply_content": "\u963f\u746a\uff1a\u5974\u624d\u597d\u5fd9\uff0c\u5728\u6211\u982d\u4e0a\u4e00\u76f4\u5f04\u86cb\uff0c\u6bdb\u5feb\u64a5\u79bf\u4e86\uff0c\u9084\u6c92\u597d\u55ce\uff1f\n\u7aef\u5348\u7bc0\u5feb\u6a02\u5f8c\u5bae\u8c93\u54aa\uff0c\u8eab\u9ad4\u5065\u5eb7"
        },
        {
            "reply_id": "UgzmvI9RQs673DPSA-B4AaABAg",
            "reply_content": "\u963f\u746a\u7684\u6bdb\u9aee\u5149\u6ed1\u4eae\u9e97\u86cb\u86cb\u7ad9\u4e0d\u4f4f\ud83d\ude02\ud83d\ude02\ud83d\ude02"
        },
        {
            "reply_id": "UgwMC63afxtLYGNoNyJ4AaABAg",
            "reply_content": "\u795d\u5f8c\u5bae\u7684\u4e3b\u5b50\u548c\u5974\u624d\u5011\u7aef\u5348\u7bc0\u5b89\u5eb7\uff0c\u5695\u5695\u64a5\u86cb\u597d\u53ef\u611b\ud83d\ude02\u6389\u4e0b\u53bb\u4e5f\u60f3\u7e7c\u7e8c\u73a9\u8d85\u597d\u7b11\ud83d\ude02\n7:10 \u963f\u746a\u5077\u6478\u5695\u5695\u7684\u8173\u8d85\u53ef\u611b\ud83d\ude02\ud83d\ude02"
        },
        {
            "reply_id": "UgyTuHfy3yMSOlKh5UB4AaABAg",
            "reply_content": "\u53e6\u985e\u7684\u86cb\u86cb\u6309\u6469\u6cd5\ud83d\ude02"
        },
        {
            "reply_id": "UgwfnzAyPWG0XfK5Kwh4AaABAg",
            "reply_content": "\u795d\u5927\u5bb6\u7aef\u5348\u7bc0\u5feb\u6a02"
        },
        {
            "reply_id": "Ugzv4gOCwuw2KLkCXXx4AaABAg",
            "reply_content": "\u795d\u5927\u5bb6\u7aef\u5348\u7bc0\u5e73\u5b89\u2764"
        },
        {
            "reply_id": "UgzeqIWITepavuN_YA14AaABAg",
            "reply_content": "\u7aef\u5348\u7bc0\u5b89\u5eb7"
        },
        {
            "reply_id": "UgyA_IirjbKKvdEAAeh4AaABAg",
            "reply_content": "\u611f\u89ba\u963f\u746a\u7684\u8089\u5feb\u593e\u4f4f\u86cb\u4e86\ud83d\ude02\ud83d\ude02"
        },
        {
            "reply_id": "Ugx_-z4azJgcQInJ9KN4AaABAg",
            "reply_content": "\u963f\u746a\u56e0\u8a72\u662f\u77e5\u9053\u5974\u624d\u5011\u7684\u5fc3\u9858\u624d\u6703\u9019\u9ebc\u914d\u5408\u5427\uff0c\u4f55\u6cc1\u90fd\u5df2\u7d93\u76f8\u8655\u4e86\u9019\u9ebc\u591a\u5e74\u4e86\uff5e"
        },
        {
            "reply_id": "UgzNWNPOnc_jJyR_24J4AaABAg",
            "reply_content": "\u4f5c\u70ba\u746a\u5695\u6b7b\u5fe0\u7684\u7c89\u7d72\u8868\u793a\uff1a\u80fd\u5c08\u5fc3\u770b\u8457\u9019\u5169\u96bb\u8c93\uff0c\u4e5f\u662f\u4e00\u7a2e\u5e78\u798f\u2764\n2:32\u982d\u9802\u756b\u5708\u5708\u7acb\u86cb\u8981\u9577\u6bdb\u8c93\u5982\u91d1\u5409\u62c9\u624d\u505a\u5f97\u5230\uff08\uff1f\uff09"
        }
    ]
}