{
    "video_info": {
        "id": "nXC0S6GwlUs",
        "channelTitle": "\u9ec3\u963f\u746a\u7684\u5f8c\u5bae\u751f\u6d3b",
        "title": "\u963f\u746a\u7a81\u7136\u8dd1\u9032\u62db\u5f1f\u623f\u9593\uff0c\u5230\u8655\u627e\u6771\u897f\u5403",
        "description": "\u8a02\u95b1\uff1ahttps://goo.gl/5L8xkV\nIG\uff1afumeancat\nhttps://www.fumeanstore.com\nfumeanaction@gmail.com",
        "likeCount": "3216",
        "commentCount": "141",
        "viewCount": "65184"
    },
    "comments": [
        {
            "reply_id": "Ugy14O0HpAwe0dITFix4AaABAg",
            "reply_content": "\u8ddf\u6211\u5bb6\u7684\u4e00\u6a23 \u5403\u5b8c\u6771\u897f\u5c31\u6703\u72c2\u559d\u6c34\ud83d\ude02\ud83d\ude02"
        },
        {
            "reply_id": "UgzHt4OyHiJ455aIv1p4AaABAg",
            "reply_content": "\u8981\u5c0d\u7260\u767e\u4f9d\u767e\u9806"
        },
        {
            "reply_id": "UgytpzR-dVAY25itRKd4AaABAg",
            "reply_content": "\u963f\u746a\u5c11\u8001\u5927\u5927\u5bb6\u8981\u807d\u7260\u7684"
        },
        {
            "reply_id": "Ugzk4i7hWcLjyFCTxOl4AaABAg",
            "reply_content": "\u7761\u524d\u770b\u5f88\u7642\u7652\uff01\u559c\u6b61\u2764"
        },
        {
            "reply_id": "UgxYEDfJAVh9p_Pz0UB4AaABAg",
            "reply_content": "\u597d\u559c\u6b61\u9019\u985e\u5f71\u7247,\u8c93\u8c93\u53ea\u8981\u5f88\u53ef\u611b,\u5149\u770b\u4ed6\u5011\u751f\u6d3b\u65e5\u5e38\u7684\u6a23\u5b50\u5c31\u5f88\u7642\u7652\u5594"
        },
        {
            "reply_id": "UgxClDWSjqu02mc1rTd4AaABAg",
            "reply_content": "\u4e0d\u6127\u70ba\u7687\u4e0a\uff0c\u96f6\u98df\u662f\u5e72\u8c9d\uff01"
        },
        {
            "reply_id": "UgyytlbD04Shql7-T094AaABAg",
            "reply_content": "\u5403\u96f6\u98df\u6703\u547c\u5695\u5695\u8036\uff0c\u597d\u53ef\u611b"
        },
        {
            "reply_id": "UgzuKEwX3RVtaKH2raF4AaABAg",
            "reply_content": "\u963f\u746a\u9084\u662f\u559c\u6b61\u62db\u5f1f\uff0c\u6c92\u88ab\u7bb1\u5b50\u80cc\u53db"
        },
        {
            "reply_id": "Ugx2ewRCFAMi1RzC20p4AaABAg",
            "reply_content": "\u53ef\u60dc\u88ab\u8072\u97f3\u6253\u64fe\u4e86\uff0c\u4e0d\u7136\u963f\u746a\u518d\u5f85\u4e45\u4e00\u9ede\u6216\u8a31\u5c31\u53ef\u4ee5\u770b\u5230\u88ab\u7d19\u7bb1\u80cc\u53db\u7684\u963f\u746a\u4e86\ud83e\udd23\uff08\u5f88\u58de"
        },
        {
            "reply_id": "Ugzsgz2a0aZmfBZEf7N4AaABAg",
            "reply_content": "\u5927\u5bb6\u5f88\u548c\u5e73\u76f8\u8655\u5462\uff01\u96d6\u7136\u5728\u540c\u7a7a\u9593\u4e0d\u540c\u5730\u65b9\u7684\u963f\u746a\u548c\u62db\u5f1f\u53c8\u91cd\u805a\u4e86\u5462\uff01\u96e3\u5f97\u5169\u4f4d\u540c\u6846\u5462\uff01\u263a\ufe0f\u263a\ufe0f"
        },
        {
            "reply_id": "UgzYTq48-5rr8BgFjqN4AaABAg",
            "reply_content": "\u8c93\u6293\u677f\u7576\u4f5c\u6a13\u68af\uff0c\u597d\u8070\u660e\u5537\uff01\u6709\u88ab\u71d2\u5230\ud83e\udd23"
        },
        {
            "reply_id": "UgwDBqs6ZJfKuSLNqKl4AaABAg",
            "reply_content": "\u9019\u7a2e\u751f\u6d3b\u77ed\u7247\u5f88\u6eab\u99a8"
        },
        {
            "reply_id": "Ugy5rvOSmsRAwnMDWoV4AaABAg",
            "reply_content": "\u963f\u746a\u62db\u5f1f\u597d\u53ef\u611b"
        },
        {
            "reply_id": "UgyjMhna8W99-Sa-QaV4AaABAg",
            "reply_content": "-.\u62db\u5f1f\u8fd8\u662f\u6700\u7231\u963f\u739b\u6765\u95fb\u732b\u54aa\ud83d\ude02\uff0c\u770b\u5230\u963f\u739b\u771f\u7684\u5f88\u7231\u5403\u5c0f\u96f6\u98df\u96be\u602a\u7626\u4e0d\u4e0b\u6765"
        },
        {
            "reply_id": "Ugx747Wc2n8tLZYvptt4AaABAg",
            "reply_content": "\u9019\u6b21\u5c45\u7136\u6c92\u88ab\u7d19\u7bb1\u80cc\u53db\u6b38\ud83e\udd23\u53ef\u559c\u53ef\u8cc0"
        },
        {
            "reply_id": "UgxWOzFXn51bRFxdr0h4AaABAg",
            "reply_content": "\u963f\u746a\u5de1\u908f\u62db\u5f1f\u623f\u9593\u770b\n\u6709\u4ec0\u9ebc\u597d\u6599\u53ef\u4ee5\u5403\n\u9806\u4fbf\u548c\u62db\u5f1f\u57f9\u990a\u4e00\u4e0b\u611f\u60c5\uff01\n\u8d8a\u770b\u8d8a\u53ef\u611b\ud83e\udd70\u7642\u7652\u8eab\u5fc3\u4e2d\ud83c\udf89\u2764"
        },
        {
            "reply_id": "UgyNbmhq4qH2OFWDgWp4AaABAg",
            "reply_content": "\u4e45\u9055\u7684\u746a\u5f1f\u91cd\u9022"
        },
        {
            "reply_id": "Ugxs71Z7uqHcunCJF9F4AaABAg",
            "reply_content": "\u963f\u746a\u5f88\u6703\u559d\u6c34~ \u5370\u8c61\u4e2d\u5728\u820a\u820a\u5f8c\u5bae\u6709\u4e00\u6b21\u62cd\u963f\u746a\u5f9e\u91ab\u9662\u56de\u4f86\uff0c\u8dd1\u53bb\u559d\u6c34\uff0c\u60f3\u8aaa\u61c9\u8a72\u559d\u4e00\u4e0b\u800c\u5df2\uff0c\u7d50\u679c\u4e00\u559d\u61c9\u8a72\u559d\u4e865-10\u5206\u9418\u5de6\u53f3\u6709XD"
        },
        {
            "reply_id": "UgyElTJYD6NNlpMggcd4AaABAg",
            "reply_content": "\u5de5\u4f5c\u5728\u7d2f\u58d3\u529b\u592a\u5927 \uff0c\u5c31\u5148\u958bUT\u770b\u5f8c\u5bae\u5f71\u7247\u8212\u58d3\uff0c\u771f\u7684\u5f88\u7642\u7652\u6211\u7684\u8eab\u5fc3\u9748\uff0c\u4e0d\u958b\u5fc3\u7684\u4e8b\u77ac\u9593\u6d88\u5931\uff5e\u5f88\u559c\u6b61\u65e5\u5e38\u62cd\u7247\u7684\u6a21\u5f0f\u2764"
        },
        {
            "reply_id": "UgybInvKG7lqLCWb0JF4AaABAg",
            "reply_content": "2023\u5e7410\u67084\u65e5\u9031\u4e09\u4eca\u5929\u662f\u98b1\u98a8\u5929\uff0c\u5c31\u7b97\u6211\u8e29\u8457\u4e00\u8ddb\u4e00\u8ddb\u7684\u6b65\u4f10+\u4e0d\u642d\u8a08\u7a0b\u8eca+\u8d70\u8457\u300c\u5b64\u72d7\u5730\u5716\u8aaa\u53ea\u8981\u4e94\u5206\u9418\u5c31\u53ef\u4ee5\u5230\u7684\u8def\u9014\u53bb\u6211\u5011\u5927\u5b78\u65c1\u807d\u65e5\u6587\u8ab2\u7a0b\uff0c\n\n\u6211\u9084\u662f\u8d70\u4e86\u4e09\u5341\u5206\u9418\uff0c\u800c\u4e14\u6eff\u982d\u5927\u6c57\uff08\u56e0\u70ba\u8eab\u4e0a\u7684\u884c\u674e\u5f88\u91cd+\u53f0\u7063\u6fd5\u5ea6\u9ad8+\u62dc\u98b1\u98a8\u4e4b\u8cdc\u6211\u9084\u5f97\u5e36\u6700\u5927\u7684\u5098\uff0c\u6709\u9ede\u91cd\uff09\n\n\u7136\u5f8c\u4e00\u6574\u5929\u53bb\u6350\u6b3e\u56de\u6bcd\u6821\u3001\u627e\u8001\u5e2b\u3001\u6350\u66f8\u3001\u63a5\u8001\u5e2b\u3001\u53bb\u4e0a\u8ab2\u3001\u62ff\u6771\u897f\u3001\u6700\u5f8c\u56de\u57fa\u9686\u4e5f\u662f\u4e00\u76f4\u88ab\u96e8\u6dcb+\u88ab\u98a8\u5439\u96e8\u6253\uff0c\n\n\u66f4\u4e0d\u8981\u63d0\u6709\u6182\u9b31\u75c7+\u7126\u616e\u75c7\u7684\u6211\u53ea\u8981\u9694\u5929\u9700\u8981\u56de\u53f0\u5317\u4e0a\u8ab2\uff0c\u524d\u4e00\u665a\u5c31\u6703\u7126\u616e\u5230\u7761\u4e0d\u8457+\u300c\u51cc\u6668\u4e94\u9ede\u8d77\u5e8a\uff0c\u4e94\u9ede\u534a\u53bb\u5e02\u5340\u642d\u5ba2\u904b\u300d\u90fd\u662f\u57fa\u672c\uff08\u8981\u662f\u516d\u4e03\u9ede\u642d\u8eca\uff0c\u5c31\u53ea\u80fd\u5728\u570b\u9053\u585e\u5169\u5c0f\u6642\u534a\uff0c\u800c\u4e14\u6c92\u6709\u5ec1\u6240\u53ea\u80fd\u618b\u5c3f\uff0c\u4e5f\u4e0d\u80fd\u559d\u6c34\u8ddf\u4efb\u4f55\u6db2\u614b\u98df\u7269\uff09\n\n\u6574\u665a\u6c92\u7761+\u672c\u5c31\u6709\u8f15\u5ea6\u81ea\u9589\u75c7\u7684\u6211\u5fc5\u9808\u61c9\u5c0d\u4e00\u5927\u5806\u4eba+\u9084\u5f97\u62fc\u547d\u966a\u7b11+\u505a\u500b\u61c2\u4e8b\u53c8\u79ae\u8b93\u5b78\u5f1f\u59b9\u7684\u7684\u5927\u5b78\u59ca+\u5f9e\u57fa\u9686\u6696\u6696\u5230\u666f\u7f8e\u6a6b\u8d8a\u4e09\u5341\u516c\u91cc\u7684\u8def\u9014\u8b93\u6211\u8001\u662f\u8dcb\u5c71\u6d89\u6c34+\u80cc\u8457\u8d85\u91cd\u7684\u5305\u5305+\u5fcd\u8010\u5927\u98a8\u548c\u5927\u96e8+\u61c9\u5c0d\u5404\u7a2e\u8def\u6cc1\u4e26\u4e14\u79ae\u8b93\u5927\u5c0f\u5ba2\u8eca\uff0c\u6211\u5176\u5be6\u4eca\u5929\u5feb\u6b7b\u4e86\uff08\u7d2f\u5230\u95dc\u7bc0\u5feb\u58de\u6b7b\uff09\n\n\u4f46\u662f\u770b\u5230\u67d4\u8edf\u53c8\u6bdb\u7d68\u7d68\u7684\u8c93\u8c93\uff0c\u6211\u611f\u89ba\u4eca\u5929\u7684\u75b2\u52de\u90fd\u6c92\u6709\u4e86\uff0c\n\n\u8b1d\u8b1d\u5974\u624d\u7684\u5f71\u7247\u7e3d\u662f\u5e36\u7d66\u6211\u7642\u7652\uff0c\u8b93\u6182\u9b31\u75c7+\u7126\u616e\u75c7\u7684\u6211\u4e0d\u6703\u90a3\u9ebc\u75db\u82e6\uff0c\u8b1d\u8b1d\u5f8c\u5bae\u773e\u591a\u990a\u5f97\u5f88\u6f02\u4eae\u7684\u5c0f\u8c93\u8c93\u5011\u7e3d\u662f\u5e36\u7d66\u6211\u6eab\u67d4\u7642\u7652\u7684\u611f\u89ba\uff08\u5c24\u5176\u7576\u6211\u77e5\u9053\u9019\u4e9b\u8c93\u90fd\u662f\u8def\u908a\u64bf\u4f86\u7684or\u9818\u990a\u4f86\u7684\u6d41\u6d6a\u8c93\uff0c\u537b\u80fd\u5404\u500b\u90fd\u8b8a\u6210\u7db2\u7f8e\uff0c\u6211\u5c31\u89ba\u5f97\u5f88\u52f5\u5fd7\uff09\n\nP.s.\u5c24\u5176\u963f\u746a\uff0c\u96d6\u7136\u813e\u6c23\u5f88\u5927\uff0c\u4f46\u662f\u4ed6\u771f\u7684\u5f88\u5e25\uff01\u53c8\u840c\uff01\u96d6\u7136\u662f\u80d6\u5b50\u4f46\u8d85\u5e25\uff01\uff01\u53c8\u80d6\u53c8\u840c\u7684\u5e25\u8c93\u54aa\u771f\u7684\u5f88\u5c11\u898b\uff0c\u6bcf\u6b21\u90fd\u597d\u60f3\u54ac\u4ed6\u6389\u4e0b\u4f86\u7684\u8089\u8089"
        }
    ]
}