{
    "video_info": {
        "id": "o2Zzp96JEI0",
        "channelTitle": "\u9ec3\u963f\u746a\u7684\u5f8c\u5bae\u751f\u6d3b",
        "title": "\u3010\u9ec3\u963f\u746a\u7684\u5f8c\u5bae\u751f\u6d3b\u3011\u62db\u5f1f12\u6b72\u751f\u65e5\uff01\u91cd\u65b0\u611b\u4e0a\u963f\u746a\uff01",
        "description": "\u62db\u5f1f\uff1a\u300c\u597d\u4e45\u6c92\u6709\u8214\u963f\u746a\u4e86\uff01\u300d\n#\u62db\u5f1f #\u751f\u65e5\u5feb\u6a02\n\u00d7 \u983b\u9053\u66f4\u65b0\u70ba\u9031\u4e94\u665a\u9593\u516d\u9ede\uff0c\u4e0d\u5b9a\u6642\u767c\u4f48\u5176\u5b83\u5f71\u7247\uff01\u00d7\n\u8a02\u95b1\u6211\u5011\uff1ahttps://goo.gl/5L8xkV\n\u963f\u746a\u5b98\u7db2\uff1ahttps://www.fumeanstore.com\n\n\u3010\u8c93\u54aa\u522e\u522e\u6a02\uff01\u9760\u8c93\u8cfa\u9322\u5566\uff01\u3011\u5fd7\u9298\u8207\u72f8\u8c93\n\u25b6 https://youtu.be/FrARfrVlxpM\n\n-\n\n\u3010\u8fd1\u671f\u6d3b\u52d5\u3011\n\n\u3010\u871c\u746a\u9023\u7dda\uff5e\u6b61\u6a02\u540c\u840c\u6703 \u5f69\u7e6a\u5217\u8eca\u3011\n\u5373\u65e5\u8d77\u81f36/4\u65e5\u6b62\n\u871c\u746a\u9023\u7dda\u5f69\u7e6a\u5217\u8eca\u5c07\u4e0d\u5b9a\u671f\u884c\u99db\u65bc\u6377\u904b\u7d05\u7dda\u5594\uff01\n\n\u300e\u871c\u746a\u9023\u7dda\u300f\u9650\u91cf\u5468\u908a\u5546\u54c1\n\u53ef\u4ee5\u5728\u4ee5\u4e0b\u901a\u8def\u8cfc\u8cb7\uff1a\nR10 \u7f8e\u9e97\u5cf6\u7ad9\u5546\u54c1\u9928\nR16 \u5de6\u71df\u7ad9\u65c5\u904a\u8aee\u8a62\u8655\n\u5b98\u65b9\u76f4\u71df\u8ce3\u5834 https://shopee.tw/krtcshop\n\n-\n\n\u7b2c\u4e09\u672c\u5716\u6587\u6f2b\u756b\u300a\u8c93\u54aa\u8d85\u6709\u4e8b3-\u8c93\u8c93\u7f8e\u98df\u6551\u63f4\u8a08\u756b\u300b\n\u5728\u746a\u746a\u5546\u884c\u8cfc\u8cb7\u5c31\u8d08\u9001\u300c\u5f8c\u5bae\u842c\u7528\u8b49\u4ef6\u5e36\u300d\uff08\u96a8\u6a5f1\u6b3e\uff09\n\n\u3010\u6436\u8cfc\u5c08\u5340\u3011   \n\u53f0\u7063(\u746a\u746a\u5546\u884c)\uff1ahttps://lihi1.com/vzhq3/catyt2\n\u6e2f\u6fb3\u5730\u5340\uff1ahttps://reurl.cc/rZAq54\n\u99ac\u65b0\u5730\u5340\uff1ahttps://is.gd/Vs7aXI\n\u203b\u4ee5\u4e0a\u9023\u7d50\u7686\u6709\u9001\u3010\u5f8c\u5bae\u842c\u7528\u8b49\u4ef6\u5e36\u3011\uff08\u51683\u6b3e\uff0c\u96a8\u6a5f\u8d08\u9001\u4e59\u6b3e\uff0c\u9001\u5b8c\u70ba\u6b62\uff09\n\n-\n\n\u3010\u53f0\u5357-\u8da3\u6dd8\u6f2b\u65c5 X \u9ec3\u963f\u746a\u7684\u5f8c\u5bae\u751f\u6d3b\u3011\n\u5373\u65e5\u8d77\u81f36/30\u6b62\uff0c\u6bcf\u65e5\u9650\u91cf6\u9593\u300c\u963f\u746a\u4f86\u8da3\u6dd8\u300d\u4e3b\u984c\u623f\uff01\n\u5165\u4f4f\u963f\u746a\u4e3b\u984c\u623f\u5c31\u8d08\u9001\u300c\u4e3b\u984c\u623f\u79ae\u5305\u300d\u5594\uff01\n\u8a02\u623f\u7db2\u5740\uff1ahttps://reurl.cc/pZemRb\n\n-\n\n\u7b2c\u4e03\u672c\u5e74\u5ea6\u8457\u4f5c\u300a\u7b49\u6211\u56de\u5bb6\u7684\u4f60\u300b\n\u53f0\u7063\uff08\u746a\u746a\u5546\u884c\uff09\uff1ahttps://reurl.cc/Kxxa5n\n\uff08\u746a\u746a\u5546\u884c \u7368\u5bb6\u8d08\u9001\u300c\u5f8c\u5bae\u51fa\u904a\u8da3\u63d2\u756b\u660e\u4fe1\u7247\u4e00\u5f35\uff0c\u96a8\u6a5f\u51fa\u8ca8\u4e0d\u6311\u6b3e\u300d\u5176\u4ed6\u901a\u8def\u6c92\u6709\u8d08\u9001\u5594\uff5e\uff09\n\u99ac\u65b0\u5730\u5340\uff1ahttps://reurl.cc/bzzGvr\n\n-\n\n\u3010\u963f\u746a Line\u8cbc\u5716\uff06\u4e3b\u984c\u3011\n\u300a\u6700\u65b0\u4e0a\u67b6\u300bhttps://lihi3.cc/8ITQO/YT01\n\u300a\u66f4\u591a\u8cbc\u5716\u300bhttps://reurl.cc/4RY6L2\n\n\u3010\u963f\u746a\u5b98\u7db2-\u746a\u746a\u5546\u884c\u3011\n\u25b6 https://www.fumeanstore.com/\n\u300a\u6700\u65b0\u5546\u54c1\u300b\u9298\u5f0f\u7e6a\u6d63\u8178T\u3001HOYACASA\u806f\u540d\u5929\u7d72\u6dbc\u88ab\u3001\u842c\u7528\u4fdd\u6eab\u4fdd\u51b7\u888b\n\n---\n\n\u3010\u5408\u4f5c\u9080\u7d04/IP\u806f\u540d\u6388\u6b0a\u3011\nfumeanaction@gmail.com \uff08\u6b61\u8fce\u4f86\u4fe1\u6d3d\u8ac7\uff09\n\n\u3014\u7248\u6b0a\u6240\u6709\uff0c\u975e\u7d93\u8a31\u53ef\u52ff\u8f49\u8f09\u81f3\u4efb\u4f55\u5e73\u53f0\u3015\n\u3014\u9818\u990a\u4e0d\u68c4\u990a\u3015",
        "likeCount": "5198",
        "commentCount": "211",
        "viewCount": "160693"
    },
    "comments": [
        {
            "reply_id": "Ugw6bC8IyEWQ9Ckw2pp4AaABAg",
            "reply_content": "\u6211\u548c\u62db\u5f1f\u4e00\u6837\u51fa\u751f"
        },
        {
            "reply_id": "UgyCLPoRFW6cKlzF2Kt4AaABAg",
            "reply_content": "\u62db\u5f1f\u662f\u6700\u6f02\u4eae\u7684\u8c93 \u5f9e\u5c0f\u6f02\u4eae\u5230\u5927\u22ef"
        },
        {
            "reply_id": "Ugwl58Q10YwpK4mUmw54AaABAg",
            "reply_content": "\u91d1\u50f9\u6b38\u5f1f\uff0c\u8ddf\u963f\u746a\u4e00\u6a23\uff0c\u963f\u746a\u7684\u662f\uff0c\u91d1\u50f9\u6b38\u746a"
        },
        {
            "reply_id": "Ugx8swl16r5RsSuSP614AaABAg",
            "reply_content": "\u7279\u5225\u795d\u798f\uff1f\u6211\u7684\u624d\u849c"
        },
        {
            "reply_id": "UgzbTnRpq-l--tSRhZF4AaABAg",
            "reply_content": "\u62db\u5f1f\u751f\u65e5\u5feb\u6a02"
        },
        {
            "reply_id": "UgytrD4pPLyvAmO-RvR4AaABAg",
            "reply_content": "\u6211\u5f9e\u5c0f\u5230\u5927\u90fd\u662f\u559c\u6b61\u963f\u746a\ud83e\udd70\u6240\u4ee5\u6211\u60f3\u554f\u963f\u746a\u5e7e\u6b72\u4e86\ud83e\udd2d"
        },
        {
            "reply_id": "UgxT7wf3dlvhejaBlRt4AaABAg",
            "reply_content": "\u8c93\ud83d\udc31\u597d\u53ef\u611b\u5594"
        },
        {
            "reply_id": "UgxpTxASTFnONEPILbB4AaABAg",
            "reply_content": "\u751f\u65e5\u5feb\u6a02"
        },
        {
            "reply_id": "Ugy6S3Js2gwgWbOsVGd4AaABAg",
            "reply_content": "\u597d\u4e45\u6c92\u770b\u5f8c\u5bae\u751f\u6d3b\u4e86\n\u6c92\u60f3\u5230\u73fe\u5728\u90fd100\u591a\u842c\u7c89\u7d72\u4e86"
        },
        {
            "reply_id": "UgxF70y6HBhuUbdp_Dh4AaABAg",
            "reply_content": "\u770b\u898b\u6bcf\u4e00\u5e74\u751f\u65e5 \u6211\u5c0d\u65bc\u751f\u547d\u6559\u80b2\u7684\u610f\u7fa9\u66f4\u505a\u597d\u4e00\u5c64\u5fc3\u7406\u6e96\u5099\n\u8981\u73cd\u60dc\u7576\u4e0b\u8207\u4ed6\u5011\u958b\u5fc3\u7684\u6bcf\u523b \u89c0\u773e\u5982\u662f \u4f60\u5011\u66f4\u662f"
        },
        {
            "reply_id": "Ugw27YYvvt8O5qRL12R4AaABAg",
            "reply_content": "\u62db\u5f1f\u751f\u65e5\u5feb\u6a02!\u8eab\u9ad4\u5065\u5eb7!"
        },
        {
            "reply_id": "Ugy1MlVvsngrp4O1SpB4AaABAg",
            "reply_content": "\u62db\u5f1f\u4e00\u70b9\u4e5f\u4e0d\u666e\u901a\ud83d\ude0a\u5f88\u7279\u522b\u2764"
        },
        {
            "reply_id": "UgzpB4_xeYhQJuI7WTx4AaABAg",
            "reply_content": "\u5f9e\u5c0f\u9577\u4e86\u4e00\u5f35\u53ad\u4e16\u81c9\ud83d\ude02"
        },
        {
            "reply_id": "UgzrSfMuL8qyIOynuz94AaABAg",
            "reply_content": "\u62db\u5f1f\u53ef\u611b\ud83d\ude0a"
        },
        {
            "reply_id": "UgyprO9x6x5760a3HXF4AaABAg",
            "reply_content": "\u62db\u5f1f\u751f\u65e5\u5feb\u6a02\uff0c\u8981\u5065\u5065\u5eb7\u5eb7\u5537\uff0c\u559c\u6b61\u4f60\u4e0d\u5c51\u7684\u773c\u795e\u8207\u4e0d\u8ac2\u5a9a\u7684\u500b\u6027\u2764\n\u4f86\u53bb\u56de\u9867\u69b4\u69e4\u90a3\u96c6\u4e86"
        },
        {
            "reply_id": "UgyTQ7dJIQbuWWOnyTR4AaABAg",
            "reply_content": "\u62db\u5f1f\u54ea\u6703\u6c92\u7279\u8272\n\u53eb\u8072\u662f\u5168\u5f8c\u5bae\u6700\u597d\u807d\u7684"
        },
        {
            "reply_id": "UgxzuI-RHpfW3AvclFN4AaABAg",
            "reply_content": "\u958b\u5fc3\u5230\u5728\u904a\u6232\u4f48\u544a\u6b04\u5ba3\u5e03\u9019\u4ef6\u4e8b\ud83e\udd23"
        },
        {
            "reply_id": "Ugx1aZ66OoeQJR9rwDx4AaABAg",
            "reply_content": "\u795d\u6211\u5011\u5f8c\u5bae\u6eab\u67d4\u5973\u738b\u62db\u5f1f12\u6b72\u751f\u65e5\u5feb\u6a02,12\u6b72\u4f9d\u820a\u7f8e\u7f8e\u7684"
        },
        {
            "reply_id": "Ugy9hcmqgrxYGgu9MGJ4AaABAg",
            "reply_content": "\u751f\u65e5\u5feb\u6a02,\u5341\u4e8c\u6b72\u770b\u8d77\u4f86\u9084\u662f\u5f88\u5065\u5eb7\ud83e\udd70\u2764\u5e0c\u671b\u80fd\u4e00\u76f4\u5065\u5065\u5eb7\u5eb7\u4e0b\u53bb"
        },
        {
            "reply_id": "UgzvxydFQ-h3Q7raMsJ4AaABAg",
            "reply_content": "\u6cbc\u5f1f\u751f\u65e5\u5feb\u6a02\u6b50\ud83c\udf89"
        }
    ]
}