{
    "video_info": {
        "id": "OLQpsOmR5GM",
        "channelTitle": "\u9ec3\u963f\u746a\u7684\u5f8c\u5bae\u751f\u6d3b",
        "title": "\u963f\u746a\uff1a\u300c\u6715\u7684\u5e9724hr\u71df\u696d\u4e2d\uff01\u300d#shorts  #Shortstw",
        "description": "\u963f\u746a\uff1a\u300c\u6715\u7684\u5e9724hr\u71df\u696d\u4e2d\uff01\u300d\n\n-\n\n\u30107-ELEVEN \u9ec3\u963f\u746a\u4e3b\u984c\u5e97\u3011\n\u5730\u5740\uff1a7-ELEVEN\u6566\u4fe1\u9580\u5e02\uff08\u53f0\u5317\u5e02\u5927\u5b89\u5340\u4ec1\u611b\u8def\u56db\u6bb5122\u5df750\u865f1\u6a13\uff09\n\n\u8a02\u95b1\u6211\u5011\uff1ahttps://goo.gl/5L8xkV\n\u963f\u746a\u5b98\u7db2\uff1ahttps://www.fumeanstore.com\nFB\uff1a\u9ec3\u963f\u746a\u7684\u5f8c\u5bae\u751f\u6d3b\nIG\uff1afumeancat\n\n\u3010\u5408\u4f5c\u9080\u7d04/IP\u806f\u540d\u6388\u6b0a\u3011\nfumeanaction@gmail.com \uff08\u6b61\u8fce\u4f86\u4fe1\u6d3d\u8ac7\uff09\n\n\u3014\u7248\u6b0a\u6240\u6709\uff0c\u975e\u7d93\u8a31\u53ef\u52ff\u8f49\u8f09\u81f3\u4efb\u4f55\u5e73\u53f0\u3015\n\u3014\u9818\u990a\u4e0d\u68c4\u990a\u3015",
        "likeCount": "4250",
        "commentCount": "102",
        "viewCount": "61142"
    },
    "comments": [
        {
            "reply_id": "UgxrvD2dKC0vg180_C94AaABAg",
            "reply_content": "\u5e7e\u6642\u4f86\u6fb3\u95e8"
        },
        {
            "reply_id": "Ugwv0_hbXWza1mRS0oN4AaABAg",
            "reply_content": "\u5e0c\u671b\u53f0\u7063\u4e5f\u6709"
        },
        {
            "reply_id": "UgyBsicUxDt4cxOtyc54AaABAg",
            "reply_content": "\u70ba\u4e86\u4e00\u6b21\u6536\u96c6\u4e09\u7a2e\u676f\u5b50\u4e00\u6b21\u559d\u4e09\u676f\u5496\u5561\ud83d\ude02"
        },
        {
            "reply_id": "Ugz6cqqUgMa1tkkovXF4AaABAg",
            "reply_content": "\u6211\u4e5f\u60f3\u53bb\u5566\uff0c\u4f46\u662f\u6211\u9999\u6e2f\u4eba\n\u53bb\u4e0d\u4e86\uff08\u6c92\u9322\u8cb7\u6a5f\u7968\u4f86\uff09\ud83d\ude02"
        },
        {
            "reply_id": "Ugw4xAIPgBeDmKcgmYl4AaABAg",
            "reply_content": "\u76fc\u65b0\u52a0\u5761\u4e5f\u6709\u963f\u746a\u548c\u540e\u5bab\u5b9d\u8d1d\ud83d\udc96\ud83d\udc96\ud83d\udc96"
        },
        {
            "reply_id": "UgxITzynTiioke5yVZp4AaABAg",
            "reply_content": "\u9ad8\u96c4\u7684\u5c0f\u4e03\u4ec0\u9ebc\u6642\u5019\u6703\u6709\uff1f\u671f\u5f85\u7687\u963f\u746a\u7684\u5230\u4f86"
        },
        {
            "reply_id": "UgznuUP1976nNz3sfs94AaABAg",
            "reply_content": "\u554a\u592a\u7fa1\u6155\u53ef\u4ee5\u53bb\u7684\u4eba\u4e86"
        },
        {
            "reply_id": "UgxW9LRYspO7n2sWI2t4AaABAg",
            "reply_content": "\u9999\u6e2f\u6c92\u6709\uff1f"
        },
        {
            "reply_id": "UgytuIMn1PBDVjlHAqJ4AaABAg",
            "reply_content": "\u963f\u746a\uff5e\u6211\u4f4f\u5de6\u9999\u6e2f\u5566\uff01"
        },
        {
            "reply_id": "UgxSSxCbPNl90iKh6cF4AaABAg",
            "reply_content": "\u6211\u6709\u770b\u5230\u904e\u4f60\u5011\u5bb6\u7684\u806f\u540d\u6ce1\u9eb5\u5168\u5bb6\u7684"
        },
        {
            "reply_id": "Ugy3gk1jkMjNgijshBN4AaABAg",
            "reply_content": "\u53f0\u4e2d\u4e5f\u8981\u9ebb"
        },
        {
            "reply_id": "UgxKaKURNF3P6GRj_tF4AaABAg",
            "reply_content": "\u6211\u6709\u53bb\u770b\u904e"
        },
        {
            "reply_id": "UgwndeqXWXyZW3J7N4J4AaABAg",
            "reply_content": "\u53ef\u4e0d\u53ef\u4ee5\u5728\u9999\u6e2f\u505a\u4e00\u500b\u9019\u4e00\u7a2e\u7684\u5e97?"
        },
        {
            "reply_id": "Ugw5Mgz-l8SSKpGFSGx4AaABAg",
            "reply_content": "\u6211\u53bb\u904e\u8d85\u597d\u770b\u7684"
        },
        {
            "reply_id": "UgyPhfyUffaARlHtHqV4AaABAg",
            "reply_content": "\u53bb\u904e\u4e86\uff01\u9084\u8cb7\u4e86\u5c0f\u82b1\u9ebb\u7cec\u5a03\u5a03\u2764\ufe0f"
        },
        {
            "reply_id": "UgyUM357n9Ko31T7ICN4AaABAg",
            "reply_content": "\u4f4f\u9ad8\u96c4\uff0c\u597d\u9060\u597d\u60f3\u53bb\u554a"
        },
        {
            "reply_id": "UgyePkNUXWNfX4WQvhR4AaABAg",
            "reply_content": "\u9019\u500b\u6708\u8981\u53bb"
        },
        {
            "reply_id": "UgwwLUK8ckhz8ZKUv414AaABAg",
            "reply_content": "\u4f86\u9ad8\u96c4\u5566"
        },
        {
            "reply_id": "UgyjqOjoroIHePaCOHR4AaABAg",
            "reply_content": "\u592a\u53ef\u611b\u4e86\u5566"
        },
        {
            "reply_id": "UgwfxikF8SWkuCoDu5l4AaABAg",
            "reply_content": "\u597d\u68d2"
        }
    ]
}