{
    "video_info": {
        "id": "OPKxNaBaUaQ",
        "channelTitle": "\u9ec3\u963f\u746a\u7684\u5f8c\u5bae\u751f\u6d3b",
        "title": "\u7db2\u7f8e\u597d\u96e3\u7576\u22ef\u22ef  #shorts #ShortsTW",
        "description": "\u62db\u5f1f\uff1a\u300c\u7db2\u7f8e\u597d\u96e3\u7576\u22ef\u22ef\u300d\n\n-\n\n\u8a02\u95b1\u6211\u5011\uff1ahttps://goo.gl/5L8xkV\n\u963f\u746a\u5b98\u7db2\uff1ahttps://www.fumeanstore.com\nFB\uff1a\u9ec3\u963f\u746a\u7684\u5f8c\u5bae\u751f\u6d3b\nIG\uff1afumeancat\n\n\u3010\u5408\u4f5c\u9080\u7d04/IP\u806f\u540d\u6388\u6b0a\u3011\nfumeanaction@gmail.com \uff08\u6b61\u8fce\u4f86\u4fe1\u6d3d\u8ac7\uff09\n\n\u3014\u7248\u6b0a\u6240\u6709\uff0c\u975e\u7d93\u8a31\u53ef\u52ff\u8f49\u8f09\u81f3\u4efb\u4f55\u5e73\u53f0\u3015\n\u3014\u9818\u990a\u4e0d\u68c4\u990a\u3015",
        "likeCount": "5270",
        "commentCount": "57",
        "viewCount": "95334"
    },
    "comments": [
        {
            "reply_id": "Ugw2DHeMXHkGtGmaSTl4AaABAg",
            "reply_content": "\u7db2\u7f8e\u5c31\u662f\u73fe\u5be6\u7684\u53cd\u5dee\u624d\u8b8a\u7db2\u7f8e"
        },
        {
            "reply_id": "UgxtrLa-9uzquMuedgN4AaABAg",
            "reply_content": "\u6211\u611b\u62db\u5f1f"
        },
        {
            "reply_id": "Ugxrge4ZnjgOqFWZRyV4AaABAg",
            "reply_content": "\u6211\u5bb6\u6709\u500b\u9b5a\u4e7e\u8c93\uff1f"
        },
        {
            "reply_id": "UgydslOiOMuta2TNugl4AaABAg",
            "reply_content": "\u732b\u4e0d\u7ba1\u600e\u6837\u90fd\u53ef\u7231"
        },
        {
            "reply_id": "UgxPe49Pqfw4WniUZy94AaABAg",
            "reply_content": "\u53ef\u662f\u62db\u5f1f\u9084\u662f\u5f88\u53ef\u611b\u2764"
        },
        {
            "reply_id": "UgwqJg3baex5G9Uh1vl4AaABAg",
            "reply_content": "\u6211\u53cd\u800c\u66f4\u559c\u6b61\u62db\u5f1f\u7761\u6c92\u7761\u76f8\u3001\u5750\u6c92\u5750\u76f8\u3001\u9084\u6307\u7532\u52fe\u5230\u51fa\u7cd7\u7684\u6a23\u5b50"
        },
        {
            "reply_id": "UgzCnvbXee43C9docbJ4AaABAg",
            "reply_content": "\u53ea\u662f\u77b3\u5b54\u8b8a\u5c0f\u4e86"
        },
        {
            "reply_id": "UgyaFmp9S7_WPI2nCNx4AaABAg",
            "reply_content": "\u81ea\u7136\u5c31\u662f\u840c"
        },
        {
            "reply_id": "Ugxdk7c0cYlVgOTQNup4AaABAg",
            "reply_content": "\u96e3\u5f97\u7687\u540e\u5a18\u5a18\u53cd\u5dee\u840c\ud83d\ude02"
        },
        {
            "reply_id": "UgzakJRChPp1nKGo2Q14AaABAg",
            "reply_content": "\u8d85\u53ef\u611b\u7684\u2764 \u4e0d\u7ba1\u662f\u7167\u7247\u4e2d\u7684\u9084\u662f\u73fe\u5be6\u4e2d\u7684\u62db\u5f1f\u90fd\u597d\u611b\u2764\u2764"
        },
        {
            "reply_id": "UgwVxwHe89PkAXlllvh4AaABAg",
            "reply_content": "\u62db\u5f1f\u7684\u5750\u59ff\u4e5f\u592a\u597d\u7b11\u4e86\u5427\ud83d\ude02"
        },
        {
            "reply_id": "Ugwt2Y3CxbgKyKjMZnp4AaABAg",
            "reply_content": "\u771f\u9762\u76ee\uff0c\u66f4\u52d5\u4eba"
        },
        {
            "reply_id": "Ugx8dx9Oun7JRIJlLpJ4AaABAg",
            "reply_content": "\u5750\u6210\u4e00\u5768\u7684\u62db\u5f1f\u597d\u53ef\u611b\ud83d\ude02"
        },
        {
            "reply_id": "UgxqfdeGKBwG6I-yjy54AaABAg",
            "reply_content": "\u81ea\u7136\u5c31\u662f\u7f8e"
        },
        {
            "reply_id": "Ugw-X8FzIFE_hA7hN0F4AaABAg",
            "reply_content": "\u9019\u6a23\u4e5f\u5f88\u53ef\u611b\u554a"
        },
        {
            "reply_id": "Ugwv_Q5y5V8NTw5OJS14AaABAg",
            "reply_content": "\u597d\u559c\u6b61\u62db\u5f1f\u9019\u6a23\u96a8\u6027\u7684\u6a23\u5b50\u53ef\u611b\u6975\u4e86"
        },
        {
            "reply_id": "UgxeeF2PGbSveMeaE8p4AaABAg",
            "reply_content": "\u597d\u53ef\u611b\u5594"
        },
        {
            "reply_id": "UgzqQ66pVXZ2yafoAX54AaABAg",
            "reply_content": "\u6709\u6bba\u6c23\u7684\u53ad\u4e16\u7db2\u7f8e\uff0c\u6211\u597d\u611b\ud83d\ude06"
        },
        {
            "reply_id": "UgwcW4HiPduDuw5Cn0l4AaABAg",
            "reply_content": "\u8d85\u53ef\u611b"
        },
        {
            "reply_id": "UgylDm7_UdZgFogoeUl4AaABAg",
            "reply_content": "\u7387\u6027\u4f46\u53ef\u611b\u7684\u62db\u5f1f\u7687\u540e \ud83d\ude18"
        }
    ]
}