{
    "video_info": {
        "id": "P5HKy_nlzVw",
        "channelTitle": "\u9ec3\u963f\u746a\u7684\u5f8c\u5bae\u751f\u6d3b",
        "title": "\u3010\u9ec3\u963f\u746a\u7684\u5f8c\u5bae\u751f\u6d3b\u3011Socles\u72c2\u5410\uff01\u9001\u91ab\u5065\u6aa2\u627e\u539f\u56e0\uff01",
        "description": "Soso\uff1a\u300c\u91ab\u9662\u88e1\u767c\u751f\u4e86\u597d\u591a\u4e8bQAQ\u300d\n\u00d7 \u983b\u9053\u66f4\u65b0\u70ba\u9031\u4e94\u665a\u9593\u516d\u9ede\uff0c\u4e0d\u5b9a\u6642\u767c\u4f48\u5176\u5b83\u5f71\u7247\uff01\u00d7\n\u8a02\u95b1\u6211\u5011\uff1ahttps://goo.gl/5L8xkV\n\u963f\u746a\u5b98\u7db2\uff1ahttps://www.fumeanstore.com\n\n\u3010\u5168\u9762\u5065\u5eb7\u6aa2\u67e5\uff01Socles\u7684\u75c5\u6cc1\u3011\u5fd7\u9298\u8207\u72f8\u8c93\n\u25b6https://youtu.be/MKMk66iyfYU\n-\n\n\u3010\u8fd1\u671f\u6d3b\u52d5\u3011\n\n\u7b2c\u4e8c\u672c\u5716\u6587\u6f2b\u756b\u66f8\u300a\u8c93\u54aa\u8d85\u6709\u4e8b2-\u5c0b\u627e\u7070\u80d6\u4e4b\u65c5\u300b\n\u53f0\u7063(\u746a\u746a\u5546\u884c)\uff1ahttps://reurl.cc/anqO0X\n\u6e2f\u6fb3\u5730\u5340\uff1ahttps://reurl.cc/MkWgQX\n\u99ac\u65b0\u5730\u5340\uff1ahttps://reurl.cc/r1k2ON\n\n\n\u7b2c\u4e03\u672c\u5e74\u5ea6\u8457\u4f5c\u300a\u7b49\u6211\u56de\u5bb6\u7684\u4f60\u300b\n\u53f0\u7063\uff08\u746a\u746a\u5546\u884c\uff09\uff1ahttps://reurl.cc/Kxxa5n\n\uff08\u746a\u746a\u5546\u884c \u7368\u5bb6\u8d08\u9001\u300c\u5f8c\u5bae\u51fa\u904a\u8da3\u63d2\u756b\u660e\u4fe1\u7247\u4e00\u5f35\uff0c\u96a8\u6a5f\u51fa\u8ca8\u4e0d\u6311\u6b3e\u300d\u5176\u4ed6\u901a\u8def\u6c92\u6709\u8d08\u9001\u5594\uff5e\uff09\n\u99ac\u65b0\u5730\u5340\uff1ahttps://reurl.cc/bzzGvr\n\n-\n\n\u3010\u963f\u746a Line\u8cbc\u5716\uff06\u4e3b\u984c\u3011\n\u300a\u6700\u65b0\u4e0a\u67b6\u300bhttps://line.me/S/sticker/27782\n\u300a\u66f4\u591a\u8cbc\u5716\u300bhttps://reurl.cc/4RY6L2\n\n\u3010\u963f\u746a\u5b98\u7db2-\u746a\u746a\u5546\u884c\u3011\n\u25b6 https://www.fumeanstore.com/\n\u300a\u6700\u65b0\u5546\u54c1\u300b\u65b0\u6b3e\u5305\u5305\u3001\u65b0\u6b3e\u73ea\u85fb\u571f\u5730\u588a\u3001Socles\u5de8\u5927\u9ebb\u7cec\n\n---\n\n\u3010\u5408\u4f5c\u9080\u7d04/IP\u806f\u540d\u6388\u6b0a\u3011\nfumeanaction@gmail.com \uff08\u6b61\u8fce\u4f86\u4fe1\u6d3d\u8ac7\uff09\n\n\u3014\u7248\u6b0a\u6240\u6709\uff0c\u975e\u7d93\u8a31\u53ef\u52ff\u8f49\u8f09\u81f3\u4efb\u4f55\u5e73\u53f0\u3015\n\u3014\u9818\u990a\u4e0d\u68c4\u990a\u3015",
        "likeCount": "9548",
        "commentCount": "261",
        "viewCount": "382434"
    },
    "comments": [
        {
            "reply_id": "UgzkFXvNWw1Y4ORiqmJ4AaABAg",
            "reply_content": "\u5065\u5eb7\u7b2c\u4e00"
        },
        {
            "reply_id": "UgwD4AtuXxfKnczjRnB4AaABAg",
            "reply_content": "\u6211\u5bb6\u8c93 \u6bcd\u8c93\u7b2c\u4e00\u6b21\u767c\u60c5\u5c31\u8d95\u5feb\u7bc0\u80b2(\u5efa\u8b70\u9ad4\u91cd\u53ef\u4ee5\u5c31\u5dee\u4e0d\u591a\u53ef\u4ee5\u6aa2\u67e5\u7bc0\u80b2\u4e86) \u665a\u5e74\u4e73\u817a\u7624\u80ba\u90e8\u8f49\u79fb \u80ba\u7a4d\u6c34\u904e\u4e16 \u4eab\u5e7413\u6b72 \u8c93\u54aa10\u6b72\u4ee5\u4e0a \u53ef\u80fd\u8981\u96a8\u6642\u8981\u6709\u5fc3\u7406\u6e96\u5099 \u6709\u5f88\u5927\u7684\u6a5f\u7387\u90fd\u8ddf\u9ad4\u8cea\u6709\u95dc \u6211\u53e6\u4e00\u96bb\u8c9317\u6b72 \u4e5f\u662f\u665a\u7bc0\u80b2 \u5403\u4e00\u6a23\u7684\u98fc\u6599 \u751f\u6d3b\u4e00\u6a23\u7684\u7a7a\u9593 \u4f46\u6709\u4e9b\u8c93\u58fd\u547d\u5c31\u662f\u4e0d\u540c \u8ddf\u9ad4\u8cea\u771f\u7684\u6709\u5dee  \u5df2\u7d93\u6bd4\u5916\u9762\u6d41\u6d6a\u7684\u8c93\u597d\u5f88\u591a\u4e86 10\u6b72\u4ee5\u4e0a\u7684\u8c93 \u5c31\u6703\u958b\u59cb\u6162\u6162\u5c55\u73fe\u51fa\u8eab\u9ad4\u4e0a\u7684\u7d20\u8cea\u5dee\u7570 \u4ee5\u524d\u6709\u7d93\u6fdf\u4e0d\u7a69\u8ddf\u8cc7\u8a0a\u4e0d\u8db3\u7b49\u554f\u984c \u4f46\u90a3\u6642\u5019\u8c93\u90fd\u5f88\u5e74\u8f15 \u57fa\u672c\u53ea\u6709\u9810\u9632\u91dd\u8ddf\u7bc0\u80b2 \u5403\u559d\u62c9\u6492\u554f\u984c\u89e3\u6c7a\u5c31\u597d \u4f46\u8001\u8c93\u5c31\u4e0d\u4e00\u6a23 \u7d93\u6fdf\u58d3\u529b\u8ddf\u7167\u8b77\u4e0a\u7684\u6642\u9593\u6703\u8d8a\u4f86\u8d8a\u591a \u6240\u4ee5 \u58d3\u529b\u6703\u8d8a\u4f86\u8d8a\u5927 \u80fd\u505a\u7684\u5c31\u662f\u76e1\u91cf\u5373\u53ef"
        },
        {
            "reply_id": "Ugwor2es5DsUvWq2HAl4AaABAg",
            "reply_content": "\u4f60\u7684\u8c93\u8bf4\u4ed6\u60f3\u5403\u6771\u897f"
        },
        {
            "reply_id": "UgxDJOxRfvB4rffLzVh4AaABAg",
            "reply_content": "\u9019\u500b\u91ab\u751f\u8b1b\u8a71\u597d\u6eab\u67d4\u5594"
        },
        {
            "reply_id": "UgzfZHgnhF3BZP1CT7d4AaABAg",
            "reply_content": "\u4ed6\u9084\u597d\u55ce?"
        },
        {
            "reply_id": "UgwyZVKswPVWWnrfekF4AaABAg",
            "reply_content": "\u8840\u5c3f\u662f\u8c93\u814e\u75c5\u5148\u5146 \u8c93\u5c31\u662f\u4e0d\u559c\u6b61\u559d\u6c34\u5e38\u898b\u7684\u75c5"
        },
        {
            "reply_id": "Ugxp1T_Mc-h9A2-FwEx4AaABAg",
            "reply_content": "\u51ac\u5929\u5c0f\u9ea5\u8349 \u5f88\u597d\u91cd \u53bb\u98fc\u6599\u884c\u8cfc\u8cb7\u3002\n\u4fbf\u5b9c\u53c8\u5065\u5eb7 \u65b0\u9bae\u7684\u672c\u8eab\u6709\u6c34\u5206"
        },
        {
            "reply_id": "Ugyi8JvN3R3RG259nZp4AaABAg",
            "reply_content": "\u8f9b\u82e6\u4e86~\u5e0c\u671b\u5f8c\u9762\u6c92\u4e8b\u6062\u5fa9\u6d3b\u529b\u5c31\u597d\u4e86!"
        },
        {
            "reply_id": "Ugz02qCwtl2hfwBDFSR4AaABAg",
            "reply_content": "\u4f60\u5011\u53ef\u4ee5\u9a57\u4e00\u4e0b\u7532\u72c0\u817a"
        },
        {
            "reply_id": "UgzpBq5_AUCgWmk27Dp4AaABAg",
            "reply_content": "\u795d\u8914\u5f8c\u5bae\u5011\u8eab\u9ad4\u5065\u5eb7"
        },
        {
            "reply_id": "UgwXSK4HQvHG8qvzIuh4AaABAg",
            "reply_content": "\u8a66\u5403\u52d5\u7269\u98df\u624d\u4f1a\u77e5\u9053\u597d\u4e0d\u597d\u5403"
        },
        {
            "reply_id": "UgxrjjJWgbEQqAg_JLJ4AaABAg",
            "reply_content": "\u53ef\u80fd\u5929\u6c23\u51cd\u8c93\u8c93\u98df\u5622\u53c8\u6025\u6240\u4ee5\u5481\uff1f"
        },
        {
            "reply_id": "UgyiXrUMoGIKrYgYmM14AaABAg",
            "reply_content": "\u55ef\uff0c\u4e24\u4e2a\u4eba\uff0c\u6211\u63d0\u51fa\u4e2a\u5c0f\u7cbe\u7075\u5c31\u662f\u5148\u770b\u4e00\u4e0b\u8001\u732b\u7684\u60c5\u51b5\uff0c\u5e74\u7eaa\u6bd4\u8f83\u5927\u7684\u5148\u4ed8\u5bdf\u770b\u56e0\u4e3a\u5e74\u7eaa\u6bd4\u8f83\u5927\u7684\u732b\u4e0d\u597d"
        },
        {
            "reply_id": "UgynBbCMUEehPeTo38d4AaABAg",
            "reply_content": "\u91ab\u5e2b\u807d\u8a3a\u7684\u6642\u5019\uff0c\u4e3b\u4eba\u76e1\u91cf\u4e0d\u8981\u64ab\u6478\u6216\u62cd\u6253\uff0c\u6703\u5f71\u97ff\u91ab\u5e2b\u807d\u5fc3\u97f3\u4e4b\u985e\u7684\u22ef\u22ef\u22ef"
        },
        {
            "reply_id": "Ugww2YVfmcsBrq3cFBh4AaABAg",
            "reply_content": "\u6211\u73fe\u5728\u958b\u59cb\u990a\u8c93\u4e4b\u5f8c\u771f\u7684\u53ea\u8981\u4ed6\u5011\u6709\u4efb\u4f55\u72c0\u6cc1\u90fd\u597d\u7dca\u5f35\ud83d\ude2d\ud83d\ude2d"
        },
        {
            "reply_id": "UgzFocdekUVYOE0h-PV4AaABAg",
            "reply_content": "\u6211\u5bb6\u72d7\u72d7\u4e5f\u56e0\u70ba\u5e74\u7d00\u5230\u4e86 \u814e\u8870\u7aed\uff0c\u7531\u75c5\u767c\u5230\u4ed6\u7576\u5929\u4f7f\u53ea\u662f\u4e00\u500b\u6708\u5167\u7684\u4e8b\uff0c\u4e00\u958b\u59cb\u4e5f\u5f88\u7cbe\u795e\uff0c\u6f38\u6f38\u5410\u5230\u4e0d\u5403\u6771\u897f\u4e86\uff0c\u91ab\u751f\u8aaa\u662f\u57fa\u56e0\u554f\u984c\uff0c\u98f2\u98df\u4e0d\u592a\u76f8\u95dc\u3002\n\n\u5e0c\u671bsoso\u9084\u597d"
        },
        {
            "reply_id": "UgzU-rAMDSEs7Rfee6R4AaABAg",
            "reply_content": "\u795d\u7260\u65e9\u65e5\u5eb7\u5fa9"
        },
        {
            "reply_id": "UgwTs5Bysa9zKF3fXKN4AaABAg",
            "reply_content": "2\uff1a32\u5f88\u4e0d\u722d\u6c23\u7684\u60f3\u5230\u795e\u96b1\u5c11\u5973\u88e1\u982d\u7684\u7121\u81c9\u7537\u72c2\u5403\u5f8c\u7684\u6a21\u6a23\uff0c\u6211\u597d\u58de\ud83e\udd23"
        },
        {
            "reply_id": "UgxAvpEO4QtcKmm6ghd4AaABAg",
            "reply_content": "\u8c93\u8349\u81ea\u7531"
        },
        {
            "reply_id": "UgxYQNR3Tm2gOd9o5vR4AaABAg",
            "reply_content": "\u597d\u4e56\u7684\u6a23\u5b50"
        }
    ]
}