{
    "video_info": {
        "id": "Pw09dEjoQAI",
        "channelTitle": "\u9ec3\u963f\u746a\u7684\u5f8c\u5bae\u751f\u6d3b",
        "title": "\u88ab\u8c93\u58d3\u5236\u4f4f\u600e\u9ebc\u8fa6",
        "description": "",
        "likeCount": "11150",
        "commentCount": "102",
        "viewCount": "237830"
    },
    "comments": [
        {
            "reply_id": "Ugw6ctng5bwsxs5NuvV4AaABAg",
            "reply_content": "\u592a\u4ee4\u4eba\u5992\u5fcc\u4e86"
        },
        {
            "reply_id": "UgwoOCHVAZk9TbVM7yZ4AaABAg",
            "reply_content": "\u597d\u53ef\u611b"
        },
        {
            "reply_id": "Ugwbx4vLCbV3bh6fr2p4AaABAg",
            "reply_content": "\u746a\u746a\u724c\u6ed1\u9f20\u588a\u548c\u5695\u5695\u724c\u588a\u5b50\n\u6bcf\u65e5\u82b1\u8cbb\u7f50\u7f50\u3001\u98fc\u6599\u3001\u96f6\u98df\u505a\u85aa\u6c34"
        },
        {
            "reply_id": "UgxeDxlWRJ5HFneRgod4AaABAg",
            "reply_content": "\u653e\u9ede\u8c93\u7ce7\u61c9\u8a72\u5c31\u6703\u96e2\u958b\u4e86\u5427!"
        },
        {
            "reply_id": "UgyrgzvAg6Tv_WXYqkt4AaABAg",
            "reply_content": "\u70ab\u8000\u6587\u5427\uff01"
        },
        {
            "reply_id": "UgyBGEnsRFWPl_uKust4AaABAg",
            "reply_content": "\u5169\u5768\u6a58\u8272\u5de8\u9ebb\u7cec"
        },
        {
            "reply_id": "UgwQDQp8bOCRxRSB2FF4AaABAg",
            "reply_content": "\u6211\u5bb6\u7684\u4e5f\u662f\u597d\u559c\u6b22\u8db4\u952e\u76d8\uff0c\u597d\u53ef\u7231\u5440\u54c8\u54c8\u54c8"
        },
        {
            "reply_id": "UgwPRqTszSscRTqHTJB4AaABAg",
            "reply_content": "\u958b\u767c\u6ed1\u8c93\u5427\uff0c\u9019\u6a23\u5c31\u4e0d\u9700\u8981\u6ed1\u9f20\u4e86\uff0e"
        },
        {
            "reply_id": "UgyOq_aFn0yhzf8MUeh4AaABAg",
            "reply_content": "\u600e\u9ebc\u8c93\u8c93\u90fd\u4e0d\u559c\u6b61\u8b93\u4e3b\u5b50\u6253\u96fb\u8166\uff0c\u6211\u5bb6\u7684\u5bf6\u8c9d\u4e5f\u662f\u9019\u6a23"
        },
        {
            "reply_id": "UgxGk1Yp50SHP_-_j754AaABAg",
            "reply_content": "\u732b\u9009\u4e4b\u4eba"
        },
        {
            "reply_id": "Ugxtma6jz2-l3yUSTvN4AaABAg",
            "reply_content": "\u653e\u54ea\u90fd\u884c\u90fd\u5f88\u5b8c\u7f8e\ud83d\ude02"
        },
        {
            "reply_id": "Ugz-MiWkkzJMB1pQzRF4AaABAg",
            "reply_content": "\u7260\u5011\u8d8a\u4f86\u8d8a\u80a5\u4e86\ud83d\ude2e"
        },
        {
            "reply_id": "UgxmBwtQeJoHDHPYPxV4AaABAg",
            "reply_content": "\u6bc6\u4e0d\uff0c\u5de5\u4f5c\u6beb\u7121\u6548\u7387\ud83d\ude02"
        },
        {
            "reply_id": "UgxBKnzuWl2eCIUnoO94AaABAg",
            "reply_content": "\u6211\u597d\u50cf\u627e\u5230\u4e86\u65b0\u7684\u5546\u6a5f\ud83d\ude02"
        },
        {
            "reply_id": "Ugzptsn4fyTI7BTSaph4AaABAg",
            "reply_content": "\u96fb\u8166\u684c\u627f\u53d7\u4e86\u4ed6\u4e0d\u8a72\u627f\u53d7\u7684\u91cd\u91cf\ud83d\ude02"
        },
        {
            "reply_id": "UgyzBXZTSLYGs3LRBEN4AaABAg",
            "reply_content": "\u4efd\u91cf\u5145\u8db3\u7684\u8eab\u6750"
        },
        {
            "reply_id": "UgzBG-2zeCutNCergfd4AaABAg",
            "reply_content": "\u8d85\u53ef\u611b"
        },
        {
            "reply_id": "UgyT0zD1sGk3uE0RnQ54AaABAg",
            "reply_content": "\u4f60\u7c21\u76f4\u662f\u53cd\u5411\u64cd\u4f5c ."
        },
        {
            "reply_id": "Ugzt5noab_NeqorK0nB4AaABAg",
            "reply_content": "\u8d85\u5e78\u798f\u7684\u5974\u624d"
        },
        {
            "reply_id": "Ugw3AN7bO9oKamfjEbZ4AaABAg",
            "reply_content": "\u5de6\u624b\u62ff\u9375\u76e4\u53f3\u624b\u6253\u5b57"
        }
    ]
}