{
    "video_info": {
        "id": "Qw8M2hHwCMQ",
        "channelTitle": "\u9ec3\u963f\u746a\u7684\u5f8c\u5bae\u751f\u6d3b",
        "title": "\u9ec3\u963f\u746a\u7684\u5f8c\u5bae\u751f\u6d3b \u7b2c1\u5b63 \u7b2c9\u96c6\u3010\u6559\u5c0f\u62db\u5f1f\u5b78\u5403\u98ef\uff01\u963f\u746a\u597d\u7d2f\uff01\u3011\uff5c#\u540c\u540d\u52d5\u756b Fumeancats, Season One, Ep09",
        "description": "\u9ec3\u963f\u746a\u7684\u5f8c\u5bae\u751f\u6d3b\u300a\u540c\u540d\u52d5\u756b\u300b\n\u7b2c1\u5b63\u517113\u96c6 \u9810\u5b9a\u4e00\u500b\u6708\u767c\u4f48\u4e00\u96c6 \u65bc\u963f\u746aYT\u983b\u9053\u64ad\u51fa\n\n\u8a02\u95b1\u6211\u5011\uff1ahttps://goo.gl/5L8xkV\n\u963f\u746a\u5b98\u7db2\uff1ahttps://www.fumeanstore.com\n\u806f\u7e6b\uff1afumeanaction@gmail.com\n\n\n\u300a3D\u52d5\u756b\u88fd\u4f5c\u300b\u5de5\u4f5c\u4eba\u54e1\u540d\u55ae \n\u51fa\u54c1\uff1a\u746a\u746a\u6587\u574a\n\u539f\u4f5c\uff1a\u9ec3\u963f\u746a\u7684\u5f8c\u5bae\u751f\u6d3b\n\u76e3\u88fd\uff1a\u8a31\u5fd7\u9298\u3001\u9ec3\u7965\u65ed\n\u88fd\u4f5c\u4f01\u5283\uff1a\u746a\u746a\u6587\u574a\u3001\u9ec3\u963f\u746a\u7684\u5f8c\u5bae\u751f\u6d3b\n\u7de8\u5287\uff1a\u8a31\u5fd7\u9298\u3001\u9ec3\u7965\u65ed\n\u4f01\u5283\uff1a\u8521\u975c\u6021\u3001\u8449\u4f9d\u73b2\u3001\u694a\u742a\u5747\u3001\u5442\u6b23\n\u88fd\u7247\uff1a\u8449\u4f9d\u73b2\n\u7de8\u5287\u5354\u52a9\uff1a\u9ec3\u923a\u5d50\n\u7f8e\u8853\u6307\u5c0e\uff1a\u9ec3\u7965\u65ed\u3001\u694a\u4f73\u7ff0\u3001\u65b9\u6631\u6587\u3001\u694a\u742a\u5747\u3001\u5442\u6b23\n\nDirector\uff1aus studio \u8cb3\u62fe\u5de5\u4f5c\u5ba4\nProject Manager\uff1aus studio \u8cb3\u62fe\u5de5\u4f5c\u5ba4 \nExecutive Producer\uff1a\u8449\u4f9d\u73b2\n2D & 3D Storyboard\uff1a us studio \u8cb3\u62fe\u5de5\u4f5c\u5ba4 \nDesigner\uff1a \u694a\u742a\u5747 \u3001\u5442\u6b23 \nModeling & Textureing\uff1a\u5289\u81f3\u83ef\u3001\u8449\u4f9d\u73b2 \u3001\u5442\u6b23 \u3001\u694a\u5cfb\u9d6c\u3001\u90ed\u5bb6\u6fa4\nRigging\uff1a \u7ae5\u6bd3\u6d69 \u3001\u5442\u6b23\nAnimation\uff1a \u5442\u6b23\u3001 \u694a\u742a\u5747\u3001\u8449\u4f9d\u73b2\u3001\u984f\u5c0f\u5091\u3001\u6c88\u82ae\u4f03\nFX: \u8449\u4f9d\u73b2\u3001\u5442\u6b23\u3001\u90ed\u5bb6\u6fa4\nLighting\uff1a\u694a\u5cfb\u9d6c\u3001\u90ed\u5bb6\u6fa4\u3001\u8449\u4f9d\u73b2\nCompositing\uff1a\u694a\u5cfb\u9d6c\u3001\u90ed\u5bb6\u6fa4\u3001\u8449\u4f9d\u73b2\nus studio\u8cb3\u62fe\u5de5\u4f5c\u5ba4: https://www.facebook.com/usstudio20\n\u52d5\u756b\u5408\u4f5c\u6d3d\u8ac7: usstudio20@gmail.com\n\n\u300a\u914d\u97f3\u914d\u6a02\u300b\u5de5\u4f5c\u4eba\u54e1\u540d\u55ae\n\u97f3\u6a02\u5de5\u4f5c\u5ba4\uff1a\u7acb\u5a01\u97f3\u6a02\u5de5\u4f5c\u5ba4\n\u914d\u6a02\uff1a\u7acb\u5a01\u97f3\u6a02\u5de5\u4f5c / \u9673\u5a01\u8a8c\n\u97f3\u6548\uff1a\u7acb\u5a01\u97f3\u6a02\u5de5\u4f5c / \u738b\u9038\u51f1\n\u6df7\u97f3\u5f8c\u88fd\uff1a\u7acb\u5a01\u97f3\u6a02\u5de5\u4f5c\u5ba4\n\u9304\u97f3\uff1a\u64ad\u5ba2\u716e\n\n\u5fd7\u9298\uff1a\u8a31\u5fd7\u9298\n\u72f8\u8c93\uff1a\u9ec3\u7965\u65ed\n\u9ec3\u963f\u746a\uff1a\u9322\u6b23\u90c1\n\u7070\u80d6\uff1a\u96f7\u78a7\u6587\n\n\u3014\u7248\u6b0a\u6240\u6709\uff0c\u975e\u7d93\u8a31\u53ef\u52ff\u8f49\u8f09\u81f3\u4efb\u4f55\u5e73\u53f0\u3015",
        "likeCount": "5320",
        "commentCount": "269",
        "viewCount": "102764"
    },
    "comments": [
        {
            "reply_id": "Ugzfed_vHchJmwvogaJ4AaABAg",
            "reply_content": "\u963f\u746a\u6559\u62db\u5c0f\u5f1f\u5403\u98ef\u756b\u9762\u771f\u7684\u597d\u53ef\u611b\u5594\n\u770b\u5f71\u7247\u540c\u6642\u6211\u4e5f\u80fd\u60f3\u50cf\u5728\u73fe\u5be6\u4e2d\u5fcd\u4e0d\u4f4f\u62ff\u8d77\u624b\u6a5f\u62cd\u7167\u7d00\u9304\u7684\u6a23\u5b50\u4e86\u2764"
        },
        {
            "reply_id": "Ugzc1u2-W6roARbttoR4AaABAg",
            "reply_content": "\u7e3d\u662f\u89ba\u5f97\u7247\u5c3e\u66f2\u5f88\u597d\u807d\u5f88\u8212\u670d\uff0c\u662f\u72f8\u8c93\u81ea\u5df1\u5531\u7684\u55ce\uff1f \ud83d\ude0d\ud83d\ude0d"
        },
        {
            "reply_id": "Ugz1YYAFRExjMFYfl614AaABAg",
            "reply_content": "\u963f\u746a\u6559\u62db\u5f1f\u5403\u98ef\u597d\u53ef\u611b"
        },
        {
            "reply_id": "UgzzmWeqavuz3etHWv14AaABAg",
            "reply_content": "\u4e0b\u4e00\u96c6\u4ec0\u9ebc\u6642\u5019\u51fa\uff1f"
        },
        {
            "reply_id": "Ugyyi8Xz3XcmSxctSWx4AaABAg",
            "reply_content": "\u963f\u746a\u98fc\u6599\u6389\u4e00\u534a"
        },
        {
            "reply_id": "Ugz75CXoWL8ubXMvr2V4AaABAg",
            "reply_content": "\u963f\u746a\u597d\u53ef\u611b\u5594\uff01\u62db\u5f1f\u4e5f\u597d\u53ef\u611b\ud83d\udc95"
        },
        {
            "reply_id": "UgxJ2NhO-gmhvp4kpFJ4AaABAg",
            "reply_content": "\u62db\u5f1f\u597d\u5361\u54c7\u4f0a\uff01"
        },
        {
            "reply_id": "Ugxft4ec_CBj9WN1DeN4AaABAg",
            "reply_content": "\u7136\u5f8c\u7b49\u7b49\u5410\u7d66\u5169\u4f4d\u770b"
        },
        {
            "reply_id": "UgyfsgCyCBbDkjgg0HB4AaABAg",
            "reply_content": "\u62db\u5f1f\u5c0f\u6642\u5019\u597d\u53ef\u611b\ud83d\ude06"
        },
        {
            "reply_id": "UgyO4dQ-0fh--jY5i5x4AaABAg",
            "reply_content": "\u597d\u53ef\u611b"
        },
        {
            "reply_id": "UgxcR1BWW_zy7x--b5t4AaABAg",
            "reply_content": "\u9999\u6e2f\u5929\u6c34\u570d+Woo\u9280\u5ea7\u5546\u5834\u6709\u7687\u963f\u746a\u5f8c\u5bab\u65b0\u5e74\u5ba3\u50b3,\u5f88\u53ef\u611b\u554a"
        },
        {
            "reply_id": "UgzIt-0hmVMDUqD1r8Z4AaABAg",
            "reply_content": "\u4e0b\u4e00\u96c6\u5fc5\u9808\u662f\u963f\u746a\u6559\u62db\u5f1f\u64a5\u6c99\u5427\ud83d\ude06"
        },
        {
            "reply_id": "UgxG7Q6NUjMxHwyU9Rl4AaABAg",
            "reply_content": "\u963f\u746a\u5176\u5be6\u883b\u6709\u8010\u6027\u7684\ud83d\ude0a"
        },
        {
            "reply_id": "UgzJHWFWhrmea6tbOrN4AaABAg",
            "reply_content": "\u963f\u746a\u6559\u58de\u62db\u5f1f  \u5f9e\u5c0f\u5c31\u5403\u5f88\u5feb\ud83e\udd23"
        },
        {
            "reply_id": "UgywmItsdYyXmi_HZBp4AaABAg",
            "reply_content": "\u597d\u53ef\u611b\u963f~\u4e0d\u904e\u6309\u7167\u9019\u500b\u80a5\u77ed\u7684Q\u677f\u8eab\u6750\uff0c\u671f\u5f85\u770b\u5230\u4ed6\u5011\u6eab\u99a8\u7684\"\u6372\"\u5728\u4e00\u8d77\u7761\u89ba\u597d\u50cf\u6709\u9ede\u96e3XDD"
        },
        {
            "reply_id": "UgwhIgfqmz3vKLtrZSR4AaABAg",
            "reply_content": "\u963f\u746a\u77ac\u9593\u79fb\u52d5"
        },
        {
            "reply_id": "Ugws9iVVjxDLtaOBAMp4AaABAg",
            "reply_content": "\u5c0f\u62db\u5f1f\u5403\u98ef\u592a\u53ef\u611b\u4e86\u5427~\n\u539f\u4f86\u62db\u5f1f\u5c31\u662f\u963f\u746a\u6559\u58de\u7684~\n\u4e0d\u904e\u9019\u6b21\u7684\u4e92\u52d5\u771f\u7684\u597d\u6709\u611b\u963f\uff01"
        },
        {
            "reply_id": "Ugz_vF1DfYDi7ePFqk14AaABAg",
            "reply_content": "\u770b\u5230\u62db\u5f1f\u5b78\u963f\u746a\u5403\u9019\u9ebc\u5feb\u771f\u7684\u6015\u4e0b\u4e00\u79d2\u5c31\u5410\ud83c\udf08\ud83d\ude02"
        },
        {
            "reply_id": "UgwV9sh93eUeLNnxFJB4AaABAg",
            "reply_content": "\u611f\u89ba\u4e4b\u5f8c\u6703\u51fa\u73fe\u5200\u5b50\ud83e\udd72"
        },
        {
            "reply_id": "UgxFhWV9-wtG39oJvY94AaABAg",
            "reply_content": "\u963f\u746a\u548c\u62db\u5f1f\u597d\u53b2\u5bb3"
        }
    ]
}