{
    "video_info": {
        "id": "riEkgucrhKQ",
        "channelTitle": "\u9ec3\u963f\u746a\u7684\u5f8c\u5bae\u751f\u6d3b",
        "title": "\u67da\u5b50\uff1a\u300c\u7d66\u6211\u8089\u6ce5\uff01\u300d",
        "description": "",
        "likeCount": "4548",
        "commentCount": "55",
        "viewCount": "83441"
    },
    "comments": [
        {
            "reply_id": "UgyJJH_IF0x4_kUT06l4AaABAg",
            "reply_content": "\u6c92\u6709\u9762\u7d19\u6211\u4e0d\u8df3!"
        },
        {
            "reply_id": "Ugx0ULJCwkLNotJxx6N4AaABAg",
            "reply_content": "\u67da\u5b50\u8d85\u53ef\u7231\u7684\u2764"
        },
        {
            "reply_id": "Ugy51Ta-TCUmelshDK14AaABAg",
            "reply_content": "\u67da\u5b50\u597d\u53ef\u611b"
        },
        {
            "reply_id": "UgyTw7YM3C5sxX8AiH94AaABAg",
            "reply_content": "\u67da\u5b50\u597d\u53b2\u5bb3\ud83d\ude2e"
        },
        {
            "reply_id": "UgzKTxa81D8ulDQJyR54AaABAg",
            "reply_content": "\u70ba\u4ec0\u9ebc\u53ef\u4ee5\u6709\u9019\u9ebc\u7b28\u7684\u8c93\u8c93 \u6211\u7b11\u6b7b\u4e86"
        },
        {
            "reply_id": "Ugw_8S0Hl__dcSvqD4Z4AaABAg",
            "reply_content": "\u9ede\u89e3\u8981\u5481\u73a9\u5f04\u4f62\u5462\ud83d\ude48\ud83d\ude48"
        },
        {
            "reply_id": "UgxBNu59MvM2cDAaCyZ4AaABAg",
            "reply_content": "\u7576\u5e74\u7684\u8df3\u9ad8\u51a0\u8ecd\u5982\u4eca\u4e5f\u58ae\u843d\u4e86\ud83d\ude02"
        },
        {
            "reply_id": "UgxoNOSwLM21LyxA-a14AaABAg",
            "reply_content": "\u8eab\u6750\u6d3b\u6f51\u624d\u8df3\u597d"
        },
        {
            "reply_id": "UgwGtMrmb1xYos4a-wx4AaABAg",
            "reply_content": "\u2764\u53ef\u60dc\u756b\u8cea\u6c92\u6709\u4e0a\u6b21\u67da\u5b50\u6492\u5b0c\u62b1\u62b1\u7684\u6e05\u695a"
        },
        {
            "reply_id": "UgwPliUOGfML3oRnQP14AaABAg",
            "reply_content": "\u67da\u5b50\u8981\u7b49\u5f85\u72f8\u732b\u62ff\u7ed9\u4ed6\u5403"
        },
        {
            "reply_id": "Ugxy68XwOpflnoofQcZ4AaABAg",
            "reply_content": "\u5446\u840c\u67da"
        },
        {
            "reply_id": "UgwVn4p47vE-ZPqAiiR4AaABAg",
            "reply_content": "\u67da\u5b50\u597d\u53ef\u611b\u2764"
        },
        {
            "reply_id": "Ugw-M71LaYP4hkl5cSx4AaABAg",
            "reply_content": "\u67da\u5b50\u4e5f\u53d8\u957f\u6c14\u4e86\ud83d\ude05"
        },
        {
            "reply_id": "Ugwl5SavkJ_bVr7rzox4AaABAg",
            "reply_content": "\u67da\u5b50\u7c89\u5831\u5230\uff1a\u67da\u5b50\u8aaa\u6211\u4e0d\u8df3\uff0c\u5c31\u662f\u8981\u7b49\u8457\u4f60\u5011\u9935\u98df\u8089\u6ce5\ud83d\ude02"
        },
        {
            "reply_id": "UgyQNPKZZiToc3Pf0SF4AaABAg",
            "reply_content": "\u67da\u5b50\u771f\u7684\u592a\u53ef\u611b\u4e86\u2764"
        },
        {
            "reply_id": "UgxtY_B2E1In20mHFIx4AaABAg",
            "reply_content": "\u67da\u5b50\u600e\u9ebc\u8b8a\u61f6\u4e5f\u8b8a\u7b28\u4e86\uff01"
        },
        {
            "reply_id": "Ugz6OH_sXM9OJplydT14AaABAg",
            "reply_content": "\u67da\u5b50\uff1a\u54bb\u4ec0\u9ebc\u554a\uff1f\u4eba\u985e\u771f\u7b28\uff0c\u6211\u53ea\u8981\u6bd4\u4f60\u8070\u660e\u5c31\u80fd\u5403\u5230\uff0c\u9084\u54bb\u52d2\uff5e\n\u770b\u5427\uff01\u8c8d\u8c93\u6bd4\u6211\u7b28!\u800d\u9ede\u6280\u5006\u5c31\u5403\u5230\u4e86"
        },
        {
            "reply_id": "UgwGO9Q1cdx0hY9jm0Z4AaABAg",
            "reply_content": "\u67da\u5b50\u53ea\u662f\u61f6\u5f97\u8df3\uff0c\u4ed6\u4e0d\u662f\u4e0d\u884c\u2764"
        },
        {
            "reply_id": "Ugz_nlb8JPaWfa5aA7V4AaABAg",
            "reply_content": "\u67da\u5b50\u8d85\u53ef\u611b\ud83d\ude0a"
        },
        {
            "reply_id": "Ugz0nwxXg56W2RtPPDp4AaABAg",
            "reply_content": "\u67da\u5b50\u8070\u660e\u53cd\u88ab\u8070\u660e\u52ff"
        }
    ]
}