{
    "video_info": {
        "id": "sVd0q-gZ16w",
        "channelTitle": "\u9ec3\u963f\u746a\u7684\u5f8c\u5bae\u751f\u6d3b",
        "title": "\u67da\u5b50\uff1a\u300c\u4e0d\u53ef\u4ee5\u8d70\u3002\u300d",
        "description": "\u67da\u5b50\uff1a\u300c\u4e0d\u53ef\u4ee5\u8d70\u3002\u300d",
        "likeCount": "38697",
        "commentCount": "324",
        "viewCount": "686850"
    },
    "comments": [
        {
            "reply_id": "UgxPQOwf5T6NSAlOQ9V4AaABAg",
            "reply_content": "\u53ef\u611b\u8df3\u9ad8\u80fd\u624b\ud83d\ude0d"
        },
        {
            "reply_id": "UgxDQLazTfqYy1B7m6V4AaABAg",
            "reply_content": "\u67da\u5b50\u7684\u52d5\u4f5c\u5f88\u53ef\u611b\u8036\u2764\ud83d\ude0d"
        },
        {
            "reply_id": "Ugyjfx81iXkXb5DjqPJ4AaABAg",
            "reply_content": "\u6492\u5b0c\u67da"
        },
        {
            "reply_id": "Ugwjl6Gvl4IDOTWGg2N4AaABAg",
            "reply_content": "\u554a\u554a\u554a\u554a\u554a\u554a\u554a\u554a\u554a\u554a\u554a\u554a\u554a\u554a\u554a\u554a\u554a\u554a\u554a\u554a\u554a\u554a\u554a\u554a\u554a\u554a\u554a\u554a\u554a\u554a\u554a"
        },
        {
            "reply_id": "UgwMLFdwyWHVkECqPJh4AaABAg",
            "reply_content": "\u67da\u5b50\u597d\u53ef\u611b\u2764"
        },
        {
            "reply_id": "UgyOUururKmg2_hde2F4AaABAg",
            "reply_content": "\u597d\u53ef\u611b"
        },
        {
            "reply_id": "Ugz0LmyTWgpqk37cdP14AaABAg",
            "reply_content": "\u53ef\u611b\u7684\u7684\u82b1\u8c6c"
        },
        {
            "reply_id": "UgzXwCLhMNoBR3fZaZR4AaABAg",
            "reply_content": "\u53ef\u611b\u8036"
        },
        {
            "reply_id": "UgyfrgNSo3h6zdxb-Up4AaABAg",
            "reply_content": "\u9738\u5360"
        },
        {
            "reply_id": "UgwKQHnpuuurqQX18S14AaABAg",
            "reply_content": "\u597d\u68d2\u7684\u9760\u6795"
        },
        {
            "reply_id": "UgyUPlnacCkdEwc68S14AaABAg",
            "reply_content": "\u67da\u5b50\u592a\u53ef\u611b\u4e86\u5427\u2764"
        },
        {
            "reply_id": "UgzMSkLuehTTqlqsE2V4AaABAg",
            "reply_content": "\u5076\u6392\u4e0b\u4e00\u500b"
        },
        {
            "reply_id": "Ugwgmt1lyuqixDx63Tl4AaABAg",
            "reply_content": "\u67da\u5b50\u597d\u53ef\u611b..\u7fa8\u6155\u67da\u5b50\u6709\u6795\u982d\u8eba"
        },
        {
            "reply_id": "UgyUtknasykmOfg8ze54AaABAg",
            "reply_content": "\u8863\u670d\u6703\u90fd\u662f\u6bdb"
        },
        {
            "reply_id": "UgzgLiMR0bmYp5W32b94AaABAg",
            "reply_content": "\u597d\u60f3\u9b42\u7a7f\u5c0f\u5e6b\u624b\u2764"
        },
        {
            "reply_id": "UgwZUJ8mqPPF73DlNy14AaABAg",
            "reply_content": "\u9019\u5f71\u7247\u592a\u9577\u4e86\u5427\uff0c\u770b\u5169\u500b\u5c0f\u6642\u90fd\u6c92\u770b\u5b8c"
        },
        {
            "reply_id": "Ugy4yPG8HnNbRxjJQgd4AaABAg",
            "reply_content": "\u770b\u4e86\u5fc3\u60c5\u8b8a\u7684\u597d\u8212\u670d\u597d\u5e78\u8914"
        },
        {
            "reply_id": "UgxfABCE1pc3dKoWO-d4AaABAg",
            "reply_content": "\u5e78\u798f\u7684\u5c0f\u5e6b\u624b\uff01\u6211\u4e5f\u597d\u60f3\u5e6b\u67da\u5b50\u63c9\u4e0b\u5df4\u5594\uff01\u7fa8\u6155"
        },
        {
            "reply_id": "UgyXfin2UMHxFQPO1oZ4AaABAg",
            "reply_content": "\u6211\u5bb6\u8c93\u4e5f\u6703\u9019\u6a23\ud83d\ude0a"
        },
        {
            "reply_id": "Ugyup_P41Ux_11ISC1J4AaABAg",
            "reply_content": "\u67da\u5b50\u4e5f\u592a\u5e78\u798f\u4e86\u5427\uff01\u6709\u7f8e\u5973\u5c0f\u5e6b\u624b\u4f3a\u5019"
        }
    ]
}