{
    "video_info": {
        "id": "tylRf4cKuSg",
        "channelTitle": "\u9ec3\u963f\u746a\u7684\u5f8c\u5bae\u751f\u6d3b",
        "title": "\u3010\u9ec3\u963f\u746a\u7684\u5f8c\u5bae\u751f\u6d3b\u3011Socles\u768413\u6b72\u751f\u65e5\uff01\u8b93Soso\u8b8a\u767d\u8c93\u22ef",
        "description": "Socles\uff1a\u300c13\u6b72\u7684\u610f\u601d\u662f\u22ef\u6211\u8001\u4e86\u55ce\uff01\uff1f\u300d\n\n#Socles #\u751f\u65e5\u5feb\u6a02\n#\u9ed1\u8c93 #\u9b54\u5973\u5b85\u6025\u4fbf\n#\u96b1\u8eab\u8853\n\u00d7 \u983b\u9053\u66f4\u65b0\u70ba\u9031\u4e94\u665a\u9593\u516d\u9ede\uff0c\u4e0d\u5b9a\u6642\u767c\u4f48\u5176\u5b83\u5f71\u7247\uff01\u00d7\n\u8a02\u95b1\u6211\u5011\uff1ahttps://goo.gl/5L8xkV\n\u963f\u746a\u5b98\u7db2\uff1ahttps://www.fumeanstore.com\n\n\u3010\u6ce8\u97f3\u806f\u60f3\u8cfd\uff01\u8d0f\u4e86\u8ddf\u8c93\u5403\u548c\u725b\uff01\u3011\u5fd7\u9298\u8207\u72f8\u8c93\n\u25b6 https://youtu.be/L3xgJLeAaU4\n\n-\n\n\u3010\u8fd1\u671f\u6d3b\u52d5\u3011\n\n\u3010\u871c\u746a\u9023\u7dda\uff5e\u6b61\u6a02\u540c\u840c\u6703 \u5f69\u7e6a\u5217\u8eca\u3011\n\u5373\u65e5\u8d77\u81f36/4\u65e5\u6b62\n\u871c\u746a\u9023\u7dda\u5f69\u7e6a\u5217\u8eca\u5c07\u4e0d\u5b9a\u671f\u884c\u99db\u65bc\u6377\u904b\u7d05\u7dda\u5594\uff01\n\n\u300e\u871c\u746a\u9023\u7dda\u300f\u9650\u91cf\u5468\u908a\u5546\u54c1\n\u53ef\u4ee5\u5728\u4ee5\u4e0b\u901a\u8def\u8cfc\u8cb7\uff1a\nR10 \u7f8e\u9e97\u5cf6\u7ad9\u5546\u54c1\u9928\nR16 \u5de6\u71df\u7ad9\u65c5\u904a\u8aee\u8a62\u8655\n\u5b98\u65b9\u76f4\u71df\u8ce3\u5834 https://shopee.tw/krtcshop\n\n-\n\n\u7b2c\u4e09\u672c\u5716\u6587\u6f2b\u756b\u300a\u8c93\u54aa\u8d85\u6709\u4e8b3-\u8c93\u8c93\u7f8e\u98df\u6551\u63f4\u8a08\u756b\u300b\n\u5728\u746a\u746a\u5546\u884c\u8cfc\u8cb7\u5c31\u8d08\u9001\u300c\u5f8c\u5bae\u842c\u7528\u8b49\u4ef6\u5e36\u300d\uff08\u96a8\u6a5f1\u6b3e\uff09\n\n\u3010\u6436\u8cfc\u5c08\u5340\u3011   \n\u53f0\u7063(\u746a\u746a\u5546\u884c)\uff1ahttps://lihi1.com/vzhq3/catyt2\n\u6e2f\u6fb3\u5730\u5340\uff1ahttps://reurl.cc/rZAq54\n\u99ac\u65b0\u5730\u5340\uff1ahttps://is.gd/Vs7aXI\n\u203b\u4ee5\u4e0a\u9023\u7d50\u7686\u6709\u9001\u3010\u5f8c\u5bae\u842c\u7528\u8b49\u4ef6\u5e36\u3011\uff08\u51683\u6b3e\uff0c\u96a8\u6a5f\u8d08\u9001\u4e59\u6b3e\uff0c\u9001\u5b8c\u70ba\u6b62\uff09\n\n-\n\n\u3010\u53f0\u5357-\u8da3\u6dd8\u6f2b\u65c5 X \u9ec3\u963f\u746a\u7684\u5f8c\u5bae\u751f\u6d3b\u3011\n\u5373\u65e5\u8d77\u81f36/30\u6b62\uff0c\u6bcf\u65e5\u9650\u91cf6\u9593\u300c\u963f\u746a\u4f86\u8da3\u6dd8\u300d\u4e3b\u984c\u623f\uff01\n\u5165\u4f4f\u963f\u746a\u4e3b\u984c\u623f\u5c31\u8d08\u9001\u300c\u4e3b\u984c\u623f\u79ae\u5305\u300d\u5594\uff01\n\u8a02\u623f\u7db2\u5740\uff1ahttps://reurl.cc/pZemRb\n\n-\n\n\u7b2c\u4e03\u672c\u5e74\u5ea6\u8457\u4f5c\u300a\u7b49\u6211\u56de\u5bb6\u7684\u4f60\u300b\n\u53f0\u7063\uff08\u746a\u746a\u5546\u884c\uff09\uff1ahttps://reurl.cc/Kxxa5n\n\uff08\u746a\u746a\u5546\u884c \u7368\u5bb6\u8d08\u9001\u300c\u5f8c\u5bae\u51fa\u904a\u8da3\u63d2\u756b\u660e\u4fe1\u7247\u4e00\u5f35\uff0c\u96a8\u6a5f\u51fa\u8ca8\u4e0d\u6311\u6b3e\u300d\u5176\u4ed6\u901a\u8def\u6c92\u6709\u8d08\u9001\u5594\uff5e\uff09\n\u99ac\u65b0\u5730\u5340\uff1ahttps://reurl.cc/bzzGvr\n\n-\n\n\u3010\u963f\u746a Line\u8cbc\u5716\uff06\u4e3b\u984c\u3011\n\u300a\u6700\u65b0\u4e0a\u67b6\u300bhttps://lihi3.cc/8ITQO/YT01\n\u300a\u66f4\u591a\u8cbc\u5716\u300bhttps://reurl.cc/4RY6L2\n\n\u3010\u963f\u746a\u5b98\u7db2-\u746a\u746a\u5546\u884c\u3011\n\u25b6 https://www.fumeanstore.com/\n\u300a\u6700\u65b0\u5546\u54c1\u300b\u597d\u597d\u5e36\u98f2\u6599\u63d0\u888b\u3001\u65b0\u6b3e\u5f8c\u5bae\u7948\u798f\u5fa1\u5b88\u3001\u4e2d\u7b52\u896a\u3001\u79d2\u6536\u647a\u758a\u5f0f\u8cfc\u7269\u888b\n\n---\n\n\u3010\u5408\u4f5c\u9080\u7d04/IP\u806f\u540d\u6388\u6b0a\u3011\nfumeanaction@gmail.com \uff08\u6b61\u8fce\u4f86\u4fe1\u6d3d\u8ac7\uff09\n\n\u3014\u7248\u6b0a\u6240\u6709\uff0c\u975e\u7d93\u8a31\u53ef\u52ff\u8f49\u8f09\u81f3\u4efb\u4f55\u5e73\u53f0\u3015\n\u3014\u9818\u990a\u4e0d\u68c4\u990a\u3015",
        "likeCount": "6777",
        "commentCount": "333",
        "viewCount": "209569"
    },
    "comments": [
        {
            "reply_id": "UgwDO4_pOX88lS9OKqR4AaABAg",
            "reply_content": "\u60f3\u4f60"
        },
        {
            "reply_id": "UgypUBy68vJ7TPuvoFN4AaABAg",
            "reply_content": "\u6c38\u9060\u652f\u6301\u5f8c\u5bae"
        },
        {
            "reply_id": "Ugz6mE0l-wtTG4XWljF4AaABAg",
            "reply_content": "\u597d\u4e45\u6c92\u770b\u7684\u767d\u8a18\u4e86"
        },
        {
            "reply_id": "UgzWKiW93q5uvKbVXOh4AaABAg",
            "reply_content": "\u5fc3\u75bc\u62db\u5f1f"
        },
        {
            "reply_id": "Ugx-VIN0REJSbXSD_D54AaABAg",
            "reply_content": "\u6839\u672c\u76f4\u63a5\u8b8a\u8c46\u6f3f"
        },
        {
            "reply_id": "Ugzo0g4tWomXV3PBSdZ4AaABAg",
            "reply_content": "\u67da\u5b50 \u62db\u5f1f\u662f\u7687\u540e\u6b38\ud83d\ude02"
        },
        {
            "reply_id": "Ugw3e78H8wobX9p9q3p4AaABAg",
            "reply_content": "\u62db\u5f1f\u88ab\u67da\u5b50\u7f75\u7684\u9a5a\u6050\u81c9\ud83d\ude02"
        },
        {
            "reply_id": "UgxyIWjBwHFQE7TgP194AaABAg",
            "reply_content": "\u597d\u53ef\u611b\u7684\u9ed1\u8c93\u2764"
        },
        {
            "reply_id": "Ugwy4oA5UrNafpnWJ8d4AaABAg",
            "reply_content": "\u62db\u5f1f\u88ab\u67da\u5b50\u5147\u597d\u53ef\u6190\ud83d\ude22\n\u9ed1\u7bb1\u771f\u7684\u96b1\u8eab\ud83d\ude06"
        },
        {
            "reply_id": "UgxzzGTz2WmFzY2T3_Z4AaABAg",
            "reply_content": "\u67da\u5b50\u51f6\u8d77\u6765\u58f0\u97f3\u5b8c\u5168\u4e0d\u540c\u4e86\uff0c\u4e0e\u5e73\u5e38\u62cd\u5c41\u5c41\u7684\u53eb\u58f0\u4e0d\u540c"
        },
        {
            "reply_id": "UgwsE5HoLbE_q68uI714AaABAg",
            "reply_content": "\u751f\u65e5\u5feb\u6a02"
        },
        {
            "reply_id": "Ugza7NBaiBwSnWSbcSB4AaABAg",
            "reply_content": "\u751f\u65e5\u5feb\u4e50"
        },
        {
            "reply_id": "UgxPBIFoCoPpjzjnCBp4AaABAg",
            "reply_content": "\u751f\u65e5\u5feb\u6a02\u5594"
        },
        {
            "reply_id": "Ugxvbs8Xt-gip1jgE9Z4AaABAg",
            "reply_content": "\u8acb\u554f\uff08\u84cb\u8c93\u8173\u5370\u7ae0\u7d44\uff09\u5728\u90a3\u8cb7"
        },
        {
            "reply_id": "UgwEtewjbXOy_yrEpjN4AaABAg",
            "reply_content": "\u5c01\u9762\u5716\u7684\u767d\u8c93\u9084\u4ee5\u70ba\u662f\u8c46\u6f3f \ud83d\ude02"
        },
        {
            "reply_id": "UgyRvTXSBg2Jy_jvmGt4AaABAg",
            "reply_content": "\u9ed1\u5154\u5b50\u597d\u53ef\u611b\u54c8\u54c8\u54c8\u54c8\u54c8\u54c8"
        },
        {
            "reply_id": "UgxPxd1xPv9OUWt8wNt4AaABAg",
            "reply_content": "\u767c\u73fe\u62db\u5f1f\u8b8a\u80d6\u4e86"
        },
        {
            "reply_id": "UgwA52U66Z1FVkbIs7V4AaABAg",
            "reply_content": "\u62db\u5f1f\u660e\u660e\u662f\u5f8c\u5bae\u7b2c\u4e8c\u96bb\u8c93\u53c8\u90a3\u9ebc\u6eab\u548c\uff0c\u67da\u5b50\u4e0d\u8981\u6b3a\u8ca0\u4eba\u5bb6\u5566\u2026><"
        },
        {
            "reply_id": "UgwSvmtB1wrQRWOPw2J4AaABAg",
            "reply_content": "\u9084\u4ee5\u70ba\u662f\u8c46\u6d46"
        },
        {
            "reply_id": "UgyMt_3OMnRc3X5mTiZ4AaABAg",
            "reply_content": "\u62db\u5f1f\u597d\u53ef\u6190\ud83d\ude02"
        }
    ]
}