{
    "video_info": {
        "id": "uGQXD-oiVI4",
        "channelTitle": "\u9ec3\u963f\u746a\u7684\u5f8c\u5bae\u751f\u6d3b",
        "title": "\u3010\u9ec3\u963f\u746a\u7684\u5f8c\u5bae\u751f\u6d3b\u3011\u4e2d\u79cb\u5403\u8089\u6ce5\u51b0\u68d2\uff01",
        "description": "\u963f\u746a\uff1a\u300c\u9019\u500b\u6771\u897f\u771f\u4e0d\u932f\uff01\u300d\n\u00d7 \u983b\u9053\u66f4\u65b0\u70ba\u9031\u4e94\u665a\u9593\u516d\u9ede\uff0c\u4e0d\u5b9a\u6642\u767c\u4f48\u5176\u5b83\u5f71\u7247\uff01\u00d7\n\u8a02\u95b1\u6211\u5011\uff1ahttps://goo.gl/5L8xkV\n\u963f\u746a\u5b98\u7db2\uff1ahttps://www.fumeanstore.com\n\n\u3010100\u96bb\u87d1\u8782\u5687\u4eba\u8a08\u5283\uff01\u3011\u5fd7\u9298\u8207\u72f8\u8c93\n\u25b6 https://youtu.be/h1UVHgzGzuw\n\n-\n\n\u3010\u8fd1\u671f\u6d3b\u52d5\u3011\n\n\u3010\u8c93\u54aa\u8d85\u6709\u4e8b3\uff1a\u746a\u6c11\u8a8d\u8b49\u7c3d\u66f8\u6703\u3011\n* 7/23 14:00~17:00 \u53f0\u5357 \u653f\u5927\u66f8\u57ce (\u53f0\u5357\u5e02\u4e2d\u897f\u5340\u897f\u9580\u8def\u4e8c\u6bb5120\u865f)\n* 8/20 14:00~17:00 \u82b1\u84ee \u653f\u5927\u66f8\u57ce (\u82b1\u84ee\u7e23\u82b1\u84ee\u5e02\u4e2d\u5c71\u8def547-2\u865f)\n* 9/10 14:00~17:00 \u53f0\u5317 \u4e2d\u548c\u74b0\u7403\u8cfc\u7269\u4e2d\u5fc3 (\u65b0\u5317\u5e02\u4e2d\u548c\u5340\u4e2d\u5c71\u8def\u4e09\u6bb5122\u865f)\n* 11/19 14:00~17:00 \u9ad8\u96c4 \u6f22\u795e\u5de8\u86cb B1\u7279\u5c55\u5340 (\u9ad8\u96c4\u5e02\u5de6\u71df\u5340\u535a\u611b\u4e8c\u8def777\u865f)  \n* 12/03 14:00~17:00 \u53f0\u4e2d \u5ee3\u4e09SOGO 12\u6a13\u6d3b\u52d5\u5340 (\u53f0\u4e2d\u5e02\u897f\u5340\u53f0\u7063\u5927\u9053\u4e8c\u6bb5459\u865f)\n\u8a73\u7d30\u6d3b\u52d5\u8fa6\u6cd5\u8acb\u770b https://lihi3.cc/RMCIt/YT\n\n-\n\n\u7b2c\u4e09\u672c\u5716\u6587\u6f2b\u756b\u300a\u8c93\u54aa\u8d85\u6709\u4e8b3-\u8c93\u8c93\u7f8e\u98df\u6551\u63f4\u8a08\u756b\u300b\n\u5728\u746a\u746a\u5546\u884c\u8cfc\u8cb7\u5c31\u8d08\u9001\u300c\u5f8c\u5bae\u842c\u7528\u8b49\u4ef6\u5e36\u300d\uff08\u96a8\u6a5f1\u6b3e\uff09\n\n\u3010\u6436\u8cfc\u5c08\u5340\u3011   \n\u53f0\u7063(\u746a\u746a\u5546\u884c)\uff1ahttps://lihi1.com/vzhq3/catyt2\n\u203b\u5546\u884c\u7368\u5bb6\u8d08\u9001\u3010\u5f8c\u5bae\u842c\u7528\u8b49\u4ef6\u5e36\u3011\uff08\u51683\u6b3e\uff0c\u96a8\u6a5f\u8d08\u9001\u4e59\u6b3e\uff0c\u9001\u5b8c\u70ba\u6b62\uff09\n\u6e2f\u6fb3\u5730\u5340\uff1ahttps://reurl.cc/rZAq54\n\u99ac\u65b0\u5730\u5340\uff1ahttps://is.gd/Vs7aXI\n\n-\n\n\u30107-ELEVEN \u9ec3\u963f\u746a\u4e3b\u984c\u5e97\u3011\n\u4e3b\u984c\u5e97\u958b\u5e55\u5566\uff5e\n\u8cb7\u5496\u5561\u5c31\u53ef\u4ee5\u7372\u5f97\u672c\u5e97\u9650\u5b9a\u7684\u963f\u746aCITY CAFE\u676f\uff01\n\u5e97\u5167\u9084\u6709\u5f88\u591a\u6771\u897f\u53ef\u4ee5\u62cd\u7167\uff0c\u6b61\u8fce\u4f86\u901b\u901b\uff5e\n\u5730\u5740\uff1a7-ELEVEN\u6566\u4fe1\u9580\u5e02\uff08\u53f0\u5317\u5e02\u5927\u5b89\u5340\u4ec1\u611b\u8def\u56db\u6bb5122\u5df750\u865f1\u6a13\uff09\n\n-\n\n\u7b2c\u516b\u672c\u5e74\u5ea6\u8457\u4f5c\u300a\u6700\u73cd\u60dc\u7684\u6642\u5149\u300b\n\u53f0\u7063\uff08\u746a\u746a\u5546\u884c\uff09\uff1ahttps://lihi2.com/EIuQg/fumeancatYT\n\u6e2f\u6fb3\u5730\u5340\uff1ahttps://parg.co/UN4Q\n\u99ac\u65b0\u5730\u5340\uff1ahttps://parg.co/UN4s\n\n-\n\n\u3010\u963f\u746a Line\u8cbc\u5716\uff06\u4e3b\u984c\u3011\n\u300a\u6700\u65b0\u4e0a\u67b6\u300bhttps://reurl.cc/8jK0q4\n\u300a\u66f4\u591a\u8cbc\u5716\u300bhttps://reurl.cc/4RY6L2\n\n\u3010\u963f\u746a\u5b98\u7db2-\u746a\u746a\u5546\u884c\u3011\n\u25b6 https://www.fumeanstore.com/\n\u300a\u6700\u65b0\u5546\u54c1\u300b\u6c34\u6676\u62fc\u5716\u3001304\u4e0d\u93fd\u92fc\u9910\u5177\u3001\u7ae5\u88dd\u7d14\u68c9\u77edT\u3001\u5f8c\u5bae\u5922\u4e4b\u8239\u58d3\u514b\u529b\u9020\u578b\u7acb\u724c\n\n---\n\n\u3010\u5408\u4f5c\u9080\u7d04/IP\u806f\u540d\u6388\u6b0a\u3011\nfumeanaction@gmail.com \uff08\u6b61\u8fce\u4f86\u4fe1\u6d3d\u8ac7\uff09\n\n\u3014\u7248\u6b0a\u6240\u6709\uff0c\u975e\u7d93\u8a31\u53ef\u52ff\u8f49\u8f09\u81f3\u4efb\u4f55\u5e73\u53f0\u3015\n\u3014\u9818\u990a\u4e0d\u68c4\u990a\u3015",
        "likeCount": "4788",
        "commentCount": "190",
        "viewCount": "117827"
    },
    "comments": [
        {
            "reply_id": "UgxqWYQxMjoblF_0cIp4AaABAg",
            "reply_content": "\u67da\u5b50\u600e\u9ebc\u9019\u9ebc\u8a8d\u771f\u5e25\u6c23\u7684\u81c9\u5728\u5403\u51b0\u68d2!!"
        },
        {
            "reply_id": "UgyU7ERH1AEkOqPQZyV4AaABAg",
            "reply_content": "\u963f\u746a\u963f\u746a\u963f\u746a"
        },
        {
            "reply_id": "UgyE0KlIXcib9YiSDuh4AaABAg",
            "reply_content": "\u4e2d\u79cb\u7bc0\u5feb\u6a02\u8c93\u8c93\u5403\u51b0\u7bc7!"
        },
        {
            "reply_id": "UgwjGGjsBXchMI2ptZR4AaABAg",
            "reply_content": "\u597d\u60f3\u77e5\u9053\u963f\u746a\u7684\u98f2\u98df\u662f\u4ec0\u9ebc\uff1f"
        },
        {
            "reply_id": "UgzhXzvsMzKnayPvUIB4AaABAg",
            "reply_content": "\u795d\u798f\u5927\u5bb6\u540c\u6bdb\u5b69\u5011\u90fd\u4e2d\u79cb\u7bc0\u5feb\u6a02\uff0c\u5718\u5718\u5713\u5713\u2764"
        },
        {
            "reply_id": "Ugw4q91n3ozVXk1SZ5B4AaABAg",
            "reply_content": "\u4e2d\u79cb\u7bc0\u5feb\u6a02\uff0c\u5f8c\u5bae\u7684\u5927\u5bb6\uff01"
        },
        {
            "reply_id": "UgykFenOyELojqVmRNN4AaABAg",
            "reply_content": "\u5fd7\u660e\u548c\u72f8\u8c93\u6709\u4e00\u500b\u8c93\u54aa\u7684\u554f\u984c\u975e\u5e38\u7dca\u6025\u9700\u8981\u5e6b\u52a9"
        },
        {
            "reply_id": "UgyAsgbO2ic6vr5qk7Z4AaABAg",
            "reply_content": "\u4e0b\u6b21\u7528\u8ff7\u674e\u51b0\u68d2\u6a21\u5177\uff0c\u52a0\u4e00\u9ede\u9ede\u6c34\u6df7\u5408\uff0c\u51b0\u8d77\u4f86\u6bd4\u8f03\u786c\uff0c\u6bd4\u8f03\u4e0d\u6613\u6eb6\u6389"
        },
        {
            "reply_id": "Ugy5YfWhcWUKTj0iIGl4AaABAg",
            "reply_content": "\u6211\u4ee5\u70ba\u4ed6\u5011\u7684\u820c\u982d\u6703\u88ab\u9ecf\u4f4f"
        },
        {
            "reply_id": "Ugx6rR7dOf1M3KqpkO94AaABAg",
            "reply_content": "\u6211\u4e5f\u6709\u505a\u7d66\u6211\u5bb6\u8c93\u963f\u67da\u5403\u5979\u5403\u7684\u5f88\u958b\u5fc3\ud83d\ude0a\ud83d\ude0a\ud83d\ude0a\u795d\u963f\u746a\u4e2d\u79cb\u7bc0\u5feb\u6a02\u5440\uff5e"
        },
        {
            "reply_id": "UgxvJQsE1M7Qd3q88M14AaABAg",
            "reply_content": "\u4e2d\u79cb\u7bc0\u5feb\u6a02\u3002\u6211\u771f\u7684\u597d\u611b\u5c0f\u82b1\u5594\u2764"
        },
        {
            "reply_id": "Ugxuim6J9GDaVIDS7zV4AaABAg",
            "reply_content": "\u795d\u5f8c\u5bae\u7684\u5927\u5bb6\u4e2d\u79cb\u7bc0\u5feb\u6a02\uff0c\u8089\u6ce5\u51b0\u68d28 \u96bb\u90fd\u5f88\u611b\u5403"
        },
        {
            "reply_id": "UgxaKUbYyS4z-i7LMh14AaABAg",
            "reply_content": "\u6703\u5e6b\u7260\u5011\u5237\u7259\u55ce\uff1f"
        },
        {
            "reply_id": "UgxOBlD0pKQ24u8iojV4AaABAg",
            "reply_content": "\u5f8c\u5bae\u53ef\u611b\u55b5\u55b5\u5011\u8868\u793a\uff1a\n\u8089\u6ce5\u51b0\u68d2\u51b0\u51b0\u6dbc\u6dbc\u7684\u597d\u5403\u5594\uff5e\n\u795d\u5f8c\u5bae\u5927\u5bb6\u5011\u4e2d\u79cb\u4f73\u7bc0\u6109\u5feb\u2764\u2764\u2764"
        },
        {
            "reply_id": "Ugw27NdRDwS2VGZQh-F4AaABAg",
            "reply_content": "\u53e6\u985e\u7684\u70e4\u8089\u51b0\u4e32\uff0c\u4e2d\u79cb\u7bc0\u5feb\u6a02\u2764\u2764"
        },
        {
            "reply_id": "UgzqP1pHu7fIy7vTDcB4AaABAg",
            "reply_content": "\u795d\u5927\u5bb6\u4e2d\u79cb\u7bc0\u5feb\u6a02\uff0c\u672c\u4eba\u6574\u500b\u4e2d\u79cb\u90fd\u5728\u770b\u65b0\u66f8"
        },
        {
            "reply_id": "UgxpVEzSItQdTuU9Hn54AaABAg",
            "reply_content": "\u4e2d\u79cb\u7bc0\u5feb\u6a02\ud83c\udf89"
        },
        {
            "reply_id": "Ugw0fVHaGu6oC5kOKc94AaABAg",
            "reply_content": "\u5c0d\u963f\u746a\u4f86\u8aaa\u6c92\u6709\u53e3\u5473\u7684\u554f\u984c\ud83e\udd23\ud83d\ude02\n\n\u795d\u798f\u5974\u624d\u5011\u8207\u8c93\u8c93\u5011\u4e2d\u79cb\u7bc0\u5feb\u6a02\ud83c\udf89"
        },
        {
            "reply_id": "UgzAvl1StSVuCaYZm5R4AaABAg",
            "reply_content": "\u6700\u5f8c\u90a3\u53e5\u61c9\u8a72\u8aaa:\u4e0d\u7136\u5c31\u6703\u8b8a\u5f97\u8ddf\u963f\u746a\u4e00\u6a23\u5713\ud83d\ude02\ud83d\ude02\ud83d\ude02"
        },
        {
            "reply_id": "UgybmlkhwBlUFicYLIJ4AaABAg",
            "reply_content": "\u5c01\u9762\u7684\u963f\u739b\u770b\u8d77\u6765\u597d\u7626\ud83d\ude02"
        }
    ]
}