{
    "video_info": {
        "id": "uWazwnNn13A",
        "channelTitle": "\u9ec3\u963f\u746a\u7684\u5f8c\u5bae\u751f\u6d3b",
        "title": "\u3010#\u5f8c\u5bae\u96dc\u8a18 Ep.2\u3011 \u8c93\u8c93\u96c6\u9ad4\u5012\u5730\uff01\u6539\u9020\u4e00\u9031\u5f8c\u7684\u8b8a\u5316\uff5c2023.3\u6708",
        "description": "\u8173\u908a\u600e\u9ebc\u8eba\u8457\u4e00\u96bb\u8c93\uff1f\n#\u5bf5\u7269\u5730\u588a  #\u5c45\u5bb6\u6539\u9020  #\u8001\u8c93\u5b85 \n\u00d7 \u983b\u9053\u66f4\u65b0\u70ba\u9031\u4e94\u665a\u9593\u516d\u9ede\uff0c\u4e0d\u5b9a\u6642\u767c\u4f48\u5176\u5b83\u5f71\u7247\uff01\u00d7\n\u8a02\u95b1\u6211\u5011\uff1ahttps://goo.gl/5L8xkV\n\u963f\u746a\u5b98\u7db2\uff1ahttps://www.fumeanstore.com\n\n\u3010\u518d\u898b\u4e86\uff01\u8d85\u4e82\u7684\u81e5\u5ba4\u3011\u5fd7\u9298\u8207\u72f8\u8c93\n\u25b6 https://youtu.be/4By57-MGyBk\n\n-\n\n\u3010\u8fd1\u671f\u6d3b\u52d5\u3011\n\n\u7b2c\u4e09\u672c\u5716\u6587\u6f2b\u756b\u300a\u8c93\u54aa\u8d85\u6709\u4e8b3-\u8c93\u8c93\u7f8e\u98df\u6551\u63f4\u8a08\u756b\u300b\n\u5728\u746a\u746a\u5546\u884c\u8cfc\u8cb7\u5c31\u8d08\u9001\u300c\u5f8c\u5bae\u842c\u7528\u8b49\u4ef6\u5e36\u300d\uff08\u96a8\u6a5f1\u6b3e\uff09\n\n\u3010\u6436\u8cfc\u5c08\u5340\u3011   \n\u53f0\u7063(\u746a\u746a\u5546\u884c)\uff1ahttps://lihi1.com/vzhq3/catyt2\n\u6e2f\u6fb3\u5730\u5340\uff1ahttps://reurl.cc/rZAq54\n\u99ac\u65b0\u5730\u5340\uff1ahttps://is.gd/Vs7aXI\n\u203b\u4ee5\u4e0a\u9023\u7d50\u7686\u6709\u9001\u3010\u5f8c\u5bae\u842c\u7528\u8b49\u4ef6\u5e36\u3011\uff08\u51683\u6b3e\uff0c\u96a8\u6a5f\u8d08\u9001\u4e59\u6b3e\uff0c\u9001\u5b8c\u70ba\u6b62\uff09\n\n-\n\n\u3010\u53f0\u5357-\u8da3\u6dd8\u6f2b\u65c5 X \u9ec3\u963f\u746a\u7684\u5f8c\u5bae\u751f\u6d3b\u3011\n\u5373\u65e5\u8d77\u81f36/30\u6b62\uff0c\u6bcf\u65e5\u9650\u91cf6\u9593\u300c\u963f\u746a\u4f86\u8da3\u6dd8\u300d\u4e3b\u984c\u623f\uff01\n\u5165\u4f4f\u963f\u746a\u4e3b\u984c\u623f\u5c31\u8d08\u9001\u300c\u4e3b\u984c\u623f\u79ae\u5305\u300d\u5594\uff01\n\u8a02\u623f\u7db2\u5740\uff1ahttps://reurl.cc/pZemRb\n\n-\n\n\u7b2c\u4e03\u672c\u5e74\u5ea6\u8457\u4f5c\u300a\u7b49\u6211\u56de\u5bb6\u7684\u4f60\u300b\n\u53f0\u7063\uff08\u746a\u746a\u5546\u884c\uff09\uff1ahttps://reurl.cc/Kxxa5n\n\uff08\u746a\u746a\u5546\u884c \u7368\u5bb6\u8d08\u9001\u300c\u5f8c\u5bae\u51fa\u904a\u8da3\u63d2\u756b\u660e\u4fe1\u7247\u4e00\u5f35\uff0c\u96a8\u6a5f\u51fa\u8ca8\u4e0d\u6311\u6b3e\u300d\u5176\u4ed6\u901a\u8def\u6c92\u6709\u8d08\u9001\u5594\uff5e\uff09\n\u99ac\u65b0\u5730\u5340\uff1ahttps://reurl.cc/bzzGvr\n\n-\n\n\u3010\u963f\u746a Line\u8cbc\u5716\uff06\u4e3b\u984c\u3011\n\u300a\u6700\u65b0\u4e0a\u67b6\u300bhttps://lihi3.cc/8ITQO/YT01\n\u300a\u66f4\u591a\u8cbc\u5716\u300bhttps://reurl.cc/4RY6L2\n\n\u3010\u963f\u746a\u5b98\u7db2-\u746a\u746a\u5546\u884c\u3011\n\u25b6 https://www.fumeanstore.com/\n\u300a\u6700\u65b0\u5546\u54c1\u300b\u8b8a\u88dd\u5a03\u5a03\u3001\u597d\u597d\u5e36\u98f2\u6599\u63d0\u888b\u3001\u65b0\u6b3e\u5f8c\u5bae\u7948\u798f\u5fa1\u5b88\n\n---\n\n\u3010\u5408\u4f5c\u9080\u7d04/IP\u806f\u540d\u6388\u6b0a\u3011\nfumeanaction@gmail.com \uff08\u6b61\u8fce\u4f86\u4fe1\u6d3d\u8ac7\uff09\n\n\u3014\u7248\u6b0a\u6240\u6709\uff0c\u975e\u7d93\u8a31\u53ef\u52ff\u8f49\u8f09\u81f3\u4efb\u4f55\u5e73\u53f0\u3015\n\u3014\u9818\u990a\u4e0d\u68c4\u990a\u3015",
        "likeCount": "7442",
        "commentCount": "248",
        "viewCount": "205167"
    },
    "comments": [
        {
            "reply_id": "UgzdJCkj086xPSUO5jd4AaABAg",
            "reply_content": "\u5e0c\u671b\u6709\u7b2c\u4e09\u96c6"
        },
        {
            "reply_id": "Ugza5BbXSqlXj_Tq4nt4AaABAg",
            "reply_content": "\u8173\u8173\u68c9\u88ab\u7d46\u4f4f\u4e86"
        },
        {
            "reply_id": "UgwbJCppY-sdVup_V454AaABAg",
            "reply_content": "\u4e09\u8173\u597d\u840c\ud83d\ude0d"
        },
        {
            "reply_id": "UgzAuHsuNr0u-6XiIgN4AaABAg",
            "reply_content": "\u81ea\u5f9e\u770b\u4e86\u4f60\u5011\u8ddf\u597d\u5473\u5c0f\u59d0\u7684\u983b\u9053\u5f8c\uff0c\u6211\u4e5f\u5165\u5751\u4e86\uff0c\u5169\u96bb\u9ecf\u4eba\u7684\u8c93\u8c93\u966a\u6211\u5011\u751f\u6d3b\ud83d\ude02\n\u624d\u767c\u73fe\uff0c\u8c93\u8c93\u771f\u7684\u5f88\u7642\u7652\u4eba\u5fc3\ud83d\ude02\n\u559c\u6012\u54c0\u6a02\u90fd\u6709\u4ed6\u5011\u7684\u966a\u4f34\ud83d\ude0a\n\u7576\u7136\u54c0\uff0c\u6012\u6bd4\u8f03\u4e0d\u6703\u5728\u4ed6\u5011\u9762\u524d\u8868\u73fe\u51fa\u4f86\ud83d\ude02\n\u72f8\u8c93\uff0c\u5fd7\u9298\uff0c\u5404\u4f4d\u5c0f\u5e6b\u624b\uff0c\u6709\u4f60\u5011\u7684\u983b\u9053\u771f\u597d\ud83d\ude0a\n\u770b\u8457\u5f8c\u5bae\u88e1\u7684\u6bcf\u96bb\u8c93\u8c93\uff0c\u90fd\u8b93\u6211\u5b78\u7fd2\u5230\u5f88\u591a\ud83d\ude0d"
        },
        {
            "reply_id": "UgxyIcH2-2vjvjhpfxV4AaABAg",
            "reply_content": "\u963f\u746a\u679c\u7136\u611b\u8457\u72f8\u8c93\ud83d\ude02"
        },
        {
            "reply_id": "Ugz8tL93hbUokfiD3eh4AaABAg",
            "reply_content": "\u67da\u5b50\u5728\u5e79\u561b"
        },
        {
            "reply_id": "UgxI821tKNDJOyb2WdF4AaABAg",
            "reply_content": "\u990a\u90a3\u9ebc\u80d6\uff0c\u9023\u8d70\u8def\u90fd\u56f0\u96e3\uff0c\u4e0d\u96a8\u6642\u5012\u5730\u624d\u602a\u5462"
        },
        {
            "reply_id": "UgzaiBOR0R5CZltZpsh4AaABAg",
            "reply_content": "\u8f9b\u82e6\u5974\u624d"
        },
        {
            "reply_id": "UgzaPk54UwkppsF0oEB4AaABAg",
            "reply_content": "\u5e78\u798f\u7684\u8c93\u54aa"
        },
        {
            "reply_id": "Ugy2oiG-hqtKKGhnmIx4AaABAg",
            "reply_content": "\u4f1a\u5f53\u732b\u6293\u677f\u6293\u5417\uff1f"
        },
        {
            "reply_id": "Ugw3ek4CgZ5RHNeeq7p4AaABAg",
            "reply_content": "\u9ec4\u963f\u739b\u8ddf\u6211\u5bb6\u7684\u732b\u4e5f\u662f\u4e00\u6837\u5f88\u4f1a\u9a82\u4eba"
        },
        {
            "reply_id": "UgzbWqOK9aJ1i79YaU14AaABAg",
            "reply_content": "\u5f8c\u5bae\u5927\u5bb6\u90fd\u559c\u6b61\uff0c\u771f\u662f\u592a\u68d2\u4e86\u2764\u2764"
        },
        {
            "reply_id": "Ugw-OvYaWuTE7u15vrt4AaABAg",
            "reply_content": "\u5f8c\u5bae\u5011\u4e00\u8d77\u7761\u6709\u5920\u53ef\u611b \ud83d\ude0d"
        },
        {
            "reply_id": "UgzsD7wcM3M_hpzGBOB4AaABAg",
            "reply_content": "\u5c0f\u5e6b\u624b\u73a9\u5f97\u5f88\u958b\u5fc3\n\u6703\u5361\u8c93\u6bdb\u55ce\uff1f"
        },
        {
            "reply_id": "UgzlQQE4Y--e9EjNWx14AaABAg",
            "reply_content": "\u9019\u5730\u588a\u771f\u7684\u5f88\u8212\u670d\uff0c\u4e0d\u904e\u771f\u7684\u9084\u883b\u8cb4\u7684"
        },
        {
            "reply_id": "UgzG9NcWm2xNVrjEQex4AaABAg",
            "reply_content": "\u88e1\u8c93\u5fd7\u660e\u4f60\u8f9b\u82e6\u4e86\uff0c\u6211\u611b\u4f60\uff0c\u5168\u5f8c\u5bae\u90fd\u8981\u5e73\u5e73\u5b89\u5b89\uff0c\u6211\u5f88\u559c\u6b61\u4f60\u7684\u5f71\u7247\uff0c\u6211\u5f88\u559c\u6b61\u5c0f\u5e6b\u624b\u7684\u8072\u97f3"
        },
        {
            "reply_id": "UgxHrsTgLs3kuOgx4PR4AaABAg",
            "reply_content": "\u8fd9\u4e2a\u5730\u57ab\u94fa\u5f97\u503c\ud83d\udc4d\n\u540e\u5bab\u732b\u54aa\u90fd\u597d\u7ed9\u9762\u5b50\uff0c\u90fd\u4f1a\u73a9\u73a9\u5177\u3002\n\u6211\u7684\u732b\u54aa\u53ea\u4f1a\u5728\u6211\u4eec\u6ca1\u770b\u5230\u5979\u7684\u65f6\u5019\u81ea\u5df1\u73a9\u73a9\u5177\uff0c\u5b8c\u5168\u4e0d\u5c51\u8ddf\u6211\u4eec\u73a9\uff0c\u8ddf\u4e0d\u4f1a\u5750\u5927\u817f\u3002\u767d\u517b\u4e86"
        },
        {
            "reply_id": "UgzqL0qnw07MLpbihyR4AaABAg",
            "reply_content": "\u5730\u588a\u90a3\u88e1\u8cb7"
        },
        {
            "reply_id": "UgwxADDBkjQ8buA99G94AaABAg",
            "reply_content": "\u611f\u89ba\u9019\u5730\u6bef\u5c0d\u8c93\u4f86\u8aaa\uff0c\u5c31\u597d\u50cf\u4eba\u985e\u7684\u51b0\u51b7\u78c1\u78da\u63db\u4e0a\u5730\u6696\u4e00\u6a23\n\u597d\u6696\u597d\u8212\u670d\ud83d\ude06"
        },
        {
            "reply_id": "Ugw2tYUU3uPqtzg57Mt4AaABAg",
            "reply_content": "\u4e0b\u6b21\u91cf\u9ad4\u91cd\u5c31\u53ef\u80fd\u7626\u4e86\ud83c\udf89"
        }
    ]
}