{
    "video_info": {
        "id": "Wn8-leTBGhw",
        "channelTitle": "\u9ec3\u963f\u746a\u7684\u5f8c\u5bae\u751f\u6d3b",
        "title": "\u9019\u6771\u897f\u6b20\u63a8\u55ce\uff01#shorts  #Shortstw",
        "description": "\u963f\u746a\uff1a\u300c\u6643\u4f86\u6643\u53bb\u7684\uff0c\u6b20\u63a8\u55ce\uff1f\u300d\n\n-\n\n\u3010\u5168\u5bb6\u4fbf\u5229\u5546\u5e97\u5be6\u9ad4\u5e97x\u9ec3\u963f\u746a\u4e0d\u5012\u7fc1\u98df\u73a9\u3011\n\u5f8c\u5bae\u5168\u54e1\u6416\u8d77\u4f86\uff5e\n\u4e00\u5171\u67098\u6b3e\u76f2\u76d2\uff0c\n5/30\u524d\u4efb\u90782\u4ef688\u6298\n\n\u8a73\u60c5\u8acb\u898b \u5168\u5bb6\u4fbf\u5229\u5546\u5e97\u5b98\u7db2\n\n\u8a02\u95b1\u6211\u5011\uff1ahttps://goo.gl/5L8xkV\n\u963f\u746a\u5b98\u7db2\uff1ahttps://www.fumeanstore.com\nFB\uff1a\u9ec3\u963f\u746a\u7684\u5f8c\u5bae\u751f\u6d3b\nIG\uff1afumeancat\n\n\u3010\u5408\u4f5c\u9080\u7d04/IP\u806f\u540d\u6388\u6b0a\u3011\nfumeanaction@gmail.com \uff08\u6b61\u8fce\u4f86\u4fe1\u6d3d\u8ac7\uff09\n\n\u3014\u7248\u6b0a\u6240\u6709\uff0c\u975e\u7d93\u8a31\u53ef\u52ff\u8f49\u8f09\u81f3\u4efb\u4f55\u5e73\u53f0\u3015\n\u3014\u9818\u990a\u4e0d\u68c4\u990a\u3015",
        "likeCount": "6191",
        "commentCount": "107",
        "viewCount": "110367"
    },
    "comments": [
        {
            "reply_id": "Ugy4UNZvoS8v_U9K-Fd4AaABAg",
            "reply_content": "\u6211\u6709\u5c0f\u82b1"
        },
        {
            "reply_id": "UgxZnzBp2bX8MT1cvFN4AaABAg",
            "reply_content": "\u6211\u62bd\u5230\u7684\u662f\u5695\u5695\u7684"
        },
        {
            "reply_id": "Ugzwb4Y98kGhsIMF_Qp4AaABAg",
            "reply_content": "\u9019\u6a23\u4e00\u771f\u6416\u64fa\u5f88\u7642\u7652\ud83d\ude0a\u2764"
        },
        {
            "reply_id": "UgyLwWxBzJdISE2f5HZ4AaABAg",
            "reply_content": "\u6211\u63a8\u7684\u8c93\u54aa"
        },
        {
            "reply_id": "Ugz6TheQbyh1iX_REsZ4AaABAg",
            "reply_content": "\u6211\u6709\u8c93\u54aa\u8d85\u6709\u4e8b3\u7684\u52d5\u756b"
        },
        {
            "reply_id": "UgxDJvQbqDtjWasFe5J4AaABAg",
            "reply_content": "\u6211\u63a8\u7684\u4e0d\u5012\u7fc1"
        },
        {
            "reply_id": "UgybAyeIR-8yhHLIXY54AaABAg",
            "reply_content": "\u6211\u8cb7\u4e86\u4e00\u500b\u4e2d\u5695\u5695\ud83d\ude3a"
        },
        {
            "reply_id": "Ugwulgc3AllIMdp8gXp4AaABAg",
            "reply_content": "\u6709\u6c92\u6709 \u7070\u5154\u7684"
        },
        {
            "reply_id": "UgyCDRnSW00Q2tbIBIZ4AaABAg",
            "reply_content": "\u54c8\u54c8\u5c0d\u963f"
        },
        {
            "reply_id": "UgxQCxvc8JEfImqOz3d4AaABAg",
            "reply_content": "\u62db\u5f1f\u63a8\u62db\u5f1f\ud83e\udd23"
        },
        {
            "reply_id": "Ugwsogq8Pataqb9ihuV4AaABAg",
            "reply_content": "\u6211\u62bd\u5230\u963f\u746a"
        },
        {
            "reply_id": "UgyTY5rhFK7B3cXUV6R4AaABAg",
            "reply_content": "\u6211\u62bd\u5230\u9ec3\u963f"
        },
        {
            "reply_id": "Ugwy8DCk3b2Gsa7twTR4AaABAg",
            "reply_content": "\u597d\u53ef\u611b"
        },
        {
            "reply_id": "Ugyh5kAr-nyD4fzw0lV4AaABAg",
            "reply_content": "\u6211\u53ea\u5dee\u6d63\u8178\u7684"
        },
        {
            "reply_id": "Ugyh0VHWyZ52EAFq7UF4AaABAg",
            "reply_content": "\u6211\u4e5f\u6709"
        },
        {
            "reply_id": "UgzDyGsj9_n9tntKJB54AaABAg",
            "reply_content": "\u6211\u4e5f\u6709"
        },
        {
            "reply_id": "UgyODIWDn6oIe7HaN5p4AaABAg",
            "reply_content": "\u6211\u8cb7\u7d66\u6211\u5bb6\u8c93\u54aa\u73a9\uff0c\u4ed6\u8d85\u7d1a\u9a5a\u6050\u5230 \ud83e\udd23"
        },
        {
            "reply_id": "UgxQt2f4qD-zBImB4b54AaABAg",
            "reply_content": "\u62db\u5f1f\u7684\u65e5\u5386\u5f88\u597d\u770b\u554a"
        },
        {
            "reply_id": "Ugwu4wEIQ22O8lK5Kq14AaABAg",
            "reply_content": "\u6211\u62bd\u5230\u5695\u5695\u4e86\uff01"
        },
        {
            "reply_id": "UgywLufZuN18_VclrhJ4AaABAg",
            "reply_content": "\u8981\u5728\u54ea\u7406\u8cb7"
        }
    ]
}