{
    "video_info": {
        "id": "wz2Dli9M5lQ",
        "channelTitle": "\u9ec3\u963f\u746a\u7684\u5f8c\u5bae\u751f\u6d3b",
        "title": "\u7a81\u7136\u89aa\u8c93\u54aa\u4e00\u4e0b \u4ed6\u5011\u6709\u4ec0\u9ebc\u53cd\u61c9\uff1f #shorts #ShortsTW",
        "description": "\u963f\u746a\uff1a\u300c\u597d\u5641\u5fc3\u7684\u884c\u70ba\u3002\u300d\n\n-\n\n\u8a02\u95b1\u6211\u5011\uff1ahttps://goo.gl/5L8xkV\n\u963f\u746a\u5b98\u7db2\uff1ahttps://www.fumeanstore.com\nFB\uff1a\u9ec3\u963f\u746a\u7684\u5f8c\u5bae\u751f\u6d3b\nIG\uff1afumeancat\n\n\u3010\u5408\u4f5c\u9080\u7d04/IP\u806f\u540d\u6388\u6b0a\u3011\nfumeanaction@gmail.com \uff08\u6b61\u8fce\u4f86\u4fe1\u6d3d\u8ac7\uff09\n\n\u3014\u7248\u6b0a\u6240\u6709\uff0c\u975e\u7d93\u8a31\u53ef\u52ff\u8f49\u8f09\u81f3\u4efb\u4f55\u5e73\u53f0\u3015\n\u3014\u9818\u990a\u4e0d\u68c4\u990a\u3015",
        "likeCount": "25015",
        "commentCount": "202",
        "viewCount": "655456"
    },
    "comments": [
        {
            "reply_id": "UgwOSuPiv-c15QA7Ckl4AaABAg",
            "reply_content": "\u7fd2\u6163\u6210\u81ea\u7136"
        },
        {
            "reply_id": "Ugw6jqbYfnKSYJjjved4AaABAg",
            "reply_content": "\u53eb\u4f60\u649e\u982d\u4e0d\u662f\u89aa\u6211\uff01"
        },
        {
            "reply_id": "UgylD9ytf8m5-p8xqMZ4AaABAg",
            "reply_content": "\u5df2\u6aa2\u8209 \u8650\u5f85\u52d5\u7269"
        },
        {
            "reply_id": "UgynUVmBlhTAqM_Ayzp4AaABAg",
            "reply_content": "\u6211\u89ba\u5f97\u963f\u746a\u88ab\u89aa\u4e4b\u5f8c\u662f\u5bb3\u7f9e\uff0c\u5695\u5695\u88ab\u5077\u89aa\u5f8c\u662f\u60f3\uff0c\u61c9\u8a72\u662f\u53ea\u6709\u5fd7\u9298\u53ef\u4ee5\u89aa\u6211\uff0c\u72f8\u8c93\u4f60\u5e79\u561b\u5077\u89aa\u6211\uff1f"
        },
        {
            "reply_id": "UgwfGiPsqkG7XytmdUV4AaABAg",
            "reply_content": "\u597d\u53ef\u611b,\u6211\u4e5f\u60f3\u89aa\u4e00\u4e0b"
        },
        {
            "reply_id": "Ugx3z-H34kVSQhhfVEJ4AaABAg",
            "reply_content": "\u9019\u7b11\u8072\u5c31\u5f88\u7325\u7463\u3002\u6211\u559c\u6b61"
        },
        {
            "reply_id": "Ugx9NuiWK18D6yfrvup4AaABAg",
            "reply_content": "\u4e3b\u4eba\u89aa\u4e00\u96bb\u8c93\u7260\u89ba\u5f97\u5947\u602a\u70ba\u4ec0\u9ebc\u89aa\u7260\u53e6\u4e00\u96bb\u8c93\u662f\u5687\u5230\ud83d\ude0a"
        },
        {
            "reply_id": "Ugy7P8-cLHqMq_t9Y_d4AaABAg",
            "reply_content": "\u771f \u50bb\u773c\u8c93\u54aa"
        },
        {
            "reply_id": "Ugz9aMU5DNs57e55b_x4AaABAg",
            "reply_content": "\u8c93\u8c93\uff1a\u6771\u8e0f\u53d6\u871c"
        },
        {
            "reply_id": "UgwDXBKvhrNa7vGS2JV4AaABAg",
            "reply_content": "\u6a58\u8c93\u773c\u4e2d\u6709\u6212\u614e\u6050\u61fc\uff0c\u4f60\u662f\u4e0d\u662f\u5c0d\u7260\u4e0d\u597d\uff0c\u5f9e\u5be6\u62db\u4f86"
        },
        {
            "reply_id": "UgwK6EnfbsKc-lmPOIt4AaABAg",
            "reply_content": "\u963f\u746a\u597d\u6de1\u5b9a\uff0c\u5695\u5695\u597d\u9a5a\u6050\ud83d\ude02\ud83d\ude02\u771f\u7684\u597d\u53ef\u611b"
        },
        {
            "reply_id": "UgyTHeHNDizr77_P4Eh4AaABAg",
            "reply_content": "\u732b\u54aa\u8ddf\u5973\u4eba\u4e00\u6837\uff0c\u5c5e\u4e8e\u9ad8\u51b7\u7684\u52a8\u7269"
        },
        {
            "reply_id": "UgwkmrGHYuYbXI4WhBl4AaABAg",
            "reply_content": "\u6211\u901a\u5e38\u4e0d\u89aa\uff0c\u90fd\u76f4\u63a5\u5438\ud83d\ude02"
        },
        {
            "reply_id": "Ugw3ZbuzQrkKZd1Xsjx4AaABAg",
            "reply_content": "\u7ffb\u8b6f\u4e00\u4e0b"
        },
        {
            "reply_id": "UgyUfFpUVIESxFhwog94AaABAg",
            "reply_content": "\u6a58\u8c93\u662f\u539a\u9053\u7cfb\u5217\u7684"
        },
        {
            "reply_id": "Ugxs4rl16CsOM_IRiJ14AaABAg",
            "reply_content": "\u50bb\u773c\u8c93\u54aa\uff5e"
        },
        {
            "reply_id": "Ugx7TFK4OVD65BUrWVd4AaABAg",
            "reply_content": "\u50bb\u773c\u8c93\u54aa"
        },
        {
            "reply_id": "UgyjhHPo3it0I4xvWNh4AaABAg",
            "reply_content": "\u8c93\u54aa\u6700\u4e0d\u80fd\u63a5\u53d7\u6bcf\u5929\u5df2\u990a\u6210\u7684\u898f\u5f8b\u751f\u6d3b\u88ab\u6539\u8b8a\u4e86\uff01\u5982\u5403\u98ef\u559d\u6c34\uff0c\u4e0a\u5ec1\u6240, \u8ddf\u93df\u5c4e\u5b98\u6574\u5929\u7684\u73a9\u800d\u6642\u9593\uff0c\u53ca\u4e0a\u7684\u5ec1\u6240\u662f\u5426\u4e7e\u51c8\uff0c\u518d\u4f86\u5e7c\u8c93/1-4\u6b72\u8c93/5-8\u6b72\u8c93\uff0c\u7b49\u7b49\u4e0d\u540c\u8c93\u9f61\u7684\u7167\u9867\uff0c\u9019\u90fd\u662f\u93df\u5c4e\u5b98\u90fd\u5fc5\u9808\u4e86\u89e3\u5bb6\u4e2d\u8c93\u54aa\u5e74\u9f61\u5dee,\uff0c\u7d66\u8207\u59a5\u5584\u7684\u7167\u9867\u7684! \u6240\u4ee5\u539f\u672c\u4e0d\u88ab\u89aa\u89aa\u7684\uff0c\u7576\u7136\u4e3b\u5b50\u8c93\u54aa\u7591\u60d1\u54c8\u54c8\u54c8\u54c8\u54c8\uff01\uff1f\u53c8\u4f86\u5b8c\u54ea\u5957\uff1f\uff1f\uff1f"
        },
        {
            "reply_id": "UgwpiAVvzyu8DqHjj614AaABAg",
            "reply_content": "\u54aa\u5154\u904b\u52d5\u2026\u73fe\u5728\u958b\u653e\u8c93\u8c93\u5011\u7206\u6599\u3002\ud83e\udd2d"
        },
        {
            "reply_id": "UgxX7HqtlNzvEwXiUm94AaABAg",
            "reply_content": "2\u96bb\u8868\u60c5\u5f88\u53ef\u611b"
        }
    ]
}