{
    "video_info": {
        "id": "xWtOaAQ9EP8",
        "channelTitle": "\u9ec3\u963f\u746a\u7684\u5f8c\u5bae\u751f\u6d3b",
        "title": "\u70ba\u4ec0\u9ebc\u51ac\u5929\u6703\u8cf4\u5e8a\uff1f #shorts #ShortsTW",
        "description": "\u5974\u624d\uff1a\u300c\u9019\u6a23\u6703\u8cf4\u5e8a\u4e5f\u662f\u5408\u7406\u7684\u5427\uff1f\u300d\n\n-\n\n\u8a02\u95b1\u6211\u5011\uff1ahttps://goo.gl/5L8xkV\n\u963f\u746a\u5b98\u7db2\uff1ahttps://www.fumeanstore.com\nFB\uff1a\u9ec3\u963f\u746a\u7684\u5f8c\u5bae\u751f\u6d3b\nIG\uff1afumeancat\n\n\u3010\u5408\u4f5c\u9080\u7d04/IP\u806f\u540d\u6388\u6b0a\u3011\nfumeanaction@gmail.com \uff08\u6b61\u8fce\u4f86\u4fe1\u6d3d\u8ac7\uff09\n\n\u3014\u7248\u6b0a\u6240\u6709\uff0c\u975e\u7d93\u8a31\u53ef\u52ff\u8f49\u8f09\u81f3\u4efb\u4f55\u5e73\u53f0\u3015\n\u3014\u9818\u990a\u4e0d\u68c4\u990a\u3015",
        "likeCount": "5737",
        "commentCount": "67",
        "viewCount": "115272"
    },
    "comments": [
        {
            "reply_id": "UgxSmASMERma1FhlU6t4AaABAg",
            "reply_content": "\u6211\u89ba\u5f97\u4e0d\u60f3\u8d77\u5e8a"
        },
        {
            "reply_id": "UgzA_zK9198Nxm8wdtZ4AaABAg",
            "reply_content": "\u8981\u662f\u6211\u7e7c\u7e8c\u8cf4"
        },
        {
            "reply_id": "UgzcALVhb9yAAIHUp7N4AaABAg",
            "reply_content": "\u4e00\u500b\u5b57\u61f6"
        },
        {
            "reply_id": "Ugz9Du8RhajDW615wWR4AaABAg",
            "reply_content": "\u7576\u7136\u6368\u4e0d\u5f97\u96e2\u958b\uff0c\u8ddf\u611b\u8c93\u4e00\u8d77\u7761\u8d85\u6eab\u6696\uff0c\u88ab\u8c93\u5305\u570d\u7684\u611f\u89ba\u8d85\u5e78\u798f\u2764"
        },
        {
            "reply_id": "UgzMbEoLOyEm5LOEj_V4AaABAg",
            "reply_content": "\u72f8\u8c93\u6839\u672c\u70ab\u8000\u5427\ud83d\ude02\ud83d\ude02\ud83d\ude02\u963f\u746a\u63a7\u8868\u793a\u7fa8\u6155"
        },
        {
            "reply_id": "UgxGokqJnCvYOcVmcPF4AaABAg",
            "reply_content": "\u597d\u80a5"
        },
        {
            "reply_id": "UgwhrrYuq0KFnCi49ON4AaABAg",
            "reply_content": "\u6368\u4e0d\u5f97\u96e2\u958b\ud83e\udd23"
        },
        {
            "reply_id": "Ugz29PZpkgm3-rIOxfp4AaABAg",
            "reply_content": "\u6211\u53ea\u597d\u5947\n\u4f60\u7684\u5c41\u56de\u618b\u8457\u9084\u662f\u6703\u653e"
        },
        {
            "reply_id": "UgxuqPUNtmpe9fF_Vj54AaABAg",
            "reply_content": "\u54c8\u54c8\u54c8\u54c8\u54c8\uff01\u7cdf\u7cd5\uff01\u9019\u7a2e\u8cf4\u5e8a\u75c5\u5f88\u591a\u4eba\u90fd\u6709\uff01"
        },
        {
            "reply_id": "Ugy842Uhwi4CjrjW9lp4AaABAg",
            "reply_content": "\u6703 \u56e0\u70ba\u6c92\u6709\u7b2c\u4e09\u96bb\u8c93 \u5916\u52a0\u9084\u6c92\u5230\u8c93\u958b\u98ef\u6642\u9593\u3002"
        },
        {
            "reply_id": "UgzoKqqVWNlL1kOub894AaABAg",
            "reply_content": "\u72f8\u8c93\u592a\u61f6\u627e\u8c93\u53d6\u6696"
        },
        {
            "reply_id": "UgxkltNdwwe7Op8BrLx4AaABAg",
            "reply_content": "\u5c0f\u5fc3\u88ab\u5c3f\u5e8a"
        },
        {
            "reply_id": "UgyUAaOTRipLUHh-IIl4AaABAg",
            "reply_content": "\u5c31\u5f88\u8edf\u53c8\u5f88\u6696"
        },
        {
            "reply_id": "UgzKywpNM9SRixJRdRZ4AaABAg",
            "reply_content": "\u6211\u4e5f\u662f\u9019\u6a23\u8ddf\u8001\u95c6\u89e3\u91cb\u70ba\u4ec0\u9ebc\u9072\u5230\u7684"
        },
        {
            "reply_id": "Ugyl6bUtk-oUD2XEUsx4AaABAg",
            "reply_content": "\u7b49\u7b49 \u88ab\u5b50\u4e0a\u90a3\u500b\u662f\u4fbf\u4fbf\u55ce\ud83d\udca9"
        },
        {
            "reply_id": "UgxZ9IKY7c7NCTYHbVJ4AaABAg",
            "reply_content": "\u6211\u6368\u4e0d\u5f97\u96e2\u958b"
        },
        {
            "reply_id": "UgwaB7m07g3J0HaCaAt4AaABAg",
            "reply_content": "\u80fd\u8ddf\u5f8c\u5bae\u4e00\u8d77\u7761\u8d85\u5e78\u798f\u7684\u2764"
        },
        {
            "reply_id": "Ugwfof2Yj76h7iZ_tBV4AaABAg",
            "reply_content": "\u72f8\u8c93\u60f3\u628a\u8cf4\u5e8a\u539f\u56e0\u8cf4\u7d66\u746a\u746a\u8ddf\u67da\u5b50\ud83d\ude02\ud83d\ude02\ud83d\ude02"
        },
        {
            "reply_id": "UgxX-yPM6BJulLHHZ3x4AaABAg",
            "reply_content": "\u5169\u500b\u6d3b\u52d5\u6696\u7210"
        },
        {
            "reply_id": "UgxaHtT3IpVgAyyjBo94AaABAg",
            "reply_content": "\u5c31\u7b97\u6c92\u8c93\u4e00\u6a23\u8cf4\u5e8a\u554a\uff5e"
        }
    ]
}