{
    "video_info": {
        "id": "ylAtQ26BLlA",
        "channelTitle": "\u9ec3\u963f\u746a\u7684\u5f8c\u5bae\u751f\u6d3b",
        "title": "\u3010\u9ec3\u963f\u746a\u7684\u5f8c\u5bae\u751f\u6d3b\u3011\u51fa\u570b\u6642\u8ddf\u963f\u746a\u8996\u8a0a\uff01\u6703\u8a8d\u5f97\u5974\u624d\u55ce\uff1f",
        "description": "\u963f\u746a\uff1a\u300c\u9019\u8072\u97f3\u662f\u22ef\uff1f\u300d\n\u00d7 \u983b\u9053\u66f4\u65b0\u70ba\u9031\u4e94\u665a\u9593\u516d\u9ede\uff0c\u4e0d\u5b9a\u6642\u767c\u4f48\u5176\u5b83\u5f71\u7247\uff01\u00d7\n\u8a02\u95b1\u6211\u5011\uff1ahttps://goo.gl/5L8xkV\n\u963f\u746a\u5b98\u7db2\uff1ahttps://www.fumeanstore.com\n\n\u3010\u5317\u6d77\u9053\u51ac\u5929\u5fc5\u505a\u7684\u4e8b\uff01\u6ed1\u96ea\u5dee\u9ede\u6454\u6b7b\u3011\u5fd7\u9298\u8207\u72f8\u8c93\n\u25b6 https://youtu.be/-YhNEvn8mF4\n\n-\n\n\u3010\u8fd1\u671f\u6d3b\u52d5\u3011\n\n\u7b2c\u4e09\u672c\u5716\u6587\u6f2b\u756b\u300a\u8c93\u54aa\u8d85\u6709\u4e8b3-\u8c93\u8c93\u7f8e\u98df\u6551\u63f4\u8a08\u756b\u300b\n\u5728\u746a\u746a\u5546\u884c\u8cfc\u8cb7\u5c31\u8d08\u9001\u300c\u5f8c\u5bae\u842c\u7528\u8b49\u4ef6\u5e36\u300d\uff08\u96a8\u6a5f1\u6b3e\uff09\n\n\u3010\u6436\u8cfc\u5c08\u5340\u3011   \n\u53f0\u7063(\u746a\u746a\u5546\u884c)\uff1ahttps://lihi1.com/vzhq3/catyt2\n\u6e2f\u6fb3\u5730\u5340\uff1ahttps://reurl.cc/rZAq54\n\u99ac\u65b0\u5730\u5340\uff1ahttps://is.gd/Vs7aXI\n\u203b\u4ee5\u4e0a\u9023\u7d50\u7686\u6709\u9001\u3010\u5f8c\u5bae\u842c\u7528\u8b49\u4ef6\u5e36\u3011\uff08\u51683\u6b3e\uff0c\u96a8\u6a5f\u8d08\u9001\u4e59\u6b3e\uff0c\u9001\u5b8c\u70ba\u6b62\uff09\n\n-\n\n\u3010\u963f\u746a\u5922\u4e4b\u8239 \u53f0\u5317\u5feb\u9583\u5e97\u3011\n\u5730\u9ede\uff1a\u53f0\u5317\u7d71\u4e00\u6642\u4ee37F \n\u6642\u9593\uff1a\u5373\u65e5\u8d77\uff5e2/28(\u4e8c) 11:00-22:00\n\n\u6d3b\u52d5\u8a73\u60c5\u8acb\u770b\u3010\u746a\u746a\u5546\u884c\u3011\u7c89\u7d72\u5c08\u9801\n\u25b6\ufe0f https://www.facebook.com/fumeanstore.official/\n\n-\n\n\u3010\u53f0\u5357-\u8da3\u6dd8\u6f2b\u65c5 X \u9ec3\u963f\u746a\u7684\u5f8c\u5bae\u751f\u6d3b\u3011\n\u5373\u65e5\u8d77\u81f36/30\u6b62\uff0c\u6bcf\u65e5\u9650\u91cf6\u9593\u300c\u963f\u746a\u4f86\u8da3\u6dd8\u300d\u4e3b\u984c\u623f\uff01\n\u5165\u4f4f\u963f\u746a\u4e3b\u984c\u623f\u5c31\u8d08\u9001\u300c\u4e3b\u984c\u623f\u79ae\u5305\u300d\u5594\uff01\n\u8a02\u623f\u7db2\u5740\uff1ahttps://reurl.cc/pZemRb\n\n-\n\n\u3010\u7f6e\u5bccMalls X \u9ec3\u963f\u746a\u55b5\u904b\u99d5\u5230\u3011\n\u5373\u65e5\u8d77\u81f33/12\u53ef\u4ee5\u5728\u9999\u6e2f\u7f6e\u5bccMalls\u7684\u56db\u5927\u5546\u5834\u627e\u5230\u5f8c\u5bae\u7684\u8eab\u5f71\u5594\uff01\n\u8a73\u60c5\u8acb\u770b https://reurl.cc/YdKWa0\n\n-\n\n\u7b2c\u4e03\u672c\u5e74\u5ea6\u8457\u4f5c\u300a\u7b49\u6211\u56de\u5bb6\u7684\u4f60\u300b\n\u53f0\u7063\uff08\u746a\u746a\u5546\u884c\uff09\uff1ahttps://reurl.cc/Kxxa5n\n\uff08\u746a\u746a\u5546\u884c \u7368\u5bb6\u8d08\u9001\u300c\u5f8c\u5bae\u51fa\u904a\u8da3\u63d2\u756b\u660e\u4fe1\u7247\u4e00\u5f35\uff0c\u96a8\u6a5f\u51fa\u8ca8\u4e0d\u6311\u6b3e\u300d\u5176\u4ed6\u901a\u8def\u6c92\u6709\u8d08\u9001\u5594\uff5e\uff09\n\u99ac\u65b0\u5730\u5340\uff1ahttps://reurl.cc/bzzGvr\n\n-\n\n\u3010\u963f\u746a Line\u8cbc\u5716\uff06\u4e3b\u984c\u3011\n\u300a\u6700\u65b0\u4e0a\u67b6\u300bhttps://reurl.cc/ROb2dG\n\u300a\u66f4\u591a\u8cbc\u5716\u300bhttps://reurl.cc/4RY6L2\n\n\u3010\u963f\u746a\u5b98\u7db2-\u746a\u746a\u5546\u884c\u3011\n\u25b6 https://www.fumeanstore.com/\n\u300a\u6700\u65b0\u5546\u54c1\u300b\u65b0\u6b3e\u5305\u5305\u3001\u65b0\u6b3e\u73ea\u85fb\u571f\u5730\u588a\u3001Socles\u5de8\u5927\u9ebb\u7cec\u3001\u964d\u843d\u5098\u7bc7\u76d2\u88dd\u73a9\u5177\u4e00\u4e2d\u76d2\n\n---\n\n\u3010\u5408\u4f5c\u9080\u7d04/IP\u806f\u540d\u6388\u6b0a\u3011\nfumeanaction@gmail.com \uff08\u6b61\u8fce\u4f86\u4fe1\u6d3d\u8ac7\uff09\n\n\u3014\u7248\u6b0a\u6240\u6709\uff0c\u975e\u7d93\u8a31\u53ef\u52ff\u8f49\u8f09\u81f3\u4efb\u4f55\u5e73\u53f0\u3015\n\u3014\u9818\u990a\u4e0d\u68c4\u990a\u3015",
        "likeCount": "6685",
        "commentCount": "210",
        "viewCount": "195943"
    },
    "comments": [
        {
            "reply_id": "UgwQp2skIMX6vzXgvbt4AaABAg",
            "reply_content": "\u540c\u6b3e\u624b\u673a\u652f\u67b6\ud83c\udf1d"
        },
        {
            "reply_id": "Ugxu1LPkmpwZMK8pkmF4AaABAg",
            "reply_content": "\u53ef\u611b"
        },
        {
            "reply_id": "UgylT-M0MXzay0E0L7V4AaABAg",
            "reply_content": "\u8ddb\u8173\u963f\u746a\u5f88Q"
        },
        {
            "reply_id": "UgwqsBflxvvpnQWevIt4AaABAg",
            "reply_content": "\u963f\u746a\u597d\u53ef\u611b\u2764"
        },
        {
            "reply_id": "Ugw3FEpiRDGEQWWrEbh4AaABAg",
            "reply_content": "\u5594\uff0c\u90fd\u60f3\u54ed\u4e86\uff0c\u963f\u746a\u662f\u6700\u611b\u4f60\u5011\u7684\u8c93"
        },
        {
            "reply_id": "UgzKmA-sCLqQ-11Bifd4AaABAg",
            "reply_content": "\u679c\u7136\u963f\u746a\u807d\u5230\u72f8\u8c93\u8072\u97f3\u5c31\u5f88\u6fc0\u52d5 \ud83e\udd79"
        },
        {
            "reply_id": "UgyFxgHbPj2Cfms0rEN4AaABAg",
            "reply_content": "\u963f\u746a\u7684\u5fe0\u8aa0\u53cd\u61c9\u8b93\u4eba\u5fc3\u788e\uff0c\u5feb\u9ede\u56de\u53bb\u966a\u4ed6\u554a\u2764\ufe0f"
        },
        {
            "reply_id": "Ugz4uiqdEaob9130ns94AaABAg",
            "reply_content": "\u525b\u958b\u59cb\u53ea\u6709\u807d\u5230\u8072\u97f3\u8c93\u54aa\u53ef\u80fd\u89ba\u5f97\u53ea\u662f\u9304\u97f3\u6216\u5e7b\u807d\u5427\ud83d\ude05\u6709\u8996\u8a0a\u7684\u6642\u5019\u8c93\u54aa\u5011\u5c31\u6bd4\u8f03\u6709\u53cd\u61c9\u4e86\ud83d\ude42"
        },
        {
            "reply_id": "Ugz-x8tr05omqokfGs54AaABAg",
            "reply_content": "\u963f\u746a\u771f\u7684\u662f\u5fe0\u81e3\u7684\u7687\u4e0a\u554a\ud83d\ude02"
        },
        {
            "reply_id": "UgxEHRK6CLriIJwBsPh4AaABAg",
            "reply_content": "\u6211\u5bb6\u7684\u8c93\u8996\u8a0a\u4e5f\u4e0d\u6703\u7406\u6211\u55da\u55da\u55da\u55da"
        },
        {
            "reply_id": "Ugy0YqQ0-HACsfP9oeF4AaABAg",
            "reply_content": "\u963f\u746a\u597d\u53ef\u611b"
        },
        {
            "reply_id": "UgytsvFpaSPBf39JSlx4AaABAg",
            "reply_content": "\u963f\u746a\u597d\u53ef\u611b!"
        },
        {
            "reply_id": "Ugy5T0aJYqAB78SlrZZ4AaABAg",
            "reply_content": "\u8fd9\u6d4b\u8bd5\u6211\u505a\u4e0d\u4e86\uff0c\u867d\u7136\u53ea\u6709\u4e00\u4e2a\u732b\u4e3b\u5b50\uff0c\u53ef\u662f\u5982\u679c\u5979\u542c\u5230\u6211\u7684\u58f0\u97f3\u6709\u53cd\u5e94\u53c8\u770b\u4e0d\u5230\u6211\uff0c\u6211\u4f1a\u60f3\u54ed\u60f3\u7acb\u523b\u56de\u5bb6\uff0c\u5c31\u4e0d\u5fc5\u73a9\u4e86\u3002XD"
        },
        {
            "reply_id": "UgzV2tbW1gbjNIWdFcN4AaABAg",
            "reply_content": "\u597d\u7684\u97f3\u97ff\u5f88\u91cd\u8981\uff0c\u5b83\u80fd\u5982\u5be6\u53cd\u6620\u4f60\u7684\u8072\u7dda\u3002\u624b\u6a5f\u51fa\u4f86\u7684\u8072\u97f3\uff0c\u7121\u8ad6\u5ee3\u544a\u5439\u5230\u591a\u725b\uff0c\u90fd\u662f\u56b4\u91cd\u5931\u771f\u3002"
        },
        {
            "reply_id": "UgwDFoEd8J5yp95S8K94AaABAg",
            "reply_content": "\u8ddf\u4f60\u5011\u4fdd\u8b49 \u8c93\u90fd\u807d\u5f97\u61c2 \u53ea\u662f\u8981\u4e0d\u8981\u56de\u61c9\ud83e\udd23"
        },
        {
            "reply_id": "Ugw585SnEaNAJpezKLJ4AaABAg",
            "reply_content": "\u5c0f\u5e6b\u624b\u8d81\u52e2\u8981\u99d5\u99ad\u5f8c\u5bae\ud83d\ude02\n\u679c\u7136\u963f\u746a\u624d\u662f\u771f\u611b\u554a"
        },
        {
            "reply_id": "Ugw38Ai12n6HjGKEubR4AaABAg",
            "reply_content": "\u53ea\u6709\u963f\u746a\u8a8d\u5f97\u51fa\u4f86\u4f60\u5011\u5169\u4eba\u7684\u8072\u97f3\uff0c\u5176\u4ed6\u8c93\u8a8d\u4e0d\u51fa\u4f86\u554a\uff01\ud83d\ude02\ud83d\ude02\ud83d\ude02"
        },
        {
            "reply_id": "Ugzl5adbn6cmzFu4p9N4AaABAg",
            "reply_content": "\u963f\u746a\u771f\u7684\u5f88\u9ecf\u72f8\u8c93\uff5e"
        },
        {
            "reply_id": "UgwdpRhwFm_4Wk_2wlN4AaABAg",
            "reply_content": "\u679c\u7136\u5728\u5f9e\u96fb\u5b50\u8a2d\u5099\u767c\u51fa\u8072\u97f3\u5c31\u8b8a\u4e86"
        },
        {
            "reply_id": "UgzX5TTmjiENNomYtFl4AaABAg",
            "reply_content": "\u963f\u746a\u597d\u68d2!"
        }
    ]
}