{
    "video_info": {
        "id": "zBFO7LvnKZw",
        "channelTitle": "\u9ec3\u963f\u746a\u7684\u5f8c\u5bae\u751f\u6d3b",
        "title": "\u7a81\u7136\u89aa\u8c93\u54aa\uff0c\u4ed6\u5011\u6703\u600e\u6a23\uff1f",
        "description": "",
        "likeCount": "23974",
        "commentCount": "262",
        "viewCount": "734635"
    },
    "comments": [
        {
            "reply_id": "UgxgKaQbzP-t7IGQtXl4AaABAg",
            "reply_content": "\u6709\u4e9b\u55b5\u55b5\u5f88\u611b"
        },
        {
            "reply_id": "UgwpvKA61lW5-nQWmuZ4AaABAg",
            "reply_content": "\u6211\u5bb6\u7684\u5c0f\u8299\u4e0a\u6b21\u6211\u89aa\u5979\u5979\u76f4\u63a5\u54ac\u6211\u4e00\u53e3\u81c9\u9830\u9084\u7d05\u8d77\u4f86== \u4e0d\u6562\u4e86"
        },
        {
            "reply_id": "UgwGhZ-jsp6aJMUugtx4AaABAg",
            "reply_content": "\u6211\u4e5f\u60f3\u88ab\u72f8\u8c93\u89aa"
        },
        {
            "reply_id": "Ugwj4YWXErpebUDCZ3V4AaABAg",
            "reply_content": "\ud83d\ude05\u50bb\u773c\u8c93\u54aa"
        },
        {
            "reply_id": "Ugx_nXUE_obKkiZjf2N4AaABAg",
            "reply_content": "\u4eca\u665a\u56de\u5bb6\u62ff\u81ea\u5bb6\u7684\u8c93\u8a66\u8a66\u770b\uff0c\u770b\u8c93\u54aa\u5403\u7f50\u7f50\u5403\u5230\u4e00\u534a\u5077\u89aa\u6703\u4e0d\u6703\u5410\u51fa\u4f86\ud83d\ude02"
        },
        {
            "reply_id": "UgzQSvs9yd8BTkZ4dn94AaABAg",
            "reply_content": "\u9019\u5c31\u662f\uff1a\u50bb\u773c\u8c93\u54aa"
        },
        {
            "reply_id": "UgyMA-luyle1Pb9R7494AaABAg",
            "reply_content": "\u5b83\u6709\u4e9b\u4e0d\u77e5\u6240\u63aa\ud83d\ude02"
        },
        {
            "reply_id": "UgxgVe60iC0nSWLqgHF4AaABAg",
            "reply_content": "\u5acc\u68c4\u4f46\u9084\u662f\u6703\u7d66\u89aa\ud83d\ude04"
        },
        {
            "reply_id": "UgxX8OwVLAy0W0PJlzF4AaABAg",
            "reply_content": "\u6211\u4ee5\u4e3a\u8fd9\u53ea\u732b\u88ab\u4eb2\u543b\u540e\u4f1a\u53d8\u6210\u4e00\u4e2a\u53ef\u7231\u7684\u5973\u5b69\u5b50\ud83d\ude22"
        },
        {
            "reply_id": "Ugw7wYOPhuRUhgGf4RV4AaABAg",
            "reply_content": "\u597d\u597d\u7b11"
        },
        {
            "reply_id": "UgyC-hFPdZJs3uiXcbl4AaABAg",
            "reply_content": "\u732b\u54aa\u901a\u8fc7\u53ef\u7231\u957f\u76f8\u548c\u6e29\u987a\u6027\u683c\u6210\u529f\u4fd8\u83b7\u4eba\u7c7b\u4e4b\u5fc3\uff0c\u5728\u4eba\u7c7b\u5ba0\u7231\u4e4b\u4e0b\u83b7\u5f97\u7e41\u884d\u751f\u606f\uff0c\u8fd9\u4e5f\u662f\u4ed6\u4eec\u7684\u751f\u5b58\u4e4b\u9053"
        },
        {
            "reply_id": "Ugy-5OzQdB-uwK9IrX54AaABAg",
            "reply_content": "\u602a\u4e0d\u5f97\u4e16\u4e0a\u6709\u4eba\u7378\u4ea4\u9019\u56de\u4e8b\uff0c\u771f\u5641\u5fc3\ud83d\ude22"
        },
        {
            "reply_id": "Ugx3u8TRLTWL6lCmQft4AaABAg",
            "reply_content": "\u6703\u8b8a\u6210\u50bb\u773c\u8c93\u54aa"
        },
        {
            "reply_id": "UgzPkEhZRxGJTECqnzN4AaABAg",
            "reply_content": "\u7cbe\u795e\u6709\u554f\u984c\u5bf9\u7236\u6bcd\u89aa\u6c92\u90a3\u4e48"
        },
        {
            "reply_id": "Ugx511LcjJmDT8YopAx4AaABAg",
            "reply_content": "\u7a81\u7136\u89aa\u4e00\u4e0b\u7cfb\u5217\uff0c\u591a\u62cd\u4e00\u9ede\u5176\u4ed6\u8c93\u5bf6\u8c9d\u7684\u53cd\u61c9\u554a\uff5e"
        },
        {
            "reply_id": "UgwxX9jAjtleqv1Xk-d4AaABAg",
            "reply_content": "\u7378\u6027\u5927\u767c\uff1a\u9047\u5230\n\u4e00\u6b21\u4f60\u6703\u751f\u4e0d\u5982\u6b7b\uff0c\u6700\u597d\u4e0d\u8981\u6709\u6b64\u8209\u3002"
        },
        {
            "reply_id": "UgzRX3zNhf7w7L4CYfR4AaABAg",
            "reply_content": "\u5982\u679c\u662f\u89aa\u8c93\u7684\u83ca\u82b1\u5462\uff1f"
        },
        {
            "reply_id": "Ugyp5gnuiOQ78_FtVvZ4AaABAg",
            "reply_content": "\u9084\u4e0d\u662f\u4f60\u6253\u4e0a\u5b57\u5e55\uff0c\u4e0d\u7136\u4ed6\u54ea\u6709\u90a3\u500b\u610f\u601d\uff0c\u53f0\u7063\u771f\u7684\u5f88\u6703\u9a19"
        },
        {
            "reply_id": "UgwwCYWOj6PCkSeldNB4AaABAg",
            "reply_content": "\u6211\u5bb6\u8c93\u90fd\u4e0d\u7d66\u6211\u89aa\u53ea\u8981\u62b1\u5b83\uff0c\u5b83\u5c31\u6703\u8dd1"
        },
        {
            "reply_id": "UgyLt9yci6KgPUF7cQ94AaABAg",
            "reply_content": "\u9ed1\u8272\u7684\u732b\u662f\u4eba\u9762\u72ee\u795e\u8c61\u5417"
        }
    ]
}