{
    "channel": {
        "title": "Rosalina's Kitchen \u863f\u6f54\u5854\u7684\u5eda\u623f",
        "id": "UCcb9uxCoIgw7RQjQnlgd0Xw",
        "customUrl": "@rosalinakitchen",
        "uploads": "UUcb9uxCoIgw7RQjQnlgd0Xw"
    },
    "videos": [
        {
            "id": "04GWY5whX9c",
            "title": "\u8d85\u7d1a\u4e0b\u98ef\u83dc\u300e\u7167\u71d2\u5730\u74dc\u96de\u300f\u9bae\u5ae9\u591a\u6c41\u7684\u96de\u8089\u52a0\u4e0a\u6817\u5b50\u5730\u74dc\uff0c\u9e79\u4e2d\u5e36\u751c\u7684\u6ecb\u5473\uff0c\u597d\u5403\u5230\u98ef\u934b\u90fd\u898b\u5e95\u4e86\uff01"
        },
        {
            "id": "D8Z33pAFSS4",
            "title": "\u9444\u9435\u934b\u714e\u86cb\u4e0d\u6cbe\u7684\u65b9\u6cd5\u3002\u990a\u934b\u8a73\u7d30\u6587\u5b57\u8aaa\u660e\uff0c\u8acb\u770b\u5854\u5854\u5beb\u7684\u9019\u7bc7\u6587\u7ae0\uff1ahttps://rosalinakitchen.com/fried-egg/"
        },
        {
            "id": "GDkhaWqaHZE",
            "title": "\u559c\u6b61\u559d\u82e6\u74dc\u6392\u9aa8\u6e6f\u7684\u670b\u53cb\uff0c\u9019\u500b\u505a\u6cd5\u4e00\u5b9a\u8981\u8a66\u8a66\uff01\u9bae\u7684\u4e0d\u5f97\u4e86\uff0c\u8d85\u597d\u559d\uff01"
        },
        {
            "id": "8Clqk5oilsA",
            "title": "\u5929\u554a\uff5e\u6211\u597d\u559c\u6b61\u9019\u300e\u57f9\u6839\u86cb\u9ec3\u91ac\u7fa9\u5927\u5229\u9eb5\u300f\u6fc3\u90c1\u7684\u91ac\u6c41\u8ddf\u98a8\u5473\uff0c\u5b69\u5b50\u6bcf\u6b21\u90fd\u5403\u5230\u76e4\u5e95\u671d\u5929\uff01"
        },
        {
            "id": "62pJSI-rehA",
            "title": "\u6e1b\u91cd\u5fc5\u5b78\u7684\u5730\u4e2d\u6d77\u6599\u7406\uff1a15\u5206\u9418\u5b8c\u6210\u300e\u6d77\u9bae\u70e4\u9bad\u9b5a\uff0b\u9999\u6599\u70e4\u6adb\u74dc\u300f\u8c50\u5bcc\u7684 Omega-3\uff0c\u5065\u5eb7\u53c8\u7f8e\u5473\uff01"
        },
        {
            "id": "vNK4wNsXPh4",
            "title": "\u714e\u7684\u9999\u9999\u7684\u9bad\u9b5a\u8ddf\u86cb\u6df7\u62cc\u5728\u98ef\u88e1\u300e\u9bad\u9b5a\u852c\u83dc\u62cc\u98ef\u300f\u53e3\u5473\u5c64\u6b21\u8c50\u5bcc\uff0c\u64c4\u7372\u5927\u4eba\u8ddf\u5b69\u5b50\u7684\u80c3\u3002\u7cd9\u7c73\u7248\uff0c\u66f4\u5065\u5eb7\u5594\uff01"
        },
        {
            "id": "rDime9dZzgc",
            "title": "\u7c21\u55ae\u7684\u7121\u6c34\u99ac\u9234\u85af\u71c9\u8089\uff01\u7121\u6cb9\u7159\u597d\u8f15\u9b06\uff01"
        },
        {
            "id": "ClVpvAh9Y7M",
            "title": "\u6e1b\u91cd\u5fc5\u5b78\uff01\u6bcf\u5929\u90fd\u60f3\u4f86\u4e00\u7897 \u8d85\u597d\u559d\u7684\u300e\u9ad8\u7e96\u7248\u9178\u8fa3\u6e6f\u300f\u6d88\u5c0f\u8179\uff01\u4e00\u9031\u559d\u4e09\u6b21\u90fd\u4e0d\u6703\u81a9\uff01"
        },
        {
            "id": "U2EE5wMJPvs",
            "title": "\u5169\u7a2e\u70e4\u5730\u74dc\u65b9\u6cd5\uff01\u5065\u5eb7\u6e1b\u91cd\u3002\u6309\u7167\u9019\u6a23\u5403\uff0c\u8001\u516c\u7626\u4e86\u4e94\u516c\u65a4\uff01"
        },
        {
            "id": "Whgpq0bSZWc",
            "title": "\u60f3\u4e0d\u5230\u5403\u4ec0\u9ebc\uff1f\u5c31\u4f86\u7c21\u55ae\u505a\u9019\u9053\u300e\u8766\u4ec1\u8c46\u8150\u7fb9\u71f4\u98ef\u300f\uff0c\u4fdd\u8b49\u5403\u5230\u76e4\u5b50\u898b\u5e95\uff01"
        },
        {
            "id": "12YYYXKzQZ0",
            "title": "\u6015\u5927\u5bb6\u89ba\u5f97\u9ebb\u7169\uff0c\u4eca\u5929\u5148\u5206\u4eab\u70e4\u5730\u74dc\u7c21\u55ae\u65b9\u6cd5\u4e00\uff0c\u4e0b\u6b21\u518d\u62cd\u5f71\u7247\u5206\u4eab\u53e6\u4e00\u7a2e\u3002\u84b8\u8ddf\u70e4\u3002"
        },
        {
            "id": "giPW2hLywPY",
            "title": "\u79cb\u5929\u6700\u9069\u5408\u4f86\u716e\u9019\u500b\u51b0\u7cd6\u96ea\u68a8\u71c9\u9280\u8033\u3002\u7528\u65b0\u9bae\u7684\u767d\u6728\u8033\u716e\uff0c\u4e0d\u50c5\u7bc0\u7701\u6642\u9593\uff0c\u9084\u7279\u5225\u597d\u5403\u3002\u8a66\u8a66\u770b\u3002"
        },
        {
            "id": "fU7bsNgXjgg",
            "title": "\u525d\u67ff\u5b50\u7684\u5c0f\u6280\u5de7\uff01\u8d95\u5feb\u5b78\u8d77\u4f86\uff01\u2764\ufe0f\u3002\u8edf\u67ff\u5b50\u9023\u76ae\u5403 \u53e3\u611f\u6703\u6f80\u6f80\u7684\uff0c\u50cf\u9019\u6a23\u525d\u76ae\u4e00\u4e0b\u6703\u66f4\u597d\u5403\uff01"
        },
        {
            "id": "U8EJZGk7ihY",
            "title": "\u6211\u5e73\u65e5\u6700\u611b\u5403\u7684\u6dbc\u62cc\u8c46\u4e7e\u5c0f\u83dc\uff01\u4f4e\u8102\u3001\u9ad8\u7e96\u53c8\u6709\u98fd\u8db3\u611f\uff01\u7dad\u6301\u9ad4\u91cd\u5c31\u9760\u5b83\u4e86\uff01"
        },
        {
            "id": "thZj-zVa3Y4",
            "title": "\u6628\u5929\u56de\u5a18\u5bb6\uff0c\u5abd\u5abd\u8aaa\u770b\u4e86\u6211\u7684\u5f71\u7247\u505a\u4e86\u5f88\u6210\u529f\u7684\u9ed1\u849c\uff01 \u9084\u6709\u4e00\u5927\u888b\u53ef\u4ee5\u8b93\u6211\u5e36\u56de\u5bb6\ud83d\ude06"
        },
        {
            "id": "-M4X7HnMyH8",
            "title": "\u6e05\u723d\u53c8\u958b\u80c3\u7684\u6cf0\u5f0f\u6dbc\u62cc\u6d77\u9bae\u51ac\u7c89\uff01\u5065\u5eb7\u53c8\u4f4e\u8102\uff0c\u6d77\u9bae\u8ddf\u6ed1\u6e9c\u7684\u51ac\u7c89\uff0c\u53e3\u5473\u5c64\u6b21\u5206\u660e\uff0c\u8b93\u4eba\u56de\u5473\u7121\u7aae\uff5e"
        },
        {
            "id": "KNy3JEmJj_8",
            "title": "\u5b63\u7bc0\u4ea4\u66ff\uff0c\u6c23\u5019\u591a\u8b8a\uff0c\u63d0\u5347\u514d\u75ab\u529b\uff0c\u4e00\u5b9a\u8981\u8a66\u8a66\u300e\u82b1\u65d7\u8518\u990a\u751f\u9999\u83c7\u96de\u6e6f\u300f\u3002\u6211\u7684\u4fdd\u990a\u5c0f\u5fc3\u6a5f\uff01\u559d\u5b8c\u7cbe\u795e\u767e\u500d\uff5e"
        },
        {
            "id": "wiTV9AR4hG8",
            "title": "\u6dbc\u62cc\u51ac\u7c89\u5c0f\u83dc\u2764\ufe0f\u8d85\u7d1a\u597d\u5403\uff0c\u8d95\u5feb\u6536\u85cf\u8d77\u4f86\uff01"
        },
        {
            "id": "rsi8l9pCJF8",
            "title": "\u714e\u7684\u9999\u9999\u7684\u4e5d\u5c64\u5854\u86cb\uff0c\u642d\u914d\u591a\u6c41\u7684\u96de\u8089\u8ddf\u7368\u7279\u7684\u91ac\u6c41\uff0c\u5403\u4e0a\u4e00\u53e3\u5c31\u7121\u6cd5\u81ea\u62d4\uff01"
        },
        {
            "id": "VLHP4XQBxWU",
            "title": "\u7701\u9322\u5927\u4f5c\u6230\uff01\u5169\u6a23\u98df\u6750\uff0c\u7c21\u55ae\u6613\u505a\uff0c\u7f8e\u5473\u7121\u9650\uff01\u8f15\u9b06\u5b8c\u6210\u7389\u7c73\u91ce\u83c7\u708a\u98ef\uff5e"
        },
        {
            "id": "T9Ji7OlikfA",
            "title": "2023\u5e748\u670831\u65e5"
        },
        {
            "id": "4Kjq-wRXhEI",
            "title": "\u6975\u5ea6\u9bae\u7f8e\u7684\u82e6\u74dc\u6392\u9aa8\u6e6f\uff0c\u5e7e\u500b\u5c0f\u6280\u5de7\uff0c\u8b93\u4f60\u5f9e\u6b64\u611b\u4e0a\u82e6\u74dc\uff01"
        },
        {
            "id": "XA7z-U2H1qw",
            "title": "\u4e5d\u6708\u521d\u5dee\u4e0d\u591a\u5c31\u662f\u590f\u5929\u7684\u5c3e\u8072\u4e86\uff0c\u8fce\u63a5\u79cb\u5929\u7684\u5230\u4f86\uff0c\u5728\u9019\u500b\u5b63\u7bc0\u4ea4\u66ff\u6700\u5bb9\u6613\u611f\u5192\u4e86\uff01\u525b\u958b\u5b78\u7684\u6642\u5019\u4e5f\u662f\u5b69\u5b50\u6700\u5bb9\u6613\u751f\u75c5\u7684\u6642\u5019\uff0c\u8d95\u5feb\u66ff\u81ea\u5df1\u8ddf\u5b69\u5b50\u5011\u716e\u4e00\u58fa\u8336\uff0c\u63d0\u5347\u514d\u75ab\u529b\uff01\u4e0a\u5b78\u7684\u6642\u4faf\u4e5f\u6703\u6bd4\u8f03\u6709\u7cbe\u795e\u5594\uff01"
        },
        {
            "id": "jDI-plluONQ",
            "title": "\u84b2\u74dc\u539f\u4f86\u53ef\u4ee5\u9019\u6a23\u5403\uff01\u8d85\u7d1a\u958b\u80c3\u7684\u6dbc\u62cc\u84b2\u74dc\u7d72\uff5e\u5e73\u6613\u8fd1\u4eba\u7684\u98df\u6750\uff01\u597d\u5403\u7684\u7a0b\u5ea6\uff0c\u8d85\u8d8a\u4f60\u7684\u60f3\u50cf"
        },
        {
            "id": "r9fZkae4rKc",
            "title": "\u852c\u83dc\u52a0\uff0b\u8c6c\u8089\u662f\u590f\u5b63\u88e1\u6700\u68d2\u7684\u5496\u54e9\u852c\u83dc\u7092\u9eb5\u3002\u9999\u6c23\u5341\u8db3\u7684\u5496\u54e9\u8b93\u852c\u83dc\u66f4\u52a0\u7f8e\u5473\u4e86\uff01"
        }
    ]
}