{
    "video_info": {
        "id": "-_USelxfCYk",
        "channelTitle": "\u9ec3\u6c0f\u5144\u5f1f",
        "title": "\u82b1\u5e7e\u5341\u842c\u5143\u53bb\u9999\u6e2f\u958b\u7c3d\u5531\u6703\uff0c\u4eba\u6578\u7206\u6eff\uff01\u5dee\u9ede\u5f15\u8d77\u9a37\u52d5\u00b7\u00b7\u00b7\u3010\u9ec3\u6c0f\u5144\u5f1f\u3011Ft.DJB",
        "description": "\ud83d\udd2512/2\u744b\u744b\u500b\u4eba\u97f3\u6a02\u5c08\u5834\ud83d\udc49https://reurl.cc/8N7jZ4\n..\n*\u672c\u5f71\u7247\u8207\u300aDJB\u300b\u5408\u4f5c\n\u983b\u9053\u6703\u54e1\u5168\u65b0\u6539\u7248\u5566\uff01\u5feb\u52a0\u5165\u983b\u9053\u6703\u54e1\u5427\ud83d\udc49https://reurl.cc/KAp7ng\n..\n\n\u744b\uff1a\u611f\u8b1d\u9999\u6e2f\u89c0\u773e\u7d66\u4e88\u6211\u5011\u6eff\u6eff\u7684\u611b\uff0c\u7b2c\u4e00\u6b21\u7684\u6d77\u5916\u7c3d\u5531\u6703\u5927\u6210\u529f\uff01\n\u54f2\uff1a\u6709\u6211\u9019\u500b\u52a9\u7406\u662f\u4e0d\u662f\u4e5f\u8b93\u4f60\u5f88\u611f\u52d5\n\n\u4e5f\u8b1d\u8b1d\u9019\u6b21\u63d0\u4f9b\u5834\u5730\u7d66\u6211\u5011\u7684D2 Place one\uff0c\n\u5728\u5929\u81fa\u9019\u9ebc\u8212\u670d\u958b\u95ca\u7684\u5730\u65b9\u8fa6\u6d3b\u52d5\u597d\u8b9a\ud83e\udd29\n\n\u9019\u6b21\u54f2\u52a9\u7406\u5e6b\u5c0f\u8001\u95c6\u9810\u5b9a\u7684\u5c31\u662fDJB eSim\u7db2\u5361\uff0c\n\u5929\u6578\u6d41\u91cf\u90fd\u53ef\u4ee5\u4f9d\u81ea\u5df1\u9700\u6c42\u5f48\u6027\u9078\u64c7\uff0c\n\u800c\u4e14\u7db2\u8def\u9ad8\u901f\u4e0d\u65b7\u6703\u96a8\u4fbf\u65b7\u7db2\uff0c\n\u9084\u670924\u5c0f\u6642\u771f\u4eba\u7dda\u4e0a\u5ba2\u670d\uff0c365\u5929\u5168\u5e74\u7121\u4f11\uff0c\u652f\u63f4\u82f1\u8a9e\u3001\u65e5\u8a9e\u3001\u4e2d\u6587\u3001\u97d3\u6587\u5594\uff5e\n\u4e0d\u7528\u518d\u63db\u5361\u53c8\u5f88\u5212\u7b97\u7684eSim\u5728\u9019\u908a\ud83d\udc49https://esim.djbcard.com/\n\n\n..\n\n\ud83d\udd25\u4e00\u9031\u516b\u5929MV\ud83d\udc49https://youtu.be/pDonIdAMEy0?si=h29waIp61FXwxx7C\n\ud83d\udd25\u744b\u744b\u9ec3\u633a\u744b\u300cPull n' Push\u300d\u6578\u4f4d\u6536\u807d\u7684\u9023\u7d50\ud83d\udc49https://TingWei.lnk.to/PNP\n\ud83d\udd25\u744b\u744b\u7684\u500b\u4eba\u97f3\u6a02\u983b\u9053\u958b\u5f35\u56c9\ud83d\udc49https://www.youtube.com/@tingwei.h.1008\n\nIG \ud83d\udc49 huangbrotherss\nFaceBook \ud83d\udc49 https://goo.gl/UcZf4Y\nLine \ud83d\udc49 @huangbrothers\nTikTok \ud83d\udc49 https://reurl.cc/3ajgpj\n\u8a02\u95b1\u6211\u5011 \ud83d\udc49 https://goo.gl/pPGJbv\n\u52a0\u5165\u983b\u9053\u6703\u54e1 \ud83d\udc49 https://reurl.cc/KAp7ng\n\n\u25ba\u4e00\u9031\u6709\u4e8c\u5230\u4e09\u652f\u65b0\u5f71\u7247\uff0c\u9084\u6709\u4e0d\u5b9a\u6642\u7684\u76f4\u64ad\uff0c\u4e00\u5b9a\u8981\u958b\u9234\u943a\u6536\u901a\u77e5\uff01\n\u25ba\u5927\u5bb6\u591a\u591a\u5206\u4eab\u3001\u6309\u559c\u6b61\uff0c\u4f60\u7684\u652f\u6301\u662f\u7d66\u6211\u5011\u6700\u5927\u7684\u9f13\u52f5\n\n#\u9ec3\u6c0f\u5144\u5f1f#DJB#eSim#\u9999\u6e2f",
        "likeCount": "3329",
        "commentCount": "203",
        "viewCount": "93510"
    },
    "comments": [
        {
            "reply_id": "UgzlxjRRYAOA8ylXXvR4AaABAg",
            "reply_content": "\u665a\u4f86\u4e86",
            "likeCount": 1
        },
        {
            "reply_id": "Ugx_nByPTZPlLBZ8XN94AaABAg",
            "reply_content": "\u6211\u540c\u5b78\u6709\u53bb\u6b38",
            "likeCount": 1
        },
        {
            "reply_id": "Ugz_8e7FyZKZoWxk3ct4AaABAg",
            "reply_content": "\u771f\u7684\u597d\u5e05",
            "likeCount": 0
        },
        {
            "reply_id": "UgzFQioW28boHIk_fNZ4AaABAg",
            "reply_content": "\u6211\u7279\u5730\u53bb\u9999\u6e2f\u770b\u4f60",
            "likeCount": 0
        },
        {
            "reply_id": "Ugyl4rc6BrpNBg6vTkp4AaABAg",
            "reply_content": "\u7def\u744b\u662f\u5e25\u54e5",
            "likeCount": 0
        },
        {
            "reply_id": "UgwJrknC0hrWjPwRcax4AaABAg",
            "reply_content": "\u4e0d\u8981\u7fd8\u811a",
            "likeCount": 0
        },
        {
            "reply_id": "UgwJ1hT2Ets6viOp_614AaABAg",
            "reply_content": "\u6211\u90a3\u5929\u8981\u4e0a\u73ed\u53bb\u4e0d\u5230",
            "likeCount": 0
        },
        {
            "reply_id": "UgwX0tSgGf8kCjYYbTF4AaABAg",
            "reply_content": "\u5831\u5230",
            "likeCount": 0
        },
        {
            "reply_id": "Ugxj52zKyMkLuz0P6pl4AaABAg",
            "reply_content": "\u6211\u6709\u770b\u5230\u4f60\u5011\u7684\u6f14\u5531\u6703\u6211\u56de\u4f86\u6211\u5c31\u770b\u9019\u500b\u5f71\u7247\u6211\u7279\u5730\u8dd1\u53bb\u7684\uff0c\u6211\u9084\u770b\u5230\u6211\u81ea\u5df1",
            "likeCount": 0
        },
        {
            "reply_id": "UgwF7vlx0-o6qpwXYmJ4AaABAg",
            "reply_content": "",
            "likeCount": 0
        },
        {
            "reply_id": "UgywCxgAZej_HHKZqnd4AaABAg",
            "reply_content": "\u975a\u7de8\u5831\u5230",
            "likeCount": 0
        },
        {
            "reply_id": "Ugyf2-3jRhHaohtn2Rh4AaABAg",
            "reply_content": "\u6b61\u8fce\u5c0f\u52a9\u7406\u548c\u6b4c\u624b\u53bb\u9999\u6e2f\u73fe\u5728\u770b\u56de\u5f71\u7247\u90fd\u6eff\u6eff\u7684\u5e78\u798f\u56de\u61b6\u90a3\u5929\u73fe\u5834\u8c46\u5c71\u8c46\u6d77\u7684",
            "likeCount": 0
        },
        {
            "reply_id": "UgwtjsYcWkzhw9o0XjB4AaABAg",
            "reply_content": "\u70ba\u4ec0\u9ebc\u6211\u770b\u898b\u4e00\u500b\u8718\u86db\u982d",
            "likeCount": 1
        },
        {
            "reply_id": "UgyjPjHMt8MCs_RR-O94AaABAg",
            "reply_content": "\u5f71\u7247\u5165\u9762\u6709\u6211",
            "likeCount": 1
        },
        {
            "reply_id": "Ugygo15wqoMgdMVIHo14AaABAg",
            "reply_content": "\u6211\u4e0d\u77e5\u9053\u6240\u4ee5\u6c92\u6709\u53bb\u5c0d\u4e0d\u8d77\u6211\u4e5f\u662f\u9ec3\u8c46",
            "likeCount": 0
        },
        {
            "reply_id": "Ugy8q065m-MlJpr39iB4AaABAg",
            "reply_content": "\u7b2c\u4e00",
            "likeCount": 0
        },
        {
            "reply_id": "UgwiXiddFJGUEHhiGHR4AaABAg",
            "reply_content": "\u5b89\u5b89\u5440",
            "likeCount": 0
        },
        {
            "reply_id": "UgwU1jM4eBH34sZci914AaABAg",
            "reply_content": "\u5b89",
            "likeCount": 0
        }
    ]
}