{
    "video_info": {
        "id": "85ukLadhVw4",
        "channelTitle": "\u9ec3\u6c0f\u5144\u5f1f",
        "title": "\u60e1\u6574\u54f2\u54f2\uff0c\u958b\u6703\u4e2d\u4e0d\u65b7\u4ea4\u63db\u5bf5\u7269\uff01\u672c\u5c0avs\u5192\u724c\u8ca8\uff0c\u6703\u88ab\u767c\u73fe\u55ce\uff1f\u3010\u9ec3\u6c0f\u5144\u5f1f\u3011\u51f1\u514b\u9e1a\u9d61 \u6574\u4ebaPRANK",
        "description": "\ud83d\udd2512/2\u744b\u744b\u500b\u4eba\u97f3\u6a02\u5c08\u5834\ud83d\udc49https://reurl.cc/8N7jZ4\n..\n\u744b\u744b\u958b\u6703\u4e2d\u760b\u72c2\u96e2\u5e2d...\u54f2\u54f2\u662f\u5426\u6703\u767c\u73fe\u7570\u6a23.....\n..\n\n\ud83d\udd25\u4e00\u9031\u516b\u5929MV\ud83d\udc49https://youtu.be/pDonIdAMEy0?si=h29waIp61FXwxx7C\n\ud83d\udd25\u744b\u744b\u9ec3\u633a\u744b\u300cPull n' Push\u300d\u6578\u4f4d\u6536\u807d\u7684\u9023\u7d50\ud83d\udc49https://TingWei.lnk.to/PNP\n\ud83d\udd25\u744b\u744b\u7684\u500b\u4eba\u97f3\u6a02\u983b\u9053\u958b\u5f35\u56c9\ud83d\udc49https://www.youtube.com/@tingwei.h.1008\n\nIG \ud83d\udc49 huangbrotherss\nFaceBook \ud83d\udc49 https://goo.gl/UcZf4Y\nLine \ud83d\udc49 @huangbrothers\nTikTok \ud83d\udc49 https://reurl.cc/3ajgpj\n\u8a02\u95b1\u6211\u5011 \ud83d\udc49 https://goo.gl/pPGJbv\n\u52a0\u5165\u983b\u9053\u6703\u54e1 \ud83d\udc49 https://reurl.cc/KAp7ng\n\n\u25ba\u4e00\u9031\u6709\u4e8c\u5230\u4e09\u652f\u65b0\u5f71\u7247\uff0c\u9084\u6709\u4e0d\u5b9a\u6642\u7684\u76f4\u64ad\uff0c\u4e00\u5b9a\u8981\u958b\u9234\u943a\u6536\u901a\u77e5\uff01\n\u25ba\u5927\u5bb6\u591a\u591a\u5206\u4eab\u3001\u6309\u559c\u6b61\uff0c\u4f60\u7684\u652f\u6301\u662f\u7d66\u6211\u5011\u6700\u5927\u7684\u9f13\u52f5\n\n#\u9ec3\u6c0f\u5144\u5f1f #\u6574\u4eba",
        "likeCount": "4974",
        "commentCount": "246",
        "viewCount": "117655"
    },
    "comments": [
        {
            "reply_id": "UgzGdoZblsbbgMgtTk14AaABAg",
            "reply_content": "\u597d\u53ef\u611b",
            "likeCount": 0
        },
        {
            "reply_id": "Ugzh3iA1V3BXHYXsBap4AaABAg",
            "reply_content": "\u795d\u5927\u5bb6\u65e9\u65e5\u5eb7\u5fa9",
            "likeCount": 0
        },
        {
            "reply_id": "UgzBRhQly1OMv_V9zKp4AaABAg",
            "reply_content": "\u5c0d\u4e0d\u8d77\u744b\u744b\u6211\u6c92\u8cb7\u5230\u4f60\u7684\u5c08\u8f2f",
            "likeCount": 0
        },
        {
            "reply_id": "UgwdH1FgYgq_8wMYa0R4AaABAg",
            "reply_content": "\u982d\u9802\u4e0d\u4e00\u6a23",
            "likeCount": 0
        },
        {
            "reply_id": "Ugzl6w15Y5iepQ09Rl94AaABAg",
            "reply_content": "\u9019\u96c6\u610f\u5916\u7684\u7121\u804a",
            "likeCount": 0
        },
        {
            "reply_id": "Ugz6lKmXZkf-rvLYjiV4AaABAg",
            "reply_content": "\u5169\u96bb\u90fd\u5f88\u559c\u6b61\u54f2\u54f2\u5594",
            "likeCount": 0
        },
        {
            "reply_id": "Ugw1Vx1v1QDlkJBEK0p4AaABAg",
            "reply_content": "\u7fc5\u8180\u7684\u984f\u8272\u61c9\u70ba\u6211\u5bb6\u4ee5\u524d\u6709\u990a",
            "likeCount": 0
        },
        {
            "reply_id": "UgyYxWUs6CNx1vkdKPR4AaABAg",
            "reply_content": "\u6211\u4e5f\u8981\u5230\u54f2\u54f2\u7684\u8863\u670d\u88e1",
            "likeCount": 0
        },
        {
            "reply_id": "UgyRori6mGxTL_Ix_ph4AaABAg",
            "reply_content": "\u6211\u9084\u4ee5\u70ba\u662f\u6574\u744b\u744b",
            "likeCount": 1
        },
        {
            "reply_id": "UgxNH-dd1kuu7DeSHOR4AaABAg",
            "reply_content": "\u7d42\u65bc\u6709\u5144\u5f1f\u6236\u6574\u5566\uff0c\u4f86\u770b\u770b\u54f2\u54f2\u7684\u8868\u60c5\u6703\u662f\u6574\u6a23",
            "likeCount": 1
        },
        {
            "reply_id": "UgyM3YevJBjh1L00uuB4AaABAg",
            "reply_content": "\u52a0\u6cb9\u5594",
            "likeCount": 1
        },
        {
            "reply_id": "UgxrF4q_n2oxLTM9EDF4AaABAg",
            "reply_content": "\u8173\u74b0\u6234\u4e0d\u540c\u908a",
            "likeCount": 0
        },
        {
            "reply_id": "UgxehsdSzSvwmVzk1Bx4AaABAg",
            "reply_content": "\u597d\u671f\u5f85",
            "likeCount": 0
        },
        {
            "reply_id": "Ugyb7GjXxk4Qa0_MMUl4AaABAg",
            "reply_content": "\u5169\u96bb\u90fd\u597d\u53ef\u611b",
            "likeCount": 0
        },
        {
            "reply_id": "UgxQJhpK779_JGNvzE54AaABAg",
            "reply_content": "\u5c0f\u6ce2\u4e5f\u5f88\u53ef\u611b",
            "likeCount": 0
        },
        {
            "reply_id": "UgyVQXcPa6IqmqIsdGZ4AaABAg",
            "reply_content": "\u982d",
            "likeCount": 0
        },
        {
            "reply_id": "UgwOic-6ZMkL81zCfZ94AaABAg",
            "reply_content": "\u8981\u958b\u59cb\u4e86",
            "likeCount": 0
        },
        {
            "reply_id": "Ugz0mKNfWXkpVH2VHjh4AaABAg",
            "reply_content": "\u597d\u671f\u5f85",
            "likeCount": 0
        },
        {
            "reply_id": "UgzoKQZK-qAqAp_a3c14AaABAg",
            "reply_content": "\u5b89\u5b89",
            "likeCount": 0
        },
        {
            "reply_id": "Ugy6fz1PoC5P87GLzhB4AaABAg",
            "reply_content": "\u671f\u5f85",
            "likeCount": 0
        }
    ]
}