{
    "video_info": {
        "id": "9sYRiS2J1KU",
        "channelTitle": "\u9ec3\u6c0f\u5144\u5f1f",
        "title": "\u95dc\u65bc\u7db2\u8def\u5916\u6d41\u7167\uff0c\u744b\u744b\u6709\u8a71\u60f3\u8aaa\u2026\u3010\u9ec3\u6c0f\u5144\u5f1f\u3011",
        "description": "\ud83d\udd2512/2\u744b\u744b\u500b\u4eba\u97f3\u6a02\u5c08\u5834\ud83d\udc49https://reurl.cc/8N7jZ4\n..\n\n\u5927\u5bb6\u5c31\u770b\u5f71\u7247\u8072\u660e\u5427...\u4e0d\u591a\u8aaa\u4e86\n..\n\n\ud83d\udd25\u4e00\u9031\u516b\u5929MV\ud83d\udc49https://youtu.be/pDonIdAMEy0?si=h29waIp61FXwxx7C\n\ud83d\udd25\u744b\u744b\u9ec3\u633a\u744b\u300cPull n' Push\u300d\u6578\u4f4d\u6536\u807d\u7684\u9023\u7d50\ud83d\udc49https://TingWei.lnk.to/PNP\n\ud83d\udd25\u744b\u744b\u7684\u500b\u4eba\u97f3\u6a02\u983b\u9053\u958b\u5f35\u56c9\ud83d\udc49https://www.youtube.com/@tingwei.h.1008\n\nIG \ud83d\udc49 huangbrotherss\nFaceBook \ud83d\udc49 https://goo.gl/UcZf4Y\nLine \ud83d\udc49 @huangbrothers\nTikTok \ud83d\udc49 https://reurl.cc/3ajgpj\n\u8a02\u95b1\u6211\u5011 \ud83d\udc49 https://goo.gl/pPGJbv\n\u52a0\u5165\u983b\u9053\u6703\u54e1 \ud83d\udc49 https://reurl.cc/KAp7ng\n\n\u25ba\u4e00\u9031\u6709\u4e8c\u5230\u4e09\u652f\u65b0\u5f71\u7247\uff0c\u9084\u6709\u4e0d\u5b9a\u6642\u7684\u76f4\u64ad\uff0c\u4e00\u5b9a\u8981\u958b\u9234\u943a\u6536\u901a\u77e5\uff01\n\u25ba\u5927\u5bb6\u591a\u591a\u5206\u4eab\u3001\u6309\u559c\u6b61\uff0c\u4f60\u7684\u652f\u6301\u662f\u7d66\u6211\u5011\u6700\u5927\u7684\u9f13\u52f5\n\n#\u9ec3\u6c0f\u5144\u5f1f",
        "likeCount": "10296",
        "commentCount": "664",
        "viewCount": "324281"
    },
    "comments": [
        {
            "reply_id": "UgxdS8KYdR5dbNqMzN14AaABAg",
            "reply_content": "\u5bb3\u6211\u7dca\u5f35\u4e86\u4e00\u4e0b",
            "likeCount": 1
        },
        {
            "reply_id": "UgzRM3b_-o98g4wHxlN4AaABAg",
            "reply_content": "\u56e0\u70ba\u6211\u76f8\u4fe1\u6211\u4e0d\u662f\u9019\u7a2e\u4eba",
            "likeCount": 0
        },
        {
            "reply_id": "UgwCrGedwNeO0Wmr-Xt4AaABAg",
            "reply_content": "\u5176\u5be6\u6211\u4e00\u958b\u59cb\u770b\u7684\u6642\u5019\u5c31\u77e5\u9053\u90a3\u4e0d\u662f\u70ba\u70ba\u90a3\u662f\u9e1a\u9d61\u6211\u65e9\u5c31\u77e5\u9053\u9019\u662f\u6574\u4eba\u7684",
            "likeCount": 0
        },
        {
            "reply_id": "UgyGTqlB1f70xeXVwxV4AaABAg",
            "reply_content": "\u6211\u5728\u671f\u5f85\u6c88\u9ebc",
            "likeCount": 0
        },
        {
            "reply_id": "UgzJ-Ekw3MJdYLv-rE54AaABAg",
            "reply_content": "\u5bb3\u6211\u6709\u9ede\u671f\u5f85",
            "likeCount": 0
        },
        {
            "reply_id": "UgzmdeQDtbm75UfaXIl4AaABAg",
            "reply_content": "\u5475\u5475",
            "likeCount": 0
        },
        {
            "reply_id": "Ugza3l_DXKAM7H-uICh4AaABAg",
            "reply_content": "\u54c7\u554a\u554a\u554a\u554a\u554a\u5687\u6b7b\u6211\u4e86",
            "likeCount": 0
        },
        {
            "reply_id": "UgzfkDrfzoWvDVOspx54AaABAg",
            "reply_content": "\u771f\u4e0d\u932f",
            "likeCount": 0
        },
        {
            "reply_id": "UgzeqUsm9B_ycbAQfCl4AaABAg",
            "reply_content": "\u539f\u4f86\u662f\u4e00\u96bb\u9ce5\u54c8\u54c8\u4e0d\u7136\u771f\u7684\u5f88\u5641\u5fc3",
            "likeCount": 0
        },
        {
            "reply_id": "UgxhaGQhUZbzJ0VtGCd4AaABAg",
            "reply_content": "\u58de\u58de",
            "likeCount": 0
        },
        {
            "reply_id": "UgxGPw2H-xZotDWohlR4AaABAg",
            "reply_content": "\u6709\u9ede\u5047",
            "likeCount": 0
        },
        {
            "reply_id": "UgzaE93roPqB9abNNVB4AaABAg",
            "reply_content": "\u5687\u6b7b",
            "likeCount": 0
        },
        {
            "reply_id": "UgxNG_1W2M3gFr-MvZF4AaABAg",
            "reply_content": "\u9760\u8170\u4e00\u958b\u59cb\u88ab\u5687\u5230\u6b38",
            "likeCount": 0
        },
        {
            "reply_id": "Ugy1rB7HoW7lMiUPU2l4AaABAg",
            "reply_content": "\u6211\u4e5f\u5f88\u60f3\u662f\u8587\u8587\u4e0d\u4f1a\u505a\u8fd9\u7a2e\u4e8b\u60c5",
            "likeCount": 0
        },
        {
            "reply_id": "UgwI2vnScdKBegAdl0N4AaABAg",
            "reply_content": "\u6211\u662f\u65b0\u7c89",
            "likeCount": 0
        },
        {
            "reply_id": "UgySpBOKcqYMWblUbrx4AaABAg",
            "reply_content": "\u8d85\u597d\u7b11",
            "likeCount": 0
        },
        {
            "reply_id": "UgyXifcylQ2TZui0xHR4AaABAg",
            "reply_content": "\u744b\u744b\u4e0d\u662f\u9019\u7a2e\u4eba",
            "likeCount": 0
        },
        {
            "reply_id": "UgxwAveGuia5xuPLXHp4AaABAg",
            "reply_content": "\u54c8\u54c8\u54c8\u54c8\u54c8\u54c8\u54c8\u9019\u6574\u9aa8\u963f\u963f\u963f\u963f\u963f",
            "likeCount": 0
        },
        {
            "reply_id": "UgxvnCJ8OGPblKa5xg94AaABAg",
            "reply_content": "\u6211\u88ab\u9a19\u5230\u4e86",
            "likeCount": 0
        },
        {
            "reply_id": "UgyBtKb_w-sRjlar7L14AaABAg",
            "reply_content": "\u5687\u5230\u6211\u4e86",
            "likeCount": 0
        }
    ]
}