{
    "video_info": {
        "id": "EgKPlAFr-ck",
        "channelTitle": "\u9ec3\u6c0f\u5144\u5f1f",
        "title": "\u5728\u73ed\u4e0a\u8ddf\u540c\u5b78\u73a9\u5b9a\u6642\u70b8\u5f48\uff01\u97f3\u6a02\u505c\u4e0b\uff0c\u62ff\u8457\u5047\u4eba\u982d\u7684\u4eba\u5c31\u88ab\u6dd8\u6c70\uff01\u8ab0\u80fd\u6d3b\u5230\u6700\u5f8c\uff1f\u3010\u9ec3\u6c0f\u5144\u5f1f\u3011Ft. \u8607\u5049 \u5f65\u9e9f \u90b1\u52dd\u63dayy \u66c9\u6f84\u540c\u5b78 \u6bd4\u718a \u8393 \u7db8\u7db8\u8001\u5e2b",
        "description": "\ud83d\udd2512/2\u744b\u744b\u500b\u4eba\u97f3\u6a02\u5c08\u5834\ud83d\udc49https://reurl.cc/8N7jZ4\n..\n\u9019\u5047\u4eba\u982d\u5be6\u5728\u5f88\u53ef\u6015...\n..\n\n\ud83d\udd25\u4e00\u9031\u516b\u5929MV\ud83d\udc49https://youtu.be/pDonIdAMEy0?si=h29waIp61FXwxx7C\n\ud83d\udd25\u744b\u744b\u9ec3\u633a\u744b\u300cPull n' Push\u300d\u6578\u4f4d\u6536\u807d\u7684\u9023\u7d50\ud83d\udc49https://TingWei.lnk.to/PNP\n\ud83d\udd25\u744b\u744b\u7684\u500b\u4eba\u97f3\u6a02\u983b\u9053\u958b\u5f35\u56c9\ud83d\udc49https://www.youtube.com/@tingwei.h.1008\n\nIG \ud83d\udc49 huangbrotherss\nFaceBook \ud83d\udc49 https://goo.gl/UcZf4Y\nLine \ud83d\udc49 @huangbrothers\nTikTok \ud83d\udc49 https://reurl.cc/3ajgpj\n\u8a02\u95b1\u6211\u5011 \ud83d\udc49 https://goo.gl/pPGJbv\n\u52a0\u5165\u983b\u9053\u6703\u54e1 \ud83d\udc49 https://reurl.cc/KAp7ng\n\n\u25ba\u4e00\u9031\u6709\u4e8c\u5230\u4e09\u652f\u65b0\u5f71\u7247\uff0c\u9084\u6709\u4e0d\u5b9a\u6642\u7684\u76f4\u64ad\uff0c\u4e00\u5b9a\u8981\u958b\u9234\u943a\u6536\u901a\u77e5\uff01\n\u25ba\u5927\u5bb6\u591a\u591a\u5206\u4eab\u3001\u6309\u559c\u6b61\uff0c\u4f60\u7684\u652f\u6301\u662f\u7d66\u6211\u5011\u6700\u5927\u7684\u9f13\u52f5\n\n#\u9ec3\u6c0f\u5144\u5f1f",
        "likeCount": "4144",
        "commentCount": "33",
        "viewCount": "117775"
    },
    "comments": [
        {
            "reply_id": "UgxM72w74Ut0lOdCxfR4AaABAg",
            "reply_content": "\u7b2c\u4e00",
            "likeCount": 2
        },
        {
            "reply_id": "UgwPvLA4nd5L6F0VGER4AaABAg",
            "reply_content": "\u4f86\u4e86",
            "likeCount": 2
        },
        {
            "reply_id": "UgzOsxNFy0fxOSEDAD14AaABAg",
            "reply_content": "\u9019\u500b\u4eba\u982d\u597d\u50cf\u662f\u744b\u751f\u65e5\u4e8c\u5341\u56db\u5c0f\u6642\u7684\u67d0\u4e00\u500b\u5730\u65b9\u7684\u4eba\u982d\ud83d\ude02",
            "likeCount": 1
        },
        {
            "reply_id": "Ugwt5Mt_AqegCfMfNZJ4AaABAg",
            "reply_content": "\u5f66\u9e9f\u8036",
            "likeCount": 0
        },
        {
            "reply_id": "UgxfT4s1BLteaIbacSh4AaABAg",
            "reply_content": "\u54c8\u54c8",
            "likeCount": 0
        },
        {
            "reply_id": "UgzWtHPUi6eXVpTh74x4AaABAg",
            "reply_content": "\u54c8\u54c8",
            "likeCount": 0
        }
    ]
}