{
    "video_info": {
        "id": "EZFJjjd0D4A",
        "channelTitle": "\u9ec3\u6c0f\u5144\u5f1f",
        "title": "\u7576\u6349\u5f04\u5973\u540c\u5b78\u6642\u88ab\u767c\u73fe\u6642\uff0c\u770b\u5230\u6700\u5f8c......\uff01\u3010\u9ec3\u6c0f\u5144\u5f1f\u3011Ft.\u7f85\u5ff5 \u590f\u83c8\u3010\u9ec3\u6c0f\u5144\u5f1f\u3011 #shorts",
        "description": "\ud83d\udd2512/2\u744b\u744b\u500b\u4eba\u97f3\u6a02\u5c08\u5834\ud83d\udc49https://reurl.cc/8N7jZ4\n..\n\u8aaa\u8aaa\u4f60\u5728\u5b78\u6821\u9811\u76ae\u7684\u7d93\u9a57\n..\n\n\ud83d\udd25\u4e00\u9031\u516b\u5929MV\ud83d\udc49https://youtu.be/pDonIdAMEy0?si=h29waIp61FXwxx7C\n\ud83d\udd25\u744b\u744b\u9ec3\u633a\u744b\u300cPull n' Push\u300d\u6578\u4f4d\u6536\u807d\u7684\u9023\u7d50\ud83d\udc49https://TingWei.lnk.to/PNP\n\ud83d\udd25\u744b\u744b\u7684\u500b\u4eba\u97f3\u6a02\u983b\u9053\u958b\u5f35\u56c9\ud83d\udc49https://www.youtube.com/@tingwei.h.1008\n\nIG \ud83d\udc49 huangbrotherss\nFaceBook \ud83d\udc49 https://goo.gl/UcZf4Y\nLine \ud83d\udc49 @huangbrothers\nTikTok \ud83d\udc49 https://reurl.cc/3ajgpj\n\u8a02\u95b1\u6211\u5011 \ud83d\udc49 https://goo.gl/pPGJbv\n\u52a0\u5165\u983b\u9053\u6703\u54e1 \ud83d\udc49 https://reurl.cc/KAp7ng\n\n\u25ba\u4e00\u9031\u6709\u4e8c\u5230\u4e09\u652f\u65b0\u5f71\u7247\uff0c\u9084\u6709\u4e0d\u5b9a\u6642\u7684\u76f4\u64ad\uff0c\u4e00\u5b9a\u8981\u958b\u9234\u943a\u6536\u901a\u77e5\uff01\n\u25ba\u5927\u5bb6\u591a\u591a\u5206\u4eab\u3001\u6309\u559c\u6b61\uff0c\u4f60\u7684\u652f\u6301\u662f\u7d66\u6211\u5011\u6700\u5927\u7684\u9f13\u52f5\n\n#\u9ec3\u6c0f\u5144\u5f1f#partygames #shortsvideo",
        "likeCount": "2448",
        "commentCount": "108",
        "viewCount": "46496"
    },
    "comments": [
        {
            "reply_id": "Ugx9YT6bmIQFfoJsvnF4AaABAg",
            "reply_content": "\u5f8c\u9762\u7b11\u5f97\u5f88\u958b\u5fc3\u554a",
            "likeCount": 12
        },
        {
            "reply_id": "UgyM-n-Wrx6LOu3iaXl4AaABAg",
            "reply_content": "\u6700\u5f8c\u624d\u662f\u597d\u7d50\u5c40",
            "likeCount": 6
        },
        {
            "reply_id": "UgyDFy8wdvAgWJ4Mv114AaABAg",
            "reply_content": "\u9ec3\u6c0f\u5144\u5f1f\u6c38\u9060\u662f\u7b2c\u4e00\u540d",
            "likeCount": 0
        },
        {
            "reply_id": "UgyDZPONjuF8BKYYxat4AaABAg",
            "reply_content": "\u7ed9\u6211\u8cb7\u4e00\u526f\u58a8\u93e1",
            "likeCount": 0
        },
        {
            "reply_id": "UgxbFmvqsQmtq8JRJHl4AaABAg",
            "reply_content": "\u5047\u6349\u5f04\u771f\u653e\u9583",
            "likeCount": 0
        },
        {
            "reply_id": "Ugz_hB0GofvTUGCFaIF4AaABAg",
            "reply_content": "\u54c8\u54c8\u54c8",
            "likeCount": 0
        },
        {
            "reply_id": "Ugy02fSxlSxttx6LvMh4AaABAg",
            "reply_content": "\u54e5\u54e5\u597d\u9ad8\u51b7",
            "likeCount": 0
        },
        {
            "reply_id": "UgzF_1rZZsBQQiKIBrt4AaABAg",
            "reply_content": "\u6700\u611b\u770b\u4f60\u5011\u653e\u9583\u4e86",
            "likeCount": 0
        },
        {
            "reply_id": "Ugwa22gk1xelpR3t3Up4AaABAg",
            "reply_content": "\u597d\u9583\u554a",
            "likeCount": 0
        },
        {
            "reply_id": "Ugx0oqTVag_vvM0F-Et4AaABAg",
            "reply_content": "\u4f86\u4e86",
            "likeCount": 0
        }
    ]
}