{
    "video_info": {
        "id": "fgbdXlf5xsE",
        "channelTitle": "\u9ec3\u6c0f\u5144\u5f1f",
        "title": "\u6606\u87f2\u5708\u53c9\u8df3\u6230\u8cfd\uff0c\u7559\u5230\u6700\u5f8c\u7684\u6703\u662f...\uff1fWhich is insect? \u3010\u9ec3\u6c0f\u5144\u5f1f\u3011Ft. OPENsi \u8607\u5049 \u9ed1\u7cd6\u9bae\u8336 \u7db8\u7db8\u8001\u5e2b #shorts",
        "description": "\ud83d\udd2512/2\u744b\u744b\u500b\u4eba\u97f3\u6a02\u5c08\u5834\ud83d\udc49https://reurl.cc/8N7jZ4\n..\n\u8863\u9b5a\u5230\u5e95\u662f\u4ec0\u9ebc\u795e\u5947\u7684\u6771\u897f\ud83e\udd14\n..\n\n\ud83d\udd25\u4e00\u9031\u516b\u5929MV\ud83d\udc49https://youtu.be/pDonIdAMEy0?si=h29waIp61FXwxx7C\n\ud83d\udd25\u744b\u744b\u9ec3\u633a\u744b\u300cPull n' Push\u300d\u6578\u4f4d\u6536\u807d\u7684\u9023\u7d50\ud83d\udc49https://TingWei.lnk.to/PNP\n\ud83d\udd25\u744b\u744b\u7684\u500b\u4eba\u97f3\u6a02\u983b\u9053\u958b\u5f35\u56c9\ud83d\udc49https://www.youtube.com/@tingwei.h.1008\n\nIG \ud83d\udc49 huangbrotherss\nFaceBook \ud83d\udc49 https://goo.gl/UcZf4Y\nLine \ud83d\udc49 @huangbrothers\nTikTok \ud83d\udc49 https://reurl.cc/3ajgpj\n\u8a02\u95b1\u6211\u5011 \ud83d\udc49 https://goo.gl/pPGJbv\n\u52a0\u5165\u983b\u9053\u6703\u54e1 \ud83d\udc49 https://reurl.cc/KAp7ng\n\n\u25ba\u4e00\u9031\u6709\u4e8c\u5230\u4e09\u652f\u65b0\u5f71\u7247\uff0c\u9084\u6709\u4e0d\u5b9a\u6642\u7684\u76f4\u64ad\uff0c\u4e00\u5b9a\u8981\u958b\u9234\u943a\u6536\u901a\u77e5\uff01\n\u25ba\u5927\u5bb6\u591a\u591a\u5206\u4eab\u3001\u6309\u559c\u6b61\uff0c\u4f60\u7684\u652f\u6301\u662f\u7d66\u6211\u5011\u6700\u5927\u7684\u9f13\u52f5\n\n#\u9ec3\u6c0f\u5144\u5f1f#partygames #shortsvideo",
        "likeCount": "4829",
        "commentCount": "33",
        "viewCount": "142693"
    },
    "comments": [
        {
            "reply_id": "UgzA63t1cehTsMBFXgV4AaABAg",
            "reply_content": "\u9084\u6709\u6d77\u516c\u725b",
            "likeCount": 1
        },
        {
            "reply_id": "Ugynyh_9X9wCZcCynfh4AaABAg",
            "reply_content": "\u7b2c\u4e00",
            "likeCount": 1
        },
        {
            "reply_id": "UgzJJKM1z4ikfPhUbld4AaABAg",
            "reply_content": "\u73e0\u7a46\u6717\u746a\u5cf0\u662f\u4e2d\u570b\u7684\u4e00\u7a2e\u6700\u9ad8\u5c71\u5761",
            "likeCount": 0
        },
        {
            "reply_id": "UgygmC1rYtC1cjaK4Ct4AaABAg",
            "reply_content": "\u54c8\u54c8",
            "likeCount": 0
        },
        {
            "reply_id": "UgxN8P57KWKB0ORVH-14AaABAg",
            "reply_content": "\u600e\u9ebc\u6c92\u554f\u8718\u86db",
            "likeCount": 0
        },
        {
            "reply_id": "UgwbyL-dpd6cxjEUQ7R4AaABAg",
            "reply_content": "\u600e\u9ebc\u4e0d\u554f\u8718\u86db",
            "likeCount": 0
        },
        {
            "reply_id": "UgyjLoLewdRnFTPdVux4AaABAg",
            "reply_content": "\u4ee5\u70ba\u6703\u4f86\u500b\u8718\u86db",
            "likeCount": 0
        },
        {
            "reply_id": "Ugz7549VBDvovLboOg54AaABAg",
            "reply_content": "\u6606\u87f2\u611f\u89ba\u597d\u96e3\u554a",
            "likeCount": 0
        },
        {
            "reply_id": "UgxLiDnoLH9QwLs9v8F4AaABAg",
            "reply_content": "\u4f86\u4e86",
            "likeCount": 0
        }
    ]
}