{
    "video_info": {
        "id": "fvzzdTapgu4",
        "channelTitle": "\u9ec3\u6c0f\u5144\u5f1f",
        "title": "\u662f\u4e0d\u662f\u5f88\u4e45\u6c92\u5728YT\u76f4\u64ad\u4e86\ud83e\udd79\u3010\u9ec3\u6c0f\u5144\u5f1f\u3011",
        "description": "\ud83d\udd2512/2\u744b\u744b\u500b\u4eba\u97f3\u6a02\u5c08\u5834\ud83d\udc49https://reurl.cc/8N7jZ4\n..\n\u9019\u5047\u4eba\u982d\u5be6\u5728\u5f88\u53ef\u6015...\n..\n\n\ud83d\udd25\u4e00\u9031\u516b\u5929MV\ud83d\udc49https://youtu.be/pDonIdAMEy0?si=h29waIp61FXwxx7C\n\ud83d\udd25\u744b\u744b\u9ec3\u633a\u744b\u300cPull n' Push\u300d\u6578\u4f4d\u6536\u807d\u7684\u9023\u7d50\ud83d\udc49https://TingWei.lnk.to/PNP\n\ud83d\udd25\u744b\u744b\u7684\u500b\u4eba\u97f3\u6a02\u983b\u9053\u958b\u5f35\u56c9\ud83d\udc49https://www.youtube.com/@tingwei.h.1008\n\nIG \ud83d\udc49 huangbrotherss\nFaceBook \ud83d\udc49 https://goo.gl/UcZf4Y\nLine \ud83d\udc49 @huangbrothers\nTikTok \ud83d\udc49 https://reurl.cc/3ajgpj\n\u8a02\u95b1\u6211\u5011 \ud83d\udc49 https://goo.gl/pPGJbv\n\u52a0\u5165\u983b\u9053\u6703\u54e1 \ud83d\udc49 https://reurl.cc/KAp7ng\n\n\u25ba\u4e00\u9031\u6709\u4e8c\u5230\u4e09\u652f\u65b0\u5f71\u7247\uff0c\u9084\u6709\u4e0d\u5b9a\u6642\u7684\u76f4\u64ad\uff0c\u4e00\u5b9a\u8981\u958b\u9234\u943a\u6536\u901a\u77e5\uff01\n\u25ba\u5927\u5bb6\u591a\u591a\u5206\u4eab\u3001\u6309\u559c\u6b61\uff0c\u4f60\u7684\u652f\u6301\u662f\u7d66\u6211\u5011\u6700\u5927\u7684\u9f13\u52f5\n\n#\u9ec3\u6c0f\u5144\u5f1f",
        "likeCount": "932",
        "commentCount": "82",
        "viewCount": "13808"
    },
    "comments": [
        {
            "reply_id": "UgzmmpxKlLb2A9FC98B4AaABAg",
            "reply_content": "\u771f\u7684\u5f88\u4e45\u6c92\u6709\u770b\u5230\u744b\u744b\u76f4\u64ad\u4e86",
            "likeCount": 5
        },
        {
            "reply_id": "UgwuVbZce9PKvcGouLN4AaABAg",
            "reply_content": "\u6ca1\u6b7b\u771f\u597d",
            "likeCount": 1
        },
        {
            "reply_id": "UgyEI3HtzAC-B6aFABx4AaABAg",
            "reply_content": "\u5b89\u5b89",
            "likeCount": 0
        },
        {
            "reply_id": "UgxZ3Mt_St4omhjkoad4AaABAg",
            "reply_content": "\u6211\u8981\u8868\u6f14",
            "likeCount": 0
        },
        {
            "reply_id": "Ugxjm2fzx-3Zq_YGiuV4AaABAg",
            "reply_content": "\u5b89\u5b89",
            "likeCount": 0
        },
        {
            "reply_id": "Ugwbnw_eaCIAIchLJAR4AaABAg",
            "reply_content": "\u554a\u9ec3\u6c0f\u5144\u5f1f\u6211\u662f\u4f60\u5011\u7684\u7c89\u7d72",
            "likeCount": 0
        },
        {
            "reply_id": "UgzNxx-XCQkwq_joYGN4AaABAg",
            "reply_content": "\u597d\u53ef\u611b",
            "likeCount": 0
        },
        {
            "reply_id": "UgxDjHG7JLrycFasoJV4AaABAg",
            "reply_content": "\u4f60\u5bb6\u5728\u54ea\u500b\u7e23\u5e02",
            "likeCount": 0
        },
        {
            "reply_id": "UgxOxZDHfYNkeU3iKBN4AaABAg",
            "reply_content": "\u54c8\u56c9",
            "likeCount": 0
        },
        {
            "reply_id": "UgyhId8W_UXDsloMwH14AaABAg",
            "reply_content": "\u4f60\u904e\u7684\u597d\u55ce",
            "likeCount": 0
        },
        {
            "reply_id": "UgwrHG4B6lkzblTWZT54AaABAg",
            "reply_content": "\u4f60\u597d\u5435\u54c8\u54c8",
            "likeCount": 0
        },
        {
            "reply_id": "UgyOvixo58YfhBaQovZ4AaABAg",
            "reply_content": "\u4f60\u600e\u9ebc\u90a3\u9ebc\u611b\u6ce1\u99ac\u5b50",
            "likeCount": 0
        },
        {
            "reply_id": "UgzLSUuMz3s7U5zEp694AaABAg",
            "reply_content": "\u597d\u4e45\u6c92\u6709\u770b\u4f60\u76f4\u64ad\u9593\u4e86",
            "likeCount": 0
        },
        {
            "reply_id": "UgxP9C9wjcB_1IrrouF4AaABAg",
            "reply_content": "\u744b\u744b\u5c0d\u4e0d\u8d77\u6211\u665a\u5230\u4e86",
            "likeCount": 0
        },
        {
            "reply_id": "UgweHQJeLRPlE0hKLup4AaABAg",
            "reply_content": "\u54c8\u56c9",
            "likeCount": 0
        },
        {
            "reply_id": "Ugx8JHOxFdxI_f53SKJ4AaABAg",
            "reply_content": "\u6211\u6bcf\u5929\u90fd\u6703\u770b\u4f60\u5011\u76f4\u64ad",
            "likeCount": 0
        },
        {
            "reply_id": "Ugy1VIwczQAGa9uiJgx4AaABAg",
            "reply_content": "\u71b1\u543b\u6211\u7684\u5e8a",
            "likeCount": 0
        },
        {
            "reply_id": "UgyBjd4m6pXjfQhfzOd4AaABAg",
            "reply_content": "\u6211\u8981\u8003\u8a66",
            "likeCount": 0
        },
        {
            "reply_id": "UgzYKMQ5d8NWGPjO2vN4AaABAg",
            "reply_content": "\u76f4",
            "likeCount": 0
        },
        {
            "reply_id": "UgyBxHzQVrrxSlAK8ft4AaABAg",
            "reply_content": "\u5b89\u5b89",
            "likeCount": 0
        }
    ]
}