{
    "video_info": {
        "id": "fwBXrP5bMf0",
        "channelTitle": "\u9ec3\u6c0f\u5144\u5f1f",
        "title": "\u3010\u6377\u904b\u4e0d\u80fd\u5077\u5403EP2\u3011\u592a\u8a87\u5f35\uff0c\u6253\u6383\u963f\u59e8\u5728\u8eca\u5ec2\u767c\u706b\uff01\u3010\u9ec3\u6c0f\u5144\u5f1f\u3011Ft.@Jupiterlin @Tgopdone@LockingJack@dollshin0324@fanfanloveuu\u6668\u60a0",
        "description": "\ud83d\udd25\u628a\u6574\u53f0\u96fb\u6d41\u6025\u6025\u68d2\u26a1\u642c\u9032\u5de5\u4f5c\u5ba4\uff0c\u54e1\u5de5\u78b0\u5230\u5c31\u88ab\u96fb\uff01\ud83d\udc49https://youtu.be/NKDHr7gUef0\n\ud83d\udd2512/2\u744b\u744b\u500b\u4eba\u97f3\u6a02\u5c08\u5834\ud83d\udc49https://reurl.cc/8N7jZ4\n..\n\u5f8b\u5e2b\u3001\u8b77\u58eb\u3001\u5de5\u7a0b\u5e2b\u3001\u8001\u5e2b\u3001\u651d\u5f71\u5e2b\u3001\u7259\u91ab\uff0c\u8077\u696d\u5927\u4e82\u9b25\uff0c\u6574\u500b\u8eca\u5ec2\u5931\u63a7\u4e86\u3002 \n\n\ud83d\udd25\u4e00\u9031\u516b\u5929MV\ud83d\udc49https://youtu.be/pDonIdAMEy0?si=h29waIp61FXwxx7C\n\ud83d\udd25\u744b\u744b\u9ec3\u633a\u744b\u300cPull n' Push\u300d\u6578\u4f4d\u6536\u807d\u7684\u9023\u7d50\ud83d\udc49https://TingWei.lnk.to/PNP\n\ud83d\udd25\u744b\u744b\u7684\u500b\u4eba\u97f3\u6a02\u983b\u9053\u958b\u5f35\u56c9\ud83d\udc49https://www.youtube.com/@tingwei.h.1008\n\nIG \ud83d\udc49 huangbrotherss\nFaceBook \ud83d\udc49 https://goo.gl/UcZf4Y\nLine \ud83d\udc49 @huangbrothers\nTikTok \ud83d\udc49 https://reurl.cc/3ajgpj\n\u8a02\u95b1\u6211\u5011 \ud83d\udc49 https://goo.gl/pPGJbv\n\u52a0\u5165\u983b\u9053\u6703\u54e1 \ud83d\udc49 https://reurl.cc/KAp7ng\n\n\u25ba\u4e00\u9031\u6709\u4e8c\u5230\u4e09\u652f\u65b0\u5f71\u7247\uff0c\u9084\u6709\u4e0d\u5b9a\u6642\u7684\u76f4\u64ad\uff0c\u4e00\u5b9a\u8981\u958b\u9234\u943a\u6536\u901a\u77e5\uff01\n\u25ba\u5927\u5bb6\u591a\u591a\u5206\u4eab\u3001\u6309\u559c\u6b61\uff0c\u4f60\u7684\u652f\u6301\u662f\u7d66\u6211\u5011\u6700\u5927\u7684\u9f13\u52f5\n\n#\u9ec3\u6c0f\u5144\u5f1f#\u6377\u904b\u4e0d\u8981\u5077\u5403#\u7d9c\u85dd",
        "likeCount": "5913",
        "commentCount": "510",
        "viewCount": "162825"
    },
    "comments": [
        {
            "reply_id": "UgwM5E_3eoq8-iP8BUV4AaABAg",
            "reply_content": "\u8521\u963f\u560e",
            "likeCount": 1
        },
        {
            "reply_id": "Ugzo1aNoHYkmCNo2bP14AaABAg",
            "reply_content": "\u9ec3\u6c0f\u5144\u5f1f\u4e0b\u6b21\u53ef\u4e0d\u53ef\u4ee5\u9080\u8acb\u6211\u56e0\u70ba\u6211\u662f\u4f60\u5011\u7684\u7d1b\u7d72",
            "likeCount": 1
        },
        {
            "reply_id": "UgyBD5ZVD4X0snF3ARJ4AaABAg",
            "reply_content": "\u963f\u795e",
            "likeCount": 1
        },
        {
            "reply_id": "UgypvV-YCRp9ZSfYDRF4AaABAg",
            "reply_content": "\u627e\u67ef\u6587\u54f2\u4f86\u73a9",
            "likeCount": 1
        },
        {
            "reply_id": "UgwYY6hz0LJDzpHUk2J4AaABAg",
            "reply_content": "\u4e0b\u6b21\u53ef\u4ee5\u5403\u8ca8\u5011\u55ce",
            "likeCount": 1
        },
        {
            "reply_id": "UgxNVmCRCHercyrFNDx4AaABAg",
            "reply_content": "\u4e0b\u6b21\u53ef\u4e0d\u53ef\u4ee5\u8acb\u5c0f\u5433\u4f86",
            "likeCount": 0
        },
        {
            "reply_id": "Ugwbc0A4EYFL000aFod4AaABAg",
            "reply_content": "\u60f3\u770b\u7f85\u5fd7\u7965\u6216\u9673\u9748\u4e5d",
            "likeCount": 0
        },
        {
            "reply_id": "UgwVwnKlLOi3Uewx9YR4AaABAg",
            "reply_content": "\u53ef\u4ee5\u9080\u8acb\u6728\u661f\u4eba\u55ce",
            "likeCount": 0
        },
        {
            "reply_id": "Ugz_OSOrtL9Z-VZ8LkN4AaABAg",
            "reply_content": "\u4e0b\u6b21\u53ef\u4ee5\u4e00\u6a13\u55ce",
            "likeCount": 0
        },
        {
            "reply_id": "UgykY-yzzD39HLZcUJF4AaABAg",
            "reply_content": "\u8000\u8000",
            "likeCount": 0
        },
        {
            "reply_id": "UgzUF31pKAchNJ40mo54AaABAg",
            "reply_content": "\u8000\u8000",
            "likeCount": 0
        },
        {
            "reply_id": "UgwzvW0DuuIjspsiaYR4AaABAg",
            "reply_content": "\u8000\u8000",
            "likeCount": 0
        },
        {
            "reply_id": "UgyDwY74m-LAwUR0lxd4AaABAg",
            "reply_content": "\u53eb\u5433\u5b97\u61b2\u4f86",
            "likeCount": 0
        },
        {
            "reply_id": "UgyN4vlFF5T6DM_BEVx4AaABAg",
            "reply_content": "\u4e0b\u6b21\u53ef\u4ee5\u9080\u8acb\u9127\u7d2b\u68cb",
            "likeCount": 0
        },
        {
            "reply_id": "UgzhQUEi2ah3G0wLaV14AaABAg",
            "reply_content": "\u6211\u60f3\u9080\u8acb\u4e09\u500b\u9ebb\u74dc",
            "likeCount": 0
        },
        {
            "reply_id": "UgyBB9A1nl_Bm4TX19Z4AaABAg",
            "reply_content": "\u6211\u60f3\u770b\u9127\u7d2b\u68cb",
            "likeCount": 0
        },
        {
            "reply_id": "UgyTKHn82KKzpGEXwch4AaABAg",
            "reply_content": "\u9127\u7d2b\u68cb",
            "likeCount": 0
        },
        {
            "reply_id": "UgzMek3degI2ZZ8Z8NJ4AaABAg",
            "reply_content": "\u9019\u6377\u904b\u600e\u9ebc\u505a\u7684",
            "likeCount": 0
        },
        {
            "reply_id": "Ugx7dGwz85nWl39Io7Z4AaABAg",
            "reply_content": "\u6728\u661f\u4eba",
            "likeCount": 0
        },
        {
            "reply_id": "UgxQaP13rSgR23ngshp4AaABAg",
            "reply_content": "\u5a55\u7fce\u662f\u6211\u7684\u540d\u5b50",
            "likeCount": 0
        }
    ]
}