{
    "video_info": {
        "id": "qZFBpRVvi9o",
        "channelTitle": "\u9ec3\u6c0f\u5144\u5f1f",
        "title": "\u7576\u97f3\u6a02\u66ab\u505c\u6642\uff0c\u5c31\u8981\u5750\u4e0b\uff01\u9019\u6b21\u300e\u6eff\u5206\u611f\u8b1d\u300f\u7684\u51a0\u8ecd\u6703\u662f...\uff1fMusical chairs! \u3010\u9ec3\u6c0f\u5144\u5f1f\u3011Ft. OPENsi \u8607\u5049 \u9ed1\u7cd6\u9bae\u8336 \u7db8\u7db8\u8001\u5e2b #shorts",
        "description": "\ud83d\udd2512/2\u744b\u744b\u500b\u4eba\u97f3\u6a02\u5c08\u5834\ud83d\udc49https://reurl.cc/8N7jZ4\n..\n\u5973\u751f\u73a9\u6436\u6905\u5b50\u6703\u6bd4\u8f03\u5403\u8667\u55ce....\uff1f\n..\n\n\ud83d\udd25\u4e00\u9031\u516b\u5929MV\ud83d\udc49https://youtu.be/pDonIdAMEy0?si=h29waIp61FXwxx7C\n\ud83d\udd25\u744b\u744b\u9ec3\u633a\u744b\u300cPull n' Push\u300d\u6578\u4f4d\u6536\u807d\u7684\u9023\u7d50\ud83d\udc49https://TingWei.lnk.to/PNP\n\ud83d\udd25\u744b\u744b\u7684\u500b\u4eba\u97f3\u6a02\u983b\u9053\u958b\u5f35\u56c9\ud83d\udc49https://www.youtube.com/@tingwei.h.1008\n\nIG \ud83d\udc49 huangbrotherss\nFaceBook \ud83d\udc49 https://goo.gl/UcZf4Y\nLine \ud83d\udc49 @huangbrothers\nTikTok \ud83d\udc49 https://reurl.cc/3ajgpj\n\u8a02\u95b1\u6211\u5011 \ud83d\udc49 https://goo.gl/pPGJbv\n\u52a0\u5165\u983b\u9053\u6703\u54e1 \ud83d\udc49 https://reurl.cc/KAp7ng\n\n\u25ba\u4e00\u9031\u6709\u4e8c\u5230\u4e09\u652f\u65b0\u5f71\u7247\uff0c\u9084\u6709\u4e0d\u5b9a\u6642\u7684\u76f4\u64ad\uff0c\u4e00\u5b9a\u8981\u958b\u9234\u943a\u6536\u901a\u77e5\uff01\n\u25ba\u5927\u5bb6\u591a\u591a\u5206\u4eab\u3001\u6309\u559c\u6b61\uff0c\u4f60\u7684\u652f\u6301\u662f\u7d66\u6211\u5011\u6700\u5927\u7684\u9f13\u52f5\n\n#\u9ec3\u6c0f\u5144\u5f1f#partygames #shortsvideo",
        "likeCount": "3094",
        "commentCount": "28",
        "viewCount": "71852"
    },
    "comments": [
        {
            "reply_id": "UgwrxiUMOMVIEvkZOIZ4AaABAg",
            "reply_content": "\u89ba\u5f97\u54f2\u54f2\u5e05\u7684\u70b9\u8d5e",
            "likeCount": 3
        },
        {
            "reply_id": "Ugxapynl1b1drWXhlPt4AaABAg",
            "reply_content": "\u89ba\u5f97\u744b\u744b\u5e05\u7684\u70b9\u8d5e",
            "likeCount": 3
        },
        {
            "reply_id": "UgxFh0BEqkTpXKYuaDl4AaABAg",
            "reply_content": "\u54f2\u54f2\u597d\u6158\u88ab\u9677\u5bb3",
            "likeCount": 1
        },
        {
            "reply_id": "Ugwtl3OrVaeblQsuS0F4AaABAg",
            "reply_content": "",
            "likeCount": 1
        },
        {
            "reply_id": "UgzcfXmRg2ghQ-KYT0J4AaABAg",
            "reply_content": "\u53ef\u4ee5\u76f4\u64ad\u55ce",
            "likeCount": 0
        },
        {
            "reply_id": "UgwD-qbG7eEQ-AgwYtx4AaABAg",
            "reply_content": "\u9ec3\u6c0f\u5144\u5f1f\u53ef\u4e0d\u53ef\u4ee5\u7528\u5225\u9996\u6b4c",
            "likeCount": 0
        },
        {
            "reply_id": "UgxCz_3Q4dP_Gbplg5h4AaABAg",
            "reply_content": "\u90fd\u662f\u7537\u751f",
            "likeCount": 0
        },
        {
            "reply_id": "Ugz8MfqdHzgB4wmV6Qh4AaABAg",
            "reply_content": "\u6211\u731c\u5230\u662f\u502b\u502b\u8001\u5e2b",
            "likeCount": 0
        },
        {
            "reply_id": "UgwixmOQOp4sUeIb0hl4AaABAg",
            "reply_content": "\u4f86\u4e86",
            "likeCount": 0
        },
        {
            "reply_id": "UgyZKF1o2_atO0RCUoF4AaABAg",
            "reply_content": "\u7b2c\u4e00",
            "likeCount": 0
        }
    ]
}