{
    "video_info": {
        "id": "Sc-dp7RJ_IM",
        "channelTitle": "\u9ec3\u6c0f\u5144\u5f1f",
        "title": "\u4f60\u4e0d\u77e5\u9053\u7684\u85dd\u4eba\u672c\u540d\uff1f\u5468\u8208\u54f2\u3001\u8521\u4f9d\u6797\u90fd\u4e0d\u662f\u672c\u540d\uff01\u3010\u9ec3\u6c0f\u5144\u5f1f\u3011",
        "description": "\ud83d\udd25\u628a\u6574\u53f0\u96fb\u6d41\u6025\u6025\u68d2\u26a1\u642c\u9032\u5de5\u4f5c\u5ba4\uff0c\u54e1\u5de5\u78b0\u5230\u5c31\u88ab\u96fb\uff01\ud83d\udc49https://youtu.be/NKDHr7gUef0\n\ud83d\udd2512/2\u744b\u744b\u500b\u4eba\u97f3\u6a02\u5c08\u5834\ud83d\udc49https://reurl.cc/8N7jZ4\n..\n\u597d\u591a\u85dd\u4eba\u7684\u672c\u540d\uff0c\u4f60\u77e5\u9053\u4e86\u54ea\u5e7e\u500b\uff1f...\n\u6709\u6c92\u6709\u6bd4\u54f2\u54f2\u744b\u744b\u591a\n\n\ud83d\udd25\u4e00\u9031\u516b\u5929MV\ud83d\udc49https://youtu.be/pDonIdAMEy0?si=h29waIp61FXwxx7C\n\ud83d\udd25\u744b\u744b\u9ec3\u633a\u744b\u300cPull n' Push\u300d\u6578\u4f4d\u6536\u807d\u7684\u9023\u7d50\ud83d\udc49https://TingWei.lnk.to/PNP\n\ud83d\udd25\u744b\u744b\u7684\u500b\u4eba\u97f3\u6a02\u983b\u9053\u958b\u5f35\u56c9\ud83d\udc49https://www.youtube.com/@tingwei.h.1008\n\nIG \ud83d\udc49 huangbrotherss\nFaceBook \ud83d\udc49 https://goo.gl/UcZf4Y\nLine \ud83d\udc49 @huangbrothers\nTikTok \ud83d\udc49 https://reurl.cc/3ajgpj\n\u8a02\u95b1\u6211\u5011 \ud83d\udc49 https://goo.gl/pPGJbv\n\u52a0\u5165\u983b\u9053\u6703\u54e1 \ud83d\udc49 https://reurl.cc/KAp7ng\n\n\u25ba\u4e00\u9031\u6709\u4e8c\u5230\u4e09\u652f\u65b0\u5f71\u7247\uff0c\u9084\u6709\u4e0d\u5b9a\u6642\u7684\u76f4\u64ad\uff0c\u4e00\u5b9a\u8981\u958b\u9234\u943a\u6536\u901a\u77e5\uff01\n\u25ba\u5927\u5bb6\u591a\u591a\u5206\u4eab\u3001\u6309\u559c\u6b61\uff0c\u4f60\u7684\u652f\u6301\u662f\u7d66\u6211\u5011\u6700\u5927\u7684\u9f13\u52f5\n\n#\u9ec3\u6c0f\u5144\u5f1f#\u6311\u6230 #\u672c\u540d #pk",
        "likeCount": "5506",
        "commentCount": "239",
        "viewCount": "206224"
    },
    "comments": [
        {
            "reply_id": "UgxyGIY7sL5uFTxnp7p4AaABAg",
            "reply_content": "\u6211\u662f\u5805\u679c",
            "likeCount": 1
        },
        {
            "reply_id": "UgzYBDe1zLTOMAm88t14AaABAg",
            "reply_content": "\u96f6\u4e5d",
            "likeCount": 1
        },
        {
            "reply_id": "Ugw3IjmdgIgqFDL2Rwl4AaABAg",
            "reply_content": "\u5475\u5475\u6211\u5abd\u5c31\u53eb\u8a69\u5a77",
            "likeCount": 1
        },
        {
            "reply_id": "UgxnAN-ZoZiRlAqc_Zl4AaABAg",
            "reply_content": "\u9ec3\u8c46\u5831\u5230\u5e0c\u671b\u744b\u744b\u56de\u6211",
            "likeCount": 1
        },
        {
            "reply_id": "Ugzs8S63C_Zq_2l2y_N4AaABAg",
            "reply_content": "\u4e00\u770b\u5230\u738b\u541b\u5982\u5c31\u77e5\u9053\u662f\u738b\u5fc3\u51cc",
            "likeCount": 1
        },
        {
            "reply_id": "UgyGQ3S952nu4L6WK3R4AaABAg",
            "reply_content": "\u744b\u744b",
            "likeCount": 1
        },
        {
            "reply_id": "UgxvoEAZiIDnj42O1ih4AaABAg",
            "reply_content": "\u85dd\u4eba\u7684\u540d\u5b57\u771f\u7684\u90fd\u53d6\u883b\u597d\u7684",
            "likeCount": 1
        },
        {
            "reply_id": "UgzOvxClDovqWd70PtJ4AaABAg",
            "reply_content": "\u4e00\u807d\u5230\u54f2\u54f2\u731c\u67ef\u6587\u54f2\u6211\u5c31\u76f4\u63a5\u7206\u7b11\u54c8\u54c8\u54c8\u54c8",
            "likeCount": 0
        },
        {
            "reply_id": "UgyJuBwzjpMZHO8dMgF4AaABAg",
            "reply_content": "\u8ab0\u5bb6\u68cb\u58eb\u60f3\u90a3\u9ebc\u4e45\u624d\u77e5\u9053\u90a3\u662f\u89e3\u89e3\u554a",
            "likeCount": 0
        },
        {
            "reply_id": "UgxgClW4m73Bvr6WmRZ4AaABAg",
            "reply_content": "\u5468\u6df1\u7684\u672c\u540d\u662f\u5468\u661f\u661f",
            "likeCount": 0
        },
        {
            "reply_id": "Ugw4P0kpMkVCezRjwZp4AaABAg",
            "reply_content": "\u9031\u6df1\u7684\u672c\u540d\u53eb\u9031\u661f\u661f",
            "likeCount": 0
        },
        {
            "reply_id": "UgzDepL6jA_rhgwYKiV4AaABAg",
            "reply_content": "\u5468\u6df1\u672c\u540d\u5468\u661f\u661f",
            "likeCount": 0
        },
        {
            "reply_id": "Ugxm0T_TnMmJvhX73nV4AaABAg",
            "reply_content": "\u9673\u4fe1\u5b8f\u662f\u6211\u5011\u5b78\u6821\u7684\u9ad4\u80b2\u8001\u5e2b",
            "likeCount": 0
        },
        {
            "reply_id": "UgyT4bggSb5gULcqiiN4AaABAg",
            "reply_content": "\u7530\u99a5\u7504\u662f\u6211\u5abd\u4ee5\u524d\u5b89\u89aa\u73ed\u7684\u540c\u5b78",
            "likeCount": 0
        },
        {
            "reply_id": "UgzYRzfEIhY-jBMTlLp4AaABAg",
            "reply_content": "\u60f3\u770b\u4e94\u6708\u5929",
            "likeCount": 0
        },
        {
            "reply_id": "UgwhhZDBOMGvXDumyhV4AaABAg",
            "reply_content": "\u54f2\u54f2\u6700\u5f8c\u6c92\u6709\u6eab\u5ea6",
            "likeCount": 0
        },
        {
            "reply_id": "UgxnrLT0578BLBT2Jv54AaABAg",
            "reply_content": "\u9ec4\u8c46\u62a5\u5230",
            "likeCount": 0
        },
        {
            "reply_id": "Ugy-m8Z0J-WRR_sP19N4AaABAg",
            "reply_content": "\u9673\u5fd7\u8c6a\u90a3\u984c\u628a\u6027\u6539\u6210\u8b1d\u628a\u5fd7\u6539\u6210\u9019\u500b\u81f3\u5c31\u662f\u6211\u540c\u5b78\u4e86\ud83d\ude02",
            "likeCount": 0
        },
        {
            "reply_id": "UgxcMRlXKON8SIDP1L94AaABAg",
            "reply_content": "\u744b\u744b\u54f2\u54f2\u59b3\u5011\u8981\u53bb\u9ad8\u96c4\u898b\u6069\u6069\u8001\u5e2b\u54e6\n\u6211\u60f3\u770b\u59b3\u5011\u8ddf\u6069\u6069\u8001\u5e2b\u4e00\u8d77\u51fa\u53bb\u73a9",
            "likeCount": 0
        },
        {
            "reply_id": "Ugy93MnOW691ELwYUg14AaABAg",
            "reply_content": "\u67ef\u5bb6\u51f1\u8ddf\u6c88\u4f73\u5b9c\u662f\u6f14\uff08\u90a3\u4e9b\u5e74\u6211\u5011\u4e00\u8d77\u8ffd\u904e\u7684\u5973\u5b69",
            "likeCount": 0
        }
    ]
}