{
    "video_info": {
        "id": "V6dwyldO8j8",
        "channelTitle": "\u9ec3\u6c0f\u5144\u5f1f",
        "title": "\u8cfc\u7269\u63a5\u9f8d\u7b2c\u4e8c\u96c6\u4f86\u5566\uff0c\u96e3\u5ea6up up\uff01\u54f2\u744b\u80fd\u9806\u5229\u7206\u8cb7\u6771\u897f\u56de\u5bb6\u55ce\uff1f\u3010\u9ec3\u6c0f\u5144\u5f1f\u3011Ft.\u5bb6\u6a02\u798f",
        "description": "\ud83d\udd2512/2\u744b\u744b\u500b\u4eba\u97f3\u6a02\u5c08\u5834\ud83d\udc49https://reurl.cc/8N7jZ4\n..\n\n\u63a5\u9f8d\u6642\u9593\u53c8\u4f86\u5566\uff01\n\u5bb6\u6a02\u798f\u592a\u5927\u4e86\u5427\uff0c\u8166\u5b50\u6839\u672c\u8f49\u4e0d\u904e\u4f86\u554a\ud83e\udd2a\n\n\u611f\u8b1d\u5bb6\u6a02\u798f\u63d0\u4f9b\u5834\u5730\u62cd\u651d~\n..\n\n\ud83d\udd25\u4e00\u9031\u516b\u5929MV\ud83d\udc49https://youtu.be/pDonIdAMEy0?si=h29waIp61FXwxx7C\n\ud83d\udd25\u744b\u744b\u9ec3\u633a\u744b\u300cPull n' Push\u300d\u6578\u4f4d\u6536\u807d\u7684\u9023\u7d50\ud83d\udc49https://TingWei.lnk.to/PNP\n\ud83d\udd25\u744b\u744b\u7684\u500b\u4eba\u97f3\u6a02\u983b\u9053\u958b\u5f35\u56c9\ud83d\udc49https://www.youtube.com/@tingwei.h.1008\n\nIG \ud83d\udc49 huangbrotherss\nFaceBook \ud83d\udc49 https://goo.gl/UcZf4Y\nLine \ud83d\udc49 @huangbrothers\nTikTok \ud83d\udc49 https://reurl.cc/3ajgpj\n\u8a02\u95b1\u6211\u5011 \ud83d\udc49 https://goo.gl/pPGJbv\n\u52a0\u5165\u983b\u9053\u6703\u54e1 \ud83d\udc49 https://reurl.cc/KAp7ng\n\n\u25ba\u4e00\u9031\u6709\u4e8c\u5230\u4e09\u652f\u65b0\u5f71\u7247\uff0c\u9084\u6709\u4e0d\u5b9a\u6642\u7684\u76f4\u64ad\uff0c\u4e00\u5b9a\u8981\u958b\u9234\u943a\u6536\u901a\u77e5\uff01\n\u25ba\u5927\u5bb6\u591a\u591a\u5206\u4eab\u3001\u6309\u559c\u6b61\uff0c\u4f60\u7684\u652f\u6301\u662f\u7d66\u6211\u5011\u6700\u5927\u7684\u9f13\u52f5\n\n#\u9ec3\u6c0f\u5144\u5f1f\n\nIG \ud83d\udc49 huangbrotherss\nFaceBook \ud83d\udc49 https://goo.gl/UcZf4Y\nLine \ud83d\udc49 @huangbrothers\nTikTok \ud83d\udc49 https://reurl.cc/3ajgpj\n\u8a02\u95b1\u6211\u5011 \ud83d\udc49 https://goo.gl/pPGJbv\n\u52a0\u5165\u983b\u9053\u6703\u54e1 \ud83d\udc49 https://reurl.cc/KAp7ng\n\n\u25ba\u4e00\u9031\u6709\u4e8c\u5230\u4e09\u652f\u65b0\u5f71\u7247\uff0c\u9084\u6709\u4e0d\u5b9a\u6642\u7684\u76f4\u64ad\uff0c\u4e00\u5b9a\u8981\u958b\u9234\u943a\u6536\u901a\u77e5\uff01\n\u25ba\u5927\u5bb6\u591a\u591a\u5206\u4eab\u3001\u6309\u559c\u6b61\uff0c\u4f60\u7684\u652f\u6301\u662f\u7d66\u6211\u5011\u6700\u5927\u7684\u9f13\u52f5\n\n#\u9ec3\u6c0f\u5144\u5f1f#\u8cfc\u7269\u7cfb\u5217#\u63a5\u9f8d",
        "likeCount": "5118",
        "commentCount": "624",
        "viewCount": "161126"
    },
    "comments": [
        {
            "reply_id": "UgwvYYEya91YcngCp7p4AaABAg",
            "reply_content": "\u5976\u6cb9\u6709\u53ef\u4ee5",
            "likeCount": 1
        },
        {
            "reply_id": "UgyM_u0S56olc_PVg0N4AaABAg",
            "reply_content": "\u5e0c\u671b\u53ef\u4ee5\u51fa\u4e0b\u4e00\u96c6",
            "likeCount": 1
        },
        {
            "reply_id": "Ugz_zTZXLXzGq_DFW-J4AaABAg",
            "reply_content": "\u597d\u60f3\u770b\u4f60\u5011\u64ad\u4e0b\u4e00\u96c6",
            "likeCount": 0
        },
        {
            "reply_id": "UgyBdStc1pJWsYQ19hd4AaABAg",
            "reply_content": "\u744b\u744b\u52dd",
            "likeCount": 0
        },
        {
            "reply_id": "UgziH1DR5HtSvaRqpE94AaABAg",
            "reply_content": "\u54f2\u54f2",
            "likeCount": 0
        },
        {
            "reply_id": "UgyJ7iwLZheBJrw_o994AaABAg",
            "reply_content": "\u4e0b\u6b21\u53ef\u4ee5\u5728\u767e\u8ca8\u516c\u53f8\u73a9\u55ce",
            "likeCount": 0
        },
        {
            "reply_id": "UgxTepXXP4yjCosqG854AaABAg",
            "reply_content": "\u4e0b\u4e00\u5409\u52a0\u6cb9",
            "likeCount": 0
        },
        {
            "reply_id": "UgwtJ3rpOqXIoi_5QzB4AaABAg",
            "reply_content": "\u744b\u744b\u8d0f",
            "likeCount": 0
        },
        {
            "reply_id": "UgxT-ur1kPkfQM7Fptd4AaABAg",
            "reply_content": "\u54f2\u54f2\u8d0f",
            "likeCount": 0
        },
        {
            "reply_id": "UgytflhFRNQJUx7OztJ4AaABAg",
            "reply_content": "\u744b",
            "likeCount": 0
        },
        {
            "reply_id": "UgwPApPoaLHp139Xh3p4AaABAg",
            "reply_content": "\u6211\u89ba\u5f97\u4e0b\u6b21\u5982\u679c\u6709\u96fb\u68af\u7684\u5730\u65b9\u6642\u9593\u53ef\u4ee5\u66ab\u505c\u4e00\u4e0b\u634f\ud83d\ude02",
            "likeCount": 0
        },
        {
            "reply_id": "UgzPBdNiy4MKG86bW1t4AaABAg",
            "reply_content": "\u5bb6\u6a02\u798f\u6709\u8ce3\u7dda\u9999\u55ce",
            "likeCount": 0
        },
        {
            "reply_id": "UgxLnuVAMhWVY9f5G6F4AaABAg",
            "reply_content": "\u70ba\u70ba\u70ba",
            "likeCount": 0
        },
        {
            "reply_id": "UgxfPkHTLOoRbfMtXs54AaABAg",
            "reply_content": "\u68d2\u68d2\u7cd6",
            "likeCount": 0
        },
        {
            "reply_id": "UgzV3g1Y9Dq0LSwAdTd4AaABAg",
            "reply_content": "\u54f2\u54f2\u744b\u744b\u52a0\u6cb9",
            "likeCount": 0
        },
        {
            "reply_id": "UgyclibvjStd0YydptZ4AaABAg",
            "reply_content": "\u744b\u744b\u6703\u8d0f",
            "likeCount": 0
        },
        {
            "reply_id": "UgwbES--bliRhw_YpMd4AaABAg",
            "reply_content": "\u8981\u770b\u5546\u54c1\u540d\u7a31\u6263\u9664\u6389\u54c1\u724c\u800c\u4e0d\u662f\u5bb6\u6a02\u798f\u6a19\u7c64\u724c\uff0c\u9019\u6a23\u5c31\u4e0d\u6703\u6709\u722d\u8b70\u5047\u5982\u662f\u8cbc\u6a19\u5546\u54c1\u5c31\u662f\u770b\u8cbc\u6a19\u7c64\u7684\u540d\u7a31\u9019\u6a23\u5b50\u6bd4\u8f03\u516c\u5e73\u4e00\u4e9b",
            "likeCount": 0
        },
        {
            "reply_id": "UgzyfqHYn9c8V5Djbgh4AaABAg",
            "reply_content": "\u744b\u744b\u8d0f",
            "likeCount": 0
        },
        {
            "reply_id": "UgyJYQEr9FMOsNu2K5x4AaABAg",
            "reply_content": "\u744b\u744b",
            "likeCount": 1
        },
        {
            "reply_id": "UgwIsOGg9ZaDSFP8uEB4AaABAg",
            "reply_content": "\u52a0\u6cb9",
            "likeCount": 1
        }
    ]
}