{
    "video_info": {
        "id": "Zg5UW9MEU_A",
        "channelTitle": "\u9ec3\u6c0f\u5144\u5f1f",
        "title": "\u5728\u6574\u500b\u516d\u798f\u6751\u73a9\u8eb2\u8c93\u8c93\uff0c4\u4f4dYouTuber\u627e11\u500b\u4eba\uff0c\u6c92\u627e\u5230\u5c31\u8981\u5750\u6050\u6016\u904a\u6a02\u8a2d\u65bd\uff01\u3010\u9ec3\u6c0f\u5144\u5f1f\u3011Ft.  @annie72127  @AJin_Jin \u516d\u798f\u6751",
        "description": "\ud83d\udd2512/2\u744b\u744b\u500b\u4eba\u97f3\u6a02\u5c08\u5834\ud83d\udc49https://reurl.cc/8N7jZ4\n..\n\u744b\uff1a\u9019\u6b21\u6709\u66f4\u591a\u968a\u53cb\u4e86\uff01\u54e1\u5de5\u5011\u9084\u60f3\u5077\u61f6\u554a\n\u54f2\uff1a\u901a\u901a\u6293\u8d77\u4f86\n..\n\n\ud83d\udd25\u4e00\u9031\u516b\u5929MV\ud83d\udc49https://youtu.be/pDonIdAMEy0?si=h29waIp61FXwxx7C\n\ud83d\udd25\u744b\u744b\u9ec3\u633a\u744b\u300cPull n' Push\u300d\u6578\u4f4d\u6536\u807d\u7684\u9023\u7d50\ud83d\udc49https://TingWei.lnk.to/PNP\n\ud83d\udd25\u744b\u744b\u7684\u500b\u4eba\u97f3\u6a02\u983b\u9053\u958b\u5f35\u56c9\ud83d\udc49https://www.youtube.com/@tingwei.h.1008\n\nIG \ud83d\udc49 huangbrotherss\nFaceBook \ud83d\udc49 https://goo.gl/UcZf4Y\nLine \ud83d\udc49 @huangbrothers\nTikTok \ud83d\udc49 https://reurl.cc/3ajgpj\n\u8a02\u95b1\u6211\u5011 \ud83d\udc49 https://goo.gl/pPGJbv\n\u52a0\u5165\u983b\u9053\u6703\u54e1 \ud83d\udc49 https://reurl.cc/KAp7ng\n\n\u25ba\u4e00\u9031\u6709\u4e8c\u5230\u4e09\u652f\u65b0\u5f71\u7247\uff0c\u9084\u6709\u4e0d\u5b9a\u6642\u7684\u76f4\u64ad\uff0c\u4e00\u5b9a\u8981\u958b\u9234\u943a\u6536\u901a\u77e5\uff01\n\u25ba\u5927\u5bb6\u591a\u591a\u5206\u4eab\u3001\u6309\u559c\u6b61\uff0c\u4f60\u7684\u652f\u6301\u662f\u7d66\u6211\u5011\u6700\u5927\u7684\u9f13\u52f5\n\n#\u9ec3\u6c0f\u5144\u5f1f#\u8eb2\u8c93\u8c93#\u516d\u798f\u6751#\u904a\u6a02\u5712",
        "likeCount": "5602",
        "commentCount": "383",
        "viewCount": "214499"
    },
    "comments": [
        {
            "reply_id": "Ugws1rgRgbLIRcWbvFF4AaABAg",
            "reply_content": "\u5e0c\u671b\u53ef\u4ee5\u63d0\u9192\u4e00\u4e0b\u4e4b\u540e\u62cd\u7684\u65f6\u5019\u5c0f\u670b\u53cb\u4e0d\u8981\u4e71\u62a5\u4f4d\u7f6e\u4e0d\u7136\u4f1a\u5f71\u54cd\u89c2\u611f\u548c\u5c0f\u5e2e\u624b\u7684\u6e38\u620f\u4f53\u9a8c\u54e6\ud83d\ude05\ud83d\ude02",
            "likeCount": 2
        },
        {
            "reply_id": "UgzkWQhcj1zVfv7SYQV4AaABAg",
            "reply_content": "\u52d5\u7269\u5712",
            "likeCount": 1
        },
        {
            "reply_id": "UgyMicz1CHM9ayyf55t4AaABAg",
            "reply_content": "\u53bb\u5c0f\u4eba\u570b\u8eb2\u8c93\u8c93",
            "likeCount": 1
        },
        {
            "reply_id": "UgyzoXsy32asn01xs8N4AaABAg",
            "reply_content": "\u6709\u4eba\u767c\u73fe \u54f2\u54f2\u5728\u5b8c\u8001\u6cb9\u4e95\u7684\u6642\u5019\u8ddf\u744b\u744b\u727d\u8457\u624b\u55ce",
            "likeCount": 1
        },
        {
            "reply_id": "UgzFKqIN5nd6NFlKcJF4AaABAg",
            "reply_content": "\u53bb\u52d5\u7269\u5712",
            "likeCount": 0
        },
        {
            "reply_id": "Ugys5UikoRZuenrZ2q94AaABAg",
            "reply_content": "\u706b\u5c71\u6b77\u96aa",
            "likeCount": 0
        },
        {
            "reply_id": "UgwK507ngA8bizUErv14AaABAg",
            "reply_content": "\u4ff1\u7136\u6ca1\u6709\u5168\u627e\u5230\u6b38",
            "likeCount": 0
        },
        {
            "reply_id": "UgzrAV52fTFB2JkF_7t4AaABAg",
            "reply_content": "\u54c8",
            "likeCount": 0
        },
        {
            "reply_id": "Ugzcaouwfk1NMm9gaBZ4AaABAg",
            "reply_content": "\u528d\u6e56\u5c71\u53ef\u4ee5\u8eb2",
            "likeCount": 0
        },
        {
            "reply_id": "UgyNg8Z89Mm_kZjeIQN4AaABAg",
            "reply_content": "\u5e0c\u671b\u4e0b\u6b21\u80fd\u53bb\u528d\u6e56\u5c71\u6216\u4e5d\u65cf\u6587\u5316\u6751",
            "likeCount": 0
        },
        {
            "reply_id": "Ugy_iYErsgqsIWdNS-14AaABAg",
            "reply_content": "\u4e5d\u65cf\u6587\u5316\u6751",
            "likeCount": 0
        },
        {
            "reply_id": "UgwPeB6TGV3fk1476VV4AaABAg",
            "reply_content": "\u528d\u6e56\u5c71\u53ef\u4ee5\u8a66\u8a66\u770b\u73a9\u8eb2\u8c93\u8c93",
            "likeCount": 0
        },
        {
            "reply_id": "Ugzx7oBT6ktnz23Y48h4AaABAg",
            "reply_content": "\u6311\u6230\u528d\u6e56\u5c71",
            "likeCount": 0
        },
        {
            "reply_id": "UgzVBYS21xO43psPL_B4AaABAg",
            "reply_content": "\u81fa\u4e2d\u5e02\u85b0\u8863\u8349\u68ee\u6797",
            "likeCount": 0
        },
        {
            "reply_id": "Ugxdgi8_aTursMXnrMV4AaABAg",
            "reply_content": "\u52d5\u7269\u5712\u88e1\u9762",
            "likeCount": 0
        },
        {
            "reply_id": "Ugxv6HBDRy_j04Vp3KF4AaABAg",
            "reply_content": "\u6211\u89ba\u5f97\u53ef\u4ee5\u6bcf\u904e\u4e00\u5c0f\u6bb5\u6642\u9593\u52a0\u4e0a\u6642\u9593\u7684\u5012\u6578\u9019\u6a23\u5f71\u7247\u6703\u6bd4\u8f03\u523a\u6fc0\ud83d\ude02",
            "likeCount": 0
        },
        {
            "reply_id": "Ugy6wO93ZanYu39wiZh4AaABAg",
            "reply_content": "\u9dfa\u6c5f\u570b\u5c0f\u7684\u6b38",
            "likeCount": 0
        },
        {
            "reply_id": "UgzUbx2vb337tZFwNMl4AaABAg",
            "reply_content": "\u9b5a\u4e7e\u8d85\u53b2\u5bb3",
            "likeCount": 0
        },
        {
            "reply_id": "UgyTxCwnd1qk2BZPuWN4AaABAg",
            "reply_content": "\u6709\u963f\u664b\u548c\u9c7c\u5e72\u5f88\u8d5e\u963f",
            "likeCount": 0
        },
        {
            "reply_id": "Ugy0uoiw-ucdWpwp17R4AaABAg",
            "reply_content": "\u6211\u5165\u93e1\u4e86",
            "likeCount": 0
        }
    ]
}