{
    "channel": {
        "title": "\u9019\u7fa4\u4ebaTGOP",
        "id": "UC6FcYHEm7SO1jpu5TKjNXEA",
        "customUrl": "@thisgroupofpeople",
        "uploads": "UU6FcYHEm7SO1jpu5TKjNXEA"
    },
    "videos": [
        {
            "id": "liycr0wIs3g",
            "title": "\u9019\u7fa4\u4eba TGOP \u2502\u5316\u599d\u7684\u7d93\u5178\u8a9e\u9304 Classic Quotations for Makeup ft. @Judychou0608 \u3001 @janiceyanmusic"
        },
        {
            "id": "ZWd344qo8Nw",
            "title": "\u9019\u7fa4\u4eba TGOP \u2502\u60c5\u4fb6\u4e00\u8d77\u51fa\u570b\u6703\u8b8a\u6210\u600e\u6a23 When Couples Travel Abroad ft.Ayumi Hills"
        },
        {
            "id": "ChIVSchN0r4",
            "title": "\u9019\u7fa4\u4eba TGOP \u2502\u8eca\u798d\u7684\u7d93\u5178\u8a9e\u9304 Classic Quotations for Car Accidents feat. \u808c\u8089\u5c71\u5c71"
        },
        {
            "id": "ZOI_fsLlAC8",
            "title": "\u9019\u7fa4\u4eba TGOP \u2502\u9152\u5f8c\u5931\u614b\u7684\u7d93\u5178\u8a9e\u9304 Classic Quotations for Dumb Things You Do After Drinking ft.\u6234\u611b\u73b2\u3001\u4e01\u5679"
        },
        {
            "id": "K5Hbt29k9II",
            "title": "\u9019\u7fa4\u4eba TGOP \u2502\u61a4\u6012\u6771\u4eac\u904a Angry Trip to Tokyo"
        },
        {
            "id": "fvQxhR5_Klc",
            "title": "\u9019\u7fa4\u4eba TGOP \u2502\u7f8e\u9aee\u7684\u7d93\u5178\u8a9e\u9304 Classic Quotation in Hair Salon"
        },
        {
            "id": "aFGdZj35olc",
            "title": "\u9019\u7fa4\u4eba TGOP \u2502\u642d\u98db\u6a5f\u7684\u7d93\u5178\u8a9e\u9304 Classic Flying Quotations ft.\u6797\u54f2\u71b9\u3001\u8594\u8594Maze"
        },
        {
            "id": "B6NrRDQO86k",
            "title": "\u9019\u7fa4\u4eba TGOP \u2502\u8003\u8a66\u7684\u7d93\u5178\u8a9e\u9304 Classic Quotation for Taking Exams ft.\u9ec3\u6c0f\u5144\u5f1f\u3001\u9ed1\u9f8d"
        },
        {
            "id": "zkXxNuB7I-Q",
            "title": "\u9019\u7fa4\u4eba TGOP \u2502\u65c5\u904a\u7684\u7d93\u5178\u8a9e\u9304 Classic Quotation for Traveling Abroad - Japane ft.77ke \u67ef\u68e8\u68cb\u3001Fumiya\u3001Misuru"
        },
        {
            "id": "Hg4wLVRJL6k",
            "title": "\u9019\u7fa4\u4eba TGOP \u2502\u5d29\u6f70\u7684\u7d93\u5178\u8a9e\u9304 Classic Quotations for Breakdown ft.\u9cf3\u5c0f\u5cb3"
        },
        {
            "id": "vklxtQUYHVU",
            "title": "\u9019\u7fa4\u4eba TGOP \u2502\u751f\u65e5\u5feb\u6a02\u7684\u7d93\u5178\u8a9e\u9304 Classic Birthday Quotations ft. Karencici"
        },
        {
            "id": "v3okFheHGMI",
            "title": "\u9019\u7fa4\u4eba TGOP \u2502\u958b\u8eca\u7684\u7d93\u5178\u8a9e\u9304 Classic Quotations for Driving"
        },
        {
            "id": "3Om3WLnrsYo",
            "title": "\u9019\u7fa4\u4eba TGOP \u2502\u4ee5\u524d\u5bb6\u9577\u8ddf\u73fe\u4ee3\u5bb6\u9577\u7684\u5dee\u5225  ft.\u5927\u86c7\u4e38\u3001\u9ed1\u9f8d Parents Then Vs Now"
        },
        {
            "id": "WS8W44hCipQ",
            "title": "\u9019\u7fa4\u4eba TGOP \u2502\u8aaa\u8a71\u9b3c\u6253\u7246\u7684\u7d93\u5178\u8a9e\u9304  Classic Quotations for Redundant Expressions"
        },
        {
            "id": "Mdr9P3sUi7o",
            "title": "\u9019\u7fa4\u4eba TGOP \u2502\u4e0d\u8b58\u8ca8\u7684\u7d93\u5178\u8a9e\u9304 Classic Quotations When You Throw Pearls at Pigs"
        },
        {
            "id": "NZzpL2NG6H4",
            "title": "\u9019\u7fa4\u4eba TGOP \u2502\u6b61\u8fce\u4f86\u5230\u5b30\u5152\u7684\u4e16\u754c To Be a Baby Again"
        },
        {
            "id": "cBigiva6sTY",
            "title": "\u9019\u7fa4\u4eba TGOP \u2502\u570b\u5916\u6708\u4eae\u6bd4\u8f03\u5713\u7684\u7d93\u5178\u8a9e\u9304Classic Quotations for Friends with The \u201cGrass Is Greener\u201d Syndrome"
        },
        {
            "id": "MrohaWi2tzo",
            "title": "\u9019\u7fa4\u4eba TGOP \u2502\u9b27\u9130\u5c45\u7684\u7d93\u5178\u8a9e\u9304 Classic Quotations for Annoying Neighbors"
        },
        {
            "id": "HGweS93bqxg",
            "title": "\u9019\u7fa4\u4eba TGOP \u2502\u8077\u5834\u8001\u5be6\u8aaa2023 Let's Tell the Truth at Workplace 2023"
        },
        {
            "id": "it4vJjh_LOc",
            "title": "\u9019\u7fa4\u4eba TGOP \u2502\u958b\u5de5\u7684\u7d93\u5178\u8a9e\u9304 Classic Quotations When Operations Resume After the New Year"
        },
        {
            "id": "rOPtQEDqF5Y",
            "title": "\u9019\u7fa4\u4eba TGOP \u2502\u904e\u5e74\u5c0f\u8ced\u6021\u60c5\u7684\u7d93\u5178\u8a9e\u9304 ft.\u5510\u5f9e\u8056 Classic Quotations for Gambling During Lunar New Year"
        },
        {
            "id": "8xBQbWKwmVo",
            "title": "\u9019\u7fa4\u4eba TGOP \u2502\u5012\u5e362022\u6d41\u884c\u4e8b ft.\u963f\u7ff0\u3001\u6797\u8944\u3001\u597d\u68d2 Bump\u3001\u5df4\u5927\u96c4\u3001\u539f\u5b50\u5c11\u5e74(FEniX/VERA) TGOP Rewind 2022"
        },
        {
            "id": "mW-5IAupTyw",
            "title": "\u9019\u7fa4\u4eba TGOP \u2502\u5165\u6232\u592a\u6df1\u7684\u7d93\u5178\u8a9e\u9304 ft.\u856d\u714c\u5947\u3001HUSH  Classic Quotations When You Are Obsessed with TV Programs"
        },
        {
            "id": "R0xDymXcDpQ",
            "title": "\u9019\u7fa4\u4eba TGOP \u2502\u5be6\u529b\u55ae\u8eab\u7537\u7684\u7d93\u5178\u8a9e\u9304  ft.\u738b\u5b50 \u90b1\u52dd\u7fca Classic Quotations for Those Who Deserve to Be Single Forever"
        },
        {
            "id": "3LV-YDYnOYM",
            "title": "\u9019\u7fa4\u4eba TGOP \u2502\u4e16\u754c\u4e0a\u6700\u5927\u7684\u8aa4\u6703 ft.\u5468\u8559 The Biggest Misunderstanding Ever"
        },
        {
            "id": "4oaf6sAltWA",
            "title": "\u9019\u7fa4\u4eba TGOP \u2502\u8a50\u9a19\u7684\u7d93\u5178\u8a9e\u9304 ft.\u57f9\u6839\u3001\u7956\u96c4 Classic Fraud Quotations"
        },
        {
            "id": "GEoub4qxjQk",
            "title": "\u9019\u7fa4\u4eba TGOP \u2502\u597d\u59ca\u59b9\u7684\u7d93\u5178\u8a9e\u9304 ft.\u738b\u601d\u4f73\u3001Alizabeth \u5a18\u5a18 Classic Quotations for Besties"
        },
        {
            "id": "lJa0xjRAhwk",
            "title": "\u9019\u7fa4\u4eba TGOP \u2502\u6e23\u7537\u7684\u7d93\u5178\u8a9e\u9304 Classic Quotations for Playboys"
        },
        {
            "id": "VIDFXG0uGpU",
            "title": "\u9019\u7fa4\u4eba TGOP \u2502\u4e2d\u79cb\u7bc0\u7684\u7d93\u5178\u8a9e\u9304  ft.\u674e\u7389\u74bd Classic Quotations for the Moon Festival"
        },
        {
            "id": "BflGdHQpO3c",
            "title": "\u9019\u7fa4\u4eba TGOP \u2502\u5927\u51b0\u5976 ft. \u90ed\u66f8\u7464 Big Iced Milk Tea"
        },
        {
            "id": "ZSI9Ezoi1wE",
            "title": "\u9019\u7fa4\u4eba TGOP \u2502\u5982\u679c\u4f60\u6709\u9019\u7a2e\u670b\u53cb\uff08\u5435\u4e0d\u5b8c\u7684\u60c5\u4fb6\u7bc7\uff09ft. A-Lin\u3001\u5c0f\u6a02 \u5433\u601d\u8ce2 Every Type of Friend (Fighting Couples)"
        },
        {
            "id": "GleCdI9moQc",
            "title": "\u9019\u7fa4\u4eba TGOP \u2502\u9952\u820c\u84b8\u9738\u6230\uff1a\u8003\u8a66\u9031 The Epic Rap Battle: Mid-Term Exam ft.\u55ac\u745f\u592b\u3001\u56db\u5206\u885b\u963f\u5c71"
        },
        {
            "id": "KnMKmdKOrqA",
            "title": "\u9019\u7fa4\u4eba TGOP \u2502\u60f3\u8a8d\u771f\u53c8\u7121\u6cd5\u8a8d\u771f\u7684\u7d93\u5178\u8a9e\u9304 Classic Quotations When You Try to Be Serious But You Can\u2019t"
        },
        {
            "id": "bmFJuo0HIfY",
            "title": "\u9019\u7fa4\u4eba TGOP \u2502\u5967\u5ba2\u5927\u6230\u5967\u670d\u52d9\u54e1 Difficult Customers Vs. Difficult Servers ft.\u90ed\u975c\u3001\u5b6b\u76db\u5e0c\u3001\u9ad8\u8208"
        },
        {
            "id": "yK_8qOaYVLM",
            "title": "\u9019\u7fa4\u4eba TGOP \u2502\u7de8\u5287\u901f\u6210\u73ed Screenwriting Crash Course"
        },
        {
            "id": "CA5iA1iLnSo",
            "title": "\u9019\u7fa4\u4eba TGOP \u25022022\u804a\u5929\u7684\u7d93\u5178\u8a9e\u9304 Classic Quotations for Daily Chats"
        },
        {
            "id": "cUnmR8LhZXU",
            "title": "\u9019\u7fa4\u4eba TGOP \u2502\u5a5a\u5bb4\u7684\u7d93\u5178\u8a9e\u9304 Classic Wedding Banquet Quotations ft.Bii\u7562\u66f8\u76e1\u3001\u773e\u91cf\u7d1aAndy\u8001\u5e2b"
        },
        {
            "id": "uU2ULbUk-Fo",
            "title": "\u9019\u7fa4\u4eba TGOP \u2502\u5404\u7a2e\u9818\u57df\u7684\u5c08\u696d\u4eba\u624d Every Professional Ever"
        },
        {
            "id": "UHzYrnItjGg",
            "title": "\u9019\u7fa4\u4eba TGOP \u2502\u659c\u5e79\u9752\u5e74\u96fb\u8996\u53f0 \u7b2c\u4e94\u96c6 ft. Melody\u3001\u6c88\u7389\u7433 The Slashie TV Station EP.5"
        },
        {
            "id": "kP3kaYZo-y4",
            "title": "\u9019\u7fa4\u4eba TGOP \u2502\u8077\u5834\u8001\u5be6\u8aaa Let's Tell the Truth at Workplace ft. @NANACIAOCIAO \u3001@andy8451"
        },
        {
            "id": "AJZVe_cT0lc",
            "title": "\u9019\u7fa4\u4eba TGOP \u2502\u6821\u5712\u5927\u4e82\u9b25-\u8001\u5e2b\u7bc7The Campus Battle: Teachers ft.\u4e00\u5806\u5de8\u661f"
        },
        {
            "id": "F8VPNyZjIO0",
            "title": "\u9019\u7fa4\u4eba TGOP \u2502\u602a\u7656\u7684\u7d93\u5178\u8a9e\u9304 Every Classic Habit Ever ft.\u90ed\u975c\u3001\u767d\u7661\u516c\u4e3b\u3001\u8d85\u76f4\u767d"
        },
        {
            "id": "Rs_3A8ucqgg",
            "title": "\u9019\u7fa4\u4eba TGOP \u2502\u60c5\u4eba\u7bc0\u5687\u6b7b\u4eba A Valentine\u2019s Day Underground"
        },
        {
            "id": "JUOB4gsAUas",
            "title": "\u9019\u7fa4\u4eba TGOP \u2502\u9952\u820c\u84b8\u9738\u6230\uff1a\u904e\u5e74\u980c\uff08\u723d\uff09 The Epic Rap Battle - Lunar New Year ft. \u97d3\u68ee\u3001\u80e1\u744b\u6770\u3001\u694a\u96ef\u96ef\u3001\u5c0f\u5bae"
        },
        {
            "id": "1pV90rR6eLc",
            "title": "\u9019\u7fa4\u4eba TGOP \u2502\u6821\u5712\u5927\u4e82\u9b25-\u5b78\u751f\u7bc7 The Campus Battle: Student ft. \u4e00\u5806\u5de8\u661f"
        },
        {
            "id": "vGJ6-48adWc",
            "title": "\u9019\u7fa4\u4eba TGOP \u2502\u5012\u5e362021\u6d41\u884c\u4e8b TGOP Rewind 2021 ft. \u516b\u4e09\u592d\u3001\u963f\u7ff0\u3001\u594e\u4e01\u3001\u9435\u725b"
        },
        {
            "id": "TzWhAj4JiOc",
            "title": "\u9019\u7fa4\u4eba TGOP \u2502\u659c\u5e79\u9752\u5e74\u7403\u978b\u5e97 \u7b2c\u56db\u96c6 ft.\u5468\u6e6f\u8c6a\u3001\u6f8e\u6070\u6070 The Slashie Shoes Store EP.4"
        },
        {
            "id": "dMy9-iBKSCw",
            "title": "\u9019\u7fa4\u4eba TGOP\u2502\u9748\u6027\u5d1b\u8d77 \u2013 \u96d9\u4fee\u8a13\u7df4\u73ed Rise of Spirituality \u2013 Double Repair Training Courses ft.\u5d14\u7480\u74a8\u3001\u83ef\u68ee\u3001\u4e5d\u7c92\u3001\u9435\u725b"
        },
        {
            "id": "DBDZnH8aT5M",
            "title": "\u9019\u7fa4\u4eba TGOP \u2502\u611b\u756b\u5927\u9905\u7684\u8001\u95c6 When Your Boss Likes to Paint a Rosy Future"
        },
        {
            "id": "zkyzAZCslRQ",
            "title": "\u9019\u7fa4\u4eba TGOP \u2502\u990a\u5bf5\u7269\u7684\u7d93\u5178\u8a9e\u9304 Classic Quotations for Pet Owners"
        },
        {
            "id": "hcsdXsTjwLQ",
            "title": "\u9019\u7fa4\u4eba TGOP \u2502\u90a3\u4e9b\u7238\u5abd\u66fe\u7d93\u5c0d\u4f60\u8aaa\u904e\u7684\u8b0a Lies Your Parents Told You"
        },
        {
            "id": "bMt7Bwbsu7g",
            "title": "\u9019\u7fa4\u4eba TGOP \u2502\u60c5\u52d2\u7684\u7d93\u5178\u8a9e\u9304 Classic Emotional Blackmail Quotations"
        },
        {
            "id": "5qNLpwKIMbA",
            "title": "\u9019\u7fa4\u4eba TGOP \u2502\u7fa4\u7d44\u804a\u5929\u7684\u7d93\u5178\u8a9e\u9304  Classic Group Chat Quotations"
        },
        {
            "id": "W2i0Qett3dA",
            "title": "\u9019\u7fa4\u4eba TGOP \u2502\u96fb\u68af\u7684\u7d93\u5178\u8a9e\u9304\u00a0Classic Elevator Quotations"
        },
        {
            "id": "ybyQr4eJHpw",
            "title": "\u9019\u7fa4\u4eba TGOP \u2502\u9748\u6027\u5d1b\u8d77 \u2013 \u5bb6\u5177\u6e9d\u901a\u5e2b Rise of Spirituality \u2013 Furniture Whisperers"
        },
        {
            "id": "q8-orlo4g28",
            "title": "\u9019\u7fa4\u4eba TGOP \u2502\u8ca0\u80fd\u91cf\u7684\u7d93\u5178\u8a9e\u9304 Classic Quotations for Negative Thinking"
        },
        {
            "id": "n-iVctsvSBU",
            "title": "\u9019\u7fa4\u4eba TGOP \u2502\u659c\u5e79\u9752\u5e74\u516c\u95dc\u516c\u53f8 \u7b2c\u4e09\u96c6 The Slashie Public Relations EP.3"
        },
        {
            "id": "sl6zdxSSZfw",
            "title": "\u9019\u7fa4\u4eba TGOP \u2502\u9632\u75ab\u671f\u9593\u7684\u90a3\u4e9b\u5927\u5c0f\u4e8b-\u4e0b\u96c6 Life During the Pandemic EP2"
        },
        {
            "id": "fwZ_LQWGWew",
            "title": "\u9019\u7fa4\u4eba TGOP \u2502\u9632\u75ab\u671f\u9593\u7684\u90a3\u4e9b\u5927\u5c0f\u4e8b-\u4e0a\u96c6 Life During the Pandemic (EP.1)"
        },
        {
            "id": "LgtbwVEh0vc",
            "title": "\u9019\u7fa4\u4eba TGOP \u2502\u4ee4\u4eba\u706b\u5927\u7684\u7d93\u5178\u8a9e\u9304-\u60c5\u4fb6\u7bc7 Classic Annoying Quotations-Lovers"
        },
        {
            "id": "zJZuFxVoZVc",
            "title": "\u9019\u7fa4\u4eba TGOP \u2502\u4e00\u53e5\u8a71\u8b49\u660e\u4f60\u8001\u4e86Remarks that Prove You Are Officially Old feat.\u694a\u96ef\u96ef(\u9ed1\u9b3c\u5152)\u3001\u9435\u725b"
        },
        {
            "id": "Kwtc23UBBL4",
            "title": "\u9019\u7fa4\u4eba TGOP \u2502\u4ee4\u4eba\u706b\u5927\u7684\u7d93\u5178\u8a9e\u9304-\u8077\u5834\u7bc7 Classic Annoying Quotations -Workplace"
        },
        {
            "id": "bz60wo_Pk2k",
            "title": "\u9019\u7fa4\u4eba TGOP \u2502\u52f8\u4e16\u59d0\u9047\u4e0a\u53ad\u4e16\u670d\u52d9\u751f Woman Who Likes to Teach Others Vs. Server Who\u2019s Sick of Everything"
        },
        {
            "id": "t6-CvTKuv_w",
            "title": "\u9019\u7fa4\u4eba TGOP \u2502\u61f7\u5b55\u7684\u7d93\u5178\u8a9e\u9304 Classic Pregnancy Quotes"
        },
        {
            "id": "zhUOE1gKK4c",
            "title": "\u9019\u7fa4\u4eba TGOP \u2502\u8ddf\u670b\u53cb\u51fa\u904a\u7684\u50bb\u773c\u4e8b\u8e5f Problems When Traveling with Friends"
        },
        {
            "id": "6dqasbgDF1Y",
            "title": "\u9019\u7fa4\u4eba TGOP \u2502\u5225\u4eba\u8ddf\u4f60\u60f3\u7684\u6c38\u9060\u4e0d\u4e00\u6a23 Every Unexpected Moment Ever"
        },
        {
            "id": "Gd1yXFHCY6k",
            "title": "\u9019\u7fa4\u4eba TGOP \u2502\u904e\u5e74\u8b93\u4f60\u50bb\u773c\u7684\u4e8b Things We Hate About Chinese New Year"
        },
        {
            "id": "5i3FuztoYbw",
            "title": "\u9019\u7fa4\u4eba TGOP \u2502\u9178\u6c11\u7684\u7d93\u5178\u8a9e\u9304 Classic Quotes for Haters"
        },
        {
            "id": "L8nu3pTDNqo",
            "title": "\u9019\u7fa4\u4eba TGOP \u2502\u7238\u5abd\u8ac4\u8ac4\u6559\u8aa8\u7684\u7d93\u5178\u8a9e\u9304 Classic Mom and Dad Sayings"
        },
        {
            "id": "bDhhddU9FJk",
            "title": "\u9019\u7fa4\u4eba TGOP \u2502\u5012\u5e362020\u6d41\u884c\u4e8b TGOP Rewind 2020"
        },
        {
            "id": "iPe9TcjAGoo",
            "title": "\u9019\u7fa4\u4eba TGOP \u2502\u770b\u91ab\u751f\u7684\u7d93\u5178\u8a9e\u9304 Classic Doctor Quotes"
        },
        {
            "id": "jvexpXOqsFU",
            "title": "\u9019\u7fa4\u4eba TGOP \u2502\u659c\u5e79\u9752\u5e74\u96fb\u5f71\u9662 \u7b2c\u4e8c\u96c6 feat.\u5b89\u5fc3\u4e9e \u83ef\u68ee The Slashie Theater EP.2"
        },
        {
            "id": "-Emh9hq-rXg",
            "title": "\u9019\u7fa4\u4eba TGOP \u2502\u6566\u89aa\u7766\u9130\u7684\u7d93\u5178\u8a9e\u9304 Classic Quotations of Good Neighbors"
        },
        {
            "id": "p3AMs26ll80",
            "title": "\u9019\u7fa4\u4eba TGOP \u2502\u54e5\u8ddf\u59d0\u7684\u7d93\u5178\u8a9e\u9304 feat.\u5289\u66f8\u5b8f Classic Quotations for Brothers and Sisters"
        },
        {
            "id": "7Ow_IrOyiYQ",
            "title": "\u9019\u7fa4\u4eba TGOP \u2502\u8ddf\u4ea4\u5f80\u5f88\u4e45\u7684\u5973\u670b\u53cb\u5206\u624b\u6703\u600e\u9ebc\u6a23 What It Is Like to Break Up with Your Long-time Girlfriend"
        },
        {
            "id": "2fSX5Zxd-Eo",
            "title": "\u9019\u7fa4\u4eba TGOP \u2502\u804a\u5929\u7684\u7d93\u5178\u8a9e\u9304  Classic Quotations in Everyday Conversation"
        },
        {
            "id": "q55S3PA7mTI",
            "title": "\u9019\u7fa4\u4eba TGOP \u2013\u5341\u5e74\u7684\u6211 Ten years of me (\u5b98\u65b9\u5b8c\u6574\u7248MV) Official Music Video"
        },
        {
            "id": "1aF6-2t-qXU",
            "title": "\u9019\u7fa4\u4eba TGOP \u2502\u659c\u5e79\u9752\u5e74KTV \u7b2c\u4e00\u96c6 The Slashie KTV EP.1"
        },
        {
            "id": "pbOp9AgvSWo",
            "title": "\u9019\u7fa4\u4eba TGOP \u2502\u8ff7\u4e0d\u8ff7\u4fe1\u7d93\u5178\u8a9e\u9304 feat.\u738b\u5f69\u6a3a Classic Quotations for the Superstitious or Not Series"
        },
        {
            "id": "Qw53DrIny4k",
            "title": "\u9019\u7fa4\u4eba TGOP \u2502\u65b0\u624b\u7238\u5abd\u7684\u7d93\u5178\u8a9e\u9304 Classic Quotations for First-Time Parents"
        },
        {
            "id": "A7otZe_7zqg",
            "title": "\u9019\u7fa4\u4eba TGOP \u2502\u6211\u5973\u53cb\u8ddf\u6211\u5435\u67b6\u600e\u9ebc\u8fa6 What to Do When My Girlfriend is Mad at Me"
        },
        {
            "id": "PWmXREMAxl4",
            "title": "\u9019\u7fa4\u4eba TGOP \u2502\u6253\u5de5\u7684\u7d93\u5178\u8a9e\u9304 Classic Quotations for Working Part Time"
        },
        {
            "id": "WPeaLoX7u_A",
            "title": "\u9019\u7fa4\u4eba TGOP \u2502\u53f2\u4e0a\u6700\u626f\u96fb\u5f71\u89e3\u8aaa\u300c\u725b\u90ce\u8207\u7e54\u5973\u300dfeat.\u6d2a\u90fd\u62c9\u65af The Most Ridiculous Movie Riview \u300cThe Story of Niulang and Zhinu\u300d"
        },
        {
            "id": "YD9aYOjc5y8",
            "title": "\u9019\u7fa4\u4eba TGOP \u2013 \u505a\u5230\u6b7b Do it till we die (\u5b98\u65b9\u5b8c\u6574\u7248MV) Official Music Video"
        },
        {
            "id": "UiAXNCEj0us",
            "title": "\u9019\u7fa4\u4eba TGOP \u2502\u4e1f\u81c9\u8207\u96e3\u70ba\u60c5\u7684\u77ac\u9593 Those Embarrassing and Awkward Moments"
        },
        {
            "id": "bc86S6cRfis",
            "title": "\u9019\u7fa4\u4eba TGOP \u2502\u9b27\u4ec0\u9ebc\u7cfb\u5217\u2013\u53f2\u4e0a\u6700\u9ebb\u7169\u5ba2\u8a34 What The Hell Series-The Most Difficult Customer Ever"
        },
        {
            "id": "loRLLokVc5o",
            "title": "\u9019\u7fa4\u4eba TGOP \u2502\u5c37\u5c2c\u764c\u7684\u7d93\u5178\u6642\u523b  Every Embarrassing Moment Ever"
        },
        {
            "id": "OtUD_5ZMVZ8",
            "title": "\u9019\u7fa4\u4eba TGOP \u2502\u592b\u59bb\u7684\u7d93\u5178\u8a9e\u9304  Classic Couple Quotes"
        },
        {
            "id": "MjdahBa0JZg",
            "title": "\u9019\u7fa4\u4eba TGOP \u2502\u9b27\u4ec0\u9ebc\u7cfb\u5217\u2013\u6211\u9577\u5f97\u4e0d\u597d\u770b  What The Hell Series - I Don't Look Good"
        },
        {
            "id": "vdFeFAQ2KLQ",
            "title": "\u9019\u7fa4\u4eba TGOP \u2502\u8cfc\u7269\u7684\u7d93\u5178\u8a9e\u9304 Classic Quotations for Shopping"
        },
        {
            "id": "hhf_MupyfIA",
            "title": "\u9019\u7fa4\u4eba TGOP \u2502\u4f60\u5176\u5be6\u77e5\u9053 \u53ea\u662f\u6c92\u7279\u5225\u6ce8\u610f\u7684\u53f0\u7063\u540d\u7522 Things in Taiwan You Know About But Never Realize How Special They Are"
        },
        {
            "id": "tzZ0S7Z9itQ",
            "title": "\u9019\u7fa4\u4eba TGOP \u2502\u9b27\u4ec0\u9ebc\u7cfb\u5217\u2013\u5616 What The Hell Series - Tsk"
        },
        {
            "id": "W9Pi_BvOiZ4",
            "title": "\u9019\u7fa4\u4eba TGOP \u2502\u53e3\u7f69\u7684\u7d93\u5178\u8a9e\u9304 Classic Quotations for Face Masks"
        },
        {
            "id": "2rZYTcbbZkA",
            "title": "\u9019\u7fa4\u4eba TGOP \u2502\u71b1\u6200\u671f\u8207\u5e73\u6de1\u671f\u7684\u5dee\u5225 How We Fall Out Of Romantic Love"
        },
        {
            "id": "7Kkh75trAY4",
            "title": "\u9019\u7fa4\u4eba TGOP \u2502\u5404\u884c\u5404\u696d\u5728\u4f60\u9762\u524d\u653e\u9583  Every Public Display of Affection Ever"
        },
        {
            "id": "MbvSC7srU8Q",
            "title": "\u9019\u7fa4\u4eba TGOP \u2502\u73fe\u4ee3\u4eba\u751f\u6d3b\u58d3\u529b\u8d85\u7d1a\u5927 Overwhelmed By Modern Life Stress"
        },
        {
            "id": "70Hr6AYHHnQ",
            "title": "\u9019\u7fa4\u4eba TGOP \u2502\u842c\u80fd\u81e8\u6f14APP  feat.\u963fKen\u2502Unlimited Extras"
        },
        {
            "id": "IjWbuCa8EmE",
            "title": "\u9019\u7fa4\u4eba TGOP \u2502\u5404\u7a2e\u8077\u696d\u5728\u5ba2\u4eba\u9762\u524d\u5435\u67b6 Every Workplace Fight Ever"
        },
        {
            "id": "Fz9DhfKgJVo",
            "title": "\u9019\u7fa4\u4eba TGOP \u2502\u60c5\u4eba\u7bc0\u7684\u7d93\u5178\u8a9e\u9304 Classic Quotations of Valentine\u2019s Day"
        },
        {
            "id": "6aRUr93qLCg",
            "title": "\u9019\u7fa4\u4eba TGOP \u2502\u8acb\u5047\u7684\u7d93\u5178\u8a9e\u9304 Classic Quotations for Leave Requests"
        }
    ]
}