{
    "video_info": {
        "id": "2MflfZL20Iw",
        "channelTitle": "\u53f0\u5357Josh",
        "title": "\u4e9e\u51a0\u8cfd\u66fe\u5cfb\u5cb3\u5546\u54c1\u5c55\u793a\u5927\u5931\u6557\uff01\u53e4\u6797\u53cd\u5012\u5f15\u8d77\u65e5\u672c\u95dc\u6ce8\uff01\u3010\u76f4\u64ad\u7cbe\u83ef\u3011",
        "description": "\u53f0\u5357Josh\u7db2\u8def\u5546\u5e97 \u5404\u7a2e\u55e8\u55e8\u5546\u54c1\u90fd\u53ef\u4ee5\u5728\u9019\u88e1\u8cb7\u5230\u5594\uff01\nhttps://www.tainanjosh.co/\n\n\u6b61\u8fce\u52a0\u5165\u6211\u7684\u983b\u9053\u6703\u54e1\nhttps://reurl.cc/jnWGm\n\u6bcf\u500b\u670875\u5143\u5c0f\u984d\u8d0a\u52a9\u4f86\u5e6b\u52a9\u53f0\u5357Josh\u983b\u9053\u8b8a\u5f97\u66f4\u597d\n\n\u53f0\u5357Josh Line\u8cbc\u5716\u4e0a\u67b6\u56c9\nhttps://reurl.cc/8yy1aM\n\n#\u4e9e\u51a0\u8cfd\n#\u66fe\u5cfb\u5cb3\n#\u53e4\u6797\u777f\u716c\n\n\u5de5\u5546\u9080\u7d04\u8acb\u5bc4\u5230\u4ee5\u4e0b\u4fe1\u7bb1\ntainanjosh@capsuleinc.cc\n\n\u53f0\u5357Josh FB\u7c89\u7d72\u9801\nhttps://www.facebook.com/joshjawawa",
        "likeCount": "1753",
        "commentCount": "291",
        "viewCount": "114074"
    },
    "comments": [
        {
            "reply_id": "UgyTpoqgwhk3KKc6UEp4AaABAg",
            "reply_content": "\u60f3\u554f\u5c0d\u65bc\u6797\u9756\u51f1\u4eca\u5929\u6eff\u8cab\u7832\u6709\u4ec0\u9ebc\u770b\u6cd5",
            "likeCount": 4
        },
        {
            "reply_id": "UgybcJS20Sg8ajg24894AaABAg",
            "reply_content": "\u7d50\u679c\u6797\u9756\u51f1\u8207\u90ed\u5929\u4fe1\u6c92\u554f\u984c\u54c8",
            "likeCount": 1
        },
        {
            "reply_id": "UgyEibd4Wyd4_-eSkdJ4AaABAg",
            "reply_content": "\u9019\u5834\u6253\u5b8c\u6700\u958b\u5fc3\u7684\u662f\u6797\u6821\u9577",
            "likeCount": 1
        },
        {
            "reply_id": "UgzcMV7VsCVfJuPMFjl4AaABAg",
            "reply_content": "\u5176\u5be69\u4e0a\u7267\u79c0\u609f\u6253\u7684\u90a3\u7403\u5cb3\u5f1f\u5224\u65b7\u6709\u9ede\u5c0f\u7455\u75b5\u4e0d\u7136\u4ed6\u61c9\u8a72\u63a5\u7684\u5230",
            "likeCount": 0
        },
        {
            "reply_id": "UgwljpRAvmOyOPheTCV4AaABAg",
            "reply_content": "\u6709\u4eba\u53ea\u662f\u966a\u670b\u53cb\u53bb\u8a66\u93e1\u7d50\u679c\u81ea\u5df1\u51fa\u9053\u4e86\uff0c\u53e4\u6797\u5927\u6982\u4e5f\u662f\u9019\u6a23",
            "likeCount": 0
        },
        {
            "reply_id": "UgyvWHwcm6nNUXrWRl94AaABAg",
            "reply_content": "\u66fe\u5cfb\u5cb3\u9019\u7a2e\u7a0b\u5ea6\u8981\u65c5\u5916\u5f88\u62da,\u53ef\u80fd\u65c5\u6fb3\u6216\u65c5\u58a8\u897f\u54e5\u5427",
            "likeCount": 0
        },
        {
            "reply_id": "UgzOnERVQl_meyrpcdt4AaABAg",
            "reply_content": "\u611f\u89ba\u5cb3\u653f\u83ef\u90a3\u500b\u98db\u7403\u6709\u9ede\u96b1\u85cf\u5931\u8aa4\uff0c\u4e0d\u7136\u6c92\u610f\u5916\u63a5\u5f97\u5230",
            "likeCount": 6
        },
        {
            "reply_id": "Ugw5k71YYLGKW30f7BV4AaABAg",
            "reply_content": "\u6703\u5c07\u5cb3\u5f1f\u8ddf\u5c0f\u9ed1\u5de6\u5916\u4e0d\u7a69\u771f\u7684\u5f88\u641e\u7b11\uff0c\u9019\u7403\u8ff7\u53ef\u4ee5\u4e0d\u8981\u770b\u68d2\u7403\u4e86\u53ef\u6190\uff0c\u4e7e\u8106\u5168\u90e8\u4f4d\u7f6e\u90fd\u653e\u5b88\u5099\u7d44\u597d\u4e86",
            "likeCount": 5
        },
        {
            "reply_id": "Ugzv2E7mAMVHbefnmYt4AaABAg",
            "reply_content": "\u9019\u500b\u68d2\u6b21\u8b49\u5be6\u4e86\u4e2d\u8077\u6559\u7df4\u601d\u7dad\u662f\u500b\u8b0e",
            "likeCount": 3
        },
        {
            "reply_id": "Ugzqm2gMz1yd91QtX014AaABAg",
            "reply_content": "\u570b\u5e2b\u8a72\u53bb\u73fe\u5834\u65bd\u6cd5\u4e86\u5566",
            "likeCount": 3
        },
        {
            "reply_id": "Ugz9RHJZ8gs9-yP2NxR4AaABAg",
            "reply_content": "\u66fe\u5cfb\u5cb3\u5373\u5c07\u6311\u6230\u6311\u6230\u806f\u76df",
            "likeCount": 2
        },
        {
            "reply_id": "UgxFVHGOGFie9IbTHDF4AaABAg",
            "reply_content": "\u53e4\u6797\u5982\u679c\u53bb\u65e5\u672c\u4e00\u5b9a\u5b8c\u86cb\u4ed6\u600e\u4e48\u5bb9\u6613\u50b7\u6295\u7403\u5c40\u6578\u4e0d\u5920\u9577\u51fa\u8cfd\u6578\u4e0d\u5920\u591a\u65e5\u672c\u8077\u68d2\u6bd4\u4e2d\u8077\u6bd4\u8cfd\u591a\u800c\u4e14\u53bb\u4e86\u5c31\u662f\u6d0b\u5c07\u6703\u88ab\u71c3\u71d2\u56de\u4f86\u5c31\u5ee2\u4e86\u5f88\u591a\u524d\u4f8b\u53ef\u5faa",
            "likeCount": 1
        },
        {
            "reply_id": "UgwuB7RvN_jxwglI_SN4AaABAg",
            "reply_content": "\u5927\u5931\u6557\u61c9\u8a72\u8981\u62ff\u6389\uff0c\u6709\u4e00\u4e9b\u7403\u5b88\u5099\u6709\u6a5f\u6703\u63a5\u5230",
            "likeCount": 0
        },
        {
            "reply_id": "UgymG1cWvp1HUIMlClF4AaABAg",
            "reply_content": "\u6211\u600e\u9ebc\u624d\u8a18\u5f97\u8aaa\u6c92\u8981\u526a\u7cbe\u83ef",
            "likeCount": 0
        }
    ]
}