{
    "video_info": {
        "id": "49saXeuGKjA",
        "channelTitle": "\u53f0\u5357Josh",
        "title": "\u6731\u80b2\u8ce2\u6253\u64ca\u7387\u53ea\u5269.538\uff01\u5c1a\u66f8\u5927\u4eba\u770b\u53f0\u7063\u5927\u8cfd\uff1f\u3010\u76f4\u64ad\u7cbe\u83ef\u3011",
        "description": "\u53f0\u5357Josh\u7db2\u8def\u5546\u5e97 \u5404\u7a2e\u55e8\u55e8\u5546\u54c1\u90fd\u53ef\u4ee5\u5728\u9019\u88e1\u8cb7\u5230\u5594\uff01\nhttps://www.tainanjosh.co/\n\n\u6b61\u8fce\u52a0\u5165\u6211\u7684\u983b\u9053\u6703\u54e1\nhttps://reurl.cc/jnWGm\n\u6bcf\u500b\u670875\u5143\u5c0f\u984d\u8d0a\u52a9\u4f86\u5e6b\u52a9\u53f0\u5357Josh\u983b\u9053\u8b8a\u5f97\u66f4\u597d\n\n\u53f0\u5357Josh Line\u8cbc\u5716\u4e0a\u67b6\u56c9\nhttps://reurl.cc/8yy1aM\n\n#\u4e2d\u83ef\u8077\u68d2\n#\u6731\u80b2\u8ce2\n#\u738b\u7dad\u4e2d\n\n\u5de5\u5546\u9080\u7d04\u8acb\u5bc4\u5230\u4ee5\u4e0b\u4fe1\u7bb1\ntainanjosh@capsuleinc.cc\n\n\u53f0\u5357Josh FB\u7c89\u7d72\u9801\nhttps://www.facebook.com/joshjawawa",
        "likeCount": "1804",
        "commentCount": "196",
        "viewCount": "102359"
    },
    "comments": [
        {
            "reply_id": "Ugz5KNFev_0pD23yXxd4AaABAg",
            "reply_content": "\u6211\u89ba\u5f97\u6731\u80b2\u8ce2\u883b\u6709\u6a5f\u6703\u62ff\u4e0b\u7cfb\u5217\u8cfd\u6700\u6709\u50f9\u503c\u7403\u54e1\u6216\u512a\u79c0\u7403\u54e1\u3002",
            "likeCount": 2
        },
        {
            "reply_id": "UgzGioShYBKoTsrFgk94AaABAg",
            "reply_content": "\u7528\u76f4\u64ad\u63a8\u7ffb\u6578\u64da\u7684\u7537\u4eba",
            "likeCount": 2
        },
        {
            "reply_id": "UgwxYPqBbbL3K1hCqep4AaABAg",
            "reply_content": "\u570b\u5e2b\u4f60\u770b\u597d\u54ea\u652f\u968a\u4f0d\u6211\u5c31\u58d3\u53e6\u4e00\u652f\uff0c\u6211\u7684\u767c\u8ca1\u5922\u5168\u9760\u4f60\u4e86",
            "likeCount": 1
        },
        {
            "reply_id": "UgznGue4xEdnpWzFTkp4AaABAg",
            "reply_content": "\u4eca\u5929\u61c9\u8a72\u4e5f\u6703\u5168\u733f\u8d77\u5e8a\u5427 \u6628\u5929\u5df2\u7d93\u5168\u733f\u8d77\u5e8a\u4e86",
            "likeCount": 1
        },
        {
            "reply_id": "Ugxn7aEO00_Kz5NpqOh4AaABAg",
            "reply_content": "\u4e0d\u8667\u662f\u53cd\u5411\u660e\u71c8 \u4ee5\u5f8c\u6709\u8981\u53bb\u6fb3\u9580\u8a18\u5f97\u627e\u67b6\u8a31",
            "likeCount": 1
        },
        {
            "reply_id": "Ugw--EA5IIuOCvJWHot4AaABAg",
            "reply_content": "\u70ba\u4ec0\u9ebc\u6700\u8fd1\u90fd\u6c92\u6709\u8cfd\u5f8c\u9ede\u8a55",
            "likeCount": 0
        },
        {
            "reply_id": "Ugz2tdrqxT3AdIxKF8x4AaABAg",
            "reply_content": "\u6a02\u5929\u6253\u7dda\u5b8c\u5168\u7526\u9192\n\u770b\u4f86\u4e0b\u4e00\u5834\u5c31\u662f\u5b8c\u7d50\u7bc7\u4e86",
            "likeCount": 0
        },
        {
            "reply_id": "Ugyq4h8kKJq1fcoJvrF4AaABAg",
            "reply_content": "\u6709\u7f9e\u6065\u5fc3\u7684\u8a71\u5feb\u56de\u5bb6\u53cd\u7701",
            "likeCount": 0
        },
        {
            "reply_id": "Ugyw8jk_IG9KgVGNfgp4AaABAg",
            "reply_content": "\u6253\u81c9\u7cbe\u83ef\u6bcf\u6b21\u90fd\u90a3\u9ebc\u597d\u7b11",
            "likeCount": 0
        },
        {
            "reply_id": "UgxY0mJvsh7phfqGmUV4AaABAg",
            "reply_content": "\u6211\u600e\u9ebc\u89ba\u5f97\u6a02\u5929\u6709\u82b1\u9322\u8cb7\u4f60\u5537",
            "likeCount": 0
        },
        {
            "reply_id": "UgyrqZ_XSYqYs2pyhN14AaABAg",
            "reply_content": "\u6709\u6c92\u6709\u8003\u616e\u4e0b\u4e00\u5834\u76f4\u64ad\u76f4\u63a5\u5728\u5e3d\u5b50\u4e0a\u8cbc\u500b\u5c1a\u66f8\u5927\u4eba\uff1f",
            "likeCount": 0
        },
        {
            "reply_id": "Ugy2oPgQ9Q5zvptLGZh4AaABAg",
            "reply_content": "\u6731\u54e5\u662f\u5728\u6253\u4e94\u6210\u6253\u64ca\u7387\u7684\u4fdd\u885b\u6230",
            "likeCount": 4
        },
        {
            "reply_id": "UgzSgA0ofW8oEZ549MR4AaABAg",
            "reply_content": "\u6211\u8981\u770b\u5230\u52dd\u5229\u5996\u7cbe\u62cb\u5f69\u5e36\u4e86",
            "likeCount": 3
        },
        {
            "reply_id": "UgzGWI-0z14E-TwGVOZ4AaABAg",
            "reply_content": "\u539f\u4f86\u5f9e\u5927\u5b78\u88ab\u7576\u6389\u958b\u59cb \u5c31\u5df2\u7d93\u5c55\u73fe\u51fa\u570b\u5e2b\u7684\u6f5b\u529b\u4e86\u55ce",
            "likeCount": 2
        },
        {
            "reply_id": "Ugy1QiuQbKpLTEpLA854AaABAg",
            "reply_content": "\u5982\u679c\u570b\u5e2b\u53bb\u958b\u7bb1\u5927\u5de8\u86cb\u7b49\u7b49\u5c31\u6703\u6b65\u5165\u65b0\u7af9\u68d2\u7403\u5834\u7684\u5f8c\u5875\u4e86\ud83e\udd23",
            "likeCount": 1
        },
        {
            "reply_id": "UgyDCvzlwDPNQqOZlhB4AaABAg",
            "reply_content": "\u570b\u5e2b\u7684\u5634\u53ef\u4ee5\u8ddf\u7403\u738b\u6bd4\u5229\u6709\u7684\u6bd4\u5594",
            "likeCount": 1
        }
    ]
}