{
    "video_info": {
        "id": "7xzrAK4r8Fc",
        "channelTitle": "\u53f0\u5357Josh",
        "title": "\u53f0\u7063\u5927\u8cfdG7\u6700\u7d42\u6c7a\u6230\uff01\u5473\u5168\u6a02\u5929\u8ab0\u4f54\u4e0a\u98a8\uff1f",
        "description": "\u53f0\u5357Josh\u7db2\u8def\u5546\u5e97 \u5404\u7a2e\u55e8\u55e8\u5546\u54c1\u90fd\u53ef\u4ee5\u5728\u9019\u88e1\u8cb7\u5230\u5594\uff01\nhttps://www.tainanjosh.co/\n\n\u6b61\u8fce\u52a0\u5165\u6211\u7684\u983b\u9053\u6703\u54e1\nhttps://reurl.cc/jnWGm\n\u6bcf\u500b\u670875\u5143\u5c0f\u984d\u8d0a\u52a9\u4f86\u5e6b\u52a9\u53f0\u5357Josh\u983b\u9053\u8b8a\u5f97\u66f4\u597d\n\n\u53f0\u5357Josh Line\u8cbc\u5716\u4e0a\u67b6\u56c9\nhttps://reurl.cc/8yy1aM\n\n#\u4e2d\u83ef\u8077\u68d2\n#\u5473\u5168\u9f8d\n#\u6a02\u5929\u6843\u733f\n\n\u5de5\u5546\u9080\u7d04\u8acb\u5bc4\u5230\u4ee5\u4e0b\u4fe1\u7bb1\ntainanjosh@capsuleinc.cc\n\n\u53f0\u5357Josh FB\u7c89\u7d72\u9801\nhttps://www.facebook.com/joshjawawa",
        "likeCount": "2760",
        "commentCount": "640",
        "viewCount": "133251"
    },
    "comments": [
        {
            "reply_id": "UgyKls1HVkiws9k3PHR4AaABAg",
            "reply_content": "\u56de\u904e\u982d\u4f86\u770b\u9019\u500b\u5f71\u7247\uff0c\u89ba\u5f97\u9019\u771f\u7684\u662f\u7d2e\u7d2e\u5be6\u5be6\u7684\u672a\u4f86\u4eba\u983b\u9053",
            "likeCount": 5
        },
        {
            "reply_id": "Ugzj3ugnMbmj2PREewx4AaABAg",
            "reply_content": "\u6211\u770b\u904e\u570b\u5e2b\u6700\u7cbe\u6e96\u7684\u4e00\u6b21",
            "likeCount": 2
        },
        {
            "reply_id": "UgyeX68isy5ADsQTOit4AaABAg",
            "reply_content": "\u518d\u6b21\u4f86\u56de\u9867\u6709\u6599\u7684\u9810\u6e2c\u5f71\u7247",
            "likeCount": 1
        },
        {
            "reply_id": "UgzPZgWKASeLGY7UMnJ4AaABAg",
            "reply_content": "\u597d\u96aa\u4f60\u4e0d\u662f\u6a02\u5929\u7e3d\u6559\u7df4",
            "likeCount": 0
        },
        {
            "reply_id": "Ugzn71wso_z8dlDcFqN4AaABAg",
            "reply_content": "\u7d42\u65bc\u548c\u8cfd\u99ac\u4e00\u6a23\u986f\u9748\u4e86",
            "likeCount": 0
        },
        {
            "reply_id": "UgwLgD1kbtqD46L64S54AaABAg",
            "reply_content": "\u7d50\u679c\u4eca\u5929\u9053\u535a\u683c\u5148\u767c\u54c8\u54c8",
            "likeCount": 0
        },
        {
            "reply_id": "Ugx2UskBy_Am22kv0Qh4AaABAg",
            "reply_content": "\u4e14\u770b\u4eca\u5929\u5473\u5168\u6703\u4e0d\u6703\u53c8\u88ab\u55e8\u6389",
            "likeCount": 0
        },
        {
            "reply_id": "UgwXHXDjYHB2dGBlqUl4AaABAg",
            "reply_content": "\u9019\u662f\u4e00\u500b\u9f8d\u4e4b\u5b50\u4e00\u4eba\u5c0d\u6297\u6771\u65b9\u795e\u79d8\u529b\u91cf\u7684\u53f2\u8a69\u7d1a\u6545\u4e8b",
            "likeCount": 1
        },
        {
            "reply_id": "UgyEja_uq8tMCLt1xgF4AaABAg",
            "reply_content": "\u88ab\u56b4\u6cd3\u921e\u6253\u81c9\u6253\u4e0d\u6015\u7684\u7537\u4eba",
            "likeCount": 0
        },
        {
            "reply_id": "Ugynch67nLl2I83PwLF4AaABAg",
            "reply_content": "\u6574\u96c6\u6700\u5f8c\u624d\u662f\u9f8d\u8c93\u6ce8\u610f\u91cd\u9ede\uff0c\u5fc3\u60c5\u77ac\u9593\u7a69\u5b9a\u4e00\u5927\u534a",
            "likeCount": 0
        },
        {
            "reply_id": "Ugwtkpb2TussKfAgrjt4AaABAg",
            "reply_content": "\u9019\u4e00\u6230\u7684\u95dc\u9375\u662f\u4e0a\u534a\u5834\u5230\u4e2d\u9593\u6a02\u5929\u80fd\u5426\u65e9\u9ede\u6253\u7206\u5473\u5168\u5148\u767c\u6295\u624b\uff0c\u5473\u5168\u65b9\u9762\u5c31\u80fd\u5426\u5728\u6a02\u5929\u5148\u767c\u6c92\u6709\u706b\u529b\u5168\u958b\u628a\u4ed6\u6253\u4e0b\u53bb\uff0c\u6240\u4ee5\u771f\u7684\u4e94\u4e94\u6ce2",
            "likeCount": 0
        },
        {
            "reply_id": "UgzL0T_gcLDeIOZp_uh4AaABAg",
            "reply_content": "\u82e5\u5473\u5168\u80fd\u596a\u51a0\uff0c\u90a3\u5728\u63a8\u52d5\u8077\u68d2\u7684\u71b1\u6f6e\u5c31\u6709\u5f88\u5927\u7684\u52a9\u529b\u4e86",
            "likeCount": 0
        },
        {
            "reply_id": "UgzUf4KyzmbF_LvsokB4AaABAg",
            "reply_content": "\u8b93\u6211\u5011\u5148\u606d\u559c\u6a02\u5929\u5690\u5230\u9999\u6ab3\u7684\u52dd\u5229\u6ecb\u5473",
            "likeCount": 0
        },
        {
            "reply_id": "UgyLTsa7BLEoxWwZJjp4AaABAg",
            "reply_content": "\u8a72\u4e0d\u6703\u8981\u5148\u606d\u559c\u6a02\u5929\u4e86\u5427",
            "likeCount": 0
        },
        {
            "reply_id": "Ugw8vymQkotmhoU--qp4AaABAg",
            "reply_content": "\u6700\u5f8c\u4e00\u5834\u9084\u662f\u8981\u81ed\u56b4\u5b8f\u5747",
            "likeCount": 0
        },
        {
            "reply_id": "Ugxk04ZGp7dIVl8tcZB4AaABAg",
            "reply_content": "\u4f60\u9084\u662f\u8ced\u5473\u5168\u5c31\u5c0d\u4e86\u5566",
            "likeCount": 0
        },
        {
            "reply_id": "Ugy0TaSpjYBV5Rgu7dx4AaABAg",
            "reply_content": "\u6211\u5011\u9019\u908a\u606d\u559c\u6a02\u5929\u62ff\u4e0b\u7e3d\u51a0\u8ecd",
            "likeCount": 0
        },
        {
            "reply_id": "UgyshQwOHwnFqFjbLmR4AaABAg",
            "reply_content": "\u7167\u4eca\u5e74\u962a\u795e\u7684\u6a21\u5f0f\u4f86\u89c0\u5bdf\u6211\u89ba\u5f97\u6700\u5f8c\u9084\u662f\u6a02\u5929\u52dd\u51fa",
            "likeCount": 1
        },
        {
            "reply_id": "UgwT6ml3zen5kp4-OnN4AaABAg",
            "reply_content": "\u91cd\u9ede\u662f\u80fd\u4e0d\u80fd\u5c01\u9396\u6a02\u5929\u7684\u6253\u7dda\uff0c\u653b\u64ca\u706b\u529b\u9084\u662f\u6a02\u5929\u6bd4\u8f03\u5f37",
            "likeCount": 1
        },
        {
            "reply_id": "Ugz1jjRNE4RM8EFEUhJ4AaABAg",
            "reply_content": "\u7b2c\u4e03\u5834\u4e86\u9084\u662f\u4e0d\u6015\u88ab\u7d05\u8ecd\u6253\u81c9",
            "likeCount": 1
        }
    ]
}