{
    "video_info": {
        "id": "8z1CpFGhUrk",
        "channelTitle": "\u53f0\u5357Josh",
        "title": "2023\u4e2d\u83ef\u8077\u68d2\u4e09\u5927\u500b\u4eba\u734e\u9805\u9810\u6e2c\uff01MVP\u3001\u65b0\u4eba\u738b\u3001\u6700\u4f73\u9032\u6b65\u734e\uff01",
        "description": "\u53f0\u5357Josh\u7db2\u8def\u5546\u5e97 \u5404\u7a2e\u55e8\u55e8\u5546\u54c1\u90fd\u53ef\u4ee5\u5728\u9019\u88e1\u8cb7\u5230\u5594\uff01\nhttps://www.tainanjosh.co/\n\n\u6b61\u8fce\u52a0\u5165\u6211\u7684\u983b\u9053\u6703\u54e1\nhttps://reurl.cc/jnWGm\n\u6bcf\u500b\u670875\u5143\u5c0f\u984d\u8d0a\u52a9\u4f86\u5e6b\u52a9\u53f0\u5357Josh\u983b\u9053\u8b8a\u5f97\u66f4\u597d\n\n\u53f0\u5357Josh Line\u8cbc\u5716\u4e0a\u67b6\u56c9\nhttps://reurl.cc/8yy1aM\n\n#\u4e2d\u83ef\u8077\u68d2\n#CPBL\n#\u9812\u734e\u5178\u79ae\n\n\u5de5\u5546\u9080\u7d04\u8acb\u5bc4\u5230\u4ee5\u4e0b\u4fe1\u7bb1\ntainanjosh@capsuleinc.cc\n\n\u53f0\u5357Josh FB\u7c89\u7d72\u9801\nhttps://www.facebook.com/joshjawawa",
        "likeCount": "1567",
        "commentCount": "299",
        "viewCount": "87508"
    },
    "comments": [
        {
            "reply_id": "UgwHyRoG9R-UTu3ZY6Z4AaABAg",
            "reply_content": "\u5148\u606d\u559c\u6c92\u4e0a\u699c\u7684\u5404\u4f4d\u7403\u54e1\u4e86",
            "likeCount": 2
        },
        {
            "reply_id": "UgxRI_gAO6RF8nZhHhN4AaABAg",
            "reply_content": "\u606d\u559c\u5c0f\u82b1\u8ce2\u52c7\u596a\u6700\u4f73\u9032\u6b65\u734e",
            "likeCount": 1
        },
        {
            "reply_id": "UgwKXbsrwBAWs3CaL3V4AaABAg",
            "reply_content": "\u6240\u4ee5\u9032\u6b65\u734e\u606d\u559c\u82b1\u8ce2\u6211\u9084\u4ee5\u70ba\u88ab\u9019\u6a23\u8b1b\u662f\u6c92\u8fa6\u6cd5\u4e86\uff0c\u7e3d\u4e4b\u592a\u68d2\u4e86",
            "likeCount": 0
        },
        {
            "reply_id": "UgyVGtGa7PhxOnX6MQJ4AaABAg",
            "reply_content": "\u9032\u6b65\u734e\u8ddf\u65b0\u4eba\u734e\u90fd\u731c\u932f",
            "likeCount": 0
        },
        {
            "reply_id": "UgzOUmQ3tAk3BcXp-hp4AaABAg",
            "reply_content": "\u6700\u4f73\u9032\u6b65\u734e\u5df2\u5b8c\u6210\u6253\u81c9",
            "likeCount": 0
        },
        {
            "reply_id": "UgylpdFLnjIa4cXd46h4AaABAg",
            "reply_content": "\u8a71\u8aaa\u6771\u5c71\u518d\u8d77\u734e\u54c8\u54c8\u54c8",
            "likeCount": 0
        },
        {
            "reply_id": "UgwE0_h4TUbSyVhybk54AaABAg",
            "reply_content": "\u4e2d\u8077\u61c9\u8a72\u8a2d\u500b\u6771\u5c71\u518d\u8d77\u734e\uff0c\u674e\u5b97\u8ce2\u5c31\u5be6\u81f3\u540d\u6b78\u4e86",
            "likeCount": 0
        },
        {
            "reply_id": "Ugy180WCgfIKlLrpuWl4AaABAg",
            "reply_content": "\u9673\u514b\u7fbf\u5c0f\u82b1\u8ce2\u7a81\u7136\u7372\u5f97\u795e\u79d8\u529b\u91cf\u52a0\u6301",
            "likeCount": 9
        },
        {
            "reply_id": "UgwgZ-nW_6WjjYO3E794AaABAg",
            "reply_content": "\u570b\u5e2b\u8f9b\u82e6\u4e86\n\u5927\u806f\u76df\u7403\u5834\u4e4b\u65c5\u7684\u5f71\u7247\u61c9\u8a72\u4e5f\u7d2f\u7a4d\u4e0d\u5c11\u9084\u6c92\u7528\u5427",
            "likeCount": 3
        },
        {
            "reply_id": "Ugyx0uKeiv5_9HczpqJ4AaABAg",
            "reply_content": "\u6771\u5c71\u518d\u8d77\u90fd\u80fd\u5f9e\u7f3a\u4e86 \u6211\u89ba\u5f97\u7528\u5e38\u7406\u7121\u6cd5\u5206\u6790\u592a\u591a",
            "likeCount": 1
        },
        {
            "reply_id": "Ugw0VY7gYenP74hz8jd4AaABAg",
            "reply_content": "\u61c9\u8a72\u90fd\u6703\u7d66\u5473\u5168\u5427\u56e0\u70ba\u62ff\u51a0",
            "likeCount": 1
        },
        {
            "reply_id": "UgwswbptBDAm6FgvnW14AaABAg",
            "reply_content": "\u6211\u8a18\u5f97\u4e4b\u524d\u65b0\u4eba\u738b\u4e0d\u662f\u90fd\u6709\u9ed8\u5951\u4e0d\u9078\u65c5\u5916\u7403\u54e1\u55ce \u6240\u4ee5\u6797\u51f1\u5a01\u61c9\u8a72\u4e0d\u53ef\u80fd\u5427",
            "likeCount": 0
        },
        {
            "reply_id": "UgzOvVBCy6EMFZRszil4AaABAg",
            "reply_content": "\u674e\u66fe\u7d93\u5f88\u5f37\u8ad6\u9ede\u5728\u4ed6\u5165\u570d\u4ee5\u5f8c\u5c31\u6c92\u5565\u597d\u8a0e\u8ad6\u4e86 \u9019\u8ad6\u9ede\u6210\u7acb\u7684\u8a71\u5c31\u4e0d\u8a72\u5165\u570d",
            "likeCount": 0
        },
        {
            "reply_id": "UgwBJsi4g1ri_Zk3vM14AaABAg",
            "reply_content": "\u70ba\u4ec0\u9ebc\u73fe\u5728\u90fd\u5df2\u7d93\u4e0d\u5b89\u6392\u5ed6\u5065\u5bcc\u7576\u6355\u624b\u4e86\u5462",
            "likeCount": 0
        },
        {
            "reply_id": "Ugy7WKkRzc5yjQiaX2t4AaABAg",
            "reply_content": "\u674e\u7684\u72c0\u6cc1\u53ef\u4ee5\u5165\u570d\uff0c\u90a3\u5c0f\u9ed1\u9023\u5165\u570d\u90fd\u6c92\u9019\u4e5f\u5f88\u597d\u7b11",
            "likeCount": 0
        },
        {
            "reply_id": "Ugwxa4NR95cmvMHJ2bB4AaABAg",
            "reply_content": "\u65b0\u4eba\u734e\u8ddf\u9032\u6b65\u734e\u7684\u8ad6\u9ede\u5404\u81ea\u77db\u76fe\u4e86\u5427\n\u65b0\u4eba\u734e\u7684\u6642\u5019\u4e8c\u8ecd\u7d93\u9a57\u5c31\u4e5f\u8981\u7b97\n\u9032\u6b65\u734e\u7684\u6642\u5019\u5c31\u8b8a\u53bb\u5e74\u90fd\u5f85\u5728\u4e8c\u8ecd\u6bd4\u8f03\u6c92\u6709\u6578\u64da\u53ef\u4ee5\u5c0d\u7167",
            "likeCount": 0
        }
    ]
}