{
    "video_info": {
        "id": "9kbliIM69iQ",
        "channelTitle": "\u53f0\u5357Josh",
        "title": "\u3010\u5927\u806f\u76df\u7403\u5834\u4e4b\u65c5EP.10\u3011\u807d\u8aaa\u6cbb\u5b89\u582a\u616e\u7684\u8001\u864e\u7403\u5834\uff1f\u539f\u4f86\u6700\u582a\u616e\u7684\u662f\u9019\u98df\u7269\u7684\u8ce3\u76f8\uff01",
        "description": "\u53f0\u5357Josh\u7db2\u8def\u5546\u5e97 \u5404\u7a2e\u55e8\u55e8\u5546\u54c1\u90fd\u53ef\u4ee5\u5728\u9019\u88e1\u8cb7\u5230\u5594\uff01\nhttps://www.tainanjosh.co/\n\n\u6b61\u8fce\u52a0\u5165\u6211\u7684\u983b\u9053\u6703\u54e1\nhttps://reurl.cc/jnWGm\n\u6bcf\u500b\u670875\u5143\u5c0f\u984d\u8d0a\u52a9\u4f86\u5e6b\u52a9\u53f0\u5357Josh\u983b\u9053\u8b8a\u5f97\u66f4\u597d\n\n\u53f0\u5357Josh Line\u8cbc\u5716\u4e0a\u67b6\u56c9\nhttps://reurl.cc/8yy1aM\n\n#MLB\n#\u5e95\u7279\u5f8b\u8001\u864e\n#\u5927\u806f\u76df\n\n\u5de5\u5546\u9080\u7d04\u8acb\u5bc4\u5230\u4ee5\u4e0b\u4fe1\u7bb1\ntainanjosh@capsuleinc.cc",
        "likeCount": "2032",
        "commentCount": "130",
        "viewCount": "82412"
    },
    "comments": [
        {
            "reply_id": "UgwvkUxCNsH2ZqjLVf14AaABAg",
            "reply_content": "\u671f\u5f85\u5df2\u4e45\u7684\u5927\u806f\u76df\u7403\u5834",
            "likeCount": 9
        },
        {
            "reply_id": "UgxTkemY4UcltF9eNY14AaABAg",
            "reply_content": "\u4ee5\u70ba\u9019\u8a08\u756b\u80ce\u6b7b\u8179\u4e2d\u4e86",
            "likeCount": 3
        },
        {
            "reply_id": "Ugw9_3YgtxY0sUYFwm94AaABAg",
            "reply_content": "\u6211\u4ee5\u70ba\u9019\u7cfb\u5217\u5df2\u7d93\u505c\u66f4\u4e86",
            "likeCount": 3
        },
        {
            "reply_id": "Ugx-OcRfCzhRkVn7IHl4AaABAg",
            "reply_content": "\u7e3d\u89ba\u5f97\u53ef\u4ee5\u5728\u7403\u5834\u65c1\u908a\u6a19\u5c0f\u6578\u5b57\u6a19\u793a\u9806\u5e8f",
            "likeCount": 3
        },
        {
            "reply_id": "UgzD2PjszQUR-VMsnGx4AaABAg",
            "reply_content": "\u5feb\u54ed\u4e86\u7403\u5834\u7cfb\u5217\u53c8\u66f4\u65b0\u4e86",
            "likeCount": 3
        },
        {
            "reply_id": "UgyT0IJSbKNva9dXxnV4AaABAg",
            "reply_content": "\u7f8e\u570b\u4eba\u6839\u672c\u4e0d\u9700\u8981\u51fa\u570b\u5427\n\u5149\u662f\u5230\u5225\u7684\u5dde\u7684\u8ddd\u96e2\u5c31\u7b49\u65bc\u51fa\u570b\u4e86",
            "likeCount": 3
        },
        {
            "reply_id": "UgypWm_2qQyiGneuhZp4AaABAg",
            "reply_content": "\u5e95\u7279\u5f8b\u6cbb\u5b89\u6839\u672c\u4eba\u9593\u7149\u7344",
            "likeCount": 3
        },
        {
            "reply_id": "UgzjTkVKmrRdb-WVwdF4AaABAg",
            "reply_content": "\u4e0d\u8aaa\u6211\u90fd\u5fd8\u8a18\u9019\u500b\u7cfb\u5217\u4e86",
            "likeCount": 2
        },
        {
            "reply_id": "UgyagIRbBcm4PIEW5rN4AaABAg",
            "reply_content": "\u53ea\u6709\u6211\u4ee5\u70ba\u662f\u962a\u795e\u864e\u55ce",
            "likeCount": 1
        },
        {
            "reply_id": "UgyrTEHjLN68eGVoTgN4AaABAg",
            "reply_content": "\u770b\u5230\u96d5\u50cf\u5c31\u60f3\u5230\u8d0a\u52a9\u4eba\u540d\u5b57\u66f4\u5927\u7684\u9673\u91d1\u92d2\u96d5\u50cf",
            "likeCount": 1
        },
        {
            "reply_id": "UgydqYpUX-aTaBWj06V4AaABAg",
            "reply_content": "\u8001\u864e\u968a\u4e3b\u5834\u4e2d\u5916\u91ce\u771f\u7684\u8d85\u9060",
            "likeCount": 1
        },
        {
            "reply_id": "UgxF10jw3KhMmj2wFmV4AaABAg",
            "reply_content": "\u8c79\u5b50\u817f\u65b9\u6636\u6c38\u4e5f\u6709\u51fa\u5927\u806f\u76df\u7cfb\u5217\u7684\u554a",
            "likeCount": 1
        },
        {
            "reply_id": "UgykGzVWos4uaHKRJoR4AaABAg",
            "reply_content": "\u7403\u5834\u770b\u51fa\u53bb\u7684\u57ce\u5e02\u666f\u8272\u597d\u8b9a\uff0c\u597d\u50cf\u5728\u73a9\u6a21\u64ec\u57ce\u5e02",
            "likeCount": 0
        },
        {
            "reply_id": "UgxP0tIwagRT0fvFIRB4AaABAg",
            "reply_content": "\u6703\u53bb\u770b\u660e\u5e74\u5927\u5de8\u86cb\u8ddf\u8b80\u8ce3\u5de8\u4eba\u7684\u6bd4\u8cfd\u55ce",
            "likeCount": 0
        },
        {
            "reply_id": "UgwtC19slY0dDrnGjhl4AaABAg",
            "reply_content": "\u597d\u4e45\u6c92\u770b\u5230\u4f60\u6c92\u6234\u5e3d\u5b50\u7684\u6a23\u5b50\u6b38",
            "likeCount": 0
        },
        {
            "reply_id": "UgxKVRQYbmq2LBDnSyR4AaABAg",
            "reply_content": "\u8d81\u73fe\u5728\u4f11\u8cfd\u5b63\u525b\u597d\u53ef\u4ee5\u51fa\u5927\u806f\u76df\u7403\u5834\u5f71\u7247\u4e86\n\u4e5f\u671f\u5f85\u570b\u5e2b\u958b\u7bb1\u5927\u5de8\u86cb",
            "likeCount": 0
        }
    ]
}