{
    "video_info": {
        "id": "_8IMBpGyn0A",
        "channelTitle": "\u53f0\u5357Josh",
        "title": "\u4e9e\u6d32\u8077\u68d2\u51a0\u8ecd\u722d\u9738\u8cfd \u97d3\u570b vs \u65e5\u672c\u3010\u770b\u7403\u9592\u804a\u76f4\u64ad\u3011",
        "description": "\u53f0\u5357Josh\u7db2\u8def\u5546\u5e97 \u5404\u7a2e\u55e8\u55e8\u5546\u54c1\u90fd\u53ef\u4ee5\u5728\u9019\u88e1\u8cb7\u5230\u5594\uff01\nhttps://www.tainanjosh.co/\n\n\u52a0\u5165\u6211\u7684\u983b\u9053\u6703\u54e1\nhttps://reurl.cc/jnWGm\n\u6bcf\u500b\u670875\u5143\u5c0f\u984d\u8d0a\u52a9\u4f86\u5e6b\u52a9\u53f0\u5357Josh\u983b\u9053\u8b8a\u5f97\u66f4\u597d\n\n\u53f0\u5357Josh Line\u8cbc\u5716\u4e0a\u67b6\u56c9\nhttps://reurl.cc/8yy1aM\n\n\u5de5\u5546\u9080\u7d04\u8acb\u5bc4\u5230\u4ee5\u4e0b\u4fe1\u7bb1\ntainanjosh@capsuleinc.cc\n\n\u53f0\u5357Josh FB\u7c89\u7d72\u9801\nhttps://www.facebook.com/joshjawawa",
        "likeCount": "550",
        "commentCount": "14",
        "viewCount": "109024"
    },
    "comments": [
        {
            "reply_id": "Ugxi09_nGjFBKxum6eJ4AaABAg",
            "reply_content": "\u606d\u559c\u65e5\u8077\u4fdd\u6301\u4e9e\u592a\u8077\u68d2\u6700\u5f37\n\u7d42\u65bc\u770b\u5230\u4e16\u4ec7\u67f3\u4ef2\u9038\u5e36\u968a\u8f38\u7403\u5c31\u662f\u723d\n\u5e0c\u671b\u4e0b\u6b21\u4e2d\u8077\u80fd\u554f\u9f0e\u51a0\u8ecd",
            "likeCount": 9
        },
        {
            "reply_id": "Ugzkf5pHwX3C8DNSSDJ4AaABAg",
            "reply_content": "\u53f0\u7063\u88c1\u5224\u771f\u7684\u5f88\u721b\uff0c\u5169\u968a\u6295\u624b\u90fd\u4e0d\u77e5\u9053\u600e\u9ebc\u524a\u9032\u53bb",
            "likeCount": 3
        }
    ]
}