{
    "video_info": {
        "id": "BiI3jR4O3QE",
        "channelTitle": "\u53f0\u5357Josh",
        "title": "\u4e9e\u6d32\u8077\u68d2\u51a0\u8ecd\u722d\u9738\u8cfd \u65e5\u672c vs \u53f0\u7063\u3010\u770b\u7403\u9592\u804a\u76f4\u64ad\u3011",
        "description": "\u53f0\u5357Josh\u7db2\u8def\u5546\u5e97 \u5404\u7a2e\u55e8\u55e8\u5546\u54c1\u90fd\u53ef\u4ee5\u5728\u9019\u88e1\u8cb7\u5230\u5594\uff01\nhttps://www.tainanjosh.co/\n\n\u52a0\u5165\u6211\u7684\u983b\u9053\u6703\u54e1\nhttps://reurl.cc/jnWGm\n\u6bcf\u500b\u670875\u5143\u5c0f\u984d\u8d0a\u52a9\u4f86\u5e6b\u52a9\u53f0\u5357Josh\u983b\u9053\u8b8a\u5f97\u66f4\u597d\n\n\u53f0\u5357Josh Line\u8cbc\u5716\u4e0a\u67b6\u56c9\nhttps://reurl.cc/8yy1aM\n\n\u5de5\u5546\u9080\u7d04\u8acb\u5bc4\u5230\u4ee5\u4e0b\u4fe1\u7bb1\ntainanjosh@capsuleinc.cc\n\n\u53f0\u5357Josh FB\u7c89\u7d72\u9801\nhttps://www.facebook.com/joshjawawa",
        "likeCount": "995",
        "commentCount": "34",
        "viewCount": "240748"
    },
    "comments": [
        {
            "reply_id": "UgyrwLk5m1L2kW3iX4J4AaABAg",
            "reply_content": "\u9019\u5169\u5e74\u7684\u570b\u969b\u8cfd\u65e5\u672c\u968a\u90fd\u6709\u4e00\u500b\u554f\u984c\u662f\u524d\u671f\u4e00\u76f4\u7e5e\u8cfd \u4e00\u76f4\u8981\u7b49\u5230\u6709\u4eba\u51fa\u4f86\u6253\u4e00\u76f4\u9577\u6253\u624d\u7a81\u7136\u958b\u7ac5\n\u4e0d\u77e5\u9053\u662f\u4e0d\u662f\u6559\u7df4\u5718\u5728\u641e",
            "likeCount": 2
        },
        {
            "reply_id": "UgwN_-8V6RARiW5BGbd4AaABAg",
            "reply_content": "\u9019\u500b\u6253\u5e8f\u6709\u4eba\u6709\u982d\u7dd2\u55ce",
            "likeCount": 1
        },
        {
            "reply_id": "UgxAagGN4_3YqKuZ_Bd4AaABAg",
            "reply_content": "\u53ef\u60dc\u53f0\u7063\u7684\u6295\u624b\u548c\u5b88\u5099\u4e00\u76f4\u662f\u4e2d\u8077\u6700\u5927\u554f\u984c",
            "likeCount": 0
        }
    ]
}