{
    "video_info": {
        "id": "d4VVb8pGXMs",
        "channelTitle": "\u53f0\u5357Josh",
        "title": "\u53f0\u92fc\u64f4\u7de8\u9078\u79c0\u958b\u734e\uff01\u9019\u500b\u7d50\u679c\u7b97\u662f\u7206\u51b7\u9580\u55ce\uff1f",
        "description": "\u53f0\u5357Josh\u7db2\u8def\u5546\u5e97 \u5404\u7a2e\u55e8\u55e8\u5546\u54c1\u90fd\u53ef\u4ee5\u5728\u9019\u88e1\u8cb7\u5230\u5594\uff01\nhttps://www.tainanjosh.co/\n\n\u6b61\u8fce\u52a0\u5165\u6211\u7684\u983b\u9053\u6703\u54e1\nhttps://reurl.cc/jnWGm\n\u6bcf\u500b\u670875\u5143\u5c0f\u984d\u8d0a\u52a9\u4f86\u5e6b\u52a9\u53f0\u5357Josh\u983b\u9053\u8b8a\u5f97\u66f4\u597d\n\n\u53f0\u5357Josh Line\u8cbc\u5716\u4e0a\u67b6\u56c9\nhttps://reurl.cc/8yy1aM\n\n#\u4e2d\u83ef\u8077\u68d2\n#\u9673\u6587\u6770\n#\u53f0\u92fc\u96c4\u9df9\n\n\u5de5\u5546\u9080\u7d04\u8acb\u5bc4\u5230\u4ee5\u4e0b\u4fe1\u7bb1\ntainanjosh@capsuleinc.cc\n\n\u53f0\u5357Josh FB\u7c89\u7d72\u9801\nhttps://www.facebook.com/joshjawawa",
        "likeCount": "3145",
        "commentCount": "425",
        "viewCount": "177332"
    },
    "comments": [
        {
            "reply_id": "Ugx0hUf2piQxPz_MIPR4AaABAg",
            "reply_content": "\u738b\u8e8d\u9716\u7684\u96b1\u6182\u662f\u4ed6\u5230\u4e86\u5473\u5168\u624d\u6295\u51fa\u6210\u7e3e \u5982\u679c\u662f\u56e0\u70ba\u6709\u5c0f\u8449\u7684\u95dc\u4fc2 \u5230\u4e86\u53f0\u92fc\u4e0d\u66c9\u5f97\u6703\u4e0d\u6703\u56de\u5230\u4e4b\u524d\u7684\u6a23\u5b50",
            "likeCount": 22
        },
        {
            "reply_id": "Ugx5kSZEN7BgKMIIwKJ4AaABAg",
            "reply_content": "\u6587\u6770\u53bb\u53f0\u92fc\u662f\u6700\u597d\u7684\u9078\u64c7 \u4e0d\u7136\u5728\u4e2d\u4fe1\u4e5f\u662f\u64fa\u5728\u677f\u51f3\u721b\u800c\u5df2 \u8d81\u7576\u6253\u4e4b\u5e74\u524d\u5f80\u65b0\u7403\u968a\u624d\u6709\u5148\u767c\u7684\u7a7a\u9593",
            "likeCount": 3
        },
        {
            "reply_id": "UgzJlngdz0G8GJ2G4Zx4AaABAg",
            "reply_content": "\u771f\u7684\u597d\u60f3\u770b\u4e00\u4e0b\u7d71\u4e00\u7684\u540d\u55ae",
            "likeCount": 2
        },
        {
            "reply_id": "UgwIyYjpHTCkUbszpip4AaABAg",
            "reply_content": "\u771f\u7684\u4e00\u76f4\u89ba\u5f97\u9673\u51a0\u5b87\u5f88\u5e74\u8f15",
            "likeCount": 1
        },
        {
            "reply_id": "UgzC6UWTdGxm2r4vmo54AaABAg",
            "reply_content": "\u738b\u8e8d\u9716\u9577\u7684\u53ef\u80fd\u6bd4\u8f03\u8349\u8001",
            "likeCount": 1
        },
        {
            "reply_id": "Ugz7gJQC3nRmvSKxpAx4AaABAg",
            "reply_content": "\u722a\u7248\u660e\u660e\u4e00\u7247\u7403\u8ff7\u90fd\u795d\u798f\u6587\u6770\u80fd\u6709\u66f4\u597d\u767c\u5c55\uff0c\u53ea\u6709\u722a\u9178\u5728\u90a3\u908a\u53cd\u4e32\u9178\u4e2d\u4fe1\u7403\u5718\u7121\u60c5\u5df4\u62c9\u5df4\u62c9\u7684\uff0c\u7b11\u6b7b",
            "likeCount": 1
        },
        {
            "reply_id": "Ugwquqia28iDW51QQOB4AaABAg",
            "reply_content": "\u9673\u6587\u6770\u6709\u821e\u53f0\u8868\u73fe\u5c0d\u4ed6\u4f86\u8aaa\u61c9\u8a72\u662f\u4ef6\u597d\u4e8b",
            "likeCount": 1
        },
        {
            "reply_id": "Ugyn3vxsJ0M__NO3b2d4AaABAg",
            "reply_content": "\u60f3\u60f3\u7d71\u4e00\u672c\u4f86\u5c31\u662f\u5f88\u91cd\u6295\u624b\u7684\u7403\u968a\uff0c\u591a\u4fdd\u500b\u6295\u624b\u5176\u5be6\u4e5f\u4e0d\u610f\u5916",
            "likeCount": 0
        },
        {
            "reply_id": "UgzyhenfAs3mA1zkw7t4AaABAg",
            "reply_content": "\u5e0c\u671b\u914d\u7403\u7687\u5e1d\u5b63\u672b\u53bb\u53f0\u92fc",
            "likeCount": 0
        },
        {
            "reply_id": "UgxCzXRSEzwOL9wM1L94AaABAg",
            "reply_content": "\u7b2c\u4e00\u500b\u53bb\u56db\u500b\u968a\u4f0d\u7684\u6295\u624b",
            "likeCount": 0
        },
        {
            "reply_id": "Ugw5jvyi3ncSqJiI3c54AaABAg",
            "reply_content": "\u53ef\u80fd\u6709\u4e00\u500b\u5e73\u884c\u6642\u7a7a\u7684\u738b\u8000\u9e9f\u662f\u8001\u5c07\u6e96\u5099\u9000\u4f11\ud83d\ude02",
            "likeCount": 0
        },
        {
            "reply_id": "UgwBvC0kBPboWqMMyVh4AaABAg",
            "reply_content": "\u6211\u89ba\u5f97\u9019\u4e94\u4f4d\u7403\u54e1\u53ef\u4ee5\u5728\u53f0\u92fc\u6253\u51fa\u4e00\u7247\u5929 \u8b9a",
            "likeCount": 0
        },
        {
            "reply_id": "Ugzoky6g7NTvhGBDltt4AaABAg",
            "reply_content": "\u611f\u89ba\u5c31\u662f\u592a\u65e9\u653e\u98a8\u8072\u51fa\u4f86 \u8b93\u4e94\u968a\u6709\u904b\u4f5c\u7a7a\u9593",
            "likeCount": 0
        },
        {
            "reply_id": "Ugy_aCGQIfY1m6c0aip4AaABAg",
            "reply_content": "\u770b\u5b8c\u5f71\u7247\u53ea\u60f3\u554f\u6240\u4ee5\u9032\u5de8\u770b\u7684\u600e\u9ebc\u6a23\u4e86",
            "likeCount": 0
        },
        {
            "reply_id": "UgzDahpQtz-hWwfFy554AaABAg",
            "reply_content": "\u7403\u54e1\u88ab\u9078\u8d70\u662f\u597d\u4e8b\u554a\u5c24\u5176\u662f\u5c0d\u65bc\u9673\u6587\u6770\u4f86\u8aaa\u662f\u597d\u4e8b\u9084\u5e74\u8f15\u53c8\u6709\u5be6\u969b\u6210\u7e3e\uff0c\u4e0d\u61c2\u7403\u8ff7\u8981\u96e3\u904e\u4ec0\u9ebc\u4eba\u5bb6\u53c8\u4e0d\u662f\u5f15\u9000\u662f\u53bb\u4e00\u500b\u5728\u4e00\u8ecd\u5148\u767c\u6a5f\u6703\u5927\u5e45\u589e\u52a0\u7684\u7403\u968a\uff0c\u5927\u5bb6\u9084\u662f\u53ef\u4ee5\u9032\u5834\u70ba\u4ed6\u5011\u52a0\u6cb9\u554a",
            "likeCount": 364
        },
        {
            "reply_id": "UgxdhzhcQEZ2M-vJhxd4AaABAg",
            "reply_content": "\u671f\u5f85\u6230\u529b\u5916\u540d\u55ae\u9084\u6709\u5f97\u6311\uff0c\u7403\u54e1\u6d41\u52d5\u591a\u9ede\u5c0d\u5927\u74b0\u5883\u624d\u662f\u597d\u4e8b",
            "likeCount": 5
        },
        {
            "reply_id": "UgzidyqaYYI2FQ8Uk9p4AaABAg",
            "reply_content": "\u738b\u8000\u9716\u53ea\u662f\u9577\u7684\u6bd4\u8f03\u5e74\u9577 \u4e0d\u8981\u8aa4\u6703\u4eba\u5bb6\u662f\u8001\u5c07\u62c9",
            "likeCount": 3
        },
        {
            "reply_id": "Ugzx-xaMO-zC5_3KFFx4AaABAg",
            "reply_content": "\u9e79\u9165\u96de\u770b\u4f60\u7684\u5f71\u7247\u5c31\u5c0d\u4e86",
            "likeCount": 1
        },
        {
            "reply_id": "UgyB7CqpXgeyQvE_-pl4AaABAg",
            "reply_content": "\u4e00\u500b\u64f4\u7de8\u9078\u79c0\u4e00\u5929\u5c31\u53ef\u4ee5\u8e6d\u5169\u90e8\u5f71\u7247\uff0c\u771f\u6709\u4f60\u7684\u8cc8\u8a31",
            "likeCount": 1
        },
        {
            "reply_id": "UgyQnlhS-qvXguyjZaF4AaABAg",
            "reply_content": "\u7e3d\u800c\u8a00\u4e4b\u53f0\u92fc\u9019\u6b21\u62ff\u4e86\u4e00\u76e4\u597d\u83dc",
            "likeCount": 1
        }
    ]
}