{
    "video_info": {
        "id": "KaWUuORapPk",
        "channelTitle": "\u53f0\u5357Josh",
        "title": "\u4e00\u8d77\u770b\u53f0\u92fc\u64f4\u7de8\u9078\u79c0\u958b\u734e\u3010\u9592\u804a\u76f4\u64ad\u3011",
        "description": "\u53f0\u5357Josh\u7db2\u8def\u5546\u5e97 \u5404\u7a2e\u55e8\u55e8\u5546\u54c1\u90fd\u53ef\u4ee5\u5728\u9019\u88e1\u8cb7\u5230\u5594\uff01\nhttps://www.tainanjosh.co/\n\n\u52a0\u5165\u6211\u7684\u983b\u9053\u6703\u54e1\nhttps://reurl.cc/jnWGm\n\u6bcf\u500b\u670875\u5143\u5c0f\u984d\u8d0a\u52a9\u4f86\u5e6b\u52a9\u53f0\u5357Josh\u983b\u9053\u8b8a\u5f97\u66f4\u597d\n\n\u53f0\u5357Josh Line\u8cbc\u5716\u4e0a\u67b6\u56c9\nhttps://reurl.cc/8yy1aM\n\n\u5de5\u5546\u9080\u7d04\u8acb\u5bc4\u5230\u4ee5\u4e0b\u4fe1\u7bb1\ntainanjosh@capsuleinc.cc\n\n\u53f0\u5357Josh FB\u7c89\u7d72\u9801\nhttps://www.facebook.com/joshjawawa",
        "likeCount": "771",
        "commentCount": "129",
        "viewCount": "56972"
    },
    "comments": [
        {
            "reply_id": "UgzIw3Z2mtCimhmTdKR4AaABAg",
            "reply_content": "\u9f8d\u738b\u54e5\u641c\u96c6\u7403\u8863\u6bd4\u5927\u5e2b\u5144\u5feb",
            "likeCount": 35
        },
        {
            "reply_id": "Ugza_8wSaImwGDDhCxd4AaABAg",
            "reply_content": "\u7d50\u679c\u7576\u521d\u8fa3\u500b\u5927\u558a\u4e0d\u8981\u53bb\u53f0\u92fc\u7684 \u6839\u672c\u6c92\u88ab\u770b\u4e0a",
            "likeCount": 1
        },
        {
            "reply_id": "UgxdL4ltQ4YWbMJQ3u54AaABAg",
            "reply_content": "\u5e0c\u671b\u53f0\u92fc\u6709\u8db3\u5920\u7684\u91d1\u8cbb\u8cb7\u52a9\u807d\u5668",
            "likeCount": 0
        },
        {
            "reply_id": "UgyZvr8nUJ6PThoC3F14AaABAg",
            "reply_content": "\u9023\u8a31\u4fca\u63da\u4e5f\u5728\u9078\uff0c\u7d05\u4e2d\u770b\u9078\u624b\u662f\u4e0d\u662f\u6709\u554f\u984c\u554a",
            "likeCount": 0
        }
    ]
}