{
    "video_info": {
        "id": "rf5MjBAynko",
        "channelTitle": "\u53f0\u5357Josh",
        "title": "\u4e2d\u83ef\u8077\u68d2\u53f0\u7063\u5927\u8cfdG5 \u5473\u5168 vs \u6a02\u5929\u3010\u770b\u7403\u9592\u804a\u76f4\u64ad\u3011",
        "description": "\u53f0\u5357Josh\u7db2\u8def\u5546\u5e97 \u5404\u7a2e\u55e8\u55e8\u5546\u54c1\u90fd\u53ef\u4ee5\u5728\u9019\u88e1\u8cb7\u5230\u5594\uff01\nhttps://www.tainanjosh.co/\n\n\u52a0\u5165\u6211\u7684\u983b\u9053\u6703\u54e1\nhttps://reurl.cc/jnWGm\n\u6bcf\u500b\u670875\u5143\u5c0f\u984d\u8d0a\u52a9\u4f86\u5e6b\u52a9\u53f0\u5357Josh\u983b\u9053\u8b8a\u5f97\u66f4\u597d\n\n\u53f0\u5357Josh Line\u8cbc\u5716\u4e0a\u67b6\u56c9\nhttps://reurl.cc/8yy1aM\n\n\u5de5\u5546\u9080\u7d04\u8acb\u5bc4\u5230\u4ee5\u4e0b\u4fe1\u7bb1\ntainanjosh@capsuleinc.cc\n\n\u53f0\u5357Josh FB\u7c89\u7d72\u9801\nhttps://www.facebook.com/joshjawawa",
        "likeCount": "776",
        "commentCount": "42",
        "viewCount": "150851"
    },
    "comments": [
        {
            "reply_id": "UgzUoiKrRYaLcWwf1XR4AaABAg",
            "reply_content": "\u96e2\u570b\u5e2b\u5b8c\u6210\u4efb\u52d9\u53ea\u5dee\u6843\u733f\u660e\u5929\u5c01\u738b",
            "likeCount": 5
        },
        {
            "reply_id": "UgwgjK4hT6M1NjZQ8l54AaABAg",
            "reply_content": "\u4eca\u5929\u73fe\u5834\u518d\u770b\u5c0f\u9f8d\u5973\u51fa\u5834\u6642\u9593\u90fd\u8d85\u77ed\u5927\u90e8\u5206\u90fd\u5728\u6905\u5b50\u4e0a",
            "likeCount": 4
        },
        {
            "reply_id": "Ugw6-lJeaRiu5DzfUtV4AaABAg",
            "reply_content": "\u4eca\u5929\u9019\u96bb\u9f8d\u592a\u731b\u4e86\uff0c\u660e\u5929\u63db\u4e00\u96bb\u5f31\u5f31\u7684\u5361\u901a\u9f8d\u770b\u770b",
            "likeCount": 1
        }
    ]
}