{
    "video_info": {
        "id": "TRC1o_waVPs",
        "channelTitle": "\u53f0\u5357Josh",
        "title": "2024\u6559\u53ec\u8cc7\u8a0a\u67e5\u8a62\uff01",
        "description": "\u53f0\u5357Josh\u7db2\u8def\u5546\u5e97 \u5404\u7a2e\u55e8\u55e8\u5546\u54c1\u90fd\u53ef\u4ee5\u5728\u9019\u88e1\u8cb7\u5230\u5594\uff01\nhttps://www.tainanjosh.co/\n\n\u6b61\u8fce\u52a0\u5165\u6211\u7684\u983b\u9053\u6703\u54e1\nhttps://reurl.cc/jnWGm\n\u6bcf\u500b\u670875\u5143\u5c0f\u984d\u8d0a\u52a9\u4f86\u5e6b\u52a9\u53f0\u5357Josh\u983b\u9053\u8b8a\u5f97\u66f4\u597d\n\n\u53f0\u5357Josh Line\u8cbc\u5716\u4e0a\u67b6\u56c9\nhttps://reurl.cc/8yy1aM\n\n#\u6559\u53ec\n#\u61b2\u5175\n#\u9000\u4f0d\n\n\u5de5\u5546\u9080\u7d04\u8acb\u5bc4\u5230\u4ee5\u4e0b\u4fe1\u7bb1\ntainanjosh@capsuleinc.cc\n\n\u53f0\u5357Josh FB\u7c89\u7d72\u9801\nhttps://www.facebook.com/joshjawawa",
        "likeCount": "201",
        "commentCount": "18",
        "viewCount": "3078"
    },
    "comments": [
        {
            "reply_id": "UgwesQB7QSZDfgq_2KR4AaABAg",
            "reply_content": "\u9023\u570b\u9632\u90e8\u90fd\u745f\u745f\u767c\u6296\u7684\u570b\u5e2b",
            "likeCount": 11
        },
        {
            "reply_id": "UgxYuuPRFlBbVzsjIIt4AaABAg",
            "reply_content": "\u6211\u4eca\u5e74\u4e5f\u4e00\u958b\u59cb\u8aaa\u6c92\u6709\n\u5f8c\u4f86\u6253\u96fb\u8a71\u8981\u6211\u6559\u53ec",
            "likeCount": 0
        },
        {
            "reply_id": "UgxXP1HT1V3MRMdzDHx4AaABAg",
            "reply_content": "\u6c92\u6709\u5831\u540d\u6210\u529f\u90a3\u5c31\u662f\u8a50\u9a19\u7db2\u7ad9",
            "likeCount": 0
        }
    ]
}