{
    "video_info": {
        "id": "xQqUlvT3YG8",
        "channelTitle": "\u53f0\u5357Josh",
        "title": "\u7cbe\u6e96\u9810\u5224\u51fa\u53f0\u7063\u5927\u8cfdG7\u7684\u95dc\u9375\u9ede\uff01\u53ef\u662f\u5c0d\u65bc\u5f90\u82e5\u7199\u7684\u9810\u5224\u5c31...\u3010\u76f4\u64ad\u7cbe\u83ef\u3011",
        "description": "\u53f0\u5357Josh\u7db2\u8def\u5546\u5e97 \u5404\u7a2e\u55e8\u55e8\u5546\u54c1\u90fd\u53ef\u4ee5\u5728\u9019\u88e1\u8cb7\u5230\u5594\uff01\nhttps://www.tainanjosh.co/\n\n\u6b61\u8fce\u52a0\u5165\u6211\u7684\u983b\u9053\u6703\u54e1\nhttps://reurl.cc/jnWGm\n\u6bcf\u500b\u670875\u5143\u5c0f\u984d\u8d0a\u52a9\u4f86\u5e6b\u52a9\u53f0\u5357Josh\u983b\u9053\u8b8a\u5f97\u66f4\u597d\n\n\u53f0\u5357Josh Line\u8cbc\u5716\u4e0a\u67b6\u56c9\nhttps://reurl.cc/8yy1aM\n\n#\u4e2d\u83ef\u8077\u68d2\n#\u5f90\u82e5\u7199\n#\u9053\u535a\u683c\n\n\u5de5\u5546\u9080\u7d04\u8acb\u5bc4\u5230\u4ee5\u4e0b\u4fe1\u7bb1\ntainanjosh@capsuleinc.cc\n\n\u53f0\u5357Josh FB\u7c89\u7d72\u9801\nhttps://www.facebook.com/joshjawawa",
        "likeCount": "2804",
        "commentCount": "258",
        "viewCount": "119047"
    },
    "comments": [
        {
            "reply_id": "Ugw85aamT0RJ9R1W8xd4AaABAg",
            "reply_content": "\u547d\u4e2d\u7387\u6bd4\u6210\u6649\u6253\u64ca\u7387\u9084\u9ad8",
            "likeCount": 3
        },
        {
            "reply_id": "Ugw3J5TTf7ZmqnjrisJ4AaABAg",
            "reply_content": "\u771f\u7684\u5f88\u958b\u5fc3\u770b\u5230\u672c\u571f\u6295\u624b\u6709\u597d\u8868\u73fe\n\u5e0c\u671b\u53ef\u4ee5\u5728\u570b\u969b\u5728\u7e7c\u7e8c\u767c\u5149\u767c\u71b1",
            "likeCount": 1
        },
        {
            "reply_id": "UgxD-ZEGcVDMSrTOHpd4AaABAg",
            "reply_content": "\u5c0f\u8449\u4e00\u5b9a\u6709\u770b\u4f60\u7684\u9810\u8a00",
            "likeCount": 1
        },
        {
            "reply_id": "UgxG1Xp8YEIuLGMNnI54AaABAg",
            "reply_content": "\u4e0d\u662f\u5168\u5c0d\u5c31\u662f\u5168\u932f \u6211\u61f7\u7591\u570b\u5e2b\u4e4b\u524d\u5c31\u662f\u6545\u610f\u8b1b\u932f\u7684",
            "likeCount": 0
        },
        {
            "reply_id": "Ugw8DHFjxLsTH8aHRgR4AaABAg",
            "reply_content": "\u570b\u5e2b\u9810\u6e2c\u7cfb\u5217\u6700\u6709\u6599\u7684\u4e00\u5834",
            "likeCount": 0
        },
        {
            "reply_id": "UgzOz4USJA1ZZZ0wTSh4AaABAg",
            "reply_content": "\u9019\u662f\u570b\u5e2b\u7b2c\u4e00\u6b21\u9810\u6e2c\u6e96\u78ba\u55ce",
            "likeCount": 0
        },
        {
            "reply_id": "UgwHaYT0gQpK9uqvsQ94AaABAg",
            "reply_content": "\u5dee\u4e00\u9ede\u9ede\u7528\u570b\u5e2b\u7684\u53cd\u6307\u6a19\u53bb\u58d3\u6a02\u5929\u904b\u5f69\u9084\u597d\u570b\u5e2b\u6709\u6e96\u4e00\u6b21",
            "likeCount": 0
        },
        {
            "reply_id": "UgxblYcg2OoPNAFUzvJ4AaABAg",
            "reply_content": "\u570b\u5e2b\u5728\u672c\u5b63\u6700\u5f8c\u4e00\u5834\u6bd4\u8cfd\u5931\u6e96",
            "likeCount": 0
        },
        {
            "reply_id": "UgzFwkET2lHEddXqFgd4AaABAg",
            "reply_content": "\u6797\u5a01\u52a9\u7684\u5169\u500b\u7cfb\u5217\u6230 \u571f\u6295\u7684\u5b58\u5728\u611f\u4e5f\u90fd\u5f88\u9ad8\u554a",
            "likeCount": 0
        },
        {
            "reply_id": "UgzFNLiuXP0smOEVOxR4AaABAg",
            "reply_content": "\u6709\u6c92\u6709\u53ef\u80fd\u662f\u55e8\u4e86\u81ea\u5df1\u6c92\u6599\u4e00\u6574\u5e74\uff0c\u6240\u4ee5\u6700\u5f8c\u4e00\u5834\u8b8a\u6709\u6599",
            "likeCount": 0
        },
        {
            "reply_id": "UgwUFGEjHYXXfVIBM6J4AaABAg",
            "reply_content": "\u9006\u8f49\u7684\u706b\u7130\u9084\u662f\u706b\u5316\u7684\u706b\u7130\u5feb\u7b11\u6b7b",
            "likeCount": 0
        },
        {
            "reply_id": "UgwOxNvz6752FRrQgkJ4AaABAg",
            "reply_content": "\u597d\u50cf\u6709\u4f4d\u4ec1\u5144\u5fd8\u8a18\u4ed6\u7684\u7f8e\u570b\u884c\u5f71\u7247\u4e86",
            "likeCount": 4
        },
        {
            "reply_id": "UgzlpVzy3nfTmbHXAeR4AaABAg",
            "reply_content": "\u96e3\u9053\u9023\u7e8c\u5169\u5e74\u55ae\u968a\u571f\u6295\u62ff\u5169\u5834\u5148\u767c\u52dd\u9084\u4e0d\u5920\u6709\u5b58\u5728\u611f\u55ce\ud83d\ude02",
            "likeCount": 3
        },
        {
            "reply_id": "UgxHUB2TkeNpyEJZ_Ix4AaABAg",
            "reply_content": "\u9019\u9ebc\u6709\u6548\u679c\u7684\u6bd4\u8cfd\u53ea\u6709\u5728\u4e2d\u83ef\u8077\u68d2\u770b\u7684\u5230,\u5b8c\u5168\u628a\u5927\u806f\u76df\u6bd4\u4e0b\u53bb",
            "likeCount": 1
        },
        {
            "reply_id": "UgwEv5J5KqRzcYNuLXl4AaABAg",
            "reply_content": "\u9810\u6e2c\u6e96\u5230\u53ef\u4ee5\u8b93\u4f60\u723d\u4e00\u5e74",
            "likeCount": 1
        },
        {
            "reply_id": "Ugy5umOn1ST1zUiOjal4AaABAg",
            "reply_content": "\u9019\u4eba\u70ba\u4ec0\u9ebc\u53ef\u4ee5\u4e03\u6230\u90fd\u9019\u9ebc\u597d\u7b11",
            "likeCount": 0
        },
        {
            "reply_id": "Ugx0h7sVeKipnxGGIBR4AaABAg",
            "reply_content": "\u67d0\u968a\u5594\u6253\u4e0a\u5beb\u627f\u98db\u50b3\u98db \u7d50\u679c\u770b\u770b\u50b3\u98db\u7684\u662f\u8ab0",
            "likeCount": 0
        }
    ]
}