{
    "video_info": {
        "id": "Yv78eTBLhOY",
        "channelTitle": "\u53f0\u5357Josh",
        "title": "\u4e2d\u83ef\u8077\u68d2\u53f0\u7063\u5927\u8cfdG3 \u5473\u5168 vs \u6a02\u5929\u3010\u770b\u7403\u9592\u804a\u76f4\u64ad\u3011",
        "description": "\u53f0\u5357Josh\u7db2\u8def\u5546\u5e97 \u5404\u7a2e\u55e8\u55e8\u5546\u54c1\u90fd\u53ef\u4ee5\u5728\u9019\u88e1\u8cb7\u5230\u5594\uff01\nhttps://www.tainanjosh.co/\n\n\u52a0\u5165\u6211\u7684\u983b\u9053\u6703\u54e1\nhttps://reurl.cc/jnWGm\n\u6bcf\u500b\u670875\u5143\u5c0f\u984d\u8d0a\u52a9\u4f86\u5e6b\u52a9\u53f0\u5357Josh\u983b\u9053\u8b8a\u5f97\u66f4\u597d\n\n\u53f0\u5357Josh Line\u8cbc\u5716\u4e0a\u67b6\u56c9\nhttps://reurl.cc/8yy1aM\n\n\u5de5\u5546\u9080\u7d04\u8acb\u5bc4\u5230\u4ee5\u4e0b\u4fe1\u7bb1\ntainanjosh@capsuleinc.cc\n\n\u53f0\u5357Josh FB\u7c89\u7d72\u9801\nhttps://www.facebook.com/joshjawawa",
        "likeCount": "1373",
        "commentCount": "52",
        "viewCount": "291327"
    },
    "comments": [
        {
            "reply_id": "UgxdIfrR6c_Pd7xWFEl4AaABAg",
            "reply_content": "\u600e\u9ebc\u89ba\u5f97\u5c0f\u8449\u8001\u795e\u9084\u5728\u5728,\u6291\u6216\u662f\u65e9\u5c31\u770b\u958b\u4e86",
            "likeCount": 2
        },
        {
            "reply_id": "UgyAGDklreMgpp7mAbx4AaABAg",
            "reply_content": "\u6211\u89ba\u5f97\u53ef\u4ee5\u51fa\u76f4\u64ad\u88ab\u6253\u81c9\u7684\u7cbe\u83ef\u6b38",
            "likeCount": 1
        },
        {
            "reply_id": "Ugy87rTRsVHaJCaDJoJ4AaABAg",
            "reply_content": "\u6c92\u6599\u4ed4\u5225\u8cea\u7591\u6211\u5927\u9f8d\u8c93\u7684\u8abf\u5ea6",
            "likeCount": 1
        },
        {
            "reply_id": "UgwNYXflQGQ0VVWVued4AaABAg",
            "reply_content": "\u5e03\u91cc\u608d\u92fc\u9f8d\u90fd\u8f38\u5473\u5168\u6dbc\u4e86",
            "likeCount": 0
        }
    ]
}