{
    "channel": {
        "title": "J-Bao\u8ce4\u8446",
        "id": "UCIfiMAj8DovfeFZ_e0fDH_g",
        "customUrl": "@jbao",
        "uploads": "UUIfiMAj8DovfeFZ_e0fDH_g"
    },
    "videos": [
        {
            "id": "mw0DC0ko5Uw",
            "title": "\u3010\u9a5a\u7206!!\u3011\u4e09\u59b9\u6642\u4ee3\u6b63\u5f0f\u7d50\u675f\uff01\u7dca\u63a5\u800c\u4f86\u7684\u662f...\uff1f"
        },
        {
            "id": "H8j69-gUWMU",
            "title": "\u3010\u5927\u81bd\u6311\u6230!!\u3011\u4ed6\u7684\u82f1\u6587\u53ea\u6709\u300e\u570b\u5c0f\u7a0b\u5ea6\u300f\u537b\u8981\u98db\u53bb\u7f8e\u570b\u6f14\u8b1b\u628a\u59b9\ud83d\udc41\ufe0f\ud83e\udee6\ud83d\udc41\ufe0f"
        },
        {
            "id": "dvWXG8LfskA",
            "title": "\u3010\u5341\u842c\u722d\u596a\u8cfd!!\u3011\u53f2\u4e0a\u6700\u96e3\u505a\uff01\u53ec\u96c6100\u4f4d\u53f0\u7063\u52c7\u58eb\u6311\u6230\u300e\u79fb\u52d5\u5f0f\u706b\u7bad\u57ce\u5821\uff01\uff01\uff01\u300f"
        },
        {
            "id": "k-4NSzoTMAo",
            "title": "\u3010\u9b3c\u6708\u6574\u4eba\u3011\u7528\u300e\u8d85\u5641\u5fc3\u98db\u5929\u4eba\u982d!!!!\u300f\u628a\u59b9\u59b9\u5011\u5687\u7206\u7206\u7206\u7206\u7206\u7206\u7206\u7206\u7206\u7206\u7206\u7206\u7206\u7206\u7206\uff01\uff01\uff01"
        },
        {
            "id": "tGB2pbHMOZQ",
            "title": "\u3010\u8d85\u7375\u5947\u767c\u660e!!\u3011\u7528\u81ea\u5df1\u7684\u81c9\u88fd\u6210\u300e\u4eba\u982d\u8718\u86db\u9059\u63a7\u73a9\u5177\u300f\u5979\u88ab\u5687\u5230\u6f0f\u5c3f\uff01\uff1f"
        },
        {
            "id": "8q0EQSmMQnk",
            "title": "\u3010\u4e09\u59b9\u5be6\u7fd2\u7d50\u675f\u3011\u54c1\u5b50\u677e\u9f20\u6703\u96e2\u958b\u983b\u9053\u55ce\uff1f"
        },
        {
            "id": "pVO44WpLHGc",
            "title": "\u3010\u4e09\u59b9\u5be6\u7fd2\u7d50\u675f \u6668\u6668\u7bc7\u3011\u7a76\u7adf\u5979\u6703\u9078\u64c7\u300e\u7559\u4e0b\u300f\u9084\u662f\u300e\u96e2\u958b\u300f\uff1f"
        },
        {
            "id": "Hdkay6f7P-w",
            "title": "\u6559\u4f60\u5982\u4f55\u4f7f\u7528\u706b\u5f71\u5fcd\u8853 \u571f\u9041\uff01"
        },
        {
            "id": "_T85HdXVLLk",
            "title": "\u3010\u96b1\u85cf\u7248\u9053\u5177!!\u3011\u4e00\u6b21\u958b\u7bb1\u4e94\u500b\u5927\u96c5\u5de5\u4f5c\u5ba4\u300e\u672a\u516c\u958b\u7684\u5be6\u9a57\u767c\u660e\uff01\uff01\uff01\u300f"
        },
        {
            "id": "1V8Ja5wim7c",
            "title": "\u3010\u5730\u7344\u6311\u6230!!\u3011\u6642\u9694\u56db\u5e74\uff01\u518d\u6230\u300e\u9435\u939a\u722c\u5c71\u300f\u80d6\u4e8615\u516c\u65a4\u7684\u8ce4\u8446\uff0c\u80fd\u5426\u6210\u529f\u6311\u6230100\u516c\u5c3a\uff1f"
        },
        {
            "id": "Y_OelCVnXJE",
            "title": "\u3010\u8ce4\u8446&\u4e09\u59b9\u3011\u96d6\u7136\u5f88\u7a81\u7136\uff0c\u4f46\u6211\u5011\u5df2\u7d93\u5206\u958b\u4e00\u9663\u5b50\u4e86\u3002"
        },
        {
            "id": "bZR-wYMVLxY",
            "title": "\u8ce4\u8446\u96ea\u5730\u610f\u5916\uff01\u5dee\u9ede\u622a\u80a2\uff1f \u7dca\u6025\u51fa\u52d5\u300e\u96ea\u5730\u6551\u96e3\u968a\u300f\u6551\u63f4\u8cbb\u7528\u8d85\u9a5a\u4eba\uff01\uff1f"
        },
        {
            "id": "GCGf8G5SWqs",
            "title": "\u3010\u795e\u904b\u6c23!!!\u3011\u5728\u6df1\u5c71\u5de7\u9047\u300e\u6975\u5149\u5927\u7206\u70b8!!!!!\u300f\u4e4b\u6211\u5c01\u9762\u9019\u6a23\u653e\uff5e\u6668\u6668\u4e00\u5b9a\u6703\u6390\uff2f\u6211\uff01"
        },
        {
            "id": "1UT8-T060_I",
            "title": "\u3010\u9707\u64bc!!\u3011\u66dd\u5149\u677e\u9f20\u300e\u79c1\u4e0b\u771f\u5be6\u6a23\u8c8c!!!!\u300f\u54c1\u5b50\u90fd\u8ddf\u8ce4\u8446\u7761\u540c\u4e00\u5f35\u5e8a\uff01\uff1f"
        },
        {
            "id": "9994vJo3rB4",
            "title": "\u95dc\u65bc\u6728\u66dc\u904b\u52d5\u6703\u300e\u5f13\u7bad\u50b7\u4eba\u610f\u5916\u300f\u6211\u6709\u8a71\u8981\u8aaa...\u5176\u5be6\u771f\u76f8\u662f\uff01"
        },
        {
            "id": "48Gr4AgezyQ",
            "title": "\u3010\u8d85\u5922\u5e7b!!\u3011\u72e0\u7838$1,200,000\u53f0\u5e63\uff01\u8de8\u8d8a\u534a\u500b\u5730\u7403\u5230\u300e\u96f6\u4e0b20\u5ea6\u7684\u51b0\u5cf6\u300f\u6975\u5730\u63a2\u96aa\uff01\uff01\uff01"
        },
        {
            "id": "xXi1nKZ04CU",
            "title": "\u3010\u5c0d\u4e0d\u8d77\u3011\u9019\u96c6\u6211\u559d\u9189\u4e86\uff0c\u8aaa\u4e86\u5f88\u591a\u4e0d\u80fd\u8b1b\u7684\u771f\u5fc3\u8a71\u3002"
        },
        {
            "id": "NEhlTukKpjQ",
            "title": "\u3010\u8d85\u7a00\u6709!!\u3011\u54c1\u5b50\u79c1\u5e95\u4e0b\u7684\u8077\u696d\u5c45\u7136\u662f \uff1f\u5168\u53f0\u7063\u53ea\u6709\u4e09\u4f4d\uff01\uff01\uff01"
        },
        {
            "id": "mDlm6HXMqOM",
            "title": "\u8ce4\u8446\u4e09\u59b9\u767e\u842c\u8a02\u95b1\u5012\u6578\u76f4\u64ad\u2764\ufe0f\u200d\ud83d\udd25"
        },
        {
            "id": "6oig32Huw_w",
            "title": "\u3010\u5973\u751f\u65e5\u5e38 \u81ea\u80a5\u7bc7\u3011\u5927\u6703\u5831\u544a\uff01\u6211\u96c6\u6eff\u4e09\u59b9\u7684\u543b\u4e86\uff01\u6211\u7121\u6575\u4e86\uff01\uff01\uff01"
        },
        {
            "id": "2zDCQIYI0h4",
            "title": "\u3010\u6012\u783820\u842c!!\u3011\u628a\u8fb2\u7528\u6a5f\u6539\u9020\u6210\u4e00\u53f0\u300e\u88dd\u7532\u6230\u8eca\u300f\u53ef\u79fb\u52d5\u53ef\u767c\u5c04\uff01\u8d85\u778e\u8db4\uff01\uff01\uff01"
        },
        {
            "id": "xWuPF4Wlm0E",
            "title": "\u3010\u958b\u7bb1\u7db2\u7d05\u7684\u539d\u3011\u6df1\u5165\u8ce4\u8446\u5bb6\u9109\u300e\u5927\u96c5\u300f\u7b2c\u4e00\u7ad9\u76f4\u63a5\u5e36\u59b9\u5b50\u5011\u53bb\u521d\u591c\u5730\u9ede\u55e8\u55e8\uff01\uff1f"
        },
        {
            "id": "jIy1noT26vE",
            "title": "\u3010\u6012\u7838200\u842c!!\u3011\u7d66\u5973\u53cb\u5011\u300e\u6539\u9020\u5de5\u4f5c\u5ba4\u300f\u7a76\u7adf\u6703\u8b8a\u5929\u5802\u9084\u662f\u5730\u7344\uff01\uff1f"
        },
        {
            "id": "s6V1HzGxgd4",
            "title": "\u3010\u5973\u751f\u65e5\u5e38 \u4e2d\u6691\u7bc7!!\u3011\u7b2c\u56db\u4eba\u5831\u5230\uff01\u65b0\u4eba\u59b9\u59b9\u5c45\u7136\u662f\u6df7\u8840\u5152\uff01\uff1f"
        },
        {
            "id": "BLfXRjeJEpw",
            "title": "\u3010\u5973\u751f\u65e5\u5e38 \u6f8e\u6e56\u7bc7\u3011\u4e0d\u770b\u5f8c\u6094\uff01\u983b\u9053\u53f2\u4e0a\u6700\u9999\u7684\u4e00\u96c6\uff01\uff01\uff01"
        }
    ]
}