{
    "channel": {
        "title": "\u83ab\u5f69\u66e6Hailey",
        "id": "UCZqsvi6uhFrbsJcAmcZudcQ",
        "customUrl": "@haileymocaixi",
        "uploads": "UUZqsvi6uhFrbsJcAmcZudcQ"
    },
    "videos": [
        {
            "id": "T7pUF_iPjWs",
            "title": "\u3010\u7b2c\u4e00\u6b21\u770b\u5230\u5bf6\u5bf6\u7684\u81c9\uff01\u62cd\u5b55\u5a66\u5beb\u771f\ud83c\uddf9\ud83c\uddfc\u3011\u5403\u7206\u53f0\u7063\u7f8e\u98df\u90fd\u4e0d\u7528\u81ea\u5df1\u716e\ud83e\udd72 \u597d\u5e78\u798f"
        },
        {
            "id": "a7V3o6suQdY",
            "title": "\u3010\u751f\u5c0f\u5b69\u524d\u6700\u5f8c\u4e00\u6b21\u5169\u500b\u4eba\u56de\u53f0\u7063\ud83c\uddf9\ud83c\uddfc\u3011\u4e0b\u6b21\u5c31\u662f\u4e09\u500b\u4eba\u4e86\uff01\u5b55\u671f\u7d50\u675f\u524d\u7684\u6d6a\u6f2b\u4e4b\u65c5VLOG"
        },
        {
            "id": "T8S0dPoV57k",
            "title": "\u3010\u7f8e\u570b\u5c0f\u5b69\u7b2c\u4e00\u6b21\u73a9\u53f0\u7063\u73a9\u5177\ud83c\uddf9\ud83c\uddfc\u3011\u6d1e\u6d1e\u6a02\u3001\u61f8\u6d6e\u7403\u90fd\u6c92\u770b\u904e\uff01\u4e00\u73a9\u5c31\u611b\u4e0a\u53f0\u7063\u53e4\u65e9\u5473\u73a9\u5177"
        },
        {
            "id": "BJlhb0qhSVA",
            "title": "\u3010\u7f8e\u570b\u4eba\u7b2c\u4e00\u6b21\u5403\u53f0\u7063\u53e4\u65e9\u5473\u96f6\u98df\uff01\u3011\u9eb5\u8336\u7c89\u3001\u7259\u818f\u5de7\u514b\u529b\u91ac !? \u7f8e\u570b\u90fd\u6c92\u6709\uff01"
        },
        {
            "id": "dukd9GnhIAg",
            "title": "\u3010\u7f8e\u570b\u5b55\u5a66\u53ea\u60f3\u5403\u53f0\u5f0f\u6599\u7406\uff01\ud83c\uddf9\ud83c\uddfc\u3011\u6311\u6230\u81ea\u88fd\u83e0\u863f\u9eb5\u5305\u3001\u828b\u982d\u9bae\u5976\u3001\u5730\u74dc\u8449\u4e0d\u7c21\u55ae\uff5c\u5403\u7206\u60f3\u5ff5\u5e74\u7684\u53f0\u7063\u7f8e\u98df"
        },
        {
            "id": "Ow-Pwm7Vnnk",
            "title": "\u3010\u7f8e\u570b\u5a66\u7522\u79d1\u53ea\u67092\u6b21\u8d85\u97f3\u6ce2 !? \u3011\u7f8e\u570b\u5b55\u5a66\u7684\u4e00\u5929\uff5c\u53f0\u7f8e\u5b55\u5a66\u5dee\u7570\ud83c\uddf9\ud83c\uddfc\ud83c\uddfa\ud83c\uddf8"
        },
        {
            "id": "z6g6Xa25VMI",
            "title": "\u3010\u7f8e\u570b\u5f1f\u5f1f\u7b2c\u4e00\u6b21\u6311\u6230\u81ea\u88fd\u86b5\u4ed4\u714e\uff01\u3011\u5b8c\u5168\u4e0d\u77e5\u9053\u81ea\u5df1\u5728\u716e\u4ec0\u9ebc\ud83d\ude05 \u771f\u7684\u80fd\u6210\u529f\u55ce\uff1f"
        },
        {
            "id": "iUEfVR0Fjn0",
            "title": "\u3010\u958b\u7bb1\u4e00\u665a32\u842c\u5143\u5168\u7f8e\u570b\u6700\u8cb4\u98ef\u5e97\ud83e\udd2f\u3011\u90fd\u662f\u660e\u661f\u4f86\u5165\u4f4f\uff01\u5468\u908a\u7adf\u7136\u6c92\u6709\u6771\u897f\uff1f"
        },
        {
            "id": "PVM5bkm-M74",
            "title": "\u3010\u4e00\u6b21\u8d85\u97f3\u6ce2\u89815,500\u5143\ud83e\udd2f\u3011\u53f0\u7f8e\u96d9\u570b\u7c4d\uff1f\u6703\u6559\u5bf6\u5bf6\u4e2d\u6587\uff1f\u61f7\u5b55Q&A"
        },
        {
            "id": "HwejWnitu-I",
            "title": "\u3010\u6211\u5011\u6703\u751f\u7537\u751f\u9084\u662f\u5973\u751f\uff1f\u3011\u8ddf\u5bb6\u4eba\u958b\u6027\u5225\u63ed\u66c9\uff5c\u516c\u5e03\u6211\u5011\u7b2c\u4e00\u5bf6\u7684\u6027\u5225 \ud83d\udc76"
        },
        {
            "id": "i7qNBLZwGw4",
            "title": "\u3010\u7f8e\u570b\u5c0f\u5b69\u7b2c\u4e00\u6b21\u5403\u53f0\u7063\u51b0\u68d2\u3011\u5c0f\u7f8e\u51b0\u6dc7\u6dcb\u76f4\u63a5\u7528\u559d\u7684 !? \u8c46\u985e\u51b0\u68d2\u53cd\u61c9\u597d\u6fc0\u70c8\ud83d\ude05"
        },
        {
            "id": "9-W8RouaTkY",
            "title": "\u301042\u500b\u4eba\u30013\u9031\u3001\u540c\u4e00\u500b\u623f\u5b50\ud83e\udd2f\u3011\u5c0f\u5b69\u55e8\u7ffb\uff01\u623f\u5b50\u600e\u9ebc\u4fdd\u6301\u4e7e\u6de8\uff1f \u4e00\u5bb6\u4eba\u7684\u760b\u72c2\u5ea6\u5047VLOG"
        },
        {
            "id": "fLqDvtpl1LM",
            "title": "\u3010\u6d29\u6f0f\u7f8e\u570b\u660e\u661f\u5c08\u7528\u7684\u795e\u79d8\u6a5f\u5834\u3011\u5168\u8eab\u6309\u6469\u3001\u7406\u9aee\u670d\u52d9\u30015\u661f\u79c1\u5eda\u9910\u9ede\uff01"
        },
        {
            "id": "7mIx_LuEPeY",
            "title": "\u3010\u8001\u516c\u7684\u5f1f\u5f1f\u7b2c\u4e00\u6b21\u5403\u9f0e\u6cf0\u8c50\u3011\u7f8e\u570b\u9f0e\u6cf0\u8c50\u4e00\u9846\u5c0f\u7c60\u5305\u8981200\u5143 !? \ud83d\udcb8 \u5f1f\u5f1f\u4eba\u751f\u521d\u6b21\u5403\u53f0\u7063\u7f8e\u98df"
        },
        {
            "id": "VsRKBrMy1Hg",
            "title": "\u3010\u5bb6\u4eba\u807d\u5230\u61f7\u5b55\u6d88\u606f\u7684\u53cd\u61c9\uff01\u3011\u61f7\u7b2c\u4e00\u80ce\uff0c\u5bb6\u4eba\u90fd\u5f88\u6fc0\u52d5\uff5c\u7238\u5abd\u54ed\u4e86 \u2764\ufe0f"
        },
        {
            "id": "emjv9FaPufg",
            "title": "\u3010\u6211\u5011\u61f7\u5b55\u4e86\u2764\ufe0f\u3011We're pregnant!"
        },
        {
            "id": "bY-l1pU3N8k",
            "title": "\u301080\u6b72\u7684\u7f8e\u570b\u963f\u5b24\u7b2c\u4e00\u6b21\u904e\u7aef\u5348\u7bc0\uff01\u3011\u5206\u5f97\u51fa\u4f86\u5357\u7cbd\u8ddf\u5317\u7cbd\u55ce\uff1f\u7aef\u5348\u7bc0\u7279\u8f2f"
        },
        {
            "id": "EnJ_qldAg-4",
            "title": "\u3010\u7f8e\u570b\u59b9\u59b9\u4e00\u5403\u5c31\u611b\u4e0a\u4e86\u706b\u934b !? \u3011\u51ac\u7c89\u3001\u674f\u9b91\u83c7\u3001\u5e74\u7cd5\u90fd\u597d\u964c\u751f\ud83d\ude2f \u5e36\u8457\u5bb6\u4eba\u521d\u5617\u706b\u934b"
        },
        {
            "id": "R6YutK0CKVM",
            "title": "\u3010\u8de8\u8d8a3\u500b\u53f0\u7063\u7684\u8ddd\u96e2\u7d66\u54e5\u54e5\u5927\u9a5a\u559c\u3011\u54e5\u54e5\u4ee5\u70ba\u89aa\u59b9\u59b9\u662f\u5c0f\u5077\uff01\u9001\u5165\u539d\u79ae\u5e6b\u4ed6\u5011\u642c\u5bb6 :)"
        },
        {
            "id": "p9pb1OvlfSM",
            "title": "\u3010\u53f0\u7063\u8ddf\u7f8e\u570b\u7684\u7576\u92ea\u5dee\u8d85\u591a\ud83e\udd2f\u3011\u53f0\u7063\u7576\u92ea\u8aaa\u5a5a\u6212\u662f\u5408\u6210\u7684\uff0c\u7f8e\u570b\u7576\u92ea\u8aaa\u662f\u771f\u7684 !?"
        },
        {
            "id": "6MQ1cBI_jLk",
            "title": "\u3010\u7238\u5abd\u7b2c\u4e00\u6b21\u9ad4\u9a57\u53f0\u7063\u50b3\u7d71\u5a5a\u7d17\u3011\u4e00\u5bb6\u4eba\u62cd\u5a5a\u7d17\u7d00\u5ff5\u53f0\u7063\u4e4b\u65c5\uff5c\u83ab\u5abd\u611f\u52d5\u5230\u54ed\u4e86\u2764\ufe0f"
        },
        {
            "id": "ImTmaG_T8Wg",
            "title": "\u3010\u7f8e\u570b\u7238\u5abd\u521d\u5617\u53f0\u7063\u852c\u98df\u71b1\u7092\u3011\u9cf3\u68a8\u8766\u7403\u3001\u5bae\u4fdd\u96de\u4e01\u3001\u7121\u932b\u6392\u9aa8\uff01\u7238\u5abd\u6c92\u60f3\u5230\u7684\u53f0\u7063\u6599\u7406"
        },
        {
            "id": "A3Ppofn8BNk",
            "title": "\u3010\u770b\u5230\u53f0\u7063\u91ab\u7642\u8cbb\u50bb\u7206\u773c\uff01\u3011\u9019\u50f9\u9322\u78ba\u5b9a\u662f\u5728\u770b\u91ab\u751f !? \u7f8e\u570b\u91ab\u751f\u53f0\u7063\u91ab\u7642\u521d\u9ad4\u9a57"
        },
        {
            "id": "JVamUJDNs2w",
            "title": "\u3010\u7f8e\u570b\u4eba\u7fa8\u6155\u6b7b\u53f0\u7063\u7684\u5c0f7\uff01\u3011\u7c73\u5176\u6797\u9910\u9ede\u3001\u81ea\u71b1\u706b\u934b\u3001\u679c\u6c41\u5427 \ud83d\ude32 \u7238\u5abd\u5927\u5403\u4e00\u9a5a"
        },
        {
            "id": "04JlbQRHOIM",
            "title": "\u3010\u7236\u6bcd\u6c92\u60f3\u5230\u53f0\u7063\u53ef\u4ee5\u9019\u6a23\u73a9\uff01\u3011\u5c0f\u5403\u5403\u5230\u7206\u70b8\u3001\u901b\u8001\u8857\u3001\u5165\u4f4f\u96b1\u85cf\u76845\u661f\u98ef\u5e97\uff01"
        },
        {
            "id": "-6_RQF6xFZ8",
            "title": "\u3010\u777d\u90554\u5e74\uff0c\u7238\u5abd\u7d42\u65bc\u56de\u53f0\u7063\uff01\u30118\u500b\u6708\u7684\u79d8\u5bc6\u5927\u516c\u958b\uff5c\u7238\u5abd\u7b2c\u4e00\u6b21\u642d\u5546\u52d9\u8259\u7684\u53cd\u61c9"
        },
        {
            "id": "J5n4T2rfZ44",
            "title": "\u3010\u7f8e\u570b\u610f\u60f3\u4e0d\u5230\u7684\u6587\u5316\u548c\u898f\u5b9a\u30113\u842c\u5143\u7684OK\u7e43\uff01\u5168\u7403\u52693\u500b\u570b\u5bb6\u4f7f\u7528\u7684\u5236\u5ea6\uff1f"
        },
        {
            "id": "FcIHEYE5O4o",
            "title": "\u3010\u5168\u90e8\u90fd\u662f\u81ea\u5df1\u88dd\u6f62\u8a2d\u8a08\u7684\uff01\u3011\u7f8e\u570b100\u576a\u4f98\u5bc2\u5317\u6b50\u98a8\u623f\u5b50\uff5c\u524d\u5f8c\u5927\u6539\u9020\u2728"
        },
        {
            "id": "RCG2YXqzyR0",
            "title": "\u3010\u5168\u7f8e\u570b\u552f\u4e00\u53f0\u5f0fbuffet \ud83d\ude2e\u3011\u81ea\u88fd\u5228\u51b0\u5340\u3001\u76ae\u86cb\u3001\u5e97\u5167\u8d85\u5e02\uff5c\u7adf\u7136\u90fd\u662f\u7d20\u7684\uff01"
        },
        {
            "id": "2wrJVEla9es",
            "title": "\u3010\u5728\u7f8e\u570b\u958b\u88dc\u7fd2\u73ed\u5f88\u8cfa\u9322\uff1f\u3011\u6709\u73fe\u5834\u5fc3\u7406\u8aee\u5546 \ud83d\ude2e \u7f8e\u570b\u7adf\u7136\u4e5f\u6709\u88dc\u7fd2\u73ed\uff01"
        },
        {
            "id": "e10VtKbrBNo",
            "title": "\u3010\u7f8e\u570b\u5c0f\u5b69\u5c0d\u53f0\u7063\u51b0\u54c1\u7b2c\u4e00\u5370\u8c61\uff01\u3011\u8c46\u82b1\u3001\u4ed9\u8349\u3001\u7d05\u8c46\u8b93\u5c0f\u5b69\u6295\u964d\uff1f\u7a31\u8b9a\u300c\u6211\u5403\u9019\u500b\u6709\u53e3\u798f\u300d"
        },
        {
            "id": "dy1_v5sYZMY",
            "title": "\u30102\u500b\u6293\u9905\u300136\u9846\u6c34\u9903\u5c31\u89815400\u5143\ud83e\udd2f\u3011\u9084\u8981\u81ea\u5df1\u716e\uff01\u4e00\u9910\u8981\u4e00\u500b\u6708\u7684\u4f19\u98df\u8cbb\uff0c\u503c\u5f97\u55ce\uff1f"
        },
        {
            "id": "j_uXfaq3_2c",
            "title": "\u3010\u6211\u5011\u4e0d\u5c0f\u5fc3\u72af\u6cd5\u4e86\u3011\u53f0\u7063\u4e0d\u80fd\u505a\u9019\u4ef6\u4e8b\uff1f\u7f70\u55ae\u597d\u8cb4\uff01\u5e36\u5f1f\u5f1f\u904a\u53f0\u7684\u5c0f\u63d2\u66f2"
        },
        {
            "id": "Yx5jXK0CmFg",
            "title": "\u3010\u9001\u7f8e\u570b\u963f\u5b24\u5e74\u591c\u98ef\u5927\u9a5a\u559c\uff01\u3011\u62ff\u7d05\u5305\u597d\u5c37\u5c2c\ud83d\ude05 \u7f8e\u570b\u4eba\u4e5f\u56de\u5a18\u5bb6\u904e\u5e74\uff1f80\u6b72\u6c92\u807d\u904e\u706b\u934b\uff01"
        },
        {
            "id": "_yeqdwI4v3w",
            "title": "\u3010\u7f8e\u570b\u5f1f\u5f1f\u7b2c\u4e00\u6b21\u5728\u53f0\u7063\u591c\u5e02\u64fa\u6524\u3011\u7adf\u7136\u8d85\u7d1a\u8cfa\u9322 \ud83e\udd2f \u8ce3\u795e\u79d8\u7684\u7f8e\u570b\u5c0f\u5403"
        },
        {
            "id": "pXpC0w1Q_V0",
            "title": "\u3010\u5728\u53f0\u7063\u5bf5\u58de\u5f1f\u5f1f\u4e00\u5929\ud83d\udcb0\u30114100\u5143\u7684\u5348\u9910\uff1f\u5f1f\u5f1f\u9ad4\u9a57\u53f0\u7063\u9ad8\u7d1a\u7f8e\u5bb9\uff5c\u59d0\u59d0\u9322\u5305\u54ed\u4e86"
        },
        {
            "id": "U5qXuuMLgjw",
            "title": "\u3010\u8173\u5e95\u6309\u6469\u3001\u6574\u9aa8\u63a8\u62ff\u6253\u6557\u7f8e\u570b\u5f1f\u5f1f\uff01\u3011\u53f0\u7063\u7684\u6309\u6469\u5e97\u7adf\u7136\u9001\u9ede\u5fc3 !? \u5e36\u5f1f\u5f1f\u521d\u6b21\u9ad4\u9a57"
        },
        {
            "id": "QiaYwX7stoA",
            "title": "\u3010\u653e\u751f\u7f8e\u570b\u5f1f\u5f1f\u5728\u53f0\u5317\u904e\u4e00\u5929\u3011\u6311\u6230\u81ea\u5df1\u5b8c\u6210\u6307\u5b9a\u4efb\u52d9\uff5c\u59d0\u59d0\u5077\u5077\u8ddf\u5728\u5f8c\u9762\uff01"
        },
        {
            "id": "a5OuMTQYFyI",
            "title": "\u3010\u6574\u500b\u884c\u674e\u7bb1\u585e\u6eff\u4e86\u53f0\u7063\u79ae\u7269\ud83e\udd2f\u3011\u611b\u7684\u5c0f\u624b\u662f\u6309\u6469\u68d2 !? \u8ddf\u5f1f\u5f1f\u8cb7\u7206\u53f0\u7063\u79ae\u7269\u9001\u7f8e\u570b\u5bb6\u4eba"
        },
        {
            "id": "dQ-ZbrEL4AU",
            "title": "\u3010\u7f8e\u570b\u5f1f\u5f1f\u7b2c\u4e00\u6b21\u5403\u53f0\u7063buffet\uff01\u3011\u7121\u8089\u4e0d\u6b61\u7684\u5f1f\u5f1f\u6703\u559c\u6b61\u852c\u98dfbuffet\u55ce\uff1f\ud83d\ude05"
        },
        {
            "id": "QHcCNDoZLRk",
            "title": "\u3010\u5f1f\u5f1f\u5c0d\u53f0\u7063\u6c34\u679c\u7b2c\u4e00\u5370\u8c61\ud83d\ude32\u3011\u871c\u991e\u3001\u91cb\u8fe6\u3001\u9f8d\u773c\u600e\u9ebc\u5403\uff1f\u901b\u53f0\u7063\u7684\u679c\u83dc\u5e02\u5834"
        },
        {
            "id": "M82rBqsu66g",
            "title": "\u3010\u6311\u6230\u5728\u53f0\u7063\u591c\u5e02\u82b1\u51496000\u5143\ud83e\udd2f\u3011\u72c2\u7d66\u5c0f\u8cbb\u3001\u5403\u5230\u5410\uff1f\u5e36\u5f1f\u5f1f\u901b\u53f0\u7063\u591c\u5e02\uff01"
        },
        {
            "id": "kaZsJjhVsSo",
            "title": "\u30104\u5e74\u4f86\uff0c\u5f1f\u5f1f\u7d42\u65bc\u5230\u53f0\u7063\u4e86\ud83d\ude2d\ud83c\udf89\u3011\u9001\u514d\u8cbb\u7684\u53f0\u7063\u6a5f\u7968\uff5c\u98db\u6a5f\u6eff\u6eff\u4e86\u5916\u570b\u4eba\uff0c\u53f0\u7063\u958b\u653e\u4e86\uff01"
        },
        {
            "id": "CkLJVkVZjE8",
            "title": "\u3010\u4e00\u9031\u53ea\u5de5\u4f5c10\u5c0f\u6642\u3001\u8863\u670d\u90fd\u4e8c\u624b\u7684 !?\u3011\u5b8c\u5168\u4e0d\u8cb7\u540d\u724c\uff5c\u7f8e\u570b\u767e\u842c\u5bcc\u7fc1\u751f\u6d3b\u5927\u63ed\u79d8"
        },
        {
            "id": "vS2Kr-uniRo",
            "title": "\u3010\u5b78\u751f\u5348\u9910\u5403BBQ\u3001\u85af\u689d\u3001\u62ab\u85a9\u548c\u6f22\u5821\uff1f\u3011\u5783\u573e\u6876\u6eff\u6eff\u4e86\u6c34\u679c\u852c\u83dc\ud83d\ude22 \u7f8e\u570b\u5b78\u9910\u5206\u4eab\ud83c\uddfa\ud83c\uddf8"
        },
        {
            "id": "O_OmIYZEJBg",
            "title": "\u3010\u4e00\u6574\u5929\u53ea\u80fd\u5403\u7f8e\u570b\u9ea5\u7576\u52de\uff01\u3011\u6953\u7cd6\u9b06\u9905\u6f22\u5821\u3001\u8089\u6842\u5377\u548c\u58a8\u897f\u54e5\u6372\u9905\uff5c\u7adf\u7136\u5feb\u9913\u6b7b\u6211\u5011\u4e86\uff01"
        },
        {
            "id": "oz5Wdj9UKK8",
            "title": "\u3010\u7f8e\u570b\u6c7d\u8eca\u65c5\u9928\u771f\u7684\u50cf\u6050\u6016\u7247\uff1f\u3011\u5c3f\u6f2c\u3001\u8840\u6f2c\uff01\u6311\u623024\u5c0f\u6642\u5728\u8a55\u5206\u6700\u5dee\u6c7d\u8eca\u65c5\u9928"
        },
        {
            "id": "mBLJcUUgSgw",
            "title": "\u3010\u4e00\u676f\u98f2\u6599\u8981630\u5143\ud83e\udd2f\u3011\u8cb7\u7968\u3001\u5b89\u5168\u6aa2\u67e5\u3001\u5609\u5e74\u83ef\u3001\u73fe\u5834\u6f14\u5531\u6703!? \u7f8e\u570b\u6709\u5de8\u5927\u591c\u5e02"
        },
        {
            "id": "-Ng1_RSZy5A",
            "title": "\u3010\u4e00\u9846\u8981XX\u5143\u3011\u8ce3\u70b8\u7269\u3001\u624b\u6416\u98f2\uff01\u516b\u65b9\u96f2\u96c6\u4f86\u7f8e\u570b\u8d85\u53d7\u6b61\u8fce"
        },
        {
            "id": "l-cb5NXA48c",
            "title": "\u3010\u5e36\u53f0\u7063\u81ed\u8c46\u8150\u56de\u7f8e\u570b\u7d66\u5f1f\u5f1f\u5403\u3011\u6d77\u95dc\u8b66\u5bdf\u8868\u793a...\uff5c\u53f0\u7063\u81ed\u8c46\u8150\u53f2\u4e0a\u7b2c\u4e00\u6b21\u8de8\u570b\u754c\u98db14\u5c0f\u6642\uff01"
        },
        {
            "id": "rWPWytfmndM",
            "title": "\u3010\u963f\u91cc\u5c71\u7f8e\u98df\u79d8\u5883\u5168\u653b\u7565\u3011\u722c\u5c71\u3001\u795e\u79d8\u9910\u5ef3\u3001\u4f4f\u65b0\u958b\u7684\u8c6a\u83ef\u6c11\u5bbf\uff01\u65c5\u904aVLOG"
        },
        {
            "id": "IPxtpottdIU",
            "title": "\u3010\u7a81\u8972\u9001\u9910\u7d66\u89c0\u773e\uff01\u3011\u9ad4\u9a57\u53f0\u7063\u6469\u6258\u8eca\u5916\u9001\uff0c\u958b\u9580\u5927\u5403\u4e00\u9a5a\ud83e\udd17"
        },
        {
            "id": "_vnbA0K_mSM",
            "title": "\u3010\u6210\u70ba\u65b0\u805e\u5831\u5c0e\u7684\u5c0d\u8c61\u3011\u6211\u5011\u7684\u770b\u6cd5\u548c\u611f\u53d7\uff1f\u8b1d\u8b1d\u95dc\u5fc3\u6211\u5011\u7684\u5927\u5bb6"
        },
        {
            "id": "UPBey3189lc",
            "title": "\u3010\u958b\u7bb1\u53f0\u9435\u65b0\u81ea\u5f37\u865f\u9a30\u96f2\u5ea7\u8259\u3011\u9650\u5b9a\u53f0\u9435\u4fbf\u7576\u3001\u9ad8\u7d1a\u5ea7\u4f4d\u3001\u5168\u8ecaEMU3000\u9ad4\u9a57\uff01"
        },
        {
            "id": "quzSfKmYBsE",
            "title": "\u3010\u4e00\u6b21\u9700\u89817\u4f4d\u54e1\u5de5\u5728\u73fe\u5834 \ud83e\udd2f\u3011\u672a\u4f86\u611f\u7684\u5927\u8ce3\u5834\uff01\u9084\u8cb7\u79ae\u7269\u9001\u7f8e\u570b\u5bb6\u4eba"
        },
        {
            "id": "dBHs2JtN5ng",
            "title": "\u3010\u6211\u5011\u56de\u53f0\u7063\u4e86\uff01\u3011\u5546\u52d9\u8259\u4e00\u5f35\u898120\u842c\u5143\u53f0\u5e63\ud83e\udd2f  \u9810\u7b97\u6709\u9650\u7684\u5546\u52d9\u8259\u9ad4\u9a57"
        },
        {
            "id": "KepbXnZwyM8",
            "title": "\u3010\u8857\u8a2a\u7f8e\u570b\u5927\u5b78\u751f\uff1a\u4f60\u80fd\u6307\u51fa\u53f0\u7063\u55ce\uff1f\u3011\u56de\u7b54\u51fa\u4e4e\u610f\u6599\uff01\u5c0d\u53f0\u7063\u5370\u8c61\u6700\u6df1\u523b\u7684\u662f..."
        },
        {
            "id": "0vthZMpLEYU",
            "title": "\u3010\u624b\u8853\u5ba4\u7684\u6bcf\u4e00\u5206\u9418\u8981$3000\u591a\u5143\u3011\u5168\u9ad6\u95dc\u7bc0\u7f6e\u63db\u8853\uff5c\u7f8e\u570b\u91ab\u7642\u516c\u958b\uff01"
        },
        {
            "id": "gEBpoPph0Rc",
            "title": "\u3010\u7f8e\u570b\u5b8c\u5168\u6c92\u6709\u9019\u7a2e\u6587\u5316\ud83e\udd2f\u3011\u53ea\u6709\u62ab\u85a9\uff1f\u958b\u7bb1&\u8a66\u5403\u7f8e\u570b711\u5fae\u6ce2\u98df\u54c1\uff01"
        },
        {
            "id": "q2mB6OQVdjQ",
            "title": "\u3010\u7f8e\u52a0\u908a\u754c\u4e0a\u6709\u53e6\u4e00\u5ea7\u53f0\u7063\u5cf6\u3011\u8ecd\u4eba\u7df4\u7fd2\u5834\uff1f\u6211\u5011\u8e0f\u4e0a\u4e86\u9019\u5ea7\u79c1\u4eba\u5cf6\u5dbc\uff01"
        },
        {
            "id": "EyqVXH2Uxx8",
            "title": "\u3010\u7b2c\u4e00\u6b21\u5305\u7cbd\u5b50\uff0c\u5c0f\u5b69\u5403\u5f97\u4e0b\u55ce\uff1f\u3011\u8cfd\u9f8d\u821f\u3001\u624b\u7e2b\u9999\u5305\uff01\u7aef\u5348\u7bc0\u7279\u8f2f"
        },
        {
            "id": "11j5DFZ8fYk",
            "title": "\u3010\u5916\u570b\u4eba\u53ea\u8981500\u5143\u5c31\u80fd\u8cb7\u53f0\u7063\u99d5\u7167\ud83e\udd2f\u3011\u5b78\u6ce8\u97f3\u7b26\u865f\u3001\u8cb7\u6a5f\u7968\uff01\u7d42\u65bc\u8981\u56de\u53f0\u7063\ud83c\uddf9\ud83c\uddfc\ud83c\udf89"
        },
        {
            "id": "XUAcNEdYuUA",
            "title": "\u3010\u5c0f\u5b69\u4e5f\u4f4f\u5cf6\u4e0a\u751a\u81f3\u4e0d\u9396\u9580\uff1f\u3011\u9003\u7344\u6545\u4e8b\uff0c\u5be6\u969b\u63a2\u96aa\u60e1\u9b54\u5cf6\u806f\u90a6\u76e3\u7344\uff01"
        },
        {
            "id": "bfHMrx2t03g",
            "title": "\u3010\u642d\u98db\u6a5f\u70ba\u4e86\u5403\u5168\u7f8e\u552f\u4e00\u7f8e\u800c\u7f8e\u3011\u6bd4\u53f0\u7063\u8cb45\u500d\u9084\u5927\u53d7\u6b61\u8fce!? \u516c\u5e03\u82f1\u6587\u4fda\u8a9e\u8ab2\u7a0b\uff01"
        },
        {
            "id": "QJedkou3VZc",
            "title": "\u3010\u6bcf\u59296\u9ede\u9192\u4f86\u5065\u8eab\ud83e\udd2f\u3011\u7f8e\u570b\u5275\u8fa6\u4eba\u7684\u4e00\u5929\uff01\u521d\u5275\u4f01\u696d\u7684\u597d\u8ddf\u58de"
        },
        {
            "id": "zFz1BdhqeKU",
            "title": "\u3010\u9ebb\u8fa3\u81ed\u81ed\u934b\u76f4\u63a5\u6253\u6557\u7f8e\u570b\u5bb6\u4eba\u3011\u6c92\u5403\u904e\u5c31\u6311\u6230\u81ea\u5df1\u505a\u51fa\u53f0\u5f0f\u81ed\u81ed\u934b\uff01"
        },
        {
            "id": "yMSz6Z9Dxk0",
            "title": "\u3010\u7f8e\u570b\u4eba\u4e0d\u53bb\u7956\u5148\u7684\u58b3\u5893\uff1f\u3011\u6e05\u660e\u7bc0\u53f0\u7f8e\u6587\u5316\u5dee\u7570\u5206\u4eab\uff5c\u7b2c\u4e00\u6b21\u81ea\u5df1\u505a\u6f64\u9905\u76ae\uff01"
        },
        {
            "id": "Up1xkeX-qPM",
            "title": "\u3010\u5bb6\u4eba\u7b2c\u4e00\u6b21\u5403\u53f0\u5473\u4fbf\u7576\u3011\u6ef7\u5473\u662f\u4ec0\u9ebc\uff1f\u4e00\u5bb6\u4eba\u5403\u4fbf\u7576\u89813000\u53f0\u5e63\uff01"
        },
        {
            "id": "K9TBMMi7pJ0",
            "title": "\u3010\u5e8a\u588a\u5e95\u4e0b\u627e\u5230\u6563\u5f48\u69cd\ud83e\udd2f\u3011\u7f8e\u570b\u5bb6\u88e1\u600e\u9ebc\u4fdd\u5b89\uff1f\u642c\u9032\u65b0\u5bb6\u7684\u5927\u5c0f\u4e8b\uff01"
        },
        {
            "id": "WaaX_hba5-c",
            "title": "\u3010\u958b\u7bb1\u597d\u840a\u5862\u7684\u53f0\u7063\u7c73\u5176\u6797\u9910\u5ef3\u3011\u8d85\u7d1a\u53d7\u6b61\u8fce\u7684\u53f0\u7063\u5473\uff01\u4e09\u676f\u8304\u5b50\u3001\u64d4\u64d4\u9eb5\u3001\u9ed1\u6728\u8033\u3001\u8525\u6cb9\u9905"
        },
        {
            "id": "Cm3USOGBYRA",
            "title": "\u3010\u7b2c\u4e00\u6b21\u5403\u86b5\u4ed4\u714e\u7adf\u7136\u662f\u5728\u7f8e\u570b\ud83d\ude32\u3011\u9053\u4e0d\u9053\u5730\uff1f\u5728\u6d1b\u6749\u78ef\u8a66\u54035\u5bb6\u53f0\u7063\u5c0f\u5403\u5e97\uff01"
        },
        {
            "id": "fsD4Jh9C66Q",
            "title": "\u3010\u73fe\u5728\u662f\u7f8e\u570b\u6700\u53f0\u7063\u7684\u5730\u65b9\ud83c\uddf9\ud83c\uddfc\u3011\u4e00\u77ac\u9593\u91cd\u8fd4\u53f0\u7063\uff01\u53f0\u5f0f\u81ed\u81ed\u934b\u3001\u4f5b\u5149\u5c71\u5bfa\u3001\u53f0\u7063\u4ee5\u5916\u53f0\u7063\u4eba\u53e3\u6700\u591a\u7684\u5730\u65b9VLOG"
        },
        {
            "id": "DG261TsKNVM",
            "title": "\u3010\u958b\u7bb1\u7f8e\u570b\u6f22\u5821\u738b\u3011\u6c92\u6709\u70b8\u96de\u7fc5\uff1f\u7d20\u98df\u83ef\u5821\uff1f\u53f0\u7063\u6f22\u5821\u738b\u4e0a\u7f8e\u570b\u65b0\u805e"
        },
        {
            "id": "sZMMrhzbXwY",
            "title": "\u3010\u53f0\u7f8e\u7fd2\u4fd7\u5dee\u7570\uff01\u3011\u5783\u573e\u653e\u99ac\u8def\u908a\u3001\u7d50\u5a5a\u5973\u65b9\u51fa\u9322\uff1f\u7f8e\u570b\u6587\u5316\u5206\u4eab"
        },
        {
            "id": "ENtL76EjKe0",
            "title": "\u3010\u628a\u7f8e\u570b\u5bb6\u6539\u9020\u6210\u5e74\u8ca8\u5927\u8857\u3011\u5bf8\u68d7\u3001\u91d1\u6854\u9905\u3001\u751f\u4ec1\u7cd6 !? \u7b2c\u4e00\u6b21\u5403\u5e74\u8ca8\u96f6\u98df"
        },
        {
            "id": "GeCV-DH7kdk",
            "title": "\u3010\u7236\u6bcd\u7b2c\u4e00\u6b21\u62ff\u7d05\u5305\u8d85\u5403\u9a5a\uff01\u3011\u653e\u97ad\u70ae\u9130\u5c45\u6703\u751f\u6c23\uff1f\u6311\u6230\u505a\u51fa\u9577\u5e74\u83dc\u3001\u6cb9\u98ef\u3001\u9903\u5b50\u548c\u5e74\u7cd5\uff01"
        },
        {
            "id": "wFoXKlJdNXc",
            "title": "\u3010\u547c\u5438\u6025\u4fc3\u548c\u80ba\u90e8\u554f\u984c\u3011\u4e00\u5b9a\u6703\u6709\u5f8c\u907a\u75c7\uff1f\u6211\u5011\u7684\u5065\u5eb7\u72c0\u6cc1\u8ffd\u8e64\u5206\u4eab"
        },
        {
            "id": "5fjD6Luvsy4",
            "title": "\u3010\u6211\u5011\u7684\u75c7\u72c0\u548c\u7d93\u9a57\u3011\u7f8e\u570bCOVID-19\u75c5\u4f8b\u65b0\u589e\u8d85\u904e150\u842c\u4eba\uff0c\u6211\u5011\u4e5f\u78ba\u8a3a\u4e86\u22ef\uff08\u5df2\u5eb7\u5fa9\uff09"
        },
        {
            "id": "32Imy1eXI1g",
            "title": "\u3010\u5006\u4eba\u5403\u9435\u677f\u71d2\u8981$2500\u53f0\u5e63!?\u3011\u7f8e\u570b\u77e5\u540d\u8868\u6f14\u82b1\u5f0f\u9435\u677f\u71d2\uff01\u8056\u8a95\u7bc0\u7279\u8f2f"
        },
        {
            "id": "ToWTwhEgiqE",
            "title": "\u3010\u7f8e\u570b\u4eba\u7b2c\u4e00\u6b21\u6413\u6e6f\u5713\u80fd\u6210\u529f\uff1f\u3011\u5f1f\u5f1f\u521d\u5617\u7d05\u767d\u6e6f\u5713\u548c\u6842\u5713\u6e6f\uff5c\u53f0\u7063\u6599\u7406\u6311\u6230\ud83c\uddf9\ud83c\uddfc"
        },
        {
            "id": "3FVLo3ldTao",
            "title": "\u3010\u7b2c\u4e00\u6b21\u5403\u53f0\u7063\u7684\u62cc\u9eb5\uff01\u3011\u80fd\u63a5\u53d7\u6912\u9ebb\u91ac\u548c\u9ed1\u829d\u9ebb\u62cc\u9eb5\u55ce\uff1f\u7f8e\u570b\u5c0f\u5b69\u6311\u6230\u53f0\u7063\u7684\u6599\u7406\uff01"
        },
        {
            "id": "-nMWbw3e2M8",
            "title": "\u30101000\u591a\u74f6\u7f8e\u4e43\u6ecb\uff1fBB\u69cd\uff1f\u3011\u7adf\u7136\u6bd4Costco\u9084\u8981\u5927\uff01\u7f8e\u570bWalmart\u958b\u7bb1"
        },
        {
            "id": "j0xvuBuhVdc",
            "title": "\u3010\u7b2c\u4e00\u6b21\u79df\u7f8e\u570b\u642c\u5bb6\u8eca\u6709\u5920\u8cb4\ud83d\ude2e\u3011\u63b0\u63b0\u7238\u5abd\uff0c\u751f\u6d3b\u65b0\u968e\u6bb5\u8981\u958b\u59cb\u4e86\uff5c\u7f8e\u570b\u642c\u5bb6VLOG"
        },
        {
            "id": "12Y1--rGl6k",
            "title": "\u3010\u958b\u7bb1\u7f8e\u570b\u7206\u7d05\u7684\u99ac\u9234\u85af\u65c5\u9928\u3011\u662f\u771f\u7684\u99ac\u9234\u85af\u55ce\uff1f\u8352\u6f20\u4e2d\u7684\u79d8\u5883\ud83e\udd54"
        },
        {
            "id": "oKxl3POsMuc",
            "title": "\u3010\u7f8e\u570b\u5c0f\u5b69PK\u6d1b\u795e\u82b1\u3001\u9178\u6885\u3001\u82ad\u6a02\u4e7e\uff01\u3011\u7f8e\u570b\u90fd\u6c92\u6709\ud83d\ude2e \u7adf\u7136\u8d85\u7d1a\u53d7\u6b61\u8fce\uff1f"
        },
        {
            "id": "DcuLbfE_-TY",
            "title": "\u3010\u9023\u958b\u6c34\u548c\u99ac\u6876\u90fd\u662f\u9ed1\u8272\u7684\u3011\u5168\u73bb\u7483\u5916\u7246\u3001\u5f69\u8272\u6e38\u6cf3\u6c60\uff01\u4f4f\u672a\u4f86\u98a8\u8d85\u7d1a\u8c6a\u5b85\u4e00\u665a"
        },
        {
            "id": "z3_HbwHqcfg",
            "title": "\u3010\u9023\u7f8e\u570b\u91ab\u751f\u89ba\u5f97\u53f0\u7063\u6307\u8003\u8d85\u7206\u96e3\uff01\u3011\u6307\u8003\u7684\u82f1\u6587\u4e0d\u9053\u5730\uff1f\u516c\u5e03\u5bb6\u4eba\u7684\u6307\u8003\u6210\u7e3e"
        },
        {
            "id": "lt42-tyyQcg",
            "title": "\u3010\u4f4f\u8eca\u5b50\u5230\u5e95\u600e\u9ebc\u6d17\u6fa1\uff1f\u3011\u7adf\u7136\u628a\u8eca\u5b50\u8a2d\u8a08\u62105\u661f\u98ef\u5e97\uff01\u7368\u7279\u4f4f\u5bbf#3"
        },
        {
            "id": "CWRfFgt4k_Q",
            "title": "\u3010\u7f8e\u570b\u4eba\u4e0d\u9001\u98df\u54c1\u6216\u73fe\u91d1\uff1f\u3011\u958b\u7bb1\u7f8e\u570b\u8fd1\u671f\u7206\u7d05\u7684\u79ae\u7269\uff5c\u53f0\u7f8e\u6587\u5316\u5206\u4eab"
        },
        {
            "id": "pxNz0RMrITE",
            "title": "\u3010665\u576a\u300142\u623f\u9593\u3001\u79cb\u8272\u4e5f\u8d85\u7f8e\uff01\u301163\u4eba\u53e3\u7684\u5c0f\u93ae\u7adf\u6709\u5de8\u5927\u57ce\u5821\uff1f\u7368\u7279\u4f4f\u5bbf#2"
        },
        {
            "id": "Of_XEF5VLFs",
            "title": "\u3010\u628a\u7f8e\u570b\u5bb6\u6539\u9020\u6210\u53f0\u7063\u50b3\u7d71\u51b0\u54c1\u5e97\uff01\u3011\u7f8e\u570b\u4eba\u6c92\u770b\u904e\u9019\u7a2e\u751c\u9ede\uff5c\u7b2c\u4e00\u6b21\u505a\u771f\u7684\u80fd\u6210\u529f\uff1f\ud83d\ude05"
        },
        {
            "id": "Vn4tqUUg6so",
            "title": "\u3010\u9130\u5c45\u770b\u4e0d\u61c2\u6211\u5011\u5728\u5e79\u561b\u3011\u6700\u60b2\u5287\u7684\u4e2d\u79cb\u70e4\u8089\uff5c\u4e2d\u79cb\u7bc0\u7279\u8f2f\uff01"
        },
        {
            "id": "KlYW7mPNRSg",
            "title": "\u3010\u958b\u7bb1\u7f8e\u570b\u5f88\u7d05\u7684\u5713\u9802\u5c4b\u3011\u7f8e\u570b\u7d93\u5178\u9732\u71df\u5c0f\u5403\uff01\u6703\u9047\u5230\u91ce\u751f\u52d5\u7269\uff1f\uff5c\u7368\u7279\u4f4f\u5bbf#1"
        },
        {
            "id": "1W62250f93w",
            "title": "\u3010\u7f8e\u570b\u7378\u91ab\u6bd4\u53f0\u7063\u91ab\u7642\u8cb4\u597d\u5e7e\u500d\uff1f\u3011\u53c3\u89c0\u7378\u91ab\u8a3a\u6240+\u80d6\u8c93\u6b77\u96aa\u8a18\uff5c\u7f8e\u570b\u751f\u6d3bVLOG"
        },
        {
            "id": "GDfSzD-XmYc",
            "title": "\u3010\u5927\u5b78\u751f\u6bcf\u5929\u5403\u9019\u4e9b!?\u3011\u6f22\u5821\u3001\u9905\u4e7e\u3001\u85af\u689d\u3001\u7cd6\u679c\uff5c\u7f8e\u570b\u5b78\u751f\u7684\u98f2\u98df\u7fd2\u6163\u771f\u795e\u5947"
        },
        {
            "id": "XMUSAKTYQe8",
            "title": "\u3010\u7f8e\u570b\u5916\u9001\u5c0f\u8cbb\u7adf\u7136\u6bd4\u85aa\u6c34\u591a\uff01\u3011\u589e\u52a0\u5c0f\u8cbb\u7684\u79d8\u5bc6\uff01\u7f8e\u570b\u4eba\u53ea\u9ede\u751c\u98df\u8ddf\u6c7d\u6c34\uff1f"
        },
        {
            "id": "Ecj490DydU4",
            "title": "\u3010\u7f8e\u570b\u5510\u4eba\u8857\u4e0d\u9053\u5730\uff1f\u3011\u5510\u4eba\u8857\u53d7\u5230\u4e86\u75ab\u60c5\u56b4\u91cd\u7684\u5f71\u97ff | \u98f2\u6599\u5e97\u3001\u8c50\u5bcc\u5408\u83dc\uff01\u7f8e\u570b\u65c5\u904aVLOG"
        },
        {
            "id": "HGi-yWdUYUo",
            "title": "\u3010\u6d29\u6f0f\u7f8e\u570b\u5104\u842c\u5bcc\u7fc1\u7684\u79d8\u5bc6\u85cf\u8eab\u8655\u3011\u4e00\u822c\u65e9\u9910\u89811000\u591a\u584a!? \uff5c\u7f8e\u570bVLOG"
        },
        {
            "id": "g1GEcgD4Fso",
            "title": "\u3010\u5feb100\u6b72\u7adf\u7136\u6c92\u807d\u904e\u6d77\u82d4\uff01\u3011\u7d50\u5a5a77\u5e74\u548c\u9577\u58fd\u7684\u79d8\u8a23\ud83d\udc97 \u8d85\u96e3\u5f97\uff01\uff01"
        },
        {
            "id": "aqrX3g68tCQ",
            "title": "\u3010\u5927\u5bb6\u5ead\u5718\u5713\u6bd4\u8cfd\ud83c\udf89\u3011\u73a9\u5230\u4e00\u534a\u8b66\u5bdf\u7adf\u7136\u4f86\u6572\u9580..."
        }
    ]
}