{
    "video_info": {
        "id": "atMBP_-CQy0",
        "channelTitle": "\u97d3\u52fe\u311f\u91d1\u91dd\u83c7 \ucc10\uca50\uafb8",
        "title": "\u4f86\u81ea\u97d3\u570b\u9109\u4e0b\u7684\u5916\u516c\u5916\u5a46\u53f0\u4e2d\u521d\u9ad4\u9a57\ud83d\ude0d\u7b2c\u4e00\u5403\u70e4\u9d28\u5c45\u7136\u5410\u51fa\u4f86\u7684\u6545\u4e8b\ud83d\ude05\u5b8c\u7f8e\u53f0\u4e2d\u5b5d\u9053\u4e4b\u65c5\u2764\ufe0f\uff5c\u97d3\u52fe\u311f\u91d1\u91dd\u83c7 \ucc10\uca50\uafb8",
        "description": "#\u97d3\u52fe\u311f\u91d1\u91dd\u83c7 #\u53f0\u4e2d\u4e4b\u65c5 #\u5916\u516c\u5916\u5a46\u597d\u53ef\u611b\n\n\u5f71\u7247\u4e2d\u7684Surfshark VPN: \n\u900f\u904e\u4ee5\u4e0b\u7db2\u5740https://surfshark.deals/GGU\n\u8f38\u5165\u6298\u6263\u78bc GGU\n\u5c31\u53ef\u99ac\u4e0a\u53d6\u5f97\u7368\u5bb6\u9ed1\u4e94\u512a\u60e0\u5916\u52a0\u984d\u59165\u500b\u6708\u514d\u8cbb\u5537 \ud83c\udf1f\n\n\u5e0c\u671b\u4f60\u5011\u559c\u6b61\u9019\u90e8\u5f71\u7247\n\u559c\u6b61\u5e6b\u6211\u8a02\u95b1\u6309\u8b9a\u5206\u4eab \u8a18\u5f97\u958b\u555f\u5c0f\u9234\u943a\u6536\u53d6\u65b0\u7247\u901a\u77e5\u5594\uff01\n\n\uff3f\uff3f\uff3f\uff3f\uff3f\uff3f\uff3f\uff3f\uff3f\uff3f\uff3f\uff3f\uff3f\uff3f\uff3f\uff3f\uff3f\uff3f\uff3f\uff3f\uff3f\n\n\u2b50\ufe0f\u91d1\u91dd\u83c7\u7684\u97d3\u570b\u7f8e\u98df\u54c1\u724c\uff1ahttps://www.kimkfoods.com\n\u2b50\ufe0f\u91d1\u5bb6\u311f\u5e03\u5e33\u99ac\u8eca\uff1ahttps://www.facebook.com/groups/2297603990535075/\n\u2b50\ufe0f\u91d1\u91dd\u83c7\u7684\u7c89\u5c08: https://www.facebook.com/Koreajinzhengu/\n\u2b50\ufe0f\u91d1\u91dd\u83c7\u7684IG: https://www.instagram.com/ggu__kim/\n\u2b50\ufe0f\u5408\u4f5c\u9080\u7d04\u8acb\u6d3dPressPlay\uff1ajinyoungkim@pressplay.cc\n\n\uff3f\uff3f\uff3f\uff3f\uff3f\uff3f\uff3f\uff3f\uff3f\uff3f\uff3f\uff3f\uff3f\uff3f\uff3f\uff3f\uff3f\uff3f\uff3f\uff3f\uff3f",
        "likeCount": "17302",
        "commentCount": "565",
        "viewCount": "523520"
    },
    "comments": [
        {
            "reply_id": "UgzxiUTH08GOn3SI6yt4AaABAg",
            "reply_content": "\u70e4\u9d28\u662f\u90a3\u5bb6\u5e97\u5462",
            "likeCount": 0
        },
        {
            "reply_id": "UgzmlGWrzmaQeTiQI214AaABAg",
            "reply_content": "\u83c7\u5abd\u597d\u5e74\u8f15\u597d\u6f02\u4eae\u5594",
            "likeCount": 0
        },
        {
            "reply_id": "UgxrXd0HKHicQQZ82AF4AaABAg",
            "reply_content": "\u6211\u8981\u770b\u59d0\u59d0\u904a\u53f0\u7063",
            "likeCount": 0
        },
        {
            "reply_id": "Ugw90sAt7JZlWNk_WUZ4AaABAg",
            "reply_content": "\u771f\u7684\u597d\u559c\u6b61\u770b\u83c7\u8ddf\u5bb6\u4eba\u7684\u5f71\u7247 \u5f88\u53ef\u611b\u4e5f\u5f88\u611f\u52d5",
            "likeCount": 0
        },
        {
            "reply_id": "UgyzOmvSqSS1Q9Qvr6N4AaABAg",
            "reply_content": "\u597d\u60f3\u77e5\u9053\u662f\u54ea\u5bb6\u7684\u70e4\u9d28",
            "likeCount": 0
        },
        {
            "reply_id": "UgxrGJmvS1i1m5R0qL54AaABAg",
            "reply_content": "\u6211\u767c\u73fe\u5728\u53f0\u7063\u7684\u97d3\u570b\u4eba\u597d\u50cf\u8acb\u5bb6\u4eba\u5403\u98ef\u90fd\u662f\u56fa\u5b9a\u5403\u67d0\u4e9b\u98df\u7269\uff0c\u5f88\u5c11\u5403\u5230\u8089\u5713\u3001\u81ed\u8c46\u8150\u6216\u5176\u5b83\u5c0f\u5403",
            "likeCount": 0
        },
        {
            "reply_id": "UgzIvd7COLKlUEFMXmZ4AaABAg",
            "reply_content": "\u5e36\u5165\u6211\u5bb6\u9577\u8f29\u4e00\u76f4\u5728\u60f3\u91d1\u91dd\u83c7\u9577\u8f29\u7684\u7259\u53e3\u5f88\u4e0d\u932f\u6b38",
            "likeCount": 0
        },
        {
            "reply_id": "UgweVpSpICdPfCdawWx4AaABAg",
            "reply_content": "\u597d\u597d\u770b",
            "likeCount": 0
        },
        {
            "reply_id": "Ugzjek4Ztl9quDeCIp94AaABAg",
            "reply_content": "\u611f\u89ba\u5916\u516c\u5e74\u8f15\u6642\u5f88\u5e25",
            "likeCount": 0
        },
        {
            "reply_id": "UgyHIXIKgR5n-zsaqfh4AaABAg",
            "reply_content": "\u60f3\u77e5\u9053\u70e4\u9d28\u662f\u54ea\u5bb6",
            "likeCount": 0
        },
        {
            "reply_id": "UgyKAjzxkanAKtwya1N4AaABAg",
            "reply_content": "\u60f3\u77e5\u9053\u662f\u54ea\u9593\u70e4\u9d28",
            "likeCount": 0
        },
        {
            "reply_id": "UgzghATjYQ89LdIKK314AaABAg",
            "reply_content": "\u8acb\u554f\u9019\u500b\u70e4\u9d28\u662f\u54ea\u4e00\u5bb6",
            "likeCount": 2
        },
        {
            "reply_id": "UgyVLvkvfU5y-cvLNbt4AaABAg",
            "reply_content": "\u611f\u89ba\u7238\u5abd\u4e4b\u524d\u53ef\u80fd\u6709\u9ede\u5f62\u8c61\u5305\u88b1\u6bd4\u8f03\u62d8\u675f\uff0c\u73fe\u5728\u53cd\u800c\u8d8a\u4f86\u8d8a\u81ea\u7136\u653e\u9b06\u4eab\u53d7",
            "likeCount": 1
        },
        {
            "reply_id": "UgxJqut70fbkKOjB6hB4AaABAg",
            "reply_content": "\u5916\u516c\u8d85\u7d1a\u53ef\u611b\u54c8\u54c8\u54c8\u54c8",
            "likeCount": 1
        },
        {
            "reply_id": "UgwafYHiiERw70Vvv4V4AaABAg",
            "reply_content": "\u60f3\u77e5\u9053\u662f\u54ea\u9593\u6c11\u5bbf",
            "likeCount": 1
        },
        {
            "reply_id": "UgwfxsMgQPsTwW1m99B4AaABAg",
            "reply_content": "\u60f3\u554f\u70e4\u9d28\u5e97",
            "likeCount": 1
        },
        {
            "reply_id": "Ugw06mx4iJRp5GB5i-B4AaABAg",
            "reply_content": "\u8d85\u7d1a\u6eab\u99a8\u6ef4\u5566",
            "likeCount": 1
        },
        {
            "reply_id": "UgzNJfVg5vbz7JiLFJ94AaABAg",
            "reply_content": "\u971c\u6dc7\u6dcb\u771f\u7684\u8d85\u597d\u5403",
            "likeCount": 1
        },
        {
            "reply_id": "UgzwKDieV10OdEzHC7Z4AaABAg",
            "reply_content": "\u9577\u8f29\u53ef\u4ee5\u8003\u91cf\u7d66\u4e88\u6eab\u71b1\u73cd\u5976",
            "likeCount": 1
        },
        {
            "reply_id": "UgzWK_NR4QHEYTGZ2sJ4AaABAg",
            "reply_content": "\u597d\u611f\u4eba",
            "likeCount": 1
        }
    ]
}