{
    "video_info": {
        "id": "iS8VEKvue8w",
        "channelTitle": "\u97d3\u52fe\u311f\u91d1\u91dd\u83c7 \ucc10\uca50\uafb8",
        "title": "\u97d3\u570b\u660e\u661f10CM\u4e00\u4e0b\u98db\u6a5f\u5c31\u5e36\u4ed6\u9ad4\u9a57\u53f0\u7063\u9152\u5bb6\u83dc+\u90a3\u5361\u897f\u6587\u5316\ud83d\udd25\uff1a\u592a\u4e0d\u771f\u5be6\uff5c\u97d3\u52fe\u311f\u91d1\u91dd\u83c7 \ucc10\uca50\uafb8",
        "description": "\u6211\u7adf\u7136\u548c\u97d3\u570b\u60c5\u6b4c\u738b\u5b5010CM\u4e00\u8d77\u62cd\u651d\uff01\uff01\uff01\uff01\ud83c\uddf0\ud83c\uddf7\ud83d\udcab\ud83e\udef6\ud83d\ude3b\ud83d\udd25\n\u53f0\u7063\u670b\u53cb\u5011\u4e00\u5b9a\u807d\u904e\u4ed6\u7684\u6b4c \ud83c\udfb5\u559c\u6b61\u6625\u5929\u55ce\uff1f\n\u300a\u90a3\u5e74\uff0c\u6211\u5011\u7684\u590f\u5929\u300b\u300a\u611b\u7684\u8feb\u964d\u300b\u7b49\u597d\u591aOST\u90fd\u662f\u4ed6\u5531\u7684\u55ce\u5c2c \u73fe\u5834\u4e5f\u662f\u6709\u5920\u5f37\uff01\uff01\uff01\n\n\u4eca\u5929YT\u5373\u5c07\u516c\u958b \u4ed6\u8981\u958b\u6f14\u5531\u6703\u4e4b\u524d\n\u6211\u5e36\u4ed6\u53bb\u4e00\u500b\u5f88\u795e\u79d8\u7684\u5730\u65b9\ud83d\ude05\u5275\u9020\u591a\u4e00\u500b\u53f0\u7063\u56de\u61b6\n\u4ed6\u8aaa\u5f88\u4e0d\u73fe\u5be6 \u4e0d\u7fd2\u6163\u554a\u54c8\u54c8\u54c8 \u5e0c\u671b\u4ed6\u6c92\u6709\u5687\u5230....\ud83e\udd23\n\n\u548c\u97d3\u570b\u85dd\u4eba\u62cd\u651d\u7e3d\u662f\u7dca\u5f35\n\u56e0\u70ba\u6211\u4e0d\u662f\u4e00\u500b\u5f88\u597d\u7b11\u7684\u4eba \u6015\u751f \u6015\u5c37\u5c2c.....\n\u66f4\u53ef\u6015\u7684\u662f \u9019\u6b21\u662f\u6211\u7b2c\u4e00\u6b21\u5168\u7a0b\u7528\u97d3\u6587\u4e3b\u6301\uff08\uff1f\uff09\u6211\u8981\u760b\u6389\ud83d\ude43\ud83d\ude43\ud83e\udd72\ud83e\udd72\ud83e\udd72\ud83e\udd72\n\u6211\u76e1\u6211\u6240\u80fd\u529b\u4e86 \u5e0c\u671b\u53ef\u4ee5\u8d81\u9019\u6b21\u6a5f\u6703\u591a\u591a\u6210\u9577\uff01\uff01\uff01\uff01\uff01\n\u8acb\u4f60\u5011\u591a\u591a\u652f\u6301\uff5e\uff5e\uff5e\ud83d\ude4f\n\n#10CM #\u6b0a\u6b63\u70c8 \nYT\n[Instagram]\nhttps://www.instagram.com/hi990103/\nhttps://www.instagram.com/10cm_official/\n[Youtube]\nhttps://zrr.kr/xzJa\n[Spotify]\nhttps://zrr.kr/kAXa\n#\u97d3\u52fe\u311f\u91d1\u91dd\u83c7\n\n\n\u5e0c\u671b\u4f60\u5011\u559c\u6b61\u9019\u90e8\u5f71\u7247\n\u559c\u6b61\u5e6b\u6211\u8a02\u95b1\u6309\u8b9a\u5206\u4eab \u8a18\u5f97\u958b\u555f\u5c0f\u9234\u943a\u6536\u53d6\u65b0\u7247\u901a\u77e5\u5594\uff01\n\n\uff3f\uff3f\uff3f\uff3f\uff3f\uff3f\uff3f\uff3f\uff3f\uff3f\uff3f\uff3f\uff3f\uff3f\uff3f\uff3f\uff3f\uff3f\uff3f\uff3f\uff3f\n\n\u2b50\ufe0f\u91d1\u91dd\u83c7\u7684\u97d3\u570b\u7f8e\u98df\u54c1\u724c\uff1ahttps://www.kimkfoods.com\n\u2b50\ufe0f\u91d1\u5bb6\u311f\u5e03\u5e33\u99ac\u8eca\uff1ahttps://www.facebook.com/groups/2297603990535075/\n\u2b50\ufe0f\u91d1\u91dd\u83c7\u7684\u7c89\u5c08: https://www.facebook.com/Koreajinzhengu/\n\u2b50\ufe0f\u91d1\u91dd\u83c7\u7684IG: https://www.instagram.com/ggu__kim/\n\u2b50\ufe0f\u5408\u4f5c\u9080\u7d04\u8acb\u6d3dPressPlay\uff1ajinyoungkim@pressplay.cc\n\n\uff3f\uff3f\uff3f\uff3f\uff3f\uff3f\uff3f\uff3f\uff3f\uff3f\uff3f\uff3f\uff3f\uff3f\uff3f\uff3f\uff3f\uff3f\uff3f\uff3f\uff3f",
        "likeCount": "22600",
        "commentCount": "778",
        "viewCount": "642112"
    },
    "comments": [
        {
            "reply_id": "UgxGJGahpJUIYnCTXFp4AaABAg",
            "reply_content": "\u9019\u6a23\u53ef\u4ee5\u958b\u59cb\u627e\u591a\u4e00\u9ede\u97d3\u570b\u7684\u85dd\u4eba\u4f86\uff0c\u6709\u4eba\u5e36\u8868\u7ffb\u8b6f\u6709\u53ef\u4ee5\u5e36\u4ed6\u5011\u8a8d\u8b58\u53f0\u7063",
            "likeCount": 1
        },
        {
            "reply_id": "Ugz7jJEUl2YETtdd1cR4AaABAg",
            "reply_content": "\u5f9e\u4ee5\u524d\u5c31\u8d85\u559c\u6b61\u6b0a\u6b63\u70c8\u7684\u2764\u5e0c\u671b\u518d\u4f86\u958b\u6f14\u5531\u6703",
            "likeCount": 1
        },
        {
            "reply_id": "UgysPYMTtBnf582wTa54AaABAg",
            "reply_content": "\u9019\u96c6\u597d\u597d\u770b",
            "likeCount": 0
        },
        {
            "reply_id": "UgxYKJkgvZpz72p5Rc94AaABAg",
            "reply_content": "\u91d1\u91dd\u83c7\u4eca\u5929\u662f\u516b\u795e\u5eb5\u98a8\u683c",
            "likeCount": 0
        },
        {
            "reply_id": "Ugx69bmoX6vyynJlkZp4AaABAg",
            "reply_content": "\u597d\u5f37\u7684\u6b0a\u6b63\u70c8",
            "likeCount": 0
        },
        {
            "reply_id": "UgwlhVBpyOupe1sSd-94AaABAg",
            "reply_content": "\u6708\u521d\u53bb\u53f0\u5317\u53c3\u52a0\u6d3b\u52d5\u624d\u4f4f\u5728\u8cd3\u738b\u5c0d\u9762\u7684\u65c5\u5e97 \u679c\u7136\u662f\u8d85\u795e\u7955\u7684\u9910\u5ef3",
            "likeCount": 0
        },
        {
            "reply_id": "Ugyl1xqbsduWu4TpFMl4AaABAg",
            "reply_content": "\u597d\u6703\u5531",
            "likeCount": 0
        },
        {
            "reply_id": "Ugy_EZIKykVwGGlPHHt4AaABAg",
            "reply_content": "\u592a\u731b\u5566",
            "likeCount": 0
        },
        {
            "reply_id": "UgxkPihRGPEzoayJc_d4AaABAg",
            "reply_content": "\u54c8\u54c8\u4e0d\u904e\u6211\u9084\u662f\u89ba\u5f97\u9f0e\u6cf0\u8c50\u6bd4\u8f03\u597d\u5403",
            "likeCount": 0
        },
        {
            "reply_id": "UgzefFGz-wOCYz0thEB4AaABAg",
            "reply_content": "\u8a18\u5f97\u7d66\u4ed6\u5ddd\u8c9d\u6787\u6777\u818f\u4fdd\u990a\u5589\u56a8",
            "likeCount": 0
        },
        {
            "reply_id": "UgyiH64T9MFNYIEtkJd4AaABAg",
            "reply_content": "\u91d1\u91dd\u83c7\u5fd8\u8a18\u5e72\u8c9d\u7684\u97d3\u6587\u600e\u9ebc\u8aaa\u4e5f\u592a\u53ef\u611b\u4e86\u5427\u2764",
            "likeCount": 0
        },
        {
            "reply_id": "Ugy0gfGPBwT_25GpEC54AaABAg",
            "reply_content": "\u77ed",
            "likeCount": 1
        },
        {
            "reply_id": "UgxzNqdUKWotcE-XtHB4AaABAg",
            "reply_content": "\u91d1\u91dd\u83c7\u5531\u6b4c\u771f\u7684\u8d85\u53ef\u611b\u7684",
            "likeCount": 1
        },
        {
            "reply_id": "UgyROSWfHVwfeeu9A1J4AaABAg",
            "reply_content": "\u539f\u4f86\u5fb7\u9b6f\u90a3\u9019\u9996\u662f\u4ed6\u5531\u7684",
            "likeCount": 1
        },
        {
            "reply_id": "UgwBX05JomFHTBTsl-14AaABAg",
            "reply_content": "\u83c7\u83c7\u771f\u7684\u592a\u68d2\u4e86",
            "likeCount": 0
        },
        {
            "reply_id": "UgwDGACl5oOxgUpKD6J4AaABAg",
            "reply_content": "\u5531\u7684\u771f\u597d",
            "likeCount": 0
        },
        {
            "reply_id": "UgwTpmiMt5yZnV3aWBR4AaABAg",
            "reply_content": "\u5531\u7684\u771f\u597d",
            "likeCount": 0
        },
        {
            "reply_id": "UgzFe1rdQwGLIr_D6U54AaABAg",
            "reply_content": "\u514d\u8cbb\u807d\u4e00\u6b21\u5f88\u68d2\u96d6\u7136\u6211\u4e0d\u8a8d\u8b58\u4ed6\u4f46\u4ed6\u5f88\u6703\u5531\u8036",
            "likeCount": 0
        },
        {
            "reply_id": "UgxwMXbEwRlH6Wh48994AaABAg",
            "reply_content": "\u9019\u6a23\u770b\u91d1\u91dd\u83c7\u5f88\u50cf\u6734\u6069\u5f6c",
            "likeCount": 0
        },
        {
            "reply_id": "UgzdINo41ZilMZJb9GF4AaABAg",
            "reply_content": "\u8d8a\u4f86\u8d8a\u6f02\u4eae\u4e86",
            "likeCount": 0
        }
    ]
}