{
    "video_info": {
        "id": "OYZWc230wtc",
        "channelTitle": "\u97d3\u52fe\u311f\u91d1\u91dd\u83c7 \ucc10\uca50\uafb8",
        "title": "\u9189\u4e86\ud83d\ude05\u6574\u5929\u53ea\u54037\u7a2e\u300c\u91d1\u9580\u9ad8\u7cb1\u7f8e\u98df\u300d\u203c\ufe0f\u9ad8\u7cb1\u55c6\u87f9\u3001\u86cb\u9905\u3001\u9999\u8178\u22ef\u22ef\u559d\u5230\u310e\u3127\u3124\uff5c\u97d3\u52fe\u311f\u91d1\u91dd\u83c7 \ucc10\uca50\uafb8",
        "description": "\u5e0c\u671b\u4f60\u5011\u559c\u6b61\u9019\u90e8\u5f71\u7247\n\u559c\u6b61\u5e6b\u6211\u8a02\u95b1\u6309\u8b9a\u5206\u4eab \u8a18\u5f97\u958b\u555f\u5c0f\u9234\u943a\u6536\u53d6\u65b0\u7247\u901a\u77e5\u5594\uff01\n\n\uff3f\uff3f\uff3f\uff3f\uff3f\uff3f\uff3f\uff3f\uff3f\uff3f\uff3f\uff3f\uff3f\uff3f\uff3f\uff3f\uff3f\uff3f\uff3f\uff3f\uff3f\n\n\u2b50\ufe0f\u91d1\u91dd\u83c7\u7684\u97d3\u570b\u7f8e\u98df\u54c1\u724c\uff1ahttps://www.kimkfoods.com\n\u2b50\ufe0f\u91d1\u5bb6\u311f\u5e03\u5e33\u99ac\u8eca\uff1ahttps://www.facebook.com/groups/2297603990535075/\n\u2b50\ufe0f\u91d1\u91dd\u83c7\u7684\u7c89\u5c08: https://www.facebook.com/Koreajinzhengu/\n\u2b50\ufe0f\u91d1\u91dd\u83c7\u7684IG: https://www.instagram.com/ggu__kim/\n\u2b50\ufe0f\u5408\u4f5c\u9080\u7d04\u8acb\u6d3dPressPlay\uff1ajinyoungkim@pressplay.cc\n\n\uff3f\uff3f\uff3f\uff3f\uff3f\uff3f\uff3f\uff3f\uff3f\uff3f\uff3f\uff3f\uff3f\uff3f\uff3f\uff3f\uff3f\uff3f\uff3f\uff3f\uff3f",
        "likeCount": "7319",
        "commentCount": "260",
        "viewCount": "298269"
    },
    "comments": [
        {
            "reply_id": "UgwMZQ90pe8lHCGX0Ml4AaABAg",
            "reply_content": "\u91d1\u91dd\u83c7\u559d\u9152\u597d\u53ef\u611b\ud83d\ude02\u9019\u5f71\u7247\u770b\u7684\u6211\u90fd\u60f3\u56de\u91d1\u9580\u4e86",
            "likeCount": 6
        },
        {
            "reply_id": "UgzwN8yGalyqx2z2uKh4AaABAg",
            "reply_content": "\u9ad8\u7cb1\u9152\u8981\u51b0\u904e\u559d\u8d77\u4f86\u6703\u6bd4\u8f03\u9806,\u624d\u4e0d\u6703\u9019\u9ebc\u55c6",
            "likeCount": 2
        },
        {
            "reply_id": "UgxMkrE8kMWUkjLTm-V4AaABAg",
            "reply_content": "\u771f\u7684\u4e4b\u524d\u5728\u97d3\u570b\u59d0\u59d0\u9910\u5ef3\u5de5\u4f5c\u6211\u8fad\u8077\u7684\u6642\u5019\u7d04\u5927\u5bb6\u4e00\u8d77\u559d\u9152\uff0c\u800c\u4e14\u4eba\u8d85\u597d",
            "likeCount": 1
        },
        {
            "reply_id": "Ugx0djCCbHhejby9ZG14AaABAg",
            "reply_content": "\u53ef\u611b\u6b7b\u4e86",
            "likeCount": 1
        },
        {
            "reply_id": "UgzDRMnNALXGcYWpef94AaABAg",
            "reply_content": "\u91d1\u9580\u725b\u8089\u9eb5\u9996\u63a8\u8001\u7239",
            "likeCount": 1
        },
        {
            "reply_id": "Ugzdt0yww-FnAxD_u154AaABAg",
            "reply_content": "\u6574\u90e8\u90fd\u518d\u559d\u5427",
            "likeCount": 1
        },
        {
            "reply_id": "UgwcCzKxODlhbH7xhhZ4AaABAg",
            "reply_content": "\u90a3\u662f\u7528\u9ad8\u6881\u84b8\u993e\u91c0\u9020\u7684\u9152",
            "likeCount": 1
        },
        {
            "reply_id": "UgxGP-8XWWIdPb7VxcB4AaABAg",
            "reply_content": "\u9ad8\u6881\u9152\u4e0d\u662f\u9019\u6a23\u559d\u7684\uff0c\u8981\u5148\u4e1f\u51b7\u51cd\u5eab\u51b0\u5230\u7d50\u971c\u518d\u559d",
            "likeCount": 1
        },
        {
            "reply_id": "UgzqEPpCPJCidiLwDpt4AaABAg",
            "reply_content": "\u9ad8\u7cb1\u4e0d\u662f\u7c73\u91c0\u7684\u5594",
            "likeCount": 1
        },
        {
            "reply_id": "UgyzSf-HivoFR8m3sR54AaABAg",
            "reply_content": "\u6211\u662f\u91d1\u9580\u4eba",
            "likeCount": 1
        },
        {
            "reply_id": "UgycQmWCgsWbCeoxXJx4AaABAg",
            "reply_content": "\u6700\u96e3\u8655\u7406\u7684\u5c31\u662f\u559d\u9189\u7684\u8001\u95c6",
            "likeCount": 1
        },
        {
            "reply_id": "UgzYtssCdR_51o8sKOZ4AaABAg",
            "reply_content": "\u6545\u9109",
            "likeCount": 1
        },
        {
            "reply_id": "Ugw0SOAQzE5vro2X2jV4AaABAg",
            "reply_content": "\u6c92\u932f\u9ad8\u7cb1\u55c6\u87f9\u771f\u7684\u5f88\u7f8e\u5473\uff0c\u6211\u4e5f\u662f\u4e00\u5403\u5c31\u5ff5\u5ff5\u4e0d\u5fd8",
            "likeCount": 1
        },
        {
            "reply_id": "UgzpxWfwVthlsk2KlQx4AaABAg",
            "reply_content": "\u725b\u5bb6\u838a\u7684\u725b\u6599\u7406\u771f\u7684\u662f\u771f\u6750\u5be6\u6599\uff0c\u6599\u7406\u7684\u53c8\u597d\u5403\u5be6\u5728\u5f88\u597d\u5403\uff0c\u53bb\u91d1\u9580\u73a9\u4e00\u5b9a\u8981\u53bb\u725b\u5bb6\u838a\u5403\u770b\u770b",
            "likeCount": 1
        },
        {
            "reply_id": "UgyKk2MaeL4xNc8iNft4AaABAg",
            "reply_content": "\u559c\u6b61",
            "likeCount": 1
        },
        {
            "reply_id": "Ugw0w5lZOqkI5zc8MON4AaABAg",
            "reply_content": "\u96e3\u5f97\u770b\u5230\u83c7\u83c7\u53ef\u611b\u7684\u4e00\u9762",
            "likeCount": 1
        },
        {
            "reply_id": "UgyIOJvt5zF5vD832qd4AaABAg",
            "reply_content": "\u91d1\u91dd\u83c7\u80fd\u4f86\u4e2d\u570b\u5927\u9678\u65c5\u904a\u4e00\u4e0b\u55ce",
            "likeCount": 0
        },
        {
            "reply_id": "Ugw__I-j1c34X14GSPN4AaABAg",
            "reply_content": "\u9694\u58c1\u68da\u628a\u9ad8\u7cb1\u7576\u958b\u6c34\u559d",
            "likeCount": 0
        },
        {
            "reply_id": "Ugx_5TzZrMwCI5x6x5d4AaABAg",
            "reply_content": "\u8840\u6db2\u88e1\u662f\u6ce1\u83dc",
            "likeCount": 0
        },
        {
            "reply_id": "UgzrN6SmnqtPEtY3_jF4AaABAg",
            "reply_content": "\u91d1\u9580\u5176\u5be6\u4e0d\u932f\u73a9",
            "likeCount": 3
        }
    ]
}