{
    "video_info": {
        "id": "PxH42_KkIXU",
        "channelTitle": "\u97d3\u52fe\u311f\u91d1\u91dd\u83c7 \ucc10\uca50\uafb8",
        "title": "\u97d3\u570b\u963f\u5b24\u6368\u4e0d\u5f97\u56de\u570b\u7684\u300c\u53f0\u7063\u5317\u6295\u6eab\u6cc9\u300d\uff1a\u6b64\u751f\u6700\u5e78\u798f\uff01\u2728\ud83c\uddf9\ud83c\uddfc\u97d3\u570b\u963f\u5b24\u6700\u5f8c\u4e00\u96c6\uff5c\u97d3\u52fe\u311f\u91d1\u91dd\u83c7 \ucc10\uca50\uafb8",
        "description": "\u5e0c\u671b\u4f60\u5011\u559c\u6b61\u9019\u90e8\u5f71\u7247\n\u559c\u6b61\u5e6b\u6211\u8a02\u95b1\u6309\u8b9a\u5206\u4eab \u8a18\u5f97\u958b\u555f\u5c0f\u9234\u943a\u6536\u53d6\u65b0\u7247\u901a\u77e5\u5594\uff01\n\n\uff3f\uff3f\uff3f\uff3f\uff3f\uff3f\uff3f\uff3f\uff3f\uff3f\uff3f\uff3f\uff3f\uff3f\uff3f\uff3f\uff3f\uff3f\uff3f\uff3f\uff3f\n\n\u2b50\ufe0f\u91d1\u91dd\u83c7\u7684\u97d3\u570b\u7f8e\u98df\u54c1\u724c\uff1ahttps://www.kimkfoods.com\n\u2b50\ufe0f\u91d1\u5bb6\u311f\u5e03\u5e33\u99ac\u8eca\uff1ahttps://www.facebook.com/groups/2297603990535075/\n\u2b50\ufe0f\u91d1\u91dd\u83c7\u7684\u7c89\u5c08: https://www.facebook.com/Koreajinzhengu/\n\u2b50\ufe0f\u91d1\u91dd\u83c7\u7684IG: https://www.instagram.com/ggu__kim/\n\u2b50\ufe0f\u5408\u4f5c\u9080\u7d04\u8acb\u6d3dPressPlay\uff1ajinyoungkim@pressplay.cc\n\n\uff3f\uff3f\uff3f\uff3f\uff3f\uff3f\uff3f\uff3f\uff3f\uff3f\uff3f\uff3f\uff3f\uff3f\uff3f\uff3f\uff3f\uff3f\uff3f\uff3f\uff3f",
        "likeCount": "30156",
        "commentCount": "1072",
        "viewCount": "875544"
    },
    "comments": [
        {
            "reply_id": "UgzJ_n3Xvl0Ij5dk0oF4AaABAg",
            "reply_content": "\u59d0\u59d0\u548c\u59b3\u4e00\u6a23\u6f02\u4eae\u53c8\u8d24\u60e0",
            "likeCount": 1
        },
        {
            "reply_id": "Ugzsnm0e2FZhPYcyPy54AaABAg",
            "reply_content": "\u6211\u91cd\u8907\u770b\u4e86\u597d\u591a\u6b21\u597d\u559c\u6b61\u963f\u5b24\u7684\u5f71\u7247",
            "likeCount": 1
        },
        {
            "reply_id": "UgwzPpyXlsjDbrz-D7F4AaABAg",
            "reply_content": "\u4e0d\u7528\u906e\u83c7\u5f1f\u4e86\u54c8\u54c8",
            "likeCount": 1
        },
        {
            "reply_id": "UgxAHX5r2nL635z3GAF4AaABAg",
            "reply_content": "\u7238\u7238\u8b1b\u8a71\u597d\u6eab\u67d4",
            "likeCount": 1
        },
        {
            "reply_id": "UgzeXEuqfJ2zTBLhl254AaABAg",
            "reply_content": "\u671f\u5f85\u963f\u5b24\u518d\u4f86\u53f0\u7063\u548c\u5bb6\u4eba",
            "likeCount": 1
        },
        {
            "reply_id": "Ugxq6BkjDD_afJskbaV4AaABAg",
            "reply_content": "\u5f8c\u9762\u592a\u611f\u4eba\u4e86",
            "likeCount": 1
        },
        {
            "reply_id": "UgyFwQbnbY4w2RBj1ih4AaABAg",
            "reply_content": "\u6b61\u8fce\u4f86\u5929\u5802",
            "likeCount": 0
        },
        {
            "reply_id": "UgwnWRG8WJIuhz1tIUt4AaABAg",
            "reply_content": "\u97d3\u53f0\u771f\u6b63\u53cb\u597d",
            "likeCount": 0
        },
        {
            "reply_id": "UgzGVzAjKoQ9qemOjdF4AaABAg",
            "reply_content": "\u91d1\u91dd\u83c7\u7684\u5976\u5976\u597d\u6f02\u4eae\u5466 \u4f60\u662f\u97d3\u570b\u4eba\u4f86\u53f0\u7063\u5538\u66f8\u55ce",
            "likeCount": 0
        },
        {
            "reply_id": "UgwR76qJUd6LQU1uSyB4AaABAg",
            "reply_content": "\u5e0c\u671b\u80fd\u5920\u770b\u5230\u5916\u516c\u5916\u5a46\u4f86\u53f0\u7063\u73a9",
            "likeCount": 0
        },
        {
            "reply_id": "UgySDfaPhba1vH96HbR4AaABAg",
            "reply_content": "\u5f88\u559c\u6b61\u4e92\u52d5",
            "likeCount": 0
        },
        {
            "reply_id": "UgxVxk-KdhqngLONvTZ4AaABAg",
            "reply_content": "\u6211\u908a\u770b\u5f71\u7247\u908a\u6d41\u6dda\uff0c\u5f88\u7fa8\u6155\u59b3\u5011\u4e00\u5bb6\u4eba\u611f\u60c5\u9019\u9ebc\u597d",
            "likeCount": 0
        },
        {
            "reply_id": "Ugz6PRSFoLShE-RGR7B4AaABAg",
            "reply_content": "\u83c7\u5f1f\u7684\u80cc\u5f71\u5f88\u5e25\u6b38",
            "likeCount": 0
        },
        {
            "reply_id": "UgxsZ_EHrKcJxsHvuRp4AaABAg",
            "reply_content": "\u963f\u5b24\u592a\u53ef\u611b\u4e86\u5566",
            "likeCount": 0
        },
        {
            "reply_id": "Ugw5NrvrSYdczLecgGB4AaABAg",
            "reply_content": "\u5e0c\u671b\u97d3\u570b\u963f\u5b24\u611b\u4e0a\u53f0\u7063\u56e0\u70ba\u6211\u662f\u53f0\u7063\u963f\u5b24\u5e36\u5927\u7684\u5b69\u5b50\u5594!",
            "likeCount": 0
        },
        {
            "reply_id": "UgyhPe0Ylc-AiazL0pR4AaABAg",
            "reply_content": "\u807d\u8aaa:\u5730\u8cea\u6240\u5df2\u7d93\u91cd\u65b0\u8a8d\u5b9a\u5927\u5c6f\u706b\u5c71\u70ba\u6d3b\u706b\u5c71",
            "likeCount": 0
        },
        {
            "reply_id": "UgwpzvG1NFiWl3vpChB4AaABAg",
            "reply_content": "\u91d1\u91dd\u59d1\u59ca\u59ca\u597d\u7f8e\u9e97",
            "likeCount": 0
        },
        {
            "reply_id": "UgwUCso9Lut04M4n8rB4AaABAg",
            "reply_content": "\u83c7\u83c7\u4e00\u5bb6\u4eba\u771f\u7684\u5f88\u559c\u611b\u53f0\u7063\n\u6b61\u8fce\u4f60\u5011\u96a8\u6642\u518d\u4f86\u65c5\u904a",
            "likeCount": 0
        },
        {
            "reply_id": "UgzpnDuV-jmtMBEPY-l4AaABAg",
            "reply_content": "\u597d\u611b\u83c7\u7684\u5f71\u7247",
            "likeCount": 0
        },
        {
            "reply_id": "UgxpsaKO0S6-rLCK40B4AaABAg",
            "reply_content": "\u5b5d\u9806\u7684\u4eba\u6703\u6709\u597d\u5831\u7684",
            "likeCount": 0
        }
    ]
}