{
    "video_info": {
        "id": "q4Gs9gloilQ",
        "channelTitle": "\u97d3\u52fe\u311f\u91d1\u91dd\u83c7 \ucc10\uca50\uafb8",
        "title": "\ud83c\uddf8\ud83c\uddec\u65b0\u52a0\u5761\u5403\u4e00\u5929\u82b1\u591a\u5c11\u9322\uff1f\u5728\u5730\u5fc5\u5403\u7f8e\u98df\u5de1\u79ae\ud83d\ude0dep.1\u6574\u5929\u5728\u5403\u5403\u5403\u2026\uff5c\u97d3\u52fe\u311f\u91d1\u91dd\u83c7 \ucc10\uca50\uafb8",
        "description": "\u65b0\u52a0\u5761\u4e5f\u592a\u591a\u597d\u5403\u597d\u73a9\u7684\u5730\u65b9\uff01\uff01\uff01\n\u8a08\u756b\u53bb\u65b0\u52a0\u5761\u53ef\u4ee5\u770b\u770bKlook\u9069\u5408\u7684\u7968\u5377\u3001\u4f4f\u5bbf\u6216\u5305\u8eca\u670d\u52d9\u5594\u2764\ufe0f \n\ud83d\udc49https://pse.is/587x5v\n\n\n\u5e0c\u671b\u4f60\u5011\u559c\u6b61\u9019\u90e8\u5f71\u7247\n\u559c\u6b61\u5e6b\u6211\u8a02\u95b1\u6309\u8b9a\u5206\u4eab \u8a18\u5f97\u958b\u555f\u5c0f\u9234\u943a\u6536\u53d6\u65b0\u7247\u901a\u77e5\u5594\uff01\n\n\uff3f\uff3f\uff3f\uff3f\uff3f\uff3f\uff3f\uff3f\uff3f\uff3f\uff3f\uff3f\uff3f\uff3f\uff3f\uff3f\uff3f\uff3f\uff3f\uff3f\uff3f\n\n\u2b50\ufe0f\u91d1\u91dd\u83c7\u7684\u97d3\u570b\u7f8e\u98df\u54c1\u724c\uff1ahttps://www.kimkfoods.com\n\u2b50\ufe0f\u91d1\u5bb6\u311f\u5e03\u5e33\u99ac\u8eca\uff1ahttps://www.facebook.com/groups/2297603990535075/\n\u2b50\ufe0f\u91d1\u91dd\u83c7\u7684\u7c89\u5c08: https://www.facebook.com/Koreajinzhengu/\n\u2b50\ufe0f\u91d1\u91dd\u83c7\u7684IG: https://www.instagram.com/ggu__kim/\n\u2b50\ufe0f\u5408\u4f5c\u9080\u7d04\u8acb\u6d3dPressPlay\uff1ajinyoungkim@pressplay.cc\n\n\uff3f\uff3f\uff3f\uff3f\uff3f\uff3f\uff3f\uff3f\uff3f\uff3f\uff3f\uff3f\uff3f\uff3f\uff3f\uff3f\uff3f\uff3f\uff3f\uff3f\uff3f",
        "likeCount": "8288",
        "commentCount": "800",
        "viewCount": "454569"
    },
    "comments": [
        {
            "reply_id": "UgzWwhK1ex1xROif25R4AaABAg",
            "reply_content": "\u770b\u4e86\u4e5f\u597d\u60f3\u53bb\u65b0\u52a0\u5761\u5403\u7f8e\u98df\u54e6",
            "likeCount": 2
        },
        {
            "reply_id": "UgwRjmX5L1xQjNbSzud4AaABAg",
            "reply_content": "\u7b11\u8d77\u6765\u597d\u751c\u7f8e",
            "likeCount": 1
        },
        {
            "reply_id": "Ugxa5V0wkD1SfArwKAZ4AaABAg",
            "reply_content": "\u53f0\u7063\u8ddf\u99ac\u4f86\u897f\u4e9e\u7684\u98df\u7269\u4e00\u5b9a\u6bd4\u65b0\u52a0\u5761\u597d\u5403\u592a\u591a\uff01",
            "likeCount": 1
        },
        {
            "reply_id": "UgyI7Pr4SozNhmw-fzt4AaABAg",
            "reply_content": "\u4e0b\u500b\u6708\u525b\u597d\u8981\u53bb\u65b0\u52a0\u5761\u8036~\u770b\u5230\u5f71\u7247\u592a\u958b\u5fc3\u4e86",
            "likeCount": 1
        },
        {
            "reply_id": "UgxA_44MnVE9D7oCP-Z4AaABAg",
            "reply_content": "\u4f60\u73fe\u5728\u5728\u54ea\u88e1",
            "likeCount": 0
        },
        {
            "reply_id": "UgxFRflH1eREp3OAbvt4AaABAg",
            "reply_content": "\u4f60\u8fd8\u6ca1\u5403\u5230\u5176\u4ed6\u79cd\u65cf\u7684\u98df\u54c1\u5462",
            "likeCount": 0
        },
        {
            "reply_id": "UgxcmldppA_fFHz45eR4AaABAg",
            "reply_content": "\u770b\u8d77\u4f86\u90fd\u597d\u597d\u5403",
            "likeCount": 0
        },
        {
            "reply_id": "UgzKTku45dG7B-uvEbx4AaABAg",
            "reply_content": "\u73cd\u5bf6\u7684\u8783\u87f9\u6bd4\u8f03\u597d\u5403",
            "likeCount": 0
        },
        {
            "reply_id": "UgwY2zbc3U5VIq11T7B4AaABAg",
            "reply_content": "\u525b\u5f9e\u65b0\u52a0\u5761\u56de\u4f86\u8d85\u6709\u611f",
            "likeCount": 0
        },
        {
            "reply_id": "UgxkYF6KtqsJHBXa5il4AaABAg",
            "reply_content": "\u597d\u60f3\u8981\u62ff\u5230\u91d1\u91dd\u83c7\u7684\u7167\u7247",
            "likeCount": 0
        },
        {
            "reply_id": "UgwcsowXJf_42XE_sYB4AaABAg",
            "reply_content": "\u70ba\u4ec0\u9ebc\u6709\u4e0d\u5c11\u7684\u99ac\u4f86\u897f\u4e9e\u4eba\u8981\u6c42\u83c7\u83c7\u5230\u99ac\u4f86\u897f\u4e9e\u73a9\u4e26\u4e14\u8aaa\u661f\u570b\u4e26\u4e0d\u597d\u73a9\u3002\u9084\u6709\u4e00\u4e9b\u751a\u81f3\u628a\u661f\u570b\u5168\u90e8\u7684\u98df\u7269\u6279\u8a55\u5230\u975e\u5e38\u96e3\u5403\u96e3\u4ee5\u541e\u56a5\uff0c\u8d85\u50bb\u773c\u7684\u3002\u53f0\u7063\u4eba\u96d6\u7136\u8a0e\u53ad\u618e\u6068\u4e2d\u570b\uff0c\u4f46\u5f9e\u4f86\u4e0d\u6703\u62ff\u5169\u570b\u7684\u98df\u7269\u4f86\u505a\u6587\u7ae0",
            "likeCount": 1
        },
        {
            "reply_id": "UgzLWshdAoRGEtmdmIJ4AaABAg",
            "reply_content": "\u62bd\u62bd\u62bd",
            "likeCount": 0
        },
        {
            "reply_id": "UgxKke9GWygEip7Nplt4AaABAg",
            "reply_content": "\u65b0\u52a0\u5761\u8089\u9aa8\u8336\u662f\u80e1\u6912\u6c64",
            "likeCount": 0
        },
        {
            "reply_id": "Ugz38dMwH8f0ipMfaEV4AaABAg",
            "reply_content": "\u672c",
            "likeCount": 0
        },
        {
            "reply_id": "Ugz_lfR4KA_NXWIgb_t4AaABAg",
            "reply_content": "\u5973\u751f\u4e00\u8ac7\u6200\u611b\u4e4b\u5f8c \u599d\u611f\u8ddf\u7a7f\u8457\u90fd\u6703\u6709\u9ede\u4e0d\u4e00\u6a23",
            "likeCount": 0
        },
        {
            "reply_id": "Ugx5N6e5EegJ9Ye5y894AaABAg",
            "reply_content": "\u80cc\u666f\u97f3\u6a02\u6709\u592a\u5435\u4e86\u5427",
            "likeCount": 0
        },
        {
            "reply_id": "UgwsvJwNeNgb7sPLvMZ4AaABAg",
            "reply_content": "\u6572\u7897\u9a6c\u6765\u897f\u4e9a",
            "likeCount": 0
        },
        {
            "reply_id": "UgzTUN4ibDRpVg_wTpV4AaABAg",
            "reply_content": "\u91d1\u91dd\u83c7\u597d\u559c\u6b61\u59b3",
            "likeCount": 0
        },
        {
            "reply_id": "Ugy9YS5Cjpx4bsdreh14AaABAg",
            "reply_content": "\u91d1\u91dd\u83c7\u592a\u68d2\u4e86",
            "likeCount": 0
        },
        {
            "reply_id": "UgwlfSScZ3a7Om4HNlF4AaABAg",
            "reply_content": "\u6211\u8981\u91d1\u91dd\u83c7\u7684\u7c3d\u540d",
            "likeCount": 0
        }
    ]
}