{
    "video_info": {
        "id": "sq5egIN-zyM",
        "channelTitle": "\u97d3\u52fe\u311f\u91d1\u91dd\u83c7 \ucc10\uca50\uafb8",
        "title": "\u9053\u5730\u97d3\u570b\u4eba\u5728\u53f0\u7063\u516b\u5e74\u6703\u8b8a\u600e\u9ebc\u6a23\u5462\uff1f\u516b\u5e74\u5f8c\u7684\u300c\u516b\u5927\u5dee\u7570\u300d\u5927\u516c\u958b\ud83c\udf1f\ud83d\udd25\uff5c\u97d3\u52fe\u311f\u91d1\u91dd\u83c7 \ucc10\uca50\uafb8",
        "description": "#\u53f0\u5316\u4e86 #\u91d1\u91dd\u83c7 #\u8b1d\u8b1d\u5927\u5bb6\u559c\u6b61\u6211\u7684\u5f71\u7247\n\u5e0c\u671b\u4f60\u5011\u559c\u6b61\u9019\u90e8\u5f71\u7247\n\u559c\u6b61\u5e6b\u6211\u8a02\u95b1\u6309\u8b9a\u5206\u4eab \u8a18\u5f97\u958b\u555f\u5c0f\u9234\u943a\u6536\u53d6\u65b0\u7247\u901a\u77e5\u5594\uff01\n\n\uff3f\uff3f\uff3f\uff3f\uff3f\uff3f\uff3f\uff3f\uff3f\uff3f\uff3f\uff3f\uff3f\uff3f\uff3f\uff3f\uff3f\uff3f\uff3f\uff3f\uff3f\n\n\u2b50\ufe0f\u91d1\u91dd\u83c7\u7684\u97d3\u570b\u7f8e\u98df\u54c1\u724c\uff1ahttps://www.kimkfoods.com\n\u2b50\ufe0f\u91d1\u5bb6\u311f\u5e03\u5e33\u99ac\u8eca\uff1ahttps://www.facebook.com/groups/2297603990535075/\n\u2b50\ufe0f\u91d1\u91dd\u83c7\u7684\u7c89\u5c08: https://www.facebook.com/Koreajinzhengu/\n\u2b50\ufe0f\u91d1\u91dd\u83c7\u7684IG: https://www.instagram.com/ggu__kim/\n\u2b50\ufe0f\u5408\u4f5c\u9080\u7d04\u8acb\u6d3dPressPlay\uff1ajinyoungkim@pressplay.cc\n\n\uff3f\uff3f\uff3f\uff3f\uff3f\uff3f\uff3f\uff3f\uff3f\uff3f\uff3f\uff3f\uff3f\uff3f\uff3f\uff3f\uff3f\uff3f\uff3f\uff3f\uff3f",
        "likeCount": "13353",
        "commentCount": "604",
        "viewCount": "512599"
    },
    "comments": [
        {
            "reply_id": "UgxNq_3_rI_HkIOQ6tZ4AaABAg",
            "reply_content": "\u600e\u4e48\u611f\u89c9\u957f\u80d6\u5566",
            "likeCount": 0
        },
        {
            "reply_id": "UgzsBpVrDaiBEufLf8Z4AaABAg",
            "reply_content": "\u8d95\u5feb\u627e\u500b\u512a\u8cea\u53f0\u7063\u4eba\u5ac1\u4e86,\u90a3\u5c31\u8ddf\u53f0\u95dc\u4fc2\u66f4\u7dca\u5bc6\u4e86",
            "likeCount": 0
        },
        {
            "reply_id": "UgwC5Dsrb5qF7aCerb94AaABAg",
            "reply_content": "\u5e0c\u671b\u6709\u7d20\u98df\u98ef\u7cf0\u54e6",
            "likeCount": 0
        },
        {
            "reply_id": "Ugyxv5OW6TTIi8XvRgl4AaABAg",
            "reply_content": "\u54ce\u5466\u5582\u5440\u597d\u7b11",
            "likeCount": 0
        },
        {
            "reply_id": "Ugzte8VwnxDMkfX2XzZ4AaABAg",
            "reply_content": "\u5c31\u8b8a\u6bd4\u8f03\u719f",
            "likeCount": 0
        },
        {
            "reply_id": "UgzcVa2DxO5PJCzWJ5h4AaABAg",
            "reply_content": "\u660e\u5929\u53bb\u8cb7",
            "likeCount": 0
        },
        {
            "reply_id": "UgxlMhytvsAi-2bNrw94AaABAg",
            "reply_content": "\u5f8c\u9762\u7684\u5927\u982d\u8d85\u7d1a\u53ef\u611b\u7684",
            "likeCount": 0
        },
        {
            "reply_id": "UgwMEmUhL_DzShyVvIB4AaABAg",
            "reply_content": "\u732b\u54aa\u597d\u53ef\u7231",
            "likeCount": 0
        },
        {
            "reply_id": "UgyunLlPXNO0qPbhdO54AaABAg",
            "reply_content": "\u597d\u559c\u6b61\u59b3\u80fd\u7576\u53f0\u7063\u5ab3\u5a66\u5594",
            "likeCount": 0
        },
        {
            "reply_id": "Ugz7CnTtsB6vNHKygep4AaABAg",
            "reply_content": "\u5f88\u559c\u6b61\u91d1\u91dd\u83c7\u7684\u983b\u9053\u548c\u7522\u54c1",
            "likeCount": 0
        },
        {
            "reply_id": "UgzDL5LVGAkgJso6l0J4AaABAg",
            "reply_content": "\u8a31\u9858\u97d3\u5f0f\u7d20\u98ef\u7cf0",
            "likeCount": 0
        },
        {
            "reply_id": "Ugxt76Rjrrbw17LLVPF4AaABAg",
            "reply_content": "\u9084\u6709\u8b8a\u8001\u4e86",
            "likeCount": 1
        },
        {
            "reply_id": "UgxinYjFd97qAr_4Orh4AaABAg",
            "reply_content": "\u8981\u51fa\u7d20\u98df\u4e86\u55ce",
            "likeCount": 1
        },
        {
            "reply_id": "Ugyp_6gLMiE9MAktsS94AaABAg",
            "reply_content": "\u597d\u4e45\u6c92\u770b\u5230\u6211\u86fe",
            "likeCount": 0
        },
        {
            "reply_id": "UgwyN4U_G9U12b1-BX14AaABAg",
            "reply_content": "\u88ab\u53f0\u7063\u7f8e\u98df\u837c\u6bd2\u7684\u5f8c\u679c",
            "likeCount": 0
        },
        {
            "reply_id": "UgwihChF4ke6KjrCfox4AaABAg",
            "reply_content": "\u5927\u98ef\u7cf0\u5e38\u5e38\u8cb7\u4e0d\u5230\u8036",
            "likeCount": 0
        },
        {
            "reply_id": "UgyVXJBC48fmf3-D77l4AaABAg",
            "reply_content": "\u6211\u89ba\u5f97\u5f9e\u6c23\u8cea\u83c7\u8b8a\u6d3b\u6f51\u83c7",
            "likeCount": 0
        },
        {
            "reply_id": "UgxfB1MgPuBj4fDCdVN4AaABAg",
            "reply_content": "\u5728\u53f0\u7063\u6c92\u6709\u96d9\u4e0b\u5df4\u4ee3\u8868\u53f0\u7063\u98df\u7269\u6c92\u6709\u8b93\u4f60\u559c\u6b61",
            "likeCount": 0
        },
        {
            "reply_id": "UgyGsGIp_ZR9EzfFZeB4AaABAg",
            "reply_content": "\u5927\u98ef\u7cf0\u597d\u5403",
            "likeCount": 0
        },
        {
            "reply_id": "UgxreyAJCH-odPnJwQB4AaABAg",
            "reply_content": "\u73fe\u5728\u624d\u77e5\u9053\u5168\u5bb6\u7684\u91d1\u5bb6\u98ef\u7cf0\u662f\u91d1\u91dd\u83c7\u548c\u5168\u5bb6\u806f\u540d\u7684.",
            "likeCount": 0
        }
    ]
}