{
    "video_info": {
        "id": "u_NZm4XVghQ",
        "channelTitle": "\u97d3\u52fe\u311f\u91d1\u91dd\u83c7 \ucc10\uca50\uafb8",
        "title": "\u300c\u9023\u5047\u75c7\u5019\u7fa4\u300d\u4f60\u4e5f\u662f\u55ce\u22ef\u22ef\ud83e\udd23\ud83e\udd23 #\u60f3\u8981\u7e7c\u7e8c\u7576\u6c99\u767c\u4e0a\u7684\u99ac\u9234\u85af #\u518d\u591a\u4e00\u5929\u653e\u5047\u6211\u6703\u5f88\u5e78\u798f",
        "description": "",
        "likeCount": "2209",
        "commentCount": "30",
        "viewCount": "73685"
    },
    "comments": [
        {
            "reply_id": "UgxMpJJ55ZKHdeFEfwJ4AaABAg",
            "reply_content": "\u9023\u5047\u904e\u5b8c\u6574\u500b\u4eba\u6703\u61f6\u61f6\u7684",
            "likeCount": 3
        },
        {
            "reply_id": "UgxprUkQRR-x15pf2dV4AaABAg",
            "reply_content": "\u771f\u5be6\u5230\u4e0d\u884c",
            "likeCount": 2
        },
        {
            "reply_id": "UgyfkUPIg27vamxx2Xt4AaABAg",
            "reply_content": "\u83c7\u83c7\u6700\u53ef\u611b",
            "likeCount": 1
        },
        {
            "reply_id": "Ugz8S5n1M9Ugg9i2ALZ4AaABAg",
            "reply_content": "\u53ef\u611b",
            "likeCount": 1
        },
        {
            "reply_id": "Ugyr1i5wpkATKGUC-3N4AaABAg",
            "reply_content": "\u597d\u53ef\u611b",
            "likeCount": 0
        },
        {
            "reply_id": "Ugy_YIEkzOJDdSwyFNB4AaABAg",
            "reply_content": "\u5929\u5929\u4e0a\u73ed\u5c31\u4e0d\u6703\u6709\u9019\u500b\u554f\u984c\u4e86",
            "likeCount": 0
        },
        {
            "reply_id": "UgwSJgYNvlDdQqyOcQ94AaABAg",
            "reply_content": "\u54c8\u54c8\u54c8\u54c8",
            "likeCount": 0
        },
        {
            "reply_id": "Ugw1da3Qqkof19stiqh4AaABAg",
            "reply_content": "\u83c7\u5f88\u6703",
            "likeCount": 0
        }
    ]
}