{
    "video_info": {
        "id": "10FNbw0ptmU",
        "channelTitle": "\u53f0\u5357Josh",
        "title": "\u4e2d\u83ef\u8077\u68d2\u53f0\u7063\u5927\u8cfdG4 \u5473\u5168 vs \u6a02\u5929\u3010\u770b\u7403\u9592\u804a\u76f4\u64ad\u3011",
        "description": "\u53f0\u5357Josh\u7db2\u8def\u5546\u5e97 \u5404\u7a2e\u55e8\u55e8\u5546\u54c1\u90fd\u53ef\u4ee5\u5728\u9019\u88e1\u8cb7\u5230\u5594\uff01\nhttps://www.tainanjosh.co/\n\n\u52a0\u5165\u6211\u7684\u983b\u9053\u6703\u54e1\nhttps://reurl.cc/jnWGm\n\u6bcf\u500b\u670875\u5143\u5c0f\u984d\u8d0a\u52a9\u4f86\u5e6b\u52a9\u53f0\u5357Josh\u983b\u9053\u8b8a\u5f97\u66f4\u597d\n\n\u53f0\u5357Josh Line\u8cbc\u5716\u4e0a\u67b6\u56c9\nhttps://reurl.cc/8yy1aM\n\n\u5de5\u5546\u9080\u7d04\u8acb\u5bc4\u5230\u4ee5\u4e0b\u4fe1\u7bb1\ntainanjosh@capsuleinc.cc\n\n\u53f0\u5357Josh FB\u7c89\u7d72\u9801\nhttps://www.facebook.com/joshjawawa",
        "likeCount": "1061",
        "commentCount": "11",
        "viewCount": "246358"
    },
    "comments": [
        {
            "reply_id": "UgzHz7_YbSxThcs-gTx4AaABAg",
            "reply_content": "\u4eca\u5e74\u7684\u67b6\u8a31\u6d41\u884c\u76f4\u843d\u4e09",
            "likeCount": 4
        }
    ]
}