{
    "video_info": {
        "id": "2MflfZL20Iw",
        "channelTitle": "\u53f0\u5357Josh",
        "title": "\u4e9e\u51a0\u8cfd\u66fe\u5cfb\u5cb3\u5546\u54c1\u5c55\u793a\u5927\u5931\u6557\uff01\u53e4\u6797\u53cd\u5012\u5f15\u8d77\u65e5\u672c\u95dc\u6ce8\uff01\u3010\u76f4\u64ad\u7cbe\u83ef\u3011",
        "description": "\u53f0\u5357Josh\u7db2\u8def\u5546\u5e97 \u5404\u7a2e\u55e8\u55e8\u5546\u54c1\u90fd\u53ef\u4ee5\u5728\u9019\u88e1\u8cb7\u5230\u5594\uff01\nhttps://www.tainanjosh.co/\n\n\u6b61\u8fce\u52a0\u5165\u6211\u7684\u983b\u9053\u6703\u54e1\nhttps://reurl.cc/jnWGm\n\u6bcf\u500b\u670875\u5143\u5c0f\u984d\u8d0a\u52a9\u4f86\u5e6b\u52a9\u53f0\u5357Josh\u983b\u9053\u8b8a\u5f97\u66f4\u597d\n\n\u53f0\u5357Josh Line\u8cbc\u5716\u4e0a\u67b6\u56c9\nhttps://reurl.cc/8yy1aM\n\n#\u4e9e\u51a0\u8cfd\n#\u66fe\u5cfb\u5cb3\n#\u53e4\u6797\u777f\u716c\n\n\u5de5\u5546\u9080\u7d04\u8acb\u5bc4\u5230\u4ee5\u4e0b\u4fe1\u7bb1\ntainanjosh@capsuleinc.cc\n\n\u53f0\u5357Josh FB\u7c89\u7d72\u9801\nhttps://www.facebook.com/joshjawawa",
        "likeCount": "1753",
        "commentCount": "291",
        "viewCount": "114061"
    },
    "comments": [
        {
            "reply_id": "UgyTpoqgwhk3KKc6UEp4AaABAg",
            "reply_content": "\u60f3\u554f\u5c0d\u65bc\u6797\u9756\u51f1\u4eca\u5929\u6eff\u8cab\u7832\u6709\u4ec0\u9ebc\u770b\u6cd5",
            "likeCount": 4
        },
        {
            "reply_id": "UgxsflNMyPP54UIkiEp4AaABAg",
            "reply_content": "\u81ed\u6797\u667a\u5e73\u90a3\u6bb5\u8d85\u597d\u7b11",
            "likeCount": 2
        },
        {
            "reply_id": "UgybcJS20Sg8ajg24894AaABAg",
            "reply_content": "\u7d50\u679c\u6797\u9756\u51f1\u8207\u90ed\u5929\u4fe1\u6c92\u554f\u984c\u54c8",
            "likeCount": 1
        },
        {
            "reply_id": "UgwG17AX1kF-8u4j26V4AaABAg",
            "reply_content": "\u6751\u9577\u7b2c\u4e8c\u68d2\u6c92\u554f\u984c",
            "likeCount": 1
        },
        {
            "reply_id": "UgyWfaTYq1eyaLDUy_p4AaABAg",
            "reply_content": "\u7b2c\u4e8c\u68d2\u592a\u6709\u6599\u4e86\u5566",
            "likeCount": 1
        },
        {
            "reply_id": "UgyEibd4Wyd4_-eSkdJ4AaABAg",
            "reply_content": "\u9019\u5834\u6253\u5b8c\u6700\u958b\u5fc3\u7684\u662f\u6797\u6821\u9577",
            "likeCount": 1
        },
        {
            "reply_id": "UgzflhLcarv_EZdIQ0h4AaABAg",
            "reply_content": "\u53e4\u6797\u624d\u662f\u771f\u5546\u54c1",
            "likeCount": 1
        },
        {
            "reply_id": "Ugx5Jgj-WQP3TrFWnOF4AaABAg",
            "reply_content": "\u5cb3\u5cb3\u6c92\u6a5f\u6703\u65c5\u5916\u4e86",
            "likeCount": 0
        },
        {
            "reply_id": "Ugy9iiAVjD-dzcl-jDV4AaABAg",
            "reply_content": "\u597d\u9152\u6c89\u7515\u5e95",
            "likeCount": 0
        },
        {
            "reply_id": "Ugznb-ZBS527UhP79E94AaABAg",
            "reply_content": "\u671d\u8056",
            "likeCount": 0
        },
        {
            "reply_id": "UgzcMV7VsCVfJuPMFjl4AaABAg",
            "reply_content": "\u5176\u5be69\u4e0a\u7267\u79c0\u609f\u6253\u7684\u90a3\u7403\u5cb3\u5f1f\u5224\u65b7\u6709\u9ede\u5c0f\u7455\u75b5\u4e0d\u7136\u4ed6\u61c9\u8a72\u63a5\u7684\u5230",
            "likeCount": 0
        },
        {
            "reply_id": "UgwljpRAvmOyOPheTCV4AaABAg",
            "reply_content": "\u6709\u4eba\u53ea\u662f\u966a\u670b\u53cb\u53bb\u8a66\u93e1\u7d50\u679c\u81ea\u5df1\u51fa\u9053\u4e86\uff0c\u53e4\u6797\u5927\u6982\u4e5f\u662f\u9019\u6a23",
            "likeCount": 0
        },
        {
            "reply_id": "Ugx6tD-P33I2nBDodrd4AaABAg",
            "reply_content": "\u67b6\u74dc",
            "likeCount": 0
        },
        {
            "reply_id": "UgxQj-_fLKqWFD2AQKV4AaABAg",
            "reply_content": "\u92d2\u54e5\u5728\u6f14",
            "likeCount": 0
        },
        {
            "reply_id": "Ugx3SOiavAqE-Apq13V4AaABAg",
            "reply_content": "\u5cf0\u74dc",
            "likeCount": 0
        },
        {
            "reply_id": "Ugy2HNbXm_e6B2vMPrJ4AaABAg",
            "reply_content": "\u597d\u6b61\u6a02\u7684\u5f71\u7247",
            "likeCount": 0
        },
        {
            "reply_id": "UgyvWHwcm6nNUXrWRl94AaABAg",
            "reply_content": "\u66fe\u5cfb\u5cb3\u9019\u7a2e\u7a0b\u5ea6\u8981\u65c5\u5916\u5f88\u62da,\u53ef\u80fd\u65c5\u6fb3\u6216\u65c5\u58a8\u897f\u54e5\u5427",
            "likeCount": 0
        },
        {
            "reply_id": "Ugw1sl0VnZax4KHRFj94AaABAg",
            "reply_content": "\u5546\u54c1\u4e0d\u5c0f\u5fc3\u6545\u969c\u4e86",
            "likeCount": 0
        },
        {
            "reply_id": "Ugya_WXVi2K_IHlYPt54AaABAg",
            "reply_content": "\u92d2\u74dc\u7121\u8aa4",
            "likeCount": 0
        },
        {
            "reply_id": "Ugw_XUm3gMz9dUPlbzJ4AaABAg",
            "reply_content": "\u6158\u4e86\u88ab\u55e8\u4e86",
            "likeCount": 0
        }
    ]
}