{
    "video_info": {
        "id": "7xzrAK4r8Fc",
        "channelTitle": "\u53f0\u5357Josh",
        "title": "\u53f0\u7063\u5927\u8cfdG7\u6700\u7d42\u6c7a\u6230\uff01\u5473\u5168\u6a02\u5929\u8ab0\u4f54\u4e0a\u98a8\uff1f",
        "description": "\u53f0\u5357Josh\u7db2\u8def\u5546\u5e97 \u5404\u7a2e\u55e8\u55e8\u5546\u54c1\u90fd\u53ef\u4ee5\u5728\u9019\u88e1\u8cb7\u5230\u5594\uff01\nhttps://www.tainanjosh.co/\n\n\u6b61\u8fce\u52a0\u5165\u6211\u7684\u983b\u9053\u6703\u54e1\nhttps://reurl.cc/jnWGm\n\u6bcf\u500b\u670875\u5143\u5c0f\u984d\u8d0a\u52a9\u4f86\u5e6b\u52a9\u53f0\u5357Josh\u983b\u9053\u8b8a\u5f97\u66f4\u597d\n\n\u53f0\u5357Josh Line\u8cbc\u5716\u4e0a\u67b6\u56c9\nhttps://reurl.cc/8yy1aM\n\n#\u4e2d\u83ef\u8077\u68d2\n#\u5473\u5168\u9f8d\n#\u6a02\u5929\u6843\u733f\n\n\u5de5\u5546\u9080\u7d04\u8acb\u5bc4\u5230\u4ee5\u4e0b\u4fe1\u7bb1\ntainanjosh@capsuleinc.cc\n\n\u53f0\u5357Josh FB\u7c89\u7d72\u9801\nhttps://www.facebook.com/joshjawawa",
        "likeCount": "2760",
        "commentCount": "640",
        "viewCount": "133241"
    },
    "comments": [
        {
            "reply_id": "UgyKls1HVkiws9k3PHR4AaABAg",
            "reply_content": "\u56de\u904e\u982d\u4f86\u770b\u9019\u500b\u5f71\u7247\uff0c\u89ba\u5f97\u9019\u771f\u7684\u662f\u7d2e\u7d2e\u5be6\u5be6\u7684\u672a\u4f86\u4eba\u983b\u9053",
            "likeCount": 5
        },
        {
            "reply_id": "UgzueQF-55urr6RlqFJ4AaABAg",
            "reply_content": "\u795e\u4e32\u7559\u540d",
            "likeCount": 3
        },
        {
            "reply_id": "Ugy9-sBxIINfWIT9AK94AaABAg",
            "reply_content": "\u611f\u8b1d",
            "likeCount": 2
        },
        {
            "reply_id": "Ugzj3ugnMbmj2PREewx4AaABAg",
            "reply_content": "\u6211\u770b\u904e\u570b\u5e2b\u6700\u7cbe\u6e96\u7684\u4e00\u6b21",
            "likeCount": 2
        },
        {
            "reply_id": "UgzgmF3dAp9-J1Exk7x4AaABAg",
            "reply_content": "\u6599\u90fd\u6eff\u51fa\u4f86\u4e86",
            "likeCount": 2
        },
        {
            "reply_id": "UgzdDVmLzKBUG9Bl3PN4AaABAg",
            "reply_content": "\u9f8d\u9f8d\u6297\u55e8\u6210\u529f",
            "likeCount": 1
        },
        {
            "reply_id": "UgyeX68isy5ADsQTOit4AaABAg",
            "reply_content": "\u518d\u6b21\u4f86\u56de\u9867\u6709\u6599\u7684\u9810\u6e2c\u5f71\u7247",
            "likeCount": 1
        },
        {
            "reply_id": "UgxZ57StyFcxzZwMfCt4AaABAg",
            "reply_content": "\u7d42\u65bc\u6709\u6599\u4e00\u6b21\u4e86",
            "likeCount": 1
        },
        {
            "reply_id": "Ugw3yNZ95MqKgF-JZ8V4AaABAg",
            "reply_content": "\u6240\u4ee5\u4eca\u5929\u9053\u535a\u683c\u55ce",
            "likeCount": 1
        },
        {
            "reply_id": "Ugyc0Z_Kdk-61vw4h2h4AaABAg",
            "reply_content": "\u6709\u6599",
            "likeCount": 0
        },
        {
            "reply_id": "UgzPZgWKASeLGY7UMnJ4AaABAg",
            "reply_content": "\u597d\u96aa\u4f60\u4e0d\u662f\u6a02\u5929\u7e3d\u6559\u7df4",
            "likeCount": 0
        },
        {
            "reply_id": "Ugzn71wso_z8dlDcFqN4AaABAg",
            "reply_content": "\u7d42\u65bc\u548c\u8cfd\u99ac\u4e00\u6a23\u986f\u9748\u4e86",
            "likeCount": 0
        },
        {
            "reply_id": "UgxcoZ5Inks9-TxyRt94AaABAg",
            "reply_content": "\u8b1d\u8b1d\u570b\u5e2b",
            "likeCount": 0
        },
        {
            "reply_id": "UgwX_FulihUKrGzsA_h4AaABAg",
            "reply_content": "\u6709\u6599",
            "likeCount": 0
        },
        {
            "reply_id": "Ugzx7owNXaeFAzbOulV4AaABAg",
            "reply_content": "\u7d50\u679c\u5148\u7528\u9053\u4f2f\u683c\u4e86",
            "likeCount": 0
        },
        {
            "reply_id": "UgwS4DuFEklOAe-uKZd4AaABAg",
            "reply_content": "\u679c\u7136\u5c31\u662f\u9053\u5148\u767c",
            "likeCount": 0
        },
        {
            "reply_id": "UgwLgD1kbtqD46L64S54AaABAg",
            "reply_content": "\u7d50\u679c\u4eca\u5929\u9053\u535a\u683c\u5148\u767c\u54c8\u54c8",
            "likeCount": 0
        },
        {
            "reply_id": "Ugx2UskBy_Am22kv0Qh4AaABAg",
            "reply_content": "\u4e14\u770b\u4eca\u5929\u5473\u5168\u6703\u4e0d\u6703\u53c8\u88ab\u55e8\u6389",
            "likeCount": 0
        },
        {
            "reply_id": "UgzYGp5lB0NWmkiZoZt4AaABAg",
            "reply_content": "\u7b2c\u4e03\u6230\u6a02\u5929\u6709\u6a5f\u6703\u55ce",
            "likeCount": 0
        },
        {
            "reply_id": "UgyxOsFFqviJg-Hgnkx4AaABAg",
            "reply_content": "\u6a02\u5929\u7a69\u4e86",
            "likeCount": 0
        }
    ]
}