{
    "video_info": {
        "id": "8z1CpFGhUrk",
        "channelTitle": "\u53f0\u5357Josh",
        "title": "2023\u4e2d\u83ef\u8077\u68d2\u4e09\u5927\u500b\u4eba\u734e\u9805\u9810\u6e2c\uff01MVP\u3001\u65b0\u4eba\u738b\u3001\u6700\u4f73\u9032\u6b65\u734e\uff01",
        "description": "\u53f0\u5357Josh\u7db2\u8def\u5546\u5e97 \u5404\u7a2e\u55e8\u55e8\u5546\u54c1\u90fd\u53ef\u4ee5\u5728\u9019\u88e1\u8cb7\u5230\u5594\uff01\nhttps://www.tainanjosh.co/\n\n\u6b61\u8fce\u52a0\u5165\u6211\u7684\u983b\u9053\u6703\u54e1\nhttps://reurl.cc/jnWGm\n\u6bcf\u500b\u670875\u5143\u5c0f\u984d\u8d0a\u52a9\u4f86\u5e6b\u52a9\u53f0\u5357Josh\u983b\u9053\u8b8a\u5f97\u66f4\u597d\n\n\u53f0\u5357Josh Line\u8cbc\u5716\u4e0a\u67b6\u56c9\nhttps://reurl.cc/8yy1aM\n\n#\u4e2d\u83ef\u8077\u68d2\n#CPBL\n#\u9812\u734e\u5178\u79ae\n\n\u5de5\u5546\u9080\u7d04\u8acb\u5bc4\u5230\u4ee5\u4e0b\u4fe1\u7bb1\ntainanjosh@capsuleinc.cc\n\n\u53f0\u5357Josh FB\u7c89\u7d72\u9801\nhttps://www.facebook.com/joshjawawa",
        "likeCount": "1567",
        "commentCount": "299",
        "viewCount": "87505"
    },
    "comments": [
        {
            "reply_id": "UgwYJIfIFnC_sk0SguZ4AaABAg",
            "reply_content": "\u4e0d\u8ca0\u773e\u671b\u674e\u5b97\u8ce2\u7372\u734e",
            "likeCount": 6
        },
        {
            "reply_id": "UgwHyRoG9R-UTu3ZY6Z4AaABAg",
            "reply_content": "\u5148\u606d\u559c\u6c92\u4e0a\u699c\u7684\u5404\u4f4d\u7403\u54e1\u4e86",
            "likeCount": 2
        },
        {
            "reply_id": "Ugyh8CeZfJK6rOIkblJ4AaABAg",
            "reply_content": "\u8cc8\u53c8\u7ffb",
            "likeCount": 1
        },
        {
            "reply_id": "UgxRI_gAO6RF8nZhHhN4AaABAg",
            "reply_content": "\u606d\u559c\u5c0f\u82b1\u8ce2\u52c7\u596a\u6700\u4f73\u9032\u6b65\u734e",
            "likeCount": 1
        },
        {
            "reply_id": "UgwKXbsrwBAWs3CaL3V4AaABAg",
            "reply_content": "\u6240\u4ee5\u9032\u6b65\u734e\u606d\u559c\u82b1\u8ce2\u6211\u9084\u4ee5\u70ba\u88ab\u9019\u6a23\u8b1b\u662f\u6c92\u8fa6\u6cd5\u4e86\uff0c\u7e3d\u4e4b\u592a\u68d2\u4e86",
            "likeCount": 0
        },
        {
            "reply_id": "UgyVGtGa7PhxOnX6MQJ4AaABAg",
            "reply_content": "\u9032\u6b65\u734e\u8ddf\u65b0\u4eba\u734e\u90fd\u731c\u932f",
            "likeCount": 0
        },
        {
            "reply_id": "Ugz9vdbWzf1TdY2iQqh4AaABAg",
            "reply_content": "\u8d85\u7d1a\u53cd\u6307\u6a19",
            "likeCount": 0
        },
        {
            "reply_id": "UgyX0hmb8FlOY9p4u2N4AaABAg",
            "reply_content": "\u6709\u6599",
            "likeCount": 0
        },
        {
            "reply_id": "Ugypb2CLCe6cYa3idth4AaABAg",
            "reply_content": "\u674e\u5b97\u8ce2\u7c3d\u5230",
            "likeCount": 0
        },
        {
            "reply_id": "UgzBNcacQqjIMCDUIP94AaABAg",
            "reply_content": "\u674e\u5b97\u8ce2\u5f97\u734e\u56c9",
            "likeCount": 0
        },
        {
            "reply_id": "UgyPVVIaNFmBADyseUN4AaABAg",
            "reply_content": "\u592a\u6c92\u6599\u4e86",
            "likeCount": 0
        },
        {
            "reply_id": "Ugw9SbN9tlFPbjKk7Vd4AaABAg",
            "reply_content": "\u674e\u5b97\u8ce2\u5f97\u734e\u56c9",
            "likeCount": 0
        },
        {
            "reply_id": "Ugwa2rOZzkDUVT1U-y14AaABAg",
            "reply_content": "\u6c92\u6599",
            "likeCount": 0
        },
        {
            "reply_id": "UgzOUmQ3tAk3BcXp-hp4AaABAg",
            "reply_content": "\u6700\u4f73\u9032\u6b65\u734e\u5df2\u5b8c\u6210\u6253\u81c9",
            "likeCount": 0
        },
        {
            "reply_id": "UgylpdFLnjIa4cXd46h4AaABAg",
            "reply_content": "\u8a71\u8aaa\u6771\u5c71\u518d\u8d77\u734e\u54c8\u54c8\u54c8",
            "likeCount": 0
        },
        {
            "reply_id": "UgwE0_h4TUbSyVhybk54AaABAg",
            "reply_content": "\u4e2d\u8077\u61c9\u8a72\u8a2d\u500b\u6771\u5c71\u518d\u8d77\u734e\uff0c\u674e\u5b97\u8ce2\u5c31\u5be6\u81f3\u540d\u6b78\u4e86",
            "likeCount": 0
        },
        {
            "reply_id": "Ugy180WCgfIKlLrpuWl4AaABAg",
            "reply_content": "\u9673\u514b\u7fbf\u5c0f\u82b1\u8ce2\u7a81\u7136\u7372\u5f97\u795e\u79d8\u529b\u91cf\u52a0\u6301",
            "likeCount": 9
        },
        {
            "reply_id": "UgwgZ-nW_6WjjYO3E794AaABAg",
            "reply_content": "\u570b\u5e2b\u8f9b\u82e6\u4e86\n\u5927\u806f\u76df\u7403\u5834\u4e4b\u65c5\u7684\u5f71\u7247\u61c9\u8a72\u4e5f\u7d2f\u7a4d\u4e0d\u5c11\u9084\u6c92\u7528\u5427",
            "likeCount": 3
        },
        {
            "reply_id": "UgwTqv5xCR4-XlIfEvd4AaABAg",
            "reply_content": "\u6211\u731c\u5f9e\u7f3a",
            "likeCount": 3
        },
        {
            "reply_id": "Ugxaqb3mHk6ziUCcJkR4AaABAg",
            "reply_content": "\u7761\u524d\u770b\u67b6\u8a31",
            "likeCount": 3
        }
    ]
}