{
    "video_info": {
        "id": "bMzD21ksgpM",
        "channelTitle": "\u53f0\u5357Josh",
        "title": "\u4e9e\u6d32\u8077\u68d2\u51a0\u8ecd\u722d\u9738\u8cfd \u53f0\u7063 vs \u97d3\u570b\u3010\u770b\u7403\u9592\u804a\u76f4\u64ad\u3011",
        "description": "\u53f0\u5357Josh\u7db2\u8def\u5546\u5e97 \u5404\u7a2e\u55e8\u55e8\u5546\u54c1\u90fd\u53ef\u4ee5\u5728\u9019\u88e1\u8cb7\u5230\u5594\uff01\nhttps://www.tainanjosh.co/\n\n\u52a0\u5165\u6211\u7684\u983b\u9053\u6703\u54e1\nhttps://reurl.cc/jnWGm\n\u6bcf\u500b\u670875\u5143\u5c0f\u984d\u8d0a\u52a9\u4f86\u5e6b\u52a9\u53f0\u5357Josh\u983b\u9053\u8b8a\u5f97\u66f4\u597d\n\n\u53f0\u5357Josh Line\u8cbc\u5716\u4e0a\u67b6\u56c9\nhttps://reurl.cc/8yy1aM\n\n\u5de5\u5546\u9080\u7d04\u8acb\u5bc4\u5230\u4ee5\u4e0b\u4fe1\u7bb1\ntainanjosh@capsuleinc.cc\n\n\u53f0\u5357Josh FB\u7c89\u7d72\u9801\nhttps://www.facebook.com/joshjawawa",
        "likeCount": "709",
        "commentCount": "45",
        "viewCount": "202177"
    },
    "comments": [
        {
            "reply_id": "UgzrbQ7-NDf8vB2956F4AaABAg",
            "reply_content": "\u4e2d\u8077\u5e74\u8f15\u7403\u54e1\u7a0b\u5ea6\u73fe\u5728\u4e0d\u5982\u65e5\u97d3\n\u4f46\u9084\u662f\u5e0c\u671b\u4ed6\u5011\u65e9\u65e5\u6210\u9577\u80fd\u8d95\u4e0a",
            "likeCount": 3
        },
        {
            "reply_id": "UgwoPQBCht_jSMgLK8t4AaABAg",
            "reply_content": "\u5289\u57fa\u9d3b\u53c8\u958b\u8f5f\u4e86",
            "likeCount": 0
        },
        {
            "reply_id": "UgxSm0l3bMeqm-_dmQN4AaABAg",
            "reply_content": "\u53f0\u7063\u90a3\u96bb\u72d7\u6211\u770b\u4e0d\u61c2\uff0c\u97d3\u570b\u90a3\u500b\u767d\u4eba\u5012\u8b93\u6211\u5750\u4e0a\u4e86\u85cd\u8272\u6642\u5149\u6a5f\u4e86",
            "likeCount": 0
        }
    ]
}