{
    "video_info": {
        "id": "BtpB7qPszqY",
        "channelTitle": "\u53f0\u5357Josh",
        "title": "\u5728\u53f0\u6771\u8ddf\u6eff\u6eff\u7684\u722a\u8ff7\u6b61\u6a02\u770b\u68d2\u7403\uff01\u665a\u4e0a\u7adf\u7136\u5728\u623f\u9593\u9047\u5230\u53ef\u6015\u751f\u7269\uff1f",
        "description": "\u900f\u904eShopBack\u4f86\u8a02\u623f\u6216\u8cfc\u7269\uff0c\u4e0d\u77e5\u4e0d\u89ba\u5c31\u80fd\u5b58\u4e0b\u4e0d\u5c11\u56de\u994b\u91d1\u5594\uff01\n\u73fe\u5728\u4f7f\u7528\u6211\u7684\u5c08\u5c6c\u9023\u7d50\u4f86\u8a3b\u518a\uff0c\u9084\u80fd\u5920\u5148\u8cfa\u5230$100\u734e\u52f5\u91d1\nhttps://app.shopback.com/IG5vlohwjEb\n\n\u53f0\u5357Josh\u7db2\u8def\u5546\u5e97 \u5404\u7a2e\u55e8\u55e8\u5546\u54c1\u90fd\u53ef\u4ee5\u5728\u9019\u88e1\u8cb7\u5230\u5594\uff01\nhttps://www.tainanjosh.co/\n\n\u6b61\u8fce\u52a0\u5165\u6211\u7684\u983b\u9053\u6703\u54e1\nhttps://reurl.cc/jnWGm\n\u6bcf\u500b\u670875\u5143\u5c0f\u984d\u8d0a\u52a9\u4f86\u5e6b\u52a9\u53f0\u5357Josh\u983b\u9053\u8b8a\u5f97\u66f4\u597d\n\n\u53f0\u5357Josh Line\u8cbc\u5716\u4e0a\u67b6\u56c9\nhttps://reurl.cc/8yy1aM\n\n#\u4e2d\u83ef\u8077\u68d2\n#CPBL\n#shopback \n\n\u5de5\u5546\u9080\u7d04\u8acb\u5bc4\u5230\u4ee5\u4e0b\u4fe1\u7bb1\ntainanjosh@capsuleinc.cc\n\n\u53f0\u5357Josh FB\u7c89\u7d72\u9801\nhttps://www.facebook.com/joshjawawa",
        "likeCount": "2005",
        "commentCount": "263",
        "viewCount": "86094"
    },
    "comments": [
        {
            "reply_id": "UgzUE3zQLZximxaBo3x4AaABAg",
            "reply_content": "\u4e00\u96bb\u5587\u7259\u53ef\u4ee5\u8b93\u55b5\u8ff7\u767c\u51fa\u5431\u5431\u7684\u53eb\u8072",
            "likeCount": 6
        },
        {
            "reply_id": "UgyL9zu21b2UulPTlm14AaABAg",
            "reply_content": "\u6700\u5f8c\u4e0d\u8aaa\u90fd\u6c92\u767c\u73fe\u70ba\u4ec0\u9ebc\u7ad9\u90a3\u9ebc\u9ad8\u8d85\u597d\u7b11",
            "likeCount": 2
        },
        {
            "reply_id": "UgxzFDLqqebRKR0nRld4AaABAg",
            "reply_content": "\u9858\u5c01\u4f60\u70ba\u8718\u86db\u6cd5\u5e2b",
            "likeCount": 1
        },
        {
            "reply_id": "UgxXZFixNcezTK1eYhp4AaABAg",
            "reply_content": "\u4ee5\u70ba\u95dc\u9580\u5f8c\u767c\u73fe\u9580\u4e0a\u9762\u6709\u66f4\u5927\u4e00\u96bb",
            "likeCount": 1
        },
        {
            "reply_id": "UgzNtb9AZGIaQbBy0Rl4AaABAg",
            "reply_content": "\u770b\u5230\u8718\u86db\u5c31\u8b8a\u7334\u5b50\u4e86",
            "likeCount": 0
        },
        {
            "reply_id": "UgwDIbIOrxq8uvXPQ854AaABAg",
            "reply_content": "\u7d50\u679c\u767c\u73fe\u662f\u5169\u96bb\u5c31\u597d\u73a9\u4e86",
            "likeCount": 0
        },
        {
            "reply_id": "UgxrFhLikFHnnaB2Tzx4AaABAg",
            "reply_content": "\u7121\u4e0b\u9650\u5492\u8853",
            "likeCount": 0
        },
        {
            "reply_id": "Ugyd_pzD2WCj0Ru-P3p4AaABAg",
            "reply_content": "\u597d\u7334\u5594",
            "likeCount": 0
        },
        {
            "reply_id": "Ugy-ITYvM01mnURhOhV4AaABAg",
            "reply_content": "\u4eca\u5e74\u6211\u53ea\u5269\u4e0b\u82b1\u84ee\u7403\u5834\u9084\u53bb",
            "likeCount": 0
        },
        {
            "reply_id": "UgwHwkOCSugcNLhlZdZ4AaABAg",
            "reply_content": "\u570b\u5e2b\u7684\u6280\u80fd\u539f\u4f86\u5305\u542b\u6cd5\u8853",
            "likeCount": 0
        },
        {
            "reply_id": "UgwVJnP8eIjzUHK9PMN4AaABAg",
            "reply_content": "\u570b\u5e2b\u518d\u6b21\u65bd\u6cd5",
            "likeCount": 0
        },
        {
            "reply_id": "UgwvIKaVH-7U8TyerZN4AaABAg",
            "reply_content": "\u96e3\u602a\u88ab\u5b8c\u5c01",
            "likeCount": 0
        },
        {
            "reply_id": "UgxBIzkMyF3_TUISYyd4AaABAg",
            "reply_content": "\u73fe\u5728\u7684\u722a\u722a\u5df2\u7d93\u6c92\u6709\u4ee5\u524d\u722a\u8ff7\u7684\u6bba\u6027\u4e86",
            "likeCount": 0
        },
        {
            "reply_id": "Ugwit4qLAxQU5pJ8dsJ4AaABAg",
            "reply_content": "\u5587\u7259\u4e0d\u662f\u56e0\u70ba\u88ab\u63a7\u5236\u800c\u662f\u91ce\u751f\u52d5\u7269\u6bd4\u4eba\u985e\u654f\u611f\u6bd4\u8f03\u9810\u5148\u77e5\u9053\u707d\u96e3\u50cf\u662f\u5730\u9707\u524d\u5146\u6df1\u6c34\u9b5a\u6703\u5192\u51fa\u4f86\u4e00\u6a23\uff0c\u76f8\u4fe1\u5587\u7259\u53ea\u662f\u767c\u63ee\u5929\u6027\u5148\u96e2\u958b\u707d\u5340\u7f77\u4e86\u3002",
            "likeCount": 0
        },
        {
            "reply_id": "Ugw2ITUVgsxKuAVOg9N4AaABAg",
            "reply_content": "\u9084\u597d\u6709\u8ddf\u570b\u5e2b\u62cd\u5230\u7167",
            "likeCount": 0
        },
        {
            "reply_id": "UgxJv7zVYx8a0OwvpxZ4AaABAg",
            "reply_content": "\u5bb3\u6015\u767c\u51fa\u7334\u5b50\u53eb\u8072",
            "likeCount": 0
        },
        {
            "reply_id": "UgzdEzZTpns8LVpPbDt4AaABAg",
            "reply_content": "\u8718\u86db\u90a3\u6bb5\u76f4\u63a5\u8fd4\u7956",
            "likeCount": 2
        },
        {
            "reply_id": "UgxvL2mPnGVerAwXmyF4AaABAg",
            "reply_content": "\u6307\u63ee\u8718\u86db\u90a3\u6bb5\u4e5f\u592a\u597d\u7b11",
            "likeCount": 1
        },
        {
            "reply_id": "UgxPteAZvmyvwvoTDj54AaABAg",
            "reply_content": "\u5c0d\u82b1\u6771\u4eba\u4f86\u8aaa\u90a3\u96bb\u5587\u7259\u9084\u7b97\u666e\u901a\u5927\u5c0f\n\u8981\u624b\u638c\u5927\u5c0f\u7684\u624d\u7b97\u5927",
            "likeCount": 1
        },
        {
            "reply_id": "Ugx0m9nUp1Ur0uaCcQ14AaABAg",
            "reply_content": "\u539f\u4f86\u9019\u662f\u4e00\u90e8\u8868\u6f14\u5deb\u8853\u7684\u5f71\u7247",
            "likeCount": 1
        }
    ]
}