{
    "video_info": {
        "id": "LNGCcI8k9Ro",
        "channelTitle": "\u53f0\u5357Josh",
        "title": "\u4e2d\u83ef\u8077\u68d2\u53f0\u7063\u5927\u8cfdG6 \u5473\u5168 vs \u6a02\u5929\u3010\u770b\u7403\u9592\u804a\u76f4\u64ad\u3011",
        "description": "\u53f0\u5357Josh\u7db2\u8def\u5546\u5e97 \u5404\u7a2e\u55e8\u55e8\u5546\u54c1\u90fd\u53ef\u4ee5\u5728\u9019\u88e1\u8cb7\u5230\u5594\uff01\nhttps://www.tainanjosh.co/\n\n\u52a0\u5165\u6211\u7684\u983b\u9053\u6703\u54e1\nhttps://reurl.cc/jnWGm\n\u6bcf\u500b\u670875\u5143\u5c0f\u984d\u8d0a\u52a9\u4f86\u5e6b\u52a9\u53f0\u5357Josh\u983b\u9053\u8b8a\u5f97\u66f4\u597d\n\n\u53f0\u5357Josh Line\u8cbc\u5716\u4e0a\u67b6\u56c9\nhttps://reurl.cc/8yy1aM\n\n\u5de5\u5546\u9080\u7d04\u8acb\u5bc4\u5230\u4ee5\u4e0b\u4fe1\u7bb1\ntainanjosh@capsuleinc.cc\n\n\u53f0\u5357Josh FB\u7c89\u7d72\u9801\nhttps://www.facebook.com/joshjawawa",
        "likeCount": "766",
        "commentCount": "47",
        "viewCount": "144315"
    },
    "comments": [
        {
            "reply_id": "UgzE8uIzJLYLsDk2GVJ4AaABAg",
            "reply_content": "\u5f90\u82e5\u7199\u901f\u7403\u771f\u7684\u6709\u5920\u72c2",
            "likeCount": 6
        },
        {
            "reply_id": "UgycEigwM2HI9-rFvrF4AaABAg",
            "reply_content": "\u5f90\u82e5\u7199\u53f0\u7063\u7684\u5de6\u5de6\u6728\u90ce\u7199",
            "likeCount": 4
        },
        {
            "reply_id": "UgyOPV-borlPXdDSIlR4AaABAg",
            "reply_content": "\u6c92\u5144\u5f1f\u5c31\u662f\u723d",
            "likeCount": 2
        },
        {
            "reply_id": "UgzYS2ck8avcEMrUrW94AaABAg",
            "reply_content": "\u611f\u89ba\u6a02\u5929\u4e0a\u4e00\u5834\u5982\u679c\u6253\u64ca\u7206\u767c\uff0c\u4e0b\u4e00\u5834\u6253\u64ca\u5c31\u6703\u5f88\u721b",
            "likeCount": 1
        },
        {
            "reply_id": "UgzcRC2wn87zBDNG8pl4AaABAg",
            "reply_content": "\u660e\u5929\u662f\u6a02\u5929",
            "likeCount": 1
        },
        {
            "reply_id": "UgysKhq6Kc8rXAtM9XB4AaABAg",
            "reply_content": "\u660e\u5929\u9053\u535a\u683c\u5148\u767c",
            "likeCount": 1
        }
    ]
}