{
    "video_info": {
        "id": "MnG01EVW7Uw",
        "channelTitle": "\u53f0\u5357Josh",
        "title": "\u677f\u51f3\u6e05\u7a7a\uff01\u53f0\u7063\u5927\u8cfd\u51fa\u73fe\u5927\u5834\u9762\u4e86\uff01\u3010\u76f4\u64ad\u7cbe\u83ef\u3011",
        "description": "\u53f0\u5357Josh\u7db2\u8def\u5546\u5e97 \u5404\u7a2e\u55e8\u55e8\u5546\u54c1\u90fd\u53ef\u4ee5\u5728\u9019\u88e1\u8cb7\u5230\u5594\uff01\nhttps://www.tainanjosh.co/\n\n\u6b61\u8fce\u52a0\u5165\u6211\u7684\u983b\u9053\u6703\u54e1\nhttps://reurl.cc/jnWGm\n\u6bcf\u500b\u670875\u5143\u5c0f\u984d\u8d0a\u52a9\u4f86\u5e6b\u52a9\u53f0\u5357Josh\u983b\u9053\u8b8a\u5f97\u66f4\u597d\n\n\u53f0\u5357Josh Line\u8cbc\u5716\u4e0a\u67b6\u56c9\nhttps://reurl.cc/8yy1aM\n\n#\u4e2d\u83ef\u8077\u68d2\n#\u5e03\u91cc\u608d\n#\u6797\u5b50\u5049\n\n\u5de5\u5546\u9080\u7d04\u8acb\u5bc4\u5230\u4ee5\u4e0b\u4fe1\u7bb1\ntainanjosh@capsuleinc.cc\n\n\u53f0\u5357Josh FB\u7c89\u7d72\u9801\nhttps://www.facebook.com/joshjawawa",
        "likeCount": "1757",
        "commentCount": "208",
        "viewCount": "113602"
    },
    "comments": [
        {
            "reply_id": "UgwnT2gvox1RJoBlnsF4AaABAg",
            "reply_content": "\u9f8d\u738b\u4e00\u4e0a\u5c31\u77e5\u9053\u6a02\u5929\u9019\u5834\u7a69\u4e86",
            "likeCount": 8
        },
        {
            "reply_id": "Ugxg8FblCjIx7L-FpIl4AaABAg",
            "reply_content": "\u662f\u4e0d\u662f\u6240\u6709\u7684\u4eba\u90fd\u770b\u597d\u5473\u5168\u6211\u662f\u4e0d\u77e5\u9053\u5566\uff0c\u4f46\u662f\u570b\u5e2b\u770b\u597d\u5473\u5168\u662f\u624e\u624e\u5be6\u5be6\u9810\u544a\u4e86\u672c\u5834\u6bd4\u8cfd\u7684\u7d50\u679c\u3002",
            "likeCount": 2
        },
        {
            "reply_id": "Ugw0npZoJYISPbl0OJR4AaABAg",
            "reply_content": "\u6797\u667a\u5e73\u7684\u796d\u54c1\u4e4b\u529b\u592a\u6709\u6599\u5566",
            "likeCount": 2
        },
        {
            "reply_id": "UgzOCn7d-bpd7AEQVPt4AaABAg",
            "reply_content": "\u667a\u5e73\u9001\u982d\u6230\u8853\u6709\u6599",
            "likeCount": 2
        },
        {
            "reply_id": "Ugy6CiXawYlVzQr7WnV4AaABAg",
            "reply_content": "\u81f3\u5c11\u5b50\u5049\u7684\u767e\u842c\u50f9\u503c\u5c0d\u6e38\u64ca\u9632\u5340\u6709\u5e6b\u52a9\uff01\u9f8d\u738b\u5c31\u4e0d\u77e5\u9053\u4e86",
            "likeCount": 2
        },
        {
            "reply_id": "UgwAqfjDr6OSWoFAKRN4AaABAg",
            "reply_content": "\u7a81\u7834\u50f5\u5c40\u9084\u662f\u5f97\u9f8d\u738b\u51fa\u4f86",
            "likeCount": 2
        },
        {
            "reply_id": "UgzsbYmoTqsNJD4acD94AaABAg",
            "reply_content": "\u6797\u5b50\u5049\u6c34\u8ca8\u72c0\u5143",
            "likeCount": 1
        },
        {
            "reply_id": "UgyRW2URz_L1kCvZevd4AaABAg",
            "reply_content": "\u9f8d\u738b\u7a81\u7834\u96d9\u7334",
            "likeCount": 1
        },
        {
            "reply_id": "UgwavIokWibg8E2zHkx4AaABAg",
            "reply_content": "\u8cf4\u9d3b\u57ce\u597d\u50cf\u58fa\u74dc",
            "likeCount": 0
        },
        {
            "reply_id": "UgxB05DDQFEggU0OTLF4AaABAg",
            "reply_content": "\u770b\u5230\u5c0f\u5e2b\u5144\u9001\u982d\u5c31\u5927\u6982\u731c\u5230\u6a02\u5929\u6703\u8d0f\u4e86\uff0c\u6797\u796d\u5e73",
            "likeCount": 0
        },
        {
            "reply_id": "UgxEdWvil_1MW9-mmsx4AaABAg",
            "reply_content": "\u5169\u767e\u842c\u597d\u721b",
            "likeCount": 0
        },
        {
            "reply_id": "Ugx1vcdzSOS4i1aAXUR4AaABAg",
            "reply_content": "\u4e2d\u70ba\u5730\u7403\u90fd\u88ab\u6253\u7206\u4e86\u4e0d\u80fd\u6295",
            "likeCount": 0
        },
        {
            "reply_id": "Ugzf4Si73Qup3ym_iKp4AaABAg",
            "reply_content": "\u8cf4\u9d3b\u8aa0\u51fa\u4f86\u554f\u6709\u6c92\u6709\u4eba\u5b63\u672b\u8981\u52a0\u76df\u8cf4\u5e2b\u5085\u8584\u7c89\u96de\u6392",
            "likeCount": 0
        },
        {
            "reply_id": "UgyCQrSmlm5HIHQJATB4AaABAg",
            "reply_content": "\u4e3b\u59d4\u7684\u7b2c\u4e00\u5e74\u771f\u7684\u7cdf\u7cd5\n\u53ea\u80fd\u5c55\u671b\u660e\u5e74\u7403\u5b63\u4e86",
            "likeCount": 0
        },
        {
            "reply_id": "Ugxf_K1lPv98J68Owzx4AaABAg",
            "reply_content": "\u5509",
            "likeCount": 0
        },
        {
            "reply_id": "Ugy3_X9-e4qEyBdJ3vB4AaABAg",
            "reply_content": "\u8b1d\u8b1d\u570b\u5e2b",
            "likeCount": 0
        },
        {
            "reply_id": "UgxYM09P2ek-gZS764d4AaABAg",
            "reply_content": "\u96d9\u7334\u771f\u7684\u8d85\u597d\u7b11\u6709\u5920\u9760\u5317",
            "likeCount": 0
        },
        {
            "reply_id": "UgxM5bJvkO-pHe2Sict4AaABAg",
            "reply_content": "\u8af8\u845b\u8cc8\u8a31",
            "likeCount": 0
        },
        {
            "reply_id": "Ugz0GTLg1hYFAxBt_NF4AaABAg",
            "reply_content": "\u600e\u9ebc\u770b\u8d77\u4f86\u50cf\u83dc\u96de\u4e92\u5544\u554a",
            "likeCount": 0
        },
        {
            "reply_id": "Ugy3v6ZiZQHvgRqRJGB4AaABAg",
            "reply_content": "\u672c\u65e5\u4eae\u9ede\u767e\u842c\u5c0d\u6c7a",
            "likeCount": 0
        }
    ]
}