{
    "video_info": {
        "id": "NkDiYChXHsU",
        "channelTitle": "\u53f0\u5357Josh",
        "title": "\u65e5\u672c\u968a\u5b8c\u7f8e\u7684\u6230\u8853\u57f7\u884c\u529b\uff014\u9846\u7403\u9006\u8f49\u97d3\u570b\u596a\u51a0\uff01\u3010\u76f4\u64ad\u7cbe\u83ef\u3011",
        "description": "\u53f0\u5357Josh\u7db2\u8def\u5546\u5e97 \u5404\u7a2e\u55e8\u55e8\u5546\u54c1\u90fd\u53ef\u4ee5\u5728\u9019\u88e1\u8cb7\u5230\u5594\uff01\nhttps://www.tainanjosh.co/\n\n\u6b61\u8fce\u52a0\u5165\u6211\u7684\u983b\u9053\u6703\u54e1\nhttps://reurl.cc/jnWGm\n\u6bcf\u500b\u670875\u5143\u5c0f\u984d\u8d0a\u52a9\u4f86\u5e6b\u52a9\u53f0\u5357Josh\u983b\u9053\u8b8a\u5f97\u66f4\u597d\n\n\u53f0\u5357Josh Line\u8cbc\u5716\u4e0a\u67b6\u56c9\nhttps://reurl.cc/8yy1aM\n\n#\u4e9e\u51a0\u8cfd\n#\u65e5\u672c\u968a\n#\u97d3\u570b\u968a\n\n\u5de5\u5546\u9080\u7d04\u8acb\u5bc4\u5230\u4ee5\u4e0b\u4fe1\u7bb1\ntainanjosh@capsuleinc.cc\n\n\u53f0\u5357Josh FB\u7c89\u7d72\u9801\nhttps://www.facebook.com/joshjawawa",
        "likeCount": "1795",
        "commentCount": "219",
        "viewCount": "122186"
    },
    "comments": [
        {
            "reply_id": "UgxMP-fA0E_LVeCQMKN4AaABAg",
            "reply_content": "\u9019\u7a2e\u60c5\u6cc1\u4e2d\u83ef\u968a\u5c31\u662f\u6e96\u5099\u934b\u8cbc\u4e86 \u9019\u5c31\u662f\u5929\u8207\u5730\u7684\u5dee\u5225",
            "likeCount": 22
        },
        {
            "reply_id": "UgypQ44Jqq8yQGyGheV4AaABAg",
            "reply_content": "\u600e\u9ebc\u6709\u8fa6\u6cd5\u9ede\u51fa\u9ad8\u5f48\u8df3\u77ed\u6253",
            "likeCount": 10
        },
        {
            "reply_id": "UgwXBKTbRiUm5wJyul54AaABAg",
            "reply_content": "\u65e5\u97d3\u5927\u6230\u7684\u540c\u6642\uff0c\u53e6\u4e00\u908a\u90f5\u5dee\u4e5f\u5728\u8ddf\u4e3b\u7ba1\u5927\u6230",
            "likeCount": 8
        },
        {
            "reply_id": "UgxKm0cgArAj5lzvWs94AaABAg",
            "reply_content": "\u770b\u5230\u90a3\u500b\u77ed\u6253\u7a81\u7136\u89ba\u5f97\u7576\u6642\u76ca\u5168\u90a3\u500b\u6253\u5e2d\u6211\u8001\u7238\u8aaa\u63db\u77ed\u6253\u662f\u6b63\u78ba\u7684\n\u7576\u6642\u6211\u4e5f\u53cd\u99c1\u5c0d\u65b9\u90fd\u77e5\u9053\u8981\u77ed\u6253\u4e86\u6703\u767d\u75f4\u5230\u4e0d\u8da8\u524d\u55ce\uff1f\u4ed6\u5c31\u8aaa\u90a3\u5c31\u662f\u4e2d\u8077\u7684\u6230\u8853\u57f7\u884c\u529b\u771f\u7684\u4e0d\u8db3\n\u4e8b\u5be6\u8b49\u660e\u4ed6\u662f\u5c0d\u7684\uff0c\u5c0d\u65b9\u8da8\u524d\u6293\u90a3\u5c31\u9ede\u500b\u9ad8\u5f48\u8df3\uff0c\u5c31\u662f\u8b93\u4f60\u660e\u77e5\u9053\u504f\u53c8\u9632\u4e0d\u4f4f",
            "likeCount": 6
        },
        {
            "reply_id": "UgwV7U4O8RYhZyPHP-d4AaABAg",
            "reply_content": "\u9084\u4ee5\u70ba\u65e5\u672c\u4eca\u5929\u6703\u7a69\u7a69\u8d0f\u97d3\u570b\uff0c\u60f3\u4e0d\u5230\u6574\u5834\u6253\u5f97\u9019\u9ebc\u7dca\u5f35",
            "likeCount": 6
        },
        {
            "reply_id": "UgwWDSRu9qS8_HjlcWx4AaABAg",
            "reply_content": "\u9019\u5c31\u662f\u6211\u5011\u8ddf\u65e5\u672c\u7684\u5dee\u8ddd",
            "likeCount": 2
        },
        {
            "reply_id": "Ugw-3PV-0-VN_CM6OBZ4AaABAg",
            "reply_content": "\u65e5\u672c\u968a\u672c\u4f86\u5c31\u8d85\u5f37\n\u660e\u661f\u968a\u7d44\u8d77\u4f86\u7f8e\u570b\u968a\u4e5f\u6253\u4e0d\u592a\u8d0f",
            "likeCount": 2
        },
        {
            "reply_id": "Ugylq1y0JsvXOPuOzeh4AaABAg",
            "reply_content": "\u6700\u597d\u7b11\u7684\u662f\u97d3\u570b\u8f38\u7403\u9084\u5728\u602a\u597d\u7403\u5e36\ud83d\ude02\u600e\u9ebc\u5c31\u4e0d\u8aaa\u6eff\u58d8\u53ea\u6253\u4e00\u5206",
            "likeCount": 1
        },
        {
            "reply_id": "UgxN0h-vrlKQDlaUxJ94AaABAg",
            "reply_content": "\u6211\u60f3\u65e5\u672c\u88e1\u9762\u6709\u4e00\u500b\u4eba\u5f9e\u524d\u5230\u73fe\u5728\u90fd\u5728\u7df4\u7fd2\u77ed\u6253\ud83d\ude05",
            "likeCount": 1
        },
        {
            "reply_id": "Ugzb7AUNt2frMwl9yYx4AaABAg",
            "reply_content": "\u89ba\u5f97\u7b2c\u4e8c\u500b\u6eff\u58d8\u6253\u5e2d\u5b88\u5099\u5982\u679c\u4e94\u5167\u91ce\u6709\u6c92\u6709\u6599\u554a",
            "likeCount": 1
        },
        {
            "reply_id": "UgyG3QSjCbpe2HiwHmR4AaABAg",
            "reply_content": "\u65e5\u672c\u771f\u7684\u5f37 \u53f0\u7063\u9084\u8981\u5e7e\u5e74\u9084\u80fd\u9054\u5230\u9019\u500b\u76ee\u6a19",
            "likeCount": 1
        },
        {
            "reply_id": "Ugy08UnFgWuHHMVVxtl4AaABAg",
            "reply_content": "\u61c9\u8a72\u662f\u65e5\u672c\u7403\u54e1\u5728\u9019\u9ebc\u591a\u7403\u54e1\u7af6\u722d\u4e0b\u4e0d\u8b93\u81ea\u5df1\u6210\u9577\u5c31\u53ef\u80fd\u7121\u6cd5\u5728\u65e5\u8077\u751f\u5b58\u3001\u76f8\u5c0d\u5df2\u7d93\u4fdd\u6301\u8457\u9019\u6a23\u7684\u6297\u58d3\u6027\u4e86\u3001\u50cf\u53f0\u7063\u518d\u721b\u7684\u7403\u54e1\u9084\u53ef\u4ee5\u7e7c\u7e8c\u5f85\u5728\u4e8c\u8ecd\u3001\u5c31\u8b49\u660e\u53f0\u7063\u68d2\u7403\u6297\u58d3\u5f37\u5ea6\u6c92\u6709\u65e5\u672c\u9019\u9ebc\u9ad8\u3001\u9047\u5230\u9ad8\u5f35\u529b\u7684\u6bd4\u8cfd\u4e0d\u7ba1\u5931\u8aa4\u6216\u6230\u8853\u5931\u6557\u7387\u5c31\u9ad8\u5f88\u591a",
            "likeCount": 1
        },
        {
            "reply_id": "Ugx0KINUGYITubEpg454AaABAg",
            "reply_content": "\u524d\u59bb\u90a3\u90e8\u9084\u771f\u7684\u5f8c\u522a\u4e86",
            "likeCount": 1
        },
        {
            "reply_id": "UgyDSdxMp72W03_L4s54AaABAg",
            "reply_content": "\u6050\u6016\u7684\u7403\u68d2\u63a7\u5236\u529b",
            "likeCount": 0
        },
        {
            "reply_id": "Ugw0H0v5W-CNSge9olZ4AaABAg",
            "reply_content": "\u4e2d\u83ef\u968a\u7684\u5287\u672c\u5927\u6982\u662f\u7b2c\u4e00\u4f4d\u77ed\u6253\u754c\u5916\u51fa\u5c40\uff0c\u4e8c\u4e09\u68d2\u4e09\u632f",
            "likeCount": 0
        },
        {
            "reply_id": "UgyEpIuZmKniG9UyQad4AaABAg",
            "reply_content": "\u6709\u770b\u65e5\u8077\u5c31\u77e5\u9053\u9019\u500b\u5f88\u65e5\u68d2",
            "likeCount": 0
        },
        {
            "reply_id": "UgzdGOF2qW64hjCaR-h4AaABAg",
            "reply_content": "\u65e5\u672c\u5c0d\u65bc\u5f97\u9ede\u5708\u7684\u5206\u6578\u90fd\u80fd\u6beb\u4e0d\u5ba2\u6c23\u7684\u62ff\u4e0b",
            "likeCount": 0
        },
        {
            "reply_id": "Ugw6NNi95apwv1V2uAB4AaABAg",
            "reply_content": "\u81fa\u7063\u61c9\u8a72\u4e0d\u6703\u6709\u9019\u7a2e\u5c40\u9762",
            "likeCount": 0
        },
        {
            "reply_id": "UgzflcSX4MGYzExsgXZ4AaABAg",
            "reply_content": "\u6a19\u6e96\u6230\u8853\u6559\u79d1\u66f8",
            "likeCount": 0
        },
        {
            "reply_id": "UgzplqpJ27vARMupZ9J4AaABAg",
            "reply_content": "\u771f\u7684\u5c31\u662f\u57fa\u672c\u529f\u554a",
            "likeCount": 0
        }
    ]
}