{
    "video_info": {
        "id": "NM2Dm9AwczY",
        "channelTitle": "\u53f0\u5357Josh",
        "title": "\u3010\u5927\u806f\u76df\u7403\u5834\u4e4b\u65c5EP.11\u3011\u525b\u5750\u4e0b\u5c31\u770b\u8457\u7d05\u4eba\u968a\u88ab\u6253\u7206\uff01\u7403\u8ff7\u628a\u8173\u8e29\u5230\u524d\u9762\u7684\u5ea7\u4f4d\u662f\u7f8e\u570b\u7684\u65e5\u5e38\u55ce\uff1f",
        "description": "\u53f0\u5357Josh\u7db2\u8def\u5546\u5e97 \u5404\u7a2e\u55e8\u55e8\u5546\u54c1\u90fd\u53ef\u4ee5\u5728\u9019\u88e1\u8cb7\u5230\u5594\uff01\nhttps://www.tainanjosh.co/\n\n\u6b61\u8fce\u52a0\u5165\u6211\u7684\u983b\u9053\u6703\u54e1\nhttps://reurl.cc/jnWGm\n\u6bcf\u500b\u670875\u5143\u5c0f\u984d\u8d0a\u52a9\u4f86\u5e6b\u52a9\u53f0\u5357Josh\u983b\u9053\u8b8a\u5f97\u66f4\u597d\n\n\u53f0\u5357Josh Line\u8cbc\u5716\u4e0a\u67b6\u56c9\nhttps://reurl.cc/8yy1aM\n\n#MLB\n#\u8f9b\u8f9b\u90a3\u63d0\u7d05\u4eba\n#\u5927\u806f\u76df\n\n\u5de5\u5546\u9080\u7d04\u8acb\u5bc4\u5230\u4ee5\u4e0b\u4fe1\u7bb1\ntainanjosh@capsuleinc.cc\n\n\u53f0\u5357Josh FB\u7c89\u7d72\u9801\nhttps://www.facebook.com/joshjawawa",
        "likeCount": "1786",
        "commentCount": "153",
        "viewCount": "76185"
    },
    "comments": [
        {
            "reply_id": "UgwfLKd-OW-Ml_ZpwuJ4AaABAg",
            "reply_content": "\u6771\u65b9\u795e\u79d8\u529b\u91cf\u964d\u81e8",
            "likeCount": 2
        },
        {
            "reply_id": "UgwgbsMCwHEllJk4EEh4AaABAg",
            "reply_content": "\u7d05\u4eba\u548c\u6d77\u76dc\u7684\u7403\u5834\u65c1\u908a\u90fd\u662f\u4fc4\u4ea5\u4fc4\u6cb3",
            "likeCount": 1
        },
        {
            "reply_id": "UgwcWsOklKidJxjIQ894AaABAg",
            "reply_content": "\u60f3\u554f\u70ba\u4ec0\u9ebc\u7403\u8cfd\u9032\u884c\u7684\u6642\u5019\u5167\u91ce\u8981\u6253\u99ac\u8cfd\u514b\ud83d\ude02",
            "likeCount": 1
        },
        {
            "reply_id": "UgzcB1nJMT8hSdjid954AaABAg",
            "reply_content": "\u4f86\u81ea\u53f0\u7063\u7684\u795e\u79d8\u529b\u91cf\u767c\u5a01",
            "likeCount": 1
        },
        {
            "reply_id": "Ugy-EJJmp6oDJaSr-6h4AaABAg",
            "reply_content": "\u7f8e\u570b\u4e2d\u90e8\u548c\u5357\u90e8\u9664\u975e\u662f\u5927\u57ce\u5e02\uff0c\u9069\u5408\u5927\u591a\u4e9e\u6d32\u79fb\u6c11\u7684\u5de5\u4f5c\u6a5f\u6703\u4e5f\u6bd4\u8f03\u5c11\uff0c\u4e3b\u8981\u9084\u662f\u6703\u96c6\u4e2d\u6771\u897f\u5cb8\u5566",
            "likeCount": 1
        },
        {
            "reply_id": "UgyvpB97YeycLwAUbz14AaABAg",
            "reply_content": "\u770b\u5de6\u908a\u59b9\u5b50\u90a3\u817f\u653e\u5230\u6211\u81c9\u4e0a\u4e5f\u6c92\u95dc\u4fc2",
            "likeCount": 1
        },
        {
            "reply_id": "UgzIPK2_kjy0_ZyEEsZ4AaABAg",
            "reply_content": "\u9019\u7cfb\u5217\u6703\u5148\u7d50\u675f\u9084\u662f\u5bcc\u90a6\u5148\u51a0\u8ecd",
            "likeCount": 0
        },
        {
            "reply_id": "UgzoLrp7h2ghjHVSBBB4AaABAg",
            "reply_content": "\u90a3\u500b\u817f\u4e5f\u4e0d\u932f",
            "likeCount": 0
        },
        {
            "reply_id": "UgzvysVVNLPQDhk24fB4AaABAg",
            "reply_content": "\u6211\u5728\u53f0\u5357\u7403\u5834\u4e5f\u6703\u628a\u8173\u653e\u4e0a\u53bb\u524d\u9762\u7684\u6905\u80cc",
            "likeCount": 0
        },
        {
            "reply_id": "UgzAju4YKUmngSo5CFl4AaABAg",
            "reply_content": "\u7f8e\u570b\u570b\u6c11\u9084\u4e0d\u6e05\u695a\u5230\u5e95\u767c\u751f\u4e86\u4ec0\u9ebc",
            "likeCount": 0
        },
        {
            "reply_id": "UgypuULH166b40vDhvR4AaABAg",
            "reply_content": "\u70ba\u4ec0\u9ebc\u7403\u5834\u4e0a\u8981\u99ac\u8cfd\u514b",
            "likeCount": 0
        },
        {
            "reply_id": "UgxsiNCakWVSmsWjgPB4AaABAg",
            "reply_content": "\u6211\u5728\u53f0\u5357\u68d2\u7403\u5834\u770b\u7403\u4e5f\u6703\u628a\u8173\u653e\u5728\u524d\u9762\u7684\u6905\u5b50\u4e0a",
            "likeCount": 0
        },
        {
            "reply_id": "UgxZbnRb5xs1Ytdf4wl4AaABAg",
            "reply_content": "\u5929\u6bcd\u7684\u7d93\u6fdf\u5e2d\u4e5f\u4e00\u5806\u4eba\u628a\u8173\u8e29\u5230\u524d\u9762\u963f",
            "likeCount": 0
        },
        {
            "reply_id": "UgyN3cauLU61aK2Y1pB4AaABAg",
            "reply_content": "\u6c92\u60f3\u5230\u5927\u7f8e\u570b\u7403\u5834\u9019\u9ebc\u6f02\u4eae",
            "likeCount": 0
        },
        {
            "reply_id": "UgwFR-k1bYBXE2q0ymt4AaABAg",
            "reply_content": "\u671f\u5f85\u6d77\u76dc",
            "likeCount": 0
        },
        {
            "reply_id": "Ugz3sBJzATgbmoXn1MF4AaABAg",
            "reply_content": "\u6700\u611b\u7684\u7403\u5834\u7279\u8f2f",
            "likeCount": 2
        },
        {
            "reply_id": "UgycGqy9kEyYhwnsJo54AaABAg",
            "reply_content": "\u7b2c\u4e09",
            "likeCount": 1
        },
        {
            "reply_id": "UgyTKuJj72UM1bntdjh4AaABAg",
            "reply_content": "\u7b2c\u4e00\u6392",
            "likeCount": 0
        },
        {
            "reply_id": "UgwAkDE1aiVo5UEKriF4AaABAg",
            "reply_content": "\u7b2c\u4e00",
            "likeCount": 0
        }
    ]
}