{
    "video_info": {
        "id": "QW-tZaSXxcM",
        "channelTitle": "\u53f0\u5357Josh",
        "title": "\u6578\u5b78\u64ca\u6557\u6c92\u6599\u7384\u5b78\uff1f\u6709\u6599YT\u4ed4\u65e9\u5c31\u77e5\u9053\u90ed\u5929\u4fe1\u4e00\u5b9a\u6703\u5b89\u6253\uff01\u3010\u76f4\u64ad\u7cbe\u83ef\u3011",
        "description": "\u53f0\u5357Josh\u7db2\u8def\u5546\u5e97 \u5404\u7a2e\u55e8\u55e8\u5546\u54c1\u90fd\u53ef\u4ee5\u5728\u9019\u88e1\u8cb7\u5230\u5594\uff01\nhttps://www.tainanjosh.co/\n\n\u6b61\u8fce\u52a0\u5165\u6211\u7684\u983b\u9053\u6703\u54e1\nhttps://reurl.cc/jnWGm\n\u6bcf\u500b\u670875\u5143\u5c0f\u984d\u8d0a\u52a9\u4f86\u5e6b\u52a9\u53f0\u5357Josh\u983b\u9053\u8b8a\u5f97\u66f4\u597d\n\n\u53f0\u5357Josh Line\u8cbc\u5716\u4e0a\u67b6\u56c9\nhttps://reurl.cc/8yy1aM\n\n#\u4e2d\u83ef\u8077\u68d2\n#\u53f0\u7063\u5927\u8cfd\n#\u90ed\u5929\u4fe1\n\n\u5de5\u5546\u9080\u7d04\u8acb\u5bc4\u5230\u4ee5\u4e0b\u4fe1\u7bb1\ntainanjosh@capsuleinc.cc\n\n\u53f0\u5357Josh FB\u7c89\u7d72\u9801\nhttps://www.facebook.com/joshjawawa",
        "likeCount": "2210",
        "commentCount": "141",
        "viewCount": "84165"
    },
    "comments": [
        {
            "reply_id": "UgxdZp0NMQPXvs1IVx54AaABAg",
            "reply_content": "\u9019\u500b\u9ad4\u80b2\u8001\u5e2b\u6559\u7684\u592a\u597d\u4e86\u5427 \u59a5\u59a5\u7684\u88dc\u6559\u540d\u5e2b\u7b49\u7d1a\u554a",
            "likeCount": 87
        },
        {
            "reply_id": "UgxpwpAJqpBuF6lNTnR4AaABAg",
            "reply_content": "\u9ad4\u80b2\u8001\u5e2b\u6559\u6578\u5b78\u6559\u5f97\u5f88\u597d\u8036",
            "likeCount": 23
        },
        {
            "reply_id": "Ugy9lNSr3ft89G0xdt54AaABAg",
            "reply_content": "\u8981\u8b93\u5c0f\u5b69\u5b78\u7384\u5b78\u5c31\u662f\u9996\u63a8\u67b6\u8a31",
            "likeCount": 1
        },
        {
            "reply_id": "Ugygz9OemJVoskKRmwZ4AaABAg",
            "reply_content": "\u4ee5\u5f8c\u6211\u4e5f\u8981\u8b93\u5c0f\u5b69\u770b\u9019\u7a2e\u6709\u6599\u983b\u9053\uff0c\u4fdd\u8b49\u6578\u5b78\u6bcf\u6b21\u90fd\u8003\u4e00\u767e\u5206",
            "likeCount": 1
        },
        {
            "reply_id": "Ugwvr8j2m7Li5ifmWDh4AaABAg",
            "reply_content": "\u8d85\u6709\u6599",
            "likeCount": 0
        },
        {
            "reply_id": "Ugwxj0pcruA4UZY5Dtx4AaABAg",
            "reply_content": "\u5657\u62c9",
            "likeCount": 0
        },
        {
            "reply_id": "Ugwv0JmmQGLexd-7m3p4AaABAg",
            "reply_content": "\u7b11\u6b7b",
            "likeCount": 0
        },
        {
            "reply_id": "Ugy1D1mrrr3Oar8HDg14AaABAg",
            "reply_content": "\u9ad4\u80b2\u8001\u5e2b\u771f\u6709\u6599",
            "likeCount": 0
        },
        {
            "reply_id": "Ugx1k9UML6McmrxYn-h4AaABAg",
            "reply_content": "\u8d85\u611b\u76f4\u64ad\u7cbe\u83ef\u54c8\u54c8\u54c8\u54c8",
            "likeCount": 0
        },
        {
            "reply_id": "UgwnTzwh98w2GSdRwkx4AaABAg",
            "reply_content": "\u70ba\u4ec0\u9ebc\u4e0d\u505a\u8cfd\u5f8c\u56de\u9867",
            "likeCount": 0
        },
        {
            "reply_id": "Ugw11HFd_zUF32Mjq2d4AaABAg",
            "reply_content": "\u9ad4\u80b2\u8001\u5e2b\u6709\u6599",
            "likeCount": 0
        },
        {
            "reply_id": "UgxPmTeSShXz0ONpKw54AaABAg",
            "reply_content": "\u7db2\u53cb\u6709\u6599",
            "likeCount": 0
        },
        {
            "reply_id": "UgxWKKr-LAlr2pwZi2h4AaABAg",
            "reply_content": "\u5c31\u662f\u559c\u6b61\u90a3\u9ebc\u9b27",
            "likeCount": 0
        },
        {
            "reply_id": "UgyJd7H_hn0aUU0VIiN4AaABAg",
            "reply_content": "\u9019\u53ea\u662f\u5de7\u5408\u7384\u5b78\u6c92\u767c\u751f\u800c\u5df2",
            "likeCount": 0
        },
        {
            "reply_id": "Ugzb8X8zXg-_9gCpGF14AaABAg",
            "reply_content": "\u9019\u7b97\u689d\u4ef6\u6a5f\u7387\u5427",
            "likeCount": 0
        },
        {
            "reply_id": "UgwaYPF3NqrQgWLGC_J4AaABAg",
            "reply_content": "\u90ed\u5929\u4fe1\u660e\u5929\u8981\u4e0d\u8981\u767c\u6296",
            "likeCount": 0
        },
        {
            "reply_id": "Ugxy-eg5VY0hJsGcPFV4AaABAg",
            "reply_content": "\u5473\u5168\u628a\u5f35\u653f\u79b9\u8ddf\u8523\u5c11\u5b8f\u653e\u5728\u5f8c\u6bb5\u68d2\u6b21\u5f88\u5a01",
            "likeCount": 0
        },
        {
            "reply_id": "UgzF1nVTGf3RDBPwqvN4AaABAg",
            "reply_content": "\u679c\u7136\u6c92\u6599",
            "likeCount": 0
        },
        {
            "reply_id": "UgxkZOYJkcY0bjPxBNZ4AaABAg",
            "reply_content": "\u6211\u5011\u5148\u8a0e\u8ad6\u6709\u6c92\u6709\u7b2c\u4e03\u6230\u5982\u4f55",
            "likeCount": 10
        },
        {
            "reply_id": "UgyFZmUbOkB2FuLdSFx4AaABAg",
            "reply_content": "\u597d\u5566\u597d\u5566\u6211\u670d\u4e86\uff01\u6211\u793e\u6703\u7d44\u7684\u4fe1\u4e86\u570b\u5e2b\u5b78\u7684\u6a5f\u7387",
            "likeCount": 1
        }
    ]
}