{
    "video_info": {
        "id": "XDCX4S_42-k",
        "channelTitle": "\u53f0\u5357Josh",
        "title": "\u53f0\u92fc\u64f4\u7de8\u9078\u79c0\u6703\u9078\u8ab0\uff1f\u6797\u6cd3\u80b2\u8ddf\u738b\u7dad\u4e2d\u6703\u5728\u4fdd\u8b77\u540d\u55ae\u88e1\u55ce\uff1f",
        "description": "NordVPN\u5c08\u5c6c\u9023\u7d50\uff1ahttps://nordvpn.com/tainanjosh\n\u512a\u60e0\u78bc\uff1atainanjosh\n\u900f\u904e\u5c08\u5c6c\u9023\u7d50\u7372\u5f97\u7368\u5bb6\u512a\u60e0\u65b9\u6848\uff0c\u52a0\u8d084\u500b\u6708\u597d\u79ae\n\u9084\u670930\u5929\u5167\u9000\u6b3e\u4fdd\u8b49\uff0c\u5b8c\u5168\u96f6\u98a8\u96aa\uff01\n\n\u53f0\u5357Josh\u7db2\u8def\u5546\u5e97 \u5404\u7a2e\u55e8\u55e8\u5546\u54c1\u90fd\u53ef\u4ee5\u5728\u9019\u88e1\u8cb7\u5230\u5594\uff01\nhttps://www.tainanjosh.co/\n\n\u6b61\u8fce\u52a0\u5165\u6211\u7684\u983b\u9053\u6703\u54e1\nhttps://reurl.cc/jnWGm\n\u6bcf\u500b\u670875\u5143\u5c0f\u984d\u8d0a\u52a9\u4f86\u5e6b\u52a9\u53f0\u5357Josh\u983b\u9053\u8b8a\u5f97\u66f4\u597d\n\n\u53f0\u5357Josh Line\u8cbc\u5716\u4e0a\u67b6\u56c9\nhttps://reurl.cc/8yy1aM\n\n#\u4e2d\u83ef\u8077\u68d2\n#CPBL\n#NordVPN\n\n\u5de5\u5546\u9080\u7d04\u8acb\u5bc4\u5230\u4ee5\u4e0b\u4fe1\u7bb1\ntainanjosh@capsuleinc.cc\n\n\u53f0\u5357Josh FB\u7c89\u7d72\u9801\nhttps://www.facebook.com/joshjawawa",
        "likeCount": "2377",
        "commentCount": "463",
        "viewCount": "130560"
    },
    "comments": [
        {
            "reply_id": "UgzpmZKPBIuWMBbnUUR4AaABAg",
            "reply_content": "\u89ba\u5f97\u4eca\u5e74\u53f0\u92fc\u80fd\u6311\u7684\u6bd4\u8d77\u524d\u5e7e\u5e74\u5473\u5168\u80fd\u6311\u7684\u540d\u55ae\u771f\u7684\u597d\u592a\u591a\u4e86",
            "likeCount": 8
        },
        {
            "reply_id": "Ugymk-VMSLrCM3lkORF4AaABAg",
            "reply_content": "\u53ea\u6709\u9673\u6587\u6770\u547d\u4e2d",
            "likeCount": 2
        },
        {
            "reply_id": "UgychBH_rpH-8y50M3d4AaABAg",
            "reply_content": "\u5225\u5fd8\u4e86\u53f0\u92fc\u6709\u591a\u4e00\u540d\u6d0b\u5c07\uff0c\u6240\u4ee5\u7d05\u4e2d\u9084\u662f\u6703\u512a\u5148\u6311\u6295\u624b",
            "likeCount": 1
        },
        {
            "reply_id": "Ugwyrgv6YP4Vc26-7GN4AaABAg",
            "reply_content": "\u5144\u5f1f\u8ff7\u89ba\u5f97\u4e0d\u6368",
            "likeCount": 1
        },
        {
            "reply_id": "UgxW8DnKHqGP0KhxdaF4AaABAg",
            "reply_content": "\u9078\u8001\u5c07\u7684\u50f9\u503c\u4e0d\u662f\u9078\u4f86\u6253\u500b\u90a3\u5e7e\u5e74,\u800c\u662f\u7d93\u9a57\u50b3\u627f",
            "likeCount": 1
        },
        {
            "reply_id": "UgxJFZWG4JT5QdGUVzB4AaABAg",
            "reply_content": "\u53c8",
            "likeCount": 0
        },
        {
            "reply_id": "Ugw2zJZHWN2XECdj6eV4AaABAg",
            "reply_content": "\u9f8d\u8c93\u9019\u9ebc\u5ff5\u820a\u60c5\u7684\u4eba\u4e0d\u53ef\u80fd\u653e\u8d70\u5c0f\u80d6\uff0c\u9664\u975e\u4e09\u65b9\u8ac7\u597d\u8981\u8b93\u4ed6\u8f49\u968a",
            "likeCount": 0
        },
        {
            "reply_id": "UgxH0uOpJWK6E948oIR4AaABAg",
            "reply_content": "\u6c92\u6709\u4eba\u731c\u7684\u900f\u7d05\u4e2d\u7684",
            "likeCount": 0
        },
        {
            "reply_id": "UgwQCqOfarDDkFc6ErN4AaABAg",
            "reply_content": "\u611f\u5b78\u4f60\u6700\u8fd1\u65e5\u53cd\u6307\u6a19\u5594",
            "likeCount": 0
        },
        {
            "reply_id": "Ugwqqg5ZKkZLYcZptOV4AaABAg",
            "reply_content": "\u9673\u6587\u6770\u88ab\u9078\u8d70\u4e86",
            "likeCount": 0
        },
        {
            "reply_id": "Ugz5H44F5Hqlq4l6JXB4AaABAg",
            "reply_content": "\u9673\u6587\u6770\u597d\u53ef\u6190\u4e4b\u524d\u6709\u5a01\u52a9\u966a\u7df4\u7d66\u6a5f\u6703\u73fe\u5728\u6070\u7e3d\u773c\u88e1\u90fd\u6c92\u6709\u4ed6\u53bb\u53f0\u92fc\u4e5f\u597d",
            "likeCount": 0
        },
        {
            "reply_id": "UgyCdkDvG3BjMiHuMml4AaABAg",
            "reply_content": "\u6311\u738b\u7dad\u4e2d\u6839\u672c\u72af\u50bb",
            "likeCount": 0
        },
        {
            "reply_id": "UgzTJmBJA4CBDey0QUp4AaABAg",
            "reply_content": "\u5c45\u7136\u4f7f\u7528\u9019\u7a2e\u65b9\u4fbf\u9a57\u8b49\u7384\u5b78\u7684\u9078\u6cd5 \u570b\u5e2b\u771f\u795e\u4eba\u4e5f",
            "likeCount": 0
        },
        {
            "reply_id": "UgwFEvH1U_zpLgm0yAF4AaABAg",
            "reply_content": "\u9019\u662f\u5728\u9078\u4ec0\u9ebc\u660e\u661f\u968a\u55ce",
            "likeCount": 0
        },
        {
            "reply_id": "Ugyxn7cRltVPnLeWBxh4AaABAg",
            "reply_content": "\u8f9b\u5143\u65ed\u7559\u5bcc\u90a6\u4e86",
            "likeCount": 0
        },
        {
            "reply_id": "Ugw66pj87f0jGGyctcJ4AaABAg",
            "reply_content": "\u5f35\u5fd7\u8c6a\u88ab\u9078\u8d70\u8981\u7b11\u4e09\u5e74",
            "likeCount": 0
        },
        {
            "reply_id": "UgyKQYZi0X2x4RHtfUt4AaABAg",
            "reply_content": "\u4f46\u611f\u89ba\u53f0\u92fc\u5f88\u7701\u9322\u5462",
            "likeCount": 0
        },
        {
            "reply_id": "Ugyl9eGhyukHw99oex54AaABAg",
            "reply_content": "\u9673\u6587\u6770\u662f\u975e\u5e38\u512a\u79c0\u7684\u9078\u624b \u4e2d\u4fe1\u5144\u5f1f\u968a\u7e3d\u51a0\u8ecd\u4e8c\u9023\u9738\u7684\u7403\u54e1",
            "likeCount": 0
        },
        {
            "reply_id": "UgwTIbnLiEeebqhMaW94AaABAg",
            "reply_content": "\u53f0\u92fc\u7687\u5e1d\u4e0d\u662f\u53eb\u5047\u7684",
            "likeCount": 0
        },
        {
            "reply_id": "UgzHa9muNElvzTpQrht4AaABAg",
            "reply_content": "\u597d\u611f\u52d5\u6211\u5df2\u7d93\u4e0d\u77e5\u9053\u591a\u4e45\u6c92\u770b\u5230\u85cd\u5bc5\u502b\u80fd\u62ff\u4f86\u7576\u6709\u5e0c\u671b\u7684\u4e2d\u5fc3\u6253\u7dda\u4f86\u8a0e\u8ad6\u4e86",
            "likeCount": 2
        }
    ]
}