{
    "video_info": {
        "id": "xQqUlvT3YG8",
        "channelTitle": "\u53f0\u5357Josh",
        "title": "\u7cbe\u6e96\u9810\u5224\u51fa\u53f0\u7063\u5927\u8cfdG7\u7684\u95dc\u9375\u9ede\uff01\u53ef\u662f\u5c0d\u65bc\u5f90\u82e5\u7199\u7684\u9810\u5224\u5c31...\u3010\u76f4\u64ad\u7cbe\u83ef\u3011",
        "description": "\u53f0\u5357Josh\u7db2\u8def\u5546\u5e97 \u5404\u7a2e\u55e8\u55e8\u5546\u54c1\u90fd\u53ef\u4ee5\u5728\u9019\u88e1\u8cb7\u5230\u5594\uff01\nhttps://www.tainanjosh.co/\n\n\u6b61\u8fce\u52a0\u5165\u6211\u7684\u983b\u9053\u6703\u54e1\nhttps://reurl.cc/jnWGm\n\u6bcf\u500b\u670875\u5143\u5c0f\u984d\u8d0a\u52a9\u4f86\u5e6b\u52a9\u53f0\u5357Josh\u983b\u9053\u8b8a\u5f97\u66f4\u597d\n\n\u53f0\u5357Josh Line\u8cbc\u5716\u4e0a\u67b6\u56c9\nhttps://reurl.cc/8yy1aM\n\n#\u4e2d\u83ef\u8077\u68d2\n#\u5f90\u82e5\u7199\n#\u9053\u535a\u683c\n\n\u5de5\u5546\u9080\u7d04\u8acb\u5bc4\u5230\u4ee5\u4e0b\u4fe1\u7bb1\ntainanjosh@capsuleinc.cc\n\n\u53f0\u5357Josh FB\u7c89\u7d72\u9801\nhttps://www.facebook.com/joshjawawa",
        "likeCount": "2804",
        "commentCount": "258",
        "viewCount": "119033"
    },
    "comments": [
        {
            "reply_id": "Ugw85aamT0RJ9R1W8xd4AaABAg",
            "reply_content": "\u547d\u4e2d\u7387\u6bd4\u6210\u6649\u6253\u64ca\u7387\u9084\u9ad8",
            "likeCount": 3
        },
        {
            "reply_id": "UgypvcnL7Wtn6pmmD-t4AaABAg",
            "reply_content": "",
            "likeCount": 2
        },
        {
            "reply_id": "UgxMIyJFuj5BKYkDcBt4AaABAg",
            "reply_content": "\u8d85\u7d1a\u597d\u7b11",
            "likeCount": 1
        },
        {
            "reply_id": "Ugw3J5TTf7ZmqnjrisJ4AaABAg",
            "reply_content": "\u771f\u7684\u5f88\u958b\u5fc3\u770b\u5230\u672c\u571f\u6295\u624b\u6709\u597d\u8868\u73fe\n\u5e0c\u671b\u53ef\u4ee5\u5728\u570b\u969b\u5728\u7e7c\u7e8c\u767c\u5149\u767c\u71b1",
            "likeCount": 1
        },
        {
            "reply_id": "UgzGS-ThUevEztYhlJ94AaABAg",
            "reply_content": "\u5e79\u5abd\u7684\u7b11\u6b7b",
            "likeCount": 1
        },
        {
            "reply_id": "UgxD-ZEGcVDMSrTOHpd4AaABAg",
            "reply_content": "\u5c0f\u8449\u4e00\u5b9a\u6709\u770b\u4f60\u7684\u9810\u8a00",
            "likeCount": 1
        },
        {
            "reply_id": "UgxG1Xp8YEIuLGMNnI54AaABAg",
            "reply_content": "\u4e0d\u662f\u5168\u5c0d\u5c31\u662f\u5168\u932f \u6211\u61f7\u7591\u570b\u5e2b\u4e4b\u524d\u5c31\u662f\u6545\u610f\u8b1b\u932f\u7684",
            "likeCount": 0
        },
        {
            "reply_id": "Ugyb-YsSOumetNk67LB4AaABAg",
            "reply_content": "\u5168\u5834\u552f\u4e00\u771f\u9810\u8a00\u5bb6",
            "likeCount": 0
        },
        {
            "reply_id": "UgwjGZySWuw1ZO_pm-Z4AaABAg",
            "reply_content": "\u6709\u6599",
            "likeCount": 0
        },
        {
            "reply_id": "Ugw8DHFjxLsTH8aHRgR4AaABAg",
            "reply_content": "\u570b\u5e2b\u9810\u6e2c\u7cfb\u5217\u6700\u6709\u6599\u7684\u4e00\u5834",
            "likeCount": 0
        },
        {
            "reply_id": "UgzOz4USJA1ZZZ0wTSh4AaABAg",
            "reply_content": "\u9019\u662f\u570b\u5e2b\u7b2c\u4e00\u6b21\u9810\u6e2c\u6e96\u78ba\u55ce",
            "likeCount": 0
        },
        {
            "reply_id": "Ugzn-2TyoG0edQbjq8l4AaABAg",
            "reply_content": "\u54c8\u54c8",
            "likeCount": 0
        },
        {
            "reply_id": "UgwHaYT0gQpK9uqvsQ94AaABAg",
            "reply_content": "\u5dee\u4e00\u9ede\u9ede\u7528\u570b\u5e2b\u7684\u53cd\u6307\u6a19\u53bb\u58d3\u6a02\u5929\u904b\u5f69\u9084\u597d\u570b\u5e2b\u6709\u6e96\u4e00\u6b21",
            "likeCount": 0
        },
        {
            "reply_id": "UgzdyYNce6qWocwlVQ54AaABAg",
            "reply_content": "\u9f8d\u8c93\u8f38\u4f60\u592a\u591a",
            "likeCount": 0
        },
        {
            "reply_id": "UgxblYcg2OoPNAFUzvJ4AaABAg",
            "reply_content": "\u570b\u5e2b\u5728\u672c\u5b63\u6700\u5f8c\u4e00\u5834\u6bd4\u8cfd\u5931\u6e96",
            "likeCount": 0
        },
        {
            "reply_id": "UgyZrv4QZb4p9ZOn-z14AaABAg",
            "reply_content": "\u9084\u5f97\u662f\u4f60\u554a\u912d\u6bd3\u502b",
            "likeCount": 0
        },
        {
            "reply_id": "UgzIPaZm1dey39dfJh94AaABAg",
            "reply_content": "\u671d\u8056",
            "likeCount": 0
        },
        {
            "reply_id": "UgzFwkET2lHEddXqFgd4AaABAg",
            "reply_content": "\u6797\u5a01\u52a9\u7684\u5169\u500b\u7cfb\u5217\u6230 \u571f\u6295\u7684\u5b58\u5728\u611f\u4e5f\u90fd\u5f88\u9ad8\u554a",
            "likeCount": 0
        },
        {
            "reply_id": "UgzFNLiuXP0smOEVOxR4AaABAg",
            "reply_content": "\u6709\u6c92\u6709\u53ef\u80fd\u662f\u55e8\u4e86\u81ea\u5df1\u6c92\u6599\u4e00\u6574\u5e74\uff0c\u6240\u4ee5\u6700\u5f8c\u4e00\u5834\u8b8a\u6709\u6599",
            "likeCount": 0
        },
        {
            "reply_id": "UgwUFGEjHYXXfVIBM6J4AaABAg",
            "reply_content": "\u9006\u8f49\u7684\u706b\u7130\u9084\u662f\u706b\u5316\u7684\u706b\u7130\u5feb\u7b11\u6b7b",
            "likeCount": 0
        }
    ]
}