{
    "video_info": {
        "id": "zgpplvMyQ3o",
        "channelTitle": "\u53f0\u5357Josh",
        "title": "\u4e9e\u6d32\u8077\u68d2\u51a0\u8ecd\u722d\u9738\u8cfd \u6fb3\u6d32 vs \u53f0\u7063\u3010\u770b\u7403\u9592\u804a\u76f4\u64ad\u3011",
        "description": "\u53f0\u5357Josh\u7db2\u8def\u5546\u5e97 \u5404\u7a2e\u55e8\u55e8\u5546\u54c1\u90fd\u53ef\u4ee5\u5728\u9019\u88e1\u8cb7\u5230\u5594\uff01\nhttps://www.tainanjosh.co/\n\n\u52a0\u5165\u6211\u7684\u983b\u9053\u6703\u54e1\nhttps://reurl.cc/jnWGm\n\u6bcf\u500b\u670875\u5143\u5c0f\u984d\u8d0a\u52a9\u4f86\u5e6b\u52a9\u53f0\u5357Josh\u983b\u9053\u8b8a\u5f97\u66f4\u597d\n\n\u53f0\u5357Josh Line\u8cbc\u5716\u4e0a\u67b6\u56c9\nhttps://reurl.cc/8yy1aM\n\n\u5de5\u5546\u9080\u7d04\u8acb\u5bc4\u5230\u4ee5\u4e0b\u4fe1\u7bb1\ntainanjosh@capsuleinc.cc\n\n\u53f0\u5357Josh FB\u7c89\u7d72\u9801\nhttps://www.facebook.com/joshjawawa",
        "likeCount": "693",
        "commentCount": "26",
        "viewCount": "126457"
    },
    "comments": [
        {
            "reply_id": "Ugz6n68kShGE3zGPI4l4AaABAg",
            "reply_content": "\u5e78\u597d\u9019\u5c46\u6709\u4eba\u588a",
            "likeCount": 6
        },
        {
            "reply_id": "UgyMvOiqv5SaOlLXTA54AaABAg",
            "reply_content": "\u9760\u6211\u9f8d",
            "likeCount": 3
        },
        {
            "reply_id": "UgxDYa8I-1R3Z7fARv94AaABAg",
            "reply_content": "\u6b63\u8ca0\u4e09\u8db4\u624d\u5dee\u4e00\u5206\u7b97\u6fb3\u8d0f\u5427",
            "likeCount": 2
        },
        {
            "reply_id": "Ugw6koA-Oeh1DG74sO94AaABAg",
            "reply_content": "\u606d\u559c\u53f0\u7063\u62ff\u5230\u7b2c\u4e09\u540d",
            "likeCount": 2
        },
        {
            "reply_id": "UgxEsvxxwsQv-vVfitF4AaABAg",
            "reply_content": "\u5176\u5be6\u7576\u5feb\u6a02\u7684\u7b2c\u4e09\u540d \u7e3d\u6bd4\u7576\u907a\u61be\u7684\u7b2c\u4e8c\u540d\u597d\u6b38",
            "likeCount": 0
        },
        {
            "reply_id": "UgyBpvOaMeOluUGizTN4AaABAg",
            "reply_content": "\u4e9e\u9326\u8cfd\u6703\u76f4\u64ad\u55ce",
            "likeCount": 0
        },
        {
            "reply_id": "UgzVMC5njYslFQcgNN14AaABAg",
            "reply_content": "\u81f3\u5c11\u6c92\u6709\u588a\u5e95",
            "likeCount": 0
        },
        {
            "reply_id": "UgzZ-ffMYB3Oif-F5Dp4AaABAg",
            "reply_content": "\u9084\u597d\u9084\u6709\u6fb3\u6d32\u53ef\u4ee5\u8d0f",
            "likeCount": 0
        }
    ]
}