{
    "video_info": {
        "id": "ZuQW5wxrVG8",
        "channelTitle": "\u53f0\u5357Josh",
        "title": "\u53c8\u88ab\u56b4\u5b8f\u921e\u6253\u81c9\uff01\u9019\u4eba\u600e\u9ebc\u6c38\u9060\u5b78\u4e0d\u6703\u6559\u8a13\uff01\u3010\u76f4\u64ad\u7cbe\u83ef\u3011",
        "description": "\u53f0\u5357Josh\u7db2\u8def\u5546\u5e97 \u5404\u7a2e\u55e8\u55e8\u5546\u54c1\u90fd\u53ef\u4ee5\u5728\u9019\u88e1\u8cb7\u5230\u5594\uff01\nhttps://www.tainanjosh.co/\n\n\u6b61\u8fce\u52a0\u5165\u6211\u7684\u983b\u9053\u6703\u54e1\nhttps://reurl.cc/jnWGm\n\u6bcf\u500b\u670875\u5143\u5c0f\u984d\u8d0a\u52a9\u4f86\u5e6b\u52a9\u53f0\u5357Josh\u983b\u9053\u8b8a\u5f97\u66f4\u597d\n\n\u53f0\u5357Josh Line\u8cbc\u5716\u4e0a\u67b6\u56c9\nhttps://reurl.cc/8yy1aM\n\n#\u4e2d\u83ef\u8077\u68d2\n#\u6a02\u5929\u6843\u733f\n#\u53f0\u7063\u5927\u8cfd\n\n\u5de5\u5546\u9080\u7d04\u8acb\u5bc4\u5230\u4ee5\u4e0b\u4fe1\u7bb1\ntainanjosh@capsuleinc.cc\n\n\u53f0\u5357Josh FB\u7c89\u7d72\u9801\nhttps://www.facebook.com/joshjawawa",
        "likeCount": "2595",
        "commentCount": "331",
        "viewCount": "125290"
    },
    "comments": [
        {
            "reply_id": "UgwfhOgo6TrAmQZ8Y814AaABAg",
            "reply_content": "\u6709\u9053\u6b49\u662f\u597d\u4e8b",
            "likeCount": 2
        },
        {
            "reply_id": "UgxQw1a1zUI90z8rH0h4AaABAg",
            "reply_content": "\u9f8d\u8c93\u61c9\u8a72\u662f\u6709\u5728\u770b\u76f4\u64ad\u6240\u4ee5\u6c7a\u5b9a\u4e0d\u63db",
            "likeCount": 1
        },
        {
            "reply_id": "UgzaIo305BtfMP-ACnF4AaABAg",
            "reply_content": "\u6709\u9053\u6b49\u662f\u597d\u4e8b",
            "likeCount": 1
        },
        {
            "reply_id": "UgyzLFdpHu9g5c4uGSN4AaABAg",
            "reply_content": "\u56b4\u5b8f\u921e:\u6211\u4f3c\u4e4e\u611f\u53d7\u5230\u67d0\u7a2e\u795e\u7955\u529b\u91cf\u5728\u6211\u8eab\u9ad4\u6e67\u52d5",
            "likeCount": 1
        },
        {
            "reply_id": "UgwFrNiKSlnBGXvo1BR4AaABAg",
            "reply_content": "\u56b4\u53ea\u662f\u56e0\u70ba\u5bb6\u88cf\u6c92\u7a7a\u9593\u653e\u734e\u76c3\u624d\u4e0d\u722d\u6253\u9ede\u738b",
            "likeCount": 0
        },
        {
            "reply_id": "UgwKaPT-8CNnF0zW5up4AaABAg",
            "reply_content": "\u556a\u556a\u97ff\u597d\u5927\u8072\u5594",
            "likeCount": 0
        },
        {
            "reply_id": "UgyCFZ-EWTS9XIoTBo54AaABAg",
            "reply_content": "\u7576\u4f60\u7684\u5de6\u81c9\u88ab\u56b4\u5b8f\u921e\u6253\u7684\u6642\u5019\uff0c\u4f60\u8981\u628a\u53f3\u81c9\u4e5f\u7d66\u4ed6\u6253",
            "likeCount": 0
        },
        {
            "reply_id": "UgxIAPYhpdXcIK8HzMV4AaABAg",
            "reply_content": "\u570b\u5e2b\u7384\u5b78\u767c\u529f\u4e2d",
            "likeCount": 0
        },
        {
            "reply_id": "Ugw-j2EX_SQGBjHoVTZ4AaABAg",
            "reply_content": "\u81c9\u597d\u816b",
            "likeCount": 0
        },
        {
            "reply_id": "UgzKTyZeQo-2X8qY7sd4AaABAg",
            "reply_content": "\u4f11\u8cfd\u5b63\u627e\u7403\u54e1\u5c08\u8a2a\u5c08\u770b\u6253\u81c9\u5f71\u7247\u597d\u4e86\n\u61c9\u8a72\u5f88\u6709\u8da3",
            "likeCount": 0
        },
        {
            "reply_id": "UgxnWPhIzsFqG99OTb94AaABAg",
            "reply_content": "\u76f4\u64ad\u7cbe\u83ef\u61c9\u8a72\u6539\u6210\u9053\u6b49\u96c6\u9326",
            "likeCount": 0
        },
        {
            "reply_id": "Ugx7zsGXh0cpPv1ymM54AaABAg",
            "reply_content": "\u9019\u5f35\u5634\u771f\u7684\u662f",
            "likeCount": 0
        },
        {
            "reply_id": "Ugxqb4sJWqdO1935BvB4AaABAg",
            "reply_content": "\u770b\u4f86\u7532\u8a31\u771f\u7684\u5f88\u559c\u6b61\u9e7d\u7d05\u8ecd\u5462 \u6bcf\u6b21\u90fd\u770b\u4ed6\u70b8\u88c2",
            "likeCount": 0
        },
        {
            "reply_id": "UgwEY_ugYtkrmCvma_p4AaABAg",
            "reply_content": "\u4e0a\u73ed\u770b\u9019\u6bb5\u6703\u5167\u50b7",
            "likeCount": 0
        },
        {
            "reply_id": "UgwoPJoestogK8NrVip4AaABAg",
            "reply_content": "\u5b8f\u921e\u4ee5\u5f8c\u770b\u5230\u67b6\u8a31\u8981\u97a0\u8eac\u8b1d\u8b1d\u8cb4\u4eba\u5427",
            "likeCount": 0
        },
        {
            "reply_id": "UgzvOWbYvEbgiTExcIt4AaABAg",
            "reply_content": "\u9f8d\u8c93\u662f\u795e\u55ce",
            "likeCount": 0
        },
        {
            "reply_id": "UgxFKmBQZFNaltjPgnd4AaABAg",
            "reply_content": "\u7b11\u5f97\u597d\u5c37\u5c2c",
            "likeCount": 0
        },
        {
            "reply_id": "UgwlD6qDNrOaDGEQJaJ4AaABAg",
            "reply_content": "\u96e3\u602a\u6628\u5929\u5728\u73fe\u5834\u7e3d\u6709\u4e00\u80a1\u795e\u79d8\u529b\u91cf\u7684\u611f\u89ba",
            "likeCount": 0
        },
        {
            "reply_id": "UgwURWEd75v50Lg6OH54AaABAg",
            "reply_content": "\u4e0d\u662f\u4ed6\u4e00\u76f4\u5728\u6253\u4f60\u81c9\uff0c\u662f\u4f60\u4e00\u76f4\u5728\u6ce8\u5ff5\u7d66\u4ed6\u963f",
            "likeCount": 1
        },
        {
            "reply_id": "Ugx1Sy1pjjdsyemj7M14AaABAg",
            "reply_content": "\u9019\u662f\u7384\u5b78",
            "likeCount": 0
        }
    ]
}