{
    "channel": {
        "title": "\u4e09\u539fJAPAN Sanyuan_JAPAN",
        "id": "UCCBq7s8VOCyek275uvq5lYQ",
        "customUrl": "@sanyuanjapan2015",
        "uploads": "UUCBq7s8VOCyek275uvq5lYQ"
    },
    "videos": [
        {
            "id": "t7KAUKiiiLE",
            "title": "\u592a\u559c\u6b61\u6240\u4ee5\u6c7a\u5b9a\u5ac1\u5230\u53f0\u7063\uff01\u65e5\u672c\u8b77\u7406\u5e2b\u7b2c\u4e00\u6b21\u9ad4\u9a57\u53f0\u7063\u58eb\u6797\u591c\u5e02\uff01"
        },
        {
            "id": "4QqIw3Ctats",
            "title": "\u65e5\u672c\u8b77\u7406\u5e2b\u7b2c\u4e00\u6b21\u9ad4\u9a57\u53f0\u7063\u65e9\u9910\u5e97\uff01\u53f0\u7063\u98df\u7269\u592a\u5408\u80c3\u53e3\uff0c\u6240\u4ee5\u6c7a\u5b9a\u8981\u5ac1\u5230\u53f0\u7063\u4f86\uff01\uff1f"
        },
        {
            "id": "a5LVD5RLmGY",
            "title": "\u52a0\u73ed\u7684\u5dee\u7570(\u53f0\u7063\u4f4f\u5e7e\u5e74?) #\u4e09\u539f #\u65e5\u672c #\u65e5\u672c\u89c0\u5149 #\u65e5\u672c\u6587\u5316 #\u65e5\u672c\u8077\u5834 #\u6587\u5316\u5dee\u7570"
        },
        {
            "id": "RocsGSw66ms",
            "title": "\u9019\u5c31\u662f\u53f0\u7063\u6703\u88ab\u8ff7\u4e0a\u7684\u7406\u7531\uff01\u8a2a\u554f\u4f86\u53f0\u7063\u6587\u5316\u796d\u7684\u4eba\u6c92\u60f3\u5230\u6703\u56de\u7b54\u53f0\u7063\u662f\u6cbb\u7652\u5fc3\u7684\u5730\u65b9\u2026"
        },
        {
            "id": "WL9hfIoH2Nk",
            "title": "\u706b\u934b\u6cbe\u91ac\u7684\u6311\u6cd5(\u53f0\u7063\u4f4f\u5e7e\u5e74?) #\u4e09\u539f #\u65e5\u672c #\u65e5\u672c\u65c5\u904a #\u65e5\u672c\u89c0\u5149 #\u6587\u5316\u5dee\u7570 #\u706b\u934b #\u53f0\u7063\u706b\u934b #\u9ebb\u8fa3\u934b #\u53f0\u7063\u89c0\u5149"
        },
        {
            "id": "CzzHr-DIhWs",
            "title": "\u5348\u4f11\u7684\u5dee\u5225(\u53f0\u7063\u4f4f\u5e7e\u5e74?) #\u4e09\u539f #\u65e5\u672c #\u65e5\u672c\u6587\u5316 #\u65e5\u672c\u89c0\u5149 #\u65e5\u672c\u65c5\u904a #\u6587\u5316\u5dee\u7570 #\u8077\u5834 #\u65e5\u672c\u8077\u5834 #\u53f0\u7063\u8077\u5834"
        },
        {
            "id": "83NkblpEaPI",
            "title": "\u706b\u934b\u6536\u5c3e\u7684\u5dee\u7570(\u53f0\u7063\u4f4f\u5e7e\u5e74?) #\u4e09\u539f #\u65e5\u672c #\u65e5\u672c\u89c0\u5149 #\u65e5\u672c\u6587\u5316 #\u65e5\u672c\u65c5\u904a #\u6587\u5316\u5dee\u7570 #\u706b\u934b #\u53f0\u7063\u706b\u934b"
        },
        {
            "id": "AMIvDMCkqd0",
            "title": "\u5c0f\u5948\u5ac1\u5230\u53f0\u7063\u4e86\uff01\u65e5\u672c\u5ab3\u5a66\u5c0f\u5948\u7b2c\u4e00\u6b21\u9ad4\u9a57\u53f0\u7063\u60c5\u4fb6\u751f\u6d3b\uff01"
        },
        {
            "id": "429tJ0CiTNk",
            "title": "\u63db\u5de5\u4f5c\u7684\u5dee\u7570(\u65e5\u672c\u548c\u53f0\u7063\u7684\u5dee\u7570) #\u4e09\u539f #\u65e5\u672c #\u65e5\u672c\u6587\u5316 #\u65e5\u672c\u8077\u5834 #\u8077\u5834 #\u6587\u5316\u5dee\u7570"
        },
        {
            "id": "HZLiccMSs_Q",
            "title": "\u300c\u5eb7\u840a\u5fb7\u98ef\u5e97\u300d\uff08\u65e5\u672c\u7684\u63a8\u85a6\u666f\u9ede\uff09 #\u4e09\u539f #\u65e5\u672c  #\u65e5\u672c\u89c0\u5149  #\u65e5\u672c\u65c5\u904a  #\u65e9\u9910 #\u6771\u4eac #\u6771\u4eac\u65e9\u9910 #\u6771\u4eac\u98ef\u5e97"
        },
        {
            "id": "ka9nfsRMJL0",
            "title": "\u300c\u672c\u5e97\u7981\u6b62\u5916\u570b\u4eba\u5165\u5167\u300d\u5982\u679c\u53f0\u7063\u5ba2\u4eba\u5728\u5496\u5561\u5ef3\u88ab\u6b67\u8996\u7684\u8a71 \u65e5\u672c\u4eba\u6703\u6709\u751a\u9ebc\u53cd\u61c9\u5462\uff1f\u3010\u793e\u6703\u5be6\u9a57\u3011"
        },
        {
            "id": "6S7V1u7fUTY",
            "title": "\u5ba3\u50b3\u89c0\u5149\u884c\u7a0b(\u6d3b\u52d5\u5831\u540d\u50c5\u9650\u4e09\u539f\u6167\u609fIG) #\u4e09\u539f #\u65e5\u672c #\u65e5\u672c\u89c0\u5149 #\u89c0\u5149\u884c\u7a0b #\u65e5\u672c\u65c5\u904a #\u65e5\u672c\u6587\u5316 #\u5ba3\u50b3 #\u6771\u4eac\u89c0\u5149"
        },
        {
            "id": "HBIbEMhLJZg",
            "title": "\u65e5\u672c\u6700\u5f37\u7684\u9b06\u9905\u5e97 #\u4e09\u539f #\u65e5\u672c #\u65e5\u672c\u89c0\u5149 #\u65e5\u672c\u65c5\u904a #\u751c\u9ede  #\u9b06\u9905"
        },
        {
            "id": "aktrGOK2IJg",
            "title": "\u6771\u4eac\u9435\u5854\u7684\u6b63\u78ba\u62cd\u6cd5part3 #\u4e09\u539f #\u65e5\u672c #\u65e5\u672c\u65c5\u904a #\u65e5\u672c\u89c0\u5149 #\u6771\u4eac\u9435\u5854"
        },
        {
            "id": "mBnbLu1MVo8",
            "title": "\u65e5\u672c\u5c0f\u52a9\u7406\u7b2c\u4e00\u6b21\u9ad4\u9a57\u53f0\u7063\u4fbf\u7576\uff01\u5c0f\u5948\u4e00\u65e5\u82d7\u6817\u8fb2\u6751\u65c5\u904a\u5168\u8a18\u9304\uff01"
        },
        {
            "id": "EU182x4rs1I",
            "title": "\u70ba\u670b\u53cb\u898f\u5283\u4e86\u89c0\u5149\u884c\u7a0b #\u4e09\u539f #\u65e5\u672c #\u65e5\u672c\u89c0\u5149 #\u65e5\u672c\u65c5\u904a #\u6771\u4eac  #\u6f80\u8c37  #\u6e0b\u8c37"
        },
        {
            "id": "gbeHI5qYFpo",
            "title": "\u4e0a\u73ed\u670d\u88dd\u7684\u5dee\u7570(\u53f0\u7063\u4f4f\u5e7e\u5e74?) #\u4e09\u539f #\u65e5\u672c #\u65e5\u672c\u89c0\u5149 #\u65e5\u672c\u65c5\u904a #\u6587\u5316\u5dee\u7570 #\u65e5\u672c\u6587\u5316"
        },
        {
            "id": "wHn1ZLx68jE",
            "title": "\u7d42\u65bc\u5403\u5230\u4e86...\uff01\u65e5\u672c\u5c0f\u52a9\u7406\u7b2c\u4e00\u6b21\u53f0\u7063\u725b\u8089\u9eb5\u8ddf\u5c0f\u5948\u5728\u6843\u5712\u4e00\u65e5\u904a"
        },
        {
            "id": "9DRnk9UfjXc",
            "title": "(98%\u306e\u5916\u570b\u4eba\u4e0d\u77e5\u9053)\u58fd\u53f8\u7684\u5403\u6cd5 #\u4e09\u539f #\u65e5\u672c #\u65e5\u672c\u89c0\u5149 #\u65e5\u672c\u65c5\u904a #\u65e5\u672c\u7f8e\u98df #\u58fd\u53f8"
        },
        {
            "id": "Ng4q0DI-m9Y",
            "title": "\u706b\u934b\u6e6f\u982d\u7684\u6311\u6cd5\uff08\u53f0\u7063\u4f4f\u5e7e\u5e74\uff1f\uff09#\u4e09\u539f #\u65e5\u672c #\u65e5\u672c\u89c0\u5149 #\u53f0\u7063\u65c5\u904a #\u53f0\u7063\u706b\u934b"
        },
        {
            "id": "MfZeAKj2i-s",
            "title": "\u6771\u4eac\u7063\u7d0d\u6dbc\u8239  #\u4e09\u539f #\u65e5\u672c  #\u65e5\u672c\u89c0\u5149 #\u65e5\u672c\u65c5\u904a #\u65c5\u904a"
        },
        {
            "id": "GgFPaMPI6LA",
            "title": "\u63a5\u96fb\u8a71\u7684\u5dee\u7570\uff08\u53f0\u7063\u4f4f\u5e7e\u5e74\uff1f\uff09#\u4e09\u539f #\u65e5\u672c #\u65e5\u672c\u89c0\u5149 #\u65e5\u672c\u65c5\u904a #\u6587\u5316\u5dee\u7570"
        },
        {
            "id": "iXD-1WHm8JM",
            "title": "\u611f\u8b1d\u7684REELS#\u4e09\u539f #\u65e5\u672c #\u65e5\u672c\u7f8e\u599d #\u65e5\u672c\u7f8e\u5bb9 #DUO"
        },
        {
            "id": "x7o1o6aZqrE",
            "title": "\u3010\u5fc5\u5b58\u3011\u65e5\u672c\u8a08\u7a0b\u8eca\u7684\u653b\u7565\u6cd5\uff01#\u4e09\u539f #\u65e5\u672c #\u65e5\u672c\u89c0\u5149 #\u65e5\u672c\u65c5\u904a #TAXIGO"
        },
        {
            "id": "wVQNI2AatiE",
            "title": "\u9ad4\u9a57\u591c\u9593\u6cf3\u6c60#\u4e09\u539f #\u65e5\u672c #\u65e5\u672c\u89c0\u5149 #\u65e5\u672c\u65c5\u904a #\u591c\u9593\u6cf3\u6c60"
        }
    ]
}