{
    "channel": {
        "title": "HowFun",
        "id": "UCxUzQ3wu0oJP_8YLWt71WgQ",
        "customUrl": "@howfunofficial",
        "uploads": "UUxUzQ3wu0oJP_8YLWt71WgQ"
    },
    "videos": [
        {
            "id": "Req4FVSxzP4",
            "title": "\u5fd8\u4e0d\u4e86\u7684\u524d\u592b / HowFun"
        },
        {
            "id": "nSYAPNAJQ6U",
            "title": "\u6211\u8981\u6210\u70ba\u9b54\u6cd5\u5e1d\uff01/ HowFun"
        },
        {
            "id": "61r6JudCN5Y",
            "title": "\u6c92\u9047\u904e\u90a3\u9ebc\u6163\u7684\u8001\u95c6\u6b38 / HowFun"
        },
        {
            "id": "ZXHkrRA1GXI",
            "title": "\u4eca\u5929How\u9592#01 \u6642\u5149\u81a0\u56ca\u53e3\u888b"
        },
        {
            "id": "hqM9KRAqep8",
            "title": "\u77f3\u982d\u4e0d\u8981\u4e82\u4e1f\uff0c\u5c0f\u5fc3\u88ab\u6cb3\u4e2d\u5973\u795e\u6253"
        },
        {
            "id": "toVkAAMGTHs",
            "title": "\u4f60\u7684\u624b\u76f8\u6709\u500b\u6158\u5b57\u3002\u547d\u4e2d\u5e36\u6158\uff0c\u597d\u6158\u554a\u3002"
        },
        {
            "id": "_MoESJ1561Y",
            "title": "\u9577\u5f97\u5c0f\uff0c\u6709\u932f\u55ce\uff1f/ HowFun"
        },
        {
            "id": "AHauMv8hsmc",
            "title": "\u4f60\u5404\u4f4d\u554a\uff01\u6392\u982d\u70ba\u6e96\uff0c\u5411\u53f3\u770b\u9f4a\uff01/ HowFun"
        },
        {
            "id": "YhuxV0HAbtY",
            "title": "\u807d\u8aaa\u9019\u5bb6\u62db\u724c\u6599\u7406\u7206\u5e79\u597d\u5403"
        },
        {
            "id": "4bsWroCsvVQ",
            "title": "\u8eab\u70ba\u7f8e\u98df\u5bb6\uff0c\u7262\u98ef\u90a3\u7a2e\u6771\u897f\u5165\u4e0d\u4e86\u6211\u7684\u53e3 / HowFun"
        },
        {
            "id": "Z3-5wqha1KI",
            "title": "\u597d\u60f3\u4f4f\u5927\u5b89\u5340...\u9019\u88e1\u5df7\u53e3\u7f8e\u98df\u592a\u731b\uff01\u300a\u6211\u5bb6\u5df7\u53e3\u6700\u597d\u5403\u300bEP. 2 \u6c7a\u6230\uff01\u5927\u5b89\u5340\u5df7\u53e3\u7f8e\u98df\uff01"
        },
        {
            "id": "zgKFGWMH-q8",
            "title": "\u6211\u525b\u525b\u624d\u77e5\u9053\u539f\u4f86\u9019\u4e9b\u54c1\u724c\u5168\u90e8\u90fd..."
        },
        {
            "id": "CP8cGNUTQq0",
            "title": "34\u6b72\u5927\u53d4\u8208\u596e\u5230\u958b\u59cb\u8b1b\u53e4\uff01\u958b\u7bb1\u795e\u528d\u95d6\u6c5f\u6e56\u8d85\u5927\u96d5\u50cf / HowFun"
        },
        {
            "id": "i2x0_xD77_c",
            "title": "\u8207\u962e\u7d93\u5929\u62cd\u7247\u7684\u90a3\u4e00\u5929\uff0c\u5973\u540c\u4e8b\u6688\u8239\u4e86 / HowFun"
        },
        {
            "id": "Kv4976HxB1I",
            "title": "\u72d0\u72f8\u600e\u9ebc\u53eb\u554a\uff1f"
        },
        {
            "id": "92mkPVpphcQ",
            "title": "\u8e22\u7206!!! \u4e10\u5e6b\u5e6b\u4e3b\u79c1\u4e0b\u7adf\u5982\u6b64\u6a6b\u884c\u9738\u9053 / HowFun"
        },
        {
            "id": "MoaWMowZE9E",
            "title": "\u963f\u660e\u7a7a\u6709\u4e00\u5f35\u5e25\u81c9\uff0c\u4ec0\u9ebc\u90fd\u4e0d\u6703\u3002/ HowFun"
        },
        {
            "id": "uZZ2h-Iidxo",
            "title": "\u6b77\u53f2\u4e0a\u6700\u5f37\u7684\u4e2d\u4e8c\u75c5\u60a3\u8005 / HowFun"
        },
        {
            "id": "C7g7AvmNI1U",
            "title": "\u4f60\u807d\u904e\u90a3\u500b\u6700\u5f37\u7684\u5b58\u5728\u55ce\uff1f"
        },
        {
            "id": "RH3iLGLgEC0",
            "title": "\u962e\u7d93\u5929\u6c92\u6551\u4e86 / HowFun"
        },
        {
            "id": "lMFdlOtUP8s",
            "title": "\u73ed\u9577\uff01\u73ed\u4e0a\u6709\u5c0f\u5077\uff01\u300a\u5e7c\u5152\u5712\u7562\u5178\u7cfb\u5217\u4e4b2023\u300b/ HowFun"
        },
        {
            "id": "PoD1BPb9aWg",
            "title": "\u4e16\u7d00\u96e3\u984c\uff01\u670b\u53cb\u751f\u65e5\u4e0d\u77e5\u9053\u8981\u9001\u4ec0\u9ebc\uff1f\uff01\u9019\u652f\u5f71\u7247\u4f60\u5fc5\u770b\uff01 / HowFun"
        },
        {
            "id": "-9Bp0VuTufQ",
            "title": "\u9322\u592a\u591a\u89ba\u5f97\u5f88\u91cd\uff1f\u4ea4\u7d66How\u9d3f\uff01/ HowFun"
        },
        {
            "id": "i3IUL4-gIBQ",
            "title": "\u9019\u5c31\u662f\u53f0\u7063\u4eba\u60c5\u5473\uff01\u5e6b\u52a9\u5916\u570b\u4eba\u627e\u5230\u56de\u5bb6\u7684\u8def / HowFun"
        },
        {
            "id": "IELK1Eb4IRA",
            "title": "\u9019\u9ebc\u597d\u7684\u5287\u672c\u600e\u9ebc\u6703\u88ab\u5ee0\u5546\u522a\u4e00\u5806\uff1f / HowFun"
        }
    ]
}