{
    "video_info": {
        "id": "-KhPJ9IabuA",
        "channelTitle": "\u5b89\u557e\u54aa",
        "title": "\u5927\u962a\u6cbb\u5b89\u6700\u5dee\u7684\u661f\u91ce\u98ef\u5e97\uff01\u4f46\u6709\u514d\u8cbb\u6cb3\u8c5a\u53ef\u4ee5\u5403\u3001\u9084\u80fd\u63d0\u53ef\u611b\u6cb3\u8c5a\u71c8\u7c60\uff01| \u5b89\u557e (\u309d\u2200\uff65) \u2661",
        "description": "\u6cb3\u8c5a\u71c8\u7c60\u9084\u80fd\u66f4\u53ef\u611b\u55ce\ud83d\udc21\nHoYoverse\u65b0\u4f5c\u9280\u6cb3\u5192\u96aaRPG\u300a\u5d29\u58de\uff1a\u661f\u7a79\u9435\u9053\u300b\u2606\u73fe\u5df2\u958b\u653e\u4e0b\u8f09 https://hoyo.link/fcpbCnAd\n\n\u958b\u670d\u514c\u63db\u78bc\uff08\u53ef\u7372\u5f9750\u661f\u74ca\uff01\uff09\uff1aHSRVER10XEDLFE\n\u6709\u6548\u6642\u9593\uff1a4/26 10:00\uff5e5/17 17:59 UTC+8\n\n\u9019\u6b21\u4f4f\u7684\u662f\u661f\u91ceOMO7 \u5927\u962a\n\u661f\u91ceOMO\u7cfb\u5217 \u5176\u5be6\u6211\u90fd\u5f88\u559c\u6b61\uff5e\n\u623f\u9593\u8a2d\u8a08\u5f88\u53ef\u611b\u4ee5\u5916 \u7406\u5ff5\u4e5f\u5f88\u6eab\u99a8\n\u6bcf\u9593OMO\u90fd\u5f88\u8a8d\u771f\u5e36\u4f60\u4e86\u89e3\u5468\u906d\u5340\u57df\u7684\u9b45\u529b\n\u7d66\u6211\u4e00\u7a2e\u5f88\u89aa\u5207\u53c8\u5728\u5730\u7684\u611f\u89ba\uff01\n\n\u27ab \u8a02\u95b1\u5b89\u557e\uff1ahttps://goo.gl/KmLFgD\n\u27ab \u5b89\u557eIG\uff1ahttps://www.instagram.com/anjouclever/\n\u27ab \u5b89\u557eFB\uff1ahttps://www.facebook.com/anjoupikachu/\n\ud83d\udc39 \u73a9\u5177\u958b\u7bb1\u5168\u96c6\uff1ahttps://goo.gl/91ulRJ",
        "likeCount": "1547",
        "commentCount": "56",
        "viewCount": "71698"
    },
    "comments": [
        {
            "reply_id": "UgySueB37cyK60Obmtx4AaABAg",
            "reply_content": "\u771f\u7684\u5e0c\u671b\u53ef\u4ee5\u518d\u6b21\u53bb\u65e5\u672c",
            "likeCount": 4
        },
        {
            "reply_id": "Ugy9ke05hck3CU6Yv4p4AaABAg",
            "reply_content": "\u90a3\u500b\u5c0f\u6295\u5f71\u770b\u8d77\u4f86\u5f88\u7f8e\u4ecb\u7d39\u4e5f\u5f88\u8a73\u7d30",
            "likeCount": 2
        },
        {
            "reply_id": "UgyZ73TfUCQd-Y0DxtF4AaABAg",
            "reply_content": "\u5c45\u7136\u53ef\u4ee5\u770b\u5230\u5b89\u557e\u73a9\u661f\u7aae\u9435\u9053",
            "likeCount": 1
        },
        {
            "reply_id": "Ugygs4ofhaTGLNzUgtJ4AaABAg",
            "reply_content": "\u6211\u6bd4\u8f83\u559c\u6b22\u557e\u54aa\u5f00\u7bb1\u73a9\u5177",
            "likeCount": 0
        },
        {
            "reply_id": "Ugye9iumAXjmlNe8vhZ4AaABAg",
            "reply_content": "\u52d5\u7269\u524d\u4e00\u756a\u8857\u7684\u68d2\u68d2\u7cd6\u597d\u5403",
            "likeCount": 0
        },
        {
            "reply_id": "UgxSS17eVUtqarfOUqF4AaABAg",
            "reply_content": "\u6211\u8ddf\u5bb6\u4eba\u4ee5\u524d\u53bb\u904e\u65e5\u672c\u7684\u540d\u53e4\u5c4b\u548c\u672d\u5e4c\u5e02\uff0c\u90a3\u500b\u718a\u6709\u4f86\u53f0\u7063\u904e",
            "likeCount": 0
        }
    ]
}