{
    "video_info": {
        "id": "1ORjzmQwsf8",
        "channelTitle": "\u5b89\u557e\u54aa",
        "title": "\u5728\u65e5\u672c\u590f\u5929 \u90fd\u548c\u559c\u6b61\u7684\u4eba\u770b\u82b1\u706b\u5927\u6703 | \u5b89\u557e (\u309d\u2200\uff65) \u2661",
        "description": "\u27ab \u8a02\u95b1\u5b89\u557e\uff1ahttps://goo.gl/KmLFgD\n\u27ab \u5b89\u557eIG\uff1ahttps://www.instagram.com/anjouclever/\n\u27ab \u5b89\u557eFB\uff1ahttps://www.facebook.com/anjoupikachu/\n\ud83d\udc39 \u73a9\u5177\u958b\u7bb1\u5168\u96c6\uff1ahttps://goo.gl/91ulRJ",
        "likeCount": "1047",
        "commentCount": "4",
        "viewCount": "14999"
    },
    "comments": []
}