{
    "video_info": {
        "id": "9y4N0K4ISgk",
        "channelTitle": "\u5b89\u557e\u54aa",
        "title": "\u6771\u4eac\u6700\u5f37\u6200\u611b\u795e\u793e\uff01| \u5b89\u557e (\u309d\u2200\uff65) \u2661",
        "description": "\u6771\u4eac\u4e94\u5927\u795e\u793e\u4e4b\u4e00\u26e9\ufe0f\n\u7e7c\u4e0a\u6b21\u7684\u6771\u4eac\u6700\u5f37\u91d1\u904b\u5c0f\u7db2\u795e\u793e\n\u9019\u6b21\u8ddf\u5927\u5bb6\u4ecb\u7d39\u6771\u4eac\u6700\u5f37\u7d50\u7de3\u795e\u793e\uff01\n\n\ud83c\udfe0 \u6771\u4eac\u5927\u795e\u5bae\n\u6771\u4eac\u90fd\u5343\u4ee3\u7530\u5340\u5bcc\u58eb\u898b2-4-1\n\u300c\u98ef\u7530\u6a4b\u300d\u7ad9\u6b65\u884c\u7d045\u5206\u9418\n\n6:00\uff5e21:00\n\u3002\u8cfc\u8cb7\u5fa1\u5b88 8:00 - 19:00\n\u3002\u8cfc\u8cb7\u5fa1\u6731\u5370\u5e16 9:00 - 17:00",
        "likeCount": "394",
        "commentCount": "3",
        "viewCount": "5018"
    },
    "comments": []
}