{
    "video_info": {
        "id": "A2rIAswv_Vk",
        "channelTitle": "\u5b89\u557e\u54aa",
        "title": "\u6700\u65b0\u73a9\u5177\u7e3d\u52d5\u54e1\u98ef\u5e97\uff01\u6771\u4eac\u8fea\u58eb\u5c3c\u5b8c\u7f8e\u9084\u539f\u5b89\u5f1f\u623f\u9593 | \u5b89\u557e (\u309d\u2200\uff65) \u2661",
        "description": "Andy\u62d6\u978b\u53ef\u4ee5\u5e36\u56de\u5bb6\u7576\u7d00\u5ff5\u54c1\uff01\n\n\u27ab \u8a02\u95b1\u5b89\u557e\uff1ahttps://goo.gl/KmLFgD\n\u27ab \u5b89\u557eIG\uff1ahttps://www.instagram.com/anjouclever/\n\u27ab \u5b89\u557eFB\uff1ahttps://www.facebook.com/anjoupikachu/\n\ud83d\udc39 \u73a9\u5177\u958b\u7bb1\u5168\u96c6\uff1ahttps://goo.gl/91ulRJ",
        "likeCount": "1682",
        "commentCount": "54",
        "viewCount": "50297"
    },
    "comments": [
        {
            "reply_id": "UgyqBJlzGgrtPGgjOv54AaABAg",
            "reply_content": "\u73a9\u5177\u98ef\u5e97\u623f\u5b50\u770b\u8d77\u4f86\u597d\u50cf\u6a02\u9ad8\u800c\u4e14\u5f88\u6f02\u4eae",
            "likeCount": 40
        },
        {
            "reply_id": "UgzAtDLDzDNanj3SaTV4AaABAg",
            "reply_content": "\u73fe\u5728\u5df2\u7d93\u662f\u5b89\u8fea\u7684\u73a9\u5177\u4e86",
            "likeCount": 0
        }
    ]
}