{
    "video_info": {
        "id": "dAw7GEbBcms",
        "channelTitle": "\u5b89\u557e\u54aa",
        "title": "\u8ddf\u6211\u5728\u53f0\u5317\u7d04\u6703\u4e00\u5929 & \u548c\u5c0f\u718a\u7dad\u5c3c\u7684\u806f\u540d\u5546\u54c1\u5927\u516c\u958b\uff01| \u5b89\u557e (\u309d\u2200\uff65) \u2661",
        "description": "\u795d\u5927\u5bb6\u6709\u904e\u751c\u751c\u7684\u4e00\u5929\nGrace Gift  feat. \u5b89\u557e Anjou \nDisney Collection \u5c0f\u718a\u7dad\u5c3c\u3010A lovely day\u3011\u7cfb\u5217\n\u27aahttps://bit.ly/42QYaFk\n\n\u27ab \u8a02\u95b1\u5b89\u557e\uff1ahttps://goo.gl/KmLFgD\n\u27ab \u5b89\u557eIG\uff1ahttps://www.instagram.com/anjouclever/\n\u27ab \u5b89\u557eFB\uff1ahttps://www.facebook.com/anjoupikachu/\n\ud83d\udc39 \u73a9\u5177\u958b\u7bb1\u5168\u96c6\uff1ahttps://goo.gl/91ulRJ",
        "likeCount": "1964",
        "commentCount": "130",
        "viewCount": "63236"
    },
    "comments": [
        {
            "reply_id": "UgyAQfGw6BDKPsmA4R94AaABAg",
            "reply_content": "\u606d\u559c\u5b89\u557e\u4e5f\u52a0\u5165\u8fb1\u83ef\u884c\u5217",
            "likeCount": 3
        },
        {
            "reply_id": "Ugw1yCTS6iDEO0hdKsh4AaABAg",
            "reply_content": "\u5b89\u557e\u597d\u7528\u5fc3\u7684\u8a2d\u8a08\u548c\u4ecb\u7d39",
            "likeCount": 2
        },
        {
            "reply_id": "UgxUor-iUIUxRdripm54AaABAg",
            "reply_content": "\u5b98\u7db2\u62cd\u7684\u7167\u7247\u8d85\u597d\u770b\u7684",
            "likeCount": 1
        },
        {
            "reply_id": "UgzGQcb6Y17e2eUEKDl4AaABAg",
            "reply_content": "\u5b89\u557e\u5df2\u7d93\u662f\u53ef\u611b\u7684\u4ee3\u540d\u8a5e\u4e86",
            "likeCount": 0
        },
        {
            "reply_id": "UgxXb0WjlJPTMC-ydNN4AaABAg",
            "reply_content": "\u597d\u559c\u6b61\u9019\u90e8\u5f71\u7247\u7684\u599d\u611f",
            "likeCount": 0
        },
        {
            "reply_id": "Ugwx4Aih3U7LnoizZFF4AaABAg",
            "reply_content": "\u5728\u5c0f\u5c0f\u7684\u82b1\u56ed\u91cc\u9762\u6316\u5440\u6316\u5440\u6316",
            "likeCount": 0
        },
        {
            "reply_id": "Ugzed1ArKQOAZnmZcCh4AaABAg",
            "reply_content": "\u60f3\u554f\u90a3\u500b\u5439\u98a8\u6a5f\u8ddf\u7d19\u7bb1\u7684\u7d44\u5408\u6703\u4e0d\u6703\u6709\u8d77\u706b\u7684\u5371\u96aa?",
            "likeCount": 0
        },
        {
            "reply_id": "Ugw9lf_R6l0oZFJqpr94AaABAg",
            "reply_content": "\u6210\u529f\u9ad8\u4e2d\u6211\u771f\u7684\u7b11\u5230\u4e0d\u884c",
            "likeCount": 0
        },
        {
            "reply_id": "Ugyxrn542D-d2tz6RGZ4AaABAg",
            "reply_content": "\u8b1d\u8b1d\u5b89\u557e\u59ca\u59ca\u70ba\u6211\u5011\u63a8\u85a6\u7684\u5c0f\u718a\u7dad\u5c3c\u76f8\u95dc\u5546\u54c1\uff0c\u771f\u7684\u5f88\u53ef\u611b",
            "likeCount": 0
        }
    ]
}