{
    "video_info": {
        "id": "F-87Ra1CTWg",
        "channelTitle": "\u5b89\u557e\u54aa",
        "title": "\u8ddf\u5009\u9f20\u6212\u6307\u4e00\u8d77\u958b\u82b1\ud83c\udf3c\ud83d\udc39\uff01| \u5b89\u557e (\u309d\u2200\uff65) \u2661",
        "description": "\u9019\u5df2\u7d93\u662f\u6211\u80a2\u9ad4\u8a9e\u8a00\u7684\u6700\u4f73\u8868\u73fe\u4e86\ud83e\udd23\n\n\u6700\u8fd1\u65e5\u672c\u626d\u86cb\u51fa\u597d\u591a\u6212\u6307\n\u9019\u6b3e\u6212\u76d2\u662f\u5009\u9f20\u7c60 \u9084\u6709\u92ea\u6728\u5c51\n\u5929\u5440\u592a\u53ef\u611b \u4e8b\u4e0d\u5b9c\u9072\u99ac\u4e0a\u626d\u4e86\u4e00\u500b",
        "likeCount": "2164",
        "commentCount": "21",
        "viewCount": "71960"
    },
    "comments": [
        {
            "reply_id": "Ugw5MCEfopJS7cU2RMl4AaABAg",
            "reply_content": "\u597d\u5fc3\u4eba\u544a\u8a34\u6211\u9019\u9996\u6b4c\u600e\u9ebc\u67e5",
            "likeCount": 1
        }
    ]
}