{
    "video_info": {
        "id": "l02l7PkSGUg",
        "channelTitle": "\u5b89\u557e\u54aa",
        "title": "\u9032\u5316\u7cfb\u6f02\u6d6e\u5927\u798f\uff01| \u5b89\u557e (\u309d\u2200\uff65) \u2661",
        "description": "\u27ab \u8a02\u95b1\u5b89\u557e\uff1ahttps://goo.gl/KmLFgD\n\u27ab \u5b89\u557eIG\uff1ahttps://www.instagram.com/anjouclever/\n\u27ab \u5b89\u557eFB\uff1ahttps://www.facebook.com/anjoupikachu/\n\ud83d\udc39 \u73a9\u5177\u958b\u7bb1\u5168\u96c6\uff1ahttps://goo.gl/91ulRJ",
        "likeCount": "1805",
        "commentCount": "13",
        "viewCount": "35606"
    },
    "comments": [
        {
            "reply_id": "Ugz8XmTJt_flniDmcYp4AaABAg",
            "reply_content": "\u807d\u5230\u770b\u5230\u5b89\u557e\u5c31\u9032\u5316\u8d77\u4f86\u4e86",
            "likeCount": 0
        }
    ]
}