{
    "video_info": {
        "id": "LfzLKfRdksw",
        "channelTitle": "\u5b89\u557e\u54aa",
        "title": "\u4eba\u751f\u9996\u6b21\u6311\u6230\u6c34\u4e0b\u651d\u5f71 \u539f\u4f86\u6211\u6ce1\u7684\u662f\u96de\u6e6f | \u5b89\u557e (\u309d\u2200\uff65) \u2661",
        "description": "\u27ab \u8a02\u95b1\u5b89\u557e\uff1ahttps://goo.gl/KmLFgD\n\u27ab \u5b89\u557eIG\uff1ahttps://www.instagram.com/anjouclever/\n\u27ab \u5b89\u557eFB\uff1ahttps://www.facebook.com/anjoupikachu/\n\ud83d\udc39 \u73a9\u5177\u958b\u7bb1\u5168\u96c6\uff1ahttps://goo.gl/91ulRJ",
        "likeCount": "23164",
        "commentCount": "112",
        "viewCount": "522171"
    },
    "comments": [
        {
            "reply_id": "UgzVwuMofU2qqAY20GZ4AaABAg",
            "reply_content": "\u9084\u662f\u5efa\u8b70\u5225\u5728\u9019\u7a2e\u6c34\u6c60\u5167\u775c\u958b\u773c\u775b\uff0c\u9019\u5c0d\u773c\u775b\u6709\u5f88\u5927\u5f71\u97ff\uff0c\u4f55\u6cc1\u6c34\u6c60\u5167\u6709\u591a\u5c11\u5fae\u751f\u7269\u662f\u8089\u773c\u770b\u4e0d\u898b\u7684",
            "likeCount": 1
        },
        {
            "reply_id": "UgyvSLMV9_9tmr52uY54AaABAg",
            "reply_content": "\u61c9\u8a72\u662f\u6709\u62cd\u651d\u58d3\u529b\u624d\u6210\u529f\uff0c\u5931\u6557\u9322\u8ddf\u6642\u9593\u5c31\u98db\u4e86",
            "likeCount": 0
        },
        {
            "reply_id": "UgyeLLAq0pU9CX_JQRd4AaABAg",
            "reply_content": "\u5b89\u557e\u771f\u7684\u662f\u771f\u6b63\u7684\u5973\u795e",
            "likeCount": 0
        },
        {
            "reply_id": "UgwX90fGIvyROZRr6GB4AaABAg",
            "reply_content": "\u6562\u4e0d\u6562\u7a7f\u7740\u5973\u4eba\u7684\u6e38\u6cf3\u8863\u53bb\u6e38\u6cf3\u6c60\u6e38\u6cf3",
            "likeCount": 0
        },
        {
            "reply_id": "UgyGCJ2dhj22nEi9eIl4AaABAg",
            "reply_content": "\u773c\u775b\u78b0\u5230\u6c34\u6703\u75db\u8868\u793a\u6c34\u4e0d\u4e7e\u6de8",
            "likeCount": 0
        }
    ]
}