{
    "video_info": {
        "id": "MN7s5ZM0oqY",
        "channelTitle": "\u5b89\u557e\u54aa",
        "title": "\u518d\u600e\u9ebc\u8aaa\u6211\u4e5f\u662f\u65b0\u5317\u5409\u5ca1\u91cc\u5e06\uff08\uff1f\uff1f\u773e\u4eba\u554f\u865f",
        "description": "\u518d\u600e\u9ebc\u8aaa\u6211\u4e5f\u662f\u65b0\u5317\u5409\u5ca1\u91cc\u5e06\uff08\uff1f\uff1f\u773e\u4eba\u554f\u865f\n\u540c\u70ba\u5c0f\u72d0\u72f8\u662f\u4e0d\u80fd\u7f3a\u5e2d\u7684\ud83e\udd8a\n\u4eca\u59294/19\u958b\u5e55\uff01\n\u5c0f\u72d0\u72f8\u8cbc\u7d19\u662f\u958b\u5e55\u79ae \u9001\u5b8c\u70ba\u6b62\u5537\n\n\u9019\u6b21\u7279\u5225\u6e96\u5099\u5c0f\u79ae\u7269\u7d66\u5927\u5bb6\uff08\u5728IG\u8209\u8fa6\u4e2d\uff01\uff09\n\u53ea\u8981\u6309\u611b\u5fc3+\u7559\u8a00\u5c0d\u557e\u60f3\u8aaa\u7684\u8a71\n\u5c31\u6709\u6a5f\u6703\u62bd\u4e2d\u6211\u624b\u4e0a\u7684Caf\u00e9 Kitsun\u00e9\u96a8\u884c\u676f\u5537\uff5e\uff01",
        "likeCount": "2699",
        "commentCount": "15",
        "viewCount": "70900"
    },
    "comments": []
}