{
    "video_info": {
        "id": "qITwy1jvkfY",
        "channelTitle": "\u5b89\u557e\u54aa",
        "title": "2022\u65e5\u672c\u5973\u5b50\u79cb\u51ac\u6d41\u884c\uff01\u7adf\u7136\u6d41\u884c\u8d77\u8896\u5957...?| \u5b89\u557e (\u309d\u2200\uff65) \u2661",
        "description": "\u65e5\u672c2022\u7684\u7a7f\u642d\u6709\u4e00\u4e9b\u65b0\u5947\u8b8a\u5316\n\u4e0d\u77e5\u9053\u5728\u53f0\u7063\u8857\u982d\u4e5f\u6703\u770b\u898b\u55ce\uff01\n\u4f46\u5148\u5225\u8aaa\u9019\u500b\u4e86\n\u5728FB\u73fe\u5728\u6709\u9177\u6d1b\u7c73\u773c\u93e1\u62bd\u734e\u6d3b\u52d5\u54e6\uff5e\uff5e\n\u50b3\u9001\u9580\uff1ahttps://fb.watch/gvmM0YAoDG/\n\n\u4e00\u8d77\u6210\u70ba\u9177\u6d1b\u7c73\u5c0f\u60e1\u9b54\uff1ahttps://reurl.cc/GXZ4op\nOWNDAYS \u9177\u6d1b\u7c73\u806f\u540d\u773c\u93e1 $2,990-$3,490\u914d\u5230\u597d\ud83d\udc53\n\n\u27ab \u8a02\u95b1\u5b89\u557e\uff1ahttps://goo.gl/KmLFgD\n\u27ab \u5b89\u557eIG\uff1ahttps://www.instagram.com/anjouclever/\n\u27ab \u5b89\u557eFB\uff1ahttps://www.facebook.com/anjoupikachu/\n\ud83d\udc39 \u73a9\u5177\u958b\u7bb1\u5168\u96c6\uff1ahttps://goo.gl/91ulRJ",
        "likeCount": "2385",
        "commentCount": "109",
        "viewCount": "76314"
    },
    "comments": [
        {
            "reply_id": "UgxudEuPrc61ZPpoqIx4AaABAg",
            "reply_content": "\u5b89\u557e\u5c31\u662f\u6c23\u8cea\u6587\u85dd\u7684\u4ee3\u8868\u5427\uff0c\u4e0d\u8ad6\u5404\u7a2e\u98a8\u683c\u6642\u5c1a\u90fd\u5f88\u5408\u9069\u5462",
            "likeCount": 2
        },
        {
            "reply_id": "UgwDz555jbjL9FTB5PB4AaABAg",
            "reply_content": "\u9019\u500b\u4e3b\u984c\u592a\u9069\u5408\u5b89\u557e\u4e86",
            "likeCount": 2
        },
        {
            "reply_id": "UgxDQxkdsY0wuyXnPld4AaABAg",
            "reply_content": "\u56e0\u70ba\u662f\u842c\u8056\u7bc0\u6240\u4ee5\u662f\u5eab\u6d1b\u7c73\u7684\u751f\u65e5\u5594",
            "likeCount": 0
        },
        {
            "reply_id": "UgxtdsdA3AnqFlu-MGZ4AaABAg",
            "reply_content": "\u6211\u5370\u8c61\u4e2d\u9177\u6d1b\u7c73\u548c\u7f8e\u6a02\u8482\u662f\u6b7b\u5c0d\u982d",
            "likeCount": 0
        },
        {
            "reply_id": "UgwTAFSXWQgfCq6KTvF4AaABAg",
            "reply_content": "\u597d\u4e45\u6c92\u51fa\u7247\u7d42\u65bc\u51fa\u7247\u4e86",
            "likeCount": 0
        }
    ]
}