{
    "video_info": {
        "id": "TklW7_XhnjA",
        "channelTitle": "\u5b89\u557e\u54aa",
        "title": "\u884c\u524d\u5fc5\u770b\ud83d\udd25\u6771\u4eac\u8fea\u58eb\u5c3c\u6700\u5f37\u653b\u7565! \u4e0d\u77e5\u9053\u600e\u9ebc\u73a9? \u770b\u5b8c\u76f4\u63a5\u8b8a\u5927\u5e2b\u266a| \u5b89\u557e (\u309d\u2200\uff65) \u2661",
        "description": "\u6559\u5927\u5bb6\uff5e\u7b2c\u4e00\u6b21\u73a9\u8fea\u58eb\u5c3c\u5c31\u4e0a\u624b\uff01\n\u5168\u90e8\u90fd\u662f\u6700\u65b0\u6700\u65b0\u7684\u60c5\u5831\uff01\n\u9019\u6b21\u7279\u5225\u653eQR CODE\u5728\u5f71\u7247\u88e1\n\u771f\u7684\u518d\u4e5f\u4e0d\u7528\u614c\uff5e\u9ede\u9032\u5b98\u7db2\u6703\u6709\u66f4\u6e05\u695a\u7684\u8cc7\u8a0a\u5537\n\n\u27ab \u8a02\u95b1\u5b89\u557e\uff1ahttps://goo.gl/KmLFgD\n\u27ab \u5b89\u557eIG\uff1ahttps://www.instagram.com/anjouclever/\n\u27ab \u5b89\u557eFB\uff1ahttps://www.facebook.com/anjoupikachu/\n\ud83d\udc39 \u73a9\u5177\u958b\u7bb1\u5168\u96c6\uff1ahttps://goo.gl/91ulRJ",
        "likeCount": "7346",
        "commentCount": "258",
        "viewCount": "313507"
    },
    "comments": [
        {
            "reply_id": "Ugyzn5W8Ud26eWCds9R4AaABAg",
            "reply_content": "\u7f8e\u5973\u8207\u91ce\u7378\u771f\u7684\u662f\u770b\u5230\u5feb\u54ed\u51fa\u4f86\uff0c\u6c23\u6c1b\u71df\u9020\u5f97\u592a\u5b8c\u7f8e\u4e86",
            "likeCount": 23
        },
        {
            "reply_id": "UgxexNt_xNvvDF27XZ14AaABAg",
            "reply_content": "\u8fea\u58eb\u5c3c\u771f\u7684\u662f\u5f88\u6703\u6436\u9322\u55da\u55da\n\u5922\u60f3\u662f\u53bb\u8fea\u58eb\u5c3c\u8fa6\u5a5a\u79ae\n\u5f88\u7fa8\u6155\u90a3\u7a2e\u4f4f\u5728\u8fea\u58eb\u5c3c\u9644\u8fd1\u8cb7\u5e74\u5361\u60f3\u53bb\u5c31\u53bb\u7684\u4eba",
            "likeCount": 1
        },
        {
            "reply_id": "Ugy5CIPEZikCAhXMpgZ4AaABAg",
            "reply_content": "\u53ef\u662f\u4f60\u5982\u679c\u6c92\u6709\u5728\u65e5\u672c\u7684\u5730\u5740\u6ce8\u518a\u65e5\u672c\u7684\u5e33\u865f\uff0c\u662f\u4e0d\u80fd\u8cb7\u5047\u671f\u5957\u7968\u7684",
            "likeCount": 1
        },
        {
            "reply_id": "Ugw0IomlmxpAFkFJJU54AaABAg",
            "reply_content": "\u54c8\u54c8\u90a3\u500b\u9a5a\u9b42\u53e4\u5821\u6211\u76f4\u63a5\u5728\u4e0a\u9762\u7206\u54ed \u771f\u7684\u662f\u9748\u9b42\u5148\u98c4\u8d70\u7684\u90e8\u5206",
            "likeCount": 0
        },
        {
            "reply_id": "UgypqJ0WQZ7ZUdRFVeF4AaABAg",
            "reply_content": "\u70ba\u4ec0\u9ebc\u6211\u89ba\u5f97\u5b89\u557e\u7684\u81c9\u597d\u50cf\u8b8a\u4e86",
            "likeCount": 0
        },
        {
            "reply_id": "UgzzJ2jVrcUPNUO5tSt4AaABAg",
            "reply_content": "\u8d85\u559c\u6b61\u5b89\u557e\u7684\u8fea\u58eb\u5c3c\u4ecb\u7d39 \u5fcd\u4e0d\u4f4f\u8ddf\u8457\u8208\u596e\u8d77\u4f86",
            "likeCount": 0
        },
        {
            "reply_id": "UgwGOT-thMeoeOF4HCl4AaABAg",
            "reply_content": "\u8acb\u554f\u5957\u7968\u662f\u5728\u54ea\u88e1\u8cb7\u7684\u5462",
            "likeCount": 0
        },
        {
            "reply_id": "UgzwOzkk4b0jBeGqhQ94AaABAg",
            "reply_content": "\u7f8e\u5973\u91ce\u517d\u771f\u7684\u8981\u53bb \u8ba9\u904d\u4f53\u9cde\u4f24\u4e4b\u4eba\u4e5f\u76f8\u4fe1\u4e86\u771f\u7231\u54c8\u54c8\u54c8\u54c8",
            "likeCount": 0
        },
        {
            "reply_id": "Ugy-g0MS1_cTOL-F5Ed4AaABAg",
            "reply_content": "\u8acb\u554f\u9019\u500b\u5957\u7968\u73fe\u5728\u662f\u4e0d\u662f\u6c92\u8ce3\u4e86\uff1f\u5b98\u7db2\u4e0a\u5beb\u6c92\u8ce3\u4e86",
            "likeCount": 0
        },
        {
            "reply_id": "UgxcSj5ibo467gPTl754AaABAg",
            "reply_content": "\u8acb\u554f\u5047\u671f\u5957\u7968\u6709\u9650\u5b9a\u65e5\u672c\u4eba\u624d\u80fd\u8cfc\u8cb7\u55ce\uff1f\u6211\u8a3b\u518a\u767b\u5165\u4e86\u986f\u793a\u4e0d\u63d0\u4f9b\u670d\u52d9\uff0c\u4f46\u672a\u767b\u5165\u524d\u53ef\u4ee5\u9078\u64c7\u98ef\u5e97\u8ddf\u65e5\u671f",
            "likeCount": 0
        },
        {
            "reply_id": "Ugz7YTqJacW41TN05u94AaABAg",
            "reply_content": "\u770b\u4e86\u5b89\u557e\u62cd\u7684\u9019\u90e8\u5f71\u7247.\u6211\u4e5f\u597d\u60f3\u53bb\u6771\u4eac\u8fea\u58eb\u5c3c\u5594",
            "likeCount": 0
        },
        {
            "reply_id": "Ugx4Hc600Yb2bBUOUFt4AaABAg",
            "reply_content": "\u600e\u9ebc\u4e0d\u63d0\u50f9\u9322\uff1f\u6383\u4f60\u5f71\u7247\u7684\u4e8c\u7dad\u78bc\u5b98\u7db2\u6c92\u6709\u5beb\u50f9\u9322\u591a\u5c11",
            "likeCount": 0
        },
        {
            "reply_id": "Ugx7DQjHCdkWsmiL2cl4AaABAg",
            "reply_content": "\u5c0f\u5973\u5b69\u4f2f\u4f2f\u7b2c\u4e00\u6b21\u770b\u59b3\u7247\u5b50\u6ee1\u6d3b\u6f51\u53ef\u611b\u8a73\u7d30\u8aaa\u660e\u6309\u500b\u8b9a\u665a\u5b89",
            "likeCount": 0
        },
        {
            "reply_id": "UgydiMQuKVzp5LgSRJV4AaABAg",
            "reply_content": "\u963f\u557e\u662f\u53bb\u6d77\u6d0b\u7684\u9084\u662f\u9678\u5730\u7684",
            "likeCount": 0
        },
        {
            "reply_id": "Ugzw9gsYAA0WEIjMKHV4AaABAg",
            "reply_content": "\u76ee\u524d\u9084\u6c92\u6709\u5c0d\u9762\u7684\u65c5\u5ba2\uff0c\u54c1\u8cea\u80fd\u5f97\u5230\u4e00\u5b9a\u7684\u78ba\u4fdd",
            "likeCount": 3
        },
        {
            "reply_id": "UgzAOUlUk4qTICgrxTJ4AaABAg",
            "reply_content": "\u6771\u4eac\u8fea\u58eb\u5c3c\u6a02\u5712\u6211\u771f\u60f3\u53bb\u7531\u5176\u662f\u90a3\u500b\u9b3c\u5c4b\u771f\u7684\u770b\u4e86\u8d85\u6709\u8da3",
            "likeCount": 3
        },
        {
            "reply_id": "Ugz4uej76ptgQvFVI1l4AaABAg",
            "reply_content": "\u5b89\u557e\u7684\u8fea\u58eb\u5c3c\u653b\u7565\u5f71\u7247\u5be6\u5728\u662f\u592a\u7528\u5fc3\u4e86~\u8b1d\u8b1d\u7d30\u5fc3\u7684\u6574\u7406",
            "likeCount": 2
        },
        {
            "reply_id": "UgwdOXJ6GphVktCwLpx4AaABAg",
            "reply_content": "\u4ee5\u524d\u4e5f\u6709\u53bb\u904e\u6771\u4eac\u8fea\u58eb\u5c3c\uff0c\u771f\u5e0c\u671b\u672a\u4f86\u9084\u53ef\u4ee5\u518d\u53bb\u4e00\u6b21",
            "likeCount": 2
        },
        {
            "reply_id": "Ugx4fH8U0Y3Pr5x3WZN4AaABAg",
            "reply_content": "\u6211\u7576\u521d\u5750\u90a3\u500b\u96fb\u68af\u4e5f\u662f\u5687\u5230\u4e0d\u8981\u4e0d\u8981\u7684\uff0c\u5fc3\u88e1\u4e00\u76f4\u5436\u558a\u62dc\u8a17\u8d95\u5feb\u7d50\u675f",
            "likeCount": 1
        },
        {
            "reply_id": "UgyiZRdc1sCBsAHbMXt4AaABAg",
            "reply_content": "\u60f3\u77e5\u4f4f\u623f\u5957\u7968\u591a\u5c11\u9322\u5462",
            "likeCount": 0
        }
    ]
}