{
    "video_info": {
        "id": "Xj63GWKBhWM",
        "channelTitle": "\u5b89\u557e\u54aa",
        "title": "\u770b\u6771\u4eac\u9435\u5854\ud83d\uddfc\u548c\u5ba2\u88fd\u751f\u65e5\u751c\u9ede\u76e4\u7684\u666f\u89c0\u9910\u5ef3\ud83d\udc97 | \u5b89\u557e (\u309d\u2200\uff65) \u2661",
        "description": "\u27ab \u8a02\u95b1\u5b89\u557e\uff1ahttps://goo.gl/KmLFgD\n\u27ab \u5b89\u557eIG\uff1ahttps://www.instagram.com/anjouclever/\n\u27ab \u5b89\u557eFB\uff1ahttps://www.facebook.com/anjoupikachu/\n\ud83d\udc39 \u73a9\u5177\u958b\u7bb1\u5168\u96c6\uff1ahttps://goo.gl/91ulRJ",
        "likeCount": "1500",
        "commentCount": "25",
        "viewCount": "29122"
    },
    "comments": []
}