{
    "channel": {
        "title": "\u53f0\u5357Josh",
        "id": "UCWAgfxHuoVWm4rmqYwoKvlw",
        "customUrl": "@tainanjosh",
        "uploads": "UUWAgfxHuoVWm4rmqYwoKvlw"
    },
    "videos": [
        {
            "id": "d4VVb8pGXMs",
            "title": "\u53f0\u92fc\u64f4\u7de8\u9078\u79c0\u958b\u734e\uff01\u9019\u500b\u7d50\u679c\u7b97\u662f\u7206\u51b7\u9580\u55ce\uff1f"
        },
        {
            "id": "T21sw93aUbI",
            "title": "\u4e00\u8d77\u770b\u53f0\u92fc\u64f4\u7de8\u9078\u79c0\u958b\u734e\u3010\u9592\u804a\u76f4\u64ad\u3011"
        },
        {
            "id": "KaWUuORapPk",
            "title": "\u4e00\u8d77\u770b\u53f0\u92fc\u64f4\u7de8\u9078\u79c0\u958b\u734e\u3010\u9592\u804a\u76f4\u64ad\u3011"
        },
        {
            "id": "XDCX4S_42-k",
            "title": "\u53f0\u92fc\u64f4\u7de8\u9078\u79c0\u6703\u9078\u8ab0\uff1f\u6797\u6cd3\u80b2\u8ddf\u738b\u7dad\u4e2d\u6703\u5728\u4fdd\u8b77\u540d\u55ae\u88e1\u55ce\uff1f"
        },
        {
            "id": "9kbliIM69iQ",
            "title": "\u3010\u5927\u806f\u76df\u7403\u5834\u4e4b\u65c5EP.10\u3011\u807d\u8aaa\u6cbb\u5b89\u582a\u616e\u7684\u8001\u864e\u7403\u5834\uff1f\u539f\u4f86\u6700\u582a\u616e\u7684\u662f\u9019\u98df\u7269\u7684\u8ce3\u76f8\uff01"
        },
        {
            "id": "8z1CpFGhUrk",
            "title": "2023\u4e2d\u83ef\u8077\u68d2\u4e09\u5927\u500b\u4eba\u734e\u9805\u9810\u6e2c\uff01MVP\u3001\u65b0\u4eba\u738b\u3001\u6700\u4f73\u9032\u6b65\u734e\uff01"
        },
        {
            "id": "NkDiYChXHsU",
            "title": "\u65e5\u672c\u968a\u5b8c\u7f8e\u7684\u6230\u8853\u57f7\u884c\u529b\uff014\u9846\u7403\u9006\u8f49\u97d3\u570b\u596a\u51a0\uff01\u3010\u76f4\u64ad\u7cbe\u83ef\u3011"
        },
        {
            "id": "_8IMBpGyn0A",
            "title": "\u4e9e\u6d32\u8077\u68d2\u51a0\u8ecd\u722d\u9738\u8cfd \u97d3\u570b vs \u65e5\u672c\u3010\u770b\u7403\u9592\u804a\u76f4\u64ad\u3011"
        },
        {
            "id": "zgpplvMyQ3o",
            "title": "\u4e9e\u6d32\u8077\u68d2\u51a0\u8ecd\u722d\u9738\u8cfd \u6fb3\u6d32 vs \u53f0\u7063\u3010\u770b\u7403\u9592\u804a\u76f4\u64ad\u3011"
        },
        {
            "id": "bMzD21ksgpM",
            "title": "\u4e9e\u6d32\u8077\u68d2\u51a0\u8ecd\u722d\u9738\u8cfd \u53f0\u7063 vs \u97d3\u570b\u3010\u770b\u7403\u9592\u804a\u76f4\u64ad\u3011"
        },
        {
            "id": "2MflfZL20Iw",
            "title": "\u4e9e\u51a0\u8cfd\u66fe\u5cfb\u5cb3\u5546\u54c1\u5c55\u793a\u5927\u5931\u6557\uff01\u53e4\u6797\u53cd\u5012\u5f15\u8d77\u65e5\u672c\u95dc\u6ce8\uff01\u3010\u76f4\u64ad\u7cbe\u83ef\u3011"
        },
        {
            "id": "BiI3jR4O3QE",
            "title": "\u4e9e\u6d32\u8077\u68d2\u51a0\u8ecd\u722d\u9738\u8cfd \u65e5\u672c vs \u53f0\u7063\u3010\u770b\u7403\u9592\u804a\u76f4\u64ad\u3011"
        },
        {
            "id": "xQqUlvT3YG8",
            "title": "\u7cbe\u6e96\u9810\u5224\u51fa\u53f0\u7063\u5927\u8cfdG7\u7684\u95dc\u9375\u9ede\uff01\u53ef\u662f\u5c0d\u65bc\u5f90\u82e5\u7199\u7684\u9810\u5224\u5c31...\u3010\u76f4\u64ad\u7cbe\u83ef\u3011"
        },
        {
            "id": "np0XNZ_mtl0",
            "title": "\u4e2d\u83ef\u8077\u68d2\u53f0\u7063\u5927\u8cfdG7 \u5473\u5168 vs \u6a02\u5929\u3010\u770b\u7403\u9592\u804a\u76f4\u64ad\u3011"
        },
        {
            "id": "7xzrAK4r8Fc",
            "title": "\u53f0\u7063\u5927\u8cfdG7\u6700\u7d42\u6c7a\u6230\uff01\u5473\u5168\u6a02\u5929\u8ab0\u4f54\u4e0a\u98a8\uff1f"
        },
        {
            "id": "LNGCcI8k9Ro",
            "title": "\u4e2d\u83ef\u8077\u68d2\u53f0\u7063\u5927\u8cfdG6 \u5473\u5168 vs \u6a02\u5929\u3010\u770b\u7403\u9592\u804a\u76f4\u64ad\u3011"
        },
        {
            "id": "49saXeuGKjA",
            "title": "\u6731\u80b2\u8ce2\u6253\u64ca\u7387\u53ea\u5269.538\uff01\u5c1a\u66f8\u5927\u4eba\u770b\u53f0\u7063\u5927\u8cfd\uff1f\u3010\u76f4\u64ad\u7cbe\u83ef\u3011"
        },
        {
            "id": "rf5MjBAynko",
            "title": "\u4e2d\u83ef\u8077\u68d2\u53f0\u7063\u5927\u8cfdG5 \u5473\u5168 vs \u6a02\u5929\u3010\u770b\u7403\u9592\u804a\u76f4\u64ad\u3011"
        },
        {
            "id": "QW-tZaSXxcM",
            "title": "\u6578\u5b78\u64ca\u6557\u6c92\u6599\u7384\u5b78\uff1f\u6709\u6599YT\u4ed4\u65e9\u5c31\u77e5\u9053\u90ed\u5929\u4fe1\u4e00\u5b9a\u6703\u5b89\u6253\uff01\u3010\u76f4\u64ad\u7cbe\u83ef\u3011"
        },
        {
            "id": "10FNbw0ptmU",
            "title": "\u4e2d\u83ef\u8077\u68d2\u53f0\u7063\u5927\u8cfdG4 \u5473\u5168 vs \u6a02\u5929\u3010\u770b\u7403\u9592\u804a\u76f4\u64ad\u3011"
        },
        {
            "id": "BtpB7qPszqY",
            "title": "\u5728\u53f0\u6771\u8ddf\u6eff\u6eff\u7684\u722a\u8ff7\u6b61\u6a02\u770b\u68d2\u7403\uff01\u665a\u4e0a\u7adf\u7136\u5728\u623f\u9593\u9047\u5230\u53ef\u6015\u751f\u7269\uff1f"
        },
        {
            "id": "ZuQW5wxrVG8",
            "title": "\u53c8\u88ab\u56b4\u5b8f\u921e\u6253\u81c9\uff01\u9019\u4eba\u600e\u9ebc\u6c38\u9060\u5b78\u4e0d\u6703\u6559\u8a13\uff01\u3010\u76f4\u64ad\u7cbe\u83ef\u3011"
        },
        {
            "id": "Yv78eTBLhOY",
            "title": "\u4e2d\u83ef\u8077\u68d2\u53f0\u7063\u5927\u8cfdG3 \u5473\u5168 vs \u6a02\u5929\u3010\u770b\u7403\u9592\u804a\u76f4\u64ad\u3011"
        },
        {
            "id": "MnG01EVW7Uw",
            "title": "\u677f\u51f3\u6e05\u7a7a\uff01\u53f0\u7063\u5927\u8cfd\u51fa\u73fe\u5927\u5834\u9762\u4e86\uff01\u3010\u76f4\u64ad\u7cbe\u83ef\u3011"
        },
        {
            "id": "7Gsnj4fgSKI",
            "title": "\u4e2d\u83ef\u8077\u68d2\u53f0\u7063\u5927\u8cfdG2 \u6a02\u5929 vs \u5473\u5168\u3010\u770b\u7403\u9592\u804a\u76f4\u64ad\u3011"
        },
        {
            "id": "eVOtB1aKP3s",
            "title": "\u96d9\u65b9\u82e6\u623014\u5c40\u7684\u53f2\u8a69\u7d1a\u6230\u5f79\uff01\u5289\u57fa\u9d3b\u518d\u898b\u8f5f\u8b93\u6211\u5fcd\u4e0d\u4f4f\u5927\u53eb\uff01\u3010\u76f4\u64ad\u7cbe\u83ef\u3011"
        },
        {
            "id": "-kA70NkxonI",
            "title": "\u4e2d\u83ef\u8077\u68d2\u53f0\u7063\u5927\u8cfdG1 \u6a02\u5929 vs \u5473\u5168\u3010\u770b\u7403\u9592\u804a\u76f4\u64ad\u3011"
        },
        {
            "id": "oOz89Zm_Q1M",
            "title": "2023\u53f0\u7063\u5927\u8cfd\u9810\u6e2c\uff01\u4eca\u5e74\u7684\u51a0\u8ecd\u6211\u60f3\u5c31\u662f\u4ed6\u5011\u4e86\uff01"
        },
        {
            "id": "sS05t5iIGV0",
            "title": "\u4e0d\u597d\u610f\u601d \u4f60\u8aaa\u8ab0\u7684\u653b\u64ca\u80fd\u529b\u4e0d\u4f73\uff1f\u3010\u76f4\u64ad\u7cbe\u83ef\u3011"
        },
        {
            "id": "MQ0gj1Vxgng",
            "title": "\u4e2d\u83ef\u8077\u68d2\u5b63\u5f8c\u6311\u6230\u8cfdG3 \u6a02\u5929 vs \u7d71\u4e00\u3010\u770b\u7403\u9592\u804a\u76f4\u64ad\u3011"
        },
        {
            "id": "bijxegj4HlQ",
            "title": "\u3010\u5b63\u5f8c\u6311\u6230\u8cfdG2\u8cfd\u5f8c\u56de\u9867\u3011\u76f4\u64ca\u982d\u90e8\u7684\u8d85\u53ef\u6015\u5f37\u8972\u7403\uff01\u5de6\u6295\u5957\u9910\u5c07\u7d71\u4e00\u7345\u903c\u5165\u7d55\u5883\uff01"
        },
        {
            "id": "t8UHG_GOuFU",
            "title": "\u4e2d\u83ef\u8077\u68d2\u5b63\u5f8c\u6311\u6230\u8cfdG2 \u7d71\u4e00 vs \u6a02\u5929\u3010\u770b\u7403\u9592\u804a\u76f4\u64ad\u3011"
        },
        {
            "id": "GCLaSWQmUw8",
            "title": "\u3010\u5b63\u5f8c\u6311\u6230\u8cfdG1\u8cfd\u5f8c\u56de\u9867\u3011\u6c7a\u5b9a\u52dd\u8ca0\u7684\u95dc\u9375\u9078\u64c7\uff1f\u6797\u76ca\u5168\u4e5d\u5c40\u4e0b\u8a72\u77ed\u6253\u9084\u662f\u5f37\u653b\uff1f"
        },
        {
            "id": "LTlHslyR3yE",
            "title": "\u4e2d\u83ef\u8077\u68d2\u5b63\u5f8c\u6311\u6230\u8cfdG1 \u6a02\u5929 vs \u7d71\u4e00\u3010\u770b\u7403\u9592\u804a\u76f4\u64ad\u3011"
        },
        {
            "id": "zPZLLZUtBrg",
            "title": "\u6a02\u5929\u7d71\u4e00\u5b63\u5f8c\u6311\u6230\u8cfd\u9810\u6e2c\uff01\u6211\u8a8d\u70ba\u54ea\u968a\u6703\u6649\u7d1a\uff1f"
        },
        {
            "id": "6FI28hhqvPo",
            "title": "\u4e9e\u51a0\u8cfd\u540d\u55ae\u6709\u9673\u5091\u61b2\u6c92\u5ed6\u5065\u5bcc\uff1f\u6211\u7684\u770b\u6cd5\u662f\uff1f"
        },
        {
            "id": "QXUkZoB8gog",
            "title": "\u733f\u8c61\u6700\u7d42\u6c7a\u6230\uff01\u8f9c\u52a9\u4e00\u64f2\u5931\u6557\uff01\u3010\u76f4\u64ad\u7cbe\u83ef\u3011"
        },
        {
            "id": "W8I8y5uUa4A",
            "title": "\u5927\u5947\u8e5f\u65e5or\u5947\u8e5f\u7d42\u7d50\uff1f\u4e2d\u4fe1 vs \u6a02\u5929\u3010\u770b\u7403\u9592\u804a\u76f4\u64ad\u3011"
        },
        {
            "id": "gzNIZMoGUEE",
            "title": "\u3010\u5927\u806f\u76df\u7403\u5834\u4e4b\u65c5EP.9\u3011\u7a7f\u8457\u7b11\u6b7bT\u9032\u5834\u770b\u5927\u8c37\u7fd4\u5e73\uff01\u5927\u8c37\u7684\u7c3d\u540d\u5546\u54c1\u7adf\u7136\u8cb4\u5230\u9019\u9ebc\u53ef\u6015\uff01"
        },
        {
            "id": "l0E02jHnW6k",
            "title": "\u5b63\u5f8c\u8cfd\u9580\u7968\u722d\u596a\u6230G2 \u6a02\u5929 vs \u4e2d\u4fe1\u3010\u770b\u7403\u9592\u804a\u76f4\u64ad\u3011"
        },
        {
            "id": "YyCtQJJCzXY",
            "title": "\u539f\u4f86\u9ad8\u5b87\u6770\u662f\u653b\u52e2\u8d77\u7206\u5291\uff01\u5b50\u8c6a\u80a1\u6301\u7e8c\u770b\u6f32\uff01\u3010\u76f4\u64ad\u7cbe\u83ef\u3011"
        },
        {
            "id": "jOYo4Rh3eok",
            "title": "\u5b63\u5f8c\u8cfd\u9580\u7968\u722d\u596a\u6230 \u6a02\u5929 vs \u4e2d\u4fe1\u3010\u770b\u7403\u9592\u804a\u76f4\u64ad\u3011"
        },
        {
            "id": "n5J8sBSClZI",
            "title": "\u3010\u4e2d\u8077\u55e8\u58312023 EP.23\u3011\u827e\u58eb\u7279\u8b93\u7403\u8a55\u7591\u60d1\u7684\u6545\u610f\u6295\u624b\u72af\u898f\uff1f\u5176\u5be6\u5728\u5927\u806f\u76df\u4e0d\u7b97\u7f55\u898b\uff01"
        },
        {
            "id": "GJSCKRfP0Ow",
            "title": "\u5dee\u9ede\u6d41\u6dda\uff01\u55b5\u55b5\u7adf\u7136\u6709Carry\u570b\u969b\u8cfd\u7684\u4e00\u5929\uff01\u3010\u4e9e\u904b\u76f4\u64ad\u7cbe\u83ef\u3011"
        },
        {
            "id": "XF1a3OT-4zs",
            "title": "\u7adf\u7136\u6709\u6bd4\u5b98\u65b9\u66f4\u8a73\u7d30\u7684\u6578\u64da\uff01\u91ce\u7403\u9769\u547d\u7684\u4e2d\u83ef\u8077\u68d2\u6578\u64da\u5eab\uff01"
        },
        {
            "id": "dk4adXJMw9g",
            "title": "\u3010\u4e2d\u8077\u55e8\u58312023 EP.22\u3011\u4e2d\u4fe1\u6d0b\u6295\u906d\u5230\u806f\u76df\u6c38\u4e0d\u9304\u7528\uff01\u5bcc\u90a6\u7f3a\u4eba\u53cd\u5012\u6253\u51fa\u597d\u6210\u7e3e\uff1f"
        },
        {
            "id": "rKYeFyzgI9Q",
            "title": "\u3010\u5927\u806f\u76df\u7403\u5834\u4e4b\u65c5EP.8\u3011\u9047\u5230\u9023\u7e8c59\u5c40\u7121\u5931\u5206\u7684\u50b3\u5947\u7403\u661fHershiser\uff0130\u5e74\u524d\u4ed6\u66fe\u7d93\u8ddf\u4e2d\u83ef\u8077\u68d2\u4ea4\u624b\uff01"
        },
        {
            "id": "s15Hf_rFxME",
            "title": "\u5927\u96e8\u4e2d\u7684\u6c7a\u6230\uff01\u4e9e\u904b\u91d1\u724c\u6230\u6557\u5317\uff01\u3010\u4e9e\u904b\u76f4\u64ad\u7cbe\u83ef\u3011"
        },
        {
            "id": "-X1LMioCxlE",
            "title": "\u676d\u5dde\u4e9e\u904b\u91d1\u724c\u6230 \u97d3\u570b VS \u53f0\u7063\u3010\u770b\u7403\u9592\u804a\u76f4\u64ad\u3011"
        },
        {
            "id": "opfHQD86IaA",
            "title": "\u676d\u5dde\u4e9e\u904b \u53f0\u7063 VS \u65e5\u672c\u3010\u770b\u7403\u9592\u804a\u76f4\u64ad\u3011"
        },
        {
            "id": "t26XtxSwoFw",
            "title": "\u676d\u5dde\u4e9e\u904b \u97d3\u570b VS \u4e2d\u570b \u52dd\u8005\u9032\u91d1\u724c\u6230\u3010\u770b\u7403\u9592\u804a\u76f4\u64ad\u3011"
        },
        {
            "id": "9z8XOdZO8WA",
            "title": "\u6797\u5b89\u53ef\u7684\u5b8c\u7f8e\u89d2\u5ea6\uff01\u770b\u4e9e\u904b\u9084\u53ef\u4ee5\u5b78\u4e09\u89d2\u51fd\u6578\uff1f\u3010\u4e9e\u904b\u76f4\u64ad\u7cbe\u83ef\u3011"
        },
        {
            "id": "WWo2dDV83sY",
            "title": "\u676d\u5dde\u4e9e\u904b \u53f0\u7063 VS \u4e2d\u570b\u3010\u770b\u7403\u9592\u804a\u76f4\u64ad\u3011"
        },
        {
            "id": "eIVlrLSdBg0",
            "title": "\u676d\u5dde\u4e9e\u904b \u97d3\u570b VS \u65e5\u672c\u3010\u770b\u7403\u9592\u804a\u76f4\u64ad\u3011"
        },
        {
            "id": "FZBA0OEPP3k",
            "title": "\u95dc\u9375\u4e2d\u570b\u6230\u8ab0\u4f86\u6295\uff1f\u676d\u5dde\u4e9e\u904b\u8d85\u7d1a\u5faa\u74b0\u8cfd\u6230\u60c5\u5206\u6790\uff01"
        },
        {
            "id": "KqJScBhoS6c",
            "title": "\u676d\u5dde\u4e9e\u904b \u53f0\u7063 VS \u9999\u6e2f\u3010\u770b\u7403\u9592\u804a\u76f4\u64ad\u3011"
        },
        {
            "id": "M9RihxdqHa4",
            "title": "\u676d\u5dde\u4e9e\u904b \u97d3\u570b VS \u53f0\u7063\u3010\u770b\u7403\u9592\u804a\u76f4\u64ad\u3011"
        },
        {
            "id": "xYbnv2uTsgY",
            "title": "\u676d\u5dde\u4e9e\u904b 3\u5c0d3\u7c43\u7403 \u91d1\u724c\u6230 \u5361\u9054VS\u53f0\u7063\u3010\u770b\u7403\u9592\u804a\u76f4\u64ad\u3011"
        },
        {
            "id": "fJLd0JuKowU",
            "title": "\u676d\u5dde\u4e9e\u904b \u6cf0\u570b VS \u53f0\u7063\u3010\u770b\u7403\u9592\u804a\u76f4\u64ad\u3011"
        },
        {
            "id": "rWwTLaKA_NA",
            "title": "\u56b4\u5b8f\u921e\u7adf\u7136\u625b\u51fa\u9006\u8f49\u8f5f\uff01\u6574\u500b\u4eba\u88ab\u5687\u5230\u5927\u7b11\u51fa\u4f86\uff01\u3010\u76f4\u64ad\u7cbe\u83ef\u3011"
        },
        {
            "id": "6LKeXJsouGE",
            "title": "\u9ad8\u570b\u8f1d\u5f15\u9000\u6230 \u7d71\u4e00 vs \u5bcc\u90a6\u3010\u770b\u7403\u9592\u804a\u76f4\u64ad\u3011"
        },
        {
            "id": "3b3HkKsbt88",
            "title": "\u6797\u51f1\u5a01\u88ab\u5168\u5834\u5653\u7206\uff01\u5653\u8072\u5c31\u662f\u7403\u8ff7\u7d20\u8cea\u5dee\u55ce\uff1f"
        },
        {
            "id": "lAIOf6f-eyQ",
            "title": "\u3010\u4e2d\u8077\u55e8\u58312023 EP.21\u3011\u6a6b\u6383\u7403\u6a6b\u6383\u4e2d\u8077\uff01\u6700\u9802\u7684\u6d0b\u6295\u827e\u58eb\u7279\uff01"
        },
        {
            "id": "q7tbxl_-mJo",
            "title": "\u4e0a\u73ed\u4e0a\u8ab2\u7684\u524d\u4e00\u665a\u4f86\u6253\u67b6\u5427\uff01\u731b\u7378\u6d3e\u5c0d Party Animals"
        },
        {
            "id": "D-y97yFiqfc",
            "title": "\u908a\u770b\u7403\u908a\u9592\u804a\u6700\u8fd1\u7684\u5404\u7a2e\u4e8b\u4ef6\u5427 \u5473\u5168 vs \u7d71\u4e00\u3010\u770b\u7403\u9592\u804a\u76f4\u64ad\u3011"
        },
        {
            "id": "fQ_vSToXhc4",
            "title": "\u3010\u5927\u806f\u76df\u7403\u5834\u4e4b\u65c5EP.7\u3011\u7adf\u7136\u51fa\u73fe\u4e86\u4e2d\u83ef\u968a\u7684\u5716\u6848\uff1f\u5728\u9053\u5947\u7403\u5834\u7684\u4e5d\u6a13\u770b\u7403\u662f\u4ec0\u9ebc\u611f\u89ba\uff1f"
        },
        {
            "id": "_NCUnOPO5JU",
            "title": "\u6797\u51f1\u5a01\u56e0\u50b7\u9000\u8cfd\u53c8\u5728\u4e9e\u904b\u524d\u56de\u5230\u4e00\u8ecd\uff1f\u7576\u6642\u70ba\u4ec0\u9ebc\u8981\u90a3\u9ebc\u65e9\u63db\u4eba\uff1f"
        },
        {
            "id": "LBG-7Dxk0uQ",
            "title": "\u3010\u4e2d\u8077\u55e8\u58312023 EP.20\u3011\u4e0d\u662f\u4e0d\u80fd\u77ed\u6253 \u53ef\u662f\u6bd4\u8cfd\u524d\u6bb5\u8b93\u7b2c\u56db\u68d2\u9ede..."
        },
        {
            "id": "IMSu0PrPgJQ",
            "title": "\u5f80\u591a\u502b\u591a\u7684\u98db\u6a5f\u88ab\u53d6\u6d88\uff01\u9084\u80fd\u5b8c\u6210\u5927\u806f\u76df\u7403\u583430/30\u55ce\uff1f"
        },
        {
            "id": "fIL1KkV7cgs",
            "title": "\u561f\u561f\u5229"
        },
        {
            "id": "YniQM34wQic",
            "title": "\u524d\u5f80\u5bc6\u723e\u74e6\u57fa"
        },
        {
            "id": "HHsSAGnqF68",
            "title": "\u3010\u5927\u806f\u76df\u7403\u5834\u4e4b\u65c5EP.6\u3011\u5728\u6559\u58eb\u7403\u5834\u5403\u9f0e\u6cf0\u8c50\u770b\u9054\u6bd4\u4fee\uff01\u9019\u9ebc\u5922\u5e7b\u7684\u68d2\u7403\u9ad4\u9a57\u8981\u82b1\u591a\u5c11\u9322\u5462\uff1f"
        },
        {
            "id": "3q8PXvdJcFs",
            "title": "\u3010\u4e2d\u8077\u55e8\u58312023 EP.19\u3011\u4e09\u500b\u6708\u6c92\u6389\u904e\u81ea\u8cac\u5206\uff01\u7121\u89e3\u7684\u5bcc\u85cd\u6208\uff01"
        },
        {
            "id": "yCWHuWdU5Cc",
            "title": "\u5269\u4e0b\u6700\u5f8c10\u5ea7\u7403\u5834\uff01\u51fa\u9580\u524d\u958b\u500b\u76f4\u64ad"
        },
        {
            "id": "nA_rVOkPJ0U",
            "title": "\u3010\u5927\u806f\u76df\u7403\u5834\u4e4b\u65c5EP.5\u3011\u6c23\u6eab45\u5ea6\u7684\u6c99\u6f20\u57ce\u5e02\u600e\u9ebc\u770b\u68d2\u7403\uff1f\u610f\u5916\u6253\u807d\u5230\u5e03\u96f7\u514b\u7684\u670b\u53cb\u60f3\u4f86\u53f0\u7063\u6253\u7403\uff01"
        },
        {
            "id": "vA2nsXdqjf4",
            "title": "\u3010\u4e2d\u8077\u55e8\u58312023 EP.18\u3011\u6797\u5b50\u5049\u4e2d\u8077\u767b\u5834 X \u5b89\u5f97\u52dd\u81ea\u8acb\u96e2\u968a X \u5289\u4fca\u8c6a\u906d\u63d0\u544a"
        },
        {
            "id": "lKtqPiFX4G4",
            "title": "\u3010\u5927\u806f\u76df\u7403\u5834\u4e4b\u65c5EP.4\u3011\u50b3\u8aaa\u6709\u6d3b\u4eba\u6bad\u5c4d\u51fa\u6c92\u7684\u820a\u91d1\u5c71\uff1f\u81ea\u5df1\u4e00\u500b\u4eba\u4f86\u9019\u88e1\u770b\u68d2\u7403\u5b89\u5168\u55ce\uff1f"
        },
        {
            "id": "YkDN2pRQVCA",
            "title": "\u3010\u4e2d\u8077\u55e8\u58312023 EP.17\u3011\u4e0d\u5230140\u7684\u8edf\u6295\u4e5f\u80fd\u6bba\u4e2d\u8077\uff1f\u5de6\u4e0d\u6253\u3001\u6162\u4e0d\u6253\u3001\u602a\u4e0d\u6253\u3001\u65b0\u4e0d\u6253"
        },
        {
            "id": "pbmK890TZ8M",
            "title": "\u518d\u8ac7\u6797\u5b50\u5049\u4ea4\u6613\u6848\uff01\u8981\u63db\u738b\u67cf\u878d\u70ba\u4ec0\u9ebc\u662f\u73fe\u5728\u63db\uff1f"
        },
        {
            "id": "CwBsVKc5wog",
            "title": "\u6a5f\u5834\u6253\u767c\u6642\u9593\u4e2d"
        },
        {
            "id": "ZfcpgSGNveI",
            "title": "4\u63db1\u6436\u52ab\u4ea4\u6613\uff1f\u6a02\u5929\u9019\u500b\u5305\u88f9\u7adf\u7136\u80fd\u62ff\u5230\u6797\u5b50\u5049\uff01"
        },
        {
            "id": "JIs7ftNkuFg",
            "title": "\u3010\u4e2d\u8077\u55e8\u58312023 EP.16\u3011\u7838\u5230\u4eba\u624d\u7b97\u59a8\u7919\u5b88\u5099\u55ce\uff1f\u898f\u5247\u88dc\u8ff0X\u7e3d\u6559\u7df4\u6703\u8b70X\u53e3\u982d\u5171\u8b58"
        },
        {
            "id": "gPxKrDkJU_c",
            "title": "\u3010\u5927\u806f\u76df\u7403\u5834\u4e4b\u65c5EP.3\u3011\u9580\u7968\u8d85\u7d1a\u96e3\u8cb7\uff01\u985b\u8986\u4f60\u68d2\u7403\u6982\u5ff5\u7684\u9999\u8549\u68d2\u7403\uff01"
        },
        {
            "id": "41w8Dz5cYY0",
            "title": "\u3010\u5927\u806f\u76df\u7403\u5834\u4e4b\u65c5EP.2\u3011\u9019\u500b\u7403\u5834\u5468\u906d\u53ef\u80fd\u6703\u88ab\u6436\u52ab\u6216\u7838\u8eca\uff01\u6311\u6230\u7368\u81ea\u524d\u5f80\u5967\u514b\u862d\u770b\u7403\uff01"
        },
        {
            "id": "6BXIyTJVBqI",
            "title": "\u3010\u5927\u806f\u76df\u7403\u5834\u4e4b\u65c5EP.1\u3011\u9019\u7adf\u7136\u662f\u5927\u806f\u76df\u7684\u7403\u5834\uff1f\u5834\u5167\u7834\u721b\u5834\u5916\u6cbb\u5b89\u582a\u6182\u7684\u904b\u52d5\u5bb6\u4e3b\u5834\u771f\u7684\u6709\u9019\u9ebc\u7cdf\u55ce\uff1f"
        },
        {
            "id": "65KTNJzf9N8",
            "title": "\u5728\u7f8e\u570b\u5927\u534a\u591c\u7684\u770b\u4e2d\u8077\u76f4\u64ad\uff01 \u7d71\u4e00 vs \u5473\u5168\u3010\u770b\u7403\u9592\u804a\u76f4\u64ad\u3011"
        },
        {
            "id": "Fb-yAkwdb28",
            "title": "\u3010\u4e2d\u8077\u55e8\u58312023 EP.15\u3011\u4e0d\u8a72\u63a5\u7684\u63a5\u4e86\uff0c\u4e0d\u8a72\u6536\u68d2\u7684\u4e5f\u6536\u68d2\u4e86"
        },
        {
            "id": "hvTkrSM6EFg",
            "title": "\u3010\u4e2d\u8077\u55e8\u58312023 EP.14\u3011\u53c8\u662f\u7403\u5718\u9577\u9060\u767c\u5c55\u8003\u91cf\uff1f\u53ef\u662f\u600e\u9ebc\u6703\u9047\u7f3a\u4e0d\u88dc\u5462\uff1f"
        },
        {
            "id": "gVlxJKNTq2w",
            "title": "\u4ee3\u6253\u4e4b\u9b3c\u958b\u8f5f\u8ffd\u5e73\uff01\u6700\u7d42\u8ab0\u6703\u7372\u52dd\u5462\uff1f \u6a02\u5929 vs \u4e2d\u4fe1\u3010\u770b\u7403\u9592\u804a\u76f4\u64ad\u3011"
        },
        {
            "id": "I76AMLF4OgE",
            "title": "\u3010MLB 9\u5c40\u8077\u68d2 \u52c1\u65c5\u5c0d\u6c7a\u3011\u4f86\u8ddf\u6211\u5c0d\u6230\u5427\uff01"
        },
        {
            "id": "MipH9xAh_Ts",
            "title": "\u30102023\u4e2d\u83ef\u8077\u68d2\u9078\u79c0\u6703\u3011\u8ddfJosh\u4e00\u8d77\u770b\u9078\u79c0\uff01"
        },
        {
            "id": "6FKEcTRkgHU",
            "title": "2023\u4e2d\u83ef\u8077\u68d2\u9078\u79c0\u9996\u8f2a\u9810\u6e2c\uff01\u6797\u5b50\u5049\u7684\u72c0\u5143\u6703\u6709\u8b8a\u6578\u55ce\uff1f\u3010Josh\u804a\u68d2\u7403\u3011"
        },
        {
            "id": "girqJbQ2xs4",
            "title": "\u524d\u5f80\u7f8e\u570b\u5be6\u73fe\u5dee\u9ede\u6d88\u5931\u7684\u5922\u60f3\uff01\u6211\u4e5f\u8981\u6d77\u5916\u767c\u5c55\u4e86\uff1f"
        },
        {
            "id": "BzYAX9j-XVM",
            "title": "\u3010MLB 9\u5c40\u8077\u68d2 \u52c1\u65c5\u5c0d\u6c7a\u3011\u7528\u54ea\u500b\u7403\u54e1\u53ef\u4ee5\u6253\u51fa\u6700\u9ad8\u5206\u5462\uff1f"
        },
        {
            "id": "eJwwn3zwFdg",
            "title": "5050\u4ea4\u6613\u6551\u5bcc\u90a6\uff01\u9375\u76e4\u6821\u9577\u4f60\u4f86\u7576\uff01"
        },
        {
            "id": "gJobT1zizUI",
            "title": "\u3010\u4e2d\u8077\u55e8\u58312023 EP.13\u3011\u65b0\u7684\u958b\u59cb\uff01\u521d\u63a2\u4e0b\u534a\u5b63\u6230\u6cc1\u8d70\u5411\uff01"
        },
        {
            "id": "9ynq6fDl-PA",
            "title": "\u8a66\u8457\u4ea4\u6613\u6797\u5b50\u5049\uff015050\u9375\u76e4GM\u6311\u6230\uff01"
        },
        {
            "id": "9XKLil2IVXA",
            "title": "\u7d71\u4e00\u7345\u4e0a\u534a\u5b63\u5c01\u738b\uff01\u7576\u4e0b\u6211\u7684\u771f\u5be6\u53cd\u61c9\uff01\u3010\u76f4\u64ad\u7cbe\u83ef\u3011"
        },
        {
            "id": "L_2y04kJ1tU",
            "title": "\u52dd\u9a0e\u58eb\u9818\u8ecd\u51fa\u6230\u62da\u5c01\u738b\uff01 \u7d71\u4e00 vs \u5bcc\u90a6\u3010\u770b\u7403\u9592\u804a\u76f4\u64ad\u3011"
        },
        {
            "id": "SvLp39S1fPc",
            "title": "\u518d\u898b\u5168\u58d8\u6253\u8b8a\u63a5\u6bba\uff01\u9673\u6668\u5a01\u8d85\u795e\u7f8e\u6280\u8b93\u6211\u76f4\u63a5\u50bb\u6389\uff01\u3010\u76f4\u64ad\u7cbe\u83ef\u3011"
        }
    ]
}