{
    "channel": {
        "title": "Onion Man",
        "id": "UCzxN4G3s9uR9ao5_O5DoXmA",
        "customUrl": "@onion_man",
        "uploads": "UUzxN4G3s9uR9ao5_O5DoXmA"
    },
    "videos": [
        {
            "id": "WQfSxjtPHEY",
            "title": "Onion Man | \u74b0\u5cf6\u5e6b\u8352\u5510\u5230\u7206\u7684\u65e5\u672c\u884c\uff01\u62c9\u9eb5\u7684\u6230\u722d\uff01\u5927\u962a\u884c(\u4e8c)   @BIGSNAKEBALL  @superpepper.@z2ztwo@foodfoodaddict"
        },
        {
            "id": "IMJ3xhcnV24",
            "title": "Onion Man | \u96f7\u5230\u932f\u904e\u73ed\u6a5f\u7684\u96f7\u5305\u5718\uff01\u74b0\u5cf6\u5e6b\u5927\u962a\u884c\u523a\u6fc0\u4e4b\u65c5\uff01@BIGSNAKEBALL@superpepper.  @foodfoodaddict@z2ztwo"
        },
        {
            "id": "8x_TdUYhVm8",
            "title": "Onion Man | \u8cb7\u8eca\u7684\u4eba\u6703\u505a\u7684\u5e7e\u4ef6\u4e8b"
        },
        {
            "id": "z8mNzg__FPI",
            "title": "Onion Man | \u53c3\u52a0\u540c\u5b78\u6703\u662f\u70ba\u4e86\u70ab\u8000\u3001\u6500\u6bd4\u6210\u5c31\u55ce?"
        },
        {
            "id": "l34FYbwqaMA",
            "title": "Onion Man | \u9ad8EQ\u4ed4 VS \u7206\u6c23\u4ed4!! \u7528\u7b11\u5bb9\u61c9\u5c0d\u706b\u7206\u885d\u7a81\u7684\u6545\u4e8b!!"
        },
        {
            "id": "0I1yZ4T_J9I",
            "title": "Onion Man | \u5230\u62c9\u65af\u7dad\u52a0\u65af\u8c6a\u8ced\uff01\u71ac\u591c\u5230\u5929\u4eae\uff01\u7f8e\u570b\u884c\u6700\u7d42\u7bc7 @JBao @DOILYLIFE  @huzi_life  @sonsumin1994"
        },
        {
            "id": "4-HIZ3Ipj9Q",
            "title": "Onion Man | \u9019\u5169\u5e74\u8b93\u6211\u53c8\u611b\u53c8\u6068\u7684\u7537\u4eba.."
        },
        {
            "id": "16tvTv61Nko",
            "title": "Onion Man | \u5230\u7f8e\u570b\u6cbb\u5b89\u6975\u5dee\u5730\u5340!! \u7576\u8857\u990a\u5927\u86c7?  \u6eff\u8857\u6bad\u5c4d\u548c\u5e33\u68da?  \u642d\u6551\u8b77\u8eca\u7adf\u89816\u842c\u53f0\u5e63? @JBao  @huzi1989"
        },
        {
            "id": "jpV0H_mlC2o",
            "title": "Onion Man | \u5728\u7f8e\u570b\u88ab\u786c\u585eCD\u9084\u8ce3\u8d85\u8cb4!! \u5145\u6eff\u9a5a\u559c\u7684\u7f8e\u570b\u884c!!    @JBao@huzi1989 @DOILYLIFE"
        },
        {
            "id": "5bouEYQuW7k",
            "title": "Onion Man | \u8d85\u9ad8\u6bba\u50b7\u529b\u7684\u6230\u9b25\u9640\u87ba\uff01\u7ae5\u5e74\u6fc0\u6230\u56de\u61b6\uff01| \u7537\u4eba\u7684\u7ae5\u5e74\u6d6a\u6f2b\u7bc7"
        },
        {
            "id": "OHMzYJrhiVo",
            "title": "Onion Man |\u93e1\u5b50\u4e2d\u770b\u5230\u9b3c\u81c9\uff1f\u5c45\u5bb6\u9b3c\u6545\u4e8b\u7bc7 |\u9b3c\u6708\u7279\u8f2f"
        },
        {
            "id": "23a7gX9WhuU",
            "title": "Onion Man | 30\u5e74\u5f8c\u7684\u9000\u4f11\u751f\u6d3b\uff01\u958b\u5962\u83ef\u6c11\u5bbf\uff1f \u7d93\u71df\u5c0f\u6524\u8ca9\uff01"
        },
        {
            "id": "CylbeMcM0Z4",
            "title": "\u670b\u53cb\u5abd\u5abd\u88ab\u611f\u60c5\u8a50\u9a19200\u842c...\u5927\u5bb6\u8981\u5e38\u5e38\u95dc\u5fc3\u9577\u8f29\u5537 | Onion Man"
        },
        {
            "id": "dixTIYy4Ic4",
            "title": "Onion Man | \u670b\u53cb\u5abd\u5abd\u56e0\u5bc2\u5bde\u88ab\u9a19\u8d70200\u842c\u7684\u6545\u4e8b\uff01\u6211\u4e0d\u50bb\u6211\u53ea\u662f\u9078\u64c7\u76f8\u4fe1\uff01"
        },
        {
            "id": "yV6v7KOqBPI",
            "title": "\u5c0f\u7409\u7403\u5927\u71b1\u5929\u982d\u71d2\u58de\u4e86   #shorts | Onion Man"
        },
        {
            "id": "JaW-Vjtipi4",
            "title": "Onion Man | \u5916\u5cf6\u7206\u6c57\u7f8e\u98df\u4e4b\u65c5\uff01\u5c0f\u7409\u740336\u5ea6\u8c54\u967d\u4e4b\u767d\u5403\u767d\u4f4f\u7bc7\uff1f\u5927\u5556\u9165\u70b8\u8702\u5de2\u8766\uff01  @BIGSNAKEBALL @superpepper.  @foodfoodaddict @z2ztwo"
        },
        {
            "id": "zqJbFuwjheM",
            "title": "Onion Man | \u51fa\u570b\u73a9\u9047\u53e4\u602a\u5c0e\u904a\uff1f\u628a\u6211\u5011\u653e\u751f\u5728\u6a5f\u5834\uff01\u6d0b\u8525\u9047\u5230\u7684\u6a5f\u8eca\u602a\u4eba\u7bc7 | \u53e4\u602a\u7684\u7259\u91ab | \u7403\u5834\u602a\u8001\u4f2f | \u5018\u5206\u5c0e\u904a  @JBao  @huzi1989"
        },
        {
            "id": "x-us1nncGww",
            "title": "Onion Man | \u512a\u8d8a\u4ed4\u4e86\u4e0d\u8d77\u5594\uff1f \u5634\u8d85\u81ed\u53c8\u81ea\u4ee5\u70ba\u7684\u512a\u8d8a\u4ed4\u7bc7"
        },
        {
            "id": "rUilELXTHyQ",
            "title": "Onion Man | \u88ddB\u738b\u963f\u7693\u7bc7\uff01\u4eba\u8a2d\u8b8a\u4f86\u8b8a\u53bb\u7684\u670b\u53cb\uff1f  | \u771f\u5be6\u6545\u4e8b\u7cfb\u5217"
        },
        {
            "id": "SjM1Z-9NAKA",
            "title": "\u5fcd\u8853\u80a2\u9ad4\u63a5\u89f8\u4e4b\u8853   #shorts | Onion Man"
        },
        {
            "id": "ppTWOYyh6FY",
            "title": "Onion Man | \u6200\u611b\u5bb6\u6559\u6d0b\u8525\uff01\u8207\u65e5\u672c\u5973\u512a\u55ae\u7368\u7d04\u6703\uff01\u8d85\u751c\u80a2\u9ad4\u4e92\u52d5\uff01\u5922\u60f3\u6210\u771f\uff1f"
        },
        {
            "id": "zOtbxmD1QUI",
            "title": "Onion Man | \u6d0b\u8525\u7684\u5531\u6b4c\u7cd7\u4e8b| \u5531KTV\u9189\u8db4\u5728\u4eba\u884c\u9053\u4e0a| \u6d0b\u8525\u7684\u5531\u6b4c\u7cd7\u4e8b\uff5c\u89e3HIGH\u7684\u5b85\u7537"
        },
        {
            "id": "mK9aKrWIdx4",
            "title": "Onion Man | \u5947\u7279\u6599\u7406?? \u6fb3\u9580\u7d2b\u8272\u7684\u62ab\u85a9 #shorts"
        },
        {
            "id": "_oVVOErvtw8",
            "title": "Onion Man | \u7834\u7522\u9084\u662f\u767c\u8ca1\uff1f\u535a\u921e\u7684\u58d3\u8eab\u5bb6\u8ced\u6cd5\uff01\uff1f\u6fb3\u9580\u8ced\u5834\u7bc7(\u4e0b)"
        },
        {
            "id": "L2vcd-GxrjM",
            "title": "Onion Man | \u6eff\u8857\u66b4\u767c\u6236\u7684\u5962\u83ef\u57ce\u5e02\uff01\u6fb3\u9580\u8ced\u5834\u7bc7(\u4e0a) \u6d0b\u8525\u7684\u4e5e\u4e10\u8ced\u6cd5\u7bc7"
        }
    ]
}