{
    "channel": {
        "title": "\u55aa\u5c4d\u8001\u7238",
        "id": "UCFsNxYnUEs4tcqyddJhW43g",
        "customUrl": "@walkerdad",
        "uploads": "UUFsNxYnUEs4tcqyddJhW43g"
    },
    "videos": [
        {
            "id": "kv65VBa6I78",
            "title": "\u6c34\u6c60\u6709\u53ef\u6015\u7684\u6c34\u602a\ud83d\ude31"
        },
        {
            "id": "dkwtP1ttlFk",
            "title": "\uff08\u624b\u5e33\u5929\u5802#19\uff09\u4eca\u5929\u7684\u624b\u5e33\u6559\u5ba4\u4f86\u4e86\u5169\u4f4d\u4e0d\u901f\u4e4b\u5ba2!!"
        },
        {
            "id": "egeoGXdEdiM",
            "title": "\uff08\u65e5\u5e38\uff09\u5341\u5e74\u9001\u4e00\u6b21\uff0c\u9001\u8001\u5a46\u4e00\u53f0\u8cb7\u83dc\u8eca\u3002"
        },
        {
            "id": "BxH8gMqeL9c",
            "title": "\u4e16\u754c\u6700\u597d\u5403\u7684\u8377\u5305\u86cb"
        },
        {
            "id": "LfcNUeXXRMY",
            "title": "\uff08\u9a5a\u559c\uff09\u4eba\u751f\u7b2c\u4e00\u500b!\u9001\u5abd\u5abd68\u5e74\u4f86\u7b2c\u4e00\u500b\u540d\u724c\u5305!\u5abd\u5abd\u7684\u53cd\u61c9\u5b8c\u5168\u88ab\u6211\u731c\u5230!"
        },
        {
            "id": "NHZ4bAiLyV0",
            "title": "\uff08\u55aa\u5c4d\u8001\u7238\u72c0\u6cc1\u5287\uff09\u751f\u6d3b\u4e2d\u4ee4\u4eba\u6293\u72c2\u7684\u5341\u4ef6\u5c0f\u4e8b#1"
        },
        {
            "id": "wqR-D9TJ2_o",
            "title": "\uff08\u958b\u7bb1\uff09\u7d42\u65bc\u5230\u8ca8\uff0c\u6a59\u6a59\u8981\u760b\u4e86!NewJeans x LINE FRIENDS\u806f\u540d\u9031\u908a\u958b\u7bb1\u3002@LINEFRIENDSofficial"
        },
        {
            "id": "3MQRDrsIdRE",
            "title": "\uff08\u65e5\u5e38\uff09\u7a81\u8972\u59ca\u59b9\u7684\u66f8\u684c\uff0c\u642c\u4f86\u6843\u5712\u5169\u5e74\u59ca\u59b9\u66f8\u684c\u7684\u8b8a\u5316\u592a\u9a5a\u4eba\u4e86!"
        },
        {
            "id": "nQcBGci0HUs",
            "title": "\u59ca\u59b9\u6bd4\u8cfd\u7529\u6c34"
        },
        {
            "id": "_3MsLsGy1FI",
            "title": "\uff08\u958b\u7bb1\uff09\u4e82\u8cb7\u76f2\u76d2\u4f86\u958b\u7bb1\uff0c\u6ce1\u6ce1\u746a\u7279\u3001\u602a\u7378\u96fb\u529b\u516c\u53f8\u3002"
        },
        {
            "id": "butOgQgcYms",
            "title": "\uff08\u5206\u4eab\uff09\u7528\u597d\u5e02\u591a\u7684\u6750\u6599\u4f86\u716e\u4e00\u9053\u6311\u98df\u7684\u5c0f\u670b\u53cb\u4e5f\u5403\u5149\u5149\u7684\u5922\u5e7b\u6d0b\u8525\u6599\u7406!!COSTCO\u63a1\u8cfc\u3002"
        },
        {
            "id": "wMOZvFdburU",
            "title": "\u6a59\u6a59Cover\uff0c(G)I-DLE - I Want That"
        },
        {
            "id": "UTl5jmiOr1M",
            "title": "\uff08\u6574\u4eba\uff09\u99ac\u6876\u84cb\u4e0a\u4e00\u7058\u5c3f\uff0c\u8001\u5a46\u8ddf\u5973\u5152\u5011\u6703\u6709\u4ec0\u9ebc\u53cd\u61c9?"
        },
        {
            "id": "mn3XkevorkU",
            "title": "\u7db2\u8def\u90fd\u662f\u5047\u7684?\u5be6\u6e2c\u6495\u81a0\u5e36\u5c0f\u5999\u62db\uff0c\u771f\u7684\u6709\u7528\u55ce\uff1f"
        },
        {
            "id": "uR5F6lFMwnM",
            "title": "\uff08\u65e5\u5e38\uff09\u8001\u5a46\u7684\u751f\u65e5\u9910\u3002\u9694\u4e8615\u5e74\u53c8\u5e36\u8001\u5a46\u4f86\u5403\u539f\u71d2\uff0c\u600e\u9ebc\u5b8c\u5168\u4e0d\u4e00\u6a23\u4e86?"
        },
        {
            "id": "pa2UsWi_Sfk",
            "title": "\u7238\u7238\u7528\u9b54\u8853\u8b8a\u51fa\u7cef\u7c73\u7cf0\u5b50\u7d66\u6211\u5403\ud83c\udf61Dad can do magic\ud83c\udf61"
        },
        {
            "id": "eFsGLCMP5ow",
            "title": "\uff08\u9a5a\u559c\uff09\u8d81\u8001\u5a46\u4e0d\u5728\u5bb6\u7d66\u5979\u4e00\u500b\u751f\u65e5\u9a5a\u559c!!\u7d2f\u6b7b\u6211\u5566!"
        },
        {
            "id": "Tp1i-Hra9t4",
            "title": "Slick Back Dance\u6311\u6230\uff0c\u5168\u5065\u8eab\u623f\u770b\u6211\u8868\u6f14\ud83d\ude0e"
        },
        {
            "id": "zNAdySn_muw",
            "title": "\uff08\u55aa\u5c4d\u8001\u7238\u72c0\u6cc1\u5287\uff09\u51fa\u570b\u7684\u98db\u6a5f\u98db\u8d70\u4e86!!!feat.TEL-U"
        },
        {
            "id": "duqI5Fl4RqM",
            "title": "Slick Back Dance\u6311\u6230\uff0c\u7df4\u5230\u8173\u597d\u9178\ud83d\ude05#slickback"
        },
        {
            "id": "FdnntWajIBk",
            "title": "\u6a59\u6a59Cover\uff0c\ud654\uc0ac (HWASA) - 'I Love My Body'"
        },
        {
            "id": "UWuB3I-SnqU",
            "title": "\uff08\u593e\u96f6\u98df#3\u593e\u5b50\u5712\u4e2d\u58e2\u65d7\u8266\u5e97\uff09\u5e36\u6fb3\u9580\u4eba\u7b2c\u4e00\u6b21\u9ad4\u9a57\u593e\u96f6\u98df\u3002\u7e73\u4e86\u5169\u6b21\u5b78\u8cbb\u9019\u6b21\u8981\u53cd\u6557\u70ba\u52dd\u4e86\u5427?"
        },
        {
            "id": "HuC1evG9krU",
            "title": "\u5009\u5eab\u6709\u5947\u602a\u7684\u8072\u97f3\ud83d\ude31\ud83d\ude31\ud83d\ude31"
        },
        {
            "id": "ZcrhkpBCsHI",
            "title": "\uff08\u55aa\u5c4d\u8001\u7238\u5fae\u96fb\u5f71\uff09\u963f\u5fe0\u7684\u9322\u90fd\u88ab\u9a19\u5149\u4e86"
        },
        {
            "id": "_mCz5KAPx9M",
            "title": "\uff08\u65e5\u5e38\uff09\u6a59\u6a59\u8ddfTiana\u5e6b\u5c0d\u65b9\u9078\u8863\u670d\uff0c\u7d50\u679c\u8b8a\u6210\u4e92\u63db\u7a7f\u642d!?"
        }
    ]
}