{
    "video_info": {
        "id": "1EQVlsHwsEE",
        "channelTitle": "Howwork X \u516d\u6307\u6df5",
        "title": "\u731c\u731c\u770b\u6211\u8981cosplay\u6210\u4ec0\u9ebc",
        "description": "",
        "likeCount": "946",
        "commentCount": "27",
        "viewCount": "17929"
    },
    "comments": [
        {
            "reply_id": "UgxHy8r6NB0wLHlX6-l4AaABAg",
            "reply_content": "\u5f88\u660e\u986f\u684c\u4e0a\u90a3\u7f50\u662f\u516d\u8336",
            "likeCount": 78
        },
        {
            "reply_id": "UgxeBC2yU2wsw9Ic7El4AaABAg",
            "reply_content": "\u597d\u670b\u53cb\u6700\u4f73\u5178\u7bc4",
            "likeCount": 38
        },
        {
            "reply_id": "Ugzj9RaG6UEdrWx5ESp4AaABAg",
            "reply_content": "\u7537\u4ee5\u7406\u89e3",
            "likeCount": 2
        },
        {
            "reply_id": "UgwjnZr2efHxa4PvZDF4AaABAg",
            "reply_content": "\u6211\u53ea\u77e5\u9053\u9019\u591a\u534a\u6709\u696d\u914d",
            "likeCount": 0
        },
        {
            "reply_id": "Ugw34K5C8IFoIOXnCtt4AaABAg",
            "reply_content": "\u61c9\u8a72\u4efb\u5fd7\u653e\u624d\u5c0d\u554a",
            "likeCount": 0
        },
        {
            "reply_id": "Ugz99U1eXzZ2J6vaHTB4AaABAg",
            "reply_content": "\u662f\u771f\u611b\u554a",
            "likeCount": 0
        },
        {
            "reply_id": "UgwDiHbZ723WbUKReTZ4AaABAg",
            "reply_content": "\u600e\u9ebc\u4e0d\u662f\u4efb\u5fd7\u653e",
            "likeCount": 0
        },
        {
            "reply_id": "UgzNLQpNnCCpiiWm7_p4AaABAg",
            "reply_content": "\u98df\u516d\u8336",
            "likeCount": 0
        },
        {
            "reply_id": "UgzxMhSklDk7uJ0dH9J4AaABAg",
            "reply_content": "\u963f\u52d2\u6bcd\u6e6f",
            "likeCount": 0
        }
    ]
}