{
    "video_info": {
        "id": "4PHhWFqrSBo",
        "channelTitle": "Howwork X \u516d\u6307\u6df5",
        "title": "The Real Use of a Wireless Mouse \u7121\u7dda\u6ed1\u9f20\u7684\u771f\u6b63\u7528\u6cd5",
        "description": "",
        "likeCount": "2098",
        "commentCount": "59",
        "viewCount": "44915"
    },
    "comments": [
        {
            "reply_id": "Ugzqo1NvDVIXUHqEduN4AaABAg",
            "reply_content": "\u9019\u8ddf\u884c\u52d5\u96fb\u6e90\u5dee\u5230\u53e6\u4e00\u500b\u884c\u52d5\u96fb\u6e90\u5728\u63d2\u56de\u4f86\u4e00\u6a23\u4ee4\u4eba\u8cbb\u89e3",
            "likeCount": 157
        },
        {
            "reply_id": "UgxCX0ePD08h-f8xhiB4AaABAg",
            "reply_content": "\u6211\u9084\u4ee5\u70ba\u4f60\u8981\u63d2\u4e0a\u53bb\u8b93\u7b46\u96fb\u79fb\u52d5",
            "likeCount": 56
        },
        {
            "reply_id": "UgyiXuF2eNbLIVDFgr94AaABAg",
            "reply_content": "\u63d2\u63d2\u5ea7\u4e0a\u76f4\u63a5\u63a7\u5236\u5c4b\u5b50\u8d77\u98db",
            "likeCount": 1
        },
        {
            "reply_id": "UgwP75voxYrRMXP4P6t4AaABAg",
            "reply_content": "\u7246\u58c1\u52d2",
            "likeCount": 0
        },
        {
            "reply_id": "Ugzqhu7MltsXXv2WsvZ4AaABAg",
            "reply_content": "\u6309\u5de6\u9375\u6703\u600e\u6a23",
            "likeCount": 0
        },
        {
            "reply_id": "UgxRI_-p5Tjh_-TyKuF4AaABAg",
            "reply_content": "\u9806\u4fbf\u5e6b\u6ed1\u9f20\u7121\u7dda\u5145\u96fb",
            "likeCount": 0
        }
    ]
}