{
    "video_info": {
        "id": "9GUVfJ0WMYw",
        "channelTitle": "Howwork X \u516d\u6307\u6df5",
        "title": "\u8d64\u9b3c\u4f2f\u4f2f\u8ddf\u7279\u6548\u5e2b\u7d04\u6703\u662f\u4ec0\u9ebc\u9ad4\u9a57\uff1fEP01 #\u7d04\u6703",
        "description": "",
        "likeCount": "11714",
        "commentCount": "182",
        "viewCount": "287652"
    },
    "comments": [
        {
            "reply_id": "UgwFfToHy4wD7qMPj794AaABAg",
            "reply_content": "\u95a8\u871c\u51fa\u904a\u7247\u771f\u9999",
            "likeCount": 1
        },
        {
            "reply_id": "Ugx-ZNs_OXiYvxcIhZF4AaABAg",
            "reply_content": "\u7d04\u8d64\u9b3c\u7d04\u6703\u771f\u4ee4\u4eba\u7fa1\u6155",
            "likeCount": 0
        },
        {
            "reply_id": "Ugzym-FI3OuDieIkfbB4AaABAg",
            "reply_content": "\u8a87\u5f35\u4e86",
            "likeCount": 0
        },
        {
            "reply_id": "UgyKdSrK2VMEDn9nxkN4AaABAg",
            "reply_content": "\u81ea\u80a5\u7cfb\u5217",
            "likeCount": 0
        },
        {
            "reply_id": "UgwInN4beA-71A62j0B4AaABAg",
            "reply_content": "\u60f3\u770b\u4e0b\u534a\u573a",
            "likeCount": 0
        },
        {
            "reply_id": "Ugzp6L9dps3isFzf5EF4AaABAg",
            "reply_content": "\u6700\u5f8c\u90a3\u500b\u87d1\u8782\u662f\u600e\u6a23",
            "likeCount": 0
        },
        {
            "reply_id": "Ugy3uDSpef7xqYiE8PV4AaABAg",
            "reply_content": "\u516d\u516d\u7684\u7279\u6548\u529f\u529b\u679c\u7136\u6df1\u539a \u9023\u4e00\u500b\u5973\u4eba\u90fd\u80fd\u8b8a\u51fa\u4f86",
            "likeCount": 0
        },
        {
            "reply_id": "UgyegQ_1xMyupsYqHnp4AaABAg",
            "reply_content": "\u516d\u6307\u901a",
            "likeCount": 0
        },
        {
            "reply_id": "Ugwio1h-pz_3qZ9HSR14AaABAg",
            "reply_content": "\u6211\u770b\u7b2c\u4e8c\u904d\u624d\u767c\u73fe\u6709\u87d1\u8782",
            "likeCount": 0
        },
        {
            "reply_id": "UgyfXLBlh9rM1oYGmVt4AaABAg",
            "reply_content": "\u660e\u660e\u5f88\u6b63\u5e38\u7684\u5f71\u7247\u70ba\u4ec0\u9ebc\u611f\u89ba\u8272\u8272\u7684",
            "likeCount": 0
        },
        {
            "reply_id": "UgxeexDK6VaSIyd6lgN4AaABAg",
            "reply_content": "\u5077\u6478",
            "likeCount": 0
        },
        {
            "reply_id": "UgxhP3tq_SBw3YD8qml4AaABAg",
            "reply_content": "\u59d0\u59d0\u5e36\u5f1f\u5f1f\u7684\u611f\u89ba",
            "likeCount": 0
        },
        {
            "reply_id": "UgyIVCa6OloZnHWrKLl4AaABAg",
            "reply_content": "\u90a3\u500b\u87d1\u8782\u6211\u6574\u4eba\u90fd\u4e0d\u597d\u4e86",
            "likeCount": 0
        },
        {
            "reply_id": "UgyQSiq0QBqhssl139J4AaABAg",
            "reply_content": "\u592a\u53ef\u6015\u4e86 \u7adf\u7136\u7279\u6548\u4e00\u500b\u7f8e\u5973\u63a9\u84cb\u81ea\u5df1\u53bb\u6e9c\u51b0\u5834\u627e\u5927\u87d1\u8782\u7684\u8208\u8da3",
            "likeCount": 0
        },
        {
            "reply_id": "UgzgHhIaY4cV6infsM94AaABAg",
            "reply_content": "\u653e\u706b",
            "likeCount": 0
        },
        {
            "reply_id": "UgwSvcjoySRMdG0upJR4AaABAg",
            "reply_content": "\u6c7a\u5b9a\u978b\u7684\u5927\u5c0f",
            "likeCount": 0
        },
        {
            "reply_id": "UgwTjXuGGaUDYbIpmt94AaABAg",
            "reply_content": "\u6a5f\u63b0\u6211\u5728\u5403\u98ef",
            "likeCount": 0
        },
        {
            "reply_id": "UgwonSH9xLPgjbqNFPp4AaABAg",
            "reply_content": "\u56e0\u70ba\u90a3\u96bb\u87d1\u8782\u6211\u6309\u5012\u8b9a\u4e86",
            "likeCount": 0
        },
        {
            "reply_id": "Ugx7ER8OV3TbPYncoCd4AaABAg",
            "reply_content": "\u6709\u7d04\u70ae\u55ce",
            "likeCount": 0
        },
        {
            "reply_id": "UgwqbVwD_zcFAwyKLlh4AaABAg",
            "reply_content": "\u87d1\u8782\u76f4\u63a5\u7834\u9632",
            "likeCount": 0
        }
    ]
}