{
    "video_info": {
        "id": "_mZO4F5MeTA",
        "channelTitle": "Howwork X \u516d\u6307\u6df5",
        "title": "\u54e1\u5de5\u5982\u679c\u76e3\u8996\u8001\u95c6\u7684\u4e00\u8209\u4e00\u52d5\u662f\u4e0d\u662f\u5c31\u80fd\u5077\u61f6\u4e86\uff1f",
        "description": "",
        "likeCount": "3720",
        "commentCount": "31",
        "viewCount": "58876"
    },
    "comments": [
        {
            "reply_id": "UgxXShrAn65NMaMX7GV4AaABAg",
            "reply_content": "\u516d\u6307\u6df5\u7834\u89e3\u7684\u90a3\u6bb5\u526a\u592a\u77ed\u4e86\n\u6240\u4ee5\u770b\u4e86\u5e7e\u6b21\u624d\u767c\u73fe\u516d\u6307\u6df5\u505a\u4e86\u4ec0\u9ebc",
            "likeCount": 26
        },
        {
            "reply_id": "Ugwewwl-ZYjEuesI-4x4AaABAg",
            "reply_content": "\u54c8\u54c8\u54c8\u54c8\u54c8\u54c8\uff0c\u70ba\u4e86\u4e0a\u73ed\u6478\u9b5a\u4efb\u5fd7\u4e5f\u662f\u715e\u8cbb\u82e6\u5fc3",
            "likeCount": 12
        },
        {
            "reply_id": "Ugw7oE9xJIyPmcqKpg14AaABAg",
            "reply_content": "\u6211\u60f3\u4e0d\u901a\u70ba\u4ec0\u9ebc\u8cbc\u9ec3\u8272\u81a0\u5e36\u4efb\u81f3\u5c31\u4e0d\u6703\u767c\u73fe\uff0c\u770b\u4e86\u4e09\u6b21\u624d\u767c\u73fe\uff0c\u539f\u4f86\u662f\u5217\u5370\u87a2\u5e55\u756b\u9762\u8cbc\u4e0a\u53bb",
            "likeCount": 2
        },
        {
            "reply_id": "Ugy4QyTGpRV9wGEsRp94AaABAg",
            "reply_content": "\u9b3c\u9ede\u5b50\u4e5f\u592a\u591a\u4e86\u5427",
            "likeCount": 2
        },
        {
            "reply_id": "Ugxe9_BRiw-J0RDYCwd4AaABAg",
            "reply_content": "\u8b1d\u8b1d\u4f60\u8b93\u6211\u53ef\u4ee5\u56de\u5bb6\u800d\u8cbb",
            "likeCount": 0
        },
        {
            "reply_id": "Ugy1gzoy9w0zi2oPHXR4AaABAg",
            "reply_content": "\u8ddf\u8001\u95c6\u4e00\u8d77\u56de\u5bb6\u6162\u6162\u73a9",
            "likeCount": 0
        }
    ]
}