{
    "video_info": {
        "id": "C92rHeAQQvY",
        "channelTitle": "Howwork X \u516d\u6307\u6df5",
        "title": "A.I. change clothes effects\ud83d\udd25",
        "description": "",
        "likeCount": "2546",
        "commentCount": "25",
        "viewCount": "41261"
    },
    "comments": [
        {
            "reply_id": "UgyvSgdjn2PQSGG0Ce54AaABAg",
            "reply_content": "\u5b78\u5ee2\u4e86",
            "likeCount": 3
        },
        {
            "reply_id": "Ugz4a2lOnaJLuFBibsx4AaABAg",
            "reply_content": "\u652f\u6301\u5973\u88dd\u51fa\u9053",
            "likeCount": 2
        },
        {
            "reply_id": "UgxWPMQZzCZdavVeh114AaABAg",
            "reply_content": "\u8b9a\u5594",
            "likeCount": 0
        }
    ]
}