{
    "video_info": {
        "id": "cm5EYRxUOm0",
        "channelTitle": "Howwork X \u516d\u6307\u6df5",
        "title": "Every Time I Play UNO \u6bcf\u6b21\u6211\u73a9UNO\u7684\u6a23\u5b50",
        "description": "",
        "likeCount": "1127",
        "commentCount": "32",
        "viewCount": "28373"
    },
    "comments": [
        {
            "reply_id": "UgzrMXbmlrtImxfHzg14AaABAg",
            "reply_content": "\u6211\u90fd\u6703\u5728\u5225\u4eba\u5feb\u51fa\u5b8c\u6642\u7d66\u4ed6\u4e00\u5927\u5806\u52a0\u724c",
            "likeCount": 1
        },
        {
            "reply_id": "UgzOMB7v-9K0BAAglxR4AaABAg",
            "reply_content": "\u4e0d\u6392\u9664\u88ab\u7092\u9b77\u9b5a",
            "likeCount": 1
        },
        {
            "reply_id": "UgxGRCcX1FvteWB3BH14AaABAg",
            "reply_content": "\u570b\u5916\u6897",
            "likeCount": 0
        },
        {
            "reply_id": "UgzFU86O5J8ykh3Qoe94AaABAg",
            "reply_content": "\u7b11\u8072\u597d\u9b54\u6027\u597d\u559c\u6b61\u54c8\u54c8\u54c8",
            "likeCount": 0
        },
        {
            "reply_id": "Ugw1Twb47RUs6OHtJlp4AaABAg",
            "reply_content": "\u6f0f\u6389\u5f71\u5b50\u4e86",
            "likeCount": 0
        }
    ]
}