{
    "video_info": {
        "id": "d3fuWYSjp7s",
        "channelTitle": "Howwork X \u516d\u6307\u6df5",
        "title": "\u516d\u6307\u6df5\u7684\u773c\u775b\u597d\u5947\u602a",
        "description": "",
        "likeCount": "3067",
        "commentCount": "293",
        "viewCount": "70744"
    },
    "comments": [
        {
            "reply_id": "UgzlC1GFbeymJcd2KeN4AaABAg",
            "reply_content": "\u96f7\u5c04\u5b8c\u76f4\u63a5\u8b8a\u8725\u8734\u4eba",
            "likeCount": 179
        },
        {
            "reply_id": "Ugz7KitLePbJDRQBzWZ4AaABAg",
            "reply_content": "\u60f3\u4e86\u597d\u4e45\uff0c\u5e94\u8be5\u8bf4\u773c\u775b\u7684\u8fd0\u52a8\u6ede\u540e\u4e8e\u8eab\u4f53\u7684\u8fd0\u52a8",
            "likeCount": 27
        },
        {
            "reply_id": "UgyVsrjkPqJfaG6BTCl4AaABAg",
            "reply_content": "\u5176\u5be6\u771f\u7684\u53ef\u4ee5\u82b1\u4e00\u7b46\u9322\u7528\u5728\u77ef\u6b63\u7259\u9f52 \u5728\u87a2\u5e55\u4e0a\u6703\u6bd4\u8f03\u4e0a\u76f8",
            "likeCount": 1
        },
        {
            "reply_id": "Ugx6xhqJ9HzGySE5tYN4AaABAg",
            "reply_content": "\u518d\u4f86\u63db\u7259\u9f52\u56c9",
            "likeCount": 1
        },
        {
            "reply_id": "UgxulYPzow4zuMmU0sF4AaABAg",
            "reply_content": "\u8725\u8734\u4eba",
            "likeCount": 0
        },
        {
            "reply_id": "UgyfqEEsjPgHPmjTMnZ4AaABAg",
            "reply_content": "\u662f\u9577\u50cf\u771f\u7684\u602a\u602a\u5e95",
            "likeCount": 0
        },
        {
            "reply_id": "Ugzlxv77mhF-CFkoiwF4AaABAg",
            "reply_content": "\u597d\u53ef\u6015",
            "likeCount": 0
        },
        {
            "reply_id": "UgwTNdum31ttLN7s8Ix4AaABAg",
            "reply_content": "\u7a0d\u5fae\u50cf\u9ec3\u8c6a\u5e73",
            "likeCount": 0
        }
    ]
}