{
    "video_info": {
        "id": "EscChFd1Fwk",
        "channelTitle": "Howwork X \u516d\u6307\u6df5",
        "title": "\u53f0\u7063\u4e5f\u6709\u5de8\u578b\u6295\u5f71\u7403\uff01\u6211\u628a\u7c89\u7d72\u7684\u9858\u671b\u6295\u5f71\u5728\u4e0a\u9762\u4e86\uff01\u3010\u516d\u6307\u6df5 Huber\u3011",
        "description": "C-LAB\u300cFUTURE VISION LAB 2023\u300d\u5be6\u9a57\u5c55\u6f14\u8a08\u756b\uff0c\u958b\u555f\u300cDOME 2.0\u300d\u5347\u7d1a\u7248\u6236\u5916\u7a79\u9802\u5287\u5834\uff0c\n\u4ee5\u7e3d\u89e3\u6790\u5ea610K\u8d85\u9ad8\u89e3\u6790\u6c89\u6d78\u5f71\u50cf\u8207\u9707\u64bc\u8072\u5834\u767b\u5834\uff0c\u5c55\u6620\u5305\u62ec\u300cSAT Fest\u300d\u55ae\u5143\u3001\u300c\u5fb5\u4ef6\u300d\u3001\u300c\u7b56\u5283\u9080\u8acb\u300d\u3001\u300c\u6821\u969b\u57f9\u80b2\u300d\n\u7b49\u4e0d\u540c\u64ad\u6620\u55ae\u5143\u5448\u73fe\uff0c\u66f4\u8207\u8868\u6f14\u85dd\u8853\u8de8\u754c\u5408\u4f5c\u6f14\u51fa\uff0c\u5c55\u6f14\u81f312\u670824\u65e5\u6b62\uff0c\u4eca\u5e74\u6700\u5f8c\u4e0d\u5bb9\u932f\u904e\u7684\u6c89\u6d78\u5f0f\u5c55\u6f14\uff01\n\n\u5c55\u6f14\u5b98\u7db2\u8cc7\u8a0a https://reurl.cc/kapq7x \n\u8207\u300c\u8ca1\u5718\u6cd5\u4eba\u81fa\u7063\u751f\u6d3b\u7f8e\u5b78\u57fa\u91d1\u6703\u300d\u4f01\u5283\u5408\u4f5c\u3002\n-\n\u6211\u7684\u65b0\u66f8\u535a\u5ba2\u4f86\u5373\u6642\u6392\u884c\u7b2c\u4e00\u540d\uff01\n\u300a\u4f60\u7684\u5922\u60f3\u53ef\u80fd\u6709\u9ede\u98a8\u96aa\u300b\nhttps://cplink.co/josMRpV8\n-\n\u300a\u6a5f\u5bc6\u300b\u516d\u6307\u6df5\u62cd\u651d\u8a2d\u5099\nhttps://www.sixvfx.com/equipment\n\n\u516d\u6307\u6df5 Huber \u76f8\u95dc\u793e\u7fa4\n\u5b98\u65b9Instagram \u261e https://goo.gl/XfCyqQ\n\u5b98\u65b9\u7c89\u7d72\u5718 \u261e https://goo.gl/B1GrKn\n\n\u806f\u7d61\u4fe1\u7bb1 hi@sixvfx.com\n\u5b98\u65b9\u7db2\u7ad9 https://www.sixvfx.com/\nAE\u5927\u767e\u79d1 https://aevfx.cc/",
        "likeCount": "549",
        "commentCount": "34",
        "viewCount": "14193"
    },
    "comments": [
        {
            "reply_id": "UgyTvxG9irNFB54VsNV4AaABAg",
            "reply_content": "\u9019\u500b\u770b\u8d77\u4f86\u771f\u7684\u597d\u9177",
            "likeCount": 6
        },
        {
            "reply_id": "UgxS1FRlN0h-PkFCM994AaABAg",
            "reply_content": "\u6311\u6230\u628a\u4e00\u500b\u6050\u6016\u7247\u8b8a\u6210\u641e\u7b11\u7247",
            "likeCount": 1
        },
        {
            "reply_id": "Ugz5S_i5VNaD3MhxlcB4AaABAg",
            "reply_content": "\u50cf\u79d1\u535a\u9928",
            "likeCount": 1
        },
        {
            "reply_id": "UgwckPc7eo3F-ODDPYB4AaABAg",
            "reply_content": "\u7b2c\u4e09",
            "likeCount": 1
        },
        {
            "reply_id": "UgwE1RbKMg8hPpQ1cNJ4AaABAg",
            "reply_content": "\u7b2c\u4e00",
            "likeCount": 1
        },
        {
            "reply_id": "UgxT3-e2MtQSUH-EDmF4AaABAg",
            "reply_content": "\u98db\u8d77\u4f86\u7684\u6642\u5019\u662f\u5403\u98ef\u7684\u6642\u5019",
            "likeCount": 0
        },
        {
            "reply_id": "UgwHOH25Tq-M0L_cdV94AaABAg",
            "reply_content": "\u53ef\u4e0d\u53ef\u4ee5\u62ef\u6551\u99ac\u4fdd\u570b",
            "likeCount": 0
        },
        {
            "reply_id": "UgxDyiMP84kjb5yMXeZ4AaABAg",
            "reply_content": "\u70ba\u4ec0\u9ebc\u983b\u9053\u540d\u8981\u6539",
            "likeCount": 0
        },
        {
            "reply_id": "UgwiyUVYRQZtsysnKeV4AaABAg",
            "reply_content": "\u8d85\u55f7\u55f7\u55f7\u55f7\u55f7\u55f7\u55f7\u55f7\u55f7\u55f7\u9177",
            "likeCount": 0
        },
        {
            "reply_id": "Ugx4MZp6h45uxhOXDdd4AaABAg",
            "reply_content": "\u9177",
            "likeCount": 0
        }
    ]
}