{
    "video_info": {
        "id": "gcMuwyF2jqs",
        "channelTitle": "Howwork X \u516d\u6307\u6df5",
        "title": "EP02\u8ddf\u7279\u6548\u5e2b\u670b\u53cb\u7d04\u6703\u662f\u4ec0\u9ebc\u9ad4\u9a57\uff1f\u5077\u5077\u505a\u7279\u6548\u6703\u88ab\u767c\u73fe\u55ce\uff1f",
        "description": "",
        "likeCount": "2517",
        "commentCount": "26",
        "viewCount": "59906"
    },
    "comments": [
        {
            "reply_id": "UgzXegJfC8Kd8biq8up4AaABAg",
            "reply_content": "\u6211\u53ef\u4ee5\u60f3\u50cf\u5230\u62cd\u651d\u7684\u6642\u5019\u6c92\u6709\u9019\u4e9b\u7279\u6548\u6709\u591a\u5c37\u5c2c",
            "likeCount": 111
        },
        {
            "reply_id": "UgzXv3Vox9KxsXbFgnV4AaABAg",
            "reply_content": "\u9084\u662f\u8ddf\u4efb\u5fd7\u6bd4\u8f03\u914d",
            "likeCount": 32
        },
        {
            "reply_id": "UgxHxjp5y5e4Wuj27VV4AaABAg",
            "reply_content": "\u4f60\u5dee\u9ede\u5bb3\u4ed6\u9032\u5165\u4ed9\u4eba\u6a21\u5f0f",
            "likeCount": 0
        },
        {
            "reply_id": "UgxFK-IWbCC2_G86T2J4AaABAg",
            "reply_content": "\u90a3\u500b\u9f3b\u5b50\u597d\u50cf\u9f9c\u6295",
            "likeCount": 0
        },
        {
            "reply_id": "Ugxs88qss4OIMRmLJSp4AaABAg",
            "reply_content": "\u9019\u500b\u7cfb\u5217\u4e0d\u932f\u5594",
            "likeCount": 0
        }
    ]
}