{
    "video_info": {
        "id": "juLbpfA4CMk",
        "channelTitle": "Howwork X \u516d\u6307\u6df5",
        "title": "\u8d64\u9b3c\u4f2f\u4f2f\u8207\u7279\u6548\u5e2b\u7d04\u6703 \u7b2c\u4e8c\u96c6\uff01\u62b1\u6b49\u4e86\u5404\u4f4d\ud83d\ude48\u7d04\u6703\u5c31\u662f\u8981\u7d04\u6e9c\u51b0\u554a",
        "description": "",
        "likeCount": "4372",
        "commentCount": "80",
        "viewCount": "116321"
    },
    "comments": [
        {
            "reply_id": "UgzlUlXHrX1bCuTO9mB4AaABAg",
            "reply_content": "\u8d64\u9b3c\u7684\u7537\u670b\u53cb\u662f\u6e96\u6642\u770b\u5979\u76f4\u64ad\u7684\u89c0\u773e\u5011",
            "likeCount": 4
        },
        {
            "reply_id": "UgzLBFjewehjrhAUtgp4AaABAg",
            "reply_content": "\u88ab\u8df3\u86a4\u96fb\u5230",
            "likeCount": 2
        },
        {
            "reply_id": "UgzHboaAkBjI1VCpfYV4AaABAg",
            "reply_content": "\u6709\u9ede\u7fa8\u6155\u516d\u6307\u6df5",
            "likeCount": 2
        },
        {
            "reply_id": "UgypbS4_PrwT3R1jKKx4AaABAg",
            "reply_content": "\u597d\u8272\u5594",
            "likeCount": 0
        },
        {
            "reply_id": "UgyIgt_x14SMdwPvX9d4AaABAg",
            "reply_content": "\u4e0d\u53ef\u4ee5\u6f80\u6f80",
            "likeCount": 0
        },
        {
            "reply_id": "Ugw3A7MtlU9k9R3xzi14AaABAg",
            "reply_content": "\u539f\u4f86\u662f\u5bc4\u751f\u7378\u5440",
            "likeCount": 0
        },
        {
            "reply_id": "Ugyuo-FElXwgQ15FI2N4AaABAg",
            "reply_content": "\u5176\u5be6\u662f\u5bc4\u751f\u7378",
            "likeCount": 0
        },
        {
            "reply_id": "Ugy0CitSi2stttiELNJ4AaABAg",
            "reply_content": "\u88c2\u53e3",
            "likeCount": 0
        },
        {
            "reply_id": "Ugwihu-f2MFbcyhajYp4AaABAg",
            "reply_content": "\u6700\u5f8c\u6709\u4eae\u9ede",
            "likeCount": 0
        },
        {
            "reply_id": "UgzxYvVMHa0srych97t4AaABAg",
            "reply_content": "\u552c\u721b",
            "likeCount": 0
        }
    ]
}