{
    "video_info": {
        "id": "kYSMkAFqbQw",
        "channelTitle": "Howwork X \u516d\u6307\u6df5",
        "title": "\u9084\u60f3\u770b\u4ec0\u9ebc\u7279\u6548\u7559\u8a00\u8a31\u9858\uff01 \u60f3\u770b66\u2026",
        "description": "",
        "likeCount": "5456",
        "commentCount": "172",
        "viewCount": "83630"
    },
    "comments": [
        {
            "reply_id": "UgxXdLK9RxX-1G-mYKd4AaABAg",
            "reply_content": "\u60f3\u770b\u516d\u516d\u77ac\u9593\u8f49\u79fb\u53bb\u4e86\u96fb\u8996\u6a5f\u88cf\u9762",
            "likeCount": 1
        },
        {
            "reply_id": "UgwdyfqEnbNKPHIge2B4AaABAg",
            "reply_content": "\u6211\u60f3\u770b\u6642\u9593\u6ed1\u6e9c",
            "likeCount": 0
        },
        {
            "reply_id": "UgzkUBZ7ESKlfYtQsVl4AaABAg",
            "reply_content": "\u53ef\u4ee5\u53ec\u559a\u795e\u5947\u6578\u5b57\u99ac\u6232\u5718\u88e1\u9762\u7684\u6ce1\u6ce1\u5f88\u5805\u56fa\u4e0d\u6703\u4e00\u64ae\u5c31\u6703\u6c92\u4e86\u4f60\u60f3\u8981\u8b93\u4ed6\u8b8a\u591a\u5c11\u51fa\u4f86\u7136\u5f8c\u4f60\u5c31\u8aaa\u51fa\u4f60\u5fc3\u4e2d\u7684\u6578\u5b57",
            "likeCount": 0
        },
        {
            "reply_id": "UgwudOYPx8zc2oEW2UN4AaABAg",
            "reply_content": "\u9d28\u9d28\u51fa\u73fe\u4e86",
            "likeCount": 0
        },
        {
            "reply_id": "UgwgA6CjuVZ5OFdne654AaABAg",
            "reply_content": "\u60f3\u770b\u516d\u516d\u5403\u4efb\u5fd7\u8b8a\u4efb\u5fd7",
            "likeCount": 0
        },
        {
            "reply_id": "UgxqmmFXMoSArOvABL14AaABAg",
            "reply_content": "\u60f3\u770b\u6700\u611b\u7684\u5927\u68d2\u68d2",
            "likeCount": 0
        },
        {
            "reply_id": "UgwPF0GKOK39Lxev0Z94AaABAg",
            "reply_content": "\u8ddf\u96fb\u8166\u6216\u624b\u6a5f\u88e1\u7684\u5973\u512a\u4e92\u52d5",
            "likeCount": 0
        },
        {
            "reply_id": "UgzkEDrrSpyP3u8wQR14AaABAg",
            "reply_content": "\u60f3\u770b\u516d\u516d\u8ddf\u756b\u4e2d\u7684\u8499\u5a1c\u9e97\u838e\u4e00\u8d77\u5531\u6b4c",
            "likeCount": 0
        },
        {
            "reply_id": "UgxjIpy83sSP_cd-gNB4AaABAg",
            "reply_content": "\u7279\u6548\u5927\u5e2b",
            "likeCount": 0
        },
        {
            "reply_id": "Ugw91ATsvk5cGSD6ihB4AaABAg",
            "reply_content": "\u60f3\u770b\u516d\u516d\u7576\u4e94\u689d\u609f\u8ddf\u5bbf\u513a\u5c0d\u6253",
            "likeCount": 0
        },
        {
            "reply_id": "Ugya0kqmDSGOYtnK0yB4AaABAg",
            "reply_content": "\u60f3\u770b\u516d\u516d\u7528\u96b1\u8eab\u8853\u53bb\u5077\u54e1\u5de5\u7684\u9322\u5305",
            "likeCount": 0
        },
        {
            "reply_id": "Ugxu0dSfh60NHEAtr8V4AaABAg",
            "reply_content": "\u60f3\u770b\u516d\u516d\u7528\u767d\u9280\u4e4b\u661f\u63cd\u81ea\u5df1",
            "likeCount": 0
        },
        {
            "reply_id": "UgxQLKVl3WoW3ZISxlZ4AaABAg",
            "reply_content": "\u60f3\u770b\u516d\u516d\u5728\u7167\u93e1\u5b50\u6642\u7a81\u7136\u88ab\u93e1\u5b50\u88e1\u7684\u516d\u516d\u62c9\u9032\u53bb",
            "likeCount": 0
        },
        {
            "reply_id": "UgwsPPDbqfWzCY7C6vd4AaABAg",
            "reply_content": "\u60f3\u770b\u5230\u4e8c\u7dad\u7a7a\u9593\u8ddf\u4e09\u7dad\u7a7a\u9593\u7684\u4eba\u88fd\u9020\u4e00\u500b\u9ed1\u6d1e\ud83d\ude02",
            "likeCount": 0
        },
        {
            "reply_id": "UgyRiKKEN5MzJDFTw7J4AaABAg",
            "reply_content": "\u7559\u8a00\u600e\u9ebc\u90a3\u9ebc\u591a\u7532\u6587\u5e6b",
            "likeCount": 0
        },
        {
            "reply_id": "Ugx4DrNV8dKrjWqsoqR4AaABAg",
            "reply_content": "\u5f88\u53b2\u5bb3\u6b38",
            "likeCount": 0
        },
        {
            "reply_id": "UgxN57iV3AngSHewE3V4AaABAg",
            "reply_content": "\u53ef\u4ee5\u8868\u6f14\u9818\u57df\u5c55\u958b\u548c\u9808\u4f50\u80fd\u4e4e\u55ce",
            "likeCount": 0
        },
        {
            "reply_id": "UgzbA9jwAqfn3rpI5Ix4AaABAg",
            "reply_content": "\u60f3\u770b\u516d\u516d\u5973\u670b\u53cb\u88ab\u6436\u8d70\u5176\u5be6\u4ed6\u5973\u670b\u53cb\u662f\u53e6\u4e00\u500b\u81ea\u5df1",
            "likeCount": 0
        },
        {
            "reply_id": "UgwoJZwdXQHzi_wKd-B4AaABAg",
            "reply_content": "\u60f3\u770b\u516d\u516d\u7528\u51fa\u5947\u72bd\u7684\u6697\u6bba\u6b98\u5f71",
            "likeCount": 0
        },
        {
            "reply_id": "UgxCNj6WcgPNUvQPG9t4AaABAg",
            "reply_content": "\u60f3\u770b\u516d\u516d\u8b8a\u6210\u5492\u8853\u7684\u706b\u5c71\u982d\u7136\u5f8c\u4efb\u5fd7\u662f\u4e94\u689d\u8aaa\u4f60\u770b\u8d77\u4f86\u5f88\u50cf\u8336\u7897\u84b8",
            "likeCount": 0
        }
    ]
}