{
    "video_info": {
        "id": "OEAWHRJ1j64",
        "channelTitle": "Howwork X \u516d\u6307\u6df5",
        "title": "This game is realistic!",
        "description": "",
        "likeCount": "4327",
        "commentCount": "79",
        "viewCount": "84266"
    },
    "comments": [
        {
            "reply_id": "Ugwts7VpMTNdJ8Z9tk94AaABAg",
            "reply_content": "\u9019\u904a\u6232\u5f88\u597d\u73a9\u4f46\u53ea\u80fd\u73a9\u4e00\u6b21",
            "likeCount": 167
        },
        {
            "reply_id": "UgxPOT90Q_V8ViNNSFZ4AaABAg",
            "reply_content": "\u539f\u4f86\u5147\u624b\u5c31\u662f\u4ebb",
            "likeCount": 51
        },
        {
            "reply_id": "UgyaA68j1rwTF3lqcg54AaABAg",
            "reply_content": "\u597d\u6d6a\u6f2b\u5594",
            "likeCount": 3
        },
        {
            "reply_id": "UgwdNUprcEMjcNhZH8d4AaABAg",
            "reply_content": "\u9019\u6709\u9ede\u53b2\u5b80",
            "likeCount": 1
        },
        {
            "reply_id": "UgxgavOBPh0GeN8ZRCt4AaABAg",
            "reply_content": "\u963f\u6b7b\u4e86\u9084\u5728\u73a9",
            "likeCount": 1
        },
        {
            "reply_id": "UgxNa_u54wAQam49YM14AaABAg",
            "reply_content": "\u9019\u7b97\u5b89\u6a02\u6b7b\u55ce",
            "likeCount": 0
        },
        {
            "reply_id": "Ugyi2WlJ771b92aQ7QZ4AaABAg",
            "reply_content": "\u80cc\u666f\u97f3\u6a02\u662f\u4ec0\u9ebc",
            "likeCount": 0
        },
        {
            "reply_id": "UgzJUQXmibfOPtlpUrl4AaABAg",
            "reply_content": "\u5c45\u7136\u770b\u4e8c\u6b21\u624d\u61c2\u54c8\u54c8",
            "likeCount": 0
        },
        {
            "reply_id": "UgyJ6i3GZDuvpkqRKT14AaABAg",
            "reply_content": "\u6b7b\u4e86\u90fd\u8981\u611b",
            "likeCount": 0
        },
        {
            "reply_id": "Ugyreys2GsCTez7ZUMF4AaABAg",
            "reply_content": "\u53f0\u7063\u7206\u4e86\ud83d\ude02\u54c8\u54c8\u54c8\u54c8\u54c8\u54c8\u54c8\u54c8\u54c8\u54c8\u54c8\u54c8\u54c8\u54c8\u54c8\u54c8\u54c8\u54c8\u54c8\u54c8\u54c8\u54c8\u54c8\u54c8\u54c8\u54c8\u54c8\u54c8\u54c8\u54c8\u54c8\u54c8\u54c8\u54c8\u54c8\u54c8\u54c8\u54c8\u54c8\u54c8\u54c8\u54c8\u54c8\u54c8\u54c8\u54c8\u54c8",
            "likeCount": 0
        },
        {
            "reply_id": "Ugyi9GkiOKOExfUV9NN4AaABAg",
            "reply_content": "\u8ab0\u662f\u5947\u6a02",
            "likeCount": 0
        },
        {
            "reply_id": "UgxsJhp7lohbnMNACi54AaABAg",
            "reply_content": "\u9019\u500b\u9084\u4e0d\u932f\u73a9\u634f",
            "likeCount": 0
        },
        {
            "reply_id": "Ugz0lybWKNwLrLXUxoN4AaABAg",
            "reply_content": "\u4e0d\u5c0d\u554a\u624b\u600e\u9ebc\u9084\u5728\u52d5",
            "likeCount": 0
        },
        {
            "reply_id": "Ugxv7ZQfj0qBKiXy5VV4AaABAg",
            "reply_content": "\u81ea\u6ec5\u81ea\u6c23",
            "likeCount": 0
        },
        {
            "reply_id": "UgwLGyLUhp90Jn-3Hsh4AaABAg",
            "reply_content": "\u7576\u5c0f\u5b69\u64c1\u6709\u795e\u660e\u7684\u6b0a\u5229",
            "likeCount": 0
        },
        {
            "reply_id": "UgzfmRB-j019t_Xa9Nt4AaABAg",
            "reply_content": "\u6211\u5df2\u7d93\u628a\u6240\u6709\u6b66\u5668\u90fd\u89e3\u9396\u4e86",
            "likeCount": 0
        },
        {
            "reply_id": "Ugy0Wy5-cNPDTQ8Ckd14AaABAg",
            "reply_content": "\u6211\u618b\u7684\u597d\u75db\u82e6",
            "likeCount": 0
        },
        {
            "reply_id": "UgzpliWAV9islr65C-R4AaABAg",
            "reply_content": "\u6211\u73a9\u904e\u9019\u500b",
            "likeCount": 0
        },
        {
            "reply_id": "UgzFhchp7t9W6IEBCXh4AaABAg",
            "reply_content": "\u9019\u904a\u6232\u6211\u4e5f\u6709\u73a9",
            "likeCount": 0
        },
        {
            "reply_id": "UgwJ0iATcFByNFmax8N4AaABAg",
            "reply_content": "\u7b11\u6b7b",
            "likeCount": 0
        }
    ]
}