{
    "video_info": {
        "id": "packeFUqNcE",
        "channelTitle": "Howwork X \u516d\u6307\u6df5",
        "title": "\u7559\u8a00A\u3001B\u8ab0\u8d0f\u4e86\uff01",
        "description": "",
        "likeCount": "5497",
        "commentCount": "587",
        "viewCount": "87307"
    },
    "comments": [
        {
            "reply_id": "UgyGEYrG-Daz19-li1F4AaABAg",
            "reply_content": "\u5176\u5be6\u611f\u89ba\u90fd\u5dee\u4e0d\u591a",
            "likeCount": 1
        },
        {
            "reply_id": "Ugx5aOHmOAAZAPLBZLl4AaABAg",
            "reply_content": "\u6ab8\u6aac\u53e3\u5473\u8584\u8377\u9320\u8d85\u8b9a",
            "likeCount": 0
        },
        {
            "reply_id": "UgzlZKD5ZClMnGu7wih4AaABAg",
            "reply_content": "\u90fd\u4e0d\u932f",
            "likeCount": 0
        },
        {
            "reply_id": "UgwugOpdn2wVZxseWDt4AaABAg",
            "reply_content": "\u4efb\u667a\u8d0f",
            "likeCount": 0
        },
        {
            "reply_id": "UgzRtkq8yT8RT2wfBq94AaABAg",
            "reply_content": "\u5927",
            "likeCount": 0
        },
        {
            "reply_id": "Ugyk-EXp8RGgLpkTGpd4AaABAg",
            "reply_content": "\u6211\u6000\u7591\u662f\u5e7f\u544a",
            "likeCount": 0
        },
        {
            "reply_id": "Ugyduul9VFNp8UW1q9l4AaABAg",
            "reply_content": "\u4e00\u5b9a\u662f\u5c0f\u71b1\u72d7\u5440",
            "likeCount": 0
        },
        {
            "reply_id": "Ugwnv6hEMNuHdY1c9IB4AaABAg",
            "reply_content": "\u9019\u5c31\u662f\u6709\u914d\u6a02\u548c\u6c92\u9078\u5c0d\u6b4c\u7684\u5340\u5225",
            "likeCount": 1
        },
        {
            "reply_id": "UgylmxKXM599x-Rpffx4AaABAg",
            "reply_content": "\u80af\u5b9a\u4e0d\u4f1a\u662f\u516d\u6307\u6e0a",
            "likeCount": 0
        },
        {
            "reply_id": "Ugz8QgEQwUyOjng480B4AaABAg",
            "reply_content": "\u66f2",
            "likeCount": 0
        },
        {
            "reply_id": "Ugy1ZATGSl0o9BsrGSJ4AaABAg",
            "reply_content": "\u6703\u6709\u6559\u5b78\u5f71\u7247\u55ce",
            "likeCount": 0
        },
        {
            "reply_id": "UgyiIMfTquZXif1YYzN4AaABAg",
            "reply_content": "\u5169\u500b\u4eba\u90fd\u5f88\u53b2\u5bb3",
            "likeCount": 0
        },
        {
            "reply_id": "UgzTwzf3TlR8ji0a2aR4AaABAg",
            "reply_content": "\u8f38\u5f97\u61f2\u7f70\u662f\u8ddf\u8d0f\u7684\u5728\u4e00\u8d77",
            "likeCount": 0
        },
        {
            "reply_id": "UgyIgh79lA0l0W0_YXV4AaABAg",
            "reply_content": "\u6de6\u90fd\u597d\u731b",
            "likeCount": 0
        },
        {
            "reply_id": "UgyEKju9d0HSIuGU2pN4AaABAg",
            "reply_content": "\u516d\u516d\u53ef\u4ee5\u9000\u4f11\u4e86",
            "likeCount": 0
        },
        {
            "reply_id": "UgyarjlIA4sZeaRsbYF4AaABAg",
            "reply_content": "\u9732\u4e0b\u9762\u76f4\u63a5\u72a7\u7272",
            "likeCount": 0
        },
        {
            "reply_id": "UgzBQW2_ded3n6qwiDp4AaABAg",
            "reply_content": "\u90a3\u5169\u500b\u54c1\u724c\u8d0f\u4e86",
            "likeCount": 0
        }
    ]
}