{
    "video_info": {
        "id": "UFDo-ng_w6k",
        "channelTitle": "Howwork X \u516d\u6307\u6df5",
        "title": "Let mistake be mistake",
        "description": "",
        "likeCount": "3566",
        "commentCount": "83",
        "viewCount": "61373"
    },
    "comments": [
        {
            "reply_id": "UgwQS2sF15lu4On565h4AaABAg",
            "reply_content": "\u5343\u65b9\u767e\u8a08\u8981\u4e0a\u8001\u95c6",
            "likeCount": 5
        },
        {
            "reply_id": "UgyuPLFOpzPAFMxYF3Z4AaABAg",
            "reply_content": "\u6293\u5230\u6d41\u91cf\u5bc6\u78bc\u4e86",
            "likeCount": 3
        },
        {
            "reply_id": "Ugzj0xiojCHg1hik_sd4AaABAg",
            "reply_content": "\u8981\u7763\u4e0b\u53bb\u55ce",
            "likeCount": 3
        },
        {
            "reply_id": "UgyohF_bK2uZTptgg0N4AaABAg",
            "reply_content": "\u6211\u4ee5\u70ba\u4ed6\u8981\u5077\u8eca",
            "likeCount": 3
        },
        {
            "reply_id": "Ugz-h0or7LCdHQGOjdp4AaABAg",
            "reply_content": "\u958b\u982d\u662f\u6709\u5e25\u5230",
            "likeCount": 1
        },
        {
            "reply_id": "UgwWbxblTTIvAXBY9L94AaABAg",
            "reply_content": "\u53ef\u4ee5\u63a5\u6210\u4eba\u4e1a\u914d",
            "likeCount": 1
        },
        {
            "reply_id": "Ugx1V8FVfEZC0DUqEKt4AaABAg",
            "reply_content": "\u6211\u611b\u9019\u500b",
            "likeCount": 1
        },
        {
            "reply_id": "UgzcNFvKKOw6ja4l_yN4AaABAg",
            "reply_content": "\u4f60\u8981\u627e\u7684\u82f1\u6587\u7559\u8a00\u5728\u9019",
            "likeCount": 0
        },
        {
            "reply_id": "Ugy-Q0EnZ2g2G8E2y7l4AaABAg",
            "reply_content": "\u9019\u7a2e\u98a8\u683c\u5c31\u5c0d\u4e86",
            "likeCount": 0
        },
        {
            "reply_id": "UgwHuCZjbDKkXncBdud4AaABAg",
            "reply_content": "\u597d\u5e25\u5594",
            "likeCount": 0
        }
    ]
}