{
    "video_info": {
        "id": "x7yzyDQmfpg",
        "channelTitle": "Howwork X \u516d\u6307\u6df5",
        "title": "\u89c0\u773e\u60f3\u770b66\u628a\u81ea\u5df1\u58d3\u6241",
        "description": "",
        "likeCount": "4987",
        "commentCount": "148",
        "viewCount": "88895"
    },
    "comments": [
        {
            "reply_id": "UgzrbyBXHxIlhue9PKN4AaABAg",
            "reply_content": "\u60f3\u770b\u9d28\u9d28\u56de\u4f86",
            "likeCount": 3
        },
        {
            "reply_id": "UgwdPHiyA5L2x28fxEF4AaABAg",
            "reply_content": "\u6240\u4ee5\u6211\u8aaa\u9d28\u9d28\u53bb\u54ea\u88e1\u4e86",
            "likeCount": 1
        },
        {
            "reply_id": "Ugy0z5tbpTFKw4Lepb94AaABAg",
            "reply_content": "\u770b\u516d\u516d\u53ec\u559a\u9808\u4f50\u80fd\u4e4e",
            "likeCount": 0
        },
        {
            "reply_id": "UgzNP5acT9k1tTG3Qnl4AaABAg",
            "reply_content": "\u771f\u7684\u8d85\u731b",
            "likeCount": 0
        },
        {
            "reply_id": "UgwE6S3dyLgEkVztKbt4AaABAg",
            "reply_content": "\u60f3\u770b\u516d\u516d\u8b8a\u6210\u7344\u9580\u7586",
            "likeCount": 0
        },
        {
            "reply_id": "UgzyB02f1npzBmjqjwN4AaABAg",
            "reply_content": "\u60f3\u770b\u516d\u516d\u64c1\u6709\u8d85\u80fd\u529b\u4e26\u4e14\u6709\u96f7\u5c04\u773c\uff0c\u7d50\u679c\u80fd\u529b\u592a\u5f37\u628a\u623f\u5b50\u71d2\u4e86",
            "likeCount": 0
        },
        {
            "reply_id": "UgwaetYcb6TxU1Mggdl4AaABAg",
            "reply_content": "\u7167\u93e1\u5b50\u773c\u775b\u8ffd\u767c\u51fa\u5149",
            "likeCount": 0
        },
        {
            "reply_id": "UgxjSD8UGQvorPGZUed4AaABAg",
            "reply_content": "\u6240\u6709\u6771\u897f\u7528\u820c\u982d\u78b0\u5230\u90fd\u6703\u8b8a\u5f37\u529b\u81a0",
            "likeCount": 0
        },
        {
            "reply_id": "UgxYK-rkrISeoHnyrPV4AaABAg",
            "reply_content": "\u771f\u7684\u5f88\u597d\u5947\uff0c\u505a\u9019\u7a2e\u7279\u6548\u5230\u5e95\u9700\u8981\u591a\u4e45\u7684\u6642\u9593",
            "likeCount": 0
        },
        {
            "reply_id": "UgykXSBjV_ECXuzeEhx4AaABAg",
            "reply_content": "\u60f3\u770b\u516d\u516d\u80fd\u50cf\u6d77\u7dbf\u5bf6\u5bf6\u4e00\u6a23\u5438\u6c34\u4e26\u4e14\u64e0\u51fa\u5f88\u591a\u6c34",
            "likeCount": 0
        },
        {
            "reply_id": "Ugz_UKNvHZeo1A9Ei894AaABAg",
            "reply_content": "\u60f3\u4f60\u628a\u4f60\u5176\u4e2d\u4e00\u500b\u5f9e\u7559\u8a00\u62bd\u51fa\u4f86\u62bd\u5230\u4f60\u9580\u76f4\u64ad\u9593\u53c3\u89c0\u554a",
            "likeCount": 0
        },
        {
            "reply_id": "UgwTrUd89984vzpPoN54AaABAg",
            "reply_content": "\u706b\u67f4\u4eba\u592a\u53ef\u611b",
            "likeCount": 0
        },
        {
            "reply_id": "Ugz8xF-81o88FKEcgPR4AaABAg",
            "reply_content": "\u60f3\u770b\u628a\u54e5\u5409\u62c9\u6293\u51fa\u4f86",
            "likeCount": 0
        },
        {
            "reply_id": "Ugx2G3apL5fZ-2o2cd54AaABAg",
            "reply_content": "\u60f3\u770b\u516d\u516d\u7528\u7acb\u9ad4\u6a5f\u52d5\u88dd\u7f6e\u628a\u611b\u6200\u7684\u982d\u780d\u4e0b\u4f86",
            "likeCount": 0
        },
        {
            "reply_id": "UgyN22_twq14FiyY7tx4AaABAg",
            "reply_content": "\u60f3\u770b\u661f\u7206\u6c23\u6d41\u65ac",
            "likeCount": 0
        },
        {
            "reply_id": "UgwU-REnFurWOfM2OnR4AaABAg",
            "reply_content": "\u7c89\u4e86\u7c89\u4e86",
            "likeCount": 0
        },
        {
            "reply_id": "Ugzb4v1xYPZ9Zt1A-zh4AaABAg",
            "reply_content": "\u90a3\u500b\u773c\u93e1\u597d\u61f7\u5ff5",
            "likeCount": 0
        },
        {
            "reply_id": "UgyWbKMVBxxLNetPKj54AaABAg",
            "reply_content": "\u60f3\u770b\u8c6c\u5927\u54e5",
            "likeCount": 0
        },
        {
            "reply_id": "UgwezAfcdMlaOJ5fdMV4AaABAg",
            "reply_content": "\u591a\u7c73\u591a\u7f85\u591a\u7c73\u591a\u7f85\u600e\u9ebc\u8b8a\u6241\u4e86",
            "likeCount": 0
        },
        {
            "reply_id": "UgwL1rCIlICB7v-58GF4AaABAg",
            "reply_content": "\u5c0f\u9ed1\u597d\u53ef\u611b",
            "likeCount": 0
        }
    ]
}