{
    "video_info": {
        "id": "Y4_wl-SNaFw",
        "channelTitle": "Howwork X \u516d\u6307\u6df5",
        "title": "How to cook air! \u5982\u4f55\u6599\u7406\u7a7a\u6c23",
        "description": "",
        "likeCount": "1498",
        "commentCount": "38",
        "viewCount": "26604"
    },
    "comments": [
        {
            "reply_id": "UgzQ2ZaP5irrzBSEAlZ4AaABAg",
            "reply_content": "\u8ddf\u8c37\u95dc\u7a7a\u6c23\u74f6\u6bd4\u8d77\u4f86\u5982\u4f55",
            "likeCount": 6
        },
        {
            "reply_id": "Ugw-fUHO_f8psPxnxPF4AaABAg",
            "reply_content": "\u6211\u7684\u667a\u5546\u53d7\u5230\u4e86\u6c61\u8fb1",
            "likeCount": 4
        },
        {
            "reply_id": "UgzFpqhfuYP-XCHzWg94AaABAg",
            "reply_content": "\u6211\u770b\u4e86\u4ec0\u9ebc",
            "likeCount": 2
        },
        {
            "reply_id": "Ugx-swXMx67Rlj7vCUR4AaABAg",
            "reply_content": "\u516d\u6307\u6df5\u88ab\u7763\u7684\u7a7a\u6c23",
            "likeCount": 1
        },
        {
            "reply_id": "UgybeOOJUFaKRIU_4mp4AaABAg",
            "reply_content": "\u62cd\u9019\u7a2e\u5f71\u7247\u4e0d\u5982\u591a\u966a\u966a\u8001\u95c6",
            "likeCount": 1
        },
        {
            "reply_id": "Ugz9IgJgzQiyPnxgzI54AaABAg",
            "reply_content": "\u5206\u5b50\u6599\u7406",
            "likeCount": 0
        },
        {
            "reply_id": "Ugzo1edW5BJ6eo52fhl4AaABAg",
            "reply_content": "\u88f8\u9ad4\u5eda\u623f",
            "likeCount": 0
        },
        {
            "reply_id": "UgxQLmK6FjCoxruwfeN4AaABAg",
            "reply_content": "\u6708\u5e95\u770b\u525b\u597d",
            "likeCount": 0
        },
        {
            "reply_id": "Ugy7mcojTl8d3Y0JZs94AaABAg",
            "reply_content": "\u53ef\u60e1\u6211\u770b\u5b8c\u4e86",
            "likeCount": 0
        }
    ]
}