{
    "video_info": {
        "id": "YT8eqUSk8po",
        "channelTitle": "Howwork X \u516d\u6307\u6df5",
        "title": "#slickback the smart way!?",
        "description": "",
        "likeCount": "2525",
        "commentCount": "46",
        "viewCount": "59020"
    },
    "comments": [
        {
            "reply_id": "Ugzzyb-dw5Q_xc0MrUZ4AaABAg",
            "reply_content": "\u4efb\u5fd7\u5df2\u54ed",
            "likeCount": 4
        },
        {
            "reply_id": "Ugz-sERYjWNVDUBLOE94AaABAg",
            "reply_content": "\u592a\u597d\u7b11\u4e86\u6211\u770b\u597d\u591a\u904d",
            "likeCount": 3
        },
        {
            "reply_id": "Ugw_vZTIAJmQcB1AQ-Z4AaABAg",
            "reply_content": "\u5c41\u80a1\u75db\u75db\u7684\u611f\u89ba",
            "likeCount": 2
        },
        {
            "reply_id": "UgzMbWIr2tRRSPjtpi94AaABAg",
            "reply_content": "\u597d\u597d\u7df4\u4e0d\u8981\u7528\u7279\u6548",
            "likeCount": 2
        },
        {
            "reply_id": "UgxJa_nb-n10PJZrXol4AaABAg",
            "reply_content": "\u6ed1\u9032\u53bb\u4e86",
            "likeCount": 1
        },
        {
            "reply_id": "Ugz3PSZ-i8FiiGMyU-14AaABAg",
            "reply_content": "\u516d\u516d\u56fd\u5916\u4e00\u4e2a\u4eba\u76d7\u4f60\u5f71\u7247",
            "likeCount": 1
        },
        {
            "reply_id": "UgxSyxAsvTImN7SeaKZ4AaABAg",
            "reply_content": "\u4e0d\u6703\u8df3\u5c31\u5225\u800d\u5bf6\u597d\u55ce",
            "likeCount": 0
        },
        {
            "reply_id": "UgyKoFK_5YXf_rJTYtR4AaABAg",
            "reply_content": "\u5e79",
            "likeCount": 0
        },
        {
            "reply_id": "Ugzp7iHLxjWwfTP2YPx4AaABAg",
            "reply_content": "\u597d\u5947\u602a",
            "likeCount": 0
        },
        {
            "reply_id": "UgxRBHNJu0dE7K-Pas14AaABAg",
            "reply_content": "\u7b11\u6b7b",
            "likeCount": 0
        },
        {
            "reply_id": "UgwiBkJDvHmkrUpwRCV4AaABAg",
            "reply_content": "\u898b\u9762\u5341\u79d2",
            "likeCount": 0
        }
    ]
}