{
    "video_info": {
        "id": "Z6IOsFOsAac",
        "channelTitle": "Howwork X \u516d\u6307\u6df5",
        "title": "\u7576\u4f60\u6709\u500b\u63a7\u5236\u72c2\u8001\u95c6",
        "description": "",
        "likeCount": "2212",
        "commentCount": "38",
        "viewCount": "45847"
    },
    "comments": [
        {
            "reply_id": "UgyudAgx1GqHvB-y4id4AaABAg",
            "reply_content": "\u4e00\u500b\u6050\u6016\u6545\u4e8b",
            "likeCount": 81
        },
        {
            "reply_id": "Ugw7V21abvF9as7tw4t4AaABAg",
            "reply_content": "\u9019\u5c31\u662f\u70ba\u4ec0\u9ebc\u5f9e\u80cc\u5f8c\u4f86\u7279\u5225\u8208\u596e\u7684\u539f\u56e0",
            "likeCount": 31
        },
        {
            "reply_id": "UgzUp94tzXmfBcZKm4d4AaABAg",
            "reply_content": "\u89d2\u8272\u5b9a\u4f4d\u6c7a\u5b9a\u4e86\u5462",
            "likeCount": 2
        },
        {
            "reply_id": "Ugwr9HBfFZmsCH1eXfh4AaABAg",
            "reply_content": "\u611f\u89ba\u8ddf\u7956\u514b\u67cf\u7684\u67d0\u5f35\u5716\u6709\u9ede\u76f8\u4f3c",
            "likeCount": 0
        },
        {
            "reply_id": "UgyT-GHS2Q2DwAtdQIJ4AaABAg",
            "reply_content": "\u7d50\u679c\u4ed6\u76f4\u63a5\u5012\u8eca",
            "likeCount": 0
        }
    ]
}