{
    "channel": {
        "title": "\u6ef4\u59b9",
        "id": "UCGpNjY0Xq2GJLXh4OOX1LOA",
        "customUrl": "@crowndu",
        "uploads": "UUGpNjY0Xq2GJLXh4OOX1LOA"
    },
    "videos": [
        {
            "id": "jQGepcVrJVs",
            "title": "\u597d\u591a\u4eba\u8aaa\u6211\u8b8a\u80d6\u4e86\uff0c\u600e\u9ebd\u8fa6\uff01\u6e1b\u80a5\u6e1b\u8102\u662f\u4e00\u8f29\u5b50\u7684\u4e8b \u2665 \u6ef4\u59b9"
        },
        {
            "id": "_4hw3NDog7M",
            "title": "\u53bb\u65e5\u672c\u5343\u842c\u4e0d\u80fd\u932f\u9019\u500b\u5712\u5340\uff01\u5168\u4e16\u754c\u6700\u5927\u7684\u54c8\u5229\u6ce2\u7279\u5f71\u57ce\u958b\u7bb1+\u5468\u908a\u958b\u7bb1 \u2665 \u6ef4\u59b9"
        },
        {
            "id": "sanhOJlUWyc",
            "title": "\u6ef4\u59b9\u6574\u7406\uff1a\u8ab0\u5bb6\u51b0\u7bb1\u8ddf\u6211\u4e00\u6a23\u4e82\uff1f\ud83e\udee8 Ep. 1"
        },
        {
            "id": "puZxv2so_vE",
            "title": "\u751f\u65e5\u6311\u623024\u5c0f\u6642\u7aa9\u5728\u5e8a\u4e0a\u4e00\u6574\u5929\uff01\u4f7f\u559a\u54e5\u54e5\u7adf\u7136\u7372\u5f97\u5927\u79ae\uff1f\u2665 \u6ef4\u59b9"
        },
        {
            "id": "faLxbjMw0DE",
            "title": "\u5973\u751f\u7684\u5feb\u6a02\u5c31\u662f\u9019\u9ebd\u7c21\u55ae\uff01\u777d\u90557\u5e74\u76f4\u63a5\u5728\u65e5\u672c\u958b\u626d\u4e86\uff01\u2665 \u6ef4\u59b9"
        },
        {
            "id": "5l2qqHXhdnU",
            "title": "\u6bcf\u6b21\u770b\u5230\u54e5\u54e5\u539f\u5730\u5d29\u6f70\u771f\u958b\u5fc3\uff01\u5207\u6c34\u679c\u61f6\u4eba\u795e\u5668\u5230\u5e95\u662f\u795e\u5668\u9084\u662f\u5ee2\u7269\uff1f\u2665 \u6ef4\u59b9"
        },
        {
            "id": "FakJq-g30dU",
            "title": "\u98f2\u6599\u5e97\u5c31\u662f\u8981\u6bd4\u901f\u5ea6\uff01\u6700\u5feb\u7684\u98f2\u6599\u9054\u4eba\u6703\u662f\u8ab0\u5462\uff1f \u2665 \u6ef4\u59b9"
        },
        {
            "id": "OvUxwlnJrkc",
            "title": "\u6cf0\u52d2\u7d72\u6f14\u5531\u6703\u5468\u908a\u958b\u7bb1\uff01\u8d85\u8c50\u5bcc\u985e\u5225\u7d55\u5c0d\u8981\u770b\uff01\u2665 \u6ef4\u59b9 Taylor Swift The Eras Tour Merchandise Unboxing & Giveaway"
        },
        {
            "id": "32PyQ_AasBU",
            "title": "\u6cf0\u52d2\u7d72\u6f14\u5531\u6703\u771f\u7684\u662f\u53f2\u4e0a\u6700\u68d2\u7684\uff01\u4e00\u751f\u4e00\u5b9a\u8981\u770b\u4e00\u6b21\uff01Taylor Swift The Eras Tour Vlog \u6f14\u5531\u6703\u5168\u7d00\u9304 \u2665 \u6ef4\u59b9"
        },
        {
            "id": "PUMjDoaXrzU",
            "title": "\u7f8e\u570b\u4eba\u7b2c\u4e00\u6b21\u559d\u300c\u73cd\u73e0\u5976\u8336\u300d\uff01\u6ef4\u59b9\u5728\u570b\u5916\u9996\u6b21\u5617\u8a66\u89aa\u624b\u505a\u53f0\u7063\u5473\u73cd\u5976\uff01\u2665 \u6ef4\u59b9"
        },
        {
            "id": "iGtkwgr4gHo",
            "title": "\u5403\u5de7\u514b\u529b\u9084\u6709\u6a5f\u6703\u53ef\u4ee5\u62ff\u523030\u842c?!MrBeast\u7684\u5de7\u514b\u529b\u54c1\u724c\u958b\u7bb1\u2665 \u6ef4\u59b9"
        },
        {
            "id": "ap8HT6-rejw",
            "title": "\u54e5\u54e5\u51fa\u570b\u4e0d\u5728\u5bb6\uff01\u99ac\u4e0a\u5e36\u670b\u53cb\u4f86\u963f\u6ef4\u5bb6\u5927\u9b27\u7279\u9b27\uff01\u2665 \u6ef4\u59b9 @DaChien @theLiuPei @user-huangbrothers @helloiamhook @annie72127"
        },
        {
            "id": "A7-iA9kp2mQ",
            "title": "\u5be6\u6e2c5\u95934.5\u661f\u7f8e\u570b\u5728\u5730\u98f2\u6599\u5e97\uff01\u5927\u5bb6\u90fd\u611b\u559d\u9019\u500b\uff1f\u2665 \u6ef4\u59b9"
        },
        {
            "id": "0cZmTwLcVv4",
            "title": "\u4e0d\u540c\u570b\u5bb6\u7684\u670b\u53cb\u9ede\u5916\u9001\u7d66\u6211\u5403! \u6bcf\u4e00\u500b\u9910\u9ede\u90fd\u8d85\u7d1a\u9a5a\u559c! \u2665 \u6ef4\u59b9"
        },
        {
            "id": "yETNBRQ0wC0",
            "title": "\u5728\u7f8e\u570b\u4e00\u65e5\u7d04\u6703! \u561f\u561f\u6ef4\u5927\u5408\u9ad4! \u2665 \u6ef4\u59b9"
        },
        {
            "id": "Y1Yn1yBJnlc",
            "title": "\u4e00\u500b\u4eba\u53bb\u7f8e\u570b\u597d\u840a\u5862\u95d6\u8569! \u671d\u8056\u4e16\u754c\u8457\u540d\u6a19\u8a8c\u8d85\u65b0\u5947! \u2665 \u6ef4\u59b9"
        },
        {
            "id": "GxR332pHbns",
            "title": "\u60f3\u4e86\u597d\u5e7e\u5e74\u7d42\u65bc\u53bb\u505a\u9f3b\u5b50\u624b\u8853\u4e86...\u4eba\u751f\u7b2c\u4e00\u6b21\u5168\u8eab\u9ebb\u9189\u597d\u7dca\u5f35\uff01\u2665 \u6ef4\u59b9"
        },
        {
            "id": "T4a3y8eTmiE",
            "title": "\u9996\u6b21\u958b\u7bb1\u632a\u5a01\u96f6\u98df\uff01\u8207\u632a\u5a01\u60c5\u6b4c\u5c0f\u738b\u5b50\u908a\u559d\u518d\u77615\u5206\u9418\u908a\u4e00\u8d77\u5403\uff01feat. Peder Elias \u2665 \u6ef4\u59b9"
        },
        {
            "id": "pmAioiwf5wM",
            "title": "\u7b2c\u4e00\u6b21\u5e6b\u8c93\u54aa\u6d17\u6fa1\uff01\u6176\u795d\u73cd\u73e0\u5976\u8336\u4e94\u6b72\u751f\u65e5\u5feb\u6a02\uff01 \u2665 \u6ef4\u59b9"
        },
        {
            "id": "8msWbpcrn84",
            "title": "\u597d\u5473\u5c0f\u59d0\u5728\u6708\u5b50\u4e2d\u5fc3\u4f11\u990a\ud83c\udf4b! \u6ef4\u59b9\u5247\u6210\u70ba\u857e\u5922\u7684\u4e00\u65e5\u4fdd\u59c6!! \u2665 \u6ef4\u59b9"
        },
        {
            "id": "RjNpNTfwlbc",
            "title": "\u7c89\u8272\u982d\u9aee\u771f\u7684\u597d\u96e3\u7dad\u6301\uff01\u70ba\u62ef\u6551\u982d\u76ae\u8207\u9aee\u8cea\u4e00\u5200\u76f4\u63a5\u4e0b\u53bb\u4e86\uff01\u2665 \u6ef4\u59b9"
        },
        {
            "id": "5kLFsklvVm8",
            "title": "\u6ef4\u59b9\u9060\u7aef\u8a9e\u97f3\u64cd\u63a7\u300c\u5047\u5ba2\u4eba\u300d! \u7b2c\u4e00\u6b21\u7576\u670d\u52d9\u696d\u7684\u963f\u6ef4\u5feb\u8981\u88ab\u73a9\u58de\u4e86~ \u2665 \u6ef4\u59b9"
        },
        {
            "id": "R1rLhhzdFBo",
            "title": "\u5f04\u4e82\u54e5\u54e5\u65b0\u5bb6\uff01\u963f\u6ef4\u6703\u627e\u85cf\u5728\u5bb6\u88e1\u7684\u76f2\u76d2\u627e\u5230\u5d29\u6f70\u55ce\uff1f\u3010\u5927\u9b27\u54e5\u54e5\u65b0\u5bb6 Ep. 2\u3011\u2665 \u6ef4\u59b9"
        },
        {
            "id": "s2pdK6pW_wU",
            "title": "\u6ef4\u59b9\u623f\u95935\u5e74\u6c92\u958b\u7bb1! \u5077\u5077\u56de\u8001\u5bb6\u6574\u7406\u81ea\u5df1\u7684\u623f\u9593! \u6ef4\u5b24\u6ef4\u7238\u6ef4\u5abd\u5168\u90e8\u5687\u4e00\u5927\u8df3!!! \u2665 \u6ef4\u59b9"
        },
        {
            "id": "dKiYCNDzB94",
            "title": "\u3010\u6ef4\u59b9\u7ffb\u5531\u5c0f\u7f8e\u4eba\u9b5a\u4e3b\u984c\u66f2\u3011The Little Mermaid - Part of Your World Music Video Cover \u2665 \u6ef4\u59b9"
        },
        {
            "id": "X1SINE3boxU",
            "title": "\u5728\u54e5\u54e5\u65b0\u5bb6\u958b\u7bb1\u6211\u8cb7\u7684\u5ee2\u7269! \u963f\u6ef4\u5d29\u6f70\u53eb\u6211\u4e0d\u8981\u518d\u8cb7\u4e86!!! \u2665 \u6ef4\u59b9"
        },
        {
            "id": "aUNCFJtPeE0",
            "title": "\u958b\u7bb1\u4e00\u665a\u8981$5000\u7684\u7d55\u7f8e\u6c11\u5bbf\uff01\u63a1\u5149\u8d85\u597d\u8d85\u7d1a\u9069\u5408\u62cd\u7167\u62cd\u7247\uff01\u2665 \u6ef4\u59b9"
        },
        {
            "id": "V6tsdvgTffE",
            "title": "100\u500b\u89d2\u8272\u7684\u62fc\u5716\u8981\u62fc\u591a\u4e45? \u5144\u59b9PK\u8ced\u4e0a\u767e\u842c\u7684\u6230\u722d!? \u2665 \u6ef4\u59b9"
        },
        {
            "id": "MfTikuWwkuE",
            "title": "\u4e00\u6574\u5957\u9ad8\u7d1a\u6cd5\u5f0f\u9910\u9ede\u53ea\u8981$1500\uff1f\uff01\u8d85\u5e73\u50f9\u5962\u83ef\u7684\u4e8c\u5408\u70ba\u4e00! \u8001\u9955\u5fc5\u5403\u7576\u5730\u4eba\u4e5f\u8d85\u7d1a\u63a8\u85a6! \u2665 \u6ef4\u59b9"
        },
        {
            "id": "glkkdtxe6GU",
            "title": "\u4eba\u5f62\u6a39\u61f6\u6ef4\u59b9\u8207\u771f\u7684\u6a39\u61f6\u898b\u9762\u4e86\uff01\u597d\u60f3\u990a\u6a39\u61f6\uff01\u2665 \u6ef4\u59b9"
        },
        {
            "id": "ZwNFrjL9aBA",
            "title": "\u5bc4\u751f\u4e0a\u6d41\u771f\u5be6\u4e0a\u6f14\uff01\u5077\u5077\u4f4f\u9032\u54e5\u54e5\u65b0\u5bb6\uff0c\u963f\u6ef4\u6703\u767c\u73fe\u55ce\uff1f\u3010\u5927\u9b27\u54e5\u54e5\u65b0\u5bb6 Ep. 1\u3011\u2665 \u6ef4\u59b9 x \u611a\u4eba\u7bc0\u4f01\u5283"
        },
        {
            "id": "ZqsmMgdY3Ts",
            "title": "\u6211\u52a0\u5165\u8077\u7c43\u5566\u5566\u968a\u4e86!? \u53c8\u9999\u53c8\u7f8e\u7684\u5566\u5566\u968a\u4f86\u4e86! \u958b\u7bb1P. LEAGUE+\u7c43\u7403\u968a\u4e0d\u70ba\u4eba\u77e5\u7684\u4e00\u9762! \u2665 \u6ef4\u59b9"
        },
        {
            "id": "NIECmajba6I",
            "title": "\u958b\u7bb1\u6ef4\u59b9\u5bb6\u7684\u98a8\u6c34! \u5806\u7a4d\u5982\u5c71\u7684\u516c\u4ed4\u5c45\u7136\u6709\u56b4\u91cd\u7834\u8ca1\u554f\u984c? \u2665 \u6ef4\u59b9 feat. \u7c21\u5c11\u5e74"
        },
        {
            "id": "ys2wsl3GNns",
            "title": "\u54e5\u54e5\u4e0d\u5728\u99ac\u4e0a\u5e6b\u623f\u5b50\u5927\u6539\u9020\uff01\u628a\u5ba2\u5ef3\u5f04\u7684\u597d\u8212\u9069\u8d85\u5bec\u655e\uff01\u2665\ufe0f \u6ef4\u59b9 feat. \u4e0d\u6703\u518d\u4e82\u7684\u5ba2\u5ef3"
        },
        {
            "id": "KVsJotO8t-M",
            "title": "\u54e5\u54e5\u6574\u7406\u59b9\u59b9\u623f\u9593\u7cfb\u5217\uff0c\u6700\u7d42\u7ae0 \ud83e\udd7a \u771f\u7684\u662f\u6700\u5f8c\u4e00\u6b21\u6574\u7406\u4e86 \u2665 \u6ef4\u59b9"
        },
        {
            "id": "gwcoRPcCJbg",
            "title": "\u5e36\u7238\u5abd\u53bb\u65b0\u52a0\u5761\u7576\u89c0\u5149\u5ba2! \u54e5\u54e5\u4e0d\u5728\u6211\u76f4\u63a5\u8cb7\u7206\u73a9\u7206\u74b0\u7403\u5f71\u57ce+\u8056\u6dd8\u6c99 \u2665 \u6ef4\u59b9 Universal Studios Shopping Spree"
        },
        {
            "id": "cfyM8CM9ZX0",
            "title": "\u7576\u7d05\u70b8\u5b50\u6a5f\u661f\u5b87\u822a\u7a7a\u5546\u52d9\u8259\u958b\u7bb1! \u5728\u6a5f\u4e0a\u559d\u73cd\u73e0\u5976\u8336\u592a\u8a87\u5f35~~~~ \u2665 \u6ef4\u59b9"
        },
        {
            "id": "05lCb-RdAiU",
            "title": "\u5168\u5bb6\u4e00\u8d77\u56de\u65b0\u52a0\u5761\u904e\u5e74\u597d\u71b1\u9b27! ...\u4f46\u662f\u963f\u6ef4\u56e0\u75c5\u6c92\u6709\u8fa6\u6cd5\u4f86\u5718\u5713QQ \u2665 \u6ef4\u59b9"
        },
        {
            "id": "ky3WymncfLE",
            "title": "\u88ab\u7f8e\u570b\u5bb6\u5ead\u9818\u990a\u662f\u4ec0\u9ebc\u611f\u89ba? \u5728\u7f8e\u570b\u65b0\u5bb6\u5ea6\u904e\u7684\u7b2c\u4e00\u500b\u8056\u8a95\u7bc0! \u5077\u5077\u5728\u8056\u8a95\u6a39\u4e0b\u653e\u4e86\u6211\u6e96\u5099\u7684\u79ae\u7269...\u4ed6\u5011\u6703\u559c\u6b61\u55ce~\ud83c\udf84 \u2665 \u6ef4\u59b9"
        },
        {
            "id": "MmlnqZjIzvY",
            "title": "\u76f4\u63a5\u5e6b\u5927\u5bb6\u958b\u7bb1\u8e29\u96f7?! \u8d8a\u5357\u4fbf\u5229\u5546\u5e9720\u6a23\u5546\u54c1\u8aa0\u5be6\u8a55\u50f9! \u2665 \u6ef4\u59b9"
        },
        {
            "id": "mxpC2zUGLgQ",
            "title": "\u6700\u5962\u4f88\u7684\u8d8a\u5357\u904a\u8239\u9ad4\u9a57! \u4e00\u500b\u4eba\u4eab\u53d7\u4e00\u6574\u8258\u8239\u5230\u5e95\u662f\u4ec0\u9ebc\u611f\u89ba? \u2665 \u6ef4\u59b9"
        },
        {
            "id": "TpNbLYs2qEs",
            "title": "\u5dee\u9ede\u534a\u591c\u6d41\u843d\u8857\u982d! \u4e00\u665a\u53ea\u8981$700\u7684\u8d85\u4fbf\u5b9c\u6d77\u4e0a\u6c11\u5bbf\u679c\u7136\u4e0d\u662f\u84cb\u7684... \u2665 \u6ef4\u59b9 \u8d8a\u5357EP. 2"
        },
        {
            "id": "f1JxZz1rsvs",
            "title": "\u5be6\u6e2c7\u7a2e\u9dc4\u584a\u5962\u83ef\u6cbe\u91ac! \u6c99\u8336\u91ac\u771f\u7684\u6bd4\u91a3\u918b\u91ac\u597d\u5403!? \u2665 \u6ef4\u59b9"
        },
        {
            "id": "KbMKinTYXpE",
            "title": "YouTuber\u8056\u8a95\u7bc0\u4ea4\u63db\u6a5f\u7968! \u7a81\u7136\u8981\u51fa\u767c\u8d8a\u5357\u2708\ufe0f\ud83c\uddfb\ud83c\uddf3?! \u8d8a\u5357\u7684\u4e00\u5207\u90fd\u597d\u964c\u751f\u597d\u65b0\u5947! feat. \u9ec3\u6c0f\u5144\u5f1f \u5361\u7279 \u773e\u91cf\u7d1a \u5c55\u69ae\u5c55\u745e \u4e00\u96bb\u963f\u5713 \u9b5a\u4e7e \u611b\u8389\u838e\u838e \u53cd\u9aa8 \u5c0f\u5433 \u2665 \u6ef4\u59b9 \u8d8a\u5357 EP.1"
        },
        {
            "id": "0lTx0MvURPA",
            "title": "\u53ea\u80fd\u5403\u7c89\u8272\u7684\u98df\u7269\u7684\u4e00\u5929\ud83c\udf53\u56e0\u70ba\u6211\u662f\u7c89\u8272\u982d\u9aee\u4eba\ud83d\udc69\ud83c\udffb\u200d\ud83c\udfa4\uff01 \u2665 \u6ef4\u59b9"
        },
        {
            "id": "0YpwDejvpAg",
            "title": "\u7b2c\u4e00\u6b21\u53bb\u5609\u7fa9\u73a9\uff01\u8d85\u597d\u73a9\u666f\u9ede\uff0c\u6797\u8070\u660e\u3001\u96de\u8089\u98ef\u3001\u8d85\u5927\u6ce1\u8299\uff0c\u5403\u98fd\u559d\u8db330\u5c0f\u6642\uff01\u2665 \u6ef4\u59b9"
        },
        {
            "id": "cRWhwbAsB6E",
            "title": "\u7537\u751f\u5011\u770b\u4e0d\u61c2\u7684\u300c\u5973\u751f\u7a7f\u642d\u300d? \u7968\u9078\u524d\u4e94\u540d\u6ef4\u59b9\u793a\u7bc4\u7a7f\u7d66\u4f60\u770b! feat. Meg @meglu  \u2665 \u6ef4\u59b9"
        },
        {
            "id": "LyfO4ze4VwQ",
            "title": "\u7c89\u7d05\u5c11\u5973\u300c\u661f\u5149\u5b89\u59ae\u4e9e\u300d\u99d5\u5230! \u8ddf\u89c0\u773e\u6bd4\u62da\u4e00\u756a\u8cde\u7684\u904b\u6c23\u7adf\u7136\u8d85\u72c2! \u2665 \u6ef4\u59b9"
        },
        {
            "id": "wmWl5LPgMz4",
            "title": "\u7b2c\u4e00\u6b21\u5728\u68ee\u6797\u88e1\u9762\u9732\u71df! \u81ea\u5df1\u642d\u5e33\u68da\u81ea\u5df1\u6253\u5730\u91d8\uff0c\u5403\u5403\u559d\u559d\u8d85chill vlog \u2665 \u6ef4\u59b9"
        },
        {
            "id": "4SaGVJjvGWM",
            "title": "\u7f8e\u570b\u62c9\u65af\u7dad\u52a0\u65af\u54e5\u767b\u62c9\u59c6\u9f4a\u9910\u5ef3\u6700\u7d42\u7ad9! \u6d0b\u8525\u5708\u7adf\u7136\u6bd4\u677e\u9732\u6f22\u5821\u9084\u8981\u597d\u5403?  \u2665 \u6ef4\u59b9 Gordon Ramsay Burger in Las Vegas"
        },
        {
            "id": "k34FPczyUNg",
            "title": "\u6ef4\u59b9\u4e0d\u85cf\u4e86\uff01\u8d70\u9418\u734e\u300c\u7c89\u9aee\u4ed9\u6c23\u9a5a\u559c\u767b\u5834\u300d\u963f\u6ef4\u53ca\u773e\u5275\u4f5c\u8005\u5011\u53cd\u61c9\u66dd!!! \u2665 \u6ef4\u59b9"
        },
        {
            "id": "o6ufi2az19M",
            "title": "\u6ef4\u59b9\u7a81\u7136\u67d3\u7c89\u7d05\u8272\u982d\u9aee\u5bb6\u4eba\u5011\u5168\u9ad4\u5687\u50bb?! 30\u6b72\u7684\u67d3\u9aee\u8ddf\u7d55\u7f8e\u5beb\u771f\u5168\u7d00\u9304! \u2665 \u6ef4\u59b9"
        },
        {
            "id": "8BjKU7Z_rik",
            "title": "\u7f8e\u570b\u7684\u85cf\u58fd\u53f8\u7adf\u7136\u6c92\u6709\u904a\u6232!? \u4f46\u662f\u6709\u8d85\u591a\u53f0\u7063\u6c92\u6709\u7684\u54c1\u9805! \u2665 \u6ef4\u59b9"
        },
        {
            "id": "0sxjZWyHq-w",
            "title": "\u89aa\u624b\u505a\u9694\u96e2\u4fbf\u7576\u7d66\u963f\u6ef4\u5403! \u770b\u5230\u6eff\u6eff\u7684\u89d2\u843d\u751f\u7269\u54e5\u54e5\u7684\u53cd\u61c9\u662f..? \u2665 \u6ef4\u59b9"
        },
        {
            "id": "3dGZS3FYYRY",
            "title": "\u5728\u53f0\u7063\u53eb\u7d10\u7d04\u7684\u5916\u9001\u7d66\u54e5\u54e5\u5403! \u7f8e\u570b\u4e00\u65e5\u4e09\u9910\u90fd\u4ea4\u7d66\u59b9\u59b9\u89e3\u6c7a! \u2665 \u6ef4\u59b9"
        },
        {
            "id": "9L1ytupldXg",
            "title": "\u5343\u5143\u6709\u627e\u7684\u6208\u767b\u62c9\u59c6\u9f4a\u5927\u5eda\u6599\u7406\ud83e\udd9e! \u70b8\u9f8d\u8766\u85af\u689d\u6709\u5403\u904e\u55ce\ud83c\udf5f? feat. Gordon Ramsay Fish and Chips \u2665 \u6ef4\u59b9"
        },
        {
            "id": "yGIxY39Fd44",
            "title": "\u54e5\u54e5\u4e0d\u8981\u9019\u6a23\u53eb\u6211\u8d77\u5e8a\uff01\uff01\uff5c\u6ef4\u59b9 #Shorts"
        },
        {
            "id": "J_UpAzqXgiI",
            "title": "\u539f\u4f86\u53ea\u662f\u53bb\u6d17\u500b\u8863\u670d\u4e5f\u6703\u5371\u96aa?! \u958b\u7bb1\u7f8e\u570b\u6d17\u8863\u5e97\uff0c\u8ddf\u96fb\u5f71\u88e1\u4e00\u6a23!!! (\u53ef\u611b\u5c0f\u5ee2\u7247\ud83e\uddfa) \u2665 \u6ef4\u59b9"
        },
        {
            "id": "h8mBmbQFpKw",
            "title": "\u9019\u6b21\u53bb\u7f8e\u570b\u5230\u5e95\u82b1\u4e86\u591a\u5c11\u9322? \u7f8e\u570b\u4e4b\u65c5\u7684Q&A\u4f86\u5566~\u2665 \u6ef4\u59b9"
        },
        {
            "id": "9acEgEsZ8F4",
            "title": "\u5728\u7f8e\u570b\u90fd\u5403\u4e0d\u5230! \u6700\u61f7\u5ff5\u7684\u53f0\u7063\u5c0f\u5403\u8868\u60c5\u7b26\u865f\u731c\u8b0e! \u2665 \u6ef4\u59b9"
        },
        {
            "id": "fiTnVTce3f0",
            "title": "\u6211\u6c92\u5403\u904e\u9f0e\u6cf0\u8c50\u7684\u5de7\u514b\u529b\u5c0f\u7c60\u5305?! \u8aa0\u5be6\u8a55\u6bd4\u53f0\u7063\u4e4b\u5149! feat. \u4e5f\u662f\u7b2c\u4e00\u6b21\u767b\u5834\u7684\u677e\u9732 \u2665 \u6ef4\u59b9"
        },
        {
            "id": "TAQ5EBw1qOU",
            "title": "\u6211\u5077\u5077\u5728\u7f8e\u570b\u6e96\u5099\u4e86\u9a5a\u559c\u7d66\u54e5\u54e5! \u5728\u7f8e\u570b\u6700\u5f8c\u4e00\u5929\u7684\u5144\u59b9\u7d04\u6703! \u2665\ufe0f \u6ef4\u59b9"
        },
        {
            "id": "CTC9kMoCfbU",
            "title": "\u5929\u5e95\u4e0b\u6700\u8a87\u5f35\u7684\u54e5\u54e5...\u5343\u91cc\u5c0b\u59b9\uff0c\u7136\u5f8c\u5462? \u2665\ufe0f  \u6ef4\u59b9"
        },
        {
            "id": "nqCHc8TKbDY",
            "title": "\u9023\u4e09\u8272\u8c46\u90fd\u53ef\u4ee5\u5f04\u5f97\u5f88\u597d\u5403?! \u4e00\u842c\u584a\u7684\u725b\u6392\u9928\u80fd\u5920\u597d\u5403\u5230\u4ec0\u9ebc\u7a0b\u5ea6? feat. \u4e09\u8272\u8c46 \u2665 \u6ef4\u59b9 vs \u6208\u767b\u62c9\u59c6\u9f4a Gordon Ramsay Steak"
        },
        {
            "id": "Pc67t3nZLjU",
            "title": "\u4f60\u7684IG\u6295\u7968\u6c7a\u5b9a\u6211\u7684\u4e00\u5929! \u6ef4\u59b9\u5728\u8ced\u57ce\u5927\u5931\u63a7\u5566\ud83d\ude33!!! \u2665 \u6ef4\u59b9"
        },
        {
            "id": "Zd3cltc4Lhk",
            "title": "\u671d\u8056\u7f8e\u570b\u5730\u7344\u5eda\u623f\ud83d\ude08\ud83d\udd25! \u8aa0\u5be6\u8a55\u50f9\u5eda\u795e\u6208\u767b\u62c9\u59c6\u9f4a\u9910\u5ef3! Honest Review Gordon Ramsay's Hell's Kitchen \u2665\ufe0f \u6ef4\u59b9\u6ef4\u59b9"
        },
        {
            "id": "4ZMPAoDrNOs",
            "title": "\u5728\u7f8e\u570b\u78ba\u8a3a\u4e86\u600e\u9ebc\u8fa6\uff01\u770b\u91ab\u751f\u5f88\u8cb4\u5343\u842c\u4e0d\u8981\u5728\u570b\u5916\u751f\u75c5\uff01\u2665 \u6ef4\u59b9"
        },
        {
            "id": "OCVrq5JZQ4s",
            "title": "\u7f8e\u570b\u6700\u760b\u72c2\u7684\u97f3\u6a02\u796d\u6587\u5316\ud83e\udd84\uff1f\u5e36\u597d\u53cb\u5011\u53bbEDC\u72c2\u6b61\u4e09\u591c\u7adf\u7136\u662f\u9019\u7a2e\u611f\u89ba\ud83c\udf3b\uff01\u2665 \u6ef4\u59b9"
        },
        {
            "id": "Zh3v2f1C3Sc",
            "title": "\u62c9\u65af\u7dad\u52a0\u65af\u6211\u4f86\u4e86!! \u7b2c\u4e00\u5929\u5c31\u53bb\u8ced\u5834\u8a66\u8a66\u624b\u6c23 \u2665 \u6ef4\u59b9"
        },
        {
            "id": "2l6tIOfEHMA",
            "title": "\u4e00\u9031\u4e09\u9910\u5168\u8a18\u9304\ud83c\udf55! \u5728\u7f8e\u570b\u7684\u9910\u8cbb\u7e3d\u91d1\u984d\u9ad8\u9054\u2026.!? \u2665 \u6ef4\u59b9"
        },
        {
            "id": "U1hXV3XasXw",
            "title": "\u6211\u5728\u7f8e\u570b\u7684\u751f\u6d3b\u5982\u4f55? \u6e9c\u6ed1\u677f\u3001\u770b\u6d77\u3001\u6253\u4fdd\u9f61\u7403\u7684\u53ef\u611b\u65e5\u5e38\ud83c\udf0a"
        },
        {
            "id": "QlNPlKJdzlw",
            "title": "\u7f8e\u570b\u820a\u91d1\u5c71\u4e00\u65e5\u904a! \u8ddf\u6211\u4e00\u8d77\u53bb\u770bNBA\ud83c\udfc0! \u898b\u8b49\u52c7\u58eb\u9081\u5411\u7e3d\u51a0\u8ecd\ud83c\udfc6 \u2665 \u6ef4\u59b9"
        },
        {
            "id": "C_KVt3X3tFI",
            "title": "\u53f0\u7063\ud83c\uddf9\ud83c\uddfc\u27a1\u7f8e\u570b\ud83c\uddfa\ud83c\uddf8\u9577\u9014\u98db\u884c12\u5c0f\u6642! \u6700\u9ad8\u7b49\u7d1a\u7684\u300c\u7687\u74bd\u6842\u51a0\u8259\u300d\u521d\u9ad4\u9a57! \u2665 \u6ef4\u59b9"
        },
        {
            "id": "HfReN91oshA",
            "title": "\u6211\u8981\u96e2\u958b\u53f0\u7063\u4e86! \u8ddf\u6211\u4e00\u8d77\u6e96\u5099\u51fa\u570b\uff01\u2665 \u6ef4\u59b9"
        },
        {
            "id": "ApYl8uPRo2M",
            "title": "\u70ba\u4e86\u8c93\u54aa\u7684\u751f\u65e5\u4e82\u8cb7\u79ae\u7269\uff0c\u662f\u53ef\u4ee5\u88ab\u539f\u8ad2\u7684\u5427! \u2665 \u6ef4\u59b9"
        },
        {
            "id": "t_V-vi7vBvY",
            "title": "\u6211\u5728\u4e00\u9593\u79d1\u6280\u516c\u53f8\u5167\u90e8\u5077\u5077\u958b\u4e86\u4e00\u9593\u5feb\u9583\u5e97\uff0c\u516c\u53f8\u54e1\u5de5\u5168\u9ad4\u5687\u5446 \u2665 \u6ef4\u59b9"
        },
        {
            "id": "aWHSRzlD1pk",
            "title": "\u4e45\u9055\u7684\u731c\u6b4c\u6311\u6230! \u9019\u4e9b\u65b0\u756a\u52d5\u6f2b\u6b4c\u66f2\u4f60\u807d\u904e\u55ce? feat. @helloiamhook  @RusPiano \u2665 \u6ef4\u59b9"
        },
        {
            "id": "dtTMRl10eio",
            "title": "\u59b9\u59b9\u5047\u626e\u638f\u8033\u5e2b\u9032\u884c\u670d\u52d9\uff0c\u963f\u6ef4\u6703\u767c\u73fe\u55ce?! \u2665 \u6ef4\u59b9"
        },
        {
            "id": "e3FPVoyCgn4",
            "title": "\u53ea\u80fd\u5728\u83dc\u5e02\u5834\u88e1\u8cb7\u8863\u670d! \u8ab0\u624d\u662f\u6642\u5c1a\u7a7f\u642d\u5c0f\u5929\u624d feat. \u91d1\u91dd\u83c7 \u2665 \u6ef4\u59b9"
        },
        {
            "id": "ahlABJobvlM",
            "title": "\u7528\u300c\u6c34\u300d\u716e\u904e\u7684\u624d\u80fd\u5403?! \u4e00\u9031\u6311\u6230\u6c34\u716e\u6599\u7406\u6703\u6210\u529f\u55ce! \u2665 \u6ef4\u59b9"
        },
        {
            "id": "is3F_33RWvo",
            "title": "\u628a\u9322\u9322\u8b8a\u6210\u81ea\u5df1\u559c\u6b61\u7684\u6a23\u5b50\uff0c\u7d55\u5c0d\u4e0d\u662f\u4e82\u82b1\u9322\u7684\u5f71\u7247\u0669(\u0e51\u275b\u1d17\u275b\u0e51)\u06f6 \u2665 \u6ef4\u59b9"
        },
        {
            "id": "vczTnGt_s2A",
            "title": "\u4f60\u53ef\u4ee5\u653e\u5f97\u9032\u8cfc\u7269\u7c43\u88e1\u7684\u6771\u897f\uff0c\u6ef4\u59b9\u5168\u90e8\u8cb7\u55ae! \u2665 \u6ef4\u59b9"
        },
        {
            "id": "D0vc1M3OAMo",
            "title": "\u60e1\u6574\u767e\u842cYouTuber\u7d04\u4ed6\u5011\u62cd\u721b\u7247? \u9019\u7a2e\u4f01\u5283\u4f60\u6562\u62cd\u55ce?! \u2665 \u6ef4\u59b9 @beautywu @joeman @ggukim @alisasa_official @helloiamhook @user-huangbrothers"
        },
        {
            "id": "2Gjj56EsdcU",
            "title": "\u6ef4\u59b9\u6574\u5f62\u5f8c\u9996\u6b21\u62cd\u7247\u9732\u9762! \u99ac\u4e0a\u4f86\u8a55\u6e2c\u6700\u611b\u7684\u73cd\u73e0\u5976\u8336! #\u6211\u5011\u628a\u983b\u9053\u8ce3\u6389\u4e86 \u2665 \u6ef4\u59b9"
        },
        {
            "id": "4oB0L7FE5dI",
            "title": "\u7adf\u7136\u5f97\u5230\u4e86\u963f\u6ef4\u7684\u8a8d\u53ef!??! \u89d2\u843d\u5c0f\u5925\u4f34\u7684\u5168\u54c1\u9805\u958b\u7bb1! \u2665 \u6ef4\u59b9"
        },
        {
            "id": "DjTimcRMFRc",
            "title": "\u6311\u6230\u8d8a\u7e2e\u8d8a\u5c0f\u7684\u6d1e! \u8c93\u54aa\u80fd\u5920\u901a\u904e\u6bd4 iPhone \u9084\u5c0f\u7684\u6d1e\u55ce? \u2665 \u6ef4\u59b9"
        },
        {
            "id": "5zVDn9eNhqU",
            "title": "\u9707\u64bc\u5168\u65e5\u672c\u7684\u9ed1\u6697\u6599\u7406! OOO\u52a0\u62c9\u9eb5\u610f\u5916\u7684\u597d\u5403?! \u2665 \u6ef4\u59b9"
        },
        {
            "id": "EgGMLXRJzp4",
            "title": "\u6ef4\u59b9\u5316\u8eab\u7206\u4e73\u52d5\u756b\u89d2\u8272?! \u5c3a\u5ea6\u9019\u9ebc\u5927\u771f\u7684\u53ef\u4ee5\u55ce\u54c8\u8332\u5496\u897f?  \u2665 \u6ef4\u59b9"
        },
        {
            "id": "inyVSl2R3Og",
            "title": "\u6b4c\u624b\u5011\u7684\u5bb6\u4e2d\u5c0f\u5ee2\u7269\u6703\u662f\u54ea\u4e9b? \u718a\u4ed4\u62b1\u6b49\u6211\u771f\u7684\u4e0d\u61c2??? \u2665 \u6ef4\u59b9"
        },
        {
            "id": "sjFjH_JaxDM",
            "title": "\u54e5\u54e5\u5011\u6709\u591a\u4e86\u89e3\u81ea\u5df1\u59b9\u59b9\u5462? \u8f9b\u8fa3\u554f\u984c\u8b93\u54e5\u54e5\u5011\u62db\u67b6\u4e0d\u4f4f... \u2665 \u6ef4\u59b9"
        },
        {
            "id": "1ON7z1Fzqhc",
            "title": "\u7528$80\u73cd\u5976\u5c45\u7136\u63db\u5230\u4e86\u8d85\u9ad8\u55ae\u50f9\u7684\u5546\u54c1?! \u4f60\u9858\u610f\u8ddf\u6211\u63db\u55ce\ud83e\udd7a \u2665 \u6ef4\u59b9"
        },
        {
            "id": "UzeF7mUL5dk",
            "title": "\u8aa0\u5be6\u8a55\u6e2c\u516d\u6b3e\u73cd\u73e0\u5976\u8336\u51b0\u68d2! \u6c92\u60f3\u5230\u6709\u4eba\u628a\u518d\u77615\u5206\u9418\u62ff\u53bb\u51b0...... \u2665 \u6ef4\u59b9"
        },
        {
            "id": "WKQgpnMPvT0",
            "title": "\u91cd\u73fe\u82f1\u570b\u6700\u6050\u6016\u7684\u98df\u7269\uff01\u5145\u6eff\u9b5a\u982d\u7684\u6b7b\u4e0d\u7791\u76ee\u6d3e\u5230\u5e95\u80fd\u5403\u55ce\uff1f ft. @amazingtalkershow @DrEkoShakespeare"
        },
        {
            "id": "OcBXaa8WEl0",
            "title": "\u62ffOOO\u6cbe\u5de7\u514b\u529b\u597d\u5403\u55ce? \u610f\u5916\u7684\u78b0\u51fa\u65b0\u6ecb\u5473! \u2665 \u6ef4\u59b9 feat. Kotex"
        },
        {
            "id": "LltDjU5plg8",
            "title": "\u5077\u6e96\u5099\u751f\u65e5\u9a5a\u559c\u7238\u5abd\u6703\u767c\u73fe\u55ce? \u6ef4\u7238\u4e00\u756a\u8cde\u65b0\u624b\u904b\u626f\u5230\u4e0d\u884c!!! \u2665 \u6ef4\u59b9"
        },
        {
            "id": "GdhLIYsNVFw",
            "title": "\u8ddf\u5973\u795ePK\u9732\u71df\u91ce\u708a\u6599\u7406\uff01Selina\u5c45\u7136\u716e\u51fa\u8d85\u8c6a\u83ef\u7fa9\u5927\u5229\u9eb5!? \u2665 \u6ef4\u59b9"
        },
        {
            "id": "ttoqBCYujqs",
            "title": "\u73cd\u5976\u5be6\u6e2c\uff1a\u4e16\u754c\u9996\u5275\u73cd\u73e0\u99f1\u99dd\u5976\u8336! \u628a\u73cd\u73e0\u5976\u8336\u7684\u9bae\u5976\u63db\u6210\u5176\u4ed6\u5976\u662f\u4ec0\u9ebc\u6ecb\u5473? \u2665 \u6ef4\u59b9"
        },
        {
            "id": "p_P_48WuYho",
            "title": "\u76f2\u6e2c9\u6a23\u7d93\u5178\u5de7\u514b\u529b! \u628a\u5de7\u514b\u529b\u878d\u5316\u5f8c\u5403\u8d77\u4f86\u90fd\u4e00\u6a23? \u2665 \u6ef4\u59b9"
        },
        {
            "id": "y1yLNM_hH3Y",
            "title": "\u3010\u672b\u65e5\u9632\u707d\u5305\u65b0\u5947\u958b\u7bb1\u3011 \u6ce1\u6c34\u4e0d\u6703\u7184\u6ec5\u7684\u706b\u67f4? \u53ef\u4ee5\u559d\u9ad2\u6c34\u7684\u904e\u6ffe\u6c34\u58fa? \u2665 \u6ef4\u59b9 feat. \u9bad\u9b5a"
        },
        {
            "id": "AySAamkw2fQ",
            "title": "\u6b98\u5fcd\u5be6\u6e2c! \u4e0d\u7406\u8c93\u6311\u6230\u53ef\u4ee5\u5805\u6301\u591a\u4e45? \u2665 \u6ef4\u59b9 feat. \u73cd\u73e0\uff0c\u5976\u8336"
        }
    ]
}