{
    "video_info": {
        "id": "4Kjq-wRXhEI",
        "channelTitle": "Rosalina's Kitchen \u863f\u6f54\u5854\u7684\u5eda\u623f",
        "title": "\u6975\u5ea6\u9bae\u7f8e\u7684\u82e6\u74dc\u6392\u9aa8\u6e6f\uff0c\u5e7e\u500b\u5c0f\u6280\u5de7\uff0c\u8b93\u4f60\u5f9e\u6b64\u611b\u4e0a\u82e6\u74dc\uff01",
        "description": "\u6975\u5ea6\u9bae\u7f8e\u7684\u82e6\u74dc\u6392\u9aa8\u6e6f\uff0c\u5e7e\u500b\u5c0f\u6280\u5de7\uff0c\u8b93\u4f60\u5f9e\u6b64\u611b\u4e0a\u82e6\u74dc\uff01\n\u9bae\u5473\u82e6\u74dc\u6392\u9aa8\u6e6f \u300e\u863f\u6f54\u5854\u7684\u5eda\u623f\u300f\n\u6e96\u5099\u6750\u6599\uff1a\n\u6392\u9aa8 450\u00a0\u514b\n\u767d\u7389\u82e6\u74dc\u4e00\u5c0f\u689d \uff08\u5207\u5b8c\u7d04250\u514b\uff09\n\u9752\u8525 \u4e00\u682a\n\u8591\u7247 \u6578\u7247\n\u849c\u982d 2~3\u74e3\n\u4e01\u9999\u5c0f\u9b5a\u4e7e18\u514b\n\u6c34 1300ml+ 300ml (\u5f8c\u6bb5\u88dc\u6c34)\n\u86e4\u8823 10\u9846 \uff08\u53ef\u4ee5\u589e\u52a0\u9bae\u5473\uff0c\u4e5f\u53ef\u4ee5\u7701\u7565\uff09\n\u9e7d\u3001\u80e1\u6912\u7c92\u3001\u6e05\u9152 \u9069\u91cf\n\n\u9cf3\u68a8\u82e6\u74dc\u6392\u9aa8\u6e6f\uff0c\u8acb\u770b\u9019\u88e1\uff1ahttps://youtu.be/Dxh2Oda_BQw?si=6i-kkPDYMoO3QyAO\n\n\n\u2605\u559c\u6b61\u6211\u5275\u4f5c\u7684\u6599\u7406\u5f71\u7247\u55ce\uff1f\u4e0d\u8981\u5fd8\u4e86\u8a02\u95b1\u6211\u7684\u983b\u9053\u5594\uff5e\nhttps://www.youtube.com/@RosalinaKitchen\n\u8ffd\u8e64\u6211\u7684Instgram:  https://www.instagram.com/rosalina.kitchen/\n\u8ffd\u8e64\u6211\u7684Facebook: https://www.facebook.com/rosalinakitchen/",
        "likeCount": "1488",
        "commentCount": "67",
        "viewCount": "75710"
    },
    "comments": [
        {
            "reply_id": "UgxUqRvYHDvj0RNufSl4AaABAg",
            "reply_content": "\u60f3\u554f\u600e\u9ebc\u8b93\u86e4\u870a\u5410\u7802\u5410\u4e7e\u6de8",
            "likeCount": 1
        },
        {
            "reply_id": "Ugxd5Ginh2tFpiSO3vp4AaABAg",
            "reply_content": "\u6b63\u5728\u716e\u9ec3\u74dc\u6392\u9aa8\u6e6f\uff0c\u4e0b\u6b21\u4f86\u716e\u5854\u5854\u7684\u82e6\u74dc\u6392\u9aa8\u6e6f",
            "likeCount": 1
        },
        {
            "reply_id": "UgyvaWSLTScwtuB-4gN4AaABAg",
            "reply_content": "\u59b3\u5011\u6bd4\u8f03\u6709\u9322\n\u4e00\u822c\u6c11\u773e\u90a3\u5403\u7684\u8d77\u59b3\u6e96\u5099\u7684\u98df\u6750",
            "likeCount": 0
        },
        {
            "reply_id": "UgwBB39Bm9DZlaC49zl4AaABAg",
            "reply_content": "\u82e6\u74dc\u8fb9\u4e0a\u90a3\u4e2a\u5c0f\u897f\u74dc\u662f\u5e72\u561b\u7528\u7684\u5440",
            "likeCount": 0
        },
        {
            "reply_id": "Ugxd4cFxhuwknfjGKc94AaABAg",
            "reply_content": "\u8acb\u554f\u6392\u9aa8\u662f\u4e0a\u6392\u7684\u90e8\u4f4d\u55ce",
            "likeCount": 0
        },
        {
            "reply_id": "UgzE2Mhh8rqyFBHwhcd4AaABAg",
            "reply_content": "\u8d85\u611b\u82e6\u74dc\u7684",
            "likeCount": 0
        }
    ]
}