{
    "video_info": {
        "id": "ClVpvAh9Y7M",
        "channelTitle": "Rosalina's Kitchen \u863f\u6f54\u5854\u7684\u5eda\u623f",
        "title": "\u6e1b\u91cd\u5fc5\u5b78\uff01\u6bcf\u5929\u90fd\u60f3\u4f86\u4e00\u7897 \u8d85\u597d\u559d\u7684\u300e\u9ad8\u7e96\u7248\u9178\u8fa3\u6e6f\u300f\u6d88\u5c0f\u8179\uff01\u4e00\u9031\u559d\u4e09\u6b21\u90fd\u4e0d\u6703\u81a9\uff01",
        "description": "\u6bcf\u5929\u90fd\u60f3\u4f86\u4e00\u7897 \u8d85\u597d\u559d\u7684\u300e\u9ad8\u7e96\u7248\u9178\u8fa3\u6e6f\u300f\uff0c\u6e1b\u91cd\u5fc5\u5b78\uff01\u4e00\u9031\u559d\u4e09\u6b21\u90fd\u4e0d\u6703\u81a9\uff01\n\u300e\u863f\u6f54\u5854\u7684\u5eda\u623f\u300f\u9ad8\u7e96\u7248\u7684\u9178\u8fa3\u6e6f \u6e96\u5099\u6750\u6599\uff1a\n\u8c6c\u8171\u5b50\u8089  200\u514b \uff08\u4fd7\u7a31\uff1a\u8001\u9f20\u8089\uff09\uff08\u6216\u8005\u4efb\u4f55\u559c\u6b61\u7684\u90e8\u4f4d\uff09\n\u716e\u719f\u7684\u7da0\u7af9\u7b4d \u4e00\u500b \u7d04150\u514b\n\u65b0\u9bae\u6728\u8033 80\u514b\n\u6606\u5e03\u7d72 \u7d0480\uff5e100\u514b\n\u91d1\u91dd\u83c7 \u4e00\u5305\n\u7d05\u863f\u8514\u534a\u689d\u7d0440\u514b\n\u79cb\u8475 10~12\u689d\n\u8fa3\u6912 \u4e00\u689d\n\u849c\u672b \u7d0430\u514b\n\u8c46\u8150 \u4e00\u76d2\n\u65b0\u9bae\u7389\u7c73\u7b4d 60\u514b\n\uff0a\u52fe\u82a1\u7528\u7684\u99ac\u9234\u85af\u6fb1\u7c89\uff08\u65e5\u672c\u7247\u6817\u7c89\uff09\u300230\u514b\u7684\u99ac\u9234\u7d14\u6fb1\u7c89\uff0b60ml\u7684\u6c34\u8abf\u52fb\n\n\u9178\u8fa3\u6e6f\u5e95\u8abf\u5473\uff1a\n\u91ac\u6cb9 2\u5927\u5319 \uff08\u4f9d\u7167\u81ea\u5df1\u9e79\u5473\u505a\u8abf\u6574\uff09\n\u5473\u9182 15ml\n\u6e05\u9152 30ml\n\u767d\u80e1\u6912\u7c89\n\n\n\u7897\u5e95\u8abf\u6599\uff1a\n\u767d\u80e1\u6912\u7c89\u3001\u767d\u918b\u6216\u8005\u9999\u918b\uff0c\u829d\u9ebb\u6cb9\u6216\u8005\u8fa3\u6cb9\u3001\u9999\u83dc\uff08\u53ef\u7701\u7565\uff09\n\n\u9ad8\u6e6f\u7684\u90e8\u5206\uff1a\n\u6606\u5e03\u67f4\u9b5a\u9ad8\u6e6f   1800ml\n\u6606\u5e03 16~20\u514b\u5747\u53ef\uff08\u589e\u52a0\u9bae\u5473\u8ddf\u6e6f\u7684\u7a20\u5ea6\uff09\n\u7121\u8abf\u5473\u6606\u5e03\u67f4\u9b5a\u9ad8\u6e6f\u5305 3\u5305 \uff08\u5982\u679c\u4f7f\u7528\u6709\u8abf\u5473\u7684\u9ad8\u6e6f\u5305\uff0c\u9e79\u5473\u8981\u81ea\u884c\u8abf\u6574\uff09\n\u91ac\u6cb915ml\n\u5473\u9182 15ml\n\u6e05\u915220ml\n\u4e00\u5c0f\u64ae\u9e7d\n\u5feb\u6efe\u7684\u6642\u5019\u6488\u8d77\u6606\u5e03\uff0c\u6efe\u4e86\u4e4b\u5f8c\u8f49\u4e2d\u5c0f\u706b\uff0c\u7dad\u6301\u5c0f\u6efe\uff0c\u5927\u7d04\u716e12\u5206\u9418\u5de6\u53f3\uff0c\u6488\u51fa\u9ad8\u6e6f\u5305\n\n\n\u2605\u559c\u6b61\u6211\u5275\u4f5c\u7684\u6599\u7406\u5f71\u7247\u55ce\uff1f\u4e0d\u8981\u5fd8\u4e86\u8a02\u95b1\u6211\u7684\u983b\u9053\u5594\uff5e\nhttps://www.youtube.com/@RosalinaKitchen\n\u8ffd\u8e64\u6211\u7684Instgram:  https://www.instagram.com/rosalina.kitchen/\n\u8ffd\u8e64\u6211\u7684Facebook: https://www.facebook.com/rosalinakitchen/",
        "likeCount": "5544",
        "commentCount": "126",
        "viewCount": "251645"
    },
    "comments": [
        {
            "reply_id": "UgyxGd_0sdvF4ENgWAF4AaABAg",
            "reply_content": "\u6211\u662f\u90fd\u7528\u9c39\u9b5a\u7c89",
            "likeCount": 3
        },
        {
            "reply_id": "Ugx6dUPABX9Bv8dJdZF4AaABAg",
            "reply_content": "\u52a0\u5165\u849c\u982d\u788e\u7684\u5403\u6cd5\u597d\u7279\u5225",
            "likeCount": 2
        },
        {
            "reply_id": "UgzmQf-ZjUI37e33kSN4AaABAg",
            "reply_content": "\u60f3\u716e\u4e00\u934b\u4f86\u5403\u4e86",
            "likeCount": 2
        },
        {
            "reply_id": "Ugy5-byHaqtvCaT-bt54AaABAg",
            "reply_content": "\u8acb\u554f\u5982\u679c\u8981\u8986\u71b1\u600e\u9ebc\u4f5c\u6bd4\u8f03\u4e0d\u6703\u5473\u9053\u8dd1\u6389\u5462\uff1f",
            "likeCount": 2
        },
        {
            "reply_id": "Ugx2QXMK9CUzpkfFKN54AaABAg",
            "reply_content": "\u770b\u7740\u597d\u6709\u98df\u6b32",
            "likeCount": 1
        },
        {
            "reply_id": "UgyMph6vUL7NzqZbB8N4AaABAg",
            "reply_content": "\u6599\u8d85\u591a\u7684",
            "likeCount": 1
        },
        {
            "reply_id": "UgxkC_8PaCLmxHoq6Bl4AaABAg",
            "reply_content": "\u79cb\u8475\u4e5f\u6709\u52fe\u82a1\u4f5c\u7528",
            "likeCount": 0
        },
        {
            "reply_id": "Ugx6x_STg4Vm22BUBcx4AaABAg",
            "reply_content": "\u79cb\u8475\u5c31\u80fd\u52fe\u82a1\u4e86",
            "likeCount": 0
        },
        {
            "reply_id": "Ugx7NeelwEVPbuNVoWh4AaABAg",
            "reply_content": "\u6211\u997f\u4e86",
            "likeCount": 0
        },
        {
            "reply_id": "UgwCAmFcVsvc-rYXHhR4AaABAg",
            "reply_content": "\u8acb\u554f\u554f\u88dd\u6e6f\u7684\u74f7\u7897\u662f\u54ea\u88e1\u8cb7\u7684",
            "likeCount": 0
        },
        {
            "reply_id": "UgxFr23oOpQwCkwohS14AaABAg",
            "reply_content": "\u597d\u9913",
            "likeCount": 0
        }
    ]
}