{
    "video_info": {
        "id": "D8Z33pAFSS4",
        "channelTitle": "Rosalina's Kitchen \u863f\u6f54\u5854\u7684\u5eda\u623f",
        "title": "\u9444\u9435\u934b\u714e\u86cb\u4e0d\u6cbe\u7684\u65b9\u6cd5\u3002\u990a\u934b\u8a73\u7d30\u6587\u5b57\u8aaa\u660e\uff0c\u8acb\u770b\u5854\u5854\u5beb\u7684\u9019\u7bc7\u6587\u7ae0\uff1ahttps://rosalinakitchen.com/fried-egg/",
        "description": "",
        "likeCount": "184",
        "commentCount": "8",
        "viewCount": "15040"
    },
    "comments": []
}