{
    "video_info": {
        "id": "fU7bsNgXjgg",
        "channelTitle": "Rosalina's Kitchen \u863f\u6f54\u5854\u7684\u5eda\u623f",
        "title": "\u525d\u67ff\u5b50\u7684\u5c0f\u6280\u5de7\uff01\u8d95\u5feb\u5b78\u8d77\u4f86\uff01\u2764\ufe0f\u3002\u8edf\u67ff\u5b50\u9023\u76ae\u5403 \u53e3\u611f\u6703\u6f80\u6f80\u7684\uff0c\u50cf\u9019\u6a23\u525d\u76ae\u4e00\u4e0b\u6703\u66f4\u597d\u5403\uff01",
        "description": "",
        "likeCount": "985",
        "commentCount": "28",
        "viewCount": "40610"
    },
    "comments": [
        {
            "reply_id": "UgzijsdtOE_WhT-h0qd4AaABAg",
            "reply_content": "\u53ef\u4ee5\u6bd4\u7f8e\u91ab\u751f\u505a\u4e00\u500b\u5c0f\u624b\u8853",
            "likeCount": 0
        },
        {
            "reply_id": "Ugx7-hlYQ_eJZ9jDS3p4AaABAg",
            "reply_content": "\u8001\u4eba\u5bb6\u6703\u8aaa\u9019\u662f\u62d4\u8c6c\u6bdb\u7684",
            "likeCount": 0
        }
    ]
}