{
    "video_info": {
        "id": "rDime9dZzgc",
        "channelTitle": "Rosalina's Kitchen \u863f\u6f54\u5854\u7684\u5eda\u623f",
        "title": "\u7c21\u55ae\u7684\u7121\u6c34\u99ac\u9234\u85af\u71c9\u8089\uff01\u7121\u6cb9\u7159\u597d\u8f15\u9b06\uff01",
        "description": "",
        "likeCount": "534",
        "commentCount": "10",
        "viewCount": "16253"
    },
    "comments": [
        {
            "reply_id": "UgyKFMIHwG_PE5_T4dh4AaABAg",
            "reply_content": "\u6211\u4e5f\u60f3\u77e5\u9053\u4f60\u7528\u7684\u662f\u84b8\u70e4\u7bb1\u8fd8\u662f\u4ec0\u4e48\u578b\u53f7\u7684\uff1f",
            "likeCount": 1
        },
        {
            "reply_id": "Ugw6Z8tneQihNzxwBPp4AaABAg",
            "reply_content": "\u6211\u4e5f\u60f3\u77e5\u9053\u662f\u4ec0\u9ebc\u724c\u5b50\u578b\u865f\uff0c\u611f\u89ba\u591a\u7528\u9014\u5f88\u4e0d\u932f",
            "likeCount": 0
        }
    ]
}