{
    "video_info": {
        "id": "U2EE5wMJPvs",
        "channelTitle": "Rosalina's Kitchen \u863f\u6f54\u5854\u7684\u5eda\u623f",
        "title": "\u5169\u7a2e\u70e4\u5730\u74dc\u65b9\u6cd5\uff01\u5065\u5eb7\u6e1b\u91cd\u3002\u6309\u7167\u9019\u6a23\u5403\uff0c\u8001\u516c\u7626\u4e86\u4e94\u516c\u65a4\uff01",
        "description": "\u5169\u7a2e\u70e4\u5730\u74dc\u65b9\u6cd5\uff01\u5065\u5eb7\u6e1b\u91cd\u3002\u6309\u7167\u9019\u6a23\u5403\uff0c\u8001\u516c\u7626\u4e86\u4e94\u516c\u65a4\uff01\n\u9019\u908a\u88dc\u5145\u8aaa\u660e\u4e00\u4e0b\uff1a\n1.\u84b8\u5730\u74dc\u662f\u5730\u74dc\u7684\u6700\u4f73\u70f9\u98ea\u65b9\u5f0f\uff0c\u5347\u7cd6\u6307\u6578\u6700\u4f4e\u3002\uff08\u51b7\u85cf\u904e\u7684\u5c24\u4f73\uff09\n2.\u5305\u92c1\u7b94\u7d19\u70e4\u7684\u5730\u74dc\uff0c\u4e26\u4e14\u6c92\u6709\u70e4\u51fa\u7126\u7cd6\uff0c\u5347\u7cd6\u6307\u6578\u7565\u9ad8\u65bc\u84b8\u5730\u74dc\u3002\n3.\u76f4\u63a5\u70d8\u70e4\uff0c\u70e4\u51fa\u7126\u7cd6\u7684\u5730\u74dc\uff0c\u5347\u7cd6\u6307\u6578\u6700\u9ad8\u3002\u7126\u7cd6\u8d8a\u591a\uff0c\u5347\u7cd6\u8d8a\u5feb\u3002\n4.\u5148\u84b8\u904e\u534a\u719f\u7684\u5730\u74dc\uff0c\u53ef\u4ee5\u5148\u5145\u5206\u5438\u6536\u6c34\u5206\uff0c\u8b93\u5730\u74dc\u90e8\u5206\u6fb1\u7c89\u8f49\u5316\u70ba\u7cd6\uff0c\u6240\u4ee5\u5403\u8d77\u4f86\u6703\u6bd4\u8f03\u597d\u5403\uff0c\u6539\u5584\u67d0\u4e9b\u54c1\u7a2e\u5730\u74dc\u592a\u4e7e\u7684\u554f\u984c\u3002\u5f8c\u6bb5\u7a0d\u5fae\u70e4\u51fa\u7126\u7cd6\uff0c\u53ef\u4ee5\u589e\u52a0\u5730\u74dc\u7126\u7cd6\u9999\u3002\u4e0d\u904e\u5347\u7cd6\u6307\u6578\u6703\u6bd4\u76f4\u63a5\u70e4\u719f\u7684\u5730\u74dc\u7565\u4f4e\uff0c\u4f46\u4ecd\u7136\u6bd4\u84b8\u719f\u5730\u74dc\u9ad8\u3002\n\u6240\u4ee5\u5927\u5bb6\u53ef\u4ee5\u81ea\u6211\u8a55\u4f30\u8861\u91cf\uff0c\u5230\u5e95\u8981\u5403\u54ea\u4e00\u7a2e\uff1f\u597d\u5403\u70ba\u7531\u5148\u7684\u8a71\uff0c\u5148\u84b8\u518d\u70e4\u662f\u5f88\u4e0d\u932f\u7684\u9078\u64c7\u3002\n\n\u53e6\u5916\uff0c\u5c07\u5730\u74dc\u8207\u6700\u5f8c\u5403\uff0c\u642d\u914d\u852c\u83dc\u8ddf\u86cb\u767d\u8cea\uff0c\u53ef\u4ee5\u5ef6\u7de9\u8840\u7cd6\u4e0a\u5347\u901f\u5ea6\uff0c\u5982\u5f71\u7247\u793a\u7bc4\u3002\n\n\u88dc\u5145\u8aaa\u660e\uff1a\u7f8e\u570b\u8fb2\u696d\u90e8\uff08USDA\uff09\u7684\u8cc7\u6599\uff0c\u70e4\u5730\u74dc\u7684GI\u503c\u70ba72\uff0c\u800c\u84b8\u719f\u5730\u74dc\u7684GI\u503c\u70ba63\u3002\n\u7f8e\u570b\u7cd6\u5c3f\u75c5\u5354\u6703\uff08ADA\uff09\u7684\u8cc7\u6599\uff0c\u70e4\u5730\u74dc\u7684GI\u503c\u70ba72-84\uff0c\u800c\u84b8\u719f\u5730\u74dc\u7684GI\u503c\u70ba55-64\u3002\n\n\u2605\u559c\u6b61\u6211\u5275\u4f5c\u7684\u6599\u7406\u5f71\u7247\u55ce\uff1f\u4e0d\u8981\u5fd8\u4e86\u8a02\u95b1\u6211\u7684\u983b\u9053\u5594\uff5e\nhttps://www.youtube.com/@RosalinaKitchen\n\u8ffd\u8e64\u6211\u7684Instgram:  https://www.instagram.com/rosalina.kitchen/\n\u8ffd\u8e64\u6211\u7684Facebook: https://www.facebook.com/rosalinakitchen/",
        "likeCount": "5652",
        "commentCount": "147",
        "viewCount": "337925"
    },
    "comments": [
        {
            "reply_id": "UgzCzfymDoxzFOuSFup4AaABAg",
            "reply_content": "\u559c\u6b61\u4f60\u7684\u8996\u983b\uff0c\u8acb\u554f\u8996\u983b\u88e1\u7684\u53c8\u53ef\u4ee5\u84b8\u53c8\u53ef\u4ee5\u70e4\u7684\u70e4\u7210\u662f\u4ec0\u9ebc",
            "likeCount": 0
        },
        {
            "reply_id": "UgwuKylRVCuVnrT62gB4AaABAg",
            "reply_content": "\u8acb\u554f\u9019\u662f\u90a3\u4e00\u724c\u84b8\u7210",
            "likeCount": 0
        },
        {
            "reply_id": "UgyJxaquL15HgmE9qUN4AaABAg",
            "reply_content": "\u4eca\u5929\u7684\u9910\u9ede\u5f88\u68d2",
            "likeCount": 0
        },
        {
            "reply_id": "Ugz5-A9BIJIo_LscF1Z4AaABAg",
            "reply_content": "\u5854\u5854\u8001\u5e2b\u8acb\u554f\u84b8\u7210\u5982\u4f55\u8a02\u8cfc",
            "likeCount": 0
        },
        {
            "reply_id": "Ugxmesvwiu8H8FcW1wF4AaABAg",
            "reply_content": "\u8acb\u554f\u70e4\u7bb1\u662f\u54ea\u500b\u578b\u865f",
            "likeCount": 0
        },
        {
            "reply_id": "UgweU9ttZhDmOusmFS14AaABAg",
            "reply_content": "\u53ef\u611b\u5c0f\u9234\u943a",
            "likeCount": 0
        }
    ]
}