{
    "video_info": {
        "id": "vNK4wNsXPh4",
        "channelTitle": "Rosalina's Kitchen \u863f\u6f54\u5854\u7684\u5eda\u623f",
        "title": "\u714e\u7684\u9999\u9999\u7684\u9bad\u9b5a\u8ddf\u86cb\u6df7\u62cc\u5728\u98ef\u88e1\u300e\u9bad\u9b5a\u852c\u83dc\u62cc\u98ef\u300f\u53e3\u5473\u5c64\u6b21\u8c50\u5bcc\uff0c\u64c4\u7372\u5927\u4eba\u8ddf\u5b69\u5b50\u7684\u80c3\u3002\u7cd9\u7c73\u7248\uff0c\u66f4\u5065\u5eb7\u5594\uff01",
        "description": "\u714e\u7684\u9999\u9999\u7684\u9bad\u9b5a\u8ddf\u86cb\u6df7\u62cc\u5728\u98ef\u88e1\u300e\u9bad\u9b5a\u852c\u83dc\u62cc\u98ef\u300f\u53e3\u5473\u5c64\u6b21\u8c50\u5bcc\uff0c\u64c4\u7372\u5927\u4eba\u8ddf\u5b69\u5b50\u7684\u80c3\u3002\u7cd9\u7c73\u7248\uff0c\u66f4\u5065\u5eb7\u5594\uff01\n\u300e\u863f\u6f54\u5854\u7684\u5eda\u623f\u300f\u9bad\u9b5a\u852c\u83dc\u62cc\u98ef \u6e96\u5099\u6750\u6599\uff1a\n\u7cd9\u7c73 300 \u514b \uff08\u6c34\u91cf 1:1.4 \uff09\n\u9bad\u9b5a\u4e00\u4efd \u7d04300 \u514b\n\u9d3b\u79a7\u83c7\u3001\u7f8e\u767d\u83c7\uff0c1\u76d2\u534a\u5230\u5169\u76d2\u4efd\u91cf\n\u83e0\u83dc \u4e00\u628a \u7d04300\u514b\n\u725b\u84a1\u7d72 \u7d044\u5206\u4e4b\u4e00\u689d\uff08\u53ef\u7701\u7565\uff09\n\u96de\u86cb 3~4\u9846\n\n\u4e0d\u559c\u6b61\u83e0\u83dc\uff0c\u53ef\u4ee5\u66ff\u63db\u6210\u4efb\u4f55\u559c\u6b61\u7684\u852c\u83dc \u6216\u8005\u9752\u8525\n\n\u9e7d\u3001\u9ed1\u80e1\u6912\u3001\u9152 \n\u91ac\u6cb920~30ml \uff08\u6e1b\u9e7d\u7684\u8a71\uff0c20ml\uff09\n\u829d\u9ebb\u7c92 \u9069\u91cf\n\u829d\u9ebb\u6cb9 \u53ef\u4ee5\u589e\u6dfb\u98a8\u5473\n\n\u2605\u8acb\u7559\u610f\uff01\u5982\u679c\u4e0d\u662f\u9019\u6b3e\u58d3\u529b\u934b\u7684\u8a71\uff0c\u716e\u7cd9\u7c73\u7684\u6642\u9593\u53ef\u80fd\u8981\u523019~20\u5206\u9418\u5594\uff01\n\n\u2605\u559c\u6b61\u6211\u5275\u4f5c\u7684\u6599\u7406\u5f71\u7247\u55ce\uff1f\u4e0d\u8981\u5fd8\u4e86\u8a02\u95b1\u6211\u7684\u983b\u9053\u5594\uff5e\nhttps://www.youtube.com/@RosalinaKitchen\n\u8ffd\u8e64\u6211\u7684Instgram:  https://www.instagram.com/rosalina.kitchen/\n\u8ffd\u8e64\u6211\u7684Facebook: https://www.facebook.com/rosalinakitchen/",
        "likeCount": "2299",
        "commentCount": "44",
        "viewCount": "82893"
    },
    "comments": [
        {
            "reply_id": "UgzuaiB4quw6afxyj9F4AaABAg",
            "reply_content": "\u6211\u975e\u5e38\u559c\u6b22",
            "likeCount": 0
        },
        {
            "reply_id": "Ugyqy35gVrV-of4v6qt4AaABAg",
            "reply_content": "\u8bf7\u95ee\u5854\u5854\u8fd9\u4e2a\u538b\u529b\u9505\u662f\u4ec0\u4e48\u724c\u5b50\u5440",
            "likeCount": 0
        }
    ]
}