{
    "video_info": {
        "id": "Whgpq0bSZWc",
        "channelTitle": "Rosalina's Kitchen \u863f\u6f54\u5854\u7684\u5eda\u623f",
        "title": "\u60f3\u4e0d\u5230\u5403\u4ec0\u9ebc\uff1f\u5c31\u4f86\u7c21\u55ae\u505a\u9019\u9053\u300e\u8766\u4ec1\u8c46\u8150\u7fb9\u71f4\u98ef\u300f\uff0c\u4fdd\u8b49\u5403\u5230\u76e4\u5b50\u898b\u5e95\uff01",
        "description": "\u60f3\u4e0d\u5230\u5403\u4ec0\u9ebc\uff1f\u5c31\u4f86\u7c21\u55ae\u505a\u9019\u9053\u300e\u8766\u4ec1\u8c46\u8150\u7fb9\u71f4\u98ef\u300f\uff0c\u4fdd\u8b49\u5403\u5230\u76e4\u5b50\u898b\u5e95\uff01\n\u300e\u863f\u6f54\u5854\u7684\u5eda\u623f\u300f\u6e96\u5099\u6750\u6599\uff1a\n\u8766\u4ec1 12\u96bb\n\u8c46\u8150\u4e00\u4efd\uff08\u7d04350\u514b\uff09\n\u9bae\u9999\u83c7 3\u6735\n\u7897\u8c46\u83a2 \u9069\u91cf\uff08\u6216\u8005\u4efb\u4f55\u559c\u6b61\u7684\u852c\u83dc\uff09\n\u8525\u767d \u5169\u682a\n\u849c\u982d 3\u74e3\n\n\u91ac\u6c41\uff1a\n\u6606\u5e03\u67f4\u9b5a\u9ad8\u6e6f 500ml\n\u91ac\u6cb9 25ml \uff08\u5982\u679c\u4f7f\u7528\u5e02\u552e\u8abf\u5473\u9ad8\u6e6f\uff0c\u8981\u6ce8\u610f\u9e79\u5473\u8abf\u6574\uff09\n\u6e05\u915215ml\n\u5473\u9182 15ml\n\u7cd6 \u4e00\u5c0f\u5319\n\u9e7d \u9069\u91cf\n\u80e1\u6912 \u9069\u91cf\n\n\u592a\u767d\u7c89 10\u514b\u3002\u6c3450ml\n\u829d\u9ebb\u6cb9 \u9069\u91cf\n\n\u505a\u6cd5\uff1a\n1. \u5148\u5c07\u8766\u5b50\u53bb\u6bbc\uff0c\u53bb\u9664\u8178\u6ce5\uff0c\u6e05\u6d17\u4e7e\u6de8\uff0c\u701d\u4e7e\uff0c\u7528\u4e00\u9ede\u9e7d\u3001\u80e1\u6912\uff0c\u7cd6\uff0c\u6e05\u9152\u8ddf\u592a\u767d\u7c89\u6293\u9183\u975c\u7f6e\u3002\n2. \u9999\u83c7\u5207\u6210\u7247\u3001\u8525\u767d\u5207\u7d30\u4e01\uff0c\u849c\u982d\u7834\u88c2\u958b\u4f86\uff0c\u5241\u6210\u849c\u672b\u3002\n3. \u934b\u5b50\u653e\u5165\u6a44\u6b16\u6cb9\uff0c\u958b\u4e2d\u706b\u52a0\u71b1\uff0c\u51b7\u934b\u7684\u6642\u5019\u653e\u5165\u8525\u767d\u8ddf\u849c\u672b\u7206\u9999\uff0c\u7b49\u5230\u805e\u5230\u849c\u9999\u5f8c \u653e\u5165\u9999\u83c7\u7178\u51fa\u9999\u5473\u3002\n4. \u934b\u5e95\u55c6\u5165\u6240\u6709\u91ac\u6c41\uff0c\u63a5\u8457\u52a0\u5165\u9ad8\u6e6f\u3002\n5. \u6b63\u5728\u716e\u6e6f\u7684\u540c\u6642\uff0c\u653e\u5165\u4e00\u6574\u584a\u8c46\u8150\u3002\u7528\u934b\u93df\u628a\u8c46\u8150\u5f04\u6210\u4e0d\u898f\u5247\u7684\u5927\u5c0f\u3002\n6. \u6efe\u4e86\u4e4b\u5f8c\uff0c\u5c0f\u706b\u71c9\u716e10\uff5e12\u5206\u9418\u5de6\u53f3\u3002\u8d77\u934b\u524d\uff0c\u628a\u8766\u4ec1\u653e\u5230\u934b\u88e1\u716e\uff0c\n7. \u63a5\u8457\u653e\u5165\u592a\u767d\u7c89\u52fe\u82a1\uff0c\u653e\u5165\u559c\u6b61\u7684\u852c\u83dc\u3002\u653e\u5165\u8525\u7da0\u4e5f\u53ef\u4ee5\u3002\n8. \u8d77\u934b\u524d\u7051\u4e0a\u767d\u80e1\u6912\u7c89\u8ddf\u829d\u9ebb\u6cb9\u63d0\u5473\uff0c\u8d85\u7d1a\u597d\u5403\u53c8\u4e0b\u98ef\u7684 \u8766\u4ec1\u8c46\u8150\u7fb9\u71f4\u98ef\u5c31\u5b8c\u6210\u5566\u3002\n\n\n\n\u2605\u559c\u6b61\u6211\u5275\u4f5c\u7684\u6599\u7406\u5f71\u7247\u55ce\uff1f\u4e0d\u8981\u5fd8\u4e86\u8a02\u95b1\u6211\u7684\u983b\u9053\u5594\uff5e\nhttps://www.youtube.com/@RosalinaKitchen\n\u8ffd\u8e64\u6211\u7684Instgram:  https://www.instagram.com/rosalina.kitchen/\n\u8ffd\u8e64\u6211\u7684Facebook: https://www.facebook.com/rosalinakitchen/",
        "likeCount": "5044",
        "commentCount": "93",
        "viewCount": "321994"
    },
    "comments": [
        {
            "reply_id": "Ugw7duoAKvsChA3GvWZ4AaABAg",
            "reply_content": "\u8acb\u554f\u53ef\u4ee5\u7528\u7389\u7c73\u7c89\u53d6\u4ee3\u592a\u767d\u7c89\u55ce",
            "likeCount": 1
        },
        {
            "reply_id": "Ugww2trrNhY8zMhJo3Z4AaABAg",
            "reply_content": "\u4f86\u4e86",
            "likeCount": 1
        },
        {
            "reply_id": "Ugzgbv3bLDQQ34Vyy7d4AaABAg",
            "reply_content": "\u8acb\u554f\u9019\u5dee\u4e0d\u591a\u662f\u5e7e\u4eba\u4efd\u7684\u5462",
            "likeCount": 0
        },
        {
            "reply_id": "UgxyCN2ptwWHH7T7-OJ4AaABAg",
            "reply_content": "\u4e00\u5b9a\u8d85\u4e0b\u98ef",
            "likeCount": 0
        },
        {
            "reply_id": "UgzjJCQ42OGdsPN1doJ4AaABAg",
            "reply_content": "\u770b\u4e86\u76f4\u63a5\u9913\u8dd1\u53bb\u8cb7\u8cb7\u4f86\u5403",
            "likeCount": 0
        },
        {
            "reply_id": "Ugx3_n2eCscRG9eogE94AaABAg",
            "reply_content": "\u592a\u767d\u7c89\u662f\u6dc0\u7c89\u4e48\u6216\u8005\u8bf4\u53ef\u4ee5\u7528\u6dc0\u7c89\u6765\u4ee3\u66ff\u4e48",
            "likeCount": 0
        },
        {
            "reply_id": "UgzW80fVEAEnMkaW3X14AaABAg",
            "reply_content": "\u597d\u9999",
            "likeCount": 0
        },
        {
            "reply_id": "UgzVjmH-B7ICMDuqqJB4AaABAg",
            "reply_content": "\u4e5f\u4f86\u505a\u505a",
            "likeCount": 0
        }
    ]
}