{
    "channel": {
        "title": "Joeman",
        "id": "UCPRWWKG0VkBA0Pqa4Jr5j0Q",
        "customUrl": "@joeman",
        "uploads": "UUPRWWKG0VkBA0Pqa4Jr5j0Q"
    },
    "videos": [
        {
            "id": "eqVb8jx8rPI",
            "title": "\u5f88\u4e0d\u53d7\u63a7\u7684\u5bf5\u7269\u6aaf\u71c8\u958b\u7bb1\u22ef\u6216\u8005\u8aaa\u662f\u6aaf\u71c8\u9020\u578b\u7684\u73a9\u5177 #\u7c73\u5bb6\u76ae\u76ae\u71c8 #\u958b\u7bb1 #\u7c73\u5bb6 #shorts"
        },
        {
            "id": "XLWk1usEf2k",
            "title": "\u4f60\u77e5\u9053\u7528iOS\u5167\u8cfcYoutube\u6703\u54e1\u6703\u6bd4\u8f03\u8cb4\u55ce\uff1f\u56e0\u70ba\u8981\u88ab\u591a\u62bd\u4e09\u6210\uff0c\u6240\u4ee5\u5404\u4f4d\u5982\u679c\u5e73\u5e38\u6709\u9700\u8981\u8a02\u95b1Youtube\u6703\u54e1\u8a18\u5f97\u5207\u5230PC\u6216Mac\u700f\u89bd\u5668\u5594\uff01"
        },
        {
            "id": "mUsAr2Fm8Bg",
            "title": "\u4e00\u6b21\u54035\u5bb6\uff0147\u5143\u7684\u5962\u83ef\u6c34\u9903\u5c0d\u6c7a2.5\u5143\u7684\u5e73\u50f9\u6c34\u9903\uff01\u300aJoe\u662f\u8981\u5c0d\u6c7aS2\u300bEp188 ft.\u860b\u860b\u3010Joeman\u3011"
        },
        {
            "id": "67esP10SvT4",
            "title": "\u5168\u65b0Steam Deck OLED\u958b\u7bb1\uff01\u5404\u65b9\u9762\u9ad4\u9a57\u6709\u611f\u63d0\u5347\uff01\u3010Joeman\u3011"
        },
        {
            "id": "ds7RR1XwCqI",
            "title": "\u8d85\u5e25\u9396\u5b50\u7532\u624b\u6a5f\u6bbc\uff01\u4f46\u4e00\u5806\u7e2b\u9699\u611f\u89ba\u6703\u5361\u4e00\u5806\u7070\u5875\u22ef#\u624b\u6a5f\u6bbc #\u5c0f\u7269\u958b\u7bb1 #\u9396\u5b50\u7532 #shorts"
        },
        {
            "id": "jyHTZvG_CYo",
            "title": "\u53ef\u4ee5\u62c6\u6210\u5169\u534a\u7684\u6a5f\u68b0\u9375\u76e4\u958b\u7bb1\uff01\u5b8c\u5168\u7b26\u5408\u96d9\u624b\u6253\u5b57\u89d2\u5ea6\uff01\u53ea\u662f\u50f9\u683c\u4e5f\u883b\u5962\u83ef\u7684\u22ef#\u6a5f\u68b0\u9375\u76e4 #\u958b\u7bb1 #keychron"
        },
        {
            "id": "V0kt3BLvJDs",
            "title": "\u5f9eWindows\u8f49\u63db\u5230Mac\u526a\u8f2f\u7684\u5dee\u7570\uff1f\u5be6\u6e2c\u534a\u5e74\u5fc3\u5f97\u5206\u4eab\uff01\u3010Joeman\u3011"
        },
        {
            "id": "IVQ6LbB9wNg",
            "title": "\u65e5\u672c\u5929\u5a66\u7f85\u5c0d\u6c7a\uff01\u5e73\u50f9\u7684\u5168\u6771\u4eac\u8d85\u591a\u5206\u5e97\u8d85\u5212\u7b97\uff0c\u5962\u83ef\u7684\u5247\u662f\u50b3\u8aaa\u4e2d\u7684\u65e5\u672c\u6599\u7406\u4e09\u795e\u4e4b\u4e00\u7684\u5929\u5a66\u7f85\u4e4b\u795e\uff01#\u5929\u5a66\u7f85 #\u5929\u5a66\u7f85\u4e4b\u795e #\u5929\u4e3c #JOE\u662f\u8981\u5c0d\u6c7a #shorts"
        },
        {
            "id": "pvqhWk6nZb0",
            "title": "\u65e5\u672c\u5929\u5a66\u7f85\u4e4b\u795e\uff01\u00a527000\u5143\u7684\u5962\u83ef\u5929\u5a66\u7f85\u5c0d\u6c7a\u00a5510\u5143\u7684\u5e73\u50f9\u5929\u5a66\u7f85\uff01\u300aJoe\u662f\u8981\u5c0d\u6c7aS2\u300bEp187 ft.\u963f\u9054\u3010Joeman\u3011"
        },
        {
            "id": "F7fjBEdnb3o",
            "title": "\u81ea\u52d5\u767c\u724c\u6a5f\uff01\u6709\u9ede\u8cb4\u4f46\u883b\u597d\u73a9\u7684\uff01#\u81ea\u52d5\u767c\u724c\u6a5f #\u5c0f\u7269\u958b\u7bb1 #\u64b2\u514b\u724c"
        },
        {
            "id": "HquWaQARgkg",
            "title": "\u4e00\u500b\u4eba7\u842c\u65e5\u5e63\u7684\u9802\u7d1a\u6771\u4eac\u9435\u677f\u71d2\uff01\u6771\u4eac\u5e1d\u570b\u98ef\u5e97\u5609\u9580\u9435\u677f\u71d2\uff01#\u9435\u677f\u71d2 #\u5e1d\u570b\u98ef\u5e97 #\u5962\u83ef\u6599\u7406 #\u6771\u4eac #joe\u662f\u8981\u5c0d\u6c7a"
        },
        {
            "id": "2Ry3-Y_Ogcs",
            "title": "\u5e36\u676d\u5dde\u5973\u5b69\u5403\u597d\u6599\uff01\u5962\u83ef\u548c\u725b\u4e5d\u5403\uff01ft.\u963f\u8c9d\u5f88\u5168\u80fd\u3010Joeman\u3011"
        },
        {
            "id": "pnnv2XCM6R4",
            "title": "\u81ea\u5e36\u98a8\u6247\u7684\u96e8\u5098\uff01"
        },
        {
            "id": "nfDDrtp6FJk",
            "title": "\u9996\u6b21\u8de8\u570b\u5c0d\u6c7a\uff01\u00a569500\u5143\u7684\u5962\u83ef\u9435\u677f\u71d2\u5c0d\u6c7a120\u5143\u7684\u5e73\u50f9\u9435\u677f\u71d2\uff01\u300aJoe\u662f\u8981\u5c0d\u6c7aS2\u300bEp186 ft.\u5927\u86c7\u4e38\u3010Joeman\u3011"
        },
        {
            "id": "d0zhS5BccjI",
            "title": "\u5927\u9ebb\u4e8b\u4ef6\u9053\u6b49\u5f71\u7247\u3010Joeman\u3011"
        },
        {
            "id": "HsmjEwZq1do",
            "title": "\u6211\u627e\u5f88\u4e45\u8d85\u7d1a\u597d\u7528\u7684\u8eca\u5145\u300a Omnia X MagSafe \u8eca\u7528\u78c1\u5438\u7121\u7dda\u5145\u96fb\u5668 \u300b"
        },
        {
            "id": "XGIePxlhfEU",
            "title": "890\u5143\u7684\u5962\u83ef\u65e9\u9910\u5403\u5230\u98fd\u5c0d\u6c7a99\u5143\u7684\u5e73\u50f9\u65e9\u9910\u5403\u5230\u98fd\uff01\u300aJoe\u662f\u8981\u5c0d\u6c7aS2\u300bEp185 ft.\u91d1\u9b5a\u8166\u3010Joeman\u3011"
        },
        {
            "id": "9jWZZ2FoXcQ",
            "title": "\u526a\u8f2f\u5e2b\u982d\u9aee\u597d\u7a00\u758f...\u62ef\u6551\u7a00\u758f\u5927\u4f5c\u6230\uff01\u3010Joeman\u3011"
        },
        {
            "id": "4dmvQIAE4J0",
            "title": "\u9ad8\u6027\u50f9\u6bd4\u7684i9\u96fb\u7af6\u7b46\u96fb\uff01HP OMEN 16 intel i9-13900hx + RTX4070\u3010Joeman\u3011"
        },
        {
            "id": "V8gkWmdjzqg",
            "title": "\u50b3\u8aaa\u4e2d\u7684\u5566\u5566\u968a\u4f11\u606f\u5ba4\uff01\u9999\u5230\u7206\uff5e#\u674e\u591a\u6167 #\u7433\u59b2 #\u6a02\u5929\u5973\u5b69 #\u6a02\u5929\u5566\u5566\u968a #rakuten #rakutengirls"
        },
        {
            "id": "vg-euFMHNwk",
            "title": "52500\u5143\u7684\u5962\u83ef\u68d2\u7403\u5834\u5c0d\u6c7a200\u5143\u7684\u5e73\u50f9\u68d2\u7403\u5834\uff01\u300aJoe\u662f\u8981\u5c0d\u6c7aS2\u300bEp184 ft.\u7433\u59b2\u3001\u674e\u591a\u6167\u3001\u6a02\u5929\u5973\u5b69\u3010Joeman\u3011"
        },
        {
            "id": "L_KtuPq_GGU",
            "title": "\u53f0\u7063\u7121\u8a0a\u865f\u7684\u5730\u65b9\u83ef\u70ba\u624b\u6a5f\u7adf\u7136\u9084\u80fd\u6253\uff1fMate 60 Pro\u885b\u661f\u901a\u8a0a\u5be6\u6e2c\u3010Joeman\u3011"
        },
        {
            "id": "xKO7ni6rS8I",
            "title": "\u6c92\u770b\u50f9\u9322\u5c31\u9ede\u9910\u7684\u4e0b\u5834\uff0c\u5230\u4e86\u624d\u767c\u73fe\u662f\u5962\u83ef\u5065\u5eb7\u9910\u2026#\u5065\u5eb7\u9910 #\u5962\u83ef #friday #tgif #\u5065\u8eab\u9910 #\u6c99\u62c9"
        },
        {
            "id": "aOSaIPAg8hE",
            "title": "\u53bb\u65e5\u672c\u8cb7\u4e00\u5806\u6771\u897f\u8981\u600e\u9ebc\u88dd\uff1f\u51fa\u570b\u5e36\u71b1\u6c34\u58fa\u88ab\u5410\u69fd\u662f\u8001\u4eba\u884c\u5f91\uff0c\u4f46\u5f8c\u4f86\u89ba\u5f97\u883b\u597d\u7528\u7684\uff0c\u524d\u63d0\u662f\u88dd\u5f97\u4e0b\u7684\u8a71\u2026\u76ee\u524d\u6211\u8ddfLOJEL\u6709\u5c08\u5c6c85\u6298\u5718\u8cfc\uff0c\u9ede\u6211IG\u4e3b\u9801\u6709\u9023\u7d50\uff0c\u53ea\u523011\uff0f5\u5594\uff5e"
        },
        {
            "id": "OeTGrc3QDVw",
            "title": "\u5982\u4f55\u8b93\u81ea\u5df1\u770b\u8d77\u4f86\u8ca1\u5bcc\u81ea\u7531\uff1f\u90a3\u5c31\u662f\u6bcf\u5929\u90fd\u5403\u5065\u5eb7\u9910\u2026#\u5065\u5eb7\u9910 #\u5065\u8eab\u9910 #\u6e1b\u80a5 #\u7626\u8eab #\u98f2\u98df\u63a7\u5236"
        }
    ]
}