{
    "channel": {
        "title": "\u7d71\u6668\u5927\u6232\u9662",
        "id": "UCmJwfvC-1omeZ_31Cb6vawA",
        "customUrl": "@godtone777",
        "uploads": "UUmJwfvC-1omeZ_31Cb6vawA"
    },
    "videos": [
        {
            "id": "RddDtHN2roo",
            "title": "\u3010\u7d71\u795e\u3011\u6668\u6668\u8981\u6295\u8ab0\uff1f\u963f\u822a\u554f\u7684\u5169\u500b\u5019\u9078\u4eba\u4e0d\u5920\u6668\u6668\u9078\uff01\u76f4\u63a5\u79d2\u7b54\u7b2c\u4e09\u500b\uff01"
        },
        {
            "id": "NgRnpWUdaVA",
            "title": "\u3010\u7d71\u795e\u3011\u6587\u54f2\u4f60\u6c92\u4e8b\u5427\uff1f\u7f8e\u9e97\u5cf6\u8981\u4e0d\u8981\u544a\u6211\uff1f\u7d71\u795e\u5bb6\u88ab\u6c11\u8abf\u516c\u53f8\u5217\u5165\u9ed1\u540d\u55ae\uff0c\u56e0\u70ba\u963f\u822a\u505a\u4e86\u9019\u4ef6\u4e8b\uff01\u804a\u5929\u5ba4\u760b\u72c2\u91e3\u9b5a\uff0c\u7d71\u795e\u760b\u72c2\u7206\u6c23\uff0c\u6012\u5674\u7db2\u8def\u9b6f\u86c7\ud83d\udd25\ud83d\udd25\ud83d\udd25\u3010\u5be6\u6cc1\u65e5\u671f\uff1a20231115\u3011#\u7d71\u795e #\u67ef\u6587\u54f2 #\u7e3d\u7d71"
        },
        {
            "id": "zBk2ZTpfGqU",
            "title": "\u4f86\u73a9\u73fe\u5728\u6700\u8b9a\u7684\u3010Arena Breakout\u3011\u65b0\u4e16\u4ee3\u6c89\u6d78\u5f0f\u6230\u8853 FPS - 11/23/2023 asiagodtone"
        },
        {
            "id": "cgzXMCyqikY",
            "title": "\u3010\u7d71\u795e\u3011\u7f70\u55ae\u53c8\u4e00\u5f35\uff01\u5728\u53f0\u4e2d\u88ab\u79d1\u6280\u57f7\u6cd5\uff0c\u963f\u822a\u8a8d\u70ba\u662f\u8def\u6cc1\u6a19\u793a\u4e0d\u6e05\u695a\uff0c\u4e0d\u8a72\u88ab\u7f70\uff01\u5be6\u6cc1\u4e0a\u760b\u72c2\u6012\u5674\uff01\u5674\u5230\u5dee\u9ede\u4e2d\u98a8\uff01"
        },
        {
            "id": "v6kULnua6wI",
            "title": "\u3010\u7d71\u795e\u3011\u7b11\u6b7b\u54e6\uff01\u9ec3\u8001\u5e2b\u958b\u8b1b\uff0c\u7d71\u5abd\u5be6\u6cc1\u524d\u6700\u706b\u7206\u7684\u4e00\u6b21\uff0c\u7b49\u5230113 \u770b\u8ab0\u662f\u80013\uff0c\u7d71\u795e\uff1a\u4e0d\u8981\u90a3\u9ebc\u6fc0\u52d5\u5566\uff01 \u9ec3\u8001\u5e2b\uff1a\u5c31\u662f\u5f88\u6fc0\u52d5\uff01\uff01\uff01#\u7d71\u795e #\u7d71\u5abd #\u7e3d\u7d71"
        },
        {
            "id": "4OwiD0PhZzI",
            "title": "\u4e0d\u554f\u84bc\u5929\u554f\u9b3c\u795e\u597d\u4e86\u5566 \u770b\u904e\u9ed1\u8272\u4e94\u8449\u8349\u55ce? \u4eca\u5929\u4f86\u5077\u8dd1\u4e00\u4e0b\u4ed6\u7684\u624b\u904a  11/21/2023 asiagodtone"
        },
        {
            "id": "qMeU5KTlsGU",
            "title": "\u5929\u6c23\u51b7\u98bc\u98bc \u597d\u60f3\u51fa\u570b\u73a9  11/20//2023"
        },
        {
            "id": "rDdOd_etSVI",
            "title": "\u3010\u7d71\u795e\u3011\u96e3\u5f97\u963f\u822a\u62ff\u982d\u53c8\u505a\u4e8b\uff0c\u9047\u5230D\u80fd\u968a\u53cb\u5404\u7a2e\u958b\u641e\uff01\u5b64\u7acb\u7121\u63f4\u5b8c\u5168C\u4e0d\u4e86\uff01"
        },
        {
            "id": "ljRpNgqcoDg",
            "title": "T1\u8b93\u4e09\u5206 \u6587\u54f2\u8b933% 2023/11/19"
        },
        {
            "id": "0ODlnlroV9g",
            "title": "\u3010\u7d71\u795e\u3011\u64f7\u53d6\u5361\u641e\u4e8b\uff0c\u804a\u5929\u5ba4\u760b\u72c2\u91e3\u9b5a\uff0c003\u76f4\u63a5\u5674\u7206\u91e3\u9b5a\u4ed4\uff01\u65c1\u908a\u90a3\u4f4d\u5b8c\u51680\u4f5c\u7528\uff0c\u53ea\u5269\u641e\u4e8b\u3001\u5b09\u76ae\u7b11\u81c9\u529f\u80fd"
        },
        {
            "id": "DUBOX8qyfV4",
            "title": "\u6709\u56c9~\u4fee\u597d\u56c9~\u300a\u6fc0\u9b25\u5cfd\u8c37\u300b\u795e\u4e4b\u7af6\u6280\u5834\u8a66\u7149\uff0c\u555f\u52d5\uff0111/16/2023 asiagodtone"
        },
        {
            "id": "IbZePsZwlNw",
            "title": "\u563f\u563f \u8212\u8212\u670d\u670d\u958b\u500b\u53f0 11/16//2023 asiagodtone"
        },
        {
            "id": "R9tDbATxLt8",
            "title": "\u6211\u4ee5\u524d\u4e00\u76f4\u4e0d\u76f8\u4fe1\u6709\u964d\u982d \u76f4\u5230\u4e86\u4eca\u592911/15//2023 asiagodtone"
        },
        {
            "id": "0GX4ItgpqKs",
            "title": "\u3010\u7d71\u795e\u3011\u963f\u822a\u554f\u6668\u6668\u5976\u5976\u716e\u7684\u83dc\u662f\u4e0d\u662f\u5f88\u50cf\u300c\u5674\u300d\uff1f\u6668\u6668\uff1a\u5443..."
        },
        {
            "id": "GApDuJSn9EU",
            "title": "\u5929\u6c23\u597d\u51b7 \u8eab\u9ad4\u597d\u61f6  11/14//2023 asiagodtone"
        },
        {
            "id": "LJlVdnVE5M0",
            "title": "\u3010\u7d71\u795e\u3011\u5be6\u6cc1\u4e82\u6e90\uff1f\u6211\u6c92\u6709\u5ba2\u5bb6\uff01\u4eca\u5929\u7d42\u65bc\u9084\u7d71\u795e\u4e00\u500b\u516c\u9053\uff01\u548cGODJJ\u7c3d\u7d04\u3001\u7d42\u65bc\u627f\u8a8d\u8cb7\u4e86\u4e00\u53f0\u8ca8\u8eca\u3001JOEMAN\u5927\u9ebb\u7169\u4e8b\u4ef6 \u7c89\u7d72\u5efa\u8b70\u983b\u9053\u6539\u9019\u540d\u5b57\u6c5f\u5c71\u518d\u8d77\uff01 #\u7d71\u795e #\u6e05\u6d41 #joeman"
        },
        {
            "id": "UYv2C12tPzs",
            "title": "\u958b\u59cb\u81a8\u8139\u7f85 \u5404\u4f4d11/13//2023 asiagodtone"
        },
        {
            "id": "UKuuoZcnoZw",
            "title": "\u3010\u7d71\u795e\u3011\u548c\u53ef\u611b\u59b9\u5b50\u73a9\u4e00\u76f4\u60f3\u641e\u4e8b\uff0c\u6c38\u9060\u641e\u4e0d\u61c2\u904a\u6232\u6a5f\u5236\uff0c\u4e0d\u61c2\u88dd\u61c2\u8d85\u597d\u7b11\uff0c\u539f\u4f86\u9019\u904a\u6232\u662f\u7cd6\u8c46\u4eba\u963f\uff1f #\u7d71\u795e #\u59b9\u5b50 #\u7cd6\u8c46\u4eba"
        },
        {
            "id": "kxTxIPQOLsg",
            "title": "\u3010\u7d71\u795e\u3011\u5e6b\u7238\u7238\u6d17\u676f\u5b50\u5012\u6c34\uff0c\u6668\u6668\u9b3c\u4e4b\u7b11\u5bb9\uff0c\u963f\u822a\u9a5a\u89ba\u6709\u7570\uff01\uff01\uff01\u9019\u5230\u5e95\u662f\u4ec0\u9ebc\u6c34\uff1f #\u7d71\u795e #\u6668\u6668 #\u6668\u6668\u5927\u6232\u9662"
        },
        {
            "id": "UutpF9kRaR0",
            "title": "\u3010\u7d71\u795e\u3011\u770b\u5b8c\u897f\u9580\u592b\u59bb\u5435\u67b6\uff0c\u76f4\u63a5\u73fe\u5b78\u73fe\u8ce3\u627e\u8001\u5a46\u4f86\u5435\uff01 #\u7d71\u795e #\u592b\u59bb\u65e5\u5e38"
        },
        {
            "id": "HvQUjOHYk0Y",
            "title": "\u3010\u7d71\u795e\u3011\u5be6\u6cc1\u958b\u5341\u5e74\u53ea\u5269\u4e00\u5f35\u5634\uff01\u9047\u5230\u9ea5\u514b\u98a8ECHO\u5404\u7a2e\u4e82\u4fee\u4e82\u8abf\u9084\u62b1\u6028\uff01\u6158\u906d003\u75db\u6241\u4e00\u9813\uff01"
        },
        {
            "id": "wT3G2YM7NdE",
            "title": "\u3010\u7d71\u795e\u3011\u4f60\u6bd4\u8f03\u53ef\u60b2\uff01\u6211\u624d\u8981\u8e22\u4f60\uff01\u6bcd\u5b50\u8df3\u91dd20\u5206\u9418\uff01\u5927\u8ac72024\u7e3d\u7d71\u5927\u9078\uff0c\u9ec3\u8001\u5e2b\u8981\u6295\u4ed6\uff1f\u963f\u822a\u807d\u4e0d\u4e0b\u53bb\u958b\u59cb\u4e92\u5674\uff01#\u7d71\u795e #\u7d71\u5abd #\u7e3d\u7d71"
        },
        {
            "id": "mo6I6yDcgQU",
            "title": "\u3010\u7d71\u795e\u3011\u8981\u9760\u5c0f\u5b78\u751f\u6d41\u91cf\u4f86\u62ef\u6551\u904e\u6c23\u4e86\uff1f\u963f\u822a\u7b2c\u4e00\u6b21\u73a9\u9ea5\u584a\u5404\u7a2e87\u7406\u89e3\uff0c\u6bd4\u5c0f\u5b78\u751f\u9084\u4e0d\u5982\uff01"
        },
        {
            "id": "sFyNBqf4Cf0",
            "title": "\u8a72\u56de\u6b78\u8001\u672c\u884c\u4e86  11/06//2023 asiagodtone"
        },
        {
            "id": "89taP8D8QBo",
            "title": "\u3010\u7d71\u795e\u3011\u770b\u9694\u58c1\u897f\u9580\u592b\u59bb\u5435\u67b6\u6839\u672c\u5c0f\u5152\u79d1\uff01\u4e00\u8f29\u5b50\u53ea\u5403\u6ef7\u8089\u98ef\u7684\u963f\u822a\uff0c\u9084\u5e0c\u671b\u81ea\u5df1\u88abNTR\uff01"
        },
        {
            "id": "berbP61kTt0",
            "title": "\u7368\u7acb\u601d\u8003\u723d\u6b6a\u6b6aback in the dawn  11/08//2023 asiagodtone"
        },
        {
            "id": "W7NO2Wdg1fo",
            "title": "\u3010\u7d71\u795e\u3011\u5f35\u5bb6\u592b\u59bb\u73a9\u3010\u5dd4\u5cf0\u6975\u901f\u3011\uff0c\u662f\u963f\u822a\u6bd4\u8f03\u5feb\u9084\u662f\u5c0f\u541b\u6bd4\u8f03\u5feb\uff1f\u73fe\u5728\u5c31\u52a0\u5165\u4e00\u8d77\u958b\u98c6\uff0c\u9084\u6709\u963f\u822a\u7684\u5c08\u5c6c\u865b\u5bf6\u78bc\u53ef\u4ee5\u9818\uff01 #\u5dd4\u5cf0\u6975\u901f #3A\u7d1a\u64ec\u771f\u7af6\u901f\u904a\u6232 #\u4e0d\u5c2c\u73a9\u5177\u8eca\u771f\u8eca\u624d\u5920\u683c"
        },
        {
            "id": "Kl6FM_nv7lI",
            "title": "\u982d\u5f88\u6688\u554a \u5403\u592a\u98fd  11/07//2023 asiagodtone"
        },
        {
            "id": "GzET1BoO-Hc",
            "title": "\u3010\u7d71\u795e\u3011\u7d71\u5abd\u4e5f\u767c\u8868\u770b\u6cd5\uff01\u6162\u8dd1\u81ed\u5c41\u4f2f\u539f\u4f86\u9019\u9ebc\u597d\u73a9\uff1f\u80cc\u5f8c\u63f9\u8457\u8d85\u5927\u6bd2\u7f50\uff01\u4f60\u597d\u6bd2~\u4f60\u597d\u6bd2~\u4f60\u597d\u6bd2\u6bd2\u6bd2\u6bd2\u6bd2\uff01#\u7d71\u795e #\u82f1\u96c4\u806f\u76df #joeman"
        },
        {
            "id": "Ql6cNY0mXXY",
            "title": "\u3010\u7d71\u795e\u3011\u795e\u7f70\u964d\u81e8\uff01\u963f\u822a\u7b11\u610f\u85cf\u4e0d\u4f4f\uff1f\u9810\u8a00\u4e0b\u4e00\u500b\u795e\u7f70\u6703\u662f\u4ed6\uff1f #\u7d71\u795e #\u795e\u7f70 #joeman"
        },
        {
            "id": "xjoWILl8qew",
            "title": "\u795e\u7f70~~ - \u597d\u60f3\u795e\u7f70\u6211\u81ea\u5df1  11/06//2023 asiagodtone"
        },
        {
            "id": "9ZfOL7VddXg",
            "title": "\u3010\u7d71\u795e\u3011\u963f\u822a\u674e\u661f\u524d\u671f\u62ff\u982d\uff0c\u5f8c\u671f\u9001\u982d\u4e0d\u8b8a\u5b9a\u5f8b\uff01\u4e00\u6ce2\u88ab\u9006\u8f49\u76f4\u63a5\u9032\u5165\u6293\u6230\u72af\u74b0\u7bc0\uff01"
        },
        {
            "id": "q83dlnbf8nk",
            "title": "\u3010\u7d71\u795e\u3011\u6709\u6bdb\u75c5\u54e6\uff1f\u6668\u6668\u770b\u81ea\u5df1\u5531\u6b4c\u8df3\u821e\u7684\u53cd\u61c9\uff01\u73fe\u5834\u76f4\u63a5\u760b\u8d77\u4f86\u5531\u8df3\uff0c\u723d\u5230\u4e00\u76f4\u62cd\u8001\u7238\ud83d\ude02\ud83d\ude02\ud83d\ude02\u4e00\u5bb6\u548c\u6a02\u878d\u878d #\u7d71\u795e #\u6668\u6668 #\u6668\u6668\u5927\u6232\u9662"
        },
        {
            "id": "ECMUPD4077Q",
            "title": "\u662f\u6642\u5019\u8a72\u63a5\u89f8\u570b\u4e2d\u5c0f\u7684\u904a\u6232\u8ce3\u5feb\u4e86 11//04//2023 asiagodtone"
        },
        {
            "id": "DgjkVzeeksg",
            "title": "\u3010\u7d71\u795e\u3011\u963f\u822a\u73a9CS \u6a02\u6975\u751f\u60b2\u5566 #\u7d71\u795e #shorts #cs2"
        },
        {
            "id": "M6pCUSlJnbw",
            "title": "\u3010\u7d71\u795e\u3011\u721b\u5230\u7b11\uff1f\u7206\u982d\u738b\u7d71\u795e\u73a9CS\u8d85\u7d1a\u9b27\uff0c\u9019\u6a23\u90fd\u80fd\u6b7b\uff1f\u9019\u53ef\u80fd\u662f\u7d71\u795e\u6700\u5f8c\u4e00\u5834CS\u4e86\ud83d\ude1e\ud83d\ude1e\ud83d\ude1e #\u7d71\u795e #cs2 #\u641e\u7b11"
        },
        {
            "id": "PNwG4-smGQM",
            "title": "\u4f11\u606f\u662f\u70ba\u4e86\u8d70\u66f4\u9577\u9060\u7684\u8def - 10//31//2023 asiagodtone"
        },
        {
            "id": "c1aNgidxM4Q",
            "title": "\u3010\u7d71\u795e\u3011\u5df2\u5a5a\u7684\u963f\u822a\u89ba\u5f97\u81ea\u5df1\u8d70\u4e86\u4e00\u689d\u4e0d\u6b78\u8def\uff01\u76f4\u63a5\u554f\u6668\u6668\uff1a\u4e0a\u5e1d\u7d66\u4f60\u56db\u5343\u842c\u537b\u53ea\u80fd\u4e00\u8f29\u5b50X\u4e00\u500b\uff0c\u4f60\u9858\u610f\u55ce\uff1f"
        },
        {
            "id": "SuDsJcrvUQk",
            "title": "\u9592\u9592\u6c92\u4e8b\u5e79 \u5148\u4f86\u804a\u804a\u5929 - 10/30/2023 asiagodtone"
        },
        {
            "id": "tKIfi8a8oI0",
            "title": "\u3010\u7d71\u795e\u3011\u4f60\u53e5\u9ede\u6211\u5594 #\u7d71\u795e #\u963f\u822a\u4e4b\u8072 #shorts"
        },
        {
            "id": "M4bwC4FAQLM",
            "title": "\u3010\u7d71\u795e\u3011\u73a9CS2\u628a\u5c0d\u9762\u8650\u5230\u8df3GAME\uff0c\u4ee5\u524dCS\u5f88\u5f37\u771f\u7684\u6c92\u9a19\u4eba\uff1f\u5230\u5e95\u662f\u5c0d\u9762\u592a\u721b\uff0c\u9084\u662f\u963f\u822a\u592a\u5f37\uff1f #\u7d71\u795e #cs2"
        },
        {
            "id": "mI3IFrYbBNg",
            "title": "\u3010\u7d71\u795e\u3011\u7121\u83dc\u55ae\u6599\u7406\u5403\u5565 #\u7d71\u795e #\u963f\u822a\u4e4b\u8072 #shorts"
        },
        {
            "id": "UAXgpPctMrY",
            "title": "\u3010\u7d71\u795e\u3011\u4f60\u662f\u4e0d\u662f\u7528\u8b8a\u97f3\u5668 #\u7d71\u795e #\u963f\u822a\u4e4b\u8072 #shorts"
        },
        {
            "id": "VESCvf4vKfc",
            "title": "\u3010\u7d71\u795e\u3011\u8981\u4e0d\u8981\u53bb\u6d17\u7897 #\u7d71\u795e #\u963f\u822a\u4e4b\u8072 #shorts"
        },
        {
            "id": "u8PAQCBEIpw",
            "title": "\u3010\u7d71\u795e\u3011\u91ab\u751f\u7dda\u4e0a\u770b\u8a3a #\u7d71\u795e #\u963f\u822a\u4e4b\u8072 #shorts"
        },
        {
            "id": "Nyn4rsO0rvU",
            "title": "\u3010\u7d71\u795e\u3011\u65b0\u624b\u6a5f\u592a\u8cb4\u4e86\uff0c\u7d71\u795e\u807d\u5230\u50f9\u683c\u76f4\u63a5\u7206\u6c23\uff0c\u9084\u8aaa\u8981\u53bb\u65b0\u52a0\u5761\u52a0\u500d\u8ced\u56de\u4f86\uff01"
        },
        {
            "id": "YodmQDefGd0",
            "title": "\u3010\u7d71\u795e\u3011\u804a\u5230\u653f\u6cbb\u5916\u9047\u65b0\u805e\uff0c\u99ac\u4e0a\u6fc0\u8d77\u963f\u822a\u5167\u5fc3\u7684YY\u9b42\uff01\u5404\u7a2eYY\u5c0f\u5287\u5834\u958b\u6f14\uff01\u9084\u8a8d\u8b49\u6668\u6668\u9577\u5927\u4e00\u5b9a\u5f88\u5e25\uff01"
        },
        {
            "id": "oY2xFXvu4t0",
            "title": "\u4e9e\u6d32\u7d71\u795e\u5609\u822a\u76f4\u64ad\u56c9 \u516b\u9ede\u73a9\u65b0\u9f8d\u4e4b\u8c37 \u6709\u65b0\u8077\u696d - 10/28/2023 asiagodtone"
        },
        {
            "id": "9QtzBrNPd1E",
            "title": "\u3010\u7d71\u795e\u3011\u65b0\u52a0\u5761\u8ced\u5834\u5927\u8c50\u6536\uff01\u963f\u822a\u56db\u5929\u8d0f\u4e867\u842c\u591a\u53f0\u5e63\uff0c\u8ced\u5230\u5404\u7a2e\u5fc3\u5f97\u5927\u8ac7\uff01\u9023\u540d\u8a00\u90fd\u51fa\u4f86\u4e86\uff01"
        },
        {
            "id": "mOtqIHwwY9U",
            "title": "\u804a\u5929\u53f0~~ - 10//26//2023 asiagodtone"
        },
        {
            "id": "neG-lUxBbcI",
            "title": "\u3010\u7d71\u795e\u3011\u7d71\u795e\u5fa9\u76e4PSG\u95dc\u9375\u7b2c\u4e09\u5c40\uff0c\u9ede\u51fa\u81f4\u547d\u932f\u8aa4\uff0c\u5982\u679c\u6253\u91ce\u63db\u6210\u6211\u65e9\u5c31\u8d0f\u4e86\uff01"
        },
        {
            "id": "WlIGuhWEC_w",
            "title": "\u6211\u56de\u4f86\u56c9~\u5341\u9ede\u6709\u5dd4\u5cf0\u6975\u901f\uff013A\u7d1a\u64ec\u771f\u7af6\u901f\u904a\u6232\u958b\u8dd1 - 10//25//2023 asiagodtone"
        },
        {
            "id": "vbvSMSihLuM",
            "title": "\u65b0\u52a0\u5761\u723d\u5b8c\u4e00\u502b\u8001\u5a46\u5df2\u539f\u8ad2 10//24//2023 asiagodtone"
        },
        {
            "id": "fKe12fDrf1U",
            "title": "\u3010\u7d71\u795e\u3011\u8499\u591aPENTA KILL #\u7d71\u795e #\u82f1\u96c4\u806f\u76df #shorts"
        },
        {
            "id": "CL5fdmcRVjs",
            "title": "\u3010\u7d71\u795e\u3011\u4e0d\u6127\u662f\u8077\u696d\u6253\u91ce(\u81ea\u8cbb)\u7684MAIN\u89d2 - \u674e\u661f\uff01\u7121\u5f71\u8173\u958b\u79c0\uff01\u5404\u7a2e\u82b1\u5f0f\u98db\u8e22\u8e6c\u660f\u5c0d\u9762\uff01"
        },
        {
            "id": "ArVPMHGbuUE",
            "title": "\u3010\u7d71\u795e\u3011\u62ff\u4eba\u5bb6\u70cf\u9f9c #\u7d71\u795e #shorts #\u963f\u822a\u4e4b\u8072"
        },
        {
            "id": "3oRVlXEJNoE",
            "title": "\u3010\u7d71\u795e\u3011\u8def\u908a\u4e82\u5c3f\u5c3f #\u7d71\u795e #\u963f\u822a\u4e4b\u8072 #shorts"
        },
        {
            "id": "-_ZJ9BIUUZ8",
            "title": "\u3010\u7d71\u795e\u3011\u6211\u8981\u8ddf\u4f60\u544a\u89e3 #\u7d71\u795e #\u963f\u822a\u4e4b\u8072 #shorts"
        },
        {
            "id": "QGzPY-8IVKg",
            "title": "\u3010\u7d71\u795e\u3011\u5973\u53cb\u7b54\u61c9\u4e86 #\u7d71\u795e #\u963f\u822a\u4e4b\u8072 #shorts"
        },
        {
            "id": "FJ4D9QQInN4",
            "title": "\u3010\u7d71\u795e\u3011\u674e\u661f\u958b\u8e22 #\u7d71\u795e #shorts"
        },
        {
            "id": "t2H1ZqCBsic",
            "title": "\u3010\u7d71\u795e\u3011\u5982\u679c\u6211\u662f\u5973\u7684 #\u7d71\u795e #shorts #\u963f\u822a\u4e4b\u8072"
        },
        {
            "id": "YM5u3UqTrPI",
            "title": "\u3010\u7d71\u795e\u3011\u8001\u5a46\u7b11\u800c\u4e0d\u8a9e #\u7d71\u795e #\u963f\u822a\u4e4b\u8072 #shorts"
        },
        {
            "id": "uIlV3sTKsG8",
            "title": "\u3010\u7d71\u795e\u3011\u54e1\u5de5\u7537\u53cbCALL IN? #\u7d71\u795e #shorts #\u963f\u822a\u4e4b\u8072"
        },
        {
            "id": "bBTOjjSUmc4",
            "title": "\u3010\u7d71\u795e\u3011\u760b\u72c2\u9000\u8cbb #\u7d71\u795e #\u963f\u822a\u4e4b\u8072 #shorts"
        },
        {
            "id": "1uOIbx9n1P0",
            "title": "\u3010\u7d71\u795e\u3011\u6668\u9b27\u9418 #\u7d71\u795e #\u963f\u822a\u4e4b\u8072 #shorts"
        },
        {
            "id": "Gu9kbXitEtg",
            "title": "\u3010\u7d71\u795e\u3011\u9ea5\u514b\u98a8\u6c92\u8072\u97f3 #\u7d71\u795e #\u963f\u822a\u4e4b\u8072 #shorts"
        },
        {
            "id": "UxF7N-avw7Q",
            "title": "\u3010\u7d71\u795e\u3011\u6148\u7236\u963f\u822a\u4e00\u5f9e\u97d3\u570b\u56de\u4f86\u99ac\u4e0a\u5e6b\u6668\u6668\u6176\u751f\u5e36\u5169\u5bf6\u51fa\u53bb\u73a9\uff0c\u592a\u64cd\u52de\u76f4\u63a5\u5be6\u6cc1\u4e0a\u6f14\u8173\u75dbRRRR\u53eb\u6232\u78bc\uff01"
        },
        {
            "id": "BrmZvDfCGj4",
            "title": "\u3010\u7d71\u795e\u3011\u5e36\u6668\u6668\u53bb\u8fea\u58eb\u5c3c #\u7d71\u795e #\u6668\u6668 #shorts"
        },
        {
            "id": "qmUtywn7hdA",
            "title": "\u3010\u7d71\u795e\u3011\u7c89\u7d72\u7684\u611f\u60c5\u554f\u984c #\u7d71\u795e #\u963f\u822a\u4e4b\u8072 #shorts"
        },
        {
            "id": "N_cZS0oSb1s",
            "title": "\u3010\u7d71\u795e\u3011\u963f\u6241\u932f\u4e86\u55ce #\u7d71\u795e #\u963f\u822a\u4e4b\u8072 #shorts"
        },
        {
            "id": "EKwbDdumCdk",
            "title": "\u5feb\u4f86\u3010Garena \u9ece\u660e\u89ba\u9192\u3011\u548c\u560e\u75db\u4e00\u8d77\u5728\u958b\u653e\u4e16\u754c\u9a0e\u8eca \u6bba\u7206\u55aa\u5c4d\uff0c\u8d85\u5f37AI\u7167\u7247\u634f\u81c9\u8b93\u8001\u5a46\u7b11\u7ffb\u4e86\uff01"
        },
        {
            "id": "a8A4ae-mlyE",
            "title": "\u9084\u6628\u5929\u7684\u50b5 \u7d2f\u7d2fder - 10//18//2023 asiagodtone"
        },
        {
            "id": "tm1YKqS8DeQ",
            "title": "\u3010\u7d71\u795e\u3011\u6668\u6668\u8981\u53bb\u6d17\u6fa1\u4e86 #\u7d71\u795e #\u6668\u6668 #shorts"
        },
        {
            "id": "O4LZomm30zI",
            "title": "\u3010\u7d71\u795e\u3011\u7529\u934b\u6668 #\u7d71\u795e #\u6668\u6668 #shorts"
        },
        {
            "id": "egig5xcx6XM",
            "title": "\u3010\u7d71\u795e\u3011\u6210\u5409\u601d\u6c57 #\u7d71\u795e #\u6668\u6668 #shorts"
        },
        {
            "id": "bo5pxRz0wyc",
            "title": "\u3010\u7d71\u795e\u3011\u8166\u5b50\u5f88\u597d #\u7d71\u795e #\u6668\u6668 #shorts"
        },
        {
            "id": "FenS1-Abp4o",
            "title": "\u3010\u7d71\u795e\u3011\u6703\u88ab\u8001\u5e2b\u63cd #\u7d71\u795e #\u6668\u6668 #shorts"
        },
        {
            "id": "QAkY1ZnCbhI",
            "title": "\u3010\u7d71\u795e\u3011\u7761\u524d\u5403\u71d2\u70e4 #\u7d71\u795e #\u6668\u6668 #shorts"
        },
        {
            "id": "nILu6WbWrK4",
            "title": "\u3010\u7d71\u795e\u3011\u6668\u6668\u559c\u6b61\u7537\u751f\u9084\u662f\u5973\u751f #\u7d71\u795e #\u6668\u6668 #shorts"
        },
        {
            "id": "RomhocuP-BI",
            "title": "\u3010\u7d71\u795e\u3011\u9996\u6b21\u73a9CS2\u7af6\u6280\u724c\u4f4d\uff0c\u963f\u822a\u7a7f\u7159\u76f2\u72d9\u8d85\u795e\uff01\u7206\u982d\u738750%\uff0c\u9019\u51f1\u7279\u7433AD\u7b97\u5408\u683c\u4e86\u55ce\uff1f #\u7d71\u795e #cs2"
        },
        {
            "id": "GBoBZSmYJmE",
            "title": "\u3010\u7d71\u795e\u3011\u7cd6\u8c46\u6668 #\u7d71\u795e #\u6668\u6668 #shorts"
        },
        {
            "id": "ZiuJkd4nUgk",
            "title": "\u3010\u7d71\u795e\u301187\u865f\u5019\u9078\u4eba #\u7d71\u795e #\u6668\u6668 #shorts"
        },
        {
            "id": "HwPLtisNwmc",
            "title": "\u81ea\u8cbb\u9078\u624b\u51fa\u570b\u6bd4\u8cfd \u65b0\u52a0\u5761\u884c\u524d\u6700\u5f8c\u4e00\u958b- 10//17//2023 asiagodtone"
        },
        {
            "id": "bhYam9Pgs98",
            "title": "\u3010\u7d71\u795e\u3011\u51fa\u53bb\u73a9\u600e\u9ebc\u8a02\u623f\u512a\u60e0\u624d\u6700\u591a\uff0c\u8a02\u623f\u5c08\u5bb6\u7528\u7d93\u9a57\u544a\u8a34\u4f60\uff0c\u9019\u6a23\u8a02\u6700\u5212\u7b97\uff01"
        },
        {
            "id": "PsvnBUDNuck",
            "title": "\u5f9e\u97d3\u570b\u56de\u4f86\u4f46\u819d\u84cb\u7206\u4e86 - 10/16//2023 asiagodtone"
        },
        {
            "id": "OY9ImkFgcGo",
            "title": "\u5728\u97d3\u570b\u64bf\u5230\u7684\u795e\u79d8\u5305\u88f9\uff0c\u96b1\u85cf\u4e86\u9810\u8a00\u7684\u529b\u91cf\uff1f"
        },
        {
            "id": "FolVtbb8rvw",
            "title": "\u3010\u7d71\u795e\u3011\u88ab\u81ea\u5df1\u5435\u9192  #\u7d71\u795e #\u6668\u6668 #shorts"
        },
        {
            "id": "-vtuNm0Tp7o",
            "title": "\u3010\u7d71\u795e\u3011\u597d\u60f3\u4f60\u54e6 \u7d71\u795e  #\u7d71\u795e #\u6668\u6668 #shorts"
        },
        {
            "id": "Nr6SU9PlLZU",
            "title": "\u3010\u7d71\u795e\u3011\u63db\u500bMIC\u597d\u55ce #\u7d71\u795e #\u963f\u822a\u4e4b\u8072 #shorts"
        },
        {
            "id": "-pbij7997_U",
            "title": "\u3010\u7d71\u795e\u3011\u4f60\u5f9e\u5f8c\u9762\u4f86\uff01 #\u7d71\u795e #\u8001\u5a46 #shorts"
        },
        {
            "id": "P3_FH7bMy88",
            "title": "\u3010\u7d71\u795e\u3011\u5e6b\u6211\u770b\u4e00\u4e0b\u9019\u88e1\u600e\u9ebc\u4e86\uff1f #\u7d71\u795e #\u8001\u5a46 #\u592b\u59bb\u65e5\u5e38"
        },
        {
            "id": "Wytf0uHngEQ",
            "title": "\u3010\u7d71\u795e\u3011\u5e7e\u6839\u5c0f\u9ec3\u74dc  #\u7d71\u795e #shorts"
        },
        {
            "id": "yGAPgKJGOXk",
            "title": "\u3010\u7d71\u795e\u3011\u8de8\u5e74\u53bb\u54ea\u73a9 by\u9732\u71df\u59b9 #\u7d71\u795e #\u963f\u822a\u4e4b\u8072 #shorts"
        },
        {
            "id": "xzpurDEOPJE",
            "title": "\u3010\u7d71\u795e\u3011\u963f\u822a\u7684\u80a1\u7968\u539f\u5247 #\u7d71\u795e #\u80a1\u7968 #shorts"
        },
        {
            "id": "XpPT0CxkfN8",
            "title": "\u3010\u7d71\u795e\u3011\u805eGG  #\u7d71\u795e #shorts"
        },
        {
            "id": "zDmRjJRGPvU",
            "title": "\u3010\u7d71\u795e\u3011\u6a5f\u68b0\u624b\u81c2  #\u6668\u6668 #\u7d71\u795e #shorts"
        },
        {
            "id": "UN_I7y4tIPY",
            "title": "\u3010\u7d71\u795e\u3011\u745e\u7d72\u53d4\u53d4 #\u7d71\u795e #\u6668\u6668 #shorts"
        },
        {
            "id": "yyV7gpGcgFA",
            "title": "\u3010\u7d71\u795e\u3011\u6843\u5712\u65b0\u7af9  #\u7d71\u795e #\u963f\u822a\u4e4b\u8072 #shorts"
        },
        {
            "id": "GI_KwprBQ7w",
            "title": "\u3010\u7d71\u795e\u3011\u4e0b\u9762\u4e00\u4f4d\u8acb\u8aaa #\u7d71\u795e #\u963f\u822a\u4e4b\u8072 #shorts"
        },
        {
            "id": "GA6CSNC3uRQ",
            "title": "\u3010\u7d71\u795e\u3011\u54e6\u597d \u518d\u898b #\u7d71\u795e #\u963f\u822a\u4e4b\u8072 #shorts"
        }
    ]
}