{
    "channel": {
        "title": "\u72e0\u611b\u6f14",
        "id": "UCnfPDcASesYjcO5u-ELnb-Q",
        "customUrl": "@user-dq9lm8xn1p",
        "uploads": "UUnfPDcASesYjcO5u-ELnb-Q"
    },
    "videos": [
        {
            "id": "jO95HeVDtJs",
            "title": "\u8b1d\u8b1d\u5927\u5bb6"
        },
        {
            "id": "r4RFFrAQdxY",
            "title": "\u9ad4\u9a57\u4e00\u65e5\u9ed1\u9053\u8001\u5927\uff01\u5168\u8eab\u523a\u9752\u300e\u706b\u7206\u523a\u6fc0\u300f"
        },
        {
            "id": "3if-qV_I2s4",
            "title": "\u3010\u72e0\u611b\u6f14\u3011\u958b\u7bb1\u5168\u65b0\u5de5\u4f5c\u5ba4\uff01\u8017\u8cbb\u767e\u842c\u300e\u5168\u65b0\u66dd\u5149\u300f"
        },
        {
            "id": "Dv6iH4wCBmY",
            "title": "\u5403\u7206300\u584a\uff0c\u9ea5\u514b\u96de\u584a\uff01\u300e\u5168\u54e1\u723d\u7ffb\u5929\uff5e\u300f"
        },
        {
            "id": "kd-1CnsyLQ0",
            "title": "\u822a\u7a7a\u6bcd\u8266\u86b5\u4ed4\u714e\uff01\u985b\u8986\u50b3\u7d71\u300e\u7e3d\u50f9\u7834\u842c\u300f"
        },
        {
            "id": "tKea0MaeFyI",
            "title": "\u3010\u72e0\u611b\u6f14\u3011\u88fd\u4f5c\u6700\u8cb4\u6d0b\u828b\u7247\uff0c\u91d1\u7b94\u677e\u9732\u901a\u901a\u4f86\uff01\u300e\u5403\u5230\u5347\u5929\u300f"
        },
        {
            "id": "eidtgl17Z5I",
            "title": "\u3010\u72e0\u611b\u6f14\u3011\u9ad4\u9a57\u731b\u7537\u5806\u4e2d\u8003\u8a66\uff0c\u7f8e\u5973\u5fc3\u82b1\u6012\u653e\u300e\u904e\u7a0b\u8d85\u7206\u7b11\u300f"
        },
        {
            "id": "l9I4rI1QueM",
            "title": "\u3010\u72e0\u611b\u6f14\u3011\u6253\u9020\u6700\u901f\u5361\u4e01\u8eca\uff0c\u904e\u5f4e\u6642\u901f200\u300e\u9ad4\u9a57\u98c6\u98a8\u5feb\u611f\u300f"
        },
        {
            "id": "5XpjKYlGHJg",
            "title": "\u3010\u72e0\u611b\u6f14\u301120KG\u731b\u7378\u8056\u4ee3\u51b0\u6dc7\u6dcb\uff01\u5167\u542b\u516d\u6876\u51b0\u300e\u5962\u83ef\u53c8\u7f8e\u5473\u300f"
        },
        {
            "id": "vOU3OdorxiQ",
            "title": "\u3010\u72e0\u611b\u6f14\u3011\u5982\u4f55\u5728\u4e00\u5e74\u4e4b\u5167\uff0c\u5b58\u7834\u767e\u842c\uff01\u300e\u4f60\u4fe1\u55ce\uff1f\u300f"
        },
        {
            "id": "_0L0vnk4b74",
            "title": "\u3010\u72e0\u611b\u6f14\u3011\u4e94\u5206\u9418\u6559\u4f60\u6210\u70ba\uff5e\u6210\u529f\u4eba\u58eb\u300e\u6709\u5922\u60f3\u7684\u4eba\u5fc5\u770b\u300f"
        },
        {
            "id": "05Zh3pJDTbs",
            "title": "\u3010\u72e0\u611b\u6f14\u3011\u72e0\u611b\u6f14\u626d\u86cb\u958b\u7bb1\uff01\u300e\u64bc\u52d5\u6574\u500b\u626d\u86cb\u754c\u300f"
        },
        {
            "id": "oEZ60t6rAzo",
            "title": "\u3010\u72e0\u611b\u6f14\u3011\u5b8c\u6210\u75f4\u75f4\u7684\u5922\u60f3\uff01\u86fb\u8b8a\u6210\u70ba\u51b6\u8c54\u5c0f\u79d8\u66f8\u300e\u8207\u6b50\u5df4\u9082\u9005\u300f"
        },
        {
            "id": "HqbFXT5xYoQ",
            "title": "\u3010\u72e0\u611b\u6f14\u3011\u62c9\u9eb5\u5927\u8cfd\uff01OREO\uff5e\u5589\u7cd6\uff5e\u4e00\u862d\u300e\u597d\u5403\u5230\u4e0a\u5929\u5802\u300f"
        },
        {
            "id": "V2T5MR5aJ8Y",
            "title": "\u3010\u72e0\u611b\u6f14\u3011\u77f3\u677f\u70e4\u8089\uff01\u98df\u7269\u6703\u719f\u55ce\uff1f\u300e\u6210\u679c\u8d85\u9a5a\u4eba\u300f"
        },
        {
            "id": "-UpRGvALe28",
            "title": "\u3010\u72e0\u611b\u6f14\u3011\u776a\u4e38\u5976\u6614\uff01\u7a2e\u8c6c\u776a\u4e38,\u7f8a\u776a\u4e38,\u96de\u776a\u4e38\u300e\u9707\u64bc\u4f60\u7684\u5473\u857e\u300f"
        },
        {
            "id": "xnbZteKZGdA",
            "title": "\u3010\u72e0\u611b\u6f14\u3011\u7280\u5229\u4eba\u6dd2\uff01\u7981\u5fcc\u7684\u611b\u300e\u6700\u72c2\u5614\u50cf\u5287\u300f"
        },
        {
            "id": "-ytfl6HQwCk",
            "title": "\u3010\u72e0\u611b\u6f14\u301150\u6b72\u6912\u5abd\u5927\u6539\u9020\uff01\u97d3\u570b\u5973\u5718\u964d\u81e8\u300e\u8d85\u7d1a\u6027\u611f\u706b\u8fa3\u300f"
        },
        {
            "id": "KBgHzJyt0xE",
            "title": "\u3010\u72e0\u611b\u6f14\u3011\u5730\u7344\u5228\u51b0\u7cfb\u5217\uff01\u5927\u8178\u81ed\u81ed\u934b,\u8089\u9aa8\u8336,\u9178\u8fa3\u6e6f\u300e\u5403\u5230\u5feb\u5f80\u751f\u300f"
        },
        {
            "id": "zhH9K1fGDEM",
            "title": "\u3010\u72e0\u611b\u6f14\u3011\u908a\u7de3\u4eba\u767c\u660e\u5bb6\uff01\u672a\u4f8650\u5e74\u5e74\u79d1\u6280\u300e\u9707\u64bc\u5168\u5b87\u5b99\u300f"
        },
        {
            "id": "657Ef7wMyjw",
            "title": "\u3010\u72e0\u611b\u6f14\u3011\u571f\u8c6a\u4e09\u9910\uff01\u5e74\u6536\u5343\u842c\u600e\u9ebc\u904e\u300e\u5962\u83ef\u4e09\u9910\u300f"
        },
        {
            "id": "xby8AkgUQIE",
            "title": "\u3010\u72e0\u611b\u6f14\u3011\u5728\u9eb5\u5e97\u82091400\u516c\u65a4\u555e\u9234\uff01\u6065\u5ea6\u7834\u8868\u300e\u5ba2\u4eba\u50bb\u773c\u300f"
        },
        {
            "id": "42nkETBmArA",
            "title": "\u3010\u72e0\u611b\u6f14\u3011\u7b2c\u4e00\u5c46\u6fc0\u70c8\u7af6\u722d\uff01\u72e0\u611b\u6f14\u5065\u7f8e\u5927\u8cfd\u300e\u9ad8\u624b\u96f2\u96c6\u300f"
        },
        {
            "id": "tpNTBFNS2DM",
            "title": "\u3010\u72e0\u611b\u6f14\u3011\u6211\u5011\u7684\u54e1\u5de5\u65c5\u904a\uff0c\u80e1\u6912\u8c54\u9047\u6afb\u82b1\u59b9\uff01\u300e\u9802\u7d1a\u4eab\u6a02 \u723d\u6b6a\u6b6a\u300f"
        },
        {
            "id": "KPgqx08EAoE",
            "title": "\u3010\u72e0\u611b\u6f14\u3011\u8d85\u5de8\u5927\u934b\u71d2\u9eb5\uff01\u76f8\u64b2\u5c3a\u5bf8 \u300e\u7834\u7d00\u9304\u300f"
        },
        {
            "id": "tlnUp6OWiAc",
            "title": "\u3010\u72e0\u611b\u6f14\u3011\u4e00\u65e5\u767e\u842c\u8a2d\u8a08\u5e2b\uff01\u5c55\u73fe\u9a5a\u4eba\u5929\u8ce6\u300e\u5167\u6709\u5f69\u86cb\u300f"
        },
        {
            "id": "K8KKgi69_gU",
            "title": "\u3010\u72e0\u611b\u6f14\u3011\u5be6\u6e2c\u8d77\u53f8\u7011\u5e03\uff0c\u6ce1\u9eb5\u3001\u725b\u6392\u3001\u8089\u71e5\u98ef\u901a\u901a\u4f86\uff01\u300c\u5dee\u9ede\u4e0a\u5929\u5802\uff5e\uff01\u300d"
        },
        {
            "id": "CeNxRvHtvqs",
            "title": "\u3010\u72e0\u611b\u6f14\u3011700\u5143VS15\u5143\uff01\u5de7\u514b\u529b\u5410\u53f8\u300e\u50f9\u5dee\u5c0d\u6c7a\u300f"
        },
        {
            "id": "RdA610drInI",
            "title": "\u3010\u72e0\u611b\u6f14\u301110\u5927\u751f\u6d3b\u5c0f\u77e5\u8b58\uff01\u4f60\u7d55\u5c0d\u4e0d\u80fd\u4e0d\u77e5\u9053\u300e\u985b\u8986\u60f3\u50cf\u300f"
        },
        {
            "id": "Jo8yGm8-AQQ",
            "title": "\u3010\u72e0\u611b\u6f14\u301120\u4eba\u4efd\u5de8\u5927\u86cb\u5305\u98ef\uff01\u5962\u83ef\u5e72\u8c9d\u7092\u98ef\u300e\u6975\u5ea6\u7f8e\u5473\u300f"
        },
        {
            "id": "MSL8NC12nfc",
            "title": "\u72e0\u611b\u6f14\u3010\u52a0\u86cb\u3011Official Music Video"
        },
        {
            "id": "Og9HnmRJyyQ",
            "title": "\u3010\u72e0\u611b\u6f14\u3011\u4e00\u65e5\u77f3\u864e\u7814\u7a76\u54e1\uff01\u62cd\u5230\u8d85\u9a5a\u4eba\u756b\u9762\u300e\u5168\u90e8\u4eba\u5d29\u6f70\u300f"
        },
        {
            "id": "RnnZW2x-DVY",
            "title": "\u3010\u72e0\u611b\u6f14\u3011\u5f57\u661f\u7d05\u9152\u51cd\uff01100\u500d\u5927\u300e\u5403\u51fa\u9a5a\u4eba\u53e3\u611f\u300f"
        },
        {
            "id": "jaHZJTDyhUQ",
            "title": "\u3010\u72e0\u611b\u6f14\u3011\u5343\u842c\u8f4e\u8eca\u81ea\u5df1\u6539\uff0c\u6210\u54c1\u8d85\u5962\u83ef\u300e\u8dcc\u7834\u5c08\u5bb6\u773c\u93e1\u300f"
        },
        {
            "id": "PESf11xwUA0",
            "title": "\u3010\u72e0\u611b\u6f14\u3011\u76f2\u6e2c\u725b\u6392\uff01A5\u548c\u725b VS \u591c\u5e02\u725b\u6392\u300e\u5718\u968a\u5dee\u9ede\u7834\u7522\u300f"
        },
        {
            "id": "0aUd__Hw1Qg",
            "title": "\u3010\u72e0\u611b\u6f14\u3011\u8d85\u795e\u5947\u6c7d\u6c34\u676f\uff0c\u5bcc\u8c6a\u5fc5\u5099\u300e\u50f9\u683c\u4e0d\u83f2\u300f"
        },
        {
            "id": "cCdVorGNvjc",
            "title": "\u3010\u72e0\u611b\u6f14\u3011\u4e00\u65e5\u8521\u6843\u8cb4\uff0c\u4e8c\u4f2f2.0\u300e\u963f\u560e\u5dee\u9ede\u5347\u5929\u300fft.\u8521\u963f\u560e"
        },
        {
            "id": "HH65s3wcszQ",
            "title": "\u3010\u72e0\u611b\u6f14\u3011\u6253\u7206\u53f0\u7063\u4e09\u5927\u5996\u602a\uff01\u300e\u904e\u7a0b\u8d85\u7cbe\u5f69\uff01\u300f"
        },
        {
            "id": "TJyIISYMQxQ",
            "title": "\u3010\u72e0\u611b\u6f14\u3011\u5de8\u5927\u8349\u8393\u5927\u798f\uff0c\u585e\u6eff200\u9846\u8349\u8393\u300e\u64c1\u6709\u9a5a\u4eba\u7f8e\u5473\u300f"
        },
        {
            "id": "vQRzwsP7D34",
            "title": "\u3010\u72e0\u611b\u6f14\u301120\u500d\u5927\u4e0d\u6c42\u4eba\uff0c\u6293\u80cc\u795e\u5668\u300e\u516c\u5712\u963f\u4f2f\u723d\u7ffb\u5929\u300f"
        },
        {
            "id": "N38iltYcFWY",
            "title": "\u3010\u72e0\u611b\u6f14\u3011\u7db2\u7d05\u53c3\u9078\u7acb\u59d4\uff0c\u73fe\u5834\u4e00\u5ea6\u5931\u63a7\u300e\u8d85\u72c2\u653f\u898b\u767c\u8868\u300f"
        },
        {
            "id": "t2TPPNStchM",
            "title": "\u3010\u72e0\u611b\u6f14\u3011\u82ac\u9054\u6c7d\u6c34\u8089\u71e5\u98ef\uff0c\u985b\u8986\u5473\u857e\u300e\u4f60/\u59b3\u503c\u5f97\u5728\u5bb6\u8a66\u8a66\u300f"
        },
        {
            "id": "YZWca9FRgLA",
            "title": "\u3010\u72e0\u611b\u6f14\u3011\u5de8\u4eba\u65cf\u58fd\u53f8\uff0c50\u500d\u5927\u300e\u820c\u5c16\u767c\u5149\u300f"
        },
        {
            "id": "uCGAfqeNHFk",
            "title": "\u3010\u72e0\u611b\u6f14\u3011\u4e09\u5927\u81f4\u547d\u9b54\u8853\u5e2b\uff0c\u8b93\u8a55\u5be9\u90fd\u50bb\u773c\u300e\u8acb\u52ff\u6a21\u4eff\uff01\u300f"
        },
        {
            "id": "m3SESV0SBKY",
            "title": "\u3010\u72e0\u611b\u6f14\u3011\u65b0\u795e\u9d70\u4fe0\u4fb6\uff0c\u91cd\u91cf\u7d1a\u5361\u53f8\u6f14\u51fa\u300e\u5168\u7403\u7368\u5bb6\u64ad\u653e\u300f"
        },
        {
            "id": "HUQasntfMJs",
            "title": "\u3010\u72e0\u611b\u6f14\u3011\u5316\u8eab\u97d3\u570b\u6b50\u5df4\uff0c\u984f\u503c\u8d85\u9707\u64bc\u300e\u76f4\u63a5\u51fa\u9053\u300f"
        },
        {
            "id": "g9rNya7835E",
            "title": "\u3010\u72e0\u611b\u6f14\u3011\u8d85\u7206\u7b11\uff01\u50f9\u5dee20\u500d\u4ea4\u63db\u79ae\u7269\u300e\u62bd\u5230\u76f4\u63a5\u723d\u6b7b\u300f"
        },
        {
            "id": "6xEyx63R4Zc",
            "title": "\u3010\u72e0\u611b\u6f14\u30112015\u5f71\u7247\u56de\u9867\uff01\u4f60\u771f\u7684\u4e86\u89e3\u72e0\u611b\u6f14\u55ce\uff1f\u300e\u5916\u8868\u5dee\u9019\u9ebc\u591a\u300f"
        },
        {
            "id": "uFj1f8SIgnk",
            "title": "\u3010\u72e0\u611b\u6f14\u3011\u5927\u9598\u87f9\u7834\u842c\u5957\u9910\uff01\u87f9\u9ec3\u62cc\u98ef\uff0c\u5927\u9598\u87f9\u8591\u6bcd\u9d28\u300e\u7834\u7522\u7f8e\u98df\u300f"
        },
        {
            "id": "zT_2LKPp4S0",
            "title": "\u3010\u72e0\u611b\u6f14\u3011\u4e16\u754c\u9802\u5c16\u8dd1\u9177\u9078\u624b\uff01\u5927PK\u300e\u6bcf\u4f4d\u90fd\u662f\u795e\u4eba\u7b49\u7d1a\u300f"
        },
        {
            "id": "DAnWxGt5lDM",
            "title": "\u3010\u72e0\u611b\u6f14\u3011\u4e09\u7a2e\u571f\u8c6a\u86cb\u9905\uff0c\u5403\u4e00\u53e3\u8b93\u4f60\u7aae\u4e09\u5e74\u300e\u5168\u7403\u6700\u7a00\u7f55\u300f"
        },
        {
            "id": "KJbk-kLc77s",
            "title": "\u3010\u72e0\u611b\u6f14\u3011\u6574\u4eba\u58fd\u53f8\u5e97\uff0c\u5929\u624d\u5e2b\u5085\u96b1\u85cf\u7248\u83dc\u55ae\u300e\u5dee\u9ede\u5347\u5929\u300f"
        },
        {
            "id": "BHo4n0yUVaQ",
            "title": "\u3010\u72e0\u611b\u6f14\u3011\u4e0a\u7206\u5343\u5343\u5bb6\u5ec1\u6240\uff0c\u6975\u9650\u751f\u5b5824\u5c0f\u6642\u300e\u5403\u5230\u60f3\u56de\u5bb6\u300ffeat.\u5343\u5343"
        },
        {
            "id": "HNejgt4ZlSI",
            "title": "\u3010\u72e0\u611b\u6f14\u3011\u5de8\u7121\u9738\uff01\u97d3\u570b\u8d77\u53f8\u70b8\u71b1\u72d7\u300e\u88e1\u9762\u6709\u6c92\u6709\u719f\uff1f\u300f"
        },
        {
            "id": "1F-t2lbxuDA",
            "title": "\u3010\u72e0\u611b\u6f14\u3011\u7a81\u8972\u963f\u6ef4\u8fa6\u516c\u5ba4\uff0c\u8fce\u5a36\u6ef4\u59b9\u300e\u6975\u9650\u751f\u5b5824\u5c0f\u6642\u300fft.\u963f\u6ef4"
        },
        {
            "id": "TzudNuxlzsU",
            "title": "\u3010\u72e0\u611b\u6f14\u3011\u5abd\u5abd\u9a0e\u8d85\u5c41\u8173\u8e0f\u8eca\u8cb7\u83dc\uff0c\u6cbf\u8def\u958b\u97f3\u97ff\u55e8\u7206\u300e\u8d85\u7f9e\u6065\u300f"
        },
        {
            "id": "5lYdhlNlXiw",
            "title": "\u3010\u72e0\u611b\u6f14\u3011\u6b63\u6e2f\u5c4f\u6771\u7f8e\u98df\uff0c\u72e0\u611b\u6f14\u79c1\u85cfTOP5\u300e\u5de7\u9047\u653f\u5546\u540d\u4eba\u300f"
        },
        {
            "id": "B0k2KHV3Kf0",
            "title": "\u3010\u72e0\u611b\u6f14\u3011\u70cf\u514b\u862d\u5973\u53cb\uff01\u8a66\u5403\u53f0\u7063\u6050\u6016\u7f8e\u98df\u300e\u5687\u5230\u5471\u5471\u53eb\u300f"
        },
        {
            "id": "xy5AdnEGGIk",
            "title": "\u3010\u72e0\u611b\u6f14\u3011\u5728\u9109\u4e0b\u6253\u9020\u8c6a\u83ef\u6cf3\u6c60\u8db4\uff0c\u919c\u5973\u71b1\u821e\u4e3b\u4eba\u66b4\u6012\u300e\u5713\u5922\u8a08\u756b\u300f"
        },
        {
            "id": "HEDOmjxVcG4",
            "title": "\u3010\u72e0\u611b\u6f14\u3011\u5de8\u5927\u9f8d\u81bd\u77f3\u6591\uff0c\u50f9\u503c\u7834\u5104\u300e\u5dee\u9ede\u6210\u70ba\u5eda\u795e\u300f"
        },
        {
            "id": "tIomEdQE0kY",
            "title": "\u3010\u72e0\u611b\u6f14\u3011\u795e\u5947\u9ad8\u8173\u676f\uff0c\u77ac\u9593\u6539\u8b8a\u9152\u7cbe\u6fc3\u5ea6\uff01\u300e\u9802\u7d1a\u85dd\u8853\u9957\u5bb4\uff01\u300f"
        },
        {
            "id": "gskvLv95O_E",
            "title": "\u3010\u72e0\u611b\u6f14\u3011\u5403\u6574\u584a\u5927\u8702\u5de2\uff0c\u52a0\u9bae\u5976\u8d85\u9a5a\u4eba\uff01\u300e\u5e02\u503c\u8d85\u9a5a\u4eba\uff01\u300f"
        },
        {
            "id": "ovKuiep0cbo",
            "title": "\u3010\u72e0\u611b\u6f14\u3011\u4f4f\u5b85\u6539\u9020\u738b\uff0c\u4ea4\u4e0d\u5230\u5973\u53cb\u7684\u5bb6\u300e\u5713\u5922\u8a08\u756b\u300f"
        },
        {
            "id": "FrYAyc5N0iA",
            "title": "\u3010\u72e0\u611b\u6f14\u3011\u5fc5\u6bba\u4e09\u62db\uff01\u6559\u4f60\u6210\u70ba\u578b\u7537\u300e\u9577\u76f8\u7d55\u5c0d\u4e0d\u662f\u554f\u984c\u300f"
        },
        {
            "id": "DeBte6p_KxA",
            "title": "\u3010\u72e0\u611b\u6f14\u3011\u7e3d\u50f9\u8d85\u904e30\u842c\uff01\uff1f\u4e16\u754c\u6700\u6602\u8cb4\u706b\u934b\u300e\u5962\u83ef\u521d\u9ad4\u9a57\u300f"
        },
        {
            "id": "iUHfSGkDkPE",
            "title": "\u3010\u72e0\u611b\u6f14\u3011200\u767c\u62c9\u70ae\uff0c\u4e00\u6b21\u767c\u5c04\uff01\u300c\u9ad4\u9a57\u5de8\u5927\u7206\u7834\u300d"
        },
        {
            "id": "Vwyt-VtHEVY",
            "title": "\u3010\u72e0\u611b\u6f14\u3011\u65b0\u6d41\u661f\u82b1\u5712\u7b2c\u4e8c\u96c6\uff0c\u8d85\u731b\u5361\u53f8\u518d\u5ea6\u56de\u6b78\u300e\u9707\u64bc\u5168\u4e16\u754c\u300f"
        },
        {
            "id": "cZxOnKx37B4",
            "title": "\u3010\u72e0\u611b\u6f14\u3011\u76f2\u773c\u9935\u98df\u6bd4\u8cfd\uff0c\u80e1\u6912\u7684\u707d\u96e3\u300e\u5634\u5df4\u5728\u54ea\u88e1\u300f"
        },
        {
            "id": "czcKF4izG6k",
            "title": "\u3010\u72e0\u611b\u6f14\u3011100\u842cQA\uff0c\u4e0d\u7d05\u4e86\u600e\u9ebc\u8fa6 \u300c\u5176\u5be6\u662f50\u842cQA\u300d"
        },
        {
            "id": "PDs36AjwUYk",
            "title": "\u3010\u72e0\u611b\u6f14\u3011\u5730\u7344\u7d1a\uff01\u65b7\u9b42\u6912\u706b\u934b\ud83d\udd25\u300e\u9802\u5f97\u4f4f\u55ce\u300f"
        },
        {
            "id": "5RDkJFUdMFM",
            "title": "\u3010\u72e0\u611b\u6f14\u3011\u81f4\u547d\u6c34\u69cd\u5927\u6230\uff0c\u8ab0\u6703\u52dd\u51fa\u300e\u590f\u65e5\u5927\u6230\u300f"
        },
        {
            "id": "YXYLGa1FO7U",
            "title": "\u3010\u72e0\u611b\u6f14\u3011\u90b0\u54e5\u4e00\u65e5\u7279\u52a9\uff0c\u662f\u5e78\u798f\u9084\u662f\u5922\u9b58\u300e\u5e36\u4f60\u7368\u5bb6\u76f4\u64ca\u300f"
        },
        {
            "id": "s0ClZW527uA",
            "title": "\u3010\u72e0\u611b\u6f14\u3011100\u500d\u5de8\u5927\u9d15\u9ce5\u6ef7\u96de\u817f\uff0c\u71ac\u716e\u5341\u5c0f\u6642\u300e\u5927\u5230\u61f7\u7591\u4eba\u751f\u300f"
        },
        {
            "id": "ZbqA-7QVaBg",
            "title": "\u3010\u72e0\u611b\u6f14\u3011\u7a81\u64ca\u6b63\u59b9\u5eda\u623f\uff0c\u716e\u7206\u59b3\u5bb6\u300e\u8655\u7537\u7684\u5473\u9053\u300f"
        },
        {
            "id": "zQSZ7jPy6Sc",
            "title": "\u3010\u72e0\u611b\u6f14\u3011\u76f4\u63a5\u5403\u7206\uff01\u4e00\u584a\u50f9\u503c\u5169\u842c\u5143\u5de8\u65a7\u725b\u6392\u300e\u9707\u9a5a\u7f8e\u98df\u754c\u300f"
        },
        {
            "id": "bbylOUZJI_A",
            "title": "\u3010\u72e0\u611b\u6f14\u3011\u5be6\u6e2c\u4e16\u754c\u7d1a\uff0c\u4e94\u7a2e\u597d\u7761\u6795\u982d\u300e\u5973\u53cb\u7968\u9078\u6700\u8212\u670d\u300f"
        },
        {
            "id": "Zicvt7PcecM",
            "title": "\u3010\u72e0\u611b\u6f14\u3011\u661f\u7a7a\u9152\uff01\u559d\u4e0b\u6574\u500b\u9280\u6cb3\u7cfb\u300e\u6d3e\u5c0d\u795e\u5668\u300f"
        },
        {
            "id": "bMpD1jEMftI",
            "title": "\u3010\u72e0\u611b\u6f14\u3011\u6dbc\u611f\u7af6\u8cfd\uff0c\u96fb\u98a8\u6247\u5927\u6539\u9020\u300e\u8d85\u7206\u7b11XD\u300f"
        },
        {
            "id": "HDQ3AyWTDXw",
            "title": "\u3010\u72e0\u611b\u6f14\u3011\u89aa\u8eab\u7d93\u6b77\u9b3c\u6545\u4e8b\uff0c\u9a5a\u898b\u9748\u7570\u7167\u7247\uff01\uff01\u300e\u5305\u4f60\u5687\u7834\u81bd\u300f"
        },
        {
            "id": "qAx-RY0BW3E",
            "title": "\u3010\u72e0\u611b\u6f14\u3011\u5de8\u578b\u85af\u9905\uff0c\u6bd4\u9ea5\u7576\u52de\u592750\u500d\u300e\u9707\u64bc\u4eba\u985e\u8996\u89ba\u300f"
        },
        {
            "id": "vGOLrxm7jr0",
            "title": "\u3010\u72e0\u611b\u6f14\u30115\u7a2e\u9152\u716e\u8766\uff0c\u6f6e\u6d41\u716e\u6cd5\u300e\u5403\u51fa\u8d85\u72c2\u6ecb\u5473\u300f"
        },
        {
            "id": "NCqWXMKBKqE",
            "title": "\u3010\u72e0\u611b\u6f14\u30113\u5206\u9418\u6210\u70ba\u5b78\u554f\u6559\u7236\uff0c\u5e79\u8a71\u5c0f\u6559\u5ba4\u300e\u5927\u5bb6\u5b78\u8d77\u4f86\u300f"
        },
        {
            "id": "kosvt0cOKEc",
            "title": "\u3010\u72e0\u611b\u6f14\u3011\u65b0\u6d41\u661f\u82b1\u5712\uff0c\u8d85\u731b\u6f14\u54e1\u5361\u53f8\u300e\u7d93\u5178\u91cd\u73fe\u300f"
        },
        {
            "id": "I8x0jWz7YkU",
            "title": "\u3010\u72e0\u611b\u6f14\u3011\u91d1\u6c99\u70b8\u6c34\u9903\uff0c5\u7a2e\u5de7\u514b\u529b\u8a55\u6bd4\uff01\u300e\u6697\u9ed1\u6599\u7406\uff1f\u300f"
        },
        {
            "id": "hQYMaAEmVu8",
            "title": "\u3010\u72e0\u611b\u6f14\u3011\u9ad4\u9a57\u4e00\u65e5\u5927\u6b63\u59b9\u751f\u6d3b\uff0c\u771f\u7684\u6709\u5de5\u5177\u4eba\u55ce\uff1f\u300e\u5167\u6709\u96b1\u85cf\u6b63\u59b9\u300f"
        },
        {
            "id": "mKdo3HMX7Rs",
            "title": "\u3010\u72e0\u611b\u6f14\u3011\u4e94\u7a2e\u6050\u6016\u6ce1\u9eb5\u6e6f\u5e95\uff0c\u8acb\u52ff\u8f15\u6613\u6a21\u4eff\u300e\u5403\u5230\u61f7\u7591\u4eba\u751f\u300f"
        },
        {
            "id": "xhrDvvf0gOY",
            "title": "\u3010\u72e0\u611b\u6f14\u3011\u5c0b\u627e\u5357\u90e8\u6700\u6b63\u6d17\u982d\u59b9\uff0cTop5\u300e\u7adf\u9047\u5230\u86c7\u4e38\u521d\u6200\uff1f\u300f"
        },
        {
            "id": "0N-Q5Lpki6I",
            "title": "\u3010\u72e0\u611b\u6f14\u3011\u5341\u5927\u4eba\u7269\uff01\u6821\u5712\u9b45\u529b\u7968\u9078\u300e\u7d50\u679c\u592a\u9a5a\u4eba\u300fft. \u963f\u6ef4 , \u9177\u70ab , \u5b6b\u5b89\u4f50 , \u963f\u5091 , \u5927\u86c7\u4e38 , \u6ce2\u7279\u738b , \u653e\u706b , \u8001\u4eba\u8207\u72d7 , \u725b\u6392 , \u80e1\u6912"
        },
        {
            "id": "V7RTt_i9nW4",
            "title": "\u3010\u72e0\u611b\u6f14\u3011\u92b7\u9b4230\u516c\u65a4\uff01\u5de8\u7121\u9738\u6d77\u9bae\u4e3c\u300e\u5403\u7206\u8377\u5305\u300f"
        },
        {
            "id": "XUwX1Jer6hI",
            "title": "\u3010\u72e0\u611b\u6f14\u301115\u5e74\u9ed8\u5951\u5927\u8003\u9a57\uff0c\u8ab0\u80fd\u7368\u5f97\u4e00\u591c\u6625\u5bb5\u300e\u5927\u5bb6\u55e8\u8d77\u4f86\u300f"
        },
        {
            "id": "nT2J76IsFiU",
            "title": "\u3010\u72e0\u611b\u6f14\u3011\u7834\u89e3\u8ff7\u601d\uff01\uff01\u6311\u6230\u516c\u5712\u68cb\u624b\u300e\u68cb\u9f61\u9ad8\u905478\u5e74\u300f"
        },
        {
            "id": "cElPHF3O0w4",
            "title": "\u3010\u72e0\u611b\u6f14\u3011\u4e09\u7a2e\u9ad8\u9152\u7cbe\u7206\u7c73\u82b1\uff0c\u4e00\u5403\u5c31\u4e0a\u766e\u300e\u770b\u96fb\u5f71\u5fc5\u5e36\u8056\u54c1\u300f"
        },
        {
            "id": "3nm53d9L_I4",
            "title": "\u3010\u72e0\u611b\u6f14\u3011300\u78c5\u80a5\u5b85\u7684\u4e00\u5929\uff0c\u4f60\u4e00\u5b9a\u60f3\u50cf\u4e0d\u5230\u300e\u7528\u751f\u547d\u5728\u904e\u65e5\u5b50\u300f"
        },
        {
            "id": "1WH6x2ibOU4",
            "title": "\u3010\u72e0\u611b\u6f14\u3011\u8ab0\u624d\u662f\u76f2\u6e2c\u5927\u795e\uff0c\u6ef4\u59b9\u5c0d\u6c7a\u9ad8\u5c4f\u592a\u5b50\uff01\u300e\u6230\u6cc1\u706b\u7206\u6fc0\u70c8\u300fft.\u6ef4\u59b9"
        },
        {
            "id": "EN8tZCGX-J8",
            "title": "\u3010\u72e0\u611b\u6f14\u3011\u91cd\u8981\u516c\u544a\uff01\u6211\u5011\u767b\u4e0a\u570b\u969b\u96dc\u8a8c\u4e86\u300e\u6b63\u5f0f\u9032\u5165\u6642\u5c1a\u5708\u300f"
        },
        {
            "id": "rrOeDHVK6QQ",
            "title": "\u3010\u72e0\u611b\u6f14\u3011\u8eba\u5728100\u96bb\u5c16\u53eb\u96de\u4e0a\u7761\u89ba\uff0c\u5435\u5230\u9130\u5c45\u8981\u5831\u8b66\uff01\u300e\u6574\u500b\u8d85\u7d1a\u9b27\u300f"
        },
        {
            "id": "jjgqe4O3rXQ",
            "title": "\u3010\u72e0\u611b\u6f14\u3011\u9738\u6c23\u7e3d\u88c1\u7d55\u7f8e\u7d04\u6703\uff0c\u723d\u958b\u5343\u842c\u540d\u8eca\u300e\u82b1\u9322\u4e0d\u624b\u8edf\u300f"
        },
        {
            "id": "BZVTUkApXkk",
            "title": "\u3010\u72e0\u611b\u6f14\u3011\u81ea\u88fd\u8d85\u9ad8\u7d1a\u6236\u5916\u6309\u6469\u6d74\u7f38\uff0110\u500d\u653e\u5927\u300e\u4eba\u751f\u6700\u723d\u4eab\u53d7\u300f"
        },
        {
            "id": "XWP_5Kay8xM",
            "title": "\u3010\u72e0\u611b\u6f14\u3011\u5176\u5be6\u6211\u5011\u90fd\u662f\u795e\u9078\u4e4b\u4eba\uff0c\u8d85\u9707\u64bc\uff01\uff01\u300e\u4e16\u7d00\u79d8\u5bc6\u5927\u516c\u958b\u300f"
        },
        {
            "id": "h2ubrXonwwY",
            "title": "\u3010\u72e0\u611b\u6f14\u3011\u5168\u7403\u6700\u5927\u90e8\u968a\u934b\uff0c20\u4eba\u4efd\u300e\u5403\u5230\u6c92\u660e\u5929\u300f"
        }
    ]
}