{
    "channel": {
        "title": "\u8521\u963f\u560eLife",
        "id": "UCtcaZ5FUqaNXGX6xhpiGPQA",
        "customUrl": "@tsaiagalife",
        "uploads": "UUtcaZ5FUqaNXGX6xhpiGPQA"
    },
    "videos": [
        {
            "id": "nK22eFyNvOg",
            "title": "\u3010\u6c92\u6709\u8521\u963f\u560e\u7684Vlog\u3011\u6d2a+0\u5b97\u7ff0\u5bb6\u65cf\u65c5\u904a\uff1a\u518d\u95d6\u97d3\u570b\u6fdf\u5dde\u5cf6\uff01\u6c92\u560e\u54e5\u6703\u6709\u9ede\u95b1\u55ce\uff1f"
        },
        {
            "id": "NXaC2lHzHVc",
            "title": "\u3010\u5916\u9001\u5230\u5357\u6295\u504f\u9109\u3011\u8521\u963f\u560e\u5713\u5922\u4f01\u5283\uff1a\u5e6b\u5b69\u5b50\u5011\u5be6\u73fe\u9858\u671b\uff01"
        },
        {
            "id": "KI17E5Pbi1M",
            "title": "\u3010\u8521\u963f\u560e\u65b0\u624b\u7238\u5abd\u65e5\u8a18#75\u3011\u82b1\u84eeVlog\uff01\u8521\u6843\u8cb4\u3001\u8521\u6ce2\u80fd\u7b2c\u4e00\u6b21\u8e0f\u4e0a\u82b1\u84ee\u5c31\u611b\u4e0a\uff01"
        },
        {
            "id": "qhJFKlNLZuc",
            "title": "\u5e36\u5916\u570b\u4eba\u7b2c\u4e00\u6b21\u5403\u53f0\u7063\u98df\u7269\uff0c\u8b1d\u8b1d\u4f60\u5011\u559c\u6b61\u53f0\u7063\uff01\ud83d\ude18 #shorts #Taiwan #\u8521\u963f\u560e"
        },
        {
            "id": "fcEbYVpt39o",
            "title": "\u662f\u771f\u7684\uff01\u4e00\u862d\u62c9\u9eb5\u5c0f\u670b\u53cb\u53ef\u4ee5\u514d\u8cbb\u5403\u4e00\u7897\uff01 #\u64bf\u4fbf\u5b9c\u5927\u5e2b #\u8521\u963f\u560e #shorts"
        },
        {
            "id": "4AemtPbAYbQ",
            "title": "\u661f\u5df4\u514b\u5167\u7528\u7e8c\u676f7\u6298\u3001\u6f22\u5821\u738b\u5496\u5561\u7e8c\u676f\u4e0d\u7528\u9322\uff01\u8d85\u7701\u512a\u60e0\u5feb\u7b46\u8a18\u8d77\u4f86\u4f60\u5404\u4f4d\u554a\uff01#shorts #\u64bf\u4fbf\u5b9c\u5927\u5e2b #\u8521\u963f\u560e"
        },
        {
            "id": "Cke7zNp9eE8",
            "title": "\u3010\u64bf\u4fbf\u5b9c\u5927\u5e2b#13\u301180\uff05\u7684\u4eba\u90fd\u4e0d\u77e5\u9053\u7684\u9023\u9396\u5e97\u8d85\u96b1\u85cf\u512a\u60e0\uff1a\u661f\u5df4\u514b\u3001\u6f22\u5821\u738b\u3001COCO\u300150\u5d50\u3001\u4e00\u862d\u62c9\u9eb5\u3001Uniqlo"
        },
        {
            "id": "M06lVtvMdCQ",
            "title": "\u3010\u4e00\u500b\u6708\u79df\u91d150\u842c\u3011400\u576a\u7684hahababy\u65b0\u5009\u5eab\u66dd\u5149\uff01\u3010\u8521\u963f\u560eLife\u3011"
        },
        {
            "id": "KqyZ2IuJTjU",
            "title": "\u8d85\u795e\uff01\u8df3\u8eca\u7a97\u7d55\u6280\uff01\ud83d\ude0e #shorts #trick #\u8521\u963f\u560e"
        },
        {
            "id": "VVjsupZGLAs",
            "title": "\u97d3\u570b\u963f\u73e0\u5b24\u7684\u5012\u5564\u9152\u7d55\u6280\uff01\u597d\u7c21\u55ae\ud83d\ude0e #shorts #korea #\uc544\uc90c\ub9c8 #koreanfood #\u8521\u963f\u560e"
        },
        {
            "id": "Ybc6xpRRPlQ",
            "title": "Joe\u662f\u8981\u560e\u4f60\u5c0d\u6c7a\uff1a\u560e\u54e5VS\u65b0\u526a\u63a5\u5e2b\u9edb\u897f\u8001\u5e2b\uff0c\u8ab0\u63a8\u85a6\u7684\u300c\u6771\u4eac\u65b0\u7f8e\u98df\u300d\u6bd4\u8f03\u597d\u5403\uff1f"
        },
        {
            "id": "m461X_g0PIo",
            "title": "\u540c\u5b78\uff01\u560e\u54e5\u6559\u4f60\u8df3\u73fe\u5728\u5fc5\u5b78\u7684\uff1a\u61f8\u6d6e\u6ed1\u6b65\uff01#slipback #shorts #\uc2ac\ub9ad\ubc31"
        },
        {
            "id": "18O3E9kXcNY",
            "title": "\u5e36\u8ca8\u76f4\u64ad\u5230\u4e00\u534a\uff0c\u50b5\u4e3b\u885d\u9032\u4f86\u7206\u6253\uff01#shorts #\u912d\u9999\u9999 #\u8521\u963f\u560e"
        },
        {
            "id": "2QtJFPmEjYI",
            "title": "\u26a0\ufe0f\u5168\u53f0\u6700\u4fbf\u5b9c\u9eb5\u5305\u5e97\uff1a\u901a\u901a10\u5143\u8cb710\u518d\u90011\uff01#shorts #\u64bf\u4fbf\u5b9c\u5927\u5e2b"
        },
        {
            "id": "0-9EHrzLDmY",
            "title": "\u53ea\u898110\u5143\u7684\u9b6f\u8089\u98ef\uff0c\u5168\u53f0\u7063\u9019\u4e09\u5bb6\u5fc5\u9808\u5403\u8d77\u4f86\uff01#shorts #\u64bf\u4fbf\u5b9c\u5927\u5e2b"
        },
        {
            "id": "zAgKJlVjW28",
            "title": "\u3010\u64bf\u4fbf\u5b9c\u5927\u5e2b#12\u3011\u5168\u53f0\u7063\u82b110\u5143\u5c31\u80fd\u5403\u98fd\u5927\u641c\u67e5\uff01\u9b6f\u8089\u98ef.\u9eb5\u5305.\u9e79\u7ca5.\u9ed1\u8f2a\u901a\u901a10\u5143\uff01"
        },
        {
            "id": "Bf2W6Vf6Dus",
            "title": "\u4fdd\u8b49\u99ac\u4e0a\u5f97\u7f6a\u8001\u5a46\u7684\u65c5\u904a\u77ed\u5f71\u97f3\uff01\ud83d\ude18 #shorts #JAPAN #OSAKA"
        },
        {
            "id": "PlrHuyfBs8I",
            "title": "\u3010\u958b\u7bb1\u3011\u6d2a+0\u8cb7\u7279\u65af\u62c9ModelY\u5566\uff01\u7b2c\u4e00\u6b21\u4e0a\u8def\u6e2c\u8a66\u65b0\u8eca\u8010\u4e0d\u8010\u649e\uff1f"
        },
        {
            "id": "cdWx1yqpSOc",
            "title": "\u4e09\u4ee3\u540c\u5802\u73a9\u6771\u4eac\u4e03\u5929\uff0c\u5728\u96f2\u9704\u98db\u8eca\u4e0a\u770b\u5bcc\u58eb\u5c71\uff01\u3010\u8521\u963f\u560eLife\u3011"
        },
        {
            "id": "it1GAsGm1H0",
            "title": "\u3010\u8521\u6843\u8cb4\u6210\u9577\u65e5\u8a18# 112\u3011\u7c73\u5bf6\u5f8c\u5bae\u50b3\uff1a\u6ce2\u80fdvs\u6843\u8cb4\uff0c\u4e00\u8d77\u9577\u5927\u7684\u9752\u6885\u7af9\u99ac\uff01"
        },
        {
            "id": "_QsY4I3Ms4w",
            "title": "\u3010\u54c8\u4f5b\u5de5\u4f5c\u5ba4\u5531\u6b4c\u6709\u5920\u760b\u3011\u5de5\u4f5c\u58d3\u529b\u8d85\u5927\uff1f\u62ff\u5230\u9ea5\u514b\u98a8\u5c31\u8b8a\u4e00\u500b\u4eba\uff01"
        },
        {
            "id": "BYMnd-fyv7Y",
            "title": "\u6211\u4ee5\u70ba\u7684\u704c\u7c43\u2026\u600e\u9ebc\u90fd\u4e0d\u4e00\u6a23\uff01\ud83d\ude31 #memes #slamdunk #shorts #\u8521\u6843\u8cb4 #\u8521\u6ce2\u80fd #\u8521\u963f\u560e"
        },
        {
            "id": "5_k7uk8SxXo",
            "title": "\u560e\u54e5\u4e8c\u4f2f\u5e36\u8def\u8cb7#3\uff1a\u65e5\u672c10\u5927\u5fc5\u8cb7\u65e5\u7528\u54c1\uff01\u8a18\u5f97\u63a1\u8cfc\u56e4\u8ca8\u56e4\u8d77\u4f86\uff01\u3010\u8521\u963f\u560eLife\u3011"
        },
        {
            "id": "aA724eIsp6o",
            "title": "\u505a\u86cb\u7cd5\u62b9\u9762\u597d\u7642\u7652\u597d\u7c21\u55ae\uff01#\u8521\u963f\u560e #shorts #cake #cakedecorating #cakedecoration"
        },
        {
            "id": "wGFFT0JsgYw",
            "title": "\u3010\u8521\u963f\u560e\u5730\u7344\u5eda\u623f#20\u3011\u6d2a+0\u81ea\u5df1\u9ede\u9910\u5750\u6708\u5b50\uff01\u4e8c\u4f2fPK\u963f\u7168\u5e2b\uff0c\u8ab0\u624d\u80fd\u6293\u4f4f\u6d41\u91cf\u5bc6\u78bc\u7684\u80c3\uff1f"
        },
        {
            "id": "cneJFBlxIMk",
            "title": "\u8ddf\u72d7\u72d7\u73a9\u597d\u7642\u7652\uff01#puppy #dog #\u8521\u963f\u560e #shorts"
        },
        {
            "id": "tNpFSCfkEnA",
            "title": "\u3010\u72c2\u8cc0\u3011\u4e8c\u4f2f\u5e36hahababy\u9032\u8ecd7-ELEVEN\u5566\uff01\u8cb7\u4e00\u9001\u4e00\u8d85\u4f5b\u5fc3\uff01"
        },
        {
            "id": "bgsvNvTd374",
            "title": "\u6163\u8001\u95c6\u60f3\u8981\u4e03\u9f8d\u73e0\u806f\u540d\u9ea5\u7576\u52de\uff1fOK\u4f7f\u547d\u5fc5\u9054\uff01#dragonball #McDonalds #\u8521\u963f\u560e #shorts"
        },
        {
            "id": "MsusC7oxhBg",
            "title": "\ud83d\ude31\u4ed6\u6c92\u6709\u7d81\u4efb\u4f55\u7e69\u5b50\u5b89\u5168\u5e36\u8036\uff01#\u6c34\u4e0a\u98db\u4eba #\u8521\u963f\u560e #shorts #flyboard"
        },
        {
            "id": "-JB8ayOC96k",
            "title": "\u3010\u600e\u9ebc\u53ef\u80fd\u6c92\u53bb\u904e#4\uff1a\u82b1\u84ee\u3011\u8d85\u723d\u54c8\u4f5b\u5de5\u4f5c\u5ba4\uff0c\u4e0a\u73ed\u6642\u9593\u8001\u95c6\u5e3640\u4eba\u53bb\u9b3c\u6df7\u5169\u5929\uff01"
        },
        {
            "id": "5i1jRwotgJI",
            "title": "\u7528\u99ac\u6876\u6d17\u76e4\u5b50\u7684\u8070\u660e\u65b9\u6cd5\uff01wash dishes by toilet #\u8521\u963f\u560e #shorts"
        },
        {
            "id": "KMkCG1AaWs4",
            "title": "iPhone15\u300114\u300113\u6b98\u9177\u5be6\u62cd\uff0c\u5f37\u70c8\u5efa\u8b70\u5973\u751f\u8cb7\u9019\u96bb\uff01\u3010\u8521\u963f\u560e\u4e0d\u5c08\u696d\u958b\u7bb1\u3011"
        },
        {
            "id": "Hraee9uJ-u4",
            "title": "\u8981\u9019\u6a23\u62ffiPhone15\u624d\u79cb\u5566\uff01so cocky\uff01#iPhone15 #iPhone15promax #\u8521\u963f\u560e #shorts"
        },
        {
            "id": "IXFBQD1Rqzc",
            "title": "\u8ddf\u8457\u863f\u62c9\u901b\u8857\u4e00\u5929\uff0c\u59d0\u90fd\u662f\u9019\u6a23\u8cb7\u7cbe\u54c1\u5305\u5305\u7684\u5566\uff01\u3010\u8521\u963f\u560eLife\u3011"
        },
        {
            "id": "kXDHtCsJIO8",
            "title": "\u3010\u7db2\u53cb\u6572\u7897#4\u3011\u560e\u54e5\u6536\u884c\u674e\u6559\u5b78\uff0c\u51fa\u570b7\u5929\u4efd\u884c\u674e\u4e00\u5c0f\u6642\u5167\u641e\u5b9a\uff01"
        },
        {
            "id": "QMwWgg_4NVc",
            "title": "\u9ea5\u7576\u52de\u7684\u8070\u660e\u65b0\u5403\u6cd5\uff01McDonald's new ideal #\u8521\u963f\u560e #shorts"
        },
        {
            "id": "2h66S0Y3xn4",
            "title": "\u5496\u5561\u62c9\u82b1\u7c21\u55ae\u53c8\u7642\u7652\uff01Latte art Rosetta\uff01#\u8521\u963f\u560e #shorts"
        },
        {
            "id": "Pj2_lovg7_Y",
            "title": "\u3010\u76f4\u64ad\u3011\u8b1b\u8a71\u6700\u5be6\u5728\u7684\u560e\u54e5\uff1a\u4eca\u665a\u83dc\u55ae\u70b8\u8766+\u548c\u725b\uff0c\u908a\u70e4\u908a\u804a\u5929\u5566\uff01"
        },
        {
            "id": "xVWBrRAEkFM",
            "title": "\u3010\u7db2\u53cb\u6572\u7897#3\u3011\u6d2a+0\u4e5f\u4f86\u56de\u7b54100\u984cQA\uff1f\u6d41\u91cf\u5bc6\u78bc\u5c31\u662f\u6709\u8cc7\u683c\u81ea\u5df1\u4e00\u96c6\u5566\uff01"
        },
        {
            "id": "PSawvmpZzUg",
            "title": "\u3010\u53c8\u649e\u8eca\u4e86\u3011\u8521\u5b97\u7ff0\u3001\u963f\u502b\u534a\u591c\u9ad8\u901f\u516c\u8def\u649e\u8eca\u8a6d\u7570\u4e8b\u4ef6\uff01\u3010\u8521\u963f\u560eLife\u3011"
        },
        {
            "id": "Ki4yWjnurUM",
            "title": "\u554a\uff5e\u8332\u80af\u4e9e\uff01\u5abd\u5abd\u54aa\u5409\u5a03\u5a03\uff5e\ud83e\udd81\ufe0f\ud83d\udc12 #\u8521\u963f\u560e #shorts #\u8521\u6843\u8cb4"
        },
        {
            "id": "skpqxT_Rpl8",
            "title": "\u3010\u6771\u4eac5\u9593\u5fc5\u5403\u5728\u5730\u7f8e\u98df\u3011\u4fdd\u8b49\u6c92\u89c0\u5149\u5ba2\uff01\u88ab\u8521\u963f\u560e\u5beb\u9032\u6b7b\u4ea1\u65c5\u904a\u66f85\u5e74\u4e86\u9084\u5b58\u6d3b\u8457 \uff01"
        },
        {
            "id": "3Nz-LqSiSLM",
            "title": "\u708e\u4e0a\u4e8b\u4ef6\u904e\u5f8c\u63db\u500b\u98a8\u6c34\u518d\u51fa\u767c\uff0c\u5ea7\u4f4d\u5927\u98a8\u5439\u5566\uff01(\u8521\u963f\u560e+hahababy \u54c8\u4f5b\u806f\u5408\u8fa6\u516c\u5ba4\u6210\u7acb\u5927\u6703ep.04)"
        },
        {
            "id": "LyhO2IQb8gQ",
            "title": "\u3010\u54c8\u4f5b2023\u590f\u65e5\u796d\u5178#4\uff1a\u5609\u7fa9\u6700\u7d42\u7ad9\u3011\u4e8c\u4f2f\u6dda\u7051\u821e\u53f0\uff01\u54c8\u4f5b\u4e03\u6708\u534a\u5168\u54e1\u5230\u9f4a\uff0c\u6211\u5011\u4e00\u8d77\u5ea6\u904e\u4e86\u9019\u500b\u6709\u7b11\u6709\u6dda\u7684\u590f\u5929\uff01"
        },
        {
            "id": "bXb6o7bf0mo",
            "title": "\u6b38\uff01\u571f\u8033\u5176\u51b0\u6dc7\u6dcb\u8001\u95c6\u5f88\u4e0d\u914d\u5408\uff0c\u7576\u773e\u7d66\u560e\u54e5\u96e3\u770b\uff01 #\u8521\u963f\u560e #shorts"
        },
        {
            "id": "3ff2UYJaoyo",
            "title": "\u3010\u72c2\u8cc0\u3011\u6d2a+0\u751f\u7522\u5168\u8a18\u9304\uff01\u6211\u5011\u5de5\u4f5c\u5ba4\u7b2c\u4e8c\u500b\u5973\u5152\u300c\u5154\u5bf6\u300d\u5e73\u5b89\u5065\u5eb7\u964d\u81e8\uff01\u3010\u8521\u963f\u560eLife\u3011"
        },
        {
            "id": "7IsWR8H0LUg",
            "title": "\u3010\u704c\u8001\u95c6\u9152\u6700\u958b\u5fc3\u3011\u8521\u963f\u560e\u6176\u529f\u5bb4\u9583\u4e0d\u6389\u4e86\uff01\u54c8\u4f5b\u9189\u6210\u4e00\u7247\u6709\u5920\u9b27\uff01"
        },
        {
            "id": "uBpONZSmxEE",
            "title": "\u3010\u8521\u6843\u8cb4\u6210\u9577\u65e5\u8a18# 111\u3011\u653e\u5b78\u5c31\u662f\u8981\u4e00\u76f4\u73a9\u554a\uff01\u529f\u8ab2\u665a\u9ede\u518d\u8aaa\u5566\uff01"
        },
        {
            "id": "4714b7TzVHQ",
            "title": "\u560e\u54e5\u4e8c\u4f2f\u5e36\u8def\u8cb7#2\uff1a10\u5bb6\u5fc5\u901b\u670d\u98fe\u611b\u5e97\uff0c\u6771\u4eac\u8868\u53c3\u9053\u539f\u5bbf\u901b\u8857\u653b\u7565\uff01"
        },
        {
            "id": "5NRiSP7aywE",
            "title": "\u3010\u54c8\u4f5b2023\u590f\u65e5\u796d\u5178\u3011\u7b2c\u56db\u7ad9\uff1a\u5609\u7fa9\u54c8\u5c0b\u5bf6\u3002\u4e03\u6708\u534a\u54c8\u5de5\u4f5c\u5ba4\u5168\u54e1\u5230\u9f4a\uff01\u6700\u7d42\u7ad9\u7d66\u4ed6\u71b1\u71b1\u9b27\u9b27\u8d77\u4f86\uff017/29(\u516d)\u30017/30(\u65e5)"
        },
        {
            "id": "eNcVUr7EcCE",
            "title": "\u3010\u54c8\u4f5b2023\u590f\u65e5\u796d\u5178#3\uff1a\u9ad8\u96c4SKM Park\u3011\u9ad8\u96c4\u51b7\u77e5\u8b58\u738b\u51fa\u7210\uff0c\u7368\u5f97\u734e\u91d18888\u5143\uff01\u5169\u5929\u842c\u4eba\u5230\u5834\u652f\u6301\uff0c\u592a\u611f\u52d5\u4e86\uff01"
        },
        {
            "id": "W50hmjofFs8",
            "title": "\u5927\u962a3\u59292\u591c\uff0c\u5403\u98fd\u8cb7\u597d\u901b\u6eff\uff01\u3010\u8521\u963f\u560eLife\u3011"
        },
        {
            "id": "WBcahc3PXy4",
            "title": "\u3010\u5c0b\u627e\u7375\u5947\u53f0\u7063#9\u3011\u69b4\u69e4\u63a7\u4e00\u5b9a\u8981\u770b\uff01\u53f0\u7063\u5fc5\u5403\u7684\u69b4\u69e4\u62c9\u9eb5\u70b8\u8c6c\u6392\u3001\u96ea\u82b1\u51b0\u6ce1\u8299\uff0c\u901a\u901a\u90fd\u6709\u5305\u69b4\u69e4\uff01"
        },
        {
            "id": "vxeboXuV0bo",
            "title": "\u3010\u54c8\u4f5b2023\u590f\u65e5\u796d\u5178\u3011\u7b2c\u4e09\u7ad9\uff1a\u9ad8\u96c4SKM Park\uff0c7/22-7/23 \u300c\u9ad8\u96c4\u77e5\u8b58\u738b\u5927\u8cfd\u300d\u4e00\u8d77\u4f86\u722d\u596a\u842c\u5143\u734e\u91d1\uff01"
        },
        {
            "id": "SdesdupkoMo",
            "title": "\u3010\u54c8\u4f5b2023\u590f\u65e5\u796d\u5178#2\uff1a\u53f0\u4e2d\u9e97\u5bf6\u3011\u8d85\u9b27K\u6b4c\u5927\u8cfd\uff0c\u8b8a\u97f3\u6a02\u796d\u5566\uff01\u4e09\u5929\u518d\u5ea6\u6e67\u9032\u842c\u4eba\u53c3\u52a0\uff01"
        },
        {
            "id": "-okGm5LU-RI",
            "title": "\u3010\u8521\u963f\u560e39\u6b72\u751f\u65e5\u53c8\u88ab\u54e1\u5de5\u6574\u4e86\u3011\u88ab\u526a\u63a5\u5e2b\u5011\u8ddf\u8e64\u5230\u82b1\u84ee\uff0c\u7576\u72d7\u4ed4\u5077\u62cd\u4e00\u6574\u5929\u90fd\u6c92\u88ab\u8001\u95c6\u767c\u73fe\uff01"
        },
        {
            "id": "uA-CIjmMNFs",
            "title": "\u3010\u8521\u6843\u8cb45\u6b72\u751f\u65e5\u5566\u3011\u626e\u6210\u8cb4\u8cb4\u6700\u611b\u7684\u8718\u86db\u4eba\u958b\u751f\u65e5\u8db4\uff0c\u86e4\uff1f\u5df2\u7d93\u9a19\u4e0d\u4e865\u6b72\u5c0f\u5b69\u4e86\uff01"
        },
        {
            "id": "fvfEfe0IgyQ",
            "title": "\u3010\u54c8\u4f5b2023\u590f\u65e5\u796d\u5178\u3011\u7b2c\u4e8c\u7ad9\uff1a\u53f0\u4e2d\u9e97\u5bf6\uff0cK\u6b4c\u5927\u8cfd\u4f86\u4e86\uff017/14(\u4e94)-7/16(\u65e5) \u7e3d\u5171\u4e09\u5929\uff01"
        },
        {
            "id": "GIq7_Ud82e0",
            "title": "\u3010\u54c8\u4f5b2023\u590f\u65e5\u796d\u5178#1\uff1a\u53f0\u5317\u54c8\u5e02\u96c6\u3011\u842c\u4eba\u64e0\u7206\u5713\u5c71\u82b1\u535a\uff01\u611f\u8b1d\u5927\u5bb6\u71b1\u60c5\u529b\u633a\uff01"
        },
        {
            "id": "duzYORSqAg4",
            "title": "\u3010\u51fa\u9580\u905b\u5c0f\u5b69#8\u3011\u6311\u6230\u5357\u6295\u5c71\u4e0a\u8352\u90ca\u91ce\u5916\u9732\u71df\uff0c\u73a9\u5230\u5168\u8eab\u6ce5\u5df4\uff01\u679c\u7136\u560e\u54e5\u53c8\u6c92\u4f86\u4e86\uff01"
        },
        {
            "id": "guwi39Kmneg",
            "title": "\u3010\u54c8\u4f5b2023\u590f\u65e5\u796d\u5178\u3011\u7b2c\u4e00\u7ad9\uff1a\u53f0\u5317\u5713\u5c71\u82b1\u535a\uff0c7/8(\u516d)\u30017/9(\u65e5)\u71b1\u9b27\u767b\u5834\uff01"
        },
        {
            "id": "yjGV0v5JBrQ",
            "title": "\u3010\u7db2\u53cb\u6572\u7897#2\u3011\u6d2a+0\u5728\u8521\u963f\u560e\u5bb6\u90fd\u5728\u5e79\u561b\uff1f\u8e6d\u98ef\u8e6d\u6c34\u8e6d\u96fb\u8e6d\u7761\u4e00\u9031\u5168\u7d00\u9304\uff01"
        },
        {
            "id": "P4a54LHnCaQ",
            "title": "\u3010\u8521\u963f\u560e10\u9031\u5e74Q&A #10\u3011\u63db\u8521\u6ce2\u80fd\u81ea\u5df1\u56de\u7b54100\u984c\uff01\u62cd\u4e865\u5e74\u7d42\u65bc\u5b8c\u62101\u5343\u984c\u4e86\uff01"
        },
        {
            "id": "_mdB7ab68u4",
            "title": "\u3010\ud83c\udf89\u6b63\u5f0f\u555f\u52d5\uff1a\u54c8\u4f5b2023\u590f\u65e5\u796d\u5178\u30117\u6708\u6bcf\u500b\u5468\u672b\u90fd\u6709\u5e02\u96c6\u6d3b\u52d5\uff0c\u53f0\u5317\u3001\u53f0\u4e2d\u3001\u9ad8\u96c4\u3001\u5609\u7fa9\uff0c\u4e00\u8d77\u4f86\u627e\u6211\u5011\u73a9\u5427\uff01"
        },
        {
            "id": "nDff3JT1vJA",
            "title": "\u3010\u8521\u963f\u560e\u5730\u7344\u5eda\u623f#19\u3011\u5343\u5343\u8fce\u6230\u963f\u7168\u5e2b\uff01\u7d50\u679c\u5169\u4eba\u90fd\u716e\u51fa\u8d85\u5730\u7344\u6599\u7406\uff01"
        },
        {
            "id": "_FBKSHGW8XA",
            "title": "\u3010\u958b\u7bb1\u3011\u6211\u5011\u5728\u5317\u6d77\u9053\u7684\u8c6a\u5b85\uff01\u4f4f13\u4eba\u4e00\u665a\u4e00\u842cCP\u503c\u8d85\u9ad8\uff01\u3010\u8521\u963f\u560eLife\u3011"
        },
        {
            "id": "nbAcfFFrj2Q",
            "title": "\u56de\u5609\u7fa9\u5317\u6e2f\u8fa6\u5e02\u96c6\uff01\u6843\u8cb4\u6ce2\u80fd\u767b\u4e0a\u8d85\u53ef\u611b\u85dd\u95a3\u8eca\uff0c\u72c2\u649210\u7bb1hahababy\u7c73\u9905\u7206\u7c73\u82b1\uff01\u3010\u8521\u963f\u560eLife\u3011"
        },
        {
            "id": "wy1m2B4zbyg",
            "title": "\u3010\u5c0b\u627e\u7375\u5947\u53f0\u7063#8\u3011\u53f0\u7063\u4e94\u5927\u771f\u5947\u5edf\uff01\u62dc\u68fa\u6750\u62dc\u8523\u516c\uff1f\u4f4f\u5728\u6db5\u7ba1\u3001\u81ea\u5f37\u865f\u706b\u8eca\u88e1\u7684\u571f\u5730\u516c\uff01"
        },
        {
            "id": "DEmIi8x9ntU",
            "title": "\u3010\u7db2\u53cb\u6572\u7897#1\u3011\u6311\u98df\u738b\u8521\u5b97\u7ff0\u5e73\u5e38\u90fd\u5403\u4ec0\u9ebc\uff1f\u8d85\u4e0d\u5065\u5eb7\u4e00\u9031\u5348\u9910\u5168\u7d00\u9304\uff01\u3010\u8521\u963f\u560eLife\u3011"
        },
        {
            "id": "S4YdJQcH99c",
            "title": "\u3010\u51fa\u9580\u905b\u5c0f\u5b69#7\u3011\u9802\u7d1a\u8c6a\u83ef\u9732\u71df\u8eca\uff01\u4e8c\u4f2f\u592a\u55e8\uff0c\u8ddf\u5abd\u5abd\u53cb\u5011\u559d\u5230\u65b7\u7247\u5566\uff01"
        },
        {
            "id": "aoc1DKPRalM",
            "title": "\u3010\u64bf\u4fbf\u5b9c\u5927\u5e2b#11\u3011\u8d85\u904e15\u5143\u5c31\u5acc\u8cb4\uff0110\u5143\u73cd\u5976\u3001\u5410\u53f8\u9eb5\u5305\u3001\u5c0f\u7c60\u5305\uff0c\u4f5b\u5fc3\u5e97\u5bb6\u90fd\u5728\u9019\u88e1\uff01"
        },
        {
            "id": "Gs69BMfYuxY",
            "title": "\u3010\u5927\u4e45\u7cfe\u5317\u6d77\u9053\u4e00\u6253\u4e94\u3011(\u4e0b)\uff1a\u5728\u6ed1\u96ea\u5834\u88ab\u7f70\u7ad9\u4e86\uff01\u73a9\u5230\u4e0d\u60f3\u56de\u53f0\u7063\uff01"
        },
        {
            "id": "egifTzEAjFQ",
            "title": "\u3010\u6311\u6230\u5730\u734428\u500d\u8fa3\u3011\u963f\u592b\u5229\u8f9b\u7d05\u7248\u62c9\u9eb5\uff0c\u8521\u963f\u560e\u3001\u8521\u5b97\u7ff0\u5403\u5b8c\u809a\u5b50\u75db\u5230\u5f80\u751f\uff01"
        },
        {
            "id": "IyZ5f-bLnKQ",
            "title": "\u3010\u5927\u4e45\u7cfe\u5317\u6d77\u9053\u4e00\u6253\u4e94\u3011(\u4e0a)\uff1a\u4e94\u5929\u56db\u591c\u6c92\u4eba\u6562\u9020\u6b21\uff01\u6700\u5f37\u795e\u968a\u53cb\u964d\u81e8\uff01"
        },
        {
            "id": "q50FKnN3ZyI",
            "title": "\u3010\u516c\u5e03\u4e8c\u5bf6\u6027\u5225\u3011\u6d41\u91cf\u5bc6\u78bc\u6d2a+0\u3001\u8521\u5b97\u7ff0\u523a\u6fc0\u7684\u6027\u5225\u8db4\uff01\u3010\u8521\u963f\u560eLife\u3011"
        },
        {
            "id": "dDXN-0uWb-o",
            "title": "\u3010\u8521\u6843\u8cb4\u6210\u9577\u65e5\u8a18# 110\u3011\u5317\u6e2fF4\u5144\u5f1f\u5011\u4e00\u8d77\u8b77\u9001\u5c0f\u9f8d\u53bb\u4e0a\u5e7c\u5152\u5712\uff01\u628a\u7d93\u9a57\u50b3\u6388\u7d66\u5f1f\u5f1f\uff01"
        },
        {
            "id": "cCKFr-JnEDI",
            "title": "\u3010\u958b\u7bb1\u3011\u4e8c\u4f2f\u8cb7\u4e0b\u5317\u6e2f\u516d\u5c64\u6a13\u900f\u5929\u5225\u5885\uff01\u4e00\u5bb6\u4eba11\u53e3\u6e96\u5099\u4f4f\u4e00\u8d77\u5566\uff01"
        },
        {
            "id": "ygGIL71UlFU",
            "title": "\u3010\u6f54\u7656\u6163\u8001\u95c6\u8521\u963f\u560e#10\u3011\u53bb\u863f\u62c9\u5bb6\u5927\u958b\u773c\u754c\uff01\u5e8a\u5e95\u4e0b\u6eff\u6eff\u597d\u5e7e\u767e\u842c\u7684\u611b\u99ac\u4ed5\uff01"
        },
        {
            "id": "bEPltSv2mkQ",
            "title": "\u5e36\u54e1\u5de5\u628a\u5e74\u7d42\u734e\u91d1\u82b1\u5149\uff01 \u8d85\u597d\u901b\u7684\u73a9\u5177\u4eba\u5929\u5802\uff1a\u6771\u4eac\u4e2d\u91ce\u767e\u8001\u532f\u3010\u8521\u963f\u560eLife\u3011"
        },
        {
            "id": "oPG_htWbwso",
            "title": "\u3010\u8521\u6ce2\u80fd3\u6b72\u611a\u4eba\u7bc0\u751f\u65e5\u4f01\u5283\u3011\u8521\u963f\u560e\u5316\u88dd\u6210\u4ed6\u6700\u611b\u7684\u7f8e\u570b\u968a\u9577\uff0c\u58fd\u661f\u6703\u88ab\u9a19\u55ce\uff1f"
        },
        {
            "id": "Wh5UeGm71ko",
            "title": "\u65e5\u672c10\u5927\u5fc5\u8cb7\u96f6\u98df\u9905\u4e7e\uff012023\u5e74\u560e\u54e5\u4e8c\u4f2f\u771f\u5fc3\u63a8\u85a6\uff01\u3010\u8521\u963f\u560eLife\u3011"
        },
        {
            "id": "5v_Yxxdrrbc",
            "title": "\u4e00\u751f\u4e00\u5b9a\u8981\u9ad4\u9a57\u4e00\u6b21\uff1a\u53bb\u65e5\u672c\u770b\u76f8\u64b2\u6bd4\u8cfd\uff01\u3010\u8521\u963f\u560eLife\u3011"
        },
        {
            "id": "1mM9d_3c1vA",
            "title": "\u3010\u8521\u963f\u560e\u6230\u5b78\u6b77#2\u3011\u9019\u4e9b\u706b\u8eca\u7ad9\uff0c\u5728\u53f0\u7063\u54ea\u4e00\u500b\u7e23\u5e02\uff1f\u570b\u7acb\u7684\u4e5f\u6c92\u5f88\u5f37\u554a\uff01"
        },
        {
            "id": "rK5hfvUeR0w",
            "title": "\u3010\u8521\u963f\u560e\u5730\u7344\u5c4b\u53f0#1\u3011\u4e0a\u8857\u63a5\u53d7\u89c0\u773e\u9ede\u83dc\uff0c\u5403\u5b8c\u518d\u6c7a\u5b9a\u8981\u4ed8\u963f\u7168\u5e2b\u591a\u5c11\u9322\uff1ffeat.\u5609\u7fa9\u5e02\u9577\u9ec3\u654f\u60e0"
        },
        {
            "id": "lrDkyzufINY",
            "title": "\u3010\u5c0b\u627e\u7375\u5947\u53f0\u7063#7\u3011\u4e0d\u52d9\u6b63\u696d\u6700\u6210\u529f\u7684\u602a\u5e97\u5bb6\uff01\u53bb\u9418\u9336\u5e97\u3001\u4fee\u8eca\u5ee0\u3001\u5bb6\u5177\u884c\u5403\u98ef\uff01"
        },
        {
            "id": "KSnHCh9ZVss",
            "title": "\u3010\u51fa\u9580\u905b\u5c0f\u5b69#6\u3011\u91d1\u5c71\u9732\u71df\u8eca\u597d\u8cb4\uff01How\u54e5\u5bb6\u7684\u5e7c\u5152\u5712\u6bd4\u8f03\u597d\u73a9\uff01"
        },
        {
            "id": "9qnXeskDj6A",
            "title": "\u3010\u64bf\u4fbf\u5b9c\u5927\u5e2b#10\u3011\u6d3b\u83e9\u85a9\u964d\u81e8\uff0110\u5143\u5a46\u5a46\u7684\u5e97\uff0c\u5168\u53f0\u7063\u6700\u5f37\u4f5b\u5fc3\u7f8e\u98df\uff01"
        },
        {
            "id": "1nEdFCBXW_s",
            "title": "\u3010\u8521\u963f\u560e\u5730\u7344\u5eda\u623f#18\u3011\u6d41\u91cf\u5bc6\u78bc\u300c\u6d2a+0\u300d\u4f86\u6311\u6230\u963f\u7168\u5e2b\uff1f\u53f2\u4e0a\u6700\u4e0d\u81ea\u91cf\u529b\u7684\u4f86\u8cd3\uff01"
        },
        {
            "id": "F3DRWnKOcIk",
            "title": "\u3010\u8521\u963f\u560e\u54c8\u4f5b\u5de5\u4f5c\u5ba4\u3011\u97d3\u570b\u6fdf\u5dde\u5cf6\u54e1\u5de5\u65c5\u904a(\u4e0b)\uff1a\u5687\u6b7b\uff01\u5927\u5bb6\u7684\u8cfc\u7269\u80fd\u529b\u592a\u5f37\u4e86\u5427\uff1f"
        },
        {
            "id": "wx9gAmPd_Yo",
            "title": "\u3010\u8521\u963f\u560e\u54c8\u4f5b\u5de5\u4f5c\u5ba4\u3011\u97d3\u570b\u6fdf\u5dde\u5cf6\u54e1\u5de5\u65c5\u904a(\u4e0a)\uff1a\u53f2\u4e0a\u6700\u8c6a\u83ef36\u4eba\u9802\u7d1a\u884c\u7a0b\uff01"
        },
        {
            "id": "lRUbzwCRfFI",
            "title": "\u8001\u516c\u771f\u96e3\u7576\uff0c\u767e\u842cYouTuber\u6c92\u901a\u544a\uff0c\u7aa9\u5728\u5bb6\u8f9b\u9178\u756b\u9762\u6d41\u51fa... \u3010\u8521\u963f\u560eLife #shorts \u3011"
        },
        {
            "id": "tfr5xNUp-kM",
            "title": "\u3010\u54e1\u5de5\u9ed1\u6b77\u53f2\u3011\u63db\u8521\u5b97\u7ff0\u3001\u7b51\u559d\u639b\u5566\uff01\u5687\u58de\u97d3\u570b\u89c0\u5149\u90e8\u9577\uff0c\u4e1f\u81c9\u4e1f\u5230\u570b\u5916\uff01"
        },
        {
            "id": "Z-g2IIx3HNE",
            "title": "\u3010\u51fa\u9580\u905b\u5c0f\u5b69#5\u3011\u5abd\u5abd\u5011\u771f\u5049\u5927\uff01\u6f54\u7656\u7238\u7238\u4e0d\u60f3\u4f86\uff0c\u96f2\u6797\u9732\u71df\u81ea\u5df1\u4e5f\u80fd\u73a9\u5f97\u5f88\u958b\u5fc3\uff01"
        },
        {
            "id": "Ay4lqEN78ik",
            "title": "\u3010\u8521\u963f\u560e\u5c3e\u7259\u5674\u767e\u842c\u5143\u3011\u54ed\u6210\u4e00\u5718\uff01\u8b93\u54e1\u5de5\u81ea\u5df1\u5beb\u79ae\u7269\uff0c\u5169\u5169PK\u518d\u8ddf\u8001\u95c6\u5c0d\u6c7a\uff01"
        },
        {
            "id": "u9qBbXnlxnY",
            "title": "\u767e\u842c\u4eba\u898b\u8b49\uff1a\u5168\u53f0\u7063\u6700\u50cf\u5c71\u4e0b\u667a\u4e45\u7684\u7537\u4eba\uff1a\u560e\u54e5\uff01\u3010\u8521\u963f\u560eLife #shorts \u3011"
        },
        {
            "id": "z2i8qDHLo7w",
            "title": "\u3010\u4e8c\u4f2f\u9ed1\u6b77\u53f2\u3011\u8d85\u597d\u7b11\uff01\u53c8\u9189\u5230\u65b7\u7247\u5566\uff01\u5abd\u5abd\u5011\u9152\u559d\u8d77\u4f86\u597d\u6050\u6016\uff01"
        },
        {
            "id": "x7T9VVZ5Na4",
            "title": "\u3010\u8521\u963f\u560e\u6771\u4eac72\u5c0f\u6642\u89aa\u5b50\u65c5\u884c\u5718(\u4e0b)\u3011\u4fdd\u8b49\u6c92\u89c0\u5149\u5ba2\uff01\u8352\u5ddd\u7dda+\u4e0a\u91ce\u7684\u5728\u5730\u6a02\u5712\u4e00\u65e5\u653b\u7565\uff01"
        },
        {
            "id": "1gsYG_in6hc",
            "title": "\u3010\u8521\u963f\u560e\u6771\u4eac72\u5c0f\u6642\u89aa\u5b50\u65c5\u884c\u5718(\u4e2d)\u3011\u6a6b\u6ff1\u4e00\u65e5\u653b\u7565\uff0c\u4e0d\u53bb\u8fea\u58eb\u5c3c\u4e5f\u5f88\u597d\u73a9\uff01"
        },
        {
            "id": "Nlfpmb067cU",
            "title": "\u3010\u5c0b\u627e\u7375\u5947\u53f0\u7063#6\u3011\u5609\u7fa9\u540d\u7522\u300c\u7a4d\u82e5\u98ef\u300d\uff1f\u5609\u7fa9\u4eba\u8521\u963f\u560e\u4e5f\u4e0d\u77e5\u9053\u7684\u795e\u7955\u98df\u7269\uff01"
        },
        {
            "id": "pKaWhL8dV9I",
            "title": "\u3010\u8521\u6843\u8cb4\u6210\u9577\u65e5\u8a18# 109\u3011\u65e9\u5c31\u767c\u73fe\u7238\u7238\u5c31\u662f\u8056\u8a95\u8001\u4eba\u4e86\uff01\u8521\u963f\u560e\u653e\u5927\u7d55\uff0c\u4eca\u5e74\u80fd\u4e0d\u88ab\u8b58\u7834\u55ce\uff1f"
        }
    ]
}