{
    "video_info": {
        "id": "f9jN4_ZVVb0",
        "channelTitle": "\u8056\u7d50\u77f3Saint",
        "title": "\u912d\u91cd\u9053\u6b49",
        "description": "\u9019\u5e7e\u5929\u9047\u5230\u5f88\u591a\u89c0\u773e\uff0c\u4ed6\u5011\u90fd\u8ddf\u6211\u8aaa\u4ee5\u524d\u5f88\u559c\u6b61\u770b\u6211\u7684\u5f71\u7247\uff0c\u4f46\u73fe\u5728\u6211\u90fd\u6c92\u767c\u7247\u4e86...\n\ud83d\udc49\u55ae\u6708\u6536\u76ca\u7834\u767e\u842c\u8b1b\u5e2b\uff01\u624b\u628a\u624b\u76f4\u64ad\u52a0\u5bc6\u8ca8\u5e63\u4ea4\u6613\u6559\u5b78\u8ab2\u7a0b\u3010\u5e63\u8056\u8ab2\u3011\u25ba\u25bahttps://lin.ee/bGzRExA\n\ud83d\udc49\u300a\u4e0d\u5c0f\u5fc3\u8cb7\u6bd4\u7279\u5e63\u66b4\u8cfa150\u5104\u7684\u6211\u6c7a\u5b9a\u53bb\u4fee\u4ed9\u300b\u5c0f\u8aaa\u9023\u8f09\u4e2d\u25ba\u25bahttps://saintjey10.blogspot.com/2021/10/150.html\n\ud83d\udc49\u99ac\u4e0a\u8a02\u95b1\u8056\u7d50\u77f3\u56c9\uff01\u25ba\u25bahttps://goo.gl/c5v7cQ\n/// \u5546\u696d\u5408\u4f5c\u5f71\u7247 \u7279\u5225\u611f\u8b1dBitget\u8d0a\u52a9\u64ad\u51fa ///\n\u672c\u983b\u9053\u7f6e\u5165\u52a0\u5bc6\u8ca8\u5e63\u4ea4\u6613\u6559\u5b78\u8ab2\u7a0b\u5ee3\u544a\uff0c\u65e8\u5728\u6559\u5b78\u6388\u8ab2\uff0c\u8acb\u8a55\u4f30\u98a8\u96aa\uff0c\u8b39\u614e\u7406\u8ca1\u3002\n#\u6bd4\u7279\u5e63 #\u52a0\u5bc6\u8ca8\u5e63 #\u5c0f\u8aaa\u63a8\u6587 \n----------------------------------------------------------------------------------------------------------\n\n\u8056\u7d50\u77f3Saint\u3010\u5b89\u5137\u3011\u25ba\u25bahttps://youtu.be/r4NGGqmX_W4\n\u8056\u7d50\u77f3Saint\u3010\u771f\u7684\u4e0d\u60f3\u5634\u3011\u25ba\u25bahttps://youtu.be/fWuq67-VSTM\n\u8056\u7d50\u77f3Saint\u3010\u6839\u672c\u5c31\u4e0d\u6703\u518d\u898b\u9762\u3011\u25ba\u25bahttps://youtu.be/LAPXqtxxstE\n\u8056\u7d50\u77f3Saint\u3010\u4e00\u5b9a\u6703\u8ffd\u5230\u4f60\u3011\u25ba\u25bahttps://youtu.be/V2mZYvAiLsw\n\u8056\u7d50\u77f3Saint\u3010\u8aaa\u4e0d\u51fa\u53e3\u7684\u60f3\u5ff5\u3011\u25ba\u25bahttps://youtu.be/0dxtL9c_Yxs\n\u8056\u7d50\u77f3Saint\u3010\u53ea\u80fd\u61f7\u5ff5\u3011\u25ba\u25bahttps://youtu.be/AN3nAmTSeEk\n----------------------------------------------------------------------------------------------------------\n\n\u6211\u662f\u8056\u7d50\u77f3\uff0c\u6211\u662f\u4e00\u500b\u5e73\u51e1\u7684\u4eba\uff0c\u4f46\u6211\u5728\u5275\u9020\u4e00\u6bb5\u4e0d\u5e73\u51e1\u7684\u4eba\u751f\u3002\n\nI'm Saint, an ordinary guy creating extraordinary things.\n\n----------------------------------------------------------------------------------------------------------\n\n\ud83d\udc49 More Saint \nFacebook \u25ba\u25bahttp://goo.gl/4UQLS0\nInstagram \u25ba\u25bahttps://goo.gl/DNymkD\n\n\ud83d\udc49 More Saint's Wife \u2764\ufe0f \u8056\u5ac2DODO \u2764\ufe0f\nYoutube \u25ba\u25bahttps://goo.gl/VdtPz5\nFacebook \u25ba\u25bahttps://goo.gl/BZbsDR\n\n----------------------------------------------------------------------------------------------------------\n\n\u5408\u4f5c\u9080\u7d04:saintjey1113@gmail.com\n\u514d\u8cac\u8072\u660e\uff1a\u672c\u983b\u9053\u6240\u6709\u5546\u696d\u5408\u4f5c\u5747\u4e0d\u80fd\u66ff\u5408\u4f5c\u516c\u53f8\u3001\u5718\u9ad4\u3001\u5e73\u53f0\u9032\u884c\u71df\u904b\u80cc\u66f8\u3002\n\n----------------------------------------------------------------------------------------------------------",
        "likeCount": "369",
        "commentCount": "137",
        "viewCount": "44267"
    },
    "comments": [
        {
            "reply_id": "UgzfHXxcrx7SGHK3p-14AaABAg",
            "reply_content": "\u8056\u5272\u77f3\u628a\u70ba\u6578\u4e0d\u591a\u7684\u7c89\u7d72\u7576\u97ed\u83dc\u5272",
            "likeCount": 6
        },
        {
            "reply_id": "Ugxo777lfoDi6g6witd4AaABAg",
            "reply_content": "\u52a0\u5bc6\u8ca8\u5e63\u90fd\u6709\u53ef\u80fd\u88ab\u7576\u97ed\u83dc\u5272",
            "likeCount": 5
        },
        {
            "reply_id": "UgytXymUlaPEYbddl-h4AaABAg",
            "reply_content": "\u6eff\u53ef\u6190\u7684\u9084\u5728\u8ce3\u865b\u64ec\u8ca8\u5e63\u8ab2\u7a0b\n\u53bb\u8ddf\u9673\u96f6\u97ed\u8ddf\u542b\u97ed\u8349\u7d44\u4e00\u5718\u5427",
            "likeCount": 5
        },
        {
            "reply_id": "UgxcM5S0vjiUrMZOw7N4AaABAg",
            "reply_content": "\u5e0c\u671b\u9084\u80fd\u770b\u5230\u4ee5\u524d\u7684\u7247",
            "likeCount": 4
        },
        {
            "reply_id": "Ugw908G9ACMaVD7MX8N4AaABAg",
            "reply_content": "\u5982\u679c\u9019\u9ebc\u597d\u8cfa\u90a3\u5e79\u561b\u9084\u51fa\u8ab2\u7a0b",
            "likeCount": 2
        },
        {
            "reply_id": "UgxqJtl7u8_iiYSfQwx4AaABAg",
            "reply_content": "\u53c8\u8981\u51fa\u4f86\u9a19\u8056\u7c89\u7684\u9322\u4e86",
            "likeCount": 2
        },
        {
            "reply_id": "Ugyeziqe7hhxSG4fP3x4AaABAg",
            "reply_content": "\u8056\u5272\u77f3\u628a\u70ba\u6578\u4e0d\u591a\u7684\u7c89\u7d72\u7576\u97ed\u83dc\u5272",
            "likeCount": 2
        },
        {
            "reply_id": "UgzukmoMyGyfLR67BfV4AaABAg",
            "reply_content": "\u592a\u5c4c\u4e86\u770b\u4f86\u6211\u9084\u4e0d\u5920\u8272",
            "likeCount": 0
        }
    ]
}