{
    "video_info": {
        "id": "G5yl6nfyrkM",
        "channelTitle": "\u8056\u7d50\u77f3Saint",
        "title": "\u8ab0\u6703\u958b\u7bb1\u6c99\u62c9\u5566\uff01\u6211\u554a\u3002",
        "description": "\u4f60\u6709\u770b\u904e\u6709\u4eba\u5728\u958b\u7bb1\u6c99\u62c9\u7684\u55ce\uff1f\u6211\u662f\u4e0d\u662f\u592a\u5947\u8469\u4e86\uff1f\u53ef\u662f\u9019\u662f\u5168\u5bb6\u7684\u65b0\u54c1\uff0c\u53c8\u6709\u5404\u5f0f\u6d77\u85fb\uff0c\u6c92\u5403\u904e\u60f3\u8aaa\u5403\u5403\u770b\u554a\ud83e\udd23\uff08\u4e0b\u96c6\u8a66\u5403\u9f0e\u6cf0\u8c50\u5566\uff09\n\n@familymart_tw \n\u500b\u4eba\u7d9c\u5408\u63a8\u85a6\u5206\u6578\uff1a3/5\n\u50f9\u683c\uff1a65\u5143/\u76d2\n\u901a\u8def\uff1a\u5168\u5bb6\n\u4f86\u6e90\uff1a\u81ea\u8cbb\u8cfc\u8cb7\n#\u958b\u7bb1 #\u5168\u5bb6 #\u6c99\u62c9 #\u6d77\u85fb #\u65b0\u54c1",
        "likeCount": "75",
        "commentCount": "4",
        "viewCount": "3865"
    },
    "comments": []
}