{
    "video_info": {
        "id": "hzEclQz0cXM",
        "channelTitle": "\u8056\u7d50\u77f3Saint",
        "title": "\u958b\u7bb1\u5168\u5bb6\u9f0e\u6cf0\u8c50\u6c99\u8336\u8c6c\u8089\u71f4\u98ef\ud83e\udd70",
        "description": "\u60f3\u8aaa\u885d\u8457\u9f0e\u6cf0\u8c50\u7684\u540d\u865f\u5c31\u4f86\u8a66\u5403\u770b\u770b\uff0c\u6211\u662f\u89ba\u5f97\u525b\u958b\u59cb\u6709\u9ede\u9e79\uff0c\u5f8c\u4f86\u7fd2\u6163\u5c31\u597d\uff0c\u5176\u5be6\u6211\u89ba\u5f97\u4ee5\u98fd\u9910\u4e00\u9813\u70ba\u76ee\u7684\u7684\u8a71\uff0c\u7b97\u662f\u4e0d\u932f\u5403\uff0c\u4f46\u662f\u50cf\u561f\u561f\u5c31\u4e0d\u662f\u7279\u5225\u559c\u6b61\u3002\n\n@familymart_tw  @dintaifung.tw \n\n\u500b\u4eba\u7d9c\u5408\u63a8\u85a6\u5206\u6578\uff1a3/5\n\u50f9\u683c\uff1a89\u5143/\u4efd\n\u901a\u8def\uff1a\u5168\u5bb6\n\u4f86\u6e90\uff1a\u81ea\u8cbb\u8cfc\u8cb7\n#\u958b\u7bb1 #\u5168\u5bb6#\u9f0e\u6cf0\u8c50 #\u6c99\u8336\u8c6c\u8089\u71f4\u98ef #\u8d85\u5546",
        "likeCount": "112",
        "commentCount": "8",
        "viewCount": "7243"
    },
    "comments": []
}