{
    "video_info": {
        "id": "kvD2OoBcxkE",
        "channelTitle": "\u8056\u7d50\u77f3Saint",
        "title": "\u958b\u7bb17-11\u5477\u4e03\u7897\u7d93\u5178\u5317\u90e8\u7cbd\uff01\u795d\u5927\u5bb6\u7aef\u5348\u5b89\u5eb7\uff01",
        "description": "\u7aef\u5348\u7bc0\u5feb\u5230\u4e86\uff0c\u60f3\u8aaa\u4f86\u8a66\u5403\u770b\u770b\u4fbf\u5229\u5546\u5e97\u88e1\u7684\u7cbd\u5b50\uff0c\u6c92\u932f\uff0c\u6211\u5c31\u662f\u61f6\u60f0\u53c8\u96a8\u6027\u7684\u4eba\uff0c\u96a8\u610f\u8cb7\u4e86\u5477\u4e03\u7897\u7d93\u5178\u5317\u90e8\u7cbd\u4f86\u5403\uff0c\u767c\u73fe\u53e3\u611f\u5f88\u5357\u5317\u878d\u5408\uff0c\u4e0d\u8981\u6230\u5357\u5317\u4e86\u5566\uff01\u795d\u5927\u5bb6\u7aef\u5348\u5b89\u5eb7\ud83d\ude04\n\n@7777777_food  @7eleventw \n\n\u500b\u4eba\u7d9c\u5408\u63a8\u85a6\u5206\u6578\uff1a3/5\n\u50f9\u683c\uff1a69\u5143/\u500b\n\u901a\u8def\uff1a7-11\n\u4f86\u6e90\uff1a\u81ea\u8cbb\u8cfc\u8cb7\n#\u958b\u7bb1 #\u8d85\u5546 #\u65b0\u54c1 #Seven #\u5477\u4e03\u7897 #\u7aef\u5348\u7bc0 #\u5317\u90e8\u7cbd #\u7cbd\u5b50",
        "likeCount": "75",
        "commentCount": "7",
        "viewCount": "4388"
    },
    "comments": [
        {
            "reply_id": "Ugzst1ay4Duj55cn3YZ4AaABAg",
            "reply_content": "\u8072\u97f3\u53ef\u4ee5\u4e0d\u8981\u90a3\u9ebc\u5477\u55ce",
            "likeCount": 8
        }
    ]
}