{
    "video_info": {
        "id": "RDLIIS55I_k",
        "channelTitle": "\u8056\u7d50\u77f3Saint",
        "title": "\u958b\u7bb1\u5168\u5bb6\u9f0e\u738b\u9ebb\u8fa3\u86cb\uff0c\u9019\u53c8\u8fa3\u53c8\u9ebb\u53c8\u9999\u7684\u73a9\u610f\u5152\ud83d\udd25",
        "description": "\u6211\u8eab\u70ba\u9f0e\u738b\u9ebb\u8fa3\u934b\u7684\u5fe0\u5be6\u7c89\u7d72\uff0c\u5403\u4e00\u9846\u8981\u50f9$20\u7684\u9ebb\u8fa3\u86cb\uff0c\u61c9\u8a72\u4e0d\u70ba\u904e\u5427\uff01\u54c8\u54c8\u54c8\u54c8\u3002\n\n\u500b\u4eba\u7d9c\u5408\u63a8\u85a6\u5206\u6578\uff1a3/5\n\u50f9\u683c\uff1a20\u5143/\u9846\n\u901a\u8def\uff1a\u5168\u5bb6\n\u4f86\u6e90\uff1a\u81ea\u8cbb\u8cfc\u8cb7\n\n@familymart_tw @tripodking_tw \n#\u958b\u7bb1 #\u5168\u5bb6 #\u9f0e\u738b #\u9f0e\u738b\u9ebb\u8fa3\u86cb",
        "likeCount": "82",
        "commentCount": "6",
        "viewCount": "5162"
    },
    "comments": [
        {
            "reply_id": "UgyTwAWlvpkyhCBZT0t4AaABAg",
            "reply_content": "\u8001\u54e5\u662f\u6709\u6574\u9f3b\u5b50\u662f\u4e0d\u662f",
            "likeCount": 0
        }
    ]
}