{
    "video_info": {
        "id": "ue49W11DmYI",
        "channelTitle": "\u8056\u7d50\u77f3Saint",
        "title": "\u300a\u4f60\u8cb7\u904e\u6700\u8cb4\u7684\u6771\u897f\u662f\u4ec0\u9ebc\uff1f\u300b",
        "description": "\ud83d\udc49\u55ae\u6708\u6536\u76ca\u7834\u767e\u842c\u8b1b\u5e2b\uff01\u624b\u628a\u624b\u76f4\u64ad\u52a0\u5bc6\u8ca8\u5e63\u4ea4\u6613\u6559\u5b78\u8ab2\u7a0b\u3010\u5e63\u8056\u8ab2\u3011\u25ba\u25bahttps://lin.ee/bGzRExA\n\ud83d\udc49\u99ac\u4e0a\u8a02\u95b1\u8056\u7d50\u77f3\u56c9\uff01\u25ba\u25bahttps://goo.gl/c5v7cQ\n/// \u5546\u696d\u5408\u4f5c\u5f71\u7247 \u7279\u5225\u611f\u8b1dBitget\u8d0a\u52a9\u64ad\u51fa ///\n\u672c\u983b\u9053\u7f6e\u5165\u52a0\u5bc6\u8ca8\u5e63\u4ea4\u6613\u6559\u5b78\u8ab2\u7a0b\u5ee3\u544a\uff0c\u65e8\u5728\u6559\u5b78\u6388\u8ab2\uff0c\u8acb\u8a55\u4f30\u98a8\u96aa\uff0c\u8b39\u614e\u7406\u8ca1\u3002\n#\u6bd4\u7279\u5e63 #\u52a0\u5bc6\u8ca8\u5e63\n----------------------------------------------------------------------------------------------------------\n\n\u8056\u7d50\u77f3Saint\u3010\u5b89\u5137\u3011\u25ba\u25bahttps://youtu.be/r4NGGqmX_W4\n\u8056\u7d50\u77f3Saint\u3010\u771f\u7684\u4e0d\u60f3\u5634\u3011\u25ba\u25bahttps://youtu.be/fWuq67-VSTM\n\u8056\u7d50\u77f3Saint\u3010\u6839\u672c\u5c31\u4e0d\u6703\u518d\u898b\u9762\u3011\u25ba\u25bahttps://youtu.be/LAPXqtxxstE\n\u8056\u7d50\u77f3Saint\u3010\u4e00\u5b9a\u6703\u8ffd\u5230\u4f60\u3011\u25ba\u25bahttps://youtu.be/V2mZYvAiLsw\n\u8056\u7d50\u77f3Saint\u3010\u8aaa\u4e0d\u51fa\u53e3\u7684\u60f3\u5ff5\u3011\u25ba\u25bahttps://youtu.be/0dxtL9c_Yxs\n\u8056\u7d50\u77f3Saint\u3010\u53ea\u80fd\u61f7\u5ff5\u3011\u25ba\u25bahttps://youtu.be/AN3nAmTSeEk\n----------------------------------------------------------------------------------------------------------\n\n\u6211\u662f\u8056\u7d50\u77f3\uff0c\u6211\u662f\u4e00\u500b\u5e73\u51e1\u7684\u4eba\uff0c\u4f46\u6211\u5728\u5275\u9020\u4e00\u6bb5\u4e0d\u5e73\u51e1\u7684\u4eba\u751f\u3002\n\nI'm Saint, an ordinary guy creating extraordinary things.\n\n----------------------------------------------------------------------------------------------------------\n\n\ud83d\udc49 More Saint \nFacebook \u25ba\u25bahttp://goo.gl/4UQLS0\nInstagram \u25ba\u25bahttps://goo.gl/DNymkD\n\n\ud83d\udc49 More Saint's Wife \u2764\ufe0f \u8056\u5ac2DODO \u2764\ufe0f\nYoutube \u25ba\u25bahttps://goo.gl/VdtPz5\nFacebook \u25ba\u25bahttps://goo.gl/BZbsDR\n\n----------------------------------------------------------------------------------------------------------\n\n\u5408\u4f5c\u9080\u7d04:saintjey1113@gmail.com\n\u514d\u8cac\u8072\u660e\uff1a\u672c\u983b\u9053\u6240\u6709\u5546\u696d\u5408\u4f5c\u5747\u4e0d\u80fd\u66ff\u5408\u4f5c\u516c\u53f8\u3001\u5718\u9ad4\u3001\u5e73\u53f0\u9032\u884c\u71df\u904b\u80cc\u66f8\u3002\n\n----------------------------------------------------------------------------------------------------------",
        "likeCount": "233",
        "commentCount": "164",
        "viewCount": "26357"
    },
    "comments": [
        {
            "reply_id": "Ugzwn2j5dgAmzIP-0GV4AaABAg",
            "reply_content": "\u70ba\u4f55\u4f60\u4e0d\u60f3\u60f3\u4f60\u7576\u521d\u5728\u5272\u7684\u6642\u5019\uff0c\u88ab\u5272\u7684\u4eba\u53ef\u80fd\u548c\u4f60\u8a2a\u554f\u7684\u4eba\u5dee\u4e0d\u591a\uff0c\u9084\u662f\u4e7e\u8106\u76f4\u63a5\u4fbf\u8a2a\u554f\u5b8c\u7d50\u675f\u5f8c\u5272",
            "likeCount": 1
        },
        {
            "reply_id": "UgybFabbhxSnQLvNNNN4AaABAg",
            "reply_content": "\u770b\u5230\u65b0\u805e\u624d\u60f3\u8d77\u6709\u9019\u500b\u983b\u9053",
            "likeCount": 1
        },
        {
            "reply_id": "UgxkYzhylsi7EUs1epN4AaABAg",
            "reply_content": "\u8981\u5272\u97ed\u83dc\u4e5f\u8a8d\u771f\u9ede\uff0c\u96a8\u4fbf\u62cd\u500b\u8857\u574a\u5c31\u60f3\u958b\u5272\u5594",
            "likeCount": 0
        },
        {
            "reply_id": "UgxGEHmLjLFTS3-xeDt4AaABAg",
            "reply_content": "\u600e\u9ebc\u53ef\u4ee5\u770b\u8d77\u4f86\u9019\u9ebc\u5947\u602a",
            "likeCount": 0
        },
        {
            "reply_id": "Ugxfv0eobG-sdJaGeKJ4AaABAg",
            "reply_content": "\u600e\u90a3\u9ebd\u591a\u53f0\u7063\u7db2\u7d05\n\u9084\u5728\u63a8\u9019\u7a2e\u5730\u4e0b\u91d1\u878d\u5546\u54c1",
            "likeCount": 0
        },
        {
            "reply_id": "UgwMlckG_ztnPUldM254AaABAg",
            "reply_content": "\u8c37\u6b4c\u65b0\u805e\u624d\u77e5\u9053\u4f60\u6709\u66f4\u65b0\uff0c\u4e0d\u7136\u4fca\u5091\u90fd\u6c92\u6709\u4eba\u6ce8\u610f",
            "likeCount": 0
        },
        {
            "reply_id": "UgwCqd0yIPJGw_Z4LBN4AaABAg",
            "reply_content": "\u6c92\u6d41\u91cf\u9084\u60f3\u62d0\u4eba\u8cb7\u865b\u64ec\u8ca8\u5e63",
            "likeCount": 0
        }
    ]
}