{
    "video_info": {
        "id": "XQINoFtaKgE",
        "channelTitle": "\u8056\u7d50\u77f3Saint",
        "title": "10u\u66b4\u8cfa1000u\u5c31\u7206\u8ce0\u7684\u4eba\u5728\u54ea\uff1f",
        "description": "",
        "likeCount": "38",
        "commentCount": "7",
        "viewCount": "4308"
    },
    "comments": [
        {
            "reply_id": "UgzJOGVfKfUYtYtPQR54AaABAg",
            "reply_content": "\u8056\u5272\u77f3\u628a\u70ba\u6578\u4e0d\u591a\u7684\u7c89\u7d72\u7576\u97ed\u83dc\u5272",
            "likeCount": 7
        }
    ]
}