{
    "video_info": {
        "id": "_Vh0Vk2a-0k",
        "channelTitle": "Ku's dream\u9177\u7684\u5922-",
        "title": "\u7576\u59b3\u7537\u53cb\u8aaa\u300c\u6c92\u95dc\u4fc2\uff5e\u300d\u7684\u6642\u5019\ud83d\ude44",
        "description": "",
        "likeCount": "8173",
        "commentCount": "125",
        "viewCount": "272667"
    },
    "comments": [
        {
            "reply_id": "UgxzDo3jYm-pJjicNcB4AaABAg",
            "reply_content": "\u5927\u6982\u662f\u5df2\u7d93\u7fd2\u6163\u628a\u554f\u984c\u62cb\u51fa\u4f86\u4e5f\u4e0d\u6703\u5f97\u5230\u4efb\u4f55\u6b63\u5411\u7684\u53cd\u994b\uff0c\u53ea\u6703\u5f97\u5230\u591a\u9918\u7684\u9119\u8996\u8cac\u7f75\uff0c\u6700\u7d42\u554f\u984c\u9084\u662f\u53ea\u80fd\u9760\u81ea\u5df1\u89e3\u6c7a",
            "likeCount": 926
        },
        {
            "reply_id": "UgxD-dsn62S6I21hHZJ4AaABAg",
            "reply_content": "\u7576\u4f60\u751f\u6d3b\u5728\u4e00\u500b\u4f60\u8b1b\u51fa\u4f86\u6c92\u4eba\u5728\u4e4e\u7684\u74b0\u5883\u5f97\u6642\u5019\uff0c\u4f60\u5c31\u4e0d\u6703\u60f3\u8b1b\u4e5f\u6703\u89ba\u5f97\u5f88\u9ebb\u7169",
            "likeCount": 277
        },
        {
            "reply_id": "UgzsI5Csz1R6iv4wRdF4AaABAg",
            "reply_content": "\u8b1b\u4e86\u6c92\u5e6b\u52a9\u9084\u6703\u88ab\u9178\u8a00\u9178\u8a9e\u7684\u5e79\u8a71\u653b\u64ca",
            "likeCount": 20
        },
        {
            "reply_id": "Ugz0YHQxfXkzxwXTYPB4AaABAg",
            "reply_content": "\u4e9e\u6d32\u7684\u7236\u6bcd\u5e2b\u9577\u53ea\u8981\u4f60\u4e56\u4e56\u807d\u8a71\u5c31\u597d\uff0c\u8868\u9054\u610f\u898b\u5c31\u662f\u5728\u627e\u9ebb\u7169",
            "likeCount": 14
        },
        {
            "reply_id": "UgxOsU2LBa5TsIN-1Dx4AaABAg",
            "reply_content": "\u9019\u597d\u50cf\u540c\u6a23\u4e5f\u53ef\u5957\u7528\u5728\u53f0\u7063\u5973\u751f\u8eab\u4e0a",
            "likeCount": 13
        },
        {
            "reply_id": "UgwvumKqMIA7jgKNNjx4AaABAg",
            "reply_content": "\u53f0\u7063\u5df2\u7d93\u666e\u904d\u8a8d\u70ba\u62b1\u6028\u7b49\u65bc\u4e0d\u6210\u719f",
            "likeCount": 10
        },
        {
            "reply_id": "UgzmI6GSyTJfz16jfOt4AaABAg",
            "reply_content": "\u9019\u771f\u7684\u4e0d\u80fd\u602a\u59b3\u8001\u516c\n\u4e9e\u6d32\u793e\u6703\u7684\u7236\u6bcd\u90fd\u6703\u8981\u6c42\u7537\u5b69\u5b50\u8981\u80fd\u81ea\u5df1\u625b\u4e8b\u548c\u8655\u7406\u554f\u984c\n\u6240\u4ee5\u4e9e\u6d32\u7684\u7537\u751f\u90fd\u6bd4\u8f03\u5167\u6582\u548c\u7368\u81ea\u627f\u53d7",
            "likeCount": 10
        },
        {
            "reply_id": "UgykVfwMKOf_wV63uOh4AaABAg",
            "reply_content": "\u4e9e\u6d32\u4f60\u662f\u7537\u751f\u4f60\u4e0d\u53ef\u4ee5\u61e6\u5f31\uff0c\u4e0d\u53ef\u628a\u8106\u5f31\u7684\u90a3\u4e00\u9762\u8868\u73fe\u51fa\u4f86\uff0c\u4f60\u662f\u7537\u4eba\u4f60\u8981\u7368\u7576\u4e00\u9762\u8981\u9760\u81ea\u5df1\u4f60\u8981\u9ad4\u9762\u4e0d\u80fd\u8868\u73fe\u51fa\u4f86\uff0c\u5230\u73fe\u5728\u9019\u500b\u6846\u67b6\u9084\u662f\u5728\u7121\u5f62\u4e2d\u5f71\u97ff\u6bcf\u4e00\u500b\u7537\u751f",
            "likeCount": 4
        },
        {
            "reply_id": "UgxCTpUJ_LNPNbG4RUR4AaABAg",
            "reply_content": "\u9019\u4e0d\u662f\u5927\u90e8\u5206\u5973\u751f\u7684\u60c5\u6cc1\u55ce",
            "likeCount": 4
        },
        {
            "reply_id": "Ugwm_LD8ELXSm_Guh654AaABAg",
            "reply_content": "\u5728\u53f0\u7063\u81ea\u5df1\u554f\u984c\u63d0\u51fa\u4f86\u53ea\u6703\u88ab\u81ea\u5df1\u7236\u6bcd\u8cac\u7f75 \u51fa\u793e\u6703\u5f8c\u88ab\u4e3b\u7ba1\u8cac\u7f75 \u6240\u4ee5\u53f0\u7063\u4eba\u4e0d\u518d\u53bb\u554f\u5225\u4eba\u554f\u984c\u5168\u90e8\u81ea\u5df1\u89e3\u6c7a \u5973\u751f\u5728\u53f0\u7063\u6bd4\u8f03\u5403\u9999\u4f60\u6709\u554f\u984c\u63d0\u554f\u4e86\u6703\u5f97\u5230\u5e6b\u52a9 \u7537\u751f\u53ea\u6709\u88ab\u7f75\u7684\u4efd",
            "likeCount": 2
        },
        {
            "reply_id": "UgyKbAiZMcDo-EIEwDx4AaABAg",
            "reply_content": "\u4e9e\u6d32\u5f0f\u58d3\u6291",
            "likeCount": 0
        },
        {
            "reply_id": "Ugwag6XJINPRIRT0AFd4AaABAg",
            "reply_content": "\u5e79\u561b\u628a\u8ca0\u9762\u60c5\u7dd2\u5e36\u7d66\u59bb\u5b50?\u7537\u4eba\u6709\u4e8b\u5c31\u53bb\u627e\u5144\u5f1f\u804a\u4e0d\u7136\u5c31\u81ea\u5df1\u641e\u5b9a",
            "likeCount": 0
        },
        {
            "reply_id": "UgwDU0V04dHncdaEZE94AaABAg",
            "reply_content": "\u5176\u5be6\u6709\u6642\u5019\u53ea\u662f\u5728\u61ca\u60f1\u81ea\u5df1\u800c\u5df2\uff0c\u4e26\u6c92\u6709\u751a\u9ebc\u4e8b\u60c5",
            "likeCount": 0
        }
    ]
}