{
    "video_info": {
        "id": "C4_RmIM-baE",
        "channelTitle": "Ku's dream\u9177\u7684\u5922-",
        "title": "\u5728\ud83c\uddf9\ud83c\uddfc\u9ede\u73cd\u73e0\u5976\u8336\u6709\u5920\u96e3\ud83e\udd72",
        "description": "",
        "likeCount": "30753",
        "commentCount": "473",
        "viewCount": "768578"
    },
    "comments": [
        {
            "reply_id": "UgzwlqWHRLReonYoYI14AaABAg",
            "reply_content": "\u6211\u78ba\u4fe1\u4ed6\u771f\u7684\u8aaa\u4e86\u5f88\u6a19\u6e96\u7684\u73cd\u73e0\u5976\u8336\u2026\u6211\u97f3\u91cf\u5168\u958b\u7684\u807d\u5169\u6b21",
            "likeCount": 0
        },
        {
            "reply_id": "UgyZO9FSSpI1n9KYc-54AaABAg",
            "reply_content": "\u7f8e\u5973",
            "likeCount": 0
        },
        {
            "reply_id": "UgxSEN6GmSqk7mnp8Zp4AaABAg",
            "reply_content": "\u5f88\u660e\u986f\u662f\u5e97\u54e1\u6545\u610f\u807d\u4e0d\u61c2",
            "likeCount": 0
        },
        {
            "reply_id": "UgwqYEcOloOdvfnSkh14AaABAg",
            "reply_content": "\u53ea\u8981\u5c0d\u65b9\u7684\u81c9\u8b1b\u51fa\u7684\u8a9e\u8a00\u548c\u4f60\u5927\u8166\u8a8d\u77e5\u4e0d\u7b26\uff0c\u7b2c\u4e00\u6642\u9593\u9084\u662f\u6703\u7576\u6a5f\u4e00\u4e0b\uff0c\u5f88\u591a\u8001\u5916\u807d\u4e9e\u6d32\u4eba\u8b1b\u4ed6\u5011\u7684\u8a9e\u8a00\u4e5f\u662f\u4e00\u6a23\u7684",
            "likeCount": 0
        },
        {
            "reply_id": "Ugz-Wk24d5nNveTV4694AaABAg",
            "reply_content": "\u5609\u660e",
            "likeCount": 0
        },
        {
            "reply_id": "Ugyelt-KUTzgRHju4Md4AaABAg",
            "reply_content": "\u54c8\u54c8\u54c8\u54c8\u54c8\u54c8\u54c8",
            "likeCount": 0
        },
        {
            "reply_id": "UgwlVK18qIfr-tRiF4x4AaABAg",
            "reply_content": "\u86e4\u662f\u78ba\u8a8d\u7684\u610f\u601d",
            "likeCount": 0
        },
        {
            "reply_id": "Ugz2bqpY3Wse3Z1ukDF4AaABAg",
            "reply_content": "\u8b1b\u51fa\u4f86",
            "likeCount": 0
        },
        {
            "reply_id": "UgzrrcYZln__dFFVhNB4AaABAg",
            "reply_content": "\u86e4",
            "likeCount": 0
        },
        {
            "reply_id": "UgxPgx6tbCEDoYkHVt54AaABAg",
            "reply_content": "\u597d\u5947\u54ea\u88e1\u6709\u9019\u500b\u7bc0\u76ee\u7684\u5b8c\u6574\u7248\u53ef\u4ee5\u770b",
            "likeCount": 0
        },
        {
            "reply_id": "Ugyp8RbV7VCqJqDl-QF4AaABAg",
            "reply_content": "\u5f88\u6d41\u5229\u7684\u4e2d\u6587",
            "likeCount": 0
        },
        {
            "reply_id": "UgyYdZ7_DVVhm-h5qvx4AaABAg",
            "reply_content": "\u6211\u771f\u7684\u5feb\u7b11\u6b7b",
            "likeCount": 0
        },
        {
            "reply_id": "Ugz2aonsdCCXP4syx_h4AaABAg",
            "reply_content": "\u5176\u5be6\u5e97\u54e1\u662f\u4e2d\u6587\u79d8\u5bc6\u6e2c\u8a66\u54e1",
            "likeCount": 0
        },
        {
            "reply_id": "UgzORxKlD7oqsNsW_f54AaABAg",
            "reply_content": "\u4e0b\u4e00\u500b\u96e3\u984c\u51b0\u584a\u751c\u5ea6",
            "likeCount": 0
        },
        {
            "reply_id": "Ugzw77sebnbbm-H-R4R4AaABAg",
            "reply_content": "\u771f\u6b63\u7684\u6703\u4e2d\u6587\u662f\u7121\u8ad6\u5c0d\u65b9\u6709\u7121\u53e3\u97f3\u90fd\u80fd\u5920\u807d\u61c2\uff0c\u624d\u662f\u771f\u7684\u6703\u4e2d\u6587\uff0c\u6240\u4ee5\u5e97\u54e1\u8a72\u591a\u8a13\u7df4\u807d\u529b\u548c\u5c08\u6ce8\u529b\u4e86",
            "likeCount": 0
        },
        {
            "reply_id": "UgzqPZ5J1h7d3QmGuy14AaABAg",
            "reply_content": "\u53ef\u80fd\u9810\u8a2d\u4f60\u6703\u8b1b\u82f1\u6587\ud83d\ude06\u7a81\u7136\u8b1b\u4e2d\u6587\u4ed6\u53cd\u61c9\u4e0d\u904e\u4f86\u54c8\u54c8\u54c8",
            "likeCount": 1
        },
        {
            "reply_id": "UgxAxLl6_GB9Q5b9g694AaABAg",
            "reply_content": "\u53f0\u7063\u4e0d\u662f\u90fd\u8aaa\u5927\u5976\u5fae\u5fae\u55ce",
            "likeCount": 0
        },
        {
            "reply_id": "Ugzgbo6LddA_hEBrp8N4AaABAg",
            "reply_content": "\u86e4",
            "likeCount": 0
        },
        {
            "reply_id": "Ugx0XxooHBZVM89KB094AaABAg",
            "reply_content": "\u86e4",
            "likeCount": 0
        },
        {
            "reply_id": "Ugx_dhZHeKFXP2JowM54AaABAg",
            "reply_content": "\u9019\u500b\u6709\u5b8c\u6574\u7248\u55ce",
            "likeCount": 0
        }
    ]
}