{
    "video_info": {
        "id": "cvWIr8QLP2o",
        "channelTitle": "Ku's dream\u9177\u7684\u5922-",
        "title": "\u8b19\u865b\u662f\u7f8e\u5fb7\ud83d\ude09",
        "description": "",
        "likeCount": "12481",
        "commentCount": "245",
        "viewCount": "315068"
    },
    "comments": [
        {
            "reply_id": "UgxfKo5d2Pg8XURNktx4AaABAg",
            "reply_content": "\u7576\u4e00\u500b\u6cf0\u570b\u4eba\u8b1b\u9072\u5230\u7684\u6545\u4e8b\u624d\u771f\u7684\u662f\u883b\u597d\u7b11\u7684\u4e8b\ud83d\ude02",
            "likeCount": 6
        },
        {
            "reply_id": "UgwrPInWWwASLP7FrKN4AaABAg",
            "reply_content": "\u8981\u5225\u4eba\u5148\u8aaa\u8b19\u8b93\u7684\u8a71\u624d\u6703\u89ba\u5f97\u662f\u81ea\u5df1\u7684\u932f",
            "likeCount": 1
        },
        {
            "reply_id": "Ugz75Bb-1dAUZhbwe-R4AaABAg",
            "reply_content": "\u864e\u721b",
            "likeCount": 0
        },
        {
            "reply_id": "Ugyz7JgVwiILxYnZOiR4AaABAg",
            "reply_content": "\u9019\u80d6\u5b50\u7684\u610f\u898b\u6709\u9ede\u504f\u9817\u4e86",
            "likeCount": 0
        },
        {
            "reply_id": "Ugx4VfEaObm1c2sdQTt4AaABAg",
            "reply_content": "\u5a18\u5a18\u4e0d\u662f\u5df2\u7d93\u9000\u6f6e\u4e86",
            "likeCount": 0
        },
        {
            "reply_id": "UgwOJzo82HNQwoentFV4AaABAg",
            "reply_content": "\u611f\u89ba\u50cf\u5728\u8af7\u523a\u9072\u5230\u4eba",
            "likeCount": 0
        },
        {
            "reply_id": "UgysYcVrH7EVuP6EGr94AaABAg",
            "reply_content": "\u53f0\u6e7e\u5510\u51e4\u771f\u591a",
            "likeCount": 0
        },
        {
            "reply_id": "Ugzh_swYvdAAfza1_M94AaABAg",
            "reply_content": "\u597d\u6e96",
            "likeCount": 0
        },
        {
            "reply_id": "UgxSyQIfbWIaW6nPDiB4AaABAg",
            "reply_content": "\u592a\u771f\u5be6\u4e86",
            "likeCount": 0
        },
        {
            "reply_id": "UgxCxKaXKaYLxbo0TTR4AaABAg",
            "reply_content": "\u6240\u4ee5\u9019\u96c6\u53ef\u4ee5\u53bb\u54ea\u88e1\u807d",
            "likeCount": 0
        },
        {
            "reply_id": "Ugyt986l1ohxAnqwmlF4AaABAg",
            "reply_content": "\u8acb\u554f\u9019\u7a2e\u8ac7\u8a71\u6027\u7684\u5f71\u7247\u6216\u8005\u662f\u97f3\u6a94\u8981\u5728\u54ea\u88e1\u624d\u80fd\u5920\u770b\u5230\u5b8c\u6574\u5427\uff1f",
            "likeCount": 0
        },
        {
            "reply_id": "Ugw5u8AuQn7HlSFHZBp4AaABAg",
            "reply_content": "\u6240\u4ee5\u53f0\u7063\u5f88\u559c\u6b61\u65e5\u672c\u4eba",
            "likeCount": 0
        },
        {
            "reply_id": "UgyoNxfSptipVG8BzUh4AaABAg",
            "reply_content": "\u53f0\u7063\u4eba\u5403\u8edf\u4e0d\u5403\u786c",
            "likeCount": 0
        },
        {
            "reply_id": "Ugz3G1oPGSOtx1CKp_h4AaABAg",
            "reply_content": "\u7269\u5316\u4e86\u670d\u88dd",
            "likeCount": 0
        },
        {
            "reply_id": "UgxzIMF2cg00vSdgBb54AaABAg",
            "reply_content": "\u889c\u5b50\u771f\u767d",
            "likeCount": 0
        },
        {
            "reply_id": "UgyMefD5-opesM3XfoV4AaABAg",
            "reply_content": "\u5b8c\u6574\u7248\u5728\u54ea\u88e1\u5462",
            "likeCount": 0
        },
        {
            "reply_id": "Ugxoop7_b5fGd5X26SJ4AaABAg",
            "reply_content": "\u8d85\u5e7d\u9ed8\u7684\u54c8\u54c8\u54c8\u54c8",
            "likeCount": 0
        },
        {
            "reply_id": "Ugwr5T8ul-4Twkj7NtF4AaABAg",
            "reply_content": "\u5c41\u5566",
            "likeCount": 0
        },
        {
            "reply_id": "UgxWCVTjwyQ3Uq5GsiV4AaABAg",
            "reply_content": "\u9019\u500b\u662f\u8af7\u523a\u8ddf\u9178",
            "likeCount": 0
        },
        {
            "reply_id": "UgyJqkMR3UKEXSxd4Q54AaABAg",
            "reply_content": "\u6a19\u984c\u8981\u6539\u6210\u53f0\u7063\u4eba\u5403\u8edf\u4e0d\u5403\u786c",
            "likeCount": 0
        }
    ]
}