{
    "video_info": {
        "id": "g6F3t4C7Iiw",
        "channelTitle": "Ku's dream\u9177\u7684\u5922-",
        "title": "\u4e4b\u5f8c\u5916\u570b\u4eba\u8b1b\u4e2d\u6587\u90fd\u7528\u5531\u7684\u597d\u4e86\ud83d\ude02",
        "description": "",
        "likeCount": "34998",
        "commentCount": "443",
        "viewCount": "704385"
    },
    "comments": [
        {
            "reply_id": "UgwLpCMqCejXkQmWGN54AaABAg",
            "reply_content": "\u5e25\u502b\u7528\u5531\u7684\u597d\u6a19\u6e96",
            "likeCount": 0
        },
        {
            "reply_id": "UgwIqG-7esqPhXyvj5x4AaABAg",
            "reply_content": "\u5531\u7684\u6bd4\u8aaa\u7684\u597d\u807d",
            "likeCount": 0
        },
        {
            "reply_id": "UgxQo-fn19jwwQsjYth4AaABAg",
            "reply_content": "\u539f\u4f86\u9019\u5c31\u662f\u5531\u7684\u6bd4\u8aaa\u7684\u597d\u807d",
            "likeCount": 0
        },
        {
            "reply_id": "UgzVLd_Vkm2IXCmgCKB4AaABAg",
            "reply_content": "\u5531\u6b4c\u6642\u97f3\u8abf\u78ba\u5be6\u6703\u6bd4\u5e73\u5e38\u6a21\u7cca",
            "likeCount": 0
        },
        {
            "reply_id": "UgzIO7QFSlVb5nX1xQ14AaABAg",
            "reply_content": "\u53ef\u4ee5\u554a",
            "likeCount": 0
        },
        {
            "reply_id": "Ugz85G6K6IA3gYc7mFN4AaABAg",
            "reply_content": "\u5531\u5f97\u771f\u7684\u5c31\u807d\u61c2\u4e86",
            "likeCount": 0
        },
        {
            "reply_id": "UgzV99-l9hDtRh0Flyl4AaABAg",
            "reply_content": "\u5531\u7684\u767e\u5206\u767e\u542c\u61c2\u4e86",
            "likeCount": 0
        },
        {
            "reply_id": "Ugz8pkkbJW8rUG0fHlt4AaABAg",
            "reply_content": "\u771f\u7684\u5531\u7684\u6bd4\u8f03\u5c0d",
            "likeCount": 0
        },
        {
            "reply_id": "UgwZrn1WeNCGJx9HvqV4AaABAg",
            "reply_content": "\u8d85\u597d\u7b11",
            "likeCount": 0
        },
        {
            "reply_id": "UgwOAhzeU-F8ZwxFD6Z4AaABAg",
            "reply_content": "\u90a3\u5c31\u90fd\u7528\u5531\u7684\u8b1b\u8a71\u5427",
            "likeCount": 0
        },
        {
            "reply_id": "UgwtRMN2071KAlaSIL14AaABAg",
            "reply_content": "\u5531\u5f97\u6bd4\u8aaa\u7684\u597d\u807d",
            "likeCount": 0
        },
        {
            "reply_id": "UgwqAyVXMiU37VNo9R14AaABAg",
            "reply_content": "\u592a\u4e0d\u53ef\u601d\u8b70\u4e86\u5427",
            "likeCount": 0
        },
        {
            "reply_id": "UgzuGYjvE0aB8NaDYel4AaABAg",
            "reply_content": "\u5973\u751f\u662f\u8ab0\u5440",
            "likeCount": 0
        },
        {
            "reply_id": "UgwLg9cN8-tfmbWKsnF4AaABAg",
            "reply_content": "\u7b11\u6b7b",
            "likeCount": 0
        },
        {
            "reply_id": "UgyMIkOu3yhfIIoRODJ4AaABAg",
            "reply_content": "\u5531\u5f97\u771f\u7684\u61c2\uff0c\u61c9\u8a72\u6211\u5011\u6703\u8166\u88dc\u4e0d\u61c2\u7684\u5730\u65b9\u4f7f\u807d\u5230\u7684\u5408\u7406",
            "likeCount": 0
        },
        {
            "reply_id": "UgwJvQYY_G-CUi0eXsF4AaABAg",
            "reply_content": "\u7528\u5531\u7684\u771f\u7684\u6bd4\u8f03\u77e5\u9053\u4ed6\u8981\u6c34\u9903",
            "likeCount": 1
        },
        {
            "reply_id": "UgydToWs8rqoZicxNYx4AaABAg",
            "reply_content": "\u539f\u4f86\u6c34\u9903\u7684\u7b11\u8a71\u662f\u771f\u7684",
            "likeCount": 1
        },
        {
            "reply_id": "UgxDXvGya_V__y2kWtR4AaABAg",
            "reply_content": "\u4e2d\u6587\u52d5\u4e0d\u52d5\u5c31\u8981\u7528\u5531\u7684\uff0c\u5370\u5ea6\u4eba\u5247\u662f\u52d5\u4e0d\u52d5\u5c31\u8df3\u8d77\u821e\u4f86",
            "likeCount": 1
        },
        {
            "reply_id": "UgwaDrig_HtLGcBdpkt4AaABAg",
            "reply_content": "\u82f1\u6587\u7684\u8a9e\u8abf\u5c31\u5f88\u6b7b\u554a \u8001\u5916\u4e0d\u61c2\u5f97\u56db\u8072\u7b26\u865f\u7576\u7136\u4e0d\u6703\u767c\u97f3",
            "likeCount": 0
        },
        {
            "reply_id": "Ugx0QxlyVoA3E15Cvpl4AaABAg",
            "reply_content": "\u597d\u6709\u9053\u7406\uff0c\u807d\u97f3\u6a02\u7684\u6642\u5019\u771f\u7684\u6703\u81ea\u52d5\u5ffd\u7565\u8072\u8abf\u5e6b\u8a5e\u4fee\u6b63\u6b38",
            "likeCount": 0
        }
    ]
}