{
    "video_info": {
        "id": "Id7FDBRuJas",
        "channelTitle": "Ku's dream\u9177\u7684\u5922-",
        "title": "\u53ea\u6709\u6211\u5011\u89ba\u5f97\u4e2d\u6587\u548c\u53f0\u8a9e\u7684\u9f3b\u97f3\u5f88\u91cd\u55ce\ud83d\ude02",
        "description": "",
        "likeCount": "21552",
        "commentCount": "285",
        "viewCount": "584451"
    },
    "comments": [
        {
            "reply_id": "UgzlAs0mzm_KlKbgokF4AaABAg",
            "reply_content": "\u5bb6\u660e\u7684\u5473\u9053\u805e\u8d77\u4f86\u50cf\u5bb6\u660e\u7684\u5473\u9053\u55ce",
            "likeCount": 0
        },
        {
            "reply_id": "Ugzzpe5uk4Bej-W58n14AaABAg",
            "reply_content": "\u54c8\u54c8\u54c8\u54c8\u54c8",
            "likeCount": 0
        },
        {
            "reply_id": "Ugztvxpvfo-nTTCahCB4AaABAg",
            "reply_content": "\u61c9\u8a72\u8981\u4ecb\u7d39\u8521\u79cb\u9cf3\u7684\u6b4c\u7d66\u4ed6\u5011\u807d\u807d",
            "likeCount": 0
        },
        {
            "reply_id": "UgygEDoP8LWt4CFyj894AaABAg",
            "reply_content": "\u5b78\u6b6a\u4e86",
            "likeCount": 0
        },
        {
            "reply_id": "UgyJ_37yEiRSts8TajZ4AaABAg",
            "reply_content": "\u6709\u5609\u660e\u7684\u5473\u9053",
            "likeCount": 0
        },
        {
            "reply_id": "UgzQJPjwgj7ygGKiWZx4AaABAg",
            "reply_content": "\u7b11\u6b7b\u6211\u4e86",
            "likeCount": 0
        },
        {
            "reply_id": "Ugx27ycVD3IiOKHBZ6F4AaABAg",
            "reply_content": "\u4f60\u5a18\u5b78\u5f97\u6700\u5230\u4f4d",
            "likeCount": 0
        },
        {
            "reply_id": "UgzXHopy-3N61qVZbBx4AaABAg",
            "reply_content": "\u5f88\u53f0\u5f88\u9053\u5730",
            "likeCount": 0
        },
        {
            "reply_id": "UgwjdPxXgrg1-uKMttd4AaABAg",
            "reply_content": "\u9ed1\u725b\u7684\u60a8\u5a18\u6bd4\u8f03\u6a19\u6e96",
            "likeCount": 0
        },
        {
            "reply_id": "UgxdnM06L5xM9ElVoAB4AaABAg",
            "reply_content": "\u53f0\u8a9e\u9f3b\u97f3\u6c92\u90a3\u9ebc\u9577",
            "likeCount": 0
        },
        {
            "reply_id": "Ugw8lR4o0DHnAwesIrh4AaABAg",
            "reply_content": "\u7b11\u6b7b",
            "likeCount": 0
        },
        {
            "reply_id": "UgxtJxmm-jiJhQqi5j54AaABAg",
            "reply_content": "\u9019\u7fa4\u4eba\u58de\u6389\u4e86",
            "likeCount": 0
        },
        {
            "reply_id": "Ugwr_S3GvatLJX8Ieep4AaABAg",
            "reply_content": "\u6a19\u6e96\u5230\u4e0d\u884c",
            "likeCount": 0
        },
        {
            "reply_id": "Ugx7PCtv6nj1trFXlfB4AaABAg",
            "reply_content": "\u4e00\u5b9a\u662f\u9ed1\u9f8d\u5e36\u58de\u7684",
            "likeCount": 0
        },
        {
            "reply_id": "UgxytKmL0KTZqXVXdol4AaABAg",
            "reply_content": "\u570b\u5c0f\u570b\u4e2d\u5f88\u6a5f\u8eca\u7684\u8001\u5e2b\u90fd\u6709\u9019\u7a2e\u9f3b\u97f3",
            "likeCount": 0
        },
        {
            "reply_id": "Ugy8CKwozqKFkaG66CR4AaABAg",
            "reply_content": "\u6211\u5feb\u7b11\u6b7b",
            "likeCount": 0
        },
        {
            "reply_id": "UgwiJ0S-QJuZE3tO7SB4AaABAg",
            "reply_content": "\u6211\u7b11\u4e86",
            "likeCount": 0
        },
        {
            "reply_id": "UgwNYn8wuAdGXU_6N2Z4AaABAg",
            "reply_content": "\u6211\u7b11\u5230\u5674\u6dda",
            "likeCount": 0
        },
        {
            "reply_id": "UgyppEV5Lby68QVPDMJ4AaABAg",
            "reply_content": "\u5f71\u7247\u88e1\u5973\u751f\u662f\u8ab0",
            "likeCount": 0
        },
        {
            "reply_id": "UgweLrVIDojGYOGVOpd4AaABAg",
            "reply_content": "\u6bcd\u634f\u626d",
            "likeCount": 0
        }
    ]
}