{
    "video_info": {
        "id": "m1HMgbkpwJI",
        "channelTitle": "Ku's dream\u9177\u7684\u5922-",
        "title": "\u4e0d\u8981\u6436\u6211\u7684\u6392\u9aa8\ud83e\udd2c\ud83e\udd2c\ud83e\udd2c",
        "description": "",
        "likeCount": "21490",
        "commentCount": "185",
        "viewCount": "509995"
    },
    "comments": [
        {
            "reply_id": "UgwjcnMpKeN5Vz23A894AaABAg",
            "reply_content": "\u8acb\u554f\u54ea\u88e1\u807d\u5230\u5b8c\u6574\u7248",
            "likeCount": 2
        },
        {
            "reply_id": "UgztY3tu2hktz4cbGON4AaABAg",
            "reply_content": "\u611f\u89ba\u5f88\u53ef\u611b",
            "likeCount": 1
        },
        {
            "reply_id": "UgwCcmqpdXMcdlrVwnl4AaABAg",
            "reply_content": "\u60f3\u8aaa\u6574\u96c6\u5167\u5bb9",
            "likeCount": 1
        },
        {
            "reply_id": "UgzwrWpeqBQjBnLyW154AaABAg",
            "reply_content": "\u51ac\u5929\u5feb\u5230\u4e86",
            "likeCount": 1
        },
        {
            "reply_id": "UgyhdF_dXWjcXoiXV554AaABAg",
            "reply_content": "\u6e05\u71c9\u7f8a\u8089\u7210\u597d\u5403",
            "likeCount": 1
        },
        {
            "reply_id": "UgxDu8lnBPQmMj6DPCp4AaABAg",
            "reply_content": "\u8981\u53bb\u54ea\u88e1\u770b\u5b8c\u6574\u7248",
            "likeCount": 0
        },
        {
            "reply_id": "Ugxk1U72R864ADWVI2R4AaABAg",
            "reply_content": "\u7f8a\u8089\u7210\u597d\u5403",
            "likeCount": 0
        },
        {
            "reply_id": "UgxQFX2Va0BPPFEHJbl4AaABAg",
            "reply_content": "\u90a3\u8868\u60c5\u597d\u5230\u4f4d\u54c8\u54c8\u54c8\u54c8\u54c8\u54c8\u54c8",
            "likeCount": 0
        },
        {
            "reply_id": "UgzVstGRV5cm4_fLSo94AaABAg",
            "reply_content": "\u7b11\u760b",
            "likeCount": 0
        },
        {
            "reply_id": "UgydbIFjKMjIr-k16eB4AaABAg",
            "reply_content": "\u54c8\u54c8\u54c8\u54c8",
            "likeCount": 0
        },
        {
            "reply_id": "UgyPcfUULMJ8wK9Hw6V4AaABAg",
            "reply_content": "\u600e\u9ebc\u6c92\u6709\u5b8c\u6574\u7248",
            "likeCount": 0
        },
        {
            "reply_id": "UgwKBAEZwF7wRXRblUR4AaABAg",
            "reply_content": "\u4f60\u5011\u7684\u82f1\u6587\u90fd\u597d\u597d\u5594",
            "likeCount": 4
        }
    ]
}