{
    "video_info": {
        "id": "r24cyE8svmE",
        "channelTitle": "Ku's dream\u9177\u7684\u5922-",
        "title": "\ud83c\udf5c\u7d71\u4e00\u8089\u71e5\u9eb5\u3001\u53f0\u9152\u82b1\u96d5\u96de\u9eb5\uff1f\ud83c\uddeb\ud83c\uddf7\u6cd5\u570b\u9ad8\u4e2d\u751f\u4e00\u5403\u5c31\u8457\u8ff7\u7684\u53f0\u7063\u6ce1\u9eb5\ud83d\ude0d\uff01French Highschoolers Try Taiwanese Noodles for the First Time!",
        "description": "\u9ad8\u4e2d\u7cfb\u5217\u53c8\u4f86\u4e86\uff01\n\u9019\u4e00\u6b21\u4ecb\u7d39\u7684\u662f\u5927\u5bb6\u671f\u5f85\u5f88\u4e45\u7684\u53f0\u7063\u6ce1\u9eb5\ud83c\udf5c\n\u6cd5\u570b\u9ad8\u4e2d\u751f\u90fd\u5f88\u9a5a\u8a1d \u6c92\u60f3\u5230\u6709\u9019\u9ebc\u591a\u53e3\u5473 \u800c\u4e14\u88e1\u9762\u6709\u771f\u7684\u8089\uff01\ud83e\udd69\n\u4ed6\u5011\u73fe\u5728\u90fd\u9ad8\u4e09\u4e86 \u7834200\u842c\u662f\u4e0d\u662f\u6709\u6a5f\u6703\u5e36\u4ed6\u5011\u4f86\u53f0\u7063\u7562\u696d\u65c5\u884c\ud83d\udc40",
        "likeCount": "51622",
        "commentCount": "2573",
        "viewCount": "1590297"
    },
    "comments": [
        {
            "reply_id": "UgxYxx9AqG_ZjFrYOnh4AaABAg",
            "reply_content": "\u600e\u9ebc\u6c92\u6709\u6392\u540d",
            "likeCount": 1
        },
        {
            "reply_id": "UgyHHfMgL9Dgyi-1SV14AaABAg",
            "reply_content": "\u6211\u6700\u559c\u6b61\u6cd5\u570b\u9ad8\u4e2d\u7cfb\u5217",
            "likeCount": 0
        },
        {
            "reply_id": "UgxHJnUOXXbh2HVP44B4AaABAg",
            "reply_content": "\u90a3\u500b\u5403\u6771\u897f\u53e3\u6c34\u8072\u97f3\u7684\u95dc\u982d\u97f3\u6548\u771f\u7684\u5f88\u8b93\u4eba\u51fa\u6232\ud83d\ude02",
            "likeCount": 0
        },
        {
            "reply_id": "UgwCh7aHU8mvjmc-kCZ4AaABAg",
            "reply_content": "\u77ed\u9aee\u59b9\u5b50\u5f88\u6709\u6599",
            "likeCount": 0
        },
        {
            "reply_id": "UgwzNupBRwuM4xy_5nt4AaABAg",
            "reply_content": "\u9019\u7247\u770b\u5b8c\u5f8c\u89ba\u5f97\u6cd5\u570b\u5b69\u5b50\u597d\u53ef\u6190\u53ea\u662f\u6ce1\u9eb5\u4e5f\u4ee4\u4ed6\u5011\u9019\u9ebc\u591a\u611f\u89f8",
            "likeCount": 0
        },
        {
            "reply_id": "Ugy5FVhTeNmm2hXpKrp4AaABAg",
            "reply_content": "\u5f88\u68d2\u7684\u4f01\u5283",
            "likeCount": 0
        },
        {
            "reply_id": "UgwHloQwsecOvmFMYE94AaABAg",
            "reply_content": "\u771f\u7684\u5f88\u559c\u6b61\u9ad8\u4e2d\u751f\u7cfb\u5217\uff0c\u9019\u6b21\u9023\u6821\u9577\u526f\u6821\u9577\u90fd\u4f86\u4e86\u54c8\u54c8",
            "likeCount": 0
        },
        {
            "reply_id": "UgxYs7ul9AjoaV_6-Zp4AaABAg",
            "reply_content": "\u6cd5\u570b\u9ad8\u4e2d\u751f\u7fd2\u6163\u52c7\u65bc\u8868\u9054\u81ea\u5df1\u7684\u60f3\u6cd5\uff0c\u53cd\u61c9\u90fd\u5f88\u53ef\u611b",
            "likeCount": 0
        },
        {
            "reply_id": "UgwKme4Ue5SViS4BlJV4AaABAg",
            "reply_content": "\u6eff\u6f22\u5927\u9910\u771f\u7684\u597d\u5403\u5230\u7206",
            "likeCount": 0
        },
        {
            "reply_id": "UgwC5_X46R0SZt_VMlx4AaABAg",
            "reply_content": "\u4e00\u4eba\u6bcf\u7a2e\u7d66\u4e00\u7897\u62c9 \u52a0\u4e0a\u611f\u8b1d\u4ed6\u5011\u5e6b\u5fd9\u62cd\u651d\u7bc0\u76ee\u53ef\u4ee5\u591a\u7d66\u5e7e\u5305\u4ed6\u5011\u6700\u559c\u6b61\u7684",
            "likeCount": 0
        },
        {
            "reply_id": "UgyMNbPTTZYdP4QUucx4AaABAg",
            "reply_content": "\u53ef\u4ee5\u52a0\u98ef",
            "likeCount": 0
        },
        {
            "reply_id": "Ugxpo5IOEVsbCy9rmcZ4AaABAg",
            "reply_content": "\u6211\u5011\u5403\u6cd5\u570b\u7684\u6ce1\u9eb5\u6216\u8a31\u4e5f\u6703\u8457\u8ff7\u5427",
            "likeCount": 0
        },
        {
            "reply_id": "UgwWMeaffli3xdXBeY54AaABAg",
            "reply_content": "\u6700\u559c\u6b61\u770b\u9ad8\u4e2d\u751f\u7cfb\u5217\u4e86 \u771f\u7684\u4e00\u7fa4\u5f88\u53ef\u611b\u7684\u5b78\u751f",
            "likeCount": 0
        },
        {
            "reply_id": "UgwrJXYFIUnjYccpV-t4AaABAg",
            "reply_content": "\u5f71\u7247\u597d\u770b\u7cbe\u5f69",
            "likeCount": 0
        },
        {
            "reply_id": "UgylfxhPx4v-b_3ZNGR4AaABAg",
            "reply_content": "\u5403\u4e0b\u53bb",
            "likeCount": 0
        },
        {
            "reply_id": "UgyK1JhbLU5LiXk_GCB4AaABAg",
            "reply_content": "\u4e0d\u7136\u5927\u5bb6\u4e00\u8d77\u96c6\u8cc7\u6296\u5167\u8b93\u5404\u7a2e\u5718\u968a\u4e00\u8d77\u4f86\u53f0\u7063\u597d\u4e86\ud83e\udd23",
            "likeCount": 0
        },
        {
            "reply_id": "UgwmHiYhsEoy3Jy6qOp4AaABAg",
            "reply_content": "\u4e0b\u6b21\u53ef\u4ee5\u4e00\u4eba\u7d66\u4e00\u500b\u514d\u6d17\u7897\u611f\u89ba\u53ef\u4ee5\u5403\u5f97\u66f4\u65b9\u4fbf\u958b\u5fc3",
            "likeCount": 0
        },
        {
            "reply_id": "UgyQIzLv2RRyRnnaFNR4AaABAg",
            "reply_content": "\u9084\u53ef\u4ee5\u52a0\u98ef",
            "likeCount": 0
        },
        {
            "reply_id": "UgwUjRDUSQtmIQf6Z-h4AaABAg",
            "reply_content": "\u9084\u53ef\u4ee5\u6ce1\u98ef\u5594",
            "likeCount": 0
        },
        {
            "reply_id": "UgzycZ8PLssdWZkWYUt4AaABAg",
            "reply_content": "\u53f0\u9152\u7684\u82b1\u96d5\u96de\u9eb5\u6211\u7684\u6700\u611b",
            "likeCount": 0
        }
    ]
}