{
    "video_info": {
        "id": "R7ZlHqwuTE4",
        "channelTitle": "Ku's dream\u9177\u7684\u5922-",
        "title": "\ud83e\udd86\u6ef7\u9d28\u7fc5\u3001\u751c\u4e0d\u8fa3\uff1f\uff01\ud83c\uddeb\ud83c\uddf7\u8ff7\u5012\u6cd5\u570b\u4eba\u7684\u53f0\u7063\u6ef7\u5473\uff01French People Try Taiwanese LUWEI for the first time",
        "description": "\u6211\u958b\u4e86\u6cd5\u570b\u7b2c\u4e00\u5bb6\u6ef7\u5473\u6524\uff01\ud83c\uddeb\ud83c\uddf7\n\u8d85\u7d1a\u9650\u91cf \u8981\u8cb7\u8981\u5feb\u5594\ud83d\ude02\n\u6211\u5011\u9019\u4e00\u6b21\u7279\u5225\u53c8\u9080\u8acb\u4e86\u53f0\u7063\u5eda\u5e2b\u5e6b\u6211\u5011\u716e\u53f0\u7063\u6ef7\u5473\u7d66\u6cd5\u570b\u670b\u53cb\u5011\u8a66\u5403\ud83d\udc6a\n\u6211\u53ea\u80fd\u8aaa\uff1a\u771f\u7684\u6709\u5546\u6a5f \u53f0\u7063\u4eba \u8d95\u5feb\u53bb\u958b\u9910\u5ef3\uff01\uff01\ud83c\uddf9\ud83c\uddfc\n\u6211\u500b\u4eba\u6ef7\u5473\u5fc5\u9ede\u7684\u662f\u8c46\u76ae\u8ddf\u738b\u5b50\u9eb5 \u914d\u8d77\u4f86\u8d85\u8b9a \ud83c\udf5c\n\u5927\u5bb6\u6703\u9ede\u4ec0\u9ebc\u5462\uff1f\n\n\u5f71\u7247\u4f86\u6e90\uff1a\n\n\"\u505a\u6ef7\u5473\"\u7adf\u53ef\u4ee5\u8b8a\u5bcc\u8c6a? \u53f0\u7063\u4eba\u4e00\u5e74\u53ef\u5403\u4e0b300\u5104\u5143\u6ef7\u5473 \u51b7\u6ef7\u5de5\u5ee0\u5c0f\u5c0f\u5e73\u6ac3\u4f4d \u4e0b\u4e00\u500b\u6708\u537b\u5275\u4e0b\u767e\u842c\u5143\u71df\u6536\nhttps://www.youtube.com/watch?v=__Ii2bnCR1Q\n\u85e5\u81b3\u6ef7\u5473\u592f\uff01\u6bcf\u6a23\u9285\u677f\u50f910 30\u5143 \u5ba2\u4eba\u7d61\u7e79\u4e0d\u7d55\nhttps://www.youtube.com/watch?v=W2B8JKdTN-0\n\u6b78\u96f6\u518d\u596e\u8d77\u201c\u5104\u5143\u6ef7\u5473\u6524\u201d\u2502\u4e10\u5e6b\u6ef7\u5473\u2502\u3010\u53f0\u7063\u771f\u5584\u7f8e\u30112020.03.15\nhttps://www.youtube.com/watch?v=-5av3NMXi7g",
        "likeCount": "73738",
        "commentCount": "3525",
        "viewCount": "1618265"
    },
    "comments": [
        {
            "reply_id": "UgwgxD4XCgS40rwi1qR4AaABAg",
            "reply_content": "\u6cd5\u570b\u4e09\u5144\u5f1f\u5f88\u5e25",
            "likeCount": 1
        },
        {
            "reply_id": "UgwLkPUqkv2o7rLHtHt4AaABAg",
            "reply_content": "\u671f\u5f85\u99ac\u4e01\u8d95\u5feb\u4f86\u53f0\u7063",
            "likeCount": 0
        },
        {
            "reply_id": "UgynIhBW93a0kdT4S-V4AaABAg",
            "reply_content": "\u4ed6\u5011\u8d8a\u4f86\u8d8a\u6703\u7528\u7b77\u5b50\u60f9",
            "likeCount": 0
        },
        {
            "reply_id": "UgykzIFjiB5HGHn6aQZ4AaABAg",
            "reply_content": "\u671f\u5f85\u6703\u6709\u6e05\u7ca5\u5c0f\u83dc\u7279\u8f2f",
            "likeCount": 0
        },
        {
            "reply_id": "Ugx0mwlCBQ61SVP0aph4AaABAg",
            "reply_content": "\u63a8\u85a6\u53f0\u7063\u627e\u9177\u64d4\u4efb\u53f0\u7063\u65c5\u904a\u7f8e\u98df\u5927\u4f7f",
            "likeCount": 0
        },
        {
            "reply_id": "UgwbKtpXqb4ll-DxgCR4AaABAg",
            "reply_content": "\u76e7\u5361\u65af\u6cd5\u570b\u4e09\u5144\u5f1f\u5f71\u7247\u5728\u54ea",
            "likeCount": 0
        },
        {
            "reply_id": "Ugx-7Gwch5L4v6ygfHV4AaABAg",
            "reply_content": "\u5012\u76e4\u5b50\u4e0a\u6bd4\u8f03\u597d\u5403",
            "likeCount": 0
        },
        {
            "reply_id": "UgwPoWpGw5g2b0d15FJ4AaABAg",
            "reply_content": "\u6211\u6bd4\u8f03\u60f3\u770b\u5230\u4ed6\u5011\u770b\u5230\u53f0\u7063\u4ea4\u901a\u7684\u53cd\u61c9\uff0c\u5c31\u770b\u4f60\u6562\u4e0d\u6562\u62cd\u4e86",
            "likeCount": 0
        },
        {
            "reply_id": "Ugwhkc_4F7aoNXl9nkd4AaABAg",
            "reply_content": "\u771f\u671f\u5f85\u6cd5\u570b\u670b\u53cb\u4f86\u53f0\u7063",
            "likeCount": 0
        },
        {
            "reply_id": "Ugwgk9OdrRXqhU8vcHd4AaABAg",
            "reply_content": "\u671f\u5f85\u6cd5\u570b\u4e09\u5144\u5f1f\u5f71\u7247",
            "likeCount": 0
        },
        {
            "reply_id": "UgyUShmr7_pb3gWTJaB4AaABAg",
            "reply_content": "\u6ef7\u5473\u7684\u8c6c\u8033\u6735\u8ddf\u96de\u5fc3\u771f\u7684\u5f88\u597d\u5403",
            "likeCount": 0
        },
        {
            "reply_id": "UgzV6-mrB_0kVV83X_N4AaABAg",
            "reply_content": "\u4ee5\u524d\u5f9e\u5b78\u6821\u7cfb\u5217\u958b\u59cb\u5c31\u89ba\u5f97\u99ac\u4e01\u6839\u672c\u5c31\u662f\u53f0\u7063\u80c3",
            "likeCount": 0
        },
        {
            "reply_id": "Ugxk5mI2usvyyGbuTlR4AaABAg",
            "reply_content": "\u6551\u547d\u597d\u671f\u5f85\u6cd5\u570b\u4e09\u5144\u5f1f\u54c8\u54c8\u54c8",
            "likeCount": 0
        },
        {
            "reply_id": "UgwlEZo0twGI3jCcCwl4AaABAg",
            "reply_content": "\u4e0b\u6b21\u62cd\u9e7d\u6c34\u96de\u5982\u4f55",
            "likeCount": 0
        },
        {
            "reply_id": "UgxFrWlkLJW4jAcnf794AaABAg",
            "reply_content": "\u597d\u8b9a",
            "likeCount": 0
        },
        {
            "reply_id": "UgxafTqTT4QC39WaEJB4AaABAg",
            "reply_content": "\u6cd5\u570b\u7cfb\u5217\u90fd\u662f\u540c\u4e00\u500b\u5957\u8def\uff0c\u770b\u4e45\u89ba\u5f97\u4e86\u7121\u65b0\u610f",
            "likeCount": 2
        },
        {
            "reply_id": "UgwctvQZ1a1KK347PQN4AaABAg",
            "reply_content": "\u9177\u6839\u672c\u5c31\u53f0\u7063\u89c0\u5149\u5927\u4f7f",
            "likeCount": 1
        },
        {
            "reply_id": "UgxqJRAPwsR6QfIIkF14AaABAg",
            "reply_content": "\u597d\u671f\u5f85",
            "likeCount": 0
        },
        {
            "reply_id": "UgyvJsjUMfUUjn1M6Kd4AaABAg",
            "reply_content": "\u5176\u5be6\u6211\u4e5f\u4e0d\u6703\u7528\u7b77\u5b50\u53bb\u5403\u9d6a\u9d89\u86cb",
            "likeCount": 0
        },
        {
            "reply_id": "UgxU64dZ_DcEd2wZ4lx4AaABAg",
            "reply_content": "\u671f\u5f85\u4e09\u5144\u5f1f",
            "likeCount": 0
        }
    ]
}