{
    "video_info": {
        "id": "tC6D4ehrdew",
        "channelTitle": "Ku's dream\u9177\u7684\u5922-",
        "title": "\ud83c\uddeb\ud83c\uddf7\u6cd5\u570b\u4eba\u4e00\u53e3\u6c23\u5403\u720619\u9593\u6ef7\u8089\u98ef\uff01\uff1f\ud83d\udc37\ud83c\udf5a\u8c6c\u9053\u6700\u597d\u5403\u7684\u6ef7\u8089\u98ef\u5c31\u5728... French People Eat EVERY Braised Pork Rice in Taiwan",
        "description": "\u4f7f\u7528\u6211\u7684\u5c08\u5c6c\u9023\u7d50 https://nordvpn.com/kudream \u53d6\u5f97\u7368\u5bb6\u512a\u60e0\uff5e\nNordVPN\u8d85\u503c\u6298\u6263\uff0b4 \u500b\u6708\u984d\u5916\u4f7f\u7528\u671f\n\u6298\u6263\u78bc\uff1akudream\n\n\u5f71\u7247\u4f86\u6e90\uff1a\nhttps://www.youtube.com/watch?v=cOdLyqyHOow\nhttps://youtu.be/_6GjU77Xhbs?si=IzktKFYnxjaK_-2-&t=23\nhttps://youtu.be/6IY6X4hF-40?si=IvB1iGG_xTBgg6od\nhttps://youtu.be/w4e6QGPs6ZM?si=P_qpUCGiBMXui-3y\nhttps://youtu.be/zRE-wCQGRvQ?si=TAQfmEnr1rNJO5mK\n\n\u8b1d\u8b1d\u7518\u4e39\u8a2d\u8a08\u5e6b\u6211\u5011\u6539\u9020\u5de5\u4f5c\u5ba4\ud83e\udd29\n\u5927\u5bb6\u6709\u8208\u8da3\u4e5f\u6b61\u8fce\u627e\u4ed6\u5011\uff01\nhttps://youtube.com/@WingTVVV?si=pdazouhJU-iKOE4L",
        "likeCount": "25074",
        "commentCount": "2765",
        "viewCount": "1083392"
    },
    "comments": [
        {
            "reply_id": "UgyJaxEr6VcprNXZLol4AaABAg",
            "reply_content": "\u4e0b\u6b21\u5403\u8089\u71e5\u98ef\u53ef\u4ee5\u5728\u4e0a\u9762\u7051\u4e00\u9ede\u80e1\u6912\u7c89\n\u5473\u9053\u66f4\u8b9a",
            "likeCount": 0
        },
        {
            "reply_id": "UgyL-6RUEZI4nwhHoHx4AaABAg",
            "reply_content": "\u677f\u6a4b\u7684\u6d77\u5c71\u6ef7\u8089\u98ef\u5f88\u597d\u5403",
            "likeCount": 0
        },
        {
            "reply_id": "UgxDzmPraoStkTzi7_h4AaABAg",
            "reply_content": "\u53f0\u4e2d\u7684\u5728\u6211\u570b\u5c0f\u65c1\u908a\u6b38",
            "likeCount": 0
        },
        {
            "reply_id": "UgxVYmaBqbLrvvw6RJ94AaABAg",
            "reply_content": "\u600e\u9ebc\u6c92\u6709\u5403\u5929\u5929\u5229",
            "likeCount": 0
        },
        {
            "reply_id": "UgyScIhk0RoiQOZd0FF4AaABAg",
            "reply_content": "\u8d70\u9418\u7d05\u6bef\u5403\u6ef7\u8089\u98ef\u908a\u8d70\u54c8\u54c8\u54c8\u54c8\u592a\u72c2\u5566",
            "likeCount": 0
        },
        {
            "reply_id": "Ugx3QCGqMVNHvODX7yZ4AaABAg",
            "reply_content": "\u827e\u502b\u53d4\u53d4\u751f\u65e5\u5feb\u6a02",
            "likeCount": 0
        },
        {
            "reply_id": "Ugzk8N_YtbcrF-5W4nh4AaABAg",
            "reply_content": "\u963f\u6bdb\u597d\u53ef\u611b",
            "likeCount": 0
        },
        {
            "reply_id": "Ugyo5ozclYB3E98psdd4AaABAg",
            "reply_content": "\u7b2c\u4e00\u4ef6\u91dd\u7684\u597d\u770b\u5f88\u591a",
            "likeCount": 0
        },
        {
            "reply_id": "UgzuqxJasros-eyRu3N4AaABAg",
            "reply_content": "\u751f\u65e5\u5feb\u6a02",
            "likeCount": 0
        },
        {
            "reply_id": "Ugx84eirLAhExy1Buid4AaABAg",
            "reply_content": "\u897f\u9580\u753a\u6709\u4e00\u5bb6\u6ef7\u8089\u98ef\u883b\u597d\u5403\u7684\n\u5e97\u540d\u53eb\u5929\u5929\u5229",
            "likeCount": 0
        },
        {
            "reply_id": "Ugzcjh6nha1jqcXeJOF4AaABAg",
            "reply_content": "\u53f0\u5317\u597d\u5403\u7684\u6ef7\u8089\u98ef\u63a8\u5357\u6a5f\u5834\u5c0f\u9673",
            "likeCount": 0
        },
        {
            "reply_id": "UgxPg7BQVSVR9RXJk2J4AaABAg",
            "reply_content": "\u7a81\u7136\u767c\u73fe\u6bdb\u6bdb\u5f88\u50cf\u8ce4\u8446\u5718\u968a\u7684\u677e\u9f20",
            "likeCount": 0
        },
        {
            "reply_id": "Ugyoj0eKybupO7P_ztp4AaABAg",
            "reply_content": "\u8089\u71e5\u672c\u4f86\u5c31\u662f\u6307\u5241\u788e\u7684\u8089",
            "likeCount": 0
        },
        {
            "reply_id": "UgwCvPZAhHCivawNxz14AaABAg",
            "reply_content": "\u897f\u9580\u753a\u90a3\u5bb6\u4e5f\u5f88\u597d\u5403",
            "likeCount": 0
        },
        {
            "reply_id": "UgzqAt5uhRY-wLT_3Vx4AaABAg",
            "reply_content": "\u53ef\u80fd\u6709\u4e9b\u8a55\u5206\u9ad8\u7684\u5730\u65b9\u53b2\u5bb3\u7684\u4e26\u4e0d\u662f\u5b83\u7684\u6ef7\u8089\u98ef\ud83d\ude05",
            "likeCount": 0
        },
        {
            "reply_id": "Ugx3VLWzNPR7wkwA9mp4AaABAg",
            "reply_content": "\u8eab\u70ba\u4e00\u500b\u57fa\u9686\u4eba\u5c0f\u6587\u5f9e\u5c0f\u5403\u5230\u5927\u53ea\u80fd\u8aaa\u6c92\u4ee5\u524d\u597d\u5403\u4e86",
            "likeCount": 0
        },
        {
            "reply_id": "UgzkBMSv_9e_HW96ddd4AaABAg",
            "reply_content": "\u4eca\u5927\u500b\u4eba\u4e0d\u559c\u6b61",
            "likeCount": 0
        },
        {
            "reply_id": "Ugwgvv5K7QH8yWi1r3N4AaABAg",
            "reply_content": "\u7b2c\u4e00\u4ef6\u6bd4\u8f03\u597d\u770b",
            "likeCount": 0
        },
        {
            "reply_id": "UgyYwjmgM4VzDNzV-Ol4AaABAg",
            "reply_content": "\u6bd4\u8d77\u90a3\u4e9b\u8aaa\u8b0a\u7684\u653f\u5ba2 \u9177\u6bd4\u4ed6\u5011\u624d\u662f\u771f\u7684\u611b\u53f0\u7063",
            "likeCount": 0
        },
        {
            "reply_id": "UgyVyS0OhHb4kWzxnqV4AaABAg",
            "reply_content": "\u57fa\u9686\u8981\u5403\u5edf\u53e3\u90a3\u5bb6\u5566",
            "likeCount": 0
        }
    ]
}