{
    "video_info": {
        "id": "U0F2zAD01z0",
        "channelTitle": "Ku's dream\u9177\u7684\u5922-",
        "title": "\ud83d\ude28\u9023\u53f0\u7063\u4eba\u90fd\u50bb\u773c\uff1f\uff01\u5b8c\u5168\u807d\u4e0d\u61c2\u7684\u53f0\u7063\u7d93\u5178\u5ee3\u544a\uff01\uff1fft. @lynnwu0219 @594blackdragon @Tw-Universe",
        "description": "\u5927\u5bb6\u559c\u6b61\u7684\u4e2d\u6587\u6311\u6230\u7cfb\u5217\u56de\u4f86\u4e86\uff01\n\n\u9019\u6b21\u6211\u5011\u4e0d\u53ea\u6b61\u8fce\u7b2c\u4e8c\u500b\u53f0\u7063\u4f86\u8cd3@lynnwu0219  \u4e5f\u8acb\u4e86@Tw-Universe \u7684\u9ed1\u9f8d\u9ed1\u725b\u8ddf\u5609\u660e\n\u9019\u96c6\u7d55\u5c0d\u662f\u6709\u53f2\u4ee5\u4f86\u6700\u5435\u7684\u9304\u5f71 \u5f71\u7247\u97f3\u91cf\u8a18\u5f97\u8abf\u597d\uff5e \u8ddf\u6211\u5011\u4e00\u8d77\u6311\u6230\u5427\ud83d\ude0c\n\n\u5609\u660e\u7684IG:\ud83c\uddec\ud83c\uddf2\nhttps://www.instagram.com/el_maaha1official/\n\u9ed1\u725b\u7684IG:\ud83c\uddec\ud83c\uddf2\nhttps://www.instagram.com/fatty_bamba/",
        "likeCount": "24520",
        "commentCount": "1304",
        "viewCount": "802882"
    },
    "comments": [
        {
            "reply_id": "UgzwomNZd5jLjuE-cyx4AaABAg",
            "reply_content": "\u53ef\u4ee5\u9080\u6211\u53bb\u6211\u4e5f\u662f\u53f0\u7063\u4eba",
            "likeCount": 1
        },
        {
            "reply_id": "UgwsF8l_tfUFhvzQUgB4AaABAg",
            "reply_content": "\u53e3\u9f52\u4e0d\u6e05\u7684\u721b\u5ee3\u544a",
            "likeCount": 1
        },
        {
            "reply_id": "Ugy18w1D4dXR5Gxk5gJ4AaABAg",
            "reply_content": "\u6cf1\u9019\u96c6\u6b63\u7206",
            "likeCount": 1
        },
        {
            "reply_id": "Ugz4CAeo8i_Na_fZ4lx4AaABAg",
            "reply_content": "\u7adf\u7136\u6709\u90a3\u500b\u8cf4\u6e05\u5fb7\u7684\u6b63\u89e3",
            "likeCount": 0
        },
        {
            "reply_id": "UgxYEZlEcjeAFvNSW154AaABAg",
            "reply_content": "\u5435\u4ec0\u9ebc\u5435\u5566\u8cf4\u6e05\u5fb7",
            "likeCount": 0
        },
        {
            "reply_id": "Ugxk-h41OcpAIY54XLh4AaABAg",
            "reply_content": "\u6cf1\u6cf1\u597d\u53ef\u611b",
            "likeCount": 0
        },
        {
            "reply_id": "UgwgGRkj_eGOVNTZtWV4AaABAg",
            "reply_content": "\u6211\u4ee5\u70ba\u771f\u641e\u7b11\u662f\u4f60\u597d\u9a37",
            "likeCount": 0
        },
        {
            "reply_id": "UgzLctjN4lMSBZyRaGx4AaABAg",
            "reply_content": "\u771f\u7684\u597d\u7b11",
            "likeCount": 0
        },
        {
            "reply_id": "UgwvB1QE8n8EW2-kX-R4AaABAg",
            "reply_content": "\u8b1d\u8b1d\u539f\u4f86\u6211\u7684\u6bcd\u8a9e\u4e0d\u662f\u4e2d\u6587",
            "likeCount": 0
        },
        {
            "reply_id": "Ugy2WNFHN_hoM9IruFB4AaABAg",
            "reply_content": "\u8d85\u597d\u7b11\u7684",
            "likeCount": 0
        },
        {
            "reply_id": "UgyAGEq0lGhLq5JwmHV4AaABAg",
            "reply_content": "\u6700\u5f8c\u4e00\u500b\u6211\u4ee5\u70ba\u662f\u8cf4\u6e05\u5fb7\u6b38",
            "likeCount": 0
        },
        {
            "reply_id": "Ugxs4FsZxwON3XZ3r_94AaABAg",
            "reply_content": "\u9019\u7cfb\u5217\u771f\u7684\u5f88\u597d\u7b11",
            "likeCount": 0
        },
        {
            "reply_id": "Ugw-fpERvXz7NpkEr3F4AaABAg",
            "reply_content": "\u6cf1\u6cf1\u6b63\u7206",
            "likeCount": 0
        },
        {
            "reply_id": "UgzNascD8m5waIy6Lrp4AaABAg",
            "reply_content": "\u770b\u5230\u963f\u6ef4\u5c31\u8a0e\u53ad",
            "likeCount": 0
        },
        {
            "reply_id": "Ugz0Nve8h3DPraZhnut4AaABAg",
            "reply_content": "\u8cf4\u6e05\u5fb7\u5427",
            "likeCount": 0
        },
        {
            "reply_id": "UgzwwnknODjr93uFbyp4AaABAg",
            "reply_content": "\u9ed1\u9f8d\u6bcf\u6b21\u90fd\u88ab\u6b3a\u8ca0",
            "likeCount": 0
        },
        {
            "reply_id": "UgyKvtjWj4UoKHZIBP94AaABAg",
            "reply_content": "\u6211\u4e00\u984c\u4e5f\u7b54\u4e0d\u51fa\u4f86",
            "likeCount": 0
        },
        {
            "reply_id": "UgwOmtbo0g1DrvmkvfB4AaABAg",
            "reply_content": "\u9ed1\u9f8d\u6548\u679c\u771f\u7684\u8d85\u597d",
            "likeCount": 0
        },
        {
            "reply_id": "Ugz4Kd2JZIDzlx74xz14AaABAg",
            "reply_content": "\u746a\u8389\u4e9e\u90a3\u500b\u61c9\u8a72\u4e16\u4e0a\u6c92\u4eba\u807d\u5f97\u51fa\u4f86\u5427\u54c8\u54c8\u54c8",
            "likeCount": 3
        },
        {
            "reply_id": "UgwME_5YPRRUgZoxRyl4AaABAg",
            "reply_content": "\u746a\u5229\u4e9e\u7684\u5ee3\u544a\u6211\u76f4\u63a5\u7a7a\u8033\u807d\u8166\u5167\u81ea\u52d5\u5e6b\u6211\u6574\u7406\u51fa\uff1a\u8209\u8d77\u4f60\u7684\u7f85\u5927\u4f51",
            "likeCount": 1
        }
    ]
}