{
    "video_info": {
        "id": "UVv4ukHLos0",
        "channelTitle": "Ku's dream\u9177\u7684\u5922-",
        "title": "\u4e0d\u7ba1\u7ad9\u8457\u9084\u5750\u8457 \u80fd\u4e0a\u51fa\u4f86\u5c31\u662f\u597d\u4e8b\ud83e\udd2a",
        "description": "",
        "likeCount": "2393",
        "commentCount": "45",
        "viewCount": "78059"
    },
    "comments": [
        {
            "reply_id": "Ugw0kzaKUJuM3oVIfXJ4AaABAg",
            "reply_content": "\u54ea\u88e1\u53ef\u4ee5\u807d\u5b8c\u6574\u7248",
            "likeCount": 2
        },
        {
            "reply_id": "UgzQO0kaxGqVPbcGW_V4AaABAg",
            "reply_content": "\u9084\u6709\u6211\u611b\u5403\u828b\u982d",
            "likeCount": 0
        },
        {
            "reply_id": "Ugy67AoYyf0Elruuqeh4AaABAg",
            "reply_content": "\u8acb\u554f\u54ea\u88e1\u6709\u5b8c\u6574\u7248\u7684",
            "likeCount": 0
        }
    ]
}