{
    "video_info": {
        "id": "VMrAvLil3S8",
        "channelTitle": "Ku's dream\u9177\u7684\u5922-",
        "title": "\u5916\u570b\u4eba\u7528\u4e2d\u6587\u64a9\u59b9\u597d\u8f9b\u82e6\ud83e\udd72",
        "description": "",
        "likeCount": "11060",
        "commentCount": "187",
        "viewCount": "339022"
    },
    "comments": [
        {
            "reply_id": "Ugwpu6WIrSi-QdUOrnZ4AaABAg",
            "reply_content": "\u6211\u7d42\u65bc\u77e5\u9053\u70ba\u4ec0\u9ebc\u4eca\u5929\u5929\u6c23\u9019\u9ebc\u51b7\u4e86",
            "likeCount": 16
        },
        {
            "reply_id": "UgzK_QtHHySUSnwryJR4AaABAg",
            "reply_content": "\u5c2c",
            "likeCount": 1
        },
        {
            "reply_id": "UgzLxXSCszU8iESpiyl4AaABAg",
            "reply_content": "\u53ef\u662f\u51b0\u7834\u4e86",
            "likeCount": 0
        },
        {
            "reply_id": "Ugy7rr9Ltzm2kL3MX1N4AaABAg",
            "reply_content": "\u62ef\u6551\u5357\u5317\u6975\u51b0\u5c64\u7684\u7b11\u8a71",
            "likeCount": 0
        },
        {
            "reply_id": "UgzC3CIvbrkHYTfBKGx4AaABAg",
            "reply_content": "\u6211\u4e0d\u77e5\u5230\u4f46\u662f\u5728\u5317\u6975\u4e0a\u51b0\u584a\u90fd\u6703\u88c2\u6389",
            "likeCount": 0
        },
        {
            "reply_id": "UgyEFK-RdJ_q1PoR5Mh4AaABAg",
            "reply_content": "\u4e0d\u53ef\u80fd\u53ea\u6709\u6211\u807d\u6210\u7834\u75c5\u5427",
            "likeCount": 0
        },
        {
            "reply_id": "UgzwJvaLmCWY4M7lG1R4AaABAg",
            "reply_content": "\u7d50\u51b0\u4e86",
            "likeCount": 0
        },
        {
            "reply_id": "UgyztnQ7u-1FOYANHoh4AaABAg",
            "reply_content": "\u676f\u64e0\u80f8\u5230\u5e95\u662f\u4ec0\u9ebc",
            "likeCount": 0
        },
        {
            "reply_id": "UgzXtq7QbFAeM1Q9OYN4AaABAg",
            "reply_content": "\u7a81\u7136\u89ba\u5f97\u51b7\u8d77\u4f86\u4e86",
            "likeCount": 0
        },
        {
            "reply_id": "Ugz3Uta43UIx8LFQwjJ4AaABAg",
            "reply_content": "\u771f\u6b63\u7684\u7834\u51b0\u662f\u8981\u5e36\u4e0a\u9177",
            "likeCount": 0
        },
        {
            "reply_id": "UgzlNnb3175MakF25Pt4AaABAg",
            "reply_content": "\u53ef\u4ee5\u5728\u54ea\u88e1\u807d\u5b8c\u6574\u7248",
            "likeCount": 0
        },
        {
            "reply_id": "UgwUdplfkR7v5dGLPLp4AaABAg",
            "reply_content": "\u9019\u500b\u7537\u751f\u9577\u7684\u5f88\u50cf\u5317\u6975\u718a",
            "likeCount": 0
        },
        {
            "reply_id": "UgwxkJc-VCu-ImDEEWl4AaABAg",
            "reply_content": "\u54ea\u88e1\u53ef\u4ee5\u770b\u5230\u5b8c\u6574\u7248",
            "likeCount": 0
        },
        {
            "reply_id": "UgzI0kEzSMnY0WCPbv94AaABAg",
            "reply_content": "\u9019\u662f\u6211\u7b2c\u4e00\u6b21\u70ba\u4e86\u5317\u6975\u718a\u628a\u51b7\u6c23\u95dc\u6389",
            "likeCount": 1796
        },
        {
            "reply_id": "Ugxgsyko2fHCxzPz_tB4AaABAg",
            "reply_content": "\u770b\u4f86\u9019\u96bb\u5317\u6975\u718a\u9084\u4e0d\u5920\u91cd\n\u56e0\u70ba\u9700\u8981\u65c1\u4eba\u5e6b\u5fd9\u7834\u51b0",
            "likeCount": 503
        },
        {
            "reply_id": "Ugy62B25ujq_Oh8xomx4AaABAg",
            "reply_content": "\u6211\u89ba\u5f97\u9019\u500b\u6bb5\u5b50\u5f88\u591a\u4eba\u90fd\u6703\u50bb\u773c\uff0c\u5b8c\u5168\u807d\u4e0d\u61c2",
            "likeCount": 160
        },
        {
            "reply_id": "UgxEua_rSkAVNVYHjhR4AaABAg",
            "reply_content": "\u6211\u4e0d\u77e5\u9053\u4ed6\u6709\u591a\u91cd\u4f46\u662f\u51b0\u7834\u4e86",
            "likeCount": 140
        },
        {
            "reply_id": "Ugz7JDrj0xIAtf29DgN4AaABAg",
            "reply_content": "\u9019\u82f1\u570b\u5927\u53d4\u80af\u5b9a\u6709\u5fb7\u570b\u8840\u7d71",
            "likeCount": 3
        },
        {
            "reply_id": "UgzbWtft_5q_DkdFK2t4AaABAg",
            "reply_content": "\u54c8\u54c8\u54c8",
            "likeCount": 1
        }
    ]
}