{
    "video_info": {
        "id": "X3EI6PEhdlM",
        "channelTitle": "Ku's dream\u9177\u7684\u5922-",
        "title": "\u53f0\u5f0f\u82f1\u6587\u9084\u662f\u6700\u6a19\u6e96\u7684\u5566\ud83d\ude07",
        "description": "",
        "likeCount": "38954",
        "commentCount": "477",
        "viewCount": "794216"
    },
    "comments": [
        {
            "reply_id": "Ugzwna26mQpSr9daCfB4AaABAg",
            "reply_content": "\u7b11\u7ffb",
            "likeCount": 0
        },
        {
            "reply_id": "UgwBbuDQbsVhcxCvtdV4AaABAg",
            "reply_content": "\u90a3\u88e1\u597d\u7b11\u4e86",
            "likeCount": 0
        },
        {
            "reply_id": "UgzlYvWJ7kj1-GLW_jp4AaABAg",
            "reply_content": "\u554f\u984c\u662f\u5f88\u591a\u5916\u570b\u4eba\u8b1b\u4e2d\u6587\u53e3\u97f3\u4e5f\u5f88\u91cd",
            "likeCount": 0
        },
        {
            "reply_id": "Ugz5N4DpPa6WIMD8NSJ4AaABAg",
            "reply_content": "\u54c8\u54c8\u54c8\u54c8\u54c8",
            "likeCount": 0
        },
        {
            "reply_id": "Ugz7SklT4PP78TSELm14AaABAg",
            "reply_content": "\u771f\u7684",
            "likeCount": 0
        },
        {
            "reply_id": "UgyarhxCSUyISkJiEDB4AaABAg",
            "reply_content": "\u9019\u7a2e\u4e8b\u53bb\u65e5\u672c\u4e5f\u53ef\u5f88\u6df1\u7684\u9ad4\u8a8d\u5230\uff0c\u4ed6\u5011\u53ea\u807d\u5f97\u61c2\u548c\u5f0f\u82f1\u6587",
            "likeCount": 0
        },
        {
            "reply_id": "UgxMGIP2XnTnulRid654AaABAg",
            "reply_content": "\u9019\u6bb5\u4e0d\u7ba1\u770b\u5e7e\u6b21\u90fd\u597d\u597d\u7b11",
            "likeCount": 0
        },
        {
            "reply_id": "UgxMHCy4gnv6yX_hwdx4AaABAg",
            "reply_content": "\u771f\u7684\u6703\u7b11\u6b7b\u54c8",
            "likeCount": 0
        },
        {
            "reply_id": "UgzWT2oVD0uTgvjNoWp4AaABAg",
            "reply_content": "\u6a5f\u6b38\u80e1\u968e",
            "likeCount": 0
        },
        {
            "reply_id": "Ugxvo0aFJk8A2z8QpL14AaABAg",
            "reply_content": "\u54c8\u54c8\u54c8\u54c8\u54c8\u54c8\u54c8",
            "likeCount": 0
        },
        {
            "reply_id": "UgzfQpPtwFztk2yCA0R4AaABAg",
            "reply_content": "\u8d85\u597d\u7b11",
            "likeCount": 0
        },
        {
            "reply_id": "Ugws8TjUawzV2DEoNCB4AaABAg",
            "reply_content": "\u9019\u5f88\u597d\u7b11\u8036",
            "likeCount": 0
        },
        {
            "reply_id": "Ugx30W2rU4-eqe5I2zF4AaABAg",
            "reply_content": "\u90a3\u500b\u86e4\u6a21\u4eff\u7684\u8d85\u5230\u4f4d",
            "likeCount": 0
        },
        {
            "reply_id": "UgwCRiARX4Trp6WlJ114AaABAg",
            "reply_content": "\u6211\u77ac\u9593\u7b11\u7ffb\u62c9",
            "likeCount": 0
        },
        {
            "reply_id": "Ugz7J6vsfs4uFEzJ3Wp4AaABAg",
            "reply_content": "\u9019\u5f8c\u52c1\u6709\u5920\u5f37",
            "likeCount": 0
        },
        {
            "reply_id": "Ugwf8_f41p6voLArAaB4AaABAg",
            "reply_content": "\u6709\u6642\u5019\u53f0\u662f\u82f1\u8a9e\u6709\u6642\u5019\u662f\u500b\u5f0a\u7aef\u4e5f\u662f\u500b\u958b\u7aef\ud83d\ude02",
            "likeCount": 2
        },
        {
            "reply_id": "UgwxmX_jN1ZIzsb1ZxB4AaABAg",
            "reply_content": "\u53f0\u5f0f\u82f1\u6587\u592a\u597d\u7b11\u4e86",
            "likeCount": 2
        },
        {
            "reply_id": "UgwEKecLNF5GZOfSf5t4AaABAg",
            "reply_content": "\u8b1d\u8b1d\u8001\u5e2b",
            "likeCount": 1
        },
        {
            "reply_id": "UgwwtYSPMwbzifHL87V4AaABAg",
            "reply_content": "\u7b11\u6b7b",
            "likeCount": 0
        },
        {
            "reply_id": "Ugw52W2cMKRRs2UTkXV4AaABAg",
            "reply_content": "\u7b11\u6b7b",
            "likeCount": 0
        }
    ]
}