{
    "video_info": {
        "id": "ZAmcKToJ0CA",
        "channelTitle": "Ku's dream\u9177\u7684\u5922-",
        "title": "\u975e\u6d32\u4eba\u7b2c\u4e00\u6b21\u5728\u53f0\u5317\u5750\u6377\u904b\u5c45\u7136\u662f\u9019\u7a2e\u611f\u89ba\ud83d\ude02",
        "description": "",
        "likeCount": "12605",
        "commentCount": "183",
        "viewCount": "348216"
    },
    "comments": [
        {
            "reply_id": "UgyUs0eWNG4oLlR7zGh4AaABAg",
            "reply_content": "\u5b57\u9762\u4e0a\u7684\u4e0a\u57ce\u5340\u548c\u4e0b\u57ce\u5340",
            "likeCount": 25
        },
        {
            "reply_id": "UgyPZtX7q8rRMq6ywTZ4AaABAg",
            "reply_content": "\u9019\u500b\u69cb\u60f3\u8d85\u7d1a\u6709\u8da3\u7684\u5440",
            "likeCount": 23
        },
        {
            "reply_id": "UgyXcjTKCFyJ_44Jsrx4AaABAg",
            "reply_content": "\u53f0\u5317\u5730\u4e0b\u8857\u78ba\u5be6\u662f\u53e6\u4e00\u500b\u57ce\u5e02 \u6703\u8ff7\u8def\u7684\u90a3\u7a2e",
            "likeCount": 8
        },
        {
            "reply_id": "Ugyf2cbHwhGeiBHFHRx4AaABAg",
            "reply_content": "\u61c9\u8a72\u6c92\u6709\u4eba\u7b2c\u4e00\u6b21\u5230\u53f0\u5317\u8eca\u7ad9\u6216\u5730\u4e0b\u8857\u4e0d\u6703\u8ff7\u8def\u7684\u5427",
            "likeCount": 1
        },
        {
            "reply_id": "UgxdYxgIJGY9E9C6sI54AaABAg",
            "reply_content": "\u53f0\u5317\u5730\u4e0b\u57ce\u4e0d\u662f\u958b\u73a9\u7b11\u7684",
            "likeCount": 1
        },
        {
            "reply_id": "Ugx3r5m_o-UgojZ88M94AaABAg",
            "reply_content": "\u8cfd\u535a\u53f0\u5317",
            "likeCount": 1
        },
        {
            "reply_id": "UgzfbYimnZnJ45R7Y4N4AaABAg",
            "reply_content": "\u53f0\u5317\u8eca\u7ad9\u771f\u7684\u662f\u4e00\u500b\u57ce\u5e02",
            "likeCount": 0
        },
        {
            "reply_id": "Ugwi5Fvspm3_esrgTbp4AaABAg",
            "reply_content": "\u5225\u64d4\u5fc3\u6211\u4f4f\u53f0\u5317\u597d\u5e7e\u5e74\u4e5f\u662f\u7167\u6a23\u5728\u53f0\u5317\u6377\u904b\u7ad9\u8ff7\u8def",
            "likeCount": 0
        },
        {
            "reply_id": "UgyQ10VwuR9qVnfH_dd4AaABAg",
            "reply_content": "\u597d\u9177\u7684\u57ce\u5e02",
            "likeCount": 0
        },
        {
            "reply_id": "UgzVtWfoSK4zmO4P3Fp4AaABAg",
            "reply_content": "\u7d42\u65bc\u6c92\u6709\u9577\u76f8\u4e0d\u8a0e\u559c\u7684\u5973\u4f86\u8cd3",
            "likeCount": 0
        },
        {
            "reply_id": "UgzczZddxeEeWefoJdF4AaABAg",
            "reply_content": "\u4f60\u53bb\u6771\u4eac\u6703\u66f4\u6709\u9019\u7a2e\u611f\u89ba",
            "likeCount": 0
        },
        {
            "reply_id": "UgzDgmKZIq9cZNjJIR54AaABAg",
            "reply_content": "\u662f\u4e0d\u662f\u79d1\u5e7b\u5c0f\u8aaa\u770b\u592a\u591a",
            "likeCount": 0
        },
        {
            "reply_id": "UgyZuhAy-C-045xGdOB4AaABAg",
            "reply_content": "\u7f85\u5fb7\u9f8d\u8207\u5e7d\u6697\u57ce",
            "likeCount": 0
        },
        {
            "reply_id": "Ugy61bLUQAlzyEz8W-h4AaABAg",
            "reply_content": "\u597d\u6709\u8da3",
            "likeCount": 0
        },
        {
            "reply_id": "UgyVjwW-9aZHMTU1QZR4AaABAg",
            "reply_content": "\u5e78\u597d\u4f60\u4e0d\u662f\u53bb\u91cd\u6176",
            "likeCount": 0
        },
        {
            "reply_id": "UgyQH44iG3UZp_hCOgp4AaABAg",
            "reply_content": "\u597d\u53ef\u611b\u7684\u53cd\u61c9",
            "likeCount": 0
        },
        {
            "reply_id": "UgwXfIkuzDyGfpU_BAl4AaABAg",
            "reply_content": "\u96e2\u5cf6\u5c45\u6c11\u7b2c\u4e00\u6b21\u8981\u642d\u6377\u904b\u4e5f\u8ff7\u8def\u4e0d\u6703\u642d \u6211\u8209\u624b",
            "likeCount": 0
        },
        {
            "reply_id": "UgyDgrC4jSx-aveNxOJ4AaABAg",
            "reply_content": "\u8cfd\u535a\u9f90\u514b\u6eff\u9ede\u7684\u60f3\u50cf\u6b38",
            "likeCount": 0
        },
        {
            "reply_id": "Ugz1dcVFItZQE3uGmCF4AaABAg",
            "reply_content": "\u8acb\u554f\u54ea\u88e1\u53ef\u4ee5\u770b\u5b8c\u6574\u7248",
            "likeCount": 0
        },
        {
            "reply_id": "UgwszQ8MPjJU8VSng_Z4AaABAg",
            "reply_content": "\u5176\u5be6\u5982\u679c\u4e0d\u662f\u5730\u9707\u5e36\u7684\u8a71\u9019\u4e5f\u53ef\u4ee5\u662f\u500b\u69cb\u601d",
            "likeCount": 0
        }
    ]
}