{
    "video_info": {
        "id": "-i-dBEBjvj4",
        "channelTitle": "\u773e\u91cf\u7d1aCROWD",
        "title": "\u8a72\u4e0d\u6703\u4f60\u5011\u7684\u5973\u670b\u53cb\u624b\u90fd\u662f\u7a7a\u5427\uff1f\ud83e\udd2a#tag\u4f60\u7684\u540c\u985e\u5973\u53cb",
        "description": "",
        "likeCount": "3130",
        "commentCount": "20",
        "viewCount": "114114"
    },
    "comments": [
        {
            "reply_id": "UgxPsJ0d0Nb5SqBdpIN4AaABAg",
            "reply_content": "\u8b8a\u80d6\u4e86\u96e3\u9053\u61f7\u5b55\u4e86"
        },
        {
            "reply_id": "UgxCurFMXnN2TUUw4yl4AaABAg",
            "reply_content": "\u7d20\u984f\u597d\u5e74\u8f15\u5416\u6709\u9ede\u50cf\u5c0f\u670b\u53cb\ud83e\udd23"
        },
        {
            "reply_id": "Ugw0RVGjOZRJlzIXsKp4AaABAg",
            "reply_content": "\u6bcf\u5929\u90fd\u662f\u604b\u7231\u611f,\u591a\u597d"
        },
        {
            "reply_id": "UgxuS-k75HhNLU5_M3p4AaABAg",
            "reply_content": "\u5bb6\u5be7\u7d20\u984f\u597d\u50cf\u5c0f\u5b78\u751f\u5662"
        },
        {
            "reply_id": "Ugx90Iu16qoGSeCr4Dx4AaABAg",
            "reply_content": "\u6700\u8fd1\u9019\u4e00\u5169\u5e74+0\u8d70\u7d20\u984f\u98a8\u770b\u8d77\u4f86\u5f88\u6c92\u7cbe\u795e"
        },
        {
            "reply_id": "UgxhQcG4QVitlc89KKd4AaABAg",
            "reply_content": "\u6c42\u6b4c\u540d"
        },
        {
            "reply_id": "Ugxdgc-kcyWAnjaCNKJ4AaABAg",
            "reply_content": "\u958b\u982d\u662f\u6f58\u56e0\u7684\u97f3\u6548\uff1f"
        },
        {
            "reply_id": "UgziMWWeN1PbOjEltwh4AaABAg",
            "reply_content": "\u4f60\u4e0d\u62ff\u6211\u62ff\u4e86\u6602"
        },
        {
            "reply_id": "Ugw-OUT9dqY1HnlcDch4AaABAg",
            "reply_content": "\u4f60\u5011\u662f\u53bb\u6021\u7063\u9152\u5e97\u55ce\ud83c\udf89\u6211\u53bb\u904e\u5f88\u50cf"
        }
    ]
}