{
    "video_info": {
        "id": "-VMluYk2jsY",
        "channelTitle": "\u773e\u91cf\u7d1aCROWD",
        "title": "Tag\u4f60\u7684\u670b\u53cb \u4e00\u8d77\u4f86\u63a5\u529b\u5504\uff5e\ud83d\ude19 #\u78b0\u676f\u63a5\u529b\u6311\u6230",
        "description": "",
        "likeCount": "7651",
        "commentCount": "95",
        "viewCount": "170745"
    },
    "comments": [
        {
            "reply_id": "Ugws92b_BypTnTMJESB4AaABAg",
            "reply_content": "\u54f2\u54f2\u744b\u744b\u5168\u4e16\u754c\u6700\u5e25"
        },
        {
            "reply_id": "UgwbUyfuq6on9vYTcKt4AaABAg",
            "reply_content": "\u53ef\u4ee5\u91cd\u8907\u5faa\u74b0\u4e86"
        },
        {
            "reply_id": "Ugy44XGDSkquiyPrVBF4AaABAg",
            "reply_content": "\u8d85\u76f4\u767d\u559d\u91ac\u6cb9"
        },
        {
            "reply_id": "UgynT_b0JhbcodgLNL14AaABAg",
            "reply_content": "\u6211\u559d\u904e\u97cb\u97cb\u7684"
        },
        {
            "reply_id": "Ugyq0EQAyZFQUlAJ4Op4AaABAg",
            "reply_content": "\u744b\u744b\u597d\u50cf\u5f88\u597d\u76f8\u8655\uff0c\u56e0\u70ba\u4ed6\u7b11\u7684\u6642\u5019\u5634\u5df4\u65c1\u908a\u6703\u6709\u5169\u500b\u9ede\u51f9\u4e0b\u53bb"
        },
        {
            "reply_id": "UgwY7MsP7tBpi0X0fUN4AaABAg",
            "reply_content": "\u744b\u744b\u597d\u50cf\u5f88\u597d\u76f8\u8655\uff0c\u56e0\u70ba\u4ed6\u7b11\u7684\u6642\u5019\u5634\u5df4\u65c1\u908a\u6703\u6709\u5169\u500b\u9ede\u51f9\u4e0b\u53bb"
        },
        {
            "reply_id": "UgzXrbB252C42KdhyYN4AaABAg",
            "reply_content": "\u6700\u5f8c\u90a3\u500b\u5973\u4eba\u559d\u7a7a\u6c23\uff1f\ud83d\ude02"
        },
        {
            "reply_id": "UgxngWbw2KB_H-a74Xp4AaABAg",
            "reply_content": "\u70ba\u4ec0\u9ebc\u6c92\u6709\u6728\u661f\u4eba"
        },
        {
            "reply_id": "UgzZUIDd7nEV5XOGV7l4AaABAg",
            "reply_content": "\u54f2\u54f2\u554a"
        },
        {
            "reply_id": "UgykuW4KFyV2O0rL2MJ4AaABAg",
            "reply_content": "\u744b\u744b\u559d\u7684\u90a3\u500b\u4e73\u9178\u98f2\u6599\u6211\u4e5f\u6709\u559d\u904e\ud83d\ude01\u8d85\u597d\u559d\ud83d\udc4d"
        },
        {
            "reply_id": "UgyKopiRavBNYs4yxB54AaABAg",
            "reply_content": "\u51ef\u7693\u559d\u4e2a\u6c34\u90fd\u90a3\u4e48\u5e05\ud83d\ude33\u203c"
        },
        {
            "reply_id": "UgwABg8RPNJpMlDJ5X14AaABAg",
            "reply_content": "\u5abd\u5abd\u5927\u4fbf"
        },
        {
            "reply_id": "UgyKAhCXBtt0-sDg8bl4AaABAg",
            "reply_content": "\u744b\u744b\u559d\u7684\u6211\u4e5f\u6709\u559d\u904e"
        },
        {
            "reply_id": "Ugza44x8gOU75Tz4-gB4AaABAg",
            "reply_content": "\u6709\u6c92\u6709\u4eba\u8ddf\u6211\u4e00\u6a23\u662f\u770b\u5230\u744b\u744b\u624d\u9032\u4f86\u7684"
        },
        {
            "reply_id": "UgwO0ksEFOu5kbttk6x4AaABAg",
            "reply_content": "\u744b\u744b\u559d\u7684\u90a3\u4e00\u4e2a\uff0c\u6211\u4e5f\u6709\u559d\u8fc7\uff0c\u5f88\u597d\u559d"
        },
        {
            "reply_id": "Ugy4iWyObM62rNpJkpN4AaABAg",
            "reply_content": "\u744b\u744b\u62ff\u7684\u90a3\u74f6\u8d85\u597d\u559d"
        },
        {
            "reply_id": "UgybvYC7OL9dZxkS0gR4AaABAg",
            "reply_content": "\u744b\u744b\u559d\u7684\u90a3\u500b\u6211\u559d\u904e \u8d85\u597d\u559d \u662f\u5728\u597d\u5e02\u591a\u8cb7\u7684"
        },
        {
            "reply_id": "UgxyWLSUxVLeCJDVVSJ4AaABAg",
            "reply_content": "\u554a\u554a\u554a\u554a\u554a\u554a\u554a\u554a\u744b\u744b\u597d\u53ef\u611b"
        },
        {
            "reply_id": "UgywFvDLwa9PKVqVAel4AaABAg",
            "reply_content": "\u6211\u6ce8\u610f\u5230\u51f1\u6d69\u7684\u6821\u670d\u4e0a\u9762\u5beb \u9ec3\u6c0f\u9ad8\u4e2d\u6b38\ud83d\ude02"
        },
        {
            "reply_id": "Ugz-MtMKeRAM8uwZ7454AaABAg",
            "reply_content": "\u6728\u661f\u7684\u90a3\u676f\u6211\u559d\u904e\uff0c\u9084\u883b\u597d\u559d\u7684\uff0c\u6728\u661f\u59b3\u597d\u6f02\u4eae\u5bb6\u5be7\u4e5f\u662f\uff0c\u5168\u90e8\u5973\u751f\u90fd\u597d\u6f02\u4eae\uff01"
        }
    ]
}