{
    "video_info": {
        "id": "0Wd6UgG-b84",
        "channelTitle": "\u773e\u91cf\u7d1aCROWD",
        "title": "\u6bd4\u68d2\u68d2\u7cd6\u9084\u751c\u7684\u5408\u62cd\uff0c\u5feb\u627e\u53e6\u4e00\u534a\u8a66\u8a66\u770b\ud83c\udf6c\ud83e\udd70",
        "description": "#\u773e\u91cf\u7d1acrowd #andy\u8001\u5e2b #\u5bb6\u5be7 #\u60c5\u4fb6\u651d\u5f71",
        "likeCount": "787",
        "commentCount": "10",
        "viewCount": "16780"
    },
    "comments": [
        {
            "reply_id": "Ugxk-9_3dEPVUC5VWKh4AaABAg",
            "reply_content": "\u4f60\u9019\u500b\u8b8a\u80cc\u666f\u597d\u8b1b"
        },
        {
            "reply_id": "Ugx5HPk17pD1BOLWS3N4AaABAg",
            "reply_content": "\u5e78\u798f\u4e00\u8f29\u5b50\u54e6\u2764"
        },
        {
            "reply_id": "UgyjPm41-Tvc12dNDwp4AaABAg",
            "reply_content": "\u597d\u751c\u5440"
        },
        {
            "reply_id": "UgygEVpVTvJ_QqddfbR4AaABAg",
            "reply_content": "\u9019\u662f\u6211\u5b78\u6821\u8b77\u7406\u5e2b\u7684\u597d\u670b\u53cb\u2764"
        },
        {
            "reply_id": "UgwdZ9xR8CQG0F9w8VR4AaABAg",
            "reply_content": "\u8d85\u751c\u7684\u5566"
        },
        {
            "reply_id": "Ugz09td90j21OcWdAmJ4AaABAg",
            "reply_content": "\u597d\u751c\u963f"
        }
    ]
}