{
    "video_info": {
        "id": "2LZ7xbBf4vw",
        "channelTitle": "\u773e\u91cf\u7d1aCROWD",
        "title": "Eric\u5468\u8208\u54f2-\u60f3\u77e5\u9053\u4f60\u5728\u60f3\u4ec0\u9ebc\uff08Cover by Andy\u8001\u5e2b\uff09",
        "description": "\u2b50\u52a0\u5165\u6211\u5011\u7684YouTube\u6703\u54e1\uff1ahttps://pse.is/U8GDQ\n\ud83d\udc49\u6703\u54e1\u4ecb\u7d39\u5f71\u7247\uff1ahttps://reurl.cc/rlvEKx\n\n\ud83c\udfa4MJ STUDIO MUSIC\nAndy\u8001\u5e2bCover\u300a\u60f3\u77e5\u9053\u4f60\u5728\u60f3\u4ec0\u9ebc\u300b\n\u9304\u97f3/\u62cd\u651d\ud83c\udfac\uff1a\nIG:mark_pianist\u5ed6\u67cf\u921e\n\u7de8\u66f2/\u6df7\u97f3\uff1a\nIG:fan_0128\u838a\u6631\u51e1\n\ud83c\udfa4\u5c08\u696d\u92fc\u7434\u624b\uff5cCover\u6b4c\u624b\n\ud83c\udfa4\u8857\u6f14\uff5c\u5546\u6f14\uff5c\u97f3\u6a02\u6559\u5b78\n\ud83d\udd0a\u9304\u97f3\u5ba4\uff5c\u97f3\u6a02\u88fd\u4f5c\n\u97f3\u6a02\u5de5\u4f5c\u5ba4IG\uff1ahttps://reurl.cc/oeAZ9g\nFB\uff1ahttps://reurl.cc/GoOEqd\nYT\uff1ahttps://reurl.cc/xOAQ8N\n\n\ud83d\udccc\u5834\u5730\uff1aWonder.land \u4ed9\u5883\n\uff08\u53f0\u5317\u5e02\u58eb\u6797\u5340\u4ef0\u5fb7\u5927\u9053\u4e8c\u6bb511\u5df711\u865f\uff09\nhttps://allmy.bio/Wonder.land\n\n\u27a1\u8a02\u95b1YouTube\u3010\u773e\u91cf\u7d1aCROWD x FUN\u751f\u6d3b-\u7b2c\u4e8c\u983b\u9053\u3011\nhttps://is.gd/4dSkyk \n\u27a1\u8a02\u95b1YouTube\u3010\u5bb6\u5be7+0\u3011\nhttps://is.gd/lcdma4 \n\u27a1\u8a02\u95b1YouTube\u3010Andy\u8001\u5e2b\u3011 \nhttps://is.gd/laVony\n------------------------------------------------------------------------------------\n\u27a1FB\u3010\u773e\u91cf\u7d1aCROWD\u3011\nhttps://www.facebook.com/etman0909/\n\u27a1FB\u3010\u5bb6\u5be7+0\u3011\nhttp://bit.ly/29PljQA\n\u27a1FB\u3010Andy\u8001\u5e2b\u3011\nhttp://bit.ly/29JkGYS\n------------------------------------------------------------------------------------\n\u27a1IG\u3010\u773e\u91cf\u7d1aCROWD\u3011\nhttps://www.instagram.com/crowd520/?hl=zh-tw\n------------------------------------------------------------------------------------\n\u27a1\u7f8e\u62cd\u3010\u4f17\u91cf\u7ea7CROWD\u3011\nhttp://www.meipai.com/user/1048418678\n------------------------------------------------------------------------------------\n\u27a1\u5fae\u535a\u3010\u4f17\u91cf\u7ea7CROWD\u3011\nhttp://www.weibo.com/6067696343/profi...\n\n\u27a1\u8a02\u95b1YouTube\u3010\u773e\u91cf\u7d1aCROWD\u3011\nhttps://is.gd/JgIQw6\n\n\u5de5\u4f5c\u9080\u7d04\u8acb\u6d3d\uff1aqunhaient@gmail.com\n\n#\u60f3\u77e5\u9053\u4f60\u5728\u60f3\u4ec0\u9ebc#\u5468\u8208\u54f2#cover",
        "likeCount": "5989",
        "commentCount": "185",
        "viewCount": "188046"
    },
    "comments": [
        {
            "reply_id": "Ugy4CAUHR6erFM2rhvR4AaABAg",
            "reply_content": "\u8f15\u5feb\u7248\u7684\u771f\u7684\u597d\u597d\u807d\u54e6\u807d\u4e86\u5fc3\u60c5\u771f\u7684\u5f88\u597d"
        },
        {
            "reply_id": "UgydHIlsWltz2seNiwx4AaABAg",
            "reply_content": "\u8f15\u5feb\u7248\u7684\u771f\u7684\u597d\u597d\u807d\u54e6\u54e6\u807d\u4e86\u5fc3\u60c5\u771f\u7684\u5f88\u597d\u2764\u2764\u2764"
        },
        {
            "reply_id": "UgxpSKsYzgH39sj0Ow14AaABAg",
            "reply_content": "\u597d\u807d"
        },
        {
            "reply_id": "Ugy9seci9ML4kgx9wCJ4AaABAg",
            "reply_content": "\u4fee\u97f3\u597d\u660e\u986f"
        },
        {
            "reply_id": "UgzNkEcyfNRuKkFke1x4AaABAg",
            "reply_content": "\u597d\u597d\u807d"
        },
        {
            "reply_id": "UgwTSrsJLQOCKaPicA94AaABAg",
            "reply_content": "\u597d\u807d"
        },
        {
            "reply_id": "UgzpdriiFKyCWIpAi714AaABAg",
            "reply_content": "\u5bb6\u5be7\u597d\u6f02\u4eae"
        },
        {
            "reply_id": "UgwPXc57S9W03gnYvSt4AaABAg",
            "reply_content": "\u597d\u597d\u807d"
        },
        {
            "reply_id": "UgwegOXx3SG_DeGQCpN4AaABAg",
            "reply_content": "\u597d\u597d\u807d\u5594"
        },
        {
            "reply_id": "Ugx4icd6tUvGNcexJzp4AaABAg",
            "reply_content": "\u592a\u597d\u807d\u4e86\u5566\u6211\u90fd\u9304\u4e86"
        },
        {
            "reply_id": "Ugyhkm3Z3S0zOJspnQd4AaABAg",
            "reply_content": "\u5e0c\u671b\u4f60\u5011\u53ef\u4ee5\u51fa\u81ea\u5df1\u7684\u55ae\u66f2\ud83d\ude0d"
        },
        {
            "reply_id": "Ugxe0cxUayqCEeZ44-h4AaABAg",
            "reply_content": "\u6703\u4e0d\u6703\u5f97\u7f6a\u5468\u8208\u54f2\u554a\u6211\u600e\u9ebc\u89ba\u5f97\u6bd4\u539f\u5531\u597d\u807d\u6b38\u54c8\u54c8\u54c8\u54c8"
        },
        {
            "reply_id": "Ugz6AsKDTvBcQkYd2B94AaABAg",
            "reply_content": "\u4fee\u592a\u591a"
        },
        {
            "reply_id": "UgzCHgUsvfyJfSaw7vl4AaABAg",
            "reply_content": "\u5468\u8208\u54f2\u6211\u90fd\u8d85\u611b\u8d85\u559c\u6b61\ud83d\ude0d"
        },
        {
            "reply_id": "UgyF2HgLJ8-pzW-Rtmh4AaABAg",
            "reply_content": "\u597d\u597d\u807d"
        },
        {
            "reply_id": "UgzpdbrmUvrH7k45nBh4AaABAg",
            "reply_content": "\u526a\u5f97\u597d\u68d2 \u5b57\u597d\u7f8e"
        },
        {
            "reply_id": "Ugxgl-NUi7OtWs-Z5oh4AaABAg",
            "reply_content": "\u53ea\u6709\u6211\u89ba\u5f97\u6bd4\u539f\u7248\u597d\u807d\u55ce\u22ef"
        },
        {
            "reply_id": "Ugyo0xRW0b8yKnTZavd4AaABAg",
            "reply_content": "\u8d85\u7d1a\u9739\u9742\u597d\u807d"
        },
        {
            "reply_id": "UgxyHBnh_5f4X5p1Ool4AaABAg",
            "reply_content": "\u597d\u807d\u662f\u597d\u807d\n\u4f46\u611f\u89ba\u4fee\u5f88\u591a\u97f3"
        },
        {
            "reply_id": "UgxP4vNI_1Xd1gjXoxB4AaABAg",
            "reply_content": "\u9019\u500b\u7248\u672c\u597d\u751c\u597d\u751c\u597d\u751c\ud83e\udd24"
        }
    ]
}