{
    "video_info": {
        "id": "2Vsh18qdU9o",
        "channelTitle": "\u773e\u91cf\u7d1aCROWD",
        "title": "\u6211\u627e\u4e8660\u500b\u5916\u570b\u4eba\uff0c\u4ed6\u5011\u6709\u8a71\u8ddf\u5973\u53cb\u8aaa...\u3010\u773e\u91cf\u7d1aCROWD\u3011I send blessings from all over the world to my girlfriend.",
        "description": "\u2b50\u52a0\u5165\u6211\u5011\u7684YouTube\u6703\u54e1\uff1ahttps://pse.is/U8GDQ\n\ud83d\udc49\u6703\u54e1\u4ecb\u7d39\u5f71\u7247\uff1ahttps://reurl.cc/rlvEKx\n\n\u27a1\u8a02\u95b1YouTube\u3010\u773e\u91cf\u7d1aCROWD x FUN\u751f\u6d3b-\u7b2c\u4e8c\u983b\u9053\u3011\nhttps://is.gd/4dSkyk \n\u27a1\u8a02\u95b1YouTube\u3010\u5bb6\u5be7+0\u3011\nhttps://is.gd/lcdma4 \n\u27a1\u8a02\u95b1YouTube\u3010Andy\u8001\u5e2b\u3011 \nhttps://is.gd/laVony\n------------------------------------------------------------------------------------\n\u27a1FB\u3010\u773e\u91cf\u7d1aCROWD\u3011\nhttps://www.facebook.com/etman0909/\n\u27a1FB\u3010\u5bb6\u5be7+0\u3011\nhttp://bit.ly/29PljQA\n\u27a1FB\u3010Andy\u8001\u5e2b\u3011\nhttp://bit.ly/29JkGYS\n------------------------------------------------------------------------------------\n\u27a1IG\u3010\u773e\u91cf\u7d1aCROWD\u3011\nhttps://www.instagram.com/crowd520/?hl=zh-tw\n------------------------------------------------------------------------------------\n\u27a1\u7f8e\u62cd\u3010\u4f17\u91cf\u7ea7CROWD\u3011\nhttp://www.meipai.com/user/1048418678\n------------------------------------------------------------------------------------\n\u27a1\u5fae\u535a\u3010\u4f17\u91cf\u7ea7CROWD\u3011\nhttp://www.weibo.com/6067696343/profi...\n\n\u27a1\u8a02\u95b1YouTube\u3010\u773e\u91cf\u7d1aCROWD\u3011\nhttps://is.gd/JgIQw6\n\n\u5de5\u4f5c\u9080\u7d04\u8acb\u6d3d\uff1aqunhaient@gmail.com\n\n#\u7d66\u5973\u53cb\u7684\u795d\u798f#\u773e\u91cf\u7d1aCROWD#\u60c5\u4fb6#\u6cf0\u570b",
        "likeCount": "2187",
        "commentCount": "73",
        "viewCount": "83797"
    },
    "comments": [
        {
            "reply_id": "Ugzyam-HCpujIShrxFV4AaABAg",
            "reply_content": "\u6572\u7897\u5bb6\u5be7\u770b\u5f71\u7247\u7684\u756b\u9762\uff1f\ud83d\ude1d\uff08\u540c\u6642\u4e5f\u795d\u798f\u4f60\u5011\u65b0\u5e74\u5feb\u6a02\uff0c\u5718\u5718\u5713\u5713 \u767e\u5e74\u597d\u5408\uff09"
        },
        {
            "reply_id": "Ugw3NASNqybimEVlJq94AaABAg",
            "reply_content": "\u597d\u611f\u4eba\n\u770b\u5b8c\u6211\u773c\u7736\u90fd\u6fd5\u4e86\n\u4f60\u5011\u4e00\u5b9a\u8981\u5e78\u798f\u5594\u2764"
        },
        {
            "reply_id": "UgzOO6199RmFYO2fKvl4AaABAg",
            "reply_content": "\u6bba\u4f60\u6211\u6bba\u4f60'\u52a0\u4f60\u6316\u6c99\u7c73'\u5bb6\u88e1\u6211\u6bba\u4f60"
        },
        {
            "reply_id": "UgzDro1P0F8_O9Gj4rp4AaABAg",
            "reply_content": "\u597d\u6696 \u54ed\u4e86"
        },
        {
            "reply_id": "Ugxl3zW7RUuvVe2ZhCV4AaABAg",
            "reply_content": "\u5206\u624b\u4e86\u5427"
        },
        {
            "reply_id": "UgwM9ItpL-2kyinFBeh4AaABAg",
            "reply_content": "\u904e\u7a0b\u8001\u5e2b\u4e5f\u662f"
        },
        {
            "reply_id": "UgxxqAY2F6LqJBbDZ4h4AaABAg",
            "reply_content": "\u6211\u89ba\u5f97\u4ed6\u5011\u7684\u5f71\u7247\uff0c\u5c0d\u6211\u4f86\u8aaa\uff0c\u5931\u53bb\u4e86\u4ee5\u524d\u7684\u5473\u9053\uff0c\u6709\u65b0\u5f71\u7247\uff0c\u6211\u5e7e\u4e4e\u4e0d\u592a\u770b\uff0c\u90fd\u4e00\u76f4\u91cd\u8907\u770b\u4ee5\u524d\u7684\u5f71\u7247"
        },
        {
            "reply_id": "UgzXOKnisR-AUUJht4p4AaABAg",
            "reply_content": "\u4ec0\u9ebc\u6642\u5019\u66f4\u65b0"
        },
        {
            "reply_id": "UgxcUTOQNeWefGjidAB4AaABAg",
            "reply_content": "\u770b\u5b8c\u6703\u60f3\u54ed\u311f\u5bb6\u5be7\u597d\u5e78\u798f~"
        },
        {
            "reply_id": "Ugz2Zn51sz5-FiT3gkZ4AaABAg",
            "reply_content": "\u4e00\u7fa4\u8ddf\u4f73\u5be7\u4e0d\u719f\u7684\u4eba\u8aaa\u60f3\u5979\n\u597d\u597d\u7b11 \u4e0d\u77e5\u9053\u610f\u7fa9\u5728\u54ea\ud83d\ude02"
        },
        {
            "reply_id": "UgxZPBLDCoNSWJKBhd14AaABAg",
            "reply_content": "\u5bb6\u5be7\u6211\u4e5f\u60f3\u4f60\u4e86\u2764"
        },
        {
            "reply_id": "UgyMPJ_hlVInJXLhINl4AaABAg",
            "reply_content": "\u5f88\u5782\u6dda\u2026\u2026\u9023\u7537\u4eba\u6211\u4e5f\u770b\u5230\u6d41\u6dda"
        },
        {
            "reply_id": "Ugxo1WWd3NUtBWHjoql4AaABAg",
            "reply_content": "\u70ba\u4ec0\u9ebc\u6211\u4ec0\u9ebc\u90fd\u4e0d\u770b\u4e0d\u5230\uff0c\u5168\u662f\u767d\u5149"
        },
        {
            "reply_id": "UgyVISfdDjMGKb4inN14AaABAg",
            "reply_content": "\u52a0\u6cb9"
        },
        {
            "reply_id": "UgzsdtQ6eOZo04-fVWl4AaABAg",
            "reply_content": "\u597d\u611f\u52d5"
        },
        {
            "reply_id": "UgxQSJTqnyqKDgjIWt14AaABAg",
            "reply_content": "\u4e00\u958b\u59cb\u770b\u89ba\u5f97\u6c92\u4ec0\u9ebc  \u8d8a\u770b\u8d8a\u89ba\u5f97\u597d\u591a\u4eba\u89ba\u5f97\u5929\u554a\u600e\u9ebc\u53ef\u4ee5\u6709\u4eba\u9019\u9ebc\u9019\u9ebc\u9019\u9ebc\u7684\u6709\u5fc3\u8ddf\u7528\u5fc3\u554a\u7136\u5f8c\u5c31\u611f\u52d5\u7684\u54ed\u4e86\ud83d\ude2d\ud83d\ude2d\ud83d\ude2d\u9ebb\u7169\u7d50\u5a5a\u5728\u4e00\u8d77\u4e00\u8f29\u5b50\u55da\u55da"
        },
        {
            "reply_id": "UgyO7O7vePOjXBANqcB4AaABAg",
            "reply_content": "\u4e0d\u662f\u5206\u4e86\u5594"
        },
        {
            "reply_id": "Ugyadt8C4as2L8h2LFJ4AaABAg",
            "reply_content": "\u76f4\u63a5\u54ed\u7206 \u4f60\u5011\u4e0d\u662f\u771f\u611b\u8ab0\u624d\u662f\u771f\u611b"
        },
        {
            "reply_id": "UgxpA0p5d4g6eBJjrYJ4AaABAg",
            "reply_content": "\u597d\u611f\u52d5"
        },
        {
            "reply_id": "Ugx2kLGZNJ7432B_eh94AaABAg",
            "reply_content": "\u54ed\u4e86"
        }
    ]
}