{
    "video_info": {
        "id": "2zPabKV7gLU",
        "channelTitle": "\u773e\u91cf\u7d1aCROWD",
        "title": "\u8ddfJisoo \u501f\u53e3\u7d05\u9001\u5973\u53cb\uff0c\u537b\u906d\u5979\u5acc\u2026#\u78b0\u62f3\u9a5a\u559c\u6311\u6230 #\u773e\u91cf\u7d1acrowd #520\u79ae\u7269",
        "description": "",
        "likeCount": "4333",
        "commentCount": "21",
        "viewCount": "94471"
    },
    "comments": [
        {
            "reply_id": "UgxFuOcI4kclhFyoqdt4AaABAg",
            "reply_content": "\u597d\u7fa8\u6155\u5594"
        },
        {
            "reply_id": "UgzT2rc_xoGLKPzlvN54AaABAg",
            "reply_content": "\u6211\u6709\u90a3\u500b\u7c89\u8272\u7684\u5316\u599d\u5305 \u5f88\u597d\u770b\u2764\u4e4b\u524d\u8cb7\u7c89\u9905\u9001\u7684\uff0c\u5f88\u6f02\u4eae"
        },
        {
            "reply_id": "UgzHSrDuWyOq0xIfl9t4AaABAg",
            "reply_content": "\u9583\u4eae\u4eae"
        },
        {
            "reply_id": "Ugz7rARzLna77t3uxyl4AaABAg",
            "reply_content": "\u5e97\u54e1\u6709\u9001\u6211"
        },
        {
            "reply_id": "Ugzm69y7aU6e-zJJXQh4AaABAg",
            "reply_content": "\u9019\u6211\u7684\u554a \u771f\u7684\u7b11\u6b7b\ud83d\ude02"
        }
    ]
}