{
    "video_info": {
        "id": "3-h4WM-c-os",
        "channelTitle": "\u773e\u91cf\u7d1aCROWD",
        "title": "\u201c\u6211\u662f\u5982\u6b64\u76f8\u4fe1 \u5728\u80cc\u5f8c\u652f\u6490\u7684\u662f\u4f60\u201d\ud83d\udc8f#\u773e\u91cf\u7d1acrowd #\u5cc7\u91cc\u5cf6 #bali",
        "description": "",
        "likeCount": "4009",
        "commentCount": "33",
        "viewCount": "139124"
    },
    "comments": [
        {
            "reply_id": "UgxEzlNEDgsOqfgKxel4AaABAg",
            "reply_content": "\u4ee5\u524d\u7684\u5f71\u7247\u90fd\u662f\u641e\u7b11\u73fe\u5728\u90fd\u662f\u6d6a\u6f2b\ud83c\udf39\u6b38\uff5e"
        },
        {
            "reply_id": "UgxZJVIAnDEajLknYxF4AaABAg",
            "reply_content": "\u5f88\u7f8e\u8036"
        },
        {
            "reply_id": "UgzAhHRvvEGqyHa_7Oh4AaABAg",
            "reply_content": "\u53d6\u93e1\u982d\u65b9\u5f0f\u771f\u7684\u597d"
        },
        {
            "reply_id": "UgyBXCtfFthokk1hOf14AaABAg",
            "reply_content": "\u597d\u9583"
        },
        {
            "reply_id": "UgwiqFxFLttz1G1xX_p4AaABAg",
            "reply_content": "\u8acb\u554f\u5169\u4f4d\u7b11\u5834\u591a\u5c11\u6b21\u4e86\ud83d\ude02"
        },
        {
            "reply_id": "UgzXfwqG_8Ms3BIWCTR4AaABAg",
            "reply_content": "\u5bb6\u5be7\u597d\u6f02\u4eae\u597d\u5922\u5e7b\u2764"
        },
        {
            "reply_id": "Ugy_oJTFnhCzAXzFN7h4AaABAg",
            "reply_content": "\u4ec0\u9ebc\u6642\u5019\u662f\u7d50\u5a5a\u554a"
        },
        {
            "reply_id": "Ugx-BVocMw4ytTmG7ut4AaABAg",
            "reply_content": "\u5973\u5b69\u7b11\u5bb9\u592a\u7f8e  \u7537\u5b69\u5927\u88e4\u8869\u771f\u96be\u770b"
        },
        {
            "reply_id": "UgyD7p7qKbll3Xtrt9J4AaABAg",
            "reply_content": "\u6311\u7684\u6b4c\u90fd\u597d\u807d"
        },
        {
            "reply_id": "UgwfW5JGbVLBztTxhXN4AaABAg",
            "reply_content": "\u54c7\u54c7\u54c7\uff0c\u597d\u6d6a\u6f2b\u5440"
        },
        {
            "reply_id": "UgyXzB_Jz3xnq-EP5g14AaABAg",
            "reply_content": "\u611f\u89ba\u5bb6\u5be7\u7684\u80cc\u5f71\u6709\u9ede\u50cf\u661f\u671f\u4e09\u5abd\u5abd\u5440!"
        },
        {
            "reply_id": "UgzGyq8ig9WuSm5kd0p4AaABAg",
            "reply_content": "\u771f\u7684\u597d\u53ef\u60dc\uff01\u6211\u4e5f\u60f3\u770b\u89aa\u4e0b\u53bb\u7684\uff01"
        },
        {
            "reply_id": "Ugzu0YhuaSH72PgZHTR4AaABAg",
            "reply_content": "\u80cc\u666f\u97f3\u6a02\u662f\u4ec0\u9ebc"
        },
        {
            "reply_id": "UgxnP2D4aRZFitM_NMt4AaABAg",
            "reply_content": "\u9019\u662f\u54ea\u88e1\u5440"
        },
        {
            "reply_id": "UgzMaK6okhpgSAMv59l4AaABAg",
            "reply_content": "\u5f88\u7f8e\u8036~~\u7121\u8ad6\u4eba\u9084\u662f\u5730\u9ede"
        },
        {
            "reply_id": "UgyJwNO15HGFdlTMoZh4AaABAg",
            "reply_content": "\u597d\u53ef\u60dc\uff0c\u6211\u60f3\u8981\u770b\u5230\u89aa\u4e0b\u53bb\u7684\u8a71\u9762"
        },
        {
            "reply_id": "UgzUVTKGz21CKNOLWi14AaABAg",
            "reply_content": "\u6c92\u89aa\u4e00\u4e0b"
        },
        {
            "reply_id": "UgyrsO5oixCBpyyA6ON4AaABAg",
            "reply_content": "\u6211\u4ee5\u70ba\u8981\u89aa\u4e0b\u53bb"
        }
    ]
}