{
    "video_info": {
        "id": "30bAZHnBHd0",
        "channelTitle": "\u773e\u91cf\u7d1aCROWD",
        "title": "\u9047\u8d85\u55e8\u8a08\u7a0b\u8eca\u8001\u53f8\u6a5f\u6574\u8def\u7b11\u7206\ud83d\ude02\u8d85\u5e25\u591c\u5e97\u7537\u516c\u95dc\u8b93\u5973\u53cb\u5fcd\u4e0d\u4f4f...\uff5c2022\u6c96\u7e69EP.2  @K.R.Bros0203   @Tgopdone   \u3010\u773e\u91cf\u7d1aCROWD\uff5cVLOG\u751f\u6d3b\u7279\u8f2f\u3011",
        "description": "\u2b50\u52a0\u5165\u6211\u5011\u7684YouTube\u6703\u54e1\uff1ahttps://pse.is/U8GDQ\n\ud83d\udc49\u6703\u54e1\u4ecb\u7d39\u5f71\u7247\uff1ahttps://reurl.cc/rlvEKx\n\n\u27a1\u8a02\u95b1YouTube\u3010\u773e\u91cf\u7d1aCROWD x FUN\u751f\u6d3b-\u7b2c\u4e8c\u983b\u9053\u3011\nhttps://is.gd/4dSkyk \n\u27a1\u8a02\u95b1YouTube\u3010\u5bb6\u5be7+0\u3011\nhttps://is.gd/lcdma4 \n\u27a1\u8a02\u95b1YouTube\u3010Andy\u8001\u5e2b\u3011 \nhttps://is.gd/laVony\n------------------------------------------------------------------------------------\n\u27a1FB\u3010\u773e\u91cf\u7d1aCROWD\u3011\nhttps://www.facebook.com/etman0909/\n\u27a1FB\u3010\u5bb6\u5be7+0\u3011\nhttp://bit.ly/29PljQA\n\u27a1FB\u3010Andy\u8001\u5e2b\u3011\nhttp://bit.ly/29JkGYS\n------------------------------------------------------------------------------------\n\u27a1IG\u3010\u773e\u91cf\u7d1aCROWD\u3011\nhttps://www.instagram.com/crowd520/?hl=zh-tw\n------------------------------------------------------------------------------------\n\u27a1\u7f8e\u62cd\u3010\u4f17\u91cf\u7ea7CROWD\u3011\nhttp://www.meipai.com/user/1048418678\n------------------------------------------------------------------------------------\n\u27a1\u5fae\u535a\u3010\u4f17\u91cf\u7ea7CROWD\u3011\nhttp://www.weibo.com/6067696343/profi...\n\n\u27a1\u8a02\u95b1YouTube\u3010\u773e\u91cf\u7d1aCROWD\u3011\nhttps://is.gd/JgIQw6\n\n\u5de5\u4f5c\u9080\u7d04\u8acb\u6d3d\uff1aqunhaient@gmail.com\n\n#\u6c96\u7e69#\u773e\u91cf\u7d1aCROWD#\u60c5\u4fb6",
        "likeCount": "1320",
        "commentCount": "29",
        "viewCount": "69156"
    },
    "comments": [
        {
            "reply_id": "UgyWMbGMvrQmh6EBOdZ4AaABAg",
            "reply_content": "\u6b63\u5bae\u7537\u53cb\uff0c\u4e0d\u6703\u5403\u918b\u55ce\uff1f\u5475\u5475"
        },
        {
            "reply_id": "Ugy1tDmySLiJToRtfRp4AaABAg",
            "reply_content": "\u54c8\u54c8\u54c8 \u9019\u96c6\u883b\u597d\u7b11\u7684 \n\u8aaa\u9ede\u5f80\u4e8b\n\n\u5f9e\u570b\u4e2d\u770b\u4f60\u5011\u5f71\u7247\u5230\u73fe\u5728 \u4e5f\u56db\u4e94\u5e74\u4e86 \n\u6211\u53ea\u6ce8\u610f\u5230\u6d41\u91cf\u771f\u7684\u4e0d\u6bd4\u4ee5\u524d   \u6211\u5176\u5be6\u60f3\u8b1b\u7684\u662f\uff08\u7e7c\u7e8c\u60e1\u6574\u5c0d\u65b9\u5427\uff01\u54c8\u54c8\u54c8 \n \u96d6\u7136\u6211\u73fe\u5728\u4e5f\u624d\u8981\u4e8c\u5341\u4e86\ud83d\ude22 \u4e0d\u904e\u6211\u6703\u7e7c\u7e8c\u652f\u6301\u4f60\u5011\u7684\u2764"
        },
        {
            "reply_id": "Ugy4XKN8U4v4HpetMDp4AaABAg",
            "reply_content": "\u516c\u95dc\u6709\u9ede\u50cf\u9cf3\u5c0f\u5cb3"
        },
        {
            "reply_id": "Ugwx5_yMIi9bg_VG4SZ4AaABAg",
            "reply_content": "\u6c96\u7e69\u6eff\u6eff\u7684\u56de\u61b6\u2764"
        },
        {
            "reply_id": "Ugw9iYr280MoFv94lHR4AaABAg",
            "reply_content": "\u6211\u5011\u73fe\u5728\u90fd\u5f88\u958b\u653e\u2764\u2764\u2764\u63a5\u53d7\u5404\u7a2e\u8072\u97f3\ud83e\udd23\ud83e\udd23\ud83e\udd23 \u4f60\u5011\u559c\u6b61\u6211\u5011\u9019\u985e\u578b\u751f\u6d3b\u5f71\u7247\u55ce"
        },
        {
            "reply_id": "Ugyb9qRAbE3HsYdGY1t4AaABAg",
            "reply_content": "\u9019\u9593\u591c\u5e97\u6211\u9019\u500b\u6708\u624d\u53bb\u54c8\u54c8\u54c8"
        },
        {
            "reply_id": "UgyOjrzZjD9jz-6v1yt4AaABAg",
            "reply_content": "\u4e0d\u53ef\u4ee5\u745f\u745f"
        },
        {
            "reply_id": "UgzeiZwuUVnkGFmDPTt4AaABAg",
            "reply_content": "\u7b2c\u4e00"
        }
    ]
}