{
    "video_info": {
        "id": "5O5-9tlAHeA",
        "channelTitle": "\u773e\u91cf\u7d1aCROWD",
        "title": "ANDY:\u4f60\u5bb6\u5973\u53cb\u505a\u5922\u4e5f\u9019\u6a23\u55ce\uff1f\uff08\u6c42\u89e3\ud83e\udd14\uff09\u7d66\u5979@\u51fa\u4f86 #\u773e\u91cf\u7d1acrowd",
        "description": "",
        "likeCount": "1133",
        "commentCount": "7",
        "viewCount": "45822"
    },
    "comments": [
        {
            "reply_id": "UgygqR2FVa_-xGVOX5t4AaABAg",
            "reply_content": "\u6b38\u771f\u7684\u8981\u8aa0\u5be6\u6b38\u2026\u4e0d\u8aa0\u5be6\u771f\u7684\u5f88\u50b7\u611f\u60c5\ud83d\ude22"
        },
        {
            "reply_id": "UgwnybyT10fua3qR4454AaABAg",
            "reply_content": "\u5c31\u8981\u56de\u5922\u88e1\u54c4\u56de\u4f86\ud83d\ude02"
        },
        {
            "reply_id": "Ugx9EYFPlzm2bGrXMRt4AaABAg",
            "reply_content": "\u96d9\u65b9\u4e92\u52d5\u597d\u53ef\u611b\u54e6\u2764"
        },
        {
            "reply_id": "UgzRxnNz_Av-j9fqBK94AaABAg",
            "reply_content": "\u628a\u5979\u56fa\u5b9a\u5728\u5e8a\u4e0a\u7761\u500b\u5920\ud83d\ude0f"
        },
        {
            "reply_id": "Ugyi1-Zim27o5cTBLGN4AaABAg",
            "reply_content": "\u5bb6\u5be7\u7761\u597d\u4e45\u5594\u2764"
        }
    ]
}