{
    "video_info": {
        "id": "6fgt-UheCD0",
        "channelTitle": "\u773e\u91cf\u7d1aCROWD",
        "title": "\u60c5\u4fb6\u5feb\u554f\u5feb\u6253\uff01\u5169\u4eba\u611f\u60c5\u5982\u4f55\uff1f\u6709\u7559\u524d\u4efb\u7167\u7247\uff1f\uff08\u7b2c\u4e94\u96c6\uff09\u3010\u773e\u91cf\u7d1aCROWD\u3011",
        "description": "Andy\u8001\u5e2b\uff1a\u300c\u6bcf\u6b21\u6211\u90fd\u88ab\u6253\u6700\u6158\uff1f\u300d/ \u5bb6\u5be7+0\uff1a\u300c\u9019\u96c6\u56de\u7b54\u8d85\u6df1\u5165\ud83d\ude1a\u300d\n\n\u2b50\u52a0\u5165\u6211\u5011\u7684YouTube\u6703\u54e1\uff1ahttps://pse.is/U8GDQ\n\ud83d\udc49\u6703\u54e1\u4ecb\u7d39\u5f71\u7247\uff1ahttps://reurl.cc/rlvEKx\n\n\u27a1\u8a02\u95b1YouTube\u3010\u773e\u91cf\u7d1aCROWD x FUN\u751f\u6d3b-\u7b2c\u4e8c\u983b\u9053\u3011\nhttps://is.gd/4dSkyk \n\u27a1\u8a02\u95b1YouTube\u3010\u5bb6\u5be7+0\u3011\nhttps://is.gd/lcdma4 \n\u27a1\u8a02\u95b1YouTube\u3010Andy\u8001\u5e2b\u3011 \nhttps://is.gd/laVony\n------------------------------------------------------------------------------------\n\u27a1FB\u3010\u773e\u91cf\u7d1aCROWD\u3011\nhttps://www.facebook.com/etman0909/\n\u27a1FB\u3010\u5bb6\u5be7+0\u3011\nhttp://bit.ly/29PljQA\n\u27a1FB\u3010Andy\u8001\u5e2b\u3011\nhttp://bit.ly/29JkGYS\n------------------------------------------------------------------------------------\n\u27a1IG\u3010\u773e\u91cf\u7d1aCROWD\u3011\nhttps://www.instagram.com/crowd520/?hl=zh-tw\n------------------------------------------------------------------------------------\n\u27a1\u7f8e\u62cd\u3010\u4f17\u91cf\u7ea7CROWD\u3011\nhttp://www.meipai.com/user/1048418678\n------------------------------------------------------------------------------------\n\u27a1\u5fae\u535a\u3010\u4f17\u91cf\u7ea7CROWD\u3011\nhttp://www.weibo.com/6067696343/profi...\n\n\u27a1\u8a02\u95b1YouTube\u3010\u773e\u91cf\u7d1aCROWD\u3011\nhttps://is.gd/JgIQw6\n\n\u5de5\u4f5c\u9080\u7d04\u8acb\u6d3d\uff1aqunhaient@gmail.com\n\n#\u5feb\u554f\u5feb\u6253#\u773e\u91cf\u7d1aCROWD#\u60c5\u4fb6",
        "likeCount": "5809",
        "commentCount": "115",
        "viewCount": "248951"
    },
    "comments": [
        {
            "reply_id": "UgzZ9Xe53rcq1XpypWN4AaABAg",
            "reply_content": "\u4f46\u5728\u4e00\u8d777\u5e74\u4e86\u70ba\u4ec0\u9ebc\u4e0d\u7d50\u5a5a\u311a?"
        },
        {
            "reply_id": "UgzD_G92AfI6v1JXr-V4AaABAg",
            "reply_content": "\u4f60\u5011\u7684\u5b57\u90fd\u597d\u7f8e"
        },
        {
            "reply_id": "Ugwbrsb_VmEJo23NhCJ4AaABAg",
            "reply_content": "\u6211\u60f3\u554f\uff0c\u4f60\u5011\u5206\u624b\u4e86\u55ce\uff1f\u5206\u624b\u591a\u4e45\u4e86\uff1f\n\u9019\u662f\u5927\u773e\u60f3\u554f\u7684\u554f\u984c"
        },
        {
            "reply_id": "UgyGq4Omm9UnimTbBv94AaABAg",
            "reply_content": "\u5bb6\u5be7\u9577\u5f97\u6f02\u4eae\u4eba\u53c8\u6eab\u67d4"
        },
        {
            "reply_id": "UgwgZiM0hXUpTyyw1DV4AaABAg",
            "reply_content": "\u5bb6\u5be7\u8b8a\"\u6771\u5357\u4e9e\u98a8\"\u7f8e\u4eba\u4e86"
        },
        {
            "reply_id": "Ugwa4IGKhLQ5V_4NclB4AaABAg",
            "reply_content": "\u770b\u5b8c\u4e86\uff0c\u696d\u914d\u6587\n\u4e5f\u6c92\u56de\u7b54\u5169\u4eba\u5230\u5e95\u4ec0\u9ebc\u72c0\u6cc1\uff0c\u597d\u5047"
        },
        {
            "reply_id": "UgwOCm3DLi5S1vbm5S94AaABAg",
            "reply_content": "\u70ba\u4ec0\u9ebc\u90fd\u6c92\u6574\u4eba\u5408\u8f2f\u4e86"
        },
        {
            "reply_id": "Ugz9oCmGtS3OSMItAQh4AaABAg",
            "reply_content": "\u600e\u9ebc\u770b\u8d77\u4f86 \u6c92\u6709\u7576\u521d\u90a3\u500b\u611b\u7684\u611f\u89ba"
        },
        {
            "reply_id": "UgwScoxbd_B7Fw5FZ5Z4AaABAg",
            "reply_content": "\u554f\u984c\u771f\u7684\u4e0d\u600e\u9ebc\u6a23\uff0c\u6f14\u597d\u6f14\u6eff"
        },
        {
            "reply_id": "Ugx-BpHdu89iTwtysaZ4AaABAg",
            "reply_content": "\u8981\u7d50\u5a5a\u4e86\u55ce"
        },
        {
            "reply_id": "UgyGesWYZdyHuvx18pN4AaABAg",
            "reply_content": "\u6700\u8fd1\u66f4\u65b0\u6bd4\u8f03\u6162\uff0c\u5c0d\u55ce\ud83e\udd2d"
        },
        {
            "reply_id": "UgyaK0TBaEwHfk7uj414AaABAg",
            "reply_content": "\u4f60\u5011\u4e0d\u662f\u5206\u624b\u4e86\u55ce"
        },
        {
            "reply_id": "UgwrYOD4TODvfRf1LTt4AaABAg",
            "reply_content": "\u87a2\u5e55\u60c5\u4fb6"
        },
        {
            "reply_id": "UgzXxyQ3fj2Vquvqkkl4AaABAg",
            "reply_content": "\u70ba\u4ec0\u9ebc\u5bb6\u5be7\u7d50\u5a5a\u4e86"
        },
        {
            "reply_id": "UgytTA12QO2ehs-aCQ14AaABAg",
            "reply_content": "\u600e\u9ebc\u80fd\u8aaa\u5973\u5b69\u5b50\u80d6\u5462\uff0c\u5973\u5b69\u5b50\u4e0d\u7ba1\u591a\u91cd\uff0c\u5728\u81ea\u5df1\u5fc3\u4e2d\u81ea\u5df1\u6c38\u9060\u662f\u7626\u7684\u7f8e\u9e97\u7684"
        },
        {
            "reply_id": "UgxmnWPiII0N-6ewbnR4AaABAg",
            "reply_content": "\u798f\u58fd\u5c71\u8fb2\u5834\u6211\u4f4f\u90a3\u311f"
        },
        {
            "reply_id": "UgwBdEJvRZ55KVlZPKd4AaABAg",
            "reply_content": "\u54c7\u539f\u4f86\u4f60\u5011\u8ac7\u4e867\u5e74\u4e86\u6200\u611b\uff01\u597d\u4e45\u6b38\uff01\uff01\n\u5225\u4eba\u662f\u4e03\u5e74\u4e4b\u7662\uff0c\u4f60\u5011\u4e00\u5b9a\u8981\u4e03\u5e74\u9577\u8dd1\uff0c\u5b8c\u7f8e\u7d50\u5c40\ud83d\ude3d\u8d85\u559c\u6b61\u4f60\u5011\u7684\ud83d\udc40"
        },
        {
            "reply_id": "UgyR-ix-HlSYzaDKB-14AaABAg",
            "reply_content": "5:29\n\u9019\u6bb5\u8a71\u6211\u5f88\u559c\u6b61\u4e5f\u5f88\u8a8d\u540c \n\u5f9e\u4ee5\u524d\u4f60\u5011\u611b\u6253\u9b27\u5230\u73fe\u5728\u4e00\u8def\u8d70\u904e\u4f86\n\u56e0\u70ba\u4f60\u5011\u6211\u81ea\u5df1\u4e5f\u6162\u6162\u5730\u6539\u8b8a\u4e86\u5f88\u591a\n\u5305\u62ec\u611f\u60c5\u5230\u89aa\u60c5 \u771f\u7684\u5f88\u8b1d\u8b1d\u4f60\u5011\u7684\n\u6703\u4e00\u76f4\u652f\u6301\u4e0b\u53bb\u7684 \u8981\u52a0\u6cb9\u5594"
        },
        {
            "reply_id": "UgwxUp-uJrlrRUYHDDd4AaABAg",
            "reply_content": "\u7e3d\u7d50=\u771f\u6b63\u5169\u4eba\u5728\u4e00\u8d77\u7684\u610f\u7fa9 \u5c31\u662f\u8ddf\u820a\u7684\u4eba \u9ad4\u9a57\u65b0\u7684\u4efb\u4f55\u4e8b\u7269 \u624d\u662f\u6700\u5e78\u798f\u7684\u2764\ufe0f"
        },
        {
            "reply_id": "UgwYtuwEjwI9JaAhTjJ4AaABAg",
            "reply_content": "\u9019\u88e1\u6211\u9084\u60f3\u554f\u70ba\u4ec0\u9ebc\u5bb6\u5be7\u548cAndy\u90fd\u5df2\u7d93\u5728\u4e00\u8d777\u5e74\u4e86\u70ba\u4ec0\u9ebc\u9084\u4e0d\u7d50\u5a5a"
        }
    ]
}