{
    "video_info": {
        "id": "72AfbEfx8CA",
        "channelTitle": "\u773e\u91cf\u7d1aCROWD",
        "title": "\u5973\u53cb\u54ed\u7206\uff01\u6c96\u7e69\u65c5\u904a\u7b2c\u4e00\u5929\u842c\u5143\u7cbe\u54c1\u906d\u58d3\u58de\uff01\uff1f\u7db2\u53cb\u63a8\u7206\u7576\u5730\u725b\u6392\u9928\u8a55\u50f9\u7adf\u662f\uff1f\uff5c2022\u6c96\u7e69EP.1 @K.R.Bros0203   @Tgopdone \u3010\u773e\u91cf\u7d1aCROWD\uff5cVLOG\u751f\u6d3b\u7279\u8f2f\u3011",
        "description": "\u2b50\u52a0\u5165\u6211\u5011\u7684YouTube\u6703\u54e1\uff1ahttps://pse.is/U8GDQ\n\ud83d\udc49\u6703\u54e1\u4ecb\u7d39\u5f71\u7247\uff1ahttps://reurl.cc/rlvEKx\n\n\u27a1\u8a02\u95b1YouTube\u3010\u773e\u91cf\u7d1aCROWD x FUN\u751f\u6d3b-\u7b2c\u4e8c\u983b\u9053\u3011\nhttps://is.gd/4dSkyk \n\u27a1\u8a02\u95b1YouTube\u3010\u5bb6\u5be7+0\u3011\nhttps://is.gd/lcdma4 \n\u27a1\u8a02\u95b1YouTube\u3010Andy\u8001\u5e2b\u3011 \nhttps://is.gd/laVony\n------------------------------------------------------------------------------------\n\u27a1FB\u3010\u773e\u91cf\u7d1aCROWD\u3011\nhttps://www.facebook.com/etman0909/\n\u27a1FB\u3010\u5bb6\u5be7+0\u3011\nhttp://bit.ly/29PljQA\n\u27a1FB\u3010Andy\u8001\u5e2b\u3011\nhttp://bit.ly/29JkGYS\n------------------------------------------------------------------------------------\n\u27a1IG\u3010\u773e\u91cf\u7d1aCROWD\u3011\nhttps://www.instagram.com/crowd520/?hl=zh-tw\n------------------------------------------------------------------------------------\n\u27a1\u7f8e\u62cd\u3010\u4f17\u91cf\u7ea7CROWD\u3011\nhttp://www.meipai.com/user/1048418678\n------------------------------------------------------------------------------------\n\u27a1\u5fae\u535a\u3010\u4f17\u91cf\u7ea7CROWD\u3011\nhttp://www.weibo.com/6067696343/profi...\n\n\u27a1\u8a02\u95b1YouTube\u3010\u773e\u91cf\u7d1aCROWD\u3011\nhttps://is.gd/JgIQw6\n\n\u5de5\u4f5c\u9080\u7d04\u8acb\u6d3d\uff1aqunhaient@gmail.com\n\n#\u6c96\u7e69#\u773e\u91cf\u7d1aCROWD#\u60c5\u4fb6",
        "likeCount": "1974",
        "commentCount": "54",
        "viewCount": "139686"
    },
    "comments": [
        {
            "reply_id": "Ugx3yb4JT056YUpcAQJ4AaABAg",
            "reply_content": "\u6211\u7576\u6642\u53bb\u6c96\u7e69\u4e5f\u6709\u53bb\u9019\u5bb6\uff0c\u89c0\u5149\u5ba2\u5fc5\u5403\uff0c\u53ea\u662f\u8981\u6392\u968a"
        },
        {
            "reply_id": "UgxLSpTgaERw59zMSMB4AaABAg",
            "reply_content": "\u771f\u68d2\u771f\u68d2"
        },
        {
            "reply_id": "UgxyKd-ZsU7ThKOfaWF4AaABAg",
            "reply_content": "+0+0\u76ee\u6e2c\u770b\u773c\u93e1\u61c9\u8a72\u6c92\u592a\u5927\u554f\u984c\u7684\uff0c\u6211\u662f\u958b\u773c\u93e1\u884c\u7684\uff0c\u59b3\u62ff\u53bb\u6bd4\u8f03\u5e38\u53bb\u7684\u773c\u93e1\u884c\u8abf\u6574\uff0c\u61c9\u8a72\u662f\u53ef\u4ee5\u8abf\u6574\u56de\u4f86\u7684\uff08\u7576\u7136\u9084\u662f\u6709\u6a5f\u7387\u6027\u53ef\u80fd\u6703\u8abf\u65b7\u6389\uff09\u3002"
        },
        {
            "reply_id": "Ugxg32R6f-2R4_SS18N4AaABAg",
            "reply_content": "\u90a3\u500b\u9b06\u9905\u5f88\u751c"
        },
        {
            "reply_id": "UgxWZhhbTBNWocXxp2R4AaABAg",
            "reply_content": "\u6709\u5c55\u69ae\u5c55\u745e\u55ce"
        },
        {
            "reply_id": "UgzJ3Nu-hDciuoTuynJ4AaABAg",
            "reply_content": "\u5bb6\u5be7\u600e\u9ebc\u611f\u89ba\u8ddf\u4ee5\u524d\u4e0d\u592a\u4e00\u6a23\uff1f\u4e0d\u50c5\u8b8a\u9ed1\uff0c\u611f\u89ba\u5fc3\u60c5\u4e5f\u90fd\u60b6\u60b6\u4e0d\u6a02\uff0c\u6c92\u4e86\u4ee5\u524d\u7684\u6d3b\u529b\u548c\u958b\u6717\uff0c\u662f\u5426\u767c\u751f\u4e86\u4ec0\u9ebc\u4e8b\uff1f"
        },
        {
            "reply_id": "UgzZAOKZAw5ZTzKh9ot4AaABAg",
            "reply_content": "\u8463\u4ed4\u5634\u5df4\u7b11\u6b7b"
        },
        {
            "reply_id": "UgzXRHMQX-ScRv8BhEx4AaABAg",
            "reply_content": "\u611f\u89ba\u6700\u8fd1\u883b\u5e38\u770b\u898b\u5bb6\u5be7\u54ed \u62b1\u4e00\u500b"
        },
        {
            "reply_id": "Ugz4reSIfcsrEAKu0sd4AaABAg",
            "reply_content": "\u9019\u7fa4\u4eba\u7adf\u7136\u4e5f\u6709\u4e00\u8d77\uff01\uff01"
        },
        {
            "reply_id": "UgwGktAObEf6dbkt_rJ4AaABAg",
            "reply_content": "\u4fee\u597d\u4e86\u4f60\u6703\u66f4\u52a0\u73cd\u60dc"
        },
        {
            "reply_id": "UgyprPFQUS6GABqIpC14AaABAg",
            "reply_content": "\u5176\u5be6\u53ef\u4ee5\u53eb\u5c0d\u65b9\u8ce0\u7684 \u7562\u7adf\u9084\u662f\u5979\u5f04\u58de\u7684\ud83d\ude05\u22ef\n\u5fc3\u75bc+0\u5fc3\u75bc\u9322\u9322\u6709\u7684\u4eba\u662f\u6c92\u8fa6\u6cd5\u518d\u8cb7\u7b2c\u4e8c\u6b21\u7b2c\u4e8c\u652f\u4e86\u6c92\u90a3\u9ebc\u591a\u9322\u8cb7\ud83d\ude2d"
        },
        {
            "reply_id": "UgxQI35ga0L6zc35oyZ4AaABAg",
            "reply_content": "\u8463\u4ed4\u597d\u597d\u7b11"
        },
        {
            "reply_id": "UgyBsoHkXu0ba3Eln194AaABAg",
            "reply_content": "\u7528\u58de\u7684\u90a3\u500b\u4eba\u600e\u9ebc\u6c92\u8868\u793a\u8981\u8ce0\u511f\u2026.\ud83d\ude05\u597d\u5c37\u5c2c"
        },
        {
            "reply_id": "Ugy-Qj1sqOdfxkurDvF4AaABAg",
            "reply_content": "\u4e0d\u8981\u8dd1\u6b65\u5566\uff0c\u6211\u4e0a\u6b21\u53bb\u6c96\u7e69\u6211\u670b\u53cb\u5728\u6d77\u6d0b\u516c\u5712\u90a3\u5927\u98a8\u8eca\u3001\u9084\u6709\u5176\u4ed6\u5730\u677f\u52d5\u4f5c\uff0cAndy\u53ef\u4ee5\u5617\u8a66\u770b\u770b\ud83d\ude02"
        },
        {
            "reply_id": "Ugyn_NQhV_c4ShQU1fZ4AaABAg",
            "reply_content": "\u9019\u4ee3\u8868\u5979\u5f88\u73cd\u60dc\uff0c\u6240\u4ee5\u4e0d\ud83d\ude02\u6368\u624d\u54ed\u6ce3"
        },
        {
            "reply_id": "UgzmR7RQCZcuLC8m6Dt4AaABAg",
            "reply_content": "\u5bb6\u5be7\u597d\u8cca\u5662\uff01\u90fd\u662f\u5b89\u8fea\u4ed8\u9322\uff0c\u54c8\u54c8"
        },
        {
            "reply_id": "UgyRoVjr_0UVZS-FrMh4AaABAg",
            "reply_content": "\u5bb6\u5be7\u4e0d\u54ed\u4e0d\u54ed\u773c\u6dda\u662f\u73cd\u73e0\uff0c\u8d8a\u54ed\u8d8a\u50cf\u8c6c(\u6c92\u6709\u5566\u958b\u73a9\u7b11\u7684\ud83d\ude06(\u62cd\u62cd\ud83e\udec2\n\u5fc3\u611b\u7684\u6771\u897f\u88ab\u58d3\u58de\u771f\u7684\u6703\u8d85\u7d1a\u96e3\u904e\ud83d\ude22"
        },
        {
            "reply_id": "UgzJH6BqkSmUZl_wtht4AaABAg",
            "reply_content": "\u7b2c\u4e00\u6b21\u53bb\u6c96\u7e69\u5c31\u51fa\u4e8b\ud83d\ude02\n\u4f60\u5011\u662f\u4e0d\u662f\u4e5f\u9019\u6a23\uff1f\u570b\u5916\u65c5\u904a\u7684\u610f\u5916\u4e8b\u4ef6\uff0c\u56de\u570b\u5f8c\u7e3d\u89ba\u5f97\u8a18\u5f97\u6bd4\u597d\u4e8b\u6e05\u695a\uff5e"
        },
        {
            "reply_id": "Ugz2hJz-3JN3SNmfXsB4AaABAg",
            "reply_content": "\u6211\u7684\u65e5\u672c\u65c5\u884c\u7b2c\u4e00\u5929\uff5e\u76f4\u63a5\u58a8\u93e1\u58d3\u58de\uff5e\u771f\u7684\u54ed\u7206\ud83d\ude2d\ud83d\ude2d\ud83d\ude2d\n\u4e0d\u904e\u6211\u7684\u540c\u884c\u65c5\u4f34\u771f\u7684\u5f88\u53ef\u611b\u2764"
        },
        {
            "reply_id": "UgxUQnaO2M6H42N_0xt4AaABAg",
            "reply_content": "\u4f60\u5973\u670b\u53cb\u597d\u50cf\u8b8a\u9ed1\u4e86"
        }
    ]
}