{
    "video_info": {
        "id": "7c_JQtsUnUI",
        "channelTitle": "\u773e\u91cf\u7d1aCROWD",
        "title": "\u5916\u51fa\u624b\u6a5f\u6c92\u96fb\u600e\u9ebc\u8fa6\uff1f\u4fbf\u5229\u5546\u5e97\u4e00\u5206\u9418\u89e3\u6c7a\u4f60\u7684\u554f\u984c\ud83d\ude4b#711 #\u884c\u52d5\u96fb\u6e90 #\u4fbf\u5229\u5546\u5e97",
        "description": "",
        "likeCount": "635",
        "commentCount": "20",
        "viewCount": "24748"
    },
    "comments": [
        {
            "reply_id": "UgzLoxVh01m_AKEJpLh4AaABAg",
            "reply_content": "\u6211\u6c92\u79df\u7684\u6a5f\u6703\ud83d\ude05  \u5e73\u5e38\u5305\u5305\u88e1\u90fd\u6703\u653e\u56db\u9846\u5927\u96fb\u91cf   \u5145\u96fb\u6216\u7576\u677f\u78da\u90fd\u53ef\u4ee5"
        },
        {
            "reply_id": "UgzSzf8VSwttHImE4I14AaABAg",
            "reply_content": "\u70ba\u4ec0\u9ebc\u6703\u9047\u5230\u5c55\u69ae\uff0c\u525b\u597d\u4ed6\u4e5f\u624b\u6a5f\u6c92\u96fb\ud83d\ude02\ud83d\ude02"
        },
        {
            "reply_id": "UgxKSXAWCSgMJBf9kzd4AaABAg",
            "reply_content": "\u7121\u804a"
        },
        {
            "reply_id": "UgyDKceI78fVLkC9ecN4AaABAg",
            "reply_content": "\u524d\u63d0\u662f\u8981\u8a18\u5f97\u5e36\u7dda"
        },
        {
            "reply_id": "Ugz3hpHzxAsJrf0WxhF4AaABAg",
            "reply_content": "\u6211\u8a18\u5f97\u60a0\u904a\u5361\u4e5f\u53ef\u4ee5\u79df\uff0c\u5168\u5bb6\u4e5f\u6709\u53ef\u4ee5\u79df"
        },
        {
            "reply_id": "UgydESokIoyPff2S3FR4AaABAg",
            "reply_content": "\u4e0d\u597d\u7528\uff0c\u9084\u662f\u5e36\u81ea\u5df1\u7684\u6bd4\u8f03\u65b9\u4fbf"
        },
        {
            "reply_id": "UgyK46PprHgMbxL8m5l4AaABAg",
            "reply_content": "\u8b1d\u8b1d\u5206\u4eab"
        },
        {
            "reply_id": "Ugx5G9qWO0ycL0Yn0nB4AaABAg",
            "reply_content": "\u59b3\u96fb\u660e\u660e\u5c31\u9084\u5f88\u591a\ud83d\ude02"
        },
        {
            "reply_id": "UgzzYH1L4cvAxQ2ulCZ4AaABAg",
            "reply_content": "\u9996\u5148\u8981\u6709\u4f34\u4fb6\ud83d\ude0f"
        }
    ]
}