{
    "video_info": {
        "id": "83V-9sAGic4",
        "channelTitle": "\u773e\u91cf\u7d1aCROWD",
        "title": "\u6709\u500b\u628a\u624b\u904a\u7576\u795e\u7684\u5973\u53cb\uff0c\u4f60\u6703\u5e7e\u9ede\u56de\u5bb6\uff1f\ud83d\ude02",
        "description": "#\u773e\u91cf\u7d1acrowd #andy\u8001\u5e2b #\u5bb6\u5be7 #\u50b3\u8aaa\u5c0d\u6c7a #\u624b\u904a #\u54c8\u5229\u6ce2\u7279",
        "likeCount": "473",
        "commentCount": "3",
        "viewCount": "13428"
    },
    "comments": [
        {
            "reply_id": "UgwCi-Wv0Is-v5L6D5p4AaABAg",
            "reply_content": "\u9019\u9053\u5177\u53eb\u4ec0\u9ebc\uff1f"
        }
    ]
}