{
    "video_info": {
        "id": "8HbhMx7a2U0",
        "channelTitle": "\u773e\u91cf\u7d1aCROWD",
        "title": "\u9a19\u5973\u53cb\u8aaa \u6211\u5831\u540d\u5076\u50cf\u7df4\u7fd2\u751f\u5373\u5c07\u55ae\u98db \u5979\u7684\u53cd\u61c9\u662f\u4ec0\u9ebc\uff01\uff1f\u3010\u773e\u91cf\u7d1aCROWD\u3011",
        "description": "Andy\u8001\u5e2b\uff1a\u300c\u795d\u798f\u6211\u5427\u5404\u4f4d\ud83d\ude0e\u300d / \u5bb6\u5be7+0\uff1a\u300c\ud83e\udd28\ud83e\udd28\ud83e\udd28\u300d\n\n@lifemakeovertw  \u706b\u71b1\u516c\u6e2c\u4e2d\uff0c\u8a02\u88fd\u4f60\u7684\u5c08\u5c6c\u611b\u8c46\uff0c\u5e6b\u5979\u6210\u5718\u51fa\u9053\u5427~\n#\u4ee5\u9583\u4eae\u4e4b\u540d #\u9583\u4eae\u516c\u6e2c #\u548cSelina\u4e00\u8d77\u9583\u4eae\u6210\u5718 #\u9583\u4eaegirls\u51fa\u9053\u6230 #\u9ad8\u81ea\u7531\u5ea6\u6642\u5c1a\u751f\u6d3b\u904a\u6232\n\n\u2b50\u52a0\u5165\u6211\u5011\u7684YouTube\u6703\u54e1\uff1ahttps://pse.is/U8GDQ\n\ud83d\udc49\u6703\u54e1\u4ecb\u7d39\u5f71\u7247\uff1ahttps://reurl.cc/rlvEKx\n\n\u27a1\u8a02\u95b1YouTube\u3010\u773e\u91cf\u7d1aCROWD x FUN\u751f\u6d3b-\u7b2c\u4e8c\u983b\u9053\u3011\nhttps://is.gd/4dSkyk \n\u27a1\u8a02\u95b1YouTube\u3010\u5bb6\u5be7+0\u3011\nhttps://is.gd/lcdma4 \n\u27a1\u8a02\u95b1YouTube\u3010Andy\u8001\u5e2b\u3011 \nhttps://is.gd/laVony\n------------------------------------------------------------------------------------\n\u27a1FB\u3010\u773e\u91cf\u7d1aCROWD\u3011\nhttps://www.facebook.com/etman0909/\n\u27a1FB\u3010\u5bb6\u5be7+0\u3011\nhttp://bit.ly/29PljQA\n\u27a1FB\u3010Andy\u8001\u5e2b\u3011\nhttp://bit.ly/29JkGYS\n------------------------------------------------------------------------------------\n\u27a1IG\u3010\u773e\u91cf\u7d1aCROWD\u3011\nhttps://www.instagram.com/crowd520/?hl=zh-tw\n------------------------------------------------------------------------------------\n\u27a1\u7f8e\u62cd\u3010\u4f17\u91cf\u7ea7CROWD\u3011\nhttp://www.meipai.com/user/1048418678\n------------------------------------------------------------------------------------\n\u27a1\u5fae\u535a\u3010\u4f17\u91cf\u7ea7CROWD\u3011\nhttp://www.weibo.com/6067696343/profi...\n\n\u27a1\u8a02\u95b1YouTube\u3010\u773e\u91cf\u7d1aCROWD\u3011\nhttps://is.gd/JgIQw6\n\n\u5de5\u4f5c\u9080\u7d04\u8acb\u6d3d\uff1aqunhaient@gmail.com\n\n#\u6574\u4ebaPRANK #\u51fa\u9053 #\u773e\u91cf\u7d1acrowd",
        "likeCount": "4134",
        "commentCount": "142",
        "viewCount": "181340"
    },
    "comments": [
        {
            "reply_id": "Ugy_7nLYI3AkroQIahF4AaABAg",
            "reply_content": "\u5076\u7df4\u7adf\u7136\u6c92\u627e\u51f1\u7693\u4f86"
        },
        {
            "reply_id": "UgyeMU7UK-VmWRBHHrx4AaABAg",
            "reply_content": "\u5bb6\u5be7\u61c9\u8a72\u662f\u6703\u50bb\u773c\uff0c\u7a7f\u5979\u7684\u8863\u670d\uff0c"
        },
        {
            "reply_id": "UgzOM-UuJVG59BnIPyV4AaABAg",
            "reply_content": "\u78ba\u8a3a\u6642\u770b\u9019\u500b\u597d\u75db\u82e6\ud83d\ude02\ud83d\ude02"
        },
        {
            "reply_id": "UgyDrS1pBBzaUWD3QUR4AaABAg",
            "reply_content": "\u600e\u9ebc\u6700\u8fd1\u90fd\u662f\u696d\u914d\u5440"
        },
        {
            "reply_id": "UgxRkNf29gXWHUxpPBd4AaABAg",
            "reply_content": "\u6211\u60f3\u5927\u5ee0\u7537\u5b69\u4e86\u2026\u4ed6\u5011\u66fe\u7d93\u4e5f\u662f\u6211\u7684\u7537\u5b69\ud83e\udd72"
        },
        {
            "reply_id": "Ugyqo12ny8dgqC_bIfV4AaABAg",
            "reply_content": "\u61f7\u7591\u696d\u914d\u3001\u6574\u4eba\u90fd\u662f\u5176\u6b21\uff0c\u76ee\u7684\u5728\u5973\u88dd\uff0c\u4e26\u5c55\u73fe\u7a7f\u7d30\u9ad8\u8ddf\u8df3\u821e\u7684\u624d\u83ef\ud83d\ude0f\ud83d\ude0f\ud83d\ude0f"
        },
        {
            "reply_id": "UgyWJXXhgSMaWPcbmix4AaABAg",
            "reply_content": "\u600e\u9ebc\u611f\u89ba\u50cf\u6574\u81ea\u5df1\u591a\u4e00\u9ede\ud83d\ude02"
        },
        {
            "reply_id": "UgxKo-3F0_6SSqfnnVR4AaABAg",
            "reply_content": "\u8863\u670d\u7a7f\u5f97\u4e0b\u9084\u4e0d\u7b97\u592a\u5947\u602a\n\u978b\u5b50\uff01\uff01\n\u600e\u9ebc\u9023\u978b\u5b50\u90fd\u7a7f\u5f97\u4e0b\u22ef\n\u4e00\u5206\u9418\u6253\u5674\u568f\uff1f\n\u62ff\u80e1\u6912\u7c89\u4e0d\u662f\u66f4\u5feb"
        },
        {
            "reply_id": "UgxO2ms3uYCr3kU1YcJ4AaABAg",
            "reply_content": "\u4ee5\u9583\u4eae\u4e4b\u540d\u6211\u89ba\u5f97\u4e00\u5b9a\u5c11\u4e0d\u4e86\u773e\u91cf\u7d1a\u5566\uff01\u7d50\u679c\u771f\u7684\u6709\u554a\u54c8\u54c8\uff01"
        },
        {
            "reply_id": "UgxLcD5qUR-EZC9Eu6F4AaABAg",
            "reply_content": "\u73fe\u5728\u597d\u50cf\u6709\u63a5\u5ee3\u544a\u624d\u6703\u62cd\u7247"
        },
        {
            "reply_id": "Ugxo1UJtJaipoLYG4vR4AaABAg",
            "reply_content": "\u5bb6\u5be7\u8b8a\u9ed1\u4e86"
        },
        {
            "reply_id": "UgxiZtPoD88LHdLYyXR4AaABAg",
            "reply_content": "\u4f60\u5011\u600e\u9ebc\u63db\u5bb6\u4e86"
        },
        {
            "reply_id": "Ugw-rE1eruaHezQIz7Z4AaABAg",
            "reply_content": "\u60f3\u554f\u5bb6\u5be7\u70ba\u4ec0\u9ebc\u6700\u8fd1\u7684\u5f71\u7247\u90fd\u662f\u7d20\u984f \u56e0\u70ba\u4e4b\u524d\u90fd\u6703\u6709\u5316\u599d \u4f46\u6700\u8fd1\u597d\u50cf\u6c92\u6709\u4e86 \u662f\u600e\u9ebc\u4e86\u55ce\uff1f\u76ae\u819a\u72c0\u6cc1\u9084\u597d\u55ce\uff1f"
        },
        {
            "reply_id": "Ugw2VQFXgw8vbyyp3mB4AaABAg",
            "reply_content": "\u5bb6\u5be7\u600e\u9ebc\u8b8a\u9019\u9ebc\u9ed1"
        },
        {
            "reply_id": "UgzfyKAmsUM19sJJQxV4AaABAg",
            "reply_content": "\u611f\u89ba\u96e2\u958b\u4e86\u6700\u521d\u7684\u90a3\u500b\u5c0f\u623f\u9593\uff0c\u5c31\u6c92\u90a3\u500b\u611f\u89ba\u4e86"
        },
        {
            "reply_id": "UgxTYsb48qT7PRI8kAp4AaABAg",
            "reply_content": "\u597d\u61f7\u5ff5\u7684\u6574\u4eba\u7cfb\u5217\uff01\u624d\u85dd\u8868\u6f14\u592a\u597d\u7b11\u4e86..."
        },
        {
            "reply_id": "UgzEqksc-JXb6dsB-b14AaABAg",
            "reply_content": "\u6211\u767c\u73fe\u4f60\u5011\u73fe\u5728\u7684\u6bcf\u96bb\u5f71\u7247\u90fd\u5269\u4e0b\u8449\u914d\u4e86\u22ef\u22ef\u5df2\u7d93\u4e0d\u662f\u55ae\u7d14\u7684\u62cd\u7247\u6574\u4eba\u4e86\u22ef\u22ef\uff08\u4e0d\u662f\u8449\u914d\u4e0d\u597d\u800c\u662f\u6bcf\u4e00\u96bb\u597d\u50cf\u771f\u7684\u90fd\u662f\u8449\u914d\u4e86\uff09\u96e3\u602a\u6703\u88ab\u61f7\u7591\u662f\u4e0d\u662f\u5206\u958b\u4e86\u5169\u500b\u4eba\u53ea\u5269\u4e0b\u5229\u76ca\u95dc\u4fc2 \u52a0\u4e0a+0\u751f\u65e5\u7537\u751f\u5531\u7684\u90a3\u9996\u6b4c\u610f\u601d\ud83d\ude05"
        },
        {
            "reply_id": "UgzwbDLMFlFQV8xxNk94AaABAg",
            "reply_content": "\u4eca\u5929\u662f\u4ec0\u9ebc\u6771\u897f"
        },
        {
            "reply_id": "UgzqUffP6a8bxyF9TtN4AaABAg",
            "reply_content": "\u5bb6\u5be7\u662f\u56de\u4f86\u4e86\u55ce"
        },
        {
            "reply_id": "Ugw-3mILecE6kP_AeWx4AaABAg",
            "reply_content": "\u5594\u8036\uff01\u662f\u60e1\u6574\uff01\u597d\u61f7\u5ff5\u5594\uff01\u9019\u904a\u6232\u8d85\u597d\u73a9\u7684\uff5e"
        }
    ]
}