{
    "video_info": {
        "id": "8i9T-bF1SGo",
        "channelTitle": "\u773e\u91cf\u7d1aCROWD",
        "title": "\u5973\u53cb\u6709\u9019\u500b\u884c\u70ba\uff0c\u6211\u8a72\u6ce8\u610f\u4ec0\u9ebc\uff1f\ud83d\ude05#\u773e\u91cf\u7d1acrowd",
        "description": "",
        "likeCount": "4206",
        "commentCount": "77",
        "viewCount": "153597"
    },
    "comments": [
        {
            "reply_id": "Ugxf5AJPL1A1oTIkJ7J4AaABAg",
            "reply_content": "\u6ce8\u610f\u5b89\u5168"
        },
        {
            "reply_id": "UgzY8AWE_Il5YGVNYqt4AaABAg",
            "reply_content": "\u627e\u500b\u5c08\u696d\u7684\u745c\u73c8\u8001\u5e2b\u6bd4\u8f03\u597d\u6709\u7246\u58c1\u5b78\u7fd2\u6bd4\u8f03\u5b89\u5168"
        },
        {
            "reply_id": "Ugx33_Fu-NIC6c2oc3J4AaABAg",
            "reply_content": "\u6ce8\u610f\u4e0b\u4e00\u53f0\u96fb\u8996\u63db\u4ec0\u9ebc\u724c\u5b50\ud83d\ude02"
        },
        {
            "reply_id": "Ugz5ZX3OON_wL-jsG2x4AaABAg",
            "reply_content": "\u5931\u6557"
        },
        {
            "reply_id": "Ugxi6dnkC2CPB7ZSzh14AaABAg",
            "reply_content": "\u6211\u6709\u5b78\u8df3\u821e\uff0c\u52d5\u4f5c\u5371\u96aa\uff0c\u5efa\u8b70\u5728\u6709\u821e\u8e48\u8001\u5e2b\u7684\u72c0\u6cc1\u4e0b\uff0c\u518d\u505a\u6703\u6bd4\u8f03\u5b89\u5168\u2764\uff08\u5c0f\u5fc3\u53d7\u50b7\uff09"
        },
        {
            "reply_id": "UgzGsJaLX67DNeIT6KN4AaABAg",
            "reply_content": "\u8981\u5c0f\u5fc3"
        },
        {
            "reply_id": "UgycfS2gIX5itG3ACKV4AaABAg",
            "reply_content": "\u5728\u7df4\u8098\u5b9a\ud83d\ude33"
        },
        {
            "reply_id": "UgxFMHWffNzHETZgCWx4AaABAg",
            "reply_content": "\u592a\u597d\u7b11\u4e86\uff0c\u4e0d\u904e\u8981\u5c0f\u5fc3\u9ede"
        },
        {
            "reply_id": "UgznZ23k7_QmnhmcH-R4AaABAg",
            "reply_content": "\u75fe\u6211\u770b\u4f60\u9084\u662f\u53bb\u5e6b\u5e6b\u4ed6\u5427"
        },
        {
            "reply_id": "UgxPOBBJXeGTGbQSg9V4AaABAg",
            "reply_content": "\u53ef\u4ee5\u8acb\u7537\u670b\u53cb\u5e6b\u5fd9\u624d\u4e0d\u6703\u5371\u96aa\u50b7\u5230\u8116\u5b50\ud83e\udd7a\u6216\u9760\u7246\u7df4\u7fd2\uff0c\u65c1\u908a\u6709\u4eba\u5e6b\u5fd9\u719f\u7df4\u5728\u81ea\u5df1\u4f86\u6bd4\u8f03\u597d"
        },
        {
            "reply_id": "Ugx9luZZLZUXmunKzpt4AaABAg",
            "reply_content": "\u97d3\u570b\u5c0f\u59d0\u7684\u8a13\u7df4\u4ed6\u5c31\u662f\u6703\u8b93\u4e0b\u76e4\u8ddf\u7a69\u91cd\u4e00\u9ede"
        },
        {
            "reply_id": "UgysScz3qK75wECttft4AaABAg",
            "reply_content": "\u8a72\u6ce8\u610f\u4ed6\u6703\u6454\u6158"
        },
        {
            "reply_id": "UgyBGJX63CRMHeWyKUR4AaABAg",
            "reply_content": "\u6ce8\u610f\u5979\u7684\u5b89\u5168"
        },
        {
            "reply_id": "UgwEeOkr11uZxhibHLV4AaABAg",
            "reply_content": "\u6ce8\u610f \u5225\u8d8a\u7d1a\u505a\u5176\u4ed6\u52d5\u4f5c\ud83d\ude02"
        },
        {
            "reply_id": "UgxtZJgZ53dQC4D_hcx4AaABAg",
            "reply_content": "\u60f3\u5012\u7acb\u7d50\u679c\u5012\u4e0d\u6210\u5427\uff01"
        },
        {
            "reply_id": "Ugzxt6Oj9DGdJK399d14AaABAg",
            "reply_content": "\u6ce8\u610f\u4e0d\u8981\u626d\u5230\u8116\u5b50"
        },
        {
            "reply_id": "Ugw9CtLrdsQiS1QhEEh4AaABAg",
            "reply_content": "\u6ce8\u610f \u5b89\u5168"
        },
        {
            "reply_id": "UgyxUi8gnZyiLASQe1R4AaABAg",
            "reply_content": "\u5973\u53cb\u505a\u745c\u4f3d \u59ff\u52e2\u6027\u611f\u554a \u600e\u9ebc\u4e86\u55ce\uff1f"
        },
        {
            "reply_id": "Ugz1Smc3nYs3KtZ8gAB4AaABAg",
            "reply_content": "\u597d\u5371\u96aa\u5594\uff01\u8981\u6709\u5c08\u696d\u7684\u8001\u5e2b\u5728\u65c1\u908a\u5566\uff01"
        },
        {
            "reply_id": "UgwT3CodWrixZH2P89Z4AaABAg",
            "reply_content": "\u56e0\u8a72\u662f\u60f3\u7df4\u5012\u7acb"
        }
    ]
}