{
    "video_info": {
        "id": "8vu_xJoL5QI",
        "channelTitle": "\u773e\u91cf\u7d1aCROWD",
        "title": "\u9019\u9ebdCute\u7684\u821e\u8e48\uff0c\u4e00\u5b9a\u8981\u8ddf\u53ef\u611b\u7684\u4eba\u4e00\u8d77\u8df3\u5427\u6536\u85cf\u8d77\u4f86 \u5047\u65e5\u53bb\u627e\u670b\u53cb\u4e00\u8d77\u8df3\ud83d\ude1d#\u83ef\u5c71\u6587\u5275\u5712\u5340",
        "description": "",
        "likeCount": "2841",
        "commentCount": "42",
        "viewCount": "102458"
    },
    "comments": [
        {
            "reply_id": "UgyBQ7i4sw3_uE1plup4AaABAg",
            "reply_content": "\u597d\u4e45\u6c92\u6709\u770b\u5230\u4f60\u5011\u7684\u65b0\u5f71\u7247\u4e86"
        },
        {
            "reply_id": "UgyW6EmK-8X5a1VvB4l4AaABAg",
            "reply_content": "\u5169\u500b\u597d\u53ef\u611b"
        },
        {
            "reply_id": "UgyWpJZ7MeQ53k5HNgZ4AaABAg",
            "reply_content": "\u5feb\u7d50\u5a5a\u7b49\u5f88\u4e45\u4e86"
        },
        {
            "reply_id": "Ugydlohe9eJxed60EVh4AaABAg",
            "reply_content": "\u8d95\u5feb\u5206\u624b\u5427 \u5973\u751f\u503c\u5f97\u66f4\u597d\u7684"
        }
    ]
}