{
    "video_info": {
        "id": "9o_AHQiRZg8",
        "channelTitle": "\u773e\u91cf\u7d1aCROWD",
        "title": "\u9a19\u7537\u53cb\u51fa\u570b\uff01\u8b93\u7537\u53cb\u8ffd\u4e0a\u6211\u7684\u884c\u7a0b\uff01\u8eab\u4e0a\u50c5\u5269\u767e\u9214\u904e\u7a0b\u8d85\u574e\u5777...(\u4e0a\u96c6)\u3010\u773e\u91cf\u7d1aCROWD\u3011",
        "description": "\u2b50\u52a0\u5165\u6211\u5011\u7684YouTube\u6703\u54e1\uff1ahttps://pse.is/U8GDQ\n\ud83d\udc49\u6703\u54e1\u4ecb\u7d39\u5f71\u7247\uff1ahttps://reurl.cc/rlvEKx\n\n\u27a1\u8a02\u95b1YouTube\u3010\u773e\u91cf\u7d1aCROWD x FUN\u751f\u6d3b-\u7b2c\u4e8c\u983b\u9053\u3011\nhttps://is.gd/4dSkyk \n\u27a1\u8a02\u95b1YouTube\u3010\u5bb6\u5be7+0\u3011\nhttps://is.gd/lcdma4 \n\u27a1\u8a02\u95b1YouTube\u3010Andy\u8001\u5e2b\u3011 \nhttps://is.gd/laVony\n------------------------------------------------------------------------------------\n\u27a1FB\u3010\u773e\u91cf\u7d1aCROWD\u3011\nhttps://www.facebook.com/etman0909/\n\u27a1FB\u3010\u5bb6\u5be7+0\u3011\nhttp://bit.ly/29PljQA\n\u27a1FB\u3010Andy\u8001\u5e2b\u3011\nhttp://bit.ly/29JkGYS\n------------------------------------------------------------------------------------\n\u27a1IG\u3010\u773e\u91cf\u7d1aCROWD\u3011\nhttps://www.instagram.com/crowd520/?hl=zh-tw\n------------------------------------------------------------------------------------\n\u27a1\u7f8e\u62cd\u3010\u4f17\u91cf\u7ea7CROWD\u3011\nhttp://www.meipai.com/user/1048418678\n------------------------------------------------------------------------------------\n\u27a1\u5fae\u535a\u3010\u4f17\u91cf\u7ea7CROWD\u3011\nhttp://www.weibo.com/6067696343/profi...\n\n\u27a1\u8a02\u95b1YouTube\u3010\u773e\u91cf\u7d1aCROWD\u3011\nhttps://is.gd/JgIQw6\n\n\u5de5\u4f5c\u9080\u7d04\u8acb\u6d3d\uff1aqunhaient@gmail.com\n\n#\u6574\u4ebaPRANK#\u773e\u91cf\u7d1aCROWD#\u9a19\u51fa\u570b#\u9999\u6e2f",
        "likeCount": "3035",
        "commentCount": "126",
        "viewCount": "163964"
    },
    "comments": [
        {
            "reply_id": "UgwYiv1HpI-3j9Bq8D94AaABAg",
            "reply_content": "\u597d\u4e45\u4e0d\u898b\u4e86\u5404\u4f4d\uff01\u2764\n\u6700\u8fd1\u4f60\u5011\u90fd\u53bb\u54ea\u73a9\u554a\uff1f\n\u5df2\u7d93\u8feb\u4e0d\u53ca\u5f85\u8981\u51fa\u4e0b\u96c6\u5f71\u7247\u4e86\ud83d\ude0a"
        },
        {
            "reply_id": "UgwZa8Gqbz5eeX4hS8t4AaABAg",
            "reply_content": "\u91cd\u5e86\u5927\u53a6\uff1f"
        },
        {
            "reply_id": "UgxojplK0gmQXyVe1Rl4AaABAg",
            "reply_content": "\u7ec8\u4e8e\u770b\u5230\u4f60\u4eec\u6765\u9999\u6e2f\u4e86\ud83d\ude2d"
        },
        {
            "reply_id": "UgykRwk4khJ0JLvOOUh4AaABAg",
            "reply_content": "\u4e0d\u7ba1\u7537\u751f\u5973\u751f \u5728\u5916\u570b \u9084\u662f\u4e0d\u8981\u96a8\u4fbf\u63a5\u53d7\u964c\u751f\u4eba\u642d\u8a15\u6bd4\u8f03\u597d \u81ea\u5df1\u8981\u6709\u9ede\u8b66\u6c7a\u5fc3 \u5225\u90a3\u9ebc\u55ae\u7d14 \u7b49\u5230\u51fa\u4e8b \u8981\u5f8c\u6094\u90fd\u4f86\u4e0d\u53ca\u4e86"
        },
        {
            "reply_id": "Ugwg6t_NVUiL8JkqOBV4AaABAg",
            "reply_content": "\u7d42\u65bc\u7b49\u5230\u4f60\u5011\u4e0a\u7247\u4e86\u2764"
        },
        {
            "reply_id": "UgwZyxLAh3mNBpyZHqx4AaABAg",
            "reply_content": "\u9999\u6e2f\u7684\u7684\u58eb\u5728\u64cb\u98a8\u73bb\u7483\u90a3\u88cf\u6709\u500b\u7d05\u8272\u7684\u724c\u5b50,\u6709\u8209\u8d77\u5c31\u662f\u7a7a\u8eca,\u6c92\u6709\u8209\u8d77\u5c31\u662f\u8f09\u8457\u4e58\u5ba2,\u4f60\u9019\u9ebc\u8aaa\u597d\u50cf\u4e5f\u662f\u633a\u96e3\u770b\u7684\ud83d\ude02\u7d42\u65bc\u4f86\u9999\u6e2f,\u4f86\u81ea\u9999\u6e2f\u7684\u7c89\u7d72"
        },
        {
            "reply_id": "Ugz8u4qvR4x15v5hKdt4AaABAg",
            "reply_content": "\u4f60\u7684\u6c92\u6709\u5237\u7259\u55ce"
        },
        {
            "reply_id": "UgyBMeY9RPyEXiPkLcF4AaABAg",
            "reply_content": "\u5bb6\u5be7\u5c0f\u5fc3\u5225\u4e82\u8ddf\u5225\u4eba\u8d70,\ud83d\ude21\u8981\u4fdd\u8b77\u81ea\u5df1.\u59b3\u9019\u6a23\u505a\u592a\u5371\u96aa\u4e86."
        },
        {
            "reply_id": "UgyH7iKbVK1Oern004Z4AaABAg",
            "reply_content": "\u90a3\u5916\u570b\u4eba\u770b\u8d77\u4f86\u8d85\u96e3\u904e"
        },
        {
            "reply_id": "UgxI2CrdMqk5kDqVhlF4AaABAg",
            "reply_content": "\u5bb6\u5be7\u4e0b\u6b21\u771f\u7684\u8981\u6ce8\u610f\u5b89\u5168\uff01\u964c\u751f\u7537\u5b50\u771f\u7684\u6bcd\u6e6f"
        },
        {
            "reply_id": "Ugxyg2rVBextTKuQaPJ4AaABAg",
            "reply_content": "11:49 \u7a7a\u8a08\u7a0b\u8eca\u5728\u526f\u99d5\u4f4d\u7f6e\u6703\u6709\u4e00\u500b\u7d05\u724c\u8c4e\u8d77\u4f86 \u5efa\u8b70\u4e0b\u6b21\u76f4\u63a5\u5728\u8a08\u7a0b\u8ecaapp\u6703\u65b9\u4fbf\u9ede \u4e0d\u7136\u597d\u96e3\u622a\u8eca \u5c24\u5176\u8ddd\u96e2\u4e0d\u662f\u597d\u9060\u7684\u6642\u5019"
        },
        {
            "reply_id": "Ugwaa8fFzBkgKP2c_5d4AaABAg",
            "reply_content": "11:32 \u70ba\u4ec0\u9ebc\u7684\u58eb\u4e0d\u8f09\u4f60\uff0c\u662f\u56e0\u70ba\u4f60\u624b\u6a5f\u5beb\u7684\u662f15:15\uff0c\u90a3\u6bb5\u6642\u9593\u662f\u53f8\u6a5f\u5011\u7684\u63db\u73ed\u6642\u9593\uff08\u5c31\u662f\u65e9\u665a\u73ed\u63db\u4eba\uff0c\u90a3\u4e00\u6bb5\u6642\u9593\u5927\u90e8\u4efd\u7684\u53f8\u6a5f\u90fd\u4e0d\u6703\u63a5\u53bb\u5f88\u9060\u7684\u5ba2\u4eba\uff0c\u53ea\u6703\u63a5\u4e00\u4e9b\u8def\u7a0b\u8f03\u77ed\u7684"
        },
        {
            "reply_id": "Ugy_UkYRixMsZfT-0u14AaABAg",
            "reply_content": "\u8b1b\u771f\u7684 \u4f60\u4e0b\u6b21\u771f\u7684\u4e0d\u8981\u8ddf\u90a3\u4e9b\u5357\u4e9e\u4eba\u804a\u5929\u6216\u8ddf\u4ed6\u5011\u8d70  \u90a3\u662f\u8d85\u8d85\u8d85\u8d85\u8d85\u5371\u96aa"
        },
        {
            "reply_id": "UgziLsOrcnFVEYE9LsZ4AaABAg",
            "reply_content": "\u9999\u6e2f\u4eba\u8868\u793a\uff0c\u4e0d\u8981\u96a8\u4fbf\u8ddf\u4eba\u8d70\uff0c\u771f\u7684\u5f88\u5371\u96aa"
        },
        {
            "reply_id": "Ugyq5pUWCmUc10o5gql4AaABAg",
            "reply_content": "\u606d\u559c\u9ad4\u9a57\u9999\u6e2f\u7279\u5f0f\u7684\u8a08\u7a0b\u8eca\u670d\u52d9\uff0c\u62d2\u8f09 ~~"
        },
        {
            "reply_id": "UgzTLlvz-7TREXt0sMN4AaABAg",
            "reply_content": "\u4e0d\u8981\u96a8\u4fbf\u8ddf\u96a8\u5225\u4eba\u8d70\u554a\uff0c\u5f88\u5371\u96aa\u7684\uff01\n\u9999\u6e2f\u4eba\u8868\u793a\u73fe\u5728\u9019\u88e1\u767c\u751f\u5f88\u591a\u7a81\u767c\u7684\u4e8b\uff0c\u5efa\u8b70\u9084\u662f\u6ce8\u610f\u5b89\u5168\u6bd4\u8f03\u597d\uff01"
        },
        {
            "reply_id": "UgxI4GoCBjdn4GozB094AaABAg",
            "reply_content": "\u4ec0\u9ebc\u6642\u5019\u51fa\u4e0b\u96c6\u5440\u597d\u671f\u5f85~"
        },
        {
            "reply_id": "UgyCEGX_esTtYOztPR54AaABAg",
            "reply_content": "\u771f\u7684\u908a\u770b\u908a\u64d4\u5fc3\u5bb6\u5be7\uff0c\u8fa3\u500b\u7537\u80fd\u770b\u8d77\u4f86\u6709\u9ede\u90aa\u60e1\u634f~\u8d85\u64d4\u5fc3\u59b3\u5171\u98df\u88ab\u4e0b\u85e5\u4e4b\u985e\u7684\ud83d\ude05"
        },
        {
            "reply_id": "UgyJGdFdKAfMme4uiBl4AaABAg",
            "reply_content": "\u5bb6\u5be7\u4f1a\u4e0d\u4f1a\u6709\u70b9\u592a\u5355\u7eaf\uff1f\n\u5728\u5916\u56fd\u4e0d\u53ef\u4ee5\u968f\u4fbf\u8ddf\u964c\u751f\u4eba\u5230\u5904\u8ddf\u968f\uff0c\u4e5f\u4e0d\u8981\u968f\u4fbf\u62ff\u964c\u751f\u4eba\u7684\u4e1c\u897f\n\u4e0d\u7ba1\u5bf9\u65b9\u662f\u4ec0\u4e48\u4eba\u90fd\u597d\uff0c\u6ca1\u6709\u4eba\u4f1a\u90a3\u4e48\u5355\u7eaf\u8bf7\u4f60\u5403\u996d\u9001\u4f60\u82b1\uff0c\u800c\u4e14\u4e00\u4e2a\u4eba\uff0c\u4eba\u751f\u5730\u4e0d\u719f\u4e07\u4e00\u771f\u7684\u6709\u4ec0\u4e48\u4e8b\uff0c\u8bed\u8a00\u4e0a\u4e5f\u4e0d\u4f1a\u6c9f\u901a\uff0c\u90a3\u5c31\u540e\u6094\u83ab\u53ca\u4e86\n\u770b\u5230ANDY\u51fa\u73b0\u540e\u5c31\u8bf4\u6709\u4e8b\u8981\u8d70\u4e86\uff0c\u5982\u679cANDY\u8fd8\u6ca1\u51fa\u73b0\u5462\uff1f"
        },
        {
            "reply_id": "UgwBqcajV0lomlhkPlh4AaABAg",
            "reply_content": "\u6211\u8981\u627e\u5973\u670b\u53cb\u554a\u554a\u554a\u554a\u554a\u554a\u554a"
        }
    ]
}