{
    "video_info": {
        "id": "Aoq019-9i3Q",
        "channelTitle": "\u773e\u91cf\u7d1aCROWD",
        "title": "\u904a\u6232 V.S \u5c0f\u5f37 \u5973\u53cb\u6703\u9078\u8ab0\uff1f\u4f60\u5011\u8a55\u8a55\u7406\uff01 @chianing_baby \u9069\u4e0d\u9069\u5408\u767c\u500bMVP\u7d66\u5979\ud83e\udd14#\u773e\u91cf\u7d1acrowd #\u50b3\u8aaa\u5c0d\u6c7a",
        "description": "#\u5c0f\u5f37 #\u50b3\u8aaa\u5c0d\u6c7a",
        "likeCount": "7656",
        "commentCount": "113",
        "viewCount": "262720"
    },
    "comments": [
        {
            "reply_id": "Ugwa4q_sWvEJatlpQrx4AaABAg",
            "reply_content": "\u7260\u53ef\u80fd\u5fa9\u6d3b\u7532\u63db\u51dd\u971c\u63db\u5ca9\u76fe\u63db\u6b7b\u942e\u63db\u72c2\u624b\ud83d\ude02\ud83d\ude02"
        },
        {
            "reply_id": "Ugz2bGoV3-razgsiQ7l4AaABAg",
            "reply_content": "\u7d50\u679c\u7260\u79d2\u901f\u63db\u88dd\ud83d\ude02"
        },
        {
            "reply_id": "UgxSQQKXFeTkZ0whRLd4AaABAg",
            "reply_content": "\u7528\u6fd5\u7684\u885b\u751f\u5b50\u4e1f"
        },
        {
            "reply_id": "UgxI8TMgx_d1HTEyvIJ4AaABAg",
            "reply_content": "\u5bb6\u52d9\u90fd\u662f\u4e00\u500b\u4eba\u505a \u96e3\u602a\u6703\u4e0d\u5408\ud83d\ude22"
        },
        {
            "reply_id": "UgyPnymeRp1zrVz28_14AaABAg",
            "reply_content": "\u5927\u5bb6\u77e5\u9053\u5417\u5176\u5b9e\u87d1\u8782\u7684\u8033\u6735\u662f\u751f\u5728\u811a\u7684\uff0c\u56e0\u4e3a\u5982\u679c\u4f60\u628a\u5b83\u7684\u811a\u62d4\u6389\u4f60\u5c3d\u91cf\u7684\u558a\u5b83\u662f\u8dd1\u4e0d\u4e86\u7684\uff01"
        },
        {
            "reply_id": "UgwhkZyIFQlYo6KmjOZ4AaABAg",
            "reply_content": "\u54c8\u54c8\u54c8\u54c8\u54c8\u54c8\u54c8\u54c8\u54c8\u54c8\u54c8\u54c8\ud83d\ude02"
        },
        {
            "reply_id": "UgwXtBnRTnib8sg2RQ14AaABAg",
            "reply_content": "\u70ba\u6211\u5011\u7684\u514b\u91cc\u7d0d\u5361\uff0c\u3010\u9ed8\u54c0\u4e09\u79d2\u9418\u3011"
        },
        {
            "reply_id": "Ugws3aa105v3vj6y2X94AaABAg",
            "reply_content": "\u7528\u624b\u6293\u6bd4\u8f03\u5feb"
        },
        {
            "reply_id": "Ugz9XIoyj2Rp40zJJ_l4AaABAg",
            "reply_content": "\u4e00\u500b\u73a9\u904a\u6232\u4e00\u500b\u73a9\u9ad2\u8782\ud83d\ude02"
        },
        {
            "reply_id": "UgxaUdk_JPwE_bVsrNR4AaABAg",
            "reply_content": "\u7532\u87f2\u8981\u62ff\u5c0f\u6c2b\u6253\ud83d\ude02"
        },
        {
            "reply_id": "Ugwlfh-R3s5BH9OaA4h4AaABAg",
            "reply_content": "\u7b11\u6b7b\u9019\u67ef\u91cc\u4e00\u76f4\u6263\u5927\u62db\uff0c\u6709\u5920\u4e0d\u6703\u73a9\uff0c\u8981\u770b\u5c31\u4f4e\u7aef"
        },
        {
            "reply_id": "UgxDsarfPx_-IHS2Lr54AaABAg",
            "reply_content": "\u6bba\u87f2\u6c34\u4e0d\u662f\u7c21\u55ae\u5f97\u591a\u55ce\ud83d\ude2e"
        },
        {
            "reply_id": "Ugyk0rneD64h8WkKbBp4AaABAg",
            "reply_content": "\u6975\u9650\u8fd4\u6bba\ud83d\ude02"
        },
        {
            "reply_id": "Ugzkpqc4HNtxp2jPmY94AaABAg",
            "reply_content": "\u983b\u7387\u5c0d\u4e86\u983b\u9053\u4e0d\u5c0d"
        },
        {
            "reply_id": "Ugza6RgWFbfVAua_i0d4AaABAg",
            "reply_content": "\u5c0f\u5fc3\u6b7b\u795e\u942e\u5200\ud83d\ude02"
        },
        {
            "reply_id": "UgwvErA8YUTfRSRM7Vd4AaABAg",
            "reply_content": "\u885b\u751f\u7d19\u6cbe\u6c34\u8d85\u731b"
        },
        {
            "reply_id": "UgxiR6y8fkmESLWCVN94AaABAg",
            "reply_content": "\u5c31\u6211\u770b\u5f97\u5f88\u7740\u6025\u5417\uff1f\u90a3\u4e48\u591a\u673a\u4f1a\u4e0d\u6253\uff0c\u518d\u7b49\u4f1a\u5c31\u4e0d\u89c1\u4e86\uff01\uff01\uff01\uff08\u6342\u8138"
        },
        {
            "reply_id": "UgzJFHRRhLI_FJUrIl54AaABAg",
            "reply_content": "\u539f\u4f86\u79d1\u91cc\u7d0d\u5361\u662f\u87d1\u8782\ud83d\ude02"
        },
        {
            "reply_id": "UgyxnrMu4WLbAeZmRiZ4AaABAg",
            "reply_content": "\u6211\u4eca\u5929\u5237\u5230\u4e86\u87d1\u8782\uff0c\u90a3\u662f\u4e0d\u662f\u7b49\u4e0b\u6211\u5c31\u9047\u5230\u87d1\u8782\u4e86\ud83d\ude22\ud83d\ude22\ud83d\ude22"
        },
        {
            "reply_id": "Ugz8VOb6qKqYrccXPzx4AaABAg",
            "reply_content": "\u6709\u6a5f\u6703\u4e00\u8d77\u6253\u50b3\u8aaa\ud83e\udd23\ud83e\udd23"
        }
    ]
}