{
    "video_info": {
        "id": "AYQDf1f9b6E",
        "channelTitle": "\u773e\u91cf\u7d1aCROWD",
        "title": "iPhone\u7684\u4e00\u751f = \u5973\u53cb\u7684\u4e00\u751f?",
        "description": "#iphone #iphone15 #apple",
        "likeCount": "472",
        "commentCount": "7",
        "viewCount": "11259"
    },
    "comments": [
        {
            "reply_id": "UgwSyL0bUUZtV8ht1LZ4AaABAg",
            "reply_content": "\u597d\u4e45\u6c92\u770b\u4ed6\u5011\u5f71\u7247\u4e86\ud83d\ude22\u70ba\u4ec0\u9ebc\u4e0d\u66f4\u65b0\u5f71\u7247\u5462\uff1f"
        },
        {
            "reply_id": "Ugx9l3LZkNi9vErP79d4AaABAg",
            "reply_content": "\u6211\u5c31\u731c\u5230\u4e0b\u4e00\u79d2\u6253\u958b\u88cf\u9762\u662f\u7a7a\u7684\uff0c\u7e43\u4e0d\u4f4f\u4e86\u7aa9\u8349\ud83d\ude02"
        },
        {
            "reply_id": "UgzjrsRHHShnoJcsm6R4AaABAg",
            "reply_content": "\u597d\u5047 \u62ff\u5230\u76d2\u5b50\u6c92\u91cd\u91cf\u5c31\u66c9\u5f97\u4e86"
        }
    ]
}