{
    "video_info": {
        "id": "bh06OpZe7e4",
        "channelTitle": "\u773e\u91cf\u7d1aCROWD",
        "title": "\u8056\u8a95\u4e0d\u51fa\u570b\u5c31\u80fd\u9ad4\u9a57\u7570\u570b\u611f\uff01\u539f\u4f86Outlet\u53ef\u4ee5\u9019\u9ebc\u597d\u73a9\uff1f\u5165\u4f4f\u9ad8\u7d1a\u842c\u5143\u9152\u5e97\u767c\u73fe\u5e8a\u4e0a\u7adf\u6709...\ud83d\udc8f\u3010\u773e\u91cf\u7d1aCROWD\u3011",
        "description": "\u2b50\u52a0\u5165\u6211\u5011\u7684YouTube\u6703\u54e1\uff1ahttps://pse.is/U8GDQ\n\ud83d\udc49\u6703\u54e1\u4ecb\u7d39\u5f71\u7247\uff1ahttps://reurl.cc/rlvEKx\n\n\u27a1\u8a02\u95b1YouTube\u3010\u773e\u91cf\u7d1aCROWD x FUN\u751f\u6d3b-\u7b2c\u4e8c\u983b\u9053\u3011\nhttps://is.gd/4dSkyk \n\u27a1\u8a02\u95b1YouTube\u3010\u5bb6\u5be7+0\u3011\nhttps://is.gd/lcdma4 \n\u27a1\u8a02\u95b1YouTube\u3010Andy\u8001\u5e2b\u3011 \nhttps://is.gd/laVony\n------------------------------------------------------------------------------------\n\u27a1FB\u3010\u773e\u91cf\u7d1aCROWD\u3011\nhttps://www.facebook.com/etman0909/\n\u27a1FB\u3010\u5bb6\u5be7+0\u3011\nhttp://bit.ly/29PljQA\n\u27a1FB\u3010Andy\u8001\u5e2b\u3011\nhttp://bit.ly/29JkGYS\n------------------------------------------------------------------------------------\n\u27a1IG\u3010\u773e\u91cf\u7d1aCROWD\u3011\nhttps://www.instagram.com/crowd520/?hl=zh-tw\n------------------------------------------------------------------------------------\n\u27a1\u7f8e\u62cd\u3010\u4f17\u91cf\u7ea7CROWD\u3011\nhttp://www.meipai.com/user/1048418678\n------------------------------------------------------------------------------------\n\u27a1\u5fae\u535a\u3010\u4f17\u91cf\u7ea7CROWD\u3011\nhttp://www.weibo.com/6067696343/profi...\n\n\u27a1\u8a02\u95b1YouTube\u3010\u773e\u91cf\u7d1aCROWD\u3011\nhttps://is.gd/JgIQw6\n\n\u5de5\u4f5c\u9080\u7d04\u8acb\u6d3d\uff1aqunhaient@gmail.com\n\n#SKMPark\u9ad8\u96c4\u8349\u8859 #\u773e\u91cf\u7d1aCROWD #\u60c5\u4fb6",
        "likeCount": "2049",
        "commentCount": "64",
        "viewCount": "119171"
    },
    "comments": [
        {
            "reply_id": "Ugy8DSDrU7UP7AMkFHh4AaABAg",
            "reply_content": "\u6211\u53bb\u904e\u7b2c\u4e8c\u5929\u7684\u90a3\u500b\u5730\u65b9\ud83d\ude0a"
        },
        {
            "reply_id": "UgxXMePKMyZNquFp06l4AaABAg",
            "reply_content": "\u5728\u9ad8\u96c4\u54ea\uff1f"
        },
        {
            "reply_id": "UgxwttXr-8rzqG0X5a54AaABAg",
            "reply_content": "\u53ea\u80fd\u8aaa \u9019\u5973\u751f\u503c\u5f97\u66f4\u597d\u7684\u7537\u751f"
        },
        {
            "reply_id": "UgwrH_RkHZahvbVQ58N4AaABAg",
            "reply_content": "\u4e03\u5e74\u4e86\u4ec0\u9ebc\u6642\u5019\u7d50\u5a5a"
        },
        {
            "reply_id": "Ugy4YAnsyybJS_VChhJ4AaABAg",
            "reply_content": "\u5f88\u559c\u6b61\u770b\u4f60\u5011\u51fa\u53bb\u73a9\u7684\u5f71\u7247\ud83d\udc97\ud83d\udc97\ud83d\udc97"
        },
        {
            "reply_id": "Ugxs1WZzp5aNIlogSSN4AaABAg",
            "reply_content": "\u6211\u4f4f\u9ad8\u96c4!"
        },
        {
            "reply_id": "UgxgOCLU21wIOtHOAER4AaABAg",
            "reply_content": "\u770b\u8d77\u4f86\u592a\u721b\u6f2b\u4e86\u2764"
        },
        {
            "reply_id": "Ugyz_SnfomwvFRT8jO54AaABAg",
            "reply_content": "\u53ef\u4ee5\u64a5\u500b\u7a7a\u5e6b\u500b\u5fd9\u55ce\uff1f\nig\u79c1\u8a0a\u90a3\u908a\u6211\u6709\u7559\u8a00\u60f3\u8acb\u4f60\u5011\u5e6b\u500b\u5fd9"
        },
        {
            "reply_id": "Ugw-69Z7S7enhaI-lc54AaABAg",
            "reply_content": "\u597d\u559c\u6b61\u9019\u6b21\u5f71\u7247\u7684\u6c1b\u570d\n\u5f88\u81ea\u7136\u53c8\u5f88\u6709\u611b\ud83e\udd70"
        },
        {
            "reply_id": "UgwC4G_fyQUAbHWo9EB4AaABAg",
            "reply_content": "\u8056\u8a95\u7bc0\u5feb\u6a02\ud83c\udf84"
        },
        {
            "reply_id": "UgzlLoLEaiF60xh_cmZ4AaABAg",
            "reply_content": "\u9ad8\u96c4\u771f\u7684\u6bd4\u8f03\u6eab\u6696\u4e00\u9ede\ud83d\ude02"
        },
        {
            "reply_id": "UgwTdDY7lMGtCnQzUWh4AaABAg",
            "reply_content": "\u96d6\u7136\u5f88\u660e\u986f\u662f\u696d\u914d\uff0c\u4f46\u8eab\u70ba\u9ad8\u96c4\u4eba\u7684\u6211\u771f\u5fc3\u89ba\u5f97\u9ad8\u96c4\u662f\u500b\u5f88\u68d2\u7684\u90fd\u5e02\uff0c\u53ea\u6709\u5929\u6c23\u71b1\u4e86\u9ede"
        },
        {
            "reply_id": "Ugxa6ZMWxyyFYpmmVnF4AaABAg",
            "reply_content": "\u6b61\u8fce\u4e0b\u6b21\u518d\u4f86\u9ad8\u96c4\u54e6\ud83d\ude0a"
        },
        {
            "reply_id": "Ugx-qGHfRwYT1vfnILF4AaABAg",
            "reply_content": "\u66f4\u65b0\u8d8a\u4f86\u8d8a\u6162\u4e86\uff0c\u5c0d\u55ce\ud83d\ude2e"
        },
        {
            "reply_id": "UgyYI6C9Et-59XPVgSF4AaABAg",
            "reply_content": "\u6b61\u8fce\u849e\u81e8\u4e2d\u5c71\u5927\u5b78\n\u6709\u4e00\u500b\u67f4\u5c71\u79d8\u5883\u4e0b\u6b21\u4f86\u53ef\u4ee5\u53bb\u770b\u770b \u975e\u5e38\u6f02\u4eae"
        },
        {
            "reply_id": "Ugwp-vaGd6oA_wYiEm54AaABAg",
            "reply_content": "\u8056\u8a95\u5feb\u6a02"
        },
        {
            "reply_id": "Ugz9Gp4N4X2eoCJseYd4AaABAg",
            "reply_content": "\u771f\u68d2"
        },
        {
            "reply_id": "Ugx0XS5Fc8t3Jyt317p4AaABAg",
            "reply_content": "\u771f\u68d2"
        },
        {
            "reply_id": "Ugw6ygu0SV15YrmR8KB4AaABAg",
            "reply_content": "\u600e\u9ebc\u89ba\u5f97\u73fe\u5728\u7684\u5bb6\u5be7\u6c92\u6709\u4ee5\u524d\u62cd\u7247\u6642\u5feb\u6a02\uff1f\u5076\u723e\u6703\u9732\u51fa\u843d\u5bde\u653e\u7a7a\u7684\u795e\u60c5\u22ef\u9084\u597d\u55ce\uff1f"
        },
        {
            "reply_id": "UgzwjqM8jDvGcyNJQiN4AaABAg",
            "reply_content": "\u8056\u8a95\u5feb\u6a02\ud83d\ude0a"
        }
    ]
}