{
    "video_info": {
        "id": "Bpz0UszOn2M",
        "channelTitle": "\u773e\u91cf\u7d1aCROWD",
        "title": "\u9a19\u7537\u53cb\u53bb\u9999\u6e2f\u4e00\u661f\u98ef\u5e97\u5165\u4f4f\u2b50\u74b0\u5883\u60e1\u52a3\uff01\uff1f\u6cbb\u5b89\u582a\u6182\uff01\uff1f\u4ed6\u770b\u5230\u7684\u53cd\u61c9\u662f\u4ec0\u9ebc\uff1f(\u4e0b\u96c6)\u3010\u773e\u91cf\u7d1aCROWD\u3011",
        "description": "\u51e1\u5728Youtube\u6b64\u5f71\u7247\u6309\u8b9a+\u8a02\u95b1+\u5206\u4eab+\u7559\u8a00\u300c\u6211\u611b\u773e\u91cf\u7d1a\u300d\u5c31\u80fd\u53c3\u8207\u6b64\u6b21\u62bd\u734e\ud83c\udf81\n\n\u62bd\u734e\u734e\u54c1\uff1a\u73b2\u5a1c\u8c9d\u5152\u982d\u98fe(\u7c89\u8272)x1 / \u7c73\u5947\u982d\u98fe(\u9ed1\u85cd\u8272)x1 / \u7c89\u7d05\u8272\u5c0f\u5074\u80cc\u5305 / \u73b2\u5a1c\u8c9d\u5152\u73a9\u5076 x1 /\u9054\u83f2\u718a\u9aee\u5708(\u4e00\u5c0d) x1  \uff08\u4ee5\u4e0a\u734e\u54c1\u5df2\u62c6\u5c01\uff0c\u975e\u5168\u65b0\u5546\u54c1\uff09\n\n\u5171\u6703\u62bd\u51fa5\u540d\u5e78\u904b\u5f97\u4e3b\uff01\n\n\u6d3b\u52d5\u6642\u9593\uff1a6/4-6/10\n\n\u795d\u4f60\u5011\u6709\u6a5f\u6703\u4e2d\u734e\u5594\uff01\u5f88\u958b\u5fc3\u80fd\u628a\u9019\u500b\u559c\u6085\u5206\u4eab\u7d66\u4f60\uff01\u5e0c\u671b\u4f60\u5011\u6536\u5230\u79ae\u7269\u6703\u5f88\u958b\u5fc3\ud83d\ude01\n\n\u2b50\u52a0\u5165\u6211\u5011\u7684YouTube\u6703\u54e1\uff1ahttps://pse.is/U8GDQ\n\ud83d\udc49\u6703\u54e1\u4ecb\u7d39\u5f71\u7247\uff1ahttps://reurl.cc/rlvEKx\n\n\u27a1\u8a02\u95b1YouTube\u3010\u773e\u91cf\u7d1aCROWD x FUN\u751f\u6d3b-\u7b2c\u4e8c\u983b\u9053\u3011\nhttps://is.gd/4dSkyk \n\u27a1\u8a02\u95b1YouTube\u3010\u5bb6\u5be7+0\u3011\nhttps://is.gd/lcdma4 \n\u27a1\u8a02\u95b1YouTube\u3010Andy\u8001\u5e2b\u3011 \nhttps://is.gd/laVony\n------------------------------------------------------------------------------------\n\u27a1FB\u3010\u773e\u91cf\u7d1aCROWD\u3011\nhttps://www.facebook.com/etman0909/\n\u27a1FB\u3010\u5bb6\u5be7+0\u3011\nhttp://bit.ly/29PljQA\n\u27a1FB\u3010Andy\u8001\u5e2b\u3011\nhttp://bit.ly/29JkGYS\n------------------------------------------------------------------------------------\n\u27a1IG\u3010\u773e\u91cf\u7d1aCROWD\u3011\nhttps://www.instagram.com/crowd520/?hl=zh-tw\n------------------------------------------------------------------------------------\n\u27a1\u7f8e\u62cd\u3010\u4f17\u91cf\u7ea7CROWD\u3011\nhttp://www.meipai.com/user/1048418678\n------------------------------------------------------------------------------------\n\u27a1\u5fae\u535a\u3010\u4f17\u91cf\u7ea7CROWD\u3011\nhttp://www.weibo.com/6067696343/profi...\n\n\u27a1\u8a02\u95b1YouTube\u3010\u773e\u91cf\u7d1aCROWD\u3011\nhttps://is.gd/JgIQw6\n\n\u5de5\u4f5c\u9080\u7d04\u8acb\u6d3d\uff1aqunhaient@gmail.com\n\n#\u6574\u4ebaPRANK#\u773e\u91cf\u7d1aCROWD#\u9a19\u51fa\u570b#\u9999\u6e2f #\u8fea\u58eb\u5c3c",
        "likeCount": "4168",
        "commentCount": "489",
        "viewCount": "192089"
    },
    "comments": [
        {
            "reply_id": "UgwerUJcqOts6O5L3-V4AaABAg",
            "reply_content": "\u6211\u662f\u9999\u6e2f\u7684\u2764"
        },
        {
            "reply_id": "UgzAScMpQ1Npl4EgcRF4AaABAg",
            "reply_content": "\u6211\u611b\u91cd\u91cf\u7d1a\u2764\n\u770b\u4f60\u5011\u7684\u5f71\u7247\u771f\u7684\u4e00\u76f4\u7b11\ud83d\ude02\u98ef\u5e97\u90a3\u500b\u771f\u7684\u5f88\u9a5a\u9b42\u8a18\u7684\u611f\u89ba"
        },
        {
            "reply_id": "UgxamBs1uoZJ0ArP6qN4AaABAg",
            "reply_content": "\u9999\u6e2f\u89c0\u773e\u5831\u5230"
        },
        {
            "reply_id": "UgywNoqWU9xtFyUYN7t4AaABAg",
            "reply_content": "\u6c92\u6709\u62bd\u734e"
        },
        {
            "reply_id": "UgydLJzClbhQ2BoIGTx4AaABAg",
            "reply_content": "\u6211\u771f\u5fc3\u89ba\u5f97\u4e00\u661f\u7d1a\u90a3\u908a\u8d85\u597d\u7b11\uff0c\u89ba\u5f97\u4f60\u5011\u5f88\u6709\u52c7\u6c23\u751a\u81f3\u9084\u9032\u5230\u623f\u9593 \ud83d\ude02\u6211\u611b\u91cd\u91cf\u7d1a\uff01\uff01"
        },
        {
            "reply_id": "UgxwbDWBL3unSx7loN94AaABAg",
            "reply_content": "\u4e94\u661f\u98ef\u5e97\u7684\u683c\u5c40\u5f88\u50cf\u842c\u8c6a\u8036\ud83d\ude02\ud83d\ude02\ud83d\ude02\u5c24\u5176\u662f\u5ec1\u6240"
        },
        {
            "reply_id": "Ugx81g1O1uZ_v0PwEi54AaABAg",
            "reply_content": "\u539f\u4f86\u4e94\u661f\u7d1a\u9152\u5e97\u6211\u670b\u53cb\u751f\u65e5\u90a3\u5929\uff0c\u4f60\u5011\u525b\u597d\u4f86\u9999\u6e2f\u4e86\uff0c\u9084\u5728\u9694\u58c1\u623f\u9593\ud83d\ude22\ud83d\ude22\ud83d\ude22\u771f\u7684\u932f\u904e\u4e86\u9019\u500b\u6a5f\u6703\ud83d\ude22\ud83d\ude22\ud83d\ude22\ud83d\ude22"
        },
        {
            "reply_id": "UgxYYdfTG6GlCbCq4nt4AaABAg",
            "reply_content": "\u6211\u611b\u773e\u91cf\u7d1a"
        },
        {
            "reply_id": "Ugxlvd7sm3AuTuNiv0t4AaABAg",
            "reply_content": "\u5c0f\u5c0f\u4e16\u754c\u5728\u5c0f\u6642\u5019\u53ef\u80fd\u6703\u89ba\u5f97\u5f88\u53ef\u611b\uff0c\u4f46\u662f\u9577\u5927\u5f8c\u904e\u5f97\u5f88\u53ef\u6015\ud83d\ude02"
        },
        {
            "reply_id": "UgxuO6-SNPwB9n7ybId4AaABAg",
            "reply_content": "\u80fd\u770b\u5230\u4f60\u5011\u597d\u958b\u5fc3\u5594\uff01\uff01\u9019\u4e00\u5e74\u611f\u89ba\u4f60\u5011\u6210\u70ba\u4e86\u66f4\u4e0d\u4e00\u6a23\u7684\u81ea\u5df1\uff0c\u70ba\u4f60\u5011\u958b\u5fc3\u2764"
        },
        {
            "reply_id": "UgxUGYFLM9lYFRjmVi94AaABAg",
            "reply_content": "\u6211\u611b\u91cd\u91cf\u7d1a"
        },
        {
            "reply_id": "UgxFz2gg2JHX_j-8D714AaABAg",
            "reply_content": "\u6211\u611b\u773e\u91cf\u7d1a\uff01\uff01\u89ba\u5f97\u5bb6\u5be7\u8ddf\u4ee5\u524d\u6700\u5927\u7684\u4e0d\u540c\u5c31\u662f\u8b8a\u5f97\u5f88\u6709\u81ea\u4fe1\uff5e\u795d\u4f60\u5011\u5e78\u798f\uff5e"
        },
        {
            "reply_id": "UgzdUdHSGLNEH3jaOOl4AaABAg",
            "reply_content": "\u6211\u611b\u773e\u91cf\u7d1a\u2764\u2764\u2764\n\u96d6\u7136\u8ffd\u4f60\u5011\u7684\u6642\u9593\u4e0d\u9577\uff0c\u4f46\u6211\u975e\u5e38\u559c\u6b61\u4f60\u5011\u7684\u5f71\u7247\uff0c\u4e0d\u8ad6\u662f\u6574\u4eba\u7684\u6216\u8005\u662f\u6eab\u99a8\u7684\uff0c\u6211\u90fd\u5f88\u559c\u6b61.... \u6700\u597d\u795d\u4f60\u5011\u8a02\u95b1\u6578\u6301\u7e8c\u4e0d\u65b7\u5730\u589e\u52a0\uff0c\u4e5f\u795d\u4f60\u5011\u611b\u60c5\u9577\u9577\u4e45\u4e45\uff5e"
        },
        {
            "reply_id": "UgyzPoaUTnH1lQcRrFp4AaABAg",
            "reply_content": "\u6211\u611b\u773e\u91cf\u7d1a\n\u795d\u4f60\u5011\u8d8a\u4f86\u8d8a\u597d\uff5e\u2764"
        },
        {
            "reply_id": "Ugw905MhhfOuyNxkxvJ4AaABAg",
            "reply_content": "\u6211\u662f\u9999\u6e2f\u7684\u89c0\u773e\u2764\u6b61\u8fce\u4f60\u5011\u4f86\u5230\u9999\u6e2f\u73a9\ud83c\udf89\ud83d\ude0a"
        },
        {
            "reply_id": "Ugx9TfZJM-Rq-j3CfJp4AaABAg",
            "reply_content": "\u6211\u611b\u91cd\u91cf\u7d1a\u2764\u4e00\u661f\u7684\u98ef\u5e97\u771f\u7684\u592a\u53ef\u6015"
        },
        {
            "reply_id": "Ugx4RbXXlJ9f5w5d0wV4AaABAg",
            "reply_content": "\u6211\u611b\u91cd\u91cf\u7d1a\u2764"
        },
        {
            "reply_id": "UgzL7DXC4kifekA18Y14AaABAg",
            "reply_content": "\u6211\u611b\u91cd\u91cf\u7d1a\u2764\n\u4f60\u5011\u7684\u60e1\u6574\u5f71\u7247\u6bcf\u6b21\u770b\u90fd\u6703\u5f88\u7dca\u5f35\u53c8\u5f88\u671f\u5f85\u7684\u5fc3\u60c5,\u8b1d\u8b1d\u4f60\u5011\u7e3d\u662f\u628a\u6b61\u6a02\u5e36\u7d66\u5927\u5bb6\uff01\ud83c\udf89\ud83c\udf89\ud83c\udf89"
        },
        {
            "reply_id": "UgxJk3Rdgx9LExaac7R4AaABAg",
            "reply_content": "\u5e0c\u671b\u4ee5\u5f8c\u53ef\u4ee5\u591a\u591a\u62cd\u641e\u7b11\u5f71\u7247\u6216\u662f\u6574\u4eba\u3001\u6f14\u6280\u3001\u2026\u7b49\u7b49\uff01\u62dc\u8a17\ud83d\ude02\u771f\u7684\u597d\u60f3\u770b\uff0c\u81f3\u5f9e\u4f60\u5011\u642c\u5bb6\u5f8c\uff0c\u5c31\u5f88\u5c11\u770b\u5230\u9019\u7a2e\u5f71\u7247\u4e86\u2764"
        },
        {
            "reply_id": "Ugxa9D3DgrXkFJeMM-V4AaABAg",
            "reply_content": "\u6211\u611b\u773e\u91cf\u7d1a\ud83d\ude0d\u771f\u7684\u597d\u559c\u6b61\u6574\u4eba\u2764\u90a3\u500b\u98ef\u5e97\u771f\u7684\u8d85\u6050\u6016\ud83d\ude02\ud83d\ude02"
        }
    ]
}