{
    "video_info": {
        "id": "bweL2VTMJZk",
        "channelTitle": "\u773e\u91cf\u7d1aCROWD",
        "title": "\u91cd\u8fd4\u4fe1\u7fa9\u5340\u8857\u982d\u9a5a\u559c\u737b\u5531\u60c5\u5883\uff0c\u9019\u4f4d\u5973\u5b69\u7684\u53cd\u61c9\u6703\u662f\u4ec0\u9ebc\uff1f\uff08\u4e0a\u96c6\uff09#\u958b\u7bb1\u6211\u7684\u8056\u8a95\u60c5\u4eba\u3010\u773e\u91cf\u7d1aCROWD\u3011 @andy0623 @ning030999 @imlyla1112 @WACKYBOYS520",
        "description": "\u89c0\u770b\u5176\u4ed6\u4eba\u7684\u5f71\u7247\u2b07\ufe0f\n\u53cd\u9aa8 https://www.youtube.com/watch?v=Yaz9yid77ik\n\u4e0d\u56c9\u55e6\u770b\u8463\u4ed4  https://youtu.be/0hpjLEannZQ\n\u773e\u91cf\u7d1aCROWD https://youtu.be/bweL2VTMJZk\n\u4f73\u5a1c\u8001\u5e2b\u6a5f https://youtu.be/XBMezA5KDME\n\u9177\u70ab https://www.youtube.com/watch?v=Ccca9lmS0jM\n\u857e\u83c8 https://youtu.be/Yv4WSTuEJnQ\n\u9435\u725b\u5a77\u5a77IronbullTingTing https://youtu.be/T-XR8TeSgvA\n\n\u56de\u9867\u4e0a\u6b21\u5531\u6b4c\u7d66\u5bb6\u5be7\u7684\u5f71\u7247\ud83d\udc49https://youtu.be/NV9XkjBRZfM\n\n\u8857\u982d\u85dd\u4ebaMARK\ud83d\udc47\n\ud83c\udfa4MJ STUDIO MUSIC\nAndy\u8001\u5e2bCover\u300a\u60f3\u77e5\u9053\u4f60\u5728\u60f3\u4ec0\u9ebc\u300b\n\u9304\u97f3/\u62cd\u651d\ud83c\udfac\uff1a\nIG:mark_pianist\u5ed6\u67cf\u921e\n\u7de8\u66f2/\u6df7\u97f3\uff1a\nIG:fan_0128\u838a\u6631\u51e1\n\ud83c\udfa4\u5c08\u696d\u92fc\u7434\u624b\uff5cCover\u6b4c\u624b\n\ud83c\udfa4\u8857\u6f14\uff5c\u5546\u6f14\uff5c\u97f3\u6a02\u6559\u5b78\n\ud83d\udd0a\u9304\u97f3\u5ba4\uff5c\u97f3\u6a02\u88fd\u4f5c\n\u97f3\u6a02\u5de5\u4f5c\u5ba4IG\uff1ahttps://reurl.cc/oeAZ9g\nFB\uff1ahttps://reurl.cc/GoOEqd\nYT\uff1ahttps://reurl.cc/xOAQ8N\n\n\u2b50\u52a0\u5165\u6211\u5011\u7684YouTube\u6703\u54e1\uff1ahttps://pse.is/U8GDQ\n\ud83d\udc49\u6703\u54e1\u4ecb\u7d39\u5f71\u7247\uff1ahttps://reurl.cc/rlvEKx\n\n\u27a1\u8a02\u95b1YouTube\u3010\u773e\u91cf\u7d1aCROWD x FUN\u751f\u6d3b-\u7b2c\u4e8c\u983b\u9053\u3011\nhttps://is.gd/4dSkyk \n\u27a1\u8a02\u95b1YouTube\u3010\u5bb6\u5be7+0\u3011\nhttps://is.gd/lcdma4 \n\u27a1\u8a02\u95b1YouTube\u3010Andy\u8001\u5e2b\u3011 \nhttps://is.gd/laVony\n------------------------------------------------------------------------------------\n\u27a1FB\u3010\u773e\u91cf\u7d1aCROWD\u3011\nhttps://www.facebook.com/etman0909/\n\u27a1FB\u3010\u5bb6\u5be7+0\u3011\nhttp://bit.ly/29PljQA\n\u27a1FB\u3010Andy\u8001\u5e2b\u3011\nhttp://bit.ly/29JkGYS\n------------------------------------------------------------------------------------\n\u27a1IG\u3010\u773e\u91cf\u7d1aCROWD\u3011\nhttps://www.instagram.com/crowd520/?hl=zh-tw\n------------------------------------------------------------------------------------\n\u27a1\u7f8e\u62cd\u3010\u4f17\u91cf\u7ea7CROWD\u3011\nhttp://www.meipai.com/user/1048418678\n------------------------------------------------------------------------------------\n\u27a1\u5fae\u535a\u3010\u4f17\u91cf\u7ea7CROWD\u3011\nhttp://www.weibo.com/6067696343/profi...\n\n\u27a1\u8a02\u95b1YouTube\u3010\u773e\u91cf\u7d1aCROWD\u3011\nhttps://is.gd/JgIQw6\n\n\u5de5\u4f5c\u9080\u7d04\u8acb\u6d3d\uff1aqunhaient@gmail.com\n\n#\u8056\u8a95\u7bc0\u4ea4\u63db\u60c5\u4fb6#\u773e\u91cf\u7d1aCROWD#\u60c5\u4fb6",
        "likeCount": "5146",
        "commentCount": "176",
        "viewCount": "307450"
    },
    "comments": [
        {
            "reply_id": "UgyipYHjhibZElNaE8l4AaABAg",
            "reply_content": "\u96f7\u62c9\u4e00\u81c9\u5c31\u5acc\u68c4 \u770b\u4e0d\u51fa\u4f86\u55ce"
        },
        {
            "reply_id": "Ugy-GXcTErfArEVsGHl4AaABAg",
            "reply_content": "\u4e00\u76f4\u89ba\u5f97\u5bb6\u5be7\u5f88\u958b\u6717\u6d3b\u6f51\u5916\u5411\uff0c\u5f88\u62db\u4eba\u559c\u6b61\uff0c\u770b\u5230Andy \u8001\u5e2b\u62c9\u8457\u857e\u62c9\u5617\u8a66\u65b0\u4e8b\u7269\u7684\u6642\u5019\uff0c\u6211\u7a81\u7136\u89ba\u5f97\uff0c\u6709\u53ef\u80fd\u5bb6\u5be7\u672c\u4f86\u5c31\u662f\u9019\u6a23\uff0c\u4e5f\u8aaa\u4e0d\u5b9a\u662f\u56e0\u70ba\u6709Andy \u8001\u5e2b\u7e3d\u7d66\u5bb6\u5be7\u52c7\u6c23\u8207\u5617\u8a66\u7684\u6a5f\u6703\uff0c\u771f\u7684\u597d\u611f\u52d5w"
        },
        {
            "reply_id": "UgxnS1BGJkuyu1KSiM14AaABAg",
            "reply_content": "\u857e\u83c8\u5531\u6b4c\u597d\u597d\u807d"
        },
        {
            "reply_id": "UgxDf6zNpi8MQxET8qt4AaABAg",
            "reply_content": "\u6eff\u6eff\u7684\u611f\u52d5 \u770b\u8457\u91cd\u91cf\u7d1a\u597d\u4e45\u4e86"
        },
        {
            "reply_id": "UgxJpNgllq1GP__Nw5l4AaABAg",
            "reply_content": "\u597d\u6709\u5fc3\uff08\u771f\u7684\u662f\u5f88\u68d2\u7684\u7d04\u6703\uff09"
        },
        {
            "reply_id": "UgyrQv2BHjcokvryGX94AaABAg",
            "reply_content": "\u8acb\u554f\u624b\u934a\u662f\u5728\u54ea\u88e1\u8cb7"
        },
        {
            "reply_id": "Ugwv1ACw6HKLjMAsQ2V4AaABAg",
            "reply_content": "\u597d\u4e45\u6c92\u770b\u91cd\u91cf\u7d1a\u7684\u5f71\u7247\u4e86\uff0c\u771f\u7684\u89ba\u5f97\uff0c\u5f71\u7247\u98a8\u683c\u597d\u6696\uff0c\u5f71\u7247\u683c\u8abf\u3001\u97f3\u6a02\u3001\u6b65\u8abf\u90fd\u914d\u5408\u7684\u5f88\u8212\u670d\u3002\u770b\u5230\u90a3\u500b\u5c0f\u5957\u623f\uff0c\u56de\u60f3\u8d77\u6211\u4e00\u958b\u59cb\u5f88\u559c\u6b61\u4f60\u5011\u7684\u958b\u59cb\uff0c\u570b\u4e09\u771f\u7684\u90fd\u662f\u770b\u4f60\u5011\u7684\u5f71\u7247\uff0c\u5e36\u4f86\u6eff\u6eff\u7684\u6b61\u6a02\u8207\u6dda\u6c34\uff0c\u518d\u4f86\u5f71\u7247\u4e2d\u5e36\u857e\u62c9\u8dd1\u7684\u884c\u7a0b\uff0c\u771f\u5fc3\u89ba\u5f97\uff0candy\u8001\u5e2b\u662f\u500b\u5f88\u597d\u5b78\u7fd2\u7684\u4eba\uff0c\u96f7\u62c9\u505a\u4eba\u4e5f\u597d\u4e0d\u505a\u4f5c\uff0c\u5f88\u559c\u6b61\u4f60\u5011\u5f7c\u6b64\u9593\u7684\u76f8\u8655\u8207\u8a8d\u8b58\uff0c\u6700\u5f8c\uff0c\u795d+0\u548candy\u8001\u5e2b\uff0c\u53ef\u4ee5\u63a5\u89f8\u66f4\u591a\u4e0d\u540c\u7684\u6771\u897f\uff0c2023\u4e00\u8d77\u5275\u9020\u66f4\u591a\u7f8e\u597d\u56de\u61b6\u2764\ufe0f \u5b78\u6e2c\u6230\u58eb\u656c\u4e0a"
        },
        {
            "reply_id": "Ugy3Rxu6DpvJMQW1Mb14AaABAg",
            "reply_content": "\u597d\u559c\u6b61\u9019\u96c6\u5662\n2\u500b\u4eba\u78ba\u5be6\u90fd\u6709\u4e00\u7a2e\u5167\u5fc3\u548c\u5e73\u5e38\u5728\u983b\u9053\u4e0a\u6240\u5448\u73fe\u7684\u6a23\u5b50\u4e0d\u4e00\u6a23\u7684\u611f\u89ba\n\u900f\u904e\u9019\u96c6\u4e5f\u6709\u518d\u91cd\u65b0\u8a8d\u8b582\u4eba\u7684\u611f\u89ba\u2728\u2728\u2728\n\u7136\u5f8c\u9084\u807d\u5230\u4e86Andy&\u5bb6\u5be7\u9593\u7684\u6d6a\u6f2b\u6545\u4e8b\ud83c\udf39\u5f77\u5f7f\u53ea\u8981\u80fd\u548c\u59b3\u5728\u4e00\u8d77\uff0c\u8981\u5403\u591a\u5c11\u82e6\u6211\u90fd\u9858\u610f\ud83e\udd79\ud83d\ude2d\ud83d\udca6\n\u5f8c\u9762\u5c45\u7136\u6709\u5c0f\u9127\u7d2b\u68cb\u5531\u9127\u7d2b\u68cb\u7684\u6b4c\u7684\u6232\u4efd\uff0c\u857e\u83c8\u771f\u7684\u4e0d\u7528\u64d4\u5fc3\u5566 \n\u59b3\u5531\u7684\u5f88\u597d\u807d\ud83d\udc42\u2764\ufe0f\u4e5f\u5f88\u6709\u52c7\u6c23\ud83d\udd25\n\u5f8c\u9762Andy\u9001\u7684\u79ae\u7269\u597d\u6696\u597d\u6709\u610f\u7fa9\ud83e\udd7a"
        },
        {
            "reply_id": "UgyOa0u-fyWPSkG3SjV4AaABAg",
            "reply_content": "\u6240\u4ee5\u4f60\u5011\u5230\u5e95\u6709\u6c92\u6709\u5206\u624b"
        },
        {
            "reply_id": "Ugwwgl9rE4DLQMwdPsV4AaABAg",
            "reply_content": "\u9673\u52ad\u6069\u597d\u919c"
        },
        {
            "reply_id": "UgzDGSWjrPcENN5ua7Z4AaABAg",
            "reply_content": "\u8d85\u597d\u7684\u884c\u7a0b"
        },
        {
            "reply_id": "UgzJASRvfK1oVgF6K5F4AaABAg",
            "reply_content": "ANDY\u771f\u7684\u662f\u4f4d\u5fc3\u6a5f\u9b3c\u53c8\u5f88\u6703\u88fd\u9020\u4e00\u4e9b\u5c0f\u9a5a\u559c \u9019\u9ede\u8981\u591a\u8ddf\u4f60\u770b\u9f4a \u52a0\u6cb9 \u4f60\u5011\u5f88\u68d2\u9084\u60f3\u8aaa\u600e\u9ebc\u9019\u9ebc\u4e45\u6c92\u66f4\u65b0\u5f71\u7247\u5462\uff01"
        },
        {
            "reply_id": "Ugz7aZdZaFaKy2mRl3p4AaABAg",
            "reply_content": "\u6211\u6709\u53bb\u904e\u70d8\u7210\u5730\u6b38"
        },
        {
            "reply_id": "UgzJ61XtBWuJYjISJ6V4AaABAg",
            "reply_content": "\u857e\u62c9\u7684\u53cd\u61c9\u597d\u53ef\u611b\u5566\ud83d\ude0a\ud83d\ude02"
        },
        {
            "reply_id": "UgyLAWa5r0Vo9k7wgxV4AaABAg",
            "reply_content": "\u8ddf\u5bb6\u5be7\u53c3\u52a0\u6211\u5011\u7684\u4e32\u806f,\u597d\u559c\u6b61\u597d\u611f\u52d5\ud83e\udd7a"
        },
        {
            "reply_id": "UgyicYDJP1tkXdrVlSl4AaABAg",
            "reply_content": "\u5c0f\u5957\u623f\u7d00\u5ff5\u8457\u4f60\u5011\u5f9e\u7121\u5230\u6709\u3002\u771f\u7684\u597d\u611f\u52d5\uff0c\u5e0c\u671bAndy\u8ddf\u5bb6\u5be7\u53ef\u4ee5\u7d50\u5a5a"
        },
        {
            "reply_id": "UgyedQFmCOOfZuIkIB54AaABAg",
            "reply_content": "\u800c\u4e14\u857e\u62c9\u5531\u6b4c\u597d\u807d\ud83d\ude0d"
        },
        {
            "reply_id": "UgxyUGMZ64NcMoYAIQ14AaABAg",
            "reply_content": "\u857e\u62c9\u61f7\u5b55\u9084\u9019\u6a23\u8d70\u771f\u7684\u5f88\u53b2\u5bb3"
        },
        {
            "reply_id": "Ugz2diRcS_wH0bpjioR4AaABAg",
            "reply_content": "\u5c45\u7136\u5531\u9127\u7d2b\u68cb\u7684\u6b4c\u54c8\u54c8\uff0c\u662f\u500b\u6897\u55ce\uff5e"
        },
        {
            "reply_id": "UgxpJP3AE_Z4PtoNj8Z4AaABAg",
            "reply_content": "\u771f\u7684\u5f88\u8cbc\u5fc3 \uff5e Andy \u771f\u7684\u662f\u7e3d\u662f\u8b93\u4eba\u6709\u9a5a\u559c\u7684\u4e00\u9762\uff5e\u7576\u7136\u770b\u4f60\u5011\u5f71\u7247\u4e45\u4e86 \u5c0d\u65bc\u90a3\u4e9b\u4e0d\u597d\u7684\u50b3\u8a00\u4e5f\u76f4\u63a5\u770b\u770b\u800c\u5df2 \u76f8\u4fe1\u4f60\u5011\u53ef\u4ee5\u8d8a\u4f86\u8d8a\u597d\u7684\ud83c\udf89 \u559c\u6b61\u9019\u6b21\u7684\u4e3b\u984c\u505a\u7684\u5f88\u68d2"
        }
    ]
}