{
    "video_info": {
        "id": "CagdHuN2KU8",
        "channelTitle": "\u773e\u91cf\u7d1aCROWD",
        "title": "\u5e6b\u6211\u770b\u770b \u8ab0\u7684\u81c9\u6700\u9ad8\u6f6e\ud83d\ude02#\u7028\u9577\u5cf6 #\u6c96\u7e69 #\u6210\u4eba\u89ba\u9192\u4e4b\u65c5 #\u821e\u8e48",
        "description": "",
        "likeCount": "1878",
        "commentCount": "24",
        "viewCount": "71167"
    },
    "comments": [
        {
            "reply_id": "UgyoeG8VA91wTc2oBy14AaABAg",
            "reply_content": "\u8463\u5b50"
        },
        {
            "reply_id": "Ugx7Z1Tl9dWyt3KTglF4AaABAg",
            "reply_content": "\u6709\u8463\u4ed4\u8bf6"
        },
        {
            "reply_id": "UgyNbt0_p-NPXeyrUot4AaABAg",
            "reply_content": "\u662f\u4e0d\u662f\u6709\u5c55\u69ae\u9084\u662f\u5c55\u745e"
        },
        {
            "reply_id": "UgzWu_DSBqwKP5n-J1d4AaABAg",
            "reply_content": "\u62cd\u6b20\u6241\u7684"
        },
        {
            "reply_id": "UgwmECXmfi3GgyXjKn54AaABAg",
            "reply_content": "\u7576\u4ed4\u4e5f\u662f\u5f88\u6b63"
        },
        {
            "reply_id": "UgyJPUsu-yZJvVOycAZ4AaABAg",
            "reply_content": "\u5bb6\u5be7\u597d\u6b63"
        },
        {
            "reply_id": "UgxXBIbcELO8VDcXEXN4AaABAg",
            "reply_content": "\u8981\u53bb\u5403\u9b06\u9905\ud83e\udd5e"
        },
        {
            "reply_id": "Ugz4usMUNWiXJ0AI9lV4AaABAg",
            "reply_content": "\u600e\u6a23\u9ad8\u6f6e\uff1f"
        },
        {
            "reply_id": "Ugzh2XUr38UXtil5MDJ4AaABAg",
            "reply_content": "\u5bb6\u67e0\u597d\u6b63\u54e6\ud83e\udd29"
        }
    ]
}