{
    "video_info": {
        "id": "CbX5bq6FS0Y",
        "channelTitle": "\u773e\u91cf\u7d1aCROWD",
        "title": "\u5bb6\u5be7\u56de\u570b\u5f8c \u6211\u9001\u7d66\u5979\u7684\u4e03\u5915\u60c5\u4eba\u7bc0\u79ae\u7269\u3002\u3010\u773e\u91cf\u7d1aCROWD\u3011",
        "description": "\u2b50\u52a0\u5165\u6211\u5011\u7684YouTube\u6703\u54e1\uff1ahttps://pse.is/U8GDQ\n\ud83d\udc49\u6703\u54e1\u4ecb\u7d39\u5f71\u7247\uff1ahttps://reurl.cc/rlvEKx\n\n\ud83c\udfa4MJ STUDIO MUSIC\nAndy\u8001\u5e2bCover\u300a\u60f3\u77e5\u9053\u4f60\u5728\u60f3\u4ec0\u9ebc\u300b\n\u9304\u97f3/\u62cd\u651d\ud83c\udfac\uff1a\nIG:mark_pianist\u5ed6\u67cf\u921e\n\u7de8\u66f2/\u6df7\u97f3\uff1a\nIG:fan_0128\u838a\u6631\u51e1\n\ud83c\udfa4\u5c08\u696d\u92fc\u7434\u624b\uff5cCover\u6b4c\u624b\n\ud83c\udfa4\u8857\u6f14\uff5c\u5546\u6f14\uff5c\u97f3\u6a02\u6559\u5b78\n\ud83d\udd0a\u9304\u97f3\u5ba4\uff5c\u97f3\u6a02\u88fd\u4f5c\n\u97f3\u6a02\u5de5\u4f5c\u5ba4IG\uff1ahttps://reurl.cc/oeAZ9g\nFB\uff1ahttps://reurl.cc/GoOEqd\nYT\uff1ahttps://reurl.cc/xOAQ8N\n\n\ud83d\udccc\u5834\u5730\uff1aWonder.land \u4ed9\u5883\n\uff08\u53f0\u5317\u5e02\u58eb\u6797\u5340\u4ef0\u5fb7\u5927\u9053\u4e8c\u6bb511\u5df711\u865f\uff09\nhttps://allmy.bio/Wonder.land\n\n\u27a1\u8a02\u95b1YouTube\u3010\u773e\u91cf\u7d1aCROWD x FUN\u751f\u6d3b-\u7b2c\u4e8c\u983b\u9053\u3011\nhttps://is.gd/4dSkyk \n\u27a1\u8a02\u95b1YouTube\u3010\u5bb6\u5be7+0\u3011\nhttps://is.gd/lcdma4 \n\u27a1\u8a02\u95b1YouTube\u3010Andy\u8001\u5e2b\u3011 \nhttps://is.gd/laVony\n------------------------------------------------------------------------------------\n\u27a1FB\u3010\u773e\u91cf\u7d1aCROWD\u3011\nhttps://www.facebook.com/etman0909/\n\u27a1FB\u3010\u5bb6\u5be7+0\u3011\nhttp://bit.ly/29PljQA\n\u27a1FB\u3010Andy\u8001\u5e2b\u3011\nhttp://bit.ly/29JkGYS\n------------------------------------------------------------------------------------\n\u27a1IG\u3010\u773e\u91cf\u7d1aCROWD\u3011\nhttps://www.instagram.com/crowd520/?hl=zh-tw\n------------------------------------------------------------------------------------\n\u27a1\u7f8e\u62cd\u3010\u4f17\u91cf\u7ea7CROWD\u3011\nhttp://www.meipai.com/user/1048418678\n------------------------------------------------------------------------------------\n\u27a1\u5fae\u535a\u3010\u4f17\u91cf\u7ea7CROWD\u3011\nhttp://www.weibo.com/6067696343/profi...\n\n\u27a1\u8a02\u95b1YouTube\u3010\u773e\u91cf\u7d1aCROWD\u3011\nhttps://is.gd/JgIQw6\n\n\u5de5\u4f5c\u9080\u7d04\u8acb\u6d3d\uff1aqunhaient@gmail.com\n\n#\u4e03\u5915\u60c5\u4eba\u7bc0#\u773e\u91cf\u7d1aCROWD#\u60c5\u4fb6 #\u60f3\u77e5\u9053\u4f60\u5728\u60f3\u4ec0\u9ebc #\u5468\u8208\u54f2 #\u9a5a\u559c\u4f01\u5283",
        "likeCount": "14709",
        "commentCount": "333",
        "viewCount": "492747"
    },
    "comments": [
        {
            "reply_id": "UgwZFI-SIdyDHoZbt1B4AaABAg",
            "reply_content": "\u795d\u4f60\u5011\u4e00\u5b9a\u8981\u6c38\u9060\u5e78\u798f\uff5e\u2764"
        },
        {
            "reply_id": "UgwftaccowoliHOWQeF4AaABAg",
            "reply_content": "\u6700\u5f8c\u5bb6\u5be7\u7684\u8eca\u4f86\u4e86 \u9084\u662f\u6709\u7528\u5169\u96bb\u624b \ud83d\ude02"
        },
        {
            "reply_id": "Ugzb1PNMpn4-O8puZUp4AaABAg",
            "reply_content": "\u8981\u73cd\u60dc\u5f7c\u6b64\u3002\u3002\u53ea\u6709\u611b\u4e00\u500b\u4eba\u624d\u6703\u60f3\u70ba\u4ed6\u505a\u5f88\u591a\u7684\u4e8b\uff0c\u56e0\u70ba\u770b\u5230\u4f34\u4fb6\u9762\u4e0a\u6d41\u9732\u51fa\u5e78\u798f\u611f\u52d5\u7684\u8868\u60c5\u6642\u5c31\u662f\u4ed6\u6700\u5e78\u798f\u7684\u4e00\u523b\u3002\u3002"
        },
        {
            "reply_id": "Ugz7bGusbYhwnQhNI1p4AaABAg",
            "reply_content": "\u88ab\u611f\u67d3\u4e86\u60c5\u7dd2\uff0c\u611f\u52d5\u3001\u60b2\u50b7\u3001\u5e78\u798f\u548c\u73cd\u60dc\u3002\u5531\u6b4c\u597d\u597d\u807d\u554a\uff0c\u559c\u6b61\u6b4c\u88e1\u7684\u60c5\u611f\u548c\u6b4c\u8a5e\u3002\n\u597d\u4e45\u6c92\u770b\u4f60\u5011\u5f71\u7247\u4e86\uff0c\u4e5f\u4e0d\u77e5\u9053\u5927\u5bb6\u7559\u8a00\u8aaa\u4f60\u5011\u6700\u8fd1\u767c\u751f\u4e86\u4ec0\u9ebc\uff0c\u4f46\u662f\u4e0d\u7ba1\u4ec0\u9ebc\u8b8a\u5316\u548c\u7d93\u6b77\uff0c\u90fd\u662f\u73cd\u8cb4\u7684"
        },
        {
            "reply_id": "Ugy0DTdfYdOPZ1cRm1N4AaABAg",
            "reply_content": "\u52a0\u6cb9\uff0c\u771f\u7684\u5f88\u5e78\u798f\u611f\u52d5\u4eba\u5fc3"
        },
        {
            "reply_id": "UgxeI33L_XkMcRoLdlh4AaABAg",
            "reply_content": "\u4ea4\u5f80\u9019\u9ebc\u4e45\u70ba\u4ec0\u9ebc\u4e0d\u7d66\u500b\u627f\u8afe?\u7d50\u5a5a\u554a!\u611b\u4e00\u500b\u4eba\u4e0d\u9700\u8981\u4ea4\u5f80\u5f88\u591a\u5e74\u53bb\u770b\u6e05\u4e00\u500b\u4eba\uff0c\u5f88\u591a\u6642\u5019\u53ea\u662f\u81ea\u5df1\u9858\u4e0d\u9858\u610f\u627f\u8a8d\u5176\u5be6\u5c0d\u65b9\u6839\u672c\u4e0d\u9069\u5408\u8d70\u4e00\u8f29\u5b50\u53c8\u4e0d\u6368\u5f97\u5206\u624b\u518d\u6d6a\u8cbb\u5f7c\u6b64\u6642\u9593\u3002\n\u5982\u679c\u5c0d\u65b9\u80fd\u8d70\u4e00\u8f29\u5b50\uff0c\u90a3\u9084\u662f\u8d95\u5feb\u7d50\u5427!"
        },
        {
            "reply_id": "UgxTet10YuVHJ55kfBl4AaABAg",
            "reply_content": "\u771f\u60c5\u6d41\u9732"
        },
        {
            "reply_id": "UgwTkF9n0Yyt8p9lY5t4AaABAg",
            "reply_content": "\u8bf4\u771f\u7684\uff0c\u8001\u5b9e\u8bf4\uff0c\u4f60\u4eec\u73b0\u5728\u662f\u5408\u4f5c\u5173\u7cfb\u4e86\u5427\uff1f\uff01 \u5509 \u4e0d\u77e5\u9053\u4e3a\u4ec0\u4e48\u4ece\u5bb6\u5b81\u51fa\u56fd\u6211\u5c31\u53d1\u73b0\u6709\u95ee\u9898\u2026."
        },
        {
            "reply_id": "UgzGaP4KAFXvawIFOKR4AaABAg",
            "reply_content": "\u8b9a"
        },
        {
            "reply_id": "UgwnoUm6i6HVHyc_akt4AaABAg",
            "reply_content": "\u6c92\u4e8b\u5c31\u597d\u6b38"
        },
        {
            "reply_id": "Ugwwqdd22GyX5Yx3UEp4AaABAg",
            "reply_content": "\u597d\u807d\uff0c\u671f\u5f85\u4f60\u5011\u7684\u5a5a\u79ae\u771f\u7684\u5f88\u822c\u914d"
        },
        {
            "reply_id": "Ugz9LItQG-PV80w2-XN4AaABAg",
            "reply_content": "\u87a2\u5e55\u5047\u60c5\u4fb6\uff0c\u4e00\u5806\u89c0\u773e\u9084\u5728\u9ad8\u6f6e\u6572\u7897\uff0c\u7b11\u6b7b"
        },
        {
            "reply_id": "UgxZZn3tRSmJ8SNKidh4AaABAg",
            "reply_content": "\u5bb6\u5be7\u597d\u50cf\u56de\u5230\u4e86\u525b\u62cd\u7247\u90a3\u7a2e\u6e05\u7d14\u7684\u611f\u89ba"
        },
        {
            "reply_id": "UgzoLJvDM3RFkG78ohZ4AaABAg",
            "reply_content": "\u6211\u81ea\u5df1\u770b\u5230\u54ed\u6b63\u5e38\u55ce\u22ef\u22ef"
        },
        {
            "reply_id": "Ugxi_bHC8AOUpUm5W9Z4AaABAg",
            "reply_content": "\u751c\u5230\u8981\u86c0\u7259\u5566"
        },
        {
            "reply_id": "UgxIH4ISPM997-nMBMB4AaABAg",
            "reply_content": "\u6211\u770b\u5230\u597d\u96e3\u904e\uff0c\u5c0d\u5c31\u7d50\u5a5a\u5440\uff0c\u6703\u5f8c\u6094\u7684"
        },
        {
            "reply_id": "Ugyrjft3sfllepx12OZ4AaABAg",
            "reply_content": "\u9019\u908a\u662f\u54ea\u88e1\u554a"
        },
        {
            "reply_id": "UgyYPQNRuWCi_-2SGUh4AaABAg",
            "reply_content": "\u54c8\u54af"
        },
        {
            "reply_id": "Ugz07vJ4Dh6WYL4mSjN4AaABAg",
            "reply_content": "\u60f3\u77e5\u9053\u9019\u500b\u5834\u666f\u662f\u5728\u54ea\u88e1"
        },
        {
            "reply_id": "Ugws_7oucDI5MKpa8u94AaABAg",
            "reply_content": "\u68d2\u68d2\u7684"
        }
    ]
}