{
    "video_info": {
        "id": "ciJCyxNkprc",
        "channelTitle": "\u773e\u91cf\u7d1aCROWD",
        "title": "\u6211\u5011\u6b63\u6b77\u7d9350\u5929\u7684\u5206\u96e2\u8207\u5b64\u7368\uff0c\u6211\u5011\u9001\u7d66\u5f7c\u6b64\u4e00\u500b\u79ae\u7269...\u3010\u773e\u91cf\u7d1aCROWD\u3011",
        "description": "\u2b50\u52a0\u5165\u6211\u5011\u7684YouTube\u6703\u54e1\uff1ahttps://pse.is/U8GDQ\n\ud83d\udc49\u6703\u54e1\u4ecb\u7d39\u5f71\u7247\uff1ahttps://reurl.cc/rlvEKx\n\n\u27a1\u8a02\u95b1YouTube\u3010\u773e\u91cf\u7d1aCROWD x FUN\u751f\u6d3b-\u7b2c\u4e8c\u983b\u9053\u3011\nhttps://is.gd/4dSkyk \n\u27a1\u8a02\u95b1YouTube\u3010\u5bb6\u5be7+0\u3011\nhttps://is.gd/lcdma4 \n\u27a1\u8a02\u95b1YouTube\u3010Andy\u8001\u5e2b\u3011 \nhttps://is.gd/laVony\n------------------------------------------------------------------------------------\n\u27a1FB\u3010\u773e\u91cf\u7d1aCROWD\u3011\nhttps://www.facebook.com/etman0909/\n\u27a1FB\u3010\u5bb6\u5be7+0\u3011\nhttp://bit.ly/29PljQA\n\u27a1FB\u3010Andy\u8001\u5e2b\u3011\nhttp://bit.ly/29JkGYS\n------------------------------------------------------------------------------------\n\u27a1IG\u3010\u773e\u91cf\u7d1aCROWD\u3011\nhttps://www.instagram.com/crowd520/?hl=zh-tw\n------------------------------------------------------------------------------------\n\u27a1\u7f8e\u62cd\u3010\u4f17\u91cf\u7ea7CROWD\u3011\nhttp://www.meipai.com/user/1048418678\n------------------------------------------------------------------------------------\n\u27a1\u5fae\u535a\u3010\u4f17\u91cf\u7ea7CROWD\u3011\nhttp://www.weibo.com/6067696343/profi...\n\n\u27a1\u8a02\u95b1YouTube\u3010\u773e\u91cf\u7d1aCROWD\u3011\nhttps://is.gd/JgIQw6\n\n\u5de5\u4f5c\u9080\u7d04\u8acb\u6d3d\uff1aqunhaient@gmail.com\n\n#\u660e\u65e5\u4e4b\u5f8c\u56db\u9031\u5e74 #\u660e\u65e5\u6696\u5fc3\u5b632023#\u591a\u9060\u90fd\u8981\u5728\u4e00\u8d77#\u6574\u4ebaPRANK#\u773e\u91cf\u7d1aCROWD#\u60c5\u4fb6",
        "likeCount": "9528",
        "commentCount": "237",
        "viewCount": "575979"
    },
    "comments": [
        {
            "reply_id": "Ugyh9loDX9ADpwT8Dm54AaABAg",
            "reply_content": "\u7121\u804a"
        },
        {
            "reply_id": "Ugxp45a52aPp_V0DRlx4AaABAg",
            "reply_content": "\u53ef\u4ee5\u4e00\u8d77\u53bb\u963f"
        },
        {
            "reply_id": "UgxxpMqZiLCPhJC6yXh4AaABAg",
            "reply_content": "\u8d8a\u4f86\u8d8a\u6c92\u6599"
        },
        {
            "reply_id": "UgxqeiPOmgK1qe2YdYt4AaABAg",
            "reply_content": "\u53ef\u662f\u5373\u4f7f\u518d\u9ad8\u7684\u5730\u65b9\uff0c\u5730\u7403\u662f\u5713\u7684\u9084\u662f\u770b\u4e0d\u5230\ud83d\ude02"
        },
        {
            "reply_id": "UgwW3jhrx7DCTAkI3lR4AaABAg",
            "reply_content": "\u653e\u896a\u5b50\u662f+0\u7684\u5fa9\u4ec7\u516d\u5e74\u524d\u7684\u4e8b\u60c5"
        },
        {
            "reply_id": "Ugzc1mkQpTR6POF9eTh4AaABAg",
            "reply_content": "\u4f60\u548c\u96e3"
        },
        {
            "reply_id": "UgxrOgGXHHE1rP4o9754AaABAg",
            "reply_content": "\u5bb6\u5be7\u4e0d\u8981\u54ed\u4e86"
        },
        {
            "reply_id": "Ugy69IYHFW9Jw4NeQMJ4AaABAg",
            "reply_content": "\u4e0d\u5c0d\u554a\uff0c\u963f\u81fa\u5317\u4e0d\u7528\u6234\u53e3\u7167\u7684\u5594"
        },
        {
            "reply_id": "Ugxvmwo1WUL3Rru_J4J4AaABAg",
            "reply_content": "\u9084\u5728\u6f14\u55ce\uff1f"
        },
        {
            "reply_id": "Ugwo9yfUMQ77q_caz6d4AaABAg",
            "reply_content": "\u53e3\u7f69\u6234\u53cd\u4e86"
        },
        {
            "reply_id": "UgxnvQ-MCTa8HIkkJLJ4AaABAg",
            "reply_content": "\u91cd\u4ee5\u524d\u7684\u60e1\u6574\u3001\u641e\u7b11\u3001\u5230\u73fe\u5728\u8d8a\u4f86\u8d8a\u771f\u60c5\u3001\u611b\u5f7c\u6b64\ud83d\ude22\u771f\u7684\u5f88\u4e45\u4f46\u4e5f\u5f88\u53b2\u5bb3\ud83d\udc4d\u795d\u9577\u9577\u4e45\u4e45\ud83c\udf89"
        },
        {
            "reply_id": "Ugx-IEYyKcJKmRv28D14AaABAg",
            "reply_content": "\u896a\u896a\u5976\u8336"
        },
        {
            "reply_id": "UgyinZ1OXt-CLr82R6J4AaABAg",
            "reply_content": "\u5fc3\u52d5\u4e86\ud83d\ude22\u6211\u770b\u54ed\u4e86"
        },
        {
            "reply_id": "UgwhvUviFrf-eRnbtrl4AaABAg",
            "reply_content": "\u524d\u9762Andy\u6293\u98db\u6a5f\u90a3\u908a\uff0c\u770b\u5230\u5bb6\u5be7\u54ed\u6211\u4e5f\u8ddf\u8457\u54ed\uff0c\u771f\u7684\u5f88\u611f\u52d5\uff01\u53ef\u662f\u5bb6\u5be7\u8aaa\u90a3\u662f\u76f4\u5347\u6a5f\u4e0d\u662f\u98db\u6a5f\u6211\u76f4\u63a5\u7b11\u7206\ud83d\ude02\n\u5f8c\u9762\u7684\u896a\u5b50\u73cd\u5976\u771f\u7684\u5f88\u7d93\u5178\ud83d\ude02\u5bb6\u5be7\u5230\u54ea\u90fd\u6703\u8a18\u5f97\u6574Andy\uff0c\u597d\u597d\u7b11\ud83d\ude02\n\u9084\u6709\uff01Andy\u96d6\u7136\u5e73\u5e38\u5f88\u641e\u7b11\uff0c\u4f46\u5176\u5be6\u6709\u6642\u5019\u4e5f\u633a\u6eab\u67d4\u7684\uff5e\n\u4f60\u5011\u505a\u4ec0\u9ebc\u6c7a\u5b9a\u6211\u90fd\u6703\u652f\u6301\u4f60\u5011\uff0cAndy\u8aaa\u7684\u5c0d\uff0c\u751f\u547d\u8981\u62ff\u4f86\u73a9\u4e00\u4e0b\uff0c\u4e0d\u8981\u7559\u6709\u907a\u61be\uff0c\u4f60\u5011\u80fd\u52c7\u6562\u8ffd\u5922\u6211\u4e5f\u66ff\u4f60\u5011\u611f\u5230\u958b\u5fc3\uff0c\u5e0c\u671b\u4f60\u5011\u7684\u611f\u60c5\u80fd\u6c38\u9060\u5e78\u798f\u2764"
        },
        {
            "reply_id": "UgxPdKGaIGwH5yd9cqt4AaABAg",
            "reply_content": "\u6211\u5011\u4e5f\u5728\u8ac7\u9060\u8ddd\u96e2\u6200\u611b...\u771f\u7684\u53ef\u4ee5\u6709\u5f88\u591a\u5f88\u591a\u7684\u611f\u53d7~"
        },
        {
            "reply_id": "Ugx4USQ1Y-t3era-ExV4AaABAg",
            "reply_content": "\u600e\u9ebc\u6574\u5929\u5728\u96e2\u5225"
        },
        {
            "reply_id": "Ugy1Aws5ELVcG1H4Rdd4AaABAg",
            "reply_content": "\u597d\u671f\u5f85\u59b3\u5011\u7d42\u6210\u7737\u5c6c\u5230\u7d50\u5a5a"
        },
        {
            "reply_id": "Ugyu3VO3eTJUdesz4-h4AaABAg",
            "reply_content": "\u4e0d\u592a\u61c2\u9019\u610f\u7fa9\u662f\u4ec0\u9ebc"
        },
        {
            "reply_id": "Ugx1NUmpEGY0NQtHOPR4AaABAg",
            "reply_content": "\u7ad9\u5728\u66fe\u7d93\u4e16\u754c\u6700\u9ad8\u7684\u5730\u65b9\uff0c\u7136\u5f8c\u770b\u4f60\u5728\u54ea\u88e1 \u76f4\u63a5\u54ed\u7206"
        },
        {
            "reply_id": "UgxQEU4Uhxx3-cnn9Ph4AaABAg",
            "reply_content": "\u8b1d\u8b1d\u6a5f\u7de3\u8b93\u6211\u770b\u5230\u4f60\u5011\u7684\u5f71\u7247!"
        }
    ]
}