{
    "video_info": {
        "id": "clVQa_484Nc",
        "channelTitle": "\u773e\u91cf\u7d1aCROWD",
        "title": "\u7537\u5973\u8a8d\u77e5\u5dee\u7570\ud83d\ude02#\u773e\u91cf\u7d1acrowd",
        "description": "",
        "likeCount": "12578",
        "commentCount": "69",
        "viewCount": "576294"
    },
    "comments": [
        {
            "reply_id": "UgxxNYgLywH5IkfWCSR4AaABAg",
            "reply_content": "\u8fd8\u662f\u53f0\u6e7e\u6b63\u70b9"
        },
        {
            "reply_id": "Ugz64zHygTbnC9FtgF54AaABAg",
            "reply_content": "\u70cf\u6885\u5b50\u91ac \u8584\u8377\u5473\u9053"
        },
        {
            "reply_id": "UgzUM70WMr54Qxh0jM94AaABAg",
            "reply_content": "\u59b3\u6dfa\u6dfa\u7684\u5fae\u7b11\u5c31\u50cf\u70cf\u6885\u5b50\u91ac\u6211\u5690\u4e86\u59b3\u5634\u89d2\u5507\u818f\u8584\u8377\u5473\u9053"
        },
        {
            "reply_id": "UgxvO9qx7LwoFDENnvh4AaABAg",
            "reply_content": "\u8fd9\u5e74\u5934\u7684 \u7537\u626e\u5973\u88c5\u662f\u8d8a\u6765\u8d8a\u886c\u5934\u54af"
        },
        {
            "reply_id": "UgznH3XEJl3Eo6XJuw14AaABAg",
            "reply_content": "\u982d\u6cb9\u5230\u767c\u5149"
        },
        {
            "reply_id": "UgwnfSukRycV4vJnIqh4AaABAg",
            "reply_content": "\u982d\u597d\u6cb9"
        },
        {
            "reply_id": "UgzqEMgcgcIpA8pm5Op4AaABAg",
            "reply_content": "\u9f3b\u5b50"
        },
        {
            "reply_id": "UgxtwCkI-Z18YzV488t4AaABAg",
            "reply_content": "\u90a3\u4e0d\u662f\u4f60\u7684\u5973\u670b\u53cb\u5417"
        },
        {
            "reply_id": "Ugx7v_u1Rlbudcg12TN4AaABAg",
            "reply_content": "\u4f60\u5011\u662f\u5144\u59b9\u9084\u662f\u7537\u5973\u670b\u53cb"
        },
        {
            "reply_id": "UgxCtN2zYuTJpWv0UpR4AaABAg",
            "reply_content": "\u7b11\u6b7b\uff0c\u5f88\u671f\u5f85\u53c8\u88ab\u50b7\u5bb3"
        },
        {
            "reply_id": "Ugx7mJLiSRdWoEIDxhl4AaABAg",
            "reply_content": "\u600e\u4e48\u8b8a\u5c0f\u4e86\uff01\u9a5a"
        },
        {
            "reply_id": "UgwrwLNpBWZnVyD_fjh4AaABAg",
            "reply_content": "\u4f73\u5be7\u597d\u53ef\u6190\u5594\uff01"
        },
        {
            "reply_id": "Ugw5Xi4qcBx9afo97fF4AaABAg",
            "reply_content": "\u5bb6\u5be7\u53cd\u61c9\u597d\u53ef\u611b\u5440"
        },
        {
            "reply_id": "UgzLgH5MKGoUdIlIPAJ4AaABAg",
            "reply_content": "\u982d\u9aee\u4e0a\u6709\u6c34"
        },
        {
            "reply_id": "UgyU9KR_3I0T8pU6ihB4AaABAg",
            "reply_content": "\u80f8\u5e73 \u7121\u8a00"
        },
        {
            "reply_id": "UgzfCxaIjdrx-yoBgMl4AaABAg",
            "reply_content": "\u5934\u53d1\u5f88\u6cb9"
        },
        {
            "reply_id": "UgwTFh2pXCJF7Zq5sUd4AaABAg",
            "reply_content": "\u90fd\u662f\u5144\u5f1f\uff0c\u4e0b\u4e0d\u53bb\u5634\u554a"
        },
        {
            "reply_id": "UgzRPLyZO_P_j3uARVB4AaABAg",
            "reply_content": "\u5bb6\u5be7\u570b\u969b\u98db\u6a5f\u5834\uff1f"
        },
        {
            "reply_id": "Ugw4P4Xt3ySYpaUsFR54AaABAg",
            "reply_content": "\u7537\u751f\u70ba\u4ec0\u9ebc\u8981\u64e6\u53e3\u7d05\uff1f"
        },
        {
            "reply_id": "Ugw9pBZIUfGvXzvpNwx4AaABAg",
            "reply_content": "\u4ec0\u9ebc\u59b9"
        }
    ]
}