{
    "video_info": {
        "id": "dGS052C2iKQ",
        "channelTitle": "\u773e\u91cf\u7d1aCROWD",
        "title": "\u70ba\u4e86\u9001\u7537\u53cb\u9019\u4efd\u79ae\u7269 \u6211\u8dd1\u5230\u4e86\u5df4\u9ece...\u3010\u773e\u91cf\u7d1aCROWD\u3011",
        "description": "\u2b50\u52a0\u5165\u6211\u5011\u7684YouTube\u6703\u54e1\uff1ahttps://pse.is/U8GDQ\n\ud83d\udc49\u6703\u54e1\u4ecb\u7d39\u5f71\u7247\uff1ahttps://reurl.cc/rlvEKx\n\n\u27a1\u8a02\u95b1YouTube\u3010\u773e\u91cf\u7d1aCROWD x FUN\u751f\u6d3b-\u7b2c\u4e8c\u983b\u9053\u3011\nhttps://is.gd/4dSkyk \n\u27a1\u8a02\u95b1YouTube\u3010\u5bb6\u5be7+0\u3011\nhttps://is.gd/lcdma4 \n\u27a1\u8a02\u95b1YouTube\u3010Andy\u8001\u5e2b\u3011 \nhttps://is.gd/laVony\n------------------------------------------------------------------------------------\n\u27a1FB\u3010\u773e\u91cf\u7d1aCROWD\u3011\nhttps://www.facebook.com/etman0909/\n\u27a1FB\u3010\u5bb6\u5be7+0\u3011\nhttp://bit.ly/29PljQA\n\u27a1FB\u3010Andy\u8001\u5e2b\u3011\nhttp://bit.ly/29JkGYS\n------------------------------------------------------------------------------------\n\u27a1IG\u3010\u773e\u91cf\u7d1aCROWD\u3011\nhttps://www.instagram.com/crowd520/?hl=zh-tw\n------------------------------------------------------------------------------------\n\u27a1\u7f8e\u62cd\u3010\u4f17\u91cf\u7ea7CROWD\u3011\nhttp://www.meipai.com/user/1048418678\n------------------------------------------------------------------------------------\n\u27a1\u5fae\u535a\u3010\u4f17\u91cf\u7ea7CROWD\u3011\nhttp://www.weibo.com/6067696343/profi...\n\n\u27a1\u8a02\u95b1YouTube\u3010\u773e\u91cf\u7d1aCROWD\u3011\nhttps://is.gd/JgIQw6\n\n\u5de5\u4f5c\u9080\u7d04\u8acb\u6d3d\uff1aqunhaient@gmail.com\n\n#\u9001\u7537\u53cb\u7684\u79ae\u7269#\u773e\u91cf\u7d1aCROWD#\u60c5\u4fb6",
        "likeCount": "3823",
        "commentCount": "184",
        "viewCount": "229771"
    },
    "comments": [
        {
            "reply_id": "UgwHrYawPGF7bIFWv7N4AaABAg",
            "reply_content": "\u7e3d\u89ba\u5f97\u5169\u4eba\u4e00\u5b9a\u662f\u7d93\u6b77\u4e86\u4ec0\u9ebc\u624d\u6703\u6709\u5206\u958b\u4e00\u8d77\u5148\u505a\u81ea\u5df1\u60f3\u505a\u7684\u4e8b\u60c5\uff0c\u4ee5\u524d\u5169\u500b\u4eba\u5e7e\u4e4e\u90fd\u7d81\u5728\u4e00\u8d77\uff0c\u5169\u4eba\u5206\u982d\u5148\u505a\u60f3\u505a\u7684\u4e8b\u60c5\u4e26\u6c92\u6709\u4e0d\u597d\uff0c\u53cd\u800c\u63d0\u5347\u4e86\u5169\u500b\u4eba\uff0c\u4e5f\u89ba\u5f97\u5169\u4eba\u9ad4\u609f\u5230\u4e86\u5f88\u591a\u5f88\u591a\u4e8b\u60c5\u7528\u5176\u4ed6\u65b9\u5f0f\u7e7c\u7e8c\u589e\u9032\u5f7c\u6b64\u7684\u611f\u60c5\u2764\ufe0f"
        },
        {
            "reply_id": "Ugxr2WAyOoZyRFVeDOZ4AaABAg",
            "reply_content": "\u4e00\u500b\u4eba\u81ea\u62cd\uff0c+\u4e0a\u8aaa\u51fa\u4eca\u5929\u5e36\u4f60\u4f86\u4e86\u597d\u591a\u5730\u65b9\uff0c\n\u611f\u89ba\u5f88\u7dec\u61f7\u6b38\ud83d\ude02"
        },
        {
            "reply_id": "UgzNCoL5xiUrs87WKUF4AaABAg",
            "reply_content": "\u6700\u5f8c\u5b57\u5e55\u7528\u5169\u6b21\u300c\u518d\u4e00\u8d77\u300d\u61c9\u8a72\u4e0d\u662f\u6253\u932f\u5b57\u5427\uff1f\u6240\u4ee5\u662f\u6c92\u6709\u300c\u5728\u4e00\u8d77\u300d\u4e86\u55ce\ud83e\udd14"
        },
        {
            "reply_id": "UgwkRCYx6Rchcbovik94AaABAg",
            "reply_content": "\u8b8a\u9ed1\u597d\u591a"
        },
        {
            "reply_id": "Ugzq62hrk2Xty7LeARl4AaABAg",
            "reply_content": "\u9019\u624d\u662f\u771f\u7684\u59b3\u2764\ufe0f \n\u59b3\u771f\u7684\u6709\u548c\u81ea\u5df1\u5728\u4e00\u8d77\u624d\u6703\u6709\u90a3\u9ebc\u591a\u7684\u60c5\u7dd2\ud83e\udd79\n\u73fe\u5728\u59b3\u548candy\u90fd\u5728\u4f60\u5011\u60f3\u5275\u9020\u7684\u9858\u666f\u7684\u8def\u4e0a\n\u771f\u7684\u5f88\u66ff\u4f60\u5011\u958b\u5fc3 \ud83e\udd73\n\u9084\u8981\u8b1d\u8b1d\u59b3\u9858\u610f\u4e5f\u8b93\u6211\u5011\u8ddf\u59b3\u4e00\u8d77\u9ad4\u9a57\u73fe\u5728\u7684\u59b3\uff5e"
        },
        {
            "reply_id": "UgyrVYRpiwsxCqW5Gp54AaABAg",
            "reply_content": "\u611f\u89ba\u5bb6\u5be7\u6709\u4e00\u9ede\u5728\u5f37\u984f\u6b61\u7b11 \u5e0c\u671b\u4f60\u5011\u958b\u958b\u5fc3\u5fc3\u5594"
        },
        {
            "reply_id": "UgyX_75KOIu7K8DfDCF4AaABAg",
            "reply_content": "\u819a\u8272\u8ddf\u4ee5\u524d\u5dee\u592a\u591a\u4e86\u5427"
        },
        {
            "reply_id": "UgxQYUB1-Q3gljjrTUN4AaABAg",
            "reply_content": "\u7a81\u7136\u60f3\u5230\u5973\u529b\u5831\u9053\u7cfb\u5217\u88e1\u7684\u8d99\u96c5\u829d\u90b1\u4f51\u5ef7\u9019\u5c0d\uff0c\u611f\u89ba\u5f88\u50cf\uff0c\u5fc3\u5883\u611f\u89ba\u6211\u731c\u5566\uff01"
        },
        {
            "reply_id": "Ugz4wftczgFo7qmO6gp4AaABAg",
            "reply_content": "\u5fc3\u88e1\u8a71\uff0c\u6703\u66f4\u559c\u6b61\u770b\u898b\u4f60\u5011\u5f85\u5728\u4e00\u8d77\u7684\u5f71\u7247\uff0c\u770b\u898b\u4f60\u5011\u6bcf\u5929\u4e92\u76f8\u4f5c\u5f04\uff0c\u4e00\u8d77\u80e1\u9b27\uff0c\u73a9\u7b11\uff0c\u4e92\u76f8\u95dc\u5fc3\u624d\u662f\u6211\u5011\u60f3\u770b\u898b\u7684\u773e\u91cf\u7d1a\uff0c\u82e5\u56e0\u70ba\u771f\u6c92\u6709\u60e1\u641e\u5287\u672c\u4e5f\u53ef\u4ee5\u4e00\u8d77\u53bb\u65c5\u884c\u62cdvlog\u4e5f\u6703\u5f88\u559c\u6b61\u770b\uff0c\u771f\u5e0c\u671b\u6211\u611f\u89ba\u662f\u932f\u7684\uff0c\u56e0\u70ba\u59b3\u770b\u8d77\u4f86\u771f\u7684\u4e0d\u60f3\u55ae\u7368\u65c5\u884c\uff0c\u55ae\u7368\u771f\u7684\u4e5f\u6c92\u770b\u898b\u59b3\u771f\u6b63\u80fd\u653e\u9b06\uff0c\u82e5\u9019\u771f\u662f\u500b\u6311\u6230\uff0c\u4e0d\u6311\u6230\u4e5f\u7f77\u4e86\u5427\u3002\u770b\u898b\u59b3\u6700\u653e\u9b06\u7684\u6642\u523b\u5c31\u662f\u6709Andy\u5728\u59b3\u8eab\u908a\uff0c\u771f\u5fc3\u5e0c\u671b\u4f60\u5011\u9019\u4e00\u5c0d\u662f\u4e00\u76f4\u4e00\u76f4\u5728\u4e00\u8d77\u7684\uff0c\u5e78\u798f\u7684\u3002"
        },
        {
            "reply_id": "UgxaiS4qzNET7ZLqM9Z4AaABAg",
            "reply_content": "\u600e\u9ebc+0\u6700\u8fd1\u6bd4\u8f03\u6613\u54ed"
        },
        {
            "reply_id": "UgyRn0UnBs4On2GrGLZ4AaABAg",
            "reply_content": "\u4e0d\u77e5\u9053\u81ea\u5df1\u7684\u611f\u53d7\u662f\u4e0d\u662f\u8ddf\u5bb6\u5be7\u4e00\u6a23\uff1f\u4f46\u770b\u5230\u5bb6\u5be7\u7684\u72c0\u614b\u5c31\u6703\u4e5f\u60f3\u5230\u81ea\u5df1\u7684\u72c0\u614b\u2026\u2026\u3002\u56e0\u70ba\u81ea\u5df1\u592a\u904e\u4f9d\u8cf4\u53e6\u4e00\u4f34\uff0c\u9020\u6210\u60c5\u611f\u4e0a\u5f88\u591a\u554f\u984c\uff0c\u4e26\u4e14\u610f\u8b58\u5230\u81ea\u5df1\u9700\u8981\u8abf\u6574\u3002\u81ea\u5df1\u4e5f\u5728\u5f88\u52aa\u529b\u7684\u5b78\u7fd2\u7368\u7acb\u751f\u6d3b\u3001\u5b78\u7fd2\u6210\u9577\uff0c\u627e\u5230\u81ea\u5df1\u8207\u611b\u81ea\u5df1\u7684\u65b9\u6cd5\uff0c\u4f46\u904e\u7a0b\u4e2d\u4e5f\u6703\u5e38\u5e38\u89ba\u5f97\u597d\u60f3\u8981\u53e6\u4e00\u4f34\u5728\uff0c\u4e5f\u6703\u4e0d\u7d93\u5e38\u5e38\u60b2\u5f9e\u4e2d\u4f86\u2026\u2026\uff0c\u53ef\u662f\u53c8\u77e5\u9053\u9019\u662f\u5fc5\u7d93\u7684\u6210\u9577\u75db\uff0c\u8981\u81ea\u5df1\u5805\u5f37\u8d77\u4f86\uff01\u5728\u81ea\u5df1\u52aa\u529b\u7684\u904e\u7a0b\u4e2d\uff0c\u5e38\u5e38\u6703\u89ba\u5f97\u597d\u5b64\u7368\u2026\u2026\uff0c\u4f46\u770b\u5230\u5bb6\u5be7\u4e5f\u5728\u597d\u52aa\u529b\u597d\u52aa\u529b\u7684\u6210\u9577\u505a\u81ea\u5df1\uff0c\u6211\u5c31\u6709\u7a2e\u6709\u4eba\u966a\u4f34\u8457\u6211\u4e00\u8d77\u6210\u9577\u7684\u611f\u89ba\ud83e\udd70\u904e\u53bb\u6574\u4eba\u7684\u5f71\u7247\u4e5f\u597d\uff1b\u73fe\u5728\u771f\u5be6\u751f\u6d3b\u8a18\u9304\u7684\u5f71\u7247\u4e5f\u597d\uff0c\u6211\u90fd\u597d\u559c\u6b61\u2764\u56e0\u70ba\u9019\u5c31\u662f\u611f\u60c5\u6700\u771f\u5be6\u7684\u6a21\u6a23\uff01\u597d\u50cf\u81ea\u5df1\u7684\u611f\u60c5\u4e5f\u96a8\u8457\u5bb6\u5be7\u8ddfAndy\u4e0d\u65b7\u5728\u6210\u9577\u8301\u58ef\uff0c\u6703\u60f3\u7559\u8a00\u662f\u60f3\u8b1d\u8b1d\u5bb6\u5be7\u8ddfAndy\u7684\u966a\u4f34\ud83d\ude0d\u4e5f\u60f3\u8ddf\u59b3\u8aaa\u8072\u52a0\u6cb9\uff01\u59b3\u5728\u6108\u4f86\u6108\u7f8e\u9e97\u7684\u8def\u4e0a\u2764"
        },
        {
            "reply_id": "UgywDXUbCEoIRiHGm0R4AaABAg",
            "reply_content": "\u6700\u8fd1\u7684\u5f71\u7247\u6c92\u6709\u4ee5\u524d\u7684\u611f\u89ba\ud83d\ude2d\ud83d\ude2d\u5e0c\u671b\u53ef\u4ee5\u8ddf\u4ee5\u524d\u4e00\u6a23\u5feb\u6a02\u4e00\u6a23\u958b\u5fc3\uff5e\u52a0\u6cb9\u2764\ufe0f"
        },
        {
            "reply_id": "UgzJLJLMdKwV_dQ0eid4AaABAg",
            "reply_content": "\u5982\u679c\u60f3\u7684\u8a71\u70ba\u4ec0\u9ebc\u4e0d\u4e00\u8d77\u53bb\uff1f\u597d\u5947\u602a"
        },
        {
            "reply_id": "UgxPgn-Pe72d2mA4hJ94AaABAg",
            "reply_content": "\u4e0d\u8981\u5674\u6211\uff0c\u6c92\u6709\u60e1\u610f\n\u4e0d\u77e5\u70ba\u5565\uff0c\u611f\u89ba\u5bb6\u5be7\u662f\u4e0d\u662f\u751f\u4e86\u4e0d\u6703\u597d\u7684\u75c5\n\u7136\u5f8c\u6700\u8fd1\u4e00\u76f4\u51fa\u570b\u74b0\u904a\u4e16\u754c\uff0c\u5728\u53ef\u4ee5\u505a\u7684\u6642\u5019\u5b8c\u6210\u5922\u60f3@@?"
        },
        {
            "reply_id": "Ugw1OEJiXabkmbvrzHp4AaABAg",
            "reply_content": "\u5bb6\u5be7 \u81ea\u5df1\u4e00\u500b\u5728\u5916\u5730\u51fa\u9580\u8981\u5c0f\u5fc3\ud83e\udd0d\u96d6\u7136\u6211\u4e86\u89e3\u4f60\u4e0d\u591a \u4f46\u770b\u5230\u4f60\u54ed\u4e5f\u89ba\u5f97\u8eab\u540c\u611f\u53d7 \u6211\u4e5f\u8ddf\u7537\u670b\u53cb\u9060\u8ddd\u96e2\u5feb\u516b\u500b\u6708\u4e86 \u6709\u6642\u5019\u4e5f\u6703\u611f\u5230\u597d\u5b64\u55ae \u4e0d\u958b\u5fc3\u7684\u6642\u5019\u4e5f\u6c92\u6709\u4efb\u4f55\u4eba\u5728\u8eab\u908a \u4f46\u53ef\u80fd\u90fd\u662f\u5fc5\u7d93\u7684\u968e\u6bb5\u5427\uff5e\u5c31\u6162\u6162\u627e\u7368\u81ea\u8ddf\u81ea\u5df1\u76f8\u8655\u7684\u65b9\u5f0f \u6709\u60c5\u7dd2\u4e0d\u9700\u8981\u523b\u610f\u96b1\u85cf \u6211\u76f8\u4fe1\u4f60\u6703\u597d\u597d\u7684\ud83e\udd0d"
        },
        {
            "reply_id": "UgzodHxbMRmlnmk3y_h4AaABAg",
            "reply_content": "\u4ed6\u5011\u7d50\u5a5a\u6c92\u554a\uff1f"
        },
        {
            "reply_id": "UgwLVEZ8QZZdWOYNayJ4AaABAg",
            "reply_content": "\u6211\u5f88\u559c\u6b61\u6c92\u6709\u5316\u599d\u7684\u5bb6\u5be7\uff0c\u5f88\u5065\u5eb7\u3001\u5f88\u81ea\u7136\u3001\u5f88\u7f8e\u9e97\u5537\uff01\ud83d\ude0d\u4f60\u5011\u5169\u500b\u8981\u5e78\u798f\u5feb\u6a02\u55b2\uff01"
        },
        {
            "reply_id": "UgyFwBtOwnO3g6mm-2d4AaABAg",
            "reply_content": "\u6211\u4e5f\u89ba\u5f97\u771f\u7684\u602a\u602a\u7684\n\u5f9e\u5e7e\u500b\u6708\u524d\u7684\u5f71\u7247\u958b\u59cb\uff0c\u90a3\u611f\u89ba\u5b8c\u5168\u4e0d\u4e00\u6a23\u4e86\n\u800c\u4e14\u89ba\u5f97\u5bb6\u5be7\u7684\u773c\u795e\u72c0\u614b\u90fd\u8ddf\u4ee5\u524d\u4e0d\u540c\n\u73fe\u5728\u7684\u773c\u775b\u90fd\u4e00\u76f4\u662f\u770b\u8d77\u4f86\u6c92\u6709\u7cbe\u795e\uff0c\u7e3d\u662f\u5f37\u984f\u6b61\u7b11\u7684\u611f\u89ba\u22ef\n\u770b\u8d77\u4f86\u4e00\u76f4\u90fd\u662f\u54ed\u904e\u7684\u773c\u775b\n\u771f\u7684\u4e0d\u7528\u592a\u5728\u610f\u5225\u4eba\u600e\u9ebc\u60f3\n\u4f60\u5011\u5c31\u662f\u4f60\u5011\uff01\u4e5f\u5e0c\u671b\u4f60\u5011\u53ef\u4ee5\u597d\u597d\u4f11\u606f\u653e\u9b06\u81ea\u5df1\n\u8b8a\u56de\u539f\u672c\u90a3\u6d3b\u6f51\u958b\u6717\u7684\u5bb6\u5be7\uff5e"
        },
        {
            "reply_id": "Ugw22tVqPldWJgMY4Kt4AaABAg",
            "reply_content": "\u597d\u6643\u597d\u6643\ud83e\udd23"
        },
        {
            "reply_id": "Ugzzvtc5MF0HpXeblWd4AaABAg",
            "reply_content": "\u5982\u679c\u771f\u7684\u6368\u4e0d\u5f97\u5206\u958b\u5c31\u4e00\u76f4\u5728\u4e00\u8d77\u5c31\u597d\u4e86\u554a\uff0c\u70ba\u4ec0\u9ebc\u8981\u4e00\u76f4\u6d17\u8166\u81ea\u5df1\u5206\u958b\u5c31\u662f\u9577\u5927\u6210\u719f\u7684\u8868\u73fe\uff1f\u5982\u679c\u662f\u5916\u5728\u56e0\u7d20\uff0c\u6211\u53ea\u80fd\u8aaa\u4eba\u751f\u662f\u4f60\u5011\u7684 \u53ef\u4ee5\u81ea\u5df1\u6c7a\u5b9a\u7684\uff01\u8981\u958b\u5fc3\u7684\u5206\u5225\uff0c\u9084\u662f\u96e3\u904e\u7684\u5206\u5225\uff0c\u6211\u80af\u5b9a\u9078\u64c7\u958b\u5fc3\u7684\u9078\u9805\u5440\uff01"
        }
    ]
}