{
    "video_info": {
        "id": "DP1XdATQEdE",
        "channelTitle": "\u773e\u91cf\u7d1aCROWD",
        "title": "\u300c\u5b89\u975c\u6311\u6230\u4e4b\u8d85\u9060\u8ddd\u96e2\u8eb2\u8c93\u8c93\uff01\u300d\u6703\u767c\u73fe\u5f7c\u6b64\u5728\u54ea\u55ce\uff1f#\u6cf0\u570b\u7bc7\u3010\u773e\u91cf\u7d1aCROWD\u3011",
        "description": "\u2b50\u52a0\u5165\u6211\u5011\u7684YouTube\u6703\u54e1\uff1ahttps://pse.is/U8GDQ\n\ud83d\udc49\u6703\u54e1\u4ecb\u7d39\u5f71\u7247\uff1ahttps://reurl.cc/rlvEKx\n\n\u27a1\u8a02\u95b1YouTube\u3010\u773e\u91cf\u7d1aCROWD x FUN\u751f\u6d3b-\u7b2c\u4e8c\u983b\u9053\u3011\nhttps://is.gd/4dSkyk \n\u27a1\u8a02\u95b1YouTube\u3010\u5bb6\u5be7+0\u3011\nhttps://is.gd/lcdma4 \n\u27a1\u8a02\u95b1YouTube\u3010Andy\u8001\u5e2b\u3011 \nhttps://is.gd/laVony\n------------------------------------------------------------------------------------\n\u27a1FB\u3010\u773e\u91cf\u7d1aCROWD\u3011\nhttps://www.facebook.com/etman0909/\n\u27a1FB\u3010\u5bb6\u5be7+0\u3011\nhttp://bit.ly/29PljQA\n\u27a1FB\u3010Andy\u8001\u5e2b\u3011\nhttp://bit.ly/29JkGYS\n------------------------------------------------------------------------------------\n\u27a1IG\u3010\u773e\u91cf\u7d1aCROWD\u3011\nhttps://www.instagram.com/crowd520/?hl=zh-tw\n------------------------------------------------------------------------------------\n\u27a1\u7f8e\u62cd\u3010\u4f17\u91cf\u7ea7CROWD\u3011\nhttp://www.meipai.com/user/1048418678\n------------------------------------------------------------------------------------\n\u27a1\u5fae\u535a\u3010\u4f17\u91cf\u7ea7CROWD\u3011\nhttp://www.weibo.com/6067696343/profi...\n\n\u27a1\u8a02\u95b1YouTube\u3010\u773e\u91cf\u7d1aCROWD\u3011\nhttps://is.gd/JgIQw6\n\n\u5de5\u4f5c\u9080\u7d04\u8acb\u6d3d\uff1aqunhaient@gmail.com\n\n#\u8d85\u9060\u8ddd\u96e2\u8eb2\u8c93\u8c93 #\u773e\u91cf\u7d1aCROWD#\u60c5\u4fb6 #\u6cf0\u570b #bangkok",
        "likeCount": "2925",
        "commentCount": "105",
        "viewCount": "237896"
    },
    "comments": [
        {
            "reply_id": "UgwcnFyU00KICcyxniV4AaABAg",
            "reply_content": "\u5bb6\u5be7\u59b3\u8b8a\u9ed1\u56c9\uff01\u5c0f\u9ea5\u8272\u771f\u7684\u597d\u597d\u770b\u5167\ud83d\ude3b\ud83d\udc97\u6211\u5f9e\u570b\u5c0f\u4e00\u5e74\u7d1a\u5c31\u958b\u59cb\u5728\u770b\u4f60\u5011\u7684\u5f71\u7247\uff08\u6211\u73fe\u5728\u570b\u5c0f\u4e94\u5e74\u7d1a\ud83e\udd13\uff09\u543c\u5466\u4f60\u5011\u7684\u5f71\u7247\u771f\u7684\u597d\u597d\u770b\uff0c\u6211\u6c92\u8fa6\u6cd5\u5403\u98ef\u7684\u6642\u5019\u6c92\u770b\u4f60\u5011\u7684\u5f71\u7247\ud83c\udf1e"
        },
        {
            "reply_id": "UgwLUA-X85ue6ygG9YV4AaABAg",
            "reply_content": "\u5bb6\u5be7\u9ed1\u597d\u591a \u4e5f\u7f8e\u597d\u591a"
        },
        {
            "reply_id": "Ugz5WK0pZXI2-aMvTWZ4AaABAg",
            "reply_content": "\u5bb6\u5be7\u66ec\u7684\u5f88\u9ed1\n\u4f46\u9084\u662f\u5f88\u7f8e\u5594"
        },
        {
            "reply_id": "UgzCJTgpV7x5v3SHsY54AaABAg",
            "reply_content": "\u5bb6\u5be7\u5f88\u660e\u986f\u7684\u8b8a\u9ed1\u9981"
        },
        {
            "reply_id": "UgxDOpYfQm4vdBTKc3J4AaABAg",
            "reply_content": "\u4ed6\u5011\u4e00\u8d77\u7684\u6642\u5019\u611f\u89ba\u90fd\u662f\u6709\u300c\u696d\u914d\u300d\u624d\u5408\u9ad4"
        },
        {
            "reply_id": "UgxpTVC03O1dVtWJlO14AaABAg",
            "reply_content": "\u770b\u8d77\u4f86\u611f\u89ba\u5df2\u7d93\u6c92\u6709\u4ee5\u524d\u73a9\u5f97\u81ea\u5728\u7684\uff0c\u5927\u5bb6\u4e92\u76f8\u6e9d\u901a\u4e5f\u6c92\u6709\u4ee5\u524d\u653e\u5f97\u958b\u4e86\uff0c\u5c31\u50cf\u5728\u6f14\u6232\u4e00\u6a23\u4e86\uff0c\u5e0c\u671b\u662f\u932f\u89ba\u3002\u3002\u3002"
        },
        {
            "reply_id": "Ugxo7LQvIswNokvkWyB4AaABAg",
            "reply_content": "\u6bd4\u8f03\u559c\u6b61\u4f60\u5011\u4ee5\u524d \u6703\u60e1\u6574\u4e4b\u985e\u7684 \u4e92\u52d5\u6bd4\u8f03\u81ea\u7136 \u73fe\u5728\u611f\u89ba\u5f88\u591a\u90fd\u662f\u70ba\u4e86\u8981\u696d\u914d \u5927\u90e8\u5206\u5f71\u7247\u90fd\u662f\u696d\u914d \u4f46\u9084\u662f\u5f88\u559c\u6b61\u770b\u4f60\u5011\u7684\u5f71\u7247\uff5e"
        },
        {
            "reply_id": "Ugy2fuwtyHM6c3c0rRp4AaABAg",
            "reply_content": "\u5bb6\u5be7\u662f\u4e0d\u662f\u8b8a\u9ed1\u4e86"
        },
        {
            "reply_id": "UgydDLKnXWBNrq03Kjp4AaABAg",
            "reply_content": "\u55ae\u4eba\u5e8a"
        },
        {
            "reply_id": "Ugzo-2Y__iua4UKVaVJ4AaABAg",
            "reply_content": "\u5bb6\u5be7\u662f\u4e0d\u662f\u66ec\u9ed1\u4e86\ud83e\udd7a"
        },
        {
            "reply_id": "UgwmpDjqC-CXfx1j4vl4AaABAg",
            "reply_content": "\u6211\u53ea\u662f\u4e00\u5e74\u6c92\u770b\u91cd\u91cf\u7d1a\u4f60\u600e\u9ebc\u5c31\u8b8a\u6210\u9019\u6a23\u4e86"
        },
        {
            "reply_id": "UgyrSmKJhDe-MmRNf8x4AaABAg",
            "reply_content": "\u5bb6\u5be7\u4f60\u600e\u9ebc\u8b8a\u9ed1\u4e86"
        },
        {
            "reply_id": "UgymfIjNJ-U-Dh1mrVt4AaABAg",
            "reply_content": "\u611f\u89ba\u4f60\u5011\u5f7c\u6b64\u751f\u758f\u4e86\u5f88\u591a \u4e0d\u50cf\u4e4b\u524d\u90a3\u9ebc\u7684\u71b1\u60c5 \u500b\u4eba\u7684\u611f\u89ba\u5566\u22ef\u22ef\u52a0\u6cb9"
        },
        {
            "reply_id": "UgylROZpIovMJUxejdd4AaABAg",
            "reply_content": "3\u5e74\u524d\u4f60\u5011\u6709\u5408\u5531\u904e\u660e\u5929\u6703\u66f4\u597d\u4f46\u662f\u70ba\u4ec0\u9ebc\u5bb6\u5be7\u6642\u5019\u662f\u767d\u7684\u73fe\u5728\u53c8\u662f\u9ed1\u7684\u9084\u6709\u6211\u662f\u65b0\u7c89"
        },
        {
            "reply_id": "UgwU0vOYfWHIiyPk3XZ4AaABAg",
            "reply_content": "\u90fd\u8981"
        },
        {
            "reply_id": "Ugz_byC7rwk2XTyfTxl4AaABAg",
            "reply_content": "\u5f88\u660e\u986f \u6c92\u6709\u4ee5\u524d\u89aa\u5bc6 \u7537\u4eba\u52a0\u6cb9"
        },
        {
            "reply_id": "UgyAAyacJ-qvOBTywrN4AaABAg",
            "reply_content": "\u8d8a\u4f86\u8d8a\u96e3\u770b"
        },
        {
            "reply_id": "UgxXsyMUEs7qgSJPkvF4AaABAg",
            "reply_content": "\u8b9a"
        },
        {
            "reply_id": "Ugwj74TXh9CfU4zNocJ4AaABAg",
            "reply_content": "\u559c\u6b61\u539f\u672c\u7684\u767d+0\u9019\u6a23\u6bd4\u8f03\u914d\u7537\u53cb\ud83d\ude02\u2764\n\n\u6211\u5012\u662f\u6bd4\u8f03\u597d\u5947\u7684\u662f\u7537\u53cb\u6709\u770b\u9019\u90e8\u7247\u55ce\u56e0\u70ba\u5bb6\u5be7\u6709\u54ed \u597d\u6d6a\u6f2b\u5e78\u798f\ud83e\udd24\ud83e\udd70"
        },
        {
            "reply_id": "Ugzmxf0nLUqPlfyfT-x4AaABAg",
            "reply_content": "\u5bb6\u5be7\u8b8a\u9ed1\u4e86\ud83d\ude22"
        }
    ]
}