{
    "video_info": {
        "id": "Dx2I5LqXhMw",
        "channelTitle": "\u773e\u91cf\u7d1aCROWD",
        "title": "\u5973\u5b69\u8981\u7684\u5176\u5be6\u5f88\u7c21\u55ae\ud83d\udc97\ud83d\udc69\ud83c\udffb\u200d\u2764\ufe0f\u200d\ud83d\udc68\ud83c\udffb \u200b\u2060",
        "description": "",
        "likeCount": "1402",
        "commentCount": "54",
        "viewCount": "36872"
    },
    "comments": [
        {
            "reply_id": "Ugz2uljF9EeROMalJY14AaABAg",
            "reply_content": "\u6c38\u6d74\u611b\u6cb3"
        },
        {
            "reply_id": "UgyoDfp7zITQZfvDnZN4AaABAg",
            "reply_content": "\u597d\u8b9a\u7684\u611b\u60c5\u3002"
        },
        {
            "reply_id": "UgxIuJHbBKvob9KVhQx4AaABAg",
            "reply_content": "\u6211\u62ff\u5230\u5a03\u5a03\u7684\u53cd\u61c9\u8ddf\u5bb6\u5be7\u4e00\u6a23\uff0c\u6703\u975e\u5e38\u975e\u5e38\u958b\u5fc3"
        },
        {
            "reply_id": "Ugx8X0rnwfWDuMqSHl14AaABAg",
            "reply_content": "\u4e3a\u4ec0\u4e48\u7ed3\u5c40\u6709\u4e09\u53ea"
        },
        {
            "reply_id": "UgzqxS1_w2p3wMmXjnR4AaABAg",
            "reply_content": "\u9019\u624d\u662f\u6211\u5370\u8c61\u4e2d\u7ae5\u5e74\u7684\u2026..\u593e\u5a03\u5a03\n\u90a3\u9ebc\u7684\u55ae\u7d14"
        },
        {
            "reply_id": "Ugxpj36CYsO-2E3FMFZ4AaABAg",
            "reply_content": "\u68d2"
        },
        {
            "reply_id": "Ugw1T65x2uRHRV73kYV4AaABAg",
            "reply_content": "\u7121\u804a"
        },
        {
            "reply_id": "Ugxx3TEa37BmQwqHkRN4AaABAg",
            "reply_content": "\u6211\u524d\u5929\u6709\u770b\u5230\u4f60\u5011\u53bb\u5403\u4e00\u862d\u62c9\u9eb5\ud83d\ude02\ud83d\ude02\uff01\u6c92\u62cd\u5230\u7167"
        },
        {
            "reply_id": "UgxhV_7muJB-ZgtrtYB4AaABAg",
            "reply_content": "\u6293\u7684\u65b9\u5f0f\u4e0d\u5c0d\u6709\u7a7a\u53eb\u8349\u723a\u6559\u4f60"
        },
        {
            "reply_id": "UgwIU8VcP2sf4bA_rvR4AaABAg",
            "reply_content": "\u6211\u4ece\u521d\u4e09\u770b\u5230\u4ed6\u4eec\u5927\u5b66\u6bd5\u4e1a\u565c\ud83d\ude0a"
        },
        {
            "reply_id": "Ugzlzr1AdJ2f843u7Yp4AaABAg",
            "reply_content": "\u751a\u9ebc\u6642\u5019\u624d\u6703\u66f4\u65b0\u5f71\u7247"
        },
        {
            "reply_id": "UgwHQmqwlP5rzKvjbiB4AaABAg",
            "reply_content": "\u7db2\u4e0a\u8cb7\u66f4\u4fbf\u5b9c\ud83d\ude02"
        },
        {
            "reply_id": "UgxAV8qrh9iF4pA7sp54AaABAg",
            "reply_content": "\u597d\u611f\u52a8\uff0c\u6709\u4eba\u5728\u9ed8\u9ed8\u7684\u652f\u6301\u59b3\u7684\u559c\u597d\uff0c\u8fd8\u82b1\u65f6\u95f4\u5e2e\u59b3\u4ed8\u51fa"
        },
        {
            "reply_id": "UgzN9IzCb1pyqgkbk-J4AaABAg",
            "reply_content": "\u4ee5\u70ba\u6700\u5f8c\u6703\u7528\u771f\u7684\u9d5d\ud83d\ude02"
        },
        {
            "reply_id": "UgxlcbSRp2FtU5w2-Wl4AaABAg",
            "reply_content": "\u9d5d/\u9bca\u9b5a/\u9752\u86d9/\u70cf\u9f9c\u76ee\u524d\u90fd\u88ab\u5927\u91cf\u72e9\u7375\u8d8a\u5927\u96bb\u8d8a\u597d\u73a9"
        },
        {
            "reply_id": "Ugx-GWlH4-7fW6XDlmd4AaABAg",
            "reply_content": "\u5bb6\u5be7\u62ff\u5230\u8001\u5929\u9d5d\u81c9\u4e0a\u7684\u8868\u60c5\u771f\u7684\u8d85\u5e78\u798f\u7684 \u597d\u53ef\u611b\ud83d\ude0d"
        },
        {
            "reply_id": "Ugx1ssx74JQNSdYifLd4AaABAg",
            "reply_content": "\u9019\u90e8\u5f71\u7247\u771f\u7684\u597d\u751c\u55da\u55da\n\u770b\u5b8c\u5f71\u7247\u4e5f\u60f3\u53bb\u593e\u90a3\u96bb\u8001\u5929\u9d5d\u4e86\u771f\u7684\u597d\u53ef\u611b\n\uff08\u679c\u7136\u5973\u5b69\u559c\u6b61\u7684\u6771\u897f\u90fd\u5dee\u4e0d\u591a\ud83e\udd23"
        },
        {
            "reply_id": "Ugwmfn9vuMBjnV9y4U54AaABAg",
            "reply_content": "\u597d\u5e78\u798f\u751f\u6d3b\u4e2d\u7684\u5c0f\u78ba\u5e78\ud83e\udd70"
        },
        {
            "reply_id": "Ugxl6QdRj5thhK1L-Pl4AaABAg",
            "reply_content": "\u6c92\u6709\u4fdd\u593e\u55ce?"
        },
        {
            "reply_id": "Ugyi3cm6Ke8I9UArDJ14AaABAg",
            "reply_content": "\u597d\u751c\u871c\u3001\u597d\u611f\u52d5~\u2661\u70ba\u4e86\u5973\u53cb\u9694\u5929\u518d\u4f86\u593e\u9d5d\u5a03\u5a03\u3002"
        }
    ]
}