{
    "video_info": {
        "id": "e-aDyb9npbA",
        "channelTitle": "\u773e\u91cf\u7d1aCROWD",
        "title": "\u5973\u53cb\u53c8\u51fa\u570b\u4e86\uff01\uff1f\u76f4\u63a5\u53bb\u6cf0\u570b\u591c\u5e97 \u5c3a\u5ea6\u8d85\u5927\u76f4\u63a5X\u4e0a\u53bb\uff01\uff1f\u3010\u773e\u91cf\u7d1aCROWD\u3011",
        "description": "Andy\u8001\u5e2b\uff1a\u300c\u7b11\u50b2\u98db\u9df9\u4f60\u5011\u505a\u904e\u55ce\uff1f\u300d/  \u5bb6\u5be7+0\uff1a\u300c\u591c\u5e97\u5c3a\u5ea6\u8d85\u5927\ud83d\ude31\u300d\n\n\u2b50\u52a0\u5165\u6211\u5011\u7684YouTube\u6703\u54e1\uff1ahttps://pse.is/U8GDQ\n\ud83d\udc49\u6703\u54e1\u4ecb\u7d39\u5f71\u7247\uff1ahttps://reurl.cc/rlvEKx\n\n\u27a1\u8a02\u95b1YouTube\u3010\u773e\u91cf\u7d1aCROWD x FUN\u751f\u6d3b-\u7b2c\u4e8c\u983b\u9053\u3011\nhttps://is.gd/4dSkyk \n\u27a1\u8a02\u95b1YouTube\u3010\u5bb6\u5be7+0\u3011\nhttps://is.gd/lcdma4 \n\u27a1\u8a02\u95b1YouTube\u3010Andy\u8001\u5e2b\u3011 \nhttps://is.gd/laVony\n------------------------------------------------------------------------------------\n\u27a1FB\u3010\u773e\u91cf\u7d1aCROWD\u3011\nhttps://www.facebook.com/etman0909/\n\u27a1FB\u3010\u5bb6\u5be7+0\u3011\nhttp://bit.ly/29PljQA\n\u27a1FB\u3010Andy\u8001\u5e2b\u3011\nhttp://bit.ly/29JkGYS\n------------------------------------------------------------------------------------\n\u27a1IG\u3010\u773e\u91cf\u7d1aCRWOD\u3011\nhttps://www.instagram.com/crowd520/?hl=zh-tw\n------------------------------------------------------------------------------------\n\u27a1\u7f8e\u62cd\u3010\u4f17\u91cf\u7ea7CROWD\u3011\nhttp://www.meipai.com/user/1048418678\n------------------------------------------------------------------------------------\n\u27a1\u5fae\u535a\u3010\u4f17\u91cf\u7ea7CROWD\u3011\nhttp://www.weibo.com/6067696343/profi...\n\n\u27a1\u8a02\u95b1YouTube\u3010\u773e\u91cf\u7d1aCRWOD\u3011\nhttps://is.gd/JgIQw6\n\n\u5de5\u4f5c\u9080\u7d04\u8acb\u6d3d\uff1acrowdvediotv@gmail.com",
        "likeCount": "2595",
        "commentCount": "130",
        "viewCount": "137067"
    },
    "comments": [
        {
            "reply_id": "UgyvJKKRb6QXa9-zu4F4AaABAg",
            "reply_content": "\u4ed6\u662f\u4e0d\u662f\u9189\u4e86"
        },
        {
            "reply_id": "UgzPuWG-rpfrwLNp_JN4AaABAg",
            "reply_content": "\u6211\u60f3\u770b\u4f60\u73a9\u5927\u6012\u795e"
        },
        {
            "reply_id": "UgwRiwjPS6QDyxlDZMd4AaABAg",
            "reply_content": "\u53ef\u4ee5\u53bb\u73a9\u9e97\u5bf6\u7684\u6436\u6551\u5730\u5fc3\ud83d\ude02"
        },
        {
            "reply_id": "UgxY0eHSCdUv-MgL1LV4AaABAg",
            "reply_content": "\u6211\u60f3\u770b\u5927\u9678\u4ec0"
        },
        {
            "reply_id": "UgzmdNzDo5pkJzougcF4AaABAg",
            "reply_content": "\u98db\u9df9\u6211\u570b\u4e2d\u5750\u904e\uff0c\u982d\u4e00\u76f4\u649e\uff0c\u6211\u4e5f\u53ea\u5750\u4e00\u6b21\uff0c\u4e0d\u8212\u670d\u5566\ud83e\udd23\uff0c\u770b\u5927\u6012\u795e+1\u6211\u8a18\u5f97\u4e5f\u662f\u570b\u4e2d\u5750\u7684\uff0c\u554a\u554a\u554a\u554a\u554a\u5b8c\u5c31\u5230\u4e0b\u9762\u4e86\uff0c\u8d85\u5feb\ud83e\udd23"
        },
        {
            "reply_id": "Ugz_uDqcWjodrmAQtpt4AaABAg",
            "reply_content": "\u7b11\u50b2\u98db\u9df9\u6c92\u6709\u7dad\u4fee\u5c31\u7b97\u4e86\uff0c\u4e5f\u6c92\u6709\u4fdd\u990a\uff1f\uff1f\u592a\u5687\u4eba\u4e86\u5427\u22ef\u22ef"
        },
        {
            "reply_id": "UgzRhBRUm7xi58H5iZV4AaABAg",
            "reply_content": "\u73a9\u5927\u6012\u795e"
        },
        {
            "reply_id": "UgxcGfhalFbKBUG8zm94AaABAg",
            "reply_content": "\u4e0d\u8981\u591a\u4e00\u6839\u9f9c\u982d"
        },
        {
            "reply_id": "UgyXKrbYOY8jc3lhueh4AaABAg",
            "reply_content": "\u6562\u5ea7\u98db\u6a5f\u4e0d\u6562\u5ea7\u7b11\u50b2\u98db\u9df9 \u597d\u602a\u60f3\u6cd5\u22ef"
        },
        {
            "reply_id": "UgxxSF4G8N0D87S2QqN4AaABAg",
            "reply_content": "\u6c92\u7dad\u4fee\u6c92\u4fdd\u990a\u624d\u9700\u8981\u6015\u5427"
        },
        {
            "reply_id": "Ugw4CYL3wE61FSYhXth4AaABAg",
            "reply_content": "\u53cd\u5dee\u597d\u5927\ud83e\udd23"
        },
        {
            "reply_id": "UgxXXeOxb9x64BNlLE54AaABAg",
            "reply_content": "\u9084\u662f\u559c\u6b61\u4ee5\u524d\u4f60\u5011\u5c0d\u5c0d\u65b9\u7684\u5c0f\u751c\u871c"
        },
        {
            "reply_id": "Ugz2fCRhEXZVaR7CPQ14AaABAg",
            "reply_content": "\u7b11\u50b2\u98db\u9df9\u6211\u662f\u88ab\u5973\u53cb\u62c9\u4e0a\u53bb\u5750\u7684\ud83d\ude22"
        },
        {
            "reply_id": "Ugz33n3MgQ10nTuqxR54AaABAg",
            "reply_content": "\u591c\u5e97\u90a3\u6bb5\u597d\u50cf\u8212\u83ef"
        },
        {
            "reply_id": "UgwUi18lo9RUNrIkvtd4AaABAg",
            "reply_content": "\u9084\u5728\u9a19\u554a"
        },
        {
            "reply_id": "UgzJRKf0kI3W0K0VDRN4AaABAg",
            "reply_content": "\u7b11\u50b2\u98db\u9df9\u771f\u7684\u8d85\u7d1a\u6050\u6016 \u73a9\u5b8c\u90fd\u6703\u817f\u8edf\ud83d\ude02"
        },
        {
            "reply_id": "Ugz0OqzhUcraUmOtORZ4AaABAg",
            "reply_content": "\u6211\u4eca\u5929\u6236\u5916\u6559\u5b78\u5c31\u662f\u53bb\u516d\u798f\u6625\u8036\u6211\u6709\u73a9\u7b11\u50b2\u98db\u9df9\u8ddf\u8001\u6cb9\u8247"
        },
        {
            "reply_id": "UgxS8MX0KKA5OMJWU8B4AaABAg",
            "reply_content": "\u4eca\u5e74\u6211\u4e5f\u6709\u53bb\u5750\u7b11\u50b2\u98db\u9df9\n\u570b\u5c0f\u570b\u4e2d\u5f88\u611b \u5fc3\u81df\u6bd4\u8f03\u5927\u9846\n\u771f\u768410\u5e74\u5f8c\u5f88\u96e3\u8e0f\u51fa\u53bb\n\u4f46\u9084\u662f\u8c41\u51fa\u53bb\u4e86\n\u4e0b\u4f86\u624b\u6574\u500b\u7206\u7b4b\u5f88\u7dca \u53ef\u80fd\u63e1\u592a\u7528\u529b\ud83d\ude02\n\u770bAndy\u73a9\u771f\u7684\u6574\u500b\u7b11\u5230\u5c3e\ud83d\ude02\n\u523a\u6fc0\u611f\u9084\u662f\u6709 \u54c8\u54c8\u54c8\u54c8\u54c8\u597d\u597d\u7b11\n\u5bb6\u5be7\u771f\u7684\u8b8a\u7684\u5f88\u4e0d\u4e00\u6a23\n\u5f88\u4e0d\u4e00\u6a23\u7684\u5bb6\u5be7 \n\u96d6\u7136\u9084\u662f\u597d\u61f7\u5ff5\u4ee5\u524d\u7684\u5bb6\u5be7\n\u4f46\u73fe\u5728\u7684\u5bb6\u5be7\u4e5f\u5f88\u559c\u6b61\ud83e\udd70\n\u4f60\u5011\u90fd\u5f88\u68d2\u4e00\u8d77\u8d8a\u4f86\u8d8a\u597d\u5f88\u512a\u79c0\u2764"
        },
        {
            "reply_id": "UgxsCDdXgRQ1peXRlWd4AaABAg",
            "reply_content": "\u70ba\u4ec0\u9ebc\u4e0d\u4e00\u8d77\u51fa\u570b\u554a\uff01\u4e00\u8d77\u51fa\u53bb\u653e\u9b06\u73a9\u554a\uff01\u53c8\u662f\u5206\u958b\u7684\u65c5\u884c?\ud83d\ude44"
        },
        {
            "reply_id": "UgzgPO2n0n97fHaTQqZ4AaABAg",
            "reply_content": "\u600e\u9ebc\u73fe\u5728\u90fd\u662f\u5206\u958b\u7684\u5f71\u7247\n\u53ea\u559c\u6b61\u770b\u4f60\u5011\u5169\u500b\u4e00\u8d77\u51fa\u73fe\u7684\u6642\u5019\n\u611f\u60c5\u662f\u4e00\u8f29\u5b50\u7684,\u51fa\u96d9\u5165\u5c0d\u624d\u4e0d\u6703\u6253\u7834\u611b\u4f60\u5011\u7684\u7c89\u7d72\u5fc3\u88e1\u90a3\u9846\u7c89\u7d05\u6ce1\u6ce1"
        }
    ]
}