{
    "video_info": {
        "id": "EcwZtYnwrzo",
        "channelTitle": "\u773e\u91cf\u7d1aCROWD",
        "title": "\u6211\u5011\u7684\u53cd\u5dee\u5927\u55ce\uff1fTag\u4f60\u5f88\u4e0d\u6703\u7a7f\u642d\u7684\u670b\u53cb\u5b78\u8d77\u4e43\ud83d\ude02 #\u773e\u91cf\u7d1acrowd",
        "description": "",
        "likeCount": "8204",
        "commentCount": "60",
        "viewCount": "316084"
    },
    "comments": [
        {
            "reply_id": "UgySk0NH_r4csASpkp54AaABAg",
            "reply_content": "\u6709\u4e00\u9ede\u4e0d\u597d\u770b"
        },
        {
            "reply_id": "UgxCktJzRzfNEwqbfxR4AaABAg",
            "reply_content": "\u9577\u76f8\u8eab\u6750\u624d\u662f\u4e3b\u8981\u597d\u55ce \u62dc\u8a17\n\n\u73fe\u5728\u5f88\u591a\u8863\u670d\u4e00\u5957\u90fd\u8a2d\u8a08\u7684\u597d\u597d\u7684\ud83d\ude2e"
        },
        {
            "reply_id": "UgxGyIeK6TCJhvNAwuJ4AaABAg",
            "reply_content": "\u5012\u6578\u7b2c\u4e8c\u5f35\u6700\u597d\u770b"
        },
        {
            "reply_id": "UgwMQ1AeUpUH_sMghMt4AaABAg",
            "reply_content": "\u54c7\uff01\u5bb6\u5be7\u7684\u982d\u9aee\u597d\u9577\u554a\uff01\ud83d\ude32\n\u800c\u4e14\u5bb6\u5be7\u597d\u50cf\u6a21\u7279\u5152"
        },
        {
            "reply_id": "UgwnR8fiCXfrsJSVQFd4AaABAg",
            "reply_content": "\u982d\u9aee\u592a\u9577\u4e86\u5427"
        },
        {
            "reply_id": "UgwJARgwQF_73WhtD4R4AaABAg",
            "reply_content": "\u982d\u9aee\u592a\u9577\u4e86\u5427"
        },
        {
            "reply_id": "UgxPYAA8i1vLb-zzMfF4AaABAg",
            "reply_content": "\u5973\u5973\u5973\u6200\u60c5\u2764"
        },
        {
            "reply_id": "Ugz1nQTx0aqXy-BTLYp4AaABAg",
            "reply_content": "\u6240\u4ee5\u4f60\u5011\u7a7f\u9019\u6a23\u90fd\u4e0a\u54ea\u53bb\u4e86\ud83d\ude02\u4e0d\u6703\u662f\u5012\u62c9\u5c45\u53bb\u5427"
        },
        {
            "reply_id": "Ugyde3E8-ZLuDa3RcJ94AaABAg",
            "reply_content": "\u5bb6\u5b81\u7b2c\u2014\u5957\u6bd4\u8f83\u5bbd\u8f93\u4e86\u70b9\uff0c\u5168\u90fd\u597d\u770b\uff01"
        },
        {
            "reply_id": "UgwPFZK5MbmyQHKhH4l4AaABAg",
            "reply_content": "\u5bb6\u5be7\u597d\u7f8e\u2764\u800c\u4e14\u982d\u9aee\u4e5f\u592a\u9577\u4e86\u5427XD"
        },
        {
            "reply_id": "UgxuJnL5191rtwNC0m54AaABAg",
            "reply_content": "\u90a3\u500b\u9ed1\u8272\u88f8\u6316\u88dd\u597d\u597d\u770b\uff0c\u4f46\u5b9a\u683c\u982d\u9aee\u9577\u7684\u90a3\u908a\ud83d\ude05\u4f4d\u5b50\u5c37\u5c2c"
        },
        {
            "reply_id": "UgwLwoDuu6T6vF94HGB4AaABAg",
            "reply_content": "\u9019\u8981\u600e\u9ebc\u5b78@@\n\u4e00\u822c\u4eba\u624d\u4e0d\u6703\u7a7f\u9019\u6a23\u5b50\u51fa\u9580\u5427\uff1f\n\u53c8\u4e0d\u662f\u8981\u53bb\u7d05\u6bef\u8d70\u79c0\ud83d\ude05"
        },
        {
            "reply_id": "Ugxj9F4j5CFWW4UUphV4AaABAg",
            "reply_content": "\u5bb6\u5be7\u7684\u982d\u9aee\u4e5f\u592a\u9577\u4e86\u5427"
        },
        {
            "reply_id": "Ugwau9uj0xIUnTuJGY14AaABAg",
            "reply_content": "\u4f60\u5011\u90fd\u8d85\u597d\u770b\ud83d\ude3b"
        },
        {
            "reply_id": "Ugy2FiIHHUvzp6qxEvd4AaABAg",
            "reply_content": "\u6c92\u6709\u5f71\u97ff"
        },
        {
            "reply_id": "UgwEjfkdd8w8vAdbGV94AaABAg",
            "reply_content": "\u5bb6\u5be7\u592a\u7f8e\u4e86\u2764\uff0c\u5bb6\u5be7\u982d\u9aee\u4e5f\u592a\u9577\u4e86\u5427\uff01"
        },
        {
            "reply_id": "Ugyc9fDmkEJ67qUAqGN4AaABAg",
            "reply_content": "\u5bb6\u5be7\u597d\u7f8e\ud83d\ude0a"
        },
        {
            "reply_id": "UgzsUQ3VHhY2M-2eGHh4AaABAg",
            "reply_content": "\u982d\u9aee\u597d\u9577\u5594"
        },
        {
            "reply_id": "UgwGGv8t0bNdzTnKD8h4AaABAg",
            "reply_content": "\u770b\u4f86\u670d\u88dd\u53ea\u662f\u52a0\u5206\uff0c\u984f\u503c\u624d\u662f\u672c\u9ad4\ud83d\ude02"
        },
        {
            "reply_id": "UgwXYu7P2r50hHnvUTN4AaABAg",
            "reply_content": "\u53ea\u6709\u6211\u6ce8\u610f\u5230\u4ed6\u7684\u982d\u9aee\u55ce"
        }
    ]
}