{
    "video_info": {
        "id": "FCHfQmekHDQ",
        "channelTitle": "\u773e\u91cf\u7d1aCROWD",
        "title": "\u6b77\u7d9350\u5929\u5973\u53cb\u9a5a\u559c\u73fe\u8eab\uff01\u773e\u4eba\u779e\u5929\u904e\u6d77\u5957\u8a71 \u7537\u53cb\u7adf\u8aaa\u51fa...\u3010\u773e\u91cf\u7d1aCROWD\u3011",
        "description": "\u2b50\u52a0\u5165\u6211\u5011\u7684YouTube\u6703\u54e1\uff1ahttps://pse.is/U8GDQ\n\ud83d\udc49\u6703\u54e1\u4ecb\u7d39\u5f71\u7247\uff1ahttps://reurl.cc/rlvEKx\n\n\u27a1\u8a02\u95b1YouTube\u3010\u773e\u91cf\u7d1aCROWD x FUN\u751f\u6d3b-\u7b2c\u4e8c\u983b\u9053\u3011\nhttps://is.gd/4dSkyk \n\u27a1\u8a02\u95b1YouTube\u3010\u5bb6\u5be7+0\u3011\nhttps://is.gd/lcdma4 \n\u27a1\u8a02\u95b1YouTube\u3010Andy\u8001\u5e2b\u3011 \nhttps://is.gd/laVony\n------------------------------------------------------------------------------------\n\u27a1FB\u3010\u773e\u91cf\u7d1aCROWD\u3011\nhttps://www.facebook.com/etman0909/\n\u27a1FB\u3010\u5bb6\u5be7+0\u3011\nhttp://bit.ly/29PljQA\n\u27a1FB\u3010Andy\u8001\u5e2b\u3011\nhttp://bit.ly/29JkGYS\n------------------------------------------------------------------------------------\n\u27a1IG\u3010\u773e\u91cf\u7d1aCROWD\u3011\nhttps://www.instagram.com/crowd520/?hl=zh-tw\n------------------------------------------------------------------------------------\n\u27a1\u7f8e\u62cd\u3010\u4f17\u91cf\u7ea7CROWD\u3011\nhttp://www.meipai.com/user/1048418678\n------------------------------------------------------------------------------------\n\u27a1\u5fae\u535a\u3010\u4f17\u91cf\u7ea7CROWD\u3011\nhttp://www.weibo.com/6067696343/profi...\n\n\u27a1\u8a02\u95b1YouTube\u3010\u773e\u91cf\u7d1aCROWD\u3011\nhttps://is.gd/JgIQw6\n\n\u5de5\u4f5c\u9080\u7d04\u8acb\u6d3d\uff1aqunhaient@gmail.com\n\n#\u9a5a\u559c\u56de\u570b#\u773e\u91cf\u7d1aCROWD#\u60c5\u4fb6",
        "likeCount": "4734",
        "commentCount": "81",
        "viewCount": "227014"
    },
    "comments": [
        {
            "reply_id": "UgzQkCT3dd1BoMlWQ0B4AaABAg",
            "reply_content": "\u597d\u611f\u52d5\u554a\u554a\u554a\u554a\u554a\u554a\u554a\u554a\ud83c\udf89"
        },
        {
            "reply_id": "Ugy-B3KfdTW93sVPinp4AaABAg",
            "reply_content": "\u80cc\u666f\u770b\u8d77\u4f86\u597d\u50cf\u5713\u5c71\u7684\u9152\u5427\uff01\uff1f"
        },
        {
            "reply_id": "UgxwsY-Uwrvf-zNabm14AaABAg",
            "reply_content": "\u4e0d\u662f\u5206\u624b\u4e86\u5594"
        },
        {
            "reply_id": "UgzvCN4vgI2VDOcSRI94AaABAg",
            "reply_content": "\u600e\u9ebc\u76ae\u819a\u767d\u5f97\u9019\u9ebc\u5feb\ud83d\ude02"
        },
        {
            "reply_id": "UgyCdveE0zznLM4eHsF4AaABAg",
            "reply_content": "\u4f73\u5be7\u8b8a\u597d\u53ef\u611b\u5537"
        },
        {
            "reply_id": "UgwPlsQ1kqVdvWruPmp4AaABAg",
            "reply_content": "\u6b61\u8fce\u5bb6\u5be7\u5e73\u5b89\u56de\u4f86\u54c7\uff5e\n\u4f60\u5011\u771f\u7684\u597d\u5e78\u798f\u2764"
        },
        {
            "reply_id": "Ugw6nUpOCVoDCb9yLtd4AaABAg",
            "reply_content": "\u770b\u5230\u90a3\u500b\u56de\u4f86\u7684\u7576\u4e0b\u5982\u679c\u662f\u6211\u4e00\u5b9a\u54ed\u7206\u5509\ud83d\ude02\ud83d\ude02\ud83d\ude02\ud83d\ude02"
        },
        {
            "reply_id": "UgwReDc6k2SW05-aksF4AaABAg",
            "reply_content": "\u4ee5\u70ba\u6c92\u66f4\u65b0\u4e86\ud83d\ude02"
        },
        {
            "reply_id": "Ugx402wuSr3ZNv-6EG54AaABAg",
            "reply_content": "\u771f\u5e78\u798f\uff5e\u771f\u597d"
        },
        {
            "reply_id": "Ugz9s0QYxO1w2RlKtvN4AaABAg",
            "reply_content": "\u5bb6\u5be7\u8b8a\u6f02\u4eae\u4e86"
        },
        {
            "reply_id": "Ugy_rB5tBODt4Bw-y114AaABAg",
            "reply_content": "\u597d\u559c\u6b61\u9019\u4e00\u5247\u5f71\u7247\ud83d\ude02\u5f88\u5e78\u798f\u7684\u611f\u89ba"
        },
        {
            "reply_id": "UgzyJm6fAjpzslCxv3l4AaABAg",
            "reply_content": "\u6211\u5011\u7b49\u4e86\u4e03\u5e74\u7d42\u65bc\u770b\u5230\u557e\u557e\ud83d\ude0d"
        },
        {
            "reply_id": "UgxsYGgJOV0fX2NYazN4AaABAg",
            "reply_content": "\u60f3\u77e5\u9053\u70ba\u4ec0\u9ebc\u5bb6\u5be7\u51fa\u570b\u90a3\u9ebc\u4e45\uff5e\uff5e"
        },
        {
            "reply_id": "UgwHl8cDwfCWIJJ9PzN4AaABAg",
            "reply_content": "\u4e7e\u8106\u4f60\u5011\u5006\u500b\u53bb\u74b0\u904a\u4e16\u754c\u7b97\u4e86"
        },
        {
            "reply_id": "UgzpUv1vHbJVs93nnzp4AaABAg",
            "reply_content": "\u54c7\u54c7 \u5bb6\u5be7\u7ec8\u4e8e\u56de\u53f0\u6e7e\u4e86\ud83e\udd7a"
        },
        {
            "reply_id": "UgzmGpiQ-keXb9KyOEN4AaABAg",
            "reply_content": "\u8fd9\u771f\u7684\u662f\u7b2c\u4e00\u6b21\u5728\u8367\u5e55\u524d\u7b2c\u4e00\u543b\u8bf6\uff01\u597d\u60ca\u559c \u597d\u751c\u2764\u2764 \u5e0c\u671b\u53ef\u4ee5\u591a\u70b9\u4e92\u52a8\u8fd9\u6837\u7684\u751c\u871c\u2764"
        },
        {
            "reply_id": "Ugx6m3_SALnXMt0AADZ4AaABAg",
            "reply_content": "\u6211\u4e5f\u5f88\u60b6\u9a37\ud83d\ude02\u770b\u5230\u4f60\u5011\u5408\u9ad4\u597d\u611f\u52d5\u5440\u2764\u800c\u4e14\u5bb6\u5be7\u767d\u56de\u4f86\u4e86\uff01\uff08\u96d6\u7136\u9ed1\u6709\u9ed1\u7684\u7f8e\uff0c\u4f46\u6bd4\u8f03\u559c\u6b61\u770b\u5230\u767d\u62cb\u62cb\u7684\u59b3\u2764\uff09"
        },
        {
            "reply_id": "Ugx_ESTJjLadCquTmpB4AaABAg",
            "reply_content": "\u611f\u89ba\u5bb6\u5be7\u53c8\u8b8a\u958b\u6717\u310c \u599d\u5bb9\u4e5f\u8b8a\u5f97\u50cf\u4ee5\u524d\u4e00\u6a23"
        },
        {
            "reply_id": "UgypJZdf6y0J0WuGpRl4AaABAg",
            "reply_content": "\u9019\u597d\u50cf\u662f\u9996\u6b21\u5728\u87a2\u5e55\u524d\u89aa\u89aa\ud83d\ude0d\ud83d\ude0d\ud83d\ude0d\u7c89\u7d72\u7b49\u4e86\u4e03\u5e74\u7684\u4e00\u543b\ud83e\udd70"
        },
        {
            "reply_id": "UgzOEVJDEX7cx4II90N4AaABAg",
            "reply_content": "\u5c55\u745e\u8ddf\u5bb6\u5be7\u76f8\u8655\u597d\u50cf\u59d0\u59b9\u554a\ud83d\ude02\u597d\u53ef\u611b\u5169\u4eba"
        }
    ]
}