{
    "video_info": {
        "id": "FDSq8Ar57AU",
        "channelTitle": "\u773e\u91cf\u7d1aCROWD",
        "title": "\u6211\u5728\u5f71\u7247\u4e2d\u770b\u5230\u4e86\u79d8\u5bc6\u7269\u4ef6\uff0c\u4f60\u731c\u662f\u4ec0\u9ebc\uff1f\ud83d\ude1cTag\u4f60\u670b\u53cb\u5230\u93e1\u5b50\u9762\u524d\u4e00\u8d77\u8df3\ud83d\udc83",
        "description": "\u2b50\u52a0\u5165\u6211\u5011\u7684YouTube\u6703\u54e1\uff1ahttps://pse.is/U8GDQ\n\ud83d\udc49\u6703\u54e1\u4ecb\u7d39\u5f71\u7247\uff1ahttps://reurl.cc/rlvEKx\n\n\u27a1\u8a02\u95b1YouTube\u3010\u773e\u91cf\u7d1aCROWD x FUN\u751f\u6d3b-\u7b2c\u4e8c\u983b\u9053\u3011\nhttps://is.gd/4dSkyk \n\u27a1\u8a02\u95b1YouTube\u3010\u5bb6\u5be7+0\u3011\nhttps://is.gd/lcdma4 \n\u27a1\u8a02\u95b1YouTube\u3010Andy\u8001\u5e2b\u3011 \nhttps://is.gd/laVony\n------------------------------------------------------------------------------------\n\u27a1FB\u3010\u773e\u91cf\u7d1aCROWD\u3011\nhttps://www.facebook.com/etman0909/\n\u27a1FB\u3010\u5bb6\u5be7+0\u3011\nhttp://bit.ly/29PljQA\n\u27a1FB\u3010Andy\u8001\u5e2b\u3011\nhttp://bit.ly/29JkGYS\n------------------------------------------------------------------------------------\n\u27a1IG\u3010\u773e\u91cf\u7d1aCROWD\u3011\nhttps://www.instagram.com/crowd520/?hl=zh-tw\n------------------------------------------------------------------------------------\n\u27a1\u7f8e\u62cd\u3010\u4f17\u91cf\u7ea7CROWD\u3011\nhttp://www.meipai.com/user/1048418678\n------------------------------------------------------------------------------------\n\u27a1\u5fae\u535a\u3010\u4f17\u91cf\u7ea7CROWD\u3011\nhttp://www.weibo.com/6067696343/profi...\n\n\u27a1\u8a02\u95b1YouTube\u3010\u773e\u91cf\u7d1aCROWD\u3011\nhttps://is.gd/JgIQw6\n\n\u5de5\u4f5c\u9080\u7d04\u8acb\u6d3d\uff1aqunhaient@gmail.com\n\n#\u6574\u4ebaPRANK#\u773e\u91cf\u7d1aCROWD#\u60c5\u4fb6",
        "likeCount": "17556",
        "commentCount": "227",
        "viewCount": "998489"
    },
    "comments": [
        {
            "reply_id": "UgzIDo0oWqd7oLXUZel4AaABAg",
            "reply_content": "\u5f8c\u9762\u7684\u71c8\u6f0f\u51fa\u4f86\u4e86"
        },
        {
            "reply_id": "UgzSq6FQIu1Ly0dyoFt4AaABAg",
            "reply_content": "\u9ed1\u8272"
        },
        {
            "reply_id": "UgyvRzkI8jvgElgwoBh4AaABAg",
            "reply_content": "\u6253\u71c8"
        },
        {
            "reply_id": "UgwZvMOqtZbpaljqiDt4AaABAg",
            "reply_content": "\u5440"
        },
        {
            "reply_id": "Ugyuo5LKSMhLm9uLzL94AaABAg",
            "reply_content": "\u5167\u8932\u9732\u51fa\u4f86\u60f9\u62c9~"
        },
        {
            "reply_id": "UgzyhkBhDNuvnIeyrbB4AaABAg",
            "reply_content": "\u80f8"
        },
        {
            "reply_id": "Ugz3qkALlo2nuXsUd2R4AaABAg",
            "reply_content": "\u5b89\u8fea\u7684\u5167\u8932\ud83d\ude02"
        },
        {
            "reply_id": "UgwXMSour4g5UvnrrUN4AaABAg",
            "reply_content": "\u55ef\u55ef \u770b\u5230\u5973\u751f\u653e\u4e0d\u958b \u53cd\u800c\u7537\u751f\u592a\u6709\u6d3b\u529b\u4e86"
        },
        {
            "reply_id": "UgzDZcSYybp60FiYCPZ4AaABAg",
            "reply_content": "\u563f\u563f\u524d\u9084\u8981\u8df3\u821e"
        },
        {
            "reply_id": "UgwNjxErEfc-yVmcJQR4AaABAg",
            "reply_content": "\u8fd9\u5f00\u623f\u5f97\u745f\u5f97\u5f88\ud83d\ude05"
        },
        {
            "reply_id": "Ugzp-V_pLeVcKlx5zmZ4AaABAg",
            "reply_content": "\u9ed1\u8272\u5e95\u5e95\ud83d\ude02"
        },
        {
            "reply_id": "Ugy6ilrDksXL5IoZ7Yt4AaABAg",
            "reply_content": "\u5167\u8932\u6f0f\u51fa\u4f86\u4e86\ud83d\ude02"
        },
        {
            "reply_id": "Ugxvs7tk6E8ubnHx0Ax4AaABAg",
            "reply_content": "\u4e00\u8d77\u6d17\u6fa1"
        },
        {
            "reply_id": "Ugy-LkMRwfyj85EAPzB4AaABAg",
            "reply_content": "\u9ed1\u8272\u7684\u6771\u6771"
        },
        {
            "reply_id": "UgwcMQMoEE5KqTbgIwl4AaABAg",
            "reply_content": "\u5f71\u7247\u7a7f\u4e86\u55ce\uff1f"
        },
        {
            "reply_id": "UgyeMb39PswDHMRTolt4AaABAg",
            "reply_content": "\u9ed1\u8272\u7684\u5185\u88e4\uff1f"
        },
        {
            "reply_id": "UgyRQBBfX-va1sA78HF4AaABAg",
            "reply_content": "\u6211\u53ea\u770b\u5230\u5169\u500b\u50bb\u903c\uff0c\u563b\u563b\ud83d\ude02"
        },
        {
            "reply_id": "UgzaVtUbiTjIgXHPtld4AaABAg",
            "reply_content": "\u6765\u4e86\u963f\u6986\u3002"
        },
        {
            "reply_id": "Ugz1CgjzdCFjqgZoBDR4AaABAg",
            "reply_content": "\u770b\u5230\u7537\u751f\u7684\u9ed1\u8272\u5167\u8932"
        },
        {
            "reply_id": "UgzhgbTyt4hgDfwDJjV4AaABAg",
            "reply_content": "\u5f8c\u9762\u73bb\u7483\u53cd\u5c04\u9084\u6709\u7b2c\u4e09\u500b\u4eba\uff1f\ud83d\ude2e"
        }
    ]
}