{
    "video_info": {
        "id": "Fepg_aeJcTw",
        "channelTitle": "\u773e\u91cf\u7d1aCROWD",
        "title": "\u9ad8\u751c\u7cfb\u64c1\u62b1 \u751c\u55ce\uff1f\ud83e\udec2\ud83d\udc95#\u773e\u91cf\u7d1acrowd #\u6e05\u6de8\u8fb2\u5834",
        "description": "",
        "likeCount": "2653",
        "commentCount": "34",
        "viewCount": "81293"
    },
    "comments": [
        {
            "reply_id": "UgzP8owpJZPYJTeBFtx4AaABAg",
            "reply_content": "\u63aa\u4e0d\u53ca\u9632\u7684\u72d7\u7ce7\u54c8\u54c8\uff01\u597d\u751c\u2764"
        },
        {
            "reply_id": "UgyB5XWCj-VXNTYWhKV4AaABAg",
            "reply_content": "\u751c"
        },
        {
            "reply_id": "Ugwm5ULgWL5UrRUgDWF4AaABAg",
            "reply_content": "\u554a\u554a\u554a\u554a\u554a\u554a\u554a\u554a\u554a\u554a\u554a\u554a\u554a\u554a\u554a\u554a\u554a\u554a\u554a\u554a\u554a\u554a\u554a\u554a\u554a\u554a\u554a\u554a\u554a\u554a\u554a\u554a\u554a\u554a\u554a\u554a\u554a\u554a\u554a\u554a\u554a\u554a\u554a\u554a\u554a\u554a\u554a\u554a\u554a\u554a\u554a\u554a\u554a\u554a\u554a\u554a\u554a\u554a\u554a\u554a\u554a"
        },
        {
            "reply_id": "UgxqChRf-uiom--3Gnl4AaABAg",
            "reply_content": "\u9019\u9996\u6b4c\u53eb\u4ec0\u9ebc\uff1f"
        },
        {
            "reply_id": "UgyYa2sT1JrdrAFDmVp4AaABAg",
            "reply_content": "\u6e05\u5883 \u9ad8\u7a7a\u6b65\u9053"
        },
        {
            "reply_id": "UgzW2Ul7SwuI5ON10sN4AaABAg",
            "reply_content": "\u6211\u7684\u773c\u775b\u5feb\u88ab\u9583\u778e\u4e86\uff01"
        },
        {
            "reply_id": "UgyYYngJc64KRJXWW9R4AaABAg",
            "reply_content": "\u8d95\u5feb\u5206\u624b\u5427 \u5973\u751f\u503c\u5f97\u66f4\u597d\u7684"
        },
        {
            "reply_id": "UgzrRXGOpLpNVwqsUQ14AaABAg",
            "reply_content": "\u611f\u89ba\u6709\u4ec0\u9ebc\u6771\u897f\u9583\u5230\u6211\u7684\u773c\u775b"
        },
        {
            "reply_id": "Ugy3rpyxgnbXKTeCm4N4AaABAg",
            "reply_content": "\u771f\u597d\u963f\u54c8\u54c8\u54c8"
        },
        {
            "reply_id": "Ugw36YTTrfYXYILB6eZ4AaABAg",
            "reply_content": "\u756b\u9762\u662f\u767d\u7684\u5594\n\u4e0a\u50b3\u932f\u4e86"
        },
        {
            "reply_id": "Ugz17abysGBDhrZpOUt4AaABAg",
            "reply_content": "\u600e\u9ebc\u756b\u9762\u662f\u767d\u8272\u7684\ud83d\ude2e"
        },
        {
            "reply_id": "Ugy3VppliDZMLHkS-_p4AaABAg",
            "reply_content": "\u524d\u6392"
        }
    ]
}