{
    "video_info": {
        "id": "FG0olVkFFlY",
        "channelTitle": "\u773e\u91cf\u7d1aCROWD",
        "title": "\u624b\u4f5c\u60c5\u4eba\u7bc0\u9a5a\u559c\u79ae\u7269\ud83c\udf81\u63a5\u9023\u7684\u60e1\u6574\u5973\u53cb\u6012\u65a5\uff1a\u5c31\u662f\uff38\uff38\uff01\u3010\u773e\u91cf\u7d1aCROWD\u3011",
        "description": "\u2b50\u52a0\u5165\u6211\u5011\u7684YouTube\u6703\u54e1\uff1ahttps://pse.is/U8GDQ\n\ud83d\udc49\u6703\u54e1\u4ecb\u7d39\u5f71\u7247\uff1ahttps://reurl.cc/rlvEKx\n\n\u27a1\u8a02\u95b1YouTube\u3010\u773e\u91cf\u7d1aCROWD x FUN\u751f\u6d3b-\u7b2c\u4e8c\u983b\u9053\u3011\nhttps://is.gd/4dSkyk \n\u27a1\u8a02\u95b1YouTube\u3010\u5bb6\u5be7+0\u3011\nhttps://is.gd/lcdma4 \n\u27a1\u8a02\u95b1YouTube\u3010Andy\u8001\u5e2b\u3011 \nhttps://is.gd/laVony\n------------------------------------------------------------------------------------\n\u27a1FB\u3010\u773e\u91cf\u7d1aCROWD\u3011\nhttps://www.facebook.com/etman0909/\n\u27a1FB\u3010\u5bb6\u5be7+0\u3011\nhttp://bit.ly/29PljQA\n\u27a1FB\u3010Andy\u8001\u5e2b\u3011\nhttp://bit.ly/29JkGYS\n------------------------------------------------------------------------------------\n\u27a1IG\u3010\u773e\u91cf\u7d1aCROWD\u3011\nhttps://www.instagram.com/crowd520/?hl=zh-tw\n------------------------------------------------------------------------------------\n\u27a1\u7f8e\u62cd\u3010\u4f17\u91cf\u7ea7CROWD\u3011\nhttp://www.meipai.com/user/1048418678\n------------------------------------------------------------------------------------\n\u27a1\u5fae\u535a\u3010\u4f17\u91cf\u7ea7CROWD\u3011\nhttp://www.weibo.com/6067696343/profi...\n\n\u27a1\u8a02\u95b1YouTube\u3010\u773e\u91cf\u7d1aCROWD\u3011\nhttps://is.gd/JgIQw6\n\n\u5de5\u4f5c\u9080\u7d04\u8acb\u6d3d\uff1aqunhaient@gmail.com\n\n#\u6574\u4eba#\u773e\u91cf\u7d1aCROWD#\u60c5\u4eba\u7bc0",
        "likeCount": "4067",
        "commentCount": "84",
        "viewCount": "188065"
    },
    "comments": [
        {
            "reply_id": "Ugzl8W_XBEGeQ5_CmVd4AaABAg",
            "reply_content": "\u7e3d\u4e4b\uff0c\u4f60\u5011\u8996\u91ce\u4e0d\u4e00\u6a23\u4e86\n\u5f88\u6b98\u9177\u7684\u5c31\u662f\uff0c\u7537\u65b9\u6709\u6642\u5019\u4e00\u76f4\u5b88\u8b77\u8457\u9019\u500b\u5973\u7684\uff0c\u4f46\u662f\u80fd\u529b\u8ffd\u4e0d\u4e0a\u5973\u65b9\u7684\u773c\u754c\uff0c\u5973\u65b9\u5e74\u7d00\u5230\u4e86\uff0c\u6216\u662f\u773c\u754c\u958b\u4e86\uff0c\u5c31\u662f\u62f1\u624b\u9001\u4eba\u7684\u6642\u5019"
        },
        {
            "reply_id": "Ugx9ToXRyekC7z-Yjql4AaABAg",
            "reply_content": "\u611f\u89ba\u7537\u65b9\u5f88\u8ce3\u529b\u8a0e\u597d\u5973\u65b9\uff0c\u96d6\u8aaa\u662f\u4f01\u5283\uff0c\u4f46\u9019\u7a2e\u8ce3\u529b\u5be6\u5728\u770b\u5f97\u51fa\u4f86\u3002\u4e00\u822c\u90fd\u662f\u5176\u4e2d\u4e00\u65b9\u8aaa\uff0c\u201c\u6211\u6c92\u611f\u89ba\u4e86\u201c\uff0c\u53e6\u4e00\u65b9\u958b\u59cb\u7528\u76e1\u52aa\u529b\u638f\u611b\u7684\u73fe\u8c61"
        },
        {
            "reply_id": "UgxY8_et7W-cXMc9U9l4AaABAg",
            "reply_content": "\u4e0d\u77e5\u4e0d\u89ba\u5c31\u904e\u4e86\u56db\u5e74\u5566 \u54c7\u6642\u9593\u4e5f\u904e\u592a\u5feb\u4e86\u5427 \u4e0a\u4e00\u6b21\u770b\u4f60\u5011\u7684\u5f71\u7247\u5c31\u662f\u56db\u5e74\u524d\u4e86\u5427 \u5f88\u958b\u5fc3\u770b\u5230\u4f60\u5011\u73fe\u5728\u9019\u9ebc\u5e78\u798f \u8b8a\u5e25&\u8b8a\u7f8e\u4e86\ud83d\udc97"
        },
        {
            "reply_id": "UgwKHwH7lIdfOQ_Nz154AaABAg",
            "reply_content": "\u8fd8\u662f\u5f88\u5047\uff0c\u4e3a\u4ec0\u4e48\u9009\u7684\u7167\u7247\u90fd\u4e0d\u662f\u90a3\u79cd\u79c1\u5e95\u4e0b\u4eb2\u5bc6\u7684\u7167\u7247\u4e5f\u662f\u5f71\u7247\u91cc\u9762\u7684\u4e00\u4e9b\u9020\u578b\uff0c\u4e00\u5f20\u4eb2\u4eb2\u7684\u7167\u7247\u90fd\u6ca1\u6709"
        },
        {
            "reply_id": "UgxBVLKl6VK658is2w94AaABAg",
            "reply_content": "\u611f\u89ba\u6c92\u4ee5\u524d\u90a3\u7a2e\u771f\u5be6\u7684\u611f\u89ba"
        },
        {
            "reply_id": "UgzhpkG3eTHNZ8ykGQF4AaABAg",
            "reply_content": "\u8b9a"
        },
        {
            "reply_id": "UgxnwaL23_CBg6ITZht4AaABAg",
            "reply_content": "\u4f46\u5982\u679c\u662f\u6211\u6211\u4e5f\u6703\u671f\u5f85\u5973\u751f3\uff0f14\u56de\u9001\u79ae\u7269 \u4e0d\u77e5\u9053\u5bb6\u5be7\u5728\u7bc0\u76ee\u5c3e\u8072\u554f\u90a3\u53e5\u662f\u4e0d\u662f\u55ae\u7d14\u53ea\u662f\u70ba\u4e86\u7bc0\u76ee\u6548\u679c"
        },
        {
            "reply_id": "UgwwkppxaXrkvblvdMJ4AaABAg",
            "reply_content": "\u751c\u871c\u554a"
        },
        {
            "reply_id": "Ugyo4w-8ff1AIj-8h9J4AaABAg",
            "reply_content": "\u60f3\u8a62\u554f\u6709\u6c92\u6709\u8ddf\u5f71\u7247\u4e00\u6a23\u7684\u76f8\u6846\u7db2\u5740\ud83e\udd79"
        },
        {
            "reply_id": "UgxfzyvopXl_wDMptmx4AaABAg",
            "reply_content": "\u62dc\u8a17\u2026\u59b3\u503c\u5f97\u66f4\u597d\u7684\u7537\u4eba\uff01\u6839\u672c\u4e0d\u642d"
        },
        {
            "reply_id": "UgyaKAsbk2RSjsP5Z_R4AaABAg",
            "reply_content": "\u5047"
        },
        {
            "reply_id": "UgxGlcVPNBysadHyFVJ4AaABAg",
            "reply_content": "\u8acb\u554f\u54ea\u88e1\u8cb7\u90a3\u9ebc\u5927\u7684\u6728\u6846@@"
        },
        {
            "reply_id": "UgwVVdDpYJtWS9SEzGB4AaABAg",
            "reply_content": "\u597d\u8272\u5594\n\u597d\u8272\u5594"
        },
        {
            "reply_id": "UgykPOwG2CdjdsNckFJ4AaABAg",
            "reply_content": "\u600e\u9ebc\u53c8\u56de\u5230\u820a\u5bb6\u4e86\uff1f"
        },
        {
            "reply_id": "UgzX8q6EJcyp8uZ6Twl4AaABAg",
            "reply_content": "\u60f3\u554f\u76ae\u819a\u70ba\u4f55\u8b8a\u90a3\u9ebc\u597d\u6709\u4ec0\u9ebc\u79d8\u8a23\u55ce"
        },
        {
            "reply_id": "Ugwpu_5Sx5W0w2b1BN14AaABAg",
            "reply_content": "\u62cd\u7acb\u5f97\u5728\u54ea\u88e1\u7528\u7684"
        },
        {
            "reply_id": "UgwAoDxHJzCqsLfNiuh4AaABAg",
            "reply_content": "\u76f8\u6846\u771f\u7684\u597d\u6709\u5fc3\u597d\u7f8e\u2764"
        },
        {
            "reply_id": "UgzlhDH7l9amoX3XCmR4AaABAg",
            "reply_content": "\u624b\u4f5c\u4e4b\u6240\u4ee5\u73cd\u8cb4 \u662f\u56e0\u70ba\u4ed6\u628a\u751f\u547d\u7684\u4e00\u5c0f\u6bb5\u6642\u5149\u9727\u5316\u6210\u4e86\u4f5c\u54c1\u7d66\u4f60"
        },
        {
            "reply_id": "UgwhyWQFyY1vKCgc5Ep4AaABAg",
            "reply_content": "\u6709\u6a5f\u6703\u60f3\u770b\u4f60\u5011\u518d\u62cd\u4e00\u96c6\u4e00\u65e5\u4fdd\u6bcd\uff5e"
        },
        {
            "reply_id": "UgxWiHkGb0mPo0ycGuR4AaABAg",
            "reply_content": "\u5e0c\u671b\u5206\u624b\u4e86\u5c31\u8ddf\u5927\u5bb6\u5766\u627f"
        }
    ]
}