{
    "video_info": {
        "id": "flYArxGXBYA",
        "channelTitle": "\u773e\u91cf\u7d1aCROWD",
        "title": "\u5973\u5b69\u5011\u90fd\u96e3\u4ee5\u63a5\u53d7\u7684\u9ede\uff01\uff1f\u5077\u7528\u5973\u53cb\u7684\u79c1\u5bc6\u7269\u54c1\u4e94\u5929 \u5979\u6703\u767c\u73fe\u55ce\uff1f\u3010\u773e\u91cf\u7d1aCROWD\u3011",
        "description": "Ulike\u85cd\u5bf6\u77f3\u51b0\u9ede\u9664\u6bdb\u5100\uff0c\u7537\u751f\u5973\u751f\u90fd\u80fd\u7528\u7684\u5c45\u5bb6\u9664\u6bdb\u5100\uff0c\u9069\u5408\u6709\u6bdb\u9aee\u56f0\u64fe\u7684\u670b\u53cb\uff0c\u652f\u6301\u8ca8\u4ed8\u54e6\n\n\u773e\u91cf\u7d1a\u7c89\u7d72\u7368\u5bb6\u512a\u60e0\u6298\u6263\u78bc\u3010ULIKEZLJ\u3011\u53ef\u4ee5\u984d\u5916\u6298\u6263\u53f0\u5e63600\uff0c\u99ac\u5e6340\uff0c\u65b0\u5e6320\uff01 \n\u8a02\u55ae\u88e1\u5099\u8a3b\u3010CROWD \u3011\u518d\u514d\u8cbb\u8d08\u9001\u4e00\u500b\u50f9\u503c1899\u96fb\u52d5\u6309\u6469\u6795\n\u5176\u4ed6\u8d08\u9001\u54c1\u9805\uff1a\u8606\u8588\u81a0*2  \u522e\u6bdb\u5200*1 \u8b77\u76ee\u93e1*1 \u96fb\u52d5\u7259\u5237*1\n\n\u6709\u8208\u8da3\u7684\u670b\u53cb\uff0c\u53ef\u4ee5\u900f\u904e\u4ee5\u4e0b\u7684\u93c8\u63a5\u53bb\u8cfc\u8cb7\u5594\uff5e\n\u53f0\u7063Ulike\u5b98\u7db2\uff1ahttps://bit.ly/3R1VHWf \uff08\u9019\u908a\u4e0d\u7528\u5099\u8a3b\u5373\u53ef\u5168\u9001\uff09\nMY shopee: https://bit.ly/3EnIr7m\nSG shopee: https://bit.ly/3g3Is74\n\n#Ulike\u9664\u6bdb\u5100 #UlikeAir3\n\n\u2b50\u52a0\u5165\u6211\u5011\u7684YouTube\u6703\u54e1\uff1ahttps://pse.is/U8GDQ\n\ud83d\udc49\u6703\u54e1\u4ecb\u7d39\u5f71\u7247\uff1ahttps://reurl.cc/rlvEKx\n\n\u27a1\u8a02\u95b1YouTube\u3010\u773e\u91cf\u7d1aCROWD x FUN\u751f\u6d3b-\u7b2c\u4e8c\u983b\u9053\u3011\nhttps://is.gd/4dSkyk \n\u27a1\u8a02\u95b1YouTube\u3010\u5bb6\u5be7+0\u3011\nhttps://is.gd/lcdma4 \n\u27a1\u8a02\u95b1YouTube\u3010Andy\u8001\u5e2b\u3011 \nhttps://is.gd/laVony\n------------------------------------------------------------------------------------\n\u27a1FB\u3010\u773e\u91cf\u7d1aCROWD\u3011\nhttps://www.facebook.com/etman0909/\n\u27a1FB\u3010\u5bb6\u5be7+0\u3011\nhttp://bit.ly/29PljQA\n\u27a1FB\u3010Andy\u8001\u5e2b\u3011\nhttp://bit.ly/29JkGYS\n------------------------------------------------------------------------------------\n\u27a1IG\u3010\u773e\u91cf\u7d1aCROWD\u3011\nhttps://www.instagram.com/crowd520/?hl=zh-tw\n------------------------------------------------------------------------------------\n\u27a1\u7f8e\u62cd\u3010\u4f17\u91cf\u7ea7CROWD\u3011\nhttp://www.meipai.com/user/1048418678\n------------------------------------------------------------------------------------\n\u27a1\u5fae\u535a\u3010\u4f17\u91cf\u7ea7CROWD\u3011\nhttp://www.weibo.com/6067696343/profi...\n\n\u27a1\u8a02\u95b1YouTube\u3010\u773e\u91cf\u7d1aCROWD\u3011\nhttps://is.gd/JgIQw6\n\n\u5de5\u4f5c\u9080\u7d04\u8acb\u6d3d\uff1aqunhaient@gmail.com\n\n#Ulike\u9664\u6bdb\u5100 #UlikeAir3#\u6574\u4ebaPRANK#\u773e\u91cf\u7d1aCROWD#\u5077\u7528\u5973\u53cb\u6771\u897f",
        "likeCount": "3334",
        "commentCount": "66",
        "viewCount": "219017"
    },
    "comments": [
        {
            "reply_id": "UgzU2slo197my0gB6k54AaABAg",
            "reply_content": "\u597d\u4e45\u6c92\u770b \u7a81\u7136\u56de\u4f86\u5bb6\u5be7\u5728\u983b\u5e55\u524d\u771f\u7684\u8b8a\u5f88\u591a0.0"
        },
        {
            "reply_id": "UgwovirSYjFgk9rIP7N4AaABAg",
            "reply_content": "\u8981\u7d50\u5a5a\u6c92"
        },
        {
            "reply_id": "UgyTMkSbR3uLBQvl6yd4AaABAg",
            "reply_content": "\u5609\u67cf\u9e97\u5de6\u908a\u90a3\u74f6\u99ac\u8e44\u9435\u5f62\u72c0\u7684\u662f\u611b\u99ac\u4ed5\u7684\u55ce?  \u5370\u8c61\u4e2d\u4e00\u74f6\u597d\u50cf\u7834\u842c\u7684\u6a23\u5b50?"
        },
        {
            "reply_id": "UgwHilXWk7wJSxi5pzN4AaABAg",
            "reply_content": "\u4f60\u5011\u6700\u597d\u7684\u9019\u7fa4\u4eba\u90fd\u8981\u4f11\u606f\u4e86\u4f60\u5011\u5462"
        },
        {
            "reply_id": "UgxoheUAtiIDFpJAn-R4AaABAg",
            "reply_content": "\u5bb6\u5be7\u6709\u767c\u73fe\u5316\u599d\u54c1\u88ab\u7528\u55ce\ud83d\ude02\ud83d\ude02"
        },
        {
            "reply_id": "UgyT4TK9LWusDjEqTLF4AaABAg",
            "reply_content": "\u73fe\u5728\u5df2\u7d93\u4e0d\u592a\u66f4\u65b0\u4e86\u55ce"
        },
        {
            "reply_id": "UgyPCbYRPsahhAkWbcB4AaABAg",
            "reply_content": "\u9664\u6bdb\u7684\u90a3\u4e2a\u8ba9\u6211\u6709\u5927\u80c6\u7684\u60f3\u6cd5\ud83d\ude42\ud83d\ude42"
        },
        {
            "reply_id": "UgxvNBXF1Ka_Q_M8ZkB4AaABAg",
            "reply_content": "\u597d\u58de"
        },
        {
            "reply_id": "Ugxc5hixEyGewyjI7YJ4AaABAg",
            "reply_content": "\u6c92\u4ee5\u524d\u770b\u7684\u6642\u5019\u5f88\u958b\u5fc3\u90a3\u7a2e\u611f\u89ba"
        },
        {
            "reply_id": "UgzAIEuX8Z5ZZe3pK494AaABAg",
            "reply_content": "\u53f0\u7063\u8cb7\u9664\u6bdb\u5100\u662f\u9055\u6cd5\u7684\u5594\n\u88ab\u6d77\u95dc\u6293\u5230\u662f\u8981\u7f70\u597d\u5e7e\u842c\u7684\n\u9084\u8981\u92b7\u6bc0\n\u81ea\u5df1\u4e0a\u7db2\u641c\u770b\u770b\u5f88\u591a\u4eba\u88ab\u7f70"
        },
        {
            "reply_id": "UgzK32qT0KNZFisW0SF4AaABAg",
            "reply_content": "\u958b\u982d\u7684\u662f\u5b0c\u862d\u7684\u5e73\u8861\u6cb9\u5594\ud83d\ude02\u88e1\u9762\u4e00\u9846\u4e00\u9846\u7684\u662f\u6c92\u85e5\u7684\u6210\u4efd"
        },
        {
            "reply_id": "UgwCwu5bevfye7xF6Bh4AaABAg",
            "reply_content": "\u70ba\u4ec0\u9ebc\u4f60\u5011\u6c92\u4e92\u76f8\u8fa8\u8b58\ud83d\ude02"
        },
        {
            "reply_id": "UgwP5U19u-YmiBzaHmF4AaABAg",
            "reply_content": "\u70ba\u4ec0\u9ebc\u6703\u4e0d\u77e5\u9053\u5bb6\u5be7\u7684\u5bc6\u78bc"
        },
        {
            "reply_id": "UgyCWKR2ad2U3NuiBxR4AaABAg",
            "reply_content": "\u5e0c\u671b\u8ddf\u4ee5\u524d\u4e00\u6a23\u5e38\u66f4\u65b0\ud83d\ude0a"
        },
        {
            "reply_id": "UgwrNPZDliA2uH2QcUV4AaABAg",
            "reply_content": "\u600e\u9ebc\u9084\u5728\u6f14"
        },
        {
            "reply_id": "Ugw1oOgOJwKcjcmhF3R4AaABAg",
            "reply_content": "\u8b1d\u8b1d\u4f60\u5011\u63a8\u85a6\uff0c\u6211\u771f\u7684\u5c0d\u6bdb\u6bdb\u597d\u56f0\u64fe\uff0c\u525b\u525b\u5df2\u7d93\u4e0b\u55ae\u5566\uff5e\u7b49\u5f85\u7c89\u8272\u9664\u6bdb\u6a5f\u5230\u4f86\ud83e\udd70\uff08\u5077\u5077\u8aaa\u6211\u5e73\u5e38\u90fd\u8981\u60f3\u597d\u4e45\u624d\u6703\u4e0b\u55ae\u7684\uff0c\u662f\u56e0\u70ba\u5bb6\u5be7\u63a8\u85a6\u7684\u95dc\u4fc2\u5594\uff5e"
        },
        {
            "reply_id": "Ugy_bamm92heCMhp8FR4AaABAg",
            "reply_content": "\u60f3\u554f\u4e00\u4e0b\u300c\u4e0d\u5c0f\u5fc3\u300d\u53c8\u5077\u5077\u7528\u662f\u600e\u6a23\n\u5c31\u5df2\u7d93\u5077\u5077\u7528\u4e86\u9084\u6709\u4e0d\u5c0f\u5fc3\u7684\u5594\ud83e\udd23"
        },
        {
            "reply_id": "UgwNRw7D4uqGHeBViPZ4AaABAg",
            "reply_content": "\u539f\u4f86\u5927\u5bb6\u90fd\u89ba\u5f97\u5ba2\u5ef3\u6c99\u767c\u5f88\u91cd\u8981\uff0c\u6c92\u6709\u6c99\u767c\u5c31\u6c92\u6709\u5bb6\u7684\u611f\u89ba\u22ef\u22ef"
        },
        {
            "reply_id": "UgxUA_yWmAQP-ZyA4wx4AaABAg",
            "reply_content": "\u9304\u5f71\u8a2d\u5099\u6642\u4e0d\u662f\u6709\u63db\u904e\uff0c\u600e\u9ebc\u611f\u89ba\u756b\u8cea\u63d0\u5347\u4e86\u4e00\u500b\u6a94\u6b21"
        },
        {
            "reply_id": "UgwNtBlmg6N5U7Uf8_B4AaABAg",
            "reply_content": "\u611f\u8b1d\u773e\u91cf\u7d1a\u5206\u4eab\uff01"
        }
    ]
}