{
    "video_info": {
        "id": "G3Q-FNz5nAg",
        "channelTitle": "\u773e\u91cf\u7d1aCROWD",
        "title": "Tag\u534a\u591c\u627e\u4f60\u7d22\u547d\u7684\u9913\u6b7b\u9b3c\ud83d\udc80#\u773e\u91cf\u7d1acrowd #\u5916\u9001 #\u5bb6\u4eba\u5011\u8ab0\u61c2\u554a \u65e5",
        "description": "#\u5916\u9001",
        "likeCount": "1030",
        "commentCount": "12",
        "viewCount": "30848"
    },
    "comments": [
        {
            "reply_id": "UgywqHs9tM6s05MgynN4AaABAg",
            "reply_content": "\u88ab\u52a0\u5be7\u9019\u500b\u9913\u9b3c\u6514\u622a\u55ce\uff1f\u5f88\u6b63\u5e38"
        },
        {
            "reply_id": "UgxGMHNdYnUZ3JD5TuF4AaABAg",
            "reply_content": "\u592d\u58fd\u5594\uff5e\u8de8\u4e1f\u9b3c"
        },
        {
            "reply_id": "Ugy5YLxE9uEB1zitxXZ4AaABAg",
            "reply_content": "\u54c8\u54c8\uff0c\u88ab\u9913\u6b7b\u9b3c\u6293\u5305\u4e86\uff0c\u8981\u8dea\u72fc\u7259\u68d2\u4e86\ud83d\ude02"
        },
        {
            "reply_id": "UgymT_yg-h2TzjE5-654AaABAg",
            "reply_content": "\u9084\u6c92\u5077\u5403 \u5c31\u7d50\u675f\u4e86\uff01"
        }
    ]
}