{
    "video_info": {
        "id": "gbwl29QUTyM",
        "channelTitle": "\u773e\u91cf\u7d1aCROWD",
        "title": "Fun ways to interact with friends\ud83e\udd2dTag\u4f60\u62c9\ud83d\udca9\u7b2c\u4e00\u540d\u7684\u670b\u53cb\u4e00\u8d77\u62cd\uff01",
        "description": "#\u60c5\u4fb6 #\u60c5\u4fb6\u651d\u5f71 #\u773e\u91cf\u7d1acrowd #andy\u8001\u5e2b #\u5bb6\u5be7 #\u842c\u8056\u7bc0 #halloween",
        "likeCount": "228",
        "commentCount": "3",
        "viewCount": "7202"
    },
    "comments": [
        {
            "reply_id": "Ugw9OkJIbdKDiig19B14AaABAg",
            "reply_content": "\u4f60\u4eec\u592a\u6709\u521b\u610f\u8fd9\u6837\u7684\u4e1c\u897f\u4e5f\u60f3\u5230 \u54c8\u54c8\u54c8"
        },
        {
            "reply_id": "UgxffBYtjsZ_uLT81GF4AaABAg",
            "reply_content": "\u5b8c\u4e86\u8981\u68d2\u8cfd\u6050\u61fc\u4e86"
        },
        {
            "reply_id": "Ugzf06ZEppvL_m22O-h4AaABAg",
            "reply_content": "\u4f60\u4eec\u73b0\u5728\u51e0\u5c81\u5440\ud83d\ude0a"
        }
    ]
}