{
    "video_info": {
        "id": "gXEfkS29h3M",
        "channelTitle": "\u773e\u91cf\u7d1aCROWD",
        "title": "\u9019\u662f\u5fc3\u52d5\u7684\u611f\u89ba\u6c92\u932f\u5427\ud83d\udc93#\u773e\u91cf\u7d1acrowd",
        "description": "",
        "likeCount": "4848",
        "commentCount": "54",
        "viewCount": "211141"
    },
    "comments": [
        {
            "reply_id": "UgxUlL_eh7eU913c9Yt4AaABAg",
            "reply_content": "\u6211\u4ee5\u70ba\u5f8c\u9762\u6703\u8aaa\u554a\u662f\u4e0d\u7528\u8aaa\u5c0d\u4e0d\u8d77\u5594\ud83d\ude02"
        },
        {
            "reply_id": "Ugy2lhekU1efXNmgsU54AaABAg",
            "reply_content": "\u70ba\u4ec0\u9ebc\u4ed6\u8981\u8dcc\u5012\ud83d\ude02"
        },
        {
            "reply_id": "UgwllB3BaMD2mGnZFFh4AaABAg",
            "reply_content": "\u9019\u9ebc\u5922\u5e7b"
        },
        {
            "reply_id": "Ugy2FCLqSappwre0ZTd4AaABAg",
            "reply_content": "\u6211\u4ee5\u70ba\u6709\u53cd\u8f49\n\u5f04\u6bbax"
        },
        {
            "reply_id": "UgyqTxHrYWuSyTCsxfd4AaABAg",
            "reply_content": "\u8001\u5e2b\u773c\u795e\u597d\u50cf\u75f4\u6f22\ud83e\udd24"
        },
        {
            "reply_id": "UgxIFzKX8RSQNnECADB4AaABAg",
            "reply_content": "\u8d95\u5feb\u5206\u624b\u5427 \u5973\u751f\u503c\u5f97\u66f4\u597d\u7684\uff01"
        },
        {
            "reply_id": "UgwjvfIHGbAR2VHwsu14AaABAg",
            "reply_content": "\u5e25"
        },
        {
            "reply_id": "UgwzqO7-9JqvFZYt3yl4AaABAg",
            "reply_content": "\u671f\u5f85\u4f60\u5011\u53ef\u4ee5\u7d50\u5a5a\u4e86"
        },
        {
            "reply_id": "UgxprM2wYinLnRI09sN4AaABAg",
            "reply_content": "\u80cc\u666f\u662f\u4ec0\u9ebc\u97f3\u6a02"
        },
        {
            "reply_id": "UgwJC-O2i00K2XzCzch4AaABAg",
            "reply_content": "\u9019\u662f\u5144\u59b9\u55ce\uff1f"
        },
        {
            "reply_id": "UgxIrqN4eJZYDHot2cx4AaABAg",
            "reply_content": "\u6700\u8fd1\u597d\u653e\u9583\ud83e\udd70"
        },
        {
            "reply_id": "UgyUjbuJbyjtURX8PKB4AaABAg",
            "reply_content": "\u591c\u66f2"
        },
        {
            "reply_id": "UgxSHg3fvsKxmNBhmOd4AaABAg",
            "reply_content": "\u504f\u5de6"
        },
        {
            "reply_id": "Ugxg5LPEGpKOMakxR594AaABAg",
            "reply_content": "\u7537\u751f\u96de\u96de\u5f88\u660e\u986f\u5f88\u5927"
        },
        {
            "reply_id": "UgybWaaLw0jvnE13tFB4AaABAg",
            "reply_content": "\u6211\u4ee5\u70ba\u5f8c\u52c1\u662f\u80a9\u8180\u6703\u6709\u7c89\u5657\u7159\u9727\u7684\u6548\u679c\u3002"
        },
        {
            "reply_id": "Ugz4pTZPaaWVxRPqhid4AaABAg",
            "reply_content": "\u5f88\u5047"
        },
        {
            "reply_id": "UgyZL44RnqZ1A76ekft4AaABAg",
            "reply_content": "\u9084\u6c92\u5206\u624b\u5594"
        },
        {
            "reply_id": "UgygX6p8liMKrPYCxjx4AaABAg",
            "reply_content": "\u6628\u5929\u4e0b\u53481\u9ede\u591a\u5728\u4e09\u5275\u5916\u6709\u770b\u5230Andy\u8001\u5e2b\u8ddf\u5bb6\u5be7\u5728\u62cd\u96d9\u98a8\u5473\u6c23\u6ce1\u98f2 \u611f\u89ba\u6200\u611b\u4e86"
        },
        {
            "reply_id": "UgwyeK2z0zzTK33pdJR4AaABAg",
            "reply_content": "\u62cd\u5f97\u5f88\u6709\u611f\u89ba"
        },
        {
            "reply_id": "UgwlB79NQuvACobeLCp4AaABAg",
            "reply_content": "\u4ea4\u5f80\u9019\u9ebc\u4e45\u9084\u6703\u9019\u6a23\u5fc3\u52d5\u7684\u55ce\ud83d\ude0f"
        }
    ]
}