{
    "video_info": {
        "id": "HacI_URj84w",
        "channelTitle": "\u773e\u91cf\u7d1aCROWD",
        "title": "\u7576\u4f60\u89ba\u5f97\u5973\u53cb\u9700\u8981\u8a87\u734e\u6642\uff0c\u4f60\u53ef\u4ee5\u9019\u6a23\u505a...#\u773e\u91cf\u7d1acrowd @andy0623 @ning030999",
        "description": "",
        "likeCount": "10038",
        "commentCount": "46",
        "viewCount": "331467"
    },
    "comments": [
        {
            "reply_id": "UgyxhpYlRz6fifbvhH14AaABAg",
            "reply_content": "\u5bb6\u6ab8\u7684\u80f8\u90e8\u4e5f\u6c92\u6709\u5f88\u5927\u554a"
        },
        {
            "reply_id": "Ugyt-Pr6IJpVAhUwT194AaABAg",
            "reply_content": "\u5bb6\u5be7\uff1a\u8001\u5a18\u7684\u9b45\u529b\u7121\u9650\u5927"
        },
        {
            "reply_id": "Ugzi1pEqdBKfwAL9u014AaABAg",
            "reply_content": "\u4f60\u4e0d\u6015\u88ab\u4f60\u5973\u670b\u53cb\u7f75\u55ce\uff1f"
        },
        {
            "reply_id": "Ugy4OhpmrHnv9H1KPuZ4AaABAg",
            "reply_content": "\u6700\u5f8c\u9084\u662f\u770b\u4e86\ud83d\ude02"
        },
        {
            "reply_id": "UgymEIvcRI9gLuk6RTR4AaABAg",
            "reply_content": "\u9019\u6a23\u7684\u7f8e\u5973\u6bcf\u500b\u7537\u751f\u90fd\u6703\u5931\u6557\ud83d\ude02\ud83d\ude02\ud83d\ude02"
        },
        {
            "reply_id": "UgxyoUQvhAAGBdCPGqx4AaABAg",
            "reply_content": "\u5bb6\u5be7\u7684\u982d\u9aee\u600e\u9ebc\u4e86\uff1f\u70ba\u4ec0\u9ebc\u8981\u7528\u767d\u8272\u7684\u6771\u897f\u5305\u4f4f\uff1f"
        },
        {
            "reply_id": "UgwLNxlr_jgF5JBjtMd4AaABAg",
            "reply_content": "\u624d\u525b\u958b\u59cb\u5c31\u5931\u6557\u4e86\ud83d\ude02"
        },
        {
            "reply_id": "UgzcfR8azyk4Ezg5hGd4AaABAg",
            "reply_content": "\u54c8\u54c8\u54c8\u592a\u597d\u7b11\u4e86"
        },
        {
            "reply_id": "UgyyZndB63MBLs_-_pZ4AaABAg",
            "reply_content": "\u597d\u8fa3"
        },
        {
            "reply_id": "Ugz9LyTlc4hsTMin4Ft4AaABAg",
            "reply_content": "\u61c9\u8a72\u4e0d\u662f365\u5929\u6311\u6230\u4e0d\u770b\u7f8e\u5973\u662f\u5341\u79d2\u6311\u6230\u4e0d\u770b\u7f8e\u5973"
        },
        {
            "reply_id": "UgybL4XOmyxDklcDeQx4AaABAg",
            "reply_content": "\u6709\u5920\u5e73\u9084\u9ed1\u8a92\uff0c\u5f8c\u9762\u7684\u7246\ud83d\ude22"
        },
        {
            "reply_id": "UgymXAqchme0uQCPpx54AaABAg",
            "reply_content": "\u4f60\u7684\u5973\u7c89\u7d72\u5c31\u662f\u7f8e\u5973\uff01"
        },
        {
            "reply_id": "UgzRTLtKtOLbnRIQZ7N4AaABAg",
            "reply_content": "\u6210\u529f\u7684\u958b\u59cb"
        },
        {
            "reply_id": "UgyTqoHnvRf2l1mA87l4AaABAg",
            "reply_content": "\u4e00\u5f00\u59cb\u5c31\u8f93\u4e86\u56e0\u4e3a\u6709\u7f8e\u5973\u5728\u770b\u4f60\u7684\u89c6\u9891\u800c\u4f60\u6b7b\u6b7b\u7684\u770b\u7740\u5c4f\u5e55\ud83c\udf1a"
        },
        {
            "reply_id": "Ugyrc3BqKXl6D3-uMB54AaABAg",
            "reply_content": "\u5f88\u96e3\u5594"
        },
        {
            "reply_id": "Ugz83Yo733KGVid6ndZ4AaABAg",
            "reply_content": "\u8a72\u903c\u6709\u9ede\u9ed1\u9ed1\u7684\u5594"
        },
        {
            "reply_id": "UgykfZ3HIQvur_X8aLl4AaABAg",
            "reply_content": "\u5065\u5eb7\u7684\u9ed1\u8272\uff01"
        },
        {
            "reply_id": "UgzsWyvvsNDKgdc5sWt4AaABAg",
            "reply_content": "\u90a3\u500b\u662f\u8594\u8594\u55ce\ud83d\ude02"
        },
        {
            "reply_id": "Ugx5JRffKzNVJ7-Se4R4AaABAg",
            "reply_content": "\u9ed1\u76ae\u819a\u600e\u9ebc\u4e86\uff1f \u6211\u89ba\u5f97\u633a\u53ef\u611b\uff0c\u883b\u597d\u7684\u554a\uff0c\u91cd\u9ede\u662f\u4ed6\u5011\u559c\u6b61\u5c31\u597d\uff0c\u8a71\u8aaa\u4f60\u5011\u4f55\u6642\u7d50\u5a5a\ud83d\ude02"
        },
        {
            "reply_id": "UgzRkfTtJUo9ijXX5ZN4AaABAg",
            "reply_content": "\u70ba\u4ec0\u9ebc\u8981\u5f04\u6210\u9ed1\u9ed1\u7684"
        }
    ]
}