{
    "video_info": {
        "id": "HgDhMP8uoBY",
        "channelTitle": "\u773e\u91cf\u7d1aCROWD",
        "title": "\u50b3\u7d66\u4f60\u5973\u53cb\u770b\uff01\u4ee5\u5f8c\u4e0d\u6703\u70ba\u4e86\u62cd\u7167\u5435\u67b6\u4e86\ud83d\ude07#\u62cd\u7167\u6280\u5de7 #gucci #horsebit1955#\u773e\u91cf\u7d1acrowd #andy\u8001\u5e2b #\u5bb6\u5be7",
        "description": "",
        "likeCount": "273",
        "commentCount": "1",
        "viewCount": "7324"
    },
    "comments": [
        {
            "reply_id": "UgzdqgOrk7E6PEfTel14AaABAg",
            "reply_content": "\u770b\u5f97\u51fa\u9023\u7e8c\u6309\uff1f\u5c0d\u5427\uff1f"
        }
    ]
}