{
    "video_info": {
        "id": "I7dw6fAbtFE",
        "channelTitle": "\u773e\u91cf\u7d1aCROWD",
        "title": "\u6211\u5011\u6c7a\u5b9a\u53bb\u6236\u653f\u4e8b\u52d9\u6240\u2026\u3010\u773e\u91cf\u7d1aCROWD\u3011",
        "description": "Andy\u8001\u5e2b\uff1a\u300c\u7d42\u65bc\u7b49\u5230\u9019\u5929\u4e86\ud83e\udd70\u300d\n\u5bb6\u5be7+0\uff1a\u300c\u597d\u751c\u871c \u6eff\u662f\u7c89\u7d05\u6ce1\u6ce1~\u300d\n\n\u7d50\u5a5a\u80cc\u677f\u7adf\u7136\u9084\u6709\u62bd\u734e\u6d3b\u52d5\u6b38 .\u141f.\u141f \n\u7b2c\u4e00\u6ce2\u62bd\u734e\n\u2763\ufe0f \u6d3b\u52d5\u8d08\u54c1\uff1aIPHONE 13 128G\uff081\u540d\uff09\u3001\u9ad8\u96c4\u82f1\u72c4\u683c\u9152\u5e971\u6cca2\u98df\uff081\u540d\uff09\n\u2763\ufe0f \u6d3b\u52d5\u671f\u9593\uff1a\u5373\u65e5\u8d77 \u81f3 2022.08.30\uff08\u4e8c\uff0923:59 \u622a\u6b62\n\u7b2c\u4e8c\u6ce2\u62bd\u734e\n\u2763\ufe0f \u6d3b\u52d5\u8d08\u54c1\uff1aGogoro VIVA BASIC\uff081\u540d\uff09\n\u2763\ufe0f \u6d3b\u52d5\u671f\u9593 : 08.17 \u81f3 2022.09.15\uff08\u56db\uff0923:59 \u622a\u6b62\n\u62bd\u734e\u8a73\u60c5\u8acb\u53c3\u8003\ud83d\udd17https://reurl.cc/qNmj5q\n\n\u2591 \u9ad8\u96c420\u5340\u6236\u6240\u8cc7\u8a0a \u2591\n\u27a0 \u6539\u9020\u8a73\u7d30\u5730\u5740\u8acb\u53c3\u7167\u5b98\u7db2\n\ud83d\udd17https://twdesign.tw/exhibition-view/17\n\n\u2b50\u52a0\u5165\u6211\u5011\u7684YouTube\u6703\u54e1\uff1ahttps://pse.is/U8GDQ\n\ud83d\udc49\u6703\u54e1\u4ecb\u7d39\u5f71\u7247\uff1ahttps://reurl.cc/rlvEKx\n\n\u27a1\u8a02\u95b1YouTube\u3010\u773e\u91cf\u7d1aCROWD x FUN\u751f\u6d3b-\u7b2c\u4e8c\u983b\u9053\u3011\nhttps://is.gd/4dSkyk \n\u27a1\u8a02\u95b1YouTube\u3010\u5bb6\u5be7+0\u3011\nhttps://is.gd/lcdma4 \n\u27a1\u8a02\u95b1YouTube\u3010Andy\u8001\u5e2b\u3011 \nhttps://is.gd/laVony\n------------------------------------------------------------------------------------\n\u27a1FB\u3010\u773e\u91cf\u7d1aCROWD\u3011\nhttps://www.facebook.com/etman0909/\n\u27a1FB\u3010\u5bb6\u5be7+0\u3011\nhttp://bit.ly/29PljQA\n\u27a1FB\u3010Andy\u8001\u5e2b\u3011\nhttp://bit.ly/29JkGYS\n------------------------------------------------------------------------------------\n\u27a1IG\u3010\u773e\u91cf\u7d1aCROWD\u3011\nhttps://www.instagram.com/crowd520/?hl=zh-tw\n------------------------------------------------------------------------------------\n\u27a1\u7f8e\u62cd\u3010\u4f17\u91cf\u7ea7CROWD\u3011\nhttp://www.meipai.com/user/1048418678\n------------------------------------------------------------------------------------\n\u27a1\u5fae\u535a\u3010\u4f17\u91cf\u7ea7CROWD\u3011\nhttp://www.weibo.com/6067696343/profi...\n\n\u27a1\u8a02\u95b1YouTube\u3010\u773e\u91cf\u7d1aCROWD\u3011\nhttps://is.gd/JgIQw6\n\n\u5de5\u4f5c\u9080\u7d04\u8acb\u6d3d\uff1aqunhaient@gmail.com\n\n#\u6236\u653f\u4e8b\u52d9\u6240#\u773e\u91cf\u7d1aCROWD#\u60c5\u4fb6",
        "likeCount": "7373",
        "commentCount": "266",
        "viewCount": "367668"
    },
    "comments": [
        {
            "reply_id": "UgyxJdYd5SpGBW_XzSx4AaABAg",
            "reply_content": "\u4ec0\u9ebc\u6642\u5019\u5206\u624b"
        },
        {
            "reply_id": "UgwGVSWdTZsj8Ityvk14AaABAg",
            "reply_content": "\u5149\u8292\u56db\u5c04\u4f60\u5011\u5bf6\u5bf6\u6709\u4e86\u9ebb"
        },
        {
            "reply_id": "UgyEyQkUFmhNFEP-S9t4AaABAg",
            "reply_content": "\u7b49\u7b49\u958b\u982d\u5f8c\u9762\u6709\u5f69\u8679\ud83c\udf08"
        },
        {
            "reply_id": "UgwuCEg7QC3Y8zDHgxd4AaABAg",
            "reply_content": "\u6211\u5c31\u770b\u4f60\u8981\u6a19\u984c\u9ee8\u5230\u4ec0\u9ebc\u7a0b\u5ea6"
        },
        {
            "reply_id": "Ugwc7R2QwQK-M9cJYQF4AaABAg",
            "reply_content": "\u9a19\u4eba\u9ede\u95b1\u5f71\u7247\u3001\u6839\u672c\u5c31\u4e0d\u6703\u7d50\u5a5a\u963f\u3001\u4f73\u5be7\u6839\u672c\u4e0d\u559c\u6b61Andy\u3001\u56e0\u70ba\u4ed6\u5708\u5916\u6709\u7537\u53cb\u963f"
        },
        {
            "reply_id": "UgxIoeKutTGOVMu6gLR4AaABAg",
            "reply_content": "\u6211\u6c92\u88ab\u9a19"
        },
        {
            "reply_id": "UgxXswEsXqVVDTTsf154AaABAg",
            "reply_content": "\u6211\u4ee5\u70ba\u9019\u96c6\u7d50\u5a5a"
        },
        {
            "reply_id": "UgzTYPpFEcCn_xWs7UJ4AaABAg",
            "reply_content": "\u611f\u89ba\u5f71\u7247\u8d8a\u4f86\u8d8a\u7121\u804a\u4e86\u2026\u89c0\u770b\u6b21\u6578\u4e5f\u5728\u4e0b\u6ed1"
        },
        {
            "reply_id": "Ugw-h_yXxFgmKtK_Mvd4AaABAg",
            "reply_content": "\u9019\u9ed1\u4eba\u662f\u8ab0"
        },
        {
            "reply_id": "UgxgXjZ7IOeEKHA2Tvd4AaABAg",
            "reply_content": "\u6211\u5c31\u4f4f\u5728\u611b\u6cb3"
        },
        {
            "reply_id": "UgxIxGvPpIGwtaGjvj54AaABAg",
            "reply_content": "\u6211\u662f\u9ad8\u96c4\u4eba\uff0c\u6211\u5df2\u7d93\u5f88\u4e45\u6c92\u6709\u7559\u8a00\u4e86\uff0c\u56e0\u70ba\u4e0a\u8ab2\uff0c\u91cd\u91cf\u7d1a\u7684\u5f71\u7247\u6bd4\u8f03\u9577\uff0c\u6240\u4ee5\u6bd4\u8f03\u6c92\u6642\u9593\u770b\uff0c\u611b\u6cb3\u90a3\u88e1\u6709\u5f88\u591a\u53ef\u611b\u7684\u52d5\u7269\u3002\u5e0c\u671b\u5bb6\u5be7\u59d0\u59d0\u8ddfAndy\u54e5\u54e5\u53ef\u4ee5\u8d95\u5feb\u7d50\u5a5a\uff0c\u53bb\u5ea6\u871c\u6708\ud83d\udc95"
        },
        {
            "reply_id": "UgyJEIa5Xfnw45OTDrZ4AaABAg",
            "reply_content": "\u60a8\u597d\uff0c\u6211\u662fbbdo\u5ee3\u544a\u516c\u53f8\u5ba3\u50b3\u4ee3\u7406\uff0c\u6211\u53f8\u770b\u4e86\u4f60\u7684\u64ad\u653e\u6d41\u91cf\u50cf\u500b\u60a8\u8ac7\u5ba3\u50b3\u5408\u4f5c\uff0c\u4e0d\u77e5\u80fd\u7372\u5f97\u60a8\u7684\u806f\u7e6b\u65b9\u5f0f\u55ce\uff1f"
        },
        {
            "reply_id": "Ugw2rWmvCXC8ow7DsM14AaABAg",
            "reply_content": ""
        },
        {
            "reply_id": "UgyhOsoVNH1AkIJLtcJ4AaABAg",
            "reply_content": "\u597d\u559c\u6b61\u4f60\u5011\u7684\u5f71\u7247"
        },
        {
            "reply_id": "UgzDhrvST_V5g07-xoZ4AaABAg",
            "reply_content": "\u7d50\u5a5a\uff5e\u7d50\u5a5a\uff5e\u7d50\u5a5a\uff0c\u91cd\u8981\u7684\u8aaa\u4e09\u904d\u5594"
        },
        {
            "reply_id": "UgwZEhBc0N28qQ8kOYp4AaABAg",
            "reply_content": "\u8003\u616e\u6e05\u695a\u4e86\u55ce?  \u6c7a\u5b9a\u8981\u628a\u7d42\u8eab\u5927\u4e8b\u4ea4\u7d66\u4ed6\u55ce?  \u53cd\u8986\u5b58\u5728\u7684\u4e00\u4e9b\u8001\u554f\u984c\u6703\u4e0d\u6703\u4e4b\u5f8c\u53c8\u4e0a\u6f14\u5462?  \u597d\u597d\u60f3\u6e05\u695a\u518d\u6c7a\u5b9a\u5427,\u7562\u7adf\u4ea4\u5f80\u8ddf\u7d50\u5a5a\u5b8c\u5168\u4e0d\u540c!!"
        },
        {
            "reply_id": "Ugw-4QcGFLyeNe3gEm54AaABAg",
            "reply_content": "\u60f3\u770b\u4f60\u5011\u53bb\u83ef\u5c71\u7684\u73cd\u73e0\u7f8e\u4eba\u9b5a\u5c55\ud83d\ude0d"
        },
        {
            "reply_id": "Ugya2obuqwGG9eQY5Gh4AaABAg",
            "reply_content": "\u9019\u8a02\u95b1\u7387\u592a\u8a87\u5f35\u4e86\u5594 \u6c34\u8ecd\u4f86\u7684\u5594"
        },
        {
            "reply_id": "Ugwub3V_xMC0cXCy0YV4AaABAg",
            "reply_content": "\u9019\u80c3\u53e3\u540a\u500b\u5920\u4e45\u7684\ud83d\ude02\ud83d\ude02"
        },
        {
            "reply_id": "UgzojN9HYmd9Kt0YPOR4AaABAg",
            "reply_content": "\u600e\u9ebc\u4e0d\u9806\u4fbf\u5c31\u7d50\u5a5a\u4e86\uff0c\u5f88\u770b\u597d\u4f60\u5011\u9019\u4e00\u5c0d\u5462\ud83d\ude01"
        }
    ]
}