{
    "video_info": {
        "id": "iv9VF50D4LM",
        "channelTitle": "\u773e\u91cf\u7d1aCROWD",
        "title": "\u90a3\u5929...\u6211\u5728\u54c0\u568e\u4e2d\u5ea6\u904e\ud83d\ude2e\u200d\ud83d\udca8 #\u773e\u91cf\u7d1acrowd #\u75d8\u75d8\u5371\u6a5f",
        "description": "",
        "likeCount": "7599",
        "commentCount": "49",
        "viewCount": "246582"
    },
    "comments": [
        {
            "reply_id": "Ugz1GGkoOO7zhVN8dpZ4AaABAg",
            "reply_content": "\u602a\u602a\u7684"
        },
        {
            "reply_id": "UgwTtpDueGVZJl1cqCV4AaABAg",
            "reply_content": "\u7ffb\u958b\u8986\u84cb\u9b54\u6cd5\u5361\uff0c\u53ef\u4ee5\u8272\u8272\u3001\u4e0d\u53ef\u4ee5\u58de\u58de"
        },
        {
            "reply_id": "UgwU4HXZusOS7hNsxmp4AaABAg",
            "reply_content": "\u5f8c\u9762\u53bb\u85a9\u723e\u9054\u914d\u6a02"
        },
        {
            "reply_id": "Ugy40mlx1_-zyV1i5394AaABAg",
            "reply_content": "\u6211\u8981\u64e0\u75d8\u75d8\ud83d\ude02"
        },
        {
            "reply_id": "UgyovpFlrVQC0ihOP714AaABAg",
            "reply_content": "\u554f\u984c\u662f\u6c92\u770b\u5230+0\u7684\u75d8\u75d8\u5728\u54ea\u88e1"
        },
        {
            "reply_id": "UgxDOqdB0IbUUW-Ar254AaABAg",
            "reply_content": "\u539f\u4f86+0\u4e5f\u559c\u6b61\u770b\u64e0\u75d8\u75d8"
        },
        {
            "reply_id": "UgwfRcCvz-TsDANZdIZ4AaABAg",
            "reply_content": "\u919c\u516b\u602a"
        },
        {
            "reply_id": "UgxFNwXxGV6pJN1jQAh4AaABAg",
            "reply_content": "\u70ba\u4ec0\u9ebc\u4f60\u5973\u670b\u53cb\u751f\u6c23\u554a\uff1f"
        },
        {
            "reply_id": "Ugx7aR3OnSpTS47X_nR4AaABAg",
            "reply_content": "\u64e0\u8c46\u8c46\u53ef\u80fd\u662f\u64e0\u5976"
        },
        {
            "reply_id": "UgwFDjZpf2ilyDDqmTx4AaABAg",
            "reply_content": "\u7b11\u6b7b \u592a\u771f\u5be6"
        },
        {
            "reply_id": "UgybmBqUXDQyLyDY9cx4AaABAg",
            "reply_content": "\u8ddf\u6211\u5abd\u7684\u500b\u6027\u4e00\u6a23\ud83d\ude02"
        },
        {
            "reply_id": "UgxpBMUyupKO0wwzyLt4AaABAg",
            "reply_content": "\u597d\u53ef\u6015"
        },
        {
            "reply_id": "Ugyt3bSX9_pv9BPCZUV4AaABAg",
            "reply_content": "\u5443\u5443\u5443\u5443\u5443\u5443\u5443\u5443\u5443\u5443\u5443\u5443\u5443\u5443\u5443\u5443\u5443\u5443\u5443\u5443\u5443\u5443\u5443\u5443\u5443\u5443\u5443\u5443\u5443\u5443\u5443\u5443\u5443\u5443\u5443\u5443\u5443\u5443\u5443\u5443\u5443\u5443\u5443\u5443\u5443\u5443\u5443\u5443\u5443\u5443\u5443\u5443\u5443\u5443\u5443\u5443\u5443\u5443\u5443\u5443\u5443\u5443\u5443\u5443\u5443\u5443\u5443\u5443\u5443\u5443\u5443\u5443\u5443\u5443\u5443\u5443\u5443\u5443\u5443\u5443\u6211\u7121\u773c\u4e86"
        },
        {
            "reply_id": "UgzR7tTFlkzlquiXHsB4AaABAg",
            "reply_content": "\u5bb6\u5be7\u5f8c\u9762\u90a3\u500b\u7b11\u5bb9\u2026\u2026"
        },
        {
            "reply_id": "Ugyz1GNbaWgwk9l-JN54AaABAg",
            "reply_content": "\u54c8\u54c8\u54c8\u54c8\u54c8\u54c8\u54c8\u597d\u597d\u7b11"
        },
        {
            "reply_id": "Ugyql4zBNGz_yDNVrod4AaABAg",
            "reply_content": "\u982d\u662f\u7da0\u7684"
        },
        {
            "reply_id": "UgzSV8WkdyYgH6IrUmV4AaABAg",
            "reply_content": "\u982d\u9aee\u4ed9\u5973\u5973\u795e\u59d0\u59d0\u751f\u6c23\ud83d\ude21\u751f\u6c23\ud83d\ude24"
        },
        {
            "reply_id": "UgylaQOfEK6MbexP-Dp4AaABAg",
            "reply_content": "\u919c"
        },
        {
            "reply_id": "UgzzGFxBTKVbWLLS49h4AaABAg",
            "reply_content": "\u4e0d\u53ef\u4ee5\u8272\u8272"
        },
        {
            "reply_id": "UgxaP8c7coMf-yj5LlV4AaABAg",
            "reply_content": "\u8fd9\u5c31\u662f\u5973\u751f\uff0c\u54c8\u54c8\u54c8\u54c8\u54c8\u54c8"
        }
    ]
}