{
    "video_info": {
        "id": "jiii3adBlk0",
        "channelTitle": "\u773e\u91cf\u7d1aCROWD",
        "title": "\u9a5a\u559c\u737b\u5531\u5f8c\u7684PRANK!\u5973\u5609\u8cd3\u7537\u53cb\u5687\u5230\u8d77\u98db\ud83d\ude02\u6012\u558a\uff1a\u9084\u6709\u8ab0\u90fd\u7d66\u6211\u51fa\u4f86!\u3010\u773e\u91cf\u7d1aCROWD\u3011#\u958b\u7bb1\u6211\u7684\u8056\u8a95\u60c5\u4eba feat. @imlyla1112 @WACKYBOYS520",
        "description": "\u2b50\u52a0\u5165\u6211\u5011\u7684YouTube\u6703\u54e1\uff1ahttps://pse.is/U8GDQ\n\ud83d\udc49\u6703\u54e1\u4ecb\u7d39\u5f71\u7247\uff1ahttps://reurl.cc/rlvEKx\n\n\u27a1\u8a02\u95b1YouTube\u3010\u773e\u91cf\u7d1aCROWD x FUN\u751f\u6d3b-\u7b2c\u4e8c\u983b\u9053\u3011\nhttps://is.gd/4dSkyk \n\u27a1\u8a02\u95b1YouTube\u3010\u5bb6\u5be7+0\u3011\nhttps://is.gd/lcdma4 \n\u27a1\u8a02\u95b1YouTube\u3010Andy\u8001\u5e2b\u3011 \nhttps://is.gd/laVony\n------------------------------------------------------------------------------------\n\u27a1FB\u3010\u773e\u91cf\u7d1aCROWD\u3011\nhttps://www.facebook.com/etman0909/\n\u27a1FB\u3010\u5bb6\u5be7+0\u3011\nhttp://bit.ly/29PljQA\n\u27a1FB\u3010Andy\u8001\u5e2b\u3011\nhttp://bit.ly/29JkGYS\n------------------------------------------------------------------------------------\n\u27a1IG\u3010\u773e\u91cf\u7d1aCROWD\u3011\nhttps://www.instagram.com/crowd520/?hl=zh-tw\n------------------------------------------------------------------------------------\n\u27a1\u7f8e\u62cd\u3010\u4f17\u91cf\u7ea7CROWD\u3011\nhttp://www.meipai.com/user/1048418678\n------------------------------------------------------------------------------------\n\u27a1\u5fae\u535a\u3010\u4f17\u91cf\u7ea7CROWD\u3011\nhttp://www.weibo.com/6067696343/profi...\n\n\u27a1\u8a02\u95b1YouTube\u3010\u773e\u91cf\u7d1aCROWD\u3011\nhttps://is.gd/JgIQw6\n\n\u5de5\u4f5c\u9080\u7d04\u8acb\u6d3d\uff1aqunhaient@gmail.com\n\n#\u6574\u4ebaPRANK#\u773e\u91cf\u7d1aCROWD#\u60c5\u4fb6 #\u958b\u7bb1\u6211\u7684\u8056\u8a95\u60c5\u4eba #\u8056\u8a95\u7bc0\u4ea4\u63db\u6a5f\u7968",
        "likeCount": "5689",
        "commentCount": "67",
        "viewCount": "255345"
    },
    "comments": [
        {
            "reply_id": "UgzWrr_l-VzfLpNlJy14AaABAg",
            "reply_content": "\u7ad9\u9060\u4e00\u9ede\ud83c\udf89"
        },
        {
            "reply_id": "UgzwMrGsKCQp-QYaRCt4AaABAg",
            "reply_content": "\u5f88\u7d30\u81a9\u7684\u5b89\u6392\uff0c\u5f88\u7528\u5fc3\u7684\u904e\u7a0b\uff0c\u6700\u5f8c\u6536\u5c3e\u9084\u662f\u6b61\u7b11\u7d50\u5c3e\uff0c\u8b93\u89c0\u773e\u53c8\u662f\u611f\u52d5\u53c8\u662f\u7b11\u7684\uff0c\u771f\u7684\u662f\u6240\u6709\u4ea4\u63db\u7d44\u5408\u7684\u7d04\u6703\u5f71\u7247\u770b\u5b8c\u5f8c\uff0c\u6211\u6700\u559c\u6b61\u6df1\u523b\u7684\u4e00\u96c6\uff01\n\n\u8b1d\u8b1d\u4f60\u5011\u7528\u5fc3\u5e36\u7d66\u89c0\u773e\u7684\u6b61\u7b11\u548c\u611f\u52d5\uff0c\u795d\u798f\u4f60\u5011\u6bcf\u4e00\u500b\u6240\u6709\u53c3\u8207\u9019\u5f71\u7247\u7684\u4eba\uff0c\u751f\u6d3b\u4e2d\u7684\u4e00\u5207\u90fd\u9806\u5229\uff01\u9806\u9042\uff01\u559c\u6085\uff01"
        },
        {
            "reply_id": "Ugx7-6anPgffwPXG1sJ4AaABAg",
            "reply_content": "\u770b\u5230\u6e6f\u5b87\u88ab\u5687\u5230\u8df3\u8d77\u4f86\u6211\u7b11\u4e86\uff01\ud83d\ude02\ud83d\ude02\ud83d\ude02\u606d\u559c\u857e\u83c8\u7576\u4e8c\u5bf6\u5abd\u5594\uff01"
        },
        {
            "reply_id": "UgzebtaHAa5BwVU4b5J4AaABAg",
            "reply_content": "\u9019\u7a2e\u6703\u4e0d\u6703\u914d\u5230\u6700\u5f8c\u65b0\u7684\u60c5\u611f\u840c\u751f\ud83d\ude0f"
        },
        {
            "reply_id": "UgwzhBO5IpjK4ZUhCpV4AaABAg",
            "reply_content": "\u6700\u5f8c\u4e0d\u77e5\u4e0d\u89ba\u770b\u5230\u54ed\u4e86\ud83d\ude22"
        },
        {
            "reply_id": "Ugy0bcVo9P7p5pNxmXd4AaABAg",
            "reply_content": "\u70ba\u4ec0\u9ebc\u90fd\u6709\u5c0d\u8c61\u4e86\uff0c\u9084\u6703\u60f3\u8981\u4ea4\u63db\u60c5\u4fb6\u2026\u2026\u5690\u9bae\uff0c\u9ad4\u9a57\uff1f\u9019\u4ec0\u9ebc\u6982\u5ff5\uff0c\u5c31\u56e0\u70ba\u6709\u93e1\u982d\u5728\u524d\u505a\u4ec0\u9ebc\u4e8b\u90fd\u53ef\u4ee5\u5149\u660e\u6b63\u5927\u7406\u6240\u7576\u7136\uff0c\u9019\u4e16\u754c\u601d\u60f3\u771f\u7684\u8d8a\u4f86\u8d8a\u958b\u653e\u4e86\uff0c\u771f\u6c92\u4ec0\u9ebc"
        },
        {
            "reply_id": "UgzOzTGvr3Mvbw6p2VR4AaABAg",
            "reply_content": "\u770b\u5230\u5bb6\u5be7\u54ed\u8ddf\u8457\u54ed\u597d\u597d\u54ed\ud83e\udd7a"
        },
        {
            "reply_id": "Ugy6ZA42qzObBx0sDOh4AaABAg",
            "reply_content": "\u5bb6\u5be7\u662f\u5728\u843d\u6dda\u55ce\uff1f"
        },
        {
            "reply_id": "UgwLghDqXehZF1Wx62J4AaABAg",
            "reply_content": "\u55da\u55da"
        },
        {
            "reply_id": "UgwAaEr1HEA8M-Vq_fN4AaABAg",
            "reply_content": "\u559c\u6b61\u9019\u5c0d\u2764"
        },
        {
            "reply_id": "UgxbR1XQIG_hRFilLwd4AaABAg",
            "reply_content": "\u679c\u7136\u9084\u662f\u8981\u6709\u6574\u4eba\u624d\u662f\u773e\u91cf\u7d1a!!"
        },
        {
            "reply_id": "Ugy1466NUAKoffb2dUB4AaABAg",
            "reply_content": "\u6e6f\u5b87\u88ab\u5687\u5230\u90a3\u77ac\u9593\u6211\u5dee\u9ede\u5674\u98ef  \u54c8\u54c8\u54c8\u54c8\ud83e\udd23\ud83e\udd23"
        },
        {
            "reply_id": "UgyBaXWjdCWCtizBbKN4AaABAg",
            "reply_content": "\u6211\u60f3\u554f\uff1a\u70ba\u4ec0\u9ebc\u9084\u6c92\u6709\u5cc7\u5398\u5cf6\u4e0b\u96c6\u7684\u5f71\u7247\u5462\uff1f \u883b\u60f3\u770b\u7684\u8aaa"
        },
        {
            "reply_id": "UgwyeX30MMVVy2D7nKl4AaABAg",
            "reply_content": "\u5b89\u5b89"
        },
        {
            "reply_id": "Ugx403aRHC81kf1UkKl4AaABAg",
            "reply_content": "\u6e6f\u5b87\u597d\u597d\u7b11"
        },
        {
            "reply_id": "UgzYglWy49TQYezXC1J4AaABAg",
            "reply_content": "\u7df4\u9019\u9996\u7f75\u9192\u6211\ud83e\udd23"
        },
        {
            "reply_id": "UgyCo2JLRD8HOnLMt0t4AaABAg",
            "reply_content": ""
        },
        {
            "reply_id": "UgwdwG93v5QOcI-MCrh4AaABAg",
            "reply_content": "\u4ed6\u5011\u5df2\u7d93\u7d50\u5a5a\u4e86\u5594"
        },
        {
            "reply_id": "UgxuMtg26b3n4V8snC94AaABAg",
            "reply_content": "\u4ed6\u5011\u4e0d\u662f\u7d50\u5a5a\u4e86\u55ce\ud83d\ude02"
        },
        {
            "reply_id": "UgzIMrFizBP8nW0Gg4J4AaABAg",
            "reply_content": ""
        }
    ]
}