{
    "video_info": {
        "id": "Kq1-9jsz6FA",
        "channelTitle": "\u773e\u91cf\u7d1aCROWD",
        "title": "\u5973\u53cb\uff1a\u7a7f\u904e\u4e00\u6b21\u5c31\u4e0d\u662f\u65b0\u8863\u670d\u4e86\u5440\ud83e\udd79Girlfriend always complains about having no clothes to wear?#\u773e\u91cf\u7d1acrowd",
        "description": "",
        "likeCount": "3588",
        "commentCount": "32",
        "viewCount": "96756"
    },
    "comments": [
        {
            "reply_id": "UgxjLWl3wOLjHjHkV_p4AaABAg",
            "reply_content": "\u5bb6\u5be7\u597d\u53ef\u6190"
        },
        {
            "reply_id": "UgwT9fqVv6l8zaWklLd4AaABAg",
            "reply_content": "\u56e0\u8a72\u9084\u6c92\u4e1f\u5b8c"
        },
        {
            "reply_id": "Ugw8OCIa-YVP5pxqt9F4AaABAg",
            "reply_content": "\u6240\u4ee5\u7834\u95dc\u4e86\u55ce\ud83d\ude02"
        },
        {
            "reply_id": "Ugwp0xIUvqiMCRbqxsZ4AaABAg",
            "reply_content": "\u539f\u4f86\u90a3\u53e5\uff0c\u6253\u958b\u8863\u6ac3\u88ab\u81ea\u5df1\u7684\u8863\u670d\u58d3\u6b7b\u662f\u771f\u7684\u2026\u2026"
        },
        {
            "reply_id": "UgzcrjHTPjKktBuDAYR4AaABAg",
            "reply_content": "\u6c92\u6709\u8863\u670d\u7a7f\u3002\n\u597d\u5427\uff0c\u5b89\u8fea\u628a\u5979\u8eab\u4e0a\u8863\u670d\u812b\u4e86\uff0c\u5979\u7684\u610f\u601d\u4f60\u61c9\u8a72\u61c2\u3002"
        },
        {
            "reply_id": "UgwIbsbZ_bMBRtGoKih4AaABAg",
            "reply_content": "\u6c92\u6709\u8863\u670d\u7a7f"
        },
        {
            "reply_id": "UgyuQBfZ7lLkIs-wuJx4AaABAg",
            "reply_content": "\u9019\u5c31\u662f\u6240\u8b02\u7684\u300c\u5973\u4eba\u7684\u8863\u6ac3\u6c38\u9060\u90fd\u5c11\u4e00\u4ef6\u8863\u670d\u300d\u55ce?\ud83d\ude02\ud83d\ude02"
        },
        {
            "reply_id": "UgxTTgMTvUddQkG7hwJ4AaABAg",
            "reply_content": "\u90a3\u5bb6\u5be7\u8eab\u4e0a\u90a3\u4ef6\u662f\u4ec0\u9ebc\uff1f"
        },
        {
            "reply_id": "UgwQwHgjEWq7q1OG3a14AaABAg",
            "reply_content": "\u9019\u500b\u7269\u617e\u5f88\u9ad8\u7684\u5973\u4eba\uff0c\u9084\u662f\u7b97\u4e86\u5427\u22ef\u22ef"
        },
        {
            "reply_id": "UgwzVs-ZdgurmGDwcDp4AaABAg",
            "reply_content": "\u5305\u9f8d\u661f\u51fa\u4f86\u4e86\uff01\n\u852c\u679c\u5806\u6df9\u6c92\u6574\u8eab\uff0c\u53ea\u5269\u4e00\u9846\u982d\uff01"
        },
        {
            "reply_id": "Ugyy4--1kcBBsPUziiN4AaABAg",
            "reply_content": "\u5c31\u5225\u7a7f\u8863\u670d\uff0c\u51fa\u9580\u8b93\u8def\u904e\u7684\u7537\u58eb\u773c\u5403\u51b0\u6dc7\u6dcb\uff01"
        },
        {
            "reply_id": "UgxXjRZvWNKOInrUPgV4AaABAg",
            "reply_content": "\u5973\u751f\u4e0d\u8ad6\u4f55\u6642\u90fd\u6c92\u8863\u670d\u53ef\u4ee5\u7a7f\u963f\uff0c\u96e3\u602a\u90fd\u8981\u4e00\u76f4\u8cb7\ud83d\ude02"
        },
        {
            "reply_id": "Ugw-Yhvtjf_hSW_Jds14AaABAg",
            "reply_content": "\u8a72\u6536\u62fe\u4e86"
        },
        {
            "reply_id": "UgwwYts7lTXWwGpcK954AaABAg",
            "reply_content": "\u6c92\u6709\u8863\u670d\u7a7f=\u662f\u6642\u5019\u8a72\u8cb7\u8863\u670d\u4e86\ud83e\udd23"
        },
        {
            "reply_id": "Ugw7rsgrjuHCPlEUJjF4AaABAg",
            "reply_content": "\u9019\u500b\u6536\u4e86\u82b1\u591a\u4e45\u6642\u9593\ud83d\ude02"
        },
        {
            "reply_id": "UgxD1WHOkzw3rZU9EIZ4AaABAg",
            "reply_content": "\u8981\u6298\u7684\u66f4\u8f9b\u82e6\u4e86\ud83d\ude02"
        },
        {
            "reply_id": "UgyLoIVyh-p_3I-6OPZ4AaABAg",
            "reply_content": "\u6211\u6c92\u6709\u8863\u670d\u7a7f\ud83d\ude02"
        }
    ]
}