{
    "video_info": {
        "id": "L4pWrR4VBN0",
        "channelTitle": "\u773e\u91cf\u7d1aCROWD",
        "title": "\u70ba\u4e86\u85af\u689d\u8c41\u51fa\u53bb\u7684\u5973\u4eba\ud83d\ude02 #ikea",
        "description": "",
        "likeCount": "9615",
        "commentCount": "49",
        "viewCount": "256152"
    },
    "comments": [
        {
            "reply_id": "Ugwh68144QZJDA_hzQ14AaABAg",
            "reply_content": "\u5feb\u9ede\u5c31\u662f\u73fe\u5728\ud83d\ude02"
        },
        {
            "reply_id": "UgwblWihlBgriRRuNIV4AaABAg",
            "reply_content": "\u6211\u4e5f\u662f\u559c\u6b61\u5403\u85af\u689d\u7684\u4eba\ud83d\ude02"
        },
        {
            "reply_id": "UgzhO1ty8xim7b5OzPN4AaABAg",
            "reply_content": "\u597d\u53ef\u611b\u5594~"
        },
        {
            "reply_id": "Ugyodeq64A1Ty7Gcl1p4AaABAg",
            "reply_content": "\u5bb6\u5be7\u597d\u53ef\u611b"
        },
        {
            "reply_id": "UgzytHheXHIFsJTPpqt4AaABAg",
            "reply_content": "\u53ef\u611b\u7684\u5bb6\u5be7\ud83d\ude0a"
        },
        {
            "reply_id": "UgynVJNEmmQuFCFQ6qF4AaABAg",
            "reply_content": "\u597d\u53ef\u611b"
        },
        {
            "reply_id": "UgwQzk5gn-QbVqsEdZl4AaABAg",
            "reply_content": "\u5bb6\u5be7\u6c92\u6709\u5316\u599d"
        },
        {
            "reply_id": "UgwayTMI4H7RwasNCOJ4AaABAg",
            "reply_content": "\u4f60\u5011\u662f\u4e0d\u662f\u53bb"
        },
        {
            "reply_id": "Ugwv_4B6kzjQjd6YcKl4AaABAg",
            "reply_content": "\u600e\u9ebc\u9019\u9ebc\u53ef\u611b\ud83d\ude02"
        },
        {
            "reply_id": "Ugy4UJq0bCA7HHvZClx4AaABAg",
            "reply_content": "\u54c8\u54c8\u54c8\u54c8\u54c8\u54c8\u54c8\u54c8\u54c8\u54c8\u54c8\u54c8\u54c8\u54c8\u54c8\u54c8\u54c8\u54c8\u5230\u5e95\u70ba\u4ec0\u9ebc\u53ef\u4ee5\u9019\u9ebc\u53ef\u611bXDDDD\u611f\u89ba\u770b\u5230\u6211\u8ddf\u6211\u7684\u8001\u5e2b\uff01"
        },
        {
            "reply_id": "Ugwi8nodu8KkOypqg3x4AaABAg",
            "reply_content": "\u6211\u5973\u53cb\u60f3\u8981\u7684\u6642\u5019\u4e5f\u662f\u9019\u6a23\u6c42\u6211"
        },
        {
            "reply_id": "UgzuXBWT6ofgEO_jl9x4AaABAg",
            "reply_content": "\u7d20\u989c\u597d\u6f02\u4eae"
        },
        {
            "reply_id": "UgyJ647Jx0pBVPxn9bl4AaABAg",
            "reply_content": "\u9084\u662f\u559c\u6b61\u770b\u958b\u5fc3\u9ad8\u8208\u7684\u5bb6\u5be7\uff01"
        },
        {
            "reply_id": "UgxQ7Qacb-kDswNlkdx4AaABAg",
            "reply_content": "\u9ea5\u7576\u52de\u554a\uff01"
        },
        {
            "reply_id": "UgzvcJqULtmurTzXTq94AaABAg",
            "reply_content": "\u6211\u5973\u5152\u7684\u6700\u611b"
        },
        {
            "reply_id": "Ugx3tLUw-eUh2ml43op4AaABAg",
            "reply_content": "\u597d\u53ef\u611b\uff0c\u6211\u4e5f\u5f88\u559c\u6b61\u85af\u689d"
        },
        {
            "reply_id": "UgyJeYLW2iqS9OELyjl4AaABAg",
            "reply_content": "\u5bb6\u5be7\u597d\u50cf\u8b8a\u9ed1\u4e86\ud83d\ude1c"
        },
        {
            "reply_id": "Ugw7kWWp17F1CG2obuR4AaABAg",
            "reply_content": "\u85af\u689d\u6211\u7684\u6700\u611b\u2764"
        },
        {
            "reply_id": "UgzNJ4CG5VGIZKQMBk14AaABAg",
            "reply_content": "\u771f\u662f\u53ef\u611b\u7684\u5bb6\u5be7"
        },
        {
            "reply_id": "Ugwj0xnNVBEEafhoDa94AaABAg",
            "reply_content": "\u592a\u53ef\u611b\u4e86\ud83d\ude06"
        }
    ]
}