{
    "video_info": {
        "id": "lso2EadtPsY",
        "channelTitle": "\u773e\u91cf\u7d1aCROWD",
        "title": "\u807d\u8aaa\u807d\u5230\u9019\u9996\u6b4c\u7684\u4eba\uff0c100%\u90fd\u662f\u6200\u611b\u8166\ud83e\udde0\ud83d\udc95Tag\u4f60\u6200\u611b\u8166\u7684\u670b\u53cb\u4f86\u807d\uff5e",
        "description": "#\u60f3\u548c\u4f60\u770b\u4e94\u6708\u7684\u665a\u971e",
        "likeCount": "774",
        "commentCount": "3",
        "viewCount": "17880"
    },
    "comments": [
        {
            "reply_id": "UgzWZTj25EIYy6jUxf94AaABAg",
            "reply_content": "\u9673\u83ef\u597d\u7f8e\u2764"
        },
        {
            "reply_id": "Ugy3ei9a7Fzs1mTGMx94AaABAg",
            "reply_content": "\u597d\u807d"
        }
    ]
}