{
    "video_info": {
        "id": "M_BQAtj7cws",
        "channelTitle": "\u773e\u91cf\u7d1aCROWD",
        "title": "\u5bb6\u5be730\u6b72\u751f\u65e5\u6d3e\u5c0d\uff01\u6c99\u7058\u3001\u9732\u5929\u96fb\u5f71\u3001\u767d\u99ac \u628a\u7ae5\u8a71\u5922\u5e7b\u5834\u666f\u642c\u4f86\u73fe\u5be6\uff01\u3010\u773e\u91cf\u7d1aCROWD\u3011",
        "description": "\u2b50\u52a0\u5165\u6211\u5011\u7684YouTube\u6703\u54e1\uff1ahttps://pse.is/U8GDQ\n\ud83d\udc49\u6703\u54e1\u4ecb\u7d39\u5f71\u7247\uff1ahttps://reurl.cc/rlvEKx\n\n\u27a1\u8a02\u95b1YouTube\u3010\u773e\u91cf\u7d1aCROWD x FUN\u751f\u6d3b-\u7b2c\u4e8c\u983b\u9053\u3011\nhttps://is.gd/4dSkyk \n\u27a1\u8a02\u95b1YouTube\u3010\u5bb6\u5be7+0\u3011\nhttps://is.gd/lcdma4 \n\u27a1\u8a02\u95b1YouTube\u3010Andy\u8001\u5e2b\u3011 \nhttps://is.gd/laVony\n------------------------------------------------------------------------------------\n\u27a1FB\u3010\u773e\u91cf\u7d1aCROWD\u3011\nhttps://www.facebook.com/etman0909/\n\u27a1FB\u3010\u5bb6\u5be7+0\u3011\nhttp://bit.ly/29PljQA\n\u27a1FB\u3010Andy\u8001\u5e2b\u3011\nhttp://bit.ly/29JkGYS\n------------------------------------------------------------------------------------\n\u27a1IG\u3010\u773e\u91cf\u7d1aCROWD\u3011\nhttps://www.instagram.com/crowd520/?hl=zh-tw\n------------------------------------------------------------------------------------\n\u27a1\u7f8e\u62cd\u3010\u4f17\u91cf\u7ea7CROWD\u3011\nhttp://www.meipai.com/user/1048418678\n------------------------------------------------------------------------------------\n\u27a1\u5fae\u535a\u3010\u4f17\u91cf\u7ea7CROWD\u3011\nhttp://www.weibo.com/6067696343/profi...\n\n\u27a1\u8a02\u95b1YouTube\u3010\u773e\u91cf\u7d1aCROWD\u3011\nhttps://is.gd/JgIQw6\n\n\u5de5\u4f5c\u9080\u7d04\u8acb\u6d3d\uff1aqunhaient@gmail.com\n\n#\u5bb6\u5be70309#\u773e\u91cf\u7d1aCROWD#\u751f\u65e5",
        "likeCount": "4820",
        "commentCount": "248",
        "viewCount": "212869"
    },
    "comments": [
        {
            "reply_id": "UgwtQ5iebiVyYJxFbnV4AaABAg",
            "reply_content": "\u9019\u5728\u54ea"
        },
        {
            "reply_id": "UgzDZYld7sOAtecHW754AaABAg",
            "reply_content": "\u6211\u89ba\u5f97\u64a5\u982d\u9aee\u9019\u500b\u52d5\u4f5c\u5f88\u89aa\u66b1\u8036\uff01\u9019\u500b\u52d5\u4f5c\u6709\u75bc\u611b\u7684\u610f\u601d\uff0c\u7537\u751f\u670b\u53cb\u64a5\u4f60\u5973\u53cb\u7684\u982d\u9aee\uff0c\u9084\u645f\u5728\u4e00\u8d77\uff0c\u90fd\u4e0d\u5403\u918b\u55ce\uff1f\u975e\u5e38\u5947\u602a\ud83d\ude05\u9084\u662f\u8aaa\u2026\u2026\u5df2\u7d93\u88ab\u5206\u624b\u904e\uff0c\u6c92\u6709\u5730\u4f4d\u4e86\uff0c\u5973\u53cb\u600e\u6a23\u4e5f\u7ba1\u4e0d\u8457\uff0c\u958b\u5fc3\u5c31\u597d\n\n\u5efa\u8b70\u5982\u679c\u95dc\u4fc2\u958b\u59cb\u4e0d\u5c0d\u7b49\uff0c\u8d81\u65e9\u7d50\u675f\u5566\uff01\u4e0d\u7136\u5927\u5bb6\u90fd\u75db\u82e6"
        },
        {
            "reply_id": "UgxVh-pcJOdYe8gGEJ54AaABAg",
            "reply_content": "\u4eca\u5929\u662f\u6211\u751f\u65e5\uff0c\u53ef\u4ee5\u795d\u6211\u751f\u65e5\u5feb\u6a02\u55ce\uff1f"
        },
        {
            "reply_id": "Ugz0dDJEUOta_iDZxJV4AaABAg",
            "reply_content": "\u5e0c\u671b\u80fd\u62cd\u4e00\u4e9b\u50cf\u4e4b\u524d\u4e00\u6a23\u7684\u6574\u4eba\u5f71\u7247"
        },
        {
            "reply_id": "UgzyIa0W4oGYU8H4V2d4AaABAg",
            "reply_content": "\u5df2\u7d93\u5169\u500b\u6708\u6c92\u6709\u7247\u4e86 \u61c9\u8a72\u662f\u4e0d\u6703\u66f4\u65b0\u4e86"
        },
        {
            "reply_id": "UgyAi--BvMHJAu7ELRt4AaABAg",
            "reply_content": "\u600e\u4e48\u6700\u8fd1\u90fd\u6ca1\u6709\u66f4\u65b0\uff1f"
        },
        {
            "reply_id": "UgxFxcpaqBbrAwa92Ap4AaABAg",
            "reply_content": "\u5f9e\u9ad8\u4e09\u770b\u5230\u5927\u4e09"
        },
        {
            "reply_id": "Ugy6HsSAMIccsBwyLWJ4AaABAg",
            "reply_content": "\u6211\u6709\u4e00\u6b21\u53bb\u722c\u5c71\u9047\u5230\u4f60\u4e0d\u6562\u8ddf\u4f60\u62cd\u7167\u6211\u5bb3\u7f9e"
        },
        {
            "reply_id": "UgwzoWmD12JR9v7kFgV4AaABAg",
            "reply_content": "\u90a3\u9ebc\u591a\u4eba\u5728\u9084\u7d20\u984f"
        },
        {
            "reply_id": "UgxKd8sV-Yd4osDR3c14AaABAg",
            "reply_content": "\u53ea\u6709\u6211\u767c\u73fe\u4f73\u5be7\u5728\u99ac\u4e0a\u8b1b\u8a71\u7684\u6642\u5019\u90a3\u96bb\u99ac\u5728\u6253\u778c\u7761\u55ce\ud83d\ude02"
        },
        {
            "reply_id": "UgySxKPX0OS32gYxUnJ4AaABAg",
            "reply_content": "\u662f\u4e0d\u662f\u6c92\u6709\u6d41\u91cf\u4e86\uff1f"
        },
        {
            "reply_id": "UgxTyNq1dzrMUonjvBB4AaABAg",
            "reply_content": "\u4f46\u8fd8\u662f\u5e0c\u671b\u4e3b\u9891\u9053\u591a\u66f4\u65b0\u89c6\u9891\uff0c\u73b0\u5728\u66f4\u65b0\u7684\u592a\u5c11\u4e86"
        },
        {
            "reply_id": "UgxacM5bre3Nki906_94AaABAg",
            "reply_content": "\u751f\u65e5\u5feb\u4e50\uff0c"
        },
        {
            "reply_id": "UgwEpJlmv9yfQbaoDM94AaABAg",
            "reply_content": "\u539f\u4f86\u5bb6\u5be730\u6b72\u4e86\uff0c\u500b\u4eba\u4e0d\u7b97\u773e\u91cf\u7d1a\u9435\u7c89\uff0c\u6c92\u600e\u9ebc\u95dc\u6ce8\uff0c\u6240\u4ee5\u5b8c\u5168\u4e0d\u77e5\u9053\u5bb6\u5be7\u5e74\u9f61\uff0c\u770b\u4e0d\u51fa\u4f8630\u4e86"
        },
        {
            "reply_id": "UgyoZ0jXp-P-61D57_Z4AaABAg",
            "reply_content": "\u8aaa\u5be6\u5728\u60f3\u53d6\u8a02\u4e86\uff0c\u4e0a\u7247\u901f\u5ea6\u5df2\u7d93\u8ddf\u4ee5\u524d\u4e0d\u4e00\u6a23\u611f\u89ba\u53ea\u5269\u4e0b\u73a9\u6a02"
        },
        {
            "reply_id": "UgyiRSQKaVL4X6B2vGt4AaABAg",
            "reply_content": "\u4e0d\u62cd\u7247\u4e86\uff1f"
        },
        {
            "reply_id": "UgyoFHgY0NlpK4_4DjN4AaABAg",
            "reply_content": "\u5206\u624b\u5427\uff01\u5973\u751f\u503c\u5f97\u66f4\u597d\u7684\uff01"
        },
        {
            "reply_id": "Ugw74ZUSc_K7d3DyxoZ4AaABAg",
            "reply_content": "\u4e00\u500b\u6708\u6c92\u66f4\u65b0\u4e86\uff0c\u597d\u60f3\u5ff5\u4f60\u5011"
        },
        {
            "reply_id": "Ugx0FTved41u0JjupdR4AaABAg",
            "reply_content": "\u751f\u65e5\u5feb\u6a02\ud83c\udf89\u770b\u5b8c\u90fd\u8ddf\u8457\u611f\u52d5\u773c\u7736\u6cdb\u6dda\uff0c\u7e7c\u7e8c\u9583\u8000\u904e\u65e5\u5b50\u5427"
        },
        {
            "reply_id": "UgyaIxvcpLDyzl8vUCZ4AaABAg",
            "reply_content": "\u958b\u59cb\u671f\u5f85andy\u6703\u7c4c\u5099\u4e00\u500b\u600e\u9ebd\u6a23\u7684\u6c42\u5a5a\u548c\u5a5a\u79ae \u795d\u4f60\u5011\u5e78\u798f\u5feb\u6a02\u3002\u5373\u4f7f\u4eba\u751f\u8def\u4e0a\u6709\u9ad8\u4f4e\u8d77\u4f0f\uff0c\u4f46\u9858\u4f60\u5011\u6b64\u523b\u7372\u5f97\u6700\u771f\u646f\u7684\u5feb\u6a02\uff01\u52a0\u6cb9\uff01"
        }
    ]
}