{
    "video_info": {
        "id": "MSP6qbzp1O8",
        "channelTitle": "\u773e\u91cf\u7d1aCROWD",
        "title": "\u807d\u8aaa\u770b\u5230\u9019\u500b\u665a\u971e\u7684\u4eba\uff0c\u90fd\u5728\u5e78\u798f\u5feb\u6a02\u7684\u8def\u4e0a\u4e86\ud83c\udf04\ud83d\udc95#\u773e\u91cf\u7d1acrowd #\u665a\u971e #\u60f3\u548c\u4f60\u770b\u4e94\u6708\u7684\u665a\u971e",
        "description": "",
        "likeCount": "526",
        "commentCount": "2",
        "viewCount": "9453"
    },
    "comments": [
        {
            "reply_id": "UgzzhYt1yIJGO8DQl954AaABAg",
            "reply_content": "MV\u7537\u4e3b\u65c1\u7684\u5973\u4e3b\u89d2\u600e\u9ebc\u63db\u4eba\u4e86"
        }
    ]
}