{
    "video_info": {
        "id": "mWIDblYutu4",
        "channelTitle": "\u773e\u91cf\u7d1aCROWD",
        "title": "\u4f60\u4ee5\u70ba\u7d50\u5c40\uff0c\u5f9e\u4f86\u4e0d\u6703\u5982\u4f60\u6240\u6599\ud83d\ude0f#WBJ#\u7b2c\u4e94\u5c46\u8d70\u9418\u734e#5thwalkbelliohnawards",
        "description": "",
        "likeCount": "348",
        "commentCount": "5",
        "viewCount": "9157"
    },
    "comments": [
        {
            "reply_id": "UgzV9ANk_dd_6_XhBat4AaABAg",
            "reply_content": "\u6700\u5f8c\u600e\u9ebc\u9084\u6709\u54f2\u54f2\u548c\u744b\u744b\ud83d\ude02"
        },
        {
            "reply_id": "Ugxn_xekJv4vYXGOAi94AaABAg",
            "reply_content": "\u597d\u50cf\u8ddf\u81c9\u66f8\u7684\u4e0d\u4e00\u6a23\uff0c\u9084\u6709\u5f8c\u7e8c"
        }
    ]
}