{
    "video_info": {
        "id": "O0Zmej6491A",
        "channelTitle": "\u773e\u91cf\u7d1aCROWD",
        "title": "Playing the quiet place game\uff5c\u5b89\u975c\u904a\u6232\u6311\u6230\u3010\u773e\u91cf\u7d1aCROWD\u3011",
        "description": "\u2705\u9ede\u64ca\u6b64\u8655\u4e0b\u55ae\uff1ahttps://foreo.se/nhkl\n\n\u2b50\u52a0\u5165\u6211\u5011\u7684YouTube\u6703\u54e1\uff1ahttps://pse.is/U8GDQ\n\ud83d\udc49\u6703\u54e1\u4ecb\u7d39\u5f71\u7247\uff1ahttps://reurl.cc/rlvEKx\n\n\u27a1\u8a02\u95b1YouTube\u3010\u773e\u91cf\u7d1aCROWD x FUN\u751f\u6d3b-\u7b2c\u4e8c\u983b\u9053\u3011\nhttps://is.gd/4dSkyk \n\u27a1\u8a02\u95b1YouTube\u3010\u5bb6\u5be7+0\u3011\nhttps://is.gd/lcdma4 \n\u27a1\u8a02\u95b1YouTube\u3010Andy\u8001\u5e2b\u3011 \nhttps://is.gd/laVony\n------------------------------------------------------------------------------------\n\u27a1FB\u3010\u773e\u91cf\u7d1aCROWD\u3011\nhttps://www.facebook.com/etman0909/\n\u27a1FB\u3010\u5bb6\u5be7+0\u3011\nhttp://bit.ly/29PljQA\n\u27a1FB\u3010Andy\u8001\u5e2b\u3011\nhttp://bit.ly/29JkGYS\n------------------------------------------------------------------------------------\n\u27a1IG\u3010\u773e\u91cf\u7d1aCROWD\u3011\nhttps://www.instagram.com/crowd520/?hl=zh-tw\n------------------------------------------------------------------------------------\n\u27a1\u7f8e\u62cd\u3010\u4f17\u91cf\u7ea7CROWD\u3011\nhttp://www.meipai.com/user/1048418678\n------------------------------------------------------------------------------------\n\u27a1\u5fae\u535a\u3010\u4f17\u91cf\u7ea7CROWD\u3011\nhttp://www.weibo.com/6067696343/profi...\n\n\u27a1\u8a02\u95b1YouTube\u3010\u773e\u91cf\u7d1aCROWD\u3011\nhttps://is.gd/JgIQw6\n\n\u5de5\u4f5c\u9080\u7d04\u8acb\u6d3d\uff1aqunhaient@gmail.com\n\n#Playingthequietplacegame#\u773e\u91cf\u7d1aCROWD#\u60c5\u4fb6",
        "likeCount": "11479",
        "commentCount": "41",
        "viewCount": "348154"
    },
    "comments": [
        {
            "reply_id": "UgzfPTvwk5eXJ6CtKmR4AaABAg",
            "reply_content": "\u9ed1\u8272\u597d\u597d\u770b"
        },
        {
            "reply_id": "UgxvuQvIr0DP6HHLl4h4AaABAg",
            "reply_content": "\u5bb6\u6ab8\u4f60\u662f\u4e0d\u662f\u66ec\u9ed1\uff1f\u6211\u731c\u4f60\u559c\u6b61\u7d2b\u8272\u5427\u8ddf\u6211\u4e00\u6a23\u56e0\u70ba\u4f60\u624b\u4e0a\u62ff\u7684\u90a3\u500b\u6771\u897f\u662f\u7d2b\u8272\u7684\u3002\ud83d\ude0d"
        },
        {
            "reply_id": "UgwsuJ4obIGl5hwQODh4AaABAg",
            "reply_content": "\u600e\u9ebc\u90a3\u9ebc\u9ed1"
        },
        {
            "reply_id": "UgztUSs1Ptyl-shO0S14AaABAg",
            "reply_content": "\u8db4\u4e0b"
        },
        {
            "reply_id": "UgwCyw3gGI9t6dcwpPZ4AaABAg",
            "reply_content": "\u6232"
        },
        {
            "reply_id": "UgxiwcwcXdqmbNEB-Rx4AaABAg",
            "reply_content": "\u4ee5\u5f8c\u53ef\u4ee5\u6709\u9019\u7a2e\u7684\u904a\u554a!\uff08\u5efa\u8b70\uff09"
        },
        {
            "reply_id": "UgzAfTGSKD2e9GbcVZ94AaABAg",
            "reply_content": "\u6709\u9023\u7d50\u55ce"
        },
        {
            "reply_id": "UgwtdkzVSfEoUviN0314AaABAg",
            "reply_content": "\u5bb6\u5be7\u597d\u9ed1\n\u6211\u8ddf\u98a8"
        },
        {
            "reply_id": "UgzKbBxpfoXYxcwxOat4AaABAg",
            "reply_content": "\u81ea\u5f9e\u90a3\u6b21\u4e8b\u4ef6\u5f8c \u5f71\u7247\u6c92\u6709\u4ee5\u524d\u597d\u770b\u4e86\uff5e \u4ee5\u524d\u7684\u91cd\u91cf\u7d1a\u56de\u4e0d\u53bb\u4e86"
        },
        {
            "reply_id": "Ugx3pFYjh9DgJHyFctt4AaABAg",
            "reply_content": "\u4e0d\u7ba1\u5982\u4f55\u600e\u9ebc\u8b8a\uff0c\u5bb6\u5be7\u90fd\u662f\u6700\u6f02\u4eae\u958b\u6717\u7684\uff0c\u4f46\u611f\u89ba\u8072\u97f3\u6709\u9ede\u7d2f\uff0c\u5de5\u4f5c\u4e4b\u9918\u4e5f\u8981\u597d\u597d\u4f11\u606f\u54e6\uff01\uff01"
        },
        {
            "reply_id": "Ugy-GWoaWLPLaloaINF4AaABAg",
            "reply_content": "\u611f\u89ba\u5bb6\u5be7\u8b8a\u9ed1\u4e86"
        },
        {
            "reply_id": "Ugx22RebNLEqJXoPN1J4AaABAg",
            "reply_content": "\u5bb6\u5be7\u662f\u4e0d\u662f\u9ed1\u4e86\ud83d\ude22\n\u8b8a\u5f97\u6709\u4e00\u9ede\u4e0d\u50cf\u4ee5\u524d\u90a3\u9ebc\u6f02\u4eae\u4e86\ud83d\ude22"
        },
        {
            "reply_id": "UgxGntT4WTzaDq57YVV4AaABAg",
            "reply_content": "\u5bb6\u5be7\u600e\u9ebc\u611f\u89ba\u8b8a\u597d\u8001"
        },
        {
            "reply_id": "Ugz8DQXDisM5WxtaGTx4AaABAg",
            "reply_content": "\u70ba\u4ec0\u9ebc\u5bb6\u5be7\u611f\u89ba\u8b8a\u4e86"
        },
        {
            "reply_id": "UgwzVFHGfeg7y8bmn-t4AaABAg",
            "reply_content": "\u5bb6\u5be7\u662f\u4e0d\u662f\u66ec\u9ed1\u4e86\uff1f"
        },
        {
            "reply_id": "UgxJvwX3viXIXnVt3Vl4AaABAg",
            "reply_content": "\u73fe\u5728\u7684\u5f71\u7247\u90fd\u6c92\u6709\u4ee5\u524d\u7684\u611f\u89ba\u4e86"
        },
        {
            "reply_id": "Ugx16R5J8itNM72DixB4AaABAg",
            "reply_content": "\u7537\u4fca\u5973\u7f8e"
        },
        {
            "reply_id": "UgxO1UPUbRul59JMMVF4AaABAg",
            "reply_content": "\u600e\u9ebc\u90a3\u9ebc\u9ed1"
        },
        {
            "reply_id": "Ugx7rJmTKj-pNpzzuGh4AaABAg",
            "reply_content": "\u7d2b\u8272\u8d85\u7f8e\ud83d\ude0d"
        },
        {
            "reply_id": "UgzLdN7VmjLMpJgJR-l4AaABAg",
            "reply_content": "\u662f\u6211\u7684\u932f\u89ba\u55ce\u611f\u89ba\u4ee5\u524d\u7684\u98a8\u683c\u6709\u56de\u4f86\u4e00\u9ede\u9ede\u4e86\u9084\u662f\u662f\u6211\u592a\u60f3\u5ff5\u4ee5\u524d\u7684\u91cd\u91cf\u7d1a\u4e86\ud83e\udd72\uff08\u96d6\u7136\u662f\u696d\u914d\uff09"
        }
    ]
}