{
    "video_info": {
        "id": "oYk3sW5Whxc",
        "channelTitle": "\u773e\u91cf\u7d1aCROWD",
        "title": "BLACKPINK-Pink Venom Dance #pinkvenomchallenge",
        "description": "",
        "likeCount": "106693",
        "commentCount": "283",
        "viewCount": "2391857"
    },
    "comments": [
        {
            "reply_id": "Ugw6dH_23VhtuLVQzyF4AaABAg",
            "reply_content": "\u53e6\u4e00\u500b\u5973\u751f\u662f\u6797\u8431\u55ce"
        },
        {
            "reply_id": "UgwIr961Gc7e0zk51d14AaABAg",
            "reply_content": "\u8bb8\u51ef\u7693\u8df3\u5f97\u5f88\u597d\u770b"
        },
        {
            "reply_id": "Ugy2hiIv6-kaI-Bs_qd4AaABAg",
            "reply_content": "\u8bb8\u51ef\u7693\u5f88\u5e05"
        },
        {
            "reply_id": "UgygYOALgK5nF8e7JNd4AaABAg",
            "reply_content": "\u5bb6\u5be7\u597d\u6f02\u4eae\ud83d\ude0a"
        },
        {
            "reply_id": "UgwOyr3ezv2TIAuV6ot4AaABAg",
            "reply_content": "\u5bb6\u5be7\u662f\u54ea\u500b\uff1f"
        },
        {
            "reply_id": "UgxfyrnI-vbb6AdN3VR4AaABAg",
            "reply_content": "\u838e\u838e\u838e\u838e\u838e\u838e\u838e\u838e\u838e\u838e\u838e\u838e\u838e\u838e\u838e\u838e\u838e\u838e"
        },
        {
            "reply_id": "UgyCSe9bu5sfnXuJVjJ4AaABAg",
            "reply_content": "\u8ddf\u90a3\u500b\u7537\u751f\u540c\u65b9\u5411\u7684\u5973\u751f\u8df3\u7684\u597d\u597d\u770b\u5594"
        },
        {
            "reply_id": "UgzXbwqitGibK0Yr5OB4AaABAg",
            "reply_content": "\u597d\u6f02\u4eae\u5537\uff01"
        },
        {
            "reply_id": "UgzAtiXUJCBVYTdPSIF4AaABAg",
            "reply_content": "\u5bb6\u5be7\u53ef\u4ee5\u4e0a\u53f0\u8868\u6f14\u4e86"
        },
        {
            "reply_id": "Ugx1yq6odPUGrcqSvxN4AaABAg",
            "reply_content": "\u90a3\u662f\u9905\u4e7e\u524d\u5973\u53cb\u55ce"
        },
        {
            "reply_id": "UgyoykXT7MBdnJUS__F4AaABAg",
            "reply_content": "\u5bb6\u5be7\u7a7f\u9019\u6a23\u597d\u6f02\u4eae\uff01\u88ab\u715e\u5230\u4e86"
        },
        {
            "reply_id": "UgxtCAaXnFNx03VThDl4AaABAg",
            "reply_content": "\u5bb6\u5be7\u5565\u6642\u90a3\u9ebc\u9ad8\u4e86\uff1f"
        },
        {
            "reply_id": "Ugz--4M9oui_AIxXWzJ4AaABAg",
            "reply_content": "\u6c42\u9ed1\u8272\u76ae\u4e0a\u8863\u9023\u7d50"
        },
        {
            "reply_id": "UgxAfcNdbG-L6s8wd_p4AaABAg",
            "reply_content": "\u4e2d\u9593\u90a3\u500b\u4eba\u597d\u50cf\u7693\u7693\u5594"
        },
        {
            "reply_id": "UgxO5tYmjz1AUK4pBFd4AaABAg",
            "reply_content": "\u5bb6\u5be7\u4e5f\u883b\u9069\u5408\u8df3\u8857\u821e\u7684\u8036\uff01"
        },
        {
            "reply_id": "UgxgMYldU6lPPpULA8d4AaABAg",
            "reply_content": "\u4e0a\u534a\u8eab\u6709\u4e9b\u50f5\u786c~\n\u592a\u904e\u60f3\u8981\u8df3\u597d\u7684\u5fc3\u614b\u6703\u5c0e\u81f4\u675f\u7e1b\uff01"
        },
        {
            "reply_id": "Ugw9j2Ba-tWRLn4MQKp4AaABAg",
            "reply_content": "\u5bb6\u5be7\u662f\u4e0d\u662f\u53f3\u908a\u90a3\u4e00\u500b\u5440"
        },
        {
            "reply_id": "UgxEOB0QbgjKSxf7gxN4AaABAg",
            "reply_content": "\u5bb6\u5be7\u9032\u6b65\u597d\u591a"
        },
        {
            "reply_id": "UgygPHTXhAsuw8r5Y954AaABAg",
            "reply_content": "\u6211\u6bd4\u8cfd\u7684\u6b4c"
        },
        {
            "reply_id": "UgziT4uZ4Jk1VVhgeoB4AaABAg",
            "reply_content": "\u5de6\u908a\u90a3\u5973\u751f\u662f\u8ab0\u963f \u8df3\u7684\u597d\u597d"
        }
    ]
}