{
    "video_info": {
        "id": "QyUa6Yr7QWI",
        "channelTitle": "\u773e\u91cf\u7d1aCROWD",
        "title": "PRANK!\u9023\u7e8c\u4e94\u5929\u6545\u610f\u5f04\u4e82\u5bb6\u4e2d \u7537\u53cb\u6703\u4e3b\u52d5\u53bb\u6536\u62fe\u55ce\uff1fft. ECOVACS T10\u3010\u773e\u91cf\u7d1aCROWD\uff5cPRANK\u4e92\u6574\u60c5\u4fb6\u7279\u8f2f\u3011",
        "description": "ECOVACS\u79d1\u6c83\u65af DEEBOT T10 TURBO\n\u25fc\ufe0f\u5167\u7f6e\u5f37\u5927\u8a9e\u97f3\u52a9\u624bOK YIKO \u53ec\u559a\u6e05\u6383\u8d85\u65b9\u4fbf\n\u25fc\ufe0f \u822a\u592a\u7d1adToF\u7cbe\u6e96\u5075\u6e2c\u6280\u8853 \u7cbe\u6e96\u5feb\u901f\u5efa\u5716\n\u25fc\ufe0f APP\u652f\u63f43D\u5730\u5716 \u9810\u7d04\u6e05\u6383\u3001\u5ba2\u88fd\u6e05\u6f54\u504f\u597d\u90fd\u80fd\u8f15\u9b06\u8a2d\u5b9a\n\u25fc\ufe0fAIVI3.0\u7cbe\u6e96\u8b58\u522518\u7a2e\u969c\u7919\u7269 \u642d\u914d\u661f\u5149\u7d1a960P\u93e1\u982d \u5fae\u5149\u5c31\u80fd\u4f7f\u7528\n\u25fc\ufe0fOZMO\u2122 Turbo 2.0\u9ad8\u983b\u632f\u52d5\u64e6\u5730 \u6a21\u4eff\u4eba\u624b\u4f86\u56de\u53cd\u8986\u9ad8\u983b\u5f37\u64e6\u66f4\u4e7e\u6de8\n\u25fc\ufe0f\u81ea\u52d5\u56de\u6d17\u517c\u71b1\u98a8\u70d8\u4e7e\u62d6\u5e03 \u6e05\u6f54\u5b8c\u5168\u7121\u9808\u52d5\u624b\n\u25fc\ufe0f\u984d\u5916\u52a0\u8cfc\u9280\u96e2\u5b50\u6a21\u7d44 \u8f15\u9b06\u64c1\u6709\u6c92\u7570\u5473\u9664\u83cc99.9%\u7684\u6f54\u6de8\u751f\u6d3b\n\u25fc\ufe0f\u642d\u914dmomo\u96fb\u5546\u512a\u60e0\u3001\u7bc0\u6176\u6a94\u671f\u6d3b\u52d5\u8cfc\u8cb7\uff0c\u66f4\u7701\u8377\u5305\uff01\n\n\u2b50\u52a0\u5165\u6211\u5011\u7684YouTube\u6703\u54e1\uff1ahttps://pse.is/U8GDQ\n\ud83d\udc49\u6703\u54e1\u4ecb\u7d39\u5f71\u7247\uff1ahttps://reurl.cc/rlvEKx\n\n\u27a1\u8a02\u95b1YouTube\u3010\u773e\u91cf\u7d1aCROWD x FUN\u751f\u6d3b-\u7b2c\u4e8c\u983b\u9053\u3011\nhttps://is.gd/4dSkyk \n\u27a1\u8a02\u95b1YouTube\u3010\u5bb6\u5be7+0\u3011\nhttps://is.gd/lcdma4 \n\u27a1\u8a02\u95b1YouTube\u3010Andy\u8001\u5e2b\u3011 \nhttps://is.gd/laVony\n------------------------------------------------------------------------------------\n\u27a1FB\u3010\u773e\u91cf\u7d1aCROWD\u3011\nhttps://www.facebook.com/etman0909/\n\u27a1FB\u3010\u5bb6\u5be7+0\u3011\nhttp://bit.ly/29PljQA\n\u27a1FB\u3010Andy\u8001\u5e2b\u3011\nhttp://bit.ly/29JkGYS\n------------------------------------------------------------------------------------\n\u27a1IG\u3010\u773e\u91cf\u7d1aCROWD\u3011\nhttps://www.instagram.com/crowd520/?hl=zh-tw\n------------------------------------------------------------------------------------\n\u27a1\u7f8e\u62cd\u3010\u4f17\u91cf\u7ea7CROWD\u3011\nhttp://www.meipai.com/user/1048418678\n------------------------------------------------------------------------------------\n\u27a1\u5fae\u535a\u3010\u4f17\u91cf\u7ea7CROWD\u3011\nhttp://www.weibo.com/6067696343/profi...\n\n\u27a1\u8a02\u95b1YouTube\u3010\u773e\u91cf\u7d1aCROWD\u3011\nhttps://is.gd/JgIQw6\n\n\u5de5\u4f5c\u9080\u7d04\u8acb\u6d3d\uff1aqunhaient@gmail.com\n\n#\u773e\u91cf\u7d1aCROWD #ECOVACS #\u6383\u62d6\u6a5f\u5668\u4eba",
        "likeCount": "3968",
        "commentCount": "81",
        "viewCount": "254709"
    },
    "comments": [
        {
            "reply_id": "UgzEFY34G6oEdiGu6yt4AaABAg",
            "reply_content": "\u8d85\u559c\u6b61\u770b\u4f60\u5011\u60e1\u6574\u6700\u8fd1\u53c8\u91cd\u65b0\u770b\u4e00\u904d\ud83e\udd23"
        },
        {
            "reply_id": "Ugwqgomdm432Lnk79FF4AaABAg",
            "reply_content": "\u4f60\u5011\u5ee0\u85af\u5462"
        },
        {
            "reply_id": "UgwJG9SyfJdUBJvS4jh4AaABAg",
            "reply_content": "\u6211\u89ba\u5f97\u53ea\u662f\u5ba2\u5ef3\u62ff\u4f86\u62cd\u7247\u5f88\u6574\u9f4a\u6709\u7a7a\u9593\uff0c\u611f\u89ba\u623f\u9593\u5c31\u8ddf\u4ee5\u524d\u4e00\u6a23\u4e82\u4e03\u516b\u7cdf\ud83d\ude02"
        },
        {
            "reply_id": "UgzTivbBy0JEyqWtpC54AaABAg",
            "reply_content": "\u611f\u89ba\u8b8a\u4e86~ \u5f71\u7247\u770b\u8d77\u4f86\u4ee5\u53ca\u7b11\u8d77\u4f86 \u6c92\u6709\u4ee5\u524d\u90a3\u9ebc\u7684\u81ea\u7136~\u5e0c\u671b\u662f\u6211\u932f\u89ba~"
        },
        {
            "reply_id": "UgwwoVr_OSSz3PVhrNp4AaABAg",
            "reply_content": "\u4ec0\u9ebc\u6642\u5019\u990a\u72d7\u7684\ud83d\ude0d\u8d85\u53ef\u611b"
        },
        {
            "reply_id": "Ugx1skoplOwSKunQmex4AaABAg",
            "reply_content": "\u5b89\u5594"
        },
        {
            "reply_id": "Ugw3a8rDn0rloAQfPQx4AaABAg",
            "reply_content": "\u8aaa\u5be6\u8a71 \u771f\u7684\u5f88\u50bb\u773c \u6c92\u60f3\u5230\u60e1\u6574\u4e5f\u53ef\u4ee5\u696d\u914d \n\u96d6\u7136\u6700\u8fd1\u5f71\u7247\u66f4\u591a\u5143\u5316\u4e86\n\u53ef\u662f\u537b\u6c92\u4e86\u4ee5\u524d\u7684\u611f\u89ba\u4e86\n\u73fe\u5728\u5f71\u7247\u5df2\u7d93\u8b8a\u6210\u5927\u90e8\u4efd\u90fd\u662f\u5408\u4f5c\n\u53ef\u662f\u9084\u662f\u5e0c\u671b\u4f60\u5011\u8ca1\u904b\u4ea8\u901a \u4e00\u5207\u9806\u5229\u5566\n\u4f60\u5011\u958b\u5fc3\u662f\u6700\u91cd\u8981\u7684"
        },
        {
            "reply_id": "UgyXDDHA8wNRrMHSOz54AaABAg",
            "reply_content": "\u6211\u525b\u525b\u770b\u5230\u5c01\u9762\u4ee5\u70ba\u662f\u54c1\u5b50"
        },
        {
            "reply_id": "UgwvJ6re8TI_8JEoqvJ4AaABAg",
            "reply_content": "\u597d\u4e45\u6c92\u60e1\u6574\u4eba\u4e86\n\u5e0c\u671b\u53ef\u4ee5\u591a\u51fa\u60e1\u6574\u5f71\u7247"
        },
        {
            "reply_id": "UgyDQDpgV018Soi9yhd4AaABAg",
            "reply_content": "\u7d42\u65bc\u963f\uff0c\u671f\u5f85\u5df2\u4e45\u7684\u60e1\u6574\u4f86\u56c9"
        },
        {
            "reply_id": "UgyOOrFvQlA97G8kU0B4AaABAg",
            "reply_content": "\u662f\u70ba\u4e86\u696d\u914d\u624d\u51fa\u7247\uff1f\uff01"
        },
        {
            "reply_id": "Ugz-Mg6-shu9jq4BOzh4AaABAg",
            "reply_content": "\u662f\u56e0\u70ba\u642c\u5bb6\u7684\u95dc\u4fc2\u55ce\uff1f\u73fe\u5728\u7a7a\u9593\u611f\u5f88\u5927\uff0c\u5c11\u4e86\u4ee5\u524d\u5c0f\u7aa9\u5c45\uff0c\u64c1\u64e0\u800c\u89aa\u5bc6\u7684\u611f\u89ba \u3002\u623f\u5b50\u5927\u5230\u6709\u7a2e\u7a7a\u8569\u8569\u7684\u611f\u89ba\n\u96d6\u7136\u9019\u6a23\u4ee3\u8868\u4f60\u5011\u6b63\u5728\u9081\u5411\u66f4\u8212\u9069\u7684\u751f\u6d3b\uff0c\u662f\u503c\u5f97\u9ad8\u8208\u7684\u4e8b\u5566"
        },
        {
            "reply_id": "UgwCTrNpnMuX9V5iZKV4AaABAg",
            "reply_content": "\u600e\u9ebc\u73fe\u5728\u7684\u5f71\u7247\u6c92\u6709\u4e00\u90e8\u662f\u4e0d\u6703\u51fa\u73fe\u696d\u914d\u7684\n\u73fe\u5728\u6bcf\u4e00\u90e8\u90fd\u5728\u696d\u914d \u771f\u7684\u4e0d\u592a\u559c\u6b61\u9019\u6a23\u5b50\u7684\u4f60\u5011 \u559c\u6b61\u4ee5\u524d\u7684\u4f60\u5011\u5f71\u7247\u98a8\u683c"
        },
        {
            "reply_id": "UgzsTRFBiyqAqDCXuV54AaABAg",
            "reply_content": "\u671f\u5f85\u597d\u4e45\u7684\u60e1\u6574\u963f \u8b9a\u8b9a"
        },
        {
            "reply_id": "UgxqO2xuYQHiEDkFNuV4AaABAg",
            "reply_content": "\u7d42\u65bc\u6709\u60e1\u6574\u7cfb\u5217\u4e86"
        },
        {
            "reply_id": "UgwmPG9m0Mn-G4tnlsF4AaABAg",
            "reply_content": "\u9019\u53f0\u8981\u591a\u5c11\u9322"
        },
        {
            "reply_id": "UgzerycUhmG2swm0tXh4AaABAg",
            "reply_content": "\u597d\u4e45\u6c92\u770b\u4f60\u5011\u7684\u5f71\u7247\u8036>3< \u597d\u60f3\u4f60\u5011\u5594~\n\u4ec0\u9ebc\u6642\u5019\u53ef\u4ee5\u8ddf\u90ce\u624d\u5973\u8c8c\u898b\u9762\u5440\n\u6211\u5149\u60f3\u6709\u90a3\u9ebc\u4e00\u5929\u5c31\u597d\u671f\u5f85\u5594!!!"
        },
        {
            "reply_id": "UgyHOgG-mBYPZ9Po9PF4AaABAg",
            "reply_content": "\u6574\u4eba\u4f01\u5283\u5e0c\u671b\u53ef\u4ee5\u50cf\u4ee5\u524d\u4e00\u6a23\u7684\u731b\ud83d\ude02"
        },
        {
            "reply_id": "UgzrBF9sk8hA0Oi5m_F4AaABAg",
            "reply_content": "\u6240\u4ee5\u820a\u5c4b\u5df2\u7d93\u6c92\u6709\u4e86\uff1f"
        },
        {
            "reply_id": "Ugwpr1GBS3t7qjWciFZ4AaABAg",
            "reply_content": "\u6211\u9084\u672a\u6309\u9032\u4f86\u770b\u5c31\u5df2\u7d93\u731c\u5230\u53c8\u6709\u5ee3\u544a\u4e86~~~"
        }
    ]
}