{
    "video_info": {
        "id": "roqGIkCiQRE",
        "channelTitle": "\u773e\u91cf\u7d1aCROWD",
        "title": "\u54ea\u500b\u6642\u671f\u7684\u6211\u5011 \u4f60\u6700\u559c\u6b61\ud83d\udc95\u60f3\u77e5\u9053\u6559\u5b78\u55ce\uff1f\u7559\u8a00\u8b93\u6211\u77e5\u9053\uff01\uff08\u8aaa\u4e0d\u5b9a\u7b49\u4e0b\u5c31\u51fa\u4e86\ud83d\ude19#dumbdumb #\u8b93\u7167\u7247\u52d5\u8d77\u4f86\ud83d\udc8f",
        "description": "",
        "likeCount": "1240",
        "commentCount": "22",
        "viewCount": "44207"
    },
    "comments": [
        {
            "reply_id": "UgyrzBiQZSaTKwi2sa14AaABAg",
            "reply_content": "\u5bb6\u5be7\u597d\u6f02\u4eae"
        },
        {
            "reply_id": "Ugx8mrbBuIzA87nFU1h4AaABAg",
            "reply_content": "\u60f3\u77e5\u9053"
        },
        {
            "reply_id": "Ugy6E7pLpORruF_FJDp4AaABAg",
            "reply_content": "\u597d\u60f3\u77e5\u9053\u600e\u9ebc\u5f04\u7684"
        },
        {
            "reply_id": "Ugwsxij0IbCdlVZKQWl4AaABAg",
            "reply_content": "\u6574\u4eba"
        },
        {
            "reply_id": "UgzaivbS7L4A2Kjt4eB4AaABAg",
            "reply_content": "\u756b\u8cea\u9019\u9ebc\u5dee\u662f\u56e0\u70baU2\u5728\u9650\u5236\u55ce"
        },
        {
            "reply_id": "UgxbINaJZApRJWXxM6Z4AaABAg",
            "reply_content": "\u90fd\u5f88\u559c\u6b61 \u4e0d\u540c\u6642\u671f\u7684\u4e0d\u540c\u98a8\u683c"
        },
        {
            "reply_id": "Ugy3oTSmSU_67bauPfl4AaABAg",
            "reply_content": "\u60e1\u6574\u7cfb\u5217\uff01\u60e1\u6574\u7cfb\u5217\u958b\u59cb\u95dc\u6ce8\u4f60\u5011\u81f3\u4eca\uff01"
        },
        {
            "reply_id": "Ugyxn1Eufue-JWniHrx4AaABAg",
            "reply_content": "\u5982\u4f55\u7528"
        },
        {
            "reply_id": "UgzCHCotPedYu-pRgMN4AaABAg",
            "reply_content": "\u90fd\u559c\u6b61"
        },
        {
            "reply_id": "UgyGpA7_4ZSg99bDvxF4AaABAg",
            "reply_content": "\u662f\u4f60\u5011\u90fd\u559c\u6b61\u4e0d\u8ad6\u6642\u671f\u2764\ufe0f"
        },
        {
            "reply_id": "UgxsQnjb2kOyqzbycWV4AaABAg",
            "reply_content": "\u4e92\u6574\u7684\u6642\u5019\uff0c\u53ef\u4ee5\u8b93\u4eba\u7b11\u958b\u61f7\uff0c\u8fd1\u671f\u7684\u751c\u871c\u653e\u9583\u4e5f\u4e0d\u932f\ud83d\ude06\ud83d\ude06\ud83d\ude06"
        },
        {
            "reply_id": "UgyCeCg-FBtkv-eRtnt4AaABAg",
            "reply_content": "\u60f3\u77e5\u9053\u5982\u4f55\u8b93\u7167\u7247\u52d5\u8d77\u4f86\ud83d\ude02\ud83d\ude0a"
        }
    ]
}