{
    "video_info": {
        "id": "rpmSlqTaojU",
        "channelTitle": "\u773e\u91cf\u7d1aCROWD",
        "title": "\u6574\u4eba\uff01\u7279\u88fd\u65e5\u672c1000\u500d\u7206\u8fa3\u9905\u4e7e \u53cb\u4eba\u5403\u7684\u53cd\u61c9\u662f\u4ec0\u9ebc\uff1f\u731b\u704c\u6c34\u90fd\u6c92\u7528\ud83d\ude02\u3010\u773e\u91cf\u7d1aCROWD\u3011@K.R.Bros0203  @Tgopdone",
        "description": "\u2b50\u52a0\u5165\u6211\u5011\u7684YouTube\u6703\u54e1\uff1ahttps://pse.is/U8GDQ\n\ud83d\udc49\u6703\u54e1\u4ecb\u7d39\u5f71\u7247\uff1ahttps://reurl.cc/rlvEKx\n\n\u27a1\u8a02\u95b1YouTube\u3010\u773e\u91cf\u7d1aCROWD x FUN\u751f\u6d3b-\u7b2c\u4e8c\u983b\u9053\u3011\nhttps://is.gd/4dSkyk \n\u27a1\u8a02\u95b1YouTube\u3010\u5bb6\u5be7+0\u3011\nhttps://is.gd/lcdma4 \n\u27a1\u8a02\u95b1YouTube\u3010Andy\u8001\u5e2b\u3011 \nhttps://is.gd/laVony\n------------------------------------------------------------------------------------\n\u27a1FB\u3010\u773e\u91cf\u7d1aCROWD\u3011\nhttps://www.facebook.com/etman0909/\n\u27a1FB\u3010\u5bb6\u5be7+0\u3011\nhttp://bit.ly/29PljQA\n\u27a1FB\u3010Andy\u8001\u5e2b\u3011\nhttp://bit.ly/29JkGYS\n------------------------------------------------------------------------------------\n\u27a1IG\u3010\u773e\u91cf\u7d1aCROWD\u3011\nhttps://www.instagram.com/crowd520/?hl=zh-tw\n------------------------------------------------------------------------------------\n\u27a1\u7f8e\u62cd\u3010\u4f17\u91cf\u7ea7CROWD\u3011\nhttp://www.meipai.com/user/1048418678\n------------------------------------------------------------------------------------\n\u27a1\u5fae\u535a\u3010\u4f17\u91cf\u7ea7CROWD\u3011\nhttp://www.weibo.com/6067696343/profi...\n\n\u27a1\u8a02\u95b1YouTube\u3010\u773e\u91cf\u7d1aCROWD\u3011\nhttps://is.gd/JgIQw6\n\n\u5de5\u4f5c\u9080\u7d04\u8acb\u6d3d\uff1aqunhaient@gmail.com\n\n#\u6574\u4ebaPRANK#\u773e\u91cf\u7d1aCROWD#\u60c5\u4fb6 #\u6c96\u7e69",
        "likeCount": "2939",
        "commentCount": "54",
        "viewCount": "144830"
    },
    "comments": [
        {
            "reply_id": "Ugzv6q4HtHUTgPPza854AaABAg",
            "reply_content": "\u6211\u770b\u4f60\u5011\u56de\u5230\u6574\u4eba\u5f71\u7247"
        },
        {
            "reply_id": "UgyFwdJAZolX6Axball4AaABAg",
            "reply_content": "\u5e0c\u671b\u4ee5\u5f8c\u4e5f\u53ef\u4ee5\u591a\u62cd\u6574\u4eba\u5f71\u7247 \u8d85\u597d\u7b11 \u6280\u8853\u5f88\u9ad8\u8d85\ud83d\ude02"
        },
        {
            "reply_id": "UgxomcU1DUpcbf_BAxB4AaABAg",
            "reply_content": "\u908a\u5403\u98ef\u908a\u770b\u5dee\u9ede\u5674\u98ef\u54c8\u54c8\u54c8\u54c8"
        },
        {
            "reply_id": "UgzFWlcbieKeHwAnL2V4AaABAg",
            "reply_content": "\u8463\u4ed4 \u597d\u53ef\u611b \u5979\u4ee5\u70ba\u662f\u8fa3\u7684\ud83d\ude02\u559c\u6b61\u5979\u81ea\u7136\u4e0d\u505a\u4f5c\uff01"
        },
        {
            "reply_id": "UgwTPnRKR2I9kP6stS54AaABAg",
            "reply_content": "\u7b11\u6b7b\u6211"
        },
        {
            "reply_id": "Ugy3BaQK8ZrcaiBPuD14AaABAg",
            "reply_content": "\u5927\u5bb6\u90fd\u5f88\u6703\u6f14\u6232\ud83d\ude02"
        },
        {
            "reply_id": "UgxSuW06GrDXw5X-NsJ4AaABAg",
            "reply_content": "\u8463\u4ed4\u7684\u8001\u516c\u7247\u5c3e\u90a3\u53e5\u592a\u597d\u7b11\u4e86\n\u300c\u7576\u7136\u4e0d\u597d\u5403\u554a\u6211\u6574\u676f\u6c34\u90fd\u559d\u5149\u6b38\u300d\ud83e\udd23\ud83e\udd23"
        },
        {
            "reply_id": "Ugxv6wqT9Aa_bsY9nY94AaABAg",
            "reply_content": "\u597d\u60f3\u518d\u591a\u770b\u6574\u4eba\u5f71\u7247"
        },
        {
            "reply_id": "UgxttiuI84FiuszxQ614AaABAg",
            "reply_content": "\u6211\u53ef\u4ee5\u554f\u4e00\u4e0b\u8fa3\u6912\u7c89\u54ea\u88e1\u8cb7\u55ce\n\u60f3\u6311\u6230"
        },
        {
            "reply_id": "UgwUpcoQ8tBzz-Aa6ft4AaABAg",
            "reply_content": ""
        },
        {
            "reply_id": "Ugzb7oLbPau2xOxyc6t4AaABAg",
            "reply_content": "\u7b11\u6b7b\u6bcf\u500b\u90fd\u6f14\u54e1"
        },
        {
            "reply_id": "Ugz_HvZu_l1ist_wocN4AaABAg",
            "reply_content": "\u670b\u53cb\u5011\u90fd\u8d85\u6367\u5834\u8036"
        },
        {
            "reply_id": "UgzArqAzsZAbKZYfpwZ4AaABAg",
            "reply_content": "\u5f71\u7247\u6709\u6642\u5341\u4e00\u5206\u5341\u4e00\u79d2\uff0c\u5dee\u4e0d\u591a\u6709\u4e8c\u5341\u4e00\u5206\u4e8c\u5341\u4e00\u79d2\u90fd\u5728\u7b11"
        },
        {
            "reply_id": "UgzkW3rREyFEhVvhPcZ4AaABAg",
            "reply_content": "\u518d\u665a\u4e00\u9ede\u7834\u6897\u6211\u771f\u7684\u4ee5\u70ba\u662f\u8fa3\u8fa3\u7684\u9905\u4e7e\u800c\u5df2\uff08\u56e0\u70ba\u73fe\u5728\u771f\u7684\u6709\u51fa\u4e00\u4e9b\u8fa3\u5473\u7684\u6771\u897f\ud83d\ude05"
        },
        {
            "reply_id": "UgybB9G-JCYkXY4I5IV4AaABAg",
            "reply_content": "\u773e\u91cf\u7d1a\u7684\u6d41\u91cf\u5bc6\u78bc\u2764"
        },
        {
            "reply_id": "UgzWcUcnCmkHlX0mJa54AaABAg",
            "reply_content": "\u771f\u7684\u4e45\u9055\u7684\u6574\u4eba\u5f71\u7247\uff0c\u597d\u958b\u5fc3\ud83d\ude00\u54c8\u54c8"
        },
        {
            "reply_id": "Ugz_xwlL-Co2Nud7SiJ4AaABAg",
            "reply_content": "\u7b49\u8d85\u4e45\u7d42\u65bc\u6709\u6574\u4eba"
        },
        {
            "reply_id": "Ugyc73SkYCGnu-AipER4AaABAg",
            "reply_content": "\u9019\u96c6\u5f88\u597d\u7b11\u8a92\uff0c\u65b0\u5e74\u7b2c\u4e00\u90e8\u5f71\u7247\u5c31\u73a9\u9019\u9ebc\u5927\uff0c\u76f8\u4fe1\u4eca\u5e74\u7684\u5f71\u7247\u61c9\u8a72\u90fd\u5f88\u760b\u72c2\ud83d\ude02\u6211\u6703\u597d\u597d\u671f\u5f85\ud83e\udef6\ud83c\udffb"
        },
        {
            "reply_id": "Ugw7W_hL4sZOCGTUHch4AaABAg",
            "reply_content": "\u8981\u62cd\u9019\u7a2e\u6574\u4eba\u4f01\u5283\u771f\u7684\u8981\u5f88\u80fd\u5fcd\u7b11\ud83d\ude02"
        },
        {
            "reply_id": "UgxH4Sh7uQ2uqZ8vjBF4AaABAg",
            "reply_content": "\u5bb6\u5be7\u7684\u8072\u97f3\u6bd4\u4ee5\u524d\u6c89\u91cd\u5f88\u591a\u6709\u7a2e\u6b77\u76e1\u6ec4\u6851\u611f\u89ba\n\ud83e\udd72\ud83e\udd72"
        }
    ]
}