{
    "video_info": {
        "id": "SgSihipBsk4",
        "channelTitle": "\u773e\u91cf\u7d1aCROWD",
        "title": "\u51fa\u570b\u4e0d\u77e5\u9053\u8cb7\u4ec0\u9ebc\u4f34\u624b\u79ae\u9001\u4eba\uff1f\u8cb7\u9019\u500b\u6e96\u6c92\u932f\ud83e\udd2d#\u6cf0\u570b #\u66fc\u8c37 #\u6253\u5361\u666f\u9ede",
        "description": "\u51fa\u570b\u4e0d\u77e5\u9053\u8cb7\u4ec0\u9ebc\u4f34\u624b\u79ae\u9001\u4eba\uff1f\u8cb7\u9019\u500b\u6e96\u6c92\u932f\ud83e\udd2d\n\n#\u6cf0\u570b #\u66fc\u8c37 #\u6253\u5361\u666f\u9ede",
        "likeCount": "433",
        "commentCount": "20",
        "viewCount": "25296"
    },
    "comments": [
        {
            "reply_id": "Ugx_G_5KHyYB3qj80ih4AaABAg",
            "reply_content": "\u600e\u9ebc\u90fd\u6c92\u66f4\u65b0\u4e86 \u53cd\u800c\u90fd\u662f\u6296\u97f3"
        },
        {
            "reply_id": "UgzccAI0UtHaLK8ocLV4AaABAg",
            "reply_content": "\u6211\u89ba\u5f97\u4f60\u5011\u5169\u500b\u53bb\u675c\u62dc\u9ad8\u8208\u7b97\u4e86"
        },
        {
            "reply_id": "Ugx37I_FZ-NE6ch8VoF4AaABAg",
            "reply_content": "\u4f60\u5011\u8981\u7d50\u5a5a\u4e86\u6c92 \u6211\u5f9e\u5e74\u8f15\u770b\u4f60\u5011\u770b\u5230\u73fe\u5728\u7d50\u5a5a\u4e86 \u5df2\u7d93\u6709\u4e00\u500b\u4e94\u6b72\u5c0f\u5b69\u4e86\ud83d\ude05"
        },
        {
            "reply_id": "UgzwhIXgnbfKtLuMO0t4AaABAg",
            "reply_content": "\u8cb7\u9019\u500b\u662f\u60f3\u81ea\u80a5\u5427\uff0c+0\u4e00\u81c9\u61f7\u7591\u662f\u70ba\u5979\u8cb7\u7684\u9084\u662f\u4f60\u70ba\u81ea\u5df1\u8cb7\u7684"
        },
        {
            "reply_id": "Ugxt0rsowNPoGBrU9NB4AaABAg",
            "reply_content": "\u4e0d\u662f\u5206\u624b\u4e86\u55ce"
        },
        {
            "reply_id": "Ugz034pEXo_oaJKt3AF4AaABAg",
            "reply_content": "\u5f71\u7247\u73fe\u5728\u662f\u6708\u66f4\u55ce\uff1f\ud83d\ude2e"
        }
    ]
}