{
    "video_info": {
        "id": "sjL93UCeuNM",
        "channelTitle": "\u773e\u91cf\u7d1aCROWD",
        "title": "\u89f8\u78b0\u5973\u53cb\u5e95\u7dda\uff01\uff1f\u7a81\u7136\u8acb\u5c45\u5bb6\u6574\u7406\u5e2b\u628a\u5979\u7684\u7269\u54c1\u65b7\u6368\u96e2\uff01\u5979\u7684\u53cd\u61c9\u662f\uff1f\u3010\u773e\u91cf\u7d1aCROWD\u3011",
        "description": "\ud83c\udfe0 \u7a7a\u9593\u898f\u5283\uff5c\u5168\u5c4b\u6574\u7406\uff5c\u8fa6\u516c\u6574\u7406\uff5c\u88dd\u6f62\u6536\u7d0d \ud83c\udfe0\n\u63d0\u4f9b\u7368\u5275\u7cfb\u7d71\u300c\u7f8e\u5b78\u6574\u7406\uff38\u7642\u80b2\u6536\u7d0d\u300d\u70ba\u60a8\u91cf\u8eab\u6253\u9020\u8212\u9069\u53c8\u8cea\u611f\u7684\u751f\u6d3b\u7a7a\u9593\uff01\n\n\u3010\u65b0\u5ba2\u512a\u60e0\u6d3b\u52d5\u3011\ud83c\udf1f\u7acb\u5373\u9810\u7d04\u4eab\u514d\u8cbb\u5230\u5e9c\u5065\u6aa2\u4f30\u50f9\ud83c\udf1f\n\ud83d\udccd\u52a0\u5165\u5b98\u65b9\ud835\udc0b\ud835\udc08\ud835\udc0d\ud835\udc04\u8a62\u554f\u670d\u52d9\uff1ahttps://lin.ee/FZCcmIh  (@841uztzp)\n\ud83d\udccd\u8ffd\u8e64\ud835\udc08\ud835\udc06\u7372\u5f97\u5373\u6642\u65b0\u8cc7\u8a0a\uff1ahttps://www.instagram.com/comfort.your.life/  (comfort.your.life)\n\ud83d\udccd\u8ffd\u8e64\ud835\udc05\ud835\udc01\u7372\u5f97\u6574\u7406\u65b0\u9bae\u4e8b\uff1ahttps://www.facebook.com/virgofelife/  (Virg\u00f4fe \u7642\u80b2\u7a7a\u9593)\n\n\u3010\u773e\u91cf\u7d1a\u7c89\u7d72\u7368\u5bb6\u512a\u60e0\u3011\ud83d\udcb8\u6574\u7406\u670d\u52d9\u73fe\u6298520\u5143\ud83d\udcb8\n\ud83d\udccd\u52a0\u5165\u5b98\u65b9\ud835\udc0b\ud835\udc08\ud835\udc0d\ud835\udc04\u5f8c\uff0c\u63d0\u4f9b\u95dc\u9375\u5b57\u300c\u773e\u91cf\u7d1a\u300d\uff0c\u4e0d\u9650\u6d88\u8cbb\u91d1\u984d\u5373\u4eab\u73fe\u6298520\u5143\uff01\n\ud83d\udccd\u6d3b\u52d5\u671f\u9593\uff1a\u5373\u65e5\u8d77\u81f32023.12.31\u6b62\n\n\u2b50\u52a0\u5165\u6211\u5011\u7684YouTube\u6703\u54e1\uff1ahttps://pse.is/U8GDQ\n\ud83d\udc49\u6703\u54e1\u4ecb\u7d39\u5f71\u7247\uff1ahttps://reurl.cc/rlvEKx\n\n\u27a1\u8a02\u95b1YouTube\u3010\u773e\u91cf\u7d1aCROWD x FUN\u751f\u6d3b-\u7b2c\u4e8c\u983b\u9053\u3011\nhttps://is.gd/4dSkyk \n\u27a1\u8a02\u95b1YouTube\u3010\u5bb6\u5be7+0\u3011\nhttps://is.gd/lcdma4 \n\u27a1\u8a02\u95b1YouTube\u3010Andy\u8001\u5e2b\u3011 \nhttps://is.gd/laVony\n------------------------------------------------------------------------------------\n\u27a1FB\u3010\u773e\u91cf\u7d1aCROWD\u3011\nhttps://www.facebook.com/etman0909/\n\u27a1FB\u3010\u5bb6\u5be7+0\u3011\nhttp://bit.ly/29PljQA\n\u27a1FB\u3010Andy\u8001\u5e2b\u3011\nhttp://bit.ly/29JkGYS\n------------------------------------------------------------------------------------\n\u27a1IG\u3010\u773e\u91cf\u7d1aCROWD\u3011\nhttps://www.instagram.com/crowd520/?hl=zh-tw\n------------------------------------------------------------------------------------\n\u27a1\u7f8e\u62cd\u3010\u4f17\u91cf\u7ea7CROWD\u3011\nhttp://www.meipai.com/user/1048418678\n------------------------------------------------------------------------------------\n\u27a1\u5fae\u535a\u3010\u4f17\u91cf\u7ea7CROWD\u3011\nhttp://www.weibo.com/6067696343/profi...\n\n\u27a1\u8a02\u95b1YouTube\u3010\u773e\u91cf\u7d1aCROWD\u3011\nhttps://is.gd/JgIQw6\n\n\u5de5\u4f5c\u9080\u7d04\u8acb\u6d3d\uff1aqunhaient@gmail.com\n\n#\u5bb6\u5c45\u6574\u7406 #\u65b7\u6368\u96e2 #\u773e\u91cf\u7d1aCROWD#\u60c5\u4fb6",
        "likeCount": "4018",
        "commentCount": "94",
        "viewCount": "343071"
    },
    "comments": [
        {
            "reply_id": "UgyI9O_kPFtfDCvSNAt4AaABAg",
            "reply_content": "\u6574\u7406\u5e2b\u597d\u50cf\u594e\u4e01"
        },
        {
            "reply_id": "Ugwn8-nusVyXR7FQpL14AaABAg",
            "reply_content": "\u6709\u6574\u7406\u5e2b\u7684\u500b\u4ebaig\u55ce"
        },
        {
            "reply_id": "UgxkNjFzHNtxZ-ZKwxh4AaABAg",
            "reply_content": "\u70ba\u4ec0\u9ebc\u6703\u4e0d\u77e5\u9053\u5973\u53cb\u4e0d\u5728\u81e5\u623f\ud83d\ude05"
        },
        {
            "reply_id": "UgxC9LsUNZb2_bHzdOZ4AaABAg",
            "reply_content": "\u53ef\u80fd\u7a31\u4e0d\u4e86\u591a\u4e45\ud83d\ude02"
        },
        {
            "reply_id": "UgyrKj-XAMm3OsuJUat4AaABAg",
            "reply_content": "\u4eca\u5929\u5728\u4eac\u7ad9\u96fb\u5f71\u9662\u770b\u5230\u4f60\u5011"
        },
        {
            "reply_id": "Ugxu-PSJPOa1Fkgh9lJ4AaABAg",
            "reply_content": "\u770b\u4e86\u4ed6\u5011\u4ee5\u524d\u7684\u5f71\u7247\u518d\u4f86\u770b\u73fe\u5728\u6709\u9ede\u4e0d\u7fd2\u6163\uff0c\u6574\u500b\u611f\u89ba\u5dee\u597d\u591a\u5594\ud83d\ude02\ud83d\ude02"
        },
        {
            "reply_id": "UgxQfcIMQLENjCHvBjh4AaABAg",
            "reply_content": "\u6240\u4ee5\u5077\u85cf\u8d77\u4f86\u7684\u6771\u897f \u5bb6\u5be7\u5f8c\u4f86\u6709\u767c\u73fe\u55ce\uff1f"
        },
        {
            "reply_id": "UgxfA6MB-FpV87rjxd94AaABAg",
            "reply_content": "\u53ef\u4ee5\u554f\u4e00\u4e0b\u90a3\u500b\u978b\u6ac3\u54ea\u88e1\u8cb7\u55ce??"
        },
        {
            "reply_id": "UgzxVR-NJ4ewFrea83h4AaABAg",
            "reply_content": "\u611f\u89ba\u4e00\u958b\u59cb\u6e9d\u901a\u597d\u627e\u8001\u5e2b \u6bd4\u8f03\u597d"
        },
        {
            "reply_id": "UgxfiHLbAK13eb2q6AZ4AaABAg",
            "reply_content": "\u597d\u4e86\u5566 \u8c9d\u8389\u8393 \u518d\u88dd\u5c31\u4e0d\u50cf\u4e86"
        },
        {
            "reply_id": "UgxpvpMopqJNmYfZVFt4AaABAg",
            "reply_content": "\u53ef\u662f\u6211\u6c92\u8fa6\u6cd5\u63a5\u53d7\u6b38\ud83d\ude02\n\u56e0\u70ba\u6211\u4e0d\u559c\u6b61\u5225\u4eba\u78b0\u6211\u7684\u6771\u897f"
        },
        {
            "reply_id": "UgyP42r3aMtjkBrIqOh4AaABAg",
            "reply_content": "\u597d\u68d2\u5594"
        },
        {
            "reply_id": "Ugxlhuo7BYaTcwWU6o54AaABAg",
            "reply_content": "\u6211\u770b\u5230\u9019\u5f71\u7247\u624d\u767c\u73fe\u6211 \u7684\u6771\u897f\u88ab\u4e1f\u4e86\ud83d\ude21\ud83e\udd7a"
        },
        {
            "reply_id": "UgzAQMhj8U2vxGdZ1RJ4AaABAg",
            "reply_content": "\u5f88\u4e45\u6c92\u770b\u91cd\u91cf\u7d1a\u4e86\u611f\u89ba\u8b8a\u4e86\u5f88\u591a\u4e8b\u7269\u9084\u6709\u9ede\u95b1\u7387\u4e4b\u5f8c\u6703\u5728\u56de\u4f86\u770b\ud83d\ude0a"
        },
        {
            "reply_id": "UgxfavumDx88obTiEQB4AaABAg",
            "reply_content": "\u6709\u4e9b\u89d2\u5ea6 \u6709\u9ede\u50cf\u5b87\u5b99\u5c11\u5973\u7684 \u590f\u5929"
        },
        {
            "reply_id": "UgxWs9_xuZD0GslOe_l4AaABAg",
            "reply_content": "\u4e1f\u6389\u624d\u53ef\u4ee5\u518d\u8cb7\u65b0\u7684  \u61c2\u4e0d\u61c2"
        },
        {
            "reply_id": "UgzkwM39CE2dw8xrvWB4AaABAg",
            "reply_content": "\u770b\u8d77\u4f86\u4e0d\u50cf\u4f4f\u5728\u4e00\u8d77\u6b38\ud83d\ude04\ud83d\ude04"
        },
        {
            "reply_id": "UgxH-jVhoiEFqfSq5B94AaABAg",
            "reply_content": "\u756b\u9762\u6709\u9ede\u6643"
        },
        {
            "reply_id": "Ugzw3phUhx6Qkd238rt4AaABAg",
            "reply_content": "\u54c8\u76ae\u54c8\u76ae\u54c8\u76ae"
        },
        {
            "reply_id": "Ugyl1ID7wcAGZLgYnVZ4AaABAg",
            "reply_content": "\u91cd\u8981\u7684\u6771\u897f\u5c31\u662f\u8981\u7528\u7684\u6642\u5019\u6709\u7a81\u7136\u60f3\u8d77\u4f86\ud83d\ude02\ud83d\ude02\ud83d\ude02"
        }
    ]
}