{
    "video_info": {
        "id": "SVAMaYRdTlY",
        "channelTitle": "\u773e\u91cf\u7d1aCROWD",
        "title": "\u7576\u5973\u53cb\u5077\u5077\u8df3\u821e \u88ab\u767c\u73fe\u6642...#\u773e\u91cf\u7d1acrowd #pinkvenomchallenge #blackpink",
        "description": "#pinkvenomchallenge",
        "likeCount": "15435",
        "commentCount": "98",
        "viewCount": "538059"
    },
    "comments": [
        {
            "reply_id": "UgxLp8nQ5eqpjblntAx4AaABAg",
            "reply_content": "\u53ef\u611b"
        },
        {
            "reply_id": "UgyiNfOIBIO6wNr-sMF4AaABAg",
            "reply_content": "\u90a3\u500b\u7da0\u8272\u7684\u5305\u5305\u662f\u600e\u6a23\ud83d\ude02\ud83d\ude02"
        },
        {
            "reply_id": "UgwfU9yVnuz1YxrpVKx4AaABAg",
            "reply_content": "\u633a\u80d6\u7684"
        },
        {
            "reply_id": "Ugzxh69pBbOUKWT3dbF4AaABAg",
            "reply_content": "\u4f60\u5973\u53cb\u597d\u9ed1"
        },
        {
            "reply_id": "Ugz6AlHO3dD8fLUDbs54AaABAg",
            "reply_content": "\u9019\u500b\u5f88\u597d\u770b"
        },
        {
            "reply_id": "UgwAas7suzzx7xCo3FZ4AaABAg",
            "reply_content": "\u5bb6\u5be7\u5f88\u50cf\u6211\u7684\u8df3\u821e\u4ee3\u8ab2\u8001\u5e2b\u8eab\u6750\u4e00\u6a23\u5916\u5957\u5bb6\u5be7\u4e5f\u6709\u7c21\u76f4\u4e00\u6a21\u4e00\u6a23"
        },
        {
            "reply_id": "Ugyw274VPdxkbf3u5IJ4AaABAg",
            "reply_content": "\u7d66\u4ed6\u7834\u842c\u8b9a\u6309\u4e0b\u4e86\n\u81ea\u7136\u4e0d\u505a\u4f5c \u597d\u5440"
        },
        {
            "reply_id": "UgxSqKOYY0kTbmii75Z4AaABAg",
            "reply_content": "\u5bb60\u8b8a\u9ed1\u4e86"
        },
        {
            "reply_id": "UgzT6vu-dsDBTcGSa_N4AaABAg",
            "reply_content": "\u6211\u4e5f\u662f\u9019\u6a23\uff0c\u4e00\u65e6\u6709\u4eba\u4f86\u6211\u5c31\u4e0d\u597d\u610f\u601d\u5c31\u4e0d\u6703\u5728\u8df3"
        },
        {
            "reply_id": "Ugy97hv_qFK2bovN8rx4AaABAg",
            "reply_content": "\u8a72\u53bb\u9686\u80f8\u4e86"
        },
        {
            "reply_id": "UgyuP-mQBM7ApB1vLZF4AaABAg",
            "reply_content": "\u90a3\u7b11\u5bb9\u771f\u751c\uff0c\u4f55\u4e0d\u5e72\u8106\u6765\u6bb5\u8131\u7684\uff01"
        },
        {
            "reply_id": "Ugzz8P1KD2HmgEAVYmp4AaABAg",
            "reply_content": "\u54c8\uff0c\u770b\u5230\u4f60\u62cd\uff0c\u77ac\u9593\u6d29\u6c23"
        },
        {
            "reply_id": "UgymZR0BowkQY-Ouni54AaABAg",
            "reply_content": "\u4e0d\u662f\u5206\u624b\u4e86\uff1f\u539f\u4f86\u53ea\u662f\u516b\u5366\u65b0\u805e\ud83d\ude2e"
        },
        {
            "reply_id": "UgzvWWF8DWSnCh9_lch4AaABAg",
            "reply_content": "\u597d\u597d\u4f11\u606f\u4e0d\u8981\u592a\u7d2f"
        },
        {
            "reply_id": "UgzVrTt8k4dgmYnC42N4AaABAg",
            "reply_content": "\u5bb6\u5be7\u597d\u53ef\u611b\u554a"
        },
        {
            "reply_id": "Ugxvq6xKx1eBKZ6Sukd4AaABAg",
            "reply_content": "\u59d0\u4e3a\u4ec0\u4e48\u5bf9\u955c\u5b50\u8df3\u821e"
        },
        {
            "reply_id": "UgxmM6fVICz8BjxUyP14AaABAg",
            "reply_content": "\u5982\u679c\u5979\u5728\u5bb6\u5728\u81ea\u8a00\u81ea\u8a9e\u6216\u662f\u81ea\u5df1\u5728\u90a3\u908a\u505a\u9b3c\u81c9\u4e00\u5b9a\u5f88\u591a\u4eba\u770b\u54c8\u54c8"
        },
        {
            "reply_id": "UgzKKI4w8kZkbMbh5tB4AaABAg",
            "reply_content": "\u662f\u6211\u7684\u932f\u89ba\u9084\u662f\u5bb6\u5be7\u8b8a\u9ed1\u4e86"
        },
        {
            "reply_id": "UgyMGBCAC8-ckcF2ujR4AaABAg",
            "reply_content": "\u5f88\u53ef\u611b\u54c8\u54c8\u54c8"
        },
        {
            "reply_id": "Ugw5MM9LCQaL0qOteet4AaABAg",
            "reply_content": "\u88ab\u6293\u5230\u7684\u6a23\u5b50\u6709\u5920\u597d\u7b11"
        }
    ]
}