{
    "video_info": {
        "id": "T3uR3za5jL8",
        "channelTitle": "\u773e\u91cf\u7d1aCROWD",
        "title": "\u7537\u53cb\u7684\u751f\u65e5\u79ae\u7269\uff01\uff1f\u6211\u5011\u7d42\u65bc\u5713\u5922\u4e86\uff01",
        "description": "\u2b50\u52a0\u5165\u6211\u5011\u7684YouTube\u6703\u54e1\uff1ahttps://pse.is/U8GDQ\n\ud83d\udc49\u6703\u54e1\u4ecb\u7d39\u5f71\u7247\uff1ahttps://reurl.cc/rlvEKx\n\n\u27a1\u8a02\u95b1YouTube\u3010\u773e\u91cf\u7d1aCROWD x FUN\u751f\u6d3b-\u7b2c\u4e8c\u983b\u9053\u3011\nhttps://is.gd/4dSkyk \n\u27a1\u8a02\u95b1YouTube\u3010\u5bb6\u5be7+0\u3011\nhttps://is.gd/lcdma4 \n\u27a1\u8a02\u95b1YouTube\u3010Andy\u8001\u5e2b\u3011 \nhttps://is.gd/laVony\n------------------------------------------------------------------------------------\n\u27a1FB\u3010\u773e\u91cf\u7d1aCROWD\u3011\nhttps://www.facebook.com/etman0909/\n\u27a1FB\u3010\u5bb6\u5be7+0\u3011\nhttp://bit.ly/29PljQA\n\u27a1FB\u3010Andy\u8001\u5e2b\u3011\nhttp://bit.ly/29JkGYS\n------------------------------------------------------------------------------------\n\u27a1IG\u3010\u773e\u91cf\u7d1aCROWD\u3011\nhttps://www.instagram.com/crowd520/?hl=zh-tw\n------------------------------------------------------------------------------------\n\u27a1\u7f8e\u62cd\u3010\u4f17\u91cf\u7ea7CROWD\u3011\nhttp://www.meipai.com/user/1048418678\n------------------------------------------------------------------------------------\n\u27a1\u5fae\u535a\u3010\u4f17\u91cf\u7ea7CROWD\u3011\nhttp://www.weibo.com/6067696343/profi...\n\n\u27a1\u8a02\u95b1YouTube\u3010\u773e\u91cf\u7d1aCROWD\u3011\nhttps://is.gd/JgIQw6\n\n\u5de5\u4f5c\u9080\u7d04\u8acb\u6d3d\uff1aqunhaient@gmail.com\n\n#\u6574\u4ebaPRANK#\u773e\u91cf\u7d1aCROWD#\u60c5\u4fb6",
        "likeCount": "3228",
        "commentCount": "96",
        "viewCount": "207869"
    },
    "comments": [
        {
            "reply_id": "UgzH3kHf1sp89CMXmWR4AaABAg",
            "reply_content": "\u606d\u559c"
        },
        {
            "reply_id": "UgxflCI5a6NXUf0WnCp4AaABAg",
            "reply_content": "\u597d\u597d\u5594\u4f60\u5011\u7684\u751f\u65e5\u904e\u7684\u597d\u958b\u5fc3\uff0c\u6211\u5bb6\u4eba\u90fd\u4e0d\u5e6b\u6211\u904e\u751f\u65e5\uff0c\u90fd13\u6b72\u4e86\u9084\u6c92\u904e\u904e\u751f\u65e5\ud83e\udd7a"
        },
        {
            "reply_id": "Ugy_p9hf3ldktbqXDBR4AaABAg",
            "reply_content": "\u7121\u804a"
        },
        {
            "reply_id": "UgzBi0_959aHWAd2c9h4AaABAg",
            "reply_content": "\u8eca\u724c\u6c92\u6709\u99ac\u8cfd\u514b"
        },
        {
            "reply_id": "UgzWW2J-OQsZ-Ej3xdh4AaABAg",
            "reply_content": "\u8eca\u5f88\u9177\u5594\u90a3\u5c31\u5148\u795dAndy\u751f\u65e5\u5feb\u6a02\ud83c\udf89\u5c0d\u4e86\u4f60\u7684\u8dd1\u8eca\u771f\u7684\u662f\u5bb6\u5be7\u771f\u5fc3\u9001\u7d66\u4f60\u7684\u5466\u5c0d\u4e86\u8dd1\u8eca\u8981\u597d\u597d\u73cd\u60dc\u5594"
        },
        {
            "reply_id": "Ugy-fHmePMM5eOnr4NR4AaABAg",
            "reply_content": "\u5206\u624b\u9084\u80fd\u9019\u6a23"
        },
        {
            "reply_id": "Ugw_mqNgVPwVfzmngHl4AaABAg",
            "reply_content": "\u5e0c\u671b\u773e\u91cf\u7d1a\u56de\u6b78\u5230\u4e4b\u524d\u7684\u6a21\u5f0f \u5e0c\u671b\u7684\u9ede\n\u2193"
        },
        {
            "reply_id": "UgwONQcX19X11ZYt2NN4AaABAg",
            "reply_content": "\u7f8e"
        },
        {
            "reply_id": "UgxCm2Kd-kTVWIv-tJl4AaABAg",
            "reply_content": "\u751f\u65e5\u5feb\u6a02\uff01\u8981\u4e00\u76f4\u5e78\u798f\u5594\ud83d\ude0d"
        },
        {
            "reply_id": "UgxaUf4iobdISVCgQ2R4AaABAg",
            "reply_content": "\u662f\u554a\u4f60\u5011\u6bcf\u5929\u90fd\u5728\u723d\u4e0d\u50cf\u6211\u4e03\u516b\u6708\u90fd\u8981\u52a0\u73ed\u52a0\u5230\u6b7b\u4e86\u4f60\u5011\u5169\u500b\u80fd\u5920\u4eab\u53d7\u662f\u4f60\u5011\u7684\u798f\u6c23"
        },
        {
            "reply_id": "UgzYDJVQxgGo9IOKNst4AaABAg",
            "reply_content": "\u751f\u65e5\u5feb\u6a02\u2764"
        },
        {
            "reply_id": "UgxJaS2fZbXgiRLoCrt4AaABAg",
            "reply_content": "\u8b1d\u8b1d\u60a8\u5011\u5c0f\u5006\u53e3\u7e3d\u662f\u7d66\u6eff\u6eff\u6b63\u80fd\u91cf\uff0c\u771f\u7684\u8d85\u7d1a\u958b\u5fc3\n\u751f\u65e5\u5feb\u6a02"
        },
        {
            "reply_id": "UgwC1qAlhjVLpFf3szh4AaABAg",
            "reply_content": "\u6211\u885d\u6d6a\u7684\u5730\u65b9 \u54c8\u54c8"
        },
        {
            "reply_id": "UgwaoHd3-CDrGE9KCRt4AaABAg",
            "reply_content": "\u5148\u6309\u8b9a\u518d\u8aaa\u2764"
        },
        {
            "reply_id": "UgyJ-OQo654-T1cpRap4AaABAg",
            "reply_content": "\u751f\u65e5\u5feb\u6a02"
        },
        {
            "reply_id": "Ugw0I9mSHBuqFrrLL_R4AaABAg",
            "reply_content": "\u6211\u770b\u904e\u8dd1\u8eca\u52a098\u5230\u4e94\u5343\u4e00\u842c"
        },
        {
            "reply_id": "UgzkE9q-ZgVUfYS5Ubh4AaABAg",
            "reply_content": "\u751f\u65e5\u5feb\u6a02"
        },
        {
            "reply_id": "UgwbhJ70EpP_U3AUSxh4AaABAg",
            "reply_content": "\u751f\u65e5\u5feb\u6a02\ud83c\udf89"
        },
        {
            "reply_id": "UgxK7M9hzUAJlm3IIx14AaABAg",
            "reply_content": "\u600e\u9ebc\u770b\u5230\u5f71\u7247\u5f8c\u9762\u89ba\u5f97\u5f88\u611f\u52d5\ud83d\ude39\u5f88\u5e78\u798f\u7684\u611f\u89ba\uff5e\u5e0c\u671b\u4f60\u5011\u90fd\u53ef\u4ee5\u4e00\u76f4\u9019\u9ebc\u958b\u5fc3\u9019\u9ebc\u5e78\u798f\u4e0b\u53bb\uff5e\u6301\u7e8c\u5e36\u7d66\u6211\u5011\u6b61\u6a02\u5e78\u798f\u7684\u773e\u91cf\u7d1a\u2764"
        },
        {
            "reply_id": "UgzN_pCmd1l8lQ9FxdN4AaABAg",
            "reply_content": "\u751f\u65e5\u79ae\u7269"
        }
    ]
}