{
    "video_info": {
        "id": "u6AhcgVmuQs",
        "channelTitle": "\u773e\u91cf\u7d1aCROWD",
        "title": "\u6211\u5011\u53ef\u611b\u6210\u9019\u6a23\uff0c\u505a\u4f60\u7684\u8056\u8a95\u79ae\u7269\u597d\u55ce\uff1f\ud83d\ude07#\u773e\u91cf\u7d1acrowd #\u6c96\u7e69 #\u7f8e\u570b\u6751 #\u821e\u8e48",
        "description": "",
        "likeCount": "2500",
        "commentCount": "18",
        "viewCount": "77343"
    },
    "comments": [
        {
            "reply_id": "Ugw9z-eI09Qn3vS36Ol4AaABAg",
            "reply_content": "\u597d\u53ef\u611b \u597d\u751c\u871c"
        },
        {
            "reply_id": "UgwqQ2oI_HeOmimtlxt4AaABAg",
            "reply_content": "\u597d"
        },
        {
            "reply_id": "UgyT9aOsDvmmJLi2Xe54AaABAg",
            "reply_content": "\u6211\u5011\u8001\u5e2b\u6709\u6559\u6211\u5011\u8df3\u9019\u9996\u6b4c"
        },
        {
            "reply_id": "Ugz0BAMgs3HSU-AQX814AaABAg",
            "reply_content": "\u54c8\u54c8\u54c8\u70ba\u4ec0\u9ebc\u662f\u7da0\u8272"
        },
        {
            "reply_id": "Ugw_T8a2dGdynarPLOx4AaABAg",
            "reply_content": "\u7f8e"
        },
        {
            "reply_id": "UgzjzUjvZoYvBgX1-eZ4AaABAg",
            "reply_content": "\u5f88\u559c\u6b61\u770b\u59b3\u5011\u4e00\u8d77\u8df3\u821e"
        },
        {
            "reply_id": "UgyGDnTBHbHDXk2H1H94AaABAg",
            "reply_content": "\u53ef\u4ee5\u7684\u6c92\u554f\u984c"
        },
        {
            "reply_id": "UgyJXd14u-y8q8R3UUF4AaABAg",
            "reply_content": "\u53ef\u611b"
        },
        {
            "reply_id": "UgxJq7ZkybbOrA-azNp4AaABAg",
            "reply_content": "\u7f8e\u7f8e\u7684"
        },
        {
            "reply_id": "UgzWnu1ioVte2nIYph54AaABAg",
            "reply_content": "\u4f60\u5011\u53ef\u4ee5\u591a\u505a\u77ed\u7247\u55ce\ud83d\ude06"
        }
    ]
}