{
    "video_info": {
        "id": "uHhvkYYjXZs",
        "channelTitle": "\u773e\u91cf\u7d1aCROWD",
        "title": "\u5cc7\u5398\u5cf6\u65c5\u884c\u88ab\u5c0e\u904a\u5e36\u53bb\u7279\u6b8a\u884c\u7a0b\uff0c\u504f\u50fb\u5371\u96aa\u7684\u6697\u9ed1\u5c0f\u5f91\u5167\u7adf\u85cf\u6709...\u3010\u773e\u91cf\u7d1aCROWD\u3011#\u8056\u8a95\u7bc0\u4ea4\u63db\u6a5f\u7968",
        "description": "\u2b50\u52a0\u5165\u6211\u5011\u7684YouTube\u6703\u54e1\uff1ahttps://pse.is/U8GDQ\n\ud83d\udc49\u6703\u54e1\u4ecb\u7d39\u5f71\u7247\uff1ahttps://reurl.cc/rlvEKx\n\n\u27a1\u8a02\u95b1YouTube\u3010\u773e\u91cf\u7d1aCROWD x FUN\u751f\u6d3b-\u7b2c\u4e8c\u983b\u9053\u3011\nhttps://is.gd/4dSkyk \n\u27a1\u8a02\u95b1YouTube\u3010\u5bb6\u5be7+0\u3011\nhttps://is.gd/lcdma4 \n\u27a1\u8a02\u95b1YouTube\u3010Andy\u8001\u5e2b\u3011 \nhttps://is.gd/laVony\n------------------------------------------------------------------------------------\n\u27a1FB\u3010\u773e\u91cf\u7d1aCROWD\u3011\nhttps://www.facebook.com/etman0909/\n\u27a1FB\u3010\u5bb6\u5be7+0\u3011\nhttp://bit.ly/29PljQA\n\u27a1FB\u3010Andy\u8001\u5e2b\u3011\nhttp://bit.ly/29JkGYS\n------------------------------------------------------------------------------------\n\u27a1IG\u3010\u773e\u91cf\u7d1aCROWD\u3011\nhttps://www.instagram.com/crowd520/?hl=zh-tw\n------------------------------------------------------------------------------------\n\u27a1\u7f8e\u62cd\u3010\u4f17\u91cf\u7ea7CROWD\u3011\nhttp://www.meipai.com/user/1048418678\n------------------------------------------------------------------------------------\n\u27a1\u5fae\u535a\u3010\u4f17\u91cf\u7ea7CROWD\u3011\nhttp://www.weibo.com/6067696343/profi...\n\n\u27a1\u8a02\u95b1YouTube\u3010\u773e\u91cf\u7d1aCROWD\u3011\nhttps://is.gd/JgIQw6\n\n\u5de5\u4f5c\u9080\u7d04\u8acb\u6d3d\uff1aqunhaient@gmail.com\n\n#\u5cc7\u5398\u5cf6 #\u773e\u91cf\u7d1aCROWD#\u60c5\u4fb6",
        "likeCount": "1326",
        "commentCount": "38",
        "viewCount": "59089"
    },
    "comments": [
        {
            "reply_id": "UgyqdhkG9KLa7kxjwwR4AaABAg",
            "reply_content": "\u5bb6\u5be7\u2764\u53ef\u4ee5\u51fa\u4e00\u96c6\u745c\u73c8\u5fc3\u8def\u6b77\u7a0b\u55ce\uff1f\u90fd\u662f\u7528\u4ec0\u9ebc\u65b9\u5f0f\u53bb\u6cbb\u7652\u81ea\u5df1\u7684"
        },
        {
            "reply_id": "UgzE460sAf9G8ECs6LN4AaABAg",
            "reply_content": "\u7d42\u65bc~~\u7b49\u4e86\u597d\u591a\u5929~\u5cc7\u91cc\u5cf6\u4e0b\u96c6"
        },
        {
            "reply_id": "Ugw84rIRPcrZKtX9ulF4AaABAg",
            "reply_content": "\u6211\u624d\u525b\u53bb\u5b8c\u5df4\u5398\u5c9b\u6b38 \u76f4\u63a5\u5168\u66ec\u9ed1"
        },
        {
            "reply_id": "UgxLIMo5bW-CqlzcRHh4AaABAg",
            "reply_content": "\u5bb6\u5be7\u6211\u60f3\u770b\u4f60\u5011\u4e00\u8d77\u53bb\u6cf0\u570b\u4f4f\ud83d\ude0a"
        },
        {
            "reply_id": "UgxH_YJdGQQ1MLfR1Pl4AaABAg",
            "reply_content": "\u53bb\u571f\u8033\u5176\u6d17\u6fa1\u8ddf\u8cb7\u7576\u5730\u98fe\u54c1"
        },
        {
            "reply_id": "UgwKNsMNNjZhEdpCpmZ4AaABAg",
            "reply_content": "\u5bb6\u5be7\u7684\u7167\u7247\u592a\u7f8e\u4e86\ud83d\ude0d"
        },
        {
            "reply_id": "UgzY5B4tiJEn1bBQGJ94AaABAg",
            "reply_content": "\u7e3d\u89ba\u5f97\u4f60\u5011\u6700\u8fd1\u5f71\u7247\u7684\u756b\u8cea\u597d\u50cf\u602a\u602a\u3109\ud83d\ude22\u770b\u8d77\u4f86\u6697\u6697\u7684\uff01"
        },
        {
            "reply_id": "UgyhySCe9ZxofraQIFp4AaABAg",
            "reply_content": "\u60f3\u770b\u4f60\u5011\u53bb\u99ac\u723e\u5730\u592b"
        },
        {
            "reply_id": "Ugyr57jgs8K4iqkZJgp4AaABAg",
            "reply_content": "\u7761\u6b7b\u662f\u600e\u6a23 \u7b11\u6b7b\u4e86\u5566! \u8001\u5e2b\u5728\u65c1\u908a\u64ad\u97f3\u6a02 \u5b78\u751f\u76f4\u63a5\u7761\u8457\u4e86\ud83e\udd23"
        },
        {
            "reply_id": "Ugzq7nCvaa2SyMk02NR4AaABAg",
            "reply_content": "\u6211\u5927\u6982\u77e5\u9053\u70ba\u4ec0\u9ebc\u4ed6\u8981\u5728\u6df1\u5c71\u88e1\u4e86\u2026\ud83d\ude05\n\u5728\u57ce\u5e02\u88e1\u7d55\u5c0d\u6703\u5435\u5230\u9130\u5c45\u2026\uff01"
        },
        {
            "reply_id": "Ugwp5IyLPEVuXXpxSyF4AaABAg",
            "reply_content": "\u5e0c\u671b\u80fd\u6765\u9a6c\u6765\u897f\u4e9a"
        },
        {
            "reply_id": "Ugxz4-AMv-Exx2l-MYF4AaABAg",
            "reply_content": "\u5f88\u559c\u6b61\u5f71\u7247\u5167\u5bb9\uff0c\u4e5f\u60f3\u8981\u53bb\u9ad4\u9a57\u770b\u770b\u3002\n\u5e0c\u671b\u4f60\u5011\u53ef\u4ee5\u597d\u597d\u653e\u9b06\u7684\u73a9\uff0c\u8981\u7761\u98fd\uff01\uff01\uff01"
        },
        {
            "reply_id": "UgzlnJR119KNAWABw054AaABAg",
            "reply_content": "\u5bb6\u5be7\u7684\u7cbe\u795e\u548c\u52c7\u6c23\u53ef\u52a0.\u52c7\u65bc\u5617\u8a66"
        },
        {
            "reply_id": "Ugwkxz0_s-mVHG_dW2N4AaABAg",
            "reply_content": "\u8eba\u90a3\u4e00\u5ea6\u4ee5\u70ba\u906d\u5949\u737b\u7684\u5c4d\u9ad4\uff0c\u518d\u914d\u5408\u90a3\u5492\u8a9e\u822c\u7684\u904e\u7a0b\uff0c\u9019\u662f\u53ec\u559a\u4ec0\u9ebc\u7684\u5100\u5f0f\u55ce\uff1f"
        },
        {
            "reply_id": "UgwKO05VXe-tExDoGrV4AaABAg",
            "reply_content": "\u9019\u8d9f\u65c5\u7a0b\u7684\u5f71\u7247\u90fd\u5f88\u597d\u770b"
        },
        {
            "reply_id": "UgzvUM9zzgRSnfV9XhJ4AaABAg",
            "reply_content": "\u54c7\u53bb\u65c5\u884c\u597d\u591a\u4eba\u54e6!"
        },
        {
            "reply_id": "UgyCoi6QpW7qba8ltdN4AaABAg",
            "reply_content": "\u6de8\u5316\u90a3\u6bb5\u5168\u7a0b\u6a5f\u76ae\u7599\u7629"
        },
        {
            "reply_id": "UgzyIToFtcsOg-OLFpB4AaABAg",
            "reply_content": "\u6709\u4e00\u5ea6\u4ee5\u70ba\u5728\u770b\u5492\ud83e\udd23"
        },
        {
            "reply_id": "UgybM0iydi4954L52-R4AaABAg",
            "reply_content": "\u5bb6\u5be7\u5f88\u52c7\u6562 \u4ec0\u9ebc\u4e8b\u60c5\u90fd\u6562\u52c7\u6562\u5617\u8a66 \u89ba\u5f97\u5f88\u4f69\u670d\ud83d\udc4d\n\u5f88\u559c\u6b61\u4f60\u5011\u9019\u5c0d\u2764\ufe0f\u795d\u4f60\u5011\u5e78\u798f\u7f8e\u6eff\u2764\ufe0f\u5feb\u5feb\u6a02\u6a02\u7684\ud83e\udd73\n\u6700\u5f8c\u795d\u4f60\u5011\u65b0\u5e74\u5feb\u6a02\ud83c\udf81\n\u5cc7\u91cc\u5cf6\u7684\u98a8\u666f\u771f\u7684\u5f88\u7f8e\u2764\ufe0f\u9084\u80fd\u9ad4\u9a57\u7576\u5730\u7684\u6c11\u4fd7\u6587\u5316~\u5f88\u4eab\u53d7\ud83e\udd70"
        },
        {
            "reply_id": "UgyAeyrQ4BvRKAkYDgJ4AaABAg",
            "reply_content": "\u9019\u90e8\u5f88\u7cbe\u5f69\u2764\u4e00\u5b9a\u8981\u770b"
        }
    ]
}