{
    "video_info": {
        "id": "VabuqIFqK9w",
        "channelTitle": "\u773e\u91cf\u7d1aCROWD",
        "title": "\u958b\u5fc3\u662f\u516c\u4e3b\ud83d\udc78\u4e0d\u958b\u5fc3\u662f\u843d\u96e3\u516c\u4e3b\ud83e\udd37\u200d\u2640\ufe0f\u6240\u4ee5\u4eca\u5929\u4f60\u662f\uff1f#\u773e\u91cf\u7d1acrowd #\u9999\u6e2f\u8fea\u58eb\u5c3c",
        "description": "",
        "likeCount": "2679",
        "commentCount": "9",
        "viewCount": "92318"
    },
    "comments": [
        {
            "reply_id": "UgxmECefNDDgC1FulgR4AaABAg",
            "reply_content": "\u6211\u660e\u5929\u8981\u53bb\u65e5\u672c\u73a9\uff01"
        },
        {
            "reply_id": "Ugxt1Ad3FQCORzybcmd4AaABAg",
            "reply_content": "\u6211\u4e5f\u597d\u60f3\u53bb\u8fea\u58eb\u5c3c\u73a9\u54e6"
        },
        {
            "reply_id": "UgyhCksHwbMpp8ADMmF4AaABAg",
            "reply_content": "\u9999\u6e2f\u4f86\u7684\u55ce\u6211\u7d93\u5e38\u53bb\u56e0\u70ba\u6211\u6709\u91d1\u5361"
        },
        {
            "reply_id": "UgzQbro0IqTQg5v5BFN4AaABAg",
            "reply_content": "\u662f\u9999\u6e2f\u5417 \u5982\u679c\u662f\u7684\u8bdd\u6211\u4e5f\u6709\u53bb"
        },
        {
            "reply_id": "UgwZ7RqNGrReUG4J75t4AaABAg",
            "reply_content": "\u9019\u6a21\u591a\u5e74\u4e86Andy\u7684\u821e\u6280\u9084\u662f\u8207\u4ee5\u524d\u4e00\u6a23\uff0c\u6c92\u6709\u9032\u6b65\u4e5f\u6c92\u6709\u9000\u6b65\uff0c\u7dad\u6301\u6046\u5b9a\u7684\u6c34\u6e96\u771f\u4e0d\u5bb9\u6613"
        },
        {
            "reply_id": "UgwuqVjZ3M-KXxp1-H94AaABAg",
            "reply_content": "\u9084\u4f86\u7684\u53ca\u55ce\u9999\u6e2f\u7684\u7c89\u4e1d\u54c8\u54c8\u54c8\u54c8\u54c8\u54c8\u54c8\u54c8\ud83d\ude02"
        }
    ]
}