{
    "video_info": {
        "id": "VkCyDNxUV_g",
        "channelTitle": "\u773e\u91cf\u7d1aCROWD",
        "title": "\u7d66\u4e00\u5e74\u672a\u958b\u8eca\u7684\u5973\u53cb\u8f09\u662f\u4ec0\u9ebc\u9ad4\u9a57\uff01\uff1f\u96e3\u9053\u662f\u9a5a\u96aa\u7684\u958b\u59cb\uff01\uff1f#101\u4ef6\u9858\u671b",
        "description": "\u2b50\u52a0\u5165\u6211\u5011\u7684YouTube\u6703\u54e1\uff1ahttps://pse.is/U8GDQ\n\ud83d\udc49\u6703\u54e1\u4ecb\u7d39\u5f71\u7247\uff1ahttps://reurl.cc/rlvEKx\n\n\u27a1\u8a02\u95b1YouTube\u3010\u773e\u91cf\u7d1aCROWD x FUN\u751f\u6d3b-\u7b2c\u4e8c\u983b\u9053\u3011\nhttps://is.gd/4dSkyk \n\u27a1\u8a02\u95b1YouTube\u3010\u5bb6\u5be7+0\u3011\nhttps://is.gd/lcdma4 \n\u27a1\u8a02\u95b1YouTube\u3010Andy\u8001\u5e2b\u3011 \nhttps://is.gd/laVony\n------------------------------------------------------------------------------------\n\u27a1FB\u3010\u773e\u91cf\u7d1aCROWD\u3011\nhttps://www.facebook.com/etman0909/\n\u27a1FB\u3010\u5bb6\u5be7+0\u3011\nhttp://bit.ly/29PljQA\n\u27a1FB\u3010Andy\u8001\u5e2b\u3011\nhttp://bit.ly/29JkGYS\n------------------------------------------------------------------------------------\n\u27a1IG\u3010\u773e\u91cf\u7d1aCROWD\u3011\nhttps://www.instagram.com/crowd520/?hl=zh-tw\n------------------------------------------------------------------------------------\n\u27a1\u7f8e\u62cd\u3010\u4f17\u91cf\u7ea7CROWD\u3011\nhttp://www.meipai.com/user/1048418678\n------------------------------------------------------------------------------------\n\u27a1\u5fae\u535a\u3010\u4f17\u91cf\u7ea7CROWD\u3011\nhttp://www.weibo.com/6067696343/profi...\n\n\u27a1\u8a02\u95b1YouTube\u3010\u773e\u91cf\u7d1aCROWD\u3011\nhttps://is.gd/JgIQw6\n\n\u5de5\u4f5c\u9080\u7d04\u8acb\u6d3d\uff1aqunhaient@gmail.com\n\n#101\u4ef6\u9858\u671b #\u5973\u53cb\u958b\u8eca #\u773e\u91cf\u7d1aCROWD#\u60c5\u4fb6",
        "likeCount": "2583",
        "commentCount": "80",
        "viewCount": "116245"
    },
    "comments": [
        {
            "reply_id": "UgznRD8eOco6A9BJ4ix4AaABAg",
            "reply_content": "\u8acb\u554f\u665a\u9910\u662f\u54ea\u9593\u9910\u5ef3\uff01\uff1f"
        },
        {
            "reply_id": "UgwuNXhoPKuV5fAIj_54AaABAg",
            "reply_content": "\u5bb6\u5be7\u7b11\u7684\u597d\u53ef\u611b"
        },
        {
            "reply_id": "Ugy4Ni9odPIKI1nrK594AaABAg",
            "reply_content": "\u9019\u662f\u4e4b\u524d\u62cd\u7684\u5427\ud83d\ude0a"
        },
        {
            "reply_id": "UgyCkhqi8_E_UXByIaF4AaABAg",
            "reply_content": "\u5730\u7344\u91cc\u9577\u56de\u4f86\u4e86"
        },
        {
            "reply_id": "UgxuuFRkFbVYzVnlUgp4AaABAg",
            "reply_content": "\u5bb6\u5be7\u53ef\u4ee5\u62cd\u599d\u5bb9\u5206\u4eab\u55ce \u611f\u89ba\u8ddf\u4ee5\u524d\u4e0d\u4e00\u6a23\u4e86 \u60f3\u77e5\u9053\u662f\u6539\u8b8a\u4e86\u4ec0\u9ebc"
        },
        {
            "reply_id": "UgwTgooX9gDdXLMWwyB4AaABAg",
            "reply_content": "\u6240\u6709\u7684\u60e1\u6574\u4e5f\u90fd\u5728\u90a3\u500b\u623f\u9593"
        },
        {
            "reply_id": "UgyDc4PWU7hJzhSErX94AaABAg",
            "reply_content": "\u6c38\u9060\u652f\u6301\u4f60\u5011\u2764"
        },
        {
            "reply_id": "UgzPd7tzGLPBYIodP3l4AaABAg",
            "reply_content": "\u6bcf\u6b21\u770b\u4f60\u5011\u7684\u5f71\u7247\u90fd\u6703\u6cdb\u6dda\ud83e\udd79\n\u611f\u52d5\u5230\u6cdb\u6dda\n\u7b11\u5230\u6cdb\u6dda\uff08\uff1f"
        },
        {
            "reply_id": "UgwJbQ16gZMZkkIV7Jh4AaABAg",
            "reply_content": "\u597d\u4e45\u6c92\u770b\u4e86"
        },
        {
            "reply_id": "UgyPaAUsyTduXQ33XfN4AaABAg",
            "reply_content": "\u592a\u5e78\u798f\u4e86\uff01"
        },
        {
            "reply_id": "UgxKRCes-zj2Yv3vLCt4AaABAg",
            "reply_content": "\u597d\u4e45\u4e0d\u898b\u7684\u9ec3\u91d15\u79d2\u9418"
        },
        {
            "reply_id": "Ugy0K_sWwrpv6q1VZ3t4AaABAg",
            "reply_content": "\u524d\u5e7e\u5929\u624d\u525b\u56de\u9867\u5b8c24\u5c0f\u6642\u5bf5\u611b\u5973\u53cb\uff0c\u4eca\u5929\u770b\u5230\u5bf5\u611b\u7537\u53cb \u89ba\u5f97\u597d\u50cf\u4ee5\u524d\u7684\u611f\u89ba\u6162\u6162\u5728\u56de\u4f86 \ud83e\udd70"
        },
        {
            "reply_id": "Ugy6awPp-k92U_0nHCV4AaABAg",
            "reply_content": "\u600e\u9ebc\u770b\u8457\u770b\u8457\u4e5f\u8ddf\u8457\u56de\u61b6\u6e67\u4e0a\u5fc3\u982d\uff5e\u662f\u958b\u5fc3\u7684\u6dda\u6c34\uff5e\u4e00\u8def\u770b\u8457\u773e\u91cf\u7d1a\u7684\u5f71\u7247\u6709\u958b\u5fc3\u6709\u611f\u52d5\u7684\u6dda\u6c34\uff5e\u4e5f\u671f\u5f85\u672a\u4f86\u7684\u6bcf\u90e8\u5f71\u7247\uff5e\u53ea\u8981\u6709\u773e\u91cf\u7d1a\u5c31\u4e00\u5b9a\u770b\u2764"
        },
        {
            "reply_id": "UgzrWV_boek8tz-ntot4AaABAg",
            "reply_content": "\u4e0d\u932f\u770b"
        },
        {
            "reply_id": "UgyE8NBreh3qxAh7Ah54AaABAg",
            "reply_content": "\u8003\u616e\u628a\u820a\u5bb6\u8cb7\u4e0b\u4f86\u5504\uff01"
        },
        {
            "reply_id": "UgzMvwDq3OEgVNuA-WN4AaABAg",
            "reply_content": "\u5e0c\u671b\u591a\u66f4\u65b0\uff01"
        },
        {
            "reply_id": "UgzNJVgZHqIcp_-2z3d4AaABAg",
            "reply_content": "\u9019\u4ec0\u9ebd\u724c\u5b50\u6c7d\u8eca \u597d\u5927\u7684\u5929\u7a97\ud83d\udc4d"
        },
        {
            "reply_id": "Ugw0-yIzp7mO_ScnBth4AaABAg",
            "reply_content": "\u54c7\u4f60\u5011\u4e00\u76f4\u79df\u8457\u820a\u5bb6\uff0c\u61f7\u5ff5\u7684\u5730\u65b9\u2764\ufe0f\n\u66fe\u7d93\u9084\u5728\u8def\u4e0a\u8ddf\u8001\u516c\u8207\u9a0e\u8eca\u7684\u4f60\u5011\u76f8\u9047\ud83d\ude02\n\u90a3\u6642\u5019\u6211\u7684\u5b89\u5168\u5e3d\u9084\u8ddf\u5bb6\u5be7\u4e4b\u524d\u90a3\u500b\u7c89\u7d05\u8272\u7684\u4e00\u6a23\ud83d\ude02\ud83d\ude02"
        },
        {
            "reply_id": "UgwbUsngCoWhKigS72B4AaABAg",
            "reply_content": "\u5bb6\u5be7\u771f\u7684\u662f\u597d\u5973\u5b69\u2764\u770b\u5230\u5979\u62ce\u8457\u90a3\u7bb1\u9905\u4e7e\u4e0a\u70d8\u7210\u5730\u5c31\u66ff\u5979\u611f\u5230\u8f9b\u82e6\ud83d\udca6"
        },
        {
            "reply_id": "Ugzk2MJhxPlw2XBX_MF4AaABAg",
            "reply_content": "\u6211\u597d\u597d\u5947\u6211\u8ffd\u4f60\u5011\u591a\u4e45\u4e86\ud83d\ude02\ud83d\ude02\u6211\u9084\u8a18\u5f97\u7576\u521d\u6211\u662f\u5728\u67d0\u4e00\u500b\u76f4\u64ad\u7a0b\u5f0f\u9047\u5230\u4f60\u5011\uff0c\u6211\u90a3\u6642\u5019\u9084\u662f\u500b\u4e0d\u600e\u9ebc\u770byt\u7684\u4eba\uff0c\u4e4b\u5f8c\u8ffd\u4e86\u4f60\u5011\u7684yt\u983b\u9053\uff0c\u5230\u73fe\u5728\u6211\u6709\u9ede\u5fd8\u4e86\u8ffd\u8e64\u591a\u4e45\u4e86\ud83d\ude02"
        }
    ]
}