{
    "video_info": {
        "id": "Vw4l7Ovp98U",
        "channelTitle": "\u773e\u91cf\u7d1aCROWD",
        "title": "\u65e5\u843d\u662f\u6bcf\u5929\u6700\u5fc3\u52d5\u7684\u6642\u523b\uff0c\u4f60\u8aaa\u662f\u5427\ud83d\udc93\ud83d\udccd\u9019\u88e1\u662f\u9ad8\u96c4\u6700\u5922\u5e7b\u7684\u300c\u68e7\u8cb3\u5eab\u65cb\u8f49\u6728\u99ac\u300d\u6253\u9020\u7d14\u767d\u65cb\u8f49\u6728\u99ac\uff0c\u6eff\u8db3\u6240\u6709\u4f60\u5c0d\u6d6a\u6f2b\u7684\u60f3\u50cf\ud83d\ude0d",
        "description": "#\u773e\u91cf\u7d1acrowd #\u68e7\u8cb3\u5eab\u65cb\u8f49\u6728\u99ac #\u68e7\u8cb3\u5eab",
        "likeCount": "3249",
        "commentCount": "18",
        "viewCount": "95249"
    },
    "comments": [
        {
            "reply_id": "UgyNJz4gNJ7gUyDzVkJ4AaABAg",
            "reply_content": "\u7ed3\u5a5a\u4e00\u5b9a\u8981\u7ed3\ud83c\udf89"
        },
        {
            "reply_id": "UgyBG9JJNVospp4EPOl4AaABAg",
            "reply_content": "\u6211\u5011\u7562\u696d\u65c5\u884c\u7684\u6642\u5019\u6709\u53bb"
        },
        {
            "reply_id": "Ugza_f3usiZTZ2-qHqN4AaABAg",
            "reply_content": "\u6211\u5011\u6236\u5916\u6559\u5b78\u53bb\u90a3\u88e1\u8036\u2764"
        },
        {
            "reply_id": "UgxkosolDtY-FbpNvcd4AaABAg",
            "reply_content": "\u8eab\u70ba\u9ad8\u96c4\u4eba\u6c92\u53bb\u904e\u4e00\u6b21\ud83e\udd13"
        },
        {
            "reply_id": "Ugx4HgqToCg1nmI2CH54AaABAg",
            "reply_content": "\u4f60\u5011\u4e0d\u662f\u5206\u624b\u4e86\u55ce"
        },
        {
            "reply_id": "UgwWImhJQN9p-LjtoMR4AaABAg",
            "reply_content": "\u6211\u6bd5\u65c5\u53bb\u90a3\u91cc\uff0c\u6211\u4eec\u73ed\u8ddf\u73ed\u5bfc\u5728\u90a3\u770b\u7a7f\u6bd4\u57fa\u5c3c\u7684\u7f8e\u5973 \ud83c\udf1a"
        },
        {
            "reply_id": "Ugyi7cTAaKYkJoT7AZ14AaABAg",
            "reply_content": "\u6211\u4f4f\u9ad8\u96c4"
        },
        {
            "reply_id": "Ugzhvp9z3GjW__wwO-B4AaABAg",
            "reply_content": "\u99c1\u4e8c\u7279\u5340\u6b38"
        },
        {
            "reply_id": "Ugx5tWFAceMo9_C3vVB4AaABAg",
            "reply_content": "\u7b2c\u4e8c\uff0c\u8056\u8a95\u5feb\u6a02"
        }
    ]
}