{
    "video_info": {
        "id": "w6z54ij9XyA",
        "channelTitle": "\u773e\u91cf\u7d1aCROWD",
        "title": "\u201c\u4f60\u96e3\u5f97\u4f86\u4eba\u9593\u4e00\u8d9f\uff0c\u5c31\u53bb\u770b\u770b\u592a\u967d\u5427\ud83e\uddd1\u200d\ud83e\udd1d\u200d\ud83e\uddd1\u201dStrive to manage the present until the future is clear.#\u773e\u91cf\u7d1acrowd #\u5cc7\u91cc\u5cf6",
        "description": "",
        "likeCount": "3070",
        "commentCount": "26",
        "viewCount": "87649"
    },
    "comments": [
        {
            "reply_id": "UgydhEJVVwzt84y7iiN4AaABAg",
            "reply_content": "\u5f88\u597d\u770b\u8ddf\u4e0d\u8981\u62cd\u4e86\u8981\u4e0d\u7136\u843d\u5730\u6210\u76d2\u4e86"
        },
        {
            "reply_id": "Ugw6PbBH7oS5fFe0NP54AaABAg",
            "reply_content": "\u4ed6\u53bb\u54ea\u88e1"
        },
        {
            "reply_id": "UgzSzM1OoVDV1zy7q1p4AaABAg",
            "reply_content": "\u5c0f\u5fc3\u554a"
        },
        {
            "reply_id": "Ugx_HaTBgUpcVNPIxSh4AaABAg",
            "reply_content": "\u9019\u6a23\u5f88\u5371\u96aa\u5c0f\u5fc3\u6454\u4e0b\u53bb\u5594"
        },
        {
            "reply_id": "UgyAt2uPHy_w9YvMTpl4AaABAg",
            "reply_content": "\u76e1\u91cf\u4e0d\u8981\u505a\u90a3\u9ebc\u5371\u96aa\u7684\u52d5\u4f5c\u7562\u7adf\u4f60\u5011\u90fd\u4e0d\u80fd\u5931\u53bb\u5c0d\u65b9"
        },
        {
            "reply_id": "UgyJLKm1U95zdvegXE94AaABAg",
            "reply_content": "\u5f8c\u9762\u5c71\u77f3\u5728\u6643 \u76e1\u91cf\u4e0d\u8981\u9019\u9ebc\u5371\u96aa\u7684\u52d5\u4f5c\u5566\n\u7562\u7adf\u4f60\u5011\u8ab0\u4e5f\u4e0d\u80fd\u5931\u53bb\u8ab0 \u8981\u6389\u4e0b\u53bb\u591a\u907a\u61be\u554a"
        },
        {
            "reply_id": "UgxTwqofYr-2ylnfTnx4AaABAg",
            "reply_content": "\u4f60\u4eec\u8df3\u821e\u597d\u597d\u770b"
        },
        {
            "reply_id": "UgwVZrav-p37n3H9OPp4AaABAg",
            "reply_content": "\u7f8e\u597d\u751f\u547d"
        },
        {
            "reply_id": "UgyfJBeizUFyis0bty94AaABAg",
            "reply_content": "\u8eca\u5b50\u5728\u5f8c\u9000\u9ede\uff0c\u4eba\u5728\u6416\u5927\u529b\u9ede\uff01\u54c8\u54c8\uff0c\u6703\u8b8a\u9a5a\u96aa\u6050\u6016\uff0c\u9a5a\u5687\u7247"
        },
        {
            "reply_id": "Ugw7s_J9gfL6PBZnE7N4AaABAg",
            "reply_content": "\u5c0f\u5fc3\u554a"
        },
        {
            "reply_id": "UgxOIRdKCzXySkmuL094AaABAg",
            "reply_content": "\u597d\u7f8e"
        }
    ]
}