{
    "video_info": {
        "id": "w9r2sQv-faI",
        "channelTitle": "\u773e\u91cf\u7d1aCROWD",
        "title": "\u300c\u81e8\u6642\u6c7a\u5b9a\u51fa\u570b\u627e\u5973\u53cb\uff01\u300d\u534a\u8def\u906d\u7aca\uff01\uff1f\u5973\u53cb\u7684\u53cd\u61c9\u662f\uff1f\u3010\u773e\u91cf\u7d1aCROWD\u3011",
        "description": "\u2b50\u52a0\u5165\u6211\u5011\u7684YouTube\u6703\u54e1\uff1ahttps://pse.is/U8GDQ\n\ud83d\udc49\u6703\u54e1\u4ecb\u7d39\u5f71\u7247\uff1ahttps://reurl.cc/rlvEKx\n\n\u27a1\u8a02\u95b1YouTube\u3010\u773e\u91cf\u7d1aCROWD x FUN\u751f\u6d3b-\u7b2c\u4e8c\u983b\u9053\u3011\nhttps://is.gd/4dSkyk \n\u27a1\u8a02\u95b1YouTube\u3010\u5bb6\u5be7+0\u3011\nhttps://is.gd/lcdma4 \n\u27a1\u8a02\u95b1YouTube\u3010Andy\u8001\u5e2b\u3011 \nhttps://is.gd/laVony\n------------------------------------------------------------------------------------\n\u27a1FB\u3010\u773e\u91cf\u7d1aCROWD\u3011\nhttps://www.facebook.com/etman0909/\n\u27a1FB\u3010\u5bb6\u5be7+0\u3011\nhttp://bit.ly/29PljQA\n\u27a1FB\u3010Andy\u8001\u5e2b\u3011\nhttp://bit.ly/29JkGYS\n------------------------------------------------------------------------------------\n\u27a1IG\u3010\u773e\u91cf\u7d1aCROWD\u3011\nhttps://www.instagram.com/crowd520/?hl=zh-tw\n------------------------------------------------------------------------------------\n\u27a1\u7f8e\u62cd\u3010\u4f17\u91cf\u7ea7CROWD\u3011\nhttp://www.meipai.com/user/1048418678\n------------------------------------------------------------------------------------\n\u27a1\u5fae\u535a\u3010\u4f17\u91cf\u7ea7CROWD\u3011\nhttp://www.weibo.com/6067696343/profi...\n\n\u27a1\u8a02\u95b1YouTube\u3010\u773e\u91cf\u7d1aCROWD\u3011\nhttps://is.gd/JgIQw6\n\n\u5de5\u4f5c\u9080\u7d04\u8acb\u6d3d\uff1aqunhaient@gmail.com\n\n#\u51fa\u570b\u7a81\u8972\u5973\u53cb#\u773e\u91cf\u7d1aCROWD#\u60c5\u4fb6",
        "likeCount": "12356",
        "commentCount": "288",
        "viewCount": "512283"
    },
    "comments": [
        {
            "reply_id": "Ugx50Sofjh4HlXLY2Kh4AaABAg",
            "reply_content": "\u9583\u5230\u773c\u778e\u4e86\ud83d\ude02"
        },
        {
            "reply_id": "UgwCXsljXCAejo-kV5x4AaABAg",
            "reply_content": "\u9084\u597d\u4e0d\u662f\u624b\u727d\u624b\u8d70\u4e0b\u4f86\u7684"
        },
        {
            "reply_id": "Ugwxa8epWtKfyLBlGmV4AaABAg",
            "reply_content": "\u661f\u5b87\u822a\u7a7a\u311f"
        },
        {
            "reply_id": "UgzUE-E-g9QmWe5ZlfN4AaABAg",
            "reply_content": "\u5b9a\u4f4d\u7684\u90a3\n\u500b\u662f\u51b0\u68d2"
        },
        {
            "reply_id": "Ugxxc40dHDB6KbmXqPd4AaABAg",
            "reply_content": "\u5f88\u611f\u52d5"
        },
        {
            "reply_id": "Ugyw8M-8PvZgLMtU09t4AaABAg",
            "reply_content": "\u6cf0\u56fd\u5f88\u591a\u5077\u4e1c\u897f\u7684\u542c\u8bf4"
        },
        {
            "reply_id": "UgzlhxBqE07Ufv9NWyt4AaABAg",
            "reply_content": "\u611b\u4e00\u500b\u4eba\u773c\u795e\u662f\u4e0d\u6703\u9a19\u4eba\u7684\u5427\uff1f"
        },
        {
            "reply_id": "UgzlzTzO3hYAA_E337F4AaABAg",
            "reply_content": "\u597d\u611f\u52d5,\u5e0c\u671b\u4f60\u5011\u53ef\u4ee5\u9577\u9577\u4e45\u4e45\u4e0d\u8981\u518d\u7406\u90a3\u4e9b\u8b20\u8a00\ud83d\udc97\ud83d\udc97"
        },
        {
            "reply_id": "UgziXsPvzPl0622qYIV4AaABAg",
            "reply_content": "\u4e0d\u8ad6\u4f60\u5011\u672a\u4f86\u5982\u4f55~\u81ea\u5df1\u7576\u4e0b\u6e05\u695a\u6240\u611b\uff0c\u7121\u9700\u8ddf\u8ab0\u4ea4\u4ee3!"
        },
        {
            "reply_id": "Ugw0cmMilABrXz9LLHR4AaABAg",
            "reply_content": "\u6211\u4ee5\u70ba\u662f\u67ec\ud83d\ude05"
        },
        {
            "reply_id": "UgzVGeCiYhglWjhptDh4AaABAg",
            "reply_content": "\u50cf\u500b\u5c0f\u5b69\u4e00\u6a23\u53ef\u611b \u4f60\u5011\u4e00\u5b9a\u8981\u597d\u597d\u5728\u4e00\u8d77 \u4ee5\u5f8c\u9084\u6703\u6301\u7e8c\u652f\u6301\u4f60\u5011\ud83c\udf89\u2764\u2764"
        },
        {
            "reply_id": "UgyInjmLxH237kGSOtx4AaABAg",
            "reply_content": "\u9019\u500b\u611f\u52d5\u662f\u7570\u5730\u60c5\u4fb6\u7684\u5c08\u5c6c\u3002\u597d\u5728\u4f60\u5011\u4e0d\u662f\u5206\u958b\u592a\u4e45\u3002\u3002"
        },
        {
            "reply_id": "UgyPhTNftmBxKIcj7K94AaABAg",
            "reply_content": "\u6cf0\u570b\uff01\u90a3\u8981\u6d3e\u8d85\u5f37\u51fa\u5834\u4e86"
        },
        {
            "reply_id": "UgyROnzWesWnuh14Mz14AaABAg",
            "reply_content": "\u5b78\u554a\u6ef4"
        },
        {
            "reply_id": "UgzR-i52Rrm0QZwKEll4AaABAg",
            "reply_content": "\u4e0d\u662f\u8b49\u4ef6\u4e4b\u985e\u7684\u90fd\u6c92\u4e8b\ud83e\udd79\u5687\u6b7b\u6211\u4e86"
        },
        {
            "reply_id": "Ugwpdxn62HcOjBCp-WJ4AaABAg",
            "reply_content": "\u5bb6\u5be7\u7684\u53cd\u61c9\u597d\u53ef\u611b\u2764"
        },
        {
            "reply_id": "Ugy441TNQfhgJcqehaJ4AaABAg",
            "reply_content": "\u60f3\u8a62\u554f\u90a3\u500b\u82b1\u600e\u9ebc\u7de8\u7684"
        },
        {
            "reply_id": "Ugy4d-eVWsvA5ARVzKF4AaABAg",
            "reply_content": "\u53ea\u6709\u6211\u767c\u73fe+0\u53bb\u6cf0\u570b\u5f8c\u8b8a\u7684\u6bd4\u8f03\u9ed1\u4e00\u9ede\u9ede\ud83e\udd0f"
        },
        {
            "reply_id": "UgzxNkuMkPl39DiDDNl4AaABAg",
            "reply_content": "\u70ba\u4ec0\u9ebc\u4f60\u5011\u5f71\u7247\u6703\u8b8a\u6210\u9019\u9ebc\u5947\u602a"
        },
        {
            "reply_id": "UgxV7NXHtAJdgc1Kn614AaABAg",
            "reply_content": "\u6211\u770b\u5230\u6211\u5c31\u54ed\u4e86"
        }
    ]
}