{
    "video_info": {
        "id": "XS0xRWWZYNM",
        "channelTitle": "\u773e\u91cf\u7d1aCROWD",
        "title": "\u9694\u7a7a\u8abf\u60c5 \u5b78\u6703\u4e86\u55ce\uff1f #\u773e\u91cf\u7d1acrowd #\u60c5\u4fb6",
        "description": "",
        "likeCount": "1632027",
        "commentCount": "1761",
        "viewCount": "92625380"
    },
    "comments": [
        {
            "reply_id": "UgzhTEV3AKvsyoh6RGN4AaABAg",
            "reply_content": "\u6211\u559c\u6b61\u5b83"
        },
        {
            "reply_id": "UgzPd3S5yMRW7GcQU4d4AaABAg",
            "reply_content": "\u70ba\u4ec0\u9ebc\u9019\u90e8\u5f71\u7247 \u6d41\u91cf\u76f4\u63a5\u7206\u6389 \u597d\u795e\u5947\u7684\u4e8b."
        },
        {
            "reply_id": "Ugz3GXTXfDjOkEujny14AaABAg",
            "reply_content": "\u7121\u804a\u900f\u9802"
        },
        {
            "reply_id": "UgyojwXDkPbebK9Z4mV4AaABAg",
            "reply_content": "\u770b\u5b8c\u624d\u767c\u73fe\u662f\u4f60\u5011\u62cd\u7684\ud83d\ude02"
        },
        {
            "reply_id": "UgxUeCq1GY7_rd66fql4AaABAg",
            "reply_content": "\u56fd\u4e0d\u6c11\u5728\u4e3a"
        },
        {
            "reply_id": "UgzlSWMTX7U5L0gBIYN4AaABAg",
            "reply_content": "\u597d\u997f\u4e86\u6765\u54e6"
        },
        {
            "reply_id": "Ugw7XHAsETZnabOfF-94AaABAg",
            "reply_content": "\u8fd8\u53ef\u4ee5\u8fd9\u6837\u8bf6"
        },
        {
            "reply_id": "Ugzm4plQXVbyX9LmQ7h4AaABAg",
            "reply_content": "\u7d50\u8a9e\u64a5\u6253"
        },
        {
            "reply_id": "Ugzy7KHAupjgLRuFPNh4AaABAg",
            "reply_content": "\u9ed8\u5951\u5341\u8db3"
        },
        {
            "reply_id": "UgzItp0x7jYQvCBMkwp4AaABAg",
            "reply_content": "\u4e0d\u6703\u88ab\u9ec3\u6a19\u7684\u5b89\u5168\u4e4b\u543b"
        },
        {
            "reply_id": "UgxXA4K3q0Gvai5KShF4AaABAg",
            "reply_content": "\u9019\u662f\u8ddf\u5de8\u4eba\u55ce"
        },
        {
            "reply_id": "Ugx_XjWnOIhg8_BmiK54AaABAg",
            "reply_content": "\u54c7"
        },
        {
            "reply_id": "UgyYor1n3YSH2AzQWMB4AaABAg",
            "reply_content": "\u4e00\u500b\u5927\uff0c\u4e00\u500b\u5c0f"
        },
        {
            "reply_id": "Ugx92fzod7JGnpn2I9h4AaABAg",
            "reply_content": "\u4fa1\u91cd\u98fe\u90a3\u5168\u5584\u92ad\u81b3\u2764\ufe0f"
        },
        {
            "reply_id": "UgzLBEEgPGV1MMo-N3F4AaABAg",
            "reply_content": "\u5982\u679c\u662f\u771f\u7684\u8a72\u6709\u591a\u751c\ud83d\ude02\ud83d\ude02"
        },
        {
            "reply_id": "UgxR4wqt2BtomFW8Nil4AaABAg",
            "reply_content": "\u5f71\u5b50\u592a\u6d6a\u6f2b\u4e86\uff01\u4e0b\u6b21\u62cd\u6c42\u5a5a\u7684\u5f71\u5b50\u2764"
        },
        {
            "reply_id": "UgyoBVbIbSfJOUHqpJJ4AaABAg",
            "reply_content": "\u5c2c"
        },
        {
            "reply_id": "Ugy66tmMi3C_tDu9PyN4AaABAg",
            "reply_content": "\u5b78\u5ee2\u4e86 \u4f46\u662f\u9019\u8f29\u5b50\u7528\u4e0d\u5230\ud83d\ude05"
        },
        {
            "reply_id": "UgyJzpFWoUE8UkaVt-d4AaABAg",
            "reply_content": "\u9676\u74f7\u540d\u7a31\uff1f"
        },
        {
            "reply_id": "UgxHvV_4xVCH554NBp54AaABAg",
            "reply_content": "\u786e\u5b9e\u5982\u6b64\u2764"
        }
    ]
}