{
    "video_info": {
        "id": "Y2mt1CoyCrw",
        "channelTitle": "\u773e\u91cf\u7d1aCROWD",
        "title": "\u5bb6\u5be7\u7684\u5047\u6454\u7d66\u5e7e\u5206\uff1f\ud83d\ude02#\u81fa\u5317\u6642\u88dd\u9031  #\u65b0\u9bae\u79c0 #\u8d70\u79c0",
        "description": "",
        "likeCount": "428",
        "commentCount": "6",
        "viewCount": "16948"
    },
    "comments": [
        {
            "reply_id": "UgwFgK6zfeJDVj9blZl4AaABAg",
            "reply_content": "\u771f\u7684\u53bb\u8d70\u79c0\uff1f"
        }
    ]
}