{
    "video_info": {
        "id": "YO5tz9Ga5zQ",
        "channelTitle": "\u773e\u91cf\u7d1aCROWD",
        "title": "\u7b11\u721b\uff01\u5973\u53cb\u9996\u6b21\u6311\u6230\u6cf0\u570b\u70b8\u87f2\u5927\u9910 \u76f4\u547c\u300c\u5feb\u6b7b\u6389\u4e86\ud83d\ude02\u300d\u3010\u773e\u91cf\u7d1aCROWD\uff5cVLOG\u751f\u6d3b\u7279\u8f2f\u3011",
        "description": "\u2b50\u52a0\u5165\u6211\u5011\u7684YouTube\u6703\u54e1\uff1ahttps://pse.is/U8GDQ\n\ud83d\udc49\u6703\u54e1\u4ecb\u7d39\u5f71\u7247\uff1ahttps://reurl.cc/rlvEKx\n\n\u27a1\u8a02\u95b1YouTube\u3010\u773e\u91cf\u7d1aCROWD x FUN\u751f\u6d3b-\u7b2c\u4e8c\u983b\u9053\u3011\nhttps://is.gd/4dSkyk \n\u27a1\u8a02\u95b1YouTube\u3010\u5bb6\u5be7+0\u3011\nhttps://is.gd/lcdma4 \n\u27a1\u8a02\u95b1YouTube\u3010Andy\u8001\u5e2b\u3011 \nhttps://is.gd/laVony\n------------------------------------------------------------------------------------\n\u27a1FB\u3010\u773e\u91cf\u7d1aCROWD\u3011\nhttps://www.facebook.com/etman0909/\n\u27a1FB\u3010\u5bb6\u5be7+0\u3011\nhttp://bit.ly/29PljQA\n\u27a1FB\u3010Andy\u8001\u5e2b\u3011\nhttp://bit.ly/29JkGYS\n------------------------------------------------------------------------------------\n\u27a1IG\u3010\u773e\u91cf\u7d1aCROWD\u3011\nhttps://www.instagram.com/crowd520/?hl=zh-tw\n------------------------------------------------------------------------------------\n\u27a1\u7f8e\u62cd\u3010\u4f17\u91cf\u7ea7CROWD\u3011\nhttp://www.meipai.com/user/1048418678\n------------------------------------------------------------------------------------\n\u27a1\u5fae\u535a\u3010\u4f17\u91cf\u7ea7CROWD\u3011\nhttp://www.weibo.com/6067696343/profi...\n\n\u27a1\u8a02\u95b1YouTube\u3010\u773e\u91cf\u7d1aCROWD\u3011\nhttps://is.gd/JgIQw6\n\n\u5de5\u4f5c\u9080\u7d04\u8acb\u6d3d\uff1aqunhaient@gmail.com\n\n#\u70b8\u6606\u87f2K#\u773e\u91cf\u7d1aCROWD#\u60c5\u4fb6#\u6cf0\u570b",
        "likeCount": "2191",
        "commentCount": "104",
        "viewCount": "81755"
    },
    "comments": [
        {
            "reply_id": "Ugx3_i1qWl94UPUeqLt4AaABAg",
            "reply_content": "\u7b11\u5230\u809a\u5b50\u75db"
        },
        {
            "reply_id": "UgyYpWrtQIdViSkV0rF4AaABAg",
            "reply_content": "\u597d\u597d\u7b11\u5594 \u5bb6\u5be7\u5687\u5230\u5403\u624b\u624b\ud83e\udd23"
        },
        {
            "reply_id": "UgyYgRMnNl5OmJCht2x4AaABAg",
            "reply_content": "\u5bb6\u5be7\u8d85\u597d\u7b11\u53c8\u8d85\u53ef\u611b \u54c8\u54c8\u54c8\u54c8"
        },
        {
            "reply_id": "UgyEsWcnFbSFO1xo4d14AaABAg",
            "reply_content": "\u60c5\u7dd2\u72c0\u614b\u6709\u6c92\u6709\u554f\u984c?"
        },
        {
            "reply_id": "UgzUFG0wp2cTnyluXTx4AaABAg",
            "reply_content": "\u6b38\n\u5bb6\u5be7\n\u4f60\u5176\u5be6\u4e0d\u7528\u4e00\u5b9a\u8981\u5403\u5427"
        },
        {
            "reply_id": "UgwI-Ss89qunlge9sZZ4AaABAg",
            "reply_content": "\u5982\u679c\u6211\u53bb\u5403\u4e00\u5b9a\u4e5f\u9019\u7a2e\u53cd\u61c9\n\u592a\u6050\u61fc\u4e86\n\u5fc3\u75bc\u5bb6\u5be7\u2026"
        },
        {
            "reply_id": "Ugy_4j6JVnMdd-APCW54AaABAg",
            "reply_content": "\u5979\u6709\u8fa6\u6cd5\u4e00\u76f4\u652a\u52d5\u4e0d\u541e\u8036\u597d\u72c2\ud83d\ude02  \u4e00\u822c\u90fd\u8d95\u5feb\u652a\u5b8c\u8d95\u5feb\u541e"
        },
        {
            "reply_id": "UgzWZYs7SU41pLleHNF4AaABAg",
            "reply_content": "\u9019\u53ef\u80fd\u7cbe\u795e\u6709\u554f\u984c\u8981\u53bb\u770b\u4e00\u4e0b"
        },
        {
            "reply_id": "UgyjMN6wR-n2jCnlWe54AaABAg",
            "reply_content": "\u4e00\u5b9a\u8981\u7d66\u500b\u8d0a"
        },
        {
            "reply_id": "Ugzhrdc_mezL8KSeO0t4AaABAg",
            "reply_content": "\u597d\u597d\u7b11"
        },
        {
            "reply_id": "UgyWFUbZpznHdqoE3hp4AaABAg",
            "reply_content": "\u5bb6\u5be7\u53cd\u61c9\u592a\u53ef\u611b\ud83d\ude06"
        },
        {
            "reply_id": "UgwW5TrLyY_wtcJtrHN4AaABAg",
            "reply_content": "\u54c8\u54c8\u54c8\u54c8\u54c8"
        },
        {
            "reply_id": "UgxNuTCTwQbrYg7fgeB4AaABAg",
            "reply_content": "\u5bb6\u5be7\u5c0d\u4e0d\u8d77\n\u6211\u7b11\u4e86"
        },
        {
            "reply_id": "UgxyLxqQdsMTh11s9tZ4AaABAg",
            "reply_content": "\u6211\u8a02\u95b1\u4e86\u9019\u90e8\u5f71\u7247"
        },
        {
            "reply_id": "UgzDdRmKpJt77BkUU794AaABAg",
            "reply_content": "\u56e0\u70ba\u6709\u9ede\u591a\u6c41"
        },
        {
            "reply_id": "UgxKykbNBD2Zb9bm_hx4AaABAg",
            "reply_content": "\u9b3c\u77e5\u9053\u6211\u770b\u4e86\u5e7e\u6b21"
        },
        {
            "reply_id": "Ugw1uR8INMo24XcpB9l4AaABAg",
            "reply_content": "\u5feb\u7b11\u6b7b\u6211\u4e86"
        },
        {
            "reply_id": "Ugw27spBEr8-6aAetT14AaABAg",
            "reply_content": "\u5e73\u6642\u5bb6\u5be7\u90fd\u662f\u7121\u540d\u6307\u7cbe\u795e\u7dca\u7e43\u4e2d\u6307\u76f4\u63a5\u4eae\u51fa\u4e86\u597d\u597d\u7b11\u5440\u5bb6\u5be7\ud83e\udd23\ud83d\ude02\ud83e\udd23\ud83d\ude02"
        },
        {
            "reply_id": "UgyU8W0ARYraJUaZKbl4AaABAg",
            "reply_content": "\u65c1\u908a\u7684\u53cb\u4eba\u662f\u8ab0\u5440"
        },
        {
            "reply_id": "UgzR9RiMgyFGjXkfmOF4AaABAg",
            "reply_content": "\u9019\u500b\u5f71\u7247\u7684\u5bb6\u5be7\u592a\u53ef\u611b\u4e86\uff0c\u5fcd\u4e0d\u4f4f\u8981\u7559\u8a00\u4e00\u4e0b\ud83d\ude06"
        }
    ]
}