{
    "video_info": {
        "id": "yQN86Vqa86s",
        "channelTitle": "\u773e\u91cf\u7d1aCROWD",
        "title": "\u8b1d\u8b1d\u5927\u5bb6\uff01\u6211\u5011\u5f97\u734e\u4e86\ud83e\udd25",
        "description": "#WBJ#\u7b2c\u4e94\u5c46\u8d70\u9418\u734e\n#5thwalkbelliohnawards",
        "likeCount": "630",
        "commentCount": "8",
        "viewCount": "15707"
    },
    "comments": [
        {
            "reply_id": "UgymSy8GMhiDbW19swJ4AaABAg",
            "reply_content": "\u770b\u5230\u6700\u5f8c\u7b11\u6b7b\ud83d\ude02"
        },
        {
            "reply_id": "UgzBPHvVQl71i1xUyz14AaABAg",
            "reply_content": "\u6211\u6703\u652f\u6301\u4f60\u5011\u7684\ud83d\ude0a\n\u4f60\u5011\u7684\u5f71\u7247\u771f\u7684\u5f88\u597d\u770b"
        },
        {
            "reply_id": "Ugwex36RP0FfT-Kfaux4AaABAg",
            "reply_content": "\u95dc\u6ce8\u4f60\u50115\u5e74\u4e86\uff01\u6211\u5f88\u559c\u6b61\u4f60\u5011\u7684\u7684\u611b\u60c5\u6545\u4e8b\uff0c\u4f46\u662f\u62113\u5e74\u7684\u611b\u60c5\u6545\u4e8b\u4e5f\u5feb\u7d50\u675f\u4e86\u2764\u6bcf\u6b21\u770b\u5230\u4f60\u5011\u90a3\u9ebc\u6069\u611b\u90fd\u5f88\u958b\u5fc3\uff01\u6211\u6211\u5f88\u60f3\u80fd\u8ddf\u81ea\u5df1\u76f8\u611b\u7684\u4eba\u80fd\u5728\u4e00\u8d77\u9577\u9577\u4e45\u4e45\uff0c\u6211\u5df2\u7d93\u8e0f\u51fa\u4e5d\u5341\u4e5d\u6b65\u4e86\uff0c\u5c31\u5dee\u611b\u4eba\u8e0f\u51fa\u4e00\u6b65\u800c\u5df2\uff0c\u4e00\u6b65\u7684\u6a5f\u6703\u90fd\u4e0d\u7d66\u6211\uff01\u771f\u7684\u53ea\u6709\u4eba\u7b49\u6a5f\u6703\uff0c\u6c92\u6709\u6a5f\u6703\u7b49\u4eba\uff0c\u4f46\u662f\u5f80\u5f80\u4e5f\u6709\u4eba\u7b49\u4e0d\u5230\uff0c\u9019\u7a2e\u611f\u89ba\u597d\u8f9b\u82e6"
        },
        {
            "reply_id": "UgxwRjt4-uspUYtHyMB4AaABAg",
            "reply_content": "\u52a0\u6cb9\ud83c\udf89\u652f\u6301\u4f60\u5011"
        }
    ]
}