{
    "video_info": {
        "id": "zIhUn5mbILs",
        "channelTitle": "\u773e\u91cf\u7d1aCROWD",
        "title": "\u770b\u5b8c\u5f71\u7247\u5169\u6b21\u5f8c\u7684\u6211\uff0c\u767c\u73fe\u4e00\u500b\u5967\u5999\u7684\u5730\u65b9\ud83d\ude1c\u7559\u8a00\u5340\u544a\u8a34\u6211\u4f60\u7684\u767c\u73fe\uff01p.s\u56de\u653e\u756b\u9762\u6642\u6211\u771f\u7684\u7b11\u6b7b\ud83d\ude02Tag\u4f60\u7684\u65c5\u884c\u57fa\u53cb\u62cd\u8d77\u4e43\uff5e\uff5e\uff5e",
        "description": "@K.R.Bros0203 @Tgopdone",
        "likeCount": "1986",
        "commentCount": "30",
        "viewCount": "69139"
    },
    "comments": [
        {
            "reply_id": "UgwaEVvvRFFAcNbjfOV4AaABAg",
            "reply_content": "\u597d\u53ef\u611b"
        },
        {
            "reply_id": "UgzCeuS0J7pGBU9RUZ14AaABAg",
            "reply_content": "\u90fd\u6703\u52d5"
        },
        {
            "reply_id": "UgztLqR1Ud23mSHt_zZ4AaABAg",
            "reply_content": "\u5c55\u6254\u5c55\u745e\u597d\u6211\u662f\u4f60\u7684\u7c89\u7d72"
        },
        {
            "reply_id": "UgwH1Saxi8ys-mNvTtl4AaABAg",
            "reply_content": "\u5bb6\u5be7\u662f\u4e0d\u662f\u7ad9\u4e0d\u7a69"
        },
        {
            "reply_id": "UgzwrLdO2pgDLv4sLnB4AaABAg",
            "reply_content": "\u5360\u69ae\u5c55\u745e\u662f\u4e0d\u662f\u6709\u53bb\u904e\u58be\u4e01\u7684\u6e38\u6cf3\u6c60\u4f60\u770b\u5230\u7684\u90a3\u500b\u5973\u751f\u5c31\u662f\u6211"
        }
    ]
}