{
    "video_info": {
        "id": "Zrel_GnZt1I",
        "channelTitle": "\u773e\u91cf\u7d1aCROWD",
        "title": "\u91cd\u8fd4\u5237\u6cb9\u6f06\u9ad4\u9a57\u201d\u7642\u7652\u7c89\u7d05\u623f\u201d\u518d\u73fe\uff01\uff1f\u9019\u500b\u9a5a\u559c\u8b93\u7537\u53cb\u8d85\u6696\u5fc3\u2764\ufe0f\uff5c\u53f0\u4e2d\u5e87\u8b77\u5de5\u5834\u4e00\u65e5\u9ad4\u9a57\u3010\u773e\u91cf\u7d1aCROWD\uff5cVLOG\u751f\u6d3b\u7279\u8f2f\u3011",
        "description": "\u2b50\u52a0\u5165\u6211\u5011\u7684YouTube\u6703\u54e1\uff1ahttps://pse.is/U8GDQ\n\ud83d\udc49\u6703\u54e1\u4ecb\u7d39\u5f71\u7247\uff1ahttps://reurl.cc/rlvEKx\n\n\u27a1\u8a02\u95b1YouTube\u3010\u773e\u91cf\u7d1aCROWD x FUN\u751f\u6d3b-\u7b2c\u4e8c\u983b\u9053\u3011\nhttps://is.gd/4dSkyk \n\u27a1\u8a02\u95b1YouTube\u3010\u5bb6\u5be7+0\u3011\nhttps://is.gd/lcdma4 \n\u27a1\u8a02\u95b1YouTube\u3010Andy\u8001\u5e2b\u3011 \nhttps://is.gd/laVony\n------------------------------------------------------------------------------------\n\u27a1FB\u3010\u773e\u91cf\u7d1aCROWD\u3011\nhttps://www.facebook.com/etman0909/\n\u27a1FB\u3010\u5bb6\u5be7+0\u3011\nhttp://bit.ly/29PljQA\n\u27a1FB\u3010Andy\u8001\u5e2b\u3011\nhttp://bit.ly/29JkGYS\n------------------------------------------------------------------------------------\n\u27a1IG\u3010\u773e\u91cf\u7d1aCROWD\u3011\nhttps://www.instagram.com/crowd520/?hl=zh-tw\n------------------------------------------------------------------------------------\n\u27a1\u7f8e\u62cd\u3010\u4f17\u91cf\u7ea7CROWD\u3011\nhttp://www.meipai.com/user/1048418678\n------------------------------------------------------------------------------------\n\u27a1\u5fae\u535a\u3010\u4f17\u91cf\u7ea7CROWD\u3011\nhttp://www.weibo.com/6067696343/profi...\n\n\u27a1\u8a02\u95b1YouTube\u3010\u773e\u91cf\u7d1aCROWD\u3011\nhttps://is.gd/JgIQw6\n\n\u5de5\u4f5c\u9080\u7d04\u8acb\u6d3d\uff1aqunhaient@gmail.com\n\n\ud83c\udd7e\ufe0f\u81fa\u4e2d\u5e02\u653f\u5e9c\u52de\u5de5\u5c40\u5ee3\u544a\n\n#\u53f0\u4e2d\u5e87\u8b77\u5de5\u5834#\u773e\u91cf\u7d1aCROWD#\u60c5\u4fb6",
        "likeCount": "3277",
        "commentCount": "48",
        "viewCount": "160380"
    },
    "comments": [
        {
            "reply_id": "UgzeeIavWrmHZwdKVYV4AaABAg",
            "reply_content": "\u4e00\u9031\u5e6b\u5c0d\u65b9\u9ede\u4e09\u9910 \u62dc\u8a17\u9078\u6211"
        },
        {
            "reply_id": "Ugxhlulb92YsxXEXl0Z4AaABAg",
            "reply_content": "\ud83d\udc4d\u8eab\u5fc3\u969c\u7919\u8005\u53c8\u6709\u66f4\u591a\u8077\u696d\u9078\u64c7"
        },
        {
            "reply_id": "UgwBSEOGkM6dJoQFNul4AaABAg",
            "reply_content": "\u5bb6\u744b\u597d\u68d2\u54e6\uff01\u88c1\u7e2b\u6a5f\u771f\u7684\u597d\u96e3\uff0c\u8ddf\u5abd\u5abd\u5b78\u4e86\u5f88\u4e45\u9084\u662f\u8eca\u7684\u4e0d\u597d\u770b\ud83d\ude02"
        },
        {
            "reply_id": "UgyA3j-jNuKTnI2TZJV4AaABAg",
            "reply_content": "\u597d\u60f3\u770b\u4f60\u5011\u9ad4\u9a57\u4e00\u65e5\u96fb\u5b50\u696d"
        },
        {
            "reply_id": "UgzAa3oWQlLgUWMfJ5R4AaABAg",
            "reply_content": "\u975e\u5e38\u559c\u6b61\u9019\u985e\u7684\u5f71\u7247"
        },
        {
            "reply_id": "Ugyi1_UmmGMFjnFzw_l4AaABAg",
            "reply_content": "\u5f88\u68d2\u7684\u9ad4\u9a57\uff0c\u4e5f\u5e0c\u671b\u9019\u500b\u4e16\u754c\u80fd\u7528\u66f4\u591a\u540c\u7406\u5fc3\u53bb\u5c0d\u5f85\u2764\ufe0f"
        },
        {
            "reply_id": "Ugz0lIIim6T5Oc2CUSl4AaABAg",
            "reply_content": "\u80fd\u4e00\u65e5\u4e00\u8d77\u53bb\u5357\u6295\u4e5d\u65cf\u6587\u5316\u6751\u55ce"
        },
        {
            "reply_id": "Ugws764diYU97TtPsC94AaABAg",
            "reply_content": "\u5bb6\u5be7\u8b8a\u6f02\u4eae\u4e86"
        },
        {
            "reply_id": "UgwVM2eaqUctv008noJ4AaABAg",
            "reply_content": "\u4e00\u65e5\u9ad4\u9a57\u62cd\u62cd\u62cd"
        },
        {
            "reply_id": "Ugw7KkRg8KVoXbsYcod4AaABAg",
            "reply_content": "\u53ef\u662f\u611f\u89ba\u4e0d\u51fa\u4f86\u662f\u5e87\u8b77\u54e1\u5de5\u8036\uff0c\u4e0d\u8b1b\u7684\u8a71\u9084\u4e0d\u77e5\u9053\uff0c\u5f88\u68d2\uff0c\u5404\u5404\u90fd\u662f\u5c08\u696d"
        },
        {
            "reply_id": "UgwbTKRipBhe2Iccs9R4AaABAg",
            "reply_content": "\u8acb\u554f\u4e00\u4e0b\u59b3\u5011\u73fe\u5728\u66f4\u65b0\u6bd4\u8f03\u6162\uff0c\u5c0d\u55ce"
        },
        {
            "reply_id": "Ugz4Ihs4UnBWk43sbKV4AaABAg",
            "reply_content": "\u597d\u559c\u6b61\u9019\u90e8\u5f71\u7247\u4e0d\u932f\u597d\u770b"
        },
        {
            "reply_id": "UgwYoMOpWK37orfnWX14AaABAg",
            "reply_content": "\u597d\u5168\u9762\u6709\u610f\u7fa9\u7684\u5730\u65b9\u2764 \u5169\u4eba\u7a7f\u7c89\u8272\u597d\u53ef\u611b"
        },
        {
            "reply_id": "Ugx3K8_jaQmP4e3j4414AaABAg",
            "reply_content": "\u597d\u559c\u6b61\u4f60\u5011\u62cd\u9019\u7a2e\u5f71\u7247 \u8b93\u5927\u5bb6\u80fd\u5920\u611f\u53d7\u5230\u8eab\u5fc3\u969c\u7919\u8005 \u4e5f\u662f\u53ef\u4ee5\u8ddf\u6b63\u5e38\u4eba\u4e00\u6a23\u5de5\u4f5c \u800c\u4e0d\u662f\u5728\u610f\u5225\u4eba\u7684\u773c\u5149 \u5bb6\u88e1\u4e5f\u6709\u500b\u91cd\u5ea6\u6b98\u969c\u7684\u5927\u5f1f \u4ee5\u524d\u5e36\u8457\u4ed6\u51fa\u9580\u90fd\u6703\u88ab\u7570\u6a23\u773c\u5149\u770b\u5f85 \u4f46\u5c31\u662f\u8981\u8b93\u5927\u5bb6\u77e5\u9053\u5c31\u7b97\u662f\u8eab\u5fc3\u969c\u7919\u8005 \u4e5f\u662f\u53ef\u4ee5\u8ddf\u6211\u5011\u5e73\u8d77\u5e73\u5750 \u4e0d\u8981\u53bb\u6392\u65a5\u9019\u4e9b\u4eba \u591a\u7d66\u4ed6\u5011\u9f13\u52f5 \u624d\u662f\u6700\u91cd\u8981\u2665\ufe0f"
        },
        {
            "reply_id": "UgyvFbdXJhQitwokzGV4AaABAg",
            "reply_content": "\u6839\u672c\u5c31\u770b\u4e0d\u51fa\u4f86\u4ed6\u5011\u6709\u4ec0\u9ebc\u4e0d\u4e00\u6a23\uff0c\u800c\u4e14\u5496\u5561\u5e97\u7684\u5e97\u54e1\u4ecb\u7d39\u7684\u5f88\u8a73\u7d30\u8036\uff01"
        },
        {
            "reply_id": "Ugxprlx5JBSX1o5glVd4AaABAg",
            "reply_content": "\u9019\u6b21\u8b93\u6211\u66f4\u52a0\u8a8d\u8b58\u5e87\u8b77\u5de5\u5834\uff5e\u900f\u904e\u9019\u6b21\u9ad4\u9a57\u8b93\u6211\u77e5\u9053\u4e0d\u50c5\u8eab\u5fc3\u969c\u7919\u8005\u80fd\u81ea\u5df1\u900f\u904e\u8a13\u7df4\u80fd\u81ea\u7d66\u81ea\u8db3\u540c\u6642\u4e0d\u5728\u662f\u7528\u95dc\u611b\u540c\u60c5\u7684\u5fc3\u614b\u9762\u5c0d\u4ed6\u5011\uff0c\u66f4\u662f\u4ed6\u5011\u6709\u500b\u5c08\u696d\u8a13\u7df4\u80fd\u771f\u6b63\u7684\u751f\u6d3b\uff5e\u2764\u2764\u2764\n\u9019\u6b21\u62cd\u651d\u904e\u7a0b\u8ddf\u4e86\u4e00\u6574\u5929\u6211\u7684\u5fc3\u60c5\u8ddf\u72c0\u614b\u4e5f\u8d8a\u4f86\u8d8a\u9ad8\u4ea2\u6109\u6085\uff5e\u4ed6\u5011\u771f\u7684\u5f88\u53ef\u611b\ud83d\ude18 \u8b1d\u8b1d\u9019\u6b21\u62cd\u651d\uff5e\u4ed6\u5011\u5e36\u7d66\u6211\u7684\u79ae\u7269\ud83c\udf81"
        },
        {
            "reply_id": "UgwxKADfA8tnkmyU_Ht4AaABAg",
            "reply_content": "\u5bb6\u5be7\u600e\u9ebc\u611f\u89ba\u8b8a\u767d\u4e86\uff01\u6c42\u63a8\u85a6\u4fdd\u990a\u54c1\ud83d\ude02"
        },
        {
            "reply_id": "UgwdVFMGcTNLncXGG9t4AaABAg",
            "reply_content": "\u771f\u7684\u662f\u5f88\u6709\u610f\u7fa9\u7684\u9ad4\u9a57\u3002\n"
        },
        {
            "reply_id": "Ugw4e1m_CBqUk02iFGl4AaABAg",
            "reply_content": "\u6211\u662f\u8eab\u5fc3\u969c\u7919\u8005\u4f46\u6211\u6c92\u53bb\u904e\u90a3\u88e1"
        },
        {
            "reply_id": "UgzQPVuE4AENoJ_0XEl4AaABAg",
            "reply_content": "\u5bb6\u5be7\u7684\u8072\u97f3\u6709\u9ede\u50cf\u5f35\u67cf\u829d"
        }
    ]
}