{
    "video_info": {
        "id": "ZvtPLl4wgWs",
        "channelTitle": "\u773e\u91cf\u7d1aCROWD",
        "title": "\u904e\u7a0b\u8dcc\u5012\u4e86\u6c92\u95dc\u4fc2\uff0c\u6211\u5011\u4e00\u8d77\u524d\u884c\u5c31\u597d\u4e86\ud83d\udc8f#\u773e\u91cf\u7d1acrowd #\u60c5\u4fb6",
        "description": "",
        "likeCount": "2225",
        "commentCount": "22",
        "viewCount": "77916"
    },
    "comments": [
        {
            "reply_id": "UgwxVKMtxg3qoReQ0od4AaABAg",
            "reply_content": "\u9019\u500b\u6b4c\u540d\u53eb\u505a\u7fa4\u9752"
        },
        {
            "reply_id": "Ugwrh4DSF2Os5questh4AaABAg",
            "reply_content": "\u5abd\uff0c\u6211\u7684\u58a8\u93e1\u7d66\u6211\u62ff\u4f86"
        },
        {
            "reply_id": "UgzUA_Uy1_pvFDA0-xF4AaABAg",
            "reply_content": "\u5565\u5abd\u8981\u5403\u98ef\u4e86\u53ef\u6211\u5403\u72d7\u7ce7\u5403\u98fd\u4e86"
        },
        {
            "reply_id": "UgyaFGmfP9AeHQgSLyt4AaABAg",
            "reply_content": "\u4ed6\u8dcc\u5012\u7684\u90a3\u4e00\u77ac\u9593\u6709\u9ede\u50cf\u7da0\u8336"
        },
        {
            "reply_id": "UgxKjyYN98XJpd01ldd4AaABAg",
            "reply_content": "\u554a\u554a\u554a~\u5403\u72d7\u7cae\u4e86"
        },
        {
            "reply_id": "UgyeD2MIppIsHo2Sull4AaABAg",
            "reply_content": "\u8b9a"
        },
        {
            "reply_id": "Ugw3A55L5nyPJmAB-lV4AaABAg",
            "reply_content": "\u597d\u751c\u5594"
        },
        {
            "reply_id": "UgzlouDArLQeNGZajDV4AaABAg",
            "reply_content": "\u6b4c\u53eb\u4ec0\u9ebc"
        }
    ]
}