{
    "video_info": {
        "id": "zwot0avioqY",
        "channelTitle": "\u773e\u91cf\u7d1aCROWD",
        "title": "\u9019\u662f\u6bcf\u5929\u6536\u79ae\u7269\u7684\u597d\u65b9\u6cd5\ud83e\udee8#\u773e\u91cf\u7d1acrowd #\ud83c\udf81",
        "description": "",
        "likeCount": "2557",
        "commentCount": "34",
        "viewCount": "58308"
    },
    "comments": [
        {
            "reply_id": "UgxvSjiWRPfWLhPcf4x4AaABAg",
            "reply_content": "\u9760\u80cc\u592a\u6d6e\u8a87"
        },
        {
            "reply_id": "UgyuLj6IjKEAINUyIDF4AaABAg",
            "reply_content": "\u5176\u5be6\u5973\u751f\u662f\u5f88\u5bb9\u6613\u6eff\u8db3\u7684\u751f\u7269 \u800c\u4e14\u7576\u5973\u751f\u771f\u7684\u8981\u597d\u597d\u5c0d\u5f85 \u4e0d\u7136\u75db\u90fd\u662f\u5973\u65b9\u5728\u627f\u53d7"
        },
        {
            "reply_id": "UgwX1iCXEPYgBaFtQ8J4AaABAg",
            "reply_content": "\u6709\u75c5"
        },
        {
            "reply_id": "UgzGc94ekWpmpaiKZrR4AaABAg",
            "reply_content": "\u9019\u62db\u597d\u68d2\u554a"
        },
        {
            "reply_id": "UgxRWA4swKpC7eEgrGB4AaABAg",
            "reply_content": "\u8ddf\u8c46\u8c46\u5148\u751f\u904e\u8056\u8a95\u7bc0\u4e00\u6a23"
        },
        {
            "reply_id": "Ugyj0l04Cr5SaL0spVJ4AaABAg",
            "reply_content": "\u96e3\u602a\u6211\u6bcf\u5929\u90fd\u9019\u9ebc\u5e78\u798f\u2764\ud83d\ude02"
        }
    ]
}