{
    "video_info": {
        "id": "zY-S1utZZrs",
        "channelTitle": "\u773e\u91cf\u7d1aCROWD",
        "title": "\u9019\u624d\u662f\u7537\u4eba\u5728\u95dc\u4fc2\u4e4b\u4e2d\u8a72\u5c55\u73fe\u7684\u614b\u5ea6 \uff08\u8c6a\u6a6b\ud83d\ude24#\u773e\u91cf\u7d1acrowd #\u60c5\u4fb6\u5f1f\u4f4d",
        "description": "",
        "likeCount": "2115",
        "commentCount": "24",
        "viewCount": "54928"
    },
    "comments": [
        {
            "reply_id": "UgwlCMFSRRa_y-ZkYSZ4AaABAg",
            "reply_content": "\u725b\u903c\u725b\u903c"
        },
        {
            "reply_id": "UgxS3_v0e84RGovojCd4AaABAg",
            "reply_content": "\u9214\u80fd\u529b"
        },
        {
            "reply_id": "UgwxEG7GOWVKFWV_B3V4AaABAg",
            "reply_content": "\u597d\u597d\u7b11\u70ba\u4ec0\u9ebc\u524d\u9762\u8981\u90a3\u9ebc\u5147"
        },
        {
            "reply_id": "UgxkDFw9xYjpuUd7cJJ4AaABAg",
            "reply_content": "\u53e3\u888b\u88e1\u9084\u6709\u6771\u897f\u55ce?~\u54c8\u54c8~\u53ef\u4ee5\u518d\u665a\u4e00\u9ede\u56de\u4f86~"
        },
        {
            "reply_id": "Ugwf3MMTvAJBrqEm49d4AaABAg",
            "reply_content": "\u78ba\u5b9a\u8981\u7a7f\u9019\u6a23\u51fa\u9580\u55ce?\u54c8\u54c8"
        },
        {
            "reply_id": "Ugx-C0OGdKHxD_pp89p4AaABAg",
            "reply_content": "\u5176\u5be6\u5bb6\u5be7\u9577\u5f97\u9084\u883b\u50cf\u6211\u963f\u59e8\u7684"
        },
        {
            "reply_id": "Ugzk7n5EXA9wHDImCtd4AaABAg",
            "reply_content": "\u8ddf\u4e00\u5c0d\u5927\u9678\u4eba\u62cd\u5f97\u4e00\u6a21\u4e00\u6a23\uff0c\u6211\u4e5f\u662f\u9189\u4e86\u2026\u2026"
        },
        {
            "reply_id": "Ugzb1E602a0a2gTClJd4AaABAg",
            "reply_content": "\u725b"
        },
        {
            "reply_id": "Ugy_EqHc8Is1DNrLF6x4AaABAg",
            "reply_content": "\u54c8\u54c8\u54c8\u8667\u5927\u4e86"
        },
        {
            "reply_id": "UgyBDugVx4adVcRu9hN4AaABAg",
            "reply_content": "\u725b\u903c"
        },
        {
            "reply_id": "UgwZ8_ysj0SFvTvaqi54AaABAg",
            "reply_content": "\u9aee\u578b\u597d\u770b\ud83d\udc4d\u50cf\u821e\u68cd\u963f\u5317\ud83e\udd70"
        },
        {
            "reply_id": "UgzQ3pgkIfCJATgYLfN4AaABAg",
            "reply_content": "\u611b\u5fc3\u592a\u904e\u6dfa\u8584\uff0c\u9019\u6a23\u4e0d\u884c\uff0c\u53ea\u80fd\u6709\u5f1f\u4f4d\uff0c\u7121\u6cd5\u4e0a\u5927\u4f4d"
        }
    ]
}