{
    "channel": {
        "title": "\u597d\u68d2Bump",
        "id": "UC7XxnhjdYjiQJ3m80K_N_4g",
        "customUrl": "@bumpbro",
        "uploads": "UU7XxnhjdYjiQJ3m80K_N_4g"
    },
    "videos": [
        {
            "id": "2cbtmF9Db9c",
            "title": "\u6211\u88ab\u8eca\u624b\u9818\u8d7030\u842c\uff01\u89aa\u81ea\u6293\u7d66\u4f60\u5011\u770b\uff01\u3010\u597d\u68d2Bump\u3011"
        },
        {
            "id": "91s-D0qkeaE",
            "title": "\u6211\u7ffb\u8eca\u4e86... \u6211\u5c0d\u4e0d\u8d77\u5927\u5bb6\uff01\u3010\u597d\u68d2Bump\u3011"
        },
        {
            "id": "14BCR2gQDOA",
            "title": "\u6293\u5230\u5e63\u5708\u7db2\u7d05\u641e\u8a50\u9a19\uff01\u9a19\u7c3d\u5047\u5408\u7d04\u9818\u8d70\u7528\u6236500\u842c\uff01\u3010\u597d\u68d2Bump\u3011"
        },
        {
            "id": "qu5nsXLPUDU",
            "title": "\u53f0\u7063\u70ba\u4f55\u9084\u6709\u67ec\u57d4\u5be8\u4e8b\u4ef6\uff1f\u627e\u5de5\u4f5c\u70ba\u4f55\u53c8\u6703\u88ab\u96c6\u5718\u63a7\u5236\uff01\uff1f\u3010\u597d\u68d2Bump\u3011"
        },
        {
            "id": "X9Yocc0tK2g",
            "title": "\u53ea\u8981\u8fa6\u5e33\u865f\u5c31\u9001300\u842c\u73fe\u91d1\uff01\uff1f\u865f\u53ec\u4e0a\u5343\u4eba\u6d17\u7206\u77e5\u540d\u4ea4\u6613\u6240\uff01\u3010\u597d\u68d2Bump\u3011"
        },
        {
            "id": "3xcQsxpMM2o",
            "title": "\u6211\u628a40\u5e74\u8001\u5c4b\u5927\u6539\u9020\u2026 \u8b8a\u6210\u667a\u80fd\u79d1\u6280\u623f\uff01 \u79df\u51fa\u53bb\u80fd\u8cfa\u591a\u5c11\u9322\uff1f\u3010\u597d\u68d2Bump\u3011"
        },
        {
            "id": "bUtz6EcuUe0",
            "title": "\u624b\u6a5f\u88ab\u5077\u4e86\uff01\u7528\u885b\u661f\u5b9a\u4f4d\u5831\u8b66\u6293\u8cca\u2026. \u80fd\u627e\u56de\u4f86\u55ce\uff1f\u3010\u597d\u68d2Bump\u3011"
        },
        {
            "id": "9VwpcHygMKk",
            "title": "\u7dda\u4e0a\u8ced\u5834\u7adf\u8f38\u4e86\u900010%\uff1f\u7528\u9019\u500b\u6f0f\u6d1e\u6d17\u5e63100\u842c\u80fd\u8cfa\u9322\u55ce\uff1f\u3010\u597d\u68d2Bump\u3011"
        },
        {
            "id": "ehB9m_7N8ds",
            "title": "\u5168\u90e8\u6e05\u53f0\uff01\u9019\u7a2e\u593eiPhone \u7684\u5a03\u5a03\u6a5f\u2026 \u5230\u5e95\u662f\u4e0d\u662f\u9a19\u4eba\u7684\uff1f\uff01\u3010\u597d\u68d2Bump\u3011"
        },
        {
            "id": "MXg2uZuAmj8",
            "title": "\u9019\u5c31\u662f\u6bba\u8c6c\u76e4\uff01\u4f60\u4ee5\u70ba\u7684\u6200\u60c5\u2026 \u537b\u53ea\u662f\u96c6\u5718\u8a2d\u5c406\u500b\u6708\u7684\u9a19\u9322\u624b\u6bb5\uff01\u3010\u597d\u68d2Bump\u3011\u3010\u8a50\u9a19\u89e3\u78bc\u3011"
        },
        {
            "id": "hhHvB4xmeUo",
            "title": "3\u5e74\u4e86\uff0c\u6211\u7d42\u65bc\u80fd\u597d\u597d\u9084\u4f60\u9019\u4e00\u4efd\u60c5\u3002\u3010\u597d\u68d2Bump\u3011"
        },
        {
            "id": "2MX89FwPDts",
            "title": "\u6211\u5011\u5728\u7f8e\u570b\u8ced\u5834\u88ab\u6436\u4e861000\u842c\uff01\u5c31\u7b97\u8d0f\u9322\u4e5f\u6839\u672c\u5e36\u4e0d\u8d70\u2026.\u3010\u597d\u68d2Bump\u3011"
        },
        {
            "id": "g3d3JKvDHgA",
            "title": "\u6211\u7834\u89e3\u4e86\u591c\u5e02\u5f48\u73e0\u53f0\uff01\u53ea\u82b1100\u5143\u5c31\u6253\u51fa4\u842c\u584a\u7684\u5a03\u5a03\uff01\u3010\u597d\u68d2Bump\u3011"
        },
        {
            "id": "cGA2_pB0MCI",
            "title": "\u7adf\u6709\u8ced\u5834\u958b\u4f86\u8b93\u73a9\u5bb6\u8d0f\u9322\uff1f\u6211\u628a\u904e\u5e74\u7d05\u5305\u5168\u58d3\u62fc\u4e00\u628a\uff01\u3010\u597d\u68d2Bump\u3011"
        },
        {
            "id": "SJXEY8Kf0Xo",
            "title": "\u6211\u88ab\u4eba\u7528\u6551\u63f4\u540d\u7fa9\u9a19\u8d70200\u842c\uff01\u7d93\u8abf\u67e5\u767c\u73fe\u53d7\u5bb3\u8005\u5df2\u7834\u767e\u4eba\u2026. \u8acb\u5927\u5bb6\u5c0f\u5fc3\u5225\u4e0a\u7576\uff01\u3010\u597d\u68d2Bump\u3011"
        },
        {
            "id": "wRJD1F2rH1g",
            "title": "\u8cb8\u6b3e\u501f\u9322\u7adf\u88ab\u8a50\u9a19\u4e0a\u767e\u842c\uff01\u8b93\u4f60\u7c3d\u4e0b\u4e0d\u5e73\u7b49\u689d\u7d04\u53ca\u672c\u7968\uff01\u8840\u6d17\u5e74\u8f15\u4eba\u4e00\u8f29\u5b50\u2026. \u3010\u597d\u68d2Bump\u3011\u3010\u8a50\u9a19\u89e3\u78bc\u3011"
        },
        {
            "id": "yKAnhCSC4rQ",
            "title": "\u6211\u53bb\u5831\u5ee2\u5834\u6536\u96f6\u4ef6\uff01\u53ea\u75285\u842c\u5c31\u7d44\u51fa\u4e00\u53f0\u6c2e\u6c23\u5674\u5c04\u8eca\uff01\u3010\u597d\u68d2Bump\u3011"
        },
        {
            "id": "7QW7iB3IQzA",
            "title": "\u6211\u7528\u6578\u5b78\u628a\u201d\u767e\u5bb6\u6a02\u201d\u7834\u89e3\u4e86\uff01\u9760\u5718\u968a\u91cf\u5316\u5927\u8d0f150\u842c\uff01\u3010\u597d\u68d2Bump\u3011\u3010\u512a\u52e2\u73a9\u5bb6\u3011"
        },
        {
            "id": "W9jT2N2auCY",
            "title": "\u6176\u795d\u767e\u842c\u8a02\u95b1\u642c\u65b0\u5bb6\uff01\u628a\u73cd\u5947\u6536\u85cf\u5168\u62ff\u51fa\u4f86\u62cd\u8ce3\uff01\u3010\u597d\u68d2Bump\u3011\u3010\u62cd\u8ce3\u934a\u91d1\u8853\u3011"
        },
        {
            "id": "OTnchXhRqRA",
            "title": "\u7dec\u7538\u6551\u63f4\uff01\u4e0a\u767e\u4f4d\u500b\u6848\u537b\u53ea\u6551\u56de13\u4eba\u2026 \u8a50\u9a19\u5712\u5340\u6536\u9322\u537b\u6495\u7968\uff01 \u3010\u597d\u68d2Bump\u3011\u3010\u67ec\u57d4\u5be8\u5f8c\u7e8c\u3011"
        },
        {
            "id": "zAiWcK3KKg0",
            "title": "\u5976\u5976\u7684\u73cd\u73e0\u7adf\u50f9\u503c200\u842c\uff01\u62ff\u53bb\u73e0\u5bf6\u9451\u9a57\u771f\u5047\uff1f\uff01\u3010\u597d\u68d2Bump\u3011\u3010\u907a\u7269\u934a\u91d1\u8853\u3011"
        },
        {
            "id": "ee2i1JV29lQ",
            "title": "\u6211\u4f86\u5230\u4e86\u8ced\u795e\u5f35\u7d04\u7ff0\u5bb6\uff01\u60f3\u5728\u8ced\u5834\u8d0f\u9322\u4e0d\u80fd\u932f\u904e\u7684\u4e00\u96c6\uff01\u3010\u597d\u68d2Bump\u3011\u3010\u512a\u52e2\u73a9\u5bb6\u3011"
        },
        {
            "id": "deaAMT211_Q",
            "title": "\u6211\u7528\u6578\u5b78\u516c\u5f0f\u7834\u89e3\u8ced\u5834\uff01\u73a921\u9ede\u7b97\u724c... \u8d0f\u8d70300\u842c\uff01\u3010\u597d\u68d2Bump\u3011\u3010\u512a\u52e2\u73a9\u5bb6\u3011"
        },
        {
            "id": "1lyvxqmNRv4",
            "title": "\u88ab\u8cbc\u4e0a\u6557\u58de\u793e\u6703\u6a19\u7c64\u5f8c\uff01\u70ba\u4e86\u7d66\u4f60\u5011\u4e00\u500b\u7acb\u5834\uff01\u6211\u5df2\u4ed8\u51fa\u4e00\u5207\u2026\u3010\u597d\u68d2Bump\u3011"
        },
        {
            "id": "bCT5C3BT1Ms",
            "title": "\u4f86\uff01\u53d7\u56f0\u8b49\u4eba\u4f86\u8b1b\u771f\u76f8\u4e86\uff01\u5916\u4ea4\u90e8\u8acb\u51fa\u4f86\u89e3\u91cb\uff01\u3010\u597d\u68d2Bump\u3011"
        }
    ]
}