{
    "channel": {
        "title": "\u9ec3\u963f\u746a\u7684\u5f8c\u5bae\u751f\u6d3b",
        "id": "UCw2W7GIqJNB-UMUxncnMuiw",
        "customUrl": "@fumeancats",
        "uploads": "UUw2W7GIqJNB-UMUxncnMuiw"
    },
    "videos": [
        {
            "id": "VNTMl2F3_rw",
            "title": "\u3010\u9ec3\u963f\u746a\u7684\u5f8c\u5bae\u751f\u6d3b\u3011\u72d7\u72d7\u4f86\u5f8c\u5bae\uff01\u963f\u746a\u72c2\u76ef\u8457\u72d7\uff01"
        },
        {
            "id": "fTecoL_IL2g",
            "title": "\u9ad8\u96c4\u5922\u4e4b\u8239\u5feb\u9583\u5e97 \u958b\u59cb\u5566\uff01 11/15\uff5e12/11\u5728\u9ad8\u96c4\u6f22\u795e\u5de8\u86cb8\u6a13"
        },
        {
            "id": "duPTz8Cr_Rw",
            "title": "\u3010\u9ec3\u963f\u746a\u7684\u5f8c\u5bae\u751f\u6d3b\u3011Kimi\u4f86\u5f8c\u5bae\uff01\u6574\u5929\u5145\u6eff\u7591\u60d1\uff01"
        },
        {
            "id": "upAGNQa7vVY",
            "title": "\u8c93\u54aa\u4e00\u79d2\u8b8a\u81c9"
        },
        {
            "id": "hpCqB2B0Ht4",
            "title": "\u3010\u9ec3\u963f\u746a\u7684\u5f8c\u5bae\u751f\u6d3b\u3011\u5695\u5695\u5e74\u5ea6\u5065\u5eb7\u6aa2\u67e5\uff01\u88ab\u5305\u8d77\u4f86\u4e0d\u6562\u52d5"
        },
        {
            "id": "cqKGLa41SIg",
            "title": "\u7761\u524d\u88ab\u9019\u6a23\u6492\u5b0c\uff5e\u5fc3\u81df\u8e66\u8e66\u8df3"
        },
        {
            "id": "X4h-dXIB5XU",
            "title": "\u3010\u9ec3\u963f\u746a\u7684\u5f8c\u5bae\u751f\u6d3b\u3011\u8c93\u54aa\u904e\u6cb3\u6311\u6230\uff01\u5230\u5e95\u8003\u9a57\u667a\u529b\u9084\u662f\u52c7\u6c23\uff1f"
        },
        {
            "id": "9-jJb0UhYn4",
            "title": "\u96e2\u958b\u5e7e\u5929\uff0c\u624d\u77e5\u9053\u6211\u7684\u8c93\u6709\u591a\u9700\u8981\u6211"
        },
        {
            "id": "zIZ55OdDF4Q",
            "title": "\u3010\u9ec3\u963f\u746a\u7684\u5f8c\u5bae\u751f\u6d3b\u3011\u62dc\u8a2a\u56db\u5c0f\u864e\uff01\u9806\u4fbf\u91cf\u9ad4\u91cd\uff01"
        },
        {
            "id": "ac56TQr0Hl8",
            "title": "\u5c0f\u82b1\u751f\u65e5\u76f4\u64ad\uff01\u56db\u5c0f\u864e\u56db\u6b72\u5566\uff01"
        },
        {
            "id": "OvIMZFxoh50",
            "title": "\u795e\u51fa\u9b3c\u6c92\u22ef\u842c\u8056\u7bc0\u5feb\u6a02\ud83c\udf83"
        },
        {
            "id": "uC-QQnSdOHI",
            "title": "\u7576\u5974\u624d\u6700\u5e78\u798f\u7684\u6642\u523b"
        },
        {
            "id": "6e_YrExMSgw",
            "title": "\u3010\u9ec3\u963f\u746a\u7684\u5f8c\u5bae\u751f\u6d3b\u30112023\u8c93\u54aa\u8df3\u9ad8\u6311\u6230\uff01\u5168\u54e1\u90fd\u8df3\uff01"
        },
        {
            "id": "ZrQ6qIxOCOk",
            "title": "\u7a81\u7136\u89aa\u8c93\u54aa\uff0c\u4ed6\u5011\u6703\u600e\u6a23\uff1f\u300a\u67da\u5b50\u6d63\u8178\u7bc7\u300b"
        },
        {
            "id": "Jdi4qzYAr3Y",
            "title": "\u6c38\u9060\u4e0d\u653e\u68c4\u5403\u7684\u963f\u746a\uff01"
        },
        {
            "id": "pTf8S9nOYEY",
            "title": "\u4f60\u807d\u904e\u8c93\u54aa\u6253\u547c\u55ce\uff1f"
        },
        {
            "id": "wLDY02dm_NQ",
            "title": "\u3010\u9ec3\u963f\u746a\u7684\u5f8c\u5bae\u751f\u6d3b\u3011\u67da\u5b50\u7838\u651d\u5f71\u6a5f\uff01\u5f8c\u5bae\u707d\u96e3\u5be6\u9304\uff01"
        },
        {
            "id": "wqlgtaUTve0",
            "title": "\u770b\u5230\u8089\u7403\u4e00\u5b9a\u8981\u505a\u7684\u4e8b"
        },
        {
            "id": "fIjlQI8hlD4",
            "title": "\u628a\u62db\u5f1f\u653e\u5230\u5ba2\u5ef3\uff0c\u51cc\u6668\u4e94\u9ede\u5f8c\u5bae\u5728\u5e79\u561b\uff1f"
        },
        {
            "id": "ZVcCAFKwwtQ",
            "title": "\u3010\u9ec3\u963f\u746a\u7684\u5f8c\u5bae\u751f\u6d3b\u3011\u7528\u6162\u52d5\u4f5c\u770b\u5f8c\u5bae\uff01\u6d63\u8178\u6162\u534a\u62cd\uff01"
        },
        {
            "id": "PilcaQqK_pM",
            "title": "\u8c93\u770b\u5230\u5c0f\u7d19\u7bb1\u7684\u53cd\u61c9\uff1f"
        },
        {
            "id": "eDYXTyXBo44",
            "title": "\u4f60\u770b\u8c93\u7684\u89d2\u5ea6VS\u8c93\u770b\u4f60\u7684\u89d2\u5ea6"
        },
        {
            "id": "i5d5WWIUfDE",
            "title": "\u6d63\u8178\u5728\u5ba2\u5ef3\u597d\u50cf\u60f3\u505a\u58de\u4e8b\u22ef\u22ef"
        },
        {
            "id": "JtYEWpPMbJo",
            "title": "\u8c93\u54aa\u7528\u982d\u76ae\u6309\u6469\u5668\u7684\u53cd\u61c9"
        },
        {
            "id": "_e2wYRVorb8",
            "title": "\u3010\u9ec3\u963f\u746a\u7684\u5f8c\u5bae\u751f\u6d3b\u3011\u5f8c\u5baeOX\u6bd4\u8cfd\uff01\u963f\u746a\u7684\u80a5\u809a\u809a\u5361\u4f4f\u4e86\uff01"
        }
    ]
}