{
    "channel": {
        "title": "\u937e\u660e\u8ed2",
        "id": "UCZVCbj9weVNAWqXS9gnfm5A",
        "customUrl": "@big_star_ken",
        "uploads": "UUZVCbj9weVNAWqXS9gnfm5A"
    },
    "videos": [
        {
            "id": "Gnz8nOamZuk",
            "title": "\u9054\u5c3c\u5c0f\u59d0\u56de\u4f86\u4e86\uff01\uff01"
        },
        {
            "id": "EnzpjXL-T9E",
            "title": "\u6211\u5230\u65e5\u672c\u5de5\u4f5c\u4e86\uff01"
        },
        {
            "id": "zT5A5iCclSo",
            "title": "\u96e2\u958b\u53f0\u7063\u4e00\u500b\u4eba\u5b89\u975c\uff01"
        },
        {
            "id": "Q6ibahBQxWM",
            "title": "\u597d\u611b\u9178\u6c11\u7684\u7559\u8a00\uff01"
        },
        {
            "id": "Smz7A1Sk_r4",
            "title": "\u662f\u6642\u5019\u8a72Fast Forward\u4e00\u4e0b\u4e86\u5427\uff01"
        },
        {
            "id": "-2fTSUct5YE",
            "title": "\u5c0d\u5ee0\u5546\u7121\u8a00\u4ee5\u5c0d\uff01"
        },
        {
            "id": "1Xjol_CE3a0",
            "title": "\u600e\u80fd\u6c92\u53bb\u904e\u9999\u6e2f\uff01"
        },
        {
            "id": "LrP5Y1RBpto",
            "title": "\u4e00\u500b\u4eba\u53bb\u67ec\u57d4\u5be8\uff01"
        },
        {
            "id": "vAvljcCit0M",
            "title": "\u5ee0\u5546\u8981\u7d66\u6211\u78ba\u5b9a\u9912\uff01"
        },
        {
            "id": "ndS_dGqb46U",
            "title": "\u4e00\u500b\u4eba\u53bb\u8fea\u58eb\u5c3c\uff01"
        },
        {
            "id": "Yqy-juZejEQ",
            "title": "\u53ef\u4ee5\u96e2\u958b\u4eba\u9593\u7684\u7522\u54c1\uff01"
        },
        {
            "id": "oXlBFRPWqnc",
            "title": "\u4e00\u500b\u4eba\u53bb\u8d8a\u5357\uff01"
        },
        {
            "id": "kVGjYaY2ILs",
            "title": "\u6211\u4e0a\u96fb\u8996\u5ee3\u544a\u4e86\uff01\uff01"
        },
        {
            "id": "m0rKd8eJi64",
            "title": "\u8d81\u4e2d\u570b\u958b\u653e\u524d\u8d95\u5feb\u8dd1\uff01"
        },
        {
            "id": "w7Efgr1SWBA",
            "title": "\u51cc\u6668\u8ddf\u76f4\u7537\u51fa\u570b\uff01"
        },
        {
            "id": "oJNV7rfgNk0",
            "title": "\u88ab\u5ee0\u5546\u539f\u5730\u5687\u5230\uff01"
        },
        {
            "id": "ewIOK9c65Sc",
            "title": "\u8e0f\u9032\u5370\u5ea6\u8ca7\u6c11\u7a9f\uff01"
        },
        {
            "id": "c_5vPjRo3NA",
            "title": "\u5370\u5ea6\u9047\u5230\u8d85\u778e\u5c0e\u904a\uff01"
        },
        {
            "id": "MiCW9WHyCKc",
            "title": "\u4e00\u500b\u4eba\u53bb\u5370\u5ea6\uff01"
        },
        {
            "id": "u37VaWPU7SQ",
            "title": "\u6211\u53c8\u63a5\u5230\u4ee3\u8a00\u4e86\uff01"
        },
        {
            "id": "GPNLZdsTdtw",
            "title": "\u8cb7\u4e86\u4e00\u53f0\u7279\u65af\u62c9\uff01"
        },
        {
            "id": "Bstn_vOURI4",
            "title": "\u53c8\u662f\u4e00\u500b\u4eba\u51fa\u570b\uff01"
        },
        {
            "id": "C-V1QngqAbE",
            "title": "\u9047\u5230\u6700\u626f\u7684\u5ee0\u5546\uff01"
        },
        {
            "id": "lLqeqBggNRw",
            "title": "\u8de8\u5e74\u4e00\u500b\u4eba\u53bb\u6cf0\u570b\uff01"
        },
        {
            "id": "o9ksRO_80Po",
            "title": "\u937e\u660e\u8ed2 Mitchell \u300a\u4f60\u559c\u6b61\u4e0d\u662f\u6211\u559c\u6b61 My voice to express \u300b\u5152\u798f\u806f\u76df \u5152\u5c11\u767c\u8072\u4e3b\u984c\u66f2 Official Music Video"
        },
        {
            "id": "nKdNoUmb9K4",
            "title": "\u88ab\u9178\u6c11\u539f\u5730\u5687\u5230\uff01"
        },
        {
            "id": "cKvQxprwryk",
            "title": "\u5728\u7f8e\u570b\u7684\u6700\u5f8c\u4e00\u5929\uff01"
        },
        {
            "id": "Mv-SeXs69G8",
            "title": "\u4e00\u500b\u4eba\u96e2\u958b\u7d10\u7d04\uff01"
        },
        {
            "id": "ItA40RqIFFU",
            "title": "\u5728\u7f8e\u570b\u7576\u5b78\u751f\u7684\u4e00\u5929\uff01"
        },
        {
            "id": "3Zg-Jun1qS8",
            "title": "\u539f\u4f86\u9019\u5c31\u662f\u7f8e\u570b\u751f\u6d3b\uff01"
        },
        {
            "id": "We055DbVFzE",
            "title": "\u4e00\u500b\u4eba\u53bb\u7f8e\u570b\uff01"
        },
        {
            "id": "pXKfdW2IRj8",
            "title": "\u6210\u70ba\u4e86VOGUE\uff01"
        },
        {
            "id": "a9-xKo3mrxM",
            "title": "\u539f\u4f86\u6211\u6709\u7d93\u7d00\u4eba\uff01"
        },
        {
            "id": "xS5LPXOMrCU",
            "title": "\u597d\u5566\uff5e\u8b9a\u7f8e\u5ee0\u5546"
        },
        {
            "id": "H4WrFeXa45c",
            "title": "\u7562\u696d\u5f8c\u99ac\u4e0a\u74b0\u5cf6\uff01"
        },
        {
            "id": "mk8afo5E3Ws",
            "title": "\u8fd1\u671f\u7528\u5230\u7684\u721b\u8ca8\uff01"
        },
        {
            "id": "ccP71fTSbBQ",
            "title": "\u63db\u6211\u78ba\u8a3a\u4e86 !!"
        },
        {
            "id": "KfI5Hqo44ko",
            "title": "\u6211\u76ae\u819a\u771f\u7684\u5f88\u597d\uff01"
        },
        {
            "id": "iZJe8DMuG3o",
            "title": "\u95dc\u65bc\u9818\u990a\u4ee3\u66ff\u8cfc\u8cb7\uff01"
        },
        {
            "id": "cnpls2MQkjA",
            "title": "\u6211\u990a\u72d7\u4e86\uff01"
        },
        {
            "id": "rayCMHv4cQ4",
            "title": "OMG\u6211\u63a5\u5230\u4ee3\u8a00\u4e86\uff01"
        },
        {
            "id": "Y87vvM1ulIo",
            "title": "\u7562\u696d\u524d\u6700\u5f8c\u4e00\u6b21\u51fa\u904a\uff01"
        },
        {
            "id": "GL2bVm5kvbo",
            "title": "\u6211\u7684\u7537\u53cb\u662f\u76f4\u7537\uff01"
        },
        {
            "id": "6uhFehaInUA",
            "title": "\u4e00\u500b\u4eba\u96e2\u958b\u53f0\u7063\uff01"
        },
        {
            "id": "b62NXV_64OQ",
            "title": "\u9178\u6c11\u600e\u9ebc\u9084\u5728\uff01"
        },
        {
            "id": "JjJIrZqp6wo",
            "title": "\u8ddf\u964c\u751f\u4eba\u904e\u5e74\uff01"
        },
        {
            "id": "xT09CL3vOlw",
            "title": "\u6211\u5243\u982d\u4e86\uff01"
        },
        {
            "id": "7xqWkgpXWjw",
            "title": "\u53c8\u662f\u4e00\u500b\u4eba\u8de8\u5e74\uff01"
        },
        {
            "id": "SPe43el_yIE",
            "title": "\u6210\u70ba\u4e86\u9f8d\u6f6d\u4eba!!"
        },
        {
            "id": "gI2-WZUW9gY",
            "title": "\u8001\u5a18\u63a5\u5230\u696d\u914d\u4e86\uff01"
        },
        {
            "id": "WKNjcYTr-sA",
            "title": "106\u842c\u8a02\u95b1Q&A\uff01"
        },
        {
            "id": "52rMjxPjxUE",
            "title": "22\u6b72\u8cb7\u8eca\u4e86\uff01"
        },
        {
            "id": "weebni_V5ls",
            "title": "\u6211\u7684\u5bb6\u8b8a\u4e86\uff01"
        },
        {
            "id": "R4JG3F-6UN4",
            "title": "\u5617\u8a66\u4ea4\u5973\u670b\u53cb\uff01"
        },
        {
            "id": "Q8Zjm-HA24w",
            "title": "\u5931\u8077\u5ee0\u5546\u8acb\u51fa\u53bb\uff01"
        },
        {
            "id": "4er2v1mmO3g",
            "title": "\u53ea\u662f\u500b\u4f4e\u6f6e\u671f\uff01"
        },
        {
            "id": "Ha9qoTX9PZM",
            "title": "\u5728\u958b\u5b78\u524d\u8d95\u5feb\u96e2\u958b\u53f0\u5317\uff01"
        },
        {
            "id": "cMDVyyrbHM0",
            "title": "\u73a9\u5f04\u81ea\u5df1\u7684\u8eab\u9ad4\uff01"
        },
        {
            "id": "tkWDHN_fIMI",
            "title": "\u7d42\u65bc\u63a5\u5230\u5de5\u4f5c\u4e86!!"
        },
        {
            "id": "oQGMZGAmdLI",
            "title": "\u9ed1\u5fc3\u5ee0\u5546\u8acb\u6d88\u5931\uff01"
        },
        {
            "id": "273uOl8OyXQ",
            "title": "\u8ab0\u4f86\u6551\u6551\u5730\u7403\u4eba\uff01"
        },
        {
            "id": "A1h-iVvqvFo",
            "title": "\u300c\u937e\u660e\u8ed2\u300d\u76f4\u64ad"
        },
        {
            "id": "BF74jhApCGk",
            "title": "\u53f0\u7063\u4eba\u8acb\u52ff\u76ae\u819a\u5dee\uff01"
        },
        {
            "id": "OHEh0if4A7Q",
            "title": "\u5c45\u5bb6\u9694\u96e2\u52ff\u81ea\u79c1\uff01\uff01"
        },
        {
            "id": "2jYw1I98Sbo",
            "title": "\u75ab\u60c5\u56b4\u91cd\u524d\u5feb\u642c\u5bb6!!"
        },
        {
            "id": "bQ4dIhBcBuY",
            "title": "\u642c\u5bb6\u524d\u4f86\u9760\u5317\u5ee0\u5546\uff01"
        },
        {
            "id": "KFbvy_C6kRU",
            "title": "\u56de\u8986\u4f4e\u80fd\u4eba\u985e\u7684\u7559\u8a00\uff01"
        },
        {
            "id": "c_OKQT_5vkQ",
            "title": "\u6709\u7537\u670b\u53cb\u4e86!!"
        },
        {
            "id": "XCwKXhkrjwc",
            "title": "\u5927\u5b78\u751f\u8981\u51fa\u53bb\u73a9\uff01"
        },
        {
            "id": "-wZf8q73iMQ",
            "title": "\u516c\u958b\u4eba\u751f\u7b2c\u4e00\u652f\u5f71\u7247\uff01"
        },
        {
            "id": "a3rWiVo5o98",
            "title": "\u937e\u660e\u8ed2 Mitchell \u300a\u54ce\u5440\u721b\u6a5f\u8eca\u767c\u4e0d\u52d5 nnnnnnnnnnnnnnnn\u300bOfficial Music Video"
        },
        {
            "id": "-zEeFDkIPcc",
            "title": "\u958b\u5b78\u524d\u96e2\u958b\u53f0\u7063\uff01"
        },
        {
            "id": "KfsSObFWzQA",
            "title": "\u9019\u4e9b\u5ee0\u5546\u8acb\u627e\u6211\uff01"
        },
        {
            "id": "59hr9IZ8bYs",
            "title": "\u56de\u8986\u66b4\u6c11\u7684\u7559\u8a00\uff01"
        },
        {
            "id": "vS8-k1c0zUU",
            "title": "\u53ef\u4ee5\u505c\u7522\u7684\u5ee0\u5546!!"
        },
        {
            "id": "XT1Y8rx3iyc",
            "title": "\u662f\u7db2\u7d05\u662f\u660e\u661f\uff01"
        },
        {
            "id": "jl7224xs9Uw",
            "title": "\u937e\u660e\u8ed2 Mitchell \u300aLADIES & GENTLEMEN\u300bOfficial Music Video"
        },
        {
            "id": "KaXj0Vx-mDw",
            "title": "\u8de8\u5e74\u8ddf\u7db2\u53cb\u904e!!"
        },
        {
            "id": "jQwNl7hZ5lw",
            "title": "\u6211\u768421\u6b72\u751f\u65e5!!"
        },
        {
            "id": "KhvEwDfAAwI",
            "title": "\u539f\u4f86\u80fd\u9019\u6a23\u751f\u6d3b\uff01"
        },
        {
            "id": "0Z310p8fwVE",
            "title": "\u4eca\u65e5\u8b9a\u7f8e\u5ee0\u5546\uff01"
        },
        {
            "id": "6UkU2d9Md1I",
            "title": "\u8a00\u8a5e\u504f\u6fc0\u8981\u9053\u6b49\uff01"
        },
        {
            "id": "aFHmeJzq03g",
            "title": "\u672c\u8a72\u662f\u6211\u914d\u97f3\u7684!!"
        },
        {
            "id": "EBPGNhyB4cU",
            "title": "\u5bb6\u88e1\u65b0\u6210\u54e1!!"
        },
        {
            "id": "cxyLMoUVXUY",
            "title": "\u4e00\u500b\u4eba\u9762\u5c0d\u5b87\u5b99!!"
        },
        {
            "id": "dBmu5nyLN-8",
            "title": "\u4eca\u65e5\u6211\u6c92\u6709\u4e3b\u984c\uff01"
        },
        {
            "id": "AqpVRzTNm64",
            "title": "\u76ae\u819a\u721b\u4e86\u600e\u9ebc\u8fa6\uff01"
        },
        {
            "id": "EHczUpiP29w",
            "title": "\u4eca\u65e5\u653b\u64ca\u5ee0\u5546!!"
        },
        {
            "id": "JqFi-etcXmA",
            "title": "\u4eca\u5929\u600e\u9ebc\u73a9\u81ea\u5df1\uff01"
        },
        {
            "id": "3bBxRtZea70",
            "title": "\u4eba\u985e\u8acb\u52ff\u4e0d\u9ad8\u7d1a!!"
        },
        {
            "id": "OszeQ3yr-dU",
            "title": "\u8ddf\u8457\u5927\u5b78\u751f\u65c5\u884c\uff01"
        },
        {
            "id": "lLjSbODdYm8",
            "title": "VLOG\uff5c\u8178\u80c3\u708e\u9084\u662f\u8981\u6f02\u4eae!!"
        },
        {
            "id": "cJ0CtJOvJLY",
            "title": "\u4e00\u767e\u842c\u8a02\u95b1Q&A\uff01"
        },
        {
            "id": "ZszMu7OM_PA",
            "title": "\u53ef\u7537\u53ef\u5973\u7684\u4eba\u985e\uff01"
        },
        {
            "id": "yIMaDMjyTwA",
            "title": "\u7d42\u65bc\u6709\u670b\u53cb\u966a\u6211\u73a9!!"
        },
        {
            "id": "Keh5FINAZbM",
            "title": "\u5ee0\u5546\u5230\u5e95\u5728\u5e79\u561b!!"
        },
        {
            "id": "hvBHnUZGnnA",
            "title": "\u7576\u7f8e\u9e97\u7684\u4eba\u597d\u96e3!!"
        },
        {
            "id": "VnI-iGRLMR4",
            "title": "\u53f0\u7063\u4eba\u8acb\u52ff\u7121\u8166\uff01"
        },
        {
            "id": "8H1PzyviqgA",
            "title": "\u64c1\u6709\u670b\u53cb\u7684\u4e00\u5929!!"
        },
        {
            "id": "X9GcaZC7wEE",
            "title": "\u4eca\u5929\u8981\u4f86\u5e79\u5927\u4e8b\uff01"
        }
    ]
}