{
    "video_info": {
        "id": "ewIOK9c65Sc",
        "channelTitle": "\u937e\u660e\u8ed2",
        "title": "\u8e0f\u9032\u5370\u5ea6\u8ca7\u6c11\u7a9f\uff01",
        "description": "\u4ee5\u4e00\u7a2e\u62c6\u958b\u672a\u77e5\u5305\u88f9\u7684\u5fc3\u60c5\u9810\u5b9a\u4e86\u4e00\u6bb5\u5c0e\u904a\u884c\u7a0b\n\u5f9e\u5343\u4eba\u6d17\u8863\u5ee0\u5230\u8ca7\u6c11\u7a9f\u6751\u843d \u5b8c\u5168\u985b\u8986\u4e86\u6211\u5c0d\u65bc\u81ea\u8eab\u751f\u6d3b\u7684\u9ad4\u9a57\n\u9019\u4e9b\u884c\u7a0b\u672c\u90fd\u662f\u6211\u9810\u8a08\u53ef\u5728\u672a\u62cd\u7247\u7684\u6642\u9593\u53bb\u8d70\u8a2a\n\u6c92\u60f3\u5230\u610f\u5916\u7684\u8207\u5c0e\u89bd\u884c\u7a0b\u4e0d\u8b00\u800c\u5408\n\u7a81\u7136\u64c1\u6709\u4e86\u4e00\u7a2e\u6c92\u6709\u4e8b\u5148\u505a\u529f\u8ab2\n\u76f4\u63a5\u4ee5\u6d3b\u5728\u7576\u6642\u7684\u90a3\u500b\u6642\u523b\u89aa\u773c\u76ee\u7779\u6bcf\u4e00\u5206\u6bcf\u4e00\u79d2\u7684\u7cbe\u91c7\u5f8c\u97fb\n\u53ea\u80fd\u8aaa\u5929\u6642\u5730\u5229\u4eba\u548c\u8ddf\u81ea\u5df1\u597d\u5e78\u904b\uff5e\u597d\u5e78\u904b\n\n\u9019\u662f\u4e00\u6bb5\u5145\u6eff\u555f\u767c\u8ddf\u601d\u8003\u7684\u7d93\u6b77\n\u96d6\u8aaa\u62cd\u4e86\u5f71\u7247\u3001\u7d00\u9304\u4e86\u7576\u6642\u3001\u6253\u4e0a\u4e86\u6587\u5b57\u3001\u7cbe\u7c21\u4e86\u6240\u6709\n\u4f46\u6c92\u6709\u8eab\u6b77\u5176\u5883\u904e\u7684 \u59cb\u7d42\u9084\u662f\u7121\u60f3\u50cf\u51fa\u4e00\u500b\u6240\u4ee5\u7136\n\n\u5982\u679c\u4f60\u554f\u6211\u5370\u5ea6\u9019\u500b\u5730\u65b9\u6211\u63a8\u4e0d\u63a8\u85a6\n\u6211\u53ea\u6703\u544a\u8a34\u4f60\uff1a\u300e\u5230\u8655\u8d70\u8d70\uff0c\u653e\u5fc3\u7684\u81e3\u670d\u65bc\u751f\u547d\u4e4b\u6d41\uff0c\u4f60\u7684\u4eba\u751f\u624d\u7b97\u771f\u6b63\u6d3b\u904e\u3002\u300f\n\n\u81f4\u4e00\u500b\u4eba\u7684\u5370\u884c",
        "likeCount": "20403",
        "commentCount": "847",
        "viewCount": "676663"
    },
    "comments": [
        {
            "reply_id": "UgwtxcsAFpsQlUl5bXV4AaABAg",
            "reply_content": "\u8d85\u559c\u6b61\u9019\u7a2e",
            "likeCount": 0
        },
        {
            "reply_id": "UgyKbpCJWnFQocbv7mV4AaABAg",
            "reply_content": "\u611f\u89ba\u770b\u4f60\u7684\u5f71\u7247\u5c31\u662f\u5f88\u8f15\u9b06",
            "likeCount": 0
        },
        {
            "reply_id": "UgyG0YF_RwrcrVuhVEt4AaABAg",
            "reply_content": "\u81f3\u5c11\u5f88\u74b0\u4fdd\u5427",
            "likeCount": 0
        },
        {
            "reply_id": "UgyLgqHo5YFs4wvzBB14AaABAg",
            "reply_content": "\u660e\u8ed2\u8d85\u53ef\u611b",
            "likeCount": 0
        },
        {
            "reply_id": "UgyRAzHU63pJ8bioH8N4AaABAg",
            "reply_content": "\u65e2\u7136\u559c\u6b61\u5c31\u4f4f\u5728\u5370\u5ea6\u5427",
            "likeCount": 0
        },
        {
            "reply_id": "UgyN1xLH8YN9usLmDTV4AaABAg",
            "reply_content": "\u90a3\u4e2a\u6cf0\u59ec\u9675\u9152\u5e97\u6b7b\u4e86\u4e00\u767e\u591a\u4eba",
            "likeCount": 0
        },
        {
            "reply_id": "UgzwmeAw_edmFPPU_9B4AaABAg",
            "reply_content": "\u4e0b\u6b21\u5982\u679c\u8981\u53bb\u8d8a\u5357\u7684\u8a71\u8981\u627e\u6211\u8036\uff5e\u6211\u5e36\u4f60\u53bb\u9ad4\u9a57\u5f88\u591a\u7576\u5730\u7684\u7279\u8272\u5440",
            "likeCount": 0
        },
        {
            "reply_id": "UgyOnOJl2m6mtpBoyZt4AaABAg",
            "reply_content": "\u597d\u52c7\u6562\u7684\u5e74\u8f15\u4eba",
            "likeCount": 0
        },
        {
            "reply_id": "UgwLK8Uc5RHjYwpVLLp4AaABAg",
            "reply_content": "\u5370\u5ea6\u4eba\u90fd\u4ee5\u70ba\u9019\u500b\u4eba\u662f\u5f9e\u6cf0\u570b\u4f86\u7684",
            "likeCount": 0
        },
        {
            "reply_id": "UgwrfgVzAOIp-8408rB4AaABAg",
            "reply_content": "\u90a3\u500b\u7a7f\u9ec3\u8272\u8863\u670d\u7684\u5c0e\u904a\u5403\u660e\u8ed2\u8c46\u8150\u4ed6\u6478\u660e\u8ed2\u624b",
            "likeCount": 0
        },
        {
            "reply_id": "UgzPO8YLbYdxIsEcaIt4AaABAg",
            "reply_content": "\u5728\u660e\u8ed2\u7684\u8996\u983b\u88cf\u7684\u5370\u5ea6\u597d\u6f02\u4eae",
            "likeCount": 0
        },
        {
            "reply_id": "Ugy-gtxKTzW-jidxMkp4AaABAg",
            "reply_content": "\u771f\u5e0c\u671b\u6709\u6a5f\u6703\u4e5f\u80fd\u5230\u5370\u5ea6\u53bb\u8d70\u8d70",
            "likeCount": 0
        },
        {
            "reply_id": "UgwkDAxjDN1CgeXzg-F4AaABAg",
            "reply_content": "\u611b\u4e86",
            "likeCount": 0
        },
        {
            "reply_id": "UgznWAqyPLgNWbnOL3B4AaABAg",
            "reply_content": "\u60f3\u770b\u4f60\u53bb\u5370\u5c3c\u627e\u9054\u5c3c",
            "likeCount": 0
        },
        {
            "reply_id": "UgyPIMcsOkeVWWnBGPh4AaABAg",
            "reply_content": "\u5192\u96aa\u937e\u63a2\u9577",
            "likeCount": 0
        },
        {
            "reply_id": "UgyRpqTApAZPAxraVBh4AaABAg",
            "reply_content": "\u559c\u6b61\u9019\u7cfb\u5217",
            "likeCount": 0
        },
        {
            "reply_id": "UgyRkWDyKnOMaHr3zFp4AaABAg",
            "reply_content": "\u5916\u8868\u770b\u8d77\u4f86\u5c31\u662f\u8b8a\u614b\u554a \u96e3\u9053\u59b3\u770b\u4e0d\u51fa\u4f86\u4f60\u9019\u5641\u5fc3\u540c\u6027\u6200\u6a23\u55ce",
            "likeCount": 0
        },
        {
            "reply_id": "Ugx3UscTFUVN6Pt6dSN4AaABAg",
            "reply_content": "\u6f8e\u6e56\u4e09\u500b\u9ed1\u8272\u795e\u6728",
            "likeCount": 0
        },
        {
            "reply_id": "UgyzMzsFAKwYd0L8Iph4AaABAg",
            "reply_content": "\u6cf0\u570b\u6c34\u4e0a\u5e02\u5834",
            "likeCount": 0
        },
        {
            "reply_id": "Ugyxf4MqB7l9dQo4-3F4AaABAg",
            "reply_content": "\u660e\u8ed2\u65c1\u767d\u597d\u597d\u807d",
            "likeCount": 0
        }
    ]
}