{
    "video_info": {
        "id": "Gnz8nOamZuk",
        "channelTitle": "\u937e\u660e\u8ed2",
        "title": "\u9054\u5c3c\u5c0f\u59d0\u56de\u4f86\u4e86\uff01\uff01",
        "description": "\u662f\u66fe\u7d93\u7684\u646f\u53cb \u4e5f\u662f\u6700\u597d\u7684\u670b\u53cb\n\u662f\u9ad8\u4e2d\u6642\u671f\u653e\u5b78\u56de\u5bb6\u6700\u60f3\u898b\u5230\u7684\u4eba\n\u4e5f\u662f\u90a3\u500b\u6642\u671f \u6211\u773c\u4e2d\u7684\u6551\u4e16\u4e3b\n\u6216\u8a31\u6211\u7121\u6cd5\u518d\u6210\u70ba\u90a3\u6240\u8b02\u300e\u96c7\u4e3b\u7684\u5c0f\u5b69\u300f\n\u59b3\u4e5f\u7121\u6cd5\u518d\u6210\u70ba\u5728\u7576\u6642\u6211\u5fc3\u4e2d\u7684\u90a3\u4f4d\u300e\u9054\u5c3c\u5c0f\u59d0\u300f\n\u96d6\u7136\u7121\u6cd5\u518d\u5ef6\u7e8c\u7576\u6642 \u4f46\u6211\u76f8\u4fe1\u6211\u8ddf\u9054\u5c3c\u7684\u6545\u4e8b\u7d55\u5c0d\u9084\u6c92\u7d50\u675f\n\u5f88\u9ad8\u8208\u53ef\u4ee5\u7528\u670b\u53cb\u7684\u8eab\u4efd\u7e7c\u7e8c\u53c3\u8207\u5f7c\u6b64\u751f\u547d\u4e2d\u7684\u90a3\u4e00\u5c0f\u7ae0\u7bc0",
        "likeCount": "56593",
        "commentCount": "2940",
        "viewCount": "1050054"
    },
    "comments": [
        {
            "reply_id": "UgxzycujaesWUxQ1iz14AaABAg",
            "reply_content": "\u760b\u6389\u770b\u5b8c\u76f4\u63a5\u5927\u7206\u54ed\u6b38",
            "likeCount": 0
        },
        {
            "reply_id": "UgxK8Ob_Z-_oY2xYSP94AaABAg",
            "reply_content": "\u770b\u5b8c\u54ed\u4e86",
            "likeCount": 0
        },
        {
            "reply_id": "UgyTWWNmMEL8NmhuAsx4AaABAg",
            "reply_content": "\u597d\u611f\u52d5",
            "likeCount": 0
        },
        {
            "reply_id": "Ugxl4kBNlPwg9HeH1g54AaABAg",
            "reply_content": "\u9084\u771f\u7684\u5728\u6211\u5bb6\u9644\u8fd1",
            "likeCount": 0
        },
        {
            "reply_id": "Ugxw73N6MEkO5M1hwTp4AaABAg",
            "reply_content": "\u5f88\u611f\u52d5",
            "likeCount": 0
        },
        {
            "reply_id": "UgzlU8c83q-GGemm-_94AaABAg",
            "reply_content": "\u770b\u5230\u9054\u5c3c\u597d\u958b\u5fc3",
            "likeCount": 0
        },
        {
            "reply_id": "Ugzf6Ebq9VzDBsSpGzB4AaABAg",
            "reply_content": "\u5f88\u611f\u52d5",
            "likeCount": 0
        },
        {
            "reply_id": "UgxeckoIrVjkDxwMP1Z4AaABAg",
            "reply_content": "\u660e\u8ed2\u7684\u66f8\u597d\u50cf\u6709\u5beb\u5230",
            "likeCount": 0
        },
        {
            "reply_id": "UgxIuWfG-GUNZC63Ezh4AaABAg",
            "reply_content": "\u660e\u8ed2\u771f\u7684\u5f88\u68d2",
            "likeCount": 0
        },
        {
            "reply_id": "UgxREEM_0leVDrzpKqh4AaABAg",
            "reply_content": "\u770b\u54ed\u6211\u4e86",
            "likeCount": 0
        },
        {
            "reply_id": "Ugx5BJ-s68c3USQIh154AaABAg",
            "reply_content": "\u6211\u4e5f\u89ba\u5f97\u9054\u5c3c\u7684\u6ce1\u9762\u6bd4\u8f03\u597d\u5403",
            "likeCount": 0
        },
        {
            "reply_id": "UgyipcynhUDu9VLeY_J4AaABAg",
            "reply_content": "\u9019\u96c6\u4e5f\u8b93\u4e00\u5806\u904e\u53bb\u820a\u89c0\u773e\u56de\u4f86\u4e86 \u9ede\u95b1\u7387\u6574\u500b\u4e0d\u4e00\u6a23",
            "likeCount": 0
        },
        {
            "reply_id": "UgzQjt-lC3ySsY0hsqF4AaABAg",
            "reply_content": "\u5f88\u69ae\u5e78\u53ef\u4ee5\u770b\u5230\u9019\u90e8\u5f71\u7247",
            "likeCount": 0
        },
        {
            "reply_id": "Ugx1S8PBay35lz_Lghl4AaABAg",
            "reply_content": "\u4e0a\u6b21\u770b\u5230\u597d\u50cf\u662f\u597d\u5e7e\u5e74\u524d\u4e86",
            "likeCount": 0
        },
        {
            "reply_id": "Ugx7jfO0fYSYZcJ4vLt4AaABAg",
            "reply_content": "\u5f88\u96e3\u5f97\u53c8\u771f\u646f\u7684\u60c5\u8abc",
            "likeCount": 0
        },
        {
            "reply_id": "UgwTAcWINubmq28SrGR4AaABAg",
            "reply_content": "\u770b\u898b\u4e86\u6700\u6a38\u5be6\u7684\u4ee5\u8aa0\u5f85\u4eba",
            "likeCount": 0
        },
        {
            "reply_id": "Ugwwq-1eaAvgsGCPKfV4AaABAg",
            "reply_content": "\u770b\u8457\u770b\u8457\u89ba\u5f97\u5f88\u611f\u52d5",
            "likeCount": 0
        },
        {
            "reply_id": "Ugwjt7C2r2slhuTgqyR4AaABAg",
            "reply_content": "\u597d\u611f\u52d5\u54ed\u54ed",
            "likeCount": 0
        },
        {
            "reply_id": "Ugzh-K4J6K19xGKI53p4AaABAg",
            "reply_content": "\u7b11\u5f97\u597d\u5e78\u798f",
            "likeCount": 0
        },
        {
            "reply_id": "UgxjaVCZ4iSz2ZZ4toB4AaABAg",
            "reply_content": "\u660e\u8f69\u592a\u597d\u4eba\u4e86",
            "likeCount": 0
        }
    ]
}