{
    "video_info": {
        "id": "GPNLZdsTdtw",
        "channelTitle": "\u937e\u660e\u8ed2",
        "title": "\u8cb7\u4e86\u4e00\u53f0\u7279\u65af\u62c9\uff01",
        "description": "\u8b1d\u8b1d\u5c0f\u767d\u767d\u8fd1\u5feb2\u5e74\u7684\u966a\u4f34\n\u4f60\u662f\u6211\u4eba\u751f\u4e2d\u64c1\u6709\u7684\u7b2c\u4e00\u90e8\u8eca\n\u5f9e\u6211\u8907\u96dc\u5230\u5e73\u975c \u518d\u5f9e\u5e73\u975c\u8b8a\u6210\u50cf\u760b\u5b50\u4e00\u6a23\n\u9019\u4e9b\u6a23\u5b50 \u53ea\u6709\u4f60\u770b\u904e \u4e5f\u53ea\u6709\u4f60\u662f\u6700\u4e0d\u6703\u7d66\u6211\u5b9a\u7fa9\u7684\u90a3\u4e00\u500b \n\n\u8b1d\u8b1d\u5728\u9019\u4e9b\u65e5\u5b50\u88e1\u4f60\u8b8a\u6210\u6211\u60f3\u628a\u4f60\u8b8a\u6210\u7684\u90a3\u6a23\n\u9858\u4e0b\u4e00\u4f4d\u4f7f\u7528\u8005\u53ef\u4ee5\u597d\u597d\u73cd\u60dc\u4f60 \u7406\u89e3\u4f60\u7684\u7f8e \u795d\u798f\u4f60\n\n\u7576\u628a\u81ea\u5df1\u7368\u7acb\u51fa\u4f86\u6642 \u624d\u5f97\u77e5\u81ea\u5df1\u539f\u4f86\u64c1\u6709\u5c6c\u65bc\u81ea\u5df1\u4eba\u751f\u7684\u63a7\u5236\u529b \n\u771f\u7684\u7121\u6cd5\u5f97\u77e5\u63a5\u4e0b\u4f86\u7684\u8def\u6703\u8d70\u5230\u54ea\u88e1\n\u4e5f\u7121\u6cd5\u53bb\u8a08\u7b97\u4ec0\u9ebc\u624d\u662f\u5c0d\u81ea\u5df1\u6700\u597d\u7684\u5b89\u6392\n\n\u6211\u552f\u4e00\u77e5\u9053\u7684 \u5c31\u662f\u7e7c\u7e8c\u4fdd\u6301\u9019\u7a2e\u4e0d\u77e5\u9053\n\u5982\u679c\u4e16\u9593\u771f\u6709\u771f\u7406 \u6211\u9858\u505a\u90a3\u500b\u4e0d\u66fe\u88ab\u544a\u77e5\u7684\u4eba\n\n\u795d\u798f\u5404\u4f4d\u73a9\u5bb6\ud83d\udc7d",
        "likeCount": "17518",
        "commentCount": "578",
        "viewCount": "542998"
    },
    "comments": [
        {
            "reply_id": "Ugw5z6OiqmrlR-O_V3F4AaABAg",
            "reply_content": "\u5e0c\u671b\u6c92\u6709\u770b\u932f\u90a3\u4e0d\u662f\u505c\u5728\u4eba\u884c\u9053",
            "likeCount": 3
        },
        {
            "reply_id": "UgzkpAjwF5ydXrzomFt4AaABAg",
            "reply_content": "\u597d\u6709\u94b1",
            "likeCount": 1
        },
        {
            "reply_id": "UgxyNPhgyJXu7QZu_Hd4AaABAg",
            "reply_content": "\u660e\u8ed2\u8ddf\u59ca\u59ca\u90fd\u597d\u68d2",
            "likeCount": 1
        },
        {
            "reply_id": "UgwFzgf_4zHJbSmAzmh4AaABAg",
            "reply_content": "\u53c8\u51fa\u4f86\u4e1f\u81c9\u4e86\u5594\u540c\u6027\u6200\u5641\u5fc3",
            "likeCount": 1
        },
        {
            "reply_id": "UgzRDHlMaMbnhg8QPyt4AaABAg",
            "reply_content": "\u9084\u6c92\u770b\u5230\u4f60\u958b\u51fa\u53bb\u5c31\u7d50\u675f\u4e86",
            "likeCount": 1
        },
        {
            "reply_id": "UgzmKAxGkHHd_-bLgj54AaABAg",
            "reply_content": "\u65e9\u65e5\u8eca\u798d",
            "likeCount": 0
        },
        {
            "reply_id": "Ugzm6NWuCXJX6-IQ3F94AaABAg",
            "reply_content": "\u54c8\u54c8\u54c8",
            "likeCount": 0
        },
        {
            "reply_id": "UgxkMfvK_xvQWgJy0LJ4AaABAg",
            "reply_content": "\u7d20\u6750\u62cd\u5f97\u597d\u5f37",
            "likeCount": 0
        },
        {
            "reply_id": "Ugyc8J7h_l2WEJFpsHR4AaABAg",
            "reply_content": "\u68d2",
            "likeCount": 0
        },
        {
            "reply_id": "UgwS0E_X44gNuZ-UPIZ4AaABAg",
            "reply_content": "\u4e00\u624b\u5973\u7528\u8eca",
            "likeCount": 0
        },
        {
            "reply_id": "UgxFf0pgb4ajF-DEFCV4AaABAg",
            "reply_content": "\u983b\u5c3f\u7684\u8a71\u53ef\u4ee5\u6aa2\u67e5\u770b\u770b\u6709\u6c92\u6709\u651d\u8b77\u817a\u80a5\u5927",
            "likeCount": 0
        },
        {
            "reply_id": "Ugy84OZOCpg-iNjK1uF4AaABAg",
            "reply_content": "\u660e\u8ed2\u52a0\u6cb9",
            "likeCount": 0
        },
        {
            "reply_id": "UgwH7rgFX8OqT1uos854AaABAg",
            "reply_content": "\u8d85\u7d1a\u559c\u6b61\u7684\u5566",
            "likeCount": 0
        },
        {
            "reply_id": "UgwVkglOUIEIHqwVJpZ4AaABAg",
            "reply_content": "\u7532\u9b3c\u7532\u602a",
            "likeCount": 0
        },
        {
            "reply_id": "UgzOBJU35meVWwPq8CZ4AaABAg",
            "reply_content": "\u770b\u5230\u6700\u5f8c\u6574\u500b\u5927\u7206\u6dda",
            "likeCount": 0
        },
        {
            "reply_id": "UgznvO1Sc2YtDe8VJHR4AaABAg",
            "reply_content": "\u606d\u559c\u4f60\u59d0\u59d0\u7d42\u65bc\u6709\u81ea\u5df1\u7684\u4eba\u751f\u4e5f\u795d\u751f\u610f\u8208\u9686",
            "likeCount": 0
        },
        {
            "reply_id": "Ugx_1aBQN6vNJUztrKV4AaABAg",
            "reply_content": "\u52a0\u6cb9",
            "likeCount": 0
        },
        {
            "reply_id": "UgyzjFBZpeO6mSJFct54AaABAg",
            "reply_content": "\u81ea\u52d5\u6bc0\u6ec5\u99d5\u99db",
            "likeCount": 0
        },
        {
            "reply_id": "UgyS0nsUK4h-30U8XMl4AaABAg",
            "reply_content": "\u5f8c\u9762\u5728\u611f\u52d5\u4ec0\u9ebc\u5566",
            "likeCount": 0
        },
        {
            "reply_id": "UgzrxZwhUvWdLBdJx9x4AaABAg",
            "reply_content": "\u6211\u59ca\u59ca\u662f\u88ab\u5abd\u5abd\u58ae\u6389\u4e86\u4e0d\u904e\u5979\u8981\u662f\u9084\u5728\u7684\u8a71\u4e5f\u4e00\u5b9a\u548c\u6211\u548c\u660e\u8ed2\u4e00\u6a23\u4f5c\u540c\u6a23\u7684\u624b\u6bb5\u5c31\u662f\u62d2\u7d55\u8207\u7236\u6bcd\u4f86\u5f80\u53ca\u5c01\u9396\u806f\u7e6b\uff0c\u96d6\u7136\u73fe\u5728\u611f\u89ba\u7684\u8eab\u5fc3\u975e\u5e38\u75b2\u618a\u4f46\u4e5f\u8981\u5805\u5f37\u8d77\u4f86\u7684\u70ba\u81ea\u5df1\u751f\u6d3b\u4e0b\u53bb",
            "likeCount": 0
        }
    ]
}