{
    "video_info": {
        "id": "LrP5Y1RBpto",
        "channelTitle": "\u937e\u660e\u8ed2",
        "title": "\u4e00\u500b\u4eba\u53bb\u67ec\u57d4\u5be8\uff01",
        "description": "\u53bb\u4e00\u500b\u5c0d\u81ea\u5df1\u4f86\u8aaa\u5e7e\u4e4e\u6c92\u6709\u4ec0\u9ebc\u60f3\u50cf\u57fa\u5e95\u7684\u5730\u65b9\n\u505a\u4e00\u4ef6\u770b\u4f3c\u5e73\u5e38\u5f88\u5e38\u5728\u505a \u4f46\u53ea\u9700\u8981\u628a\u80cc\u666f\u66f4\u63db \u7d50\u679c\u5c31\u6703\u8b8a\u5f97\u5b8c\u5168\u4e0d\u4e00\u6a23\u7684\u4e8b\n\n\u5f9e\u982d\u5230\u5c3e\u90fd\u662f\u4e00\u500b\u4eba\u5728\u898b\u8b49\u3001\u4e00\u500b\u4eba\u5728\u559c\u6b61\u3001\u4e00\u500b\u4eba\u5728\u4e00\u500b\u4eba\n\u300e\u5b83\u300f\u597d\u50cf\u662f\u4e00\u7a2e\u8ddf\u9019\u500b\u4e16\u754c\u8b49\u660e\u81ea\u5df1\u7684\u65b9\u5f0f\n\u6211\u5f88\u6eff\u8db3 \u4e5f\u64c1\u6709\u5c6c\u65bc\u81ea\u5df1\u7684\u77e5\u8db3\n\u8aaa\u5766\u767d \u6211\u5176\u5be6\u9084\u883b\u6176\u5e78\u81ea\u5df1\u8ddf\u5bb6\u4eba\u9b27\u7ffb\u9019\u4ef6\u4e8b\n\u7562\u7adf\u4e00\u500b\u4eba\u4f86 \u4e00\u500b\u4eba\u8d70\n\u6c92\u6709\u4e86\u6240\u8b02\u7684\u5bc4\u8a17\u8ddf\u671f\u76fc \n\u9019\u500b\u300e\u8d70\u300f\u4f3c\u4e4e\u53ef\u4ee5\u8b8a\u5f97\u5f88\u701f\u7051\n\u300e\u56e0\u70ba\u4ed6\u672c\u4f86\u5c31\u662f\u6211\u81ea\u5df1\u7684\u4e8b\u300f\n\n\u53ef\u4ee5\u9019\u6a23\u5b50\u7a7f\u68ad\u5728\u4efb\u4f55\u60c5\u5883\u5287\u88e1\n\u600e\u9ebc\u8fa6\uff5e\uff5e\u597d\u50cf\u8d8a\u4f86\u8d8a\u559c\u6b61",
        "likeCount": "19787",
        "commentCount": "1171",
        "viewCount": "619763"
    },
    "comments": [
        {
            "reply_id": "UgwYd1MRDaUvtr4QrKx4AaABAg",
            "reply_content": "\u6558\u5229\u4e9e\u6216\u4ee5\u8272\u5217\u4e5f\u5f88\u9177",
            "likeCount": 1
        },
        {
            "reply_id": "UgzFXOFCKyiIsL1cd2t4AaABAg",
            "reply_content": "\u5fc3\u614b\u5f88\u597d",
            "likeCount": 1
        },
        {
            "reply_id": "UgyDmePYzGfEd13z_J94AaABAg",
            "reply_content": "\u5c0e\u904a\u5f88\u6703\u62cd\u7167",
            "likeCount": 1
        },
        {
            "reply_id": "Ugxk0eBzskftd4Z0puZ4AaABAg",
            "reply_content": "\u5433\u54e5\u7a9f\u7684\u65e5\u51fa\u771f\u7684\u662f\u8981\u904b\u6c23\u5f88\u597d\uff0c\u6211\u53bb\u4e5f\u662f\u5929\u6c23\u4e0d\u4f73",
            "likeCount": 0
        },
        {
            "reply_id": "UgwPx79cWvBLpZZXl1x4AaABAg",
            "reply_content": "\u5c0e\u904a\u62cd\u7684\u4e0d\u932f",
            "likeCount": 0
        },
        {
            "reply_id": "Ugw-ZKl7R2niJbMsNK14AaABAg",
            "reply_content": "\u53ef\u60b2",
            "likeCount": 0
        },
        {
            "reply_id": "UgzKv7wkWLoMqgoshOV4AaABAg",
            "reply_content": "\u6709\u4e9b\u4eba\u5c31\u81ea\u4ee5\u70ba\u5225\u4eba\u662f\u518d\u770b\u4ed6\u5440\u4e0d\u7136\u600e\u6703\u6709\u65b0\u805e\u64ad\u5831\u6709\u500b\u4eba\u4e0d\u5c0f\u5fc3\u548c\u4e00\u500b\u964c\u751f\u4eba\u64e6\u8eab\u800c\u904e\u53ea\u662f\u5c0d\u5230\u773c\u5c31\u88ab\u780d\u6bba\ud83d\ude02",
            "likeCount": 0
        },
        {
            "reply_id": "UgzbHdlcyKsGHvEpOIh4AaABAg",
            "reply_content": "\u6c92\u6709\u554a",
            "likeCount": 0
        },
        {
            "reply_id": "Ugxlt9huRnw_PN-f7IZ4AaABAg",
            "reply_content": "\u662f\u5c0d\u7684\u554a",
            "likeCount": 0
        },
        {
            "reply_id": "Ugy_CMOkHHA_w4uaxON4AaABAg",
            "reply_content": "\u6211\u5011\u4e0d\u4fdd\u8b77\u4f60\u525b\u525b\u5c31\u4e0d\u898b\u4e86\u6211\u5011\u6c92\u6709\u4fdd\u8b77\u6bcf\u500b\u4eba",
            "likeCount": 0
        },
        {
            "reply_id": "UgzwSxsWs8NSg1eSODF4AaABAg",
            "reply_content": "\u5feb\u9ede\u56de\u5bb6\u8036",
            "likeCount": 0
        },
        {
            "reply_id": "UgzdhOHqQ2ehscr96794AaABAg",
            "reply_content": "\u6211\u5011\u4fdd\u8b77\u4f60",
            "likeCount": 0
        },
        {
            "reply_id": "UgybY0-fYsAp7BzD5E14AaABAg",
            "reply_content": "\u4ed6\u5011\u5c31\u9577\u9019\u6a23\u554a",
            "likeCount": 0
        },
        {
            "reply_id": "UgyGCWfK74H3_U5hcr14AaABAg",
            "reply_content": "\u6211\u770b\u770b",
            "likeCount": 0
        },
        {
            "reply_id": "UgzVtlx6w8VytHY50dx4AaABAg",
            "reply_content": "\u96d6\u7136\u67ec\u57d4\u5be8\u5f88\u591a\u8a50\u9a19\u5f88\u591a\u6050\u6016\u7684\u4eba\uff0c\u4f46\u4e0d\u4ee3\u8868\u67ec\u57d4\u5be8\u6c92\u6709\u597d\u4eba",
            "likeCount": 0
        },
        {
            "reply_id": "UgxYk7Yd96gdsm2ang14AaABAg",
            "reply_content": "\u6211\u4e5f\u53bb\u904e\u5433\u54e5\u7a9f\uff0c\u771f\u7684\u975e\u5e38\u7f8e\u975e\u5e38\u6709\u6b77\u53f2\u7684\u5730\u65b9",
            "likeCount": 0
        },
        {
            "reply_id": "UgwypQbzDlBbfaAlhZ94AaABAg",
            "reply_content": "\u6211\u9047\u5230\u9084\u8981\u7d66\u5c0f\u8cbb\u624d\u80fd\u901a\u904e\uff0c\u90a3\u5c31\u662f\u67ec\u57d4\u5be8\u7684\u91d1\u908a\uff0c\u53cd\u89c0\u53f0\u7063\u4e9e\u6d32\u6b50\u6d32\u6211\u90fd\u6c92\u6709\u9019\u6a23\u7684\u906d\u9047\u904e",
            "likeCount": 0
        },
        {
            "reply_id": "UgzJl2oAaLJC6v-ZgFJ4AaABAg",
            "reply_content": "\u53ef\u4ee5\u6765\u9a6c\u6765\u897f\u4e9a\u5417",
            "likeCount": 0
        },
        {
            "reply_id": "UgxQc_o-2yzAp-7tjTZ4AaABAg",
            "reply_content": "\u6d77\u5173\u4e3a\u4e86\u8bb9\u4f60\u94b1\u800c\u5df2",
            "likeCount": 0
        },
        {
            "reply_id": "Ugzd-2hyomC-hOXaPvF4AaABAg",
            "reply_content": "\u90a3\u4e2a\u6d77\u5173\u662f\u4e0d\u662f\u5c31\u662f\u8981\u5c0f\u8d39\u554a\uff0c\u6bd5\u7adf\u4e1c\u5357\u4e9a\u6d77\u5173\u8981\u5c0f\u8d39\u592a\u6709\u540d\u4e86",
            "likeCount": 0
        }
    ]
}