{
    "video_info": {
        "id": "oXlBFRPWqnc",
        "channelTitle": "\u937e\u660e\u8ed2",
        "title": "\u4e00\u500b\u4eba\u53bb\u8d8a\u5357\uff01",
        "description": "\u5c0d\u9019\u500b\u4e16\u754c\u8ce6\u4e88\u5b9a\u7fa9 \u4f60\u7684\u4eba\u751f\u6703\u6bd4\u8f03\u597d\u904e\u4e00\u9ede\n\u6709\u6642\u5019\u9069\u6642\u7684\u88dd\u7b28\u5176\u5be6\u53ef\u4ee5\u66f4\u653e\u9b06\u65bc\u6d3b\u5728\u73fe\u5be6\u4e16\u754c\u4e2d\n\n\u9577\u8d8a\u5927\u767c\u73fe\u81ea\u5df1\u5c0d\u65bc\u6253\u5f9e\u5fc3\u5e95\u559c\u611b\u7684\u4e8b\u7269\u4e26\u4e0d\u6703\u6709\u50cf\u7f8e\u5287\u822c\u8868\u8c61\u7684\u904e\u6fc0\u53cd\u61c9\n\u6709\u6642\u5916\u986f\u770b\u4f3c\u5e73\u975c \u5176\u5be6\u5167\u5fc3\u4e16\u754c\u88e1\u982d\u975e\u5e38\u5bcc\u8db3\n\u5982\u679c\u53ef\u4ee5\u4ee5\u4e00\u7a2e\u300e\u96a8\u6642\u505a\u597d\u6b7b\u4ea1\u7684\u6e96\u5099\u300f\u53bb\u5c0d\u5f85\u63a5\u4e0b\u4f86\u7684\u6bcf\u500b\u7247\u523b\n\u6211\u60f3 \u6216\u8a31\u300e\u7247\u523b\u300f\u6703\u611f\u8b1d\u4f60\u7d42\u65bc\u767c\u73fe\u4e86\u5b83\u7684\u5b58\u5728\n\n\u300e\u60f3\u50cf\u4e00\u4e0b\u81ea\u5df1\u8d70\u9032\u4e00\u5bb6\u96fb\u5f71\u9662\uff0c\u88e1\u982d\u653e\u6620\u7684\u662f\u81ea\u5df1\u7684\u4eba\u751f\uff0c\n\u800c\u552f\u4e00\u7684\u89c0\u773e\uff0c\u5c31\u662f\u4f60\u3002\u300f\n\n\u5982\u679c\u9019\u6a23\u5b50\u7684\u9ad4\u609f\u4f60\u81f3\u4eca\u90fd\u9084\u6c92\u611f\u53d7\u904e\u7684\u8a71\n\u90a3\u771f\u7684\u5c31\u592a\u53ef\u60dc\u4e86\uff01",
        "likeCount": "17563",
        "commentCount": "933",
        "viewCount": "659180"
    },
    "comments": [
        {
            "reply_id": "Ugxfi5qrnuOKwGIWxR14AaABAg",
            "reply_content": "\u5996\u4eba",
            "likeCount": 2
        },
        {
            "reply_id": "UgyR916dpkWpwqBT_Gx4AaABAg",
            "reply_content": "\u8d8a\u5357\u63a8\u92b7\u6771\u897f\u4e5f\u975e\u5e38\u53ef\u6015\u6703\u76f4\u63a5\u585e\u6771\u897f\u653e\u5728\u6211\u5011\u624b\u88e1",
            "likeCount": 1
        },
        {
            "reply_id": "UgwJXDiWcSLHtgxuPSp4AaABAg",
            "reply_content": "\u88ab\u6d17\u81c9\u6a5f\u71d2\u5230",
            "likeCount": 1
        },
        {
            "reply_id": "Ugx4sXfUwDL-LAjegbx4AaABAg",
            "reply_content": "\u5cf4\u6e2f\u7684\u6cbb\u5b89\u6bd4\u6cb3\u5167\u548c\u80e1\u5fd7\u660e\u5e02\u597d\u5f97\u591a",
            "likeCount": 0
        },
        {
            "reply_id": "UgxyI8LuPqx0QIgYTeF4AaABAg",
            "reply_content": "\u53f8\u673a\u597d\u7f8e",
            "likeCount": 0
        },
        {
            "reply_id": "UgwnNYSLLv8TFK8it0d4AaABAg",
            "reply_content": "\u4ec0\u4e48\u65f6\u5019\u6765\u4e2d\u56fd\u5927\u9646",
            "likeCount": 0
        },
        {
            "reply_id": "Ugzuewo-LVxYrC7tDt14AaABAg",
            "reply_content": "\u660e\u8ed2\u592a\u53ef\u611b\u4e86",
            "likeCount": 0
        },
        {
            "reply_id": "UgzC-7VFJLg02odScZ54AaABAg",
            "reply_content": "\u54c8\u54c8\u6211\u662f\u8d8a\u5357\u4eba\u5662\uff01\u8d8a\u5357\u7684\u6625\u6372\u5f88\u597d\u5403\u53ef\u4ee5\u5403\u770b\u770b",
            "likeCount": 0
        },
        {
            "reply_id": "UgzBN_cO9RrLJaIajnF4AaABAg",
            "reply_content": "\u597d\u626f",
            "likeCount": 0
        },
        {
            "reply_id": "UgyZsU4Qv6mNSxqrLxl4AaABAg",
            "reply_content": "\u671f\u5f85\u4f60\u6765\u6c99\u5df4\u4e9a\u5e87",
            "likeCount": 0
        },
        {
            "reply_id": "UgwPciLUgB1TFnzhggx4AaABAg",
            "reply_content": "\u99ac\u8def\u7684\u611f\u89ba\u770b\u8d77\u4f86\u597d\u50cf\u53f0\u7063\u5594",
            "likeCount": 0
        },
        {
            "reply_id": "UgzGEGTcfzJVFbIaAMV4AaABAg",
            "reply_content": "\u5443\u5443\u500b",
            "likeCount": 0
        },
        {
            "reply_id": "Ugw8eoT7YWoBdfeG-TJ4AaABAg",
            "reply_content": "\u6211\u662f\u8d8a\u5357\u4eba",
            "likeCount": 0
        },
        {
            "reply_id": "Ugy2gilz6CUQBaz92Wl4AaABAg",
            "reply_content": "\u5c0d\u4e0d\u8d77\u696d\u914d\u90a3\u4e00\u6bb5\u6211\u7b11\u5230\u5feb\u62bd\u7b4b\u6211\u4e0d\u77e5\u9053\u70ba\u4ec0\u9ebc",
            "likeCount": 0
        },
        {
            "reply_id": "UgyWfTf6yN_K22DELVZ4AaABAg",
            "reply_content": "\u4ec0\u9ebc\u6642\u5019\u8981\u53bb\u5370\u5c3c\u627e\u9054\u5c3c",
            "likeCount": 0
        },
        {
            "reply_id": "UgzOxGJqTm8mFkkYAGt4AaABAg",
            "reply_content": "\u559c\u6b61",
            "likeCount": 0
        },
        {
            "reply_id": "Ugyx5oX_Co6a0kE4bEx4AaABAg",
            "reply_content": "\u6211\u662f\u8d8a\u5357\u5973\u5a7f\u4e5f\u5c31\u662f\u6211\u8001\u5a46\u8d8a\u5357\u4eba\u53bb\u904e\u5341\u5e7e\u6b21\u8d8a\u5357\u4eca\u5e74\u4e5f\u525b\u53bb\u904e\u904e\u8d8a\u5357\u6d77\u95dc\u6c92\u6709\u78b0\u5230\u8981\u9322\u5168\u5bb6\u9806\u5229\u904e\u6d77\u95dc\uff0c\u4f60\u6240\u8b1b\u7684\u6d77\u95dc\u60c5\u6cc1\u6211\u90fd\u6c92\u6709\u78b0\u5230\uff0c\u4f60\u6240\u8b1b\u7684\u7c3d\u8b49\u624b\u8853\u597d\u50cf\u6709\u554f\u984c\u6240\u4ee5\u6703\u88ab\u53e6\u5916\u6536\u8cbb\u3002",
            "likeCount": 3
        },
        {
            "reply_id": "UgyOXUovyLcQB-ZkWId4AaABAg",
            "reply_content": "\u5927\u63a8\u4ed6\u624b\u4e0a\u770b\u7684\u90a3\u672c\n\u66f8\u5e97\u7ffb\u4e00\u4e0b\u589e\u52a0\u57fa\u672c\u570b\u969b\u89c0\u8a8d\u77e5\u771f\u7684\u4e0d\u96e3",
            "likeCount": 1
        },
        {
            "reply_id": "UgxQFlCjyS8uqsMU9G14AaABAg",
            "reply_content": "\u5c01\u9762\u5f88\u50cf\u8000\u8000",
            "likeCount": 1
        },
        {
            "reply_id": "UgzaFT_498U1xyQdTVl4AaABAg",
            "reply_content": "\u5e79\u561b\u628a\u81ed\u896a\u5b50\u653e\u5728\u982d\u4e0a",
            "likeCount": 1
        }
    ]
}