{
    "video_info": {
        "id": "Smz7A1Sk_r4",
        "channelTitle": "\u937e\u660e\u8ed2",
        "title": "\u662f\u6642\u5019\u8a72Fast Forward\u4e00\u4e0b\u4e86\u5427\uff01",
        "description": "",
        "likeCount": null,
        "commentCount": "1227",
        "viewCount": "719247"
    },
    "comments": [
        {
            "reply_id": "UgwxCwtV0-cNXhhJmwx4AaABAg",
            "reply_content": "\u6709\u81ea\u4fe1\u7684\u4eba\u770b\u773c\u795e\u5c31\u77e5\u9053",
            "likeCount": 2
        },
        {
            "reply_id": "UgxYfTKeAKRnArh2WFp4AaABAg",
            "reply_content": "\u5b8c\u86cb\u4e86\u6bd4\u539f\u7248\u9084\u597d\u770b",
            "likeCount": 1
        },
        {
            "reply_id": "Ugxrw03lE6Y4OfJwis14AaABAg",
            "reply_content": "\u9019\u662f\u54ea\u4f4d\u570b\u969b\u8d85\u6a21",
            "likeCount": 1
        },
        {
            "reply_id": "UgxGiavgCK4wU2Pgk-J4AaABAg",
            "reply_content": "\u8df3\u821e\u597d\u597d\u770b",
            "likeCount": 1
        },
        {
            "reply_id": "UgyASZuFi7mSawNFa6p4AaABAg",
            "reply_content": "\u53b2\u5bb3\u54e6",
            "likeCount": 1
        },
        {
            "reply_id": "UgwcFWI9X9qunSFPVMF4AaABAg",
            "reply_content": "\u597d\u597d\u770b\u554a",
            "likeCount": 0
        },
        {
            "reply_id": "UgyyXRfz3g9ciTbQEh94AaABAg",
            "reply_content": "\u6797\u9032",
            "likeCount": 0
        },
        {
            "reply_id": "UgxI8jEC4-m4vDNRUap4AaABAg",
            "reply_content": "\u7b11\u6b7b",
            "likeCount": 0
        },
        {
            "reply_id": "Ugy_KaAaymCWyet7FRJ4AaABAg",
            "reply_content": "\u597d\u9069\u5408\u4ed6",
            "likeCount": 0
        },
        {
            "reply_id": "UgxShSVJYu8jB43BFLR4AaABAg",
            "reply_content": "\u6b7b\u57fa",
            "likeCount": 0
        },
        {
            "reply_id": "Ugz2APsqVW-qsaUax3F4AaABAg",
            "reply_content": "\u771f\u7684\u8df3\u5f97\u883b\u597d\u7684\u8868\u60c5\u4e5f\u5230\u4f4d",
            "likeCount": 0
        },
        {
            "reply_id": "UgyvE8G9L_hZAcnbu1N4AaABAg",
            "reply_content": "\u660e\u8ed2\u53ef\u4ee5\u6709\u9019\u7a2e\u591a\u4e00\u9ede\u821e\u8e48\u5f71\u7247\u55ce",
            "likeCount": 0
        },
        {
            "reply_id": "UgymZomqVlnkiMCoY5t4AaABAg",
            "reply_content": "\u8d77\u96de\u76ae\u4f46\u8df3\u5f97\u597d",
            "likeCount": 0
        },
        {
            "reply_id": "UgxoqXn0bcQwo7cpPGN4AaABAg",
            "reply_content": "\u4ed6\u4e0d\u662f\u7537\u7684\u55ce",
            "likeCount": 0
        },
        {
            "reply_id": "UgzOCCOHSDhXku_as_54AaABAg",
            "reply_content": "\u8b9a",
            "likeCount": 0
        },
        {
            "reply_id": "UgxobN8yh-g1cbMmDMd4AaABAg",
            "reply_content": "\u592a\u4ed6\u5abd\u8fa3\u773c\u775b",
            "likeCount": 0
        },
        {
            "reply_id": "UgwIPXppxa8cYCHfnL14AaABAg",
            "reply_content": "\u539f\u5730\u5687\u5230\u6b38",
            "likeCount": 0
        },
        {
            "reply_id": "Ugz1IoEDC9QCAUWNLHB4AaABAg",
            "reply_content": "\u597d\u68d2",
            "likeCount": 0
        },
        {
            "reply_id": "UgxBafsOuCu5cad1SVR4AaABAg",
            "reply_content": "\u597d\u770b\u597d\u770b\u5f35\u529b\u8ddf\u8868\u60c5\u90fd\u5f88\u9802",
            "likeCount": 0
        },
        {
            "reply_id": "UgwM7IWw6ExBzygB86N4AaABAg",
            "reply_content": "\u8df3\u7684\u5f88\u597d\u770b\n\u62cd\u651d\u904b\u93e1\u624b\u6cd5\u611f\u89ba\u4e5f\u6bd4\u7167\u97d3\u5718\u7684\u7df4\u821e\u8996\u983b\u4e86",
            "likeCount": 0
        }
    ]
}