{
    "video_info": {
        "id": "u37VaWPU7SQ",
        "channelTitle": "\u937e\u660e\u8ed2",
        "title": "\u6211\u53c8\u63a5\u5230\u4ee3\u8a00\u4e86\uff01",
        "description": "\u7121\u6cd5\u5f59\u96c6\u5b8c\u6210\u7684\u5fc3\u5883 \n\u5c1a\u672a\u80fd\u7d44\u7e54\u51fa\u6700\u7cbe\u6e96\u7684\u8a5e\u5f59\u4f86\u8868\u9054\u5fc3\u4e2d\u6240\u60f3\n\u6211\u5230\u5e95\u8a72\u5982\u4f55\u6d3b\u5f97\u7cbe\u5f69\uff1f\n\n\u5982\u679c\u8aaa\u751f\u4f86\u662f\u70ba\u4e86\u9ad4\u9a57\u7684\n\u90a3\u9019\u500b\u9ad4\u9a57\u7684\u76ee\u7684\u7a76\u7adf\u70ba\u4f55\u9700\u8981\u5b58\u5728\uff1f\n\u6211\u80fd\u5426\u4e0d\u8981\u9ad4\u9a57\uff1f\n\u6211\u662f\u4e0d\u662f\u53ef\u4ee5\u5728\u300e\u4eba\u300f\u6700\u4e00\u958b\u59cb\u6642\u5c31\u653e\u68c4\u9078\u64c7\uff1f\n\n\u4e0d\u8981\u56de\u982d \u4e0d\u8981\u601d\u8003 \u6c92\u6709\u8a55\u8ad6 \u6c92\u6709\u5ff5\u982d\n\u5982\u679c\u8aaa\u4eba\u5728\u4e00\u958b\u59cb\u672c\u8eab\u5c31\u662f\u6c92\u6709\u9078\u64c7\u7684\n\u90a3\u81f3\u5c11\u5728\u5f8c\u4f86 \u6211\u9078\u64c7\u4e86\u6211\u8981\u7684\n\n\u81f4\u90a3\u4e9b\u611b\u6211\u7684\u8ddf\u7121\u6cd5\u7406\u89e3\u6211\u7684\u4eba\n\u8d70\u5230\u8def\u4e0a \n\u770b\u770b\u6211",
        "likeCount": "12868",
        "commentCount": "700",
        "viewCount": "331120"
    },
    "comments": [
        {
            "reply_id": "Ugw0QTY6qo4WOXbA4El4AaABAg",
            "reply_content": "\u554a",
            "likeCount": 46
        },
        {
            "reply_id": "Ugxwv7wlfsI68A6-y2N4AaABAg",
            "reply_content": "\u53ef\u60b2\u81ed\u7532",
            "likeCount": 3
        },
        {
            "reply_id": "Ugxv6CtGOBZUIStGm7R4AaABAg",
            "reply_content": "\u5c0f\u6843\u5b50\u5728\u558a\u5728",
            "likeCount": 2
        },
        {
            "reply_id": "UgzBa5j_a8jYWszdf-94AaABAg",
            "reply_content": "\u53ef\u60b2",
            "likeCount": 1
        },
        {
            "reply_id": "UgxUezWFFJ-i1kic8Cd4AaABAg",
            "reply_content": "\u6211\u5728\u516c\u8eca\u4e0a\u597d\u50cf\u6709\u770b\u5230",
            "likeCount": 1
        },
        {
            "reply_id": "Ugx_X-YRJHld7x-u-Y14AaABAg",
            "reply_content": "\u81ed\u7532\u72d7",
            "likeCount": 1
        },
        {
            "reply_id": "Ugw0PL9Pu6iQOF_1crN4AaABAg",
            "reply_content": "\u6587\u68ee\u5148\u751f\u76ae\u819a\u4e5f\u592a\u597d",
            "likeCount": 0
        },
        {
            "reply_id": "Ugys9Jn4oQ0AgG0IZE54AaABAg",
            "reply_content": "\u6587\u68ee\u5148\u751f\u7522\u54c1\u62cd\u7684\u5f88\u6709\u8cea\u611f",
            "likeCount": 0
        },
        {
            "reply_id": "UgwkwJf1AQZsFMSWkLx4AaABAg",
            "reply_content": "\u5dee\u4e00\u9ede\u5c0f\u5de7\u6fd5",
            "likeCount": 0
        },
        {
            "reply_id": "UgxfN7H61u3lOx0jWUx4AaABAg",
            "reply_content": "\u908a\u4ee3\u8a00\u908a\u73a9\u72fc\u4eba\u6bba\u5594",
            "likeCount": 0
        },
        {
            "reply_id": "UgyKOoVZGnZDEYX2Ghp4AaABAg",
            "reply_content": "\u90a3\u4e2a\u72d7\u597d\u50cf\u80fd\u542c\u61c2\u5979\u8bf4\u8bdd",
            "likeCount": 0
        },
        {
            "reply_id": "UgwGePpkU2Fv-drPG1B4AaABAg",
            "reply_content": "\u660e\u8f69\u5728\u53f0\u6e7e\u540d\u6c14\u5f88\u65fa\u54ce",
            "likeCount": 0
        },
        {
            "reply_id": "UgyMofq2NZdqtV9EHOx4AaABAg",
            "reply_content": "\u5728\u90a3\u53eb\u4ec0\u9ebc",
            "likeCount": 0
        },
        {
            "reply_id": "UgyUfhvHhYWLG4g4_lV4AaABAg",
            "reply_content": "\u62cd\u7684\u5f88\u7f8e\u8036",
            "likeCount": 0
        },
        {
            "reply_id": "UgxcHtIkGXJfN6HeO0t4AaABAg",
            "reply_content": "\u4ed6\u5988\u7684\u6709\u70b9\u60f3\u5410",
            "likeCount": 0
        },
        {
            "reply_id": "UgwlWaljrVSd6fLe_zR4AaABAg",
            "reply_content": "\u5982\u679c\u5ee3\u544a\u53ef\u4ee5\u591a\u63db\u5169\u5957\u8863\u670d\u6216\u9020\u578b\u5c31\u66f4\u68d2\u4e86",
            "likeCount": 0
        },
        {
            "reply_id": "UgyrQleugruwF_Dx6bZ4AaABAg",
            "reply_content": "\u4e0a\u599d\u8ddf\u7d20\u984f\u6c92\u5dee\u5462",
            "likeCount": 0
        },
        {
            "reply_id": "Ugwp9rCvU0nZKTNPaXp4AaABAg",
            "reply_content": "\u62cd\u7684\u5f88\u597d\u8036",
            "likeCount": 0
        },
        {
            "reply_id": "UgwWRaksjoYxpR1bcJ54AaABAg",
            "reply_content": "\u597d\u68d2\uff0c\u5728\u516c\u8eca\u4e0a\u770b\u5230\u660e\u8ed2\u5c31\u77e5\u9053\u4ee3\u8a00\u5f71\u7247\u53c8\u51fa\u4f86\u4e86",
            "likeCount": 2
        },
        {
            "reply_id": "Ugzkj-RPqdhkqGcSo0x4AaABAg",
            "reply_content": "\u597d\u5641",
            "likeCount": 2
        }
    ]
}