{
    "video_info": {
        "id": "w7Efgr1SWBA",
        "channelTitle": "\u937e\u660e\u8ed2",
        "title": "\u51cc\u6668\u8ddf\u76f4\u7537\u51fa\u570b\uff01",
        "description": "\u7701\u53bb\u90a3\u4e9b\u5197\u8a5e\u8d05\u53e5 \u653e\u5fc3\u7684\u6d3b\u5728\u7576\u4e0b\n\n\u5be6\u5728\u662f\u592a\uff5e\uff5e\uff5e\u4e45\u6c92\u6709\u8ddf\u5927\u5b78\u540c\u5b78\u51fa\u904a\n\u672c\u4f86\u662f\u6253\u7b97\u4ee5\u79c1\u4e0b\u7684\u72c0\u614b\u597d\u597d\u7684\u73a9 \u56de\u53f0\u7063\u518d\u8a8d\u771f\u5de5\u4f5c\u5c31\u597d\n\u4f46\u53c8\u7a81\u7136\u601d\u8003\u5230\u624b\u6a5f\u6642\u5e38\u6703\u8df3\u51fa\u4ee5\u524d\u8ddf\u5927\u5bb6\u4e00\u8d77\u51fa\u53bb\u73a9\u7684\u5f71\u7247\n\u6bcf\u6b21\u770b\u5b8c\u5f71\u7247\u4e5f\u90fd\u6703\u6709\u7a2e\u300e\u9084\u597d\u7576\u6642\u6709\u7d00\u9304\u4e0b\u4f86\u300f\u7684\u90a3\u7a2e\u611f\u89ba\n\u9019\u6b21\u51fa\u767c\u524d\u5c31\u9084\u662f\u9ed8\u9ed8\u7684\u628a\u71c8\u5149\u3001\u76f8\u6a5f\u67b6\u597d \u6df1\u6015\u518d\u932f\u904e\u4e9b\u4ec0\u9ebc\n\n\u53ea\u80fd\u8aaa\u9019\u6b21\u7684\u65e5\u672c\u884c\u8b93\u6211\u5c0d\u81ea\u5df1\u9084\u6709\u5c0d\u9019\u4e9b\u670b\u53cb\u5011\u53c8\u6709\u66f4\u7368\u5230\u7684\u8a8d\u8b58\n\u672c\u4ee5\u70ba\u5df2\u7d93\u8ddf\u5927\u5bb6\u5df2\u7d93\u90fd\u5f88\u719f \u6c92\u60f3\u5230\u6703\u56e0\u70ba\u9019\u6b21\u65c5\u904a\u53c8\u6709\u7a2e\u66f4\u8a8d\u8b58\u4e9b\u4ec0\u9ebc\u7684\u611f\u89ba\n\u53ef\u80fd\u662f\u4e00\u7a2e\u5e73\u5e38\u5e7e\u4e4e\u770b\u4e0d\u898b\u7684\u60c5\u7dd2\u3001\u4e5f\u53ef\u80fd\u662f\u4e00\u7a2e\u81ea\u5df1\u88ab\u81ea\u5df1\u5687\u5230\u7684\u8a8d\u8b58\n\u4e0d\u518d\u611f\u8b1d\u5b87\u5b99 \u4e0d\u518d\u611f\u8b1d\u751f\u547d\n\u9019\u6b21\u7a81\u7136...\n\u5f88\u611f\u8b1d\u81ea\u5df1\u7684\u5b89\u6392",
        "likeCount": "14745",
        "commentCount": "595",
        "viewCount": "522032"
    },
    "comments": [
        {
            "reply_id": "UgxZ08j3h6xe14fBqtR4AaABAg",
            "reply_content": "\u5c16\u53eb\u6311\u6230\u4e00\u79d2\u5c31\u7d50\u675f\u4e86",
            "likeCount": 2
        },
        {
            "reply_id": "UgwA4Zgf7_nGdm-AvlR4AaABAg",
            "reply_content": "\u570b\u969b\u8ce4\u4eba",
            "likeCount": 2
        },
        {
            "reply_id": "UgygtS8A1G3nhTb5CHd4AaABAg",
            "reply_content": "\u6240\u4ee5\u937e\u660e\u8ed2\u4e0d\u662f\u6c92\u6709\u65c5\u4f34\u5566\uff01\u770b\u5230\u4f60\u8ddf\u4f60\u7684\u540c\u5b78\u4e5f\u662f\u4e00\u8d77\u6253\u6210\u4e00\u7247\u7684\u611f\u89ba\u5f88\u9752\u6625\u7684\u56de\u61b6",
            "likeCount": 1
        },
        {
            "reply_id": "UgyEX_YExxTnWrICAwp4AaABAg",
            "reply_content": "\u53c8\u51fa\u4f86\u4e1f\u81c9\u5594\u8b8a\u614b",
            "likeCount": 1
        },
        {
            "reply_id": "UgwC9R0dx_GJBos_C9t4AaABAg",
            "reply_content": "\u4f60\u5011\u597d\u53ef\u611b\u54c8\u54c8",
            "likeCount": 0
        },
        {
            "reply_id": "UgyvwpWoiivivHq-f6N4AaABAg",
            "reply_content": "\u5f88\u68d2\u5f88\u6709\u81ea\u4fe1\u5f88\u6709\u5167\u6db5\u7684\u5e74\u8f15\u4eba",
            "likeCount": 0
        },
        {
            "reply_id": "UgyLVsO9gCq_p5upYYR4AaABAg",
            "reply_content": "\u6234\u767d\u8272\u53e3\u7f69\u6bd4\u8f03\u597d\u770b",
            "likeCount": 0
        },
        {
            "reply_id": "UgyKWSjK7I_llmMad-h4AaABAg",
            "reply_content": "\u54c8\u5927\u4f60\u8ed2\u554a",
            "likeCount": 0
        },
        {
            "reply_id": "UgziC2QnZGmrCZgGsgV4AaABAg",
            "reply_content": "\u963f\u7f8e\u65cf\u597d\u53ef\u611b\u54c8\u54c8\u54c8\u54c8",
            "likeCount": 0
        },
        {
            "reply_id": "Ugyl39YwP2TBbJd_W614AaABAg",
            "reply_content": "\u8aaa\u7684\u6c92\u932f",
            "likeCount": 0
        },
        {
            "reply_id": "UgzhvQ0jaXNeFd7hMZ14AaABAg",
            "reply_content": "\u5e8a\u4e0a\u7684\u90e8\u5206\u611f\u89ba\u4f60\u5f88\u723d",
            "likeCount": 0
        },
        {
            "reply_id": "UgyRzya1o1Mia4k_TOB4AaABAg",
            "reply_content": "\u6709\u6a5f\u6703\u56de\u53bb\u57c3\u53ca\u55ce",
            "likeCount": 0
        },
        {
            "reply_id": "UgzFxWNaL4JSw0zaeS94AaABAg",
            "reply_content": "\u5f8c\u9762\u90a3\u6bb5\u8b1b\u7684\u8d85\u597d",
            "likeCount": 0
        },
        {
            "reply_id": "UgxnO3v2MLOnqFI-xGx4AaABAg",
            "reply_content": "\u4e0d\u5f97\u4e0d\u8aaa\u65e5\u672c\u5c0d\u65bc\u88dd\u626e\u7684\u5305\u5bb9\u5ea6\u771f\u7684\u5927\u52dd\u53f0\u7063",
            "likeCount": 0
        },
        {
            "reply_id": "UgzPegqv0jBzB-2KjCx4AaABAg",
            "reply_content": "\u597d\u7f8e",
            "likeCount": 0
        },
        {
            "reply_id": "Ugxh5z0h---oT9XhMA94AaABAg",
            "reply_content": "\u5973\u7684\u5f88\u6b63",
            "likeCount": 0
        },
        {
            "reply_id": "Ugw0If0g88R-EFmD1sZ4AaABAg",
            "reply_content": "\u4f60\u662f\u559c\u6b61\u5c0f\u65e5\u672c\u96de\u96de\u55ce",
            "likeCount": 0
        },
        {
            "reply_id": "Ugy9yemQFIHTExgzgaZ4AaABAg",
            "reply_content": "\u6211\u559c\u6b61\u9280\u5ea7\u90a3\u4e00\u6bb5\u54c7\u54c8\u54c8\u54c8\u597d\u6545\u610f",
            "likeCount": 0
        },
        {
            "reply_id": "Ugxow2y6MHhLOCklAL94AaABAg",
            "reply_content": "\u7f8e\u570b\u6c92\u6709\u7d20\u8cea",
            "likeCount": 0
        },
        {
            "reply_id": "UgxOSFIGW09SKw3Qzoh4AaABAg",
            "reply_content": "\u771f\u7684\u539f\u5730\u5687\u5230\u6b38",
            "likeCount": 0
        }
    ]
}