{
    "video_info": {
        "id": "Yqy-juZejEQ",
        "channelTitle": "\u937e\u660e\u8ed2",
        "title": "\u53ef\u4ee5\u96e2\u958b\u4eba\u9593\u7684\u7522\u54c1\uff01",
        "description": "\u300e\u4f60\u9047\u898b\u7684\u6bcf\u500b\u4eba\uff0c\u90fd\u5728\u9032\u884c\u4e00\u6230\u9b25\uff0c\n\u4f60\u5c0d\u6b64\u4e00\u7121\u6240\u77e5\uff0c\u8207\u4eba\u70ba\u5584\uff0c\u6c38\u9060\u5982\u6b64\u3002\u300f\n\n\u795d\u798f\u5404\u4f4d\u73a9\u5bb6\u6700\u7d42\u90fd\u80fd\u8b8a\u6210\u81ea\u5df1\u559c\u6b61\u7684\u90a3\u4f4d^^",
        "likeCount": "15122",
        "commentCount": "825",
        "viewCount": "436307"
    },
    "comments": [
        {
            "reply_id": "UgwY2Run_s3Rg9jBsdF4AaABAg",
            "reply_content": "\u8b8a\u614b\u5641\u5fc3\u6b7b\u4e86",
            "likeCount": 3
        },
        {
            "reply_id": "UgypgtrXmKFVM3aF-RV4AaABAg",
            "reply_content": "\u5509\u6c92\u6551\u4e86",
            "likeCount": 2
        },
        {
            "reply_id": "Ugw0Jcn-oZ-paOqtHcB4AaABAg",
            "reply_content": "\u76f8\u4fe1\u6211 \u4e0b\u96c6\u4e00\u5b9a\u6703\u6709\u53bb\u661f\u5df4\u514b\u8cb7\u62b9\u8336\u5976\u971c\u7684\u7247\u6bb5",
            "likeCount": 2
        },
        {
            "reply_id": "Ugyx9qG3Ba3UPX01-z94AaABAg",
            "reply_content": "\u9019\u5f71\u7247\u771f\u7684\u8981\u5927\u63a8\u8036",
            "likeCount": 1
        },
        {
            "reply_id": "UgzlYM4zQgIVY5YsWK14AaABAg",
            "reply_content": "\u96f2\u7aef\u5e6b\u4f60\u5132\u5b58",
            "likeCount": 1
        },
        {
            "reply_id": "UgyY0sJWEP_ljrAwYXx4AaABAg",
            "reply_content": "\u5df2\u7ecf\u4e3e\u62a5",
            "likeCount": 1
        },
        {
            "reply_id": "UgyGATyfLBX6owUZeCd4AaABAg",
            "reply_content": "\u6211\u5011\u53f0\u7063\u4eba\u6700\u611b\u9019\u7a2e\u5996",
            "likeCount": 1
        },
        {
            "reply_id": "UgzGFg8B7k5CNiPEfP54AaABAg",
            "reply_content": "\u624b\u6a5f\u6bbc\u7684\u771f\u7684\u597d\u597d\u7b11 \u6293\u59e6\u795e\u5668\u54c8\u54c8\u54c8\u54c8\u54c8\u54c8",
            "likeCount": 0
        },
        {
            "reply_id": "UgxZiv2MTt-5CM39JMh4AaABAg",
            "reply_content": "\u54c8\u54c8\u54c8\u54c8\u54c8\u597d\u611b\u660e\u8ed2\u7684\u5f71\u7247",
            "likeCount": 0
        },
        {
            "reply_id": "UgzMnpLRgZPtmBpiRNl4AaABAg",
            "reply_content": "\u5927\u5f35\u7684\u6fd5\u7d19\u5dfe\u54c8\u54c8\u54c8",
            "likeCount": 0
        },
        {
            "reply_id": "UgwedzZo045rgOi1kVR4AaABAg",
            "reply_content": "\u6182\u9b31\u75c7\u5c31\u9589\u5634",
            "likeCount": 0
        },
        {
            "reply_id": "UgyIdmYs2rSmvbs4t7R4AaABAg",
            "reply_content": "\u6b7b\u963f\u7518",
            "likeCount": 0
        },
        {
            "reply_id": "Ugw90C5eSIcgcK5JQ7d4AaABAg",
            "reply_content": "\u60f3\u770b\u4f60\u4ecb\u7d39\u4f60\u559c\u6b61\u7684\u9999\u6c1b\u881f\u71ed",
            "likeCount": 0
        },
        {
            "reply_id": "Ugy8czjn9Hx5nk0Vgg54AaABAg",
            "reply_content": "\u54c8\u54c8\u54c8\u54c8",
            "likeCount": 0
        },
        {
            "reply_id": "UgySSvFZH7qzNrLq1mZ4AaABAg",
            "reply_content": "\u8d85\u611b\u96f2\u6735\u624b\u6a5f\u6bbc\u6293\u59e6\u9152\u5e97\u7684\u90e8\u5206",
            "likeCount": 0
        },
        {
            "reply_id": "UgzoSOT_d6tMwtv_zO14AaABAg",
            "reply_content": "\u523b\u8584\u7684\u5c0f\u5a4a\u5b50\u5176\u5be6\u4e5f\u6709\u53ef\u611b\u7684\u5730\u65b9\u6b38",
            "likeCount": 0
        },
        {
            "reply_id": "UgxPC8wz_WO8qq7P_Op4AaABAg",
            "reply_content": "\u7b11\u6b7b",
            "likeCount": 0
        },
        {
            "reply_id": "UgyUerntAnA8vR-TzPx4AaABAg",
            "reply_content": "\u611f\u8b1d\u4f60\u4ecb\u7d39\u4e0d\u597d\u7528\u7684\u6771\u897f\uff0c\u8b93\u6211\u5011\u4e0d\u6703\u4e82\u82b1\u51a4\u6789\u9322",
            "likeCount": 0
        },
        {
            "reply_id": "UgwVjEnNc5UEN-aFqwx4AaABAg",
            "reply_content": "\u96f2\u6735\u5287\u5834\u771f\u7684\u6233\u5230\u7b11\u9ede",
            "likeCount": 0
        },
        {
            "reply_id": "Ugx62M6rOBH87ucnpvl4AaABAg",
            "reply_content": "\u539f\u5730\u6293\u59e6\u6211\u5979\u5abd\u7b11\u721b",
            "likeCount": 0
        }
    ]
}