{
    "video_info": {
        "id": "zT5A5iCclSo",
        "channelTitle": "\u937e\u660e\u8ed2",
        "title": "\u96e2\u958b\u53f0\u7063\u4e00\u500b\u4eba\u5b89\u975c\uff01",
        "description": "\u6bcf\u7576\u8981\u5411\u5916\u982d\u5ba3\u544a\u81ea\u5df1\u8106\u5f31\u7684\u6642\u5019\n\u9084\u662f\u6703\u7406\u7576\u7684\u628a\u8106\u5f31\u5305\u88dd\u6210\u662f\u81ea\u5df1\u5141\u8a31\u7684\u6a23\u5b50\u767c\u9001\u51fa\u53bb\n\u65e2\u7136\u5df2\u7d93\u6210\u800c\u70ba\u4eba\u4e86 \u4e5f\u6ce8\u5b9a\u5c07\u6703\u662f\u4f4d\u5927\u4eba\n\u77e5\u9053\u5982\u679c\u81ea\u5df1\u8981\u8b8a\u6210\u300e\u662f\u8aa0\u5be6\u7684\u300f\n\u4e5f\u4e00\u5b9a\u6703\u662f\u90a3\u842c\u4eba\u4e4b\u4e2d\u552f\u4e00\u7684\u552f\u4e00\n\u5982\u679c\u6211\u662f\u6211 \u8ab0\u6703\u63a5\u53d7\u9019\u6a23\u7684\u6211\n\u90a3\u5982\u679c\u6211\u4e0d\u662f\u6211 \u8ab0\u6703\u767c\u73fe\u771f\u6b63\u7684\u6211\n\u90a3\u7a2e\u65e2\u6e34\u671b\u88ab\u7aba\u63a2\u53c8\u5bb3\u6015\u6703\u5931\u53bb\u6240\u6709\u7684\n\u4e0d\u5c31\u662f\u6211\u73fe\u5728\u7684\u4eba\u751f\u55ce\n\n\u5728\u6587\u5b57\u88e1 \u6211\u53ef\u4ee5\u96b1\u85cf\u5f97\u5f88\u597d\n\u5728\u5ba3\u6d29\u81ea\u5df1\u6240\u6709\u7684\u540c\u6642\u4e5f\u505a\u597d\u53f0\u968e\u7d66\u81ea\u5df1\n\u4e0d\u6253\u7b97\u6210\u70ba\u773e\u4eba\u5fc3\u76ee\u4e2d\u7684\u82f1\u96c4\n\u53ea\u60f3\u597d\u597d\u7684 \u5b89\u5206\u5b88\u5df1\u7684\n\u5728\u9019\u4e00\u5ea7\u4e16\u754c\u82b1\u5712\u88e1\n\u4e0d\u6253\u9020 \u4e0d\u5275\u9020\n\u53ea\u9ed8\u9ed8\u5730 \u505a\u90a3\u4e9b\u6211\u80fd\u505a\u7684\u4e8b",
        "likeCount": "19452",
        "commentCount": "1208",
        "viewCount": "596641"
    },
    "comments": [
        {
            "reply_id": "UgxDFv2ffwRdnsrB97B4AaABAg",
            "reply_content": "\u9418\u660e\u8ed2\u5f88\u505a\u81ea\u5df1\u597d\u7fa8\u6155",
            "likeCount": 1
        },
        {
            "reply_id": "UgxB1hLFbZ5UhprHhXV4AaABAg",
            "reply_content": "\u4f60\u88ab\u6b78\u985e\u53f0\u7368\u6700\u597d\u4e0d\u8981\u53bb\u4e2d\u570b\u5230\u6642\u4faf\u62ff\u9322\u653e\u4eba",
            "likeCount": 0
        },
        {
            "reply_id": "Ugxj4SkSR0P71v8z6894AaABAg",
            "reply_content": "\u660e\u8ed2\u4f60\u771f\u80fd\u53eb",
            "likeCount": 0
        },
        {
            "reply_id": "UgxhWcc-gdfIa_thotx4AaABAg",
            "reply_content": "\u91cd\u9ede\u662f\u4eba",
            "likeCount": 0
        },
        {
            "reply_id": "UgzFWUjK7iIRJMrIBTx4AaABAg",
            "reply_content": "\u5c0d\u5927\u5bb6\u90fd\u662f\u5730\u7403\u4eba",
            "likeCount": 0
        },
        {
            "reply_id": "Ugy9FmHspYmllUBa5FB4AaABAg",
            "reply_content": "\u6a19\u984c\u8ca0\u9762\u5f71\u97ff",
            "likeCount": 0
        },
        {
            "reply_id": "Ugx3uE12V2WNczIy1lh4AaABAg",
            "reply_content": "\u54c8\u54c8\u54c8\u54c8\u54c8\u8ddf\u4e2d\u570b\u4eba\u6253\u904e\u4ea4\u9053\u5c31\u77e5\u9053\u4ed6\u5011\u5c31\u662f\u5f88\u5728\u610f\u8aaa\u6cd5\ud83d\ude02",
            "likeCount": 0
        },
        {
            "reply_id": "UgyyO5jpU0ig3xMcqwV4AaABAg",
            "reply_content": "\u5916\u570b\u4eba\u90fd\u770b\u5f97\u5230\u660e\u8ed2\u7684\u7f8e \u53f0\u7063\u4eba\u600e\u9ebc\u770b\u4e0d\u5230",
            "likeCount": 0
        },
        {
            "reply_id": "UgwMLk_pb-rSUMM4ZcZ4AaABAg",
            "reply_content": "\u597d\u6050\u6016",
            "likeCount": 0
        },
        {
            "reply_id": "Ugz1XRTYaPuj0gvvBCZ4AaABAg",
            "reply_content": "\u5927\u9646\u4eba\u4ece\u5c0f\u5230\u5927\u90fd\u662f\u88ab\u6d17\u8111\u4e2d\uff0c\u5f88\u591a\u4eba\u8111\u5b50\u6d17\u7684\u4e0d\u6b63\u5e38",
            "likeCount": 0
        },
        {
            "reply_id": "Ugwuh4747FqqO4BW6954AaABAg",
            "reply_content": "\u628a\u982d\u6487\u904e\u53bb\u4e0d\u8981\u6b63\u773c\u770b\u5feb\u7b11\u6b7b",
            "likeCount": 0
        },
        {
            "reply_id": "Ugz8yB3YXtkYdoXqkXx4AaABAg",
            "reply_content": "\u53ef\u4ee5\u65b9\u4fbf\u8acb\u6559\u9019\u662f\u54ea\u9593\u9152\u5e97",
            "likeCount": 0
        },
        {
            "reply_id": "UgwReQAWBVhbPv9SxPB4AaABAg",
            "reply_content": "\u54c8\u54c8\u54c8\u54c8\u54c8\u54c8\u54c8\u4e3a\u4f55\u5982\u6b64\u6709\u8da3",
            "likeCount": 0
        },
        {
            "reply_id": "Ugza4pZR8oh4HCfiRXl4AaABAg",
            "reply_content": "\u4f60\u8c01\u554a",
            "likeCount": 0
        },
        {
            "reply_id": "Ugx8xRlejF2a1RItyz94AaABAg",
            "reply_content": "\u8981\u6efe\u5feb\u6efe",
            "likeCount": 0
        },
        {
            "reply_id": "UgwYMORRanPDrAmrq-h4AaABAg",
            "reply_content": "\u770b\u4e86\u90a3\u9ebc\u4e45\u771f\u7684\u662f\u5f88\u771f\u5be6",
            "likeCount": 0
        },
        {
            "reply_id": "Ugx7Xo-6v8EaPWuHY094AaABAg",
            "reply_content": "\u597d\u53ef\u611b",
            "likeCount": 0
        },
        {
            "reply_id": "UgwbvWL1X_KUzWvY4wN4AaABAg",
            "reply_content": "\u8a8d\u540c\u4f60\u7684\u8aaa\u6cd5",
            "likeCount": 0
        },
        {
            "reply_id": "Ugxyg9rUETH6Za52sgN4AaABAg",
            "reply_content": "\u58d3\u529b\u5f9e\u6b64\u6d88\u5931",
            "likeCount": 0
        },
        {
            "reply_id": "Ugy6fJxJv0-YH8kSYMJ4AaABAg",
            "reply_content": "\u771f\u7684\u597d\u53ef\u611b",
            "likeCount": 0
        }
    ]
}