{
    "channel": {
        "title": "DE JuN",
        "id": "UC4Aclpo5YyXbKPeiZNO_uiw",
        "customUrl": "@dejunmix",
        "uploads": "UU4Aclpo5YyXbKPeiZNO_uiw"
    },
    "videos": [
        {
            "id": "NaRmzDzLu6U",
            "title": "\u3010DE JuN\u3011\u4e0a\u6d77\u884cVlog - \u5230\u8fea\u58eb\u5c3c\u9ad4\u9a57\u6d77\u76dc\u751f\u6d3b\uff01\u3002#3"
        },
        {
            "id": "QQZ6DWzx-sg",
            "title": "\u3010DE JuN\u3011\u4e0a\u6d77\u884cVlog - \u5728\u904a\u6a02\u5712\u88e1\u8ff7\u8def\uff01\u3002#2"
        },
        {
            "id": "kX6LhysYbQ0",
            "title": "\u3010DE JuN\u3011\u4e0a\u6d77\u884cVlog - \u7d42\u65bc\u5403\u5230\u751f\u714e\u5305\u5566\uff01\u3002#1"
        },
        {
            "id": "Oa269w2r6Wk",
            "title": "\u3010DE JuN\u3011\u6050\u6016\u904a\u6232 - \u7d42\u65bc\u73a9\u5230\u4e00\u6b3e\u795e\u4f5c\u4e86\uff01(DEPPART)"
        },
        {
            "id": "2MG2E3Xe1oc",
            "title": "\u3010DE JuN\u3011\u6a21\u4effbeatboxers\uff0cBeatbox\u6559\u5b78 (11/8\u76f4\u64ad\u7cbe\u83ef)"
        },
        {
            "id": "SeFCgJs_PXc",
            "title": "\u3010DE JuN\u3011\u6050\u6016\u904a\u6232 - \u7761\u7720\u653e\u9b06\u6563\u6b65\u6a21\u64ec(DON'T SCREAM)"
        },
        {
            "id": "0uhH9gChiUs",
            "title": "\u3010DE JuN\u3011\u62b1\u6b49\u4e86\u53e3\u888b\u5947\u5175 (11/1\u76f4\u64ad\u7cbe\u83ef)"
        },
        {
            "id": "UqKepsMK0d0",
            "title": "\u3010DE JuN\u3011\u52d5\u7269\u6d3e\u5c0d - \u7c73\u5495\u5495\u53c3\u6230\uff01(Party Animals)"
        },
        {
            "id": "ODBT_SYTUyY",
            "title": "\u3010DE JuN\u3011GTA5 - \u9019\u4e0bZ\u5b57\u8d70\u4f4d\u4e5f\u6d3e\u4e0d\u4e0a\u7528\u5834\u4e86\uff01"
        },
        {
            "id": "84Mta4AgPJ0",
            "title": "\u3010DE JuN\u3011GTA5 - \u4e16\u754c\u76c3\u722d\u596a\uff01\u78b0\u78b0\u8eca\u4e4b\u738b\uff01"
        },
        {
            "id": "SO28ewUy_Ls",
            "title": "\u3010DE JuN\u3011\u53bb\u65e5\u672c\u524d\u6700\u5f8c\u4e00\u6ce2\u5c0d\u7df4"
        },
        {
            "id": "YKXX9hUd0-o",
            "title": "\u3010DE JuN\u3011\u52d5\u7269\u6d3e\u5c0d - \u5c31\u554f\u9019\u628a\u600e\u9ebc\u8f38?(Party Animals)"
        },
        {
            "id": "MpEIaj11Y8o",
            "title": "\u3010DE JuN\u3011\u52d5\u7269\u6d3e\u5c0d  - \u4e0d\u7378\u63a7\u5236\u5566\uff01\uff01(Party Animals)"
        },
        {
            "id": "KhrrgFGpYo4",
            "title": "\u7df4\u8d77\u4f86!"
        },
        {
            "id": "0KpLUmBbVso",
            "title": "\u3010DE JuN\u3011\u807d\u8aaa\u523a\u9019\u500b\u90e8\u4f4d\u5f88\u75db?!"
        },
        {
            "id": "dX87l47Ri70",
            "title": "\u60f3\u4e0d\u5230\u5427~"
        },
        {
            "id": "sjdFQLwpQX4",
            "title": "\u3010DE JuN\u3011GTA5 - \u76f4\u901a\u96f2\u9704\uff01\u6c7d\u8eca\u6703\u8b8a\u5f62\u7684\u8cfd\u9053?!"
        },
        {
            "id": "X1K6KK6FNcI",
            "title": "\u3010DE JuN\u3011GTA5 - \u5c71\u9053\u7334\u5b50? \u62b1\u6b49\u8acb\u53eb\u6211\u5c71\u9053\u4e4b\u738b\uff01"
        },
        {
            "id": "LA5PDSkdiqM",
            "title": "\u3010DE JuN\u3011GTA5 - \u8ced\u4e0a\u5c0a\u56b4\uff01\u9019\u628a\u7d55\u5c0d\u4e0d\u80fd\u8f38\uff01"
        },
        {
            "id": "caUzr2YPPVY",
            "title": "\u3010DE JuN\u3011GTA5 - \u98db\u8eca\u6a19\u9776\u52a0\u6642\u5927\u4e82\u9b25\uff01\u5c31\u554f\u4f60\u670d\u4e0d\u670d\uff1f"
        },
        {
            "id": "ERW9OVbTqYM",
            "title": "\u3010DE JuN\u3011\u6697\u7db2\u63a2\u7d22 - \u7adf\u552e\u8ce3\u500b\u4eba\u96b1\u79c1\uff01\uff1f(\u6697\u7db2Deep Web)"
        },
        {
            "id": "lSJvJTTj_R0",
            "title": "\u3010DE JuN\u3011GTA5 - \u5b9a\u6d77\u795e\u91dd\uff01\u8dd1\u9053\u4e0a\u7adf\u51fa\u73fe\u6d77\u5e02\u8703\u6a13\uff01"
        },
        {
            "id": "Bly0F5hFXGE",
            "title": "\u770b\u5f97\u4f60\u5fc3\u88e1\u767c\u5bd2"
        },
        {
            "id": "-RAeG8PT0L4",
            "title": "\u3010DE JuN\u3011GTA5 - \u53f2\u4e0a\u6700\u96e3\u7684\u8d8a\u91ce\u8cfd\u9053\uff01"
        },
        {
            "id": "oaPMzHePywA",
            "title": "\u3010DE JuN\u3011Nextbot - SCP-096 - \u7f9e\u6f80\u7684\u4eba(Garry's Mod)"
        }
    ]
}