{
    "channel": {
        "title": "Ku's dream\u9177\u7684\u5922-",
        "id": "UCV1OpUwWJCMiv6gJCRR6yAg",
        "customUrl": "@kusdream",
        "uploads": "UUV1OpUwWJCMiv6gJCRR6yAg"
    },
    "videos": [
        {
            "id": "UVv4ukHLos0",
            "title": "\u4e0d\u7ba1\u7ad9\u8457\u9084\u5750\u8457 \u80fd\u4e0a\u51fa\u4f86\u5c31\u662f\u597d\u4e8b\ud83e\udd2a"
        },
        {
            "id": "U0F2zAD01z0",
            "title": "\ud83d\ude28\u9023\u53f0\u7063\u4eba\u90fd\u50bb\u773c\uff1f\uff01\u5b8c\u5168\u807d\u4e0d\u61c2\u7684\u53f0\u7063\u7d93\u5178\u5ee3\u544a\uff01\uff1fft. @lynnwu0219 @594blackdragon @Tw-Universe"
        },
        {
            "id": "cvWIr8QLP2o",
            "title": "\u8b19\u865b\u662f\u7f8e\u5fb7\ud83d\ude09"
        },
        {
            "id": "a-02B4nlCWI",
            "title": "\u9e79\u9165\u96de\u3001\u70b8\u751c\u4e0d\u8fa3\uff1f\uff01\ud83c\uddeb\ud83c\uddf7\u6cd5\u570b\u9ad8\u4e2d\u751f\u6572\u7897\u7684\u53f0\u7063\u9e79\u9165\u96de\uff01French Highshcoolers Try out TAIWANESE FRIED CHICKEN"
        },
        {
            "id": "tNnykXeQIek",
            "title": "So-so=\u99ac\u99ac\u864e\u864e\uff1f\ud83e\udd14"
        },
        {
            "id": "Z8hTda_OOR4",
            "title": "\u770b\u5f97\u6709\u4e00\u9ede\u4e0d\u8607\u670d\ud83d\ude14"
        },
        {
            "id": "BDRlNfFya0g",
            "title": "\u53f0\u7063\u4eba\u6700\u6703\u6b67\u8996\u53f0\u7063\u4eba\ud83d\ude14"
        },
        {
            "id": "VMrAvLil3S8",
            "title": "\u5916\u570b\u4eba\u7528\u4e2d\u6587\u64a9\u59b9\u597d\u8f9b\u82e6\ud83e\udd72"
        },
        {
            "id": "tC6D4ehrdew",
            "title": "\ud83c\uddeb\ud83c\uddf7\u6cd5\u570b\u4eba\u4e00\u53e3\u6c23\u5403\u720619\u9593\u6ef7\u8089\u98ef\uff01\uff1f\ud83d\udc37\ud83c\udf5a\u8c6c\u9053\u6700\u597d\u5403\u7684\u6ef7\u8089\u98ef\u5c31\u5728... French People Eat EVERY Braised Pork Rice in Taiwan"
        },
        {
            "id": "X3EI6PEhdlM",
            "title": "\u53f0\u5f0f\u82f1\u6587\u9084\u662f\u6700\u6a19\u6e96\u7684\u5566\ud83d\ude07"
        },
        {
            "id": "uVBK-BeoayQ",
            "title": "\ud83e\udd5c\u82b1\u751f\u8c6c\u8173\u3001\u9ebb\u6cb9\u8c6c\u809d\ud83d\udc16\uff01\ud83c\uddeb\ud83c\uddf7\u6cd5\u570b\u4eba\u5403\u5b8c\u60f3\u518d\u61f7\u5b55\u7684\u53f0\u7063\u6708\u5b50\u9910\ud83e\udd30\uff01French MOMS try Taiwanese POST PARTUM FOOD"
        },
        {
            "id": "pocBwvJtBM4",
            "title": "\u7ae5\u5e74\u6c92\u6709\u89aa\u89aa\u62b1\u62b1\u7684+1\ud83e\udd72 @lifeintaiwan"
        },
        {
            "id": "g6F3t4C7Iiw",
            "title": "\u4e4b\u5f8c\u5916\u570b\u4eba\u8b1b\u4e2d\u6587\u90fd\u7528\u5531\u7684\u597d\u4e86\ud83d\ude02"
        },
        {
            "id": "_Vh0Vk2a-0k",
            "title": "\u7576\u59b3\u7537\u53cb\u8aaa\u300c\u6c92\u95dc\u4fc2\uff5e\u300d\u7684\u6642\u5019\ud83d\ude44"
        },
        {
            "id": "R7ZlHqwuTE4",
            "title": "\ud83e\udd86\u6ef7\u9d28\u7fc5\u3001\u751c\u4e0d\u8fa3\uff1f\uff01\ud83c\uddeb\ud83c\uddf7\u8ff7\u5012\u6cd5\u570b\u4eba\u7684\u53f0\u7063\u6ef7\u5473\uff01French People Try Taiwanese LUWEI for the first time"
        },
        {
            "id": "fLupJ_bQ14g",
            "title": "\u53f0\u7063\u4eba\u4e0d\u8981\u518d\u958b\u9019\u7a2e\u9ed1\u8272\u5e7d\u9ed8\ud83c\udf1a"
        },
        {
            "id": "m1HMgbkpwJI",
            "title": "\u4e0d\u8981\u6436\u6211\u7684\u6392\u9aa8\ud83e\udd2c\ud83e\udd2c\ud83e\udd2c"
        },
        {
            "id": "YGtZKps6uj0",
            "title": "\u53f0\u7063\u7537\u751f\u8d70\u8def\u4e0d\u6562\u727d\u624b\uff1f\ud83d\ude33"
        },
        {
            "id": "Id7FDBRuJas",
            "title": "\u53ea\u6709\u6211\u5011\u89ba\u5f97\u4e2d\u6587\u548c\u53f0\u8a9e\u7684\u9f3b\u97f3\u5f88\u91cd\u55ce\ud83d\ude02"
        },
        {
            "id": "r24cyE8svmE",
            "title": "\ud83c\udf5c\u7d71\u4e00\u8089\u71e5\u9eb5\u3001\u53f0\u9152\u82b1\u96d5\u96de\u9eb5\uff1f\ud83c\uddeb\ud83c\uddf7\u6cd5\u570b\u9ad8\u4e2d\u751f\u4e00\u5403\u5c31\u8457\u8ff7\u7684\u53f0\u7063\u6ce1\u9eb5\ud83d\ude0d\uff01French Highschoolers Try Taiwanese Noodles for the First Time!"
        },
        {
            "id": "oewaX1TMi9s",
            "title": "\u6709\u4e00\u7a2e\u80d6 \u662f\u53f0\u7063\u4eba\u89ba\u5f97\u4f60\u80d6\ud83e\udd7a"
        },
        {
            "id": "hyK5xuXa0jc",
            "title": "\u53f0\u7063\u516c\u516c\u592a\u71b1\u60c5\u4e86\u5566\ud83e\udd79"
        },
        {
            "id": "tmb7NmiaQUM",
            "title": "\ud83d\udc02\u5403\u5230\u725b\u6dda\uff01\ud83c\uddeb\ud83c\uddf7\u6cd5\u570b\u4eba\u74b0\u5cf6\u5403\u720619\u7897\u8d85\u53f0\u725b\u8089\u9eb5\uff1f\uff01\ud83e\udd29Finding the Best Beef Noodle in Taiwan!"
        },
        {
            "id": "ZAmcKToJ0CA",
            "title": "\u975e\u6d32\u4eba\u7b2c\u4e00\u6b21\u5728\u53f0\u5317\u5750\u6377\u904b\u5c45\u7136\u662f\u9019\u7a2e\u611f\u89ba\ud83d\ude02"
        },
        {
            "id": "C4_RmIM-baE",
            "title": "\u5728\ud83c\uddf9\ud83c\uddfc\u9ede\u73cd\u73e0\u5976\u8336\u6709\u5920\u96e3\ud83e\udd72"
        }
    ]
}