{
    "channel": {
        "title": "Toyz",
        "id": "UC2h6FK5xqOIqMM9MIYOdFzg",
        "customUrl": "@toyz69",
        "uploads": "UU2h6FK5xqOIqMM9MIYOdFzg"
    },
    "videos": [
        {
            "id": "OnEHJecGB2I",
            "title": "\u5927\u9ebb\u7169 | Toyz \u76f4\u64ad\u5b8c\u6574\u7248"
        },
        {
            "id": "Jfffp7BjSCk",
            "title": "\u9053\u6b49\uff01\u8d85\u6d3e | Toyz \u76f4\u64ad\u5b8c\u6574\u7248"
        },
        {
            "id": "fZxLuUBXxwQ",
            "title": "\u8d85\u6d3e | Toyz \u76f4\u64ad\u5b8c\u6574\u7248"
        },
        {
            "id": "MxAMhfpNtxg",
            "title": "\u516c\u5be9\u8d85\u6d3e\u7684\u70b8\u96de\u5e97\uff01"
        },
        {
            "id": "ocb15gddQfM",
            "title": "\u5b78\u53f0\u8a9e | Toyz \u76f4\u64ad\u5b8c\u6574\u7248"
        },
        {
            "id": "fGsH027Yh4w",
            "title": "\u6253\u500bLOL\u6c34\u6642\u9593 | Toyz \u76f4\u64ad\u5b8c\u6574\u7248"
        },
        {
            "id": "nt2cQf-ilaA",
            "title": "\u54ce\u5440\u51fa\u5927\u4e8b\u5566  | Toyz \u76f4\u64ad\u5b8c\u6574\u7248"
        },
        {
            "id": "m_Gft8ZbKvg",
            "title": "\u5931\u8e64\u4eba\u53e3  | Toyz \u76f4\u64ad\u5b8c\u6574\u7248"
        },
        {
            "id": "WfsrgocE8ow",
            "title": "\u516c\u5be9\u6700\u9802\u7684\u71d2\u8089\u4fbf\u7576\uff01"
        },
        {
            "id": "NWOQWc-lQxs",
            "title": "\u62f3\u4e0b\u661f\u57ce  | Toyz \u76f4\u64ad\u5b8c\u6574\u7248"
        },
        {
            "id": "k9lwMjt-vz0",
            "title": "\u62f3\u4e0b | Toyz \u76f4\u64ad\u5b8c\u6574\u7248"
        },
        {
            "id": "SL4Jsw2KL4M",
            "title": "\u597d\u60f3\u5403\u767d\u98ef | Toyz \u76f4\u64ad\u5b8c\u6574\u7248"
        },
        {
            "id": "GBUpWog_FzY",
            "title": "\u62f3\u64ca\u5ee2\u7269\u77ed\u76f4\u64ad | Toyz \u76f4\u64ad\u5b8c\u6574\u7248"
        },
        {
            "id": "q4y2kig7oyQ",
            "title": "\u8cfd\u524d\u6700\u5f8c\u4e00\u958b \u5927\u5bb6\u4e00\u5b9a\u8981\u50b3\u627f\u6211\u7684\u7cbe\u795e | Toyz \u76f4\u64ad\u5b8c\u6574\u7248"
        },
        {
            "id": "JbXdP_bNqls",
            "title": "\u9b06\u4e00\u4e0b | Toyz \u76f4\u64ad\u5b8c\u6574\u7248"
        },
        {
            "id": "wVzpQQW0jNs",
            "title": "\u76e3\u7344\u96c6\u5408 | Toyz \u76f4\u64ad\u5b8c\u6574\u7248"
        },
        {
            "id": "jaqkC4qvtFU",
            "title": "\u54aa\u5154\u54aa\u5154 | Toyz \u76f4\u64ad\u5b8c\u6574\u7248"
        },
        {
            "id": "dmld_jNiZvg",
            "title": "\u4eca\u5929\u4e00\u5b9a\u6703\u8b93\u5927\u5bb6\u90fd\u8212\u8212\u670d\u670d\u7684 | Toyz \u76f4\u64ad\u5b8c\u6574\u7248"
        },
        {
            "id": "dCglfTav9Vs",
            "title": "\u6211\u6c92\u6709\u8cc7\u683c\u73a9D4 | 9\u9ede\u534a\u5403\u74dc | Toyz \u76f4\u64ad\u5b8c\u6574\u7248"
        },
        {
            "id": "TQnjYVUKNtI",
            "title": "\u6211\u6c92\u6709\u8cc7\u683c\u76f4\u64ad | Toyz \u76f4\u64ad\u5b8c\u6574\u7248"
        },
        {
            "id": "HM_M-ZiGYQo",
            "title": "\u5410\u69fd\u5927\u6703 | Toyz \u76f4\u64ad\u5b8c\u6574\u7248"
        },
        {
            "id": "EEQ6yzs-yvc",
            "title": "\u5927 \u9ebb \u7169 | Toyz \u76f4\u64ad\u5b8c\u6574\u7248"
        },
        {
            "id": "utGvLVQbBt8",
            "title": "\u6280\u8853\u7e3d\u7d50 - \u9ed1\u9053\u7db2\u7d05\u7bc7 | Toyz \u76f4\u64ad\u5b8c\u6574\u7248"
        },
        {
            "id": "3w5eGPbkmEw",
            "title": "\u8840\u6d41\u6210\u6cb3 | \u5c0f\u5289\u6703\u5ba2\u5ba4"
        },
        {
            "id": "NeSTlmNqEvA",
            "title": "\u5b6b\u816b\u5b6b\u816b\u6211\u611b\u4f60 | Toyz \u76f4\u64ad\u5b8c\u6574\u7248"
        }
    ]
}