{
    "channel": {
        "title": "\u4e0a\u73ed\u4e0d\u8981\u770b NSFW",
        "id": "UCj_z-Zeqk8LfwVxx0MUdL-Q",
        "customUrl": "@nsfwstudio",
        "uploads": "UUj_z-Zeqk8LfwVxx0MUdL-Q"
    },
    "videos": [
        {
            "id": "0vbynkpg5Ac",
            "title": "\u95dc\u95dc\u5c0f\u58eb\u63d0\u89aa\u597d\u5c37\u5c2c\uff1f\u5471\u5409\u88ab\u7206\u751f\u6c23\u8e39\u6905\u5b50\uff1f\u3010\u5927\u9ebb\u5438\u9910\u8eca\u3011\u5c37\u5c2c\u77ac\u9593\u5927\u516c\u958b\uff01EP11(\u4e0b\u96c6)"
        },
        {
            "id": "-EfPzWaTyKY",
            "title": "\u6253O\u69cd\u88ab\u5abd\u5abd\u649e\u898b\uff1f\u5c37\u5c2c\u89aa\u8eab\u7d93\u9a57\u3010\u5927\u9ebb\u5438\u9910\u8eca\u3011\u6065\u5230\u80cc\u810a\u767c\u6dbc\u60f3\u6d88\u5931\uff1fEP11(\u4e0a\u96c6)"
        },
        {
            "id": "KhdYIWrP6UY",
            "title": "\u524d\u8b70\u54e1$45,000/\u6708\u7684\u53f0\u5317\u79df\u5c4b\u8655\u9577\u600e\u6a23\uff1f48\u6b72\u719f\u7537\u4fdd\u6301fresh\u7684\u79d8\u5bc6\uff01#\u502b\u58eb\u5ea6\u53bb\u5473\u6d17\u6c90\u7cfb\u5217 #\u719f\u7537\u5473 #\u770b\u623f #\u79df\u5c4b #shorts"
        },
        {
            "id": "XNHK9Dwr3wI",
            "title": "\u8ab0\u624d\u662f\u5c41\u738b\uff1f\u8d85\u8352\u8b2c\u653e\u5c41\u6bd4\u8cfd\uff01\u6bd4\u5230\u8d8a\u7a7f\u8d8a\u5c11\uff1f\u5c41\u8072\u6700\u97ff\u62ff\u5927\u734e\uff01"
        },
        {
            "id": "DAdoLLTpv6w",
            "title": "\u767d\u75f4\u9020\u53e5\u73a9\u8d77\u4f86 EP4\uff5c\u6700\u5f37\u9020\u53e5\u51fa\u73fe\uff01\u80af\u5b9a\u7b11\u7206\uff01#shorts"
        },
        {
            "id": "WDoAXPMQYAc",
            "title": "\u767d\u75f4\u9020\u53e5\u73a9\u8d77\u4f86 EP3\uff5c\u5927\u5bb6\u90fd\u5f88\u5147... #shorts"
        },
        {
            "id": "KB8eFQdtsxk",
            "title": "\u767d\u75f4\u9020\u53e5\u73a9\u8d77\u4f86 EP2\uff5c\u5168\u5834\u5403\u8477\uff01#shorts"
        },
        {
            "id": "6TPHXKFKeAo",
            "title": "\u96a8\u6a5f\u627e\u5973\u5927\u5b78\u751f\u5348\u9910\u7d04\u6703\uff01\u3010\u5348\u4f11\u8d95\u6642\u9593\u3011\u6311\u6230\u4f60\u7684\u5c37\u5c2c\u764c\uff01\u76f8\u8655\u7adf\u51fa\u73fe\u4ee3\u6e9d\uff1fEP07"
        },
        {
            "id": "zOJv794SwwA",
            "title": "\u767d\u75f4\u9020\u53e5\u73a9\u8d77\u4f86 EP1\uff5c\u771f\u7684\u7b11\u7206\uff01#shorts"
        },
        {
            "id": "YSBAKkSCq-k",
            "title": "\u6574\u7406\u8d85\u4e82\u8fa6\u516c\u5ba4\uff01\u963f\u560e\u6aa2\u67e5\u4e5f\u4e0d\u6015\uff1f\u3010\u798f\u59d4\u6703\u4fe1\u7bb1\u3011\u5168\u54e1\u6253\u6383\u516c\u53f8\u5168\u7d00\u9304\uff01"
        },
        {
            "id": "ykJejq8ryqU",
            "title": "\u7d93\u5178\u4f01\u5283\u96a8\u62bd\u96a8\u62cd\uff01\u8d85Real\u6065\u529b\u5927\u6311\u6230\uff01\u731c\u8ab0\u662f\u9ad8\u96c4\u4eba\uff1f\u6309\u8b9a\u60e1\u9b3c\u65d7\u6d25\u7248\uff1f\u597d\u591a\u4f01\u5283\u4e00\u6b21\u770b\u5b8c\uff01"
        },
        {
            "id": "6FBYAuK4Ht8",
            "title": "\u5c0b\u627eYouTuber\u6700\u5f37\u8272\u738b\uff01\u6c92\u60f3\u5230\u5c45\u7136\u662f\u300c\u4ed6\u300d\uff1f\u8dcc\u7834\u773e\u4eba\u773c\u93e1\u3010\u8d70\u9418\u7368\u5bb6\u3011\u6700\u8272\u62ff\u734e\u91d1\uff01\u610f\u60f3\u4e0d\u5230\u7684\u7d50\u679c\u51fa\u7210\u4e86......"
        },
        {
            "id": "jfoNgJ4vzXk",
            "title": "\u4e0a\u73ed\u4e00\u9032\u9580\u5c31\u8981\u62c6\u70b8\u5f48\uff1f\u3010\u592a\u7a81\u7136\u4e86\u5427\u3011\u5168\u516c\u53f8\u5316\u8eab\u62c6\u5f48\u5c08\u5bb6\uff0c\u5371\u6a5f\u89e3\u9664\u9084\u662f\u5927\u7206\u70b8\uff1f"
        },
        {
            "id": "HgIHAfafKUY",
            "title": "\u5e6b\u540c\u4e8b\u6539\u540d\uff01\u5947\u8469\u53d6\u540d\u5275\u610f\u5230\u7b11\u7ffb\uff01\u3010\u798f\u59d4\u6703\u4fe1\u7bb1\u3011\u8ab0\u80fd\u53d6\u51fa\u6539\u904b\u7684\u597d\u540d\u5b57\uff1f"
        },
        {
            "id": "L4UPNOhfQ6M",
            "title": "\u4e00\u65e5\u91cd\u6a5f\u653b\u9802\u6b66\u5dba\uff01\u9ad4\u9a57\u8eca\u53cb\u5fc5\u8e29\u666f\u9ede\uff0c\u7adf\u610f\u5916\u6454\u8eca\u8d85\u9a5a\u96aa\uff1f\u3010\u6d1e\u516b\u592d\u516b\u3011"
        },
        {
            "id": "iIE47n3xcLA",
            "title": "\u5403\u591a\u5c11\u5c31\u80d6\u591a\u5c11\uff1f\u4f60\u80fd\u7cbe\u6e96\u5403\u51fa\u91cd\u91cf\u55ce\uff1f\u9952\u6cb3\u591c\u5e02\u5927\u5403\u7279\u5403\uff0c\u9ede\u75e3\u9ce5\u5366\u6a23\u6a23\u4f86\uff1f\u3010\u591c\u5403\u591c\u91cd\u3011\u4eba\u9ad4\u9ad4\u91cd\u8a08\u56de\u6b78\uff01"
        },
        {
            "id": "44SdQDhZIzs",
            "title": "\u4e0a\u4e0d\u6a21\u4eff\u5927\u8cfd\uff01\u6a21\u4eff\u540c\u4e8b\u8d85\u7206\u7b11\uff01\u3010\u798f\u59d4\u6703\u4fe1\u7bb1\u3011\u6a21\u4eff\u5f97\u592a\u50cf\u672c\u5c0a\u50bb\u773c\uff1f"
        },
        {
            "id": "cffQjZJ1YpU",
            "title": "\u731c\u51fa\u8ab0\u662f\u5149\u982d\u3010\u8ab0\u662f\u9593\u8adc\u3011\u5149\u982d\u738b\u662f\u4f60\u55ce\uff1f\u4f86\u8cd3\u592a\u771f\u8aa0\uff0c\u7adf\u8b93\u773e\u4eba\u958b\u59cb\u4e0d\u76f8\u4fe1\u4eba\u985e\uff1f ft.\u7f8e\u9e97\u672c\u4eba @mssdrbeauty"
        },
        {
            "id": "BvOeR7hKqbw",
            "title": "\u4f60\u8ff7\u4fe1\u55ce\uff1f\u5404\u7a2e\u8a6d\u7570\u4e8b\u4ef6\u8207\u7981\u5fcc\u5927\u5206\u4eab\uff01\u6c92\u53eb\u963f\u516c\u4e0b\u9748\u8eca\u600e\u9ebc\u8fa6\uff1f\u76f8\u4fe1\u547d\u904b\u7684\u539f\u56e0\uff1f\u3010\u5927\u9ebb\u5438\u9910\u8eca\u3011EP10"
        },
        {
            "id": "xagQcLczue0",
            "title": "\u627e\u51fa\u516c\u53f8\u8ab0\u6700\u8272\uff01\u8ab0\u624d\u662f\u4e0a\u4e0d\u8272\u738b\uff1f\u516c\u958b\u6210\u54e1IG\u90fd\u5728\u770b\u4ec0\u9ebc\uff1f\u3010\u798f\u59d4\u6703\u4fe1\u7bb1\u3011"
        },
        {
            "id": "wegvvunXG9I",
            "title": "\u5230\u53f0\u5357\u53d6\u8ca8\u78b0\u4e0a\u96f7\u96e8\u6df9\u6c34\u8b66\u6212\uff1f\u3010\u5927\u79d8\u5bf6\u3011\u591a\u707d\u591a\u96e3\u5c0b\u5bf6\u4e4b\u65c5\u8d85\u5d29\u6f70\uff01"
        },
        {
            "id": "bcd79sPI7lM",
            "title": "\u9060\u7aef\u64cd\u63a7\u540c\u4e8b\u6253\u897f\u74dc\uff01\u300c\u8d85\u6e05\u6dbc\u300d\u756b\u9762\u8b93\u4eba\u53d7\u4e0d\u4e86\uff1f\u771f\u4eba\u5316\u8eabAI\u6311\u6230\u5be6\u5883\u95dc\u5361\uff01"
        },
        {
            "id": "zzvuG2VodEY",
            "title": "\u521d\u6b21\u898b\u9762\u80fd\u731c\u51fa\u6027\u5411\u55ce\uff1f\u3010\u8ab0\u662f\u9593\u8adc\u3011\u58c1\u549a\u5168\u54e1\u5d29\u6f70\u76f4\u558a\u597d\u5bb3\u7f9e\uff01"
        },
        {
            "id": "MZpEYhFhy7A",
            "title": "\u5728\u8fa6\u516c\u5ba4\u81ea\u88fd\u8d85\u9577\u300c\u6d41\u6c34\u7d20\u9eb5\u300d\u9053\uff01\u5c45\u7136\u505a\u5230\u6d41\u9f3b\u8840\uff01\u9084\u9080\u8acb\u4e86\u89aa\u670b\u597d\u53cb\u4e00\u8d77\u4f86\u4eab\u7528\u3010\u8fa6\u516c\u5ba4\u91ce\u5c0f\u3011 ft.\u5b89\u5b89\u908a\u7de3\u5b50\u3001\u7f8e\u98df\u5927\u4eba+\u3001\u7f8e\u9e97\u672c\u4eba\u3001\u744b\u744b\u3001\u53ad\u4e16\u751c\u9ede\u5e97\u3001HowFun"
        },
        {
            "id": "RQKjLIYkJ-4",
            "title": "\u4f5b\u5fc3\u8001\u95c6\u8b93\u54e1\u5de5\u5feb\u6a02\uff01\u3010\u798f\u59d4\u6703\u4fe1\u7bb1\u3011\u5471\u5409\u8207\u54e1\u5de5\u300c\u7528\u80a9\u8180\u8d70\u8def\u300d\u8ced\u4e0a\u81ea\u5c0a\u958b\u8cfd\u5566\uff01"
        }
    ]
}