{
    "channel": {
        "title": "cheap",
        "id": "UCGGrblndNzi86WY5lJkQJiA",
        "customUrl": "@cheapaoe",
        "uploads": "UUGGrblndNzi86WY5lJkQJiA"
    },
    "videos": [
        {
            "id": "c-C244lEvgs",
            "title": "\u4eba\u6bd4\u9b3c\u53ef\u6015! \u9b3c\u9580\u95dc\u524d \u70ba\u4ec0\u9ebc\u53f0\u7063\u4eba\u8981\u6436\u4f9b\u54c1? \u3010\u666e\u6e21/\u6436\u5b64\u7684\u6b77\u53f2\u3011"
        },
        {
            "id": "qCDGHVcjx0Q",
            "title": "\u6708\u4eae\u8766\u9905\u3001\u5370\u5ea6\u62c9\u8336\u3001\u7d10\u5967\u826f\u70e4\u96de\u7fc5\u3001\u571f\u8033\u5176\u51b0\u6dc7\u6dcb.. \u53f0\u7063\u4eba\u5230\u5e95\u767c\u660e\u4e86\u591a\u5c11\u300c\u7570\u570b\u6599\u7406\u300d ?"
        },
        {
            "id": "pG96PA4H64s",
            "title": "\u70ba\u4ec0\u9ebc\u4e2d\u91ab\u90fd\u8aaa\u4e0d\u8981\u6253\u624b\u69cd? \u53e4\u4eba\u90fd\u600e\u9ebc\u81ea\u6170 \u3010\u4eba\u985eDIY\u7684\u6b77\u53f2\u3011"
        },
        {
            "id": "lAqS6iDYywQ",
            "title": "\u66fe\u662f\u4e16\u754c\u7b2c\u4e09 \u6614\u65e5\u904a\u6232\u5de8\u982d\u7232\u4f55\u8d70\u4e0b\u795e\u58c7?  \u3010\u53f0\u7063\u904a\u6232\u767c\u5c55\u53f2\u3011"
        },
        {
            "id": "OasjWnOCIiY",
            "title": "\u3010100% \u770b\u4e86\u5c31\u4e0d\u6703\u6015\u789f\u4ed9\u7684\u5f71\u7247\u3011\u789f\u4ed9\u7684\u8d77\u6e90 \u70ba\u4ec0\u9ebc\u789f\u5b50\u6703\u81ea\u5df1\u52d5? \u5982\u4f55\u7834\u89e3\u789f\u4ed9"
        },
        {
            "id": "ysiczZIwlQ4",
            "title": "\u4ee5\u8272\u5217 \u5df4\u52d2\u65af\u5766 \u5230\u5e95\u6709\u4ec0\u9ebc\u4ec7? \u7336\u592a\u4eba\u3001\u963f\u62c9\u4f2f\u4eba\u7684\u767e\u5e74\u6069\u6028 \u54c8\u746a\u65af\u3001\u5df4\u52d2\u65af\u5766\u662f\u4ec0\u9ebc\u95dc\u4fc2?"
        },
        {
            "id": "rifnCyknbuM",
            "title": "\u4ea4\u901a\u5c40\u4e0d\u8981\u7684\u6587\u6848~ \u70ba\u4ec0\u9ebc\u53f0\u7063\u4eba\u9019\u9ebc\u611b\u9a0e\u6a5f\u8eca? \u3010\u53f0\u7063\u6a5f\u8eca\u53f2\u3011"
        },
        {
            "id": "ZRQRrqI6cxU",
            "title": "\u4ee5\u8272\u5217\u70ba\u4ec0\u9ebc\u4e0d\u8f3e\u5e73\u52a0\u85a9\u8d70\u5eca? \u56e0\u70ba\u9019\u62db\u592a\u72e0\u4e86"
        },
        {
            "id": "n72EhLjgelQ",
            "title": "\u7591\u9ede\u91cd\u91cd! \u9577\u5e73\u4e4b\u6230 \u8d99\u62ec\u662f\u88ab\u51a4\u6789\u7684? \u5751\u6bba40\u842c\u8d99\u5352 \u79e6\u570b\u771f\u7684\u5927\u7372\u5168\u52dd\u55ce?"
        },
        {
            "id": "y-c0FswIT7Q",
            "title": "\u771f\u6b63\u7684\u53f0\u7063\u9435\u9053\u4e4b\u7236 \u70ba\u4ec0\u9ebc\u662f\u65e5\u672c\u4eba?  \u65e5\u672c\u4eba\u7a76\u7adf\u5c0d\u53f0\u7063\u9435\u8def\u505a\u4e86\u4ec0\u9ebc?"
        },
        {
            "id": "hwUxPGDkMNc",
            "title": "\u6559\u79d1\u66f8\u5439\u6367\u7684\u300c\u5289\u9298\u50b3\u9435\u8def\u300d\u662f\u5efa\u7bc9\u5947\u8e5for\u7834\u9285\u721b\u9435? \u6e05\u671d\u9435\u8def\u7684\u771f\u76f8"
        },
        {
            "id": "vinqY2s1Cps",
            "title": "\u70ba\u4f55\u83ef\u4eba\u6d41\u884c\u300c\u6253\u7f75\u6559\u80b2\u300d \u6b50\u7f8e\u6d41\u884c\u300c\u611b\u7684\u6559\u80b2\u300d\u4e0d\u9ad4\u7f70\u7684\u570b\u5bb6 \u5982\u4f55\u6559\u80b2\u5c0f\u5b69? \u3010\u9ad4\u7f70\u7684\u6b77\u53f2\u3011"
        },
        {
            "id": "3eRHa8z6rUE",
            "title": "\u53e4\u4eba\u6c92\u4fdd\u96aa\u5957\u600e\u9ebc\u907f\u5b55\uff1f \u4eba\u985e\u907f\u5b55\u53f2"
        },
        {
            "id": "ruWh1RZCY0Q",
            "title": "\u53e4\u4ee3\u7687\u5e1d\u771f\u7684\u6703\u300c\u5fae\u670d\u51fa\u5de1\u300d\u55ce\uff1f \u300c\u5609\u6176\u541b\u904a\u53f0\u7063\u300d\u7684\u771f\u76f8\u662f\u4ec0\u9ebc\uff1f"
        },
        {
            "id": "26qoQPbckcA",
            "title": "\u8cb4\u5708\u771f\u4e82 ! \u4eba\u59bb\u3001\u7fa9\u6bcd\u3001\u672a\u4ea1\u4eba \u4e2d\u570b\u6b77\u53f2\u4e0a\u6700\u6deb\u4e82\u7684\u671d\u4ee3 \u4e00\u5f8b\u6b63\u53f2\u8a18\u8f09"
        },
        {
            "id": "9SqXa7TGEwo",
            "title": "\u751f\u80b2\u7387\u4e16\u754c\u7b2c\u4e00\u5230\u588a\u5e95 \u70ba\u4f55\u6709\u9322\u4e86\u9084\u4e0d\u6562\u751f? \u70ba\u4ec0\u9ebc\u53f0\u7063\u5c11\u5b50\u5316\u7279\u5225\u56b4\u91cd? \u3010\u53f0\u7063\u4eba\u53e3\u53f2\u3011"
        },
        {
            "id": "YyQ0iQvQxqM",
            "title": "\u66fe\u7d93\u7684\u65e5\u4e0d\u843d\u5e1d\u570b \u6b50\u6d32\u908a\u7de3\u4eba\u5982\u4f55\u5f81\u670d\u5168\u4e16\u754c? \u8461\u8404\u7259\u5e1d\u570b\u7684\u5d1b\u8d77\u8207\u5d29\u89e3"
        },
        {
            "id": "tYaYUmQ5WKM",
            "title": "\u3010\u5c01\u5efa\u3001\u838a\u5712\u3001\u9a0e\u58eb\u3011\u4e2d\u4e16\u7d00\u7684\u751f\u6d3b\u662f\u600e\u6a23?  \u4eba\u5011\u5403\u4ec0\u9ebc\u3001\u7a7f\u4ec0\u9ebc \u771f\u7684\u5f88\u6d6a\u6f2b\u55ce?  \u9a0e\u58eb\u3001\u8fb2\u6c11\u7684\u4e00\u5929"
        },
        {
            "id": "jjGCg1EHvws",
            "title": "\u88ab\u62b9\u9ed1\u6700\u6158\u7684\u4eba \u6b77\u53f2\u4e0a\u771f\u5be6\u7684\u5546\u7d02\u738b \u662f\u8ab0\u5728\u62b9\u9ed1\u5546\u7d02\u738b? \u9152\u6c60\u8089\u6797\u3001\u5bf5\u4fe1\u59b2\u5df1\u90fd\u662f\u5047\u7684?"
        },
        {
            "id": "in4eTVZqRuw",
            "title": "\u70ba\u4f55\u85cf\u50b3\u4f5b\u6559\u88ab\u9ed1\u5f97\u9019\u9ebc\u6158? \u5982\u4f55\u89e3\u91cb \u7537\u5973\u96d9\u4fee\u3001\u6d3b\u4f5b\u8f49\u4e16\u3001\u5587\u561b\u5403\u8089? \u3010\u85cf\u50b3\u4f5b\u6559\u7684\u6b77\u53f2\u3011"
        },
        {
            "id": "tSRSaIjHLCg",
            "title": "\u70ba\u4f55\u53e4\u4ee3\u64ca\u9f13\u7533\u51a4 \u8981\u5148\u625350\u5927\u677f? \u6514\u8f4e\u558a\u51a4\u662f\u771f\u7684\u55ce? \u3010\u53e4\u4ee3\u600e\u9ebc\u544a\u4eba?\u3011"
        },
        {
            "id": "tnP-rXH1Qh0",
            "title": "\u53e4\u4ee3\u6709\u9322\u4eba \u53ef\u4ee5\u96a8\u4fbf\u63a8\u5012\u4e2b\u74b0\u55ce? \u5a62\u5973\u9084\u8981\u5e6b\u5c0f\u5c11\u723a\u8f49\u5927\u4eba!? \u3010\u5974\u5a62\u7684\u6b77\u53f2\u3011"
        },
        {
            "id": "JrV-lY1nCYw",
            "title": "\u5370\u5ea6\u4eba\u53e3\u8d85\u8eca\u4e2d\u570b\u3010\u70ba\u4f55\u4e2d\u570b\u3001\u5370\u5ea6\u4eba\u53e3\u9019\u9ebc\u591a?\u3011 28.5\u5104 \u4f54\u4e16\u754c\u4eba\u53e3\u768435% why?"
        },
        {
            "id": "GGjQ_1kZKKE",
            "title": "\u5de8\u984d\u8ce0\u6b3e\u3001\u4e0d\u5e73\u7b49\u689d\u7d04 \u5927\u6e05\u671d\u5230\u5e95\u8ce0\u4e86\u591a\u5c11\u9280\u5b50? \u7b49\u65bc\u73fe\u5728\u7684\u591a\u5c11\u9322? \u6e05\u671d\u6ec5\u4ea1\u5f8c\u6709\u9084\u6e05\u55ce?"
        },
        {
            "id": "d46Dhk6d_4M",
            "title": "\u5168\u7403\u7b2c\u4e00\u500b\u300c\u7834\u7522\u300d\u570b\u5bb6  \u5f9e\u5bcc\u5f97\u6d41\u6cb9\u5230\u7834\u7522 \u51b0\u5cf6\u5982\u4f55\u6eff\u8840\u5fa9\u6d3b \u3010\u51b0\u5cf6\u7684\u6b77\u53f2\u3011"
        }
    ]
}