{
    "channel": {
        "title": "\u5fd7\u797a\u4e03\u4e03 X \u5716\u6587\u4e0d\u7b26",
        "id": "UCiWXd0nmBjlKROwzMyPV-Nw",
        "customUrl": "@shasha77",
        "uploads": "UUiWXd0nmBjlKROwzMyPV-Nw"
    },
    "videos": [
        {
            "id": "Ql0ymvBz2BU",
            "title": "\u661f\u5ea7\u5973\u795e\u53ef\u4ee5\u7b97\u5230\u81ea\u5df1\u7684\u547d\u55ce\uff1f \ud83d\udcab \uff5c\u5fd7\u797a\u4e03\u4e03 #shorts"
        },
        {
            "id": "e4yBuiwyw4U",
            "title": "\u570b\u6c11\u6cd5\u5b98\u8ddf\u966a\u5be9\u5718\u4e0d\u4e00\u6a23\u55ce\uff1f\u5dee\u5728\u54ea\uff1f\ud83e\udd14\uff5c\u5fd7\u797a\u4e03\u4e03 #shorts"
        },
        {
            "id": "2kDDliluDW0",
            "title": "\u5403\u5230\u5168\u4e16\u754c\u6700\u8fa3\u7684\u65b0\u7a2e\u8fa3\u6912\u6703\u600e\u6a23\uff1f\ud83e\udd75\uff5c\u5fd7\u797a\u4e03\u4e03 #shorts"
        },
        {
            "id": "FrT7hG-KFAs",
            "title": "\u904e\u5ea6\u8b19\u865b\u3001\u6c92\u6709\u4e3b\u898b\u3001\u5bb3\u6015\u885d\u7a81...\u4e9e\u88d4\u5728\u7f8e\u570b\uff0c\u70ba\u4f55\u5f88\u96e3\u7372\u5f97\u5347\u9077\u6a5f\u6703\uff1f\u4e9e\u6d32\u6559\u80b2\u65b9\u5f0f\u932f\u4e86\u55ce\uff1f\uff5c\u5fd7\u797a\u4e03\u4e03"
        },
        {
            "id": "KshgSw37TGI",
            "title": "\u4e16\u4e0a\u6700\u9577\u58fd\u72d7\u72d7\u96e2\u4e16\ud83e\udd79\u5171\u767b\u5165\u5730\u740311478\u5929\ud83e\udd79\uff5c\u5fd7\u797a\u4e03\u4e03 #shorts"
        },
        {
            "id": "ZdGE8TMATYA",
            "title": "\u6b77\u53f2\u8ab2\u672c\u8aaa\u7684\u5438\u9d09\u7247\ud83e\uddd0\u5230\u5e95\u662f\u8981\u300c\u600e\u9ebc\u5438\u300d\ud83e\uddd0\uff5c\u5fd7\u797a\u4e03\u4e03 #shorts"
        },
        {
            "id": "Wha9dGByqiY",
            "title": "\u70ba\u4f55\u770b\u5929\u4e0a\u661f\u661f\uff0c\u5c31\u80fd\u77e5\u9053\u500b\u6027\u548c\u547d\u904b\uff1f\u300c\u5360\u661f\u300d\u662f\u7384\u5b78\uff0c\u9084\u662f\u6709\u908f\u8f2f\u7684\u5b78\u79d1\uff1fft. \u661f\u5ea7\u5973\u795e\u767d\u745c\uff5c\u5fd7\u797a\u4e03\u4e03"
        },
        {
            "id": "Nqk1f9Pdxyc",
            "title": "\u7a7a\u670d\u54e1\u53d7\u8f3b\u5c04\u5f71\u97ff\ud83d\ude30\u7f79\u764c\u904e\u4e16\u88ab\u5224\u5b9a\u8077\u707d\uff01\uff5c\u5fd7\u797a\u4e03\u4e03 #shorts"
        },
        {
            "id": "opv20GNAvi4",
            "title": "\u9375\u76e4\u70ba\u4ec0\u9ebc \u2328\ufe0f\u4e0d\u7528ABCD\u6392\uff1f\uff5c\u5fd7\u797a\u4e03\u4e03 #shorts"
        },
        {
            "id": "bhGaGNGyK4E",
            "title": "\u5f9e\u5927\u91cf\u9032\u53e3\u5230\u8ce3\u4e0d\u51fa\u53bb\uff0c\u300c\u9032\u53e3\u86cb\u300d\u70ba\u4f55\u5145\u6eff\u722d\u8b70\uff1f\u53f0\u7063\u9084\u6703\u7f3a\u86cb\u55ce\uff1f\uff5c\u5fd7\u797a\u4e03\u4e03"
        },
        {
            "id": "qODJ40lxWH4",
            "title": "\u6e1b\u91cd\u72c2\u55d1\u80e1\u863f\u8514\ud83d\ude32\ud83d\ude32\u7adf\u5168\u8eab\u767c\u9ec3\u8b8a\u8f9b\u666e\u68ee\uff01\uff5c\u5fd7\u797a\u4e03\u4e03 #shorts"
        },
        {
            "id": "XcxULMjFYVQ",
            "title": "\u6821\u5712\u7206\u7d05\u863f\u8514\u5200\uff01\u66f8\u5c40\u90fd\u8cb7\u5f97\u5230\uff0c\u537b\u88ab\u7981\ud83d\ude2e\uff1f\uff5c\u5fd7\u797a\u4e03\u4e03 #shorts"
        },
        {
            "id": "ElO1_cKsT1w",
            "title": "\u7c89\u7d72\u3001\u7db2\u7d05\u90fd\u662f\u5171\u72af\uff01\u300c\u5e95\u5c64\u7db2\u7d05\u300d\u7684\u8a50\u9a19\u7522\u696d\u93c8\u662f\u5982\u4f55\u5f62\u6210\u7684\uff1f\u300a\u4e03\u4e03\u8aaa\u66f8\u300bEP 053\uff5c\u5fd7\u797a\u4e03\u4e03"
        },
        {
            "id": "ocD9HoFOIvc",
            "title": "\u4f60\u807d\u904e\u73bb\u7483\u676f\u821e\u8005\u55ce\ud83d\ude0e\u963f\u4f2f\u4e00\u6b21\u80fd\u9802319\u676f\ud83d\ude0e\uff5c\u5fd7\u797a\u4e03\u4e03 #shorts"
        },
        {
            "id": "7VM8ktTt3LI",
            "title": "\u8cfa\u7206\uff01120\u5143\u8cb7\u4e8c\u624b\u756b\ud83e\udd29\u5e7e\u5e74\u5f8c\u8f49\u624b\u8ce3573\u842c\uff01\ud83e\udd29\uff5c\u5fd7\u797a\u4e03\u4e03 #shorts"
        },
        {
            "id": "Ue_tOkWQ37g",
            "title": "\u53f2\u4e0a\u6700\u5f37\uff01\u5e6b\u4eba\u985e\u5c0d\u6297\u5c0f\u5152\u9ebb\u75fa\u3001\u611b\u6ecb\u75c5\u3001\u751a\u81f3Covid-19\u7684\u6d77\u62c9\u7d30\u80de\uff0c\u7adf\u7136\u662f\u5077\u4f86\u7684\uff01\uff5c\u5fd7\u797a\u4e03\u4e03"
        },
        {
            "id": "ME3a61rhv-g",
            "title": "\u9999\u5948\u5152\u662f\u670d\u88dd\u754c\u7684\u300c\u798f\u7279\u300d\uff1f\u7206\u7d05\u7adf\u8ddf\u4e00\u6230\u6709\u95dc\uff01\uff5c\u5fd7\u797a\u4e03\u4e03 #shorts"
        },
        {
            "id": "THvbyCJlVgQ",
            "title": "\u771f \u2022 \u5c0f\u5b69\u9a0e\u5927\u8eca\uff01\uff1f\u4ea4\u901a\u4e82\u8c61\u8d85\u50bb\u773c\uff01\ud83d\ude44\uff5c\u5fd7\u797a\u4e03\u4e03 #shorts"
        },
        {
            "id": "vSkxLzraTEQ",
            "title": "\u5728\u53f0\u7063\u505a\u6df1\u5ea6\u5831\u5c0e\uff0c\u6709\u4eba\u770b\u55ce\uff1f\u5831\u5c0e\u8005\u6700\u521d\u7adf\u53ea\u67094\u4eba\u8d0a\u52a9\uff1f\u8abf\u67e5\u8a18\u8005\u7518\u82e6\u8ac7\uff01ft. \u5831\u5c0e\u8005\u71df\u904b\u9577\u674e\u96ea\u8389\u300a\u5f37\u8005\u6211\u670b\u53cb\u300bEP 001\uff5c\u5fd7\u797a\u4e03\u4e03"
        },
        {
            "id": "9sgshSFroFc",
            "title": "\u5370\u5ea6\u63a8\u79df\u7528\u8b66\u5bdf\u670d\u52d9\uff1f\ud83d\ude32\u53f0\u5e63\u5343\u5143\u5c31\u80fd\u79df\u6574\u5929\uff01\ud83d\ude32\uff5c\u5fd7\u797a\u4e03\u4e03 #shorts"
        },
        {
            "id": "_M15Ku3rIXw",
            "title": "\u9032\u64ca\u5de8\u4eba\u7d50\u5c40\uff01\u6700\u5927\u7834\u9632\u9ede\u679c\u7136\u9084\u662f\u4ed6\ud83d\ude2d\uff5c\u5fd7\u797a\u4e03\u4e03 #shorts"
        },
        {
            "id": "9k32Xxg4A7M",
            "title": "\u5c3c\u6cca\u723e\u7684\u5973\u7ae5\u5d07\u62dc\uff01\u60f3\u7576\u5c3c\u6cca\u723e\u6d3b\u5973\u795e\uff0c\u8981\u80cc\u591a\u5c11\u6c89\u91cd\u8ca0\u64d4\uff1f\uff5c\u5fd7\u797a\u4e03\u4e03"
        },
        {
            "id": "VXo2thj6WGc",
            "title": "\u6d6a\u6d6a\u591a\u6b21\u6bdb\u9042\u81ea\u85a6\ud83d\udc36\u2728\u5e6b\u81ea\u5df1\u627e\u5230\u6eab\u6696\u65b0\u5bb6\ud83e\udd70\uff5c\u5fd7\u797a\u4e03\u4e03 #shorts"
        },
        {
            "id": "drd82I7aPgc",
            "title": "\u6212\u56b4\u6642\u671f\u6700\u5f37\u5a1b\u6a02\ud83e\udd29\u7d9c\u85dd\u59cb\u7956\u300c\u79c0\u5834\u8868\u6f14\u300d\uff5c\u5fd7\u797a\u4e03\u4e03 #shorts"
        },
        {
            "id": "wey9NN56dRY",
            "title": "\u4e00\u5929\u5730\u9707 800 \u6b21\uff01\ud83d\ude28\u51b0\u5cf6\u706b\u5c71\u5c07\u7206\u767c\uff1f\ud83c\udf0b\uff5c\u5fd7\u797a\u4e03\u4e03 #shorts"
        }
    ]
}