{
    "video_info": {
        "id": "7K5s49BCL94",
        "channelTitle": "\u97d3\u52fe\u311f\u91d1\u91dd\u83c7 \ucc10\uca50\uafb8",
        "title": "\u6253\u4e2d\u97d3\u570b\u963f\u5b24\u5fc3\u7684\u53f0\u7063\u65e9\u9910\u2764\ufe0f\u53ea\u6709\u53f0\u7063\u6709\u7684\u6236\u5916\u6995\u6a39\u4e0b\u7f8e\u98df\u8857\u592a\u7279\u5225\u5566\uff01\u53f0\u7063\u65e5\u5e38VLOG\uff5c\u97d3\u52fe\u311f\u91d1\u91dd\u83c7 \ucc10\uca50\uafb8",
        "description": "#\u97d3\u570b\u963f\u5b24 #\u53f0\u7063\u65e9\u9910\n\n\u5e0c\u671b\u4f60\u5011\u559c\u6b61\u9019\u90e8\u5f71\u7247\n\u559c\u6b61\u5e6b\u6211\u8a02\u95b1\u6309\u8b9a\u5206\u4eab \u8a18\u5f97\u958b\u555f\u5c0f\u9234\u943a\u6536\u53d6\u65b0\u7247\u901a\u77e5\u5594\uff01\n\n\uff3f\uff3f\uff3f\uff3f\uff3f\uff3f\uff3f\uff3f\uff3f\uff3f\uff3f\uff3f\uff3f\uff3f\uff3f\uff3f\uff3f\uff3f\uff3f\uff3f\uff3f\n\n\u2b50\ufe0f\u91d1\u91dd\u83c7\u7684\u97d3\u570b\u7f8e\u98df\u54c1\u724c\uff1ahttps://www.kimkfoods.com\n\u2b50\ufe0f\u91d1\u5bb6\u311f\u5e03\u5e33\u99ac\u8eca\uff1ahttps://www.facebook.com/groups/2297603990535075/\n\u2b50\ufe0f\u91d1\u91dd\u83c7\u7684\u7c89\u5c08: https://www.facebook.com/Koreajinzhengu/\n\u2b50\ufe0f\u91d1\u91dd\u83c7\u7684IG: https://www.instagram.com/ggu__kim/\n\u2b50\ufe0f\u5408\u4f5c\u9080\u7d04\u8acb\u6d3dPressPlay\uff1ajinyoungkim@pressplay.cc\n\n\uff3f\uff3f\uff3f\uff3f\uff3f\uff3f\uff3f\uff3f\uff3f\uff3f\uff3f\uff3f\uff3f\uff3f\uff3f\uff3f\uff3f\uff3f\uff3f\uff3f\uff3f",
        "likeCount": "24677",
        "commentCount": "1055",
        "viewCount": "1046541"
    },
    "comments": [
        {
            "reply_id": "Ugw60BApONd7RI2C_Jl4AaABAg",
            "reply_content": "\u5831\u540d\u6392\u968a\u8a8d\u8b58\u83c7\u59ca\u54c8\u54c8",
            "likeCount": 1
        },
        {
            "reply_id": "Ugwx-AoKzkvBvJ5X8Rl4AaABAg",
            "reply_content": "\u771f\u7684\u80fd\u611f\u53d7\u5230\u60f3\u628a\u8a8d\u540c\u7684\u53f0\u7063\u7f8e\u98df\u4ecb\u7d39\u7d66\u5bb6\u4eba\u7684\u90a3\u7a2e\u71b1\u60c5\u3002",
            "likeCount": 1
        },
        {
            "reply_id": "Ugx9VqVQ8ydf2vDmm6h4AaABAg",
            "reply_content": "\u59d0\u59d0\u771f\u7684\u5f88\u6f02\u4eae\u662f\u53f0\u7063\u4eba\u559c\u6b61\u7684\u6a23\u5b50\u52a0\u6cb9",
            "likeCount": 1
        },
        {
            "reply_id": "Ugy3wh7JFYLS_dfQhMJ4AaABAg",
            "reply_content": "\u597d\u50cf\u7b2c\u4e00\u9910\u6995\u6a39\u4e0b\u5403\u7684\u90fd\u4e0d\u662f\u53f0\u7063\u4eba\u65e9\u4e0a\u6703\u5403\u7684\u98df\u7269\u54c8\u54c8",
            "likeCount": 1
        },
        {
            "reply_id": "Ugwa-fYuk7RCi8ZV-CJ4AaABAg",
            "reply_content": "\u83c7\u7238\u662f\u6696\u7537\u7834\u6389\u7684\u81ea\u5df1\u62ff\u53bb\u5403\u4e86",
            "likeCount": 0
        },
        {
            "reply_id": "UgzC5ocEH3V-tayMaal4AaABAg",
            "reply_content": "\u83c7\u7238\u9019\u4e00\u62db\u6211\u8981\u5b78\u8d77\u4f86",
            "likeCount": 0
        },
        {
            "reply_id": "Ugx3v-WCmmwXopD4vVN4AaABAg",
            "reply_content": "\u597d\u559c\u6b61\u4f60\u8ddf\u5bb6\u4eba\u7684\u4e92\u52d5",
            "likeCount": 0
        },
        {
            "reply_id": "UgyJuiljlVUJ6t2lRud4AaABAg",
            "reply_content": "\u59d0\u59b9\u771f\u50cf\u90fd\u5f88\u7f8e\u9e97\u5927\u65b9\u8010\u770b\u578b\u7684",
            "likeCount": 0
        },
        {
            "reply_id": "Ugz0RB0GdnTZdHkZ4X14AaABAg",
            "reply_content": "\u795d\u91d1\u91dd\u83c7\u7684\u5bb6\u4eba\u5011\u73a9\u7684\u6109\u5feb\u5537",
            "likeCount": 0
        },
        {
            "reply_id": "UgwppakFb0JIOUAM5794AaABAg",
            "reply_content": "\u5f1f\u5f1f\u8b1b\u8a71\u8a9e\u97f3\u50cf\u672c\u5730\u4eba",
            "likeCount": 0
        },
        {
            "reply_id": "Ugw5AqCaXgg-zHdPMCJ4AaABAg",
            "reply_content": "\u76f4\u63a5\u8b1b\u8907\u5408\u5f0f\u5c31\u597d\u4e86\u55ce",
            "likeCount": 0
        },
        {
            "reply_id": "UgwxE59gCa0X8Ep78TV4AaABAg",
            "reply_content": "\u59d0\u59d0\u90a3\u9ebc\u559c\u6b61\u6995\u6a39\uff0c\u53ef\u4ee5\u5e36\u5979\u53bb\u6210\u5927\u6995\u5712\u770b\u90a3\u9846\u8d85\u5927\u6995\u6a39",
            "likeCount": 0
        },
        {
            "reply_id": "Ugxr-JBHqvYXKsO2znh4AaABAg",
            "reply_content": "\u83c7\u59d0\u9019\u9ebc\u559c\u6b61\u6a39\u7684\u8a71 \u53f0\u5357\u6210\u5927\u7684\u767e\u5e74\u6995\u6a39\u770b\u5230\u6703\u4e0d\u6703\u76f4\u63a5\u539f\u5730\u8d77\u98db",
            "likeCount": 0
        },
        {
            "reply_id": "Ugzbo9KPvY5ldm3TB0J4AaABAg",
            "reply_content": "\u53f0\u7063\u9ec3\u91d1\u679c\u5f88\u5c11\u4eba\u5206\u4eab\u5427",
            "likeCount": 0
        },
        {
            "reply_id": "UgxbZFUIIVRfSsdl45F4AaABAg",
            "reply_content": "\u59b3\u5bb6\u4eba\u5f88\u611b\u8292\u679c\u4f46\u662f\u6211\u500b\u4eba\u4ecb\u7d39\u5403\u4e00\u4e0b\u9ec3\u91d1\u679c",
            "likeCount": 0
        },
        {
            "reply_id": "Ugyu-ldqidXE6vXLD6N4AaABAg",
            "reply_content": "\u83c7\u8981\u5e36\u83c7\u59d0\u53bb\u770b\u795e\u6728\u554a",
            "likeCount": 0
        },
        {
            "reply_id": "Ugy9EFMcYu7uh3gEtOJ4AaABAg",
            "reply_content": "\u6995\u6a39\u5176\u5be6\u6709\u5f88\u591a\u9b3c\u6545\u4e8b\u8981\u4e0d\u8ddf\u59ca\u59ca\u8aaa\u8aaa",
            "likeCount": 0
        },
        {
            "reply_id": "Ugywn7geykpuZadv10t4AaABAg",
            "reply_content": "\u5176\u5be6\u6c34\u84ee\u53f0\u7063\u4eba\u4e0d\u5e38\u5403",
            "likeCount": 0
        },
        {
            "reply_id": "Ugy23vHEW-OA_C2lBHh4AaABAg",
            "reply_content": "\u559c\u6b61\u770b\u97d3\u5287\u52a0\u91d1\u91dd\u83c7\u5f71\u7247\u6703\u8b8a \u66f4\u52a0\u559c\u6b61\u97d3\u570b",
            "likeCount": 1
        },
        {
            "reply_id": "UgwRe89R-BbdPiwGyEB4AaABAg",
            "reply_content": "\u5e0c\u671b\u91d1\u91dd\u83c7\u53ef\u4ee5\u5e36\u5976\u5976\u7238\u7238\u5abd\u5abd\u4f86\u5403\u53f0\u4e2d\u7684\u5927\u9eb5\u7fb9\u8ddf\u9ebb\u610f\ud83d\ude02",
            "likeCount": 0
        }
    ]
}