{
    "video_info": {
        "id": "A5F0Ef6C02s",
        "channelTitle": "\u97d3\u52fe\u311f\u91d1\u91dd\u83c7 \ucc10\uca50\uafb8",
        "title": "\u5e36\u97d3\u570b\u963f\u5b24\u5403\u7206\u53f0\u7063\u6d77\u9bae\u9910\u5ef3\u2764\ufe0f\u5403\u5b8c\u53eb\u6211\u8ddf\u53f0\u7063\u4eba\u7d50\u5a5a..\uff08\uff1f\uff09\ud83d\ude02\uff5c\u97d3\u52fe\u311f\u91d1\u91dd\u83c7 \ucc10\uca50\uafb8",
        "description": "#\u97d3\u570b\u963f\u5b24 #\u53f0\u7063\u6d77\u9bae\u9910\u5ef3\n\n\u5e0c\u671b\u4f60\u5011\u559c\u6b61\u9019\u90e8\u5f71\u7247\n\u559c\u6b61\u5e6b\u6211\u8a02\u95b1\u6309\u8b9a\u5206\u4eab \u8a18\u5f97\u958b\u555f\u5c0f\u9234\u943a\u6536\u53d6\u65b0\u7247\u901a\u77e5\u5594\uff01\n\n\uff3f\uff3f\uff3f\uff3f\uff3f\uff3f\uff3f\uff3f\uff3f\uff3f\uff3f\uff3f\uff3f\uff3f\uff3f\uff3f\uff3f\uff3f\uff3f\uff3f\uff3f\n\n\u2b50\ufe0f\u91d1\u91dd\u83c7\u7684\u97d3\u570b\u7f8e\u98df\u54c1\u724c\uff1ahttps://www.kimkfoods.com\n\u2b50\ufe0f\u91d1\u5bb6\u311f\u5e03\u5e33\u99ac\u8eca\uff1ahttps://www.facebook.com/groups/2297603990535075/\n\u2b50\ufe0f\u91d1\u91dd\u83c7\u7684\u7c89\u5c08: https://www.facebook.com/Koreajinzhengu/\n\u2b50\ufe0f\u91d1\u91dd\u83c7\u7684IG: https://www.instagram.com/ggu__kim/\n\u2b50\ufe0f\u5408\u4f5c\u9080\u7d04\u8acb\u6d3dPressPlay\uff1ajinyoungkim@pressplay.cc\n\n\uff3f\uff3f\uff3f\uff3f\uff3f\uff3f\uff3f\uff3f\uff3f\uff3f\uff3f\uff3f\uff3f\uff3f\uff3f\uff3f\uff3f\uff3f\uff3f\uff3f\uff3f",
        "likeCount": "25017",
        "commentCount": "681",
        "viewCount": "888296"
    },
    "comments": [
        {
            "reply_id": "Ugxt_viHnsFJavcJgGN4AaABAg",
            "reply_content": "\u9019\u6d77\u9bae\u9910\u5ef3\u611f\u89ba\u5f88\u76e4\u5594",
            "likeCount": 1
        },
        {
            "reply_id": "UgwrF1lImEz8dBlgf_R4AaABAg",
            "reply_content": "\u5728\u53f0\u7063\u5403\u6d77\u7522\u5e97\u4e00\u5b9a\u8981\u9ede\u7092\u9eb5\uff01\u5982\u679c\u770b\u5230\u7559\u8a00\u96a8\u4fbf\u53bb\u627e\u4e00\u5bb6\u6d77\u9bae\u5e97\u5916\u5e36\u500b\u7092\u9eb5\u4f86\u5403\uff01\u5982\u679c\u6d77\u9bae\u5e97\u7092\u9eb5\u80fd\u7092\u5230\u4e0d\u597d\u5403\uff01\u5176\u4ed6\u6771\u897f\u53ef\u4ee5\u4e0d\u8981\u5403",
            "likeCount": 1
        },
        {
            "reply_id": "UgzbgFE3ivS2cMKnvO54AaABAg",
            "reply_content": "\u91d1\u91dd\u59d0\u7684\u82f1\u6587\u767c\u97f3\u597d\u597d\u5594 \u7537\u670b\u53cb\u662f\u7f8e\u570b\u4eba\u9f41",
            "likeCount": 1
        },
        {
            "reply_id": "UgyxdbpyRR5iWLeRbD94AaABAg",
            "reply_content": "\u6211\u60f3\u770b\u5f70\u5316\u7684\u9999\u5ba2\u5927\u6a13",
            "likeCount": 1
        },
        {
            "reply_id": "UgwiTU6Bmmwia8Sc3M14AaABAg",
            "reply_content": "\u4f60\u53ef\u4ee5\u62cd\u4e00\u500b\u65b0\u7684\u5f71\u7247",
            "likeCount": 1
        },
        {
            "reply_id": "Ugxzl7hSDAcpfY-SOvF4AaABAg",
            "reply_content": "\u91d1\u91dd\u83c7\u7fd2\u7684\u5f71\u7247\u5f88\u597d\u770b",
            "likeCount": 1
        },
        {
            "reply_id": "UgzFNqsKoUT_E-dah8V4AaABAg",
            "reply_content": "\u9019\u5bb6\u7684\u767d\u9be7\u7c73\u7c89\u5f88\u597d\u5403",
            "likeCount": 0
        },
        {
            "reply_id": "UgyVQ9HJvo3EQKSzqJ14AaABAg",
            "reply_content": "\u9ebb\u6cb9\u8170\u5b50\u8981\u6cbe\u8fa3\u6912\u91ac\u6cb9\u5566",
            "likeCount": 0
        },
        {
            "reply_id": "UgzmT6_44Mu_v2ZtpvZ4AaABAg",
            "reply_content": "\u4e0d\u70ba\u4e86\u62cd\u7247\u6d6a\u8cbb\u98df\u7269\u5566\uff0c\u9ede\u90a3\u9ebc\u591a\u4e00\u770b\u5c31\u77e5\u9053\u5403\u4e0d\u5b8c",
            "likeCount": 0
        },
        {
            "reply_id": "UgzRRmKrS8jaU6nhxWl4AaABAg",
            "reply_content": "\u55ae\u9ede\uff0c\u5408\u83dc\u53f0\u7063\u9910\u5ef3\u6709\u9019\u7a2e\u670d\u52d9\u6c92\u5403\u5b8c\u53ef\u4ee5\u8b93\u5e97\u5bb6\u5e6b\u5fd9\u6253\u5305\u5e36\u56de\u5bb6",
            "likeCount": 0
        },
        {
            "reply_id": "UgyQTD8TBJeEZRK7Exp4AaABAg",
            "reply_content": "\u963f\u5b24\u7576\u7136\u662f\u91d1\u91dd\u83c7\u983b\u9053\u6700\u5927\u8ca2\u737b\u8005\u5566\uff0c\u89c0\u770b\u524d\u4e09\u540d\u6709\u5169\u652f\u662f\u963f\u5b24\u8036",
            "likeCount": 0
        },
        {
            "reply_id": "UgzSrwgsqJIVjZf3zmd4AaABAg",
            "reply_content": "\u83c7\u83c7\u7684\u59d0\u59d0\u597d\u6f02\u4eae\u5f88\u6eab\u67d4",
            "likeCount": 0
        },
        {
            "reply_id": "Ugwf9kYoQFJijEZ3rE54AaABAg",
            "reply_content": "\u963f\u5b24\u8981\u627e\u8292\u679c\u963f\u516c\u8981\u5230\u7389\u4e95\u627e",
            "likeCount": 1
        },
        {
            "reply_id": "Ugy1YC0sadiF5tJoW5N4AaABAg",
            "reply_content": "\u9ebb\u6cb9\u8170\u5b50\u5c0d\u814e\u597d\u7684\u6a23\u5b50",
            "likeCount": 1
        },
        {
            "reply_id": "Ugw-DMRlp6WCJhCKRQV4AaABAg",
            "reply_content": "\u91d1\u91dd\u83c7\u5feb\u547c\u53eb\u8292\u679c\u56de\u53f0\u7063",
            "likeCount": 1
        },
        {
            "reply_id": "UgxboYbGhbZ37ARIQ594AaABAg",
            "reply_content": "\u59ca\u59ca\u7684\u82f1\u6587\u767c\u97f3\u70ba\u4ec0\u9ebc\u883b\u6a19\u6e96\u7684",
            "likeCount": 1
        },
        {
            "reply_id": "UgxskBbiindmfeUSQGN4AaABAg",
            "reply_content": "\u597d\u60f3\u8981\u5403\u90a3\u500b\u53f0\u7063\u5f62\u72c0\u7684\u7092\u98ef\u3002\u611f\u89ba\u5f88\u5c11\u5e97\u5bb6\u6703\u6709",
            "likeCount": 1
        },
        {
            "reply_id": "UgzMsPH06X0DVyz3U9Z4AaABAg",
            "reply_content": "\u65b0\u6771\u5357\u771f\u7684\u5f88\u597d\u5403\u4f46\u5370\u8c61\u4e2d\u50f9\u9322\u4e0d\u4fbf\u5b9c\n\u83c7\u597d\u6709\u5fc3",
            "likeCount": 1
        },
        {
            "reply_id": "UgzQXD1LPhcMLHPjIMx4AaABAg",
            "reply_content": "\u7b2c\u4e00\u9053\u751f\u9b5a\u7247\u5c31\u986f\u7684\u5bd2\u9178",
            "likeCount": 1
        },
        {
            "reply_id": "UgzOJxPL9hf2lL4UZdF4AaABAg",
            "reply_content": "\u53ef\u60dc\u6c92\u6709\u9ede\u65b0\u6771\u5357\u7684\u8edf\u6bbc\u87f9\u8ddf\u767d\u9be7\u7c73\u7c89",
            "likeCount": 0
        }
    ]
}