{
    "video_info": {
        "id": "iPiHrRBfkq4",
        "channelTitle": "\u97d3\u52fe\u311f\u91d1\u91dd\u83c7 \ucc10\uca50\uafb8",
        "title": "\u5077\u56de\u97d3\u570b\u7a81\u8972\u963f\u5b24\uff01\u770b\u5230\u5b6b\u5973\u7684\u53cd\u61c9\u662f\uff1f\uff1f\uff1f\ud83d\ude02\u8ddf\u845781\u6b72\u963f\u5b24\u884c\u7a0b\u4e00\u5929\uff5c\u97d3\u52fe\u311f\u91d1\u91dd\u83c7 \ucc10\uca50\uafb8",
        "description": "\u6bd4\u8f03\u5b89\u5168\u7684\u7a81\u8972\uff08\uff1f\uff09\u6210\u529f\uff01\uff01\uff01\u2764\ufe0f\n\u54c8\u54c8\u54c8\u963f\u5b24\u4e5f\u592a\u53ef\u611b\u4e86\u5566\uff5e\uff5e\u7d42\u65bc\u898b\u5230\u5979\u597d\u958b\u5fc3\uff01\uff01\n\u4ee5\u5f8c\u6703\u6709\u4e00\u7cfb\u5217\u963f\u5b24\u7684\u5f71\u7247 \u8acb\u5927\u5bb6\u591a\u591a\u671f\u5f85\u310c\uff5e\uff5e\n\u5f71\u7247\u4e2d\u7684CUBE App \u9032\u968e\u7528\u6cd5 \u5927\u5bb6\u6709\u7b46\u8a18\u55ce\uff1f\n-\u71df\u696d\u65e5\u6642\u95939:00~22:00\u5728CUBE App\u5167\u76f4\u63a5\u5916\u5e63\u63db\u532f\n-24hr\u5728\u5927\u53f0\u5317\u5730\u5340\u7684\u570b\u6cf0\u4e16\u83ef\u5916\u5e63ATM\u63d0\u9818\u7f8e\u3001\u65e5\u5143\u73fe\u9214\n-\u7dda\u4e0a\u958b\u7acb\u8b49\u5238\u6236\u8207\u8907\u59d4\u8a17\n-\u7121\u75db\u5b9a\u671f\u5b9a\u80a1\u7f8e\u80a1\u3001\u5b9a\u671f\u5b9a\u984d\u57fa\u91d1\u3001\u667a\u80fd\u6295\u8cc7\n\u9664\u6b64\u4e4b\u5916\u9084\u6709\u4fdd\u96aa\u7684\u529f\u80fd\n\u6709\u8208\u8da3\u53ef\u4ee5\u591a\u4e86\u89e3\u770b\u770b\u5594\uff01\n\u5e0c\u671b\u5927\u5bb6\u90fd\u80fd\u5efa\u7acb\u7b26\u5408\u81ea\u5df1\u7684\u7406\u8ca1\u65b9\u5f0f\u5537\n\n\u5feb\u4e0b\u8f09CUBE App \u9ad4\u9a57\u9032\u968e\u7528\u6cd5 https://reurl.cc/aVMpv9\n\n#\u570b\u6cf0\u4e16\u83efCUBEApp #CUBEApp \n#\u672c\u5f71\u7247\u7531\u570b\u6cf0\u4e16\u83ef\u9280\u884c\u8d0a\u52a9\u64ad\u51fa\n\u8b49\u5238\u670d\u52d9\u7531\u570b\u6cf0\u7d9c\u5408\u8b49\u5238\u63d0\u4f9bCUBE App\u662f\u7531\u570b\u6cf0\u4e16\u83ef\u9280\u884c\u5efa\u7f6e\n\u6295\u8cc7\u4e00\u5b9a\u6709\u98a8\u96aa\uff0c\u57fa\u91d1\u6295\u8cc7\u6709\u8cfa\u6709\u8ce0\uff0c\u7533\u8cfc\u524d\u61c9\u8a73\u95b1\u516c\u958b\u8aaa\u660e\u66f8\n\n\u5e0c\u671b\u4f60\u5011\u559c\u6b61\u9019\u90e8\u5f71\u7247\n\u559c\u6b61\u5e6b\u6211\u8a02\u95b1\u6309\u8b9a\u5206\u4eab \u8a18\u5f97\u958b\u555f\u5c0f\u9234\u943a\u6536\u53d6\u65b0\u7247\u901a\u77e5\u5594\uff01\n\n\uff3f\uff3f\uff3f\uff3f\uff3f\uff3f\uff3f\uff3f\uff3f\uff3f\uff3f\uff3f\uff3f\uff3f\uff3f\uff3f\uff3f\uff3f\uff3f\uff3f\uff3f\n\n\u2b50\ufe0f\u91d1\u91dd\u83c7\u7684\u97d3\u570b\u7f8e\u98df\u54c1\u724c\uff1ahttps://www.kimkfoods.com\n\u2b50\ufe0f\u91d1\u5bb6\u311f\u5e03\u5e33\u99ac\u8eca\uff1ahttps://www.facebook.com/groups/2297603990535075/\n\u2b50\ufe0f\u91d1\u91dd\u83c7\u7684\u7c89\u5c08: https://www.facebook.com/Koreajinzhengu/\n\u2b50\ufe0f\u91d1\u91dd\u83c7\u7684IG: https://www.instagram.com/ggu__kim/\n\u2b50\ufe0f\u5408\u4f5c\u9080\u7d04\u8acb\u6d3dPressPlay\uff1ajinyoungkim@pressplay.cc\n\n\uff3f\uff3f\uff3f\uff3f\uff3f\uff3f\uff3f\uff3f\uff3f\uff3f\uff3f\uff3f\uff3f\uff3f\uff3f\uff3f\uff3f\uff3f\uff3f\uff3f\uff3f",
        "likeCount": "23472",
        "commentCount": "613",
        "viewCount": "714190"
    },
    "comments": [
        {
            "reply_id": "UgxVG4Mkov_jsMzHEP14AaABAg",
            "reply_content": "\u597d\u559c\u6b61\u91d1\u91dd\u83c7 \u73fe\u5728\u50cf\u91d1\u91dd\u83c7\u9019\u7a2e\u9858\u610f\u82b1\u6642\u9593\u966a\u4f34\u5bb6\u4eba\u7684\u5e74\u8f15\u4eba\u8d8a\u4f86\u8d8a\u5c11\u4e86",
            "likeCount": 3
        },
        {
            "reply_id": "Ugw2Qpyqmfu3sOf9cU54AaABAg",
            "reply_content": "\u795d\u798f\u963f\u5b24\u8eab\u9ad4\u5065\u5eb7\u5e73\u5b89\u9806\u5fc3",
            "likeCount": 2
        },
        {
            "reply_id": "UgylYiQlugtZ1OaOwsJ4AaABAg",
            "reply_content": "\u6240\u6709\u4eba\u4f86\u7d66\u963f\u5b24\u885d\u7c89\u7d72\u6578\u5427",
            "likeCount": 1
        },
        {
            "reply_id": "Ugw_yvQDn5vIHd9GwzF4AaABAg",
            "reply_content": "\u4ee5\u524d\u6211\u4e5f\u8ddf\u963f\u5b24\u901b\u8857\n\u767c\u73fe\u5176\u5be6\u5f88\u6709\u8da3\u54c8\u54c8\u54c8",
            "likeCount": 0
        },
        {
            "reply_id": "UgzIkgRU0CGogVCbPYZ4AaABAg",
            "reply_content": "\u91dd\u83c7\u771f\u7684\u8981\u5e38\u5e38\u56de\u53bb\u770b\u963f\u5b24",
            "likeCount": 0
        },
        {
            "reply_id": "UgzspmAhm07ErGcUG2l4AaABAg",
            "reply_content": "\u963f\u5b24\u6bcf\u5929\u6703\u81ea\u5df1\u627e\u884c\u7a0b\u771f\u7684\u597d\u68d2",
            "likeCount": 0
        },
        {
            "reply_id": "Ugwj_IOdktR7fniFDXN4AaABAg",
            "reply_content": "\u91d1\u91dd\u83c7\u662f\u963f\u5b24\u6c38\u9060\u7684\u5c0f\u516c\u4e3b\uff0c\u807d\u5230\u963f\u5b24\u4e00\u76f4\u9019\u6a23\u558a\u8457\u81ea\u5df1\u5b6b\u5973\uff0c\u5c31\u77e5\u9053\u963f\u5b24\u771f\u7684\u771f\u7684\u597d\u611b\u91d1\u91dd\u83c7",
            "likeCount": 96
        },
        {
            "reply_id": "Ugw7fUcMqTMFea9LtGZ4AaABAg",
            "reply_content": "\u957f\u8f88\u7684\u4e00\u5929\u8ddf\u732b\u7684\u4e00\u5929\u4e00\u6837\u795e\u79d8\u597d\u73a9\u53c8\u6709\u8da3",
            "likeCount": 0
        },
        {
            "reply_id": "Ugzj6e8I-Fid2FZBkPB4AaABAg",
            "reply_content": "\u6211\u5c0f\u6642\u4faf\u4e5f\u8ddf\u5916\u5a46\u5f88\u597d",
            "likeCount": 0
        },
        {
            "reply_id": "Ugx-ERVhMoc7aZzgTXh4AaABAg",
            "reply_content": "\u5728\u4e0a\u6d77\u8fea\u58eb\u5c3c\u73a9\u4e86\u5e7e\u6b21\u4e5f\u662f\u6bcf\u6b21\u7d50\u5e33\u90fd\u88ab\u642d\u8a15\ud83e\udd23",
            "likeCount": 0
        },
        {
            "reply_id": "UgzXBYYufm1SB_bwAw94AaABAg",
            "reply_content": "\u770b\u5f97\u51fa\u4f86\u963f\u5b24\u5f88\u75bc\u91d1\u91dd\u83c7~\u795d\u91d1\u91dd\u83c7\u7684\u963f\u5b24\u6c38\u9060\u8eab\u9ad4\u5065\u5eb7",
            "likeCount": 0
        },
        {
            "reply_id": "UgzwTk5gujwdH01Wkk14AaABAg",
            "reply_content": "\u91d1\u91dd\u83c7\u6703\u9019\u9ebc\u958b\u6717\u6d3b\u6f51\u90fd\u662f\u56e0\u70ba\u6709\u4e00\u500b\u6eab\u6696\u548c\u5145\u6eff\u611b\u7684\u5bb6\u5ead\u5427\u2764",
            "likeCount": 21
        },
        {
            "reply_id": "UgzZmo66uv1CdSgNNGd4AaABAg",
            "reply_content": "\u963f\u5b24\u771f\u7684\u4eba\u7de3\u5f88\u597d\u6b38\u54c8\u54c8\u597d\u591a\u670b\u53cb",
            "likeCount": 2
        },
        {
            "reply_id": "UgwtaUXZ7OGB6dQ9egd4AaABAg",
            "reply_content": "\u963f\u5b24\u53eb\u6b50\u5df4\u7684\u6642\u5019\u597d\u53ef\u611b\u2764\u5c0d\u8457\u87a2\u5e55\u7b11\u51fa\u4f86\u4e86",
            "likeCount": 2
        },
        {
            "reply_id": "UgzyXBqlrpV_OnwDc7Z4AaABAg",
            "reply_content": "\u91d1\u91dd\u83c7\u9084\u80fd\u8ddf\u5976\u5976\u9019\u6a23\u76f8\u8655\uff0c\u8981\u73cd\u60dc\u9019\u6bcf\u5206\u6bcf\u79d2\u5440",
            "likeCount": 2
        },
        {
            "reply_id": "Ugzwxt70SnzKVSOCYfR4AaABAg",
            "reply_content": "\u90a3\u500b\u963f\u5b24\u95dc\u9580\u7684\u90e8\u5206\u6211\u7b11\u51fa\u4f86\u4e86\ud83d\ude02\u963f\u5b24\u5feb\u6a02\u624d\u662f\u6700\u597d\u7684",
            "likeCount": 1
        },
        {
            "reply_id": "UgxYqQPQlyjhSpKDbr14AaABAg",
            "reply_content": "\u6b61\u8fce\u963f\u963f\u5b24\u5e38\u4f86\u81fa\u7063\u73a9",
            "likeCount": 0
        },
        {
            "reply_id": "UgytlBnhEN2V3WC10Sl4AaABAg",
            "reply_content": "\u8001\u4eba\u5c31\u662f\u8981\u6709\u4eba\u966a\u4f34\u624d\u6703\u5feb\u6a02\uff0c\u770b\u4f86\u83c7\u963f\u5b24\u6bd4\u91d1\u91dd\u83c7\u9084\u5fd9",
            "likeCount": 2
        },
        {
            "reply_id": "UgzsuXJmqH3dX0jKuy94AaABAg",
            "reply_content": "\u91d1\u91dd\u83c7\u8ddf\u83c7\u5b24\u7684\u4e92\u52d5\u597d\u6709\u611b\uff0c\u8b93\u6211\u60f3\u8d77\u6211\u5728\u5929\u5802\u7684\u963f\u5b24\u4e86",
            "likeCount": 1
        },
        {
            "reply_id": "UgyjobeeXceFDMqtsaR4AaABAg",
            "reply_content": "\u6bcf\u6b21\u770b\u5230\u963f\u5b24\u90fd\u597d\u611f\u52d5",
            "likeCount": 1
        }
    ]
}