{
    "video_info": {
        "id": "jGb2GA4O_xU",
        "channelTitle": "\u97d3\u52fe\u311f\u91d1\u91dd\u83c7 \ucc10\uca50\uafb8",
        "title": "\u5317\u97d3\u98df\u7269\ud83c\uddf0\ud83c\uddf5\u597d\u5403\u55ce\uff1f\u771f\u3002\u5317\u97d3\u9910\u5ef3\u521d\u9ad4\u9a57\uff01\u6015\u6015\u7684\u4e0d\u6562\u8ddf\u8001\u95c6\u8b1b\u8a71XDD\uff5c\u97d3\u52fe\u311f\u91d1\u91dd\u83c7 \ucc10\uca50\uafb8",
        "description": "\u5317\u97d3\u9910\u5ef3morann\n55 boulevard Lefebvre, 75015 paris\n_\n\u6536\u5230\u8ce3\u5bb6\u984f\u8272\u5bc4\u932f\u3001\u5c3a\u5bf8\u4e0d\u5c0d\u3001\u7455\u75b5\u54c1\u7b49\n\u4e0d\u7528\u6015\uff01\u5c0f\u91d1\u9748\u544a\u8a34\u4f60\n\u5373\u65e5\u8d77\u5728\u8766\u76ae\u8cfc\u7269\u5168\u7ad9\u8cfc\u8cb7\u5546\u54c1\n\u7686\u53ef\u900f\u904e\u7c21\u55ae\u7684\u6b65\u9a5f\u4f7f\u7528\u8766\u76ae\u5b89\u5fc3\u9000\u670d\u52d9 \n\u8a73\u7d30\u8cc7\u8a0a\u53ef\u4ee5\u770b\u770b\ud83d\udc47\u5537\uff01\nhttps://sho.pe/5ar6xg\n\n\u5e0c\u671b\u4f60\u5011\u559c\u6b61\u9019\u90e8\u5f71\u7247\n\u559c\u6b61\u5e6b\u6211\u8a02\u95b1\u6309\u8b9a\u5206\u4eab \u8a18\u5f97\u958b\u555f\u5c0f\u9234\u943a\u6536\u53d6\u65b0\u7247\u901a\u77e5\u5594\uff01\n\n\uff3f\uff3f\uff3f\uff3f\uff3f\uff3f\uff3f\uff3f\uff3f\uff3f\uff3f\uff3f\uff3f\uff3f\uff3f\uff3f\uff3f\uff3f\uff3f\uff3f\uff3f\n\n\u2b50\ufe0f\u91d1\u91dd\u83c7\u7684\u97d3\u570b\u7f8e\u98df\u54c1\u724c\uff1ahttps://www.kimkfoods.com\n\u2b50\ufe0f\u91d1\u5bb6\u311f\u5e03\u5e33\u99ac\u8eca\uff1ahttps://www.facebook.com/groups/2297603990535075/\n\u2b50\ufe0f\u91d1\u91dd\u83c7\u7684\u7c89\u5c08: https://www.facebook.com/Koreajinzhengu/\n\u2b50\ufe0f\u91d1\u91dd\u83c7\u7684IG: https://www.instagram.com/ggu__kim/\n\u2b50\ufe0f\u5408\u4f5c\u9080\u7d04\u8acb\u6d3dPressPlay\uff1ajinyoungkim@pressplay.cc\n\n\uff3f\uff3f\uff3f\uff3f\uff3f\uff3f\uff3f\uff3f\uff3f\uff3f\uff3f\uff3f\uff3f\uff3f\uff3f\uff3f\uff3f\uff3f\uff3f\uff3f\uff3f",
        "likeCount": "10371",
        "commentCount": "493",
        "viewCount": "528619"
    },
    "comments": [
        {
            "reply_id": "UgwBpbZ_ioB_VreUqLV4AaABAg",
            "reply_content": "\u9019\u8001\u95c6\u8a9e\u8a00\u5f88\u5f37\u6b38\u2026 \u6703\u4e0d\u6703\u771f\u7684\u662f\u8001\u7238\u662f\u5b98\u54e1\u4e4b\u985e\u7684\u624d\u80fd\u63a5\u89f8\u5230\u9019\u9ebc\u591a\u8a9e\u8a00\u7136\u5019\u9084\u5230\u6cd5\u570b\u958b\u9910\u5ef3",
            "likeCount": 106
        },
        {
            "reply_id": "UgzPyBHL74xrCPUjXaV4AaABAg",
            "reply_content": "\u611f\u89ba\u5c31\u662f\u5230\u4e86\u570b\u5916\u9047\u5230\u4e86\u61c2\u81ea\u5df1\u7684\u4eba\u5c31\u6703\u5f88\u958b\u5fc3\u2764",
            "likeCount": 5
        },
        {
            "reply_id": "UgxjCuq5lL3kZ-x2NMR4AaABAg",
            "reply_content": "\u5f88\u591a\u570b\u5916\u7684\u5317\u97d3\u9910\u5ef3\u90fd\u662f\u5b98\u65b9\u6d3e\u53bb\u958b\u7684\uff0c\u70ba\u7684\u662f\u8981\u5e6b\u570b\u5bb6\u8cfa\u5916\u532f\uff0c\u5c24\u5176\u50cf\u9694\u58c1\u7684\u4e2d\u570b\u7279\u5225\u591a\u591a\u9019\u7a2e\u534a\u5b98\u65b9\u5317\u97d3\u9910\u5ef3",
            "likeCount": 1
        },
        {
            "reply_id": "UgyB3s3LFB3P0YGqAul4AaABAg",
            "reply_content": "\u8fd9\u4e2a\u8001\u677f\u7a7f\u7684\u978b\u5b50\u662f\u97e9\u56fd\u7684\u8bf6",
            "likeCount": 0
        },
        {
            "reply_id": "UgyzPGS03oLjEPAdexJ4AaABAg",
            "reply_content": "\u4f60\u662f\u97e9\u56fd\u4eba\u8fd8\u662f\u53f0\u7063\u4eba",
            "likeCount": 0
        },
        {
            "reply_id": "Ugxv-0gEwuzEcqPCsal4AaABAg",
            "reply_content": "\u54c8\u54c8\u54c8\u6309\u7167\u97d3\u5287\u9019\u7a2e\u5e97\u61c9\u8a72\u662f\u4e09\u80d6\u7684\u7279\u5de5\u806f\u7d61\u9ede",
            "likeCount": 0
        },
        {
            "reply_id": "Ugxf5KgNpAQPzSqAs194AaABAg",
            "reply_content": "\u65c1\u908a\u90a3\u500b\u597d\u8a0e\u53ad\u53ea\u6703\u8e6d",
            "likeCount": 0
        },
        {
            "reply_id": "UgyCB3sUFxdb-8y6tQB4AaABAg",
            "reply_content": "\u60a8\u53ef\u80fd\u6233\u5230\u91cd\u9ede\u4e86 \u5f88\u53ef\u80fd\u5c31\u662f\u5916\u4ea4\u9818\u4e8b\u7684\u76f8\u95dc\u7d93\u9a57\u8005",
            "likeCount": 0
        },
        {
            "reply_id": "Ugxnej5My5c0Iut5z2N4AaABAg",
            "reply_content": "\u611f\u89ba\u5357\u97d3\u8ddf\u671d\u9bae\u7528\u8a5e\u8ddf\u97f3\u8abf\u5c31\u50cf\u53f0\u7063\u548c\u5927\u9678\u4e00\u6a23\u7684\u5dee\u5225. \u6216\u8005\u662f\u9999\u6e2f\u548c\u5ee3\u6771\u7684\u7cb5\u8a9e\u4e00\u6a23\u6709\u5dee\u5225",
            "likeCount": 0
        },
        {
            "reply_id": "UgyvGUJMrVZNGLr8h2J4AaABAg",
            "reply_content": "\u8001\u95c6\u6015\u88ab\u6293\u56de\u53bb\u800c\u4e14\u5982\u679c\u4ed6\u662f\u8d70\u9003\u51fa\u4f86\u7684\u4e0d\u53ef\u80fd\u8ddf\u59b3\u53ef\u4ee5\u8aaa\u4ed6\u662f\u9019\u9ebc\u9003\u51fa\u4f86\uff0c\u7684\u9019\u6703\u5bb3\u5230\u5e6b\u52a9\u9003\u51fa\u4f86\u7684\u4eba\u751a\u81f3\u672c\u4f86\u53ef\u4ee5\u9003\u51fa\u4f86\u7684\u6f0f\u6d1e\u88ab\u5317\u97d3\u5b98\u65b9\u4eba\u77e5\u9053\u5f8c\u60f3\u8981\u9003\u51fa\u4f86\u7684\u4eba\u5c31\u6c92\u4e86",
            "likeCount": 0
        },
        {
            "reply_id": "UgyDK1a1ovhqzI1q-al4AaABAg",
            "reply_content": "\u9019\u4e00\u96c6\u5b8c\u5168\u662f\u88ab\u8001\u95c6\u6490\u8d77\u4f86\u7684",
            "likeCount": 4
        },
        {
            "reply_id": "UgxFHHjzq8TripdbVAx4AaABAg",
            "reply_content": "\u6211\u4ee5\u70ba\u662f\u6709\u5317\u97d3\u7f8e\u5973\u8868\u6f14\u7684\u9910\u5ef3",
            "likeCount": 1
        },
        {
            "reply_id": "UgxfzACpjuBGOiMLG6B4AaABAg",
            "reply_content": "\u4ed6\u61c9\u8a72\u5728\u5317\u97d3\u5c64\u7d1a\u4e0d\u4f4e\uff0c\u4e0d\u7136\u4e0d\u6703\u8aaa\u51fa\u8cc7\u672c\u4e3b\u7fa9\u6bd4\u5728\u5317\u97d3\u9084\u8f9b\u82e6\u7684\u8a71",
            "likeCount": 0
        },
        {
            "reply_id": "UgzjPcvnLTlrluPA-pN4AaABAg",
            "reply_content": "\u8fd9\u79cd\u4e0d\u662f\u5317\u97e9\u56fd\u8425\u9910\u5385\uff0c\u662f\u5317\u97e9\u96be\u6c11\u9003\u5230\u97e9\u56fd\u540e\u518d\u8dd1\u51fa\u6765\u7684",
            "likeCount": 0
        },
        {
            "reply_id": "UgyivgG1lqdSkEdkPtx4AaABAg",
            "reply_content": "\u660e\u660e\u8131\u5317\u7d50\u679c\u9084\u8aaa\u65e9\u77e5\u9053\u5c31\u4e0d\u8131\u5317 \u7c21\u76f4\u8ddf\u79fb\u6c11\u7684\u5c0f\u7c89\u7d05\u4e00\u6a23",
            "likeCount": 0
        },
        {
            "reply_id": "UgwkCbWJXelG8iIhnS94AaABAg",
            "reply_content": "\u8001\u95c6\u624b\u7684\u864e\u53e3\u662f\u523a\u570b\u65d7\u55ce",
            "likeCount": 0
        },
        {
            "reply_id": "Ugw7SxrPzSBOfJXwDkl4AaABAg",
            "reply_content": "\u6211\u8a18\u5f97\u5317\u97d3\u7684\u7e3d\u653f\u6cbb\u5c40\u9577\u5152\u5b50\u5f88\u5e25\uff0c\u5370\u8c61\u4e2d\u53eb\u5229\u6b63\u8d6b",
            "likeCount": 0
        },
        {
            "reply_id": "UgxvOMTvOdU00oXw_Yt4AaABAg",
            "reply_content": "\u9019\u96c6\u4e5f\u592a\u6709\u8da3\u4e86\u5427 \u5927\u53d4\u8d85\u7d1a\u50b2\u9a55\u6709\u5920\u53ef\u611b\u7684\u5566",
            "likeCount": 0
        },
        {
            "reply_id": "Ugw4rVwNpr7EgpaybV54AaABAg",
            "reply_content": "\u4e2d\u570b\u5927\u9678\u4e5f\u6709\u5317\u97d3\u9910\u5ef3 \u53ea\u4e0d\u904e\u662f\u5c6c\u65bc\u5317\u97d3\u653f\u5e9c\u7d93\u71df\u7684",
            "likeCount": 0
        },
        {
            "reply_id": "UgzxQU14P1t9xcf4q754AaABAg",
            "reply_content": "\u5ac1\u7d66\u5176\u4ed6\u570b\u5bb6\u7684\u4eba\u5c31\u6709\u8fa6\u6cd5\u53bb\u5317\u97d3",
            "likeCount": 0
        }
    ]
}