{
    "video_info": {
        "id": "NHB-Pz6syoM",
        "channelTitle": "\u97d3\u52fe\u311f\u91d1\u91dd\u83c7 \ucc10\uca50\uafb8",
        "title": "\ud83c\udde8\ud83c\udded\u5168\u7403\u7269\u50f9\u6700\u8cb4\u745e\u58eb-\u7269\u50f9\u9ad4\u9a57\u8a18\u300c\u53f0\u7063\u9910\u5ef3\u300d\u50f9\u683c\u843d\u5728\u591a\u5c11\u5462\uff1f\uff5c\u97d3\u52fe\u311f\u91d1\u91dd\u83c7 \ucc10\uca50\uafb8",
        "description": "\u611f\u8b1dGalaxy Z flip5 \u7684\u966a\u4f34\n\u5728\u65c5\u904a\u6642\u80af\u5b9a\u8981\u6d3e\u4e0a\u647a\u758a\u6a5f\n\u600e\u9ebc\u62cd\u600e\u9ebc\u7f8e\u591a\u89d2\u5ea6\u81ea\u62cd\n\u62cd\u4e86\u597d\u591a\u6f02\u4eae\u7167\u2728\n\n\u9084\u53ef\u4ee5\u900f\u904e\u5c01\u9762\u87a2\u5e55\u5c0e\u822a\u3001\u56de\u8a0a\u606f\u3001\u8ddf\u770b\u5287 \u771f\u7684\u592a\u53b2\u5bb3\u4e86\uff01\n\n\u6709\u8208\u8da3\u6b61\u8fce\u5927\u5bb6\u53bb\u9580\u5e02\u770b\u770b\n\u7cbe\u7f8e\u5c0f\u5de7\u5916\u578b\u7684Galaxy Z flip5 \uff01\u8584\u8377\u7da0\u771f\u6ef4\u7f8e\ud83d\udc9a\n\n\u52a0\u5165\u5168\u661f\u9663\u71df Join the flip side\u5427\uff01\n\n#GalaxyZFlip5\n#JoinTheFlipSide\n#\u65d7\u8266\u65b0\u647a\u758a \n#\u5373\u523b\u8d85\u5c55\u958b\n\n\ud83d\udccd\u6211\u4f4f\u7684\u98ef\u5e97\uff1a\u6d77\u723e\u7dad\u7cbe\u54c1\u9152\u5e97\n\u6211\u89ba\u5f97\u4e7e\u6de8\u5730\u9ede\u597d \u4f46\u65e9\u4e0a\u51cc\u6668\u5c31\u6709\u96fb\u8eca\u7d93\u904e\n\u5f88\u5435XDDD \u4e0d\u904e\u525b\u597d\u6709\u6642\u5dee \u53ef\u4ee5\u65e9\u9ede\u8d77\u5e8a\uff08\uff1f\uff09\n\ud83d\udccd\u666f\u9ede\uff1aNiderdorf\u3001Grossm\u00fcnster\u3001Kirche Fraum\u00fcnster\u3001Lindenhof \u3001Flussbad Oberer Letten Schwimmbad \n\ud83d\udccd\u7f8e\u98df\uff1aZeughauskeller Restaurant \u3001Simon Says Taste Taiwan\n\n\n\u5e0c\u671b\u4f60\u5011\u559c\u6b61\u9019\u90e8\u5f71\u7247\n\u559c\u6b61\u5e6b\u6211\u8a02\u95b1\u6309\u8b9a\u5206\u4eab \u8a18\u5f97\u958b\u555f\u5c0f\u9234\u943a\u6536\u53d6\u65b0\u7247\u901a\u77e5\u5594\uff01\n\n\uff3f\uff3f\uff3f\uff3f\uff3f\uff3f\uff3f\uff3f\uff3f\uff3f\uff3f\uff3f\uff3f\uff3f\uff3f\uff3f\uff3f\uff3f\uff3f\uff3f\uff3f\n\n\u2b50\ufe0f\u91d1\u91dd\u83c7\u7684\u97d3\u570b\u7f8e\u98df\u54c1\u724c\uff1ahttps://www.kimkfoods.com\n\u2b50\ufe0f\u91d1\u5bb6\u311f\u5e03\u5e33\u99ac\u8eca\uff1ahttps://www.facebook.com/groups/2297603990535075/\n\u2b50\ufe0f\u91d1\u91dd\u83c7\u7684\u7c89\u5c08: https://www.facebook.com/Koreajinzhengu/\n\u2b50\ufe0f\u91d1\u91dd\u83c7\u7684IG: https://www.instagram.com/ggu__kim/\n\u2b50\ufe0f\u5408\u4f5c\u9080\u7d04\u8acb\u6d3dPressPlay\uff1ajinyoungkim@pressplay.cc\n\n\uff3f\uff3f\uff3f\uff3f\uff3f\uff3f\uff3f\uff3f\uff3f\uff3f\uff3f\uff3f\uff3f\uff3f\uff3f\uff3f\uff3f\uff3f\uff3f\uff3f\uff3f",
        "likeCount": "12173",
        "commentCount": "508",
        "viewCount": "724070"
    },
    "comments": [
        {
            "reply_id": "UgyZ-j2BjWKNc7_7pON4AaABAg",
            "reply_content": "\u6211\u91d1\u8a98\u4eba\u5f88\u4e45\u6c92\u6d88\u606f\u4e86",
            "likeCount": 1
        },
        {
            "reply_id": "UgxRWvhw2HhDKAcIBD94AaABAg",
            "reply_content": "\u5abd\u5abd\u8eab\u6750\u597d\u597d\u6b50\uff0c\u6211\u90fd\u4e00\u76f4\u6ce8\u610f\u5230\u5abd\u5abd\u7684\u8179\u808c",
            "likeCount": 1
        },
        {
            "reply_id": "UgxKvxTq2EdGYst6rWV4AaABAg",
            "reply_content": "\u5abd\u5abd\u7684\u8179\u808c\u597d\u5438\u5f15\u76ee\u5149",
            "likeCount": 1
        },
        {
            "reply_id": "Ugz7u_k4mZ98oddYKKR4AaABAg",
            "reply_content": "\u83c7\u5abd\u8eab\u6750\u597d\u597d\u554a\u554a\u554a\u554a",
            "likeCount": 1
        },
        {
            "reply_id": "UgxBHCv1n0Yq3Wa2RwN4AaABAg",
            "reply_content": "\u745e\u58eb\u4e00\u4efd\u7092\u98ef\u50f9\u683c\u8ddf\u91d1\u91dd\u83c7\u4e00\u5bb6\u5728\u5927\u7a3b\u57d5\u5403\u7684\u8089\u7ca5\u50f9\u683c\u4e00\u6a23\ud83d\ude31",
            "likeCount": 0
        },
        {
            "reply_id": "UgyqN1erKb90Y9HzvfR4AaABAg",
            "reply_content": "\u60f3\u8aaa\u91d1\u91dd\u83c7\u9019\u9ebc\u6f02\u4eae\u662f\u70ba\u4ec0\u9ebc\uff0c\u539f\u4f86\u662f\u5abd\u5abd\u7684\u57fa\u56e0\u592a\u5f37\u5927",
            "likeCount": 0
        },
        {
            "reply_id": "UgxGHu-GRyJxoFK66vx4AaABAg",
            "reply_content": "\u5982\u679c\u53ef\u4ee5\u88dc\u5145\u6bcf\u6b21\u82b1\u8cbb\u662f\u591a\u5c11\u9322\u90a3\u5c31\u597d\u4e86",
            "likeCount": 0
        },
        {
            "reply_id": "Ugx3aYfiBnZSBehR5QB4AaABAg",
            "reply_content": "\u91d1\u91dd\u83c7\u7684\u4e0a\u8863\u548c\u9805\u934a\u597d\u6f02\u4eae\u5594",
            "likeCount": 0
        },
        {
            "reply_id": "Ugx0EcAUWrA-GjSdPNF4AaABAg",
            "reply_content": "\u9019\u7269\u50f9\u600e\u9ebc\u6703\u8cb4\u7684\u592a\u626f\u5427",
            "likeCount": 1
        },
        {
            "reply_id": "Ugxqu_mOxdRUgaIVi4Z4AaABAg",
            "reply_content": "\u54c8\u54c8\u6700\u60f3\u5ff5\u5c45\u7136\u662f\u53f0\u7063\u5473",
            "likeCount": 0
        },
        {
            "reply_id": "UgwWtoPpdaEO-oYiQMJ4AaABAg",
            "reply_content": "\u83c7\u5abd\u9019\u8eab\u6750\u771f\u7684\u662f\u592a\u8b93\u4eba\u4f69\u670d\u4e86",
            "likeCount": 0
        },
        {
            "reply_id": "Ugzpl_ODl6wmSPagzFt4AaABAg",
            "reply_content": "\u6b50\u6d32\u8fa8\u5225\u6c23\u6ce1\u6c34\u548c\u4e00\u822c\u6c34\u5f88\u7c21\u55ae\uff0c\u634f\u4e00\u634f\u5c31\u884c",
            "likeCount": 0
        },
        {
            "reply_id": "UgwiwdFo8s-wukA6mzV4AaABAg",
            "reply_content": "\u83c7\u5abd\u7684\u8179\u808c\u592a\u5438\u5f15\u4eba\u4e86",
            "likeCount": 0
        },
        {
            "reply_id": "Ugz48JX2kzWr4EAggTJ4AaABAg",
            "reply_content": "\u6c38\u9060\u90fd\u9019\u9ebc\u53ef\u611b\u7684\u91d1\u91dd\u83c7",
            "likeCount": 2
        },
        {
            "reply_id": "UgzEAQp6knLA0Rzn4WF4AaABAg",
            "reply_content": "\u6bcf\u500b\u8f49\u89d2\u5f77\u5f7f\u90fd\u662f\u540d\u5834\u666f\u8036",
            "likeCount": 1
        },
        {
            "reply_id": "UgwXJYcLylEcmqlHrBt4AaABAg",
            "reply_content": "\u83c7\u73fe\u5728\u5b8c\u5168\u53f0\u7063\u5634\u4e86\u88ab\u53f0\u7063\u7684\u98df\u7269\u990a\u7684\u5f88\u597d\ud83d\ude02\u5abd\u5abd\u611f\u89ba\u771f\u7684\u5f88\u8208\u596e\u6709\u80fd\u529b\u5e36\u7236\u6bcd\u51fa\u53bb\u73a9\u771f\u7684\u597d\u68d2\ud83e\udd70",
            "likeCount": 0
        },
        {
            "reply_id": "UgxO19gHHxaGxcZL9l54AaABAg",
            "reply_content": "\u91d1\u91dd\u83c7\u8d8a\u4f86\u8d8a\u7d05\u4e86\u54c8\u54c8\u54c8\u8b9a",
            "likeCount": 0
        },
        {
            "reply_id": "Ugw-PMKtCJDPjG-R5HV4AaABAg",
            "reply_content": "\u81fa\u7063\u9910\u9ede\u5728\u6b50\u5dde\u90a3\u61c9\u8a72\u66f4\u8cb4\uff0c\u61c9\u8a72\u95dc\u7a05\u4e5f\u662f\u6709\u5dee\u5225",
            "likeCount": 0
        },
        {
            "reply_id": "Ugz2cGZhdQhNK04w6m94AaABAg",
            "reply_content": "\u53f0\u7063\u7684\u6cb3\u9023\u5929\u9d5d\u90fd\u5acc\u68c4",
            "likeCount": 0
        },
        {
            "reply_id": "UgzYxhX8N33rXE4mk5t4AaABAg",
            "reply_content": "\u91d1\u91dd\u83c7\u8ddf\u83c7\u5abd\u5169\u4eba\u8eab\u6750\u90fd\u597d\u597d\u5594",
            "likeCount": 0
        }
    ]
}