{
    "video_info": {
        "id": "qVjp37xLkoE",
        "channelTitle": "\u97d3\u52fe\u311f\u91d1\u91dd\u83c7 \ucc10\uca50\uafb8",
        "title": "\u6700\u8fd1\u6d41\u884c\u7684\u300c\u7a7f\u642d\u7a7a\u4e2d\u62cd\u651d\u6cd5\u300d\u4f60\u8a66\u904e\u55ce\uff1f",
        "description": "",
        "likeCount": "22856",
        "commentCount": "310",
        "viewCount": "1032803"
    },
    "comments": [
        {
            "reply_id": "UgxL5Gt9ysksM5rCE0h4AaABAg",
            "reply_content": "\u90a3\u5929\u6211\u5728\u6a13\u4e0a\u770b\u8457\u59b3\u6d3b\u585e\u904b\u52d5",
            "likeCount": 0
        },
        {
            "reply_id": "UgzSEFdsga8F3iB2l1t4AaABAg",
            "reply_content": "\u8bf7\u95ee\u8fd9\u4e2a\u914d\u4e50\u53eb\u4ec0\u4e48\u540d\u5b57",
            "likeCount": 0
        },
        {
            "reply_id": "UgwBTNOWDpDSQtYWMQh4AaABAg",
            "reply_content": "\u6211\u5e38\u5e38\u5728\u6ed1\u6709\u95dc\u65bc\u7f8e\u7684\u4e8b\u7269\uff0c\u5982\u4eca\u6f14\u7b97\u6cd5\u8b93\u6211\u9047\u898b\u4e86\u4f60",
            "likeCount": 0
        },
        {
            "reply_id": "UgxCZNFtx8i-JIDPr694AaABAg",
            "reply_content": "\u9019\u5730\u65b9\u5728\u842c\u83ef\u9f8d\u5c71\u5bfa\u5ee3\u5dde\u8857\u591c\u5e02\u9644\u8fd1\u8fd1",
            "likeCount": 0
        },
        {
            "reply_id": "UgwOEqDO1FXFo9lnqht4AaABAg",
            "reply_content": "\u6211\u60f3\u8aaa\u9019\u662f\u90a3\u88e1\u4f86\u7684\u6b63\u59b9",
            "likeCount": 0
        },
        {
            "reply_id": "UgwFIx-VJ_jFQC36L6h4AaABAg",
            "reply_content": "\u4ee5\u70ba\u662f\u6574\u5bb9\u524d\u7684\u718a\u5b50\u752f",
            "likeCount": 0
        },
        {
            "reply_id": "UgwoGq5Inv6VOKKc3YJ4AaABAg",
            "reply_content": "\u67e5\u4e0d\u5230\u8036\u8acb\u554f\u9019\u600e\u9ebc\u62cd",
            "likeCount": 1
        },
        {
            "reply_id": "Ugzeo8a09uh3CcB3NKR4AaABAg",
            "reply_content": "\u8cbc\u7247\u662f\u65c1\u908a\u90a3\u9593\u505a\u7684\u55ce",
            "likeCount": 0
        },
        {
            "reply_id": "Ugx1OYH66SrbHQPEaWl4AaABAg",
            "reply_content": "\u9019\u88e1\u9762\u4f4f\u5f88\u591a\u7279\u5225\u7684\u4eba",
            "likeCount": 0
        },
        {
            "reply_id": "Ugw_ikcff_rINFvL9594AaABAg",
            "reply_content": "\u91d1\u91dd\u83c7\u9577\u5f97\u9019\u9ebc\u6f02\u4eae\u5594",
            "likeCount": 0
        },
        {
            "reply_id": "UgzH9B2wjr2kDolEVOJ4AaABAg",
            "reply_content": "\u9019\u5fa9\u53e4\u4ee5\u524d\u5c31\u6709\u9019\u500b\u7a7f\u6cd5\u4e86\uff0c\u53ea\u662f\u6642\u4ee3\u5728\u8f49\u800c\u5df2",
            "likeCount": 0
        },
        {
            "reply_id": "UgyYiRiPWvKPyD-o6Vt4AaABAg",
            "reply_content": "\u8d85\u5e25\u7684\u83ef\u6c5f\u6574\u5b85\u793e\u5340\u7adf\u7136\u4e5f\u88ab\u91d1\u91dd\u83c7\u767c\u73fe\u4e86\ud83d\ude31\u90a3\u662f\u6211\u5011\u62cd\u7167\u7528\u7684\u79d8\u5bc6\u666f\u9ede",
            "likeCount": 398
        },
        {
            "reply_id": "UgyUeYi3WEm4YgZPnPZ4AaABAg",
            "reply_content": "\u53ef\u4ee5\u8a66\u8a66\u7a7a\u4e2d\u812b\u8863\u670d\u62cd\u651d\u6cd5",
            "likeCount": 2
        },
        {
            "reply_id": "UgxZ88Q_NojodzKA1Vx4AaABAg",
            "reply_content": "\u97d3\u570b\u59b9\u5b50\u6c38\u9060\u4e0d\u6703\u8b93\u4eba\u5931\u671b",
            "likeCount": 1
        },
        {
            "reply_id": "Ugzb0E75WCAj4_OQvz94AaABAg",
            "reply_content": "\u5230\u5e95\u597d\u770b\u5728\u54ea\u88e1\u6211\u600e\u9ebc\u770b\u4e0d\u51fa\u4f86",
            "likeCount": 1
        },
        {
            "reply_id": "UgygoFjRi_JGn0NZUS14AaABAg",
            "reply_content": "\u963f\u9928\u8b1b\u9019\u500b\u771f\u7684\u5f88\u91cd\u8981\n\u53ef\u80fd\u5f88\u591a\u4eba\u90fd\u7df4\u904e\u982d\u4e86",
            "likeCount": 0
        },
        {
            "reply_id": "UgzNQ5MKqGIoBRQQNUN4AaABAg",
            "reply_content": "\u5c0f\u6642\u5019\u5728\u9019\u8dd1\u90fd\u6c92\u611f\u89ba\u90a3\u9ebc\u7f8e",
            "likeCount": 0
        }
    ]
}