{
    "video_info": {
        "id": "qVTFpeWIABg",
        "channelTitle": "\u97d3\u52fe\u311f\u91d1\u91dd\u83c7 \ucc10\uca50\uafb8",
        "title": "\u6c7a\u5b9a\u79fb\u5c45\u82b1\u84ee\uff1f\u627e\u53f0\u7063\u623f\u6771\u963f\u59e8\u770b\u623f\u5b50\u4e86\uff01\u5c55\u958b\u65b0\u751f\u6d3b\u2728 ft.\u963f\u7ff0po\u5f71\u7247 \uff5c\u97d3\u52fe\u311f\u91d1\u91dd\u83c7 \ucc10\uca50\uafb8",
        "description": "\u611f\u8b1d\u623f\u6771\u963f\u59e8\u5e36\u6211\u73a9\u9084\u6709\u770b\u623f\u5b50\n\u611b\u4f60\u5594\uff01\u8a02\u95b1han han\u983b\u9053\uff01\nhttps://www.youtube.com/@hanhanpovideo\n\n\u5e0c\u671b\u4f60\u5011\u559c\u6b61\u9019\u90e8\u5f71\u7247\n\u559c\u6b61\u5e6b\u6211\u8a02\u95b1\u6309\u8b9a\u5206\u4eab \u8a18\u5f97\u958b\u555f\u5c0f\u9234\u943a\u6536\u53d6\u65b0\u7247\u901a\u77e5\u5594\uff01\n\n\uff3f\uff3f\uff3f\uff3f\uff3f\uff3f\uff3f\uff3f\uff3f\uff3f\uff3f\uff3f\uff3f\uff3f\uff3f\uff3f\uff3f\uff3f\uff3f\uff3f\uff3f\n\n\u2b50\ufe0f\u91d1\u91dd\u83c7\u7684\u97d3\u570b\u7f8e\u98df\u54c1\u724c\uff1ahttps://www.kimkfoods.com\n\u2b50\ufe0f\u91d1\u5bb6\u311f\u5e03\u5e33\u99ac\u8eca\uff1ahttps://www.facebook.com/groups/2297603990535075/\n\u2b50\ufe0f\u91d1\u91dd\u83c7\u7684\u7c89\u5c08: https://www.facebook.com/Koreajinzhengu/\n\u2b50\ufe0f\u91d1\u91dd\u83c7\u7684IG: https://www.instagram.com/ggu__kim/\n\u2b50\ufe0f\u5408\u4f5c\u9080\u7d04\u8acb\u6d3dPressPlay\uff1ajinyoungkim@pressplay.cc\n\n\uff3f\uff3f\uff3f\uff3f\uff3f\uff3f\uff3f\uff3f\uff3f\uff3f\uff3f\uff3f\uff3f\uff3f\uff3f\uff3f\uff3f\uff3f\uff3f\uff3f\uff3f",
        "likeCount": "11309",
        "commentCount": "345",
        "viewCount": "394597"
    },
    "comments": [
        {
            "reply_id": "UgxCP5s7dVYjRis3exR4AaABAg",
            "reply_content": "\u7389\u91cc\u81ed\u8c46\u8150\u662f\u771f\u7684\u5f88\u597d\u5403",
            "likeCount": 0
        },
        {
            "reply_id": "UgyaYcI2ELOzRc--yh94AaABAg",
            "reply_content": "\u623f\u6771\u963f\u59e8\u7684\u623f\u5b50\u904d\u4f48\u5168\u53f0\u7063\u6240\u4ee5\u8981\u74b0\u5cf6",
            "likeCount": 0
        },
        {
            "reply_id": "UgwtsGSQ_kmRpHraV3V4AaABAg",
            "reply_content": "\u90a3\u623f\u5b50\u548c\u90a3\u7897\u51b0\u770b\u8d77\u4f86\u90fd\u8d85\u8b9a",
            "likeCount": 0
        },
        {
            "reply_id": "UgxTa64ysQ4up-nOVoZ4AaABAg",
            "reply_content": "\u9019\u96c6\u963f\u5b24\u4e0d\u80fd\u770b\u5427\u54c8\u54c8\u54c8",
            "likeCount": 0
        },
        {
            "reply_id": "UgxxlEH8KZdRJ_4Lni14AaABAg",
            "reply_content": "\u4e0a\u6b21\u53bb\u592a\u5e73\u6d0b\u516c\u5712\u6709\u770b\u5230\u623f\u6771\u963f\u59e8\u8ddf\u91d1\u91dd\u83c7\u672c\u4eba\u8036~\u8d85\u958b\u5fc3,\u53ea\u662f\u6015\u6253\u64fe\u4f60\u5011\u5de5\u4f5c\u5c31\u6c92\u6709\u5408\u7167\u4e86",
            "likeCount": 7
        },
        {
            "reply_id": "UgwWcGhmItVRvHwZ73p4AaABAg",
            "reply_content": "\u6703\u4e0d\u6703\u771f\u7684\u4e0d\u77e5\u9053\u963f\u7ff0\u7684\u4eba\u9084\u771f\u7684\u627e\u963f\u7ff0\u8981\u770b\u623f\u4ee5\u70ba\u771f\u7684\u6709\u9019\u4f4d\u623f\u6771\u963f\u59e8\ud83d\ude02",
            "likeCount": 6
        },
        {
            "reply_id": "UgzCmWbbBWdbihcV5Zp4AaABAg",
            "reply_content": "\u9019\u5f71\u7247\u611f\u89ba\u91d1\u91dd\u83c7\u5df2\u7d93\u5b8c\u5168\u878d\u5165\u5728\u5730\u81fa\u7063\u751f\u6d3b\u4e86",
            "likeCount": 5
        },
        {
            "reply_id": "UgxlaBZFI8qLPFlQQMV4AaABAg",
            "reply_content": "\u89ba\u5f97\u963f\u7ff0\u8ddf\u91d1\u91dd\u83c7\u597d\u5339\u914d",
            "likeCount": 5
        },
        {
            "reply_id": "UgzU2hSIbVV8sHSxRrp4AaABAg",
            "reply_content": "\u963f\u701a\u88dd\u623f\u6771\u963f\u59e8\u597d\u53ef\u611b",
            "likeCount": 4
        },
        {
            "reply_id": "Ugy7tVwM-FMSCIPRzYt4AaABAg",
            "reply_content": "\u54c8\u54c8\u963f\u73e0\u5abd\u597d\u50cf\u771f\u7684\u8d8a\u4f86\u8d8a\u5e78\u798f\u7684\u8d8a\u4f86\u8d8a\u767c\u798f\u7684\u611f\u89ba\ud83d\ude02",
            "likeCount": 3
        },
        {
            "reply_id": "UgwRDb8rjxA1nusOP2V4AaABAg",
            "reply_content": "\u963f\u59e8\u8ddf\u91d1\u91dd\u83c7\u90fd\u592a\u53ef\u611b\u4e86",
            "likeCount": 3
        },
        {
            "reply_id": "UgwINSgjC0_qklxEzhp4AaABAg",
            "reply_content": "\u9019\u5169\u4f4d\u4e00\u642d\u4e00\u5531\u8d85\u597d\u7b11",
            "likeCount": 2
        },
        {
            "reply_id": "UgzMnzz22s2ys0vZ-iV4AaABAg",
            "reply_content": "\u6211\u597d\u5e0c\u671b\u91d1\u9488\u83c7\u53ef\u4ee5\u6765\u9a6c\u6765\u897f\u4e9a\u54e6",
            "likeCount": 1
        },
        {
            "reply_id": "UgySUpK-MnD6_jOZXRF4AaABAg",
            "reply_content": "\u9019\u6b21\u5408\u4f5c\u5f71\u7247\u5f88\u68d2\u5169\u4eba\u4e92\u52d5\u5f88\u81ea\u7136\u963f\ue379\u5916\u8a9e\u8b1b\u5f97\u5f88\u597d\u53c8\u89aa\u5207\u4e5f\u611f\u8b1d\u963f\u83c7\u5206\u4eab",
            "likeCount": 100
        },
        {
            "reply_id": "UgzAFyu-ueElMTjhc4d4AaABAg",
            "reply_content": "\u5169\u500b\u4eba\u4e92\u52d5\u8d85\u53ef\u611b\u6709\u8da3",
            "likeCount": 12
        },
        {
            "reply_id": "UgwbOkKoeDa7eERN7Sl4AaABAg",
            "reply_content": "\u91d1\u91dd\u83c7\u53c8\u8b8a\u5f97\u66f4\u6f02\u4eae\u4e86",
            "likeCount": 8
        },
        {
            "reply_id": "Ugz3OzYIho6FFxe-Xdh4AaABAg",
            "reply_content": "\u623f\u6771\u963f\u59e8\u5230\u91d1\u91dd\u83c7\u7684\u983b\u9053\u8b8a\u5f97\u597d\u611b\u958b\u9ec3\u8154",
            "likeCount": 3
        },
        {
            "reply_id": "UgxulfEHuwOYVuEvovZ4AaABAg",
            "reply_content": "\u9019\u9593\u623f\u5b50\u597d\u50cf\u662f\u5927\u611b\u96fb\u8996\u53f0\u5e38\u62cd\u7247\u7684\u623f\u5b50",
            "likeCount": 2
        },
        {
            "reply_id": "UgzHaHuAlU7-DPDP95R4AaABAg",
            "reply_content": "\u82b1\u84ee\u5730\u9707\u5f37\u6211\u6015\u5fc3\u81df\u53d7\u4e0d\u4e86",
            "likeCount": 2
        },
        {
            "reply_id": "Ugwyn5ozFiuyVfyIjO94AaABAg",
            "reply_content": "\u9806\u4fbf\u627e\u500b\u539f\u4f4f\u6c11\u8001\u516c.\u4e00\u8d77\u7d93\u71df\u97d3\u570b\u5403\u6216\u7528\u7684\u6771\u897f",
            "likeCount": 1
        }
    ]
}