{
    "video_info": {
        "id": "R4nEGry-ny4",
        "channelTitle": "\u97d3\u52fe\u311f\u91d1\u91dd\u83c7 \ucc10\uca50\uafb8",
        "title": "\u97d3\u570b\u660e\u661f\u7adf\u7136\u4f86\u53f0\u5403\u300c\u9019\u4e9b\u300d\uff1f\u4f86\u4e86\u5c31\u8981\u591a\u9ad4\u9a57\u53f0\u7063\u5728\u5730\u7f8e\u98df\u5566\ud83c\uddf9\ud83c\uddfcIU\u30012PM\u3001Gidle...\ud83d\udd25\uff5c\u97d3\u52fe\u311f\u91d1\u91dd\u83c7 \ucc10\uca50\uafb8",
        "description": "#\u97d3\u570b\u660e\u661f #\u97d3\u570b\u611b\u8c46 \n\u90fd\u4f86\u53f0\u7063\u5403\u54ea\u4e9b\uff1f\uff1f\u6211\u4f86\u4ecb\u7d39\u7d66\u5927\u5bb6\uff5e\uff5e\n\n\u5f71\u7247\u88e1\u63d0\u5230\u7684\u5a01\u5fb7\u96d9\u9175\u76ca\u751f\u83cc\n\u83c7\u7c89\u9650\u6642\u5c08\u5c6c\u512a\u60e0\uff01\u2764\ufe0f\n\u8981\u9ede\u9019\u500b\u9023\u7d50\u624d\u6709\uff5e\n\u83c7https://bit.ly/3OLOwOT\n(\u9700\u4e0b\u8f09\u5168\u5bb6APP\u5537!)\n\u512a\u60e0\u53ea\u5230~9/2 7\u5929\u5537\uff01\n\n  #\u5168\u5bb6\u4fbf\u5229\u5546\u5e97#\u5a01\u5fb7WEIDER#\u5a01\u5fb7\u96d9\u9175\u76ca\u751f\u83cc\n\n\u5e0c\u671b\u4f60\u5011\u559c\u6b61\u9019\u90e8\u5f71\u7247\n\u559c\u6b61\u5e6b\u6211\u8a02\u95b1\u6309\u8b9a\u5206\u4eab \u8a18\u5f97\u958b\u555f\u5c0f\u9234\u943a\u6536\u53d6\u65b0\u7247\u901a\u77e5\u5594\uff01\n\n\uff3f\uff3f\uff3f\uff3f\uff3f\uff3f\uff3f\uff3f\uff3f\uff3f\uff3f\uff3f\uff3f\uff3f\uff3f\uff3f\uff3f\uff3f\uff3f\uff3f\uff3f\n\n\u2b50\ufe0f\u91d1\u91dd\u83c7\u7684\u97d3\u570b\u7f8e\u98df\u54c1\u724c\uff1ahttps://www.kimkfoods.com\n\u2b50\ufe0f\u91d1\u5bb6\u311f\u5e03\u5e33\u99ac\u8eca\uff1ahttps://www.facebook.com/groups/2297603990535075/\n\u2b50\ufe0f\u91d1\u91dd\u83c7\u7684\u7c89\u5c08: https://www.facebook.com/Koreajinzhengu/\n\u2b50\ufe0f\u91d1\u91dd\u83c7\u7684IG: https://www.instagram.com/ggu__kim/\n\u2b50\ufe0f\u5408\u4f5c\u9080\u7d04\u8acb\u6d3dPressPlay\uff1ajinyoungkim@pressplay.cc\n\n\uff3f\uff3f\uff3f\uff3f\uff3f\uff3f\uff3f\uff3f\uff3f\uff3f\uff3f\uff3f\uff3f\uff3f\uff3f\uff3f\uff3f\uff3f\uff3f\uff3f\uff3f",
        "likeCount": "13813",
        "commentCount": "410",
        "viewCount": "644405"
    },
    "comments": [
        {
            "reply_id": "UgyRygXkIO6r_KdwRoB4AaABAg",
            "reply_content": "\u91d1\u91dd\u83c7\u71e6\u721b\u7684\u7b11\u5bb9\u771f\u662f\u8d8a\u4f86\u8d8a\u6f02\u4eae\u4e86",
            "likeCount": 14
        },
        {
            "reply_id": "UgwPAuBvyzeX1a1LG8R4AaABAg",
            "reply_content": "\u90a3\u6709\u6c92\u6709\u59cb\u6e90\u6d3e\uff1f\u611b\u5403\u5230\u63d0\u65e9\u4e00\u5929\u98db\u4f86\u53f0\u7063\u5403\u9f0e\u738b",
            "likeCount": 3
        },
        {
            "reply_id": "UgykfKQeb3U1SlQnqyV4AaABAg",
            "reply_content": "\u6211\u53bb\u5403\u9f0e\u65fa\u90fd\u662f\u70ba\u4e86\u96de\u8173",
            "likeCount": 1
        },
        {
            "reply_id": "Ugxm5izqzqvpS3riMCN4AaABAg",
            "reply_content": "\u770b\u5230\u91d1\u91dd\u83c7\u6bd4\u4e09\u7684\u65b9\u5f0f\u5c31\u77e5\u9053\u91dd\u83c7\u5f88\u878d\u5165\u53f0\u7063\u4e86\ud83d\ude06",
            "likeCount": 0
        },
        {
            "reply_id": "UgxwxOy1zKWKkXzYGCV4AaABAg",
            "reply_content": "\u963f\u5b97\u53ea\u662f\u540d\u6c23\u5927\u800c\u5df2 \u5176\u5be6\u662f\u53f0\u7063\u6240\u6709\u9eb5\u7dda\u4e2d\u5403\u8d77\u4f86\u6700\u666e\u901a\u5e73\u6de1\u7684",
            "likeCount": 0
        },
        {
            "reply_id": "Ugx7-rkvyKV-mcUB1lp4AaABAg",
            "reply_content": "\u53f0\u7063\u662f\u5f88\u597d\u7684\u570b\u5bb6\uff0c\u4e5f\u53ef\u4ee5\u8aaa\u662f\u7f8e\u98df\u5f88\u597d\u5403\u7684\u4e00\u500b\u570b\u5bb6",
            "likeCount": 17
        },
        {
            "reply_id": "UgxCW0hJysCiPJ2kfVZ4AaABAg",
            "reply_content": "\u611f\u89ba\u91d1\u91dd\u83c7\u8b1b\u8a71\u8d8a\u4f86\u8d8a\u6c92\u6709\u5916\u570b\u53e3\u97f3\u4e86",
            "likeCount": 1
        },
        {
            "reply_id": "Ugx81Qiaw8dALqZSaL14AaABAg",
            "reply_content": "\u6709\u863f\u8514\u7d72\u53e3\u5473\u7684\u8eca\u8f2a\u9905\u4e5f\u5f88\u597d\u5403",
            "likeCount": 1
        },
        {
            "reply_id": "Ugw3YkL7pu8ypN08BQJ4AaABAg",
            "reply_content": "\u597d\u5947\u9f0e\u6cf0\u8c50\u540c\u884c\u7684\u53f0\u7063\u59b9\uff0c\u611f\u89ba\u5f88\u50cf\u9177\u7684\u6bdb\u59b9",
            "likeCount": 0
        },
        {
            "reply_id": "UgwQMY3Mx1xNOSRYp5l4AaABAg",
            "reply_content": "\u5c0f\u7c60\u6e6f\u5305\u6211\u4e5f\u90fd\u76f4\u63a5\u5403\uff0c\u6e6f\u6d41\u5149\u5149\u5c31\u4e0d\u662f\u6e6f\u5305\u4e86",
            "likeCount": 0
        },
        {
            "reply_id": "Ugwv8Lr7R7zbE3yrN6p4AaABAg",
            "reply_content": "\u963f\u5b97\u9eb5\u7dda\u771f\u7684\u5b8c\u5168\u4e0d\u4e86\u89e3\uff0c\u5176\u4ed6\u597d\u5403\u7684\u771f\u7684\u5f88\u591a",
            "likeCount": 0
        },
        {
            "reply_id": "UgzZfwIQ5YDMvoiMRMx4AaABAg",
            "reply_content": "\u53f0\u7063\u6709\u5f88\u591a\u7684\u9910\u5ef3\u548c\u7f8e\u98df \u5225\u8001\u662f\u5403\u8d85\u8cb4\u7684\u9f0e\u6cf0\u8c50",
            "likeCount": 0
        },
        {
            "reply_id": "UgxNShfb9abvulkXEVp4AaABAg",
            "reply_content": "\u6211\u8d85\u611b\u863f\u8514\u7d72\u8eca\u8f2a\u9905\u4f46\u4e0d\u5403\u83dc\u5703\u53e3\u5473\u7684\u6d3e\u7cfb\ud83e\udd23",
            "likeCount": 0
        },
        {
            "reply_id": "UgyOLWJ6Er2khUWqMTN4AaABAg",
            "reply_content": "\u8eca\u8f2a\u9905\u53bb\u627e\u6709\u8ce3\u863f\u8514\u7d72\u53e3\u5473\u7684\uff0c\u59b3\u6703\u559c\u6b61\u4e0a\u7684",
            "likeCount": 0
        },
        {
            "reply_id": "Ugwv8qqbfvHvAq6EWQx4AaABAg",
            "reply_content": "\u83dc\u812f\u7c73\u9e79\u7684\u8eca\u8f2a\u9905\u624d\u662f\u53f0\u7063\u4eba\u5c0f\u6642\u5019\u7684\u56de\u61b6\u554a",
            "likeCount": 10
        },
        {
            "reply_id": "UgyJcmDAFupQ6fIBkpZ4AaABAg",
            "reply_content": "\u5ee3\u544a\u90a3\u6bb5\u7684\u599d\u626e\u4e5f\u592a\u9069\u5408\u59b3\u4e86",
            "likeCount": 0
        },
        {
            "reply_id": "Ugx2crQYEBnksDM3U0Z4AaABAg",
            "reply_content": "\u9019\u4e9b\u5783\u573e\u98df\u7269\u90fd\u662f\u9a19\u89c0\u5149\u5ba2\u800c\u5df2",
            "likeCount": 0
        },
        {
            "reply_id": "UgxkJddFH_KvR6EKgel4AaABAg",
            "reply_content": "\u9019\u7a2e\u96de\u8173\u61c9\u8a72\u662f\u95b9\u96de\u7684\u811a",
            "likeCount": 0
        },
        {
            "reply_id": "UgyO2lIyrz8ZAxNVI5x4AaABAg",
            "reply_content": "\u6211\u6700\u559c\u6b61\u82b1\u751f\u8eca\u8f2a\u9905\u548c\u83dc\u812f\u8eca\u8f2a\u9905",
            "likeCount": 0
        },
        {
            "reply_id": "UgwTXWLRKZUcfBvTxDN4AaABAg",
            "reply_content": "\u6211\u60f3\u5230\u83c7\u59ca\u4f46\u9084\u662f\u91dd\u83c7\u6bd4\u8f03\u597d\u770b",
            "likeCount": 0
        }
    ]
}