{
    "video_info": {
        "id": "sq5egIN-zyM",
        "channelTitle": "\u97d3\u52fe\u311f\u91d1\u91dd\u83c7 \ucc10\uca50\uafb8",
        "title": "\u9053\u5730\u97d3\u570b\u4eba\u5728\u53f0\u7063\u516b\u5e74\u6703\u8b8a\u600e\u9ebc\u6a23\u5462\uff1f\u516b\u5e74\u5f8c\u7684\u300c\u516b\u5927\u5dee\u7570\u300d\u5927\u516c\u958b\ud83c\udf1f\ud83d\udd25\uff5c\u97d3\u52fe\u311f\u91d1\u91dd\u83c7 \ucc10\uca50\uafb8",
        "description": "#\u53f0\u5316\u4e86 #\u91d1\u91dd\u83c7 #\u8b1d\u8b1d\u5927\u5bb6\u559c\u6b61\u6211\u7684\u5f71\u7247\n\u5e0c\u671b\u4f60\u5011\u559c\u6b61\u9019\u90e8\u5f71\u7247\n\u559c\u6b61\u5e6b\u6211\u8a02\u95b1\u6309\u8b9a\u5206\u4eab \u8a18\u5f97\u958b\u555f\u5c0f\u9234\u943a\u6536\u53d6\u65b0\u7247\u901a\u77e5\u5594\uff01\n\n\uff3f\uff3f\uff3f\uff3f\uff3f\uff3f\uff3f\uff3f\uff3f\uff3f\uff3f\uff3f\uff3f\uff3f\uff3f\uff3f\uff3f\uff3f\uff3f\uff3f\uff3f\n\n\u2b50\ufe0f\u91d1\u91dd\u83c7\u7684\u97d3\u570b\u7f8e\u98df\u54c1\u724c\uff1ahttps://www.kimkfoods.com\n\u2b50\ufe0f\u91d1\u5bb6\u311f\u5e03\u5e33\u99ac\u8eca\uff1ahttps://www.facebook.com/groups/2297603990535075/\n\u2b50\ufe0f\u91d1\u91dd\u83c7\u7684\u7c89\u5c08: https://www.facebook.com/Koreajinzhengu/\n\u2b50\ufe0f\u91d1\u91dd\u83c7\u7684IG: https://www.instagram.com/ggu__kim/\n\u2b50\ufe0f\u5408\u4f5c\u9080\u7d04\u8acb\u6d3dPressPlay\uff1ajinyoungkim@pressplay.cc\n\n\uff3f\uff3f\uff3f\uff3f\uff3f\uff3f\uff3f\uff3f\uff3f\uff3f\uff3f\uff3f\uff3f\uff3f\uff3f\uff3f\uff3f\uff3f\uff3f\uff3f\uff3f",
        "likeCount": "13353",
        "commentCount": "604",
        "viewCount": "512610"
    },
    "comments": [
        {
            "reply_id": "UgzsBpVrDaiBEufLf8Z4AaABAg",
            "reply_content": "\u8d95\u5feb\u627e\u500b\u512a\u8cea\u53f0\u7063\u4eba\u5ac1\u4e86,\u90a3\u5c31\u8ddf\u53f0\u95dc\u4fc2\u66f4\u7dca\u5bc6\u4e86",
            "likeCount": 0
        },
        {
            "reply_id": "UgxlMhytvsAi-2bNrw94AaABAg",
            "reply_content": "\u5f8c\u9762\u7684\u5927\u982d\u8d85\u7d1a\u53ef\u611b\u7684",
            "likeCount": 0
        },
        {
            "reply_id": "UgyunLlPXNO0qPbhdO54AaABAg",
            "reply_content": "\u597d\u559c\u6b61\u59b3\u80fd\u7576\u53f0\u7063\u5ab3\u5a66\u5594",
            "likeCount": 0
        },
        {
            "reply_id": "Ugz7CnTtsB6vNHKygep4AaABAg",
            "reply_content": "\u5f88\u559c\u6b61\u91d1\u91dd\u83c7\u7684\u983b\u9053\u548c\u7522\u54c1",
            "likeCount": 0
        },
        {
            "reply_id": "UgwyN4U_G9U12b1-BX14AaABAg",
            "reply_content": "\u88ab\u53f0\u7063\u7f8e\u98df\u837c\u6bd2\u7684\u5f8c\u679c",
            "likeCount": 0
        },
        {
            "reply_id": "UgyVXJBC48fmf3-D77l4AaABAg",
            "reply_content": "\u6211\u89ba\u5f97\u5f9e\u6c23\u8cea\u83c7\u8b8a\u6d3b\u6f51\u83c7",
            "likeCount": 0
        },
        {
            "reply_id": "UgxfB1MgPuBj4fDCdVN4AaABAg",
            "reply_content": "\u5728\u53f0\u7063\u6c92\u6709\u96d9\u4e0b\u5df4\u4ee3\u8868\u53f0\u7063\u98df\u7269\u6c92\u6709\u8b93\u4f60\u559c\u6b61",
            "likeCount": 0
        },
        {
            "reply_id": "UgxreyAJCH-odPnJwQB4AaABAg",
            "reply_content": "\u73fe\u5728\u624d\u77e5\u9053\u5168\u5bb6\u7684\u91d1\u5bb6\u98ef\u7cf0\u662f\u91d1\u91dd\u83c7\u548c\u5168\u5bb6\u806f\u540d\u7684.",
            "likeCount": 0
        },
        {
            "reply_id": "UgzK4nFWJbiT5geVtRV4AaABAg",
            "reply_content": "\u597d\u559c\u6b61\u4f60\u7684\u7b11\u5bb9\u6c38\u9060\u4e0d\u505a\u4f5c\u53c8\u5f88\u967d\u5149\uff0c\u5e0c\u671b\u4f60\u53ef\u4ee5\u5728\u53f0\u7063\u767c\u5c55\u7684\u5f88\u597d",
            "likeCount": 7
        },
        {
            "reply_id": "UgzhJfkdZXNzg_tPXjd4AaABAg",
            "reply_content": "\u671f\u5f85\u91d1\u91dd\u83c7\u6210\u70ba\u81fa\u7063\u4eba\u4e00\u4efd\u5b50\uff0c\u62ff\u5230\u81fa\u7063\u8eab\u4efd\u8b49",
            "likeCount": 0
        },
        {
            "reply_id": "UgyT1wCOc3xvOZZxXYJ4AaABAg",
            "reply_content": "\u6211\u60f3\u554f\u56e0\u70ba\u97d3\u570b\u7684\u7b77\u5b50\u8ddf\u53f0\u7063\u4e0d\u4e00\u6a23\uff0c\u90a3\u525b\u4f86\u53f0\u7063\u7684\u6642\u5019\u6709\u6c92\u6709\u5687\u5230",
            "likeCount": 0
        },
        {
            "reply_id": "UgyTKtUB0CUkssGhQCV4AaABAg",
            "reply_content": "\u5f88\u60f3\u77e5\u9053\u91d1\u91dd\u83c7\u90fd\u7528\u90a3\u4e9b\u5316\u599d\u54c1\uff0c\u9019\u6b21\u62cd\u7684\u5f71\u7247\u599d\u611f\u5f88\u7f8e",
            "likeCount": 0
        },
        {
            "reply_id": "UgzJN9TEj6yfM3obyaZ4AaABAg",
            "reply_content": "\u59b3\u7d93\u5feb\u5f9e\u91d1\u91dd\u83c7\u9032\u5316\u6210\u674f\u9b91\u83c7\u4e86",
            "likeCount": 0
        },
        {
            "reply_id": "UgxSfwI_XOoCtklKONV4AaABAg",
            "reply_content": "\u73fe\u5728\u6bd4\u8f03\u80a5\u7f8e\u6bd4\u8f03\u6f02\u4eae",
            "likeCount": 0
        },
        {
            "reply_id": "UgxEQdjMkqx92GdzkJR4AaABAg",
            "reply_content": "\u5f9e\u5b78\u6821\u5bbf\u820d\u642c\u5230\u5c0f\u9ec3\u5c4b\u90a3\u96c6\u958b\u59cb\u8ffd\u8e64\u91d1\u73cd\u83c7\ud83d\ude06",
            "likeCount": 0
        },
        {
            "reply_id": "UgwtyWHfcpQUJ4rZfCx4AaABAg",
            "reply_content": "\u56e0\u70ba\u559c\u6b61\u91d1\u91dd\u83c7\u98ef\u7cf0\u6211\u4e00\u5b9a\u5403\u7206",
            "likeCount": 0
        },
        {
            "reply_id": "Ugzd2ZgNcaT3JDrc0Ep4AaABAg",
            "reply_content": "\u73fe\u5728\u9019\u5f71\u7247\u597d\u50cf\u9031\u5e74\u7d00\u5ff5\u4e00\u6a23\ud83d\ude02\u6bcf\u9694\u5e7e\u5e74\u5c31\u51fa\u73fe",
            "likeCount": 3
        },
        {
            "reply_id": "Ugy7T5ghJ0gQQpEX5DB4AaABAg",
            "reply_content": "\u6211\u8a18\u5f97\u770b\u91d1\u91dd\u83c7\u7684\u7b2c\u4e00\u500b\u5f71\u7247\u597d\u50cf\u662f\u91e3\u8766\u7684",
            "likeCount": 2
        },
        {
            "reply_id": "UgwbRmaSSZVpGuBwhQt4AaABAg",
            "reply_content": "\u4e0d\u77e5\u9053\u70ba\u4ec0\u9ebc \u53cd\u6b63\u5c31\u80fd\u611f\u89ba\u5230\u4f60\u5167\u5728\u7684\u559c\u6085",
            "likeCount": 2
        },
        {
            "reply_id": "UgzdfYNkmaUKRvvSfeR4AaABAg",
            "reply_content": "\u771f\u6b63\u7684\u53f0\u7063\u4eba\u662f\u5403\u4e0d\u80d6\u7684",
            "likeCount": 1
        }
    ]
}