{
    "video_info": {
        "id": "UVhuaganorE",
        "channelTitle": "\u97d3\u52fe\u311f\u91d1\u91dd\u83c7 \ucc10\uca50\uafb8",
        "title": "\u91d1\u5bb6\u311f\u5927\u98ef\u7cf0\u8cb7\u4e94\u9001\u4e09\u2049\ufe0f\u2049\ufe0f\u2049\ufe0f\ud83c\udf597/1\u55ae\u65e5\u512a\u60e0\u6d3b\u52d5\uff01\u5728\u5168\u5bb6\u4fbf\u5229\u5546\u5e97APP\u4e0a\u96a8\u8cb7\u8de8\u5e97\u53d6\u8cfc\u8cb7\u91d1\u5bb6\u311f\u5927\u98ef\u7cf0\u5168\u7cfb\u5217\u8cb7\u4e94\u9001\u4e09(\u4efb\u9078)\u5594\uff01\uff01\uff01",
        "description": "",
        "likeCount": "1656",
        "commentCount": "33",
        "viewCount": "79960"
    },
    "comments": []
}