{
    "video_info": {
        "id": "WQynABICllk",
        "channelTitle": "\u97d3\u52fe\u311f\u91d1\u91dd\u83c7 \ucc10\uca50\uafb8",
        "title": "\u97d3\u570b\u963f\u5b24\u5011\u518d\u5ea6\u4f86\u53f0\u7063\u5566\ud83d\udd25\u76f4\u63a5\u7aef\u51fa\u5169\u7bb1\u8292\u679c \u5979\u5011\u958b\u5fc3\u5230\u4e0d\u884c\ud83e\udd23\ud83c\uddf9\ud83c\uddfc\uff5c\u97d3\u52fe\u311f\u91d1\u91dd\u83c7 \ucc10\uca50\uafb8",
        "description": "#\u97d3\u570b\u963f\u5b24\u4f86\u53f0\u7063\u54e9 #\u53f0\u7063\u65c5\u904a #\u8292\u679c\u5403\u5230\u98fd\n\n\u5e0c\u671b\u4f60\u5011\u559c\u6b61\u9019\u90e8\u5f71\u7247\n\u559c\u6b61\u5e6b\u6211\u8a02\u95b1\u6309\u8b9a\u5206\u4eab \u8a18\u5f97\u958b\u555f\u5c0f\u9234\u943a\u6536\u53d6\u65b0\u7247\u901a\u77e5\u5594\uff01\n\n\uff3f\uff3f\uff3f\uff3f\uff3f\uff3f\uff3f\uff3f\uff3f\uff3f\uff3f\uff3f\uff3f\uff3f\uff3f\uff3f\uff3f\uff3f\uff3f\uff3f\uff3f\n\n\u2b50\ufe0f\u91d1\u91dd\u83c7\u7684\u97d3\u570b\u7f8e\u98df\u54c1\u724c\uff1ahttps://www.kimkfoods.com\n\u2b50\ufe0f\u91d1\u5bb6\u311f\u5e03\u5e33\u99ac\u8eca\uff1ahttps://www.facebook.com/groups/2297603990535075/\n\u2b50\ufe0f\u91d1\u91dd\u83c7\u7684\u7c89\u5c08: https://www.facebook.com/Koreajinzhengu/\n\u2b50\ufe0f\u91d1\u91dd\u83c7\u7684IG: https://www.instagram.com/ggu__kim/\n\u2b50\ufe0f\u5408\u4f5c\u9080\u7d04\u8acb\u6d3dPressPlay\uff1ajinyoungkim@pressplay.cc\n\n\uff3f\uff3f\uff3f\uff3f\uff3f\uff3f\uff3f\uff3f\uff3f\uff3f\uff3f\uff3f\uff3f\uff3f\uff3f\uff3f\uff3f\uff3f\uff3f\uff3f\uff3f",
        "likeCount": "32047",
        "commentCount": "1025",
        "viewCount": "1201707"
    },
    "comments": [
        {
            "reply_id": "Ugycg4g99P96kONdh4l4AaABAg",
            "reply_content": "\u91d1\u91dd\u83c7\u548c\u5abd\u5abd\u4e00\u6a23\u6f02\u4eae",
            "likeCount": 2
        },
        {
            "reply_id": "UgwERqky3DAUCocaFcp4AaABAg",
            "reply_content": "\u9019\u63a8\u85a6\u7684\u9910\u5ef3\u770b\u8d77\u4f86\u4e5f\u592a\u597d\u5403\u4e86 \u9023\u6211\u4e0d\u5403\u7d20\u7684\u90fd\u60f3\u53bb\u5403\u4e86",
            "likeCount": 2
        },
        {
            "reply_id": "UgydUeG4voXlFbiEE8J4AaABAg",
            "reply_content": "\u7576\u521d\u5976\u5976\u5011\u5728\u53f0\u5357\u5403\u8292\u679c\u9084\u8a18\u61b6\u7336\u65b0",
            "likeCount": 2
        },
        {
            "reply_id": "UgxAlfgXP5LPlsReoTp4AaABAg",
            "reply_content": "\u83c7\u5f1f\u7684\u4e2d\u6587\u6a19\u6e96\u5230\u6211\u4ee5\u70ba\u662f\u53f0\u7063\u4eba\u8036\uff01\u597d\u53b2\u5bb3\u54e6",
            "likeCount": 1
        },
        {
            "reply_id": "UgxDqzldIK3siMTh_VZ4AaABAg",
            "reply_content": "\u4e00\u9583\u800c\u904e\u7684\u91d1\u5927\u982d\u597d\u4e56\u5594\uff0c\u5c45\u7136\u4e0d\u6703\u6015\u964c\u751f\u4eba",
            "likeCount": 0
        },
        {
            "reply_id": "UgwNR3QWczqBy3370hJ4AaABAg",
            "reply_content": "\u7d20\u98df\u771f\u7684\u662f\u8981\u5403\u539f\u578b\u98df\u7269\n\u975e\u539f\u578b\u98df\u7269\u7684\u7d20\u98df\u5403\u80d6\u4e5f\u5c31\u7b97\u4e86\n\u5403\u4e86\u4e00\u5927\u5806\u79d1\u6280\u72e0\u6d3b\u90a3\u5c31\u771f\u7684\u5f97\u4e0d\u511f\u5931",
            "likeCount": 0
        },
        {
            "reply_id": "UgxYCtbWaJAsJHwK4xZ4AaABAg",
            "reply_content": "\u53f0\u7063\u852c\u98df\u5f9e\u4e8c\u5341\u591a\u5e74\u524d\u8b93\u6211\u9019\u500b\u8477\u98df\u8005\u5403\u5230\u767c\u8a93\u4e0d\u518d\u9032\u852c\u98df\u9910\u5ef3\uff0c\u5230\u5341\u5e7e\u5e74\u524d\u771f\u7684\u6539\u89c0\u3002\u7684\u78ba\u6709\u9032\u6b65",
            "likeCount": 2
        },
        {
            "reply_id": "UgyTCpc-VzhxG8g31fl4AaABAg",
            "reply_content": "\u59ca\u59ca\u597d\u50cf\u85dd\u4eba\u54e6\u597d\u6f02\u4eae",
            "likeCount": 2
        },
        {
            "reply_id": "Ugy8lTMpTil6rPlBX4F4AaABAg",
            "reply_content": "\u6211\u53ef\u4ee5\u5403\u8292\u679c\u5403\u5230\u4e0a\u706b",
            "likeCount": 1
        },
        {
            "reply_id": "UgzSrQ6PJjvjnOwsLCx4AaABAg",
            "reply_content": "\u8292\u679c\u5148\u653e\u51b0\u7bb1\u51b7\u85cf\u5f8c\u518d\u5207\u4f86\u5403,\u51b0\u6dbc\u6dbc\u7684\u66f4\u597d\u5403",
            "likeCount": 1
        },
        {
            "reply_id": "UgwMr5Qz8aUeUNIrw-d4AaABAg",
            "reply_content": "\u5a46\u5a46\u5011\u90fd\u597d\u5065\u5eb7\u597d\u6d3b\u6f51",
            "likeCount": 1
        },
        {
            "reply_id": "UgxQwlpQPTqJKZi_BkV4AaABAg",
            "reply_content": "\u59d0\u59d0\u7684\u7259\u9f52\u77ef\u6b63\u4e00\u4e0b\u6703\u66f4\u6f02\u4eae",
            "likeCount": 1
        },
        {
            "reply_id": "Ugyigsq5nHcoimUTwmh4AaABAg",
            "reply_content": "\u963f\u5b24\u770b\u5230\u8292\u679c\u4e7e\u5df2\u7d93\u76e4\u7b97\u597d\u8981\u5e36\u56de\u53bb\u97d3\u570b\u53b2\u5bb3\ud83c\udf89\u83c7\u9084\u662f\u8001\u7684\u8fa3",
            "likeCount": 0
        },
        {
            "reply_id": "UgzcyyuK-RBaUncRIgh4AaABAg",
            "reply_content": "\u53ea\u6709\u6211\u89ba\u5f97\u83c7\u59ca\u5f88\u6f02\u4eae\u55ce",
            "likeCount": 0
        },
        {
            "reply_id": "UgzN1-X9WCXLDuKba854AaABAg",
            "reply_content": "\u83c7\u54e5\u7684\u8072\u97f3\u6703\u8b93\u5c11\u5973\u61f7\u5b55",
            "likeCount": 0
        },
        {
            "reply_id": "UgyDFM6sZC6yL-goSe54AaABAg",
            "reply_content": "\u6700\u4f73\u7684\u53f0\u7063\u99d0\u97d3\u570b\u53cb\u8abc\u5927\u4f7f",
            "likeCount": 0
        },
        {
            "reply_id": "UgzcpL8EMf5aCCbhXth4AaABAg",
            "reply_content": "\u53ef\u4ee5\u518d\u5e36\u963f\u5b24\u8ddf\u5bb6\u4eba\u4f86\u53f0\u5357\u7389\u4e95\u6311\u8292\u679c\u8ddf\u5403\u5802\u59d0\u559c\u6b61\u7684\u8292\u679c\u51b0\u5594\u3002",
            "likeCount": 0
        },
        {
            "reply_id": "UgwP1WCubf4Q9q1x-Qp4AaABAg",
            "reply_content": "\u597d\u60f3\u770b\u83c7\u54e5\u83c7\u5f1f\u7684\u5168\u8c8c\u5594",
            "likeCount": 0
        },
        {
            "reply_id": "UgyqjM4IWY_7x9URYop4AaABAg",
            "reply_content": "\u5f1f\u5f1f\u8b1b\u7684\u53f0\u7063\u570b\u8a9e\u5f88\u6a19\u6e96",
            "likeCount": 1
        },
        {
            "reply_id": "UgwMNKBc2fdIB2uU5QJ4AaABAg",
            "reply_content": "\u5f1f\u5f1f\u7684\u53e3\u97f3\u771f\u7684\u597d\u53f0\u7063\u9846\u9846",
            "likeCount": 1
        }
    ]
}