{
    "video_info": {
        "id": "z78--zGJ2Fk",
        "channelTitle": "\u97d3\u52fe\u311f\u91d1\u91dd\u83c7 \ucc10\uca50\uafb8",
        "title": "\u91d1\u91dd\u83c7 X KlassiC.\u806f\u540d\u773c\u93e1/\u58a8\u93e1\u516c\u958b\ud83d\udd25",
        "description": "",
        "likeCount": "3699",
        "commentCount": "69",
        "viewCount": "117238"
    },
    "comments": [
        {
            "reply_id": "Ugw0Ck9QVeALfkKGccd4AaABAg",
            "reply_content": "\u6234\u4e0a\u58a8\u93e1\u7684\u91d1\u91dd\u83c7\u8d85\u7d1a\u50cf\u8de9\u59d0\u7684",
            "likeCount": 1
        }
    ]
}