{
    "channel": {
        "title": "\u97d3\u52fe\u311f\u91d1\u91dd\u83c7 \ucc10\uca50\uafb8",
        "id": "UCvcZO0cvDT3rzKtfakL3R5Q",
        "customUrl": "@ggukim",
        "uploads": "UUvcZO0cvDT3rzKtfakL3R5Q"
    },
    "videos": [
        {
            "id": "iS8VEKvue8w",
            "title": "\u97d3\u570b\u660e\u661f10CM\u4e00\u4e0b\u98db\u6a5f\u5c31\u5e36\u4ed6\u9ad4\u9a57\u53f0\u7063\u9152\u5bb6\u83dc+\u90a3\u5361\u897f\u6587\u5316\ud83d\udd25\uff1a\u592a\u4e0d\u771f\u5be6\uff5c\u97d3\u52fe\u311f\u91d1\u91dd\u83c7 \ucc10\uca50\uafb8"
        },
        {
            "id": "jGb2GA4O_xU",
            "title": "\u5317\u97d3\u98df\u7269\ud83c\uddf0\ud83c\uddf5\u597d\u5403\u55ce\uff1f\u771f\u3002\u5317\u97d3\u9910\u5ef3\u521d\u9ad4\u9a57\uff01\u6015\u6015\u7684\u4e0d\u6562\u8ddf\u8001\u95c6\u8b1b\u8a71XDD\uff5c\u97d3\u52fe\u311f\u91d1\u91dd\u83c7 \ucc10\uca50\uafb8"
        },
        {
            "id": "n2PdTnhFFV4",
            "title": "\u897f\u73ed\u7259\u6211\u5011\u4f86\u4e86\ud83c\uddea\ud83c\uddf8\uff01\u5df4\u585e\u9686\u90a34\u59293\u591c\u7f8e\u98df\u904a \u767e\u5e74\u5fc5\u53bb\u5409\u62ff\u68d2/\u8056\u5bb6\u5802/\u7c73\u62c9\u4e4b\u5bb6/\u767e\u5e74\u5e02\u5834La Boqueria/\u6d77\u9bae\u71c9\u98ef \u897f\u73ed\u7259\u5be6\u5728\u592a\u597d\u73a9\u4e86\uff01\uff01\ud83d\udd25\u516c\u958b\u548cPazzo\u7684\u806f\u540d\uff5c\u97d3\u52fe\u311f\u91d1\u91dd\u83c7 \ucc10\uca50\uafb8"
        },
        {
            "id": "E1ixOimvCzY",
            "title": "\u9ad8CP\u503c\u53c8\u597d\u5403\ud83d\udd25\u65b0\u52a0\u576110\u7a2e\u300c\u5728\u5730\u5e02\u5834\u7f8e\u98df\u300d\u5927\u5206\u4eab\uff01\u548c\u89c0\u5149\u7f8e\u98df\u4e0d\u592a\u4e00\u6a23\uff01\u809a\u5b50\u5feb\u7206\u70b8\uff01\uff01\uff01\uff01\uff5c\u97d3\u52fe\u311f\u91d1\u91dd\u83c7 \ucc10\uca50\uafb8"
        },
        {
            "id": "ZYuJQVwMRUc",
            "title": "\u76f2\u62bd\u51fa\u570b\uff01\u5feb\u9583\u99ac\u4f86\u897f\u4e9e\u300c\u6c99\u5df4\u4e9e\u5e87\u300d\u4e00\u5929\uff01\u98ef\u5e97X\u884c\u7a0bX\u5230\u6642\u518d\u8aaa\ud83d\ude02\uff5c\u97d3\u52fe\u311f\u91d1\u91dd\u83c7 \ucc10\uca50\uafb8"
        },
        {
            "id": "qVTFpeWIABg",
            "title": "\u6c7a\u5b9a\u79fb\u5c45\u82b1\u84ee\uff1f\u627e\u53f0\u7063\u623f\u6771\u963f\u59e8\u770b\u623f\u5b50\u4e86\uff01\u5c55\u958b\u65b0\u751f\u6d3b\u2728 ft.\u963f\u7ff0po\u5f71\u7247 \uff5c\u97d3\u52fe\u311f\u91d1\u91dd\u83c7 \ucc10\uca50\uafb8"
        },
        {
            "id": "on7YlqMocEc",
            "title": "\u97d3\u570b\u91d1\u7684\u964c\u751f\u57ce\u5e02\u63a2\u8a2a-\u82b1\u84ee24hr\u904a\u8a18\ud83d\udd25\u4f4f\u300c\u9999\u5ba2\u5927\u6a13\u300d\u82b1\u84ee\u5728\u5730\u6700\u9bae\u7f8e\u98df\u5fc5\u5403\uff01\uff5c\u97d3\u52fe\u311f\u91d1\u91dd\u83c7 \ucc10\uca50\uafb8"
        },
        {
            "id": "q4Gs9gloilQ",
            "title": "\ud83c\uddf8\ud83c\uddec\u65b0\u52a0\u5761\u5403\u4e00\u5929\u82b1\u591a\u5c11\u9322\uff1f\u5728\u5730\u5fc5\u5403\u7f8e\u98df\u5de1\u79ae\ud83d\ude0dep.1\u6574\u5929\u5728\u5403\u5403\u5403\u2026\uff5c\u97d3\u52fe\u311f\u91d1\u91dd\u83c7 \ucc10\uca50\uafb8"
        },
        {
            "id": "BDBcMXrnARs",
            "title": "\ud83c\udde8\ud83c\udded\u745e\u58eb\u8d85\u8cb4\u7269\u50f9\u9ad4\u9a57\u8a18\u22ef\u6211\u597d\u50cf\u6c92\u8fa6\u6cd5\u4f4f\u9019\ud83e\udd72\u4f4f\u53f0\u7063\u597d\u5e78\u798f\u54c8\u54c8\u54c8 #\u5713\u5922\u8a08\u756b\uff5c\u97d3\u52fe\u311f\u91d1\u91dd\u83c7 \ucc10\uca50\uafb8"
        },
        {
            "id": "NHB-Pz6syoM",
            "title": "\ud83c\udde8\ud83c\udded\u5168\u7403\u7269\u50f9\u6700\u8cb4\u745e\u58eb-\u7269\u50f9\u9ad4\u9a57\u8a18\u300c\u53f0\u7063\u9910\u5ef3\u300d\u50f9\u683c\u843d\u5728\u591a\u5c11\u5462\uff1f\uff5c\u97d3\u52fe\u311f\u91d1\u91dd\u83c7 \ucc10\uca50\uafb8"
        },
        {
            "id": "R4nEGry-ny4",
            "title": "\u97d3\u570b\u660e\u661f\u7adf\u7136\u4f86\u53f0\u5403\u300c\u9019\u4e9b\u300d\uff1f\u4f86\u4e86\u5c31\u8981\u591a\u9ad4\u9a57\u53f0\u7063\u5728\u5730\u7f8e\u98df\u5566\ud83c\uddf9\ud83c\uddfcIU\u30012PM\u3001Gidle...\ud83d\udd25\uff5c\u97d3\u52fe\u311f\u91d1\u91dd\u83c7 \ucc10\uca50\uafb8"
        },
        {
            "id": "PxH42_KkIXU",
            "title": "\u97d3\u570b\u963f\u5b24\u6368\u4e0d\u5f97\u56de\u570b\u7684\u300c\u53f0\u7063\u5317\u6295\u6eab\u6cc9\u300d\uff1a\u6b64\u751f\u6700\u5e78\u798f\uff01\u2728\ud83c\uddf9\ud83c\uddfc\u97d3\u570b\u963f\u5b24\u6700\u5f8c\u4e00\u96c6\uff5c\u97d3\u52fe\u311f\u91d1\u91dd\u83c7 \ucc10\uca50\uafb8"
        },
        {
            "id": "7K5s49BCL94",
            "title": "\u6253\u4e2d\u97d3\u570b\u963f\u5b24\u5fc3\u7684\u53f0\u7063\u65e9\u9910\u2764\ufe0f\u53ea\u6709\u53f0\u7063\u6709\u7684\u6236\u5916\u6995\u6a39\u4e0b\u7f8e\u98df\u8857\u592a\u7279\u5225\u5566\uff01\u53f0\u7063\u65e5\u5e38VLOG\uff5c\u97d3\u52fe\u311f\u91d1\u91dd\u83c7 \ucc10\uca50\uafb8"
        },
        {
            "id": "A5F0Ef6C02s",
            "title": "\u5e36\u97d3\u570b\u963f\u5b24\u5403\u7206\u53f0\u7063\u6d77\u9bae\u9910\u5ef3\u2764\ufe0f\u5403\u5b8c\u53eb\u6211\u8ddf\u53f0\u7063\u4eba\u7d50\u5a5a..\uff08\uff1f\uff09\ud83d\ude02\uff5c\u97d3\u52fe\u311f\u91d1\u91dd\u83c7 \ucc10\uca50\uafb8"
        },
        {
            "id": "WQynABICllk",
            "title": "\u97d3\u570b\u963f\u5b24\u5011\u518d\u5ea6\u4f86\u53f0\u7063\u5566\ud83d\udd25\u76f4\u63a5\u7aef\u51fa\u5169\u7bb1\u8292\u679c \u5979\u5011\u958b\u5fc3\u5230\u4e0d\u884c\ud83e\udd23\ud83c\uddf9\ud83c\uddfc\uff5c\u97d3\u52fe\u311f\u91d1\u91dd\u83c7 \ucc10\uca50\uafb8"
        },
        {
            "id": "qVjp37xLkoE",
            "title": "\u6700\u8fd1\u6d41\u884c\u7684\u300c\u7a7f\u642d\u7a7a\u4e2d\u62cd\u651d\u6cd5\u300d\u4f60\u8a66\u904e\u55ce\uff1f"
        },
        {
            "id": "qOlLPj8x3KM",
            "title": "\uff5c\u97d3\u52fe\u311f\u91d1\u91dd\u83c7 \ucc10\uca50\uafb8"
        },
        {
            "id": "yXtuyk2nrLg",
            "title": "\u5728\u97d3\u570b\u963f\u5b24\u5bb6\u82b10\u5143\u300c\u8e6d\u98ef\u300d\u904e\u4e00\u5929\ud83c\uddf0\ud83c\uddf7\u5e36\u5979\u98db\u53f0\u7063D-1\ud83d\udd25\u97d3\u570b\u5bb6\u5ead\u771f\u5be6\u751f\u6d3b\u5206\u4eabVLOG\ud83c\uddf0\ud83c\uddf7\uff5c\u97d3\u52fe\u311f\u91d1\u91dd\u83c7 \ucc10\uca50\uafb8"
        },
        {
            "id": "iPiHrRBfkq4",
            "title": "\u5077\u56de\u97d3\u570b\u7a81\u8972\u963f\u5b24\uff01\u770b\u5230\u5b6b\u5973\u7684\u53cd\u61c9\u662f\uff1f\uff1f\uff1f\ud83d\ude02\u8ddf\u845781\u6b72\u963f\u5b24\u884c\u7a0b\u4e00\u5929\uff5c\u97d3\u52fe\u311f\u91d1\u91dd\u83c7 \ucc10\uca50\uafb8"
        },
        {
            "id": "OYZWc230wtc",
            "title": "\u9189\u4e86\ud83d\ude05\u6574\u5929\u53ea\u54037\u7a2e\u300c\u91d1\u9580\u9ad8\u7cb1\u7f8e\u98df\u300d\u203c\ufe0f\u9ad8\u7cb1\u55c6\u87f9\u3001\u86cb\u9905\u3001\u9999\u8178\u22ef\u22ef\u559d\u5230\u310e\u3127\u3124\uff5c\u97d3\u52fe\u311f\u91d1\u91dd\u83c7 \ucc10\uca50\uafb8"
        },
        {
            "id": "sq5egIN-zyM",
            "title": "\u9053\u5730\u97d3\u570b\u4eba\u5728\u53f0\u7063\u516b\u5e74\u6703\u8b8a\u600e\u9ebc\u6a23\u5462\uff1f\u516b\u5e74\u5f8c\u7684\u300c\u516b\u5927\u5dee\u7570\u300d\u5927\u516c\u958b\ud83c\udf1f\ud83d\udd25\uff5c\u97d3\u52fe\u311f\u91d1\u91dd\u83c7 \ucc10\uca50\uafb8"
        },
        {
            "id": "UVhuaganorE",
            "title": "\u91d1\u5bb6\u311f\u5927\u98ef\u7cf0\u8cb7\u4e94\u9001\u4e09\u2049\ufe0f\u2049\ufe0f\u2049\ufe0f\ud83c\udf597/1\u55ae\u65e5\u512a\u60e0\u6d3b\u52d5\uff01\u5728\u5168\u5bb6\u4fbf\u5229\u5546\u5e97APP\u4e0a\u96a8\u8cb7\u8de8\u5e97\u53d6\u8cfc\u8cb7\u91d1\u5bb6\u311f\u5927\u98ef\u7cf0\u5168\u7cfb\u5217\u8cb7\u4e94\u9001\u4e09(\u4efb\u9078)\u5594\uff01\uff01\uff01"
        },
        {
            "id": "z78--zGJ2Fk",
            "title": "\u91d1\u91dd\u83c7 X KlassiC.\u806f\u540d\u773c\u93e1/\u58a8\u93e1\u516c\u958b\ud83d\udd25"
        },
        {
            "id": "u_NZm4XVghQ",
            "title": "\u300c\u9023\u5047\u75c7\u5019\u7fa4\u300d\u4f60\u4e5f\u662f\u55ce\u22ef\u22ef\ud83e\udd23\ud83e\udd23 #\u60f3\u8981\u7e7c\u7e8c\u7576\u6c99\u767c\u4e0a\u7684\u99ac\u9234\u85af #\u518d\u591a\u4e00\u5929\u653e\u5047\u6211\u6703\u5f88\u5e78\u798f"
        },
        {
            "id": "HolaTiHV094",
            "title": "\u97d3\u570b\u91d1\u7684\u7901\u6eaa24hr\u904a\u8a18\u2668\ufe0f\u9084\u80fd\u6ce1\u6eab\u6cc9\u300c\u9999\u5ba2\u5927\u6a13\u300d\u6709\u5920\u5212\ud83d\udd25\u8d85\u4fbf\u5b9c\u7901\u6eaa\u9285\u677f\u7f8e\u98df\u5fc5\u5403\uff5c\u97d3\u52fe\u311f\u91d1\u91dd\u83c7 \ucc10\uca50\uafb8"
        },
        {
            "id": "EAJgBHJD2UY",
            "title": "\u56de\u53f0\u7063\u4e86\uff01\u5403\u7206\u5609\u7fa9\u767e\u5e74\u300c\u6771\u5e02\u5834\u300d\u88dc\u8840\u53f0\u7063\u98df\u7269\ud83d\udd25\u548c\u53f0\u5317\u5b8c\u5168\u4e0d\u4e00\u6a23\u7684\u6c23\u6c1b\u548c\u7f8e\u98df\uff5e\uff01\uff01\uff5c\u97d3\u52fe\u311f\u91d1\u91dd\u83c7 \ucc10\uca50\uafb8"
        },
        {
            "id": "V_i1UWtkl_c",
            "title": "\u97d3\u570b\u4eba\u76843\u7a2e\u559d\u9152\u65b9\u6cd5\ud83c\udf7a\ud83d\ude1d\u4f60\u6709\u8a66\u904e\u55ce\uff1f"
        },
        {
            "id": "df-SMK1h9RU",
            "title": "\u5343\u842c\u4e0d\u8981\u932f\u904e\u9019\u4e9b\u300c\u97d3\u570b\u5e02\u5834\u5c0f\u5403\u300d\ud83c\uddf0\ud83c\uddf7\ud83d\udd25\u6211\u898b\u5230\u91d1\u5b87\u5f6c\u4e86\uff01\uff01\u97d3\u570b\u51fa\u5deeVLOG\uff5c\u97d3\u52fe\u311f\u91d1\u91dd\u83c7 \ucc10\uca50\uafb8"
        },
        {
            "id": "jYeaoFSWCsU",
            "title": "\u6311\u6230\u5728\u65e5\u672c\u9a0e\u6a5f\u8eca\u6d41\u6d6a\ud83d\udd25\ud83d\udef5\u70cf\u9f8d\u9eb5\u6545\u9109\u9ad8\u677e/\u8df3\u5169\u500b\u5cf6\u65c5\u904a/\u65e5\u672c\u904a\u6700\u5f8c\u4e00\u96c6\uff5c\u97d3\u52fe\u311f\u91d1\u91dd\u83c7 \ucc10\uca50\uafb8"
        },
        {
            "id": "i_nwZtl0gXw",
            "title": "\u65e5\u672c\u4e00\u4eba\u623f\u81e5\u92ea\u5217\u8eca9\u5c0f\u6642\u642d\u4e58\u8a18\ud83d\udd25\u9084\u80fd\u6d17\u6fa1\u6d17\u5f97\u9999\u5674\u5674\uff01\u8eba\u8457\u4eab\u53d7\u65e5\u672c\ud83c\uddef\ud83c\uddf5\uff5c\u97d3\u52fe\u311f\u91d1\u91dd\u83c7 \ucc10\uca50\uafb8"
        },
        {
            "id": "izjzQUBhHiY",
            "title": "\u516c\u958b\u6211\u7684\u300c\u77ed\u671f\u9ad8\u85aa\u300d\u5305\u5403\u5305\u4f4f\u97d3\u570b\u8cfa\u9322\u8a18....\ud83c\uddf0\ud83c\uddf7 \u86e4\u8823\u5730\u7344\uff5c\u97d3\u52fe\u311f\u91d1\u91dd\u83c7 \ucc10\uca50\uafb8"
        },
        {
            "id": "d7GbwuWssvE",
            "title": "\ud83c\uddef\ud83c\uddf5\u65e5\u672c1000\u584a\u300c\u6c11\u5bbfVS\u7db2\u5496\u300d\u6bd4\u8f03\ud83d\udd25\u4f4f\u54ea\u88e1\u6bd4\u8f03\u6709CP\u503c\uff1f\uff5c\u97d3\u52fe\u311f\u91d1\u91dd\u83c7 \ucc10\uca50\uafb8"
        },
        {
            "id": "pvnzda0ZJr0",
            "title": "\u63a2\u7d22\u4e9e\u6d32\u7269\u50f9\u6700\u8cb4\u300c\u9999\u6e2f\ud83c\udded\ud83c\uddf0\u300d\u8cb4\u55ce\uff1f\u5728\u5730\u4eba\u63a8\u85a6\u592a\u5b89\u6a13\u7f8e\u98df\u8857\u597d\u597d\u5403\uff01\uff01\u6211\u611b\u9999\u6e2f\uff01\uff01\uff01\u91d1\u8431VLOG\uff5c\u97d3\u52fe\u311f\u91d1\u91dd\u83c7 \ucc10\uca50\uafb8"
        },
        {
            "id": "VmbaWQe_JOo",
            "title": "\u958b\u7bb1KFC\u300c7\u540b\u5de8\u5927\u86cb\u64bb\u300d\ud83d\udca5 #KFC"
        },
        {
            "id": "2E9UAnFYwe8",
            "title": "\u53f0\u7063\u4eba97%\u4e0d\u77e5\u9053\u300c\ud83c\uddf0\ud83c\uddf7\u97d3\u570b\u51ac\u5929\u9650\u5b9a\u7f8e\u98df\u300d\u6211\u5c45\u7136\u4e0d\u6562\u5403\ud83d\ude02\u22ef\u22ef\u51ac\u5929\u5403\u559d\u73a9\u6a02\u5927\u5206\u4eab\ud83d\udd25\uff5c\u97d3\u52fe\u311f\u91d1\u91dd\u83c7 \ucc10\uca50\uafb8"
        },
        {
            "id": "FYAz25mdi3o",
            "title": "\u97d3\u570b\u4eba\u56de\u97d3\u570b\u4e0d\u82b1\u9322\u300c\u5230\u8655\u8e6d\u98ef\u300d\u53ef\u4ee5\u6d3b\u591a\u4e45\u5462\uff1f\ud83e\udd23\u97d3\u570b\u91d1\u771f\u5be6\u751f\u6d3b\u5206\u4eab\ud83c\uddf0\ud83c\uddf7\uff5c\u97d3\u52fe\u311f\u91d1\u91dd\u83c7 \ucc10\uca50\uafb8"
        },
        {
            "id": "3DFnPUlbrKc",
            "title": "\u97d3\u570b\u91d1\u5305\u4e00\u8258\u8239\u9996\u6b21\u9ad4\u9a57\u300c\u53f0\u7063\u591c\u91e3\u300d..\ud83c\uddf9\ud83c\uddfc\u80fd\u9806\u5229\u91e3\u5230\u9b5a\u81ea\u7acb\u81ea\u5f37\u55ce\uff1f\ud83d\ude31 \uff5c\u97d3\u52fe\u311f\u91d1\u91dd\u83c7 \ucc10\uca50\uafb8"
        },
        {
            "id": "sauS1OZhwoY",
            "title": "\u7238\u5abd\u8981\u96e2\u958b\u53f0\u7063\u4e86\ud83d\ude2d\u3010\u91d1\u5bb6\u5718\u5713\u6700\u5f8c\u4e00\u96c6\u3011\u4e00\u8d77\u53bb\u5317\u6d77\u5cb8\u4e00\u65e5\u904a\u2764\ufe0f\u8aaa\u8981\u4f86\u53f0\u7063\u990a\u8001\u54c8\u54c8\u54c8\uff5c\u97d3\u52fe\u311f\u91d1\u91dd\u83c7 \ucc10\uca50\uafb8"
        },
        {
            "id": "q2lHngfTEwI",
            "title": "\u4e00\u6b21\u5403\u720613\u7a2e\u53f0\u7063\u591c\u5e02\u5c0f\u5403\ud83d\udd25\u8aaa\u600e\u9ebc\u53ef\u4ee5\u9019\u9ebc\u591a\u6a23\ud83d\ude02\ud83d\ude02\u3010\u91d1\u5bb6\u5718\u5713EP.3\u3011\u592a\u98fd\u4e86\u5427\uff5c\u97d3\u52fe\u311f\u91d1\u91dd\u83c7 \ucc10\uca50\uafb8"
        },
        {
            "id": "a4py_NNGCg0",
            "title": "\ud83c\uddf0\ud83c\uddf7\u97d3\u570b\u4eba\u7684\u300c\u8ca1\u5bcc\u81ea\u7531\u300d\u9577\u600e\u9ebc\u6a23\uff1f\u4e0a\u6d41\u793e\u6703\u7684\u7269\u50f9\u5927\u958b\u6211\u7684\u773c\u754c\ud83d\ude022\u5343\u584a\u725b\u5976\u51b0\u2026\uff5c\u97d3\u52fe\u311f\u91d1\u91dd\u83c7 \ucc10\uca50\uafb8"
        },
        {
            "id": "WPt4Ko3NZXg",
            "title": "\u6642\u969420\u5e74\u7238\u5abd\u7d42\u65bc\u5403\u5230\u771f\u6b63\u7684\u53f0\u7063\u706b\u934b\ud83d\ude02\u5403\u5230\u809a\u5b50\u5feb\u7206\u70b8\u2764\ufe0f\u3010\u91d1\u5bb6\u5718\u5713EP.2\u3011\u5e36\u4ed6\u5011\u53bb\u8db4\u8db4\u8d70\uff5c\u97d3\u52fe\u311f\u91d1\u91dd\u83c7 \ucc10\uca50\uafb8"
        },
        {
            "id": "bAnlpzhvWdY",
            "title": "\u7238\u5abd\u7a81\u7136\u4f86\u53f0\u7063..\ud83d\ude02\u91d1\u5bb6\u5168\u54e1\u9996\u6b21\u5728\u53f0\u7063\u4e00\u8d77\u904e\u5e74\u56c9\ud83e\udde8\u6eab\u99a8\u5e78\u798f VLOG \u3010\u91d1\u5bb6\u5718\u5713EP.1\u3011\uff5c\u97d3\u52fe\u311f\u91d1\u91dd\u83c7 \ucc10\uca50\uafb8"
        },
        {
            "id": "Fw04xfNqlQs",
            "title": "\u59d0\u59d0\u8981\u96e2\u958b\u53f0\u7063\u4e86\ud83d\ude2d\u5728\u53f0\u5317\u628a\u63e1\u6700\u5f8c\u6a5f\u6703\u5403\u5403\u559d\u559d\uff01\u4e00\u5927\u7bb1\u7684\u4f34\u624b\u79ae\u5206\u4eab\u2764\ufe0f\uff5c\u97d3\u52fe\u311f\u91d1\u91dd\u83c7 \ucc10\uca50\uafb8"
        },
        {
            "id": "b9QTawinOoU",
            "title": "\u8b93\u59d0\u59d0\u9ad4\u9a57\u5404\u7a2e\u300c\u53f0\u5357\u7f8e\u98df\u300d\u2764\ufe0f\u6703\u7fd2\u6163\u5403\u55ce\uff1f\uff01\u5979\u7684TOP1\u53f0\u5357\u7f8e\u98df\u662f....\ud83c\udf1f\uff5c\u97d3\u52fe\u311f\u91d1\u91dd\u83c7 \ucc10\uca50\uafb8"
        },
        {
            "id": "bcDnpXneLlo",
            "title": "\u6642\u9694\u516b\u5e74 \u7d42\u65bc\ud83d\ude2d\u6211\u7684\u59ca\u59ca\u9996\u5ea6\u4f86\u53f0\u7063\u62dc\u8a2a\u6211\u4e86\u2764\ufe0f\ud83c\uddf9\ud83c\uddfc\u770b\u5979\u5403\u53f0\u7063\u98df\u7269\u7684\u53cd\u61c9\u592a\u53ef\u611b\u4e86\u54c8\u54c8\u54c8\uff5c\u97d3\u52fe\u311f\u91d1\u91dd\u83c7 \ucc10\uca50\uafb8"
        },
        {
            "id": "4U9S2GioeKo",
            "title": "\u63a2\u7d22\u65e5\u672c\u5e02\u5834\u7269\u50f9\ud83c\uddef\ud83c\uddf5\u7fbd\u7403\u968a\u5403\u7206\u300c\u7bc9\u5730\u5e02\u5834\u300d\u5404\u7a2e\u6d77\u9bae\u7f8e\u98df\ud83d\udd25\u4e26\u3105\u3127\u3124\u02cb\u53eb\uff01\u4e00\u8def\u5403\u5230\u665a\u4e0a\ud83d\ude02\uff5c\u97d3\u52fe\u311f\u91d1\u91dd\u83c7 \ucc10\uca50\uafb8"
        },
        {
            "id": "NxWVMI5RAo8",
            "title": "\u65e5\u672c\u904aDAY1\u767c\u751f\u7684\u4e8b\u60c5\u2026\ud83d\ude05\ud83c\uddef\ud83c\uddf5\u806f\u7d61\u4e0d\u5230\u623f\u6771\u8981\u7761\u5730\u4e0a\u4e86\u2026.\u7fbd\u7403\u968a\u79fb\u5730\u8a13\u7df4\uff5c\u97d3\u52fe\u311f\u91d1\u91dd\u83c7 \ucc10\uca50\uafb8"
        },
        {
            "id": "RvmrGiXo9MI",
            "title": "\u672c\u5cf6\u5403\u4e0d\u5230\u76847\u7a2e\u300c\u91d1\u9580\u7279\u8272\u7f8e\u98df\u300d\ud83d\udd25\u91d1\u50f9\u597d\u5403\u7121\u96f7\u5c0f\u5403 \u96e2\u5cf6\u9650\u5b9a\u8981\u5927\u5403\u4e00\u9813\u5427\uff01\uff01\uff01\uff5c\u97d3\u52fe\u311f\u91d1\u91dd\u83c7 \ucc10\uca50\uafb8"
        },
        {
            "id": "ZDPs9w0nm80",
            "title": "\u53f0\u7063\u4eba97%\u6c92\u5403\u904e\u7684\u300c\u97d3\u570b\u7279\u8272\u7f8e\u98df\u300d\u97d3\u570b\u4eba\u4e5f\u7b2c\u4e00\u6b21\u5403\u7684\u90a3\u7a2e\ud83d\ude02\u22ef\u22ef5\u7a2e\u5927\u5206\u4eab\uff5c\u97d3\u52fe\u311f\u91d1\u91dd\u83c7 \ucc10\uca50\uafb8"
        },
        {
            "id": "iHddJYXZ994",
            "title": "\u5916\u7c4dytbr\u5927\u96c6\u5408\uff01\u7a76\u7adf\u8ab0\u5728\u53f0\u7063\u6df7\u6700\u597d\ud83c\uddf9\ud83c\uddfc\uff1f\uff01\u7206\u7b11\u5916\u570b\u4eba\u540c\u6a02\u6703\ud83d\ude02\ud83d\ude02\ud83d\ude02\u6ce8\u610f\u97f3\u91cf\uff5c\u97d3\u52fe\u311f\u91d1\u91dd\u83c7 \ucc10\uca50\uafb8"
        },
        {
            "id": "5WCxodb1k50",
            "title": "\u8d85\u4f4e\u7269\u50f9\u53c8\u9053\u5730\ud83d\udd25\u5403\u7206\u300c\u97d3\u570b\u50b3\u7d71\u5e02\u5834\u5c0f\u5403\u300d\u97d3\u570b\u5bb6\u5ead\u5403\u4ec0\u9ebcVLOG\ud83e\udd24\uff5c\u97d3\u52fe\u311f\u91d1\u91dd\u83c7 \ucc10\uca50\uafb8"
        },
        {
            "id": "YVnpJm-htgs",
            "title": "\u5feb\u958372hr\u56de\u97d3\u570b\uff01\u6bd4\u97d3\u5287REAL\u7684\u97d3\u570b\u5bb6\u5ead\u771f\u5be6\u6a23\u8c8c\u516c\u958b\ud83d\ude02\ud83d\ude02\uff5c\u97d3\u52fe\u311f\u91d1\u91dd\u83c7 \ucc10\uca50\uafb8"
        },
        {
            "id": "Fk8z_jmmzeQ",
            "title": "\u779e\u8457\u5bb6\u4eba\u5077\u98db\u56de\u97d3\u570b\u5687\u7238\u5abd\ud83d\ude02\u96e2\u5bb67\u500b\u6708\u898b\u5230\u5973\u5152\u7684\u53cd\u61c9\u662f\uff1f\uff5c\u97d3\u52fe\u311f\u91d1\u91dd\u83c7 \ucc10\uca50\uafb8"
        },
        {
            "id": "HTHUoF7cDLk",
            "title": "\u97d3\u570b\u91d1\u7684\u5f70\u53166\u9593\u8fd1\u300c\u767e\u5e74\u8001\u5e97\u300d\u63a2\u96aa\u8a18\ud83d\udd25\u6728\u74dc\u725b\u5976\u3001\u7cef\u7c73\u70b8\u3001\u63a7\u8089\u98ef\u3001\u8d85\u591a\u6a23\u767e\u5e74\u8001\u5e97\u7684\u5566\u3010\u767e\u5e74\u8001\u5e97\u7cfb\u5217#6\u3011\u97d3\u52fe\u311f\u91d1\u91dd\u83c7 \ucc10\uca50\uafb8"
        },
        {
            "id": "HIzo5DtypTg",
            "title": "\u8d85\u8d8a\u60f3\u50cf\u7684\u5473\u9053\ud83d\ude05\u6df1\u5751\u300c\u81ed\u8c46\u8150\u8857\u300d\u5de1\u79ae\ud83d\udd25\u5617\u8a66\u4e94\u7a2e\u4e0d\u540c\u8c46\u8150\u6599\u7406\u65b9\u5f0f\u2026.\u4ee5\u5f8c\u4e0d\u6562\u8aaa\u611b\u5403\u81ed\u8c46\u8150\u4e86\u54c8\u54c8\u54c8\ud83d\ude05\uff5c\u97d3\u52fe\u311f\u91d1\u91dd\u83c7 \ucc10\uca50\uafb8"
        },
        {
            "id": "fy2VQ617YZE",
            "title": "\u5728\u53f0\u5c0b\u627e\u300c\u97d3\u570b\u7a00\u6709\u5c0f\u5403\u300d\ud83d\udd25\u6c92\u60f3\u5230\u53f0\u7063\u7adf\u7136\u6709\u8ce3\u97d3\u570b\u4eba\u7684\u601d\u9109\u6ecb\u5473\ud83d\ude2d\uff5c\u97d3\u52fe\u311f\u91d1\u91dd\u83c7 \ucc10\uca50\uafb8"
        },
        {
            "id": "d0CCm6R837s",
            "title": "\u6de1\u6c5f\u4eba\u5e36\u8def\ud83d\udd25\u5b78\u751f\u56de\u61b6\u9285\u677f\u7f8e\u98df\u4e4b\u65c5\uff01\u8d85\u7fa8\u6155\u6de1\u6c34\u4eba\u7684\ud83d\ude2d\uff01\uff01\uff01\u597d\u5403\u96de\u8089\u98ef\u3001\u6de1\u5927\u5fc5\u5403\u81ed\u8c46\u8150\u3001 \u8766\u6372\uff5c\u97d3\u52fe\u311f\u91d1\u91dd\u83c7 \ucc10\uca50\uafb8"
        },
        {
            "id": "RN96jdqnMHc",
            "title": "\u6311\u6230\u5929\u5929\u559d2500cc\u6c34\ud83d\udd25\u7d00\u9304\u4e00\u9031\u6709\u6c92\u6709\u5947\u8e5f\u8b8a\u5316VLOG\uff5c\u97d3\u52fe\u311f\u91d1\u91dd\u83c7 \ucc10\uca50\uafb8"
        },
        {
            "id": "2p9jQiSeMqc",
            "title": "\u53f0\u7063\u4eba86%\u6c92\u6709\u5403\u904e\u7684\u300c\u97d3\u570b\u4e2d\u79cb\u98df\u7269\u300d\u8b93\u53f0\u7063\u4eba\u505a\u505a\u770b....\u6703\u6210\u529f\u55ce\ud83d\ude02\uff1fft.\u8521\u54e5\u6797\u8431\uff5c\u97d3\u52fe\u311f\u91d1\u91dd\u83c7 \ucc10\uca50\uafb8"
        },
        {
            "id": "Xsm6G60Z8lY",
            "title": "\u5e6b\u89aa\u5f1f\u5f1f\u6539\u9020\u300c4\u576a\u96c5\u623f\u300d\ud83d\udea7\u6253\u9020IG\u98a8\u5922\u5e7b\u7a7a\u9593\u2728\u8d85\u7d1a\u597d\u59d0\u59d0\u6311\u6230.\u2026\u2026\uff5c\u97d3\u52fe\u311f\u91d1\u91dd\u83c7 \ucc10\uca50\uafb8"
        },
        {
            "id": "SEUyTGV1lwU",
            "title": "\u7269\u50f9\u8cb4\u5230\u624b\u6296\uff01\u5168\u7403\u7269\u50f9\u6700\u8cb4\u300c\u745e\u58eb\u300d3\u5929\u82b1\u591a\u5c11\u9322\u5462...\ud83d\ude05\uff1f\ud83d\udd25\u5230\u5e95\u503c\u4e0d\u503c\u5f97\u53bb\ud83c\udde8\ud83c\udded\uff5c\u97d3\u52fe\u311f\u91d1\u91dd\u83c7 \ucc10\uca50\uafb8"
        },
        {
            "id": "0C3LeQiudMI",
            "title": "\u51fa\u570b\u53bb\u6cd5\u570b\ud83d\udd25\ud83c\uddeb\ud83c\uddf7\u7b2c\u4e00\u6b21\u6b50\u6d32\u65c5\u904a\u9084\u627e\u4e0d\u5230\u6c11\u5bbf\ud83d\ude05\u5c0b\u627e\u6d6a\u6f2b\u8a18VLOG\uff5c\u97d3\u52fe\u311f\u91d1\u91dd\u83c7 \ucc10\uca50\uafb8"
        },
        {
            "id": "505GPHirRvA",
            "title": "\u97d3\u7d9c\u7adf\u7136\u4ecb\u7d39\u300c\u53f0\u7063\u96b1\u85cf\u7f8e\u98df\u300d\uff1f\u9023\u97d3\u570b\u660e\u661f\u4e5f\u8b9a\u5606\u4e0d\u5df2\ud83d\udd25\ud83d\udd25\u767d\u8001\u5e2b\u3001\u795e\u7ae5\u3001\u597d\u5403\u7684\u50a2\u4f19\u5011\uff5c\u97d3\u52fe\u311f\u91d1\u91dd\u83c7 \ucc10\uca50\uafb8"
        },
        {
            "id": "xdiPK1txeQQ",
            "title": "\u97d3\u570b\u89aa\u5f1f\u5f1f\u6311\u6230\u8003\u99d5\u7167\u5566\ud83d\udd25\u5c31\u8aaa\u4e0d\u80fd\u7528\u96de\u817f\u63db\u554a\u2026.\ud83d\ude13 \u6211\u4f86\u7576\u6559\u7df4\u597d\u597d\u6559\u5c0e\u4ed6\u54c8\u54c8\u54c8\uff5c\u97d3\u52fe\u311f\u91d1\u91dd\u83c7 \ucc10\uca50\uafb8"
        },
        {
            "id": "jesgAzwmXSI",
            "title": "\u672c\u5cf6\u5403\u4e0d\u5230\u768410\u500b\u300c\u99ac\u7956\u7279\u8272\u7f8e\u98df\u300d\ud83d\udd25\u5fc5\u5403\u96b1\u85cf\u8001\u9152\u51b0\u6c99\u3001\u5728\u5730\u6d77\u9bae\u4f5b\u624b..\u98df\u617e\u5927\u7206\u767cVLOG\uff01\u4e0d\u5403\u592a\u53ef\u60dc\uff5c\u97d3\u52fe\u311f\u91d1\u91dd\u83c7 \ucc10\uca50\uafb8"
        },
        {
            "id": "GUbfyZKr4gM",
            "title": "\u642d\u81e5\u92ea\u8239\u53bb\u99ac\u7956\ud83d\udd25\u4e00\u822c\u8259VS\u982d\u7b49\u8259\u6bd4\u8f03\u9ad4\u9a57\uff01\u7cbe\u5f69\u76848\u5c0f\u6642.........\uff5c\u99ac\u7956ep.1 \u97d3\u52fe\u311f\u91d1\u91dd\u83c7 \ucc10\uca50\uafb8"
        },
        {
            "id": "GM3zeDPnLcw",
            "title": "\u97d3\u570b\u91d1\u7684\u964c\u751f\u57ce\u5e02\u63a2\u8a2a-\u65b0\u7af924hr\u904a\u8a18\ud83d\udd25\u4f4f\u8d85\u96e3\u8a02\u300c\u9999\u5ba2\u5927\u6a13\u300d\u65b0\u7af9\u7279\u8272\u9285\u677f\u7f8e\u98df\u5fc5\u5403\uff01\u5927\u5bb6\u8aaa\u7684\u7f8e\u98df\u6c99\u6f20\u5462\uff1f\ud83d\udc2b \uff5c\u97d3\u52fe\u311f\u91d1\u91dd\u83c7 \ucc10\uca50\uafb8"
        },
        {
            "id": "TvTwdDG2GGc",
            "title": "\u8a55\u6bd46\u9593\u5609\u7fa9\u96de\u8089\u98ef\u5e97\uff0c\u97d3\u570b\u91d1\u5fc3\u76ee\u4e2d\u7b2c\u4e00\u540d\u662f\u300c\u9019\u9593\u300d\ud83c\udf1f\u9084\u771f\u7684\u6709\u5dee\u8036\uff01\uff01\uff01\ud83d\udd25\u3010\u4e16\u754c\u76c3\u7cfb\u5217ep.2\u3011\uff5c\u97d3\u52fe\u311f\u91d1\u91dd\u83c7 \ucc10\uca50\uafb8"
        },
        {
            "id": "_irXY5wvZH8",
            "title": "\u97d3\u570b\u83dc\u903c\u516b\u91d1\u5728\u300c\u53f0\u7063\u50b3\u7d71\u96dc\u8ca8\u5e97\u300d\u6253\u5de5\u8a18...\ud83d\udd25\ud83d\udd25\u8d85\u904e3\u5343\u500b\u54c1\u9805\u6211\u597d\u6015\u5d29\u6f70\ud83d\ude02\uff5c\u97d3\u52fe\u311f\u91d1\u91dd\u83c7 \ucc10\uca50\uafb8"
        },
        {
            "id": "MzhLw__GHdY",
            "title": "\u97d3\u570b\u91d1\u7684\u53f0\u53576\u9593\u8fd1\u300c\u767e\u5e74\u8001\u5e97\u300d\u63a2\u96aa\u8a18\ud83d\udd25\u4e0d\u540c\u53f0\u5357\u5e02\u5340\u7684\u7368\u5bb6\u9053\u5730\u53e3\u5473\uff01\u5fc5\u770b\uff01\u6700\u611b\u5403\u8001\u5e97\u4e86\u2764\ufe0f\u3010\u767e\u5e74\u8001\u5e97\u7cfb\u5217#5\u3011\u97d3\u52fe\u311f\u91d1\u91dd\u83c7 \ucc10\uca50\uafb8\uff5c\u97d3\u52fe\u311f\u91d1\u91dd\u83c7 \ucc10\uca50\uafb8"
        },
        {
            "id": "lJPLzxOkVDY",
            "title": "\u53f0\u7063\u4eba98%\u6c92\u5403\u904e\u7684\u4e94\u7a2e\u300c\u97d3\u570b\u7a00\u6709\u98df\u7269\u300d\u5c0b\u5bf6\u8a18\ud83d\udd25 \u7adf\u7136\u53ef\u4ee5\u5728\u53f0\u7063\u5403\uff01\uff01\ud83c\uddf0\ud83c\uddf7\uff5c\u97d3\u52fe\u311f\u91d1\u91dd\u83c7 \ucc10\uca50\uafb8"
        },
        {
            "id": "Pxmo5HJH0AI",
            "title": "\u6211\u56de\u4f86\u4e86\uff01\u97d3\u570b\u91d1\u89e3\u9694\u5f8c\u7684\u6a5f\u667a\u53f0\u7063\u751f\u6d3b.zip\ud83c\uddf9\ud83c\uddfc\u526a\u9aee, \u8df3\u821e..\u597d\u5145\u5be6\u597d\u5e78\u798f\u5594\uff01\uff01\uff01VLOG\uff01\uff01\uff01\uff5c\u97d3\u52fe\u311f\u91d1\u91dd\u83c7 \ucc10\uca50\uafb8"
        },
        {
            "id": "bVovdgX1O9w",
            "title": "\u6c92\u60f3\u5230\u6211\u4e5f\u4e2d\u4e86\ud83d\ude2d7\u5929\u75c7\u72c0\u3001\u5eb7\u5fa9\u65e5\u5e38\u2014 \u62cd\u7d66\u672a\u4f86\u5b6b\u5b50\u5011\u770b\u2026.\uff5c\u97d3\u52fe\u311f\u91d1\u91dd\u83c7 \ucc10\uca50\uafb8"
        },
        {
            "id": "FmbW6RDbs_c",
            "title": "\u4f86\u81ea\u97d3\u570b\u5bb6\u4eba\u768430KG\u795e\u79d8\u5305\u88f9\uff01\u6eff\u6eff\u90fd\u662f\u7238\u5abd\u7684\u611b\u2764\ufe0f\u770b\u5b8c\u5f1f\u5f1f\u54e5\u54e5\u4e5f\u60f3\u5bb6\u4e86\ud83d\ude2d\uff5c\u97d3\u52fe\u311f\u91d1\u91dd\u83c7 \ucc10\uca50\uafb8"
        },
        {
            "id": "j4qyBX4KcBg",
            "title": "\u8b93\u5728\u53f0\u97d3\u570b\u4eba\u5c16\u53eb\u76845\u7a2e\u300c\u8d85\u7a00\u6709\u97d3\u570b\u98df\u7269\u300d\ud83d\ude2d\u5728\u53f0\u7063\u5c0b\u5bf6\u97d3\u570b\u4eba\u6700\u60f3\u5ff5\u7684\u5bb6\u5e38\u83dc\uff5c\u97d3\u52fe\u311f\u91d1\u91dd\u83c7 \ucc10\uca50\uafb8"
        },
        {
            "id": "snV7a5K0OSQ",
            "title": "\u97d3\u570b\u91d1\u7684\u964c\u751f\u57ce\u5e02\u63a2\u8a2a-\u96f2\u6797\u5317\u6e2f24hr\u904a\u8a18\ud83d\udd25\u4eca\u665a\u4f4f\u300c\u9999\u5ba2\u5927\u6a13\u300d\u8d85\u4fbf\u5b9c\u96f2\u6797\u9285\u677f\u7f8e\u98df\u5fc5\u5403\uff5c\u97d3\u52fe\u311f\u91d1\u91dd\u83c7 \ucc10\uca50\uafb8"
        },
        {
            "id": "nHcqCHuZH9c",
            "title": "\u53f0\u7063\u4eba98\uff05\u4e0d\u77e5\u9053\u7684\u97d3\u570b\u9053\u5730\u98df\u7269\u203c\ufe0f\u6bd4\u8f03\u53f0\u97d35\u7a2e\u300c\u76f8\u4f3c\u98df\u7269\u300d\u600e\u9ebc\u6709\u9ede\u50cf\uff1f\uff5c\u97d3\u52fe\u311f\u91d1\u91dd\u83c7 \ucc10\uca50\uafb8"
        },
        {
            "id": "fQCFj8WnO5A",
            "title": "\u96e2\u958b\u97d3\u570b\u524d\u5e36\u5bb6\u4ebashopping\u3001\u65c5\u884c\u5168\u90e8\u6211\u8cb7\u55ae\ud83c\uddf0\ud83c\uddf7\ud83d\udd25\u3010\u97d3\u570b\u7cfb\u5217\u6700\u7d42\u56de\ud83c\uddf0\ud83c\uddf7\u3011\uff5c\u97d3\u52fe\u311f\u91d1\u91dd\u83c7 \ucc10\uca50\uafb8"
        },
        {
            "id": "b9W7O4-RWpg",
            "title": "\u958b\u7bb1\u97d3\u570b\u7238\u7238\u6536\u5230\u7684\u516c\u95dc\u54c1\ud83d\udd25\u600e\u9ebc\u6bd4Youtuber\u7684\u5973\u5152\u9084\u8981\u591a\ud83e\udd23\ud83e\udd23\u53f0\u97d3\u9001\u79ae\u5dee\u7570\u3010\u56de\u97d3\u570b\u7cfb\u5217\ud83c\uddf0\ud83c\uddf76\u3011\uff5c\u97d3\u52fe\u311f\u91d1\u91dd\u83c7 \ucc10\uca50\uafb8"
        },
        {
            "id": "UVv9qtyR2ag",
            "title": "\u56de\u97d3\u570b\u524d\u6700\u5f8c\u4e00\u5403\ud83d\udd255\u9593\u53f0\u5357\u7f8e\u98df\u5831\u6069\u65c5\u7a0b\uff01\u97d3\u570b\u91d1\u5168\u7a0b\u9a0e\u8eca\u8f09\u8001\u5e2b\u904a\u53f0\u5357\u56c9 ; ;\ud83d\ude39\uff5c\u97d3\u52fe\u311f\u91d1\u91dd\u83c7 \ucc10\uca50\uafb8"
        },
        {
            "id": "4ArzL7C3rEo",
            "title": "\u5403\u5230\u9019\u4e9b\u8b8a\u80d6\u4e5f\u7121\u61be\ud83d\ude2d\u53f0\u7063\u5403\u4e0d\u5230\u7684\u300c\u6b63\u5b97\u97d3\u570b\u5bb6\u5e38\u83dc\ud83c\uddf0\ud83c\uddf7\u300d\u597d\u5403\u597d\u611f\u52d5....!\u3010\u56de\u97d3\u570b\u7cfb\u5217\ud83c\uddf0\ud83c\uddf75\u3011\uff5c\u97d3\u52fe\u311f\u91d1\u91dd\u83c7 \ucc10\uca50\uafb8"
        },
        {
            "id": "6T58k7dnXFI",
            "title": "\u7d42\u65bc\u898b\u5230\u963f\u5b24\u4e86\ud83d\ude2d\u770b\u5230\u5979\u7684\u53cd\u61c9\u5dee\u9ede\u6d41\u6dda...\u97d3\u570b\u904e\u5e74\u53bb\u9109\u4e0b\u62dc\u8a2a\u5bb6\u4eba\u5566VLOG\u3010\u56de\u97d3\u570b\u7cfb\u5217\ud83c\uddf0\ud83c\uddf74\u3011\uff5c\u97d3\u52fe\u311f\u91d1\u91dd\u83c7 \ucc10\uca50\uafb8"
        },
        {
            "id": "p7V_RbijI90",
            "title": "\u6211\u56de\u53f0\u7063\u4e86\ud83c\uddf9\ud83c\uddfc\ud83d\udd25\u597d\u4e0d\u5bb9\u6613\u56de\u97d3\u570b\u4e00\u8d9f\uff0c\u4f46\u70ba\u4e86\u300c\u9019\u500b\u300d\u8d95\u8457\u56de\u53f0\u7063\u5566\uff5e\u3010\u56de\u97d3\u570b\u7cfb\u5217\ud83c\uddf0\ud83c\uddf73\u3011\uff5c\u97d3\u52fe\u311f\u91d1\u91dd\u83c7 \ucc10\uca50\uafb8"
        },
        {
            "id": "nL0LG7JSpuM",
            "title": "\u9694\u96e2\u51fa\u95dc\u5012\u6578\ud83d\ude2d\u9ede\u97d3\u570b\u5916\u9001app\u53f0\u7063\u7f8e\u98df\u4f86\u6176\u795d\uff01\u7a76\u7adf\u53f0\u7063\u98a8\u9084\u5728\u55ce\uff1f\u3010\u56de\u97d3\u570b\u7cfb\u5217\ud83c\uddf0\ud83c\uddf72\u3011\uff5c\u97d3\u52fe\u311f\u91d1\u91dd\u83c7 \ucc10\uca50\uafb8"
        },
        {
            "id": "XVWJL-quG7Q",
            "title": "\u6211\u56de\u97d3\u570b\u4e86\ud83d\ude2d\u9593\u9694\u5169\u5e74\u7d42\u65bc\u548c\u5bb6\u4eba\u76f8\u9022\uff01\u8d85\u5d29\u6f70\u7684\u9694\u96e2start \ud83d\udd25\u3010\u56de\u97d3\u570b\u7cfb\u5217\ud83c\uddf0\ud83c\uddf71\u3011\uff5c\u97d3\u52fe\u311f\u91d1\u91dd\u83c7 \ucc10\uca50\uafb8"
        },
        {
            "id": "mpUFnw8rNRw",
            "title": "\u7fbd\u7403\u968a\u5408\u9ad4\u5c0f\u65c5\u884c\ud83d\udd25\u5317\u6d77\u5cb8\u91d1\u5c71\u8d70\u6625\u63a8\u85a6\uff01\u91d1\u5305\u91cc\u8001\u8857\u3001\u5edf\u53e3\u9d28\u8089\u3001\u795e\u79d8\u6d77\u5cb8\uff0c\u4e00\u65e5\u904a\u8d70\u6625\u8d70\u8d77\u4f86\uff5c\u97d3\u52fe\u311f\u91d1\u91dd\u83c7 \ucc10\uca50\uafb8"
        },
        {
            "id": "WU7qtwZZmjM",
            "title": "\u53f0\u5357\u963f\u4f2f\u5e36\u97d3\u570b\u91d1\u300c\u4e00\u65e5\u7d04\u6703\u300d\u53bb\u79c1\u623f\u5730\u9ede\u2764\ufe0f\u6703\u5e36\u6211\u53bb\u54ea\u4e9b\u5730\u65b9\u5462\uff1f\u6700\u5f8c\u9084\u6709\u6d6a\u6f2b\u666f\u9ede...\uff01\u597d\u611f\u52d5\uff5c\u97d3\u52fe\u311f\u91d1\u91dd\u83c7 \ucc10\uca50\uafb8"
        },
        {
            "id": "44N61H9vzvY",
            "title": "\u53f0\u5357\u7406\u9aee\u5e2b\u963f\u4f2f\u9080\u8acb\u97d3\u570b\u91d1\u5403\u300c\u5e74\u672b\u5718\u5713\u98ef\u300d\u6eab\u99a8\u53c8\u5e78\u798f\u7684\u4e00\u5929\u2764\ufe0f\uff5c\u97d3\u52fe\u311f\u91d1\u91dd\u83c7 \ucc10\uca50\uafb8"
        },
        {
            "id": "6JSYOotVSO8",
            "title": "2021\u6c92\u56de\u5bb6\u9760\u53f0\u7063\u7b2c\u4e8c\u500b\u5bb6\u4eba\u904e\u8056\u8a95\uff01\u6700\u4e86\u89e3\u91d1\u91dd\u83c7\u7684\u4eba\u662f\uff1f\u8056\u8a95\u4ea4\u63db\u79ae\u7269\u73a9\u8d77\u4f86\ud83d\udd25\uff5c\u97d3\u52fe\u311f\u91d1\u91dd\u83c7 \ucc10\uca50\uafb8"
        },
        {
            "id": "-qxPrPTv5xI",
            "title": "\u53f0\u7063\u5e02\u5834\u539f\u4f86\u9019\u9ebc\u597d\u901b\u5594\uff1f\u97d3\u570b\u9109\u5df4\u4f6c\u901b\u6700\u73fe\u4ee3\u5316\u7684\u50b3\u7d71\u5e02\u5834\ud83d\udd25\u4e0d\u53ef\u601d\u8b70\u4fbf\u5b9c\u597d\u5403\u7684\u7f8e\u98df\u8857\uff5c\u97d3\u52fe\u311f\u91d1\u91dd\u83c7 \ucc10\uca50\uafb8"
        },
        {
            "id": "xx84SPZLI1M",
            "title": "\u89aa\u5f1f\u5f1f\u65b0\u623f\u9593Room Tour\uff01\u4e09\u5144\u59b9\u5408\u9ad4\u4e00\u4eba\u4e00\u83dc\u716e\u665a\u9910\u5403\u5566\u2764\ufe0f\u65b0\u642c\u7684\u5bb6\u9084\u4e0d\u932f...\u55ce\uff1f\uff5c\u97d3\u52fe\u311f\u91d1\u91dd\u83c7 \ucc10\uca50\uafb8"
        },
        {
            "id": "aB2xbLi-Qvg",
            "title": "\u8783\u87f9\u5b63\u6eff\u6eff\u7684\u5375\uff01\u5317\u90e83\u9593\u8783\u87f9\u9910\u5ef3\u8a55\u6bd4\ud83e\udd80\ufe0f\u5fc3\u76ee\u4e2d\u7b2c\u4e00\u540d\u662f..\u9019\u9593\uff01\u6700\u80a5\u7f8e&\u5f77\u5f7f\u5728\u6d77\u5cb8\u6751\u6070\u6070\uff01\uff01\uff5c\u97d3\u52fe\u311f\u91d1\u91dd\u83c7 \ucc10\uca50\uafb8"
        },
        {
            "id": "GGbGMWvysI8",
            "title": "\u97d3\u570b\u91d1\u5e36\u53f0\u7063\u95a8\u871c\u73a9\u5b9c\u862d+\u5403\u64ad\u904a\u8a18\ud83d\udd25\u521d\u56909\u9593\u5b9c\u862d\u9285\u677f\u7f8e\u98df\u8b93\u53f0\u7063\u670b\u53cb\u5f88\u9a5a\u8277\uff01\uff01\uff5c\u97d3\u52fe\u311f\u91d1\u91dd\u83c7 \ucc10\uca50\uafb8"
        },
        {
            "id": "Km3Oa7JYoJg",
            "title": "\u6f8e\u6e5610\u9593\u7121\u8e29\u96f7\u5fc5\u5403\u7f8e\u98df\u5403\u64ad\u5de1\u79ae\ud83d\udd25\u7fbd\u7403\u968a\u9996\u6b21\u96e2\u5cf6\u51fa\u904a\u5566\uff01\uff01\u3010\u7fbd\u7403\u968a\u7279\u8f2f\u3011\u8521\u54e5\u963f\u5713\u6797\u8431\uff5c\u97d3\u52fe\u311f\u91d1\u91dd\u83c7 \ucc10\uca50\uafb8"
        },
        {
            "id": "3gdUCY1Nzj4",
            "title": "\u65e9\u8d77\u503c\u5f97\u55ce\uff1f\u53f0\u53575\u9593\u300c\u7279\u8272\u65e9\u9910\u5e97\u300d\u5403\u64ad\u5de1\u79ae\ud83d\udd25\u5403\u7206\u97d3\u570b\u6c92\u6709\u7684\u53f0\u7063\u65e9\u9910\u3010\u7279\u8272\u65e9\u9910\u7cfb\u5217#2\u3011\uff5c\u97d3\u52fe\u311f\u91d1\u91dd\u83c7 \ucc10\uca50\uafb8"
        },
        {
            "id": "eqOR53VknQg",
            "title": "\u76e7\u5ee3\u4ef2\u4f86\u4e86\uff01\u97d3\u570b\u91d1\u5531\u300c\u53f0\u8a9e\u6b4c\u731c\u6b4c\u6311\u6230\u300d\u8b93\u5c0f\u968a\u9577\u6eff\u982d\u554f\u865f\ud83e\udd23\u6b77\u5e74\u7cbe\u9078\u6b4c\u55ae\u516c\u958b\ud83d\udc2c@crowdlu1260 \uff5c\u97d3\u52fe\u311f\u91d1\u91dd\u83c7 \ucc10\uca50\uafb8"
        },
        {
            "id": "9tH3NYA0DRk",
            "title": "\u91cd\u5927\u6d88\u606f\u5ba3\u5e03\uff01\u4ecb\u7d39\u6211\u7684\u97d3\u5f0f\u7f8e\u98df\u54c1\u724c\u300c\u91d1\u5bb6\u311f\u300d\ud83c\udf36\ufe0f\u65b0\u7684\u4eba\u751f\u6311\u6230\u958b\u59cb\uff5c\u97d3\u52fe\u311f\u91d1\u91dd\u83c7 \ucc10\uca50\uafb8"
        },
        {
            "id": "XEd43Ojg29A",
            "title": "\uff3bLIVE\uff3d\u5012\u6578\u767e\u842c\u8a02\u95b1\ud83d\udd25\u4eca\u5929\u80fd\u78341,000,000\u55ce\uff5c\u97d3\u52fe\u311f\u91d1\u91dd\u83c7 \ucc10\uca50\uafb8"
        },
        {
            "id": "ujEmy54OBDc",
            "title": "\u97d3\u570b\u91d1\u7684\u82d7\u681724hr\u904a\u8a18\ud83d\udd25\u4eca\u665a\u4f4f\u300c\u9999\u5ba2\u5927\u6a13\u300d\u521d\u9ad4\u9a57\uff01\u8d85\u5212\u7b97\u9285\u677f\u7f8e\u98df5\u9593\u5fc5\u5403\uff5c\u97d3\u52fe\u311f\u91d1\u91dd\u83c7 \ucc10\uca50\uafb8"
        },
        {
            "id": "3MuU1mmKJ7E",
            "title": "\u518d\u8acb60\u5e74\u50b3\u7d71\u7406\u9aee\u5e2b\u6f02\u97d3\u570b\u6d41\u884c\u8033\u5708\u67d3\uff01\u6703\u51fa\u8272\u9084\u662f\u51fa\u4e8b\u5462\ud83d\ude28\u9593\u9694\u4e94\u500b\u6708\u7684\u5927\u5192\u96aa\uff01\uff5c\u97d3\u52fe\u311f\u91d1\u91dd\u83c7 \ucc10\uca50\uafb8"
        }
    ]
}