{
    "channel": {
        "title": "J-Bao\u8ce4\u8446",
        "id": "UCIfiMAj8DovfeFZ_e0fDH_g",
        "customUrl": "@jbao",
        "uploads": "UUIfiMAj8DovfeFZ_e0fDH_g"
    },
    "videos": [
        {
            "id": "mw0DC0ko5Uw",
            "title": "\u3010\u9a5a\u7206!!\u3011\u4e09\u59b9\u6642\u4ee3\u6b63\u5f0f\u7d50\u675f\uff01\u7dca\u63a5\u800c\u4f86\u7684\u662f...\uff1f"
        },
        {
            "id": "H8j69-gUWMU",
            "title": "\u3010\u5927\u81bd\u6311\u6230!!\u3011\u4ed6\u7684\u82f1\u6587\u53ea\u6709\u300e\u570b\u5c0f\u7a0b\u5ea6\u300f\u537b\u8981\u98db\u53bb\u7f8e\u570b\u6f14\u8b1b\u628a\u59b9\ud83d\udc41\ufe0f\ud83e\udee6\ud83d\udc41\ufe0f"
        },
        {
            "id": "dvWXG8LfskA",
            "title": "\u3010\u5341\u842c\u722d\u596a\u8cfd!!\u3011\u53f2\u4e0a\u6700\u96e3\u505a\uff01\u53ec\u96c6100\u4f4d\u53f0\u7063\u52c7\u58eb\u6311\u6230\u300e\u79fb\u52d5\u5f0f\u706b\u7bad\u57ce\u5821\uff01\uff01\uff01\u300f"
        },
        {
            "id": "k-4NSzoTMAo",
            "title": "\u3010\u9b3c\u6708\u6574\u4eba\u3011\u7528\u300e\u8d85\u5641\u5fc3\u98db\u5929\u4eba\u982d!!!!\u300f\u628a\u59b9\u59b9\u5011\u5687\u7206\u7206\u7206\u7206\u7206\u7206\u7206\u7206\u7206\u7206\u7206\u7206\u7206\u7206\u7206\uff01\uff01\uff01"
        },
        {
            "id": "tGB2pbHMOZQ",
            "title": "\u3010\u8d85\u7375\u5947\u767c\u660e!!\u3011\u7528\u81ea\u5df1\u7684\u81c9\u88fd\u6210\u300e\u4eba\u982d\u8718\u86db\u9059\u63a7\u73a9\u5177\u300f\u5979\u88ab\u5687\u5230\u6f0f\u5c3f\uff01\uff1f"
        },
        {
            "id": "8q0EQSmMQnk",
            "title": "\u3010\u4e09\u59b9\u5be6\u7fd2\u7d50\u675f\u3011\u54c1\u5b50\u677e\u9f20\u6703\u96e2\u958b\u983b\u9053\u55ce\uff1f"
        },
        {
            "id": "pVO44WpLHGc",
            "title": "\u3010\u4e09\u59b9\u5be6\u7fd2\u7d50\u675f \u6668\u6668\u7bc7\u3011\u7a76\u7adf\u5979\u6703\u9078\u64c7\u300e\u7559\u4e0b\u300f\u9084\u662f\u300e\u96e2\u958b\u300f\uff1f"
        },
        {
            "id": "Hdkay6f7P-w",
            "title": "\u6559\u4f60\u5982\u4f55\u4f7f\u7528\u706b\u5f71\u5fcd\u8853 \u571f\u9041\uff01"
        },
        {
            "id": "_T85HdXVLLk",
            "title": "\u3010\u96b1\u85cf\u7248\u9053\u5177!!\u3011\u4e00\u6b21\u958b\u7bb1\u4e94\u500b\u5927\u96c5\u5de5\u4f5c\u5ba4\u300e\u672a\u516c\u958b\u7684\u5be6\u9a57\u767c\u660e\uff01\uff01\uff01\u300f"
        },
        {
            "id": "1V8Ja5wim7c",
            "title": "\u3010\u5730\u7344\u6311\u6230!!\u3011\u6642\u9694\u56db\u5e74\uff01\u518d\u6230\u300e\u9435\u939a\u722c\u5c71\u300f\u80d6\u4e8615\u516c\u65a4\u7684\u8ce4\u8446\uff0c\u80fd\u5426\u6210\u529f\u6311\u6230100\u516c\u5c3a\uff1f"
        },
        {
            "id": "Y_OelCVnXJE",
            "title": "\u3010\u8ce4\u8446&\u4e09\u59b9\u3011\u96d6\u7136\u5f88\u7a81\u7136\uff0c\u4f46\u6211\u5011\u5df2\u7d93\u5206\u958b\u4e00\u9663\u5b50\u4e86\u3002"
        },
        {
            "id": "bZR-wYMVLxY",
            "title": "\u8ce4\u8446\u96ea\u5730\u610f\u5916\uff01\u5dee\u9ede\u622a\u80a2\uff1f \u7dca\u6025\u51fa\u52d5\u300e\u96ea\u5730\u6551\u96e3\u968a\u300f\u6551\u63f4\u8cbb\u7528\u8d85\u9a5a\u4eba\uff01\uff1f"
        },
        {
            "id": "GCGf8G5SWqs",
            "title": "\u3010\u795e\u904b\u6c23!!!\u3011\u5728\u6df1\u5c71\u5de7\u9047\u300e\u6975\u5149\u5927\u7206\u70b8!!!!!\u300f\u4e4b\u6211\u5c01\u9762\u9019\u6a23\u653e\uff5e\u6668\u6668\u4e00\u5b9a\u6703\u6390\uff2f\u6211\uff01"
        },
        {
            "id": "1UT8-T060_I",
            "title": "\u3010\u9707\u64bc!!\u3011\u66dd\u5149\u677e\u9f20\u300e\u79c1\u4e0b\u771f\u5be6\u6a23\u8c8c!!!!\u300f\u54c1\u5b50\u90fd\u8ddf\u8ce4\u8446\u7761\u540c\u4e00\u5f35\u5e8a\uff01\uff1f"
        },
        {
            "id": "9994vJo3rB4",
            "title": "\u95dc\u65bc\u6728\u66dc\u904b\u52d5\u6703\u300e\u5f13\u7bad\u50b7\u4eba\u610f\u5916\u300f\u6211\u6709\u8a71\u8981\u8aaa...\u5176\u5be6\u771f\u76f8\u662f\uff01"
        },
        {
            "id": "48Gr4AgezyQ",
            "title": "\u3010\u8d85\u5922\u5e7b!!\u3011\u72e0\u7838$1,200,000\u53f0\u5e63\uff01\u8de8\u8d8a\u534a\u500b\u5730\u7403\u5230\u300e\u96f6\u4e0b20\u5ea6\u7684\u51b0\u5cf6\u300f\u6975\u5730\u63a2\u96aa\uff01\uff01\uff01"
        },
        {
            "id": "xXi1nKZ04CU",
            "title": "\u3010\u5c0d\u4e0d\u8d77\u3011\u9019\u96c6\u6211\u559d\u9189\u4e86\uff0c\u8aaa\u4e86\u5f88\u591a\u4e0d\u80fd\u8b1b\u7684\u771f\u5fc3\u8a71\u3002"
        },
        {
            "id": "NEhlTukKpjQ",
            "title": "\u3010\u8d85\u7a00\u6709!!\u3011\u54c1\u5b50\u79c1\u5e95\u4e0b\u7684\u8077\u696d\u5c45\u7136\u662f \uff1f\u5168\u53f0\u7063\u53ea\u6709\u4e09\u4f4d\uff01\uff01\uff01"
        },
        {
            "id": "mDlm6HXMqOM",
            "title": "\u8ce4\u8446\u4e09\u59b9\u767e\u842c\u8a02\u95b1\u5012\u6578\u76f4\u64ad\u2764\ufe0f\u200d\ud83d\udd25"
        },
        {
            "id": "6oig32Huw_w",
            "title": "\u3010\u5973\u751f\u65e5\u5e38 \u81ea\u80a5\u7bc7\u3011\u5927\u6703\u5831\u544a\uff01\u6211\u96c6\u6eff\u4e09\u59b9\u7684\u543b\u4e86\uff01\u6211\u7121\u6575\u4e86\uff01\uff01\uff01"
        },
        {
            "id": "2zDCQIYI0h4",
            "title": "\u3010\u6012\u783820\u842c!!\u3011\u628a\u8fb2\u7528\u6a5f\u6539\u9020\u6210\u4e00\u53f0\u300e\u88dd\u7532\u6230\u8eca\u300f\u53ef\u79fb\u52d5\u53ef\u767c\u5c04\uff01\u8d85\u778e\u8db4\uff01\uff01\uff01"
        },
        {
            "id": "xWuPF4Wlm0E",
            "title": "\u3010\u958b\u7bb1\u7db2\u7d05\u7684\u539d\u3011\u6df1\u5165\u8ce4\u8446\u5bb6\u9109\u300e\u5927\u96c5\u300f\u7b2c\u4e00\u7ad9\u76f4\u63a5\u5e36\u59b9\u5b50\u5011\u53bb\u521d\u591c\u5730\u9ede\u55e8\u55e8\uff01\uff1f"
        },
        {
            "id": "jIy1noT26vE",
            "title": "\u3010\u6012\u7838200\u842c!!\u3011\u7d66\u5973\u53cb\u5011\u300e\u6539\u9020\u5de5\u4f5c\u5ba4\u300f\u7a76\u7adf\u6703\u8b8a\u5929\u5802\u9084\u662f\u5730\u7344\uff01\uff1f"
        },
        {
            "id": "s6V1HzGxgd4",
            "title": "\u3010\u5973\u751f\u65e5\u5e38 \u4e2d\u6691\u7bc7!!\u3011\u7b2c\u56db\u4eba\u5831\u5230\uff01\u65b0\u4eba\u59b9\u59b9\u5c45\u7136\u662f\u6df7\u8840\u5152\uff01\uff1f"
        },
        {
            "id": "BLfXRjeJEpw",
            "title": "\u3010\u5973\u751f\u65e5\u5e38 \u6f8e\u6e56\u7bc7\u3011\u4e0d\u770b\u5f8c\u6094\uff01\u983b\u9053\u53f2\u4e0a\u6700\u9999\u7684\u4e00\u96c6\uff01\uff01\uff01"
        },
        {
            "id": "uhSvboXYxQo",
            "title": "\u3010\u5a01\u529b\u9a5a\u4eba!!\u3011\u81ea\u88fd\u300e\u7c89\u8272\u5927\u69cd\u69cd\u300f\u610f\u5916\u89e3\u6c7a15\u5e74\u524d\u8207\u521d\u6200\u7684\u907a\u61be\uff01\uff01\uff01"
        },
        {
            "id": "0jG9PNgKoug",
            "title": "\u3010\u5973\u751f\u65e5\u5e38\u78ba\u8a3a\u7bc7!!\u3011\u9694\u96e2\u592a\u4e45\u4e0d\u898b\uff01\u6668\u6668\u5c31\u7a81\u7136\u89aa\u904e\u4f86\u4e86\uff01\uff01\uff01"
        },
        {
            "id": "ULOZ-AKtqJs",
            "title": "\u3010\u79fb\u52d5\u6c99\u767c!!\u3011\u65b0\u4e00\u4ee3\u628a\u59b9\u795e\u8eca\uff01\u6bd4\u5927\uff22\u9084\u3114\u3128\u311a\uff01\u5e36\u54c1\u5b50\u98db\u4e0a\u5929\uff01\uff01\uff01"
        },
        {
            "id": "WPccQci7kzA",
            "title": "\u3010\u5730\u7344\u6311\u6230\u3011\u518d\u5ea6\u8207\u677e\u9f20\u751c\u871c\u7d04\u6703\uff1f\u58d3\u529b\u592a\u5927\uff01\u7a81\u7136\u5f9e\u300e40\u516c\u5c3a\u540a\u6a4b\u300f\u5f80\u4e0b\u8df3\uff01\uff01\uff01"
        },
        {
            "id": "yVjfpU6J6q0",
            "title": "\u3010\u958b\u6316\u8d8a\u91ce\u5834\u3011\u9023\u7e8c\u4e03\u5929\u760b\u72c2\u8a13\u7df4\u300e\u8d8a\u91ce\u6fc0\u6230132\u4eba!!!!!\u300f\u6668\u6668\u6158\u88ab\u6392\u6c23\u7ba1\u71d9\u7206...QAQ"
        },
        {
            "id": "Uc8zpeDZ6R8",
            "title": "\u3010\u5973\u751f\u65e5\u5e38 \u904b\u52d5\u6703\u7bc7!!\u3011\u6668\u6668\u8173\u62bd\u7b4b\u3002\u9673\u5e2b\u5085\u4e00\u51fa\u99ac\uff01\u5408\u594f\u51fa\u7d55\u7f8e\u6a02\u7ae0\uff01\uff01\uff01"
        },
        {
            "id": "anSegsjha30",
            "title": "\u3010\u62dc\u5e2b\u5b78\u85dd!!\u3011\u62dc\u898b\u300e\u53f0\u7063\u7b2c\u4e00\u5f8c\u5bae\u738b\u300f\u8ce4\u8446\u5929\u8cc7\u8070\u7a4e\uff01\u7adf\u88ab\u6536\u70ba\u4e7e\u5152\u5b50\uff01\uff1f"
        },
        {
            "id": "C3vLfRsrEvQ",
            "title": "\u3010\u5973\u751f\u65e5\u5e38\u7206\u809d\u7bc7!!\u3011\u9023\u7e8c36\u5c0f\u6642\u4e0d\u7761\u89ba\uff01\u7528\u751f\u547d\u62cd\u7247\uff01\u6700\u5f8c\u300e\u4ed6\u300f\u660f\u5012\u4e86\u3002"
        },
        {
            "id": "3xnvWDHDkeQ",
            "title": "\u3010\u6668\u6668\u96e2\u958b!?\u3011\u4e00\u5c01\u50f9\u503c300\u842c\u7684\u4fe1\uff01\u8b93\u6668\u6668\u7576\u5834\u843d\u6dda\uff01\u597d\u5566\uff5e\u6211\u4e5f\u6709\u54ed\u3002"
        },
        {
            "id": "0KqWeUz48b4",
            "title": "\u3010\u7d04\u6703\u6668\u6668\u7bc7!!\u3011\u6f5b\u5165\u6df1\u5c71\uff01\u63a2\u7d22\u300e\u53f0\u7063\u795e\u79d8\u6c34\u4e0a\u8239\u5c4b\u300f\u5c01\u9762Nice Nice\uff01"
        },
        {
            "id": "WYw8PEtR-WU",
            "title": "\u3010\u5927\u96c5\u8d85\u80fd\u529b\u958b\u7bb1!!\u3011\u201c\u4ed6\u201d\u662f\u7570\u8272\u77b3\u5bb6\u65cf\uff01\u8ce4\u8446\u7adf\u6703\u300e\u65e5\u672c\u5fcd\u8005\u9003\u812b\u8853\u300f\u54c1\u5b50\u5167\u81df\u80fd\u81ea\u884c\u4f4d\u79fb\uff01\uff1f"
        },
        {
            "id": "UB-6XFwfhtU",
            "title": "\u3010\u5973\u751f\u65e5\u5e38\u7a81\u8972\u7bc7!!\u3011\u4e00\u7537\u4e09\u5973\u540c\u7761\u56db\u4eba\u623f\uff01\u7a76\u7adf\u300e\u8ab0\u300f\u6703\u548c\u8ce4\u8446\u4e00\u8d77\u7761\uff1f"
        },
        {
            "id": "ynNIdHKFKmQ",
            "title": "\u3010\u6158...\u3011\u8d70\u7d05\u6bef\u524d\u670d\u88dd\u5927\u51fa\u5305\u3002\u53ea\u5269\u5169\u5c0f\u6642...\u903c\u4e0a\u7d55\u8def\u7528\u6728\u70ad\u6253\u626e\uff01\uff1f"
        },
        {
            "id": "sT3YxyTMdQ8",
            "title": "\u3010\u7834\u89e3\u8eab\u4e16\u4e4b\u8b0e!!\u3011\u82b1\u5169\u842c\u505a\uff24\uff2e\uff21\u89aa\u5b50\u9451\u5b9a\uff01\u8ce4\u8446\u677e\u9f20\u5230\u5e95\u662f\u4e0d\u662f\u5144\u59b9\uff01\uff1f"
        },
        {
            "id": "Cv6Y8vVpZtc",
            "title": "\u3010\u5973\u751f\u958b\u8eca\u65e5\u5e38!!\u3011\u6524\u724c\u5566\uff01\u9019\u96c6\u6a19\u984c\u4e0d\u77e5\u9053\u600e\u9ebc\u4e0b\u3002\u4f46\u5c01\u9762\u6211\u77e5\u9053\uff01\uff01\uff01"
        },
        {
            "id": "2Zpn0okJvfs",
            "title": "\u3010\u5730\u7344\u6311\u6230!!\u3011\u81ea\u88fd\u79c1\u4eba500\u516c\u5c3a\u969c\u7919\u8cfd\u300e\u7206\u7834\u5730\u96f7\u5340\u300f\u8b93\u5973\u53cb\u5011\u7576\u5834\u817f\u8edf\u5687\u54ed\uff01"
        },
        {
            "id": "NyMS-EG-hmM",
            "title": "\u3010700\u00b0C\u6975\u9ad8\u6eab!!\u3011\u7528\u300e\u822a\u7a7a\u5674\u5c04\u5f15\u64ce\u300f\u6539\u9020\u6210\u70e4\u8089\u67b6\uff01\u8089\u6703\u77ac\u9593\u71d2\u6210\u7070\u71fc\u55ce\uff1f"
        },
        {
            "id": "N19kBgEPRWU",
            "title": "\u3010\u8ce4\u8446\u708e\u4e0a\u4e8b\u4ef6\u3011\u6284\u8972\u63cf\u5716\uff1f\u4fb5\u6b0a\u88ab\u544a\uff1f\u300e\u6012\u783890\u842c!!!\u300f\u5c08\u696d\u5f8b\u5e2b\u6253\u81c9\u9178\u6c11\uff01\uff01\uff01"
        },
        {
            "id": "Sn7vnsnyaZc",
            "title": "\u3010\u5973\u751f\u65e5\u5e38\u5c2c\u8eca\u7bc7!!\u3011\u8ce4\u8446vs\u53f0\u5c0b\uff01\u4e09\u500d\u8eca\u901f\uff01\u8ab0\u624d\u662fYT\u754c\u6700\u6703\u98c6\u8eca\u7684\u59b9\u5b50\u5718\uff01\uff1f"
        },
        {
            "id": "b5u_iyTmAzA",
            "title": "\u3010\u6bd4\u4eba\u9084\u9ad8!!\u3011\u7528\u300e\u8d85\u5de8\u5927\u706b\u86c7\uff36\uff33\u5de8\u578b\u7515\u4ed4\u725b\u300f\u706b\u70e4\u91ce\u5473\uff01\u597d\u5403\u5230\u5168\u54e1\u66b4\u52d5\uff01\uff01\uff01"
        },
        {
            "id": "eGoUGp-CwtM",
            "title": "\u3010\u8ce4\u8446\u3011\u70ba\u4f55\u5f71\u7247\u8d8a\u51fa\u8d8a\u5c11\uff1f\u500b\u6027\u9b27\u4e0d\u5408\uff1f\u672c\u983b\u9053\u5fc5\u7136\u7684\u6539\u8b8a\u3002"
        },
        {
            "id": "0G45iGI67BE",
            "title": "\u3010\u53f0\u7063\u7e6a\u5e2b\u5927\u4e82\u9b25!!\u3011\u5c07\u59b9\u5b50\u5011\u5361\u901a\u5316\uff01\u7a76\u7adf\u8ab0\u624d\u662f\u300e\u53f0\u7063\u5716\u6587\u754c\u9738\u4e3b\u300f\uff01\uff01\uff01"
        },
        {
            "id": "b3UGQYDsTXY",
            "title": "\u3010QA\u7206\u5366100\u984c!!\u3011XX\u4e8b\u4ef6\uff1f\u8ce4\u8446\u64bf\u56de\u6536\u9577\u5927\uff1f\u53bb\u627e\u5427\uff01\u6240\u6709\u300e\u4e0d\u80fd\u8aaa\u7684\u516b\u5366\u300f\u90fd\u5728\u9019\u4e86\uff01\uff01\uff01"
        },
        {
            "id": "okbBgnVAQio",
            "title": "\u3010\u53f0\u7063\u8ced\u77f3\u7b2c\u4e8c\u96c6!!\u3011\u6012\u82b1\uff15\u842c\u627e\u300e\u570b\u5bf6\u5f92\u5f1f\u300f\u96d5\u523b\uff01\u7389\u77f3\u6536\u85cf\u5bb6\u7adf\u7528\uff12\uff10\u842c\u6536\u8cfc\uff01\uff1f@dokatv223 \u200b"
        },
        {
            "id": "yeml0eIDlVk",
            "title": "\u3010\u5973\u751f\u65e5\u5e38\u9632\u75ab\u7bc7!!\u3011\u4e00\u7537\u4e09\u5973\u5171\u8655\u4e00\u5ba4\uff01\u7a76\u7adf\u6709\u591a\u7d2f\u4eba\uff01\uff01\uff01"
        },
        {
            "id": "POIe9b_1QT8",
            "title": "\u3010\u8ce4\u8446\u79c1\u5e95\u4e0b\u813e\u6c23\u8d85\u721b\uff1f\u3011\u5973\u751f\u5011\u6012\u6574\u4ed6\u751f\u65e5\uff01\u6158\u906d\u8ce4\u8446\u7206\u7f75\u4e00\u9813\uff01\uff01\uff01"
        },
        {
            "id": "YezPxJsWZz0",
            "title": "\u3010\u4efb\u610f\u9580\u5be6\u9ad4\u5316!!\u3011\u5c07\u670b\u53cb\u50b3\u9001\u5230 \u6eff\u662f\u300e\u6bad\u5c4d\u7684\u7570\u4e16\u754c\u300f\u88ab\u5687\u5230\u54ed\u51fa\u4f86!!!?\uff08\u86c7\u4e38 \u963f\u6ef4 Hook \u6d0b\u8525 \u62f3\u723a)"
        },
        {
            "id": "J9HAYqJrqro",
            "title": "\u3010\u53f0\u7063\u5730\u4e0b\u8d8a\u91ce\u8cfd!!\u3011\u8def\u9762\u96aa\u5cfb!!!! \u6668\u6668\u80fd\u6210\u529f\u596a\u51a0\u55ce\uff1f"
        },
        {
            "id": "srks-fOx-O4",
            "title": "\u3010\u518d\u6230\u4e00\u5b57\u99ac!!\u3011\u6311\u6230\u300e\u706b\u7206\u7cfb\u5973\u53cb\u300f\u5e95\u7dda\uff01\u77ac\u9593\u66b4\u6012\u5927\u6253\u51fa\u624b\uff01\uff01\uff01"
        },
        {
            "id": "0OqsN3xQ48Y",
            "title": "\u3010\u5730\u7344\u6311\u6230!!\u3011\u65e5\u672c\u7981\u8ce3\u7684\u300e\u6cb9\u9b5a\u300f\u5403\u4e86\u771f\u7684\u6703\u8b93\u4eba\u760b\u72c2\u5674\u6cb9\u5c41\u55ce\uff01\uff1f\u53f2\u4e0a\u6700\u6158\u70c8\u7684\u4e00\u96c6\u3002"
        },
        {
            "id": "bby_pev1k1M",
            "title": "\u3010\u60b2\u5287!!!\u3011\u4e0d\u5c0f\u5fc3\u5f97\u4e86\u300e\u7e5e\u4e00\u5708\u5c31\u6703\u6b7b\u300f\u7684\u602a\u75c5\uff01@AChenchen_ @pinzi__"
        },
        {
            "id": "FoyYVx_v-MU",
            "title": "\u3010\u6b63\u59b9\u526a\u8f2fGet!!\u3011\u5077\u8ddf\u300e\u9006\u5929\u9577\u817f\u300f\u526a\u8f2f\u7d04\u6703\uff01\u60f3\u5728\u7121\u4eba\u591c\u666f\u5340\uff2f\uff2f\uff0c\u7adf\u88ab\u89c0\u773e\u652a\u5c40\uff01\uff01\uff01"
        },
        {
            "id": "8jlpYElGRZ4",
            "title": "\u3010\u6b63\u59b9\u6e2c\u8b0a\u6a5f\u3011\u53f2\u4e0a\u6700\u7206\u5366\u7684\u4e00\u96c6\uff01\u4e09\u59b9\u5b50\u760b\u72c2\u958b\u8eca\uff01\u5c45\u7136\u6709\u4eba\u4f86\u62cd\u7247\u4e0d\u7a7f\u5167\u8932\uff01\uff1f@AChenchen_   @pinzi__@hxy_0817"
        },
        {
            "id": "cDcNc9BSqDI",
            "title": "\u3010\u8d85\u9707\u64bc!!\u3011\u5927\u578b\u9ad8\u7a7a\u7159\u706bVS\u92fc\u677f\u8ca8\u6ac3\uff01\u5728\u300e\u5bc6\u9589\u7a7a\u9593\u653e\u7159\u706b\u300f\u610f\u5916\u62cd\u51fa\u96fb\u5f71\u7d1a\u756b\u9762\uff01\uff01\uff01"
        },
        {
            "id": "wC4J1Zsralg",
            "title": "\u3010\u4e00\u5200\u66b4\u5bcc\uff1f\u3011\u4e00\u9846\u77f3\u982d\uff15\u842c\u5143\uff01\u53f0\u7063\u8ced\u77f3\u5207\u7684\u8cfa\u55ce\uff1f@dokatv223"
        },
        {
            "id": "Y3I53x6u6aQ",
            "title": "\u3010\u5de5\u4f5c\u5ba4\u9f20\u60a3!!\u3011\u7528\u300e\u5929\u7afa\u9f20\u8eca\u8eca\u300f\u653b\u64ca\u8001\u9f20\u7684\u5de2\u7a74\uff01\uff01\uff01\u7d50\u5c40\u60b2\u50ac..."
        },
        {
            "id": "kqxroA9sTIA",
            "title": "\u3010YT\u96b1\u5f62\u5bcc\u8c6a\uff1f\u30112021\u5e74\u70ba\u4e86\u62cd\u7247\uff5e\u82b1\u300e3000\u842c\u5143\u300f\u8cb7\u4e00\u584a\u5730\uff0c\u7136\u5f8c\u5462\uff1f"
        },
        {
            "id": "Kgl3rCHorXs",
            "title": "\u3010\u4e00\u65e5\u7d04\u4e03\u5973!!\u3011\u7a76\u7adf\u80fd\u4e0d\u80fd\u627e\u5230\u300e\u7b2c\u56db\u4f4d\u300f\u5973\u53cb\uff01\uff1f"
        },
        {
            "id": "ooPHDBsTkHQ",
            "title": "\u3010\u8d85\u7375\u5947!!!\u3011\u628a\u6b63\u59b9\u6668\u6668\u6539\u9020\u6210\u300e\u4e00\u689d\u9f8d\u7378\uff01\uff1f\u300f\u4e0a\u8857\u904a\u884c\u592a\u903c\u771f\uff5e\u8def\u4eba\u8d85\u9a5a\u6050\uff01\uff01\uff01"
        },
        {
            "id": "wsDagDYjJec",
            "title": "\u3010\u611b\u7684\u4ea4\u63db\u79ae\u7269\u3011\u5c0f\u91ce\u8c93\u5957\u88dd\uff01\u4e00\u5b57\u99ac\u670d\u52d9\uff01\u677e\u9f20XXX\uff01\u610f\u5916\u7acb\u4e0b\u672c\u983b\u9053\u6700\u5049\u5927\u7684FLAG\uff5e\u7d33\u58eb\u5011\u6211\u5c31\u5e6b\u4f60\u5011\u5230\u9019\u4e86\uff01\uff01\uff01"
        },
        {
            "id": "1r4JzLSFx2g",
            "title": "\u3010\u77db\u76fe\u5927\u5c0d\u6c7a!!\u3011\u9ed1\u79d1\u6280\u5857\u6599vs\u53ef\u6a02\u66fc\u9640\u73e0\uff01\u4e00\u6b21\u591a\u7a2e\u5be6\u9a57\u8d85\u723d\u5feb\uff01\u521d\u6200\u9732\u81c9\u597d\u53ef\u611b\uff01@AChenchen_ @1129jerry"
        },
        {
            "id": "Q-xZ0z5pU0A",
            "title": "\u3010\u60b2\u5287!!\u3011\u5927\u96c5\u5de5\u4f5c\u5ba4\u906d\u5c0f\u5077\u3002\u88fd\u4f5c\u300e\u79d1\u6280\u9677\u9631\u300f\u5236\u88c1\u4ed6\uff01\u7d50\u5c40\u8d85\u723d\u5feb\uff01\uff01\uff1f"
        },
        {
            "id": "E7824ej_nX4",
            "title": "\u3010\u9b3c\u6ec5\u4e4b\u5203\u5be6\u9ad4\u5316!!\u3011\u4e5d\u67f1\u6700\u5f37\u300e\u5ca9\u67f1\u300f\u7684\u6b66\u5668\u5a01\u529b\u7a76\u7adf\u6709\u591a\u5927\uff01\uff1f@pinzi__"
        },
        {
            "id": "j1Yz478vJuU",
            "title": "\u6182\u9b31\u661f\u671f\u4e00\u4f86\u770b\u3010\u4e09\u500b\u5973\u751f\u958b\u8eca\u65e5\u5e38\u7bc7\u3011\u79c1\u5e95\u4e0b\uff0c\u8eca\u901f\u6bd4\u7537\u751f\u9084\u5feb\uff01\uff01\uff01"
        },
        {
            "id": "RK1rja7IvSk",
            "title": "\u983b\u9053\u4e09\u500b\u5973\u751f\u56de\u8986\u9178\u6c11\u7684\u8a71\uff01\u8ab0\u662f\u8d70\u5fc3\u738b\uff1f\u9178\u6c11BAD\uff08ft.\u6668\u6668 \u677e\u9f20 \u54c1\u5b50\uff09"
        },
        {
            "id": "YLptRtr9umE",
            "title": "\u3010\u6642\u9593\u7ba1\u7406\u3011\u4e00\u6b21\u7d04\u6b77\u4ee3\u5973\u53cb\u51fa\u4f86\u7d04\u6703\uff5e\u8ce4\u8446\u4fee\u7f85\u5834 \u610f\u5916\u8b93\u4e09\u500b\u5973\u751f\u5927\u7206\u54ed\uff01\uff08ft.\u6668\u6668 \u677e\u9f20 \u54c1\u5b50\uff09"
        },
        {
            "id": "oI837eNl_IQ",
            "title": "\u3010\u5730\u7344\u6311\u6230!!\u3011\u4e00\u9031\u53ea\u5403\u8778\u725b\uff0c\u808c\u8089\u91cf\u7a76\u7adf\u80fd\u63d0\u5347\u591a\u5c11\uff1f\u7d50\u679c\u9a5a\u4eba\uff01\uff01\uff01"
        },
        {
            "id": "3KLJPfhDWDs",
            "title": "\u3010\u6d41\u8a00\u7d42\u7d50!!\u3011 \u54c1\u5b50\u4e00\u5b57\u99ac\u5a01\u529b\u7a76\u7adf\u6709\u591a\u731b\uff1f\u8b93\u8ce4\u8446\u6490\u4e0d\u5230\u5341\u79d2\u5c31\uff2f\u4e86\uff5e"
        },
        {
            "id": "YIuNjFBWbyM",
            "title": "\u3010\u8d85\u9006\u5929\u9ed1\u79d1\u6280\u5857\u6599!!\u3011\u96de\u86cb\u5857\u4e0a\u5b83\uff0c\u7adf\u7136\u6bd4\u92fc\u9435\u9084\u5805\u786c\uff1f\u5de5\u4f5c\u5ba4\u6b66\u5668\u80fd\u6210\u529f\u64ca\u7834\u5b83\u55ce\uff01\uff1f@pinzi__ @1129jerry"
        },
        {
            "id": "pQuQL248yKY",
            "title": "\u3010\u6d41\u8a00\u7d42\u7d50!!\u3011\u6668\u6668\u7761\u8ce4\u8446\u5bb6\uff0c\u662f\u5426\u771f\u7684\u90fd\u68f5\u7761\uff01\uff1f"
        },
        {
            "id": "MCF4zMBxsuU",
            "title": "\u7528\u8ca8\u8eca\u62c9\u300e2\u7c73\u9577\u8d85\u5de8\u5927\u5f48\u7c27\u300f\u5c04iPhone\uff01\u5a01\u529b\u7a76\u7adf\u6709\u591a\u5f37\uff01\uff1f@\u5c0f\u6668 @\u963f\u664b"
        },
        {
            "id": "X6sQ5UIq8aQ",
            "title": "\u3010\u5730\u7344\u544a\u767d\u7e8c\u96c6!!\u3011\u5343\u547c\u842c\u559a\u300e\u4e00\u5b57\u99ac\u771f\u9762\u76ee\u300f\u516c\u958b\uff0c\u7a76\u7adf\u5979\u662f\u53ef\u611b\u59b9\u5b50\u9084\u662f\u5973\u6f22\u5b50\uff01\uff1f"
        },
        {
            "id": "yiRH956n6WI",
            "title": "\u3010\u9996\u6b21\u66dd\u5149!!\u3011\u8ce4\u8446\u5f48\u5409\u4ed6 jo\u7adf\u6709\u591a\u5f37\uff1f ft.\u9b54\u978bJoJo"
        },
        {
            "id": "mW8-4hv7DAY",
            "title": "\u3010\u6668\u6668\u79c1\u4e0b\u5c0d\u8a71\u8d85\u6bcd\u6e6f!!\u3011\u9019\u662f\u4e00\u90e8\u958b\u8eca\u5f71\u7247\uff0c\u4f46\u6211\u6c92\u6709\u8b49\u64da\uff01"
        },
        {
            "id": "q6qkQ0Dsl6s",
            "title": "\u3010!!!\u3011\u627e\u6668\u6668\u4e00\u8d77\u958b\u7bb1\u5de5\u4f5c\u5ba4\uff0c\u4e00\u5b57\u99ac\u5973\u53cb\u7a81\u7136\u8dd1\u4f86\u63a2\u73ed\uff01\uff1f"
        },
        {
            "id": "WsZlwHVoVqY",
            "title": "\u3010\u5730\u7344\u6311\u6230\u3011\u8207\u8d85\u6c92\u5076\u5305\u7684\u300e\u677e\u9f20\u5b78\u59b9\u300f\u7d04\u6703\uff0c\u5c3a\u5ea6\u592a\u5927\uff01\u8ce4\u8446\u6025\u558a\u5361\uff01\uff01\uff01"
        },
        {
            "id": "kJO5upqhKE0",
            "title": "\u3010\u6975\u5f37\u7834\u58de\u529b!!!\u3011\u53f2\u4e0a\u6700\u9ad8\u9435\u69cc\uff01\u5a01\u529b\u5927\u5230\u5be6\u9a57\u88ab\u8feb\u4e2d\u6b62\uff01\uff1f\u5be6\u9a57\u5931\u6557\u5c31\u62bdiPhone\u9001\u89c0\u773e\uff01\uff01\uff01"
        },
        {
            "id": "0d7H6R715Wo",
            "title": "\u3010\u8d85\u5730\u7344\u61f2\u7f70\uff01\u3011\u6436\u8ce4\u8446\u624b\u6a5f\uff0c\u96a8\u6a5f\u96fb\u8a71\u903c\u544a\u767d\uff01\u7adf\u7136\u6210\u529f\u8131\u9b6f\u3002\u3002\u3002\u7d50\u5c40\u8d85\u751c\u871c\uff01\uff01\uff01"
        },
        {
            "id": "QJ9d_PlQzF8",
            "title": "\u8d85\u597d\u8cfa\uff1f10\u79d2\u9418\uff0c\u80fd\u8cfa10\u842c\u5143\u7684\u8077\u696d\uff01\uff1f\uff5c\u53f0\u7063\u6975\u5c11\u6578  \u96fb\u5f71\u7279\u6548\u5e2b\u89e3\u6790\uff5c"
        },
        {
            "id": "4UFh4FEKdEg",
            "title": "\u81ea\u88fd\u6b66\u5668\u5927\u4e82\u9b25\uff01\u7a76\u7adf\u8ab0\u624d\u662f\u5de5\u4f5c\u5ba4\u8001\u5927\uff1f\uff08ft @huzi1989 @1129jerry \uff09"
        },
        {
            "id": "VuIe0ku1lS4",
            "title": "\u8ce4\u8446\u6012\u526a\u56db\u5e74\u9577\u9aee\uff0c\u5927\u5bb6\u7684\u53cd\u61c9\u662f\uff1f\u3010\u5de5\u4f5c\u5ba4\u65e5\u5e38#2\u3011ft.@huzi1989 @1129jerry @AJin_Jin"
        },
        {
            "id": "l8ROuxa38i8",
            "title": "\u3010\u8d85\u7206\u7b11!!\u3011\u7528\uff2f\uff2f\u63a7\u5236\u96fb\u6d41\u6025\u6025\u68d2\uff01\u80fd\u5426\u6210\u529f\u901a\u95dc\uff1f\u6700\u5c4c\u4e4b\u7537\u6c7a\u5b9a\u8cfd\uff01\u5730\u7344\u7d1a\u61f2\u7f70\uff01\uff01\uff01\uff08ft.\u80e1\u5b50 \u5c0f\u6f54 \u963f\u664b\uff09"
        },
        {
            "id": "gguGSOPU5Xo",
            "title": "\u3010\u8ce4\u8446\u3011\u518d\u898b\uff0c\u8b1d\u8b1d\u9019\u4e00\u5e74\u4f86\u7684\u966a\u4f34\u3002"
        },
        {
            "id": "qjYWWJXgbvI",
            "title": "\u3010\u8ce4\u8446\u65b0\u5973\u53cb?\u3011\u8207\u8d85\u53ef\u611b\u300e\u91cd\u6a5f\u5973\u5b69\u300f\u7d04\u6703\uff01\u8ce4\u8446\u60c5\u4e0d\u81ea\u7981\uff0c\u76f4\u63a5\u62b1\u56de\u5bb6\uff01"
        },
        {
            "id": "Bs5RFf786lg",
            "title": "\u3010\u6975\u72c2\u8b66\u544a!!\u3011\u81ea\u88fd\u706b\u7130\u7403\uff0c\u80fd\u5426\u6210\u529f\u70b8\u51fa\u300e\u5de8\u5927\u706b\u7130\u5716\u9a30!!?\u300f  feat.\u80e1\u5b50 \u5c0f\u6f54 \u963f\u664b"
        },
        {
            "id": "UMp1cJXjGCg",
            "title": "\u3010\u6015\u7206!!\u3011\u65e5\u672c\u552f\u4e00\u80fd\u62b1\u300e\u7345\u5b50\u300f\u7684\u52d5\u7269\u5712\uff01\u53ca\u6311\u6230\u65e5\u672c\u8a6d\u7570\u7b26\u5492\u6d1e\u7a9f\uff01\u300c\u4e5d\u5dde\u5fc5\u53bb\u4e94\u5927\u666f\u9ede\u300d"
        },
        {
            "id": "V1w3NpRkDUI",
            "title": "\u301010\u842cQ&A\u3011\u72c2\u56de100\u984c\uff01\u8ce4\u8446\u524d\u5973\u53cb\u8d85\u7d1a\u591a\uff1f\u5b5f\u7426\u771f\u7684\u55ae\u8eab\u55ce\uff1f\u300eQA\u8d85\u8aa0\u5be6\u56de\u7b54\u300f"
        },
        {
            "id": "YIv4iq8h9t8",
            "title": "\u3010\u87a2\u5e55\u521d\u543b\u3011\u60c5\u4eba\u7bc0\u300e\u8ce4\u8446\u300f\u662f\u5426\u80fd\u6210\u529f\u89aa\u3128\u3123....\u7d04\u51fa\u5b5f\u7426\uff1f"
        },
        {
            "id": "Flv_dQdQkh4",
            "title": "\u3010\u9b3c\u6ec5\u4e4b\u5203\u3011\u6700\u5b8c\u7f8e\u9084\u539f\u7684\u300e\u96f7\u4e4b\u547c\u5438/\u9739\u9742\u4e00\u9583!!! \u300fft\u5c0f\u6f54 \u80e1\u5b50\u7684\u5200 / \u9b3c\u6ec5\u306e\u5203\u3001\u96f7\u306e\u547c\u5438 \u6211\u59bb\u5584\u9038"
        },
        {
            "id": "NEKgSr6QtI0",
            "title": "\u3010\u8d85\u731b\u5fc5\u770b!!\u3011\u5de5\u696d\u96fb\u6247VS\u65b0\u5e74\u7159\u706b\uff01\u5c2c\u51fa\u300e\u8d85\u7f8e\u706b\u7130\u70ab\u98a8\u300f\uff01\uff1f\uff08ft.\u80e1\u5b50.\u5c0f\u6f54\uff09"
        },
        {
            "id": "QGs9ucncP1c",
            "title": "\u3010\u8d85\u96e2\u5947!!\u3011\u6436\u6551\u8d70\u5931\u7684\u8591\u6bcd\u9d28\uff0c\u7d50\u5c40\u610f\u5916\u611f\u4eba..."
        },
        {
            "id": "lm0D4dqoAL4",
            "title": "\u3010\u4e09\u5bf6\u64ca\u9000\u795e\u5668!!\u3011\u7528\u8d85\u5de8\u5927\u805a\u5149\u71c8\uff0c\u9583\u7206\u99ac\u8def\u4e09\u5bf6\uff01\uff08ft.\u80e1\u5b50 \u5c0f\u6f54\uff09"
        },
        {
            "id": "1lwS3ZnEfzQ",
            "title": "\u3010\u8ce4\u8446\u5973\u53cb\uff1f\u30112020\u4e0d\u6f14\u4e86\uff0c\u6211\u5011\u95dc\u4fc2\u5c31\u662f\u4f60\u5011\u60f3\u5f97\u90a3\u6a23\u3002\uff08ft\u5b5f\u7426\uff09"
        },
        {
            "id": "yN_FWc9UMDA",
            "title": "\u3010\u8d85\u9ad8\u9084\u539f!!!\u3011\u91cd\u73fe\u4e2d\u83ef\u4e00\u756a\u5c0f\u7576\u5bb6\u88e1\u300e\u6703\u98db\u821e\u7684\u83dc!!!\u300fft.\u80e1\u5b50 \u5c0f\u6f54"
        },
        {
            "id": "UiJ5ALCJOgw",
            "title": "\u3010\u7537\u4eba\u7684\u4ea4\u63db\u79ae\u7269-\u61f2\u7f70\u7bc7\u3011\u767c\u4e00\u90e8\u300e\u7d55\u5c0d\u9ec3\u6a19\u300f\u7684\u5f71\u7247!!! ft.\u80e1\u5b50 \u9177\u70ab \u5c0f\u6f54"
        }
    ]
}