{
    "video_info": {
        "id": "08OnDCfh2YE",
        "channelTitle": "\u641e\u795e\u99ac",
        "title": "\u3010\u591c\u5e02\u7206\u7d05\u3011\u7aae\u5230\u5403\u77f3\u982d\uff01\u7206\u7092\u9d5d\u5375\u77f3\u662f\u6700\u4f73\u4e0b\u9152\u83dc\uff1f",
        "description": "\u2764 \u6bcf\u5468\u4e09\u3001\u516d\u3001\u65e5\u90fd\u6709\u65b0\u5f71\u7247 !! \u5f9e\u4eca\u5929\u8d77\u958b\u59cb\u8a02\u95b1\u5427 !! \u2764\n\u52a0\u5165\u6703\u54e1\u2794https://www.youtube.com/channel/UCAsviiS5DE0pcuvxPRrrAzQ/join\n\u5728Facebook\u4e0a\u8ffd\u8e64\u6211\u5011 \u2794 https://www.facebook.com/ksmytstudio\n\u5728IG\u4e0a\u8ffd\u8e64\u6211\u5011 \u2794https://www.instagram.com/shenma_kingofcrap/\n\n\u2764\u5de5\u5546\u5408\u4f5c\u4fe1\u7bb1\uff1aksmytstudio@capsuleinc.cc\n\u2764\u8fa6\u6d3b\u52d5\u3001\u51fa\u5468\u908a\u3001\u806f\u540d\u5546\u54c1\u90fd\u6b61\u8fce\u627eCAPSULE\uff1a https://capsuleinc.co/\n\n\ud83c\udfac\u66f4\u591a\u5f71\u7247\ud83c\udfac\n\n\ud83c\udf54\u98df\u7269\u7cfb\u5217\ud83c\udf5f:https://goo.gl/fA7y1Z\n\ud83d\udca5\u65e5\u5e38\u7cfb\u5217\ud83d\udca5:https://goo.gl/qfbhyP\n\n\u4ee5\u4e0b\u662f\u6211\u5011\u7684\u4e3b\u983b\u9053\uff01\u6b61\u8fce\u4f86\u8a8d\u8b58\u6211\u5011\uff01\n\uff08\u9999\u6e2f\u4eba\uff09\u99ac\u7530\uff08\u5eda\u85dd\uff09\uff1ahttps://www.youtube.com/user/dimcookguide\n\uff08\u53f0\u7063\u4eba\uff09\u963f\u795e\uff08\u904a\u6232\uff09\uff1ahttps://www.youtube.com/user/charlie615119",
        "likeCount": "12637",
        "commentCount": "445",
        "viewCount": "398766"
    },
    "comments": [
        {
            "reply_id": "UgxziZCvJ4Bus0klbjB4AaABAg",
            "reply_content": "\u9d5d\u5375\u77f3\u53ef\u4ee5\u51b0\u6fc0\u6de9\u55ce",
            "likeCount": 0
        },
        {
            "reply_id": "UgzwB967WWKOrbb2N-t4AaABAg",
            "reply_content": "\u53ef\u4ee5\u4e8c\u6b21\u5229\u7528",
            "likeCount": 0
        },
        {
            "reply_id": "Ugy9t4wdwhAg9Nqgto14AaABAg",
            "reply_content": "\u6700\u8352\u8b2c\u7684\u4e0d\u662f\u7092\u77f3\u982d\uff0c\u662f\u5225\u4eba\u5410\u6389\u6389\u77f3\u982d\u518d\u62ff\u56de\u4f86\u7092",
            "likeCount": 0
        },
        {
            "reply_id": "UgwTDoOD56OtPkifB5d4AaABAg",
            "reply_content": "\u963f\u76f4\u63a5\u559d\u91ac\u6cb9\u5543\u849c\u4e0d\u662f\u66f4\u5feb",
            "likeCount": 0
        },
        {
            "reply_id": "UgxQ6OARuC3ATck4g6J4AaABAg",
            "reply_content": "\u4ee5\u524d\u6709\u4eba\u7528\u9e45\u5375\u77f3\u6cbe\u8001\u9648\u918b\u4e0b\u9152\u5403",
            "likeCount": 0
        },
        {
            "reply_id": "Ugwyjw9IzpiC2-ZdG_94AaABAg",
            "reply_content": "\u9d5d\u5375\u77f3\u53ef\u4ee5\u51b0\u6dc7\u6dcb\u55ce",
            "likeCount": 0
        },
        {
            "reply_id": "UgxV4HDLTPcODGxVGIx4AaABAg",
            "reply_content": "\u667a\u5546\u7a05\u9d5d\u5375\u77f3",
            "likeCount": 0
        },
        {
            "reply_id": "Ugz7-UxXf8GUJhY82-94AaABAg",
            "reply_content": "\u5de6\u6487\u5b50\u5831\u5230",
            "likeCount": 0
        },
        {
            "reply_id": "UgzOQn0X8uNlWUFhKCZ4AaABAg",
            "reply_content": "\u7092\u51fa\u77f3\u6cb9\u7b11\u5230\u809a\u75db",
            "likeCount": 0
        },
        {
            "reply_id": "UgwIOIa7UkO39a7hAxV4AaABAg",
            "reply_content": "\u6709\u9ede\u7121\u8a00",
            "likeCount": 0
        },
        {
            "reply_id": "UgwFZ4CBW1VmYK0gUUl4AaABAg",
            "reply_content": "\u77f3\u982d\u52a0\u71b1\u5176\u5be6\u883b\u5371\u96aa\u7684\uff0c\u5b8c\u5168\u4e0d\u77e5\u9053\u751a\u9ebc\u6642\u5019\u6703\u7206",
            "likeCount": 0
        },
        {
            "reply_id": "UgzSozhB7lH7Un-vHRt4AaABAg",
            "reply_content": "\u597d\u610f\u5916\u54e6\u554a\u795e\u7adf\u7136\u6703\u767c\u7247",
            "likeCount": 0
        },
        {
            "reply_id": "UgyiE1PAKLwv-Ne0twh4AaABAg",
            "reply_content": "\u9806\u4fbf\u8aaa\u4e2d\u570b\u7684\u78ba\u6709\u6599\u7406\u4f46\u662f\u4e0d\u662f\u5403\u77f3\u982d\u4e3b\u8981\u53ea\u662f\u5403\u91ac\u6599\uff0c\u7576\u6642\u662f\u70ba\u4e86\u6709\u9ede\u5fd8\u4e86\u597d\u50cf\u662f\u6e2f\u53e3\u592a\u71b1\u5403\u4e0d\u4e0b\u98ef\u624d\u6709\u9019\u9053\u6599\u7406\u51fa\u73fe",
            "likeCount": 0
        },
        {
            "reply_id": "UgwRUB36Aa_ZCrlzzoR4AaABAg",
            "reply_content": "\u7206\u7092\u9d5d\u5375\u77f3\u53ef\u4ee5\u51b0\u6dc7\u6dcb\u55ce",
            "likeCount": 0
        },
        {
            "reply_id": "UgxJ0UOuWSiIKNDHQ294AaABAg",
            "reply_content": "\u662f\u55e6\u4e1f\u4e0d\u662f\u6eaf\u4e1f",
            "likeCount": 0
        },
        {
            "reply_id": "UgxJU1sXww-4EhV40Cx4AaABAg",
            "reply_content": "\u4f60\u5011\u7684\u9ed8\u5951\u8d8a\u4f86\u8d8a\u597d\u560d\uff0c\u4ee5\u524d\u5f88\u6015\u4f60\u5011\u6253\u8d77\u4f86",
            "likeCount": 0
        },
        {
            "reply_id": "UgyfhlQXL3y1cfJhifR4AaABAg",
            "reply_content": "\u9084\u4ee5\u70ba\u662f\u50cf\u80af\u4e9e\u4e00\u6a23\u5403\u77f3\u982d\u7684\u6771\u897f\u539f\u4f86\u662f\u5403\u91ac\u6c41\ud83e\udd23",
            "likeCount": 0
        },
        {
            "reply_id": "Ugx1h1LkN-siqrBCxCZ4AaABAg",
            "reply_content": "\u6211\u8b8a\u6210\u76fe\u4e86",
            "likeCount": 0
        },
        {
            "reply_id": "UgwduDeZKm903KF8_ZJ4AaABAg",
            "reply_content": "\u9084\u53ef\u4ee5\u91cd\u8907\u5229\u7528",
            "likeCount": 0
        },
        {
            "reply_id": "UgyzvN79VerXINvjPIV4AaABAg",
            "reply_content": "\u6f31\u9d70",
            "likeCount": 0
        }
    ]
}