{
    "video_info": {
        "id": "2w5joVZlxrI",
        "channelTitle": "\u641e\u795e\u99ac",
        "title": "\u3010\u6230\u9b25\u73a9\u5177\u3011\u5bf6\u53ef\u5922\u9032\u5316\u5c2a\u4ed4\u6a19\uff5c\u8d85\u5927\u76d2\u5834\u5730\u7adf\u7136\u662f\u7d19\u76ae",
        "description": "\u2764 \u6bcf\u5468\u4e09\u3001\u516d\u3001\u65e5\u90fd\u6709\u65b0\u5f71\u7247 !! \u5f9e\u4eca\u5929\u8d77\u958b\u59cb\u8a02\u95b1\u5427 !! \u2764\n\u52a0\u5165\u6703\u54e1\u2794https://www.youtube.com/channel/UCAsviiS5DE0pcuvxPRrrAzQ/join\n\u5728Facebook\u4e0a\u8ffd\u8e64\u6211\u5011 \u2794 https://www.facebook.com/ksmytstudio\n\u5728IG\u4e0a\u8ffd\u8e64\u6211\u5011 \u2794https://www.instagram.com/shenma_kingofcrap/\n\n\u2764\u5de5\u5546\u5408\u4f5c\u4fe1\u7bb1\uff1aksmytstudio@capsuleinc.cc\n\u2764\u8fa6\u6d3b\u52d5\u3001\u51fa\u5468\u908a\u3001\u806f\u540d\u5546\u54c1\u90fd\u6b61\u8fce\u627eCAPSULE\uff1a https://capsuleinc.co/\n\n\ud83c\udfac\u66f4\u591a\u5f71\u7247\ud83c\udfac\n\n\ud83c\udf54\u98df\u7269\u7cfb\u5217\ud83c\udf5f:https://goo.gl/fA7y1Z\n\ud83d\udca5\u65e5\u5e38\u7cfb\u5217\ud83d\udca5:https://goo.gl/qfbhyP\n\n\u4ee5\u4e0b\u662f\u6211\u5011\u7684\u4e3b\u983b\u9053\uff01\u6b61\u8fce\u4f86\u8a8d\u8b58\u6211\u5011\uff01\n\uff08\u9999\u6e2f\u4eba\uff09\u99ac\u7530\uff08\u5eda\u85dd\uff09\uff1ahttps://www.youtube.com/user/dimcookguide\n\uff08\u53f0\u7063\u4eba\uff09\u963f\u795e\uff08\u904a\u6232\uff09\uff1ahttps://www.youtube.com/user/charlie615119",
        "likeCount": "3774",
        "commentCount": "52",
        "viewCount": "130827"
    },
    "comments": [
        {
            "reply_id": "Ugyyr59QhtVTU-bI6CZ4AaABAg",
            "reply_content": "\u958b\u5834\u8b8a\u5c0f\u8072\u4e86\u6b38",
            "likeCount": 1
        },
        {
            "reply_id": "UgwIPpQjj9JdIdXpTIN4AaABAg",
            "reply_content": "\u6211\u5011\u5bb6\u6709\u5bc6\u52d2\u9813\u7684",
            "likeCount": 0
        },
        {
            "reply_id": "Ugy844LBvEQ8SdBFw914AaABAg",
            "reply_content": "\u54c7",
            "likeCount": 0
        },
        {
            "reply_id": "UgyJ_EojazhIKUIlzmx4AaABAg",
            "reply_content": "\u53e6\u5916\u5169\u96bb\u662f\u55ae\u8ce3\u7684",
            "likeCount": 0
        },
        {
            "reply_id": "UgzHgHVRUn0giOfkDBV4AaABAg",
            "reply_content": "\u5f88\u597d\u73a9",
            "likeCount": 0
        },
        {
            "reply_id": "UgzDzMtctab31-jO1Kd4AaABAg",
            "reply_content": "\u597d\u8cb4\u597d\u5751",
            "likeCount": 0
        },
        {
            "reply_id": "UgwL3vtvaS4BDXe8pYR4AaABAg",
            "reply_content": "",
            "likeCount": 0
        },
        {
            "reply_id": "UgwKNOblYRFHxYJupMR4AaABAg",
            "reply_content": "\u4e00\u5343\u591a\u584a\u9084\u662f\u8cb7\u904a\u6232\u723d",
            "likeCount": 0
        }
    ]
}