{
    "video_info": {
        "id": "9Cq_q1-xI44",
        "channelTitle": "\u641e\u795e\u99ac",
        "title": "\u3010YT\u6642\u5149\u6a5f\u3011\u53ef\u6a02\u96b1\u85cf\u559d\u6cd5\uff5c\u9000\u4f11\u963f\u795e\u5875\u5c01\u5341\u5e74\u66dd\u5149\uff5c\u6f14\u7b97\u6cd5\u5e36\u6211\u770b\u7247",
        "description": "\u3010\u8ca9\u552e\u671f\u9593\uff1a2023/8/23-9/30\u3011\n\u641e\u795e\u99ac\u591a\u5143\u5b87\u5b99\u70e4\u8089\u5957\u7d44\uff1ahttps://lihi2.com/c5h84\n\u9999\u6e2f\u7684\u5b87\u5b99\u9019\u908a\u8d70\uff1ahttps://www.meatnpot.com/\n\n\ud83d\udd25\u53f0\u7063\u5957\u7d44\u7684\u51fa\u8ca8\u898f\u5247\ud83d\udd25\n- 9/21\u524d\u4e0b\u55ae\u4ed8\u6b3e\u5b8c\u6210\uff0c\u53ef\u5728\u4e2d\u79cb\u524d\u6536\u5230\n- 9/21\u5f8c\u4e0b\u55ae\u4ed8\u6b3e\u5b8c\u6210\u6703\u4f9d\u5e8f\u8a02\u55ae\u5b89\u6392\u51fa\u8ca8\uff0c\u4e2d\u79cb\u570b\u5b9a\u5047\u65e5\u53ca\u5047\u65e5\u9806\u5ef6\u81f3\u4e0a\u73ed\u65e5\u51fa\u8ca8\n\n\n\u2764 \u6bcf\u5468\u4e09\u3001\u516d\u3001\u65e5\u90fd\u6709\u65b0\u5f71\u7247 !! \u5f9e\u4eca\u5929\u8d77\u958b\u59cb\u8a02\u95b1\u5427 !! \u2764\n\u52a0\u5165\u6703\u54e1\u2794https://www.youtube.com/channel/UCAsviiS5DE0pcuvxPRrrAzQ/join\n\u5728Facebook\u4e0a\u8ffd\u8e64\u6211\u5011 \u2794 https://www.facebook.com/ksmytstudio\n\u5728IG\u4e0a\u8ffd\u8e64\u6211\u5011 \u2794https://www.instagram.com/shenma_kingofcrap/\n\n\u2764\u5de5\u5546\u5408\u4f5c\u4fe1\u7bb1\uff1aksmytstudio@capsuleinc.cc\n\u2764\u8fa6\u6d3b\u52d5\u3001\u51fa\u5468\u908a\u3001\u806f\u540d\u5546\u54c1\u90fd\u6b61\u8fce\u627eCAPSULE\uff1a https://capsuleinc.co/\n\n\ud83c\udfac\u66f4\u591a\u5f71\u7247\ud83c\udfac\n\n\ud83c\udf54\u98df\u7269\u7cfb\u5217\ud83c\udf5f:https://goo.gl/fA7y1Z\n\ud83d\udca5\u65e5\u5e38\u7cfb\u5217\ud83d\udca5:https://goo.gl/qfbhyP\n\n\u4ee5\u4e0b\u662f\u6211\u5011\u7684\u4e3b\u983b\u9053\uff01\u6b61\u8fce\u4f86\u8a8d\u8b58\u6211\u5011\uff01\n\uff08\u9999\u6e2f\u4eba\uff09\u99ac\u7530\uff08\u5eda\u85dd\uff09\uff1ahttps://www.youtube.com/user/dimcookguide\n\uff08\u53f0\u7063\u4eba\uff09\u963f\u795e\uff08\u904a\u6232\uff09\uff1ahttps://www.youtube.com/user/charlie615119",
        "likeCount": "7141",
        "commentCount": "222",
        "viewCount": "215795"
    },
    "comments": [
        {
            "reply_id": "UgxwNK4m9JYqZmuHzIh4AaABAg",
            "reply_content": "\u611f\u89ba\u9ed1\u677e\u6c99\u58eb\u662f\u56e0\u70ba\u804a\u5929\u804a\u592a\u4e45\u9000\u51b0\u4e86\uff0c\u6240\u4ee5\u624d\u6c92\u51b0\u7802",
            "likeCount": 19
        },
        {
            "reply_id": "UgzZKVsccJQanwL8wqF4AaABAg",
            "reply_content": "\u860b\u679c\u897f\u6253\u771f\u7684\u662f\u6642\u4ee3\u7684\u773c\u6dda\u6b38\u597d\u60f3\u518d\u559d\u4e00\u6b21\ud83d\ude22",
            "likeCount": 10
        },
        {
            "reply_id": "UgxKNYVsdgKQu57bYWF4AaABAg",
            "reply_content": "\u56e0\u70ba\u860b\u679c\u897f\u6253\u88e1\u9762\u6709\u61f8\u6d6e\u7269\u73fe\u5728\u6574\u689d\u7522\u7dda\u88ab\u67e5\u5c01\u5566\uff0c\u73fe\u5728\u9084\u6709\u8ce3\u7684\u5c31\u662f\u4ee5\u524d\u7684\u5eab\u5b58",
            "likeCount": 3
        },
        {
            "reply_id": "UgyicWSutHNeT1DwKgN4AaABAg",
            "reply_content": "\u53bb\u5e74\u4e8c\u6708\u96e2\u8077\u8ce3\u5834\u7684\uff0c\u5728\u9019\u4e4b\u524d\u5ee0\u5546\u5c31\u4f86\u53cd\u61c9\u5de5\u5ee0\u51fa\u554f\u984c\u4e0d\u80fd\u4f9b\u8ca8\u4e86\uff0c\u4e0d\u904e\u5fd8\u8a18\u660e\u78ba\u6642\u9593\u9ede",
            "likeCount": 1
        },
        {
            "reply_id": "Ugwd1QHHugKETUXuNPF4AaABAg",
            "reply_content": "\u539f\u5ee0\u53ef\u6a02\u51b0\u6c99\u6a5f\u5668\u5df2\u7d93\u7b97\u5f88\u5c11\u770b\u5230\u4e86 \u6211\u8a18\u5f97\u53bb\u5e74\u5728\u6843\u5712\u4e09\u5751\u8001\u8857\u88e1\u6709\u4e00\u53f0",
            "likeCount": 0
        },
        {
            "reply_id": "UgxeGxwjU0Y0kUgWRqZ4AaABAg",
            "reply_content": "\u82ac\u9054\u53ef\u4ee5\u8a66\u8a66\u770b",
            "likeCount": 0
        },
        {
            "reply_id": "UgxnyQExo5OjHoxS_Tx4AaABAg",
            "reply_content": "\u96ea\u78a7",
            "likeCount": 0
        },
        {
            "reply_id": "UgwHl8BgexQ5O3TvT9x4AaABAg",
            "reply_content": "\u6700\u559c\u6b61\u99ac\u7530\u5e36\u69cd\u7684\u6a23\u5b50\u4e86",
            "likeCount": 0
        },
        {
            "reply_id": "UgwRgrueMSrD-P-SORZ4AaABAg",
            "reply_content": "\u860b\u679c\u897f\u6253\u5df2\u7d93\u505c\u7522\u4e86",
            "likeCount": 0
        },
        {
            "reply_id": "UgzH0SQy6qFqld6pZFx4AaABAg",
            "reply_content": "\u860b\u679c\u897f\u6253\u505c\u7522\u4e86",
            "likeCount": 0
        },
        {
            "reply_id": "UgzonBT6nrJX65VrNIZ4AaABAg",
            "reply_content": "\u860b\u679c\u897f\u6253\u4e0d\u662f\u5168\u5bb6\u90fd\u6709\u55ce",
            "likeCount": 0
        },
        {
            "reply_id": "Ugy5YnT84OZzGBjJaDt4AaABAg",
            "reply_content": "\u904e\u51b7\u6c34",
            "likeCount": 0
        },
        {
            "reply_id": "Ugw3ziSApxGRWCkmeyt4AaABAg",
            "reply_content": "\u4e3a\u4ec0\u4e48\u963f\u795e\u7684\u8138\u767d\u767d\u7684",
            "likeCount": 0
        },
        {
            "reply_id": "Ugzb28MblUdFqACwuQd4AaABAg",
            "reply_content": "\u5947\u602a\u5609\u7fa9\u5e02\u9019\u908a\u860b\u679c\u8607\u6253\u96a8\u4fbf\u90fd\u770b\u5f97\u5230",
            "likeCount": 0
        },
        {
            "reply_id": "UgwUS8LGznjaBozQsCt4AaABAg",
            "reply_content": "\u56e0\u70ba\u860b\u679c\u897f\u6253\u516c\u53f8\u5012\u4e86",
            "likeCount": 0
        },
        {
            "reply_id": "UgyFKFcIdFAR1RPJQE94AaABAg",
            "reply_content": "\u6c23\u6ce1\u6c34\u597d\u50cf\u662f\u771f\u7a7a\u7684\u8a92",
            "likeCount": 0
        },
        {
            "reply_id": "UgxcojeEpPvDH6GyDKp4AaABAg",
            "reply_content": "\u860b\u679c\u897f\u6253\u4e4b\u524d\u88ab\u67e5\u51fa\u542b\u6709\u4e0d\u660e\u7269\u9ad4\u7684\u6c88\u6fb1\u7269\u6240\u4ee5\u505c\u5de5\u56e0\u6b64\u73fe\u5728\u8d85\u5546\u5e7e\u4e4e\u8cb7\u4e0d\u5230",
            "likeCount": 0
        },
        {
            "reply_id": "Ugz7iGIryS2ptKYcA_N4AaABAg",
            "reply_content": "\u70ed\u7231\u8003\u53e4\u7684\u7537\u4eba",
            "likeCount": 0
        },
        {
            "reply_id": "UgwB6OZ5sJeRjHXsNIp4AaABAg",
            "reply_content": "\u56e0\u70ba\u860b\u679c\u897f\u6253\u7684\u5de5\u5ee0\u88ab\u67e5\u51fa\u4e0d\u7b26\u885b\u751f\u6a19\u6e96\uff0c\u6240\u4ee5\u6539\u4e86\u540d\u5b57\u7e7c\u7e8c\u8ce3",
            "likeCount": 0
        },
        {
            "reply_id": "Ugw6SLXpYSt5Nms4p-14AaABAg",
            "reply_content": "\u60f3\u8ca7\u679c\u5e0c\u9054\u70ba\u751a\u9ebc\u5f88\u96e3\u8cb7\u5230\u7684\u8a71\u5c31\u6709\u95dc\u5230\u81ea\u7136\u4e86",
            "likeCount": 0
        }
    ]
}