{
    "video_info": {
        "id": "9YkZ3wUe7go",
        "channelTitle": "\u641e\u795e\u99ac",
        "title": "\u3010\u7334\u5b50\u5f0f\u6539\u9020\u3011\u82b1\u8cbb1xxxx\u6210\u70ba\u5047\u9762\u9a0e\u58eb\ud83d\udef5\u5168\u96fb\u52d5\u65cb\u98a8\u865f\u51fa\u767c\uff5c",
        "description": "\u2764 \u6bcf\u5468\u4e09\u3001\u516d\u3001\u65e5\u90fd\u6709\u65b0\u5f71\u7247 !! \u5f9e\u4eca\u5929\u8d77\u958b\u59cb\u8a02\u95b1\u5427 !! \u2764\n\u52a0\u5165\u6703\u54e1\u2794https://www.youtube.com/channel/UCAsviiS5DE0pcuvxPRrrAzQ/join\n\u5728Facebook\u4e0a\u8ffd\u8e64\u6211\u5011 \u2794 https://www.facebook.com/ksmytstudio\n\u5728IG\u4e0a\u8ffd\u8e64\u6211\u5011 \u2794https://www.instagram.com/shenma_kingofcrap/\n\n\u2764\u5de5\u5546\u5408\u4f5c\u4fe1\u7bb1\uff1aksmytstudio@capsuleinc.cc\n\u2764\u8fa6\u6d3b\u52d5\u3001\u51fa\u5468\u908a\u3001\u806f\u540d\u5546\u54c1\u90fd\u6b61\u8fce\u627eCAPSULE\uff1a https://capsuleinc.co/\n\n\ud83c\udfac\u66f4\u591a\u5f71\u7247\ud83c\udfac\n\n\ud83c\udf54\u98df\u7269\u7cfb\u5217\ud83c\udf5f:https://goo.gl/fA7y1Z\n\ud83d\udca5\u65e5\u5e38\u7cfb\u5217\ud83d\udca5:https://goo.gl/qfbhyP\n\n\u4ee5\u4e0b\u662f\u6211\u5011\u7684\u4e3b\u983b\u9053\uff01\u6b61\u8fce\u4f86\u8a8d\u8b58\u6211\u5011\uff01\n\uff08\u9999\u6e2f\u4eba\uff09\u99ac\u7530\uff08\u5eda\u85dd\uff09\uff1ahttps://www.youtube.com/user/dimcookguide\n\uff08\u53f0\u7063\u4eba\uff09\u963f\u795e\uff08\u904a\u6232\uff09\uff1ahttps://www.youtube.com/user/charlie615119",
        "likeCount": "6945",
        "commentCount": "307",
        "viewCount": "89550"
    },
    "comments": [
        {
            "reply_id": "UgwrsR_5gKbZ1mCB0Ih4AaABAg",
            "reply_content": "\u7b11\u6b7b\u90a3\u500b\u958b\u5834",
            "likeCount": 0
        },
        {
            "reply_id": "Ugx23CwIkV6zQPihLa94AaABAg",
            "reply_content": "\u96e3\u5f97\u7684\u5be6\u4f5c\u54c8\u54c8\u54c8\u54c8\u54c8",
            "likeCount": 0
        },
        {
            "reply_id": "UgzSuiE4HZKDpDCWt7t4AaABAg",
            "reply_content": "\u7537\u4eba\u7684\u6d6a\u6f2b",
            "likeCount": 0
        },
        {
            "reply_id": "UgyqiOomV1-n9RrPoXp4AaABAg",
            "reply_content": "\u592a\u5e25\u62c9",
            "likeCount": 0
        },
        {
            "reply_id": "UgzDL0dao-T6dp1Sq2B4AaABAg",
            "reply_content": "\u597d\u770b",
            "likeCount": 0
        },
        {
            "reply_id": "UgwNqONaZYFrgxKqCxF4AaABAg",
            "reply_content": "\u9019\u4e00\u500b\u500b\u5047\u9762\u9a0e\u58eb\u6211\u4e5f\u6709\u770b",
            "likeCount": 0
        },
        {
            "reply_id": "UgxL-vOpxLFjfCyxlaJ4AaABAg",
            "reply_content": "\u89e3\u9396\u65b0\u5834\u666f",
            "likeCount": 0
        },
        {
            "reply_id": "Ugy1_66GKQA0SQeHdb14AaABAg",
            "reply_content": "\u9000\u4f11\u5f8c\u76f4\u63a5\u5713\u7ae5\u5e74\u56de\u61b6\u6b38",
            "likeCount": 0
        },
        {
            "reply_id": "UgxRUeS4AqzD3zND77p4AaABAg",
            "reply_content": "\u9019\u96c6\u8d85\u597d\u7b11",
            "likeCount": 0
        },
        {
            "reply_id": "UgzC9j4qfxls74ElbmZ4AaABAg",
            "reply_content": "\u770b\u4e86\u5f71\u7247\u7684\u6211\u62bd\u6410\u6ee1\u5634\u553e\u6cab\u8981\u560e\u5b50",
            "likeCount": 0
        },
        {
            "reply_id": "UgwEzAtSYnppwJ0nxQx4AaABAg",
            "reply_content": "\u641e\u795e\u99ac\u8fd1\u5e74\u6700\u597d\u7b11\u7684\u5f71\u7247",
            "likeCount": 0
        },
        {
            "reply_id": "Ugx_4A4In_tTXIHlDwF4AaABAg",
            "reply_content": "\u99ac\u7530\u6709\u5920\u597d\u7b11",
            "likeCount": 2
        },
        {
            "reply_id": "UgxS7SMzn7kMXTRQlv14AaABAg",
            "reply_content": "\u963f\u795e\u4f60\u5011\u4e5f\u53ef\u4ee5\u8cb7\u5047\u9762\u9a0e\u58eb\u7684\u8170\u5e36",
            "likeCount": 1
        },
        {
            "reply_id": "Ugz0YQ_S0fLwuaPF0Ax4AaABAg",
            "reply_content": "\u770b\u8fc7\u539f\u8457\u8ddf\u6ca1\u770b\u8fc7\u7684\u90fd\u6c89\u9ed8\u4e86",
            "likeCount": 1
        },
        {
            "reply_id": "UgyMg1yQ6wUCqCUo9F94AaABAg",
            "reply_content": "\u89c0\u770b\u5feb\u7a81\u7834\u4e00\u842c\u779c",
            "likeCount": 1
        },
        {
            "reply_id": "UgzSTqAs-sFN1z6aPsh4AaABAg",
            "reply_content": "\u5169\u5343\u4e86",
            "likeCount": 0
        },
        {
            "reply_id": "UgyHwajykf-e1-x1Gup4AaABAg",
            "reply_content": "\u8d85\u611b\u9019\u96c6",
            "likeCount": 0
        },
        {
            "reply_id": "UgxbDmcje-y1TU4olBx4AaABAg",
            "reply_content": "\u597d\u4e45\u6c92\u51fa\u9580\u7684\u611f\u89ba~\u53ef\u4ee5\u7559\u7d66\u5152\u5b50\u842c\u8056\u7bc0\u7684\u6642\u5019\u88dd\u626e\u7528",
            "likeCount": 0
        },
        {
            "reply_id": "UgyH-jngmfOdaNdco4p4AaABAg",
            "reply_content": "\u8aaa\u9019\u500b\u6211\u5c31\u4e0d\u56f0\u4e86",
            "likeCount": 0
        },
        {
            "reply_id": "Ugx63V2F3pNJQ0iZ-y94AaABAg",
            "reply_content": "\u5e0c\u671b\u4e0b\u6b21\u53ef\u4ee5\u9084\u539f\u6574\u5957\u670d\u88dd",
            "likeCount": 0
        }
    ]
}