{
    "video_info": {
        "id": "e3H7j4b2h_o",
        "channelTitle": "\u641e\u795e\u99ac",
        "title": "\u3010\u5f9e\u96f6\u958b\u59cb\u990a\u3011\u7db2\u4e0a\u7206\u7d05\u8292\u679c\u6838\ud83e\udd6d\u6700\u5bb9\u6613\u990a\u8d85\u7642\u7652\u7684\u6bdb\u5c0f\u5b69",
        "description": "\u6700\u5f8c\u4e00\u5929 !! \u4e0d\u77e5\u9053\u662f\u4e0d\u662f\u6700\u5f8c\u4e00\u6b21\uff0c\u4f46\u7d55\u5c0d\u7372\u5f97\u641e\u795e\u99ac\u8863\u67b6\u7684\u6700\u5f8c\u6a5f\u6703!!\n\u641e\u795e\u99ac\u591a\u5143\u5b87\u5b99\u70e4\u8089\u5957\u7d44\uff1ahttps://lihi2.com/c5h84\n\u9999\u6e2f\u7684\u5b87\u5b99\u9019\u908a\u8d70\uff1ahttps://www.meatnpot.com/\n\u60f3\u8981\u64c1\u6709\u99ac\u7530\u53d4\u53d4\u7368\u5bb6\u8a2d\u8a08\u7684\u963f\u795e\u99ac\u7530\u8863\u67b6\uff0c\u53ea\u9001\u4e0d\u8ce3\ud83d\udd25\ud83d\udd25\n\n\n\u2764 \u6bcf\u5468\u4e09\u3001\u516d\u3001\u65e5\u90fd\u6709\u65b0\u5f71\u7247 !! \u5f9e\u4eca\u5929\u8d77\u958b\u59cb\u8a02\u95b1\u5427 !! \u2764\n\u52a0\u5165\u6703\u54e1\u2794https://www.youtube.com/channel/UCAsviiS5DE0pcuvxPRrrAzQ/join\n\u5728Facebook\u4e0a\u8ffd\u8e64\u6211\u5011 \u2794 https://www.facebook.com/ksmytstudio\n\u5728IG\u4e0a\u8ffd\u8e64\u6211\u5011 \u2794https://www.instagram.com/shenma_kingofcrap/\n\n\u2764\u5de5\u5546\u5408\u4f5c\u4fe1\u7bb1\uff1aksmytstudio@capsuleinc.cc\n\u2764\u8fa6\u6d3b\u52d5\u3001\u51fa\u5468\u908a\u3001\u806f\u540d\u5546\u54c1\u90fd\u6b61\u8fce\u627eCAPSULE\uff1a https://capsuleinc.co/\n\n\ud83c\udfac\u66f4\u591a\u5f71\u7247\ud83c\udfac\n\n\ud83c\udf54\u98df\u7269\u7cfb\u5217\ud83c\udf5f:https://goo.gl/fA7y1Z\n\ud83d\udca5\u65e5\u5e38\u7cfb\u5217\ud83d\udca5:https://goo.gl/qfbhyP\n\n\u4ee5\u4e0b\u662f\u6211\u5011\u7684\u4e3b\u983b\u9053\uff01\u6b61\u8fce\u4f86\u8a8d\u8b58\u6211\u5011\uff01\n\uff08\u9999\u6e2f\u4eba\uff09\u99ac\u7530\uff08\u5eda\u85dd\uff09\uff1ahttps://www.youtube.com/user/dimcookguide\n\uff08\u53f0\u7063\u4eba\uff09\u963f\u795e\uff08\u904a\u6232\uff09\uff1ahttps://www.youtube.com/user/charlie615119",
        "likeCount": "6644",
        "commentCount": "148",
        "viewCount": "186780"
    },
    "comments": [
        {
            "reply_id": "UgxCw0mMWp3pB_--dmV4AaABAg",
            "reply_content": "\u5168\u53f0\u7b2c\u4e00\u5bb6\u8292\u679c\u9aee\u5eca\uff01\u5c31\u5728\u641e\u795e\u99ac\u7684\u983b\u9053\u88e1\u7531\u963f\u795e\u548c\u99ac\u7530\u5728\u7121\u610f\u4e2d\u51fa\u73fe\u4e86",
            "likeCount": 17
        },
        {
            "reply_id": "Ugznt3DTLM6njAjR8NR4AaABAg",
            "reply_content": "\u6211\u611f\u89ba\u7528\u571f\u8292\u679c\u4e00\u5b9a\u5f88\u591a\u6bdb",
            "likeCount": 3
        },
        {
            "reply_id": "UgzSx82ReAtYikFfgm14AaABAg",
            "reply_content": "\u55e8\u55e8",
            "likeCount": 1
        },
        {
            "reply_id": "UgzO4j13_XR9sB2RuAR4AaABAg",
            "reply_content": "\u963f\u795e\u4e4b\u524d\u8aaa\u628a\u4e8c\u500b\u4e3b\u983b\u9053\u95dc\u6389\u9019\u500b\u983b\u9053\u5c31\u6d3b\u5f97\u4e0b\u53bb \u73fe\u5728\u963f\u795e\u5df2\u7d93\u628a\u81ea\u5df1\u7684\u95dc\u6389\u4e86\u90a3\u99ac\u7530\u4f60",
            "likeCount": 1
        },
        {
            "reply_id": "UgyrSSZnYL9OA82uqkN4AaABAg",
            "reply_content": "\u53ef\u80fd\u662f\u5237\u592a\u7528\u529b\u4e86\u5237\u6389\u7e96\u7dad",
            "likeCount": 0
        },
        {
            "reply_id": "UgyzRrMVkPPwRgOwHmF4AaABAg",
            "reply_content": "\u53ef\u4ee5\u518d\u627e\u9ec3\u6c0f\u5144\u5f1f\u62cd\u7247\u55ce",
            "likeCount": 0
        },
        {
            "reply_id": "Ugy2jg7uQD8NcBBdy_l4AaABAg",
            "reply_content": "\u9019\u9846\u8292\u679c\u4e5f\u7b97\u6dcb\u6f13\u76e1\u81f4\u4e86",
            "likeCount": 0
        },
        {
            "reply_id": "Ugwh-HfLD7XejTnQ9W54AaABAg",
            "reply_content": "\u963f\u795e\u4f60\u53ef\u4ee5\u990a\u77f3\u982d",
            "likeCount": 0
        },
        {
            "reply_id": "UgyM9PFnZTNeY5miKRx4AaABAg",
            "reply_content": "\u7b2c\u4e09\u6b21\u4f7f\u7528\u9019\u500b\u8292\u679c\u61c9\u8a72\u662f\u767c\u82bd\u4e86",
            "likeCount": 0
        },
        {
            "reply_id": "Ugy3OUAfftDWzSRq9IN4AaABAg",
            "reply_content": "\u6211\u60f3\u990a\u77f3\u982d\u4e86",
            "likeCount": 0
        },
        {
            "reply_id": "UgyP2tvtybF41x3tpsl4AaABAg",
            "reply_content": "\u7528\u571f\u8292\u679c\u53ef\u80fd\u6703\u6bd4\u8f03\u597d",
            "likeCount": 0
        },
        {
            "reply_id": "UgwlQ2EGV5OJSrOD2Hp4AaABAg",
            "reply_content": "\u6210\u679c\u771f\u7684\u883b\u53ef\u611b\u7684",
            "likeCount": 0
        },
        {
            "reply_id": "Ugx-e63j8nNzhq6P_Ih4AaABAg",
            "reply_content": "\u597d\u53ef\u611b\u54c8\u54c8\u54c8",
            "likeCount": 0
        },
        {
            "reply_id": "UgwTjydGA2Z6nr6y32F4AaABAg",
            "reply_content": "\u53c8\u4e00\u90e8\u6c92\u6210\u672c\u5287\u4f5c",
            "likeCount": 0
        },
        {
            "reply_id": "UgykW-PnVANqIoNkgjJ4AaABAg",
            "reply_content": "\u8292\u72d7",
            "likeCount": 0
        },
        {
            "reply_id": "UgzLFXxyp5FCLhzfA154AaABAg",
            "reply_content": "\u662f\u8292\u72d7",
            "likeCount": 0
        },
        {
            "reply_id": "UgyfcWX7VfwxwOD2SrZ4AaABAg",
            "reply_content": "\u8292\u679c\u8d85\u597d\u5403",
            "likeCount": 0
        },
        {
            "reply_id": "UgzacOOPCuFjA_VLQ014AaABAg",
            "reply_content": "\u53ef\u611b\u7684\u8292\u72d7",
            "likeCount": 0
        },
        {
            "reply_id": "Ugx2l0MILnfhgWZIATh4AaABAg",
            "reply_content": "\u5e6b\u8292\u679c\u6838\u6d17\u6fa1\u7b97\u4ec0\u9ebc\u6211\u9084\u5e6b\u904e\u6885\u4e7e\u6838\u6d17\u6fa1\u5462",
            "likeCount": 0
        },
        {
            "reply_id": "Ugxtl78w26fmgk6VlpF4AaABAg",
            "reply_content": "\u958b\u982d\u4e0d\u9069\u5408\u914d\u98ef\u770b",
            "likeCount": 0
        }
    ]
}