{
    "video_info": {
        "id": "m1bMKBC-3Ic",
        "channelTitle": "\u641e\u795e\u99ac",
        "title": "\u3010\u771f\ud83d\udd25\u5bb6\u5ead\u5f71\u5ef3\u3011\u81ea\u88fd\u8c6a\u83ef\u96fb\u5f71\u9662\u5409\u62ff\u68d2\u6a5f\uff5c",
        "description": "\u7d50\u679c\u767c\u73fe\u6839\u672c\u662f\u9b06\u9905\u86cb\u7cd5\n\u624d\u4e0d\u662f\u5409\u62ff\u68d2XD\n\n\u2764 \u6bcf\u5468\u4e09\u3001\u516d\u3001\u65e5\u90fd\u6709\u65b0\u5f71\u7247 !! \u5f9e\u4eca\u5929\u8d77\u958b\u59cb\u8a02\u95b1\u5427 !! \u2764\n\u52a0\u5165\u6703\u54e1\u2794https://www.youtube.com/channel/UCAsviiS5DE0pcuvxPRrrAzQ/join\n\u5728Facebook\u4e0a\u8ffd\u8e64\u6211\u5011 \u2794 https://www.facebook.com/ksmytstudio\n\u5728IG\u4e0a\u8ffd\u8e64\u6211\u5011 \u2794https://www.instagram.com/shenma_kingofcrap/\n\n\u2764\u5de5\u5546\u5408\u4f5c\u4fe1\u7bb1\uff1aksmytstudio@capsuleinc.cc\n\u2764\u8fa6\u6d3b\u52d5\u3001\u51fa\u5468\u908a\u3001\u806f\u540d\u5546\u54c1\u90fd\u6b61\u8fce\u627eCAPSULE\uff1a https://capsuleinc.co/\n\n\ud83c\udfac\u66f4\u591a\u5f71\u7247\ud83c\udfac\n\n\ud83c\udf54\u98df\u7269\u7cfb\u5217\ud83c\udf5f:https://goo.gl/fA7y1Z\n\ud83d\udca5\u65e5\u5e38\u7cfb\u5217\ud83d\udca5:https://goo.gl/qfbhyP\n\n\u4ee5\u4e0b\u662f\u6211\u5011\u7684\u4e3b\u983b\u9053\uff01\u6b61\u8fce\u4f86\u8a8d\u8b58\u6211\u5011\uff01\n\uff08\u9999\u6e2f\u4eba\uff09\u99ac\u7530\uff08\u5eda\u85dd\uff09\uff1ahttps://www.youtube.com/user/dimcookguide\n\uff08\u53f0\u7063\u4eba\uff09\u963f\u795e\uff08\u904a\u6232\uff09\uff1ahttps://www.youtube.com/user/charlie615119",
        "likeCount": "7031",
        "commentCount": "176",
        "viewCount": "201342"
    },
    "comments": [
        {
            "reply_id": "Ugzklshw-vwm4pQ3g8B4AaABAg",
            "reply_content": "\u600e\u9ebc\u80fd\u671f\u5f85\u7528\u9b06\u9905\u7684\u539f\u6599\u8b8a\u6210\u5409\u62ff\u68d2\u5462\u54c8\u54c8\u54c8",
            "likeCount": 5
        },
        {
            "reply_id": "Ugy0OaH4fsvoWYxA9zd4AaABAg",
            "reply_content": "\u9019\u96c6\u62cd\u5b8c\u8d77\u4e69\u76f4\u63a5\u71b1\u641c",
            "likeCount": 1
        },
        {
            "reply_id": "UgxWLopxihzbZ3GEJpp4AaABAg",
            "reply_content": "\u6211\u81ea\u5df1\u901a\u5e38\u90fd\u4fc2\u53eb\u8089\u6842\u689d\uff0c\u4f30\u5514\u5230\u99ac\u7530\u6703\u8a71\u4fc2\u897f\u73ed\u7259\u6cb9\u689d",
            "likeCount": 1
        },
        {
            "reply_id": "UgwJCymvkTW-4oG27QR4AaABAg",
            "reply_content": "\u5f88\u9577",
            "likeCount": 1
        },
        {
            "reply_id": "UgzayLw1gglcnFZYstt4AaABAg",
            "reply_content": "\u9019\u4e0d\u5c31\u96de\u86cb\u7cd5",
            "likeCount": 0
        },
        {
            "reply_id": "Ugx3Qf9_RP-QTbAafj14AaABAg",
            "reply_content": "\u597d\u50cf\u6c92\u6709\u70b8",
            "likeCount": 0
        },
        {
            "reply_id": "UgzQ3M_lgUagsF_AlY54AaABAg",
            "reply_content": "\u4e0b\u6b21\u8a66\u8a66\u628a\u9019\u6750\u6599\n\u7528\u5728\u4e4b\u524d\u7684\u96de\u65e6\u4ed4\u6a5f\u5668\u4e0a",
            "likeCount": 0
        },
        {
            "reply_id": "Ugye-57iCw6m25vMq-B4AaABAg",
            "reply_content": "\u5982\u679c\u5728\u628a\u5b83\u90a3\u53bb\u70b8\u5462",
            "likeCount": 0
        },
        {
            "reply_id": "UgyjWXaE9ghFr0Z4ICJ4AaABAg",
            "reply_content": "\u5982\u679c\u963f\u795e\u505a\u7684\u9b06\u9905\u86cb\u7cd5\u62ff\u53bb\u8ce3\u4e00\u6703\u6703\u5927\u8ce3",
            "likeCount": 0
        },
        {
            "reply_id": "Ugz8LXS--NGoX06Dhdl4AaABAg",
            "reply_content": "\u6211\u61f7\u7591\u5728\u958b\u8eca\u4f46\u6211\u6c92\u6709\u8b49\u64da",
            "likeCount": 0
        },
        {
            "reply_id": "UgziLTDkzFexEvMOyhV4AaABAg",
            "reply_content": "\u539f\u4f86\u662f\u5409\u86cb\u7cd5\u7684\u90e8\u5206\u963f",
            "likeCount": 0
        },
        {
            "reply_id": "Ugzrf6VlYvcDLhSSxWN4AaABAg",
            "reply_content": "\u5409\u62ff\u68d2\u662f\u7528\u70b8\u7684",
            "likeCount": 0
        },
        {
            "reply_id": "UgyCJgaW5VaBvtXYlLp4AaABAg",
            "reply_content": "\u6211\u5728\u60f3\u6703\u4e0d\u6703\u662f\u4f60\u505a\u51fa\u4f86\u4ee5\u5f8c\u8981\u518d\u62ff\u53bb\u6cb9\u70b8\uff0c\u70b8\u5230\u8ddf\u5409\u62ff\u68d2\u4e00\u6a23\u624d\u662f\u6210\u54c1\uff0c\u56e0\u70ba\u9019\u500b\u770b\u8d77\u4f86\u5c31\u53ea\u662f\u505a\u51fa\u5409\u62ff\u68d2\u7684\u5f62\u72c0\u800c\u5df2",
            "likeCount": 0
        },
        {
            "reply_id": "UgwTc8e2gIVm69UZell4AaABAg",
            "reply_content": "\u73b0\u5728\u9a6c\u6765\u897f\u4e9a\u8def\u8fb9\u6709\u7684\u4e70\u5230\u5409\u62ff\u68d2",
            "likeCount": 0
        },
        {
            "reply_id": "UgzUDjP9oaoCz-baRqJ4AaABAg",
            "reply_content": "\u5409\u62ff\u68d2\u5f88\u597d\u5403",
            "likeCount": 0
        },
        {
            "reply_id": "Ugw9R2OvDeIlcvL7Cvx4AaABAg",
            "reply_content": "\u5409\u62ff\u68d2\u662f\u7528\u70b8\u7684\u5427\uff0c\u7528\u70e4\u7684\u600e\u9ebc\u505a\u90fd\u53ea\u662f\u5409\u62ff\u68d2\u9020\u578b\u9b06\u9905",
            "likeCount": 0
        },
        {
            "reply_id": "UgzsiIAaBH8DmjN68Zx4AaABAg",
            "reply_content": "\u8d85\u611b\u5403\u5409\u62ff\u68d2\u7684\u4e00\u5b9a\u8981\u8089\u6842",
            "likeCount": 0
        },
        {
            "reply_id": "UgyXfPh8Z8vsh-yx3El4AaABAg",
            "reply_content": "\u4f60\u5011\u8981\u7684\u61c9\u8a72\u662f\u7cd6\u7c89\u800c\u4e0d\u662f\u7d30\u7802\u7cd6\u5427",
            "likeCount": 0
        },
        {
            "reply_id": "UgzyVbFJJLx1NePWzxB4AaABAg",
            "reply_content": "",
            "likeCount": 0
        },
        {
            "reply_id": "Ugzv2u0QB7tU1x1PtBN4AaABAg",
            "reply_content": "\u9999\u6e2f\u90fd\u4fc2\u53eb\u5409\u62ff\u68d2\u8fea\u58eb\u5c3c\u5165\u908a\u6709",
            "likeCount": 0
        }
    ]
}