{
    "video_info": {
        "id": "pRBgtbB5vFo",
        "channelTitle": "\u641e\u795e\u99ac",
        "title": "\u3010\u6ecb\u6f64\u5fc3\u9748\u3011\u6787\u6777\u818f\u51b0\u6dc7\u6dcb\uff5c\u8a8d\u771f\u505a\u51b0\u6dc7\u6dcb\u6703\u6210\u529f\u55ce",
        "description": "\u3010\u8ca9\u552e\u671f\u9593\uff1a2023/8/23-9/30\u3011\n\u641e\u795e\u99ac\u591a\u5143\u5b87\u5b99\u70e4\u8089\u5957\u7d44\uff1ahttps://lihi2.com/c5h84\n\u9999\u6e2f\u7684\u5b87\u5b99\u9019\u908a\u8d70\uff1ahttps://www.meatnpot.com/\n\n\ud83d\udd25\u53f0\u7063\u5957\u7d44\u7684\u51fa\u8ca8\u898f\u5247\ud83d\udd25\n- 9/21\u524d\u4e0b\u55ae\u4ed8\u6b3e\u5b8c\u6210\uff0c\u53ef\u5728\u4e2d\u79cb\u524d\u6536\u5230\n- 9/21\u5f8c\u4e0b\u55ae\u4ed8\u6b3e\u5b8c\u6210\u6703\u4f9d\u5e8f\u8a02\u55ae\u5b89\u6392\u51fa\u8ca8\uff0c\u4e2d\u79cb\u570b\u5b9a\u5047\u65e5\u53ca\u5047\u65e5\u9806\u5ef6\u81f3\u4e0a\u73ed\u65e5\u51fa\u8ca8\n\n\n\u2764 \u6bcf\u5468\u4e09\u3001\u516d\u3001\u65e5\u90fd\u6709\u65b0\u5f71\u7247 !! \u5f9e\u4eca\u5929\u8d77\u958b\u59cb\u8a02\u95b1\u5427 !! \u2764\n\u52a0\u5165\u6703\u54e1\u2794https://www.youtube.com/channel/UCAsviiS5DE0pcuvxPRrrAzQ/join\n\u5728Facebook\u4e0a\u8ffd\u8e64\u6211\u5011 \u2794 https://www.facebook.com/ksmytstudio\n\u5728IG\u4e0a\u8ffd\u8e64\u6211\u5011 \u2794https://www.instagram.com/shenma_kingofcrap/\n\n\u2764\u5de5\u5546\u5408\u4f5c\u4fe1\u7bb1\uff1aksmytstudio@capsuleinc.cc\n\u2764\u8fa6\u6d3b\u52d5\u3001\u51fa\u5468\u908a\u3001\u806f\u540d\u5546\u54c1\u90fd\u6b61\u8fce\u627eCAPSULE\uff1a https://capsuleinc.co/\n\n\ud83c\udfac\u66f4\u591a\u5f71\u7247\ud83c\udfac\n\n\ud83c\udf54\u98df\u7269\u7cfb\u5217\ud83c\udf5f:https://goo.gl/fA7y1Z\n\ud83d\udca5\u65e5\u5e38\u7cfb\u5217\ud83d\udca5:https://goo.gl/qfbhyP\n\n\u4ee5\u4e0b\u662f\u6211\u5011\u7684\u4e3b\u983b\u9053\uff01\u6b61\u8fce\u4f86\u8a8d\u8b58\u6211\u5011\uff01\n\uff08\u9999\u6e2f\u4eba\uff09\u99ac\u7530\uff08\u5eda\u85dd\uff09\uff1ahttps://www.youtube.com/user/dimcookguide\n\uff08\u53f0\u7063\u4eba\uff09\u963f\u795e\uff08\u904a\u6232\uff09\uff1ahttps://www.youtube.com/user/charlie615119",
        "likeCount": "15472",
        "commentCount": "272",
        "viewCount": "248161"
    },
    "comments": [
        {
            "reply_id": "UgwOvFhHrNuPyLmuaN54AaABAg",
            "reply_content": "\u7834\u4e00\u842c\u4e86\u4f86\u505a\u6787\u6777\u818f\u645f\u4e0d\u80fd\u98df\u8a00",
            "likeCount": 3
        },
        {
            "reply_id": "UgzZjvy0tyNKkSFM3np4AaABAg",
            "reply_content": "\u7d42\u65bc\u7b49\u5230\u5fc3\u5fc3\u5ff5\u5ff5\u7684\u51b0\u6dc7\u6dcb\u7cfb\u5217\u4e86\n\u73fe\u5728\u5750\u7b49\u4e00\u842c\u8b9a\u770b\u795e\u99ac\u505a\u6b7b",
            "likeCount": 3
        },
        {
            "reply_id": "Ugxd5p6OYumAk140lb14AaABAg",
            "reply_content": "\u7834\u4e00\u842c\u4e86",
            "likeCount": 2
        },
        {
            "reply_id": "Ugy28uJKRpPeGRd5DXJ4AaABAg",
            "reply_content": "\u7834\u842c\u4e86\u5750\u7b49\u81ea\u88fd\u6787\u6777\u818f\u5f71\u7247",
            "likeCount": 2
        },
        {
            "reply_id": "UgxHOMncL6ArH-j-tbB4AaABAg",
            "reply_content": "\u7834\u4e00\u842c\u4e86",
            "likeCount": 1
        },
        {
            "reply_id": "Ugw4xrxqYUG250yDEqN4AaABAg",
            "reply_content": "\u7834\u4e00\u842c\u4e86",
            "likeCount": 1
        },
        {
            "reply_id": "UgwfNSyynkxIEqfLjOp4AaABAg",
            "reply_content": "\u54ce\u5466\u9ede\u8b9a\u4e00\u842c\u560d",
            "likeCount": 1
        },
        {
            "reply_id": "UgwG-qPeix-r1DkgORh4AaABAg",
            "reply_content": "\u4e0b\u6b21\u505a\u69b4\u83b2\u51b0\u6dc7\u6dcb",
            "likeCount": 1
        },
        {
            "reply_id": "UgyFAACJ0QhLJkNBjXx4AaABAg",
            "reply_content": "\u5065\u7d20\u7cd6\u51b0\u6dc7\u6dcb",
            "likeCount": 1
        },
        {
            "reply_id": "UgzFuQfPuu6i15cg5PZ4AaABAg",
            "reply_content": "\u6787\u6777\u818f\u5148\u8072\u660e\u6211\u662f\u85e5",
            "likeCount": 0
        },
        {
            "reply_id": "Ugy3OIWazHtCwQLPG4d4AaABAg",
            "reply_content": "\u963f\u795e\u51e0\u65f6\u8fd8\u539f\u6787\u6777\u818f",
            "likeCount": 0
        },
        {
            "reply_id": "Ugzb_7AwG-7v_G3rOEl4AaABAg",
            "reply_content": "\u6240\u4ee5\u662f\u6839\u672c\u5f04\u932f\u4e86\u55ce",
            "likeCount": 0
        },
        {
            "reply_id": "UgxsVbU4sYF3372n2yx4AaABAg",
            "reply_content": "\u9ea5\u7576\u52de\u77e5\u9053\u8ddf\u8ab0\u9023\u52d5\u4e86\u5427",
            "likeCount": 0
        },
        {
            "reply_id": "UgxbR78vyh8o5BAL7n54AaABAg",
            "reply_content": "\u9be1\u9b5a\u7f50\u982d\u51b0\u6dc7\u6dcb",
            "likeCount": 0
        },
        {
            "reply_id": "UgyI0W1tQ66BEu6S3Px4AaABAg",
            "reply_content": "\u5c45\u7136\u51fa\u7247\u4e86",
            "likeCount": 0
        },
        {
            "reply_id": "UgxL8xNK1jCCaEADCQJ4AaABAg",
            "reply_content": "\u7a81\u7136\u60f3\u5230\u65e2\u7136\u90fd\u7528\u6787\u6777\u818f\u505a\u51b0\u6dc7\u6dcb\u4e86\u70ba\u4ec0\u9ebc\u4e0d\u5617\u8a66\u505a\u5976\u8336",
            "likeCount": 0
        },
        {
            "reply_id": "UgzgAjsUwgjVtOU9HkN4AaABAg",
            "reply_content": "\u7834\u4e00\u842c\u4e86\u5594",
            "likeCount": 0
        },
        {
            "reply_id": "UgyAiSzgSXzqwN3HMT54AaABAg",
            "reply_content": "\u4e0d\u77e5\u9053\u4ec0\u9ebc\u6642\u5019\u53ef\u4ee5\u505a\u9eb5\u7dda\u53e3\u5473",
            "likeCount": 0
        },
        {
            "reply_id": "UgwtdTicJXqI_QINmHt4AaABAg",
            "reply_content": "\u597d\u4e45\u90fd\u6c92\u4f60\u5011\u7684\u5f71\u7247\u4e86",
            "likeCount": 0
        },
        {
            "reply_id": "UgzmtPaLZzqIgVJpYEp4AaABAg",
            "reply_content": "\u5927\u5bb6\u5feb\u591a\u770b\u641e\u795e\u99ac\u8b93\u963f\u795e\u7e7c\u7e8c\u62cd\u641e\u795e\u99ac",
            "likeCount": 0
        }
    ]
}