{
    "video_info": {
        "id": "rLulEgD7Utw",
        "channelTitle": "\u641e\u795e\u99ac",
        "title": "\u3010\u8056\u8a95\u9650\u5b9a\u30117-ELEVEN 12\u6b3e\u806f\u540d\u798f\u888b\uff5c\u958b\u51fa\u70e4\u7bb1+\u71d2\u70e4\u7210\uff5c\u9023\u63a8\u8eca\u884c\u674e\u7bb1\u90fd\u6709\uff01",
        "description": "\uff0a\u672c\u7247\u8207\u7d71\u4e00\u8d85\u5546\u5408\u4f5c\uff0a\n7-ELEVEN\u9019\u771f\u7684\u592a\u626f\u4e86\uff01\nHello Kitty 50\u9031\u5e74 / \u7f8e\u6a02\u8482x\u5eab\u6d1b\u7c73 / \u65e5\u7cfb\u7c21\u7d04SNOOPY / Tom & Jerry / \u6b50\u6d32\u4eba\u6c23Miffy / \u4e09\u773c\u602a\u8b8a\u88dd\u7cfb\u5217\n\u9084\u6709\u8d85\u8c6a\u83ef\u734e\u9805\u53ef\u4ee5\u62bd\ud83d\udd25\n\n\u795e\u99ac\u5e73\u5e38\u8cb7\u592a\u591a\u6587\u517799\u7684\u798f\u888b\uff0c\u54ea\u6709CP\u503c\u9019\u9ebc\u9ad8\u7684\u8056\u8a95\u798f\u888b\n\u525b\u597d\u795e\u99ac\u5de5\u4f5c\u5ba4\u4ec0\u9ebc\u5668\u6750\u90fd\u58de\u6389\u4e86\uff0c\u8d85\u9069\u5408\u66f4\u65b0\u4e00\u6ce2\u2764\ufe0f\n\n\u6301\u516b\u5927\u9280\u884c\u4fe1\u7528\u5361(\u570b\u6cf0/\u4e2d\u4fe1/\u7389\u5c71/\u53f0\u65b0/\u5bcc\u90a6/\u806f\u90a6/\u6c38\u8c50/\u65b0\u5149)+\u4e94\u5927\u652f\u4ed8\u5de5\u5177(icash2.0/icash Pay/\u60a0\u904a\u5361/\u4e00\u5361\u901a/\u6a58\u5b50\u652f\u4ed8)\u55ae\u7b46\u6eff500\u5143\u7acb\u629850\u5143\uff0c\u6eff1000\u5143\u7acb\u6298100\u5143\uff01\n\n12/1(\u4e94) 00:00 \u5927\u5bb6\u8a18\u5f97\u5feb\u53bb7-ELEVEN\u6436\u8cfc\u5427\uff01\n\u6d3b\u52d5\u8a73\u60c5\uff1ahttps://event.7-11.com.tw/711boutique/luckybag/index.aspx?event=24newyear\n\n\u2764 \u6bcf\u5468\u4e09\u3001\u516d\u3001\u65e5\u90fd\u6709\u65b0\u5f71\u7247 !! \u5f9e\u4eca\u5929\u8d77\u958b\u59cb\u8a02\u95b1\u5427 !! \u2764\n\u52a0\u5165\u6703\u54e1\u2794https://www.youtube.com/channel/UCAsviiS5DE0pcuvxPRrrAzQ/join\n\u5728Facebook\u4e0a\u8ffd\u8e64\u6211\u5011 \u2794 https://www.facebook.com/ksmytstudio\n\u5728IG\u4e0a\u8ffd\u8e64\u6211\u5011 \u2794https://www.instagram.com/shenma_kingofcrap/\n\n\u2764\u5de5\u5546\u5408\u4f5c\u4fe1\u7bb1\uff1aksmytstudio@capsuleinc.cc\n\u2764\u8fa6\u6d3b\u52d5\u3001\u51fa\u5468\u908a\u3001\u806f\u540d\u5546\u54c1\u90fd\u6b61\u8fce\u627eCAPSULE\uff1a https://capsuleinc.co/\n\n\ud83c\udfac\u66f4\u591a\u5f71\u7247\ud83c\udfac\n\n\ud83c\udf54\u98df\u7269\u7cfb\u5217\ud83c\udf5f:https://goo.gl/fA7y1Z\n\ud83d\udca5\u65e5\u5e38\u7cfb\u5217\ud83d\udca5:https://goo.gl/qfbhyP\n\n\u4ee5\u4e0b\u662f\u6211\u5011\u7684\u4e3b\u983b\u9053\uff01\u6b61\u8fce\u4f86\u8a8d\u8b58\u6211\u5011\uff01\n\uff08\u9999\u6e2f\u4eba\uff09\u99ac\u7530\uff08\u5eda\u85dd\uff09\uff1ahttps://www.youtube.com/user/dimcookguide\n\uff08\u53f0\u7063\u4eba\uff09\u963f\u795e\uff08\u904a\u6232\uff09\uff1ahttps://www.youtube.com/user/charlie615119",
        "likeCount": "7194",
        "commentCount": "176",
        "viewCount": "186368"
    },
    "comments": [
        {
            "reply_id": "UgxcErEvGK_QirqCN-14AaABAg",
            "reply_content": "\u671f\u5f85\u958b\u7bb1\u5168\u5bb6\u8056\u8a95\u8914\u888b",
            "likeCount": 1
        },
        {
            "reply_id": "UgzMbS8lNUac3330eBZ4AaABAg",
            "reply_content": "\u9019\u96c6\u771f\u7684\u597d\u50cf\u67d0\u5bf6\u76f4\u64ad\u5e36\u8ca8\u54c8\u54c8\u54c8\u54c8\u54c8\u54c8",
            "likeCount": 1
        },
        {
            "reply_id": "UgwmXn7ULdi57o_fEu14AaABAg",
            "reply_content": "\u958b\u7bb1\u597d\u68d2",
            "likeCount": 1
        },
        {
            "reply_id": "UgykOy7tNm15bAeWjFp4AaABAg",
            "reply_content": "\u5efa\u8bae\u628a\u5269\u4e0b\u7684\u7bb1\u5f00\u5b8c\u54c8\u54c8\u54c8\u54c8",
            "likeCount": 1
        },
        {
            "reply_id": "UgwQ8s-fGJCnDl8F3Nx4AaABAg",
            "reply_content": "\u6211\u8a18\u5f97\u53bb\u5e74\u662f\u7d66\u4e5d\u59b9\u958b\u7684",
            "likeCount": 1
        },
        {
            "reply_id": "UgxrbpiWDgDkSVqUDPx4AaABAg",
            "reply_content": "\u963f\u795e\u6703\u9858\u610f\u8cb7\u4e8c\u624b\u7684\u5eab\u6d1b\u7c73\u5a03\u5a03\u55ce",
            "likeCount": 0
        },
        {
            "reply_id": "UgzYjm_E_3l9HwBr6tR4AaABAg",
            "reply_content": "\u5728\u9a6c\u6765\u897f\u4e9a\u90fd\u60f3\u4e70\u4e5f",
            "likeCount": 0
        },
        {
            "reply_id": "UgwlxFLmuM0o-NfjFjp4AaABAg",
            "reply_content": "\u9019\u6b21\u798f\u888b\u6709\u641e\u982d",
            "likeCount": 0
        },
        {
            "reply_id": "UgyLp1yfQHzoJ0adhq54AaABAg",
            "reply_content": "\u611f\u8b1d\u628a\u62d4\u8b93\u795e\u99ac\u591a\u6d3b\u597d\u5e7e\u5929",
            "likeCount": 0
        },
        {
            "reply_id": "UgyvBTV6n9rZbPugMTJ4AaABAg",
            "reply_content": "\u597d\u60f3\u8981\u798f\u888b\u554a\u554a\u554a",
            "likeCount": 0
        },
        {
            "reply_id": "UgxJ67_CTCWNusyzVzt4AaABAg",
            "reply_content": "\u5e0c\u671b\u6709\u4ee3\u8cfc\u8cb7\u5b8c\u9001\u5230\u9999\u6e2f",
            "likeCount": 0
        },
        {
            "reply_id": "Ugw5Gb2fZGL-oX6SyjJ4AaABAg",
            "reply_content": "\u99ac\u7530\u5cf6\u89c0\u773e\u7747\u5b8c\u8868\u793a\u7fa8\u6155\u5992\u5fcc",
            "likeCount": 21
        },
        {
            "reply_id": "UgzJd5lbbctl8WBr4d94AaABAg",
            "reply_content": "\u9019\u6b21\u5de5\u5546\u62d4\u62d4\u5e6b\u641e\u795e\u99ac\u7701\u4e86\u597d\u591a\u5668\u5177\u9322",
            "likeCount": 7
        },
        {
            "reply_id": "UgzW5Cb512vNNp3z0Ed4AaABAg",
            "reply_content": "\u68d2",
            "likeCount": 0
        },
        {
            "reply_id": "UgwfL0bojqjMuqUNp294AaABAg",
            "reply_content": "\u5b89\u5b89",
            "likeCount": 0
        },
        {
            "reply_id": "UgywsWpAfDmQEWBkE0l4AaABAg",
            "reply_content": "\u5eab",
            "likeCount": 0
        }
    ]
}