{
    "video_info": {
        "id": "SnaIXDOl8_I",
        "channelTitle": "\u641e\u795e\u99ac",
        "title": "\u3010\u958b\u7bb1\u8a66\u5403\u3011\u9ebb\u8fa3\u9d28\u88405\u6b3e\ud83d\udd25line\u660e\u661f&\u6e2f\u661f\u53c3\u6230\uff5c\u6703\u8fa3\u5230\u80c3\u75db\u55ce",
        "description": "\u2764 \u6bcf\u5468\u4e09\u3001\u516d\u3001\u65e5\u90fd\u6709\u65b0\u5f71\u7247 !! \u5f9e\u4eca\u5929\u8d77\u958b\u59cb\u8a02\u95b1\u5427 !! \u2764\n\u52a0\u5165\u6703\u54e1\u2794https://www.youtube.com/channel/UCAsviiS5DE0pcuvxPRrrAzQ/join\n\u5728Facebook\u4e0a\u8ffd\u8e64\u6211\u5011 \u2794 https://www.facebook.com/ksmytstudio\n\u5728IG\u4e0a\u8ffd\u8e64\u6211\u5011 \u2794https://www.instagram.com/shenma_kingofcrap/\n\n\u2764\u5de5\u5546\u5408\u4f5c\u4fe1\u7bb1\uff1aksmytstudio@capsuleinc.cc\n\u2764\u8fa6\u6d3b\u52d5\u3001\u51fa\u5468\u908a\u3001\u806f\u540d\u5546\u54c1\u90fd\u6b61\u8fce\u627eCAPSULE\uff1a https://capsuleinc.co/\n\n\ud83c\udfac\u66f4\u591a\u5f71\u7247\ud83c\udfac\n\n\ud83c\udf54\u98df\u7269\u7cfb\u5217\ud83c\udf5f:https://goo.gl/fA7y1Z\n\ud83d\udca5\u65e5\u5e38\u7cfb\u5217\ud83d\udca5:https://goo.gl/qfbhyP\n\n\u4ee5\u4e0b\u662f\u6211\u5011\u7684\u4e3b\u983b\u9053\uff01\u6b61\u8fce\u4f86\u8a8d\u8b58\u6211\u5011\uff01\n\uff08\u9999\u6e2f\u4eba\uff09\u99ac\u7530\uff08\u5eda\u85dd\uff09\uff1ahttps://www.youtube.com/user/dimcookguide\n\uff08\u53f0\u7063\u4eba\uff09\u963f\u795e\uff08\u904a\u6232\uff09\uff1ahttps://www.youtube.com/user/charlie615119",
        "likeCount": "5095",
        "commentCount": "151",
        "viewCount": "167306"
    },
    "comments": [
        {
            "reply_id": "UgydWjqE7F8bjYvTg8B4AaABAg",
            "reply_content": "\u963f\u795e\u6700\u5f8c\u4e00\u90e8\u5f71\u7247",
            "likeCount": 2
        },
        {
            "reply_id": "Ugzgo1mJTUK5F4HNUBN4AaABAg",
            "reply_content": "\u9ebb\u8fa3\u9d28\u8840\u53ef\u4ee5\u51b0\u6dc7\u6dcb\u55ce",
            "likeCount": 2
        },
        {
            "reply_id": "UgzicH_Dkd0Ed0Ju71N4AaABAg",
            "reply_content": "\u524d\u6392\u8036",
            "likeCount": 2
        },
        {
            "reply_id": "Ugzx_--eO7EyoyWU4P14AaABAg",
            "reply_content": "\u6709\u6ca1\u6709\u4e00\u79cd\u53ef\u80fd\u4ed6\u4e0d\u7528\u5f00\u5c01\u76f4\u63a5\u653e\u6c34\u91cc\u716e\u719f\u4e86\u518d\u6253\u5f00",
            "likeCount": 1
        },
        {
            "reply_id": "Ugw3gDWoC3YX5Y8NZAF4AaABAg",
            "reply_content": "\u6211\u500b\u4eba\u4f86\u8aaa\u4e5f\u89ba\u5f97\u5c0f\u675c\u6bd4\u8f03\u597d\u5403",
            "likeCount": 1
        },
        {
            "reply_id": "UgytoUWtLJ_mhj53_-l4AaABAg",
            "reply_content": "\u611f\u89ba\u99ac\u7530\u5403\u4e86\u9d28\u8840\u8b1b\u570b\u8a9e\u8b8a\u6d41\u5229\u4e86",
            "likeCount": 1
        },
        {
            "reply_id": "Ugw1sMSVLsZbuvYBSxZ4AaABAg",
            "reply_content": "\u725b\u8089\u9eb5\u8abf\u7406\u5305\u4e5f\u883b\u591a\u7684\uff0c\u61c9\u8a72\u96a8\u96a8\u4fbf\u4fbf\u5c31\u6709\u516b\u6b3e\u5427",
            "likeCount": 1
        },
        {
            "reply_id": "Ugw6ouUQ742Ll3v4B3t4AaABAg",
            "reply_content": "\u8dea\u6c42\u8a66\u5403\u9ebb\u5a46\u8c46\u8150",
            "likeCount": 1
        },
        {
            "reply_id": "Ugxi08VXVrzUSXocccZ4AaABAg",
            "reply_content": "\u611f\u89ba\u4e0d\u932f\u5403",
            "likeCount": 0
        },
        {
            "reply_id": "UgwF0ByZy-MqOhcvsNN4AaABAg",
            "reply_content": "\u4e0d\u53ef\u4ee5\u6b3a\u8ca0\u718a\u5927",
            "likeCount": 0
        },
        {
            "reply_id": "Ugx27jpFe03P-wov2uR4AaABAg",
            "reply_content": "\u91d1\u7537\u723d",
            "likeCount": 0
        },
        {
            "reply_id": "UgwvZogWYTr__xI9AdV4AaABAg",
            "reply_content": "\u963f\u795e\u4f60\u4e0d\u662f\u8981\u505c\u66f4\u4e86\u55ce",
            "likeCount": 0
        },
        {
            "reply_id": "Ugy2XmYgrIiVgKL6Pjx4AaABAg",
            "reply_content": "\u54ea\u7a2e\u54ac\u4e0d\u65b7\u7684\u662f\u79d1\u6280\u5f88\u6d3b\u4e00\u5f04\u5c31\u662f\u8106\u7684\u662f\u6bd4\u8f03\u5929\u7136",
            "likeCount": 0
        },
        {
            "reply_id": "UgyF0qfBOlDMPbn8aYt4AaABAg",
            "reply_content": "\u4f86\u4e86",
            "likeCount": 0
        },
        {
            "reply_id": "Ugy6_I5uaafuBcPMfjp4AaABAg",
            "reply_content": "\u9019\u500b\u9084\u6703\u767c\u55ce",
            "likeCount": 0
        },
        {
            "reply_id": "UgytVKam3AE5fFz2D194AaABAg",
            "reply_content": "\u9ebb\u8fa3\u9d28\u8840\u53ef\u4ee5\u51b0\u6dc7\u6dcb\u55ce",
            "likeCount": 0
        },
        {
            "reply_id": "UgxyLvpYxJHv8fpjb7h4AaABAg",
            "reply_content": "\u53ef\u4ee5\u51fa\u4e00\u96c6\u6cb9\u571f\u4f2f\u51fa\u7684\u9ebb\u8fa3\u9d28\u8840\u8a55\u96c6\u770b\u770b",
            "likeCount": 0
        },
        {
            "reply_id": "Ugx0P5c57LvtunIdKlt4AaABAg",
            "reply_content": "\u6211\u63a8\u85a6\u4e00\u5bb6\u5728\u9ad8\u96c4\u7684\u706b\u934b\u5e97\u8700\u8001\u9999\u88e1\u9762\u7684\u9d28\u8840\u800c\u4e14\u9d28\u8840\u8ddf\u8c46\u8150\u53ef\u4ee5\u7121\u9650\u5403",
            "likeCount": 0
        },
        {
            "reply_id": "UgwkFEhiXBcsB_td1bR4AaABAg",
            "reply_content": "\u61c9\u8a72\u662f\u4e0d\u6703\u8fa3\u5230\u809a\u5b50\u75db\uff0c\u9209\u651d\u53d6\u5012\u662f\u6703\u8d85\u6a19\u5f88\u591a",
            "likeCount": 0
        },
        {
            "reply_id": "Ugw2k23CGiQJ9JfHe-N4AaABAg",
            "reply_content": "\u98df\u5b8c\u7206\u83ca\u82b1",
            "likeCount": 0
        }
    ]
}