{
    "video_info": {
        "id": "SrLQsNIKSNk",
        "channelTitle": "\u641e\u795e\u99ac",
        "title": "\u3010\u5de8\u5927\u5316\u707d\u96e3\u30111\u516c\u65a4\u9ad8\u7d1a\u91d1\u714c\u8292\u679cx\u9577\u6d32\u7cef\u7c73\u7ccd\ud83e\udd6d\u9ebb\u7cec\uff5c\ud83d\udd25\u7206\u767c\u53f2\u4e0a\u5927\u5931\u6557\uff1f",
        "description": "\u3010\u8ca9\u552e\u671f\u9593\uff1a2023/8/23-9/30\u3011\n\u641e\u795e\u99ac\u591a\u5143\u5b87\u5b99\u70e4\u8089\u5957\u7d44\uff1ahttps://lihi2.com/c5h84\n\u9999\u6e2f\u7684\u5b87\u5b99\u9019\u908a\u8d70\uff1ahttps://www.meatnpot.com/\n\n\ud83d\udd25\u53f0\u7063\u5957\u7d44\u7684\u51fa\u8ca8\u898f\u5247\ud83d\udd25\n- 9/21\u524d\u4e0b\u55ae\u4ed8\u6b3e\u5b8c\u6210\uff0c\u53ef\u5728\u4e2d\u79cb\u524d\u6536\u5230\n- 9/21\u5f8c\u4e0b\u55ae\u4ed8\u6b3e\u5b8c\u6210\u6703\u4f9d\u5e8f\u8a02\u55ae\u5b89\u6392\u51fa\u8ca8\uff0c\u4e2d\u79cb\u570b\u5b9a\u5047\u65e5\u53ca\u5047\u65e5\u9806\u5ef6\u81f3\u4e0a\u73ed\u65e5\u51fa\u8ca8\n\n\n\u2764 \u6bcf\u5468\u4e09\u3001\u516d\u3001\u65e5\u90fd\u6709\u65b0\u5f71\u7247 !! \u5f9e\u4eca\u5929\u8d77\u958b\u59cb\u8a02\u95b1\u5427 !! \u2764\n\u52a0\u5165\u6703\u54e1\u2794https://www.youtube.com/channel/UCAsviiS5DE0pcuvxPRrrAzQ/join\n\u5728Facebook\u4e0a\u8ffd\u8e64\u6211\u5011 \u2794 https://www.facebook.com/ksmytstudio\n\u5728IG\u4e0a\u8ffd\u8e64\u6211\u5011 \u2794https://www.instagram.com/shenma_kingofcrap/\n\n\u2764\u5de5\u5546\u5408\u4f5c\u4fe1\u7bb1\uff1aksmytstudio@capsuleinc.cc\n\u2764\u8fa6\u6d3b\u52d5\u3001\u51fa\u5468\u908a\u3001\u806f\u540d\u5546\u54c1\u90fd\u6b61\u8fce\u627eCAPSULE\uff1a https://capsuleinc.co/\n\n\ud83c\udfac\u66f4\u591a\u5f71\u7247\ud83c\udfac\n\n\ud83c\udf54\u98df\u7269\u7cfb\u5217\ud83c\udf5f:https://goo.gl/fA7y1Z\n\ud83d\udca5\u65e5\u5e38\u7cfb\u5217\ud83d\udca5:https://goo.gl/qfbhyP\n\n\u4ee5\u4e0b\u662f\u6211\u5011\u7684\u4e3b\u983b\u9053\uff01\u6b61\u8fce\u4f86\u8a8d\u8b58\u6211\u5011\uff01\n\uff08\u9999\u6e2f\u4eba\uff09\u99ac\u7530\uff08\u5eda\u85dd\uff09\uff1ahttps://www.youtube.com/user/dimcookguide\n\uff08\u53f0\u7063\u4eba\uff09\u963f\u795e\uff08\u904a\u6232\uff09\uff1ahttps://www.youtube.com/user/charlie615119",
        "likeCount": "6894",
        "commentCount": "278",
        "viewCount": "209611"
    },
    "comments": [
        {
            "reply_id": "UgxRwub7SKhGylGAtjF4AaABAg",
            "reply_content": "\u5e0c\u671b\u641e\u795e\u99ac\u6c38\u9060\u66f4\u65b0\u4e0b\u53bb",
            "likeCount": 11
        },
        {
            "reply_id": "Ugw5aQ9ui4dvxQmTWBV4AaABAg",
            "reply_content": "\u641e\u795e\u9a6c\u4e0d\u8981\u505c\u554a",
            "likeCount": 6
        },
        {
            "reply_id": "Ugzdqt4Hojn65h4SSax4AaABAg",
            "reply_content": "\u963f\u795e\u9019\u500b\u5e73\u9053\u6703\u505c\u8ddf\u55ce",
            "likeCount": 4
        },
        {
            "reply_id": "Ugyh-OJiYNVeGXojx2d4AaABAg",
            "reply_content": "\u7cef\u7c73\u7ccd\u76ae\u52a0\u5572\u6930\u5976\u6703\u597d\u98df\u5572",
            "likeCount": 2
        },
        {
            "reply_id": "UgzJvSqUPTfQwpu1ETp4AaABAg",
            "reply_content": "\u963f\u795e\u4e3b\u983b\u9053\u4e0d\u66f4\u65b0\u795e\u99ac\u9084\u6703\u55ce",
            "likeCount": 2
        },
        {
            "reply_id": "UgxcWHo5hqUywANjSi94AaABAg",
            "reply_content": "\u4ee5\u5f8c\u53ea\u80fd\u5728\u9019\u88e1\u770b\u5230\u963f\u795e\u55ce",
            "likeCount": 1
        },
        {
            "reply_id": "Ugxy81ypPTwqyOGIwwV4AaABAg",
            "reply_content": "\u5e0c\u671b\u4e8c\u4f4d\u8178\u80c3\u5065\u5eb7",
            "likeCount": 0
        },
        {
            "reply_id": "UgzdjJszWO1k1WWhF1F4AaABAg",
            "reply_content": "\u963f\u578b\u7684\u624b\u8ddf\u8173\u4e00\u6a23",
            "likeCount": 0
        },
        {
            "reply_id": "Ugy24dnIMCO3rykV60l4AaABAg",
            "reply_content": "\u611b\u6587\u6bd4\u8f03\u597d\u5403",
            "likeCount": 0
        },
        {
            "reply_id": "UgydBCODW0kLC6x4TXp4AaABAg",
            "reply_content": "\u60f3\u770b\u4fbf\u5229\u5546\u5e97\u5564\u9152\u8a66\u559d",
            "likeCount": 0
        },
        {
            "reply_id": "UgyJ_6WglqzFmpU1xTN4AaABAg",
            "reply_content": "\u6c34\u679c\u6709\u4e00\u90e8\u5206\u58de\u6389\u7684\u5176\u4ed6\u6700\u597d\u4e5f\u4e0d\u597d\u5403\u5594",
            "likeCount": 0
        },
        {
            "reply_id": "Ugz-29Vl7tY_-XEaMe94AaABAg",
            "reply_content": "\u6211\u53ea\u5e0c\u671b\u53ef\u4ee5\u770b\u5230\u641e\u795e\u99ac",
            "likeCount": 0
        },
        {
            "reply_id": "Ugz3uEaMnXZ2kKkRv514AaABAg",
            "reply_content": "\u61c9\u8a72\u53ef\u4ee5\u9000\u7684",
            "likeCount": 0
        },
        {
            "reply_id": "UgwoVbb-KhIafIW8CRV4AaABAg",
            "reply_content": "\u9019\u500b\u51b0\u6dc7\u6dcb\u53ef\u4ee5\u4e86",
            "likeCount": 0
        },
        {
            "reply_id": "Ugzc41qr2KHJKIWfGat4AaABAg",
            "reply_content": "\u554a\u795e\u8c22\u8c22\u4f60\u966a\u6211\u5230\u9ad8\u4e2d",
            "likeCount": 0
        },
        {
            "reply_id": "UgyzmVMoeKSD53aF-LV4AaABAg",
            "reply_content": "\u6211\u7d42\u65bc\u77e5\u9053\u70ba\u4ec0\u9ebc\u963f\u795e\u4e0d\u6703\u518d\u62cd\u4e86",
            "likeCount": 0
        },
        {
            "reply_id": "UgxILB26yZ5LbQzGF8p4AaABAg",
            "reply_content": "\u74e6\u5409\u5c0d\u8292\u679c\u4e0b\u624b\u4e86",
            "likeCount": 0
        },
        {
            "reply_id": "Ugx0Bxq9cPAR1JBtKUN4AaABAg",
            "reply_content": "\u963f\u795e",
            "likeCount": 0
        },
        {
            "reply_id": "UgzLK56_IjL4LXYx5tJ4AaABAg",
            "reply_content": "\u963f\u795e\u59b3\u9084\u6703\u505a\u641e\u4ec0\u9ebd\u55ce",
            "likeCount": 0
        },
        {
            "reply_id": "UgzKX6d4yRYxeasy3zd4AaABAg",
            "reply_content": "\u9577\u6d32\u90a3\u500b\u5f88\u597d\u5403",
            "likeCount": 0
        }
    ]
}