{
    "video_info": {
        "id": "usnDFZg27vw",
        "channelTitle": "\u641e\u795e\u99ac",
        "title": "\u3010\u7db2\u7d61\u7206\u7d05\u3011\u53ef\u611b\u52d5\u7269\u9020\u578b\u6599\u7406\uff5c\u7d50\u679c\u505a\u51fa\u4e86\u7d20\u98df\u4e73\u8c6c",
        "description": "\u3010\u8ca9\u552e\u671f\u9593\uff1a2023/8/23-9/30\u3011\n\u641e\u795e\u99ac\u591a\u5143\u5b87\u5b99\u70e4\u8089\u5957\u7d44\uff1ahttps://lihi2.com/c5h84\n\u9999\u6e2f\u7684\u5b87\u5b99\u9019\u908a\u8d70\uff1ahttps://www.meatnpot.com/\n\u76ee\u524d\u53f0\u7063\u70e4\u8089\u7d44\u4e0b\u5b9a\uff0c\u6703\u5728\u4e2d\u79cb\u7bc0\u300c\u5f8c\u300d\u6536\u5230\u5594\uff01\n\n\n\u2764 \u6bcf\u5468\u4e09\u3001\u516d\u3001\u65e5\u90fd\u6709\u65b0\u5f71\u7247 !! \u5f9e\u4eca\u5929\u8d77\u958b\u59cb\u8a02\u95b1\u5427 !! \u2764\n\u52a0\u5165\u6703\u54e1\u2794https://www.youtube.com/channel/UCAsviiS5DE0pcuvxPRrrAzQ/join\n\u5728Facebook\u4e0a\u8ffd\u8e64\u6211\u5011 \u2794 https://www.facebook.com/ksmytstudio\n\u5728IG\u4e0a\u8ffd\u8e64\u6211\u5011 \u2794https://www.instagram.com/shenma_kingofcrap/\n\n\u2764\u5de5\u5546\u5408\u4f5c\u4fe1\u7bb1\uff1aksmytstudio@capsuleinc.cc\n\u2764\u8fa6\u6d3b\u52d5\u3001\u51fa\u5468\u908a\u3001\u806f\u540d\u5546\u54c1\u90fd\u6b61\u8fce\u627eCAPSULE\uff1a https://capsuleinc.co/\n\n\ud83c\udfac\u66f4\u591a\u5f71\u7247\ud83c\udfac\n\n\ud83c\udf54\u98df\u7269\u7cfb\u5217\ud83c\udf5f:https://goo.gl/fA7y1Z\n\ud83d\udca5\u65e5\u5e38\u7cfb\u5217\ud83d\udca5:https://goo.gl/qfbhyP\n\n\u4ee5\u4e0b\u662f\u6211\u5011\u7684\u4e3b\u983b\u9053\uff01\u6b61\u8fce\u4f86\u8a8d\u8b58\u6211\u5011\uff01\n\uff08\u9999\u6e2f\u4eba\uff09\u99ac\u7530\uff08\u5eda\u85dd\uff09\uff1ahttps://www.youtube.com/user/dimcookguide\n\uff08\u53f0\u7063\u4eba\uff09\u963f\u795e\uff08\u904a\u6232\uff09\uff1ahttps://www.youtube.com/user/charlie615119",
        "likeCount": "5345",
        "commentCount": "116",
        "viewCount": "161040"
    },
    "comments": [
        {
            "reply_id": "Ugws3XtSSkabI1bWVdN4AaABAg",
            "reply_content": "\u6211\u771f\u5f97\u597d\u559c\u6b61\u526a\u8f2f\u5e2b\u628a\u4ed6\u5011\u597d\u7b11\u7684\u5730\u65b9\u90fd\u653e\u51fa\u4f86\ud83e\udd23\u5c24\u5176\u662f\u7279\u6548\u5e55\u5f8c\u90fd\u592a\u597d\u7b11\u4e86",
            "likeCount": 77
        },
        {
            "reply_id": "UgzijgbMaeJsxkPNqQV4AaABAg",
            "reply_content": "\u963f\u795e\u4ee5\u5f8c\u53ef\u4ee5\u8ddf\u4ed6\u7684\u5b69\u5b50\u8aaa\u4ed6\u662f\u901f\u98df\u696d\u5927\u4ea8",
            "likeCount": 10
        },
        {
            "reply_id": "Ugy5Y7gEZsusABIdr354AaABAg",
            "reply_content": "\u99ac\u9234\u85af\u525d\u76ae\u6c34\u716e\u5982\u679c\u4e0d\u6015\u6563\u6389\u53ef\u4ee5\u8a66\u8a66\uff0c\u524a\u76ae\u5f8c\u7684\u662f\u8981\u7528\u84b8\u7684",
            "likeCount": 5
        },
        {
            "reply_id": "UgzriQuHvosnUw2ctpZ4AaABAg",
            "reply_content": "\u660e\u5e74\u4e2d\u5143\u7bc0\u53ef\u4ee5\u51fa\u7d20\u4e09\u7272\u4e86",
            "likeCount": 2
        },
        {
            "reply_id": "UgzGZhybWy0OsFRZycd4AaABAg",
            "reply_content": "\u5728\u99ac\u9234\u85af\u4e2d\u9593\u62ff\u5200\u5283\u4e00\u5708\n\u99ac\u9234\u85af\u719f\u4e86\u4e4b\u5f8c\u62ff\u5eda\u623f\u7d19\u5dfe\u6216\u4e7e\u6de8\u7684\u5e03\u6293\u4f4f\u5de6\u53f3\u908a\n\u5de6\u53f3\u624b\u5169\u908a\u8f15\u8f15\u64a5\u6216\u8f49\u4e00\u4e0b\u76ae\u5c31\u6703\u6389\u4e86",
            "likeCount": 2
        },
        {
            "reply_id": "UgxEXKrVk6SBdjJFS114AaABAg",
            "reply_content": "\u672c\u5f71\u7247\u53ea\u6709\u795e\u99ac\u53d7\u50b7\u5bb3",
            "likeCount": 1
        },
        {
            "reply_id": "UgwLQiuemPIus8GpO094AaABAg",
            "reply_content": "\u72d7\u8089\u6599\u7406\u53ef\u4ee5\u5228\u51b0\u55ce",
            "likeCount": 1
        },
        {
            "reply_id": "UgxCLvWIDTzusp5TSPZ4AaABAg",
            "reply_content": "\u55e8",
            "likeCount": 1
        },
        {
            "reply_id": "UgzIomNcRSV-lgyMv_p4AaABAg",
            "reply_content": "\u592a\u53ef\u611b\u4e86",
            "likeCount": 0
        },
        {
            "reply_id": "UgxZ5gX3fhWN6y7ylP54AaABAg",
            "reply_content": "\u5f71\u7247\u91cd\u9ede\u5169\u500b\u5634\u5df4",
            "likeCount": 0
        },
        {
            "reply_id": "UgznXubUlRmZFTjQeA54AaABAg",
            "reply_content": "\u6211\u5df2\u7d93\u4e0d\u77e5\u9053\u662f\u72d7\u9084\u662f\u8c6c\u4e86",
            "likeCount": 0
        },
        {
            "reply_id": "Ugz2guLwxqsKeFyJHV94AaABAg",
            "reply_content": "\u90a3\u500b\u5c3e\u5df4\u592a\u53b2\u5bb3\u4e86",
            "likeCount": 0
        },
        {
            "reply_id": "Ugy29tlbPyhnDjyb6nh4AaABAg",
            "reply_content": "\u4e0d\u50cf",
            "likeCount": 0
        },
        {
            "reply_id": "UgwsClcA4KpBciXc0f14AaABAg",
            "reply_content": "\u72d7\u8089\u53ef\u4ee5\u51b0\u6dc7\u6dcb\u55ce",
            "likeCount": 0
        },
        {
            "reply_id": "UgzcYQLI0q3U6Xc6O1N4AaABAg",
            "reply_content": "\u54c8\u54c8\u54c8",
            "likeCount": 0
        },
        {
            "reply_id": "Ugyw8BBAdgZB4A7y16R4AaABAg",
            "reply_content": "\u9ce9\u8089",
            "likeCount": 0
        },
        {
            "reply_id": "Ugwzn0GYnrFr8IGp87V4AaABAg",
            "reply_content": "\u525b\u597d\u770b\u5230",
            "likeCount": 3
        },
        {
            "reply_id": "UgwWuriLXIPtZ9fH2GZ4AaABAg",
            "reply_content": "\u524d\u6392",
            "likeCount": 1
        }
    ]
}