{
    "video_info": {
        "id": "x6VAcrRixRU",
        "channelTitle": "\u641e\u795e\u99ac",
        "title": "\u3010\u958b\u7bb1\u8a66\u7528\u3011\u725b\u5976\uff0b\u512a\u683c\uff1d\u81ea\u88fd\u8d77\u53f8\uff01\ud83e\uddc0\ufe0f\uff5cdiy\u8d77\u53f8\u6a5f\u958b\u7bb1",
        "description": "\u2764 \u6bcf\u5468\u4e09\u3001\u516d\u3001\u65e5\u90fd\u6709\u65b0\u5f71\u7247 !! \u5f9e\u4eca\u5929\u8d77\u958b\u59cb\u8a02\u95b1\u5427 !! \u2764\n\u52a0\u5165\u6703\u54e1\u2794https://www.youtube.com/channel/UCAsviiS5DE0pcuvxPRrrAzQ/join\n\u5728Facebook\u4e0a\u8ffd\u8e64\u6211\u5011 \u2794 https://www.facebook.com/ksmytstudio\n\u5728IG\u4e0a\u8ffd\u8e64\u6211\u5011 \u2794https://www.instagram.com/shenma_kingofcrap/\n\n\u2764\u5de5\u5546\u5408\u4f5c\u4fe1\u7bb1\uff1aksmytstudio@capsuleinc.cc\n\u2764\u8fa6\u6d3b\u52d5\u3001\u51fa\u5468\u908a\u3001\u806f\u540d\u5546\u54c1\u90fd\u6b61\u8fce\u627eCAPSULE\uff1a https://capsuleinc.co/\n\n\ud83c\udfac\u66f4\u591a\u5f71\u7247\ud83c\udfac\n\n\ud83c\udf54\u98df\u7269\u7cfb\u5217\ud83c\udf5f:https://goo.gl/fA7y1Z\n\ud83d\udca5\u65e5\u5e38\u7cfb\u5217\ud83d\udca5:https://goo.gl/qfbhyP\n\n\u4ee5\u4e0b\u662f\u6211\u5011\u7684\u4e3b\u983b\u9053\uff01\u6b61\u8fce\u4f86\u8a8d\u8b58\u6211\u5011\uff01\n\uff08\u9999\u6e2f\u4eba\uff09\u99ac\u7530\uff08\u5eda\u85dd\uff09\uff1ahttps://www.youtube.com/user/dimcookguide\n\uff08\u53f0\u7063\u4eba\uff09\u963f\u795e\uff08\u904a\u6232\uff09\uff1ahttps://www.youtube.com/user/charlie615119",
        "likeCount": "6933",
        "commentCount": "106",
        "viewCount": "207267"
    },
    "comments": [
        {
            "reply_id": "UgzJI4Uss8Ucl9lzHFB4AaABAg",
            "reply_content": "\u81ea\u88fd\u8d77\u53f8\u53ef\u4ee5\u51b0\u6dc7\u6dcb\u55ce",
            "likeCount": 3
        },
        {
            "reply_id": "UgxCk3cPqyRrKAq4r2V4AaABAg",
            "reply_content": "\u5b89\u5b89",
            "likeCount": 2
        },
        {
            "reply_id": "Ugy3qvUuwqKjQrjoKAJ4AaABAg",
            "reply_content": "\u6211\u8a66\u904e\u7528\u5514\u540c\u4e73\u916a\u6574\u4e73\u916a\uff0c\u5e0c\u81d8\u5f0f\u4e73\u916a\u505a\u51fa\u4f86\u5473\u9053\u540c\u8cea\u611f\u90fd\u6bd4\u8f03\u597d",
            "likeCount": 1
        },
        {
            "reply_id": "Ugykk4TrpvY-XfUxPHV4AaABAg",
            "reply_content": "\u53ef\u4ee5\u512a\u683c\u52a0\u8d77\u53f8\u7684\u51b0\u9f4a\u53e6\u55ce",
            "likeCount": 1
        },
        {
            "reply_id": "UgxsPx9aPxicSQ7HRKt4AaABAg",
            "reply_content": "\u512a\u683c\u53ef\u4ee5\u51b0\u6dc7\u6dcb\u55ce",
            "likeCount": 0
        },
        {
            "reply_id": "Ugw0UliwpFYXeNY0vEZ4AaABAg",
            "reply_content": "\u8d77\u53f8\u914d\u7d05\u8461\u8404\u9152\u5f88\u642d\u914d",
            "likeCount": 0
        },
        {
            "reply_id": "UgxH6WWyDw5R-ToKa6B4AaABAg",
            "reply_content": "\u6211\u4e5f\u5728\u559d",
            "likeCount": 0
        },
        {
            "reply_id": "Ugy8m20as0wxlioVCpF4AaABAg",
            "reply_content": "\u4e73\u6e05\u6ffe\u51fa\u4f86\u5f8c\u7684\u53eb\u5976\u6cb9\u8d77\u53f8",
            "likeCount": 0
        },
        {
            "reply_id": "UgxYNwiu_DJV9BdiucR4AaABAg",
            "reply_content": "\u512a\u683c\u58de\u4e86",
            "likeCount": 0
        },
        {
            "reply_id": "UgwzuoGCSvtdjqivCT94AaABAg",
            "reply_content": "\u641e\u795e\u99ac\u7684\u6b63\u5e38\u767c\u63ee\u5c31\u662f\u641e\u7838",
            "likeCount": 0
        }
    ]
}