{
    "video_info": {
        "id": "XK_iGqw5orQ",
        "channelTitle": "\u641e\u795e\u99ac",
        "title": "\u301011\u6708\u65b0\u54c1\u3011\u6050\u6016\uff01kfc\u76ae\u86cb\u8525\u82b1\u8461\u64bb\uff5c\u7e7c\u5149\u7c89\u7d05\u9ed1\u8272\u70b8\u96de\uff5c3000\u5e74\u4eba\u5de5\u667a\u6a02\u53ef\u6a02\uff5c\u6f22\u5821\u738b\u96d9\u5c64\u570b\u738b\u5927\u96de\u5821",
        "description": "\u2764 \u6bcf\u5468\u4e09\u3001\u516d\u3001\u65e5\u90fd\u6709\u65b0\u5f71\u7247 !! \u5f9e\u4eca\u5929\u8d77\u958b\u59cb\u8a02\u95b1\u5427 !! \u2764\n\u52a0\u5165\u6703\u54e1\u2794https://www.youtube.com/channel/UCAsviiS5DE0pcuvxPRrrAzQ/join\n\u5728Facebook\u4e0a\u8ffd\u8e64\u6211\u5011 \u2794 https://www.facebook.com/ksmytstudio\n\u5728IG\u4e0a\u8ffd\u8e64\u6211\u5011 \u2794https://www.instagram.com/shenma_kingofcrap/\n\n\u2764\u5de5\u5546\u5408\u4f5c\u4fe1\u7bb1\uff1aksmytstudio@capsuleinc.cc\n\u2764\u8fa6\u6d3b\u52d5\u3001\u51fa\u5468\u908a\u3001\u806f\u540d\u5546\u54c1\u90fd\u6b61\u8fce\u627eCAPSULE\uff1a https://capsuleinc.co/\n\n\ud83c\udfac\u66f4\u591a\u5f71\u7247\ud83c\udfac\n\n\ud83c\udf54\u98df\u7269\u7cfb\u5217\ud83c\udf5f:https://goo.gl/fA7y1Z\n\ud83d\udca5\u65e5\u5e38\u7cfb\u5217\ud83d\udca5:https://goo.gl/qfbhyP\n\n\u4ee5\u4e0b\u662f\u6211\u5011\u7684\u4e3b\u983b\u9053\uff01\u6b61\u8fce\u4f86\u8a8d\u8b58\u6211\u5011\uff01\n\uff08\u9999\u6e2f\u4eba\uff09\u99ac\u7530\uff08\u5eda\u85dd\uff09\uff1ahttps://www.youtube.com/user/dimcookguide\n\uff08\u53f0\u7063\u4eba\uff09\u963f\u795e\uff08\u904a\u6232\uff09\uff1ahttps://www.youtube.com/user/charlie615119",
        "likeCount": "8932",
        "commentCount": "277",
        "viewCount": "245575"
    },
    "comments": [
        {
            "reply_id": "Ugx-fNXKkRXAbRJsws54AaABAg",
            "reply_content": "\u73fe\u5728\u60f3\u60f3\u6642\u9593\u904e\u7684\u771f\u5feb",
            "likeCount": 1
        },
        {
            "reply_id": "UgxvXlspps-ByGoi75J4AaABAg",
            "reply_content": "\u6211\u4eec\u9a6c\u6765\u897f\u4e9a\u4eba\u5403\u84b8\u86cb\u7684\u65f6\u5019\u86ee\u5e38\u52a0\u76ae\u86cb\u548c\u54b8\u86cb\u7684\u8bf6",
            "likeCount": 1
        },
        {
            "reply_id": "UgxVuJSu4O1rEWZj4wJ4AaABAg",
            "reply_content": "\u6c34\u871c\u6843\u53e3\u5473",
            "likeCount": 0
        },
        {
            "reply_id": "Ugy0wNoCxg0D-ipSt6J4AaABAg",
            "reply_content": "\u611f\u8b1d\u8a66\u6bd2",
            "likeCount": 0
        },
        {
            "reply_id": "UgwUHUseho8XcmkUz2h4AaABAg",
            "reply_content": "\u963f\u795e\u7684\u54ac\u5b57\u597d\u7279\u5225",
            "likeCount": 0
        },
        {
            "reply_id": "UgxVCLJM60uWMa7XEGJ4AaABAg",
            "reply_content": "\u76ae\u86cb\u86cb\u5854\u53ef\u4ee5\u51b0\u6dc7\u6dcb\u55ce",
            "likeCount": 0
        },
        {
            "reply_id": "Ugx6DdqkmhT3BSKdZbV4AaABAg",
            "reply_content": "\u90a3\u500b\u53ef\u6a02\u5f88\u591a\u4eba\u90fd\u8aaa\u5f88\u96e3\u559d",
            "likeCount": 0
        },
        {
            "reply_id": "UgydAx_pGMjcEM7h8IF4AaABAg",
            "reply_content": "\u90a3\u4e2a\u53ef\u53e3\u53ef\u4e50\u5728\u897f\u73ed\u7259\u5df2\u7ecf\u5c06\u8fd1\u51fa\u4e86\u4e24\u4e09\u4e2a\u6708\u4e86\u5427\uff0c\u6211\u4e00\u74f6\u90fd\u6ca1\u6709\u4e70\u8fc7",
            "likeCount": 0
        },
        {
            "reply_id": "UgyoBFeYnccE7ht-e8l4AaABAg",
            "reply_content": "\u99ac\u7530\u8b1b\u7684\u84b8\u86cb\u7d44\u5408\u6709\u53ef\u80fd\u662f\u53f0\u7063\u7684\u4e09\u8272\u86cb",
            "likeCount": 0
        },
        {
            "reply_id": "UgzkMw8lqi5xTBo-lUV4AaABAg",
            "reply_content": "\u53ef\u6a02",
            "likeCount": 0
        },
        {
            "reply_id": "UgzwHJWEpRlZRjq7CN54AaABAg",
            "reply_content": "\u99ac\u7530\u8aaa\u7684\u90a3\u500b\u52a0\u76ae\u86cb\u8ddf\u9e79\u86cb\u7684\u84b8\u86cb\u600e\u9ebc\u597d\u50cf\u6709\u9ede\u50cf\u67d0\u4e9b\u5c0f\u5403\u5e97\u6703\u8ce3\u7684\u4e09\u8272\u86cb\n\u90a3\u500b\u505a\u5f97\u597d\u7684\u8a71\u6703\u8d85\u7cbe\u7dfb\u8036\uff01\u6572\u7897\u5169\u4eba\u505a\u505a\u770b",
            "likeCount": 0
        },
        {
            "reply_id": "UgzNaVewxdHzNFhEbNt4AaABAg",
            "reply_content": "\u4e0d\u5c31\u4e09\u8272\u86cb",
            "likeCount": 0
        },
        {
            "reply_id": "UgzP1heqvCKaFzLxYSZ4AaABAg",
            "reply_content": "\u9ed1\u8272\u52dd\u51fa\u963f",
            "likeCount": 0
        },
        {
            "reply_id": "UgzXulD1cgvuAmsGl_V4AaABAg",
            "reply_content": "\u84b8\u86cb\u88e1\u9762\u52a0\u76ae\u86cb\u8ddf\u9e79\u86cb\u4e0d\u5c31\u662f\u4fbf\u7576\u88e1\u5e38\u51fa\u73fe\u7684\u4e09\u8272\u86cb\u55ce\ud83e\udd14",
            "likeCount": 0
        },
        {
            "reply_id": "UgzgFXJ7Pds9-JcxawR4AaABAg",
            "reply_content": "\u5c01\u9762\u932f\u4e86\u5427",
            "likeCount": 0
        },
        {
            "reply_id": "UgyxZlWOdQCbroDavAl4AaABAg",
            "reply_content": "\u672a\u4f86\u9084\u6703\u62cd\u5168\u806f\u806f\u540d\u7cfb\u5217\u55ce?\u6709\u6642\u5019\u770b\u5230\u65b0\u54c1\u90fd\u4e0d\u77e5\u9053\u5473\u9053\u600e\u9ebc\u6a23\u4e0d\u597d\u9078",
            "likeCount": 5
        },
        {
            "reply_id": "UgxSliVToPFAtDe71_d4AaABAg",
            "reply_content": "\u5404\u5927\u6d0b\u828b\u7247\u96f6\u98df\u985e\u7684\u6709\u51fa\u5f88\u591a\u5f88\u591a\u53e3\u5473\u611f\u89ba\u53ef\u4ee5\u8a66\u8a66",
            "likeCount": 1
        },
        {
            "reply_id": "UgyDDzMqKDwWFG6sXOd4AaABAg",
            "reply_content": "\u84b8\u86cb\u52a0\u76ae\u86cb\u548c\u9e79\u86cb\u7684\u662f\u4e09\u8272\u86cb",
            "likeCount": 0
        },
        {
            "reply_id": "Ugy-W1TKdkM_0FQvs-B4AaABAg",
            "reply_content": "\u90fd\u53ef\u4ee5\u51b0\u6dc7\u6dcb\u55ce",
            "likeCount": 0
        },
        {
            "reply_id": "UgyIGDz9a858tO8i4GR4AaABAg",
            "reply_content": "\u99ac\u7530\u8aaa\u7684\u5728\u53f0\u7063\u53eb\u4e09\u8272\u86cb",
            "likeCount": 0
        }
    ]
}