{
    "video_info": {
        "id": "xQVB3s83-pI",
        "channelTitle": "\u641e\u795e\u99ac",
        "title": "\u3010\u7f8e\u98df\u7834\u89e3\u3011\u7528\u4e00\u6574\u7f50\u5805\u679c\u505a\u62cc\u9eb5\uff5c100\uff05\u7d14\u5805\u679c\u91acdiy\ud83c\udf30\u8d85\u7c21\u55ae\u9ebb\u8fa3\u62cc\u9eb5",
        "description": "KAMI\u91ac\uff1ahttps://shopee.tw/kamikami_official\n\u26a0\ufe0fKAMI\u91ac\u662f\u985e\u6c99\u8336\u91ac\u7528\u6cd5\uff0c\u5efa\u8b70\u642d\u914d\u91ac\u6cb9\u6216\u5176\u4ed6\u8abf\u5473\u6599\u4f7f\u7528\uff0c\u9700\u8981\u5148\u652a\u62cc\u5747\u52fb\u5f8c\u518d\u4f7f\u7528\u907f\u514d\u53ea\u6cbe\u53d6\u5230\u8fa3\u6cb9\uff01\n\n\u2764 \u6bcf\u5468\u4e09\u3001\u516d\u3001\u65e5\u90fd\u6709\u65b0\u5f71\u7247 !! \u5f9e\u4eca\u5929\u8d77\u958b\u59cb\u8a02\u95b1\u5427 !! \u2764\n\u52a0\u5165\u6703\u54e1\u2794https://www.youtube.com/channel/UCAsviiS5DE0pcuvxPRrrAzQ/join\n\u5728Facebook\u4e0a\u8ffd\u8e64\u6211\u5011 \u2794 https://www.facebook.com/ksmytstudio\n\u5728IG\u4e0a\u8ffd\u8e64\u6211\u5011 \u2794https://www.instagram.com/shenma_kingofcrap/\n\n\u2764\u5de5\u5546\u5408\u4f5c\u4fe1\u7bb1\uff1aksmytstudio@capsuleinc.cc\n\u2764\u8fa6\u6d3b\u52d5\u3001\u51fa\u5468\u908a\u3001\u806f\u540d\u5546\u54c1\u90fd\u6b61\u8fce\u627eCAPSULE\uff1a https://capsuleinc.co/\n\n\ud83c\udfac\u66f4\u591a\u5f71\u7247\ud83c\udfac\n\n\ud83c\udf54\u98df\u7269\u7cfb\u5217\ud83c\udf5f:https://goo.gl/fA7y1Z\n\ud83d\udca5\u65e5\u5e38\u7cfb\u5217\ud83d\udca5:https://goo.gl/qfbhyP\n\n\u4ee5\u4e0b\u662f\u6211\u5011\u7684\u4e3b\u983b\u9053\uff01\u6b61\u8fce\u4f86\u8a8d\u8b58\u6211\u5011\uff01\n\uff08\u9999\u6e2f\u4eba\uff09\u99ac\u7530\uff08\u5eda\u85dd\uff09\uff1ahttps://www.youtube.com/user/dimcookguide\n\uff08\u53f0\u7063\u4eba\uff09\u963f\u795e\uff08\u904a\u6232\uff09\uff1ahttps://www.youtube.com/user/charlie615119",
        "likeCount": "5618",
        "commentCount": "135",
        "viewCount": "170267"
    },
    "comments": [
        {
            "reply_id": "Ugw4iRPmkU8WN3OAvNB4AaABAg",
            "reply_content": "\u4e5f\u4e0d\u77e5\u9053\u641e\u795e\u99ac\u9084\u80fd\u66f4\u65b0\u591a\u4e45",
            "likeCount": 13
        },
        {
            "reply_id": "UgwX4NbVle-4zOJOlVN4AaABAg",
            "reply_content": "\u597d\u50cf\u548c\u6c99\u55f2\u91ac\u633a\u914d\u7684",
            "likeCount": 4
        },
        {
            "reply_id": "UgwLSkD2Pmj6fNH7vkd4AaABAg",
            "reply_content": "\u9019\u90e8\u771f\u7684\u8ddf\u5c0f\u7de8\u8aaa\u7684\u4e00\u6a23\u5f88\u8a8d\u771f\u8036",
            "likeCount": 3
        },
        {
            "reply_id": "Ugwh6XS0o5JzaY7Nezd4AaABAg",
            "reply_content": "\u5f88\u611b\u5065\u5eb7\u7cfb\u5217",
            "likeCount": 3
        },
        {
            "reply_id": "Ugy-Jj2DKP7y9nM4RQJ4AaABAg",
            "reply_content": "\u963f\u795e\u5ef6\u7de9\u9000\u4f11\u8a08\u756b\u6210\u529f\n\u5b8c\u5168\u627e\u4e0d\u5230\u54ea\u88e1\u53ef\u4ee5\u8cb7",
            "likeCount": 3
        },
        {
            "reply_id": "Ugx0JQY-tFfJwEA-MKB4AaABAg",
            "reply_content": "\u70ba\u5565\u963f\u795e\u662f\u5de6\u6487\u5b50",
            "likeCount": 2
        },
        {
            "reply_id": "UgwFmIYbnbxx3-LmlfN4AaABAg",
            "reply_content": "\u4f86\u4e86\u795e\u7238",
            "likeCount": 2
        },
        {
            "reply_id": "Ugy-fkYNKiSma9wyyj54AaABAg",
            "reply_content": "\u694a\u6843\u98df\u8b5c\u7db2",
            "likeCount": 1
        },
        {
            "reply_id": "UgyPVuCHoFdEYrjNo954AaABAg",
            "reply_content": "\u59c6\u58eb\u6709\u51fa\u904e",
            "likeCount": 1
        },
        {
            "reply_id": "UgwLLdlShoHc7QIg7Ip4AaABAg",
            "reply_content": "\u5805\u679c\u53ef\u4ee5\u51b0\u5176\u6dcb\u55ce",
            "likeCount": 1
        },
        {
            "reply_id": "UgwyVx0b0C7CziFZYhx4AaABAg",
            "reply_content": "",
            "likeCount": 1
        },
        {
            "reply_id": "UgwBXrXmm6rVFh4xNNV4AaABAg",
            "reply_content": "\u4e3b\u8981\u662f\u5805\u679c\u5927\u90e8\u5206\u90fd\u5f88\u8cb4",
            "likeCount": 1
        },
        {
            "reply_id": "UgxFyajT5SOegTdMO1l4AaABAg",
            "reply_content": "\u5065\u5eb7\u53ef\u662f\u6210\u672c\u8d85\u9ad8\u7684",
            "likeCount": 1
        },
        {
            "reply_id": "UgzhUG4U2CfriLMjq3N4AaABAg",
            "reply_content": "\u8981\u958b\u59cb\u8ce3\u795e\u99ac\u62cc\u9762\u4e86\u55ce",
            "likeCount": 0
        },
        {
            "reply_id": "UgzjbegLQCUl34JKFi54AaABAg",
            "reply_content": "\u652a\u62cc\u7684\u6642\u5019\u662f\u7528\u963f\u795e\u5403\u904e\u7684\u7b77\u5b50\u8a92\uff08\u99ac\u7530\u6c92\u767c\u73fe",
            "likeCount": 0
        },
        {
            "reply_id": "Ugzz5Jtn_CGsznNXM8p4AaABAg",
            "reply_content": "\u554a\u795e",
            "likeCount": 2
        }
    ]
}