{
    "video_info": {
        "id": "26qoQPbckcA",
        "channelTitle": "cheap",
        "title": "\u8cb4\u5708\u771f\u4e82 ! \u4eba\u59bb\u3001\u7fa9\u6bcd\u3001\u672a\u4ea1\u4eba \u4e2d\u570b\u6b77\u53f2\u4e0a\u6700\u6deb\u4e82\u7684\u671d\u4ee3 \u4e00\u5f8b\u6b63\u53f2\u8a18\u8f09",
        "description": "\u4e2d\u570b\u6b77\u53f2\u4e0a\u6700\u6deb\u4e82\u7684\u671d\u4ee3\uff0c\u83ab\u975e\u5317\u9f4a\u83ab\u5c6c\n\u5404\u7a2e\u5947\u602a\u7684\u60c5\u7bc0\u5317\u9f4a\u90fd\u6709\u4e86\uff0c\u5230\u5e95\u5317\u9f4a\u6709\u591a\u8a87\u5f35\u5462~\n\n\u300a\u6176\u9918\u5e74\u300b8/31 \u4e00\u8d77\u8207\u856d\u714c\u5947\u6c7a\u6230\u6176\u570b\uff01\n\u8d85\u8d8a\u6240\u6709\u6b66\u4fe0 MMO \u7684\u5dd4\u5cf0\u9245\u4f5c\uff01\n\n\u7d30\u7dfb\u5275\u89d2\u9ad4\u9a57\u3001\u958b\u653e\u4e16\u754c\u63a2\u7d22\u3001\u4e0a\u767e\u6d41\u6d3e\u642d\u914d\u3001\u771f\u5be6\u6253\u64ca\u611fPVP\u3001\u591a\u6a23\u751f\u6d3b\u73a9\u6cd5\uff0c\u5728\u9019\u88e1\u9ad4\u9a57\u5168\u65b0\u7684\u5192\u96aa\uff01\u767b\u5165\u9084\u9001\u856d\u714c\u5947\u89aa\u81ea\u8a2d\u8a08\u3010\u5750\u9a0e-\u856d\u714c\u8eca\u3011\uff01\n8/31 \u7b49\u4f60\u4e00\u8d77\u6c7a\u6230\u6176\u570b\uff01\n\n\u7acb\u5373\u9810\u7d04\u6c7a\u6230\u6176\u570b :https://joyoflife.onelink.me/5GGc/kl5cq1ie\nPC\u7248\u4e0b\u8f09\u9023\u7d50\uff1a https://www.novastargame.net/joyoflife/pcdownload/GADs/\n\n\u52a0\u5165\u5b98\u65b9\u7c89\u7d72\u5c08\u9801: https://www.facebook.com/joyoflife.novastar\n\u99ac\u4e0a\u52a0\u5165\u793e\u5718\uff1ahttps://www.facebook.com/groups/joyoflife.novastar\nDiscord\u5b98\u65b9\u7fa4\uff1ahttps://discord.gg/xMJSbtP7\n\n\n\u53c3\u8003\u8cc7\u6599\uff1a\n\u5317\u9f4a\u653f\u6cbb\u53f2\u7814\u7a76\u2500\u2500\u5317\u9f4a\u8870\u4ea1\u539f\u56e0\u4e4b\u8003\u5bdf \u5442\u6625\u76db\n\u67cf\u694a\u7248\u8cc7\u6cbb\u901a\u9451\u7b2c\u4e09\u5341\u4e5d\u518a\uff1a\u79bd\u7378\u738b\u671d\nhttps://tinyl.io/9EmW \u9ad8\u6b61\nhttps://tinyl.io/9EmY \u9ad8\u6f84\nhttps://tinyl.io/9EmZ \u9ad8\u6d0b\nhttps://tinyl.io/9Ema \u9ad8\u6e5b\nhttps://tinyl.io/9Emb \u9ad8\u6f14\nhttps://tinyl.io/9EmX \u5927\u723e\u6731\u6c0f\nhttps://tinyl.io/9EmV \u912d\u5927\u8eca\n\nCheap\u8cbc\u5716\u4e0a\u67b6\u5566\nhttps://store.line.me/stickershop/author/1784332\n\n\u6210\u70baVIP\u8a02\u95b1\u6236 \u6bcf\u6708\u53f0\u5e6330\u5143\u8d77 \u4eab\u6709\u4e0d\u540c\u7684\u5c08\u5c6c\u7c89\u7d72\u798f\u5229\nhttps://tinyurl.com/y2b43ap2\n\n\u81c9\u66f8:\nhttps://www.facebook.com/cheapAOE/\ncheap\u6b77\u53f2\u8a0e\u8ad6\u793e\u5718:\nhttps://www.facebook.com/groups/cheaphistory\ncheap\u66f8\u55ae:\nhttps://tinyl.io/4QSG",
        "likeCount": "25857",
        "commentCount": "2125",
        "viewCount": "1730353"
    },
    "comments": [
        {
            "reply_id": "UgzoSpOwz3u3olWFT554AaABAg",
            "reply_content": "\u585e\u5916\u883b\u5b50\u5c31\u662f\u585e\u5916\u883b\u5b50",
            "likeCount": 1
        },
        {
            "reply_id": "UgyhzZ9r9ziOc0CuwF14AaABAg",
            "reply_content": "\u6b27\u6d32\u4e00\u76f4\u5230\u8fd1\u73b0\u4ee3\u4e5f\u662f\u8fd9\u6837\u7684",
            "likeCount": 0
        },
        {
            "reply_id": "Ugyx3NxVgvXechFm6M94AaABAg",
            "reply_content": "\u4e00\u987f\u80e1\u8bf4\u516b\u9053\uff0c\u8c01\u8ddf\u4f60\u8bf4\u7684\u8fd9\u662f\u5feb\u5200\u65a9\u4e71\u9ebb\u7684\u7531\u6765",
            "likeCount": 0
        },
        {
            "reply_id": "UgwaTls6TeN6OGYnIK54AaABAg",
            "reply_content": "\u8fd9\u4e2a\u753b\u98ce\u8272\u8d77\u6765\u8fd8\u662f\u5f88\u5e26\u611f\u7684",
            "likeCount": 0
        },
        {
            "reply_id": "UgwbtF4bPvl2GHZxuX54AaABAg",
            "reply_content": "\u770b\u5b8c\u9019\u90e8\u5f71\u7247\u5c0d\u9762\u61c9\u8a72\u9084\u4e0d\u77e5\u9053\u767c\u751f\u4e86\u4ec0\u9ebc",
            "likeCount": 0
        },
        {
            "reply_id": "Ugy_EayHCKV1rTM2y7t4AaABAg",
            "reply_content": "\u597d\u5a46\u5594",
            "likeCount": 0
        },
        {
            "reply_id": "Ugxjdql60JAJYHs7LdR4AaABAg",
            "reply_content": "\u66f9\u4e1e\u76f8\u7ec8\u7a76\u8fd8\u662f\u4fdd\u5b88\u4e86",
            "likeCount": 0
        },
        {
            "reply_id": "Ugwoc2-mJ4deCRkMkN54AaABAg",
            "reply_content": "\u9019\u500b\u671d\u4ee3\u771f\u7684\u68d2",
            "likeCount": 0
        },
        {
            "reply_id": "UgweoEE0R_bifeaaR594AaABAg",
            "reply_content": "\u53f0\u7063\u8ddf\u4e2d\u570b\u6c92\u4e00\u9ede\u9ce5\u95dc\u4fc2",
            "likeCount": 0
        },
        {
            "reply_id": "Ugz50lBQhrDqNHG_-414AaABAg",
            "reply_content": "\u4e00\u5bb6\u5b50\u90fd\u6709\u7cbe\u795e\u75c5",
            "likeCount": 0
        },
        {
            "reply_id": "UgwTemS5jW7OmZ2edtl4AaABAg",
            "reply_content": "\u96de\u817f\u52a0\u7206",
            "likeCount": 0
        },
        {
            "reply_id": "UgzqFQGJzciEYl6gmFh4AaABAg",
            "reply_content": "\u9c9c\u5351\u80e1\u4eba\u6587\u5316\u800c\u5df2",
            "likeCount": 0
        },
        {
            "reply_id": "Ugzzt6tlj7rubYJ6ATR4AaABAg",
            "reply_content": "\u63d2\u756b\u5e2b\u52a0\u96de\u817f",
            "likeCount": 0
        },
        {
            "reply_id": "Ugx3M6K-iME8yns5M854AaABAg",
            "reply_content": "\u770b\u5230\u5317\u9f4a\u6211\u5dee\u9ede\u5687\u6b7b",
            "likeCount": 0
        },
        {
            "reply_id": "UgyczOmf6_usQb-VJjV4AaABAg",
            "reply_content": "\u770b\u5230\u5317\u9f4a\u6211\u5dee\u9ede\u5687\u6b7b",
            "likeCount": 0
        },
        {
            "reply_id": "Ugx2cJCZclSI2DXT-x54AaABAg",
            "reply_content": "\u5ba2\u5bb6\u4eba\u5c31\u662f\u8fd9\u4e2a\u65f6\u671f\u5f62\u6210\u7684",
            "likeCount": 0
        },
        {
            "reply_id": "UgyFwVHPJDGMkYhGCth4AaABAg",
            "reply_content": "\u6700\u4e82\u7684\u6642\u4ee3\u78ba\u5b9a\u4e0d\u662f\u73fe\u4ee3\u96a8\u967d\u5e1d\u6642\u4ee3\u55ce",
            "likeCount": 0
        },
        {
            "reply_id": "UgydO8PMQevwY9Y4QFl4AaABAg",
            "reply_content": "\u9001\u856d\u7687\u8eca",
            "likeCount": 0
        },
        {
            "reply_id": "UgwaZByVlW0_0nBAykx4AaABAg",
            "reply_content": "\u5218\u5b8b\u624d\u662f",
            "likeCount": 0
        },
        {
            "reply_id": "Ugydae-i9BpfYiK_H-F4AaABAg",
            "reply_content": "\u6211\u7acb\u4e86",
            "likeCount": 0
        }
    ]
}