{
    "video_info": {
        "id": "9SqXa7TGEwo",
        "channelTitle": "cheap",
        "title": "\u751f\u80b2\u7387\u4e16\u754c\u7b2c\u4e00\u5230\u588a\u5e95 \u70ba\u4f55\u6709\u9322\u4e86\u9084\u4e0d\u6562\u751f? \u70ba\u4ec0\u9ebc\u53f0\u7063\u5c11\u5b50\u5316\u7279\u5225\u56b4\u91cd? \u3010\u53f0\u7063\u4eba\u53e3\u53f2\u3011",
        "description": "\u53f0\u7063\u7684\u751f\u80b2\u7387\u66fe\u7d93\u4e16\u754c\u7b2c\u4e00\uff0c\u6bcf\u4f4d\u5a66\u5973\u53ef\u4ee5\u751f\u52307\u500b\n\u4f46\u8fd1\u5e74\u4f86\u53f0\u7063\u5c11\u5b50\u5316\u8d8a\u4f86\u8d8a\u56b4\u91cd\uff0c\u70ba\u4ec0\u9ebc\u53f0\u7063\u4eba\u90fd\u4e0d\u751f\u5462?\n\n\u73fe\u5728\u5230\u5947\u745e\u65af\u5b98\u7db2\u6216\u5b98\u65b9\u8766\u76ae\u8cfc\u8cb7\uff0c\u7d50\u5e33\u8f38\u5165\u795e\u79d8\u6578\u5b57\u300c QRIOCHEAP\u300d\u4e0d\u9650\u8a02\u55ae\u91d1\u984d\uff0c\u5c31\u7acb\u523b\u6298100\u5143\u5594\nhttps://www.qrious.com.tw/product/61 \u5b98\u7db2\n\u8766\u76ae\u5546\u57ce\nhttps://shp.ee/ce8rcgu\n\n\u53c3\u8003\u8cc7\u6599\uff1a\n\u7368\u5bb6\u8abf\u67e5\u300b\u53f0\u7063\u56fa\u5b9a\u85aa\u8cc7\u88ab\u8d8a\u5357\u8d85\u8eca\uff01\u85aa\u8cc7\u6210\u4e9e\u592a\u672b\u6bb5\u73ed \u53f0\u7063\u8981\u5982\u4f55\u8ddf\u4eba\u5bb6\u6436\u4eba\u624d\uff1f (wealth.com.tw)\n\u5fb7\u570b\u80b2\u5152\u798f\u5229\u4f73\u3001\u9f13\u52f5\u7236\u6bcd\u90fd\u8acb\u80b2\u5b30\u5047\u2500\u2500\u70ba\u4f55\u7576\u300c\u8077\u696d\u5a66\u5973\u300d\uff0c\u4ecd\u7136\u6c92\u90a3\u9ebc\u7c21\u55ae\uff1f\uff5cOYA Career \u9867\u554f\u5718\u968a\uff0f\u6b50\u6daf\uff01\u6211\u5011\uff0c\u53bb\u6b50\u6d32\uff5c\u63db\u65e5\u7dda (cw.com.tw)\n\u5c11\u5b50\u5316\u73fe\u6cc1\u53ca\u56e0\u61c9\u653f\u7b56\u4e4b\u63a2\u8a0e \u5433\u9e97\u5a77 110.1\n\u81fa\u7063\u4eba\u53e3\u5927\u9707\u76ea / \u859b\u627f\u6cf0 2016 \n\u81fa\u7063\u4eba\u53e3\u8b8a\u52d5\u8207\u7d93\u6fdf\u767c\u5c55 / \u4e8e\u5b97\u5148 2009\n\n\nCheap\u8cbc\u5716\u4e0a\u67b6\u5566\nhttps://store.line.me/stickershop/author/1784332\n\n\u6210\u70baVIP\u8a02\u95b1\u6236 \u6bcf\u6708\u53f0\u5e6330\u5143\u8d77 \u4eab\u6709\u4e0d\u540c\u7684\u5c08\u5c6c\u7c89\u7d72\u798f\u5229\nhttps://tinyurl.com/y2b43ap2\n\n\u81c9\u66f8:\nhttps://www.facebook.com/cheapAOE/\ncheap\u6b77\u53f2\u8a0e\u8ad6\u793e\u5718:\nhttps://www.facebook.com/groups/cheaphistory\ncheap\u66f8\u55ae:\nhttps://tinyl.io/4QSG",
        "likeCount": "23449",
        "commentCount": "7741",
        "viewCount": "989378"
    },
    "comments": [
        {
            "reply_id": "UgyK5Mz-jTRLdFXt3Od4AaABAg",
            "reply_content": "\u6211\u89ba\u5f97\u5b78\u6821\u5c0d\u65bc\u8ac7\u6200\u611b\u7684\u7ba1\u5236\u4e5f\u5f88\u6709\u5f71\u97ff\uff0c\u5b78\u6821\u7684\u6559\u5b98\u6bcf\u6b21\u90fd\u8aaa\u4e0d\u8981\u8b93\u4ed6\u770b\u5230\u6709\u60c5\u4fb6\u727d\u624b\u62b1\u62b1\u6216\u662f\u89aa\u89aa\uff0c\u8981\u662f\u770b\u5230\u5c31\u6703\u88ab\u7f75\u7684\u5f88\u6158\uff0c\u9084\u6709\u5b78\u6821\u5c31\u662f\u4f86\u5b78\u7fd2\u7684\u5834\u6240\u4e0d\u662f\u8b93\u4f60\u6200\u611b\u7684\u5730\u65b9\uff0c\u4f46\u6211\u89ba\u5f97\u4e5f\u5c31\u9019\u6bb5\u6642\u9593\u6bd4\u8f03\u80fd\u8ddf\u5225\u4eba\u57f9\u990a\u611f\u60c5\u4e0d\u7136\u51fa\u793e\u6703\u4e86\u54ea\u9084\u6709\u6642\u9593\u505a\u9019\u4e9b\u4e8b\u60c5",
            "likeCount": 5
        },
        {
            "reply_id": "UgyU9shuuuMJFWW3PsV4AaABAg",
            "reply_content": "\u4e16\u754c\u600e\u9ebc\u8ddf\u5f97\u4e0a\u53f0\u7063",
            "likeCount": 2
        },
        {
            "reply_id": "UgwPrbX4sgObcbXnOVx4AaABAg",
            "reply_content": "\u8d95\u7dca\u6f64\u51fa\u53bb",
            "likeCount": 2
        },
        {
            "reply_id": "Ugy1zWxkmRT2sXo2BVF4AaABAg",
            "reply_content": "\u5927\u591a\u793e\u6703\u554f\u984c\u90fd\u662f\u51fa\u81ea\u5973\u4eba",
            "likeCount": 1
        },
        {
            "reply_id": "UgyC8nDQvueLDc3hQQR4AaABAg",
            "reply_content": "\u56e0\u70ba\u5973\u6b0a\u4e3b\u7fa9\u7684\u5d1b\u8d77\uff0c\u5982\u679c\u4f60\u4e0d\u4e86\u89e3\u8214\u72d7\u4e5f\u6703\u914d\u5408\u5973\u6b0a\u8aaa\u55ae\u8eab\u5f88\u597d",
            "likeCount": 0
        },
        {
            "reply_id": "UgwM6rOMso_OZrreRqZ4AaABAg",
            "reply_content": "\u9019\u611f\u89ba\u771f\u7684\u597d\u73fe\u8c61\u53c8\u662f\u500b\u58de\u73fe\u8c61",
            "likeCount": 0
        },
        {
            "reply_id": "UgwZOnTv2UFemVOEIvp4AaABAg",
            "reply_content": "\u53f0\u5317\u623f\u50f9\u9019\u9ebc\u6050\u6016\u9084\u8981\u751f\u5c0f\u5b69\u7c21\u76f4\u662f\u958b\u73a9\u7b11",
            "likeCount": 0
        },
        {
            "reply_id": "UgxBMmy9ThpGtY_EiV14AaABAg",
            "reply_content": "\u70ba\u4f55\u4e00\u65b9\u9762\u8aaa\u53f0\u7063\u623f\u5c4b\u6301\u6709\u6210\u672c\u5f88\u4f4e\u6240\u4ee5\u8001\u95c6\u5be7\u9858\u62ff\u9322\u53bb\u7092\u623f\u4e5f\u4e0d\u9858\u610f\u5c07\u9322\u6295\u8cc7\u5728\u54e1\u5de5\u8eab\u4e0a\uff0c\u4f46\u537b\u53c8\u8aaa\u56e0\u70ba\u4f4e\u65b0\u9ad8\u623f\u50f9\u9023\u5e36\u8457\u9020\u6210\u751f\u80b2\u7387\u4e0b\u964d\u7684\u539f\u56e0\u4e4b\u4e00\uff0c\u4e0d\u662f\u8aaa\u623f\u5c4b\u6301\u6709\u6210\u672c\u5f88\u4f4e\u55ce\uff1f\u82e5\u662f\u623f\u5c4b\u6301\u6709\u6210\u672c\u5f88\u4f4e\u7684\u8a71\u90a3\u70ba\u4f55\u623f\u50f9\u90a3\u9ebc\u8cb4\u5462\uff1f\u9019\u524d\u5f8c\u8aaa\u6cd5\u77db\u76fe\u5427\uff01",
            "likeCount": 0
        },
        {
            "reply_id": "UgzU7hDNLP0K-Pyd_gt4AaABAg",
            "reply_content": "\u6642\u4ee3\u4e0d\u540c\u7684\u95dc\u4fc2\uff0c\u73fe\u4ee3\u4eba\u5e7e\u4e4e\u90fd\u88ab\u4e0a\u73ed\u6642\u9593\u7d81\u4f4f\u4e86",
            "likeCount": 0
        },
        {
            "reply_id": "UgwdjVh-158A0em5rPR4AaABAg",
            "reply_content": "\u5230\u5e95\u653f\u5e9c\u4ec0\u9ebc\u6642\u5f8c\u624d\u8981\u6b63\u8996\u5e95\u85aa\u9ad8\u623f\u50f9\u9084\u6709\u99ac\u8def\u6c92\u6709\u4eba\u884c\u9053\u7684\u554f\u984c\uff0c\u4e0d\u8981\u628a\u9019\u4e9b\u786c\u62d6\u5230\u764c\u75c7\u672b\u671f\u624d\u8981\u8655\u7406\u3002",
            "likeCount": 0
        },
        {
            "reply_id": "Ugy0JM1WWP1l14poKAR4AaABAg",
            "reply_content": "\u8077\u5834\u689d\u4ef6\u6539\u5584\u662f\u5fc5\u8981\u7684\uff0c\u7051\u5e63\u50ac\u751f\u771f\u7684\u4e0d\u662f\u89e3\u6c7a\u554f\u984c\u7684\u6839\u672c",
            "likeCount": 0
        },
        {
            "reply_id": "UgxV6kYzFTI4G4H_DmN4AaABAg",
            "reply_content": "\u554a\u90fd\u6c92\u4eba\u7814\u7a76\u4e00\u4e0b\u55ae\u8eab\u7387\u55ce",
            "likeCount": 0
        },
        {
            "reply_id": "UgxyFwIBZ8Le3rhc0k54AaABAg",
            "reply_content": "\u8521\u653f\u5e9c\u4e0d\u559c\u6b61\u9019\u500b\u5f71\u7247",
            "likeCount": 4
        },
        {
            "reply_id": "UgzvQt_7ex-XWtuUv8F4AaABAg",
            "reply_content": "\u8a02\u6cd5\u898f\u4e5f\u6c92\u6709\u7528 \u6709\u6cd5\u898f\u6c92\u4eba\u57f7\u884c\u9019\u5c31\u662f\u73fe\u5728\u7684\u653f\u5e9c",
            "likeCount": 1
        },
        {
            "reply_id": "Ugyie1mfNWOp7B3YaA14AaABAg",
            "reply_content": "\u8aaa\u5f97\u771f\u5be6",
            "likeCount": 1
        },
        {
            "reply_id": "UgxkK_fSgbPxTkg7Dsd4AaABAg",
            "reply_content": "\u57f7\u653f\u9ee8\u7684\u64c1\u8b77\u8005\u53ea\u6703\u628a\u5c11\u5b50\u5316\u539f\u56e0\u6b78\u56e0\u5728\u7b2c\u4e00\u968e\u6bb5\uff0c\u5641\u5fc3\u6b7b\u4e86",
            "likeCount": 1
        },
        {
            "reply_id": "UgwAl7kVgBQl4_JbN054AaABAg",
            "reply_content": "\u8a72\u6b7b\u99ac\u7f6a\u72af\u897f\u9032\u7aae\u53f0\u653f\u7b56\u7684\u653f\u7e3e",
            "likeCount": 1
        },
        {
            "reply_id": "Ugzkfgqm4WEEAMD-AJZ4AaABAg",
            "reply_content": "\u8b9a\u8b9a\u8b9a",
            "likeCount": 1
        },
        {
            "reply_id": "UgyjJWjR36F6OHB7VrR4AaABAg",
            "reply_content": "\u8d8a\u770b\u89ba\u5f97\u53f0\u7063\u597d\u53ef\u6190",
            "likeCount": 1
        },
        {
            "reply_id": "Ugy5clqr51Evd-kYd_54AaABAg",
            "reply_content": "\u771f\u7684\u5f88\u6e05\u695a\u7684\u5206\u6790\u4e86\u5c11\u5b50\u5316\u7684\u6210\u56e0 \u771f\u5e0c\u671b\u66f4\u591a\u4eba\u53ef\u4ee5\u770b\u5230",
            "likeCount": 1
        }
    ]
}