{
    "video_info": {
        "id": "d46Dhk6d_4M",
        "channelTitle": "cheap",
        "title": "\u5168\u7403\u7b2c\u4e00\u500b\u300c\u7834\u7522\u300d\u570b\u5bb6  \u5f9e\u5bcc\u5f97\u6d41\u6cb9\u5230\u7834\u7522 \u51b0\u5cf6\u5982\u4f55\u6eff\u8840\u5fa9\u6d3b \u3010\u51b0\u5cf6\u7684\u6b77\u53f2\u3011",
        "description": "\u51b0\u5cf6\u66fe\u662f\u4e16\u754c\u4e0a\u6700\u6709\u9322\u7684\u570b\u5bb6\uff0c\u4f46\u537b\u57282008\u5e74\u7834\u7522\uff0c\u4f46\u5f88\u5feb\u7684\u4e09\u5e74\u5f8c\u6eff\u8840\u5fa9\u6d3b\n\u5176\u5be6\u51b0\u5cf6\u80fd\u9019\u9ebc\u6709\u9322\u5c31\u662f\u4e00\u4ef6\u5947\u602a\u7684\u4e8b\u60c5\uff0c\u5230\u5e95\u51b0\u5cf6\u600e\u9ebc\u6d74\u706b\u91cd\u751f\u7684\u5462?\n\n\u76f4\u63a5\u7528Cheap\u7684\u63a8\u85a6\u78bc\u5230\u6a02\u5929\u7db2\u9280\u958b\u6236\uff0c\u4f60\u8cfa\u65b0\u6236\u79ae500\u5143\uff0cCheap\u8cfa100\u5143 https://ricbtw.page.link/SMA538  (\u5df2\u7d93\u5167\u5efa\u7d81\u5b9a\u6211\u7684\u63a8\u85a6\u78bc QXFNMC )\n\n\u53c3\u8003\u8cc7\u6599\uff1a\n\u51b0\u5cf6\u6559\u80b2\u5236\u5ea6:\u57f9\u80b2\u7dad\u8b77\u51b0\u5cf6\u6587\u5316\u3001\u4eba\u6b0a\u53ca\u6c11\u4e3b\u7d20\u990a\u4e4b\u5065\u5168\u570b\u6c11 \u9673\u7167\u96c4 \u00b7 2010\n\u6b77\u53f2\u88e1\u7684\u73fe\u4ee3\u7d93\u6fdf\u5b78 2019 \n\nCheap\u8cbc\u5716\u4e0a\u67b6\u5566\nhttps://store.line.me/stickershop/author/1784332\n\n\u6210\u70baVIP\u8a02\u95b1\u6236 \u6bcf\u6708\u53f0\u5e6330\u5143\u8d77 \u4eab\u6709\u4e0d\u540c\u7684\u5c08\u5c6c\u7c89\u7d72\u798f\u5229\nhttps://tinyurl.com/y2b43ap2\n\n\u81c9\u66f8:\nhttps://www.facebook.com/cheapAOE/\ncheap\u6b77\u53f2\u8a0e\u8ad6\u793e\u5718:\nhttps://www.facebook.com/groups/cheaphistory\ncheap\u66f8\u55ae:\nhttps://tinyl.io/4QSG",
        "likeCount": "9100",
        "commentCount": "963",
        "viewCount": "540609"
    },
    "comments": [
        {
            "reply_id": "UgyCiVM9hGIGAfNrtVN4AaABAg",
            "reply_content": "\u91cd\u9ede\u5728\u51b0\u5cf6\u9632\u6b62\u5404\u9280\u884c\u91d1\u878d\u696d\u51fa\u9003\n\u4e14\u653f\u5e9c\u512a\u5148\u5c0d\u767e\u59d3\u6c11\u751f\u554f\u984c\u505a\u89e3\u6c7a\n\u53f0\u7063\u5927\u6982\u662f\u512a\u5148\u5e6b\u4f01\u696d\u4e3b\u8ddf\u91d1\u878d\u696d\u5927\u8001\u89e3\u5957\n\u5404\u570b\u7d13\u56f0\u8cb8\u6b3e\u62ff\u4f86\u5e79\u561b\u5c31\u4e0d\u8aaa\u4e86",
            "likeCount": 4
        },
        {
            "reply_id": "UgxACEpeF1T1jUzAy_p4AaABAg",
            "reply_content": "\u7fd2\u5305\u5b50\u5c0f\u5b78\u535a\u58eb",
            "likeCount": 2
        },
        {
            "reply_id": "Ugwk1CxE0JsjReKKsC54AaABAg",
            "reply_content": "\u771f\u60f3\u79fb\u6c11\u5230\u51b0\u5c9b\u505a\u51b0\u5c9b\u4eba",
            "likeCount": 2
        },
        {
            "reply_id": "UgxuSZJMrq48Bks-1qV4AaABAg",
            "reply_content": "\u897f\u5305\u5b50\u5c0f\u5b78\u535a\u58eb",
            "likeCount": 1
        },
        {
            "reply_id": "UgyiAuzcfhH9uefvDMZ4AaABAg",
            "reply_content": "\u597d\u7fa8\u6155\u51b0\u5cf6\u4eba",
            "likeCount": 1
        },
        {
            "reply_id": "Ugw-CRFHCYMy9_v_pOV4AaABAg",
            "reply_content": "\u7dad\u4eac\u4eba\u679c\u7136\u6703\u81ea\u5df1\u56de\u8840",
            "likeCount": 1
        },
        {
            "reply_id": "UgwY9pgTFkK9vn4e1oR4AaABAg",
            "reply_content": "\u51b0\u5cf6\u51b0\u706b\u5c71\u98a8\u666f\u597d",
            "likeCount": 1
        },
        {
            "reply_id": "UgyeowHxzMT6WlShU8F4AaABAg",
            "reply_content": "\u897f\u5305\u5b50\u5c0f\u5b78\u535a\u58eb",
            "likeCount": 0
        },
        {
            "reply_id": "UgwRPjCa_BPwSa1dPjR4AaABAg",
            "reply_content": "\u8cc7\u672c\u4e3b\u7fa9\u6700\u4f4e\u80fd\u7684\u5730\u65b9\u5c31\u662f\u6bcf\u500b\u570b\u5bb6\u90fd\u653e\u4efb\u91d1\u878d\u6a5f\u69cb\u4e82\u641e\n\u6beb\u7121\u5be6\u8cea\u7522\u51fa\u7684\u91d1\u878d\u696d\u537b\u8b8a\u6210\u7d93\u6fdf\u706b\u8eca\u982d \n\u9322\u6d17\u9322\u6ce8\u5b9a\u6bcf\u5e7e\u5e74\u5c31\u8981\u4e00\u6b21\u91d1\u878d\u5371\u96de",
            "likeCount": 0
        },
        {
            "reply_id": "UgxDVapHEJpVjWJdpe54AaABAg",
            "reply_content": "\u8b9a",
            "likeCount": 0
        },
        {
            "reply_id": "UgyJNKPeRrp3PIG52ht4AaABAg",
            "reply_content": "\u518d\u6b21\u8b49\u660e\u4e00\u500b\u597d\u653f\u5e9c\u7684\u91cd\u8981\u6027",
            "likeCount": 0
        },
        {
            "reply_id": "Ugxmqjt080rGt_4ZIPN4AaABAg",
            "reply_content": "\u597d\u559c\u6b61\u9019\u500b\u570b\u5bb6",
            "likeCount": 0
        },
        {
            "reply_id": "Ugzu5InbReg-KK36oDd4AaABAg",
            "reply_content": "\u6771\u4e9e\u5c0f\u570b\u662f\u53f0\u7063\u55ce",
            "likeCount": 0
        },
        {
            "reply_id": "Ugx3yiuv7jJmajtzZpl4AaABAg",
            "reply_content": "\u9019\u8b93\u53f0\u7063\u6f01\u6c11\u4e0d\u9ad8\u8208\u5537",
            "likeCount": 0
        },
        {
            "reply_id": "Ugxi0DMywaLmSkI5O8V4AaABAg",
            "reply_content": "\u597d\u7578\u5f62\u7684\u6587\u5316\u5594",
            "likeCount": 0
        },
        {
            "reply_id": "Ugx6QPlSfmqQhhdysiV4AaABAg",
            "reply_content": "\u53f0\u7063\u7684\u9280\u884c\u5229\u6f64\u90fd\u8dd1\u53bb\u80a1\u6771\u8207\u7279\u5b9a\u4eba\u7684\u512a\u5b58\u548c\u5927\u5c40\u70ba\u91cd",
            "likeCount": 0
        },
        {
            "reply_id": "UgwYuL46j3WTs2xgmYl4AaABAg",
            "reply_content": "\u51b0\u5cf6\u7684\u6200\u611b\u5a5a\u59fb\u89c0\u5982\u679c\u653e\u5728\u6771\u4e9e \u6703\u5f15\u8d77\u6230\u722d",
            "likeCount": 0
        },
        {
            "reply_id": "UgxOV4FYC-gfFJO-uDV4AaABAg",
            "reply_content": "\u7fd2\u5305\u5b50\u5c0f\u5b78\u535a\u58eb",
            "likeCount": 0
        },
        {
            "reply_id": "Ugznd7g3PYIqadEmKlB4AaABAg",
            "reply_content": "\u4e2d\u56fd\u4e0d\u7b97\u4e1c\u4e9a\u5c0f\u56fd\u5427",
            "likeCount": 0
        },
        {
            "reply_id": "Ugx8473bxuuLDN7qj8Z4AaABAg",
            "reply_content": "\u897f\u5305\u5b50\u5c0f\u5b78\u535a\u58eb",
            "likeCount": 0
        }
    ]
}