{
    "video_info": {
        "id": "hwUxPGDkMNc",
        "channelTitle": "cheap",
        "title": "\u6559\u79d1\u66f8\u5439\u6367\u7684\u300c\u5289\u9298\u50b3\u9435\u8def\u300d\u662f\u5efa\u7bc9\u5947\u8e5for\u7834\u9285\u721b\u9435? \u6e05\u671d\u9435\u8def\u7684\u771f\u76f8",
        "description": "\u5289\u9298\u50b3\u9435\u8def\u5927\u5bb6\u90fd\u77e5\u9053\uff0c\u4f46\u70ba\u4ec0\u9ebc\u73fe\u5728\u9019\u689d\u9435\u8def\u4e0d\u898b\u4e86?\n\u6211\u5011\u73fe\u5728\u7528\u7684\u9435\u8def\u662f\u65e5\u672c\u4eba\u7559\u4e0b\uff0c\u5230\u5e95\u70ba\u4ec0\u9ebc\u5462?\n\n\u300a\u4e09\u570b\u7fa4\u82f1\u50b3-\u6230\u7565\u7248\u300b\u7acb\u5373\u9810\u7d049/20\u958b\u6230\nhttps://sgi.onelink.me/k6P4/KOL0920\n\n\u53c3\u8003\u8cc7\u6599\uff1a\n\u6e05\u5b63\u81fa\u7063\u4e4b\u5916\u4f86\u885d\u64ca\u8207\u5b98\u7d33\u95dc\u4fc2\uff1a\u4ee5\u677f\u6a4b\u6797\u5bb6\u4e4b\u6350\u737b\u70ba\u4f8b \u9ec3\u5bcc\u4e09\n\u9577\u8c37\u5ddd\u8b39\u4ecb\u8207\u65e5\u6cbb\u6642\u671f\u81fa\u7063\u9435\u8def\u7684\u767c\u5c55 \u8521\u9f8d\u4fdd- \u5b78\u8853\u671f\u520a \n\u65e5\u6cbb\u521d\u671f\u81fa\u7063\u9435\u9053\u653f\u7b56\u7684\u8f49\u8b8a \u9673\u5bb6\u8c6a\n\nCheap\u8cbc\u5716\u4e0a\u67b6\u5566\nhttps://store.line.me/stickershop/author/1784332\n\n\u6210\u70baVIP\u8a02\u95b1\u6236 \u6bcf\u6708\u53f0\u5e6330\u5143\u8d77 \u4eab\u6709\u4e0d\u540c\u7684\u5c08\u5c6c\u7c89\u7d72\u798f\u5229\nhttps://tinyurl.com/y2b43ap2\n\n\u81c9\u66f8:\nhttps://www.facebook.com/cheapAOE/\ncheap\u6b77\u53f2\u8a0e\u8ad6\u793e\u5718:\nhttps://www.facebook.com/groups/cheaphistory\ncheap\u66f8\u55ae:\nhttps://tinyl.io/4QSG",
        "likeCount": "6446",
        "commentCount": "794",
        "viewCount": "305370"
    },
    "comments": [
        {
            "reply_id": "UgwWF795-HO3r4ahuLd4AaABAg",
            "reply_content": "\u96d6\u7136\u6c92\u90a3\u9ebc\u795e\uff0c\u4f46\u4ee5\u90a3\u500b\u6642\u4ee3\u4f86\u8aaa\uff0c\u77e5\u9053\u897f\u65b9\u6280\u8853\u91cd\u8981\u6027\u4e26\u4e14\u80fd\u63a5\u53d7\u9084\u60f3\u63a8\u884c\u9019\u500b\u7cbe\u795e\u4e5f\u7b97\u662f\u4e0d\u932f\u4e86",
            "likeCount": 1
        },
        {
            "reply_id": "Ugx0IX85Lz_4REQvUSx4AaABAg",
            "reply_content": "\u4e3b\u8981\u662f\u5148\u6c42\u6709\u518d\u6c42\u597d",
            "likeCount": 1
        },
        {
            "reply_id": "UgxR3ngF3KS3tWc39TV4AaABAg",
            "reply_content": "\u53f0\u7063\u4eba\u7684\u52a3\u6839\u6027\u5f9e\u6e05\u671d\u5230\u73fe\u5728\u5f9e\u4f86\u6c92\u6d88\u5931\u904e",
            "likeCount": 1
        },
        {
            "reply_id": "UgwEIxARqDaChR-qqXB4AaABAg",
            "reply_content": "\u90fd\u662f\u6b77\u53f2\u8ab2\u4e0d\u6703\u6559\u7684\u5bf6\u8cb4\u77e5\u8b58",
            "likeCount": 1
        },
        {
            "reply_id": "UgwJof6h9COZZqZVPjx4AaABAg",
            "reply_content": "\u58de\u9285\u820a\u932b",
            "likeCount": 0
        },
        {
            "reply_id": "UgwRHZK5Y4tB9eoQGSZ4AaABAg",
            "reply_content": "\u6e05\u671d\u5783\u573e\u84cb\u7684\u9435\u8def",
            "likeCount": 0
        },
        {
            "reply_id": "UgwwLU60wwvk0htQj1F4AaABAg",
            "reply_content": "\u53ef\u60dc\u6c92\u8b1b\u5230\u5728\u9f8d\u5c71\u5bfa\u88ab\u8edf\u7981\u75db\u63cd\u7684\u90a3\u4e00\u6bb5\n\u67d0\u65b9\u9762\u4f86\u8aaa\u53ef\u4ee5\u7b97\u662f\u7cbe\u83ef",
            "likeCount": 0
        },
        {
            "reply_id": "UgyO1qRSnWv6PQhlrgd4AaABAg",
            "reply_content": "\u5289\u9298\u50b3\u9435\u8def\u6839\u672c\u5c31\u662f\u904a\u6a02\u5712\u7684\u73a9\u5177\u706b\u8eca",
            "likeCount": 0
        },
        {
            "reply_id": "Ugx3f7kGlxtvh1IanYd4AaABAg",
            "reply_content": "\u677f\u6a4b\u6797\u5bb6\u7684\u6350\u9322\u6545\u4e8b\u8ddf\u53f0\u7063\u4eba\u6350\u9322\u7d66\u4e2d\u56ef\u56db\u5ddd\u4eba\u8cd1\u707d\u4e00\u6a23\uff0c\u6d6a\u8cbb\u8cc7\u6e90",
            "likeCount": 0
        },
        {
            "reply_id": "Ugwyoyx8OolvTBjqI7R4AaABAg",
            "reply_content": "\u6c92\u8fa6\u6cd5\uff0c\u6b77\u53f2\u8ab2\u672c\u7e3d\u4e0d\u80fd\u8aaa\u65e5\u6cbb\u4e4b\u524d\u6709\u591a\u6e23\u54a9",
            "likeCount": 0
        },
        {
            "reply_id": "UgxShFPUtXndewhcD2N4AaABAg",
            "reply_content": "\u5c0f\u77e5\u8bc6\u5218\u662f\u5b89\u5fbd\u5408\u80a5\u4eba",
            "likeCount": 0
        },
        {
            "reply_id": "Ugy8_sGFnvQlRATtjM14AaABAg",
            "reply_content": "\u8ddf\u6c11\u9032\u9ee8\u4e00\u6bdb\u4e00\u6a23",
            "likeCount": 0
        },
        {
            "reply_id": "Ugwe1Jc63wfKImjKKFh4AaABAg",
            "reply_content": "\u4e01\u570b\u660c\u5176\u5be6\u662f\u65b9\u5510\u93e1\u7684\u6a21\u578b",
            "likeCount": 0
        },
        {
            "reply_id": "UgwPVx8xr4jSuGwRTaJ4AaABAg",
            "reply_content": "\u653e\u5728\u4eca\u5929\u5c31\u662f\u500b\u8d85\u7d1a\u5927\u5f0a\u6848",
            "likeCount": 0
        },
        {
            "reply_id": "Ugw4Ht9xBej-3IGb_EB4AaABAg",
            "reply_content": "\u5289\u9298\u50b3\u7684\u529f\u52de\u5728\u65bc\uff0c\u4ed6\u9858\u610f\u5728\u90a3\u500b\u53f0\u7063\u662f\u9b3c\u5cf6\u7684\u5e74\u4ee3\u5efa\u8a2d\u53f0\u7063",
            "likeCount": 0
        },
        {
            "reply_id": "UgxtDT90r6nx2IAWORh4AaABAg",
            "reply_content": "\u5305\u5b50\u7ad9",
            "likeCount": 0
        },
        {
            "reply_id": "UgxTbgSkS2iPt6OIwCV4AaABAg",
            "reply_content": "\u6240\u4ee5\u6b77\u53f2\u8ab2\u672c\u88e1\u5beb\u7684\u90fd\u662f\u5c41",
            "likeCount": 0
        },
        {
            "reply_id": "UgySZez1cOrsGzqmv3B4AaABAg",
            "reply_content": "\u63db\u76ae\u9ce5\u904a\u6232",
            "likeCount": 0
        },
        {
            "reply_id": "UgzCtVWURTgyjGAydKF4AaABAg",
            "reply_content": "\u53f0\u7063\u5f9e\u4ee5\u524d\u5c31\u6709\u9019\u7a2e\u964b\u7fd2\u4e86",
            "likeCount": 0
        },
        {
            "reply_id": "UgwjF7gb2PyE8-o35j14AaABAg",
            "reply_content": "\u5289\u9298\u50b3\u4ee5\u70ba\u81ea\u5df1\u8fa6\u7684\u662f\u6d0b\u52d9\n\u4f46\u53ea\u6709\u767c\u6d0b\u8ca1\u800c\u5df2",
            "likeCount": 0
        }
    ]
}