{
    "video_info": {
        "id": "jjGCg1EHvws",
        "channelTitle": "cheap",
        "title": "\u88ab\u62b9\u9ed1\u6700\u6158\u7684\u4eba \u6b77\u53f2\u4e0a\u771f\u5be6\u7684\u5546\u7d02\u738b \u662f\u8ab0\u5728\u62b9\u9ed1\u5546\u7d02\u738b? \u9152\u6c60\u8089\u6797\u3001\u5bf5\u4fe1\u59b2\u5df1\u90fd\u662f\u5047\u7684?",
        "description": "\u7d02\u738b\u662f\u6b77\u53f2\u4e0a\u88ab\u9ed1\u6700\u6158\u7684\u4eba\u7269\uff0c\u5176\u5be6\u9152\u6c60\u8089\u6797\u6797\u3001\u5bf5\u4fe1\u59b2\u5df1\u90fd\u662f\u5047\u7684\n\u5230\u5e95\u662f\u8ab0\u7684\u62b9\u9ed1\u7d02\u738b?\n\n\u5168\u65b0\u7684\u5c01\u795e3D\u653e\u7f6e\u723d\u904a8\u67081\u865f\u6b63\u5f0f\u4e0a\u5e02\n\u73fe\u5728\u5c31\u4f86\u4e0b\u8f09\u300a\u592a\u543e\u5c01\u795e\u699c\u300b\uff0c\u6436\u5148\u62bd\u767e\u842c\u597d\u79ae\nhttps://fsb.onelink.me/d0Ka/cheap\n\n\u53c3\u8003\u8cc7\u6599\uff1a\n\u7fe6\u5546\uff1a\u6bb7\u5468\u4e4b\u8b8a\u8207\u83ef\u590f\u65b0\u751f  \u9ea5\u7530 2023 \u674e\u78a9\n\u6709\u95dc\u5148\u79e6\u6642\u671f\u5546\u7d02\u4e8b\u8e5f\u7684\u6f14\u8b8a\u8207\u6230\u570b \u695a\u7c21\u4e2d\u5546\u7d02\u8ca0\u9762\u5f62\u8c61\u8a18\u8f09\u7684\u8a0e\u8ad6 \u9b4f\u6148\u5fb7 \n\u5f9e\u57ce\u5e02\u570b\u5bb6\u5230\u4e2d\u83ef  \u6bb7\u5546\u8207\u6625\u79cb\u6230\u570b\u6642\u4ee3 \u5e73\u52e2\u9686\u90ce\n\u4e2d\u570b\u53f2\u65b0\u8ad6 \u53e4\u4ee3\u6587\u660e\u7684\u5f62\u6210\u5206\u518a \u665a\u5546\u738b\u671d\u7684\u653f\u6cbb\u5730\u666f \u9ec3\u9298\u5d07\n\nCheap\u8cbc\u5716\u4e0a\u67b6\u5566\nhttps://store.line.me/stickershop/author/1784332\n\n\u6210\u70baVIP\u8a02\u95b1\u6236 \u6bcf\u6708\u53f0\u5e6330\u5143\u8d77 \u4eab\u6709\u4e0d\u540c\u7684\u5c08\u5c6c\u7c89\u7d72\u798f\u5229\nhttps://tinyurl.com/y2b43ap2\n\n\u81c9\u66f8:\nhttps://www.facebook.com/cheapAOE/\ncheap\u6b77\u53f2\u8a0e\u8ad6\u793e\u5718:\nhttps://www.facebook.com/groups/cheaphistory\ncheap\u66f8\u55ae:\nhttps://tinyl.io/4QSG",
        "likeCount": "14171",
        "commentCount": "2044",
        "viewCount": "706832"
    },
    "comments": [
        {
            "reply_id": "UgxNUpsFq1LZRFl84qR4AaABAg",
            "reply_content": "\u5112\u5bb6\u5c31\u662f\u4e00\u500b\u5641\u5fc3\u7684\u6d3e\u7cfb \u4e2d\u83ef\u6587\u5316\u5982\u679c\u4e0d\u662f\u5112\u5bb6\u601d\u60f3\u70ba\u5927\u65e9\u5c31\u6bd4\u897f\u65b9\u4e0d\u77e5\u9053\u9032\u6b65\u591a\u5c11\u4e86",
            "likeCount": 2
        },
        {
            "reply_id": "UgwNo7zBBQTEIz9kLMl4AaABAg",
            "reply_content": "\u9577\u77e5\u8b58\u4e86",
            "likeCount": 1
        },
        {
            "reply_id": "UgxoRqvqBm6AcgYkN5J4AaABAg",
            "reply_content": "\u5f9e\u624b\u6bb5\u4e0a\u4f86\u770b,\u5468\u671d\u53ef\u4ee5\u9760\u62b9\u9ed1\u5546\u671d\u4f86\u63d0\u9ad8\u81ea\u5df1",
            "likeCount": 1
        },
        {
            "reply_id": "UgwaU6YaSR5l3gAQIhZ4AaABAg",
            "reply_content": "\u807d\u8aaa\u8607\u59b2\u5df1\u662f\u9ed1\u7f8e\u4eba",
            "likeCount": 1
        },
        {
            "reply_id": "UgxF7PIUNPIG2k92rIx4AaABAg",
            "reply_content": "\u4e8b\u5be6\u4e0a\u662f\u4e8c\u4e94\u4ed4\u7b95\u5b50\u52fe\u7d50\u5916\u6575\u53cd\u81ea\u5df1\u738b\u5f1f",
            "likeCount": 1
        },
        {
            "reply_id": "UgzF_gDAATWPC1gC_t54AaABAg",
            "reply_content": "\u6240\u4ee5\u59b2\u5df1\u61c9\u8a72\u6b63\u540d\u53eb\u505a\u6297\u5468\u5927\u5c07\u8ecd",
            "likeCount": 1
        },
        {
            "reply_id": "UgxEXxjILkypyRlFWyp4AaABAg",
            "reply_content": "\u73fe\u5728\u53f0\u7063\u9084\u6709\u67d0\u4e9b\u7da0\u71df\u85cd\u71df\u7684\u5a92\u9ad4\u5f88\u611b\u62b9\u9ed1",
            "likeCount": 0
        },
        {
            "reply_id": "UgyZ5Dh-54eO3QIctPB4AaABAg",
            "reply_content": "\u79e6\u59cb\u7687\u4e5f\u662f\u88ab\u9ed1",
            "likeCount": 0
        },
        {
            "reply_id": "Ugwca5-jEUE_FQtAkLl4AaABAg",
            "reply_content": "\u52dd\u8005\u70ba\u738b\u6557\u8005\u70ba\u5bc7\uff0c\u6b77\u53f2\u90fd\u662f\u7576\u6545\u4e8b\u66f8\u770b\u770b\u5c31\u597d\u4e86",
            "likeCount": 0
        },
        {
            "reply_id": "UgxEhPkIE3ssgOvCQml4AaABAg",
            "reply_content": "\u641e\u4e0d\u597d\u4e09\u5343\u5e74\u4ee5\u5f8c\u4e5f\u6703\u6709\u4eba\u66ff\u8523\u4e2d\u6b63\u5e73\u53cd\u4e00\u4e0b\u2026",
            "likeCount": 0
        },
        {
            "reply_id": "UgxKFGf3-M8D0XBFfNd4AaABAg",
            "reply_content": "\u6b77\u53f2\u662f\u52dd\u8005\u5beb\u7684\u6771\u897f",
            "likeCount": 0
        },
        {
            "reply_id": "UgzDls5pVuHILUrWDjN4AaABAg",
            "reply_content": "\u6b77\u53f2\u679c\u7136\u662f\u52dd\u5229\u8005\u70ba\u4e86\u81ea\u5df1\u596a\u6b0a\u5408\u7406\u5316\u7684\u6545\u4e8b",
            "likeCount": 0
        },
        {
            "reply_id": "UgwY03JsClyx0fpe2Nx4AaABAg",
            "reply_content": "\u590f\u671d\u958b\u570b\u541b\u4e3b\u5927\u79b9\u7684\u59bb\u5b50\u597d\u50cf\u662f\u4e5d\u5c3e\u72d0\u4e00\u65cf\u7684\u5857\u5c71\u6c0f\uff1f",
            "likeCount": 0
        },
        {
            "reply_id": "UgwcoIjvKMiQ8dcXJd14AaABAg",
            "reply_content": "\u73fe\u5728\u88ab\u62b9\u9ed1\u9020\u8b20\u6700\u6158\u7684\u662f\u67ef\u6587\u54f2\u5427",
            "likeCount": 0
        },
        {
            "reply_id": "Ugwubs6LLbdD4iNemxV4AaABAg",
            "reply_content": "\u521a\u62cd\u7684\u5c01\u795e\u7535\u5f71\u5728\u62b9\u9ed1\u7ea3\u738b",
            "likeCount": 0
        },
        {
            "reply_id": "Ugy_0b6GkuDgF12L2HV4AaABAg",
            "reply_content": "\u5b78\u5230\u5f88\u591a",
            "likeCount": 0
        },
        {
            "reply_id": "Ugw8wDBh0GcccBlEMnN4AaABAg",
            "reply_content": "\u5112\u5bb6\u6587\u5316\u5c31\u662f\u8fd9\u4e2a\u4e16\u754c\u4e0a\u6700\u5927\u7684\u6bd2\u7624",
            "likeCount": 0
        },
        {
            "reply_id": "Ugw-uGnQxSoMCVFJ11x4AaABAg",
            "reply_content": "\u5c0f\u5b78\u535a\u58eb\u54c8\u54c8\u54c8",
            "likeCount": 0
        },
        {
            "reply_id": "Ugxs4-lm1sSNwxFTYSB4AaABAg",
            "reply_content": "\u8aaa\u5546\u7d02\u537b\u6c92\u8aaa\u590f\u6840",
            "likeCount": 0
        },
        {
            "reply_id": "UgzOnye2JXF7MFW2v-Z4AaABAg",
            "reply_content": "\u4f46\u5b9e\u9645\u4e0a\u4f60\u81ea\u5df1\u5c31\u5728\u7be1\u6539\u6ca1\u6709\u8bb0\u5f55\u548c\u6839\u636e\u7684\u5386\u53f2",
            "likeCount": 0
        }
    ]
}