{
    "video_info": {
        "id": "JrV-lY1nCYw",
        "channelTitle": "cheap",
        "title": "\u5370\u5ea6\u4eba\u53e3\u8d85\u8eca\u4e2d\u570b\u3010\u70ba\u4f55\u4e2d\u570b\u3001\u5370\u5ea6\u4eba\u53e3\u9019\u9ebc\u591a?\u3011 28.5\u5104 \u4f54\u4e16\u754c\u4eba\u53e3\u768435% why?",
        "description": "\u70ba\u4ec0\u9ebc\u4e2d\u570b\u5370\u5ea6\u4eba\u53e3\u9019\u9ebc\u591a\u5462? \u6211\u5c07\u5f9e\u6b77\u53f2\u3001\u5730\u7406\u3001\u4eba\u6587\u4f86\u5206\u6790\n\n\u9084\u89ba\u5f97\u627e\u5de5\u4f5c\u5f88\u9ebb\u7169\u55ce?~ \u73fe\u5728\u5c31\u8a66\u8a661111\u4eba\u529b\u9280\u884c\u7684\u627e\u5de5\u4f5cApp\uff0c\u4ecb\u9762UI\u7528\u8d77\u4f86\u5f88\u9806\u624b\u3001\u8077\u7f3a\u4e5f\u591a\uff0c\u9084\u6709\u5f88\u591a\u65b9\u4fbf\u7684\u529f\u80fd\uff0c\u5982\u4e00\u9375\u6295\u5c65\u6b77\u3001\u7af6\u722d\u529b\u5206\u6790\u3001AI\u5c65\u6b77\u5065\u8a3a\u7b49\u7b49\uff0c\u6709\u5728\u627e\u5de5\u4f5c\u3001\u6216\u662f\u60f3\u8f49\u8077\u7684\uff0c\u90fd\u63a8\u85a6\u4e0b\u8f09\u770b\u770b\u5594~\n\n\u25fe\ufe0fiOS\u4e0b\u8f09\uff1a https://1111.com.tw/211488/\n\u25fe\ufe0fAndroid\u4e0b\u8f09\uff1a https://1111.com.tw/211489/\n\n1111\u4eba\u529b\u9280\u884c 1111\u627e\u5de5\u4f5c \u627e\u5de5\u4f5cApp\n\n\u53c3\u8003\u8cc7\u6599\uff1a\n\u793e\u6703\u5b78-\u5b8b\u93ae\u7167 1997\nhttps://tinyl.io/4Qaa\nWhy are countries like India and China so densely populated? What are the circumstances and reasons?\n\n\nCheap\u8cbc\u5716\u4e0a\u67b6\u5566\nhttps://store.line.me/stickershop/author/1784332\n\n\u6210\u70baVIP\u8a02\u95b1\u6236 \u6bcf\u6708\u53f0\u5e6330\u5143\u8d77 \u4eab\u6709\u4e0d\u540c\u7684\u5c08\u5c6c\u7c89\u7d72\u798f\u5229\nhttps://tinyurl.com/y2b43ap2\n\n\u81c9\u66f8:\nhttps://www.facebook.com/cheapAOE/\ncheap\u6b77\u53f2\u8a0e\u8ad6\u793e\u5718:\nhttps://www.facebook.com/groups/cheaphistory\ncheap\u66f8\u55ae:\nhttps://tinyl.io/4QSG",
        "likeCount": "10198",
        "commentCount": "1589",
        "viewCount": "720513"
    },
    "comments": [
        {
            "reply_id": "UgwTlNWIHiBjH6g0UtV4AaABAg",
            "reply_content": "\u6211\u731c\u63a8\u64ad\u4fdd\u96aa\u5957",
            "likeCount": 2
        },
        {
            "reply_id": "Ugzn9iBWrEmYoL6AD0h4AaABAg",
            "reply_content": "\u5370\u5ea6\u5c06\u6210\u4e3a\u4e16\u754c\u7b2c\u4e00",
            "likeCount": 1
        },
        {
            "reply_id": "UgyzAd5knhUSJHFJ8Cp4AaABAg",
            "reply_content": "\u4e09\u54e5\u6587\u76f2\u4eba",
            "likeCount": 1
        },
        {
            "reply_id": "UgxlIjff-pWduLA5fVl4AaABAg",
            "reply_content": "\u6e05\u671d\u4eba\u53e3\u589e\u591a\u662f\u5f15\u9032\u756a\u7f72",
            "likeCount": 1
        },
        {
            "reply_id": "UgzbJclhdmv4tsdyy2p4AaABAg",
            "reply_content": "\u6e05\u671d\u4eba\u53e3\u66b4\u6da8\u4e3b\u8981\u662f\u7ea2\u85af\u7684\u4f20\u5165",
            "likeCount": 1
        },
        {
            "reply_id": "UgwLDIsfO1fu7OCE4MN4AaABAg",
            "reply_content": "\u5370\u5ea6\u5206\u591a\u548c\u5c11\u5427\uff0c\u4e00\u76f4\u662f\u82f1\u56fd\u624d\u8ba9\u5370\u5ea6\u4f5c\u4e3a\u4e00\u4e2a\u6574\u4f53",
            "likeCount": 0
        },
        {
            "reply_id": "UgwAtohd0UGXq2S4-5p4AaABAg",
            "reply_content": "\u53ea\u80fd\u8aaa\u5403\u98fd\u6c92\u4e8b\u5c31\u505a\u611b\u4eba\u53e3\u7576\u7136\u591a",
            "likeCount": 0
        },
        {
            "reply_id": "Ugz_f_Gc32ptj6Jh_-Z4AaABAg",
            "reply_content": "\u56e0\u70ba\u5370\u5ea6\u5572\u7537\u4eba\u53ea\u61c2\u4eab\u6a02",
            "likeCount": 0
        },
        {
            "reply_id": "Ugz16StAvXcYfiLSwbB4AaABAg",
            "reply_content": "\u8ba1\u5212\u751f\u80b2\u6ca1\u505a\u597d",
            "likeCount": 0
        },
        {
            "reply_id": "Ugz9fkp4gmDfrAvp32p4AaABAg",
            "reply_content": "\u8fd9\u8bb2\u8bdd\u600e\u4e48\u8ddf\u8981\u6b7b\u4e86\u4e00\u6837",
            "likeCount": 0
        },
        {
            "reply_id": "UgyZPDU0zkBVhqEt3KJ4AaABAg",
            "reply_content": "\u5169\u5927\u5783\u573e\u5834",
            "likeCount": 0
        },
        {
            "reply_id": "Ugznab9TjFxHfINYOSh4AaABAg",
            "reply_content": "\u592a\u6d45",
            "likeCount": 0
        },
        {
            "reply_id": "Ugw1ajv_RO2B9QS8Mip4AaABAg",
            "reply_content": "\u6211\u5011\u8981\u5805\u6301\u4ee5\u7fd2\u8fd1\u5e73\u65b0\u6642\u4ee3\u4e2d\u570b\u7279\u8272\u793e\u6703\u4e3b\u7fa9\u601d\u60f3\u70ba\u6307\u5c0e,\u5805\u6301\u4e00\u570b\u5169\u5236\u70ba\u4e2d\u83ef\u6c11\u65cf\u7d71\u4e00\u800c\u52aa\u529b~",
            "likeCount": 0
        },
        {
            "reply_id": "Ugx5J9GRg6n1woO1U_x4AaABAg",
            "reply_content": "\u7a77\u7684\u4e70\u4e0d\u8d77\u5957\u5957",
            "likeCount": 0
        },
        {
            "reply_id": "Ugy0JLBrrDcTDxZHkzR4AaABAg",
            "reply_content": "\u52a0\u6cb9",
            "likeCount": 0
        },
        {
            "reply_id": "Ugxquz9ZeoqP3sgbOzd4AaABAg",
            "reply_content": "\u6211\u9084\u4ee5\u70ba\u8981\u696d\u914d\u751f\u5b69\u5b50\u76f8\u95dc\u7684\u5546\u54c1",
            "likeCount": 0
        },
        {
            "reply_id": "Ugwa6NrIuovDq1n5xyJ4AaABAg",
            "reply_content": "\u6211\u559c\u6b61\u5bd2\u51b7\u7684\u5730\u65b9",
            "likeCount": 0
        },
        {
            "reply_id": "UgyuWeNG97np_dBRWTF4AaABAg",
            "reply_content": "\u5370\u5ea6\u5565\u6642\u9577\u671f\u5927\u570b\u4e86",
            "likeCount": 0
        },
        {
            "reply_id": "Ugw93ByTlXeOHAalZ1V4AaABAg",
            "reply_content": "\u559c\u6b61\u505a\u611b\u4e0d\u6234\u5957",
            "likeCount": 0
        },
        {
            "reply_id": "Ugym11g5u3u1Q-Gpdpd4AaABAg",
            "reply_content": "\u7f8e\u6d32\u624d\u662f\u5f97\u5929\u7368\u539a\u5427\uff0c\u4eba\u53e3\u9019\u9ebc\u5c11\u537b\u4f54\u6709\u9019\u9ebc\u591a\u571f\u5730\u8cc7\u6e90",
            "likeCount": 5
        }
    ]
}