{
    "video_info": {
        "id": "lAqS6iDYywQ",
        "channelTitle": "cheap",
        "title": "\u66fe\u662f\u4e16\u754c\u7b2c\u4e09 \u6614\u65e5\u904a\u6232\u5de8\u982d\u7232\u4f55\u8d70\u4e0b\u795e\u58c7?  \u3010\u53f0\u7063\u904a\u6232\u767c\u5c55\u53f2\u3011",
        "description": "\u8ed2\u8f45\u528d\u3001\u4ed9\u528d\u5947\u4fe0\u50b3\u3001\u5927\u5bcc\u7fc1\u3001\u4e09\u570b\u7fa4\u82f1\u50b3\u7b49\n\u53f0\u7063\u904a\u6232\u7522\u696d\u66fe\u7d93\u98a8\u5149\u4e00\u6642\uff0c\u70ba\u4ec0\u9ebc\u73fe\u5728\u98a8\u5149\u4e0d\u5728?\n\n\u53c3\u8003\u8cc7\u6599\uff1a\nPC\u904a\u6232\u7522\u696d\u4ecb\u7d39\uff5c\u53f0\u7063PC\u904a\u6232\u53f2\uff1f\u5168\u7403\u904a\u6232\u5927\u5ee0\u8fd1\u6cc1\uff01 - StockFeel \u80a1\u611f\n\u3010\u7522\u696d\u6982\u89c0\u3011\u6691\u5047\u5c07\u81f3\uff0c\u904a\u6232\u7522\u696d\u65fa\u5b63\u4f86\u81e8\uff1f\u53f0\u7063\u904a\u6232\u767c\u5c55\u53f2\u3001\u7522\u696d\u93c8\u6982\u5ff5\u80a1\u4e00\u6b21\u770b | Anue\u9245\u4ea8 - \u53f0\u80a1\u65b0\u805e (cnyes.com)\n\u53f0\u7063\u96fb\u5b50\u904a\u6232\u53f2\uff08\u4e00\uff09\uff1a\u840c\u82bd\uff081965-1988\uff09 | indienova \u7368\u7acb\u904a\u6232\n\u300a\u539f\u795e\u885d\u64ca\u300b\u4e4b\u524d\uff1a\u4e2d\u570bRPG\u7c21\u53f2 |\u4f5c\u8005\uff1a\u8cbb\u5229\u4f69\u00b7\u4f69\u4f69 |\u4e2d\u7b49 (medium.com)\n\u53f0\u7063\u96fb\u5b50\u904a\u6232\u53f2 | indienova \u7368\u7acb\u904a\u6232\n\n\u4f7f\u7528\u7247\u6bb5\uff1a\n\u7cbe\u8a0a\u96fb\u8166\nhttp://game.signage-cloud.org/mag3_book\n\u5927\u5bcc\u7fc11\nhttps://youtu.be/NTTdtYFM6rE?si=vXg1IDiCZabAWlcF\n\u5927\u5bcc\u7fc12\nhttps://youtu.be/hQtdsTKgQP4?si=uDYRHWUiwHHInE7Q\n\u5927\u5bcc\u7fc13\nhttps://youtu.be/AeqZi8KjoYY?si=cNj23qCFkx53kIIn\n\u5927\u5bcc\u7fc14\nhttps://youtu.be/kOWXvoTd4gw?si=EUml8wF-o4_XwGt9\nhttps://youtu.be/WaKDiJfjass?si=dCHxn39DR-3KknT3\n\u8ed2\u8f45\u528d1\nhttps://youtu.be/vywMjABu-_E?si=Au_P6oCzAY4vjAOY\n\u4e09\u570b\u6f14\u7fa91\nhttps://youtu.be/EWF1PS0YGcU?si=bcmDlPH2Zpj5TIPL\n\u7b11\u50b2\u6c5f\u6e56\nhttps://youtu.be/EJI8nFWR0U4?si=RQmhpcJ_wXpzGibf\n\u6953\u4e4b\u821e\nhttps://youtu.be/L8AezAg_E_E?si=PddPhZyp6bLPdL11\n\u91d1\u5eb8\u7fa4\u4fe0\u50b3\nhttps://youtu.be/fSS83FoACYs?si=OKreZTMQByn8U1B2\n\u4ed9\u528d\nhttps://youtu.be/jjcukAKGTtQ?si=cVcaqa3yrImcOmrh\n\u708e\u9f8d\u9a0e\u58eb\u5718\nhttps://youtu.be/lDeRZ1n7MtY?si=t6Kil989gMjc8PKa\n\u963f\u8c93\u963f\u72d7\nhttps://youtu.be/6DqwYglskSM?si=m-PI7PTC9Xxg_qEC\n\u660e\u661f\u5fd7\u98582\nhttps://youtu.be/xJ92TpmYGjE?si=yldCZZ_FUH0vJI7e\n\u4e09\u570b\u7fa4\u82f1\u50b3\nhttps://youtu.be/uEhFvB_zJbk?si=CQisLNccXeXWL_eQ\n\u5929\u4e4b\u75d5\nhttps://youtu.be/V-XFnkys0vw?si=Zf8XGWmVQKBmE--l\n\u98a8\u96f2\u4e4b\u5929\u4e0b\u6703\nhttps://youtu.be/HhQN0VdWAFY?si=BAhmVSx52hkJxt7X\n\u4fbf\u5229\u5546\u5e97\nhttps://youtu.be/LZlfR1qR-kM?si=C5uQW5UE4T6BLMGO\n\u958b\u5fc3\u8fb2\u5834\nhttps://youtu.be/mdZwVQaRfm0?si=Vr0UM5QB-ZU4LN3w\n\u4e16\u7d00\u5e1d\u570b\nhttps://youtu.be/LzezYMuiHDM?si=h4yNHyMU-xD53v_D\n\u77f3\u5668\u6642\u4ee3\nhttps://youtu.be/1XovnEZRwA0?si=yxcYeptsvSvCY-Zb\n\u6953\u4e4b\u8c37(\u7279\u5225\u611f\u8b1d\u9d1b\u6708)\nhttps://youtu.be/t81pimX41mo?si=gwbd1Eq5vAg7tWJA\nhttps://youtu.be/T0H8z8OKrS4?si=J9AakePYyezr1CQP\n\nhttps://youtu.be/VLENGYmhLLo?si=HlsmqJ4uyFDv9pOL\nhttps://youtu.be/SkHZ5zHdDr8?si=Wf19hn7ZJKl2iwaH\nhttps://youtu.be/iH1CMrJjtJk?si=7hPHEIZk0rGigvRr\nhttps://youtu.be/syzLZHYMAFg?si=ee_U7526zlCgbDbo\nhttps://youtu.be/ZhN94fPWQiU?si=_PaH89m2V2hZ9bMC\nhttps://youtu.be/SuEIYKMK98U?si=LHYHIHLKp9YmMGc1\nhttps://youtu.be/tz_wKpRLA0s?si=o1lb9hV-cvuhqDb9\n\n\u5929\u5802\nhttps://youtu.be/qmsVHKOY7i4?si=yWs_HckAzpoBRo1_\n\n\nCheap\u8cbc\u5716\u4e0a\u67b6\u5566\nhttps://store.line.me/stickershop/author/1784332\n\n\u6210\u70baVIP\u8a02\u95b1\u6236 \u6bcf\u6708\u53f0\u5e6330\u5143\u8d77 \u4eab\u6709\u4e0d\u540c\u7684\u5c08\u5c6c\u7c89\u7d72\u798f\u5229\nhttps://tinyurl.com/y2b43ap2\n\n\u81c9\u66f8:\nhttps://www.facebook.com/cheapAOE/\ncheap\u6b77\u53f2\u8a0e\u8ad6\u793e\u5718:\nhttps://www.facebook.com/groups/cheaphistory\ncheap\u66f8\u55ae:\nhttps://tinyl.io/4QSG",
        "likeCount": "14728",
        "commentCount": "2782",
        "viewCount": "750652"
    },
    "comments": [
        {
            "reply_id": "UgzrEgbM0Zm2Fv0RtuZ4AaABAg",
            "reply_content": "\u97d3\u570b\u662f\u57f9\u990a\u904a\u6232\u7522\u696d\u4eba\u624d \u53f0\u7063\u662f\u57f9\u990a\u8caa\u6c59\u4e00\u689d\u9f8d\u7684\u4eba\u624d",
            "likeCount": 1
        },
        {
            "reply_id": "Ugzb-q0kwe78qohhTG14AaABAg",
            "reply_content": "\u5c71\u5be8\u8d77\u5bb6",
            "likeCount": 0
        },
        {
            "reply_id": "Ugx4AykWmLT88l-zc9x4AaABAg",
            "reply_content": "\u963f\u8c93\u963f\u72d7\u56de\u61b6\u554a",
            "likeCount": 0
        },
        {
            "reply_id": "UgyvKbNljkQHjOeKpaZ4AaABAg",
            "reply_content": "\u9b54\u529b\u5bf6\u8c9d\u8b93\u6211\u5ea6\u904e\u4e86\u7f8e\u597d\u7684\u5c11\u5e74\u6642\u4ee3",
            "likeCount": 0
        },
        {
            "reply_id": "UgxQ_WP9FxdLNFwMcFh4AaABAg",
            "reply_content": "\u8e6d\u6d41\u91cf\u4ed4",
            "likeCount": 0
        },
        {
            "reply_id": "UgxeAPDhk19LMSDNSjJ4AaABAg",
            "reply_content": "\u4e00\u5207\u90fd\u662f\u6c92\u6709\u9322\u4e0d\u662f\u6c92\u6709\u4eba\u624d",
            "likeCount": 0
        },
        {
            "reply_id": "UgwLARsaP9Ty9HyWl7x4AaABAg",
            "reply_content": "\u5982\u679c\u53f0\u6e7e\u4eba\u628a\u539f\u795e\u5f53\u4f5c\u662f\u534e\u4eba\u6e38\u620f\uff0c\u53ef\u80fd\u611f\u60c5\u4e0a\u66f4\u5f00\u5fc3\u4e00\u70b9",
            "likeCount": 0
        },
        {
            "reply_id": "UgyjTR56jx4kNfV75Ud4AaABAg",
            "reply_content": "\u4ee5\u524d\u7684\u4e2d\u6587\u7248\u904a\u6232\u8cea\u91cf\u771f\u7684\u9ad8\u2026\u90a3\u500b\u6587\u672c\u8ddf\u914d\u97f3\u91cf\u662f\u73fe\u5728\u5b8c\u5168\u7121\u6cd5\u60f3\u50cf\u7684\n\u5370\u8c61\u6700\u6df1\u662f\u4e00\u6b3e\u672b\u65e5\u5371\u57ce\uff0c\u9023\u8def\u908a\u8dd1\u9f8d\u5957\u7684\u8fb2\u592b\u751a\u81f3\u6c11\u5b85\u5167\u5b8c\u5168\u4e0d\u91cd\u8981\u7684\u66f8\u7c4d\u90fd\u6709\u7cbe\u7dfb\u7684\u5168\u4e2d\u6587\u914d\u97f3\uff0c\u771f\u7684\u662f\u5c4c\u70b8\u5929",
            "likeCount": 0
        },
        {
            "reply_id": "Ugyti_PcQUglg0qezwd4AaABAg",
            "reply_content": "\u4e82\u5c22\u8cf4\u624d\u662f\u7d93\u5178",
            "likeCount": 0
        },
        {
            "reply_id": "Ugz2GqlpS6tBt4XL_D14AaABAg",
            "reply_content": "\u770b\u5b8c\u5f8c~\u4e5f\u9806\u4fbf\u8d70\u5b8c\u6211\u5c0f\u6642\u5019\u5230\u9752\u5c11\u5e74\u7684\u8dd1\u99ac\u71c8",
            "likeCount": 0
        },
        {
            "reply_id": "Ugz3YOo9Tv-SSOS9wQJ4AaABAg",
            "reply_content": "\u7cbe\u5f69",
            "likeCount": 0
        },
        {
            "reply_id": "Ugx7LAeTgCQUHXC_Fad4AaABAg",
            "reply_content": "\u6211\u8a18\u5f97\u7576\u6642\u90fd\u5f88\u671f\u5f85\u65b0\u4e00\u671f\u7684\u75be\u98a8\u4e4b\u72fc\u770b",
            "likeCount": 0
        },
        {
            "reply_id": "Ugy4OYXY8rA9TMPsZR54AaABAg",
            "reply_content": "\u5b87\u5cfb\u6b63\u6b63\u6b63",
            "likeCount": 0
        },
        {
            "reply_id": "UgwUR5BjR32bdMMQiXF4AaABAg",
            "reply_content": "\u81fa\u7063\u6574\u500b\u5e02\u5834\u90fd\u88ab\u7092\u7d66\u641e\u57ae\u4e86",
            "likeCount": 0
        },
        {
            "reply_id": "UgwNO23srYSyOhSM92t4AaABAg",
            "reply_content": "\u65e9\u671f\u6709\u4e00\u6b3e\u91ab\u751f\u89d2\u8272\u904a\u6232\uff0c\u5982\u904e\u73fe\u5728\u9084\u6709\u5c0d\u91ab\u5b78\u7cfb\u611f\u89ba\u6709\u5e6b\u52a9",
            "likeCount": 0
        },
        {
            "reply_id": "UgxiE0qHBvQ8hgpM--N4AaABAg",
            "reply_content": "\u7d05\u767d\u6a5f\u7684\u541e\u98df\u5929\u5730\u5c31\u662f\u9019\u6a23\uff0c\u904a\u6232\u5167\u5bb9\u5927\u591a\u662f\u65e5\u6587\u5c31\u8ce3\u653b\u7565",
            "likeCount": 0
        },
        {
            "reply_id": "UgxiyFB-8Qu4LvBbnEN4AaABAg",
            "reply_content": "\u548c\u4e2d\u8cc7\u6709\u95dc\u897f\u90fd\u6703\u8b8a\u5ee2",
            "likeCount": 0
        },
        {
            "reply_id": "Ugw6AJoy0v1bIwAoFVR4AaABAg",
            "reply_content": "\u4ed9\u528d\u771f\u4fc2\u7d93\u5178",
            "likeCount": 0
        },
        {
            "reply_id": "Ugyn1Z7JRIv-lrQBA7R4AaABAg",
            "reply_content": "\u5c31\u9023\u5341\u5927\u69cd\u64ca\u8981\u72af\u7dbd\u865f\u5c0f\u9ed1\u5f35\u932b\u9298\u4e5f\u611b\u73a9\u5929\u5802",
            "likeCount": 0
        },
        {
            "reply_id": "UgyiY0MxLCRExdmzcuR4AaABAg",
            "reply_content": "\u53ef\u4ee5\u62ff\u4f86\u6d17\u9322",
            "likeCount": 0
        }
    ]
}