{
    "video_info": {
        "id": "OasjWnOCIiY",
        "channelTitle": "cheap",
        "title": "\u3010100% \u770b\u4e86\u5c31\u4e0d\u6703\u6015\u789f\u4ed9\u7684\u5f71\u7247\u3011\u789f\u4ed9\u7684\u8d77\u6e90 \u70ba\u4ec0\u9ebc\u789f\u5b50\u6703\u81ea\u5df1\u52d5? \u5982\u4f55\u7834\u89e3\u789f\u4ed9",
        "description": "\u789f\u4ed9\u662f\u500b\u53ef\u6015\u7684\u50b3\u8aaa\uff0c\u4f46\u5176\u5be6\u789f\u4ed9\u662f\u8236\u4f86\u54c1\n\u70ba\u4ec0\u9ebc\u5f9e\u5408\u5bb6\u6b61\u7684\u684c\u904a\uff0c\u8b8a\u6210\u6050\u6016\u7684\u50b3\u8aaa\u5462\n\n\u300a\u5973\u9b3c\u6a4b2\uff1a\u6028\u9b3c\u6a13 Mobile\u300b\u904a\u6232\u9810\u8cfc\u6b63\u5f0f\u958b\u8dd1\n\u66a2\u92b7\u7cfb\u5217\u96fb\u5f71\u9996\u5ea6\u8e8d\u4e0a\u624b\u6a5f\u5e73\u53f0 \u4e00\u540c\u63a2\u7d22\u5168\u53f0\u6821\u5712\u9b3c\u8a71\n\u904a\u6232\u516d\u5927\u7279\u8272\uff1a\n\u5ef6\u7e8c\u96fb\u5f71\u300a\u5973\u9b3c\u6a4b2\uff1a\u6028\u9b3c\u6a13\u300b\u4e2d\u7684 #\u6821\u5712\u9b3c\u8a71\u4e16\u754c\u89c0\n\u5c07\u53f0\u7063\u5728\u5730\u7684\u6821\u5712\u602a\u8ac7\u642c\u4e0a\u624b\u6a5f\u904a\u6232\u5e73\u53f0\u5448\u73fe\n\u5ef6\u7e8cToii Games\u64c5\u9577\u7684 LBS\u884c\u52d5\u5b9a\u4f4d \u6c88\u6d78\u5f0f\u904a\u6232\u9ad4\u9a57\n\u9080\u8acb\u53f0\u7063\u77e5\u540d\u795e\u602a\u8003\u5bdf\u5718\u968a \u81fa\u5317\u5730\u65b9\u7570\u805e\u5de5\u4f5c\u5ba4 \u64b0\u5beb\u6545\u4e8b\n\u77e5\u540d\u7e6a\u5e2bTefco\u70ba\u904a\u6232\u7e6a\u88fd \u5168\u65b0\u767b\u5834\u89d2\u8272 \u8207 \u6821\u5712\u9b3c\u602a\n\u4f9d\u64da\u73a9\u5bb6\u901a\u95dc\u6642\u4f5c\u51fa\u7684\u4e0d\u540c\u9078\u64c7\u5c07\u5c0e\u5f15\u81f3 \u4e0d\u540c\u7d50\u5c40\n\n\u25bc\u300a\u5973\u9b3c\u6a4b2\uff1a\u6028\u9b3c\u6a13Mobile\u300b\u5616\u5616\u9810\u8cfc\u52df\u8cc7\u9023\u7d50\u25bc\nhttps://r.zecz.ec/8s1K\n\nToii Games \u7c89\u7d72\u5c08\u9801\uff1ahttps://www.facebook.com/toii.io\n\n\u53c3\u8003\u8cc7\u6599\uff1a\nhttps://tw.voicetube.com/videos/70762\n\u789f\u4ed9\u73fe\u8eab\uff01\uff1f\u70ba\u4ec0\u9ebc\u6211\u7684\u624b\u6703\u4e0d\u53d7\u63a7\u5236\u5730\u79fb\u52d5\uff1f\nhttps://pansci.asia/archives/189636\n\u7fd2\u4fd7\u767e\u79d1\uff0f\u9748\u7570\u4e8b\u4ef6\u983b\u50b3\u9084\u662f\u8981\u73a9\uff1f\u789f\u4ed9\u7a76\u7adf\u5f9e\u54ea\u4f86\nhttps://tinyl.io/9jKz\n\u300c\u789f\u4ed9\u300d\uff1a\u5f9e\u897f\u65b9\u5f15\u9032\u7684\u8236\u4f86\u54c1\nhttps://tinyl.io/9jL1\n\nCheap\u8cbc\u5716\u4e0a\u67b6\u5566\nhttps://store.line.me/stickershop/author/1784332\n\n\u6210\u70baVIP\u8a02\u95b1\u6236 \u6bcf\u6708\u53f0\u5e6330\u5143\u8d77 \u4eab\u6709\u4e0d\u540c\u7684\u5c08\u5c6c\u7c89\u7d72\u798f\u5229\nhttps://tinyurl.com/y2b43ap2\n\n\u81c9\u66f8:\nhttps://www.facebook.com/cheapAOE/\ncheap\u6b77\u53f2\u8a0e\u8ad6\u793e\u5718:\nhttps://www.facebook.com/groups/cheaphistory\ncheap\u66f8\u55ae:\nhttps://tinyl.io/4QSG",
        "likeCount": "12724",
        "commentCount": "1308",
        "viewCount": "554416"
    },
    "comments": [
        {
            "reply_id": "UgwoHxSj1Q-GT9B3-DR4AaABAg",
            "reply_content": "\u8fd9\u53ea\u6709\u6211\u89c9\u5f97\u4ed6\u8bf4\u8bdd\u53e3\u9f7f\u4e0d\u6e05\u5417\uff1f\u5982\u679c\u627e\u4e00\u4e2a\u5b57\u6b63\u8154\u5706\u7684\u4eba\u8bc4\u8bf4\u9891\u9053\u4f1a\u6709\u66f4\u591a\u89c2\u770b\u8005\u4e0e\u8ba2\u9605\u8005\u3002",
            "likeCount": 3
        },
        {
            "reply_id": "UgwlopRMaP3hGdZJac94AaABAg",
            "reply_content": "\u91cd\u9ede\u662f\u5f8c\u9762\u4ecb\u7d39\u7684\u5973\u9b3c\u6a4b",
            "likeCount": 1
        },
        {
            "reply_id": "Ugy4orzT9OPN_07qZdN4AaABAg",
            "reply_content": "\u883b\u597d\u5947\u4f60\u5982\u679c\u662f\u9435\u9f52\u7684\u4eba\uff0c\u6703\u6562\u5230\u574a\u9593\u50b3\u805e\u9b27\u9b3c\u7684\u5730\u65b9\u73a9\u789f\u4ed9\u8a66\u8a66\u770b\u55ce",
            "likeCount": 1
        },
        {
            "reply_id": "UgxvGO0QSH772tdEgPV4AaABAg",
            "reply_content": "\u9019\u500b\u8981\u770b\u7576\u6642\u73a9\u7684\u4eba\u8eab\u4e0a\u6709\u6c92\u6709\u56e0\u679c\uff0c\u6211\u5e7c\u6642\u6709\u9130\u5c45\u534a\u591c\u8dd1\u53bb\u5b78\u6821\u73a9\u789f\u4ed9\u4e2d\u90aa\uff0c\u5979\u7684\u7236\u89aa\u807d\u5979\u4e2d\u90aa\u6642\u8aaa\u7684\u81c9\u90fd\u7da0\u4e86\u627e\u9053\u58eb\u8655\u7406\u5916\u624d\u6062\u5fa9\u6b63\u5e38\u3002",
            "likeCount": 1
        },
        {
            "reply_id": "UgyJWeC6pE0CRtZldop4AaABAg",
            "reply_content": "\u8fd9\u73a9\u610f\u4e0d\u597d\u8bf4 \u6709\u65f6\u4f1a\u62db\u6765\u4e1c\u897f\u635f\u5bb3\u81ea\u5df1\u7684\u8fd0\u6c14",
            "likeCount": 1
        },
        {
            "reply_id": "UgxKEe4b7T1gl6ipq7t4AaABAg",
            "reply_content": "\u53ef\u4ee5\u554f\u660e\u5e74\u7e3d\u7d71\u5927\u9078",
            "likeCount": 0
        },
        {
            "reply_id": "UgyfBIavjiv4s_IZfeB4AaABAg",
            "reply_content": "\u53ef\u4ee5\u554f\u660e\u5e74\u7e3d\u7d71\u5927\u9078",
            "likeCount": 0
        },
        {
            "reply_id": "Ugw6Dz5ClQ7_DKmXVtd4AaABAg",
            "reply_content": "\u79d1\u5b78\u4e0a\u7db2",
            "likeCount": 0
        },
        {
            "reply_id": "UgzdQ85EGInaDDvSE6x4AaABAg",
            "reply_content": "\u90a3\u8e40\u4ed9\u662f\u4e0d\u662f\u771f\u7684\u5462",
            "likeCount": 0
        },
        {
            "reply_id": "Ugy7JRN3gzj7K4BEuLF4AaABAg",
            "reply_content": "\u9b6f\u8fc5\u662f\u5565\u5c0f",
            "likeCount": 0
        },
        {
            "reply_id": "Ugzwskk--sVVXW21Qyd4AaABAg",
            "reply_content": "\u6240\u4ee5\u904e\u53bb\u6709\u4e00\u5927\u5806\u8aaa\u73a9\u789f\u4ed9\u6c92\u8acb\u8d70 \u4e2d\u90aa\u90fd\u9a19\u8096\u6b38",
            "likeCount": 0
        },
        {
            "reply_id": "UgyVgytvGZCePinMt6x4AaABAg",
            "reply_content": "\u789f\u4ed9\u518d\u600e\u9ebc\u6050\u6016\u90fd\u4e0d\u6703\u6bd4\u6c92\u5b58\u6b3e\u6c92\u85aa\u6c34\u6050\u6016\uff0c\u5687\u4e0d\u5230\u6211\u7684",
            "likeCount": 0
        },
        {
            "reply_id": "UgxNyeeWDUnRIgN8gth4AaABAg",
            "reply_content": "\u4ee5\u524d\u53ea\u77e5\u9053\u73a9\u789f\u4ed9\u6703\u6b7b\u4eba\n\u53ea\u80fd\u73a9\u9322\u4ed9\u54c8\u54c8\u54c8\u54c8",
            "likeCount": 0
        },
        {
            "reply_id": "Ugx2d7G67cjUlg3f15Z4AaABAg",
            "reply_content": "\u6709\u6642\u4faf\u61c9\u8a72\u662f\u771f\u7684",
            "likeCount": 0
        },
        {
            "reply_id": "Ugxc8AhsbN4lQq14wBB4AaABAg",
            "reply_content": "\u90a3\u4e9b\u7121\u804a\u79d1\u5b78\u5bb6\u8207\u5b78\u8005\u8aaa\u789f\u4ed9\u3001\u901a\u9748\u7248\u4e4b\u985e\u5168\u90fd\u662f\u4eba\u985e\u624b\u81ea\u5df1\u52d5\u7684\u592a\u8a87\u5f35\uff0c\u611f\u89ba\u4e00\u5b9a\u6c92\u6df1\u5ee3\u5ba2\u89c0\u4e2d\u7acb\u7684\u7814\u7a76",
            "likeCount": 0
        },
        {
            "reply_id": "Ugyk4pD_LXoCXDL5M7Z4AaABAg",
            "reply_content": "\u9b3c\u6545\u4e8b\u4e16\u754c\u5404\u570b\u90fd\u6709",
            "likeCount": 0
        },
        {
            "reply_id": "UgygGON5QGv4LdRq-iJ4AaABAg",
            "reply_content": "\u611b\u8fea\u751f\u4ec0\u9ebc\u9b3c",
            "likeCount": 0
        },
        {
            "reply_id": "UgyVPsaiVMRyirY4ejZ4AaABAg",
            "reply_content": "\u70ba\u4ec0\u9ebc\u8b1b\u767d\u881f\u71ed\u7684\u6642\u5019\u51fa\u73fe\u7d05\u881f\u71ed\u7167\u7247",
            "likeCount": 0
        },
        {
            "reply_id": "Ugw2MaNa7Xb6QiyDnhx4AaABAg",
            "reply_content": "\u9084\u662f\u4e0d\u80fd\u60f3\u50cf\u771f\u7684\u6709\u79d1\u5b78\u5bb6\u82b1\u6642\u9593\u4f86\u8a2d\u8a08\u5be6\u9a57\u4f86\u8b49\u660e\u789f\u4ed9\u662f\u5728\u552c\u721b",
            "likeCount": 0
        },
        {
            "reply_id": "UgyBpWsqhq6WcRYW_8F4AaABAg",
            "reply_content": "\u5996\u9b54\u9b3c\u602a\u518d\u5f37\u4e5f\u6c92\u6709\u4eba\u985e\u7684\u5546\u696d\u982d\u8166\u53ef\u6015",
            "likeCount": 0
        }
    ]
}