{
    "video_info": {
        "id": "pG96PA4H64s",
        "channelTitle": "cheap",
        "title": "\u70ba\u4ec0\u9ebc\u4e2d\u91ab\u90fd\u8aaa\u4e0d\u8981\u6253\u624b\u69cd? \u53e4\u4eba\u90fd\u600e\u9ebc\u81ea\u6170 \u3010\u4eba\u985eDIY\u7684\u6b77\u53f2\u3011",
        "description": "\u70ba\u4ec0\u9ebc\u4e2d\u91ab\u90fd\u8981\u6211\u5011\u5c11\u6253\u624b\u69cd? \n\u53e4\u4eba\u662f\u600e\u9ebcDiy\u7684\u5462?\n\n\u53ef\u6a02\u7814\u7a76\u793e\u662f\u77e5\u540d\u5169\u6027\u96fb\u5546\n\u5546\u57ce\u8ca9\u552e\u5404\u7a2e\u60c5\u8da3\u5546\u54c1\n\u4e0d\u8ad6\u9b54\u6cd5\u5e2b\u70ba\u6392\u89e3\u6182\u6101\u7684\u98db\u6a5f\u676f\n\u9084\u662f\u842c\u4eba\u8ff7\u63d0\u69cd\u4e0a\u9663\u7528\u7684\u6f64\u6ed1\u6db2\n\u5728\u53ef\u6a02\u7814\u7a76\u793e\u901a\u901a\u8cb7\u5f97\u5230\n@colaresearchclub \n\n\u73fe\u5728\u642d\u914d\u53ef\u6a02\u7814\u7a76\u793e @colaresearchclub\n\u3010\u96d911\u8840\u62fc\u72c2\u6b61\u796d\u3011\u5c31\u4eab\u8d85 Cheap \u512a\u60e0\nhttps://colaresearchclubs.com/cheapcola\n\n\u5373\u65e5\u8d77~11/16\u4e2d\u534812\u9ede\u4e0b\u55ae\n\ud83c\udf81\u62bd iPhone 15 pro\n\ud83c\udf81\u8d08 500 \u5143\u8cfc\u7269\u91d1\n\ud83c\udf81\u6eff\u5343\u6298 $111,\u6eff\u842c\u6298 $1111\n\ud83c\udf81\u6eff\uff041111 \u5143\u4eab\u514d\u904b\n\ud83c\udf81\u6eff\u984d\u518d\u8d08\u591a\u9805\u597d\u79ae\n\n\u66f4\u591a\u512a\u60e0\u5167\u5bb9\u9ede\u9078\u4e0b\u65b9\u9023\u7d50\nhttps://colaresearchclubs.com/cheapcola\n\n\u5225\u8b93\u8d85cheap \u7684\u512a\u60e0\u96e2\u4f60\u800c\u53bb\n\u795e\u79d8$11\u5143\u9650\u5b9a\u6436\u8cfc\u512a\u60e0\nhttps://colaresearchclubs.com/colacheap11\n\n\ud83d\udce2cheap \u7cbe\u795e\u767e\u500d\u7684\u95dc\u9375_\u6975\u81f4\u9ed1G\u746a\u5361\nhttps://colaresearchclubs.com/cheapmaca\n\n\u53c3\u8003\u8cc7\u6599\uff1a\nhttps://tinyl.io/9iQc\nhttps://www.pedofili.eu/Arkiv/History%20of%20Masturbation.htm\nhttps://medium.com/dose/an-epic-history-of-masturbation-around-the-world-366a68618b35\n\u300a\u4e2d\u570b\u53e4\u4ee3\u623f\u5167\u8003\u300b\u738b\u66f8\u6cd3\u3001\u5f6d\u667a\u5ef7\n\n\nCheap\u8cbc\u5716\u4e0a\u67b6\u5566\nhttps://store.line.me/stickershop/author/1784332\n\n\u6210\u70baVIP\u8a02\u95b1\u6236 \u6bcf\u6708\u53f0\u5e6330\u5143\u8d77 \u4eab\u6709\u4e0d\u540c\u7684\u5c08\u5c6c\u7c89\u7d72\u798f\u5229\nhttps://tinyurl.com/y2b43ap2\n\n\u81c9\u66f8:\nhttps://www.facebook.com/cheapAOE/\ncheap\u6b77\u53f2\u8a0e\u8ad6\u793e\u5718:\nhttps://www.facebook.com/groups/cheaphistory\ncheap\u66f8\u55ae:\nhttps://tinyl.io/4QSG",
        "likeCount": "37128",
        "commentCount": "2119",
        "viewCount": "1958436"
    },
    "comments": [
        {
            "reply_id": "Ugw0aUIo-aRb0ZiErgF4AaABAg",
            "reply_content": "\u6284\u8972\u4ed4\u7e7c\u7e8c\u723d",
            "likeCount": 1
        },
        {
            "reply_id": "UgxpaTByNF8e1caFKIh4AaABAg",
            "reply_content": "\u5f88\u591a\u4eba\u90fd\u5bf9\u9053\u5bb6\u7684\u623f\u4e2d\u672f\u611f\u5174\u8da3\uff0c\u4f46\u662f\u6211\u4f5c\u4e3a\u4e00\u4e2a\u4f20\u7edf\u6587\u5316\u7231\u597d\u8005\u6211\u641c\u96c6\u7684\u8d44\u6599\u90fd\u663e\u793a\u5176\u5b9e\u53e4\u4eba\u7684\u6027\u7231\u7406\u8bba\u548c\u54b1\u4eec\u4eca\u5929\u771f\u7684\u4e0d\u4e00\u6837\uff0c\u623f\u4e2d\u672f\u8bb2\u7a76\u4e5d\u6d45\u4e00\u6df1\uff0c\u800c\u4e14\u8282\u594f\u5f88\u6162\u7684\uff0c\u5bf9\u5e94\u5230\u4eca\u5929\u5982\u679c\u4f5c\u4e3a\u7537\u6027\u4f60\u7684\u5bf9\u8c61\u662f\u4e2a\u6027\u6b32\u5f88\u5f3a\u7684\u5973\u6027\uff0c\u90a3\u4e48\u6050\u6015\u5f88\u96be\u5feb\u901f\u6ee1\u8db3\u5979\u4e86",
            "likeCount": 0
        },
        {
            "reply_id": "UgxfmED63O9c-zKmC3R4AaABAg",
            "reply_content": "\u6253\u4e2a\u80f6\u5148",
            "likeCount": 0
        },
        {
            "reply_id": "UgwybNXwysojdfjK6pd4AaABAg",
            "reply_content": "\u80ce\u5f4e\u5f97\u6027\u6559\u80b2\u771f\u7684\u8981\u52a0\u6cb9",
            "likeCount": 0
        },
        {
            "reply_id": "UgzmFdx0N8j0q77WlGF4AaABAg",
            "reply_content": "\u54c7\u7684\u6cd5",
            "likeCount": 0
        },
        {
            "reply_id": "Ugww1NEFZbWQUmQtoUB4AaABAg",
            "reply_content": "\u79bb\u8c31",
            "likeCount": 0
        },
        {
            "reply_id": "Ugwz_cdChXOLIoB-mCd4AaABAg",
            "reply_content": "\u5f88\u8a73\u76e1",
            "likeCount": 0
        },
        {
            "reply_id": "UgzagraNSIC6Wt4E_B94AaABAg",
            "reply_content": "\u7136\u5f8c\u5c31\u662f\u7540\u9322\u91ab\u751f",
            "likeCount": 0
        },
        {
            "reply_id": "UgxQ9dRNxsvPGw7PQU94AaABAg",
            "reply_content": "\u67ef\u7c89\u591a\u5b78\u8457\u9ede",
            "likeCount": 0
        },
        {
            "reply_id": "UgxXmSLc7tvn9OCB-sl4AaABAg",
            "reply_content": "\u5973\u6027\u9ad8\u6f6e\u5b8c\u4ee5\u540e\u4e5f\u4f1a\u6709\u8d24\u8005\u65f6\u95f4\u4e48",
            "likeCount": 0
        },
        {
            "reply_id": "UgzyTfmMqw53f6HvG9R4AaABAg",
            "reply_content": "\u6211\u670b\u53cb\u5bb6\u7684\u72d7\u767c\u60c5\u8dd1\u4f86\u9a0e\u6211\u5c0f\u817f",
            "likeCount": 0
        },
        {
            "reply_id": "UgzpYPQAd42gTFl-Lfx4AaABAg",
            "reply_content": "\u6253\u4e5f\u6ca1\u4e8b",
            "likeCount": 0
        },
        {
            "reply_id": "UgxN3U6BRrsITYPP4894AaABAg",
            "reply_content": "\u5176\u5be6\u4e0d\u7528\u9928\u9577\u7684\u8eab\u6750\u52a0\u4e0a\u4e09\u516c\u5206\n\u76f4\u63a5\u9928\u9577\u7684\u8eab\u6750\u5c31\u597d\u4e86",
            "likeCount": 0
        },
        {
            "reply_id": "UgyjbnxvhiPaYMh7kot4AaABAg",
            "reply_content": "\u771f\u641e\u7b11",
            "likeCount": 0
        },
        {
            "reply_id": "Ugx4eAhxBCxXNAnQVFd4AaABAg",
            "reply_content": "\u5973\u751f\u4e5f\u53ef\u4ee5\u4e0d\u7528\u9053\u5177\u597d\u55ce",
            "likeCount": 0
        },
        {
            "reply_id": "UgynW1lazO9M8o72tnd4AaABAg",
            "reply_content": "\u6284\u8972",
            "likeCount": 8
        },
        {
            "reply_id": "UgwCK7gN9_9X98BKQtF4AaABAg",
            "reply_content": "\u6284\u8972\u5225\u7684\u5275\u4f5c\u8005\u7684\u6b77\u53f2\u6587\u7ae0\u7684\u6642\u5019\u53ef\u4e0d\u53ef\u4ee5\u5148\u53bb\u9a57\u8b49\u4e00\u4e0b\u5167\u5bb9\u7684\u771f\u5be6\u6027 \u6284\u5225\u4eba\u778e\u63b0\u7684\u6703\u4e0d\u6703\u592a\u597d\u7b11",
            "likeCount": 4
        },
        {
            "reply_id": "UgxJdCrXuxNuCKvWrS54AaABAg",
            "reply_content": "\u4f60\u9019\u7bc7\u4e5f\u662f\u932f\u8aa4\u9023\u9023\u311d\u4f60\u9084\u662f\u6539\u540d\u53eb\u5927\u6a4b\u8aaa\u66f8\u4ed4\u5c31\u597d\u4e86",
            "likeCount": 3
        },
        {
            "reply_id": "UgyRbz3lKsGuh05LZJ14AaABAg",
            "reply_content": "\u95fb\u662f\u542c\u5427",
            "likeCount": 1
        },
        {
            "reply_id": "Ugw8zb30NRu5jwjfOih4AaABAg",
            "reply_content": "\u96e3\u602a\u6211\u5973\u53cb\u8ddf\u8001\u5a46\u5728\u6a5f\u6b6a\u7684\u6642\u5019\u53ea\u8981\u5e79\u7206\u4ed6\u5011\u5fc3\u60c5\u5c31\u8b8a\u597d\u4e86",
            "likeCount": 0
        }
    ]
}