{
    "video_info": {
        "id": "rifnCyknbuM",
        "channelTitle": "cheap",
        "title": "\u4ea4\u901a\u5c40\u4e0d\u8981\u7684\u6587\u6848~ \u70ba\u4ec0\u9ebc\u53f0\u7063\u4eba\u9019\u9ebc\u611b\u9a0e\u6a5f\u8eca? \u3010\u53f0\u7063\u6a5f\u8eca\u53f2\u3011",
        "description": "\u70ba\u4ec0\u9ebc\u53f0\u7063\u6a5f\u8eca\u9019\u9ebc\u591a?\n\u70ba\u4ec0\u9ebc\u53f0\u7063\u4eba\u9019\u9ebc\u611b\u9a0e\u6a5f\u8eca\u5462?\n\nCheap\u8cbc\u5716\u4e0a\u67b6\u5566\nhttps://store.line.me/stickershop/author/1784332\n\n\u6210\u70baVIP\u8a02\u95b1\u6236 \u6bcf\u6708\u53f0\u5e6330\u5143\u8d77 \u4eab\u6709\u4e0d\u540c\u7684\u5c08\u5c6c\u7c89\u7d72\u798f\u5229\nhttps://tinyurl.com/y2b43ap2\n\n\u81c9\u66f8:\nhttps://www.facebook.com/cheapAOE/\ncheap\u6b77\u53f2\u8a0e\u8ad6\u793e\u5718:\nhttps://www.facebook.com/groups/cheaphistory\ncheap\u66f8\u55ae:\nhttps://tinyl.io/4QSG",
        "likeCount": "30249",
        "commentCount": "6948",
        "viewCount": "1210066"
    },
    "comments": [
        {
            "reply_id": "UgwwuM9gA8lb1sqVS794AaABAg",
            "reply_content": "\u6211\u4e5f\u559c\u6b61\u9a0e\u8eca",
            "likeCount": 0
        },
        {
            "reply_id": "UgzWD6eUVxZl67AXvMl4AaABAg",
            "reply_content": "\u9b3c\u5cf6\u771f\u5ee2",
            "likeCount": 0
        },
        {
            "reply_id": "UgyxmzK-ntVXaaSdwzV4AaABAg",
            "reply_content": "\u63db\u500b\u76ae\u5e7e\u767e\u584a\u800c\u5df2\uff0c\u6bd4\u6d77\u7dbf\u9047\u6c34\u81ed\u6389\u5168\u63db\u597d\u591a\u4e86\u5427",
            "likeCount": 0
        },
        {
            "reply_id": "Ugzh-HDm8xi7Ls6woit4AaABAg",
            "reply_content": "\u9a0e\u6a5f\u8eca\u5f88\u5927\u90e8\u4efd\u662f\u53f0\u7063\u5730\u5c0f\uff0c\u5982\u679c\u90fd\u958b\u8eca\u7684\u8a71\u4ea4\u901a\u4e0d\u585e\u7206\u624d\u602a",
            "likeCount": 0
        },
        {
            "reply_id": "UgwhC4mWHJ8NJbjkV7J4AaABAg",
            "reply_content": "\u4e5f\u592a\u512a\u4e86\u5427\uff01\u4e86\u89e3\u53f0\u7063\u6a5f\u8eca\u6b77\u53f2\u53c8\u53ef\u4ee5\u62bd\u8f2a\u80ce",
            "likeCount": 0
        },
        {
            "reply_id": "UgxPy6Wp3EQnkQ4LGKp4AaABAg",
            "reply_content": "\u5e0c\u671b\u53f0\u5317\u7684\u8def\u53ef\u4ee5\u92ea\u5e73\u4e00\u9ede",
            "likeCount": 0
        },
        {
            "reply_id": "UgxkFExxhjQSErMdph94AaABAg",
            "reply_content": "\u56e0\u70ba\u4e0d\u662f\u6bcf\u500b\u4eba\u90fd\u8cb7\u5f97\u8d77\u8eca",
            "likeCount": 0
        },
        {
            "reply_id": "Ugy4V0iu8BZ8YlQb-Qd4AaABAg",
            "reply_content": "\u5403\u500b\u98ef\u4e00\u822c\u6642\u9593\u5728\u627e\u505c\u8eca\u4f4d",
            "likeCount": 0
        },
        {
            "reply_id": "UgyKOS54D84JL6Sm8Pl4AaABAg",
            "reply_content": "\u5ea7\u588a\u7834\u76ae\u53ef\u4ee5\u627e\u6a5f\u8eca\u5ea7\u588a\u884c\u63db\u5916\u76ae\u53ea\u8981\u5e7e\u767e\u584a\u5c31\u641e\u5b9a",
            "likeCount": 0
        },
        {
            "reply_id": "Ugyt7CYKv4IPZld7n9t4AaABAg",
            "reply_content": "\u9f8d\u9f8d\u90a3\u6bb5\u771f\u6709\u8da3",
            "likeCount": 0
        },
        {
            "reply_id": "Ugwk8-AmqjGnAM6jtkh4AaABAg",
            "reply_content": "\u6211\u89ba\u5f97\u9019\u53e5\u624d\u662f\u91cd\u9ede\n\u5927\u773e\u4ea4\u901a\u7684\u901a\u52e4\u8cbb\u6bd4\u6a5f\u8eca\u6cb9\u9322\u8cb4",
            "likeCount": 0
        },
        {
            "reply_id": "Ugx9Ywa5PW92V0VHANR4AaABAg",
            "reply_content": "\u6170\u554f\u91d1\u7b11\u6b7b",
            "likeCount": 0
        },
        {
            "reply_id": "UgzZJ0RtyIFHEpeTs1t4AaABAg",
            "reply_content": "\u6211\u770b\u6c92\u4eba\u95d6\u7d05\u71c8\u88ab\u7f70\u4e86\u633a\u4e0d\u633a\u6211",
            "likeCount": 0
        },
        {
            "reply_id": "Ugx1uOUj7BTBzLEpP3p4AaABAg",
            "reply_content": "\u7576\u4f60\u958b\u8eca\u4f60\u7684\u982d\u4e0a\u65b9\u53ea\u6709\u8eca\u9802\u6216\u5929\u7a97\uff0c\u4f46\u7576\u4f60\u9a0e\u8eca\u4f60\u64c1\u6709\u7684\u662f\u4e00\u500b\u4e16\u754c",
            "likeCount": 0
        },
        {
            "reply_id": "UgxJLxUD9T_zSvt0xwl4AaABAg",
            "reply_content": "\u6211\u7adf\u7136\u6c92\u6709\u767c\u73fe\u7c89\u7d05\u5728\u7559\u8a00\u5340\u5f37\u8abf\u81fa\u7063\u7701",
            "likeCount": 0
        },
        {
            "reply_id": "Ugy0XgO9duVsMSeZ9gV4AaABAg",
            "reply_content": "\u990a\u6c7d\u8eca\u592a\u8cb4\u6a5f\u8eca\u6bd4\u8f03\u4fbf\u5b9c",
            "likeCount": 0
        },
        {
            "reply_id": "Ugxga1OX8yzGZp_Oe9Z4AaABAg",
            "reply_content": "\u4e0d\u662f\u53f0\u7063\u4eba\u611b\u9a0e\u6a5f\u8eca\uff0c\u53ea\u662f\u653f\u5e9c\u4e0d\u628a\u8a72\u7d66\u6211\u5011\u7684\u9322\u7d66\u6211\u5011",
            "likeCount": 2
        },
        {
            "reply_id": "UgyJDel4UltkBt_ZwDJ4AaABAg",
            "reply_content": "\u56e0\u70ba\u53f0\u7063\u7aae\u82e6\u4eba\u9084\u662f\u5f88\u591a \u6a5f\u8eca\u7b97\u662f\u6700\u5ec9\u50f9\u7684\u4ea4\u901a\u5de5\u5177 \u6839\u672c\u4e0d\u662f\u8521\u82f1\u6587\u653f\u5e9c\u5ba3\u50b3\u7684\u4eba\u4eba\u5bcc\u88d5",
            "likeCount": 1
        },
        {
            "reply_id": "UgwLccofl5INCRqJYwd4AaABAg",
            "reply_content": "\u6211\u81ea\u5df1\u662f\u611f\u89ba\u5f88\u591a\u9053\u8def\u90fd\u5f88\u5c0f\u958b\u8eca\u5c31\u4e0d\u65b9\u4fbf \u7136\u5f8c\u53c8\u5bb9\u6613\u585e\u8eca \u5e38\u5e38\u8def\u7a0b\u624d\u4e94\u5230\u5341\u5206\u9418\u771f\u7684\u5b8c\u5168\u4e0d\u60f3\u958b\u8eca",
            "likeCount": 0
        },
        {
            "reply_id": "Ugxaho3kgkawGi_S--l4AaABAg",
            "reply_content": "\u8f2a\u80ce\u662f\u5f88\u5b89\u5168\u7684\u91cd\u8981\u6307\u6a19\uff0c\u7528\u5c0d\u8f2a\u80ce\u4e0d\u53ea\u7701\u6cb9\u53c8\u5b89\u5168\uff0c\u7528\u932f\u8f2a\u80ce\u6703\u6709\u5b89\u5168\u7591\u616e\u9084\u6703\u5f71\u97ff\u6a5f\u8eca\u6b63\u5e38\u4f7f\u7528",
            "likeCount": 0
        }
    ]
}