{
    "video_info": {
        "id": "tYaYUmQ5WKM",
        "channelTitle": "cheap",
        "title": "\u3010\u5c01\u5efa\u3001\u838a\u5712\u3001\u9a0e\u58eb\u3011\u4e2d\u4e16\u7d00\u7684\u751f\u6d3b\u662f\u600e\u6a23?  \u4eba\u5011\u5403\u4ec0\u9ebc\u3001\u7a7f\u4ec0\u9ebc \u771f\u7684\u5f88\u6d6a\u6f2b\u55ce?  \u9a0e\u58eb\u3001\u8fb2\u6c11\u7684\u4e00\u5929",
        "description": "\u6b50\u6d32\u4e2d\u53e4\u4e16\u7d00\u7d66\u4eba\u7684\u5370\u8c61\u662f\u5c01\u5efa\u3001\u838a\u5712\u3001\u9a0e\u58eb\u8207\u4fe1\u4ef0\n\u8b93\u4eba\u89ba\u5f97\u975e\u5e38\u6d6a\u6f2b\uff0c\u4f46\u4eba\u5011\u771f\u5be6\u7684\u751f\u6d3b\u662f\u600e\u6a23\u5462?\n\n\u53c3\u8003\u8cc7\u6599\uff1a\n10 things you (probably) didn't know about the Middle Ages\nhttps://tinyl.io/9A0Y\nhttps://www.wondriumdaily.com/why-the-middle-ages-matter-today/\n\u4e2d\u4e16\u7d00\u4eba\u5011\u7684\u59d3\u6c0f\u5927\u5168\nhttps://www.historylearningsite.co.uk/medieval-england/medieval-surnames/\nhttps://en.wikipedia.org/wiki/The_Peasant_Wedding\nThe Peasant Wedding \u8fb2\u6c11\u5a5a\u79ae\n\nCheap\u8cbc\u5716\u4e0a\u67b6\u5566\nhttps://store.line.me/stickershop/author/1784332\n\n\u6210\u70baVIP\u8a02\u95b1\u6236 \u6bcf\u6708\u53f0\u5e6330\u5143\u8d77 \u4eab\u6709\u4e0d\u540c\u7684\u5c08\u5c6c\u7c89\u7d72\u798f\u5229\nhttps://tinyurl.com/y2b43ap2\n\n\u81c9\u66f8:\nhttps://www.facebook.com/cheapAOE/\ncheap\u6b77\u53f2\u8a0e\u8ad6\u793e\u5718:\nhttps://www.facebook.com/groups/cheaphistory\ncheap\u66f8\u55ae:\nhttps://tinyl.io/4QSG",
        "likeCount": "9612",
        "commentCount": "707",
        "viewCount": "489901"
    },
    "comments": [
        {
            "reply_id": "UgxLqo7-5TkGR4-Eplx4AaABAg",
            "reply_content": "\u70ba\u4ec0\u9ebc\u4e2d\u4e16\u7d00\u4eba\u7fa4\u90a3\u9ebc\u50cf\u67d0\u4e16\u754c\u5927\u570b\u7684\u4eba\u6c11\ud83d\ude02",
            "likeCount": 2
        },
        {
            "reply_id": "UgyX7Y-urr1WW3vSXOF4AaABAg",
            "reply_content": "\u4e2d\u4e16\u7eaa\u7684\u751f\u6d3b\u50cf\u6781\u4e86\u4e2d\u5171\u7684\u751f\u6d3b\uff0c\u5f85\u5728\u5e84\u56ed\u91cc\u4e3a\u9886\u4e3b\u670d\u52a1\u5c31\u597d\u4e86",
            "likeCount": 1
        },
        {
            "reply_id": "Ugwkzx7SGoHXTRj_66x4AaABAg",
            "reply_content": "\u719f\u6089\u7684\u4e16\u7d00\u5e1d\u570b\u56de\u4f86\u4e86",
            "likeCount": 1
        },
        {
            "reply_id": "Ugww5U79i8_p79Ou_ut4AaABAg",
            "reply_content": "\u8d4e\u7f6a\u5377",
            "likeCount": 1
        },
        {
            "reply_id": "UgwzZfC4UHDg53Vy8ql4AaABAg",
            "reply_content": "\u730e\u5deb",
            "likeCount": 1
        },
        {
            "reply_id": "Ugzqm1vM8RsdO0uuzKV4AaABAg",
            "reply_content": "\u9ed1\u6b7b\u75c5",
            "likeCount": 1
        },
        {
            "reply_id": "UgzAu8M8eVgUBA-bEcd4AaABAg",
            "reply_content": "\u4e2d\u4e16\u7eaa\u7d2b\u8272\u548c\u84dd\u8272\u67d3\u6599\u5341\u5206\u6602\u8d35\uff0c\u4e00\u822c\u5e73\u6c11\u53cd\u5012\u4e0d\u592a\u53ef\u80fd\u7a7f\u8fd9\u4e24\u79cd\u989c\u8272\u7684\u8863\u670d",
            "likeCount": 1
        },
        {
            "reply_id": "Ugy91D3-WssGR5LLK354AaABAg",
            "reply_content": "\u8d85\u559c\u6b61\u756b\u4f5c\u89e3\u8aaa\u90a3\u4e00\u6bb5\uff0c\u5e0c\u671b\u4ee5\u5f8c\u53ef\u4ee5\u591a\u505a\u4e00\u9ede\u985e\u4f3c\u7684\u5167\u5bb9",
            "likeCount": 0
        },
        {
            "reply_id": "UgyCcu3DWq0os0J7Gpl4AaABAg",
            "reply_content": "\u98f2\u6599\u662f\u5728\u7761\u4e94\u5206\u9418",
            "likeCount": 0
        },
        {
            "reply_id": "UgyaRJ3J2vuSwfg3epF4AaABAg",
            "reply_content": "\u8bb2\u7684\u5f88\u597d",
            "likeCount": 0
        },
        {
            "reply_id": "UgzTi5A2uCifaPiaq-p4AaABAg",
            "reply_content": "\u4e2d\u53e4\u4e16\u7d00\u5c31\u5dee\u4e00\u500b\u88ab\u5361\u8eca\u649e\u6b7b\u7684\u80a5\u5b85\u8f49\u751f\u8005\u4e86",
            "likeCount": 0
        },
        {
            "reply_id": "UgzTcjbO_vdERrNTxgF4AaABAg",
            "reply_content": "\u770b\u5f71\u7247\u7684\u6a02\u8da3\u5728\u65bc\u731c\u9019\u6b21\u8981\u696d\u914d\u4ec0\u9ebc",
            "likeCount": 0
        },
        {
            "reply_id": "UgzpaQNGA2tH8Vvqpi94AaABAg",
            "reply_content": "\u540d\u526f\u5176\u5be6\u7684\u8d77\u5e8a\u91cd\u7761",
            "likeCount": 0
        },
        {
            "reply_id": "Ugyjcm82_Uc7a9G1OAx4AaABAg",
            "reply_content": "\u770b\u4e86\u4e0d\u6703\u5012\u5f48\u7684\u7f6e\u5165\u54c8\u54c8",
            "likeCount": 0
        },
        {
            "reply_id": "UgysBIraNUjHpRuBbcl4AaABAg",
            "reply_content": "\u5370\u5237\u8853\u4e0d\u662f\u7562\u6607\u55ce",
            "likeCount": 0
        },
        {
            "reply_id": "UgyvSnpFwfsQYyf6-qp4AaABAg",
            "reply_content": "\u4e2d\u4e16\u7d00\u7684\u5b97\u6559\u6839\u672c\u662f\u7834\u58de\u4e16\u754c",
            "likeCount": 0
        },
        {
            "reply_id": "UgzX2EILGIH_XwPN6fp4AaABAg",
            "reply_content": "\u603b\u7684\u6765\u8bf4\u5c31\u7b97\u662f\u519c\u6c11\u4e5f\u6bd4\u540c\u65f6\u4ee3\u7684\u4e2d\u56fd\u7f16\u6237\u9f50\u6c11\u5e78\u798f\u591a\u4e86",
            "likeCount": 5
        },
        {
            "reply_id": "UgwB9yfp9d49YViY5zd4AaABAg",
            "reply_content": "\u9999\u6599\u662f\u5962\u4f88\u54c1",
            "likeCount": 2
        },
        {
            "reply_id": "Ugzv9Sq2jsZ_giO8bz14AaABAg",
            "reply_content": "\u5e0c\u671b\u80fd\u4ecb\u7d39\u6587\u85dd\u5fa9\u8208\u7684\u4e8b",
            "likeCount": 2
        },
        {
            "reply_id": "UgyTXFv6E2MXoC981iN4AaABAg",
            "reply_content": "\u53ef\u4ee5\u5f9e\u9019\u984c\u515c\u5230\u9019\u500b\u696d\u914d\u4e5f\u592a\u53b2\u5bb3",
            "likeCount": 2
        }
    ]
}