{
    "video_info": {
        "id": "y-c0FswIT7Q",
        "channelTitle": "cheap",
        "title": "\u771f\u6b63\u7684\u53f0\u7063\u9435\u9053\u4e4b\u7236 \u70ba\u4ec0\u9ebc\u662f\u65e5\u672c\u4eba?  \u65e5\u672c\u4eba\u7a76\u7adf\u5c0d\u53f0\u7063\u9435\u8def\u505a\u4e86\u4ec0\u9ebc?",
        "description": "\u70ba\u4ec0\u9ebc\u8aaa\u65e5\u672c\u4eba\u624d\u662f\u771f\u6b63\u7684\u53f0\u7063\u9435\u9053\u4e4b\u7236\u5462?\n\u5230\u5e95\u65e5\u672c\u4eba\u5c0d\u53f0\u7063\u9435\u8def\u505a\u4e86\u4ec0\u9ebc?\n\n\u53c3\u8003\u8cc7\u6599\uff1a\n\u5931\u9b42\u53f0\u9435\uff0c\u80fd\u7d66\u53f0\u7063\u4eba\u4e00\u689d\u5b89\u5fc3\u56de\u5bb6\u7684\u8def\u55ce\uff1f\uff5c\u5929\u4e0b\u96dc\u8a8c (cw.com.tw)\n\u53f0\u9435\u516c\u53f8\u5316 - \u6cd5\u5f8b\u767d\u8a71\u6587\u904b\u52d5 (plainlaw.me)\n\u65e5\u6cbb\u6642\u671f\u53f0\u7063\u7684\u9435\u9053\u5efa\u8a2d\u53ca\u5176\u71df\u904b \u8521\u9f8d\u4fdd\n\u65e5\u6cbb\u6642\u671f\u4e09\u5927\u5efa\u8a2d\u8ca1\u6e90\u7c4c\u63aa\u4e4b\u7814\u7a76 \u7c21\u9e97\u82ac \n\u5730\u5716\u6703\u8aaa\u8a71: \u81fa\u7063\u4e03\u5927\u90fd\u5e02\u50b3\u8aaa\u4e4b\u4e8c\uff1a\u6c92\u843d\u5e02\u93ae\u90fd\u66fe\u70ba\u4e86\u4fdd\u8b77\u9f8d\u8108\u800c\u62d2\u7d55\u9435\u8def\u7d93\u904e (mapstalk.blogspot.com)\n\u6b78\u672c\u6eaf\u6e90~\u8a55\u7e31\u8cab\u9435\u8def\u56e0\u98a8\u6c34\u9f8d\u8108\u800c\u6539\u9053\u7684\u8b2c\u8ad6 | \u95dc\u65bc\u9f8d\u8108 (spiritmountains.blogspot.com)\nhttps://youtu.be/AMmsj9DQhb8?si=lzUWvMa09jZd7t27\nhttps://youtu.be/Wz4_NwAtjNA?si=wI1h2SwM-j30P6G-\n\n\nCheap\u8cbc\u5716\u4e0a\u67b6\u5566\nhttps://store.line.me/stickershop/author/1784332\n\n\u6210\u70baVIP\u8a02\u95b1\u6236 \u6bcf\u6708\u53f0\u5e6330\u5143\u8d77 \u4eab\u6709\u4e0d\u540c\u7684\u5c08\u5c6c\u7c89\u7d72\u798f\u5229\nhttps://tinyurl.com/y2b43ap2\n\n\u81c9\u66f8:\nhttps://www.facebook.com/cheapAOE/\ncheap\u6b77\u53f2\u8a0e\u8ad6\u793e\u5718:\nhttps://www.facebook.com/groups/cheaphistory\ncheap\u66f8\u55ae:\nhttps://tinyl.io/4QSG",
        "likeCount": "6868",
        "commentCount": "1245",
        "viewCount": "236713"
    },
    "comments": [
        {
            "reply_id": "UgzS-LjJB-vt65-Yy9J4AaABAg",
            "reply_content": "\u770b\u770b\u8d8a\u5357\u73fe\u5728\u7684\u6574\u9ad4\u6c34\u6e96\n\u597d\u96aa\u7576\u521d\u6c92\u8ce3\u7d66\u6cd5\u570b",
            "likeCount": 2
        },
        {
            "reply_id": "UgzTww60iyYafcnCGzJ4AaABAg",
            "reply_content": "\u65e5\u672c\u9b3c\u5b50\u662f\u4f60\u7236\u89aa\u5427",
            "likeCount": 1
        },
        {
            "reply_id": "UgxR46wfpxHlWK4-0Mx4AaABAg",
            "reply_content": "\u5289\u9298\u50b3\u84cb\u90a3\u7a2e\u5927\u4fbf\u9435\u8def\u570b\u6c11\u9ee8\u9084\u597d\u610f\u601d\u8aaa\u5289\u9298\u50b3\u662f\u53f0\u7063\u9435\u9053\u4e4b\u7236",
            "likeCount": 1
        },
        {
            "reply_id": "UgxEp-eqiqRvaSfopT54AaABAg",
            "reply_content": "\u7dec\u61f7\u65e5\u672c\u7684\u7d71\u6cbb",
            "likeCount": 1
        },
        {
            "reply_id": "UgylOUHtW_5qa2pqcJR4AaABAg",
            "reply_content": "\u8eab\u5728\u504f\u9109\u611f\u8b1d\u6709\u53f0\u9435\u6377\u904b\u5316\uff0c\u4e0d\u5fc5\u7e3d\u662f\u8981\u958b\u8eca\u627e\u8eca\u4f4d",
            "likeCount": 0
        },
        {
            "reply_id": "Ugx1dh0bBQSuhUmD3s94AaABAg",
            "reply_content": "\u56e0\u70ba\u53f0\u7063\u570b\u5f88\u591a\u81ea\u8a8d\u70ba\u81ea\u5df1\u662f\u65e5\u672c\u7684\u72d7",
            "likeCount": 0
        },
        {
            "reply_id": "Ugx4ZXjS1A-nJUWw_UR4AaABAg",
            "reply_content": "\u8b9a",
            "likeCount": 0
        },
        {
            "reply_id": "UgyS_niKA0fC0kTKO0N4AaABAg",
            "reply_content": "\u5289\u9298\u50b3\u5728\u6e05\u671d\u8036",
            "likeCount": 0
        },
        {
            "reply_id": "UgzPJRWASw6tEvWCRBV4AaABAg",
            "reply_content": "\u6211\u771f\u7684\u597d\u6b23\u8cde\u65e5\u672c",
            "likeCount": 0
        },
        {
            "reply_id": "Ugzp2dWkyCATKiEojZ54AaABAg",
            "reply_content": "\u53f0\u6e7e\u7b2c\u4e00\u6761\u94c1\u8def\u662f\u7531\u9996\u4efb\u53f0\u6e7e\u5de1\u629a\u5218\u94ed\u4f20\u4e3b\u6301\u5efa\u6210\u7684\u3002",
            "likeCount": 0
        },
        {
            "reply_id": "UgxLSdrvgIdZqqXFQoJ4AaABAg",
            "reply_content": "\u65b0\u706b\u8eca\u771f\u7684\u9084\u4e0d\u932f",
            "likeCount": 0
        },
        {
            "reply_id": "UgyqznAptRyZa9_WeY94AaABAg",
            "reply_content": "\u8214\u65e5\u6709\u6d41\u91cf",
            "likeCount": 0
        },
        {
            "reply_id": "UgzluRAPKPIZMWjq4GB4AaABAg",
            "reply_content": "\u6e7e\u6e7e\u786e\u5b9e\u559c\u6b22\u8ba4\u8d3c\u4f5c\u7236",
            "likeCount": 0
        },
        {
            "reply_id": "UgwEHPOs-m8APmKQ8hh4AaABAg",
            "reply_content": "\u89ba\u5f97\u53f0\u9435\u7968\u50f9\u61c9\u8a72\u8981\u6f32\u4e00\u4e0b",
            "likeCount": 0
        },
        {
            "reply_id": "Ugx2mbdnhZfW1I8Xzcd4AaABAg",
            "reply_content": "\u9019\u96c6\u61c9\u8a72\u5217\u5165\u6559\u79d1\u66f8",
            "likeCount": 0
        },
        {
            "reply_id": "UgyNiTLN03ydn0d5sBZ4AaABAg",
            "reply_content": "\u53f0\u9435\u5c31\u662f\u88ab\u9435\u9053\u803d\u8aa4\u7684\u4fbf\u7576\u5e97\u963f",
            "likeCount": 0
        },
        {
            "reply_id": "UgzHNlO0Yjk8Uwut5UJ4AaABAg",
            "reply_content": "\u771f\u559c\u6b61\u9019\u7a2e\u696d\u914d",
            "likeCount": 0
        },
        {
            "reply_id": "UgyKhdZ2MTTT0sMHImB4AaABAg",
            "reply_content": "\u9019\u6478\u807d\u8d77\u4f86\n\u53f0\u9435\u53ef\u4ee5\u8aaa\u662f\u5c11\u6709\u7684\u570b\u6c11\u9ee8\u4f86\u53f0\u6642\u671f\u6c92\u641e\u721b\u7684\u65e5\u6cbb\u5efa\u8a2d\n\u53cd\u800c\u662f\u5f8c\u9762\u6c11\u4e3b\u653f\u5e9c\u5f8c\u624d\u958b\u59cb\u8d70\u4e0b\u5761\n\u4f46\u90a3\u4e5f\u662f\u5f88\u591a\u975e\u505a\u4e0d\u53ef\u7684\u5efa\u8a2d\u5c0e\u81f4",
            "likeCount": 0
        },
        {
            "reply_id": "Ugw8X-8Y968939NTucJ4AaABAg",
            "reply_content": "\u96e3\u5f97\u770b\u5230\u53f0\u9435\u696d\u914d\u6b38",
            "likeCount": 0
        },
        {
            "reply_id": "UgzhPFOpy5fgypClOW14AaABAg",
            "reply_content": "\u65b0\u7684\u706b\u8eca\u982d\u6eff\u597d\u770b\u7684",
            "likeCount": 0
        }
    ]
}