{
    "video_info": {
        "id": "YyQ0iQvQxqM",
        "channelTitle": "cheap",
        "title": "\u66fe\u7d93\u7684\u65e5\u4e0d\u843d\u5e1d\u570b \u6b50\u6d32\u908a\u7de3\u4eba\u5982\u4f55\u5f81\u670d\u5168\u4e16\u754c? \u8461\u8404\u7259\u5e1d\u570b\u7684\u5d1b\u8d77\u8207\u5d29\u89e3",
        "description": "\u8461\u8404\u7259\u5e1d\u570b\u53ea\u6709\u53f0\u7063\u76842.5\u500d\u5927\uff0c\u4eba\u53e3150\u842c\u4eba\n\u70ba\u4ec0\u9ebc\u53ef\u4ee5\u5728\u5927\u822a\u6d77\u6642\u4ee3\u8d0f\u5f97\u5148\u6a5f\uff0c\u4e26\u6210\u70ba\u7b2c\u4e00\u4ee3\u65e5\u4e0d\u843d\u5e1d\u570b?\n\n\u203b\u4f4f\u5b85\u5730\u9707\u4fdd\u96aa\u57fa\u91d1 https://www.treif.org.tw/\n\u203bFacebook\u8acb\u641c\u5c0b\u300c\u4f4f\u5b85\u5730\u9707\u4fdd\u96aa\u57fa\u91d1\u300d \u4e0d\u5b9a\u671f\u63a8\u51fa\u62bd\u734e\u6d3b\u52d5\uff0c\u6b61\u8fce\u53c3\u52a0\n\u203b\u60f3\u6295\u4fdd\u300c\u4f4f\u5b85\u5730\u9707\u57fa\u672c\u4fdd\u96aa\u300d\uff0c\u7522\u96aa\u516c\u53f8\u8cc7\u8a0a\u90fd\u6574\u7406\u5728\u9019\uff0c\u7db2\u8def\u4e5f\u80fd\u6295\u4fddhttps://www.treif.org.tw/xmdoc/cont?xsmsid=0L305420351749705358\n\n\u53c3\u8003\u8cc7\u6599\uff1a\n\u8461\u8404\u7259\u7684\u6d77\u5916\u63a2\u96aa\nhttps://en.wikipedia.org/wiki/Portuguese_maritime_exploration\n\u8461\u8404\u7259\u5728\u975e\u6d32\u57ae\u53f0\u7684\u539f\u56e0\nCauses For the Decline of Portuguese Power In India - GeeksforGeeks\n\u8461\u8404\u7259\u6d77\u4e0a\u5e1d\u570b\u7684\u8208\u8870\nhttps://tinyl.io/9B1i\nPortuguese Empire \u8461\u8404\u7259\u5e1d\u570b\u7684\u6b77\u53f2\nhttps://en.wikipedia.org/wiki/Portuguese_Empire\n\u8461\u8404\u7259\u7684\u6d77\u5916\u5e1d\u570b\nhttps://www.britannica.com/place/Portugal/Overseas-empire\n\nCheap\u8cbc\u5716\u4e0a\u67b6\u5566\nhttps://store.line.me/stickershop/author/1784332\n\n\u6210\u70baVIP\u8a02\u95b1\u6236 \u6bcf\u6708\u53f0\u5e6330\u5143\u8d77 \u4eab\u6709\u4e0d\u540c\u7684\u5c08\u5c6c\u7c89\u7d72\u798f\u5229\nhttps://tinyurl.com/y2b43ap2\n\n\u81c9\u66f8:\nhttps://www.facebook.com/cheapAOE/\ncheap\u6b77\u53f2\u8a0e\u8ad6\u793e\u5718:\nhttps://www.facebook.com/groups/cheaphistory\ncheap\u66f8\u55ae:\nhttps://tinyl.io/4QSG",
        "likeCount": "7359",
        "commentCount": "513",
        "viewCount": "382119"
    },
    "comments": [
        {
            "reply_id": "Ugyhr3ZDuZDXC_1VgMV4AaABAg",
            "reply_content": "\u592a\u53b2\u5bb3\uff0c\u8b1b\u8461\u8404\u7259\u7684\u6b77\u53f2\u5c45\u7136\u53ef\u4ee5\u8b1b\u5230\u5730\u9707\u96aa",
            "likeCount": 1
        },
        {
            "reply_id": "Ugzir9w3SD5lA_Rm6ZR4AaABAg",
            "reply_content": "\u53f0\u7063\u4fdd\u96aa\u592a\u4fbf\u5b9c\u4e86\u5427",
            "likeCount": 1
        },
        {
            "reply_id": "UgxJwHpdI9CU_8kmByR4AaABAg",
            "reply_content": "\u5f88\u559c\u6b61\u8461\u8404\u7259",
            "likeCount": 0
        },
        {
            "reply_id": "Ugyd_nfl1uQB82_xTmF4AaABAg",
            "reply_content": "\u7d50\u679c\u8404\u8461\u7259\u6c92\u6bd4\u4eba\u6ce8\u610f",
            "likeCount": 0
        },
        {
            "reply_id": "Ugx_I4fB5oMwsw7MNYV4AaABAg",
            "reply_content": "\u4e00\u958b\u982d\u9084\u4ee5\u70ba\u696d\u914d\u5927\u822a\u6d77\u6642\u4ee3\u624b\u904a",
            "likeCount": 0
        },
        {
            "reply_id": "UgzNo38MhYO1WmP-6Wx4AaABAg",
            "reply_content": "\u8d85\u68d2\u7684\u4e00\u96c6",
            "likeCount": 0
        },
        {
            "reply_id": "UgyFreVP4ZOBnraK-Dp4AaABAg",
            "reply_content": "\u4fdd\u96aa\u516c\u53f8\u8981\u8ce0\u5617\u6642\u5c31\u88dd\u6b7b",
            "likeCount": 0
        },
        {
            "reply_id": "UgzLHo1MmRr6hohjAS94AaABAg",
            "reply_content": "\u5f04\u4e86\u534a\u5929\u662f\u5356\u4fdd\u9669\u7684",
            "likeCount": 0
        },
        {
            "reply_id": "UgyK959Mu9O7zRqVh6N4AaABAg",
            "reply_content": "\u9019\u662f\u897f\u8461\u5169\u570b\u7684\u592a\u7a7a\u7af6\u8cfd",
            "likeCount": 0
        },
        {
            "reply_id": "UgxET452-rQL9dLzW3B4AaABAg",
            "reply_content": "\u76db\u6975\u5fc5\u8870",
            "likeCount": 0
        },
        {
            "reply_id": "Ugx6OdzTqoAe7WmW1vF4AaABAg",
            "reply_content": "\u81ea\u5f9e\u98a8\u60c5\u6ce1\u4e0b\u4fee\u5f8c\u6211\u5c31\u53ea\u6709\u73a9\u904e\u4e00\u6b21",
            "likeCount": 0
        },
        {
            "reply_id": "UgzPnd-mKH4GH_EgXHB4AaABAg",
            "reply_content": "\u8461\u8404\u7259\u9664\u4e86\u5728\u99ac\u516d\u7532\u6709\u6b96\u6c11\u5730\u5916\uff0c\u5728\u6771\u5357\u4e9e\u9084\u6709\u6771\u5e1d\u6c76",
            "likeCount": 0
        },
        {
            "reply_id": "Ugz0-vGclkUsYXiGDbV4AaABAg",
            "reply_content": "\u4e0d\u77e5\u9053\u70ba\u4ec0\u9ebc\u5f71\u7247\u958b\u59cb\u8b1b\u53f0\u7063\u5730\u9707\u6642\uff0c\u6211\u5c31\u60f3\u5230\u53ef\u80fd\u8981\u696d\u914d\u4fdd\u96aa",
            "likeCount": 0
        },
        {
            "reply_id": "UgwxLyC6XOy_LAOrpAd4AaABAg",
            "reply_content": "\u6436\u8461\u8404\u7259\u9818\u571f\u6700\u591a\u7684\u662f\u8377\u862d",
            "likeCount": 0
        },
        {
            "reply_id": "UgzUgi0w-kiX5yUvidx4AaABAg",
            "reply_content": "\u796d\u53f8\u738b\u7d04\u7ff0\u5c31\u662f\u738b\u6c57",
            "likeCount": 0
        },
        {
            "reply_id": "Ugx1CPdzCuehT4GIdMp4AaABAg",
            "reply_content": "\u91cc\u65af\u672c\u5927\u5730\u9707\u662f\u6709\u5730\u9707\u8a18\u9304\u88e1\u524d\u4e09\u5927",
            "likeCount": 0
        },
        {
            "reply_id": "UgzdDSu7mmtzv5Ofw8F4AaABAg",
            "reply_content": "\u4e9e\u62c9\u5ca1\u7d42\u7a76\u662f\u6703\u5357\u4e0b\u6210\u70ba\u570b\u738b\u7684",
            "likeCount": 0
        },
        {
            "reply_id": "UgyJifCv-3N2R4CzkYJ4AaABAg",
            "reply_content": "\u70ba\u4f55\u5c71\u7f8a\u5728\u6587\u5316\u4e0a\u4ee3\u8868\u60e1\u9b54",
            "likeCount": 0
        },
        {
            "reply_id": "UgwuyTPL2DRHZHNpGfZ4AaABAg",
            "reply_content": "\u91cc\u65af\u672c\u5927\u5730\u9707\u523a\u5ba2\u6559\u689d\u53db\u8b8a\u6709\u9019\u4e00\u6bb5",
            "likeCount": 1
        },
        {
            "reply_id": "UgyK15EiwDsPKuje--54AaABAg",
            "reply_content": "\u90a3\u4e2a\u57fa\u7763\u670b\u53cb\u662f\u57c3\u585e\u4fc4\u6bd4\u4e9a\u662f\u5427",
            "likeCount": 1
        }
    ]
}