{
    "video_info": {
        "id": "ZRQRrqI6cxU",
        "channelTitle": "cheap",
        "title": "\u4ee5\u8272\u5217\u70ba\u4ec0\u9ebc\u4e0d\u8f3e\u5e73\u52a0\u85a9\u8d70\u5eca? \u56e0\u70ba\u9019\u62db\u592a\u72e0\u4e86",
        "description": "\u4ee5\u8272\u5217\u8207\u5df4\u52d2\u65af\u5766\u7684\u6069\u6028\u60c5\u4ec7\u4e0b\u79ae\u62dc\u4e0a",
        "likeCount": "8152",
        "commentCount": "792",
        "viewCount": "352085"
    },
    "comments": [
        {
            "reply_id": "UgyPMo6EcZxM7oBOwoJ4AaABAg",
            "reply_content": "\u53f0\u7063\u89aa\u7f8e\u7684\u7acb\u5834\uff0c\u9020\u5c31\u4e86\u9019\u7a2e\u53ea\u6703\u5439\u5df4\u52d2\u65af\u5766\u5168\u90fd\u662f\u6050\u6016\u5206\u5b50\u7684\u5f71\u8996\u5a92\u9ad4\u4eba\uff0c\u505a\u4e0d\u5230\u4e2d\u7acb\u5c31\u5c11\u62cd\u5e79\u7247\u4e86",
            "likeCount": 1
        },
        {
            "reply_id": "UgwQrwoHixqqIHOTlO94AaABAg",
            "reply_content": "\u542c\u4f60\u8bf4\u8bdd\u771f\u8d39\u52b2",
            "likeCount": 1
        },
        {
            "reply_id": "Ugw9hVUQZdTYRuSFg0V4AaABAg",
            "reply_content": "\u4ee5\u8272\u5217\u672c\u4f86\u5c31\u6436\u4eba\u5bb6\u571f\u5730\u4e86\uff0c\u70ba\u4ec0\u9ebc\u9084\u6703\u5728\u4e4e\u5e73\u6c11\u7684\u6b7b\u6d3b\uff0c\u552f\u4e00\u53ea\u662f\u6015\u570b\u969b\u4e0a\u7ad9\u4e0d\u4f4f\u8173\u800c\u5df2",
            "likeCount": 0
        },
        {
            "reply_id": "UgzVH79yUvpNPYdKePp4AaABAg",
            "reply_content": "\u8ab0\u624d\u662f\u5c60\u592b",
            "likeCount": 0
        },
        {
            "reply_id": "UgzJz7aRqm0CLXEN3ZZ4AaABAg",
            "reply_content": "\u602a\u932f\u4e86\u5e0c\u7279\u62c9",
            "likeCount": 0
        },
        {
            "reply_id": "UgyYJ34YS2Kg_fHGBdd4AaABAg",
            "reply_content": "\u88ab\u51fa\u5f81\u54e6",
            "likeCount": 0
        },
        {
            "reply_id": "UgzcXGxfapMiJWLqzYZ4AaABAg",
            "reply_content": "\u73fe\u5728\u8981\u76f4\u63a5\u767c\u5175\u6253\u904e\u53bb\u4e86",
            "likeCount": 0
        },
        {
            "reply_id": "Ugzy0Oj494lF0ItDVZ14AaABAg",
            "reply_content": "\u9001\u94b1\u7684\u5c31\u662f\u652f\u90a3\u548c\u9e45",
            "likeCount": 0
        },
        {
            "reply_id": "UgzZE1awBHkkqgQDMb94AaABAg",
            "reply_content": "\u597d\u597d\u653e\u6162\u901f\u5ea6\u8aaa\u8a71\u6703\u66f4\u5438\u5f15\u4eba",
            "likeCount": 0
        },
        {
            "reply_id": "UgyVDdPUSgeonjLV1MZ4AaABAg",
            "reply_content": "\u4e0d\u7ba1\u600e\u6a23\u904e\u53bb\u4e8b\u60c5\u7684\u90fd\u904e\u53bb\u4e86\u4e5f\u548c\u5e73\u904e\uff0c\u6700\u5f8c\u8981\u6230\u722d\u4e5f\u662f\u54c8\u746a\u65af\u9078\u64c7\u7684",
            "likeCount": 0
        },
        {
            "reply_id": "UgyBEtTlDcpe3VjKlgZ4AaABAg",
            "reply_content": "\u65e0\u5dee\u522b\u653b\u51fb\u5e73\u6c11\u662f\u4e0d\u5bf9\u7684",
            "likeCount": 0
        },
        {
            "reply_id": "Ugy0-naIicRAl-3hepN4AaABAg",
            "reply_content": "\u4ee5\u8272\u5217\u6700\u5927\u7684\u76ee\u6a19\u662f\u54c8\u80cc\u5f8c\u7684\u4eba",
            "likeCount": 0
        },
        {
            "reply_id": "Ugw6BkalGcUQumWJlsl4AaABAg",
            "reply_content": "\u7169",
            "likeCount": 0
        },
        {
            "reply_id": "UgwuYcQA9MeBnPfJcAV4AaABAg",
            "reply_content": "\u597d\u5e7e\u4e16\u7d00\u7684\u4ec7\u6068",
            "likeCount": 0
        },
        {
            "reply_id": "UgzlAQa8ybKYZiRCc3R4AaABAg",
            "reply_content": "\u54c8\u746a\u65af\u5c31\u662f\u88ab\u5229\u7528\u7684\u53cd\u4eba\u985e\u6050\u6016\u4efd\u5b50",
            "likeCount": 0
        },
        {
            "reply_id": "Ugz5kmiziIOM8qO0YXp4AaABAg",
            "reply_content": "\u5b78\u65b0\u7586\u7684\u518d\u6559\u80b2\u71df",
            "likeCount": 0
        },
        {
            "reply_id": "UgwEotivngpE5R9IFId4AaABAg",
            "reply_content": "\u8aaa\u8aaa\u54c8\u99ac\u65af\u600e\u9ebc\u8a95\u751f",
            "likeCount": 0
        },
        {
            "reply_id": "UgyRBtk05-ttZ8NhN6B4AaABAg",
            "reply_content": "\u9019\u500b\u6a19\u984c\u5c31\u5f88\u504f\u8892\u4e00\u65b9\u4e86",
            "likeCount": 0
        },
        {
            "reply_id": "Ugyu86DtVEYZaz-KC554AaABAg",
            "reply_content": "\u4e0a\u9031\u4e0d\u662f\u7f8e\u570b\u6c99\u70cf\u5730\u4ee5\u8272\u5217\u8981\u7c3d\u7f72\u77f3\u6cb9\u5408\u7d04 \u7d50\u679c\u9694\u5929\u4eba\u5bb6\u98db\u5f48\u5c31\u5c04\u4e86 \u9019\u9031\u6c99\u70cf\u5730\u5c31\u7d42\u6b62\u6703\u8ac7",
            "likeCount": 0
        },
        {
            "reply_id": "UgzvJC0z-brwSNVS_Kd4AaABAg",
            "reply_content": "\u5e94\u8be5\u5b66\u7f8e\u56fd\u4e1c\u4eac\u5927\u8f70\u70b8\u90a3\u6837\u4e00\u8def\u8f70",
            "likeCount": 0
        }
    ]
}