{
    "channel": {
        "title": "\u53f0\u5357Josh",
        "id": "UCWAgfxHuoVWm4rmqYwoKvlw",
        "customUrl": "@tainanjosh",
        "uploads": "UUWAgfxHuoVWm4rmqYwoKvlw"
    },
    "videos": [
        {
            "id": "NM2Dm9AwczY",
            "title": "\u3010\u5927\u806f\u76df\u7403\u5834\u4e4b\u65c5EP.11\u3011\u525b\u5750\u4e0b\u5c31\u770b\u8457\u7d05\u4eba\u968a\u88ab\u6253\u7206\uff01\u7403\u8ff7\u628a\u8173\u8e29\u5230\u524d\u9762\u7684\u5ea7\u4f4d\u662f\u7f8e\u570b\u7684\u65e5\u5e38\u55ce\uff1f"
        },
        {
            "id": "d4VVb8pGXMs",
            "title": "\u53f0\u92fc\u64f4\u7de8\u9078\u79c0\u958b\u734e\uff01\u9019\u500b\u7d50\u679c\u7b97\u662f\u7206\u51b7\u9580\u55ce\uff1f"
        },
        {
            "id": "T21sw93aUbI",
            "title": "\u4e00\u8d77\u770b\u53f0\u92fc\u64f4\u7de8\u9078\u79c0\u958b\u734e\u3010\u9592\u804a\u76f4\u64ad\u3011"
        },
        {
            "id": "KaWUuORapPk",
            "title": "\u4e00\u8d77\u770b\u53f0\u92fc\u64f4\u7de8\u9078\u79c0\u958b\u734e\u3010\u9592\u804a\u76f4\u64ad\u3011"
        },
        {
            "id": "XDCX4S_42-k",
            "title": "\u53f0\u92fc\u64f4\u7de8\u9078\u79c0\u6703\u9078\u8ab0\uff1f\u6797\u6cd3\u80b2\u8ddf\u738b\u7dad\u4e2d\u6703\u5728\u4fdd\u8b77\u540d\u55ae\u88e1\u55ce\uff1f"
        },
        {
            "id": "9kbliIM69iQ",
            "title": "\u3010\u5927\u806f\u76df\u7403\u5834\u4e4b\u65c5EP.10\u3011\u807d\u8aaa\u6cbb\u5b89\u582a\u616e\u7684\u8001\u864e\u7403\u5834\uff1f\u539f\u4f86\u6700\u582a\u616e\u7684\u662f\u9019\u98df\u7269\u7684\u8ce3\u76f8\uff01"
        },
        {
            "id": "8z1CpFGhUrk",
            "title": "2023\u4e2d\u83ef\u8077\u68d2\u4e09\u5927\u500b\u4eba\u734e\u9805\u9810\u6e2c\uff01MVP\u3001\u65b0\u4eba\u738b\u3001\u6700\u4f73\u9032\u6b65\u734e\uff01"
        },
        {
            "id": "NkDiYChXHsU",
            "title": "\u65e5\u672c\u968a\u5b8c\u7f8e\u7684\u6230\u8853\u57f7\u884c\u529b\uff014\u9846\u7403\u9006\u8f49\u97d3\u570b\u596a\u51a0\uff01\u3010\u76f4\u64ad\u7cbe\u83ef\u3011"
        },
        {
            "id": "_8IMBpGyn0A",
            "title": "\u4e9e\u6d32\u8077\u68d2\u51a0\u8ecd\u722d\u9738\u8cfd \u97d3\u570b vs \u65e5\u672c\u3010\u770b\u7403\u9592\u804a\u76f4\u64ad\u3011"
        },
        {
            "id": "zgpplvMyQ3o",
            "title": "\u4e9e\u6d32\u8077\u68d2\u51a0\u8ecd\u722d\u9738\u8cfd \u6fb3\u6d32 vs \u53f0\u7063\u3010\u770b\u7403\u9592\u804a\u76f4\u64ad\u3011"
        },
        {
            "id": "bMzD21ksgpM",
            "title": "\u4e9e\u6d32\u8077\u68d2\u51a0\u8ecd\u722d\u9738\u8cfd \u53f0\u7063 vs \u97d3\u570b\u3010\u770b\u7403\u9592\u804a\u76f4\u64ad\u3011"
        },
        {
            "id": "2MflfZL20Iw",
            "title": "\u4e9e\u51a0\u8cfd\u66fe\u5cfb\u5cb3\u5546\u54c1\u5c55\u793a\u5927\u5931\u6557\uff01\u53e4\u6797\u53cd\u5012\u5f15\u8d77\u65e5\u672c\u95dc\u6ce8\uff01\u3010\u76f4\u64ad\u7cbe\u83ef\u3011"
        },
        {
            "id": "BiI3jR4O3QE",
            "title": "\u4e9e\u6d32\u8077\u68d2\u51a0\u8ecd\u722d\u9738\u8cfd \u65e5\u672c vs \u53f0\u7063\u3010\u770b\u7403\u9592\u804a\u76f4\u64ad\u3011"
        },
        {
            "id": "xQqUlvT3YG8",
            "title": "\u7cbe\u6e96\u9810\u5224\u51fa\u53f0\u7063\u5927\u8cfdG7\u7684\u95dc\u9375\u9ede\uff01\u53ef\u662f\u5c0d\u65bc\u5f90\u82e5\u7199\u7684\u9810\u5224\u5c31...\u3010\u76f4\u64ad\u7cbe\u83ef\u3011"
        },
        {
            "id": "np0XNZ_mtl0",
            "title": "\u4e2d\u83ef\u8077\u68d2\u53f0\u7063\u5927\u8cfdG7 \u5473\u5168 vs \u6a02\u5929\u3010\u770b\u7403\u9592\u804a\u76f4\u64ad\u3011"
        },
        {
            "id": "7xzrAK4r8Fc",
            "title": "\u53f0\u7063\u5927\u8cfdG7\u6700\u7d42\u6c7a\u6230\uff01\u5473\u5168\u6a02\u5929\u8ab0\u4f54\u4e0a\u98a8\uff1f"
        },
        {
            "id": "LNGCcI8k9Ro",
            "title": "\u4e2d\u83ef\u8077\u68d2\u53f0\u7063\u5927\u8cfdG6 \u5473\u5168 vs \u6a02\u5929\u3010\u770b\u7403\u9592\u804a\u76f4\u64ad\u3011"
        },
        {
            "id": "49saXeuGKjA",
            "title": "\u6731\u80b2\u8ce2\u6253\u64ca\u7387\u53ea\u5269.538\uff01\u5c1a\u66f8\u5927\u4eba\u770b\u53f0\u7063\u5927\u8cfd\uff1f\u3010\u76f4\u64ad\u7cbe\u83ef\u3011"
        },
        {
            "id": "rf5MjBAynko",
            "title": "\u4e2d\u83ef\u8077\u68d2\u53f0\u7063\u5927\u8cfdG5 \u5473\u5168 vs \u6a02\u5929\u3010\u770b\u7403\u9592\u804a\u76f4\u64ad\u3011"
        },
        {
            "id": "QW-tZaSXxcM",
            "title": "\u6578\u5b78\u64ca\u6557\u6c92\u6599\u7384\u5b78\uff1f\u6709\u6599YT\u4ed4\u65e9\u5c31\u77e5\u9053\u90ed\u5929\u4fe1\u4e00\u5b9a\u6703\u5b89\u6253\uff01\u3010\u76f4\u64ad\u7cbe\u83ef\u3011"
        },
        {
            "id": "10FNbw0ptmU",
            "title": "\u4e2d\u83ef\u8077\u68d2\u53f0\u7063\u5927\u8cfdG4 \u5473\u5168 vs \u6a02\u5929\u3010\u770b\u7403\u9592\u804a\u76f4\u64ad\u3011"
        },
        {
            "id": "BtpB7qPszqY",
            "title": "\u5728\u53f0\u6771\u8ddf\u6eff\u6eff\u7684\u722a\u8ff7\u6b61\u6a02\u770b\u68d2\u7403\uff01\u665a\u4e0a\u7adf\u7136\u5728\u623f\u9593\u9047\u5230\u53ef\u6015\u751f\u7269\uff1f"
        },
        {
            "id": "ZuQW5wxrVG8",
            "title": "\u53c8\u88ab\u56b4\u5b8f\u921e\u6253\u81c9\uff01\u9019\u4eba\u600e\u9ebc\u6c38\u9060\u5b78\u4e0d\u6703\u6559\u8a13\uff01\u3010\u76f4\u64ad\u7cbe\u83ef\u3011"
        },
        {
            "id": "Yv78eTBLhOY",
            "title": "\u4e2d\u83ef\u8077\u68d2\u53f0\u7063\u5927\u8cfdG3 \u5473\u5168 vs \u6a02\u5929\u3010\u770b\u7403\u9592\u804a\u76f4\u64ad\u3011"
        },
        {
            "id": "MnG01EVW7Uw",
            "title": "\u677f\u51f3\u6e05\u7a7a\uff01\u53f0\u7063\u5927\u8cfd\u51fa\u73fe\u5927\u5834\u9762\u4e86\uff01\u3010\u76f4\u64ad\u7cbe\u83ef\u3011"
        }
    ]
}