{
    "channel": {
        "title": "\u641e\u795e\u99ac",
        "id": "UCAsviiS5DE0pcuvxPRrrAzQ",
        "customUrl": "@ksmytstudio",
        "uploads": "UUAsviiS5DE0pcuvxPRrrAzQ"
    },
    "videos": [
        {
            "id": "XK_iGqw5orQ",
            "title": "\u301011\u6708\u65b0\u54c1\u3011\u6050\u6016\uff01kfc\u76ae\u86cb\u8525\u82b1\u8461\u64bb\uff5c\u7e7c\u5149\u7c89\u7d05\u9ed1\u8272\u70b8\u96de\uff5c3000\u5e74\u4eba\u5de5\u667a\u6a02\u53ef\u6a02\uff5c\u6f22\u5821\u738b\u96d9\u5c64\u570b\u738b\u5927\u96de\u5821"
        },
        {
            "id": "m1bMKBC-3Ic",
            "title": "\u3010\u771f\ud83d\udd25\u5bb6\u5ead\u5f71\u5ef3\u3011\u81ea\u88fd\u8c6a\u83ef\u96fb\u5f71\u9662\u5409\u62ff\u68d2\u6a5f\uff5c"
        },
        {
            "id": "08OnDCfh2YE",
            "title": "\u3010\u591c\u5e02\u7206\u7d05\u3011\u7aae\u5230\u5403\u77f3\u982d\uff01\u7206\u7092\u9d5d\u5375\u77f3\u662f\u6700\u4f73\u4e0b\u9152\u83dc\uff1f"
        },
        {
            "id": "RNGoaYgEFus",
            "title": "\u3010\u958b\u5e97\u5566\u3011\u958b\u7bb1\u8eca\u8f2a\u9905\u6a5f\u5668\uff01\u7d05\u8c46\u9905\u3001\u5976\u6cb9\u9905\uff5c\u505a\u6e2f\u5f0f\u96de\u86cb\u4ed4\u683c\u9905\u98a8\u5473\uff5c"
        },
        {
            "id": "9YkZ3wUe7go",
            "title": "\u3010\u7334\u5b50\u5f0f\u6539\u9020\u3011\u82b1\u8cbb1xxxx\u6210\u70ba\u5047\u9762\u9a0e\u58eb\ud83d\udef5\u5168\u96fb\u52d5\u65cb\u98a8\u865f\u51fa\u767c\uff5c"
        },
        {
            "id": "x6VAcrRixRU",
            "title": "\u3010\u958b\u7bb1\u8a66\u7528\u3011\u725b\u5976\uff0b\u512a\u683c\uff1d\u81ea\u88fd\u8d77\u53f8\uff01\ud83e\uddc0\ufe0f\uff5cdiy\u8d77\u53f8\u6a5f\u958b\u7bb1"
        },
        {
            "id": "vUIYERBnMT4",
            "title": "\u3010\u6050\u6016\u9ea5\u7576\u52de\u3011DIY\u5976\u6614\u5927\u54e5\u53e3\u5473\u5976\u6614\ud83e\udd64\u5976\u6614\u5927\u54e5\u5728\u9999\u6e2f\u53eb\u505a\u6ed1\u561f\u561f\uff1f\uff5c"
        },
        {
            "id": "xsq2YU8Qi68",
            "title": "\u3010\u73fe\u5be6\u5927\u5bcc\u7fc1\u3011\u8d0f\u53d6$67800\u734e\u54c1\ud83c\udf89\u8a66\u7528Google Pixel 8 Pro\u65b0\u529f\u80fd\u89e3\u8ff7\u901a\u95dc\uff01"
        },
        {
            "id": "vW7DmHmfmiA",
            "title": "\u30104\u79d2\u7206\u767c\u3011\u7206\u70b8\u6703\u8d85\u723d\uff01\uff5c\u9999\u6e2f\u63a8\u51fa\u7684\u523a\u6fc0\u684c\u904a\uff5c"
        },
        {
            "id": "RvtclJboDLI",
            "title": "\u3010\u56db\u5927\u5feb\u9910\u5e97\u3011\u5361\u8def\u91cc\u76db\u5bb4\uff5cBurger King\u56db\u5c64\u5168\u8089\u6f22\u5821\uff5c\u9ea5\u7576\u52de\u9ebb\u8fa3\u70b8\u96de\uff5cmos\u5929\u5a66\u7f85\u6f22\u5821\uff5c\u80af\u5fb7\u57fa\u53ef\u6a02\u9905\u6f22\u5821"
        },
        {
            "id": "SnaIXDOl8_I",
            "title": "\u3010\u958b\u7bb1\u8a66\u5403\u3011\u9ebb\u8fa3\u9d28\u88405\u6b3e\ud83d\udd25line\u660e\u661f&\u6e2f\u661f\u53c3\u6230\uff5c\u6703\u8fa3\u5230\u80c3\u75db\u55ce"
        },
        {
            "id": "YT8H9mkSVn0",
            "title": "\u3010\u52d5\u6f2b\u798f\u888b\u301199\u5143\u958b\u51fa399\u5546\u54c1\ud83d\udd25\u6b63\u7248\u6388\u6b0a\u9b3c\u6ec5\u4e4b\u5203+ \u5929\u7afa\u9f20\u8eca\u8eca\u6587\u5177\u9a5a\u559c\u5305"
        },
        {
            "id": "xQVB3s83-pI",
            "title": "\u3010\u7f8e\u98df\u7834\u89e3\u3011\u7528\u4e00\u6574\u7f50\u5805\u679c\u505a\u62cc\u9eb5\uff5c100\uff05\u7d14\u5805\u679c\u91acdiy\ud83c\udf30\u8d85\u7c21\u55ae\u9ebb\u8fa3\u62cc\u9eb5"
        },
        {
            "id": "2w5joVZlxrI",
            "title": "\u3010\u6230\u9b25\u73a9\u5177\u3011\u5bf6\u53ef\u5922\u9032\u5316\u5c2a\u4ed4\u6a19\uff5c\u8d85\u5927\u76d2\u5834\u5730\u7adf\u7136\u662f\u7d19\u76ae"
        },
        {
            "id": "e3H7j4b2h_o",
            "title": "\u3010\u5f9e\u96f6\u958b\u59cb\u990a\u3011\u7db2\u4e0a\u7206\u7d05\u8292\u679c\u6838\ud83e\udd6d\u6700\u5bb9\u6613\u990a\u8d85\u7642\u7652\u7684\u6bdb\u5c0f\u5b69"
        },
        {
            "id": "FJDXS29ql1A",
            "title": "\u3010\u7206\u7d05\u5be6\u9a57\u3011\u4e0d\u53ef\u80fd\u5be6\u73fe\uff01\u5be6\u6e2c\u6296\u97f3tiktok\ud83d\udd25\u8c6a\u83ef\u7fa9\u5927\u5229\u9eb5\u934b\u88e1\u5012"
        },
        {
            "id": "usnDFZg27vw",
            "title": "\u3010\u7db2\u7d61\u7206\u7d05\u3011\u53ef\u611b\u52d5\u7269\u9020\u578b\u6599\u7406\uff5c\u7d50\u679c\u505a\u51fa\u4e86\u7d20\u98df\u4e73\u8c6c"
        },
        {
            "id": "LWF5mnWIWCM",
            "title": "\u3010\u9ed1\u7cd6\u632b\u51b0\u3011\u5168\u81ea\u52d5\u5228\u51b0\u6a5f\uff5c\u5c08\u696d\u7c97\u7d30\u8abf\u7bc0\uff5c\u958b\u6524\u795e\u5668"
        },
        {
            "id": "9Cq_q1-xI44",
            "title": "\u3010YT\u6642\u5149\u6a5f\u3011\u53ef\u6a02\u96b1\u85cf\u559d\u6cd5\uff5c\u9000\u4f11\u963f\u795e\u5875\u5c01\u5341\u5e74\u66dd\u5149\uff5c\u6f14\u7b97\u6cd5\u5e36\u6211\u770b\u7247"
        },
        {
            "id": "pRBgtbB5vFo",
            "title": "\u3010\u6ecb\u6f64\u5fc3\u9748\u3011\u6787\u6777\u818f\u51b0\u6dc7\u6dcb\uff5c\u8a8d\u771f\u505a\u51b0\u6dc7\u6dcb\u6703\u6210\u529f\u55ce"
        },
        {
            "id": "Jrx6OfJzs1A",
            "title": "\u3010\u795e\u99ac\u881f\u50cf\u9928\u3011\u771f\u624bvs\u5047\u624b\uff5c\u4f86\u8907\u88fd\u81ea\u5df1\u5427\uff5c"
        },
        {
            "id": "SrLQsNIKSNk",
            "title": "\u3010\u5de8\u5927\u5316\u707d\u96e3\u30111\u516c\u65a4\u9ad8\u7d1a\u91d1\u714c\u8292\u679cx\u9577\u6d32\u7cef\u7c73\u7ccd\ud83e\udd6d\u9ebb\u7cec\uff5c\ud83d\udd25\u7206\u767c\u53f2\u4e0a\u5927\u5931\u6557\uff1f"
        },
        {
            "id": "rQzEKUTfwtU",
            "title": "\u3010\u60b2\u5287\u958b\u7bb1\u3011\u9019\u73a9\u5177$1099\uff5c\u5de8\u5927\u6050\u9f8d\u86cb\u6253\u958b\u5167\u5bb9\u8b93\u4eba\u5fc3\u788e"
        },
        {
            "id": "6bBr87UD32w",
            "title": "\u3010\u8d85\u64ec\u771f\u3011\u795e\u99ac\u7532\u87f2\u738b\u8005\u8cfd\uff5c\u4e0d\u7528\u96fb\u6c60\uff01\u7532\u87f2\u683c\u9b25\u6a5f\u68b0\u4eba\uff01"
        },
        {
            "id": "l7n1q-wRbUM",
            "title": "\u3010\u5de8\u4eba\u885d\u64ca\u3011\u9032\u64ca\u7684\u5de8\u4ebaxPizza Hut \u9ed1\u6697\u6599\u7406\uff5c\u87f9\u8089\u6367+\u751c\u9ebb\u7cec \u5473\u857e\u8abf\u67e5\u5175\u5718\u5168\u6ec5"
        },
        {
            "id": "ENpXRFJ6nYo",
            "title": "\u3010\u958b\u7bb1\u8a66\u5403\u3011\u9752\u82b1\u9a55\u9ebb\u8fa3\u751c\u751c\u5708\ud83d\udd25\u5168\u7cfb\u5217\uff5c\u86b5\u4ed4\u9eb5\u7dda\u8499\u5e03\u6717\uff5c"
        },
        {
            "id": "hfnJAnczqPg",
            "title": "\u3010\u5927\u5bb6\u4e45\u7b49\u4e86\u3011\u641e\u795e\u99ac\u4f5b\u5fc3\u56de\u6b78 \ud83d\udd25\uff5c\u4e0b\u4e00\u6574\u7f50\u9ebb\u8fa3\u91ac\uff01\uff5c\u591a\u91cd\u5b87\u5b99\u6e2f\u53f0\u540c\u6b65\u958b\u8ce3"
        },
        {
            "id": "CAWXPHhHvcc",
            "title": "\u3010\u66b4\u98a8\u5207\u83dc\u6a5f\u3011\u53f2\u4e0a\u6700\u5065\u5eb7\u9eb5\u689d\ud83e\udd52\uff5c\u8d85\u80d6\u9435\u677f\u9eb5\u79d2\u8b8a\u6c99\u62c9\uff1f"
        },
        {
            "id": "QQUeozFX7EI",
            "title": "\u3010\u73a9\u5177\u958b\u7bb1\u3011\u5947\u602a\u5bf6\u53ef\u5922\u6388\u6b0a\u73a9\u5177\uff01\u7adf\u7136\u9640\u87ba\u5f0f\u5c0d\u6230\uff01"
        },
        {
            "id": "_rXgywPIMIA",
            "title": "\u3010\u6975\u81f4\u679c\u5473\u3011\u5564\u9152\u676f\u6697\u9ed1\u904a\u6232\uff5c\u628a\u6c34\u679c\u5564\u9152\u5408\u6210\u71b1\u5e36\u6c34\u679c\u5473\uff01"
        },
        {
            "id": "3GHn2ilGWhg",
            "title": "\u6700\u72c2\u7684\u96fb\u7af6\u512a\u60e0\u5c31\u5728Intel Gamer Days !! \u8eab\u70ba\u54c1\u724c\u4ee3\u8a00\u4eba\u963f\u795e\u7576\u7136\u8981\u4f86\u9ad4\u9a57\u2764\ufe0f\u8d85\u591a\u512a\u60e0\u5728\u4e09\u5275\uff0c\u7b2c\u4e00\u6b21\u62cd\u5927\u982d\u8cbc\u5c31\u5728\u9019\u4e86 XD #Intel #IntelGamerDays"
        },
        {
            "id": "b52P9CEvjqg",
            "title": "\u3010\u9084\u539f\u6296\u97f3\u3011\u7206\u7d05\u9152\u676f\u7fa9\u5927\u5229\u9eb5\uff5c\u6210\u529f\u505a\u51fa\u8d85\u6cbb\u7652\u6548\u679c\uff1f"
        },
        {
            "id": "lsXSbdVbEPA",
            "title": "\u3010\u8d85\u5546\u958b\u7bb1\u30118\u6b3e\u5373\u98df\u96de\u80f8\u8089\uff5c\u9019\u53e3\u5473\u5403\u4e0d\u4e0b\u53bb\uff01"
        },
        {
            "id": "fZroZF0a4rU",
            "title": "\u3010\u98f2\u8336\u5fc5\u98df\u3011\u81ea\u52d5\u8178\u7c89\u6a5f\uff01\u5728\u5bb6\u84b8\u51fa\u6e2f\u5f0f\u8178\u7c89"
        },
        {
            "id": "aGpNIYFZ30Y",
            "title": "\u3010\u5947\u602a\u65b0\u54c1\u3011LINE\u7684\u5373\u98df\u5496\u54e9\u662f\u5de7\u514b\u529b\u53e3\u5473\uff01\ud83c\udf6b\u9e79\u86cb\u8d85\u4eba\u5496\u54e9\u52a0\u9e79\u86cb\uff1f\u8d85\u80fd\u529b\u9738\u738b\u5468\u908a"
        },
        {
            "id": "opvTJyYZVJE",
            "title": "\u3010\u6296\u97f3\u7206\u7d05\u3011\u81ea\u52d5\u6f22\u5821\u65e9\u9910\u6a5f\uff5c\u7528\u4f86\u958b\u5e97\u592a\u8f15\u9b06\u5566\uff5c"
        },
        {
            "id": "t9IS8yI46QU",
            "title": "\u3010\u6eab\u5ea6\u8207\u58d3\u529b\u3011\u53e4\u65e9\u7206\u7c73\u82b1\u5927\u70ae\u958b\u7bb1\uff5c\u771f\u7537\u4eba\u5c31\u8981\u7206\u70b8"
        },
        {
            "id": "lJnUFImdVZI",
            "title": "\u3010\u96fb\u64ca\u53e3\u5473\u3011\u8df3\u8df3\u7cd68\u6b3e\u958b\u7bb1\uff5c\u53ef\u6a02+\u897f\u74dc=\u54c8\u871c\u74dc\uff5c\u53e3\u5473\u771f\u7684\u6709\u5dee\u55ce\uff1f"
        },
        {
            "id": "hkcNvbiod8k",
            "title": "\u3010\u91ce\u5916Bingo\u3011\u53c8\u9e79\u53c8\u6fd5\u7684\u61f2\u7f70\u904a\u6232\ud83e\udd2e\uff5c\u9999\u6e2f\u91ce\u751f\u52d5\u7269\u8d85\u53ef\u611b \ud83d\ude0d"
        },
        {
            "id": "RtIDrxD1Fps",
            "title": "\u3010\u9e79\u6ab8\u6aacdiy\u3011\u4e00\u676f200\uff01\u6e2f\u5f0f\u9e79\u6ab8\u53ef\u6a02+\u9e79\u6ab8\u4e03 \ud83e\udd64"
        },
        {
            "id": "FjJGBV91m-M",
            "title": "\u3010\u624b\u6b98\u798f\u97f3\u3011\u5168\u81ea\u52d5\u58fd\u53f8\u6a5f\ud83c\udf63\u8ff4\u8f49\u58fd\u53f8\u751f\u7522\u7dda\uff5c\u7adf\u7136\u662f\u73a9\u5177\uff1f"
        },
        {
            "id": "0xsGN9tEBaM",
            "title": "\u3010\u795e\u7684\u53e3\u5473\u3011DIY\u9ebb\u8fa3\u9d28\u8840\u5373\u98df\u5305\uff01\ud83c\udf36\ufe0f\u9a5a\u4eba\u7684\u5fae\u8fa3\u53e3\u5473\ud83c\udf36\ufe0f"
        },
        {
            "id": "MDyBqeyfDoY",
            "title": "\u3010\u6a5f\u5668\u6539\u9020\u738b\u3011\u7db2\u4e0a\u8cb7\u7684\u74b0\u4fdd\u81a0\u56ca\uff01\uff5c\u5496\u5561\u6a5f\u8b8a\u6210\u6fc3\u6e6f\u6a5f\uff01"
        },
        {
            "id": "hbcWu0buXV8",
            "title": "\u3010\u9802\u7d1a\u5962\u83ef\u3011\u65e5\u672c\u6700\u60a0\u4e45\u5b87\u6cbb\u8336\u5e97\uff01\uff5c\u5728\u5bb6\u9ad4\u9a57\u6b63\u5b97\u65e5\u672c\u8336"
        },
        {
            "id": "DskaPkXNwTc",
            "title": "\u3010\u5927\u5931\u6557\u3011\u7db2\u4e0a\u7206\u7d05\u505a\u6cd5\u662f\u9a19\u5c40\uff01\uff5c\u71b1\u58d3\u6a5f\u5927\u707d\u96e3\uff5c\u71b1\u58d3\u6a5f\u5668\u8981\u5831\u5ee2\uff1f"
        },
        {
            "id": "J5nZ-yV_Y1Y",
            "title": "\u301024\u5c0f\u6642\u3011\u897f\u74dc\u8b8a\u679c\u4e7e\ud83c\udf49\uff5c\u5be6\u6e2c\u679c\u4e7e\u6a5f\u98a8\u4e7e\u80fd\u529b\u5927\u6311\u6230\uff01"
        },
        {
            "id": "u0zgNl69keg",
            "title": "\u3010\u591c\u5e02DIY\u3011\u591c\u5e02\u6d77\u9bae\u73fe\u6488\u6a94\uff5c\u73fe\u5834\u5373\u716e\u6d77\u9bae\u6e6f\ud83e\udd90"
        },
        {
            "id": "YrXxqxgxMkc",
            "title": "\u3010\u6b63\u5b97\u6e2f\u5f0f\u3011\u96de\u86cb\u4ed4\u6a5f\u958b\u7bb1 \uff5c\u9999\u6e2f\u4eba\u90fd\u6703\u505a\u96de\u86cb\u4ed4\uff1f\uff5c\u6e2f\u5f0fvs\u53f0\u5f0f\u53e3\u5473\uff5c"
        },
        {
            "id": "2IuJHrYMRoA",
            "title": "\u3010\u96b1\u85cf\u98df\u6cd5\u3011\u65e5\u672ctwitter\u6599\u7406\uff5c\u8d85\u7c21\u55ae\u8543\u8304\u6e6f\ud83c\udf45\uff0b\u7279\u6fc3\u5496\u54e9\u70cf\u9f8d\u9eb5\ud83c\udf5c"
        },
        {
            "id": "-VB_KFLbmuQ",
            "title": "\u3010\u8d85\u9a5a\u559c\u3011\u5e73\u50f9\u51fa\u5947\u86cb\u66f4\u6709\u5275\u610f\uff1f\uff5c\u53ef\u80fd\u662f\u76dc\u7248\uff1f\uff5c\u99ac\u514b\u676f\u5f62\u7684\u7279\u5225\u7248\uff01"
        },
        {
            "id": "Ghx09nXYScU",
            "title": "\u3010\u5341\u9023\u767c\u3011DIY\u6e6f\u59c6\u718a\u6c34\u69cd\u5927\u578b\u6a5f\u53f0\ud83d\udd2b\u8d85\u723d\u590f\u65e5\u96fb\u52d5\u6c34\u69cd\u958b\u7bb1\ud83d\udca6"
        },
        {
            "id": "eaDHk_s7tiA",
            "title": "\u3010\u5275\u4f5c\u74f6\u9838\u3011\u5176\u5be6\u6211\u5011\u4e0d\u61c2\u62cd\u7247\uff5c\u53f2\u4e0a\u6700\u96e3\u7684\u73a9\u5177\u958b\u7bb1\uff01"
        },
        {
            "id": "pcgi7aQtz9A",
            "title": "\u3010\u5730\u7344\u98f2\u6599\u3011\u65e5\u672c\u7206\u7d05\u73a9\u5177\uff5c\u7528\u74f6\u84cb\u5c31\u80fd\u73a9\u7684\u6230\u9b25\u904a\u6232\uff01\u8f38\u5bb6\u4e00\u53e3\u4e7e\u676f\uff01"
        },
        {
            "id": "S15hB06h0bc",
            "title": "\u3010\u771f\u6750\u5be6\u6599\u3011\u771f\u3002\u9bdb\u9b5a\u71d2\uff5c\u6700\u6b63\u5b97\u53e3\u5473\u597d\u5403\u55ce\uff1f"
        },
        {
            "id": "xDsYFsuaRVY",
            "title": "\u3010\u4f5b\u7cfb\u4eba\u751f\u3011\u5de8\u5927\u5168\u7d20\u8c6c\u8840\u7cd5\uff5c\u4e0d\u6d41\u4e00\u6ef4\u8840\u4e5f\u80fd\u505a\u51fa\u9a5a\u5947\u7684\u7f8e\u5473\uff01"
        },
        {
            "id": "SCtkCw8YGQY",
            "title": "\u3010\u9999\u6e2f\u5230\u53f0\u7063\u301124\u5c0f\u6642\u9ed1\u8272\u98df\u7269\u6311\u6230\uff5c\u9913\u5230\u53ea\u80fd\u5403\u4ed9\u8349\u5145\u98e2\uff01"
        },
        {
            "id": "rPczoYy820g",
            "title": "\u3010\u88dd\u7532\u5927\u6230\u3011\u6253\u81c9\u6a5f\u68b0\u4eba\u5c0d\u6c7a\uff5c\u771f\u6b63\u63cd\u98db\u5c0d\u624b\uff01"
        },
        {
            "id": "ILYadmtAxbU",
            "title": "\u3010\u6700\u5f37\u98df\u73a9\u3011\u5c0f\u718a\u9905\u4e7e\ud83d\udc3b\u9ad8\u96e3\u5ea6\u5834\u666f\u7d44\u958b\u7bb1\uff5c\u65e5\u672c\u9650\u5b9a\u7279\u5225\u7248\uff01"
        },
        {
            "id": "COSJDU6F_18",
            "title": "\u3010\u6e2f\u53f0\u5927\u6230\u3011\u53e4\u65e9\u5473\u53ef\u4ee5\u51b0\u6dc7\u6dcb\u55ce\uff1f\uff5c\u6de1\u6c34\u540d\u7522\u9eb5\u8336\u6ce1\u9905vs\u9178\u751c\u958b\u80c3\u6e2f\u5f0f\uff5c\u53ea\u6709\u4e00\u6b3e\u6210\u529f\uff1f"
        },
        {
            "id": "bFZMZKDK3s4",
            "title": "\u30108\u6b3e\u8a66\u5403\u3011\u7d05\u71d2\u725b\u8089\u9eb5\u5927\u5c0d\u6c7a\uff5c\u5168\u806f\u8089\u8cea\u6e6f\u982d\u9eb5\u689d\u90a3\u5bb6\u6700\u597d\u5462\uff1f"
        },
        {
            "id": "zHO7dDoB7hg",
            "title": "\u3010\u4e09\u660e\u6cbb\u5c0d\u6bd4\u3011\u8d85\u5546\u8a55\u6bd4\u65e5\u672cvs\u53f0\u7063vs\u9999\u6e2f\uff5c\u90a3\u500b\u5730\u65b97-11 \u597d\u5403\uff1f\uff5c"
        },
        {
            "id": "ItpHgFCb1lE",
            "title": "\u3010\u9eb5\u8336DIY\u3011\u963f\u5b24\u7d55\u5c0d\u6210\u529f\u98df\u8b5cvs\u7d55\u5c0d\u5931\u6557\u7d44\u5408\uff01"
        },
        {
            "id": "FJ5spfOQEDg",
            "title": "\u3010\u7121\u706b\u6599\u7406\u3011\u4e09\u6b72\u4e5f\u80fd\u505a\u7684\u83dc\uff01\u963f\u795e\u54e5\u54e5+\u99ac\u7530\u59d0\u59d0\u793a\u7bc4\ud83c\udf5b\u5922\u5e7b\u5496\u54e9\u98ef"
        },
        {
            "id": "iXj59OeE7NM",
            "title": "\u3010\u5168AI\u62cd\u651d\u3011\u5f62\u50cf\u7167\u66f4\u65b0\uff5c\u963f\u795e\u79d2\u8b8a\u5e25\u6c23\u97d3\u570b\u6696\u7537\uff5c\u99ac\u7530\u53d4\u53d4\u8b8a\u59d0\u59d0\uff1f"
        },
        {
            "id": "bBkCEPn2qbM",
            "title": "\u3010\u5b8c\u7f8e\u8907\u88fd\u3011\u5169\u7a2e\u6750\u6599\u7149\u6210\uff013D\u5217\u5370\u7194\u5ca9\u5de7\u514b\u529b\u7121\u9650\u624b\u5957\ud83c\udf6b"
        },
        {
            "id": "uz4g7usCrF0",
            "title": "\u3010\u4eba\u751f\u5fc5\u5b78\u3011\u98df\u7269\u8907\u88fd\u8853\uff5c30\u500d\u5de8\u5927\u5316\u849f\u84bb\uff5c\u8d85\u7701\u9322\u7684\u65b0\u53e3\u5473\uff5cLife hack"
        },
        {
            "id": "pUIJ3kw1QtI",
            "title": "\u3010\u767e\u842c\u62f3\u8cfd\u3011\u795e\u99ac\u6700\u5ee2\u5167\u6230\uff5c\u5730\u4e0a\u6700\u901f\u62f3\u982d\uff5c9\u79d2100\u62f3\uff01"
        },
        {
            "id": "nBbJiwSo8IQ",
            "title": "\u3010\u795e\u99ac\u51ac\u5b63\u5967\u904b\u3011\u53f2\u4e0a\u6700\u51b0\u7684\u66f2\u68cd\u7403\uff1f\uff5c\u5176\u5be6\u662f\u8d85\u6709\u8da3\u684c\u4e0a\u51b0\u58fa\uff1f"
        },
        {
            "id": "6N12Ow9__BE",
            "title": "\u3010\u611a\u4eba\u7bc0\u4f01\u5283\u3011\u722d\u9bae\u4fbf\u7576\u798f\u888bvs\u666e\u901a\u4fbf\u7576\ud83c\udf71\uff5c\u662f\u611a\u4eba\u9a19\u5c40\uff1f\u9084\u662f\u9a5a\u559c\u7f8e\u98df\uff1f"
        },
        {
            "id": "PTbgI2w6dE4",
            "title": "\u3010\u7d93\u5178\u7cfb\u5217\u3011\u6233\u6233\u6a02\u9054\u4eba\uff5c89\u5143\u62cd\u5f71\u7247\uff01\uff5c\u8f38\u5bb6IG\u8981\u6539\u8d85\u919c\u982d\u50cf"
        },
        {
            "id": "bJMqoNswQek",
            "title": "\u3010\u89e3\u5256\u70cf\u9f9c\u3011\u958b\u7bb1\u5927\u62c6\u89e3\uff01\u80fd\u5403\u80fd\u62c9\u7684\u73a9\u5177 \u69cb\u9020\u8d85\u9a5a\u4eba"
        },
        {
            "id": "lWbzzowdAhs",
            "title": "\u3010\u8ced\u4e0a\u9748\u9b42\u3011\u4f86\u81eaJOJO\u7684\u904a\u6232\uff5c\u79d1\u5b78\uff0b\u6280\u5de7\u7684\u878d\u5408\u7684\u6700\u5f37\u5c0d\u6c7a\uff01"
        },
        {
            "id": "28zGEIc2AQI",
            "title": "\u3010\u4e0d\u80fd\u7b11\u3011\u5fcd\u7b11\u6311\u6230\u7d93\u5178\u91cd\u73fe\uff01\u6700\u53f0\u5473\u7684\u7206\u7b11\u5408\u96c6\uff5c\u61f2\u7f70\u662f\u4e2d\u85e5\u5496\u5561\uff1f"
        },
        {
            "id": "ycFQsZuuyKQ",
            "title": "\u3010\u8ecd\u7ce7\u7cfb\u5217\u3011\u53f0\u7063\u9678\u8ecd\u6700\u5e78\u798f\uff1f\uff5c\u6700\u6eff\u8db3\u7684\u81ea\u71b1\u4fbf\u7576\u578b\u8ecd\u7ce7\uff01"
        },
        {
            "id": "qnyltz7wxzk",
            "title": "\u3010\u4e0d\u8981\u73a9\u58fd\u53f8\u3011\u6700\u5b89\u5168\u58fd\u53f8\u73a9\u6cd5\uff5c\u5927\u61f2\u7f70\u8981\u5b78\u8c93\u53eb\uff0bYouTuber\uff1f\uff5c"
        },
        {
            "id": "PrNSrdMJn_o",
            "title": "\u3010\u958b\u7bb1\u8a66\u5403\u3011MrBeast Burger\ud83c\udf54\u4e16\u754c\u7b2c\u4e00YouTuber\u958b\u7684\u9023\u9396\u5e97\uff5c\u53f0\u7063\u7248\u672c\u5473\u9053\u771f\u7684\u597d\u55ce\uff1f"
        },
        {
            "id": "UMnQchWfHjU",
            "title": "\u3010\u751f\u547d\u62cd\u7247\u3011100\uff05\u8102\u80aa\u706b\u934b\uff01\u5976\u6cb9vs\u8c6c\u6cb9\u54ea\u500b\u66f4\u597d\u5403\uff1f"
        },
        {
            "id": "DUnfgDaefyw",
            "title": "\u3010\u958b\u7bb1\u5c0d\u6c7a\u3011$199\u6587\u5177\u798f\u888b\uff5c\u540c\u50f9\u9322\u8d85\u53cd\u5dee\u7684\u5167\u5bb9\uff01"
        },
        {
            "id": "rJS5Q5t5HHU",
            "title": "\u3010\u53e4\u4ee3\u904a\u6232\u3011\u5b54\u660e\u68cb\uff5c\u53f2\u4e0a\u6700\u6b98\u9177\u7684\u73a9\u6cd5\uff5c\u667a\u529b\uff0b\u904b\u6c2399\u624d\u80fd\u73a9\uff5c\u90a3\u500b\u624d\u662f\u9738\u4e3b"
        },
        {
            "id": "xOP9WHnk11w",
            "title": "\u3010\u96e3\u5ea6\u9ede\u6eff\u3011\u767e\u4eba\u5927\u6311\u6230\u7fa9\u8ce3\u554f\u7b54\u5927\u6703\uff5c99\uff05\u7c89\u7d72\u90fd\u7b54\u932f\uff5c\u53c3\u89c0\u4e16\u4e0a\u6700\u597d\u7684\u516c\u53f8"
        },
        {
            "id": "glFHEk0sciM",
            "title": "\u3010\u627e\u56de\u521d\u5fc3\u3011\u51fa\u5947\u86cb\u958b\u7bb1\uff5c\u8d85\u9a5a\u559c\u73a9\u6cd5\u5927\u9032\u5316\uff5c\u516c\u4ed4\u9084\u662f\u4e00\u6a23\u7684\u919c\uff1f"
        },
        {
            "id": "yig07_lLkV4",
            "title": "\u3010\u51fa\u4eba\u610f\u9eb5\u3011\u71b1\u6c34\u58fa\u71d2\u610f\u9eb5\u5927\u6210\u529f\uff5c\u4f46\u5f71\u7247\u4e2d\u6bb5\u795e\u53cd\u8f49\uff5c\u4f60\u5403\u904e\u7dad\u529b\u70b8\u91ac\u6e6f\u9eb5\u55ce\uff1f"
        },
        {
            "id": "YfC16hpJKgU",
            "title": "\u3010\u9001\u79ae\u5fc5\u770b\u3011\u9019\u4e9b\u90fd\u662f\u98df\u7269\uff1f\u8d85\u60e1\u641e\u507d\u88dd\u96f6\u98df\u958b\u7bb1\uff01"
        },
        {
            "id": "RwWka0xnHRU",
            "title": "\u3010\u904e\u6c23\u7d44\u5408\u3011\u628a\u5de5\u4f5c\u5ba4\u90fd\u8ce3\u4e86\uff5c\u8d85\u7a00\u6709\u9650\u91cf\u7248\uff5c\u6d41\u91cf\u5bc6\u78bc\u51b0\u6dc7\u6dcb\u6a5f\uff5c\u591a\u5e74\u56de\u61b6\u4e00\u4ef6\u4e0d\u7559\u5927\u7529\u8ce3\uff01"
        },
        {
            "id": "vC4Hnsj_apo",
            "title": "\u301030\u79d2\u725b\u5976\u6a5f\u3011\u626d\u86cb\u6c7a\u5b9a\uff01\u505a\u51fa\u4f86\u81ea\u5730\u7344\u7684\u725b\u5976\uff5e"
        },
        {
            "id": "B6kWwU1kkPQ",
            "title": "\u3010\u667a\u529b\u6e2c\u8a66\u3011\u9b54\u6cd5\u73a9\u5177\u662f\u6709\u591a\u96e3\u73a9\uff5c\u5169\u500b\u4eba\u60f3\u4e86\u4e00\u500b\u6708\u624d\u5b8c\u6210\uff01\uff5c"
        },
        {
            "id": "N4el6M4koj0",
            "title": "\u3010\u6599\u7406\u4e4b\u795e\u3011\u66f8\u5e97\u8ce3\u7684\u5947\u602a\u6599\u7406\u5305\uff01\u5473\u9053\u8d85\u9a5a\u559c\uff5c\u539f\u4f86\u662f\u540d\u5eda\u4f5c\u54c1\uff1f"
        },
        {
            "id": "PcwZqMBy7nE",
            "title": "\u3010\u4e2d\u5e74\u518d\u51fa\u767c\u3011\u58fd\u53f8\u5de5\u5177\u5be6\u6e2c\uff01\u5de5\u4f5c\u5ba410\u79d2\u8b8a\u8c6a\u83ef\u58fd\u53f8\u5e97"
        },
        {
            "id": "WhWqqhSDINQ",
            "title": "\u3010\u6d41\u8a00\u7834\u89e3\u3011\u76f4\u98db\u65e5\u672c\u5927\u641c\u67e5\u2708\ufe0f\u593e\u5a03\u5a03App\u516c\u53f8\u662f\u771f\u7684\u55ce\uff01"
        },
        {
            "id": "u9mT3iGJlLI",
            "title": "\u3010\u672b\u65e5\u6c42\u751f\u3011\u6728\u677f\u7d44\u7684\u6536\u97f3\u6a5f\u6a21\u578b\uff01\u807d\u5230\u5730\u4e0b\u96fb\u53f0\u5ee3\u64ad"
        },
        {
            "id": "i-zSRR9vs5M",
            "title": "\u3010\u6709\u8da3\u79d1\u6280\u3011\u50f9\u503c$60000\u5143\u7684\u771f\u7a7a\u5438\u53d6\u6a5f\uff01\u7121\u9650\u8907\u88fd\u5012\u6a21\uff1f"
        },
        {
            "id": "GUojX9JDrA8",
            "title": "\u3010\u771f\u5047\u5c0d\u6c7a\u3011\u5047\u7684\uff01\u5473\u89ba\u5b7d\u969c\u91cd\uff1f\u7528\u770b\u7684\u4f60\u5206\u5f97\u51fa\u4f86\u55ce\uff1f"
        },
        {
            "id": "SmliN-xhLJg",
            "title": "\u3010\u5947\u602a\u7f50\u982d\u3011\u6cd5\u570b\u9b5avs\u9ad8\u96c4\u7ca5\uff01\u6700\u597d\u5403\u7adf\u7136\u662f\u8c46\u8150\uff1f"
        },
        {
            "id": "dNjSv-dz5BY",
            "title": "\u3010\u5eda\u85dd\u89ba\u9192\u3011\u81ea\u91c0\u6885\u9152x\u9ed1\u6697\u6599\u7406\uff01\u6885\u5b50\u7d05\u71d2\u8089\ud83d\udd25\u6599\u7406\u4e4b\u795e\u89aa\u8eab\u793a\u7bc4\u2764\ufe0f\u5473\u9053\u9a5a\u70ba\u5929\u4eba\uff01"
        },
        {
            "id": "XtupbqFcD6E",
            "title": "\u3010\u7f9e\u6065\u5c0d\u6c7a\u3011\u8f38\u4e86\u8981\u8b8a\u88dd\u5973\u50d5\uff01\u7167\u7247\u6c38\u4e45\u4fdd\u5b58\uff01"
        },
        {
            "id": "2aFRGB59j-k",
            "title": "\u3010\u958b\u7bb1\u8a66\u5403\u3011\u53e6\u985e\u8c6a\u83ef\u706b\u934b\u6e6f\u5e95\uff01\u718a\u718a\u725b\u5976\u934b\u3001\u97d3\u5f0f\u90e8\u968a\u934b\u3001\u6cf0\u5f0f\u7da0\u5496\u54e9\u90fd\u6709\uff01"
        },
        {
            "id": "Rc_GmMRETNY",
            "title": "\u3010\u65e5\u672c\u7206\u7d05\u3011\u8d85\u795e\u5947\u5410\u53f8\u91ac\uff01\u4e00\u70e4\u8b8a\u8eab\u9ad8\u7d1a\u65e5\u5f0f\u9eb5\u5305\uff01"
        },
        {
            "id": "uKJBNtNSO68",
            "title": "\u3010\u8ecd\u7ce7\u7cfb\u5217\u3011\u53f0\u7063\u8ecd\u7ce7\u8a66\u5403\uff01\u4e00\u958b\u5373\u98df\u9084\u6709\u71df\u990a\u88dc\u5145\u54c1\uff01"
        },
        {
            "id": "wrSweQjysEw",
            "title": "\u3010\u5730\u8868\u6700\u5f37\u3011\u82b1\u8cbb160000\u5143\u9ad4\u9a57\u9999\u6e2f\u8cfd\u8eca\ud83d\udd25\u8cfd\u8eca\u624b+\u96fb\u8166\u5c08\u5bb6\u6700\u5f37\u5408\u4f5c"
        },
        {
            "id": "zU47Bdnre9I",
            "title": "\u3010\u7db2\u8def\u7206\u7d05\u3011\u5168\u5bb6\u7389\u7c73\u6fc3\u6e6f\u51b0\u6dc7\u6dcb\uff01\u80fd\u8b8a\u56de\u6bd4\u9ea5\u7576\u52de\u597d\u5403\u7684\u7389\u7c73\u6fc3\u6e6f\uff1f"
        }
    ]
}