{
    "channel": {
        "title": "\u963f\u7ff0po\u5f71\u7247",
        "id": "UCEBaVKCwLP3UOdSq3LNNqmw",
        "customUrl": "@hanhanpovideo",
        "uploads": "UUEBaVKCwLP3UOdSq3LNNqmw"
    },
    "videos": [
        {
            "id": "eJ-A8ExoopQ",
            "title": "\u963f\u7ff0po\u5f71\u7247 \u2502\u6708\u5b0c\u7684\u5a5a\u59fb\u5371\u6a5f \u4ec0\u9ebc\uff01\u6708\u5b0c\u60f3\u96e2\u5a5a\u4e86\uff1f"
        },
        {
            "id": "1B8Nh4hfNtc",
            "title": "\u963f\u7ff0po\u5f71\u7247 \u2502\u751f\u6d3b\u5927\u9a5a\u5947 \u770b\u65e5\u672c\u4eba\u5982\u4f55\u89e3\u6c7a\u751f\u6d3b\u4e2d\u7684\u56e7\u5883\uff1f\uff01"
        },
        {
            "id": "3-zFe9vKC34",
            "title": "\u963f\u7ff0po\u5f71\u7247 \u2502\u52a0\u6cb9\uff01\u5141\u6069 Ep176 \u9019\u6a23\u4e5f\u80fd\u7626\uff1f\uff01\u8d85\u5f37\u7684\u767e\u5e74\u6d77\u5973\u7626\u8eab\u6d77\u82d4"
        },
        {
            "id": "zEAf3GdwytU",
            "title": "\u963f\u7ff0po\u5f71\u7247 \u2502\u897f\u6253\u5403\u918b\u4e86\uff1f\uff01\u6b38 \uff01\u54ea\u88e1\u8a8d\u8b58\u7684\u65b0\u670b\u53cb \u9019\u9ebc\u6f02\u4eae"
        },
        {
            "id": "QHyMQdN_8FU",
            "title": "\u963f\u7ff0po\u5f71\u7247 \u2502\u623f\u6771\u963f\u59e8\u5e36\u5973\u5152\u8003\u99d5\u7167\u560d\uff5e\u539f\u4f86\u8003\u6a5f\u8eca\u99d5\u7167\u9700\u8981\u9019\u4e00\u62db\uff1f!"
        },
        {
            "id": "uH7OQxtkft4",
            "title": "\u963f\u7ff0po\u5f71\u7247 \u2502\u9694\u58c1\u6751\u7684\u5289\u59e5\u59e5 \u5c0f\u5b6b\u5b50\u7adf\u7136\u5931\u6200\u4e86\ud83d\udc94\uff1f\uff01\u6700\u7642\u7652\u7684\u79d8\u5bc6\u6b66\u5668 ft.HelloKitty"
        },
        {
            "id": "ECbzUpG2TcU",
            "title": "\u963f\u7ff0po\u5f71\u7247 \u2502\u7d33\u58eb\u6dd1\u5973 \u8077\u5834\u751f\u5b58\u5b88\u5247 \u4e0a\u73ed\u65cf\u5fc5\u770b\u5bc6\u6280\uff1f\uff01"
        },
        {
            "id": "i91a7VgLc3M",
            "title": "\u963f\u7ff0po\u5f71\u7247 \u2502\u65b0\u83ef\u570b\u5c0f\u4e0a\u8ab2\u4e86!\u540c\u5b78\u5011\u7684\u5e0c\u671b\u662f\u4ec0\u9ebc\uff1f"
        },
        {
            "id": "CX_zSY26zpA",
            "title": "\u963f\u7ff0po\u5f71\u7247 \u2502\u9673\u6821\u9577\u7684\u51fa\u570b\u8003\u5bdf\u884c ft.\u76ae\u514b\u65af"
        },
        {
            "id": "8T7KiTU9c14",
            "title": "\u963f\u7ff0po\u5f71\u7247 \u2502\u7b97\u547d\u963f\u59e8 \u4e2d\u897f\u5408\u58c1\u4e4b\u56db\u624b\u806f\u5f48 ft.\u5510\u7dba\u967d"
        },
        {
            "id": "oEaEq8W1nbg",
            "title": "\u963f\u7ff0po\u5f71\u7247 \u2502\u963f\u7ff0 Ahan \u5275\u4f5c\u55ae\u66f2\u300a\u871c\u8702\u611b\u4e0a\u82b1 A Bee's Love\u300bOfficial Music Video"
        },
        {
            "id": "yLOmChjet4k",
            "title": "\u963f\u7ff0po\u5f71\u7247\uff5c\u5f9e\u7f8e\u570b\u56de\u4f86 \u4e0d\u559c\u6b61\u88ab\u5b9a\u8abf\u7684Gino"
        },
        {
            "id": "II6iv8H9zK4",
            "title": "\u963f\u7ff0po\u5f71\u7247 \u2502\u6708\u5b0c\u7684\u4fdd\u6bcd\u65e5\u8a18 \u6253\u5de5\u5ea6\u5047\u8377\u862d\u7bc7"
        },
        {
            "id": "JnAzH3nR-Bg",
            "title": "\u963f\u7ff0po\u5f71\u7247 \u2502\u623f\u6771\u963f\u59e8\u7684\u8d85\u503c\u7cbe\u7dfb\u5957\u623f"
        },
        {
            "id": "N5smttCaj4E",
            "title": "\u963f\u7ff0po\u5f71\u7247\uff5c\u65e5\u672c\u884c\u7206\u8cb7\u7684\u8001\u9109 \u597d\u4e45\u4e0d\u898b\u7684\u9678\u5ba2"
        },
        {
            "id": "qfmO39jQea4",
            "title": "\u963f\u7ff0po\u5f71\u7247 \u2502\u5922\u5e7b\u6f9f\u6708 \u539f\u4f86\u9019\u5c31\u662f\u6b63\u59b9\u7684\u5473\u9053?!"
        },
        {
            "id": "M0FCsHtzsPo",
            "title": "\u963f\u7ff0po\u5f71\u7247 \u2502\u6232\u8aaa\u963f\u5a1f \u6027\u611f\u864e\u738b  \u6368\u4e0d\u5f97\u8aaa\u518d\u898b\u7684\u864e\u738b?!"
        },
        {
            "id": "l13UOQ2T2Ps",
            "title": "\u963f\u7ff0po\u5f71\u7247 \u2502\u65b0\u83ef\u5927\u5b78\u62db\u751f\u4e2d!\u5be6\u73fe\u5922\u60f3\u7684\u8d77\u8dd1\u7dda"
        },
        {
            "id": "AVop1izKu70",
            "title": "\u963f\u7ff0po\u5f71\u7247 \u2502\u6211\u7684\u552f\u4e00\u6307\u5b9a\u59ca\u59b9\u5011 \u4e94\u5468\u5e74\u7d00\u5ff5\u6709\u8072\u8cbc\u5716\u4e0a\u67b6\u56c9!"
        },
        {
            "id": "WOZpK55-z-Q",
            "title": "\u963f\u7ff0po\u5f71\u7247 \u2502\u623f\u6771\u963f\u59e8\u4e4b\u907a\u5931\u7684\u9ed1\u76ae\u978b ft.\u856d\u714c\u5947"
        },
        {
            "id": "XYAZdrzy8II",
            "title": "\u963f\u7ff0po\u5f71\u7247 \u2502\u623f\u6771\u963f\u59e8\u5e36\u5973\u5152\u8cb7\u8863\u8a18 \u8ddf\u5abd\u5abd\u4e00\u8d77\u901b\u8857\u53bb\uff01\uff1f"
        },
        {
            "id": "g4QfgRzu8A8",
            "title": "\u963f\u7ff0po\u5f71\u7247 \u2502\u7b97\u547d\u963f\u59e8\u4e4b\u91d1\u9418\u734e\u958b\u5e55\u7279\u8f2f ft. \u66fe\u5bf6\u5100 \u5510\u7dba\u967d"
        },
        {
            "id": "VXhANFLY34E",
            "title": "\u963f\u7ff0po\u5f71\u7247 \u2502\u52a0\u6cb9\uff01\u5141\u6069 Ep175 \u4ec0\u9ebc\uff1f\uff01\u8179\u808c\u4ed9\u5b50\u7b2c\u4e00\u540d\u662f\u5979!  (English Subtitles)"
        },
        {
            "id": "LLwUSJq8YXE",
            "title": "\u963f\u7ff0po\u5f71\u7247 \u2502\u9694\u58c1\u6751\u7684\u5289\u59e5\u59e5 \u5b78\u9738\u9032\u884c\u66f2"
        },
        {
            "id": "50TJAdPJxMA",
            "title": "\u963f\u7ff0po\u5f71\u7247 \u2502\u7d33\u58eb\u6dd1\u5973\u6070\u6070\u6070 \u6700\u5f97\u9ad4\u7684\u7b2c\u4e00\u5370\u8c61"
        }
    ]
}