{
    "channel": {
        "title": "\u773e\u91cf\u7d1aCROWD",
        "id": "UC3LBFXbWtEBdOOUb8-qJm9Q",
        "customUrl": "@crowd1111",
        "uploads": "UU3LBFXbWtEBdOOUb8-qJm9Q"
    },
    "videos": [
        {
            "id": "_xdMxZa_aks",
            "title": "\u642d\u9ad8\u9435\u80fd\u5230\u9999\u6e2f\ud83c\udded\ud83c\uddf0\uff1f\u5927\u5bb6\u5feb\u53bb\u8a66\u8a66\u770b\uff08\u8aa4\ud83d\ude02\u8a18\u5f97\u6536\u85cf+\u5206\u4eab \u51fa\u53bb\u65c5\u904a\u96a8\u624b\u62cd\u8d77\u4f86\ud83d\ude0c#hellohongkong #\u9999\u6e2f"
        },
        {
            "id": "93H3nSqIxaQ",
            "title": "\u6211\u5011\u8ab0\u6700\u597d\u52d5\uff1f TAG\u4f60\u5f88\"\u904e\u52d5\"\u7684\u670b\u53cb\u4e00\u8d77\u5408\u62cd\uff01"
        },
        {
            "id": "MpcTNlWAUm4",
            "title": "\u4eca\u665a\u6e96\u5099High\u4e86\u55ce\uff1fTag\u4f60\u611b\u591c\u751f\u6d3b\u7684\u670b\u53cb\u4e00\u8d77\u62cd\ud83e\udd29#Meta\u91d1\u523b\u734eAfterParty#2023\u91d1\u523b\u734e#\u91d1\u523b\u734e#\u518d\u770b\u4e00\u773c"
        },
        {
            "id": "4txfAyNilQo",
            "title": "Tag\u4f60\u9700\u8981\u88ab\u7642\u7652\u7684\u670b\u53cb\uff0c\u4ed6\u4e00\u5b9a\u6703\u611f\u8b1d\u4f60\ud83d\ude1c\u5feb\u8e0f\u4e0a\u201c \u95b1\u4e16\u754c - MOI \u7684\u5947\u5e7b\u65c5\u9014\u5427\ud83d\ude0d \u201d \u6642\u9593\uff1a11/1-11/30 \uff0c11\uff1a00 - 21\uff1a00\u5730\u9ede\uff1a\u627f\u5104\u9152\u5e971F\u6236\u5916\u5927\u8349\u76ae & 7F \u627f\u98a8\u66f8\u5e97"
        },
        {
            "id": "83V-9sAGic4",
            "title": "\u6709\u500b\u628a\u624b\u904a\u7576\u795e\u7684\u5973\u53cb\uff0c\u4f60\u6703\u5e7e\u9ede\u56de\u5bb6\uff1f\ud83d\ude02"
        },
        {
            "id": "0Wd6UgG-b84",
            "title": "\u6bd4\u68d2\u68d2\u7cd6\u9084\u751c\u7684\u5408\u62cd\uff0c\u5feb\u627e\u53e6\u4e00\u534a\u8a66\u8a66\u770b\ud83c\udf6c\ud83e\udd70"
        },
        {
            "id": "ChICRMEHYlo",
            "title": "\u5077\u5077\u6536\u85cf\u8d77\u4f86\u6708\u5e95\u8cb7\u7d66\u4f60\u670b\u53cb\u5403\ud83d\ude02\u6211\u5011\u5728\u9019\u5f85\u4e86\u6574\u500b\u4e0b\u5348\uff0c\u592a\u4eab\u53d7\u4e86\uff5e\ud83e\udd70"
        },
        {
            "id": "gbwl29QUTyM",
            "title": "Fun ways to interact with friends\ud83e\udd2dTag\u4f60\u62c9\ud83d\udca9\u7b2c\u4e00\u540d\u7684\u670b\u53cb\u4e00\u8d77\u62cd\uff01"
        },
        {
            "id": "HTx9bjPXsa0",
            "title": "\u6211\u5011\u6700\u751c\u871c\u7684\u4e8b\uff0c\u662f\u7d93\u6b77\u8a31\u591a\u559c\u6012\u54c0\u6a02\ud83d\udc95"
        },
        {
            "id": "0QqwO85_nxM",
            "title": "\u6559\u4f6010\u79d2\u5b8c\u6210\u842c\u8056\u7bc0\u599d\u5bb9\ud83c\udf83\u50b3\u7d66\u4f60\u61f6\u7684\u88dd\u626e\u7684\u670b\u53cb\uff01#\u842c\u8056\u7bc0 #halloween #\u599d\u5bb9"
        },
        {
            "id": "HgDhMP8uoBY",
            "title": "\u50b3\u7d66\u4f60\u5973\u53cb\u770b\uff01\u4ee5\u5f8c\u4e0d\u6703\u70ba\u4e86\u62cd\u7167\u5435\u67b6\u4e86\ud83d\ude07#\u62cd\u7167\u6280\u5de7 #gucci #horsebit1955#\u773e\u91cf\u7d1acrowd #andy\u8001\u5e2b #\u5bb6\u5be7"
        },
        {
            "id": "snlM3b1LjY0",
            "title": "100%\u642d\u8a15\u6210\u529f\u7684\u5c0f\u6280\u5de7\ud83d\ude4c"
        },
        {
            "id": "1VF5wco64_U",
            "title": "\u9019\u884c\u70ba\u662f\u5168\u7403\u5973\u6027\u7d71\u4e00\u5427\uff01Tag\u4f60\u611b\u7167\u93e1\u5b50\u7684\u5973\u751f\ud83e\udd23#\u9152\u5427 #\u773e\u91cf\u7d1acrowd"
        },
        {
            "id": "k_e-ZAaC3T4",
            "title": "\u80fd\u7642\u7652\u756b\u756b \u53c8\u80fd\u60e1\u6574\u670b\u53cb\u7684\u597d\u53bb\u8655\uff01Tag\u4f60\u7684\u640d\u53cb\u4e00\u8d77\u53bb\u73a9\ud83d\ude4c#\u53f0\u5357\u666f\u9ede #paintme"
        },
        {
            "id": "lso2EadtPsY",
            "title": "\u807d\u8aaa\u807d\u5230\u9019\u9996\u6b4c\u7684\u4eba\uff0c100%\u90fd\u662f\u6200\u611b\u8166\ud83e\udde0\ud83d\udc95Tag\u4f60\u6200\u611b\u8166\u7684\u670b\u53cb\u4f86\u807d\uff5e"
        },
        {
            "id": "CRe871RUxzo",
            "title": "Tag\u4f60\u7537\u53cb\u4f86\u807d\uff0c\u7136\u5f8c\u7559\u8a00\u4ed6\u7684\u8868\u60c5\u662f\u4ec0\u9ebc\uff1f\ud83d\ude02#\u6e23\u7537\u8a9e\u9304"
        },
        {
            "id": "mWIDblYutu4",
            "title": "\u4f60\u4ee5\u70ba\u7d50\u5c40\uff0c\u5f9e\u4f86\u4e0d\u6703\u5982\u4f60\u6240\u6599\ud83d\ude0f#WBJ#\u7b2c\u4e94\u5c46\u8d70\u9418\u734e#5thwalkbelliohnawards"
        },
        {
            "id": "yQN86Vqa86s",
            "title": "\u8b1d\u8b1d\u5927\u5bb6\uff01\u6211\u5011\u5f97\u734e\u4e86\ud83e\udd25"
        },
        {
            "id": "Y2mt1CoyCrw",
            "title": "\u5bb6\u5be7\u7684\u5047\u6454\u7d66\u5e7e\u5206\uff1f\ud83d\ude02#\u81fa\u5317\u6642\u88dd\u9031  #\u65b0\u9bae\u79c0 #\u8d70\u79c0"
        },
        {
            "id": "tkzm4pFd-Fg",
            "title": "\u670d\u88dd\u5e97\u7684\u65b0\u62cd\u6cd5\uff01\u5feb\u53eb\u4f60\u7684\u5c0d\u8c61\u4e00\u8d77\u62cd\u2764\ufe0f#\u60c5\u4fb6\u5c0d\u93e1\u62cd\u6311\u6230 #\u60c5\u4fb6\u651d\u5f71"
        },
        {
            "id": "7c_JQtsUnUI",
            "title": "\u5916\u51fa\u624b\u6a5f\u6c92\u96fb\u600e\u9ebc\u8fa6\uff1f\u4fbf\u5229\u5546\u5e97\u4e00\u5206\u9418\u89e3\u6c7a\u4f60\u7684\u554f\u984c\ud83d\ude4b#711 #\u884c\u52d5\u96fb\u6e90 #\u4fbf\u5229\u5546\u5e97"
        },
        {
            "id": "AYQDf1f9b6E",
            "title": "iPhone\u7684\u4e00\u751f = \u5973\u53cb\u7684\u4e00\u751f?"
        },
        {
            "id": "MSP6qbzp1O8",
            "title": "\u807d\u8aaa\u770b\u5230\u9019\u500b\u665a\u971e\u7684\u4eba\uff0c\u90fd\u5728\u5e78\u798f\u5feb\u6a02\u7684\u8def\u4e0a\u4e86\ud83c\udf04\ud83d\udc95#\u773e\u91cf\u7d1acrowd #\u665a\u971e #\u60f3\u548c\u4f60\u770b\u4e94\u6708\u7684\u665a\u971e"
        },
        {
            "id": "SgSihipBsk4",
            "title": "\u51fa\u570b\u4e0d\u77e5\u9053\u8cb7\u4ec0\u9ebc\u4f34\u624b\u79ae\u9001\u4eba\uff1f\u8cb7\u9019\u500b\u6e96\u6c92\u932f\ud83e\udd2d#\u6cf0\u570b #\u66fc\u8c37 #\u6253\u5361\u666f\u9ede"
        },
        {
            "id": "v9SOCYfUvTc",
            "title": "\u4f60\u4e00\u5b9a\u6c92\u770b\u904e\uff01\u8fea\u58eb\u5c3c\u63a7\u5fc5\u8a2a\u666f\u9ede\uff01\u5f77\u5f7f\u8d70\u9032\u8fea\u58eb\u5c3c\u9b54\u6cd5\u4e16\u754c\ud83d\ude07"
        },
        {
            "id": "flYArxGXBYA",
            "title": "\u5973\u5b69\u5011\u90fd\u96e3\u4ee5\u63a5\u53d7\u7684\u9ede\uff01\uff1f\u5077\u7528\u5973\u53cb\u7684\u79c1\u5bc6\u7269\u54c1\u4e94\u5929 \u5979\u6703\u767c\u73fe\u55ce\uff1f\u3010\u773e\u91cf\u7d1aCROWD\u3011"
        },
        {
            "id": "Aoq019-9i3Q",
            "title": "\u904a\u6232 V.S \u5c0f\u5f37 \u5973\u53cb\u6703\u9078\u8ab0\uff1f\u4f60\u5011\u8a55\u8a55\u7406\uff01 @chianing_baby \u9069\u4e0d\u9069\u5408\u767c\u500bMVP\u7d66\u5979\ud83e\udd14#\u773e\u91cf\u7d1acrowd #\u50b3\u8aaa\u5c0d\u6c7a"
        },
        {
            "id": "G3Q-FNz5nAg",
            "title": "Tag\u534a\u591c\u627e\u4f60\u7d22\u547d\u7684\u9913\u6b7b\u9b3c\ud83d\udc80#\u773e\u91cf\u7d1acrowd #\u5916\u9001 #\u5bb6\u4eba\u5011\u8ab0\u61c2\u554a \u65e5"
        },
        {
            "id": "UeXrKUI0P6M",
            "title": "\u5feb\u53bb\u627e\u4f60\u7684\u53e6\u4e00\u534a\u8a66\u8a66\u4ed6\u7684\u53cd\u61c9\ud83e\udd23#\u773e\u91cf\u7d1acrowd #\u4e03\u5915 #\u60c5\u4eba\u7bc0 #\u9738\u9053\u7e3d\u88c1"
        },
        {
            "id": "Dx2I5LqXhMw",
            "title": "\u5973\u5b69\u8981\u7684\u5176\u5be6\u5f88\u7c21\u55ae\ud83d\udc97\ud83d\udc69\ud83c\udffb\u200d\u2764\ufe0f\u200d\ud83d\udc68\ud83c\udffb \u200b\u2060"
        },
        {
            "id": "5O5-9tlAHeA",
            "title": "ANDY:\u4f60\u5bb6\u5973\u53cb\u505a\u5922\u4e5f\u9019\u6a23\u55ce\uff1f\uff08\u6c42\u89e3\ud83e\udd14\uff09\u7d66\u5979@\u51fa\u4f86 #\u773e\u91cf\u7d1acrowd"
        },
        {
            "id": "9g1uphCu2gw",
            "title": "\u708e\u708e\u590f\u65e5\u9084\u5728\u60f3\u8981\u53bb\u54ea\u73a9\uff1f\u7da0\u5cf6\u6703\u662f\u500b\u597d\u7684\u9078\u64c7\u2600\ufe0f\u7b2c\u4e00\u6b21\u53bb\u5b8c\uff0c\u5c31\u60f3\u597d\u7b2c\u4e8c\u6b21\u4ec0\u9ebc\u6642\u5019\u53bb\u4e86\uff0c\u592a\u611b\u9019\u500b\u5730\u65b9\u4e86\ud83e\udd70#\u7da0\u5cf6 #\u81ea\u7531\u6f5b\u6c34 #\u65c5\u904a\u666f\u9ede"
        },
        {
            "id": "mw1qw5MBMmA",
            "title": "\u8ab0\u5bb6\u7684\u5973\u53cb\u4e0a\u8eca\u524d\u5f8c\u4e5f\u9577\u9019\u6a23\ud83d\ude02#\u773e\u91cf\u7d1acrowd #\u8dd1\u8eca #yt\u6709\u65b0\u7247\u53ef\u4ee5\u770b\u5466"
        },
        {
            "id": "sjL93UCeuNM",
            "title": "\u89f8\u78b0\u5973\u53cb\u5e95\u7dda\uff01\uff1f\u7a81\u7136\u8acb\u5c45\u5bb6\u6574\u7406\u5e2b\u628a\u5979\u7684\u7269\u54c1\u65b7\u6368\u96e2\uff01\u5979\u7684\u53cd\u61c9\u662f\uff1f\u3010\u773e\u91cf\u7d1aCROWD\u3011"
        },
        {
            "id": "5Ff7lHwMq10",
            "title": "\u5efa\u8b70\u60f3\u514d\u8cbb\u958b\u8dd1\u8eca\u7684\u4eba\ud83d\ude02#\u8dd1\u8eca @andy0623 @ning030999"
        },
        {
            "id": "A-vDKesRPM8",
            "title": "Hi Green Island\u2600\ufe0f#\u7da0\u5cf6 #\u65c5\u904a\u65e5\u8a18 #\u81ea\u7531\u6f5b\u6c34"
        },
        {
            "id": "T3uR3za5jL8",
            "title": "\u7537\u53cb\u7684\u751f\u65e5\u79ae\u7269\uff01\uff1f\u6211\u5011\u7d42\u65bc\u5713\u5922\u4e86\uff01"
        },
        {
            "id": "zY-S1utZZrs",
            "title": "\u9019\u624d\u662f\u7537\u4eba\u5728\u95dc\u4fc2\u4e4b\u4e2d\u8a72\u5c55\u73fe\u7684\u614b\u5ea6 \uff08\u8c6a\u6a6b\ud83d\ude24#\u773e\u91cf\u7d1acrowd #\u60c5\u4fb6\u5f1f\u4f4d"
        },
        {
            "id": "zwot0avioqY",
            "title": "\u9019\u662f\u6bcf\u5929\u6536\u79ae\u7269\u7684\u597d\u65b9\u6cd5\ud83e\udee8#\u773e\u91cf\u7d1acrowd #\ud83c\udf81"
        },
        {
            "id": "VkCyDNxUV_g",
            "title": "\u7d66\u4e00\u5e74\u672a\u958b\u8eca\u7684\u5973\u53cb\u8f09\u662f\u4ec0\u9ebc\u9ad4\u9a57\uff01\uff1f\u96e3\u9053\u662f\u9a5a\u96aa\u7684\u958b\u59cb\uff01\uff1f#101\u4ef6\u9858\u671b"
        },
        {
            "id": "Bpz0UszOn2M",
            "title": "\u9a19\u7537\u53cb\u53bb\u9999\u6e2f\u4e00\u661f\u98ef\u5e97\u5165\u4f4f\u2b50\u74b0\u5883\u60e1\u52a3\uff01\uff1f\u6cbb\u5b89\u582a\u6182\uff01\uff1f\u4ed6\u770b\u5230\u7684\u53cd\u61c9\u662f\u4ec0\u9ebc\uff1f(\u4e0b\u96c6)\u3010\u773e\u91cf\u7d1aCROWD\u3011"
        },
        {
            "id": "-i-dBEBjvj4",
            "title": "\u8a72\u4e0d\u6703\u4f60\u5011\u7684\u5973\u670b\u53cb\u624b\u90fd\u662f\u7a7a\u5427\uff1f\ud83e\udd2a#tag\u4f60\u7684\u540c\u985e\u5973\u53cb"
        },
        {
            "id": "9o_AHQiRZg8",
            "title": "\u9a19\u7537\u53cb\u51fa\u570b\uff01\u8b93\u7537\u53cb\u8ffd\u4e0a\u6211\u7684\u884c\u7a0b\uff01\u8eab\u4e0a\u50c5\u5269\u767e\u9214\u904e\u7a0b\u8d85\u574e\u5777...(\u4e0a\u96c6)\u3010\u773e\u91cf\u7d1aCROWD\u3011"
        },
        {
            "id": "VabuqIFqK9w",
            "title": "\u958b\u5fc3\u662f\u516c\u4e3b\ud83d\udc78\u4e0d\u958b\u5fc3\u662f\u843d\u96e3\u516c\u4e3b\ud83e\udd37\u200d\u2640\ufe0f\u6240\u4ee5\u4eca\u5929\u4f60\u662f\uff1f#\u773e\u91cf\u7d1acrowd #\u9999\u6e2f\u8fea\u58eb\u5c3c"
        },
        {
            "id": "Kq1-9jsz6FA",
            "title": "\u5973\u53cb\uff1a\u7a7f\u904e\u4e00\u6b21\u5c31\u4e0d\u662f\u65b0\u8863\u670d\u4e86\u5440\ud83e\udd79Girlfriend always complains about having no clothes to wear?#\u773e\u91cf\u7d1acrowd"
        },
        {
            "id": "2zPabKV7gLU",
            "title": "\u8ddfJisoo \u501f\u53e3\u7d05\u9001\u5973\u53cb\uff0c\u537b\u906d\u5979\u5acc\u2026#\u78b0\u62f3\u9a5a\u559c\u6311\u6230 #\u773e\u91cf\u7d1acrowd #520\u79ae\u7269"
        },
        {
            "id": "EcwZtYnwrzo",
            "title": "\u6211\u5011\u7684\u53cd\u5dee\u5927\u55ce\uff1fTag\u4f60\u5f88\u4e0d\u6703\u7a7f\u642d\u7684\u670b\u53cb\u5b78\u8d77\u4e43\ud83d\ude02 #\u773e\u91cf\u7d1acrowd"
        },
        {
            "id": "XS0xRWWZYNM",
            "title": "\u9694\u7a7a\u8abf\u60c5 \u5b78\u6703\u4e86\u55ce\uff1f #\u773e\u91cf\u7d1acrowd #\u60c5\u4fb6"
        },
        {
            "id": "8vu_xJoL5QI",
            "title": "\u9019\u9ebdCute\u7684\u821e\u8e48\uff0c\u4e00\u5b9a\u8981\u8ddf\u53ef\u611b\u7684\u4eba\u4e00\u8d77\u8df3\u5427\u6536\u85cf\u8d77\u4f86 \u5047\u65e5\u53bb\u627e\u670b\u53cb\u4e00\u8d77\u8df3\ud83d\ude1d#\u83ef\u5c71\u6587\u5275\u5712\u5340"
        },
        {
            "id": "Fepg_aeJcTw",
            "title": "\u9ad8\u751c\u7cfb\u64c1\u62b1 \u751c\u55ce\uff1f\ud83e\udec2\ud83d\udc95#\u773e\u91cf\u7d1acrowd #\u6e05\u6de8\u8fb2\u5834"
        },
        {
            "id": "gXEfkS29h3M",
            "title": "\u9019\u662f\u5fc3\u52d5\u7684\u611f\u89ba\u6c92\u932f\u5427\ud83d\udc93#\u773e\u91cf\u7d1acrowd"
        },
        {
            "id": "M_BQAtj7cws",
            "title": "\u5bb6\u5be730\u6b72\u751f\u65e5\u6d3e\u5c0d\uff01\u6c99\u7058\u3001\u9732\u5929\u96fb\u5f71\u3001\u767d\u99ac \u628a\u7ae5\u8a71\u5922\u5e7b\u5834\u666f\u642c\u4f86\u73fe\u5be6\uff01\u3010\u773e\u91cf\u7d1aCROWD\u3011"
        },
        {
            "id": "FG0olVkFFlY",
            "title": "\u624b\u4f5c\u60c5\u4eba\u7bc0\u9a5a\u559c\u79ae\u7269\ud83c\udf81\u63a5\u9023\u7684\u60e1\u6574\u5973\u53cb\u6012\u65a5\uff1a\u5c31\u662f\uff38\uff38\uff01\u3010\u773e\u91cf\u7d1aCROWD\u3011"
        },
        {
            "id": "roqGIkCiQRE",
            "title": "\u54ea\u500b\u6642\u671f\u7684\u6211\u5011 \u4f60\u6700\u559c\u6b61\ud83d\udc95\u60f3\u77e5\u9053\u6559\u5b78\u55ce\uff1f\u7559\u8a00\u8b93\u6211\u77e5\u9053\uff01\uff08\u8aaa\u4e0d\u5b9a\u7b49\u4e0b\u5c31\u51fa\u4e86\ud83d\ude19#dumbdumb #\u8b93\u7167\u7247\u52d5\u8d77\u4f86\ud83d\udc8f"
        },
        {
            "id": "FCHfQmekHDQ",
            "title": "\u6b77\u7d9350\u5929\u5973\u53cb\u9a5a\u559c\u73fe\u8eab\uff01\u773e\u4eba\u779e\u5929\u904e\u6d77\u5957\u8a71 \u7537\u53cb\u7adf\u8aaa\u51fa...\u3010\u773e\u91cf\u7d1aCROWD\u3011"
        },
        {
            "id": "U0dcKBFQsx4",
            "title": "\u770b\u4e86\u4e09\u904d\uff0c\u4f60\u767c\u73fe\u6211\u5011\u6709___\u81c9\uff08\u7559\u8a00\u586b\u7a7a\u263a\ufe0f\uff09#\u773e\u91cf\u7d1acrowd #\u60c5\u4fb6\u5408\u62cd"
        },
        {
            "id": "2Vsh18qdU9o",
            "title": "\u6211\u627e\u4e8660\u500b\u5916\u570b\u4eba\uff0c\u4ed6\u5011\u6709\u8a71\u8ddf\u5973\u53cb\u8aaa...\u3010\u773e\u91cf\u7d1aCROWD\u3011I send blessings from all over the world to my girlfriend."
        },
        {
            "id": "ciJCyxNkprc",
            "title": "\u6211\u5011\u6b63\u6b77\u7d9350\u5929\u7684\u5206\u96e2\u8207\u5b64\u7368\uff0c\u6211\u5011\u9001\u7d66\u5f7c\u6b64\u4e00\u500b\u79ae\u7269...\u3010\u773e\u91cf\u7d1aCROWD\u3011"
        },
        {
            "id": "5f7_KEj0dLo",
            "title": "\u958b\u7bb1\u5df4\u5398\u5cf6CP\u8d85\u9ad8\u842c\u5143\u9152\u5e97\uff01\u7121\u96b1\u79c1\u6236\u5916\u958b\u653e\u7a7a\u9593 \u5f9e\u5e8a\u55ae\u6efe\u5230\u6cf3\u6c60\u90fd\u6c92\u554f\u984c\ud83d\ude02\u3010\u773e\u91cf\u7d1aCROWD\u3011"
        },
        {
            "id": "rpmSlqTaojU",
            "title": "\u6574\u4eba\uff01\u7279\u88fd\u65e5\u672c1000\u500d\u7206\u8fa3\u9905\u4e7e \u53cb\u4eba\u5403\u7684\u53cd\u61c9\u662f\u4ec0\u9ebc\uff1f\u731b\u704c\u6c34\u90fd\u6c92\u7528\ud83d\ude02\u3010\u773e\u91cf\u7d1aCROWD\u3011@K.R.Bros0203  @Tgopdone"
        },
        {
            "id": "uHhvkYYjXZs",
            "title": "\u5cc7\u5398\u5cf6\u65c5\u884c\u88ab\u5c0e\u904a\u5e36\u53bb\u7279\u6b8a\u884c\u7a0b\uff0c\u504f\u50fb\u5371\u96aa\u7684\u6697\u9ed1\u5c0f\u5f91\u5167\u7adf\u85cf\u6709...\u3010\u773e\u91cf\u7d1aCROWD\u3011#\u8056\u8a95\u7bc0\u4ea4\u63db\u6a5f\u7968"
        },
        {
            "id": "jiii3adBlk0",
            "title": "\u9a5a\u559c\u737b\u5531\u5f8c\u7684PRANK!\u5973\u5609\u8cd3\u7537\u53cb\u5687\u5230\u8d77\u98db\ud83d\ude02\u6012\u558a\uff1a\u9084\u6709\u8ab0\u90fd\u7d66\u6211\u51fa\u4f86!\u3010\u773e\u91cf\u7d1aCROWD\u3011#\u958b\u7bb1\u6211\u7684\u8056\u8a95\u60c5\u4eba feat. @imlyla1112 @WACKYBOYS520"
        },
        {
            "id": "Vw4l7Ovp98U",
            "title": "\u65e5\u843d\u662f\u6bcf\u5929\u6700\u5fc3\u52d5\u7684\u6642\u523b\uff0c\u4f60\u8aaa\u662f\u5427\ud83d\udc93\ud83d\udccd\u9019\u88e1\u662f\u9ad8\u96c4\u6700\u5922\u5e7b\u7684\u300c\u68e7\u8cb3\u5eab\u65cb\u8f49\u6728\u99ac\u300d\u6253\u9020\u7d14\u767d\u65cb\u8f49\u6728\u99ac\uff0c\u6eff\u8db3\u6240\u6709\u4f60\u5c0d\u6d6a\u6f2b\u7684\u60f3\u50cf\ud83d\ude0d"
        },
        {
            "id": "bh06OpZe7e4",
            "title": "\u8056\u8a95\u4e0d\u51fa\u570b\u5c31\u80fd\u9ad4\u9a57\u7570\u570b\u611f\uff01\u539f\u4f86Outlet\u53ef\u4ee5\u9019\u9ebc\u597d\u73a9\uff1f\u5165\u4f4f\u9ad8\u7d1a\u842c\u5143\u9152\u5e97\u767c\u73fe\u5e8a\u4e0a\u7adf\u6709...\ud83d\udc8f\u3010\u773e\u91cf\u7d1aCROWD\u3011"
        },
        {
            "id": "bweL2VTMJZk",
            "title": "\u91cd\u8fd4\u4fe1\u7fa9\u5340\u8857\u982d\u9a5a\u559c\u737b\u5531\u60c5\u5883\uff0c\u9019\u4f4d\u5973\u5b69\u7684\u53cd\u61c9\u6703\u662f\u4ec0\u9ebc\uff1f\uff08\u4e0a\u96c6\uff09#\u958b\u7bb1\u6211\u7684\u8056\u8a95\u60c5\u4eba\u3010\u773e\u91cf\u7d1aCROWD\u3011 @andy0623 @ning030999 @imlyla1112 @WACKYBOYS520"
        },
        {
            "id": "H3oz8lWyIFo",
            "title": "\u8056\u8a95\u76f2\u731c\u6a5f\u7968\u6311\u6230\uff01\u5cc7\u91cc\u5cf6\u871c\u6708\u4e4b\u65c5 \u6211\u5011\u6253\u7b97\u9019\u6a23\u505a...\uff08\u4e0a\u96c6\uff09#\u8056\u8a95\u7bc0\u4ea4\u63db\u6a5f\u7968\u3010\u773e\u91cf\u7d1aCROWD\u3011Ft.\u5c55\u69ae\u5c55\u745e\u3001\u9b5a\u4e7e\u3001\u773e\u91cf\u7d1a\u3001\u5c0f\u5433\u3001\u5361\u7279 \u3001\u6ef4\u59b9\u3001\u53cd\u9aa8\u7537\u5b69\u3001\u57f9\u6839\u3001\u8594\u8594\u3001\u4e00\u96bb\u963f\u5713\u3001\u611b\u8389\u838e\u838e"
        },
        {
            "id": "3-h4WM-c-os",
            "title": "\u201c\u6211\u662f\u5982\u6b64\u76f8\u4fe1 \u5728\u80cc\u5f8c\u652f\u6490\u7684\u662f\u4f60\u201d\ud83d\udc8f#\u773e\u91cf\u7d1acrowd #\u5cc7\u91cc\u5cf6 #bali"
        },
        {
            "id": "w6z54ij9XyA",
            "title": "\u201c\u4f60\u96e3\u5f97\u4f86\u4eba\u9593\u4e00\u8d9f\uff0c\u5c31\u53bb\u770b\u770b\u592a\u967d\u5427\ud83e\uddd1\u200d\ud83e\udd1d\u200d\ud83e\uddd1\u201dStrive to manage the present until the future is clear.#\u773e\u91cf\u7d1acrowd #\u5cc7\u91cc\u5cf6"
        },
        {
            "id": "CSG7G2zSutI",
            "title": "\u5982\u679c\u4f60\u60f3\u8ddf\u670b\u53cb\u627e\u9ede\u6a02\u5b50 \u4f60\u53ef\u4ee5\u9019\u6a23\u505a\ud83d\ude0e#\u773e\u91cf\u7d1acrowd #\u8b1d\u8b1d\u5f71\u7247\u4e2d\u6240\u6709\u7684High\u5496"
        },
        {
            "id": "FDSq8Ar57AU",
            "title": "\u6211\u5728\u5f71\u7247\u4e2d\u770b\u5230\u4e86\u79d8\u5bc6\u7269\u4ef6\uff0c\u4f60\u731c\u662f\u4ec0\u9ebc\uff1f\ud83d\ude1cTag\u4f60\u670b\u53cb\u5230\u93e1\u5b50\u9762\u524d\u4e00\u8d77\u8df3\ud83d\udc83"
        },
        {
            "id": "30bAZHnBHd0",
            "title": "\u9047\u8d85\u55e8\u8a08\u7a0b\u8eca\u8001\u53f8\u6a5f\u6574\u8def\u7b11\u7206\ud83d\ude02\u8d85\u5e25\u591c\u5e97\u7537\u516c\u95dc\u8b93\u5973\u53cb\u5fcd\u4e0d\u4f4f...\uff5c2022\u6c96\u7e69EP.2  @K.R.Bros0203   @Tgopdone   \u3010\u773e\u91cf\u7d1aCROWD\uff5cVLOG\u751f\u6d3b\u7279\u8f2f\u3011"
        },
        {
            "id": "72AfbEfx8CA",
            "title": "\u5973\u53cb\u54ed\u7206\uff01\u6c96\u7e69\u65c5\u904a\u7b2c\u4e00\u5929\u842c\u5143\u7cbe\u54c1\u906d\u58d3\u58de\uff01\uff1f\u7db2\u53cb\u63a8\u7206\u7576\u5730\u725b\u6392\u9928\u8a55\u50f9\u7adf\u662f\uff1f\uff5c2022\u6c96\u7e69EP.1 @K.R.Bros0203   @Tgopdone \u3010\u773e\u91cf\u7d1aCROWD\uff5cVLOG\u751f\u6d3b\u7279\u8f2f\u3011"
        },
        {
            "id": "Zrel_GnZt1I",
            "title": "\u91cd\u8fd4\u5237\u6cb9\u6f06\u9ad4\u9a57\u201d\u7642\u7652\u7c89\u7d05\u623f\u201d\u518d\u73fe\uff01\uff1f\u9019\u500b\u9a5a\u559c\u8b93\u7537\u53cb\u8d85\u6696\u5fc3\u2764\ufe0f\uff5c\u53f0\u4e2d\u5e87\u8b77\u5de5\u5834\u4e00\u65e5\u9ad4\u9a57\u3010\u773e\u91cf\u7d1aCROWD\uff5cVLOG\u751f\u6d3b\u7279\u8f2f\u3011"
        },
        {
            "id": "zIhUn5mbILs",
            "title": "\u770b\u5b8c\u5f71\u7247\u5169\u6b21\u5f8c\u7684\u6211\uff0c\u767c\u73fe\u4e00\u500b\u5967\u5999\u7684\u5730\u65b9\ud83d\ude1c\u7559\u8a00\u5340\u544a\u8a34\u6211\u4f60\u7684\u767c\u73fe\uff01p.s\u56de\u653e\u756b\u9762\u6642\u6211\u771f\u7684\u7b11\u6b7b\ud83d\ude02Tag\u4f60\u7684\u65c5\u884c\u57fa\u53cb\u62cd\u8d77\u4e43\uff5e\uff5e\uff5e"
        },
        {
            "id": "ZvtPLl4wgWs",
            "title": "\u904e\u7a0b\u8dcc\u5012\u4e86\u6c92\u95dc\u4fc2\uff0c\u6211\u5011\u4e00\u8d77\u524d\u884c\u5c31\u597d\u4e86\ud83d\udc8f#\u773e\u91cf\u7d1acrowd #\u60c5\u4fb6"
        },
        {
            "id": "u6AhcgVmuQs",
            "title": "\u6211\u5011\u53ef\u611b\u6210\u9019\u6a23\uff0c\u505a\u4f60\u7684\u8056\u8a95\u79ae\u7269\u597d\u55ce\uff1f\ud83d\ude07#\u773e\u91cf\u7d1acrowd #\u6c96\u7e69 #\u7f8e\u570b\u6751 #\u821e\u8e48"
        },
        {
            "id": "CagdHuN2KU8",
            "title": "\u5e6b\u6211\u770b\u770b \u8ab0\u7684\u81c9\u6700\u9ad8\u6f6e\ud83d\ude02#\u7028\u9577\u5cf6 #\u6c96\u7e69 #\u6210\u4eba\u89ba\u9192\u4e4b\u65c5 #\u821e\u8e48"
        },
        {
            "id": "iv9VF50D4LM",
            "title": "\u90a3\u5929...\u6211\u5728\u54c0\u568e\u4e2d\u5ea6\u904e\ud83d\ude2e\u200d\ud83d\udca8 #\u773e\u91cf\u7d1acrowd #\u75d8\u75d8\u5371\u6a5f"
        },
        {
            "id": "YO5tz9Ga5zQ",
            "title": "\u7b11\u721b\uff01\u5973\u53cb\u9996\u6b21\u6311\u6230\u6cf0\u570b\u70b8\u87f2\u5927\u9910 \u76f4\u547c\u300c\u5feb\u6b7b\u6389\u4e86\ud83d\ude02\u300d\u3010\u773e\u91cf\u7d1aCROWD\uff5cVLOG\u751f\u6d3b\u7279\u8f2f\u3011"
        },
        {
            "id": "I55Ea9dvERQ",
            "title": "\u5047\u88dd\u8b93\u7537\u53cb\u5e6b\u6211\u9304\u8df3\u821e\u5f71\u7247 \u4ed6\u7684\u53cd\u61c9\u662f\uff1f#\u773e\u91cf\u7d1acrowd #\u60c5\u4fb6"
        },
        {
            "id": "clVQa_484Nc",
            "title": "\u7537\u5973\u8a8d\u77e5\u5dee\u7570\ud83d\ude02#\u773e\u91cf\u7d1acrowd"
        },
        {
            "id": "HacI_URj84w",
            "title": "\u7576\u4f60\u89ba\u5f97\u5973\u53cb\u9700\u8981\u8a87\u734e\u6642\uff0c\u4f60\u53ef\u4ee5\u9019\u6a23\u505a...#\u773e\u91cf\u7d1acrowd @andy0623 @ning030999"
        },
        {
            "id": "QyUa6Yr7QWI",
            "title": "PRANK!\u9023\u7e8c\u4e94\u5929\u6545\u610f\u5f04\u4e82\u5bb6\u4e2d \u7537\u53cb\u6703\u4e3b\u52d5\u53bb\u6536\u62fe\u55ce\uff1fft. ECOVACS T10\u3010\u773e\u91cf\u7d1aCROWD\uff5cPRANK\u4e92\u6574\u60c5\u4fb6\u7279\u8f2f\u3011"
        },
        {
            "id": "L4pWrR4VBN0",
            "title": "\u70ba\u4e86\u85af\u689d\u8c41\u51fa\u53bb\u7684\u5973\u4eba\ud83d\ude02 #ikea"
        },
        {
            "id": "O0Zmej6491A",
            "title": "Playing the quiet place game\uff5c\u5b89\u975c\u904a\u6232\u6311\u6230\u3010\u773e\u91cf\u7d1aCROWD\u3011"
        },
        {
            "id": "dGS052C2iKQ",
            "title": "\u70ba\u4e86\u9001\u7537\u53cb\u9019\u4efd\u79ae\u7269 \u6211\u8dd1\u5230\u4e86\u5df4\u9ece...\u3010\u773e\u91cf\u7d1aCROWD\u3011"
        },
        {
            "id": "DP1XdATQEdE",
            "title": "\u300c\u5b89\u975c\u6311\u6230\u4e4b\u8d85\u9060\u8ddd\u96e2\u8eb2\u8c93\u8c93\uff01\u300d\u6703\u767c\u73fe\u5f7c\u6b64\u5728\u54ea\u55ce\uff1f#\u6cf0\u570b\u7bc7\u3010\u773e\u91cf\u7d1aCROWD\u3011"
        },
        {
            "id": "w9r2sQv-faI",
            "title": "\u300c\u81e8\u6642\u6c7a\u5b9a\u51fa\u570b\u627e\u5973\u53cb\uff01\u300d\u534a\u8def\u906d\u7aca\uff01\uff1f\u5973\u53cb\u7684\u53cd\u61c9\u662f\uff1f\u3010\u773e\u91cf\u7d1aCROWD\u3011"
        },
        {
            "id": "e-aDyb9npbA",
            "title": "\u5973\u53cb\u53c8\u51fa\u570b\u4e86\uff01\uff1f\u76f4\u63a5\u53bb\u6cf0\u570b\u591c\u5e97 \u5c3a\u5ea6\u8d85\u5927\u76f4\u63a5X\u4e0a\u53bb\uff01\uff1f\u3010\u773e\u91cf\u7d1aCROWD\u3011"
        },
        {
            "id": "uO1JBRsaguM",
            "title": "\u9023\u7e8c\u4e94\u5929\u8b93\u5973\u53cb\u760b\u72c2\u5c16\u53eb\u7684\u795e\u5668\uff1f\u7537\u53cb\u865b\u812b\u72c2\u6c42\u6551\uff01\uff1f\u96fb\u52d5\u751f\u6d3bV.S\u624b\u52d5\u751f\u6d3b \u3010\u773e\u91cf\u7d1aCROWD\uff5c\u9ec3\u91d1\u4e94\u671f\u9650 \u3011"
        },
        {
            "id": "8i9T-bF1SGo",
            "title": "\u5973\u53cb\u6709\u9019\u500b\u884c\u70ba\uff0c\u6211\u8a72\u6ce8\u610f\u4ec0\u9ebc\uff1f\ud83d\ude05#\u773e\u91cf\u7d1acrowd"
        },
        {
            "id": "6fgt-UheCD0",
            "title": "\u60c5\u4fb6\u5feb\u554f\u5feb\u6253\uff01\u5169\u4eba\u611f\u60c5\u5982\u4f55\uff1f\u6709\u7559\u524d\u4efb\u7167\u7247\uff1f\uff08\u7b2c\u4e94\u96c6\uff09\u3010\u773e\u91cf\u7d1aCROWD\u3011"
        },
        {
            "id": "SVAMaYRdTlY",
            "title": "\u7576\u5973\u53cb\u5077\u5077\u8df3\u821e \u88ab\u767c\u73fe\u6642...#\u773e\u91cf\u7d1acrowd #pinkvenomchallenge #blackpink"
        },
        {
            "id": "oYk3sW5Whxc",
            "title": "BLACKPINK-Pink Venom Dance #pinkvenomchallenge"
        },
        {
            "id": "-VMluYk2jsY",
            "title": "Tag\u4f60\u7684\u670b\u53cb \u4e00\u8d77\u4f86\u63a5\u529b\u5504\uff5e\ud83d\ude19 #\u78b0\u676f\u63a5\u529b\u6311\u6230"
        },
        {
            "id": "I7dw6fAbtFE",
            "title": "\u6211\u5011\u6c7a\u5b9a\u53bb\u6236\u653f\u4e8b\u52d9\u6240\u2026\u3010\u773e\u91cf\u7d1aCROWD\u3011"
        },
        {
            "id": "2LZ7xbBf4vw",
            "title": "Eric\u5468\u8208\u54f2-\u60f3\u77e5\u9053\u4f60\u5728\u60f3\u4ec0\u9ebc\uff08Cover by Andy\u8001\u5e2b\uff09"
        },
        {
            "id": "CbX5bq6FS0Y",
            "title": "\u5bb6\u5be7\u56de\u570b\u5f8c \u6211\u9001\u7d66\u5979\u7684\u4e03\u5915\u60c5\u4eba\u7bc0\u79ae\u7269\u3002\u3010\u773e\u91cf\u7d1aCROWD\u3011"
        },
        {
            "id": "8HbhMx7a2U0",
            "title": "\u9a19\u5973\u53cb\u8aaa \u6211\u5831\u540d\u5076\u50cf\u7df4\u7fd2\u751f\u5373\u5c07\u55ae\u98db \u5979\u7684\u53cd\u61c9\u662f\u4ec0\u9ebc\uff01\uff1f\u3010\u773e\u91cf\u7d1aCROWD\u3011"
        },
        {
            "id": "_-vDI_FnPe8",
            "title": "\u4e00\u6574\u5929\u51b7\u71b1\u98df\u7269\u6311\u6230\uff01\u5403\u51b0\u5dee\u9ede\u62c9\u809a\u5b50\uff01\uff1f\u5bb6\u5be7\u51fa\u904a\u76f4\u63a5\u88ab\u7260\u786c\u4e0a\uff01\uff1f\u3010\u773e\u91cf\u7d1aCROWD\u3011"
        }
    ]
}