{
    "channel": {
        "title": "\u8521\u963f\u560eLife",
        "id": "UCtcaZ5FUqaNXGX6xhpiGPQA",
        "customUrl": "@tsaiagalife",
        "uploads": "UUtcaZ5FUqaNXGX6xhpiGPQA"
    },
    "videos": [
        {
            "id": "1ym3eV0Dm9Q",
            "title": "\u26a0\ufe0f\u53ea\u8981150\u842c\u5143\u7684\u6843\u5712\u900f\u5929\u8c6a\u5b85\uff01\u597d\u4fbf\u5b9c\u554a\uff01#\u7a00\u5947\u767e\u5c4b\u9451\u8cde\u5718 #\u8521\u963f\u560e #shorts"
        },
        {
            "id": "W8YesZU3oW0",
            "title": "\u3010\u7a00\u5947\u767e\u5c4b\u9451\u8cde\u5718#8\u3011\u5ee2\u589f\u900f\u5929\u53ea\u8981150\u842c\uff01\u865f\u7a31\u6843\u5712\u7684\u963f\u5bcc\u6c57\u6230\u58d5\uff1f"
        },
        {
            "id": "nK22eFyNvOg",
            "title": "\u3010\u6c92\u6709\u8521\u963f\u560e\u7684Vlog\u3011\u6d2a+0\u5b97\u7ff0\u5bb6\u65cf\u65c5\u904a\uff1a\u518d\u95d6\u97d3\u570b\u6fdf\u5dde\u5cf6\uff01\u6c92\u560e\u54e5\u6703\u6709\u9ede\u95b1\u55ce\uff1f"
        },
        {
            "id": "NXaC2lHzHVc",
            "title": "\u3010\u5916\u9001\u5230\u5357\u6295\u504f\u9109\u3011\u8521\u963f\u560e\u5713\u5922\u4f01\u5283\uff1a\u5e6b\u5b69\u5b50\u5011\u5be6\u73fe\u9858\u671b\uff01"
        },
        {
            "id": "KI17E5Pbi1M",
            "title": "\u3010\u8521\u963f\u560e\u65b0\u624b\u7238\u5abd\u65e5\u8a18#75\u3011\u82b1\u84eeVlog\uff01\u8521\u6843\u8cb4\u3001\u8521\u6ce2\u80fd\u7b2c\u4e00\u6b21\u8e0f\u4e0a\u82b1\u84ee\u5c31\u611b\u4e0a\uff01"
        },
        {
            "id": "qhJFKlNLZuc",
            "title": "\u5e36\u5916\u570b\u4eba\u7b2c\u4e00\u6b21\u5403\u53f0\u7063\u98df\u7269\uff0c\u8b1d\u8b1d\u4f60\u5011\u559c\u6b61\u53f0\u7063\uff01\ud83d\ude18 #shorts #Taiwan #\u8521\u963f\u560e"
        },
        {
            "id": "fcEbYVpt39o",
            "title": "\u662f\u771f\u7684\uff01\u4e00\u862d\u62c9\u9eb5\u5c0f\u670b\u53cb\u53ef\u4ee5\u514d\u8cbb\u5403\u4e00\u7897\uff01 #\u64bf\u4fbf\u5b9c\u5927\u5e2b #\u8521\u963f\u560e #shorts"
        },
        {
            "id": "4AemtPbAYbQ",
            "title": "\u661f\u5df4\u514b\u5167\u7528\u7e8c\u676f7\u6298\u3001\u6f22\u5821\u738b\u5496\u5561\u7e8c\u676f\u4e0d\u7528\u9322\uff01\u8d85\u7701\u512a\u60e0\u5feb\u7b46\u8a18\u8d77\u4f86\u4f60\u5404\u4f4d\u554a\uff01#shorts #\u64bf\u4fbf\u5b9c\u5927\u5e2b #\u8521\u963f\u560e"
        },
        {
            "id": "Cke7zNp9eE8",
            "title": "\u3010\u64bf\u4fbf\u5b9c\u5927\u5e2b#13\u301180\uff05\u7684\u4eba\u90fd\u4e0d\u77e5\u9053\u7684\u9023\u9396\u5e97\u8d85\u96b1\u85cf\u512a\u60e0\uff1a\u661f\u5df4\u514b\u3001\u6f22\u5821\u738b\u3001COCO\u300150\u5d50\u3001\u4e00\u862d\u62c9\u9eb5\u3001Uniqlo"
        },
        {
            "id": "M06lVtvMdCQ",
            "title": "\u3010\u4e00\u500b\u6708\u79df\u91d150\u842c\u3011400\u576a\u7684hahababy\u65b0\u5009\u5eab\u66dd\u5149\uff01\u3010\u8521\u963f\u560eLife\u3011"
        },
        {
            "id": "KqyZ2IuJTjU",
            "title": "\u8d85\u795e\uff01\u8df3\u8eca\u7a97\u7d55\u6280\uff01\ud83d\ude0e #shorts #trick #\u8521\u963f\u560e"
        },
        {
            "id": "VVjsupZGLAs",
            "title": "\u97d3\u570b\u963f\u73e0\u5b24\u7684\u5012\u5564\u9152\u7d55\u6280\uff01\u597d\u7c21\u55ae\ud83d\ude0e #shorts #korea #\uc544\uc90c\ub9c8 #koreanfood #\u8521\u963f\u560e"
        },
        {
            "id": "Ybc6xpRRPlQ",
            "title": "Joe\u662f\u8981\u560e\u4f60\u5c0d\u6c7a\uff1a\u560e\u54e5VS\u65b0\u526a\u63a5\u5e2b\u9edb\u897f\u8001\u5e2b\uff0c\u8ab0\u63a8\u85a6\u7684\u300c\u6771\u4eac\u65b0\u7f8e\u98df\u300d\u6bd4\u8f03\u597d\u5403\uff1f"
        },
        {
            "id": "m461X_g0PIo",
            "title": "\u540c\u5b78\uff01\u560e\u54e5\u6559\u4f60\u8df3\u73fe\u5728\u5fc5\u5b78\u7684\uff1a\u61f8\u6d6e\u6ed1\u6b65\uff01#slipback #shorts #\uc2ac\ub9ad\ubc31"
        },
        {
            "id": "18O3E9kXcNY",
            "title": "\u5e36\u8ca8\u76f4\u64ad\u5230\u4e00\u534a\uff0c\u50b5\u4e3b\u885d\u9032\u4f86\u7206\u6253\uff01#shorts #\u912d\u9999\u9999 #\u8521\u963f\u560e"
        },
        {
            "id": "2QtJFPmEjYI",
            "title": "\u26a0\ufe0f\u5168\u53f0\u6700\u4fbf\u5b9c\u9eb5\u5305\u5e97\uff1a\u901a\u901a10\u5143\u8cb710\u518d\u90011\uff01#shorts #\u64bf\u4fbf\u5b9c\u5927\u5e2b"
        },
        {
            "id": "0-9EHrzLDmY",
            "title": "\u53ea\u898110\u5143\u7684\u9b6f\u8089\u98ef\uff0c\u5168\u53f0\u7063\u9019\u4e09\u5bb6\u5fc5\u9808\u5403\u8d77\u4f86\uff01#shorts #\u64bf\u4fbf\u5b9c\u5927\u5e2b"
        },
        {
            "id": "zAgKJlVjW28",
            "title": "\u3010\u64bf\u4fbf\u5b9c\u5927\u5e2b#12\u3011\u5168\u53f0\u7063\u82b110\u5143\u5c31\u80fd\u5403\u98fd\u5927\u641c\u67e5\uff01\u9b6f\u8089\u98ef.\u9eb5\u5305.\u9e79\u7ca5.\u9ed1\u8f2a\u901a\u901a10\u5143\uff01"
        },
        {
            "id": "Bf2W6Vf6Dus",
            "title": "\u4fdd\u8b49\u99ac\u4e0a\u5f97\u7f6a\u8001\u5a46\u7684\u65c5\u904a\u77ed\u5f71\u97f3\uff01\ud83d\ude18 #shorts #JAPAN #OSAKA"
        },
        {
            "id": "PlrHuyfBs8I",
            "title": "\u3010\u958b\u7bb1\u3011\u6d2a+0\u8cb7\u7279\u65af\u62c9ModelY\u5566\uff01\u7b2c\u4e00\u6b21\u4e0a\u8def\u6e2c\u8a66\u65b0\u8eca\u8010\u4e0d\u8010\u649e\uff1f"
        },
        {
            "id": "cdWx1yqpSOc",
            "title": "\u4e09\u4ee3\u540c\u5802\u73a9\u6771\u4eac\u4e03\u5929\uff0c\u5728\u96f2\u9704\u98db\u8eca\u4e0a\u770b\u5bcc\u58eb\u5c71\uff01\u3010\u8521\u963f\u560eLife\u3011"
        },
        {
            "id": "it1GAsGm1H0",
            "title": "\u3010\u8521\u6843\u8cb4\u6210\u9577\u65e5\u8a18# 112\u3011\u7c73\u5bf6\u5f8c\u5bae\u50b3\uff1a\u6ce2\u80fdvs\u6843\u8cb4\uff0c\u4e00\u8d77\u9577\u5927\u7684\u9752\u6885\u7af9\u99ac\uff01"
        },
        {
            "id": "_QsY4I3Ms4w",
            "title": "\u3010\u54c8\u4f5b\u5de5\u4f5c\u5ba4\u5531\u6b4c\u6709\u5920\u760b\u3011\u5de5\u4f5c\u58d3\u529b\u8d85\u5927\uff1f\u62ff\u5230\u9ea5\u514b\u98a8\u5c31\u8b8a\u4e00\u500b\u4eba\uff01"
        },
        {
            "id": "BYMnd-fyv7Y",
            "title": "\u6211\u4ee5\u70ba\u7684\u704c\u7c43\u2026\u600e\u9ebc\u90fd\u4e0d\u4e00\u6a23\uff01\ud83d\ude31 #memes #slamdunk #shorts #\u8521\u6843\u8cb4 #\u8521\u6ce2\u80fd #\u8521\u963f\u560e"
        },
        {
            "id": "5_k7uk8SxXo",
            "title": "\u560e\u54e5\u4e8c\u4f2f\u5e36\u8def\u8cb7#3\uff1a\u65e5\u672c10\u5927\u5fc5\u8cb7\u65e5\u7528\u54c1\uff01\u8a18\u5f97\u63a1\u8cfc\u56e4\u8ca8\u56e4\u8d77\u4f86\uff01\u3010\u8521\u963f\u560eLife\u3011"
        }
    ]
}