{
    "channel": {
        "title": "Rosalina's Kitchen \u863f\u6f54\u5854\u7684\u5eda\u623f",
        "id": "UCcb9uxCoIgw7RQjQnlgd0Xw",
        "customUrl": "@rosalinakitchen",
        "uploads": "UUcb9uxCoIgw7RQjQnlgd0Xw"
    },
    "videos": [
        {
            "id": "04GWY5whX9c",
            "title": "\u8d85\u7d1a\u4e0b\u98ef\u83dc\u300e\u7167\u71d2\u5730\u74dc\u96de\u300f\u9bae\u5ae9\u591a\u6c41\u7684\u96de\u8089\u52a0\u4e0a\u6817\u5b50\u5730\u74dc\uff0c\u9e79\u4e2d\u5e36\u751c\u7684\u6ecb\u5473\uff0c\u597d\u5403\u5230\u98ef\u934b\u90fd\u898b\u5e95\u4e86\uff01"
        },
        {
            "id": "D8Z33pAFSS4",
            "title": "\u9444\u9435\u934b\u714e\u86cb\u4e0d\u6cbe\u7684\u65b9\u6cd5\u3002\u990a\u934b\u8a73\u7d30\u6587\u5b57\u8aaa\u660e\uff0c\u8acb\u770b\u5854\u5854\u5beb\u7684\u9019\u7bc7\u6587\u7ae0\uff1ahttps://rosalinakitchen.com/fried-egg/"
        },
        {
            "id": "GDkhaWqaHZE",
            "title": "\u559c\u6b61\u559d\u82e6\u74dc\u6392\u9aa8\u6e6f\u7684\u670b\u53cb\uff0c\u9019\u500b\u505a\u6cd5\u4e00\u5b9a\u8981\u8a66\u8a66\uff01\u9bae\u7684\u4e0d\u5f97\u4e86\uff0c\u8d85\u597d\u559d\uff01"
        },
        {
            "id": "8Clqk5oilsA",
            "title": "\u5929\u554a\uff5e\u6211\u597d\u559c\u6b61\u9019\u300e\u57f9\u6839\u86cb\u9ec3\u91ac\u7fa9\u5927\u5229\u9eb5\u300f\u6fc3\u90c1\u7684\u91ac\u6c41\u8ddf\u98a8\u5473\uff0c\u5b69\u5b50\u6bcf\u6b21\u90fd\u5403\u5230\u76e4\u5e95\u671d\u5929\uff01"
        },
        {
            "id": "62pJSI-rehA",
            "title": "\u6e1b\u91cd\u5fc5\u5b78\u7684\u5730\u4e2d\u6d77\u6599\u7406\uff1a15\u5206\u9418\u5b8c\u6210\u300e\u6d77\u9bae\u70e4\u9bad\u9b5a\uff0b\u9999\u6599\u70e4\u6adb\u74dc\u300f\u8c50\u5bcc\u7684 Omega-3\uff0c\u5065\u5eb7\u53c8\u7f8e\u5473\uff01"
        },
        {
            "id": "vNK4wNsXPh4",
            "title": "\u714e\u7684\u9999\u9999\u7684\u9bad\u9b5a\u8ddf\u86cb\u6df7\u62cc\u5728\u98ef\u88e1\u300e\u9bad\u9b5a\u852c\u83dc\u62cc\u98ef\u300f\u53e3\u5473\u5c64\u6b21\u8c50\u5bcc\uff0c\u64c4\u7372\u5927\u4eba\u8ddf\u5b69\u5b50\u7684\u80c3\u3002\u7cd9\u7c73\u7248\uff0c\u66f4\u5065\u5eb7\u5594\uff01"
        },
        {
            "id": "rDime9dZzgc",
            "title": "\u7c21\u55ae\u7684\u7121\u6c34\u99ac\u9234\u85af\u71c9\u8089\uff01\u7121\u6cb9\u7159\u597d\u8f15\u9b06\uff01"
        },
        {
            "id": "ClVpvAh9Y7M",
            "title": "\u6e1b\u91cd\u5fc5\u5b78\uff01\u6bcf\u5929\u90fd\u60f3\u4f86\u4e00\u7897 \u8d85\u597d\u559d\u7684\u300e\u9ad8\u7e96\u7248\u9178\u8fa3\u6e6f\u300f\u6d88\u5c0f\u8179\uff01\u4e00\u9031\u559d\u4e09\u6b21\u90fd\u4e0d\u6703\u81a9\uff01"
        },
        {
            "id": "U2EE5wMJPvs",
            "title": "\u5169\u7a2e\u70e4\u5730\u74dc\u65b9\u6cd5\uff01\u5065\u5eb7\u6e1b\u91cd\u3002\u6309\u7167\u9019\u6a23\u5403\uff0c\u8001\u516c\u7626\u4e86\u4e94\u516c\u65a4\uff01"
        },
        {
            "id": "Whgpq0bSZWc",
            "title": "\u60f3\u4e0d\u5230\u5403\u4ec0\u9ebc\uff1f\u5c31\u4f86\u7c21\u55ae\u505a\u9019\u9053\u300e\u8766\u4ec1\u8c46\u8150\u7fb9\u71f4\u98ef\u300f\uff0c\u4fdd\u8b49\u5403\u5230\u76e4\u5b50\u898b\u5e95\uff01"
        },
        {
            "id": "12YYYXKzQZ0",
            "title": "\u6015\u5927\u5bb6\u89ba\u5f97\u9ebb\u7169\uff0c\u4eca\u5929\u5148\u5206\u4eab\u70e4\u5730\u74dc\u7c21\u55ae\u65b9\u6cd5\u4e00\uff0c\u4e0b\u6b21\u518d\u62cd\u5f71\u7247\u5206\u4eab\u53e6\u4e00\u7a2e\u3002\u84b8\u8ddf\u70e4\u3002"
        },
        {
            "id": "giPW2hLywPY",
            "title": "\u79cb\u5929\u6700\u9069\u5408\u4f86\u716e\u9019\u500b\u51b0\u7cd6\u96ea\u68a8\u71c9\u9280\u8033\u3002\u7528\u65b0\u9bae\u7684\u767d\u6728\u8033\u716e\uff0c\u4e0d\u50c5\u7bc0\u7701\u6642\u9593\uff0c\u9084\u7279\u5225\u597d\u5403\u3002\u8a66\u8a66\u770b\u3002"
        },
        {
            "id": "fU7bsNgXjgg",
            "title": "\u525d\u67ff\u5b50\u7684\u5c0f\u6280\u5de7\uff01\u8d95\u5feb\u5b78\u8d77\u4f86\uff01\u2764\ufe0f\u3002\u8edf\u67ff\u5b50\u9023\u76ae\u5403 \u53e3\u611f\u6703\u6f80\u6f80\u7684\uff0c\u50cf\u9019\u6a23\u525d\u76ae\u4e00\u4e0b\u6703\u66f4\u597d\u5403\uff01"
        },
        {
            "id": "U8EJZGk7ihY",
            "title": "\u6211\u5e73\u65e5\u6700\u611b\u5403\u7684\u6dbc\u62cc\u8c46\u4e7e\u5c0f\u83dc\uff01\u4f4e\u8102\u3001\u9ad8\u7e96\u53c8\u6709\u98fd\u8db3\u611f\uff01\u7dad\u6301\u9ad4\u91cd\u5c31\u9760\u5b83\u4e86\uff01"
        },
        {
            "id": "thZj-zVa3Y4",
            "title": "\u6628\u5929\u56de\u5a18\u5bb6\uff0c\u5abd\u5abd\u8aaa\u770b\u4e86\u6211\u7684\u5f71\u7247\u505a\u4e86\u5f88\u6210\u529f\u7684\u9ed1\u849c\uff01 \u9084\u6709\u4e00\u5927\u888b\u53ef\u4ee5\u8b93\u6211\u5e36\u56de\u5bb6\ud83d\ude06"
        },
        {
            "id": "-M4X7HnMyH8",
            "title": "\u6e05\u723d\u53c8\u958b\u80c3\u7684\u6cf0\u5f0f\u6dbc\u62cc\u6d77\u9bae\u51ac\u7c89\uff01\u5065\u5eb7\u53c8\u4f4e\u8102\uff0c\u6d77\u9bae\u8ddf\u6ed1\u6e9c\u7684\u51ac\u7c89\uff0c\u53e3\u5473\u5c64\u6b21\u5206\u660e\uff0c\u8b93\u4eba\u56de\u5473\u7121\u7aae\uff5e"
        },
        {
            "id": "KNy3JEmJj_8",
            "title": "\u5b63\u7bc0\u4ea4\u66ff\uff0c\u6c23\u5019\u591a\u8b8a\uff0c\u63d0\u5347\u514d\u75ab\u529b\uff0c\u4e00\u5b9a\u8981\u8a66\u8a66\u300e\u82b1\u65d7\u8518\u990a\u751f\u9999\u83c7\u96de\u6e6f\u300f\u3002\u6211\u7684\u4fdd\u990a\u5c0f\u5fc3\u6a5f\uff01\u559d\u5b8c\u7cbe\u795e\u767e\u500d\uff5e"
        },
        {
            "id": "wiTV9AR4hG8",
            "title": "\u6dbc\u62cc\u51ac\u7c89\u5c0f\u83dc\u2764\ufe0f\u8d85\u7d1a\u597d\u5403\uff0c\u8d95\u5feb\u6536\u85cf\u8d77\u4f86\uff01"
        },
        {
            "id": "rsi8l9pCJF8",
            "title": "\u714e\u7684\u9999\u9999\u7684\u4e5d\u5c64\u5854\u86cb\uff0c\u642d\u914d\u591a\u6c41\u7684\u96de\u8089\u8ddf\u7368\u7279\u7684\u91ac\u6c41\uff0c\u5403\u4e0a\u4e00\u53e3\u5c31\u7121\u6cd5\u81ea\u62d4\uff01"
        },
        {
            "id": "VLHP4XQBxWU",
            "title": "\u7701\u9322\u5927\u4f5c\u6230\uff01\u5169\u6a23\u98df\u6750\uff0c\u7c21\u55ae\u6613\u505a\uff0c\u7f8e\u5473\u7121\u9650\uff01\u8f15\u9b06\u5b8c\u6210\u7389\u7c73\u91ce\u83c7\u708a\u98ef\uff5e"
        },
        {
            "id": "T9Ji7OlikfA",
            "title": "2023\u5e748\u670831\u65e5"
        },
        {
            "id": "4Kjq-wRXhEI",
            "title": "\u6975\u5ea6\u9bae\u7f8e\u7684\u82e6\u74dc\u6392\u9aa8\u6e6f\uff0c\u5e7e\u500b\u5c0f\u6280\u5de7\uff0c\u8b93\u4f60\u5f9e\u6b64\u611b\u4e0a\u82e6\u74dc\uff01"
        },
        {
            "id": "XA7z-U2H1qw",
            "title": "\u4e5d\u6708\u521d\u5dee\u4e0d\u591a\u5c31\u662f\u590f\u5929\u7684\u5c3e\u8072\u4e86\uff0c\u8fce\u63a5\u79cb\u5929\u7684\u5230\u4f86\uff0c\u5728\u9019\u500b\u5b63\u7bc0\u4ea4\u66ff\u6700\u5bb9\u6613\u611f\u5192\u4e86\uff01\u525b\u958b\u5b78\u7684\u6642\u5019\u4e5f\u662f\u5b69\u5b50\u6700\u5bb9\u6613\u751f\u75c5\u7684\u6642\u5019\uff0c\u8d95\u5feb\u66ff\u81ea\u5df1\u8ddf\u5b69\u5b50\u5011\u716e\u4e00\u58fa\u8336\uff0c\u63d0\u5347\u514d\u75ab\u529b\uff01\u4e0a\u5b78\u7684\u6642\u4faf\u4e5f\u6703\u6bd4\u8f03\u6709\u7cbe\u795e\u5594\uff01"
        },
        {
            "id": "jDI-plluONQ",
            "title": "\u84b2\u74dc\u539f\u4f86\u53ef\u4ee5\u9019\u6a23\u5403\uff01\u8d85\u7d1a\u958b\u80c3\u7684\u6dbc\u62cc\u84b2\u74dc\u7d72\uff5e\u5e73\u6613\u8fd1\u4eba\u7684\u98df\u6750\uff01\u597d\u5403\u7684\u7a0b\u5ea6\uff0c\u8d85\u8d8a\u4f60\u7684\u60f3\u50cf"
        },
        {
            "id": "r9fZkae4rKc",
            "title": "\u852c\u83dc\u52a0\uff0b\u8c6c\u8089\u662f\u590f\u5b63\u88e1\u6700\u68d2\u7684\u5496\u54e9\u852c\u83dc\u7092\u9eb5\u3002\u9999\u6c23\u5341\u8db3\u7684\u5496\u54e9\u8b93\u852c\u83dc\u66f4\u52a0\u7f8e\u5473\u4e86\uff01"
        },
        {
            "id": "n8ggqoLSDPI",
            "title": "\u5065\u5eb7\u53c8\u7626\u8eab\u7684\u7da0\u62ff\u9435\u53c8\u4f86\u56c9\uff01\u5f88\u597d\u559d\u7684\u6bd4\u4f8b\uff0c\u8d95\u5feb\u6536\u85cf\u8d77\u4f86\uff01"
        },
        {
            "id": "qLqlKN-CyR8",
            "title": "2023\u5e748\u67088\u65e5"
        },
        {
            "id": "pml--W23I_o",
            "title": "\u6bd4\u9910\u5ef3\u9084\u8981\u597d\u559d\u7684\u300e\u7da0\u8c46\u6e6f\u300f\uff0c\u8272\u6fa4\u9bae\u7da0\uff0c\u4e0d\u6c27\u5316\u4e0d\u767c\u9ed1\uff0c\u7da0\u8c46\u9846\u9846\u7206\u82b1\u3002\u696d\u754c\u4e0d\u516c\u958b\u7684\u79d8\u5bc6\uff01"
        },
        {
            "id": "qiGx2rYFFdA",
            "title": "\u5f88\u591a\u4eba\u90fd\u8ddf\u8457\u505a\u4e86\u9019\u9053\u7c21\u55ae\u7684 \u756a\u8304\u96de\u8089\u4e3c\u98ef\u2764\ufe0f\u8a55\u50f9\u4e94\u661f\u7d1a\uff01\u8d85\u7d1a\u597d\u5403"
        },
        {
            "id": "M4Hovxs_RY8",
            "title": "\u5b8c\u7f8e\u756a\u8304\u53bb\u76ae\u6280\u5de7\u2764\ufe0f"
        },
        {
            "id": "0Ig6Nt4XmVk",
            "title": "\u7c21\u55ae\u6e96\u5099\u4e09\u6a23\u6750\u6599\uff0c\u5c31\u53ef\u4ee5\u505a\u51fa\u8d85\u7d1a\u958b\u80c3\u4e0b\u98ef\u7684 \u756a\u8304\u96de\u8089\u4e3c\u98ef\uff5e\u6ed1\u5ae9\u7684\u96de\u8089\uff0c\u8b93\u4eba\u56de\u5473\u7121\u7aae\uff01"
        },
        {
            "id": "fRQ4O_oIhxQ",
            "title": "\u590f\u5929\u4e00\u5b9a\u8981\u8a66\u8a66\u9019\u500b\u5e72\u8c9d\u756a\u8304\u6c99\u62c9\u7fa9\u5927\u5229\u9eb5 \uff01\u6dbc\u6dbc\u7684\u51b7\u9eb5\uff0c\u6e05\u723d\u9178\u751c\u7684\u91ac\u6c41\uff01\u4e00\u5403\u5c31\u4e0a\u766e\uff5e"
        },
        {
            "id": "sOZwfjOSUnE",
            "title": "\u590f\u5929\u723d\u53e3\u83dc\uff01\u6dbc\u62cc\u8c46\u4e7e\u7d72\u51ac\u7c89\u96dc\u83dc\u3002\u7d72\u7d72\u5206\u660e\u7684\u51ac\u7c89\uff0c\u4eca\u5929\u5403\u904e\u660e\u5929\u9084\u60f3\u518d\u5403\uff01\u51b0\u51b0\u6dbc\u6dbc\u8d85\u6d88\u6691\uff01"
        },
        {
            "id": "ZqopAN3nLVc",
            "title": "\u7c21\u55ae\u4e09\u6a23\u6750\u6599\u5c31\u53ef\u4ee5\u5feb\u901f\u5b8c\u6210\u9019\u9053\u8525\u8591\u7206\u96de\u817f\uff01\uff01\u7121\u6575\u4e0b\u98ef\uff01\u5403\u904e\u9084\u6703\u60f3\u518d\u5403\uff01"
        },
        {
            "id": "6aRxf_sEQDU",
            "title": "\u9019\u5e7e\u5929\u5728\u4eac\u90fd\u65c5\u904a\uff0c\u9084\u662f\u559c\u6b61\u7c21\u55ae\u66ff\u81ea\u5df1\u6e96\u5099\u6c99\u62c9\u3002\u6c99\u62c9\u6e96\u5099\u5f88\u65b9\u4fbf\u53c8\u5feb\u901f\uff0c\u975e\u5e38\u9069\u5408\u590f\u5929\u5594\ud83d\udc95"
        },
        {
            "id": "EpIMmm0ozAM",
            "title": "\u91ce\u708a\u76f4\u706b\u716e\u98ef\u4e0d\u71d2\u7126\u79d8\u8a23\uff01\u638c\u63e1\u5e7e\u500b\u91cd\u9ede\uff01\u9444\u9435\u934b\u653b\u7565\u5fc5\u5b78\uff01\u5f9e\u6b64\u716e\u98ef\u3001\u71c9\u8089\u4e0d\u7cca\u5e95"
        },
        {
            "id": "JqiYejtO6Ls",
            "title": "\u6559\u4f60\u4e00\u62db\u5982\u4f55\u7092\u9752\u83dc\uff0c\u7c21\u55ae\u5230\u7206\uff01\uff01\u597d\u5403\u6e05\u8106\u53c8\u4e0d\u767c\u9ed1\uff01\u9084\u6e1b\u5c11\u4e00\u534a\u6cb9\u7159\uff01\u8b93\u4f60\u6bcf\u5929\u90fd\u611b\u5403\u9752\u83dc\uff01"
        },
        {
            "id": "NGiF2XPm9dA",
            "title": "\u590f\u5929\u5fc5\u5b78\u7684\u5c0f\u83dc\uff01\u65e5\u5f0f\u9183\u5ae9\u8591\uff01\u65e5\u672c\u6599\u7406\u4ead\u7b49\u7d1a\uff0c\u5403\u4e0a\u4e00\u53e3\uff0c\u6eff\u5634\u7684\u9ad8\u7d1a\u611f\uff5e"
        },
        {
            "id": "hgvjFkhtrm4",
            "title": "\u5929\u6c23\u71b1\u5149\u5403\u767d\u98ef\u4e0d\u5920\u5473\uff0c\u4f86\u505a\u9019\u9053\u8d85\u7d1a\u597d\u5403\u7684\u96de\u8089\u4e94\u76ee\u708a\u98ef\uff01"
        },
        {
            "id": "z2tcKKbtWEk",
            "title": "\u5929\u6c23\u8d85\u71b1\uff01\u8d95\u5feb\u4f86\u5403\u7da0\u8c46\u725b\u5976\u51b0\u6c99\uff0c\u9000\u706b\u53c8\u6d88\u6691\uff01\u716e\u51fa\u7dbf\u5bc6\u597d\u5403\u7da0\u8c46\u79d8\u8a23\uff01\u8d95\u5feb\u5b78\u8d77\u4f86\uff01"
        },
        {
            "id": "40EdiCG4pDg",
            "title": "\u590f\u5929\u5fc5\u5403\u7684\u84b2\u74dc\u6599\u7406\uff01\u6d88\u6c34\u816b\u3001\u7626\u8eab\u5229\u5668\uff01\u66f4\u591a\u7f8e\u5473\u6599\u7406\u8acb\u9ede\u95b1\u6211\u7684\u983b\u9053"
        },
        {
            "id": "2wALV17ye_g",
            "title": "\u53ea\u8981\u5169\u9846\u84b2\u74dc\u5c31\u80fd\u71ac\u51fa\u7f8e\u5473\u6e6f\u982d\uff01\u8d85\u7d1a\u597d\u5403\u7684\u84b2\u74dc\u7c73\u7dda\u6e6f\u9eb5\uff0c\u4e00\u9031\u5403\u4e09\u6b21\u90fd\u4e0d\u5920\uff01\u7626\u8eab\u53c8\u53ef\u6d88\u6c34\u816b\uff01"
        },
        {
            "id": "Hy9ZFFEFOjg",
            "title": "\u590f\u65e5\u6d88\u6c34\u816b\u7da0\u62ff\u9435\u2764\ufe0f\u2764\ufe0f"
        },
        {
            "id": "ZjhGvlTNMSE",
            "title": "\u590f\u5929\u6700\u611b\u5403\u7684\u5c0f\u83dc\uff01\u6dbc\u62cc\u4e7e\u7d72"
        },
        {
            "id": "rafCTp6fpHI",
            "title": "\u7c21\u55ae\u4e0d\u9ebb\u7169\u7684\u708a\u98ef\uff01\u9999\u83c7\u7b4d\u9999\u708a\u98ef\uff0c\u4e00\u934b\u641e\u5b9a\uff01\u597d\u5403\u5230\u98ef\u934b\u898b\u5e95\uff01"
        },
        {
            "id": "5HhuPZUFPYA",
            "title": "\u590f\u5929\u5c31\u611b\u5403\u7b4d\uff01\u5bb6\u5e38\u83dc \u6842\u7af9\u7b4d\u7092\u8c6c\u4e94\u82b1\uff08\u7af9\u7b4d\u7092\u8089\u7d72\uff09\u8d85\u7d1a\u958b\u80c3\u53c8\u4e0b\u98ef\uff01\u4fdd\u8b49\u98ef\u934b\u898b\u5e95\uff5e"
        },
        {
            "id": "96qz7CQpn7U",
            "title": "\u5403\u904e\u5c31\u56de\u4e0d\u53bb\u666e\u901a\u7684\u9183\u863f\u8514\u4e86\uff01\uff01\u65e5\u5f0f\u7cd6\u918b\u9183\u863f\u8514\uff0c\u8d85\u958b\u80c3\uff01\u4e5f\u9069\u5408\u642d\u914d\u70b8\u8c6c\u6392\u3001\u70b8\u96de\u89e3\u81a9\uff01"
        },
        {
            "id": "28TkN9r0H_E",
            "title": "\u7c21\u55ae\u597d\u559d\u7684\u8c6c\u8089\u5473\u564c\u6e6f\uff08\u8c5a\u6c41\uff09\uff0c\u7f8e\u5473\u79d8\u8a23\uff01\uff01\u5b78\u6703\u4e4b\u5f8c\uff0c\u5f9e\u6b64\u8d70\u8def\u6709\u98a8\uff01"
        },
        {
            "id": "8T4UBTmbmFU",
            "title": "\u7c21\u55ae\u5bb6\u5e38\u7684\u9ad8\u9e97\u83dc\u7092\u96de\u8089\uff0c\u5982\u4f55\u7092\u51fa\u852c\u83dc\u7684\u9999\u5473\u8ddf\u5c64\u6b21\u611f\uff0c\u4e00\u5b9a\u8981\u5b78\u8d77\u4f86\uff01"
        },
        {
            "id": "atDaxQ20oo4",
            "title": "\u590f\u5929\u6dbc\u62cc\u83dc\uff01\u6e1b\u91cd\u7684\u670b\u53cb\u5fc5\u5b78\uff5e\uff01\u597d\u5403\u3001\u4f5c\u6cd5\u7c21\u55ae\uff01\u4e0d\u50c5\u4f4e\u71b1\u91cf\u3001\u9084\u5bcc\u542b\u81b3\u98df\u7e96\u7dad\uff0c\u6d88\u5c0f\u8179\u7684\u6551\u661f\uff01"
        },
        {
            "id": "KCxYe4fNbmA",
            "title": "\u8edf\u547c\u547c\u7684\u6cb9\u8c46\u8150\u52a0\u4e0a\u958b\u80c3\u7684\u918b\u71d2\u91ac\u6c41\uff0c\u6cb9\u8c46\u8150\u918b\u8c5a\u71d2\uff0c\u4e00\u5b78\u5c31\u6703\uff01\u5403\u904e\u5c31\u611b\u4e0a\u4e86\uff01"
        },
        {
            "id": "9BAja7jF43o",
            "title": "\u300e\u9ad8\u9e97\u83dc\u6599\u7406\u300f\u6b64\u751f\u5fc5\u5b78\uff1a\u65e5\u5f0f\u95dc\u6771\u716e\u9ad8\u9e97\u83dc\u6372\uff01\u5167\u9921\u6ed1\u5ae9\u591a\u6c41\uff0c\u5b69\u5b50\u5011\u9a5a\u547c\u9023\u9023\uff01\u592a\u597d\u5403\u4e86\uff01\uff08\u5169\u6b3e\u914d\u65b9\u7121\u79c1\u5206\u4eab)"
        },
        {
            "id": "wiPMQe-jfrs",
            "title": "\u300e\u7c21\u55ae\u9ad8\u9e97\u83dc\u6599\u7406\u300f\u61f6\u4eba\u7684\u6700\u611b\uff5e\u8f15\u9b06\u7121\u6cb9\u7159\u3001\u4e00\u934b\u5230\u5e95 \u9ad8\u9e97\u83dc\u8c6c\u8089\u51ac\u7c89\u7172\uff01\u4e00\u5165\u53e3\u5c31\u505c\u4e0d\u4e0b\u4f86\u7684\u7f8e\u5473\uff01"
        },
        {
            "id": "d-z1sF3jNSs",
            "title": "\u7d05\u71d2\u8c6c\u8089\u7092\u6642\u852c\u3002\u7d05\u71d2\u8c6c\u4e94\u82b1\u642d\u914d\u6e05\u723d\u7684\u852c\u83dc\uff0c\u53e3\u611f\u6e05\u8106\u723d\u53e3\uff0c\u975e\u5e38\u958b\u80c3\u5594\uff5e"
        },
        {
            "id": "LiInvEFMA60",
            "title": "\u9019\u9053\u7c21\u55ae\u7684\u5bb6\u5e38\u5c0f\u83dc\u4e00\u5b9a\u8981\u5b78\u8d77\u4f86\uff01\uff01\u918b\u6e9c\u99ac\u9234\u85af\u7092\u8089\u7d72 | \u918b\u6e9c\u571f\u8c46\u7d72\uff0c\u5403\u8d77\u4f86\u723d\u8106\u53ef\u53e3\uff01\u6709\u8fa3\u6709\u9178\uff0c\u5fae\u751c\u7684\u53e3\u611f\uff0c\u975e\u5e38\u6709\u5c64\u6b21\u611f"
        },
        {
            "id": "e69RkJL_4dw",
            "title": "\u9019\u9053\u7c21\u55ae\u7684\u6c99\u8336\u725b\u8089\u7092\u9eb5\uff0c\u6c99\u8336\u9999\u6c23\u64b2\u9f3b\uff0c\u725b\u8089\u67d4\u8edf\u591a\u6c41\uff0c\u5165\u53e3\u5f8c\u8b93\u4eba\u56de\u5473\u7121\u7aae\uff0c\u4e00\u53e3\u63a5\u4e00\u53e3\uff5e\uff01"
        },
        {
            "id": "oOwPpmif_58",
            "title": "\u9ad8\u9e97\u83dc\u8c6c\u8089\u6372\uff5e\u67d4\u5ae9\u591a\u6c41\u7684\u8c6c\u4e94\u82b1\u914d\u4e0a\u6ab8\u6aac\u7684\u6e05\u723d\u53e3\u611f\uff0c\u5403\u4e0a\u4e00\u53e3\u8b93\u4f60\u6b32\u7f77\u4e0d\u80fd\uff01"
        },
        {
            "id": "DK-L4f7OBNg",
            "title": "\u592a\u597d\u5403\u4e86\uff01\u4e00\u908a\u5403\u4e00\u908a\u6389\u773c\u6dda\u7684 \u65e5\u5f0f\u62ff\u5761\u91cc\u7fa9\u5927\u5229\u9eb5\uff0c\u539f\u4f86\u9019\u5c31\u662f\u521d\u6200\u7684\u6ecb\u5473\uff01"
        },
        {
            "id": "qCiSnPM-6lQ",
            "title": "\u7c21\u55ae\u7684\u758a\u716e\u6599\u7406\uff01\u65e5\u672c\u4ed9\u53f0\u7684\u828b\u982d\u8c5a\u6c41\u5473\u564c\u6e6f\uff0c\u6e6f\u9bae\u5473\u7f8e\uff01\u4f86\u5403\u934b\u7269\u6696\u6696\u8eab\u662f\u6700\u9ad8\u7d1a\u7684\u4eab\u53d7\u4e86"
        },
        {
            "id": "qlO-o9mD1-c",
            "title": "\u5982\u4f55\u84b8\u51fa\u7d30\u7dfb\u7121\u6bdb\u5b54\u7684\u86cb\uff0c\u7c21\u55ae\u5230\u4f60\u6bcf\u5929\u90fd\u6703\u505a\u4f86\u5403\uff01"
        },
        {
            "id": "sIbuWJyDyXQ",
            "title": "\u5bb6\u5e38\u756a\u8304\u7092\u86cb\uff5e\u5abd\u5abd\u7684\u5473\u9053\u91cd\u73fe\uff01\uff0b\u852c\u83dc\u9bae\u9b5a\u6e6f\uff0c\u5e74\u5f8c\u7626\u8eab\u5fc5\u5b78\uff01"
        },
        {
            "id": "23FGzfht_Aw",
            "title": "\u5e74\u5f8c\u6e05\u8178\u80c3\u3001\u7626\u8eab\uff0c\u6e05\u723d\u53c8\u5065\u5eb7\uff01\u8d85\u7d1a\u597d\u5403\u7684\u6dbc\u62cc\u5927\u767d\u83dc\uff0c\u4e00\u5f35\u5634\uff0c\u7b77\u5b50\u505c\u4e0d\u4e0b\u4f86\uff5e\u7247\u5c3e\u5206\u4eab\u5176\u4ed6\u5403\u6cd5\uff01"
        },
        {
            "id": "_nfd_BS8B0E",
            "title": "\u5c0f\u6642\u5019\u8a18\u61b6\u4e2d\u7684\u5473\u9053\uff5e\u5e74\u5f8c\u6e05\u51b0\u7bb1\u7f8e\u5473\u7684\u6599\u7406\uff01\u5be7\u6ce2\u5e74\u7cd5\u6e6f\uff01\uff08\u8ddf\u5730\u540d\u7121\u95dc\uff09"
        },
        {
            "id": "Tj7tRwLziU0",
            "title": "\u7c21\u55ae\u597d\u5403\u7684\u9ed1\u7cd6\u6842\u5713\u9945\u982d\uff0c\u6eff\u6eff\u7684\u9921\u6599\u8207\u9ed1\u7cd6\u7684\u9999\u5473\uff0c\u8d8a\u56bc\u8d8a\u9999\uff01"
        },
        {
            "id": "6OdWBIsUA1g",
            "title": "\u6e05\u723d\u597d\u5403\u7684\u9ad8\u9e97\u83dc\u8766\u4ec1\u6c34\u9903\uff0c\u5f9e\u624b\u687f\u6c34\u9903\u76ae\u5230\u9921\u6599\uff0c\u4e94\u7a2e\u6c34\u9903\u5305\u6cd5\uff01\u4e00\u6b21\u6559\u7d66\u4f60\uff01"
        },
        {
            "id": "NA0-1JpIIgU",
            "title": "\u6700\u611b\u5403\u708a\u98ef\u4e86\uff5e\uff5e\u9019\u9053\u7c21\u55ae\u7684\u767e\u83c7\u708a\u98ef\u642d\u914d\u725b\u6392\u7c21\u76f4\u662f\u7d55\u914d\uff01\u9444\u9435\u934b\u714e\u725b\u6392\u6280\u5de7\u5206\u4eab\uff01"
        },
        {
            "id": "qExc1rALneE",
            "title": "\u51ac\u4ee4\u9032\u88dc\u5fc5\u5403 \u8591\u6bcd\u9d28\uff01\u8591\u6bcd\u9d28\u9019\u6a23\u716e\uff0c\u8d85\u597d\u5403\uff01\u985b\u8986\u6211\u5c0d\u8591\u6bcd\u9d28\u7684\u58de\u5370\u8c61\uff01"
        },
        {
            "id": "qBdtOsgQEjA",
            "title": "\u7c21\u55ae\u53c8\u5bb6\u5e38\u7684\u96de\u8089\u767d\u83dc\u51ac\u7c89\u7172\uff0c\u4e00\u934b\u5230\u5e95\u9bae\u751c\u7f8e\u5473\uff01\u5e74\u524d\u3001\u5e74\u5f8c\u7626\u8eab\u5fc5\u770b\uff01"
        },
        {
            "id": "fjAHwRA5bCo",
            "title": "\u5929\u51b7\u5c31\u61c9\u8a72\u5403\u7117\u70e4\uff0c\u9019\u9053\u7642\u7652\u4eba\u5fc3\u7684 \u5976\u91ac\u8611\u83c7\u9bad\u9b5a\u7117\u70e4\u98ef\uff0c\u6700\u9069\u5408\u8036\u8a95\u7bc0\u8ddf\u5bb6\u4eba\u3001\u670b\u53cb\u4e00\u8d77\u5206\u4eab\uff01"
        },
        {
            "id": "MhUj0Jh2m0Q",
            "title": "\u8d85\u7c21\u55ae\u7684\u97d3\u5f0f\u725b\u8089\u8c46\u8150\u934b\uff0c\u5403\u904e\u9084\u6703\u60f3\u518d\u5403\uff01\u51b7\u51b7\u7684\u591c\u88e1\u4f86\u4e0a\u4e00\u934b\uff0c\u8d85\u904e\u766e\uff01"
        },
        {
            "id": "UohVPp-oBl0",
            "title": "\u7c21\u55ae\u7684\u7d05\u71d2\u863f\u8514\u725b\u8089\u6e6f\uff0c\u863f\u8514\u5438\u6536\u4e86\u725b\u8089\u7684\u9999\u5473\uff0c\u597d\u5403\u6975\u4e86\uff01"
        },
        {
            "id": "6zMjBjugWSk",
            "title": "\u597d\u5403\u7684\u96de\u8089\u5de7\u9054\u6fc3\u6e6f\uff0c\u9019\u6a23\u7684\u505a\u6cd5\u8d85\u7d1a\u597d\u5403\uff01\u5bb4\u5ba2\u4e0d\u5931\u79ae\uff01\u5e7e\u6a23\u852c\u83dc\u5c31\u80fd\u6210\u5c31\u4e00\u934b\u597d\u6599\u7406\uff01"
        },
        {
            "id": "RjPA3Jpn5As",
            "title": "\u7c21\u55ae\u7684\u7121\u6c34\u756a\u8304\u6d77\u9bae\u934b\uff0c\u5c31\u7b97\u642d\u914d\u725b\u8089\u4e5f\u8d85\u7d1a\u597d\u5403\uff01\u756a\u8304\u6e6f\u7576\u706b\u934b\u6e6f\u5e95\u4e5f\u8d85\u68d2"
        },
        {
            "id": "kQfHOpgAu9k",
            "title": "\u597d\u611b\u5403\u9019\u6a23\u7684\u708a\u98ef\uff0c\u7c21\u55ae\u65b9\u4fbf\uff01\u518d\u6dfb\u4e00\u9053\u7f8e\u5473\u7684 \u5496\u54e9\u98a8\u5473\u84ee\u85d5\u96de\u708a\u98ef\uff5e\u5bb6\u7684\u5473\u9053\u5c31\u662f\u7f8e\u5473\uff01"
        },
        {
            "id": "RBTVX9ZIQfs",
            "title": "\u9019\u9053\u7d93\u5178\u7684\u863f\u8514\u7389\u7c73\u6392\u9aa8\u6e6f\uff0c\u9023\u5916\u570b\u4eba\u90fd\u60f3\u5b78\uff01\u539f\u4f86\u9019\u6a23\u716e\u8d85\u597d\u559d\uff01\u81ea\u7136\u9bae\u751c\u597d\u6ecb\u5473\uff01"
        },
        {
            "id": "_cpPdPG29X4",
            "title": "\u7c21\u55ae\u3001\u7d93\u5178\u756a\u8304\u8089\u91ac\u7fa9\u5927\u5229\u9eb5\uff01\u597d\u5403\u5230\u8b93\u4eba\u56de\u5473\u7121\u7aae\uff01\u4e0d\u77e5\u4e0d\u89ba\u76e4\u5e95\u671d\u5929"
        },
        {
            "id": "bTXRaz3Uyjg",
            "title": "\u716e\u51fa\u597d\u5403\u7684\u7d72\u74dc\u86e4\u8823\u9eb5\u7dda\u539f\u4f86\u662f\u6709\u6280\u5de7\u7684\uff01\u6e6f\u982d\u6709\u6df1\u5ea6\uff0c\u9eb5\u7dda\u4e0d\u9ecf\u7259\uff01"
        },
        {
            "id": "0ZveXB97pmU",
            "title": "\u84ee\u85d5\u7684\u5b54\u6d1e\u88f9\u8457\u8089\u9921\uff0c\u770b\u8d77\u4f86\u8d85\u7642\u7652\uff01\u52a0\u4e0a\u7167\u71d2\u91ac\u6c41\u7684\u5e6b\u5fd9\uff0c\u7c21\u76f4\u5c31\u6210\u4e86\u4e00\u9053\u8d85\u4e0b\u98ef\u7684\u4e0b\u98ef\u83dc\uff01"
        },
        {
            "id": "2mpczTLKbrk",
            "title": "\u9999\u751c\u7684\u7389\u7c73\u708a\u98ef\u518d\u5347\u7d1a\uff01\u4f86\u8a66\u8a66\u9019\u500b\u7248\u672c\uff01\u597d\u5403\u5230\u4e00\u53e3\u63a5\u4e00\u53e3\uff5e"
        },
        {
            "id": "sCwepvEIWe8",
            "title": "\u65b0\u7248\u6dbc\u62cc\u9ed1\u6728\u8033\uff0c\u4f5c\u6cd5\u8d85\u7d1a\u7c21\u55ae\uff01\u597d\u5403\u5230\u6bcf\u5929\u90fd\u60f3\u5403\u9ed1\u6728\u8033\uff01"
        },
        {
            "id": "vtcaiCQs7OE",
            "title": "\u8d85\u559c\u6b61\u5403\u9019\u9053\u83dc\uff0c\u725b\u84a1\u8106\u8106\u7684\uff0c\u96de\u8089\u6ed1\u5ae9\u591a\u6c41\uff0c\u8d85\u7d1a\u4e0b\u98ef\uff01\u79cb\u5929\u7684\u7f8e\u5473\uff1a\u725b\u84a1\u7d72\u7092\u96de\u8089\uff0b\u5730\u74dc\u98ef\u716e\u6cd5\uff5e"
        },
        {
            "id": "VhYGALiU6U0",
            "title": "\u9019\u9053\u4e0b\u98ef\u83dc\u8d85\u958b\u80c3\uff01\u5403\u4e86\u4e00\u53e3\u63a5\u4e00\u53e3"
        },
        {
            "id": "95uQIK7zt4g",
            "title": "\u628a\u82e6\u74dc\u8b8a\u597d\u5403\u7684\u4e0b\u98ef\u83dc\uff01\u7d55\u4f73\u7684\u7d44\u5408\uff0c\u4e0d\u4f46\u4e0d\u82e6\u9084\u975e\u5e38\u7684\u597d\u5403\uff01\u4e0d\u611b\u5403\u82e6\u74dc\u7684\u4eba\u90fd\u6703\u559c\u6b61\uff01"
        },
        {
            "id": "9i7ObgORrXo",
            "title": "\u5496\u5561\u8077\u4eba\u6559\u7684\u624b\u6c96\u5496\u5561\u6280\u5de7\uff01\u9084\u4e0d\u6703\u624b\u6c96\u5496\u5561\u7684\u4eba\uff0c\u7c21\u55ae\u5c0f\u6280\u5de7\u4fdd\u8b49\u5b78\u6703\u5594\uff01"
        },
        {
            "id": "TgTA4_z4Mzw",
            "title": "\u6e05\u723d\u7684\u5947\u7570\u679c\u6d77\u9bae\u6c99\u62c9\uff0c\u7d55\u5999\u7684\u7d44\u5408\uff0c\u6e05\u723d\u53c8\u958b\u80c3\uff01"
        },
        {
            "id": "aEnPcmMVEOM",
            "title": "\u590f\u65e5\u5fc5\u5403\u7684 \u8591\u7d72\u708a\u98ef\uff01\u610f\u5916\u7684\u597d\u5403\uff01\u80a5\u5ae9\u7684\u7261\u8823\uff0c\u6e05\u6d17\u6709\u6280\u5de7\uff0c\u6d17\u904e\u5f8c\u8ddf\u73cd\u73e0\u4e00\u6a23\u4eae\u6676\u6676\uff01"
        },
        {
            "id": "hECm61SRbR8",
            "title": "\u590f\u65e5\u8d85\u7d1a\u7c21\u55ae\u5feb\u901f\u7684\u9ed1\u918b\u71d2\u8c5a\u98ef\uff0c\u4e0d\u50c5\u597d\u5403\uff0c\u9084\u5f88\u958b\u80c3\uff01\u4e0d\u77e5\u4e0d\u89ba\uff0c\u5c31\u60f3\u518d\u4f86\u4e00\u7897\uff01\u53e6\u6709\u7d2b\u7c73\u98ef\u7684\u716e\u6cd5\u5206\u4eab\uff01"
        },
        {
            "id": "BtLVTbMnLvo",
            "title": "\u4e00\u934b\u5230\u5e95\uff1a\u6adb\u74dc\u86e4\u8823\u7092\u9eb5\uff0c\u852c\u83dc\u5438\u6536\u4e86\u5927\u6d77\u7684\u7cbe\u83ef\uff0c\u597d\u5403\u5230\u7206\uff01"
        },
        {
            "id": "cevK8yl46DY",
            "title": "\u86cb\u6599\u7406:\uff01\u4e09\u5206\u9418\u5feb\u624b\u7c21\u55ae\u83dc\uff1a\u6ce1\u83dc\u7092\u96de\u86cb\uff5e\u5ae9\u5ae9\u84ec\u9b06\u7684\u86cb\uff0c\u5403\u5728\u5634\u88e1\u5e78\u798f\u5728\u5fc3\u88e1\uff01"
        },
        {
            "id": "sNtYotvTDRw",
            "title": "\u590f\u5929\u6709\u4e86\u9019\u7f50\u842c\u7528\u829d\u9ebb\u5473\u564c\u91ac\uff0c\u4e0d\u7ba1\u662f\u6dbc\u62cc\u3001\u71b1\u7092\u3001\u9084\u662f\u62cc\u9eb5\uff0c\u751a\u81f3\u4e2d\u79cb\u70e4\u8089\u90fd\u53ef\u4ee5\u7528\u5594\uff01\uff01"
        },
        {
            "id": "d8VZb1evkwo",
            "title": "\u628a\u96de\u817f\u84b8\u4e00\u84b8\uff0c\u62cc\u4e0a\u7279\u8abf\u91ac\u6c41\uff0c\u5c31\u662f\u7c21\u55ae\u53c8\u597d\u5403\u7684\u4e2d\u83ef\u98a8\u6dbc\u62cc\u96de\u817f\uff01\uff01\u7f8e\u5473\u7121\u6cd5\u64cb\uff5e"
        },
        {
            "id": "zza-HKWuexA",
            "title": "\u7121\u6575\u4e0b\u98ef\u83dc\u53c8\u4f86\u4e86\uff01\u9752\u6912\u8c6c\u8089\u6372\u642d\u914d\u5b8c\u7f8e\u91ac\u6c41\uff0c\u4e0d\u4e0b\u98ef\u90fd\u5f88\u96e3\uff5e"
        },
        {
            "id": "7dLXpNgTxg0",
            "title": "\u4e94\u661f\u7d1a\u7684\u7da0\u8c46\u871c\u858f\u4ec1\u6e6f\uff0c\u9019\u6a23\u505a\uff01\u4e73\u767d\u8272\u7684\u6e6f\u982d\u8d85\u597d\u559d\uff0c\u8d85\u7642\u7652\uff01"
        },
        {
            "id": "RIqVO3YlNtc",
            "title": "\u590f\u5929\u5c31\u662f\u8981\u6dbc\u62cc\u83dc\uff01\u8d85\u597d\u5403\u8d85\u7c21\u55ae\u7684\u6dbc\u62cc\u7d20\u96de\u5c0f\u9ec3\u74dc\uff0c\u6dbc\u62cc\u8c46\u4e7e\uff01"
        },
        {
            "id": "5yUuZU4r6oM",
            "title": "\u590f\u65e5\u7c21\u55ae\u4e0b\u98ef\u83dc\uff01\u4e09\u6a23\u6750\u6599\u5c31\u80fd\u505a\u51fa\u6bd4\u9910\u5ef3\u9084\u8981\u597d\u5403\u7684\u7d72\u74dc\u71f4\u8766\u4ec1\u3002\u9bae\u7f8e\u7684\u6e6f\u6c41\uff0c\u4e00\u4e0d\u5c0f\u5fc3\u98ef\u5c31\u898b\u5e95\u4e86\uff01"
        },
        {
            "id": "AqxoySZ1J3o",
            "title": "\u590f\u5929\u4e00\u5b9a\u8981\u5403\u7684\u751c\u9ede\uff01\uff01\u8d85\u5b8c\u7f8e\u6bd4\u4f8b\u7684\u8292\u679c\u5976\u916a\uff0c\u8d85\u7d1a\u6ed1\u5ae9\uff0c\u5165\u53e3\u5373\u5316\uff01\u4e00\u5f35\u5634\u5c31\u5403\u500b\u4e0d\u505c\uff01"
        },
        {
            "id": "cSARBtX4K_c",
            "title": "\u4e0d\u7ba1\u662f\u70b8\u96de\u9084\u662f\u70e4\u96de\uff0c\u751a\u81f3\u662f\u852c\u83dc\uff0c\u6dcb\u4e0a\u9019\u500b\u91ac\u6c41\u4e4b\u5f8c\uff0c\u9178\u9178\u751c\u751c\uff0c\u8d85\u958b\u80c3\uff01"
        },
        {
            "id": "CJ62NEpWCXY",
            "title": "\u597d\u5403\u7684\u9bae\u5976\u9945\u982d\uff0c\u7c21\u55ae\u7528\u96fb\u934b\u5c31\u53ef\u4ee5\u84b8\u51fa\u767d\u767d\u80d6\u80d6\u7684\u9945\u982d\u5594\uff01\u8d85\u6709\u6210\u5c31\u611f\uff01"
        },
        {
            "id": "kxRXp4cyzSE",
            "title": "\u6eff\u6eff\u7684\u91ce\u83dc\uff0c\u642d\u914d\u5473\u564c\u6e6f\u5e95\uff0c\u91ce\u83dc\u5473\u564c\u62c9\u9eb5\uff0c\u7c21\u55ae\u6a38\u5be6\uff0c\u7e3d\u662f\u80fd\u64ab\u6170\u4eba\u5fc3\uff01"
        },
        {
            "id": "8wYUv7LcdW0",
            "title": "\u9019\u500b\u91ac\u6c41\u5b78\u8d77\u4f86\uff0c\u4e0d\u7ba1\u7092\u4ec0\u9ebc\u90fd\u5f88\u597d\u5403\uff01\uff01\u7c21\u55ae\u5feb\u901f\u7684\u4e0b\u98ef\u83dc\uff01\u4e09\u5206\u9418\u4e0a\u83dc\uff01\u83dc"
        }
    ]
}