{
    "channel": {
        "title": "\u97d3\u52fe\u311f\u91d1\u91dd\u83c7 \ucc10\uca50\uafb8",
        "id": "UCvcZO0cvDT3rzKtfakL3R5Q",
        "customUrl": "@ggukim",
        "uploads": "UUvcZO0cvDT3rzKtfakL3R5Q"
    },
    "videos": [
        {
            "id": "atMBP_-CQy0",
            "title": "\u4f86\u81ea\u97d3\u570b\u9109\u4e0b\u7684\u5916\u516c\u5916\u5a46\u53f0\u4e2d\u521d\u9ad4\u9a57\ud83d\ude0d\u7b2c\u4e00\u5403\u70e4\u9d28\u5c45\u7136\u5410\u51fa\u4f86\u7684\u6545\u4e8b\ud83d\ude05\u5b8c\u7f8e\u53f0\u4e2d\u5b5d\u9053\u4e4b\u65c5\u2764\ufe0f\uff5c\u97d3\u52fe\u311f\u91d1\u91dd\u83c7 \ucc10\uca50\uafb8"
        },
        {
            "id": "iS8VEKvue8w",
            "title": "\u97d3\u570b\u660e\u661f10CM\u4e00\u4e0b\u98db\u6a5f\u5c31\u5e36\u4ed6\u9ad4\u9a57\u53f0\u7063\u9152\u5bb6\u83dc+\u90a3\u5361\u897f\u6587\u5316\ud83d\udd25\uff1a\u592a\u4e0d\u771f\u5be6\uff5c\u97d3\u52fe\u311f\u91d1\u91dd\u83c7 \ucc10\uca50\uafb8"
        },
        {
            "id": "jGb2GA4O_xU",
            "title": "\u5317\u97d3\u98df\u7269\ud83c\uddf0\ud83c\uddf5\u597d\u5403\u55ce\uff1f\u771f\u3002\u5317\u97d3\u9910\u5ef3\u521d\u9ad4\u9a57\uff01\u6015\u6015\u7684\u4e0d\u6562\u8ddf\u8001\u95c6\u8b1b\u8a71XDD\uff5c\u97d3\u52fe\u311f\u91d1\u91dd\u83c7 \ucc10\uca50\uafb8"
        },
        {
            "id": "n2PdTnhFFV4",
            "title": "\u897f\u73ed\u7259\u6211\u5011\u4f86\u4e86\ud83c\uddea\ud83c\uddf8\uff01\u5df4\u585e\u9686\u90a34\u59293\u591c\u7f8e\u98df\u904a \u767e\u5e74\u5fc5\u53bb\u5409\u62ff\u68d2/\u8056\u5bb6\u5802/\u7c73\u62c9\u4e4b\u5bb6/\u767e\u5e74\u5e02\u5834La Boqueria/\u6d77\u9bae\u71c9\u98ef \u897f\u73ed\u7259\u5be6\u5728\u592a\u597d\u73a9\u4e86\uff01\uff01\ud83d\udd25\u516c\u958b\u548cPazzo\u7684\u806f\u540d\uff5c\u97d3\u52fe\u311f\u91d1\u91dd\u83c7 \ucc10\uca50\uafb8"
        },
        {
            "id": "E1ixOimvCzY",
            "title": "\u9ad8CP\u503c\u53c8\u597d\u5403\ud83d\udd25\u65b0\u52a0\u576110\u7a2e\u300c\u5728\u5730\u5e02\u5834\u7f8e\u98df\u300d\u5927\u5206\u4eab\uff01\u548c\u89c0\u5149\u7f8e\u98df\u4e0d\u592a\u4e00\u6a23\uff01\u809a\u5b50\u5feb\u7206\u70b8\uff01\uff01\uff01\uff01\uff5c\u97d3\u52fe\u311f\u91d1\u91dd\u83c7 \ucc10\uca50\uafb8"
        },
        {
            "id": "ZYuJQVwMRUc",
            "title": "\u76f2\u62bd\u51fa\u570b\uff01\u5feb\u9583\u99ac\u4f86\u897f\u4e9e\u300c\u6c99\u5df4\u4e9e\u5e87\u300d\u4e00\u5929\uff01\u98ef\u5e97X\u884c\u7a0bX\u5230\u6642\u518d\u8aaa\ud83d\ude02\uff5c\u97d3\u52fe\u311f\u91d1\u91dd\u83c7 \ucc10\uca50\uafb8"
        },
        {
            "id": "qVTFpeWIABg",
            "title": "\u6c7a\u5b9a\u79fb\u5c45\u82b1\u84ee\uff1f\u627e\u53f0\u7063\u623f\u6771\u963f\u59e8\u770b\u623f\u5b50\u4e86\uff01\u5c55\u958b\u65b0\u751f\u6d3b\u2728 ft.\u963f\u7ff0po\u5f71\u7247 \uff5c\u97d3\u52fe\u311f\u91d1\u91dd\u83c7 \ucc10\uca50\uafb8"
        },
        {
            "id": "on7YlqMocEc",
            "title": "\u97d3\u570b\u91d1\u7684\u964c\u751f\u57ce\u5e02\u63a2\u8a2a-\u82b1\u84ee24hr\u904a\u8a18\ud83d\udd25\u4f4f\u300c\u9999\u5ba2\u5927\u6a13\u300d\u82b1\u84ee\u5728\u5730\u6700\u9bae\u7f8e\u98df\u5fc5\u5403\uff01\uff5c\u97d3\u52fe\u311f\u91d1\u91dd\u83c7 \ucc10\uca50\uafb8"
        },
        {
            "id": "q4Gs9gloilQ",
            "title": "\ud83c\uddf8\ud83c\uddec\u65b0\u52a0\u5761\u5403\u4e00\u5929\u82b1\u591a\u5c11\u9322\uff1f\u5728\u5730\u5fc5\u5403\u7f8e\u98df\u5de1\u79ae\ud83d\ude0dep.1\u6574\u5929\u5728\u5403\u5403\u5403\u2026\uff5c\u97d3\u52fe\u311f\u91d1\u91dd\u83c7 \ucc10\uca50\uafb8"
        },
        {
            "id": "BDBcMXrnARs",
            "title": "\ud83c\udde8\ud83c\udded\u745e\u58eb\u8d85\u8cb4\u7269\u50f9\u9ad4\u9a57\u8a18\u22ef\u6211\u597d\u50cf\u6c92\u8fa6\u6cd5\u4f4f\u9019\ud83e\udd72\u4f4f\u53f0\u7063\u597d\u5e78\u798f\u54c8\u54c8\u54c8 #\u5713\u5922\u8a08\u756b\uff5c\u97d3\u52fe\u311f\u91d1\u91dd\u83c7 \ucc10\uca50\uafb8"
        },
        {
            "id": "NHB-Pz6syoM",
            "title": "\ud83c\udde8\ud83c\udded\u5168\u7403\u7269\u50f9\u6700\u8cb4\u745e\u58eb-\u7269\u50f9\u9ad4\u9a57\u8a18\u300c\u53f0\u7063\u9910\u5ef3\u300d\u50f9\u683c\u843d\u5728\u591a\u5c11\u5462\uff1f\uff5c\u97d3\u52fe\u311f\u91d1\u91dd\u83c7 \ucc10\uca50\uafb8"
        },
        {
            "id": "R4nEGry-ny4",
            "title": "\u97d3\u570b\u660e\u661f\u7adf\u7136\u4f86\u53f0\u5403\u300c\u9019\u4e9b\u300d\uff1f\u4f86\u4e86\u5c31\u8981\u591a\u9ad4\u9a57\u53f0\u7063\u5728\u5730\u7f8e\u98df\u5566\ud83c\uddf9\ud83c\uddfcIU\u30012PM\u3001Gidle...\ud83d\udd25\uff5c\u97d3\u52fe\u311f\u91d1\u91dd\u83c7 \ucc10\uca50\uafb8"
        },
        {
            "id": "PxH42_KkIXU",
            "title": "\u97d3\u570b\u963f\u5b24\u6368\u4e0d\u5f97\u56de\u570b\u7684\u300c\u53f0\u7063\u5317\u6295\u6eab\u6cc9\u300d\uff1a\u6b64\u751f\u6700\u5e78\u798f\uff01\u2728\ud83c\uddf9\ud83c\uddfc\u97d3\u570b\u963f\u5b24\u6700\u5f8c\u4e00\u96c6\uff5c\u97d3\u52fe\u311f\u91d1\u91dd\u83c7 \ucc10\uca50\uafb8"
        },
        {
            "id": "7K5s49BCL94",
            "title": "\u6253\u4e2d\u97d3\u570b\u963f\u5b24\u5fc3\u7684\u53f0\u7063\u65e9\u9910\u2764\ufe0f\u53ea\u6709\u53f0\u7063\u6709\u7684\u6236\u5916\u6995\u6a39\u4e0b\u7f8e\u98df\u8857\u592a\u7279\u5225\u5566\uff01\u53f0\u7063\u65e5\u5e38VLOG\uff5c\u97d3\u52fe\u311f\u91d1\u91dd\u83c7 \ucc10\uca50\uafb8"
        },
        {
            "id": "A5F0Ef6C02s",
            "title": "\u5e36\u97d3\u570b\u963f\u5b24\u5403\u7206\u53f0\u7063\u6d77\u9bae\u9910\u5ef3\u2764\ufe0f\u5403\u5b8c\u53eb\u6211\u8ddf\u53f0\u7063\u4eba\u7d50\u5a5a..\uff08\uff1f\uff09\ud83d\ude02\uff5c\u97d3\u52fe\u311f\u91d1\u91dd\u83c7 \ucc10\uca50\uafb8"
        },
        {
            "id": "WQynABICllk",
            "title": "\u97d3\u570b\u963f\u5b24\u5011\u518d\u5ea6\u4f86\u53f0\u7063\u5566\ud83d\udd25\u76f4\u63a5\u7aef\u51fa\u5169\u7bb1\u8292\u679c \u5979\u5011\u958b\u5fc3\u5230\u4e0d\u884c\ud83e\udd23\ud83c\uddf9\ud83c\uddfc\uff5c\u97d3\u52fe\u311f\u91d1\u91dd\u83c7 \ucc10\uca50\uafb8"
        },
        {
            "id": "qVjp37xLkoE",
            "title": "\u6700\u8fd1\u6d41\u884c\u7684\u300c\u7a7f\u642d\u7a7a\u4e2d\u62cd\u651d\u6cd5\u300d\u4f60\u8a66\u904e\u55ce\uff1f"
        },
        {
            "id": "qOlLPj8x3KM",
            "title": "\uff5c\u97d3\u52fe\u311f\u91d1\u91dd\u83c7 \ucc10\uca50\uafb8"
        },
        {
            "id": "yXtuyk2nrLg",
            "title": "\u5728\u97d3\u570b\u963f\u5b24\u5bb6\u82b10\u5143\u300c\u8e6d\u98ef\u300d\u904e\u4e00\u5929\ud83c\uddf0\ud83c\uddf7\u5e36\u5979\u98db\u53f0\u7063D-1\ud83d\udd25\u97d3\u570b\u5bb6\u5ead\u771f\u5be6\u751f\u6d3b\u5206\u4eabVLOG\ud83c\uddf0\ud83c\uddf7\uff5c\u97d3\u52fe\u311f\u91d1\u91dd\u83c7 \ucc10\uca50\uafb8"
        },
        {
            "id": "iPiHrRBfkq4",
            "title": "\u5077\u56de\u97d3\u570b\u7a81\u8972\u963f\u5b24\uff01\u770b\u5230\u5b6b\u5973\u7684\u53cd\u61c9\u662f\uff1f\uff1f\uff1f\ud83d\ude02\u8ddf\u845781\u6b72\u963f\u5b24\u884c\u7a0b\u4e00\u5929\uff5c\u97d3\u52fe\u311f\u91d1\u91dd\u83c7 \ucc10\uca50\uafb8"
        },
        {
            "id": "OYZWc230wtc",
            "title": "\u9189\u4e86\ud83d\ude05\u6574\u5929\u53ea\u54037\u7a2e\u300c\u91d1\u9580\u9ad8\u7cb1\u7f8e\u98df\u300d\u203c\ufe0f\u9ad8\u7cb1\u55c6\u87f9\u3001\u86cb\u9905\u3001\u9999\u8178\u22ef\u22ef\u559d\u5230\u310e\u3127\u3124\uff5c\u97d3\u52fe\u311f\u91d1\u91dd\u83c7 \ucc10\uca50\uafb8"
        },
        {
            "id": "sq5egIN-zyM",
            "title": "\u9053\u5730\u97d3\u570b\u4eba\u5728\u53f0\u7063\u516b\u5e74\u6703\u8b8a\u600e\u9ebc\u6a23\u5462\uff1f\u516b\u5e74\u5f8c\u7684\u300c\u516b\u5927\u5dee\u7570\u300d\u5927\u516c\u958b\ud83c\udf1f\ud83d\udd25\uff5c\u97d3\u52fe\u311f\u91d1\u91dd\u83c7 \ucc10\uca50\uafb8"
        },
        {
            "id": "UVhuaganorE",
            "title": "\u91d1\u5bb6\u311f\u5927\u98ef\u7cf0\u8cb7\u4e94\u9001\u4e09\u2049\ufe0f\u2049\ufe0f\u2049\ufe0f\ud83c\udf597/1\u55ae\u65e5\u512a\u60e0\u6d3b\u52d5\uff01\u5728\u5168\u5bb6\u4fbf\u5229\u5546\u5e97APP\u4e0a\u96a8\u8cb7\u8de8\u5e97\u53d6\u8cfc\u8cb7\u91d1\u5bb6\u311f\u5927\u98ef\u7cf0\u5168\u7cfb\u5217\u8cb7\u4e94\u9001\u4e09(\u4efb\u9078)\u5594\uff01\uff01\uff01"
        },
        {
            "id": "z78--zGJ2Fk",
            "title": "\u91d1\u91dd\u83c7 X KlassiC.\u806f\u540d\u773c\u93e1/\u58a8\u93e1\u516c\u958b\ud83d\udd25"
        },
        {
            "id": "u_NZm4XVghQ",
            "title": "\u300c\u9023\u5047\u75c7\u5019\u7fa4\u300d\u4f60\u4e5f\u662f\u55ce\u22ef\u22ef\ud83e\udd23\ud83e\udd23 #\u60f3\u8981\u7e7c\u7e8c\u7576\u6c99\u767c\u4e0a\u7684\u99ac\u9234\u85af #\u518d\u591a\u4e00\u5929\u653e\u5047\u6211\u6703\u5f88\u5e78\u798f"
        }
    ]
}