{
    "video_info": {
        "id": "-sb7LfMlJZg",
        "channelTitle": "\u963f\u6ef4\u82f1\u6587",
        "title": "\u53f0\u5f0f\u73cd\u5976\u5728\u82f1\u570b\u53d7\u6b61\u8fce\u55ce? \u56db\u89d2\u6200\u8003\u8336\u502b\u6566\u624b\u6416\u98f2\ud83d\udd25",
        "description": "\u53d6\u5f97\u7368\u5bb6 Surfshark \u512a\u60e0\uff01\u7acb\u5373\u9ede\u64ca \u25b6\ufe0e https://surfshark.tw/partner/durayray\n\u8f38\u5165\u512a\u60e0\u4ee3\u78bc [durayray] \u5373\u53ef\u7372\u5f97\u984d\u5916\u514d\u8cbb3\u500b\u6708\uff01\n\n\u3010\u52a0\u5165\u983b\u9053\u6703\u54e1\u3011http://bit.ly/3qIZjfT\n\n0:00 \u7cbe\u5f69\u9810\u544a\n0:39 \u54c8\u56c9\u6211\u662f\u963f\u6ef4\n1:02 HOOK\u7684\u79d8\u5bc6\n2:52 \u9078\u624b\u4e00\u865f\uff1a\u8ca2\u8336\n4:25 \u9078\u624b\u4e8c\u865f\uff1aT4\u6e05\u8336\u9054\u4eba\n6:02 \u9078\u624b\u4e09\u865f\uff1amooboo\n7:11 \u9078\u624b\u56db\u865f\uff1a\u65e5\u51fa\u8336\u592a\n10:00 \u9078\u624b\u4e94\u865f\uff1a\u8ff7\u5ba2\u590f\n13:00 \u73cd\u5976\u89c0\u5bdf\u5bb6\n\n\u963f\u6ef4\u53c8\u51fa\u570b\u62cd\u7247\u64ad\u653e\u6e05\u55ae\uff1ahttp://bit.ly/3XyyzPa\n\u6bcf\u9031\u4e00\u665a\u4e0a\u516d\u9ede\u66f4\u65b0\uff0c\u8acb\u8a18\u5f97\u958b\u555fYouTube\ud83d\udd14\u901a\u77e5\uff01\n\n\u4e0a\u4e00\u90e8\u5f71\u7247 Kimberley\u62cd\u651d\u4e2d\u5fcd\u4e0d\u4f4f\u55c6\u7206\u963f\u6ef4! \u9019\u4e9bYouTube\u64ad\u653e\u7834\u5104\u7684\u795e\u66f2\u4f60\u807d\u5f97\u51fa\u4f86\u55ce? https://youtu.be/TkptYAq3gww\n\u4e0b\u4e00\u90e8\u5f71\u7247 \u82f1\u570b\u8154\u771f\u7684\u592a\u597d\u807d\uff01\u4e0d\u5c0f\u5fc3\u5c31\u5674\u4e86\u5e7e\u767e\u82f1\u938a \ud83e\udee3 \u771f\u5be6\u958b\u7bb1\u502b\u6566\u65e5\u5e38\u5c0d\u8a71 https://youtu.be/pTY_EuZ2j0I\n\n\u963f\u6ef4\u82f1\u6587\u7684\u4eba\u6c23\u5f71\u7247\uff1a\n\n\u25a0 \u53bb\u5916\u5546\u516c\u53f8\u5de5\u4f5c\u82f1\u6587\u8981\u591a\u597d? \u963f\u6ef4\u7a81\u8972Google\u53f0\u7063\u8fa6\u516c\u5ba4! https://youtu.be/ES73LXd4LGg\n\n\u25a0 \u4e09\u9ede\u5c31\u653e\u5b78! \u56de\u5bb6\u90fd\u5728\u73a9? \u82ac\u862d\u5b78\u751f\u600e\u9ebc\u770b\u53f0\u7063\u7684\u6559\u80b2\u5236\u5ea6?  https://youtu.be/VHnyCM6iG7o\n\n\u25a0 \u56e0\u70ba\u6ef4\u59b9\u4e00\u76f4\u4e0d\u56de\u53f0\u7063\uff0c\u6240\u4ee5\u6211\u76f4\u63a5\u98db\u53bb\u7f8e\u570b\u627e\u4ed6\u3002https://youtu.be/Ksqevn6pVZU\n\n\u25a0 \u591a\u76ca900\u5206\u82f1\u6587\u771f\u7684\u6bd4\u8f03\u6d41\u5229\u55ce? \u5927\u8b19\u7684\u8868\u73fe\u8b93\u8001\u5e2b\u9a5a\u5446\u4e86! https://youtu.be/VCrg6xYPKTA\n\n\u25a0 \u9023\u963f\u6ef4\u90fd\u5538\u932f\u7684\u5e38\u898b\u82f1\u6587!? \u5b78\u6703\u7528\u300e\u56de\u97f3\u6cd5\u300f\u7df4\u7fd2\u767c\u97f3! feat. \u53f2\u5609\u7433\u8001\u5e2b https://youtu.be/16kkr2eGSdE\n\n\u25a0 \u9109\u6c11\u8001\u5a46 VS \u570b\u6c11\u5927\u8205\u5b50! \u8ab0\u7684\u82f1\u6587\u6bd4\u8f03\u597d? https://youtu.be/YOEswmi_ZPA\n\n\u25a0 \u4e16\u7d00\u5be9\u5224\u843d\u5e55! \u5f37\u5c3c\u6234\u666e\u98a8\u5411\u4e00\u9762\u5012\u7684\u771f\u6b63\u539f\u56e0? https://youtu.be/k_QVJkecNxo\n\n\u25a0 \u53bb\u822a\u7a7a\u696d\u4e0a\u73ed\u82f1\u6587\u8981\u591a\u597d? \u958b\u7bb1\u9577\u69ae\u7687\u74bd\u6842\u51a0\u8259\u5168\u82f1\u6587\u670d\u52d9! https://youtu.be/M_bLXwjyQAU\n\n\u5176\u4ed6\u9023\u7d50\uff1a\nhttp://facebook.com/rayduenglish\nhttp://instagram.com/rayduenglish\nhttp://twitter.com/durayray\n\u5408\u4f5c\u9080\u7d04\uff1arayduenglish@gmail.com",
        "likeCount": "11351",
        "commentCount": "624",
        "viewCount": "566915"
    },
    "comments": [
        {
            "reply_id": "UgybRLU_g1JIRIv5mjJ4AaABAg",
            "reply_content": "\u5148\u5e6b\u6ef4\u59b9\u8a66\u63a2\u8ecd\u60c5",
            "likeCount": 0
        },
        {
            "reply_id": "UgxaXtm_7YdYeQgVaJN4AaABAg",
            "reply_content": "\u696d\u914d\u963f\u6ef4\u53ea\u5dee\u6fc0\u52d5\u4e00\u9ede\u5c31\u8b8a\u4e92\u4e86",
            "likeCount": 0
        },
        {
            "reply_id": "UgzkKiE5n_x0-GTFbsF4AaABAg",
            "reply_content": "\u963f\u6ef4\u7adf\u7136\u6703\u8aaa\u54c7\u8001\u8a92\ud83d\ude02\u4f46\u9019\u4e0d\u53ea\u662f\u65b0\u52a0\u5761\u7528\u8a9e\u554a\u54c8\u54c8\u99ac\u4f86\u897f\u4e9e\u4eba\u4e5f\u6703\u8aaa\u54e6",
            "likeCount": 0
        },
        {
            "reply_id": "UgwQmK5jFBqF6ETZiCl4AaABAg",
            "reply_content": "\u963f\u6ef4\u7d30\u6846\u773c\u93e1\u5e25\u591a\u4e86",
            "likeCount": 0
        },
        {
            "reply_id": "Ugw8NgybvFKpI4G8qMV4AaABAg",
            "reply_content": "\u56e0\u70ba\u6b50\u6d32\u7684\u9bae\u5976\u5f88\u4fbf\u5b9c",
            "likeCount": 0
        },
        {
            "reply_id": "Ugzo3r3PqaTnjCkLUJx4AaABAg",
            "reply_content": "\u54c7\u4e00\u958b\u59cb\u5c31\u770b\u5230\u5305\u79df\u5a46",
            "likeCount": 0
        },
        {
            "reply_id": "UgwzyVA8e6UnrHZI1014AaABAg",
            "reply_content": "\u539f\u6765\u8d21\u8336\u5728\u6d77\u5916\u53d1\u5c55\u7684\u90a3\u4e48\u597d\ud83d\ude2e\u56e0\u4e3a\u5927\u9646\u597d\u50cf\u6ca1\u770b\u5230\u6709\u51e0\u95f4\u4e86",
            "likeCount": 0
        },
        {
            "reply_id": "Ugx3hE0h54sEqoZTvn94AaABAg",
            "reply_content": "\u7b2c\u4e00\u6b21\u628a\u696d\u914d\u770b\u5b8c\u54c8\u54c8\u54c8\u54c8\u54c8",
            "likeCount": 0
        },
        {
            "reply_id": "Ugw1IG7YJyHPTdMeXSJ4AaABAg",
            "reply_content": "\u773c\u888b\u7cbe\u9748\u662f\u8fd1\u671f\u6700\u597d\u7b11\u7684\u696d\u914d\u6897",
            "likeCount": 0
        },
        {
            "reply_id": "UgxD99nZG1dfUrIJEYN4AaABAg",
            "reply_content": "\u4e92\u53ef\u534a\u9014\u4e0d\u89c1\u4e86",
            "likeCount": 0
        },
        {
            "reply_id": "UgxeWhA6G76knCnzTGB4AaABAg",
            "reply_content": "\u771f\u7684\u662f\u88ab\u535a\u6069\u795e\u9810\u8a00",
            "likeCount": 0
        },
        {
            "reply_id": "UgyIeE35TF2vGlFVkDN4AaABAg",
            "reply_content": "\u696d\u914d\u7b11\u5834\u5230\u81c9\u8d85\u7d05",
            "likeCount": 0
        },
        {
            "reply_id": "UgxI53nkWxIrAuJGEix4AaABAg",
            "reply_content": "\u963f\u6ef4\u8981\u8aaa\u7684\u61c9\u8a72\u662f\u8ff7\u5ba2\u590f\u662f\u88ab\u98f2\u6599\u803d\u8aa4\u7684\u86cb\u7cd5\u5e97\u5427\u54c8\u54c8",
            "likeCount": 1
        },
        {
            "reply_id": "Ugx8nbNTi2GreS4-Wht4AaABAg",
            "reply_content": "\u559c\u8336\u662f\u4e2d\u570b\u54c1\u724c\uff0c\u662f\u6211\u552f\u4e00\u5728\u4e2d\u570b\u89ba\u5f97\u597d\u559d\u7684\u98f2\u6599",
            "likeCount": 1
        },
        {
            "reply_id": "UgwMxoGlsdvreG2OBU94AaABAg",
            "reply_content": "\u502b\u6566\u6709\u4e00\u9593\u73cd\u73e0\u5976\u8336\u5e97\u53eb\u505a\u4e38\u4f5c\u5927\u6982\u4e94\u78c5\u4e00\u676f\u8d85\u597d\u559d\u7684",
            "likeCount": 0
        },
        {
            "reply_id": "Ugzz2kqOWnL7CSK1DIx4AaABAg",
            "reply_content": "\u6a21\u4eff\u7684\u592a\u50cf\u4e86\u6211\u5feb\u7b11\u6b7b",
            "likeCount": 0
        },
        {
            "reply_id": "UgwJJv1_eIV2uQBGTjx4AaABAg",
            "reply_content": "\u90a3\u5bb6\u6392\u968a\u6392\u5f88\u9577\u7684\u65b0\u98f2\u6599\u5e97\u597d\u50cf\u883b\u591a\u4e9e\u6d32\u81c9\u5b54\u7684",
            "likeCount": 0
        },
        {
            "reply_id": "UgwNxtr4UHjiNOBJTeF4AaABAg",
            "reply_content": "\u773c\u93e1\u597d\u642d",
            "likeCount": 0
        },
        {
            "reply_id": "UgxCQTIumU-DeUQHk754AaABAg",
            "reply_content": "\u5176\u5be6\u81fa\u7063\u8d85\u5546\u6709\u8ff7\u514b\u590f\u806f\u540d\u7684\u51b0\u68d2\u5566",
            "likeCount": 0
        },
        {
            "reply_id": "Ugx1V_cNjr06Odq8b9p4AaABAg",
            "reply_content": "\u559c\u8336\u4e0d\u662f\u53f0\u7063\u7684\u5594",
            "likeCount": 0
        }
    ]
}