{
    "video_info": {
        "id": "7klfZjGOMT8",
        "channelTitle": "\u963f\u6ef4\u82f1\u6587",
        "title": "Pok\u00e9mon\u77e5\u8b58\u5927\u4e82\u9b25!! \u53f0\u7063YouTube\u754c\u5bf6\u53ef\u5922\u81f3\u5c0a\u5927\u5e2b\u7a76\u7adf\u662f\u8ab0?",
        "description": "\u3010\u5bf6\u53ef\u5922\u6728\u8cea\u62fc\u5716\u3011\n \u5148\u8cb7\u5148\u51fa\u8ca8 \ud83d\udc49  https://reurl.cc/7MnnLk\n\ud83d\udccd \u6b63\u7248\u6388\u6b0a\uff0c\u5b98\u65b9\u8272\u7968\n\ud83d\udccd \u6d77\u88e1\u9b5a\u51fa\u54c1\uff0c\u6975\u81f4\u5de5\u85dd\u3001\u8da3\u5473\u6eff\u6eff\uff01\n\ud83d\udccd \u5b8c\u7f8e\u9084\u539f\u5716\u9451\u6bd4\u4f8b\n\ud83d\udccd \u521d\u4ee3151\u5bf6\u53ef\u5922\u5168\u6536\u85cf\n\ud83d\udccd 1392\u7247\u30013.5KG\u3001\u91cd\u91cf\u7d1a\u62fc\u5716\n\ud83d\udccd \u9999\u6e2f\u540c\u6b65\u958b\u653e\u9810\u8cfc\uff0c\u622a\u6b62\uff1a2023/12/09\n\n\u3010\u52a0\u5165\u983b\u9053\u6703\u54e1\u3011http://bit.ly/3qIZjfT\n\n0:00 \u7cbe\u5f69\u9810\u544a\n0:22 \u4f86\u8cd3\u4ecb\u7d39\n3:28 \u5bf6\u53ef\u5922\u6728\u8cea\u62fc\u5716\n4:00 \u5bf6\u53ef\u5922\u77e5\u8b58\u6e2c\u9a57\n14:48 \u5bf6\u53ef\u5922\u62fc\u5716\u6e2c\u9a57\n18:48 \u5bf6\u53ef\u5922\u731c\u731c\u6211\u662f\u8ab0\n22:20 \u9812\u734e\u5100\u5f0f\n\n\u6bcf\u9031\u4e00\u665a\u4e0a\u516d\u9ede\u534a\u66f4\u65b0\uff0c\u8acb\u8a18\u5f97\u958b\u555fYouTube\ud83d\udd14\u901a\u77e5\uff01\n\n\u4e0a\u4e00\u90e8\u5f71\u7247 \u5168\u54e1\u7206\u9810\u7b97! HOOK\u4e0d\u6562\u9762\u5c0d\u5e33\u55ae? \u516c\u958b\u56db\u89d2\u6200\u502b\u656610\u5929\u9a5a\u4eba\u958b\u92b7! https://youtu.be/SqS05qfxNts\n\u4e0b\u4e00\u90e8\u5f71\u7247 \u7d93\u5178\u6b4c\u66f2\u7ffb\u6210\u82f1\u6587\u4f60\u807d\u5f97\u51fa\u4f86\u55ce? \u4faf\u4f69\u5c91\u6311\u6230\u4e03\u516b\u5e74\u7d1a\u795e\u66f2\ud83d\udd25 https://youtu.be/TNY7cKi7OzQ\n\n\u963f\u6ef4\u82f1\u6587\u7684\u4eba\u6c23\u5f71\u7247\uff1a\n\n\u25a0 \u53bb\u5916\u5546\u516c\u53f8\u5de5\u4f5c\u82f1\u6587\u8981\u591a\u597d? \u963f\u6ef4\u7a81\u8972Google\u53f0\u7063\u8fa6\u516c\u5ba4! https://youtu.be/ES73LXd4LGg\n\n\u25a0 \u4e09\u9ede\u5c31\u653e\u5b78! \u56de\u5bb6\u90fd\u5728\u73a9? \u82ac\u862d\u5b78\u751f\u600e\u9ebc\u770b\u53f0\u7063\u7684\u6559\u80b2\u5236\u5ea6?  https://youtu.be/VHnyCM6iG7o\n\n\u25a0 \u56e0\u70ba\u6ef4\u59b9\u4e00\u76f4\u4e0d\u56de\u53f0\u7063\uff0c\u6240\u4ee5\u6211\u76f4\u63a5\u98db\u53bb\u7f8e\u570b\u627e\u4ed6\u3002https://youtu.be/Ksqevn6pVZU\n\n\u25a0 \u591a\u76ca900\u5206\u82f1\u6587\u771f\u7684\u6bd4\u8f03\u6d41\u5229\u55ce? \u5927\u8b19\u7684\u8868\u73fe\u8b93\u8001\u5e2b\u9a5a\u5446\u4e86! https://youtu.be/VCrg6xYPKTA\n\n\u25a0 \u9023\u963f\u6ef4\u90fd\u5538\u932f\u7684\u5e38\u898b\u82f1\u6587!? \u5b78\u6703\u7528\u300e\u56de\u97f3\u6cd5\u300f\u7df4\u7fd2\u767c\u97f3! feat. \u53f2\u5609\u7433\u8001\u5e2b https://youtu.be/16kkr2eGSdE\n\n\u25a0 \u9109\u6c11\u8001\u5a46 VS \u570b\u6c11\u5927\u8205\u5b50! \u8ab0\u7684\u82f1\u6587\u6bd4\u8f03\u597d? https://youtu.be/YOEswmi_ZPA\n\n\u25a0 \u4e16\u7d00\u5be9\u5224\u843d\u5e55! \u5f37\u5c3c\u6234\u666e\u98a8\u5411\u4e00\u9762\u5012\u7684\u771f\u6b63\u539f\u56e0? https://youtu.be/k_QVJkecNxo\n\n\u25a0 \u53bb\u822a\u7a7a\u696d\u4e0a\u73ed\u82f1\u6587\u8981\u591a\u597d? \u958b\u7bb1\u9577\u69ae\u7687\u74bd\u6842\u51a0\u8259\u5168\u82f1\u6587\u670d\u52d9! https://youtu.be/M_bLXwjyQAU\n\n\u5176\u4ed6\u9023\u7d50\uff1a\nhttp://facebook.com/rayduenglish\nhttp://instagram.com/rayduenglish\nhttp://twitter.com/durayray\n\u5408\u4f5c\u9080\u7d04\uff1arayduenglish@gmail.com",
        "likeCount": "7339",
        "commentCount": "425",
        "viewCount": "377584"
    },
    "comments": [
        {
            "reply_id": "UgwZrY-Cf5VTMTFhbmB4AaABAg",
            "reply_content": "\u600e\u9ebc\u6c92\u6709\u79bf\u982d\u535a\u58eb",
            "likeCount": 1
        },
        {
            "reply_id": "Ugwkwf-3Fazg53op5TB4AaABAg",
            "reply_content": "\u5fd7\u68cb\u5f88\u5b89\u975c",
            "likeCount": 0
        },
        {
            "reply_id": "UgxcB0AwwHpzP7DgfQZ4AaABAg",
            "reply_content": "\u600e\u4e48\u4e0d\u53eb\u57f9\u6839\u6765",
            "likeCount": 0
        },
        {
            "reply_id": "Ugwq1PvodKrBaeK_dux4AaABAg",
            "reply_content": "\u7adf\u7136\u6c92\u6709\u9080\u8acb\u90a3\u500b\u88ab\u4efb\u5929\u5802\u5c01\u6bba\u7684",
            "likeCount": 0
        },
        {
            "reply_id": "UgzdAa8mdwHvi4oDZvx4AaABAg",
            "reply_content": "\u597d\u6709\u8da3\u5594",
            "likeCount": 0
        },
        {
            "reply_id": "UgznnO2VSoEVApGNaOh4AaABAg",
            "reply_content": "\u90fd\u662f\u5bf6\u53ef\u5922\u7684\u4f7c\u4f7c\u8005",
            "likeCount": 0
        },
        {
            "reply_id": "UgzC9mAhXL5-rPFYwb94AaABAg",
            "reply_content": "\u6211\u5168\u5c0d",
            "likeCount": 0
        },
        {
            "reply_id": "UgzKy8Jgyt9gEXMJpDp4AaABAg",
            "reply_content": "\u6211\u5168\u968a\u8036",
            "likeCount": 0
        },
        {
            "reply_id": "UgxGrysoXAb1JrnIoYB4AaABAg",
            "reply_content": "\u5bf6\u53ef\u5922\u600e\u9ebc\u53ef\u80fd\u6703\u5c11\u4e86\u57f9\u6839",
            "likeCount": 0
        },
        {
            "reply_id": "UgxY6lo9W7I7D6ocdLR4AaABAg",
            "reply_content": "\u9a19\u6d41\u91cf",
            "likeCount": 0
        },
        {
            "reply_id": "Ugx1UM7vrX3_iimEz2V4AaABAg",
            "reply_content": "\u5361\u724c\u53ea\u6709\u84cb\u8afe\u8cfd\u514b\u7279\u9084\u6c92\u9000\u74b0\u5883\u554a \u7b54\u6848\u662f\u932f\u7684\u5566",
            "likeCount": 0
        },
        {
            "reply_id": "UgxW392hny_w34NGkQB4AaABAg",
            "reply_content": "\u984c\u76ee\u7c21\u55ae",
            "likeCount": 0
        },
        {
            "reply_id": "Ugynu4NYz4El6zhK93Z4AaABAg",
            "reply_content": "\u554f\u984c\u61c9\u8a72\u6539\u6210\u4ee5\u4e0b\u90a3\u5c07\u4ee5\u9000\u74b0\u5883\u5361\u6700\u4e45",
            "likeCount": 0
        },
        {
            "reply_id": "UgxBoIhFC6PaXi8ZCk94AaABAg",
            "reply_content": "\u7b2c\u5341\u984c\u5176\u5be6\u76ae\u5361\u4e18\u4e5f\u4e0d\u5728\u74b0\u5883\u5167",
            "likeCount": 0
        },
        {
            "reply_id": "UgxZXBoXw2atsqgb_qF4AaABAg",
            "reply_content": "\u958b\u982d\u90a3\u984c\u6211\u525b\u597d\u77e5\u9053",
            "likeCount": 0
        },
        {
            "reply_id": "UgxJTxHLPyvdH4AC0ZR4AaABAg",
            "reply_content": "\u6211\u662f\u70ba\u4e86\u85e5\u982d\u9032\u4f86\u7684",
            "likeCount": 0
        },
        {
            "reply_id": "Ugwse5j750lba17RDVh4AaABAg",
            "reply_content": "\u5e0c\u671b\u53ef\u4ee5\u627e\u535a\u6069",
            "likeCount": 2
        },
        {
            "reply_id": "UgyORBylFyFtVSB8LSR4AaABAg",
            "reply_content": "\u767c\u4ed4\u5462",
            "likeCount": 1
        },
        {
            "reply_id": "UgwF2mz0g2WOLwiKJk14AaABAg",
            "reply_content": "\u6c34\u541b\u88ab\u72d7\u568e\u4e00\u7403\u6536\u670d\u4e5f\u662f\u795e\u7378\u4e4b\u6065",
            "likeCount": 1
        },
        {
            "reply_id": "UgxeS1rTlDY_eSpkC2h4AaABAg",
            "reply_content": "\u600e\u9ebc\u6c92\u6709\u856d\u8b49\u660e\u856d\u8001\u5e2b\u9084\u6562\u8aaa\u81ea\u5df1\u662f\u5bf6\u53ef\u5922\u5927\u5e2b \u9760",
            "likeCount": 1
        }
    ]
}