{
    "video_info": {
        "id": "__TFwxRqG6k",
        "channelTitle": "\u963f\u6ef4\u82f1\u6587",
        "title": "\u7b2c\u4e00\u6b21\u5e36\u7238\u5abd\u51fa\u570b\u5c31\u90016\u4f4d\u6578\u540d\u9336\u7684\u6211\uff0c\u662f\u5b5d\u5b50\u55ce\uff1f",
        "description": "Grand Seiko \u7684\u54c1\u724c\u7406\u5ff5\u300cThe Nature Of Time\u300d\u6df1\u53d7\u5927\u81ea\u7136\u8207\u5b63\u7bc0\u555f\u767c\n\u900f\u904e\u65e5\u672c\u8077\u4eba\u5011\u7684\u5de7\u624b\uff0c\u4e0d\u65b7\u5275\u65b0\u4e26\u4e14\u5be6\u8e10\u624b\u9336\u7684\u672c\u8cea\uff0c\u980c\u63da\u65e5\u672c\u7279\u6709\u7684\u6642\u9593\u54f2\u5b78\nGrand Seiko \u5b98\u65b9\u7db2\u7ad9\uff1ahttps://www.grand-seiko.com/tw-zh\n\n\u8b1d\u8b1d Grand Seiko \u8b93\u6211\u6709\u6a5f\u6703\u5e36\u7238\u5abd\u4e00\u8d77\u53bb\u65e5\u672c\uff0c\u8b93\u6ef4\u7238\u6709\u6a5f\u6703\u64d4\u4efb\u65b0\u5e97\u5340\u4ee3\u8a00\u4eba(?)\n\n\u3010\u52a0\u5165\u983b\u9053\u6703\u54e1\u3011http://bit.ly/3qIZjfT\n\n0:00 \u7cbe\u5f69\u9810\u544a\n0:35 \u6a5f\u5834\u8def\u4e0a\n3:18 \u6ef4\u7238\u5abd\u958b\u7bb1\u5546\u52d9\u8259\n5:38 \u964d\u843d\u6771\u4eac\n7:10 \u53c3\u89c0\u88fd\u9336\u5de5\u5ee0\n8:22 \u6771\u4eac ALIVE IN TIME \u5c55\u89bd\n11:51 \u8cb7\u9336\u9001\u6ef4\u7238\n\n\u6bcf\u9031\u4e00\u665a\u4e0a\u516d\u9ede\u534a\u66f4\u65b0\uff0c\u8acb\u8a18\u5f97\u958b\u555fYouTube\ud83d\udd14\u901a\u77e5\uff01\n\n\u4e0a\u4e00\u90e8\u5f71\u7247 \u7d93\u5178\u6b4c\u66f2\u7ffb\u6210\u82f1\u6587\u4f60\u807d\u5f97\u51fa\u4f86\u55ce? \u4faf\u4f69\u5c91\u6311\u6230\u4e03\u516b\u5e74\u7d1a\u795e\u66f2\ud83d\udd25https://youtu.be/TNY7cKi7OzQ\n\u4e0b\u4e00\u90e8\u5f71\u7247 \u6e96\u5099\u53f0\u7063\u88dc\u54c1\u7d66\u6fb3\u6d32\u4eba\u5403! \u53f0\u7063\u96de\u4f5b\u3001\u82e6\u8336\u5687\u58de\u731b\u7537\u6d88\u9632\u54e1! https://youtu.be/7cFGYw00iLA\n\n\u963f\u6ef4\u82f1\u6587\u7684\u4eba\u6c23\u5f71\u7247\uff1a\n\n\u25a0 \u53bb\u5916\u5546\u516c\u53f8\u5de5\u4f5c\u82f1\u6587\u8981\u591a\u597d? \u963f\u6ef4\u7a81\u8972Google\u53f0\u7063\u8fa6\u516c\u5ba4! https://youtu.be/ES73LXd4LGg\n\n\u25a0 \u4e09\u9ede\u5c31\u653e\u5b78! \u56de\u5bb6\u90fd\u5728\u73a9? \u82ac\u862d\u5b78\u751f\u600e\u9ebc\u770b\u53f0\u7063\u7684\u6559\u80b2\u5236\u5ea6?  https://youtu.be/VHnyCM6iG7o\n\n\u25a0 \u56e0\u70ba\u6ef4\u59b9\u4e00\u76f4\u4e0d\u56de\u53f0\u7063\uff0c\u6240\u4ee5\u6211\u76f4\u63a5\u98db\u53bb\u7f8e\u570b\u627e\u4ed6\u3002https://youtu.be/Ksqevn6pVZU\n\n\u25a0 \u591a\u76ca900\u5206\u82f1\u6587\u771f\u7684\u6bd4\u8f03\u6d41\u5229\u55ce? \u5927\u8b19\u7684\u8868\u73fe\u8b93\u8001\u5e2b\u9a5a\u5446\u4e86! https://youtu.be/VCrg6xYPKTA\n\n\u25a0 \u9023\u963f\u6ef4\u90fd\u5538\u932f\u7684\u5e38\u898b\u82f1\u6587!? \u5b78\u6703\u7528\u300e\u56de\u97f3\u6cd5\u300f\u7df4\u7fd2\u767c\u97f3! feat. \u53f2\u5609\u7433\u8001\u5e2b https://youtu.be/16kkr2eGSdE\n\n\u25a0 \u9109\u6c11\u8001\u5a46 VS \u570b\u6c11\u5927\u8205\u5b50! \u8ab0\u7684\u82f1\u6587\u6bd4\u8f03\u597d? https://youtu.be/YOEswmi_ZPA\n\n\u25a0 \u4e16\u7d00\u5be9\u5224\u843d\u5e55! \u5f37\u5c3c\u6234\u666e\u98a8\u5411\u4e00\u9762\u5012\u7684\u771f\u6b63\u539f\u56e0? https://youtu.be/k_QVJkecNxo\n\n\u25a0 \u53bb\u822a\u7a7a\u696d\u4e0a\u73ed\u82f1\u6587\u8981\u591a\u597d? \u958b\u7bb1\u9577\u69ae\u7687\u74bd\u6842\u51a0\u8259\u5168\u82f1\u6587\u670d\u52d9! https://youtu.be/M_bLXwjyQAU\n\n\u5176\u4ed6\u9023\u7d50\uff1a\nhttp://facebook.com/rayduenglish\nhttp://instagram.com/rayduenglish\nhttp://twitter.com/durayray\n\u5408\u4f5c\u9080\u7d04\uff1arayduenglish@gmail.com",
        "likeCount": "8038",
        "commentCount": "490",
        "viewCount": "331436"
    },
    "comments": [
        {
            "reply_id": "Ugy7Db8C2s5q52EdWKp4AaABAg",
            "reply_content": "\u8a31\u9858\u4e92\u7238\u4e92\u5abd\u8ddf\u5169\u4f4d\u5927\u5bf6\u8c9d\u4e00\u8d77\u53bb\u73a9\uff0c\u5b5d\u89aa\u5927\u96c6\u5408",
            "likeCount": 3
        },
        {
            "reply_id": "UgzXnU9JDdsZLPnEE9N4AaABAg",
            "reply_content": "\u4f60\u771f\u7684\u662f\u6765\u5b66\u82f1\u6587\u7684\u5417\u54c8\u54c8\u54c8\u54c8\u54c8\u54c8\u54c8\u54c8\u54c8\u54c8\u54c8\u54c8 \u597d\u4e45\u6ca1\u770b\u963f\u6ef4\u4e86\u624d\u53d1\u73b0\u53d8\u4e86\u5f00\u573a\u52a8\u753b",
            "likeCount": 3
        },
        {
            "reply_id": "UgyVUVf6U2LpUpJptwJ4AaABAg",
            "reply_content": "\u8ddf\u4e92\u53ef\u4e00\u8d77\u5e26\u5404\u81ea\u7684\u7238\u5988\u53bb\u65c5\u884c",
            "likeCount": 2
        },
        {
            "reply_id": "UgwRL2zF3J_LkrpMQzh4AaABAg",
            "reply_content": "\u770b\u54ed\u4e86\u597d\u51e0\u6b21",
            "likeCount": 2
        },
        {
            "reply_id": "UgyPAwhw3Z3p5TjNdkB4AaABAg",
            "reply_content": "\u7da0\u91d1\u771f\u7684\u5f88\u7f8e",
            "likeCount": 1
        },
        {
            "reply_id": "UgxRzO-fNy801PPmx1J4AaABAg",
            "reply_content": "\u7238\u7238\u597d\u53ef\u611b",
            "likeCount": 1
        },
        {
            "reply_id": "Ugxfipj0b7jdgtkKjC54AaABAg",
            "reply_content": "\u4e00\u5bb6\u4eba\u90fd\u9577\u5f97\u5f88\u50cf",
            "likeCount": 1
        },
        {
            "reply_id": "UgzIOrrTp4qWhi6p7r14AaABAg",
            "reply_content": "\u6ef4\u7238\u592a\u53ef\u611b\u4e86",
            "likeCount": 1
        },
        {
            "reply_id": "UgyrklpGvZbK1P3iZhd4AaABAg",
            "reply_content": "\u9910\u5ef3\u5973\u5e97\u54e1\u5f88\u53ef\u611b",
            "likeCount": 1
        },
        {
            "reply_id": "Ugz7IghYBSgfRMwNLpN4AaABAg",
            "reply_content": "\u771f\u5b5d\u9806",
            "likeCount": 1
        },
        {
            "reply_id": "UgwcMmlMqM0ghtC7m-t4AaABAg",
            "reply_content": "\u54c8\u54c8\u54c8\u8cb7\u597d\u8cb7\u6eff",
            "likeCount": 1
        },
        {
            "reply_id": "Ugwj5rgRhcQHb3HqGch4AaABAg",
            "reply_content": "\u65e5\u672c\u4eba\u771f\u7684\u597d\u591a\u90fd\u662f\u7528\u4e86\u82f1\u6587\u8b1b\u5b8c\u767c\u73fe\u4ed6\u5176\u5be6\u6703\u8b1b\u4e2d\u6587",
            "likeCount": 0
        },
        {
            "reply_id": "UgzBsk56-CDvmg6ICGZ4AaABAg",
            "reply_content": "\u771f\u7684\u5e36\u7238\u5abd\u51fa\u570b\u5bb6\u4eba\u90fd\u958b\u5fc3\u4e00\u767e\u842c\u500d",
            "likeCount": 0
        },
        {
            "reply_id": "UgwgDfMF_QBbp-T4KJ14AaABAg",
            "reply_content": "\u6ef4\u7238\u7684\u53cd\u61c9\u597d\u53ef\u611b\u554a",
            "likeCount": 0
        },
        {
            "reply_id": "UgygVbSyZX_k-0BcjXV4AaABAg",
            "reply_content": "\u6562\u5e36\u7238\u5abd\u53bb\u73a9\u771f\u53b2\u5bb3",
            "likeCount": 0
        },
        {
            "reply_id": "UgwIEM1mGvQqF3UGCuJ4AaABAg",
            "reply_content": "\u6ef4\u5abd\u4e5f\u592a\u53ef\u611b\u4e86\u5427",
            "likeCount": 0
        },
        {
            "reply_id": "UgwxJRuGhJV60Fbs11B4AaABAg",
            "reply_content": "\u6551\u9ede\u64ca\u7387\u53bb\u4e86",
            "likeCount": 0
        },
        {
            "reply_id": "UgwZajYYyXNPaB0fEB14AaABAg",
            "reply_content": "\u559c\u6b61\u770b\u6ef4\u7238\u5abd\u81ea\u62cd\u5f71\u7247",
            "likeCount": 3
        },
        {
            "reply_id": "Ugw2uvmSJZ7_3VS7hqd4AaABAg",
            "reply_content": "\u5abd\u5abd\u597d\u6f02\u4eae",
            "likeCount": 3
        },
        {
            "reply_id": "UgzrGSuklvGJb9GWjRV4AaABAg",
            "reply_content": "\u7238\u7238\u5988\u5988\u597d\u53ef\u7231",
            "likeCount": 2
        }
    ]
}