{
    "video_info": {
        "id": "frb5waff7pM",
        "channelTitle": "\u963f\u6ef4\u82f1\u6587",
        "title": "\u7576\u4f60\u7684\u9152\u4fdd\u662f\u4f60\u54e5\u54e5",
        "description": "\u25ba\u3010\u5b8c\u6574\u5f71\u7247\u3011\u963f\u6ef4\u8abf\u9152\u704c\u9189\u59b9\u59b9? 10\u500b\u5728\u9152\u5427\u8981\u6703\u7684\u82f1\u6587\u53e5\u5b50!\nhttps://youtu.be/jEPXAr62pSc\n\u25ba  \u963f\u6ef4\u82f1\u6587\u4e3b\u983b\u9053\nhttps://www.youtube.com/@rayduenglish\n\u25ba  \u52a0\u5165\u983b\u9053\u6703\u54e1\nhttp://bit.ly/3qIZjfT\n\n #shorts #\u963f\u6ef4\u82f1\u6587 #\u5341\u53e5\u5e38\u7528\u82f1\u6587\n\n\u2014\u2014\n\u963f\u6ef4\u82f1\u6587\u7684\u4eba\u6c23\u5f71\u7247\uff1a\n\n\u25a0 \u53bb\u5916\u5546\u516c\u53f8\u5de5\u4f5c\u82f1\u6587\u8981\u591a\u597d? \u963f\u6ef4\u7a81\u8972Google\u53f0\u7063\u8fa6\u516c\u5ba4! https://youtu.be/ES73LXd4LGg\n\n\u25a0 \u4e09\u9ede\u5c31\u653e\u5b78! \u56de\u5bb6\u90fd\u5728\u73a9? \u82ac\u862d\u5b78\u751f\u600e\u9ebc\u770b\u53f0\u7063\u7684\u6559\u80b2\u5236\u5ea6?  https://youtu.be/VHnyCM6iG7o\n\n\u25a0 \u56e0\u70ba\u6ef4\u59b9\u4e00\u76f4\u4e0d\u56de\u53f0\u7063\uff0c\u6240\u4ee5\u6211\u76f4\u63a5\u98db\u53bb\u7f8e\u570b\u627e\u4ed6\u3002https://youtu.be/Ksqevn6pVZU\n\n\u25a0 \u591a\u76ca900\u5206\u82f1\u6587\u771f\u7684\u6bd4\u8f03\u6d41\u5229\u55ce? \u5927\u8b19\u7684\u8868\u73fe\u8b93\u8001\u5e2b\u9a5a\u5446\u4e86! https://youtu.be/VCrg6xYPKTA\n\n\u25a0 \u9023\u963f\u6ef4\u90fd\u5538\u932f\u7684\u5e38\u898b\u82f1\u6587!? \u5b78\u6703\u7528\u300e\u56de\u97f3\u6cd5\u300f\u7df4\u7fd2\u767c\u97f3! feat. \u53f2\u5609\u7433\u8001\u5e2b https://youtu.be/16kkr2eGSdE\n\n\u25a0 \u9109\u6c11\u8001\u5a46 VS \u570b\u6c11\u5927\u8205\u5b50! \u8ab0\u7684\u82f1\u6587\u6bd4\u8f03\u597d? https://youtu.be/YOEswmi_ZPA\n\n\u25a0 \u4e16\u7d00\u5be9\u5224\u843d\u5e55! \u5f37\u5c3c\u6234\u666e\u98a8\u5411\u4e00\u9762\u5012\u7684\u771f\u6b63\u539f\u56e0? https://youtu.be/k_QVJkecNxo\n\n\u25a0 \u53bb\u822a\u7a7a\u696d\u4e0a\u73ed\u82f1\u6587\u8981\u591a\u597d? \u958b\u7bb1\u9577\u69ae\u7687\u74bd\u6842\u51a0\u8259\u5168\u82f1\u6587\u670d\u52d9! https://youtu.be/M_bLXwjyQAU\n\n\u5176\u4ed6\u9023\u7d50\uff1a\nhttp://facebook.com/rayduenglish\nhttp://instagram.com/rayduenglish\nhttp://twitter.com/durayray\n\u5408\u4f5c\u9080\u7d04\uff1arayduenglish@gmail.com",
        "likeCount": "30978",
        "commentCount": "102",
        "viewCount": "919090"
    },
    "comments": [
        {
            "reply_id": "UgyZzy_S02MYw0w76hV4AaABAg",
            "reply_content": "\u4e0d\u7ba1\u54e5\u54e5\u659c\u69d3\u4ec0\u9ebc\u8077\u696d\u5225\u5fd8\u4e86\u4f60\u7684\u672c\u8077\u662f\u5de5\u5177\u4eba\ud83d\ude02",
            "likeCount": 3113
        },
        {
            "reply_id": "UgzYLdN_xFxI7SjrRcR4AaABAg",
            "reply_content": "\u59b3\u5011\u771f\u7684\u662f\u4e00\u5c0d\u5f88\u8981\u597d\u7684\u5144\u59b9",
            "likeCount": 39
        },
        {
            "reply_id": "UgwYFxvm0hcZANlaJNt4AaABAg",
            "reply_content": "\u77ed\u559c\u5287\u98a8\u683c\u5f88\u8b9a\u6b38\u597d\u770b",
            "likeCount": 3
        },
        {
            "reply_id": "UgzqPQBpqobEs5tLts94AaABAg",
            "reply_content": "\u70ba\u4ec0\u9ebc\u53ef\u53e3\u53ef\u6a02\u6c92\u6709\u6c23",
            "likeCount": 1
        },
        {
            "reply_id": "Ugz0fiI8pzSRiPewzAx4AaABAg",
            "reply_content": "\u53ef\u611b\u5566",
            "likeCount": 1
        },
        {
            "reply_id": "UgxoxWraLlrxtnzraVF4AaABAg",
            "reply_content": "\u6ef4\u59b9\u771f\u7684\u5f88\u7f8e",
            "likeCount": 0
        },
        {
            "reply_id": "Ugw1F-TWKtTc4Wz9BNx4AaABAg",
            "reply_content": "\u773c\u93e1\u6ef4\u59b9\u6700\u8b9a",
            "likeCount": 0
        },
        {
            "reply_id": "UgzRC_Rl85wCgx5kund4AaABAg",
            "reply_content": "\u957f\u5f97\u597d\u50cf\u4e00\u770b\u5c31\u662f\u4eb2\u5144\u59b9",
            "likeCount": 0
        },
        {
            "reply_id": "UgxsRrQ0Qh73jrlCVVJ4AaABAg",
            "reply_content": "\u6211\u8981\u5410\u4e86",
            "likeCount": 0
        },
        {
            "reply_id": "UgyjzMMO5VuqMWM96Ad4AaABAg",
            "reply_content": "\u628a\u54e5\u54e5\u7576\u53f8\u6a5f\u4f60\u8a72\u8acb\u5403\u5bb5\u591c\u4e86",
            "likeCount": 0
        },
        {
            "reply_id": "UgxJDSyk9U-Ibd-vFtV4AaABAg",
            "reply_content": "\u8f09\u59b9\u59b9\u56de\u5bb6\u5e6b\u5979\u6d17\u6fa1",
            "likeCount": 0
        },
        {
            "reply_id": "UgwKJLV4pS8gor9G56h4AaABAg",
            "reply_content": "\u671d\u5929\u8c6c\u9f3b\u597d\u6436\u6232",
            "likeCount": 0
        },
        {
            "reply_id": "Ugys1mIFUIPePdAE4WF4AaABAg",
            "reply_content": "\u6211\u4ee5\u70ba\u6703\u52a0\u6eff\u7cd6",
            "likeCount": 0
        }
    ]
}