{
    "video_info": {
        "id": "Mk-x7NMpk2Y",
        "channelTitle": "\u963f\u6ef4\u82f1\u6587",
        "title": "\u9031\u4f11\u4e09\u65e5\u5922\u60f3\u6210\u771f!? \u82f1\u570b\u4eba\u591a\u4f11\u4e00\u5929\u7684\u9ad8\u7d1a\u751f\u6d3b\u662f\u771f\u7684\u55ce? \u8001\u95c6\u4e0d\u6703\u8981\u54e1\u5de5\u52a0\u73ed\u55ce?",
        "description": "\u9996\u8cfc\u7d50\u5e33\u8f38\u5165\u5c08\u5c6c\u4ee3\u78bc\u3010Rayduyt\u3011 \u7acb\u523b\u6298$500\uff01\uff01\n\u8996\u6613\u9069\u8449\u9ec3\u7d202\u5165\u7d44\uff0c\u9650\u6642\u7279\u50f9\u4e2d \ud83d\udc49 https://reurl.cc/Ry0e1G\n\n\u3010\u52a0\u5165\u983b\u9053\u6703\u54e1\u3011http://bit.ly/3qIZjfT\n\n0:00 \u7cbe\u91c7\u9810\u544a\n0:36 \u958b\u5834\n2:26 \u904e\u52de\u7684\u5ee3\u544a\n4:08 \u7b2c\u4e00\u4f4d\u53d7\u8a2a\u8005\n5:04 \u7b2c\u4e8c\u4f4d\u53d7\u8a2a\u8005\n5:34 \u7b2c\u4e09\u4f4d\u53d7\u8a2a\u8005\n6:41 \u7b2c\u56db\u4f4d\u53d7\u8a2a\u8005\n7:13 \u7b2c\u4e94\u4f4d\u53d7\u8a2a\u8005\n7:59 \u7b2c\u516d\u4f4d\u53d7\u8a2a\u8005\n8:25 \u7d71\u6574\u7d50\u679c\n\n\u963f\u6ef4\u53c8\u51fa\u570b\u62cd\u7247\u64ad\u653e\u6e05\u55ae\uff1ahttp://bit.ly/3XyyzPa\n\u6bcf\u9031\u4e00\u665a\u4e0a\u516d\u9ede\u66f4\u65b0\uff0c\u8acb\u8a18\u5f97\u958b\u555fYouTube\ud83d\udd14\u901a\u77e5\uff01\n\n\u4e0a\u4e00\u90e8\u5f71\u7247 \u82f1\u570b\u9802\u5927\u7206\u6599\u5927\u6703! \u82f1\u570b\u7814\u7a76\u90fd\u4e0d\u53ef\u4fe1? \u725b\u6d25\u8ddf\u528d\u6a4b\u54ea\u500b\u6bd4\u8f03\u512a\u79c0?\u3010\u725b\u6d25\u7559\u5b78\u751f\u771f\u5fc3\u8a71\u3011https://youtu.be/mMI-h_jmqKE\n\u4e0b\u4e00\u90e8\u5f71\u7247 \u8a2a\u554f\u5230\u4e00\u534a\u5ffd\u7136\u544a\u767d! \u8072\u63a7\u7406\u79d1\u592a\u592a\u6703\u88ab\u570b\u969b\u5de8\u661f\u767c\u73fe\u55ce? https://youtu.be/FEcyS-TWN14\n\n\u963f\u6ef4\u82f1\u6587\u7684\u4eba\u6c23\u5f71\u7247\uff1a\n\n\u25a0 \u53bb\u5916\u5546\u516c\u53f8\u5de5\u4f5c\u82f1\u6587\u8981\u591a\u597d? \u963f\u6ef4\u7a81\u8972Google\u53f0\u7063\u8fa6\u516c\u5ba4! https://youtu.be/ES73LXd4LGg\n\n\u25a0 \u4e09\u9ede\u5c31\u653e\u5b78! \u56de\u5bb6\u90fd\u5728\u73a9? \u82ac\u862d\u5b78\u751f\u600e\u9ebc\u770b\u53f0\u7063\u7684\u6559\u80b2\u5236\u5ea6?  https://youtu.be/VHnyCM6iG7o\n\n\u25a0 \u56e0\u70ba\u6ef4\u59b9\u4e00\u76f4\u4e0d\u56de\u53f0\u7063\uff0c\u6240\u4ee5\u6211\u76f4\u63a5\u98db\u53bb\u7f8e\u570b\u627e\u4ed6\u3002https://youtu.be/Ksqevn6pVZU\n\n\u25a0 \u591a\u76ca900\u5206\u82f1\u6587\u771f\u7684\u6bd4\u8f03\u6d41\u5229\u55ce? \u5927\u8b19\u7684\u8868\u73fe\u8b93\u8001\u5e2b\u9a5a\u5446\u4e86! https://youtu.be/VCrg6xYPKTA\n\n\u25a0 \u9023\u963f\u6ef4\u90fd\u5538\u932f\u7684\u5e38\u898b\u82f1\u6587!? \u5b78\u6703\u7528\u300e\u56de\u97f3\u6cd5\u300f\u7df4\u7fd2\u767c\u97f3! feat. \u53f2\u5609\u7433\u8001\u5e2b https://youtu.be/16kkr2eGSdE\n\n\u25a0 \u9109\u6c11\u8001\u5a46 VS \u570b\u6c11\u5927\u8205\u5b50! \u8ab0\u7684\u82f1\u6587\u6bd4\u8f03\u597d? https://youtu.be/YOEswmi_ZPA\n\n\u25a0 \u4e16\u7d00\u5be9\u5224\u843d\u5e55! \u5f37\u5c3c\u6234\u666e\u98a8\u5411\u4e00\u9762\u5012\u7684\u771f\u6b63\u539f\u56e0? https://youtu.be/k_QVJkecNxo\n\n\u25a0 \u53bb\u822a\u7a7a\u696d\u4e0a\u73ed\u82f1\u6587\u8981\u591a\u597d? \u958b\u7bb1\u9577\u69ae\u7687\u74bd\u6842\u51a0\u8259\u5168\u82f1\u6587\u670d\u52d9! https://youtu.be/M_bLXwjyQAU\n\n\u5176\u4ed6\u9023\u7d50\uff1a\nhttp://facebook.com/rayduenglish\nhttp://instagram.com/rayduenglish\nhttp://twitter.com/durayray\n\u5408\u4f5c\u9080\u7d04\uff1arayduenglish@gmail.com",
        "likeCount": "5029",
        "commentCount": "592",
        "viewCount": "270740"
    },
    "comments": [
        {
            "reply_id": "UgyPbnLSwzkow6HuYFR4AaABAg",
            "reply_content": "\u9b3c\u5cf6\u53f0\u7063\u600e\u9ebc\u53ef\u80fd\u5468\u4f11\u4e09\u65e5",
            "likeCount": 2
        },
        {
            "reply_id": "UgzhQ3mU3ar6YjAESRd4AaABAg",
            "reply_content": "\u9999\u6e2f\u4eba\u5c31\u662f\u4e2d\u56fd\u4eba",
            "likeCount": 0
        },
        {
            "reply_id": "Ugz4DmNqvV3Q7wXhSaR4AaABAg",
            "reply_content": "\u5929\u5566\u5982\u679c\u5e7c\u513f\u56ed\u4e00\u5468\u53ea\u5f00\u4e09\u5929\uff0c\u5988\u5988\u4eec\u4f1a\u75af\u7684",
            "likeCount": 0
        },
        {
            "reply_id": "UgzcRCYwRFKVaYuvlct4AaABAg",
            "reply_content": "\u6211\u89ba\u5f97\u55ae\u8b1b\u53ef\u4ee5\u4ee5\u7db2\u8def\u5b8c\u6210\u7684\u8077\u696d\u5167\u5bb9\u7684\u8a71\uff0c\u9060\u7aef\u5728\u5bb6\u5de5\u4f5c\u80fd\u89e3\u6c7a\u5927\u90e8\u5206\u554f\u984c",
            "likeCount": 0
        },
        {
            "reply_id": "UgxKD7fhkCdHHoI33L54AaABAg",
            "reply_content": "\u6700\u597d\u7684\u89e3\u6cd5\u662f\u5de5\u4f5c\u4e94\u5929\u4f46\u81ea\u5df1\u5b89\u6392\u4e00\u5929\u6253\u6df7\ud83d\ude02",
            "likeCount": 0
        },
        {
            "reply_id": "UgxOu74AT30emm8wzJR4AaABAg",
            "reply_content": "\u622a\u5716\u5c01\u9762\u7684\u5973\u751f\u9a19\u6211\u9032\u4f86\u770b\u5b8c\u5f71\u7247\u4e86",
            "likeCount": 0
        },
        {
            "reply_id": "UgxwHxsnFQ6dhrzAU7N4AaABAg",
            "reply_content": "\u6211\u76f8\u4fe1\u9031\u4f11\u4e09\u65e5\u7684\u597d\u8655\u6703\u767c\u751f \u53ea\u662f\u5f88\u591a\u516c\u53f8\u4e0d\u6703\u8003\u616e\u5690\u8a66\u770b\u770b",
            "likeCount": 0
        },
        {
            "reply_id": "UgyTGcmJajQhnvPBL714AaABAg",
            "reply_content": "\u53f0\u7063\u672a\u4f86\u662f\u91ab\u5e2b\u6cbb\u570b",
            "likeCount": 0
        },
        {
            "reply_id": "UgzS1s7u0pfR5cwZeRJ4AaABAg",
            "reply_content": "\u5f88\u6709\u8da3",
            "likeCount": 0
        },
        {
            "reply_id": "UgypclNh3CL6D44vVRt4AaABAg",
            "reply_content": "\u6211\u89ba\u5f97\u53f0\u7063\u73fe\u968e\u6bb5\u4e0d\u592a\u9069\u5408\u9019\u7a2e\u653f\u7b56\uff0c\u66f4\u591a\u7684\u65b9\u6848\u61c9\u8a72\u662f\u8981\u53bb\u6574\u6cbb\u9700\u8981\u52a0\u73ed\u537b\u4e0d\u7d66\u4e88\u52a0\u73ed\u8cbb\u7684\u52a3\u8cea\u96c7\u4e3b\u6216\u662f\u63d0\u5347\u66f4\u591a\u798f\u5229\uff0c\u7576\u4f11\u4e09\u5929\u7684\u653f\u4ee4\u5be6\u65bd\u6703\u66f4\u60e1\u5316\u96c7\u4e3b\u548c\u53d7\u96c7\u4eba\u4e4b\u9593\u7684\u95dc\u4fc2\uff0c\u6216\u8a31\u6709\u66f4\u597d\u7684\u65b9\u5f0f\u53ef\u4ee5\u9054\u5230\u96d9\u8d0f\uff0c\u6211\u7684\u89d2\u8272\u53d7\u96c7\u7684\uff0c\u6211\u8a8d\u70ba\u9019\u653f\u7b56\u771f\u7684\u958b\u59cb\u7684\u8a71\u6703\u6709\u8a31\u591a\u96c7\u4e3b\u6703\u7528\u8b8a\u76f8\u7684\u65b9\u5f0f\u53bb\u898f\u907f\uff0c\u662f\u6709\u8a31\u591a\u4e0d\u78ba\u5b9a\u6027\u53ca\u5371\u6a5f\u5b58\u5728\uff0c\u6211\u89ba\u5f97\u9019\u8ddf\u4eba\u53e3\u7b49\u554f\u984c\u662f\u606f\u606f\u76f8\u95dc\u7684",
            "likeCount": 2
        },
        {
            "reply_id": "Ugwr4ky6l-npY6khVS14AaABAg",
            "reply_content": "\u6211\u652f\u6301\u53f0\u7063\u5be6\u65bd\u5468\u4f11\u4e09\u65e5",
            "likeCount": 1
        },
        {
            "reply_id": "UgxBduhubW5ltcTGGgR4AaABAg",
            "reply_content": "\u9031\u4f11\u4e09\u65e5\u5c0d\u65bc\u88fd\u9020\u696d\u53ef\u80fd\u4e0d\u662f\u500b\u597d\u65b9\u6cd5\uff0c\u4f46\u7d66\u5047\u8b93\u6574\u9ad4\u5de5\u6642\u80fd\u5f80\u4e0b\u964d\u7684\u65b9\u5411\u53bb\u52aa\u529b\u662f\u6bd4\u8f03\u9069\u5408\u7684\uff0c\u4e26\u4e14\u8981\u7d66\u4f01\u696d\u7d66\u54e1\u5de5\u6709\u68cd\u5b50\u6709\u7cd6\u7684\u65b9\u5f0f\u53bb\u8b93\u4f11\u5047\u78ba\u5be6\u7684\u88ab\u5be6\u65bd",
            "likeCount": 0
        },
        {
            "reply_id": "Ugz7kVkj9Fanuj1zvit4AaABAg",
            "reply_content": "\u82f1\u570b\u7684\u5de5\u4f5c\u5408\u7d04\u4e0a\u6703\u6709\u4e00\u9031\u5de5\u4f5c\u5e7e\u5c0f\u6642\uff0c\u4f46\u662f\u6c92\u6709\u4e00\u9031\u5de5\u4f5c\u5e7e\u5929\u3002\u5176\u5be6\u6211\u6709\u611f\u89ba\u53f0\u7063\u4eba\u5728\u60f3\u8457\u5982\u4f55\u52aa\u529b\u5de5\u4f5c\u7684\u540c\u6642\u82f1\u570b\u4eba\u60f3\u7684\u662f\u5982\u4f55\u8b93\u5de5\u4f5c\u8b8a\u8f15\u9b06\u3002",
            "likeCount": 0
        },
        {
            "reply_id": "Ugxi03eeIXffaRNTyId4AaABAg",
            "reply_content": "\u5148\u4e0d\u8981\u8aaa\u5468\u4f11\u65e5\u4e86,\u55ae\u55ae\u662f\u4e8c\u6708\u5c11\u4e86\u5e7e\u5929\u5de5\u4f5c\u65e5\u5c31\u6703\u8b93\u751a\u9ebc\u90fd\u8b8a\u5f88\u8d95,\u5c31\u50cf\u662f\u5176\u4ed6\u7db2\u53cb\u8aaa\u7684\u4e00\u6a23,\u6211\u5011\u66f4\u61c9\u8a72\u63a2\u8a0e\u7684\u662f\u53f0\u7063\u4eba\u7684\u5de5\u4f5c\u91cf\u591a\u5230\u4e0d\u5408\u7406\u7684\u7684\u539f\u56e0",
            "likeCount": 0
        },
        {
            "reply_id": "UgxHobLekGqR4ajsg2Z4AaABAg",
            "reply_content": "\u9031\u4f11\u4e09\u65e5\u9084\u662f\u8981\u770b\u5de5\u4f5c\u7684\u6027\u8cea\u800c\u5b9a\u6703\u6bd4\u8f03\u7cbe\u6e96\u4e00\u9ede",
            "likeCount": 0
        },
        {
            "reply_id": "UgzR5kTV13UrYvwN1dp4AaABAg",
            "reply_content": "\u6700\u7d42\u9084\u662f\u770b\u7522\u696d\uff0c\u50cf\u6211\u505a\u7dad\u8b77\u4fdd\u990a\u985e\u7684\u5f88\u96e3\u5468\u4f11\u56db\u5929",
            "likeCount": 0
        },
        {
            "reply_id": "Ugz1u5LwFUGRRrW-aFF4AaABAg",
            "reply_content": "\u6709\u6c92\u6709\u767c\u73fe,\u60f3\u591a\u4f11\u606f\u7684\u570b\u5bb6\u6216\u7368\u88c1\u570b\u5bb6\u5e7e\u4e4e\u90fd\u505a\u4e0d\u51fa\u9ad8\u7d1a\u6676\u7247",
            "likeCount": 0
        },
        {
            "reply_id": "UgyvxcweKs4TLb-HyHl4AaABAg",
            "reply_content": "\u53f0\u7063\u6163\u8001\u95c6\u6aa2\u8209\u9019\u500b\u5f71\u7247",
            "likeCount": 0
        },
        {
            "reply_id": "Ugz2_sbc7eAYSqM2Hdx4AaABAg",
            "reply_content": "\u65e9\u5c31\u8a72\u5468\u4f11\u4e09\u65e5",
            "likeCount": 0
        },
        {
            "reply_id": "UgwUHwN_8aCDnUhddWZ4AaABAg",
            "reply_content": "\u9019\u7a2e\u8b70\u984c\u5176\u5be6\u9084\u6709\u5f88\u591a\u9762\u5411\u8981\u4ed4\u7d30\u8a0e\u8ad6\uff0c\u800c\u73fe\u5728\u5f88\u559c\u6b61\u770b\u8857\u8a2a\u7684\u539f\u56e0\u662f\u81ea\u5df1\u6703\u4e0d\u81ea\u89ba\u60f3\u7528\u82f1\u6587\u9673\u8ff0\u81ea\u5df1\u7684\u60f3\u6cd5\uff0c\u7b97\u662f\u7a2e\u5f88\u5947\u5999\u7684\u7df4\u7fd2\u6a5f\u6703\u3002",
            "likeCount": 6
        }
    ]
}