{
    "video_info": {
        "id": "SqS05qfxNts",
        "channelTitle": "\u963f\u6ef4\u82f1\u6587",
        "title": "\u5168\u54e1\u7206\u9810\u7b97! HOOK\u4e0d\u6562\u9762\u5c0d\u5e33\u55ae? \u516c\u958b\u56db\u89d2\u6200\u502b\u656610\u5929\u9a5a\u4eba\u958b\u92b7!",
        "description": "\u53d6\u5f97\u7368\u5bb6 Surfshark \u96d911\u512a\u60e0\uff01\n\u7acb\u5373\u9ede\u64ca\ud83e\udd88  https://surfshark.tw/partner/durayray\n\u8f38\u5165\u512a\u60e0\u4ee3\u78bc durayray \u5373\u53ef\u7372\u5f97\u984d\u59165\u500b\u6708\u514d\u8cbb\uff01\n\n\u3010\u52a0\u5165\u983b\u9053\u6703\u54e1\u3011http://bit.ly/3qIZjfT\n\n0:00 \u7cbe\u5f69\u9810\u544a\n0:33 \u5283\u6642\u4ee3\u7684\u5ee3\u544a\n1:58 \u958b\u5834\n2:33 \u5c0d\u82f1\u570b\u7684\u5370\u8c61\n7:19 \u5c0d\u82f1\u570b\u7684\u5c0f\u89c0\u5bdf\n10:14 \u5370\u8c61\u6700\u6df1\u523b\u7684\u4e8b\n11:32 \u63cf\u8ff0\u8eab\u908a\u7684\u65c5\u4f34\n14:22 \u516c\u4f48\u82f1\u570b\u7e3d\u9810\u7b97\n\n\u963f\u6ef4\u53c8\u51fa\u570b\u62cd\u7247\u64ad\u653e\u6e05\u55ae\uff1ahttp://bit.ly/3XyyzPa\n\u6bcf\u9031\u4e00\u665a\u4e0a\u516d\u9ede\u66f4\u65b0\uff0c\u8acb\u8a18\u5f97\u958b\u555fYouTube\ud83d\udd14\u901a\u77e5\uff01\n\n\u4e0a\u4e00\u90e8\u5f71\u7247 \u82f1\u570b\u8154\u771f\u7684\u592a\u597d\u807d! \u4e0d\u5c0f\u5fc3\u5c31\u5674\u4e86\u5e7e\u767e\u82f1\u938a! \ud83e\udd2d \u771f\u5be6\u958b\u7bb1\u502b\u6566\u65e5\u5e38\u5c0d\u8a71 https://youtu.be/pTY_EuZ2j0I\n\u4e0b\u4e00\u90e8\u5f71\u7247 Pok\u00e9mon\u77e5\u8b58\u5927\u4e82\u9b25!! \u53f0\u7063YouTube\u5c46\u5bf6\u53ef\u5922\u81f3\u5c0a\u5927\u5e2b\u7a76\u7adf\u662f\u8ab0? https://youtu.be/7klfZjGOMT8\n\n\u963f\u6ef4\u82f1\u6587\u7684\u4eba\u6c23\u5f71\u7247\uff1a\n\n\u25a0 \u53bb\u5916\u5546\u516c\u53f8\u5de5\u4f5c\u82f1\u6587\u8981\u591a\u597d? \u963f\u6ef4\u7a81\u8972Google\u53f0\u7063\u8fa6\u516c\u5ba4! https://youtu.be/ES73LXd4LGg\n\n\u25a0 \u4e09\u9ede\u5c31\u653e\u5b78! \u56de\u5bb6\u90fd\u5728\u73a9? \u82ac\u862d\u5b78\u751f\u600e\u9ebc\u770b\u53f0\u7063\u7684\u6559\u80b2\u5236\u5ea6?  https://youtu.be/VHnyCM6iG7o\n\n\u25a0 \u56e0\u70ba\u6ef4\u59b9\u4e00\u76f4\u4e0d\u56de\u53f0\u7063\uff0c\u6240\u4ee5\u6211\u76f4\u63a5\u98db\u53bb\u7f8e\u570b\u627e\u4ed6\u3002https://youtu.be/Ksqevn6pVZU\n\n\u25a0 \u591a\u76ca900\u5206\u82f1\u6587\u771f\u7684\u6bd4\u8f03\u6d41\u5229\u55ce? \u5927\u8b19\u7684\u8868\u73fe\u8b93\u8001\u5e2b\u9a5a\u5446\u4e86! https://youtu.be/VCrg6xYPKTA\n\n\u25a0 \u9023\u963f\u6ef4\u90fd\u5538\u932f\u7684\u5e38\u898b\u82f1\u6587!? \u5b78\u6703\u7528\u300e\u56de\u97f3\u6cd5\u300f\u7df4\u7fd2\u767c\u97f3! feat. \u53f2\u5609\u7433\u8001\u5e2b https://youtu.be/16kkr2eGSdE\n\n\u25a0 \u9109\u6c11\u8001\u5a46 VS \u570b\u6c11\u5927\u8205\u5b50! \u8ab0\u7684\u82f1\u6587\u6bd4\u8f03\u597d? https://youtu.be/YOEswmi_ZPA\n\n\u25a0 \u4e16\u7d00\u5be9\u5224\u843d\u5e55! \u5f37\u5c3c\u6234\u666e\u98a8\u5411\u4e00\u9762\u5012\u7684\u771f\u6b63\u539f\u56e0? https://youtu.be/k_QVJkecNxo\n\n\u25a0 \u53bb\u822a\u7a7a\u696d\u4e0a\u73ed\u82f1\u6587\u8981\u591a\u597d? \u958b\u7bb1\u9577\u69ae\u7687\u74bd\u6842\u51a0\u8259\u5168\u82f1\u6587\u670d\u52d9! https://youtu.be/M_bLXwjyQAU\n\n\u5176\u4ed6\u9023\u7d50\uff1a\nhttp://facebook.com/rayduenglish\nhttp://instagram.com/rayduenglish\nhttp://twitter.com/durayray\n\u5408\u4f5c\u9080\u7d04\uff1arayduenglish@gmail.com",
        "likeCount": "13596",
        "commentCount": "981",
        "viewCount": "576808"
    },
    "comments": [
        {
            "reply_id": "Ugwo9M7HI2cojtFyxAV4AaABAg",
            "reply_content": "\u6211\u6bd4\u8f03\u597d\u5947\u633a\u4e5d\u59b9\u8ddf\u5c0d\u5225\u4eba\u8a00\u8a9e\u9738\u51cc\u54ea\u500b\u6bd4\u8f03\u5641\u5fc3 \n\u9019\u4e16\u754c\u7684\u60e1\u610f\u771f\u7684\u662f\u591a\u5230\u6211\u96e3\u4ee5\u7406\u89e3\u7684\u5730\u6b65",
            "likeCount": 25
        },
        {
            "reply_id": "UgxQ2ruUJcb2AieGjuh4AaABAg",
            "reply_content": "\u4f60\u6709\u5438\u6bd2\u55ce",
            "likeCount": 19
        },
        {
            "reply_id": "UgxZ4UuDJM_KxSdO-op4AaABAg",
            "reply_content": "\u8ddf\u9152\u9eb5\u6709\u95dc\u7684\u90fd\u53bb\u9a57\u4e00\u9a57\u5927\u9ebb",
            "likeCount": 12
        },
        {
            "reply_id": "Ugy2dMX4PnVY3HSE_wh4AaABAg",
            "reply_content": "\u771f\u53ef\u6015\uff5e\u9019\u908a\u7684\u7559\u8a00\u771f\u7684\u6bd4\u5438\u5927\u9ebb\u7684\u4eba\u9084\u8981\u60e1\u6bd2",
            "likeCount": 11
        },
        {
            "reply_id": "UgxjyrrDHeuSw6rToPx4AaABAg",
            "reply_content": "\u8acb\u554f\u6211\u7684\u6182\u9b31\u75c7\u9760\u62bd\u5927\u9ebb\u6cbb\u597d\u7684\u82f1\u6587\u600e\u9ebc\u8aaa",
            "likeCount": 10
        },
        {
            "reply_id": "UgwfJx1DQHnpKpETY-N4AaABAg",
            "reply_content": "\u5438\u9ebb",
            "likeCount": 10
        },
        {
            "reply_id": "UgxoolHE8tTUtCKT9I14AaABAg",
            "reply_content": "\u9ebb\u4e0d\u9ebb",
            "likeCount": 9
        },
        {
            "reply_id": "Ugyh_85HExdd8tK_U5N4AaABAg",
            "reply_content": "\u8acb\u554f\u6211\u633a\u5438\u6bd2\u72af\u82f1\u6587\u600e\u9ebc\u8b1b",
            "likeCount": 8
        },
        {
            "reply_id": "UgzNxl8m7XprxBhx2YZ4AaABAg",
            "reply_content": "\u4e00\u5806\u53ef\u6190\u7559\u8a00",
            "likeCount": 6
        },
        {
            "reply_id": "UgyPSfwMed1DbgjYpTB4AaABAg",
            "reply_content": "\u99ac\u9ebb",
            "likeCount": 4
        },
        {
            "reply_id": "Ugw1QT5ssgfPqbgCSZB4AaABAg",
            "reply_content": "\u829d\u9ebb\u8857\u7f8e\u8a9e",
            "likeCount": 3
        },
        {
            "reply_id": "Ugz9ykEATxuW6McUCDF4AaABAg",
            "reply_content": "\u633a\u5c31\u4ee3\u8868\u652f\u6301\u5438\u6bd2\u4e86\uff1f\u4f60\u5011\u9019\u4e9b\u4eba\u908f\u8f2f\u771f\u5947\u602a",
            "likeCount": 2
        },
        {
            "reply_id": "Ugy4Z0R9k3EXwECy05F4AaABAg",
            "reply_content": "\u82f1\u570b\u822a\u7a7a\u5f88\u591a\u5e74\u90fd\u6c92\u597d\u904e",
            "likeCount": 1
        },
        {
            "reply_id": "UgwxPlIbB7aGpWQLTNJ4AaABAg",
            "reply_content": "\u5ee3\u544a\u8b1b\u7684\u771f\u597d",
            "likeCount": 1
        },
        {
            "reply_id": "Ugwwok8BJg4wiEnbQYN4AaABAg",
            "reply_content": "\u6211\u6bd4\u8f03\u597d\u5947 \u70ba\u4ec0\u9ebc\u4ed6\u5011\u53bb\u5404\u570b\u570b\u5bb6\u5403\u9019\u9ebc\u591a\u9084\u9019\u9ebc\u7626",
            "likeCount": 0
        },
        {
            "reply_id": "UgzrkqQpIIovQ7SaGHB4AaABAg",
            "reply_content": "\u61c9\u8a72\u8981\u9a57\u4e00\u4e0b",
            "likeCount": 0
        },
        {
            "reply_id": "UgylqeBjWCf_0jgDAmN4AaABAg",
            "reply_content": "\u5df2\u9000\u8a02\u7121\u6cd5\u518d\u652f\u6301\u633a\u5438\u6bd2\u72af\u7684\u4eba",
            "likeCount": 45
        },
        {
            "reply_id": "Ugwpdj3ehe8qChVg7_p4AaABAg",
            "reply_content": "\u963f\u6ef4\u53ef\u4ee5\u62cd\u4f60\u5011\u56db\u500b\u4eba\u4e00\u8d77\u53bb\u9a57\u5c3f\u9a57\u9aee\u7684\u5f71\u7247\u55ce\uff1f\u9806\u4fbf\u6559\u5927\u5bb6\u95dc\u65bc\u6bd2\u54c1\u9632\u5236\u7684\u82f1\u6587 \u547c\u7c72\u89c0\u773e\u7c89\u7d72\u5011\u4e0d\u8981\u78b0\u6bd2\u54c1 \u4e00\u8d77\u70ba\u6bd2\u54c1\u9632\u5236\u76e1\u4e00\u4efd\u529b",
            "likeCount": 37
        },
        {
            "reply_id": "UgwOVRRqK2HXES0W14N4AaABAg",
            "reply_content": "\u6211\u633a\u5728\u53f0\u7063\u975e\u6cd5\u6301\u6709\u5927\u9ebb\u7684\u670b\u53cb\u7684\u82f1\u6587\u8981\u600e\u9ebc\u8aaa\u5462",
            "likeCount": 30
        },
        {
            "reply_id": "UgyDA9Y2AlvuNJAuqh14AaABAg",
            "reply_content": "\u5c0d\u4f60\u8d85\u5931\u671b",
            "likeCount": 22
        }
    ]
}