{
    "video_info": {
        "id": "sYVO25oh3yw",
        "channelTitle": "\u963f\u6ef4\u82f1\u6587",
        "title": "\u6ef4\u8b19CP\u624d\u662f\u5b98\u914d!! \u5927\u8b19\u6703\u559c\u6b61\u6211\u6392\u7684\u82f1\u502b\u6d6a\u6f2b\u884c\u7a0b\u55ce?",
        "description": "\u4e00\u65e5\u7d04\u6703\u7cfb\u5217\u7d42\u65bc\u4f86\u5230\u5b98\u914dCP\u7684\u74b0\u7bc0\u2764\ufe0f\n\n\u5927\u5bb6\u5982\u679c\u60f3\u77e5\u9053\u600e\u9ebc\u8ddf\u6211\u4e00\u6a23\u5230\u8655\u90fd\u80fd\u7d04\n\u5feb\u4f86JustDating\u8f15\u9b06\u8a8d\u8b58\u65b0\u670b\u53cb\u5427\uff01\n\ud83d\udc49 https://reurl.cc/4WRo3D\n\n\u3010\u52a0\u5165\u983b\u9053\u6703\u54e1\u3011http://bit.ly/3qIZjfT\n\n0:00 \u7cbe\u5f69\u9810\u544a\n0:23 \u5f88\u6e23\u7684\u5ee3\u544a\n1:31 \u56db\u89d2\u6200\u5408\u9ad4\u958b\u5834\n2:30 \u6ef4\u8b19\u7684\u65e9\u9910\u5496\u5561\n5:53 \u6ef4\u8b19\u7684\u5927\u82f1\u535a\u7269\u9928\n10:15 \u6ef4\u8b19\u7684\u502b\u6566\u5730\u9435\n12:16 \u6ef4\u8b19\u7684\u53e4\u8e5f\u5348\u9910\n14:52 \u6ef4\u8b19\u7684\u5927\u7b28\u9418\n15:18 \u56db\u89d2\u6200\u56de\u5bb6\n\n\u963f\u6ef4\u53c8\u51fa\u570b\u62cd\u7247\u64ad\u653e\u6e05\u55ae\uff1ahttp://bit.ly/3XyyzPa\n\u6bcf\u9031\u4e00\u665a\u4e0a\u516d\u9ede\u66f4\u65b0\uff0c\u8acb\u8a18\u5f97\u958b\u555fYouTube\ud83d\udd14\u901a\u77e5\uff01\n\n\u4e0a\u4e00\u90e8\u5f71\u7247 \u8a2a\u554f\u5230\u4e00\u534a\u5ffd\u7136\u544a\u767d! \u8072\u63a7\u7406\u79d1\u592a\u592a\u6703\u88ab\u570b\u969b\u5de8\u661f\u767c\u73fe\u55ce?  https://youtu.be/FEcyS-TWN14\n\u4e0b\u4e00\u90e8\u5f71\u7247 \u8ddf\u963f\u6ef4\u7d04\u6703\u5c45\u7136\u88ab\u5e36\u53bb\u8003\u96c5\u601d!? \u5927\u8b19\u7684\u82f1\u6587\u53e3\u8aaa\u80fd\u5920\u62ff\u5e7e\u5206? https://youtu.be/7rIqsOxd1Ig\n\n\u963f\u6ef4\u82f1\u6587\u7684\u4eba\u6c23\u5f71\u7247\uff1a\n\n\u25a0 \u53bb\u5916\u5546\u516c\u53f8\u5de5\u4f5c\u82f1\u6587\u8981\u591a\u597d? \u963f\u6ef4\u7a81\u8972Google\u53f0\u7063\u8fa6\u516c\u5ba4! https://youtu.be/ES73LXd4LGg\n\n\u25a0 \u4e09\u9ede\u5c31\u653e\u5b78! \u56de\u5bb6\u90fd\u5728\u73a9? \u82ac\u862d\u5b78\u751f\u600e\u9ebc\u770b\u53f0\u7063\u7684\u6559\u80b2\u5236\u5ea6?  https://youtu.be/VHnyCM6iG7o\n\n\u25a0 \u56e0\u70ba\u6ef4\u59b9\u4e00\u76f4\u4e0d\u56de\u53f0\u7063\uff0c\u6240\u4ee5\u6211\u76f4\u63a5\u98db\u53bb\u7f8e\u570b\u627e\u4ed6\u3002https://youtu.be/Ksqevn6pVZU\n\n\u25a0 \u591a\u76ca900\u5206\u82f1\u6587\u771f\u7684\u6bd4\u8f03\u6d41\u5229\u55ce? \u5927\u8b19\u7684\u8868\u73fe\u8b93\u8001\u5e2b\u9a5a\u5446\u4e86! https://youtu.be/VCrg6xYPKTA\n\n\u25a0 \u9023\u963f\u6ef4\u90fd\u5538\u932f\u7684\u5e38\u898b\u82f1\u6587!? \u5b78\u6703\u7528\u300e\u56de\u97f3\u6cd5\u300f\u7df4\u7fd2\u767c\u97f3! feat. \u53f2\u5609\u7433\u8001\u5e2b https://youtu.be/16kkr2eGSdE\n\n\u25a0 \u9109\u6c11\u8001\u5a46 VS \u570b\u6c11\u5927\u8205\u5b50! \u8ab0\u7684\u82f1\u6587\u6bd4\u8f03\u597d? https://youtu.be/YOEswmi_ZPA\n\n\u25a0 \u4e16\u7d00\u5be9\u5224\u843d\u5e55! \u5f37\u5c3c\u6234\u666e\u98a8\u5411\u4e00\u9762\u5012\u7684\u771f\u6b63\u539f\u56e0? https://youtu.be/k_QVJkecNxo\n\n\u25a0 \u53bb\u822a\u7a7a\u696d\u4e0a\u73ed\u82f1\u6587\u8981\u591a\u597d? \u958b\u7bb1\u9577\u69ae\u7687\u74bd\u6842\u51a0\u8259\u5168\u82f1\u6587\u670d\u52d9! https://youtu.be/M_bLXwjyQAU\n\n\u5176\u4ed6\u9023\u7d50\uff1a\nhttp://facebook.com/rayduenglish\nhttp://instagram.com/rayduenglish\nhttp://twitter.com/durayray\n\u5408\u4f5c\u9080\u7d04\uff1arayduenglish@gmail.com",
        "likeCount": "8493",
        "commentCount": "292",
        "viewCount": "412301"
    },
    "comments": [
        {
            "reply_id": "Ugw3cgd6BPUgYI8gYRt4AaABAg",
            "reply_content": "\u5176\u5be6\u535a\u7269\u9928\u9577\u9019\u6a23\u662f\u56e0\u70ba\u90fd\u4e0d\u662f\u771f\u54c1\u6240\u4ee5\u76f4\u63a5\u4e0d\u7279\u5225\u898f\u7bc4\u90a3\u500b\u8ddd\u96e2\u800c\u5df2",
            "likeCount": 0
        },
        {
            "reply_id": "UgxitYUznTvX0fLvzb14AaABAg",
            "reply_content": "\u90a3\u662f\u963f\u52aa\u7d0d\u5947",
            "likeCount": 0
        },
        {
            "reply_id": "UgxBPEZbXIYa8u-EZzh4AaABAg",
            "reply_content": "\u5f88\u9177\u54e6",
            "likeCount": 0
        },
        {
            "reply_id": "UgyaR7ruOUQul5plN_p4AaABAg",
            "reply_content": "\u5927\u82f1\u535a\u7269\u9928\u4e0d\u7528\u9580\u7968\u597d\u50cf\u662f\u56e0\u70ba\u81ea\u5df1\u570b\u5bb6\u7684\u6587\u7269\u6c92\u8d85\u904e\u4e00\u5b9a\u7684\u6578\u6240\u4ee5\u4e0d\u80fd\u6536\u9580\u7968",
            "likeCount": 0
        },
        {
            "reply_id": "Ugx25z254zfq2qMtxx54AaABAg",
            "reply_content": "\u54e5\u5e03\u6797\u9084\u6211\u72c2\u65b0\u805e",
            "likeCount": 0
        },
        {
            "reply_id": "Ugxhg0oM9Wf6pcZHr3Z4AaABAg",
            "reply_content": "\u54e5\u5e03\u6797\u9084\u6211\u72c2\u65b0\u805e",
            "likeCount": 0
        },
        {
            "reply_id": "Ugx91bCE0e8hdeDy3bB4AaABAg",
            "reply_content": "\u61c9\u8a72\u53bb\u7dad\u591a\u5229\u4e9e\u8eca\u7ad9\u642d\u706b\u8eca\u7684\uff0c\u8eca\u7ad9\u5f88\u6709\u7279\u8272",
            "likeCount": 0
        },
        {
            "reply_id": "UgyFLlp8waxQsKw1gqN4AaABAg",
            "reply_content": "\u5230\u82f1\u570b\u9084\u770b\u5230\u6cf0\u5c71\u7684\u7d14\u6c34\u771f\u7684\u83ab\u540d\u7684\u8b9a",
            "likeCount": 0
        },
        {
            "reply_id": "Ugx3UlmKhFfy0gzcXCN4AaABAg",
            "reply_content": "\u6c92\u60f3\u5230\u7b2c\u4e00\u9593\u5496\u5561\u5c31\u662f\u81ea\u5df1\u66fe\u7d93\u5230\u904e\u7684\u9ede\uff5e\u52fe\u8d77\u6eff\u6eff\u7684\u56de\u61b6",
            "likeCount": 9
        },
        {
            "reply_id": "UgwzkacYo8NxvDXAnOt4AaABAg",
            "reply_content": "\u4e0d\u53ef\u80fd\u62cd\u60c5\u4fb6\u7cfb\u5217\u9084\u6709\u696d\u914d\u5427",
            "likeCount": 2
        },
        {
            "reply_id": "UgwYm5VONcukDYzWoYh4AaABAg",
            "reply_content": "\u70ba\u4ec0\u9ebc\u696d\u914d\u4ecb\u7d39\u7684\u6709\u9ede\u5fc3\u865b",
            "likeCount": 1
        },
        {
            "reply_id": "UgzeS6dhTHkvazCHp1d4AaABAg",
            "reply_content": "\u9694\u5929\u9ec3\u5927\u8b19\u5c31\u7d04\u6211\u53bb\u570b\u5bb6\u7f8e\u8853\u9928\u4e86",
            "likeCount": 2743
        },
        {
            "reply_id": "UgxoKbFdlRMITG-co2J4AaABAg",
            "reply_content": "\u8207\u4f60\u5206\u4eab\u7684\u5feb\u6a02\u52dd\u904e\u7368\u81ea\u64c1\u6709",
            "likeCount": 37
        },
        {
            "reply_id": "UgxecDzOGUrlL6W-dG14AaABAg",
            "reply_content": "\u80d6\u54e5\u918b\u7f48\u5b50\u8981\u6253\u7ffb\u4e86",
            "likeCount": 15
        },
        {
            "reply_id": "Ugy4Bpkk3mEhBJJ_-Kp4AaABAg",
            "reply_content": "\u4e2d\u592e\u7a7a\u8abf",
            "likeCount": 4
        },
        {
            "reply_id": "UgygKIedVqo1RPtvPst4AaABAg",
            "reply_content": "\u6211\u4e0d\u662f\u4f86\u5b78\u82f1\u6587\u7684",
            "likeCount": 3
        },
        {
            "reply_id": "UgzI4ArvcsHMlDGrfNd4AaABAg",
            "reply_content": "\u982d\u9999",
            "likeCount": 3
        },
        {
            "reply_id": "Ugx86GpcBVZMdo9fc6t4AaABAg",
            "reply_content": "\u4f86\u4e86",
            "likeCount": 3
        },
        {
            "reply_id": "UgzlCP039R3ow4jfNlh4AaABAg",
            "reply_content": "\u4e00\u5206\u9418",
            "likeCount": 2
        }
    ]
}