{
    "video_info": {
        "id": "TkptYAq3gww",
        "channelTitle": "\u963f\u6ef4\u82f1\u6587",
        "title": "Kimberley\u62cd\u651d\u4e2d\u5fcd\u4e0d\u4f4f\u55c6\u7206\u963f\u6ef4! \u9019\u4e9bYouTube\u64ad\u653e\u7834\u5104\u7684\u795e\u66f2\u4f60\u807d\u5f97\u51fa\u4f86\u55ce?",
        "description": "\u9673\u82b3\u8a9e\u5168\u65b0\u55ae\u66f2\u3008Can't Stop\u3009\u6436\u5148\u807d\uff1ahttps://youtu.be/z0pHenkPK3A\nMATCHA \u5168\u65b0\u55ae\u66f2\u3008Give It To Me\u3009\uff1ahttps://youtu.be/2are3YaCytQ\n\n\u3010\u52a0\u5165\u983b\u9053\u6703\u54e1\u3011http://bit.ly/3qIZjfT\n\n0:00 \u7cbe\u5f69\u9810\u544a\n0:33 \u4f86\u8cd3\u4ecb\u7d39\n2:15 \u6696\u8eab\u984c\n2:59 \u731c\u6b4c\u6311\u6230\u958b\u59cb\n7:18 \u516c\u4f48\u6210\u7e3e\n8:24 \u958b\u7bb1\u4fbf\u5229\u8cbc\n\n\u6bcf\u9031\u4e00\u665a\u4e0a\u516d\u9ede\u66f4\u65b0\uff0c\u8acb\u8a18\u5f97\u958b\u555fYouTube\ud83d\udd14\u901a\u77e5\uff01\n\n\u4e0a\u4e00\u90e8\u5f71\u7247 \u516c\u5e03\u963f\u6ef4\u82f1\u6587\u7684\u96c5\u601d\u6210\u7e3e! \u9019\u500b\u5206\u6578\u6211\u4e0d\u80fd\u63a5\u53d7!! https://youtu.be/vWCBrWQ3Oak\n\u4e0b\u4e00\u90e8\u5f71\u7247 \u53f0\u5f0f\u73cd\u5976\u5728\u82f1\u570b\u53d7\u6b61\u8fce\u55ce? \u56db\u89d2\u6200\u8003\u8336\u502b\u6566\u624b\u6416\u98f2\ud83d\udd25\nhttps://youtu.be/-sb7LfMlJZg\n\n\u963f\u6ef4\u82f1\u6587\u7684\u4eba\u6c23\u5f71\u7247\uff1a\n\n\u25a0 \u53bb\u5916\u5546\u516c\u53f8\u5de5\u4f5c\u82f1\u6587\u8981\u591a\u597d? \u963f\u6ef4\u7a81\u8972Google\u53f0\u7063\u8fa6\u516c\u5ba4! https://youtu.be/ES73LXd4LGg\n\n\u25a0 \u4e09\u9ede\u5c31\u653e\u5b78! \u56de\u5bb6\u90fd\u5728\u73a9? \u82ac\u862d\u5b78\u751f\u600e\u9ebc\u770b\u53f0\u7063\u7684\u6559\u80b2\u5236\u5ea6?  https://youtu.be/VHnyCM6iG7o\n\n\u25a0 \u56e0\u70ba\u6ef4\u59b9\u4e00\u76f4\u4e0d\u56de\u53f0\u7063\uff0c\u6240\u4ee5\u6211\u76f4\u63a5\u98db\u53bb\u7f8e\u570b\u627e\u4ed6\u3002https://youtu.be/Ksqevn6pVZU\n\n\u25a0 \u591a\u76ca900\u5206\u82f1\u6587\u771f\u7684\u6bd4\u8f03\u6d41\u5229\u55ce? \u5927\u8b19\u7684\u8868\u73fe\u8b93\u8001\u5e2b\u9a5a\u5446\u4e86! https://youtu.be/VCrg6xYPKTA\n\n\u25a0 \u9023\u963f\u6ef4\u90fd\u5538\u932f\u7684\u5e38\u898b\u82f1\u6587!? \u5b78\u6703\u7528\u300e\u56de\u97f3\u6cd5\u300f\u7df4\u7fd2\u767c\u97f3! feat. \u53f2\u5609\u7433\u8001\u5e2b https://youtu.be/16kkr2eGSdE\n\n\u25a0 \u9109\u6c11\u8001\u5a46 VS \u570b\u6c11\u5927\u8205\u5b50! \u8ab0\u7684\u82f1\u6587\u6bd4\u8f03\u597d? https://youtu.be/YOEswmi_ZPA\n\n\u25a0 \u4e16\u7d00\u5be9\u5224\u843d\u5e55! \u5f37\u5c3c\u6234\u666e\u98a8\u5411\u4e00\u9762\u5012\u7684\u771f\u6b63\u539f\u56e0? https://youtu.be/k_QVJkecNxo\n\n\u25a0 \u53bb\u822a\u7a7a\u696d\u4e0a\u73ed\u82f1\u6587\u8981\u591a\u597d? \u958b\u7bb1\u9577\u69ae\u7687\u74bd\u6842\u51a0\u8259\u5168\u82f1\u6587\u670d\u52d9! https://youtu.be/M_bLXwjyQAU\n\n\u5176\u4ed6\u9023\u7d50\uff1a\nhttp://facebook.com/rayduenglish\nhttp://instagram.com/rayduenglish\nhttp://twitter.com/durayray\n\u5408\u4f5c\u9080\u7d04\uff1arayduenglish@gmail.com",
        "likeCount": "3711",
        "commentCount": "80",
        "viewCount": "200468"
    },
    "comments": [
        {
            "reply_id": "Ugwdv8a4Yr5NWjx-HEN4AaABAg",
            "reply_content": "\u9673\u82b3\u8a9e\u597d\u53ef\u611b\uff0c\u770b\u7684\u51fa\u4f86\u963f\u6ef4\u9019\u96c6\u9304\u5f97\u5f88\u958b\u5fc3",
            "likeCount": 48
        },
        {
            "reply_id": "Ugzdf0LGTgBO9JuPsjx4AaABAg",
            "reply_content": "\u6cf0\u570b\u4eba\u7684\u8a9e\u8a00\u5929\u8ce6\u5c31\u662f\u51fa\u8272\uff0c\u5f88\u591a\u6cf0\u570b\u660e\u661f\u8b1b\u4e2d\u6587\u90fd\u8d85\u6e9c",
            "likeCount": 35
        },
        {
            "reply_id": "UgzEOoORmqNJGdamoTJ4AaABAg",
            "reply_content": "\u597d\u4e45\u4e0d\u898b\u7684\u731c\u6b4c!\u7a81\u7136\u60f3\u5ff5\u4e4b\u524d\u963f\u6ef4\u5f48\u92fc\u7434\u731c\u6b4c\u7684\u5f71\u7247\u4e86",
            "likeCount": 19
        },
        {
            "reply_id": "UgzzHjSWk-Kk4fXQyjp4AaABAg",
            "reply_content": "\u963f\u6ef4\u81c9\u8d85\u7d05",
            "likeCount": 4
        },
        {
            "reply_id": "UgzFwF4L6ziJEukIEOF4AaABAg",
            "reply_content": "\u8d85\u7d1a\u7121\u6575\u4f30\u6b4c\u4ed4\u54c8\u54c8",
            "likeCount": 4
        },
        {
            "reply_id": "UgyN6klkztkDE3_J3c14AaABAg",
            "reply_content": "\u7c3d",
            "likeCount": 4
        },
        {
            "reply_id": "UgyvsCbJWvSbyegguMx4AaABAg",
            "reply_content": "\u597d\u559c\u6b61\u731c\u6b4c\u7cfb\u5217",
            "likeCount": 2
        },
        {
            "reply_id": "UgyqLVFkJFLpklPKovd4AaABAg",
            "reply_content": "\u963f\u6ef4\u611f\u89ba\u771f\u7684\u8f38\u4e0d\u8d77",
            "likeCount": 1
        },
        {
            "reply_id": "Ugw4-2oL-gYiRvl6zKl4AaABAg",
            "reply_content": "\u4eca\u5929\u9019\u5e7e\u4e0d\u592a\u559c\u6b61",
            "likeCount": 1
        },
        {
            "reply_id": "UgwqRljPWNBYk_U-VNN4AaABAg",
            "reply_content": "\u5979\u5728\u54fc\u7684\u6642\u5019\u53ef\u4ee5\u4e0d\u8981\u4e0a\u80cc\u666f\u97f3\u6a02\uff0c\u8b93\u6211\u5011\u4e5f\u53c3\u8207\u4e00\u4e0b\u5427",
            "likeCount": 0
        },
        {
            "reply_id": "UgxROqd0_yWRUwx0Zol4AaABAg",
            "reply_content": "\u54e5\u5e03\u6797\u9084\u6211\u72c2\u65b0\u805e",
            "likeCount": 0
        },
        {
            "reply_id": "Ugwsb8LOCkV6HDmJUFh4AaABAg",
            "reply_content": "\u90fd\u4e0d\u9a55\u82f1\u6587",
            "likeCount": 0
        },
        {
            "reply_id": "UgycfFL0DMWUoObin9p4AaABAg",
            "reply_content": "\u6574\u96c6\u4e00\u76f4\u770b\u809a\u809a\u54c8\u54c8",
            "likeCount": 0
        }
    ]
}