{
    "video_info": {
        "id": "TNY7cKi7OzQ",
        "channelTitle": "\u963f\u6ef4\u82f1\u6587",
        "title": "\u7d93\u5178\u6b4c\u66f2\u7ffb\u6210\u82f1\u6587\u4f60\u807d\u5f97\u51fa\u4f86\u55ce? \u4faf\u4f69\u5c91\u6311\u6230\u4e03\u516b\u5e74\u7d1a\u795e\u66f2\ud83d\udd25 @yanrouya",
        "description": "\u8d85\u958b\u5fc3\u9019\u6b21\u80fd\u540c\u6642\u548c\u5169\u4f4d(?)\u4e3b\u64ad\u4e00\u8d77\u731c\u6b4c\uff01\uff01\n\u5927\u5bb6\u53ea\u8981\u5728\u4e0b\u65b9\u7559\u8a00\u5206\u4eab\u300c\u9047\u898b\u7406\u89e3\u4f60\u7684\u4eba\u300d\u7684\u6545\u4e8b\ud83d\udc1f\ud83d\udc7d\n\u5c31\u6709\u6a5f\u6703\u7372\u5f97\u4faf\u4f69\u5c91\u89aa\u7b46\u7c3d\u540d\u300a\u770b\u898b\u4f60\uff0c\u807d\u898b\u6211\uff0c\u9047\u898b\u611b\uff1a\u7c73\u7c73\u8207\u767d\u96ea\u300b\u4e00\u672c\uff01\n\n\u3010\u52a0\u5165\u983b\u9053\u6703\u54e1\u3011http://bit.ly/3qIZjfT\n\n0:00 \u958b\u5834\n2:31 \u6696\u8eab\u984c\n2:59 \u7b2c\u4e8c\u984c\n3:47 \u7b2c\u4e09\u984c\n4:36 \u7b2c\u56db\u984c\n5:31 \u7b2c\u4e94\u984c\n6:07 \u7b2c\u516d\u984c\n6:28 \u6700\u5f8c\u4e00\u984c\n7:17 \u7e6a\u672c\u4ecb\u7d39\n11:59 \u798f\u5229\u74b0\u7bc0\n12:47 \u756b\u9762\u7f8e\u597d\u7684\u5f69\u86cb\n\n\u6bcf\u9031\u4e00\u665a\u4e0a\u516d\u9ede\u534a\u66f4\u65b0\uff0c\u8acb\u8a18\u5f97\u958b\u555fYouTube\ud83d\udd14\u901a\u77e5\uff01\n\n\u4e0a\u4e00\u90e8\u5f71\u7247 Pok\u00e9mon\u77e5\u8b58\u5927\u4e82\u9b25!! \u53f0\u7063YouTube\u754c\u5bf6\u53ef\u5922\u81f3\u5c0a\u5927\u5e2b\u7a76\u7adf\u662f\u8ab0? https://youtu.be/7klfZjGOMT8\n\u4e0b\u4e00\u90e8\u5f71\u7247 \u7b2c\u4e00\u6b21\u5e36\u7238\u5abd\u51fa\u570b\u5c31\u9001\u540d\u9336\u7684\u6211\uff0c\u662f\u5b5d\u5b50\u55ce?  https://youtu.be/__TFwxRqG6k\n\n\u963f\u6ef4\u82f1\u6587\u7684\u4eba\u6c23\u5f71\u7247\uff1a\n\n\u25a0 \u53bb\u5916\u5546\u516c\u53f8\u5de5\u4f5c\u82f1\u6587\u8981\u591a\u597d? \u963f\u6ef4\u7a81\u8972Google\u53f0\u7063\u8fa6\u516c\u5ba4! https://youtu.be/ES73LXd4LGg\n\n\u25a0 \u4e09\u9ede\u5c31\u653e\u5b78! \u56de\u5bb6\u90fd\u5728\u73a9? \u82ac\u862d\u5b78\u751f\u600e\u9ebc\u770b\u53f0\u7063\u7684\u6559\u80b2\u5236\u5ea6?  https://youtu.be/VHnyCM6iG7o\n\n\u25a0 \u56e0\u70ba\u6ef4\u59b9\u4e00\u76f4\u4e0d\u56de\u53f0\u7063\uff0c\u6240\u4ee5\u6211\u76f4\u63a5\u98db\u53bb\u7f8e\u570b\u627e\u4ed6\u3002https://youtu.be/Ksqevn6pVZU\n\n\u25a0 \u591a\u76ca900\u5206\u82f1\u6587\u771f\u7684\u6bd4\u8f03\u6d41\u5229\u55ce? \u5927\u8b19\u7684\u8868\u73fe\u8b93\u8001\u5e2b\u9a5a\u5446\u4e86! https://youtu.be/VCrg6xYPKTA\n\n\u25a0 \u9023\u963f\u6ef4\u90fd\u5538\u932f\u7684\u5e38\u898b\u82f1\u6587!? \u5b78\u6703\u7528\u300e\u56de\u97f3\u6cd5\u300f\u7df4\u7fd2\u767c\u97f3! feat. \u53f2\u5609\u7433\u8001\u5e2b https://youtu.be/16kkr2eGSdE\n\n\u25a0 \u9109\u6c11\u8001\u5a46 VS \u570b\u6c11\u5927\u8205\u5b50! \u8ab0\u7684\u82f1\u6587\u6bd4\u8f03\u597d? https://youtu.be/YOEswmi_ZPA\n\n\u25a0 \u4e16\u7d00\u5be9\u5224\u843d\u5e55! \u5f37\u5c3c\u6234\u666e\u98a8\u5411\u4e00\u9762\u5012\u7684\u771f\u6b63\u539f\u56e0? https://youtu.be/k_QVJkecNxo\n\n\u25a0 \u53bb\u822a\u7a7a\u696d\u4e0a\u73ed\u82f1\u6587\u8981\u591a\u597d? \u958b\u7bb1\u9577\u69ae\u7687\u74bd\u6842\u51a0\u8259\u5168\u82f1\u6587\u670d\u52d9! https://youtu.be/M_bLXwjyQAU\n\n\u5176\u4ed6\u9023\u7d50\uff1a\nhttp://facebook.com/rayduenglish\nhttp://instagram.com/rayduenglish\nhttp://twitter.com/durayray\n\u5408\u4f5c\u9080\u7d04\uff1arayduenglish@gmail.com",
        "likeCount": "2126",
        "commentCount": "204",
        "viewCount": "94091"
    },
    "comments": [
        {
            "reply_id": "Ugz_0kwguCfADRT6EzJ4AaABAg",
            "reply_content": "\u4faf\u4f69\u5c91\u771f\u7684\u5f88\u6709\u6c23\u8cea",
            "likeCount": 31
        },
        {
            "reply_id": "Ugx7eH7n1dcg-ZYkBLt4AaABAg",
            "reply_content": "\u6211\u611b\u53f0\u59b9\u7684\u4faf\u4f69\u5c91\u9084\u662f\u597d\u7f8e\u963f",
            "likeCount": 1
        },
        {
            "reply_id": "UgxmDG4g6dsb3UYWK394AaABAg",
            "reply_content": "\u4f69\u5c91\u771f\u7684\u597d\u7f8e\u597d\u6709\u6c23\u8cea",
            "likeCount": 0
        },
        {
            "reply_id": "UgzRL_DcPbUqOX9CFSV4AaABAg",
            "reply_content": "\u9019\u500b\u90fd\u80fd\u731c\u5c0d\u597d\u53b2\u5bb3",
            "likeCount": 0
        },
        {
            "reply_id": "UgwW_BVy8mCEpfHuD5t4AaABAg",
            "reply_content": "\u65cb\u5f8b\u771f\u7684\u90fd\u807d\u4e0d\u51fa\u4f86",
            "likeCount": 0
        },
        {
            "reply_id": "Ugxgg3cwfUY6-4qU8yB4AaABAg",
            "reply_content": "\u6211\u662f\u5bb6\u4e2d\u7684\u8001\u5927\uff0c\u5927\u4eba\u7e3d\u662f\u5e0c\u671b\u6211\u5011\u505a\u59b9\u59b9\u7684\u699c\u6a23\uff0c\u4f46\u6211\u78ba\u4e0d\u662f\u9019\u6a23\u7684\u4eba\uff0c\u5f9e\u5c0f\u5b78\u7fd2\u5c31\u5f88\u4e0d\u597d\uff0c\u570b\u4e2d\u662f\u6211\u6700\u8ff7\u60d8\u7684\u6642\u523b\u5347\u5b78\u81f3\u4e0a\u7684\u6642\u4ee3\u8b93\u6211\u611f\u5230\u7a92\u606f\uff0c\u76f4\u5230\u7f8e\u8853\u8001\u5e2b\u8a87\u8b9a\u6211\u7684\u4f5c\u54c1\u9084\u62ff\u53bb\u7576\u6559\u6750\u50b3\u95b1\u6642\uff0c\u6211\u624d\u77e5\u9053\u6211\u6709\u53e6\u4e00\u500b\u5922\u60f3\u7684\u53ef\u80fd\uff0c\u53ef\u662f\u7576\u6211\u60f3\u6500\u4e0a\u9019\u500b\u6d6e\u6728\u6642\u53c8\u4e0d\u77e5\u9053\u5982\u4f55\u8ddf\u7f8e\u8853\u8001\u5e2b\u8aaa\u6211\u5feb\u8981\u6c89\u4e0b\u53bb\u6642\u53ef\u4ee5\u62c9\u6211\u4e0a\u5cb8\u55ce\uff1f\u5230\u73fe\u5728\u6211\u7d93\u6b77\u4e86\u5de5\u4f5c\u7d50\u5a5a\u5b69\u5b50\u751f\u75c5\u5f88\u4e00\u822c\u7684\u751f\u6d3b\u4e0d\u597d\u4e0d\u58de\uff0c\u4f46\u5c31\u9084\u662f\u4e0d\u4e86\u89e3\u81ea\u5df1\u4e5f\u4e0d\u5962\u671b\u6709\u4eba\u53ef\u4ee5\u4e86\u89e3\u6211",
            "likeCount": 0
        },
        {
            "reply_id": "UgwNmMUBWHcppVMfy1N4AaABAg",
            "reply_content": "\u7d66\u5bf6\u5bf6\u7684\u66f8",
            "likeCount": 0
        },
        {
            "reply_id": "UgzV3tBB2qPou0Sm-iZ4AaABAg",
            "reply_content": "\u6211\u662f\u767d\u7661",
            "likeCount": 0
        },
        {
            "reply_id": "Ugz0TLj-j9vKObWL9wZ4AaABAg",
            "reply_content": "\u6211\u4ee5\u70ba\u662f\u4e09\u4e0a\u60a0\u4e9e",
            "likeCount": 0
        },
        {
            "reply_id": "UgxsxGo-81bYDM1XJMd4AaABAg",
            "reply_content": "\u6709\u5169\u4f4d\u7f8e\u5973\u5c31\u662f\u8cde\u5fc3\u6085\u76ee",
            "likeCount": 15
        },
        {
            "reply_id": "UgzGjhPgH0lQH6IdCTd4AaABAg",
            "reply_content": "\u5148\u4e0d\u770b\u5167\u5bb9\u6709\u4faf\u4f69\u5c91\u5c31\u5148\u6309\u8b9a",
            "likeCount": 6
        },
        {
            "reply_id": "UgxEZrezLfw-JCtN9zV4AaABAg",
            "reply_content": "\u6839\u672c\u5c31\u662f\u65b0\u5a92\u4f53\u4e3b\u64ad\u548c\u4f20\u7edf\u5a92\u4f53\u4e3b\u64ad\u5408\u4f53\u5427\ud83d\ude02",
            "likeCount": 5
        },
        {
            "reply_id": "Ugw7vzqWl_IdHASQPtR4AaABAg",
            "reply_content": "\u90a3\u500b\u9020\u578b\u773c\u93e1\u8ddf\u963f\u6ef4\u672c\u4eba\u597d\u50cf\u53ea\u5dee\u4e86\u5047\u7709\u6bdb\ud83e\udd78",
            "likeCount": 4
        },
        {
            "reply_id": "Ugy8oPDS6MlJy6pNbt54AaABAg",
            "reply_content": "\u4faf\u4e3b\u64ad\u9084\u662f\u90a3\u9ebc\u6f02\u4eae\u6709\u6c23\u8cea",
            "likeCount": 3
        },
        {
            "reply_id": "UgyMoGkngrmkX1OTebB4AaABAg",
            "reply_content": "\u5468\u8463\u9019\u8f29\u5b50\u5f97\u4e0d\u5230\u7684",
            "likeCount": 3
        },
        {
            "reply_id": "UgzZoWAQN602ode4T1p4AaABAg",
            "reply_content": "\u6700\u8fd1\u6bd4\u8f03\u6df1\u523b\u7684\u9ad4\u609f\u662f\u6bcf\u500b\u4eba\u5728\u51fa\u751f\u5f8c\u5c31\u6709\u5929\u751f\u7684\u500b\u6027\uff0c\u4f46\u96a8\u8457\u6642\u9593\u9577\u5927\u548c\u793e\u6703\u7684\u6714\u9020\uff0c\u537b\u8b8a\u6210\u4e86\u53e6\u4e00\u7a2e\u81ea\u5df1\u71df\u9020\u51fa\u4f86\u7684\u5916\u8868\uff0c\u5728\u9019\u500b\u4e16\u754c\u88e1\u6211\u5011\u61c9\u8a72\u627e\u56de\u90a3\u500b\u5929\u751f\u7f8e\u597d\u55ae\u7d14\u53ef\u611b\u7684\u81ea\u5df1\uff0c\u624d\u53ef\u4ee5\u9762\u5c0d\u9019\u500b\u793e\u6703\u66f4\u9577\u4e45\u4e14\u770b\u5230\u66f4\u591a\u7f8e\u597d\u7684\u4e8b\u7269\uff01",
            "likeCount": 2
        },
        {
            "reply_id": "UgzvhG194VAryLAsHKp4AaABAg",
            "reply_content": "\u597d\u597d\u8aaa\u82f1\u6587",
            "likeCount": 2
        },
        {
            "reply_id": "UgwTI2-MPnrO2uHs8Up4AaABAg",
            "reply_content": "\u982d",
            "likeCount": 2
        },
        {
            "reply_id": "UgyzFvGsUHtt4N7xgU14AaABAg",
            "reply_content": "\u963f\u6ef4\u6709\u8b8a\u6d3b\u6f51\u55ce",
            "likeCount": 1
        },
        {
            "reply_id": "UgxV8Wj7QRsj-uBTYUp4AaABAg",
            "reply_content": "\u600e",
            "likeCount": 1
        }
    ]
}