{
    "video_info": {
        "id": "xmxIMvlCSQ8",
        "channelTitle": "\u963f\u6ef4\u82f1\u6587",
        "title": "\u4e0d\u8981\u518d\u8b1b big \u4e86! \u300c\u5f88\u5927\u4e00\u7b46\u9322\u300d\u82f1\u6587\u600e\u9ebc\u8aaa?",
        "description": "\u25ba\u3010\u5b8c\u6574\u5f71\u7247\u3011\u4f60\u7684\u9f3b\u5b50\u600e\u9ebc\u9019\u9ebc\u300e\u5927\u300f? \u4ee3\u66ffbig\u768410\u7a2e\u8aaa\u6cd5!\nhttps://youtu.be/yiFFLTTG0D8\n\u25ba  \u963f\u6ef4\u82f1\u6587\u4e3b\u983b\u9053\nhttps://www.youtube.com/@rayduenglish\n\u25ba  \u52a0\u5165\u983b\u9053\u6703\u54e1\nhttp://bit.ly/3qIZjfT\n\n #shorts #\u963f\u6ef4\u82f1\u6587 #\u4ee3\u66ff\u768410\u7a2e\u8aaa\u6cd5\n\n\u2014\u2014\n\u963f\u6ef4\u82f1\u6587\u7684\u4eba\u6c23\u5f71\u7247\uff1a\n\n\u25a0 \u53bb\u5916\u5546\u516c\u53f8\u5de5\u4f5c\u82f1\u6587\u8981\u591a\u597d? \u963f\u6ef4\u7a81\u8972Google\u53f0\u7063\u8fa6\u516c\u5ba4! https://youtu.be/ES73LXd4LGg\n\n\u25a0 \u4e09\u9ede\u5c31\u653e\u5b78! \u56de\u5bb6\u90fd\u5728\u73a9? \u82ac\u862d\u5b78\u751f\u600e\u9ebc\u770b\u53f0\u7063\u7684\u6559\u80b2\u5236\u5ea6?  https://youtu.be/VHnyCM6iG7o\n\n\u25a0 \u56e0\u70ba\u6ef4\u59b9\u4e00\u76f4\u4e0d\u56de\u53f0\u7063\uff0c\u6240\u4ee5\u6211\u76f4\u63a5\u98db\u53bb\u7f8e\u570b\u627e\u4ed6\u3002https://youtu.be/Ksqevn6pVZU\n\n\u25a0 \u591a\u76ca900\u5206\u82f1\u6587\u771f\u7684\u6bd4\u8f03\u6d41\u5229\u55ce? \u5927\u8b19\u7684\u8868\u73fe\u8b93\u8001\u5e2b\u9a5a\u5446\u4e86! https://youtu.be/VCrg6xYPKTA\n\n\u25a0 \u9023\u963f\u6ef4\u90fd\u5538\u932f\u7684\u5e38\u898b\u82f1\u6587!? \u5b78\u6703\u7528\u300e\u56de\u97f3\u6cd5\u300f\u7df4\u7fd2\u767c\u97f3! feat. \u53f2\u5609\u7433\u8001\u5e2b https://youtu.be/16kkr2eGSdE\n\n\u25a0 \u9109\u6c11\u8001\u5a46 VS \u570b\u6c11\u5927\u8205\u5b50! \u8ab0\u7684\u82f1\u6587\u6bd4\u8f03\u597d? https://youtu.be/YOEswmi_ZPA\n\n\u25a0 \u4e16\u7d00\u5be9\u5224\u843d\u5e55! \u5f37\u5c3c\u6234\u666e\u98a8\u5411\u4e00\u9762\u5012\u7684\u771f\u6b63\u539f\u56e0? https://youtu.be/k_QVJkecNxo\n\n\u25a0 \u53bb\u822a\u7a7a\u696d\u4e0a\u73ed\u82f1\u6587\u8981\u591a\u597d? \u958b\u7bb1\u9577\u69ae\u7687\u74bd\u6842\u51a0\u8259\u5168\u82f1\u6587\u670d\u52d9! https://youtu.be/M_bLXwjyQAU\n\n\u5176\u4ed6\u9023\u7d50\uff1a\nhttp://facebook.com/rayduenglish\nhttp://instagram.com/rayduenglish\nhttp://twitter.com/durayray\n\u5408\u4f5c\u9080\u7d04\uff1arayduenglish@gmail.com",
        "likeCount": "981",
        "commentCount": "12",
        "viewCount": "25456"
    },
    "comments": [
        {
            "reply_id": "UgxpTc7EX7yEul-T-mh4AaABAg",
            "reply_content": "\u5e0c\u671b\u963f\u6ef4\u591a\u51fa\u4e00\u9ede\u9019\u7a2e\u5be6\u7528\u7684\u55ae\u5b57\u89e3\u8aaa",
            "likeCount": 28
        },
        {
            "reply_id": "UgzHAIzv0f90SYPCGlR4AaABAg",
            "reply_content": "\u8b1d\u8b1d\u963f\u6ef4",
            "likeCount": 3
        }
    ]
}