{
    "channel": {
        "title": "\u5c0f\u5c3e\u5df4",
        "id": "UCGKjYyVV5AUMWlElBhGti8A",
        "customUrl": "@kbtiest",
        "uploads": "UUGKjYyVV5AUMWlElBhGti8A"
    },
    "videos": [
        {
            "id": "Sa-klznnxKE",
            "title": "\u56de\u61c9\u591a\u7c73\u591a\u7f85\u7684\u6307\u63a7"
        },
        {
            "id": "ts6tJLAaYwU",
            "title": "POV: You're taking on the challange"
        },
        {
            "id": "kEh7lD7_itQ",
            "title": "\u3010\u8a98\u62d0\u4e8b\u4ef6\u3011\u5982\u679c\u88ab\u5687\u5230\uff0c\u76f4\u64ad\u5c31\u7d50\u675f #008"
        },
        {
            "id": "IaIxiqd7nm4",
            "title": "\u863f\u8514\u5200\u5371\u96aa\u55ce\uff1f"
        },
        {
            "id": "v5hLaGoRJKs",
            "title": "\u5728\u6771\u4eac\u5403\u4e00\u5929\u8981\u82b1\u591a\u5c11\u9322\uff1f"
        },
        {
            "id": "T4QtZoH5YPU",
            "title": "\u97f3\u6a02Youtuber\uff08\u81ea\u7a31\uff09\u6311\u6230\u97f3\u6a02\u7cd6\u8c46\u4eba\uff01"
        },
        {
            "id": "ZbhCrnPqKb4",
            "title": "\u7528\u5927\u8abf\u5f48YOASOBI\u7684IDOL"
        },
        {
            "id": "GsISPAWNsW0",
            "title": "\u7528\u5c0f\u8abf\u5f48YOASOBI\u7684\u5411\u591c\u665a\u5954\u53bb"
        },
        {
            "id": "NrxJ2LuKPQc",
            "title": "\u300c\u541b\u306e\u540d\u306f\u3002\u300d\u306e\u5834\u6240\u3067\u300e\u30b9\u30d1\u30fc\u30af\u30eb\u300f"
        },
        {
            "id": "QxvV01rvxaw",
            "title": "JC\u8aaa\u6211\u5c0d\u5979\u8aaa\u8b0a"
        },
        {
            "id": "riifsOb2Ta0",
            "title": "\u53ef\u611b\u3044\u7537\u306e\u5b50\u304c\u7c9b\u8056!! \u30ed\u30ea\u795e\u30ec\u30af\u30a4\u30a8\u30e0\u3092\u8e0a\u3063\u3066\u307f\u305f (34\u624d)"
        },
        {
            "id": "Mvktqh3qKO8",
            "title": "\u8fea\u58eb\u5c3c\u72af\u4e86\u56b4\u91cd\u7684\u932f\u8aa4"
        },
        {
            "id": "toLRT6cnNQc",
            "title": "iPhone is better on moon shot"
        },
        {
            "id": "n-Ld_7GLySA",
            "title": "sky transition challenge"
        },
        {
            "id": "giiZLOt-Ups",
            "title": "\u9810\u7d04"
        },
        {
            "id": "b-GzHq9oPM0",
            "title": "\u624b\u6a5f\u904e\u71b1\u600e\u9ebc\u8fa6 @madebyalan5606"
        },
        {
            "id": "WrVTBQ8eAdg",
            "title": "\u3010\u591c\u9593\u8b66\u5099\u3011\u5982\u679c\u88ab\u5687\u5230\uff0c\u76f4\u64ad\u5c31\u7d50\u675f #007  (\u9b3c\u6708\u6050\u6016\u904a\u6232\u4e4b\u591c)"
        },
        {
            "id": "tgm4AqAWQp0",
            "title": "\u7b2c\u4e94\u5c46\u8d70\u937e\u734e\u6f5b\u529b\u65b0\u661f\u5165\u570d"
        },
        {
            "id": "zL3IcZaxHZw",
            "title": "wash the ducking dishes"
        },
        {
            "id": "G4CilqcX2L4",
            "title": "\u3010\u591c\u52e4\u4e8b\u4ef6\u3011\u5982\u679c\u88ab\u5687\u5230\uff0c\u76f4\u64ad\u5c31\u7d50\u675f #006 (\u9b3c\u6708\u6050\u6016\u904a\u6232\u4e4b\u591c)"
        },
        {
            "id": "hRVx2gQK3V8",
            "title": "\u3010\u795e\u79d8\u89c0\u773e\u767c\u4f86\u7684\u904a\u6232\u3011\u5982\u679c\u88ab\u5687\u5230\uff0c\u76f4\u64ad\u5c31\u7d50\u675f #005 (\u9b3c\u6708\u6050\u6016\u904a\u6232\u4e4b\u591c)"
        },
        {
            "id": "Zr2np5ftz58",
            "title": "\u3010\u30d2\u30c8\u30ab\u30e9\u3011\u5982\u679c\u88ab\u5687\u5230\uff0c\u76f4\u64ad\u5c31\u7d50\u675f \u55ae\u4eba\u5361\u62c9OK #004"
        },
        {
            "id": "ekUVO_cPLzM",
            "title": "\u300e\u59b3\u662f\u6211\u6c38\u9060\u904e\u4e0d\u53bb\u7684\u5f4e\u300f\u96fb\u5f71\u300a\u5c71\u9053\u7334\u5b50\u7684\u4e00\u751f\u300b\u63d2\u66f2 | \u52d5\u614b\u6b4c\u8a5eLyrics"
        },
        {
            "id": "o267eMSmMC8",
            "title": "\u3010\u7f8e\u9b54\u5973\u306e\u771f\u5b9f\u3011\u5982\u679c\u88ab\u5687\u5230\uff0c\u76f4\u64ad\u5c31\u7d50\u675f #003"
        },
        {
            "id": "wkwsLns-lb0",
            "title": "\u8001\u9ad8\u8207\u5c0f\u8309\u7684BGM"
        },
        {
            "id": "Iq65OwRmDM4",
            "title": "\u3010ONLY UP!\u3011\u9019\u5834\u76f4\u64ad\u5c07\u6703\u6539\u8b8a\u4f60\u7684\u4eba\u751f\u614b\u5ea6\uff0c\u50f9\u503c\u8001\u9ad8"
        },
        {
            "id": "PO-3d8KPHuc",
            "title": "\u3010ONLY UP!\u3011\u4e0d\u53ef\u80fd\u73a9\u4e8631\u5c0f\u6642\u9084\u6c92\u7834\u904e\u5427"
        },
        {
            "id": "d1uQVV7-HcE",
            "title": "\u3010ONLY UP!\u3011\u5982\u679c\u6454\u56de\u5730\u9762\uff0c\u76f4\u64ad\u5c31\u7d50\u675f"
        },
        {
            "id": "Mvgwd6LYLzw",
            "title": "Average Twitter fan and art enjoyer"
        },
        {
            "id": "POXE01dDrMs",
            "title": "Relaxing Piano Music"
        },
        {
            "id": "NxwuGSnkxqs",
            "title": "My Happy Song"
        },
        {
            "id": "e32zmMfqbuI",
            "title": "\u6050\u9f8d\u6297\u72fc"
        },
        {
            "id": "SIwrB_wOXmE",
            "title": "\u3010\u9589\u5e97\u4e8b\u4ef6\u3011\u5982\u679c\u88ab\u5687\u5230\uff0c\u76f4\u64ad\u5c31\u7d50\u675f #002"
        },
        {
            "id": "1VRj9Er50qw",
            "title": "\u539f\u795e \u555f\u52d5"
        },
        {
            "id": "6YqKeYhFjsg",
            "title": "\u6c42\u4f5b"
        },
        {
            "id": "n9EcxLbF5G8",
            "title": "\u65e5\u672c\u5a03\u5a03\u6a5f\u6c92\u6709\u7684\u6771\u897f"
        },
        {
            "id": "cz5_QBKwMWE",
            "title": "\u65e5\u672c\u5361\u62c9OK\u7684\u795e\u7955\u9078\u55ae"
        },
        {
            "id": "JFIOzhrz5L0",
            "title": "\u5922\u5230\u81ea\u5df1\u8b8a\u6210JK"
        },
        {
            "id": "3K8zsqwOFN0",
            "title": "\u767d\u5929\u8981\u6e1b\u80a5 \u665a\u4e0a\u9ede\u5916\u8ce3"
        },
        {
            "id": "akW8YSxVqro",
            "title": "\u89c0\u770b\u5c0f\u5c3e\u5df4\u5f71\u7247\u76f4\u5230\u4ed6\u7728\u773c"
        },
        {
            "id": "VpCb_T-xfuE",
            "title": "\u4f60\u80fd\u7b2c\u4e00\u6b21\u807d\u5468\u6770\u502b\u65b0\u6b4c\u3010\u5012\u5f71\u3011\u5c31\u807d\u61c2\u6b4c\u8a5e\u5728\u5531\u4ec0\u9ebc\u55ce\uff1f"
        },
        {
            "id": "cBzntKIXg1k",
            "title": "\u66fc\u8c37\u5962\u83ef\u98ef\u5e97vs\u5e73\u50f9\u98ef\u5e97"
        },
        {
            "id": "DHLZCNglP5c",
            "title": "\u6316\u963f\u6316\u963f\u6316"
        },
        {
            "id": "8dd2tKEpmIc",
            "title": "\u5982\u679c\u88ab\u5687\u5230\uff0c\u76f4\u64ad\u5c31\u7d50\u675f #001  \u3010Amanda the Adventurer\u3011"
        },
        {
            "id": "2ltBshtGsC4",
            "title": "\u4eba\u4e0d\u53ef\u80fd\u6191\u7a7a\u6d88\u5931\u5427"
        },
        {
            "id": "0uACW7G33o4",
            "title": "\u6211\u5c0d\u6f51\u6c34\u7bc0\u6709\u6240\u8aa4\u89e3"
        },
        {
            "id": "vS-SGN6qPIg",
            "title": "\u5f37\u98a8\u30aa\u30fc\u30eb\u30d0\u30c3\u30af"
        },
        {
            "id": "siNUGAr-RM4",
            "title": "\u5076\u9047Omi\u7db2\u53cb @nicoyen_233"
        },
        {
            "id": "u49fM_WwVqY",
            "title": "\u5de7\u9047omi\u7db2\u53cb"
        },
        {
            "id": "CzIASY-Ga28",
            "title": "1 2 buckle my shoe"
        },
        {
            "id": "fP_UiHnlRFk",
            "title": "\u30a2\u30a4\u30c9\u30eb - YOASOBI"
        },
        {
            "id": "HdVK5vGo1aQ",
            "title": "\u5de7\u9047Omi\u7db2\u53cb"
        },
        {
            "id": "IfBuZJaziKU",
            "title": "Cupid - (Twin Ver.) -FIFTY FIFTY | TIKTOK DANCE"
        },
        {
            "id": "S1iRz7pJ2Lk",
            "title": "\u5783\u573e\u8eca\u97f3\u6a02\u7684\u79d8\u5bc6"
        },
        {
            "id": "pHD6v4LovKA",
            "title": "PYPD"
        },
        {
            "id": "Yj0PN787sVM",
            "title": "\u6211\u5e36\u8457\u51fa\u73fe\u5728\u300c\u4f60\u77e5\u9053\u9019\u662f\u4ec0\u9ebc\u55ce\u300d\u4e2d\u7684\u6771\u897f\u53bb\u4e86\u9019\u88e1"
        },
        {
            "id": "gco7DYNjaz0",
            "title": "\u4f60\u6dfa\u6dfa\u7684\u5fae\u7b11 \u5c31\u50cf\u70cf\u6885\u5b50\u91ac"
        },
        {
            "id": "mniK1ieLHSw",
            "title": "\u5fc5\u52dd\u5ba2\u7684\u96f6\u50b7\u5bb3\u6bd4\u85a9\u8b93\u6211\u8eab\u5fc3\u8212\u7de9"
        },
        {
            "id": "ybgaxneqJ0o",
            "title": "\ud83d\ude98\u8dd1\u8dd1\u5361\u4e01\u8eca\uff1a\u98c4\u79fb \u89c0\u773e\u5834 \u4e00\u8d77\u52a0\u5165\u904a\u6232\u98c4\u79fb\u5427\uff01"
        },
        {
            "id": "uyVcgpB7q1U",
            "title": "Does Tiktok access the home Wi-Fi network but it's giant steps"
        },
        {
            "id": "ZGIjn62YtGg",
            "title": "\u3059\u305a\u3081"
        },
        {
            "id": "9Umlu8ZkNaw",
            "title": "\u7279\u5730\u53bb\u6cf0\u570b\u6f14\u594f\u6cf0\u570b\u60c5\u54e5"
        },
        {
            "id": "SFg-Fess-9U",
            "title": "Anime dance"
        },
        {
            "id": "Xgdux_3cQ-U",
            "title": "\u7279\u5730\u53bb\u7da0\u5cf6\u6f14\u594f\u7da0\u5cf6\u5c0f\u591c\u66f2"
        },
        {
            "id": "MOg5Bm5qYLM",
            "title": "Joeman\u7684\u98ef\u7cf0\u8b93\u6211\u5403\u5230\u8b8a\u81c9"
        },
        {
            "id": "VIirerVqXDI",
            "title": "\u4e00\u500b\u4eba\u6311\u6230\u9152\u7cbe\u8def\u8dd1"
        },
        {
            "id": "dy2m6E-D6pc",
            "title": "\u661f\u5b87\u822a\u7a7a\u8cb4\u8cd3\u5ba4"
        },
        {
            "id": "zmzH7MBRzmM",
            "title": "\u958b\u7bb1\u661f\u5b87\u822a\u7a7a\u98db\u6a5f\u9910"
        },
        {
            "id": "_ePbov4GVnQ",
            "title": "Recreating Virtual Insanity in my tiny room"
        },
        {
            "id": "zps9RVMVxO8",
            "title": "\u7279\u5730\u53bb\u704c\u7c43\u9ad8\u624b\u5e73\u4ea4\u9053\u6f14\u594f\u597d\u60f3\u5927\u8072\u8aaa\u559c\u6b61\u4f60"
        },
        {
            "id": "CVzesos-8uQ",
            "title": "Maxwell theme song with nine lives cats"
        },
        {
            "id": "eB6BhcN6PoQ",
            "title": "let me do it for you but it's cat"
        },
        {
            "id": "VVOG5sS_1WE",
            "title": "I think I got the wrong piano sheet for the Kick back (chainsaw man OP)"
        },
        {
            "id": "3fQDc0-cWwA",
            "title": "\u7528\u5c0f\u8abf\u5f48\u4e86\u704c\u7c43\u9ad8\u624b\u7247\u5c3e\u66f2\u76f4\u5230\u4e16\u754c\u7684\u76e1\u982d"
        },
        {
            "id": "mhgiM6ZLKGU",
            "title": "\u7528\u5c0f\u8abf\u5f48\u4e86\u704c\u7c43\u9ad8\u624b\u7684\u4e3b\u984c\u66f2\u597d\u60f3\u5927\u8072\u8aaa\u611b\u4f60"
        },
        {
            "id": "_olrreUEDxg",
            "title": "\u88ab\u6d77\u95dc\u6263\u7559\u7684\u7981\u5fcc\u92fc\u7434\u73a9\u5177"
        },
        {
            "id": "5u0ZcWfMO6U",
            "title": "Maxwell The Cat on 5$ cat piano"
        },
        {
            "id": "DJqk2vg4DpM",
            "title": "let me do it for you"
        },
        {
            "id": "45YhqkEYe4E",
            "title": "\u6703\u62cd\u78ba\u8a3a\u65e5\u8a18\u7684\u4eba\u6709\u75c5\u5427"
        },
        {
            "id": "yXyE3aXqiX4",
            "title": "\u9019\u662f\u89c0\u773e\u7968\u9078\u51fa\u6700\u5f37\u7684\u97f3\u6a02\u5bb6\uff1f"
        },
        {
            "id": "_YN8NM8Rmec",
            "title": "Wednesday Addams Dance"
        },
        {
            "id": "n4wBMvJnsfk",
            "title": "\u5982\u679c\u7528\u5c0f\u8abf\u4f86\u5f48 First love"
        },
        {
            "id": "83MSLpoTToU",
            "title": "100%\u91cd\u73fe\u5510\u5409\u8efb\u5fb7\u5e97\u5167\u7684\u97f3\u6a02"
        },
        {
            "id": "KNaMMAUPUmM",
            "title": "\u6211\u4e0d\u518d\u662fYoutuber\u4e86"
        },
        {
            "id": "SjfssK-dtXU",
            "title": "KICK BACK but in Major key"
        },
        {
            "id": "ySI-hyVyp5w",
            "title": "\u4e00\u822c\u4eba\u9047\u5230\u5730\u9707\u7684\u53cd\u61c9"
        },
        {
            "id": "QgDmp96nRGQ",
            "title": "\u6ce1\u9eb5\u9b54\u6cd5\u7c89 VS \u5168\u53f0\u6700\u96e3\u5403\u7684\u6ce1\u9eb5"
        },
        {
            "id": "owcbidrJdGU",
            "title": "\u6211\u5011\u53ef\u4ee5\u5f9e\u5c0f\u667a\u7372\u5f97\u51a0\u8ecd\u4e2d\u5b78\u5230\u4ec0\u9ebc\uff1f"
        },
        {
            "id": "Zl4ih6y49SM",
            "title": "\u96fb\u5f71\u89e3\u8aaa\u7684BGM \u5f9e\u7c21\u55ae\u5230\u56f0\u96e3"
        },
        {
            "id": "s6y5sCOdnx0",
            "title": "Fortnite battle pass song"
        },
        {
            "id": "Q8Er9VBMK7o",
            "title": "\u5982\u679c\u53ef\u4ee5\u6211\u60f3\u548c\u59b3\u4f86\u5834Plastic Love"
        },
        {
            "id": "mgZ6w4sq_vg",
            "title": "\u563faa \u4f60\u662f\u6211\u7684\u5bf6\u8c9d"
        },
        {
            "id": "NBOZ9xiNkbw",
            "title": "guy who tried to take off the mask but take off the glasses together"
        },
        {
            "id": "XrcSnS36LFI",
            "title": "Harry Potter"
        },
        {
            "id": "saADkPTIZpQ",
            "title": "Halloween"
        },
        {
            "id": "gyYBGhy1XR0",
            "title": "[\u6559\u5b78] \u5982\u4f55\u57282022\u5e74\u8e6d\u5225\u4eba\u7684\u6d41\u91cf\u4e26\u9032\u5230\u81ea\u5df1\u983b\u9053"
        },
        {
            "id": "yENL0E6Fbfc",
            "title": "\u62bd\u7c64"
        },
        {
            "id": "WZaQX5wCuGU",
            "title": "\u6ce8\u610f\u770b\u9019\u500b\u7537\u4eba\u592a\u72e0\u4e86"
        },
        {
            "id": "oE7A_5FhzUc",
            "title": "\u4e00\u6b65\u9a5f\u70ba\u4f60\u7684\u5916\u8868\u52a0\u5206"
        },
        {
            "id": "Le28gWP6WjI",
            "title": "\u88ab\u53e3\u624b\u8ffd\u53e3"
        }
    ]
}