{
    "channel": {
        "title": "Dinter",
        "id": "UC0SkNQXPJ60hKEFubOz0fDA",
        "customUrl": "@dinterlolz",
        "uploads": "UU0SkNQXPJ60hKEFubOz0fDA"
    },
    "videos": [
        {
            "id": "dvbmg8huaGM",
            "title": "\u3010DinTer\u301111/24 \u7d55\u4ea4\u96d9\u6392 \u5f37\u529b\u62b5\u6297\u6c34\u9b3c\u516c\u5b89 \u84cb\u502b\u63d0\u6469\u6253\u91ce\u5f85\u547d\u4e2d"
        },
        {
            "id": "5HXTyiXseDo",
            "title": "\u3010Dinter\u3011\u6642\u4e8b\u7a3d\u67e5\u54e1\uff0d\u8336\u7897\u84b8\u4e8b\u4ef6\uff01\u7279\u54e5\u5206\u6790\u8a00\u8a9e\u80cc\u5f8c\u7684\u610f\u7fa9\uff1f #shorts"
        },
        {
            "id": "_x3TvnYkaAk",
            "title": "\u3010Dinter\u3011\u5929\u5802W\uff5c\ub9ac\ub2c8\uc9c0W\uff5cLineage W\uff5c18\u5206\u9b54\u773c\u628a\u7279\u54e5\u641e\u5230\u6c23\u6025\u6557\u58de\uff1f\u5674\u5230\u4e00\u534a\u624d\u60f3\u8d77\u81ea\u5df1\u662f\u5be6\u6cc1\u5927\u4f7f... \u73bb\u7483\u5927\u7832\u69cd\u624b\u914d\u4e0a\u6eff\u5206\u706b\u9b54\u773c\u7684\u5a01\u529b\uff01"
        },
        {
            "id": "ArtTE_nPc4Q",
            "title": "\u3010Dinter\u3011\u5929\u5802W\uff5c\ub9ac\ub2c8\uc9c0W\uff5cLineage W\uff5cTJ\u9ede\u88dd\u9d3b\u9580\u5bb4\uff01\u610f\u5916\u9ede\u51fa\u8d85\u795e\u98fe\u54c1\uff01\u7279\u54e5\u5df2\u7d93\u88ab\u670b\u53cb\u8a50\u9a19\u5230\u6709\u9670\u5f71\u4e86...\uff1f\u4eba\u8207\u4eba\u4e4b\u9593\u7684\u4fe1\u4efb\u5728\u54ea\u5152\uff5e"
        },
        {
            "id": "4xgeAKvfQ3Y",
            "title": "\u3010DinTer\u301111/23 \u5929\u5802W \u5730\u9f8d\u5927\u6230 \u8ddf\u85cd\u767d\u5408\u4e00\u8d77\u8840\u6d41\u6210\u6cb3"
        },
        {
            "id": "bed0V0MTKcI",
            "title": "\u3010Dinter\u3011\u6012\u5634\u9c77\u9b5a\u60c5\u52e2\u9006\u8f49\u99ac\u4e0a\u6539\u53e3... #shorts"
        },
        {
            "id": "AdAoEC1Tv7o",
            "title": "\u3010Dinter\u3011\u5929\u5802W\uff5c\ub9ac\ub2c8\uc9c0W\uff5cLineage W\uff5c\u767d\u5ad6\u71e6\u721b\u706b\u7532\u53c8\u88f8\u62bd\u5c60\u9f8d\u8005\uff01\u4e8c\u9031\u5e74\u79ae\u5305\u6311\u6230\u4e00\u767c\u7c89\u5a03\uff01\u6539\u904e\u81ea\u65b0\u7684\u5be6\u6cc1\u5927\u4f7f\u80fd\u8f49\u904b\u55ce\uff1f"
        },
        {
            "id": "vlvs3UecCM8",
            "title": "\u3010Dinter\u3011\u5929\u5802W\uff5c\ub9ac\ub2c8\uc9c0W\uff5cLineage W\uff5c\u53c8\u88ab\u97d3\u570b\u4e3b\u64ad\u7f9e\u8fb1\uff1f\u7d42\u65bc\u7b49\u5230\u69cd\u624b\u8f49\u8077\u4e86\uff01\u9ad4\u9a57\u4e00\u4e0b\u73bb\u7483\u5927\u7832\u7684\u5a01\u529b\uff01"
        },
        {
            "id": "ZhbEWCPwr2k",
            "title": "\u3010Dinter\u3011\u5929\u5802W\uff5c\ub9ac\ub2c8\uc9c0W\uff5cLineage W\uff5c\u5c0f\u6642\u5019\u5929\u5802\u5e33\u865f\u88ab\u76dc\u7684\u6545\u4e8b\uff01\u9ad8\u5ea6\u61f7\u7591\u662f\u719f\u4eba\u6240\u70ba\uff1f\u96e2\u5947\u66f2\u6298\u7684\u904e\u7a0b\uff5e\u96e3\u9053\u662f\u70ba\u4e86\u5e6b\u7279\u54e5\u6212\u7db2\u766e\uff1f"
        },
        {
            "id": "AEaAVaZqFiA",
            "title": "\u3010DinTer\u3011\u54e1\u5de5\u7206\u6253\u8001\u95c6\u9084\u6709\u85aa\u6c34\u80fd\u9818\uff1f\uff01 #shorts"
        },
        {
            "id": "YrnfWd36EMo",
            "title": "\u3010Dinter\u3011\u842c\u8056\u7bc0\u7684\u5716\u5947\u4e3b\u64ad\u6bcf\u500b\u90fd\u8d85\u9802\uff01\u8acb\u554f\u9019\u662f17\u76f4\u64ad\u7a62\u571f\u8f49\u751f\u55ce\uff1f\u5148\u767c\u5236\u4eba\u8302\u51f1Maokai JG \u7279\u9ad8\u50b7\u5bb3\u5152\u5b50\u5168\u5834\u57cb\u4f0f\uff01\u6bba\u6897\u51fa\u9580\u4e0d\u8d70\u50b3\u9001\u9580\u7684\u539f\u56e0...\uff1f"
        },
        {
            "id": "Z7fVbp6DUdE",
            "title": "\u3010Dinter\u3011\u4e01\u91cd\u518d\u73fe\uff01\u6b77\u53f2\u7e3d\u662f\u9a5a\u4eba\u76f8\u4f3c...#shorts"
        },
        {
            "id": "sLfuU4aB5lQ",
            "title": "\u3010DinTer\u3011\u7279\u597d\u5403\u7206\u7834\u8d8a\u5357\u4e94\u661f\u597d\u8a55\u6d77\u9bae\u9910\u5ef3\uff1f\u6211\u8ddf\u4f60\u4fdd\u8b49\u9019\u8a55\u50f9\u4e00\u5b9a\u662f\u6d17\u7684\uff01\u537b\u9047\u5230\u795e\u7d1a\u7028\u5c3f\u8766\u8b93\u7279\u54e5\u7d66\u51fa\u6eff\u5206\u8a55\u50f9\uff01Feat \u760b\u7537\u6668\u7070 @crazymanJP \u91d1\u65cb\u98a8 @GoldenFlurry"
        },
        {
            "id": "cVVNxQy53Pg",
            "title": "\u3010Dinter\u3011\u4e16\u754c\u8cfd\u51a0\u8ecd\u8cfd\u5fa9\u76e4 T1 vs WBG\uff5c\u4e00\u8d77\u898b\u8b49Faker\u56db\u5ea6\u5c01\u795e\u596a\u51a0\u4e4b\u969b\uff01WBG\u5c0f\u864e\u9802\u7d1a\u50b3\u9001\u4e09\u9023\u767c\u7279\u54e5\u5927\u8b9a\u662fPCS\u771f\u50b3!"
        },
        {
            "id": "Szt7UU4SYpA",
            "title": "\u3010DinTer\u3011\u6b50\u7f8e\u548c\u4e2d\u97d3\u6230\u968a\u7684\u5dee\u8ddd\u7e2e\u5c0f\u4e2d\uff1f #shorts"
        },
        {
            "id": "zlP2-Uy6uTo",
            "title": "\u3010DinTer\u3011\u7279\u54e5\u8207\u4ed6\u7684\u5feb\u6a02\u5925\u4f34\uff01\u9748\u9b42\u6536\u5272\u52aa\u52aaNunu JG \u6307\u63ee\u5b98\u6a21\u5f0f\u5e36\u7bc0\u594f\uff01\u8d85\u9ad8\u50b7\u5bb3\u6559\u8a13\u770b\u53f0\u4ed4\uff5e\u6211\u4e0d\u662fbait \u662f\u6293\u52302\u500b\u843d\u55aeXD\uff01\u8abf\u76ae\u96ea\u4eba\u88ab\u725b\u982d\u9802\u9032\u6eab\u6cc9\u9001\u5e78\u798f\uff01"
        },
        {
            "id": "TulnZUrUDU4",
            "title": "\u3010DinTer\u301111/19 \u8986\u76e4\u51a0\u8ecd\u8cfd!!T1\u7b2c\u56db\u6b21\u7684\u5c01\u795e\u4e4b\u8def"
        },
        {
            "id": "rLl8VKENWWw",
            "title": "\u3010DinTer\u3011\u63db\u6211\u9ad4\u9a57\u4e00\u4e0b\u5c04\u64ca\u7684\u5feb\u611f\uff5e\uff5e #shorts"
        },
        {
            "id": "hbBknDWtJVk",
            "title": "\u3010DinTer\u3011\u7279\u54e5\u721b\u8089\u4e8b\u4ef6\u88ab\u6478\u982d\u7d50\u6848\uff1f\u7238\u7238\u5011\u6dfa\u8ac7\u5c0f\u670b\u53cb\u7684\u6559\u80b2\uff01\u76f8\u4f4d\u885d\u64ca\u84cb\u502bGaren +\u9748\u9b42\u6536\u5272\u63d0\u6469Teemo JG \u9738\u6c23\u767b\u5834\uff01\u8001\u4eba\u5718\u6253\u53f0\u670d\u7adf\u5404\u7a2e\u4e0a\u982d\uff01\u597d\u4e45\u6c92\u611f\u53d7\u5230\u968a\u53cb\u5e6b\u5403\u7684\u6eab\u6696\uff5e"
        },
        {
            "id": "N0RYiiOLdiM",
            "title": "\u3010DinTer\u301111/18 POKER\u89c0\u773e\u5c08\u5c6c\u623f \u4eca\u665a\u8b936%\u5165\u6c60\u7387"
        },
        {
            "id": "W7z1mqvSjWI",
            "title": "\u3010DinTer\u301111/18 HIT2 \u4e09\u5716\u91d1\u738b\u5927\u4e82\u9b25 \u8d81\u4e82\u4e00\u689d\u9f8d\u4e0a\u6f84\u8b8a!!"
        },
        {
            "id": "5p3nuY957OA",
            "title": "\u3010DinTer\u3011\u5168\u5834\u50bb\u72d7\u90fd\u5728\u6436\u6211\u7684\u96d9\u7bc0\u68cd= = #shorts"
        },
        {
            "id": "zIOe-_FeH-Y",
            "title": "\u3010DinTer\u3011\u8207\u6bba\u6897\u76f4\u64ad\u76f8\u7d04\u52d5\u624b\u8853\uff1f\uff01\u524d\u8077\u696d\u9078\u624b\u5718\u91cd\u9444LMS\u69ae\u5149\uff01\u9748\u9b42\u6536\u5272\u63d0\u6469Teemo JG \u8abf\u76ae\u6b61\u6a02\u5834\uff01\u6c23\u6c1b\u9010\u6f38\u6bcd\u6e6f\uff5e\u9a5a\u898b\u4e0b\u8def\u5948\u7c73\u7d1a\u8f38\u51fa..."
        },
        {
            "id": "N2xTeO8KzgQ",
            "title": "\u3010DinTer\u301111/17 \u5929\u5802W \u9802\u7d1a\u91d1\u6b66\u6a5f\u9ad4\u958b\u7bb1 Feat.\u7d55\u547d\u96d9\u6392 \u5728\u8056\u4e39\u5229\u9762\u524d\u800d\u84cb\u8f2a"
        },
        {
            "id": "8Q2eyxwAYlQ",
            "title": "\u3010DinTer\u3011\u5feb\u4f7f\u7528\u96d9\u7bc0\u68cd\uff5e\u526f\u6b4c\u90fd\u4f86\u4e0d\u53ca\u5531 \u547d\u5c31\u6c92\u4e86... #shorts"
        },
        {
            "id": "_eK4kv8T8dM",
            "title": "\u3010DinTer\u3011\u767e\u6bba\u5927\u5c40\u6eff\u88dd\u9152\u6876\u6700\u9ad8\u8f38\u51fa\uff01\u6253\u5718\u6230\u914dET\u71b1\u821e\uff01\u9748\u9b42\u6536\u5272\u53e4\u62c9\u683c\u65afGragas JG \u91cd\u51fa\u6c5f\u6e56\uff015\u5e74\u524d\u5728\u73a9\u7684\u5957\u8def\u9084\u6709\u6232\u6b38\uff1f\uff01\u6211\u597d\u50cf\u805e\u5230\u4e00\u80a1\u8001\u4eba\u81ed\uff1f"
        },
        {
            "id": "jsveQFTEQ7w",
            "title": "\u3010DinTer\u301111/16 \u5929\u5802W \u5169\u767c\u7c89\u5a03\u767b\u5cf0\u9020\u6975 \u5730\u9f8d\u7a9f\u5927\u4e82\u9b25"
        },
        {
            "id": "osbsqIqtInc",
            "title": "\u3010DinTer\u3011\u5716\u5947\u59b9\u5b50\u7684\u9802\u4e0a\u6230\u722d\uff01\u73fe\u5728\u76f4\u64ad\u9019\u9ebc\u7af6\u722d\u7684\u55ce.... #shorts"
        },
        {
            "id": "g68zCeueVnY",
            "title": "\u3010DinTer\u3011\u4f9d\u6e1fET\u9ad8\u8869\u958b\u5230\u8170\uff1f\u7279\u54e5\u8d85\u6015\u88abban\u53f0... \u5f81\u670d\u8005\u84cb\u502bGaren JG \u9019\u50b7\u5bb3\u5f88\u6709\u6599\u6b38\uff01\u53f0\u670d\u89aa\u53cb\u8001\u4eba\u5718\u8840\u6d17\u53ec\u559a\u5cfd\u8c37\uff01\u79c0\u4e86\u4e00\u624b1\u62534\u6975\u9650\u53cd\u6bba\u9396\u8840\u9003\u812b\uff5e"
        },
        {
            "id": "lbgD3jFqwvc",
            "title": "\u3010Dinter\u3011\u8207\u5c0d\u624b\u5408\u529b\u5143\u6c23\u5f48\u70cf\u9f8d\u7403.... #shorts"
        },
        {
            "id": "Ctl--jMc9Jw",
            "title": "\u3010DinTer\u3011\u9019\u5e73\u53f0\u6709\u6bd2\uff1f\u5716\u5947\u5973\u4e3b\u64ad\u770b\u591a\u4e86\u6703\u5f97\u9019\u7a2e\u75c5\uff1f\uff01\u77ac\u75be\u6b65\u6cd5\u845b\u96f7\u592bGraves JG \u5fc3\u614b\u8a13\u7df4\u5c40\uff01YT\u754c\u7684\u5e2d\u4e3b\u5e2d\uff1f\uff01\u9001\u9322\u4e3b\u64ad\u8207\u89c0\u773e\u7684\u6597\u5167\u6230\u722d\uff01\u770bRP\u7b2c\u4e00\u6b21\u9019\u9ebc\u7dca\u5f35\u6b38\uff01"
        },
        {
            "id": "E1C_xAAxiQM",
            "title": "\u3010DinTer\u301111/14 Hit2 hottime\u7121\u60c5\u7df4\u529f\u6a21\u5f0f\u767b\u5834 \u4eca\u65e5\u6311\u6230\u767d\u5ad6+10\u5b88\u8b77\u6212\u6307"
        },
        {
            "id": "EdNT6dSOngY",
            "title": "\u3010Dinter\u3011\u4e00\u500b\u4eba\u5e36\u7403\u904e\u5168\u5834\u4e09\u9023\u8e39\uff01\u760b\u72c2\u904e\u4eba\u722c\u8d77\u4f86\u518d\u4e00\u8173\u4e16\u754c\u51a0\u8ecd\uff01\uff01 #shorts"
        },
        {
            "id": "F5wuGXnHwCo",
            "title": "\u3010Dinter\u3011\u7279\u54e5\u7ae5\u5e74\u5728\u6f8e\u6e56\u7684\u5feb\u6a02\u56de\u61b6\uff01\u966a\u6211\u5ea6\u904e\u8ff7\u60d8\u9752\u6625\u7684\u90a3\u500b\u7537\u4eba\uff1f\u81f4\u547d\u7bc0\u594f\u591c\u66f2Nocturne JG \u9130\u5c45\u7684\u60e1\u5922\uff1f\uff01 \u516c\u7406\u5713\u5f27\u5922\u9b58\u4e00\u500b\u5718\u958b\u5169\u6b21R\uff01\u9802\u7d1atempo\u8b93\u5c0d\u9762\u6253\u91ce\u6c92\u602a\u53ef\u5237\uff5e"
        },
        {
            "id": "Iii0T8KQgBs",
            "title": "\u3010DinTer\u3011\u6708\u5149\u96d5\u523b\u5e2b\u6311\u6230\u91d1\u5bf5\uff01\u7a76\u7adf\u9019\u904a\u6232\u662f\u5426\u80fd\u8f49\u904b\uff1f\u671f\u671b\u503c\u5be6\u6e2c\uff01\u6578\u5b78\u662f\u4e0d\u6703\u9a19\u4eba\u7684\uff5e"
        },
        {
            "id": "_8p5OxPcJEs",
            "title": "\u3010DinTer\u301111/13 \u7d55\u547d\u96d9\u6392 \u4fee\u5fa9\u5c0f\u8239 \u9678\u670d\u5947\u8019\u4e0a\u91ce\u7d44\u5408 \u52a9\u5a01T1\u5641\u5fc3\u570b\u4eba"
        },
        {
            "id": "0x_3fPIzoBE",
            "title": "\u3010Dinter\u3011\u7279\u597d\u919c\u7cfb\u5217\uff0d\u4e01\u91cd\u7adf\u7136\u4e5f\u6703\u5931\u6557\uff1f\uff01 #shorts"
        },
        {
            "id": "dtWJJEcXp_w",
            "title": "\u3010Dinter\u3011\u5fb7\u5dde\u64b2\u514b\uff5c\u760b\u72c2\u89c0\u773e\u7adf\u9023\u7e8cALL IN\uff012023\u6700\u65b0\u6597\u5167\u65b9\u5f0f\uff1f\uff01\u7279\u54e5\u88ab\u5632\u7a7a\u6c23\u69cd\uff1f\u4f60\u5011\u628a\u5fb7\u5dde\u64b2\u514b\u7576\u522e\u522e\u6a02\u5728\u73a9484\uff1f\u9019\u4e9b\u4eba\u7684\u73a9\u6cd5\u6211\u771f\u7684\u770b\u4e0d\u61c2..."
        },
        {
            "id": "Sm7s7Hj_Mko",
            "title": "\u3010DinTer\u301111/12 \u5929\u5802W \u4e00\u689d\u9f8d\u958b\u62bd +8\u71e6\u721b\u706b\u9762\u641e\u8d77\u4f86 40\u842c\u947d\u80fd\u4e0d\u80fd\u4e0b\u73ed?"
        },
        {
            "id": "BhF2-sZosZ4",
            "title": "\u3010Dinter\u3011\u5728\u54e1\u5de5\u9762\u524d\u6beb\u7121\u5c0a\u56b4\u7684\u8001\u95c6... #shorts"
        },
        {
            "id": "PteeQl_LJsQ",
            "title": "\u3010DinTer\u3011\u4eca\u5e74\u6700\u6158\u70c8\u7684\u5730\u7344\u7d81\u67b6\u5c40\uff01\u77ac\u75be\u6b65\u6cd5\u845b\u96f7\u592bGraves JG \u9019\u662f\u4e00\u500b\u4ebacarry\u7684\u904a\u6232\uff01\u8d85\u61f8\u6b8a\u4eba\u982d\u6bd4\u9084\u80fd\u7ffb\u76e4\uff1f\uff01\u524d\u8077\u696d\u9078\u624b\u8207\u56db\u500b\u516c\u5b89\u968a\u53cb\u7684\u8d85\u6d3e\u5192\u96aa\uff5e"
        },
        {
            "id": "kBZrBOcZQRE",
            "title": "\u3010DinTer\u301111/11 poker time \u6301\u7e8c\u7de0\u9020\u6c34\u4e0a\u7d00\u9304"
        },
        {
            "id": "i7fOCB54glQ",
            "title": "\u3010Dinter\u3011\u7279\u597d\u958b\uff0d\u5409\u5217\u8d85\u5f37\u6975\u5149\u5200\u65b0\u4e0a\u5e02!! \u7206\u5c3b\u7279\u54e5\u53c8\u7c97\u53c8\u786c\u7684\u9b0d\u5b50! \u522e\u5b8c\u96e2\u97d3\u5718\u53c8\u9032\u4e00\u6b65\u4e86!?"
        },
        {
            "id": "KqrKZ0y1uhw",
            "title": "\u3010DinTer\u301111/10  \u6797\u53e3\u84cb\u502b\u738b \u91ce\u5340\u9b3c\u898b\u6101 \u5cfd\u8c37\u760b\u72c2\u958b\u8f49"
        },
        {
            "id": "IZ7zAVR-6m4",
            "title": "\u3010DinTer\u3011\u731b\u7378\u6d3e\u5c0d\u754c\u7684\u55ac\u4e39\uff01 #shorts"
        },
        {
            "id": "CDxxKj65hQk",
            "title": "\u3010DinTer\u3011\u6dfa\u8ac7\u53f0\u65e5\u6700\u9802\u7684\u5e1d\u738b\u87f9\u9910\u5ef3\u662f\u9019\u5e7e\u9593\uff1f\uff01\u9748\u9b42\u6536\u5272\u6b7b\u6b4cKarthus JG \u9ad8\u901f\u638c\u63a7\u6230\u5c40\uff01\u958b\u5c40\u5148\u641e\u6575\u65b9\u6253\u91ce\u5fc3\u614b\u5c31\u8d0f\u4e86\uff01\u73a9\u523015\u5206\u624d\u6709\u6a5f\u6703\u958b\u7b2c\u4e00\u6b21R\u8036\uff1f\uff01"
        },
        {
            "id": "NvlJhntrz1I",
            "title": "\u3010DinTer\u3011\u5632\u7b11\u5b8c\u5225\u4eba\u7684\u4e0b\u5834... #shorts"
        },
        {
            "id": "JP-Gjc5jLn0",
            "title": "\u3010DinTer\u3011\u7279\u54e5\u770bPSG\u4e16\u754c\u8cfd\u5f8c\u5f71\u7247\u8d85\u7d1a\u9707\u9a5a\uff1f\uff01\u5967\u8853\u5f57\u661f\u9f4a\u52d2\u65afXerath SUP \u4e09\u5206\u7403\u6295\u56db\u4e2d\u56db\uff01\u7b2c\u56db\u7bc0\u5148\u751f\u7684\u5a01\u529b\uff01\u6975\u54c1\u516c\u5b89AD\u760b\u72c2\u88dd\u903c\u9001\u982d\uff01\u6211\u963f\u5b24\u4f86\u90fd\u77e5\u9053\u9019\u88e1\u600e\u9ebc\u73a9\uff01"
        },
        {
            "id": "xEyH8M5rqCQ",
            "title": "\u3010DinTer\u3011\u9019\u84cb\u502b\u662f\u6211\u4e00\u751f\u4e4b\u6575... #shorts"
        },
        {
            "id": "JiQj5YRIZ7o",
            "title": "\u3010DinTer\u3011\u300a\u6176\u9918\u5e74\u300b\u559c\u7d50\u826f\u7de3\uff01\u4e01\u7279\u5927\u4fe0\u5a5a\u79ae\u73fe\u5834\u5168\u7d00\u9304\uff01"
        },
        {
            "id": "YOXmA1D4TI0",
            "title": "\u3010DinTer\u301111/7 Hit2 \u79fb\u6c11\u73ed\u6a5f\u52a0\u958b\u662f\u8001\u5929\u8981\u6211\u6e05\u7406\u9580\u6236?\u76e7\u5361\u65af\u8de8\u670d\u4e82\u9b25\u5834\u767b\u5834"
        },
        {
            "id": "Tib8je3biI0",
            "title": "\u3010DinTer\u3011\u7329\u7329\u73a9\u5230\u8b8a\u523a\u875f... #shorts"
        },
        {
            "id": "Qw0buoR_eIQ",
            "title": "\u3010DinTer\u3011\u7279\u96e3\u5403\u7a3d\u67e5\u54e1\uff5c\u7a81\u64ca\u6587\u5c71\u5340\u5dee\u8a55\u5916\u8ce3\uff01\u9019\u725b\u8089\u786c\u5230\u53ef\u4ee5\u62ff\u4f86\u88dc\u80ce\uff1f\uff01\u7279\u54e5\u771f\u8aa0\u52f8\u4e16\u6c92\u4e8b\u5c11\u5403\u5916\u98df\uff01\u6211\u4ec0\u9ebc\u82e6\u90fd\u80fd\u5403\uff5e\uff5e\u5c31\u9019\u7897\u5403\u4e0d\u4e0b\u53bb..."
        },
        {
            "id": "aRags5B13vs",
            "title": "\u3010DinTer\u3011\u52d5\u7269\u6d3e\u5c0d\u65b0\u624b\u5c31\u88ab\u8def\u4eba\u91dd\u5c0d... #shorts"
        },
        {
            "id": "oqqD7Bq94JM",
            "title": "\u3010DinTer\u3011\u5206\u6790\u8a72\u4e0d\u8a72\u5e6b\u524d\u5973\u53cb\u9084\u5361\u50b5\uff1f\uff01\u7279\u54e5\u514d\u5f79\u9084\u6536\u5230\u6559\u53ec\u901a\u77e5\u7684\u539f\u56e0\uff1f\u76f8\u4f4d\u885d\u64ca\u8302\u51f1Maokai JG \u6700\u9ad8\u52dd\u7387\u6a39\u4eba\u7684\u51fa\u88dd\uff01\u9019\u4e9b\u968a\u53cb\u662f\u4e0d\u662fARAM\u6253\u592a\u591a\uff1f"
        },
        {
            "id": "I1iNxwa-7II",
            "title": "\u3010DinTer\u301111/5  \u5929\u5802w \u4e45\u9055\u7684\u4e00\u689d\u9f8d \u7121\u60c5\u767d\u5ad6\u91d1\u5a03"
        },
        {
            "id": "xZBhPd59Xzs",
            "title": "\u3010DinTer\u3011\u539f\u672c\u5927\u597d\u5403\u96de\u5c40\u537b\u906d\u6ed1\u9435\u76e7... #shorts"
        },
        {
            "id": "bEZ9UH9wnGU",
            "title": "\u3010DinTer\u3011\u731b\u7378\u6d3e\u5c0dPartyAnimals\uff5c\u795e\u5947BUG\u9a5a\u898b\u5168\u5730\u5716\u5927\u5730\u9707\uff01\u8077\u696d\u9078\u624b\u6bcf\u5c40\u90fd\u6d3b\u4e0d\u904e5\u79d2\uff1f\u5728\u7a7a\u4e2d\u9084\u8981\u88ab\u6253...\u5e95\u4e0b\u4eba\u9019\u9ebc\u591a\u662f\u5728\u6ce1\u516c\u5171\u6fa1\u5802\u5594\uff1f"
        },
        {
            "id": "Aj4NysZoEMA",
            "title": "\u3010DinTer\u301111/4 poker time! \u6628\u5929\u88ab\u9023\u6b6a\u4e09\u628a\u7206\u6c23\u4e0b\u64ad \u4eca\u5929\u4e0d\u53ef\u80fd\u518d\u9019\u9ebc\u5012\u6963\u4e86\u5427?"
        },
        {
            "id": "REaPUk4RosQ",
            "title": "\u3010DinTer\u3011\u7f55\u898b\u64cd\u4f5c\u9583\u73fe\u6e34\u8840\u6975\u9650\u53cd\u6bba\uff01 #shorts"
        },
        {
            "id": "q_cLTJ24OuM",
            "title": "\u3010DinTer\u3011\u908f\u8f2f\u4e4b\u9b3c\uff01\u7279\u54e5\u5c0d\u4e16\u754c\u8cfd\u968a\u4f0d\u7684\u770b\u6cd5\uff1f\u6b50\u7f8e\u548c\u4e2d\u97d3\u7684\u5dee\u8ddd\u6301\u7e8c\u7e2e\u5c0f\uff1f\uff01\u9748\u9b42\u6536\u5272\u9b54\u7518\u5a1cMorgana JG \u9ad8\u901f\u5237\u91ce\u9802\u7d1a\u4e00\u5438\u5168\uff01\u9019Q\u7684\u6e96\u5ea6\u6c92\u8ab0\u4e86\uff01"
        },
        {
            "id": "eJLg-dafUMM",
            "title": "\u3010DinTer\u301111/3 \u5929\u5802W \u9b3c\u8f49\u69cd\u624b \u8d85\u8d8a\u5996\u7cbe\u7684\u9802\u7d1a\u706b\u529b \u4e2d\u90aa\u768418\u5206\u9b54\u773c\u5230\u5e95\u958b\u4e0d\u958b?"
        },
        {
            "id": "jVNw4wMQYXc",
            "title": "\u3010DinTer\u3011\u4e03\u9032\u4e03\u51fa\u5316\u8eab\u6797\u53e3\u8d99\u5b50\u9f8d\uff01 #shorts"
        },
        {
            "id": "apnifM7B6I8",
            "title": "\u3010DinTer\u3011\u7279\u54e5\u53c8...\u88ab\u5831\u8b66\u4e86\uff1f\u591a\u6b21\u88ab\u9130\u5c45\u885d\u4e09\uff01\u76f4\u64ad\u5411\u9130\u5c45\u8aa0\u646f\u9053\u6b49\uff01\u76f8\u4f4d\u885d\u64ca\u8302\u51f1MaoKai JG \u5c3e\u5200\u53c8\u8e6d\u5854\u5831\u7b54\u968a\u53cb\uff01\u5dee\u9ede\u5c31\u80fd\u770b\u5230\u76f4\u64ad\u5403\u87a2\u5e55\u4e86\uff01"
        },
        {
            "id": "CRirAGfwFMc",
            "title": "\u3010DinTer\u301111/2  \u4e39\u5229\u6d41\u84cb\u502b\u6253\u91ce \u5e2d\u6372\u53f0\u670d\u91ce\u5340"
        },
        {
            "id": "7QM-I_AgG-A",
            "title": "\u3010DinTer\u3011\u4e01\u91cd\u50b7\u5bb3\u4e0d\u9ad8\u4f46\u4fae\u8fb1\u6027\u6975\u5f37\uff5e #shorts"
        },
        {
            "id": "q59zxbKlG2Q",
            "title": "\u3010DinTer\u3011LUNA\uff1aAI\u6708\u795e\u306e\u9060\u5f81\uff5c\u72c2\u62bd\u731b\u62bd\uff01\u9019\u6a5f\u7387\u597d\u4e0a\u982d\uff01"
        },
        {
            "id": "eR9YApnXTkE",
            "title": "\u3010DinTer\u3011\u5de5\u7a0b\u5e2b\u7d55\u4e0d\u6703\u8f9c\u8ca0\u8a8d\u771f\u62bd\u5361\u7684\u4eba\uff01\uff01 #shorts"
        },
        {
            "id": "cJ3a7A154KQ",
            "title": "\u3010DinTer\u3011\u5716\u5947\u5973\u4e3b\u64ad\u7684\u9802\u4e0a\u6230\u722d\uff1f\u73fe\u5728\u76f4\u64ad\u90fd\u9019\u9ebc\u7af6\u722d\u55ce\uff1f\uff01\u88c2\u5730\u885d\u64ca\u62c9\u59c6\u65afRammus JG \u8d85\u786c\u7121\u6575\u9f9c\u9f9c\uff01\u4e01\u91cd\u53f2\u8a69\u7d1a\u524a\u5f31...\u4f46\u9084\u662f\u6436\u5f97\u5230\u5df4\u9f8d\uff01\u53c8\u6709\u4e0a\u8def\u5b64\u5152\u7121\u60c5BD..."
        },
        {
            "id": "XF3g2Bm05b8",
            "title": "\u3010DinTer\u301110/31 \u53f0\u670d\u89aa\u53cb\u5718 \u6c92\u6709\u516c\u5b89\u7684\u5cfd\u8c37\u539f\u4f86\u9019\u9ebc\u5feb\u6a02"
        },
        {
            "id": "XM1udyyraXA",
            "title": "\u3010DinTer\u3011\u7279\u54e5\u5b78\u72d7\u53eb\uff1f\uff01\u653e\u68c4\u4eba\u751f\u7684\u6a5f\u5668\u4eba... #shorts"
        },
        {
            "id": "sZhHPOwpsmU",
            "title": "\u3010DinTer\u3011Hit2\uff5cTJ\u79ae\u5305\u4e00\u4e8b\u7121\u6210\u60f1\u7f9e\u4e0a\u982d\uff01\u5632\u7b11\u670b\u53cb\u62bd\u4e0d\u5230\u5361\u7684\u7121\u826f\u4eba\uff1f\u5949\u52f8\u4f60\u5404\u4f4d\u8981\u5c0a\u91cd\u7f8e\u8853\u554a\uff01\u96e3\u9053\u6211\u5c31\u53ea\u6709\u4fdd\u5e95\u547d...\uff1f"
        },
        {
            "id": "kB6kA_I-O3U",
            "title": "\u3010DinTer\u301110/30 \u53f0\u670d\u89aa\u53cb\u5718 \u63d0\u6469\u84cb\u502b\u6253\u91ce\u9738\u6c23\u767b\u5834"
        },
        {
            "id": "8zLmVmNtkjc",
            "title": "\u3010DinTer\u3011\u8d85\u795e\u5947\u7684\u773c\u4f4d\u9019\u500b\u4e00\u5b9a\u8981\u5b78\u4e00\u4e0b... #shorts"
        },
        {
            "id": "Qkz6X-GpvbQ",
            "title": "\u3010DinTer\u3011\u4e16\u4ec7\u5c0d\u6c7a\uff01\u5168\u983b\u6311\u91c1\u624d\u662f\u9019\u904a\u6232\u7684\u6838\u5fc3\uff1f\u5f81\u670d\u8005\u5609\u6587\u56db\u4e16JarvanIV JG \u8d85\u6d3e\u51fa\u88dd\uff01\u5168\u5766\u7687\u5b50\u6703\u6230\u4e00\u625b\u4e94\u7ffb\u8f49\u6230\u5c40\uff01\u4e00\u76f4\u558a15\u7684\u6700\u5f8c\u9084\u662f\u4e56\u4e56\u7576\u5206\u5974\uff1f"
        },
        {
            "id": "_iNgDZZcMoM",
            "title": "\u3010DinTer\u301110/29 \u4eba\u9593\u5de8\u70ae\u7121\u60c5\u7d71\u6cbb\u53ec\u559a\u5cfd\u8c37"
        },
        {
            "id": "49M9GPOimo8",
            "title": "\u3010DinTer\u3011\u5403\u98ef\u5065\u8eab\u9047\u5230\u7c89\u7d72\u7684\u6545\u4e8b\uff5e #shorts"
        },
        {
            "id": "7ZEuLR5FKv4",
            "title": "\u3010DinTer\u3011\u77ac\u75be\u6b65\u6cd5\u845b\u96f7\u592bGraves JG \u6311\u6230\u5be6\u529b\u5dd4\u5cf0\uff01\u958b\u5c40\u5224\u65b7\u7acb\u99ac\u770b\u51fa\u6253\u91ce\u5dee\u8ddd\uff01\u6975\u54c1\u81ea\u79c1\u8e6d\u4ed4\u4e0a\u55ae\u5641\u5fc3\u64cd\u4f5c...\u9023\u5c0d\u624b\u90fd\u66ff\u7279\u54e5\u62b1\u4e0d\u5e73\uff01\u6b38\u4f60\u600e\u9ebc\u628a\u81ea\u5df1\u79c0\u6b7b\u4e86\uff1f"
        },
        {
            "id": "Nx4G4oRHoKM",
            "title": "\u3010DinTer\u301110/28 LOL \u4eca\u65e5\u4e0a\u5927\u5e2b"
        },
        {
            "id": "AfUUI1Bp5Mo",
            "title": "\u3010DinTer\u3011\u4e94\u5e74\u8077\u696d\u6253\u91ce \u5c31\u9019\u6b77\u53f2\u65b0\u4f4e\u50b7\u5bb3... #shorts"
        },
        {
            "id": "SrQKCr60YeU",
            "title": "\u3010DinTer\u3011\u7279\u597d\u5403\u7cfb\u5217\uff5c\u958b\u7bb1\u6587\u5c71\u5340\u96b1\u85cf\u7248\u7f8e\u98df\uff01\u4e0d\u53ea\u7279\u597d\u5403\u9084\u7279\u4fbf\u5b9c\uff5e\u9019\u5bb6\u771f\u7684\u8d85\u725b\uff1f\u8a31\u9858\u9019\u9593\u5c0f\u5403\u958b\u5728\u6211\u5bb6\u6a13\u4e0b\uff01\u9019\u6a23\u9edeCP\u503c\u8d85\u9ad8\uff01"
        },
        {
            "id": "WpK-axSjrJU",
            "title": "\u3010DinTer\u301110/27 \u947d\u4e00\u6253\u91ce \u5237\u5230\u4e0a\u5927\u5e2b"
        },
        {
            "id": "kCbv9wvscGM",
            "title": "\u3010DinTer\u3011\u9802\u7d1a\u9451\u5b9a\u5e2b\u5e6b\u89c0\u773e\u8a55\u9451\u97d3\u59b9\uff5e #shorts"
        },
        {
            "id": "Rl2G9K-KLGo",
            "title": "\u3010DinTer\u3011\u731b\u7378\u6d3e\u5c0dPartyAnimals\uff5c\u4e01\u9ed1\u592a\u591a\u73a9\u4e0d\u4e86\u904a\u6232\u554a\uff01\u6253\u4e0d\u8d0f\u5c31\u8e22\u6389= = \u4e03\u516c\u5b89\u4e5f\u9b25\u4e0d\u904e\u4e00\u500b\u7279\u4e3b\u64ad\uff1f\uff01\u6211\u7684\u4ec7\u6068\u503c\u662f\u4e0d\u662f\u592a\u9ad8\u4e86...\u8868\u6f14\u5404\u7a2e\u81ea\u80a5\u5439\u6367\u6a02\u6975\u751f\u60b2\uff01"
        },
        {
            "id": "7yPAyn5RCt8",
            "title": "\u3010DinTer\u3011\u9802\u7d1a\u5931\u8aa4 \u6572\u684c\u624b\u88ab\u6572\u51fa\u9bae\u8840... #shorts"
        },
        {
            "id": "LASrSHeJ2io",
            "title": "\u3010DinTer\u3011\u6307\u63ee\u578bAP\u597d\u904b\u59d0MF SUP\u767b\u5834\uff01\u96d9AD\u7684\u512a\u52e2\u5927\u65bc\u50b3\u7d71\u8f14\u52a9\uff1f\u5c0d\u9762\u600e\u9ebc\u53ea\u7763\u6211\u4e00\u4eba\u554a\uff1f\uff01\u5c08\u696d\u5b64\u5152\u64cd\u4f5c\u9650\u5236\u4e86\u6211\u7684\u60f3\u50cf...\u8cea\u7591\u968a\u53cb\u88ab\u5149\u901f\u6253\u81c9\uff01\u5b64\u5152BD\u725b\u903c\u554a\uff01"
        },
        {
            "id": "39Pc6sdO_ew",
            "title": "\u3010DinTer\u301110/25 HIT2  \u8d85\u7d1a\u5169\u689d\u9f8d\u62da\u96d9\u6f84"
        },
        {
            "id": "7TA8FiNZJcg",
            "title": "\u3010DinTer\u3011\u5065\u8eab\u9a5a\u9b42...\u5687\u5f97\u4e01\u7279\u4e0d\u6562\u904b\u52d5\uff01#shorts"
        },
        {
            "id": "yInVOLoy-HE",
            "title": "\u3010DinTer\u3011\u8a0e\u8ad6\u6703\u8cb7\u55ae\u4e00\u4efd120\u5143\u7684\u96de\u6392\u55ce\uff1f\u5077\u9322\u8cbb\u5fb7\u63d0\u514b Fiddlesticks JG \u5cfd\u8c37\u754c\u7684\u540d\u5075\u63a2\u67ef\u5357\uff01\u6211\u8d70\u5230\u54ea\u5c31\u6703\u6709\u968a\u53cb\u6b7b\u6b38\uff1f\uff01\u5403\u98ef\u4e0d\u80fd\u8aaa\u8a71\u7684\u795e\u7955\u96b1\u75be\uff1f"
        },
        {
            "id": "8gIF3XoUOTw",
            "title": "\u3010DinTer\u3011\u6700\u65b0\u6582\u8ca1\u5957\u8def\u6559\u5b78\uff01#shorts"
        },
        {
            "id": "8dP-4NsGEPU",
            "title": "\u3010DinTer\u3011\u8d85\u6d3e\u8f14\u52a9\u5f9e\u96f6\u958b\u59cb\u7684\u758a\u66f8\u6559\u5b78\u5c40\uff01\u5148\u767c\u5236\u4eba\u597d\u904b\u59d0MF SUP \u9802\u7d1a\u625b\u5854\uff5e\u50b7\u5bb3\u7adf\u6bd4\u4e09\u8defC\u4f4d\u9084\u9ad8\uff01\u7279\u54e5\u70ba\u4e86\u4e0a\u5206\u958b\u59cb\u6aa2\u8a0e\u81ea\u5df1\uff1f\uff01\u53c8\u958b\u767c\u4e00\u96bb\u53ef\u4ee5\u5641\u5fc3\u5c0d\u624b\u7684\u89d2\u8272\u4e86\uff01"
        },
        {
            "id": "w7rQItmd3_s",
            "title": "\u3010DinTer\u3011\u5cfd\u8c37\u5168\u54e1\u9003\u8d70\u4e2d\uff0d\u62cd\u624b\u628a\u81ea\u5df1\u62cd\u9032\u5783\u573e\u8eca... #shorts"
        },
        {
            "id": "gQuaD_slmUw",
            "title": "\u3010DinTer\u3011\u7d55\u4e0d\u91cd\u64ca\u7832\u8eca\u6536\u7a05\u7684\u5c0f\u963f\u7279\uff1f\u5077\u9322\u8cbb\u5fb7\u63d0\u514bFiddlesticks JG \u5cfd\u8c37\u8df3\u9060\u51a0\u8ecd\uff01\u8349\u4eba\u76840\u6b7b\u6311\u6230\uff01\u6253\u91ce\u4f4d\u771f\u4e0d\u662f\u7d66\u4eba\u73a9\u7684\uff1f\uff01\u4e00\u53e5\u8a71\u76f4\u63a5\u958b\u555f\u7279\u54e5\u7206\u6c23\u7684\u958b\u95dc\uff01"
        },
        {
            "id": "q1JB6sjMWgo",
            "title": "\u3010DinTer\u3011\u88abEZ\u5927\u7d55\u5687\u5230\u5fc3\u8df3\u5dee\u9ede\u6c92... #shorts"
        },
        {
            "id": "AHfU4Xf0Ifs",
            "title": "\u3010DinTer\u3011\u4e00\u968a\u4e09\u500b\u6f14\u54e1\u600e\u9ebc\u73a9\uff1f\u9748\u9b42\u6536\u5272\u827e\u514bEkko JG \u539f\u4f86\u6211\u4e5f\u662f\u6f14\u54e1... \u4e0a\u55ae\u5c0d\u5175\u7dda\u5178\u578b\u7684\u932f\u8aa4\u89c0\u5ff5\uff1f\u9047\u5230\u53f2\u4e39\u5229\u5c0f\u865f\u5566\uff01\u600e\u9ebc\u5e36\u5df4\u9f8dbuff\u7684\u62c6\u6bd4\u8f03\u6162\u554a\uff1f"
        },
        {
            "id": "jmK4t1yFCrc",
            "title": "\u3010DinTer\u3011\u73a9\u9678\u670d\u4ee5\u4f86\u6700\u6eab\u6696\u7684\u4e00\u5929\uff01\u9748\u9b42\u6536\u5272\u63d0\u6469Teemo JG \u5c0d\u6c7a\u661f\u6735\u62c9\u6253\u91ce\uff1f\uff01\u9019\u771f\u7684\u662f\u947d\u77f3\u5c40\u55ce\uff1f\u9047\u5c0f\u5b78\u751f\u968a\u53cb\u5831\u5fa9\u793e\u6703\u7206\u6c23\u958b\u5674\uff01\u5169\u908a\u90fd\u6709\u4eba\u5728\u6233\u6b38\uff01\u611f\u8b1d\u570b\u4eba\u9001\u5e78\u798f\uff5e"
        },
        {
            "id": "acnfH60yKLY",
            "title": "\u3010DinTer\u3011BYG\u6bec\u679c\u9019\u6ce2\u64cd\u4f5c\u80af\u5b9a100\u5206\uff01 #shorts"
        },
        {
            "id": "88PejMWvs7w",
            "title": "\u3010DinTer\u3011LMS\u4e94\u5e74\u8077\u696d\u6253\u91ce\u62ef\u6551\u5169\u8def\u778e\u5b50\uff01\u81f4\u547d\u7bc0\u594f\u591c\u66f2Nocturne JG \u9802\u7d1a\u9810\u5224\uff0132\u6b72\u8001\u4eba\u88ab\u5687\u5230\u56de\u6625\uff1f\uff01\u4f86\u81ea\u672c\u80fd\u7684\u795e\u53cd\u61c9\uff01\u9084\u6562\u5634\u6211\u5e6b\u5012\u5fd9\u554a\uff1f"
        },
        {
            "id": "fmlddhq8QqM",
            "title": "\u3010DinTer\u3011\u9802\u7d1a\u64cd\u4f5c\u5c40\uff01\u6436\u5b8c\u5c0f\u9f8d\u6436\u5df4\u9f8d\uff01 #shorts"
        },
        {
            "id": "rQaGBtrEKII",
            "title": "\u3010DinTer\u3011\u73a9\u7684\u50cf\u4e2d\u8def\u7684\u8f14\u52a9\uff1f\u5967\u8853\u5f57\u661f\u9f4a\u52d2\u65afXerath SUP \u7206\u9ad8\u50b7\u5bb3\u53c8\u80fd\u5e36\u7dda\uff01\u7adf\u628a\u5c0d\u9762AD\u903c\u51fa\u81ea\u7136\u4e4b\u529b\uff1f\uff01\u9802\u7d1a\u5c3f\u5c3f\u5c0f\u7ae5\u6253\u64ca\u7387100\uff05\uff01\u5b8c\u7f8e\u6f14\u7e79\u8272\u5b57\u982d\u4e0a\u4e00\u628a\u5200..."
        }
    ]
}