{
    "channel": {
        "title": "\u7d71\u6668\u5927\u6232\u9662",
        "id": "UCmJwfvC-1omeZ_31Cb6vawA",
        "customUrl": "@godtone777",
        "uploads": "UUmJwfvC-1omeZ_31Cb6vawA"
    },
    "videos": [
        {
            "id": "D391n6O7ucA",
            "title": "\u3010\u7d71\u795e\u3011\u804a\u5929\u5ba4\u8b1b\u7684\u90a3\u4e9b\u904a\u6232\u6211\u90fd\u4e0d\u77e5\u9053 \u6211\u53ea\u77e5\u9053 \u9ed1\u8272\u4e94\u8449\u8349M\u9b54\u6cd5\u5e1d\u4e4b\u9053 #\u7d71\u795e #\u9ed1\u8272\u4e94\u8449\u8349M #\u9b54\u6cd5\u5e1d\u4e4b\u9053 #\u795e\u82e5\u56de\u982d\u4e0d\u662f\u5831\u6069\u5c31\u662f\u5831\u4ec7"
        },
        {
            "id": "BeZquFk_Q74",
            "title": "\u3010\u7d71\u795e\u3011\u6905\u5b50\u5012\u4e86QQ\uff0c\u6bcf\u5929\u88ab\u963f\u822a130\u516c\u65a4\u7684\u9ad4\u91cd\u58d3\u5728\u4e0b\u9762\uff13\u3001\uff14\u5e74\u7d42\u65bc\u89e3\u812b\u4e86\uff01"
        },
        {
            "id": "edc1ikTQShg",
            "title": "\u9ed1\u8272\u4e94\u8449\u8349M \u4e0a\u7dda\u4e86\uff01\u6562\u4e0d\u6562\u4f86\u52a0\u5165\u6211\u7684\u9ed1\u8272\u66b4\u725b\u5718\u554a \u7761\u89ba\u5c31\u662f\u6211\u7684\u9b54\u6cd52023/11/30"
        },
        {
            "id": "9bR7cc30Rsk",
            "title": "\u3010Arena Breakout\u3011\u65b0\u4e16\u4ee3\u6c89\u6d78\u5f0f\u6230\u8853 FPS\u760b\u72c2\u6389\u5206 \u5168\u8eab\u7169\u8e81  11/29//2023 asiagodtone"
        },
        {
            "id": "_VJBB7li0Hc",
            "title": "\u4e0d\u6015\u5916\u9047\u7684\u9047\u5230\u5de5\u7a0b\u5e2b \u4e00\u5b9a\u6703\u5e79  11/28//2023 asiagodtone"
        },
        {
            "id": "qUgzzOLlsVs",
            "title": "\u3010\u7d71\u795e\u3011\u4f60\u5f8c\u9762\u6709\u4eba #\u7d71\u795e #shorts"
        },
        {
            "id": "WW2nIs_V-s8",
            "title": "\u3010\u83c7\u52c7\u8005\u50b3\u8aaa\u3011\u795e\u88dd\u7121\u9650\u51fa\uff0c\u52c7\u8005\u662f\u83c7\u83c7 \u958b\u53f0\u722c\u500b\u5206\u804a\u500b\u5929\u516c\u500b\u5546 11/26/2023 asiagodtone"
        },
        {
            "id": "5yiYvzcPOjA",
            "title": "\u3010\u7d71\u795e\u3011\u8587\u95a32538\u865f\u623f\uff0c\u4e09\u4eba\u9762\u5c0d\u9762\uff01\u7d71\u795e\u89ba\u5f97\u4faf\u53cb\u5b9c\u8868\u73fe\u6700\u597d\uff1f\u57fa\u9686\u6771CALL IN\u958b\u8b1b\uff0c\u4f60\u5abd\u5728\u4e0d\u5728\uff1f\u963f\u822a\uff1a\u8ddf\u90a3\u8df3\u91dd\u4ed4\u771f\u7684\u6c92\u8fa6\u6cd5\u804a\u6b38\uff01 #\u7d71\u795e #\u57fa\u9686\u6771 #\u7e3d\u7d71"
        },
        {
            "id": "RddDtHN2roo",
            "title": "\u3010\u7d71\u795e\u3011\u6668\u6668\u8981\u6295\u8ab0\uff1f\u963f\u822a\u554f\u7684\u5169\u500b\u5019\u9078\u4eba\u4e0d\u5920\u6668\u6668\u9078\uff01\u76f4\u63a5\u79d2\u7b54\u7b2c\u4e09\u500b\uff01"
        },
        {
            "id": "NgRnpWUdaVA",
            "title": "\u3010\u7d71\u795e\u3011\u6587\u54f2\u4f60\u6c92\u4e8b\u5427\uff1f\u7f8e\u9e97\u5cf6\u8981\u4e0d\u8981\u544a\u6211\uff1f\u7d71\u795e\u5bb6\u88ab\u6c11\u8abf\u516c\u53f8\u5217\u5165\u9ed1\u540d\u55ae\uff0c\u56e0\u70ba\u963f\u822a\u505a\u4e86\u9019\u4ef6\u4e8b\uff01\u804a\u5929\u5ba4\u760b\u72c2\u91e3\u9b5a\uff0c\u7d71\u795e\u760b\u72c2\u7206\u6c23\uff0c\u6012\u5674\u7db2\u8def\u9b6f\u86c7\ud83d\udd25\ud83d\udd25\ud83d\udd25\u3010\u5be6\u6cc1\u65e5\u671f\uff1a20231115\u3011#\u7d71\u795e #\u67ef\u6587\u54f2 #\u7e3d\u7d71"
        },
        {
            "id": "zBk2ZTpfGqU",
            "title": "\u4f86\u73a9\u73fe\u5728\u6700\u8b9a\u7684\u3010Arena Breakout\u3011\u65b0\u4e16\u4ee3\u6c89\u6d78\u5f0f\u6230\u8853 FPS - 11/23/2023 asiagodtone"
        },
        {
            "id": "cgzXMCyqikY",
            "title": "\u3010\u7d71\u795e\u3011\u7f70\u55ae\u53c8\u4e00\u5f35\uff01\u5728\u53f0\u4e2d\u88ab\u79d1\u6280\u57f7\u6cd5\uff0c\u963f\u822a\u8a8d\u70ba\u662f\u8def\u6cc1\u6a19\u793a\u4e0d\u6e05\u695a\uff0c\u4e0d\u8a72\u88ab\u7f70\uff01\u5be6\u6cc1\u4e0a\u760b\u72c2\u6012\u5674\uff01\u5674\u5230\u5dee\u9ede\u4e2d\u98a8\uff01"
        },
        {
            "id": "v6kULnua6wI",
            "title": "\u3010\u7d71\u795e\u3011\u7b11\u6b7b\u54e6\uff01\u9ec3\u8001\u5e2b\u958b\u8b1b\uff0c\u7d71\u5abd\u5be6\u6cc1\u524d\u6700\u706b\u7206\u7684\u4e00\u6b21\uff0c\u7b49\u5230113 \u770b\u8ab0\u662f\u80013\uff0c\u7d71\u795e\uff1a\u4e0d\u8981\u90a3\u9ebc\u6fc0\u52d5\u5566\uff01 \u9ec3\u8001\u5e2b\uff1a\u5c31\u662f\u5f88\u6fc0\u52d5\uff01\uff01\uff01#\u7d71\u795e #\u7d71\u5abd #\u7e3d\u7d71"
        },
        {
            "id": "4OwiD0PhZzI",
            "title": "\u4e0d\u554f\u84bc\u5929\u554f\u9b3c\u795e\u597d\u4e86\u5566 \u770b\u904e\u9ed1\u8272\u4e94\u8449\u8349\u55ce? \u4eca\u5929\u4f86\u5077\u8dd1\u4e00\u4e0b\u4ed6\u7684\u624b\u904a  11/21/2023 asiagodtone"
        },
        {
            "id": "qMeU5KTlsGU",
            "title": "\u5929\u6c23\u51b7\u98bc\u98bc \u597d\u60f3\u51fa\u570b\u73a9  11/20//2023"
        },
        {
            "id": "rDdOd_etSVI",
            "title": "\u3010\u7d71\u795e\u3011\u96e3\u5f97\u963f\u822a\u62ff\u982d\u53c8\u505a\u4e8b\uff0c\u9047\u5230D\u80fd\u968a\u53cb\u5404\u7a2e\u958b\u641e\uff01\u5b64\u7acb\u7121\u63f4\u5b8c\u5168C\u4e0d\u4e86\uff01"
        },
        {
            "id": "ljRpNgqcoDg",
            "title": "T1\u8b93\u4e09\u5206 \u6587\u54f2\u8b933% 2023/11/19"
        },
        {
            "id": "0ODlnlroV9g",
            "title": "\u3010\u7d71\u795e\u3011\u64f7\u53d6\u5361\u641e\u4e8b\uff0c\u804a\u5929\u5ba4\u760b\u72c2\u91e3\u9b5a\uff0c003\u76f4\u63a5\u5674\u7206\u91e3\u9b5a\u4ed4\uff01\u65c1\u908a\u90a3\u4f4d\u5b8c\u51680\u4f5c\u7528\uff0c\u53ea\u5269\u641e\u4e8b\u3001\u5b09\u76ae\u7b11\u81c9\u529f\u80fd"
        },
        {
            "id": "DUBOX8qyfV4",
            "title": "\u6709\u56c9~\u4fee\u597d\u56c9~\u300a\u6fc0\u9b25\u5cfd\u8c37\u300b\u795e\u4e4b\u7af6\u6280\u5834\u8a66\u7149\uff0c\u555f\u52d5\uff0111/16/2023 asiagodtone"
        },
        {
            "id": "IbZePsZwlNw",
            "title": "\u563f\u563f \u8212\u8212\u670d\u670d\u958b\u500b\u53f0 11/16//2023 asiagodtone"
        },
        {
            "id": "R9tDbATxLt8",
            "title": "\u6211\u4ee5\u524d\u4e00\u76f4\u4e0d\u76f8\u4fe1\u6709\u964d\u982d \u76f4\u5230\u4e86\u4eca\u592911/15//2023 asiagodtone"
        },
        {
            "id": "0GX4ItgpqKs",
            "title": "\u3010\u7d71\u795e\u3011\u963f\u822a\u554f\u6668\u6668\u5976\u5976\u716e\u7684\u83dc\u662f\u4e0d\u662f\u5f88\u50cf\u300c\u5674\u300d\uff1f\u6668\u6668\uff1a\u5443..."
        },
        {
            "id": "GApDuJSn9EU",
            "title": "\u5929\u6c23\u597d\u51b7 \u8eab\u9ad4\u597d\u61f6  11/14//2023 asiagodtone"
        },
        {
            "id": "LJlVdnVE5M0",
            "title": "\u3010\u7d71\u795e\u3011\u5be6\u6cc1\u4e82\u6e90\uff1f\u6211\u6c92\u6709\u5ba2\u5bb6\uff01\u4eca\u5929\u7d42\u65bc\u9084\u7d71\u795e\u4e00\u500b\u516c\u9053\uff01\u548cGODJJ\u7c3d\u7d04\u3001\u7d42\u65bc\u627f\u8a8d\u8cb7\u4e86\u4e00\u53f0\u8ca8\u8eca\u3001JOEMAN\u5927\u9ebb\u7169\u4e8b\u4ef6 \u7c89\u7d72\u5efa\u8b70\u983b\u9053\u6539\u9019\u540d\u5b57\u6c5f\u5c71\u518d\u8d77\uff01 #\u7d71\u795e #\u6e05\u6d41 #joeman"
        },
        {
            "id": "UYv2C12tPzs",
            "title": "\u958b\u59cb\u81a8\u8139\u7f85 \u5404\u4f4d11/13//2023 asiagodtone"
        }
    ]
}