{
    "channel": {
        "title": "Toyz",
        "id": "UC2h6FK5xqOIqMM9MIYOdFzg",
        "customUrl": "@toyz69",
        "uploads": "UU2h6FK5xqOIqMM9MIYOdFzg"
    },
    "videos": [
        {
            "id": "OnEHJecGB2I",
            "title": "\u5927\u9ebb\u7169 | Toyz \u76f4\u64ad\u5b8c\u6574\u7248"
        },
        {
            "id": "Jfffp7BjSCk",
            "title": "\u9053\u6b49\uff01\u8d85\u6d3e | Toyz \u76f4\u64ad\u5b8c\u6574\u7248"
        },
        {
            "id": "fZxLuUBXxwQ",
            "title": "\u8d85\u6d3e | Toyz \u76f4\u64ad\u5b8c\u6574\u7248"
        },
        {
            "id": "MxAMhfpNtxg",
            "title": "\u516c\u5be9\u8d85\u6d3e\u7684\u70b8\u96de\u5e97\uff01"
        },
        {
            "id": "ocb15gddQfM",
            "title": "\u5b78\u53f0\u8a9e | Toyz \u76f4\u64ad\u5b8c\u6574\u7248"
        },
        {
            "id": "fGsH027Yh4w",
            "title": "\u6253\u500bLOL\u6c34\u6642\u9593 | Toyz \u76f4\u64ad\u5b8c\u6574\u7248"
        },
        {
            "id": "nt2cQf-ilaA",
            "title": "\u54ce\u5440\u51fa\u5927\u4e8b\u5566  | Toyz \u76f4\u64ad\u5b8c\u6574\u7248"
        },
        {
            "id": "m_Gft8ZbKvg",
            "title": "\u5931\u8e64\u4eba\u53e3  | Toyz \u76f4\u64ad\u5b8c\u6574\u7248"
        },
        {
            "id": "WfsrgocE8ow",
            "title": "\u516c\u5be9\u6700\u9802\u7684\u71d2\u8089\u4fbf\u7576\uff01"
        },
        {
            "id": "NWOQWc-lQxs",
            "title": "\u62f3\u4e0b\u661f\u57ce  | Toyz \u76f4\u64ad\u5b8c\u6574\u7248"
        },
        {
            "id": "k9lwMjt-vz0",
            "title": "\u62f3\u4e0b | Toyz \u76f4\u64ad\u5b8c\u6574\u7248"
        },
        {
            "id": "SL4Jsw2KL4M",
            "title": "\u597d\u60f3\u5403\u767d\u98ef | Toyz \u76f4\u64ad\u5b8c\u6574\u7248"
        },
        {
            "id": "GBUpWog_FzY",
            "title": "\u62f3\u64ca\u5ee2\u7269\u77ed\u76f4\u64ad | Toyz \u76f4\u64ad\u5b8c\u6574\u7248"
        },
        {
            "id": "q4y2kig7oyQ",
            "title": "\u8cfd\u524d\u6700\u5f8c\u4e00\u958b \u5927\u5bb6\u4e00\u5b9a\u8981\u50b3\u627f\u6211\u7684\u7cbe\u795e | Toyz \u76f4\u64ad\u5b8c\u6574\u7248"
        },
        {
            "id": "JbXdP_bNqls",
            "title": "\u9b06\u4e00\u4e0b | Toyz \u76f4\u64ad\u5b8c\u6574\u7248"
        },
        {
            "id": "wVzpQQW0jNs",
            "title": "\u76e3\u7344\u96c6\u5408 | Toyz \u76f4\u64ad\u5b8c\u6574\u7248"
        },
        {
            "id": "jaqkC4qvtFU",
            "title": "\u54aa\u5154\u54aa\u5154 | Toyz \u76f4\u64ad\u5b8c\u6574\u7248"
        },
        {
            "id": "dmld_jNiZvg",
            "title": "\u4eca\u5929\u4e00\u5b9a\u6703\u8b93\u5927\u5bb6\u90fd\u8212\u8212\u670d\u670d\u7684 | Toyz \u76f4\u64ad\u5b8c\u6574\u7248"
        },
        {
            "id": "dCglfTav9Vs",
            "title": "\u6211\u6c92\u6709\u8cc7\u683c\u73a9D4 | 9\u9ede\u534a\u5403\u74dc | Toyz \u76f4\u64ad\u5b8c\u6574\u7248"
        },
        {
            "id": "TQnjYVUKNtI",
            "title": "\u6211\u6c92\u6709\u8cc7\u683c\u76f4\u64ad | Toyz \u76f4\u64ad\u5b8c\u6574\u7248"
        },
        {
            "id": "HM_M-ZiGYQo",
            "title": "\u5410\u69fd\u5927\u6703 | Toyz \u76f4\u64ad\u5b8c\u6574\u7248"
        },
        {
            "id": "EEQ6yzs-yvc",
            "title": "\u5927 \u9ebb \u7169 | Toyz \u76f4\u64ad\u5b8c\u6574\u7248"
        },
        {
            "id": "utGvLVQbBt8",
            "title": "\u6280\u8853\u7e3d\u7d50 - \u9ed1\u9053\u7db2\u7d05\u7bc7 | Toyz \u76f4\u64ad\u5b8c\u6574\u7248"
        },
        {
            "id": "3w5eGPbkmEw",
            "title": "\u8840\u6d41\u6210\u6cb3 | \u5c0f\u5289\u6703\u5ba2\u5ba4"
        },
        {
            "id": "NeSTlmNqEvA",
            "title": "\u5b6b\u816b\u5b6b\u816b\u6211\u611b\u4f60 | Toyz \u76f4\u64ad\u5b8c\u6574\u7248"
        },
        {
            "id": "r4NFJTqdTiA",
            "title": "\u88ab\u544a\u7de8\u865f 001\u300c\u70cf\u9d09\u300d- \u5c0f\u5289\u6703\u5ba2\u5ba4 | Toyz \u76f4\u64ad\u5b8c\u6574\u7248"
        },
        {
            "id": "fLCmmq3gP5w",
            "title": "\u81ea\u7136\u7d44vs\u5316\u5b78\u7d44 | Toyz \u76f4\u64ad\u5b8c\u6574\u7248"
        },
        {
            "id": "LWoFliD3Up0",
            "title": "\u6c34\u5802\u963f\u6905\u7684\u5403\u74dc\u74b0\u7bc0 2000\u842c\u96fb\u5546\u5e73\u53f0\u4e0b\u67b6\u5927\u91cf\u7522\u54c1 | Toyz \u76f4\u64ad\u5b8c\u6574\u7248"
        },
        {
            "id": "X1hI1_Ig81Q",
            "title": "\u6c34\u5802\u5c0f\u5f1f \u71b1\u8840\u56de\u6b78 \u770b\u770b\u5404\u5927\u7db2\u7d05\u90fd\u5728\u5e79\u561b | Toyz \u76f4\u64ad\u5b8c\u6574\u7248"
        },
        {
            "id": "YzUn-zl2iCM",
            "title": "\u9673\u4e4b\u6f22\u7684\u4e09\u5927\u539f\u7f6a \u52a0\u6c34 \u96d9\u6a19  \u6211\u6700\u5c4c | Toyz \u76f4\u64ad\u5b8c\u6574\u7248"
        },
        {
            "id": "osD3Ckw49FA",
            "title": "\u88ab\u544a\u8f49\u539f\u544a \u5289\u5049\u5065 vs \u539f\u544a\u8f49\u88ab\u544a \u9673\u4e4b\u6f22 | Toyz \u76f4\u64ad\u5b8c\u6574\u7248"
        },
        {
            "id": "Zwwq3gfSsIg",
            "title": "\u516c\u5be9\u8ce4\u8446\u8ddf\u963f\u664b\u958b\u7684\u70b8\u96de\u5e97\uff01"
        },
        {
            "id": "oIjIuyMypVs",
            "title": "\u88ab\u544a\u5289\u5049\u5065 \u539f\u544a\u9673\u4e4b\u6f22 \u6e96\u5099\u7a0b\u5e8f 3/11 \u958b\u5ead | Toyz \u76f4\u64ad\u5b8c\u6574\u7248"
        },
        {
            "id": "4GY-GZGR3WU",
            "title": "\u4eca\u665a\u53ef\u80fd\u662f\u6700\u60b2\u50b7\u7684\u4e00\u5834\u76f4\u64ad | Toyz \u76f4\u64ad\u5b8c\u6574\u7248"
        },
        {
            "id": "Y-yni0kW7cc",
            "title": "\u597d\u50cf\u6709\u72d7\u5728\u53eb \u90a3\u5c31\u4f86\u804a\u4e00\u804a | Toyz \u76f4\u64ad\u5b8c\u6574\u7248"
        },
        {
            "id": "JRK0g3-FMPk",
            "title": "\u62fe\u6c63\u8336\u5c4b\u6b63\u5f0f\u958b\u5e55\uff01\u4e0d\u662f\u6211\u8ce3\u5f97\u4fbf\u5b9c\uff0c\u662f\u9019\u4e9b\u54c1\u724c\u592a\u8a87\u5f35\uff01\u539f\u7269\u6599\u5ee0\u5546\u50f9\u683c\u4e00\u6b21\u516c\u958b\uff01"
        },
        {
            "id": "MymBuDd8ga8",
            "title": "\u958b\u7bb1Joeman\u7684\u806f\u540d\u5546\u54c1\uff01"
        },
        {
            "id": "cSKxRSJn9tQ",
            "title": "\u8840\u6d41\u6210\u6cb3\u4e4b\u58de\u4eba\u6211\u4f86\u7576 | Toyz \u76f4\u64ad\u5b8c\u6574\u7248"
        },
        {
            "id": "aoXLg3PzKec",
            "title": "\u6ecb\u4e8b\u4efd\u5b50 | Toyz \u76f4\u64ad\u5b8c\u6574\u7248"
        },
        {
            "id": "GO_HxzOCyw8",
            "title": "\u4e82\u6c34\u4e00\u901a | Toyz \u76f4\u64ad\u5b8c\u6574\u7248"
        },
        {
            "id": "KTZlkvtjNLw",
            "title": "Toyz \u76f4\u64ad\uff5c9\u9ede\u8981\u6b7b\u4eba\u4e86"
        },
        {
            "id": "cfcyCUmsVrw",
            "title": "Toyz \u76f4\u64ad\u5b8c\u6574\u7248 | \u624b\u6416\u98f2\u5927\u54c1\u724c \u4f60\u5011\u8cfa\u5920\u4e86\u8a72\u9084\u4e00\u9ede\u7d66\u6c11\u773e\u5695"
        },
        {
            "id": "WTZH1BbrfYk",
            "title": "Toyz \u76f4\u64ad\u5b8c\u6574\u7248 | \u958b\u5de5\u5927\u5409 \u4eca\u5e74\u624d\u525b\u958b\u59cb\u5c31\u9019\u9ebc\u71b1\u9b27 \u597d\u963f\u597d\u963f"
        },
        {
            "id": "V9knzmjdfYM",
            "title": "\u5168\u5e74\u8d85\u6df1\u5ea6QA\u9326\u96c6\uff01\u5c3e\u7259\u89aa\u81ea\u4e0b\u5eda\u7d66\u54e1\u5de5\u5403\uff01\u70ba\u4ec0\u9ebc\u6211\u518d\u4e5f\u4e0d\u6253\u82f1\u96c4\u806f\u76df\uff1f\u3010TOYZ\u3011"
        },
        {
            "id": "rHOzh93wS0c",
            "title": "Toyz \u665a\u9593\u76f4\u64ad | \u5404\u4f4d\u4e00\u8d77\u4f86\u5206\u6790\u4e00\u4e0b\u6700\u8fd1\u7db2\u8def\u4e0a\u7684\u722d\u8b70\u4e8b\u4ef6"
        },
        {
            "id": "qgnnLTq7sRY",
            "title": "\u606d\u559c\u767c\u8ca1 \u65b0\u7684\u4e00\u5e74\u5927\u5bb6\u8981\u6ce8\u610f\u8eab\u9ad4 \u7d42\u65bc\u6709\u9ede\u529b\u6c23\u76f4\u64ad\u4e86"
        },
        {
            "id": "MS_QvjgcIUI",
            "title": "\u3010\u6709\u9322\u4eba\u7684\u4e16\u754c\u3011\u8d85\u7d1a\u5751\u9322\u7684XX\u5e97\u5bb6\uff01\u9019\u96c6\u7d55\u5c0d\u8cb4\u5230\u6467\u6bc0\u4f60\u7684\u50f9\u503c\u89c0\uff01"
        },
        {
            "id": "Sv-XLPbQJkc",
            "title": "\u4eca\u5929\u6c7a\u5b9a\u4f86\u516c\u5be9\u86cb\u5854\u7684\u9910\u5ef3\uff01"
        },
        {
            "id": "FyF_pv9zXvg",
            "title": "2022\u7684\u6700\u5f8c\u4e00\u5929 \u628a\u8a72\u8aaa\u7684\u8aaa\u5b8c \u807d\u5929\u7531\u547d \u9006\u4f86\u9806\u53d7 | \u5404\u4f4d\u65b0\u5e74\u5feb\u6a02"
        },
        {
            "id": "FcRkF_saDwM",
            "title": "\u6210\u5409\u601d\u6c57\u5f37\u5ea6\u8a66\u8a13 & \u665a\u4e0a\u8ddf\u5973\u795e\u51fa\u5e2d\u5feb\u9583\u5e97\u6d3b\u52d5\u4e4b\u7c89\u7d72\u898b\u9762\u6703 | !\u6d3b\u52d5 !\u5973\u795e"
        },
        {
            "id": "wOrVu3eC7X8",
            "title": "\u8056\u8a95\u7bc0\u7279\u5225\u7bc0\u76ee | \u505a\u500b\u4e86\u65b7"
        },
        {
            "id": "XhE9hlTWR78",
            "title": "\u9996\u5ea6\u4e0b\u6d77\u7814\u767c\u83dc\u55ae\uff01\u7f8e\u98df\u516c\u9053\u4f2f\u5347\u7d1a\u6210\u9910\u5ef3\u9867\u554f\uff1f"
        },
        {
            "id": "1CtUfqvYoqU",
            "title": "\u4e0d\u8981\u6025 \u4e00\u500b\u4e00\u500b\u4f86 \u9928\u9577 \u53f2\u4e39\u5229 \u4e01\u7279 \u4e01\u7279\u53cb\u4eba | !DC !line !4%"
        },
        {
            "id": "jo3zOtGmRuM",
            "title": "\u3010 Toyz \u76f4\u64ad\u5b8c\u6574\u7248 \u3011 \u770b\u8457\u770b\u8457\u5c31\u54ed\u4e86"
        },
        {
            "id": "0ccJF8s1DWk",
            "title": "\u81c9\u90e8\u4fdd\u6fd5 \u5316\u500b\u599d \u518d\u4f86\u8ddf\u7532\u65b9\u5c0d\u8a71 \u958b\u5230\u6211\u8868\u54e5\u6bd4\u8cfd\u5c31\u95dc  | !DC !line !4%"
        },
        {
            "id": "1rJYBWSIFvY",
            "title": "\u51fa\u4e86\u4e00\u9ede\u7be0\u7be0\u610f\u5916 \ud83d\ude28\ud83d\ude28\ud83d\ude28  | !DC !line !4%"
        },
        {
            "id": "tpG7rR3gBw4",
            "title": "\u4e00\u500b\u60f3\u4e8630\u5206\u9418\u7684\u6a19\u984c Ask me anything | !DC !line !4%"
        },
        {
            "id": "eXliU-WbyMs",
            "title": "\u770b\u4e00\u6b21\u5c11\u4e00\u6b21\u7684\u4e3b\u64ad | !DC !line !4%"
        },
        {
            "id": "mMrYWeaBXPo",
            "title": "\u53c8\u662fC\u76ae\u7b11\u81c9\u7684\u4e00\u5929 \ud83e\udd70 | !\u76f4\u64ad\u6642\u9593 !DC !line !4%"
        },
        {
            "id": "4uM9ymWeCXc",
            "title": "\u8a72\u9762\u5c0d\u7684\u9084\u662f\u5f97\u9762\u5c0d | !\u76f4\u64ad\u6642\u9593 !DC !line !4%"
        },
        {
            "id": "GC36m91Bt80",
            "title": "\u6211\u505a\u4e86\u6b64\u751f\u6700\u96e3\u7684\u6c7a\u5b9a\u3002"
        },
        {
            "id": "dLXLHyZkYpE",
            "title": "\u6211\u8981\u6b63\u5f0f\u9000\u51faYouTube\u4e86\u3002"
        },
        {
            "id": "tqXkDcWkac0",
            "title": "\u53f0\u4e2d\u7687\u5e1d\u8ce4\u8446\u63a8\u85a6\uff01\u9802\u7d1a\u7cb5\u83dc\u9910\u5ef3\u4e0e\u73a5\u6a13\uff01\u807d\u8aaa\u5c0f\u5289\u4eca\u5929\u9019\u96c6\u7279\u5225\u56b4\u683c\uff1f\u3010\u6905\u5176\u6797\u3011"
        },
        {
            "id": "pACZV0YNNSI",
            "title": "\u96de\u6392\u6f32\u50f9\u6f32\u7ffb\u5929\uff1f\u7e3d\u8a55\u6e2c\u552e\u50f9\u7834100\u7684\u96de\u6392\uff01\u6709\u4e00\u5bb6\u771f\u7684\u96e3\u5403\u5230\u751f\u6c23\uff1f \u3010\u7f8e\u98df\u516c\u9053\u4f2f\u3011"
        },
        {
            "id": "52qTqQy6WsI",
            "title": "\u53f0\u4e2d\u7c73\u7cd5\u7e3d\u8a55\u6e2c\uff01\u6700\u597d\u5403\u7684\u7adf\u7136\u4e0d\u5728\u6e05\u6c34\uff1f\u3010\u7f8e\u98df\u516c\u9053\u4f2f\u3011"
        },
        {
            "id": "3rBxPM9IEyg",
            "title": "\u9019\u96c6\u4fdd\u8b49\u7d55\u5c0d\u597d\u5403\uff01 \u6311\u5634\u602a\u5e73\u5e38\u90fd\u5403\u4ec0\u9ebc\uff1f\u53e3\u888b\u611b\u5e97\u5b8c\u5168\u5927\u516c\u958b\uff01\u3010\u6905\u5b9a\u5f88\u597d\u5403\u3011"
        },
        {
            "id": "sLV7O61mqF4",
            "title": "\u6700\u591a\u89c0\u773e\u63a8\u85a6\u7684\u5e97\u5bb6\uff01\u53f0\u4e2d\u5bb5\u591c\u7f8e\u98df\u65b0\u5bf5\u5152\uff1f\u5201\u6c11\u9178\u83dc\u9b5a\u5230\u5e95\u6709\u6c92\u6709\u6599\uff01 \u3010TOYZ\u3011"
        },
        {
            "id": "U6Ml-xa5crA",
            "title": "\u518d\u6230\u53f0\u4e2d\u7f8e\u98df\u5c0f\u5403\uff01\u7db2\u53cb\u7344\u53cb\u7db2\u7f8e\u8d85\u5168\u9762\u63a8\u85a6\uff01\u4f9d\u7136\u6eff\u8db3\u4e0d\u4e86\u6905\u5b50\uff1f\u3010TOYZ\u3011"
        },
        {
            "id": "mYtp9RFUjS4",
            "title": "\u4e2d\u79cb\u7bc0\u660e\u661f\u70e4\u8089\u7d44\u7e3d\u8a55\u6e2c\uff01\u9084\u6c92\u958b\u59cb\u5403\u5c31\u5148\u6e96\u5099\u88ab\u544a\uff1f\u963f\u5065\u53c8\u4f86\u6311\u6230\u963f\u5065\u4e86\uff01\u3010\u7f8e\u98df\u516c\u9053\u4f2f\u3011"
        },
        {
            "id": "H0qLdwI0_Pw",
            "title": "\u5c0f\u5289\u7d04\u6703\u90fd\u4f86\u9019\uff1fCP\u503c\u9ad8\u5230\u7834\u8868\uff0c\u4fe1\u7fa9\u5340\u9019\u50f9\u683c\u4e0d\u6703\u5012\u55ce\uff1f\u9152\u9189\u516c\u9053\u4f2f\u518d\u73fe\uff1f\u3010\u6905\u5b9a\u5f88\u597d\u5403\u3011 Ft.TK\u81a0\u539f\u86cb\u767d\u98f2"
        },
        {
            "id": "21YDsg4JkBI",
            "title": "\u6e96\u5099\u642c\u5bb6\u5566\uff01\u6700\u5f8c\u6094\u88dd\u6f62\u76845\u500b\u8a2d\u8a08\uff01\u81ea\u4ee5\u70ba\u8070\u660e\u7684\u4e0b\u5834\uff1f\u6c92\u60f3\u5230\u5c0f\u4e11\u7adf\u7136\u5c31\u662f\u6211\u81ea\u5df1\uff01\u3010TOYZ\u3011"
        },
        {
            "id": "F_vYKTY98Ew",
            "title": "\u8d85\u96b1\u5bc6\u63a8\u85a6\u5c0f\u5e97\uff01\u62cd\u5b8c\u8b8a\u6210\u6709\u53ef\u80fd\u4e0d\u597d\u5403\uff1f\u611b\u5403\u8fa3\u7684\u89c0\u773e\u7d55\u5c0d\u5f97\u4f86\uff01\u3010\u6905\u5b9a\u5f88\u597d\u5403\u3011"
        },
        {
            "id": "hfeagIWAqY4",
            "title": "\u6905\u5176\u6797\u4e09\u661f\u5728\u4e2d\u58e2\u51fa\u73fe\uff01\u76f4\u63a5\u8acb\u5728\u5730\u8def\u4eba\u63a8\u85a6\u7f8e\u98df\uff01\u7adf\u7136\u62cd\u5230\u54e1\u5de5\u60f3\u96e2\u8077\uff1f\u3010TOYZ\u3011"
        },
        {
            "id": "gmb-FUkPxyA",
            "title": "\u7c73\u5176\u67972022\u6700\u65b0\u5165\u9078\uff01\u62db\u724c\u53f0\u83dc\u537b\u4ee4\u4eba\u9a5a\u5687\u4e0d\u5df2\uff1f\u50b3\u627f\u53f0\u83dc\u7684\u4ee3\u8868\u9910\u5ef3\uff01\u670d\u52d9\u597d\u5230\u4e0d\u5fcd\u82db\u8cac\uff1f\u53f0\u7063\u6700\u597d\u5403\u7684\u7092\u98ef\uff01\u3010\u7f8e\u98df\u516c\u9053\u4f2f\u3011"
        },
        {
            "id": "CunSinK05VE",
            "title": "\u77e5\u540d\u97d3\u5f0f\u70b8\u96de\u5927\u8a55\u6e2c\uff01\u7a76\u7adf\u54ea\u4e00\u5bb6\u624d\u662f\u6700\u597d\u5403\u7684\uff1f\u7adf\u7136\u627e\u5230\u83dc\u55ae\u4e0a\u7684BUG\u554f\u984c\uff01\u76f4\u63a5\u8b93\u5e97\u54e1\u7121\u6cd5\u62db\u67b6\uff01\u7528\u751f\u547d\u767c\u8a93\u6c92\u6709\u696d\u914d\uff01\u3010\u7f8e\u98df\u516c\u9053\u4f2f\u3011"
        },
        {
            "id": "FO5AEPW6Pz8",
            "title": "\u771f\u7684\u4e0d\u662f\u696d\u914d\uff01\u985e\u4f3c\u7684\u4fc3\u92b7\u8a55\u50f9\u537b\u5929\u5dee\u5730\u9060\uff1f\u6700\u5927\u7684\u6557\u7b46\u7adf\u7136\u662f\u51b7\u6c23\uff01\u98df\u7269\u50cf\u662f\u9ad8\u7d1a\u7248\u7684\u591c\u5e02\u725b\u6392\uff01\u3010\u98ef\u5e97\u516c\u9053\u4f2f\u3011"
        },
        {
            "id": "OTkpIA96JEc",
            "title": "\u53f0\u7063\u6700\u5f37\u7fa9\u5927\u5229\u9910\u5ef3\uff01\u76f4\u63a5\u8ddf\u4e3b\u5eda\u6b63\u9762\u5c0d\u6c7a\uff1f\u7d42\u65bc\u6709\u7c73\u5176\u6797\u9910\u5ef3\u9858\u610f\u7d66\u62cd\u651d\uff01\u3010\u7f8e\u98df\u516c\u9053\u4f2f\u3011"
        },
        {
            "id": "93U0POvcnFs",
            "title": "\u516c\u9053\u4f2f\u906d\u5230\u6311\u6230\uff01\u570d\u6bc6\u4f01\u5283\u6b63\u5f0f\u555f\u52d5\uff1f\u3010TOYZ\u3011"
        },
        {
            "id": "kC2qJBCvrWE",
            "title": "\u7db2\u7d05\u9ed1\u7537\u63a8\u85a6\u7684\u96b1\u85cf\u7f8e\u98df\uff01\u795e\u79d8\u91e3\u8766\u5834\u7adf\u7136\u96b1\u85cf\u8457\u5927\u5eda\uff1f\u9019\u9593\u662f\u8d85\u6c34\u6e96\u7684\u795e\u7d1a\u8868\u73fe\uff01\u3010\u6905\u5176\u6797\u3011"
        },
        {
            "id": "APDRBQj_DJE",
            "title": "\u767e\u842c\u5973\u7db2\u7d05\u5e73\u5e38\u90fd\u5403\u4ec0\u9ebc\uff01\u63a8\u85a6\u7684\u98df\u7269\u7adf\u7136\u540c\u6642\u51fa\u73fe\u6975\u7aef\u503c\uff1f\u96b1\u85cf\u5728\u53f0\u5317\u7684\u6392\u968a\u540d\u5e97\uff01ft. @minikiki_0529 \u3010\u6905\u5176\u6797\u3011"
        },
        {
            "id": "vTIPTcJmgs8",
            "title": "\u83ef\u897f\u8857\u7c73\u5176\u6797\u8a55\u6bd4\uff01\u771f\u7684\u4e7e\u8106\u5012\u4e00\u5012\u597d\u4e86\uff01\u5403\u5230\u4e86\u8001\u856d\u79c1\u4e0b\u7684\u611b\u5e97\uff1f\u6709\u9748\u9b42\u7684\u9b6f\u8089\u98ef\uff01\u7adf\u7136\u88ab\u9019\u500b\u62d6\u7d2f\uff1f\u53f0\u7063\u7248\u9ed1\u9580\u5e02\u5834\uff01\u3010\u7f8e\u98df\u516c\u9053\u4f2f\u3011"
        },
        {
            "id": "5ddxMLKOj_A",
            "title": "\u7528\u751f\u547d\u53bb\u63a8\u85a6\u7684\u9910\u5ef3\uff01\u5b9c\u862d\u5728\u5730\u4eba100%\u8a8d\u53ef\u7684\u7f8e\u98df\uff01\u8ab0\u6562\u518d\u8aaa\u5b9c\u862d\u662f\u7f8e\u98df\u6c99\u6f20\uff1f\u3010\u7f8e\u98df\u516c\u9053\u4f2f\u3011"
        },
        {
            "id": "47AZulq7-Vs",
            "title": "\u8606\u6d32\u5edf\u53e3\u591c\u5e02\u8a55\u6e2c\uff01\u6bcf\u4e00\u5bb6\u90fd\u597d\u5403\u5230\u4ee4\u4eba\u7fa8\u6155\uff01\u5317\u90e8\u7f8e\u98df\u600e\u9ebc\u80fd\u662f\u5357\u90e8\u7684\u7269\u50f9\uff1f\u5403\u5b8c\u6e96\u5099\u642c\u5bb6\u4f86\u9019\u88e1\uff01\u3010\u7f8e\u98df\u516c\u9053\u4f2f\u3011"
        },
        {
            "id": "YfbI8kEyCeI",
            "title": "\u53f0\u5317\u7c73\u5176\u6797\u98ef\u5e97\uff01\u6c92\u60f3\u5230\u7adf\u7136\u53ef\u4ee5\u514d\u8cbb\u4f4f\u5bbf\uff1f\u8ce3\u5230\u4e00\u7897825\u5143\u7684\u725b\u8089\u9eb5\uff01\u6c92\u60f3\u5230\u7adf\u7136\u5f81\u670d\u4e86\u6905\u5b50\uff1f\u3010TOYZ\u3011\u98ef\u5e97\u516c\u9053\u4f2f\uff1aEP3"
        },
        {
            "id": "-Kg5J8orEKE",
            "title": "\u7db2\u7d05\u5011\u7684\u7f8e\u98df\u6307\u5357\uff01\u6e96\u5099\u53bb\u53d6\u4ee3\u7c73\u5176\u6797\uff1f\u53cd\u9aa8\u9177\u70ab\u7684\u53e3\u888b\u9910\u5ef3\u5927\u63ed\u5bc6\uff01\u865f\u7a31\u5929\u6bcd\u9f0e\u6cf0\u8c50\u7684\u7d42\u6975\u9910\u9928\uff01\u7a76\u7adf\u53e3\u5473\u5230\u5e95\u5982\u4f55\u5462\uff1f\u3010\u6905\u5176\u6797\u3011"
        },
        {
            "id": "aB2Ir30v02o",
            "title": "\u591c\u5e02\u7c73\u5176\u6797\u7f8e\u98df\u8a55\u6bd4\uff01\u7adf\u7136\u5403\u5230\u67d0\u77e5\u540d\u7db2\u7d05\u5bb6\u88e1\u958b\u7684\u5e97\uff1f\u7a76\u7adf\u7d93\u904e\u75ab\u60c5\u80fd\u5426\u6301\u7e8c\u7d93\u71df\uff01\u9084\u662f\u6e96\u5099\u6c92\u843d\u5012\u9589\uff1f\u3010\u7f8e\u98df\u516c\u9053\u4f2f\u3011"
        },
        {
            "id": "xdL1Gg2z87A",
            "title": "\u6feb\u7528\u8077\u4eba\u7684\u7cbe\u795e\uff1f\u8e29\u96f7\u7db2\u4e0a\u6d41\u50b3\u614b\u5ea6\u4e0d\u597d\u7684\u60e1\u52a3\u5e97\u5bb6\uff01\u62c9\u9eb5\u9019\u6599\u7406\u5230\u5e95\u6709\u6c92\u6709\u6599\uff01\u89aa\u81ea\u53bb\u5be6\u6e2c\u770b\u770b\uff01\u3010\u7f8e\u98df\u516c\u9053\u4f2f\u3011"
        },
        {
            "id": "JCPMNCxYOtc",
            "title": "\u7db2\u7d05\u540d\u4eba\u725b\u8089\u9eb5\u76f2\u6e2c\uff01\u6210\u529f\u5e6b\u9928\u9577\u6273\u56de\u4e00\u57ce\uff1f\u7d50\u679c\u7adf\u7136\u51fa\u4e4e\u610f\u6599\uff01\u53c8\u9047\u5230\u54ac\u4e0d\u721b\u7684\u725b\u809a\u4e86\uff01\u9019\u6b21\u67d0\u4eba\u7684\u5546\u54c1\u7d42\u65bc\u4e0d\u884c\u4e86\uff1f\u3010\u7f8e\u98df\u516c\u9053\u4f2f\u3011"
        },
        {
            "id": "Drq7zdcRM5Y",
            "title": "\u8a55\u6e2c\u984f\u6e05\u6a19\u7684\u5730\u76e4\u2014\u5927\u7532\u93ae\u703e\u5bae\uff01\u7adf\u7136\u5de7\u9047\u7f8e\u98df\u61c2\u5403\u5e1d\uff1f\u9047\u5230\u5929\u4f7f\u8001\u95c6\u771f\u7684\u8d85\u7d1a\u611f\u8b1d\uff01\u90fd\u6c92\u6709\u96f7\u7684\u5e73\u6c11\u5c0f\u5403\u5929\u5802\uff01\u3010\u7f8e\u98df\u516c\u9053\u4f2f\u3011"
        },
        {
            "id": "LFYiTVl8nkw",
            "title": "\u77e5\u540d\u53f0\u4e2d\u81ed\u8c46\u8150\u8a55\u6e2c\uff01\u7d42\u65bc\u5403\u5230\u7121\u53ef\u6311\u5254\u7684\u6eff\u5206\u5e97\u5bb6\u200b\uff1f\u7adf\u7136\u5728\u62cd\u651d\u9014\u4e2d\u9047\u5230\u540c\u884c\uff01\u3010\u7f8e\u98df\u516c\u9053\u4f2f\u3011"
        },
        {
            "id": "4Lp8ooyz-oU",
            "title": "\u7d42\u697570\u842c\u8a02\u95b1Q&A\uff01\u5404\u7a2e\u8f9b\u8fa3\u554f\u984c\u76f4\u63a5\u56de\u7b54\uff01\u7d42\u65bc\u516c\u5e03\u81ea\u5df1\u7684\u8eab\u9ad8\u4e86\uff1f\u9019\u9663\u5b50\u6c92\u76f4\u64ad\u7684\u539f\u56e0\u662f...\u3010TOYZ\u3011"
        },
        {
            "id": "2hG-iYW-cH8",
            "title": "\u5168\u53f0\u6700\u96e3\u8a02\u7684\u5962\u83ef\u9910\u76d2\uff01\u6d6e\u8a87\u5230\u6975\u81f4\u7684\u5c71\u73cd\u6d77\u5473\uff01\u80fd\u5426\u70ba\u7c73\u5176\u6797\u6273\u56de\u984f\u9762\u5462\uff1f\u3010\u7f8e\u98df\u516c\u9053\u4f2f\u3011"
        },
        {
            "id": "qNycs1Tmlgs",
            "title": "\u7db2\u7d05\u660e\u661f\u98f2\u6599\u5e97\u5c0d\u6c7a\uff01\u53f0\u4e2d\u5730\u5340\u7684\u98f2\u6599\u5e97\u722d\u9738\u6230\uff01\u5ed6\u8001\u5927\u7684\u5e97\u600e\u80fd\u52a0\u76df\u9019\u9ebc\u591a\u9593\uff1f\u7a76\u7adf\u8ab0\u80fd\u518d\u5ea6\u7a31\u9738\u5462\uff1f\u3010\u7f8e\u98df\u516c\u9053\u4f2f\u3011"
        },
        {
            "id": "pUF62iWMW1w",
            "title": "\u7db2\u7d05\u660e\u661f\u6f22\u5821\u5927\u5c0d\u6c7a\uff01\u4e09\u5927\u7537\u795e\u4e4b\u9593\u7684\u8f03\u91cf\uff01\u4e9e\u6d32\u7b2c18\u540d\u7684\u6f22\u5821\u9577\u600e\u6a23\uff1f\u570b\u5916\u8fd1\u7834\u5104\u8a02\u95b1\u5de8\u661f\u958b\u7684\u5e97\u6703\u597d\u5403\u55ce\uff01\u3010\u7f8e\u98df\u516c\u9053\u4f2f\u3011"
        },
        {
            "id": "O3kuIwCRhn4",
            "title": "\u5316\u8eab\u6d88\u6ce2\u584a\u516c\u9053\u4f2f\uff01\u795e\u7d1a\u6d77\u908a\u7f8e\u98df\u5403\u64ad\u5927\u96c6\u5408\uff01\u7528\u6599\u5341\u8db3\u7684\u6d6e\u8a87\u6d77\u9bae\u7ca5\uff1f\u5473\u9053\u9084\u4e0d\u932f\u7684\u70b8\u4e32\u71d2\u70e4\uff01\u3010\u7f8e\u98df\u516c\u9053\u4f2f\u3011"
        },
        {
            "id": "OJa6t_gF3tk",
            "title": "\u5f9e\u96f6\u958b\u59cbEP5\uff1a\u5922\u60f3\u9760\u91e3\u5927\u9b5a\u8cfa\u9322\uff01\u6c92\u60f3\u5230\u537b\u9047\u4e0a\u4e86\u8ce0\u9322\u7684\u5371\u6a5f\uff1f\u3010TOYZ\u3011"
        },
        {
            "id": "SiFaycowQTU",
            "title": "\u8d85\u5546\u77e5\u540d\u624b\u6416\u98f2\u5927\u8a55\u6e2c\uff01\u4fbf\u5229\u5546\u5e97\u7248\u7684\u98f2\u6599\u771f\u7684\u90fd\u4e0d\u597d\u559d\uff1f\u76f4\u63a5\u73fe\u5834\u5c0d\u6bd4\u4e00\u63a2\u7a76\u7adf\uff01\u7b2c\u4e00\u500b\u767b\u5834\u7684\u9078\u624b\u5c31\u5f88\u5931\u6557\uff1f\u3010\u7f8e\u98df\u516c\u9053\u4f2f\u3011"
        },
        {
            "id": "WmeBJLMd_mo",
            "title": "\u660e\u661f\u4e7e\u62cc\u9eb5\u8a55\u6e2cPart2\uff01\u6700\u5f37\u7684\u65b0\u79c0\u6311\u6230\u8cfd\u6b63\u5f0f\u767b\u5834\uff01\u7a76\u7adf\u80fd\u8ab0\u6210\u529f\u4e0a\u4f4d\uff1f\u3010\u7f8e\u98df\u516c\u9053\u4f2f\u3011"
        },
        {
            "id": "KpSpJ6PyfoE",
            "title": "\u5f9e\u96f6\u958b\u59cbEP4\uff1a\u9019\u8f29\u5b50\u6700\u8a8d\u771f\u5de5\u4f5c\u7684\u4e00\u5929\uff01\u7adf\u7136\u6d17\u5230\u5962\u83ef\u9650\u91cf\u7248\u6cd5\u62c9\u5229\uff1f\u71b1\u60c5\u7c89\u7d72\u7d66\u4e86\u8d85\u591a\u5c0f\u8cbb\uff01\u3010TOYZ\u3011"
        },
        {
            "id": "EXicIiqZ7Lg",
            "title": "\u53f0\u5317\u540d\u5e97\u8089\u7cbd\u8a55\u6e2c\uff01\u7aef\u5348\u7bc0\u7576\u5929\u9084\u8cb7\u5f97\u5230\u7684\u6eef\u92b7\u54c1\uff1f\u6709\u4e00\u6b3e\u5149\u662f\u8089\u5c31\u60f3\u9000\u8ca8\uff01\u7a76\u7adf\u80fd\u4e0d\u80fd\u627e\u5230\u7406\u60f3\u7684\u7cbd\u5b50\u5462\uff1f\u3010\u7f8e\u98df\u516c\u9053\u4f2f\u3011"
        }
    ]
}