{
    "video_info": {
        "id": "-o3npv7UE6s",
        "channelTitle": "\u597d\u68d2Bump",
        "title": "\u6211\u7684\u67f4\u72ac\u7a81\u7136\u91cd\u75c5\uff01\u624b\u8853\u5f15\u767c\u6557\u8840\u75c7\uff01\u82b140\u842c\u6436\u6551\uff01\u3010\u597d\u68d2Bump\u3011",
        "description": "\u90194\u500b\u6708\u4f86\u6211\u4e00\u76f4\u6c92\u8fa6\u6cd5\u597d\u597d\u5c08\u5fc3\u505a\u4efb\u4f55\u4e8b\uff0c\u56e0\u70ba\u6211\u7684\u5f1f\u5f1f\u9177\u5409\u751f\u75c5\u4e86\uff0c\u5e0c\u671b\u9019\u652f\u5f71\u7247\u53ef\u4ee5\u8b66\u60d5\u5927\u5bb6\u8981\u73cd\u60dc\u90a3\u4e9b\u9084\u5728\u4f60\u8eab\u908a\u7684\u5bb6\u4eba\u3002\n\n\u6211\u627e\u7684\u4ee3\u8cfc\u670b\u53cb\u662f\u9019\u4e00\u9593~ \u559c\u6b61\u4ec0\u9ebc\u724c\u5b50\u60f3\u8cb7\u4fbf\u5b9c\u9ede\u7684\u53ef\u4ee5\u627e\u4ed6\u5011 \u90fd\u662f\u6b63\u54c1 https://reurl.cc/R1mLmx\n\n#\u8178\u9053\u963b\u585e #\u91cd\u5927\u624b\u8853 #\u5f15\u767c\u6557\u8840\u75c7\n\n\u6210\u70ba\u9019\u500b\u983b\u9053\u7684\u6703\u54e1\u4e26\u7372\u5f97\u734e\u52f5\uff1a\nhttps://www.youtube.com/channel/UC7XxnhjdYjiQJ3m80K_N_4g/join\n\n--------------------------------------------------------- \r\n\u4e0a\u4e00\u90e8\u5f71\u7247 \u6211\u6210\u70ba\u4e86\u966a\u73a9\u754c\u7684\u9996\u5bcc\uff01\u6253\u904a\u623235\u5929\u6de8\u8cfa30\u842c\uff01\u3010\u597d\u68d2Bump\u3011\u3010\u966a\u73a9\u934a\u91d1\u8853\u3011 https://youtu.be/Dt3keIeiuBc\n\r\n\u8001\u5b50\u7684IG\uff1ahttps://bit.ly/2JqmmIq\r\n\u8001\u5b50\u7684FB\uff1ahttps://bit.ly/2s3pwwb",
        "likeCount": "13292",
        "commentCount": "3977",
        "viewCount": "590187"
    },
    "comments": [
        {
            "reply_id": "UgxxuQOcJb1vpg8IdpV4AaABAg",
            "reply_content": "\u9177\u5409\u6c92\u4e8b\u592a\u597d\u4e86\n\u9177\u5409\u5f88\u5e78\u904b\u6709\u4f60\u9019\u6a23\u7684\u4e3b\u4eba"
        },
        {
            "reply_id": "Ugx58G0jScMO6PD-30h4AaABAg",
            "reply_content": "\u990a\u52d5\u7269\u771f\u7684\u6709\u5f88\u591a\u8cac\u4efb\uff0c\u52d5\u7269\u751f\u75c5\uff0c\u9084\u8981\u82b1\u5f88\u591a\u9322\u53bb\u7378\u91ab\u9662\u82b1\u9322.\n\u6211\u5973\u5152\u4e5f\u990a\u4e86\u597d\u591a\u52d5\u7269\uff0c\u73fe\u5728\u8b80\u7378\u91ab\u7cfb\u56db\u5e74\u7d1a\uff0c\u5c07\u4f86\u61c9\u8a72\u4e5f\u662f\u7576\u7378\u91ab.\n\u53ef\u662f\u4ed6\u990a\u4e86\u9019\u9ebc\u591a\u52d5\u7269\uff0c\u904e\u5e7e\u5e74\u52d5\u7269\u8001\u4e86\u751f\u75c5\u4e86\uff0c\u4e5f\u662f\u8981\u82b1\u5f88\u591a\u9322\u4f86\u91ab\u75c5\u6551\u6cbb."
        },
        {
            "reply_id": "UgxpYKj1q_oVUmDCtPN4AaABAg",
            "reply_content": "\u7d50\u5c3e\u662f\u91cd\u9ede"
        },
        {
            "reply_id": "UgyWIq8lGiis-LoQ-oh4AaABAg",
            "reply_content": "\u4eba\u5bb6\u8981\u9001\u4f60\u4ec0\u9ebc\u751f\u7269\u4e00\u5b9a\u8981\u7d93\u904e\u6aa2\u67e5\u624d\u80fd\u63a5\u6536\u5662"
        },
        {
            "reply_id": "UgyI-8JhB3BfTPmVntV4AaABAg",
            "reply_content": "\u72d7\u5152\u751f\u75c5\u4e0d\u52d5\u800c\u8db4\u5728\u539f\u5730"
        },
        {
            "reply_id": "Ugwbnf68T_NnOkm9kEt4AaABAg",
            "reply_content": "\u72d7\u5974\u624d\u70ba\u4e86\u4e00\u689d\u755c\u751f\u82b1\u4e86\u9019\u9ebc\u591a\u9322\u4e5f\u4e0d\u662f\u4eba"
        },
        {
            "reply_id": "UgxAfoIUAIM5NMhmisF4AaABAg",
            "reply_content": "\u5947\u8e5f\u51fa\u73fe\u4e86 \u611f\u6069"
        },
        {
            "reply_id": "Ugw8z80wlLzGalGRn9h4AaABAg",
            "reply_content": "\u6240\u4ee5\u6c92\u6709\u8981\u62cd\u934a\u91d1\u8853\u4ee3\u8cfc\u4e86\u55ce\uff1f"
        },
        {
            "reply_id": "Ugwd4WthIWLmFzhwOs54AaABAg",
            "reply_content": "\u4f60\u5f8c\u9762\u610f\u601d\u7c21\u55ae\u5316\uff0c\u5c31\u662f\u6709\u7684\u7236\u6216\u6bcd\u89ba\u5f97\u6709\u4ed8\u9322\uff0c\u5c31\u53ef\u4ee5\u4ec0\u9ebc\u4e0d\u8981\u7406\u4e0d\u7528\u95dc\u5fc3\u6574\u5929\u7f75\u4f60\u600e\u9ebc\u6210\u7e3e\u4e0d\u597d\u5728\u90a3\u908a\u62d6\u62d6\u62c9\u62c9\u6642\u9593\uff0c\u7136\u5f8c\u4ec0\u9ebc\u4e00\u5b9a\u9806\u7236\u6bcd\u610f\u601d"
        },
        {
            "reply_id": "UgwBYY9d1mEDWuDeV054AaABAg",
            "reply_content": "\u7389\u7c73\u6897"
        },
        {
            "reply_id": "UgyCkXFsoSt6oAnDgeZ4AaABAg",
            "reply_content": "\u9177\u5409\u771f\u7684\u5f88\u5e78\u904b\u6b38 \u9047\u5230\u9019\u9ebc\u597d\u7684\u4e3b\u4eba"
        },
        {
            "reply_id": "UgywlxlkgUsfb_iIZ2V4AaABAg",
            "reply_content": "\u73fe\u5728\u89ba\u609f\u9084\u4e0d\u665a\uff0c\u589e\u52a0\u77e5\u8b58\u5982\u4f55\u5584\u5f85\u7167\u9867\u4f60\u7684\u5bf5\u7269\uff0c\u7260\u5011\u80fd\u7d66\u7684\u6bd4\u4f60\u7d66\u7260\u5011\u7684\u9084\u8981\u591a\uff0c\u4e0d\u8981\u7b49\u7260\u5011\u6b7b\u4e86\u624d\u77e5\u9053\u3002"
        },
        {
            "reply_id": "Ugw5P1rN42Wa5-cXtLl4AaABAg",
            "reply_content": "\u4e00\u584a\u5e03\u8981\u4e00\u842c\u4e94"
        },
        {
            "reply_id": "UgyvY9iwy3x7nvSoqrZ4AaABAg",
            "reply_content": "\u6211\u7684\u4e5f\u662f\u9ed1\u67f4\u72ac\u8036\uff01"
        },
        {
            "reply_id": "UgxVLG00D8KavJE_L0t4AaABAg",
            "reply_content": "\u73fe\u5728\u7684\u9177\u5409\u5728\u54ea\u88e1\u52d2"
        },
        {
            "reply_id": "UgyGxN_BJ4uZdTbGF3l4AaABAg",
            "reply_content": "\u958b\u52d5\u7269\u91ab\u9662\u771f\u597d\u8cfa\uff5e"
        },
        {
            "reply_id": "Ugzkwtaw-q1nAvF2mQl4AaABAg",
            "reply_content": "\u6211\u60f3\u8acb\u554f\u662f\u90a3\u5bb6\u72d7\u91ab\u9662"
        },
        {
            "reply_id": "Ugw54fjHPwSJy-zgJop4AaABAg",
            "reply_content": "\u606d\u559c \u72d7\u7684\u58fd\u547d\u6bd4\u4eba\u77ed \u597d\u597d\u73cd\u60dc\u5728\u4e00\u8d77\u7684\u6642\u5149"
        },
        {
            "reply_id": "UgxpXmqWR4-RH1bKL3F4AaABAg",
            "reply_content": "\u5e78\u597d\u72d7\u72d7\u6700\u5f8c\u6709\u6551\u56de\u4f86\n\u72d7\u72d7\u771f\u7684\u8ddf\u5bb6\u4eba\u4e00\u6a23"
        },
        {
            "reply_id": "UgztsOdAb9MjJrNpgpt4AaABAg",
            "reply_content": "\u5e0c\u671b\u72d7\u72d7\u65e9\u65e5\u5eb7\u5fa9\u2764\ufe0f\n\u72d7\u72d7\u751f\u75c5\u6642\uff5e\u5efa\u8b70\u4f60\u53bb\u53f0\u5927\u7378\u91ab\u9662"
        }
    ]
}