{
    "video_info": {
        "id": "14BCR2gQDOA",
        "channelTitle": "\u597d\u68d2Bump",
        "title": "\u6293\u5230\u5e63\u5708\u7db2\u7d05\u641e\u8a50\u9a19\uff01\u9a19\u7c3d\u5047\u5408\u7d04\u9818\u8d70\u7528\u6236500\u842c\uff01\u3010\u597d\u68d2Bump\u3011",
        "description": "\u539f\u672c\u6211\u53ea\u662f\u60f3\u627e\u770b\u770b\u6709\u6c92\u6709\u4ec0\u9ebc\u4ea4\u6613\u6240\u7684\u99ac\u8173\uff5e\u6c92\u60f3\u5230\u537b\u610f\u5916\u6293\u5230\u5e63\u5708\u7db2\u7d05\u5728\u641e\u8a50\u9a19\u2026. \u771f\u4e0d\u77e5\u9053\u8a72\u8aaa\u4ec0\u9ebc\u597d\u2026\n\n#\u8cfa\u9322\u88ab\u9396\u865f #\u5047\u5408\u7d04\u76dc\u9818 #\u7db2\u7d05\u771f\u7684\u4e0d\u80fd\u76f8\u4fe1\n--------------------------------------------------------- \n\u4e0a\u4e00\u90e8\u5f71\u7247 \u53f0\u7063\u70ba\u4f55\u9084\u6709\u67ec\u57d4\u5be8\u4e8b\u4ef6\uff1f\u627e\u5de5\u4f5c\u70ba\u4f55\u53c8\u6703\u88ab\u96c6\u5718\u63a7\u5236\uff01\uff1f\u3010\u597d\u68d2Bump\u3011https://youtu.be/qu5nsXLPUDU\n\n\u8001\u5b50\u7684IG\uff1ahttps://bit.ly/2JqmmIq\n\u8001\u5b50\u7684FB\uff1ahttps://bit.ly/2s3pwwb",
        "likeCount": "41710",
        "commentCount": "3656",
        "viewCount": "1167108"
    },
    "comments": [
        {
            "reply_id": "UgycCpURpKGhj_xefTF4AaABAg",
            "reply_content": "\u53ea\u6709\u76f8\u4fe1\u81ea\u98df\u5176\u529b\u80fd\u5f97\u5230\u4e00\u5207\u7684\u4eba\uff0c\u624d\u4e0d\u6703\u6709\u8caa\u5ff5\u3002\ud83d\ude09"
        },
        {
            "reply_id": "Ugx6nErf5nbQdBB4WqV4AaABAg",
            "reply_content": "\u597d\u5947\u5230\u5e95\u54ea\u4e00\u4f4d\u7db2\u7d05\uff1f"
        },
        {
            "reply_id": "UgzwLpsm-1gHNgxoCwd4AaABAg",
            "reply_content": "\u5176\u5be6\u6211\u89ba\u5f97\u5229\u7528\u8cc7\u672c\u4e3b\u7fa9\u6f0f\u6d1e\u4f86\u6d17\u9322\uff0c\u5c31\u7b97\u662f\u628a\u5927\u90e8\u5206\u9322\u62ff\u4f86\u4f5c\u516c\u76ca\uff0c\u5c31\u7b97\u662f\u5728\u4e00\u500b\u5408\u6cd5\u7684\u60c5\u5883\uff0c\u9019\u4ef6\u4e8b\u90fd\u662f\u4e0d\u503c\u5f97\u9f13\u52f5\u7684\n\u4e16\u754c\u4e0a\u5c31\u662f\u88ab\u9019\u6a23\u300c\u5408\u6cd5\u7684\u8cc7\u672c\u64cd\u4f5c\u300d\uff0c\u641e\u52301%\u7684\u4eba\u64c1\u670945%\u7684\u8cc7\u7522..."
        },
        {
            "reply_id": "UgztYEblgwWW5487x5B4AaABAg",
            "reply_content": "\u8c22\u8c22\u4f60 \u4e16\u754c\u4e0a\u8981\u662f\u591a\u51e0\u4e2a\u8fd9\u6837\u6b63\u4e49\u7684\u4eba\u591a\u597d\u5440\n\u5f88\u591a\u4e8b\u60c5\u53d1\u751f\u5176\u5b9e\u5f53\u4e0b\u662f\u61f5\u7684 \u4e0d\u61c2\u5904\u7406\u7684/\u5468\u56f4\u4eba\u4e5f\u6ca1\u7ecf\u5386\u8fc7\u7684\u4e8b \u4e5f\u4e0d\u61c2\u5982\u4f55\u5e2e\u5fd9 \n\u611f\u6069\uff5e"
        },
        {
            "reply_id": "UgyR255GtuqPCQEZVZF4AaABAg",
            "reply_content": "\u5509\uff01\u9019\u5c31\u662f\u4eba\u6027\u554a\uff0c\u9047\u5230\u514d\u8cbb\u53ef\u4ee5\u62ff\u5230\u7684\u8a31\u591a\u9322\uff0c\u7576\u7136\u6703\u62ff\u5404\u81ea\u7684\u597d\u8655\uff01\u5e78\u597dBump\u544a\u77e5\u672a\u77e5\u7684\u5e74\u8f15\u4eba"
        },
        {
            "reply_id": "UgwasJsJG5RMfJgqh_h4AaABAg",
            "reply_content": "\u9760~\u6703\u4e0d\u6703\u672a\u4f86\u518d\u53bb\u9a19\u5225\u4eba"
        },
        {
            "reply_id": "UgzUEhY1R_xxSmLxKNV4AaABAg",
            "reply_content": "\u5927\u5b89\u9ad8\u5de5\u6821\u670d\u4e5f\u592a\u660e\u986f"
        },
        {
            "reply_id": "Ugx-rrbTKf9eZ_ianR94AaABAg",
            "reply_content": "\u8aaa\u4e0d\u5b9a\u90a3\u500b\u4eba\u4e5f\u9a19\u4e86\u5176\u4ed6\u4eba.\u4e0d\u7136\u600e\u9ebc\u9084\u7d66\u4f60\u7684\u6709\u624d\u83ef\u7684\u670b\u53cb?"
        },
        {
            "reply_id": "UgziAUnFCCk_FAwPri14AaABAg",
            "reply_content": "\u9019\u8001\u5144\u597d\u731b \u6211\u6559\u4ed6\u6253\u62f3\u5065\u8eab\u4ed6\u6559\u6211\u600e\u9ebc\u8cfa\u9322\u597d\u4e86"
        },
        {
            "reply_id": "Ugy_eMqI98ApWIlcVLp4AaABAg",
            "reply_content": "\u5927\u5b89\u9ad8\u5de5\u55ce\uff1f"
        },
        {
            "reply_id": "UgxJAAWWP702nL6ZWq14AaABAg",
            "reply_content": "\u4e5f\u96e3\u602a\u73fe\u5728\u6aaf\u9762\u4e0a\u7684\u653f\u6cbb\u4eba\u7269\n\u8981\u653b\u64cabump\u4e86\n\uff08\u5c0d\u6211\u5c31\u662f\u5728\u8aaa\u4f60\u5011\u9019\u4e9b\u7da0\u71df\u5074\u7ffc\n\u771f\u7684\u6709\u5920\u5641\u5fc3\n\u85cd\u7da0\u90fd\u4e00\u6a23\u5783\u573e\uff09\n\n\u4eca\u5929\u9019\u540c\u5b78\u6b77\u7df4\u9084\u6c92\u90a3\u9ebc\u591a\n\u9019\u4e9b\u9322\u62ff\u4e0d\u56de\u4f86\u4eba\u5bb6\u88dd\u6b7b\n\u53bb\u8d70\u6cd5\u5f8b\u6c42\u52a9\u53f8\u6cd5\u5e6b\u52a9\n\n\u9019\u904e\u7a0b\u7684\u6f2b\u9577\n\u53ea\u6703\u78e8\u8017\u6389\u4ed6\u7684\u71b1\u8aa0\n\u4ee5\u53ca\u5f71\u7247\u4e2d\u63d0\u53ca\u7684\u5584\u5fc3\n\u5230\u982d\u4f86\u53ea\u6703\u5c0d\u793e\u6703\u5c0d\u53f8\u6cd5\u611f\u5230\u5931\u671b\n\n\u7d50\u679c\u4eca\u5929\u6c42\u52a9bump\n\u4e5f\u5c311-2\u500b\u6708\u7684\u6642\u9593\n\u8655\u7406\u5b8c\u4e86\uff0c\u9322\u4e5f\u62ff\u56de\u4f86\u4e86\n\u5c31\u518d\u6b21\u986f\u793a\u53f8\u6cd5\u7684\u7121\u80fd\n\u6548\u7387\u6709\u591a\u5dee\n\n\u8a50\u9a19\u6551\u4eba\u7684\u4e8b\u60c5\u90fd\u904e\u591a\u4e45\u4e86\n\u73fe\u5728\u53c8\u6380\u51fa\u4f86\u7092\u51b7\u98ef\n\u53ef\u6190\u53f0\u7063\u5a92\u9ad4\u5c31\u53ea\u662f\u653f\u6cbb\u64cd\u5f04\u4e0b\u7684\u7522\u7269\u800c\u5df2"
        },
        {
            "reply_id": "Ugwla_b9IJIPFE2zD6l4AaABAg",
            "reply_content": "\u7f51\u7ea2\u662f\u8c01"
        },
        {
            "reply_id": "UgwElhp3ApA8Ps-T1r54AaABAg",
            "reply_content": "\u5927\u5b89\u9ad8\u5de5\u7121\u8655\u4e0d\u5728"
        },
        {
            "reply_id": "UgxrePXvg-DGjgNR2md4AaABAg",
            "reply_content": "\u771f\u7684\u5f88\u611f\u8b1dBUMP,\u6211\u81ea\u5df1\u4e5f\u56e0\u70ba\u88ab\u8a50\u9a19\u8dcc\u904e\u6158\u75db\u4e00\u8de4 \u6240\u4ee5\u5f88\u80fd\u611f\u540c\u8eab\u53d7\u88ab\u9a19\u7121\u52a9\u7684\u611f\u53d7\uff0c\u4f46\u6211\u544a\u8a34\u81ea\u5df1\u5e0c\u671b\u6709\u4e00\u5929\u6211\u53ef\u4ee5\u6709\u80fd\u529b\u53bb\u5e6b\u52a9\u66f4\u591a\u7684\u4eba\u3002\u2764"
        },
        {
            "reply_id": "UgyaXFoFrXgarSpJwHh4AaABAg",
            "reply_content": "\u73fe\u5728\u53ef\u80fd\u6c92\u4eba\u8a8d\u8b58\u4e9e\u68ee\u7f85\u860b\u662f\u8ab0\ud83e\udd23\uff0c\u53ef\u80fd\u8981\u8b1b\u500b\u602a\u76dc\u57fa\u5fb7\u4e4b\u985e\u5927\u5bb6\u6bd4\u8f03\u61c2"
        },
        {
            "reply_id": "UgyT9B60gonh45o2IWd4AaABAg",
            "reply_content": "\u8b66\u5bdf\u8bf4\u88ab\u9a97\u7684$\u786e\u5b9a\u90a3\u4e0d\u56de\u4e86 \u67e5\u4e86\u6240\u6709\u8f6c\u51fa\u53bb\u7684\u6237\u53e3\u90fd\u53ea\u5269\u51e0\u5757 \u627e\u4e0d\u56de\u4e86\ud83d\ude22"
        },
        {
            "reply_id": "UgyITJaXEFE5M_UUUZx4AaABAg",
            "reply_content": "\u5927\u5b89\u4eba\u7279\u5225\u725b\u903c\u554a"
        },
        {
            "reply_id": "Ugy0dYY0dLHisxni8dN4AaABAg",
            "reply_content": "\u4e0d\u77e5\u9053\u6709\u6c92\u6709\u6a5f\u6703\u8ddf\u9810\u6069\u5b78\u7fd2\u6216\u8457\u8acb\u6559\ud83d\ude05\ud83d\ude05\ud83d\ude05"
        },
        {
            "reply_id": "UgwG6qhrDPCNkPzLx5x4AaABAg",
            "reply_content": "\u5e0c\u671b\u4f60\u80fd\u7e7c\u7e8c\u4fdd\u6301\u5f88\u559c\u6b61\u4f60\u7684\u5f71\u7247"
        },
        {
            "reply_id": "UgxhTvxnCHiPg0jrL314AaABAg",
            "reply_content": "\u9019\u7a2e\u4eba \u6b3a\u9a19\u4eba\u5bb6\u7684\u6642\u5019 \u5b8c\u5168\u4e0d\u6703\u53bb\u60f3\u5230\u5225\u4eba\u4e5f\u6709\u5bb6\u5ead\u4e5f\u53ef\u80fd\u6709\u8ca0\u50b5\u7a2e\u7a2e\u539f\u56e0 \u6025\u9700\u8981\u9019\u7b46\u9322 \u51fa\u4e8b\u4e86\u5c31\u88dd\u53ef\u6190\u5df4\u5df4 \u771f\u7684\u61c9\u8a72\u628a\u4ed6\u7206\u51fa\u4f86 \u4e0d\u7136\u9084\u6703\u6709\u66f4\u591a\u4eba\u53d7\u5bb3"
        }
    ]
}