{
    "video_info": {
        "id": "2MX89FwPDts",
        "channelTitle": "\u597d\u68d2Bump",
        "title": "\u6211\u5011\u5728\u7f8e\u570b\u8ced\u5834\u88ab\u6436\u4e861000\u842c\uff01\u5c31\u7b97\u8d0f\u9322\u4e5f\u6839\u672c\u5e36\u4e0d\u8d70\u2026.\u3010\u597d\u68d2Bump\u3011",
        "description": "\u95dc\u65bc\u6211\u5728\u7f8e\u570b\u9047\u5230\u7684\u90a3\u4e9b\u9ce5\u4e8b\u2026.\n\n#\u8d0f\u9322\u88ab\u6436\u52ab #\u88ab\u56f0\u5728\u7f8e\u570b #\u65bc\u662f\u6211\u7684\u4e5e\u4e10\u5922\u788e\u4e86\n--------------------------------------------------------- \r\n\u4e0a\u4e00\u90e8\u5f71\u7247 \u6211\u7834\u89e3\u4e86\u591c\u5e02\u5f48\u73e0\u53f0\uff01\u53ea\u82b1100\u5143\u5c31\u6253\u51fa4\u842c\u584a\u7684\u5a03\u5a03\uff01\u3010\u597d\u68d2Bump\u3011https://youtu.be/g3d3JKvDHgA\r\n\r\n\u8001\u5b50\u7684IG\uff1ahttps://bit.ly/2JqmmIq\r\n\u8001\u5b50\u7684FB\uff1ahttps://bit.ly/2s3pwwb",
        "likeCount": "17646",
        "commentCount": "879",
        "viewCount": "968514"
    },
    "comments": [
        {
            "reply_id": "UgxDonTPBiZKsa0Ddlx4AaABAg",
            "reply_content": "\u771f\u7684\u662f\u5f88\u591a\u9ce5\u4e8b\uff0c\u4e0d\u904e\u53bb\u7f8e\u570b\u9019\u4e00\u6bb5\u6642\u9593\u9084\u662f\u5f88\u723d\ud83e\udd29\n\n\u4e0b\u6b21\u518d\u51fa\u570b\u62cd\u4e9b\u4ec0\u9ebc\u597d\u4e86"
        },
        {
            "reply_id": "Ugy7dMc5_KGKXh1yPgJ4AaABAg",
            "reply_content": "\u53f0\u7063\u8aaa\u5916\u570b\u6708\u4eae\u6700\u6f02\u4eae\uff0c\u4e2d\u570b\u6700\u4e0d\u597d"
        },
        {
            "reply_id": "Ugw92YUejWnfvdTEBCB4AaABAg",
            "reply_content": "\u7528\u5206\u6563\u8d70\u8cc7"
        },
        {
            "reply_id": "UgwsKzelJDIX_1M9g1t4AaABAg",
            "reply_content": "\u6240\u4ee5\u90fd\u53bb\u6fb3\u9580\u8ced \u6cbb\u5b89\u597d \u53c8\u6709\u5f88\u591a\u65b9\u6cd5\u5b89\u5168\u5e36\u8d70"
        },
        {
            "reply_id": "UgyGpaUuqBSh0IL47bV4AaABAg",
            "reply_content": "\u975e\u5e38\u597d\uff01\u60f3\u4e86\u89e3\u4e00\u4e0b\u767e\u5bb6\u6a02\u7684\u7b97\u724c\u65b9\u5f0f\uff1f"
        },
        {
            "reply_id": "UgzGUjFK8I1bC-AV7_F4AaABAg",
            "reply_content": "\u8acb\u554f\u68d2\u672c\u6709\u4ec0\u9ebc\u6295\u8cc7\u53ef\u4ee5\u7a69\u5b9a\u5c0f\u8cfa\u55ce\uff1f"
        },
        {
            "reply_id": "UgwOBVN-TX8Bz0nFfqd4AaABAg",
            "reply_content": "\u62cd\u7684\u7247\u592a\u597d\uff0c\u4e00\u6c14\u5475\u6210\uff0c\u611f\u8c22"
        },
        {
            "reply_id": "UgyZDOddtZ6ux3GRuyx4AaABAg",
            "reply_content": "\u5982\u679c\u4f60\u4eec\u62cd\u6444\u8fd9\u6bb5\u4e0d\u662f\u529d\u4eba\u4e0d\u8981\u5b66\u4f60\u4eec\u7684\u5267\u672c\u7684\u8bdd\uff0c\u90a3\u53ea\u80fd\u8bf4\u4f60\u4eec\u8fd9\u6982\u7387\u57fa\u672c\u57281%\u5de6\u53f3\uff0c\u8fd9\u79cd\u6807\u51c6\u5dee\u592a\u4e0d\u5408\u7406\uff0c\u5982\u679c\u662f\u771f\u5b9e\u53d1\u751f\u7684\u8bdd\u90a3\u4f60\u4eec\u8981\u770b\u4e00\u4e0b\u662f\u4e0d\u662f\u88ab\u8d4c\u573a\u53cd\u7834\u89e3\u4e86"
        },
        {
            "reply_id": "UgxhxLR4ff8KVQh6Xu54AaABAg",
            "reply_content": "\u534e\u4eba\u5c31\u4e0d\u8981\u5728\u5916\u56fd\u6d0b\u4eba\u7684\u56fd\u5bb6\u90a3\u4e48\u56a3\u5f20\u5427\uff0c\u4ed6\u4eec\u662f\u4e0d\u4f1a\u63a5\u53d7\u6211\u4eec\u7684"
        },
        {
            "reply_id": "UgxPKHLtPVCJWs1GqAN4AaABAg",
            "reply_content": "\u4f60\u7684\u983b\u9053\u771f\u7684\u8ddf\u90a3\u500b\u6234\u9762\u5177\u7684yt\u4e0d\u77e5\u9053\u9ad8\u6a94\u5e7e\u767d\u500d"
        },
        {
            "reply_id": "UgzMPdWWVLHwjqpDZd14AaABAg",
            "reply_content": "\u53bb\u6fb3\u9580\u8ced\uff0c\u4e0d\u6703\u767c\u751f\u4f60\u8aaa\u7684\u554f\u984c"
        },
        {
            "reply_id": "UgyJmyL0uAvqYOHYZkN4AaABAg",
            "reply_content": "\u4f60\u5011\u8d0f\u4e86\u5927\u9322\u61c9\u8a72\u76f4\u63a5\u5728\u9280\u884c\u958b\u6236\uff0c\u6216\u8005\u5b58\u98ef\u5e97\u5c31\u597d"
        },
        {
            "reply_id": "UgxjjQqB_C7PAtRmhh14AaABAg",
            "reply_content": "\u6211\u5df2\u8f93\u5149\u5149\ud83d\ude22"
        },
        {
            "reply_id": "Ugz1msgs3jlzDCP4cqV4AaABAg",
            "reply_content": "\u5bf9\u7f8e\u56fd\u56fd\u60c5\u4e00\u70b9\u4e86\u89e3\u4e5f\u6ca1\u6709\uff0c\u88ab\u62a2\u4e86\u4e5f\u662f\u6d3b\u8be5\u2014\u2014\u5728\u7f8e\u56fd\u7edd\u5bf9\u4e0d\u80fd\u8868\u73b0\u51fa\u81ea\u5df1\u6709\u94b1\uff0c\u8d62\u4e86\u5de8\u6b3e\u8981\u96c7\u4f63\u6b66\u88c5\u4fdd\u9556\u61c2\u5417\uff01\n\n\u5e76\u4e14\u6b27\u7f8e\u5408\u6cd5\u8d4c\u573a\u57fa\u672c\u4e0d\u4f1a\u5b58\u5728\u4f5c\u5f0a\u73b0\u8c61\uff0c\u4ed6\u4eec\u53d1\u73b0\u7b97\u724c\u5ba2\u53ef\u4ee5\u6362\u724c\u6216\u8005\u76f4\u63a5\u8bf7\u4e0b\u684c\u3002\u81f3\u4e8e\u82af\u7247\u724c\u57fa\u672c\u90fd\u662f\u73b0\u4ee3\u8d4c\u573a\u7684\u6807\u914d\uff0c\u76ee\u7684\u662f\u4e3a\u4e86\u9632\u6b62\u8377\u5b98\u51fa\u9519\u5f15\u53d1\u7ea0\u7eb7\uff0c\u5bf9\u4e8e\u8d4c\u5c40\u6ca1\u6709\u4efb\u4f55\u5f71\u54cd\u3002"
        },
        {
            "reply_id": "Ugxu40jaNfrGFuzzokt4AaABAg",
            "reply_content": "\u600e\u4e48\u4e0d\u76f4\u63a5\u8f6c\u8d26\u5462"
        },
        {
            "reply_id": "UgxQDcWUQ7T0JUxGOE94AaABAg",
            "reply_content": "\u5728\u8d4c\u573a\u76f4\u63a5\u8981\u652f\u7968\u62a2\u52ab\u4e5f\u6ca1\u7528\u554a"
        },
        {
            "reply_id": "UgwiQB8LqvW6fGRkhEx4AaABAg",
            "reply_content": "\u4f60\u725b\u903c\u53bb\u6fb3\u95e8\u8d62\u94b1\u554a  \u6fb3\u5e01\u771f\u591a"
        },
        {
            "reply_id": "UgygDWqPD0oe2mzTtrB4AaABAg",
            "reply_content": "\u6c92\u4e8b\u5566\uff0c\u6211\u90fd\u8f38\u4e00\u5104\u5143\u4e86\ud83d\ude05"
        },
        {
            "reply_id": "UgzClOBQ4IV2cdLY87p4AaABAg",
            "reply_content": "\u9ed1\u4eba\u539f\u672c\u5c31\u8a72\u6b7b\u554a"
        },
        {
            "reply_id": "UgwKBP0fVqVLoh_8Omd4AaABAg",
            "reply_content": "\u54c7\u9760\uff01\u4f60\u5011\u7684\u7d93\u6b77\u53ef\u4ee5\u6f14\u96fb\u5f71\u4e86"
        }
    ]
}