{
    "video_info": {
        "id": "3xcQsxpMM2o",
        "channelTitle": "\u597d\u68d2Bump",
        "title": "\u6211\u628a40\u5e74\u8001\u5c4b\u5927\u6539\u9020\u2026 \u8b8a\u6210\u667a\u80fd\u79d1\u6280\u623f\uff01 \u79df\u51fa\u53bb\u80fd\u8cfa\u591a\u5c11\u9322\uff1f\u3010\u597d\u68d2Bump\u3011",
        "description": "\u9019\u4e00\u90e8\u7247\u771f\u7684\u82b1\u4e86\u6211\u4e00\u5e74\u7684\u6642\u9593\u624d\u505a\u597d\uff0c\u4e00\u65b9\u9762\u60f3\u56de\u994b\u81ea\u5df1\u5718\u968a\u7684\u5925\u4f34\uff0c\u7562\u7adf\u4ed6\u5011\u5e73\u5e38\u771f\u7684\u70ba\u6211\u5949\u737b\u5f88\u591a\uff0c\u4f46\u53e6\u4e00\u65b9\u9762\u4e5f\u662f\u60f3\u628a\u4e00\u4e9b\u96b1\u55bb\u7684\u7cbe\u795e\uff0c\u7d00\u9304\u4e0b\u4f86\u5206\u4eab\u7d66\u5927\u5bb6\uff0c\u5e0c\u671b\u5927\u5bb6\u6703\u559c\u6b61\u3002\n\n#\u8001\u5c4b\u5927\u7ffb\u65b0 #\u667a\u80fd\u6c1b\u570d\u623f #\u9ad4\u9a57\u904e\u5c31\u56de\u4e0d\u53bb\u4e86\n--------------------------------------------------------- \n\u4e0a\u4e00\u90e8\u5f71\u7247 \u624b\u6a5f\u88ab\u5077\u4e86\uff01\u7528\u885b\u661f\u5b9a\u4f4d\u5831\u8b66\u6293\u8cca\u2026. \u80fd\u627e\u56de\u4f86\u55ce\uff1f\u3010\u597d\u68d2Bump\u3011\nhttps://youtu.be/bUtz6EcuUe0\n\u8001\u5b50\u7684IG\uff1ahttps://bit.ly/2JqmmIq\n\u8001\u5b50\u7684FB\uff1ahttps://bit.ly/2s3pwwb",
        "likeCount": "24348",
        "commentCount": "1093",
        "viewCount": "947905"
    },
    "comments": [
        {
            "reply_id": "UgwOl2ize-6iEQ5VnZV4AaABAg",
            "reply_content": "\u88dd\u6f62\u53ef\u4ee5\u526a\u6210\u4e00\u500b\u6b4c\u592a\u8b9a\u4e86"
        },
        {
            "reply_id": "UgzP9C7j4RscoNBdt7R4AaABAg",
            "reply_content": "\u5145\u6eff\u667a\u6167\u96fb\u71c8\u7684\u623f\u5b50"
        },
        {
            "reply_id": "UgxN5SMK9TiqpijfstB4AaABAg",
            "reply_content": "\u9019\u793e\u6703\u4e00\u5806\u4eba\u5728\u5272\u97ed\u83dc"
        },
        {
            "reply_id": "UgwoBte5NCJyecC5afx4AaABAg",
            "reply_content": "\u7b49\u4e00\u4e0b\n\u90a3\u500b\u59b9\u662f\u8ab0"
        },
        {
            "reply_id": "UgxGSWePoLkvTpBL2hp4AaABAg",
            "reply_content": "\u6211\u4ee5\u70ba\u8981\u696d\u914d"
        },
        {
            "reply_id": "UgzVJvhSF4Q1ZpkdzDN4AaABAg",
            "reply_content": "\u5ec9\u50f9\u7684\u50a2\u4ff1 \uff0c\u8cbc\u4e00\u4e0b\u4fbf\u5b9c\u6728\u8cea\u8cbc\u7247\u3001\u58c1\u7d19\n\u4e3b\u8981\u9760\u71c8\u8272\u6e32\u67d3\uff0c\u4e0d\u7136\u771f\u7684\u4e5f\u6c92\u5e79\u4ec0\u9ebc"
        },
        {
            "reply_id": "Ugz7MKrroU5PtOxA_D94AaABAg",
            "reply_content": "\u9019\u6a23\u5927\u6982\u82b1\u591a\u5c11\u9322"
        },
        {
            "reply_id": "UgzuGYKC_gAc2n7He-h4AaABAg",
            "reply_content": "\u771f\u7684\u597d\u68d2"
        },
        {
            "reply_id": "UgxKHtugGwjL-fi3nwZ4AaABAg",
            "reply_content": "\u89ba\u5f97\u5f88\u68d2\u7684\u71c8\u2764"
        },
        {
            "reply_id": "UgwJJk-EXQWb6CQ2-IB4AaABAg",
            "reply_content": "\u5118\u7ba1\u51fa\u767c\u9ede\u662f\u597d\u7684\uff0c\u4e5f\u6559\u6703\u4e86\u4e9b\u597d\u7684\u89c0\u5ff5\u7d66\u4ed6\uff0c\u53ef\u662f\u624b\u6cd5\u592a\u5f37\u786c\u4e86\u3002\n\u5176\u5be6\u5f88\u660e\u986f\u770b\u51fa\u9019\u4f4d\u526a\u63a5\u5e2b\u771f\u7684\u4e0d\u592a\u5e0c\u671b\u5225\u4eba\u4e82\u641e\u4ed6\u7684\u5c4b\u5b50\uff0c\u66f4\u4e0d\u5e0c\u671b\u62ff\u53bb\u51fa\u79df\uff0c\u96d6\u7136\u90a3\u4e9b\u60c5\u611f\u4e0d\u80fd\u7d66\u4ed6\u4efb\u4f55\u8ca1\u5bcc\u6216\u76ca\u8655\uff0c\u53ef\u662f\u4eba\u662f\u611f\u6027\u7684\uff0c\u6703\u5c0d\u7269\u4ef6\u6216\u662f\u5730\u65b9\u6709\u611f\u60c5\u3002\n\u9019\u6a23\u5c0d\u5225\u4eba\u7684\u6771\u897f\u52d5\u624b\u52d5\u8173\u771f\u7684\u4e0d\u592a\u79ae\u8c8c\uff0c\u5118\u7ba1\u4f60\u5011\u8a8d\u70ba\u9019\u662f\u7d66\u4ed6\u7684\u9a5a\u559c\uff0c\u53ef\u662f\u5c0d\u4ed6\u4f86\u8aaa\u537b\u6709\u53ef\u80fd\u662f\u9a5a\u5687\u3002\n\u771f\u7684\u662f\u70ba\u4ed6\u597d\u7684\u8a71\uff0c\u6211\u8a8d\u70ba\u53ef\u4ee5\u50b3\u6388\u89c0\u5ff5\u548c\u65b9\u6cd5\u7d66\u4ed6\uff0c\u81f3\u65bc\u5be6\u4e0d\u5be6\u884c\u5c31\u662f\u4ed6\u6c7a\u5b9a\u4e86\u3002\n\u9019\u6a23\u624d\u80fd\u4fdd\u7559\u4ed6\u7684\u6c7a\u5b9a\u6b0a\uff0c\u800c\u4e0d\u662f\u5f37\u52a0\u81ea\u5df1\u8a8d\u70ba\u597d\u7684\u7d66\u5225\u4eba\u525d\u596a\u5225\u4eba\u7684\u6c7a\u5b9a\u6b0a\u3002\n\n\u4e0d\u904e\u8aaa\u5230\u5e95\u6211\u4e5f\u53ea\u662f\u500b\u5916\u4eba\uff0c\u8a73\u7d30\u60c5\u6cc1\u4e26\u4e0d\u6e05\u695a\uff0c\u5e0c\u671b\u958b\u62cd\u4e4b\u524d\u96d9\u65b9\u6709\u597d\u597d\u7684\u6e9d\u901a\u904e\uff0c\u800c\u9019\u4f4d\u526a\u63a5\u5e2b\u7684\u53cd\u61c9\r\n\u53ea\u662f\u7bc0\u76ee\u6548\u679c\u5427\u3002\u7562\u7adf\u4e00\u767e\u500b\u4eba\u5c31\u6709\u4e00\u767e\u500b\u751f\u6d3b\u614b\u5ea6\uff0c\u89c0\u5ff5\u662f\u6162\u6162\u6ef2\u900f\u7684\uff0c\u5f37\u52a0\u81ea\u5df1\u7684\u60f3\u6cd5\u7d66\u5225\u4eba\u53ea\u6703\u8b93\u5225\u4eba\u611f\u5230\u5192\u72af\uff0c\n\u5f9e\u800c\u5c0e\u81f4\u95dc\u4fc2\u7684\u758f\u96e2\u3002"
        },
        {
            "reply_id": "Ugy2HSf5Fa9zYcOEOmF4AaABAg",
            "reply_content": "\u597d\u53b2\u5bb3\u5594\u975e\u5e38\u68d2\u7684\u71c8\u5149\u6548\u679c"
        },
        {
            "reply_id": "Ugzgm1TLLKfXMawC7K94AaABAg",
            "reply_content": "\u8b9a\u5594\u2026\u628a\u5718\u968a\u7684\u4eba\u4e00\u8d77\u5e36\u8d77\u4f86"
        },
        {
            "reply_id": "Ugy_mZIWNRbsk36KTFx4AaABAg",
            "reply_content": "\u60f3\u8acb\u554f\u9019\u6a23\u7ffb\u4fee \u7e3d\u5171\u82b1\u591a\u5c11\u9322?"
        },
        {
            "reply_id": "UgxpRwLgcXBiDsRvnQl4AaABAg",
            "reply_content": "\u4f60\u5f88\u68d2\uff0c\u5f88\u6703\u70ba\u8eab\u908a\u7684\u4eba\u8457\u60f3"
        },
        {
            "reply_id": "UgzIQk_qn6IDmey_Ymd4AaABAg",
            "reply_content": "\u540c\u4e8b\u725b\u903c\uff1a\u300c\u9019\u4e0b\u6211\u9023\u56de\u5bb6\u7761\u89ba\u7684\u5168\u90e8\u6a5f\u6703\u8ddf\u6642\u9593\u90fd\u5949\u737b\u7d66\u5de5\u4f5c\u60f9\u0ca0_\u0ca0\u300d"
        },
        {
            "reply_id": "Ugz5-cPzjKb4Pj1Ag-l4AaABAg",
            "reply_content": "\u6703\u7167\u9867\u54e1\u5de5\u7684\u8001\u95c6\uff0c\u61c9\u652f\u6301\u7684"
        },
        {
            "reply_id": "UgyD8tXZD0aW23uCtK14AaABAg",
            "reply_content": "\u6211\u5fc5\u8f03\u597d\u5947 \u6253\u6383\u8981\u600e\u9ebc\u6253\u6383 \u982d\u9802\u4e0a\u7684\u68c9\u82b1\u4e0d\u6703\u90fd\u662f\u7070\u5875\u55ce"
        },
        {
            "reply_id": "UgwY0CScL2zx36VUCUZ4AaABAg",
            "reply_content": "\u52a0\u6cb9\u52a0\u6cb9"
        },
        {
            "reply_id": "UgyDaDbvIjJyJAGvjuF4AaABAg",
            "reply_content": "\u6c92\u7a7a\u904b\u52d5\u4f86\u8e29\u8e29\u9ed1\u79d1\u6280\u9ad4\u9a57\u9020\u798f\u5de5\u4f5c\u5925\u4f34\ud83d\udc93"
        },
        {
            "reply_id": "Ugys9T5aZwFyRg4ys1R4AaABAg",
            "reply_content": "\u539f\u4f86\u6211\u4e4b\u524d\u62c6\u6a4b\u7d19\u62c6\u5230\u7684\u5947\u602a\u7684\u6771\u897f\u53ef\u80fd\u662f\u53e3\u9999\u7cd6\ud83d\ude02"
        }
    ]
}