{
    "video_info": {
        "id": "4mDDqJ6TflY",
        "channelTitle": "\u597d\u68d2Bump",
        "title": "YT\u6295\u8cc7\u5ee3\u544a\u5168\u662f\u8a50\u9a19\uff01\u6211\u89aa\u81ea\u88ab\u9a1916\u842c\u7d66\u4f60\u5011\u770b\uff01\u3010\u597d\u68d2Bump\u3011\u3010\u8a50\u9a19\u89e3\u78bc\u3011",
        "description": "\u88fd\u4f5c\u4e86\u597d\u5e7e\u500b\u6708\uff0c\u5e0c\u671b\u7db2\u8def\u6295\u8cc7\u8a50\u9a19\u53ef\u4ee5\u56e0\u7232\u9019\u90e8\u5f71\u7247\u800c\u6d88\u5931\u3002\n\n#\u8a50\u9a19\u89e3\u78bc# #\u7db2\u8def\u6295\u8cc7 #\u9ea5\u64f1\u9a19\u554a\n\n\n\u6210\u70ba\u9019\u500b\u983b\u9053\u7684\u6703\u54e1\u4e26\u7372\u5f97\u734e\u52f5\uff1a\nhttps://www.youtube.com/channel/UC7XxnhjdYjiQJ3m80K_N_4g/join\n--------------------------------------------------------- \n\u4e0a\u4e00\u90e8\u5f71\u7247 \u5929\u54ea\u2026 \u6211\u8acb\u5230\u4e00\u500b\u64cd\u6797\u5446\u5973\u52a9\u7406\u2026\u300c\u3122\u3124\u300d\u300c\u310b\u310c\u300d\u90fd\u5206\u4e0d\u6e05\u695a\u2026.\u3010\u597d\u68d2Bump\u3011https://youtu.be/gXq1WdS6vSk\n\n\u8001\u5b50\u7684IG\uff1ahttps://bit.ly/2JqmmIq\n\u8001\u5b50\u7684FB\uff1ahttps://bit.ly/2s3pwwb",
        "likeCount": "113490",
        "commentCount": "9851",
        "viewCount": "2337697"
    },
    "comments": [
        {
            "reply_id": "UgyKb6zo-JGmmbHXbzp4AaABAg",
            "reply_content": "\u63a5\u4e0b\u4f86\u6703\u9678\u9678\u7e8c\u7e8c\u4e0a\u50b3\u5176\u4ed6\u7684\u8a50\u9a19\u89e3\u78bc\uff5e\n\u90fd\u88fd\u4f5c\u597d\u4e86 \u4e00\u8def\u52302-3\u500b\u6708\u5f8c\u90fd\u6709\u5f71\u7247\u7684\ud83d\ude09"
        },
        {
            "reply_id": "UgwNXxbPt-F0Me6ZZB94AaABAg",
            "reply_content": "\u6211\u4eca\u5e7410\u6708\u5e95\u523011\u6708\u521d\u6709\u88ab\u985e\u4f3c\u9019\u500b\u8a50\u9a19\uff0c\u4f46\u662f\u662f\u535a\u5f08\u7684\u4e00\u6a23\u7684\u624b\u6cd5"
        },
        {
            "reply_id": "UgziYxTEm2uNLHAhEO94AaABAg",
            "reply_content": "\u4f60\u592a\u5403\u8667\u4e86\u5566\u5f88\u5fc3\u75bc"
        },
        {
            "reply_id": "UgyLntrQ2KE1CIDgIPR4AaABAg",
            "reply_content": "\u671f\u5f85"
        },
        {
            "reply_id": "UgwH_hRLCeoTbxaPkFp4AaABAg",
            "reply_content": "\u9019\u9ebc\u597d\u8cfa \u9084\u8f2a\u7684\u5230\u4f60?"
        },
        {
            "reply_id": "UgymcazQyi2oFpQHg8h4AaABAg",
            "reply_content": "\u9ec3\u6a19\u56b4\u683c\n\u5ee3\u544a\u4e0d\u56b4"
        },
        {
            "reply_id": "UgwgERGlBhtnC5JTIvx4AaABAg",
            "reply_content": "\u771f\u662f\u5049\u5927\u7684\u4eba \u4f69\u670d\u4f60\u2764"
        },
        {
            "reply_id": "UgwQEjrGIt4WwLJunvd4AaABAg",
            "reply_content": "\u611f\u8b1d\u4f60\u70ba\u793e\u6703\u505a\u4e86\u9019\u4ef6\u5049\u5927\u7684\u4e8b\u3002\u4f60\u771f\u68d2\u2764"
        },
        {
            "reply_id": "UgwF4CBwymMKeNwROQh4AaABAg",
            "reply_content": "2023\u5e74\u56de\u4f86\u770b\u2026\u73fe\u5728\u6b63\u5728\u767c\u751f\u9022\u7532\u5927\u5b78\u5b78\u751f\u7121\u5361\u5206\u671f\u8a50\u9a19\u6848\uff0c\u771f\u7684\u592a\u8af7\u523a\u4e86\u2026"
        },
        {
            "reply_id": "Ugzrv_JIfTxcF64m8B94AaABAg",
            "reply_content": "\u9019\u5f71\u7247\u62cd\u5f97\u771f\u597d\uff0c\u73fe\u5728\u505a\u597d\u4e8b\u7684\u4eba\u4e0d\u591a\u4e86\uff0c\u8a50\u9a19\u5145\u65a5\u5728\u5468\u906d\uff0c\u771f\u7684\u8981\u5c0f\u5fc3\u51b7\u975c\uff0c\u4f60\u7684\u5fc3\u601d\u548c\u8ca2\u737b\u5f88\u611f\u4eba\ud83d\udc4d"
        },
        {
            "reply_id": "UgzHO0auRTqMjxly2i94AaABAg",
            "reply_content": "BUMP\u8fd9\u4e2a\u793e\u4f1a\u4e0a\u5982\u679c\u90fd\u80fd\u591f\u50cf\u4f60\u8fd9\u6837\uff0c\u6211\u76f8\u4fe1\u8fd9\u4e2a\u793e\u4f1a\u4f1a\u66f4\u597d\uff0c\u5927\u5bb6\u90fd\u80fd\u8ba4\u77e5\u5230\u8fd9\u70b9\uff01\u76f8\u4fe1\u4e5f\u4e0d\u4f1a\u8fd9\u4e48\u591a\u4eba\u88ab\u9a97\u53bb\uff0c\u4f60\u771f\u7684\u5f88\u8b9a\uff0c\u5f88\u68d2\u7684\u6709\u4e3a\u9752\u5e74"
        },
        {
            "reply_id": "UgxyW0FxpSNTH_7pjmh4AaABAg",
            "reply_content": "\u4e0d\u53ef\u80fd\u7684\u77e5\u672c\u4e3b\u7fa9\u7684\u4e16\u754c\u7a2e\u4e0d\u53ef\u80fd\u8655\u7406\u5168\u90e8"
        },
        {
            "reply_id": "UgwglSHts-LKgC2YcMl4AaABAg",
            "reply_content": "\u821e\u770b\u4e00\u773c\u5c31\u77e5\u9053\u5047\u7684\u61f6\u5f97\u9928\u8df3\u904e"
        },
        {
            "reply_id": "Ugym9LTYU3zxRF8hfq54AaABAg",
            "reply_content": "\u7136\u5f8c\u6309\u8df3\u904e"
        },
        {
            "reply_id": "UgylwZ6KzVQQJq0A5Qh4AaABAg",
            "reply_content": "\u6700\u591a\u770b\u4e00\u773c"
        },
        {
            "reply_id": "UgxY-0zLDrLfrsj3uSx4AaABAg",
            "reply_content": "\u6211\u5011\u653f\u5e9c\u662f\u6700\u5927\u7684\u8a50\u9a19\u96c6\u5718\u554a"
        },
        {
            "reply_id": "UgxOh3u0jNgDf_spX554AaABAg",
            "reply_content": "\u6b7b\u4f8d\u771f\u5be6\u7248"
        },
        {
            "reply_id": "UgzykDqCVDrixqDdop54AaABAg",
            "reply_content": "\u5b98\u65b9\u4e0d\u7ba1\uff1f"
        },
        {
            "reply_id": "UgxR2CbujCIsb_LTnl94AaABAg",
            "reply_content": "\u6211\u4e5f\u662f\u6700\u8fd1\u88ab\u6295\u8cc7\u8a50\u9a19\uff0c\u624d\u525b\u5831\u5b8c\u8b66\uff0c\u4e00\u958b\u59cb\u6211\u5f88\u6709\u9632\u5099\u5fc3\uff0c\u4f46\u662f\u5c31\u662f\u63a8\u85a6\u6211\u9032\u7fa4\u7d44\u7684\u4eba\u8aaa\u8981\u8ddf\u6211\u4e00\u8d77\u5408\u8cc7\uff0c\u56e0\u70ba\u5728\u4e4b\u524d\u6295\u8cc7\u7684\u7fa4\u7d44\u4e2d\u8ddf\u4ed6\u804a\u5f97\u5f88\u5408\u62cd\uff0c\u6240\u4ee5\u6211\u5fc3\u52d5\u4e86\uff0c\u6211\u5011\u53ef\u4ee5\u5408\u8cc7\uff0c\u6240\u4ee5\u6211\u53ea\u8981\u51fa\u5169\u842c\u5c31\u53ef\u4ee5\u4e86\uff0c\u6211\u5c31\u8ddf\u7576\u92ea\u501f\u4e86\u5169\u842c\uff0c\u672c\u4f86\u64d4\u5fc3\u662f\u5426\u50cf\u5f71\u7247\u4e00\u6a23\uff0c\u5c31\u662f\u8ddf\u4f60\u8aaa\u6295\u8cc7\u5931\u6557\uff0c\u9700\u8981\u518d\u6295\u5165\u8cc7\u91d1\uff0c\u4f46\u662f\u5e78\u597d\u7372\u5229\u4e00\u5207\u6b63\u5e38\uff0c\u7d50\u679c\u4f86\u4e86\uff0c\u5728\u8ddf\u5ba2\u670d\u8aaa\u8981\u63d0\u9818\u7684\u6642\u5019\u5c31\u8aaa\u8981\u4fdd\u8b49\u91d1\uff0c\u6295\u5165\u56db\u842c\u4f46\u662f\u4fdd\u8b49\u91d1\u8981\u516b\u842c\uff0c\u6211\u7684\u63a8\u85a6\u4eba\u8aaa\u5c0d\u554a\uff0c\u9019\u500b\u6703\u5230\u6642\u5019\u4e00\u8d77\u6703\u56de\u4f86\u2018\u4ed6\u8aaa\u4ed6\u9858\u610f\u8ddf\u6211\u4e00\u8d77\u51fa\uff0c\u4e5f\u5c31\u662f\u5e6b\u6211\u51fa\u56db\u842c\uff0c\u6211\u53ea\u8981\u518d\u51fa\u56db\u842c\uff0c\u4f46\u662f\u6211\u56e0\u70ba\u4fe1\u7528\u554f\u984c\uff0c\u6c92\u8fa6\u6cd5\u5728\u6b63\u898f\u9014\u5f91\u8cb8\u6b3e\uff0c\u6211\u8ddf\u63a8\u85a6\u4eba\u8aaa\u8981\u4e0d\u7136\u8acb\u4ed6\u501f\u6211\u56db\u842c\uff0c\u5230\u6642\u5019\u9322\u56de\u4f86\u6211\u5c31\u99ac\u4e0a\u7d66\u4ed6\uff0c\u4e26\u4e14\u591a\u4e00\u842c\u7d66\u4ed6\uff0c\u4f46\u662f\u4ed6\u62d2\u7d55\u4e86\uff0c\u8aaa\u4ed6\u5df2\u7d93\u51fa\u56db\u842c\u4e86\uff0c\u4ed6\u89ba\u5f97\u4ed6\u51fa\u5168\u90e8\u4e0d\u516c\u5e73\uff0c\u6211\u5c31\u89ba\u5f97\u5947\u602a\uff0c\u4ed6\u8aaa\u4ed6\u4e4b\u524d\u6709\u6295\u8cc7\u904e\uff0c\u6709\u9806\u5229\u62ff\u9322\u56de\u4f86\uff0c\u90a3\u5979\u61c9\u8a72\u653e\u5fc3\u554a\uff0c\u4e00\u500b\u5c0f\u6642\u5167\u524d\u5c31\u56de\u4f86\uff0c\u9019\u6a23\u4ed6\u6709\u4ec0\u9ebc\u4e0d\u653e\u5fc3\uff1f\u6240\u4ee5\u6211\u5c31\u4e0d\u6562\u518d\u7e7c\u7e8c\u6295\u5165\uff0c\u4f46\u662f\u4e00\u76f4\u5230\u6211\u5831\u6848\u4e86\uff0c\u6211\u9084\u4e00\u76f4\u62b1\u8457\u842c\u4e00\u662f\u6211\u641e\u932f\u4e86\uff0c\u9019\u6a23\u6703\u4e0d\u6703\u5bb3\u5230\u6211\u7684\u63a8\u85a6\u4eba\uff1f\u6211\u5230\u5831\u6848\u90fd\u4e0d\u76f8\u4fe1\u8ddf\u6211\u804a\u5f97\u9019\u9ebc\u597d\uff0c\u800c\u4e14\u9084\u9858\u610f\u8ddf\u6211\u4e00\u8d77\u5408\u8cc7\u7684\u4eba\u5c45\u7136\u662f\u9a19\u4eba\u7684\u3002\u3002\u3002"
        },
        {
            "reply_id": "UgyHNET6c4zw5e7Sp1p4AaABAg",
            "reply_content": "\u570b\u5c0f\u6642\u4ee5\u70ba\u9019\u5168\u90fd\u662f\u771f\u7684\uff0c\u5dee\u9ede\u60f3\u53bb\u7528\u770b\u770b\uff0c\u4f46\u81ea\u5f9e\u770b\u4e86bump\u54e5\u7684\u5f71\u7247\u5f8c\u624d\u77e5\u9053\u662f\u8a50\u9a19\uff0c\u5e78\u597d\u5c0f\u6642\u5019\u6c92\u53bb\u73a9\u904e"
        }
    ]
}