{
    "video_info": {
        "id": "5bg1-Fxsyv8",
        "channelTitle": "\u597d\u68d2Bump",
        "title": "\u6211\u8acb\u4e86\u4e00\u500b\u4fdd\u6bcd\uff01\u9632\u75ab\u5728\u5bb6\u7576\u5927\u723a\uff01\u3010\u597d\u68d2Bump\u3011",
        "description": "\u55ef. \u6c92\u932f. \u6211\u8acb\u4e86\u4e00\u500b\u4fdd\u59c6\u3002\n\n\u8981\u4e0b\u8f09Facebar\u9ede\u9019\u500b\uff01\nhttps://reurl.cc/dGXbAM\n\n#\u9b54\u6cd5\u5c0f\u5361 #\u82b1\u9322\u7576\u5927\u723a #\u6211\u5145\u6eff\u529b\u91cf\u5566\n--------------------------------------------------------- \r\n\u4e0a\u4e00\u90e8\u5f71\u7247\u7528YT\u5feb\u901f\u8cfa\u9032\u767e\u842c\uff01\u516c\u958b\u79d8\u8a23\uff01\u3010\u597d\u68d2Bump\u3011\u3010\u983b\u9053\u934a\u91d1\u8853\u3011https://youtu.be/SMFjtFbiCFY\r\n\r\n\u8001\u5b50\u7684IG\uff1ahttps://bit.ly/2JqmmIq\r\n\u8001\u5b50\u7684FB\uff1ahttps://bit.ly/2s3pwwb",
        "likeCount": "18535",
        "commentCount": "821",
        "viewCount": "1410636"
    },
    "comments": [
        {
            "reply_id": "UgzGJOzaOI5Q-dUxYO54AaABAg",
            "reply_content": "\u53d7\u4e0d\u4e86\u4e86 \u5148\u8acb\u500b\u4fdd\u59c6\u89e3\u60b6\u4e00\u4e0b\ud83d\ude42"
        },
        {
            "reply_id": "Ugw08EGVth4uMdFKewl4AaABAg",
            "reply_content": "\u82b8\u5bf6\u771f\u7684\u6b63\u2764"
        },
        {
            "reply_id": "UgxCd5x5brR2h0e9mqh4AaABAg",
            "reply_content": "\u5361\u54c0\u5c45"
        },
        {
            "reply_id": "UgwB5ko4vePd05oORUB4AaABAg",
            "reply_content": "\u5979\u7167\u9867\u4f60\u4e00\u5929\n\u4f60\u597d\u6b79\u4e5f\u5e6b\u5979\u84cb\u68c9\u88ab\u5427"
        },
        {
            "reply_id": "Ugzb3g5QabaXkAoT2R94AaABAg",
            "reply_content": "\u5979\u4e0d\u662f\u4f60\u7684\u670b\u53cb\u5417\uff1f"
        },
        {
            "reply_id": "Ugz-5y21emnXFk0yrK94AaABAg",
            "reply_content": "\u96f2\u5bf6\u5427"
        },
        {
            "reply_id": "UgyTQgqouDWE27rUckx4AaABAg",
            "reply_content": "\u9019\u4fdd\u6bcd\u4e0d\u662f\u5f35\u65ed\u8001\u5e2b\u7684\u677f\u59b9\u55ce?"
        },
        {
            "reply_id": "UgwEyFiyv5hc2Mw5U314AaABAg",
            "reply_content": "\u4fdd\u59c6\u5728\u54ea\u6211\u4e5f\u8981\u4e00\u500b\ud83d\ude02"
        },
        {
            "reply_id": "UgwnA9fiG9dbYYQYdd14AaABAg",
            "reply_content": "\u6709\u9322\u771f\u597d"
        },
        {
            "reply_id": "UgwkcwBKGKbovYigG_V4AaABAg",
            "reply_content": "\u6211\u5feb\u7b11\u6b7b\u062a"
        },
        {
            "reply_id": "UgypleOe9BQEStygDDV4AaABAg",
            "reply_content": "\u54c8\u54c8 \u8eba\u5728\u5e8a\u4e0a\u5403\u6771\u897f \u597d\u50cf\u764c\u672b"
        },
        {
            "reply_id": "Ugx__q0vLmvPa6-zxzN4AaABAg",
            "reply_content": "\u9019\u96c6\u82b1\u4e00\u842c\u6709\u8cfa\u56de\u672c"
        },
        {
            "reply_id": "UgyISJpmNh6D0JopXqB4AaABAg",
            "reply_content": "\u9084\u53ef\u4ee5\uff0c\u7121\u804a\u770b\u770b"
        },
        {
            "reply_id": "Ugz6loj4p23K264jLZF4AaABAg",
            "reply_content": "\u54c8\u54c8\u54c8\u54c8\u54c8\u54c8\u54c8"
        },
        {
            "reply_id": "Ugzc4cE3PBlZaK4B7kJ4AaABAg",
            "reply_content": "\u9019\u662f\u5f35\u65ed\u7684\u677f\u59b9\u5427"
        },
        {
            "reply_id": "UgxTgA__5eYFw60zV-F4AaABAg",
            "reply_content": "\u4e91\u5bf6"
        },
        {
            "reply_id": "Ugzx1nbfPdVpzx7jH6V4AaABAg",
            "reply_content": "\u96d6\u7136\u77e5\u9053\u662f\u6f14\u7684  \u4e0d\u904e\u9084\u662f\u5f88\u597d\u7b11"
        },
        {
            "reply_id": "UgzYfB7mpKjWzxFoeqN4AaABAg",
            "reply_content": "\u9019\u96c6\u6700\u597d\u7b11"
        },
        {
            "reply_id": "UgyzK8yS1Q8DCFzaSyt4AaABAg",
            "reply_content": "\u771f\u60f3\u8a8d\u8b58\u9019\u500b\u4fdd\u6bcd"
        },
        {
            "reply_id": "Ugz-tavZ2eQRY0exu_54AaABAg",
            "reply_content": "\u6578\u5b78\u8ab2\u7684\u5e6b\u63d2\u59b9"
        }
    ]
}