{
    "video_info": {
        "id": "91s-D0qkeaE",
        "channelTitle": "\u597d\u68d2Bump",
        "title": "\u6211\u7ffb\u8eca\u4e86... \u6211\u5c0d\u4e0d\u8d77\u5927\u5bb6\uff01\u3010\u597d\u68d2Bump\u3011",
        "description": "\u6211\u7ffb\u8eca\u4e86... \u6211\u5c0d\u4e0d\u8d77\u5168\u4e16\u754c70\u5104\u4eba\u53e3....\n\n#\u6211\u7ffb\u8eca\u4e86 #\u6211\u5c0d\u4e0d\u8d77\u9019\u500b\u4e16\u754c #\u6211\u5c0d\u4e0d\u8d77\u9280\u6cb3\u7cfb\n\n\u6210\u70ba\u9019\u500b\u983b\u9053\u7684\u6703\u54e1\u4e26\u7372\u5f97\u734e\u52f5\uff1a\nhttps://www.youtube.com/channel/UC7XxnhjdYjiQJ3m80K_N_4g/join\n\n--------------------------------------------------------- \r\n\u4e0a\u4e00\u90e8\u5f71\u7247 \u6293\u5230\u5e63\u5708\u7db2\u7d05\u641e\u8a50\u9a19\uff01\u9a19\u7c3d\u5047\u5408\u7d04\u9818\u8d70\u7528\u6236500\u842c\uff01\u3010\u597d\u68d2Bump\u3011\nhttps://youtu.be/14BCR2gQDOA\r\n\r\n\u8001\u5b50\u7684IG\uff1ahttps://bit.ly/2JqmmIq\r\n\u8001\u5b50\u7684FB\uff1ahttps://bit.ly/2s3pwwb",
        "likeCount": "61982",
        "commentCount": "6628",
        "viewCount": "1146771"
    },
    "comments": [
        {
            "reply_id": "Ugw5TSEVmz3ydAv35mt4AaABAg",
            "reply_content": "\u70ba\u5565\u8981\u6551\u6709\u75c5\u7684\u4eba\u2026\uff1f\u5373\u4fbf\u662f\u6b63\u7fa9"
        },
        {
            "reply_id": "Ugzzu9iUoUsEvvWwg1V4AaABAg",
            "reply_content": "\u81c9\u66f8\u5ee3\u544a\u99ed\u5ba2\u806f\u76df\u5e6b\u5fd9\u8981\u56de\u88ab\u9a19\u7684\u9322\uff0c\u5f88\u597d\u5947\u771f\u5047\uff0c\u611f\u89ba\u5f88\u591a\u4eba\u5f88\u5bb9\u6613\u88ab\u9019\u7a2e\u9a19\uff0c\u6709\u8fa6\u6cd5\u8e22\u7206\u55ce\uff1f"
        },
        {
            "reply_id": "UgzY614mo64xVei-K1F4AaABAg",
            "reply_content": "\u4e0d\u4e0b\u67b6\u6c11\u9032\u9ee8\u53f0\u7063\u4e0d\u6703\u597d\uff0c\u5404\u90e8\u9580\u721b\u5230\u5e95"
        },
        {
            "reply_id": "UgzsRbncsz-WrBA191x4AaABAg",
            "reply_content": "\u56e0\u70ba\u570b\u6c11\u9ee8\u548c\u6c11\u9032\u9ee8\u5c31\u662f\u5728\u641e\u8a50\u9a19\u7684\u561b"
        },
        {
            "reply_id": "UgxSgetmWSKOyKEd5o54AaABAg",
            "reply_content": "\u5feb\u5e6b\u6211\u652f\u6301\u67ef\u6587\u54f2\uff01"
        },
        {
            "reply_id": "UgyqVdXDiZXweINoIlN4AaABAg",
            "reply_content": "\u6c11\u9032\u9ee8\u653f\u5e9c\u653b\u64ca\u7db2\u7d05\u4e5f\u4e0d\u907a\u9918\u529b"
        },
        {
            "reply_id": "UgySX1SsWl7BIdYy9aN4AaABAg",
            "reply_content": "\u771f\u7684\u5f88\u611f\u8b1d\u4f60\u5c0d\u53f0\u7063\u4eba\u7684\u611b\u5fc3!! \u7136\u5f8c\u90a3\u4e9b\u9020\u8b20\u8005\u771f\u7684\u662f\u5c0f\u4eba"
        },
        {
            "reply_id": "Ugz35nKlQqqyFXvlAcR4AaABAg",
            "reply_content": "\u6b23\u8cde\u4e2d\u570b\u6253\u64ca\u7f6a\u72af\u7684\u9b44\u529b\uff0c\u5feb\u72e0\u6e96\uff0c\u76f8\u5c0d\u7684\u53f0\u7063\u4e00\u500b\u7f6a\u72af\u6bba\u6b7b\u5169\u500b\u8b66\u5bdf\u9084\u4e0d\u7528\u5224\u6b7b\uff01\u5e72\n\u767e\u5e74\u524d\u6e05\u671d\u6642\u671f\u4e2d\u570b\u8c6c\u4ed4\u88ab\u8ce3\u5230\u7f8e\u570b\uff0c\u600e\u9ebc\u73fe\u5728\u9084\u5728\u4e0a\u6f14\u7576\u6642\u7684\u60b2\u5287\uff1f"
        },
        {
            "reply_id": "Ugxq2ND7OUvx5hILmEB4AaABAg",
            "reply_content": "\u4f60\u52d5\u5230\u570b\u5bb6\u6a5f\u5668\u7684\u86cb\u7cd5\u4e86"
        },
        {
            "reply_id": "Ugxp4_JMDdJl5PR3Fsd4AaABAg",
            "reply_content": "\u53f0\u7063\u7db2\u8def\u5a92\u9ad4\u5145\u6eff\u81bb\u8165\u8272 \u6a19\u984c\u4e0d\u8073\u52d5\u4e00\u9ede\u9a19\u4e0d\u4e86\u9ede\u95b1\u7387 \u5a92\u9ad4\u81ea\u5f8b\u4e86\u55ce\uff1f \u5a92\u9ad4\u61c9\u8a72\u662f\u95dc\u5fc3\u516c\u773e\u8b70\u984c \u516c\u6b63\u76e3\u7763\u653f\u5e9c \u6709\u7cfb\u7d71\u6709\u8b49\u64da\u7684\u6316\u6398\u5167\u5e55 \uff0c\u4e0d\u662f\u6dea\u70ba\u5404\u9ee8\u5404\u6d3e\u7684\u6253\u624b\u9020\u6210\u793e\u6703\u5c0d\u7acb\uff0c\u70ba\u4e86\u71df\u5229\u81f3\u4e0a\u525d\u524a\u4e0b\u5c6c\u5beb\u4e00\u4e9b\u8ddf\u516c\u773e\u8b70\u984c\u6beb\u7121\u76f8\u95dc\u53ea\u70ba\u9a19\u9ede\u64ca\u7684\u6587\u7ae0\uff0c\u9019\u90fd\u7b97\u4e86\uff01\u9023\u67e5\u8b49\u90fd\u61f6\uff1f \u5225\u4eba\u600e\u9ebc\u5beb\uff0c\u6211\u5c31\u8981\u5beb\u5f97\u66f4\u8073\u52d5\uff01\n\u9019\u5c31\u662f\u73fe\u5728\u53f0\u7063\u5a92\u9ad4\u7684\u73fe\u6cc1\uff01\u5047\u65b0\u805e\u5145\u65a5....\n\u76f8\u95dc\u55ae\u4f4d\u4e0d\u7ba1\u7ba1\u55ce\uff1f"
        },
        {
            "reply_id": "UgyWZKqkr12Wxg4r0dR4AaABAg",
            "reply_content": "\u53f0\u7063\u672c\u4f86\u5c31\u5f88\u53ef\u6190\n\u653f\u5e9c \u653f\u5ba2\u82b1\u9322\u8cb7\u65b0\u805e\n\u9078\u4e0a\u4e00\u7fa4\u72d0\u7fa4\u72d7\u9ee8\u4e00\u8d77\u5206\u9322\u5206\u5229\u76ca"
        },
        {
            "reply_id": "Ugzf70DBqqpyks0vRFt4AaABAg",
            "reply_content": "\u771f\u7684\u5d29\u584c\u4e86 \u6709\u5287\u672c\u7684\ud83e\udd23"
        },
        {
            "reply_id": "UgwwSPhxiv_8Ge8kuuF4AaABAg",
            "reply_content": "\u597d\u68d2\u68d2\u2026\u2026\u4f60\u6703\u6162\u6162\u77e5\u9053\u53f0\u7063\u5730\u5340\u7684\u53f8\u6cd5\u8150\u6557\u58ae\u843d\uff0c\u6050\u9f8d\u6cd5\u5b98\u6a6b\u884c\uff0c\u6240\u4ee5\u4eba\u6c11\u5c0d\u53f8\u6cd5\u4fe1\u4efb\u5ea6\u53ea\u670913\uff05\n\u6211\u4e5f\u662f\u6709\u611f\u800c\u767c\u7684\u53f8\u6cd5\u8150\u53d7\u5bb3\u8005"
        },
        {
            "reply_id": "Ugzbxe5dzCbwgLKyaEd4AaABAg",
            "reply_content": "\u5916\u4ea4\u90e8\u624d\u662f\u6700\u5927\u7684\u8a50\u9a19\u96c6\u5718\uff0c\u9818\u8457\u4eba\u6c11\u7d66\u7684\u9322\uff0c\u9019\u4e9b\u5ee2\u7269\u55ae\u4f4d\u90fd\u6c92\u6709\u4eba\u8ca0\u8cac\u7763\u5c0e\uff0c\u5dee\u9ede\u5fd8\u4e86\u51a5\ud83c\ude32\u9ee8\u5168\u662f\u5ee2\u7269\u5c08\u9580\u8caa\u6c61\uff0c\u6bd4\u8a50\u9a19\u9084\u53ef\u60e1"
        },
        {
            "reply_id": "UgxqS5moBecLmEHUI4t4AaABAg",
            "reply_content": "\"\u5168\u90e8\u90fd\u662f\u4f60\u7684\u554f\u984c, \u4e0d\u662f\u5916\u4ea4\u90e8\u7121\u80fd\", \u9078\u8209\u5230\u4e86, \u8981\u66ff\u7121\u80fd\u5718\u968a\u6d17\u767d\u8b93\u7121\u80fd\u5718\u968a\u80fd\u7e8c\u547d, \u6709\u9019\u6a23\u7684\u64cd\u4f5c, \u4e0d\u610f\u5916, \u7121\u80fd\u5718\u968a\u9019\u516b\u5e74\u5c0d\u7316\u7357\u7684\u8a50\u9a19\u505a\u4e86\u751a\u9ebc?"
        },
        {
            "reply_id": "UgxFbZhj3PR1rserxEV4AaABAg",
            "reply_content": "\u6211\u8a8d\u70ba\u5176\u5be6\u6703\u8b8a\u6210\u9019\u6a23\u4e3b\u8981\u662f\u56e0\u70ba\u67d0\u9ee8\u7684\u7db2\u8ecd\u3001\u96fb\u8996\u53f0\u90fd\u5728\u5e36\u98a8\u5411\u8b93\u53f0\u7063\u8b8a\u6210\u91ac\uff0c\u6240\u4ee5\u660e\u5e74\u6211\u652f\u6301\u653f\u9ee8\u8f2a\u66ff"
        },
        {
            "reply_id": "UgzPXmNVyEFzxpNIQe14AaABAg",
            "reply_content": "\u6797\u5148\u751f\u8207\u5ed6\u5148\u751f\u5728\u7b2c\u4e00\u5bb6\u516c\u53f8\u5f85\u591a\u4e45\u5462\uff1f\u4ed6\u5011\u662f\u5426\u6c92\u8fa6\u6cd5\u9003\u8d70\u5462\uff1f"
        },
        {
            "reply_id": "UgwBUBdWy8eLh_axKYZ4AaABAg",
            "reply_content": "\u6295\u67ef"
        },
        {
            "reply_id": "UgwyQ7QhrhbH_D4V-ot4AaABAg",
            "reply_content": "\u6797\u7537\u300c\u4e0d\u78ba\u5b9a\u300d\u62db\u8058\u7684\u516c\u53f8\u662f\u8a50\u9a19\u96c6\u5718\uff0c\u5148\u53bb\u770b\u770b\uff0c\u9019\u548c\u300c\u6797\u7537\u4e26\u975e\u5b8c\u5168\u4e0d\u77e5\u60c5\u300d\uff0c\u9019\u53e5\u8a71\u7684\u5167\u6db5\u4e0d\u4e00\u6a23\u5427\uff01\u6797\u5148\u751f\u9700\u8981\u53bb\u675c\u62dc\u624d\u80fd\u78ba\u8a8d\u9019\u5bb6\u8a50\u9a19\u96c6\u5718\u5427\uff1f\u5982\u679c\u662f\u8a50\u9a19\u96c6\u5718\u5c31\u4e0d\u6703\u505a\uff0c\u6216\u662f\u5230\u4e86\u4ee5\u5f8c\uff0c\u826f\u5fc3\u767c\u73fe\u4e0d\u53bb\u505a\uff0c\u9019\u8207\u5df2\u7d93\u77e5\u9053\u9019\u5bb6\u516c\u53f8\u662f\u8a50\u9a19\u96c6\u5718\uff0c\u53bb\u8a66\u8a66\u770b\uff0c\u9019\u5e7e\u7a2e\u60c5\u6cc1\u4e0d\u540c\u5427\uff1f\uff01\u6cd5\u5b98\u7684\u7528\u8a9e\u8b93\u4eba\u611f\u5230\u5f88\u96e2\u8b5c\u2026\uff0c\u8207\u73fe\u5be6\u751f\u6d3b\u6709\u5f88\u5927\u7684\u5dee\u8ddd\u3002"
        },
        {
            "reply_id": "UgzpRtEHUS1OxumqtD54AaABAg",
            "reply_content": "\u6211\u6295\u8cc7\u7926\u5834\u9322\u5361\u4f4f\u6709\u8fa6\u6cd5\u8ffd\u56de\u4f86\u55ce\uff1f"
        }
    ]
}