{
    "video_info": {
        "id": "9F8V7TB5wCw",
        "channelTitle": "\u597d\u68d2Bump",
        "title": "\u6293\u8708\u86a3\u6642\u7684\u934a\u91d1\u8853\uff01\u5c45\u7136\u53ef\u8cfa\u4e0a\u767e\u842c\uff01\uff1f\u3010\u597d\u68d2Bump\u3011",
        "description": "\u9019\u4e00\u90e8\u7247\u62cd\u4e86\u62111\u5e74\u591a\uff0c\u5e0c\u671b\u672a\u4f86\u6709\u6a5f\u6703\u53ef\u4ee5\u5e36\u5927\u5bb6\u53bb\u7206\u6293\u767c\u8ca1\u4e00\u6ce2\u3002\n\n#\u5de8\u5927\u8708\u86a3 #\u5927\u6982\u6c92\u4eba\u9858\u610f\u62cd\u9019\u7a2e\u7247\u4e86 #\u7279\u65af\u62c9\u6293\u9b3c\u9084\u7c21\u55ae\u4e00\u9ede\n--------------------------------------------------------- \r\n\u4e0a\u4e00\u90e8\u5f71\u7247 \u75ab\u60c5\u5c0e\u81f4\u6574\u5ea7\u5c71\u7684\u8292\u679c\u6eef\u92b7\u4e86\uff01\uff1f\u6211\u4f86\u5e6b\u5fd9\u8ce3\uff01\u3010\u597d\u68d2Bump\u3011 @\u70cf\u9d09DoKa TV \u200b https://youtu.be/v_Temz-t2nk\r\n\r\n\u8001\u5b50\u7684IG\uff1ahttps://bit.ly/2JqmmIq\r\n\u8001\u5b50\u7684FB\uff1ahttps://bit.ly/2s3pwwb",
        "likeCount": "18601",
        "commentCount": "923",
        "viewCount": "1313766"
    },
    "comments": [
        {
            "reply_id": "UgyNHQpcMu9JFzkL0pd4AaABAg",
            "reply_content": "\u7b49\u6211\u6536\u5230\u6d88\u606f\u4e00\u5b9a\u516c\u958b\u7d66\u5927\u5bb6\u4e00\u8d77\u767c\u8ca1"
        },
        {
            "reply_id": "UgzssO4-JR9-peGN5cl4AaABAg",
            "reply_content": "\u6211\u5bb6\u597d\u591a\u7d05\u982d\u8708\u86a3\u6211\u6bcf\u5929\u90fd\u5f88\u5d29\u6f70\ud83d\ude2b"
        },
        {
            "reply_id": "UgzSrNHaDRnsotR3QhJ4AaABAg",
            "reply_content": "\u6e05\u5883\u9019\u908a\u5f88\u591a\u8708\u86a3\u6211\u6628\u5929\u5c31\u770b\u5230\u4e00\u96bb\u6b7b\u6389\u7684\u8708\u86a3\u628a\u5b83\u7528\u6a39\u679d\u593e\n \u8d77\u4f86"
        },
        {
            "reply_id": "UgzQWRyo-_fr7KZ-GKt4AaABAg",
            "reply_content": "\u90a3\u4f4d\u5148\u751f\u62ff\u7684\u662f\u5c71\u5200\u55ce\uff1f"
        },
        {
            "reply_id": "UgzY4lMDa7RxWVu84j54AaABAg",
            "reply_content": "\u5728\u57ce\u5e02\u6211\u524d\u5e7e\u65e5\u9047\u5230\u4e00\u689d\u8708\u86a3\ud83d\ude28\ud83d\ude28\u8d85\u5927\u4e00\u500b\u8d85\u591a\u8173"
        },
        {
            "reply_id": "Ugw4OXEfEp1tYrIpklV4AaABAg",
            "reply_content": "\u571f\u4e0d\u5920"
        },
        {
            "reply_id": "Ugx_V-Rf4_KWkBOiZn94AaABAg",
            "reply_content": "\u90fd\u4e0d\u4f1a\u6293\uff0c\u54ce"
        },
        {
            "reply_id": "UgyR5f19MIo2brFj_jZ4AaABAg",
            "reply_content": "\u771f\u7684\u592a\u597d\u7b11\u4e86\ud83d\ude02"
        },
        {
            "reply_id": "UgxojjFoYaNTiDYMQoJ4AaABAg",
            "reply_content": "\u6211\u5011\u73ed\u88e1\u6709\u4e00\u500b\u8708\u86a3\u8ddf\u4e00\u500b15cm\u5c3a\u4e00\u6a23\u9577\u662f\u9752\u9f8d\u7684"
        },
        {
            "reply_id": "UgzkH8pkiNdmXxDkF4V4AaABAg",
            "reply_content": "\u963f\u4f2f\u597d\u597d\u7b11\u5594\ud83d\ude02"
        },
        {
            "reply_id": "Ugy3iawsdNfH0jp1T-R4AaABAg",
            "reply_content": "\u771f\u53b2\u5bb3\u6211\u4e0d\u6562\u559d\u90a3\u9152"
        },
        {
            "reply_id": "UgziL5Bp2We3t6v50_J4AaABAg",
            "reply_content": "\u770b\u8fc7\u5f88\u591a\u6b21\u4e86"
        },
        {
            "reply_id": "UgwOtAvQCJ3Vaz4wUfZ4AaABAg",
            "reply_content": "\u6211\u6253\u6b7b\u904e\u597d\u5e7e\u96bb~\u6bd4\u624b\u638c\u9577\u4e00\u9ede\u9ede\u3002\u6709\u9ec3\u8173~\u548c\u7d05\u8173\u5169\u7a2e\n\u5728\u6d77\u908a\u7684\u5c0f\u5c71\u770b\u5230\u7684\u3002\n\u5b83\u5011\u771f\u7684\u559c\u6b61\u6f6e\u6fd5\u7684\u5c71\u571f\u908a"
        },
        {
            "reply_id": "UgxbCrpcOA2xs1yWYD54AaABAg",
            "reply_content": "\u6211\u5728\u5b78\u6821\u770b\u904e\u66f4\u5927\u96bb\u7da0\u8272\u7684\u8708\u86a3\u8a92"
        },
        {
            "reply_id": "UgxGCWY1cqNPcXHugON4AaABAg",
            "reply_content": "\u6eab\u6696\u6f6e\u6fd5"
        },
        {
            "reply_id": "UgyQiRUj1kRv7FhK5494AaABAg",
            "reply_content": "\u6211\u77e5\u9053\u6771\u5f15\u5f88\u591a \uff0c\u4f46\u4e0d\u77e5\u9053\u53ef\u4e0d\u53ef\u4ee5\u6ce1\u9152\uff0c\u771f\u7684\u662f\u8def\u4e0a\u5230\u8655\u6709"
        },
        {
            "reply_id": "UgyjYr8OyrRoA02IjH94AaABAg",
            "reply_content": "\u6885\u96e8\u5b63\u901a\u5e38\u90fd\u6703\u5f88\u591a"
        },
        {
            "reply_id": "UgxHK0_SkzOCN2PEMIR4AaABAg",
            "reply_content": "\u53ef\u4ee5\u990a\u6b96\u5416\ud83d\udcaa"
        },
        {
            "reply_id": "UgwD92X_q9wFKcarYeZ4AaABAg",
            "reply_content": "\u6211\u770b\u5230\u93c8\u92f8 \u5f77\u5f7f\u6d6e\u51fa\u6ce2\u5409\u5854\u7684\u8eab\u5f71"
        },
        {
            "reply_id": "UgyiMUTssNqzPqrvn_t4AaABAg",
            "reply_content": "\u8981\u958b\u6293\u4e86\u55ce"
        }
    ]
}