{
    "video_info": {
        "id": "AgXrJssxonw",
        "channelTitle": "\u597d\u68d2Bump",
        "title": "\u6aa2\u8209\u90a3\u4e9b\u4e0d\u6234\u53e3\u7f69\u7684\u81ea\u79c1\u9b3c\uff01\u7f70\u5230\u4ed6\u5011\u7834\u7522\u70ba\u6b62\uff01\u3010\u597d\u68d2Bump\u3011",
        "description": "\u5728\u62ff\u4e0b\u53e3\u7f69\u4e4b\u524d\uff0c\u5148\u60f3\u60f3\u4f60\u7684\u5bb6\u4eba\u3001\u611b\u4eba\uff0c\n\u5982\u679c\u4f60\u4e0d\u60f3\u50b7\u5bb3\u5230\u90a3\u4e9b\u4f60\u95dc\u5fc3\u7684\u4eba\uff0c\n\u9084\u662f\u597d\u597d\u6234\u8457\u5427\uff0c\u96d6\u7136\u5f88\u96e3\u53d7\u53c8\u60b6...\n\u4f46\u7e3d\u6bd4\u5931\u53bb\u5bb6\u4eba\u9084\u4f86\u5f97\u597d\u5427\uff1f\n\n#\u6c92\u6234\u53e3\u7f69 #\u62cd\u7167\u6aa2\u8209 #\u9632\u75ab\u6d3e\u5c0d\u5df2\u7d934\u9031\u9084\u5728\u6301\u7e8c\u4e2d\n--------------------------------------------------------- \r\n\u4e0a\u4e00\u90e8\u5f71\u7247\u6211\u8acb\u4e86\u4e00\u500b\u4fdd\u6bcd\uff01\u9632\u75ab\u5728\u5bb6\u7576\u5927\u723a\uff01\u3010\u597d\u68d2Bump\u3011https://youtu.be/5bg1-Fxsyv8\r\n\r\n\u8001\u5b50\u7684IG\uff1ahttps://bit.ly/2JqmmIq\r\n\u8001\u5b50\u7684FB\uff1ahttps://bit.ly/2s3pwwb",
        "likeCount": "19851",
        "commentCount": "1963",
        "viewCount": "748185"
    },
    "comments": [
        {
            "reply_id": "UgzWDTERBPtnAkFCtMZ4AaABAg",
            "reply_content": "\u70ba\u4e86\u4f60\u7684\u5bb6\u4eba\uff0c\u53e3\u7f69\u6234\u8d77\u4f86\u5427\ud83d\ude09"
        },
        {
            "reply_id": "UgwtJNi0TpSzOfXA8n14AaABAg",
            "reply_content": "\u539f\u672c\u770b\u9019\u6b21\u75ab\u60c5\u80fd\u4e0d\u80fd\u88ab\u5e36\u8d70\u2026\n\u7d50\u679c\u70ba\u4e86\u5bb6\u4eba\u9084\u662f\u5f97\u505a\u597d\u9632\u75ab\ud83d\ude1e"
        },
        {
            "reply_id": "Ugydl2SfyC87k7aToH54AaABAg",
            "reply_content": "\u6a5f\u8eca"
        },
        {
            "reply_id": "Ugym-Zga9nffTw9saqZ4AaABAg",
            "reply_content": "\u7b11\u6b7b \u6709\u5e36\u53e3\u7f69\u6c92\u7a7f\u8863\u670d"
        },
        {
            "reply_id": "UgzP8rG-BaztyMb8S7F4AaABAg",
            "reply_content": "\u53ef\u80fd\u56e0\u70ba\u6211\u4e0d\u662f\u53f0\u7063\u4eba\u4e0d\u80fd\u7406\u89e3\uff0c\u55ae\u7368\u4e00\u500b\u4eba\u5728\u5c4b\u5916\u5468\u570d\u6c92\u6709\u5176\u4ed6\u4eba\u70ba\u4ec0\u9ebc\u4e5f\u8981\u6234\u53e3\u7f69\uff1f"
        },
        {
            "reply_id": "UgwTt1UyWDcP8YDhaIN4AaABAg",
            "reply_content": "\u6211\u6bcf\u5929\u51fa\u9580\u4e0a\u5b78\u6211\u90fd\u6234\u5169\u500b\u53e3\u7f69"
        },
        {
            "reply_id": "UgxVjwfKmQeBfgKrO-54AaABAg",
            "reply_content": "\u53ef\u4ee5\u4e0d\u8981\u4e00\u76f4\u7f75\u9ad2\u8a71\u55ce\uff1f"
        },
        {
            "reply_id": "Ugwaeii9sCMOCaT__TJ4AaABAg",
            "reply_content": "\u963f\u4f2f\u5176\u5be6\u4e0d\u7528\u6015\uff0c\u4eba\u5bb6\u8001\u9aa8\u982d\u9ebb\u3002"
        },
        {
            "reply_id": "UgyrlG8DYP04m0KRrIl4AaABAg",
            "reply_content": "\ud83d\ude02\u6211\u90a3\u65f6\u5019\u6211\u4e5f\u662f\u4f1a\u6297\u8bae\u4e0d\u6234\u53e3\u7f69\u7684\u4eba"
        },
        {
            "reply_id": "UgyMqY3MPJoJM6nIWMh4AaABAg",
            "reply_content": "\u6211\u4e5f\u60f3\u5e36\uff0c\u554f\u984c\u662f\u6211\u5f88\u5bb9\u6613\u5e36\u4e86\u53e3\u7f69\u4e0d\u8212\u670d\uff0c\u4f46\u6211\u9084\u662f\u6703\u5fcd"
        },
        {
            "reply_id": "Ugz6oQp9i_ke5KUgi7V4AaABAg",
            "reply_content": "\u6211\u89ba\u5f97\u597d\u68d2Bump\u5176\u5be6\u7121\u610f\u4e2d\u50b7\u5bb3\u5230\u5f88\u591a\u4eba"
        },
        {
            "reply_id": "UgxBENLZhli3F-iThIR4AaABAg",
            "reply_content": "\u6771\u4e9e\u75c5\u592b"
        },
        {
            "reply_id": "Ugys3AV3pxF529a8yzN4AaABAg",
            "reply_content": "\u9019\u7a2e\u9055\u53cd\u4eba\u6b0a\u7684\u898f\u5b9a\uff0c\u53ef\u7b11"
        },
        {
            "reply_id": "UgzOdZUVpRhwKX9hiCx4AaABAg",
            "reply_content": "\u5df2\u6240\u4e0d\u6b32\u52ff\u65bd\u65bc\u4eba\n\u62cd\u9019\u4e9b\u7247\uff0c\u81ea\u5df1\u4e5f\u8981\u505a\u4e00\u500b\u699c\u6a23\u662f\u5f88\u96e3\u7684\ud83d\ude02"
        },
        {
            "reply_id": "UgzcH6GLBfT5q7uXcuV4AaABAg",
            "reply_content": "\u8def\u908a\u523a\u9752\u5728\u62bd\u83f8\u7684\u4e0d\u62cd\n\u62cd\u4e00\u5806\u4e2d\u8001\u5e74\u4eba\u310f\u310f"
        },
        {
            "reply_id": "UgzOrrCGHZzzGFKYbQ54AaABAg",
            "reply_content": "\u5982\u679c\u4e0d\u662f\u6350\u8d08\u7d66\u8857\u53cb\u53e3\u7f69\uff0c\u8857\u53cb\u91cd\u8907\u6234\u8ddf\u672c\u4e0d\u6703\u6709\u9322\u8cb7"
        },
        {
            "reply_id": "Ugw54JMQ9JJMLeNwnYR4AaABAg",
            "reply_content": "\u5982\u679c\u5f88\u7a7a\u66e0\u6c92\u4eba\uff0c\u6c92\u6234\u8ddf\u672c\u6c92\u5fc5\u8981\u53bb\u70ba\u96e3\u5225\u4eba"
        },
        {
            "reply_id": "UgzePh8eaaKPlPudIuF4AaABAg",
            "reply_content": "\u5982\u679c\u662f\u6c92\u9322\u4ec0\u9ebc\u4e0d\u80fd\u602a\u4ed6\u2026\u2026\n\u9664\u975e\u53e3\u7f69\u6234\u53c8\u4e0d\u6234\u597d"
        },
        {
            "reply_id": "Ugx4w3mGJ7DORb2UpOt4AaABAg",
            "reply_content": "\u5982\u6b64\u8ff7\u6200\u53e3\u7f69\uff0c\u8981\u6234\u8db3\u4e00\u4e16\u505a\u53e3\u7f69\u5974\u55ce\uff1f\u8acb\u4fbf\uff0c\u75c5\u592b\u5011\u4e0d\u8981\u963b\u7919\u6b63\u5e38\u4eba\u6b63\u5e38\u751f\u6d3b\uff0c\u60f3\u4e00\u4e16\u505a\u653f\u5e9c\u7684\u9632\u5047\u75ab\u5974\u3001\u670d\u5f9e\u9632\u50b7\u98a8\u611f\u5192\u9632\u4e00\u751f\u7684\u57f9\u990a\u5974\u96b8\u99b4\u4eba\u653f\u7b56\uff0c\u90a3\u8acb\u96c6\u8cc7\u8208\u5efa\u7121\u83cc\u5712\u5340\uff0c\u5165\u53bb\u4f4f\u4e00\u751f\uff0c\u4e0d\u8981\u51fa\u4f86\u8feb\u4eba\u9632\u50b7\u98a8\u611f\u5192\u505a\u75c5\u592b\uff01\n\u5feb\u4e09\u5e74\u5566\uff01\u4e09\u5e74\u524d\u8feb\u4eba\u6234\u53e3\u7f69\u611f\u89ba\u6709\u6234\u53e3\u7f69\u5c31\u5f88\u81ea\u8c6a\u7684\u6642\u5019\uff0c\u6709\u60f3\u904e\u4e4b\u5f8c\u9019\u4e00\u751f\u90fd\u6c92\u8fa6\u6cd5\u6b63\u5e38\u547c\u5438\u90fd\u8981\u6234\u53e3\u7f69\u55ce\uff1f\u56e0\u70ba\u4ec0\u9ebc\uff0c\u56e0\u70ba\u75c5\u592b\u5011\u7684\u65e5\u591c\u6050\u61fc\u3001\u7a7a\u6c23\u5f88\u5371\u96aa\uff1a\u56e0\u70ba\u4e16\u754c\u4e0a\u653f\u5e9c\u5229\u7528\u9632\u75ab\u6234\u53e3\u7f69\u4f5c\u70ba\u99b4\u670d\u3001\u52de\u5f79\u4eba\u6c11\u670d\u5f9e\u7684\u5de5\u5177\uff0c\u53ea\u8981\u6709\u6234\u53e3\u7f69\uff0c\u5927\u8166\u5c31\u5fc5\u9808\u512a\u5148\u63a5\u53d7\u6234\u53e3\u7f69\u6307\u4ee4\uff0c\u7528\u65e5\u591c\u547c\u5438\u56f0\u96e3\u547c\u5438\u4e8c\u6c27\u5316\u78b3\u9996\u5148\u524a\u5f31\u5927\u8166\u601d\u8003\u80fd\u529b\uff0c\u5176\u6b21\u5728\u4ec0\u9ebc\u6d3b\u52d5\u4e4b\u524d\uff0c\u512a\u5148\u8003\u616e\u6234\u53e3\u7f69\uff0c\u5373\u4f7f\u670d\u5f9e\u653f\u5e9c\u547d\u4ee4\uff0c\u4e0d\u80fd\u6709\u500b\u4eba\u601d\u8003\u548c\u6297\u62d2\u3002\n\u53ea\u662f\u4e9e\u6d32\u9084\u6709\u4e00\u5927\u5806\u611a\u6c11\u52a9\u7d02\u70ba\u8650\uff0c\u505a\u653f\u5e9c\u7684\u4ee5\u50b7\u98a8\u611f\u5192\u7576\u761f\u75ab\u99b4\u4eba\u5e6b\u5147\uff0c\u4e0d\u4f46\u8981\u81ea\u5df1\u6234\u53e3\u7f69\u8f9b\u82e6\u88ab\u99b4\uff0c\u66f4\u52a0\u8981\u6349\u6b63\u5e38\u4eba\u505a\u4e00\u6a23\u7684\u4e8b\u60c5\uff0c\u4ee5\u514d\u81ea\u5df1\u7684\u611a\u8822\u6709\u671d\u4e00\u65e5\u6703\u7a81\u986f\u3002"
        },
        {
            "reply_id": "Ugz8ZF2CAmzajlmk7PZ4AaABAg",
            "reply_content": "\u9019\u662f\u4f60\u505a\u6700\u932f\u7684\u4e8b\u3002\u5e0c\u671b\u4f60\u6539\u904e\u3002"
        }
    ]
}