{
    "video_info": {
        "id": "cGA2_pB0MCI",
        "channelTitle": "\u597d\u68d2Bump",
        "title": "\u7adf\u6709\u8ced\u5834\u958b\u4f86\u8b93\u73a9\u5bb6\u8d0f\u9322\uff1f\u6211\u628a\u904e\u5e74\u7d05\u5305\u5168\u58d3\u62fc\u4e00\u628a\uff01\u3010\u597d\u68d2Bump\u3011",
        "description": "\u5728\u7f8e\u570b\u6d1b\u6749\u78ef\u767c\u73fe\u4e00\u500b\u5f88\u7279\u5225\u7684\u8ced\u5834\u898f\u5247\uff0c\u67d0\u4e00\u9593\u8ced\u5834\uff0c\u53ea\u8981\u4f60\u62ff\u5f97\u51fa\u5927\u7d0420\u842c\u7f8e\u91d1\u5c31\u80fd\u76f4\u63a5\u7576\u838a\u5bb6\uff0c\u9019\u4e00\u6b21\u6211\u4f86\u6e2c\u8a66\u770b\u770b\uff0c\u662f\u4e0d\u662f\u771f\u7684\u7576\u838a\u5c31\u8cfa\u9322\uff1f\n\n#LA\u7576\u838a #\u7d05\u5305\u5168\u58d3 #\u518d\u52a04\u500b0\u6211\u8ab0\u90fd\u4e0d\u8a8d\u9019\u662f\u4e00\u90e8\u8001\u5be6\u7247\n--------------------------------------------------------- \n\u4e0a\u4e00\u90e8\u5f71\u7247 \u6211\u88ab\u4eba\u7528\u6551\u63f4\u540d\u7fa9\u9a19\u8d70200\u842c\uff01\u7d93\u8abf\u67e5\u767c\u73fe\u53d7\u5bb3\u8005\u5df2\u7834\u767e\u4eba\u2026. \u8acb\u5927\u5bb6\u5c0f\u5fc3\u5225\u4e0a\u7576\uff01\u3010\u597d\u68d2Bump\u3011https://youtu.be/SJXEY8Kf0Xo\n\n\u8001\u5b50\u7684IG\uff1ahttps://bit.ly/2JqmmIq\n\u8001\u5b50\u7684FB\uff1ahttps://bit.ly/2s3pwwb",
        "likeCount": "16204",
        "commentCount": "637",
        "viewCount": "745632"
    },
    "comments": [
        {
            "reply_id": "Ugw0QyxqkLoIZho0aCl4AaABAg",
            "reply_content": "\u5f88\u6703\u6f14"
        },
        {
            "reply_id": "Ugx4xrgMq8k94kQTcG54AaABAg",
            "reply_content": "\u6c5f\u5357\u5e73\u53f0\u62db\u4ee3\u7406\u9876\u7ea7\u6276\u6301  \u770b\u6211\u7b80\u4ecb"
        },
        {
            "reply_id": "UgxwrK8Fa3YbvJEKn8x4AaABAg",
            "reply_content": "\u534e\u7eb3\u56fd\u9645\u5728\u7ebf\uff0c\u5b9e\u4f53 \u61c2\u7684\u6765"
        },
        {
            "reply_id": "Ugx05qUqXIIX-ZJF5Pt4AaABAg",
            "reply_content": "\u6b8b\u75be\u8f66\u724c\u600e\u4e48\u62ff\uff1f"
        },
        {
            "reply_id": "UgwS4w2FvVeccvLt4A54AaABAg",
            "reply_content": "\u4f60\u662f\u4e0d\u662f\u5438\u6bd2\u554a"
        },
        {
            "reply_id": "Ugw-ZHscjia43WLWR_p4AaABAg",
            "reply_content": "\u58d3\u6b72\u9322\u6709\u4e0a\u842c\u8a72\u77e5\u8db3\u4e86 \u60f3\u60f3\u4f60\u7684\u8a02\u95b1\u4eba\u6578\u88e1\u591a\u5c11\u4eba\u8981\u5e7e\u500b\u6708\u624d\u80fd\u5b58\u5230\u9019\u500b\u6578\u5b57"
        },
        {
            "reply_id": "UgzoXvCYiUssjQiURpl4AaABAg",
            "reply_content": "\u4e5f\u6559\u59d0\u59d0\u4e00\u4e9b\u8cfa\u9322\u7684\u65b9\u6cd5\u5566"
        },
        {
            "reply_id": "Ugym-vpOQLrR6pnzZPx4AaABAg",
            "reply_content": "\u5f88\u591a\u6295\u8cc7\u771f\u7684\u90fd\u662f\u898b\u597d\u5c31\u6536\uff0c\u6240\u4ee5\u6211\u61c2\u90a3\u98c6\u8eca\u7684\u904e\u7a0b\u2764\u2764\u2764\u4e0d\u8dd1\u4e5f\u6c92\u8fa6\u6cd5\u9810\u6e2c\u5916\u5730\u6709\u4ec0\u9ebc\u98a8\u96aa\u5728"
        },
        {
            "reply_id": "UgwvVnmi20kdTAnpMCx4AaABAg",
            "reply_content": "\u8acb\u554f\u9019\u662f\u90a3\u5bb6\u8ced\u5834\u311a \u883b\u65b0\u5947\u7684\u898f\u5b9a\u311f"
        },
        {
            "reply_id": "UgwkyIUwhowpFsMsLyR4AaABAg",
            "reply_content": "\u5a1b\u6a02\u57ce\u6211\u4e5f\u6709\u4e00\u500b\u65b9\u6cd5\u53ef\u4ee5\u6559\u5927\u5bb6\u8cfa\u9322\u5148\u8aaa\u6211\u4e0d\u662f\u4ee3\u7406 \u7248\u81ea\u5df1\u958b\u597d\u6703\u54e1\u53ea\u9650\u4e5d\u5dde\u7684THA Leo\u56e0\u70ba\u6211\u53ea\u7814\u7a76\u9019\u500b\u7248\u800c\u5df2\ud83d\ude02\ud83d\ude02\u6709\u9700\u8981\u5728\u4f86\u554f\u6211\u5427"
        },
        {
            "reply_id": "UgwlIZvWpqblvlGfbtF4AaABAg",
            "reply_content": "\u7f8e\u570b\u7684\u8b66\u5bdf\u597d\u5e25"
        },
        {
            "reply_id": "Ugz_ShtstBXwq5LN1jB4AaABAg",
            "reply_content": "\u8ced\u5834\u90fd\u6709\u4eba\u81c9\u8fa8\u8b58   \u4f60\u61c9\u8a72\u9032\u4e0d\u53bb\u4e86\u624d\u5c0d"
        },
        {
            "reply_id": "UgwRUI9KYqEhcI3CGvh4AaABAg",
            "reply_content": "Bump\u7684\u89c0\u5ff5\u5f88\u8b9a\uff01\u771f\u6b63\u7684\u7167\u9867\u61c9\u8a72\u662f\u8981\u8b93\u88ab\u7167\u9867\u7684\u4eba\u57f9\u990a\u51fa\u7368\u7acb\u53ef\u4ee5\u81ea\u529b\u66f4\u751f\u7684\u80fd\u529b\uff0c\u800c\u4e0d\u662f\u5f88\u591a\u90a3\u7a2e\u53ea\u6703\u55ae\u65b9\u9762\u4ed8\u51fa\u7167\u9867\u5bb6\u4eba\u9020\u6210\u88ab\u7167\u9867\u7684\u4eba\u7522\u751f\u4f9d\u8cf4\u8b8a\u7684\u8edf\u721b\uff08\u53cd\u6b63\u600e\u6a23\u90fd\u6709\u4eba\u6703\u64e6\u5c41\u80a1\uff09\u6700\u5f8c\u81ea\u5df1\u57ae\u4e86\u6c92\u4eba\u7406\u53c8\u88ab\u57cb\u6028\u7684\u6232\u5287\u60c5\u7bc0\ud83e\udee5"
        },
        {
            "reply_id": "UgxiZy0X6hsioMmMHP94AaABAg",
            "reply_content": "\u770b\u5230\u5f8c\u9762\u7a81\u7136\u7206\u54ed\uff0c\u5f88\u611f\u52d5"
        },
        {
            "reply_id": "UgxgNba6Xm3YnNn9NA14AaABAg",
            "reply_content": ""
        },
        {
            "reply_id": "Ugz4tV6mtCGkeuJk2Cp4AaABAg",
            "reply_content": "\u5f88\u611f\u52a8\u4e5f\u2764"
        },
        {
            "reply_id": "UgwcfXhJywlQhwLDkK14AaABAg",
            "reply_content": "\u6557\u91d1\u5973\u4e0d\u80fd\u990a \u4e0d\u80fd\u78b0 \u54ea\u570b\u7684\u5973\u4eba\u90fd\u4e00\u6a23 \u9060\u96e2\u5373\u5e78\u798f"
        },
        {
            "reply_id": "Ugyc_glIBw1PKGaJqhJ4AaABAg",
            "reply_content": "\u5594\u8036"
        },
        {
            "reply_id": "UgwdQoMCKNt_j4FArUh4AaABAg",
            "reply_content": "\u53f0\u6e7e\u8d4c\u535a\u5408\u6cd5\u5417\uff1f"
        },
        {
            "reply_id": "Ugwb82Hv79xaOGJdu_94AaABAg",
            "reply_content": "\u5148\u4e0d\u8aaa\u524d\u9762\u7684\u6559\u5b78\n\u5f8c\u9762\u5c0d\u59ca\u59ca\u6709\u60c5\u6709\u7fa9\u5c31\u63a8\u7206"
        }
    ]
}