{
    "video_info": {
        "id": "cNYaenVVSyY",
        "channelTitle": "\u597d\u68d2Bump",
        "title": "\u591c\u5e02\u53eb\u8ce3\u897f\u74dc\u6c41\uff011\u5c0f\u6642\u72c2\u625360\u676f\uff01\u8b93\u963f\u4f2f\u63d0\u65e9\u4e0b\u73ed\uff01\u3010\u597d\u68d2Bump\u3011\u3010\u591c\u5e02\u934a\u91d1\u8853\u3011",
        "description": "\u90a3\u5929\u6211\u53bb\u5be7\u590f\u591c\u5e02\u8ce3\u897f\u74dc\u6c41\uff0c\n\u6211\u8cfa\u5f97\u4e0d\u662f\u9322\uff0c\u662f\u611b\u3002\n\n#\u591c\u5e02\u64fa\u6524 #\u514d\u8cbb\u8a66\u559d #\u4f46\u662f\u72d7\u8207\u7d19\u888b\u4eba\u8981\u9322\n--------------------------------------------------------- \r\n\u4e0a\u4e00\u90e8\u5f71\u7247 \u6211\u628a3000\u96bb\u5875\u87ce\u6492\u5e8a\u4e0a\uff01\u518d\u6b21\u6253\u81c9\u9178\u6c11\u8ddf\u9ed1\u5fc3\u5546\u4eba\uff01\u3010\u597d\u68d2Bump\u3011https://youtu.be/hDN3f2vOpIA\n\r\n\u8001\u5b50\u7684IG\uff1ahttps://bit.ly/2JqmmIq\r\n\u8001\u5b50\u7684FB\uff1ahttps://bit.ly/2s3pwwb",
        "likeCount": "29309",
        "commentCount": "1629",
        "viewCount": "1149140"
    },
    "comments": [
        {
            "reply_id": "UgxWNVemgAwLiMQV_1J4AaABAg",
            "reply_content": "Bump\u771f\u7684\u662f\u5f88\u771f\u8aa0\u7684\u4eba \n\u5982\u679c\u8eab\u908a\u6709\u9019\u7a2e\u670b\u53cb\u771f\u7684\u662f\u5f88\u5927\u5f88\u5927\u7684\u798f\u6c23"
        },
        {
            "reply_id": "UgxRtxTdrsLXCy4oUtR4AaABAg",
            "reply_content": "\u9019\u8001\u95c6\u600e\u9ebc\u9019\u9ebc\u597d\uff1f\u81ea\u5df1\u90fd\u4e0d\u600e\u9ebc\u597d\u4e86\uff0c\u9084\u7121\u79c1\u7684\u4e00\u76f4\u5e6b\u5fd9\u5f31\u52e2"
        },
        {
            "reply_id": "UgwNapMUtdxVM0D0HmN4AaABAg",
            "reply_content": "\u4e0d\u5bb9\u6613\uff0c\u75ab\u60c5\u7684\u65f6\u5019\u771f\u7684\u592a\u96be\u4e86\uff0c\u4f60\u5f88\u5584\u826f"
        },
        {
            "reply_id": "UgzZEEqG1chzoEUBQot4AaABAg",
            "reply_content": "\u6211\u770b\u5b8c\u52d5\u7269\u5712\u90a3\u4e00\u96c6\u56de\u4f86\u8ffd\u963f\u4f2f\ud83d\ude02\u2764\u2764"
        },
        {
            "reply_id": "Ugy8LxZ8OZnAff9cXXB4AaABAg",
            "reply_content": "\u67ef\u6587\u54f2"
        },
        {
            "reply_id": "UgwdsuuumYQw26LkLr54AaABAg",
            "reply_content": "\u91cd\u60c5\u91cd\u7fa9\u7684\u82f1\u96c4\ud83e\uddb8"
        },
        {
            "reply_id": "Ugw3ObPKIj22Vlv0gAZ4AaABAg",
            "reply_content": "\u770b\u5b8c\u51b0\u68d2\u6a5f\u525b\u525b\u60f3\u9019\u963f\u4f2f\u6c92\u5565\u7279\u6b8a\n \u518d\u56de\u4f86\u770b\u9019\u963f\u4f2f\u539f\u4f86\u80fd\u8b93Bump\u90a3\u9ebc\u6709\u52d5\u529b"
        },
        {
            "reply_id": "UgzeKsun1yhGgPHBgIZ4AaABAg",
            "reply_content": "\u963f\u4f2f\u9084\u5728\u5be7\u590f\u8ce3\u897f\u74dc\u6c41\u55ce\uff1f  \u4eca\u665a\u60f3\u53bb\u559d\uff0c\u4f46\u904e\u4e862\u5e74\u534a\uff0c\u4e0d\u77e5\u9053\u9084\u5728\u4e0d\u5728\uff1f"
        },
        {
            "reply_id": "Ugzil1xDbWNRRVNF95d4AaABAg",
            "reply_content": "\u5176\u5be6\u6211\u89ba\u770b\u4f60\u62cd\u9019\u7a2e\u985e\u578b\u5f71\u7247\uff0c\u4e5f\u883b\u4e0d\u932f\uff0c\u883b\u6709\u8da3\u7b97\u883b\u611f\u52d5"
        },
        {
            "reply_id": "UgyIUcjq9Lj85JLYax54AaABAg",
            "reply_content": "\u633a\u5225\u4eba\u5e6b\u5225\u4eba\u64d4\u4fdd\uff0c\u57fa\u672c\u4e0a\u90fd\u662f\u8b8a\u8ca0\u50b5\u7d2f\u7d2f"
        },
        {
            "reply_id": "UgykFsbhaBrDIQklA-54AaABAg",
            "reply_content": "\u4f46\u5982\u679c\u662f\u6211\uff0c\u6211\u6703\u8aaa\u6211\u5e0c\u671b\u4f60\u7e7c\u7e8c\u62cd\uff0c\u4f46\u662f\u5982\u679c\u4e0d\u60f3\u7e7c\u7e8c\u6703\u5c0a\u91cd\u4f60\u6c7a\u5b9a\u3002\n\n\n\u5176\u5be6\u4ed6\u5011\u53ef\u80fd\u53ea\u662f\u5c0a\u91cd\u4f60\u6c7a\u5b9a\uff0c\u4f46\u6b63\u5e38\u6703\u770b\u4f60\u5f71\u7247\u90fd\u6703\u60f3\u5728\u770b\uff0c\u4f60\u5f71\u7247\u662f\u5e36\u7d66\u5f88\u591a\u4eba\u6b61\u6a02"
        },
        {
            "reply_id": "Ugz75OoY0NeXXU-boW54AaABAg",
            "reply_content": "\u4e0a\u6b21\u8ce3\u70e4\u9999\u8178"
        },
        {
            "reply_id": "UgwPbTz5BOyE0P8E4Ch4AaABAg",
            "reply_content": "\u6c92\u52a0\u7cd6\uff0c\u6c92\u52a0\u6c34\uff0c\u8b9a\uff01\u5065\u5eb7\u53c8\u990a\u751f"
        },
        {
            "reply_id": "UgwbAGRWVhuWeNrCeVJ4AaABAg",
            "reply_content": "\u626f\u6b38"
        },
        {
            "reply_id": "Ugxh6z3thwfuYvzjbqh4AaABAg",
            "reply_content": "\u963f\u5317\u73fe\u5728\u5728\u54ea\u88e1\u8cb7"
        },
        {
            "reply_id": "UgxPdEPmnXswk0amG-h4AaABAg",
            "reply_content": "\u6700\u8fd1\u624d\u770b\u5230\u597d\u68d2bump\uff0c\u5c45\u7136\u505a\u4e86\u9019\u9ebc\u591a\u56de\u994b\u793e\u6703\u793e\u6703\u5927\u773e\u7684\u4e8b\uff0c\u5c24\u5176\u662f\u67ec\u57d4\u5be8\u4e8b\u4ef6\uff0c\u5c45\u7136\u9084\u906d\u5230\u62b9\u9ed1\uff0c\u5728\u6b64\u5148\u4ee3\u8868\u53f0\u7063\u6c11\u773e\u611f\u8b1d\u4f60\uff01\u4e5f\u5e0c\u671b\u5927\u5bb6\u90fd\u8ddf\u597d\u68d2bump\uff0c\u4e00\u6a23\u52aa\u529b\u56de\u994b\u793e\u6703\u3002\u611f\u8b1d\u597d\u68d2bump\u7684\u4ed8\u51fa\uff0c\u6703\u4f7f\u7528\u8a02\u95b1\u53ca\u89c0\u770b\u5f71\u7247\uff0c\u7e7c\u7e8c\u652f\u6301\u4f60\u5011\uff01"
        },
        {
            "reply_id": "UgyP63NFRJImVAmJl_p4AaABAg",
            "reply_content": "\u53f0\u6e7e\u8fd1\u51e0\u5e74\u751f\u610f\u4e5f\u86ee\u96be\u505a\u7684\u3002\u52a0\u6cb9\uff01\u751f\u610f\u5174\u9686\u554a\uff01\u554a\u4f2f"
        },
        {
            "reply_id": "Ugx4gXkS6AfAzKScU-Z4AaABAg",
            "reply_content": "\u771f\u7684\u597d\u68d2\u68d2"
        },
        {
            "reply_id": "UgxYKBc3SMEyGkNktGJ4AaABAg",
            "reply_content": "\u4ed6\u5011\u53ea\u662f\u4e0d\u60f3\u5e72\u6d89\u4f60\u7684\u8a08\u756b\u800c\u5df2\u5427"
        },
        {
            "reply_id": "UgyIDkQb7F5jidrlpIt4AaABAg",
            "reply_content": "\u600e\u9ebc\u6703\u5b78\u72d7\u53eb\u8072\u90a3\u9ebc\u50cf\ud83d\ude02"
        }
    ]
}