{
    "video_info": {
        "id": "Dt3keIeiuBc",
        "channelTitle": "\u597d\u68d2Bump",
        "title": "\u7576\u6211\u6c88\u8ff7\u96fb\u73a9\u904a\u6232\u6642\u7684\u934a\u91d1\u8853\uff01\u4e00\u500b\u6708\u6de8\u8cfa30\u842c\uff01\u3010\u597d\u68d2Bump\u3011",
        "description": "\u8981\u6253\u904a\u6232\u7684\u4f86Nicee\u4e0b\u55ae\u5427~https://reurl.cc/2gybgv\n\u8a18\u5f97\u5148\u4f86\u8a02\u95b1\u6211\u7684\u904a\u6232\u983b\u9053https://youtube.com/channel/UCeBxTHjLUubsdYmqLcFQZrA\n\n\u9019\u4e00\u6b21\u7576\u4e86\u966a\u73a9\u5e2b35\u5929\uff0c\u6211\u50113\u500b\u4eba\u4e0d\u7720\u4e0d\u4f11\u7684\u6253\u5404\u7a2e\u904a\u6232\uff0c\u7e3d\u5171\u6de8\u8cfa\u4e8630\u842c\uff0c\u4f46\u597d\u50cf\u5168\u90e8\u6642\u9593\u62ff\u53bb\u62cd\u5f71\u7247\u7684\u8a71\u6703\u66f4\u8cfa\u9322\u3002\n\n#\u966a\u73a9\u934a\u91d1 #\u723d\u8cfa30\u842c #\u958b\u904a\u6232\u983b\u9053\u56c9\n\n\u6210\u70ba\u9019\u500b\u983b\u9053\u7684\u6703\u54e1\u4e26\u7372\u5f97\u734e\u52f5\uff1a\nhttps://www.youtube.com/channel/UC7XxnhjdYjiQJ3m80K_N_4g/join\n\n--------------------------------------------------------- \r\n\u4e0a\u4e00\u90e8\u5f71\u7247 \u653e\u706b\u88ab\u8a2d\u5c40\u4ed9\u4eba\u8df3\u7684\u771f\u76f8\uff01\u7adf\u662f\u96c6\u5718\u5f0f\u72af\u6848\u4e0d\u6b62\u4e00\u4f8b\uff01\u3010\u597d\u68d2Bump\u3011https://youtu.be/YjOPypL_N2Q\r\n\n\u8001\u5b50\u7684\u6296\u97f3\uff1ahttps://bit.ly/3nbnOQq \r\n\u8001\u5b50\u7684IG\uff1ahttps://bit.ly/2JqmmIq\r\n\u8001\u5b50\u7684FB\uff1ahttps://bit.ly/2s3pwwb",
        "likeCount": "13385",
        "commentCount": "638",
        "viewCount": "1246137"
    },
    "comments": [
        {
            "reply_id": "UgzgQ0nJamvaUkns9ON4AaABAg",
            "reply_content": "\u4e0d\u904e\u9019\u8981\u5148\u6709\u540d\u5427\u2026"
        },
        {
            "reply_id": "UgwDv0MA5DrTHlONZJN4AaABAg",
            "reply_content": "\u90a3\u9019\u6a23\u4e0d\u662f\u5f88\u597d\u55ce"
        },
        {
            "reply_id": "UgzZ_pFakAJMehC4aat4AaABAg",
            "reply_content": "\u539f\u4f86\u9019\u500b\u904a\u6232\u4e5f\u53ef\u4ee5\u8cfa\u9322"
        },
        {
            "reply_id": "UgzX131KUEqYSE0EoUN4AaABAg",
            "reply_content": "\u7b2c\u4e8c\u6b3e\u904a\u6232\u53eb\u4ec0\u9ebc"
        },
        {
            "reply_id": "Ugy_sCj-oTcnVHvoVtt4AaABAg",
            "reply_content": "\u90a3\u500b\u6253\u55aa\u5c4d\u7684\u904a\u6232\u662f\u4ec0\u9ebc\u554a"
        },
        {
            "reply_id": "Ugx973nj3TlAJCrP-_p4AaABAg",
            "reply_content": "\u7d50\u679c\u904a\u6232\u934a\u91d1\u88531\u5e74\u6c92\u66f4\u65b0\u4e86"
        },
        {
            "reply_id": "Ugwcrg1XZjTHZOobp2R4AaABAg",
            "reply_content": "\u6211\u8d85\u611b\u7d50\u5c3e"
        },
        {
            "reply_id": "UgzgmKKtC-mGC3xa7494AaABAg",
            "reply_content": "\u90a3\u500b\u5973\u751f\u662f\u4e0d\u662f\u9945\u982d\u554a"
        },
        {
            "reply_id": "UgyaCDX1m0ZjDkMC_OR4AaABAg",
            "reply_content": ""
        },
        {
            "reply_id": "Ugxmo1_SglIUWF11xrd4AaABAg",
            "reply_content": "\u9945\u982d\u6b38"
        },
        {
            "reply_id": "Ugw7pXYuKV06qsxIBHl4AaABAg",
            "reply_content": "\u52a0\u8dd1\u8dd1\u5361\u4e01\u8eca\u597d\u53cb\u80fd\u55ce\uff1f\u6211\u53eb\u5442\u653f\u7fd4\u674e\u7fd4"
        },
        {
            "reply_id": "UgxHXuxYfAPEsYoSAfh4AaABAg",
            "reply_content": "\u70ba\u4ec0\u9ebc\u9019\u5973\u751f\u7684\u8072\u97f3\u90a3\u9ebc\u8033\u719f\uff1f"
        },
        {
            "reply_id": "Ugx02jFE12tFrvqp6H54AaABAg",
            "reply_content": "\u5c45\u7136\u662f\u9945\u982d"
        },
        {
            "reply_id": "UgwOMuVhDhqCdQP_R4l4AaABAg",
            "reply_content": "\u7a81\u7136\u60f3\u5230 \u904a\u6232\u7149\u91d1\u8853\u9084\u6709\u3107"
        },
        {
            "reply_id": "Ugz0kO575NDwChDwDml4AaABAg",
            "reply_content": "\u6211\u4e00\u958b\u59cb\u4ee5\u70ba\u662f\u54ea\u500b\u59b9\u5b50\u539f\u4f86\u662f\u9945\u982d\ud83d\ude02"
        },
        {
            "reply_id": "UgyhmBiWZf9IXHRcftl4AaABAg",
            "reply_content": "\u904a\u6232\u7149\u91d1\u8853\u52d2\uff1f"
        },
        {
            "reply_id": "UgzawymisNc2zIb4PRR4AaABAg",
            "reply_content": "\u61c9\u8a72\u8aaa\u9019\u500b\u6771\u897f\u6c92\u4e00\u5b9a\u7684\u672c\u4e8b\u505a\u4e0d\u9577\u4e45\uff0c\u4f46\u8a66\u8457\u8cfa\u7b2c\u4e00\u6876\u91d1\u7b97\u662f\u53ef\u4ee5\u6311\u6230"
        },
        {
            "reply_id": "UgxeoLCdC8DQTWrzarB4AaABAg",
            "reply_content": "\u9a19\u5b50"
        },
        {
            "reply_id": "UgyVxSThneOzWXGLpGZ4AaABAg",
            "reply_content": "\u6703\u4fe1\u7684\u667a\u5546\u582a\u6182\uff0c\u6c92\u6709\u77e5\u540d\u5ea6\u7684\u7537\u751f\u53bb\u63a5\u55ae\uff0c\u9664\u975e\u4f60\u7684\u55ae\u50f9\u9ad8\uff0c\u55ae\u53c8\u63a5\u4e0d\u5b8c\uff0c\u4e0d\u7136\u53bb\u9ea5\u7576\u52de\u6253\u5de5\u85aa\u6c34\u9084\u6bd4\u8f03\u9ad8\u3002"
        },
        {
            "reply_id": "UgyAFJ8uYjiyOf6Gsq14AaABAg",
            "reply_content": "\u70ba\u4ec0\u9ebc\u6703\u6709\u5c0f\u9945\u982d"
        }
    ]
}