{
    "video_info": {
        "id": "ee2i1JV29lQ",
        "channelTitle": "\u597d\u68d2Bump",
        "title": "\u6211\u4f86\u5230\u4e86\u8ced\u795e\u5f35\u7d04\u7ff0\u5bb6\uff01\u60f3\u5728\u8ced\u5834\u8d0f\u9322\u4e0d\u80fd\u932f\u904e\u7684\u4e00\u96c6\uff01\u3010\u597d\u68d2Bump\u3011\u3010\u512a\u52e2\u73a9\u5bb6\u3011",
        "description": "\u9019\u4e00\u6b21\u4f86\u5230\u8ced\u795e\u5f35\u7d04\u7ff0\u5bb6\uff0c\u8acb\u6559\u4e86\u8a31\u591a\u89c0\u773e\u6703\u6709\u7684\u7591\u554f\uff0c\u8207\u5176\u8b93\u6211\u4e00\u500b\u5c0f\u83dc\u9ce5\u4f86\u5206\u4eab\uff0c\u4e0d\u5982\u771f\u6b63\u7684\u5927\u5e2b\u4f86\u6559\u5927\u5bb6\u6703\u66f4\u597d\u3002(\u5167\u5bb9\u90fd\u7ffb\u8b6f\u6210\u4e2d\u6587\u4e86)\n\n\u6709\u9700\u8981Surfshark VPN\u670d\u52d9\u7684\u9ede\u9019\u88e1~https://surfshark.deals/BUMPBRO\n\n\u8a18\u5f97\u8981\u8f38\u5165\u6298\u6263\u78bc BUMPBRO\uff0c\u8cfc\u8cb7\u5f8c\u5c31\u53ef\u99ac\u4e0a\u7372\u5f97\u300c1.7\u6298\u300d\u512a\u60e0+\u8d08\u90013\u500b\u6708\u4f7f\u7528\uff01\n\n#\u512a\u52e2\u73a9\u5bb6 #\u7b97\u724c40\u5e74 #\u4ed6\u7684\u4eba\u751f\u6545\u4e8b\u7adf\u88ab\u62cd\u6210\u96fb\u5f71\u6c7a\u52dd21\u9ede\n\n\u6210\u70ba\u9019\u500b\u983b\u9053\u7684\u6703\u54e1\u4e26\u7372\u5f97\u734e\u52f5\uff1a\nhttps://www.youtube.com/channel/UC7XxnhjdYjiQJ3m80K_N_4g/join\n\n--------------------------------------------------------- \n\u4e0a\u4e00\u90e8\u5f71\u7247 \u6211\u7528\u6578\u5b78\u516c\u5f0f\u7834\u89e3\u8ced\u5834\uff01\u73a921\u9ede\u7b97\u724c... \u8d0f\u8d70300\u842c\uff01\u3010\u597d\u68d2Bump\u3011\u3010\u512a\u52e2\u73a9\u5bb6\u3011https://youtu.be/deaAMT211_Q\n\n\u8001\u5b50\u7684IG\uff1ahttps://bit.ly/2JqmmIq\n\u8001\u5b50\u7684FB\uff1ahttps://bit.ly/2s3pwwb",
        "likeCount": "27169",
        "commentCount": "1418",
        "viewCount": "1058570"
    },
    "comments": [
        {
            "reply_id": "UgxqZhsZ-gQysdyxdTt4AaABAg",
            "reply_content": "\u4e3b\u64ad\u6562\u53bb\u6fb3\u95e8\u8d4c\u5417\uff1f\u6562\u53bb\u8d62\u6fb3\u95e8\u8d4c\u573a\u7684\u94b1\u5417\uff1f"
        },
        {
            "reply_id": "UgycCkThsuYsoyCE7jN4AaABAg",
            "reply_content": "\u6211\u60f3\u77e5\u9053\u8d0f\u5230\u7684\u9322\u8981\u600e\u9ebc\u5e36\u56de\u53f0\u7063\uff1f"
        },
        {
            "reply_id": "UgwjaO2V5CMMDVNxwEJ4AaABAg",
            "reply_content": "\u671f\u671b\u503c \u5927\u6578\u6cd5"
        },
        {
            "reply_id": "UgxngvQ2_RFi1dVQH7R4AaABAg",
            "reply_content": "\u5c0d"
        },
        {
            "reply_id": "UgzmmwneXCrqPT0EEsx4AaABAg",
            "reply_content": "\u5e73\u53f0\u56de\u9988\u5927\u653e\u6c34\u4e13\u4e1a\u89c4\u5212\u5e08\u613f\u4e0e\u60a8\u643a\u624b\u5171\u8d62"
        },
        {
            "reply_id": "Ugy8TgrsdjUHgjWsnqh4AaABAg",
            "reply_content": "\u4ee5\u524d20\u5e74\u524d\u5728S\u570b\uff0c\u7d93\u7406\u4e0d\u8b93\u6211\u73a9\u800c\u4e14\u4ed6\u58d3\u529b\u5f88\u5927\u7684\u5c0d\u6211\u8aaa \u8ddf\u6211\u9032\u8fa6\u516c\u5ba4 \u9084\u597d\u6211\u6c92\u53bb..\u4e0d\u71364-5000\u7f8e\u91d1\u7c4c\u78bc\u53ef\u80fd\u771f\u7684\u4e5f\u4e0d\u898b\u4e86\ud83d\ude22\uff08\u6211\u6578\u5b78\u8d85\u7d1a\u5dee\uff0c\u6c92\u6709\u53ca\u683c\u904e\u3002\u4f46\u662f\u6211\u5c0d\u65bc\u9019\u90e8\u5206\u5b8c\u5168\u662f\u5929\u8ce6\uff09\u7576\u7136\u52aa\u529b\u7df4\u7fd2\u5f88\u91cd\u8981\uff0c\u6700\u5f8c\u9084\u662f\u5949\u52f8\u5927\u5bb6\u4e0d\u8981\u4e82\u8ced\u535a \u50b7\u8eab\u50b7\u8ca1\u554a\uff01"
        },
        {
            "reply_id": "UgwjMseDgxMjcx6EwZl4AaABAg",
            "reply_content": "\u5927\u9646\u59b9\u4ea4\u4e0d\u8d77\u5b66\u8d39\uff1f"
        },
        {
            "reply_id": "Ugy7jJhrgVwzQvm2Dbd4AaABAg",
            "reply_content": "\u4fe1\u5ff5\u6cd5\u5219\uff0c\u5438\u5f15\u529b\u6cd5\u5219\u3002"
        },
        {
            "reply_id": "UgyjqtarIEkuo630kUl4AaABAg",
            "reply_content": "\u8bb2\u4e86\u534a\u5929\u90fd\u662f\u6ca1\u7528\u7684\u8bdd\uff0c\u800c\u4e14\u7ed1\u67b6\u662f\u91cd\u7f6a\u5f00\u5934\u5c31\u5728\u9a97\u4eba\uff0121\u70b9\u7b97\u724c20\u5e74\u524d\u5c31\u5df2\u7ecf\u8fc7\u65f6\uff0c\u73b0\u5728\u7684\u5408\u6cd5\u8d4c\u573a\u4f60\u53bb\u8bd5\u4e00\u8bd5\uff1f\n\n\u5f53\u7136\u5408\u6cd5\u8d4c\u573a\u8fd8\u597d\uff0c\u6700\u591a\u5c31\u662f\u6362\u724c\u6216\u8005\u8bf7\u4f60\u4e0b\u684c\uff1b\u5982\u679c\u9047\u4e0a\u90a3\u4e9b\u4e1c\u5357\u4e9a\u4e1c\u6b27\u5357\u7f8e\u7684\u9ed1\u8d4c\u573a\u770b\u4f60\u7b97\u724c\u672f\u9ad8\u8d85\u4e0d\u662f\u8bf7\u6765\u9b3c\u624b\u53d1\u724c\u5458\u4f5c\u5f0a\uff0c\u5c31\u662f\u76f4\u63a5\u628a\u4f60\u67b6\u5230\u5bc6\u5ba4\u91cc\u7528\u9177\u5211\u6765\u903c\u8feb\u4f60\u4ea4\u51fa\u6240\u6709\u76c8\u5229\u3002"
        },
        {
            "reply_id": "UgxMOc1f1dfamcSJdQt4AaABAg",
            "reply_content": "\u611f\u8b1dBump\u62cd\u9019\u5f71\u7247\u70ba\u6211\u5011\u8ced\u5834\u6f0f\u6d1e\u754c\u51fa\u53e3\u6c23\uff0c\u4e0d\u7136\u5f88\u591a\u4eba\u90fd\u4ee5\u70ba\u512a\u52e2\u73a9\u5bb6\u8ddf\u666e\u901a\u8ced\u5f92\u662f\u4e00\u6a23\u7684\u3002"
        },
        {
            "reply_id": "UgyvlaAP0KGC8RxgvqZ4AaABAg",
            "reply_content": "\u6b38\uff0c\u7259\u9f7f\u7f8e\u767d\u4e00\u4e0b\uff0c\u4e0d\u7136\u5bf9\u4e0d\u8d77\u8fd9\u4e48\u597d\u7684\u8282\u76ee\u5566\uff01"
        },
        {
            "reply_id": "UgxQVcIiJmTaBrDDwzR4AaABAg",
            "reply_content": "\u9a6c\u6765\u897f\u4e9a\u4e91\u9876\u5a31\u4e50\u57ce\u514d\u8d39\u8c6a\u534e\u9152\u5e97\u673a\u573a\u63a5\u9001"
        },
        {
            "reply_id": "UgwIaLB-aZnJHCunuKd4AaABAg",
            "reply_content": "\u2764\u2764\u9019\u601d\u7dad\u5f88\u68d2\uff0c\u7d66\u793e\u6703\u5927\u773e\u4e0a\u4e86\u4e00\u8ab2"
        },
        {
            "reply_id": "UgwAzX1oj4JWBHc9S0N4AaABAg",
            "reply_content": "\u6709\u53f0"
        },
        {
            "reply_id": "UgxTxGKtmFc7JPYOXal4AaABAg",
            "reply_content": "\u5b66\u4e60\u4e86\uff0c\u8d85\u6709\u6599"
        },
        {
            "reply_id": "UgwgEyeuwXYFPr9e2_B4AaABAg",
            "reply_content": "\u7d55\u5c0d\u6709\u5e6b\u52a9"
        },
        {
            "reply_id": "UgxiC-lXACG1YXIa5rF4AaABAg",
            "reply_content": "\u9ad8\u624b\u8b1b\u91ce \u6709\u6df1\u5ea6\uff0c\u559c\u6b61\u9ad8\u8cea\u4e3b\u64ad"
        },
        {
            "reply_id": "UgwWj0LZlWky3Q5FpsJ4AaABAg",
            "reply_content": "\u6211\u591a\u5e74\u7684\u7d93\u9a57\u544a\u8a34\u6211....\u8cc7\u91d1\u96c4\u539a\u7684\u73a9\u5bb6\uff0c\u624d\u662f\u6700\u5f8c\u7684\u8d0f\u5bb6"
        },
        {
            "reply_id": "UgzkFTFnmVLud8Z0KON4AaABAg",
            "reply_content": "\u8d85\u68d2"
        },
        {
            "reply_id": "UgzKGyqIUWeVaA9SVRp4AaABAg",
            "reply_content": "\u70ba\u4ec0\u9ebc\u4f60\u5750\u99ac\u6876"
        }
    ]
}