{
    "video_info": {
        "id": "EGT-qdf6jxg",
        "channelTitle": "\u597d\u68d2Bump",
        "title": "\u5168\u7a0b\u5077\u62cd\uff01\u4e0a\u5305\u990a\u7db2\u7d04\u7db2\u7f8e\u51fa\u4f86\uff01\u7a81\u7136\u585e\u9322\u7d66\u5979\uff0c\u5979\u6703\u62ff\u53bb\u5e6b\u52a9\u5225\u4eba\u55ce\uff1f\u3010\u597d\u68d2Bump\u3011",
        "description": "\u985e\u4f3c\u9019\u6a23\u7684\u7db2\u7ad9\uff0c\u5176\u5be6\u4e5f\u96e3\u4ee5\u78ba\u5b9a\u662f\u4e0d\u662f\u7db2\u7f8e\u672c\u4eba\uff0c\u5c31\u7b97\u771f\u7684\u6709\u7db2\u7f8e\u51fa\u4f86\uff0c\u4e5f\u53ef\u80fd\u53ea\u662f\u5c0f\u7de8\u5148\u8ddf\u59b3\u804a\u5929\uff0c\u518d\u627e\u7db2\u7f8e\u8ddf\u59b3\u51fa\u4f86\u5403\u98ef\uff0c\u7e3d\u4e4b\u907f\u514d\u6703\u6709\u5f8c\u7e8c\u554f\u984c\uff0c\u8a2d\u5c40\u4ec0\u9ebc\u7684\uff0c\u7db2\u5740\u6211\u5c31\u4e0d\u653e\u4e86\uff0c\u4e5f\u4e0d\u63a8\u85a6\u4f60\u5011\u4f7f\u7528\u3002\n\n\u4eca\u5929\u4f86\u5be6\u6e2c\u4e00\u4e0b\u5305\u990a\u7db2\u4e0a\u7684\u62dc\u91d1\u7db2\u7f8e\u53c8\u591a\u611b\u9322\n\n#\u62dc\u91d1\u7db2\u7f8e #\u4eba\u6027\u5be6\u6e2c #1000\u584a\u90fd\u4e0d\u6350\u6642\u6211\u5dee\u9ede\u6253\u4eba\n--------------------------------------------------------- \r\n\u4e0a\u4e00\u90e8\u5f71\u7247 \u6709\u59b9\u624d\u6709\u6d41\u91cf\uff1f\u5be6\u6e2c\u8ce4\u8446\u544a\u8a34\u6211\u7684\u767e\u842c\u7955\u8a23\uff01\u3010\u597d\u68d2Bump\u3011https://youtu.be/yx8NFW3pzrk\r\n\r\n\u8001\u5b50\u7684IG\uff1ahttps://bit.ly/2JqmmIq\r\n\u8001\u5b50\u7684FB\uff1ahttps://bit.ly/2s3pwwb",
        "likeCount": "22454",
        "commentCount": "1683",
        "viewCount": "2091139"
    },
    "comments": [
        {
            "reply_id": "Ugyaq30Dz2CCr-QeaWB4AaABAg",
            "reply_content": "\u53ea\u80fd\u8aaa\u2026 \u7537\u4eba\u7d42\u7a76\u5206\u4e0d\u51fa\u54ea\u500b\u5973\u4eba\u662f\u8868\u5b50"
        },
        {
            "reply_id": "Ugw7NuI7YYGh5i9sbXp4AaABAg",
            "reply_content": "\u7121\u804a"
        },
        {
            "reply_id": "UgyTUz5TmdE104rmvKV4AaABAg",
            "reply_content": "\u4eba\u5bb6\u81f3\u5c11\u660e\u767d\u4ea4\u6613\uff0c\u5404\u53d6\u6240\u9700\uff0c\u4e0d\u50cf\u67d0\u4e9b\u8d31\u8d27\uff0c\u660e\u660e\u4e0d\u559c\u6b22\u4f60\uff0c\u8fd8\u5403\u4f60\u7684\uff0c\u82b1\u4f60\u7684\u94b1\uff0c\u5374\u4ec0\u4e48\u90fd\u6ca1\u6709\u4ed8\u51fa"
        },
        {
            "reply_id": "Ugy35yJnoRX_B_VJLrt4AaABAg",
            "reply_content": "\u597d\u7121\u8a9e \u5973\u751f\u505a\u9019\u500b\u80af\u5b9a\u662f\u7f3a\u9322\u624d\u4f86\u554a  \u62ff\u9019\u7a2e\u6771\u897f\u8003\u9a57\u5225\u4eba\u6709\u4ec0\u9ebc\u610f\u7fa9\u5462 \u524d\u9762\u90a3\u4e9b\u90fd\u9084\u884c \u5f8c\u9762\u5403\u5b8c\u98ef\u88dd\u4f5c\u6c92\u9322\u7684\u6a23\u5b50\u771f\u7684\u6709\u5920\u7121\u804a\ud83d\ude05"
        },
        {
            "reply_id": "UgyfAhQh51R1zQdSrnp4AaABAg",
            "reply_content": "\u6211\u505a\u50b3\u64ad \u4e5f\u662f\u90fd\u6703\u56fa\u5b9a\u6350\u6b3e\ud83d\ude0a"
        },
        {
            "reply_id": "UgzXCg9or7ie6Qvvhg14AaABAg",
            "reply_content": "\u771f\u4e0d\u7b26\u5408\u73fe\u5be6\u3002"
        },
        {
            "reply_id": "Ugx9ILLMdwP01Yr7mMJ4AaABAg",
            "reply_content": "\u6c42\u59b9\u5b50\u94fe\u63a5\uff0c\u6211\u4e5f\u8981\u53bb\u6551\u52a9"
        },
        {
            "reply_id": "Ugxe2kI1U-0v-nB08fd4AaABAg",
            "reply_content": "\u6211\u4e5f\u73a9\u904e\u9019\u500b \u57fa\u672c\u4e0a\u90fd\u662f\u62dc\u91d1 \u6211\u7d04\u904e\u4e00\u6b21\u898b\u9762\u8981\u4e00\u842c\u7684 \u5403\u98ef\u53e6\u8a08(\u6307\u5b9a\u9910\u5ef3) \u4e5f\u7d04\u904e\u898b\u97626000\u7684 \u53cd\u6b63\u90fd\u662f\u62dc\u91d1"
        },
        {
            "reply_id": "UgxwFjeqMco6nHHPB694AaABAg",
            "reply_content": "\u4e0d\u9519\uff0c \u8fd9\u5973\u7684\u6709\u804c\u4e1a\u9053\u5fb7"
        },
        {
            "reply_id": "Ugy36P8v1kNwb-3wGa94AaABAg",
            "reply_content": "\u6c92\u6709\u58de\u58de \u4e00\u500b\u4e0b\u5348\u665a\u9910\u8cfa\u4f60\u4e09\u842c \u8667\u721b\u4e86"
        },
        {
            "reply_id": "UgwKdu6kDrklc0n5l0x4AaABAg",
            "reply_content": "\u90a3\u5973\u7684\u77e5\u9053\u4f60\u5728\u62cd\u800c\u5df2"
        },
        {
            "reply_id": "UgymDaxFbbtySf629Mp4AaABAg",
            "reply_content": "\u597d\u7684\u751f\u610f\u4eba\u90fd\u77e5\u9053, \u4e0d\u80fd\u4e00\u6b21\u8cfa\u5b8c\u5ba2\u6236\u7684\u9322, \u624d\u80fd\u9577\u9577\u4e45\u4e45.\n\u7121\u8ad6\u662f\u4e0d\u662f\u6f14\u7684, \u5979\u90fd\u4f9d\u7167\u539f\u672c\u7684\u8aaa\u597d\u7684\u689d\u4ef6\u8cfa\u5230\u9322\u4e86."
        },
        {
            "reply_id": "UgzqtqYATV805Ufw4Kx4AaABAg",
            "reply_content": "\u4eba\u6027\u7ecf\u4e0d\u8d77\u6d4b\u8bd5\uff0c\u66f4\u4f55\u51b5\u4eba\u5bb6\u5c31\u662f\u51fa\u6765\u8d5a\u7684\u3002\u5373\u4f7f\u6d4b\u51fa\u6765\u5979\u8d2a\u5fc3\uff0c\u94b1\u90fd\u7559\u4e0b\uff0c\u53c8\u80fd\u8bf4\u660e\u4ec0\u4e48\u5462\uff1f\n\u5904\u5904\u6316\u5751\uff0c\u53ea\u7b49\u5979\u6389\u8fdb\u9677\u9631\uff0c\u624d\u597d\u4ece\u9053\u5fb7\u5236\u9ad8\u70b9\u6279\u5224\u4e00\u756a\uff0c\u5b9e\u5728\u6ca1\u4ec0\u4e48\u610f\u601d\u3002\n\u8fd9\u5973\u751f\u4e8f\u4e86\uff0c\u5e94\u8be5\u5927\u4e70\u4e00\u628a\u3002\u66ff\u5979\u4e0d\u503c\uff0c\u4e00\u901a\u53d1\u5584\u5fc3\u8fd8\u8981\u88ab\u62ff\u6765\u5f53\u7d20\u6750\u8bf4\u4e09\u9053\u56db\u3002\n\n\u8fd8\u597d\u81f3\u5c11\u6709\u7ed9\u4eba\u5bb6\u6253\u7801\u3002"
        },
        {
            "reply_id": "Ugx2dcEZF-OLwrhP5Fx4AaABAg",
            "reply_content": "\u9084\u662f \u4ed6\u77e5\u9053\u4f60\u662f\u8ab0 \u6545\u610f\u4e0d\u8b1b  \u6839\u64da\u6211\u7684\u5206\u6790 \u5f9e\u6d41\u6d6a\u6f22\u8f49\u5230\u52d5\u7269\u90a3\u908a \u5973\u751f\u8aaa\u8a71\u6709\u9ede\u4e0d\u81ea\u7136  \u56e0\u8a72\u662f\u88dd\u7684  \u53ef\u60dc\u81c9\u90e8\u8868\u60c5\u6c92\u770b\u5230"
        },
        {
            "reply_id": "Ugx2PCPzunjyPiEiysN4AaABAg",
            "reply_content": "\u82e5\u81ea\u5df1\u683c\u8abf\u5148\u51fa\u554f\u984c\uff0c\u602a\u8ab0\uff1f"
        },
        {
            "reply_id": "UgzxfVvE2jntqVhqlw94AaABAg",
            "reply_content": "\u5f53\u5e7408\u5e74\u6c76\u5ddd\u5730\u9707\uff0c\u6df1\u5733\u8001\u767e\u59d3\uff0c\u6211\u6307\u7684\u662f\u6ca1\u6709\u94b1\u90a3\u79cd\u793e\u4f1a\u5e95\u5c42\uff0c\u6309\u6469\u9662\u7684\u6280\u5e08\uff0c\u8ddf\u591c\u603b\u4f1a\u7684\u635e\u59b9\uff0c\u6350\u6b3e\u6350\u51fa\u4e86\u4e00\u4e2a\u5927\u5bb6\u90fd\u4e0d\u6562\u76f8\u4fe1\u7684\u6570\u5b57\uff0c\u4eba\u7c7b\u5185\u5fc3\u5f88\u590d\u6742\uff0c\u5973\u4eba\u7684\u5fc3\u5c31\u66f4\u52a0\u7684\u590d\u6742\uff0c\u635e\u59b9\u7684\u5fc3\u5c31\u66f4\u66f4\u66f4\u52a0\u7684\u590d\u6742\uff0c\u51fa\u6765\u5356\u4e0d\u4ee3\u8868\u5979\u5fc3\u5730\u4e0d\u5584\u826f\uff0c\u771f\u7684\u662f\u8fd9\u4e2a\u6837\u5b50\u3002"
        },
        {
            "reply_id": "UgwrQEPJ-wVWTJD-38B4AaABAg",
            "reply_content": "\u6240\u4ee5\u6709\u6ca1\u6709\u6b63\u4e8b"
        },
        {
            "reply_id": "Ugy2M8IBP-PWSY7f2VZ4AaABAg",
            "reply_content": "\u611b\u9322\u8ddf\u6709\u611b\u5fc3\u662f\u4e0d\u885d\u7a81\u7684\uff01"
        },
        {
            "reply_id": "UgyGPjgdoDqjnQ6rgJ14AaABAg",
            "reply_content": "\u5e97\u54e1\u90fd\u770b\u51fa\u662f\u4f60\uff0c\u5979\u5728\u65c1\u908a\u6703\u6c92\u6709\u8b66\u89ba\uff1f\u53c8\u4e0d\u662f\u50bb\u7684\u3002\u6350\u51fa\u53bb\u4e5f\u7121\u6240\u8b02\uff0c\u53c8\u4e0d\u662f\u82b1\u81ea\u5df1\u7684\u9322\u600e\u9ebc\u6703\u5fc3\u75db\u5462\uff1f"
        },
        {
            "reply_id": "UgwermY0W2yjFXr2gYN4AaABAg",
            "reply_content": "\u559d\u71d5\u9ea5\u6703\u9577\u982d\u9aee\uff0c\u6709\u5fc5\u8981\u4eba\u8eab\u653b\u64ca\u55ce? \n\u7b2c\u4e00\u773c\u53ea\u770b\u5230\u5225\u4eba\u7684\u7f3a\u9ede \u9019\u7a2e\u4eba\u9084\u80fd\u8a55\u50f9\u5225\u4eba\u55ce?"
        }
    ]
}