{
    "video_info": {
        "id": "gO7Juaddc0o",
        "channelTitle": "\u597d\u68d2Bump",
        "title": "\u5b9c\u862d\u7684\u975e\u6cd5\u6c11\u5bbf\u7adf\u67094000\u9593\uff01\u4e00\u5806\u5929\u9f8d\u4eba\u5728\u6d17\u570b\u5bb6\u7684\u9322\uff01\u3010\u597d\u68d2Bump\u3011",
        "description": "\u9019\u4e00\u6b21\u4f86\u5e36\u5927\u5bb6\u770b\u770b\u5b9c\u862d\u7684\u9ed1\u5fc3\u6c11\u5bbf\u7a76\u7adf\u6709\u591a\u53ef\u60e1\uff1f\n\u6b3a\u8ca0\u623f\u5ba2\u3001\u4e0d\u5408\u7406\u76e3\u63a7\u3001\u6d17\u570b\u5bb6\u7684\u9322\u3002\n\u9019\u4e9b\u5929\u9f8d\u4eba\u771f\u7684\u662f\u5929\u4e0d\u6015\u5730\u4e0d\u6015\u3002\n\n#\u8e22\u7206\u9ed1\u5fc3\u6c11\u5bbf #\u6557\u58de\u5b9c\u862d\u89c0\u5149 #\u6d17\u570b\u5bb6\u7684\u9322\n--------------------------------------------------------- \n\u4e0a\u4e00\u90e8\u5f71\u7247 \u5fc3\u60c5\u5dee\u5230\u7206\uff01\u6012\u5237\u4e3b\u64ad20\u842c\uff01\u770b\u5979\u80fd\u4e0d\u80fd\u8b93\u6211\u723d\u4e00\u9ede\uff01\u3010\u597d\u68d2Bump\u3011\u3010\u966a\u804a\u934a\u91d1\u8853\u3011https://youtu.be/roGnu7b-L8Q\n\n\u8001\u5b50\u7684IG\uff1ahttps://bit.ly/2JqmmIq\n\u8001\u5b50\u7684FB\uff1ahttps://bit.ly/2s3pwwb",
        "likeCount": "15352",
        "commentCount": "608",
        "viewCount": "893134"
    },
    "comments": [
        {
            "reply_id": "UgxXdvWO1Yj1xI9V13t4AaABAg",
            "reply_content": "\u6703\u4e0d\u6703\u771f\u6709\u4eba\u4ee5\u70ba\u6211\u8981\u6d17\u9322\uff1f"
        },
        {
            "reply_id": "UgyKYUsafkIknOV2ndB4AaABAg",
            "reply_content": "9:31\u9019\u4e00\u6bb5\u5982\u679c\u540d\u5b57\u8b1b\u51fa\u4f86\u7684\u8a71\u9019\u90e8\u7247\u61c9\u8a72\u6703\u5343\u842c\u89c0\u770b"
        },
        {
            "reply_id": "Ugxy3Dlw_107bKOCtyF4AaABAg",
            "reply_content": "\u6240\u4ee5\u5230\u5e95\u662f\u54ea\u4e00\u9593\uff1f"
        },
        {
            "reply_id": "UgxcP9j1jA3kuI1Z2Dl4AaABAg",
            "reply_content": "\u6211\u5feb\u8981\u7b11\u5230\u65b7\u6c23\ud83d\ude02"
        },
        {
            "reply_id": "UgzqQ3VHh9U3uSyXguN4AaABAg",
            "reply_content": "\u770b\u5230\u90a3\u500b\u8981\u7e8c\u97f3\u6a02\u7684500\u90a3\u500b\u81c9\u8d85\u597d\u7b11\u6b38"
        },
        {
            "reply_id": "UgzFBPzpdAlQjJuexTN4AaABAg",
            "reply_content": "\u6211\u662f\u7aae\u9b3c"
        },
        {
            "reply_id": "UgwubEIK_rcOG0xUJc94AaABAg",
            "reply_content": "\u4e00\u999650\u5143\u6211\u771f\u7684\u7b11\u4e86"
        },
        {
            "reply_id": "UgylDELBCjF780r4GNV4AaABAg",
            "reply_content": "\u70ba\u4ec0\u9ebc\u653f\u5e9c\u82b1\u90a3\u9ebc\u591a\u516c\u5e11\u4f86\u990a\u5b9c\u862d\uff1f\uff1f"
        },
        {
            "reply_id": "Ugx1PxQzdvqEkoGXyw54AaABAg",
            "reply_content": "\u6709\u6c92\u6709\u898b\u904e\uff0c\u5403\u559c\u9152\uff0c\u83dc\u4e00\u4e0a\u684c\u5c31\u62ff\u51fa\u888b\u5b50\u8981\u6253\u5305\u7684\u4eba\u3002\u621156\u6b72\u4e86\uff0c\u53ea\u898b\u904e\u4e00\u6b21\uff0c\u5c31\u5728\u5b9c\u862d\u3002"
        },
        {
            "reply_id": "UgyYrL1F4FfSFfepaXF4AaABAg",
            "reply_content": "\u6211\u662f\u534a\u500b\u5b9c\u862d\u4eba\uff0c\u6bcf\u6b21\u5abd\u5abd\u56de\u5a18\u5bb6\uff0c\u89ba\u5f97\u5b9c\u862d\u4eba\u90fd\u662f\u9019\u500b\u6a23\u5152\uff01\u8b1b\u7684\u90fd\u53ea\u662f\u5341\u5206\u4e4b\u4e00\u800c\u5df2\u3002"
        },
        {
            "reply_id": "UgzMoqqP5zFzqjhh9t94AaABAg",
            "reply_content": "\u93e1\u982d\u88ab\u4f60\u4e00\u62cd\u5c31\u5931\u53bb\u5c0d\u7126\u4e86\u5566"
        },
        {
            "reply_id": "Ugy46txgxfHB7XGrz3F4AaABAg",
            "reply_content": "\u60f3\u77e5\u9053\u90a3\u4e00\u9593\u6c11\u5bbf\u7684\u540d\u5b57!!"
        },
        {
            "reply_id": "UgzQa9w8CNXnoHtoDHJ4AaABAg",
            "reply_content": "\u6211\u662f\u77e5\u9053\u6709\u82b1\u84ee\u65c5\u9928\u6d17\u4eba\u982d A \u570b\u65c5\u8cbb, \u6211\u540c\u4e8b\u7684\u89aa\u621a\u5728\u67d0\u5bb6\u82b1\u84ee\u65c5\u9928\u5de5\u4f5c\uff0c\u5e7e\u4e4e\u6bcf\u5e74\u6691\u5047\u671f\u9593, \u6211\u540c\u4e8b\u5c31\u6703\u5e6b\u4ed6\u89aa\u621a\u62c9\u4eba\u982d\uff0c\u7576\u4eba\u982d\u7684\u53ef\u4ee5\u62ff500\u5143, \u6211\u8aaa\u4e0d\u7528\u8b1d\u8b1d\u3002\u7562\u7adf\u6211\u5728\u5927\u516c\u53f8\u5de5\u4f5c\u4e14\u53c8\u727d\u626f\u5230\u8ca1\u52d9\u5be9\u6838\uff0c\u6240\u4ee5\u5f88\u6015\u7576\u4efb\u4f55\u7684\u4eba\u982d..."
        },
        {
            "reply_id": "UgytLHRdn7uelirMPQd4AaABAg",
            "reply_content": "6:42\u6709\u868a\u5b50\n\u5c4b\u4e3b\u4e0d\u8b93\u5ba2\u4eba\u958b\u7a97\u958b\u9580\n\u9019\u9ede\u53ef\u4ee5\u7406\u89e3\n\u5176\u4ed6\u90fd\u5f88\u6d6e\u8a87\n\u54ea\u6709\u9019\u4e5f\u4e0d\u80fd\u7528\u3001\u90a3\u4e5f\u4e0d\u80fd\u7528\n\u90a3\u5ba2\u4eba\u4ed8\u5e7e\u842c\u584a\u4ed8\u8f9b\u9178\u7684\u54e6\uff1f\n\n\u53ea\u7528\u4f60\u6c34\u96fb\n\u4f60\u4e5f\u53ea\u9700\u8981\u6e05\u6f54\u800c\u5df2\n\u9019\u4e5f\u4e0d\u884c\u90a3\u4e5f\u4e0d\u884c\n\u6839\u672c\u5c31\u662f\u61f6\u5f97\u6574\u7406\u800c\u5df2"
        },
        {
            "reply_id": "UgwV8qXJYHKjEtDtRrl4AaABAg",
            "reply_content": "\u611f\u89ba\u4f60\u90fd\u628a\u7b11\u5834\u526a\u6389\u4e86 \u4e00\u5b9a\u5f88\u597d\u7b11"
        },
        {
            "reply_id": "Ugyi1m-wh4omVtoAepd4AaABAg",
            "reply_content": "\u8e22\u7206\u771f\u76f8\u3001\u60a8\u7684\u5f71\u7247\u771f\u597d\u770b"
        },
        {
            "reply_id": "UgzRMcgDqPVmiLO_oZJ4AaABAg",
            "reply_content": "\u4f60\u600e\u9ebc\u53ef\u4ee5\u597d\u7b11\u6210\u9019\u6a23\ud83d\ude02"
        },
        {
            "reply_id": "UgwHe2jZpjwGrlhpjVB4AaABAg",
            "reply_content": "\u554a~\u8b93\u6211\u60f3\u5230\uff08\u4f60\u5403\u6771\u897f\u90a3\u9ebc\u6162\u662f\u5e79\u751a\u9ebc\u7684\uff01\uff09"
        },
        {
            "reply_id": "UgxQM9vHqume-rmwHfl4AaABAg",
            "reply_content": "\u5b9c\u862d\u662f\u6211\u7b2c\u4e8c\u500b\u6545\u9109\uff0c\u5728\u90a3\u88cf\u505a\u4e86\u597d\u5e7e\u5e74\u7684\u98ef\u5e97\u696d\uff0c\u9644\u8fd1\u7684\u4eba\u90fd\u5f88\u68d2\uff01\u5c24\u5176\u662f\u982d\u57ce\u4e00\u5e36\uff0c\u78ba\u5b9a\u662f\u5b9c\u862d\u7576\u5730\u4eba\u958b\u7684\u55ce\uff1f\u8a72\u4e0d\u6703\u662f\u67ec\u57d4\u5be8\u4f86\u7684\u5427\uff01"
        },
        {
            "reply_id": "UgysUfKV_nctyOHwLXx4AaABAg",
            "reply_content": "\u54c8..\u4e4b\u524d\u807d\u670b\u53cb\u8aaa \u5ba2\u4eba\u534a\u591c\u716e\u6ce1\u9eb5 \u7d50\u679c\u7761\u8457\u4e86 \u628a\u6574\u500b\u5eda\u623f\u90fd\u71d2\u4e86 \u9130\u5c45\u767c\u73fe\u623f\u5b50\u5192\u7159\u624d\u5831\u6d88\u9632\u4f86\u6ec5\u706b \u7834\u9580\u4e86 \u5ba2\u4eba\u9084\u7761\u5230\u4e0d\u7701\u4eba\u4e8b"
        }
    ]
}