{
    "video_info": {
        "id": "GOz9M02MlC4",
        "channelTitle": "\u597d\u68d2Bump",
        "title": "\u9053\u6b49\u8072\u660e",
        "description": "",
        "likeCount": "10735",
        "commentCount": "954",
        "viewCount": "683656"
    },
    "comments": [
        {
            "reply_id": "Ugy5VmyepJ1t74nuY2l4AaABAg",
            "reply_content": "\u6f14\u7b97\u6cd5\u5e36\u6211\u4f86\u770b\u9019\u90e8\u5f71\u7247"
        },
        {
            "reply_id": "UgzvxAQqbg2KrkFTWwh4AaABAg",
            "reply_content": "\u51f8"
        },
        {
            "reply_id": "UgxhGiBz3L0BX5atxut4AaABAg",
            "reply_content": "\u6f14\u7b97\u6cd5\u7c3d"
        },
        {
            "reply_id": "Ugykbq3refn-Eiq6RFd4AaABAg",
            "reply_content": "\u4e0d\u662f\u5728\u99ac\u6876\u4e0a\u62cd \u9019\u9053\u6b49\u6c92\u8aa0\u610f"
        },
        {
            "reply_id": "Ugw7Ijs_IlXHibyr3ch4AaABAg",
            "reply_content": "\u4ec0\u9ebc\u6f14\u7b97\u6cd5"
        },
        {
            "reply_id": "Ugy7IwiMNP_c8K9zqwZ4AaABAg",
            "reply_content": "\u8981\u8b8a\u7684\u66f4\u6210\u719f\u554a\uff01"
        },
        {
            "reply_id": "Ugz9P_MV9IJpUupjuoN4AaABAg",
            "reply_content": "\u6211\u88ab\u6f14\u7b97\u6cd5\u5e36\u56de\u4f86\u4e86"
        },
        {
            "reply_id": "Ugzj2sVaLQkn8-0MBOx4AaABAg",
            "reply_content": "\u795e\u5947\u6f14\u7b97\u6cd5\u5e36\u6211\u56de\u4f86\u4e86"
        },
        {
            "reply_id": "UgzOXUASKu5a8ZiF_sV4AaABAg",
            "reply_content": "\u795e\u79d8\u7684\u6f14\u7b97\u6cd5"
        },
        {
            "reply_id": "UgyZg8rsd-vjDsxbVLh4AaABAg",
            "reply_content": "\u6f14\u7b97\u6cd5\u628a\u6211\u5e36\u904e\u4f86"
        },
        {
            "reply_id": "Ugx_aFXoSE_ri0jJ-up4AaABAg",
            "reply_content": "\u6f14\u7b97\u6cd5\u60f3\u600e\u6a23"
        },
        {
            "reply_id": "Ugyk5JVrbka-EXaa4pZ4AaABAg",
            "reply_content": "\u6c92\u4e8b\u5566 \u53ea\u662f\u4e0d\u5c0f\u5fc3\u7684 \u4ee5\u5f8c\u8981\u8b1b\u53ea\u9700\u8981\u7d93\u904e\u5927\u8166\u601d\u8003\u597d\u518d\u8aaa \u597d\u55ce\uff1f"
        },
        {
            "reply_id": "UgwFbXEBI1YhA3Wmit94AaABAg",
            "reply_content": "\u5c31\u9019\u9ebc\u77ed\uff1f"
        },
        {
            "reply_id": "UgxXmxa3CSr5Ts-hHLJ4AaABAg",
            "reply_content": "\u9053\u6b49\u7df4\u91d1\u6578(\u6c92"
        },
        {
            "reply_id": "UgzWDUxPArVoFvCFlL14AaABAg",
            "reply_content": "\u807d\u4e0d\u61c2"
        },
        {
            "reply_id": "Ugxa6K8EJfJCKro5XHV4AaABAg",
            "reply_content": "\u88ab\u544a\u624d\u9053\u6b49"
        },
        {
            "reply_id": "UgxtsjkKAFPtaYk89ON4AaABAg",
            "reply_content": "\u9019\u5634\u901f \u6211\u89ba\u5f97\u53ef\u4ee5"
        },
        {
            "reply_id": "UgxHsGlwe_yrZw-3uVd4AaABAg",
            "reply_content": "\u81f3\u5c11\u6709\u7528\u904e\u4e86"
        },
        {
            "reply_id": "UgwkUA1d70VJOW57sRF4AaABAg",
            "reply_content": "\u96e2\u5a5a\u4e86\uff1f \u54ed\u554a \u6211\u4e00\u9663\u5b50\u6c92\u770b\u4e86 \u767c\u751f\u4ec0\u9ebc\u4e8b"
        },
        {
            "reply_id": "UgySjPzsgWIzJYVBTDp4AaABAg",
            "reply_content": "\u6562\u4f5c\u6562\u7576 \u96d6\u7136\u4f60\u7684\u5f71\u7247\u6211\u4e0d\u662f\u5168\u90e8\u90fd\u559c\u6b61"
        }
    ]
}