{
    "video_info": {
        "id": "hDN3f2vOpIA",
        "channelTitle": "\u597d\u68d2Bump",
        "title": "\u6211\u628a3000\u96bb\u5875\u87ce\u6492\u5e8a\u4e0a\uff01\u518d\u6b21\u6253\u81c9\u9178\u6c11\u8ddf\u9ed1\u5fc3\u5546\u4eba\uff01\u3010\u597d\u68d2Bump\u3011",
        "description": "\u4e0a\u4e00\u6b21\u5927\u5bb6\u63d0\u5230\u8a31\u591a\u5875\u87ce\u7684\u554f\u984c\n\u6211\u7528\u9019\u652f\u5f71\u7247\u5168\u90e8\u505a\u4e00\u6b21\u56de\u61c9\uff01\n\n#3000\u96bb\u5875\u87ce #\u5728\u6c34\u4e2d\u6e38\u6cf3 #\u53ef\u4ee5\u518d\u7e7c\u7e8c\u63b0\u6c92\u95dc\u4fc2\n--------------------------------------------------------- \r\n\u4e0a\u4e00\u90e8\u5f71\u7247 \u6211\u7528\u4ea4\u53cb\u7d04\u59b9\uff01\u5230\u5979\u5bb6\u5e8a\u4e0a\u505a\u904b\u52d5\uff01\u3010\u597d\u68d2Bump\u3011\r\nhttps://youtu.be/y4vY5LKf31I\n\r\n\u8001\u5b50\u7684IG\uff1ahttps://bit.ly/2JqmmIq\r\n\u8001\u5b50\u7684FB\uff1ahttps://bit.ly/2s3pwwb",
        "likeCount": "30156",
        "commentCount": "2342",
        "viewCount": "910857"
    },
    "comments": [
        {
            "reply_id": "Ugxhubq3nBMRQ-GH38V4AaABAg",
            "reply_content": "\u9019\u6642\u9593\u4e0a\u7247\u5c31\u662f\u8981\u4f60\u71ac\u591c\u5566\uff01\uff01\uff01"
        },
        {
            "reply_id": "Ugxul925hNR_vSdic3V4AaABAg",
            "reply_content": "\u5317\u6975\u718a\u5a03\u5a03\u90fd\u6c92\u6d17\u8b8a\u7070\u7684\u4e00\u5b9a\u6709\u5875\u87ce"
        },
        {
            "reply_id": "Ugz_YKULHtZxY-sUl4h4AaABAg",
            "reply_content": "\u6211\u5bb6\u5317\u6975\u718a\u8d85\u9ad2\u4e00\u5b9a\u6709\u5875\u87ce"
        },
        {
            "reply_id": "UgxVU5o45I0DPc12p7B4AaABAg",
            "reply_content": "\u8981\u4f86\u6211\u5bb6\u5438\u5875\u87ce\u55ce\uff1f"
        },
        {
            "reply_id": "UgzDBGke_cyF73GVLQx4AaABAg",
            "reply_content": "\u5e0c\u671b\u4f60\u53ef\u4ee5\u8e22\u7206\u6027\u9a37\u6027\u4fb5\u7591\u96f2\u3001\u8070\u660e\u5982\u4f60\u61c9\u8a72\u53ef\u4ee5\u64ec\u5b9a\u51fa\u6210\u529f\u5e6b\u52a9\u53d7\u5bb3\u8005\u8209\u8b49\u8490\u8b49\u7684\u8fa6\u6cd5\uff01"
        },
        {
            "reply_id": "Ugxrv3NIjiI35piAa3N4AaABAg",
            "reply_content": "\u904e\u4e86\u5169\u5e74\u591a \u96d6\u7136\u7576\u6642\u7b2c\u4e00\u6642\u9593\u5c31\u6709\u770b\u5230\u5f71\u7247 \u4e5f\u4e86\u89e3\u5230\u4e86\u9019\u5176\u4e2d\u7684\u72c0\u6cc1\n\u53ef\u662f\u5982\u4eca\u5982\u679c\u53bb\u641c\u5c0b\u7cfb\u7d71\u641c\u5c0b\u9084\u662f\u4e00\u6a23 \u5404\u7a2e\u7684\u5bb6\u4e2d\u6709\u5e7e\u5343\u842c\u96bb\n\u8e22\u7206\u985e\u5df2\u7d93\u6c89\u5230\u5f88\u4e0b\u9762\u53bb\u4e86 \u4e00\u822c\u4eba\u8981\u662f\u6c92\u6709\u8a8d\u771f\u53bb\u67e5\u5176\u5be6\u6839\u672c\u9084\u662f\u4e0d\u6703\u77e5\u9053\u4e8b\u60c5\u7684\u771f\u76f8\n\u5047\u65b0\u805e\u7684\u5f71\u97ff\u5c31\u662f\u5982\u6b64\u56b4\u91cd \u5373\u4fbf\u7576\u6642\u9020\u6210\u4e0d\u5c0f\u7684\u8a0e\u8ad6 \u5982\u4eca\u5e02\u9762\u4e0a\u4e3b\u6253\u9664\u87ce\u7684\u5546\u54c1\u9084\u662f\u6bd4\u6bd4\u7686\u662f\n\u53f0\u8a5e\u4f9d\u820a\u662f\u5927\u5bb6\u7684\u5e8a\u4e0a\u90fd\u662f\u5e7e\u842c\u7684\u5875\u87ce \u53ea\u80fd\u8aaa\u53ea\u8981\u727d\u626f\u4e0a\u5229\u76ca\u57fa\u672c\u4e00\u822c\u6c11\u773e\u9084\u662f\u5f88\u7121\u529b \n\u9084\u662f\u5f88\u611f\u8b1d\u4f60\u9858\u610f\u505a\u6b64\u985e\u7684\u6e2c\u8a66 \u96d6\u7136\u9084\u662f\u6c92\u8fa6\u6cd5\u64ca\u57ae\u8ca1\u5718 \u4f46\u4e5f\u662f\u8b93\u90e8\u5206\u4eba\u4e86\u89e3\u4e86\u771f\u76f8"
        },
        {
            "reply_id": "Ugw6yd9RleFwFavJK654AaABAg",
            "reply_content": "\u4ec0\u9ebc\u6642\u5019\u8981\u4e0a\u65b0\u7247 \u820a\u7247\u53cd\u8986\u770b\u4e86\u4e94\u6b21"
        },
        {
            "reply_id": "UgxHKtDWngASsUPd0It4AaABAg",
            "reply_content": "\u6211\u4e4b\u524d\u78b0\u904e\u9694\u58c1\u5be6\u9a57\u5ba4\u5728\u990a\u5875\u87a8\u505a\u5be6\u9a57\u7684\u7814\u7a76\u751f\u5c31\u8aaa\u904e\uff0c\u904e\u654f\u7684\u9020\u6210\u4e0d\u662f\u5875\u87a8\u672c\u4eba\u800c\u662f\u5875\u87a8\u7684\u6392\u6cc4\u7269\uff0c\u5065\u5eb7\u7684\u5875\u87a8\u6293\u529b\u5f88\u5f37\u5927\u5982\u679c\u4ed6\u6293\u4f4f\u67d0\u500b\u7e96\u7dad\u6839\u672c\u4e0d\u6703\u88ab\u5438\u51fa\u4f86\u6216\u62cd\u51fa\u4f86"
        },
        {
            "reply_id": "UgzKwGbmMl4WrvRtmeJ4AaABAg",
            "reply_content": "\u904e\u654f\u4eba\u7684\u6211\u8868\u793a: \u662f\u5875\u87ce\u5403\u98fd\u5f8c\u8eab\u9ad4\u6703\u7206\u70b8\uff0c\u88e1\u9762\u7684\u6392\u6cc4\u7269\u8ddf\u5c4d\u9ad4\u624d\u662f\u9020\u6210\u904e\u654f\u4e3b\u539f\u56e0\uff0c\u4e0d\u5426\u8a8d\u90a3\u4e9b\u5438\u5875\u87ce\u6a5f\u53ef\u4ee5\u5438\u5c4d\u9ad4\u6392\u6cc4\u7269\u3002"
        },
        {
            "reply_id": "Ugx2OLTsJoH7FiUycQ14AaABAg",
            "reply_content": "\u8b1d\u8b1d\u4f60\u70ba\u793e\u6703\u7684\u8ca2\u737b\uff0c\u770b\u4e86\u5f88\u591a\u4f60\u7684\u5f71\u7247\uff0c\u771f\u7684\u5f88\u96e3\u5f97\u4e00\u898b\u7684YT\u6563\u4f48\u6b63\u80fd\u91cf"
        },
        {
            "reply_id": "UgyJMAouX46JW4tKPdp4AaABAg",
            "reply_content": "\u6211\u6bd4\u8f03\u5728\u4e4e\u868a\u5b50\u80fd\u4e0d\u80fd\u5438\u5149"
        },
        {
            "reply_id": "UgxYqqCKJz8QuZ6GHbB4AaABAg",
            "reply_content": "\u5c0d\u4f60\u4e94\u9ad4\u6295\u5730 \u611f\u8b1d\u8e22\u7206 \u53f0\u7063\u5a92\u9ad4\u771f\u7684\u5783\u573e \u4ec0\u9ebc\u6771\u897f\u90fd\u53ef\u4ee5\u70ba\u4e86\u6536\u8996\u800c\u5831\u5c0e \u5230\u73fe\u57282023\u5e74\u9084\u662f\u4e00\u6a23 \u53ef\u4ee5\u8aaa\u662f\u7121\u6cd5\u53ef\u7ba1"
        },
        {
            "reply_id": "UgwC9XK-HMvFNMi6_5t4AaABAg",
            "reply_content": "\u6050\u61fc\u884c\u92b7"
        },
        {
            "reply_id": "Ugzs0ii86ghkJrmhwY54AaABAg",
            "reply_content": "\u8def\u904e\u767c\u73fe\u9019\u9ebc\u68d2\u7684\u983b\u9053\u592a\u9ad8\u8208\u4e86!!"
        },
        {
            "reply_id": "UgzfUrz-6YaL-wqChX14AaABAg",
            "reply_content": "\u4e0d\u7528\u9019\u9ebc\u5feb\u770b\u91ab\u751f\uff0c\u5148\u7528\u6c34\u8ddf\u6c90\u6d74\u9732\u6d17\u4e00\u4e0b\uff0c\u5982\u679c\u9084\u6709\u554f\u984c\u624d\u53bb\u770b\u91ab\u751f\u3002"
        },
        {
            "reply_id": "UgzsQusEBa7FWzQHkAh4AaABAg",
            "reply_content": "\u5176\u5be6\u5875\u87ce\u9019\u7a2e\u6771\u897f\u5c0d\u65bc\u90a3\u7a2e\u9ad4\u8cea\u4e0d\u597d\u7684\u6709\u5f88\u5927\u7684\u5a01\u8105 \u6bcf\u500b\u4eba\u9ad4\u8cea\u4e0d\u4e00\u6a23 \n\u6709\u4e9b\u4eba\u904e\u654f\u6703\u8d77\u75b9\u5b50\u6216\u76ae\u819a\u766c\uff08\u4e0d\u77e5\u9053\u4e0a\u7db2\u67e5 \u61a8\u5152\uff09 \u6240\u4ee5\u4f60\u5404\u4f4d\u5b9a\u671f\u6e05\u7406\u5e8a&\u68c9\u88ab\u6216\u5e8a\u55ae"
        },
        {
            "reply_id": "UgzcUXjD1E0detwsAL54AaABAg",
            "reply_content": "\u8f9b\u82e6\u4e86"
        },
        {
            "reply_id": "UgwRUV6q0tnpt1muVb54AaABAg",
            "reply_content": "\u90a3\u947d\u9032\u53bb\u800c\u6210\u9577\u70ba\u6210\u87f2\u7684\u600e\u9ebc\u8fa6"
        },
        {
            "reply_id": "UgwGp3C5PToTqV609ot4AaABAg",
            "reply_content": "\u6211\u89ba\u5f97\u6bd4\u8f03\u5c4c\u7684\u662f  \u70ba\u4ec0\u9ebc\u624b\u6a5f\u53ef\u4ee5\u88dd\u5fae\u8ddd\u93e1\u982d \u6253\u7834\u6211\u7684\u8a8d\u77e5"
        },
        {
            "reply_id": "UgzNQye8Y-Dftyr3VoJ4AaABAg",
            "reply_content": "\u4f60\u8aaa\u8a71\u7684\u6642\u5019\u6211\u4e00\u76f4\u770b\u5e8a\u588a\u4e0a\u90a3\u5806\u571f...\u5875\u87a8\u4e0d\u6703\u5728\u4ed6\u5bb6\u7e41\u6b96\u55ce@@?"
        }
    ]
}