{
    "video_info": {
        "id": "HNC-F9MfrII",
        "channelTitle": "\u597d\u68d2Bump",
        "title": "\u5927\u99ac\u7db2\u53cb\u6b20\u4e0b50\u842c\u8ced\u50b5\uff01\u5bb6\u4eba\u906d\u5230\u6050\u5687\uff01\u8acb\u6211\u5e6b\u5fd9\u8655\u7406\uff01\u3010\u597d\u68d2Bump\u3011",
        "description": "\u6bcf\u5929\u7684IG\u90fd\u6703\u6536\u5230\u975e\u5e38\u591a\u9019\u7a2e\u79c1\u8a0a\uff0c\u771f\u662f\u9047\u5230\u4e86\u4e0d\u5e6b\u5fd9\u53c8\u89ba\u5f97\u4f60\u5011\u5f88\u53ef\u6190\uff0c\u5e6b\u4e86\u7d66\u6211\u6d88\u5931\u53c8\u5f88\u53ef\u60e1\uff0c\u771f\u7684\u5f88\u5169\u96e3\ud83d\ude13\n\n#\u7db2\u53cb\u6c42\u6551 #\u8ced\u9322\u6b20\u50b5 #\u5225\u518d\u505a\u767c\u8ca1\u5922\u4e86\n--------------------------------------------------------- \r\n\u4e0a\u4e00\u90e8\u5f71\u7247\u628a\u7db2\u7d05\u7684\u6c57\u63d0\u7149\u51fa\u9e7d\u5df4\uff01\u653e\u5230\u7db2\u4e0a\u7af6\u6a19\u62cd\u8ce3\uff01\u3010\u597d\u68d2Bump\u3011\u3010\u6c57\u6c34\u934a\u91d1\u8853\u3011https://youtu.be/4MDIl4e6a40\n\r\n\u8001\u5b50\u7684IG\uff1ahttps://bit.ly/2JqmmIq\r\n\u8001\u5b50\u7684FB\uff1ahttps://bit.ly/2s3pwwb",
        "likeCount": "26847",
        "commentCount": "2211",
        "viewCount": "1529613"
    },
    "comments": [
        {
            "reply_id": "Ugwd8_ASM43A2Uc-Vip4AaABAg",
            "reply_content": "\u53c8\u4e0d\u662f\u5c0f\u670b\u53cb\u4e86 \u9084\u8981\u9a37\u64fe\u7684\u65b9\u5f0f"
        },
        {
            "reply_id": "UgyPqrpCMm_jDQOKhTl4AaABAg",
            "reply_content": "\u6b3d\u4f69\u4f60\u7238"
        },
        {
            "reply_id": "Ugw7od3OXVEkPAqYXHJ4AaABAg",
            "reply_content": "\u4ed6\u61c9\u8a72\u662f\u8a50\u9a19\u96c6\u5718  \u4e0d\u662f\u60f3\u8981\u4f60\u627e\u4eba\u5e6b\u5fd9  \u662f\u60f3\u8981\u4f60\u7576\u4ed6\u7684\u50b5\u4e3b \u9a19\u4f6050\u842c  \u6240\u4ee5\u958b\u982d\u624d\u4e00\u76f4\u8981\u4f60\u4e0d\u8981\u627e\u4eba,\u662f\u8981\u4f60\u7d66\u9322\u5e6b\u4ed6"
        },
        {
            "reply_id": "UgyzSk2rcnEOY4PKtP94AaABAg",
            "reply_content": "\u6709\u6c92\u6709\u4e00\u7a2e\u53ef\u80fd\u4eba\u5df2\u7d93\u88ab\u7d81\u4e86"
        },
        {
            "reply_id": "UgxXG8oHJ_hFDonhgRF4AaABAg",
            "reply_content": "\u53f0\u6e7eyt\u6700\u7231\u7684\u5c31\u662f\u4f60"
        },
        {
            "reply_id": "Ugzb5oRsDjPaIOMSTLd4AaABAg",
            "reply_content": "\u6240\u4ee5\u4e0d\u8981\u8d4c\u535a\u662f\u6700\u597d"
        },
        {
            "reply_id": "UgwevWIwmBVgn7pQcAN4AaABAg",
            "reply_content": "\u88ab\u6050\u8d6b\u7684\u90a3\u4f4d\u53e3\u97f3\u542c\u8d77\u6765\u4e0d\u50cf\u9a6c\u6765\u897f\u4e9a\u4eba\ud83d\ude05"
        },
        {
            "reply_id": "UgxBykXtWnImM25juZh4AaABAg",
            "reply_content": "\u6211\u89c9\u5f97Ricky\u662f\u4ee5\u4e3a\u4f60\u4f1a\u5e2e\u5979\u8fd8\u90a3\u7b14\u94b1\uff0c\u6240\u4ee5\u624d\u627e\u4f60\uff0c\u7136\u540e\u624d\u77e5\u9053\u662f\u4f60\u6559\u4f60\u7684\u4eba\u8109\u5173\u7cfb\u6765\u5e2e\u5979\u6865\u8fd9\u4ef6\u4e8b\u60c5\u548c\u4e0d\u662f\u5e2e\u5979\u8fd8\u94b1\uff0c\u6240\u4ee5\u4ed6\u5c31\u6d88\u5931\u4e86\uff0c\u6211\u611f\u89c9\u5230Ricky#\u662f\u4e2a\u8bc8\u9a97\u96c6\u56e2\u53f7\u7ed9\u4f60\u7684\u8eab\u4efd\u8bc1\uff0c\u53ef\u80fd\u662f\u4ed6\u9a97\u4eba\u7684\u53d7\u5bb3\u8005\u8eab\u4efd\u8bc1\u4e0d\u662f\u4ed6\u672c\u4eba"
        },
        {
            "reply_id": "UgxBWVS8x4kXstZH72l4AaABAg",
            "reply_content": "\u6211\u4e5f\u662f\u53d1\u751f\u8fd9\u6837\u7684\u4e8b\u3002\u662f\u6709\u70b9\u4e0d\u4e00\u6837\u53ef\u662f\u6211\u4e5f\u662f\u53d7\u5bb3\u8005\u3002\u6211\u5728\u65b0\u52a0\u5761\u6211\u60f3\u662f\u4e0d\u80fd\u5e2e\u5230\u6211\u3002"
        },
        {
            "reply_id": "Ugw2QiVbSdO5FVnGiWB4AaABAg",
            "reply_content": "\u7528\u4eba\u5bb6\u7684\u5584\u826f\u9a19\u4eba\u5bb6\u771f\u7684\u5f88\u904e\u5206\u4e5f\u6d6a\u8cbbbump\u7684\u6642\u9593\uff0c\u5f71\u7247\u975e\u5e38\u6709\u6559\u80b2\u610f\u7fa9\uff0c\u86cb\u5854\u771f\u7684\u5f88\u6709\u7fa9\u6c23\uff0c\u4e5f\u4fdd\u4f4f\u96de\u96de\u4e86\uff0c\ud83d\ude02\ud83d\ude02\uff0c\u771f\u662f\u597d\u7b11\u53c8\u597d\u6c23\u7684\u4e00\u96c6\u554a"
        },
        {
            "reply_id": "Ugyjht6c3b_TiZ5qviR4AaABAg",
            "reply_content": "\u500b\u4eba\u9020\u696d\u4e0d\u503c\u5f97\u540c\u60c5 \u9084\u60f3\u7528\u8ced\u535a\u4f86\u9084\u8ced\u50b5 \u9019\u7a2e\u4eba\u6703\u6539\u624d\u6709\u9b3c \u5e6b\u9019\u6b21\u4ee5\u5f8c\u9084\u662f\u6703\u6709\u4e0b\u6b21 \u9072\u65e9\u9084\u662f\u628a\u5bb6\u4eba\u7d66\u53c8\u5bb3\u9032\u53bb \n\u9084\u6709\u9019\u4eba\u8aaa\u7684\u4e00\u807d\u5c31\u662f\u9b3c\u626f \u6700\u597d\u99ac\u4f86\u897f\u4e9e\u662f\u9019\u6a23\u6c92\u6cd5\u6cbb \u6211\u7684\u5927\u99ac\u7db2\u53cb\u807d\u4e86\u89ba\u5f97\u5f88\u4e1f\u81c9 \u570b\u5bb6\u51fa\u9019\u7a2e\u597d\u8ced\u597d\u9a19\u7684\u5783\u573e\u9084\u8dd1\u4f86\u9a19\u53f0\u7063\u4eba"
        },
        {
            "reply_id": "UgxwztobUcebr5_Iasd4AaABAg",
            "reply_content": "\u54ed\u54ed\u60f3\u8ced\u535a\u624d\u767c\u73fe\u53e3\u888b\u6c92\u6709\u9322"
        },
        {
            "reply_id": "UgyCBBaCh-i6hz3EEyx4AaABAg",
            "reply_content": "\u6211\u76f8\u4fe1\u59b3\u4f60\u5f88\u597d\n\u771f\u7684\u6c92\u8a71\u8b1b\n\u6d41\u91cf\u5927\u662f\u4f60\u61c9\u8a72\u5f97\u7684\n\u6211\u770b\u5230\u7b2c\u4e8c\u90e8\u5c31\u76f4\u63a5\u8a02\u95b1\u4e86"
        },
        {
            "reply_id": "UgzPyeVir4wjEaot9MV4AaABAg",
            "reply_content": "\u5176\u5b9e\u86ee\u591a\u7684\u5927\u8033\u7abf\u6b20\u94b1\u7684\u90fd\u662f\u627e\u8bae\u5458\u5e2e\u52a9\u7684"
        },
        {
            "reply_id": "Ugx1cT4-joH3T7uVTlN4AaABAg",
            "reply_content": "\u6211\u60f3\u554f\u771f\u7684\u6bba\u904e\u4eba\u55ce\ud83e\udd23"
        },
        {
            "reply_id": "UgwfrcjzbpDJJzzwGKN4AaABAg",
            "reply_content": "\u5176\u5be6\u9019\u9322\uff0c\u4ed6\u5148\u5230\u9280\u884c\u501f\u4e86\uff0c\u9084\u7d66\u9ed1\u5e6b\uff0c\u518d\u6162\u6162\u9084\u7d66\u9280\u884c\u4e0d\u5c31\u884c\u4e86\uff1f\u9280\u884c\u6c92\u90a3\u9ebd\u51f6\u5427\uff0c\u540c\u4e00\u5929\u8dd1\u5169\u4e09\u5bb6\u884c\uff0c\u61c9\u8a43\u53ef\u4ee5\u501f\u5f97\u5920\uff0c\u9664\u975e\u4ed6\u5df2\u7d93\u9003\u4e86\u5f88\u591a\u9280\u884c\u7684\u9322\uff0c\u90a3\u5c31\u4e0d\u53ea\u662f\uff15\uff10\u842c\u4e86"
        },
        {
            "reply_id": "Ugxyljl-PnX_jXnOt0p4AaABAg",
            "reply_content": "bump\u771f\u7684\u597d\u5584\u826f \u88ab\u9a19\u904e\u9019\u9ebc\u591a\u6b21 \u9084\u662f\u9858\u610f\u5e6b\u52a9\u5176\u4ed6\u4eba \n\u5f71\u7247\u7684\u5e79\u8a71\u771f\u7684\u8d85\u597d\u7b11 \u6bcf\u53e5\u8a71\u90fd\u5728\u6211\u610f\u6599\u4e4b\u5916"
        },
        {
            "reply_id": "UgzJOna4UK9rdjRQU9B4AaABAg",
            "reply_content": "\u864e\u7236\u7121\u72ac\u5b50\u3002"
        },
        {
            "reply_id": "UgxfGhDT8mhmLh9ksb14AaABAg",
            "reply_content": "\u86cb\u5854\u597d\u597d\u7b11"
        },
        {
            "reply_id": "Ugw4M-yKVOI5ESMZTvF4AaABAg",
            "reply_content": "\u5176\u5b9e\u9a6c\u6765\u897f\u4e9a\u6ca1\u90a3\u4e48\u9ed1\u6697\u5566\uff0c\u8fd8\u73a9\u6bd2\u3002\u3002"
        }
    ]
}