{
    "video_info": {
        "id": "HVJoD1O11AY",
        "channelTitle": "\u597d\u68d2Bump",
        "title": "\u627e\u4e00\u7fa489\u5f1f\u5144\u8a2d\u5c40\u4ed9\u4eba\u8df3\uff01\u60e1\u6574\u611b\u4e82\u7d04\u8dd1\u7684\u670b\u53cb\uff01\u3010\u597d\u68d2Bump\u3011",
        "description": "\u96d6\u7136\u9019\u53ea\u662f\u6211\u7684\u4e00\u500b\u73a9\u7b11\uff0c\u4f46\u5e0c\u671b\u5927\u5bb6\u80fd\u770b\u5f97\u51fa\u4f86\uff0c\u7db2\u8def\u4ea4\u53cb\u7684\u5371\u96aa\u5728\u54ea\uff0c\u9019\u4e16\u754c\u5230\u8655\u90fd\u662f\u5c0d\u4f60\u6709\u6240\u5716\u7684\u4eba\uff0c\u5982\u679c\u4e0d\u61c2\u5f97\u4fdd\u8b77\u81ea\u5df1\uff0c\u9072\u65e9\u6703\u53d7\u5230\u5927\u50b7\u5bb3\u3002\n\n#\u60e1\u6574\u670b\u53cb #\u8a2d\u5c40\u4ed9\u4eba\u8df3 #\u9019\u771f\u7684\u6703\u8b93\u6211\u7b11\u597d\u5e7e\u5e74\n--------------------------------------------------------- \n\u4e0a\u4e00\u90e8\u5f71\u7247 \u77e5\u540d\u7db2\u7d05\u7528NFT\u9a19\u7c89\u7d72\u7684\u9322\uff01\u4e8b\u5f8c\u4e00\u53e5\u300c\u6211\u4e5f\u53d7\u50b7\u5f88\u91cd\u300d\u5c31\u60f3\u514d\u8cac\uff01\uff1f\u5641\u5fc3\u81f3\u6975\u3010\u597d\u68d2Bump\u3011 https://youtu.be/8s2Ri2nGlZs\n\n\u8001\u5b50\u7684IG\uff1ahttps://bit.ly/2JqmmIq\n\u8001\u5b50\u7684FB\uff1ahttps://bit.ly/2s3pwwb",
        "likeCount": "25972",
        "commentCount": "1395",
        "viewCount": "1233275"
    },
    "comments": [
        {
            "reply_id": "UgzmYn2NWVgXOE2N0vF4AaABAg",
            "reply_content": "\u96d6\u7136\u9019\u53ea\u662f\u6211\u5c0d\u967d\u7684\u4e00\u500b\u73a9\u7b11\uff0c\u4f46\u5e0c\u671b\u5927\u5bb6\u80fd\u770b\u5f97\u51fa\u4f86\uff0c\u7db2\u8def\u4ea4\u53cb\u7684\u5371\u96aa\u5728\u54ea\uff0c\u9019\u4e16\u754c\u5230\u8655\u90fd\u662f\u5c0d\u4f60\u6709\u6240\u5716\u7684\u4eba\uff0c\u5982\u679c\u4e0d\u61c2\u5f97\u4fdd\u8b77\u81ea\u5df1\uff0c\u9072\u65e9\u6703\u53d7\u5230\u5927\u50b7\u5bb3\u3002"
        },
        {
            "reply_id": "Ugxs5nkQlxm6A8alSKR4AaABAg",
            "reply_content": "\u6240\u4ee5\u53e3\u7f69\u59b9\u59b9\u662f\u8ab0.."
        },
        {
            "reply_id": "UgyKp8KI7Mmnq42GDOZ4AaABAg",
            "reply_content": "\u771f\u7684\u662f\u597d\u5144\u5f1f\ud83d\ude0a"
        },
        {
            "reply_id": "UgzL7DlD1wTP0eVtEil4AaABAg",
            "reply_content": "\u8208\u596e\u9084\u662f\u6027\u596e"
        },
        {
            "reply_id": "Ugz36JIYX54d67uFIKl4AaABAg",
            "reply_content": "\u4e0d\u8981\u5728\u98ef\u5e97\u623f\u9593\u62bd\u7159\u5427"
        },
        {
            "reply_id": "UgxokIeQ84mgJ6Qy70Z4AaABAg",
            "reply_content": "\u5b6b\u751f\u4e5f\u9700\u8981\u88ab\u62ef\u6551   \u5343\u4eba\u65ac\u5927\u54e5\u8036\n\u9084\u6709\u76f4\u63a5\u5728\u623f\u9593\u62bd\u83f8 \u4e5f\u592a\u5165\u6232\u4e86"
        },
        {
            "reply_id": "Ugx8pzz3XMlAOiWfkYN4AaABAg",
            "reply_content": "\u53f0\u6e7e\u5973\u751f\u597d\u68d2"
        },
        {
            "reply_id": "UgzdU4LHY3cdiIu4HJ54AaABAg",
            "reply_content": "\u963f\u73fe\u5728\u6709\u8b8a\u7db2\u7d05\u4e86\u55ce\uff1f"
        },
        {
            "reply_id": "UgwNo8zlgxp6etqlyzt4AaABAg",
            "reply_content": "\u6211\u4e5f\u89ba\u5f97\u8d8a\u6709\u540d\u6c23\u7684\u4eba\u61c9\u8a72\u8981\u8d8a\u6709\u9632\u5099\u5fc3\n\u4f46\u6700\u8fd1\u7684metoo\u4e8b\u4ef6\u8b93\u6211\u89ba\u5f97 \u5f88\u4e0d\u5408\u7406\n\u90a3\u4e9b\u64c1\u6709\u540d\u5229\u7684\u4eba \u96a8\u4fbf\u4e82\u7d04 \u7121\u5957\u4e2d\u51fa"
        },
        {
            "reply_id": "UgxRibEWuulhDzwibrN4AaABAg",
            "reply_content": "\u53e4\u60d1\u4ed4"
        },
        {
            "reply_id": "Ugy0ZbSpnJSNE-OrvUV4AaABAg",
            "reply_content": "\u5982\u679c\u6c92\u6709\u6f14\uff0c4\u592913\u500b\u22ef\u9019\u4ed6\u5abd\u662f\u500b\u4eba\u624d\u5427\uff0c\u51fa\u500b\u7dda\u4e0a\u8ab2\u7a0b\u9084\u4e0d\u8cfa\u721b"
        },
        {
            "reply_id": "Ugwyytv3DJ-I8j2DZ754AaABAg",
            "reply_content": "\u597d\u4eba"
        },
        {
            "reply_id": "Ugz_Rfbbvjfc8hEjpuV4AaABAg",
            "reply_content": "\u770b\u5c01\u9762\u9084\u4ee5\u70ba\u662f\u86c7\u4e38"
        },
        {
            "reply_id": "Ugx4jxdmFG9L7woRE-N4AaABAg",
            "reply_content": "\u4ed6\u597d\u50cf\u8000\u6a02"
        },
        {
            "reply_id": "Ugz-ZHg6_Zl6KXV2Jwx4AaABAg",
            "reply_content": "\u597d\u5144\u5f1f"
        },
        {
            "reply_id": "UgwPKBgeNa4QPZi2qTB4AaABAg",
            "reply_content": "\u6240\u4ee5\u4ed6\u73fe\u5728\u9084\u7d04\u55ce\ud83d\ude02"
        },
        {
            "reply_id": "Ugy6s8UDeDn52Fxp6Rx4AaABAg",
            "reply_content": "\u592a\u5feb\u9032\u53bb\u4e86\u5566\u5927\u54e5\u90fd\u5165\u6232\u4e86\u9084\u60f3\u770b\u66f4\u591a\u7684\u8aaa\ud83d\ude22"
        },
        {
            "reply_id": "UgxX6FIlPNMVAD0CV3N4AaABAg",
            "reply_content": "\u6240\u4ee5\u6211\u90fd\u6709\u8ddf\u6211\u6709\u670b\u53cb\u7d04\u597d\uff0c\u6211\u4e00\u8b1b\u6697\u865f\u6216\u662f\u591a\u4e45\u4e4b\u5167\u6c92\u6709\u56de\u6253\u96fb\u8a71\u5c31\u5e6b\u6211\u5831\u8b66\ud83d\ude02\ud83d\ude02\ud83d\ude02"
        },
        {
            "reply_id": "UgzOQc--JRGJPTTiAsR4AaABAg",
            "reply_content": "\u6211\u624d\u4e0d\u6703\u52d2"
        },
        {
            "reply_id": "UgxgWQ-SqP34r3DrAuV4AaABAg",
            "reply_content": "\u4e00\u500b\u91cd\u8272\uff0c\u4e00\u500b\u91cd\u9322\uff0c\u7b11\u6b7b"
        }
    ]
}