{
    "video_info": {
        "id": "ILoPu0MDzQ4",
        "channelTitle": "\u597d\u68d2Bump",
        "title": "\u8b1d\u8b1d\u5927\u5bb6\uff01\u4e0a\u5343\u4eba\u585e\u7206\u591c\u5e02\uff01\u9999\u8178\u65241\u5929\u6de8\u8cfa\u6578\u842c\u5143\uff01\u3010\u597d\u68d2Bump\u3011",
        "description": "5/9\u865f\u611f\u8b1d\u9019\u9ebc\u591a\u4eba\u5230\u5834\u652f\u6301\uff0c\u5728\u75ab\u60c5\u8da8\u7de9\u4e4b\u524d\u8acb\u5927\u5bb6\u4e0d\u7528\u518d\u524d\u5f80\u591c\u5e02\u4e86\uff0c\u6211\u6703\u60f3\u9ede\u5176\u4ed6\u8fa6\u6cd5\u5e6b\u963f\u4f2f\u7684\u3002\n\n#\u5343\u4eba\u5230\u5834 #\u611f\u8b1d\u5927\u5bb6 #\u5237\u5ee3\u544a\u6d17\u9322\u56c9\n--------------------------------------------------------- \r\n\u4e0a\u4e00\u90e8\u5f71\u7247\u5e6b\u591c\u5e02\u963f\u4f2f\u8ce3\u9999\u8178\u9084\u4e00\u4efd\u60c5\uff01\u7576\u521d\u662f\u4f60\u9f13\u52f5\u6211\uff0c\u73fe\u5728\u63db\u6211\u56de\u4f86\u5e6b\u4f60\uff01\u3010\u597d\u68d2Bump\u3011https://youtu.be/Xv1AK1NdNmI\r\n\r\n\u8001\u5b50\u7684IG\uff1ahttps://bit.ly/2JqmmIq\r\n\u8001\u5b50\u7684FB\uff1ahttps://bit.ly/2s3pwwb",
        "likeCount": "27044",
        "commentCount": "1156",
        "viewCount": "838694"
    },
    "comments": [
        {
            "reply_id": "UgxYAcklHUvZ_kFNj5R4AaABAg",
            "reply_content": "\u8d8a\u662f\u9019\u6a23\u7684\u6642\u523b\uff0c\u6211\u5011\u8d8a\u8981\u651c\u624b\u9762\u5c0d\uff01\ud83d\ude42"
        },
        {
            "reply_id": "Ugy5bEr73QSxmPLu9aZ4AaABAg",
            "reply_content": "\u6211\u8a18\u5f97\u963f\u5317\u4e5f\u6709\u51fa\u73fe\u5728\u5426\u897f\u9952\u6cb3\u591c\u5e02\u90a3\u5f71\u7247"
        },
        {
            "reply_id": "UgyFwcrO0TdbMOnKXTx4AaABAg",
            "reply_content": "\u6524\u4f4d\u9084\u5728\u55ce"
        },
        {
            "reply_id": "UgztDvBylvBDtnLhsSh4AaABAg",
            "reply_content": "\u8acb\u554f\u4f60\u5011\u7684\u9999\u8178(\u6211\u4e5f\u662f\u505a\u751f\u610f\u7684\u6279\u767c\u50f9\u591a\u5c11\u9322\u5462"
        },
        {
            "reply_id": "UgwAWwEIOaNnobPCOhp4AaABAg",
            "reply_content": "\u60f3\u60f3\u771f\u7684\u6211\u4eec\u4e00\u8def\u8d70\u6765\uff0c\u9762\u5bf9\u75ab\u60c5\u6211\u4eec\u6bcf\u4e2a\u4eba\u90fd\u4f1a\u6709\u4e0d\u540c\u7684\u611f\u53d7\u548c\u9700\u8981\u627f\u53d7\u7684\u4e8b\u60c5\uff0c\u611f\u8c22\u4f60\u7684\u9633\u5149\u548c\u7231\u5fc3\u53bb\u5e2e\u52a9\u522b\u4eba"
        },
        {
            "reply_id": "UgzB5OJfopLs1Feq8th4AaABAg",
            "reply_content": "\u770b\u5b8c\u51b0\u68d2 \u5728\u56de\u4f86\u770b!"
        },
        {
            "reply_id": "Ugz9SwHa2X_ZISP2h3t4AaABAg",
            "reply_content": "\u7a81\u7136\u597d\u60f3\u5403\u9999\u8178"
        },
        {
            "reply_id": "Ugxgu3RabHaFsWmjZoV4AaABAg",
            "reply_content": "\u96f6\u590f\u591c\u5e02"
        },
        {
            "reply_id": "UgzaO8wUfn01dG8J0tJ4AaABAg",
            "reply_content": "\u4f60\u73fe\u5728\u9084\u6709\u5728\u5e6b\u52a9\u4ed6\u55ce\uff1f"
        },
        {
            "reply_id": "UgyFCke7AKwP8YwHkRx4AaABAg",
            "reply_content": "\u8b9a"
        },
        {
            "reply_id": "Ugwq4A78QvbkgksLUxF4AaABAg",
            "reply_content": "\u54c8\u54c8\u54c8\u54c8\u54c8\u54c8\u54c8"
        },
        {
            "reply_id": "UgxDHqX3lu6GzZ7O4qp4AaABAg",
            "reply_content": "\u7121\u60c5\u7684\u4e16\u754c\uff01\u4f60\u5e36\u7d66\u4eba\u6eab\u6696\uff01\u8d85\u68d2\uff01\u52a0\u6cb9"
        },
        {
            "reply_id": "UgzLD5F2KNcoEmsczSJ4AaABAg",
            "reply_content": "\u4ee5\u70ba\u53ea\u662f\u4e00\u500b\u760b\u5c0f\u5b69\uff0c\u60f3\u4e0d\u5230\u6b63\u80fd\u91cf\u5e36\u5230\u6211\u5fc3\u88e1\u4e86\uff0c\u611f\u8b1d\uff0c\u52a0\u6cb9\ud83d\udcaa"
        },
        {
            "reply_id": "UgxnCu_WOZgoLcGoKut4AaABAg",
            "reply_content": "BUMP \u4f60\u771f\u7684\u5f88\u68d2\u8036\uff0c\u6211\u662f\u6700\u8fd1\u5728\u770b\u67ec\u57d4\u5be8\u4e8b\u4ef6\u7684\u65b0\u805e\u770b\u5230\u4f60\u7684\u5f71\u7247\uff0c\u770b\u5b8c\u5f8c\u5c31\u99ac\u4e0a\u8a02\u95b1\u4f60\uff0c\u5728\u770b\u4e86\u4f60\u66f4\u591a\u7684\u5f71\u7247\u5f8c\u4e5f\u8981\u6211\u8eab\u908a\u7684\u4eba\u4e00\u8d77\u8a02\u95b1\u4f60\uff0c\u539f\u56e0\u662f\u5c31\u50cf\u9999\u8178\u963f\u5317\u8aaa\u7684\uff0c\u4f60\u80fd\u5e36\u7d66\u5f88\u591a\u4eba\u6b63\u9762\u7684\u5f71\u97ff\uff0c\u4f60\u7684\u52c7\u6562\uff0c\u5805\u6301\uff0c\u771f\u5fc3\uff0c\u9084\u6709\u62cd\u7247\u53ef\u611b\u7684\u7121\u5398\u982d\u7684\u90fd\u8b93\u4eba\u611f\u5230\u7279\u5225\u7684\u4e0d\u4e00\u6a23\uff0c\u7576\u7136\u9084\u6709\u4e00\u9846\u5f88\u7279\u5225\u4e0d\u540c\u65bc\u4e00\u822c\u4eba\u7684\u91d1\u982d\u8166\uff0c\u62cd\u7247\u7279\u5225\u6709\u5275\u610f\uff0c\u6211\u60f3\u6211\u5927\u6982\u5f88\u96e3\u9003\u812b\u4f60\u7684\u9b54\u638c\u4e86\uff0c\u6211\u6703\u4e00\u76f4\u95dc\u6ce8\u4f60\uff0c\u770b\u4f60\u7684\u5f71\u7247\uff0c\u6210\u70ba\u4f60\u7684\u9435\u7c89\uff0c\u652f\u6301\u4f60\u5594\ud83d\ude0a"
        },
        {
            "reply_id": "Ugwf4btiSUO65ukrfGd4AaABAg",
            "reply_content": "\u963f\u4f2f\u9047\u5230\u4f60\u4e0d\u662f\u4ed6\u7684\u8fd0\u6c14\u800c\u662f\u4ed6\u7684\u5584\u826f "
        },
        {
            "reply_id": "UgwGtGmCQG_xWD9tIQx4AaABAg",
            "reply_content": "\u6bcf\u6b21\u5931\u53bb\u52c7\u6c23\u7684\u6642\u5019\u6211\u90fd\u6703\u518d\u6253\u958b\u9019\u7247"
        },
        {
            "reply_id": "UgzAMEy1wi2oRlxBnZl4AaABAg",
            "reply_content": "\u9019\u9ebc\u5e74\u8f15\u53eb\u963f\u4f2f\ud83e\udd23"
        },
        {
            "reply_id": "UgwUwakKPwpUrxhcTKZ4AaABAg",
            "reply_content": "\u56e0\u70ba\u67ec\u666e\u5be8\u4e8b\u4ef6\u77e5\u9053\u4f60\uff0c\u771f\u7684\u5f88\u68d2\ud83d\udc4d\u5e0c\u671b\u53f0\u7063\u80fd\u8d8a\u4f86\u8d8a\u597d\u22ef\u22ef\u8b1d\u8b1d\u4f60"
        },
        {
            "reply_id": "Ugw0r-JEiqV4gAPECIF4AaABAg",
            "reply_content": "\u6211\u770b\u5b8cbump\u5f71\u7247\u99ac\u4e0a\u8dd1\u53bb\u5be7\u590f\u591c\u5e02\u627e\uff0c\u767c\u73fe\u5df2\u7d93\u963f\u4f2f\u6c92\u5728\u8ce3\u4e86\uff0c\u4e0d\u77e5\u9053\u642c\u5230\u54ea\u88e1\u4e86"
        },
        {
            "reply_id": "UgzX50j7Y2bm8e5eVbd4AaABAg",
            "reply_content": ""
        }
    ]
}