{
    "video_info": {
        "id": "lEWMMMhzBOQ",
        "channelTitle": "\u597d\u68d2Bump",
        "title": "\u51b7\u8840\u7121\u60c5\u6642\u7684\u934a\u91d1\u8853\uff01\u628a\u54e1\u5de5\u9ad8\u50f9\u8ce3\u6389\uff01\u3010\u597d\u68d2Bump\u3011",
        "description": "\u70ba\u4e86\u5927\u5bb6\u7684\u672a\u4f86\u524d\u666f\uff01\n\u6211\u53ea\u597d\u72e0\u5fc3\u8ce3\u6389\u5927\u5bb6\u4e86\uff01\n\u7d55\u5c0d\u4e0d\u662f\u70ba\u9322\u7684\uff01\u7d55\u5c0d\u4e0d\u53ef\u80fd\u2026.\u5427\uff1f\n\n#\u5730\u7344\u8a13\u7df4 #\u91d1\u9322\u81f3\u4e0a #\u771f\u7684\u4e0d\u662f\u4f60\u5011\u60f3\u7684\u90a3\u6a23\n\n--------------------------------------------------------- \r\n\u4e0a\u4e00\u90e8\u5f71\u7247\u54c1\u5fb7\u6975\u5dee\uff01\u5077\u62cd\u7db2\u7d05\u79c1\u4e0b\u751f\u6d3b\u7d66\u5927\u5bb6\u770b\u2026.\uff01\u3010\u597d\u68d2Bump\u3011https://youtu.be/Sn66u9DXUnI\r\n\r\n\u8001\u5b50\u7684IG\uff1ahttps://bit.ly/2JqmmIq\r\n\u8001\u5b50\u7684FB\uff1ahttps://bit.ly/2s3pwwb",
        "likeCount": "15667",
        "commentCount": "1171",
        "viewCount": "812314"
    },
    "comments": [
        {
            "reply_id": "UgwDtSqJxL6H0TWY6Ax4AaABAg",
            "reply_content": "\u6240\u4ee5\u771f\u7684\u8ce3\u6389\u4e86?"
        },
        {
            "reply_id": "Ugy0ETt7skeXeXK1AUd4AaABAg",
            "reply_content": "\u53ef\u60e1\u81f3\u6975"
        },
        {
            "reply_id": "UgzR-pyHz8au_Tz922B4AaABAg",
            "reply_content": "\u6211\u770b\u5b8c\u54ed\u7684\u5f88\n\u6158"
        },
        {
            "reply_id": "UgwqSD48MLH2x3yJhEh4AaABAg",
            "reply_content": "\u60f3\u77e5\u9053\u90a3\u4f4d\u88ab\u8cb7\u65b7\u7684\u73fe\u5728\u904e\u5f97\u600e\u9ebc\u6a23\u4e86"
        },
        {
            "reply_id": "UgzwHEUmnKnJzW0VbQV4AaABAg",
            "reply_content": "\u9760\u5317\u5728\u770b\u904e\u4e01\u54e5\u6559\u6307\u7248\u7684\u5f71\u7247 \u73fe\u5728\u597d\u50cf\u5728\u9019\u7403\u6559\u5b78 \u73fe\u5728\u624d\u77e5\u9053 \u539f\u4f86\u4ed6\u662f\u4f60\u4e4b\u524d\u5e95\u4e0b\u7684\u7247\u5e2b"
        },
        {
            "reply_id": "Ugy1x-Mo1SSOONvz6at4AaABAg",
            "reply_content": "\u662f\u771f\u7684\u628a\u4ed6\u5011\u8ce3\u6389\u55ce\uff1f\n\u6211\u771f\u7684\u4e0d\u6562\u4fe1"
        },
        {
            "reply_id": "UgxH_4cf3xeSjGr92KJ4AaABAg",
            "reply_content": "\u8cc7\u8cea"
        },
        {
            "reply_id": "Ugw3kY2QCK72fcTwlf14AaABAg",
            "reply_content": "\u6233\u5230\u7b11\u9ede\u4e86\u5566\u54c8\u54c8\u54c8"
        },
        {
            "reply_id": "UgysgzKIEK3SNaMjrrt4AaABAg",
            "reply_content": "\u672c\u671f\u6444\u5f71\u5e08\u662f\u8c01\uff1f"
        },
        {
            "reply_id": "Ugwy1XjwOyexjVm70td4AaABAg",
            "reply_content": "\u96d6\u7136\u4ed6\u62ff\u53bb\u8cb7\u5927\u9ebb\u4f46\u9ebb\u4e0d\u662f\u6bd2\u4ed6\u662f\u5929\u7136\u7684\u58d3\u529b\u5927\u6c92\u6709\u5927\u9ebb\u771f\u7684\u6703\u5f88\u7126\u616e.."
        },
        {
            "reply_id": "UgxXi3U-6qi4cn0G4UJ4AaABAg",
            "reply_content": "\u597d\u8001\u95c6\u6211\u6c92\u9047\u904e\u9019\u9ebc\u597d\u7684\u8001\u95c6"
        },
        {
            "reply_id": "UgwXL9QfIZsAKzIFWQt4AaABAg",
            "reply_content": "\u597d\u60f3\u7576\u7247\u5e2b"
        },
        {
            "reply_id": "UgzR6AjYXSKjC03LHpB4AaABAg",
            "reply_content": "\u611f\u89ba\u548c\u4f60\u5de5\u4f5c\u6bcf\u5929\u90fd\u5f88\u958b\u5fc3"
        },
        {
            "reply_id": "Ugy3uZ_i6qY9_V72uf94AaABAg",
            "reply_content": "\u770b\u4ed6\u5011\u548c\u4f60\u5de5\u4f5c\u4f77\u5feb\u6a02"
        },
        {
            "reply_id": "Ugz0lGmBZwO0khozmel4AaABAg",
            "reply_content": "\u5feb\u6eff\u9031\u5e74\u4e86!!\n\n\u800c\u4e14\u9019\u6642\u671f\u597d\u50cf\u4e5f\u662f\u5feb\u628a\u6240\u6709\u8a50\u9a19\u95dc\u806f\u6027\u9023\u8d77\u4f86\n\u7136\u5f8c\u5728\u4e00\u500b\u5951\u6a5f\u4e0b\u5f97\u77e5\u539f\u4f86\u8a50\u9a19\u6e90\u5728\u570b\u5916"
        },
        {
            "reply_id": "UgxGwOHIBPQkWm95EeN4AaABAg",
            "reply_content": "\u4f60\u597d\u6709\u667a\u6167"
        },
        {
            "reply_id": "Ugy8Dd3yVCTYnJQO3xd4AaABAg",
            "reply_content": "\u932f\u662f\u8981\u6212\u6389\u5927\u9ebb"
        },
        {
            "reply_id": "UgxfFkxyXVzIc4rOYat4AaABAg",
            "reply_content": "\u4e4b\u5f8c\u53bb\u6551\u4e86\u88ab\u8ce3\u6389\u7684\u4eba"
        },
        {
            "reply_id": "Ugzp3g0mPdw18jbuWpl4AaABAg",
            "reply_content": "\u90a3\u500b\u66dd\u5e03\u6211\u53bb\u904e"
        },
        {
            "reply_id": "UgytD85efziA7BZDGtx4AaABAg",
            "reply_content": "\u5176\u5be6\u771f\u7684\u5f88\u591a\u4e8b\u90fd\u662f\u4e0d\u60f3\u8aaa\u7684"
        }
    ]
}