{
    "video_info": {
        "id": "lSKd3yyhzw0",
        "channelTitle": "\u597d\u68d2Bump",
        "title": "\u89aa\u81ea\u98db\u5230\u67ec\u57d4\u5be8\u6551\u4eba\uff01\u537b\u88ab\u7576\u5730\u8b66\u5bdf\u51fa\u8ce3\u2026 \u8ddf\u53d7\u5bb3\u8005\u4e00\u8d77\u9003\u56de\u53f0\u7063\uff01\u3010\u597d\u68d2Bump\u3011\u3010\u8a50\u9a19\u89e3\u78bc\u5f8c\u7e8c\u3011",
        "description": "\u9019\u90e8\u7247\u8a18\u9304\u4e86\u6211\u53bb\u67ec\u57d4\u5be8\u6551\u63f4\u6642\u767c\u751f\u7684\u5927\u5c0f\u4e8b\uff0c\u771f\u5fc3\u6176\u5e78\u81ea\u5df1\u80fd\u5920\u56de\u5bb6\u3002\n\n#\u8a50\u9a19\u89e3\u78bc #\u6551\u63f4\u884c\u52d5 #\u4e5f\u8a18\u9304\u8457\u4e00\u500b\u7236\u89aa\u5c0d\u5b69\u5b50\u7684\u611b\n\n\u6210\u70ba\u9019\u500b\u983b\u9053\u7684\u6703\u54e1\u4e26\u7372\u5f97\u734e\u52f5\uff1a\nhttps://www.youtube.com/channel/UC7XxnhjdYjiQJ3m80K_N_4g/join\n\n--------------------------------------------------------- \r\n\u4e0a\u4e00\u90e8\u5f71\u7247\u2018\u2019\u8ffd\u56de\u88ab\u9a19\u7684\u9322\u2018\u2019 \u5168\u662f\u8a50\u9a19\uff01\u6211\u89aa\u81ea\u82b112\u842c\u88ab\u9a19\u7d66\u4f60\u5011\u770b\uff01\u3010\u597d\u68d2Bump\u3011\u3010\u8a50\u9a19\u89e3\u78bc\u3011https://youtu.be/ie5a5YWU7cg\r\n\r\n\u8001\u5b50\u7684IG\uff1ahttps://bit.ly/2JqmmIq\r\n\u8001\u5b50\u7684FB\uff1ahttps://bit.ly/2s3pwwb",
        "likeCount": "244335",
        "commentCount": "15816",
        "viewCount": "3817574"
    },
    "comments": [
        {
            "reply_id": "Ugxy98ht1aES5d3WSqp4AaABAg",
            "reply_content": "\u7121\u8a71\u53ef\u8aaa\u4e86\u3002"
        },
        {
            "reply_id": "UgxyIln2J3B-DpkQaB14AaABAg",
            "reply_content": "\u4f60\u5f88\u68d2\u62cd\u9019\u4e9b\u77e5\u8b58\u5f71\u7247.\u9019\u4e9b\u4eba\u559c\u6b61\u8caa\u5c31\u5fc5\u9808\u8981\u5f97\u5230\u76f8\u7576\u7684\u6559\u8a13.\u53ea\u662f\u6d6a\u8cbb\u570b\u5bb6\u8cc7\u6e90\u53bb\u6551\u9019\u4e9b\u8a72s\u7684\u50a2\u4f19.\u4e0d\u4f46\u6c92\u6709\u6551\u56de\u4f86\u4eba\u53cd\u72a7\u7272\u4e86\u751f\u547d.\u591a\u7121\u50f9\u503c."
        },
        {
            "reply_id": "UgxeJfh3W5WdSJBi4AJ4AaABAg",
            "reply_content": "\u8b49\u4eba\u6797\u8b7d\u6d32\u65bc\u5be9\u7406\u6642\u8b49\u8ff0\u81ea\u5df1\u6709\u9810\u611f\u6703\u88ab\u9a19\uff0c\u4e26\u8fed\u7d93\u5bb6\u4eba\u8b66\u544a\uff0c\u537b\u4ecd\u5b64\u6ce8\u4e00\u64f2\u524d\u5f80\u675c\u62dc\uff0c\u4e14\u51fa\u570b\u5f8c\u4ecd\u7531\u5bb6\u4eba\u63d0\u4f9b\u751f\u6d3b\u8cbb\u7528\uff0c\u671f\u9593\u4ea6\u5f9e\u672a\u5411\u5bb6\u4eba\u53cd\u61c9\uff0c\u8db3\u8a8d\u8b49\u4eba\u6797\u8b7d\u6d32\u5728\u51fa\u570b\u524d\u5373\u5df2\u77e5\u6089\u51fa\u570b\u5c31\u662f\u8981\u5f9e\u4e8b\u8a50\u9a19\u884c\u70ba\uff0c\u88ab\u544a\u856d\u5ee3\u714c\u6240\u70ba\u8207\u5716\u5229\u4ee5\u8a50\u8853\u4f7f\u4eba\u51fa\u570b\u7f6a\u4e4b\u8981\u4ef6\u4e0d\u7b26\u7b49\u8a9e\uff0c\u70ba\u88ab\u544a\u856d\u5ee3\u714c\u8faf\u8b77\u3002"
        },
        {
            "reply_id": "Ugxln3k8uLpHgS1VYfB4AaABAg",
            "reply_content": "\u6211\u8981\u600e\u9ebc\u806f\u7e6b\u60a8\u5462\uff1f\u6211\u6709\u4e8b\u60c5\u60f3\u8acb\u60a8\u5e6b\u5fd9"
        },
        {
            "reply_id": "UgzlUuYcI4iL-NPJSJZ4AaABAg",
            "reply_content": "\u7d50\u679c\u7576\u4e8b\u4eba\u6839\u672c\u5c31\u77e5\u9053\u662f\u53bb\u505a\u8a50\u9a19\u7684"
        },
        {
            "reply_id": "UgzpBcDvn0HWGbOLJLd4AaABAg",
            "reply_content": "\u4f60\u771f\u7684\u5f88\u5049\u5927 \u4e5f\u8f9b\u82e6\u4f60\u5011\u4e86 \u6c92\u6709\u4eba\u80fd\u50cf\u4f60\u4e00\u6a23 \u7121\u79c1\u7684\u5192\u8457\u751f\u547d\u5371\u96aa\u53bb\u6551\u4eba \u660e\u77e5\u9053\u53bb\u6551\u4eba\u7684\u8def\u7a0b\u5f88\u8271\u96e3\u5f88\u5371\u96aa \u4f46\u4ecd\u7136\u9084\u662f\u53bb\u4e86 \u9084\u628a\u90a3\u4e9b\u88ab\u9a19\u7684 \u6551\u56de\u4f86\u53f0\u7063 \u4f60\u5f88\u68d2 \u771f\u7684\u5f88\u611f\u52d5 \u8b1d\u8b1d\u4f60\u7684\u5927\u611b \u9084\u6709\u7121\u79c1"
        },
        {
            "reply_id": "UgzwAf_Klvvyw651R614AaABAg",
            "reply_content": "\u4f60\u597d\u665a\u5b89\uff0c\u4f60\u5f88\u5049\u5927\uff0c\u4f60\u662f\u6211\u5011\u4e2d\u83ef\u6c11\u570b\u53f0\u7063\u4eba\u7684\u5149\u69ae\uff0c\u6211\u6c38\u9060\uff0c\u6c38\u9060\uff0c\u6c38\u9060\u7684\u5f88\u656c\u4f69\u4f60\uff0c\u6211\u5011\u4e2d\u83ef\u6c11\u570b\u53f0\u7063\u4eba\u6709\u4f60\u771f\u68d2\uff0c\u771f\u597d\uff0c\u53ef\u662f\u8acb\u4f60\u4e5f\u8981\u6ce8\u610f\uff0c\u4fdd\u8b77\u81ea\u5df1\u7684\u5b89\u5168\uff0c\u6211\u5e6b\u6211\u5011\u4e2d\u83ef\u6c11\u570b\u53f0\u7063\u4eba\u8ddf\u4f60\u8aaa\u8b1d\u8b1d\u4f60"
        },
        {
            "reply_id": "UgyeroDqc-myJjidSj94AaABAg",
            "reply_content": "\u771f\u5fc3\u652f\u6301\u4f60\u7684\u9019\u4e9b\u884c\u70ba!\u770b\u4e86\u5f88\u611f\u52d5!"
        },
        {
            "reply_id": "Ugwk6PFjGuiaw2HXzbF4AaABAg",
            "reply_content": "\u529f\u5fb7\u7121\u91cf"
        },
        {
            "reply_id": "UgwoO9IIs33AlCKtg254AaABAg",
            "reply_content": "\u5404\u4f4d\u540c\u80de\u5343\u842c\u4e0d\u8981\u53bb\u6cf0\u56fd\u7dec\u7538 \u4e0d\u8981\u8f15\u6613\u4fe1\u9ad8\u85aa\u5de5\u4f5c"
        },
        {
            "reply_id": "UgwGPoCQzczbwOXnQmR4AaABAg",
            "reply_content": "\u8b66\u532a\u4e00\u5bb6"
        },
        {
            "reply_id": "UgwKmn6_MUVVOVE9CPh4AaABAg",
            "reply_content": "\u4f60\u771f\u7684\u5f88\u8f9b\u82e6"
        },
        {
            "reply_id": "UgysTvjrhib5vEAzBx54AaABAg",
            "reply_content": "\u8a50\u9a19\u5f88\u53ef\u60e1"
        },
        {
            "reply_id": "UgytDDFGutAbrvr9mBd4AaABAg",
            "reply_content": "\u771f\u7684\u592a\u68d2\u4e86,\u6211\u518d\u4e5f\u4e0d\u6562\u53bb\u67ec\u57d4\u5be8\u4e86\ud83d\ude05"
        },
        {
            "reply_id": "Ugxy5BruZmr1yeASOg54AaABAg",
            "reply_content": "\u4e00\u7fa4\u53ef\u60e1\u7684\u4eba"
        },
        {
            "reply_id": "UgxalBUw-QZzOysorF54AaABAg",
            "reply_content": "\u597d\u611f\u4eba\uff0c\u6551\u63f4\u5f88\u8f9b\u82e6\uff0c\u4e5f\u8b93\u62cd\u7247\u5931\u53bb\u539f\u672c\u5feb\u6a02\u7684\u6642\u5149\uff0c\u771f\u7684\u518d\u770b\u5230\u5f71\u7247\u5f8c\u9084\u76f8\u4fe1\u570b\u5916\u9ad8\u85aa\u5de5\u4f5c\u7684\u771f\u7684\u662f\u2026\u2026. \n\u6700\u5f8c\u8b1d\u8b1d\u68d2\u54e5\ud83d\udc4d\u53f0\u7063\u4e4b\u5149\u2764\ufe0f"
        },
        {
            "reply_id": "UgwVjvp1p5lFBDoGbg54AaABAg",
            "reply_content": "\u539f\u4f86\u6cf0\u570b\u4e5f\u4e0d\u884c"
        },
        {
            "reply_id": "Ugz6CGthiggeAlgCeFZ4AaABAg",
            "reply_content": "\u60f3\u8acb\u554f\u5982\u679c\u5728kk\u5712\u5340\u662f\u5426\u6c92\u6709\u6c42\u6551\u7ba1\u9053\uff0c\u6700\u8fd1\u9047\u5230\u6709\u4eba\u5728kk\u5712\u5340\u4e0d\u77e5\u9053\u600e\u9ebc\u8fa6"
        },
        {
            "reply_id": "UgyYE8oX06X0kwA8wdl4AaABAg",
            "reply_content": "\u770b\u4f86\u8981\u5148\u5b78\u6703\u7576\u5730\u8a9e\u8a00"
        },
        {
            "reply_id": "UgxxcbQgOWAOX8mHv3V4AaABAg",
            "reply_content": "\u7b2c\u4e00\u6b21\u770b\u5230\u4f60\u7684\u5f71\u7247, \u6700\u68d2\u7684\u662f\u4f60\u80fd\u628a\u7247\u62cd\u7684\u4e0d\u6050\u6016, \u5448\u73fe\u7d66\u89c0\u773e, \u8981\u4e0d\u7136, \u6211\u4e5f\u6c92\u770b\u7684\u52c7\u6c23."
        }
    ]
}