{
    "video_info": {
        "id": "Mnd0ygYPmrw",
        "channelTitle": "\u597d\u68d2Bump",
        "title": "\u6211\u8ddf\u8def\u4eba\u8981\u4e86\u4e09\u5343\u5f35\u767c\u7968\u4f86\u514c\u734e\uff01\u6574\u500b\u514c\u5230\u624b\u6b98....\u3010\u597d\u68d2Bump\u3011\u3010\u767c\u7968\u934a\u91d1\u8853\u3011",
        "description": "\u9019\u90e8\u5f71\u7247\u7b49\u4e862\u500b\u6708\u5de6\u53f3....\n\u56e0\u70ba\u8981\u767c\u7968\u4e4b\u5f8c\uff0c\u9084\u8981\u7b49\u514c\u734e\uff0c\n\u5230\u4e0a\u50b3\u81f3\u5c11\u4e00\u5b9a\u89812\u500b\u6708\u4ee5\u4e0a\uff0c\n\u6709\u6642\u5019\u6211\u66f4\u65b0\u6162\u4e0d\u662f\u56e0\u70ba\u6211\u6c92\u62cd\uff0c\n\u800c\u662f\u56e0\u70ba\u5f71\u7247\u8981\u771f\u5be6\u7684\u8a71\uff0c\n\u5c31\u5f97\u82b1\u5f88\u591a\u5fc3\u601d\u8ddf\u6642\u9593\u53bb\u62cd\uff0c\n\u5c0e\u81f4\u4e00\u90e8\u5f71\u7247\u90fd\u62cd\u5f88\u4e45....\n\n#\u53ee\u549a\u53ee\u549a #\u4e2d\u734e\u5566 #\u9019\u5973\u4eba\u5728\u8857\u4e0a\u5f88\u5931\u63a7\n--------------------------------------------------------- \r\n\u4e0a\u4e00\u90e8\u5f71\u7247 \u8b1d\u8b1d\u5927\u5bb6\uff01\u4e0a\u5343\u4eba\u585e\u7206\u591c\u5e02\uff01\u9999\u8178\u65241\u5929\u6de8\u8cfa\u6578\u842c\u5143\uff01\u3010\u597d\u68d2Bump\u3011https://youtu.be/ILoPu0MDzQ4\r\n\r\n\u8001\u5b50\u7684IG\uff1ahttps://bit.ly/2JqmmIq\r\n\u8001\u5b50\u7684FB\uff1ahttps://bit.ly/2s3pwwb",
        "likeCount": "18470",
        "commentCount": "1102",
        "viewCount": "1286080"
    },
    "comments": [
        {
            "reply_id": "Ugx6_fTqLkW8K7iJIxd4AaABAg",
            "reply_content": "\u9019\u5973\u7684 \u611b\u4e86\u8d85\u53ef\u611b\u7684"
        },
        {
            "reply_id": "Ugzv4wks9XYPaMxJF194AaABAg",
            "reply_content": "\u767c\u7968\u602a\u7378app\u6383\u78bc\u63db\u9ede\u6578\uff0c\u9ede\u6578\u5546\u5e97\u6709\u4e0a\u842c\u5143\u5bb6\u96fb\uff0c\u65e6\u771f\u7684\u6c92\u90a3\u4e48\u6709\u8010\u5fc3\uff0c\u548c\u4eba\u8108\u53bb\u5617\u8a66\uff0c\u662f\u4e0d\u662f\u771f\u5be6\u7684\u3002\n\u89ba\u5f97\u68d2\u68d2\u54e5\u53ef\u4ee5\u53bb\u8a66\u8a66\uff0c\u63db\u5230\u7684\u5546\u54c1\u4e5f\u53ef\u4ee5\u5e6b\u52a9\u5f31\u52e2\u65cf\u7fa4\uff0c\u6216\u504f\u9060\u5c71\u5340\u5bb6\u5ead\u3002\n\u88dc\u5145\uff1a\u53ea\u8981\u662f\u4eca\u5e74\u7684\u767c\u7968\uff0c\u5c31\u7b97\u5c0d\u734e\u904e\u671f\uff0c\u6700\u5c11\u4e5f\u80fd\u63db\u52301\u9ede\uff0c\u5982\u679c\u54e5\u6c92\u4e1f\u6389\u7684\u8a71\u3002"
        },
        {
            "reply_id": "UgzbeeGxW9_lWEM5zO54AaABAg",
            "reply_content": "\u6211\u6709\u88ab\u8981\u904e\ud83d\ude02"
        },
        {
            "reply_id": "UgyqayX7h5Ui4Dhf0Bx4AaABAg",
            "reply_content": "\u6211\u89ba\u5f97\u90a3\u4e09\u5343\u5f35\u5982\u679c\u6709\u624b\u52d5\u8a18\u5230\u96f2\u7aef\u767c\u7968\u53ef\u80fd\u6703\u66f4\u591a\u9322\n\u73fe\u5728\u6211\u4e2d\u734e\u90fd\u662f\u4e2d\u96f2\u7aef\u767c\u7968\n\u800c\u4e14\u662f\u4e94\u767e\u5143\u8d77\u8df3\u6b38\n\u5982\u679c\u7d14\u7cb9\u5c0d\u734e\u5c31\u5c11\u4e86\u4e86\u4e09\u5343\u6b21\u6a5f\u6703\u8036!\n\u8981\u662f\u53ef\u4ee5\u518d\u5f04\u4e00\u6b21\u9019\u500b\u4f01\u756b\u5c31\u597d\n\u60f3\u77e5\u9053\u96f2\u7aef\u767c\u7968\u662f\u4e0d\u662f\u6a5f\u7387\u6703\u9ad8\u66f4\u591a\u9084\u662f\u6211\u7d14\u7cb9\u904b\u6c23\u597d\n\u4e0d\u904eBUMP\u8cfa\u7684\u9322\u9019\u9ebc\u591a\u61c9\u8a72\u4e0d\u60f3\u518d\u7528\u767c\u7968\u9019\u7a2e\u5403\u529b\u4e0d\u8a0e\u597d\u7684\u4f01\u756b\u4e86\u5427\u54c8\u54c8"
        },
        {
            "reply_id": "UgzynlL8YiChob7HlAR4AaABAg",
            "reply_content": "\u597d\u68d2\u68d2\u4f60\u771f\u7684\u982d\u8166\u5f88\u597d\u8036\uff0c\u5982\u679c\u6211\u6709\u500b\u5152\u5b50\u50cf\u4f60\u9019\u6a23\u5c31\u597d\u4e86"
        },
        {
            "reply_id": "Ugx366vE__63SC3DuJd4AaABAg",
            "reply_content": "\u5176\u5be6\u6211\u524d\u5169\u5929\u9047\u5230\u4ed6\uff0c\u4ed6\u8aaa\u6536\u64da\u4e5f\u6536\uff0c\u8b93\u4ed6\u770b\u8d77\u4f86\u6709\u5728\u5de5\u4f5c\u5c31\u597d\ud83d\ude02"
        },
        {
            "reply_id": "Ugw37rkUqWlJnEFdOIp4AaABAg",
            "reply_content": "\u6709\u6ca1\u6709\u60f3\u8fc7\u53d1\u7968\u662f\u53ef\u4ee5\u5356\u7684\uff1f\u5356\u7ed9\u516c\u53f8\u62b5\u7a0e"
        },
        {
            "reply_id": "Ugzj4ssR0Xfd6L4ySiZ4AaABAg",
            "reply_content": "\u5f88\u6b63\u5e38\u4e2d\u9019\u6a23\u4e94\u767e\u5f35\u53ef\u4ee5\u4e2d2\u5f35\u4e8c\u767e\u5c31\u5f88\u68d2\u68d2\u4e86"
        },
        {
            "reply_id": "UgxSPBQ1vlpoAI1zqvt4AaABAg",
            "reply_content": "\u62ff\u8457\u529f\u5fb7\u7bb1\u8981\u6709\u4e00\u9ede\u6c92\u6709\u826f\u5fc3\u6709\u9ede\u611f\u89ba\u8a50\u9a19\u4f46\u6211\u559c\u6b61\u7bc0\u76ee\u6548\u679c\u55ce\ud83d\ude02"
        },
        {
            "reply_id": "UgwjBzIC7JPAeuetMOZ4AaABAg",
            "reply_content": "\u7387"
        },
        {
            "reply_id": "Ugxoq8P7T-GbNL6nfnt4AaABAg",
            "reply_content": "\u5225\u4eba\u662f\u7d66\u4f60\u6350\u51fa\u53bb\u505a\u529f\u5fb7\u7684,\u4e0d\u662f\u7d66\u4f60\u653e\u53e3\u888b\u505a\u9670\u9a2d\u7684\n\u597d\u5728\u4e0a\u5929\u6c92\u8b93\u4f60\u4e2d\u3002"
        },
        {
            "reply_id": "Ugy29HEqf7XPs3XehsZ4AaABAg",
            "reply_content": "\u6240\u4ee5\u6211\u767c\u7968\u90fd\u76f4\u63a5\u4e1f\u6389"
        },
        {
            "reply_id": "Ugx_XkVB_mPzvr53c6p4AaABAg",
            "reply_content": "\u90192\u5343\u591a\u5f35\u5982\u679c\u90fd\u4e0d\u5370\u51fa\u4f86\uff0c\u6539\u5b58\u8f09\u5177\uff0c\u61c9\u8a72\u53ef\u4ee5\u4e2d1\u842c"
        },
        {
            "reply_id": "UgyAk1JmHou-7AJb53d4AaABAg",
            "reply_content": "\u8aaa\u771f\u7684\uff0c\u9084\u4e0d\u5982\u53bb\u6253\u5de5"
        },
        {
            "reply_id": "Ugz2WMLWaF2xTUDSAzJ4AaABAg",
            "reply_content": "\u597d\u591a\u8dd1\u8eca"
        },
        {
            "reply_id": "UgxJyB6ZZdd3sx9PlHt4AaABAg",
            "reply_content": "\u5f71\u7247\u88e1\u9762\u7684\u5973\u751f\u4e0d\u50c5\u9577\u5f97\u6b63\uff0c\u800c\u4e14\u4eba\u4e5f\u597d\u6709\u8da3\ud83d\ude0d\n\u4e0d\u904e\u9019\u96c6\u771f\u7684\u662f\u8b93\u6211\u5c0d\u767c\u7968\u7684\u4e2d\u734e\u7387\u66f4\u6c92\u671b\u4e86\ud83d\ude02"
        },
        {
            "reply_id": "UgwUQj8eWON6N4zgRBx4AaABAg",
            "reply_content": "\u51ce\u6700\u5f8c\u4e00\u6bb5\u90a3\u500b\u767c\u7968\u5c11\u5230\u6c92\u6709\u84cb\u5230\u93e1\u982d\u8d85\u767d\u7661\u3109"
        },
        {
            "reply_id": "Ugyh4W6fBA0MsBWbQHp4AaABAg",
            "reply_content": "\u6211\u6700\u9ad8\u7d00\u9304\u7d19\u672c\u4e00\u5f35\u4e00\u5343\u3002"
        },
        {
            "reply_id": "UgwHwaJcT9K470Y5zO54AaABAg",
            "reply_content": "\u8ddf\u8def\u4eba\u8981\u4e09\u5343\u5f35\u767c\u7968\uff0c\u82b1\u4e86\u591a\u4e45\u6642\u9593\u4e00\u500b\u4eba\u8981\u82b1160\u5c0f\u6642\u8981\u55ce\uff1f"
        },
        {
            "reply_id": "UgxO6YBEdsQBF539zW94AaABAg",
            "reply_content": "\u9019\u500b\u5973\u751f\u4e00\u770b\u5c31\u77e5\u9053\u7b2c\u4e00\u6b21\u53bb\u6536\u767c\u7968\uff0c\uff22\uff35\uff2d\uff30\u6307\u5c0e\u597d\u591a\u6b21\u8f9b\u82e6\u4e86"
        }
    ]
}