{
    "video_info": {
        "id": "MXg2uZuAmj8",
        "channelTitle": "\u597d\u68d2Bump",
        "title": "\u9019\u5c31\u662f\u6bba\u8c6c\u76e4\uff01\u4f60\u4ee5\u70ba\u7684\u6200\u60c5\u2026 \u537b\u53ea\u662f\u96c6\u5718\u8a2d\u5c406\u500b\u6708\u7684\u9a19\u9322\u624b\u6bb5\uff01\u3010\u597d\u68d2Bump\u3011\u3010\u8a50\u9a19\u89e3\u78bc\u3011",
        "description": "\u7db2\u8def\u4e0a\u96a8\u8655\u90fd\u662f\u8a50\u9a19\u9677\u9631\uff0c\u800c\u73fe\u5728\u9019\u4e9b\u96c6\u5718\uff0c\u751a\u81f3\u9858\u610f\u82b1\u4e0a\u5e7e\u500b\u6708\u7684\u6642\u9593\u8ddf\u4f60\u57f9\u990a\u611f\u60c5\uff0c\u7b49\u4f60\u5378\u4e0b\u5fc3\u9632\u4e4b\u5f8c\uff0c\u518d\u628a\u4f60\u9a19\u5f97\u50be\u5bb6\u8569\u7522\u2026.\n\n\u53ea\u8981\u6709\u66f4\u591a\u4eba\u77e5\u9053\u9019\u4e9b\u624b\u6cd5\uff0c\u90a3\u5c31\u6703\u66f4\u5c11\u4eba\u53d7\u9a19\uff0c\u800c\u9019\u90e8\u7247\u5c31\u662f\u70ba\u6b64\u800c\u62cd\u7684\u3002\n\n#\u6bba\u8c6c\u76e4 #\u8a50\u9a19\u89e3\u78bc  #\u4e0d\u6562\u518d\u6709\u5927\u81bd\u7684\u60f3\u6cd5\u4e86\n\u6210\u70ba\u9019\u500b\u983b\u9053\u7684\u6703\u54e1\u4e26\u7372\u5f97\u734e\u52f5\uff1a\nhttps://www.youtube.com/channel/UC7XxnhjdYjiQJ3m80K_N_4g/join\n\n--------------------------------------------------------- \r\n\u4e0a\u4e00\u90e8\u5f71\u7247\r\n3\u5e74\u4e86\uff0c\u6211\u7d42\u65bc\u80fd\u597d\u597d\u9084\u4f60\u9019\u4e00\u4efd\u60c5\u3002\u3010\u597d\u68d2Bump\u3011\nhttps://youtu.be/hhHvB4xmeUo\n\u8001\u5b50\u7684IG\uff1ahttps://bit.ly/2JqmmIq\r\n\u8001\u5b50\u7684FB\uff1ahttps://bit.ly/2s3pwwb",
        "likeCount": "49654",
        "commentCount": "4183",
        "viewCount": "1661504"
    },
    "comments": [
        {
            "reply_id": "Ugwbd-uWgg5-FW91n2N4AaABAg",
            "reply_content": "\u53ea\u8981\u6709\u66f4\u591a\u4eba\u77e5\u9053\u9019\u4e9b\u624b\u6cd5\uff0c\u90a3\u5c31\u6703\u66f4\u5c11\u4eba\u53d7\u9a19\uff0c\u800c\u9019\u90e8\u7247\u5c31\u662f\u70ba\u6b64\u800c\u62cd\u7684\u3002"
        },
        {
            "reply_id": "UgwjUUucOGkFyB7l6Qd4AaABAg",
            "reply_content": "\u76f8\u4fe1\u611b\u60c5\u7684\u4eba\u771f\u662f\u6709\u5920\u611a\u8822\u7684..."
        },
        {
            "reply_id": "UgxzNoDkjWq0zCcnJXp4AaABAg",
            "reply_content": "\u4ed6\u5011\u90fd\u4e0d\u559c\u6b61\u898b\u9762\u3002"
        },
        {
            "reply_id": "UgyetSzuLe47nvqU0TB4AaABAg",
            "reply_content": "\u6211\u597d\u60f3\u554f\u5979\uff0c\u5979\u89ba\u5f97\u6295\u8cc7\u597d\u8cfa\uff0c\u70ba\u4ec0\u9ebc\u4e0d\u81ea\u5df1\u6295\u8cc7\u8cfa\u5abd\u5abd\u7684\u91ab\u85e5\u8cbb"
        },
        {
            "reply_id": "Ugw-7CXFVzrw_-taQqR4AaABAg",
            "reply_content": "\u88ab\u9a19\u7684\u90fd\u662f\u5916\u8c8c\u4e2d\u4e0b\u6216\u5e74\u7d00\u5927\u7684\uff0c\u628a\u9322\u7528\u5728\u81ea\u5df1\u8eab\u4e0a\uff0c\u6253\u626e\u7684\u5e25\u6216\u7f8e\uff0c\u4fdd\u990a\u8eab\u6750\u5f97\u5b9c\uff0c\u559c\u6b61\u4f60\u7684\u4eba\u5c31\u591a\u4e86\uff0c\u9760\u5916\u8868\u624d\u4e0d\u6703\u88ab\u9a19\uff0c\u5e74\u7d00\u904e\u5927\u5c31\u4e0d\u7528\u60f3\u4ea4\u53cb\u8edf\u9ad4\u4e86\uff0c\u6c92\u4eba\u6703\u559c\u6b61\u8001\u76ae\u56ca\uff0c\u591a\u793e\u4ea4\u591a\u53c3\u52a0\u5718\u9ad4\u904b\u52d5\u8a8d\u8b58\u4eba\u6bd4\u8f03\u597d\uff0c\u6b63\u5e38\u7db2\u8def\u4ea4\u53cbSOP\uff0c\u804a\u4e00\u9031\u6c92\u898b\u976288\u54e6"
        },
        {
            "reply_id": "Ugwy7agJ3bxu0SJyHF94AaABAg",
            "reply_content": "\u597d\u68d2\u68d2\u8cc7\u8a0a\u5f71\u7247\u5be6\u7528\uff0c\u5e6b\u52a9\u9632\u6b62\u88ab\u9a19"
        },
        {
            "reply_id": "UgzugnmX80UH0LlPZA14AaABAg",
            "reply_content": "\u8b1d\u8b1dBump\u62cd\u9019\u9ebc\u68d2\u7684\u5f71\u7247\u8b93\u5927\u5bb6\u77e5\u9053\u611f\u60c5\u8a50\u9a19\u6709\u591a\u6050\u6016"
        },
        {
            "reply_id": "Ugz-LUafUkmN973HttZ4AaABAg",
            "reply_content": "\u6839\u672c\u6d3b\u8a72\u4e0d\u503c\u5f97\u540c\u60c5"
        },
        {
            "reply_id": "UgzT5-_nwxYpB7gjMt14AaABAg",
            "reply_content": "\u9019\u500b\u4e16\u754c\u4e0a\u9664\u4e86\u91cb\u8fe6\u6469\u5c3c\u4f5b\u4ee5\u5916\uff0c\u53ea\u8981\u662f\u4eba\u985e\u90fd\u4e0d\u80fd\u76f8\u4fe1"
        },
        {
            "reply_id": "UgwxGaWQKS0qvaqASMh4AaABAg",
            "reply_content": "\u771f\u5fc3\u89ba\u5f97\u6562\u51fa\u4f86\u505a\u8a50\u9a19\uff0c\u5c31\u8981\u6709\u672c\u4e8b\u88ab\u6293\u5230\u7684\u6642\u5019\uff0c\u628a\u9322\u9084\u7d66\u9019\u4e9b\u53d7\u5bb3\u4eba\uff0c\u624d\u80fd\u771f\u6b63\u5f4c\u88dc\u5230\u53d7\u5bb3\u4eba\u7684\u5fc3\u7406\u5275\u50b7\uff0c\u5927\u5bb6\u90fd\u4e00\u6a23\u662f\u51fa\u4f86\u8a0e\u751f\u6d3b\uff0c\u90fd\u662f\u8cfa\u8f9b\u82e6\u9322\uff0c\u4f46\u6211\u76f8\u4fe1\u6562\u505a\u8a50\u9a19\u7684\u4eba\uff0c\u5f80\u5f8c\u7684\u65e5\u5b50\u5f88\u591a\u75db\u82e6\u90fd\u6703\u56de\u994b\u5230\u81ea\u5df1\u8eab\u4e0a\u7684\u3002"
        },
        {
            "reply_id": "Ugw0pBIKC6DFHLrKxHJ4AaABAg",
            "reply_content": "\u90a3\u500b\u8cb8\u6b3e\u7684\u5973\u751f\u771f\u4e0d\u77e5\u60a8\u662f\u88ab\u9b3c\u727d\u8457\u8d70\u55ce\uff1f\u7db2\u7ad9\u4e0a\u8a8d\u8b58\u7684\u4eba\u6839\u672c\u90fd\u662fgg\u7684\uff0c\u60a8\u66f8\u662f\u5538\u5230\u80cc\u90e8\u53bb\u55ce\uff1f"
        },
        {
            "reply_id": "UgxjPYnDlcye5jK-mw54AaABAg",
            "reply_content": "\u5404\u7a2e\u5e73\u53f0\u90fd\u6703\u9047\u4e0a\u4e0d\u904e\u7d42\u7a76\u8981\u6211\u7684Line\u5e33\u865f\uff0c\u7d50\u679c\u4e0d\u5230\u5e7e\u5929\u5c31\u4ec0\u9ebc\u8001\u5a46\u5973\u53cb\u7b49\u7b49\u89aa\u5bc6\u95dc\u7cfb\u51fa\u73fe\uff0c\u7576\u6211\u50bb\u5440"
        },
        {
            "reply_id": "Ugw_7ia4jDoJkTSNggV4AaABAg",
            "reply_content": "\u4eba\u5fc3\u9694\u809a\u76ae\uff0c\u6211\u4e4b\u524d\u88ab\u9a19\u4e09\u5343\u591a\u584a\uff0c\u88ab\u9a19\u4e4b\u5f8c\u6211\u8b8a\u5f97\u4e0d\u592a\u76f8\u4fe1\u4eba"
        },
        {
            "reply_id": "UgyfxDGjO6_z7KNUehl4AaABAg",
            "reply_content": "\u652f\u6301\u5c31\u662f\u501f\u9322\u8981\u51b7\u8840\u5728\u8ca018\u5ea6C\u4e0b,\u624d\u80fd\u4fdd\u8b49\u662f\u300c\u9577\u4e45\u65b0\u9bae\u300d\uff0c\u91ab\u751f\u4eba\u8108\u6700\u5c11\u6709\u8a8d\u8b58\u5341\u5e7e\u500b\uff0c\u5abd\u5abd\u4f4f\u9662\u8ddf\u627e\u5c0d\u91ab\u751f\u624d\u662f\u91cd\u9ede\u5427\uff01\u5e36\u53bb\u8b66\u5bdf\u5c40\u5c31\u4ed6\u5c31\u7d55\u5c0d\u501f\u7684\u5230\u9322\u554a\uff01\u4fdd\u8b49\u9913\u4e0d\u6b7b"
        },
        {
            "reply_id": "UgzPbq_LPaFP3AYlnVp4AaABAg",
            "reply_content": "\u88ab\u9a19\u5f8c\u624d\u770b\u5230\uff0c\u5fc3\u7a7a\u4e86\u53e3\u888b\u4e5f\u7a7a\u4e86\uff0c\u7b49\u5230\u5c0d\u65b9\u4e0d\u8b80\u4e0d\u56de\u624d\u5fb9\u5e95\u6e05\u9192\u2026.."
        },
        {
            "reply_id": "Ugz_runc-qyqCEWSR_F4AaABAg",
            "reply_content": "\u611f\u8b1d\u62cd\u9019\u5f71\u7247\u63d0\u9192\u4e16\u4eba\uff0c\u611f\u540c\u8eab\u53d7\u90a3\u4e9b\u5229\u7528\u4eba\u5fc3\u8edf\u5f31\uff0cbump\u8aaa\u5f97\u597d\uff0c\u51b7\u8840\u4e00\u9ede\u90fd\u9a19\u4e0d\u5230\uff0c\u6211\u518d\u4e5f\u4e0d\u8981\u8001\u5be6\u6a23\u9762\u5c0d\u9019\u5c0d\u611f\u60c5\u3002"
        },
        {
            "reply_id": "UgzQ1Bjq28Ei0aY17up4AaABAg",
            "reply_content": "\u60f3\u8acb\u554f\u4e00\u4e0b\uff01\u6bba\u8c6c\u76e4\u6703\u50b3\u81ea\u5df1\u672c\u4eba\u7684\u7167\u7247\u7d66\u4f60\u55ce\uff1f\u5176\u4e2d\u6211\u4e00\u500b\u670b\u5c31\u8e2b\u5230\u597d\u50cf\u6bba\u8c6c\u76e4\uff01\u53ef\u662f\u4ed6\ud841\udd47\u50b3\u81ea\u5df1\u7684\u7167\u7247\u548cline\u7684\u5c01\u9762\u7167\u7247\u4e00\u6a23\uff01\u5982\u4f55\u8b8a\u89e3\u662f\u4e0d\u662f\u6bba\u8c6c\u76e4"
        },
        {
            "reply_id": "UgysTUuXYrdoYWVHUO14AaABAg",
            "reply_content": "\u539f\u4f86\u4f60\u62cd\u6b64\u7247\u7684\u76ee\u7684\u771f\u53ea\u662f\u70ba\u4e86\u63a5\u9019\u696d\u914d\u5440\uff01\uff1f\u5982\u679c\u771f\u7684\u5f88\u597d\u7528\u7684\u8a71\uff0c\u90a3\u70ba\u4ec0\u9ebc\u4f60\u914d\u7684\u6b64\u696d\u914d\u8a50\u9a19\u96c6\u5718\u9084\u662f\u90a3\u9ebc\u4e00\u5927\u5806\u554a\uff01\uff1f\u6240\u4ee5\u9019\u662f\u4e0d\u662f\u4e5f\u5c31\u4ee3\u8868\u4e86\u4f60\u81ea\u5df1\u4e5f\u662f\u8a50\u9a19\u96c6\u5718\u5440\uff1f"
        },
        {
            "reply_id": "UgyGDfULOaOuRH6ijVB4AaABAg",
            "reply_content": "\u53ea\u8981\u8ac7\u5230\u9322 \u99ac\u4e0a\u62c9\u9ed1"
        },
        {
            "reply_id": "Ugwtu5JV9e-k3oJcBAF4AaABAg",
            "reply_content": "\u5982\u679c\u9019\u500b\u6bba\u8c6c\u76e4 \u53ef\u4ee5\u4f60\u76f4\u63a5\u98db\u904e\u53bb\u627e\u5230\u672c\u4eba  \u76f4\u63a5\u5c0d\u8cea"
        }
    ]
}