{
    "video_info": {
        "id": "nNsUdWldJX4",
        "channelTitle": "\u597d\u68d2Bump",
        "title": "\u63d0\u544a\u5f8c\u7e8c\uff01\u9178\u6c11\u8dd1\u4f86\u6c42\u6211\u548c\u89e3\uff1f\u7d04\u4f86\u5bb6\u88e1\u5c0d\u8cea\uff01\u3010\u597d\u68d2Bump\u3011",
        "description": "\u4e00\u5e74\u4e0b\u4f86\u4e09\u4e0d\u4e94\u6642\u5c31\u4e00\u76f4\u6703\u6709\u4eba\u8dd1\u4f86\u554f\u6211\uff0c\u63d0\u543f\u9178\u6c11\u6709\u6c92\u6709\u5f8c\u7e8c\u4e86....\uff1f \u4eca\u5929\u4f86\u4e00\u6b21\u8ddf\u5927\u5bb6\u5831\u544a\uff01\n\n#\u63d0\u544a\u9178\u6c11 #\u61f2\u7f70\u9375\u76e4\u624b #\u4f60\u624d\u5a18\u4f60\u5168\u5bb6\u90fd\u5a18\n--------------------------------------------------------- \n\u4e0a\u4e00\u90e8\u5f71\u7247 \u6211\u8cb7\u4e863\u842c\u5143\u7684\u65b0\u51a0\u5feb\u7be9\u8a66\u5291\uff01\u6e2c\u5230\u4e2d\u70ba\u6b62....\uff1f\u3010\u597d\u68d2Bump\u3011https://youtu.be/8kQjwJzgAXw\n\n\u8001\u5b50\u7684IG\uff1ahttps://bit.ly/2JqmmIq\n\u8001\u5b50\u7684FB\uff1ahttps://bit.ly/2s3pwwb",
        "likeCount": "22386",
        "commentCount": "2339",
        "viewCount": "960229"
    },
    "comments": [
        {
            "reply_id": "UgxPHhSxCb9cmBuErTZ4AaABAg",
            "reply_content": "\u5176\u5be6\u9019\u4e0d\u662f\u4ec0\u9ebc\u5927\u7247 \u53ea\u662f\u4ea4\u5f85\u4e00\u4e0b\u5f8c\u7e8c \u4e0b\u9031\u624d\u958b\u59cb\u6062\u5fa9\u6b63\u5e38\u66f4\u65b0"
        },
        {
            "reply_id": "Ugz5TBa6WQsEbgj4Tmp4AaABAg",
            "reply_content": "Bump\u4f60\u597d\uff0c\u5f8b\u5e2b\u5efa\u8b70\u6d41\u7a0b\u6211\u8981\u62ff\u8b49\u64da\u8cc7\u6599\u5148\u53bb\u8b66\u5c40\u5831\u6848\uff0c\u5faa\u8457ip\u627e\u5230\u5c0d\u65b9\u5f8c\u624d\u53bb\u5730\u65b9\u6cd5\u9662\u6309\u9234\u63d0\u544a\r\n\u90a3\u50cf\u662f\u66f8\u72c0\u662f\u5426\u662f\u8981\u5148\u82b1\u9322\u8acb\u5f8b\u5e2b\u5beb\u5462?\u6574\u500b\u6d41\u7a0b\u5c31\u662f\u90fd\u8acb\u5f8b\u5e2b\u53bb\u4ee3\u8dd1\u55ce?\u50cf\u662f\u5f8b\u5e2b\u90e8\u5206\u8cbb\u7528\u60a8\u7576\u6642\u82b1\u4e86\u591a\u5c11\u5462?\n\u60a8\u90fd\u6c92\u6709\u53bb\u73fe\u5834\uff0c\u8acb\u554f\u9019\u90e8\u5206\u662f\u8b93\u5f8b\u5e2b\u4ee3\u52de\u55ce?\u9084\u662f\u771f\u7684\u5c31\u662f\u90fd\u6c92\u53bb\u8b93\u6aa2\u5bdf\u5b98\u53bb\u8a8d\u5b9a?\n\u53e6\u5916\u82e5\u5c0d\u65b9\u4e0d\u60f3\u548c\u89e3\uff0c\u5f8c\u7e8c\u5728\u4e0a\u8a34\u7684\u8a71\uff0c\u63d0\u544a\u4eba\u6709\u9700\u8981\u5230\u5834\u55ce?\r\n\u60f3\u4e86\u89e3\u66f4\u8a73\u7d30\uff0c\u611f\u8b1d"
        },
        {
            "reply_id": "UgykQeOAX_JLNKUbrsh4AaABAg",
            "reply_content": "\u50bb\u773c\u5c31\u7b97\u6210\u529f\u9802\u591a\u4e5f\u5c31\u7f70\u6b3e\u5e7e\u842c \u6c92\u524d\u79d1 \u4e5f\u4e0d\u6703\u88ab\u95dc \u4f55\u5fc5\u4e0a\u4f86\u7d66\u4ed6\u7f9e\u8fb1"
        },
        {
            "reply_id": "Ugz6S8MQ4YTs4T8PbW94AaABAg",
            "reply_content": "\u652f\u6301\u5c0f\u7389"
        },
        {
            "reply_id": "UgyMa7UphpygCrl_M014AaABAg",
            "reply_content": "\u6240\u4ee5\u73fe\u5728\u548c\u89e3\u9084\u9700\u8981\u8b93\u88ab\u5bb3\u8005\u628a\u5730\u5740\u7b49\u8a73\u7d30\u8cc7\u6599\u7559\u7d66\u52a0\u5bb3\u4eba\u55ce\uff0c\u9019\u600e\u9ebc\u807d\u8d77\u4f86\u6709\u9ede\u5947\u8469"
        },
        {
            "reply_id": "UgxRZuZPu_zgnD4z-q94AaABAg",
            "reply_content": "\u5e26\u7740\u6e14\u592b\u5e3d\u7684\u662f\u4e0d\u662f\u6728\u66dc\u7684\u963f\u826f\uff1f"
        },
        {
            "reply_id": "Ugx0dzu5b1EC-035Y7N4AaABAg",
            "reply_content": "\u597d\u68d2\u68d2\u6211\u597d\u6b23\u8cde\u4f60\u771f\u662f\u529f\u5fb7\u7121\u91cf\uff01"
        },
        {
            "reply_id": "UgzKzto6J9B05CDpHP54AaABAg",
            "reply_content": "\u597d\u725b"
        },
        {
            "reply_id": "UgxkkGSeknOfHPvyVDx4AaABAg",
            "reply_content": "\u6211\u9084\u4ee5\u70ba\u5f8c\u9762\u90a3\u7fa4\u4e5f\u662f\u9178\u6c11\u88ab\u7f70"
        },
        {
            "reply_id": "UgwWlHzFUM5nWdn8a8F4AaABAg",
            "reply_content": "\u4e0b\u5348\u8336\u6703\u89e3\u91cb\u4e00\u4e0b\u662f\u4e0d\u662f\u50cf\u5973\u5b50\u884c\u70baxd"
        },
        {
            "reply_id": "UgwuRIiikOgHlpgI0Dd4AaABAg",
            "reply_content": "\u5176\u5be6bump\u61c9\u8a72\u4e5f\u8981\u9f13\u52f5\u4e00\u4e0b\n\n\u6211\u5011\u7684\u53f8\u6cd5\u539f\u4f86\u6709\u5728\u8a8d\u771f\u505a\u4e8b\n\u6c92\u6709\u56e0\u70ba\u63d0\u544a\u8005\u6c92\u53bb\u51fa\u5ead\u800c\u5c31\u96a8\u4fbf\u4e86\u4e8b\u3002"
        },
        {
            "reply_id": "UgxTLCy7aaMYAeNtlbh4AaABAg",
            "reply_content": "\u73fe\u5728\u5927\u5bb6\u5c31\u662f\u89ba\u5f97\u505a\u4ec0\u9ebc\u4e8b\u90fd\u4e0d\u7528\u8ca0\u8cac\u4efb\u8ddf\u4ed6\u7121\u95dc\uff0c\u5982\u679c\u90fd\u80fd\u50cfBUMP\u4e00\u6a23\u4e0d\u59d1\u606f\uff0c\u6703\u5c11\u5f88\u591a\u60b2\u5287\u3002"
        },
        {
            "reply_id": "UgwmV3ujb3dNKI5F2lt4AaABAg",
            "reply_content": "\u897f\u6d0b\u68cb\u4e0d\u662f\u8fd9\u6837\u4e0b\u7684"
        },
        {
            "reply_id": "Ugx-RuqANSV6X9iqiB94AaABAg",
            "reply_content": "\u6240\u4ee5\u6211\u5728\u7db2\u8def\u4e0a\u57fa\u672c\u4e0a\u9084\u662f\u8acb\u8b1d\u8b1d\u5c0d\u4e0d\u8d77\ud83e\udd23\ud83e\udd23\ud83e\udd23"
        },
        {
            "reply_id": "UgwV56RuSNVId1cyDwp4AaABAg",
            "reply_content": "\u6bd2\u856d\u5f8b\u5e2b"
        },
        {
            "reply_id": "UgwVjxbE1M4iDCQKwhl4AaABAg",
            "reply_content": "\u7db2\u8def\u4e0a\u8b1b\u8a71\u771f\u7684\u662f\u8981\u4e09\u601d,\u9664\u975e\u8ddf\u5c0d\u65b9\u5f88\u719f,\u4f46\u6211\u53ea\u4e00\u76f4\u8a18\u5f972:35\u79d2\u5ec1\u6240\u99ac\u6876\u4e0a\u9762\u6eff\u6eff\u7684\u885b\u751f\u7d19\u76d2\u770b\u4e86\u597d\u723d"
        },
        {
            "reply_id": "UgzBI8AwjzyI-Gxj4zV4AaABAg",
            "reply_content": "\u770b\u4e86\u8d85\u723d"
        },
        {
            "reply_id": "Ugx285y_zvmyaCvoW7N4AaABAg",
            "reply_content": "\u5c0a\u91cd\u597d\u50cf\u5f88\u96e3 \u5f88\u591a\u4eba\u770b\u5230\u4e0d\u559c\u6b61\u7684\u7559\u8a00\u5c31\u958b\u53e3\u7f75\u4eba"
        },
        {
            "reply_id": "UgwBO2DL1t4KkJ6CATF4AaABAg",
            "reply_content": "\u8a71\u8aaa\u9019\u897f\u6d0b\u68cb\u7684\u73a9\u6cd5\u600e\u9ebc\u8ddf\u6211\u5370\u8c61\u4e2d\u4e0d\u4e00\u6a23"
        },
        {
            "reply_id": "Ugx2x2JaMQn5ioUQNr94AaABAg",
            "reply_content": "\u6211\u4ee5\u70ba\u662f\u8b1b\u597d\u7684"
        }
    ]
}