{
    "video_info": {
        "id": "OBv9Obcw3T4",
        "channelTitle": "\u597d\u68d2Bump",
        "title": "\u7528\u9748\u9b42\u4ea4\u63db\u5c0d\u9177\u70ab\u8a2d\u5c40\uff01\u5148\u73a9\u4ed6\u99ac\u5b50\uff01\u518d\u638f\u7a7a\u4ed6\u516c\u53f8\uff01\u3010\u597d\u68d2Bump\u3011@WACKYBOYS520",
        "description": "\u5f88\u96e3\u5f97\u7684\uff0c\u5c45\u7136\u6709\u4eba\u6562\u627e\u6211\u4e00\u8d77\u62cd\u7247\uff0c\u6211\u597d\u611f\u52d5\uff0c\u6211\u4e00\u5b9a\u8981\u597d\u597d\u8868\u73fe\ud83e\udd7a\n\n#\u8a2d\u5c40\u9177\u70ab #\u638f\u7a7a\u516c\u53f8 #\u6211\u6015\u4e86\u90a3\u500b\u5973\u751f\u4e86\n--------------------------------------------------------- \r\n\u4e0a\u4e00\u90e8\u5f71\u7247 \u5f71\u7247\u8d8a\u51fa\u8d8a\u6162\uff1f\u662f\u5426\u4e0d\u62cd\u7247\u4e86\uff1f\u8b1d\u8b1d\u5927\u5bb6\u652f\u6301\u6211\u5230\u73fe\u5728\uff01\u3010\u597d\u68d2Bump\u3011https://youtu.be/gKfy3YdjRxc\r\n\r\n\u8001\u5b50\u7684IG\uff1ahttps://bit.ly/2JqmmIq\r\n\u8001\u5b50\u7684FB\uff1ahttps://bit.ly/2s3pwwb",
        "likeCount": "20101",
        "commentCount": "809",
        "viewCount": "1636641"
    },
    "comments": [
        {
            "reply_id": "UgzqOGez6lNNea6Ee8B4AaABAg",
            "reply_content": "\u7247\u5e2b\u600e\u9ebc\u53c8\u56de\u4f86\u4e86\ud83d\ude02"
        },
        {
            "reply_id": "UgzrFIvC28-KHA8EJW94AaABAg",
            "reply_content": "\u9019\u6211\u570b\u5c0f\u7684\u5927\u6703\u821e"
        },
        {
            "reply_id": "UgyuJgU_IGKDrVRoFEB4AaABAg",
            "reply_content": "\u6211\u89ba\u5f97\u9177\u70ab\u6709\u9ede\u50cf\u96ea\u5154"
        },
        {
            "reply_id": "UgzL_rPxoR-L3UUzOrd4AaABAg",
            "reply_content": "\u8d85\u5c2c"
        },
        {
            "reply_id": "UgzV0_jGMlxC9WGjRG54AaABAg",
            "reply_content": "\u50bb\u773c\uff0c\u4e00\u6b21\u5c31\u6015\u4e86\u3002\u771f\u7684"
        },
        {
            "reply_id": "UgyY_WXM5WFkpyLu_kB4AaABAg",
            "reply_content": "\u53f0\u6e7e\u7684\u8282\u76ee\u771f\u662f\u4e71"
        },
        {
            "reply_id": "UgzGzzBHyfqF_gP4zpF4AaABAg",
            "reply_content": "\u597d\u50cf\u88ab\u9177\u70ab\u5b89\u6392\u7684\u54e1\u5de5\u8a2d\u8a08\u4e86"
        },
        {
            "reply_id": "UgxbougNcdnd8IcF7wN4AaABAg",
            "reply_content": "\u54c8\u54c8\u54c8\u54c8 \u9047\u5230\u4e00\u500b\u66f4\u760b\u7684"
        },
        {
            "reply_id": "Ugz5z6NQegw309hJ1sZ4AaABAg",
            "reply_content": "\u54c8\u54c8\u54c8"
        },
        {
            "reply_id": "Ugx-MyxUQnUIOqQnw_54AaABAg",
            "reply_content": "\u7559\u8a00 \u8b9a\u8a02\u8d77\u4f86"
        },
        {
            "reply_id": "UgymvdOweZv6f62BhtB4AaABAg",
            "reply_content": "\u597d\u4e86\u5566\uff0c\u524d\u9762\u90a3\u51e0\u4e2agk\u516c\u4ed4\u73a9\u5bb6\u7206\u6c14\u4ec0\u4e48\u5566\uff0c\u6709\u6ca1\u6709\u79cd\u53ef\u80fd\uff0c\u4ed6\u672c\u6765\u5c31\u662f\u574f\u7684"
        },
        {
            "reply_id": "UgypwVRjDqNGiBlUGD54AaABAg",
            "reply_content": "\u90a3\u5973\u8d85\u6c92\u6c34\u6e96"
        },
        {
            "reply_id": "Ugy6FEcal2lRzuoFi454AaABAg",
            "reply_content": "\u5e25\u5e25\u5e25"
        },
        {
            "reply_id": "Ugx_QvK7YNLSBJrWBwF4AaABAg",
            "reply_content": "\u5982\u679c\u4f60\u771f\u7684\u5728\u4e4e\u5e74\u8f15\u4eba\u3001\u5b69\u5b50\n\u5c31\u61c9\u8a72\u628a\u90a3\u6bb5\u201c\u5167\u5c04\u201d\u62ff\u6389\n\u4e0d\u662f\u53ea\u6709\u6559\u9632\u8a50\u9a19\u5c31\u597d\u4e86\u5427\uff1f\n\u60f3\u60f3\u4f60\u5c0d\u5e74\u8f15\u4eba\u7684\u5f71\u97ff\u529b\uff1f"
        },
        {
            "reply_id": "UgwnjrU73aWwwAZOB4J4AaABAg",
            "reply_content": "\u57f9\u6839\u8b1b\u8a71\u597d\u9760\u5317"
        },
        {
            "reply_id": "Ugz68LEHh5ks14WhHYh4AaABAg",
            "reply_content": "\u6191\u4ec0\u9ebc\u9177\u70ab\u9019\u7a2e\u4eba\u53ef\u4ee5\u9019\u9ebc\u6709\u9322 \u5e79 \u6c92\u4ec0\u9ebc\u8ca2\u737b\u6bd4\u91ab\u751f\u9084\u6709\u9322"
        },
        {
            "reply_id": "UgwST6KOjDF4hpo4KOV4AaABAg",
            "reply_content": "\u54c8\u54c8\u54c8\u54c8\u54c8\u54c8\ud83d\ude02"
        },
        {
            "reply_id": "UgyCdrd7ltXZraxuFHh4AaABAg",
            "reply_content": "\u9177\u70ab\u8001\u95c6\u771f\u8c6a\u6c23\ud83d\ude01"
        },
        {
            "reply_id": "UgxjofRkkT71VfpYtSZ4AaABAg",
            "reply_content": "\u597d\u8cb45\u842c\u65a5\u72ac\u516c\u4ed4"
        },
        {
            "reply_id": "UgyiPJblQEaYT95rt9p4AaABAg",
            "reply_content": "\u6bc0\u640d\u570b\u5e63 \u767d\u7661\u5594 \u4e1f\u99ac\u6876"
        }
    ]
}