{
    "video_info": {
        "id": "OTnchXhRqRA",
        "channelTitle": "\u597d\u68d2Bump",
        "title": "\u7dec\u7538\u6551\u63f4\uff01\u4e0a\u767e\u4f4d\u500b\u6848\u537b\u53ea\u6551\u56de13\u4eba\u2026 \u8a50\u9a19\u5712\u5340\u6536\u9322\u537b\u6495\u7968\uff01 \u3010\u597d\u68d2Bump\u3011\u3010\u67ec\u57d4\u5be8\u5f8c\u7e8c\u3011",
        "description": "\u81ea\u5f9e\u67ec\u57d4\u5be8\u4e8b\u4ef6\u4e4b\u5f8c\uff0c\u6211\u4e00\u76f4\u6c92\u6709\u6a5f\u6703\u8ddf\u5927\u5bb6\u597d\u597d\u89e3\u91cb\u6240\u6709\u7684\u72c0\u6cc1\uff0c\u4eca\u5929\u9019\u90e8\u7247\uff0c\u4f86\u8ddf\u5927\u5bb6\u4e00\u6b21\u4ea4\u4ee3\u6e05\u695a\u5427\u3002\n\n#\u7dec\u7538\u6551\u63f4 #\u67ec\u57d4\u5be8\u5f8c\u7e8c\n#\u9023\u8eab\u5fc3\u969c\u7919\u8005\u90fd\u662f\u88ab\u4e0b\u624b\u7684\u5c0d\u8c61\n\n\u6210\u70ba\u9019\u500b\u983b\u9053\u7684\u6703\u54e1\u4e26\u7372\u5f97\u734e\u52f5\uff1a\nhttps://www.youtube.com/channel/UC7XxnhjdYjiQJ3m80K_N_4g/join\n--------------------------------------------------------- \n\u4e0a\u4e00\u90e8\u5f71\u7247 \u5976\u5976\u7684\u73cd\u73e0\u7adf\u50f9\u503c200\u842c\uff01\u62ff\u53bb\u73e0\u5bf6\u9451\u9a57\u771f\u5047\uff1f\uff01\u3010\u597d\u68d2Bump\u3011\u3010\u907a\u7269\u934a\u91d1\u8853\u3011https://youtu.be/zAiWcK3KKg0\n\n\u8001\u5b50\u7684IG\uff1ahttps://bit.ly/2JqmmIq\n\u8001\u5b50\u7684FB\uff1ahttps://bit.ly/2s3pwwb",
        "likeCount": "82621",
        "commentCount": "6025",
        "viewCount": "2107923"
    },
    "comments": [
        {
            "reply_id": "UgzH_W5l578big3QcSd4AaABAg",
            "reply_content": "\u60f3\u8aaa\u7684\u90fd\u5728\u5f71\u7247\u88e1\u4e86\uff0c\n\u8b1d\u8b1d\u5927\u5bb6\u4e00\u8def\u4ee5\u4f86\u7684\u652f\u6301\u3002\n\n\u984d\u5916\u8ddf\u5927\u5bb6\u8aaa\u5169\u500b\u597d\u6d88\u606f\n\u8a50\u9a19\u89e3\u78bc\u4e0b\u534a\u5b63\u6e96\u5099\u958b\u59cb\u66f4\u65b0\n\u4e4b\u524d\u5c31\u62cd\u597d\u768410\u652f\u5f71\u7247\u4e5f\u6703\u9678\u7e8c\u4e0a\u50b3\ud83d\ude09"
        },
        {
            "reply_id": "Ugxa83JyJn4AKg6oXHR4AaABAg",
            "reply_content": "\u771f\u7684\u5f88\u5049\u5927"
        },
        {
            "reply_id": "Ugz_uScnc6V9rhHZvF54AaABAg",
            "reply_content": "\u6211\u62dc\u8a17\u62dc\u8a17\u4f60\u5c0f\u5fc3\u4e00\u9ede \u8b1d\u8b1d\u4f60"
        },
        {
            "reply_id": "Ugw2RM-wSmuq-PZtg6t4AaABAg",
            "reply_content": "\u6c92\u60f3\u5230\u6797\u4f73\u9f8d\u6709\u8cc7\u52a9"
        },
        {
            "reply_id": "UgzgB-PY_0tbqci2ZMF4AaABAg",
            "reply_content": "\u4f60\u4e0d\u662f\u6551\u4eba\u4f60\u5728\u5bb3\u4eba\uff0c\u56e0\u70ba\u4f60\u66f4\u591a\u7dec\u7538\u4eba\u8ddf\u67ec\u57d4\u5be8\u4eba\u5bb6\u7834\u4eba\u4ea1"
        },
        {
            "reply_id": "Ugzm8BtDnf0Zju8XlyB4AaABAg",
            "reply_content": "\u6211\u65e9\u6cc4\u7684\u9322\u61c9\u8a72\u7d66\u4f60\u9818"
        },
        {
            "reply_id": "UgzkWW1tVtUcMakL36l4AaABAg",
            "reply_content": "\u6211\u60f3\u8acb\u554f\u6551\u56de\u4f86\u7684\u4eba\u73fe\u5728\u904e\u5f97\u600e\u9ebc\u6a23\u4e86\uff1f"
        },
        {
            "reply_id": "UgzbTFasLcwS-NtLnTd4AaABAg",
            "reply_content": "\u653f\u5e9c\u771f\u7684\u6709\u5920\u7121\u80fd"
        },
        {
            "reply_id": "UgxWue6llbc2-3mR8_l4AaABAg",
            "reply_content": "\u5b98\u9ed1\u52fe\u7d50\uff0c\u4eba\u6b0a\u7d44\u7e54\u5f9e\u4e0d\u767c\u8072\uff0c\u5927\u5bb6\u5206\u9322\uff0c\u7e3d\u4e4b\u5c0f\u5fc3\u81ea\u4fdd\uff0c\u522b\u4fe1\u7db2\u7d61\u4e0a\u4efb\u4f55\u6771\u897f"
        },
        {
            "reply_id": "UgzTjIbusCacx-xYS854AaABAg",
            "reply_content": "\u6211\u6bd4\u8f83\u597d\u5947\u662f\u600e\u4e48\u53bb\u7684\u67ec\u57d4\u5be8\uff0c\u7ed1\u67b6\uff1f\u65c5\u6e38\uff1f\u4eb2\u621a\u8bc8\u9a97\uff1f\u516c\u53f8\u8bc8\u9a97\uff1f\u6211\u662f\u611f\u89c9\u4f60\u8ddf\u6211\u8bf4\u53bb\u67ec\u57d4\u5be8\u6211\u4f30\u8ba1\u4e00\u5df4\u638c\u5c31\u4e0a\u53bb\u4e86\uff0c\u7231\u6b7b\u5c31\u81ea\u5df1\u53bb\u3002"
        },
        {
            "reply_id": "UgyTQ7w2n8is0BUo2ax4AaABAg",
            "reply_content": "\u5148\u751f\u5927\u4e49"
        },
        {
            "reply_id": "Ugy0hM4Y2hQ1w6GsVEd4AaABAg",
            "reply_content": "\u52a0\u6cb9\uff0c\u540c\u65f6\u795d\u4e24\u5cb8\u5173\u7cfb\u66f4\u52a0\u53cb\u597d"
        },
        {
            "reply_id": "UgxBe4E4iIf8gprOXWV4AaABAg",
            "reply_content": "\u6709\u6c92\u6709\u60f3\u904e\u6bba\u4e86\u8a50\u9a19"
        },
        {
            "reply_id": "Ugy_sS1tfj7K5jZo_0B4AaABAg",
            "reply_content": "\u52a0\u6cb9"
        },
        {
            "reply_id": "Ugzsp8VlwrRT6zUOucR4AaABAg",
            "reply_content": "\u52a0\u6cb9"
        },
        {
            "reply_id": "UgzlpyAUj1lOS0a_WuB4AaABAg",
            "reply_content": "\u8981\u56fd\u5236\u5211\u8b66\u901a\u8f2f\u80cc\u5f8c\u7684\u5927\u8001\u864e \u771f\u53ef\u60e1"
        },
        {
            "reply_id": "UgxwdyS_HtBJvU0AeB94AaABAg",
            "reply_content": "\u52a0\u6cb9"
        },
        {
            "reply_id": "UgwOilhK2gE1ssPGVqV4AaABAg",
            "reply_content": "\u516c\u5fb7\u7121\u91cf\u611f\u8b1d\u9084\u597d\u6709\u4f60\u5011\u9019\u7fa4\u4eba"
        },
        {
            "reply_id": "UgwYAh7PHa18vNlo6TF4AaABAg",
            "reply_content": "\u611f\u8b1d\u53ef\u4ee5\u5e6b\u5fd9\u6551\u51fa\u9019\u4e9b\u4eba"
        },
        {
            "reply_id": "UgwmP7O13GlKfQBFaeh4AaABAg",
            "reply_content": "\u8acb\u554f\u4e2d\u570b\u4e0d\u662f\u5f88\u5f37\u55ce\uff1f\u8acb\u554f\u4e2d\u570b\u600e\u9ebc\u4e0d\u51fa\u5175KK\u5712\u5340\u89e3\u6551\u5927\u9678\u540c\u80de\uff1f"
        }
    ]
}