{
    "video_info": {
        "id": "qnS7fIQ5Wpo",
        "channelTitle": "\u597d\u68d2Bump",
        "title": "\u6211\u8fa6\u4e86\u4e00\u5834\u767e\u4eba\u6d3e\u5c0d\uff01\u7c73\u5176\u6797\u4e09\u661f\u4e3b\u5eda+20\u842c\u5927\u734e\u73a9\u5230\u723d\uff01\u3010\u597d\u68d2Bump\u3011\u3010\u6d3e\u5c0d\u934a\u91d1\u8853\u3011",
        "description": "\u4ed8\u8cbb\u8a02\u95b1\u9023\u7d50\uff1ahttps://www.youtube.com/channel/UC7XxnhjdYjiQJ3m80K_N_4g/join\n\n\u6c92\u4ec0\u9ebc\uff0c\u9019\u5c31\u662f\u6211\u7684\u4ed8\u8cbb\u8a02\u95b1\u79c1\u4eba\u6d3e\u5c0d\u3002\n\n#\u767e\u4eba\u8d0f\u8db4 #\u5343\u576a\u6c11\u5bbf #\u4e0b\u4e00\u58349\u670826\u865f\n--------------------------------------------------------- \n\u4e0a\u4e00\u90e8\u5f71\u7247\u6211\u9047\u5230\u4e86\u96fb\u5546\u8a50\u9a19\u96c6\u5718\uff01\u8ca8\u5230\u4ed8\u6b3e\u8ce3\u5047\u8ca8\uff01\u5831\u8b66\u7adf\u4e5f\u6c92\u7528\uff01\uff1f\u3010\u597d\u68d2Bump\u3011https://youtu.be/RkY0dIppwPY\n\n\u8001\u5b50\u7684IG\uff1ahttps://bit.ly/2JqmmIq\n\u8001\u5b50\u7684FB\uff1ahttps://bit.ly/2s3pwwb",
        "likeCount": "9643",
        "commentCount": "561",
        "viewCount": "656827"
    },
    "comments": [
        {
            "reply_id": "Ugww09k-hA_FGl9Xgcl4AaABAg",
            "reply_content": "\u7fa4\u773e\u8ced\u535a\u4e0d\u6703\u88ab\u6293\u55ce"
        },
        {
            "reply_id": "UgyYbk2Grc_IcMbxveV4AaABAg",
            "reply_content": "\u90a3\u500b\u731c\u62f3\u7b2c\u4e00\u6b21\u4ed6\u6162\u51fa\ud83d\ude02\ud83d\ude02"
        },
        {
            "reply_id": "UgwB6WV1YmYPbx-vYSp4AaABAg",
            "reply_content": "\u8ab0\u5077\u7aca\u554a\u6c92\u54c1"
        },
        {
            "reply_id": "UgzhvYKT1h1yp-ZqK8F4AaABAg",
            "reply_content": "\u8d85\u597d\u7b11\u73fe\u5728\u624d\u770b\uff0c\u7518\u7d2f\u4e0b\u4e00\u6b21\u525b\u597d\u8fa6\u5728\u6211\u7684\u751f\u65e5\ud83d\ude02\ud83d\ude02"
        },
        {
            "reply_id": "UgzOx53iDyfSxvfDrKV4AaABAg",
            "reply_content": "\u4ec0\u9ebc\u539f\u56e0\u88ab\u5077\u9322\u4e86\ud83e\udd23"
        },
        {
            "reply_id": "Ugw2hNXly41ynaf4eId4AaABAg",
            "reply_content": "\u91cd\u770b\u4e0d\u77e5\u9053\u5e7e\u6b21\u4e86 \u771f\u7684\u597d\u9913"
        },
        {
            "reply_id": "UgzAmedJCxj1Bb-WQQp4AaABAg",
            "reply_content": "\u88ab\u5077\u662f\u600e\u9ebc\u56de\u4e8b\ud83d\ude11"
        },
        {
            "reply_id": "UgzYgfijzdZiTO7tkf54AaABAg",
            "reply_content": "\u8d85\u597d\u770b\u7684\u5566\ud83d\ude0d"
        },
        {
            "reply_id": "Ugw0zZFZpueshoHMa4V4AaABAg",
            "reply_content": "\u525b\u770b\u6709\u4e00\u96c6\u516d\u842c\u88ab\u5077\uff0c\u539f\u4f86\u5728\u9019\u88e1"
        },
        {
            "reply_id": "Ugy-RZVpzIbEgGC9U094AaABAg",
            "reply_content": ""
        },
        {
            "reply_id": "UgxecBqqPGMhrHkOTGt4AaABAg",
            "reply_content": "\u4f60\u5011\u90a3\u88e1\u7684\u4eba\u90fd\u4e0d\u8981\u7f75\u9ad2\u8a71\u597d\u55ce"
        },
        {
            "reply_id": "UgykxVWrz4hv3AbI32N4AaABAg",
            "reply_content": "\u5e79\uff0c\u73fe\u5728\u80fd\u4f86\u55ce"
        },
        {
            "reply_id": "UgxBmrivl6GUK92LBOl4AaABAg",
            "reply_content": "\u51a0\u8ecd\u597d\u5f37\u5594\uff0c\u800c\u4e14\u9577\u5f97\u597d\u53ef\u611b\uff0c\u662f\u6211\u7684\u83dc~"
        },
        {
            "reply_id": "UgyQi_UlBf8plpv9feR4AaABAg",
            "reply_content": "\u963f\u5982\u679c\u662f\u5c0f\u5b69\u5b50\u53ef\u4ee5\u53c3\u52a0\u55ce\uff1f"
        },
        {
            "reply_id": "UgxlCECp8_6wgeK5hR14AaABAg",
            "reply_content": "\u86cb\u5854\u5077\u7684\ud83d\ude02"
        },
        {
            "reply_id": "Ugz__M9oP-5TuBUEbp54AaABAg",
            "reply_content": "\u4f60\u597d\u6709\u9322\u5594"
        },
        {
            "reply_id": "UgyLM0uHJeLH3XQ-fe94AaABAg",
            "reply_content": "\u592a\u72c2\u4e86\u5427"
        },
        {
            "reply_id": "UgxGcjCLTIN9AqB_0tt4AaABAg",
            "reply_content": "\u9019\u983b\u9053\u53ea\u8981\u51fa\u73fe\u5728\u6211\u6e05\u55ae\u4e00\u6b21 \u6211\u5c31\u6aa2\u8209\u4e00\u6b21\u52a0\u5012\u8b9a"
        },
        {
            "reply_id": "UgxgCTVBd1whUC8QodR4AaABAg",
            "reply_content": "\u6211\u60f3\u8ddf\u4f60\u6df7"
        },
        {
            "reply_id": "UgzWAsRqWlbJo5646WZ4AaABAg",
            "reply_content": "\u6211\u6c92\u6709\u4f46\u6211\u9999\u60f3\u53bb"
        }
    ]
}