{
    "video_info": {
        "id": "qu5nsXLPUDU",
        "channelTitle": "\u597d\u68d2Bump",
        "title": "\u53f0\u7063\u70ba\u4f55\u9084\u6709\u67ec\u57d4\u5be8\u4e8b\u4ef6\uff1f\u627e\u5de5\u4f5c\u70ba\u4f55\u53c8\u6703\u88ab\u96c6\u5718\u63a7\u5236\uff01\uff1f\u3010\u597d\u68d2Bump\u3011",
        "description": "\u9019\u4e00\u6b21\u5f71\u7247\u539f\u5148\u4e26\u6c92\u6709\u5728\u6211\u8981\u62cd\u651d\u7684\u8a08\u5283\u5167\uff0c\u4f46\u525b\u597d\u9047\u5230\u4e86\u9019\u500b\u500b\u6848\uff0c\u800c\u4e14\u53f0\u7063\u6bcf\u5e74\u53c8\u6709\u90a3\u9ebc\u591a\u5b78\u751f\u88ab\u9a19\u53bb\u7576\u8eca\u624b\uff0c\u6700\u5f8c\u4e0b\u5834\u90fd\u6158\u4e0d\u5fcd\u7779\uff0c\u90a3\u6211\u5011\u5c31\u4e7e\u8106\u85c9\u9019\u500b\u6a5f\u6703\uff0c\u597d\u597d\u505a\u4e00\u96c6\u4f86\u8b66\u60d5\u5927\u5bb6\u5427\uff01\n\n#\u6c42\u8077\u8a50\u9a19 #\u5b78\u751f\u8b8a\u8eca\u624b #\u539f\u4f86\u6211\u4e00\u76f4\u518d\u9006\u5929\u800c\u884c\u54ea\n--------------------------------------------------------- \n\u4e0a\u4e00\u90e8\u5f71\u7247\u53ea\u8981\u8fa6\u5e33\u865f\u5c31\u9001300\u842c\u73fe\u91d1\uff01\uff1f\u865f\u53ec\u4e0a\u5343\u4eba\u6d17\u7206\u77e5\u540d\u4ea4\u6613\u6240\uff01\u3010\u597d\u68d2Bump\u3011https://youtu.be/X9Yocc0tK2g\n\n\u8001\u5b50\u7684IG\uff1ahttps://bit.ly/2JqmmIq\n\u8001\u5b50\u7684FB\uff1ahttps://bit.ly/2s3pwwb",
        "likeCount": "48356",
        "commentCount": "3896",
        "viewCount": "836130"
    },
    "comments": [
        {
            "reply_id": "UgxxxSnCaRbdW7L4z5p4AaABAg",
            "reply_content": "\u5982\u679c\u5ba3\u5c0e\u53ea\u505a\u8868\u9762\u529f\u592b\uff0c\u9019\u6a23\u7684\u6545\u4e8b\u53ea\u6703\u4e00\u518d\u91cd\u8907\u7684\u767c\u751f\u3002"
        },
        {
            "reply_id": "Ugw0QNRT0AqATSdkSHx4AaABAg",
            "reply_content": "\u6c92\u6709\u5e6b\u4ed6\u8b8a\u8072\u97f3\uff0c\u6703\u4e0d\u6703\u5371\u96aa\uff1f\uff1f"
        },
        {
            "reply_id": "UgzjBMhOODjgahrYvXd4AaABAg",
            "reply_content": "\u9019\u4e9b\u5e74\u8f15\u4eba\u7684\u7236\u6bcd\u5e74\u9f61\u525b\u597d\u5728\u4eba\u751f\u6700\u5fd9\u788c\u7684\u968e\u6bb5\uff0c\u8981\u5fd9\u5de5\u4f5c\u9084\u8981\u7167\u9867\u5e74\u9081\u7236\u6bcd\uff0c\u5e73\u5e38\u9802\u591a\u5c31\u662f\u770b\u770b\u65b0\u805e\u4e86\u89e3\u4e00\u4e9b\u6642\u4e8b\uff0c\u7d50\u679c\u65b0\u805e\u5a92\u9ad4\u90fd\u53ea\u5831\u4e00\u4e9b\u4e0d\u91cd\u8981\u7684\u9ce5\u4e8b\uff0c\u908424\u5c0f\u6642\u4e0d\u65b7\u5730\u91cd\u8907\uff0c\u5c0e\u81f4\u9019\u4e9b\u4e2d\u8001\u5e74\u4eba\u8b8a\u7b28\uff0c\u5e74\u8f15\u4eba\u4e5f\u53ea\u80fd\u50cf\u4e00\u96bb\u812b\u96e2\u6bcd\u96de\u7684\u5c0f\u96de\u4e00\u6a23\u300c\u81ea\u6c42\u591a\u798f\u300d\u4e86!"
        },
        {
            "reply_id": "UgwCH_l8sGgpVMqvTdJ4AaABAg",
            "reply_content": "\u5982\u679c\u8aaa\u8b93\u8b70\u54e1\u53bb\u5ba3\u5c0e\u5462\uff1f\u6216\u8005\uff0c\u662f\u8aaa\u8b93\u5019\u9078\u4eba\u53bb\u4e86\u89e3\uff0c\u8b93\u4ed6\u5011\u7ad9\u51fa\u4f86\u5e6b\u52a9\u9019\u4e9b\u8a72\u5e6b\u52a9\u4eba\uff1f\uff08\u96d6\u7136\u53ef\u80fd\u6027\u4e0d\u5927\uff0c\u4f46\u61c9\u8a72\u53ef\u4ee5\u8a66\u8a66\u770b\u5427\uff1f\uff09"
        },
        {
            "reply_id": "UgxexmOzSH_cpLaRJVx4AaABAg",
            "reply_content": "\u9019\u6709\u9ede\u5169\u96e3,\u7576\u793e\u6703\u53f8\u6cd5\u8f15\u653e\u904e\u9019\u4e9b\u8eca\u624b,\u5176\u5be6\u5c0d\u8a50\u9a19\u96c6\u5718\u800c\u8a00,\u53cd\u800c\u8ddf\u64bf\u5230\u6436\u4e00\u6a23."
        },
        {
            "reply_id": "Ugy19qv0ppBPQrap-T54AaABAg",
            "reply_content": "\u5176\u5be6\u4e0d\u8981\u6709\u8caa\u5ff5,\u5c31\u4e0d\u5bb9\u6613\u88ab\u9a19"
        },
        {
            "reply_id": "UgyGFxBLEFN8AdYIPVt4AaABAg",
            "reply_content": "\u5230\u5e95\u8981\u653f\u5e9c\u5e79\u561b\ud83d\ude02\u771f\u7684\u4e0d\u61c2\u53f0\u7063\u9078\u9019\u4e9b\u4eba\u51fa\u4f86\u5e79\u751a\u9ebc\u5403\u7684\u22ef\u22ef\u6253\u64ca\u8a50\u9a19\u90fd\u53ea\u5269\u53e3\u865f\u8ddf\u5ba3\u5c0e\u3002"
        },
        {
            "reply_id": "Ugz_VA3YcRPEwhL-faR4AaABAg",
            "reply_content": "\u4e0d\u77e5\u9053\u6211\u5011\u7684\u7e3d\u7d71\u5927\u9078\u6709\u54ea\u4f4d\u5019\u9078\u4eba\u7684\u653f\u898b\u662f\u6709\u5305\u542b\u53cd\u8a50\u9a19\u7684\u6216\u662f\u6539\u5584\u63aa\u65bd\uff0c\n\u611f\u89ba\u9019\u8ddf\u53cd\u8caa\u8150\u4e00\u6a23\u91cd\u8981\uff0c\u4e00\u500b\u662f\u76f4\u63a5\uff0c\u4e00\u500b\u662f\u9593\u63a5\uff0c\u90fd\u662f\u4eba\u6c11\u7684\u8840\u6c57\u9322\u3002"
        },
        {
            "reply_id": "UgyHJFktoYGSciEGqL54AaABAg",
            "reply_content": "\u6211\u4e5f\u60f3\u8981\u7576\u8eca\u624b"
        },
        {
            "reply_id": "UgwQ518x-5eHjmsp3t94AaABAg",
            "reply_content": "\u52a0\u6cb9\u5f88\u8f9b\u82e6\u4f46\u4f60\u5f88\u68d2\u4f60\u7684\u7238\u7238\u4e00\u5b9a\u70ba\u4f60\u611f\u5230\u9a55\u50b2\ud83d\udc4d"
        },
        {
            "reply_id": "UgxCpfyFRxDS7L706Ph4AaABAg",
            "reply_content": "\u90a3\u4e9b\u88ab\u9a19\u88ab\u903c\u8feb\u7684\u4eba\uff0c\u653f\u5e9c\u55ae\u4f4d\u5c45\u7136\u9084\u80fd\u8aaa\u98a8\u6dbc\u8a71\ud83d\ude21\u537b\u4e0d\u7a4d\u6975\u4f5c\u70ba\u628a\u9019\u4e9b\u8a50\u9a19\u96c6\u5718\u4e3b\u8166\u3001\u5e79\u90e8\u901a\u901a\u6293\u8d77\u4f86\u56b4\u61f2\uff0c\u771f\u7684\u662f\u807d\u7684\u4ee4\u4eba\u61a4\u6068\ud83e\udd2c\u641e\u5230\u73fe\u5728\u5c0d\u4efb\u4f55\u4eba\u3001\u4e8b\u90fd\u4e0d\u6562\u76f8\u4fe1\u90fd\u6015\u9047\u4e0a\u8a50\u9a19"
        },
        {
            "reply_id": "UgypJlE_CLg4ZcWsbNZ4AaABAg",
            "reply_content": "\u653f\u5e9c\u5c31\u662f\u8caa\u5a6a\u8150\u6557\u7684\u4e3b\u4eba\uff0c\u8981\u58de\u4eba\u6293\u58de\u4eba\uff1f\u9019\u5c31\u662f\u53f0\u7063\u7684\u73fe\u6cc1"
        },
        {
            "reply_id": "UgxpmnOzCs8WoX3Jeyd4AaABAg",
            "reply_content": "\u4ed4\u7d30\u60f3\u60f3\u80fd\u81ea\u884c\u53bb\u8a50\u9a19\u71df\u5340\u6551\u4eba\u7684 \u90fd\u662f\u4ed6\u5011\u81ea\u5df1\u4eba\u5427\uff1f\n\u6574\u500b\u64cd\u4f5c\u50cf\u662f\u63db\u500b\u65b9\u5f0f\u8a50\u9a19 \u96fb\u4fe1\u8a50\u9a19\u6539\u6210\u9a19YouTube\u9ede\u95b1\u7387\u8ddf\u6296\u5167"
        },
        {
            "reply_id": "UgwIlK5_kaN6SD3QXPt4AaABAg",
            "reply_content": "Bump \u51fa\u4f86\u9053\u6b49\uff0c\u6cd5\u9662\u8b49\u660e\u4f60\u8aaa\u8b0a\u9020\u8b20\u3002\n\u4f60\u6551\u56de\u4f86\u7684\u5c31\u662f\u6545\u610f\u8a50\u6b3a\u72af\u3002\u7576\u4e8b\u4eba\u4e5f\u627f\u8a8d\u4e86\u3002Bump\u6562\u505a\u6562\u7576\u50cf\u500b\u7537\u5b50\u6f22\u4e00\u6a23\u62cd\u5f71\u7247\u5411\u5916\u4ea4\u90e8\u9053\u6b49\u3002\u4e0d\u7136\u4ee5\u5f8c\u8def\u4e0a\u770b\u5230\u4f60\u5c31\u662f\u5410\u53e3\u6c34\u4e00\u8f29\u5b50\u77a7\u4e0d\u8d77\u4f60\u3002"
        },
        {
            "reply_id": "Ugy3jyQpfB6Sa5FfPPV4AaABAg",
            "reply_content": "\u516b\u5c3a\u9580\u7684\u8faf\u8b77\u4eba\u88e1\u9762\u6709\u4e00\u53e5\u8a71\u8aaa\uff1a\n\u300c\u53f8\u6cd5\u7cfb\u7d71\u5c31\u662f\u9019\u6a23\uff0c\u6709\u4eba\u6703\u7b28\u5230\u88ab\u9a19\u5e7e\u767e\u842c\uff0c\u6cd5\u5b98\u537b\u4e0d\u76f8\u4fe1\u6709\u4eba\u6703\u7b28\u5230\u56e0\u70ba\u5e7e\u5343\u584a\u88ab\u9a19\u53bb\u7576\u8eca\u624b\u3002\u6240\u4ee5\u5c31\u9023\u7b28\uff0c\u90fd\u6709\u5169\u7a2e\u6a19\u6e96\u3002\u300d\n\u4ee5\u76ee\u524d\u53f8\u6cd5\u5c0d\u65bc\u8eca\u624b\u7684\u8655\u7406\u65b9\u5f0f\uff0c\u6293\u5230\u7b2c\u4e00\u6b65\u5c31\u5148\u7981\u898b\uff0c\u5148\u58d3\u5169\u7968\u5171\u56db\u500b\u6708\uff0c\u4e0d\u6703\u7ba1\u76ee\u7684\u7406\u7531\u539f\u56e0\uff0c\u5c0d\u6aa2\u65b9\u4f86\u8aaa\u6709\u4eba\u505a\u8eca\u624b\uff0c\u5c31\u4e00\u5b9a\u6709\u8eca\u8001\u95c6\uff0c\u5c31\u4e00\u5b9a\u6709\u8a50\u9a19\u96c6\u5718\uff0c\u9019\u662f\u6574\u500b\u7522\u696d\u93c8\uff0c\u53ef\u8981\u900f\u904e\u4e00\u500b\u5c0f\u5c0f\u7684\u8eca\u624b\u7a81\u7834\u6574\u500b\u7522\u696d\u93c8\uff0c\u5c31\u597d\u6bd4\u8981\u901a\u904e\u4e00\u500b\u53f0\u7a4d\u96fb\u54e1\u5de5\uff0c\u53bb\u63a7\u5236\u6574\u500b\u534a\u5c0e\u9ad4\u7522\u696d\uff0c\u5c31\u662f\u7661\u4eba\u8aaa\u5922\uff0c\u6aa2\u5bdf\u5b98\u4e0d\u50bb\u77e5\u9053\u4e0d\u6703\u6709\u7d50\u679c\uff0c\u5c31\u7b97\u77e5\u9053\u4e5f\u6293\u4e0d\u5230\uff0c\u4f55\u6cc1\u9084\u771f\u5c31\u4ec0\u9ebc\u90fd\u4e0d\u77e5\u9053\uff0c\u6240\u4ee5\u62bc\u5169\u7968\u5f8c\u4ec0\u9ebc\u65b0\u4e8b\u8b49\u90fd\u6c92\u6709\u7684\u79fb\u4ea4\u9662\u65b9\uff0c\u9019\u4e2d\u9593\u53c8\u727d\u6d89\u5230\u4e09\u4eba\u4ee5\u4e0a\u70ba\u300c\u52a0\u91cd\u8a50\u6b3a\u300d\uff0c\u5373\u4f7f\u662f\u53ea\u6709\u4e00\u500b\u88ab\u6293\u4e5f\u662f\u52a0\u91cd\u8a50\u6b3a\uff0c\u70ba\u4e00\u5e74\u4ee5\u4e0a\u4e03\u5e74\u4ee5\u4e0b\u5f92\u5211\uff0c\u9662\u65b9\u5c0d\u5f85\u8eca\u624b\u4e00\u822c\u90fd\u662f\u5224\u4e00\u5e74\u591a\uff0c\u770b\u6b21\u6578\u4e0d\u770b\u91d1\u984d\uff0c\u4e00\u6b21\u4e00\u689d\u4e00\u7f6a\u4e00\u7f70\u6703\u5408\u4f75\uff0c\u5047\u8a2d\u4e09\u689d\uff0c\u4e00\u689d\u4e00\u5e74\u591a\u5408\u4f75\u5f8c\u5927\u6982\u5c31\u63a5\u8fd1\u5169\u5e74\uff0c\u6709\u548c\u89e3\uff0c\u6c92\u524d\u79d1\uff0c\u5224\u5169\u5e74\u5167\u5c31\u7d66\u7de9\u5211\uff0c\u6700\u53ef\u7b11\u7684\u662f\u8001\u95c6\u5982\u679c\u771f\u4e0d\u5c0f\u5fc3\u88ab\u6293\u4e86\uff0c\u4ed6\u7684\u91cf\u5211\u4e5f\u4e0d\u6703\u5dee\u591a\u5c11\uff0c\u4f9d\u7167\u4e0b\u9762\u7206\u5e7e\u689d\u4f86\u91cf\u5211\uff0c\u4f46\u901a\u5e38\u727d\u626f\u4e0d\u5230\u90a3\u9ebc\u9060\u4e86\uff0c\u5373\u4f7f\u96c6\u5718\u9996\u8166\u5728\u9762\u524d\u8eca\u624b\u4e5f\u8a8d\u4e0d\u5f97\u3002\n\u53f0\u7248\u67ec\u57d4\u5be8\u7684\u6848\u4f8b\uff0c\u4e5f\u662f\u500b\u69fd\u9ede\u6eff\u6eff\u7684\u72af\u7f6a\u96c6\u5718\uff0c\u9322\u6c92\u8cfa\u591a\u5c11\u7121\u671f\u597d\u5e7e\u689d\uff0c\u9019\u61c9\u8a72\u7b97\u662f\u63a7\u8c6c\u4ed4\u6293\u7684\u6bd4\u8f03\u5168\u7684\u4e00\u7d44\uff0c\u81f3\u5c11\u5927\u5927\u5c0f\u5c0f\u95dc\u4fc2\u6df1\u6dfa\u7684\u90fd\u6293\u4e86\uff0c\u53ea\u8981\u6cbe\u9ede\u908a\u7684\u90fd\u6c92\u9583\u6389\uff0c\u6574\u500b\u7d44\u7e54\u5167\u4e92\u76f8\u8a8d\u8b58\u7684\u4e00\u96bb\u624b\u90fd\u6578\u5f97\u51fa\uff0c\u53ef\u662f\u90a3\u53c8\u5982\u4f55\u5462\uff1f\u65b0\u805e\u5831\u6210\u9019\u6a23\uff0c\u793e\u6703\u5f71\u97ff\u9019\u9ebc\u5927\u4e86\uff0c\u4e5f\u53ea\u662f\u6293\u5230\u5c0f\u675c\u800c\u5df2\uff0c\u675c\u7684\u91d1\u6d41\u9084\u6709\u914d\u5408\u7684\u6a5f\u623f\uff0c\u65b0\u805e\u4e0a\u4e5f\u662f\u96bb\u5b57\u4e0d\u63d0\u5440\uff0c\u90a3\u662f\u6240\u6709\u4eba\u90fd\u778e\u9084\u662f\u6545\u610f\u4e0d\u6293\uff1f\n\u5176\u5be6\u90fd\u4e0d\u662f\uff0c\u6aa2\u8b66\u5df2\u7d93\u76e1\u5fc3\u76e1\u529b\u4e86\uff0c\u80fd\u628a\u9019\u4e9b\u5916\u570d\u7684\u4e0d\u80fd\u5728\u5916\u570d\u7684\u90fd\u627e\u51fa\u4f86\uff0c\u90a3\u53ea\u80fd\u8aaa\u5f8c\u9762\u7684\u771f\u6293\u4e0d\u5230\uff0c\u90fd\u4e0d\u5728\u570b\u5167\u8981\u600e\u9ebc\u6293\uff0c\u8aaa\u5230\u5e95\u9019\u6574\u500b\u96c6\u5718\u4e5f\u53ea\u662f\u7522\u696d\u93c8\u4e2d\u7684\u4e2d\u4e0b\u6e38\uff0c\u63a7\u8c6c\u4ed4\u9019\u4e8b\u5e7e\u5e74\u524d\u5c31\u6709\uff0c\u53ea\u662f\u4ee5\u524d\u4eba\u6c92\u90a3\u9ebc\u51b7\u8840\uff0c\u662f\u627e\u4e9b\u516c\u5712\u5e6b\u7684\u9084\u662f\u6c92\u9322\u8cb7\u85e5\u7684\uff0c\u7d66\u4ed6\u63d0\u4f9b\u5403\u559d\u6bd2\u54c1\u7d50\u675f\u5f8c\u62ff\u591a\u5c11\u9322\uff0c\u8981\u5e79\u561b\u96a8\u4fbf\u4ed6\uff0c\u4e0d\u80fd\u6709\u5c0d\u5916\u806f\u7e6b\u800c\u5df2\uff0c\u4e00\u96bb\u8c6c\u4ed4\u96a8\u4fbf\u90fd\u80fd\u5f04\u500b\u5e7e\u767e\uff0c\u4e0d\u81f3\u65bc\u8b93\u4eba\u767d\u6253\u5de5\uff0c\u53cd\u6b63\u793e\u6703\u554f\u984c\u4e0d\u662f\u73fe\u5728\u624d\u51fa\u73fe\uff0c\u4e00\u76f4\u90fd\u6709\u53ea\u662f\u624b\u6bb5\u66f4\u7121\u4e0b\u9650\u7f77\u4e86\u3002"
        },
        {
            "reply_id": "UgxwG9qd-7s5WWmCHYl4AaABAg",
            "reply_content": "\u5c31\u9023\u6700\u57fa\u672c\u7684\u627e\u5de5\u4f5c\u90fd\u8981\u9019\u6a23\u5c0f\u5fc3\u9084\u4e0d\u80fd\u5b89\u5fc3\ud83d\ude22\ud83d\ude2e\u771f\u7684\u5e0c\u671b\u5927\u5bb6\u90fd\u53ef\u4ee5\u6ce8\u610f\u81ea\u5df1\u4e5f\u6ce8\u610f\u8eab\u65c1\u7684\u4eba\ud83d\udc9e"
        },
        {
            "reply_id": "UgxCjg0ylIz3splhvN54AaABAg",
            "reply_content": "\u8b1d\u8b1d\u4f60\u5011\u70ba\u81fa\u7063\u4ed8\u51fa\u9019\u9ebc\u591a\uff0c\u81fa\u7063\u4eba\u6c11\u4e0d\u9700\u8981\u53ea\u6703\u9078\u8209\u7684\u653f\u5e9c\u3002"
        },
        {
            "reply_id": "UgyWMwBGxFFsGY8BnSd4AaABAg",
            "reply_content": "\u653f\u5e9c\u53ea\u6703\u5ba3\u5c0e\u8b1b\u5c41\u8a71\u7c89\u98fe\u592a\u5e73\uff0c\u6839\u672c\u4ec0\u9ebc\u5be6\u969b\u4f5c\u70ba\u90fd\u6c92\u6709\uff0c\u53f0\u7063\u73fe\u5728\u6703\u6210\u70ba\u8a50\u9a19\u5cf6\u4e00\u65b9\u9762\u4e5f\u662f\u56e0\u70ba\u653f\u5e9c\u5bf5\u51fa\u4f86\u7684"
        },
        {
            "reply_id": "Ugzbb42dcAuPchbN3NZ4AaABAg",
            "reply_content": "\u653f\u5e9c\u8a72\u505a\u7684\u4e8b \u7559\u7d66\u7db2\u7d05\u505a\n\u57f7\u653f\u8005\u662f\u5728\u885d\u5565\u5c0f \u5e79"
        },
        {
            "reply_id": "Ugyuq5s1aQIkq9OCeDZ4AaABAg",
            "reply_content": "\u6211\u4e4b\u524d\u5728\u81c9\u66f8\u4e0a\u6709\u770b\u5230\u4e00\u500b\u5fb5\u4eba\u7684\u5ee3\u544a\npo\u5728\u4e0a\u9762\u7684\u8cc7\u8a0a\u6a21\u7cca\u4e0d\u6e05\n\u4e0a\u9762\u9023\u6700\u7d42\u5730\u9ede\u5728\u54ea\u90fd\u4e0d\u77e5\u9053\n\u53ea\u77e5\u9053\u54ea\u88e1\u6709\u63a5\u99c1\u8eca\n\u8a73\u7d30\u5de5\u4f5c\u5167\u5bb9\u4e5f\u6c92\u6709\u660e\u5beb\n\u53ea\u77e5\u9053\u7591\u4f3c\u662f\u7c21\u55ae\u7684\u5de5\u4f5c\n\u4f46\u5beb\u51fa\u7684\u85aa\u6c34\u6bd4\u4e00\u822c\u7684\u9ad8\u4e00\u9ede\n\u6bd4\u5982\u4e00\u822c\u7c21\u55ae\u5e38\u65e5\u73ed\u5de5\u4f5c\uff0c\u5982\u884c\u653f\u6216\u73fe\u5834\u4f5c\u696d\u54e1\n\u6b63\u5e38\u958b\u50f9\u6703\u843d\u5728\u57fa\u672c\u85aa\u8cc7\u523030K\u5de6\u53f3\n\u90a3\u500b\u8a9e\u7109\u4e0d\u8a73\u7684\u5de5\u4f5c\u85aa\u8cc7\u958b\u51fa30K~35K\n\u9084\u8aaa\u8a73\u7d30\u60c5\u6cc1\u8981\u52a0line\u6216\u96fb\u8a71\u8a62\u554f\u7a97\u53e3\n\n\u7576\u6642\u7d66\u6211\u770b\u9019\u500bpo\u6587\u7684\u670b\u53cb\u770b\u8d77\u4f86\u771f\u7684\u6709\u5fc3\u52d5\n\u54ea\u6015\u77e5\u9053\u5f88\u53ef\u7591\n\u7576\u4e0b\u5c31\u6709\u8ddf\u5979\u5206\u6790\u904e\u98a8\u96aa\n\u6c92\u6709\u660e\u78ba\u963b\u6b62\u5979\u806f\u7e6b\u5c0d\u65b9\n\uff08\u672c\u8eab\u6709\u5de5\u4f5c\u6240\u4ee5\u6c92\u7279\u5225\u95dc\u6ce8\u9019\u584a\uff0c\u53ea\u80fd\u5224\u65b7\u7591\u4f3c\u8a50\u9a19\u98a8\u96aa\u9ad8\uff09\n\u90a3\u5929\u665a\u4e0a\u5c31\u770b\u5230\u81c9\u66f8\u5de5\u4f5c\u8a50\u9a19\u7684\u65b0\u805e\n\u99ac\u4e0a\u8b93\u5979\u627e\u5176\u4ed6\u5de5\u4f5c\u6bd4\u8f03\u5b89\u5168\ud83d\ude05"
        }
    ]
}