{
    "video_info": {
        "id": "RkY0dIppwPY",
        "channelTitle": "\u597d\u68d2Bump",
        "title": "\u6211\u9047\u5230\u4e86\u96fb\u5546\u8a50\u9a19\u96c6\u5718\uff01\u8ca8\u5230\u4ed8\u6b3e\u8ce3\u5047\u8ca8\uff01\u5831\u8b66\u7adf\u4e5f\u6c92\u7528\uff01\uff1f\u3010\u597d\u68d2Bump\u3011",
        "description": "\u5927\u5bb6\u81ea\u5df1\u6ce8\u610f\u4e00\u4e0b \n\u4e0d\u8981\u518d\u88ab\u9a19\u4e86.....\n\u7136\u5f8c\u6211\u597d\u4e45\u6c92\u767c\u7247\uff0c\n\u6d41\u91cf\u597d\u4f4e\uff0c\u6211\u662f\u5783\u573e\u3002\n\n#\u96fb\u5546\u8a50\u9a19 #\u5831\u8b66\u7121\u6548 #\u6211\u7684\u9322\u6c92\u4e86\n--------------------------------------------------------- \r\n\u4e0a\u4e00\u90e8\u5f71\u7247\u6211\u53bb\u53c3\u52a0\u9152\u7cbe\u5fae\u7a4d\u5206\u5927\u8cfd\uff01\u7adf\u6253\u6557\u53f0\u5927\u7269\u7406\u7cfb\uff01\uff1f\u723d\u8cfa5000\u5143\uff01\u3010\u597d\u68d2Bump\u3011\u3010\u5fae\u7a4d\u5206\u934a\u91d1\u8853\u3011https://youtu.be/M_LRdT-RF5I\r\n\r\n\u8001\u5b50\u7684IG\uff1ahttps://bit.ly/2JqmmIq\r\n\u8001\u5b50\u7684FB\uff1ahttps://bit.ly/2s3pwwb",
        "likeCount": "16496",
        "commentCount": "1306",
        "viewCount": "1102907"
    },
    "comments": [
        {
            "reply_id": "Ugwo918wmQw8Nh_aoXd4AaABAg",
            "reply_content": "\u9019\u662f\u7f6e\u9802\u7559\u8a00\ud83d\ude09"
        },
        {
            "reply_id": "UgzQwgzyKsgqb6nk3yB4AaABAg",
            "reply_content": "\u611f\u8c22\u60a8\u7684\u7528\u5fc3\u63d0\u4f9b\u7ed9\u6211\u4eec\u6700\u65b0\u7684\u8bc8\u9a97\u5206\u624b\u6cd5\u3002\u60a8\u5229\u7528\u81ea\u5df1\u7684\u5b9d\u8d35\u65f6\u95f4\u6765\u5e94\u4ed8\u8bc8\uff08\u6e23\uff09\u9a97\u56e2\uff0c\u503c\u5f97\u8868\u626c\uff0c\u656c\u4f69\u60a8\u3002\ud83d\udc4d"
        },
        {
            "reply_id": "Ugw3DubyEp1f1TM9xJJ4AaABAg",
            "reply_content": "\u6211\u662f\u99ac\u4f86\u897f\u4e9e\u7684\u89c0\u773e\uff0c2023\u5e74\u7684\u73fe\u5728\uff0c\u6700\u8fd1\u99ac\u4f86\u897f\u4e9e\u4e5f\u51fa\u73fe\u4e86\u8a31\u591a\u7684\u9a19\u5c40\uff0c\u6709\u4e9b\u548c\u60a8\u88fd\u4f5c\u7684\u8996\u983b\u63d0\u5230\u7684\u6709\u6240\u96f7\u540c\uff0c\u770b\u4f86\u8cb4\u570b\u5e7e\u5e74\u524d\u7684\u9a19\u8853\u88ab\u56de\u6536\u6ef2\u900f\u5230\u6211\u5011\u570b\u5bb6\u4f86\u4e86\uff0c\u5728\u99ac\u4f86\u897f\u4e9e\u9019\u88e1\u5927\u884c\u5176\u9053\uff0c\u6211\u5f97\u597d\u597d\u770b\u770b\u60a8\u7684\u5404\u500b\u8996\u983b\uff0c\u65b9\u77e5\u9053\u8a50\u9a19\u80cc\u5f8c\u932f\u7d9c\u8907\u96dc\u3002\u6211\u771f\u5f97\u597d\u597d\u7684\u722c\u8996\u983b\u5b78\u7fd2\u597d\u9632\u6b62\u88ab\u9a19\u3002"
        },
        {
            "reply_id": "UgzvTl3zLWDOygG9-VB4AaABAg",
            "reply_content": "\u4e0d\u8981\u53bb\u81c9\u66f8\u8cb7\u5546\u54c1\uff0c\u770b\u4e86\u81ea\u5df1\u559c\u6b61\u7684\u6771\u897f\u4e00\u5b9a\u8981\u5148\u53bb\u8766\u76ae\u641c\u5c0b\u518d\u53bb\u770b\u4e0b\u65b9\u8cb7\u5bb6\u7684\u8a55\u50f9\uff0c\u78ba\u8a8d\u6c92\u554f\u984c\u5f8c\u4e5f\u8981\u5728\u8766\u76ae\u4e0b\u55ae\uff0c\u624d\u4e0d\u6703\u88ab\u859b\u5f88\u591a\u9322\u3002\u7701\u9322\u5c0f\u6280\u5de7\u54c8\u54c8~"
        },
        {
            "reply_id": "Ugwp2iXIYvx3GskR44J4AaABAg",
            "reply_content": "\u9019\u500b\u5305\u88dd\u6709\u9ede\u719f\u6089\u554a\uff01\u6211\u8a18\u5f97\u4ed6\u662f\u8981\u53e6\u5916\u52a0\u96d9\u6c27\u4e73\u7684\ud83d\ude02"
        },
        {
            "reply_id": "UgyoYH0y0nVDfjmlTe94AaABAg",
            "reply_content": "\u4eba\u6027\u5230\u982d\u4f86\u53ea\u6709\u9a19\uff0c\u9019\u4e9b\u4eba\u6b8a\u4e0d\u77e5\u82e6\u96e3\u7684\u5730\u7344\u7b49\u5728\u4ed6\u5011\u524d\u65b9"
        },
        {
            "reply_id": "UgwvKdvPCa8nox3bjel4AaABAg",
            "reply_content": "\u7b49\u7b49\u6240\u4ee5\u67d3\u9aee\u818f\u6700\u5f8c\u53ef\u4ee5\u7528\u55ce \u770b\u5f71\u7247\u6700\u5f8c\u984f\u8272\u6709\u8b8a\u6b38"
        },
        {
            "reply_id": "UgwelY63q6RvBbQtvdx4AaABAg",
            "reply_content": "\u6700\u8fd1\u8ff7\u4e0a\u770b\u4f60\u7684\u5f71\u7247\uff01\u4e4b\u524d\u7684\u90fd\u8981\u5237\u5b8c\u4e86"
        },
        {
            "reply_id": "Ugwwrmac2fMTrrRiiqJ4AaABAg",
            "reply_content": "\u770b\u5230\u6c92\u6709? \u5c31\u662f\u9019\u7a2e\u74b0\u5883\u6240\u4ee5\u8a50\u9a19\u624d\u6703\u56c2\u5f35\u76db\u884c\u7684, \u5927\u5bb6\u90fd\u8aaa\u6c92\u8fa6\u6cd5"
        },
        {
            "reply_id": "UgwvQWZJoAqCvzmySn94AaABAg",
            "reply_content": "\u6211\u807d\u5230\u5ba2\u670d\u5598\u6c23\u7684\u8072\u97f3"
        },
        {
            "reply_id": "UgwHY8RuXsLrbWEINbx4AaABAg",
            "reply_content": "\ud83e\udd14\u6211\u5011\u8981\u5982\u4f55\u8b93\u653f\u5e9c\u6210\u7acb\u4e00\u500b\u65b0\u7684\u516c\u8077\u55ae\u4f4d\uff0c\u8ca0\u8cac\u6293\u8ddf\u8a50\u9a19\u8a50\u8853\u6709\u95dc\u7684\u55ae\u4f4d\u3002\n\ud83e\udd14\u6211\u600e\u9ebc\u89ba\u5f97\uff0c\u6211\u5011\u53ef\u4ee5\u627e\u7684\u9019\u4e00\u7cfb\u5217\u76f8\u95dc\u55ae\u4f4d\uff0c\uff0c\u5e7e\u4e4e\u67099\u6210\u4ee5\u4e0a\uff0c\u90fd\u662f\u62b1\u8457\u4e00\u7a2e\u5c31\u7b97\u6c92\u6709\u8655\u7406\uff0c\u6c92\u6709\u4efb\u4f55\u4f5c\u70ba\uff0c\u4e5f\u662f\u53ef\u4ee5\u652f\u9818\u4e00\u6a23\u85aa\u6c34\u7684\u5fc3\u614b\u7684\u6e2f\u89ba\u5462\uff1f\ud83e\udd14\n\n\ud83d\ude21\u4e5f\u5305\u542b\u5982\u4f55\u5c07\u6240\u8b02\u7684\u6293\u58de\u4eba\u7684\u8b66\u5bdf\uff0c\u7adf\u7136\u4e5f\u5728\u4f7f\u7528\u683d\u8d13\u5ac1\u798d\uff0c\u8a2d\u5c40\u8aa3\u9677\uff0c\u9677\u5bb3\u4e00\u822c\u6c11\u773e\uff0c\u4f86\u5efa\u7acb\u5b83\u7684\u7e3e\u6548\u7684\u27a1\ufe0f\u6293\u60e1\u8cea\u8b66\u5bdf\u5462\uff1f\ud83d\ude21"
        },
        {
            "reply_id": "Ugw9UfjQeIP_cQrnO9l4AaABAg",
            "reply_content": "\u591a\u8a02\u5e7e\u7d44\uff0c\u4f86\u4e86\u4e0d\u8981\u53d6\u8ca8\uff0c\u770b\u4ed6\u600e\u9ebc\u71df\u904b~~"
        },
        {
            "reply_id": "Ugy9TZUM0xnF53vDdSh4AaABAg",
            "reply_content": "\u4e3b\u6301\u4eba\u548c\u88fd\u4f5c\u4eba\u8b1d\u8b1d\uff0c\u52a0\u6cb9 \u611f\u8b1d\u7528\u5fc3\u63d0\u4f9b\u73fe\u5728\u6700\u65b0\u8a50\u9a19\u624b\u6cd5"
        },
        {
            "reply_id": "Ugz9-D58Ve2UH7rUEtt4AaABAg",
            "reply_content": "\u8ca8\u5230\u4ed8\u6b3e \u61c9\u8a72\u6709\u6536\u9322\u5e33\u865f\u5427\uff1f\n\n\u5982\u679c\u7576\u4e0b\u5831\u8b66\uff0c\u5728\u540c\u4e00\u5929\u8ca8\u904b\u516c\u53f8\u4e0d\u80fd\u6b62\u4ed8\u55ce\uff1f"
        },
        {
            "reply_id": "UgzRoFP0R3evn-9zX1J4AaABAg",
            "reply_content": "\u5148\u751f\uff1a\u60a8\u5011\u662f\u5c6c\u65bc\u6b63\u7fa9\u53c8\u71b1\u8840\u7684\u5e74\u8f15\u4eba\uff0c\u8acb\u62ff\u5230\u8ca8\u99ac\u4e0a\u7528\u5728\u81ea\u5df1\u8eab\u4e0a\uff0c\u672a\u514d\u592a\u5371\u96aa\u4e86\u3002\u4e0b\u6b21\u8acb\u505a\u4e00\u4e9b\u6e2c\u8a66\uff0c\u7121\u8aa4\uff0c\u518d\u5f80\u8eab\u4e0a\u4efb\u4f55\u4e00\u90e8\u4efd\u5857\u62b9\u3002\u597d\u55ce\uff1f\u8036\u7a4c\u611b\u60a8\u5011\uff01"
        },
        {
            "reply_id": "UgzjGpacczgvtN8rYrV4AaABAg",
            "reply_content": "\u4e4b\u524d\u505a\u904e\u300c\u6771X\u627f\u6514\u300d\u5982\u679c\u5c0d\u8ca8\u5230\u4ed8\u6b3e\u88ab\u9a19\u7684\u5f88\u719f\u6089\uff0c\u61c9\u8a72\u6703\u77e5\u9053\u9019\u4e2d\u9593\u7684\u8f49\u904b\u7ad9\u4e5f\u7b97\u662f\u5831\u95dc\u884c\uff0c\u4f46\u4e0d\u662f\u8a50\u9a19\uff0c\u6211\u5e7e\u4e4e\u80fd\u63a5\u5230\u96fb\u8a71\u76e1\u529b\u4e8c\u8a71\u4e0d\u8aaa\u300c\u4f60\u4e00\u5b9a\u88ab\u9a19\u4e86\uff0c\u6211\u5e6b\u4f60\u505a\u9000\u6b3e\u6d41\u7a0b\u300d\u4f46\u63a5\u4e0d\u5230\u7684\u5225\u61f7\u7591\uff0c\u96fb\u8a71\u8072\u5f9e\u4f86\u6c92\u6709\u505c\u904e\uff0c\u52a0\u4e0a\u5ba2\u670d\u624d\u4e00\u500b\u3002\n\u6709\u4e9b\u6703\u8aaa\u300c\u4e0d\u7528\u5566\uff0c\u6211\u89ba\u5f97\u6211\u61c9\u8a72\u8ddf\u8ce3\u5bb6\u806f\u7d61...\u300d\u53e6\u4e00\u7a2e\u6703\u8aaa\u300c\u6211\u8981\u544a\u6b7b\u4f60\u5011\uff0c\u96fb\u8a71\u6253\u90a3\u9ebc\u4e45\u90fd\u4e0d\u63a5\uff0c\u7b49\u7b49\u6211\u8981\u5831\u8b66!!!\u300d\u9084\u6709\u4e00\u7a2e\u8d85\u5c08\u696d\u76f4\u63a5\u8aaa\u300c\u6211\u8981\u9000\u6b3e\uff0c\u96fb\u8a71...\u5927\u540dXXX...\u7d66\u6211\u50b3\u771f\u865f\u78bc\uff0c\u7b49\u7b49\u6211\u50b3\u6211\u7684\u5e33\u6236\u904e\u53bb\u3002\u300d\n\u6709\u6642\u9047\u5230\u9738\u4f54\u7dda\u8def\u4e0d\u639b\uff0c\u62fc\u547d\u7f75\u5ba2\u670d\u8a50\u9a19\u7684\uff0c\u9023\u516c\u53f8\u7684\u8cc7\u6df1\u723a\u723a\u66ff\u6211\u62ff\u96fb\u8a71\u7f75\u56de\u53bb\u300c\u4e0d\u8981\u4e82\u8cb7\u7db2\u8def\u6771\u897f!!!\u611b\u53f0\u8ca8\uff0c\u8cb7\u53f0\u7063\u6771\u897f\u597d\u561b!!!\u300d\u96d6\u7136\u9019\u4e0d\u8a72\u662f\u4ed6\u7684\u5de5\u4f5c\uff0c\u4f46\u6211\u70ba\u4e86\u4e00\u901a\u62b1\u6028\u96fb\u8a71\uff0c\u6c92\u8fa6\u6cd5\u53bb\u5e6b\u5176\u4ed6\u4eba\u7528\u9000\u6b3e\u4e8b\u5b9c\uff0c\u5982\u679c\u5927\u5bb6\u6709\u53bb\u61c9\u5fb5\u904e\uff0c\u5c31\u77e5\u9053\u627f\u6514\u3001\u5831\u95dc\u5c31\u662f\u4e00\u500b\u8f49\u904b\u7ad9\u7f77\u4e86\uff0c\u4e0a\u9762\u9084\u6709\u4e00\u500b\u4e2d\u570b\u8d85\u5927\u7684\u8f49\u904b\u4e2d\u5fc3\u9ede\uff0c\u4e26\u4e0d\u662f\u90a3\u9ebc\u5bb9\u6613\u627e\u5230\u8ce3\u5bb6\u7684\uff0c\u5bc4\u4f86\u53f0\u7063\u6642\u5019\uff0c\u5c31\u53ea\u662f\u4e00\u500b\u8f49\u904b\u4e2d\u5fc3\u540d\u7fa9\u5bc4\u4f86\u7684\u3002"
        },
        {
            "reply_id": "UgwEcWwgEX8UMI-EOOx4AaABAg",
            "reply_content": "\u9664\u4e86\u4f7f\u7528\u7b2c\u4e09\u65b9\u5e73\u53f0\u4ee5\u5916\u7684\u5730\u65b9\u90fd\u5225\u8cb7"
        },
        {
            "reply_id": "UgxA1TW4qeAzDnqkHl54AaABAg",
            "reply_content": "\u8aaa\u771f\u7684\n\u4e00\u822c\u4eba\u90fd\u88ab\u9a19\u500b\n\u5e7e\u767e\u584a\n\u6839\u672c\u4e0d\u6703\u60f3\u53bb\u5831\u6848\n\u592a\u6d6a\u8cbb\u6642\u9593\u4e86\n\n\u5c31\u81ea\u8a8d\u5012\u9709\u5427"
        },
        {
            "reply_id": "UgzerIliw8mxNWKFSU54AaABAg",
            "reply_content": "\u6709\u6c92\u6709\u4e00\u7a2e\u53ef\u80fd\uff0c\u662f\u4f60\u5011\u7528\u7684\u65b9\u5f0f\u932f\u4e86"
        },
        {
            "reply_id": "Ugz0M9IZV7GgPeYbxhZ4AaABAg",
            "reply_content": "\u900f\u8996\u773c\u93e1\u771f\u7684\u6703\u7b11\u6b7b"
        }
    ]
}