{
    "video_info": {
        "id": "roGnu7b-L8Q",
        "channelTitle": "\u597d\u68d2Bump",
        "title": "\u5fc3\u60c5\u5dee\u5230\u7206\uff01\u6012\u5237\u4e3b\u64ad20\u842c\uff01\u770b\u5979\u80fd\u4e0d\u80fd\u8b93\u6211\u723d\u4e00\u9ede\uff01\u3010\u597d\u68d2Bump\u3011\u3010\u966a\u804a\u934a\u91d1\u8853\u3011",
        "description": "\u6709\u81bd\u4f86Miya\u5237\u9322\u7d66\u6211\u554a\uff01https://bit.ly/36LLXs7\n\n\u56e0\u70ba\u90a3\u5929\u5fc3\u60c5\u5f88\u5dee\uff0c\u6240\u4ee5\u5c31\u62cd\u4e86\u4e00\u652f\u9019\u6a23\u7684\u7247\u4e86\u3002\n\n#\u6012\u523720\u842c #\u79c1\u5bc6\u5c0f\u623f\u9593 #\u966a\u804a\u5e2b\u597d\u96e3\u7576\n--------------------------------------------------------- \r\n\u4e0a\u4e00\u90e8\u5f71\u7247 \u5be6\u6e2c\uff01\u704c\u9189\u5ba2\u4eba\u518d\u63a8\u92b7\u5546\u54c1\uff01\u80fd\u8b93\u4ed6\u5011\u82b1\u66f4\u591a\u9322\u55ce\uff1f\u3010\u597d\u68d2Bump\u3011\u3010\u704c\u9189\u934a\u91d1\u8853\u3011https://youtu.be/RgxXi1zObMI\r\n\r\n\u8001\u5b50\u7684IG\uff1ahttps://bit.ly/2JqmmIq\r\n\u8001\u5b50\u7684FB\uff1ahttps://bit.ly/2s3pwwb",
        "likeCount": "12459",
        "commentCount": "475",
        "viewCount": "1024968"
    },
    "comments": [
        {
            "reply_id": "Ugy65NOz0SWHP5DEEtt4AaABAg",
            "reply_content": "\u5e0c\u671b\u4f60\u7684\u72d7\u80fd\u5e73\u5b89\u5065\u5eb7"
        },
        {
            "reply_id": "UgwTQX2t6J-iUO-3I6F4AaABAg",
            "reply_content": "\u51f1\u5b50"
        },
        {
            "reply_id": "UgxukOxhIKcIlKRYyO14AaABAg",
            "reply_content": "\u7b2c\u4e8c\u500b\u5973\u751f\u662f\u4e0d\u662f\u4e4b\u524d\u958b\u7bb1\u5947\u8469\u623f\u79df\u90a3\u4f4d\u5973\u751f\uff1f"
        },
        {
            "reply_id": "UgzwgtRcH__54PAEu854AaABAg",
            "reply_content": "\u70ba\u751a\u9ebc\u4f60\u54ea\u9ebc\u6709\u9322? \u53ef\u4ee5\u900f\u9732\u4e00\u4e0b\u55ce"
        },
        {
            "reply_id": "Ugwe9gPNeTCTPuPt62p4AaABAg",
            "reply_content": "\u9019\u6642\u5019\u9084\u6c92\u6709\u5fc3\u7406\u75be\u75c5?"
        },
        {
            "reply_id": "Ugxz-luiP5uwPS0MTJx4AaABAg",
            "reply_content": "\u4e0d\u6234\u5957\u6211\u771f\u7684\u7b11\u6b7b\ud83d\ude02"
        },
        {
            "reply_id": "UgwhPCgmhBOaJ0dCiFB4AaABAg",
            "reply_content": "\u611f\u89ba\u90a3\u500b\u5973\u751f\u5f88\u5c37\u5c2c"
        },
        {
            "reply_id": "Ugw9Se13jmbD8cEvRN14AaABAg",
            "reply_content": "\u90a3\u500b\u53eb\u62b9\u8336\u7684 \u73fe\u5728\u90fd\u7d50\u5a5a\u4e86 \u54c8\u54c8"
        },
        {
            "reply_id": "Ugxo2ejlVlz-f9GJZop4AaABAg",
            "reply_content": "\u53eb\u679c\u679c\u5531\u5c0f\u6469\u6258\uff0c\u679c\u679c\u6703\u760b\u6389"
        },
        {
            "reply_id": "UgxI33AD9FxcXxoX0KZ4AaABAg",
            "reply_content": "\u7a81\u7136\u767c\u73fe\u9019\u500b\u5973\u751f\u8072\u97f3\u8ddf\u79df\u5230\u795e\u5947\u8a2d\u8a08\u7684\u623f\u5b50\u7d50\u5c3e\u90a3\u500b\u5973\u751f\u597d\u50cf\ud83d\ude02"
        },
        {
            "reply_id": "UgyBNbLRCDJ4MsIAr3d4AaABAg",
            "reply_content": "\u6296\u5167\u90fd\u767d\u3114"
        },
        {
            "reply_id": "UgzIkT24yXfxsZ_E2EB4AaABAg",
            "reply_content": "\u771f\u7684\u6703\u7b11\u6b7b"
        },
        {
            "reply_id": "UgzJmgxkSQ29ptYQs3p4AaABAg",
            "reply_content": "\u6642\u85aa\u4e00\u5343\u591a\n\u597d\u50cf\u883b\u4e0d\u932f\u7684"
        },
        {
            "reply_id": "UgybD6Y6JhDWevBk6VV4AaABAg",
            "reply_content": "\u7b2c\u4e00\u500b\u5973\u751f\u7684\u5f8c\u7e8c\u54e9"
        },
        {
            "reply_id": "UgycEJ5wRAie3ZS7DwZ4AaABAg",
            "reply_content": "\u9152\u653e\u5728\u5169\u8173\u4e2d\u9593\uff0c\u5f88\u50cf\u8001\u4e8c\u51f8\u8d77"
        },
        {
            "reply_id": "Ugyc921QMFfjlsJ3m4F4AaABAg",
            "reply_content": "\u641e\u7b11\uff0c\u800d\u5ee2\uff0c\u64fa\u721b\uff0c\u90fd\u53ef\u4ee5\uff0c\u9019\u88e1\u4f60\u5c31\u662f\u8001\u5927\uff0c\u5225\u7ba1\u8ab0\u8aac\u4ec0\u9ebc\uff0c\u4e0d\u723d\u53eb\u4ed6\u5011\u4e0d\u8981\u770b\u3002\u500b\u4eba\u559c\u597d\u4e0d\u540c\uff0c\u9053\u4e0d\u540c\u4e0d\u76f8\u70ba\u8b00\u3002\u7ba1\u4ed6\u5011\u5e79\u561b\u3002"
        },
        {
            "reply_id": "UgwpKIHSa9Cikf5XwRF4AaABAg",
            "reply_content": "\u5929\u5440\uff01\u9322\u662f\u9019\u6a23\u82b1\u7684\u3002"
        },
        {
            "reply_id": "UgxzjQlug_0c0Hmsc914AaABAg",
            "reply_content": "\u600e\u9ebc\u6709\u5c0f\u6469\u6258"
        },
        {
            "reply_id": "UgwtoRlEY4JWY8l9HXx4AaABAg",
            "reply_content": "\u6709\u9322\u771f\u597d \u6709\u9322\u5c31\u6709\u54a9"
        },
        {
            "reply_id": "UgwO-AqQBeohhsiFSZt4AaABAg",
            "reply_content": "\u54c7!\u6c92\u60f3\u5230\u5f8c\u9762\u7684\u90a3\u500b\u5973\u751f\u6703\u9019\u9ebc\u64a9\u7537\u751f"
        }
    ]
}