{
    "video_info": {
        "id": "s1GbXKbvOxM",
        "channelTitle": "\u597d\u68d2Bump",
        "title": "\u6211\u79df\u5230\u4e00\u9593\u8d85\u721b\u7684\u65b0\u5bb6\uff01\u4f60\u662f\u8a2d\u8a08\u623f\u5b50\u9084\u662f\u8a2d\u8a08\u6211....\uff1f\u3010\u597d\u68d2Bump\u3011",
        "description": "\u4eca\u5929\u6c92\u4ec0\u9ebc\uff0c\u5c31\u8056\u8a95\u7bc0\u5206\u4eab\u6211\u7684\u65b0\u5bb6\u7d66\u5927\u5bb6\u7b11\u4e00\u4e0b\u3002\n\n#32\u5ea6\u71b1\u6c34\u6fa1 #\u6b67\u8996\u77ee\u5b50\u7684\u9580 #\u5171\u4eab\u7384\u95dc\n\n\u6210\u70ba\u9019\u500b\u983b\u9053\u7684\u6703\u54e1\u4e26\u7372\u5f97\u734e\u52f5\uff1a\nhttps://www.youtube.com/channel/UC7XxnhjdYjiQJ3m80K_N_4g/join\n\n--------------------------------------------------------- \r\n\u4e0a\u4e00\u90e8\u5f71\u7247 \u8e22\u7206\uff01\u96fb\u4fe1\u7e8c\u7d04\u5077\u52a0\u5f71\u97f3\u670d\u52d9\uff01\uff1f\u9580\u5e02\u8cb7IPhone\u9084\u88ab\u4e82\u52a0\u50f9\uff01\uff1f\u3010\u597d\u68d2Bump\u3011\u3010\u9000\u6b3e\u934a\u91d1\u8853\u3011https://youtu.be/4vx454_tq24\r\n\r\n\u8001\u5b50\u7684IG\uff1ahttps://bit.ly/2JqmmIq\r\n\u8001\u5b50\u7684FB\uff1ahttps://bit.ly/2s3pwwb",
        "likeCount": "23028",
        "commentCount": "1782",
        "viewCount": "1212702"
    },
    "comments": [
        {
            "reply_id": "UgwId6t05h3N93yWqHB4AaABAg",
            "reply_content": "\u9019\u7247\u600e\u9ebc\u6bcf\u6b21\u770b\u6bcf\u6b21\u90fd\u597d\u7b11\ud83e\udd23\ud83e\udd23"
        },
        {
            "reply_id": "Ugxd1oUKS5hOv9ia4Rd4AaABAg",
            "reply_content": "\u6700\u7d93\u5178\u7684\u662f\uff0c\u4f60\u8981\u5148\u7d93\u904e\u5eda\u623f\u624d\u5230\u5bb6\ud83e\udd23\ud83e\udd23\u9019\u6a23\u624d\u4e0d\u6703\u5438\u592a\u591a\u6cb9\u7159\ud83d\ude02\ud83d\ude02\ud83d\ude02"
        },
        {
            "reply_id": "UgxcbA_BmLfqnu5cpNd4AaABAg",
            "reply_content": "\u5982\u679c\u4f60\u5728\u623f\u9593\u5fd8\u8a18\u95dc\u5ba2\u5ef3\u71c8\u4e0d\u7528\u5728\u8d70\u5230\u5ba2\u5ef3\uff0c\u61f6\u4eba\u5c08\u7528"
        },
        {
            "reply_id": "UgzWaesL86H5iqi-pGx4AaABAg",
            "reply_content": "\u5176\u4ed6\u9084\u597d \u4f46\u8981\u5148\u7d93\u904e\u5eda\u623f\u624d\u80fd\u5230\u5bb6\u9019\u771f\u7684\u5f88\u5947\u602a\ud83d\ude02"
        },
        {
            "reply_id": "UgwYYtuQm7t--KVaSVJ4AaABAg",
            "reply_content": "\u6696\u7537\u90a3\u6bb5\u771f\u7684\u5f88\u597d\u7b11.."
        },
        {
            "reply_id": "UgypcB_ktbPY_WP3SHt4AaABAg",
            "reply_content": "\u9019\u500b\u96fb\u8def\u5e2b\u7236\u8ddf\u795e\u4e00\u6a23"
        },
        {
            "reply_id": "UgwtF55V1ee6xg3lLSp4AaABAg",
            "reply_content": "\u90a3\u4f4d\u7f6e\u5728\u54ea \u6539\u5929\u4ed6\u6253\u6389\u6211\u53c3\u8207 \u54c8\u54c8\u54c8 \u4e0d\u7136\u771f\u7684\u662f\u5bb3\u4eba\u5c0f"
        },
        {
            "reply_id": "UgxY0R-eazMbanz0YUJ4AaABAg",
            "reply_content": "\u592a\u597d\u7b11\u4e86\ud83d\ude02\u4ec0\u9ebc\u9b3c\u683c\u5c40\ud83d\ude02\u5225\u4eba\u5bb6\u63a5\u96fb\u8a71\u8dd1\u5230\u4f60\u5bb6\ud83d\ude2e"
        },
        {
            "reply_id": "UgzXEhYn3VLlE-DKuL14AaABAg",
            "reply_content": "\u6574\u8831\u5c08\u5bb6"
        },
        {
            "reply_id": "Ugxy5fShEPZxMzsri7d4AaABAg",
            "reply_content": "\u9019\u9593\u623f\u5b50\u7684\u8a2d\u8a08\u5e2b\u5230\u5e95\u662f\u51fa\u4e86\u4ec0\u9ebc\u554f\u984c\ud83d\ude02\ud83d\ude02\ud83d\ude02\u7b11\u721b"
        },
        {
            "reply_id": "UgxExhjsj4pnZrN-4xF4AaABAg",
            "reply_content": "\u5408\u7406\u7684\u89e3\u91cb\u5c31\u662f\u5c4b\u4e3b\u5f88\u6015\u9ed1\u6c92\u958b\u71c8\u8d70\u4e0d\u4e86"
        },
        {
            "reply_id": "Ugy5hyaWzZeIno7Unpl4AaABAg",
            "reply_content": "\u5230\u5e95\u70ba\u4ec0\u9ebc\u964c\u751f\u9130\u5c45\u53ef\u4ee5\u6709\u81ea\u5df1\u5bb6\u7684\u9470\u5319\u2026\u9019\u9ede\u662f\u6211\u552f\u4e00\u7121\u6cd5\u7406\u89e3\u4e5f\u767e\u601d\u4e0d\u5f97\u5176\u89e3\u2026\u9084\u662f\u8aaa35K\u5176\u5be6\u662f\u5408\u79df\u5f8c\u6bcf\u500b\u79df\u6236\u7684\u50f9\u683c\ud83e\udd2f\ud83e\udd2f\ud83e\udd2f"
        },
        {
            "reply_id": "UgyGOW6qt4GcSUw0f2B4AaABAg",
            "reply_content": "\u597d\u68d2\u68d2\u8981\u6539\u540d\u53eb\u597d\u597d\u859b\u4e86\uff0c\u9019\u7a2e\u623f\u5b50\u4e5f\u79df\u7684\u4e0b\uff0c\u5509\uff5e\u518d\u627e\u5427"
        },
        {
            "reply_id": "UgxezOtdNQDqXMnLZsZ4AaABAg",
            "reply_content": "\u6709\u6c92\u6709\u4e00\u7a2e\u53ef\u80fd\u5408\u5f0f\u7684\u9396\u5728\u4e0a\u9762\u6216\u662f\u4e0b\u9762"
        },
        {
            "reply_id": "UgxL2eGpoMEjyoCccnB4AaABAg",
            "reply_content": "\u9810\u7b97\u5c11\uff0c\u6bdb\u53c8\u4e00\u5806\uff0c\u5b8c\u7f8e\u4e3b\u7fa9\u8005\u60f3\u8cfa\u4e0a\u73ed\u65cf\u7ba1\u7406\u968e\u5c64\u7684\u85aa\u6c34"
        },
        {
            "reply_id": "Ugysx-x5gffr9ASY18l4AaABAg",
            "reply_content": "\u597d\u6709\u8da3\u7684\u5bb6\uff0c\u662f\u5728\u8a2d\u8a08\u4f60\u7684\u8a18\u61b6\u5427"
        },
        {
            "reply_id": "UgxJAn2hlnbDzGPFHwJ4AaABAg",
            "reply_content": "\u9019\u54ea\u9593\u5b78\u6821\u8a2d\u8a08\u7cfb\u51fa\u4f86\u7684\ud83d\ude02"
        },
        {
            "reply_id": "UgxsUqbjK4Ea6B1NBVd4AaABAg",
            "reply_content": "\u592a\u795e\u5947\u4e86 \u9084\u4ee5\u70ba\u662f\u5927\u9678\u7684\u721b\u623f\u5b50\u8a2d\u8a08\ud83d\ude2e\ud83d\ude2e"
        },
        {
            "reply_id": "UgwRBamRG0WYZiQRUvp4AaABAg",
            "reply_content": "\u7b2c\u4e00\u6b21\u770b\u5230\u9019\u7a2e\u79df\u5c4b\u623f\ud83d\ude02\ud83d\ude02"
        },
        {
            "reply_id": "UgwZRS3EOGbLnxBC6B94AaABAg",
            "reply_content": "\u628a\u623f\u5b50\u641e\u6210\u9019\u6a23\u7d66\u4f60\u79df\uff0c\u5b8c\u5168\u5c31\u662f\u96f7\u623f\uff0c\u79df\u91d1\u4e09\u842c\u4e94\u52a0\u4e0a\u8d85\u96f7\u7684\u8a6d\u7570\u8a2d\u8a08\uff0c\u6839\u672c\u8d85\u8cb4\u8d85\u96f7\u5230\u4f4f\u4e0d\u9577=="
        }
    ]
}