{
    "video_info": {
        "id": "SMFjtFbiCFY",
        "channelTitle": "\u597d\u68d2Bump",
        "title": "\u7528YT\u5feb\u901f\u8cfa\u9032\u767e\u842c\uff01\u516c\u958b\u79d8\u8a23\uff01\u3010\u597d\u68d2Bump\u3011\u3010\u983b\u9053\u934a\u91d1\u8853\u3011",
        "description": "\u4e00\u76f4\u6709\u5f88\u591a\u4eba\u79c1\u8a0a\u6211\u600e\u9ebc\u7d93\u71dfYT\u983b\u9053\uff0c\u5404\u7a2e\u5927\u5927\u5c0f\u5c0f\u7684\u554f\u984c\uff0c\u4eca\u5929\u4e7e\u8106\u505a\u4e00\u96c6\u4e00\u6b21\u56de\u61c9\u5504\u3002\n\n\u60e1\u9b54\u9632\u6454\u6bbc\u8010\u6454\u53c8\u6297\u6c61\u9084\u6709\u7121\u6bd2\u8a8d\u8b49\n\u624b\u6a5f\u6bbc\u8a66\u8863\u9593 https://reurl.cc/xGGyGV\n\n#\u4e7e\u8ca8\u5206\u4eab #\u5feb\u901f\u8cfa\u767e\u842c #\u4e0d\u8981\u518d\u554f\u4e86\u5148\u7167\u8457\u505a\u505a\u770b\u5504\n\n\u6210\u70ba\u9019\u500b\u983b\u9053\u7684\u6703\u54e1\u4e26\u7372\u5f97\u734e\u52f5\uff1a\nhttps://www.youtube.com/channel/UC7XxnhjdYjiQJ3m80K_N_4g/join\n\n--------------------------------------------------------- \r\n\u4e0a\u4e00\u90e8\u5f71\u7247\r\n\r\n\u8001\u5b50\u7684IG\uff1ahttps://bit.ly/2JqmmIq\r\n\u8001\u5b50\u7684FB\uff1ahttps://bit.ly/2s3pwwb",
        "likeCount": "8295",
        "commentCount": "507",
        "viewCount": "368524"
    },
    "comments": [
        {
            "reply_id": "Ugwy0kjGjEMZHz-lsIR4AaABAg",
            "reply_content": "\u9760\u5317\u9019\u96bb\u7247\u4e5f\u592a\u5c11\u4eba\u770b\u4e86"
        },
        {
            "reply_id": "UgxNrx9AWAnHhzMkh6F4AaABAg",
            "reply_content": "\u5b78\u4e86\u5f88\u591a\u6771\u897f\u4e5f\u5728\u73fe\u5728\u5b78\u751f\u6642\u671f\u6b65\u5165\u7522\u54c1\u8a2d\u8a08\u5e02\u5834\uff0c\u56de\u982d\u518d\u770b\u4e00\u6b21\u60a8\u7684\u5f71\u7247\uff0c\u6211\u5f88\u611f\u52d5\uff0c\u56e0\u70ba\u5728\u505a\u751a\u9ebc\u4e8b\u60c5\u524d\u4ee5\u7d42\u70ba\u4f7f\uff0c\u60f3\u6e05\u695a\u505a\u600e\u6a23\u7684\u4eba\u505a\u4ec0\u9ebc\u6a23\u7684\u4e8b\u5957\u7528\u5728\u54ea\u88e1\u5982\u4f55\u5448\u73fe\u3002\u6211\u8a8d\u70ba\u9019\u662f\u5728yt\u5f71\u50cf\u523a\u6fc0 bump\u54e5 \u505a\u5f97\u6700\u597d\u7684\u7bc4\u4f8b\u3002"
        },
        {
            "reply_id": "Ugy2Lff8ynl1rhS9BkV4AaABAg",
            "reply_content": "\u611f\u6069"
        },
        {
            "reply_id": "Ugzm1k08YiKEh3XQFil4AaABAg",
            "reply_content": "\u54c8\u54c8\u54c8\u54c8\u54c8\u54c8\u54c8"
        },
        {
            "reply_id": "Ugw_POLwf43h2bySAAh4AaABAg",
            "reply_content": "\u5f8c\u9762\u8aaa\uff0c\u505a\u539f\u672c\u7684\u81ea\u5df1\uff0c\u628a\u5e73\u5e38\u6709\u8da3\u7684\u7cbe\u91c7\u7684\u751f\u6d3b\u62cd\u51fa\u4f86\uff0c\u624d\u80fd\u505a\u7684\u4e45\u3002\n\n\u8b93\u6211\u60f3\u5230\u8d85\u6d3e\uff0c\u5b8c\u5168\u7528\u9322\u5806\u51fa\u4f86\u7684\u983b\u9053\u3002"
        },
        {
            "reply_id": "UgyB_6wIPBUESnsCVTh4AaABAg",
            "reply_content": "\u4f60\u7d42\u65bc\u653e\u68c4\u7576\u5be6\u6cc1\u4e3b\u7684\u5922\u60f3\u4e86\u55ce\ud83d\ude06\n\u6bcf\u6b21\u770b\u5230\u4e3b\u983b\u9053\u4e0a\u7247\u90fd\u597d\u958b\u5fc3\n\u540d\u5b57\u5c31\u662f\u6211\u8cf4\u5e33\u865f+\u6211\u804a\u5929\u5440"
        },
        {
            "reply_id": "Ugwm5LDtxI16z3dEQeR4AaABAg",
            "reply_content": "\u76f4\u63a5\u4e1f\u6389\u662f\u600e\u6a23\ud83e\udd23"
        },
        {
            "reply_id": "UgwHFgGLcKrUk9dIRch4AaABAg",
            "reply_content": "\u4eca\u5929\u7684\u5f71\u7247\u5f88\u52f5\u5fd7\uff0c\u9084\u4e0d\u932f\uff01"
        },
        {
            "reply_id": "UgyAYrN2ZqZpigXGx1t4AaABAg",
            "reply_content": "Bump\u54e5 \u6211\u73fe\u5728\u5c0d\u81ea\u5df1\u7684\u751f\u6d3b\u5f88\u4e0d\u6eff\u610f \u505a\u8457\u81ea\u5df1\u4e26\u4e0d\u60f3\u505a\u7684\u5de5\u4f5c \u4f46\u662f\u56e0\u70ba\u73fe\u5be6\u4e0d\u5f97\u4e0d\u505a \u6bcf\u5929\u5c31\u662f\u4e0a\u73ed \u4e0b\u73ed \u56de\u5bb6\u7761\u89ba  \u9694\u5929\u7e7c\u7e8c\u4e0a\u73ed  \u90fd\u5feb\u8b8a\u6210\u6a5f\u5668\u4eba\u4e86 \u6211\u4e5f\u60f3\u8a66\u8457\u8ffd\u9010\u6211\u60f3\u505a\u7684\u4e8b \u4f46\u662f\u73fe\u5be6\u771f\u7684\u5f88\u6b98\u9177 \u6c92\u8fa6\u6cd5\u8b93\u6211\u8aaa\u60f3\u505a\u5c31\u505a \u6211\u4e5f\u60f3\u8b93\u81ea\u5df1\u7684\u751f\u6d3b\u8b8a\u5f97\u8c50\u5bcc\u6709\u8da3 \u6211\u5feb\u88ab\u903c\u760b\u4e86 \u6211\u9700\u8981\u4e00\u689d\u8def \u4e00\u689d\u8b93\u6211\u6539\u8b8a\u73fe\u72c0\u7684\u8def"
        },
        {
            "reply_id": "UgzJYQqU-nVmBlDlBKt4AaABAg",
            "reply_content": "\u597d\u60f3\u7576\u4e00\u500b\u6709\u8da3\u7684\u4eba\uff0c\u6211\u7684\u983b\u9053\u5167\u5bb9\u662f\u6709\u8da3\u7684\u55ce\uff1f\u525b\u770b\u4e86\u4e00\u4e0b\u6211\u983b\u9053\u901928\u5929\u4f86\u7684\u89c0\u773e\u5e74\u9f61\u5c64\u6700\u591a\u662f55-64\u6b72\u8036\uff1f\u5230\u5e95\u662f\u54ea\u500b\u9019\u9ebc\u53d7\u9019\u5e74\u9f61\u5c64\u559c\u6b61\ud83d\ude04"
        },
        {
            "reply_id": "UgwYAJ4-tbkzD8OodMZ4AaABAg",
            "reply_content": "Bump\u80fd\u8b1b\u4e00\u4e0b\u4f60\u8ddf\u653e\u706b\u5c0f\u7389\u7684\u5340\u5225\u55ce\uff1f\u70ba\u4f55\u4ed6\u5011\u5169\u500b\u4e4b\u524d\u6642\u4e0d\u6642\u5c31\u65b7\u66f4\u4e0d\u7136\u5c31\u62ff\u983b\u9053\u5ba3\u6d29\u500b\u4eba\u58d3\u529b"
        },
        {
            "reply_id": "UgyUaW7oDWqy9P5D-u54AaABAg",
            "reply_content": "\u6211\u5c0d\u96fb\u8166\u6bd4\u8f03\u6709\u8208\u8da3 \u53ef\u4ee5\u554f\u662f\u54ea\u4e00\u53f0\u96fb\u8166\u55ce\uff20\uff1f\uff20"
        },
        {
            "reply_id": "UgzhHZVEW9L_SqBoRQB4AaABAg",
            "reply_content": "\u5b57\u5e55\u8981\u600e\u9ebc\u7528\ud83d\ude04\ud83d\ude04\u62dc\u8a17\u53eb\u6211\u4e00\u4e0b"
        },
        {
            "reply_id": "UgzPZL6pYB_Vueh1mZN4AaABAg",
            "reply_content": "\u4eca\u65e5\u4f60\u8b93\u6211\u6211\u5b78\u6703\u6eff\u6eff\u7684\u77e5\u8b58\n\u90a3\u65e5\u6210\u529f\u6211\u4fbf\u6eff\u6eff\u7684\u56de\u994b\u8207\u4f60\n\u8b1d\u8b1d\u5e2b\u7236\ud83d\udc4d\ud83c\udf7b\ud83c\udf7b"
        },
        {
            "reply_id": "UgyQDmwHAw6lWW1xc3l4AaABAg",
            "reply_content": "\u6211\u9047\u904e\u6700\u626f\u7684\u60c5\u6cc1\u662f\u9a0e\u6a5f\u8eca\u7684\u6642\u5019\u624b\u6a5f\u5f9e\u53e3\u888b\u5674\u6389\uff0c\u624b\u6a5f\u76f4\u63a5\u89e3\u9ad4\u800c\u7576\u4e0b\u88dd\u4e00\u88dd\u53c8\u53ef\u4ee5\u7e7c\u7e8c\u6ed1\u3002\n\u5927\u5bb6\u53ef\u80fd\u8a8d\u70ba\u662f3310\uff1fNo!\u662f\u667a\u6167\u578b\u624b\u6a5f"
        },
        {
            "reply_id": "Ugx7FKRXEHdK64KmH054AaABAg",
            "reply_content": "\u63a8\u7206"
        },
        {
            "reply_id": "UgzJ39T-6XcMUYmFSgh4AaABAg",
            "reply_content": "\u8b1d\u8b1d\u7121\u79c1\u5206\u4eab"
        },
        {
            "reply_id": "Ugw3951dSxgMfVE1Qn54AaABAg",
            "reply_content": "\u4f55\u6a02\u800c\u4e0d\u70ba \u6293\u5230 \u932f\u5b57"
        },
        {
            "reply_id": "UgzI_kDVeNnK3--Edxp4AaABAg",
            "reply_content": "\u7a4e\u6fe4"
        },
        {
            "reply_id": "Ugxv7boggIeguQleqM94AaABAg",
            "reply_content": "\u525b\u525b\u4ee5\u70ba\u9ede\u9032\u8001\u9ad8\u7684\u5f71\u7247"
        }
    ]
}