{
    "video_info": {
        "id": "Sn66u9DXUnI",
        "channelTitle": "\u597d\u68d2Bump",
        "title": "\u54c1\u5fb7\u6975\u5dee\uff01\u5077\u62cd\u7db2\u7d05\u79c1\u4e0b\u751f\u6d3b\u7d66\u5927\u5bb6\u770b\u2026.\uff01\u3010\u597d\u68d2Bump\u3011",
        "description": "\u9019\u4e9b\u7db2\u7d05\u771f\u7684\u662f\uff0c\u6c92\u6709\u4e00\u500b\u53ef\u53d6\u4e4b\u8655\u3002\n\n#\u6557\u58de\u98a8\u4fd7 #\u6559\u58de\u5c0f\u670b\u53cb #\u8d95\u5feb\u983b\u9053\u522a\u4e00\u522a\u5566\n--------------------------------------------------------- \r\n\u4e0a\u4e00\u90e8\u5f71\u7247\u53d7\u5920\u4e86\uff01\u590f\u5929\u4e00\u76f4\u88ab\u87d1\u8782\u5687\u5230\u2026 \u57f9\u990a\u751f\u5316\u6b66\u5668\u5c55\u958b\u53cd\u64ca\uff01\u3010\u597d\u68d2Bump\u3011https://youtu.be/klDpsePovm0\r\n\r\n\u8001\u5b50\u7684IG\uff1ahttps://bit.ly/2JqmmIq\r\n\u8001\u5b50\u7684FB\uff1ahttps://bit.ly/2s3pwwb",
        "likeCount": "24020",
        "commentCount": "1145",
        "viewCount": "1435459"
    },
    "comments": [
        {
            "reply_id": "UgwVW1DE0XqVVCvJmDh4AaABAg",
            "reply_content": "\u9019\u7b46\u7f70\u6b3e\uff0c\u6211\u6703\u5168\u6578\u6350\u7d66\u771f\u6b63\u9700\u8981\u5e6b\u52a9\u7684\u5584\u5fc3\u4eba\u58eb\uff0c\u4e4b\u5f8c\u5728\u7d00\u9304\u4e0b\u4f86\u505a\u6210\u5f71\u7247\u7d66\u4f60\u5011\u770b\u3002"
        },
        {
            "reply_id": "Ugwlo8hNO9ekhFTar8x4AaABAg",
            "reply_content": "\u771f\u7684\u5f88\u96e3\u6539"
        },
        {
            "reply_id": "UgxOps0oQZw3KIPiOq54AaABAg",
            "reply_content": "\u4e00\u9ede\u9ede\u8a9e\u52a9\u8a5e\u53ef\u4ee5\u5566 \u5f88\u597d\u7b11"
        },
        {
            "reply_id": "Ugz5NDrEdV78Wb6v8Px4AaABAg",
            "reply_content": "\u88ab\u5077\u62cd\u8ddf\u6559\u8b1b\u8a71\u9019\u6bb5\u6211\u5feb\u7b11\u6b7b"
        },
        {
            "reply_id": "UgwqBld7EFZQ0-8X0Ep4AaABAg",
            "reply_content": "\u8b93\u6211\u60f3\u5230\u76f8\u8072\u74e6\u820d\u7684\u6771\u5ee0\u50c5\u4e00\u4f4d\u88e1\u7684\u6bb5\u5b50"
        },
        {
            "reply_id": "Ugxv9bfwfzoZ2H5cs6t4AaABAg",
            "reply_content": "\u5169\u5e74\u5f8c\u518d\u770b\u4e00\u6b21 \u9084\u662f\u7b11\u7ffb\u5929"
        },
        {
            "reply_id": "UgxCcRWXraii9AO2CGx4AaABAg",
            "reply_content": "\u53f0\u7063\u570b\u4e2d\u6709\u4e9b\u4eba\u7684\u699c\u6a23"
        },
        {
            "reply_id": "UgwF7R3-DqZDutJVQYB4AaABAg",
            "reply_content": "\u8fd9\u4e2a\u6545\u4e8b\u544a\u8bc9\u6211\u4eec \u4e0d\u8981\u9a82\u810f\u8bdd\n\u4e0d\u7136\u4f60\u4f1a\u7834\u4ea7"
        },
        {
            "reply_id": "Ugwxx-ju4xn-jr_Zt8J4AaABAg",
            "reply_content": "\u503c\u7684\u7a31\u8b9a\u8207\u9f13\u52f5\uff0c\u6211\u5728\u5c0f\u5b78\u6642\u5c31\u6539\u4e86\uff0c\u56b4\u683c\u7684\u597d\u8001\u5e2b\u4e5f\u6703\u6559\uff0c\u807d\u73fe\u5728\u7684\u5c0f\u5b78\u751f\u8aaa\uff0c\u50cf\u662f\"\u7b28\u86cb\"\u9019\u4e00\u985e\u7684\u8a71\uff0c\u4e5f\u7b97\u662f\u9ad2\u8a71\u4e86\u3002"
        },
        {
            "reply_id": "UgxherFqaoUanYYszT54AaABAg",
            "reply_content": "\u53f0\u7063\u4eba\u7d93\u5e38\u8b1b\u9ad2\u8a71\u5f88\u6b63\u5e38"
        },
        {
            "reply_id": "UgxZ2S_4SygJR9Jehm14AaABAg",
            "reply_content": "\u6211\u89ba\u5f97\u5f88\u6b63\u9762\u6b38 \u56e0\u70ba\u8b93\u6211\u5f88\u958b\u5fc3\ud83d\ude02"
        },
        {
            "reply_id": "UgyvvryP_c3LN6ulVoF4AaABAg",
            "reply_content": "\u5728\u904a\u6232\u4e0a\u662f\u771f\u7684\u6703\u63a7\u5236\u4e0d\u4e86\ud83d\ude02\ud83d\ude02\ud83d\ude02"
        },
        {
            "reply_id": "Ugxq63E12vwdarN4uN14AaABAg",
            "reply_content": "\u4f60\u4ee5\u5f8c\u53ef\u4e0d\u53ef\u4ee5\u4e0d\u8981\u7f75\u9ad2\u8a71"
        },
        {
            "reply_id": "UgwnDr68D_yJubZy5RR4AaABAg",
            "reply_content": "\u7b11\u5674"
        },
        {
            "reply_id": "UgzlkKr66gB7I9eBldR4AaABAg",
            "reply_content": "\u4f60\u53ef\u4e0d\u53ef\u4ee5\u4e0d\u8981\u628a\u90a3\u548c\u4f60\u53ef\u4e0d\u53ef\u4ee5\u4e0d\u8981\u4e0d\u8981\u7684\u8a71\u4f60\u53ef\u4e0d\u53ef\u4ee5\u4e0d\u8981\u7f75\u9ad2\u8a71\u4f60\u53ef\u4e0d\u53ef\u4ee5\u4e0d\u8981\u73a9\u7684\u8a71\u4f60\u53ef\u4e0d\u80fd\u4e0d\u8981\u5427\u4f60\u53ef\u4e0d\u53ef\u4ee5\u4e0d\u8981\u73a9\u7684\u8a71\u4f60\u53ef\u4e0d\u53ef\u4ee5\u4e0d\u8981\u73a9\u7684\u8a71\u4f60\u53ef\u4e0d\u53ef\u4ee5\u4e0d\u8981\u7f75\u9ad2\u8a71\u4f60\u53ef\u4e0d\u53ef\u4ee5\u4e0d\u8981\u73a9\u7684\u8a71\u4f60\u53ef\u4e0d\u53ef\u4ee5\u4e0d\u8981\u62b1\u7684\u8a71\u4f60\u53ef\u4e0d\u53ef\u4ee5\u8cb7\u53ef\u4e0d\u53ef\u4ee5\u8ce3\u7684\u8a71\u4f60\u53ef\u4e0d\u53ef\u4ee5\u6539\u5230\u9ad2\u8a71\u4f60\u53ef\u4e0d\u53ef\u4ee5\u6539\u5728\u5f70\u5316\u4f60\u53ef\u4ee5\u4e0d\u8981\u518d\u6539\u7684\u8a71\u4f60\u53ef\u4e0d\u53ef\u4ee5\u6539\u6389\u5f70\u5316\u4f60\u53ef\u4e0d\u53ef\u4ee5\u4f60\u53ef\u4e0d\u53ef\u4ee5\u6539\u5230\u96fb\u8a71\u4f60\u53ef\u4e0d\u53ef\u4ee5\u6539\u6389\u72c0\u6cc1\u8ab2\u53ef\u4e0d\u53ef\u4ee5\u6539\u5230\u7684\u8a71\u4f60\u4e0d\u8981\u518d\u8b1b\u9ad2\u8a71\u4e86\u5566\u554a"
        },
        {
            "reply_id": "UgwoP278pdZ80Jkn2FN4AaABAg",
            "reply_content": "\u4f60\u53ef\u4e0d\u53ef\u4ee5\u4e0d\u8981\u7f75\u9ad2\u8a71\u4f60\u53ef\u4e0d\u53ef\u4ee5\u4e0d\u8981\u7f75\u9ad2\u8a71\u4f60\u53ef\u4e0d\u53ef\u4ee5\u4e0d\u8981\u7f75\u4eba\u8a71\u4f60\u53ef\u4e0d\u53ef\u4ee5\u4e0d\u8981\u7f75\u9ad2\u8a71\u4f60\u53ef\u4e0d\u53ef\u4ee5\u4e0d\u8981\u7f75\u9ad2\u8a71\u4f60\u53ef\u4e0d\u53ef\u4ee5\u4e0d\u8981\u7f75\u9ad2\u8a71\u4f60\u53ef\u4ee5\u6f2b\u756b\u53ef\u4e0d\u53ef\u4ee5"
        },
        {
            "reply_id": "Ugx5Aiht3AXkzAt6kzN4AaABAg",
            "reply_content": "\u9019\u96c6\u7684\u9ad2\u8a71\u4f3c\u4e4e\u6bd4\u4e4b\u524d\u9084\u8981\u591a"
        },
        {
            "reply_id": "UgylBRfNpaqlL9Q1NY14AaABAg",
            "reply_content": "\u597d\u8271\u96e3\u7684\u6311\u6230\u5440\ud83d\ude02"
        },
        {
            "reply_id": "UgxyqXw_9cdwXWqdhkd4AaABAg",
            "reply_content": "\ud83d\ude02\u6211\u770b\u4e86\u4e00\u76f4\u5728\u7b11"
        },
        {
            "reply_id": "Ugzg2m6-ISILZEcSU7F4AaABAg",
            "reply_content": "\u5f88\u591a\u4eba\u90fd\u8aaa\u7f75\u9ad2\u8a71\u6c92\u4ec0\u9ebc\uff0c\u4f46\u70ba\u4f55\u4ed6\u5011\u4e0d\u6559\u81ea\u5df1\u5c0f\u5b69\u4e5f\u7f75\u9ad2\u8a71\uff0c\u5982\u679c\u7e3d\u7d71\u884c\u653f\u9662\u9577\u6216\u5f35\u5fe0\u8b00\u90ed\u53f0\u9298\u5c0d\u54e1\u5de5\u8b1b\u8a71\u4e5f\u5e79\u4f86\u5e79\u53bb\uff0cg8\u4f86g8\u53bb\uff0c\u5e95\u4e0b\u54e1\u5de5\u611f\u53d7\u5982\u4f55\uff0cbump\u4ee5\u5f8c\u4e5f\u53ef\u80fd\u662f\u8001\u95c6\uff0c\u4e5f\u8981\u5efa\u7acb\u699c\u6a23\u3002"
        }
    ]
}