{
    "video_info": {
        "id": "swcetdd5dkw",
        "channelTitle": "\u597d\u68d2Bump",
        "title": "\u627e\u5927\u80c3\u738b\u8def\u8def\u7d04\u6703\uff01\u5979\u7adf\u5403\u4e8633\u9053\u9802\u7d1a\u6599\u7406\uff01\u6211\u76f4\u63a5\u7834\u7522...\u3010\u597d\u68d2Bump\u3011@yuzi_lu",
        "description": "\u5f9e\u4f86\u6c92\u6709\u60f3\u904e\u4e16\u754c\u4e0a\u771f\u6709\u4eba\u53ef\u4ee5\u5403\u4e0b\u9019\u9ebc\u591a\u6771\u897f.... \n\n#\u5927\u80c3\u738b\u7d04\u6703 #\u9802\u7d1a\u6599\u7406 #\u76f4\u63a5\u7834\u7522\n--------------------------------------------------------- \r\n\u4e0a\u4e00\u90e8\u5f71\u7247 \u5b9c\u862d\u7684\u975e\u6cd5\u6c11\u5bbf\u7adf\u67094000\u9593\uff01\u4e00\u5806\u5929\u9f8d\u4eba\u5728\u6d17\u570b\u5bb6\u7684\u9322\uff01\u3010\u597d\u68d2Bump\u3011 https://youtu.be/gO7Juaddc0o\r\n\r\n\u8001\u5b50\u7684IG\uff1ahttps://bit.ly/2JqmmIq\r\n\u8001\u5b50\u7684FB\uff1ahttps://bit.ly/2s3pwwb",
        "likeCount": "17361",
        "commentCount": "2682",
        "viewCount": "827173"
    },
    "comments": [
        {
            "reply_id": "UgyKTOLRjOG_PChpyXd4AaABAg",
            "reply_content": "\u5c31\u7528\u6ce1\u9eb5\u904e\u5230\u660e\u5e74\u5427\ud83e\udd7a"
        },
        {
            "reply_id": "UgyDqmy6Jf5Ao1BA7xB4AaABAg",
            "reply_content": "\u770b\u8def\u8def\u5403\u98ef\u5c31\u662f\u8212\u670d"
        },
        {
            "reply_id": "Ugw8YnphbKARaiXWpZp4AaABAg",
            "reply_content": "\u5403\u90a3\u9ebc\u591a\u8089\u68d2\u9084\u5403\u5f97\u4e0b\u55ce"
        },
        {
            "reply_id": "Ugzl5TEHDfbGAUht_r94AaABAg",
            "reply_content": "\u597d\u53ef\u6015\uff0c\u990a\u6b64\u5973\u5f88\u82b1\u9322"
        },
        {
            "reply_id": "UgzFlc3uAkS8Y4Optal4AaABAg",
            "reply_content": "\u592a\u53ef\u6015\u4e86\ud83d\ude0a"
        },
        {
            "reply_id": "UgzCXLgKuxXdyDjTvSZ4AaABAg",
            "reply_content": "\u6211\u5011\u7684\u5ec1\u6240\u5b88\u8b77\u8005\u9577\u5927\u4e86\u2764\ud83e\udd23"
        },
        {
            "reply_id": "UgxbioIEA7qpXT_yimR4AaABAg",
            "reply_content": "\u4eba\u751f\u80a5\u5b85\u5c0a\u4e5f\u6709\u8ddf\u4ed6\u5403\u65e9\u9910\u6bd4\u8cfd\u554a\u7d50\u679c\u4eba\u751f\u80a5\u5b85\u5c0a\u7684\u7d50\u679c\u53c8\u7834\u7522\u4e86"
        },
        {
            "reply_id": "UgxFoy3hKMNi1Fr_HsN4AaABAg",
            "reply_content": "\u8ddfLulu\u7d04\u6703\u4e0d\u7528\u64d4\u5fc3\u9ede\u592a\u591a\u56e0\u70ba\u5979\u56de\u5e6b\u4f60\u5403\u5b8c\uff0c\u53ea\u8981\u64d4\u5fc3\u9322\u5e36\u5920\u4e0d\u5920"
        },
        {
            "reply_id": "UgykMD8iDW4Kz0W8jn94AaABAg",
            "reply_content": "\u54c8\u54c8\u54c8\u54c8"
        },
        {
            "reply_id": "Ugyo6GWPCna0yHxiiCh4AaABAg",
            "reply_content": "\u597d\u50cf"
        },
        {
            "reply_id": "UgxicAGv8Ifuk7fD-Y14AaABAg",
            "reply_content": "\u5927\u80c3\u5c31\u662f\u5403\u7684\uff0c\u5927\u90e8\u4efd\u8b8a\u5927\u4fbf\uff0c\u5176\u5be6\u8eab\u9ad4\u8ca0\u64d4\u6bd4\u8f03\u5927\uff0c\u5403\u904e\u591a\u53ea\u662f\u6d6a\u8cbb\u98df\u7269\uff0c\u8981\u5403\u5747\u8861"
        },
        {
            "reply_id": "UgwmyXgNZ74tn1VOhAp4AaABAg",
            "reply_content": "\u771f\u7fa8\u6155\u4ec0\u9ebc\u90fd\u80fd\u5403\u7684\u4eba\uff01"
        },
        {
            "reply_id": "UgzJfZ46mrTnu3jgNBh4AaABAg",
            "reply_content": "\u5973\u751f\u597d\u53b2\u5bb3\ud83d\udc4d"
        },
        {
            "reply_id": "UgyIugRNYKNti4HEGBx4AaABAg",
            "reply_content": "\u61c9\u8a72\u6709\u7834\u4e8c\u5341\u4e94"
        },
        {
            "reply_id": "UgwklQ2m4pkg76H7c6N4AaABAg",
            "reply_content": "\u672c\u96c6\u91cd\u9ede\uff1a\u4e09\u4f60\u5abd\u4e09\u5343"
        },
        {
            "reply_id": "UgyLEoG7qQWDnhrMB0x4AaABAg",
            "reply_content": "\u9910\u5ef3\u7684\u83dc\u597d\u597d\u5403"
        },
        {
            "reply_id": "Ugxj0HGV0r54bSalAp94AaABAg",
            "reply_content": "\u990a\u4e0d\u8d77"
        },
        {
            "reply_id": "UgyXoi_BZ0wqrXnCeCF4AaABAg",
            "reply_content": "\u8aaa\u5230\u505a\u5230 \u597d\u6709\u8da3"
        },
        {
            "reply_id": "Ugx2ZEKvCMEP2V4UJpd4AaABAg",
            "reply_content": "\u5403\u4e868\u842c\u591a\u6eff\u626f\u7684"
        },
        {
            "reply_id": "UgxAEKlJUtj7_5zwsLN4AaABAg",
            "reply_content": "\u70ba\u4ec0\u9ebc\u9019\u90e8\u7247\u8b8a\u6210\u4e0d\u9069\u5408\u7279\u5b9a\u4eba\u7fa4\u89c0\u770b"
        }
    ]
}