{
    "video_info": {
        "id": "u8Y6QTrk6Ek",
        "channelTitle": "\u597d\u68d2Bump",
        "title": "\u6293\u87f2\u5375\u6642\u7684\u934a\u91d1\u8853\uff01\u807d\u8aaa1\u5929\u80fd\u8cfa2\u842c\u5143\uff01\uff1f\u3010\u597d\u68d2Bump\u3011",
        "description": "\u4e0a\u6b21\u770b\u65b0\u805e\u8aaa\u8354\u679d\u693f\u8c61\u7684\u5375\u53ef\u4ee5\u8ddf\u653f\u5e9c\u63db\u9322\uff0c\u6709\u4e00\u4f4d\u5a66\u4eba1\u5929\u5c31\u8cfa\u4e862\u842c\uff0c\u9019\u4e00\u6b21\u6211\u76f4\u63a5\u4f86\u5be6\u6e2c\u770b\u770b\uff01\n\n#\u7206\u6293\u87f2\u5375 #\u8354\u679d\u693f\u8c61 #\u65b0\u805e\u4f60\u53ef\u4ee5\u518d\u9a19\u4e00\u9ede\u6c92\u95dc\u4fc2\n--------------------------------------------------------- \n\u4e0a\u4e00\u90e8\u5f71\u7247\u6211\u624b\u6a5f\u9001\u4fee\u7adf\u88ab\u5077\u958b\u76f8\u7c3f\u8cc7\u6599\uff01\uff1f\u76f4\u885d\u5e97\u5bb6\u7576\u9762\u5c0d\u8cea\uff01\u3010\u597d\u68d2Bump\u3011https://youtu.be/PCUN0htj_SQ\n\n\u8001\u5b50\u7684IG\uff1ahttps://bit.ly/2JqmmIq\n\u8001\u5b50\u7684FB\uff1ahttps://bit.ly/2s3pwwb",
        "likeCount": "14248",
        "commentCount": "552",
        "viewCount": "1078149"
    },
    "comments": [
        {
            "reply_id": "UgzARGOuLMDFvhEwt1N4AaABAg",
            "reply_content": "\u4e0d\u8981\u518d\u8aaa\u6211\u4e0d\u51fa\u7247\u4e86\uff0c\u6bcf\u90e8\u7247\u90fd\u5f88\u96e3\u62cd\u5440\ud83e\udd72"
        },
        {
            "reply_id": "UgyVT3JZbIjGpk5ouMp4AaABAg",
            "reply_content": "\u8d85\u597d\u7b11\ud83e\udd23\u62c6\u86cb\u5c08\u5bb6\u771f\u7684\u597d\u597d\u7b11 \u9084\u6709\u4e01\u54e5\u6015\u87f2\u87f2\ud83d\udc1b\u4ed6\u597d\u5e7d\u9ed8\u54c8\u54c8\u54c8\u54c8"
        },
        {
            "reply_id": "Ugw2wxbxU0WzbWzJj5V4AaABAg",
            "reply_content": "\u9ad2\u8a71\u592a\u591a"
        },
        {
            "reply_id": "UgydOJBLOV4wXRQFP4t4AaABAg",
            "reply_content": "\u6211\u5bb6\u6709"
        },
        {
            "reply_id": "Ugwpm-ArOR9TPfWtCXt4AaABAg",
            "reply_content": "\u7da0\u8272\u7684\u662f\u5167\u8932\u51fa\u4f86\u4e86"
        },
        {
            "reply_id": "UgxT-e-lsyF44ZeBH3V4AaABAg",
            "reply_content": "\u5927\u7532\u6587\u660c\u6709\u7d05\u693f\u8c61\u5594"
        },
        {
            "reply_id": "UgzS0PalCnRWou4JttF4AaABAg",
            "reply_content": "\u5728\u7df4\u7fd2\u7684\u6642\u5019\u7da0\u8272\u8863\u670d\u7684\u5167\u8932\ud83e\ude72\u9732\u51fa\u4f86\u4e86\u5566\uff01"
        },
        {
            "reply_id": "UgwBdhXmHvlO7llIEG54AaABAg",
            "reply_content": "\u600e\u9ebc\u6bcf\u90e8\u90fd\u9019\u9ebc\u597d\u7b11\u554a\ud83d\ude02"
        },
        {
            "reply_id": "UgxdtCAKutcfTVF4khp4AaABAg",
            "reply_content": "\u7b11\u6b7b\u5566\n\u5c24\u5176\u662f\u9ad2\u8a71\u66f4\u597d\u7b11\n\u90a3\u500b\u4e0b\u96e8\u2614\ufe0f\u8ddf\u871c\u8702\n\u6211\u7b11\u6b7b"
        },
        {
            "reply_id": "Ugx4hufCL8qslfMDloV4AaABAg",
            "reply_content": "\u6211\u525b\u624d\u624d\u770b\u898b\u4e86\u4ed6\u7684\u5f71\u7247"
        },
        {
            "reply_id": "Ugz5ZxXlAzWdZ4lwmIt4AaABAg",
            "reply_content": "\u6709\u4eba\u5e3d\u6c96\u4f60\u5440"
        },
        {
            "reply_id": "UgwonLZK9lwNwYzYkht4AaABAg",
            "reply_content": "\u4f60\u5011\u5c0d\u8a71\u5feb\u7b11\u6b7b"
        },
        {
            "reply_id": "Ugx67UmrEwJqHLz1khl4AaABAg",
            "reply_content": "\u770b\u4e0b\u4f86 \u5e03\u689d\u6709\u5f88\u591a\u7528\u6cd5\ud83d\ude02\n\u4e5f\u6709\u662f\u63a5\u679d\u3001\u6015\u8ff7\u8def"
        },
        {
            "reply_id": "Ugx_CIhkWQXANBY7F3J4AaABAg",
            "reply_content": "\u4ed6\u7684\u87f2\u6c41\u5f88\u5371\u96aa"
        },
        {
            "reply_id": "UgzGzKP1FoyV0OR5A2t4AaABAg",
            "reply_content": "\u6211\u5bb6\u4ed6\u5abd\u6709\u4e00\u5806\u7136\u5f8c\u6211\u90fd\u628a\u5b83\u8173\u8e29\u7206"
        },
        {
            "reply_id": "UgyH3d6FilFOE-vs59x4AaABAg",
            "reply_content": "\u6211\u4eec\u8ddf\u7740\u7b2c\u4e00\u4eba\u89c6\u89d2\uff0c\u611f\u89c9\u6211\u5c31\u60f3\u662f\u548c\u4f60\u4eec\u4e00\u961f\u7684\uff0c\u521a\u597d\u73b0\u5728\u6ca1\u670b\u53cb\u54ed\u54ed"
        },
        {
            "reply_id": "UgxibppYMNakeVanMIJ4AaABAg",
            "reply_content": "\u5f90\u745e\u967d\u53cd\u61c9\u771f\u7684\u5f88\u597d\u7b11\ud83c\udf1d\ud83c\udf1d"
        },
        {
            "reply_id": "Ugyam93oiaqKFHW18eJ4AaABAg",
            "reply_content": "\u4e0d\u51fa\u7247"
        },
        {
            "reply_id": "UgyBPLSd0gP1AZrqCfB4AaABAg",
            "reply_content": "\u54c8\u54c8\u54c8\u54c8\u54c8\u54c8\u54c8"
        },
        {
            "reply_id": "UgyIPpz0W73UjEGtmgN4AaABAg",
            "reply_content": "\u54c8\u54c8\u54c8\u54c8\u54c8"
        }
    ]
}