{
    "video_info": {
        "id": "v_Temz-t2nk",
        "channelTitle": "\u597d\u68d2Bump",
        "title": "\u75ab\u60c5\u5c0e\u81f4\u6574\u5ea7\u5c71\u7684\u8292\u679c\u6eef\u92b7\u4e86\uff01\uff1f\u6211\u4f86\u5e6b\u5fd9\u8ce3\uff01\u3010\u597d\u68d2Bump\u3011@dokatv223",
        "description": "\u9019\u4e00\u6b21\u6536\u5230\u4e86\u53f0\u5357\u679c\u8fb2\u7684\u9080\u8acb\uff0c\u89aa\u81ea\u53bb\u4e00\u8d9f\u8292\u679c\u5712\u63a1\u8292\u679c\uff0c\u624d\u77e5\u9053\u539f\u4f86\u6574\u5ea7\u5c71\u7684\u6c34\u679c\u4e0d\u662f\u6eef\u92b7\uff0c\u5c31\u662f\u50f9\u683c\u88ab\u58d3\u5f97\u5f88\u4f4e\uff0c\u5c0e\u81f4\u5165\u4e0d\u6577\u51fa\uff0c\u5be6\u5728\u4e0d\u60f3\u770b\u4ed6\u5011\u90a3\u9ebc\u8f9b\u82e6\uff0c\u6240\u4ee5\u5c31\u60f3\u4e86\u9ede\u8fa6\u6cd5\u4f86\u5e6b\u5fd9\u4e86\u3002\n\n#\u6c34\u679c\u6eef\u92b7 #\u76f4\u64ad\u958b\u8ce3 #\u6709\u4e9b\u4eba\u96d6\u7136\u919c\u4f46\u5fc3\u5730\u537b\u5f88\u5584\u826f\n--------------------------------------------------------- \r\n\u4e0a\u4e00\u90e8\u5f71\u7247 \u4e0a\u4e00\u90e8\u5f71\u7247  \u63d0\u544a\u5f8c\u7e8c\uff01\u9178\u6c11\u8dd1\u4f86\u6c42\u6211\u548c\u89e3\uff1f\u7d04\u4f86\u5bb6\u88e1\u5c0d\u8cea\uff01\u3010\u597d\u68d2Bump\u3011https://youtu.be/nNsUdWldJX4\r\n\r\n\u8001\u5b50\u7684IG\uff1ahttps://bit.ly/2JqmmIq\r\n\u8001\u5b50\u7684FB\uff1ahttps://bit.ly/2s3pwwb",
        "likeCount": "28923",
        "commentCount": "1433",
        "viewCount": "1128374"
    },
    "comments": [
        {
            "reply_id": "Ugz94BErtHkIlaDoML14AaABAg",
            "reply_content": "\u7d50\u5c3e\u53f3\u624b\u908a \u9ad2\u8a71\u5f88\u591a\u6b21\u5594"
        },
        {
            "reply_id": "UgyNf44LlOJ0apxmBOB4AaABAg",
            "reply_content": "\u4e4c\u9e26\u5e2e\u4e86\u4f60\u8fd8\u5728\u5f00\u4eba\u5bb6\u73a9\u7b11\ud83d\ude02"
        },
        {
            "reply_id": "UgxdVuVaOOaM41OF5R94AaABAg",
            "reply_content": "\u6211\u6709\u5bb6\u5916\u5c31\u6709\u9897\u8292\u679c\u6811\u4f46\u662f\u957f\u5f97\u4e0d\u4e00\u6837\uff0c\u54c1\u8d28\u597d\u7684\u8292\u679c\u6811\u539f\u6765\u662f\u77ee\u77ee\u7684\ud83d\ude02"
        },
        {
            "reply_id": "Ugys31KkaeAknklDpKR4AaABAg",
            "reply_content": "\u5927\u96de\u96de"
        },
        {
            "reply_id": "UgzTLoQ5aZDsp9Bd9ap4AaABAg",
            "reply_content": "\u771f\u7fa8\u6155\u4f60\u53ef\u4ee5\u9019\u6a23\u505a\uff0c\u9019\u6211\u771f\u7684\u4f5c\u4e0d\u4f86\uff0c\u6bcf\u500b\u6708\u8cfa\u9322\u90fd\u6709\u9ede\u554f\u984c"
        },
        {
            "reply_id": "UgwnUs8vicUpFWjMqSR4AaABAg",
            "reply_content": "\u6211\u4e5f\u6709\u50b3\u4fe1\u7d66\u54e5 \u662f\u5426\u9ebb\u7169\u770b\u4e00\u4e0b"
        },
        {
            "reply_id": "Ugzh7yHOepjOcMS9X9l4AaABAg",
            "reply_content": "\u6211\u559c\u6b61\u8292\u679c \u4f46\u4e0d\u559c\u6b61\u8292\u679c\u4e7e\ud83d\ude02"
        },
        {
            "reply_id": "UgwWmsuQYP6avAekH-B4AaABAg",
            "reply_content": "\u9019\u4e8c\u5341\u5e74\u4f86\u7684\u653f\u5ba2~\u54c0~\u53ea\u6703\u9818\u9ad8\u85aa~\u9023\u500b\u7db2\u7d05\u90fd\u6bd4\u4e0d\u4e0a"
        },
        {
            "reply_id": "UgyfR2j8U3EviGsR_KF4AaABAg",
            "reply_content": "\u770b\u4e86\u5f71\u7247\u597d\u611f\u52d5\u5440\uff01\u8b1d\u8b1d\u4f60\u5011\u7684\u5584\u826f\uff0c\u5e6b\u52a9\u4e86\u8f9b\u82e6\u7684\u679c\u8fb2\u5011\uff0c\u81fa\u7063\u6709\u4f60\u5011\u5f88\u5e78\u798f\u2764"
        },
        {
            "reply_id": "UgyHeeamu--vMLQtiit4AaABAg",
            "reply_content": "\u6700\u5f8c\u8aaa\u70cf\u9d09\u919c\u4e00\u9ede\u5f88\u4e2d\u80af"
        },
        {
            "reply_id": "Ugwlg6L7nxO2lyg8jXp4AaABAg",
            "reply_content": "\u60f3\u5403"
        },
        {
            "reply_id": "UgzZyFLm3S2K30pIr2N4AaABAg",
            "reply_content": "\u6211\u672c\u4f86\u6700\u559c\u6b61\u8292\u679c\uff08\u6bcf\u5929\u5403\u56db\u4e94\u9846\uff09\uff0c\u53bb\u5e74\u7684\u6642\u5019\u6211\u7238\u6709\u500b\u670b\u53cb\u7684\u7238\u5abd\u6709\u7a2e\u8292\u679c\uff08\u7a2e\u597d\u73a9\u7684\uff09\u7a2e\u4e86\u534a\u500b\u5c71\uff0c\u7d50\u679c\u53ea\u63a1\u5230\u4e86\u4e00\u4e9b\u8aaa\u4eca\u5e74\u7684\u8292\u679c\u4e26\u4e0d\u597d\u53ea\u63a1\u5230\u4e00\u4e9b\uff0c\u770b\u5230\u4ed6\u5011\u7684\u8292\u679c\u662f\u6240\u6709\u6a39\u90fd\u6709\u5f88\u7fa8\u6155"
        },
        {
            "reply_id": "UgxkbyUc-8v55kProJF4AaABAg",
            "reply_content": "\u4eca\u5e74\u8292\u679c\u6b20\u6536\uff0c\u62ff\u53bb\u505a\u8292\u679c\u5e72\u90a3\u500b\u50f9\u683c\u4f60\u6703\u5687\u6b7b\u3002\u4f46\u662f\u4eca\u5e74\u8fb2\u7522\u54c1\u597d\u50cf\u90fd\u5f88\u8cb4\u3002"
        },
        {
            "reply_id": "Ugx98B7gKzNfQOz5lSR4AaABAg",
            "reply_content": "\u9084\u6709\u8292\u679c\u5e72\uff1f"
        },
        {
            "reply_id": "UgwYoJIm9hvIHMYMG654AaABAg",
            "reply_content": "\u8fb2\u6c11\u771f\u7684\u5f88\u5e78\u82e6\u611f\u8b1d\u68d2\u5e6b\u4ed6\u5011"
        },
        {
            "reply_id": "Ugx_8VMJiV3-cCk_3px4AaABAg",
            "reply_content": "\u56e0\u70ba\u6f14\u7b97\u6cd5\u770b\u4e86\u8a31\u591abump\u7684\u5f71\u7247\uff0c\u4f60\u7684\u5f71\u7247\u771f\u7684\u5f88\u9f13\u821e\u4eba\u5fc3\u8036"
        },
        {
            "reply_id": "Ugy005pDS3Dru4ydnwN4AaABAg",
            "reply_content": "\u9019\u6642\u7684\u9aee\u578b\u6bd4\u8f03\u597d\u770b!"
        },
        {
            "reply_id": "Ugy_z0BiNJCV2dT_tVN4AaABAg",
            "reply_content": "\u770b\u5230\u6905\u8173\u5c31\u77e5\u9053\u662f\u70cf\u9d09\u4e86  \u54c8\u54c8  \u4ed6\u5011\u771f\u7684\u592a\u597d\u7b11\u4e86 \u8d85\u652f\u6301\u4ed6\u5011"
        },
        {
            "reply_id": "UgweAqbyVHxQHvysNWR4AaABAg",
            "reply_content": "\u4f60\u5f88\u8b9a"
        },
        {
            "reply_id": "UgyauXSa2GlF-Xx7wIx4AaABAg",
            "reply_content": "\u73fe\u5728\u770b\u5230\u70cf\u9d09 \u89ba\u5f97\u5641\u5fc3"
        }
    ]
}