{
    "video_info": {
        "id": "wRJD1F2rH1g",
        "channelTitle": "\u597d\u68d2Bump",
        "title": "\u8cb8\u6b3e\u501f\u9322\u7adf\u88ab\u8a50\u9a19\u4e0a\u767e\u842c\uff01\u8b93\u4f60\u7c3d\u4e0b\u4e0d\u5e73\u7b49\u689d\u7d04\u53ca\u672c\u7968\uff01\u8840\u6d17\u5e74\u8f15\u4eba\u4e00\u8f29\u5b50\u2026. \u3010\u597d\u68d2Bump\u3011\u3010\u8a50\u9a19\u89e3\u78bc\u3011",
        "description": "\u6210\u70ba\u9019\u500b\u983b\u9053\u7684\u6703\u54e1\u4e26\u7372\u5f97\u734e\u52f5\uff1a\n\u9019\u662f\u5927\u5b78\u751f\u8ddf\u6025\u9700\u7528\u9322\u7684\u4f60\u4e00\u5b9a\u8981\u770b\u9019\u4e00\u96c6\u3002\n\n#\u8cb8\u6b3e\u9a19\u5c40 #\u8a50\u9a19\u89e3\u78bc #\u5982\u679c\u4f60\u6025\u9700\u7528\u9322\u7684\u8a71\u5148\u770b\u5b8c\u9019\u90e8\u5f71\u7247\n--------------------------------------------------------- \n\u4e0a\u4e00\u90e8\u5f71\u7247 \u6211\u53bb\u5831\u5ee2\u5834\u6536\u96f6\u4ef6\uff01\u53ea\u75285\u842c\u5c31\u7d44\u51fa\u4e00\u53f0\u6c2e\u6c23\u5674\u5c04\u8eca\uff01\u3010\u597d\u68d2Bump\u3011https://youtu.be/yKAnhCSC4rQ\n\n\u8001\u5b50\u7684IG\uff1ahttps://bit.ly/2JqmmIq\n\u8001\u5b50\u7684FB\uff1ahttps://bit.ly/2s3pwwb",
        "likeCount": "38282",
        "commentCount": "2681",
        "viewCount": "1267734"
    },
    "comments": [
        {
            "reply_id": "Ugx662Cl2s75TnwIfi54AaABAg",
            "reply_content": "\u4eca\u5929\u8a50\u9a19\u89e3\u78bc\u56de\u6b78\uff5e \u5e0c\u671b\u5927\u5bb6\u90fd\u4e0d\u8981\u518d\u88ab\u9a19\u4e86 \n\n\u984d\u5916\u88dc\u5145\u4e00\u4e0b\uff0c\u5f71\u7247\u4e2d\u63d0\u5230\u7684\u300c\u597d\u8cb8\u7db2\u300d\u300c\u55ac\u7f8e\u8cb8\u6b3e\u300d\u7b49\uff0c\u90fd\u662f\u771f\u5be6\u5b58\u5728\u7684\u8cb8\u6b3e\u516c\u53f8\uff0c\u4f46\u662f\u4ed6\u5011\u5f88\u5e38\u88ab\u8a50\u9a19\u96c6\u5718\u5192\u540d\uff0c\u5927\u5bb6\u7533\u8fa6\u8cb8\u6b3e\u6642\u8acb\u4e00\u5b9a\u8981\u78ba\u8a8d\u6e05\u695a\u771f\u507d\u3002"
        },
        {
            "reply_id": "UgwyoQ5VAPBrOtbZq3p4AaABAg",
            "reply_content": "\u78ba\u5be6\u5f88\u591a\u6709\u9322\u4eba\uff0c\u9322\u5230\u5e95\u600e\u9ebc\u4f86\u7684\u90fd\u4e0d\u77e5\u9053..."
        },
        {
            "reply_id": "UgwTD31ApjSB-PfkLKZ4AaABAg",
            "reply_content": "\u6211\u4e5f\u662f\u6709\u7aae\u904e\uff0c\u597d\u5728\u6211\u4e0d\u76f8\u4fe1\u8cb8\u6b3e"
        },
        {
            "reply_id": "UgxLt7aopWmdp1-xtmx4AaABAg",
            "reply_content": "\u8d85\u904e\u6cd5\u5b9a\u5e74\u5229\u738716%\u4f9d\u6cd5\u4e0d\u7528\u511f\u9084 \u8a18\u5f97\u662f\u9019\u6a23"
        },
        {
            "reply_id": "UgzHWwUkLFGYffawR4x4AaABAg",
            "reply_content": "\u9022\u7532\u5927\u5b78\u4e5f\u662f\u985e\u4f3c\u8a50\u9a19"
        },
        {
            "reply_id": "UgycgwJLvyol-gZp99N4AaABAg",
            "reply_content": "\u6211\u4e5f\u9a19\u904e\uff0c\u7576\u6642\uff0c\u8aaa\u6709\u696d\u7269\u8ddf\u4f60\u63a5\u6d3d\uff0c\u7d50\u679c\u4e00\u958b\u59cb\u53eb\u6211\u4e0a\u8eca\uff0c\u8ddf\u6211\u8aaa\u4e00\u5927\u5806\uff0c\u5f8c\u9762\u6211\u8aaa\u6211\u4e0d\u8981\u501f\u4e86\uff0c\u4f46\u5c0d\u65b9\u8aaa\u8981\u8cc7\u8a0a\u8cbb\uff0c\u90a3\u6642\u6c92\u9322\u7d66\uff0c\u90a3\u5c0d\u65b9\u662f\u600e\u9ebc\u56de\u4e8b\uff0c\u786c\u8981"
        },
        {
            "reply_id": "UgwmxVumusG-n_BlKUp4AaABAg",
            "reply_content": "\u771f\u7684\u6c92\u932f\uff0c\u4e5d\u4e58\u4e5d\u9a19\u7684"
        },
        {
            "reply_id": "UgxHlt4rNXGfTSQAz7V4AaABAg",
            "reply_content": "\u6211\u73fe\u5728\u9047\u5230\u8cb8\u6b3e\u8a50\u9a19\u4e0d\u77e5\u9053\u600e\u9ebc\u8fa6"
        },
        {
            "reply_id": "Ugwcrc0O1EUztgKqrgx4AaABAg",
            "reply_content": "\u9022\u7532\u5927\u5b78\u8def\u904e"
        },
        {
            "reply_id": "Ugyt4KBmSuVNQ8frJzl4AaABAg",
            "reply_content": "\u6211\u4e5f\u662f\u9019\u6a23\u88ab\u9a19\u7684"
        },
        {
            "reply_id": "Ugw0X-Ntl3jNKpQOdUt4AaABAg",
            "reply_content": "\u9019\u5f71\u7247\u592a\u795e\u4e86"
        },
        {
            "reply_id": "UgzawAKg6f9VRShmAZx4AaABAg",
            "reply_content": "\u5e0c\u671bbump \u591a\u62cd\u651d\u4e00\u4e9b\u6709\u95dc\u65bc\u9019\u7a2e\u8a50\u9a19\u6216\u6c11\u9593\u7684\u9ad8\u5229X\u7684\u5f71\u7247\u5e0c\u671b\u80fd\u8b93\u66f4\u591a\u6c11\u773e\u77e5\u9053\u9019\u7a2e\u4e0d\u5408\u6cd5\u7684\u5f71\u7247\u3002"
        },
        {
            "reply_id": "UgyQ4hxdFOP4k6wvLF94AaABAg",
            "reply_content": "\u771f\u7684\u53ea\u80fd\u795d\u798f\u6240\u6709\u8a50\u9a19\u96c6\u5718\u90fd\u6a6b\u6b7b\u8857\u982d\u4e86"
        },
        {
            "reply_id": "UgziyXfheOva9VMF9N14AaABAg",
            "reply_content": "\u8fd9\u65f6\u6211\u6709\u4e2a\u7075\u611f\uff0c\u5c31\u662f\u53d7\u5bb3\u8005\u5f88\u6709\u53ef\u80fd\u8fd9\u4e9b\u6d89\u53ca\u7684\u4e8b\u4ef6\u4e0d\u53ea\u662f\u8d22\u52a1\u8bc8\u9a97\uff0c\u5f88\u6709\u53ef\u80fd\u8fd9\u4e9b\u4ea4\u6613\u4e5f\u4f1a\u6d89\u53ca\u975e\u6cd5\u4ea4\u6613/\u975e\u6cd5\u4e8b\u4ef6\u751a\u81f3\u53d7\u5bb3\u8005\u95f4\u63a5\u6027/\u76f4\u63a5\u6027\u6210\u4e3a\u4e86\u73b0\u6210\u7684\u730e\u7269\u6765\u66ff\u8fd9\u4e9b\u72af\u7f6a\u8005\u627f\u62c5\u5211\u4e8b\u8d23\u4efb\uff0c\u6240\u4ee5\u8bf7\u5927\u5bb6say no to \u4efb\u4f55\u94f6\u884c\u4ee5\u5916\u7684\u8d37\u6b3e\u3002 \u6025\u9700\u7528\u94b1\u6216\u8bb8\u53ef\u4ee5\u5bfb\u6c42\u653f\u5e9c\u4eba\u5458\u7684\u5e2e\u52a9\uff0c\u867d\u7136\u73b0\u5728\u7684\u793e\u4f1a\u4e0d\u5bb9\u6613\uff0c\u6240\u4ee5\u91d1\u94b1\u538b\u529b\u662f\u4e00\u4e2a\u95ee\u9898\uff0c\u4f46\u5176\u5b9e\u5b83\u4e5f\u4e0d\u662f\u4e00\u4e2a\u95ee\u9898\uff0c\u4f46\u662f\u5176\u5b9e\u7406\u667a\u53bb\u770b\u7684\u8bdd\u5176\u5b9e\u6bcf\u4e00\u4ee3\u7684\u4eba\u90fd\u6709\u9762\u5bf9\u8fd9\u7c7b\u95ee\u9898\uff0c\u6240\u4ee5\u8bf7\u5927\u5bb6\u52a1\u5fc5\u7406\u667a\u770b\u5f85\u91d1\u94b1\u8bfe\u9898\uff0c\u5f88\u591a\u95ee\u9898\u5176\u5b9e\u53ef\u4ee5\u89e3\u51b3\u7684\uff0c\u6709\u529e\u6cd5\u7684\uff0c\u800c\u4e14\u8fd9\u4e9b\u529e\u6cd5\u53ef\u4ee5\u662f\u6b63\u5f53\u548c\u5728\u5149\u660e\u4e0b\u6267\u884c\u7684\uff0c\u4f46\u662f\u8bf7\u7528\u6b63\u5f53\u548c\u7406\u667a\u7684\u65b9\u5f0f\u6765\u4fdd\u62a4\u81ea\u5df1\u8fd8\u6709\u81ea\u5df1\u8eab\u8fb9\u7684\u4eba\u3002"
        },
        {
            "reply_id": "Ugwn4RprSssUyPm437Z4AaABAg",
            "reply_content": "\u771f\u7684\u975e\u5e38\u8b1d\u8b1d\u4f60\u6211\u4e5f\u662f\u88ab\u9019\u500b\u7d66\u9a19\u4e86\u5e78\u597d\u53ca\u6642\u770b\u5230\u4e86\u60a8\u7684\u5f71\u7247\u6211\u9084\u6c92\u7e73\u771f\u7684\u662f\u5e78\u597d\u6211\u4e00\u76f4\u88ab\u50ac\u7e73\u6211\u7576\u6642\u4e5f\u662f\u770b\u8457\u87a2\u5e55\u5c0d\u7167\u6253\u4e0a\u53bb\u7d50\u679c\u4e5f\u662f\u4e00\u6a23\u7b54\u6848\u771f\u7684\u5f88\u8b1d\u8b1dBunp\u5927\u5927"
        },
        {
            "reply_id": "Ugw5imRG6Qx1HrFTxRt4AaABAg",
            "reply_content": "\u6211\u771f\u7684\u5f88\u60f3\u554f\u4e00\u500bbump\u90fd\u53ef\u4ee5\u5fb5\u67e5\u5230\u8a50\u9a19\u6211\u5011\u4ed6\u5abd\u7684\u653f\u5e9c\u5230\u5e95\u5728\u5e79\u561b\uff1f\u6253\u8a50\u8fa6\u516c\u5ba4\u6574\u5929\u5728\u5e79\u561b\uff1f\u6211\u771f\u7684\u5f88\u597d\u5947"
        },
        {
            "reply_id": "UgxOoYao7jqUeCFguYB4AaABAg",
            "reply_content": "\u60f3\u77e5\u9053\u6700\u5f8c\u600e\u9ebc\u8655\u7406\ud83d\ude2e"
        },
        {
            "reply_id": "UgxSslwo-uIlUqk9Gmh4AaABAg",
            "reply_content": "\u53f0\u7063\u662f\u500b\u5bf6\u5cf6\uff0c\u5145\u6eff\u4eba\u60c5\u5473\u7684\u5730\u65b9\uff0c\u5f88\u611f\u8b1d\u6b63\u7fa9\u4e4b\u58eb\uff0c\u9ed8\u9ed8\u70ba\u53f0\u7063\u4ed8\u51fa\u3002\n\u75ab\u60c5\u9019\u5e7e\u5e74\uff0c\u5f88\u591a\u4eba\u8f9b\u82e6\u8cfa\u9322\uff0c\u751f\u6d3b\u771f\u7684\u5f88\u4e0d\u5bb9\u6613\uff0c\u4f46\u8a50\u9a19\u96c6\u5718\u7121\u8655\u4e0d\u5728\uff0c\u9a19\u4e86\u5f88\u591a\u4eba\u8f9b\u82e6\u8cfa\u4f86\u7684\u9322\uff0c\u758f\u4e0d\u77e5\u6709\u4e9b\u9322\u662f\u6551\u547d\u9322\u5440\uff01\u6709\u4e9b\u9322\u662f\u62ff\u4f86\u505a\u597d\u4e8b\u7684\u5440\uff01\n\u6709\u4e9b\u4eba\u53ef\u80fd\u88ab\u8a50\u9a19\uff0c\u904e\u4e0d\u4e86\u95dc\uff0c\u547d\u5c31\u56e0\u6b64\u6c92\u4e86\u5440\uff01\u662f\u771f\u7684\u3002\n\u6211\u7576\u5175\u7684\u597d\u53cb\u88ab\u9a19\uff0c\u4e00\u5915\u4e4b\u9593\u516c\u53f8\u623f\u7522\u5168\u90e8\u6c92\u6709\u4e86\uff01\u6211\u670b\u53cb\u7684\u540c\u4e8b\u88ab\u8a50\u9a19\u4e94\u767e\u591a\u842c\uff01\u6211\u9031\u906d\u592a\u591a\u4eba\u88ab\u9a19\u611f\u60c5\u88ab\u9a19\u91d1\u9322\uff01\n\u7948\u9858\u4eba\u4eba\u90fd\u80fd\u6df1\u4fe1\u56e0\u679c\u4e14\u76f8\u4fe1\u5831\u61c9\uff0c\u5929\u5730\u9593\u771f\u6709\u9b3c\u795e\u5b58\u5728\uff0c\u4e0d\u6627\u5fc3\u4e0d\u6627\u795e\uff0c\u4eba\u751f\u624d\u6d3b\u7684\u7cbe\u5f69\u3002\n\u9858\u4eba\u4eba\u90fd\u80fd\u884c\u5584\u3001\u4e0d\u5077\u76dc\u3001\u4e0d\u8a50\u9a19\u3002\u53f0\u7063\u52a0\u6cb9\uff01\u5584\u826f\u6b63\u7fa9\u4e4b\u58eb\u52a0\u6cb9\uff01\u2764\u2764\u2764"
        },
        {
            "reply_id": "UgxeF3lXkUid5Bbbt0J4AaABAg",
            "reply_content": "\u771f\u662f\u53ef\u601c\uff0c\u90a3\u4e2a\u5341\u5929\u5341\u5206\u5229"
        },
        {
            "reply_id": "UgzjqG9MlSQAIBRWqqV4AaABAg",
            "reply_content": "\u6240\u4ee5\u653f\u5e9c\u505a\u4e86\u4ec0\u9ebc"
        }
    ]
}