{
    "video_info": {
        "id": "x7zqPw6LJrw",
        "channelTitle": "\u597d\u68d2Bump",
        "title": "\u7528\u4ea4\u53cb\u8edf\u9ad4\u627e\u5305\u990a\uff01\u7adf\u7136\u771f\u7684\u6709\u963f\u59e8\u7d04\u6211\u51fa\u53bb\u8a66\u8a66....\uff1f\u3010\u597d\u68d2Bump\u3011\u3010\u5305\u990a\u934a\u91d1\u8853\u3011",
        "description": "\u6211\u4e0d\u60f3\u52aa\u529b\u4e86\uff01\u5f9e\u4eca\u5929\u958b\u59cb\u627e\u6709\u9322\u963f\u59e8\u6c42\u5305\u990a\uff01\n\n#\u627e\u963f\u59e8\u5305\u990a #\u78b0\u9762\u8a66\u8a66\u770b #58\u6b72\u4e0d\u662f\u8ddd\u96e2\n--------------------------------------------------------- \r\n\u4e0a\u4e00\u90e8\u5f71\u7247\u9084\u5e36\u98a8\u5411\uff1f\u5973\u4eba\u8ff7\u4f60\u5230\u5e95\u5920\u4e86\u6c92\uff1f\u3010\u597d\u68d2Bump\u3011https://youtu.be/R-OpmOeb5ng\r\n\r\n\u8001\u5b50\u7684IG\uff1ahttps://bit.ly/2JqmmIq\r\n\u8001\u5b50\u7684FB\uff1ahttps://bit.ly/2s3pwwb",
        "likeCount": "12917",
        "commentCount": "896",
        "viewCount": "917734"
    },
    "comments": [
        {
            "reply_id": "UgxKHBBUvypjyTYIFe54AaABAg",
            "reply_content": "\u6211\u4e00\u5b9a\u8981\u6210\u529f\u88ab\u5305\u990a\ud83d\ude08"
        },
        {
            "reply_id": "Ugwwq5d9p5K9tHH4m4t4AaABAg",
            "reply_content": "\u6211\u6df7\u963f\u59e8\u5708\u597d\u591a\u5e74\u4e86 \u5c31\u7b97\u8001 \u5176\u5be6\u73fe\u5be6\u7684\u6b98\u9177\u8b93\u4ed6\u5011\u8b8a \u7368\u7acb \u90a3\u4e9b\u5c11\u5973\u5fc3\u5176\u5be6\u9084\u5728 \u5167\u5fc3\u4f9d\u7136\u5bb3\u6015\u5b64\u55ae \u4ed6\u5c31\u77e5\u9053\u4f60\u7684\u76ee\u7684\u963f \u5e79\u561b\u5148\u9322\u5148\u4e1f\u6c34\u6e9d \u5973\u751f\u672c\u4f86\u5c31\u6162\u71b1\u7684 \u6240\u4ee5\u5e79\u561b\u5148\u88dd\u5927\u4f6c \u76f8\u8655\u7684\u597d\u6709\u611f\u60c5\u518d\u7528\u9322\u5e6b\u4f60\u6d17\u6fa1 \u9084\u592a\u5ae9\u4e86"
        },
        {
            "reply_id": "UgxyZUI9JSmNJpvwcHp4AaABAg",
            "reply_content": "\u9019\u6a23\u611f\u89ba\u4e0d\u592a\u597d"
        },
        {
            "reply_id": "UgwYgl2UGK6OKZ7Fad94AaABAg",
            "reply_content": "\u6709\u9322\u4eba\u4e0d\u4e00\u5b9a\u6703\u8aaa\u4ed6\u6709\u9322"
        },
        {
            "reply_id": "UgzT-E7eoSDXE7DeXRJ4AaABAg",
            "reply_content": "\u4ec0\u4e48\u8f6f\u4ef6\u554a"
        },
        {
            "reply_id": "UgwGSn-KrWX3CeJcOXV4AaABAg",
            "reply_content": "\u6709\u9322\u7684\u5973\u4eba\u770b\u4e0d\u4e0a\u4f60\u5566 \u7167\u7167\u93e1\u5b50 \u770b\u770b\u4f60\u689d\u4ef6"
        },
        {
            "reply_id": "UgwHMgPD2UO3dMTh8Bt4AaABAg",
            "reply_content": "\u9019\u6a23\u6b3a\u9a19\u963f\u59e8\u7684\u611f\u60c5\u4e0d\u592a\u597d,\u4e0d\u5982\u5148\u8ac7\u8ac7\u611f\u60c5\u5427?"
        },
        {
            "reply_id": "Ugzi5HVBnoqNhhDB3MV4AaABAg",
            "reply_content": "\u771f\u7684\u662f\u5f88\u4f4e\u4fd7\u5f88\u4e0d\u5c0a\u91cd\u4eba\u7684\u5f71\u7247\u7d20\u8cea\uff0c\u53ea\u6709\u6c92\u6c34\u6e96\u7684\u5c41\u5b69\u6703\u5c0d\u9019\u7a2e\u5f71\u7247\u53eb\u597d\u3002"
        },
        {
            "reply_id": "UgzHja18knrL9R8AZyh4AaABAg",
            "reply_content": "\u7b11\u5230\u4e0d\u884c\u54c8\u54c8\u54c8\u54c8\u54c8\u54c8\u54c8 \u6211\u4ee5\u70ba\u4f60\u6703\u8aaa \u597d \u5148\u8ddf\u59b3\u56de\u5bb6"
        },
        {
            "reply_id": "UgzkB4f-uder5TLPPHR4AaABAg",
            "reply_content": "\u4ea4\u53cb\u8edf\u9ad4\u672c\u4f86\u5c31\u4e00\u5806\u6587\u76f2\u5728\u73a9\u7684"
        },
        {
            "reply_id": "UgxdqmtwAAzUDgUUlTJ4AaABAg",
            "reply_content": "\u8acb\u6c42\u5c0d\u65b9\u6709\u7121\u7c89\u7d72\u9801\u6216\u54ea\u9593\u9910\u5ef3\uff1f"
        },
        {
            "reply_id": "UgzkkH4falbyM_AtQ3l4AaABAg",
            "reply_content": "\u6709\u9322\u7684\u963f\u59e8\u4e0d\u6703\u4e0a\u4ea4\u53cb\u8edf\u9ad4\u8005\u5427\ud83d\ude02\ud83d\ude02\ud83d\ude02"
        },
        {
            "reply_id": "UgwDV7F__8jL2lm_fYl4AaABAg",
            "reply_content": "\u7528\u6a19\u9ede\u7b26\u865f\u662f\u8001\u4eba\u5bb6\uff1f \u90a3\uff0c\u6211\u4ee5\u5f8c\u4e0d\u8981\u7528\u597d\u4e86\u3002"
        },
        {
            "reply_id": "Ugy7SseufGGrZfNUX9R4AaABAg",
            "reply_content": "\u65b0\u838a\u5c31\u6709\u4e00\u500b\u963f\u59e8\u966a\u5979\u6253\u70ae\uff0c\u7761\u89ba\uff0c\u901b\u8857\uff0c\u5c31\u6703\u7d66\u9322\u554a\uff0c\u7db2\u8def\u4e0a\u4e0d\u662f\u4e00\u5806\u5927\u558a\u963f\u59e8\u6211\u4e0d\u60f3\u52aa\u529b\u4e86\ud83c\udf89\u505a\u7bc0\u76ee\u8981\u5e6b\u963f\u59e8\u6253\u500b\u99ac\u8cfd\u514b\u5594\ud83c\udf89\u56e0\u70ba\u5404\u5e74\u9f61\u90fd\u6703\u6709\u81ea\u5df1\u9700\u6c42\ud83c\udf89\u9019\u4e00\u9ede\u4e5f\u4e0d\u610f\u5916\ud83c\udf89\u7537\u751f\u5973\u751f\u90fd\u4e00\u6a23\u554a\ud83c\udf89"
        },
        {
            "reply_id": "UgwRm5nEGUXv5AUYYHV4AaABAg",
            "reply_content": "\u9019\u662f\u771f\u7684\u55ce\uff1f"
        },
        {
            "reply_id": "UgydB6NOA-gikjDG6Hd4AaABAg",
            "reply_content": "\u96d6\u7136\u904e\u4e86\u5169\u5e74\u624d\u770b\u5230\u9019\u90e8\u5f71\u7247\uff0c\u4f46\u60f3\u8b1b\uff1a\u8981\u627e\u5305\u990a\u4e0d\u80fd\u5728\u4ea4\u53cb\u8edf\u9ad4\uff0c\u6709\u5c08\u9580\u627e\u5305\u990a\u7684\u7db2\u7ad9\u3002"
        },
        {
            "reply_id": "Ugy0GZ0gXmhtIZx6UeZ4AaABAg",
            "reply_content": "\u9806\u59e6\u59e8\u6d1e"
        },
        {
            "reply_id": "Ugws2OiG05GD6SSsk-d4AaABAg",
            "reply_content": "\u6211\u89ba\u5f97\u9019\u500b\u963f\u59e8\u662f\u6709\u9322\u7684\u8a92\u3002\u6709\u9ede\u50cf\u4f4e\u8abf\u7684\u6709\u9322\u4eba\u3002\u53bb\u5979\u4f4f\u7684\u5730\u65b9\u770b\u770b\u624d\u77e5\u9053\u6709\u6c92\u6709\u9322"
        },
        {
            "reply_id": "UgzumsjY14jLhVUq4194AaABAg",
            "reply_content": "\u6700\u5f8c\u90a3\u500b\u6efe\u662f\u8ab0\u963fXD"
        },
        {
            "reply_id": "UgzLM4XOhdSADOnbbUh4AaABAg",
            "reply_content": "\u6bcf\u6b21\u770b\u4f60\u7684\u5f71\u7247\uff0c\u5c31\u6703\u4e00\u76f4\u7b11\uff0c\u7136\u5f8c\uff0c\u4f60\u8b1b\u8a71\u5c31\u597d\u50cf\u5728\u807d\u6211\u5152\u5b50\u8b1b\u8a71\u4e00\u6a23\ud83d\ude06"
        }
    ]
}