{
    "video_info": {
        "id": "X9Yocc0tK2g",
        "channelTitle": "\u597d\u68d2Bump",
        "title": "\u53ea\u8981\u8fa6\u5e33\u865f\u5c31\u9001300\u842c\u73fe\u91d1\uff01\uff1f\u865f\u53ec\u4e0a\u5343\u4eba\u6d17\u7206\u77e5\u540d\u4ea4\u6613\u6240\uff01\u3010\u597d\u68d2Bump\u3011",
        "description": "\u5de5\u5177\u53ea\u662f\u5de5\u5177\uff0c\u662f\u7528\u7684\u4eba\u6c7a\u5b9a\u4e86\u5b83\u7684\u597d\u58de\u3002\n\n#\u8a3b\u518a\u4ea4\u6613\u6240 #\u90015\u7f8e\u91d1 #\u5de5\u5177\u6c92\u6709\u597d\u58de\u4e4b\u5206\n--------------------------------------------------------- \n\u4e0a\u4e00\u90e8\u5f71\u7247 \u6211\u628a40\u5e74\u8001\u5c4b\u5927\u6539\u9020\u2026 \u8b8a\u6210\u667a\u80fd\u79d1\u6280\u623f\uff01 \u79df\u51fa\u53bb\u80fd\u8cfa\u591a\u5c11\u9322\uff1f\u3010\u597d\u68d2Bump\u3011https://youtu.be/3xcQsxpMM2o\n\n\u8001\u5b50\u7684IG\uff1ahttps://bit.ly/2JqmmIq\n\u8001\u5b50\u7684FB\uff1ahttps://bit.ly/2s3pwwb",
        "likeCount": "44880",
        "commentCount": "3405",
        "viewCount": "1012502"
    },
    "comments": [
        {
            "reply_id": "UgwWOHjhFDUuSHdQ7iF4AaABAg",
            "reply_content": "\u8b1d\u8b1d\u4f60\u8aaa\u8981\u6d3b\u5728\u7576\u4e0b\u52c7\u6562\u8ffd\u5922\uff0c\u6240\u4ee5\u6211\u6253\u7b97\u53bb\u7dec\u5317\u641e\u8a50\u9a19\u4e86\uff0c\u8b1d\u8b1d\u4f60\u7d66\u6211\u7684\u4fe1\u5fc3"
        },
        {
            "reply_id": "UgyY3aSQmWyb8hZk3494AaABAg",
            "reply_content": "\u6211\u7684\u6f0f\u6597\u80f8\u958b\u5200\u88e1\u9762\u8981\u653e\u4e4b\u7a31\u7684\u9435\u689d \u4e5f\u662f\u56e0\u70ba\u5065\u4fdd\u7684\u95dc\u4fc2 \u8dd1\u5230\u5916\u7e23\u5e02\u91ab\u9662\u624d\u6709 \u800c\u4e14\u9084\u8981\u81ea\u5df1\u51fa\u5f88\u591a== \u672c\u4f86\u4e4b\u524d\u6709\n\u662f\u88dc\u52a9\u689d\u4ef6\u8d8a\u4f86\u8d8a\u56b4\u5230\u91ab\u9662\u628a\u9019\u9805\u624b\u8853\u6536\u8d77\u4f86......"
        },
        {
            "reply_id": "Ugxa9WBHy_sN-BaBDOt4AaABAg",
            "reply_content": "\u770b\u4f60\u7684\u5f71\u7247 \u6bd4\u770b\u90a3\u4e9b\u70ab\u5bcc\u70ab\u5976\u5634\u7832\u5225\u4eba\u4f86\u7684\u9019\u4e9b\u7db2\u8def\u5f71\u7247\u597d\u592a\u591a"
        },
        {
            "reply_id": "UgygBBwAzlNDdRwf2l14AaABAg",
            "reply_content": "\u4eba\u53ea\u6709\u5feb\u6c92\u547d\u624d\u6703\u66f4\u73cd\u60dc\u751f\u547d"
        },
        {
            "reply_id": "Ugxb4Z0BLdjGdRdzxil4AaABAg",
            "reply_content": "\u76e1\u4e00\u9ede\u5fae\u529b\uff5e"
        },
        {
            "reply_id": "UgxdkXpAQ-Li_LHk0YR4AaABAg",
            "reply_content": "\u9019\u9ebc\u53b2\u5bb3\u554a\uff1f"
        },
        {
            "reply_id": "Ugy263Kta1etal04GbV4AaABAg",
            "reply_content": "\u592a\u665a\u770b\u5230\u4e86\ud83d\ude22"
        },
        {
            "reply_id": "Ugxe4Ggu98Vb9VsS8PN4AaABAg",
            "reply_content": "\u9019\u5c31\u662f\u53f0\u7063"
        },
        {
            "reply_id": "UgxW9QdI2yxC1O-CGcp4AaABAg",
            "reply_content": "\u5982\u679c\u662f\u4e00\u4e9b\u7acb\u59d4\u7684\u5c0f\u5b69\u4e00\u5b9a\u5f88\u5feb\u5c31\u6703\u6539\u4e86\u53f0\u7063\u771f\u7684\u53ef\u4ee5\u52a0\u6cb9\u4e00\u9ede\ud83d\ude02"
        },
        {
            "reply_id": "Ugzn03VBZKzhhk1n3Rh4AaABAg",
            "reply_content": "Bump\u662f\u4f4d\u771f\u6b63\u66ff\u793e\u6703\u5f31\u52e2\u5718\u9ad4\u767c\u8072\u4e26\u63d0\u4f9b\u5e6b\u52a9\u7684\u4eba\uff0c\u8b1d\u8b1d\u4f60\u505a\u7684\u4e00\u5207\uff0c\u7b2c\u4e00\u6b21\u6253\u8cde\u5c31\u70ba\u4e86\u652f\u6301\u4f60\uff01"
        },
        {
            "reply_id": "UgxOpFPzmPTdmgcZT6R4AaABAg",
            "reply_content": "\u8acb\u554f\u8a3b\u518a\u5b8c\u600e\u9ebc\u5be6\u540d\u8a8d\u8b49"
        },
        {
            "reply_id": "Ugwxf6A22o2OgJXEO2t4AaABAg",
            "reply_content": "\u8acb\u554f\u793e\u7fa4\u5bc6\u78bc"
        },
        {
            "reply_id": "UgzEPsgmsgPeIcfzmA94AaABAg",
            "reply_content": "\u611f\u8b1dBump\u70ba\u5f31\u52e2\u65cf\u7fa4\u6240\u505a\u7684\u4e00\u5207\n\u76e1\u81ea\u5df1\u7684\u4e00\u4e9b\u5fae\u8584\u4e4b\u529b\u4f86\u5e6b\u52a9\u4ed6\u5011"
        },
        {
            "reply_id": "UgzPS6gXP9VjXFnumm14AaABAg",
            "reply_content": "\u611f\u8b1d\u4f60\u4e00\u76f4\u5728\u505a\u9019\u4e9b\u793e\u6703\u516c\u76ca  \u5e6b\u52a9\u9808\u8981\u5e6b\u52a9\u7684\u4eba~"
        },
        {
            "reply_id": "UgxtiZq8DHz3PXk7CPt4AaABAg",
            "reply_content": "\u5abd\u5abd\u4e5f\u5f88\u68d2\ud83d\ude22"
        },
        {
            "reply_id": "Ugw2ybkBabmZ5JKl0kd4AaABAg",
            "reply_content": "\u8aaa\u600e\u9ebc\u570b\u5bb6\u600e\u9ebc\u4e0d\u8b93\u4ed6\u6d3b\u600e\u9ebc\u4e0d\u8aaa\u4ed6\u5011\u8981\u600e\u9ebc\u70ba\u9019\u570b\u5bb6\u8ca2\u737b\uff1f\u9664\u975e\u4ed6\u662f\u8ddf\u970d\u91d1\u4e00\u6a23\u7684\u5929\u624d\u5426\u7136\u6191\u4ec0\u9ebc\u570b\u5bb6\u8981\u5e6b\u52a9\u4ed6\u5011\u5462\uff1f\u5c31\u627f\u8a8d\u7684\u9019\u75c5\u9019\u8f29\u5b50\u5c31\u5b8c\u86cb\u4e86\u5427\uff0c\u96d6\u7136\u5f88\u6b98\u9177\u4f46\u9019\u5c31\u662f\u4e8b\u5be6"
        },
        {
            "reply_id": "Ugwg_Itm4LEA58sFLCl4AaABAg",
            "reply_content": "\u53f0\u7063\u5c31\u662f\u9700\u8981\u68d2\u54e5\u9019\u6a23\u7684\u4eba\u66ff\u5f31\u52e2\u767c\u8072"
        },
        {
            "reply_id": "UgztOjwBRv4ET3EYvmV4AaABAg",
            "reply_content": "\u771f\u7684\u60f3\u5e6b\u600e\u9ebc\u4e0d\u5728\u53e6\u5916\u7528\u4e00\u500b\u5e33\u6236\u51fa\u4f86 \u7136\u5f8c\u9019\u500b\u5e33\u6236 \u4f60\u672c\u4eba \u89c0\u773e\u5168\u90fd\u53ef\u4ee5\u96a8\u6642\u532f\u9322\u9032\u53bb \u4e5f\u4e00\u6a23\u7528\u6210\u900f\u660e\u5316 \u9322\u7528\u5728\u54ea\u90fd\u770b\u5f97\u5230 \u5927\u5bb6\u653e\u5fc3 \u81ea\u7136\u4e5f\u6350\u5f97\u591a \u770b\u770b\u7559\u8a00\u5340\u5c31\u77e5\u9053\u4e86\u5f88\u591a\u6709\u9322\u7684\u5584\u4eba \u7562\u7adf\u4f60\u9019\u8a3b\u518a\u7684\u65b9\u6cd5\u62ff\u5230\u7684\u9322 \u4e5f\u9802\u591a\u53ea\u80fd\u5e6b\u5230\u5341\u5e7e\u500b\u5de6\u53f3\u7684\u6f38\u51cd\u75c7\u60a3\u8005\u5169\u4e09\u5e74\u5c31\u6975\u9650\u4e86 \u4f46\u5982\u679c\u7167\u6211\u4e0a\u9762\u8aaa\u7684\u65b9\u6cd5\u5927\u5bb6\u4e0d\u7528\u627f\u64d4\u8a3b\u518a\u8eab\u5206\u8b49\u7684\u98a8\u96aa\u8ddf\u64d4\u6182 \u53ea\u70ba\u4e86\u90a3\u9ede\u6709\u9650\u7684\u8cc7\u6e90 \u518d\u52a0\u4e0a\u4f60\u5e74\u8d85\u767e\u842c\u7684\u6536\u5165 \u6211\u76f8\u4fe1\u9019\u689d\u5e6b\u52a9\u93c8\u6703\u8b8a\u5f97\u66f4\u6709\u7528 \u4e14\u6709\u6301\u7e8c\u6027\uff01\n\n\u80fd\u529b\u8d8a\u5f37 \u8cac\u4efb\u8d8a\u5927 \u9019\u53e5\u8a71\u96d6\u51fa\u81ea\u96fb\u5f71 \u4f46\u6211\u8a8d\u70ba\u4e00\u6a23\u9069\u7528\u5728\u73fe\u5be6\u793e\u6703\n\n\u53e6\u5916\u4e5f\u9001\u7d66\u770b\u5230\u9019\u5247\u7559\u8a00\u7684\u4eba\u4e00\u53e5\u8a71 \n\uff08\u52ff\u4ee5\u5584\u5c0f\u800c\u4e0d\u70ba\uff09 \u6bcf\u500b\u4eba\u90fd\u6709\u80fd\u529b\u5e6b\u52a9\u4ed6\u4eba \u54ea\u6015\u529b\u91cf\u5728\u5c0f \u96c6\u5408\u8d77\u4f86\u4e5f\u662f\u975e\u5e38\u53ef\u89c0\u7684"
        },
        {
            "reply_id": "UgwVcNDU8xkOGgQs-DR4AaABAg",
            "reply_content": "\u8d85\u68d2\u7684\u4f60"
        },
        {
            "reply_id": "Ugw4oPULCARDn4ZTya94AaABAg",
            "reply_content": "\u9019\u662f\u65b0\u578b\u8a50\u9a19\u55ce\uff1f\u8981\u8eab\u5206\u8b49\u52a0\u500b\u8cc7\u5404\u4f4d\u9084\u6562\u8e34\u8e8d\u7684\u7d66\u5594\uff1f"
        }
    ]
}