{
    "video_info": {
        "id": "y-QvxGjreKQ",
        "channelTitle": "\u597d\u68d2Bump",
        "title": "\u5931\u6563\u591a\u5e74\u7684\u59b9\u59b9\u7adf\u662f\u76f4\u64ad\u4e3b\uff1f\u5047\u88dd\u964c\u751f\u4eba\u7206\u523720\u842c\uff01\u518d\u7d04\u5979\u51fa\u4f86\u78b0\u9762\u76f8\u8a8d\u3010\u597d\u68d2Bump\u3011",
        "description": "\u90a3\u5929\u6211\u767c\u73fe\u81ea\u5df1\u591a\u5e74\u6c92\u806f\u7d61\u7684\u59b9\u59b9\u5728UP\u7576\u76f4\u64ad\u4e3b\uff0c\u6211\u4e8c\u8a71\u4e0d\u8aaa\u5047\u88dd\u6210\u964c\u751f\u4eba\uff0c\u5148\u5237\u500b20\u842c\u518d\u7d04\u5979\u51fa\u4f86\u76f8\u8a8d\u3002\n\nUp\u76f4\u64ad\u4e0b\u8f09\u9023\u7d50\uff1a\niOS\uff1ahttps://app.adjust.com/3jsiozy?campaign=BU\nAND\uff1ahttps://app.adjust.com/z4b3exy?campaign=BU\n\n\n#\u7a81\u8972\u59b9\u59b9 #\u7206\u523720\u842c #\u81ea\u52d5\u9078\u5b57\u771f\u7684\u5f88\u721b\n\n\u6210\u70ba\u9019\u500b\u983b\u9053\u7684\u6703\u54e1\u4e26\u7372\u5f97\u734e\u52f5\uff1a\nhttps://www.youtube.com/channel/UC7XxnhjdYjiQJ3m80K_N_4g/join\n\n--------------------------------------------------------- \r\n\u4e0a\u4e00\u90e8\u5f71\u7247\u865f\u53ec\u842c\u4eba\u8a3b\u518a\u63db\u73fe\u91d1\uff01\u638f\u7a7a\u7db2\u7ad9139\u842c\uff01\u641e\u5230\u4ed6\u5011\u5012\u70ba\u6b62\u2026\uff01\u3010\u597d\u68d2Bump\u3011\u3010\u638f\u7a7a\u934a\u91d1\u8853\u3011  @\u5e73\u6c11\u767e\u59d3 \u200b https://youtu.be/AcEWzxtjwNI\r\n\r\n\u8001\u5b50\u7684IG\uff1ahttps://bit.ly/2JqmmIq\r\n\u8001\u5b50\u7684FB\uff1ahttps://bit.ly/2s3pwwb",
        "likeCount": "52330",
        "commentCount": "1743",
        "viewCount": "2607965"
    },
    "comments": [
        {
            "reply_id": "UgxSVarcse7na0mCcup4AaABAg",
            "reply_content": "\u6709\u5f1f\u5f1f\u3001\u59b9\u59b9\u5728\u8eab\u908a\u7684\u611f\u89ba\uff0c\u9084\u662f\u6700\u6eab\u6696\u7684\u3002"
        },
        {
            "reply_id": "UgxBSPtsl8eethAtLF14AaABAg",
            "reply_content": "\u6211\u539f\u672c\u6c92\u6709\u7279\u5225\u559c\u6b61Bump\uff0c\u4f46\u662f\u81ea\u5f9e\u4ed6\u4ecb\u7d39\u4e86\u4ed6\u7684\u59b9\u59b9\uff0c\u6211\u5c31\u559c\u6b61\u4ed6\u7684\u59b9\u59b9\u4e86\u3002"
        },
        {
            "reply_id": "Ugw1SpgELrqCEM59WFF4AaABAg",
            "reply_content": "\u76f4\u64ad\u8ddf\u73fe\u5834\u4f86\u9577\u76f8\u5dee\u597d\u591a\u2026."
        },
        {
            "reply_id": "UgzA54Cj-gYQakjHE9h4AaABAg",
            "reply_content": "\u5481\u53c8\u4e00\u5e74\u5566 \u6709\u7121\u6435\u4e0b\u4f60\u500b\u59b9\u4e2b\u53c8"
        },
        {
            "reply_id": "UgzQjEt7viAC5Z8EISh4AaABAg",
            "reply_content": "\u9019\u770b\u8d77\u4f86\u50cf\u5927\u9678\u5c0f\u8aaa\u5287\u60c5"
        },
        {
            "reply_id": "Ugy08DEBIW4Mc4HGa-94AaABAg",
            "reply_content": "\u9032\u89aa\u9999\u714e\u2764"
        },
        {
            "reply_id": "UgzZmI8c49oZRj70BFN4AaABAg",
            "reply_content": "\u52a0\u6cb9"
        },
        {
            "reply_id": "UgyE5Is-GWV38clYWyx4AaABAg",
            "reply_content": "\u6211\u4e4b\u524d\u6709\u6ce8\u610f\u5230\u9019\u5f71\u7247\uff0c\u4f46\u662f2023\u7684\u4eca\u5929\u624d\u9ede\u4f86\u770b\uff0c\u539f\u4ee5\u70ba\u662f\u641e\u7b11\u7247\u6c92\u60f3\u5230\u7adf\u662f\u771f\u7684\uff01\u6211\u4e5f\u53ea\u80fd\u8aaa\u6709\u624b\u8db3\u5728\u8eab\u908a\u611f\u89ba\u771f\u7684\u5f88\u6eab\u6696\u2764"
        },
        {
            "reply_id": "UgyWmn5Oc8enegVHE5Z4AaABAg",
            "reply_content": "\u6211\u6c92\u6709\u559c\u6b61\u904e\u54ea\u4e00\u500b\u7db2\u7d05\uff0c\u8aaa\u5be6\u8a71\u6700\u7576\u521d\u77e5\u9053Bump\u4e5f\u662f\u900f\u904e\u8a50\u9a19\u7cfb\u5217\u624d\u6ce8\u610f\u7684\uff0c\u6211\u53ea\u89ba\u5f97\u4ed6\u662f\u500b\u9577\u5f97\u4e5f\u9084\u597d\u3001\u7136\u5f8c\u53c8\u5f88\u5e38\u8aaa\u5404\u570b\u8a9e\u8a00\ud83d\ude02\ud83d\ude02\u7684\u4eba\uff0c\u4f46\u9678\u7e8c\u770b\u4e86\u5f88\u591a\u7684\u5f71\u7247\u5f8c\uff0c\u767c\u73feBump\u771f\u7684\u662f\u500b\u5f88\u771f\u8aa0\u5584\u826f\u7684\u4eba\uff0c\u6211\u624d\u76f8\u4fe1\u4e16\u754c\u4e0a\u771f\u7684\u9084\u662f\u6709\u4ed8\u51fa\u4e0d\u6c42\u56de\u5831\u7684\u4eba\u5b58\u5728\uff0c\u771f\u7684\u5f88\u8b1d\u8b1d\u4f60\uff0c\u5e6b\u52a9\u9019\u9ebc\u591a\u4eba\uff0c\u5982\u679c\u6211\u4ee5\u5f8c\u6709\u80fd\u529b\u4e86\uff0c\u4e5f\u60f3\u50cf\u4f60\u4e00\u6a23\u53bb\u5e6b\u52a9\u5225\u4eba\uff0c\u73fe\u5728\u7684\u6211\u89ba\u5f97Bump\u5927\u6982\u662f\u6211\u770b\u904e\u6d3b\u5f97\u6700\u5e25\u6c23\u7684\u4eba\u4e86\u2764 \u52a0\u6cb9 \u652f\u6301\u4f60\u2728"
        },
        {
            "reply_id": "UgxlpPmWFQZqkCgmO1R4AaABAg",
            "reply_content": "\u4f60\u59b9\u59b9\u5f88\u6f02\u4eae \u8ddf\u6211\u59b9\u4e00\u6a23 \u8d85\u50cf"
        },
        {
            "reply_id": "UgyQX9k4NsnDV2H8ms94AaABAg",
            "reply_content": "\u4eca\u5929\u525b\u770b\u5230\u9019\u90e8\u5f71\u7247\u624d\u767c\u73fe\u6211\u624d\u525b\u5931\u53bb\u800c\u5df2\u2026\ud83d\ude02\n\u602a\u81ea\u5df1\u6c92\u65e9\u9ede\u8ffd\u8e64\u4f60\u7684\u5f71\u7247\ud83d\ude2e"
        },
        {
            "reply_id": "UgwkyfzmwAk-rufXw0l4AaABAg",
            "reply_content": "\u6709\u9ede\u50cf\u6697\u9ed1\u694a\u4e1e\u7433"
        },
        {
            "reply_id": "Ugx4Acv9VgjukRK4dw54AaABAg",
            "reply_content": "\u5fc3\u81df\u78ba\u5be6\u5f88\u5927\u9846"
        },
        {
            "reply_id": "UgwYaAHsUeFHicYUswF4AaABAg",
            "reply_content": "\u4e16\u754c\u9700\u8981\u4f60\u9019\u6a23\u7684\u4eba"
        },
        {
            "reply_id": "Ugx5Kj6l4qR5srwP6DB4AaABAg",
            "reply_content": "\u9019\u9ebc\u525b\u597d\u7684\u55ce\uff1f\u9084\u6709\u696d\u914d"
        },
        {
            "reply_id": "UgxearDqh8YBIwcf2a54AaABAg",
            "reply_content": "\u9192\u9192\uff0c\u4f60\u6c92\u6709\u59b9\u59b9"
        },
        {
            "reply_id": "UgweX6nxtNZdYnjryxp4AaABAg",
            "reply_content": "\u5f88\u4fdd\u8b77\u59b9\u59b9\u7684\u54e5\u54e5\u2764"
        },
        {
            "reply_id": "UgyAG_SmHBdt2OvRlUl4AaABAg",
            "reply_content": "\u770b\u5230\u54fd\u54bd"
        },
        {
            "reply_id": "UgwKyysf0uBUy__tgLp4AaABAg",
            "reply_content": "\u597d\u68d2\u68d2\uff0c\u5f88\u68d2"
        },
        {
            "reply_id": "UgxnEswWAhwshqA0FiB4AaABAg",
            "reply_content": "\u770b\u54ed \u60f3\u62b1\u62b1\u66fe\u7ecf\u6d51\u8eab\u662f\u523a\u7684\u4f60"
        }
    ]
}