{
    "video_info": {
        "id": "yKAnhCSC4rQ",
        "channelTitle": "\u597d\u68d2Bump",
        "title": "\u6211\u53bb\u5831\u5ee2\u5834\u6536\u96f6\u4ef6\uff01\u53ea\u75285\u842c\u5c31\u7d44\u51fa\u4e00\u53f0\u6c2e\u6c23\u5674\u5c04\u8eca\uff01\u3010\u597d\u68d2Bump\u3011",
        "description": "\u50cf\u6211\u9019\u7a2e\u7aae\u5c0f\u5b69\uff0c\u6c92\u6709\u628a\u62d4\u8cb7\u4e00\u53f0\u6cd5\u62c9\u5229\u7d66\u6211\uff0c\u53ea\u80fd\u7528\u9019\u7a2e\u65b9\u5f0f\u73a9\u8eca\u4e86\u3002\n\n#\u81ea\u5df1\u7d44\u8dd1\u8eca #\u5831\u5ee2\u8eca\u8cb7\u8ce3 #\u6c2e\u6c23\u5674\u5c04\u8eca\n--------------------------------------------------------- \n\u4e0a\u4e00\u90e8\u5f71\u7247 \u6211\u7528\u6578\u5b78\u628a\u201d\u767e\u5bb6\u6a02\u201d\u7834\u89e3\u4e86\uff01\u9760\u5718\u968a\u91cf\u5316\u5927\u8d0f150\u842c\uff01\u3010\u597d\u68d2Bump\u3011\u3010\u512a\u52e2\u73a9\u5bb6\u3011https://youtu.be/7QW7iB3IQzA\n\n\u8001\u5b50\u7684IG\uff1ahttps://bit.ly/2JqmmIq\n\u8001\u5b50\u7684FB\uff1ahttps://bit.ly/2s3pwwb",
        "likeCount": "20269",
        "commentCount": "922",
        "viewCount": "1119861"
    },
    "comments": [
        {
            "reply_id": "Ugwwsp8Fcoc0KaZJfNh4AaABAg",
            "reply_content": "\u5927\u5bb6\u8056\u8a95\u5feb\u6a02\uff0c\u4e0a\u4e00\u652f\u7247\u966a\u4f60\u5011\u904e\u7bc0\ud83d\ude09"
        },
        {
            "reply_id": "UgzvCqXzAusve4jZa9V4AaABAg",
            "reply_content": "\u539f\u4f86\u662f\u963f\u6148\uff0c\u96e3\u602a\u770b\u8d77\u4f86\u9019\u9ebc\u773c\u719f\uff0c\u4e4b\u524d\u8cb7\u904e\u8ecaXD"
        },
        {
            "reply_id": "UgxjzUoxj84J5c7DgyR4AaABAg",
            "reply_content": "\u4ec0\u9ebc\u6642\u5019\u6709\u65b0\u7684\u4e00\u96c6"
        },
        {
            "reply_id": "UgwLVAdmgNrayI2opEx4AaABAg",
            "reply_content": "\u6709\u963f\u6148\u6b38\ud83e\udd29"
        },
        {
            "reply_id": "UgzyGiGdRK4p638ydNh4AaABAg",
            "reply_content": "\u8d85\u5f37\u7684\u4f01\u5283~\u597d\u53b2\u5bb3"
        },
        {
            "reply_id": "UgyJyoijFzIKqR3NDjt4AaABAg",
            "reply_content": "\u6211\u5011\u5bb6\u7684\u4f11\u65c5\u8eca\uff0c\u91cc\u7a0b\u90fd\u6c92\u7834\u5341\u842c\uff0c\u5f9e\u4f86\u6c92\u4e8b\u6545\uff0c\u4fdd\u990a\u90fd\u6709\u505a\uff0c\u8eca\u5546\u624d\u6536\u5169\u842c\u591a\n\u4f60\u5011\u8cb7\u7684\u90a3\u53f0\u6211\u770b\u8001\u95c6\u542b\u6dda\u8cfa4\u842c5"
        },
        {
            "reply_id": "UgzUFFlAr1TkOP5jfT14AaABAg",
            "reply_content": "\u9019\u500b\u7d50\u5c3e\u5f69\u5e36\u6bd4\u6f2b\u5a01\u96fb\u5f71\u9084\u7cbe\u5f69"
        },
        {
            "reply_id": "UgyjlINj2Ddu8u1Jrt54AaABAg",
            "reply_content": "\u6240\u4ee5\u4f60\u771f\u7684\u649e\u6b7b\u5169\u500b\u4eba\u5594"
        },
        {
            "reply_id": "UgyDMTPZgfzA5Li1EZl4AaABAg",
            "reply_content": "\u8981\u51fa\u4e0b\u4e00\u96c6\u4e86\u55ce\uff1f"
        },
        {
            "reply_id": "UgyZcYOoMLZB92qtGap4AaABAg",
            "reply_content": "\u4f60\u5011\u70ba\u4ec0\u9ebc\u4e0b\u96e8\u5929\u4e0d\u7a7f\u96e8\u8863\uff1f\ud83d\ude05"
        },
        {
            "reply_id": "Ugw3XLaMHoCot2sYOdh4AaABAg",
            "reply_content": "\u4f60\u7684\u5f71\u7247\u984c\u6750\u771f\u7684\u90fd\u8d85\u9177"
        },
        {
            "reply_id": "UgxU63_gBU-3sMf8_6l4AaABAg",
            "reply_content": "\u5f71\u7247\u505a\u8457\u505a\u8457\u5c31\u767c\u73fe\u65b0\u8ca1\u8def\u4e86..."
        },
        {
            "reply_id": "Ugz5xwM84BAuJldaaHp4AaABAg",
            "reply_content": "\u53eb\u4eba\u5bb6\u5e6b\u4f60\u7d44\u8eca\u8d77\u4f86\u90fd\u4e0d\u7528\u9322\uff1f\u5e6b\u5fd9\u7d44\u4e0d\u75284\u30015\u842c\u55ce\uff1f\u5012\u8ce0\u8d85\u591a"
        },
        {
            "reply_id": "UgywcxfPjM0pCJaZx0t4AaABAg",
            "reply_content": "\u54c8\u54c8 \u62d4\u83dc\u5e79\u561b\u7167\u6211~"
        },
        {
            "reply_id": "UgzMIN9mwslzrTMZvO54AaABAg",
            "reply_content": "\u649e\u6b7b\u4eba\u6c92\u4e8b\uff1f"
        },
        {
            "reply_id": "UgwkC37H3uqFC3Ra_up4AaABAg",
            "reply_content": "\u9019\u5bb6\u6bba\u8089 \u8304\u82f3\u8def\u8d85\u7d1a\u5df7\u5b50\u88e1"
        },
        {
            "reply_id": "UgxJpXcqoclTZBTKcYx4AaABAg",
            "reply_content": "\u60f3\u770b\u4f60\u5011\u505a\u8d85\u8dd1\u4e8b\u6545\u8eca\u7ffb\u65b0"
        },
        {
            "reply_id": "UgxU3rWpvacj-kc0vyN4AaABAg",
            "reply_content": "\u670b\u53cb\u5fd9\u7684\u65f6\u5019\u4f60\u8fd8\u6709\u65f6\u95f4\u5403\u51b0\u6dc7\u51cc\uff1f\uff1f\uff1f"
        },
        {
            "reply_id": "UgxZC88AFSBNlZNMDfh4AaABAg",
            "reply_content": "\u53c8\u5728\u4e00\u81c9\u6b63\u7d93\u7684\u8b1b\u5e79\u8a71\u4e86\ud83d\ude02"
        },
        {
            "reply_id": "UgwJ450lr2Amy-74-Jd4AaABAg",
            "reply_content": "\u53b2\u5bb3\u2764\u5149\u662f\u5e6b\u81ea\u5df1\u591a\u9ede\u66dd\u5149\u7387\uff0c\u771f\u7684\u662f\u9060\u6bd4\u73fe\u91d1\u4f86\u7684\u8cfa"
        }
    ]
}