{
    "video_info": {
        "id": "yx8NFW3pzrk",
        "channelTitle": "\u597d\u68d2Bump",
        "title": "\u6709\u59b9\u624d\u6709\u6d41\u91cf\uff1f\u5be6\u6e2c\u8ce4\u8446\u544a\u8a34\u6211\u7684\u767e\u842c\u7955\u8a23\uff01\u3010\u597d\u68d2Bump\u3011",
        "description": "\u9019\u4e00\u6b21\u7d04\u5973\u751f\u662f\u7528\u9019\u500b\u8edf\u9ad4 \nhttps://reurl.cc/aNR8DQ\n\n\u6211\u4e5f\u8981\u5b8c\u6210\u7537\u4eba\u7684\u5922\u60f3\u4e86\u3002\n\n#\u4e00\u5b57\u99ac\u5fb5\u9078 #\u7c3d\u7d04\u7981\u611b\u4ee4 #\u4e09\u5973\u5c2c\u4e00\u7537\n--------------------------------------------------------- \r\n\u4e0a\u4e00\u90e8\u5f71\u7247 \u7528\u9748\u9b42\u4ea4\u63db\u5c0d\u9177\u70ab\u8a2d\u5c40\uff01\u5148\u73a9\u4ed6\u99ac\u5b50\uff01\u518d\u638f\u7a7a\u4ed6\u516c\u53f8\uff01\u3010\u597d\u68d2Bump\u3011 https://youtu.be/OBv9Obcw3T4\r\n\r\n\u8001\u5b50\u7684IG\uff1ahttps://bit.ly/2JqmmIq\r\n\u8001\u5b50\u7684FB\uff1ahttps://bit.ly/2s3pwwb",
        "likeCount": "17827",
        "commentCount": "672",
        "viewCount": "1108573"
    },
    "comments": [
        {
            "reply_id": "Ugwij6eiLTuvY-t6AA14AaABAg",
            "reply_content": "\u4e00\u807d\u5230\u5973\u5718\u54e1\uff0c\u53ef\u80fd\u4ee5\u524d\u7537\u4eba\u5e6b\u89c0\u773e\u90fd\u56de\u4f86\u770b\u4e86\ud83d\ude42"
        },
        {
            "reply_id": "Ugxqacocjd-U4YWnEIh4AaABAg",
            "reply_content": "\u867d\u7136\u8fd9\u671f\u5185\u5bb9\u5f88\u6709\u8da3\uff0c\u4f46\u662f\u5e0c\u671b\u53ef\u4ee5\u627e\u4e00\u4e2a\u771f\u6b63\u4e50\u5728\u5176\u4e2d\uff0c\u800c\u4e0d\u662f\u53ea\u5728\u4e00\u76f4\u5fcd\u8010\u7684\u5973\u751f\u3002\n\u672c\u6765\u53ef\u4ee5\u5f53\u73a9\u7b11\u770b\u770b\uff0c\u770b\u5230\u5979\u8138\u9ed1\u4e0b\u6765\uff0c\u771f\u7684\u5f88\u5c34\u5c2c\u3002\n\n\u53cc\u65b9\u90fd\u89c9\u5f97\u597d\u7b11\u624d\u662f\u73a9\u7b11\uff0c\u4e0d\u7136\u5c31\u53ea\u662f\u5728\u6b3a\u8d1f\u4eba\u800c\u5df2\u4e86\u3002"
        },
        {
            "reply_id": "UgwBrIhTb_wTqvX4nhZ4AaABAg",
            "reply_content": "\u539f\u4f86\u771f\u7684\u5f88\u68d2"
        },
        {
            "reply_id": "Ugwg9yRt8I76_XVzdZZ4AaABAg",
            "reply_content": "\u4ed6\u597d\u751f\u6c23\u5594\u5594\u5594"
        },
        {
            "reply_id": "Ugzbv3FIBj6fc4htrUZ4AaABAg",
            "reply_content": "\u6b38\u5e79\u89d2\u86d9\u6b38\u6b38\u6b38\u6b38"
        },
        {
            "reply_id": "Ugznsgw1jq8eoGu_9ip4AaABAg",
            "reply_content": "\u6211\u6703\u559c\u6b61\u770b\u9019\u5973\u751f\uff0c\u8b9a!"
        },
        {
            "reply_id": "UgzAnGwrFJQQEyZbR2x4AaABAg",
            "reply_content": "\u6574\u500b\u5f71\u7247\u8ddf\u812b\u53e3\u79c0\u6c92\u5169\u6a23\n\u8ffd\u5b9a\u52d2\ud83d\ude02"
        },
        {
            "reply_id": "UgxVKuzkFMDPI5oiOGZ4AaABAg",
            "reply_content": "\u6b63\u96c6\u90fd\u5728\u9760\u8170\u641e\u7b11\ud83d\ude02\ud83e\udd23"
        },
        {
            "reply_id": "Ugw8zElJ9YJgT_2dSjR4AaABAg",
            "reply_content": "\u5c45\u7136\u8cb7\u5ee3\u544a"
        },
        {
            "reply_id": "UgxCum0ApwSCvg27uuZ4AaABAg",
            "reply_content": "\u7d50\u679c\u6211\u6bd4\u8f03\u559c\u6b61\u72d7\u72d7\u6b38\ud83d\ude02"
        },
        {
            "reply_id": "Ugw2ji8mr-zFs5P3XXJ4AaABAg",
            "reply_content": "\u5c0f\u9999\u8178\u804a\u5c41\uff01\u9b54\u7378\u6d0b\u8178\u5c31\u6c92\u90a3\u9ebc\u591a\u5c41\uff01"
        },
        {
            "reply_id": "UgxnPa5BaPPpnxQbe154AaABAg",
            "reply_content": "\u5ee3\u544a\u83ab\u540d\u6ed1\u5230 \u6240\u4ee5\u5c31\u4f86\u7559\u8a00\u4e86"
        },
        {
            "reply_id": "Ugzu_ruBBMTTWv-hpVB4AaABAg",
            "reply_content": "\u7c73\u8001\u9f20"
        },
        {
            "reply_id": "UgyOOXJTFS4L4KebyQl4AaABAg",
            "reply_content": "\u6211\u5728\u73a9\u904a\u6232\uff0c\u63d2\u64ad\u5ee3\u544a\u7d66\u6211\u9019\u500b\u5f71\u7247\u5e79\u561b\uff1f"
        },
        {
            "reply_id": "UgxZuYMdnE7ex6zvta94AaABAg",
            "reply_content": "\u8ddf\u9019\u4e9b\u59b9\u5b50\u898b\u9762"
        },
        {
            "reply_id": "Ugwx6jTj_haJhWduw714AaABAg",
            "reply_content": "\u70ba\u4ec0\u9ebc\u6709\u5ee3\u544a\u901a\u5411\u9019\u90e8\u5f71\u7247\uff1f"
        },
        {
            "reply_id": "UgyMXuf3-4ls_AWt6xR4AaABAg",
            "reply_content": "\u600e\u9ebc\u6709\u5ee3\u544a\u554a"
        },
        {
            "reply_id": "UgwY5sDFk5qWgvbzzg54AaABAg",
            "reply_content": "\u628a\u6c34\u5012\u4e7e\uff01"
        },
        {
            "reply_id": "UgzQakh_HrzF-3ZlnB94AaABAg",
            "reply_content": "\u9019\u96c6\u9084\u662f\u6c92\u5230\u767e\u842c"
        },
        {
            "reply_id": "Ugzs1B2dXlNN3I1RS994AaABAg",
            "reply_content": "\u6211\u5f9e\u4f86\u4e0d\u770b\u8001\u9ad8\u5c31\u662f\u56e0\u70ba\uff0c\u8001\u9ad8\u6574\u5929\u7239\u5473\u8aaa\u6559\u5473\uff0c\u8b1b\u7684\u6771\u897f\u602a\u529b\u4e82\u795e\uff0c\u53c8\u5c0d\u6211\u6beb\u7121\u5e6b\u52a9\uff0c\u5c31\u9019\u5c0f\u8309\u9084\u5728\u65c1\u908a\u626e\u6f14\u300c\u8001\u516c\u597d\u68d2\u68d2\u300d\u300c\u4f60\u8aaa\u7684\u90fd\u5c0d\u300d\u90a3\u7a2e\u67d4\u5f31\u4ef0\u8996\u96c4\u6027\u7684\u89d2\u8272\uff0c\u975e\u5e38\u53cd\u611f\uff01\u6240\u4ee5\u6709\u59b9\u4e0d\u4e00\u5b9a\u662f\u500b\u52a0\u5206\u5411\uff0c\u5c0d\u6211\u4f86\u8aaa\u662f\u5927\u6263\u5206"
        }
    ]
}