{
    "video_info": {
        "id": "yyFKlrpP4N0",
        "channelTitle": "\u597d\u68d2Bump",
        "title": "\u6700\u8fd1\u7761\u5f97\u4e0d\u592a\u597d... \u8d81\u6a5f\u7d04\u5973\u751f\u56de\u5bb6\u966a\u7761\uff01  \u3010\u597d\u68d2Bump\u3011",
        "description": "\u4eca\u5929\u8981\u8ddf\u5927\u5bb6\u8aaa\u7684\u662f\u4e00\u6bb5\u73cd\u60dc\u751f\u547d\u7684\u6545\u4e8b\nYou only live once \ud83d\udc47\nhttps://reurl.cc/qm1jRy\n\n3\uff1a25\u79d2\u6aa2\u6e2c\u6642\u6211\u8cbc\u6eff\u81c9\u7684\u81a0\u5e36\uff0c\u662f\u6211\u6015\u7ffb\u8eab\u6642\u7ba1\u7dda\u6703\u6389\uff0c\u4e26\u4e0d\u662f\u6b63\u898f\u6aa2\u6e2c\u65b9\u5f0f\u55b2\u3002\n\n#\u7761\u7720\u547c\u5438\u4e2d\u6b62\u75c7 #\u5148\u6c42\u6709\u518d\u6c42\u597d #\u5f90\u745e\u967d\u4f60\u51fa\u4f86\u4e00\u4e0b \n\n\u6210\u70ba\u9019\u500b\u983b\u9053\u7684\u6703\u54e1\u4e26\u7372\u5f97\u734e\u52f5\uff1a\nhttps://www.youtube.com/channel/UC7XxnhjdYjiQJ3m80K_N_4g/join\n\n--------------------------------------------------------- \r\n\u4e0a\u4e00\u90e8\u5f71\u7247 \u5929\u54ea... \u6211\u8acb\u4e86\u4e00\u7fa4\u4f4e\u667a\u5546\u7247\u5e2b... \u300c\u7684\u5f97\u300d\u300c\u5728\u518d\u300d\u90fd\u5206\u4e0d\u6e05\u695a....\u3010\u597d\u68d2Bump\u3011https://www.youtube.com/watch?v=h1vHXfijZ08&t=188s\n \r\n\u8001\u5b50\u7684IG\uff1ahttps://bit.ly/2JqmmIq\r\n\u8001\u5b50\u7684FB\uff1ahttps://bit.ly/2s3pwwb",
        "likeCount": "12086",
        "commentCount": "627",
        "viewCount": "834476"
    },
    "comments": [
        {
            "reply_id": "Ugwqt7gpmoVJu5gdOIJ4AaABAg",
            "reply_content": "\u9019\u662f\u4e00\u500b\u544a\u8a34\u5927\u5bb6\u8981\u73cd\u60dc\u751f\u547d\u7684\u6545\u4e8b"
        },
        {
            "reply_id": "Ugy_aq-evH2ZhNAreFF4AaABAg",
            "reply_content": "\u61c9\u8a72\u6574\u591c\u6c92\u7761\u56c9"
        },
        {
            "reply_id": "UgyfQDzOn4ezzX-MZOh4AaABAg",
            "reply_content": "\u7b11\u5230\u7ffb\u6389"
        },
        {
            "reply_id": "UgwQWlKJYHVNnb0cIZN4AaABAg",
            "reply_content": ""
        },
        {
            "reply_id": "UgzJPxrxsQ8o-YicHwt4AaABAg",
            "reply_content": "\u9019\u662f\u53ef\u4ee5\u6cbb\u7642\u7684"
        },
        {
            "reply_id": "UgzwpAatIszxAOCRIF94AaABAg",
            "reply_content": "\u6211\u4e0d\u77e5\u9053\u6211\u90a3\u7b97\u6709\u6c92\u6709\u311f"
        },
        {
            "reply_id": "UgzbB5gyo5hnsYNX5714AaABAg",
            "reply_content": "\u6211\u4e5f\u6703\u963f"
        },
        {
            "reply_id": "Ugwt0tVt6wxfDucB-Bx4AaABAg",
            "reply_content": "\u967d\u6703\u88ab\u58d3\u6b7b"
        },
        {
            "reply_id": "Ugwime9Rv5kMi3Tm4g14AaABAg",
            "reply_content": "\u6211\u524d\u4e00\u6bb5\u6642\u9593\u4e5f\u6709\u9019\u75c7\u72c0 \u4e3b\u8981\u662f\u71ac\u591c\u71ac\u592a\u665a \u7761\u592a\u5c11"
        },
        {
            "reply_id": "UgxS3Bq-OXhc6R0ONJV4AaABAg",
            "reply_content": "\u6211\u5728\u60f3\u547c\u5438\u4e2d\u6b62\u558a\u59a5\u745e\u662f\u4e0d\u662f\u6709\u95dc\u806f\u4ee5\u524d\u4e5f\u59a5\u745e\u7136\u5f8c\u4e5f\u547c\u5438\u4e2d\u6b62\u75c7\u5f8c\u4f86\u6211\u662f\u958b\u5200\u628a\u6241\u689d\u7dda\u5207\u6389\u4e86"
        },
        {
            "reply_id": "UgwTqbfU2CTBlYjMHJ14AaABAg",
            "reply_content": "\u6211\u4e5f\u6709"
        },
        {
            "reply_id": "Ugx5NJm1W9nDJknrWBJ4AaABAg",
            "reply_content": "\u68d2\u54e5 \u5e73\u5e38\u5fd9\u65bc\u5ba3\u5c0e\u53cd\u8a50\u9a19\u4e4b\u9918 \u4e5f\u8981\u5b9a\u671f\u5c31\u91ab\u6aa2\u67e5 \u56e0\u70ba\u7761\u7720\u547c\u5438\u4e2d\u6b62\u75c7\u53ef\u80fd\u6703\u5f88\u56b4\u91cd  \u4e00\u5b9a\u8981\u6ce8\u610f\u8eab\u9ad4\uff01\uff01\n\uff08PS.\u5e0c\u671b\u967d\u53ef\u4ee5\u628a\u591a\u5e74\u7684\u7d04\u70ae\u7d93\u9a57\u62cd\u6210YT\u6559\u5b78\u7247\uff0c\u4ed6\u597d\u4e45\u6c92\u66f4\u65b0YT\u4e86\uff0c\u4e0d\u66c9\u5f97\u73fe\u5728\u904e\u5f97\u5982\u4f55\uff09"
        },
        {
            "reply_id": "UgyhsEin_ZYebuCfwD94AaABAg",
            "reply_content": "\u8db4\u8457\u684c\u5b50\u7761 \u8f9b\u82e6\u4e00\u9ede"
        },
        {
            "reply_id": "UgzlS78jG_Ll5hjKeyp4AaABAg",
            "reply_content": "\u6211\u7238\u4e5f\u6703\u4f46\u6234\u4e00\u500b\u6a5f\u5668\u5c31\u53ef\u4ee5\u597d\u597d\u7761\u89ba\u4e86"
        },
        {
            "reply_id": "UgywIs831uPJG8Zy_nB4AaABAg",
            "reply_content": "\u795e\u7d93\u75c5"
        },
        {
            "reply_id": "Ugy9W5ewHo7KeWupCc14AaABAg",
            "reply_content": "\u539f\u4f86\u6709\u9019\u7a2e\u75c5\u5594\uff1f\u96e3\u602a\u6211\u4e5f\u6703"
        },
        {
            "reply_id": "UgwBwrZZrhd9jkGRavl4AaABAg",
            "reply_content": "\u5dee1\u842c\u591a\u5c31\u767e\u842c\u8a02\u95b1\u56c9\uff01"
        },
        {
            "reply_id": "Ugy3D_dUAYrWYOJBDel4AaABAg",
            "reply_content": "\u6211\u4e5f\u6709\uff0c\u621116\u6b72\uff0c\u6bcf\u5e74\u90fd\u8981\u53bb\u91ab\u9662\u6aa2\u67e5\uff0c\u6709\u9019\u75c7\u72c0\u53ef\u4ee5\u53bb\u8a13\u7df4\u5fc3\u80ba\u529f\u80fd\u53ef\u4ee5\u7de9\u89e3\u4f4635\u5de6\u53f3\u5c31\u5dee\u4e0d\u591a\u6c92\u7528\u4e86\uff0c55\u5e36\u6c27\u6c23\u74f6\u7f69\u7761\u89ba\u3002\n\u53cd\u6b6345\uff5e55\uff08\u6211\u4e0d\u78ba\u5b9a\u5e74\u7d00\uff09\u6b72\u4ee5\u524d\u6b7b\u7ff9\u7ff9\u7684\u6a5f\u7387\u5f88\u4f4e\u4f4e\u5230\u9760\u5317\uff0c\u4f60\u53bb\u8cb7\u6a02\u900f\u90fd\u6bd4\u8f03\u6709\u6a5f\u6703\u3002\n\u9019\u5f71\u7247\u55ae\u7d14\u5c31\u53ea\u662f\u60f3\u563f\u563f\u563f"
        },
        {
            "reply_id": "UgxdIR9AsLA85731JAV4AaABAg",
            "reply_content": "\u6211\u89ba\u5f97\u7761\u89ba \u9f3b\u5b50\u96e3\u547c\u5438 \u662f\u500b\u5f88\u75db\u7684\u75c7\u72c0"
        },
        {
            "reply_id": "Ugw8pSx8JSDIPXekgAB4AaABAg",
            "reply_content": "\u7f8a\u5f88\u73fe\u5be6"
        }
    ]
}