{
    "video_info": {
        "id": "zF9qe5IYDH8",
        "channelTitle": "\u597d\u68d2Bump",
        "title": "\u5728104\u627e\u5de5\u4f5c\u537b\u88ab\u4ef2\u4ecb\u8ce3\u5230\u675c\u62dc\uff01\u88ab\u8feb\u6210\u70ba\u8a50\u9a19\u96c6\u5718\u5e6b\u5147\uff01\u3010\u597d\u68d2Bump\u3011\u3010\u8a50\u9a19\u89e3\u78bc\u3011",
        "description": "\u5973\u7db2\u53cb\u53cb\u5206\u4eab\u8aa4\u5165\u675c\u62dc\u8a50\u9a19\u5de5\u4f5c\uff1ahttps://bit.ly/31nhgJq\n\n\u5f9e\u4f86\u6c92\u60f3\u904e\u6703\u6709\u9019\u6a23\u7684\u4e8b\u60c5\u767c\u751f\u2026. \u5e0c\u671b\u5927\u5bb6\u5e6b\u5fd9\u5206\u4eab\u9019\u500b\u5f71\u7247\uff0c\u4e0d\u8981\u8b93\u4efb\u4f55\u4eba\u88ab\u9a19\u904e\u53bb\u4e86\u3002\n\n#\u8a50\u9a19\u89e3\u78bc #\u4eba\u53e3\u8ca9\u8ce3 #\u9ea5\u64f1\u9a19\u554a\n\n\u6210\u70ba\u9019\u500b\u983b\u9053\u7684\u6703\u54e1\u4e26\u7372\u5f97\u734e\u52f5\uff1a\nhttps://www.youtube.com/channel/UC7XxnhjdYjiQJ3m80K_N_4g/join\n--------------------------------------------------------- \r\n\u4e0a\u4e00\u90e8\u5f71\u7247\u3010\u8a50\u9a19\u89e3\u78bc\u3011YT\u6295\u8cc7\u5ee3\u544a\u5168\u662f\u8a50\u9a19\uff01\u6211\u89aa\u81ea\u88ab\u9a1916\u842c\u7d66\u4f60\u5011\u770b\uff01\u3010\u597d\u68d2Bump\u3011 https://youtu.be/4mDDqJ6TflY\r\n\r\n\u8001\u5b50\u7684IG\uff1ahttps://bit.ly/2JqmmIq\r\n\u8001\u5b50\u7684FB\uff1ahttps://bit.ly/2s3pwwb",
        "likeCount": "69720",
        "commentCount": "3437",
        "viewCount": "2742359"
    },
    "comments": [
        {
            "reply_id": "UgxQC-2wAtSjUxzCqhZ4AaABAg",
            "reply_content": "\u6709\u4ec0\u9ebc\u8fa6\u6cd5\u8b93\u5357\u90e8\u7684\u4eba\u90fd\u770b\u5230\u9019\u500b"
        },
        {
            "reply_id": "UgxZYjOixQyaFw3oIG54AaABAg",
            "reply_content": "\u8bc8\u9a97\u72af\u6d3b\u8be5\u88ab\u902e\u6355"
        },
        {
            "reply_id": "UgzUZdG6ixK07hbhDn14AaABAg",
            "reply_content": "\u5927\u4f7f\u9928\u5ee2\u4e86\u55ce"
        },
        {
            "reply_id": "UgxWFkXGog0nlHqftyF4AaABAg",
            "reply_content": "\u597d\u9ad8\u9a16\u9060\uff0c\u6709\u5565\u597d\u8aaa\u7684"
        },
        {
            "reply_id": "UgwRPSrDDQlASJ2EJbh4AaABAg",
            "reply_content": "\u8fd9\u4e2a\u4eba\u8bb2\u8bdd\u6709\u70b9\u98d8,\u53e3\u65e0\u906e\u62e6\uff0c\u5f88\u7231\u4e71\u8bf4\u8bdd"
        },
        {
            "reply_id": "UgxKBej62Cc0k0Karjx4AaABAg",
            "reply_content": "\u5e79 \u4ed6\u5011\u8981\u9a19\u9322\u7684\u6551\u4ed6\u5011\u5e79\u561b \u6211\u8eab\u4e0a\u7684\u9322 \u4fe1\u7528\u5361 \u88ab\u76dc\u5149\u9818\u5149 \u9023\u5403\u98ef\u9322\u90fd\u6c92\u6709 \u8a50\u9a19\u6b7b\u5168\u5bb6"
        },
        {
            "reply_id": "UgzOCflBHhr8MZe8Puh4AaABAg",
            "reply_content": "\u53ef\u4ee5\u6551\u7dec\u7538\u7684\u53f0\u7063\u4eba\u55ce\uff1f"
        },
        {
            "reply_id": "Ugzjk3ihth7jYVj0oCd4AaABAg",
            "reply_content": "\u771f\u7684\u5f88\u8b1d\u8b1d\u4f60\u5011\uff0c\u8b93\u5927\u5bb6\u4e86\u89e3\u8a50\u9a19\u6848"
        },
        {
            "reply_id": "UgxsbwW9IWYDMGnOd9F4AaABAg",
            "reply_content": "\u90a3\u5973\u7684\u81ea\u5df1\u90fd\u8aaa\u662f\u904e\u53bb\u8a50\u9a19\u516c\u53f8\u5de5\u4f5c\u7684\u5440\uff0c\u7136\u5f8c\u88ab\u9ed1\u5403\u9ed1\uff0c\u6709\u751a\u9ebc\u597d\u5e6b\u7684\uff1f\u5979\u4ee5\u524d\u9a19\u4e86\u591a\u5c11\u4eba\uff1f\u662f\u9084\u50b5\u597d\u4e0d\u597d\uff1f"
        },
        {
            "reply_id": "UgyQwmPAb_opu_gehJp4AaABAg",
            "reply_content": "\u4e0d\u7406\u89e3\u4e00\u4ef6\u4e8b\uff0c\u88ab\u62d0\u53bb\u90a3\u908a\u8edf\u7981\u5f8c\u9084\u80fd\u7528\u624b\u6a5f\uff1f\uff1f\u4e0d\u662f\u90fd\u6703\u88ab\u6536\u8d70\u55ce\uff1f"
        },
        {
            "reply_id": "UgzWMgtVVEDjjeGSu5N4AaABAg",
            "reply_content": "\u5c0f\u5fc3\n\u5be7\u53ef\u5bb6\u88e1\u8e72\n\u627e\u5de5\u4f5c\u5225\u6025"
        },
        {
            "reply_id": "UgyfdbywTI0ll3vIaft4AaABAg",
            "reply_content": "\u958b\u5973\u751f\u88ab\u5f37\u8feb\u8ce3\u6deb\u7684\u73a9\u7b11\u4e0d\u597d\u5427"
        },
        {
            "reply_id": "UgyYXxlNvuTA0HFiT4R4AaABAg",
            "reply_content": "\u611f\u8b1d\u4f60\u7684\u52c7\u6562"
        },
        {
            "reply_id": "UgyFSr1lx4Stym_FyNp4AaABAg",
            "reply_content": "\u5916\u570b\u4eba\u4f86\u53f0\u7063\u771f\u5be6\u7684\u90fd\u8cfa\u9322\u7684\u56de\u570b\u4eab\u53d7\u6536\u7a6b\uff0c\u800c\u53f0\u7063\u4eba\u90fd\u53bb\u570b\u5916\u6295\u8cc7\u6216\u88ab\u8a50\u9a19\u525d\u524a  \u58d3\u69a8....."
        },
        {
            "reply_id": "Ugw8m2RMmsAzyLVBf-Z4AaABAg",
            "reply_content": "\u6211\u4eba\u5728\u6b50\u6d32\uff0c\u5728\u9818\u82f1\u4e5f\u662f\u6709\u6536\u5230\u5916\u570b\u4eba\u9080\u8acb\u61c9\u5fb5\u53bb\u675c\u62dc\u5de5\u4f5c\u7684\u8a0a\u606f\uff0c\u4e0d\u904e\u662f\u672c\u696d\u7684\u670d\u88dd\u8a2d\u8a08\u5de5\u4f5c\n\n\u539f\u672c\u4e00\u958b\u59cb\u6709\u9ede\u5fc3\u52d5\uff0c\u4f46\u60f3\u5230\u5728\u7576\u5730\u82e5\u4e0d\u6703\u963f\u62c9\u4f2f\u6587\u52a0\u4e0a\u5176\u4ed6\u539f\u56e0\u89ba\u5f97\u98a8\u96aa\u633a\u5927\uff0c\n\u5f8c\u4f86\u6c92\u591a\u4e45\u53c8\u53e6\u5916\u6536\u5230\u4e0d\u540c\u516c\u53f8\u540c\u6a23\u9080\u8acb\u53bb\u675c\u62dc\u5de5\u4f5c\u7684\u8a0a\u606f\uff0c\u4f46\u4e00\u6a23\u7684\u8077\u7a31\u3001\u4e00\u6a23\u7684\u6587\u6848\uff0c\u9019\u6642\u5c31\u65b7\u5b9a\u80af\u5b9a\u662f\u8a50\u9a19\u4e86\ud83d\ude05"
        },
        {
            "reply_id": "UgwaFrOp1x2W2OE595R4AaABAg",
            "reply_content": "\u70ba\u4ec0\u9ebc\u4e0d\u76f4\u63a5\u5831\u8b66"
        },
        {
            "reply_id": "UgwpPUvlHwEL1ntr5Vh4AaABAg",
            "reply_content": "\u597d\u4eba\u7684\u5584\u826f\u503c\u5f97\u88ab\u5c0a\u91cd\uff0c\u574f\u4eba\u7684\u6076\u540d\u9057\u81ed\u4e07\u5e74"
        },
        {
            "reply_id": "Ugy8lpBNiJyWnI7l0mV4AaABAg",
            "reply_content": "\u9019\u5973\u5b69\u660e\u77e5\u662f\u53bb\u505a\u8a50\u9a19\u3002\u9a19\u4eba\u7d04\u7832\u4e5f\u662f\u9a19\u2026.\u9019\u7a2e\u5fc3\u614b\u771f\u662f\u4e0d\u53ef\u53d6"
        },
        {
            "reply_id": "Ugwru3lfCNIA3IzVMhl4AaABAg",
            "reply_content": "\u59b3\u770b\u770b"
        },
        {
            "reply_id": "UgyEGeuLlbRsV1FEdw14AaABAg",
            "reply_content": "2024\u7e3d\u7d71\u9078\u8209\u8acb\u6295\u4faf\u53cb\u5b9c, \u53ea\u6709\u4ed6\u6709\u6253\u64ca\u72af\u7f6a\u548c\u627c\u963b\u8a50\u9a19\u7684\u80fd\u529b"
        }
    ]
}