{
    "channel": {
        "title": "STR Network",
        "id": "UCDrswN-SqWh7Kii62h9aXGA",
        "customUrl": "@strnetworkasia",
        "uploads": "UUDrswN-SqWh7Kii62h9aXGA"
    },
    "videos": [
        {
            "id": "TJS4Yd0O-RI",
            "title": "\u3010#\u8cc0\u74cf\u591c\u591c\u79c0\u3011\u85a9\u5c0f\u821e\u53f0\uff1a\u5fae\u7b11\u4e39\u5c3c"
        },
        {
            "id": "LUWhuaUqNNE",
            "title": "\u3010#\u8cc0\u74cf\u591c\u591c\u79c0\u3011Damnnnnn\uff01"
        },
        {
            "id": "RbiqmYxeVxk",
            "title": "\u3010#\u8cc0\u74cf\u591c\u591c\u79c0\u3011\u653f\u9ee8\u4e0d\u5206\u5340\u7acb\u6cd5\u59d4\u54e1\u9952\u820c\u6b4c"
        },
        {
            "id": "YM7IJWZvVaA",
            "title": "\u3010#\u8cc0\u74cf\u591c\u591c\u79c0\u3011\u5433\u6b23\u5cb1 \u714e\u9b5a\u6599\u7406\u5c0f\u6559\u5ba4"
        },
        {
            "id": "WrfZi9wmdzY",
            "title": "\u3010#\u8cc0\u74cf\u591c\u591c\u79c0\u3011\u90ed\u8463\u56db\u5e74\u5f8c\u898b\ud83d\udc4b\uff5c#\u65b0\u805e\u4e82\u5831"
        },
        {
            "id": "wb9jYFbSjO4",
            "title": "\u3010#\u8cc0\u74cf\u591c\u591c\u79c0\u301111/25 \u65b0\u805e\u4e82\u5831 EP4\uff5c\u4f60\u4e5f\u53ef\u4ee5\u4e0d\u540c\u610f\u554a"
        },
        {
            "id": "6FNq_HoyKXo",
            "title": "\u3010#\u8cc0\u74cf\u591c\u591c\u79c0\u3011\u88dd\u795e\u5f04\u9b3c\uff0c\u80e1\u8aaa\u516b\u9053\uff0c\u67d0\u67d0\u4e0d\u89ba\u5f97\u81ea\u5df1\u8aaa\u8b0a\uff1f\uff5c#\u9178\u6c11\u767e\u842c\u5bcc\u7fc1"
        },
        {
            "id": "RKVNrqvXGcs",
            "title": "\u3010#\u8cc0\u74cf\u591c\u591c\u79c0\u3011#\u9178\u6c11\u767e\u842c\u5bcc\u7fc1\uff5c\u9ad8\u5609\u745c"
        },
        {
            "id": "2xVSaAxY8sc",
            "title": "\u300a\u66fe\u535a\u6069\uff1a\u7834\u86cb\u4e4b\u8def\u300b\uff5c5\u5206\u9418\u7d00\u9304\u7247\u6436\u5148\u770b"
        },
        {
            "id": "Y9k8SZarc1g",
            "title": "\u3010#\u8cc0\u74cf\u591c\u591c\u79c0\u3011\u4f86\uff01\u8aaa\u8aaa\u4f60\u89ba\u5f97\u505a\u4ec0\u9ebc\u6700\u5feb\u6a02\uff5c"
        },
        {
            "id": "u4CsD_nzcEA",
            "title": "\u3010#\u8cc0\u74cf\u591c\u591c\u79c0\u3011\u6b38\uff01\u5927\u9ebb"
        },
        {
            "id": "HAFCGFTHPCg",
            "title": "\u3010#\u8cc0\u74cf\u591c\u591c\u79c0\u3011\u9ad8\u5609\u745c \u5531\u6b4c\u662f\u70ba\u4e86\u8a8d\u77e5\u4f5c\u6230"
        },
        {
            "id": "BdwbEt4N_68",
            "title": "\u7528\u4e09\u5206\u9418\u4e86\u89e3\u51f1\u8389\u7684\u6bb5\u5b50\uff5c#G8\u9ad8\u5cf0\u6703"
        },
        {
            "id": "x4muYufU1Z0",
            "title": "\u300a\u66fe\u535a\u6069\uff1a\u7834\u86cb\u4e4b\u8def\u300b11/24 12:00 \u85a9\u6cf0\u723e\u5a1b\u6a02\u5b98\u7db2\u6b63\u5f0f\u4e0a\u67b6 \ud83d\udd34\u4e0a\u67b6\u901a\u77e5\u4f60 \u279f https://str.network/rnbrian"
        },
        {
            "id": "jVGWzSjIN5E",
            "title": "\u3010#\u8cc0\u74cf\u591c\u591c\u79c0\u3011\u53f0\u5317\u7684\u9a55\u50b2\u5927\u5de8\u86cb\uff0c\u4eba\u6c11\u6700\u7f3a\u7684\u4e00\u9846\u86cb\u3002\uff5c#\u8b9a\u980c\u8005"
        },
        {
            "id": "m_iLPJMgLLI",
            "title": "\u3010#\u8cc0\u74cf\u591c\u591c\u79c0\u3011\u5927\u5de8\u86cb\u8b9a\u980c\u8005\uff5c\u5409\u5c3c\u4e01 @jinnyding0106"
        },
        {
            "id": "HeEdsvfJgSI",
            "title": "\u3010#\u72d7\u5c4e\u5beb\u624b\u3011\u8981\u7576\u8a55\u5be9\u7b4b\u9aa8\u90fd\u8981\u5f88\u8edfQ"
        },
        {
            "id": "ENF9dUKWZcE",
            "title": "\u3010#\u8cc0\u74cf\u591c\u591c\u79c0\u3011\u6c92\u60f3\u5230\u6709\u4eca\u5929\u5427\uff5c#\u65b0\u805e\u4e82\u5831"
        },
        {
            "id": "--ohf-4sRu8",
            "title": "\u3010#\u8cc0\u74cf\u591c\u591c\u79c0\u301111/18 \u65b0\u805e\u4e82\u5831 EP3\uff5c\u6c92\u60f3\u5230\u6709\u4eca\u5929\u5427"
        },
        {
            "id": "3QBmbB7H0fc",
            "title": "\u3010#\u8cc0\u74cf\u591c\u591c\u79c0\u3011\u67d0\u67d0\u771f\u7684\u8d85\u4f4e\u80fd\u770b\u5230\u5fc5\u8f49\u53f0\u6839\u672c\u760b\u5b50\uff5c#\u9178\u6c11\u767e\u842c\u5bcc\u7fc1"
        },
        {
            "id": "ntoxay-YM2g",
            "title": "\u3010#\u8cc0\u74cf\u591c\u591c\u79c0\u3011#\u9178\u6c11\u767e\u842c\u5bcc\u7fc1\uff5c\u9177\u70ab @bored_raccoon_kevin"
        },
        {
            "id": "oiA0BNkUqOg",
            "title": "\u7528\u4e03\u5206\u9418\u4e86\u89e3\u66fe\u535a\u6069\u7684\u6bb5\u5b50\uff5c#G8\u9ad8\u5cf0\u6703"
        },
        {
            "id": "APumMtMnggw",
            "title": "\u3010#\u8cc0\u74cf\u591c\u591c\u79c0\u3011\u5c6c\u96de\u7684\u5c0f\u5fc3\u4e86"
        },
        {
            "id": "-r8CGDsawi8",
            "title": "\u3010#\u8cc0\u74cf\u591c\u591c\u79c0\u3011\u767d\u745c\u3001\u7c21\u5c11\u5e74 \u7684\u6771\u897f\u65b9\u547d\u7406\u901a\u9748\u4e4b\u6230\uff01\uff5c@user-zv5mb1yr4j  @iletyou888"
        },
        {
            "id": "A883vWTshI8",
            "title": "\u3010#\u8cc0\u74cf\u591c\u591c\u79c0\u3011\u85a9\u5c0f\u821e\u53f0\uff1a\u58ef\u58ef"
        },
        {
            "id": "6NzWImoFg3k",
            "title": "\u3010#\u72d7\u5c4e\u5beb\u624b\u3011\u9a5a\u7206\uff01\u5c0f\u5200\u771f\u60c5\u5410\u973256\u9000\u5718\u539f\u56e0\uff01"
        },
        {
            "id": "dRDGEVMkTzA",
            "title": "\u3010#\u8cc0\u74cf\u591c\u591c\u79c0\u3011\u4e2d\u570b\u914d\u5076\u5973\u5b50\u8b9a\u980c\u8005"
        },
        {
            "id": "4_eTFF98S7g",
            "title": "\u3010#\u8cc0\u74cf\u591c\u591c\u79c0\u3011\u4e2d\u570b\u914d\u5076\u5973\u5b50\u8b9a\u980c\u8005\uff5c\u5409\u5c3c\u4e01 @jinnyding0106"
        },
        {
            "id": "hkmQnmLkr_w",
            "title": "\u3010#\u8cc0\u74cf\u591c\u591c\u79c0\u3011\u67d0\u67d0\u5634\u81c9\u5641\u5fc3\uff0c\u8acb\u554f\u4ed6\u5c0d\u570b\u5bb6\u793e\u6703\u6709\u4ec0\u9ebc\u8ca2\u737b\uff1f\uff5c#\u9178\u6c11\u767e\u842c\u5bcc\u7fc1"
        },
        {
            "id": "yaXS1JS3rpE",
            "title": "\u3010#\u8cc0\u74cf\u591c\u591c\u79c0\u3011#\u9178\u6c11\u767e\u842c\u5bcc\u7fc1\uff5c\u66fe\u535a\u6069 @brianptseng"
        },
        {
            "id": "SG_nO8-BDUQ",
            "title": "\u3010#\u8cc0\u74cf\u591c\u591c\u79c0\u3011\u746a\u5361\u74cf\u82f1\u96c4\uff5c\u5ee0\u5546\u4e00\u6b21\u904e ft.\u8a31\u85cd\u65b9\u535a\u58eb Dr. Gracie @DrGracie"
        },
        {
            "id": "17bGginJne8",
            "title": "\u3010#\u8cc0\u74cf\u591c\u591c\u79c0\u3011\u5b9c\u862d\u76e3\u7344\u7684\u53d7\u5211\u4eba\u5011\uff0c\u5148\u4e0d\u8981\u7533\u8acb\u5047\u91cb\uff0c\u7b49\u6211\u660e\u5e74\u53bb\u8868\u6f14\uff01"
        },
        {
            "id": "Juhe0XsyOV0",
            "title": "\u3010#\u8cc0\u74cf\u591c\u591c\u79c0\u3011\u6b38\uff01\u5916\u5f79\u76e3"
        },
        {
            "id": "Ddlx3vsmRmM",
            "title": "\u7528\u56db\u5206\u9418\u4e86\u89e3\u9ec3\u8c6a\u5e73\u7684\u6bb5\u5b50\uff5c#G8\u9ad8\u5cf0\u6703"
        },
        {
            "id": "d0BENFvlQ7A",
            "title": "\u3010#\u8cc0\u74cf\u591c\u591c\u79c0\u3011\u5168\u660e\u661f\u5e8a\u4e0a\u904b\u52d5\u6703 ft. \u9ec3\u6c90\u598d\u5c0f\u8c6c\u3001\u6893\u6893@zntv5409\u3001Peeta\u845b\u683c@peetagege\u3001High\u5496-\u90b1\u5fd7\u6052@high0704\u3001\u66fe\u535a\u6069@brianptseng\u3001\u5f90\u5c55\u5143"
        },
        {
            "id": "bumI7lhzqJI",
            "title": "\u3010#\u8cc0\u74cf\u591c\u591c\u79c0\u3011\u8d85\u54e5\u5c31\u662f Toyz \u7684\u5de7\u514b\u529b...\ud83c\udf6b\u2764\ufe0f\uff5c @Toyz69  @superpie1111"
        },
        {
            "id": "ohRDIvLZeEo",
            "title": "\u3010#\u8cc0\u74cf\u591c\u591c\u79c0\u3011\u200b\u2060Toyz vs \u8d85\u54e5 \u706b\u70e4\u5c0d\u6c7a Roast Battle\uff5c\u200b\u2060@Toyz69 \u200b\u2060@superpie1111"
        },
        {
            "id": "2JVlr2mfPII",
            "title": "\u3010#\u72d7\u5c4e\u5beb\u624b\u3011\u9019\u500b\u543b\u592a\u5371\u96aa\ud83d\udc8b"
        },
        {
            "id": "tG9lyq9KkR0",
            "title": "\u3010#\u8cc0\u74cf\u591c\u591c\u79c0\u301111/4 \u65b0\u805e\u4e82\u5831 EP2\uff5c\u85cd\u767d\u8ab0\u653b\u8ab0\u53d7\uff1f"
        },
        {
            "id": "kLUrJs3Lg78",
            "title": "\u3010#\u8cc0\u74cf\u591c\u591c\u79c0\u3011\u771f\u7684\u8d85\u6d3e\uff01\uff5c@Toyz69 @superpie1111"
        },
        {
            "id": "LTPKlGpMRrY",
            "title": "\u3010#\u8cc0\u74cf\u591c\u591c\u79c0\u3011Toyz\u8207\u8d85\u54e5\u7684\u611b\u6068\u60c5\u4ec7\uff0c\u8d85\u6d3e\uff01\uff5cToyz \u200b\u2060@Toyz69\u3001\u8d85\u54e5 \u200b\u2060@superpie1111"
        },
        {
            "id": "GTZmIlXfiqA",
            "title": "\u3010#\u8cc0\u74cf\u591c\u591c\u79c0\u3011\u4eba\u751f\u6709\u8f38\u6709\u8d0f \u8f38\u4e86\u4e5f\u8acb\u4e0d\u8981\u812b\u8932\u5b50"
        },
        {
            "id": "ZkGtSDxx_EU",
            "title": "\u3010#\u8cc0\u74cf\u591c\u591c\u79c0\u3011\u85cd\u767d\u4e0d\u6574\u5408\u8b9a\u980c\u8005\uff5c\u5409\u5c3c\u4e01 @jinnyding0106"
        },
        {
            "id": "ieBdCR1XdXk",
            "title": "\u3010#\u8cc0\u74cf\u591c\u591c\u79c0\u3011\u6b38\uff01\u7db2\u8ecd\u5074\u7ffc"
        },
        {
            "id": "wFNbJ9jRL2M",
            "title": "\u7528\u56db\u5206\u9418\u4e86\u89e3\u55ac\u745f\u592b\u7684\u6bb5\u5b50\uff5c#G8\u9ad8\u5cf0\u6703"
        },
        {
            "id": "SH3QS2ab204",
            "title": "\u3010#\u8cc0\u74cf\u591c\u591c\u79c0\u3011#JubiSlide 100\u842c\u89c0\u770b\u5237\u8d77\u4f86\ud83d\ude0d"
        },
        {
            "id": "jFegKHj35NA",
            "title": "\u3010#\u8cc0\u74cf\u591c\u591c\u79c0\u3011\u200b\u2060\u66fe\u535a\u6069\u6b63\u5f0f\u5378\u4e0b\u591c\u591c\u79c0\u4e3b\u6301\u68d2\uff5c@brianptseng"
        },
        {
            "id": "Pbf52dfOWCs",
            "title": "\u3010#\u8cc0\u74cf\u591c\u591c\u79c0\u3011\u6211\u59d3\u8cc0\uff0c\u591c\u591c\u79c0\u4e0d\u5206\u984f\u8272\uff0c\u6211\u59d3\u8cc0\uff0c\u8cf4\u67ef\u4faf\u90ed\u5feb\u4f86\u9019\u3002"
        },
        {
            "id": "AkI9TgX5oBU",
            "title": "\u3010#\u8cc0\u74cf\u591c\u591c\u79c0\u301110/28 \u65b0\u805e\u4e82\u5831 EP1\uff5c\u85cd\u767d\u5169\u60c5\u76f8\u6085"
        },
        {
            "id": "Hx8lsYhQX0c",
            "title": "\u3010#\u72d7\u5c4e\u5beb\u624b\u3011\u4e00\u6b21\u8b80\u61c2\u56db\u8f38\u4e94\u7d93\u7684\u5967\u7fa9"
        },
        {
            "id": "ndFsZmWk49U",
            "title": "\u3010#\u8cc0\u74cf\u591c\u591c\u79c0\u3011\u8cc0\u74cf\u4e3b\u6301\uff01\u555f\u52d5\uff01"
        },
        {
            "id": "PmswuJmEgiE",
            "title": "\u7528\u516d\u5206\u9418\u4e86\u89e3\u6021\u5c91\u7684\u6bb5\u5b50\uff5c#G8\u9ad8\u5cf0\u6703"
        },
        {
            "id": "esZX4uaYtE0",
            "title": "\u6b63\u6e2f\u311f\u53f0\u7063\u4eba\uff01\u7ad9\u51fa\u4f86\uff01\uff5c#\u8cc0\u74cf\u591c\u591c\u79c0"
        },
        {
            "id": "1JztxLov7S0",
            "title": "\u3010#\u72d7\u5c4e\u5beb\u624b\u3011\u81f3\u5c11\u4f59\u7238\u7238\u6703\u5c0d\u53f0\u7063 \u6bd4\u8f03\u7701\u5fc3"
        },
        {
            "id": "eAVhc3r6bJ0",
            "title": "\u3010#\u72d7\u5c4e\u5beb\u624b\u3011\u4f59\u7965\u9293\u7684\u5feb\u6a02\u4e00\u4e8c\u4e09\u56db\u4e94\u516d"
        },
        {
            "id": "ogWBQcf_UTI",
            "title": "\u7528\u5341\u516d\u5206\u9418\u4e86\u89e3\u6b50\u8036\u7684\u6bb5\u5b50\uff5c#G8\u9ad8\u5cf0\u6703"
        },
        {
            "id": "mR-jJbGW1ng",
            "title": "\u89aa\u611b\u7684\u9109\u89aa\u4e45\u7b49\u4e86\uff0c\u5eb6\u6c11\u4e3b\u6301\u5373\u5c07\u7ffb\u8f49\u591c\u591c\u79c0\uff01\uff5c#\u8cc0\u74cf\u591c\u591c\u79c0"
        },
        {
            "id": "0akE0uNbLL0",
            "title": "\u3010#\u72d7\u5c4e\u5beb\u624b\u3011\u539f\u4f86\u662f\u50b3\u8aaa\u4e2d\u7684\u72ac\u7cfb\u7537\u53cb\u554a"
        },
        {
            "id": "-UGmOzhsgAY",
            "title": "\u3010#\u72d7\u5c4e\u5beb\u624b\u3011\u4e5f\u4e0d\u80fd\u8aaa\u4f60\u932f\u5566..."
        },
        {
            "id": "nS4_eEjcTds",
            "title": "\u3010#\u72d7\u5c4e\u5beb\u624b\u3011Eko \u8001\u5e2b\u4eca\u5929\u662f Echo \u8001\u5e2b"
        },
        {
            "id": "io_V8J7gv4Y",
            "title": "\u60f3\u8981\u4e00\u767e\u842c\u55ce\uff1f\u53bb\u5168\u65b0\u55ae\u5143\u300c\u9178\u6c11\u767e\u842c\u5bcc\u7fc1\u300d\u627e\u5427\uff01 \u6211\u628a\u4e00\u767e\u842c\u5143\u90fd\u653e\u5728\u300a#\u8cc0\u74cf\u591c\u591c\u79c0\u300b\uff01"
        },
        {
            "id": "U-3gIxxKL8k",
            "title": "\u7528\u56db\u5206\u9418\u4e86\u89e3\u9ec3\u9038\u8c6a\u7684\u6bb5\u5b50\uff5c#G8\u9ad8\u5cf0\u6703"
        },
        {
            "id": "0bQfa1UlEsM",
            "title": "\u6700\u6709\u8da3\u7684\u8868\u6f14\u5c31\u53ef\u4ee5\u62ff\u8d7010\u842c\u5143\uff01\u5230\u5e95\u9e7f\u6b7b\u8ab0\u624b\uff1f\u9762\u767d\u306e\u738b\u8005\u6311\u6230\u8cfd\uff01"
        },
        {
            "id": "nelruMThs-c",
            "title": "\u3010#\u72d7\u5c4e\u5beb\u624b\u3011\u67e5\u5230\u5c31\u82ad\u6bd4Q\u4e86"
        },
        {
            "id": "FloM2VK-Z-E",
            "title": "\u3010#\u72d7\u5c4e\u5beb\u624b\u3011\u88c1\u5224\uff1a\u4f60\u816b\u9ebc\u60f9..."
        },
        {
            "id": "u6FdDNhXYzw",
            "title": "\u3010#\u72d7\u5c4e\u5beb\u624b\u3011\u5c3c\u514b\u661f\u7d04\u6230\u66fe\u535a\u6069"
        },
        {
            "id": "iqY0CsGQfqk",
            "title": "\u3010#\u8cc0\u74cf\u591c\u591c\u79c0\u3011| \u6b63\u5f0f\u9810\u544a | THE NIGHT NIGHT SHOW with HELLO Trailer"
        },
        {
            "id": "D6FXmYN8cHI",
            "title": "\u7528\u516d\u5206\u9418\u4e86\u89e3\u8cc0\u74cf\u7684\u6bb5\u5b50\uff5c#G8\u9ad8\u5cf0\u6703"
        },
        {
            "id": "4taXVRbCWGI",
            "title": "\u3010#\u72d7\u5c4e\u5beb\u624b\u3011\u771f\u662f\u4e00\u6bb5\u6dd2\u7f8e\u7684\u611b\u60c5\u6545\u4e8b"
        },
        {
            "id": "FkgMFy8CHRI",
            "title": "\u55ac\u745f\u592b 2023 \u300a#\u6cb3\u8c5a\u300b\u55ae\u53e3\u559c\u5287\u5de1\u8ff4 \u7dda\u4e0a\u7248\uff5c\u73fe\u6b63\u9810\u8cfc\u4e2d"
        },
        {
            "id": "tQSDJWURusg",
            "title": "\u3010#\u72d7\u5c4e\u5beb\u624b\u3011\u539f\u4f86\u5a4a\u59d0\u559c\u6b61\u523a\u6fc0\u7684"
        },
        {
            "id": "P0Ih0DCzMtQ",
            "title": "\u3010#\u72d7\u5c4e\u5beb\u624b\u3011\u4f60\u7684\u5fae\u7b11\u4e39\u59ae\u5a4a\u59d0\u6700\u60f3\u8981"
        },
        {
            "id": "q_h5X463yAQ",
            "title": "\u6211\u771f\u7684\u6c92\u6709\u54ed ft. \u8c6a\u83ef\u7684\u4e09\u5927\u5c08\u696d\u4eba\u58eb\u9663\u5bb9"
        },
        {
            "id": "mLwjm-1qwU0",
            "title": "\u7576\u4f60\u4e0d G8\uff0cG8 \u7684\u5c31\u6703\u662f\u5225\u4eba"
        },
        {
            "id": "k-wDhb4QHyo",
            "title": "\u3010#\u72d7\u5c4e\u5beb\u624b\u3011\u7adf\u7136\u4e5f\u6709\u8b93\u6ce2\u7279\u738b\u8aaa\u4e0d\u51fa\u53e3\u7684\u64a9\u59b9\u8a9e\u9304\uff1f\uff01"
        },
        {
            "id": "pZpX46tLZ0Y",
            "title": "\u3010#G8\u9ad8\u5cf0\u6703\u3011\u8d81\u73fe\u5728\u8d95\u5feb\u770b\uff0c\u4e0d\u7136\u5927\u5bb6\u54ea\u5929\u771f\u7684\u7d05\u8d77\u4f86\uff0c\u5c31\u6e4a\u4e0d\u9f4a\u9019\u4e9b\u4eba\u4e86"
        },
        {
            "id": "eEbpGs8pGmA",
            "title": "\u3010#G8\u9ad8\u5cf0\u6703\u3011\u8a18\u5f97\u8cb7\u7968\uff0c\u4e0d\u7136\u6c92\u4eba\u4f86\u6211\u5c31\u8981\u8eb2\u56de\u6ac3\u5b50\u88e1\u4e86"
        },
        {
            "id": "FZnBGKcscx4",
            "title": "\u3010#\u72d7\u5c4e\u5beb\u624b\u3011\u7559\u8a00\u958b\u653e\u8a0e\u62cd\uff01"
        },
        {
            "id": "pW2HRfmkjR0",
            "title": "\u3010#G8\u9ad8\u5cf0\u6703\u3011\u4efb\u6027\u7684\u6211\u4e0d\u77e5\u9053\u6703\u6e96\u5099\u4ec0\u9ebc\uff0c\u641e\u4e0d\u597d\u662f\u97f3\u6a02\u6bb5\u5b50\u6216\u8df3 15 \u5206\u9418 Queencard"
        },
        {
            "id": "UkhP5o8u9bA",
            "title": "\u3010#\u72d7\u5c4e\u5beb\u624b\u3011\u5b6b\u751f\u8e22\u7206\u7684\u4e0d\u53ea\u662f\u4e00\u756a\u8cde"
        },
        {
            "id": "LoxgKu3nkbw",
            "title": "\u3010#G8\u9ad8\u5cf0\u6703\u3011\u6b38\u7528\u5317\u6d41\u6700\u68d2\u7684\u97f3\u97ff\u807d\u97f3\u6a02\u56c9"
        },
        {
            "id": "rc3TRE-JWOk",
            "title": "\u3010#G8\u9ad8\u5cf0\u6703\u3011\u652f\u6301\u559c\u5287\u300e\u4e0d\u53ea\u662f\u300f\u5730\u7344 \u708e\u4e0a \u8165\u7fb6\u8272 \u8acb\u4f86\u52d9\u5fc5\u4f86\u770b"
        },
        {
            "id": "DyyCjbkZwpY",
            "title": "\u3010#G8\u9ad8\u5cf0\u6703\u3011\u807d\u8aaa\u9019\u5834\u570b\u4e2d\u751f\u4e0d\u6703\u4f86\u770b\u5594"
        },
        {
            "id": "OHjjGWscBU0",
            "title": "\u3010#G8\u9ad8\u5cf0\u6703\u3011\u6b32\u6c42\u4e0d\u6eff\u7684\u5973\u6027\u5011\u50be\u5de2\u800c\u51fa\u5427"
        },
        {
            "id": "cWLRPLFHP9E",
            "title": "\u3010#\u72d7\u5c4e\u5beb\u624b\u3011\u9ed1\u9f8d\u5728\u6b64\u8a2d\u4e0b\u7d50\u754c\ud83e\udd1e\ud83c\udfff"
        },
        {
            "id": "_jpxasCpmxY",
            "title": "\u3010#G8\u9ad8\u5cf0\u6703\u3011\u4e0b\u6b21\u9053\u6b49\u7684\u4eba\u6703\u662f\u8ab0\u5462\uff1f\u4f86\u73fe\u5834\u624d\u77e5\u9053\u3002"
        },
        {
            "id": "VaCnrbx8A5I",
            "title": "\u3010#G8\u9ad8\u5cf0\u6703\u3011\u4f60\uff0c\u6e96\u5099\u597d\u4e86\u55ce\uff1f"
        },
        {
            "id": "iXgnTgPItro",
            "title": "\u3010#\u72d7\u5c4e\u5beb\u624b\u3011\u5343\u842c\u4e0d\u8981\u4ee5\u8eab\u8a66\u9aee"
        },
        {
            "id": "94EF8oOv7Uw",
            "title": "\u3010#\u72d7\u5c4e\u5beb\u624b\u3011\u8b1b\u68d2\u68d2\u5802\u58de\u8a71 \u694a\u5947\u715c\u7f77\u4e0d\u80fd"
        },
        {
            "id": "v8rroD0GNac",
            "title": "\u3010#G8\u9ad8\u5cf0\u6703\u3011\u8b93\u6211\u5011\u770b\u770b\u8ab0\u662f\u9810\u6e2c\u738b\ud83d\udc51"
        },
        {
            "id": "r-5-eG4u74Q",
            "title": "\u3010#\u8001\u95c6call\u6bd4\u8cfd\u3011#\u6f64\u6ed1\u6db2\u6436\u7403 \u7537\u4e0a\u52a0\u7537\uff0c\u4f86\u6db2\u6c7a\u751f\u6b7b\u5427\uff01"
        },
        {
            "id": "AIiXag_vZa8",
            "title": "\u3010#\u72d7\u5c4e\u5beb\u624b\u3011\u6572\u7897\u52a0\u78bc\u5c04\u5167\u76f8\u89aa\ud83d\ude48"
        },
        {
            "id": "wE9VirAre34",
            "title": "\u3010#\u72d7\u5c4e\u5beb\u624b\u3011\u5728\u8aa0\u54c1\u4e5f\u662f\u5594\ud83d\ude09"
        },
        {
            "id": "HDHaNj58gvo",
            "title": "\u3010#\u72d7\u5c4e\u5beb\u624b\u3011\u9ec3\u5c71\u6599\u7684\u7121\u6599\u5927\u653e\u9001\uff01"
        },
        {
            "id": "LJx1e9PstdU",
            "title": "\u3010#\u8001\u95c6call\u6bd4\u8cfd\u3011\u4e0d\u53ef\u4ee5\u651d\u651d"
        },
        {
            "id": "17wY-HvNhH0",
            "title": "\u3010#\u72d7\u5c4e\u5beb\u624b\u3011\u807d\u5b8c\u4e4b\u5f8c\u56de\u4e0d\u53bb\u4e86\ud83d\udc02"
        },
        {
            "id": "kfgtPsJTzok",
            "title": "\u3010#\u72d7\u5c4e\u5beb\u624b\u3011\u5343\u842c\u5225\u60f9\u65e5\u672c\u6df7\u8840\u7f8e\u5973"
        },
        {
            "id": "z_rjJcHiOEs",
            "title": "\u3010#\u72d7\u5c4e\u5beb\u624b\u3011\u50cf\u9019\u6a23\u7684 Makiyo \u8b93\u6211\u82e6\u60f1"
        },
        {
            "id": "dAscqxNzWXg",
            "title": "\u3010#\u72d7\u5c4e\u5beb\u624b\u3011\u9084\u597d\u6f8e\u54e5\u6709\u7334\u7334\u505a\u6b79\u8a8c"
        },
        {
            "id": "6dENt40diws",
            "title": "\u3010#\u72d7\u5c4e\u5beb\u624b\u3011\u9673\u5927\u5929\u81ea\u7206\u6700\u8a0e\u53ad\u5433\u5b97\u61b2"
        }
    ]
}