{
    "video_info": {
        "id": "-qxPrPTv5xI",
        "channelTitle": "\u97d3\u52fe\u311f\u91d1\u91dd\u83c7 \ucc10\uca50\uafb8",
        "title": "\u53f0\u7063\u5e02\u5834\u539f\u4f86\u9019\u9ebc\u597d\u901b\u5594\uff1f\u97d3\u570b\u9109\u5df4\u4f6c\u901b\u6700\u73fe\u4ee3\u5316\u7684\u50b3\u7d71\u5e02\u5834\ud83d\udd25\u4e0d\u53ef\u601d\u8b70\u4fbf\u5b9c\u597d\u5403\u7684\u7f8e\u98df\u8857\uff5c\u97d3\u52fe\u311f\u91d1\u91dd\u83c7 \ucc10\uca50\uafb8",
        "description": "#\u5357\u9580\u5e02\u5834 #\u53f0\u7063\u5e02\u5834 #\u597d\u597d\u5403 #\u725b\u8089\u9eb5\n\u725b\u8089\u9eb5\u8981\u5403 #\u904e\u5e74 #\u5e74\u83dc \n\n\u5e0c\u671b\u4f60\u5011\u559c\u6b61\u9019\u90e8\u5f71\u7247\n\u559c\u6b61\u5e6b\u6211\u8a02\u95b1\u6309\u8b9a\u5206\u4eab \u8a18\u5f97\u958b\u555f\u5c0f\u9234\u943a\u6536\u53d6\u65b0\u7247\u901a\u77e5\u5594\uff01\n\n\uff3f\uff3f\uff3f\uff3f\uff3f\uff3f\uff3f\uff3f\uff3f\uff3f\uff3f\uff3f\uff3f\uff3f\uff3f\uff3f\uff3f\uff3f\uff3f\uff3f\uff3f\n\n\u2b50\ufe0f\u91d1\u5bb6\u311f\u5e03\u5e33\u99ac\u8eca\uff1ahttps://www.facebook.com/groups/2297603990535075/\n\u2b50\ufe0f\u91d1\u91dd\u83c7\u7684\u7c89\u5c08: https://www.facebook.com/Koreajinzhengu/\n\u2b50\ufe0f\u91d1\u91dd\u83c7\u7684IG: https://www.instagram.com/ggu__kim/\n\u2b50\ufe0f\u5408\u4f5c\u9080\u7d04\u8acb\u6d3dPressPlay\uff1ajinyoungkim@pressplay.cc\n\n\uff3f\uff3f\uff3f\uff3f\uff3f\uff3f\uff3f\uff3f\uff3f\uff3f\uff3f\uff3f\uff3f\uff3f\uff3f\uff3f\uff3f\uff3f\uff3f\uff3f\uff3f",
        "likeCount": "13736",
        "commentCount": "350",
        "viewCount": "657460"
    },
    "comments": [
        {
            "reply_id": "Ugx5q0dHRti5GdvDo8d4AaABAg",
            "reply_content": "\u90a3\u500b\u53e3\u7f69\u592a\u9177\u4e86\u5427"
        },
        {
            "reply_id": "UgwcujANGjt5NrRlQL54AaABAg",
            "reply_content": "\u60f3\u5b66\u6821\u98df\u5802"
        },
        {
            "reply_id": "Ugxh1V_pyRTAOATiAs94AaABAg",
            "reply_content": "\u63a8\u85a6\u91d1\u91dd\u83c7\u5230\u96f2\u6797\u5317\u6e2f\u5403\u7576\u5730\u5c0f\u5403 \u54ea\u88e1\u6709\u51fa\u4e86\u5317\u6e2f\u5c31\u5403\u4e0d\u5230\u7684\u9eb5\u7dda\u7cca\u548c\u5f88\u7279\u5225\u7684\u5047\u9b5a\u809a\u7fb9"
        },
        {
            "reply_id": "UgzXwJ4lRqUoysKKadV4AaABAg",
            "reply_content": "\u725b\u8089\u9eb5\u771f\u7684\u7206\u597d\u5403"
        },
        {
            "reply_id": "UgxvDhZRGN727FW1XtZ4AaABAg",
            "reply_content": "\u6211\u4f86\u5403\u904e\u5e7e\u6b21\n\u9084\u6709\u4e00\u4e9b\u4f60\u4ecb\u7d39\u6c92\u6709\u5403\u5230\u7684\u4e0b\u6b21\u518d\u4f86"
        },
        {
            "reply_id": "UgxROmGlnDfYOpJB86F4AaABAg",
            "reply_content": "\u9178\u6c11\u5fc3\u60c5\u4e0d\u597d\u5c31\u5230\u8655\u4e82\u7f75\u5f88\u6b63\u5e38 \u4e0d\u5206\u9752\u7d05\u7682\u767d"
        },
        {
            "reply_id": "UgxGNKZVRHtQnv9LIRR4AaABAg",
            "reply_content": "\u700f\u6d77\u597d\u597d\u770b"
        },
        {
            "reply_id": "Ugy9GQYHEkI0GywTHdt4AaABAg",
            "reply_content": "\u91d1\u91dd\u83c7\u6234\u9019\u500b\u53e3\u7f69\u770b\u8d77\u4f86\u50cf\u662f\u9032\u64ca\u7684\u5de8\u4eba"
        },
        {
            "reply_id": "UgzCSjubdUvIKLEtwrh4AaABAg",
            "reply_content": "\u5929\u6bcd\u7684\u58eb\u6771\u5e02\u5834\u4e5f\u5f88\u68d2\u5594"
        },
        {
            "reply_id": "Ugy3Brdcd7WsP2VkPl54AaABAg",
            "reply_content": "\u5495\u54be\u8089\u8ddf\u7cd6\u918b\u8089\u61c9\u8a72\u4e00\u6a23\u6c92\u932f"
        },
        {
            "reply_id": "UgytuVECye27i6Om2Hh4AaABAg",
            "reply_content": "\u771f"
        },
        {
            "reply_id": "Ugy8PLnkk3iBVMDbWG54AaABAg",
            "reply_content": "\u4f60\u7684\u53e3\u7f69\u770b\u8d77\u4f86\u597d\u50cf\u6f22\u5c3c\u62d4"
        },
        {
            "reply_id": "UgyBphtFYQYOxzLpB1V4AaABAg",
            "reply_content": "\u8eca\u7ad9\u9644\u8fd1\u7684\u57ce\u4e2d\u5e02\u5834"
        },
        {
            "reply_id": "UgzuzNT63xH-Z643MW14AaABAg",
            "reply_content": "\u53ef\u4ee5\u5403\u8d35\u5dde\u5c0f\u5403\u8178\u65fa\u7c89"
        },
        {
            "reply_id": "UgxIq213aeoS_gdw2xx4AaABAg",
            "reply_content": "\u5408\u6b61\u5200\u524a\u9eb5\u7684\u725b\u8089\u9eb5\u771f\u7684\u53ea\u8981\u6709\u670b\u53cb\u4f86\u53f0\u5317\u6211\u4e00\u5b9a\u6703\u5e36\u53bb\u5403\u7684\u5e97"
        },
        {
            "reply_id": "UgxZlUV9pC9gr_OhwLl4AaABAg",
            "reply_content": "\u4e00\u76f4\u5c08\u6ce8\u91d1\u91dd\u83c7\u7684\u53e3\u7f69\u54c8\u54c8\u54c8"
        },
        {
            "reply_id": "UgxxysHL2_DxJvh2K5R4AaABAg",
            "reply_content": "\u83c7\u83c7\u597d\u53ef\u611b"
        },
        {
            "reply_id": "Ugwmgu9ertX-GTaZvg54AaABAg",
            "reply_content": "\u9084\u6709\u58eb\u6797\u7684\u58eb\u6771\u5e02\u5834\u4e5f\u4e0d\u932f\u901b"
        },
        {
            "reply_id": "UgycQ9YTDkRmsNsVp5B4AaABAg",
            "reply_content": "\u5317\u90e8\u5e02\u5834\u4e0d\u662f\u5f88\u71b1\u60c5\u7684\u611f\u89ba"
        },
        {
            "reply_id": "Ugwt0HKc6CdxvK4mojN4AaABAg",
            "reply_content": "\u5168\u53f0\u7063\u6700\u8cb4\u7684\u50b3\u7d71\u5e02\u5834\uff0c\u63db\u4e00\u5bb6\u901b\u624d\u6709\u4fbf\u5b9c\u53ef\u8a00\u5427"
        },
        {
            "reply_id": "Ugyh_EJLUfQAt1RHq0N4AaABAg",
            "reply_content": "\u591a\u597d\u5403\u7684\u98df\u7269\uff0c\u671f\u5f85\u83c7\u83c7\u4ecb\u7d39\u66f4\u591a\u7684\u5e02\u5834\u7f8e\u98df"
        },
        {
            "reply_id": "UgwQqdTnjsZNppVSz8F4AaABAg",
            "reply_content": "\u80fd\u5920\u5728\u5357\u9580\u5e02\u5834\u5b58\u6d3b\u7684\u6524\u4f4d\u90fd\u662f\u5f88\u53b2\u5bb3\u7684"
        },
        {
            "reply_id": "Ugxi968KPnSeliwrDkl4AaABAg",
            "reply_content": "\u8d8a\u4f86\u8d8a\u6f02\u4eae\u4e86"
        },
        {
            "reply_id": "UgymV5L_h4WDGpZT0qZ4AaABAg",
            "reply_content": "\u53f0\u4e2d\u7684\u7b2c\u516d\u5e02\u5834\u4e5f\u5f88\u7279\u5225"
        },
        {
            "reply_id": "UgyWxCScq69kNM3hVT54AaABAg",
            "reply_content": "\u6c92\u8cb7\u86cb\u9903\u53ef\u60dc\u4e86"
        }
    ]
}