{
    "video_info": {
        "id": "0C3LeQiudMI",
        "channelTitle": "\u97d3\u52fe\u311f\u91d1\u91dd\u83c7 \ucc10\uca50\uafb8",
        "title": "\u51fa\u570b\u53bb\u6cd5\u570b\ud83d\udd25\ud83c\uddeb\ud83c\uddf7\u7b2c\u4e00\u6b21\u6b50\u6d32\u65c5\u904a\u9084\u627e\u4e0d\u5230\u6c11\u5bbf\ud83d\ude05\u5c0b\u627e\u6d6a\u6f2b\u8a18VLOG\uff5c\u97d3\u52fe\u311f\u91d1\u91dd\u83c7 \ucc10\uca50\uafb8",
        "description": "\u6cd5\u570b\u597d\u6d6a\u6f2b\u597d\u597d\u73a9\u2764\ufe0f\u671f\u5f85\u745e\u58ebVLOG\u5427\uff5e\n_\n\u900f\u904e\u4ee5\u4e0b\u7db2\u5740\u7372\u5f97Surfshark VPN: https://surfshark.deals/GGU\n\n\u8f38\u5165\u6298\u6263\u78bc GGU\uff0c\u5c31\u53ef\u99ac\u4e0a\u7372\u5f97\u300c1.7\u6298\u300d\u512a\u60e0\n\n\u8a02\u95b12\u5e74\u65b9\u6848\u518d\u52a0\u9001\u514d\u8cbb3\u500b\u6708\u7684\u4f7f\u7528\uff01\n\n\u5e0c\u671b\u4f60\u5011\u559c\u6b61\u9019\u90e8\u5f71\u7247\n\u559c\u6b61\u5e6b\u6211\u8a02\u95b1\u6309\u8b9a\u5206\u4eab \u8a18\u5f97\u958b\u555f\u5c0f\u9234\u943a\u6536\u53d6\u65b0\u7247\u901a\u77e5\u5594\uff01\n\n#\u5df4\u9ece #\u6cd5\u570b #\u6cd5\u570b\u65c5\u904a\n#\u91d1\u91dd\u83c7\u4e16\u754c\u65c5\u884c\n\uff3f\uff3f\uff3f\uff3f\uff3f\uff3f\uff3f\uff3f\uff3f\uff3f\uff3f\uff3f\uff3f\uff3f\uff3f\uff3f\uff3f\uff3f\uff3f\uff3f\uff3f\n\n\u2b50\ufe0f\u91d1\u91dd\u83c7\u7684\u97d3\u570b\u7f8e\u98df\u54c1\u724c\uff1ahttps://www.kimkfoods.com\n\u2b50\ufe0f\u91d1\u5bb6\u311f\u5e03\u5e33\u99ac\u8eca\uff1ahttps://www.facebook.com/groups/2297603990535075/\n\u2b50\ufe0f\u91d1\u91dd\u83c7\u7684\u7c89\u5c08: https://www.facebook.com/Koreajinzhengu/\n\u2b50\ufe0f\u91d1\u91dd\u83c7\u7684IG: https://www.instagram.com/ggu__kim/\n\u2b50\ufe0f\u5408\u4f5c\u9080\u7d04\u8acb\u6d3dPressPlay\uff1ajinyoungkim@pressplay.cc\n\n\uff3f\uff3f\uff3f\uff3f\uff3f\uff3f\uff3f\uff3f\uff3f\uff3f\uff3f\uff3f\uff3f\uff3f\uff3f\uff3f\uff3f\uff3f\uff3f\uff3f\uff3f",
        "likeCount": "20646",
        "commentCount": "594",
        "viewCount": "993596"
    },
    "comments": [
        {
            "reply_id": "Ugwd9It6_Kz3QHDPmbl4AaABAg",
            "reply_content": "\u6211\u4e5f\u5e0c\u671b\u6709\u4e00\u4e2a\u4eba\u80fd\u966a\u6211\u5230\u5904\u8d70\u8d70"
        },
        {
            "reply_id": "UgwQiuJJ1mRC0K8WXsp4AaABAg",
            "reply_content": "\u5e0c\u671b\u59b3\u53ef\u4ee5\u8ba9\u6211\u4eec\u77e5\u9053\u4f60\u4f4f\u7684\u548c\u5403\u7684\u591a\u5c11\u94b1\u548c\u6b7a\u5385\u540d\u5b57\u3002\u8c22\u8c22\u4f60\u4eec"
        },
        {
            "reply_id": "Ugx2E-ypH1CGnOF3Qg14AaABAg",
            "reply_content": "\u70ba\u4ec0\u9ebc\u91d1\u91dd\u83c7\u59b9\u59b9\u600e\u6bcf\u6b21\u90fd\u662f\u627e\u4e0d\u5230\u6c11\u5bbf\u52d2\u54c8\u54c8"
        },
        {
            "reply_id": "UgwJJGOzei_IosEETVF4AaABAg",
            "reply_content": "\u597d\u50cf\u5373\u523b\u6551\u63f4\u5834\u666f"
        },
        {
            "reply_id": "UgzNKIsvVskV4NH_QkZ4AaABAg",
            "reply_content": "\u91d1\u91dd\u83c7\u96d6\u7136\u4e0d\u7b97\u9577\u7684\u597d\u770b\u7684\u90a3\u4e00\u7a2e\n\u4f46\u597d\u6703\u6253\u626e\u5e6b\u5916\u8c8c\u52a0\u4e86\u597d\u591a\u5206"
        },
        {
            "reply_id": "UgwwZxYiBV152JigGaF4AaABAg",
            "reply_content": "\u81fa\u7063\u662f\u8981\u5148\u6572\u9580\u8aaa\u4e0d\u597d\u610f\u601d\u6253\u64fe\u4e86"
        },
        {
            "reply_id": "Ugw71g9wGutrUY34E3R4AaABAg",
            "reply_content": "\u6211\u5c45\u7136\u770b\u5230\u4ee5\u524d\u540c\u4e8b"
        },
        {
            "reply_id": "UgzMRPVUzQdKWkqaw154AaABAg",
            "reply_content": "\u570b\u5916\u7684\u9999\u8549\u662f\u4e0d\u662f\u7279\u5225\u9577\uff08\u6211\u61f7\u7591\u6709\u4eba\u5728\u958b\u8eca"
        },
        {
            "reply_id": "Ugx1INucg5LTxovjy1d4AaABAg",
            "reply_content": "\u90a3\u4f4d\u54e5\u662f\u6a21\u7279\u5152"
        },
        {
            "reply_id": "UgxFcwPfKiHyhFavqZl4AaABAg",
            "reply_content": "\u4f60\u5011\u5728\u5403\u96ea\u8033\u55ce"
        },
        {
            "reply_id": "UgzpqqBkph7ROBN3x3l4AaABAg",
            "reply_content": "\u90a3\u500b\u8718\u86db\u4eba\u7684\u5f62\u72c0\u4e5f\u592a\u6bcd\u6e6f\u4e86\u5427"
        },
        {
            "reply_id": "UgxOF5BqBJjTgLKD_g14AaABAg",
            "reply_content": "\u6700\u5f8c\u6574\u500b\u5c31\u662f\u82b1\u90fd\u821e\u5f71"
        },
        {
            "reply_id": "Ugw8m-LVS44r9ZdL6lt4AaABAg",
            "reply_content": "\u6c42\u91d1\u91dd\u83c7\u548c\u6797\u8431\u5169\u5929\u7684\u6d0b\u88dd"
        },
        {
            "reply_id": "UgxxuD5TMeK85q4Q2L54AaABAg",
            "reply_content": "\u6211\u4e5f\u5728\u6cd5\u570b"
        },
        {
            "reply_id": "Ugy5Ii1DwyfBsc9xClJ4AaABAg",
            "reply_content": "\u597d\u8b9a"
        },
        {
            "reply_id": "UgxFvTlA9n78mNx9U9B4AaABAg",
            "reply_content": "\u91d1\u91dd\u83c7\u7a7f\u5f97\u4e5f\u592a\u6f02\u4eae\u4e86"
        },
        {
            "reply_id": "UgxtdRKTMLxjVB965wN4AaABAg",
            "reply_content": "\u91d1\u8431\u5728\u5df4\u9ece"
        },
        {
            "reply_id": "Ugyq0b6Xb24ECE2Cv6p4AaABAg",
            "reply_content": "\u6211\u4ee5\u70ba\u5289\u660e\u7ae0\u4e5f\u53bb\u6cd5\u570b"
        },
        {
            "reply_id": "UgwCv6UdTnY6MmexEOR4AaABAg",
            "reply_content": "\u771f\u7684\u597d\u7f8e\u554a"
        },
        {
            "reply_id": "UgwdFrr4692deW4Rv2d4AaABAg",
            "reply_content": "\u6797\u8431\u9aee\u8272\u5728\u592a\u967d\u5e95\u4e0b\u771f\u5fc3\u597d\u770b"
        },
        {
            "reply_id": "UgyP_IVWxar9vjfCeLh4AaABAg",
            "reply_content": "\u6c11\u5bbf\u53ef\u4ee5\u770b\u5230\u9435\u5854\u8d85\u68d2\u7684\uff0c\u827e\u83f2\u723e\u9435\u5854\u666f\u8272\u597d\u7f8e"
        },
        {
            "reply_id": "UgyH2bojnwd-9bqPLoR4AaABAg",
            "reply_content": "\u8acb\u554f\u4f60\u5011\u4f4f\u7684\u6c11\u5bbf\u662f\u54ea\u4e00\u5bb6?\u6211\u4e0b\u6b21\u53bb\u6cd5\u570b\u4e5f\u60f3\u53bb\u4f4f\u5594"
        },
        {
            "reply_id": "Ugzaw7g0hffZDfAtMZ14AaABAg",
            "reply_content": "\u5f88\u50cf\u90a3\u500b\u6050\u6016\u7247\u7684\u5973\u5a03\u5a03"
        },
        {
            "reply_id": "UgwdL4M8LvA69pVWxOB4AaABAg",
            "reply_content": "\u90fd\u592a\u7f8e\u5566"
        },
        {
            "reply_id": "UgxSn7tweQXLW1AIK4J4AaABAg",
            "reply_content": "\u54e5\u54e5\u597d\u597d\u7b11\u597d\u559c\u6b61\u597d\u53ef\u9760\u7684\u611f\u89ba"
        }
    ]
}