{
    "video_info": {
        "id": "2E9UAnFYwe8",
        "channelTitle": "\u97d3\u52fe\u311f\u91d1\u91dd\u83c7 \ucc10\uca50\uafb8",
        "title": "\u53f0\u7063\u4eba97%\u4e0d\u77e5\u9053\u300c\ud83c\uddf0\ud83c\uddf7\u97d3\u570b\u51ac\u5929\u9650\u5b9a\u7f8e\u98df\u300d\u6211\u5c45\u7136\u4e0d\u6562\u5403\ud83d\ude02\u22ef\u22ef\u51ac\u5929\u5403\u559d\u73a9\u6a02\u5927\u5206\u4eab\ud83d\udd25\uff5c\u97d3\u52fe\u311f\u91d1\u91dd\u83c7 \ucc10\uca50\uafb8",
        "description": "**\u694a\u5dde\u96ea\u82b1\u7bc0\n**\ub9e4\uc0dd\uc774\uad6d \u97d3\u570b\u9752\u6d77\u85fb\u6e6f\n\n\u5e0c\u671b\u4f60\u5011\u559c\u6b61\u9019\u90e8\u5f71\u7247\n\u559c\u6b61\u5e6b\u6211\u8a02\u95b1\u6309\u8b9a\u5206\u4eab \u8a18\u5f97\u958b\u555f\u5c0f\u9234\u943a\u6536\u53d6\u65b0\u7247\u901a\u77e5\u5594\uff01\n\n\uff3f\uff3f\uff3f\uff3f\uff3f\uff3f\uff3f\uff3f\uff3f\uff3f\uff3f\uff3f\uff3f\uff3f\uff3f\uff3f\uff3f\uff3f\uff3f\uff3f\uff3f\n\n\u2b50\ufe0f\u91d1\u91dd\u83c7\u7684\u97d3\u570b\u7f8e\u98df\u54c1\u724c\uff1ahttps://www.kimkfoods.com\n\u2b50\ufe0f\u91d1\u5bb6\u311f\u5e03\u5e33\u99ac\u8eca\uff1ahttps://www.facebook.com/groups/2297603990535075/\n\u2b50\ufe0f\u91d1\u91dd\u83c7\u7684\u7c89\u5c08: https://www.facebook.com/Koreajinzhengu/\n\u2b50\ufe0f\u91d1\u91dd\u83c7\u7684IG: https://www.instagram.com/ggu__kim/\n\u2b50\ufe0f\u5408\u4f5c\u9080\u7d04\u8acb\u6d3dPressPlay\uff1ajinyoungkim@pressplay.cc\n\n\uff3f\uff3f\uff3f\uff3f\uff3f\uff3f\uff3f\uff3f\uff3f\uff3f\uff3f\uff3f\uff3f\uff3f\uff3f\uff3f\uff3f\uff3f\uff3f\uff3f\uff3f",
        "likeCount": "11028",
        "commentCount": "399",
        "viewCount": "521946"
    },
    "comments": [
        {
            "reply_id": "UgxErTe-H4JHqQALdAV4AaABAg",
            "reply_content": "\u6d77\u85fb\u50cf\u5403\u9f3b\u6d95\u7684\u611f\u89ba"
        },
        {
            "reply_id": "UgyX4UBNAh-NAOBJ8cZ4AaABAg",
            "reply_content": "\u559c\u6b61\u4f60\u62cd\u97d3\u570b\u7f8e\u98df\u8ddf\u5bb6\u4eba\u4e00\u8d77\u5403\u98ef\u6eab\u99a8\u5bb6\u5ead"
        },
        {
            "reply_id": "UgwjBBFE0EiUuylGVk54AaABAg",
            "reply_content": "\u597d\u591a\u96bb\u7f8a"
        },
        {
            "reply_id": "Ugz9htpWlCDeQKL_YJl4AaABAg",
            "reply_content": "\u86b5\u4ed4\u5f88\u597d\u5403\u554a\uff5e\u600e\u9ebc\u8ddf\u6211\u7684\u5c0f\u5973\u5152\u4e00\u6a23\u4e0d\u6562\u5403\u86b5\u4ed4"
        },
        {
            "reply_id": "UgwSzP7BB8lRHrstWDx4AaABAg",
            "reply_content": "\u86b5\u4ed4\u8d85\u597d\u5403\u7684\u8036"
        },
        {
            "reply_id": "UgwtWPD2rp1F6d3Y8Xx4AaABAg",
            "reply_content": "\u60f3\u770b\u6625\u5929\u7684\u5982\u6021\u5cf6"
        },
        {
            "reply_id": "Ugyhlt5B40PmlAeRo1N4AaABAg",
            "reply_content": "\u4ec0\u9ebc\u6642\u5019\u6703\u6709\u54e5\u54e5\u5f1f\u5f1f\u5168\u5bb6\u4e00\u8d77\u5728\u97d3\u570b\u7684\u5f71\u7247"
        },
        {
            "reply_id": "UgxBCe5eu5IPTVLrkNh4AaABAg",
            "reply_content": "\u90a3\u500b\u6e6f\u7684\u83dc\u8981\u6dbc\u62cc\u8d85\u597d\u5403"
        },
        {
            "reply_id": "UgxMmvpBVFL0MfjOncJ4AaABAg",
            "reply_content": "\u539f\u4f4f\u6c11\u963f\u7f8e\u65cf\u6709\u5403\u54e6"
        },
        {
            "reply_id": "Ugxgq3noTIYx_9eRR2Z4AaABAg",
            "reply_content": "\u5f8c\u9762\u597d\u50cf\u61f2\u7f70\u904a\u6232"
        },
        {
            "reply_id": "UgzqUkWUooSONT23LiZ4AaABAg",
            "reply_content": "\u7238\u7238\u5c45\u7136\u7a7f\u77f3\u982d\u5cf6"
        },
        {
            "reply_id": "UgxGp56LgI1ePMr3Dmx4AaABAg",
            "reply_content": "\u662f\u4ee5\u524d\u8fa6\u684c\u6703\u6709\u7684\u9aee\u83dc\u55ce"
        },
        {
            "reply_id": "UgwdvWiSH4OLoPXGnGF4AaABAg",
            "reply_content": "\u76f2\u9c3b\u8d85\u597d\u5403\u7684"
        },
        {
            "reply_id": "UgzPICtj8OE745uEawV4AaABAg",
            "reply_content": "\u597d\u73a9"
        },
        {
            "reply_id": "Ugy37f0NHGKFSIh7oWN4AaABAg",
            "reply_content": "\u5c4c\u6253\u8525\u6cb9\u9905"
        },
        {
            "reply_id": "UgzOChh1SkGVGwj6GjF4AaABAg",
            "reply_content": "\u6211\u662f\u57fa\u9686\u4eba\u5c0f\u6642\u5019\u5e7e\u4e4e\u6bcf\u9910\u90fd\u6709\u6d77\u83dc\u5594 \u716e\u6e6f\u6dbc\u62cc\u714e\u9905\u90fd\u597d\u597d\u5403"
        },
        {
            "reply_id": "Ugwv-fUicyJH2EPWbr54AaABAg",
            "reply_content": "\u6c92\u770b\u5230\u91d1\u91dd\u83c7\u5403\u91d1\u91dd\u83c7"
        },
        {
            "reply_id": "UgyyQiW7bxDmvk9KM294AaABAg",
            "reply_content": "\u91d1\u91dd\u83c7\u6bcf\u6b21\u56de\u97d3\u570b\u5c31\u8b8a\u5f97\u597d\u50cf\u5c0f\u5973\u5b69\u597d\u53ef\u611b\u2764"
        },
        {
            "reply_id": "Ugw8szq-WZyrwsNUWhZ4AaABAg",
            "reply_content": "\u9019\u500b\u53f0\u7063\u597d\u50cf\u4e5f\u6709\uff0c\u985e\u4f3c\u67d0\u4e00\u7a2e\u50cf\u9aee\u83dc\u7684\u6d77\u82d4"
        },
        {
            "reply_id": "UgxQBhDktsfIEI8Z6854AaABAg",
            "reply_content": "\u4e9e\u71b1\u5e36\u7684\u81fa\u7063\u4eba\u597d\u7fa8\u6155"
        },
        {
            "reply_id": "UgxRIYAOVNzuhDhyRR14AaABAg",
            "reply_content": "\u6d77\u85fb\u8ddf\u7261\u86ce\u6700\u597d\u5403\u4e86"
        },
        {
            "reply_id": "UgxUu9qGbTuHNUncLGl4AaABAg",
            "reply_content": "\u6d77\u85fb\u53f0\u7063\u4e5f\u6709\u5440"
        },
        {
            "reply_id": "Ugy0VpIllSB9_HTMGf54AaABAg",
            "reply_content": ""
        },
        {
            "reply_id": "UgwrNaGFvqhMFbF9dUh4AaABAg",
            "reply_content": "\u662f\u4e94\u66f4\u8178\u65fa"
        },
        {
            "reply_id": "UgwK38nW-EuYZWtPStB4AaABAg",
            "reply_content": "\u6709\u7a7a\u6765\u4e2d\u56fd\u5927\u9646\u73a9"
        }
    ]
}