{
    "video_info": {
        "id": "2p9jQiSeMqc",
        "channelTitle": "\u97d3\u52fe\u311f\u91d1\u91dd\u83c7 \ucc10\uca50\uafb8",
        "title": "\u53f0\u7063\u4eba86%\u6c92\u6709\u5403\u904e\u7684\u300c\u97d3\u570b\u4e2d\u79cb\u98df\u7269\u300d\u8b93\u53f0\u7063\u4eba\u505a\u505a\u770b....\u6703\u6210\u529f\u55ce\ud83d\ude02\uff1fft.\u8521\u54e5\u6797\u8431\uff5c\u97d3\u52fe\u311f\u91d1\u91dd\u83c7 \ucc10\uca50\uafb8",
        "description": "#\u4e2d\u79cb\u7bc0\u5feb\u6a02 #\u4e2d\u79cb\u7bc0 #\u97d3\u570b\n\n\u5e0c\u671b\u4f60\u5011\u559c\u6b61\u9019\u90e8\u5f71\u7247\n\u559c\u6b61\u5e6b\u6211\u8a02\u95b1\u6309\u8b9a\u5206\u4eab \u8a18\u5f97\u958b\u555f\u5c0f\u9234\u943a\u6536\u53d6\u65b0\u7247\u901a\u77e5\u5594\uff01\n\n\uff3f\uff3f\uff3f\uff3f\uff3f\uff3f\uff3f\uff3f\uff3f\uff3f\uff3f\uff3f\uff3f\uff3f\uff3f\uff3f\uff3f\uff3f\uff3f\uff3f\uff3f\n\n\u2b50\ufe0f\u91d1\u91dd\u83c7\u7684\u97d3\u570b\u7f8e\u98df\u54c1\u724c\uff1ahttps://www.kimkfoods.com\n\u2b50\ufe0f\u91d1\u5bb6\u311f\u5e03\u5e33\u99ac\u8eca\uff1ahttps://www.facebook.com/groups/2297603990535075/\n\u2b50\ufe0f\u91d1\u91dd\u83c7\u7684\u7c89\u5c08: https://www.facebook.com/Koreajinzhengu/\n\u2b50\ufe0f\u91d1\u91dd\u83c7\u7684IG: https://www.instagram.com/ggu__kim/\n\u2b50\ufe0f\u5408\u4f5c\u9080\u7d04\u8acb\u6d3dPressPlay\uff1ajinyoungkim@pressplay.cc\n\n\uff3f\uff3f\uff3f\uff3f\uff3f\uff3f\uff3f\uff3f\uff3f\uff3f\uff3f\uff3f\uff3f\uff3f\uff3f\uff3f\uff3f\uff3f\uff3f\uff3f\uff3f",
        "likeCount": "10984",
        "commentCount": "402",
        "viewCount": "544692"
    },
    "comments": [
        {
            "reply_id": "UgyhmEM2j7eQjH_PdWl4AaABAg",
            "reply_content": "\u751f\u7684\u7cef\u7c73\u7c89\u52a0\u9ede\u719f\u7c89\u5c31\u4e0d\u6703\u786c\u4e86"
        },
        {
            "reply_id": "UgwRzvFI4xFn_n1TClx4AaABAg",
            "reply_content": "\u611f\u8b1d\u91d1\u91dd\u83c7\u8ca9\u552e\u70e4\u8089\u5957\u7d44 \u53f0\u7063\u4eba\u611f\u6069\u4f60\u7684\u56de\u5831"
        },
        {
            "reply_id": "UgxR_SFGtuOZcj_Xcox4AaABAg",
            "reply_content": "\u91d1\u91dd\u83c7\u8b8a\u674f\u9b91\u83c7\u4e86"
        },
        {
            "reply_id": "Ugw55f0x7BkrXQTEH1x4AaABAg",
            "reply_content": "\u91d1\u91dd\u83c7\u8b8a\u674f\u9b91\u83c7\u4e86"
        },
        {
            "reply_id": "Ugzhd-1u4GgVn67u3uF4AaABAg",
            "reply_content": "\u5357\u97d3\u7e3d\u7d71\u7f75\u7f8e\u570b\u570b\u6703\u5154\u5d3d\u5b50\uff0c\u8acb\u554f\u91d1\u91dd\u83c7\u6709\u4f55\u770b\u6cd5"
        },
        {
            "reply_id": "Ugxo0vTDLFtiB7aruRN4AaABAg",
            "reply_content": "\u9000\u8a02"
        },
        {
            "reply_id": "UgwLBAro1MtYSYvjMPB4AaABAg",
            "reply_content": "\u91d1\u91dd\u83c7\u6709\u5730\u9707\u8981\u6ce8\u610f\u5b89\u5168"
        },
        {
            "reply_id": "Ugz3tO8bMGNwrTx5Yhx4AaABAg",
            "reply_content": "\u8521\u54e5\u6599\u7406\u7684\u98df\u7269\u662f\u751a\u9ebc?\u9ec3\u8272\u88dd\u4e0d\u4e0b\u76e4\u5b50\u7684\u90a3\u500b"
        },
        {
            "reply_id": "UgxLrKXaYR66ZCV9xzN4AaABAg",
            "reply_content": "\u8521\u54e5\u7684\u5e3d\u5b50\u7b11\u6b7b"
        },
        {
            "reply_id": "UgyTQKvQ5PJh_iIFNcR4AaABAg",
            "reply_content": "\u9ad8\u9e97\u68d2\u5b50\u771f\u4f4e\u7d1a"
        },
        {
            "reply_id": "UgyhRbbJ5gu9hdCnEkx4AaABAg",
            "reply_content": "\u963f\u5713\u5df2\u7d93\u4e0d\u5728\u540c\u4e00\u5708\u55ce"
        },
        {
            "reply_id": "UgwzDJy0oP1U5mfNuPx4AaABAg",
            "reply_content": "\u53ef\u6190\u54ea"
        },
        {
            "reply_id": "UgyY1xBw5CSM_Vig_IZ4AaABAg",
            "reply_content": "\u611f\u89ba\u677e\u7247\u5f88\u50cf\u53f0\u7063\u751c\u7684\u8349\u4ed4\u7cbf"
        },
        {
            "reply_id": "UgwrpWi0asmgY6YI3yN4AaABAg",
            "reply_content": "\u6797\u5ba3\u7a7f\u97d3\u670d\u7f8e\u7f8e\u7684"
        },
        {
            "reply_id": "UgzVe6A8vvBZZ_yYqap4AaABAg",
            "reply_content": "\u6797\u8431\u7a7f\u97d3\u670d\u5f88\u53ef\u611b\u8036"
        },
        {
            "reply_id": "UgzbDkYsCaxjEb0WY0h4AaABAg",
            "reply_content": "\u677e\u7247\u771f\u7684\u5f88\u597d\u5403 \u4ee5\u524d\u5728\u97d3\u570b\u7559\u5b78\u6bcf\u4e00\u5169\u5468\u90fd\u6703\u8dd1\u53bb\u5e02\u5834\u8cb7\u4e00\u76d2\u56de\u5bb6\u5403"
        },
        {
            "reply_id": "UgxiotXFlnO4vOokgTZ4AaABAg",
            "reply_content": "\u611f\u89ba\u5f88\u5c08\u696d"
        },
        {
            "reply_id": "UgwoJNvQOU1Kv5hFrVd4AaABAg",
            "reply_content": "\u8521\u54e5\u4e00\u81c9\u60f3\u7761"
        },
        {
            "reply_id": "UgxOhshx21JVQf516zl4AaABAg",
            "reply_content": "\u5982\u679c\u6709\u770b\u9084\u9b42\u5c31\u77e5\u9053\u539f\u4f86\u90a3\u500b\u5c31\u662f\u85e5\u679c\u5440"
        },
        {
            "reply_id": "Ugzg9MJ0uqVT919pR8R4AaABAg",
            "reply_content": "\u597d\u5947\u7fbd\u7403\u968a\u600e\u9ebc\u7f3a\u963f\u5713"
        },
        {
            "reply_id": "UgwsiZfknQ8qL6XDw314AaABAg",
            "reply_content": "\u9019\u500b\u597d\u50cf\u62dc\u62dc\u7684\u91d1\u7ae5\u7389\u5973"
        },
        {
            "reply_id": "UgzX3iCpYbvDtFrfNFt4AaABAg",
            "reply_content": "\u677e\u7247\u8ddf\u53f0\u7063\u7684\u8349\u4ed4\u7cd5\u5f88\u50cf"
        },
        {
            "reply_id": "UgxvBQ9urUwr46dXvOh4AaABAg",
            "reply_content": "\u5e0c\u671b\u628a\u505a\u5f71\u7247\u7684\u7528\u5fc3\u7528\u5728\u505a\u806f\u540d\u98df\u54c1\u4e0a"
        },
        {
            "reply_id": "UgyPLA5xPU9MHhvhg5l4AaABAg",
            "reply_content": "\u677e\u7247\u9577\u5f97\u5f88\u50cf\u6709\u984f\u8272\u7684\u6c34\u6676\u9903"
        },
        {
            "reply_id": "UgwaMAW16k5klCmg7_t4AaABAg",
            "reply_content": "\u679c\u7136\u70d9\u8cfd\u6700\u597d\u7b11"
        }
    ]
}