{
    "video_info": {
        "id": "3DFnPUlbrKc",
        "channelTitle": "\u97d3\u52fe\u311f\u91d1\u91dd\u83c7 \ucc10\uca50\uafb8",
        "title": "\u97d3\u570b\u91d1\u5305\u4e00\u8258\u8239\u9996\u6b21\u9ad4\u9a57\u300c\u53f0\u7063\u591c\u91e3\u300d..\ud83c\uddf9\ud83c\uddfc\u80fd\u9806\u5229\u91e3\u5230\u9b5a\u81ea\u7acb\u81ea\u5f37\u55ce\uff1f\ud83d\ude31 \uff5c\u97d3\u52fe\u311f\u91d1\u91dd\u83c7 \ucc10\uca50\uafb8",
        "description": "\u548c\u6211\u7684\u97d3\u570b\u597d\u53cb\uff08\uff1f\uff09Samsung\u4e00\u8d77\u51fa\u904a\n\u9996\u6b21\u591c\u91e3\u6bd4\u60f3\u50cf\u4e2d\u96e3\u54c8\u54c8\u54c8\u54c8\u54c8\u4f46\u883b\u597d\u73a9\u7684 \n\u4e0b\u6b21\u8981\u91e3\u5230\u66f4\u591a\u96bb\u9b5a\uff01\uff01\uff01\n\nGalaxy S23 Ultra \u591c\u62cd\u771f\u7684\u597d\u5f37\u5927\uff01\u4ee5\u5f8c\u4e0d\u6015\u591a\u665a\u80fd\u62cd\u51fa\u53b2\u5bb3\u7684\u7167\u7247\u4e86\uff01\n\n\u73fe\u5728\u8cfc\u6a5f\u767b\u9304\u518d\u9001\u8c6a\u79ae\uff1a\nhttps://galaxys23-promotion-event.twsamsungcampaign.com\n\n#GalaxyS23Ultra\n#\u73a9\u51fa\u661f\u7cbe\u5f69\n#SharetheEpic\n\n\n\u5e0c\u671b\u4f60\u5011\u559c\u6b61\u9019\u90e8\u5f71\u7247\n\u559c\u6b61\u5e6b\u6211\u8a02\u95b1\u6309\u8b9a\u5206\u4eab \u8a18\u5f97\u958b\u555f\u5c0f\u9234\u943a\u6536\u53d6\u65b0\u7247\u901a\u77e5\u5594\uff01\n\n\uff3f\uff3f\uff3f\uff3f\uff3f\uff3f\uff3f\uff3f\uff3f\uff3f\uff3f\uff3f\uff3f\uff3f\uff3f\uff3f\uff3f\uff3f\uff3f\uff3f\uff3f\n\n\u2b50\ufe0f\u91d1\u91dd\u83c7\u7684\u97d3\u570b\u7f8e\u98df\u54c1\u724c\uff1ahttps://www.kimkfoods.com\n\u2b50\ufe0f\u91d1\u5bb6\u311f\u5e03\u5e33\u99ac\u8eca\uff1ahttps://www.facebook.com/groups/2297603990535075/\n\u2b50\ufe0f\u91d1\u91dd\u83c7\u7684\u7c89\u5c08: https://www.facebook.com/Koreajinzhengu/\n\u2b50\ufe0f\u91d1\u91dd\u83c7\u7684IG: https://www.instagram.com/ggu__kim/\n\u2b50\ufe0f\u5408\u4f5c\u9080\u7d04\u8acb\u6d3dPressPlay\uff1ajinyoungkim@pressplay.cc\n\n\uff3f\uff3f\uff3f\uff3f\uff3f\uff3f\uff3f\uff3f\uff3f\uff3f\uff3f\uff3f\uff3f\uff3f\uff3f\uff3f\uff3f\uff3f\uff3f\uff3f\uff3f",
        "likeCount": "11698",
        "commentCount": "387",
        "viewCount": "535043"
    },
    "comments": [
        {
            "reply_id": "UgznukAH-htBAJjtqsJ4AaABAg",
            "reply_content": "\u83c7\u83c7\u592a\u53ef\u611b\u4e86"
        },
        {
            "reply_id": "UgyBRThPaUBqRS_3Yzx4AaABAg",
            "reply_content": "\u559d\u9ede\u53ef\u6a02\u53ef\u4ee5\u89e3\u6688\u8239"
        },
        {
            "reply_id": "UgzllA40IsFxm6s5Lhp4AaABAg",
            "reply_content": "\u8acb\u554f\u9019\u662f\u5565\u724c\u624b\u6a5f"
        },
        {
            "reply_id": "UgyIyRdwOB6fHJEhFEl4AaABAg",
            "reply_content": "\u611f\u89ba\u767c\u798f\u4e86\u5594"
        },
        {
            "reply_id": "UgxKTObuCmx7MJYBb8R4AaABAg",
            "reply_content": "\u8cfa\u5f88\u5927\u5594"
        },
        {
            "reply_id": "Ugx7Lgesli9UV0C0muN4AaABAg",
            "reply_content": "\u59b3\u771f\u7684\u5f88\u53ef\u611b"
        },
        {
            "reply_id": "Ugx_Tlb7A8hUuhBiYIx4AaABAg",
            "reply_content": "\u6211\u4e5f\u8eba\u4e86\u5169\u500b\u5c0f\u6642"
        },
        {
            "reply_id": "UgzHERiT9j6Wl--8s414AaABAg",
            "reply_content": "\u770b\u4f60\u5728\u8239\u4e0a\u4ecb\u7d39\u624b\u6a5f\u6211\u5c45\u7136\u4e00\u76f4\u5728\u60f3\u624b\u6a5f\u6703\u4e0d\u6703\u6389\u5230\u6d77\u88e1,\u54c8\u54c8"
        },
        {
            "reply_id": "UgweU8eAsMpAM1nztft4AaABAg",
            "reply_content": "\u4e09\u661f\u627e\u4e0a\u9580\u4e86"
        },
        {
            "reply_id": "Ugx77B4PtKuRAXTNNLN4AaABAg",
            "reply_content": "\u4e0d\u5c0f\u5fc3\u8e29\u5230\u87d1\u8782\u5403\u7d20\u7684\u4eba\u90fd\u6703\u96e3\u904e\u4e86\u3000\u66f4\u4f55\u6cc1\u8981\u6211\u53bb\u91e3\u9b5a\u6211\u662f\u4e0d\u53ef\u80fd\u505a\u9019\u7a2e\u4e8b\u7684"
        },
        {
            "reply_id": "UgyOV0Bp6Z8Iz05jaXN4AaABAg",
            "reply_content": "\u5f88\u597d\u4e86 \u6211\u7b2c\u4e00\u6b21\u5750\u8239\u53bb\u96e2\u5cf6\u4e0a\u5cb8\u6642\u9084\u8ddf\u5730\u7403\u63a5\u543b"
        },
        {
            "reply_id": "UgxuJstSmZ5RfULqwjt4AaABAg",
            "reply_content": "\u642d\u8239\u524d\u534a\u5c0f\u6642\u5c31\u8981\u5403\u6688\u8239\u85e5\u4e86\u5566\uff01\u7576\u5929\u4f86\u56de\u4e5f\u592a\u53b2\u5bb3"
        },
        {
            "reply_id": "UgxTFqU36zHP4KZ56aB4AaABAg",
            "reply_content": "\u8239\u9577\u5531\u6b4c\u7b11\u6b7b\u54c8\u54c8\u54c8\u54c8"
        },
        {
            "reply_id": "UgxNg-LudFpyPDhKu894AaABAg",
            "reply_content": "\u982d\u9aee\u593e\u9019\u6a23\u771f\u6f02\u4eae"
        },
        {
            "reply_id": "Ugy7H1oLbsQigKStbOF4AaABAg",
            "reply_content": "\u4f60\u6bd4\u5289\u5728\u77f3\u9084\u6709\u90b0\u54e5\u9084\u8981\u5f37"
        },
        {
            "reply_id": "UgyX7MludU2oBm-TczF4AaABAg",
            "reply_content": "\u9019\u652f\u6709\u9ede\u53b2\u5bb3"
        },
        {
            "reply_id": "UgwBYKe9qOGIZ17MQjN4AaABAg",
            "reply_content": "\u81c9\u5df2\u7d93\u8b8a\u6210\u674f\u9b91\u83c7\u4e86"
        },
        {
            "reply_id": "Ugyugl8--H1qClKDHBp4AaABAg",
            "reply_content": "\u82b1\u5927\u6210\u672c\u62cd\u7247"
        },
        {
            "reply_id": "Ugz1eDIBNbT9H_FJG9V4AaABAg",
            "reply_content": "\u5f88\u68d2\u7684\u8239\u91e3\u9ad4\u9a57"
        },
        {
            "reply_id": "Ugz_MiIHcZkYaxH-LD54AaABAg",
            "reply_content": "\u91d1\u91dd\u83c7\u5c31\u662f\u81ea\u7136\u7684\u53ef\u611b"
        },
        {
            "reply_id": "Ugw3IvgRQvuBFAr0xqp4AaABAg",
            "reply_content": "\u9322\u591a\u591a"
        },
        {
            "reply_id": "UgzIEJR6zivBOZOkNoJ4AaABAg",
            "reply_content": "\u8239\u908a\u62ff\u624b\u6a5f\u90fd\u66ff\u91d1\u91dd\u83c7\u634f\u628a\u51b7\u6c57"
        },
        {
            "reply_id": "UgyrxWarWEwjpdu1IYB4AaABAg",
            "reply_content": "\u91d1\u91dd\u83c7\u7684\u81c9\u600e\u9ebc\u611f\u89ba\u816b\u4e86\u4e00\u500d"
        },
        {
            "reply_id": "Ugyu02GemorOhxT3KaR4AaABAg",
            "reply_content": "\u6709\u4e7e\u7239\u771f\u597d"
        },
        {
            "reply_id": "UgxVEbuwn0TuO2mjyGd4AaABAg",
            "reply_content": "\u97d3\u570b\u91d1\u5305\u9280"
        }
    ]
}