{
    "video_info": {
        "id": "3gdUCY1Nzj4",
        "channelTitle": "\u97d3\u52fe\u311f\u91d1\u91dd\u83c7 \ucc10\uca50\uafb8",
        "title": "\u65e9\u8d77\u503c\u5f97\u55ce\uff1f\u53f0\u53575\u9593\u300c\u7279\u8272\u65e9\u9910\u5e97\u300d\u5403\u64ad\u5de1\u79ae\ud83d\udd25\u5403\u7206\u97d3\u570b\u6c92\u6709\u7684\u53f0\u7063\u65e9\u9910\u3010\u7279\u8272\u65e9\u9910\u7cfb\u5217#2\u3011\uff5c\u97d3\u52fe\u311f\u91d1\u91dd\u83c7 \ucc10\uca50\uafb8",
        "description": "\u5594\u8036 \u9019\u6b21\u53bb\u53f0\u5357\u62cd\u651d \u771f\u6ef4\u8d85\u958b\u5fc3\u2764\ufe0f\u9f41\u5537\n\u6211\u53bb\u904e\u53f0\u5357\u6578\u6b21 \u9019\u6b21\u7adf\u7136\u5403\u5230\u6c92\u6709\u5403\u904e\u7684\u65e9\u9910 \u597d\u9a5a\u8277\u5594\uff01\uff01\n\u4e5f\u597d\u597d\u5403 \u5927\u5bb6\u4e00\u5b9a\u8981\u53bb\u5403\u5403\u770b\u62c9\uff5e\uff5e\n\u4e5f\u5f88\u611f\u8b1d\u97d3\u570b\u670b\u53cb \u4e09\u661fGalaxy Z Flip3 5G \u5e6b\u6211\u7d00\u9304\u597d\u591a\u53ef\u611b\u7684\u7167\u7247\n\uff08\u6bd4\u500b\u4e94\u5c31\u80fd\u81ea\u62cd\uff0c\u662f\u4e0d\u662f\u8d85\u53ef\u611b\uff09\u2764\ufe0f\n\u4e0d\u53ea\u8f15\u5de7\u597d\u6536\u7d0d\uff0c\u53c8\u65b9\u4fbf\u651c\u5e36\uff01\n1.9\u540b\u7684\u5c01\u9762\u87a2\u5e55\u9084\u6709\u5feb\u624b\u6307\u4ee4\u529f\u80fd\uff0c\u8b93\u6211\u96a8\u6642\u67e5\u770b\u901a\u77e5\uff5e\n\u4fbf\u5229\u64cd\u4f5c\uff0c\u4e0d\u53ea\u597d\u7528\uff0c\u6642\u9ae6\u53c8\u53ef\u611b \u63a8\u85a6\u7d66\u5404\u4f4d\u5566\uff01\uff01\n\nGalaxy Z Flip3 5G \u751c\u871c\u50f9$30,888\u8d77\uff0c\n11\u6708\u8d77~12/31\u8cfc\u8cb7\u767b\u9304\u5c31\u9001\u77fd\u81a0\u8584\u578b\u80cc\u84cb\u3001\u8a2d\u8a08\u5e2b\u806f\u540d\u6b3e\u6307\u74b0\u5e36\uff08\u4e0d\u6311\u6b3e\uff09\u3001\u7121\u7dda\u9583\u5145\u5145\u96fb\u677f \uff01\n\u4e00\u8d77\u6649\u5347\u5927\u647a\u5b78\u5bb6\ud83d\udc49https://reurl.cc/433aGv\n\n#\u53f0\u7063\u65e9\u9910\n#GalaxyZFlip3\n#\u5927\u647a\u5b78\u5bb6\n#Unfoldyourworld\n #\u842c\u8056\u7bc0 \u5feb\u6a02 #\u53f0\u5357 \n#\u53f0\u5357\u7f8e\u98df #\u53f0\u5357\u725b\u8089\u6e6f #\u53f0\u5357\u65c5\u904a #\u842c\u8056\u7bc0 \u5feb\u6a02\n#\u65e9\u9910\u63a8\u85a6 #\u53f0\u7063\u65e9\u9910\n\u5e0c\u671b\u4f60\u5011\u559c\u6b61\u9019\u90e8\u5f71\u7247\n\u559c\u6b61\u5e6b\u6211\u8a02\u95b1\u6309\u8b9a\u5206\u4eab \u8a18\u5f97\u958b\u555f\u5c0f\u9234\u943a\u6536\u53d6\u65b0\u7247\u901a\u77e5\u5594\uff01\n\n\uff3f\uff3f\uff3f\uff3f\uff3f\uff3f\uff3f\uff3f\uff3f\uff3f\uff3f\uff3f\uff3f\uff3f\uff3f\uff3f\uff3f\uff3f\uff3f\uff3f\uff3f\n\n\u2b50\ufe0f\u91d1\u5bb6\u311f\u5e03\u5e33\u99ac\u8eca\uff1ahttps://www.facebook.com/groups/2297603990535075/\n\u2b50\ufe0f\u91d1\u91dd\u83c7\u7684\u7c89\u5c08: https://www.facebook.com/Koreajinzhengu/\n\u2b50\ufe0f\u91d1\u91dd\u83c7\u7684IG: https://www.instagram.com/ggu__kim/\n\u2b50\ufe0f\u5408\u4f5c\u9080\u7d04\u8acb\u6d3dPressPlay\uff1ajinyoungkim@pressplay.cc\n\n\uff3f\uff3f\uff3f\uff3f\uff3f\uff3f\uff3f\uff3f\uff3f\uff3f\uff3f\uff3f\uff3f\uff3f\uff3f\uff3f\uff3f\uff3f\uff3f\uff3f\uff3f",
        "likeCount": "17604",
        "commentCount": "845",
        "viewCount": "816602"
    },
    "comments": [
        {
            "reply_id": "UgzNYHkykRo9gnvTqr14AaABAg",
            "reply_content": "\u671f\u5f85\u9084\u6709\u53f0\u5357\u7f8e\u98df\u4ecb\u7d39"
        },
        {
            "reply_id": "UgyS4CvXZM1bV2uQe6d4AaABAg",
            "reply_content": "\u63a8\u85a6\u4f60\u53bb\u9e7f\u6e2f\u7f8e\u98df"
        },
        {
            "reply_id": "Ugyh_j68CgHx0Sinmnp4AaABAg",
            "reply_content": "\u59b3\u8a72\u53bb\u82d7\u6817\u9285\u7f85\uff0c\u53bb\u90a3\u901b\u5f88\u591a\u597d\u5403\u59b3\u6703\u559c\u6b61\u7684"
        },
        {
            "reply_id": "Ugz3QLBmAF-6_0OA1KB4AaABAg",
            "reply_content": "\u5efa\u8b70\u4f60\u53e3\u7f69\u4e0d\u8981\u5fd8\u4e86\u6234"
        },
        {
            "reply_id": "UgwiKcAH958wYZSe18d4AaABAg",
            "reply_content": "\u91d1\u91dd\u59d1\u8d85\u53ef\u611b\u7684"
        },
        {
            "reply_id": "Ugwqs-Zmkatgbsrhd0B4AaABAg",
            "reply_content": "\u53f0\u5357\u65b0\u5316\u7684\u714e\u7cbf\u65e9\u9910\u4e5f\u662f\u5f88\u6709\u7279\u8272\u7684\u6b50!\u8ddf\u8089\u7cbf\u53c8\u662f\u4e0d\u4e00\u6a23\u7684\u6771\u897f"
        },
        {
            "reply_id": "UgxNiwFNOyXQE_vTpLN4AaABAg",
            "reply_content": "\u4e0b\u6b21\u6709\u6a5f\u6703\u4f86\u53f0\u5357\uff0c\u518d\u63a8\u85a6\u59b3\u53bb\u5403\u6b63\u6e2f\u53f0\u5357\u4eba\u7684\u65e9\u9910"
        },
        {
            "reply_id": "UgwroKOwO4BP9RHsOT54AaABAg",
            "reply_content": "\u7c89\u6f3f\u86cb\u9905\u5f88\u597d\u5403"
        },
        {
            "reply_id": "UgxzC-7HdUs6hUlc2mp4AaABAg",
            "reply_content": "\u6b63\u6e2f\u53e4\u65e9\u5473\u86cb\u9905\u90fd\u662f\u4f7f\u7528\u7c89\u6f3f.\u53ea\u6709\u5317\u90e8\u5927\u90e8\u5206\u662f\u7528\u9905\u76ae"
        },
        {
            "reply_id": "UgyHyh_Jg73N9MdJpwp4AaABAg",
            "reply_content": "\u5176\u5be6\u4ee5\u524d\u52d9\u8fb2\u7684\u4eba\u5f88\u591a\u90fd\u4e0d\u5403\u725b\u8089"
        },
        {
            "reply_id": "UgyC7ktZVzv-Qnq9nZJ4AaABAg",
            "reply_content": "\u53f0\u5357\u7f8e\u98df\u5c0f\u5403"
        },
        {
            "reply_id": "UgyuKSHtJqxV-Tqbtld4AaABAg",
            "reply_content": "\u53f0\u5357\u65e9\u9910\u5e97"
        },
        {
            "reply_id": "UgzvQ8yLfaelkTOrz-94AaABAg",
            "reply_content": "\u6c34\u6ef4\u5728\u624b\u6a5f\u4e0a\u8d85\u597d\u7b11"
        },
        {
            "reply_id": "UgylqBqgcHseZRzAdOB4AaABAg",
            "reply_content": "\u5f88\u591a\u65e9\u671f\u52d9\u8fb2\u4eba\u5bb6\u662f\u4e0d\u5403\u725b\u7684\u5537\u56e0\u70ba\u725b\u662f\u8015\u7a2e\u7684\u5925\u4f34\uff0c\u9084\u6709\u4e00\u500b\u8aaa\u6cd5\u662f\u56e0\u70ba\u5927\u6982\u4e8c\u4e09\u5341\u5e74\u524d\u81fa\u5357\u63a8\u52d5\u904e\u725b\u8089\u9eb5\u725b\u8089\u6e6f\u7bc0"
        },
        {
            "reply_id": "UgwEAs8VIlKUzx76BN94AaABAg",
            "reply_content": "\u6708\u5e95\u56de\u53f0\u5357\u7acb\u99ac\u5403\u4e00\u6ce2"
        },
        {
            "reply_id": "UgyCLGgJ3cUo6rzlOkZ4AaABAg",
            "reply_content": "\u90a3\u500b\u8089\u7cbf\u5f9e\u5c0f\u5403\u5230\u5927"
        },
        {
            "reply_id": "Ugy7x0R4Z0xz4vMQjOx4AaABAg",
            "reply_content": "\u6f14\u904e\u982d"
        },
        {
            "reply_id": "Ugy1GgmUJ7dmLtg-1CV4AaABAg",
            "reply_content": "\u5176\u5be6\u5c0f\u6642\u5019\u7684\u86cb\u9905\u90fd\u662f\u9019\u7a2e"
        },
        {
            "reply_id": "UgztpoltNqEGd7IPglV4AaABAg",
            "reply_content": "\u6211\u5728\u5b78\u6821\u6c92\u770b\u5230\u91d1\u91dd\u83c7\u55da\u55da\u55da"
        },
        {
            "reply_id": "UgzjZtV_r0oX8VluO8B4AaABAg",
            "reply_content": "\u6298\u758a\u6a5f\u5927\u5bb6\u8981\u6ce8\u610f\u7684\u662f\u6298\u758a\u7dda\u7684\u8010\u7528\u6027\u5341\u5e7e\u5e74\u524d\u6211\u8cb7\u4e86\u597d\u50cf\u662f\u4e09\u661f488\u7684\u6298\u758a\u6a5f\u7528\u5f8c\u4f86\u6bcf\u4e09\u500b\u6708\u5c31\u63db\u4e00\u6b21\u6298\u758a\u7dda\u63db\u5230\u7b2c\u4e09\u6b21\u6642\u4ee3\u7406\u5546\u544a\u8a34\u6211\u8aaa\u4ed6\u5011\u4e0d\u76f8\u4fe1\u54c1\u8cea\u6709\u9019\u6a23\u5dee\u5982\u679c\u9019\u4e00\u6b21\u5728\u516d\u500b\u6708\u5167\u518d\u65b7\u4e86\u4ed6\u5011\u8981\u514d\u8cbb\u5e6b\u6211\u63db\uff0c\u7d50\u679c\u4e5f\u662f\u4e09\u500b\u591a\u6708\u5c31\u53c8\u65b7\u4e86\u90a3\u4e00\u6b21\u5e6b\u6211\u63db\u662f\u771f\u7684\u6c92\u6536\u8cbb\uff0c\u6240\u4ee5\u6211\u73fe\u5728\u807d\u5230\u6298\u758a\u6a5f\u5c31\u5bb3\u6015"
        },
        {
            "reply_id": "UgxfqRgCCMG7735pTU14AaABAg",
            "reply_content": "\u81fa\u5357\u4eba\u96c6\u5408"
        },
        {
            "reply_id": "UgyZCrH3KatblCoCwit4AaABAg",
            "reply_content": "\u53f0\u5357\u7f8e\u98df\u591a"
        },
        {
            "reply_id": "UgxAEGeFdQHYpR5af0Z4AaABAg",
            "reply_content": "\u61c9\u8a72\u50cf\u6d77\u9bae\u714e\u9905\u5427"
        },
        {
            "reply_id": "Ugzbqf9abByjnBA-NGl4AaABAg",
            "reply_content": "\u6211\u5728\u5730\u53f0\u5357\u4eba\u7684\u65e9\u9910\u4e5f\u90fd\u662f\u9019\u5e7e\u7a2e\u5728\u8f2a\u6d41\u5403 \u771f\u7684\u4e0d\u932f"
        },
        {
            "reply_id": "UgwTViDLQ1UEZl46RM14AaABAg",
            "reply_content": "\u6b61\u8fce\u4f86\u53f0\u5357"
        }
    ]
}