{
    "video_info": {
        "id": "3MuU1mmKJ7E",
        "channelTitle": "\u97d3\u52fe\u311f\u91d1\u91dd\u83c7 \ucc10\uca50\uafb8",
        "title": "\u518d\u8acb60\u5e74\u50b3\u7d71\u7406\u9aee\u5e2b\u6f02\u97d3\u570b\u6d41\u884c\u8033\u5708\u67d3\uff01\u6703\u51fa\u8272\u9084\u662f\u51fa\u4e8b\u5462\ud83d\ude28\u9593\u9694\u4e94\u500b\u6708\u7684\u5927\u5192\u96aa\uff01\uff5c\u97d3\u52fe\u311f\u91d1\u91dd\u83c7 \ucc10\uca50\uafb8",
        "description": "\u8b1d\u8b1d\u963f\u4f2f\u5e6b\u6211\u5f04\u982d\u9aee\n\n\ud83c\udf1f\u5049\u7fa4\u7406\u9aee\u5ef3\n\u53f0\u5357\u5e02\u5b89\u5357\u5340\u6d77\u4f43\u8def\u4e00\u6bb5227\u5df713\u865f\n\n#\u53f0\u5357  #\u8033\u5708\u67d3\n#\u526a\u982d\u9aee #\u638f\u8033\u6735\n#\u700f\u6d77\u83c7 #\u97d3\u570b\u6d41\u884c\n#\u53f0\u7063 \u8ffd\u8e64 #\u91d1\u91dd\u83c7 #IG ggu__kim \u770b\u66f4\u591a\u7167\u7247\uff01\n\n\n\u5e0c\u671b\u4f60\u5011\u559c\u6b61\u9019\u90e8\u5f71\u7247\n\u559c\u6b61\u5e6b\u6211\u8a02\u95b1\u6309\u8b9a\u5206\u4eab \u8a18\u5f97\u958b\u555f\u5c0f\u9234\u943a\u6536\u53d6\u65b0\u7247\u901a\u77e5\u5594\uff01\n\n\uff3f\uff3f\uff3f\uff3f\uff3f\uff3f\uff3f\uff3f\uff3f\uff3f\uff3f\uff3f\uff3f\uff3f\uff3f\uff3f\uff3f\uff3f\uff3f\uff3f\uff3f\n\n\u2b50\ufe0f\u91d1\u5bb6\u311f\u5e03\u5e33\u99ac\u8eca\uff1ahttps://www.facebook.com/groups/2297603990535075/\n\u2b50\ufe0f\u91d1\u91dd\u83c7\u7684\u7c89\u5c08: https://www.facebook.com/Koreajinzhengu/\n\u2b50\ufe0f\u91d1\u91dd\u83c7\u7684IG: https://www.instagram.com/ggu__kim/\n\u2b50\ufe0f\u5408\u4f5c\u9080\u7d04\u8acb\u6d3dPressPlay\uff1ajinyoungkim@pressplay.cc\n\n\uff3f\uff3f\uff3f\uff3f\uff3f\uff3f\uff3f\uff3f\uff3f\uff3f\uff3f\uff3f\uff3f\uff3f\uff3f\uff3f\uff3f\uff3f\uff3f\uff3f\uff3f",
        "likeCount": "48971",
        "commentCount": "1978",
        "viewCount": "981241"
    },
    "comments": [
        {
            "reply_id": "Ugy5vqglBMSlQGbkeLd4AaABAg",
            "reply_content": "\u7b11\u4e86"
        },
        {
            "reply_id": "UgyEu24MXZpenzPMnlB4AaABAg",
            "reply_content": "\u6211\u611b\u963f\u516c"
        },
        {
            "reply_id": "Ugy97XotP0hx4QkmeHR4AaABAg",
            "reply_content": "\u700f\u6d77\u5f88\u597d\u770b"
        },
        {
            "reply_id": "UgzneiaKEQYfoRzVbfB4AaABAg",
            "reply_content": "\u554a\u516c\u8a2d\u8a08\u9aee\u578b\u5f88\u6f6e"
        },
        {
            "reply_id": "UgzYkcMwmcjky_5p2RB4AaABAg",
            "reply_content": "\u6211\u4e5f\u60f3\u8d77\u6211\u963f\u516c"
        },
        {
            "reply_id": "Ugw2_GzBvaPBWlyAQxR4AaABAg",
            "reply_content": "\u55da\u55da\u55da\u597d\u611f\u8f2a"
        },
        {
            "reply_id": "Ugywee3rMLB349efdA14AaABAg",
            "reply_content": "\u8d85\u597d\u7b11\u7684"
        },
        {
            "reply_id": "Ugz1_QnXbZZYeIdOZ0F4AaABAg",
            "reply_content": "\u70ba\u4ec0\u9ebc\u97d3\u570b\u5973\u751f\u7528\u611f\u5606\u7684\u8a9e\u6c23\u8b1b\u97d3\u8a9e\u90fd\u6703\u6253\u52d5\u6211\u7684\u5167\u5fc3"
        },
        {
            "reply_id": "Ugxvdm2RZmhNuMLYVmB4AaABAg",
            "reply_content": "\u771f\u6027\u60c5\u7684\u91d1\u91dd\u83c7"
        },
        {
            "reply_id": "UgyTlm80zVZqLj7O9wV4AaABAg",
            "reply_content": "\u7247\u5c3e\u592a\u611f\u4eba\u4e86"
        },
        {
            "reply_id": "UgyvaTgBHaDUNDAfLWh4AaABAg",
            "reply_content": "\u963f\u9c49\u7c89\u53ef\u611b"
        },
        {
            "reply_id": "Ugz9gUyGr1WgEmive3x4AaABAg",
            "reply_content": "\u91d1\u91dd\u83c7\u592a\u53ef\u611b\u60f9"
        },
        {
            "reply_id": "UgwYQ37G5-ocXIXOqZZ4AaABAg",
            "reply_content": "\u91d1\u9999\u83c7\u592a\u8b9a\u5566"
        },
        {
            "reply_id": "Ugy7NychibMkpXsbnod4AaABAg",
            "reply_content": "\u91d1\u83c7\u68d2"
        },
        {
            "reply_id": "UgzUGicIaCLIM73nkRN4AaABAg",
            "reply_content": "\u6703\u4e0d\u6703\u7406\u9aee\u963f\u4f2f\u8b8a\u6210\u5979\u963f\u516c"
        },
        {
            "reply_id": "Ugy8AhMCs8S7-8cgY054AaABAg",
            "reply_content": "\u963f\u59e8\u90a3\u500b\u89aa\u5207\u7684\u7b11\u5bb9\u6211\u7b11\u6b7b"
        },
        {
            "reply_id": "UgxYprrCHRzBUvzk2XJ4AaABAg",
            "reply_content": "\u5e79\u8d85\u7f8e"
        },
        {
            "reply_id": "UgwYbcolTMc0dErcZPh4AaABAg",
            "reply_content": "\u963f\u516c\u4e00\u5b9a\u4e5f\u628a\u59b3\u7576\u505a\u81ea\u5df1\u7684\u5b6b\u5973\u4e00\u6a23\uff0c\u4e0d\u8981\u54ed\u53f0\u7063\u4eba\u90fd\u611b\u4f60"
        },
        {
            "reply_id": "UgyaB3DULcTzJQHNpYB4AaABAg",
            "reply_content": "\u5e72\u561b\u5566\u7a81\u7136\u6700\u540e\u8ba9\u6211\u4e5f\u5927\u7206\u54ed\uff01\u611f\u89c9\u56e0\u4e3a\u81ea\u5df1\u4e00\u4e2a\u4eba\u5728\u6d77\u5916\u7559\u5b66\uff0c\u4e2d\u79cb\u548c\u6625\u8282\u7684\u65f6\u5019\u7ecf\u5e38\u6700\u60f3\u5ff5\u7238\u7238\u5988\u5988\uff0c\u4f46\u662f\u73b0\u5728\u56e0\u4e3a\u75ab\u60c5\u4e0d\u65b9\u4fbf\u56de\u53bb\u6240\u4ee5\u4e00\u822c\u4e5f\u5c31\u6253\u89c6\u9891\u7b80\u77ed\u7684\u804a\u4e00\u804a\uff0c\u545c\u545c\u867d\u7136\u7ecf\u5e38\u8bf4\u6211\u4e00\u4e2a\u4eba\u4e5f\u5f88\u597d\u554a\uff0c\u4f46\u662f\u67d0\u4e9b\u7279\u5b9a\u7684\u65f6\u5019\u8fd8\u662f\u4f1a\u60f3\u4ed6\u4eec\u54ed\u54ed"
        },
        {
            "reply_id": "UgzV1dUel_rI2nB2nnl4AaABAg",
            "reply_content": "\u963f\u4f2f\u592a\u53ef\u611b\u4e86"
        },
        {
            "reply_id": "Ugyc3Zyyxxkt4KSyJtl4AaABAg",
            "reply_content": "\u83c7\u8d85\u6709\u89aa\u5207\u611f"
        },
        {
            "reply_id": "Ugy4QvFzXE92YBWycMR4AaABAg",
            "reply_content": "\u963f\u5317\u5f88\u53ef\u611b"
        },
        {
            "reply_id": "UgyzfrbDgyYPypFhlrN4AaABAg",
            "reply_content": "\u8b9a\u5594"
        },
        {
            "reply_id": "UgzvHUG5_TIbI_Ry0fR4AaABAg",
            "reply_content": "\u5f8c\u9762\u6d0b\u8525\u592a\u5927\u9846\u4e86\u5427\u55da\u55da"
        },
        {
            "reply_id": "UgwJS49OeJDFlDICDel4AaABAg",
            "reply_content": "\u597d\u53ef\u611b\u7684\u963f\u4f2f"
        }
    ]
}