{
    "video_info": {
        "id": "44N61H9vzvY",
        "channelTitle": "\u97d3\u52fe\u311f\u91d1\u91dd\u83c7 \ucc10\uca50\uafb8",
        "title": "\u53f0\u5357\u7406\u9aee\u5e2b\u963f\u4f2f\u9080\u8acb\u97d3\u570b\u91d1\u5403\u300c\u5e74\u672b\u5718\u5713\u98ef\u300d\u6eab\u99a8\u53c8\u5e78\u798f\u7684\u4e00\u5929\u2764\ufe0f\uff5c\u97d3\u52fe\u311f\u91d1\u91dd\u83c7 \ucc10\uca50\uafb8",
        "description": "\u8b1d\u8b1d\u963f\u4f2f\u7684\u9080\u8acb\uff0c\u8b93\u6211\u611f\u53d7\u5230\u53f0\u5357\u7684\u60c5\u2764\ufe0f\u2764\ufe0f\n\u4e0b\u6b21\u518d\u53bb\u627e\u4f60\u5594 \u8981\u5065\u5eb7\uff01\u65b0\u5e74\u5feb\u6a02\n\u4e0b\u79ae\u62dc\u4e0b\u4e00\u96c6\u898b\uff01\n\n\u5e0c\u671b\u4f60\u5011\u559c\u6b61\u9019\u90e8\u5f71\u7247\n\u559c\u6b61\u5e6b\u6211\u8a02\u95b1\u6309\u8b9a\u5206\u4eab \u8a18\u5f97\u958b\u555f\u5c0f\u9234\u943a\u6536\u53d6\u65b0\u7247\u901a\u77e5\u5594\uff01\n\n#\u6b72\u672b\u5718\u5713\u98ef #\u904e\u5e74 #\u5e74\u5e74\u6709\u9918 #\u65b0\u5e74\u5feb\u6a02 #\u97d3\u52fe\u311f\u91d1\u91dd\u83c7\n\uff3f\uff3f\uff3f\uff3f\uff3f\uff3f\uff3f\uff3f\uff3f\uff3f\uff3f\uff3f\uff3f\uff3f\uff3f\uff3f\uff3f\uff3f\uff3f\uff3f\uff3f\n\n\u2b50\ufe0f\u91d1\u5bb6\u311f\u5e03\u5e33\u99ac\u8eca\uff1ahttps://www.facebook.com/groups/2297603990535075/\n\u2b50\ufe0f\u91d1\u91dd\u83c7\u7684\u7c89\u5c08: https://www.facebook.com/Koreajinzhengu/\n\u2b50\ufe0f\u91d1\u91dd\u83c7\u7684IG: https://www.instagram.com/ggu__kim/\n\u2b50\ufe0f\u5408\u4f5c\u9080\u7d04\u8acb\u6d3dPressPlay\uff1ajinyoungkim@pressplay.cc\n\n\uff3f\uff3f\uff3f\uff3f\uff3f\uff3f\uff3f\uff3f\uff3f\uff3f\uff3f\uff3f\uff3f\uff3f\uff3f\uff3f\uff3f\uff3f\uff3f\uff3f\uff3f",
        "likeCount": "24003",
        "commentCount": "843",
        "viewCount": "548205"
    },
    "comments": [
        {
            "reply_id": "UgxQoP-DbN-WXim4wsx4AaABAg",
            "reply_content": "\u90a3\u500b\u64c1\u62b1\u771f\u68d2"
        },
        {
            "reply_id": "Ugx-GJKE-hiqxcDFj-94AaABAg",
            "reply_content": "\u91d1\u91dd\u83c7\u4ec0\u9ebc\u6642\u5019\u9084\u6703\u53bb\u53f0\u5357\u554a\u554a\u554a"
        },
        {
            "reply_id": "UgwtcO-xYC1Q68XTfll4AaABAg",
            "reply_content": "\u9999\u83c7\u771f\u7684\u5f88\u6709\u89aa\u5207\u611f"
        },
        {
            "reply_id": "UgxsNw5S72D5_7XBdrV4AaABAg",
            "reply_content": "\u597d\u611f\u52d5 \u51fa\u793e\u6703\u898b\u8b58\u904e\u4eba\u5fc3\u7684\u9ed1\u6697\u5df2\u7d93\u6c92\u6709\u6253\u958b\u5fc3\u80f8\u8ddf\u5225\u4eba\u4ea4\u670b\u53cb\u7684\u611f\u89ba\u4e86"
        },
        {
            "reply_id": "Ugx2JzJFAutjEWnfMJV4AaABAg",
            "reply_content": "\u597d\u6eab\u99a8"
        },
        {
            "reply_id": "UgxHaVbhaODPB-I5mcx4AaABAg",
            "reply_content": "\u770b\u54ed\u4e86\u5566"
        },
        {
            "reply_id": "Ugys5lFDEKGFlkQ09c14AaABAg",
            "reply_content": "\u8acb\u554f\u6709\u963f\u4f2f\u5e97\u9762\u7684\u5730\u5740\u55ce\u611f\u6069"
        },
        {
            "reply_id": "UgxMcu093uBO-nM9EWh4AaABAg",
            "reply_content": "\u6c92\u6709\u751a\u9ebc\u7279\u5730\u8a2d\u8a08\u7684\u7051\u72d7\u8840\u8216\u6897 \u537b\u8b93\u6211\u904e\u5e74\u770b\u5f97\u5403\u6c99\u62c9\u773c\u6dda\u76f4\u6d41"
        },
        {
            "reply_id": "UgxUIa5PwXkcpzZRgk14AaABAg",
            "reply_content": "\u597d\u559c\u6b61\u91d1\u91dd\u83c7"
        },
        {
            "reply_id": "UgziSjRE0_yLMQhibf94AaABAg",
            "reply_content": "\u5c0f\u59b9\u59b9\u548c\u5c0f\u5f1f\u5f1f\u90fd\u597d\u53ef\u611b"
        },
        {
            "reply_id": "UgxJ5P-BT9fJBbdFJeh4AaABAg",
            "reply_content": "\u597d\u5931\u63a7\u597d\u597d\u7b11\u54c8\u54c8\u54c8\u54c8\u54c8\u54c8"
        },
        {
            "reply_id": "UgyViG6jguBa71uVTRR4AaABAg",
            "reply_content": "\u771f\u7684\u5f88\u611f\u52a8"
        },
        {
            "reply_id": "UgzTuXzo4fxMxrjgnDZ4AaABAg",
            "reply_content": "\u770b\u4e86\u597d\u611f\u52d5"
        },
        {
            "reply_id": "UgxiCXo6cjJWO8V89s94AaABAg",
            "reply_content": "\u6211\u4e5f\u6703\u60f3\u4f60\u9912"
        },
        {
            "reply_id": "UgwCDMkVgfu2pVmesPx4AaABAg",
            "reply_content": "\u770b\u4e86\u597d\u611f\u52d5"
        },
        {
            "reply_id": "UgwO0wDeuS6rDs655q14AaABAg",
            "reply_content": "\u597d\u611f\u4eba"
        },
        {
            "reply_id": "Ugz4zV25CzD9MwTO7CJ4AaABAg",
            "reply_content": "\u53f0\u7063\u4eba\u7684\u4eba\u60c5\u5473\u771f\u7684\u662f\u8d85\u7d1a\u8a87\u5f35\u54c8\u54c8"
        },
        {
            "reply_id": "UgxEozS88P5FDoeI9cl4AaABAg",
            "reply_content": "\u5176\u5be6\u5462\u963f\u4f2f\u60f3\u8981\u8a8d\u59b3\u7576\u5b6b\u5973"
        },
        {
            "reply_id": "UgzGWDXrF1CD5h8NN894AaABAg",
            "reply_content": "\u671f\u5f85\u7b2c\u4e8c\u7d1a"
        },
        {
            "reply_id": "Ugw52HZuH6CrCosEzKx4AaABAg",
            "reply_content": "\u91d1\u91dd\u83c7\u771f\u7684\u662f\u592a\u68d2\u7684\u4e00\u500b\u4eba\u4e86"
        },
        {
            "reply_id": "UgyoCr_xdJbeMZhGZp54AaABAg",
            "reply_content": "\u6211\u5c31\u60f3\u8aaa\u9019\u5730\u9ede\u600e\u90a3\u9ebc\u773c\u719f.\u539f\u4f86\u5728\u6211\u5bb6\u5916\u9762\u7684\u5927\u99ac\u8def\u4e0a"
        },
        {
            "reply_id": "UgxiIo5zbvqx8A3yMmt4AaABAg",
            "reply_content": "\u559c\u6b61"
        },
        {
            "reply_id": "UgxOnpn3Anle9TwrN6l4AaABAg",
            "reply_content": "\u5b6b\u5b50\u5f88\u6709\u79ae\u8c8c\u4e5f"
        },
        {
            "reply_id": "Ugwl_KnRwCezpAVXqgF4AaABAg",
            "reply_content": "\u771f\u7684\u5f88\u50cf\u904e\u5e74\u56de\u5bb6\u8036"
        },
        {
            "reply_id": "Ugx7JzWQ447sTdsf1Y54AaABAg",
            "reply_content": "\u963f\u4f2f\u4e00\u5bb6\u4eba\u597d\u6b61\u6a02\u5537"
        }
    ]
}