{
    "video_info": {
        "id": "4ArzL7C3rEo",
        "channelTitle": "\u97d3\u52fe\u311f\u91d1\u91dd\u83c7 \ucc10\uca50\uafb8",
        "title": "\u5403\u5230\u9019\u4e9b\u8b8a\u80d6\u4e5f\u7121\u61be\ud83d\ude2d\u53f0\u7063\u5403\u4e0d\u5230\u7684\u300c\u6b63\u5b97\u97d3\u570b\u5bb6\u5e38\u83dc\ud83c\uddf0\ud83c\uddf7\u300d\u597d\u5403\u597d\u611f\u52d5....!\u3010\u56de\u97d3\u570b\u7cfb\u5217\ud83c\uddf0\ud83c\uddf75\u3011\uff5c\u97d3\u52fe\u311f\u91d1\u91dd\u83c7 \ucc10\uca50\uafb8",
        "description": "#\u91d1\u91dd\u83c7\u5403\u5230\u8b8a\u674f\u9b91\u83c7 #\u83c7\u5abd\u6599\u7406 #\u97d3\u570b\u5bb6\u5e38\u83dc #\u5403\u64ad\n\n\n\u5e0c\u671b\u4f60\u5011\u559c\u6b61\u9019\u90e8\u5f71\u7247\n\u559c\u6b61\u5e6b\u6211\u8a02\u95b1\u6309\u8b9a\u5206\u4eab \u8a18\u5f97\u958b\u555f\u5c0f\u9234\u943a\u6536\u53d6\u65b0\u7247\u901a\u77e5\u5594\uff01\n\n\uff3f\uff3f\uff3f\uff3f\uff3f\uff3f\uff3f\uff3f\uff3f\uff3f\uff3f\uff3f\uff3f\uff3f\uff3f\uff3f\uff3f\uff3f\uff3f\uff3f\uff3f\n\n\u2b50\ufe0f\u91d1\u91dd\u83c7\u7684\u97d3\u570b\u7f8e\u98df\u54c1\u724c\uff1ahttps://www.kimkfoods.com\n\u2b50\ufe0f\u91d1\u5bb6\u311f\u5e03\u5e33\u99ac\u8eca\uff1ahttps://www.facebook.com/groups/2297603990535075/\n\u2b50\ufe0f\u91d1\u91dd\u83c7\u7684\u7c89\u5c08: https://www.facebook.com/Koreajinzhengu/\n\u2b50\ufe0f\u91d1\u91dd\u83c7\u7684IG: https://www.instagram.com/ggu__kim/\n\u2b50\ufe0f\u5408\u4f5c\u9080\u7d04\u8acb\u6d3dPressPlay\uff1ajinyoungkim@pressplay.cc\n\n\uff3f\uff3f\uff3f\uff3f\uff3f\uff3f\uff3f\uff3f\uff3f\uff3f\uff3f\uff3f\uff3f\uff3f\uff3f\uff3f\uff3f\uff3f\uff3f\uff3f\uff3f",
        "likeCount": "36655",
        "commentCount": "1505",
        "viewCount": "1463888"
    },
    "comments": [
        {
            "reply_id": "UgwhztI9-FRcJAGnijp4AaABAg",
            "reply_content": "\u597d\u61f7\u5ff5\u5abd\u5abd\u5728\u4e16\u6642\u6211\u8aaa\u809a\u5b50\u9913\u5c31\u6703\u71d2\u4e00\u934b\u597d\u83dc\ud83d\ude22"
        },
        {
            "reply_id": "Ugzme4M6JDkriTDywSx4AaABAg",
            "reply_content": "\u771f\u7684\u6211\u4e5f\u89ba\u5f97\u83c7\u5abd\u5f88\u53b2\u5bb3"
        },
        {
            "reply_id": "UgzJiDK8PH98heLhJtV4AaABAg",
            "reply_content": "\u97d3\u59b9\u59b9\u90a3\u9053\u83dc\u771f\u7684\u6709\u90a3\u9ebc\u81ed\u55ce"
        },
        {
            "reply_id": "Ugza8v1qOmEVpFm533B4AaABAg",
            "reply_content": "\u97d3\u570b\u7684\u5bb6\u5e38\u83dc\u770b\u8d77\u4f86\u597d\u597d\u5403"
        },
        {
            "reply_id": "UgwlGRKpHMRmUEpYu2Z4AaABAg",
            "reply_content": "\u6211\u6700\u8fd1\u5c31\u4e00\u76f4\u5728\u60f3\u5230\u5e95\u6211\u628a\u6c34\u9903\u76ae\u62ff\u4f86\u716e\u6e6f\u7684\u7fd2\u6163\u5f9e\u54ea\u88e1\u4f86\u7684\ud83d\ude02\u525b\u597d\u53c8\u91cd\u5237\u9019\u500b\u7cfb\u5217\u7d42\u65bc\u627e\u5230\u4e86\ud83c\udf89"
        },
        {
            "reply_id": "Ugx53hhKVj2-r8Xb9ip4AaABAg",
            "reply_content": "\u597d\u53ef\u611b\u7684\u4e00\u5bb6\u4eba"
        },
        {
            "reply_id": "Ugxr6iDc4AkwgMFQCWR4AaABAg",
            "reply_content": "\u5982\u679c\u6709\u83dc\u55ae\u6211\u5011\u4e5f\u5690\u8a66\u505a\u505a\u770b"
        },
        {
            "reply_id": "UgytxuFBmjjaMZuEraN4AaABAg",
            "reply_content": "\u86e4\u81ed\u8c46\u8150\u771f\u7684\u7206\u5e79\u597d\u5403\u5c24\u5176\u662f\u52a0\u90a3\u500b\u6ce1\u83dc"
        },
        {
            "reply_id": "UgyznfY48nb5GrRxxcJ4AaABAg",
            "reply_content": "\u5abd\u5abd\u597d\u53ef\u611b\u5594"
        },
        {
            "reply_id": "Ugyw94YC3Hztq2oR7Up4AaABAg",
            "reply_content": "\u7576\u97d3\u570b\u5973\u5a7f\u56e0\u8a72\u5f88\u5e78\u798f"
        },
        {
            "reply_id": "UgybYvef6YAASxfvaXx4AaABAg",
            "reply_content": "\u7b2c\u4e00\u9053\u6392\u9aa8\u662f\u725b\u8089\u55ce"
        },
        {
            "reply_id": "Ugx81sxIuRp6bKrMWyB4AaABAg",
            "reply_content": "\u8dea\u6c42\u5abd\u5abd\u7684\u98df\u8b5c"
        },
        {
            "reply_id": "UgwdNmiY9g61v2eTGyh4AaABAg",
            "reply_content": "\u5abd\u5abd\u4f86\u53f0\u7063\u958b\u9910\u5ef3\u4e86\u5566"
        },
        {
            "reply_id": "UgxQCAeeLpUAdm1KTRF4AaABAg",
            "reply_content": "\u59d0\u59d0\u9023\u5403\u6771\u897f\u90fd\u7f8e"
        },
        {
            "reply_id": "UgyB6lwn1WkhtQKLGid4AaABAg",
            "reply_content": "\u8acb\u554f\u97d3\u570b\u4eba\u5403\u8c6c\u8173\u55ce\u8c6c\u8173\u4e5f\u9700\u8981\u5543"
        },
        {
            "reply_id": "UgyhC8bc5ODOpbK8Fil4AaABAg",
            "reply_content": "\u8dea\u6c42\u98df\u8b5c"
        },
        {
            "reply_id": "UgxIwv6vTKiGaaAMV_54AaABAg",
            "reply_content": "\u83c7\u5abd\u8b1b\u8a71\u597d\u6eab\u67d4\u5594"
        },
        {
            "reply_id": "UgzNXxDZ3aZmadgwxt94AaABAg",
            "reply_content": "\u592a\u53ef\u611b\u5566"
        },
        {
            "reply_id": "UgzLtHnJGH_lhEZgaN94AaABAg",
            "reply_content": "\u5abd\u5abd\u7684\u5eda\u85dd\u8ddf\u4e2d\u6587\u90fd\u5f88\u68d2"
        },
        {
            "reply_id": "UgyZ9HiIfKuX5Z43cnN4AaABAg",
            "reply_content": "\u4e8c\u500b\u5152\u5b50\u8981\u6d41\u6dda\u4e86"
        },
        {
            "reply_id": "Ugwg7HbmBAqTjXNC0cR4AaABAg",
            "reply_content": "\u91d1\u91dd\u83c7\u9a6c\u9a6c\u597d\u5f37"
        },
        {
            "reply_id": "UgwgiDDiuEFFRhJK1tF4AaABAg",
            "reply_content": "\u597d\u60f3\u5403\u770b\u770b"
        },
        {
            "reply_id": "UgzG4OJgaOzg3ytbfw54AaABAg",
            "reply_content": "\u5abd\u5abd\u5b78\u7fd2\u771f\u597d"
        },
        {
            "reply_id": "UgzDq9KsyOUvsR67O9N4AaABAg",
            "reply_content": "\u83c7\u5abd\u53ef\u4ee5\u958b\u9910\u5ef3\u4e86"
        },
        {
            "reply_id": "UgzAEw_5ugMvn7heLBR4AaABAg",
            "reply_content": "\u7cd6\u9905\u90a3\u500b\u611f\u89ba\u597d\u597d\u5403\u5594"
        }
    ]
}