{
    "video_info": {
        "id": "4U9S2GioeKo",
        "channelTitle": "\u97d3\u52fe\u311f\u91d1\u91dd\u83c7 \ucc10\uca50\uafb8",
        "title": "\u63a2\u7d22\u65e5\u672c\u5e02\u5834\u7269\u50f9\ud83c\uddef\ud83c\uddf5\u7fbd\u7403\u968a\u5403\u7206\u300c\u7bc9\u5730\u5e02\u5834\u300d\u5404\u7a2e\u6d77\u9bae\u7f8e\u98df\ud83d\udd25\u4e26\u3105\u3127\u3124\u02cb\u53eb\uff01\u4e00\u8def\u5403\u5230\u665a\u4e0a\ud83d\ude02\uff5c\u97d3\u52fe\u311f\u91d1\u91dd\u83c7 \ucc10\uca50\uafb8",
        "description": "#\u7fbd\u7403\u968a #\u65e5\u672c\u65c5\u884c #\u6771\u4eac\n#\u7bc9\u5730\u5e02\u5834 #\u5408\u4f5c\u793e\n\n\u5e0c\u671b\u4f60\u5011\u559c\u6b61\u9019\u90e8\u5f71\u7247\n\u559c\u6b61\u5e6b\u6211\u8a02\u95b1\u6309\u8b9a\u5206\u4eab \u8a18\u5f97\u958b\u555f\u5c0f\u9234\u943a\u6536\u53d6\u65b0\u7247\u901a\u77e5\u5594\uff01\n\n\uff3f\uff3f\uff3f\uff3f\uff3f\uff3f\uff3f\uff3f\uff3f\uff3f\uff3f\uff3f\uff3f\uff3f\uff3f\uff3f\uff3f\uff3f\uff3f\uff3f\uff3f\n\n\u2b50\ufe0f\u91d1\u91dd\u83c7\u7684\u97d3\u570b\u7f8e\u98df\u54c1\u724c\uff1ahttps://www.kimkfoods.com\n\u2b50\ufe0f\u91d1\u5bb6\u311f\u5e03\u5e33\u99ac\u8eca\uff1ahttps://www.facebook.com/groups/2297603990535075/\n\u2b50\ufe0f\u91d1\u91dd\u83c7\u7684\u7c89\u5c08: https://www.facebook.com/Koreajinzhengu/\n\u2b50\ufe0f\u91d1\u91dd\u83c7\u7684IG: https://www.instagram.com/ggu__kim/\n\u2b50\ufe0f\u5408\u4f5c\u9080\u7d04\u8acb\u6d3dPressPlay\uff1ajinyoungkim@pressplay.cc\n\n\uff3f\uff3f\uff3f\uff3f\uff3f\uff3f\uff3f\uff3f\uff3f\uff3f\uff3f\uff3f\uff3f\uff3f\uff3f\uff3f\uff3f\uff3f\uff3f\uff3f\uff3f",
        "likeCount": "12856",
        "commentCount": "312",
        "viewCount": "858619"
    },
    "comments": [
        {
            "reply_id": "UgwENclfys7sTo-0WXp4AaABAg",
            "reply_content": "\u600e\u9ebc\u611f\u89ba\u548c\u725b\u70e4\u5b8c\u5269\u4e09\u5206\u4e4b\u4e00"
        },
        {
            "reply_id": "UgxoxzooG0UVfWYSWXp4AaABAg",
            "reply_content": "\u8521\u54e5\u8ddf\u6797\u5ba3\u5728\u4ea4\u5f80\u55ce"
        },
        {
            "reply_id": "UgyVtPUsG5HQpT66eUZ4AaABAg",
            "reply_content": "\u4e3a\u4ec0\u4e48\u73b0\u5728\u6797\u8431\u6ca1\u8ddf\u5e38\u52c7\u4ed6\u4eec\u4e86\u554a"
        },
        {
            "reply_id": "UgwZu-DRfCnSUaUQ0WR4AaABAg",
            "reply_content": "\u5169\u500b\u6c42\u6200\u611b\u7684\u8a72\u4e0d\u6703\u5c31\u5728\u4e00\u8d77"
        },
        {
            "reply_id": "UgwYaGSOiDhMypSpw0l4AaABAg",
            "reply_content": "\u91d1\u91dd\u83c7\u68d2\u68d2"
        },
        {
            "reply_id": "UgyqhJX4qMp__LPEa6h4AaABAg",
            "reply_content": "\u6797\u8431\u8a72\u6d17\u982d\u4e86"
        },
        {
            "reply_id": "UgwYXTIw7ndj_Nnewo14AaABAg",
            "reply_content": "\u611f\u60c5\u62bd\u5230\u5927\u5409\u7684\u5169\u4f4d\u662f\u4e0d\u662f\u672a\u4f86\u540c\u4e00\u4ef6\u4e8b\u554a"
        },
        {
            "reply_id": "UgwTbDBVLAtudk7NBtB4AaABAg",
            "reply_content": "\u9435\u817f\u4e86\u5427"
        },
        {
            "reply_id": "UgyXeeoUZzIdh1YX4e94AaABAg",
            "reply_content": "\u5409\u5e03\u5409\u5e03"
        },
        {
            "reply_id": "UgxRkco49_IpIlx8Jpl4AaABAg",
            "reply_content": "\u5ffd\u7136\u89ba\u5f97\u65e5\u672c\u4eba\u5c0d\u5f85\u97d3\u570b\u4eba\u548c\u4e2d\u570b\u4eba\u7684\u5dee\u5225\u597d\u5927\u3002"
        },
        {
            "reply_id": "UgwsRqiON_VJYTPdtHx4AaABAg",
            "reply_content": "\u6211\u559c\u6b61\u8521\u54e5\u7684\u4ecb\u7d39\u6bd4\u55bb\u975e\u5e38\u597d\u771f\u662f\u4eba\u4e0d\u53ef\u8c8c\u76f8"
        },
        {
            "reply_id": "Ugzr5zeZMx0x8i21BHF4AaABAg",
            "reply_content": "\u4f60\u5011\u53ef\u80fd\u8981\u6ce8\u610f\u4e00\u4e0b\u97f3\u91cf\u5566\uff01\u53bb\u65e5\u672c\u53eb\u9019\u9ebc\u5927\u8072\u4e0d\u79ae\u8c8c"
        },
        {
            "reply_id": "Ugx8B-5157rZqjbGg1h4AaABAg",
            "reply_content": "\u7fbd\u7403\u968a\u52a0\u5165\u4ecb\u7d39\u66f4\u6d3b\u6f51\u597d\u7b11\u5f88\u6709\u53bb\u770b\u5b8c\u5fc3\u60c5\u8d85\u597d"
        },
        {
            "reply_id": "Ugx9OXcUMU9jMquGj0x4AaABAg",
            "reply_content": "\u8d85\u559c\u6b61\u7fbd\u7403\u968a"
        },
        {
            "reply_id": "UgzjgafsCwOBPpyJAih4AaABAg",
            "reply_content": "\u8521\u54e5\u518d\u8cbc\u5fc3\u9084\u662f\u53ea\u80fd\u7576\u96bb\u55ae\u8eab\u72d7\u54c8\u54c8\u54c8"
        },
        {
            "reply_id": "Ugyx8Z8pi7XQ9xcaqfd4AaABAg",
            "reply_content": "\u807d\u8aaa\u5047\u65e5\u65b0\u7af9\u6709\u4e00\u534a\u7684\u4eba\u53e3\u53bb\u770b\u91d1\u91dd\u83c7\u4e86"
        },
        {
            "reply_id": "Ugw-6Bd91N4mYTknRSx4AaABAg",
            "reply_content": "\u6797\u8431\u7684\u700f\u6d77\u662f\u771f\u7684\u5f88\u72c2"
        },
        {
            "reply_id": "Ugz-aIYjjUorLHhfNjl4AaABAg",
            "reply_content": "\u6797\u8431\u90fd\u4e0d\u80fd\u5403\u597d\u53ef\u6190"
        },
        {
            "reply_id": "Ugy8egZBRx1u7Zgb88V4AaABAg",
            "reply_content": "\u6797\u5ba3\u4f60\u70ba\u4ec0\u9ebc\u4e0d\u6d17\u982d"
        },
        {
            "reply_id": "UgwST_TpMKEsktconZp4AaABAg",
            "reply_content": "\u9047\u5230\u9b5a\u5718\u592a\u5e78\u904b\u4e86\u5427"
        },
        {
            "reply_id": "UgzMRn82O7vd9Jrqecl4AaABAg",
            "reply_content": "\u770b\u4f86\u7fbd\u7403\u968a\u662f\u6642\u5019\u518d\u52df\u96c6\u4e00\u500b\u65e5\u672c\u6210\u54e1\u4e86"
        },
        {
            "reply_id": "UgzpuQSvg8Lrs0Ny9xN4AaABAg",
            "reply_content": "\u53ef\u611b\u7684\u91d1\u91dd\u83c7\u611b\u8001\u864e\u6cb9"
        },
        {
            "reply_id": "Ugz8nWltzPDZlLRfKJV4AaABAg",
            "reply_content": "\u6797\u8431\u7684\u700f\u6d77\u600e\u9ebc\u4e86"
        },
        {
            "reply_id": "UgwtQos0M7AfDlsxgqh4AaABAg",
            "reply_content": "\u5e6b\u4ed6\u5439\u5594"
        },
        {
            "reply_id": "Ugxy5aHcDEpEibN34bp4AaABAg",
            "reply_content": "\u65e5\u672c\u91cd\u8996\u79ae\u8c8c\u4f60\u5011\u7684\u97f3\u91cf\u8981\u63a7\u5236\u4e00\u4e0b"
        }
    ]
}