{
    "video_info": {
        "id": "505GPHirRvA",
        "channelTitle": "\u97d3\u52fe\u311f\u91d1\u91dd\u83c7 \ucc10\uca50\uafb8",
        "title": "\u97d3\u7d9c\u7adf\u7136\u4ecb\u7d39\u300c\u53f0\u7063\u96b1\u85cf\u7f8e\u98df\u300d\uff1f\u9023\u97d3\u570b\u660e\u661f\u4e5f\u8b9a\u5606\u4e0d\u5df2\ud83d\udd25\ud83d\udd25\u767d\u8001\u5e2b\u3001\u795e\u7ae5\u3001\u597d\u5403\u7684\u50a2\u4f19\u5011\uff5c\u97d3\u52fe\u311f\u91d1\u91dd\u83c7 \ucc10\uca50\uafb8",
        "description": "\u5f71\u7247\u4f86\u6e90\n\n\u300a\u8857\u982d\u7f8e\u98df\u9b25\u58eb\u300b_\u767d\u9418\u5143\nhttps://youtu.be/jB9WhZ6tSBo (8:17\u958b\u59cb)\n\n\ud83c\udf1f\u53f0\u5357\u6797\u7121\u523a\u8671\u76ee\u9b5a\uff1a\u65b0\u5317\u5e02\u4e09\u91cd\u5340\u5927\u667a\u8857173\u865f\n \n\ud83c\udf1f\u96de\u6372\u3001\u8a31\u4ed4\u8c6c\u8173\u9eb5\u7dda\uff1a\u53f0\u5317\u5e02\u5927\u540c\u5340\u4fdd\u5b89\u885749\u5df717\u865f\n\n\u300a\u6230\u9b25\u65c5\u884c\u300b_\u795e\u7ae5 \u91d1\u4fe1\u82f1\nhttps://www.youtube.com/watch?v=1--bGBf3MVk&t=436s (4:15\u958b\u59cb)\n\n\ud83c\udf1f\u4e0a\u8d8a\u96d9\u9023\u6d17\u982d\uff1a\u53f0\u5317\u5e02\u4e2d\u5c71\u5340\u6c11\u751f\u897f\u8def46\u865f2\u6a13 \n\n\u300a\u597d\u5403\u7684\u50a2\u5925\u5011\u300b\nhttps://www.youtube.com/watch?v=ih27HQ39fNk \n\n\ud83c\udf1f\u96ea\u738b\u51b0\u6dc7\u6dcb \uff1a\u53f0\u5317\u5e02\u4e2d\u6b63\u5340\u6b66\u660c\u8857\u4e00\u6bb565\u865f2\u6a13\n\n\u300a\u65b0\u54c1\u4e0a\u5e02 \u4fbf\u5229\u9910\u5ef3\u300b_\u674e\u656c\u63c6\n https://www.youtube.com/watch?v=Z-jY1-OvJSQ \uff082:46\u958b\u59cb\uff09\n\n\ud83c\udf1f\u9d28\u8089\u6241\uff1a\u53f0\u5317\u5e02\u842c\u83ef\u5340\u4e2d\u83ef\u8def\u4e00\u6bb598\u4e4b2\u865f\n\n\n\n\n\u5e0c\u671b\u4f60\u5011\u559c\u6b61\u9019\u90e8\u5f71\u7247\n\u559c\u6b61\u5e6b\u6211\u8a02\u95b1\u6309\u8b9a\u5206\u4eab \u8a18\u5f97\u958b\u555f\u5c0f\u9234\u943a\u6536\u53d6\u65b0\u7247\u901a\u77e5\u5594\uff01\n\n\uff3f\uff3f\uff3f\uff3f\uff3f\uff3f\uff3f\uff3f\uff3f\uff3f\uff3f\uff3f\uff3f\uff3f\uff3f\uff3f\uff3f\uff3f\uff3f\uff3f\uff3f\n\n\u2b50\ufe0f\u91d1\u91dd\u83c7\u7684\u97d3\u570b\u7f8e\u98df\u54c1\u724c\uff1ahttps://www.kimkfoods.com\n\u2b50\ufe0f\u91d1\u5bb6\u311f\u5e03\u5e33\u99ac\u8eca\uff1ahttps://www.facebook.com/groups/2297603990535075/\n\u2b50\ufe0f\u91d1\u91dd\u83c7\u7684\u7c89\u5c08: https://www.facebook.com/Koreajinzhengu/\n\u2b50\ufe0f\u91d1\u91dd\u83c7\u7684IG: https://www.instagram.com/ggu__kim/\n\u2b50\ufe0f\u5408\u4f5c\u9080\u7d04\u8acb\u6d3dPressPlay\uff1ajinyoungkim@pressplay.cc\n\n\uff3f\uff3f\uff3f\uff3f\uff3f\uff3f\uff3f\uff3f\uff3f\uff3f\uff3f\uff3f\uff3f\uff3f\uff3f\uff3f\uff3f\uff3f\uff3f\uff3f\uff3f",
        "likeCount": "20379",
        "commentCount": "461",
        "viewCount": "1103379"
    },
    "comments": [
        {
            "reply_id": "UgyRyJ3tlZXkUykduPd4AaABAg",
            "reply_content": "\u91d1\u91dd\u83c7\u597d\u7f8e"
        },
        {
            "reply_id": "Ugw0wdkWArECXrYjtS14AaABAg",
            "reply_content": "\u65b0\u54c1\u4e0a\u5e02\u4fbf\u5229\u9910\u5ef3\u6211\u633a\u559c\u6b61\u770b\u7684"
        },
        {
            "reply_id": "UgzXvEm0UEowvKpHHGB4AaABAg",
            "reply_content": "\u59b3\u5f88\u68d2\u5594"
        },
        {
            "reply_id": "UgwZm2tQlRlvqVQ2AdF4AaABAg",
            "reply_content": "\u559c\u6b61\u91cd\u53e3\u5473\u8981\u4f86\u53f0\u5357"
        },
        {
            "reply_id": "UgwQQAtlLPpW6sI4PZF4AaABAg",
            "reply_content": "\u6700\u65e9\u662f\u5f9e\u5b9c\u862d\u958b\u59cb\u8ce3\u7684\u96de\u6372"
        },
        {
            "reply_id": "UgzvBMlYC6QvTrDBfxZ4AaABAg",
            "reply_content": "\u97d3\u7efc\u548c\u767d\u8001\u5e2b\u771f\u662f\u5df7\u4ed4\u5167\u61c2\u5f97\u96b1\u85cf\u7f8e\u98df\uff0c\u6d17\u51b2\u5929\u7684\u9aee\u548c\u96ea\u738b\u51b0\u6dc7\u6dcb\u4e5f\u597d\u7b11"
        },
        {
            "reply_id": "Ugzpf3I51dJpf2O5xU94AaABAg",
            "reply_content": "\u5916\u570b\u670b\u53cb\u4e0d\u7528\u9078\u5148\u5e36\u53bb\u767e\u5143\u71b1\u7092\u5c31\u5c0d\u4e86,\u9084\u53ef\u4ee5\u77e5\u9053\u4ed6\u504f\u597d\u4ec0\u9ebc\u53e3\u5473\u8207\u98df\u7269"
        },
        {
            "reply_id": "UgwLzmrk7bQyjg_aeOB4AaABAg",
            "reply_content": "\u674e\u656c\u63c6\u771f\u6b63\u9a5a\u5606\u7684\u662f\u5ea6\u5c0f\u6708\u7684\u64d4\u4ed4\u9eb5\uff0c\u4ed6\u8aaa\u90a3\u662f\u97d3\u570b\u6c92\u6709\u7684\u5473\u9053\uff0c\u770b\u756b\u9762\u5c31\u80fd\u611f\u89ba\u6bd4\u9d28\u8089\u6241\u66f4\u559c\u6b61"
        },
        {
            "reply_id": "UgxRBLqxWtGCcUI8spt4AaABAg",
            "reply_content": "\u8eab\u70ba\u8cc7\u6df1\u53f0\u7063\u9eb5\u7dda\u611b\u597d\u8005\uff0c\u963f\u5b97\u9eb5\u7dda\u6211\u4e5f\u4e0d\u884c"
        },
        {
            "reply_id": "Ugywc1ssj3wvcI1cyFR4AaABAg",
            "reply_content": "\u9b5a\u8178\u8981\u6574\u4ed8\u9b5a\u8178\u5165\u53e3\u9019\u6a23\u5b50\u624d\u723d\u5feb"
        },
        {
            "reply_id": "UgyyA0_IyZe_gprZrPB4AaABAg",
            "reply_content": "\u6211\u53bb\u904e\u53f0\u5357"
        },
        {
            "reply_id": "Ugw7Jx3UEgjKKF68VDF4AaABAg",
            "reply_content": "\u963f\u5b97\u9eb5\u7dda\u662f\u8ce3\u7d66\u89c0\u5149\u5ba2\u7684\u5c0f\u5403\u6599\u7406\uff0c\u5728\u5730\u4eba\u90fd\u6709\u81ea\u5df1\u7684\u53e3\u888b\u540d\u55ae\u662f\u5f88\u5c11\u6703\u53bb\u5403\u963f\u5b97\u7684\uff0c\u6211\u90fd\u53bb\u5403\u677f\u6a4b\u7684\u6cb9\u5eab\u53e3\u9eb5\u7dda"
        },
        {
            "reply_id": "UgzaTUmK6Pc68hgh5YF4AaABAg",
            "reply_content": "\u8cb4"
        },
        {
            "reply_id": "Ugwl6gaWZv41n9oGGDJ4AaABAg",
            "reply_content": "\u51b0\u6dc7\u6dcb\u771f\u7684\u597d\u7279\u5225"
        },
        {
            "reply_id": "Ugwus886CVeM9LAsjFN4AaABAg",
            "reply_content": "\u6211\u7684\u5973\u795e\u91d1\u91dd\u83c7\u5403\u7f8e\u98df"
        },
        {
            "reply_id": "UgxJcDjMaATNN6VOdiZ4AaABAg",
            "reply_content": "\u6211\u7684\u963f\u5b24\u5bb6\u5728\u9644\u8fd1\u6b38\n\u600e\u9ebc\u4e0d\u8b93\u6211\u9047\u5230\u91d1\u91dd\u83c7\u4e2b"
        },
        {
            "reply_id": "UgwRzoVY_1mtSXtOWBZ4AaABAg",
            "reply_content": "\u9b5a\u8178\u7528\u4e7e\u714e\u7684\u8d85\u7d1a\u7121\u6575\u597d\u5403"
        },
        {
            "reply_id": "UgwbVJOjcUV5QxAL94Z4AaABAg",
            "reply_content": "\u8292\u679c\u56de\u4f86\u4e86\u8292\u679c\u56de\u4f86\u4e86\u5408\u9ad4\u5408\u9ad4"
        },
        {
            "reply_id": "UgykVW7VPgzSQUJ5Max4AaABAg",
            "reply_content": "\u8d8a\u4f86\u8d8a\u6f02\u4eae\u4e86"
        },
        {
            "reply_id": "UgzugKfzk9OWn6S2FZd4AaABAg",
            "reply_content": "\u96ea\u738b\u7684\u8702\u871c\u8ddf\u6842\u5713\u53e3\u5473\u4e5f\u5f88\u597d\u5403"
        },
        {
            "reply_id": "UgzwMblBmhv-NsjKjcx4AaABAg",
            "reply_content": "\u7b49\u81fa\u7063\u5f88\u4e45\u4e86"
        },
        {
            "reply_id": "Ugy4gyVTZ9FhV12s5wt4AaABAg",
            "reply_content": "\u662f\u500b\u53f0\u5317\u4eba\u4ee5\u4e0a\u5b8c\u5168\u90fd\u4e0d\u77e5\u9053 \u4e0b\u6b21\u53ef\u4ee5\u53bb\u8a66\u8a66\u4e86\u54c8\u54c8\u54c8"
        },
        {
            "reply_id": "UgyDMZbWmwU6eC2ImJp4AaABAg",
            "reply_content": "\u51fa\u66f8"
        },
        {
            "reply_id": "Ugxq7cp9k3s6PCm6KEd4AaABAg",
            "reply_content": "\u5230\u4e09\u91cd\u8981\u5403\u9eb5\u7dda\u9f8d\u8cd3\u8def\u7684\u4e09\u8f2a\u8eca\u9eb5\u7dda\u88e1\u9762\u5927\u8178\u5f88\u597d\u5403"
        },
        {
            "reply_id": "Ugx7y68sbz5srNkj_Px4AaABAg",
            "reply_content": "\u770b\u4f86\u8d70\u9418\u734e\u7684\u9aee\u578b\u9020\u578b\u78ba\u8a8d\u4e86\uff0c\u4e00\u5b9a\u80fd\u9a5a\u8277\u5168\u5834\u7684"
        }
    ]
}