{
    "video_info": {
        "id": "5WCxodb1k50",
        "channelTitle": "\u97d3\u52fe\u311f\u91d1\u91dd\u83c7 \ucc10\uca50\uafb8",
        "title": "\u8d85\u4f4e\u7269\u50f9\u53c8\u9053\u5730\ud83d\udd25\u5403\u7206\u300c\u97d3\u570b\u50b3\u7d71\u5e02\u5834\u5c0f\u5403\u300d\u97d3\u570b\u5bb6\u5ead\u5403\u4ec0\u9ebcVLOG\ud83e\udd24\uff5c\u97d3\u52fe\u311f\u91d1\u91dd\u83c7 \ucc10\uca50\uafb8",
        "description": "-\u9748\u6cc9\u5e02\u5834 \uc601\ucc9c\uc2dc\uc7a5 (Yeongcheon Traditional Market)\n56 Yeongcheonsijang-gil, Seodaemun-gu, Seoul, \u5357\u97d3\n\n-\u671b\u9060\u5e02\u5834 \ub9dd\uc6d0\uc2dc\uc7a5 (mangwon market)\n27 Poeun-ro 6-gil, Mapo-gu, Seoul, \u5357\u97d3\n\n-\u9752\u74e6\u53f0\u9810\u7d04\u8cc7\u8a0a\uff1ahttps://www.creatrip.com/blog/12736\n#\u91d1\u91dd\u83c7\u56de\u97d3\u570b\u7cfb\u5217 #\u97d3\u570b\u50b3\u7d71\u5e02\u5834\u7f8e\u98df #\u97d3\u570b\u5e02\u5834 #\u97d3\u570b\u5c0f\u5403\n\n\n\u5e0c\u671b\u4f60\u5011\u559c\u6b61\u9019\u90e8\u5f71\u7247\n\u559c\u6b61\u5e6b\u6211\u8a02\u95b1\u6309\u8b9a\u5206\u4eab \u8a18\u5f97\u958b\u555f\u5c0f\u9234\u943a\u6536\u53d6\u65b0\u7247\u901a\u77e5\u5594\uff01\n\n\uff3f\uff3f\uff3f\uff3f\uff3f\uff3f\uff3f\uff3f\uff3f\uff3f\uff3f\uff3f\uff3f\uff3f\uff3f\uff3f\uff3f\uff3f\uff3f\uff3f\uff3f\n\n\u2b50\ufe0f\u91d1\u91dd\u83c7\u7684\u97d3\u570b\u7f8e\u98df\u54c1\u724c\uff1ahttps://www.kimkfoods.com\n\u2b50\ufe0f\u91d1\u5bb6\u311f\u5e03\u5e33\u99ac\u8eca\uff1ahttps://www.facebook.com/groups/2297603990535075/\n\u2b50\ufe0f\u91d1\u91dd\u83c7\u7684\u7c89\u5c08: https://www.facebook.com/Koreajinzhengu/\n\u2b50\ufe0f\u91d1\u91dd\u83c7\u7684IG: https://www.instagram.com/ggu__kim/\n\u2b50\ufe0f\u5408\u4f5c\u9080\u7d04\u8acb\u6d3dPressPlay\uff1ajinyoungkim@pressplay.cc\n\n\uff3f\uff3f\uff3f\uff3f\uff3f\uff3f\uff3f\uff3f\uff3f\uff3f\uff3f\uff3f\uff3f\uff3f\uff3f\uff3f\uff3f\uff3f\uff3f\uff3f\uff3f",
        "likeCount": "22750",
        "commentCount": "776",
        "viewCount": "1324957"
    },
    "comments": [
        {
            "reply_id": "Ugxkt-i3nu9716948qZ4AaABAg",
            "reply_content": "\u53f0\u7063\u4e5f\u6709\u8edf\u67ff\u5594"
        },
        {
            "reply_id": "UgwPHeMSww-OjFUbnuF4AaABAg",
            "reply_content": "\u83c7\u83c7\u5982\u679c\u4e0d\u6703\u97d3\u8a9e\u662f\u4e0d\u662f\u5f88\u96e3\u901b\u9019\u7a2e\u5e02\u5834\u5566"
        },
        {
            "reply_id": "Ugygg0LAlneY0_5Auxx4AaABAg",
            "reply_content": "\u8863\u670d\u597d\u578b"
        },
        {
            "reply_id": "UgxI9Zr164BzciubH6p4AaABAg",
            "reply_content": "\u597d\u559c\u6b61\u9019\u7a2e\u5168\u5bb6\u4e00\u8d77\u62cd\u7684\u6eab\u6696\u6c1b\u570d"
        },
        {
            "reply_id": "Ugyg24MEpqwkLIADonh4AaABAg",
            "reply_content": "\u4e0d\u8981\u5403\u5b8c\u8783\u87f9\u518d\u5403\u67ff\u5b50\u5566"
        },
        {
            "reply_id": "UgyjK2hEdAWdemEFH0x4AaABAg",
            "reply_content": "\u773c\u775b\u6709\u50cf \u5f9e\u59b3\u7684\u96d9\u773c\u770b\u53ef\u4ee5\u770b\u51fa\u59b3\u78ba\u5be6\u662f\u59b3\u7236\u89aa\u7684\u5973\u5152"
        },
        {
            "reply_id": "Ugwv7QcOg8sTaJshQdN4AaABAg",
            "reply_content": "\u6d77\u9bae\u914d\u98fe\u5b50\u6703\u98df\u7269\u4e2d\u6bd2\u5427"
        },
        {
            "reply_id": "UgxoOGlFb_GXXZDorPN4AaABAg",
            "reply_content": "\u60f3\u770b\u6709\u95dc\u7a7f\u97d3\u670d\u7684\u5f71\u7247"
        },
        {
            "reply_id": "UgzeLYnPVp2XjrdZuBp4AaABAg",
            "reply_content": "\u5abd\u5abd\u592a\u5f37\u4e86"
        },
        {
            "reply_id": "UgzVIZRnGGlght8BOJN4AaABAg",
            "reply_content": "\u5f88\u7f8e\u9e97\u7684\u98a8\u666f\u8ddf\u4eba"
        },
        {
            "reply_id": "UgzhM0EKTSMwk4mqgqJ4AaABAg",
            "reply_content": "\u597d\u60f3\u53bb\u73a9\u5594"
        },
        {
            "reply_id": "UgyzQeviAN6G4LfLz8V4AaABAg",
            "reply_content": "\u53ef\u4ee5\u5e36\u5979\u53bb\u5947\u7f8e\u535a\u7269\u9928\u5594\uff0c\u771f\u7684\u662f\u500b\u5927\u63a8\u7684\u53f0\u5357\u65c5\u904a\u5730\u9ede"
        },
        {
            "reply_id": "UgzZxUldv28N4cixubl4AaABAg",
            "reply_content": "\u76f8\u8f03\u4e4b\u4e0b\u53f0\u7063\u7269\u50f9\u6bd4\u97d3\u570b\u9ad8\u5f88\u591a\u4f46\u85aa\u6c34\u78ba\u4f4e\u5f88\u591a\uff0c\u53ef\u6190\u554a"
        },
        {
            "reply_id": "UgyaCv_MBg2iDtPHiDF4AaABAg",
            "reply_content": "\u59ca\u59ca\u597d\u6b63"
        },
        {
            "reply_id": "Ugx2Y0DFo2xy6C19qtZ4AaABAg",
            "reply_content": "\u91d1\u91dd\u83c7\u8b1b\u6c99\u742a\u746a\u6642\u5019\u597d\u53ef\u611b"
        },
        {
            "reply_id": "UgzhP8HO_fRE8k9lj4V4AaABAg",
            "reply_content": "\u97d3\u570b\u7269\u50f9\u6bd4\u53f0\u7063\u4fbf\u5b9c"
        },
        {
            "reply_id": "UgwtZxo5jvc8kT5GgvZ4AaABAg",
            "reply_content": "\u770b\u4e86\u97d3\u570b\u6599\u7406\u597d\u60f3\u5403"
        },
        {
            "reply_id": "UgzUbgJYUJQCeR4VfRF4AaABAg",
            "reply_content": "\u91d1\u91dd\u83c7\u7684\u59d0\u59d0\u597d\u6f02\u4eae"
        },
        {
            "reply_id": "UgxGcUrGGyYEGPNT-kN4AaABAg",
            "reply_content": "\u59d0\u59d0\u597d\u6f02\u4eae"
        },
        {
            "reply_id": "UgywtvyEo62DMH3WYVp4AaABAg",
            "reply_content": "\u982d\u9aee\u597d\u7f8e\u554a\u554a"
        },
        {
            "reply_id": "UgzpiIhicCG06yl-2Qp4AaABAg",
            "reply_content": "\u7c89\u7d72\u90fd\u6d41\u53e3\u6c34\u4e86\u5566"
        },
        {
            "reply_id": "UgxuCSH-WNaINkBSAjt4AaABAg",
            "reply_content": "\u5fc5\u5403\u91ac\u87f9"
        },
        {
            "reply_id": "UgwyCbTwpIKwgw4kWmR4AaABAg",
            "reply_content": "\u81c9\u8b8a\u5712\u6f64\u4e86"
        },
        {
            "reply_id": "UgzAkKnXND1zaPZV6qJ4AaABAg",
            "reply_content": "\u9752\u74e6\u53f0\u73fe\u5728\u624d\u958b\u653e\u592a\u53ef\u60dc,\u89ba\u5f97\u90a3\u9644\u8fd1\u7684\u666f\u8272\u597d\u6f02\u4eae\u554a"
        },
        {
            "reply_id": "UgyP6UjRfzDNYze1RtZ4AaABAg",
            "reply_content": "\u54e5\u54e5\u5f1f\u5f1f\u5728\u6572\u6253\u87a2\u5e55\u4e86\u5566"
        }
    ]
}