{
    "video_info": {
        "id": "6JSYOotVSO8",
        "channelTitle": "\u97d3\u52fe\u311f\u91d1\u91dd\u83c7 \ucc10\uca50\uafb8",
        "title": "2021\u6c92\u56de\u5bb6\u9760\u53f0\u7063\u7b2c\u4e8c\u500b\u5bb6\u4eba\u904e\u8056\u8a95\uff01\u6700\u4e86\u89e3\u91d1\u91dd\u83c7\u7684\u4eba\u662f\uff1f\u8056\u8a95\u4ea4\u63db\u79ae\u7269\u73a9\u8d77\u4f86\ud83d\udd25\uff5c\u97d3\u52fe\u311f\u91d1\u91dd\u83c7 \ucc10\uca50\uafb8",
        "description": "2021\u5e74\u8981\u7d50\u675f\u4e86\n\u56de\u982d\u770b \u6709\u597d\u591a\u611f\u6fc0\u7684\u4e8b\u60c5\ud83e\udd7a\ud83d\ude4c\n\u4e5f\u8b1d\u8b1d\u4f60\u5011\u4e00\u76f4\u770b\u8457\u6211\u7684\u5f71\u7247\n\n\u9019\u6b21\u8ddf\u5de5\u4f5c\u5925\u4f34\u5011\u4e00\u8d77\u805a\u9910\u597d\u958b\u5fc3\uff5e\n\u5927\u5bb6 #\u8056\u8a95\u7bc0\u5feb\u6a02 \u9084\u6709 #\u65b0\u5e74\u5feb\u6a02  \u5e0c\u671b\u660e\u5e74\u4e5f\u5065\u5eb7\u842c\u4e8b\u5982\u610f\u5440\u5440\uff01\n\n\u4e5f\u611f\u8b1d\u8212\u9178\u5b9a\u7684\u8d0a\u52a9\u8b93\u6211\u5011\u5403\u98fd\u98fd\uff01\n\u807d\u8aaa\u73fe\u5728\u5728MOMO\u4e5f\u6709\u512a\u60e0\u6d3b\u52d5\uff0c\u6709\u8208\u8da3\u53ef\u4ee5\u5230\u9023\u7d50\u53c3\u8003\u5537\uff01\nhttps://bit.ly/3cH9FY3\n\n#\u76e1\u4eab\u597d\u98df\u5149\u654f\u611f\u5225\u4f86\u4e82 #\u7259\u91ab\u5e2b\u63a8\u85a6\u54c1\u724c #\u8212\u9178\u5b9a #\u6297\u654f\u611f\u7259\u818f #\u654f\u611f\u6027\u7259\u9f52\n\n*\u914d\u5408\u6b63\u78ba\u5237\u7259\u7fd2\u6163\u3002\u82e5\u6709\u7259\u9f52\u76f8\u95dc\u554f\u984c\u5efa\u8b70\u8aee\u8a62\u7259\u91ab\u5e2b\u3002\u6b64\u5f71\u7247\u7531\u8212\u9178\u5b9a\u54c1\u724c\u8d0a\u52a9\u3002\u5c0d\u65bc\u8212\u9178\u5b9a\u7522\u54c1\u6709\u4efb\u4f55\u7591\u554f\uff0c\u8acb\u64a5\u6253\u6d88\u8cbb\u8005\u514d\u8cbb\u5c08\u7dda 0800-212-259\u3002\u5546\u6a19\u70ba\u845b\u862d\u7d20\u53f2\u514b\u96c6\u5718\u64c1\u6709\u6216\u7d93\u6388\u6b0a\u4f7f\u7528\u3002\u00a9 [2021] \u845b\u862d\u7d20\u53f2\u514b\u96c6\u5718\u6216\u5176\u6388\u6b0a\u4eba\u3002 PM-TW-SENO-21-00229\n\n\n\u5e0c\u671b\u4f60\u5011\u559c\u6b61\u9019\u90e8\u5f71\u7247\n\u559c\u6b61\u5e6b\u6211\u8a02\u95b1\u6309\u8b9a\u5206\u4eab \u8a18\u5f97\u958b\u555f\u5c0f\u9234\u943a\u6536\u53d6\u65b0\u7247\u901a\u77e5\u5594\uff01\n\n\uff3f\uff3f\uff3f\uff3f\uff3f\uff3f\uff3f\uff3f\uff3f\uff3f\uff3f\uff3f\uff3f\uff3f\uff3f\uff3f\uff3f\uff3f\uff3f\uff3f\uff3f\n\n\u2b50\ufe0f\u91d1\u5bb6\u311f\u5e03\u5e33\u99ac\u8eca\uff1ahttps://www.facebook.com/groups/2297603990535075/\n\u2b50\ufe0f\u91d1\u91dd\u83c7\u7684\u7c89\u5c08: https://www.facebook.com/Koreajinzhengu/\n\u2b50\ufe0f\u91d1\u91dd\u83c7\u7684IG: https://www.instagram.com/ggu__kim/\n\u2b50\ufe0f\u5408\u4f5c\u9080\u7d04\u8acb\u6d3dPressPlay\uff1ajinyoungkim@pressplay.cc\n\n\uff3f\uff3f\uff3f\uff3f\uff3f\uff3f\uff3f\uff3f\uff3f\uff3f\uff3f\uff3f\uff3f\uff3f\uff3f\uff3f\uff3f\uff3f\uff3f\uff3f\uff3f",
        "likeCount": "7049",
        "commentCount": "172",
        "viewCount": "282855"
    },
    "comments": [
        {
            "reply_id": "UgxhwOREjXDZTOfbiJl4AaABAg",
            "reply_content": "\u6211\u4e5f\u8981\u54ed\u4e86"
        },
        {
            "reply_id": "Ugy8GZXM7eOrEdtBEtF4AaABAg",
            "reply_content": "\u8d85\u6e29\u6696\u7684"
        },
        {
            "reply_id": "Ugx_-2UqSTrdbFqUX4x4AaABAg",
            "reply_content": "\u6211\u5f88\u559c\u6b61\u7528\u8212\u9178\u5b9a"
        },
        {
            "reply_id": "UgzNXw6CtoBEDyS0EpN4AaABAg",
            "reply_content": "\u83c7\u54e5\u548c\u83c7\u5f1f\u6e96\u5099\u4ec0\u9ebc\u79ae\u7269"
        },
        {
            "reply_id": "Ugzwg3KGTtStT-6BJDJ4AaABAg",
            "reply_content": "\u60f3\u77e5\u9053\u86cb\u7cd5\u662f\u54ea\u4e00\u5bb6"
        },
        {
            "reply_id": "UgySNjO0ryZhzAs6AZJ4AaABAg",
            "reply_content": "\u53c8\u770b\u5b8c\u4e86\u4e00\u5e74"
        },
        {
            "reply_id": "UgxcfcDsmK5KC14BwKl4AaABAg",
            "reply_content": "\u8056\u8a95\u5feb\u6a02"
        },
        {
            "reply_id": "UgwYu7Eef5gCiiNsAVV4AaABAg",
            "reply_content": "\u6211\u5011\u9019\u88e1\u5feb\u7be9\u5291\u7f3a\u8ca8\uff01\u6240\u4ee5\u6211\u89ba\u5f97\u6700\u597d\u7684\u79ae\u7269\u5c31\u662f\u9019\u500b"
        },
        {
            "reply_id": "Ugy9QkXHZ4ef1iqhIcJ4AaABAg",
            "reply_content": "\u73fe\u5728\u90fd\u7528\u8212\u9178\u5b9a\u6297\u654f\u8b77\u9f66"
        },
        {
            "reply_id": "UgyPGdUkvwIW32PCF3x4AaABAg",
            "reply_content": "\u91d1\u91dd\u83c7\u597d\u53ef\u611b"
        },
        {
            "reply_id": "UgwS4fen5rs9s38VBdp4AaABAg",
            "reply_content": "\u7d93\u7d00\u4eba\u597d\u53ef\u611b"
        },
        {
            "reply_id": "UgwkeTw5RWXRDWpa5nB4AaABAg",
            "reply_content": "\u5feb\u8b8a\u53f0\u5f4e\u7184\u5a66\u4e86"
        },
        {
            "reply_id": "UgzmpUmLgn8S2DH8XK14AaABAg",
            "reply_content": "\u8056\u8a95\u5feb\u6a02"
        },
        {
            "reply_id": "UgyBJgC4F1Ko2GUkqIN4AaABAg",
            "reply_content": "\u600e\u9ebc\u6c92\u6709\u7fbd\u7403\u968a\u8056\u8a95\u8db4"
        },
        {
            "reply_id": "UgyY8m8t2gXFbN7gPkh4AaABAg",
            "reply_content": "\u8056\u8a95\u5feb\u6a02"
        },
        {
            "reply_id": "UgzZW4u05A23p7InpdV4AaABAg",
            "reply_content": "\u767e\u842c\u83c7\u83c7\u8056\u8a95\u5feb\u6a02"
        },
        {
            "reply_id": "UgygzBZY5gePfZXXWb14AaABAg",
            "reply_content": "\u8b9a\u5566"
        }
    ]
}