{
    "video_info": {
        "id": "6T58k7dnXFI",
        "channelTitle": "\u97d3\u52fe\u311f\u91d1\u91dd\u83c7 \ucc10\uca50\uafb8",
        "title": "\u7d42\u65bc\u898b\u5230\u963f\u5b24\u4e86\ud83d\ude2d\u770b\u5230\u5979\u7684\u53cd\u61c9\u5dee\u9ede\u6d41\u6dda...\u97d3\u570b\u904e\u5e74\u53bb\u9109\u4e0b\u62dc\u8a2a\u5bb6\u4eba\u5566VLOG\u3010\u56de\u97d3\u570b\u7cfb\u5217\ud83c\uddf0\ud83c\uddf74\u3011\uff5c\u97d3\u52fe\u311f\u91d1\u91dd\u83c7 \ucc10\uca50\uafb8",
        "description": "#\u97d3\u570b\u904e\u5e74 #\u97d3\u570b\u904e\u5e74\u6587\u5316\n\u5e0c\u671b\u4f60\u5011\u559c\u6b61\u9019\u90e8\u5f71\u7247\n\u559c\u6b61\u5e6b\u6211\u8a02\u95b1\u6309\u8b9a\u5206\u4eab \u8a18\u5f97\u958b\u555f\u5c0f\u9234\u943a\u6536\u53d6\u65b0\u7247\u901a\u77e5\u5594\uff01\n\n\uff3f\uff3f\uff3f\uff3f\uff3f\uff3f\uff3f\uff3f\uff3f\uff3f\uff3f\uff3f\uff3f\uff3f\uff3f\uff3f\uff3f\uff3f\uff3f\uff3f\uff3f\n\n\u2b50\ufe0f\u91d1\u91dd\u83c7\u7684\u97d3\u570b\u7f8e\u98df\u54c1\u724c\uff1ahttps://www.kimkfoods.com\n\u2b50\ufe0f\u91d1\u5bb6\u311f\u5e03\u5e33\u99ac\u8eca\uff1ahttps://www.facebook.com/groups/2297603990535075/\n\u2b50\ufe0f\u91d1\u91dd\u83c7\u7684\u7c89\u5c08: https://www.facebook.com/Koreajinzhengu/\n\u2b50\ufe0f\u91d1\u91dd\u83c7\u7684IG: https://www.instagram.com/ggu__kim/\n\u2b50\ufe0f\u5408\u4f5c\u9080\u7d04\u8acb\u6d3dPressPlay\uff1ajinyoungkim@pressplay.cc\n\n\uff3f\uff3f\uff3f\uff3f\uff3f\uff3f\uff3f\uff3f\uff3f\uff3f\uff3f\uff3f\uff3f\uff3f\uff3f\uff3f\uff3f\uff3f\uff3f\uff3f\uff3f",
        "likeCount": "44767",
        "commentCount": "2253",
        "viewCount": "1346341"
    },
    "comments": [
        {
            "reply_id": "UgypbSxF5e4bt6dEGu94AaABAg",
            "reply_content": "\u90a3\u662f\u53f0\u7063\u7684\u4e0d\u6c42\u4eba\u7684\u722a\u80cc\u7684\u6771\u897f\u55ce"
        },
        {
            "reply_id": "Ugz1YeQ2vneDEIDPglJ4AaABAg",
            "reply_content": "\u91d1\u9488\u83c7\u7684\u5c0f\u8868\u59b9\u751c\u7f8e\u53c8\u53ef\u7231"
        },
        {
            "reply_id": "Ugz6vsBdTarJ63gQ4NJ4AaABAg",
            "reply_content": "\u8868\u59b9\u597d\u6f02\u4eae"
        },
        {
            "reply_id": "UgxFUkE7uWADVwU1gn94AaABAg",
            "reply_content": "\u7236\u89aa\u662f\u7559\u65e5\u6b78\u570b\u7684\u65e5\u672c\u6599\u7406\u5eda\u5e2b \u4ed6\u4e5f\u5f88\u559c\u6b61\u5403\u9c3b\u9b5a\u4e5f\u6709\u65e5\u672c\u4eba\u5c0d\u65bc\u5403\u9c3b\u9b5a\u7684\u90a3\u7a2e\u89c0\u5ff5 \u5176\u5be6\u5c0f\u6642\u5019\u6211\u4e00\u76f4\u5f88\u597d\u5947\u5f88\u671f\u5f85\u5403\u9c3b\u9b5a \u53ea\u662f\u5f8c\u4f86\u5403\u904e\u4e00\u6b21\u4e4b\u5f8c\u5c31\u6c92\u4ec0\u9ebc\u8208\u8da3\u751a\u81f3\u6c92\u8fa6\u6cd5\u7406\u89e3 \u5c0d\u65bc\u6211\u4f86\u8aaa\u6703\u5403\u9c3b\u9b5a\u7684\u4eba\u5927\u6982\u4e3b\u8981\u4e0d\u662f\u70ba\u4e86\u5403\u9c3b\u5427\n\u662f\u8aaa\u9019\u6a23\u8aaa\u4f3c\u4e4e\u4e5f\u4e0d\u592a\u6e96\u78ba\u7562\u7adf\u81fa\u7063\u4eba\u4ee5\u524d\u5c31\u6709\u5403\u571f\u9f8d\u6599\u7406\u7684\u7fd2\u6163\u800c\u4e14\u9084\u8981\u91ce\u751f\u7684\u624d\u53ef\u4ee5 \u53ea\u662f\u73fe\u5728\u91ce\u751f\u571f\u9f8d\u8d8a\u4f86\u8d8a\u96e3\u6293\u597d\u50cf\u8981\u627e\u7279\u5b9a\u5c08\u696d\u7684\u4eba\u4e0b\u55ae\u624d\u6709\u8fa6\u6cd5\u8cb7\u5230 \u7576\u7136\u91ce\u751f\u7684\u4e5f\u662f\u56e0\u70ba\u5f37\u5065"
        },
        {
            "reply_id": "UgzuP9_Meskm9Xmbajh4AaABAg",
            "reply_content": "\u91d1\u83c7\u7f75\u9084\u662f\u5f88\u53ef\u611b"
        },
        {
            "reply_id": "UgwvXtQIINpBbMXYekp4AaABAg",
            "reply_content": "\u59b9\u59b9\u597d\u53ef\u611b\u5662"
        },
        {
            "reply_id": "UgysplC0O-mc0Ic9UG94AaABAg",
            "reply_content": "\u5f88\u68d2"
        },
        {
            "reply_id": "UgzLtm_4LJ6VQ6jySB54AaABAg",
            "reply_content": "\u606d\u559c\u91d1\u91dd\u83c7\u5165\u570d\u5e74\u5ea6\u5973\u5275\u4f5c\u8005\u734e"
        },
        {
            "reply_id": "UgylRlimJa1SLVssp-F4AaABAg",
            "reply_content": "\u5929\u554a\u963f\u5b24\u6709\u5920\u7206\u70b8\u53ef\u611b\u7684"
        },
        {
            "reply_id": "Ugx_BfeVuFx-50bfDYR4AaABAg",
            "reply_content": "\u770b\u5230\u54ed\u5566"
        },
        {
            "reply_id": "Ugzg-o7WHJucNHS3zT14AaABAg",
            "reply_content": "\u5f9e\u982d\u5230\u5c3e\u90fd\u8b93\u6211\u773c\u6dda\u6253\u8f49\uff0c\u597d\u60f3\u5ff5\u6211\u7684\u5916\u516c\u5916\u5a46"
        },
        {
            "reply_id": "Ugyeg71rekzVr3bRWgR4AaABAg",
            "reply_content": "\u54c8\u59c6\u5c3c\u771f\u7684\u597d\u53ef\u611b"
        },
        {
            "reply_id": "UgymfcohvV0Pnf99I5h4AaABAg",
            "reply_content": "\u91d1\u91dd\u83c7\u4e0d\u6234\u773c\u93e1\u597d\u50cf\u5c11\u5973\u6642\u4ee3\u7684\u6f54\u897f\u5361\u6b63\u59b9"
        },
        {
            "reply_id": "UgyWKAGMwT3Jj2OI1CN4AaABAg",
            "reply_content": "\u6709\u5976\u5976\u771f\u597d"
        },
        {
            "reply_id": "UgweppfPCC-usGhmNfd4AaABAg",
            "reply_content": "\u5916\u5a46\u600e\u9ebc\u597d\u50cf\u662f\u97d3\u570b\u91cd\u91cf\u7d1a\u7684\u4e00\u4f4d\u5973\u6f14\u54e1\u5462\uff1f"
        },
        {
            "reply_id": "UgwXN-4kDJ2EFAvN1Ft4AaABAg",
            "reply_content": "\u83c7\u59d0\u597d\u6f02\u4eae\u5594"
        },
        {
            "reply_id": "UgxGGI7oav9JLD7TR8h4AaABAg",
            "reply_content": "\u770b\u5230\u91d1\u91dd\u83c7\u548c\u5bb6\u4eba\u7684\u76f8\u8655\uff0c\u5c31\u601d\u8003\u5230\u81ea\u5df1\u8207\u5bb6\u4eba\u7684\u95dc\u4fc2\u662f\u5426\u6709\u9019\u9ebc\u7684\u597d\uff0c\u4e5f\u5f88\u7fa8\u6155\u9019\u6a23\u7684\u5bb6\u5ead\u7dca\u5bc6\u5ea6\uff5e\u671f\u8a31\u672a\u4f86\u81ea\u5df1\u5efa\u7acb\u7684\u5bb6\u4e5f\u80fd\u50cf\u9019\u6a23\u5e78\u798f\u5feb\u6a02"
        },
        {
            "reply_id": "UgzsepH_GeqXLHCD_xJ4AaABAg",
            "reply_content": "\u963f\u83c7\u5b24\u771f\u53ef\u611b\u963f\u83c7\u4e5f\u53ef\u611b"
        },
        {
            "reply_id": "UgyNZUGwlkszLMnRNSh4AaABAg",
            "reply_content": "\u795d\u798f\u963f\u5b24\u5065\u5065\u5eb7\u5eb7\u518d\u4f86\u53f0\u7063\u73a9\u5594"
        },
        {
            "reply_id": "UgyrhakN9X2aCi8PrdF4AaABAg",
            "reply_content": "\u83c7\u83c7\u8868\u59ca\u597d\u6f02\u4eae"
        },
        {
            "reply_id": "UgzU21-FrN3hbW45HXp4AaABAg",
            "reply_content": "\u597d\u611f\u4eba"
        },
        {
            "reply_id": "UgwF97XfFYEtf009bAZ4AaABAg",
            "reply_content": "\u592a\u611f\u52d5\u4e86"
        },
        {
            "reply_id": "Ugy6OR01TQcLFkFcOkV4AaABAg",
            "reply_content": "\u770b\u5230\u4f60\u7684\u963f\u5b24\u8b93\u6211\u5f88\u611f\u52d5~\u9019\u662f\u4e00\u7a2e\u5bb6\u4eba\u5f88\u4e45\u4e0d\u898b\u7684\u611f\u89ba"
        },
        {
            "reply_id": "UgyQ1ThycJzeb3ZjUt14AaABAg",
            "reply_content": "\u91d1\u91dd\u83c7\u7684\u59ca\u59ca\u8d85\u6f02\u4eae\u4f4e"
        },
        {
            "reply_id": "UgwyUJOtpljNnPv61mV4AaABAg",
            "reply_content": "\u6b50\u9006\u4e5f\u592a\u7f8e"
        }
    ]
}