{
    "video_info": {
        "id": "7K5s49BCL94",
        "channelTitle": "\u97d3\u52fe\u311f\u91d1\u91dd\u83c7 \ucc10\uca50\uafb8",
        "title": "\u6253\u4e2d\u97d3\u570b\u963f\u5b24\u5fc3\u7684\u53f0\u7063\u65e9\u9910\u2764\ufe0f\u53ea\u6709\u53f0\u7063\u6709\u7684\u6236\u5916\u6995\u6a39\u4e0b\u7f8e\u98df\u8857\u592a\u7279\u5225\u5566\uff01\u53f0\u7063\u65e5\u5e38VLOG\uff5c\u97d3\u52fe\u311f\u91d1\u91dd\u83c7 \ucc10\uca50\uafb8",
        "description": "#\u97d3\u570b\u963f\u5b24 #\u53f0\u7063\u65e9\u9910\n\n\u5e0c\u671b\u4f60\u5011\u559c\u6b61\u9019\u90e8\u5f71\u7247\n\u559c\u6b61\u5e6b\u6211\u8a02\u95b1\u6309\u8b9a\u5206\u4eab \u8a18\u5f97\u958b\u555f\u5c0f\u9234\u943a\u6536\u53d6\u65b0\u7247\u901a\u77e5\u5594\uff01\n\n\uff3f\uff3f\uff3f\uff3f\uff3f\uff3f\uff3f\uff3f\uff3f\uff3f\uff3f\uff3f\uff3f\uff3f\uff3f\uff3f\uff3f\uff3f\uff3f\uff3f\uff3f\n\n\u2b50\ufe0f\u91d1\u91dd\u83c7\u7684\u97d3\u570b\u7f8e\u98df\u54c1\u724c\uff1ahttps://www.kimkfoods.com\n\u2b50\ufe0f\u91d1\u5bb6\u311f\u5e03\u5e33\u99ac\u8eca\uff1ahttps://www.facebook.com/groups/2297603990535075/\n\u2b50\ufe0f\u91d1\u91dd\u83c7\u7684\u7c89\u5c08: https://www.facebook.com/Koreajinzhengu/\n\u2b50\ufe0f\u91d1\u91dd\u83c7\u7684IG: https://www.instagram.com/ggu__kim/\n\u2b50\ufe0f\u5408\u4f5c\u9080\u7d04\u8acb\u6d3dPressPlay\uff1ajinyoungkim@pressplay.cc\n\n\uff3f\uff3f\uff3f\uff3f\uff3f\uff3f\uff3f\uff3f\uff3f\uff3f\uff3f\uff3f\uff3f\uff3f\uff3f\uff3f\uff3f\uff3f\uff3f\uff3f\uff3f",
        "likeCount": "24568",
        "commentCount": "1054",
        "viewCount": "1036801"
    },
    "comments": [
        {
            "reply_id": "UgwO_C6qEyua7azgaR14AaABAg",
            "reply_content": "\u4f60\u59d0\u7684\u97f3\u6587\u8b1b\u7684\u5f88\u597d"
        },
        {
            "reply_id": "Ugxp7INqV7XNfyI37bh4AaABAg",
            "reply_content": "\u83c7\u59d0\u7684\u8208\u8da3\u771f\u53ef\u611b"
        },
        {
            "reply_id": "Ugw60BApONd7RI2C_Jl4AaABAg",
            "reply_content": "\u5831\u540d\u6392\u968a\u8a8d\u8b58\u83c7\u59ca\u54c8\u54c8"
        },
        {
            "reply_id": "Ugwx-AoKzkvBvJ5X8Rl4AaABAg",
            "reply_content": "\u771f\u7684\u80fd\u611f\u53d7\u5230\u60f3\u628a\u8a8d\u540c\u7684\u53f0\u7063\u7f8e\u98df\u4ecb\u7d39\u7d66\u5bb6\u4eba\u7684\u90a3\u7a2e\u71b1\u60c5\u3002"
        },
        {
            "reply_id": "Ugx9VqVQ8ydf2vDmm6h4AaABAg",
            "reply_content": "\u59d0\u59d0\u771f\u7684\u5f88\u6f02\u4eae\u662f\u53f0\u7063\u4eba\u559c\u6b61\u7684\u6a23\u5b50\u52a0\u6cb9"
        },
        {
            "reply_id": "UgzbFekSK_82tiFzvkN4AaABAg",
            "reply_content": "\u53e3\u97f3\u63db\u7684\u771f\u597d"
        },
        {
            "reply_id": "Ugy3wh7JFYLS_dfQhMJ4AaABAg",
            "reply_content": "\u597d\u50cf\u7b2c\u4e00\u9910\u6995\u6a39\u4e0b\u5403\u7684\u90fd\u4e0d\u662f\u53f0\u7063\u4eba\u65e9\u4e0a\u6703\u5403\u7684\u98df\u7269\u54c8\u54c8"
        },
        {
            "reply_id": "Ugw-shwxTvrNUcNbuP14AaABAg",
            "reply_content": "\u6709\u83c7\u59ca\u5c31\u9ede\u9032\u4f86\u770b"
        },
        {
            "reply_id": "UgzmDcXKynDd2BZ2zO54AaABAg",
            "reply_content": "\u6148\u8056\u5bae\u4e3b\u795e\u662f\u5abd\u7956"
        },
        {
            "reply_id": "UgxVCr5ob7YhsXM-15l4AaABAg",
            "reply_content": "\u83c7\u59ca\u4e5f\u597d\u6709\u9b45\u529b"
        },
        {
            "reply_id": "UgyLsSOmfMtk4FEZSMx4AaABAg",
            "reply_content": "\u83c7\u59ca\u4e5f\u592a\u7f8e\u4e86\u5427"
        },
        {
            "reply_id": "UgyV-kdSEUalqz0kWEZ4AaABAg",
            "reply_content": "\u5c51\u5c51\u4f60\u559c\u6b61\u53f0\u7063"
        },
        {
            "reply_id": "Ugwa-fYuk7RCi8ZV-CJ4AaABAg",
            "reply_content": "\u83c7\u7238\u662f\u6696\u7537\u7834\u6389\u7684\u81ea\u5df1\u62ff\u53bb\u5403\u4e86"
        },
        {
            "reply_id": "Ugwxa5W4UTtHunamvYZ4AaABAg",
            "reply_content": "\u59d0\u59d0\u6bd4\u8f03\u559c\u6b61"
        },
        {
            "reply_id": "UgxXv3dDrE9AKpfU0qZ4AaABAg",
            "reply_content": "\u770b\u5230\u6211\u8001\u5bb6\u4e86"
        },
        {
            "reply_id": "Ugwom7GtsJjUAA0j0fN4AaABAg",
            "reply_content": "\u8acb\u554f\u865f\u78bc\u724c\u54ea\u88e1\u62bd"
        },
        {
            "reply_id": "UgzC5ocEH3V-tayMaal4AaABAg",
            "reply_content": "\u83c7\u7238\u9019\u4e00\u62db\u6211\u8981\u5b78\u8d77\u4f86"
        },
        {
            "reply_id": "UgwYuC2e_kCOiBHVCJx4AaABAg",
            "reply_content": "\u4f60\u8868\u59d0\u82f1\u6587\u8b1b\u500b\u5f88\u597d"
        },
        {
            "reply_id": "Ugx3v-WCmmwXopD4vVN4AaABAg",
            "reply_content": "\u597d\u559c\u6b61\u4f60\u8ddf\u5bb6\u4eba\u7684\u4e92\u52d5"
        },
        {
            "reply_id": "UgzSZW-IwCJwsEd-9Rd4AaABAg",
            "reply_content": "\u59d0\u59d0\u8b1b\u82f1\u6587\u597d\u597d\u807d"
        },
        {
            "reply_id": "Ugyf8VjzAfxRMrVNRVR4AaABAg",
            "reply_content": "\u5a46\u5a46\u5fc3\u60f3\u592a\u71b1\u4e86"
        },
        {
            "reply_id": "UgzsRkdibGf2XMoK3QF4AaABAg",
            "reply_content": "\u83c7\u59ca\u662f\u83c7\u5bb6\u984f\u503c\u5dd4\u5cf0"
        },
        {
            "reply_id": "Ugw8oBIXJ5dgIZKC_ht4AaABAg",
            "reply_content": "\u83c7\u59ca\u771f\u7684\u6f02\u4eae"
        },
        {
            "reply_id": "UgwojaQY52vdf9RinSB4AaABAg",
            "reply_content": "\u8d85\u68d2"
        },
        {
            "reply_id": "UgyJuiljlVUJ6t2lRud4AaABAg",
            "reply_content": "\u59d0\u59b9\u771f\u50cf\u90fd\u5f88\u7f8e\u9e97\u5927\u65b9\u8010\u770b\u578b\u7684"
        }
    ]
}