{
    "video_info": {
        "id": "9tH3NYA0DRk",
        "channelTitle": "\u97d3\u52fe\u311f\u91d1\u91dd\u83c7 \ucc10\uca50\uafb8",
        "title": "\u91cd\u5927\u6d88\u606f\u5ba3\u5e03\uff01\u4ecb\u7d39\u6211\u7684\u97d3\u5f0f\u7f8e\u98df\u54c1\u724c\u300c\u91d1\u5bb6\u311f\u300d\ud83c\udf36\ufe0f\u65b0\u7684\u4eba\u751f\u6311\u6230\u958b\u59cb\uff5c\u97d3\u52fe\u311f\u91d1\u91dd\u83c7 \ucc10\uca50\uafb8",
        "description": "\uc548\ub155\ud558\uc138\uc694\n\u5927\u5bb6\uff5e\uff5e\n\u5fcd\u4e86\u597d\u4e45\u597d\u4e45 \u7d42\u65bc\u53ef\u4ee5\u8ddf\u5927\u5bb6\u8aaa\u4e86\n\u7d93\u904e\u4e86\u4e00\u5e74\u591a\u7684\u7c4c\u5099\uff0c\n\u6211\u7684\u97d3\u5f0f\u7f8e\u98df\u54c1\u724c \u2019\u91d1\u5bb6\u311f\u2019 \u7d42\u65bc\u8ddf\u5927\u5bb6\u898b\u9762\u4e86\uff01\uff01\uff01\n\u5f9e\u5c0f\u9ec3\u5c4b\u5206\u4eab\u7f8e\u98df\u5230\u73fe\u5728\uff0c\u6709\u81ea\u5df1\u7684\u54c1\u724c\u771f\u7684\u7121\u6bd4\u7684\u958b\u5fc3\n\n\u90a3 \u91d1\u5bb6\u311f \u9996\u6ce2\u7684\u54c1\u9805\u662f\u300e\u97d3\u5f0f\u7092\u5e74\u7cd5\u300f\n\n\u97d3\u5f0f\u7092\u5e74\u7cd5\u662f\u4e00\u500b\u975e\u5e38\u5e38\u898b\u7684\u97d3\u570b\u5c0f\u5403\ud83c\uddf0\ud83c\uddf7\u5f9e\u5c0f\u5403\u5230\u5927\n\u91d1\u5bb6\u311f\u7684\u97d3\u5f0f\u7092\u5e74\u7cd5\uff0c\u662f\u7d50\u5408\u6211\u5c0d\u65bc\u2019\u5bb6\u2019\u7684\u5473\u9053\u8a18\u61b6\n\u548c\u670930\u5e74\u6599\u7406\u7d93\u9a57\u7684\u97d3\u570b\u4e3b\u5eda\n\u4e00\u8d77\u6e2c\u8a66\u7814\u767c\uff0c\u8abf\u6574\u4e86\u5f88\u591a\u6b21\u4e4b\u5f8c\u7684\u7d50\u6676\n\n\u9996\u6ce2\u63a8\u51fa\u4e09\u500b\u53e3\u5473\n\u229b \u7d93\u5178\u539f\u5473\n\u97d3\u5287\u7d93\u5178\u53e3\u5473\uff0c\u4e00\u79d2\u98db\u5230\u97d3\u570b\u7684\u5e03\u5e33\u99ac\u8eca\n\u229b \u6fc3\u90c1\u8d77\u53f8\n\u8d77\u53f8\u52a0\u5206\u53e3\u5473\uff0c\u7d93\u5178\u4e0d\u6557\u642d\u914d\u6015\u8fa3\u5403\u9019\u6b3e\n\u229b \u8fa3\u7c89\u7d05\u91ac\n\u6700\u65b0\u6d41\u884c\u53e3\u5473\uff0c\u7d10\u897f\u862d\u9bae\u5976\u6cb9\u914d\u53f0\u7063\u9bae\u4e73\n\n\u9019\u4e9b\u5473\u9053\u90fd\u662f\u6211\u7d93\u904e\u6578\u6b21\u7684\u8a66\u5403 \u53ef\u4ee5\u628a\u63e1\n\u662f\u6211\u8a18\u61b6\u4e2d\u6700\u5bb6\u88e1\u7684\u53e3\u5473\n\u800c\u4e14\u5f9e\u7522\u54c1\u53e3\u5473\u8abf\u6574\u5230 \u8edfQ\u5ea6 \u70f9\u716e\u65b9\u5f0f\u5230\u8a2d\u8a08\u5305\u88dd \u5168\u90e8\u90fd\u662f\u6211\u8207\u6211\u7684\u5718\u968a\n\u5f9e0\u505a\u51fa\u4f86\u7684 \u6240\u4ee5\u5e0c\u671b\u5927\u5bb6\u6703\u559c\u6b61\n\n\ud83d\udd17\u5b98\u7db2\u8cfc\u8cb7\u9023\u7d50\uff1ahttps://bit.ly/gguyt2022\n\u9019\u4e5f\u540c\u6b65\u653e\u5728\u91d1\u5bb6\u311f\u7684\u4e3b\u9801\u56c9\n\u8acb\u5927\u5bb6\u591a\u591afollow \u91d1\u5bb6\u311f\u7684IG https://www.instagram.com/kimkfoods/\n\u6703\u6709\u66f4\u591a\u7522\u54c1\u8cc7\u8a0a\uff08\u9084\u6709\u6211\u7684\u7f8e\u7167\u54c8\u54c8\u54c8\uff09\n\u4ee5\u5f8c\u6703\u7e7c\u7e8c\u52aa\u529b\u5448\u73fe\u7d66\u5927\u5bb6\uff0c\n\u4ee5\u53ca\u66f4\u591a\u9084\u539f\u9910\u5ef3\u73fe\u716e\u7b49\u7d1a\u7684\u97d3\u5f0f\u7f8e\u5473\u7d66\u5927\u5bb6\n\n\uac10\uc0ac\ud569\ub2c8\ub2e4\n\n\u611f\u8b1d\u7fbd\u7403\u968a\u7684\u53c3\u8207\n\n#\u97d3\u52fe\u311f\u91d1\u91dd\u83c7 #\u91d1\u5bb6\u311f\n\n\u5e0c\u671b\u4f60\u5011\u559c\u6b61\u9019\u90e8\u5f71\u7247\n\u559c\u6b61\u5e6b\u6211\u8a02\u95b1\u6309\u8b9a\u5206\u4eab \u8a18\u5f97\u958b\u555f\u5c0f\u9234\u943a\u6536\u53d6\u65b0\u7247\u901a\u77e5\u5594\uff01\n\n\uff3f\uff3f\uff3f\uff3f\uff3f\uff3f\uff3f\uff3f\uff3f\uff3f\uff3f\uff3f\uff3f\uff3f\uff3f\uff3f\uff3f\uff3f\uff3f\uff3f\uff3f\n\u2b50\ufe0f\u91d1\u5bb6\u311f\u5e03\u5e33\u99ac\u8eca\uff1ahttps://www.facebook.com/groups/2297603990535075/\n\u2b50\ufe0f\u91d1\u91dd\u83c7\u7684\u7c89\u5c08: https://www.facebook.com/Koreajinzhengu/\n\u2b50\ufe0f\u91d1\u91dd\u83c7\u7684IG: https://www.instagram.com/ggu__kim/\n\u2b50\ufe0f\u5408\u4f5c\u9080\u7d04\u8acb\u6d3dPressPlay\uff1ajinyoungkim@pressplay.cc\n\n\uff3f\uff3f\uff3f\uff3f\uff3f\uff3f\uff3f\uff3f\uff3f\uff3f\uff3f\uff3f\uff3f\uff3f\uff3f\uff3f\uff3f\uff3f\uff3f\uff3f\uff3f",
        "likeCount": "23566",
        "commentCount": "1461",
        "viewCount": "812450"
    },
    "comments": [
        {
            "reply_id": "UgzLIJW4NmlzEhKZx_d4AaABAg",
            "reply_content": "\u53b2\u5bb3"
        },
        {
            "reply_id": "UgwsLU7_hG70_tNL5N14AaABAg",
            "reply_content": "\u6211\u4e5f\u597d\u559c\u6b61\u97d3\u570b\u6599\u7406\uff0c\u6211\u540c\u4e8b\u5f88\u591a\u97d3\u570b\u4eba\u4ed6\u5011\u5f88\u611b\u7092\u5e74\u7cd5\u8ddf\u90e8\u968a\u934b"
        },
        {
            "reply_id": "UgwGqI5OZGmFkcvvwy94AaABAg",
            "reply_content": "\u559c\u6b22"
        },
        {
            "reply_id": "UgwcYV6XLSrC8F2TwgF4AaABAg",
            "reply_content": "\u7092\u5e74\u7cd5\u4e00\u4eba\u4efd\u592a\u5c11\u4e86"
        },
        {
            "reply_id": "UgyEDpoDMiZ4OoHSQ9Z4AaABAg",
            "reply_content": "\u4f60\u771f\u7684\u662f\u5f88\u6f02\u4eae"
        },
        {
            "reply_id": "UgwCBeFxKCTTFDL59lZ4AaABAg",
            "reply_content": "\u4e0d\u77e5\u9053\u6709\u6c92\u6709\u7d20\u98df\u7248\u7684"
        },
        {
            "reply_id": "UgzBUi0dCrPkHG1AaBR4AaABAg",
            "reply_content": "\u4e0d\u932f\u5403"
        },
        {
            "reply_id": "UgxgMlRdyW807OOZs-d4AaABAg",
            "reply_content": "\u606d\u559c\u91d1\u91dd\u83c7"
        },
        {
            "reply_id": "Ugz-xnoMM-K9DJyw_l14AaABAg",
            "reply_content": "\u62ff\u53bb\u7117\u9eb5\u4e00\u5b9a\u5f88\u9999"
        },
        {
            "reply_id": "UgxZZkXnLsfl2m021S14AaABAg",
            "reply_content": "\u606d\u559c"
        },
        {
            "reply_id": "Ugw-M_achdoQ699_VR54AaABAg",
            "reply_content": "\u6c92\u8ca8\u4e86"
        },
        {
            "reply_id": "UgwqF7nPQsEw618lsE14AaABAg",
            "reply_content": "\u5be6\u5728\u662f\u592a\u53b2\u5bb3\u4e86"
        },
        {
            "reply_id": "UgymFm9YxskuQLISF5l4AaABAg",
            "reply_content": "\u597d\u671f\u5f85\u5e0c\u671b\u8d95\u5feb\u5403\u5230\uff0c\u795d\u798f\u5927\u71b1\u92b7\u4e00\u5b9a\u5168\u529b\u652f\u6301"
        },
        {
            "reply_id": "Ugx3YJP4LwbUOZhJUhR4AaABAg",
            "reply_content": "\u8dea\u6c42\u8840\u8178"
        },
        {
            "reply_id": "Ugzbc6EOYAYSl8JV4lZ4AaABAg",
            "reply_content": "\u56de\u5230\u97d3\u570b\u61c9\u8a72\u5c31\u6703\u958b\u59cb\u60f3\u5ff5\u53f0\u7063\u7684\u96de\u6392\u8ddf\u73cd\u73e0\u5976\u8336"
        },
        {
            "reply_id": "UgxMWwJaBvzji1sGX494AaABAg",
            "reply_content": "\u7b2c\u4e00\u6642\u9593\u770b\u5230\u5f71\u7247\u5c31\u731c\u5230\u4e86\u4e00\u65e5\u4e4b\u5167\u5c31\u6436\u4e0d\u5230"
        },
        {
            "reply_id": "UgydCsl4r4nhvwN0C914AaABAg",
            "reply_content": "\u592a\u559c\u6b22\u4f60\u7684\u5f71\u7247\u5566"
        },
        {
            "reply_id": "UgyncnQ4U-wKvzyTuGN4AaABAg",
            "reply_content": "\u8ce3\u5149\u4e86"
        },
        {
            "reply_id": "UgwTQZs_oflNXA9o41Z4AaABAg",
            "reply_content": "\u8def\u4e0a\u5c0f\u5fc3"
        },
        {
            "reply_id": "Ugya_myJ2b2PWSqKTYp4AaABAg",
            "reply_content": "\u4ec0\u9ebc\u6642\u5019\u9084\u6703\u6709"
        },
        {
            "reply_id": "Ugwue99SSwDduOUyOnp4AaABAg",
            "reply_content": "\u8cb7\u4e0d\u5230\u4e86\u4ee5\u552e\u5b8c\u4e86"
        },
        {
            "reply_id": "Ugyk3URAuN9r58UUON54AaABAg",
            "reply_content": "\u4f46\u9019\u6b21\u7684\u9996\u6ce2\u7522\u54c1\u63a1\u53d6\u9650\u91cf\u8ca9\u552e\u9084\u6709\u500b\u5f88\u91cd\u8981\u7684\u4efb\u52d9"
        },
        {
            "reply_id": "Ugx4cRD60GycebDIj3d4AaABAg",
            "reply_content": "\u770b\u5b8c\u4e86\u5f71\u7247\u9ede\u9032\u53bb\u5b98\u7db2\u624d\u767c\u73fe\u5168\u90e8\u90fd\u5df2\u552e\u5b8c\ud83d\ude05"
        },
        {
            "reply_id": "UgxQTSO2Cs1-mRCVM4R4AaABAg",
            "reply_content": "\u90fd\u8ce3\u5b8c\u4e86"
        },
        {
            "reply_id": "UgyUyp8okQSLPSPXyKt4AaABAg",
            "reply_content": "\u6211\u4e5f\u5728\u97d3\u98df\u5e97\u6253\u5de5\u904e\uff0c\u8fa3\u7092\u5e74\u7cd5\u90fd\u662f\u8ce3\u6700\u597d\u7684\u9910\u9ede"
        }
    ]
}