{
    "video_info": {
        "id": "_irXY5wvZH8",
        "channelTitle": "\u97d3\u52fe\u311f\u91d1\u91dd\u83c7 \ucc10\uca50\uafb8",
        "title": "\u97d3\u570b\u83dc\u903c\u516b\u91d1\u5728\u300c\u53f0\u7063\u50b3\u7d71\u96dc\u8ca8\u5e97\u300d\u6253\u5de5\u8a18...\ud83d\udd25\ud83d\udd25\u8d85\u904e3\u5343\u500b\u54c1\u9805\u6211\u597d\u6015\u5d29\u6f70\ud83d\ude02\uff5c\u97d3\u52fe\u311f\u91d1\u91dd\u83c7 \ucc10\uca50\uafb8",
        "description": "\u7b2c\u4e00\u6b21\u5728\u96dc\u8ca8\u5e97\u6253\u5de5\uff01\n\u8d85\u7d1a\u8d85\u7d1a\u597d\u73a9\u7684\u5440\uff01\uff01\uff01\uff01\n\u96d6\u7136\u8aaa\u5e97\u9577\u8aaa\u5e97\u88e1\u67093\u5343\u591a\u500b\u5546\u54c1\u6211\u76f4\u63a5\u5687\u5230\ud83d\ude35\u200d\ud83d\udcab\ud83d\ude35\u200d\ud83d\udcab\n\u4e0d\u904e\u8001\u95c6\u6709\u773c\u754c\uff01\n\u56e0\u70ba\u5e97\u88e1\u6709\u4f7f\u7528\u591a\u5143\u652f\u4ed8\u7cfb\u7d71\u3001POS\u7cfb\u7d71\n\u99ac\u4e0a\u5c31\u589e\u52a0\u4e86\u6211\u7684\u5de5\u4f5c\u6548\u7387\ud83e\udd17\ud83d\udc4d\n\n\u81fa\u7063\u96f2\u5e02\u96c6\u7684\u88dc\u52a9\u771f\u7684\u883b\u4e0d\u932f\u7684\n\u5982\u679c\u8eab\u908a\u6709\u60f3\u8981\u8f49\u578b\u7684\u5e97 \u53ef\u4ee5\u63a8\u85a6\u63a8\u85a6\u4e00\u4e0b\uff01\n\n\u9019\u908a\u653e\u81fa\u7063\u96f2\u5e02\u96c6\u7684\u8cc7\u8a0a\uff1ahttps://www.tcloud.gov.tw/\n\u5927\u5bb6\u5982\u679c\u9700\u8981\u53ef\u4ee5\u9ede\u9032\u53bb\u770b\u770b\u88dc\u52a9\u65b9\u6848\u5466\n\n#\u7d93\u6fdf\u90e8\u4e2d\u5c0f\u4f01\u696d\u8655\u5ee3\u544a #\u6578\u4f4d\u8f49\u578b #\u81fa\u7063\u96f2\u5e02\u96c6\n\n\u5e0c\u671b\u4f60\u5011\u559c\u6b61\u9019\u90e8\u5f71\u7247\n\u559c\u6b61\u5e6b\u6211\u8a02\u95b1\u6309\u8b9a\u5206\u4eab \u8a18\u5f97\u958b\u555f\u5c0f\u9234\u943a\u6536\u53d6\u65b0\u7247\u901a\u77e5\u5594\uff01\n\n\uff3f\uff3f\uff3f\uff3f\uff3f\uff3f\uff3f\uff3f\uff3f\uff3f\uff3f\uff3f\uff3f\uff3f\uff3f\uff3f\uff3f\uff3f\uff3f\uff3f\uff3f\n\n\u2b50\ufe0f\u91d1\u91dd\u83c7\u7684\u97d3\u570b\u7f8e\u98df\u54c1\u724c\uff1ahttps://www.kimkfoods.com\n\u2b50\ufe0f\u91d1\u5bb6\u311f\u5e03\u5e33\u99ac\u8eca\uff1ahttps://www.facebook.com/groups/2297603990535075/\n\u2b50\ufe0f\u91d1\u91dd\u83c7\u7684\u7c89\u5c08: https://www.facebook.com/Koreajinzhengu/\n\u2b50\ufe0f\u91d1\u91dd\u83c7\u7684IG: https://www.instagram.com/ggu__kim/\n\u2b50\ufe0f\u5408\u4f5c\u9080\u7d04\u8acb\u6d3dPressPlay\uff1ajinyoungkim@pressplay.cc\n\n\uff3f\uff3f\uff3f\uff3f\uff3f\uff3f\uff3f\uff3f\uff3f\uff3f\uff3f\uff3f\uff3f\uff3f\uff3f\uff3f\uff3f\uff3f\uff3f\uff3f\uff3f",
        "likeCount": "13916",
        "commentCount": "457",
        "viewCount": "643327"
    },
    "comments": [
        {
            "reply_id": "UgwTVRIyyj9ou76ZfRF4AaABAg",
            "reply_content": "\u60f3\u53bb\u53f0\u5357\u7684\u91d1\u6cc9\u5174\u53e4\u65e9\u6742\u8d27\u5e97"
        },
        {
            "reply_id": "UgyXqApLAocJZU6doBZ4AaABAg",
            "reply_content": "\u97d3\u570b\u4eba\u90fd\u597d\u6f02\u4eae"
        },
        {
            "reply_id": "Ugwav-XCdIXSR_QK74F4AaABAg",
            "reply_content": "\u770b\u5230\u90a3\u4e00\u76d2\u5730\u74dc\u5c31\u60f3\u8d77\u5c0f\u6642\u5019\u8d85\u611b\u5403\u3002\u6709\u6a5f\u6703\u53bb\u4e00\u5b9a\u6703\u8cb7\u4f86\u5403"
        },
        {
            "reply_id": "UgxyBEtDMP6FWCuOvbR4AaABAg",
            "reply_content": "\u8d8a\u4f86\u8d8a\u878d\u5165\u53f0\u7063\u751f\u6d3b\u4e86\uff0c\u4e5f\u8d8a\u4f86\u8d8a\u4e86\u89e3\u53f0\u7063\u4e86\u54e6"
        },
        {
            "reply_id": "UgwkHOVZ44F4nc8Jt414AaABAg",
            "reply_content": "\u6839\u672c\u53f0\u5357\u570b\u969b\u884c\u92b7\u4ee3\u8a00\u4eba"
        },
        {
            "reply_id": "UgwxSZTLuEmgKxS_b1l4AaABAg",
            "reply_content": "\u9019\u5e97\u540d\u8ddf\u91d1\u91dd\u83c7\u5f88\u642d"
        },
        {
            "reply_id": "UgwqZfEAZ0blo0VGERZ4AaABAg",
            "reply_content": "\u4e0d\u932f\u7684\u4e00\u65e5\u6253\u5de5"
        },
        {
            "reply_id": "UgzX6hmYz5ZQ55yuzcZ4AaABAg",
            "reply_content": "\u53bb\u53f0\u5357\u73a9\u7684\u6642\u5019\u53bb\u904e \u5f88\u8c50\u5bcc\u7684\u5730\u65b9\u8d85\u591a\u5403\u7684"
        },
        {
            "reply_id": "UgxMrEzhxdqaUBdug4V4AaABAg",
            "reply_content": "\u597d\u73a9\u55ce"
        },
        {
            "reply_id": "Ugyq7jcZGrvo--EzktR4AaABAg",
            "reply_content": "\u4e5f\u592a\u5927\u9593"
        },
        {
            "reply_id": "UgwTtdfyubJy9HEtC1t4AaABAg",
            "reply_content": "\u6211\u559c\u6b61\u5403\u4ed6\u5011\u7684\u9bc9\u9b5a\u738b\u8ddf\u7d05\u8c6c\u516c"
        },
        {
            "reply_id": "Ugyiy2tqSsgjb2DgOkV4AaABAg",
            "reply_content": "\u5f88\u559c\u6b61\u9019\u985e\u50b3\u7d71\u96dc\u8ca8\u5e97\u5408\uff0c\u5f88\u9ad8\u8208\u5b83\u6c92\u88ab\u9023\u9396\u9ad4\u7cfb\u7684\u8d85\u5546\u64ca\u5012"
        },
        {
            "reply_id": "UgyTlR01tSKm0Sw3qRl4AaABAg",
            "reply_content": "\u4e00\u767e\u5206\u671f\u5f85\u4e0b\u6b21\u9084\u6709\u9019\u985e\u578b\u5f71\u7247\u54c8\u54c8\u5f88\u68d2\u52a0\u6cb9"
        },
        {
            "reply_id": "UgxGiVW_vyas4O4For94AaABAg",
            "reply_content": "\u70ba\u4ec0\u9ebc\u9019\u5f48\u73e0\u6c7d\u6c34\u6253\u958b\u65b9\u5f0f\u8ddf\u6211\u5370\u8c61\u4e2d\u4e0d\u4e00\u6a23"
        },
        {
            "reply_id": "UgwUMHdljA0DVPmUg0V4AaABAg",
            "reply_content": "\u5409\u767e\u5206"
        },
        {
            "reply_id": "Ugz6ny3qotB_Af6oiRh4AaABAg",
            "reply_content": "\u91d1\u91dd\u83c7\u90a3\u73a9\u5177\u5e97\u5728\u54ea\u88e1"
        },
        {
            "reply_id": "Ugx43RS2GDfN3T_eZX54AaABAg",
            "reply_content": "\u5b89\u5e73\u8001\u8857"
        },
        {
            "reply_id": "UgxoVjbf5oBDeVt0MqN4AaABAg",
            "reply_content": "\u90a3\u5e7e\u6839\u8766\u6372\u7684\u50f9\u683c\u6bd4\u4e00\u500b\u5c0f\u6642\u7684\u6642\u85aa\u9084\u8cb4"
        },
        {
            "reply_id": "UgwA3NuaIMfj5G7BunR4AaABAg",
            "reply_content": "\u6211\u7b2c\u4e00\u6b21\u770b\u67d1\u5e97\u9019\u9ebc\u5927\u9593\u7684"
        },
        {
            "reply_id": "Ugw5KnLyqz07YtsxcVV4AaABAg",
            "reply_content": "\u91d1\u91dd\u83c7\u6709\u5403\u904e\u72d7\u8089\u55ce"
        },
        {
            "reply_id": "Ugwe0pSbIdWBf2lNf4x4AaABAg",
            "reply_content": "\u8f9b\u82e6\u4e86"
        },
        {
            "reply_id": "UgyJvcdg0G8vKxLzF1l4AaABAg",
            "reply_content": "\u59b9\u59b9\u771f\u53ef\u611b"
        },
        {
            "reply_id": "Ugx_821Uw0iVz32oBTV4AaABAg",
            "reply_content": "\u771f\u53ef\u611b"
        },
        {
            "reply_id": "UgwJpeQT2a7dhmYE9AF4AaABAg",
            "reply_content": "\u5438\u5438\u6a02\u6839\u672c\u662f\u56de\u61b6 \u570b\u5c0f\u7684\u6642\u5019\u90fd\u53bb\u8d85\u5e02\u8cb7\u4e00\u76d2\u5e36\u53bb\u5b78\u6821\u5403"
        },
        {
            "reply_id": "UgyfxmOPZERGE7F-c6h4AaABAg",
            "reply_content": "\u6211\u8d85\u611b\u5403\u90a3\u500b\u7d05\u8272\u4e00\u7247\u4e00\u7247\u4eae\u4eae\u7684\u90a3\u500b\uff0c\u6211\u4e0d\u77e5\u9053\u53eb\u5565"
        }
    ]
}