{
    "video_info": {
        "id": "A5F0Ef6C02s",
        "channelTitle": "\u97d3\u52fe\u311f\u91d1\u91dd\u83c7 \ucc10\uca50\uafb8",
        "title": "\u5e36\u97d3\u570b\u963f\u5b24\u5403\u7206\u53f0\u7063\u6d77\u9bae\u9910\u5ef3\u2764\ufe0f\u5403\u5b8c\u53eb\u6211\u8ddf\u53f0\u7063\u4eba\u7d50\u5a5a..\uff08\uff1f\uff09\ud83d\ude02\uff5c\u97d3\u52fe\u311f\u91d1\u91dd\u83c7 \ucc10\uca50\uafb8",
        "description": "#\u97d3\u570b\u963f\u5b24 #\u53f0\u7063\u6d77\u9bae\u9910\u5ef3\n\n\u5e0c\u671b\u4f60\u5011\u559c\u6b61\u9019\u90e8\u5f71\u7247\n\u559c\u6b61\u5e6b\u6211\u8a02\u95b1\u6309\u8b9a\u5206\u4eab \u8a18\u5f97\u958b\u555f\u5c0f\u9234\u943a\u6536\u53d6\u65b0\u7247\u901a\u77e5\u5594\uff01\n\n\uff3f\uff3f\uff3f\uff3f\uff3f\uff3f\uff3f\uff3f\uff3f\uff3f\uff3f\uff3f\uff3f\uff3f\uff3f\uff3f\uff3f\uff3f\uff3f\uff3f\uff3f\n\n\u2b50\ufe0f\u91d1\u91dd\u83c7\u7684\u97d3\u570b\u7f8e\u98df\u54c1\u724c\uff1ahttps://www.kimkfoods.com\n\u2b50\ufe0f\u91d1\u5bb6\u311f\u5e03\u5e33\u99ac\u8eca\uff1ahttps://www.facebook.com/groups/2297603990535075/\n\u2b50\ufe0f\u91d1\u91dd\u83c7\u7684\u7c89\u5c08: https://www.facebook.com/Koreajinzhengu/\n\u2b50\ufe0f\u91d1\u91dd\u83c7\u7684IG: https://www.instagram.com/ggu__kim/\n\u2b50\ufe0f\u5408\u4f5c\u9080\u7d04\u8acb\u6d3dPressPlay\uff1ajinyoungkim@pressplay.cc\n\n\uff3f\uff3f\uff3f\uff3f\uff3f\uff3f\uff3f\uff3f\uff3f\uff3f\uff3f\uff3f\uff3f\uff3f\uff3f\uff3f\uff3f\uff3f\uff3f\uff3f\uff3f",
        "likeCount": "24928",
        "commentCount": "678",
        "viewCount": "882559"
    },
    "comments": [
        {
            "reply_id": "UgzDz8C7oDTgR1h1g1d4AaABAg",
            "reply_content": "\u6211\u73fe\u5728\u6b63\u5728\u5403\u9019\u9593"
        },
        {
            "reply_id": "UgyfeS2ubmG6Cqodj214AaABAg",
            "reply_content": "\u8868\u59d0\u82f1\u6587\u8b1b\u5f97\u5f88\u597d\u554a"
        },
        {
            "reply_id": "Ugx68V9A-PsoTtFWBkh4AaABAg",
            "reply_content": "\u9019\u4e00\u684c\u8981\u591a\u5c11\u9322"
        },
        {
            "reply_id": "Ugxt_viHnsFJavcJgGN4AaABAg",
            "reply_content": "\u9019\u6d77\u9bae\u9910\u5ef3\u611f\u89ba\u5f88\u76e4\u5594"
        },
        {
            "reply_id": "UgxRmAZUz5UhjjNnzDt4AaABAg",
            "reply_content": "\u9ebb\u6cb9\u8170\u5b50\u5f88\u8b9a\u8036"
        },
        {
            "reply_id": "Ugzbwewo-437O6mPpul4AaABAg",
            "reply_content": "\u9023\u770b\u4f60\u5f71\u7247\u4e5f\u8d85\u958b\u5fc3"
        },
        {
            "reply_id": "UgxZkU3HL0rei8p34WZ4AaABAg",
            "reply_content": "\u963f\u5b24\u771f\u7684\u5403\u592a\u98fd\u4e86"
        },
        {
            "reply_id": "UgwrF1lImEz8dBlgf_R4AaABAg",
            "reply_content": "\u5728\u53f0\u7063\u5403\u6d77\u7522\u5e97\u4e00\u5b9a\u8981\u9ede\u7092\u9eb5\uff01\u5982\u679c\u770b\u5230\u7559\u8a00\u96a8\u4fbf\u53bb\u627e\u4e00\u5bb6\u6d77\u9bae\u5e97\u5916\u5e36\u500b\u7092\u9eb5\u4f86\u5403\uff01\u5982\u679c\u6d77\u9bae\u5e97\u7092\u9eb5\u80fd\u7092\u5230\u4e0d\u597d\u5403\uff01\u5176\u4ed6\u6771\u897f\u53ef\u4ee5\u4e0d\u8981\u5403"
        },
        {
            "reply_id": "UgzbgFE3ivS2cMKnvO54AaABAg",
            "reply_content": "\u91d1\u91dd\u59d0\u7684\u82f1\u6587\u767c\u97f3\u597d\u597d\u5594 \u7537\u670b\u53cb\u662f\u7f8e\u570b\u4eba\u9f41"
        },
        {
            "reply_id": "UgwiiIN8XgcA-PpamsN4AaABAg",
            "reply_content": "\u9019\u684c\u591a\u5c11\u9322"
        },
        {
            "reply_id": "UgzFNqsKoUT_E-dah8V4AaABAg",
            "reply_content": "\u9019\u5bb6\u7684\u767d\u9be7\u7c73\u7c89\u5f88\u597d\u5403"
        },
        {
            "reply_id": "UgyVQ9HJvo3EQKSzqJ14AaABAg",
            "reply_content": "\u9ebb\u6cb9\u8170\u5b50\u8981\u6cbe\u8fa3\u6912\u91ac\u6cb9\u5566"
        },
        {
            "reply_id": "UgwFrJnas0mPmaPhEEF4AaABAg",
            "reply_content": "\u65b0\u6771\u5357\u8d85\u597d\u5403"
        },
        {
            "reply_id": "UgxVdJu0EfQ4qif05xJ4AaABAg",
            "reply_content": "\u91d1\u91dd\u83c7\u6709\u5920\u8170\u7626\u7684"
        },
        {
            "reply_id": "UgyGW7K1okKOP9HpGph4AaABAg",
            "reply_content": "\u59d0\u59d0\u81ea\u4ee5\u70ba\u82f1\u6587\u8001\u5e2b"
        },
        {
            "reply_id": "UgzmT6_44Mu_v2ZtpvZ4AaABAg",
            "reply_content": "\u4e0d\u70ba\u4e86\u62cd\u7247\u6d6a\u8cbb\u98df\u7269\u5566\uff0c\u9ede\u90a3\u9ebc\u591a\u4e00\u770b\u5c31\u77e5\u9053\u5403\u4e0d\u5b8c"
        },
        {
            "reply_id": "UgzRRmKrS8jaU6nhxWl4AaABAg",
            "reply_content": "\u55ae\u9ede\uff0c\u5408\u83dc\u53f0\u7063\u9910\u5ef3\u6709\u9019\u7a2e\u670d\u52d9\u6c92\u5403\u5b8c\u53ef\u4ee5\u8b93\u5e97\u5bb6\u5e6b\u5fd9\u6253\u5305\u5e36\u56de\u5bb6"
        },
        {
            "reply_id": "UgyQTD8TBJeEZRK7Exp4AaABAg",
            "reply_content": "\u963f\u5b24\u7576\u7136\u662f\u91d1\u91dd\u83c7\u983b\u9053\u6700\u5927\u8ca2\u737b\u8005\u5566\uff0c\u89c0\u770b\u524d\u4e09\u540d\u6709\u5169\u652f\u662f\u963f\u5b24\u8036"
        },
        {
            "reply_id": "UgzSrwgsqJIVjZf3zmd4AaABAg",
            "reply_content": "\u83c7\u83c7\u7684\u59d0\u59d0\u597d\u6f02\u4eae\u5f88\u6eab\u67d4"
        },
        {
            "reply_id": "UgzgwFkpVYHS6sFHeYF4AaABAg",
            "reply_content": "\u5802\u59d0\u8b1b\u82f1\u6587\u597d\u597d\u807d\u5594"
        },
        {
            "reply_id": "UgyxdbpyRR5iWLeRbD94AaABAg",
            "reply_content": "\u6211\u60f3\u770b\u5f70\u5316\u7684\u9999\u5ba2\u5927\u6a13"
        },
        {
            "reply_id": "UgwiTU6Bmmwia8Sc3M14AaABAg",
            "reply_content": "\u4f60\u53ef\u4ee5\u62cd\u4e00\u500b\u65b0\u7684\u5f71\u7247"
        },
        {
            "reply_id": "UgzxjIgJKu_O3Ju1bLN4AaABAg",
            "reply_content": "\u53ef\u4ee5\u62cd\u5f70\u5316"
        },
        {
            "reply_id": "Ugxzl7hSDAcpfY-SOvF4AaABAg",
            "reply_content": "\u91d1\u91dd\u83c7\u7fd2\u7684\u5f71\u7247\u5f88\u597d\u770b"
        },
        {
            "reply_id": "UgyFjzUghHHTw2MFV9h4AaABAg",
            "reply_content": "\u963f\u5b24\u7684\u5efa\u8b70\u4e0d\u932f"
        }
    ]
}