{
    "video_info": {
        "id": "aB2xbLi-Qvg",
        "channelTitle": "\u97d3\u52fe\u311f\u91d1\u91dd\u83c7 \ucc10\uca50\uafb8",
        "title": "\u8783\u87f9\u5b63\u6eff\u6eff\u7684\u5375\uff01\u5317\u90e83\u9593\u8783\u87f9\u9910\u5ef3\u8a55\u6bd4\ud83e\udd80\ufe0f\u5fc3\u76ee\u4e2d\u7b2c\u4e00\u540d\u662f..\u9019\u9593\uff01\u6700\u80a5\u7f8e&\u5f77\u5f7f\u5728\u6d77\u5cb8\u6751\u6070\u6070\uff01\uff01\uff5c\u97d3\u52fe\u311f\u91d1\u91dd\u83c7 \ucc10\uca50\uafb8",
        "description": "\u8783\u87f9\u5403\u5230\u723d\uff01\uff01\uff01\uff01\uff01\uff01\n\u8783\u87f9\u5b63\u5feb\u7d50\u675f\u4e86 \u5927\u5bb6\u8d95\u5feb\u53bb\uff5e\uff01\uff01\uff01\uff01\uff01\n\n#\u8783\u87f9\u5b632021 #\u6d77\u5cb8\u6751\u6070\u6070\n#\u5317\u90e8\u8783\u87f9\u63a8\u85a6\n#\u5728\u5730\u8783\u87f9\u8a55\u6bd4\n#\u8783\u87f9\u9910\u5ef3  #\u8783\u87f9\u54ea\u88e1\u8cb7 #\u8783\u87f92021\n\n\u5e0c\u671b\u4f60\u5011\u559c\u6b61\u9019\u90e8\u5f71\u7247\n\u559c\u6b61\u5e6b\u6211\u8a02\u95b1\u6309\u8b9a\u5206\u4eab \u8a18\u5f97\u958b\u555f\u5c0f\u9234\u943a\u6536\u53d6\u65b0\u7247\u901a\u77e5\u5594\uff01\n\n\uff3f\uff3f\uff3f\uff3f\uff3f\uff3f\uff3f\uff3f\uff3f\uff3f\uff3f\uff3f\uff3f\uff3f\uff3f\uff3f\uff3f\uff3f\uff3f\uff3f\uff3f\n\n\u2b50\ufe0f\u91d1\u5bb6\u311f\u5e03\u5e33\u99ac\u8eca\uff1ahttps://www.facebook.com/groups/2297603990535075/\n\u2b50\ufe0f\u91d1\u91dd\u83c7\u7684\u7c89\u5c08: https://www.facebook.com/Koreajinzhengu/\n\u2b50\ufe0f\u91d1\u91dd\u83c7\u7684IG: https://www.instagram.com/ggu__kim/\n\u2b50\ufe0f\u5408\u4f5c\u9080\u7d04\u8acb\u6d3dPressPlay\uff1ajinyoungkim@pressplay.cc\n\n\uff3f\uff3f\uff3f\uff3f\uff3f\uff3f\uff3f\uff3f\uff3f\uff3f\uff3f\uff3f\uff3f\uff3f\uff3f\uff3f\uff3f\uff3f\uff3f\uff3f\uff3f",
        "likeCount": "11355",
        "commentCount": "409",
        "viewCount": "553579"
    },
    "comments": [
        {
            "reply_id": "UgwiHpJXjCmqM1GpP2l4AaABAg",
            "reply_content": "\u4f60\u7684\u98ef\u7cf0\u771f\u597d\u5403"
        },
        {
            "reply_id": "Ugy7zEY1Lya0M8KKUpV4AaABAg",
            "reply_content": "\u6709\u67f4\u72ac\u7684\u5c31\u7d66\u8b9a"
        },
        {
            "reply_id": "UgzNUDV01lYquncQoZd4AaABAg",
            "reply_content": "\u4f46\u6211\u9084\u662f\u6bd4\u8f03\u559c\u6b61\u97d3\u5f0f\u91ac\u6cb9\u87f9\uff0c\u53f0\u4e2d\u6709\u5bb6\u8766\u771f\u7684\u5f88\u9bae\u597d\u5403"
        },
        {
            "reply_id": "Ugy8Ap8wBqsC8fpvJ5x4AaABAg",
            "reply_content": "\u6211\u5bb6\u5f88\u591a\u8783\u87f9\u4f46\u6211\u5011\u4e0d\u592a\u6703\u525d\u6240\u4ee5\u90fd\u9084\u6c92\u5403\ud83e\udd23"
        },
        {
            "reply_id": "Ugweb9FbAjkZ1sOmLKJ4AaABAg",
            "reply_content": "\u6fdf\u5dde\u5cf6\u597d\u50cf\u6d77\u7522\u4e5f\u5f88\u6709\u540d"
        },
        {
            "reply_id": "UgwW3f36cLdtRbj8Npx4AaABAg",
            "reply_content": "\u8783\u87f9\u6cbf\u8457\u5c41\u80a1\u90a3\u500b\u4e09\u89d2\u5f62\u5f80\u4e0a\u64a5\u80fd\u8f15\u9b06\u6253\u958b\u80cc\u6bbc\uff0c\u5f9e\u982d\u90a3\u88e1\u6253\u958b\u624b\u5bb9\u6613\u5272\u50b7"
        },
        {
            "reply_id": "UgxnMRHOd7ndI--bTv54AaABAg",
            "reply_content": "\u8ca1\u5bcc\u81ea\u7531\u7684\u83c7\u83c7"
        },
        {
            "reply_id": "UgzHtJQ5s0Rn5WJZ0-94AaABAg",
            "reply_content": "\u53ef\u60dc\u6ca1\u87f9\u9ec4"
        },
        {
            "reply_id": "UgzUXT5y5JQZ8sQGrZl4AaABAg",
            "reply_content": "\u8d85\u7231\u8783\u87f9\u6d77\u9c9c\u7c7b\u7684"
        },
        {
            "reply_id": "UgwxSCjH5Plv5rcgYq14AaABAg",
            "reply_content": "\u97d3\u570b\u4eba\u597d\u591a\u6280\u80fd\u54e6"
        },
        {
            "reply_id": "UgwuFbP5T4Wx0a_R9zt4AaABAg",
            "reply_content": "\u540e\u91cc\u87f9\u7684\u6897\u6211\u7b11\u4e86"
        },
        {
            "reply_id": "Ugxqm19vHNSt0cxnsj54AaABAg",
            "reply_content": "\u53ef\u4ee5\u53bb\u5b9c\u862d\u627e\u963f\u5764\u7684\u6c34\u65cf\u904a\u6a02\u5712\u5403\u8766\u87f9\u82b1\u679d"
        },
        {
            "reply_id": "UgyPZGPvV2yQKQdlH5p4AaABAg",
            "reply_content": "\u5927\u5bb6\u5feb\u628a\u6703\u525d\u8783\u87f9\u7684\u83c7\u83c7\u5a36\u56de\u5bb6"
        },
        {
            "reply_id": "UgwRPfqXoPygDR5qOuF4AaABAg",
            "reply_content": "\u963f\u5b0c\u4e5f\u6709\u9f8d\u864e\u73ed\u4e0d\u932f\u5403"
        },
        {
            "reply_id": "UgyZZ7lS2PbNloYX4_14AaABAg",
            "reply_content": "\u6d77\u5cb8\u6751\u6070\u6070\u6070"
        },
        {
            "reply_id": "Ugz9X_tJMJqrM4-Zytt4AaABAg",
            "reply_content": "\u770b\u5b8c\u597d\u60f3\u5403\u8783\u87f9\u554a"
        },
        {
            "reply_id": "UgzAKpyrSdGVtB7OUGN4AaABAg",
            "reply_content": "\u600e\u9ebc\u4e0d\u5f9e\u5c41\u80a1\u64a5\u5462"
        },
        {
            "reply_id": "Ugz9HSGDZBROlE9cFIt4AaABAg",
            "reply_content": "\u60f3\u77e5\u9053\u7b2c\u4e00\u5bb6\u6b63\u78ba\u662f\u90a3\u9593"
        },
        {
            "reply_id": "UgzSDwo1mqO6s1eInJ14AaABAg",
            "reply_content": "\u60f3\u554f\u6709\u4eba\u77e5\u9053\u91d1\u91dd\u83c7\u6234\u7684\u53e3\u7f69\u662f\u4ec0\u9ebc\u724c\u5b50\u7684\u55ce\uff1f"
        },
        {
            "reply_id": "UgyyrWPckcIG3Rf6CHl4AaABAg",
            "reply_content": "\u91d1\u91dd\u83c7\u544a\u8a34\u4f60\u4e00\u500b\u5c0f\u77e5\u8b58\u5982\u679c\u8981\u958b\u87f9\u6bbc\u5f9e\u5c41\u80a1\u958b\u6bd4\u8f03\u597d\u958b\u5f9e\u982d\u90e8\u958b\u6703\u50cf\u5f71\u7247\u4e00\u6a23\u4e0b\u6b21\u53ef\u4ee5\u8a66\u770b\u770b\u500b\u4eba\u5403\u87f9\u7d93\u9a57\ud83d\ude01"
        },
        {
            "reply_id": "UgwKVdv_FJRF0WIXUrl4AaABAg",
            "reply_content": "\u5982\u679c\u8003\u616e\u5230\u50f9\u683c\u8ddf\u8089\u591a\u7684\u8a71\uff0c\u9664\u4e86\u5e1d\u738b\u87f9\u9084\u6709\u4e00\u500b\u9078\u64c7\u5c31\u662f\u6c99\u516c\u4e86"
        },
        {
            "reply_id": "UgzmDxQDkl6MrXbiOQB4AaABAg",
            "reply_content": "\u8981"
        },
        {
            "reply_id": "Ugy1eiA6g31y6hLiM4J4AaABAg",
            "reply_content": "\u6c92\u6709\u96a8\u8eab\u5e36\u9152\u7cbe\u5674\u624b\u55ce\uff1f\u9152\u7cbe\u53ef\u4ee5\u53bb\u9664\u6d77\u9bae\u8165\u5473"
        },
        {
            "reply_id": "UgzAmRmeesnaVH_EgcR4AaABAg",
            "reply_content": "\u68d2\u68d2\u7684"
        },
        {
            "reply_id": "Ugx8t8VcPJoe7KpH8P14AaABAg",
            "reply_content": "\u592a\u60f3\u5728\u57fa\u9686\u5de7\u9047\u91d1\u91dd\u83c7\u4e86"
        }
    ]
}