{
    "video_info": {
        "id": "b9QTawinOoU",
        "channelTitle": "\u97d3\u52fe\u311f\u91d1\u91dd\u83c7 \ucc10\uca50\uafb8",
        "title": "\u8b93\u59d0\u59d0\u9ad4\u9a57\u5404\u7a2e\u300c\u53f0\u5357\u7f8e\u98df\u300d\u2764\ufe0f\u6703\u7fd2\u6163\u5403\u55ce\uff1f\uff01\u5979\u7684TOP1\u53f0\u5357\u7f8e\u98df\u662f....\ud83c\udf1f\uff5c\u97d3\u52fe\u311f\u91d1\u91dd\u83c7 \ucc10\uca50\uafb8",
        "description": "\u5e0c\u671b\u4f60\u5011\u559c\u6b61\u9019\u90e8\u5f71\u7247\n\u559c\u6b61\u5e6b\u6211\u8a02\u95b1\u6309\u8b9a\u5206\u4eab \u8a18\u5f97\u958b\u555f\u5c0f\u9234\u943a\u6536\u53d6\u65b0\u7247\u901a\u77e5\u5594\uff01\n\n\uff3f\uff3f\uff3f\uff3f\uff3f\uff3f\uff3f\uff3f\uff3f\uff3f\uff3f\uff3f\uff3f\uff3f\uff3f\uff3f\uff3f\uff3f\uff3f\uff3f\uff3f\n\n\u2b50\ufe0f\u91d1\u91dd\u83c7\u7684\u97d3\u570b\u7f8e\u98df\u54c1\u724c\uff1ahttps://www.kimkfoods.com\n\u2b50\ufe0f\u91d1\u5bb6\u311f\u5e03\u5e33\u99ac\u8eca\uff1ahttps://www.facebook.com/groups/2297603990535075/\n\u2b50\ufe0f\u91d1\u91dd\u83c7\u7684\u7c89\u5c08: https://www.facebook.com/Koreajinzhengu/\n\u2b50\ufe0f\u91d1\u91dd\u83c7\u7684IG: https://www.instagram.com/ggu__kim/\n\u2b50\ufe0f\u5408\u4f5c\u9080\u7d04\u8acb\u6d3dPressPlay\uff1ajinyoungkim@pressplay.cc\n\n\uff3f\uff3f\uff3f\uff3f\uff3f\uff3f\uff3f\uff3f\uff3f\uff3f\uff3f\uff3f\uff3f\uff3f\uff3f\uff3f\uff3f\uff3f\uff3f\uff3f\uff3f",
        "likeCount": "39120",
        "commentCount": "1472",
        "viewCount": "1772552"
    },
    "comments": [
        {
            "reply_id": "UgxwjgNjcORQXK1z5IF4AaABAg",
            "reply_content": "\u53ef\u4ee5\u7576\u81fa\u5357\u7f8e\u98df\u89c0\u5149\u5927\u4f7f\u4e86"
        },
        {
            "reply_id": "UgyK95uWvqd6d4A-nJ54AaABAg",
            "reply_content": "\u59d0\u59d0\u8d85\u7f8e\u82f1\u6587\u8d85\u597d"
        },
        {
            "reply_id": "UgyepeKUTjaE4fzMCCR4AaABAg",
            "reply_content": "\u6211\u60f3\u770b\u4f60\u59d0\u4ed6\u5f88\u81ea\u7136\u53c8\u4e0d\u4f5c\u4f5c\u4ed6\u662f\u6211\u7684\u83dc"
        },
        {
            "reply_id": "UgyCDBXifh4nOvEMat14AaABAg",
            "reply_content": "\u59d0\u59d0\u76f4\u63a5\u5ac1\u7d66\u81fa\u7063\u4eba\u597d\u4e86"
        },
        {
            "reply_id": "UgyOc3_z80TGnb_xm_F4AaABAg",
            "reply_content": "\u59d0\u59d0\u597d\u6f02\u4eae"
        },
        {
            "reply_id": "UgzIVtEWha8uMuVNnnd4AaABAg",
            "reply_content": "\u59d0\u59d0\u6c34\u6c34\u7684"
        },
        {
            "reply_id": "UgwdWtdWZcYdWJMnCxF4AaABAg",
            "reply_content": "\u91d1\u8868\u59d0\u597d\u6f02\u4eae"
        },
        {
            "reply_id": "Ugx9-k51Yvv-TpC8L4t4AaABAg",
            "reply_content": "\u60f3\u59d0\u59d0\u4e86"
        },
        {
            "reply_id": "Ugyh0N8CkLmdhVVzCUR4AaABAg",
            "reply_content": "\u5403\u81ed\u8c46\u8150\u7b11\u6b7b\u6211\u4e86 \u5176\u5be6\u9ed1\u8272\u7684\u81ed\u8c46\u8150\u66f4\u597d\u5403\u55f7"
        },
        {
            "reply_id": "UgxujWBfmyimOoeZMLB4AaABAg",
            "reply_content": "\u91d1\u91dd\u83c7\u525b\u4e0a\u7b2c\u4e00\u652f\u7247\u7684\u6642\u5f8c\u597d\u50cf\u8ddf\u59d0\u59d0\u4e00\u6a23\u7626"
        },
        {
            "reply_id": "UgwJtHiAKrUV0H8ybTl4AaABAg",
            "reply_content": "\u59ca\u59ca\u8d85\u4ed9"
        },
        {
            "reply_id": "UgxUPL6aE-jub-qdnwd4AaABAg",
            "reply_content": "\u53ea\u8981\u770b\u5230\u76f8\u89aa\u76f8\u611b\u7684\u5bb6\u4eba\u5c31\u8b93\u4eba\u5fc3\u88cf\u4e00\u80a1\u6696\u6696\u611f\u89ba"
        },
        {
            "reply_id": "UgwQ5PiYvNSnuV1xEQd4AaABAg",
            "reply_content": "\u6b61\u8fce\u4f86\u9ad8\u96c4"
        },
        {
            "reply_id": "Ugx3XddH4o8xRqQ94H14AaABAg",
            "reply_content": "\u8292\u679c\u5df2\u7d93\u6709\u4e86\uff0c\u4f46\u6709\u4e00\u9ede\u8cb4\u53f0\u5317\u6703\u5148\u6709\u53f0\u5357\u90fd\u6709\u4e86"
        },
        {
            "reply_id": "UgyDKCFqJjs7e4O3lz94AaABAg",
            "reply_content": "\u59d0\u59d0\u8d85\u53ef\u611b"
        },
        {
            "reply_id": "Ugxwu6QvmmiESD0zQjZ4AaABAg",
            "reply_content": "\u8acb\u554f\u4e00\u4e0b\u9019\u9593\u53f0\u5357\u6c11\u5bbf\u53eb\u4ec0\u9ebc\u540d\u5b57\u5440"
        },
        {
            "reply_id": "UgyN7wIMR6-dyxZJkuV4AaABAg",
            "reply_content": "\u81ed\u8c46\u8150\u8d85\u7d1a\u597d\u5403\u7684\u5566"
        },
        {
            "reply_id": "UgxEfPw-O3TbcCVxVpN4AaABAg",
            "reply_content": "\u83c7\u59ca\u662f\u4e00\u4eba\u5f9e\u7f8e\u570b\u642c\u56de\u97d3\u570b\u55ce\uff1f\u8a18\u5f97\u91d1\u91dd\u83c7\u6709\u53bb\u7f8e\u570b\u627e\u904e\u83c7\u59ca"
        },
        {
            "reply_id": "Ugwd31BV2M6C0BMEh614AaABAg",
            "reply_content": "\u6211\u4e5f\u559c\u6b61\u770b\u6a39\uff0c\u6211\u89ba\u5f97\u80e1\u5fd7\u660e\u5e02\u7684\u6a39\u6bd4\u53f0\u7063\u7684\u597d\u770b"
        },
        {
            "reply_id": "Ugyh9fLU8nqJc4uLn3V4AaABAg",
            "reply_content": "\u59d0\u59d0\u8b1b\u82f1\u6587\u597d\u597d\u807d"
        },
        {
            "reply_id": "UgxZsFLZMPwxLTY8fqx4AaABAg",
            "reply_content": "\u59d0\u59d0\u5f88\u6f02\u4eae"
        },
        {
            "reply_id": "Ugz_UgoMqi5vv7B-rdF4AaABAg",
            "reply_content": "\u91d1\u91dd\u83c7\u5f88\u4e45\u6c92\u6709\u53bb\u627e\u53f0\u5357\u963f\u5317"
        },
        {
            "reply_id": "UgxIfZI2FmUvmCIFki54AaABAg",
            "reply_content": "\u59ca\u59ca\u5f88\u6709\u6c23\u8cea"
        },
        {
            "reply_id": "Ugzrsgdvpkn3ppMvCPt4AaABAg",
            "reply_content": "\u59ca\u59ca\u6bd4\u8f03\u6c34"
        },
        {
            "reply_id": "UgxMxYvOoTXjCYluQhx4AaABAg",
            "reply_content": "\u7bc0\u594f\u597d\u9806\u597d\u597d\u770b\u54c8\u54c8"
        }
    ]
}