{
    "video_info": {
        "id": "b9W7O4-RWpg",
        "channelTitle": "\u97d3\u52fe\u311f\u91d1\u91dd\u83c7 \ucc10\uca50\uafb8",
        "title": "\u958b\u7bb1\u97d3\u570b\u7238\u7238\u6536\u5230\u7684\u516c\u95dc\u54c1\ud83d\udd25\u600e\u9ebc\u6bd4Youtuber\u7684\u5973\u5152\u9084\u8981\u591a\ud83e\udd23\ud83e\udd23\u53f0\u97d3\u9001\u79ae\u5dee\u7570\u3010\u56de\u97d3\u570b\u7cfb\u5217\ud83c\uddf0\ud83c\uddf76\u3011\uff5c\u97d3\u52fe\u311f\u91d1\u91dd\u83c7 \ucc10\uca50\uafb8",
        "description": "\u900f\u904e\u4ee5\u4e0b\u7db2\u5740\u7372\u5f97Surfshark VPN: \nhttps://surfshark.deals/GGU\n\n\u8f38\u5165\u6298\u6263\u78bc GGU\uff0c\u5c31\u53ef\u99ac\u4e0a\u7372\u5f97\u300c1.7\u6298\u300d\u512a\u60e0+3\u500b\u6708\u7684\u514d\u8cbb\u8a66\u7528\u671f\u5594\uff01\n\n\u5e0c\u671b\u4f60\u5011\u559c\u6b61\u9019\u90e8\u5f71\u7247\n\u559c\u6b61\u5e6b\u6211\u8a02\u95b1\u6309\u8b9a\u5206\u4eab \u8a18\u5f97\u958b\u555f\u5c0f\u9234\u943a\u6536\u53d6\u65b0\u7247\u901a\u77e5\u5594\uff01\n\n\n#\u516c\u95dc\u54c1\u958b\u7bb1 #\u56de\u97d3\u570b\u7cfb\u5217 #\u65b0\u5e74\u79ae\u76d2\n\uff3f\uff3f\uff3f\uff3f\uff3f\uff3f\uff3f\uff3f\uff3f\uff3f\uff3f\uff3f\uff3f\uff3f\uff3f\uff3f\uff3f\uff3f\uff3f\uff3f\uff3f\n\n\u2b50\ufe0f\u91d1\u91dd\u83c7\u7684\u97d3\u570b\u7f8e\u98df\u54c1\u724c\uff1ahttps://www.kimkfoods.com\n\u2b50\ufe0f\u91d1\u5bb6\u311f\u5e03\u5e33\u99ac\u8eca\uff1ahttps://www.facebook.com/groups/2297603990535075/\n\u2b50\ufe0f\u91d1\u91dd\u83c7\u7684\u7c89\u5c08: https://www.facebook.com/Koreajinzhengu/\n\u2b50\ufe0f\u91d1\u91dd\u83c7\u7684IG: https://www.instagram.com/ggu__kim/\n\u2b50\ufe0f\u5408\u4f5c\u9080\u7d04\u8acb\u6d3dPressPlay\uff1ajinyoungkim@pressplay.cc\n\n\uff3f\uff3f\uff3f\uff3f\uff3f\uff3f\uff3f\uff3f\uff3f\uff3f\uff3f\uff3f\uff3f\uff3f\uff3f\uff3f\uff3f\uff3f\uff3f\uff3f\uff3f",
        "likeCount": "23489",
        "commentCount": "2061",
        "viewCount": "871185"
    },
    "comments": [
        {
            "reply_id": "UgxeYVgenOHZe4yJShN4AaABAg",
            "reply_content": "\u7fa8\u6155"
        },
        {
            "reply_id": "Ugy7hgsfc7jvzb4KNmB4AaABAg",
            "reply_content": "\u60f3\u77e5\u9053\u4e7e\u7269\u79ae\u76d2\u88e1\u9762\u6709\u54ea\u4e9b\u5c0f\u83dc"
        },
        {
            "reply_id": "UgxyrMp6myFeRGCBEUZ4AaABAg",
            "reply_content": "\u6211\u5011\u9999\u6e2f\u4eba\u5e38\u98df\u51ac\u87f2\u590f\u8349"
        },
        {
            "reply_id": "UgxCgOyDZ6sliNWi0hR4AaABAg",
            "reply_content": "\u51ac\u87f2\u590f\u8349\u5728\u53f0\u7063\u53ea\u80fd\u7b97\u6bd4\u8f03\u8cb4\u4e00\u9ede\u7684\u83c7\u985e\uff0c\u4e0d\u904e\u53f0\u7063\u7684\u51ac\u87f2\u590f\u8349\u662f\u771f\u83cc\u5bc4\u751f\u5728\u87f2\u8eab\u4e0a\u8b8a\u6210\u4e00\u7a2e\u85e5\u8349\u3002\u5728\u53f0\u7063\u904e\u7bc0\u9001\u860b\u679c\u6709\u5e73\u5b89\u7684\u610f\u601d"
        },
        {
            "reply_id": "Ugzynctsn7m8AqYHHFd4AaABAg",
            "reply_content": "\u9019\u5f71\u7247\u8d85\u7d1a\u6709\u8da3"
        },
        {
            "reply_id": "UgyKx6n4cOqsDHQbgYh4AaABAg",
            "reply_content": "\u8702\u871c\u4eba\u8518\u6211\u5abd\u4e5f\u8d85\u559c\u6b61\u7684"
        },
        {
            "reply_id": "UgxhGEBSXCiswx93O154AaABAg",
            "reply_content": "\u97d3\u570b\u79ae\u7269\u597d\u7279\u5225\u5594\u5594\u5594\u5594\u5594\u5594\u5594\u5594\u5594\u5594\u5594\n\u771f\u7684\u592a\u9a5a\u8a1d\u4e86\n\u4e0d\u7ba1\u662f\u5305\u88dd\u9084\u662f\u5167\u5bb9\u7269\u90fd\u8ddf\u53f0\u7063\u8d85\u7d1a\u4e0d\u4e00\u6a23"
        },
        {
            "reply_id": "UgyNfRuMOb-UZ2dY_n14AaABAg",
            "reply_content": "\u5927\u982d\u597d\u53ef\u611b"
        },
        {
            "reply_id": "Ugxddwpdi2uZl5jogeJ4AaABAg",
            "reply_content": "\u8acb\u554f\u7238\u7238\u7684\u516c\u95dc\u54c1\u662f\u6307\u89aa\u621a\u9001\u7684\u55ce"
        },
        {
            "reply_id": "UgwJ8vh2vI8xT56yI9V4AaABAg",
            "reply_content": "\u6703\u5403\u6771\u87f2\u590f\u8349"
        },
        {
            "reply_id": "UgwG2b6VELLdK_iJjlN4AaABAg",
            "reply_content": "\u9ec3\u9b5a\u79ae\u76d2\u597d\u7279\u5225\u5594"
        },
        {
            "reply_id": "UgznKi0x466QCzeGOi94AaABAg",
            "reply_content": "\u7238\u7238\u6c92\u51fa\u5834\u5594"
        },
        {
            "reply_id": "Ugzmc5Q2cZg5v3aeXjl4AaABAg",
            "reply_content": "\u770b\u5230\u90a3\u4e9b\u79ae\u76d2\u4e5f\u597d\u60f3\u5403\u770b\u770b\u5594\uff01\u5f88\u597d\u5947\u87f9\u91ac\u8ddf\u5c0f\u9ec3\u9b5a"
        },
        {
            "reply_id": "UgzQGl1nRRPoIM8UzhB4AaABAg",
            "reply_content": "\u7238\u7238\u61c9\u8a72\u662f\u8463\u4e8b\u9577\u6216\u662f\u4ec0\u9ebc\u9ad8\u7d1a\u4e3b\u7ba1\u5427"
        },
        {
            "reply_id": "UgybnDE92F8CkrtPN8N4AaABAg",
            "reply_content": "\u51ac\u87f2\u590f\u8349\u600e\u9ebc\u611f\u89ba\u5f88\u50cf\u6574\u9846\u91d1\u91dd\u83c7"
        },
        {
            "reply_id": "UgxyyLVQTAI_BXFxb_d4AaABAg",
            "reply_content": "\u771f\u7684\u5f88\u6709\u8da3"
        },
        {
            "reply_id": "UgyuqJrdaDmmJ5fJlY94AaABAg",
            "reply_content": "\u8ddf\u5df4\u7389\u6709\u9ede\u50cf"
        },
        {
            "reply_id": "UgzqhflqQ4iPQ0oVtwl4AaABAg",
            "reply_content": "\u60f3\u62bd\u96dc\u8a8c"
        },
        {
            "reply_id": "Ugwj_rpQs3kbPBIEk214AaABAg",
            "reply_content": "\u516c\u95dc\u54c1\u6bcf\u4e00\u500b\u90fd\u597d\u8c50\u76db\u5594"
        },
        {
            "reply_id": "UgzdNEgB9J--z1CZwIB4AaABAg",
            "reply_content": "\u5f88\u6709\u8da3\u7684\u4e3b\u984c"
        },
        {
            "reply_id": "UgyjOt67WX-vX8wezRh4AaABAg",
            "reply_content": "\u904e\u5e74\u7684\u6642\u5019\u4e5f\u662f\u6536\u5230\u8d85\u591a\u6c34\u679c\u79ae\u76d2\u9084\u6709\u862d\u82b1"
        },
        {
            "reply_id": "UgxkIRJP9la51Fp96gB4AaABAg",
            "reply_content": "\u91ac\u87f9\u5427"
        },
        {
            "reply_id": "UgyA_YkYt-JQQC67pCZ4AaABAg",
            "reply_content": "\u62bd"
        },
        {
            "reply_id": "Ugy0LR9kWJX0DcUA_nx4AaABAg",
            "reply_content": "\u97d3\u570b\u9053\u5730\u7684\u87f9\u91ac \u770b\u91d1\u91dd\u83c7\u8b1b\u6210\u9019\u6a23\u597d\u60f3\u771f\u7684\u771f\u7684\u5f88\u597d\u5403"
        },
        {
            "reply_id": "Ugy7Tfaz9dGPfpCE89h4AaABAg",
            "reply_content": "\u597d\u60f3\u8981\u597d\u60f3\u8981\u554a"
        }
    ]
}