{
    "video_info": {
        "id": "bAnlpzhvWdY",
        "channelTitle": "\u97d3\u52fe\u311f\u91d1\u91dd\u83c7 \ucc10\uca50\uafb8",
        "title": "\u7238\u5abd\u7a81\u7136\u4f86\u53f0\u7063..\ud83d\ude02\u91d1\u5bb6\u5168\u54e1\u9996\u6b21\u5728\u53f0\u7063\u4e00\u8d77\u904e\u5e74\u56c9\ud83e\udde8\u6eab\u99a8\u5e78\u798f VLOG \u3010\u91d1\u5bb6\u5718\u5713EP.1\u3011\uff5c\u97d3\u52fe\u311f\u91d1\u91dd\u83c7 \ucc10\uca50\uafb8",
        "description": "#\u91d1\u5bb6\u5718\u5713EP1 #\u83c7\u7238\u83c7\u5abd #\u8b1d\u8b1d\u5927\u5bb6\u7684\u6536\u770b\n\n\u5e0c\u671b\u4f60\u5011\u559c\u6b61\u9019\u90e8\u5f71\u7247\n\u559c\u6b61\u5e6b\u6211\u8a02\u95b1\u6309\u8b9a\u5206\u4eab \u8a18\u5f97\u958b\u555f\u5c0f\u9234\u943a\u6536\u53d6\u65b0\u7247\u901a\u77e5\u5594\uff01\n\n\uff3f\uff3f\uff3f\uff3f\uff3f\uff3f\uff3f\uff3f\uff3f\uff3f\uff3f\uff3f\uff3f\uff3f\uff3f\uff3f\uff3f\uff3f\uff3f\uff3f\uff3f\n\n\u2b50\ufe0f\u91d1\u91dd\u83c7\u7684\u97d3\u570b\u7f8e\u98df\u54c1\u724c\uff1ahttps://www.kimkfoods.com\n\u2b50\ufe0f\u91d1\u5bb6\u311f\u5e03\u5e33\u99ac\u8eca\uff1ahttps://www.facebook.com/groups/2297603990535075/\n\u2b50\ufe0f\u91d1\u91dd\u83c7\u7684\u7c89\u5c08: https://www.facebook.com/Koreajinzhengu/\n\u2b50\ufe0f\u91d1\u91dd\u83c7\u7684IG: https://www.instagram.com/ggu__kim/\n\u2b50\ufe0f\u5408\u4f5c\u9080\u7d04\u8acb\u6d3dPressPlay\uff1ajinyoungkim@pressplay.cc\n\n\uff3f\uff3f\uff3f\uff3f\uff3f\uff3f\uff3f\uff3f\uff3f\uff3f\uff3f\uff3f\uff3f\uff3f\uff3f\uff3f\uff3f\uff3f\uff3f\uff3f\uff3f",
        "likeCount": "54416",
        "commentCount": "2033",
        "viewCount": "1588502"
    },
    "comments": [
        {
            "reply_id": "Ugw8B76WoDpjo7a-4Y94AaABAg",
            "reply_content": "\u7236\u89aa\u8aac\u8a71\u597d\u6eab\u67d4"
        },
        {
            "reply_id": "UgxwMhyqimYu7YiQKi54AaABAg",
            "reply_content": "\u597d\u751c\u871c\u7684\u4e00\u5bb6"
        },
        {
            "reply_id": "UgzAxTKKO5iqQP5uJWF4AaABAg",
            "reply_content": "\u5c11\u4e86\u83c7\u59d0"
        },
        {
            "reply_id": "UgyOXqjL2JC2GpddGGJ4AaABAg",
            "reply_content": "\u91d1\u7238\u91d1\u5abd\u597d\u5e74\u8f15\u76ae\u819a\u597d\u597d\u800c\u4e14\u91d1\u7238\u597d\u611b\u8aaa\u8a71\ud83d\ude06"
        },
        {
            "reply_id": "Ugw5EVUqKQAyr_OU2x54AaABAg",
            "reply_content": "\u70ba\u5565\u9019\u6bcf\u4e00\u90e8\u8207\u5bb6\u4eba\u7684\u5f71\u7247\n\u770b\u5230\u6700\u5f8c\u773c\u7736\u90fd\u6703\u6709\u6dda\u6c34\u5728\u6253\u8f49\n\u611f\u89ba\u5718\u5713\u8d77\u4f86\u7684\u756b\u9762\u7279\u5225\u6eab\u99a8"
        },
        {
            "reply_id": "UgyUDM-NtWO8D90NCWh4AaABAg",
            "reply_content": "\u597d\u53ef\u611b\u7684\u7238\u5abd"
        },
        {
            "reply_id": "UgyCl-KniZ9TVNAKxgJ4AaABAg",
            "reply_content": "\u6c92\u6709\u4e2d\u7684\u4f60\u5011\u4e5f\u8981\u62ff\u53bb\u7d66\u6295\u8a3b\u7ad9\u770b\u6709\u6c92\u6709\u4e2d"
        },
        {
            "reply_id": "UgyXjA-Mu9qXC9-MJA54AaABAg",
            "reply_content": "\u7238\u7238\u597d\u50cf\u6eab\u67d4\u7248\u7684\u674e\u745e\u93ae\u5594"
        },
        {
            "reply_id": "Ugxz2aGJxeGtcqJO_LN4AaABAg",
            "reply_content": "\u522e\u522e\u6a02\u7684\u540c\u6642\u4e5f\u5728\u505a\u516c\u76ca\n\u4e5f\u8cb7\u4e0b\u4e86\u90a3\u6bb5\u6642\u5149"
        },
        {
            "reply_id": "UgxPoCJwp6sXYvaycGV4AaABAg",
            "reply_content": "\u4f60\u5011\u8981\u914d\u9ad8\u6881"
        },
        {
            "reply_id": "UgwVw53EhnL0XEQ6EWR4AaABAg",
            "reply_content": "\u6b61\u8fce\u4f86\u81fa\u5357\u5c0f\u5403"
        },
        {
            "reply_id": "Ugyjb7zoDLxSjSYEsTV4AaABAg",
            "reply_content": "\u4e09\u500b\u5c0f\u5b69\u5728\u53f0\u7063\u4f60\u5011\u653e\u5fc3\u6211\u5011\u53f0\u7063\u6cbb\u5b89\u5f88\u597d\uff0c\u800c\u4e14\u53ef\u4ee5\u5e38\u5e38\u4f86\u53f0\u7063\u5403\u597d\u5403\u7684\u6599\u7406\u53f0\u7063\u4eba\u60c5\u5473\u5f88\u6fc3"
        },
        {
            "reply_id": "UgyYuK6p8l2uIu4YcF14AaABAg",
            "reply_content": "\u91d1\u91dd\u5abd\u4fdd\u990a\u7684\u771f\u597d"
        },
        {
            "reply_id": "Ugw1_CeMtPQyHJ-PBDZ4AaABAg",
            "reply_content": "\u83c7\u7238\u8ddf\u83c7\u5abd\u611f\u89ba\u597d\u5e74\u8f15\uff0c\u800c\u4e14\u53f0\u7063\u7684\u73cd\u73e0\u5976\u8336\u771f\u7684\u53ef\u4ee5\u8aaa\u662f\u570b\u969b\u51fa\u540d\u7684"
        },
        {
            "reply_id": "UgzfJGVsSyw1FhXlm794AaABAg",
            "reply_content": "\u91d1\u7238\u8ddf\u97d3\u5287\u88e1\u6703\u51fa\u73fe\u7684\u597d\u7238\u7238\u4e00\u6a21\u4e00\u6a23"
        },
        {
            "reply_id": "Ugwb3Sbi67VpUR13MJ14AaABAg",
            "reply_content": "\u91d1\u5abd\u5abd\u6839\u672c\u662f\u7a7a\u59d0"
        },
        {
            "reply_id": "UgwkTbwSIFBrN1pytr54AaABAg",
            "reply_content": "\u592a\u5e78\u798f\u4e86"
        },
        {
            "reply_id": "UgxU7FepNYiGdUmdmCt4AaABAg",
            "reply_content": "\u597d\u68d2\u7684\u4e00\u5bb6\u4eba"
        },
        {
            "reply_id": "Ugw5tuKczrVntkLScMV4AaABAg",
            "reply_content": "\u5f88\u6eab\u99a8\u7684\u5bb6\u5ead\u4e92\u52d5\u5436"
        },
        {
            "reply_id": "UgwKddgiHbQgVlixlDh4AaABAg",
            "reply_content": "\u5abd\u5abd\u6f02\u4eae"
        },
        {
            "reply_id": "UgydABZckMPhlPBZJqV4AaABAg",
            "reply_content": "\u554a\u91d1\u91dd\u83c7\u771f\u6f02\u4eae"
        },
        {
            "reply_id": "UgwwVBa8MiE2V4tKpyp4AaABAg",
            "reply_content": "\u5718\u5713\u5c31\u662f\u5e78\u798f"
        },
        {
            "reply_id": "UgycWupG0DoeP0t2_r94AaABAg",
            "reply_content": "\u91d1\u91dd\u83c7\u7684\u98ef\u7cf0\u5b8c\u52dd\u4e5d\u59b9\u8036"
        },
        {
            "reply_id": "UgxEzW48D-aDw8BILgp4AaABAg",
            "reply_content": "\u770b\u5230\u91d1\u91dd\u83c7\u7684\u7238\u5abd\u500b\u6027\u5c31\u77e5\u9053\u70ba\u4ec0\u9ebc\u91d1\u91dd\u83c7\u80fd\u9019\u9ebc\u958b\u90ce\u4e86\uff0c\u4e00\u5bb6\u4eba\u90fd\u5f88\u6709\u8da3"
        },
        {
            "reply_id": "UgwAikT7CElkzA_RIOB4AaABAg",
            "reply_content": "\u771f\u7fa8\u6155\u611f\u60c5\u597d\u597d\u7684\u4e00\u5bb6\u4eba"
        }
    ]
}