{
    "video_info": {
        "id": "bcDnpXneLlo",
        "channelTitle": "\u97d3\u52fe\u311f\u91d1\u91dd\u83c7 \ucc10\uca50\uafb8",
        "title": "\u6642\u9694\u516b\u5e74 \u7d42\u65bc\ud83d\ude2d\u6211\u7684\u59ca\u59ca\u9996\u5ea6\u4f86\u53f0\u7063\u62dc\u8a2a\u6211\u4e86\u2764\ufe0f\ud83c\uddf9\ud83c\uddfc\u770b\u5979\u5403\u53f0\u7063\u98df\u7269\u7684\u53cd\u61c9\u592a\u53ef\u611b\u4e86\u54c8\u54c8\u54c8\uff5c\u97d3\u52fe\u311f\u91d1\u91dd\u83c7 \ucc10\uca50\uafb8",
        "description": "#\u83c7\u59d0 #\u53f0\u7063\u904a\n\n\u5e0c\u671b\u4f60\u5011\u559c\u6b61\u9019\u90e8\u5f71\u7247\n\u559c\u6b61\u5e6b\u6211\u8a02\u95b1\u6309\u8b9a\u5206\u4eab \u8a18\u5f97\u958b\u555f\u5c0f\u9234\u943a\u6536\u53d6\u65b0\u7247\u901a\u77e5\u5594\uff01\n\n\uff3f\uff3f\uff3f\uff3f\uff3f\uff3f\uff3f\uff3f\uff3f\uff3f\uff3f\uff3f\uff3f\uff3f\uff3f\uff3f\uff3f\uff3f\uff3f\uff3f\uff3f\n\n\u2b50\ufe0f\u91d1\u91dd\u83c7\u7684\u97d3\u570b\u7f8e\u98df\u54c1\u724c\uff1ahttps://www.kimkfoods.com\n\u2b50\ufe0f\u91d1\u5bb6\u311f\u5e03\u5e33\u99ac\u8eca\uff1ahttps://www.facebook.com/groups/2297603990535075/\n\u2b50\ufe0f\u91d1\u91dd\u83c7\u7684\u7c89\u5c08: https://www.facebook.com/Koreajinzhengu/\n\u2b50\ufe0f\u91d1\u91dd\u83c7\u7684IG: https://www.instagram.com/ggu__kim/\n\u2b50\ufe0f\u5408\u4f5c\u9080\u7d04\u8acb\u6d3dPressPlay\uff1ajinyoungkim@pressplay.cc\n\n\uff3f\uff3f\uff3f\uff3f\uff3f\uff3f\uff3f\uff3f\uff3f\uff3f\uff3f\uff3f\uff3f\uff3f\uff3f\uff3f\uff3f\uff3f\uff3f\uff3f\uff3f",
        "likeCount": "53304",
        "commentCount": "1430",
        "viewCount": "1945273"
    },
    "comments": [
        {
            "reply_id": "UgwibnpcP43n-KQ5iG94AaABAg",
            "reply_content": "\u4e0d\u77e5\u9053\u70ba\u4f55\u6211\u559c\u6b61\u91cd\u8907\u770b\u59ca\u59ca\u8aaa\u5929\u6c23\u6eab\u6696\u7684\u7247\u6bb5\u3002"
        },
        {
            "reply_id": "UgxhDMAqIg3RaS-Viv94AaABAg",
            "reply_content": "\u771f\u7684\u662f\u4e3b\u64ad\u7d1a\u7f8e\u5973"
        },
        {
            "reply_id": "UgwH5hKY1Hq32msLTYh4AaABAg",
            "reply_content": "\u9019\u59ca\u59ca\u592a\u9ad8\u7d1a\u4e86\u5566"
        },
        {
            "reply_id": "UgwfcX4vL2XQi-HK9sR4AaABAg",
            "reply_content": "\u53f0\u7063\u653f\u5e9c\u5e6b\u4f60\u82b1\u591a\u5c11\u9322\u4f60\u72a7\u7272\u591a\u5c11\u53ef\u6190\u4e0b\u4e00\u5c46\u4e0d\u662f\u6c11\u9032\u9ee8\u7684\u6642\u5019\u91d1\u91dd\u83c7\u5c0f\u59d0\u4f60\u9084\u8981\u88ab\u9ad8\u5b98\u73a9\u55ce"
        },
        {
            "reply_id": "UgytlBxLdP4GEXAZi3p4AaABAg",
            "reply_content": "\u600e\u9ebc\u59d0\u59b9\u591a\u4e00\u6a23\u90a3\u9ebc\u6f02\u4eae\u554a"
        },
        {
            "reply_id": "Ugx-_VjoVIL-eQpbJyt4AaABAg",
            "reply_content": "\u597d\u59d0\u59d0"
        },
        {
            "reply_id": "Ugw5N44vGaP6ruADJtd4AaABAg",
            "reply_content": "\u59d0\u59d0\u5f88\u6f02\u4eae"
        },
        {
            "reply_id": "Ugyjm7pPjNtFRA0rn0J4AaABAg",
            "reply_content": "\u59d0\u59d0\u8ddf\u59b3\u597d\u50cf"
        },
        {
            "reply_id": "UgykjrzNTlLdDlYAH6B4AaABAg",
            "reply_content": "\u4e0b\u56de\u53ef\u4ee5\u5e36\u5802\u59ca\u53bb\u8fea\u5316\u8857\u7684\u53f0\u5317\u971e\u6d77\u57ce\u968d\u5edf\u62dc\u6708\u8001\u6c42\u7d05\u7dda\u627e\u5230\u597d\u59fb\u7de3\uff0c\u5df2\u7d50\u5a5a\u7684\u53ef\u4ee5\u8b77\u4f51\u611f\u60c5\u52a0\u6eab\u3002"
        },
        {
            "reply_id": "Ugzonpw5hkNLGDpu5Z14AaABAg",
            "reply_content": "\u8acb\u554f\u548c\u59d0\u59d0\u53bb\u53f0\u5357\u4f4f\u7684\u6c11\u5bbf\u662f\u54ea\u4e00\u9593\u5462\uff0c\u8b1d\u8b1d"
        },
        {
            "reply_id": "UgxfjOIBCA3N7uWDcph4AaABAg",
            "reply_content": "\u59d0\u59d0\u8b1b\u82f1\u6587\u771f\u7684\u8d85\u597d\u807d"
        },
        {
            "reply_id": "UgyCMwoMcoIGZklvn7Z4AaABAg",
            "reply_content": "\u8db4\u8db4\u8db4\u8db4"
        },
        {
            "reply_id": "Ugxn9QieDDLaZb7qba94AaABAg",
            "reply_content": "\u8d85\u7d1a\u7f8e"
        },
        {
            "reply_id": "UgxLNSRMk4v6uKgIwKZ4AaABAg",
            "reply_content": "\u53f0\u7063\u8db3\u7642\u6309\u6469\u548c\u6d17\u982d\u6309\u6469\u4e5f\u53ef\u4ee5\u5e36\u8001\u7238\u8001\u5abd\u9ad4\u9a57"
        },
        {
            "reply_id": "UgyJmxTTy41Ez5FPQqR4AaABAg",
            "reply_content": "\u91d1\u91dd\u83c7\u7684\u59d0\u59d0\u4e5f\u597d\u6f02\u4eae\u5594"
        },
        {
            "reply_id": "Ugx2eTlnc3ZRGRlNGAV4AaABAg",
            "reply_content": "\u597d\u53ef\u611b"
        },
        {
            "reply_id": "Ugxm8270L8ttl2RVjCN4AaABAg",
            "reply_content": "\u6211\u662f\u963f\u52d2"
        },
        {
            "reply_id": "UgwwIlmTnMUicDYpIP54AaABAg",
            "reply_content": "\u83c7\u83c7\u4e0b\u6b21\u4e5f\u5e36\u59d0\u59d0\u53bb\u5713\u5c71\u98ef\u5e97\u53bb\u770b\u770b"
        },
        {
            "reply_id": "UgwXBn-Hf3_zPM4OqJ94AaABAg",
            "reply_content": "\u59d0\u59d0\u771f\u7684\u5f88\u6f02\u4eae"
        },
        {
            "reply_id": "Ugw5pjYxpcwI5Bb_tWh4AaABAg",
            "reply_content": "\u5f88\u559c\u6b61\u9019\u6a23\u7684\u5f71\u7247\u65b9\u5f0f"
        },
        {
            "reply_id": "UgzBHxvpeWBYZZIjJGl4AaABAg",
            "reply_content": "\u8b9a\u8b9a\u8b9a"
        },
        {
            "reply_id": "Ugxqfh39Lmm35Ruvs9p4AaABAg",
            "reply_content": "\u59d0\u59d0\u7f8e\u5341\u90e8"
        },
        {
            "reply_id": "UgwPs7tDtULv6suJgG14AaABAg",
            "reply_content": "\u5169\u500b\u9577\u597d\u50cf"
        },
        {
            "reply_id": "Ugzw6W3MPNqGdoI3ZZF4AaABAg",
            "reply_content": "\u59d0\u59d0\u597d\u7f8e"
        },
        {
            "reply_id": "Ugz-MW6IbCnlSroWRNZ4AaABAg",
            "reply_content": "\u91d1\u91dd\u83c7\u628a\u534a\u7b4b\u534a\u8089\u8b1b\u6210\u534a\u65a4\u516b\u5169\u4e86\ud83e\udd23\u597d\u53ef\u611b\u54c8\u54c8\u54c8"
        }
    ]
}