{
    "video_info": {
        "id": "bVovdgX1O9w",
        "channelTitle": "\u97d3\u52fe\u311f\u91d1\u91dd\u83c7 \ucc10\uca50\uafb8",
        "title": "\u6c92\u60f3\u5230\u6211\u4e5f\u4e2d\u4e86\ud83d\ude2d7\u5929\u75c7\u72c0\u3001\u5eb7\u5fa9\u65e5\u5e38\u2014 \u62cd\u7d66\u672a\u4f86\u5b6b\u5b50\u5011\u770b\u2026.\uff5c\u97d3\u52fe\u311f\u91d1\u91dd\u83c7 \ucc10\uca50\uafb8",
        "description": "#\u9694\u96e2\u7cfbyoutuber #\u672c\u96c6\u6c23\u8272\u5f88\u5dee\u8acb\u898b\u8ad2\u54c8\u54c8\u54c8\n\n\u5e0c\u671b\u4f60\u5011\u559c\u6b61\u9019\u90e8\u5f71\u7247\n\u559c\u6b61\u5e6b\u6211\u8a02\u95b1\u6309\u8b9a\u5206\u4eab \u8a18\u5f97\u958b\u555f\u5c0f\u9234\u943a\u6536\u53d6\u65b0\u7247\u901a\u77e5\u5594\uff01\n\n\uff3f\uff3f\uff3f\uff3f\uff3f\uff3f\uff3f\uff3f\uff3f\uff3f\uff3f\uff3f\uff3f\uff3f\uff3f\uff3f\uff3f\uff3f\uff3f\uff3f\uff3f\n\n\u2b50\ufe0f\u91d1\u91dd\u83c7\u7684\u97d3\u570b\u7f8e\u98df\u54c1\u724c\uff1ahttps://www.kimkfoods.com\n\u2b50\ufe0f\u91d1\u5bb6\u311f\u5e03\u5e33\u99ac\u8eca\uff1ahttps://www.facebook.com/groups/2297603990535075/\n\u2b50\ufe0f\u91d1\u91dd\u83c7\u7684\u7c89\u5c08: https://www.facebook.com/Koreajinzhengu/\n\u2b50\ufe0f\u91d1\u91dd\u83c7\u7684IG: https://www.instagram.com/ggu__kim/\n\u2b50\ufe0f\u5408\u4f5c\u9080\u7d04\u8acb\u6d3dPressPlay\uff1ajinyoungkim@pressplay.cc\n\n\uff3f\uff3f\uff3f\uff3f\uff3f\uff3f\uff3f\uff3f\uff3f\uff3f\uff3f\uff3f\uff3f\uff3f\uff3f\uff3f\uff3f\uff3f\uff3f\uff3f\uff3f",
        "likeCount": "32423",
        "commentCount": "1623",
        "viewCount": "1468116"
    },
    "comments": [
        {
            "reply_id": "UgxiZ55ypv8cgXhYXER4AaABAg",
            "reply_content": "\u6211\u59d0\u59d0\u53ca\u59b9\u59b9\u4e5f\u662f\u78ba\u8a3a\u4e4b\u5f8c\u8ddf\u59b3\u4e00\u6a23\u7684\u72c0\u6cc1\uff0c\u4e5f\u662f\u7b2c\u4e09\u5929\u4ee5\u5f8c\u5c31\u6f38\u6f38\u7684\u597d\u4e86\u4e00\u500b\u79ae\u62dc\u5f8c\u5c31\u6c92\u4e8b\u4e86\uff5e\u4f46\u662f\u7576\u4e0b\u807d\u8aaa\u975e\u5e38\u4e0d\u8212\u670d"
        },
        {
            "reply_id": "Ugzu0IIjwZum_n4nDb94AaABAg",
            "reply_content": "\u5b6b\u5b50"
        },
        {
            "reply_id": "UgzoVraCfoCUtC_VSdZ4AaABAg",
            "reply_content": "\u8033\u9f3b\u5589\u79d1\u91ab\u5e2b\u770b\u6211\u7684\u5589\u56a8\u8aaa\u5589\u56a8\u9084\u5728\u767c\u708e\u4e0d\u80fd\u4e0d\u5403\u85e5\n\u6551\u547d\u554a\u6211\u5c31\u662f\u4e0d\u60f3\u518d\u5403\u4e86"
        },
        {
            "reply_id": "UgyKe6f-b-_l8wPcvAt4AaABAg",
            "reply_content": "\u88c5\u8154\u4f5c\u52bf"
        },
        {
            "reply_id": "UgzChTi0jeZo7NOqLLZ4AaABAg",
            "reply_content": "\u60f3\u77e5\u9053\u8521\u54e5\u90a3\u4e9b\u5143\u6c23\u98f2\u54ea\u80fd\u8cb7\u5230\uff1f\u611f\u89ba\u75ab\u60c5\u671f\u9593\u6703\u5f88\u9700\u8981\u554a\u554a\u554a"
        },
        {
            "reply_id": "UgxhjHjnOgCfTtpb-iN4AaABAg",
            "reply_content": "\u8eab\u540c\u611f\u53d7\u8d85\u7d2f\u7684"
        },
        {
            "reply_id": "UgxCYgHYYqb74zMrNwZ4AaABAg",
            "reply_content": "\u7d20\u984f\u4e5f\u662f\u5f88\u6f02\u4eae"
        },
        {
            "reply_id": "UgxyJXRx0JevG6dZiTh4AaABAg",
            "reply_content": "\u91d1\u91dd\u83c7\u7259\u9f52\u597d\u7f8e"
        },
        {
            "reply_id": "UgwqALh0isT2BuZk79R4AaABAg",
            "reply_content": "\u8f9b\u82e6\u4e86"
        },
        {
            "reply_id": "UgwKoocyxP60VJptlZJ4AaABAg",
            "reply_content": "\u600e\u9ebc\u6709\u4eba\u78ba\u8a3a\u9084\u53ef\u4ee5\u9019\u9ebc\u7f8e"
        },
        {
            "reply_id": "Ugzye_8xEmQQ3ZL5JgJ4AaABAg",
            "reply_content": "\u600e\u9ebc\u89ba\u5f97\u5f71\u7247\u9ed1\u9ed1\u7684"
        },
        {
            "reply_id": "UgyzCU_ZqYOe4AiCv854AaABAg",
            "reply_content": "\u54ed\u4e09\u5c0f"
        },
        {
            "reply_id": "UgzeIe5-MrCi1swg77h4AaABAg",
            "reply_content": "\u65b0\u7c89\u7d72\u5566\u5566\u5566\ud83c\udf1e\u91d1\u91dd\u83c7\u597d\u597d\u53ea\u6709\u516d\u5929\u4e0d\u50cf\u6211\u6709\u5341\u5e7e\u5929"
        },
        {
            "reply_id": "UgxjLcXFyXu1PHMz8PB4AaABAg",
            "reply_content": "\u606d\u559c\u7372\u5f97\u514d\u75ab\u7cfb\u7d71"
        },
        {
            "reply_id": "UgxmeGeSeMU_fY6DOd54AaABAg",
            "reply_content": "\u5927\u982d\u597d\u53ef\u611b"
        },
        {
            "reply_id": "UgypfMnB7VoysldRLRJ4AaABAg",
            "reply_content": "\u8981\u78ba\u8a3a\u5f88\u96e3"
        },
        {
            "reply_id": "UgzVTJB0zIYBB5bBONN4AaABAg",
            "reply_content": "\u65e9\u65e5\u5eb7\u5fa9"
        },
        {
            "reply_id": "UgwQnWVJecCYWjvwFtR4AaABAg",
            "reply_content": "\u6211\u4e5f\u4e2d\u4e86"
        },
        {
            "reply_id": "UgyXx-YJuRf8fNOHyMF4AaABAg",
            "reply_content": "\u65e9\u65e5\u5eb7\u5fa9"
        },
        {
            "reply_id": "UgzAJrgJcN6qhAQyoLd4AaABAg",
            "reply_content": "\u6211\u5341\u4e8c\u5929"
        },
        {
            "reply_id": "Ugwv60jYxyoUH0FgErt4AaABAg",
            "reply_content": "\u7562\u696d\u751f\u611f\u8a00\u7b11\u6b7b"
        },
        {
            "reply_id": "UgxS3JyZkJyRby7cNvV4AaABAg",
            "reply_content": "\u4e00\u500b\u78ba\u8a3a\u5f71\u7247\u4e09\u5929\u7834\u767e\u842c"
        },
        {
            "reply_id": "UgwyeBDIxNPEf7IkX0V4AaABAg",
            "reply_content": "\u5f97\u904e\u65b0\u51a0\u5f8c\u7d42\u8eab\u514d\u75ab"
        },
        {
            "reply_id": "UgyFJnaPi8pZJ4GCiXR4AaABAg",
            "reply_content": "\u7d50\u679c\u6211\u4eca\u5929\u4e5f\u78ba\u8a3a\u4e86\u22ef\u8d95\u5feb\u4f86\u770b\u91d1\u91dd\u83c7\u7684\u5f71\u7247"
        },
        {
            "reply_id": "Ugycu1CINkRGcl3Clcd4AaABAg",
            "reply_content": "\u5357\u7121\u85e5\u5e2b\u7409\u7483\u5149\u5982\u4f86"
        }
    ]
}