{
    "video_info": {
        "id": "d0CCm6R837s",
        "channelTitle": "\u97d3\u52fe\u311f\u91d1\u91dd\u83c7 \ucc10\uca50\uafb8",
        "title": "\u6de1\u6c5f\u4eba\u5e36\u8def\ud83d\udd25\u5b78\u751f\u56de\u61b6\u9285\u677f\u7f8e\u98df\u4e4b\u65c5\uff01\u8d85\u7fa8\u6155\u6de1\u6c34\u4eba\u7684\ud83d\ude2d\uff01\uff01\uff01\u597d\u5403\u96de\u8089\u98ef\u3001\u6de1\u5927\u5fc5\u5403\u81ed\u8c46\u8150\u3001 \u8766\u6372\uff5c\u97d3\u52fe\u311f\u91d1\u91dd\u83c7 \ucc10\uca50\uafb8",
        "description": "\u5e0c\u671b\u4f60\u5011\u559c\u6b61\u9019\u90e8\u5f71\u7247\n\u559c\u6b61\u5e6b\u6211\u8a02\u95b1\u6309\u8b9a\u5206\u4eab \u8a18\u5f97\u958b\u555f\u5c0f\u9234\u943a\u6536\u53d6\u65b0\u7247\u901a\u77e5\u5594\uff01\n\n\u5f71\u7247\u4e2d\u7684\u7f8e\u98df\u5e97\u8cc7\u8a0a\uff1a\n1.\u597d\u5403\u96de\u8089\u98ef\uff08\u63a8\u63a8\n\u65b0\u5317\u5e02\u6de1\u6c34\u5340\u5317\u65b0\u8def113\u865f\n2.\u9ea5\u5fb7\u591a\uff08\u63a8\u63a8\n\u65b0\u5317\u5e02\u6de1\u6c34\u5340\u5317\u65b0\u8def182\u5df721\u5f041\u865f\n3.\u5927\u5409\u7965\u9999\u8c46\u5bcc\n\u65b0\u5317\u5e02\u6de1\u6c34\u5340\u5b78\u5e9c\u8def171\u865f\n4.\u963f\u9999\u8766\u6372\n\u65b0\u5317\u5e02\u6de1\u6c34\u5340\u4e2d\u6b63\u8def230\u865f\n5.\u9ebb\u5409\u5976\u5976\u9bae\u5976\u9ebb\u7cec\n\u65b0\u5317\u5e02\u6de1\u6c34\u5340\u4e2d\u6b63\u8def220\u865f\n\n\uff3f\uff3f\uff3f\uff3f\uff3f\uff3f\uff3f\uff3f\uff3f\uff3f\uff3f\uff3f\uff3f\uff3f\uff3f\uff3f\uff3f\uff3f\uff3f\uff3f\uff3f\n\n\u2b50\ufe0f\u91d1\u91dd\u83c7\u7684\u97d3\u570b\u7f8e\u98df\u54c1\u724c\uff1ahttps://www.kimkfoods.com\n\u2b50\ufe0f\u91d1\u5bb6\u311f\u5e03\u5e33\u99ac\u8eca\uff1ahttps://www.facebook.com/groups/2297603990535075/\n\u2b50\ufe0f\u91d1\u91dd\u83c7\u7684\u7c89\u5c08: https://www.facebook.com/Koreajinzhengu/\n\u2b50\ufe0f\u91d1\u91dd\u83c7\u7684IG: https://www.instagram.com/ggu__kim/\n\u2b50\ufe0f\u5408\u4f5c\u9080\u7d04\u8acb\u6d3dPressPlay\uff1ajinyoungkim@pressplay.cc\n\n\uff3f\uff3f\uff3f\uff3f\uff3f\uff3f\uff3f\uff3f\uff3f\uff3f\uff3f\uff3f\uff3f\uff3f\uff3f\uff3f\uff3f\uff3f\uff3f\uff3f\uff3f",
        "likeCount": "9127",
        "commentCount": "337",
        "viewCount": "462629"
    },
    "comments": [
        {
            "reply_id": "UgzDmAzEuQWsi8-OGr14AaABAg",
            "reply_content": "\u8ddf\u5728\u91d1\u91dd\u83c7\u65c1\u908a\u5e36\u5e3d\u5b50\u7684\u7537\u751f\u9577\u7684\u770b\u8d77\u4f86\u6709\u9ede\u50cf\u694a\u8fea\u554a"
        },
        {
            "reply_id": "UgzGIlEXR7ujP_Opdpt4AaABAg",
            "reply_content": "\u771f\u7684\u63a8\u85a6\u597d\u5403\u96de\u8089\u98ef"
        },
        {
            "reply_id": "Ugy1d-2czrB66oQ8ixl4AaABAg",
            "reply_content": "\u9999\u8c46\u5bcc\u5df2\u7d93\u4e0d\u884c\u4e86"
        },
        {
            "reply_id": "UgwB4zjWbhSrxn8G3Pd4AaABAg",
            "reply_content": ""
        },
        {
            "reply_id": "UgzVtyQDq3Vg9IK4vQh4AaABAg",
            "reply_content": "\u958b\u982d\u771f\u7684\u7b11\u6b7b"
        },
        {
            "reply_id": "UgymQFjIcfWf0zF-KUF4AaABAg",
            "reply_content": "\u7b2c\u4e00\u5bb6\u96de\u8089\u98ef\u4e0d\u597d\u5403"
        },
        {
            "reply_id": "UgxG-CuHWsYLrnvxo1J4AaABAg",
            "reply_content": "\u9ea5\u5fb7\u591a\u662f\u6211\u4e8c\u5341\u5e7e\u5e74\u524d\u8b80\u5927\u5b78\u7684\u56de\u61b6"
        },
        {
            "reply_id": "UgwqGTWvEl-F0BnBp714AaABAg",
            "reply_content": "\u6211\u4f4f\u6de1\u6c34"
        },
        {
            "reply_id": "UgxDXdNcftD5zJe0V7J4AaABAg",
            "reply_content": "\u4f60\u8001\u4e86"
        },
        {
            "reply_id": "UgwpIuETADetzGAIL0V4AaABAg",
            "reply_content": "\u611f\u8b1d\u7f8e\u98df\u5206\u4eab"
        },
        {
            "reply_id": "UgxuP4I9qH8ENDTjouh4AaABAg",
            "reply_content": "\u7562\u696d\u5f8c\u6839\u672c\u4e0d\u6703\u60f3\u518d\u5403\u4ec0\u9ebc\u5927\u5b78\u9644\u8fd1\u7684\u7f8e\u98df"
        },
        {
            "reply_id": "UgwhZXVfjjMRXaHDrad4AaABAg",
            "reply_content": "\u53ef\u4ee5\u4f86\u6771\u6d77\u55ce"
        },
        {
            "reply_id": "Ugw_XMiWtF63N4hmnnp4AaABAg",
            "reply_content": "\u6bcf\u4e00\u6bb5\u4e4b\u9593\u7684\u97f3\u91cf\u80fd\u63a5\u8fd1\u4e00\u9ede\u66f4\u597d"
        },
        {
            "reply_id": "Ugys1F6rmZlqvaoh5a94AaABAg",
            "reply_content": "\u5728\u8b1b\u4ec0\u9ebc"
        },
        {
            "reply_id": "UgxATheSTeCH7ZaJ8st4AaABAg",
            "reply_content": "\u597d\u5403\u96de\u8089\u662f\u771f\u5fc3\u8b9a"
        },
        {
            "reply_id": "UgwtX7f-qtazVrGdtpV4AaABAg",
            "reply_content": "\u770b\u5b8c\u809a\u5b50\u90fd\u9913\u4e86"
        },
        {
            "reply_id": "UgxpZzxCHUUIk1tplHV4AaABAg",
            "reply_content": "\u76e7\u5ee3\u4ef2\u771f\u7684\u662f\u9ea5\u5fb7\u591a\u7684\u5e38\u5ba2\n\u4ee5\u524d\u5076\u723e\u6703\u9047\u5230\u4ed6\u5728\u90a3\u908a\u5403\u65e9\u9910"
        },
        {
            "reply_id": "UgzrLUlcN_iw5TtJY2R4AaABAg",
            "reply_content": "\u5728\u5730\u6de1\u6c34\u4eba\u5831\u5230"
        },
        {
            "reply_id": "UgxZCjYPyvchYY14xyF4AaABAg",
            "reply_content": "\u6de1\u6c5f\u4eba\u63a8"
        },
        {
            "reply_id": "UgxW8AExhUMGNpcu9IF4AaABAg",
            "reply_content": "\u8089\u677e\u9762\u5305\u597d\u5403\u9a6c\u6765\u897f\u4e9a\u4eba\u8d85\u7231\uff0c\u6211\u4eec\u8fd9\u91cc\u7684\u9762\u5305\u5e97\u90fd\u4f1a\u6709"
        },
        {
            "reply_id": "UgxLu15qTWfobwsctXl4AaABAg",
            "reply_content": "\u600e\u9ebc\u6c92\u8072\u97f3"
        },
        {
            "reply_id": "UgyDYtsMtiHqicUKoWx4AaABAg",
            "reply_content": "\u91d1\u91dd\u83c7\u5403\u7684\u963f\u9999\u8766\u6372\u662f\u6211\u7684\u597d\u670b\u53cb\u4ed6\u5bb6\u958b\u7684\u5e97\u311f\u662f\u5728\u5730\u8001\u5e97\u5594"
        },
        {
            "reply_id": "Ugy-ldsB783qGcYpzQV4AaABAg",
            "reply_content": "\u597d\u5403\u96de\u8089\u98ef\u6700\u53b2\u5bb3\u662f\u4ed6\u5011\u7684\u91ac\u6cb9"
        },
        {
            "reply_id": "UgxbUlexVFHLVKg_yMF4AaABAg",
            "reply_content": "\u6bcf\u6b21\u5230\u6de1\u6c34\u90fd\u6703\u8cb7\u963f\u9999\u8766\u6372\uff0c\u5403\u7684\u662f\u4e00\u7a2e\u56de\u61b6"
        },
        {
            "reply_id": "UgybP3cUIrnGFdjzjNF4AaABAg",
            "reply_content": "\u9ea5\u5fb7\u591a\u6211\u4e5f\u559c\u6b61\uff0c\u5728\u90a3\u90fd\u9ede\u62d6\u978b\u9eb5\u5305\u985e\u7684\u6771\u897f"
        }
    ]
}