{
    "video_info": {
        "id": "d7GbwuWssvE",
        "channelTitle": "\u97d3\u52fe\u311f\u91d1\u91dd\u83c7 \ucc10\uca50\uafb8",
        "title": "\ud83c\uddef\ud83c\uddf5\u65e5\u672c1000\u584a\u300c\u6c11\u5bbfVS\u7db2\u5496\u300d\u6bd4\u8f03\ud83d\udd25\u4f4f\u54ea\u88e1\u6bd4\u8f03\u6709CP\u503c\uff1f\uff5c\u97d3\u52fe\u311f\u91d1\u91dd\u83c7 \ucc10\uca50\uafb8",
        "description": "#\u91d1\u91dd\u83c7\u7684\u4e16\u754c\u65c5\u884c \n\u5f71\u7247\u4e2d\u7684 #\u83c7\u311f\u7a7f\u642d\uff01\u90fd\u662f\u4f86\u81ea\n\ud83c\udf1f.st TAIWAN\uff5e\uff5e\u5f88\u591a\u5927\u5bb6\u719f\u6089\u7684\u65e5\u672c\u54c1\u724c\u90fd\u5728\u88e1\u9762 \u53ef\u4ee5\u901b\u901b\u770b\uff01\n\u5b98\u7db2 \u653e\u9019\u908a\uff5e\nhttps://bmai.cc/4ujpjn\n\n\u4e5f\u53ef\u4ee5\u4e0b\u8f09APP\u96c6\u9ede\u6578\uff01\n\u73fe\u5728\u9084\u6709\u4e0b\u8f09\u512a\u60e0\uff5e\n\u514d\u8cbb\u5165\u6703 \u518d\u8d08300\u5143\u6298\u50f9\u5238\u5537\ud83d\ude4c\ud83d\ude4c\n\n\u6d3b\u52d5\u8cc7\u8a0a\u653e\u9019\u908a\uff01\n\u3010\u6bcd\u89aa\u7bc0\u6d3b\u52d5\u30115/5(\u4e94)10:00 ~ 5/15(\u4e00)09:59\n\n1. \u5929\u5929\u9001$520\u6298\u50f9\u5238 (MAX 12%)\n2. \u6d88\u8cbb\u6eff$888\u5168\u5bb6\u53d6\u8ca8\u514d\u904b\n\u203b\u90e8\u5206\u54c1\u724c\u52a0\u78bc\uff1a\u55ae\u7b46\u6eff$2800\u8d08\u300e\u65c5\u884c\u6536\u7d0d\u4e03\u4ef6\u7d44\u300f\n\n\u25cf\u53f0\u4e2dLaLaport \u5317\u99282023/04/27 \u8a66\u71df\u904b, \u5357/\u5317\u4e8c\u9928\u5171\u6709\u4e03\u500b\u54c1\u724c\u5c55\u958b\nGLOBAL WORK / LOWRYS FARM / Heather / HARE / LEPSIM / PAGEBOY / niko and \u2026\n\n #dotstTW  #LOWRYSFARM  #PAGEBOY\n\n*5/9\u5df2\u958b\u734e\n\u6700\u5f8c\u5728\u5f71\u7247\u88e1\u7559\u8a00\u6709\u6a5f\u6703\u62bd\u5230\u5305\u5305\u5537\uff5e\u6b61\u8fce\u53c3\u8207\uff01\n\u9810\u8a08\u62bd\u52302023/5/7\uff01\u6211\u6703\u5728\u7559\u8a00\u76f4\u63a5\u56de\u62bd\u734e\u8a0a\u606f\n\u66f4\u591a\u7a7f\u642d\u53ef\u4ee5\u4f86\u6211\u7684IG\u770b\u770b\ud83d\ude0d\n\n\ud83c\udf1f\u5f71\u7247\u4e2d\u7684\u7db2\u5496\uff1a\nCustoma Cafe\n+81 3-6300-6470\nhttps://maps.app.goo.gl/VLNnrY9xcsCoaVpYA?g_st=il\n\n\u5e0c\u671b\u4f60\u5011\u559c\u6b61\u9019\u90e8\u5f71\u7247\n\u559c\u6b61\u5e6b\u6211\u8a02\u95b1\u6309\u8b9a\u5206\u4eab \u8a18\u5f97\u958b\u555f\u5c0f\u9234\u943a\u6536\u53d6\u65b0\u7247\u901a\u77e5\u5594\uff01\n\n\uff3f\uff3f\uff3f\uff3f\uff3f\uff3f\uff3f\uff3f\uff3f\uff3f\uff3f\uff3f\uff3f\uff3f\uff3f\uff3f\uff3f\uff3f\uff3f\uff3f\uff3f\n\n\u2b50\ufe0f\u91d1\u91dd\u83c7\u7684\u97d3\u570b\u7f8e\u98df\u54c1\u724c\uff1ahttps://www.kimkfoods.com\n\u2b50\ufe0f\u91d1\u5bb6\u311f\u5e03\u5e33\u99ac\u8eca\uff1ahttps://www.facebook.com/groups/2297603990535075/\n\u2b50\ufe0f\u91d1\u91dd\u83c7\u7684\u7c89\u5c08: https://www.facebook.com/Koreajinzhengu/\n\u2b50\ufe0f\u91d1\u91dd\u83c7\u7684IG: https://www.instagram.com/ggu__kim/\n\u2b50\ufe0f\u5408\u4f5c\u9080\u7d04\u8acb\u6d3dPressPlay\uff1ajinyoungkim@pressplay.cc\n\n\uff3f\uff3f\uff3f\uff3f\uff3f\uff3f\uff3f\uff3f\uff3f\uff3f\uff3f\uff3f\uff3f\uff3f\uff3f\uff3f\uff3f\uff3f\uff3f\uff3f\uff3f",
        "likeCount": "8437",
        "commentCount": "477",
        "viewCount": "446935"
    },
    "comments": [
        {
            "reply_id": "Ugzg4Db7VXEDBbRPn714AaABAg",
            "reply_content": "\u7db2\u5496\u8b9a\u8b9a"
        },
        {
            "reply_id": "UgzyeVc_YRBlmcqECTx4AaABAg",
            "reply_content": "\u559c\u6b61\u7b2c\u4e00\u5957"
        },
        {
            "reply_id": "Ugy3DP5FbF-5e9l6TQt4AaABAg",
            "reply_content": "\u6700\u8fd1\u4f19\u98df\u4e0d\u932f"
        },
        {
            "reply_id": "Ugy5iVZkJ-6ouJW2XtB4AaABAg",
            "reply_content": "\u62bd\u62bd"
        },
        {
            "reply_id": "UgyoUwFjgefq6HGHT1J4AaABAg",
            "reply_content": "\u6d6a\u8cbb"
        },
        {
            "reply_id": "UgzsLXLmfHx8gItkJh14AaABAg",
            "reply_content": "\u53f0\u7063\u4e5f\u6709\u985e\u4f3c\u7db2\u5496"
        },
        {
            "reply_id": "Ugyf_VVzrtD6l5ONlGx4AaABAg",
            "reply_content": "\u54c8\u4e0d\u932f\u6b38\u800c\u4e14\u7db2\u5496\u71b1\u9b27\u53c8\u4e7e\u6de8\n\u9084\u53ef\u4ee5\u5403\u5496\u54e9"
        },
        {
            "reply_id": "Ugz8EfUm5rZuvpwlST14AaABAg",
            "reply_content": "\u91d1\u91dd\u83c7\u4ecb\u7d39\u7684\u6bcf\u5957\u7a7f\u642d\u90fd\u597d\u597d\u770b\u554a\ud83d\ude0d\u6709\u7a7a\u4e5f\u8981\u53bb\u9580\u5e02\u8a66\u7a7f\u770b\u770b"
        },
        {
            "reply_id": "UgwPsTiN6uAs4iUF95x4AaABAg",
            "reply_content": "\u6d74\u5ba4\u770b\u8d77\u4f86\u771f\u7684\u5f88\u4e0d\u932f\u5927\u5927\u5927\u52a0\u5206"
        },
        {
            "reply_id": "Ugyp5uCeE5KVnLhV4_14AaABAg",
            "reply_content": "\u597d\u9177\u7684\u4f01\u5283"
        },
        {
            "reply_id": "Ugwf2lTVNwMiKmcG9ZN4AaABAg",
            "reply_content": "\u89ba\u5f97\u65e5\u672c\u7db2\u5496\u771f\u7684\u8d85\u8b9a\u6b38"
        },
        {
            "reply_id": "UgzulmPH7B8V1Mm8GKh4AaABAg",
            "reply_content": "\u597d\u9177\u5167"
        },
        {
            "reply_id": "UgwGU__N1SvsDfg3hC14AaABAg",
            "reply_content": "\u7a7f\u642d\u597d\u597d\u770b"
        },
        {
            "reply_id": "UgxJ0n0qErx2bysL8N94AaABAg",
            "reply_content": "\u7db2\u5496"
        },
        {
            "reply_id": "UgxozMtuDxphZpItrrN4AaABAg",
            "reply_content": "\u60f3\u770b\u65e5\u672c\u4e94\u661f\u7d1a\u958b\u7bb1"
        },
        {
            "reply_id": "UgxMoCVSwYh6IEOkUXl4AaABAg",
            "reply_content": "\u4e0b\u6b21\u60f3\u4f4f\u770b\u770b"
        },
        {
            "reply_id": "UgyPXvm8dvNmQzMowk14AaABAg",
            "reply_content": "\u91d1\u91dd\u83c7\u7a7f\u642d\u597d\u597d\u770b\u597d\u53ef\u611b"
        },
        {
            "reply_id": "Ugw47C65xTxBUQZVVcl4AaABAg",
            "reply_content": "\u4f4f\u7db2\u5496\u771f\u7684\u5f88\u5be6\u60e0\u963f\u54c8\u54c8\u54c8 \u9084\u6709\u6771\u897f\u53ef\u4ee5\u5403"
        },
        {
            "reply_id": "UgzIfVxzcB1zkysZAvd4AaABAg",
            "reply_content": "\u54ea\u6709\u4eba\u9322\u653e\u5728\u6258\u904b\u884c\u674e\u7684\u5566"
        },
        {
            "reply_id": "UgzGJ0XsL7F1piWTV-x4AaABAg",
            "reply_content": "\u6211\u89ba\u5f97\u91d1\u91dd\u83c7\u5f88\u9069\u5408\u4ee3\u8a00\u7a7f\u642d\u54c1\u724c\u6b38 \u7b11\u8d77\u4f86\u751c\u6b7b\u4eba\u53c8\u53ef\u4ee5\u8d70\u5e25\u5e25\u8def\u7dda \u524d\u9762\u958b\u982d\u7684\u6642\u5019\u611f\u89ba\u65e5\u672c\u8def\u4eba\u90fd\u6703\u770b\u4e00\u773c\u54c8\u54c8"
        },
        {
            "reply_id": "UgwrAPIo-OoBQ8MGYqF4AaABAg",
            "reply_content": "\u770b\u4f86\u6211\u53bb\u65e5\u672c\u81ea\u7531\u884c\u53ef\u4ee5\u8003\u616e\u4e86"
        },
        {
            "reply_id": "UgyDb9xoE2Nj0OEVtyt4AaABAg",
            "reply_content": "\u597d\u60f3\u5403\u90a3\u500b\u5496\u54e9\u98ef\u5466"
        },
        {
            "reply_id": "UgzW54MvRDDWPjk9cCF4AaABAg",
            "reply_content": "\u70b8\u725b\u6392\u53f0\u7063\u6797\u53e3\u4e5f\u6709\u5e97\u5594"
        },
        {
            "reply_id": "UgwC2Kyu5pxlRNb5IsF4AaABAg",
            "reply_content": "\u5de5\u5546\u6642\u523b\u7684\u5305\u5305\u5f88\u50cf\u5316\u7de3\u7684"
        },
        {
            "reply_id": "UgxpOc-maa9uDxFgOXJ4AaABAg",
            "reply_content": "\u7db2\u5496\u4e0d\u932f\u8036"
        }
    ]
}