{
    "video_info": {
        "id": "df-SMK1h9RU",
        "channelTitle": "\u97d3\u52fe\u311f\u91d1\u91dd\u83c7 \ucc10\uca50\uafb8",
        "title": "\u5343\u842c\u4e0d\u8981\u932f\u904e\u9019\u4e9b\u300c\u97d3\u570b\u5e02\u5834\u5c0f\u5403\u300d\ud83c\uddf0\ud83c\uddf7\ud83d\udd25\u6211\u898b\u5230\u91d1\u5b87\u5f6c\u4e86\uff01\uff01\u97d3\u570b\u51fa\u5deeVLOG\uff5c\u97d3\u52fe\u311f\u91d1\u91dd\u83c7 \ucc10\uca50\uafb8",
        "description": "\ud83c\udf1f\u5ee3\u85cf\u5e02\u5834\uff1a\ub300\ud55c\ubbfc\uad6d \uc11c\uc6b8\ud2b9\ubcc4\uc2dc \uc885\ub85c\uad6c \ucc3d\uacbd\uad81\ub85c 88\n\n\ud83c\udf1f\u70e4\u8089\u5e97\uff1a\nSoegojip\n+82 10-4040-4940\nhttps://maps.app.goo.gl/3FjQMzwX7iCXZJ7L7?g_st=il\n\n\ud83c\udf1f\u5e03\u5e33\u99ac\u8eca\u8857\uff1a\n9-2 Donhwamun-ro Jongno-gu Seoul \u9644\u8fd1\n\n\u5e0c\u671b\u4f60\u5011\u559c\u6b61\u9019\u90e8\u5f71\u7247\n\u559c\u6b61\u5e6b\u6211\u8a02\u95b1\u6309\u8b9a\u5206\u4eab \u8a18\u5f97\u958b\u555f\u5c0f\u9234\u943a\u6536\u53d6\u65b0\u7247\u901a\u77e5\u5594\uff01\n\n\uff3f\uff3f\uff3f\uff3f\uff3f\uff3f\uff3f\uff3f\uff3f\uff3f\uff3f\uff3f\uff3f\uff3f\uff3f\uff3f\uff3f\uff3f\uff3f\uff3f\uff3f\n\n\u2b50\ufe0f\u91d1\u91dd\u83c7\u7684\u97d3\u570b\u7f8e\u98df\u54c1\u724c\uff1ahttps://www.kimkfoods.com\n\u2b50\ufe0f\u91d1\u5bb6\u311f\u5e03\u5e33\u99ac\u8eca\uff1ahttps://www.facebook.com/groups/2297603990535075/\n\u2b50\ufe0f\u91d1\u91dd\u83c7\u7684\u7c89\u5c08: https://www.facebook.com/Koreajinzhengu/\n\u2b50\ufe0f\u91d1\u91dd\u83c7\u7684IG: https://www.instagram.com/ggu__kim/\n\u2b50\ufe0f\u5408\u4f5c\u9080\u7d04\u8acb\u6d3dPressPlay\uff1ajinyoungkim@pressplay.cc\n\n\uff3f\uff3f\uff3f\uff3f\uff3f\uff3f\uff3f\uff3f\uff3f\uff3f\uff3f\uff3f\uff3f\uff3f\uff3f\uff3f\uff3f\uff3f\uff3f\uff3f\uff3f",
        "likeCount": "14850",
        "commentCount": "354",
        "viewCount": "867165"
    },
    "comments": [
        {
            "reply_id": "UgwtYytCyOuAOTEBNfZ4AaABAg",
            "reply_content": "\u6700\u5f8c\u4e00\u76f4\u5728\u770b\u83c7\u7238\u5403\u51b0\u6dc7\u6dcb\u54c8\u54c8\u54c8\u963f"
        },
        {
            "reply_id": "UgzAyBWe56hii80NtjR4AaABAg",
            "reply_content": "\u5728\u97e9\u56fd\u4e2d\u6211\u662f\u4e2d\u6587\u8bf4\u5f97\u6700\u597d\u7684\u4e00\u4e2a"
        },
        {
            "reply_id": "UgzoJWtY200FIuzNtRh4AaABAg",
            "reply_content": "\u751f\u725b\u8089\u662f\u7edd\u5bf9\u597d\u5403"
        },
        {
            "reply_id": "UgywcHf_t5UHVR3Qakt4AaABAg",
            "reply_content": "\u83c7\u7238\u8ddf\u59ca\u59ca\u5f88\u50cf\u4e00\u5c0d\u60c5\u4fb6\u9912"
        },
        {
            "reply_id": "UgxBMs6i6JLHwPsP62d4AaABAg",
            "reply_content": "\u59ca\u59ca\u597d\u6b63"
        },
        {
            "reply_id": "UgyI-lsKgRue5ECfVP94AaABAg",
            "reply_content": "\u91d1\u91dd\u83c7\u5403\u5f88\u591a\u9084\u6709\u8179\u808c\u597d\u731b"
        },
        {
            "reply_id": "UgyusLL7pIadr6F7Ipt4AaABAg",
            "reply_content": "\u559c\u6b61"
        },
        {
            "reply_id": "UgylARGa2UOvTyTlnEB4AaABAg",
            "reply_content": "\u5e0c\u671b\u91d1\u83c7\u5feb\u9ede\u51fa\u7247"
        },
        {
            "reply_id": "Ugxuu9oRgQYQbR5rpOx4AaABAg",
            "reply_content": "\u83c7\u59d0\u597d\u6b63\u554a"
        },
        {
            "reply_id": "Ugxd3YzFtmmSJTQQCs54AaABAg",
            "reply_content": "\u4ee3\u8868\u53f0\u7063\u7684\u97d3\u570b\u6ce1\u83dc\u624d\u5c0d\u5594"
        },
        {
            "reply_id": "UgzlAv0l7LnSnfd70Vl4AaABAg",
            "reply_content": "\u6b7b"
        },
        {
            "reply_id": "UgziQHIDHXT2OBtYDUR4AaABAg",
            "reply_content": "\u963f\u560e\u5728\u54ed"
        },
        {
            "reply_id": "Ugys434v6KNnx44FP9Z4AaABAg",
            "reply_content": "\u4e0d\u7528\u4e0b\u8dea\u9053\u6b49\u55ce"
        },
        {
            "reply_id": "UgyAA32d0bC8awF5Zqt4AaABAg",
            "reply_content": "\u6c92\u6709\u751c\u5473\u5291\u6211\u53ef\u4e0d\u5403\u6c92\u6709\u751c\u5473\u5291\u6211\u53ef\u4e0d\u5403\u6c92\u6709\u751c\u5473\u5291\u6211\u53ef\u4e0d\u5403"
        },
        {
            "reply_id": "UgykmKoxh0rGGyxBl-Z4AaABAg",
            "reply_content": "\u91d1\u91dd\u83c7\u4e0a\u65b0\u805e\u4e86"
        },
        {
            "reply_id": "UgzhAMSn1cr11K0hGGh4AaABAg",
            "reply_content": "\u8acb\u554f\u97d3\u570b\u98df\u54c1\u662f\u4e0d\u662f\u90fd\u6703\u6dfb\u52a0\u751c\u5473\u5291\uff0c\u9084\u662f\u53f0\u7063\u4eba\u97ed\u83dc\u6bd4\u8f03\u597d\u5272"
        },
        {
            "reply_id": "UgzlgaW0b3tyMmz53pJ4AaABAg",
            "reply_content": "\u5802\u59d0\u4ec0\u9ebc\u6642\u5019\u9084\u8981\u4f86\u53f0\u7063"
        },
        {
            "reply_id": "UgxDUV6jYxpKJhfDYih4AaABAg",
            "reply_content": "\u59b3\u600e\u9ebc\u6703\u7528\u751c\u5473\u5291\u5462"
        },
        {
            "reply_id": "Ugzn6wyzFrkrcdyvm1t4AaABAg",
            "reply_content": "\u5f88\u53ef\u4ee5"
        },
        {
            "reply_id": "UgxDFrq6r7mQerVI63N4AaABAg",
            "reply_content": "\u53ef\u4ee5"
        },
        {
            "reply_id": "UgyidSHUT-stFaPca7p4AaABAg",
            "reply_content": "\u770b\u8d77\u4f86\u97d3\u570b\u5c0f\u5403\u6bd4\u53f0\u7063\u5c0f\u5403\u597d\u5403\u8036"
        },
        {
            "reply_id": "Ugzqg7_1va0cjCZRHj94AaABAg",
            "reply_content": "\u5982\u679c\u4e0d\u559d\u9152\u7684\u8a71\u5c31\u8ddf\u5e03\u5e33\u99ac\u8eca\u7121\u7de3\u4e86\u55ce"
        },
        {
            "reply_id": "Ugz1EAnpbJSmyf845S94AaABAg",
            "reply_content": "\u4f60\u597d\u5c31\u6c92\u51fa\u73fe\u4e86"
        },
        {
            "reply_id": "Ugwr8YKNmdp01STvreN4AaABAg",
            "reply_content": "\u5c31\u662f\u559c\u6b61\u91d1\u91dd\u83c7\u7684\u771f\u6027\u60c5"
        },
        {
            "reply_id": "Ugx0MkJJcfQlkbO1A3p4AaABAg",
            "reply_content": "\u628a\u62d4\u906e\u51b0\u6dc7\u6dcb\u597d\u53ef\u611b"
        }
    ]
}