{
    "video_info": {
        "id": "E1ixOimvCzY",
        "channelTitle": "\u97d3\u52fe\u311f\u91d1\u91dd\u83c7 \ucc10\uca50\uafb8",
        "title": "\u9ad8CP\u503c\u53c8\u597d\u5403\ud83d\udd25\u65b0\u52a0\u576110\u7a2e\u300c\u5728\u5730\u5e02\u5834\u7f8e\u98df\u300d\u5927\u5206\u4eab\uff01\u548c\u89c0\u5149\u7f8e\u98df\u4e0d\u592a\u4e00\u6a23\uff01\u809a\u5b50\u5feb\u7206\u70b8\uff01\uff01\uff01\uff01\uff5c\u97d3\u52fe\u311f\u91d1\u91dd\u83c7 \ucc10\uca50\uafb8",
        "description": "\u5e0c\u671b\u4f60\u5011\u559c\u6b61\u9019\u90e8\u5f71\u7247\n\u559c\u6b61\u5e6b\u6211\u8a02\u95b1\u6309\u8b9a\u5206\u4eab \u8a18\u5f97\u958b\u555f\u5c0f\u9234\u943a\u6536\u53d6\u65b0\u7247\u901a\u77e5\u5594\uff01\n\n\uff3f\uff3f\uff3f\uff3f\uff3f\uff3f\uff3f\uff3f\uff3f\uff3f\uff3f\uff3f\uff3f\uff3f\uff3f\uff3f\uff3f\uff3f\uff3f\uff3f\uff3f\n\n\u2b50\ufe0f\u91d1\u91dd\u83c7\u7684\u97d3\u570b\u7f8e\u98df\u54c1\u724c\uff1ahttps://www.kimkfoods.com\n\u2b50\ufe0f\u91d1\u5bb6\u311f\u5e03\u5e33\u99ac\u8eca\uff1ahttps://www.facebook.com/groups/2297603990535075/\n\u2b50\ufe0f\u91d1\u91dd\u83c7\u7684\u7c89\u5c08: https://www.facebook.com/Koreajinzhengu/\n\u2b50\ufe0f\u91d1\u91dd\u83c7\u7684IG: https://www.instagram.com/ggu__kim/\n\u2b50\ufe0f\u5408\u4f5c\u9080\u7d04\u8acb\u6d3dPressPlay\uff1ajinyoungkim@pressplay.cc\n\n\uff3f\uff3f\uff3f\uff3f\uff3f\uff3f\uff3f\uff3f\uff3f\uff3f\uff3f\uff3f\uff3f\uff3f\uff3f\uff3f\uff3f\uff3f\uff3f\uff3f\uff3f",
        "likeCount": "6391",
        "commentCount": "254",
        "viewCount": "373427"
    },
    "comments": [
        {
            "reply_id": "UgyTjEMQsF3tPYnPejd4AaABAg",
            "reply_content": "\u5356\u9e21\u996d\u7684\u5982\u679c\u53ea\u6709\u767d\u996d\u6211\u771f\u7684\u53d7\u4e0d\u4e86"
        },
        {
            "reply_id": "UgwEatQvaohxOdwwSUJ4AaABAg",
            "reply_content": "\u8fd9\u4e48\u80d6\u8fd8\u6709\u529b\u6c14\u8d70\u5f88\u5389\u5bb3"
        },
        {
            "reply_id": "UgzsgVmWMt9rM6gW2RN4AaABAg",
            "reply_content": "\u6709\u9019\u7a2e\u8d85\u7d1a\u9053\u5730\u7684\u670b\u53cb\u771f\u7684\u5f88\u5f37"
        },
        {
            "reply_id": "Ugw7DqbxWT6dM-PUpCl4AaABAg",
            "reply_content": "\u7a77\u9b3c\u5403\u7684\u4e1c\u897f"
        },
        {
            "reply_id": "UgzHJ3Jjq0gv6RNIHeZ4AaABAg",
            "reply_content": "\u9019\u9ebc\u80d6\u9084\u80fd\u6d3b\u8457\u4e5f\u4e0d\u5bb9\u6613"
        },
        {
            "reply_id": "UgyxjQKB6ewj-KOzpMF4AaABAg",
            "reply_content": "\u65b0\u52a0\u5761\u8d85\u7121\u804a"
        },
        {
            "reply_id": "Ugzf8FgQps9zEhxJPH94AaABAg",
            "reply_content": "\u540c\u7c43\u8272\u982d\u9aee\u8001\u516c\u597d\u89aa"
        },
        {
            "reply_id": "UgxtknExdqox8p-nv694AaABAg",
            "reply_content": "\u6c34\u7cbf\u5c31\u50cf\u5ba2\u5bb6\u7684\u6c34\u7c84"
        },
        {
            "reply_id": "Ugyh2lNPBWGrqYWMg_p4AaABAg",
            "reply_content": "\u7b2c\u4e00\u500b\u5f88\u50cf\u5ba2\u5bb6\u6c34\u7c84"
        },
        {
            "reply_id": "UgyAbvdx-HuyI70Ltet4AaABAg",
            "reply_content": "\u5fe0\u90a6\u5df4\u524e\u771f\u7684\u8d85\u5728\u5730\u7684"
        },
        {
            "reply_id": "Ugy1hWZmfT3Pef4pBu54AaABAg",
            "reply_content": "\u6c34\u7cbf\u597d\u50cf\u6211\u5011\u7684\u5ba2\u5bb6\u9e79\u6c34\u7c84\u5594 \u83c7\u559c\u6b61\u7684\u8a71\u53ef\u4ee5\u5728\u5ba2\u5bb6\u83dc\u5e02\u5834\u627e\u627e"
        },
        {
            "reply_id": "Ugyt1vbM4wgwXJ7Mdgl4AaABAg",
            "reply_content": "\u7b97\u662f\u91d1\u91dd\u83c7\u5728\u65b0\u52a0\u5761\u7684\u661f\u9ad4\u9a57"
        },
        {
            "reply_id": "Ugx2QUEQdy3iOCzgcWB4AaABAg",
            "reply_content": "\u65b0\u52a0\u5761\u7248\u86c7\u4e38"
        },
        {
            "reply_id": "UgwYip9VryuyOxOx7vN4AaABAg",
            "reply_content": "\u6211\u6c7a\u5b9a\u9084\u4e00\u8d9f\u65b0\u52a0\u83c7\u4e4b\u65c5"
        },
        {
            "reply_id": "Ugweq9FHQ5F-uy6pSch4AaABAg",
            "reply_content": "\u4ee5\u524d\u91d1\u91dd\u83c7\u90fd\u6703\u6bd4\u8f03\u660e\u986f\u8868\u73fe\u81ea\u5df1\u4e0d\u559c\u6b61\u7684\u90e8\u5206\uff0c\u6700\u8fd1\u597d\u50cf\u5c31\u4ec0\u9ebc\u90fd\u662f\u597d\u7684\uff0c\u61f7\u5ff5\u4ee5\u524d\u7684\u5f71\u7247"
        },
        {
            "reply_id": "UgzpH6LppHO9iiyCox94AaABAg",
            "reply_content": "\u53ef\u60dc\u809a\u5b50\u4e0d\u5920\u88dd\u6240\u6709\u98df\u7269"
        }
    ]
}