{
    "video_info": {
        "id": "EAJgBHJD2UY",
        "channelTitle": "\u97d3\u52fe\u311f\u91d1\u91dd\u83c7 \ucc10\uca50\uafb8",
        "title": "\u56de\u53f0\u7063\u4e86\uff01\u5403\u7206\u5609\u7fa9\u767e\u5e74\u300c\u6771\u5e02\u5834\u300d\u88dc\u8840\u53f0\u7063\u98df\u7269\ud83d\udd25\u548c\u53f0\u5317\u5b8c\u5168\u4e0d\u4e00\u6a23\u7684\u6c23\u6c1b\u548c\u7f8e\u98df\uff5e\uff01\uff01\uff5c\u97d3\u52fe\u311f\u91d1\u91dd\u83c7 \ucc10\uca50\uafb8",
        "description": "\u6211\u628a\u5f71\u7247\u4e2d\u4ecb\u7d39\u7684Surfshark VPN\n\u9023\u7d50\u653e\u5728\u9019\u908a\u5594\uff01\nhttps://surfshark.deals/GGU\n\u53ef\u4ee5\u53c3\u8003\u770b\u770b\u5957\u9910\u7684\u7d30\u7bc0\u5167\u5bb9\uff5e\n\u73fe\u5728\u8f38\u5165\u512a\u60e0\u4ee3\u78bc [GGU] \n\u53ef\u4ee5\u7372\u5f97\u5c08\u5c6c\u512a\u60e0\u52a0\u984d\u59163\u500b\u6708\u514d\u8cbb\u5537\uff01\n\n\u767e\u5e74\u6b77\u53f2\uff5e\ud83c\udf1f\u5609\u7fa9\u6771\u5e02\u5834\ud83c\udf1f\uff5e\n\n1. \u963f\u5bcc\u7db2\u7d72\u8089\u6372\ud83d\udc4d\ud83d\udc4d\ud83d\udc4d\n2. \u738b\u5bb6\u725b\u96dc\u6e6f\ud83d\udc4d\n3. \u694a\u6843\u6c41\ud83d\udc4d\ud83d\udc4d\n4. \u6771\u5e02\u5834\u9b6f\u719f\u8089\n5. \u5317\u56de\u6c34\u6676\u9903 \n6. \u8881\u5bb6\u7c73\u7cd5/\u6392\u9aa8\u9165 \u8c6c\u8166\u6e6f\ud83d\udc4d\n\n\u5e0c\u671b\u4f60\u5011\u559c\u6b61\u9019\u90e8\u5f71\u7247\n\u559c\u6b61\u5e6b\u6211\u8a02\u95b1\u6309\u8b9a\u5206\u4eab \u8a18\u5f97\u958b\u555f\u5c0f\u9234\u943a\u6536\u53d6\u65b0\u7247\u901a\u77e5\u5594\uff01\n\n\uff3f\uff3f\uff3f\uff3f\uff3f\uff3f\uff3f\uff3f\uff3f\uff3f\uff3f\uff3f\uff3f\uff3f\uff3f\uff3f\uff3f\uff3f\uff3f\uff3f\uff3f\n\n\u2b50\ufe0f\u91d1\u91dd\u83c7\u7684\u97d3\u570b\u7f8e\u98df\u54c1\u724c\uff1ahttps://www.kimkfoods.com\n\u2b50\ufe0f\u91d1\u5bb6\u311f\u5e03\u5e33\u99ac\u8eca\uff1ahttps://www.facebook.com/groups/2297603990535075/\n\u2b50\ufe0f\u91d1\u91dd\u83c7\u7684\u7c89\u5c08: https://www.facebook.com/Koreajinzhengu/\n\u2b50\ufe0f\u91d1\u91dd\u83c7\u7684IG: https://www.instagram.com/ggu__kim/\n\u2b50\ufe0f\u5408\u4f5c\u9080\u7d04\u8acb\u6d3dPressPlay\uff1ajinyoungkim@pressplay.cc\n\n\uff3f\uff3f\uff3f\uff3f\uff3f\uff3f\uff3f\uff3f\uff3f\uff3f\uff3f\uff3f\uff3f\uff3f\uff3f\uff3f\uff3f\uff3f\uff3f\uff3f\uff3f",
        "likeCount": "9392",
        "commentCount": "355",
        "viewCount": "483944"
    },
    "comments": [
        {
            "reply_id": "UgzKok8kK0s7WtPB2eJ4AaABAg",
            "reply_content": "\u8c6c\u8166\u6e6f\u4e00\u751f\u6700\u611b"
        },
        {
            "reply_id": "UgyZ3iYC2qa37gLxIKd4AaABAg",
            "reply_content": "\u7b2c\u4e00\u9593\u8089\u6372\u9084\u771f\u7684\u662f\u5abd\u5abd\u7684\u5473\u9053\uff0c\u539f\u672c\u53ea\u662f\u5abd\u5abd\u505a\u7d66\u5bb6\u4eba\u5403\u7684"
        },
        {
            "reply_id": "Ugx3NBBUXR6-otrB8kx4AaABAg",
            "reply_content": "\u5609\u7fa9\u771f\u7684\u4e0d\u8f38\u53f0\u5357"
        },
        {
            "reply_id": "UgyphDs6_B5QIut_EZl4AaABAg",
            "reply_content": "\u53bb\u5609\u7fa9\u63a5\u53d7\u6587\u5316\u885d\u64ca"
        },
        {
            "reply_id": "UgyxVwULqkp_HPv59P54AaABAg",
            "reply_content": "\u6b61\u8fce\u4f86\u5609\u7fa9"
        },
        {
            "reply_id": "UgxUdn6ztjJ_c8y45xp4AaABAg",
            "reply_content": "\u8eab\u70ba\u5609\u7fa9\u4eba\u6211\u4e5f\u4e0d\u6562\u5403\u56db\u5927\u5929\u738b\u548c\u8c6c\u8166\u6e6f\u6b38\ud83d\ude02"
        },
        {
            "reply_id": "Ugxf0tY-iRjbjvoDfMJ4AaABAg",
            "reply_content": "\u5403\u8c6c\u8166\u6703\u8b8a\u8c6c\u8166"
        },
        {
            "reply_id": "UgxjZJE8ONx5lRdskNV4AaABAg",
            "reply_content": "\u96a8\u96a8\u4fbf\u4fbf\u7684\u516c\u544a\u5c31\u60f3\u6577\u884d\u4e86\u4e8b"
        },
        {
            "reply_id": "Ugx_fPgnfpB_EnHf7_R4AaABAg",
            "reply_content": "\u7f8a\u8089\u6e6f\u4e5f\u5f88\u53b2\u5bb3"
        },
        {
            "reply_id": "UgzXCrrsrEGwJR9PksZ4AaABAg",
            "reply_content": "\u4f60\u9577\u5f97\u597d\u50cf\u58de\u5abd\u5abd"
        },
        {
            "reply_id": "Ugy4K0fuHt1cyNMQGJp4AaABAg",
            "reply_content": "\u4e0b\u4e00\u500b\u5e02\u5834\u770b\u8981\u4e0d\u8981\u8a66\u770b\u770b\u725b\u589f\u9019\u500b\u6703\u66f4\u50b3\u7d71\u5168\u53f0\u5269\u4e0b\u4e09\u500b\u725b\u589f\u4e86"
        },
        {
            "reply_id": "UgxOdCEXtkdgNGmqT1l4AaABAg",
            "reply_content": "\u8881\u5bb6\u5fc5\u5403\u7684\u662f\u6392\u9aa8\u9165"
        },
        {
            "reply_id": "UgzBs8uUCg7EEkVV6Fh4AaABAg",
            "reply_content": "\u597d\u60f3\u77e5\u9053\u83c7\u9019\u4ef6\u85cd\u8272\u9023\u8eab\u8932\u5b50\u662f\u4ec0\u9ebc\u724c\u5b50\u7684\uff5e\u597d\u53ef\u611b"
        },
        {
            "reply_id": "Ugw4N4DsR2f0QvaJUk14AaABAg",
            "reply_content": "\u91d1\u91dd\u83c7\u597d\u6f02\u4eae"
        },
        {
            "reply_id": "UgxWIhSISXjpGH61_OB4AaABAg",
            "reply_content": "\u4e0d\u592a\u559c\u6b61\u4e2d\u5357\u90e8\u50b3\u7d71\u5e02\u5834\u88e1\u7684\u6a5f\u8eca\u4e82\u7ac4\uff5e\u518d\u597d\u5403\u7684\u98df\u7269\u611f\u89ba\u90fd\u5dee\u4e86"
        },
        {
            "reply_id": "UgzM0DxW_Uwu-0qAqIV4AaABAg",
            "reply_content": "\u6bd4\u53f0\u7063\u4eba\u9084\u50cf\u53f0\u7063\u4eba\u7684\u97d3\u570b\u4eba"
        },
        {
            "reply_id": "Ugw77rRkwfHNwgm8dop4AaABAg",
            "reply_content": "\u9019\u9593\u8089\u5377\u771f\u7684\u597d\u5403\u3002\u8ddf\u4e00\u822c\u7684\u53e3\u611f\u5b8c\u5168\u4e0d\u4e00\u6a23"
        },
        {
            "reply_id": "Ugw6KoYeRMamJBhzedN4AaABAg",
            "reply_content": "\u982d\u5dee\u9ede\u88ab\u6a5f\u8eca\u649e\u5230"
        },
        {
            "reply_id": "UgxVl3ysNYVxgazTTKN4AaABAg",
            "reply_content": "\u5148\u6309\u8b9a"
        },
        {
            "reply_id": "UgzhCJR800GWi1bwZ9t4AaABAg",
            "reply_content": "\u54a9\u54a9\u982d\u91cd\u9ede\u662f\u5713\u5713\u674f\u5305\u83c7\u8b8a\u7626\u6210\u97d3\u570b\u91d1\u91dd\u83c7\u4e86"
        },
        {
            "reply_id": "UgztwOYavYKAmfvvPPB4AaABAg",
            "reply_content": "\u53f0\u5357\u6c34\u4ed9\u5e02\u5834"
        },
        {
            "reply_id": "UgzOs5SXH_v75OSWbuV4AaABAg",
            "reply_content": "\u8d8a\u4f86\u8d8a\u6f02\u4eae\u6b38"
        },
        {
            "reply_id": "UgyCvmy6aJYayv5uZhZ4AaABAg",
            "reply_content": "\u6392\u9aa8\u9165\u548c\u725b\u96dc\u6e6f\u662f\u6211\u53bb\u5403\u4e86\u6700\u559c\u6b61\u7684\u5169\u6a23\u98df\u7269"
        },
        {
            "reply_id": "Ugxpl7a-JE4FN5JbsMV4AaABAg",
            "reply_content": "\u8a31\u9858\u4f86\u6c99\u9e7f\u83dc\u5e02\u5834"
        },
        {
            "reply_id": "Ugw0tqbWcp8F8oSLeux4AaABAg",
            "reply_content": "\u6c34\u6676\u9903\u53ef\u4ee5\u53bb\u548c\u5e73\u8def\u8cb7\uff0c\u7b2c\u4e8c\u4ee3\u958b\u7684\u5473\u9053\u4e00\u6a23\u6c92\u90a3\u9ebc\u751c\u4e5f\u4e0d\u7528\u6392\u90a3\u9ebc\u4e45"
        }
    ]
}