{
    "video_info": {
        "id": "eqOR53VknQg",
        "channelTitle": "\u97d3\u52fe\u311f\u91d1\u91dd\u83c7 \ucc10\uca50\uafb8",
        "title": "\u76e7\u5ee3\u4ef2\u4f86\u4e86\uff01\u97d3\u570b\u91d1\u5531\u300c\u53f0\u8a9e\u6b4c\u731c\u6b4c\u6311\u6230\u300d\u8b93\u5c0f\u968a\u9577\u6eff\u982d\u554f\u865f\ud83e\udd23\u6b77\u5e74\u7cbe\u9078\u6b4c\u55ae\u516c\u958b\ud83d\udc2c@crowdlu1260 \uff5c\u97d3\u52fe\u311f\u91d1\u91dd\u83c7 \ucc10\uca50\uafb8",
        "description": "\u611f\u8b1d\u76e7\u5ee3\u4ef2 \u4f86\u6211\u7684\u983b\u9053\u73a9\ud83c\udf1f\n\n\u2731 \u76e7\u5ee3\u4ef2 \u7b2c\u516d\u5f35 \u5168\u65b0\u5275\u4f5c\u5c08\u8f2f\u300a\u52f5\u5fd7\u8ad6\u300b\n\u3000\u9650\u91cf\u7cbe\u88dd\u7248\u9810\u8cfc\uff1ahttps://pros.is/3r7pc4\n\u2731 \u76e7\u5ee3\u4ef2\u3008\u81ea\u6211\u7684\u4ecb\u7d39\u3009\u4e32\u6d41\u8046\u807d\uff1ahttps://pros.is/3r6b8f\n\u2731 \u76e7\u5ee3\u4ef2\u3008\u81ea\u6211\u7684\u4ecb\u7d39\u3009MV\uff1ahttp://teamearmusic.piee.pw/3r2uze\n\n#\u76e7\u5ee3\u4ef2 #\u91d1\u91dd\u83c7 #\u81ea\u6211\u7684\u4ecb\u7d39 #\u52f5\u5fd7\u8ad6\n\n\n\u2731\u51b0\u8c46\u6f3f\u6642\u671f\uff1a\n\u4e00\u767e\u7a2e\u751f\u6d3b https://www.youtube.com/watch?v=nPcByqGfxQo\n\u65e9\u5b89\uff01\u6668\u4e4b\u7f8e  https://www.youtube.com/watch?v=jAlWCr5cIjE\n\u6e2f\u908a\u7537\u5152 https://www.youtube.com/watch?v=kiZkWISXydI\n\n\u2731\u9e79\u8c46\u6f3f\u6642\u671f\uff1a\n \u5927\u4eba\u4e2d https://www.youtube.com/watch?v=Q0W--O7aWBg\n\u4e00\u5b9a\u8981\u76f8\u4fe1\u81ea\u5df1 https://www.youtube.com/watch?v=3xx4RlPfvUw\n\u9b5a\u4ed4 https://www.youtube.com/watch?v=ybfWYpYhTQQ\n\n\u2731\u6e05\u8c46\u6f3f\u6642\u671f\uff1a\n\u611b\u60c5\u600e\u9ebc\u4e86\u55ce https://www.youtube.com/watch?v=rD-T5pzH9b0\n \u523b\u5728\u6211\u5fc3\u5e95\u7684\u540d\u5b57 https://www.youtube.com/watch?v=m78lJuzftcc\n\n\n\u5e0c\u671b\u4f60\u5011\u559c\u6b61\u9019\u90e8\u5f71\u7247\n\u559c\u6b61\u5e6b\u6211\u8a02\u95b1\u6309\u8b9a\u5206\u4eab \u8a18\u5f97\u958b\u555f\u5c0f\u9234\u943a\u6536\u53d6\u65b0\u7247\u901a\u77e5\u5594\uff01\n\n\uff3f\uff3f\uff3f\uff3f\uff3f\uff3f\uff3f\uff3f\uff3f\uff3f\uff3f\uff3f\uff3f\uff3f\uff3f\uff3f\uff3f\uff3f\uff3f\uff3f\uff3f\n\n\u2b50\ufe0f\u91d1\u5bb6\u311f\u5e03\u5e33\u99ac\u8eca\uff1ahttps://www.facebook.com/groups/2297603990535075/\n\u2b50\ufe0f\u91d1\u91dd\u83c7\u7684\u7c89\u5c08: https://www.facebook.com/Koreajinzhengu/\n\u2b50\ufe0f\u91d1\u91dd\u83c7\u7684IG: https://www.instagram.com/ggu__kim/\n\u2b50\ufe0f\u5408\u4f5c\u9080\u7d04\u8acb\u6d3dPressPlay\uff1ajinyoungkim@pressplay.cc\n\n\uff3f\uff3f\uff3f\uff3f\uff3f\uff3f\uff3f\uff3f\uff3f\uff3f\uff3f\uff3f\uff3f\uff3f\uff3f\uff3f\uff3f\uff3f\uff3f\uff3f\uff3f",
        "likeCount": "15822",
        "commentCount": "559",
        "viewCount": "428247"
    },
    "comments": [
        {
            "reply_id": "Ugxi48pzc8RFO8UyWe14AaABAg",
            "reply_content": "\u83c7\u628a\u53f0\u8a9e\u6b4c\u5531\u51fa\u4e86\u6f14\u6b4c\u7684\u611f\u89ba"
        },
        {
            "reply_id": "UgzbrM-D35E-Bclgk5F4AaABAg",
            "reply_content": "\u6211\u89c9\u5f97\u660e\u5fd7\u54e5\u53ef\u4ee5\u548c\u4ed6\u4e00\u8d77\u521b\u4f5c\u8bf6\uff0c\u56e0\u4e3a\u4e24\u4f4d\u90fd\u662f\u9b3c\u624d\u4e00\u4e2a\u5929\u624d\uff0c\u4ed6\u4eec\u8981\u662f\u5408\u4f5c\u7684\u8bdd\u4f1a\u64e6\u51fa\u4e0d\u4e00\u6837\u7684\u706b\u82b1"
        },
        {
            "reply_id": "UgyTgLjzMRz0Iwm4hsN4AaABAg",
            "reply_content": "\u597d\u76f8\u914d\u7684\u5169\u500b\u4eba\uff0c\u5531\u53f0\u8a9e\u6b4c\u7684\u90a3\u6bb5\u592a\u6295\u5165\u592a\u597d\u7b11"
        },
        {
            "reply_id": "UgyKxOejf-pACAsWs094AaABAg",
            "reply_content": "\u7b11\u7ffb\u4e86\u6211"
        },
        {
            "reply_id": "UgyE79aqnlpss1cz_mp4AaABAg",
            "reply_content": "\u4e5f\u662f\u96f6\u8ca0\u8a55\u7684\u5c0f\u5929\u738b"
        },
        {
            "reply_id": "UgyZFwo7ROQnm9uSg_94AaABAg",
            "reply_content": "\u6211\u5403\u65e9\u9910\u624d\u4e0d\u6703\u60f3\u5230\u4ed6"
        },
        {
            "reply_id": "Ugx0yDKYvLcFLMUbHO94AaABAg",
            "reply_content": "\u7b2c\u4e00\u6b21\u770b\u5230\u5ee3\u4ef2\u90a3\u9ebc\u6d3b\u6f51"
        },
        {
            "reply_id": "Ugx0-JvVbolEZytB39J4AaABAg",
            "reply_content": "\u54c7\u8cfd \u539f\u4f86\u76e7\u5ee3\u4ef2\u90a3\u6642\u5019\u5c31\u6703\u7528\u73fe\u5728\u5f88\u6d41\u884c\u7684\u5012\u653e\u6280\u8853\u4e86"
        },
        {
            "reply_id": "UgyR9WOFpBVSScmpLEZ4AaABAg",
            "reply_content": "\u91d1\u91dd\u83c7\u597d\u53ef\u611b"
        },
        {
            "reply_id": "UgwAUB66y1e-dSf2v2N4AaABAg",
            "reply_content": "\u597d\u53ef\u611b"
        },
        {
            "reply_id": "UgyK0hcjJVxfdf5iQJx4AaABAg",
            "reply_content": "\u5c0f\u91d1\u5531\u6b4c\u771f\u7684\u8d85\u7d1a\u8d85\u7d1a\u53ef\u611b\u8d85\u597d\u7b11"
        },
        {
            "reply_id": "UgyHSnXeFmuaWQBAqPR4AaABAg",
            "reply_content": "\u597d\u807d"
        },
        {
            "reply_id": "Ugy-7C_KJO7r9AEibol4AaABAg",
            "reply_content": "\u54c8\u54c8\u54c8\u54c8\u54c8\u54c8\u54c8\u54c8\u54c8\u54c8\u54c8"
        },
        {
            "reply_id": "UgwvWIUwnIhZ7_Joovl4AaABAg",
            "reply_content": "\u6211\u4e5f\u5f88\u611b\u76e7\u5ee3\u4ef2"
        },
        {
            "reply_id": "UgxOCKceFiN5yqeUPJN4AaABAg",
            "reply_content": "\u76e7\u5ee3\u4ef2\u592a\u5f37\u4e86"
        },
        {
            "reply_id": "Ugw0ksB35JC0NH4WlBB4AaABAg",
            "reply_content": "\u592b\u59bb\u76f8\u5566"
        },
        {
            "reply_id": "UgxMna8X78G2P3v-oEx4AaABAg",
            "reply_content": "\u83c7\u83c7\u7a7f\u4e00\u767e\u7a2e\u751f\u6d3b\u4e5f\u592a\u53ef\u611b\u4e86\u5427"
        },
        {
            "reply_id": "Ugxy2Ssbn6nJmRySv5d4AaABAg",
            "reply_content": "\u8981\u88ab\u91d1\u91dd\u83c7\u7b11\u6b7b\u4e86"
        },
        {
            "reply_id": "UgwJi7GkaZs5S-s7NNR4AaABAg",
            "reply_content": "\u91d1\u91dd\u83c7\u597d\u6b63\u554a\u554a\u554a\u554a\u554a\u554a"
        },
        {
            "reply_id": "UgyK_SD7_tN6Q4M7xTh4AaABAg",
            "reply_content": "\u54c8\u54c8\u54c8\u54c8\u54c8\u8d85\u5317\u4e03"
        },
        {
            "reply_id": "UgxpcfXK6Mfy7Cd760N4AaABAg",
            "reply_content": "\u91d1\u91dd\u83c7\u5f88\u9b27"
        },
        {
            "reply_id": "UgxQ-H2JDMKtRK4Z_cR4AaABAg",
            "reply_content": "\u6709\u70b9\u592b\u59bb\u76f8"
        },
        {
            "reply_id": "UgykMPJPBwb09-Vn0e14AaABAg",
            "reply_content": "\u91d1\u91dd\u83c7\u5531\u570b\u53f0\u8a9e\u7684\u6b4c\u4e5f\u883b\u597d\u807d\u7684 \u671f\u5f85\u4f60\u5531\u6b4c\u7684\u5f71\u7247"
        },
        {
            "reply_id": "UgxDdmwAHH-k69qNnKJ4AaABAg",
            "reply_content": "\u5531\u53f0\u8a9e\u6b4c\u7684\u83c7\u83c7\u592a\u53ef\u611b\u4e86\u5427"
        },
        {
            "reply_id": "UgxEMTNlN_V7mxRFn3x4AaABAg",
            "reply_content": "\u6709\u9ede\u914d"
        }
    ]
}