{
    "video_info": {
        "id": "Fk8z_jmmzeQ",
        "channelTitle": "\u97d3\u52fe\u311f\u91d1\u91dd\u83c7 \ucc10\uca50\uafb8",
        "title": "\u779e\u8457\u5bb6\u4eba\u5077\u98db\u56de\u97d3\u570b\u5687\u7238\u5abd\ud83d\ude02\u96e2\u5bb67\u500b\u6708\u898b\u5230\u5973\u5152\u7684\u53cd\u61c9\u662f\uff1f\uff5c\u97d3\u52fe\u311f\u91d1\u91dd\u83c7 \ucc10\uca50\uafb8",
        "description": "\u9ce5\u7238\u5abd\u70ba\u4e86\u8b93\u6211\u5011\u80fd\u53bb\u770b\u66f4\u5927\u7684\u4e16\u754c\n\u6559\u4e86\u6211\u5011\u600e\u9ebc\u98db\n\u5c0f\u9ce5\u4e5f\u4e0d\u8ca0\u671f\u5f85\u5730\u5b78\u6703\u4e86\u98db\u7fd4\n\u6bc5\u7136\u4e0d\u56de\u982d\u5730\u7528\u529b\u671b\u524d\u98db\n\n\u9ce5\u5de2\u4f9d\u7136\u4e00\u76f4\u5728\u90a3 \u5076\u723e\u56de\u982d\u671b \u7a7a\u7a7a\u7684\u597d\u50cf\u7279\u5225\u5bc2\u5bde\n\n\u4f46\u6211\u5011\u4e00\u76f4\u90fd\u6c92\u6709\u5fd8\u8a18\n\u6211\u6703\u96a8\u6642\u56de\u53bb\n\u628a\u6211\u7684\u6eab\u6696\u50b3\u7d66\u4f60\u5011\n\n\u7238\u5abd\u662f\u6211\u6700\u5c0a\u656c\u7684\u4eba\n\u4e5f\u662f\u6211\u6700\u611b\u7684\u4eba\n\u9858\u6211\u5011\u5e78\u798f\u3001\u5065\u5eb7\n\n#\u5077\u5077\u56de\u97d3\u570b #\u7d66\u7238\u5abd\u9a5a\u559c\n\u5e0c\u671b\u4f60\u5011\u559c\u6b61\u9019\u90e8\u5f71\u7247\n\u559c\u6b61\u5e6b\u6211\u8a02\u95b1\u6309\u8b9a\u5206\u4eab \u8a18\u5f97\u958b\u555f\u5c0f\u9234\u943a\u6536\u53d6\u65b0\u7247\u901a\u77e5\u5594\uff01\n\n\uff3f\uff3f\uff3f\uff3f\uff3f\uff3f\uff3f\uff3f\uff3f\uff3f\uff3f\uff3f\uff3f\uff3f\uff3f\uff3f\uff3f\uff3f\uff3f\uff3f\uff3f\n\n\u2b50\ufe0f\u91d1\u91dd\u83c7\u7684\u97d3\u570b\u7f8e\u98df\u54c1\u724c\uff1ahttps://www.kimkfoods.com\n\u2b50\ufe0f\u91d1\u5bb6\u311f\u5e03\u5e33\u99ac\u8eca\uff1ahttps://www.facebook.com/groups/2297603990535075/\n\u2b50\ufe0f\u91d1\u91dd\u83c7\u7684\u7c89\u5c08: https://www.facebook.com/Koreajinzhengu/\n\u2b50\ufe0f\u91d1\u91dd\u83c7\u7684IG: https://www.instagram.com/ggu__kim/\n\u2b50\ufe0f\u5408\u4f5c\u9080\u7d04\u8acb\u6d3dPressPlay\uff1ajinyoungkim@pressplay.cc\n\n\uff3f\uff3f\uff3f\uff3f\uff3f\uff3f\uff3f\uff3f\uff3f\uff3f\uff3f\uff3f\uff3f\uff3f\uff3f\uff3f\uff3f\uff3f\uff3f\uff3f\uff3f",
        "likeCount": "50307",
        "commentCount": "1856",
        "viewCount": "1433144"
    },
    "comments": [
        {
            "reply_id": "UgwYkJVphaliakG63kF4AaABAg",
            "reply_content": "\u88ab\u6211\u6293\u5230\u516c\u95dc\u516c\u53f8\u4f60\u5011\u97d3\u570b\u5973\u5b69\u5b50\u88ab\u73a9\u4e00\u73a9\u6c92\u95dc\u4fc2\u5728\u53f0\u7063\u5c31\u662f\u6b65\u884c\u4ed6\u6709\u6c92\u6709\u5243\u6bdb"
        },
        {
            "reply_id": "UgweRUB3TBbs_o5FxkF4AaABAg",
            "reply_content": "\u9019\u6a23\u5b50\u9084\u4e0d\u5920\u523a\u6fc0\uff0c\u4e0b\u4e00\u6b21\u8981\u8ddf\u5e97\u5bb6\u5546\u91cf\u4e00\u4e0b\u507d\u88dd\u6210\u670d\u52d9\u751f\u5e36\u53e3\u7f69\uff0c\u770b\u770b\u7236\u6bcd\u8a8d\u5f97\u51fa\u4f86\u670d\u52d9\u751f\u7684\u59b3\u55ce\uff1f\u8981\u662f\u4e0d\u662f\u5728\u9910\u5ef3\u53ef\u4ee5\u507d\u88dd\u6210\u5916\u9001\u54e1\u9001\u5916\u8ce3\u7d66\u5bb6\u4eba"
        },
        {
            "reply_id": "Ugw2I5fNIyDvG5_4nq94AaABAg",
            "reply_content": "\u96e2\u5bb6\u5de5\u4f5c\u5341\u4e00\u5e74\u7684\u6211\u76f4\u63a5\u770b\u5230\u54ed\u55da\u55da\u55da"
        },
        {
            "reply_id": "UgzNohjjdFDUTi1K7jV4AaABAg",
            "reply_content": "\u597d\u611f\u52d5"
        },
        {
            "reply_id": "UgxKpqn2a58MsLKqCmt4AaABAg",
            "reply_content": "\u6700\u5f8c\u7684\u5c0d\u767d\u770b\u54ed\u4e86\uff0c\u6211\u8981\u662f\u6709\u4e00\u500b\u50cf\u91d1\u91dd\u83c7\u9019\u6a23\u7684\u5973\u5152\u8a72\u6709\u591a\u597d"
        },
        {
            "reply_id": "UgwLUXLcjzo-oOJLrul4AaABAg",
            "reply_content": "\u597d\u611f\u52d5\u5537"
        },
        {
            "reply_id": "UgxWyoFWf6oFiBlWCnB4AaABAg",
            "reply_content": "\u91d1\u91dd\u83c7\u7238\u5abd\u597d\u6f02\u4eae\u5e25\u6c23\u7684"
        },
        {
            "reply_id": "UgziZfLOVu79esOTHMZ4AaABAg",
            "reply_content": "\u597d\u7f8e\u7684\u5abd\u5abd"
        },
        {
            "reply_id": "UgxXtqm5qI6_vfyZWDB4AaABAg",
            "reply_content": "\u597d\u68d2"
        },
        {
            "reply_id": "UgwypR6klCOxtE1dlkl4AaABAg",
            "reply_content": "\u975e\u5e38\u611f\u8b1d\u91d1\u91dd\u83c7\u5c0f\u59d0\u7684\u5206\u4eab\u771f\u662f\u4ee4\u4eba\u611f\u52d5\n\u8aaa\u771f\u7684\u6211\u7684\u773c\u6dda\u90fd\u6389\u4e0b\u4f86"
        },
        {
            "reply_id": "Ugz4vUDvoecHF-GDWMR4AaABAg",
            "reply_content": "\u83c7\u5abd\u5f88\u6f02\u4eae"
        },
        {
            "reply_id": "Ugxoxhvj-biCEu7Fo6t4AaABAg",
            "reply_content": "\u559c\u6b61\u770b\u91d1\u91dd\u83c7\u4ecb\u7d39\u59b3\u81ea\u5df1\u7684\u5bb6\u9109"
        },
        {
            "reply_id": "UgzRLmJAJreNEp_FcNx4AaABAg",
            "reply_content": "\u770b\u5230\u5abd\u5abd\u62b1\u8457\u771f\u7684\u5c31\u54ed\u51fa\u4f86\u4e86"
        },
        {
            "reply_id": "Ugy2dxoN6Btz-IJdUFV4AaABAg",
            "reply_content": "\u91d1\u91dd\u83c7\u611b\u4f60"
        },
        {
            "reply_id": "Ugw8E8rPPx3GzE3SkZJ4AaABAg",
            "reply_content": "\u773c\u6dda\u4e00\u76f4\u6389"
        },
        {
            "reply_id": "UgyhoLljwy4V3BbCrCJ4AaABAg",
            "reply_content": "\u90fd\u770b\u5230\u54ed\u4e86"
        },
        {
            "reply_id": "UgwY0CzEIrVPUiW0lid4AaABAg",
            "reply_content": "\u60f3\u8acb\u554f\u91d1\u91dd\u83c7\u7684\u6df1\u85cd\u8272\u8863\u670d\u662f\u4ec0\u9ebc\u54c1\u724c\uff1f\u8b1d\u8b1d"
        },
        {
            "reply_id": "UgwEqNasSq_igtWg7bV4AaABAg",
            "reply_content": "\u4f60\u59d0\u59d0\u548c\u4f60\u597d\u50cf\u54e6"
        },
        {
            "reply_id": "UgxfQKSFURphWiUPMwB4AaABAg",
            "reply_content": "\u8ddf\u8457\u54ed\u6158"
        },
        {
            "reply_id": "UgzY2pSMQ8uJ50rxH594AaABAg",
            "reply_content": "\u5bb6\u662f\u6700\u68d2\u7684\u5730\u65b9"
        },
        {
            "reply_id": "Ugyki6XFyb4fIIsQtRh4AaABAg",
            "reply_content": "\u5225\u56de\u4f86\u4e86\u5427"
        },
        {
            "reply_id": "UgzTgLtBNFV9NMXy_LV4AaABAg",
            "reply_content": "\u6211\u4e5f\u662f\u5e38\u5e38\u5f9e\u570b\u5916\u6c92\u544a\u77e5\u4ed6\u5011\u98db\u56de\u5bb6,\u7d66\u5bb6\u4eba\u4e00\u500b\u9a5a\u559c"
        },
        {
            "reply_id": "UgwtWsJfxA9dVb41Xjl4AaABAg",
            "reply_content": "\u597d\u611f\u52d5"
        },
        {
            "reply_id": "Ugz0SBDS6kMgXdXFo0N4AaABAg",
            "reply_content": "\u771f\u7684\u5f88\u559c\u6b61\u91d1\u91dd\u83c7\u8207\u5bb6\u4eba\u7684\u4e92\u52d5\uff0c\u770b\u4e86\u89ba\u5f97\u597d\u6eab\u6696"
        },
        {
            "reply_id": "UgzwSjBOG1MQz60PrWh4AaABAg",
            "reply_content": "\u7d50\u5c3e\u597d\u611f\u4eba\u7684\u4e00\u6bb5\u8a71"
        }
    ]
}