{
    "video_info": {
        "id": "FmbW6RDbs_c",
        "channelTitle": "\u97d3\u52fe\u311f\u91d1\u91dd\u83c7 \ucc10\uca50\uafb8",
        "title": "\u4f86\u81ea\u97d3\u570b\u5bb6\u4eba\u768430KG\u795e\u79d8\u5305\u88f9\uff01\u6eff\u6eff\u90fd\u662f\u7238\u5abd\u7684\u611b\u2764\ufe0f\u770b\u5b8c\u5f1f\u5f1f\u54e5\u54e5\u4e5f\u60f3\u5bb6\u4e86\ud83d\ude2d\uff5c\u97d3\u52fe\u311f\u91d1\u91dd\u83c7 \ucc10\uca50\uafb8",
        "description": "\u4f86\u81ea\u97d3\u570b\u5bb6\u4eba\u768430KG\u795e\u79d8\u5305\u88f9\u6eff\u6eff\u90fd\u662f\u7238\u5abd\u7684\u611b\u2764\ufe0f\u770b\u5b8c\u5f1f\u5f1f\u54e5\u54e5\u4e5f\u60f3\u5bb6\u4e86\ud83d\ude2d\uff5c\u97d3\u52fe\u311f\u91d1\u91dd\u83c7 \ucc10\uca50\uafb8\n\n#\u97d3\u570b\u5bb6\u5e38\u83dc #\u97d3\u570b\u5c0f\u83dc #\u97d3\u570b\u83c7\u5bb6\n\n\u5e0c\u671b\u4f60\u5011\u559c\u6b61\u9019\u90e8\u5f71\u7247\n\u559c\u6b61\u5e6b\u6211\u8a02\u95b1\u6309\u8b9a\u5206\u4eab \u8a18\u5f97\u958b\u555f\u5c0f\u9234\u943a\u6536\u53d6\u65b0\u7247\u901a\u77e5\u5594\uff01\n\n\uff3f\uff3f\uff3f\uff3f\uff3f\uff3f\uff3f\uff3f\uff3f\uff3f\uff3f\uff3f\uff3f\uff3f\uff3f\uff3f\uff3f\uff3f\uff3f\uff3f\uff3f\n\n\u2b50\ufe0f\u91d1\u91dd\u83c7\u7684\u97d3\u570b\u7f8e\u98df\u54c1\u724c\uff1ahttps://www.kimkfoods.com\n\u2b50\ufe0f\u91d1\u5bb6\u311f\u5e03\u5e33\u99ac\u8eca\uff1ahttps://www.facebook.com/groups/2297603990535075/\n\u2b50\ufe0f\u91d1\u91dd\u83c7\u7684\u7c89\u5c08: https://www.facebook.com/Koreajinzhengu/\n\u2b50\ufe0f\u91d1\u91dd\u83c7\u7684IG: https://www.instagram.com/ggu__kim/\n\u2b50\ufe0f\u5408\u4f5c\u9080\u7d04\u8acb\u6d3dPressPlay\uff1ajinyoungkim@pressplay.cc\n\n\uff3f\uff3f\uff3f\uff3f\uff3f\uff3f\uff3f\uff3f\uff3f\uff3f\uff3f\uff3f\uff3f\uff3f\uff3f\uff3f\uff3f\uff3f\uff3f\uff3f\uff3f",
        "likeCount": "36868",
        "commentCount": "1408",
        "viewCount": "1479784"
    },
    "comments": [
        {
            "reply_id": "UgwYI6VzFzUGMGX8kmp4AaABAg",
            "reply_content": "\u5f1f\u5f1f\u4e5f\u5f88\u6703\u8aaa\u53c8\u5e25\u5594"
        },
        {
            "reply_id": "UgwhqZkPzEcmEfBSJB14AaABAg",
            "reply_content": "\u5982\u679c\u4f60\u4eca\u751f\u4eca\u4e16\u60f3\u70ba\u4e0b\u4e00\u4ee3"
        },
        {
            "reply_id": "Ugz90umwuJ37EZN4ws54AaABAg",
            "reply_content": "\u7c89\u7d72\u7684\u6d41\u53e3\u6c34\u4e86"
        },
        {
            "reply_id": "UgxKtVQZMTfODPYVgeV4AaABAg",
            "reply_content": "\u4f60\u5011\u4e09\u5144\u5f1f\u59b9\u611f\u6069\u7236\u6bcd\u89aa\u7528\u5fc3"
        },
        {
            "reply_id": "UgwqQMd3m784jizC_8p4AaABAg",
            "reply_content": "\u83c7\u8d85\u7f8e"
        },
        {
            "reply_id": "UgzmD0Rq1uc6ytQ3dMR4AaABAg",
            "reply_content": "\u5c0f\u9ec3\u74dc\u8f9b\u5947\u5f88\u597d\u5403\u7684\u611f\u89ba"
        },
        {
            "reply_id": "UgwaRv5IocryjGm2u3p4AaABAg",
            "reply_content": "\u54e5\u54e5\u8072\u97f3\u4e5f\u592a\u597d\u807d"
        },
        {
            "reply_id": "UgzZAYOk_AoI3lJf7b14AaABAg",
            "reply_content": "\u5bb6\u4eba\u7684\u5473\u9053"
        },
        {
            "reply_id": "UgwdxM8lsP8OEAm-y514AaABAg",
            "reply_content": "\u7c89\u7d72\u90fd\u6d41\u53e3\u6c34\u4e86"
        },
        {
            "reply_id": "UgzqCKH9Vssgo0KbmO54AaABAg",
            "reply_content": "\u7b4d\u5b50\u7f50\u982d\u4e0b\u6b21\u53ef\u4ee5\u53bb\u5e02\u5834\u8cb7\u4e00\u5305\u7684\u4efd\u91cf\u6bd4\u8f03\u591a\u6211\u4e5f\u5f88\u611b"
        },
        {
            "reply_id": "UgzA8fhDPGR7sg_skVt4AaABAg",
            "reply_content": "\u4e09\u661f\u8471\u997c\u5e72\u597d\u5403"
        },
        {
            "reply_id": "UgwEg6rmX_NAEzJUSeZ4AaABAg",
            "reply_content": "\u83c7\u54e5\u8d85\u61c2\u5403"
        },
        {
            "reply_id": "UgxZD4NqLbgyAFwPnxt4AaABAg",
            "reply_content": "\u91d1\u91dd\u83c7\u53ef\u4e0d\u53ef\u4ee5\u8b93\u4f60\u5abd\u5abd\u6559\u5927\u5bb6\u505a\u97d3\u570b\u7684\u5c0f\u83dc"
        },
        {
            "reply_id": "UgzCmDnqt4rtludfdv54AaABAg",
            "reply_content": "\u91d1\u91dd\u83c7\u7684\u5abd\u5abd\u9577\u5f97\u53c8\u7f8e\u9e97\u5eda\u85dd\u53c8\u4e00\u7d1a\u68d2"
        },
        {
            "reply_id": "UgxnIjIw7FEpB5U9SHl4AaABAg",
            "reply_content": "\u91d1\u91dd\u5f1f\u5728\u65c1\u908a\u5f88\u60f3\u5403\u7684\u6a23\u5b50"
        },
        {
            "reply_id": "UgxldJ0SnNhzaRB2QXd4AaABAg",
            "reply_content": "\u5abd\u5abd\u5927\u6982\u89ba\u5f97\u5b69\u5b50\u5728\u53f0\u7063\u5403\u4e0d\u98fd\uff0c\u5927\u6982\u5973\u4e3b\u4e5f\u5403\u4e0d\u6163\u65b0\u9bae\u9752\u83dc\uff0c\u56de\u97d3\u570b\u5427\u6216\u53bb\u5ef6\u908a\u4e5f\u5f88\u9069\u5408\u4f60"
        },
        {
            "reply_id": "UgwhzfVJujsz_Cyfnlt4AaABAg",
            "reply_content": "\u97d3\u570b\u7684\u6ce1\u83dc\u7a2e\u985e\u592a\u591a\u4e86\uff0c\u6bcf\u4e00\u7a2e\u770b\u8d77\u4f86\u90fd\u5f88\u597d\u5403\u7684\u6a23\u5b50"
        },
        {
            "reply_id": "UgxCiIxiyavaoiAcxKd4AaABAg",
            "reply_content": "\u4e00\u5bb6\u4eba\u5f88\u6709\u8da3"
        },
        {
            "reply_id": "Ugw6HPZcRc_Qe-FrB1l4AaABAg",
            "reply_content": "\u91d1\u73cd\u83c7\u62ff\u7b77\u5b50\u7684\u98df\u6307\u4e0d\u8981\u7ff9\u8d77\u4f86\uff0c\u4f7f\u7528\u7b77\u5b50\u7528\u529b\u7684\u4e0d\u662f\u4e2d\u6307"
        },
        {
            "reply_id": "UgzRMZAPZBqP_z6Y3pN4AaABAg",
            "reply_content": "\u83c7\u54e5\u7684\u8072\u97f3\u597d\u597d\u807d"
        },
        {
            "reply_id": "Ugzabpz0ukfI22xFuNF4AaABAg",
            "reply_content": "\u53f0\u7063\u597d\u5ab3\u5a66\u91d1\u91dd\u83c7\u597d\u6f02\u4eae"
        },
        {
            "reply_id": "UgyHjNBIYg-BXsphpj14AaABAg",
            "reply_content": "\u8706\u7cbe\u66f4\u597d"
        },
        {
            "reply_id": "Ugxm18GyvQPFLcDsAhJ4AaABAg",
            "reply_content": "\u597d\u5e78\u798f"
        },
        {
            "reply_id": "UgyYx0DraiZTXKRc3GF4AaABAg",
            "reply_content": "\u83c7\u54e5\u771f\u7684\u5f88\u61c2\u5403\u5537 \u4ed6\u6311\u7684\u7f50\u982d\u985e\u91ac\u6599\u985e\u7684\u90fd\u662f\u53f0\u7063\u4eba\u611b\u7684"
        },
        {
            "reply_id": "UgyHzWMWdHYeaYbfwkp4AaABAg",
            "reply_content": "\u5e0c\u671b\u80fd\u5e38\u770b\u5230\u4e09\u5144\u5f1f\u59b9\u4e00\u8d77\u62cd\u7684\u5f71\u7247"
        }
    ]
}