{
    "video_info": {
        "id": "fQCFj8WnO5A",
        "channelTitle": "\u97d3\u52fe\u311f\u91d1\u91dd\u83c7 \ucc10\uca50\uafb8",
        "title": "\u96e2\u958b\u97d3\u570b\u524d\u5e36\u5bb6\u4ebashopping\u3001\u65c5\u884c\u5168\u90e8\u6211\u8cb7\u55ae\ud83c\uddf0\ud83c\uddf7\ud83d\udd25\u3010\u97d3\u570b\u7cfb\u5217\u6700\u7d42\u56de\ud83c\uddf0\ud83c\uddf7\u3011\uff5c\u97d3\u52fe\u311f\u91d1\u91dd\u83c7 \ucc10\uca50\uafb8",
        "description": "\u96e2\u958b\u97d3\u570b\u524d\u5e36\u5bb6\u4ebashopping\u5168\u90e8\u6211\u8cb7\u55ae\u3010\u56de\u97d3\u570b\u7cfb\u5217\u6700\u7d42\u56de\ud83c\uddf0\ud83c\uddf7\u3011\n\n\u56de\u5bb6\u9019\u4e00\u8d9f\u597d\u5e78\u798f\uff5e\uff5e\u5df2\u6eff\u8db3\uff01\uff01\uff01\n\u4e5f\u5f88\u958b\u5fc3\u80fd\u900f\u904e\u5f71\u7247\u7684\u65b9\u5f0f\u7d00\u9304\u6211\u548c\u5bb6\u4eba\u7684\u4e92\u52d5\n\u5e0c\u671b\u4eca\u5e74\u53ef\u4ee5\u518d\u56de\u4e00\u8d9f\n\u4e5f\u8b1d\u8b1d\u5927\u5bb6\u559c\u6b61\u5594\uff01\n\n#\u56de\u97d3\u570b\u7cfb\u5217\u6700\u7d42\u56de #\u91d1\u91dd\u83c7 #\u97d3\u570b\n\n\u5e0c\u671b\u4f60\u5011\u559c\u6b61\u9019\u90e8\u5f71\u7247\n\u559c\u6b61\u5e6b\u6211\u8a02\u95b1\u6309\u8b9a\u5206\u4eab \u8a18\u5f97\u958b\u555f\u5c0f\u9234\u943a\u6536\u53d6\u65b0\u7247\u901a\u77e5\u5594\uff01\n\n\uff3f\uff3f\uff3f\uff3f\uff3f\uff3f\uff3f\uff3f\uff3f\uff3f\uff3f\uff3f\uff3f\uff3f\uff3f\uff3f\uff3f\uff3f\uff3f\uff3f\uff3f\n\n\u2b50\ufe0f\u91d1\u91dd\u83c7\u7684\u97d3\u570b\u7f8e\u98df\u54c1\u724c\uff1ahttps://www.kimkfoods.com\n\u2b50\ufe0f\u91d1\u5bb6\u311f\u5e03\u5e33\u99ac\u8eca\uff1ahttps://www.facebook.com/groups/2297603990535075/\n\u2b50\ufe0f\u91d1\u91dd\u83c7\u7684\u7c89\u5c08: https://www.facebook.com/Koreajinzhengu/\n\u2b50\ufe0f\u91d1\u91dd\u83c7\u7684IG: https://www.instagram.com/ggu__kim/\n\u2b50\ufe0f\u5408\u4f5c\u9080\u7d04\u8acb\u6d3dPressPlay\uff1ajinyoungkim@pressplay.cc\n\n\uff3f\uff3f\uff3f\uff3f\uff3f\uff3f\uff3f\uff3f\uff3f\uff3f\uff3f\uff3f\uff3f\uff3f\uff3f\uff3f\uff3f\uff3f\uff3f\uff3f\uff3f",
        "likeCount": "33048",
        "commentCount": "1475",
        "viewCount": "936689"
    },
    "comments": [
        {
            "reply_id": "Ugxnl4_huECTJTYWiEV4AaABAg",
            "reply_content": "\u54ed\u6210\u4e00\u5718\u90a3\u6bb5\u6211\u4e5f\u8ddf\u8457\u54ed\u4e86"
        },
        {
            "reply_id": "UgxgZMX3iFv7amwo75N4AaABAg",
            "reply_content": "\u7c89\u7d72\u6703\u5e6b\u5fd9\u7167\u9867"
        },
        {
            "reply_id": "UgyIEEWCb3lsISSAMv54AaABAg",
            "reply_content": "\u5e73\u6642\u65e5\u5e38\u7684\u88dd\u626e\u9084\u662f\u90fd\u504f\u6df1\u8272\u70ba\u4e3b\u543c"
        },
        {
            "reply_id": "UgxGrTX3boSFIiNHfgJ4AaABAg",
            "reply_content": "\u59b3\u975e\u5e38\u68d2\u52a0\u6cb9"
        },
        {
            "reply_id": "UgzsPw8hWBHcBaVXT3t4AaABAg",
            "reply_content": "\u597d\u611f\u52d5"
        },
        {
            "reply_id": "Ugx1IphW1FBW_InhnDx4AaABAg",
            "reply_content": "\u597d\u611f\u4eba"
        },
        {
            "reply_id": "UgxzQxmjWL-jA1SqWMd4AaABAg",
            "reply_content": "\u611f\u52d5"
        },
        {
            "reply_id": "Ugy4IeN9Rj4gKvjBfB94AaABAg",
            "reply_content": "\u59d0\u59d0\u597d\u6f02\u4eae"
        },
        {
            "reply_id": "Ugzs3scL6TbQQ3fPrM94AaABAg",
            "reply_content": "\u5f88\u53ef\u611b\u7684\u5bb6\u4eba"
        },
        {
            "reply_id": "Ugxdq2-wQOXZTLXpoiF4AaABAg",
            "reply_content": "\u5f88\u611f\u4eba"
        },
        {
            "reply_id": "UgyWfSnXZAtQ79ZoscB4AaABAg",
            "reply_content": "\u83c7\u5bb6\u539f\u4f86\u6709\u56db\u500b\u5c0f\u5b69\u554a \u4ee5\u70ba\u53ea\u6709\u54e5\u54e5\u5f1f\u5f1f\u800c\u5df2"
        },
        {
            "reply_id": "UgzyakfxlpzMeSqPv_h4AaABAg",
            "reply_content": "\u53ef\u611b\u7684\u4e00\u5bb6\u4eba"
        },
        {
            "reply_id": "Ugwh8UoP0dgw1OqEmop4AaABAg",
            "reply_content": "\u83c7\u5bb6\u90fd\u662f\u5f88\u597d\u7684\u5bb6\u4eba"
        },
        {
            "reply_id": "Ugzypc0E37BCBJ-AvUB4AaABAg",
            "reply_content": "\u59ca\u59ca\u597d\u6f02\u4eae\u54e6"
        },
        {
            "reply_id": "UgwKOHgs3YsMYwDSxdh4AaABAg",
            "reply_content": "\u91d1\u91dd\u83c7\u7684\u59ca\u59b9\u5f88\u6f02\u4eae\u8036"
        },
        {
            "reply_id": "UgxIZ1J4dsl9IvF5Ttd4AaABAg",
            "reply_content": "\u83c7\u7684\u7238\u5abd\u597d\u5e74\u8f15\u5594"
        },
        {
            "reply_id": "UgyijOLkggL9dC587oZ4AaABAg",
            "reply_content": "\u8d85\u611f\u4eba\u7684"
        },
        {
            "reply_id": "Ugz4_EoPo_H3FpH3Usd4AaABAg",
            "reply_content": "\u6211\u4e5f\u54ed\u4e86"
        },
        {
            "reply_id": "Ugz1v6aJsGZ9HmQrZLh4AaABAg",
            "reply_content": "\u59d0\u59d0\u6f02\u4eae"
        },
        {
            "reply_id": "UgzMZ9H1b4RLpnzDS8t4AaABAg",
            "reply_content": "\u6709\u6a5f\u6703\u8b93\u7238\u5abd\u5bb6\u4eba\u4f86\u53f0\u7063\u73a9"
        },
        {
            "reply_id": "Ugz7SvtSCzbHiFKEjzx4AaABAg",
            "reply_content": "\u770b\u8457\u6211\u4e5f\u54ed\u4e86"
        },
        {
            "reply_id": "UgzNes9OwuD-EJFMB314AaABAg",
            "reply_content": "\u6211\u4e5f\u597d\u60f3\u53bb\u97d3\u570b"
        },
        {
            "reply_id": "UgzQ7RGorHzYbnHYFyx4AaABAg",
            "reply_content": "\u7238\u7238\u9577\u5f97\u597d\u50cf\u83c7\u5f1f"
        },
        {
            "reply_id": "UgxgUmqjBCUuL_BTpz54AaABAg",
            "reply_content": "\u570b\u6cf0\u7684\u5361\u7247\u767d\u8272\u7684\u597d\u7f8e"
        },
        {
            "reply_id": "UgwWtClNGaVdlgGBAT94AaABAg",
            "reply_content": "\u59d0\u59d0\u771f\u7684\u6f02\u4eae"
        }
    ]
}