{
    "video_info": {
        "id": "Fw04xfNqlQs",
        "channelTitle": "\u97d3\u52fe\u311f\u91d1\u91dd\u83c7 \ucc10\uca50\uafb8",
        "title": "\u59d0\u59d0\u8981\u96e2\u958b\u53f0\u7063\u4e86\ud83d\ude2d\u5728\u53f0\u5317\u628a\u63e1\u6700\u5f8c\u6a5f\u6703\u5403\u5403\u559d\u559d\uff01\u4e00\u5927\u7bb1\u7684\u4f34\u624b\u79ae\u5206\u4eab\u2764\ufe0f\uff5c\u97d3\u52fe\u311f\u91d1\u91dd\u83c7 \ucc10\uca50\uafb8",
        "description": "#\u91d1\u91dd\u83c7\u5802\u59d0 #\u8b1d\u8b1d\u5927\u5bb6\u6536\u770b\n\n\n\u5e0c\u671b\u4f60\u5011\u559c\u6b61\u9019\u90e8\u5f71\u7247\n\u559c\u6b61\u5e6b\u6211\u8a02\u95b1\u6309\u8b9a\u5206\u4eab \u8a18\u5f97\u958b\u555f\u5c0f\u9234\u943a\u6536\u53d6\u65b0\u7247\u901a\u77e5\u5594\uff01\n\n\uff3f\uff3f\uff3f\uff3f\uff3f\uff3f\uff3f\uff3f\uff3f\uff3f\uff3f\uff3f\uff3f\uff3f\uff3f\uff3f\uff3f\uff3f\uff3f\uff3f\uff3f\n\n\u2b50\ufe0f\u91d1\u91dd\u83c7\u7684\u97d3\u570b\u7f8e\u98df\u54c1\u724c\uff1ahttps://www.kimkfoods.com\n\u2b50\ufe0f\u91d1\u5bb6\u311f\u5e03\u5e33\u99ac\u8eca\uff1ahttps://www.facebook.com/groups/2297603990535075/\n\u2b50\ufe0f\u91d1\u91dd\u83c7\u7684\u7c89\u5c08: https://www.facebook.com/Koreajinzhengu/\n\u2b50\ufe0f\u91d1\u91dd\u83c7\u7684IG: https://www.instagram.com/ggu__kim/\n\u2b50\ufe0f\u5408\u4f5c\u9080\u7d04\u8acb\u6d3dPressPlay\uff1ajinyoungkim@pressplay.cc\n\n\uff3f\uff3f\uff3f\uff3f\uff3f\uff3f\uff3f\uff3f\uff3f\uff3f\uff3f\uff3f\uff3f\uff3f\uff3f\uff3f\uff3f\uff3f\uff3f\uff3f\uff3f",
        "likeCount": "31185",
        "commentCount": "1045",
        "viewCount": "1240352"
    },
    "comments": [
        {
            "reply_id": "UgxDoECkWpvP4I8AoT94AaABAg",
            "reply_content": "\u5c0f\u6f58\u8981\u8cb7"
        },
        {
            "reply_id": "Ugz84xyvN6BPTw50_014AaABAg",
            "reply_content": "\u59d0\u59d0\u82f1\u6587\u767c\u97f3\u771f\u4e0d\u932f"
        },
        {
            "reply_id": "UgzXH3BlQZOsViVQhEl4AaABAg",
            "reply_content": "\u83c7\u59d0\u5f88\u6b63"
        },
        {
            "reply_id": "UgzEUxJEv5RjGYEfEuh4AaABAg",
            "reply_content": "\u53ef\u4ee5\u6559\u59ca\u59ca\u4e2d\u6587"
        },
        {
            "reply_id": "UgyITfm3jnLF5ip_WQh4AaABAg",
            "reply_content": "\u6b61\u8fce\u59ca\u59ca\u518d\u4f86\u53f0\u7063\u6e21\u5047\u5566"
        },
        {
            "reply_id": "UgxZzS7_uco9PLt7GVJ4AaABAg",
            "reply_content": "\u4f60\u59d0\u59d0\u662f\u6211\u7684\u83dc\u4ec0\u9ebc\u6642\u5019\u9084\u8981\u4f86"
        },
        {
            "reply_id": "UgxLFZbX-KMN-gNBcZN4AaABAg",
            "reply_content": "\u4f60\u59d0\u59d0\u4ec0\u9ebc\u6642\u5019\u8981\u4f86\u627e"
        },
        {
            "reply_id": "UgzyLVG3RjbkSd08j014AaABAg",
            "reply_content": "\u4e0b\u6b21\u53ef\u4ee5\u4f86\u9ad8\u96c4\u5403\u6f22\u4f86\u852c\u98df\u7684\u863f\u8514\u7cd5\uff0c\u5f88\u8edf\u5f88\u863f\u8514"
        },
        {
            "reply_id": "Ugy9WcY2m8YpLo8yJzt4AaABAg",
            "reply_content": "\u6211\u559c\u6b61\u59ca\u59ca"
        },
        {
            "reply_id": "UgwrMZBZkVFzq6lurxN4AaABAg",
            "reply_content": "\u59d0\u59d0\u5a36\u4e86"
        },
        {
            "reply_id": "UgyuDNC3LqGngRaY-E94AaABAg",
            "reply_content": "\u86c7\u8089\u5f88\u50cf\u96de\u8089"
        },
        {
            "reply_id": "UgxP7o_K5qNyyYZ9Ds54AaABAg",
            "reply_content": "\u5609\u5fb7\u9cf3\u68a8\u9165\u6bd4\u8f03\u597d\u5403"
        },
        {
            "reply_id": "UgyqytvrtPHikfaYJ794AaABAg",
            "reply_content": "\u59ca\u59ca\u5f88\u53ef\u611b\u634f"
        },
        {
            "reply_id": "UgzwkX1bUtIuzOunlvx4AaABAg",
            "reply_content": "\u59ca\u59ca\u6c23\u8cea\u597d\u53c8\u6f02\u4eae"
        },
        {
            "reply_id": "UgxjijTtJbqBw18YQ5h4AaABAg",
            "reply_content": "\u59ca\u59ca\u8d85\u6b63\u8d85\u53ef\u611b"
        },
        {
            "reply_id": "UgyrGFfdRE7W-1I2wUt4AaABAg",
            "reply_content": "\u6b61\u8fce\u59b3\u518d\u56de\u4f86\u53f0\u7063\u5466\u611b\u59b3\u5011\u54e6"
        },
        {
            "reply_id": "UgzKZO4sGrmdu7jFeIV4AaABAg",
            "reply_content": "\u59ca\u59ca\u597d\u6f02\u4eae\u5594"
        },
        {
            "reply_id": "UgxvjtAMRY-DVUwYbKh4AaABAg",
            "reply_content": "\u83c7\u59d0\u8d85\u6f02\u4eae\u800c\u4e14\u8b1b\u82f1\u6587\u597d\u597d\u807d"
        },
        {
            "reply_id": "UgysYhBU8vI74l9EqPh4AaABAg",
            "reply_content": "\u5fd8\u4e86\u8cb7\u53ef\u6a02\u679c\u8207\u79d1\u5b78\u9eb5"
        },
        {
            "reply_id": "UgxX4-gHCI3W_xcGGOB4AaABAg",
            "reply_content": "\u5802\u59ca\u597d\u6f02\u4eae"
        },
        {
            "reply_id": "UgwEwlm9i4Dy-kujoFZ4AaABAg",
            "reply_content": "\u770b\u5f97\u51fa\u4f60\u5011\u59d0\u59b9\u611f\u60c5\u5f88\u597d"
        },
        {
            "reply_id": "UgyTl0-aLr378JSHBoF4AaABAg",
            "reply_content": "\u59ca\u59ca\u6bd4\u5495\u5495\u7f8e"
        },
        {
            "reply_id": "Ugz9zoNfxIisI4qb3Ot4AaABAg",
            "reply_content": "\u863f\u8514\u7cd5\u771f\u7684\u5f88\u770b\u529f\u592b"
        },
        {
            "reply_id": "Ugz9rF9l-5n-Gsa1OMJ4AaABAg",
            "reply_content": "\u59d0\u59d0\u6f02\u4eae\u9ede"
        },
        {
            "reply_id": "UgyhyYl6atq8mSY9qJZ4AaABAg",
            "reply_content": "\u77e5\u9053\u89c0\u5149\u5ba2\u6703\u8cb7\u4ec0\u9ebc\u597d\u6709\u8da3"
        }
    ]
}