{
    "video_info": {
        "id": "fy2VQ617YZE",
        "channelTitle": "\u97d3\u52fe\u311f\u91d1\u91dd\u83c7 \ucc10\uca50\uafb8",
        "title": "\u5728\u53f0\u5c0b\u627e\u300c\u97d3\u570b\u7a00\u6709\u5c0f\u5403\u300d\ud83d\udd25\u6c92\u60f3\u5230\u53f0\u7063\u7adf\u7136\u6709\u8ce3\u97d3\u570b\u4eba\u7684\u601d\u9109\u6ecb\u5473\ud83d\ude2d\uff5c\u97d3\u52fe\u311f\u91d1\u91dd\u83c7 \ucc10\uca50\uafb8",
        "description": "\u300a\u97d3\u570b\u7a00\u6709\u5c0f\u5403\u7bc7\u300b\n\n\u6c34\u524c\u97d3\u5f0f\u6599\u7406 \u5149\u5fa9\u5e97 \n\u53f0\u5317\u5e02\u677e\u5c71\u5340\u5149\u5fa9\u5357\u8def1\u865f2\u6a13\u4e4b2\n\n\ud83c\udf1f\u97d3\u9ede\u7cd6 \u91dc\u5c71\u7cd6\u9905\u5c08\u8ce3\uff08\u63a8\u63a8\ud83c\udf1f\n\u53f0\u5317\u5e02\u5927\u5b89\u5340\u5ef6\u5409\u885770\u5df72\u5f042\u865f\n\n\u98ef\u5377\u7814\u7a76\u6240 \n\u53f0\u5317\u5e02\u677e\u5c71\u5340\u6c11\u751f\u6771\u8def\u56db\u6bb577\u865f\n\nCaffe bene\n\u53f0\u5317\u5e02\u677e\u5c71\u5340\u6c11\u751f\u6771\u8def\u4e94\u6bb5106\u865f\n\n\ud83c\udf1f\u7f8a\u89d2\u5305\u6c57\u84b8\u8212\u58d3\u9928\uff08\u63a8\u63a8\ud83c\udf1f\uff09\n\u53f0\u5317\u5e02\u5167\u6e56\u5340\u6c11\u6b0a\u6771\u8def\u516d\u6bb553\u865f\n\n\n\n\u5e0c\u671b\u4f60\u5011\u559c\u6b61\u9019\u90e8\u5f71\u7247\n\u559c\u6b61\u5e6b\u6211\u8a02\u95b1\u6309\u8b9a\u5206\u4eab \u8a18\u5f97\u958b\u555f\u5c0f\u9234\u943a\u6536\u53d6\u65b0\u7247\u901a\u77e5\u5594\uff01\n\n\uff3f\uff3f\uff3f\uff3f\uff3f\uff3f\uff3f\uff3f\uff3f\uff3f\uff3f\uff3f\uff3f\uff3f\uff3f\uff3f\uff3f\uff3f\uff3f\uff3f\uff3f\n\n\u2b50\ufe0f\u91d1\u91dd\u83c7\u7684\u97d3\u570b\u7f8e\u98df\u54c1\u724c\uff1ahttps://www.kimkfoods.com\n\u2b50\ufe0f\u91d1\u5bb6\u311f\u5e03\u5e33\u99ac\u8eca\uff1ahttps://www.facebook.com/groups/2297603990535075/\n\u2b50\ufe0f\u91d1\u91dd\u83c7\u7684\u7c89\u5c08: https://www.facebook.com/Koreajinzhengu/\n\u2b50\ufe0f\u91d1\u91dd\u83c7\u7684IG: https://www.instagram.com/ggu__kim/\n\u2b50\ufe0f\u5408\u4f5c\u9080\u7d04\u8acb\u6d3dPressPlay\uff1ajinyoungkim@pressplay.cc\n\n\uff3f\uff3f\uff3f\uff3f\uff3f\uff3f\uff3f\uff3f\uff3f\uff3f\uff3f\uff3f\uff3f\uff3f\uff3f\uff3f\uff3f\uff3f\uff3f\uff3f\uff3f",
        "likeCount": "13163",
        "commentCount": "272",
        "viewCount": "655664"
    },
    "comments": [
        {
            "reply_id": "UgyhtDPAWHD64ch_u5N4AaABAg",
            "reply_content": "\u65b0\u838a\u6709\u4e00\u5bb6\u97d3\u5f0f\u71b1\u72d7\u53eb\u6a02\u72d7\u6dfb\u7cd6\u8d85\u597d\u5403\ud83d\ude0b\u597d\u5947\u4e0d\u77e5\u9053\u662f\u4e0d\u662f\u8ddf\u97d3\u570b\u4e00\u6a23\u7684\u5473\u9053"
        },
        {
            "reply_id": "UgyGaXJ-f-LZZ3-a8b14AaABAg",
            "reply_content": "\u91d1\u91dd\u83c7\u61c9\u8a72\u53ef\u4ee5\u958b\u5e97\u4e86"
        },
        {
            "reply_id": "UgwjQeFN09HYLBcOqYl4AaABAg",
            "reply_content": "\u6c57\u84b8\u7684\u90a3\u4e2a\u97f3\u4e50\u662f\u6211\u5b66\u6821\u65e9\u4e0a\u6668\u8bfb\u64ad\u7684\u50ac\u7720\u795e\u66f2"
        },
        {
            "reply_id": "UgwNTxUYza3niSys3AR4AaABAg",
            "reply_content": "\u7f8a\u89d2\u5305\u611f\u89ba\u771f\u7684\u5f88\u4e0d\u932f"
        },
        {
            "reply_id": "UgzgB0jRWL3wTEuqEk54AaABAg",
            "reply_content": "\u91d1\u91dd\u83c7\u5973\u795e\u600e\u9ebc\u8b8a\u80d6\u4e86"
        },
        {
            "reply_id": "UgxtVDq_jd0Or4QHQ494AaABAg",
            "reply_content": "\u6211\u4ee5\u524d\u5728\u6c34\u524c\u5de5\u4f5c\u904e\uff0c\u90a3\u6642\u5019\u883b\u591a\u4eba\u90fd\u6703\u4f86\u5403"
        },
        {
            "reply_id": "UgxkeuqrUfW_Mk0PvsJ4AaABAg",
            "reply_content": "\u65b0\u9aee\u578b\u597d\u96e3\u770b\u5594\u9aee\u8272\u597d\u602a"
        },
        {
            "reply_id": "Ugz0heQaLhrvcsuSegJ4AaABAg",
            "reply_content": "\u770b\u5b8c\u6211\u4e5f\u597d\u60f3\u5403\u5403\u91dc\u5c71\u7684\u7cd6\u9905\u5594"
        },
        {
            "reply_id": "UgyLNUevIPMZF4wKzWp4AaABAg",
            "reply_content": "\u9732\u809a\u5b50\u597d\u8fa3"
        },
        {
            "reply_id": "Ugz82MRhKaGSSpJqW2Z4AaABAg",
            "reply_content": "\u8acb\u554f\u70ba\u4ec0\u9ebc\u6c92\u6709\u97d3\u6587\u5b57\u5e55\u4e86\u5440?\u90fd\u6703\u770b\u91d1\u91dd\u83c7\u5f71\u7247\u5b78\u97d3\u6587\u7684\u8aaa"
        },
        {
            "reply_id": "UgzBaMduPVHBZl6hU514AaABAg",
            "reply_content": "\u7aa9\u60f3\u554f\u9ebb\u85e5\u6795\u982d\u4e5f\u662f\u97d3\u570b\u611b\u7528\u7684\u55ce"
        },
        {
            "reply_id": "UgzC40KF_25Ei7k20gF4AaABAg",
            "reply_content": "\u91d1\u91dd\u83c7\u7684\u8170\u4e5f\u592a\u7d30\u4e86\u5427\ud83d\ude2d\u5750\u4e0b\u90fd\u6c92\u809a\u5b50\u54ed\u51fa\u4f86"
        },
        {
            "reply_id": "Ugz1IU3l0gERqe9Pnkt4AaABAg",
            "reply_content": "\u53f0\u5357\u6b66\u8056\u591c\u5e02\u6709\u4e00\u6524\u97d3\u7c4d\u8001\u95c6\u5a18\u6709\u8ce3\u5fe0\u6b66\u98ef\u5377\u3002"
        },
        {
            "reply_id": "UgyZlWW6S1xYjacCSDx4AaABAg",
            "reply_content": "\u6709\u53e3\u798f"
        },
        {
            "reply_id": "Ugw8EeI_1pwL-qUtuex4AaABAg",
            "reply_content": "\u8acb\u91d1\u6559\u6388\u63a8\u85a6\u53f0\u5317\u597d\u5403\u7684\u7d2b\u83dc\u98ef\u5377"
        },
        {
            "reply_id": "Ugxm3OcX-XS1gwaNsl94AaABAg",
            "reply_content": "\u91d1\u6559\u6388\u65e9\u4e0a\u597d"
        },
        {
            "reply_id": "UgygjSDOuhCZ16rEN5R4AaABAg",
            "reply_content": "\u53ef\u4ee5\u8ddf\u54e5\u54e5\u5f1f\u5f1f\u4e00\u8d77\u4f86\u7f8a\u89d2\u982d\u9ad4\u6703\u56de\u5bb6\u7684\u611f\u89ba\u54c8\u54c8"
        },
        {
            "reply_id": "Ugwe3B3TCYuP_Xv7QKl4AaABAg",
            "reply_content": "\u4f86\u5831\u5230\u6309\u8b9a"
        },
        {
            "reply_id": "Ugze07hdk--r0NrfnN54AaABAg",
            "reply_content": "\u6bcf\u6b21\u56de\u53f0\u7063\u90fd\u60f3\u8d95\u5feb\u8a66\u5403\u91d1\u91dd\u83c7\u4ecb\u7d39\u597d\u5403\u7684\u6599\u7406."
        },
        {
            "reply_id": "Ugz_VKW0Mz8RUdkID0N4AaABAg",
            "reply_content": "\u6c34\u524c\u61c9\u8a72\u662f\u53f0\u8a9e"
        },
        {
            "reply_id": "UgzkjUuR8ls8JqNH8Il4AaABAg",
            "reply_content": "\u6211\u90fd\u5728\u770b\u81c9\u4e0a\u7684\u75d8\u75d8"
        },
        {
            "reply_id": "UgxWjVuOgd6H8balIXx4AaABAg",
            "reply_content": "\u4f60\u559c\u6b61\u5403\u8fa3\u55ce"
        },
        {
            "reply_id": "Ugwl0Z8P1Ewu9P29TlZ4AaABAg",
            "reply_content": "\u6211\u767c\u73fe\u59b3\u6574\u5bb9\u4e86"
        },
        {
            "reply_id": "UgwjY1PcuCu9ytGQUq14AaABAg",
            "reply_content": "\u660e\u6d1e\u7684\u8fa3\u9b77\u9b5a\u98ef\u6372\u771f\u7684\u597d\u5403\u597d\u61f7\u5ff5"
        },
        {
            "reply_id": "UgwG604h-vEwtM144oR4AaABAg",
            "reply_content": "\u8acb\u554f\u5403\u98ef\u6372\u6642\u51fa\u73fe\u7684\u80cc\u666f\u97f3\u6a02\u662f\u54ea\u9996\u6b4c\u5462"
        }
    ]
}