{
    "video_info": {
        "id": "FYAz25mdi3o",
        "channelTitle": "\u97d3\u52fe\u311f\u91d1\u91dd\u83c7 \ucc10\uca50\uafb8",
        "title": "\u97d3\u570b\u4eba\u56de\u97d3\u570b\u4e0d\u82b1\u9322\u300c\u5230\u8655\u8e6d\u98ef\u300d\u53ef\u4ee5\u6d3b\u591a\u4e45\u5462\uff1f\ud83e\udd23\u97d3\u570b\u91d1\u771f\u5be6\u751f\u6d3b\u5206\u4eab\ud83c\uddf0\ud83c\uddf7\uff5c\u97d3\u52fe\u311f\u91d1\u91dd\u83c7 \ucc10\uca50\uafb8",
        "description": "\u900f\u904e\u4ee5\u4e0b\u7db2\u5740\u7372\u5f97Surfshark VPN: https://surfshark.deals/GGU\n\n\u8f38\u5165\u6298\u6263\u78bc GGU\uff0c\u5c31\u53ef\u99ac\u4e0a\u7372\u5f97\u300c1.7\u6298\u300d\u512a\u60e0\n\u8a02\u95b12\u5e74\u65b9\u6848\u518d\u52a0\u9001\u514d\u8cbb3\u500b\u6708\u7684\u4f7f\u7528\uff01\n\n\ud83c\udf1f\u5f71\u7247\u4e2d\u7684\u54e5\u54e5\u5011\u662f\u97d3\u570b\u88fd\u4f5c\u4eba\u300centoy\u300d\n\u6709\u8208\u8da3\u5927\u5bb6\u53ef\u4ee5\u591a\u591a\u53bb\u807d\u807d\u770b\u54e6\uff01\n\nConfident\ud83c\udfb5-\nhttps://youtube.com/playlist?list=OLAK5uy_l87M5fvJo-IuHDLic7yMf1C2bbrjihs9I\n\nShirts\ud83c\udfb5-\nhttps://youtu.be/rVDHBIRbkqE\n\nLast mood\ud83c\udfb5-\nhttps://youtube.com/playlist?list=OLAK5uy_myNAYW6CSVMUJ82wNCXi9-2LtFtTALv04\n\nMidnight\ud83c\udfb5-\nhttps://youtu.be/JMfGd63jC5c\n\n\u5e0c\u671b\u4f60\u5011\u559c\u6b61\u9019\u90e8\u5f71\u7247\n\u559c\u6b61\u5e6b\u6211\u8a02\u95b1\u6309\u8b9a\u5206\u4eab \u8a18\u5f97\u958b\u555f\u5c0f\u9234\u943a\u6536\u53d6\u65b0\u7247\u901a\u77e5\u5594\uff01\n\n\uff3f\uff3f\uff3f\uff3f\uff3f\uff3f\uff3f\uff3f\uff3f\uff3f\uff3f\uff3f\uff3f\uff3f\uff3f\uff3f\uff3f\uff3f\uff3f\uff3f\uff3f\n\n\u2b50\ufe0f\u91d1\u91dd\u83c7\u7684\u97d3\u570b\u7f8e\u98df\u54c1\u724c\uff1ahttps://www.kimkfoods.com\n\u2b50\ufe0f\u91d1\u5bb6\u311f\u5e03\u5e33\u99ac\u8eca\uff1ahttps://www.facebook.com/groups/2297603990535075/\n\u2b50\ufe0f\u91d1\u91dd\u83c7\u7684\u7c89\u5c08: https://www.facebook.com/Koreajinzhengu/\n\u2b50\ufe0f\u91d1\u91dd\u83c7\u7684IG: https://www.instagram.com/ggu__kim/\n\u2b50\ufe0f\u5408\u4f5c\u9080\u7d04\u8acb\u6d3dPressPlay\uff1ajinyoungkim@pressplay.cc\n\n\uff3f\uff3f\uff3f\uff3f\uff3f\uff3f\uff3f\uff3f\uff3f\uff3f\uff3f\uff3f\uff3f\uff3f\uff3f\uff3f\uff3f\uff3f\uff3f\uff3f\uff3f",
        "likeCount": "14485",
        "commentCount": "449",
        "viewCount": "612379"
    },
    "comments": [
        {
            "reply_id": "UgzgNlcCtQoZg0CdEbF4AaABAg",
            "reply_content": "\u59d0\u59d0\u5f88\u6f02\u4eae"
        },
        {
            "reply_id": "Ugy2OOWcEN_MybozzXB4AaABAg",
            "reply_content": "\u6b50\u5df4\u7684\u97f3\u6a02\u4e0d\u932f\u807d\uff0c\u7136\u5f8c\u5bc4\u751f\u6d41\u7684\u4f01\u5283\u4e5f\u505a\u5f97\u4e0d\u932f"
        },
        {
            "reply_id": "Ugy-pEpDD5cVdq1s0-t4AaABAg",
            "reply_content": "\u4f3c\u4e4e\u8b8a\u80d6\u597d\u591a"
        },
        {
            "reply_id": "UgwcFduICJ2T3ttNXh14AaABAg",
            "reply_content": "\u81c9\u8b8a\u597d\u5713\u5594"
        },
        {
            "reply_id": "Ugy4G0KBZZOmNlTpA7Z4AaABAg",
            "reply_content": "\u591a\u624d\u591a\u85dd\u53c8\u5927\u65b9\u7684\u6b50\u5df4"
        },
        {
            "reply_id": "Ugw6MLhaFvF35hBqyLx4AaABAg",
            "reply_content": "\u6709\u4e00\u5708\u4e86"
        },
        {
            "reply_id": "UgxySTKUOvWZYgCkRD94AaABAg",
            "reply_content": "\u83c7\u8ddf\u83c7\u7684\u59ca\u59ca\u90fd\u597d\u53ef\u611b\u54c8\u54c8\u54c8"
        },
        {
            "reply_id": "UgwQNBHTP2cfjETnbah4AaABAg",
            "reply_content": "\u59ca\u59ca\u771f\u7684\u5f88\u6f02\u4eae"
        },
        {
            "reply_id": "UgwMuc4lqDVOUnTAnc54AaABAg",
            "reply_content": "\u6b50\u7238\u7684\u8072\u97f3\u597d\u6eab\u67d4\u597d\u597d\u807d"
        },
        {
            "reply_id": "Ugwk6z6etBjBTtT5PKB4AaABAg",
            "reply_content": "\u6211\u9577\u671f\u90fd\u6709\u770b\u4f60\u5f71\u7247\u4f46\u4f60\u8ddf\u5168\u5bb6\u806f\u540d\u7684\u5fa1\u98ef\u7cf0\u6709\u592a\u96e3\u5403\u5427!\u53ef\u4ee5\u6539\u9032\u55ce"
        },
        {
            "reply_id": "UgzfmrEoNZ3-gkHFBsV4AaABAg",
            "reply_content": "\u6b50\u5df4\u6211\u4e5f\u611b\u4e86"
        },
        {
            "reply_id": "UgzMAr2DS3CcM8bDghV4AaABAg",
            "reply_content": "\u97cb\u79ae\u5b89\u7684\u5982\u679c\u53ef\u4ee5\u55ce\u54c8\u54c8"
        },
        {
            "reply_id": "UgzE7lZ3JvakpzXBJPt4AaABAg",
            "reply_content": "\u97f3\u6a02\u597d\u597d\u807d"
        },
        {
            "reply_id": "Ugxg8tuWhapD40PgHrh4AaABAg",
            "reply_content": "\u91d1\u91dd\u83c7\u5f88\u958b\u5fc3\u81ea\u5728\u5462"
        },
        {
            "reply_id": "Ugzo2bsArJpNbybYJ4V4AaABAg",
            "reply_content": "\u6b50\u5df4\u5011\u597d\u53ef\u611b\u554a"
        },
        {
            "reply_id": "Ugzb_Lg32qoMCVfulnJ4AaABAg",
            "reply_content": "\u6703\u5f48\u7434\u7684\u7537\u4eba\u8d85\u5e25"
        },
        {
            "reply_id": "Ugwrs3HLO7QwdUBqvvd4AaABAg",
            "reply_content": "\u525b\u53bb\u97d3\u570b\u73a9\u56de\u4f86\u771f\u7684\u597d\u559c\u6b61\u97d3\u570b\u7684\u98df\u7269\u5594\uff0c\u9019\u6b21\u6709\u770b\u5230\u91d1\u91dd\u83c7\u7684\u59ca\u59ca\u597d\u68d2\u5594\uff5e\u5e0c\u671b\u4e0b\u4e00\u90e8\u5f71\u7247\u53ef\u4ee5\u770b\u5230\u83c7\u7238\u83c7\u5abd\u9084\u6709\u5976\u5976\u5011"
        },
        {
            "reply_id": "UgwAWp3UT5iUJspqVrt4AaABAg",
            "reply_content": "\u54c8\u54c8\u54c8\u8b9a"
        },
        {
            "reply_id": "UgxR8nAxZUsL70ZClJp4AaABAg",
            "reply_content": "\u59ca\u59ca\u4f86\u4e86\u8212\u670d"
        },
        {
            "reply_id": "UgzgXFaC2khwm3jHsQ14AaABAg",
            "reply_content": "\u4eca\u5929\u624d\u525b\u770b\u5230\u6b50\u5df4\u9001\u83c7\u7684\u54c1\u724c\uff0c\u8aaa\u8981\u9032\u53f0\u7063\u4e86\u8aaa"
        },
        {
            "reply_id": "UgwDgylRGj3unYJwkvV4AaABAg",
            "reply_content": "\u6797\u8431\u6bd4\u8f03\u53ef\u611b\u6bd4\u8f03\u7626\u7684\u5973\u795e"
        },
        {
            "reply_id": "UgwmsuXXHppiaZFLoWF4AaABAg",
            "reply_content": "\u91d1\u91dd\u83c7\u592a\u80d6\u4e86\u5ac1\u4e0d\u51fa\u53bb"
        },
        {
            "reply_id": "UgwU3_JROUm_VWLBhvl4AaABAg",
            "reply_content": "\u5176\u4e2d\u4e00\u500b\u597d\u50cf\u5c0f\u8cf4\u7684\u7279\u8cea"
        },
        {
            "reply_id": "Ugwetudx_MsiYDPEv4Z4AaABAg",
            "reply_content": "\u5e25\u6c23\u54e5\u54e5"
        },
        {
            "reply_id": "Ugy62pJwZ8iu1K0H-wt4AaABAg",
            "reply_content": "\u800d\u5ee2\u4e5f\u53ef\u611b"
        }
    ]
}