{
    "video_info": {
        "id": "GGbGMWvysI8",
        "channelTitle": "\u97d3\u52fe\u311f\u91d1\u91dd\u83c7 \ucc10\uca50\uafb8",
        "title": "\u97d3\u570b\u91d1\u5e36\u53f0\u7063\u95a8\u871c\u73a9\u5b9c\u862d+\u5403\u64ad\u904a\u8a18\ud83d\udd25\u521d\u56909\u9593\u5b9c\u862d\u9285\u677f\u7f8e\u98df\u8b93\u53f0\u7063\u670b\u53cb\u5f88\u9a5a\u8277\uff01\uff01\uff5c\u97d3\u52fe\u311f\u91d1\u91dd\u83c7 \ucc10\uca50\uafb8",
        "description": "\u548c\u6211\u7684\u597d\u670b\u53cb\u6797\u8431\u51fa\u53bb\u73a9\ud83d\ude0d\ud83d\ude0d\n\u5f88\u958b\u5fc3\u6258\u8607\u83f2\u7684\u798f \u4e00\u8d77\u53bb\u5b9c\u862d\u65c5\u884c\u4e00\u65e5\u904a\n\u771f\u7684\u5403\u8d85\u591a\u7f8e\u98df \u597d\u723d\u6b50\uff01\uff01\uff01\n \n\u4e5f\u6709\u4e86\u8607\u83f2\u7684\u5168\u65b0\u8d85\u719f\u7761 \u904e\u4e86\u5f88\u5b89\u5fc3\u7684\u591c\u665a\uff5e\u5b83\u7684\u4e94\u5408\u4e00\u9632\u6d2a\u69cb\u9020\u771f\u7684\u5c0d\u5973\u6027\u592a\u8cbc\u5fc3\u4e86\n\u5fc3\u88e1\u6709\u7a2e\u611f\u52d5\u611f\u6069\u7684\u5fc3\ud83d\ude02\ud83e\udd7a\n\u6709\u8208\u8da3\u7684\u670b\u53cb\u5011\u73fe\u5728\u90fd\u8cb7\u5f97\u5230\u56c9 \ud83d\ude06\ud83d\ude06\u63a8\u85a6\u5927\u5bb6\u53ef\u4ee5\u8a66\u8a66\u770b\uff01\uff01\n\u8eab\u70ba\u8607\u83f2\u611b\u7528\u8005 \u5168\u65b0\u8d85\u719f\u7761\u771f\u7684\u5f88\u4e0d\u932f\u2764\ufe0f\u2764\ufe0f \n\u9019\u7a2e\u8cbc\u8eab\u7684\u7528\u54c1 \u4e00\u5b9a\u8981\u597d\u7684\uff01\uff01\uff01\uff01\n\u795d\u5927\u5bb6\u5927\u81ea\u7136\u4f86\u90fd\u8981\u8212\u670d\u5466\n \n\u5eb7\u662f\u7f8e35cm\u9650\u6642\u63db\u8cfc\u512a\u60e0\u50f9$39\uff1ahttps://ilnk.io/10dnu\n \n#\u5b9c\u862d\u7f8e\u98df #\u5b9c\u862d\u65c5\u904a #\u91d1\u8431CP\n#\u5168\u65b0\u5347\u7d1a\u8607\u83f2\u8d85\u719f\u7761 #\u4e94\u5408\u4e00\u9632\u6d2a\u69cb\u9020 #\u96a8\u59b3\u7ffb\u7d42\u7d50\u6d17\u5e8a\u55ae  \n @sofy2721 \n@HeyShiuan \n\n\u6628\u5929\u8d70\u5b8c #\u8d70\u9418\u734e \u597d\u597d\u73a9\u597d\u7d2f\u5594\u54c8\u54c8\u554a\n\u5f9e\u5e8a\u4e0a\u722c\u51fa\u4f86\u8655\u7406\u5f71\u7247 \u5e0c\u671b\u4f60\u5011\u6703\u559c\u6b61\uff5e\n\u5e0c\u671b\u4f60\u5011\u559c\u6b61\u9019\u90e8\u5f71\u7247\n\u559c\u6b61\u5e6b\u6211\u8a02\u95b1\u6309\u8b9a\u5206\u4eab \u8a18\u5f97\u958b\u555f\u5c0f\u9234\u943a\u6536\u53d6\u65b0\u7247\u901a\u77e5\u5594\uff01\n#\u91d1\u91dd\u83c7 #\u6797\u8431 #\u7b2c\u4e09\u5c46\u8d70\u9418\u734e\n\n\n#\u9285\u677f\u7f8e\u98df \u8cc7\u8a0a\n\u25aa\ufe0f\u7b2c\u4e00\u5929\n-\u862d\u967d\u9999\u8fa3\u9eb5\n\u5b9c\u862d\u7e23\u7f85\u6771\u93ae\u4e2d\u83ef\u8def91\u865f\n\n-\u51b7\u767d\u7c89\u5713\n\u5b9c\u862d\u7e23\u5b9c\u862d\u5e02\u57ce\u968d\u88571\u865f\n\n-\u6cb3\u6ff1\u53f0\u5f0f\u6f22\u5821\n\u5b9c\u862d\u7e23\u5b9c\u862d\u5e02\u74b0\u6cb3\u6771\u8def\n\n\u25aa\ufe0f\u6771\u9580\u591c\u5e02\n-\u561f\u597d\u71d2\n-\u9f8d\u9cf3\u817f\n-\u70e4\u77f3\u982d\u9999\u771f\u73e0\u7389\u7c73\n-\u5f6d\u8a18\u8525\u6cb9\u9905\n\n\u7b2c\u4e8c\u5929\n-\u57ce\u968d\u65e9\u9910\n-\u5317\u9580\u7da0\u8c46\u6c99\n\n\uff3f\uff3f\uff3f\uff3f\uff3f\uff3f\uff3f\uff3f\uff3f\uff3f\uff3f\uff3f\uff3f\uff3f\uff3f\uff3f\uff3f\uff3f\uff3f\uff3f\uff3f\n\n\u2b50\ufe0f\u91d1\u5bb6\u311f\u5e03\u5e33\u99ac\u8eca\uff1ahttps://www.facebook.com/groups/2297603990535075/\n\u2b50\ufe0f\u91d1\u91dd\u83c7\u7684\u7c89\u5c08: https://www.facebook.com/Koreajinzhengu/\n\u2b50\ufe0f\u91d1\u91dd\u83c7\u7684IG: https://www.instagram.com/ggu__kim/\n\u2b50\ufe0f\u5408\u4f5c\u9080\u7d04\u8acb\u6d3dPressPlay\uff1ajinyoungkim@pressplay.cc\n\n\uff3f\uff3f\uff3f\uff3f\uff3f\uff3f\uff3f\uff3f\uff3f\uff3f\uff3f\uff3f\uff3f\uff3f\uff3f\uff3f\uff3f\uff3f\uff3f\uff3f\uff3f",
        "likeCount": "11744",
        "commentCount": "410",
        "viewCount": "588039"
    },
    "comments": [
        {
            "reply_id": "UgwoLPw1iCbWKQsmect4AaABAg",
            "reply_content": "\u8acb\u554f\u6c11\u5bbf\u662f\u54ea\u4e00\u5bb6"
        },
        {
            "reply_id": "UgwoYQSzWc6UC05onTd4AaABAg",
            "reply_content": "\u7d50\u5c3e\u90a3\u5e55\u5f8c\u9762\u7684\u771f\u7ca5\u9053\u4e5f\u5f88\u597d\u5403"
        },
        {
            "reply_id": "UgyEssgWBsO6W0Ef-8R4AaABAg",
            "reply_content": "\u5176\u5be6\u7528\u68c9\u689d\u5c31\u89e3\u6c7a\u963f\u6708\u7684\u554f\u984c"
        },
        {
            "reply_id": "UgyfRblrrpuRHgWede54AaABAg",
            "reply_content": "\u883b\u597d\u7684"
        },
        {
            "reply_id": "Ugy3T2D8A1dGDFBV3w14AaABAg",
            "reply_content": "\u904e\u5834\u526a\u8f2f\u771f\u8b9a"
        },
        {
            "reply_id": "Ugz3yztweGYiK-28x7N4AaABAg",
            "reply_content": "\u5b9c\u862d\u5e02\u6709\u4e00\u5bb6\u8fa3\u62c5\u9eb5\u6bd4\u9019\u5bb6\u597d\u5403\u5662"
        },
        {
            "reply_id": "UgyNO-zfOmrh65HNPLx4AaABAg",
            "reply_content": "\u8acb\u554f\u958b\u5834\u7684\u80cc\u666f\u5728\u54ea\u88e1"
        },
        {
            "reply_id": "Ugx2Z15wPR0bFcvv7qV4AaABAg",
            "reply_content": "\u9019\u500b\u5730\u65b9\u597d\u7f8e"
        },
        {
            "reply_id": "UgxPp9Ue0aP3KYb6I6V4AaABAg",
            "reply_content": "\u6211\u7684\u6708\u7d93\u90fd\u6b63\u7684\u6d41\uff0c\u6240\u4ee5\u6211\u5c31\u7b97\u665a\u4e0a\u4e5f\u662f\u7528\u65e5\u7528"
        },
        {
            "reply_id": "UgwmdlsvsQYCR14SUD94AaABAg",
            "reply_content": "\u53f0\u5f0f\u96de\u6392\u6700\u597d\u5403\u7684\u5403\u6cd5\u662f\u53ea\u593e\u96de\u6392\n\u593e\u82b1\u679d\u6392\u6703\u81a9"
        },
        {
            "reply_id": "UgzWoHqiJFNjizgM7Kt4AaABAg",
            "reply_content": "\u91d1\u91dd\u83c7\u662f\u4e0d\u662f\u6709\u53bb\u8d70\u9418\u734e"
        },
        {
            "reply_id": "UgwstlldGi1lLZbORFF4AaABAg",
            "reply_content": "\u4e0b\u6b21\u53ef\u4ee5\u8a66\u8a66\u5b9c\u862d\u7684\u70b8\u91ac\u9eb5\u548c\u9b5a\u4e38\u7c73\u7c89"
        },
        {
            "reply_id": "Ugy0_rq1el_v3aeiIFt4AaABAg",
            "reply_content": "\u771f\u7684\u97e9\u56fd\u4eba\u90fd\u5f88\u559c\u6b22\u559d\u51b7\u7684\uff0c\u5c31\u7b97\u51ac\u5929\u4e5f\u4e00\u6837"
        },
        {
            "reply_id": "Ugzc6s11N-7EmMJ22b14AaABAg",
            "reply_content": "\u526a\u8f2f\u8b9a\u8b9a"
        },
        {
            "reply_id": "Ugz0Yc-Q6xdqqNpPPO54AaABAg",
            "reply_content": "\u6797\u8431\u771f\u9999"
        },
        {
            "reply_id": "UgyxWD-yCWNpJqgES9N4AaABAg",
            "reply_content": "\u91d1\u8431\u662f\u4e00\u5b9a\u8981\u770b\u7684"
        },
        {
            "reply_id": "UgzqUuyIx2kIhINhgS14AaABAg",
            "reply_content": "\u4e0b\u6b21\u53ef\u4ee5\u4f86\u5403\u770b\u770b\u770b\u8001\u9955\u7d05\u8c46\u6e6f\u5713"
        },
        {
            "reply_id": "UgymgFiXagbNFsy01YR4AaABAg",
            "reply_content": "\u57ce\u968d\u65e9\u9ede\u6c92\u6709\u5403\u714e\u9903\u771f\u7684\u592a\u53ef\u60dc\u4e86"
        },
        {
            "reply_id": "UgzWDXXJ9rPxoKLMRQ54AaABAg",
            "reply_content": "\u559c\u6b61\u559c\u6b61"
        },
        {
            "reply_id": "UgzP8qJCVxnBa4QWbtJ4AaABAg",
            "reply_content": "\u8acb\u554f\u540d\u5bbf\u5728\u54ea\u88e1"
        },
        {
            "reply_id": "Ugzua533kAmqAbco3Rd4AaABAg",
            "reply_content": "\u6211\u89ba\u5f97\u91d1\u91dd\u83c7\u7684\u7a7f\u642d\u6211\u5f88\u559c\u6b61\u5f88\u597d\u770b\u800c\u4e14\u4e5f\u7a7f\u7684\u5f88\u50cf\u5076\u50cf\u611f\u89ba\u50cf\u5abd\u5abd\u6728\u7684\u739f\u661f"
        },
        {
            "reply_id": "Ugw6Xn6K875_ZrPChxV4AaABAg",
            "reply_content": "\u6211\u5f88\u611b\u770b\u91d1\u91dd\u83c7\u7684\u53f0\u7063\u65c5\u904a\u9019\u500b\u983b\u9053\u8aaa\u8a71\u5f88\u641e\u7b11\u53bb\u5b9c\u862d\u4e00\u5b9a\u8981\u63a8\u85a6\u4e09\u661f\u8525\u9905\u7d66\u59b3"
        },
        {
            "reply_id": "UgxT0Ivkz15U6W3abel4AaABAg",
            "reply_content": "\u6771\u9580\u591c\u5e02\u7684\u6771\u897f\u611f\u89ba\u90fd\u4e0d\u932f"
        },
        {
            "reply_id": "Ugwn7DWVCsEpTgLp5q54AaABAg",
            "reply_content": "\u4f60\u5011\u5169\u500b\u90fd\u662f\u4e00\u8d77\u89aa\u621a\u4f86\u5440"
        },
        {
            "reply_id": "UgyehyPTeRAbaEk677J4AaABAg",
            "reply_content": "\u53bb\u5b9c\u85cd\u5fc5\u5403\u963f\u59d1\u4e7e\u9eb5"
        }
    ]
}