{
    "video_info": {
        "id": "GM3zeDPnLcw",
        "channelTitle": "\u97d3\u52fe\u311f\u91d1\u91dd\u83c7 \ucc10\uca50\uafb8",
        "title": "\u97d3\u570b\u91d1\u7684\u964c\u751f\u57ce\u5e02\u63a2\u8a2a-\u65b0\u7af924hr\u904a\u8a18\ud83d\udd25\u4f4f\u8d85\u96e3\u8a02\u300c\u9999\u5ba2\u5927\u6a13\u300d\u65b0\u7af9\u7279\u8272\u9285\u677f\u7f8e\u98df\u5fc5\u5403\uff01\u5927\u5bb6\u8aaa\u7684\u7f8e\u98df\u6c99\u6f20\u5462\uff1f\ud83d\udc2b \uff5c\u97d3\u52fe\u311f\u91d1\u91dd\u83c7 \ucc10\uca50\uafb8",
        "description": "\u9019\u6b21\u53bb\u65b0\u7af9\u771f\u7684\u592a\u958b\u5fc3\uff01\uff01\uff01\n\u5927\u5bb6\u53ef\u4ee5\u8ddf\u6211\u7684\u884c\u7a0b\u8d70\u4e00\u8d9f\n\u53ea\u662f\u5929\u6c23\u597d\u71b1\ud83e\udd23\u771f\u7684\u5f88\u63a8\u85a6 #\u4e94\u6850\u865f \u8292\u679c\u7cfb\u5217\u98f2\u54c1\n\u76ee\u524d\u559d\u904e\u6700\u559c\u6b61\u7684\u694a\u679d\u7518\u9732\ud83d\udc95\n\u679c\u7136\u662f #\u6700\u5b8c\u7f8e\u694a\u679d\u7518\u9732 \u592a\u723d\u4e86\uff01\n\u73fe\u5728\u9084\u6709 #\u5d14\u5f1f80\u9031\u5e74 \u5468\u908a\u5546\u54c1\n\u9031\u516d\u9650\u5b9a\u5927\u5634\u602a\u62b1\u6795\u771f\u7684\u5fc5\u8cb7\uff0c\u51fa\u767c\u5427\uff01\n\n#\u9999\u5ba2\u5927\u6a13\u7cfb\u5217 #\u91d1\u91dd\u83c7 \n\n\u5e0c\u671b\u4f60\u5011\u559c\u6b61\u9019\u90e8\u5f71\u7247\n\u559c\u6b61\u5e6b\u6211\u8a02\u95b1\u6309\u8b9a\u5206\u4eab \u8a18\u5f97\u958b\u555f\u5c0f\u9234\u943a\u6536\u53d6\u65b0\u7247\u901a\u77e5\u5594\uff01\n\n\uff3f\uff3f\uff3f\uff3f\uff3f\uff3f\uff3f\uff3f\uff3f\uff3f\uff3f\uff3f\uff3f\uff3f\uff3f\uff3f\uff3f\uff3f\uff3f\uff3f\uff3f\n\n\u2b50\ufe0f\u91d1\u91dd\u83c7\u7684\u97d3\u570b\u7f8e\u98df\u54c1\u724c\uff1ahttps://www.kimkfoods.com\n\u2b50\ufe0f\u91d1\u5bb6\u311f\u5e03\u5e33\u99ac\u8eca\uff1ahttps://www.facebook.com/groups/2297603990535075/\n\u2b50\ufe0f\u91d1\u91dd\u83c7\u7684\u7c89\u5c08: https://www.facebook.com/Koreajinzhengu/\n\u2b50\ufe0f\u91d1\u91dd\u83c7\u7684IG: https://www.instagram.com/ggu__kim/\n\u2b50\ufe0f\u5408\u4f5c\u9080\u7d04\u8acb\u6d3dPressPlay\uff1ajinyoungkim@pressplay.cc\n\n\uff3f\uff3f\uff3f\uff3f\uff3f\uff3f\uff3f\uff3f\uff3f\uff3f\uff3f\uff3f\uff3f\uff3f\uff3f\uff3f\uff3f\uff3f\uff3f\uff3f\uff3f",
        "likeCount": "12452",
        "commentCount": "639",
        "viewCount": "640816"
    },
    "comments": [
        {
            "reply_id": "Ugyvr52g4bhTF1YvLs14AaABAg",
            "reply_content": "\u9d28\u9999\u98ef\u8001\u677f\u5a18\u614b\u5ea6\u8d85\u5dee"
        },
        {
            "reply_id": "UgyNJXlZc_J3FHXVh7J4AaABAg",
            "reply_content": "\u6839\u672c\u7f8e\u98df\u6cb9\u571f\u4f2f"
        },
        {
            "reply_id": "UgxbbsjoVTbGSu9nySt4AaABAg",
            "reply_content": "\u4f86\u82b1\u84ee\u5427"
        },
        {
            "reply_id": "UgwcIsIzz4-lhXiUeFh4AaABAg",
            "reply_content": "\u6211\u662f\u65b0\u7af9\u4eba\u5466"
        },
        {
            "reply_id": "UgxrQEYknBNRE1pXPZB4AaABAg",
            "reply_content": "\u53e3\u689d\u597d\u597d"
        },
        {
            "reply_id": "UgzFEF47BP0ExXEoAvR4AaABAg",
            "reply_content": "\u5e0c\u671b\u53ef\u4ee5\u53bb\u82b1\u84ee\u54c8\u54c8\u8d85\u591a\u597d\u5403\u7684"
        },
        {
            "reply_id": "UgyyLCqeDLHA8KK2qj14AaABAg",
            "reply_content": "\u9577\u548c\u5bae\u5317\u9580\u662f\u5152\u6642\u6210\u9577\u7684\u5bb6\u9109"
        },
        {
            "reply_id": "UgwKUZmZd3uYgOYWSUF4AaABAg",
            "reply_content": "\u9999\u5ba2\u5927\u6a13\u90fd\u4ed6\u5abd\u8d85\u6709\u9322\u7684"
        },
        {
            "reply_id": "UgygzQm7YqFjF6Gz8pp4AaABAg",
            "reply_content": "\u4f60\u4e5f\u53ef\u4ee5\u53bb\u82d7\u6817"
        },
        {
            "reply_id": "UgzphgnVGBRFAziqvRJ4AaABAg",
            "reply_content": "\u7f8e\u98df\u6c99\u6f20\u53ef\u80fd\u662f\u8aaa\u6c92\u6709\u5f88\u597d\u5403\u7684\u800c\u4e0d\u662f\u6c92\u6709\u5f88\u591a\u5403\u7684"
        },
        {
            "reply_id": "UgyzjDg70TLXU-1XRBN4AaABAg",
            "reply_content": "\u771f\u7684\u7f8e\u98df\u6c99\u6f20\u61c9\u8a72\u662f\u6843\u5712"
        },
        {
            "reply_id": "UgysdpSMJEeBXGr0cKp4AaABAg",
            "reply_content": "\u534a\u719f\u86cb\u8981\u4e00\u8d77\u4f34\u98ef\u624d\u597d\u5403"
        },
        {
            "reply_id": "UgxEY3puzYSTHb-Dt_14AaABAg",
            "reply_content": "\u6728\u6ce5"
        },
        {
            "reply_id": "UgwRVQC6mlI897_Q-vB4AaABAg",
            "reply_content": "\u5176\u5be6\u4e5f\u4e0d\u7528\u7279\u5225\u5f37\u8abf\u65b0\u7af9\u4e0d\u662f\u7f8e\u98df\u6c99\u6f20\uff0c\u9019\u7a2e\u4e8b\u61c2\u7f8e\u98df\u7684\u4eba\u672c\u4f86\u81ea\u7136\u5c31\u6703\u61c2\uff0c\u5f88\u591a\u4eba\u8aaa\u65b0\u7af9\u7f8e\u98df\u6c99\u6f20\u53ea\u662f\u60f3\u8ddf\u98a8\u800c\u5df2\uff0c\u89ba\u5f97\u8ddf\u8457\u9019\u6a23\u8aaa\u5c31\u611f\u89ba\u5f88\u61c2\u98df\u7269\u5f88\u8ddf\u6d41\u884c\u4e00\u6a23\u7f77\u4e86"
        },
        {
            "reply_id": "UgwkMgSQLmApcoMPARl4AaABAg",
            "reply_content": "\u660e\u548c\u9eb5\u5e97\u8ddf\u83dc\u5e02\u5834\u5167\u7684\u4f60\u53bb\u7684\u5e97\u5f88\u9053\u5730\u5594"
        },
        {
            "reply_id": "UgxHjyvT8OHWYhvj2Zl4AaABAg",
            "reply_content": "\u8d85\u559c\u6b61\u91d1\u91dd\u83c7\u7684"
        },
        {
            "reply_id": "UgzCzJGoOOSXJk_594N4AaABAg",
            "reply_content": "\u9084\u6709\u6843\u5712\u5e02"
        },
        {
            "reply_id": "UgyHFHPGuFuH4cQd9bB4AaABAg",
            "reply_content": "\u5149\u662f\u65b0\u7af9\u5edf\u53e3\u5c31\u53ef\u4ee5\u5403\u98fd\u98fd"
        },
        {
            "reply_id": "Ugy4mc4MfRirg6Nv2894AaABAg",
            "reply_content": "\u9084\u6709\u96f2\u6797"
        },
        {
            "reply_id": "Ugy2SzZokvjfk3t2BSl4AaABAg",
            "reply_content": "\u54ce\u563f\u6211\u770b\u5230\u4e86\u4e14\u8bd5\u5929\u4e0b"
        },
        {
            "reply_id": "Ugy4m9Gitqb6xbB8k4J4AaABAg",
            "reply_content": "\u9577\u548c\u5bae\u65c1\u908a\u90a3\u500b\u660e\u548c\u9eb5\u5e97\u4ed6\u8ce3\u7684\u70b8\u8089\u8ddf\u7c89\u8178\u8981\u6cbe\u91ac,\u5c31\u5728\u684c\u5b50\u65c1\u908a,\u52a0\u90a3\u500b\u6cbe\u91ac\u624d\u662f\u5b8c\u5168\u9ad4"
        },
        {
            "reply_id": "Ugy3z6zNxriTJ9aji5t4AaABAg",
            "reply_content": "\u9019\u9ebc\u90fd\u6c92\u6709\u4f86\u82b1\u84ee\u53f0\u6771"
        },
        {
            "reply_id": "UgyhAzQmA2BWH_K8vJF4AaABAg",
            "reply_content": "\u54c8\u54c8\u54c8\u54c8\u54c8\u4f5c\u70ba\u4e00\u500b\u571f\u751f\u571f\u9577\u65b0\u7af9\u4eba\u770b\u9019\u500b\u89ba\u5f97\u597d\u9177"
        },
        {
            "reply_id": "UgxljQC9Wi9AHZ9UCZl4AaABAg",
            "reply_content": "\u91d1\u9580\u5566"
        },
        {
            "reply_id": "UgwspndTlT8tTqI2Xrl4AaABAg",
            "reply_content": "\u6709\u6c92\u9999\u83c7\u99ac\u8cfd\u514b"
        }
    ]
}