{
    "video_info": {
        "id": "GUbfyZKr4gM",
        "channelTitle": "\u97d3\u52fe\u311f\u91d1\u91dd\u83c7 \ucc10\uca50\uafb8",
        "title": "\u642d\u81e5\u92ea\u8239\u53bb\u99ac\u7956\ud83d\udd25\u4e00\u822c\u8259VS\u982d\u7b49\u8259\u6bd4\u8f03\u9ad4\u9a57\uff01\u7cbe\u5f69\u76848\u5c0f\u6642.........\uff5c\u99ac\u7956ep.1 \u97d3\u52fe\u311f\u91d1\u91dd\u83c7 \ucc10\uca50\uafb8",
        "description": "\u8036\uff01\u7d42\u65bc\u7d66\u5927\u5bb6\u770b #\u99ac\u7956 \u7684\u5f71\u7247\u4e86\uff01\n\u4e00\u822c\u5e2d\u548c\u982d\u7b49\u8259\u7684\u5dee\u5225 \u5927\u5bb6\u8981\u9078\u54ea\u4e00\u500b\u5462\uff1f\n\u99ac\u7956\u7279\u8f2f\u7e3d\u5171\u6703\u6709\u5169\u96c6\n\u4e0b\u4e00\u7bc7\u662f #\u99ac\u7956\u5fc5\u5403\u7f8e\u98df\n\u5e0c\u671b\u4f60\u5011\u559c\u6b61\u5594\ud83d\udc95\ud83d\udc95\n \n\u5f71\u7247\u4e2d\u7684\u853b\u863f\u862d\u982d\u76ae\u6de8\u5316\u6dbc\u611f\u6d17\u9aee\u7cbe\n\u6709\u8208\u8da3\u53ef\u4ee5\u4f7f\u7528\u770b\u770b \u4e5f\u53ef\u4ee5\u7559\u8a00\u62bd\u734e \u7559\u60f3\u8981\u6d17\u9aee\u7cbe\u7684\u8a00\n\u6211\u6703\u62bd\u5169\u4f4d\u83c7\u7c89\u9001\u5594\uff5e\uff01\uff01\n \n\u5c31\u5148\u62bd\u52307/31 \u597d\u4e86\uff0c\u5f97\u734e\u8005\u6703\u76f4\u63a5\u5728\u5f71\u7247\u7559\u8a00\u8655\u56de\u8986\uff01\n\u734e\u54c1\u5bc4\u9001\u5730\u5340\u9650\u5b9a\u53f0\u6f8e\u91d1\u99ac\u5537\n*8/4 \u5df2\u62bd\u51fa\u5f97\u734e\u540d\u55ae\uff0c\u4e26\u65bc\u8a72\u7559\u8a00\u56de\u8986\u5f97\u734e\u8cc7\u8a0a\n\n\u8766\u76ae\u7c89\u7d72\u9650\u5b9a\u7d44\u5408\u512a\u60e0\u4e2d: https://reurl.cc/ZApm4V\n\u8f38\u5165\u6298\u6263\u78bcAVENKIM50\u518d\u629850\u5143\n \n#\u853b\u863f\u862d\u590f\u65e5\u982d\u76ae\u6e05\u723d\u5c0d\u7b56 #\u982d\u76ae\u6df1\u547c\u5438 #\u6cd5\u570b\u853b\u863f\u862dKlorane\n\n\n\u5e0c\u671b\u4f60\u5011\u559c\u6b61\u9019\u90e8\u5f71\u7247\n\u559c\u6b61\u5e6b\u6211\u8a02\u95b1\u6309\u8b9a\u5206\u4eab \u8a18\u5f97\u958b\u555f\u5c0f\u9234\u943a\u6536\u53d6\u65b0\u7247\u901a\u77e5\u5594\uff01\n\n\uff3f\uff3f\uff3f\uff3f\uff3f\uff3f\uff3f\uff3f\uff3f\uff3f\uff3f\uff3f\uff3f\uff3f\uff3f\uff3f\uff3f\uff3f\uff3f\uff3f\uff3f\n\n\u2b50\ufe0f\u91d1\u91dd\u83c7\u7684\u97d3\u570b\u7f8e\u98df\u54c1\u724c\uff1ahttps://www.kimkfoods.com\n\u2b50\ufe0f\u91d1\u5bb6\u311f\u5e03\u5e33\u99ac\u8eca\uff1ahttps://www.facebook.com/groups/2297603990535075/\n\u2b50\ufe0f\u91d1\u91dd\u83c7\u7684\u7c89\u5c08: https://www.facebook.com/Koreajinzhengu/\n\u2b50\ufe0f\u91d1\u91dd\u83c7\u7684IG: https://www.instagram.com/ggu__kim/\n\u2b50\ufe0f\u5408\u4f5c\u9080\u7d04\u8acb\u6d3dPressPlay\uff1ajinyoungkim@pressplay.cc\n\n\uff3f\uff3f\uff3f\uff3f\uff3f\uff3f\uff3f\uff3f\uff3f\uff3f\uff3f\uff3f\uff3f\uff3f\uff3f\uff3f\uff3f\uff3f\uff3f\uff3f\uff3f",
        "likeCount": "20225",
        "commentCount": "1129",
        "viewCount": "1332668"
    },
    "comments": [
        {
            "reply_id": "Ugw50pOjco4etlZBvNx4AaABAg",
            "reply_content": "\u6211\u5728\u99ac\u7956\u7576\u5175\u4e5f\u5e38\u642d\u81fa\u99ac\u8f2a \u770b\u59b3\u62cd\u5f71\u7247\u6211\u90fd\u662f\u6eff\u6eff\u7684\u56de\u61b6"
        },
        {
            "reply_id": "UgwrfaXY3p_SkTXMs-R4AaABAg",
            "reply_content": "\u597d\u8001\u820a\u7684\u8239"
        },
        {
            "reply_id": "UgzTPX_8Bs_L0CAW3ld4AaABAg",
            "reply_content": "\u8239\u4e4b\u5317\u97d3"
        },
        {
            "reply_id": "UgyyGaS0wGHxT47UfDh4AaABAg",
            "reply_content": "\u597d\u50cf\u5c71\u6771\u5927\u5b38"
        },
        {
            "reply_id": "UgxJjowIK680Br_9bWV4AaABAg",
            "reply_content": "\u7d93\u6fdf\u4eba\u660e\u986f\u6162\u51fa"
        },
        {
            "reply_id": "UgzHm2PjQ4BNVQUHgCt4AaABAg",
            "reply_content": "\u597d\u559c\u6b61\u59b3\u7684\u5f71\u7247"
        },
        {
            "reply_id": "UgyMhkh7DX7k5Pq3s8d4AaABAg",
            "reply_content": "\u6211\u5728\u5f71\u7247\u88e1\u9762\u770b\u5230\u6709\u4eba\u4e00\u76f4\u770b\u8457\u4f60\u5011"
        },
        {
            "reply_id": "UgxH35h7b9S8IplDZiR4AaABAg",
            "reply_content": "\u5982\u679c\u91d1\u91dd\u83c7\u642d\u7684\u662f\u66f4\u65e9\u4ee5\u524d\u7684\u904b\u88dc\u8266\uff0c\u76f8\u4fe1\u59b3\u6703\u66f4\u6709\u56de\u61b6"
        },
        {
            "reply_id": "UgzurrCWrm7Hlo-MmBZ4AaABAg",
            "reply_content": "\u731c\u62f3\u7d93\u7d00\u4eba\u5f88\u660e\u986f\u5c31\u6162\u51fa"
        },
        {
            "reply_id": "Ugy2MvwfTgtUL2vfwbJ4AaABAg",
            "reply_content": "\u63a8\u85a6\u91d1\u91dd\u83c7\u4e0b\u6b21\u65e9\u4e0a\u53bb\u83dc\u5e02\u5834\u53ef\u4ee5\u559d\u5c0f\u67d2\u5496\u5561"
        },
        {
            "reply_id": "UgyEB78A-Uwz6VscopF4AaABAg",
            "reply_content": "\u7576\u5e74\u5c31\u662f\u9760\u4ed6\u624d\u80fd\u628a\u99ac\u7956\u7684\u5927\u8ecd\u64a4\u5230\u53f0\u7063"
        },
        {
            "reply_id": "UgxsqkxfLTBD7LzzQ754AaABAg",
            "reply_content": "\u53c8\u7c97\u53c8\u9577\u7684\u8239"
        },
        {
            "reply_id": "UgwhV-iWMtV4q5HpZRF4AaABAg",
            "reply_content": "\u4e0a\u8239\u5403\u98fd\u5148\u5410\u5230\u7206"
        },
        {
            "reply_id": "UgywfT-0vXsc3dYriX14AaABAg",
            "reply_content": "\u7b11\u6b7b"
        },
        {
            "reply_id": "UgxoJaJVEzqwNGt0UuR4AaABAg",
            "reply_content": "\u60f3\u8981\u6d17\u9aee\u7cbe"
        },
        {
            "reply_id": "UgyJJQojPyiIzyhDMUV4AaABAg",
            "reply_content": "\u60f3\u77e5\u9053\u6c11\u5bbf\u540d\u5b50"
        },
        {
            "reply_id": "Ugz0HyUZj6-V-MvaDth4AaABAg",
            "reply_content": "\u5c0f\u4e38\u5b50\u59b3\u597d"
        },
        {
            "reply_id": "UgyCSBcK40YnFB7Qz8J4AaABAg",
            "reply_content": "\u4e8c\u5341\u5e74\u524d\u5750\u7684\u53f0\u99ac\u8f2a\u9084\u6709\u96fb\u5f71\u9662\n\u53f0\u99ac\u8f2a\u53ef\u4ee5\u62cd\u7684\u9019\u9ebd\u6709\u6a02\u8da3\u4e5f\u662f\u4e86\u4e0d\u5f97"
        },
        {
            "reply_id": "Ugyxs-8XYoSBXyLQtYt4AaABAg",
            "reply_content": "\u4ee5\u524d\u6211\u5011\u642d\u81fa\u99ac\u8f2a\u7684\u6642\u5019\u9084\u6709\u963f\u5175\u54e5\u4e00\u8d77\u5462\uff5e"
        },
        {
            "reply_id": "Ugx8mqIsv44Atcnp2uh4AaABAg",
            "reply_content": "\u8b1d\u8b1d\u5206\u4eab"
        },
        {
            "reply_id": "Ugx7wGAZN5VTpvbjQdB4AaABAg",
            "reply_content": "\u770b\u4e86\u597d\u60f3\u53bb\u99ac\u7956\u73a9\u5594"
        },
        {
            "reply_id": "Ugzgz4RlK_IQOzzuGQR4AaABAg",
            "reply_content": "\u6211\u7576\u5175\u642d\u7684\u8239"
        },
        {
            "reply_id": "UgzYvo1ldJDMPxd1Gkd4AaABAg",
            "reply_content": "\u665a\u4e0a\u51fa\u6e2f\u4e4b\u5f8c\u6703\u5148\u5230\u81e5\u8259\u653e\u6771\u897f\uff0c\u7136\u5f8c\u53bb\u9910\u5ef3\u5403\u500b\u6ce1\u9eb5\u518d\u51fa\u53bb\u7532\u677f\u4e0a\u770b\u661f\u661f\uff0c\u63a5\u8457\u6703\u5230\u96fb\u5f71\u9662\u88e1\u5750\u4e00\u4e0b\u7136\u5f8c\u7b49\u5230\u5b8c\u5168\u812b\u96e2\u53f0\u7063\u672c\u5cf6\u4e4b\u5f8c\uff0c\u9760\u8457\u8239\u8237\u908a\u770b\u4e00\u7d72\u4e00\u7d72\u5f31\u5f31\u7684\u85cd\u773c\u6dda\uff0c\u6eff\u8db3\u4e4b\u5f8c\u624d\u56de\u53bb\u81e5\u8259\u8eba\u5e73\u7b49\u8457\u9760\u6e2f\u7684\u97f3\u6a02\u5435\u9192\u6211\uff0c\u56de\u7a0b\u662f\u767d\u5929\u7d55\u5c0d\u4e0d\u6703\u5f85\u5728\u8239\u8259\u88e1\uff0c\u56e0\u70ba\u7ad9\u5728\u8239\u8237\u908a\u53ef\u4ee5\u770b\u5230\u5728\u8239\u908a\u98db\u9b5a\u4e0d\u6642\u98db\u51fa\u6d77\u9762\u8207\u6d77\u8c5a\u5728\u8239\u908a\u8e8d\u51fa\u8df3\u8e8d\u8ddf\u8457\u8239\u4e00\u8d77\u524d\u884c\uff0c\u5343\u842c\u5225\u932f\u904e\u4e86"
        },
        {
            "reply_id": "UgwvUEEnWs3VYpKZHZh4AaABAg",
            "reply_content": "\u5f88\u53ef\u611b\u7684\u59b9\u59b9"
        },
        {
            "reply_id": "Ugz-MruG38swlsgZhGx4AaABAg",
            "reply_content": "\u9019\u7a2e\u721b\u8239\u4e5f\u62ff\u4f86\u8f09\u5ba2"
        }
    ]
}