{
    "video_info": {
        "id": "HIzo5DtypTg",
        "channelTitle": "\u97d3\u52fe\u311f\u91d1\u91dd\u83c7 \ucc10\uca50\uafb8",
        "title": "\u8d85\u8d8a\u60f3\u50cf\u7684\u5473\u9053\ud83d\ude05\u6df1\u5751\u300c\u81ed\u8c46\u8150\u8857\u300d\u5de1\u79ae\ud83d\udd25\u5617\u8a66\u4e94\u7a2e\u4e0d\u540c\u8c46\u8150\u6599\u7406\u65b9\u5f0f\u2026.\u4ee5\u5f8c\u4e0d\u6562\u8aaa\u611b\u5403\u81ed\u8c46\u8150\u4e86\u54c8\u54c8\u54c8\ud83d\ude05\uff5c\u97d3\u52fe\u311f\u91d1\u91dd\u83c7 \ucc10\uca50\uafb8",
        "description": "\ud83c\udf89\u3010\u91d1\u5bb6\u311f\u9031\u6176\u9650\u5b9a\u3011\u5c0f\u83dc\u8cfc\u7269\u7bc0-\u7d9c\u54085\u5165\u7d44\n\uff1ahttps://bit.ly/3z98sEx\n\u53ea\u523010/31 \u768423:59\u5594\uff01\n\n\u4e5f\u6b61\u8fce\u5927\u5bb6\u4f86\u9996\u6b21\u5be6\u9ad4\u6d3b\u52d5\uff5e\uff5e\u2764\ufe0f\n\u5730\u9ede\uff1a\u5357\u897f\u8aa0\u54c1\u5feb\u9583\u5e97\n\u6642\u9593\uff1a10/29(\u516d)~10/31(\u4e00)\n\n\n\u5e0c\u671b\u4f60\u5011\u559c\u6b61\u9019\u90e8\u5f71\u7247\n\u559c\u6b61\u5e6b\u6211\u8a02\u95b1\u6309\u8b9a\u5206\u4eab \u8a18\u5f97\u958b\u555f\u5c0f\u9234\u943a\u6536\u53d6\u65b0\u7247\u901a\u77e5\u5594\uff01\n\n\uff3f\uff3f\uff3f\uff3f\uff3f\uff3f\uff3f\uff3f\uff3f\uff3f\uff3f\uff3f\uff3f\uff3f\uff3f\uff3f\uff3f\uff3f\uff3f\uff3f\uff3f\n\n\u2b50\ufe0f\u91d1\u91dd\u83c7\u7684\u97d3\u570b\u7f8e\u98df\u54c1\u724c\uff1ahttps://www.kimkfoods.com\n\u2b50\ufe0f\u91d1\u5bb6\u311f\u5e03\u5e33\u99ac\u8eca\uff1ahttps://www.facebook.com/groups/2297603990535075/\n\u2b50\ufe0f\u91d1\u91dd\u83c7\u7684\u7c89\u5c08: https://www.facebook.com/Koreajinzhengu/\n\u2b50\ufe0f\u91d1\u91dd\u83c7\u7684IG: https://www.instagram.com/ggu__kim/\n\u2b50\ufe0f\u5408\u4f5c\u9080\u7d04\u8acb\u6d3dPressPlay\uff1ajinyoungkim@pressplay.cc\n\n\uff3f\uff3f\uff3f\uff3f\uff3f\uff3f\uff3f\uff3f\uff3f\uff3f\uff3f\uff3f\uff3f\uff3f\uff3f\uff3f\uff3f\uff3f\uff3f\uff3f\uff3f",
        "likeCount": "8677",
        "commentCount": "324",
        "viewCount": "464561"
    },
    "comments": [
        {
            "reply_id": "UgzQ7AoNhUw_dY1j2sF4AaABAg",
            "reply_content": "\u91dd\u83c7\u8d8a\u4f86\u8d8a\u6f02\u4eae\u8d8a\u6709\u5973\u4eba\u5473"
        },
        {
            "reply_id": "Ugw77NZZTiMbsmm5MAJ4AaABAg",
            "reply_content": "\u5728\u5730\u4eba\u5728\u6b64"
        },
        {
            "reply_id": "Ugya5loar-j6yGvK-BF4AaABAg",
            "reply_content": "\u81ed\u8c46\u8150\u4e0d\u662f\u6240\u6709\u53f0\u7063\u4eba\u90fd\u559c\u6b61\u5566"
        },
        {
            "reply_id": "Ugzev6w7nleOeI4LGQl4AaABAg",
            "reply_content": "\u53ef\u611b\u6211\u7684\u9999\u83c7"
        },
        {
            "reply_id": "UgzQJ3BfhBegG_tEHRh4AaABAg",
            "reply_content": "\u53ef\u611b\u6211\u7684\u9999\u83c7"
        },
        {
            "reply_id": "UgzrqbAK5GF1M8xhkqZ4AaABAg",
            "reply_content": "\u8521\u963f\u560e\u611b\u81ed\u8c46\u8150"
        },
        {
            "reply_id": "UgyPd5A1OgJW_tYYGKJ4AaABAg",
            "reply_content": "\u9084\u6709\u81ed\u8c46\u8150\u51b0\u6dc7\u6dcb"
        },
        {
            "reply_id": "UgwPmz4QJMzw9_zPBNJ4AaABAg",
            "reply_content": "\u70b8\u7684\u81ed\u8c46\u8150\u662f\u54ac\u958b\u81ed\u5473\u624d\u6703\u5674\u51fa\uff0c\u84b8\u7684\u662f\u4e00\u4e0a\u684c\u5c31\u662f\u76f4\u64ca"
        },
        {
            "reply_id": "Ugz9hB5bD8jE3116mQN4AaABAg",
            "reply_content": "\u6c92\u6709\u5403\u5230\u6700\u7d93\u5178\u7684\u9ebb\u8fa3\u81ed\u8c46\u8150\u55da\u55da\u55da"
        },
        {
            "reply_id": "UgyC-Bzf8LWIviXnID54AaABAg",
            "reply_content": "\u57fa\u9686\u5edf\u53e3\u591c\u5e02\u5f70\u9280\u65c1\u7684\u81ed\u8c46\u8150\u5f88\u597d\u5403"
        },
        {
            "reply_id": "UgxcWMr0dO_7aZYqXVt4AaABAg",
            "reply_content": "\u606d\u559c\u8d70\u7d05\u6bef"
        },
        {
            "reply_id": "UgxpZacwFBKC5PyrEkt4AaABAg",
            "reply_content": "\u70b8\u5f48\u6027\u7684"
        },
        {
            "reply_id": "Ugx9CQg5V9bRVSe-brV4AaABAg",
            "reply_content": "\u83c7\u83c7\u662f\u53f0\u7063\u4eba\u5566"
        },
        {
            "reply_id": "Ugxkwx9lEazbaj8fJBJ4AaABAg",
            "reply_content": "\u8ddf\u4f60\u5011\u8aaa\u53f0\u7063\u81ed\u8c46\u8150\u771f\u7684\u975e\u5e38\u597d\u5403\u554a\u7d04\u81ed\u8d8a\u9999\u554a\uff0c\u914d\u4e0a\u9178\u751c\u7684\u6ce1\u83dc\u7d55\u7f8e"
        },
        {
            "reply_id": "UgyAgDDlfoa40zQaCER4AaABAg",
            "reply_content": "\u6df1\u5751\u8001\u8857"
        },
        {
            "reply_id": "UgwFOa4FYPV87cyBppV4AaABAg",
            "reply_content": "\u597d\u4e45\u6c92\u53bb\u6df1\u5751"
        },
        {
            "reply_id": "Ugzd_M92Ps4yBmVwme54AaABAg",
            "reply_content": "\u597d\u4e45\u6c92\u5403\u6df1\u5751\u81ed\u8c46\u8150\u4e86"
        },
        {
            "reply_id": "Ugy6LExL1MuG-dCDLo94AaABAg",
            "reply_content": "\u9c77\u9b5a\u5cf6\u5728\u590f\u5b63\u53ef\u4ee5\u770b\u5230\u7f8e\u7f8e\u7684\u9280\u6cb3\u5537"
        },
        {
            "reply_id": "Ugxna5rP88zHLO7smSF4AaABAg",
            "reply_content": "\u597d\u60f3\u5403\u5594"
        },
        {
            "reply_id": "Ugzpw2TusTGasd89RZZ4AaABAg",
            "reply_content": "\u7389\u91cc\u81ed\u8c46\u8150\u8d85\u597d\u5403"
        },
        {
            "reply_id": "UgxWNZRuzFso_7W1IjV4AaABAg",
            "reply_content": "\u6709\u6a5f\u6703\u8981\u5617\u8a66\u53f0\u4e2d\u7684\u5e03\u4e01\u81ed\u8c46\u8150"
        },
        {
            "reply_id": "UgxcvJQXejGTRYCUNKJ4AaABAg",
            "reply_content": "\u96de\u5c41\u80a1\u65c1\u908a\u7684\u5edf\u53e3\u77f3\u677f\u81ed\u8c46\u8150\u662f\u6211\u5011\u5bb6\u611b\u5e97"
        },
        {
            "reply_id": "UgyRitJ717lSP3Y4nHN4AaABAg",
            "reply_content": "\u96de\u5c41\u80a1\u8ddf\u6ef7\u81ed\u8c46\u8150\u6700\u81ed\u4e0d\u662f\u4eba\u5403\u5f97\u53ea\u6709\u5916\u72d7\u4eba\u6562\u5403\u4f69\u670d"
        },
        {
            "reply_id": "UgzA0d2P542y5gnu7lR4AaABAg",
            "reply_content": "\u83c7\u83c7\u7684\u8868\u60c5\u5305\u597d\u53ef\u611b"
        },
        {
            "reply_id": "Ugxm9W2hNFtXvSoAqf14AaABAg",
            "reply_content": "\u6211\u60f3\u805e\u91d1\u91dd\u83c7\u5c41\u5473"
        }
    ]
}