{
    "video_info": {
        "id": "HolaTiHV094",
        "channelTitle": "\u97d3\u52fe\u311f\u91d1\u91dd\u83c7 \ucc10\uca50\uafb8",
        "title": "\u97d3\u570b\u91d1\u7684\u7901\u6eaa24hr\u904a\u8a18\u2668\ufe0f\u9084\u80fd\u6ce1\u6eab\u6cc9\u300c\u9999\u5ba2\u5927\u6a13\u300d\u6709\u5920\u5212\ud83d\udd25\u8d85\u4fbf\u5b9c\u7901\u6eaa\u9285\u677f\u7f8e\u98df\u5fc5\u5403\uff5c\u97d3\u52fe\u311f\u91d1\u91dd\u83c7 \ucc10\uca50\uafb8",
        "description": "\u4f60\u5011\u77e5\u9053\u6211\u6bcf\u5929\u6d3b\u529b\u6eff\u6eff\u7684\u79d8\u8a23\u55ce\uff1f\ud83e\udd5d\u2764\ufe0f\n\n\u8a18\u5f97\u5c0f\u6642\u5019\u5728\u97d3\u570b\n\u5abd\u5abd\u5e38\u5e38\u6703\u8cb7\u5947\u7570\u679c\u56de\u5bb6\n\u73fe\u5728\u90fd\u9084\u662f\u597d\u61f7\u5ff5\u5168\u5bb6\u570d\u8457\u9910\u684c\u4e00\u8d77\u5feb\u6a02\u5403Zespri\u7684\u7f8e\u597d\u56de\u61b6\uff01\n\n\u73fe\u5728\u7684\u751f\u6d3b\u6bcf\u5929\u90fd\u5f88\u5306\u5fd9\n\u5f88\u5bb9\u6613\u8df3\u904e\u65e9\u9910 \u88ab\u5abd\u5abd\u8aaa\u6211\u5403\u7684\u90fd\u71df\u990a\u4e0d\u5747 \n\u6240\u4ee5\u6700\u8fd1\u5f88\u52aa\u529b\u60f3\u8981\u5403\u5f97\u5065\u5eb7\n\u6211\u5728\u65e9\u9910\u7684\u6642\u5019\u90fd\u6703\u591a\u52a0\u4e00\u9846\u5947\u7570\u679c\ud83e\udd5d\n\u8b93\u81ea\u5df1\u6d3b\u529b\u6eff\u6eff\uff5e\uff5e\ud83d\udcaa\ud83d\udcaa\n\n\u9178\u9178\u751c\u751c\u7684\u5947\u7570\u679c\u5403\u4e00\u53e3\u7cbe\u795e\u5c31\u4f86\u4e86\ud83d\ude1d\u6211\u771f\u7684\u8d85\u611b\u5403\n\n\u73fe\u5728\u5b98\u65b9Line\u6709\u8209\u8fa6\u6d3b\u52d5\uff0c\n\u53ea\u8981\u65e9\u9910\u591a\u52a0\u4e00\u9846\u5947\u7570\u679c\uff0c\u62cd\u7167\u4e0a\u50b3Zespri\u5b98\u65b9Line\u5e33\u865f\uff0c\u5c31\u6709\u6a5f\u6703\u7372\u5f9710,000\u9edeLine Points\u6216\u662fKiwi\u5144\u5f1f\u73a9\u5076\u5594\uff01\n\n#Zespri\u5947\u7570\u679c #\u5929\u5929Zespri\u6eff\u6eff\u6709\u6d3b\u529b #\u71df\u990a\u5c0f\u91d1\u7926\n\uff3f\uff3f\uff3f\uff3f\uff3f\uff3f\uff3f\uff3f\uff3f\uff3f\uff3f\uff3f\uff3f\uff3f\uff3f\uff3f\uff3f\uff3f\n\n**\u5fe0\u7fa9\u9999\u5ba2\u5927\u6a13 - \u5b9c\u862d\u7901\u6eaa\u5354\u5929\u5edf\n\u5b9c\u862d\u7e23\u7901\u6eaa\u9109\u5927\u5fe0\u8def14\u865f\n\n1. \u7389\u4ec1\u516b\u5bf6\u51ac\u7c89\n\u5b9c\u862d\u7e23\u7901\u6eaa\u9109\u4e2d\u5c71\u8def\u4e00\u6bb5326\u865f\n\n2. \u7901\u6eaa\u5305\u5b50\u3001\u9945\u982d\u5c08\u8ce3\u5e97 \ud83d\udc4d\ud83d\udc4d\ud83d\udc4d\n\u5b9c\u862d\u7e23\u7901\u6eaa\u9109\u4e2d\u5c71\u8def\u4e00\u6bb5218\u865f\n\n3. \u6625\u6372\u4f2f \ud83d\udc4d\ud83d\udc4d\ud83d\udc4d\n\u5b9c\u862d\u7e23\u7901\u6eaa\u9109\u80b2\u9f8d\u8def21\u865f\n\n4.\u6b63\u597d\u9bae\u8089\u5c0f\u7c60\u5305-\u7901\u6eaa\u5e97\n\u5b9c\u862d\u7e23\u7901\u6eaa\u9109\u4ec1\u611b\u8def122\u865f\n\n\u6b63\u5e38\u9bae\u8089\u5c0f\u6e6f\u5305 \ud83d\udc4d\ud83d\udc4d\ud83d\udc4d\n\u5b9c\u862d\u7e23\u7901\u6eaa\u9109\u5fb7\u967d\u88571\u865f\n\n5. \u674e\u6c0f\u4e09\u661f\u8525\u9921\u9905\ud83d\udc4d\ud83d\udc4d\n\u5b9c\u862d\u7e23\u7901\u6eaa\u9109\u7901\u6eaa\u8def\u56db\u6bb589\u865f\n\n\n\n\u5e0c\u671b\u4f60\u5011\u559c\u6b61\u9019\u90e8\u5f71\u7247\n\u559c\u6b61\u5e6b\u6211\u8a02\u95b1\u6309\u8b9a\u5206\u4eab \u8a18\u5f97\u958b\u555f\u5c0f\u9234\u943a\u6536\u53d6\u65b0\u7247\u901a\u77e5\u5594\uff01\n\n\uff3f\uff3f\uff3f\uff3f\uff3f\uff3f\uff3f\uff3f\uff3f\uff3f\uff3f\uff3f\uff3f\uff3f\uff3f\uff3f\uff3f\uff3f\uff3f\uff3f\uff3f\n\n\u2b50\ufe0f\u91d1\u91dd\u83c7\u7684\u97d3\u570b\u7f8e\u98df\u54c1\u724c\uff1ahttps://www.kimkfoods.com\n\u2b50\ufe0f\u91d1\u5bb6\u311f\u5e03\u5e33\u99ac\u8eca\uff1ahttps://www.facebook.com/groups/2297603990535075/\n\u2b50\ufe0f\u91d1\u91dd\u83c7\u7684\u7c89\u5c08: https://www.facebook.com/Koreajinzhengu/\n\u2b50\ufe0f\u91d1\u91dd\u83c7\u7684IG: https://www.instagram.com/ggu__kim/\n\u2b50\ufe0f\u5408\u4f5c\u9080\u7d04\u8acb\u6d3dPressPlay\uff1ajinyoungkim@pressplay.cc\n\n\uff3f\uff3f\uff3f\uff3f\uff3f\uff3f\uff3f\uff3f\uff3f\uff3f\uff3f\uff3f\uff3f\uff3f\uff3f\uff3f\uff3f\uff3f\uff3f\uff3f\uff3f",
        "likeCount": "8887",
        "commentCount": "273",
        "viewCount": "452428"
    },
    "comments": [
        {
            "reply_id": "UgxNIvdgBH0Y4lgPmd94AaABAg",
            "reply_content": "\u6b61\u8fce\u4f86\u7901\u6eaa\u904a\u73a9"
        },
        {
            "reply_id": "UgyGSXMbUkWfwOclIRh4AaABAg",
            "reply_content": "\u5e36\u5916\u570b\u4eba\u4e0d\u7528\u5546\u91cf\uff0c\u76f4\u63a5\u8003\u9a57\u4f60\u5011\u7684\u53cb\u60c5\u7a0b\u5ea6"
        },
        {
            "reply_id": "UgzwPs5EZug6q_PaHrV4AaABAg",
            "reply_content": "\u53bb\u7901\u6eaa\u771f\u7684\u8b93\u4eba\u5f88\u653e\u9b06 \u6ce1\u500b\u6e6f\u5403\u7f8e\u98df\u66f4\u653e\u9b06"
        },
        {
            "reply_id": "Ugw-uZ_l0VfKlBwNBXd4AaABAg",
            "reply_content": "\u81ea\u7136\u8f15\u9b06\u611c\u610f\u8212\u670d \u8b93\u6211\u9019\u9ad8\u96c4\u4eba\u4e5f\u60f3\u5317\u4e0a\u73a9\u4e00\u8d9f"
        },
        {
            "reply_id": "Ugw-k1cipLNYU05_pDV4AaABAg",
            "reply_content": "\u9084\u6709\u516b\u5bf6\u4e38"
        },
        {
            "reply_id": "Ugztblt3qw7Pe_jCpHB4AaABAg",
            "reply_content": "\u52a0\u6cb9"
        },
        {
            "reply_id": "Ugzh-U6F0tohjHxNVup4AaABAg",
            "reply_content": "\u516b\u5bf6\u51ac\u7c89\u7684\u8fa3\u6912\u771f\u7684\u5f88\u8b9a"
        },
        {
            "reply_id": "Ugw68rFiwXDJJfLaxyt4AaABAg",
            "reply_content": "\u52a0\u6cb9"
        },
        {
            "reply_id": "UgzrTqJowM3OFjmKX6x4AaABAg",
            "reply_content": "\u6211\u5011\u4e0a\u6b21\u53bb\u7901\u6eaa\u4e5f\u5403\u4e86\u516b\u5bf6\u51ac\u7c89\uff0c\u6211\u8ddf\u6211\u5148\u751f\u90fd\u8aaa\u90a3\u662f\u6d17\u814e\u9999\u83dc\u6372"
        },
        {
            "reply_id": "Ugx3sDv-pFczkNbTrmJ4AaABAg",
            "reply_content": "\u73fe\u5728\u5929\u6c23\u6b63\u71b1\u53ef\u4f86\u8607\u6fb3\u6ce1\u5168\u4e16\u754c\u7b2c\u4e8c\u500b\u5929\u7136\u6c23\u6ce1\u51b7\u6cc9\u5403\u6d77\u9bae"
        },
        {
            "reply_id": "UgzJSPzEZOhIp84dyWh4AaABAg",
            "reply_content": "\u89ba\u5f97\u7901\u6eaa\u6f64\u9905\u5927\u8178\u5305\u5c0f\u8178\u5f88\u597d\u5403~\u6bd4\u8f03\u4e0d\u6703\u6389\u5c51\u5c51"
        },
        {
            "reply_id": "UgyDi78lD3WNOkQZAGB4AaABAg",
            "reply_content": "\u9019\u6b21\u7684\u599d\u5f88\u9069\u5408\u91d1\u91dd\u83c7"
        },
        {
            "reply_id": "UgxHQdQcJ55BpDIZuBF4AaABAg",
            "reply_content": "\u9999\u83dc\u5377\u8d85\u6e05\u723d\u7684"
        },
        {
            "reply_id": "Ugxs751S5qZKYz17JXF4AaABAg",
            "reply_content": "\u6709\u83c7\u5c31\u7d66\u8b9a\u611b\u4f60"
        },
        {
            "reply_id": "UgwUQJA9leXFzI8i4fB4AaABAg",
            "reply_content": "\u4e00\u958b\u59cb\u770b\u6a19\u984c\u9084\u4ee5\u70ba\u662f\u9999\u83dc\u5927\u6a13"
        },
        {
            "reply_id": "UgyXrNdLvH-5A7SCBAB4AaABAg",
            "reply_content": "\u91d1\u91dd\u83c7\u7684\u4e2d\u6587\u6709\u9ede\u53f0\u7063\u542b\u6ef7\u86cb"
        },
        {
            "reply_id": "UgzFa_Ga-T2A8qbpmfh4AaABAg",
            "reply_content": "\u6b61\u8fce\u4f86\u5b9c\u862d"
        },
        {
            "reply_id": "UgzxkCCugTA7vW8ToER4AaABAg",
            "reply_content": "\u770b\u5230\u5c31\u809a\u9913\u4e86"
        },
        {
            "reply_id": "UgyQad0v6UdlCYmxmh14AaABAg",
            "reply_content": "\u53bb\u7901\u6eaa\u6c92\u5403\u67ef\u6c0f\u8525\u6cb9\u9905\u7b49\u65bc\u6c92\u53bb\u54e6"
        },
        {
            "reply_id": "UgxJKwqFjiFYOETKDft4AaABAg",
            "reply_content": "\u539f\u4f86\u9019\u88e1\u6709\u9999\u5ba2\u5927\u6a13"
        },
        {
            "reply_id": "Ugy1CqiZhuCCdLfjlhd4AaABAg",
            "reply_content": "\u982d\u57ce\u4e5f\u6709\u4e00\u9593\u95dc\u5e1d\u8056\u541b\u5edf"
        },
        {
            "reply_id": "UgxEH7mTQGVQ3KnXD6V4AaABAg",
            "reply_content": "\u5ee3\u544a\u4e5f\u592a\u53ef\u611b\u4e86\u5427"
        },
        {
            "reply_id": "UgzibtHmPl3JmgqwCBl4AaABAg",
            "reply_content": "\u81ed\u8c46\u8150\u6211\u5011\u6703\u53bb\u5403\u9f8d\u6f6d\u5edf\u53e3\u50b3\u7d71\u81ed\u8c46\u8150\n\u8766\u9905\u7684\u8a71\u8981\u53bb\u5357\u65b9\u6fb3"
        },
        {
            "reply_id": "UgzVixm_7j5GVYHo0wN4AaABAg",
            "reply_content": "\u52a0\u6cb9\u52a0\u6cb9"
        },
        {
            "reply_id": "UgxVe6q03KbdNTStiCt4AaABAg",
            "reply_content": "\u83c7\u83c7\u771f\u7684\u597d\u611b\u9999\u5ba2\u5927\u6a13\n\u671f\u5f85\u59b3\u628a\u5168\u53f0\u9999\u5ba2\u5927\u6a13\u96c6\u6eff\u7684\u90a3\u5929\u54c8\u54c8\u54c8\u54c8"
        }
    ]
}