{
    "video_info": {
        "id": "HTHUoF7cDLk",
        "channelTitle": "\u97d3\u52fe\u311f\u91d1\u91dd\u83c7 \ucc10\uca50\uafb8",
        "title": "\u97d3\u570b\u91d1\u7684\u5f70\u53166\u9593\u8fd1\u300c\u767e\u5e74\u8001\u5e97\u300d\u63a2\u96aa\u8a18\ud83d\udd25\u6728\u74dc\u725b\u5976\u3001\u7cef\u7c73\u70b8\u3001\u63a7\u8089\u98ef\u3001\u8d85\u591a\u6a23\u767e\u5e74\u8001\u5e97\u7684\u5566\u3010\u767e\u5e74\u8001\u5e97\u7cfb\u5217#6\u3011\u97d3\u52fe\u311f\u91d1\u91dd\u83c7 \ucc10\uca50\uafb8",
        "description": "\u8036\uff01\u7b2c\u4e00\u6b21\u53bb\u5f70\u5316\u8ddf\u5925\u4f34\u5011\u5403\u5403\n\u597d\u653e\u9b06\u597d\u597d\u5403\u5440\n\u6709\u4e2d\u83ef\u96fb\u4fe1\u7684\u966a\u4f34\u8b93\u9019\u65c5\u9014\u66f4\u9806\u5229\u53c8\u7a69\uff01\n\n-\u6cc9\u7122\u8089\u98ef \n07:00\u201313:30\n500\u5f70\u5316\u7e23\u5f70\u5316\u5e02\u6210\u529f\u8def216\u865f\n\n-\u8089\u5713\u751f \n09:00\u201319:00\n521\u5f70\u5316\u7e23\u5317\u6597\u93ae\u4e2d\u83ef\u8def192\u865f\n\n-\u5f70\u5316\u6728\u74dc\u725b\u4e73\u5927\u738b \uff08\u63a8\u63a8\n11:10\u201321:30\n500\u5f70\u5316\u7e23\u5f70\u5316\u5e02\u4e2d\u83ef\u8def37\u865f\n\n-\u53e4\u6708\u9928\u7cef\u7c73\u70b8\uff08\u63a8\u63a8\n13:15\u201320:30\n500\u5f70\u5316\u7e23\u5f70\u5316\u5e02\u592a\u5e73\u885750\u865f\n\n-\u6797\u5bb6\u7d20\u98df\uff08\u63a8\u63a8\n06:30\u201302:00\n500\u5f70\u5316\u7e23\u5f70\u5316\u5e02\u6c38\u6a02\u8857145.147\u865f\n\n-\u65b0\u9999\u73cd\u9905\u8216 \n08:30\u201319:00\n500\u5f70\u5316\u7e23\u5f70\u5316\u5e02\u4e2d\u6b63\u8def\u4e00\u6bb5283\u865f\n\n\u5230\u4e2d\u83ef\u96fb\u4fe1\u7533\u8fa6iPhone 14\u65b0\u6a5f\u7368\u4eab\u512a\u60e0\uff0c\u642d\u914d\u6307\u5b9a\u8cc7\u8cbb\u4eab\u591a\u91cd\u597d\u79ae\uff1a\n\u9001$2,000 Apple\u8cfc\u7269\u91d1\uff0f\u820a\u63db\u65b0\u6a5f\u52a0\u78bc\u6298 $2,000\uff0f\u5149\u4e16\u4ee3500M\u7528\u6236\u6307\u5b9a\u6708\u7e73\u8cfc\u6a5f\u52a0\u78bc\u6298$1000\n\u512a\u60e0\u7576\u7136\u4e0d\u53ea\u9019\u4e9b\uff0c\u9084\u6709\u66f4\u591a\u512a\u60e0\u8acb\u898b\u5b98\u7db2--https://chts.tw/uEFeKt \n\n11/30\u524d\u7533\u8fa6iPhone 14\u5168\u7cfb\u5217\u4eab100\u842c\u597d\u79ae\u62bd\uff5e\u6709\u6a5f\u6703\u5c07iPhone 14 Pro 256G\u3001iPhone 14 128G\u3001Apple Watch S7 GPS 45mm\u8207AirPods Pro\u53caHami Point 13,990\u9ede\u7b49\u597d\u79ae\u5e36\u56de\u5bb6\uff0c\u8d8a\u65e9\u7533\u8fa6\u62bd\u734e\u6b21\u6578\u8d8a\u591a\uff5e\n\n//11\u6708\u9650\u5b9a\u3000\u512a\u60e0\u518d\u52a0\u78bc// \n \u7533\u8fa6iPhone 14 \u6216iPhone 14 Plus\u6307\u5b9a\u7cfb\u5217\uff0c\u642d\u7cbe\u91c75G\u8cfc\u6a5f\u4efb\u4e00\u8cc7\u8cbb\u6216\u8cfc\u8cb7\u7a7a\u6a5f\uff0c\u5373\u52a0\u8d08Hami Point 1,000\u9ede\n\n#\u7cbe\u91c75G\u901f\u653e\u6f5b\u80fd #\u8cb7iPhone14\u9996\u9078\u4e2d\u83ef\u96fb\u4fe1\n\n\u4fdd\u6587\uff1aiPhone\u624b\u6a5f\u642d\u914d\u4e2d\u83ef\u96fb\u4fe1\uff0c\u512a\u65bc\u5168\u53f05G\u5e73\u5747\u7db2\u901f\u4e4b\u6578\u503c\uff0c\u4fc2\u57fa\u65bc Ookla\u00ae\u7684 Speedtest Intelligence\u00ae\u6578\u64da\u5c0d 2022\u5e74\u7b2c\u4e8c\u5b63\u5ea6\u53f0\u7063iPhone\u8a2d\u5099\u76845G\u4e0b\u8f09\u901f\u5ea6\u4e2d\u4f4d\u6578\u7684\u6578\u64da\u5206\u6790\u3002Ookla \u5546\u6a19\u7d93\u8a31\u53ef\u4f7f\u7528\u4e26\u7d93\u8a31\u53ef\u8f49\u8f09\u3002\n\n\u5e0c\u671b\u4f60\u5011\u559c\u6b61\u9019\u90e8\u5f71\u7247\n\u559c\u6b61\u5e6b\u6211\u8a02\u95b1\u6309\u8b9a\u5206\u4eab \u8a18\u5f97\u958b\u555f\u5c0f\u9234\u943a\u6536\u53d6\u65b0\u7247\u901a\u77e5\u5594\uff01\n\n#\u91d1\u91dd\u83c7\u767e\u5e74\u8001\u5e97\u7cfb\u5217 #\u5f70\u5316\u7f8e\u98df #\u5f70\u5316  \u6628\u5929\u8d70 #\u8d70\u9418\u734e \u786c\u662f\u722c\u8d77\u4f86\u767c\u5f71\u7247\u4e86 \u8d95\u5feb\u7a31\u8b9a\u6211\uff01\uff01\uff01\uff01\u54c8\u54c8\u54c8\u54c8\u5e0c\u671b\u4f60\u5011\u559c\u6b61\n\n\uff3f\uff3f\uff3f\uff3f\uff3f\uff3f\uff3f\uff3f\uff3f\uff3f\uff3f\uff3f\uff3f\uff3f\uff3f\uff3f\uff3f\uff3f\uff3f\uff3f\uff3f\n\n\u2b50\ufe0f\u91d1\u91dd\u83c7\u7684\u97d3\u570b\u7f8e\u98df\u54c1\u724c\uff1ahttps://www.kimkfoods.com\n\u2b50\ufe0f\u91d1\u5bb6\u311f\u5e03\u5e33\u99ac\u8eca\uff1ahttps://www.facebook.com/groups/2297603990535075/\n\u2b50\ufe0f\u91d1\u91dd\u83c7\u7684\u7c89\u5c08: https://www.facebook.com/Koreajinzhengu/\n\u2b50\ufe0f\u91d1\u91dd\u83c7\u7684IG: https://www.instagram.com/ggu__kim/\n\u2b50\ufe0f\u5408\u4f5c\u9080\u7d04\u8acb\u6d3dPressPlay\uff1ajinyoungkim@pressplay.cc\n\n\uff3f\uff3f\uff3f\uff3f\uff3f\uff3f\uff3f\uff3f\uff3f\uff3f\uff3f\uff3f\uff3f\uff3f\uff3f\uff3f\uff3f\uff3f\uff3f\uff3f\uff3f",
        "likeCount": "8409",
        "commentCount": "375",
        "viewCount": "440737"
    },
    "comments": [
        {
            "reply_id": "UgzatFbiWN6dc2QIwJ14AaABAg",
            "reply_content": "\u5f70\u5316\u597d\u5730\u65b9"
        },
        {
            "reply_id": "Ugw_2-MCLll82v8K8Ep4AaABAg",
            "reply_content": "\u55e8"
        },
        {
            "reply_id": "UgxGGORfBz7X_-WRNRJ4AaABAg",
            "reply_content": "\u91d1\u91dd\u83c7\u6253\u5b57\u597d\u5feb"
        },
        {
            "reply_id": "UgzNj1bvHdmRepsKNLd4AaABAg",
            "reply_content": "\u63a7\u8089\u8ca9\u597d\u5403"
        },
        {
            "reply_id": "UgxWJqNXe2TxCNFM__t4AaABAg",
            "reply_content": "\u6eaa\u5dde\u7f8a\u8089\u7210"
        },
        {
            "reply_id": "UgyKm1W6Uiair17LMgB4AaABAg",
            "reply_content": "\u5149\u5f70\u5316\u5e02\u5340\u9084\u6709\u8d85\u7d1a\u591a\u597d\u5403\u5c0f\u5403\uff0c\u8981\u591a\u4f86\u5e7e\u8d9f"
        },
        {
            "reply_id": "UgxlMY-gp8rX8kkty9d4AaABAg",
            "reply_content": "\u60f3\u9047\u898b\u83c7\u83c7"
        },
        {
            "reply_id": "UgzYtXVwRPmIr_ERTCl4AaABAg",
            "reply_content": "\u8a18\u5f97\u4e0d\u8981\u60c5\u4fb6\u4e00\u8d77\u53bb\u516b\u5366\u5c71\uff0c\u6703\u6709\u4e0d\u597d\u7684\u7d50\u679c"
        },
        {
            "reply_id": "UgxD_Fcrk6GF4h2Etjx4AaABAg",
            "reply_content": "\u6211\u89ba\u5f97\u63a7\u8089\u98ef\u4e0d\u597d\u5403\u8036"
        },
        {
            "reply_id": "UgzHNphPW_9f9l6Yz-t4AaABAg",
            "reply_content": "\u5f70\u5316\u4eba\u8a8d\u8b49\u627e\u7684\u7f8e\u98df\u771f\u7684\u5f88\u9053\u5730\uff0c\u4e0b\u6b21\u6709\u5230\u5f70\u5316\u63a8\u85a6\u5230\u7cbe\u8aa0\u591c\u5e02\u8d70\u8d70\u6700\u597d\u661f\u671f\u4e94\u3001\u516d\u4f86\u6bd4\u8f03\u597d"
        },
        {
            "reply_id": "Ugx7uvQmN6rUypD7GEN4AaABAg",
            "reply_content": "\u91d1\u91dd\u83c7\u4f60\u597d\uff5e\u60f3\u8acb\u554f\u97d3\u570b\u771f\u7684\u6709\u63a8\u649e\u7684\u6587\u5316\u55ce\uff1f\u5c31\u662f\u660e\u660e\u65c1\u908a\u6709\u8def\u53ef\u4ee5\u8d70\u4e5f\u5805\u6301\u8981\u8d70\u81ea\u5df1\u7684\u8def\u5373\u4f7f\u6703\u649e\u5230\u4eba"
        },
        {
            "reply_id": "UgzVqIUnOuLgNrpS-tt4AaABAg",
            "reply_content": "\u963f\u83c7\u5f70\u5316\u4e5f\u6709\u4e00\u5bb6\u4e7e\u9eb5\u8d85\u597d\u5403\u5728\u5f70\u57fa\u91ab\u9662\u90a3\u88e1\u8d85\u597d\u5403\ud83d\ude0b"
        },
        {
            "reply_id": "UgxvqOd5HZ4lnugG_e54AaABAg",
            "reply_content": "\u91d1\u91dd\u83c7\u5728\u8d70\u4e2d\u8b1b\u597d\u6f02\u4eae\u5594"
        },
        {
            "reply_id": "Ugwb1BgoZtHoxZ5ZBrt4AaABAg",
            "reply_content": "\u91d1\u91dd\u83c7\u8b8a\u7626\u4e86"
        },
        {
            "reply_id": "UgzLriVkF7Q9iES0EE14AaABAg",
            "reply_content": "\u6211\u770b\u5230\u5f70\u5546\u7684\u5b78\u751f\u6b38"
        },
        {
            "reply_id": "UgxdBZ16APXK-GsI3mh4AaABAg",
            "reply_content": "\u9019\u7247\u7684\u756b\u8cea\u8ddf\u526a\u8f2f\u7bc0\u594f\u597d\u50cf\u8ddf\u6700\u8fd1\u7684\u5e7e\u7247\u4e0d\u592a\u4e00\u6a23"
        },
        {
            "reply_id": "UgxE0lha6xv8-8f3Rtx4AaABAg",
            "reply_content": "\u5ee3\u544a\u6253\u592a\u591a"
        },
        {
            "reply_id": "UgxQaQsgk64M5Wya1f14AaABAg",
            "reply_content": "\u767e\u5e74\u8001\u5e97\u7cfb\u5217\u5927\u6982\u53ef\u4ee5\u9760\u5f70\u5316\u62cd\u500b\u4e09\u56db\u96c6\uff0c\u800c\u4e14\u518d\u52a0\u4e0a\u624b\u5de5\u85dd\u54c1\u6216\u50b3\u7d71\u6587\u5316\u80af\u5b9a\u66f4\u6709\u8da3"
        },
        {
            "reply_id": "UgyYCf7db8zQXKxoKE94AaABAg",
            "reply_content": "\u672c\u8eab\u5728\u5730\u4eba\u5f70\u5316\u5e02\u63a8\u963f\u4e09\u8089\u5713\u8ddf\u5317\u9580\u53e3\u8089\u5713\u2764"
        },
        {
            "reply_id": "Ugwvy_0WdPOHtXo4J714AaABAg",
            "reply_content": "\u5176\u5be6\u53ef\u4ee5\u5403\u963f\u4e09\u8089\u5713\u6216\u5317\u9580\u53e3\u8089\u5713\u9019\u7a2e\u8106\u76ae\u8089\u5713 \u90fd\u5728\u5f70\u5316\u5e02\u5340\u5167\u5c31\u4e0d\u7528\u8dd1\u90a3\u9ebc\u9060\u4e86 \u9084\u6709\u5f70\u5316\u6dbc\u5713\u4e5f\u53ef\u4ee5\u8a66\u8a66 \u9e79\u7684\u8089\u5713\u653e\u5728\u51b0\u7bb1\u88e1\u9762\u51b0\u51b0\u6dbc\u6dbc\u7684\u5f88\u723d\u53e3"
        },
        {
            "reply_id": "Ugy2ciJha4pUQVOHR7J4AaABAg",
            "reply_content": "\u91d1\u91dd\u83c7\u4eca\u5929\u5e95\u599d\u597d\u7f8e\u5594\uff5e\u60f3\u77e5\u9053\u7528\u4ec0\u9ebc\u7c89\u5e95\u6db2"
        },
        {
            "reply_id": "Ugy6DjuqsNwdI1eQqh54AaABAg",
            "reply_content": "\u500b\u4eba\u559c\u6b61\u5403\u84b8\u7684\u8089\u5713"
        },
        {
            "reply_id": "Ugx2bYx7mh0UT-5k6Jh4AaABAg",
            "reply_content": "\u4f86\u4e0d\u53ca\u9577\u5927\u7684\u91d1\u91dd\u83c7"
        },
        {
            "reply_id": "UgycKuTx4qOsH7KuoOR4AaABAg",
            "reply_content": "\u8089\u5713\u751f\u662f\u5916\u5730\u4eba\u5728\u5403\u7684"
        },
        {
            "reply_id": "UgyH628Dc0hq1l7iR3d4AaABAg",
            "reply_content": "\u4ee5\u524d\u5728\u5f70\u5316\u8b80\u66f8\u597d\u61f7\u5ff5\u6728\u74dc\u725b\u5976\uff0c\u7d05\u8c46\u725b\u5976\u51b0\u4e5f\u4e0d\u932f"
        }
    ]
}