{
    "video_info": {
        "id": "i_nwZtl0gXw",
        "channelTitle": "\u97d3\u52fe\u311f\u91d1\u91dd\u83c7 \ucc10\uca50\uafb8",
        "title": "\u65e5\u672c\u4e00\u4eba\u623f\u81e5\u92ea\u5217\u8eca9\u5c0f\u6642\u642d\u4e58\u8a18\ud83d\udd25\u9084\u80fd\u6d17\u6fa1\u6d17\u5f97\u9999\u5674\u5674\uff01\u8eba\u8457\u4eab\u53d7\u65e5\u672c\ud83c\uddef\ud83c\uddf5\uff5c\u97d3\u52fe\u311f\u91d1\u91dd\u83c7 \ucc10\uca50\uafb8",
        "description": "\u9019\u6b21\u53bb\u65e5\u672c\u7684\u6700\u5927\u76ee\u7684\uff01\uff01\uff01\n\u642d\u81e5\u92ea\u706b\u8eca\u653e\u7f8e\u808c\u5047\u53bb\u770b\u7028\u6236\u5167\u6d77\u2665\ufe0f\u2665\ufe0f\u6709\u5920\u6d6a\u6f2b\uff5e\uff5e\n\u6211\u771f\u7684\u89ba\u5f97\u53ef\u4ee5\u591a\u642d\u500b\u4e00\u5929\u8036 \u8d85\u611b\u7684\uff01\n\u9019\u6b21\u7684\u5c0f\u5925\u4f34Bifesta\u78a7\u83f2\u7d72\u7279\u5373\u6de8\u5378\u599d\u68c9\u771f\u7684\u662f\u6211\u5e73\u5e38\u6bcf\u5929\u6bcf\u5929\u5728\u7528\u7684\n\u7279\u5225\u662f\u53bb\u65c5\u904a\u7684\u6642\u5019\u5f88\u65b9\u4fbf \u63a8\u85a6\u7d66\u5927\u5bb6\uff01\uff01\uff01\n\u4e00\u8d77\u8b93\u808c\u819a\u653e \u7f8e\u808c\u5047\u597d\u597d\u547c\u5438\u4f11\u606f\u4e00\u6ce2\uff01\n\u64e6\u5b8c\u4e0d\u4e7e\u53c8\u4e0d\u6703\u592a\u9ecf\uff5e\u4e5f\u53ef\u4ee5\u5378\u7684\u4e7e\u4e7e\u6de8\u6de8\uff01\u2665\ufe0f\u2665\ufe0f100\u5206\uff01\u6709\u8208\u8da3\u53ef\u4ee5\u5230\u5404\u5927\u8ce3\u5834\u770b\u770b\u5594\uff5e\n\n\u73fe\u5728Bifesta\u78a7\u83f2\u7d72\u7279\u6709\u63d0\u4f9b\u9650\u91cf\u7684\u512a\u60e0\u7d66\u83c7\u7c89\n\u8ce3\u5834\u653e\u5728\u9019\u908a\uff0c\u6709\u8208\u8da3\u4e5f\u53ef\u4ee5\u770b\u770b~\nhttps://reurl.cc/DmW6jQ\n\nBifesta Fun\u500b\u7f8e\u808c\u5047\u62bd\u734e\u6d3b\u52d5\nhttps://reurl.cc/Rva6gZ\n\n\nSunrise \u8a02\u7968\u53ef\u4ee5\u770b\u9019\u500b\u7db2\u5740\uff1a\u6709\u4e2d\u6587\u5f88\u65b9\u4fbf\uff01\nhttps://www.westjr.co.jp/global/tc/ticket/overview/\n\n--------------------------------------------\n#Bifesta\u78a7\u83f2\u7d72\u7279 #\u5373\u6de8\u5378\u599d\u68c9#FUN\u500b\u7f8e\u808c\u5047\n#\u9ad8\u677e\n\n\n\u5e0c\u671b\u4f60\u5011\u559c\u6b61\u9019\u90e8\u5f71\u7247\n\u559c\u6b61\u5e6b\u6211\u8a02\u95b1\u6309\u8b9a\u5206\u4eab \u8a18\u5f97\u958b\u555f\u5c0f\u9234\u943a\u6536\u53d6\u65b0\u7247\u901a\u77e5\u5594\uff01\n\n\uff3f\uff3f\uff3f\uff3f\uff3f\uff3f\uff3f\uff3f\uff3f\uff3f\uff3f\uff3f\uff3f\uff3f\uff3f\uff3f\uff3f\uff3f\uff3f\uff3f\uff3f\n\n\u2b50\ufe0f\u91d1\u91dd\u83c7\u7684\u97d3\u570b\u7f8e\u98df\u54c1\u724c\uff1ahttps://www.kimkfoods.com\n\u2b50\ufe0f\u91d1\u5bb6\u311f\u5e03\u5e33\u99ac\u8eca\uff1ahttps://www.facebook.com/groups/2297603990535075/\n\u2b50\ufe0f\u91d1\u91dd\u83c7\u7684\u7c89\u5c08: https://www.facebook.com/Koreajinzhengu/\n\u2b50\ufe0f\u91d1\u91dd\u83c7\u7684IG: https://www.instagram.com/ggu__kim/\n\u2b50\ufe0f\u5408\u4f5c\u9080\u7d04\u8acb\u6d3dPressPlay\uff1ajinyoungkim@pressplay.cc\n\n\uff3f\uff3f\uff3f\uff3f\uff3f\uff3f\uff3f\uff3f\uff3f\uff3f\uff3f\uff3f\uff3f\uff3f\uff3f\uff3f\uff3f\uff3f\uff3f\uff3f\uff3f",
        "likeCount": "8706",
        "commentCount": "144",
        "viewCount": "484660"
    },
    "comments": [
        {
            "reply_id": "Ugxpt_CHjQgXibqG1rh4AaABAg",
            "reply_content": "\u53f0\u7063\u4e5f\u53ef\u4ee5\u8003\u616e\u767c\u552e\u9019\u7a2e\u985e\u5225\u8eca\u7968\uff0c\u4f46\u6539\u88dd\u5c31\u4e0d\u662f\u90a3\u9ebc\u7c21\u55ae\u56c9"
        },
        {
            "reply_id": "UgwNZPwqPsWarWuPqAB4AaABAg",
            "reply_content": "\u665a\u5b89"
        },
        {
            "reply_id": "UgzhcZOC7Pm4zBHx19t4AaABAg",
            "reply_content": "\u5378\u599d\u68c9\u883b\u50b7\u76ae\u819a\u7684\u54c8\u54c8\u54c8\u54c8\u5f8c\u4f86\u9084\u662f\u56de\u6b78\u624b\u6307\u63a5\u89f8\u5f0f\u7684\u5378\u599d\ud83e\udd23"
        },
        {
            "reply_id": "UgzKcdr-48nh-VftGDB4AaABAg",
            "reply_content": "\u771f\u7684\u597d\u9177\u54e6"
        },
        {
            "reply_id": "UgyLOjR5qy1F3IwDXmN4AaABAg",
            "reply_content": "\u7d93\u7d00\u4eba\u4e5f\u597d\u53ef\u611b\u54c8\u54c8\u54c8\u54c8\u54c8"
        },
        {
            "reply_id": "Ugz0iJfPEUQgEtsvzx14AaABAg",
            "reply_content": "\u627e\u9234\u6728"
        },
        {
            "reply_id": "UgymVb4fobVSpRqqylt4AaABAg",
            "reply_content": "\u883b\u60f3\u53bb\u9ad4\u9a57\u4e00\u4e0b"
        },
        {
            "reply_id": "UgxHVJ-Vm2ucv88p-YV4AaABAg",
            "reply_content": "\u5728\u65e5\u672c\u7a7f\u6d74\u8863\u8ddf\u548c\u670d\u8981\u8a18\u5f97\u5de6\u4e0a\u53f3\u4e0b\n\u53f3\u4e0a\u5de6\u4e0b\u662f\u5f80\u751f\u7684\u4eba"
        },
        {
            "reply_id": "UgwAkqQHVoGTuDB9EGt4AaABAg",
            "reply_content": "\u83c7\u83c7\u6709\u6c92\u6709\u5316\u599d\u76ae\u819a\u90fd\u4e00\u6a23\u597d"
        },
        {
            "reply_id": "UgyU_yFQ7Exh1fMy_vB4AaABAg",
            "reply_content": "\u91d1\u91dd\u83c7\u7b11\u8d77\u4f86\u5c31\u662f\u9eb5\u5305\u8d85\u4eba"
        },
        {
            "reply_id": "UgzPTM-1pT7iuHWq5yN4AaABAg",
            "reply_content": "\u6c34\u5594"
        },
        {
            "reply_id": "Ugyditn0N60wk9j_zvJ4AaABAg",
            "reply_content": "\u5750\u8239\u53bb\u99ac\u7956\u4e5f\u8981\u82b1\u4e00\u6574\u500b\u665a\u4e0a\uff0c\u5f88\u503c\u5f97\u53bb\u9ad4\u9a57"
        },
        {
            "reply_id": "UgxYAnOz_6UeTR9KpzZ4AaABAg",
            "reply_content": "\u770b\u9019\u500b\u5f71\u7247\u624d\u767c\u73fe\u65e5\u672c\u96f6\u98df\u76d2\u5b50\u662f\u7528\u4f86\u5012\u51fa\u4f86\u5403\u7684"
        },
        {
            "reply_id": "Ugx1jPUF1-W8f_h7_LR4AaABAg",
            "reply_content": "\u65e5\u672c\u7684\u5be2\u53f0\u5217\u8eca\u5df2\u7d93\u5feb\u8981\u7d55\u8de1\u4e86,\u9019\u500b\u61c9\u8a72\u662f\u50c5\u6709\u7684\u8def\u7dda\u4e86"
        },
        {
            "reply_id": "UgzjIunZ8OJ1iCyKwSt4AaABAg",
            "reply_content": "\u4f60\u5fd8\u4e86\u5728\u53f0\u7063\u516c\u958b\u5834\u5408\u8981\u63a7\u5236\u97f3\u91cf\uff0c\u65e5\u672c\u66f4\u91cd\u8996"
        },
        {
            "reply_id": "UgwREGDoGBrfqqx4qql4AaABAg",
            "reply_content": "\u9eb5\u5305\u8d85\u4eba\u4fbf\u7576\u8d85\u53ef\u611b\u7684"
        }
    ]
}