{
    "video_info": {
        "id": "iHddJYXZ994",
        "channelTitle": "\u97d3\u52fe\u311f\u91d1\u91dd\u83c7 \ucc10\uca50\uafb8",
        "title": "\u5916\u7c4dytbr\u5927\u96c6\u5408\uff01\u7a76\u7adf\u8ab0\u5728\u53f0\u7063\u6df7\u6700\u597d\ud83c\uddf9\ud83c\uddfc\uff1f\uff01\u7206\u7b11\u5916\u570b\u4eba\u540c\u6a02\u6703\ud83d\ude02\ud83d\ude02\ud83d\ude02\u6ce8\u610f\u97f3\u91cf\uff5c\u97d3\u52fe\u311f\u91d1\u91dd\u83c7 \ucc10\uca50\uafb8",
        "description": "\u670b\u53cb\u5011\u7684\u983b\u9053\uff01 \u6b61\u8fce\u5927\u5bb6\u8ffd\u8e64\u5537\uff01\n\n\ud83c\udf1f\u963f\u90e8\u746a\u5229\u4e9e\uff1ahttps://www.youtube.com/@MariaAbe\n\ud83c\udf1f\u53f0\u7063\u5c0b\u5947\uff1ahttps://www.youtube.com/@Tw-Universe\n\ud83c\udf1f\u54c7\u4fc2\u9ed1\u9f8d\uff1ahttps://www.youtube.com/@IG-594blackdragon\n\ud83c\udf1fAlizabeth \u5a18\u5a18\uff1ahttps://www.youtube.com/@alizabethlin\n\ud83c\udf1f\u5922\u591a TV Mondo TV\uff1ahttps://www.youtube.com/@TVMondoTV/videos\n\n\n\u5e0c\u671b\u4f60\u5011\u559c\u6b61\u9019\u90e8\u5f71\u7247\n\u559c\u6b61\u5e6b\u6211\u8a02\u95b1\u6309\u8b9a\u5206\u4eab \u8a18\u5f97\u958b\u555f\u5c0f\u9234\u943a\u6536\u53d6\u65b0\u7247\u901a\u77e5\u5594\uff01\n\n\uff3f\uff3f\uff3f\uff3f\uff3f\uff3f\uff3f\uff3f\uff3f\uff3f\uff3f\uff3f\uff3f\uff3f\uff3f\uff3f\uff3f\uff3f\uff3f\uff3f\uff3f\n\n\u2b50\ufe0f\u91d1\u91dd\u83c7\u7684\u97d3\u570b\u7f8e\u98df\u54c1\u724c\uff1ahttps://www.kimkfoods.com\n\u2b50\ufe0f\u91d1\u5bb6\u311f\u5e03\u5e33\u99ac\u8eca\uff1ahttps://www.facebook.com/groups/2297603990535075/\n\u2b50\ufe0f\u91d1\u91dd\u83c7\u7684\u7c89\u5c08: https://www.facebook.com/Koreajinzhengu/\n\u2b50\ufe0f\u91d1\u91dd\u83c7\u7684IG: https://www.instagram.com/ggu__kim/\n\u2b50\ufe0f\u5408\u4f5c\u9080\u7d04\u8acb\u6d3dPressPlay\uff1ajinyoungkim@pressplay.cc\n\n\uff3f\uff3f\uff3f\uff3f\uff3f\uff3f\uff3f\uff3f\uff3f\uff3f\uff3f\uff3f\uff3f\uff3f\uff3f\uff3f\uff3f\uff3f\uff3f\uff3f\uff3f",
        "likeCount": "17391",
        "commentCount": "512",
        "viewCount": "827480"
    },
    "comments": [
        {
            "reply_id": "UgwI-IigQps9aSgDYUZ4AaABAg",
            "reply_content": "\u5893\u5f69\u66e6"
        },
        {
            "reply_id": "Ugx5gIVjF9unpykUwxB4AaABAg",
            "reply_content": "\u53ef\u4ee5\u8acb\u6709\u4e95"
        },
        {
            "reply_id": "Ugx2xDNsJr0P-t0Gb4Z4AaABAg",
            "reply_content": "\u4e0b\u6b21\u53ef\u4ee5\u9080\u500b\u4f86\u81ea\u4e0a\u6d77\u7684\u6df7\u8840\u6bd4\u5229\u6642\u4eba"
        },
        {
            "reply_id": "Ugxjl72ebsWjKCcOGPJ4AaABAg",
            "reply_content": "\u770b\u5f97\u51fa\u4f86\u91d1\u91dd\u83c7\u4eba\u7de3\u5f88\u597d"
        },
        {
            "reply_id": "Ugx4NqN8-qAh7WOC8Sd4AaABAg",
            "reply_content": "\u65b0\u7af9\u4eba\u5927\u6012"
        },
        {
            "reply_id": "UgxwlSirf7Yb25gNOS94AaABAg",
            "reply_content": "\u71b1\u9b27\u53c8\u7cbe\u5f69"
        },
        {
            "reply_id": "UgzhX2ErLwzly7kcqvF4AaABAg",
            "reply_content": "\u8d85\u597d\u7b11\u7684\u54c8\u54c8\u54c8"
        },
        {
            "reply_id": "UgyQz8HgfwDbbPL2vo14AaABAg",
            "reply_content": "\u679c\u7136\u7cbe\u5f69"
        },
        {
            "reply_id": "UgwqaDiU6RF2ZVF44m94AaABAg",
            "reply_content": "\u8acb\u554f\u91d1\u91dd\u83c7\uff0c\u6211\u60f3\u53bb\u97d3\u570b\u770b\u6f14\u5531\u6703\u8acb\u554f\u8981\u5982\u4f55\u8655\u7406\u624d\u80fd\u6709\u65b9\u5411\u77e5\u9053\u600e\u9ebc\u505a"
        },
        {
            "reply_id": "UgwI6bSdnp-Mo2j6DIp4AaABAg",
            "reply_content": "\u9ed1\u9f8d\u8ddf\u5922\u591a\u771f\u7684\u4e0d\u884c\u5566"
        },
        {
            "reply_id": "UgxuruWJIPWSUdi0bKt4AaABAg",
            "reply_content": "\u6211\u611f\u89ba\u7537\u85dd\u4eba\u8ddf\u6b4c\u624b\u4e0d\u662f\u4ed6\u5011\u7684\u932f\n\u56e0\u70ba\u6211\u4e5f\u4e0d\u77e5\u9053"
        },
        {
            "reply_id": "UgzqtRGuWPKH1WtLso54AaABAg",
            "reply_content": "\u746a\u5229\u4e9e\u771f\u7684\u597d\u53ef\u611b"
        },
        {
            "reply_id": "UgxE9FMqKqhJNltXGh14AaABAg",
            "reply_content": "\u746a\u9e97\u4e9e\u7121\u5948"
        },
        {
            "reply_id": "UgzPQA_IjgD5sdVn5lB4AaABAg",
            "reply_content": "\u6703\u4e0d\u6703\u662f\u80c3\u9178\u4eba\u6700\u4e86\u89e3\u53f0\u7063"
        },
        {
            "reply_id": "UgyNabEwAMIGEfpa9bt4AaABAg",
            "reply_content": "\u597d\u73a9\u5594"
        },
        {
            "reply_id": "Ugx84F1yFD4OPOqrByJ4AaABAg",
            "reply_content": "\u8d85\u7d1a\u4e0d\u516c\u5e73\u7684\u5206\u7d44"
        },
        {
            "reply_id": "UgypQvMWkq8uGxnIKA54AaABAg",
            "reply_content": "\u597d\u7092\u597d\u55e8\u597d\u597d\u73a9"
        },
        {
            "reply_id": "UgzBAHmCrWcSIuNCBrR4AaABAg",
            "reply_content": "\u6bd4\u624b\u756b\u8173\u597d\u7cbe\u5f69"
        },
        {
            "reply_id": "UgxxLB3okWv7sm6nvR94AaABAg",
            "reply_content": "\u7b2c\u4e00\u6b21\u770b\u9019\u500b\u983b\u9053 \u89ba\u5f97\u91d1\u91dd\u83c7\u9019\u500b\u9020\u578b\u597d\u50cf\u4e2b\u982d"
        },
        {
            "reply_id": "Ugw_AA-GM62XGBxNvkV4AaABAg",
            "reply_content": "\u600e\u9ebc\u6703\u6c92\u6709\u9177"
        },
        {
            "reply_id": "UgwvjoKlA5__RNvE3Z14AaABAg",
            "reply_content": "\u54c8\u54c8\u54c8\u54c8\u54c8\u54c8\u54c8\u54c8\u54c8\u54c8\u54c8\u54c8\u54c8\u54c8\u54c8\u54c8\u54c8\uff01\u6211\u5feb\u88ab\u4f60\u5011\u7b11\u6b7b\u4e86"
        },
        {
            "reply_id": "UgxwPWXg_cfpszxyV6R4AaABAg",
            "reply_content": "\u746a\u5229\u4e9e\u9019\u90e8\u597d\u6f02\u4eae\u5440"
        },
        {
            "reply_id": "Ugyh2fH1UiSdoV0cuxp4AaABAg",
            "reply_content": "\u91d1\u91dd\u83c7\u771f\u7684\u597d\u53ef\u611b"
        },
        {
            "reply_id": "UgwBhm1-3kVsXw2ivHN4AaABAg",
            "reply_content": "\u53ef\u4ee5\u9080\u8acb\u597d\u6a5f\u8eca\u7684\u55e9\u5436\u548c\u932b\u862d"
        },
        {
            "reply_id": "UgzqJz16gnmIRVZGSAl4AaABAg",
            "reply_content": "\u6b61\u8fce\u6536\u770b\u5929\u624d\u885d\u885d\u885d"
        }
    ]
}