{
    "video_info": {
        "id": "izjzQUBhHiY",
        "channelTitle": "\u97d3\u52fe\u311f\u91d1\u91dd\u83c7 \ucc10\uca50\uafb8",
        "title": "\u516c\u958b\u6211\u7684\u300c\u77ed\u671f\u9ad8\u85aa\u300d\u5305\u5403\u5305\u4f4f\u97d3\u570b\u8cfa\u9322\u8a18....\ud83c\uddf0\ud83c\uddf7 \u86e4\u8823\u5730\u7344\uff5c\u97d3\u52fe\u311f\u91d1\u91dd\u83c7 \ucc10\uca50\uafb8",
        "description": "\ud83c\udf1f\u91d1\u5bb6\u311f\u65b0\u54c1\ud83c\udf1f\n#\u97d3\u5f0f\u70b8\u96de #\u97d3\u5f0f\u852c\u83dc\u714e\u9905 #\u97d3\u5f0f\u96dc\u83dc\u7c89\u7d72 #\u97d3\u5f0f\u6d77\u5e36\u82bd\n\u90fd\u662f\u6599\u7406\u5c0f\u767d\u5728\u5bb6\u96e3\u4ee5\u5f9e\u7121\u5230\u6709\u5b8c\u6210\u7684\u83dc\u8272\n\u73fe\u5728\u91d1\u5bb6\u311f\u90fd\u5e6b\u5927\u5bb6\u6599\u7406\u597d\u4e86\uff01\n\u53ea\u8981\u6709\u624b\u5c31\u6703\u7684\u8d85\u7c21\u55ae\u52a0\u71b1\u65b9\u6cd5\u5c31\u80fd\u5b8c\u6210\u73fe\u716e\u822c\u7f8e\u5473\ud83e\udd62\n\ud83d\udc49www.kimkfoods.com\n\n#\u6d0b\u91c0\u91ac\u70b8\u96de\u3001#\u80af\u74ca\u91ac\u70b8\u96de\n\ud83c\udf57\u91d1\u5bb6\u311f\u7279\u88fd\u7684\u97d3\u5f0f\u70b8\u96de\u53e3\u5473\n\ud83c\udf57\u6c23\u70b8\u934b\u70e4\u81f3\u91d1\u9ec3\uff0c\u6dcb\u91ac\u3001\u6cbe\u91ac\u90fd\u597d\u5403\n\n#\u97d3\u5f0f\u96dc\u83dc\u7c89\u7d72\n\ud83e\udd62\u4f7f\u7528\u97d3\u570b\u9032\u53e3\u7c89\u7d72Q\u5f48\u5c31\u50cf\u73fe\u716e\n\ud83e\udd62\u52a0\u51655\u7a2e\u852c\u83dc\uff0b\u8c6c\u8089\uff0c\u91ac\u6cb9\u3001\u767d\u6c41\u9ebb\u6cb9\u8abf\u5473\u8c50\u5bcc\u9999\u6c23\u6bd4\u7167\u9910\u5ef3\u7b49\u7d1a\n\ud83e\udd62\u5e73\u5e95\u934b\u52a0\u71b15\u5206\u9418\u5167\u4e0a\u684c\uff0c\u6709\u624b\u5c31\u6703\n\ud83e\udd62\u4e00\u5305\u5169\u4efd\uff01\u4e00\u500b\u4eba\u5403\u4e00\u4efd\u7576\u4e3b\u98df\u3001\u5169\u500b\u4eba\u5403\u7576\u914d\u83dc\n\n#\u97d3\u5f0f\u852c\u83dc\u714e\u9905\n\ud83e\udd62\u97d3\u570b\u904e\u5e74\u904e\u7bc0\u5fc5\u4e0d\u80fd\u5c11\u7684\u91cd\u8981\u83dc\u8272 \n\ud83e\udd62\u591a\u7a2e\u852c\u83dc\u52a0\u4e0a\u8584\u8106\u9905\u76ae\uff0c\u5403\u5f97\u5230\u852c\u83dc\u6e05\u751c \n\ud83e\udd62\u9644\u4e0a\u7368\u5bb6\u8abf\u88fd\u9999\u8fa3\u91ac\u6c41\u548c\u65b0\u9bae\u8525\u82b1\u3001\u8fa3\u6912\u7684\u9748\u9b42\u714e\u9905\u6cbe\u91ac\n\n#\u97d3\u5f0f\u539f\u5473\u6d77\u5e36\u82bd #\u97d3\u5f0f\u8fa3\u5473\u6d77\u5e36\u82bd \n\ud83d\udd25\u6d77\u5e36\u82bd\u52a0\u5165\u829d\u9ebb\u6cb9\u3001\u767d\u829d\u9ebb\u63d0\u5347\u9999\u6c23\n\ud83d\udd25\u8fa3\u5473\u3001\u539f\u5473\u5206\u5225\u52a0\u5165\u4e0d\u540c\u4f50\u6599\u589e\u52a0\u53e3\u5473\u5c64\u6b21\n\ud83d\udd25\u590f\u5929\u6dbc\u62cc\u83dc\u4e0d\u53ef\u6216\u7f3a\u7684\u97d3\u5f0f\u5c0f\u83dc\n\n-\n#\uae40\uc528\ub124 #\u91d1\u5bb6\u311f #\u97d3\u5f0f\u7f8e\u5473\u5728\u5bb6\u4eab\u7528\n\n\u5e0c\u671b\u4f60\u5011\u559c\u6b61\u9019\u90e8\u5f71\u7247\n\u559c\u6b61\u5e6b\u6211\u8a02\u95b1\u6309\u8b9a\u5206\u4eab \u8a18\u5f97\u958b\u555f\u5c0f\u9234\u943a\u6536\u53d6\u65b0\u7247\u901a\u77e5\u5594\uff01\n\n\uff3f\uff3f\uff3f\uff3f\uff3f\uff3f\uff3f\uff3f\uff3f\uff3f\uff3f\uff3f\uff3f\uff3f\uff3f\uff3f\uff3f\uff3f\uff3f\uff3f\uff3f\n\n\u2b50\ufe0f\u91d1\u91dd\u83c7\u7684\u97d3\u570b\u7f8e\u98df\u54c1\u724c\uff1ahttps://www.kimkfoods.com\n\u2b50\ufe0f\u91d1\u5bb6\u311f\u5e03\u5e33\u99ac\u8eca\uff1ahttps://www.facebook.com/groups/2297603990535075/\n\u2b50\ufe0f\u91d1\u91dd\u83c7\u7684\u7c89\u5c08: https://www.facebook.com/Koreajinzhengu/\n\u2b50\ufe0f\u91d1\u91dd\u83c7\u7684IG: https://www.instagram.com/ggu__kim/\n\u2b50\ufe0f\u5408\u4f5c\u9080\u7d04\u8acb\u6d3dPressPlay\uff1ajinyoungkim@pressplay.cc\n\n\uff3f\uff3f\uff3f\uff3f\uff3f\uff3f\uff3f\uff3f\uff3f\uff3f\uff3f\uff3f\uff3f\uff3f\uff3f\uff3f\uff3f\uff3f\uff3f\uff3f\uff3f",
        "likeCount": "8813",
        "commentCount": "236",
        "viewCount": "447105"
    },
    "comments": [
        {
            "reply_id": "Ugwp5Dgyw3n11yejGrF4AaABAg",
            "reply_content": "\u65e5\u672c\u5c0f\u59d0\u6c23\u68ee\u68ee"
        },
        {
            "reply_id": "UgxFKCpn-KiE_-HiIGx4AaABAg",
            "reply_content": "\u53f0\u7063\u4e0d\u77e5\u9053\u6709\u6c92\u6709\u6316\u86e4\u870a\u7684\u5730\u65b9 \u770b\u4e86\u6211\u4e5f\u597d\u60f3\u6316"
        },
        {
            "reply_id": "UgzfXxxpJ5Aw8ghy-MJ4AaABAg",
            "reply_content": "\u91d1\u91dd\u83c7\u53ef\u611b\u6b7b\u4e86"
        },
        {
            "reply_id": "UgwTbRYR8YWhzbKIJT14AaABAg",
            "reply_content": "\u83c7\u5abd\u624b\u85dd\u68d2\u68d2\u6ef4"
        },
        {
            "reply_id": "UgzZeSib0h-3qPDLXSF4AaABAg",
            "reply_content": "\u5289\u5728\u932b\u597d\u50cf\u4e5f\u6311\u6230\u904e\u9019\u500b\u6316\u8814\u7684"
        },
        {
            "reply_id": "UgzjRgWMI4WL8isLPa94AaABAg",
            "reply_content": "\u89ba\u5f97\u6709\u9ede\u5947\u602a\u70ba\u4ec0\u9ebc\u56de\u97d3\u570b\u9084\u5ecb\u4e86\u4e00\u9ede\u611f\u3002\u89ba\u4f60\u7684\u7236\u6bcd\u6709\u9ede\u77e2\u8077\u6c92\u6709\u628a\u4f60\u7167\u9867\u597d"
        },
        {
            "reply_id": "Ugx2Bk84oQywxAyjn2d4AaABAg",
            "reply_content": "\u86e4\u870a\u7092\u7d72\u74dc"
        },
        {
            "reply_id": "UgymZ44GXjIOwuJRsZp4AaABAg",
            "reply_content": "\u91d1\u91dd\u83c7\u7684\u9b54\u6027\u7b11\u8072\u597d\u7642\u6108"
        },
        {
            "reply_id": "UgwfsuQQtatR_9mcXfp4AaABAg",
            "reply_content": "\u984f\u8272\u597d\u5947\u602a"
        },
        {
            "reply_id": "UgwETBWG7lbj52Adtfx4AaABAg",
            "reply_content": "\u91d1\u79d8\u66f8\u6316\u86e4\u870a"
        },
        {
            "reply_id": "UgzlTDc9PJfjITNLmCN4AaABAg",
            "reply_content": "\u5e0c\u671b\u53ef\u4ee5\u770b\u5230\u91d1\u91dd\u83c7\u6316\u97d3\u570b\u6d77\u8178\uff0c\u7c89\u7d05\u8272\u7684\u6d77\u8178"
        },
        {
            "reply_id": "UgxVn-KPmKRz07qj-aN4AaABAg",
            "reply_content": "\u83c7\u5abd\u6709\u6c92\u6709\u8003\u616e\u958b\u500b\u5927\u5eda\u983b\u9053\ud83d\ude02\u7d55\u5c0d\u8a02\u95b1\u5230\u7206"
        },
        {
            "reply_id": "Ugz95u1MXhUyMU6UHCp4AaABAg",
            "reply_content": "\u7238\u7238\u56de\u53bb\u5728\u8eca\u4e0a\u4e00\u5b9a\u5077\u54ed"
        },
        {
            "reply_id": "UgxRntki2W-9VtnhRzd4AaABAg",
            "reply_content": "\u5200\u524a\u9762\u770b\u7684\u6211\u597d\u998b"
        },
        {
            "reply_id": "UgzwmfSl-YV_b9idau14AaABAg",
            "reply_content": "\u904d\u5730\u662f\u9ec3\u91d1"
        },
        {
            "reply_id": "UgxPDic_tlIABWANKxd4AaABAg",
            "reply_content": "\u91d1\u91dd\u83c7\u56de\u53bb\u90fd\u88ab\u7236\u6bcd\u5404\u7a2e\u6295\u98df\u597d\u597d\u6b50"
        },
        {
            "reply_id": "UgzYFR6FvNbUQzD3ifV4AaABAg",
            "reply_content": "\u9435\u93df\u6316\u6bd4\u8f03\u5feb\u5427"
        },
        {
            "reply_id": "UgzLQCCuYSEU0vYsuG94AaABAg",
            "reply_content": "\u665a\u4e0a\u4e0d\u7528\u7761\u4e86"
        },
        {
            "reply_id": "UgxaFt6pL07D74CBRU54AaABAg",
            "reply_content": "\u8fd9\u4e2a\u86e4\u870a\u662f\u6211\u770b\u8fc7\u6700\u80a5\u7684\u5427"
        },
        {
            "reply_id": "Ugy9pc1k-N7s_Ba2oTt4AaABAg",
            "reply_content": "\u9019\u53f0\u7063\u53eb\u505a\u6d77\u74dc\u5b50"
        },
        {
            "reply_id": "UgxMVBj4Ypzmzolpwyl4AaABAg",
            "reply_content": "\u53ef\u4ee5\u4e00\u5bb6\u4eba\u4e00\u8d77\u505a\u4e8b\u771f\u7684\u6703\u958b\u5fc3\u5f88\u591a"
        },
        {
            "reply_id": "UgxCIGbUIykGh4psuFR4AaABAg",
            "reply_content": "\u770b\u5230\u714e\u9905\u76f4\u89ba\u5c31\u86cb\u9905\u6216\u86b5\u4ed4\u714e"
        },
        {
            "reply_id": "Ugw0K7vJav_NlozSM8l4AaABAg",
            "reply_content": "\u7238\u7238\u597d\u50cf\u53c8\u8981\u54ed\u4e86"
        },
        {
            "reply_id": "Ugz0Vd1mFbPYgmuyVhZ4AaABAg",
            "reply_content": "\u771f\u7684\u7b11\u6b7b \u600e\u9ebc\u5c0d\u59d0\u59d0\u8aaa\u4e2d\u6587\u6559\u5979\u6316\u5566\u54c8\u54c8\u54c8\u54c8"
        },
        {
            "reply_id": "UgxbpsuvmhEtbIVl1tl4AaABAg",
            "reply_content": "\u9019\u7b97\u662f\u6d77\u74dc\u5b50"
        }
    ]
}