{
    "video_info": {
        "id": "j4qyBX4KcBg",
        "channelTitle": "\u97d3\u52fe\u311f\u91d1\u91dd\u83c7 \ucc10\uca50\uafb8",
        "title": "\u8b93\u5728\u53f0\u97d3\u570b\u4eba\u5c16\u53eb\u76845\u7a2e\u300c\u8d85\u7a00\u6709\u97d3\u570b\u98df\u7269\u300d\ud83d\ude2d\u5728\u53f0\u7063\u5c0b\u5bf6\u97d3\u570b\u4eba\u6700\u60f3\u5ff5\u7684\u5bb6\u5e38\u83dc\uff5c\u97d3\u52fe\u311f\u91d1\u91dd\u83c7 \ucc10\uca50\uafb8",
        "description": "#\u97d3\u570b\u7f8e\u98df #\u5728\u53f0\u97d3\u570b\u4eba #\u97d3\u52fe\u311f\u91d1\u91dd\u83c7 #\u91d1\u5bb6\u311f #\uae40\uc528\ub124\n\n\u8036\uff01\u4ecb\u7d39\u4e86\u5728\u53f0\u7063\u8ce3\u76845\u7a2e \u97d3\u570b\u7a00\u6709\u98df\u7269\uff01\u5927\u5bb6\u6700\u60f3\u8a66\u8a66\u4ec0\u9ebc\u5462\uff1f\n\u5f71\u7247\u4e2d\u7684\u91d1\u5bb6\u311f \u5169\u6b3e\u65b0\u5c0f\u83dc\n\u8fa3\u9183\u863f\u8514\u548c\u9183\u6d0b\u8525\u2728\n\u229b \u958b\u8ce3\u6642\u9593\uff1a2022/05/03(\u4e8c) 12:00 \u229b \n\u5b98\u7db2\u5728\u9019\u908a\uff01\u9019\u908a\u8acb\ud83c\udf36\ufe0f\uff1a https://bit.ly/gguytkimchi2022\n\n\u4ee5\u4e0b\u662f\u6211\u53bb\u7684\u97d3\u5f0f\u9910\u5ef3\u8cc7\u8a0a\uff01\n\n1. \u4e09\u5143\u82b1\u5712\u97d3\u5f0f\u9910\u5ef3\n\u53f0\u5317\u5e02\u5167\u6e56\u5340\u745e\u5149\u8def188\u5df743\u865f1F\n-\u5403\u7684\u7a00\u6709\u97d3\u570b\u7f8e\u98df\uff1a\u725b\u6392\u6e6f, \u8fa3\u7092\u9b77\u9b5a\n\n2.\u5f90\u7f85\u4f10\u97d3\u570b\u6599\u7406\n\u53f0\u5317\u5e02\u5927\u5b89\u5340\u6c38\u5eb7\u885714\u5df75\u865f\n-\u5403\u7684\u7a00\u6709\u97d3\u570b\u7f8e\u98df\uff1a\u7c73\u8840\u8178\n\n3. \u6771\u5927\u9580\u97d3\u570b\u7279\u8272\u6599\u7406\n\u53f0\u5317\u5e02\u5927\u5b89\u5340\u6d66\u57ce\u885713\u5df729\u865f\n\u5403\u7684\u98df\u7269\uff1a \u71c9\u6d77\u9bae\n\n4. \u73ca\u59ae\u5e74\u7cd5\n\u53f0\u5317\u5e02\u58eb\u6797\u5340\u5fe0\u8aa0\u8def\u4e8c\u6bb5148\u5df71\u865f\n\u5403\u7684\u98df\u7269\uff1a \u5f69\u8679\u86cb\u7cd5, \u84b8\u7cd5 \uc2dc\ub8e8\ub5a1 \n\n5. \u91d1\u5bb6\u311f\n\u5403\u7684\u98df\u7269\uff1a \u8fa3\u9183\u863f\u8514\u7d72, \u9183\u6d0b\u8525\n\n\n\u5e0c\u671b\u4f60\u5011\u559c\u6b61\u9019\u90e8\u5f71\u7247\n\u559c\u6b61\u5e6b\u6211\u8a02\u95b1\u6309\u8b9a\u5206\u4eab \u8a18\u5f97\u958b\u555f\u5c0f\u9234\u943a\u6536\u53d6\u65b0\u7247\u901a\u77e5\u5594\uff01\n\n\uff3f\uff3f\uff3f\uff3f\uff3f\uff3f\uff3f\uff3f\uff3f\uff3f\uff3f\uff3f\uff3f\uff3f\uff3f\uff3f\uff3f\uff3f\uff3f\uff3f\uff3f\n\n\u2b50\ufe0f\u91d1\u91dd\u83c7\u7684\u97d3\u570b\u7f8e\u98df\u54c1\u724c\uff1ahttps://www.kimkfoods.com\n\u2b50\ufe0f\u91d1\u5bb6\u311f\u5e03\u5e33\u99ac\u8eca\uff1ahttps://www.facebook.com/groups/2297603990535075/\n\u2b50\ufe0f\u91d1\u91dd\u83c7\u7684\u7c89\u5c08: https://www.facebook.com/Koreajinzhengu/\n\u2b50\ufe0f\u91d1\u91dd\u83c7\u7684IG: https://www.instagram.com/ggu__kim/\n\u2b50\ufe0f\u5408\u4f5c\u9080\u7d04\u8acb\u6d3dPressPlay\uff1ajinyoungkim@pressplay.cc\n\n\uff3f\uff3f\uff3f\uff3f\uff3f\uff3f\uff3f\uff3f\uff3f\uff3f\uff3f\uff3f\uff3f\uff3f\uff3f\uff3f\uff3f\uff3f\uff3f\uff3f\uff3f",
        "likeCount": "27080",
        "commentCount": "1082",
        "viewCount": "1303217"
    },
    "comments": [
        {
            "reply_id": "Ugw-wrrVxh2BAXN6xn94AaABAg",
            "reply_content": "\u53f0\u7063\u4eba\u770b\u4e86\u611f\u89ba\u597d\u5947\u602a"
        },
        {
            "reply_id": "UgyuioatTn5cjWwr5Mt4AaABAg",
            "reply_content": "\u9019\u6a23\u906e\u98df\u7269\u6c92\u610f\u7fa9\u963f"
        },
        {
            "reply_id": "UgyQf9TOEcLBmGXFmY14AaABAg",
            "reply_content": "\u8840\u8178\u771f\u7684\u883b\u591a\u4eba\u6703\u6015\u7684"
        },
        {
            "reply_id": "Ugwfss_hGeQp2PafUb94AaABAg",
            "reply_content": "\u597d\u559c\u6b61\u97d3\u570b\u98df\u7269\u4e5f\u597d\u559c\u6b61\u59b3\u4ecb\u7d39\u7684\u5f71\u7247\uff0c\u5e0c\u671b\u59b3\u80fd\u5e38\u5e38\u5206\u4eab\u97d3\u570b\u98df\u7269\u7d66\u6211\u5011"
        },
        {
            "reply_id": "UgzkAUugf4WW7m6wu894AaABAg",
            "reply_content": "\u8840\u8178\u6211\u4e5f\u7121\u6cd5"
        },
        {
            "reply_id": "Ugx4HHBIhvANP_Ym6At4AaABAg",
            "reply_content": "\u751f\u5403\u7ae0\u9b5a"
        },
        {
            "reply_id": "UgxRVT8FbR9Jdfgybah4AaABAg",
            "reply_content": "\u6709\u8ce3\u97d3\u570b\u72d7\u8089\u706b\u934b\u561b"
        },
        {
            "reply_id": "UgwEB1PUOVbOfBN13px4AaABAg",
            "reply_content": "\u6771\u5927\u9580\u7684\u99ac\u9234\u85af\u6392\u9aa8\u6e6f\u4e5f\u5f88\u597d\u5403"
        },
        {
            "reply_id": "UgxRplPu9YwSAeLeZZd4AaABAg",
            "reply_content": "\u671f\u5f85\u7b2c\u4e8c\u96c6"
        },
        {
            "reply_id": "UgzW1PrBEPo4Kq9oaGZ4AaABAg",
            "reply_content": "\u6211\u4e0d\u559c\u6b61\u9019\u500b\u5f71\u7247"
        },
        {
            "reply_id": "UgzrqUjJY-783J66P9F4AaABAg",
            "reply_content": "\u6700\u559c\u6b61\u5403\u70e4\u725b\u8178"
        },
        {
            "reply_id": "Ugxp5QfQJsZXTA5o1qJ4AaABAg",
            "reply_content": "\u53ef\u611b"
        },
        {
            "reply_id": "UgwmS6iIg48Moiq0C514AaABAg",
            "reply_content": "\u89ba\u5f97\u83c7\u53ef\u4ee5\u53bb\u627e\u5b6b\u69ae\u5e2b\u7236\u5408\u4f5c\u5f71\u7247\uff0c\u611f\u89ba\u83c7\u53ef\u4ee5\u5403\u5230\u5f88\u591a\u7279\u5225\u6599\u7406"
        },
        {
            "reply_id": "Ugy-axaWMZ2j900F7Fp4AaABAg",
            "reply_content": "\u6c92\u6709\u751f\u8783\u87f9"
        },
        {
            "reply_id": "UgwVoZf1s69OlOrlZtp4AaABAg",
            "reply_content": "\u53ef\u611b"
        },
        {
            "reply_id": "UgyI8PQldcyhCSJvPs54AaABAg",
            "reply_content": "\u6700\u8fd1\u662f\u4e0d\u662f\u80d6\u4e86\u4e00\u9ede\u9ede"
        },
        {
            "reply_id": "UgzeMtTWdt2s2jAsprd4AaABAg",
            "reply_content": "\u5f88\u611b\u770b\u91d1\u91dd\u83c7\u4ecb\u7d39\u7684\u7f8e\u98df\u7cfb\u5217"
        },
        {
            "reply_id": "UgymoiTOsEI4uwmqs054AaABAg",
            "reply_content": "\u559c\u6b61"
        },
        {
            "reply_id": "UgzYMPyupVuCD_AXtP94AaABAg",
            "reply_content": "\u611f\u89ba\u97d3\u570b\u7684\u84b8\u7cd5\u5f88\u50cf\u90a3\u5e74\u82b1\u958b\u6708\u6b63\u5713\u7684\u7511\u7cd5"
        },
        {
            "reply_id": "UgyVaLLZFGCH8EXt_nJ4AaABAg",
            "reply_content": "\u8d85\u60f3\u5ff5\u8840\u8178\u554a\u554a\u554a\u554a\u554a"
        },
        {
            "reply_id": "UgzkbKUtw8n6G9nAA6x4AaABAg",
            "reply_content": "\u770b\u91d1\u91dd\u83c7\u5403\u97d3\u5f0f\u6599\u7406\u4e0d\u6562\u5403\u8fa3\u7684\u6211\u90fd\u60f3\u5617\u8a66\u770b\u770b\u4e86\uff01"
        },
        {
            "reply_id": "UgzNjdTNCU_WkmHNsjh4AaABAg",
            "reply_content": "\u6771\u5927\u9580\u8d85\u7d1a\u7121\u6575\u597d\u5403"
        },
        {
            "reply_id": "Ugyunv75mGe5vIGm5Qh4AaABAg",
            "reply_content": "\u53ea\u8981\u6d3b\u5f97\u5feb\u6a02\u5c31\u662f\u6210\u529f\u4eba\u58eb\u5566"
        },
        {
            "reply_id": "UgyWPhUlZuwB7bILWIh4AaABAg",
            "reply_content": "\u6700\u8fd1\u8ff7\u4e0a\u5403\u91d1\u91dd\u83c7\u7684\u91d1\u5bb6\u87f9\u8089\u98ef\u7cf0"
        },
        {
            "reply_id": "Ugz0TO4UxSqOrAKajUZ4AaABAg",
            "reply_content": "\u6709\u6c92\u6709\u9ad8\u96c4\u5e97\u554a"
        }
    ]
}