{
    "video_info": {
        "id": "jesgAzwmXSI",
        "channelTitle": "\u97d3\u52fe\u311f\u91d1\u91dd\u83c7 \ucc10\uca50\uafb8",
        "title": "\u672c\u5cf6\u5403\u4e0d\u5230\u768410\u500b\u300c\u99ac\u7956\u7279\u8272\u7f8e\u98df\u300d\ud83d\udd25\u5fc5\u5403\u96b1\u85cf\u8001\u9152\u51b0\u6c99\u3001\u5728\u5730\u6d77\u9bae\u4f5b\u624b..\u98df\u617e\u5927\u7206\u767cVLOG\uff01\u4e0d\u5403\u592a\u53ef\u60dc\uff5c\u97d3\u52fe\u311f\u91d1\u91dd\u83c7 \ucc10\uca50\uafb8",
        "description": "#\u99ac\u7956 #\u99ac\u7956\u7f8e\u98df #\u5357\u7aff #\u5317\u7aff \n\n#\u99ac\u7956\u5357\u7aff\n1. \u6211\u4f4f\u7684\u6c11\u5bbf_\u6d25\u6c99\u5ba2\u68e7\uff1a\u7e7c\u5149\u9905\n2. \u8001\u9152\u8702\u871c\u51b0\u6c99\uff08\u5728\u6d25\u6c99\u90e8\u843d\u88e1\u9762\uff09\n3. \u7d05\u9eb4\u7c73\u7cd5\uff08\u5728\u6d25\u6c99\u90e8\u843d\u88e1\u9762\uff09\n4. \u4f9d\u5b24\u7684\u5e97\uff1a\u4f5b\u624b, \u6de1\u83dc\n5. \u6d25\u6c99\u5c0f\u7ba1\uff1a\u9b5a\u9eb5, \u70b8\u767d\u5e36\u9b5a\n6.\u5243\u9905\uff1a\u963f\u5a46(\u866b\u5f1f)\u9905\n\n\u5357\u7aff\u27a1\ufe0f\u5317\u7aff\n1. \u9435\u5821\n2. \u5abd\u7956\u5de8\u795e\u50cf\n3. \u6795\u6208\u5f85\u65e6\u7d00\u5ff5\u516c\u5712\n4. \u516b\u516b\u5751\u9053\n5. \u5317\u7aff\n\n\u5317\u7aff\n1. \u82b9\u58c1\u805a\u843d\n2. \u99ac\u7956\u64ad\u97f3\u7ad9\n3. \u82b9\u6c83\u5496\u5561\u70d8\u7119\u9928\uff1a\u8001\u9152\u8c6c\u8089\u6279\u85a9 \u8d85\u597d\u5403\n\n\u9084\u6709\uff1a\u93e1\u6c83\u5c0f\u5403\u90e8\u4e5f\u5f88\u597d\u5403 \u8001\u9152\u5473\u8d85\u55c6\n\n\u5e0c\u671b\u4f60\u5011\u559c\u6b61\u9019\u90e8\u5f71\u7247\n\u559c\u6b61\u5e6b\u6211\u8a02\u95b1\u6309\u8b9a\u5206\u4eab \u8a18\u5f97\u958b\u555f\u5c0f\u9234\u943a\u6536\u53d6\u65b0\u7247\u901a\u77e5\u5594\uff01\n\n\uff3f\uff3f\uff3f\uff3f\uff3f\uff3f\uff3f\uff3f\uff3f\uff3f\uff3f\uff3f\uff3f\uff3f\uff3f\uff3f\uff3f\uff3f\uff3f\uff3f\uff3f\n\n\u2b50\ufe0f\u91d1\u91dd\u83c7\u7684\u97d3\u570b\u7f8e\u98df\u54c1\u724c\uff1ahttps://www.kimkfoods.com\n\u2b50\ufe0f\u91d1\u5bb6\u311f\u5e03\u5e33\u99ac\u8eca\uff1ahttps://www.facebook.com/groups/2297603990535075/\n\u2b50\ufe0f\u91d1\u91dd\u83c7\u7684\u7c89\u5c08: https://www.facebook.com/Koreajinzhengu/\n\u2b50\ufe0f\u91d1\u91dd\u83c7\u7684IG: https://www.instagram.com/ggu__kim/\n\u2b50\ufe0f\u5408\u4f5c\u9080\u7d04\u8acb\u6d3dPressPlay\uff1ajinyoungkim@pressplay.cc\n\n\uff3f\uff3f\uff3f\uff3f\uff3f\uff3f\uff3f\uff3f\uff3f\uff3f\uff3f\uff3f\uff3f\uff3f\uff3f\uff3f\uff3f\uff3f\uff3f\uff3f\uff3f",
        "likeCount": "14306",
        "commentCount": "458",
        "viewCount": "696911"
    },
    "comments": [
        {
            "reply_id": "UgwIUnDdCAC2fag3oop4AaABAg",
            "reply_content": "\u5f9e\u4e0a\u53f0\u99ac\u8f2a\u6211\u5feb\u7b11\u6b7b\u4e86\u592a\u665a\u8d77\u4f86\u5269\u4e00\u500b\u9eb5\u5305 \u54c8\u54c8\u54c8"
        },
        {
            "reply_id": "UgwionLF8syrsw4ThPZ4AaABAg",
            "reply_content": "\u6211\u5e38\u5e38\u53bb\u99ac\u7956"
        },
        {
            "reply_id": "Ugzql6-a65QFWfZ5R554AaABAg",
            "reply_content": "\u4e0a\u7f51\u8ba2\u7684\u6c11\u5bbf\u5417"
        },
        {
            "reply_id": "Ugz5P1erWeFl702dFbV4AaABAg",
            "reply_content": "\u89aa\u773c\u770b\u5230\u771f\u7684\u5f88\u6d6a\u6f2b"
        },
        {
            "reply_id": "UgxzxPXH5N5jVfZYKgh4AaABAg",
            "reply_content": "\u6211\u5011\u5168\u5bb6\u516b\u6708\u4e5f\u8981\u53bb\u99ac\u7956"
        },
        {
            "reply_id": "Ugz9tq6RKglu31gG1wN4AaABAg",
            "reply_content": "\u597d\u68d2\u7684\u5f71\u7247"
        },
        {
            "reply_id": "Ugyn_rdY_sechpMj8lZ4AaABAg",
            "reply_content": "\u6b50\u5317\u7aff"
        },
        {
            "reply_id": "UgzoT-QQ8ki0cFex3gN4AaABAg",
            "reply_content": "\u53f0\u5357\u4e5f\u6709\u597d\u5403\u7684\u9b5a\u9eb5"
        },
        {
            "reply_id": "Ugyek3V4Vsj-rZ1KjHR4AaABAg",
            "reply_content": "\u7e7c\u5149\u9905\u597d\u96e3\u5403"
        },
        {
            "reply_id": "UgwpGY1OOFgdHxfg7lt4AaABAg",
            "reply_content": "\u7e7c\u5149\u9905\u5728\u5f88\u591a\u90f5\u5c40\u524d\u53ef\u4ee5\u8cb7\u5f97\u5230"
        },
        {
            "reply_id": "Ugwsly7Q-fFBs4dzre54AaABAg",
            "reply_content": "\u99ac\u7956\u9ad8\u7cb1\u5c31\u662f\u8b9a"
        },
        {
            "reply_id": "Ugzu4Ty_wJYoRCGbxrZ4AaABAg",
            "reply_content": "\u81fa\u7063\u7684\u96e2\u5cf6\u6c38\u9060\u662f\u6700\u7f8e\u7684"
        },
        {
            "reply_id": "UgwcLFmxUi4AggbgQgJ4AaABAg",
            "reply_content": "\u99ac\u7956\u7684\u8def\u5c31\u662f\u4e0a\u5761\u4e0b\u5761\u554a"
        },
        {
            "reply_id": "Ugw_xFkDaEw1rR9IeId4AaABAg",
            "reply_content": "\u7e7c\u5149\u9905\u597d\u50cf\u5728\u99ac\u4f86\u897f\u4e9e\u4e5f\u6709\u8a92\uff0c\u6c92\u8a18\u932f\u7684\u8a71\u7de3\u7531\u662f\u8ddf\u621a\u7e7c\u5149\u6709\u95dc\u4fc2"
        },
        {
            "reply_id": "UgxO96ssGauowPsRaC54AaABAg",
            "reply_content": "\u5982\u679c\u6709\u6a5f\u6703\u53ef\u4ee5\u53bb\u5927\u90b1\u5cf6\u770b\u770b\u6885\u82b1\u9e7f\uff5e\u4e5f\u5f88\u4e0d\u932f"
        },
        {
            "reply_id": "UgzreEdOpEr0tPf1BmB4AaABAg",
            "reply_content": "\u4f60\u4e0b\u6b21\u53ef\u4ee5\u53bb\u5abd\u7956\u7684\u6771\u5f15\u5cf6\u4e5f\u4e0d\u932f\u5594"
        },
        {
            "reply_id": "Ugy5gingEGDPh85Ims54AaABAg",
            "reply_content": "\u6211\u4ee5\u70ba\u53ea\u6709\u7fa9\u5927\u5229\u9eb5\u62ab\u85a9\u662f\u4e2d\u570b\u50b3\u904e\u53bb\u7684 \u6c92\u60f3\u5230\u8c9d\u679c\u4e5f\u662f"
        },
        {
            "reply_id": "Ugwc4K01X9PKVB4eSfN4AaABAg",
            "reply_content": "\u4f60\u9084\u5728\u99ac\u7956\u55ce"
        },
        {
            "reply_id": "UgyRxPvPnN0oEeHPRBt4AaABAg",
            "reply_content": "\u4ee5\u524d\u5728\u7576\u5175\u6642\u6709\u8cb7\u56de\u53bb\uff0c\u5403\u8d77\u4f86\u5f88\u50cf\u6cd5\u570b\u9eb5\u5305"
        },
        {
            "reply_id": "Ugxt3xxbkOXD7hEPXO14AaABAg",
            "reply_content": "\u5317\u7aff\u7576\u5175\u8def\u904e"
        },
        {
            "reply_id": "UgwemajwKU0MoZdDMSx4AaABAg",
            "reply_content": "\u770b\u5b8c\u6709\u9ede\u60f3\u518d\u53bb\u4e00\u6b21\u99ac\u7956\u4e86\n\u6709\u9ede\u61f7\u5ff5\u5728\u5357\u7aff\u7576\u5175\u7684\u90a3\u4e00\u5e74"
        },
        {
            "reply_id": "UgyS2wsJnsTFxdQZpYZ4AaABAg",
            "reply_content": "\u53ef\u611b\u7684\u91d1\u91dd\u83c7"
        },
        {
            "reply_id": "UgyhS8QdBAlFDbe2uy14AaABAg",
            "reply_content": "\u600e\u9ebc\u591a\u6c92\u6709\u7d20\u98df\u7684"
        },
        {
            "reply_id": "UgwCYOlm3quT6XPf7Yp4AaABAg",
            "reply_content": "\u7e7c\u5149\u9905\u5728\u53f0\u5317\u5357\u9580\u5e02\u5834\u6709\u8ce3"
        },
        {
            "reply_id": "Ugx6ZE36uC7f4orpmWp4AaABAg",
            "reply_content": "\u90a3\u500b\u6d77\u87d1\u8782\u6709\u9ede\u50cf\u6771\u5f15\u7684\u4e56\u4e56\n\u88ab\u54ac\u5230\u6703\u4e56\u4e56\u7684"
        }
    ]
}