{
    "video_info": {
        "id": "jYeaoFSWCsU",
        "channelTitle": "\u97d3\u52fe\u311f\u91d1\u91dd\u83c7 \ucc10\uca50\uafb8",
        "title": "\u6311\u6230\u5728\u65e5\u672c\u9a0e\u6a5f\u8eca\u6d41\u6d6a\ud83d\udd25\ud83d\udef5\u70cf\u9f8d\u9eb5\u6545\u9109\u9ad8\u677e/\u8df3\u5169\u500b\u5cf6\u65c5\u904a/\u65e5\u672c\u904a\u6700\u5f8c\u4e00\u96c6\uff5c\u97d3\u52fe\u311f\u91d1\u91dd\u83c7 \ucc10\uca50\uafb8",
        "description": "#\u9ad8\u677e #\u5c0f\u8c46\u5cf6 #\u76f4\u5cf6 #\u70cf\u9f8d\u9eb5 \n\n\u5f71\u7247\u4e2d\u4ecb\u7d39\u7684Surfshark \n\u7368\u5bb6\u512a\u60e0\u653e\u5728\u9019\u908a\u5594\uff01\n\u73fe\u5728\u9ede\u64ca https://surfshark.deals/GGU \u8f38\u5165\u512a\u60e0\u4ee3\u78bc [GGU] \n\u53ef\u4ee5\u7372\u5f97\u5c08\u5c6c\u512a\u60e0\u52a0\u984d\u59163\u500b\u6708\u514d\u8cbb\u5537\uff01\n\n\u5f71\u7247\u4e2d\u7684\u65c5\u904a\u8cc7\u8a0a\uff1a\n\n\ud83c\udf1f\u5496\u54e9\u70cf\u9f8d\u9eb5\uff1a\n\u3012760-0045 \u9999\u5ddd\u770c\u9ad8\u677e\u5e02\u53e4\u99ac\u5834\u753a\uff19\u221234\n\ud83c\udf1f\u81ea\u52a9\u5f0f\u70cf\u9f8d\u9eb5\uff1a\n\u3012760-0006 \u9999\u5ddd\u770c\u9ad8\u677e\u5e02\u4e80\u5ca1\u753a\uff12\u2212\uff12\uff13\n\ud83c\udf1f\u53ea\u6709\u65e5\u6587\u7684\u5c0f\u8c46\u5cf6\u5c45\u9152\u5c4b\uff08\u5357\u570b\uff09\uff1a\n\u3012761-4101 \u9999\u5ddd\u770c\u5c0f\u8c46\u90e1\u571f\u5e84\u753a\u75321480-5\n\ud83c\udf1f\u8d85Q\u7684\u5c0f\u8c46\u5cf6\u7d20\u9eb5\uff1a\n\u3012761-4301 \u9999\u5ddd\u770c\u5c0f\u8c46\u90e1\u5c0f\u8c46\u5cf6\u753a\u6c60\u75303936\n\n*\u611f\u8b1d\u7c89\u7d72\u88dc\u5145\uff1a\n- \u5f71\u7247\u4e2d\u63d0\u53ca\u7684\u7028\u6236\u5167\u6d77\u85dd\u8853\u796d\uff0c\u6bcf\u4e09\u5e74\u8209\u8fa6\u4e00\u6b21\uff0c\u6709\u8208\u8da3\u53ef\u4ee5\u518d\u770b\u6642\u9593\u67e5\u8a62\u770b\u770b\uff01\n- \u5982\u6709\u65e5\u672c\u79df\u8eca\u9700\u6c42\uff0c\u8a18\u5f97\u518d\u6839\u64da\u5404\u81ea\u570b\u5bb6\u898f\u5b9a\uff0c\u63d0\u524d\u505a\u6e96\u5099\u5537\uff01\n\n\n\u5e0c\u671b\u4f60\u5011\u559c\u6b61\u9019\u90e8\u5f71\u7247\n\u559c\u6b61\u5e6b\u6211\u8a02\u95b1\u6309\u8b9a\u5206\u4eab \u8a18\u5f97\u958b\u555f\u5c0f\u9234\u943a\u6536\u53d6\u65b0\u7247\u901a\u77e5\u5594\uff01\n\n\uff3f\uff3f\uff3f\uff3f\uff3f\uff3f\uff3f\uff3f\uff3f\uff3f\uff3f\uff3f\uff3f\uff3f\uff3f\uff3f\uff3f\uff3f\uff3f\uff3f\uff3f\n\n\u2b50\ufe0f\u91d1\u91dd\u83c7\u7684\u97d3\u570b\u7f8e\u98df\u54c1\u724c\uff1ahttps://www.kimkfoods.com\n\u2b50\ufe0f\u91d1\u5bb6\u311f\u5e03\u5e33\u99ac\u8eca\uff1ahttps://www.facebook.com/groups/2297603990535075/\n\u2b50\ufe0f\u91d1\u91dd\u83c7\u7684\u7c89\u5c08: https://www.facebook.com/Koreajinzhengu/\n\u2b50\ufe0f\u91d1\u91dd\u83c7\u7684IG: https://www.instagram.com/ggu__kim/\n\u2b50\ufe0f\u5408\u4f5c\u9080\u7d04\u8acb\u6d3dPressPlay\uff1ajinyoungkim@pressplay.cc\n\n\uff3f\uff3f\uff3f\uff3f\uff3f\uff3f\uff3f\uff3f\uff3f\uff3f\uff3f\uff3f\uff3f\uff3f\uff3f\uff3f\uff3f\uff3f\uff3f\uff3f\uff3f",
        "likeCount": "5875",
        "commentCount": "152",
        "viewCount": "300154"
    },
    "comments": [
        {
            "reply_id": "UgzfWR8Z-iNtAHoif0V4AaABAg",
            "reply_content": "\u6709\u5f35\u7167\u7247\u8ddf\u62cd\u8d77\u4f86\u8ddf\u83c7\u5abd\u597d\u50cf"
        },
        {
            "reply_id": "UgxEvzI8FEwgwP-biXZ4AaABAg",
            "reply_content": "\u51b2\u92d2\u8863\u4e0d\u9632\u5927\u96e8"
        },
        {
            "reply_id": "UgyrevSywBSLkxpYy_94AaABAg",
            "reply_content": "\u6709\u5f88\u591a\u5927\u8c61\u662f\u54ea\u4e00\u7a2e\u5927\u8c61"
        },
        {
            "reply_id": "UgwDNCuMQVk7AwoXh254AaABAg",
            "reply_content": "\u60f3\u77e5\u9053\u91d1\u91dd\u83c7\u5305\u5305\u7684\u54c1\u724c"
        },
        {
            "reply_id": "UgzH_IOB4iU2_FfYrtB4AaABAg",
            "reply_content": "\u5f88\u597d\u5947\u7684\u662f\u70ba\u4f55\u4e0d\u85c9\u7531\u985e\u4f3c\u7684\u65b9\u5f0f\u4ecb\u7d39\u97d3\u570b\u7d66\u53f0\u7063\u89c0\u773e\u8a8d\u8b58\u97d3\u570b\u5462\uff1f"
        },
        {
            "reply_id": "Ugz_nTFKMUd9QsjhUup4AaABAg",
            "reply_content": "\u65e5\u672c\u7684\u8239\u597d\u6f02\u4eae\uff0c\u53f0\u7063\u7684\u611f\u89ba\u5c31\u53ea\u662f\u4ea4\u901a\u5de5\u5177"
        },
        {
            "reply_id": "UgwBKec-qBfqBA5ifoB4AaABAg",
            "reply_content": "\u9ed1\u773c\u5708\u6709\u70b9\u6df1\u54e6"
        },
        {
            "reply_id": "Ugx0oQgHMTdaEMBpfAx4AaABAg",
            "reply_content": "\u91d1\u91dd\u83c7\u771f\u662f\u7f8e\u5973\u5e36\u6211\u5011\u770b\u770b\u65e5\u672c\u6211\u662f\u83c7\u7c89\u6c38\u9060\u652f\u6301\u4f60"
        },
        {
            "reply_id": "Ugx0MyJavhCemh1_oRp4AaABAg",
            "reply_content": "\u4e4c\u9f99\u9762\u662f\u4e4c\u51ac\u9762\u7684\u610f\u601d\u5417"
        },
        {
            "reply_id": "UgwIohcafZb2DlCtPWt4AaABAg",
            "reply_content": "\u76f4\u5cf6\u8ddf\u6de1\u8def\u5cf6\u53ef\u4ee5\u6392\u4e00\u8d77\uff0c\u6709\u76f4\u5cf6\u7f8e\u8853\u9928\u6839\u5730\u4e2d\u7f8e\u8853\u9928"
        },
        {
            "reply_id": "Ugz-6lBhTbFwmtLEqZt4AaABAg",
            "reply_content": "\u5c45\u7136\u662f\u52c1\u8c6a\u7684\u8eca\u6b38"
        },
        {
            "reply_id": "UgwixffklyHePKcJSvB4AaABAg",
            "reply_content": "\u5c0f\u8c46\u5cf6\u7684\u68af\u7530\u4e03\u516b\u6708\u53bb\u61c9\u8a72\u6703\u6bd4\u8f03\u597d\u770b \u4e4b\u524d\u53bb\u5f88\u6f02\u4eae"
        },
        {
            "reply_id": "UgwbezR3coM6uokjEAV4AaABAg",
            "reply_content": "\u9a0e\u8173\u8e0f\u8eca\u6211\u53ef\u4ee5"
        },
        {
            "reply_id": "UgxKb-We6GZTljLFHxZ4AaABAg",
            "reply_content": ""
        },
        {
            "reply_id": "UgxDYGhFLrqljfUIEWJ4AaABAg",
            "reply_content": "\u90a3\u500b\u8fce\u9762\u800c\u4f86\u7684\u5ec2\u578b\u8eca\u597d\u53ef\u6015"
        },
        {
            "reply_id": "UgyufU3Wb8aFQvFklQ54AaABAg",
            "reply_content": "\u91d1\u91dd\u83c7\u6709\u6c92\u6709\u53bb\u904e\u5c0d\u99ac\u5cf6"
        },
        {
            "reply_id": "UgybWa-14F1ssIKANNB4AaABAg",
            "reply_content": "\u5e0c\u671b\u53ef\u4ee5\u62cd\u642d\u65e5\u672c\u798f\u5ca1\u5230\u97d3\u570b\u91dc\u5c71\u7684\u8239"
        },
        {
            "reply_id": "Ugy39oBTWVYcRdQFwcZ4AaABAg",
            "reply_content": "\u5efa\u8b70\u91d1\u91dd\u83c7\u5728\u4ecb\u7d39\u81ea\u52a9\u70cf\u9f8d\u9eb5\u6642\u9084\u662f\u6234\u53e3\u7f69\u5728\u4ecb\u7d39\u6bd4\u8f03\u885b\u751f\u9ede\u54e6\u3002\u5176\u5be6\u65e5\u672c\u4eba\u5927\u591a\u4eba\u8981\u53bb\u5f04\u98df\u7269\u6642\u53e3\u7f69\u90fd\u6709\u6234\u4e0a\u3002"
        },
        {
            "reply_id": "UgwKDbOK3X95O4QwAZJ4AaABAg",
            "reply_content": "\u958b\u5834\u7684\u6d77\u666f\u4e0d\u932f\u8036"
        },
        {
            "reply_id": "UgzZsRS2hdJpT4y4LCF4AaABAg",
            "reply_content": "\u771f\u5fc3\u611b\u770b\u65e5\u672c\u65c5\u904a\u7cfb\u5217\u611f\u8b1d\u963f\u83c7 \u9019\u8eba\u884c\u7a0b\u5f88\u5145\u5be6"
        },
        {
            "reply_id": "UgzfsntR1klxnkiLixR4AaABAg",
            "reply_content": "\u982d\u9999"
        }
    ]
}