{
    "video_info": {
        "id": "lJPLzxOkVDY",
        "channelTitle": "\u97d3\u52fe\u311f\u91d1\u91dd\u83c7 \ucc10\uca50\uafb8",
        "title": "\u53f0\u7063\u4eba98%\u6c92\u5403\u904e\u7684\u4e94\u7a2e\u300c\u97d3\u570b\u7a00\u6709\u98df\u7269\u300d\u5c0b\u5bf6\u8a18\ud83d\udd25 \u7adf\u7136\u53ef\u4ee5\u5728\u53f0\u7063\u5403\uff01\uff01\ud83c\uddf0\ud83c\uddf7\uff5c\u97d3\u52fe\u311f\u91d1\u91dd\u83c7 \ucc10\uca50\uafb8",
        "description": "#\u97d3\u52fe\u311f\u91d1\u91dd\u83c7 #\u91d1\u5bb6\u311f #\u91d1\u5bb6\u311f\u5927\u98ef\u7cf0\n\n\u8036\ud83d\udd25\n\u91d1\u5bb6\u311f\u8b93\u5168\u5bb6\u518d\u6b21\u6380\u8d77\u97d3\u98a8\u5566\uff01\uff01\n\u9019\u6b21\u806f\u540d\u4e00\u51719\u500b\u54c1\u9805\u8981\u4e00\u6b21\u628a\u97d3\u570b\u5fc5\u5403\u7684\u7f8e\u98df\u901a\u901a\u5e36\u7d66\u5927\u5bb6\n\u8b93\u9084\u4e0d\u80fd\u53bb\u97d3\u570b\u7684\u4f60\u5011\u4e5f\u80fd\u4f86\u8ddf\u8457\u91d1\u5bb6\u311f\u4f86\u5834\u97d3\u98df\u5047\u671f\uff0c\u51fa\u767c\u5427\uff01\n-\n\u3010\u5168\u54c1\u9805\u6e05\u55ae\u3011\n\ud83c\udf1f\u5927\u98ef\u7cf0\u5168\u5dde\u98a8\u5473\u62cc\u98ef \uff0445\n\ud83c\udf1f\u97d3\u5f0f\u725b\u8089\u98ef\u5377\uff0459\n\ud83c\udf1f\u97d3\u5f0f\u725b\u8089\u62cc\u98ef\uff04119\n\ud83c\udf1f\u6ce1\u83dc\u8c6c\u8089\u5305\uff0435\n\ud83c\udf1f\u7d2b\u85af\u5730\u74dc\u5305\uff0425\n\ud83c\udf1f\u6625\u5ddd\u8d77\u53f8\u8fa3\u7092\u96de\u5305\uff0435\ud83d\udd586/29\u4e0a\u5e02\n\ud83c\udf1f\u7d05\u8c46\u5305\uff0425 \ud83d\udd586/29\u4e0a\u5e02\n\ud83c\udf1f\u9999\u8549\u725b\u5976\u5e03\u6717\u5c3c\u9177\u7e7d\u6c99\uff0460\n\ud83c\udf1f\u67da\u5b50\u91d1\u8431\u8336\u9177\u7e7d\u6c99\uff0460\n-\n\u63a5\u4e0b\u4f86\u7684\u4e00\u9031\u6211\u5011\u6703\u7d30\u7d30\u4ecb\u7d39\u6bcf\u4e00\u500b\u54c1\u9805\u7684\u7279\u8272\n\u7559\u8a00\u544a\u8a34\u6211\u5011\u4f60\u6700\u60f3\u5403\u7684\u662f\u54ea\u4e00\u500b\u5427\uff01\n-\n\u3010\u8ca9\u552e\u8cc7\u8a0a\u3011\n\u5730\u9ede\uff1a\u5168\u53f0\u5168\u5bb6 @familymart_tw\n\u6642\u9593\uff1a6/15\u4e0a\u5e02\uff0c\u6625\u5ddd\u8d77\u53f8\u8fa3\u7092\u96de\u5305\u3001\u7d05\u8c46\u5305 6/29 \u4e0a\u5e02\n-\n#\uae40\uc528\ub124 #\u91d1\u5bb6\u311f #\u97d3\u5f0f\u7f8e\u5473\u5728\u5bb6\u4eab\u7528 #\u5168\u5bb6\u311f\u806f\u540d #\u91d1\u5bb6\u311f\u97d3\u98df\u5047\u671f #\u5168\u5bb6\uff38\u91d1\u5bb6\u311f #\u5168\u5bb6\u4fbf\u5229\u5546\u5e97\n\n\n\u7a00\u6709\u98df\u7269\u8cc7\u8a0a\uff1a\n\n1. \u5c0f\u73ed \u53f0\u5317\u5e02\u5927\u5b89\u5340\u5fe0\u5b5d\u6771\u8def\u56db\u6bb5216\u5df711\u5f046\u865f \u5403\u7684\u98df\u7269\uff1a\u9183\u8766\u91ac\n2. \u97d3\u83ef\u5712 \u53f0\u5317\u5e02\u677e\u5c71\u5340\u516b\u5fb7\u8def\u4e09\u6bb5209\u865f \u767d\u7092\u78bc\u9eb5\n3. \u5168\u5bb6\u806f\u540d\u5546\u54c1\uff1a\u5834\u5730\u63d0\u4f9b\uff1a\u5168\u5bb6\u4fbf\u5229\u5546\u5e97 \u6339\u7fe0\u5e97\n4. SORI MUSIC (\u97d3\u570bKtv) \u53f0\u5317\u5e02\u5927\u5b89\u5340\u5ef6\u5409\u8857131\u5df726\u865fB1\n5. annyoung cafe \u53f0\u5317\u5e02\u5927\u5b89\u5340\u5ef6\u5409\u885770\u5df75\u5f042\u865f1\u6a13 \u5403\u7684\u98df\u7269\uff1a\u8702\u871c\u6d77\u82d4\u5e74\u7cd5\n\n\u5e0c\u671b\u4f60\u5011\u559c\u6b61\u9019\u90e8\u5f71\u7247\n\u559c\u6b61\u5e6b\u6211\u8a02\u95b1\u6309\u8b9a\u5206\u4eab \u8a18\u5f97\u958b\u555f\u5c0f\u9234\u943a\u6536\u53d6\u65b0\u7247\u901a\u77e5\u5594\uff01\n\n\uff3f\uff3f\uff3f\uff3f\uff3f\uff3f\uff3f\uff3f\uff3f\uff3f\uff3f\uff3f\uff3f\uff3f\uff3f\uff3f\uff3f\uff3f\uff3f\uff3f\uff3f\n\n\u2b50\ufe0f\u91d1\u91dd\u83c7\u7684\u97d3\u570b\u7f8e\u98df\u54c1\u724c\uff1ahttps://www.kimkfoods.com\n\u2b50\ufe0f\u91d1\u5bb6\u311f\u5e03\u5e33\u99ac\u8eca\uff1ahttps://www.facebook.com/groups/2297603990535075/\n\u2b50\ufe0f\u91d1\u91dd\u83c7\u7684\u7c89\u5c08: https://www.facebook.com/Koreajinzhengu/\n\u2b50\ufe0f\u91d1\u91dd\u83c7\u7684IG: https://www.instagram.com/ggu__kim/\n\u2b50\ufe0f\u5408\u4f5c\u9080\u7d04\u8acb\u6d3dPressPlay\uff1ajinyoungkim@pressplay.cc\n\n\uff3f\uff3f\uff3f\uff3f\uff3f\uff3f\uff3f\uff3f\uff3f\uff3f\uff3f\uff3f\uff3f\uff3f\uff3f\uff3f\uff3f\uff3f\uff3f\uff3f\uff3f",
        "likeCount": "18986",
        "commentCount": "768",
        "viewCount": "816125"
    },
    "comments": [
        {
            "reply_id": "UgzlK-iIiHCWs6tpvc54AaABAg",
            "reply_content": "\u6211\u4e0b\u6b21\u6703\u53bb\u5403\u5225\u7684"
        },
        {
            "reply_id": "UgyO_pfz8e8GZ8iy2a14AaABAg",
            "reply_content": "\u6211\u53ea\u5403\u904e\u98ef\u7cf0"
        },
        {
            "reply_id": "UgzZKwStenFOqlAssPZ4AaABAg",
            "reply_content": "\u5176\u5be6\u6211\u89ba\u5f97\u7d05\u8c46\u5305\u7684\u9905\u76ae\u662f\u4e0d\u662f\u8b8a\u4e86\uff0c\u7b2c\u4e00\u6b21\u8cb7\u7684\u6642\u5019\u5403\u8d77\u4f86\u771f\u7684\u5f88\u50cf\u97d3\u570b\u7684\u7d05\u8c46\u5305\uff0c\u7b2c\u4e8c\u6b21\u8cb7\u56de\u4f86\u5403\u9905\u76ae\u5b8c\u5168\u4e0d\u884c"
        },
        {
            "reply_id": "UgyKBnhwiy6ZLkp99el4AaABAg",
            "reply_content": "\u5e0c\u671b\u53ef\u4ee5\u51fa\u50cf\u5f71\u7247\u4e2d\u90a3\u6a23\u7684\u5e74\u7cd5\u5546\u54c1"
        },
        {
            "reply_id": "Ugx3pr8WCeL5llT_56x4AaABAg",
            "reply_content": "\u87f9\u818f\u5fa1\u98ef\u7cf0\u771f\u7684\u597d\u5403"
        },
        {
            "reply_id": "Ugy0d1V3gvStNZzEYMl4AaABAg",
            "reply_content": "\u7b2c\u4e09\u96c6"
        },
        {
            "reply_id": "UgyYXk7IwrILdgbtP814AaABAg",
            "reply_content": "\u91d1\u91dd\u83c7\u4f60\u73fe\u5728\u9084\u5728\u53f0\u7063\u55ce"
        },
        {
            "reply_id": "Ugy3n0AYT0U9nGeFzdV4AaABAg",
            "reply_content": "\u91d1\u5dde\u4e09\u89d2\u98ef\u7cf0\u597d\u5403"
        },
        {
            "reply_id": "UgxAL-4WPIjH09H3otF4AaABAg",
            "reply_content": "\u5f88\u8b9a\u5df2\u5165\u624b\u5690\u9bae\u91d1\u5bb6\u5305\u5b50"
        },
        {
            "reply_id": "UgzYMhciXstpjQ3STHd4AaABAg",
            "reply_content": "\u611f\u8b1d\u91d1\u91dd\u83c7"
        },
        {
            "reply_id": "UgxmJZlCCUVnf0RV6Dt4AaABAg",
            "reply_content": "\u5168\u5dde\u62cc\u98ef\u597d\u5403"
        },
        {
            "reply_id": "Ugyzr8uw1l7aYLUXxCt4AaABAg",
            "reply_content": "\u767d\u7092\u78bc\u9eb5\u770b\u8d77\u4f86\u5c31\u5f88\u50cf\u53f0\u7063\u7684\u6d77\u9bae\u6cb9\u9eb5\uff5e\u5927\u76f4\u5e02\u5834\u6709\u4e00\u5bb6\u5f88\u597d\u5403"
        },
        {
            "reply_id": "UgyagA-1mWlEfZJxSkd4AaABAg",
            "reply_content": "\u5c31\u4ec0\u9326\u9eb5\u554a"
        },
        {
            "reply_id": "Ugwp38dH2qpFRbQXOxd4AaABAg",
            "reply_content": "\u91d1\u91dd\u83c7\u592a\u53b2\u5bb3\u53ef\u4ee5\u4ecb\u7d39\u9019\u9ebc\u591a\u98df\u7269\uff0c\u8981\u662f\u6211\u5df2\u7d93\u6490\u6b7b\u4e86"
        },
        {
            "reply_id": "UgzVkp4XG1HbSG87Y6l4AaABAg",
            "reply_content": "\u767d\u7092\u746a\u611f\u89ba\u597d\u50cf\u662f\u53f0\u7063\u7684\u4ec0\u9326\u9eb5\u3002\u4ec0\u9ebc\u90fd\u6709\u7684\u9eb5"
        },
        {
            "reply_id": "UgxCmcfCNeFQLc8YS5V4AaABAg",
            "reply_content": "\u4e0d\u662f\u6bcf\u4e00\u5bb6\u5168\u5bb6\u90fd\u6709\u8ce3\u5305\u5b50"
        },
        {
            "reply_id": "UgzfhUh9llwK9KkW8ZZ4AaABAg",
            "reply_content": "\u597d\u50cf\u5713\u4e86"
        },
        {
            "reply_id": "UgzDEQceWVFRTdfprQV4AaABAg",
            "reply_content": "\u91d1\u91dd\u83c7\u597d\u53ef\u611b\u554a"
        },
        {
            "reply_id": "UgzZ6iqc7Vt7RWjO0zl4AaABAg",
            "reply_content": "\u5e0c\u671b\u963f\u83c7\u4f86\u53f0\u5357\u627e\u97d3\u570b\u9910\u5ef3"
        },
        {
            "reply_id": "Ugwvx60DbL1cYSVYG014AaABAg",
            "reply_content": "\u53f0\u5f0f\u6d77\u9bae\u9eb5\u5728\u5357\u90e8\u7684\u5473\u9053"
        },
        {
            "reply_id": "Ugyec8jHt7IGOl2h0OZ4AaABAg",
            "reply_content": "\u90a3\u500b\u559c\u6b61\u7d05\u8c46\u6ce5\u7684\u7b11\u8a71\u5f88\u6709\u8521\u54e5\u7684\u611f\u89ba"
        },
        {
            "reply_id": "UgxnMTS_L3hOAmxYBt54AaABAg",
            "reply_content": "\u83c7\u9019\u6a23\u597d\u50cf\u5927\u5b78\u751f\u5462"
        },
        {
            "reply_id": "UgzRAldwjhLp8ur-aMB4AaABAg",
            "reply_content": "\u6211\u89aa\u91d1\u91dd\u83c7"
        },
        {
            "reply_id": "UgyltJje04Z8ATuG5Ft4AaABAg",
            "reply_content": "\u9a19\u9322\u7684"
        },
        {
            "reply_id": "UgzmcKWKdB0M7uZUAfJ4AaABAg",
            "reply_content": "\u8d85\u7d1a\u671f\u5f85\u6625\u5ddd\u7092\u96de\u5305\u7684"
        }
    ]
}