{
    "video_info": {
        "id": "mpUFnw8rNRw",
        "channelTitle": "\u97d3\u52fe\u311f\u91d1\u91dd\u83c7 \ucc10\uca50\uafb8",
        "title": "\u7fbd\u7403\u968a\u5408\u9ad4\u5c0f\u65c5\u884c\ud83d\udd25\u5317\u6d77\u5cb8\u91d1\u5c71\u8d70\u6625\u63a8\u85a6\uff01\u91d1\u5305\u91cc\u8001\u8857\u3001\u5edf\u53e3\u9d28\u8089\u3001\u795e\u79d8\u6d77\u5cb8\uff0c\u4e00\u65e5\u904a\u8d70\u6625\u8d70\u8d77\u4f86\uff5c\u97d3\u52fe\u311f\u91d1\u91dd\u83c7 \ucc10\uca50\uafb8",
        "description": "\u597d\u6176\u5e78\u57282021\u80fd\u8a8d\u8b58\u5230\u7fbd\u7403\u968a\n\u5e0c\u671b\u65b0\u5e74\u5927\u5bb6\u90fd\u958b\u958b\u5fc3\u5fc3 \u5065\u5eb7\u7e7c\u7e8c\u7167\u9867\u5f7c\u6b64\uff01\n\u4e5f\u8b1d\u8b1dNB \u8b93\u6211\u5011\u8d70\u6625\u80fd\u6709\u65b0\u5e74\u7cfb\u5217\u642d\u914d\u7a7f\u65b0\u8863\u670d\u548c\u978b\u5b50\n\u5927\u5bb6\u559c\u6b61 \u53ef\u4ee5\u901b\u8d77\u4f86\uff01\n#\u5927\u5bb6\u597d\u6211\u5011\u662f\u7fbd\u7403\u968a#\u8521\u54e5\u963f\u5713#\u6797\u8431\u91d1\u91dd\u83c7\n#\u904e\u5e74 #\u65b0\u5e74\u5feb\u6a02 #\u8d70\u6625 #\u65b0\u5e74\u8d70\u6625\n \n\n[\u62bd\u734e\u5df2\u622a\u6b62]\n\u73fe\u5728\u53ea\u8981\u5728YT\u5f71\u7247\u4e0b\u7559\u8a00\u6216\u8ddf\u6211\u5206\u4eab\u4f60\u559c\u6b61\u54ea\u5957\u7a7f\u642d\n\u5c31\u5373\u6709\u6a5f\u6703\u62bd\u5230New Balance XC-72\n \u7e3d\u5171\u6703\u62bd\u51fa1\u4f4d\u5e78\u904b\u5152\uff0c\u6703\u662f\u4e00\u96d9XC72(\u4e0d\u6311\u8272)\u5f97\u4e3b\uff01\n\u62bd\u734e\u622a\u6b62\u6642\u9593\u5c31\u62bd\u52301\u6708\u5e95\uff0c\u9810\u8a08\u6703\u5728\u958b\u5de5\u5f8c\u516c\u4f48\u5f97\u734e\u8005\n\u5c46\u6642\u6703\u76f4\u63a5\u5728\u7559\u8a00\u8655\u56de\u8986\u54e6\uff0c\u5927\u5bb6\u53ef\u4ee5\u5728\u6ce8\u610f\u770b\u770b\uff01\n\u3010NB\u9580\u5e02\u9650\u5b9a\u3011\n\u3010NB\u864e\u5e74\u6eff\u984d\u8d08\u3011\u6d3b\u52d5\u65e5\u671f: \u5373\u65e5\u8d77\u81f32/13\n\n\n\u30fb\u9580\u6abb\u4e00:\n\u6d88\u8cbb\u6eff3600 \u73fe\u62b5300\n\n\u30fb\u9580\u6abb\u4e8c:\n\u6d88\u8cbb\u6eff6000 \u73fe\u62b5800\uff0c\u52a0\u8d08NB\u842c\u7528\u96a8\u8eab\u5305\n\n\u66f4\u591a327\u3001XC-72\u6b3e\u5f0f\u770b\u9019\u908a:https://reurl.cc/MbNVKX\n\n #AbetterBalance #\u7a7f\u4e0aNB\u8d70\u51fa\u597d\u904b #XC72\n\n\n\u5e0c\u671b\u4f60\u5011\u559c\u6b61\u9019\u90e8\u5f71\u7247\n\u559c\u6b61\u5e6b\u6211\u8a02\u95b1\u6309\u8b9a\u5206\u4eab \u8a18\u5f97\u958b\u555f\u5c0f\u9234\u943a\u6536\u53d6\u65b0\u7247\u901a\u77e5\u5594\uff01\n\n\uff3f\uff3f\uff3f\uff3f\uff3f\uff3f\uff3f\uff3f\uff3f\uff3f\uff3f\uff3f\uff3f\uff3f\uff3f\uff3f\uff3f\uff3f\uff3f\uff3f\uff3f\n\n\u2b50\ufe0f\u91d1\u5bb6\u311f\u5e03\u5e33\u99ac\u8eca\uff1ahttps://www.facebook.com/groups/2297603990535075/\n\u2b50\ufe0f\u91d1\u91dd\u83c7\u7684\u7c89\u5c08: https://www.facebook.com/Koreajinzhengu/\n\u2b50\ufe0f\u91d1\u91dd\u83c7\u7684IG: https://www.instagram.com/ggu__kim/\n\u2b50\ufe0f\u5408\u4f5c\u9080\u7d04\u8acb\u6d3dPressPlay\uff1ajinyoungkim@pressplay.cc\n\n\uff3f\uff3f\uff3f\uff3f\uff3f\uff3f\uff3f\uff3f\uff3f\uff3f\uff3f\uff3f\uff3f\uff3f\uff3f\uff3f\uff3f\uff3f\uff3f\uff3f\uff3f",
        "likeCount": "8446",
        "commentCount": "2133",
        "viewCount": "373984"
    },
    "comments": [
        {
            "reply_id": "UgyPM_TRcWgAxm_lU7h4AaABAg",
            "reply_content": "\u6797\u8431\u6700\u7f8e\u5566"
        },
        {
            "reply_id": "Ugz7hOEsRFeT_lm4__V4AaABAg",
            "reply_content": "\u82b1\u7247\u597d\u597d\u770b\u5594"
        },
        {
            "reply_id": "UgyOqJLFzHj73QAB2FV4AaABAg",
            "reply_content": "\u559c\u6b61\u83c7\u83c7\u7684\u5916\u5957\u597d\u597d\u770b"
        },
        {
            "reply_id": "Ugz857p6uTYvT2MeKQd4AaABAg",
            "reply_content": "\u559c\u6b61\u4f60\u5011\u56db\u4eba\u805a\u5728\u4e00\u8d77"
        },
        {
            "reply_id": "UgwpKHCzzFgfQf01Yzp4AaABAg",
            "reply_content": "\u760b\u72c2\u696d\u914d\u7cfb\u5217"
        },
        {
            "reply_id": "UgxuL3G-pgU1tOVBLG94AaABAg",
            "reply_content": "\u559c\u6b61\u91d1\u91dd\u83c7\u7a7f\u642d"
        },
        {
            "reply_id": "UgwJl6Yu52RVenvhKCN4AaABAg",
            "reply_content": "\u7fbd\u7403\u5f8c\u5bae\u5718\u51fa\u52d5"
        },
        {
            "reply_id": "UgwTKGA0TLCwImPQMeJ4AaABAg",
            "reply_content": "\u597d\u611b\u91d1\u91dd\u83c7\u7684\u7a7f\u642d"
        },
        {
            "reply_id": "Ugy3LeuJE1CclAbCDh54AaABAg",
            "reply_content": "\u6211\u9084\u6eff\u559c\u6b61\u6797\u8431\u7684\u7a7f\u642d\n\u65b0\u7684\u4e00\u5e74\u7fbd\u7403\u968a\u8981\u76f8\u89aa\u76f8\u611b"
        },
        {
            "reply_id": "UgymJ2J4BzwaF9FJJJN4AaABAg",
            "reply_content": "\u83c7\u7684\u5916\u5957\u771f\u7684\u597d\u597d\u770b"
        },
        {
            "reply_id": "UgxBbP_9A-S6kFD4pvB4AaABAg",
            "reply_content": "\u7a7f\u642d\u771f\u7684\u597d\u597d\u770b\u5594"
        },
        {
            "reply_id": "UgyW0lF3Y01dHueLkSt4AaABAg",
            "reply_content": "\u7fbd\u7403\u968a\u611f\u60c5\u8d85\u597d\u7684\u54c8\u54c8\u54c8\n\u8521\u54e5\u756b\u9f8d\u9ede\u775b\u7684\u611f\u89ba"
        },
        {
            "reply_id": "Ugxzh6H5aA6wciezKKB4AaABAg",
            "reply_content": "\u7fbd\u7403\u968a\u90fd\u5f88\u6703\u642d\u8036\uff01\u4e5f\u8a31\u4ee5\u5f8c\u54c1\u724c\u7a7f\u642d\u7684\u5408\u4f5c\u90fd\u53ef\u4ee5\u8003\u616e\u7fbd\u7403\u968a\u4e00\u8d77\u62cd\u9019\u6a23\u5404\u7a2e\u98a8\u683c\u90fd\u6709\u4e5f\u6703\u66f4\u751f\u706b\uff01"
        },
        {
            "reply_id": "UgyItUwMlN1TWD82RB14AaABAg",
            "reply_content": "\u6211\u6bd4\u8f03\u559c\u6b61\u91d1\u91dd\u83c7\u90a3\u5957\u54c8\u54c8\u54c8"
        },
        {
            "reply_id": "Ugzfz1K8ex6nKnNKsAZ4AaABAg",
            "reply_content": "\u6700\u559c\u6b61\u4f60\u5011\u4e86"
        },
        {
            "reply_id": "Ugw0-gx_VjrqTvqfFt14AaABAg",
            "reply_content": "\u7279\u5225\u559c\u6b61\u6797\u8431\u7684\u7a7f\u642d"
        },
        {
            "reply_id": "UgxeItKfwOMY1VqkPGJ4AaABAg",
            "reply_content": "\u963f\u91d1\u7684\u7a7f\u642d\u9084\u662f\u6bd4\u8f03\u597d\u770b"
        },
        {
            "reply_id": "UgyURSGt39SHSuTlIB54AaABAg",
            "reply_content": "\u4e00\u500b\u65b0\u7684\u5e73\u8861"
        },
        {
            "reply_id": "UgzFjUqIzJyCrfj1se14AaABAg",
            "reply_content": "\u5f88\u559c\u6b61\u7fbd\u7403\u968a\u62cd\u7684\u4e00\u7cfb\u5217\u5f71\u7247"
        },
        {
            "reply_id": "Ugw1ZHWPwgQrftim6jF4AaABAg",
            "reply_content": "\u5435\u5435\u9b27\u9b27\u7684\u7fbd\u7403\u968a\u5f71\u7247\u771f\u7684\u597d\u597d\u770b\uff0c\u8b93\u4eba\u5f88\u8212\u58d3\uff0c\u6700\u559c\u6b61\u91d1\u91dd\u83c7\u7a7f\u7684\u5916\u5957\u5f88\u6709\u8a2d\u8a08\u611f\u89ba\u5f97\u5f88\u7279\u5225"
        },
        {
            "reply_id": "UgyZmCERjX8-3nI_OJR4AaABAg",
            "reply_content": "\u6700\u559c\u6b61\u91d1\u91dd\u83c7\u7684\u7a7f\u642d"
        },
        {
            "reply_id": "UgyyCh9FIRWaLmB5het4AaABAg",
            "reply_content": "\u559c\u6b61\u5916\u5957\u642d\u978b\u5b50"
        },
        {
            "reply_id": "Ugx0GSC261k5PhaFfsp4AaABAg",
            "reply_content": "\u5e0c\u671b\u80fd\u591a\u770b\u5230\u7fbd\u7403\u968a\u7684\u5f71\u7247\u671f\u5f85\u8521\u54e5\u65b0\u5bb6\u958b\u7bb1"
        },
        {
            "reply_id": "UgzZB0tGUZXhqLbyJJR4AaABAg",
            "reply_content": "\u91d1\u91dd\u83c7\u4e5f\u592a\u53ef\u611b\u4e86\u5427"
        },
        {
            "reply_id": "Ugwxhe49xckogKFjPXN4AaABAg",
            "reply_content": "\u7b2c\u56db\u5b63\u5565\u6642\u53bb\u65e5\u672c\u4e86"
        }
    ]
}