{
    "video_info": {
        "id": "MzhLw__GHdY",
        "channelTitle": "\u97d3\u52fe\u311f\u91d1\u91dd\u83c7 \ucc10\uca50\uafb8",
        "title": "\u97d3\u570b\u91d1\u7684\u53f0\u53576\u9593\u8fd1\u300c\u767e\u5e74\u8001\u5e97\u300d\u63a2\u96aa\u8a18\ud83d\udd25\u4e0d\u540c\u53f0\u5357\u5e02\u5340\u7684\u7368\u5bb6\u9053\u5730\u53e3\u5473\uff01\u5fc5\u770b\uff01\u6700\u611b\u5403\u8001\u5e97\u4e86\u2764\ufe0f\u3010\u767e\u5e74\u8001\u5e97\u7cfb\u5217#5\u3011\u97d3\u52fe\u311f\u91d1\u91dd\u83c7 \ucc10\uca50\uafb8\uff5c\u97d3\u52fe\u311f\u91d1\u91dd\u83c7 \ucc10\uca50\uafb8",
        "description": "#\u53f0\u5357 #\u53f0\u5357\u7f8e\u98df #\u53f0\u5357\u767e\u5e74\u8001\u5e97\n\n\u4ee5\u4e0b\u662f\u9910\u5ef3\u8cc7\u8a0a\n\ud83c\udf1f\u9b0d\u9b1a\u8c6c\u982d\u98ef\n\u53f0\u5357\u5e02\u9e7d\u6c34\u5340\u5357\u9580\u8def89\u865f\n\n\ud83c\udf1f\u5b78\u7532\u8671\u76ee\u9b5a\u7ca5\n\u53f0\u5357\u5e02\u5b78\u7532\u5340\u4e2d\u6b63\u8def188\u865f\n\n\ud83c\udf1f\u767e\u5e74\u8001\u5e97 \u5927\u8178\u7ca5\n\u53f0\u5357\u5e02\u4f73\u91cc\u5340\u4f73\u91cc\u8208442\u865f\n\n\ud83c\udf1f\u9f8d\u6cc9\u51b0\u5e97\n\u53f0\u5357\u5e02\u9ebb\u8c46\u5340\u5e73\u7b49\u8def2-4\u865f\n\n\ud83c\udf1f\u54c1\u9999\u8001\u51b0\u5e97\n\u53f0\u5357\u5e02\u9ebb\u8c46\u5340\u5149\u5fa9\u8def112\u865f\n\n\ud83c\udf1f\u963f\u6e90\u9c54\u9b5a\u610f\u9eb5\n\u53f0\u5357\u5e02\u4e2d\u897f\u5340\u6210\u529f\u8def399\u865f\n\n\u5e0c\u671b\u4f60\u5011\u559c\u6b61\u9019\u90e8\u5f71\u7247\n\u559c\u6b61\u5e6b\u6211\u8a02\u95b1\u6309\u8b9a\u5206\u4eab \u8a18\u5f97\u958b\u555f\u5c0f\u9234\u943a\u6536\u53d6\u65b0\u7247\u901a\u77e5\u5594\uff01\n\n\uff3f\uff3f\uff3f\uff3f\uff3f\uff3f\uff3f\uff3f\uff3f\uff3f\uff3f\uff3f\uff3f\uff3f\uff3f\uff3f\uff3f\uff3f\uff3f\uff3f\uff3f\n\n\u2b50\ufe0f\u91d1\u91dd\u83c7\u7684\u97d3\u570b\u7f8e\u98df\u54c1\u724c\uff1ahttps://www.kimkfoods.com\n\u2b50\ufe0f\u91d1\u5bb6\u311f\u5e03\u5e33\u99ac\u8eca\uff1ahttps://www.facebook.com/groups/2297603990535075/\n\u2b50\ufe0f\u91d1\u91dd\u83c7\u7684\u7c89\u5c08: https://www.facebook.com/Koreajinzhengu/\n\u2b50\ufe0f\u91d1\u91dd\u83c7\u7684IG: https://www.instagram.com/ggu__kim/\n\u2b50\ufe0f\u5408\u4f5c\u9080\u7d04\u8acb\u6d3dPressPlay\uff1ajinyoungkim@pressplay.cc\n\n\uff3f\uff3f\uff3f\uff3f\uff3f\uff3f\uff3f\uff3f\uff3f\uff3f\uff3f\uff3f\uff3f\uff3f\uff3f\uff3f\uff3f\uff3f\uff3f\uff3f\uff3f",
        "likeCount": "16107",
        "commentCount": "688",
        "viewCount": "870999"
    },
    "comments": [
        {
            "reply_id": "Ugyn2hCx8tXvtSyNe6Z4AaABAg",
            "reply_content": "\u4e2d\u6587\u771f\u597d"
        },
        {
            "reply_id": "Ugzb8w6P4OxlrkvYK0h4AaABAg",
            "reply_content": "\u908a\u5403\u9b0d\u9b1a\u8c6c\u982d\u98ef\u914d\u9999\u8178\u908a\u770b\u7247"
        },
        {
            "reply_id": "UgxLSttgdGwuUlH9pPR4AaABAg",
            "reply_content": "\u8c6c\u982d\u98ef\u611f\u89ba\u597d\u4e7e"
        },
        {
            "reply_id": "Ugwov_B6GulesBpr9nF4AaABAg",
            "reply_content": "\u8d85\u7d1a\u559c\u6b61\u91d1\u91dd\u83c7\u7684"
        },
        {
            "reply_id": "UgxTiHjQDZIVAd3SSSV4AaABAg",
            "reply_content": "\u4f86\u62cd\u5f70\u5316\u5427"
        },
        {
            "reply_id": "UgyiV7hK5GVP6s_DPbV4AaABAg",
            "reply_content": "\u82b1\u84ee\u53ef\u4ee5\u554a"
        },
        {
            "reply_id": "Ugyse_7mz_kN2mXftgR4AaABAg",
            "reply_content": "\u771f\u7684\u5728\u5730\u4eba\u6703\u53bb\u9ede\u5fc3\u57ce\uff0c\u5916\u4f86\u5ba2\u624d\u6703\u53bb\u59b3\u8aaa\u7684\u5e97\u5bb6\u5427"
        },
        {
            "reply_id": "Ugzcx8IgLYHJtbO_qbJ4AaABAg",
            "reply_content": "\u91d1\u91dd\u83c7\u6709\u8003\u616e\u62cd\u4e00\u500b\u7279\u8f2f\u6216\u662f\u4f01\u5283\u95dc\u65bc\u9e7d\u6c34\u8702\u70ae\u6d3b\u52d5"
        },
        {
            "reply_id": "UgytcR8HTRjtiWvtp9x4AaABAg",
            "reply_content": "\u771f\u53ef\u611b\u7684\u97d3\u570b\u7f8e\u5973"
        },
        {
            "reply_id": "UgwzHiG-bidtoKCmxU94AaABAg",
            "reply_content": "\u53f0\u5357\u767e\u5e74\u8001\u5e97\u505a\u5230\u53f0\u5357\u4eba\u81ea\u5df1\u90fd\u6c92\u5403\u904e\u6703\u4e0d\u6703\u592a\u5931\u6557"
        },
        {
            "reply_id": "Ugw98iwdQo8xe4LtaBF4AaABAg",
            "reply_content": "\u59b3\u597d\u53ef\u611b"
        },
        {
            "reply_id": "UgwzQglrBj3nxpM9PZ14AaABAg",
            "reply_content": "\u91d1\u91dd\u83c7\u662f\u4e0d\u662f\u8b8a\u6f02\u4eae\u4e86\u554a"
        },
        {
            "reply_id": "Ugy-cNU3WUNKaXGL4_x4AaABAg",
            "reply_content": "\u5e38\u4e0b\u53f0\u5357\n\u83c7\u7adf\u7136\u4f86\u5230\u6211\u5bb6\u9644\u8fd1\u7684\u6b77\u53f2\u535a\u7269\u9928"
        },
        {
            "reply_id": "UgyfXfUP8B9nHeoRXPF4AaABAg",
            "reply_content": "\u8d85\u5404\u5e7e\u5df4\u6e2f"
        },
        {
            "reply_id": "Ugw06G5CqbrdcVyltbJ4AaABAg",
            "reply_content": "\u5b9c\u862d\u6b61\u8fce\u60a8\u54e6"
        },
        {
            "reply_id": "UgyUeH47gC807vCejgl4AaABAg",
            "reply_content": "\u6b61\u8fce\u60a8\u4f86\u5b9c\u862d\u5403"
        },
        {
            "reply_id": "Ugzz1J7AMiIzxnvnzo54AaABAg",
            "reply_content": "\u767c\u73fe\u83c7\u83c7\u771f\u7684\u597d\u5e38\u4f86\u53f0\u5357\u54c8\u54c8\u54c8\u54c8\u54c8\uff0c\u597d\u50cf\u6bd4\u6211\u9019\u500b\u53f0\u5357\u4eba\u9084\u8981\u4e86\u89e3\u53f0\u5357\u4e86\u5566"
        },
        {
            "reply_id": "Ugy3czdZwZGQ6HB9gFd4AaABAg",
            "reply_content": "\u91d1\u91dd\u83c7\u771f\u7684\u662f\u53ef\u611b\u5230\u7206\u70b8"
        },
        {
            "reply_id": "Ugxz1OaASYowFiVfXjp4AaABAg",
            "reply_content": "\u597d\u597d\u5403\u5594"
        },
        {
            "reply_id": "Ugwncj8JeCCqsE1cq_N4AaABAg",
            "reply_content": "\u8671\u76ee\u9b5a\u982d\u7684\u5634\u5507\u4e0a\u984e\u548c\u5169\u908a\u81c9\u9830\u6700\u597d\u5403"
        },
        {
            "reply_id": "Ugw0gOdjDVkcJJjYWYJ4AaABAg",
            "reply_content": "\u4e0d\u662f\u53f0\u5357\u4eba\u6c92\u5403\u904e\u3001\u662f\u53f0\u5357\u4eba\u4e0d\u6703\u53bb\u5403\u89c0\u5149\u5ba2\u5e97"
        },
        {
            "reply_id": "UgyDAc-zTLiAUeI5-P14AaABAg",
            "reply_content": "\u8acb\u554f\u6709\u4eba\u77e5\u9053\u91d1\u91dd\u83c7\u7684\u4e0a\u8863\u5728\u54ea\u908a\u8cb7\u5f97\u5230\u55ce\uff1f"
        },
        {
            "reply_id": "Ugwq-AGfNXEuMU-GcYF4AaABAg",
            "reply_content": "\u5c31\u6c7a\u5b9a\u8981\u885d\u53f0\u5357\u4e86"
        },
        {
            "reply_id": "Ugw_m4227dB2CpLccaF4AaABAg",
            "reply_content": "\u53ef\u4ee5\u4f86\u65b0\u71df\u6709\u4e00\u5bb6\u5f88\u6709\u540d\u7684\u7092\u98ef\u5f88\u597d\u5403\u8d85\u63a8\n\u4ed6\u7684\u9b5a\u809a\u98ef"
        },
        {
            "reply_id": "UgzLhhRNCRFZAqun36N4AaABAg",
            "reply_content": "\u8d85\u611b\u770b\u83c7\u83c7\u5403\u5403\u559d\u559d"
        }
    ]
}