{
    "video_info": {
        "id": "n2PdTnhFFV4",
        "channelTitle": "\u97d3\u52fe\u311f\u91d1\u91dd\u83c7 \ucc10\uca50\uafb8",
        "title": "\u897f\u73ed\u7259\u6211\u5011\u4f86\u4e86\ud83c\uddea\ud83c\uddf8\uff01\u5df4\u585e\u9686\u90a34\u59293\u591c\u7f8e\u98df\u904a \u767e\u5e74\u5fc5\u53bb\u5409\u62ff\u68d2/\u8056\u5bb6\u5802/\u7c73\u62c9\u4e4b\u5bb6/\u767e\u5e74\u5e02\u5834La Boqueria/\u6d77\u9bae\u71c9\u98ef \u897f\u73ed\u7259\u5be6\u5728\u592a\u597d\u73a9\u4e86\uff01\uff01\ud83d\udd25\u516c\u958b\u548cPazzo\u7684\u806f\u540d\uff5c\u97d3\u52fe\u311f\u91d1\u91dd\u83c7 \ucc10\uca50\uafb8",
        "description": "\u4e45\u9055\u7684 #\u91d1\u7444CP \u6b50\u6d32\u65c5\u904a\uff5e\uff5e\n\u9019\u6b21\u4f86\u5230\u897f\u73ed\u7259\u65c5\u904a\uff01\u9019\u908a\u7684\u7f8e\u98df\u90fd\u597d\u5408\u6211\u7684\u80c3\u53e3\u800c\u4e14\n\u6eff\u6eff\u7684\u85dd\u8853\u6c23\u606f \u5be6\u5728\u592a\u559c\u6b61\uff5e\ud83c\uddea\ud83c\uddf8 \u883b\u63a8\u85a6\u5927\u5bb6\u53bb\u7684\uff01\n\uff01\uff01\n\u7136\u5f8c\u5f71\u7247\u4e2d\u7684 \u8863\u670d\u90fd\u662f \u6211\u548cpazzo\u7684\u806f\u540d\u6b3e\n\u7b2c\u4e00\u6b21\u670d\u98fe\u806f\u540d \u5e0c\u671b\u5927\u5bb6\u559c\u6b61\n\u4e0b\u79ae\u62dc\u4e00 \u65e9\u4e0a10\u9ede\u958b\u8ce3\u5537\uff5e \n\u5e0c\u671b\u5927\u5bb6\u90fd\u8457 GGUD DAY GGUD LIFE\u2764\ufe0f\n\nPazzo X Ggu kim \nhttps://reurl.cc/p5XgEl\n\n#GGUDDAYGGUDLIFE\n#\u897f\u73ed\u7259\u904a\n\n\u897f\u73ed\u7259\u6211\u5011\u4f86\u4e86\ud83c\uddea\ud83c\uddf8\uff01Barcelona 4\u59293\u591c\u7f8e\u98df\u904a\n\u5fc5\u53bb\u5409\u62ff\u68d2/\u8056\u5bb6\u5802/\u7c73\u62c9\u4e4b\u5bb6/\u767e\u5e74\u5e02\u5834La Boqueria/\u6d77\u9bae\u71c9\u98ef \u897f\u73ed\u7259\u5be6\u5728\u592a\u597d\u73a9\u4e86\uff01\uff01\ud83d\udd25\u516c\u958b\u548cPazzo\u7684\u806f\u540d\n\n\u5e0c\u671b\u4f60\u5011\u559c\u6b61\u9019\u90e8\u5f71\u7247\n\u559c\u6b61\u5e6b\u6211\u8a02\u95b1\u6309\u8b9a\u5206\u4eab \u8a18\u5f97\u958b\u555f\u5c0f\u9234\u943a\u6536\u53d6\u65b0\u7247\u901a\u77e5\u5594\uff01\n\n\uff3f\uff3f\uff3f\uff3f\uff3f\uff3f\uff3f\uff3f\uff3f\uff3f\uff3f\uff3f\uff3f\uff3f\uff3f\uff3f\uff3f\uff3f\uff3f\uff3f\uff3f\n\n\u2b50\ufe0f\u91d1\u91dd\u83c7\u7684\u97d3\u570b\u7f8e\u98df\u54c1\u724c\uff1ahttps://www.kimkfoods.com\n\u2b50\ufe0f\u91d1\u5bb6\u311f\u5e03\u5e33\u99ac\u8eca\uff1ahttps://www.facebook.com/groups/2297603990535075/\n\u2b50\ufe0f\u91d1\u91dd\u83c7\u7684\u7c89\u5c08: https://www.facebook.com/Koreajinzhengu/\n\u2b50\ufe0f\u91d1\u91dd\u83c7\u7684IG: https://www.instagram.com/ggu__kim/\n\u2b50\ufe0f\u5408\u4f5c\u9080\u7d04\u8acb\u6d3dPressPlay\uff1ajinyoungkim@pressplay.cc\n\n\uff3f\uff3f\uff3f\uff3f\uff3f\uff3f\uff3f\uff3f\uff3f\uff3f\uff3f\uff3f\uff3f\uff3f\uff3f\uff3f\uff3f\uff3f\uff3f\uff3f\uff3f",
        "likeCount": "6168",
        "commentCount": "160",
        "viewCount": "335765"
    },
    "comments": [
        {
            "reply_id": "UgzcmFK7QE3CrdRdXdB4AaABAg",
            "reply_content": "\u83c7\u83c7\u660e\u986f\u6c23\u8272\u4e0d\u597d\u5225\u592a\u7d2f\u4e5f\u5225\u592a\u7626"
        },
        {
            "reply_id": "Ugzq8K7DwMP3zOxmnIV4AaABAg",
            "reply_content": "\u6b50\u5dde\u83c7\u6bd4\u975e\u5dde\u83c7\u767d"
        },
        {
            "reply_id": "UgzSY5Mc06eB3YhU5UB4AaABAg",
            "reply_content": "\u6252\u624b\u4e5f\u8d85\u591a\u7684\u570b\u5bb6"
        },
        {
            "reply_id": "UgyzKFjTp7KF4wN3g654AaABAg",
            "reply_content": "\u63a8\u5751\u63a8\u8d77\u4f86"
        },
        {
            "reply_id": "UgxN5dQGM7yCwP0skmx4AaABAg",
            "reply_content": "\u570b\u5bb6\u8cfd\u5c40\u7406\u8ad6"
        },
        {
            "reply_id": "UgyBU3UhL-L9wr_uYTR4AaABAg",
            "reply_content": "\u83c7\u83c7\u662f\u6700\u68d2\u7684"
        },
        {
            "reply_id": "Ugw2eAapLhyLpcWgmgR4AaABAg",
            "reply_content": "\u597d\u4e45\u6ca1\u770b\u5230\u4f60\u4eec\u7fbd\u7403\u961f\u4e00\u8d77\u62cd\u7247\u4e86"
        },
        {
            "reply_id": "UgyupNXGbKtOOJG5uct4AaABAg",
            "reply_content": "\u4ee5\u8863\u670d\u7f8e\u666f\u4eba\u4e32\u8d77\u4f86\u7684\u5f71\u7247 \u98df\u7269\u5f88\u50cf\u8b8a\u5f97\u4e0d\u592a\u50cf\u91cd\u9ede"
        },
        {
            "reply_id": "UgzUljKEO6GNmEw-iYh4AaABAg",
            "reply_content": "\u6bcf\u6b21\u770b\u5230\u83c7\u7684\u8179\u808c\u90fd\u81ea\u6b4e\u4e0d\u5982"
        },
        {
            "reply_id": "UgxsdaDbMLQvb9H5xft4AaABAg",
            "reply_content": "\u9019\u96c6\u897f\u73ed\u7259\u5f71\u7247\u5167\u5bb9\u5f88\u8c50\u5bcc\u6d77\u9bae\u71c9\u98ef\u4efd\u91cf\u5341\u8db3\u5169\u4f4d\u6311\u7684\u8863\u670d\u90fd\u5f88\u597d\u770b\u611f\u8b1d\u5206\u4eab"
        }
    ]
}