{
    "video_info": {
        "id": "nHcqCHuZH9c",
        "channelTitle": "\u97d3\u52fe\u311f\u91d1\u91dd\u83c7 \ucc10\uca50\uafb8",
        "title": "\u53f0\u7063\u4eba98\uff05\u4e0d\u77e5\u9053\u7684\u97d3\u570b\u9053\u5730\u98df\u7269\u203c\ufe0f\u6bd4\u8f03\u53f0\u97d35\u7a2e\u300c\u76f8\u4f3c\u98df\u7269\u300d\u600e\u9ebc\u6709\u9ede\u50cf\uff1f\uff5c\u97d3\u52fe\u311f\u91d1\u91dd\u83c7 \ucc10\uca50\uafb8",
        "description": "#\u56de\u97d3\u570b\u7cfb\u5217\u756a\u5916\u7bc7\n#\u97d3\u52fe\u311f\u91d1\u91dd\u83c7\n\n\u53f0\u7063\u4eba98\uff05\u4e0d\u77e5\u9053\u7684\u97d3\u570b\u9053\u5730\u98df\u7269\u203c\ufe0f\u6bd4\u8f03\u53f0\u97d35\u7a2e\u300c\u76f8\u4f3c\u98df\u7269\u300d\u600e\u9ebc\u6709\u9ede\u50cf\uff1f\n\n\n\u5e0c\u671b\u4f60\u5011\u559c\u6b61\u9019\u90e8\u5f71\u7247\n\u559c\u6b61\u5e6b\u6211\u8a02\u95b1\u6309\u8b9a\u5206\u4eab \u8a18\u5f97\u958b\u555f\u5c0f\u9234\u943a\u6536\u53d6\u65b0\u7247\u901a\u77e5\u5594\uff01\n\n\uff3f\uff3f\uff3f\uff3f\uff3f\uff3f\uff3f\uff3f\uff3f\uff3f\uff3f\uff3f\uff3f\uff3f\uff3f\uff3f\uff3f\uff3f\uff3f\uff3f\uff3f\n\n\u2b50\ufe0f\u91d1\u91dd\u83c7\u7684\u97d3\u570b\u7f8e\u98df\u54c1\u724c\uff1ahttps://www.kimkfoods.com\n\u2b50\ufe0f\u91d1\u5bb6\u311f\u5e03\u5e33\u99ac\u8eca\uff1ahttps://www.facebook.com/groups/2297603990535075/\n\u2b50\ufe0f\u91d1\u91dd\u83c7\u7684\u7c89\u5c08: https://www.facebook.com/Koreajinzhengu/\n\u2b50\ufe0f\u91d1\u91dd\u83c7\u7684IG: https://www.instagram.com/ggu__kim/\n\u2b50\ufe0f\u5408\u4f5c\u9080\u7d04\u8acb\u6d3dPressPlay\uff1ajinyoungkim@pressplay.cc\n\n\uff3f\uff3f\uff3f\uff3f\uff3f\uff3f\uff3f\uff3f\uff3f\uff3f\uff3f\uff3f\uff3f\uff3f\uff3f\uff3f\uff3f\uff3f\uff3f\uff3f\uff3f",
        "likeCount": "23580",
        "commentCount": "1649",
        "viewCount": "916078"
    },
    "comments": [
        {
            "reply_id": "Ugxfj2YOSwYyuH02GD54AaABAg",
            "reply_content": "\u9019\u6a23\u7684\u6bd4\u8f03\u771f\u7684\u89ba\u5f97\u597d\u9177\u554a"
        },
        {
            "reply_id": "UgxJMDHzpDorDkRDfvB4AaABAg",
            "reply_content": "\u6a61\u5be6\u6dbc\u7c89\u8ddf\u6dbc\u62cc\u7897\u8c46\u7c89\u6bd4\u8f03\u50cf\u5427\u96d6\u7136\u662f\u6ec7\u7dec\u6599\u7406\ud83d\ude05"
        },
        {
            "reply_id": "UgwblASWe8WX3-ZdVoF4AaABAg",
            "reply_content": "\u771f\u662f\u6587\u5316\u885d\u64ca"
        },
        {
            "reply_id": "Ugwj0CEfj4FPAv_AWO14AaABAg",
            "reply_content": "\u5176\u5be6\u53f0\u7063\u4e5f\u6709\u8840\u8178\u5594\uff01\u53f0\u7063\u7684\u539f\u4f4f\u6c11\u5c24\u5176\u6392\u7063\u65cf\u3001\u9b6f\u51f1\u65cf\u90fd\u6703\u5728\u5a5a\u79ae\u6216\u796d\u5100\u7684\u6642\u5019\u90fd\u6703\u88fd\u4f5c"
        },
        {
            "reply_id": "Ugwm_tU-fY7cBYlxt5F4AaABAg",
            "reply_content": "\u6dbc\u7c89"
        },
        {
            "reply_id": "UgxqPvb8ZKLILGM8rQt4AaABAg",
            "reply_content": "\u725b\u8840\u7684\u53e3\u611f\u611f\u89ba\u8ddf\u8c6c\u8840\u6e6f\u53e3\u611f\u5f88\u50cf"
        },
        {
            "reply_id": "Ugwnns27GOlYHilWq954AaABAg",
            "reply_content": "\u60f3\u8aaa\u8c46\u6f3f\u9eb5\u8d85\u597d\u5403"
        },
        {
            "reply_id": "UgynlgdbYjezsF2vJVF4AaABAg",
            "reply_content": "\u9084\u53ef\u4ee5\u8a66\u8a66\u5c0f\u7c60\u5305"
        },
        {
            "reply_id": "UgzVly3Q_gw5wqjUOix4AaABAg",
            "reply_content": "\u6a61\u5be6\u7c89\u611f\u89ba\u548c\u4ed9\u8349\u6bd4\u8f03\u50cf\n\u91d1\u91dd\u83c7\u53ef\u4ee5\u5617\u8a66\u770b\u770b"
        },
        {
            "reply_id": "UgxEPcIS2qKzP1pXBp14AaABAg",
            "reply_content": "\u8981\u6559\u6211\u5011\u505a\u8c46\u6f3f\u9eb5\u55ce"
        },
        {
            "reply_id": "Ugw7KJ4dZ3SqJJlxold4AaABAg",
            "reply_content": "\u53ef\u4ee5\u627e\u627e\u770b\u7897\u8c46\u7c89\uff0c\u8ddf\u6a61\u5be6\u505a\u7684\u6dbc\u7c89\u61c9\u8a72\u633a\u76f8\u8fd1\u7684"
        },
        {
            "reply_id": "Ugx4B1ZTQbfCRZmH2St4AaABAg",
            "reply_content": "\u53f0\u7063\u4e5f\u6709\u7da0\u8c46\u6dbc\u7c89\u54e6"
        },
        {
            "reply_id": "Ugw4ch30wGNi0KI6oeJ4AaABAg",
            "reply_content": "\u6211\u89ba\u5f97\u6a61\u5be6\u5f88\u50cf\u53f0\u7063\u849f\u84bb\u7684\u98df\u7269"
        },
        {
            "reply_id": "UgzVGEiNlSnGiAogIyR4AaABAg",
            "reply_content": "\u81fa\u7063\u91d1\u9280\u6e6f\u5713\u4e5f\u662f\u7cef\u7c73\u505a\u7684\u6a23\u5b50"
        },
        {
            "reply_id": "UgzdHWZkW4GTN3X0HPl4AaABAg",
            "reply_content": "\u7d05\u8c46\u6e6f\u88e1\u9762\u52a0\u9eb5\u689d\u5176\u5be6\u53ef\u4ee5\u60f3\u50cf\u6210\u7d05\u8c46\u6e6f\u5713\u7684\u6e6f\u5713\u8b8a\u6210\u9577\u689d\u578b\u7684\u800c\u5df2"
        },
        {
            "reply_id": "UgwvliJq-WEos3KUkp94AaABAg",
            "reply_content": "\u6211\u8a18\u5f97\u5728\u97d3\u570b\u662f\u4e0d\u662f\u4e5f\u6709\u4eba\u8c46\u6f3f\u9eb5\u662f\u5403\u751c\u7684\uff1f"
        },
        {
            "reply_id": "UgwmZ30VUXMkVt9Z-_d4AaABAg",
            "reply_content": "\u597d\u60f3\u5617\u8a66\u6a61\u5be6\u51cd\u8ddf\u8c46\u6f3f\u9eb5\u54e6"
        },
        {
            "reply_id": "UgyXXUJCUZVg4U7rszN4AaABAg",
            "reply_content": "\u83dc\u71d5"
        },
        {
            "reply_id": "UgyEB9XwtsTfLg5e0A14AaABAg",
            "reply_content": "\u5be6\u6dbc\u7c89\u7684\u984f\u8272\u53e3\u611f\u611f\u89ba\u61c9\u8a72\u8ddf\u53f0\u7063\u7684\u83dc\u71d5\u6bd4\u8f03\u76f8\u50cf\uff5e"
        },
        {
            "reply_id": "UgzYJqZRcCpVZZ55pvZ4AaABAg",
            "reply_content": "\u597d\u60f3\u5403\u8c46\u6f3f\u9eb5"
        },
        {
            "reply_id": "UgwFLJJVXUfRGA0vlfZ4AaABAg",
            "reply_content": "\u53f0\u7063\u5403\u5305\u5b50\u914d\u7684\u662f\u751c\u8fa3\u91ac"
        },
        {
            "reply_id": "UgwMppnL_5Otd69VymZ4AaABAg",
            "reply_content": "\u7d05\u8c46\u9eb5\u60f3\u4e00\u4e0b\u628a\u9eb5\u6539\u6210\u7c73\u82d4\u76ee\u5c31\u80fd\u7406\u89e3\u4e86\uff0c\u7c73\u82d4\u76ee\u4e5f\u662f\u9e79\u7684\u751c\u7684\u90fd\u80fd\u52a0"
        },
        {
            "reply_id": "UgzSfwSEn0WVgN4tKQx4AaABAg",
            "reply_content": "\u5728\u97d3\u570b\u4f60\u600e\u8b8a\u91d1\u9999\u83c7\u4e86"
        },
        {
            "reply_id": "UgzyTeck0N7RjfOnBsd4AaABAg",
            "reply_content": "\u91d1\u5927\u982d\u5f88\u6436\u6232"
        },
        {
            "reply_id": "Ugzlw-ylE4EzPJGa5RR4AaABAg",
            "reply_content": "\u5168\u5bb6\u7684\u98ef\u5718\u7684\u7167\u7247\u6709\u9ede\u5713"
        }
    ]
}