{
    "video_info": {
        "id": "nL0LG7JSpuM",
        "channelTitle": "\u97d3\u52fe\u311f\u91d1\u91dd\u83c7 \ucc10\uca50\uafb8",
        "title": "\u9694\u96e2\u51fa\u95dc\u5012\u6578\ud83d\ude2d\u9ede\u97d3\u570b\u5916\u9001app\u53f0\u7063\u7f8e\u98df\u4f86\u6176\u795d\uff01\u7a76\u7adf\u53f0\u7063\u98a8\u9084\u5728\u55ce\uff1f\u3010\u56de\u97d3\u570b\u7cfb\u5217\ud83c\uddf0\ud83c\uddf72\u3011\uff5c\u97d3\u52fe\u311f\u91d1\u91dd\u83c7 \ucc10\uca50\uafb8",
        "description": "\u8b1d\u8b1d\u5927\u5bb6\u7684\u795d\u798f\u2764\ufe0f \u597d\u611f\u52d5\n\u9019\u5e7e\u5929\u5728\u5bb6\u4eba\u8eab\u908a\u771f\u7684\u5f88\u5e78\u798f\uff5e\n\n#\u91d1\u91dd\u83c7\u5728\u97d3\u570b #\u9694\u96e2\u51fa\u95dc #\u97d3\u570b\u5916\u9001\u53f0\u7063\u6599\u7406\n\n\u5e0c\u671b\u4f60\u5011\u559c\u6b61\u9019\u90e8\u5f71\u7247\n\u559c\u6b61\u5e6b\u6211\u8a02\u95b1\u6309\u8b9a\u5206\u4eab \u8a18\u5f97\u958b\u555f\u5c0f\u9234\u943a\u6536\u53d6\u65b0\u7247\u901a\u77e5\u5594\uff01\n\n#\u9694\u96e2\u7cfbyoutuber \n\uff3f\uff3f\uff3f\uff3f\uff3f\uff3f\uff3f\uff3f\uff3f\uff3f\uff3f\uff3f\uff3f\uff3f\uff3f\uff3f\uff3f\uff3f\uff3f\uff3f\uff3f\n\n\u2b50\ufe0f\u91d1\u91dd\u83c7\u7684\u97d3\u570b\u7f8e\u98df\u54c1\u724c\uff1ahttps://www.kimkfoods.com\n\u2b50\ufe0f\u91d1\u5bb6\u311f\u5e03\u5e33\u99ac\u8eca\uff1ahttps://www.facebook.com/groups/2297603990535075/\n\u2b50\ufe0f\u91d1\u91dd\u83c7\u7684\u7c89\u5c08: https://www.facebook.com/Koreajinzhengu/\n\u2b50\ufe0f\u91d1\u91dd\u83c7\u7684IG: https://www.instagram.com/ggu__kim/\n\u2b50\ufe0f\u5408\u4f5c\u9080\u7d04\u8acb\u6d3dPressPlay\uff1ajinyoungkim@pressplay.cc\n\n\uff3f\uff3f\uff3f\uff3f\uff3f\uff3f\uff3f\uff3f\uff3f\uff3f\uff3f\uff3f\uff3f\uff3f\uff3f\uff3f\uff3f\uff3f\uff3f\uff3f\uff3f",
        "likeCount": "32472",
        "commentCount": "1294",
        "viewCount": "1338751"
    },
    "comments": [
        {
            "reply_id": "UgxPEZzYNOWSd9qdxzl4AaABAg",
            "reply_content": "\u91d1\u91dd\u83c7\u6c92\u5403\u91d1\u91dd\u83c7"
        },
        {
            "reply_id": "Ugym5rv2cfJT5poDWr94AaABAg",
            "reply_content": "\u963f\u85a9\u59c6\u5305\u88dd\u600e\u9ebc\u662f\u7d2b\u8272\u7684"
        },
        {
            "reply_id": "UgxtfZszPPr39aiTMaZ4AaABAg",
            "reply_content": "\u5728\u53f0\u7063\u548c\u97d3\u570b\u6574\u5929\u53eb\u5916\u8ce3\u6703\u4e0d\u6703\u4e0d\u592a\u5065\u5eb7\u55ce\ud83d\ude05"
        },
        {
            "reply_id": "UgxAwF4tZm8rfijaM154AaABAg",
            "reply_content": "\u5fc3\u60c5\u4e0d\u597d\u6642\u770b\u91d1\u91dd\u83c7\u5f71\u7247\u597d\u958b\u5fc3\u7684\u800c\u4e14\u4e0d\u6703\u5f88\u6b7b\u7248"
        },
        {
            "reply_id": "UgzpN9CgqFV1WC-IWAV4AaABAg",
            "reply_content": "\u6709\u610f\u601d"
        },
        {
            "reply_id": "UgxW7dj-snFflNpNzk14AaABAg",
            "reply_content": "\u597d\u6709\u8da3\u91d1\u91dd\u83c7\u771f\u7684\u5f88\u61c2\u5403"
        },
        {
            "reply_id": "UgwhGHyVCvUO6S19sRt4AaABAg",
            "reply_content": "\u597d\u5947\u97d3\u570b\u842c\u6ce2\u73cd\u73e0\u5976\u8336\u63db\u7b97\u53f0\u5e63\u591a\u5c11"
        },
        {
            "reply_id": "UgyOkYTWbQp6zbRaGwB4AaABAg",
            "reply_content": "\u9177\u7684\u5922\u8981\u53bb\u97d3\u570b\u8cb7\u5976\u8336\u4e86"
        },
        {
            "reply_id": "UgwTotpxrnUSnFmJKq94AaABAg",
            "reply_content": "\u53f0\u4e2d\u6709\u6176\u8a18"
        },
        {
            "reply_id": "UgzjZxclLYE9OtMu5jl4AaABAg",
            "reply_content": "\u91d1\u91dd\u83c7\u4f60\u4ec0\u9ebc\u6642\u5019\u62cd\u4e0b\u96c6\u5440"
        },
        {
            "reply_id": "Ugxlre05LW6nOgE4egl4AaABAg",
            "reply_content": "\u828b\u982d\u53e3\u5473\u7684\u963f\u85a9\u59c6\u597d\u7279\u5225\u5594"
        },
        {
            "reply_id": "UgxmvwXjONOK4FAyaQl4AaABAg",
            "reply_content": "\u611f\u89ba\u751f\u714e\u5305\u9019\u5bb6\u61c9\u8a72\u662f\u504f\u4e0a\u6d77\u6599\u7406 \u56e0\u70ba\u7d66\u7684\u662f\u918b"
        },
        {
            "reply_id": "Ugzw7tVtfxsNsl1wthV4AaABAg",
            "reply_content": "\u600e\u9ebc\u90a3\u9ebc\u53ef\u611b\u5566\u6211\u8981\u760b\u4e86"
        },
        {
            "reply_id": "UgyyQnp9oL6gzhXSQmF4AaABAg",
            "reply_content": "\u59b3\u7684\u7368\u7acb\u7cbe\u795e\u5f88\u8b93\u6211\u4f69\u670d\u54e6"
        },
        {
            "reply_id": "Ugwsw9VL4MM-zc8EUnB4AaABAg",
            "reply_content": "\u963f\u85a9\u59c6\u7adf\u7136\u8dd1\u5230\u97d3\u570b\u53bb\u4e86"
        },
        {
            "reply_id": "UgxQiMTcoDH0VnIng294AaABAg",
            "reply_content": "\u4e0a\u6b21\u53bb\u97d3\u570b\u8d85\u5546\u6709\u770b\u5230\u6392\u9aa8\u96de\u9eb5\u6ce1\u9eb5"
        },
        {
            "reply_id": "UgzdE6taHZjLabyDl1Z4AaABAg",
            "reply_content": "\u9810\u544a\u5148\u54ed\u4e00\u6ce2"
        },
        {
            "reply_id": "Ugxq44VNTtIe8HD42Bp4AaABAg",
            "reply_content": "\u91d1\u91dd\u83c7\u52a0\u6cb9"
        },
        {
            "reply_id": "Ugw_U-IH8dnIweKxSuJ4AaABAg",
            "reply_content": "\u70ba\u4f55\u91d1\u91dd\u83c7\u90fd\u5403\u4e0d\u80d6"
        },
        {
            "reply_id": "Ugz4GI8SPO6rpbcG_Hx4AaABAg",
            "reply_content": "\u6211\u6709\u559d\u904e\u963f\u85a9\u59c6\u5976\u8336\u539f\u5473\u7684 \u4e5f\u6c92\u559d\u904e\u828b\u982d\u53e3\u5473\u7684\u6b38"
        },
        {
            "reply_id": "UgwCsveUfItD58zDNcx4AaABAg",
            "reply_content": "\u97d3\u570b\u7269\u50f9\u9019\u9ebc\u9ad8\u7684\u55ce"
        },
        {
            "reply_id": "Ugzm2PMdcSaixwLIdGt4AaABAg",
            "reply_content": "\u770b\u4f60\u5403\u89ba\u5f97\u958b\u5fc3\u54c8\u54c8\u54c8"
        },
        {
            "reply_id": "UgxthbeIkinwssgT5Vh4AaABAg",
            "reply_content": "\u91d1\u91dd\u83c7\u8eba\u8457\u9ede\u9910\u597d\u53ef\u611b"
        },
        {
            "reply_id": "Ugy_csc4zrs5_KKUMq94AaABAg",
            "reply_content": "\u5728\u967d\u660e\u5c71\u4e5f\u6709\u4e00\u9593\u97d3\u570b\u6599\u7406\u9910\u5ef3"
        },
        {
            "reply_id": "Ugxg6xcOzKN0PBj60CV4AaABAg",
            "reply_content": "\u559c\u6b61\u4f60\u7684\u983b\u9053"
        }
    ]
}