{
    "video_info": {
        "id": "NxWVMI5RAo8",
        "channelTitle": "\u97d3\u52fe\u311f\u91d1\u91dd\u83c7 \ucc10\uca50\uafb8",
        "title": "\u65e5\u672c\u904aDAY1\u767c\u751f\u7684\u4e8b\u60c5\u2026\ud83d\ude05\ud83c\uddef\ud83c\uddf5\u806f\u7d61\u4e0d\u5230\u623f\u6771\u8981\u7761\u5730\u4e0a\u4e86\u2026.\u7fbd\u7403\u968a\u79fb\u5730\u8a13\u7df4\uff5c\u97d3\u52fe\u311f\u91d1\u91dd\u83c7 \ucc10\uca50\uafb8",
        "description": "\u554a\u54c8\u54c8\u7d42\u65bc\u8ddf\u7fbd\u7403\u968a\u4e00\u8d77\u98db\u65e5\u672c\u73a9\u5566\uff01\n\u4e00\u5230\u65e5\u672c\u5c31\u806f\u7d61\u4e0d\u5230\u623f\u6771\u5be6\u5728\u662f\u592a\u523a\u6fc0\u4e86\uff01\uff01\uff01\u54c8\u54c8\u54c8\u54c8\n\u5e78\u597d\u5927\u5bb6\u90fd\u5f88\u6709\u8010\u5fc3 \u96a8\u548c\n\u9806\u5229\u627e\u5230\u65b0\u98ef\u5e97\u5165\u4f4f\u2764\ufe0f\n\n\u73fe\u5728\u5237Visa\u5728Agoda\u6307\u5b9a\u9023\u7d50\u8a02\u623f\uff0c\u6700\u9ad8\u53ef\u4ee5\u4eab15%\u512a\u60e0\u5537\uff5e\nhttps://www.agoda.com/c/visatw\n\n\u767c\u73fe\u75ab\u60c5\u5f8c\u7684\u65e5\u672c\u5f88\u591a\u5e97\u5bb6\u90fd\u53ef\u4ee5\u5237\u5361\n\u7121\u63a5\u89f8\u611f\u61c9\u652f\u4ed8\u771f\u7684\u8d85\u65b9\u4fbf \u4ee5\u5f8c\u90fd\u4e0d\u7528\u62ff\u73fe\u91d1\u4e86\n\u53e6\u5916\u73fe\u5728\u65e5\u672c\u5510\u5409\u8a36\u5fb7\u8ddfBicCamera\u5237Visa\u53ef\u4eab10%\u514d\u7a05\u518d\u52a05%\u512a\u60e0\u5537\uff5e\n\n#\u7fbd\u7403\u968a\n#Visa\u633a\u4f60\u73a9\u904d\u4e16\u754c #\u51fa\u570b\u65c5\u904a\u5237Visa #\u8a02\u623f\u5237Visa\n\n\u5e0c\u671b\u4f60\u5011\u559c\u6b61\u9019\u90e8\u5f71\u7247\n\u559c\u6b61\u5e6b\u6211\u8a02\u95b1\u6309\u8b9a\u5206\u4eab \u8a18\u5f97\u958b\u555f\u5c0f\u9234\u943a\u6536\u53d6\u65b0\u7247\u901a\u77e5\u5594\uff01\n\n\uff3f\uff3f\uff3f\uff3f\uff3f\uff3f\uff3f\uff3f\uff3f\uff3f\uff3f\uff3f\uff3f\uff3f\uff3f\uff3f\uff3f\uff3f\uff3f\uff3f\uff3f\n\n\u2b50\ufe0f\u91d1\u91dd\u83c7\u7684\u97d3\u570b\u7f8e\u98df\u54c1\u724c\uff1ahttps://www.kimkfoods.com\n\u2b50\ufe0f\u91d1\u5bb6\u311f\u5e03\u5e33\u99ac\u8eca\uff1ahttps://www.facebook.com/groups/2297603990535075/\n\u2b50\ufe0f\u91d1\u91dd\u83c7\u7684\u7c89\u5c08: https://www.facebook.com/Koreajinzhengu/\n\u2b50\ufe0f\u91d1\u91dd\u83c7\u7684IG: https://www.instagram.com/ggu__kim/\n\u2b50\ufe0f\u5408\u4f5c\u9080\u7d04\u8acb\u6d3dPressPlay\uff1ajinyoungkim@pressplay.cc\n\n\uff3f\uff3f\uff3f\uff3f\uff3f\uff3f\uff3f\uff3f\uff3f\uff3f\uff3f\uff3f\uff3f\uff3f\uff3f\uff3f\uff3f\uff3f\uff3f\uff3f\uff3f",
        "likeCount": "11716",
        "commentCount": "319",
        "viewCount": "709500"
    },
    "comments": [
        {
            "reply_id": "UgyNf0M1BiOWCt9mydV4AaABAg",
            "reply_content": "\u771f\u670b\u53cb\u624d\u6703\u4e92\u76f8\u5305\u5bb9\u9ad4\u8ad2\u4e0d\u6703\u751f\u6c23\u2764\u7fa8\u6155\u4f60\u5011\u7684\u53cb\u8abc"
        },
        {
            "reply_id": "Ugwd_v7hPWc-7we21j14AaABAg",
            "reply_content": "\u592a\u559c\u6b61\u770b\u91d1\u83c7\u6797\u8431\u4e86"
        },
        {
            "reply_id": "UgyXU0A-0qJH4MB8DTx4AaABAg",
            "reply_content": "\u4e4b\u524d\u53bb\u65e5\u672c\u8a02\u6c11\u5bbf\u4e5f\u662f\u5dee\u9ede\u9732\u5bbf\u8857\u982d\ud83e\udd72\u73fe\u5728\u51fa\u570b\u73a9\u5be7\u9858\u8a02\u98ef\u5e97"
        },
        {
            "reply_id": "UgycMlynlWOViS__K014AaABAg",
            "reply_content": "\u6797\u8431\u8ddf\u8521\u54e5\u662f\u4e0d\u662f\u79c1\u5e95\u4e0b\u5c31\u5728\u4e00\u8d77\u4e86"
        },
        {
            "reply_id": "UgwGxKhSDgLsmrosP3d4AaABAg",
            "reply_content": "\u4f60\u5011\u9019\u5e7e\u500b\u90fd\u8cfa\u90a3\u9ebc\u591a\u600e\u9ebc\u4e0d\u4f4f\u9ad8\u7d1a\u98ef\u5e97"
        },
        {
            "reply_id": "UgyYg_QaybffX6QE04B4AaABAg",
            "reply_content": "\u60f3\u770b\u7fbd\u7403\u968a\u53bb\u97d3\u570b\u73a9"
        },
        {
            "reply_id": "UgxayhaRrn8nU4OunjF4AaABAg",
            "reply_content": "\u91d1\u597d\u770b\u7684\u7fbd\u7403\u968a\u5e0c\u671b\u4ee5\u5f8c\u80fd\u5e38\u5e38\u51fa\u53bb\u62cd\u7247"
        },
        {
            "reply_id": "UgwiSg5qecSc36EUQpJ4AaABAg",
            "reply_content": "\u770b\u6a23\u5b50\u623f\u6771\u5f88\u4fdd\u8b77\u81ea\u5df1\u7684\u623f\u5b50\u6240\u4ee5\u4e0d\u5e0c\u671b\u662f\u7d93\u6fdf\u4e0d\u7a69\u5b9a\u5e74\u8f15\u4eba\u4f86\u79df\u5435\u5230\u9130\u5c45\u3002"
        },
        {
            "reply_id": "Ugy945cvBGfktBdBH6l4AaABAg",
            "reply_content": "\u5e79"
        },
        {
            "reply_id": "Ugz_4ALV8KQTdNKW9I94AaABAg",
            "reply_content": "\u91d1\u8431\u83dc\u5712"
        },
        {
            "reply_id": "Ugy0vr9t8eMFTtGdlDJ4AaABAg",
            "reply_content": "\u771f\u4e0d\u6127\u662f\u6697\u5f71\u5927\u4eba"
        },
        {
            "reply_id": "UgxwicO5LTgdZ_V7LKd4AaABAg",
            "reply_content": "\u610f\u5916\u7684\u597d\u770b\u6b38"
        },
        {
            "reply_id": "UgweRqr4DUyaFno5BiN4AaABAg",
            "reply_content": "\u570b\u6c11\u5973\u795e\u5403\u7f8e\u98df\u597d\u53ef\u611b\u6797\u8431"
        },
        {
            "reply_id": "UgzNuQ7YR0yU8U_NUV54AaABAg",
            "reply_content": "\u90fd\u662f\u8521\u54e5\u7684\u932f"
        },
        {
            "reply_id": "UgxXhgCDnoCWgmaiipV4AaABAg",
            "reply_content": "\u8521\u54e5\u6c92\u6709\u628a\u4e09\u500b\u5973\u795e\u7167\u9867\u597d\u5fc5\u9808\u8655\u7f70"
        },
        {
            "reply_id": "UgxOe3T2UwTYf_pHmnF4AaABAg",
            "reply_content": "\u5c0f\u91d1\u70d9\u8cfd"
        },
        {
            "reply_id": "UgySRaZnhs8WUQNvAfN4AaABAg",
            "reply_content": "\u4e0a\u6b21\u53bb\u65e5\u672c\u4e5f\u662f\u9047\u8a02\u623f\u554f\u984c\n\u9084\u662f\u8a02\u5927\u773e\u4e00\u9ede\u7684\u6bd4\u8f03\u597d"
        },
        {
            "reply_id": "Ugw9iBc7EUdKLbptVud4AaABAg",
            "reply_content": "\u59b3\u5011\u5fc3\u81df\u597d\u5927\u9846\u5440\uff01\u9084\u597d\u6709\u670b\u53cb\u4e00\u8d77\u966a\u4f34\u6bd4\u8f03\u5b89\u5fc3\u9ede"
        },
        {
            "reply_id": "Ugyr29qYoRTzArUTmCl4AaABAg",
            "reply_content": "\u6797\u8431\u771f\u7684\u597d\u6b63"
        },
        {
            "reply_id": "UgzcjTUFWKU-xCqwUNN4AaABAg",
            "reply_content": "\u6211\u4f86\u5e6b\u59b3\u4e86"
        },
        {
            "reply_id": "Ugwm8rjoO-18fDv3Bcx4AaABAg",
            "reply_content": "\u4eac\u90fd\u4e0d\u5728\u5927\u962a\u5566"
        },
        {
            "reply_id": "Ugxu8j328ucZkcPIVcl4AaABAg",
            "reply_content": "\u539f\u4f86\u7576\u59b9\u59b9\u7684\u91d1\u91dd\u83c7\u624d\u662f\u6700\u9999\u7684\u91d1\u91dd\u83c7"
        },
        {
            "reply_id": "Ugw1u3gRF8hWauitDEl4AaABAg",
            "reply_content": "\u5f9e\u982d\u7b11\u5230\u5c3e\u54c8\u54c8\u54c8\u54c8"
        },
        {
            "reply_id": "UgxU2WeZhTbJdGed9bF4AaABAg",
            "reply_content": "\u60f3\u770b\u91d1\u8431\u7d50\u5a5a"
        },
        {
            "reply_id": "UgyONgUrRrKkiRxGqTR4AaABAg",
            "reply_content": "\u9019\u96c6\u597d\u8b9a"
        }
    ]
}