{
    "video_info": {
        "id": "on7YlqMocEc",
        "channelTitle": "\u97d3\u52fe\u311f\u91d1\u91dd\u83c7 \ucc10\uca50\uafb8",
        "title": "\u97d3\u570b\u91d1\u7684\u964c\u751f\u57ce\u5e02\u63a2\u8a2a-\u82b1\u84ee24hr\u904a\u8a18\ud83d\udd25\u4f4f\u300c\u9999\u5ba2\u5927\u6a13\u300d\u82b1\u84ee\u5728\u5730\u6700\u9bae\u7f8e\u98df\u5fc5\u5403\uff01\uff5c\u97d3\u52fe\u311f\u91d1\u91dd\u83c7 \ucc10\uca50\uafb8",
        "description": "\u8001\u5be6\u8aaa \u6211\u6700\u611b\u9999\u5ba2\u5927\u6a13\u7cfb\u5217\u4e86\uff01\uff01\n\u53ef\u4ee5\u9ad4\u9a57\u5728\u5730\u7684\u5edf\u5b87\u9084\u6709\u5728\u5730\u6700\u9bae\u7f8e\u98df\u2764\ufe0f\n\n\u518d\u4f86\u4e00\u676f\u5728\u5730\u6700\u65b0\u9bae\u76f4\u9001\u768418\u5929\u53f0\u7063\u751f\u5564\u9152\u6700\u68d2\u4e86\uff01\n\n\u4eca\u5929\u751f\u7522\u3001\u660e\u5929\u5230\u9ede\u7684\u65b0\u9bae\u76f4\u9001\n\u5f9e\u751f\u7522\u5230\u914d\u9001\u5168\u7a0b0-7\u5ea6C\u51b7\u85cf\u9650\u91cf\u4f9b\u61c9\n\u73cd\u8cb4\u7684\u5728\u5730\u65b0\u9bae\u5564\u9152\uff01\u503c\u5f97\u5927\u5bb6\u597d\u597d\u628a\u63e1\uff01\n\n330ml \u7f50\u88dd: \u5168\u53f07-11\u3001\u5168\u5bb6\u3001\u7f8e\u5ec9\u793e\n600ml \u74f6\u88dd: \u5168\u806f\u53ca\u5404\u5927\u91cf\u8ca9\u5e97\u901a\u8def\u90fd\u6709\u8ca9\u552e\n\u8acb\u5927\u5bb6\u6709\u770b\u5230\u5c31\u4e00\u5b9a\u8981\u8d95\u5feb\u5e36\u56de\u5bb6\uff01\n\u65b0\u9bae\u7684\u5564\u9152\u53ef\u662f\u4e0d\u7b49\u4eba\u7684\u5537\uff01\n(\u7981\u6b62\u9152\u99d5\u00a0 \u9152\u5f8c\u4e0d\u958b\u8eca \u5b89\u5168\u6709\u4fdd\u969c)\n\u5e0c\u671b\u4f60\u5011\u559c\u6b61\u9019\u90e8\u5f71\u7247\n\u559c\u6b61\u5e6b\u6211\u8a02\u95b1\u6309\u8b9a\u5206\u4eab \u8a18\u5f97\u958b\u555f\u5c0f\u9234\u943a\u6536\u53d6\u65b0\u7247\u901a\u77e5\u5594\uff01\n\n\uff3f\uff3f\uff3f\uff3f\uff3f\uff3f\uff3f\uff3f\uff3f\uff3f\uff3f\uff3f\uff3f\uff3f\uff3f\uff3f\uff3f\uff3f\uff3f\uff3f\uff3f\n\n\u2b50\ufe0f\u91d1\u91dd\u83c7\u7684\u97d3\u570b\u7f8e\u98df\u54c1\u724c\uff1ahttps://www.kimkfoods.com\n\u2b50\ufe0f\u91d1\u5bb6\u311f\u5e03\u5e33\u99ac\u8eca\uff1ahttps://www.facebook.com/groups/2297603990535075/\n\u2b50\ufe0f\u91d1\u91dd\u83c7\u7684\u7c89\u5c08: https://www.facebook.com/Koreajinzhengu/\n\u2b50\ufe0f\u91d1\u91dd\u83c7\u7684IG: https://www.instagram.com/ggu__kim/\n\u2b50\ufe0f\u5408\u4f5c\u9080\u7d04\u8acb\u6d3dPressPlay\uff1ajinyoungkim@pressplay.cc\n\n\uff3f\uff3f\uff3f\uff3f\uff3f\uff3f\uff3f\uff3f\uff3f\uff3f\uff3f\uff3f\uff3f\uff3f\uff3f\uff3f\uff3f\uff3f\uff3f\uff3f\uff3f",
        "likeCount": "6574",
        "commentCount": "181",
        "viewCount": "284598"
    },
    "comments": [
        {
            "reply_id": "UgyvFjrc_VrpmN2U3UN4AaABAg",
            "reply_content": "\u9019\u500b\u696d\u914d\u5f88\u8b9a"
        },
        {
            "reply_id": "UgyxvWktEfVzbILQPRB4AaABAg",
            "reply_content": "\u6b61\u8fce\u4f86\u5230\u82b1\u84ee\u597d\u5c71\u597d\u6c34\u7684\u5730\u65b9 \u592a\u9b6f\u95a3\u9577\u6625\u7960\u90fd\u662f\u883b\u4e0d\u932f\u7684\u5730\u65b9"
        },
        {
            "reply_id": "Ugw3WMIKFpUSNEHi1aJ4AaABAg",
            "reply_content": "\u82b1\u84ee\u4eba\u8868\u793a\u771f\u7684\u5403\u7684\u8d85\u7d1a\u9053\u5730"
        },
        {
            "reply_id": "UgyG6OU0XAcIeYl0HWd4AaABAg",
            "reply_content": "\u53bb\u4e86\u8d9f\u6b50\u5dde\u56de\u4f86\u6574\u500b\u4eba\u8b8a\u7684\u6709\u4e9b\u6b50\u5dde\u767d\u54e6"
        },
        {
            "reply_id": "UgzSkETYFGdE74fsOOJ4AaABAg",
            "reply_content": "\u91d1\u91dd\u83c7\u8b8a\u597d\u7626"
        },
        {
            "reply_id": "UgyFKqqaW1zbCWkjp9B4AaABAg",
            "reply_content": "\u5c0f\u83c7\u83c7"
        },
        {
            "reply_id": "Ugz1CHU_gpYckRYIDT14AaABAg",
            "reply_content": "\u6211\u4e0d\u662f\u97d3\u570b\u4eba"
        },
        {
            "reply_id": "Ugwy8obK7mfzMmf97vx4AaABAg",
            "reply_content": "\u4f4f\u5bae\u5edf\u883b\u9177\u7684"
        },
        {
            "reply_id": "UgwdMuD4ns8C30GmQrR4AaABAg",
            "reply_content": "\u4e0b\u6b21\u53bb\u82b1\u84ee\u5efa\u8b70\u4f60\u53ef\u4ee5\u53bb\u5403\u5409\u5b89\u7530\u5bee\u8eca\u7ad9\u7684\u610f\u9eb5\u548c\u539f\u4f4f\u6c11\u5c0f\u5403\u674b\u672d\u840a\n\u9019\u6703\u8b93\u4f60\u66f4\u9a5a\u5947"
        },
        {
            "reply_id": "UgzpgclPVl0FOg35JoJ4AaABAg",
            "reply_content": "\u91d1\u91dd\u83c7\u771f\u7684\u662f\u6211\u5f9e\u4ee5\u524d\u770b\u5230\u73fe\u5728\u90fd\u6c92\u6539\u521d\u5fc3\u7684\u6cb9\u571f\u4f2f,\u4e0d\u50cf\u5f88\u591a\u767e\u842c\u6cb9\u571f\u4f2f\u73fe\u5728\u90fd\u5df2\u7d93\u8d8a\u4f86\u8d8a\u5546\u696d\u5316,\u5f71\u7247\u8b8a\u5f97\u5f88\u96e3\u770b"
        },
        {
            "reply_id": "UgwTHMGB5-bTUvAK2Xl4AaABAg",
            "reply_content": "\u671f\u5f85\u7389\u5c71\u5f71\u7247"
        },
        {
            "reply_id": "UgzKF2hWvicfTW_X3-J4AaABAg",
            "reply_content": "\u9694\u8457\u87a2\u5e55\u611f\u53d7\u5230\u91d1\u91dd\u83c7\u9019\u96c6\u4ee3\u8a00\u7684\u5feb\u6a02"
        },
        {
            "reply_id": "UgxN8WOZndKj1ObunQx4AaABAg",
            "reply_content": "\u597d\u7f8e"
        },
        {
            "reply_id": "UgxV7vfy5M7hb8_62Vd4AaABAg",
            "reply_content": "\u6b61\u8fce\u4f86\u82b1\u84ee"
        },
        {
            "reply_id": "UgzGUdFSCO_BbZFrsTx4AaABAg",
            "reply_content": "\u83c7\u83c7\u9019\u6b21\u7761\u9999\u5ba2\u5927\u6a13\u6709\u6c92\u6709\u5922\u5230\u771f\u547d\u5929\u5b50\u4f55\u6642\u51fa\u73fe\ud83d\ude0a"
        },
        {
            "reply_id": "UgwIAMa9w0Kq048b45R4AaABAg",
            "reply_content": "\u7d42\u65bc\u56de\u4f86\u53f0\u7063\u4e86"
        },
        {
            "reply_id": "UgxKsOxWPyQH_EsH23t4AaABAg",
            "reply_content": "\u6211\u7b2c\u4e00\u500b\u7559\u8a00"
        }
    ]
}