{
    "video_info": {
        "id": "p7V_RbijI90",
        "channelTitle": "\u97d3\u52fe\u311f\u91d1\u91dd\u83c7 \ucc10\uca50\uafb8",
        "title": "\u6211\u56de\u53f0\u7063\u4e86\ud83c\uddf9\ud83c\uddfc\ud83d\udd25\u597d\u4e0d\u5bb9\u6613\u56de\u97d3\u570b\u4e00\u8d9f\uff0c\u4f46\u70ba\u4e86\u300c\u9019\u500b\u300d\u8d95\u8457\u56de\u53f0\u7063\u5566\uff5e\u3010\u56de\u97d3\u570b\u7cfb\u5217\ud83c\uddf0\ud83c\uddf73\u3011\uff5c\u97d3\u52fe\u311f\u91d1\u91dd\u83c7 \ucc10\uca50\uafb8",
        "description": "\u6211\u56de\u53f0\u7063\u5566\uff01\uff01\uff01\ud83c\uddf9\ud83c\uddfc\n\u5927\u5bb6\u4e0d\u8981\u64d4\u5fc3 \u6211\u6709\u62cd\u4e86\u4e00\u4e9b\u97d3\u570b\u7684\u7247\n\u4ee5\u5f8c\u9678\u7e8c\u4e0a\u50b3\n\u5206\u4eab\u4e00\u500b\u559c\u4e8b\n\u91d1\u5bb6\u311f\u8ddf\u5168\u5bb6\u806f\u540d\u98ef\u7cf0\u5566\n\n\u9019\u6b21\u806f\u540d\u7684\u662f\u300c\u5927\u98ef\u7cf0\u300d\uff0c\u6bd4\u8d77\u4e00\u822c\u7684\u98ef\u7cf0\u591a\u4e86\u8db3\u8db350\uff05\u7684\u4efd\u91cf\u2b06\ufe0f\u2b06\ufe0f\n\u662f\u70ba\u4e86\u50cf\u6211\u4e00\u6a23\u4e00\u500b\u98ef\u7cf0\u5403\u4e0d\u98fd\u7684\u670b\u53cb\u5011\u6253\u9020\u7684\uff5e\n\u800c\u53e3\u5473\u90fd\u662f\u6211\u5f88\u60f3\u5ff5\u7684\u97d3\u570b\u5473\uff0c\u5206\u5225\u662f\u300c\u6ce1\u83dc\u9baa\u9b5a\u300d\u3001\u300c\u8fa3\u7092\u8c6c\u8089\u300d\u3001\u300c\u6c5f\u539f\u9053\u96ea\u87f9\u87f9\u818f\u300d\u2728\n\n\u4e0a\u5e02\u6642\u9593\uff1a\n2/23 \u8fa3\u7092\u8c6c\u8089\u3001\u6ce1\u83dc\u9baa\u9b5a\n3/2 \u96ea\u87f9\u87f9\u818f\n\u6709\u8208\u8da3\u53ef\u4ee5\u5403\u5403\u770b\n\u5e0c\u671b\u5927\u5bb6\u6703\u559c\u6b61\u5594\uff5e\uff5e\uff5e\n\n\u5e0c\u671b\u4f60\u5011\u559c\u6b61\u9019\u90e8\u5f71\u7247\n\u559c\u6b61\u5e6b\u6211\u8a02\u95b1\u6309\u8b9a\u5206\u4eab \u8a18\u5f97\u958b\u555f\u5c0f\u9234\u943a\u6536\u53d6\u65b0\u7247\u901a\u77e5\u5594\uff01\n#\u6211\u56de\u4f86\u5566 #\u98ef\u5e97\u9694\u96e2 #14\u5929\u5d29\u6f70\u56c9\n\n#\uae40\uc528\ub124 #\u91d1\u5bb6\u311f #\u97d3\u5f0f\u7f8e\u5473\u5728\u5bb6\u4eab\u7528 #\u5168\u5bb6\u5927\u98ef\u7cf0 #\u5168\u5bb6\u4fbf\u5229\u5546\u5e97 #\u5168\u5bb6x\u91d1\u5bb6\u311f\u806f\u540d\n\n#\u9694\u96e2\u7cfbyoutuber \n\n\uff3f\uff3f\uff3f\uff3f\uff3f\uff3f\uff3f\uff3f\uff3f\uff3f\uff3f\uff3f\uff3f\uff3f\uff3f\uff3f\uff3f\uff3f\uff3f\uff3f\uff3f\n\n\u2b50\ufe0f\u91d1\u91dd\u83c7\u7684\u97d3\u570b\u7f8e\u98df\u54c1\u724c\uff1ahttps://www.kimkfoods.com\n\u2b50\ufe0f\u91d1\u5bb6\u311f\u5e03\u5e33\u99ac\u8eca\uff1ahttps://www.facebook.com/groups/2297603990535075/\n\u2b50\ufe0f\u91d1\u91dd\u83c7\u7684\u7c89\u5c08: https://www.facebook.com/Koreajinzhengu/\n\u2b50\ufe0f\u91d1\u91dd\u83c7\u7684IG: https://www.instagram.com/ggu__kim/\n\u2b50\ufe0f\u5408\u4f5c\u9080\u7d04\u8acb\u6d3dPressPlay\uff1ajinyoungkim@pressplay.cc\n\n\uff3f\uff3f\uff3f\uff3f\uff3f\uff3f\uff3f\uff3f\uff3f\uff3f\uff3f\uff3f\uff3f\uff3f\uff3f\uff3f\uff3f\uff3f\uff3f\uff3f\uff3f",
        "likeCount": "45899",
        "commentCount": "3167",
        "viewCount": "1638225"
    },
    "comments": [
        {
            "reply_id": "Ugy90bhYTz4R-9QGcAV4AaABAg",
            "reply_content": "\u73fe\u5728\u9084\u6709\u55ce"
        },
        {
            "reply_id": "Ugzj0twtCPiZiW81WgN4AaABAg",
            "reply_content": "\u597d\u7fa8\u6155\u53ef\u4ee5\u9019\u9ebc\u7626"
        },
        {
            "reply_id": "Ugz2JqR3AghGVfrY56p4AaABAg",
            "reply_content": "\u91d1\u91dd\u83c7\u6211\u6700\u8fd1\u8ff7\u4e0a\u4f60\u7684\u5f71\u7247\u4f60\u4eba\u9577\u7684\u8d85\u7f8e\u7684\u83c7\u7238\u83c7\u5abd\u4e5f\u5f88\u53ef\u611b"
        },
        {
            "reply_id": "UgxFV-0YoJ_ithOw3gx4AaABAg",
            "reply_content": "\u6bd4\u4e5d\u59b9\u7684\u98ef\u7cf0\u5be6\u5728"
        },
        {
            "reply_id": "UgywXIsIPTQ6rY84_Rh4AaABAg",
            "reply_content": "\u56de\u53f0\u7063\u5f8c\u80c3\u4e5f\u6bd4\u5728\u570b\u5916\u5927\u4e00\u500d\uff0c\u51fa\u4f86\u4e0d\u4e45\u53c8\u7e2e\u56de\u53bb\u4e86"
        },
        {
            "reply_id": "Ugw1iB-nIchNuh2YGdh4AaABAg",
            "reply_content": "\u4f60\u61c9\u8a72\u5728\u53f0\u7063\u591a\u8cfa\u5de5\u4f5c\u4f86\u53f0\u7063\u8cb7\u623f\u5b50\u628a\u59b3\u7238\u5abd\u5916\u5167\u5a46\u63a5\u4f86\u53f0\u7063\u4f4f\u4e00\u8d77"
        },
        {
            "reply_id": "Ugxk7f1NvohpSxABfdx4AaABAg",
            "reply_content": "\u98ef\u7cf0\u771f\u7684\u597d\u5403"
        },
        {
            "reply_id": "UgyWWts2szYm1rR_wX14AaABAg",
            "reply_content": "\u97d3\u570b\u7684\u570b\u6c11\u8001\u5a46\u91d1\u91dd\u83c7"
        },
        {
            "reply_id": "Ugy5L_u57SWrJi2PMMF4AaABAg",
            "reply_content": "\u91d1\u91dd\u83c7\u597d\u53ef\u611b\u7d42\u65bc\u56de\u4f86\u4e86\u56de\u4f86\u4e86"
        },
        {
            "reply_id": "Ugxe3b6wUzBQ4Ba58-h4AaABAg",
            "reply_content": "\u8fa3\u7092\u8c6c\u8089"
        },
        {
            "reply_id": "UgzCoVhpYikfvDQGfBN4AaABAg",
            "reply_content": "\u6ce1\u83dc\u9baa\u9b5a\u8d85\u597d\u5403\u7684\u62c9"
        },
        {
            "reply_id": "UgyxwXPQYPub1oUHk254AaABAg",
            "reply_content": "\u5982\u679c\u9999\u6e2f\u4e5f\u6709\u5c31\u597d"
        },
        {
            "reply_id": "Ugw9gHyEsEUIfvVDyJZ4AaABAg",
            "reply_content": "\u9694\u96e2\u771f\u7684\u4e0d\u5bb9\u6613"
        },
        {
            "reply_id": "UgxY1CgSMkTlAYEMYIB4AaABAg",
            "reply_content": "\u4e09\u7a2e\u53e3\u5473\u901a\u901a\u5403\u904e\u4e86\uff0c\u4eca\u5929\u9084\u7528\u8c6c\u8089\u53e3\u5473\u716e\u6210\u7ca5\u4e5f\u597d\u597d\u5403"
        },
        {
            "reply_id": "UgxyExliu2vJKXMbTG14AaABAg",
            "reply_content": "\u6211\u7b49\u7b49\u4f86\u53bb\u8cb7\u4f86\u5403\u770b\u770b"
        },
        {
            "reply_id": "UgxcXma-CjqWogMst_R4AaABAg",
            "reply_content": "\u98ef\u7cf0\u8ce3\u7684\u883b\u597d\u7684\n\u5e38\u5e38\u4e0b\u73ed\u8981\u53bb\u8cb7\u90fd\u5269\u4e0b\u4e00\u500b"
        },
        {
            "reply_id": "UgxRogtW6Hso7E_gv3p4AaABAg",
            "reply_content": "\u96ea\u87f9\u87f9\u818f\u8d85\u597d\u5403"
        },
        {
            "reply_id": "UgxVJ2VeX0mPwKXeRUx4AaABAg",
            "reply_content": "\u8ddf\u5bf6\u59ae\u4f4f\u7684\u9632\u75ab\u65c5\u9928\u5dee\u5f88\u591a"
        },
        {
            "reply_id": "UgxMdt9pE1lylfz_RTt4AaABAg",
            "reply_content": "\u91d1\u91dd\u83c7\u592a\u53ef\u611b\u4e86\u5566"
        },
        {
            "reply_id": "UgyLpATRn9y-ED_lZ994AaABAg",
            "reply_content": "\u6599\u6839\u672c\u6c92\u5f71\u7247\u4e2d\u516c\u95dc\u54c1\u7684\u90a3\u9ebc\u591a\n\u61c9\u8a72\u81ea\u5df1\u518d\u53bb\u8d85\u5546\u8cb7\u4e00\u6b21\u518d\u958b\u7bb1\u5427"
        },
        {
            "reply_id": "UgzJZLql6ZUehJlqDcl4AaABAg",
            "reply_content": "\u6211\u559c\u6b61\u6ce1\u83dc\u53e3\u5473"
        },
        {
            "reply_id": "UgzL61-UZyBFc10PVNh4AaABAg",
            "reply_content": "\u4eca\u5929\u5403\u4e86\u8fa3\u7092\u8c6c\u8089\u53e3\u5473\u6eff\u597d\u5403\u7684\uff0c\u4f46\u4e00\u9ede\u90fd\u4e0d\u8fa3\u8036"
        },
        {
            "reply_id": "UgyLsVVa-IzpHbWxXsh4AaABAg",
            "reply_content": "\u91d1\u91dd\u83c7\u7684\u90a3\u500b\u756b\u827e\u83f2\u723e\u5854\u7684\u756b\u677f\u53bb\u54ea\u8cb7\u6709\u4eba\u77e5\u9053\u55ce"
        },
        {
            "reply_id": "Ugx2yekww9ZGnlgFldZ4AaABAg",
            "reply_content": "\u53ef\u4ee5\u6d17\u6fa1\u7d66\u5916\u9762\u7684\u4eba\u770b"
        },
        {
            "reply_id": "UgwRKFeoyM2f9SSHTh54AaABAg",
            "reply_content": "\u60f3\u53bb\u8a66\u8a66\u8fa3\u7092\u8c6c\u8089"
        }
    ]
}