{
    "video_info": {
        "id": "pvnzda0ZJr0",
        "channelTitle": "\u97d3\u52fe\u311f\u91d1\u91dd\u83c7 \ucc10\uca50\uafb8",
        "title": "\u63a2\u7d22\u4e9e\u6d32\u7269\u50f9\u6700\u8cb4\u300c\u9999\u6e2f\ud83c\udded\ud83c\uddf0\u300d\u8cb4\u55ce\uff1f\u5728\u5730\u4eba\u63a8\u85a6\u592a\u5b89\u6a13\u7f8e\u98df\u8857\u597d\u597d\u5403\uff01\uff01\u6211\u611b\u9999\u6e2f\uff01\uff01\uff01\u91d1\u8431VLOG\uff5c\u97d3\u52fe\u311f\u91d1\u91dd\u83c7 \ucc10\uca50\uafb8",
        "description": "\u5e0c\u671b\u4f60\u5011\u559c\u6b61\u9019\u90e8\u5f71\u7247\n\u559c\u6b61\u5e6b\u6211\u8a02\u95b1\u6309\u8b9a\u5206\u4eab \u8a18\u5f97\u958b\u555f\u5c0f\u9234\u943a\u6536\u53d6\u65b0\u7247\u901a\u77e5\u5594\uff01\n\n\uff3f\uff3f\uff3f\uff3f\uff3f\uff3f\uff3f\uff3f\uff3f\uff3f\uff3f\uff3f\uff3f\uff3f\uff3f\uff3f\uff3f\uff3f\uff3f\uff3f\uff3f\n\n\u2b50\ufe0f\u91d1\u91dd\u83c7\u7684\u97d3\u570b\u7f8e\u98df\u54c1\u724c\uff1ahttps://www.kimkfoods.com\n\u2b50\ufe0f\u91d1\u5bb6\u311f\u5e03\u5e33\u99ac\u8eca\uff1ahttps://www.facebook.com/groups/2297603990535075/\n\u2b50\ufe0f\u91d1\u91dd\u83c7\u7684\u7c89\u5c08: https://www.facebook.com/Koreajinzhengu/\n\u2b50\ufe0f\u91d1\u91dd\u83c7\u7684IG: https://www.instagram.com/ggu__kim/\n\u2b50\ufe0f\u5408\u4f5c\u9080\u7d04\u8acb\u6d3dPressPlay\uff1ajinyoungkim@pressplay.cc\n\n\uff3f\uff3f\uff3f\uff3f\uff3f\uff3f\uff3f\uff3f\uff3f\uff3f\uff3f\uff3f\uff3f\uff3f\uff3f\uff3f\uff3f\uff3f\uff3f\uff3f\uff3f",
        "likeCount": "18079",
        "commentCount": "931",
        "viewCount": "834929"
    },
    "comments": [
        {
            "reply_id": "UgzI2iv6pER-ODW9Yq94AaABAg",
            "reply_content": "\u9b5a\u86cb\u672c\u4eba\u66f4\u611b\u901a\u9054"
        },
        {
            "reply_id": "Ugz95cQ1BZd3HXeHTYJ4AaABAg",
            "reply_content": "\u725b\u8180\u662f\u80f0\u81df"
        },
        {
            "reply_id": "UgyLtsoNuKBzHkKDxhB4AaABAg",
            "reply_content": "\u4e0b\u6b21\u53ef\u4ee5\u8a66\u9165\u76ae\u86cb\u64bb\u540c\u66f2\u5947\u76ae\u591a\u64bb"
        },
        {
            "reply_id": "Ugwxp7F3G_M7Fn1GZrN4AaABAg",
            "reply_content": "\u5176\u5b9e\u5bcc\u8c6a\u96ea\u7cd5\uff0c\u901a\u5e38\u4f1a\u5728\u4e2d\u73af\u6469\u5929\u8f6e\u90a3\u8ddf\u5c16\u6c99\u5480\u5929\u661f\u5c0f\u8f6e\u7684\u51fa\u53e3\u90a3\u8fb9\u51fa\u73b0"
        },
        {
            "reply_id": "Ugzr7TL_-pFXlx8TvNV4AaABAg",
            "reply_content": "\u6df1\u523b\u7406\u89e3\u97d3\u570b\u9b77\u9b5a\u904a\u6232\u96fb\u5f71\uff0c\u5c0d\u65bc\u4eba\u7684\u64cd\u4f5c\u6b63\u4f38\u5411\u65e5\u97d3\u6e2f\u53f0\uff0c\u8acb\u770b\u4e16\u754c\u5341\u5b57\u8def\u53e3\u5c0d\u4ed6\u7684\u7cbe\u95e2\u89e3\u6790"
        },
        {
            "reply_id": "UgxcN4cdHysmSmYoa6Z4AaABAg",
            "reply_content": "\u8b1d\u8b1d\u4f60\u5011\u559c\u6b61\u9999\u6e2f"
        },
        {
            "reply_id": "Ugw1R0YtKhqyIP5xjHh4AaABAg",
            "reply_content": "\u65b0\u52a0\u5761\u5728\u4e9e\u6d32\u6703\u6bd4\u9999\u6e2f\u8cb4"
        },
        {
            "reply_id": "UgyhEU0YVJkptOB0KlF4AaABAg",
            "reply_content": "\u592a\u5b89\u6a13\u5f88\u8cbc\u5730"
        },
        {
            "reply_id": "Ugyo_iAxxhDV0O-LJVl4AaABAg",
            "reply_content": "\u6211\u767c\u73fe\u90a3\u500b\u9b5a\u65e6\u4f6c\u7684\u5e97\u54e1\u8207\u70b3\u8a18\u8336\u6a94\u90a3\u500b\u5e97\u54e1\u6a23\u5b50\u548c\u8072\u97f3\u90fd\u5dee\u4e0d\u591a\u4e00\u6a23\uff0c\u53ef\u80fd\u662f\u540c\u4e00\u500b\u4eba\ud83e\udd23"
        },
        {
            "reply_id": "UgzLSAnRuu1pck-BzKR4AaABAg",
            "reply_content": "\u8336\u679c\u5dba\u69ae\u83ef\u51b0\u5ba4\u7684\u96de\u7ffc\u8d85\u597d\u5403\u5440"
        },
        {
            "reply_id": "UgxqE15ZA6L45oeNaGd4AaABAg",
            "reply_content": "\u5976\u8336\u8981\u81ea\u5df1\u52a0\u7cd6"
        },
        {
            "reply_id": "Ugy3i5Z9IW_qQdkwGHV4AaABAg",
            "reply_content": "\u5c0f\u5fc3\u9999\u6e2f\u53f8\u6a5f\u5f88\u6703\u9a19\u904a\u5ba2"
        },
        {
            "reply_id": "Ugz57XFC81_SeydGI0R4AaABAg",
            "reply_content": "\u4e2d\u56fd\u57ce\u9645\u6e38"
        },
        {
            "reply_id": "Ugyc4tuRyPhFwP9vZFZ4AaABAg",
            "reply_content": "\u5976\u8336\u8981\u81ea\u5df1\u52a0\u7cd6"
        },
        {
            "reply_id": "UgzzpeLErvA1bNf-Er54AaABAg",
            "reply_content": "\u6b61\u8fce\u4f86\u9999\u6e2f\u73a9\u53ca\u591a\u8b1d\u559c\u6b61\u9999\u6e2f\u7684\u98df\u7269"
        },
        {
            "reply_id": "Ugyjo7v1COIFTCq_tkp4AaABAg",
            "reply_content": "\u73fe\u5728\u7684\u9999\u6e2f\u8ddf\u5ee3\u5dde\u7121\u7570"
        },
        {
            "reply_id": "UgzPxIDTeeZm-NK6Qst4AaABAg",
            "reply_content": "\u662f\u61f6\u5e8a\u7684\u8cbb\u7528"
        },
        {
            "reply_id": "UgyL2mvEJgoV8i9CP294AaABAg",
            "reply_content": "\u8431\u5973\u795e\u597d\u53ef\u611b"
        },
        {
            "reply_id": "Ugw1-xCEOZQtYrgA4214AaABAg",
            "reply_content": "\u4e0b\u6b21\u53ef\u4ee5\u53bb\u4e00\u4e0b\u8475\u5ee3\u98df\u98df\u98df"
        },
        {
            "reply_id": "UgzhYWTXGMBdW0ZEAlZ4AaABAg",
            "reply_content": "\u6b61\u8fce\u518d\u4f86"
        },
        {
            "reply_id": "Ugz7x08_-1DLMhQ1-ah4AaABAg",
            "reply_content": "\u725b\u4ec0\u8981\u914d\u82a5\u8fa3\u9171\u624d\u597d\u5403"
        },
        {
            "reply_id": "Ugyif7Jw6tMEWLqbPxx4AaABAg",
            "reply_content": "\u5be6\u5728\u592a\u4f3c\u5bb6\u8525\u5566"
        },
        {
            "reply_id": "Ugx_FSEtaOCRRv4nR6l4AaABAg",
            "reply_content": "\u725b\u67cf\u8449\u662f\u725b\u7684\u80c3\u54e6"
        },
        {
            "reply_id": "UgylcJ7QeVZwtQfFmQN4AaABAg",
            "reply_content": "\u591a\u5e0c\u671b\u6211\u80fd\u5e36\u4f60\u5728\u9999\u6e2f\u8d70\u8d70"
        },
        {
            "reply_id": "UgwQ1ulPfR0N_DTj9et4AaABAg",
            "reply_content": "\u9019\u500b\u53eb\u8461\u64bb\u554a"
        }
    ]
}