{
    "video_info": {
        "id": "Pxmo5HJH0AI",
        "channelTitle": "\u97d3\u52fe\u311f\u91d1\u91dd\u83c7 \ucc10\uca50\uafb8",
        "title": "\u6211\u56de\u4f86\u4e86\uff01\u97d3\u570b\u91d1\u89e3\u9694\u5f8c\u7684\u6a5f\u667a\u53f0\u7063\u751f\u6d3b.zip\ud83c\uddf9\ud83c\uddfc\u526a\u9aee, \u8df3\u821e..\u597d\u5145\u5be6\u597d\u5e78\u798f\u5594\uff01\uff01\uff01VLOG\uff01\uff01\uff01\uff5c\u97d3\u52fe\u311f\u91d1\u91dd\u83c7 \ucc10\uca50\uafb8",
        "description": "#\u53f0\u7063\u751f\u6d3b #\u9694\u96e2\u7cfbyoutuber\n\n\u5e0c\u671b\u4f60\u5011\u559c\u6b61\u9019\u90e8\u5f71\u7247\n\u559c\u6b61\u5e6b\u6211\u8a02\u95b1\u6309\u8b9a\u5206\u4eab \u8a18\u5f97\u958b\u555f\u5c0f\u9234\u943a\u6536\u53d6\u65b0\u7247\u901a\u77e5\u5594\uff01\n\n\uff3f\uff3f\uff3f\uff3f\uff3f\uff3f\uff3f\uff3f\uff3f\uff3f\uff3f\uff3f\uff3f\uff3f\uff3f\uff3f\uff3f\uff3f\uff3f\uff3f\uff3f\n\n\u2b50\ufe0f\u91d1\u91dd\u83c7\u7684\u97d3\u570b\u7f8e\u98df\u54c1\u724c\uff1ahttps://www.kimkfoods.com\n\u2b50\ufe0f\u91d1\u5bb6\u311f\u5e03\u5e33\u99ac\u8eca\uff1ahttps://www.facebook.com/groups/2297603990535075/\n\u2b50\ufe0f\u91d1\u91dd\u83c7\u7684\u7c89\u5c08: https://www.facebook.com/Koreajinzhengu/\n\u2b50\ufe0f\u91d1\u91dd\u83c7\u7684IG: https://www.instagram.com/ggu__kim/\n\u2b50\ufe0f\u5408\u4f5c\u9080\u7d04\u8acb\u6d3dPressPlay\uff1ajinyoungkim@pressplay.cc\n\n\uff3f\uff3f\uff3f\uff3f\uff3f\uff3f\uff3f\uff3f\uff3f\uff3f\uff3f\uff3f\uff3f\uff3f\uff3f\uff3f\uff3f\uff3f\uff3f\uff3f\uff3f",
        "likeCount": "13900",
        "commentCount": "415",
        "viewCount": "617428"
    },
    "comments": [
        {
            "reply_id": "Ugy_n_ffmj57owWDn694AaABAg",
            "reply_content": "\u6bcf\u6b21\u770b\u91d1\u91dd\u83c7\u5f71\u7247\u90fd\u597d\u958b\u5fc3\n\u4e2d\u6587\u8b1b\u5f97\u8d85\u597d\u7684"
        },
        {
            "reply_id": "UgyLx_S1gRVK1GFGRDJ4AaABAg",
            "reply_content": "\u9019\u500b\u662f\u4e0d\u662f\u8ddf\u9ec3\u6c0f\u5144\u5f1f\u540c\u516c\u53f8"
        },
        {
            "reply_id": "UgwFTOGMP6PM6GdZi3p4AaABAg",
            "reply_content": "\u83c7\u83c7\u8d85\u7d1a\u7626\u7684"
        },
        {
            "reply_id": "UgwHa3rLfsR81qP03hJ4AaABAg",
            "reply_content": "\u9760\u6416"
        },
        {
            "reply_id": "UgxUM69LGh0hGD5FZQJ4AaABAg",
            "reply_content": "\u597d\u770b\u81ea\u7136\u5c31\u662f\u7f8e"
        },
        {
            "reply_id": "UgzfqvqNoqLKg4zcb1N4AaABAg",
            "reply_content": "\u60f3\u77e5\u9053\u91d1\u91dd\u83c7\u53bb\u7684\u9019\u4e9b\u5730\u65b9\u7684\u806f\u7d61\u65b9\u5f0f"
        },
        {
            "reply_id": "UgyPpx3PxbI79OZI4nF4AaABAg",
            "reply_content": "\u606d\u559c\u59b3\u6062\u5fa9\u5065\u5eb7"
        },
        {
            "reply_id": "Ugzm-74YSjytdjmEtT14AaABAg",
            "reply_content": "\u91d1\u91dd\u83c7\u597d\u7626"
        },
        {
            "reply_id": "Ugz62PfhIzXLrt7RCFZ4AaABAg",
            "reply_content": "\u65b0\u9aee\u578b\u597d\u7f8e"
        },
        {
            "reply_id": "Ugx7Q482rCOvMfJB7hl4AaABAg",
            "reply_content": "\u65b0\u9aee\u578b\u8d85\u8b9a\u6b38"
        },
        {
            "reply_id": "UgxKba9zd8l1xRvE1914AaABAg",
            "reply_content": "\u771f\u7684\u4e0d\u60f3\u770b\u5230\u59d3\u8521\u7684\u90a3\u500b\u4eba"
        },
        {
            "reply_id": "Ugz7sHSGK2PvWJ2GoSx4AaABAg",
            "reply_content": "\u63a8\u62ff\u90a3\u4e00\u6bb5\u914d\u4e0a\u9b54\u7b1b\u591c\u540e\u8a60\u5606\u8abf\u7684\u97f3\u6a02\u4f34\u594f\u5be6\u5728\u662f\u592a\u6709\u8da3\u4e86!"
        },
        {
            "reply_id": "UgzB-hxOzBmcQ_jnYWF4AaABAg",
            "reply_content": "\u89d2\u86cb\u767d\u4e0d\u662f\u9055\u6cd5\u7684\u55ce"
        },
        {
            "reply_id": "Ugwjdwbjhlz0H1Gh7ZZ4AaABAg",
            "reply_content": "\u8b8a\u7626\u4e86"
        },
        {
            "reply_id": "Ugy5Xn5w1uJ1PMXCOYJ4AaABAg",
            "reply_content": "\u9019\u96c6\u597d\u597d\u770b"
        },
        {
            "reply_id": "UgwSY2kLSPtUujfmRQ14AaABAg",
            "reply_content": "\u60f3\u554f\u83c7\u83c7\u5403\u9b06\u9905\u7684\u5730\u65b9\u5728\u54ea\u88e1\u963f~\u98a8\u666f\u597d\u6f02\u4eae"
        },
        {
            "reply_id": "UgzamGUnE_Yo6tV8BD14AaABAg",
            "reply_content": "\u98db\u884c\u6a5f"
        },
        {
            "reply_id": "UgyEArgTYJsj90lABZN4AaABAg",
            "reply_content": "\u5509"
        },
        {
            "reply_id": "UgyYMcafSeosA11mG4p4AaABAg",
            "reply_content": "\u83c7\u83c7\u6709\u6d3b\u529b\u7684\u6a23\u5b50\uff0c\u771f\u7684\u8b93\u4eba\u5f88\u60f3\u885d\u51fa\u53bb\u73a9\u800d"
        },
        {
            "reply_id": "Ugzm1Tc78eNlCL5vQrl4AaABAg",
            "reply_content": "\u606d\u559c\u91d1\u91dd\u83c7\u5fa9\u6d3b"
        },
        {
            "reply_id": "UgzoQjHTxhC5pku0KiZ4AaABAg",
            "reply_content": "\u89d2\u86cb\u767d\u597d\u50cf\u9055\u6cd5\u8036"
        },
        {
            "reply_id": "UgxNYuso759ZlA0d2nB4AaABAg",
            "reply_content": "\u91d1\u91dd\u83c7\u88ab\u5abd\u5abd\u7684\u611b\u5fc3\u98df\u7269\u990a\u6210\u7f8e\u767d\u83c7\u4e86"
        },
        {
            "reply_id": "UgxFJIIxSbgNSpUb45Z4AaABAg",
            "reply_content": "\u53ea\u807d\u8072\u97f3\u5f88\u6bcd\u6e6f"
        },
        {
            "reply_id": "UgxxBFwPi9B8LD3bpNh4AaABAg",
            "reply_content": "\u6211\u60f3\u77e5\u9053\u4f60\u505a\u80cc\u77ef\u6b63\u7684\u5730\u65b9\u662f\u54ea\u88e1\u6709\u96fb\u8a71\u865f\u78bc\u8ddf\u4f4f\u5740\u55ce\u8b1d\u8b1d"
        },
        {
            "reply_id": "Ugy5TH_mI-PAxnLwqZx4AaABAg",
            "reply_content": "\u606d\u559c\u83c7\u83c7\u6062\u5fa9\u5065\u5eb7\u518d\u51fa\u767c\uff01\u76f8\u4fe1\u59b3\u6703\u5e36\u7d66\u6211\u5011\u66f4\u68d2\u7684\u5f71\u7247\u8207\u5546\u54c1"
        }
    ]
}