{
    "video_info": {
        "id": "q2lHngfTEwI",
        "channelTitle": "\u97d3\u52fe\u311f\u91d1\u91dd\u83c7 \ucc10\uca50\uafb8",
        "title": "\u4e00\u6b21\u5403\u720613\u7a2e\u53f0\u7063\u591c\u5e02\u5c0f\u5403\ud83d\udd25\u8aaa\u600e\u9ebc\u53ef\u4ee5\u9019\u9ebc\u591a\u6a23\ud83d\ude02\ud83d\ude02\u3010\u91d1\u5bb6\u5718\u5713EP.3\u3011\u592a\u98fd\u4e86\u5427\uff5c\u97d3\u52fe\u311f\u91d1\u91dd\u83c7 \ucc10\uca50\uafb8",
        "description": "#\u83c7\u7238\u83c7\u5abd\u4f86\u53f0\u7063 #\u91d1\u5bb6\u5718\u5713\n\n\u5f71\u7247\u4e2d\u7684\u97d3\u5f0f\u62cd\u8cbc\u6a5f\u5728 #\u58eb\u6797\u591c\u5e02 \u88e1\uff01\n\ud83d\udccd99C film\n\u53f0\u5317\u5e02\u58eb\u6797\u5340\u5927\u6771\u8def16-7\u865f\n\nhttps://maps.app.goo.gl/zoQn2ssxhJBrSdHZ6?g_st=ic\n\n\u5e0c\u671b\u4f60\u5011\u559c\u6b61\u9019\u90e8\u5f71\u7247\n\u559c\u6b61\u5e6b\u6211\u8a02\u95b1\u6309\u8b9a\u5206\u4eab \u8a18\u5f97\u958b\u555f\u5c0f\u9234\u943a\u6536\u53d6\u65b0\u7247\u901a\u77e5\u5594\uff01\n\n\uff3f\uff3f\uff3f\uff3f\uff3f\uff3f\uff3f\uff3f\uff3f\uff3f\uff3f\uff3f\uff3f\uff3f\uff3f\uff3f\uff3f\uff3f\uff3f\uff3f\uff3f\n\n\u2b50\ufe0f\u91d1\u91dd\u83c7\u7684\u97d3\u570b\u7f8e\u98df\u54c1\u724c\uff1ahttps://www.kimkfoods.com\n\u2b50\ufe0f\u91d1\u5bb6\u311f\u5e03\u5e33\u99ac\u8eca\uff1ahttps://www.facebook.com/groups/2297603990535075/\n\u2b50\ufe0f\u91d1\u91dd\u83c7\u7684\u7c89\u5c08: https://www.facebook.com/Koreajinzhengu/\n\u2b50\ufe0f\u91d1\u91dd\u83c7\u7684IG: https://www.instagram.com/ggu__kim/\n\u2b50\ufe0f\u5408\u4f5c\u9080\u7d04\u8acb\u6d3dPressPlay\uff1ajinyoungkim@pressplay.cc\n\n\uff3f\uff3f\uff3f\uff3f\uff3f\uff3f\uff3f\uff3f\uff3f\uff3f\uff3f\uff3f\uff3f\uff3f\uff3f\uff3f\uff3f\uff3f\uff3f\uff3f\uff3f",
        "likeCount": "36429",
        "commentCount": "1088",
        "viewCount": "1539150"
    },
    "comments": [
        {
            "reply_id": "Ugxmtme6oYFgLuziUPx4AaABAg",
            "reply_content": "\u82b1\u751f\u7cd6"
        },
        {
            "reply_id": "UgzDVem34spyJNKA9rx4AaABAg",
            "reply_content": "\u5973\u5152\u4e86"
        },
        {
            "reply_id": "UgyiMrrgYV2XxXZIUpZ4AaABAg",
            "reply_content": "\u6c92\u5403\u904e\u5427"
        },
        {
            "reply_id": "UgyrzFS1E1bhKtZzaBZ4AaABAg",
            "reply_content": "\u592a\u68d2\u4e86"
        },
        {
            "reply_id": "UgxegewdIyDKEAEnN7V4AaABAg",
            "reply_content": "\u7fd2\u6163\u5c31\u597d"
        },
        {
            "reply_id": "Ugzdy8WOGtIa6sXpvgN4AaABAg",
            "reply_content": "\u6703\u60f3\u5ff5"
        },
        {
            "reply_id": "Ugz2KaJG3XWpOPNKC514AaABAg",
            "reply_content": "\u83c7\u7238\u597d\u53ef\u611b"
        },
        {
            "reply_id": "UgwhdfrBEe3miGUL_2J4AaABAg",
            "reply_content": "\u83c7\u8ddf\u5abd\u5abd\u9577\u8d85\u50cf"
        },
        {
            "reply_id": "UgzchwLvvYZQ7ikueat4AaABAg",
            "reply_content": "\u7238\u7238\u770b\u8d77\u4f86\u5c31\u662f\u500b\u597d\u597d\u5148\u751f\u597d\u7238\u7238\u597d\u4e08\u592b\u7684\u6a23\u5b50\u2764"
        },
        {
            "reply_id": "UgwLTNHKslT0nYYhcrB4AaABAg",
            "reply_content": "\u597d\u6069\u611b\u7684\u4e00\u5bb6"
        },
        {
            "reply_id": "UgwKlFIXG7e4L6Dxs2x4AaABAg",
            "reply_content": "\u5b5d\u5973"
        },
        {
            "reply_id": "UgyFcts4OhsUZ-3Bokh4AaABAg",
            "reply_content": "\u53f0\u7063\u7684\u81ed\u8c46\u8150\u6700\u597d\u5403\u6cbe\u8fa3\u91ac\u66f4\u597d\u5403\u5f88\u8b9a\u5462"
        },
        {
            "reply_id": "UgxtcuPtv5KTBvzAI1d4AaABAg",
            "reply_content": "\u4f60\u5011\u4e2d\u6587\u8aaa\u5f97\u771f\u597d"
        },
        {
            "reply_id": "UgywUgdXs1NfPbM2TqN4AaABAg",
            "reply_content": "\u53f0\u7063\u5f88\u4fbf\u5b9c"
        },
        {
            "reply_id": "UgxXdMSWTYy75W0yQdR4AaABAg",
            "reply_content": "\u4ec0\u9ebc\u90fd\u597d\u597d\u5403"
        },
        {
            "reply_id": "Ugx_GLia0S-kmg8MWSJ4AaABAg",
            "reply_content": "\u52a0\u9999\u83dc"
        },
        {
            "reply_id": "Ugwwm9Chn2_4WYxGON14AaABAg",
            "reply_content": "\u5f88\u512a\u79c0\u7684\u91dd\u83c7"
        },
        {
            "reply_id": "Ugxk8B9_hUcg_I_OBn14AaABAg",
            "reply_content": "\u5641\u5fc3\u4e0b\u5730\u7344"
        },
        {
            "reply_id": "UgwsT9xAv0LBjqhVU4V4AaABAg",
            "reply_content": "\u6211\u5011\u53f0\u7063\u7684\u81ed\u8c46\u8150\u70ba\u4ec0\u9ebc\u6703\u5728\u4e2d\u9593\u53c9\u4e00\u500b\u6d1e \u662f\u70ba\u4e86\u8981\u8b93\u88e1\u9762\u6709\u88ab\u70b8\u719f \u4e0d\u662f\u70ba\u4e86\u653e\u6ce1\u83dc\u7684"
        },
        {
            "reply_id": "UgzaBzxU4UW7nUhWHrd4AaABAg",
            "reply_content": "\u6eab\u99a8\u4e00\u5bb6\u4eba \u60f3\u60f3\u597d\u4e45\u6c92\u8ddf\u7238\u5abd\u4e00\u8d77\u901b\u591c\u5e02\u4e86"
        },
        {
            "reply_id": "UgzoMxv1tQqJzMQ9wtl4AaABAg",
            "reply_content": "\u53f0\u7063\u7684\u7f8e\u98df\u662f\u5f88\u597d\u5403\u7684\uff0c\u4f46\u770b\u4e86\u9019\u5f71\u7247\u90fd\u4e0d\u77e5\u8a72\u8aaa\u4ec0\u9ebc\u4e86"
        },
        {
            "reply_id": "UgweHwI_VCNrZcdBOGV4AaABAg",
            "reply_content": "\u6709\u91d1\u91dd\u83c7\u9019\u6a23\u7684\u5973\u5152\uff0c\u6211\u60f3\u6bcf\u500b\u7236\u6bcd\u90fd\u6703\u89ba\u5f97\u5f88\u9a55\u50b2"
        },
        {
            "reply_id": "Ugw-Bfm6UPGUGERFA-N4AaABAg",
            "reply_content": "\u5f88\u591a\u7684\u53f0\u7063\u98df\u7269\u540d\u7a31\u5927\u90fd\u662f\u53f0\u8a9e\u767c\u97f3"
        },
        {
            "reply_id": "UgxhwLBEHUw35OLBepd4AaABAg",
            "reply_content": "\u7238\u5abd\u90fd\u597d\u5e74\u8f15\u53c8\u5e25\u53c8\u6f02\u4eae"
        },
        {
            "reply_id": "Ugy8GhFjziJzKYUUKzF4AaABAg",
            "reply_content": "\u6211\u90fd\u4e0d\u77e5\u9053\u591a\u5c11\u5e74\u6c92\u4f86\u4e86"
        }
    ]
}