{
    "video_info": {
        "id": "qVjp37xLkoE",
        "channelTitle": "\u97d3\u52fe\u311f\u91d1\u91dd\u83c7 \ucc10\uca50\uafb8",
        "title": "\u6700\u8fd1\u6d41\u884c\u7684\u300c\u7a7f\u642d\u7a7a\u4e2d\u62cd\u651d\u6cd5\u300d\u4f60\u8a66\u904e\u55ce\uff1f",
        "description": "",
        "likeCount": "22806",
        "commentCount": "309",
        "viewCount": "1030295"
    },
    "comments": [
        {
            "reply_id": "UgzAfB4WVTPFyQ_EAJd4AaABAg",
            "reply_content": "\u91d1\u91dd\u83c7"
        },
        {
            "reply_id": "UgyZr6JmeS9F6W1fluB4AaABAg",
            "reply_content": "\u9019\u817f"
        },
        {
            "reply_id": "UgztOICTXtqo4wnn4GJ4AaABAg",
            "reply_content": "\u592a\u5e73\u4e86"
        },
        {
            "reply_id": "UgwslMOgqlmzOZ8byL54AaABAg",
            "reply_content": "\u6a23\u8870"
        },
        {
            "reply_id": "UgzIf2OvXU5gBZ4XpQB4AaABAg",
            "reply_content": "\u6b63\u59b9"
        },
        {
            "reply_id": "Ugw5Wr-0nbaFIe6rYu94AaABAg",
            "reply_content": "\u5728\u842c\u83ef"
        },
        {
            "reply_id": "Ugy8SOCuHveMO4K7Jgd4AaABAg",
            "reply_content": "\u6c92\u7a7f\u5167\u8863\u597d\u8272\u5594"
        },
        {
            "reply_id": "UgwAV0XpwLtqZLTMjsZ4AaABAg",
            "reply_content": "\u91d1\u722d\u8339\u8eab\u6750\u5f88\u82d7\u689d"
        },
        {
            "reply_id": "UgybHwDo3PhpgEAI0Th4AaABAg",
            "reply_content": "\u7f8e\u83c7"
        },
        {
            "reply_id": "UgxL5Gt9ysksM5rCE0h4AaABAg",
            "reply_content": "\u90a3\u5929\u6211\u5728\u6a13\u4e0a\u770b\u8457\u59b3\u6d3b\u585e\u904b\u52d5"
        },
        {
            "reply_id": "UgzSEFdsga8F3iB2l1t4AaABAg",
            "reply_content": "\u8bf7\u95ee\u8fd9\u4e2a\u914d\u4e50\u53eb\u4ec0\u4e48\u540d\u5b57"
        },
        {
            "reply_id": "UgyMGcyV2T5QeiaShQp4AaABAg",
            "reply_content": "\u5df2\u7b11\u6b7b"
        },
        {
            "reply_id": "UgwBTNOWDpDSQtYWMQh4AaABAg",
            "reply_content": "\u6211\u5e38\u5e38\u5728\u6ed1\u6709\u95dc\u65bc\u7f8e\u7684\u4e8b\u7269\uff0c\u5982\u4eca\u6f14\u7b97\u6cd5\u8b93\u6211\u9047\u898b\u4e86\u4f60"
        },
        {
            "reply_id": "UgxCZNFtx8i-JIDPr694AaABAg",
            "reply_content": "\u9019\u5730\u65b9\u5728\u842c\u83ef\u9f8d\u5c71\u5bfa\u5ee3\u5dde\u8857\u591c\u5e02\u9644\u8fd1\u8fd1"
        },
        {
            "reply_id": "UgworVSsS2UD5iGozsp4AaABAg",
            "reply_content": "\u4eba\u7f8e\u600e\u9ebc\u62cd\u62cd\u90fd\u597d"
        },
        {
            "reply_id": "UgySAAMKuHiHZJFT5nZ4AaABAg",
            "reply_content": "\u597d\u7f8e"
        },
        {
            "reply_id": "UgxlXxlsBmxM1FEHvsR4AaABAg",
            "reply_content": "\u597d\u50cf\u8a8d\u8b58\u5594"
        },
        {
            "reply_id": "UgyRF5dewQHlO_iswkN4AaABAg",
            "reply_content": "\u98de\u673a\u573a"
        },
        {
            "reply_id": "UgwE0ugKB8eJo_4xbE14AaABAg",
            "reply_content": "\u719f\u6089\u7684\u842c\u83ef\u6700\u5c0d\u5473"
        },
        {
            "reply_id": "UgyccNj2kVm-kfk7ntp4AaABAg",
            "reply_content": "\u4e09\u5c0f"
        },
        {
            "reply_id": "UgxjXJbTcAFwxBjHHMp4AaABAg",
            "reply_content": "\u592a\u53ef\u611b\u4e86\u5427"
        },
        {
            "reply_id": "UgzIPq1-JmMtZofFCQ14AaABAg",
            "reply_content": "\u5c0d\u978b\u771f\u4fc2\u597d\u649a\u67d2"
        },
        {
            "reply_id": "Ugx_9lAAB9-vNM7zYS14AaABAg",
            "reply_content": "\u7a7a\u4e2d\u62cd\u61fe\u662f\u7528\u751a\u9ebc\u62cd"
        },
        {
            "reply_id": "Ugz7LHWSDOv1GZaN8G94AaABAg",
            "reply_content": "\u6200\u611b\u60f9"
        },
        {
            "reply_id": "UgwOEqDO1FXFo9lnqht4AaABAg",
            "reply_content": "\u6211\u60f3\u8aaa\u9019\u662f\u90a3\u88e1\u4f86\u7684\u6b63\u59b9"
        }
    ]
}