{
    "video_info": {
        "id": "RN96jdqnMHc",
        "channelTitle": "\u97d3\u52fe\u311f\u91d1\u91dd\u83c7 \ucc10\uca50\uafb8",
        "title": "\u6311\u6230\u5929\u5929\u559d2500cc\u6c34\ud83d\udd25\u7d00\u9304\u4e00\u9031\u6709\u6c92\u6709\u5947\u8e5f\u8b8a\u5316VLOG\uff5c\u97d3\u52fe\u311f\u91d1\u91dd\u83c7 \ucc10\uca50\uafb8",
        "description": "\u70ba\u81ea\u5df1\u7684\u6311\u6230\uff01\u591a\u559d\u6c34\uff01\n\u5e0c\u671b\u53ef\u4ee5\u5065\u5eb7 \u6bcf\u5929\u5feb\u6a02\u4e0b\u53bb\u2764\ufe0f \n\u5927\u5bb6\u4e5f\u53ef\u4ee5\u4e00\u8d77\u5594\uff5e\n\n\u5f71\u7247\u4e2d\u4ecb\u7d39\u7684\nFOREO\u5b98\u65b9\u7db2\u7ad9\u73fe\u5728\u6709\u512a\u60e0\n\u6211\u628a\u9023\u7d50\u653e\u9019\u88e1\uff5eLUNA3\u6d17\u81c9\u6a5f\u9019\u88e1\u8cb7\uff1ahttps://foreo.se/GuKim_LUNA3\n\n\u5e0c\u671b\u4f60\u5011\u559c\u6b61\u9019\u90e8\u5f71\u7247\n\u559c\u6b61\u5e6b\u6211\u8a02\u95b1\u6309\u8b9a\u5206\u4eab \u8a18\u5f97\u958b\u555f\u5c0f\u9234\u943a\u6536\u53d6\u65b0\u7247\u901a\u77e5\u5594\uff01\n\n#\u4e00\u9031\u559d\u6c34\u6311\u6230 #\u4ee5\u5f8c\u4e5f\u7e7c\u7e8c\u559d\u4e0b\u53bb #\u5065\u5eb7\n\n\uff3f\uff3f\uff3f\uff3f\uff3f\uff3f\uff3f\uff3f\uff3f\uff3f\uff3f\uff3f\uff3f\uff3f\uff3f\uff3f\uff3f\uff3f\uff3f\uff3f\uff3f\n\n\u2b50\ufe0f\u91d1\u91dd\u83c7\u7684\u97d3\u570b\u7f8e\u98df\u54c1\u724c\uff1ahttps://www.kimkfoods.com\n\u2b50\ufe0f\u91d1\u5bb6\u311f\u5e03\u5e33\u99ac\u8eca\uff1ahttps://www.facebook.com/groups/2297603990535075/\n\u2b50\ufe0f\u91d1\u91dd\u83c7\u7684\u7c89\u5c08: https://www.facebook.com/Koreajinzhengu/\n\u2b50\ufe0f\u91d1\u91dd\u83c7\u7684IG: https://www.instagram.com/ggu__kim/\n\u2b50\ufe0f\u5408\u4f5c\u9080\u7d04\u8acb\u6d3dPressPlay\uff1ajinyoungkim@pressplay.cc\n\n\uff3f\uff3f\uff3f\uff3f\uff3f\uff3f\uff3f\uff3f\uff3f\uff3f\uff3f\uff3f\uff3f\uff3f\uff3f\uff3f\uff3f\uff3f\uff3f\uff3f\uff3f",
        "likeCount": "9552",
        "commentCount": "389",
        "viewCount": "521151"
    },
    "comments": [
        {
            "reply_id": "Ugyk8LYOHL-CmWu3i7t4AaABAg",
            "reply_content": "\u4f60\u63a8\u85a6\u7684\u5168\u5bb6\u98ef\u7cf0\u771f\u662f\u96e3\u5403 \u771f\u7684\u662f\u8981\u7d66\u4f60\u5dee\u8a55"
        },
        {
            "reply_id": "Ugw1SMGVXYsteORj2254AaABAg",
            "reply_content": "\u6eab\u6c34\u771f\u7684\u6bd4\u8f03\u96e3\u559d"
        },
        {
            "reply_id": "Ugxp-1dXd-2jD870yTd4AaABAg",
            "reply_content": "\u9ad4\u6c34\u5206\u5176\u5be6\ud83d\ude02\u53d7\u808c\u8089\u91cf\u8ddf\u78b3\u6c34\u651d\u53d6\u91cf\u4e5f\u6709\u883b\u591a\u5f71\u97ff\u7684"
        },
        {
            "reply_id": "UgyUnNc7zv2ty717SOV4AaABAg",
            "reply_content": "\u559d\u6c34\u771f\u7684\u5c0d\u76ae\u819a\u4f86\u8aaa\u5f88\u597d"
        },
        {
            "reply_id": "UgzXc5y3z61PPCfFU154AaABAg",
            "reply_content": "\u5e0c\u671b\u91d1\u91dd\u83c7\u63a5\u5230\u725b\u5976\u7684\u696d\u914d"
        },
        {
            "reply_id": "Ugwine_K7uuPHKIcR554AaABAg",
            "reply_content": "\u5403\u592a\u9e79\u5c31\u5bb9\u6613\u6c34\u816b\u5594"
        },
        {
            "reply_id": "UgydVkj5xSe4IwpK5q94AaABAg",
            "reply_content": "\u53ef\u4ee5\u5f04\u6c23\u6ce1\u6c34\u559d\u554a"
        },
        {
            "reply_id": "UgyUN3tj58pszChH2JR4AaABAg",
            "reply_content": "\u6572\u7897\u54e5\u54e5\u716e\u7684\u97d3\u5f0f\u6599\u7406\u5f71\u7247"
        },
        {
            "reply_id": "Ugw15Zxl57AWs_aoDYl4AaABAg",
            "reply_content": "\u662f\u53e4\u5a03\u5a03\u7684\u6c34\u58fa\u6b38"
        },
        {
            "reply_id": "UgwLjyox9tsNWjoJ7fB4AaABAg",
            "reply_content": "\u7247\u4e2d\u6709\u4ecb\u7d39\u6d17\u81c9\u7528\u54c1\uff0c\u90a3\u6709\u6e05\u9f3b\u982d\u7c89\u523a\u7684\u7528\u54c1\u55ce"
        },
        {
            "reply_id": "UgxzxhbDLacWhE8otEd4AaABAg",
            "reply_content": "\u7389\u7c73\u9b1a\u8336\uff01\u6700\u8fd1\u770b\u4e86\u4e00\u672c\u97d3\u570b\u5c0f\u8aaa\u5f8c\u4e5f\u597d\u60f3\u559d\u770b\u770b"
        },
        {
            "reply_id": "Ugy5qh6I7zypL36xvrR4AaABAg",
            "reply_content": "\u8b8a\u6210\u674f\u9b91\u83c7\u4e86"
        },
        {
            "reply_id": "Ugz30Gq5W_32nnSokzR4AaABAg",
            "reply_content": "\u606d\u559c\u559d\u6c34\u6311\u6230\u6210\u529f"
        },
        {
            "reply_id": "UgwGsZcTFM7r8jXroT94AaABAg",
            "reply_content": "\u6211\u53ef\u80fd\u4e5f\u9700\u8981\u6709\u6642\u9593\u7684\u6c34\u58fa"
        },
        {
            "reply_id": "UgykeyL6uR_M3bsisGR4AaABAg",
            "reply_content": "\u91d1\u91dd\u83c7\u6211\u4f86\u7c3d\u5230\u4e86"
        },
        {
            "reply_id": "UgwiTICqFmG2GG2rSIR4AaABAg",
            "reply_content": "\u7576\u5fc3\u6c34\u4e2d\u6bd2"
        },
        {
            "reply_id": "UgwNT7bbYqh6S1QFYOh4AaABAg",
            "reply_content": "\u6211\u4e5f\u662f\u90fd\u4e0d\u592a\u559c\u6b61\u559d\u6c34\u4f46\u90fd\u559d\u98f2\u6599\u6211\u6c7a\u5b9a\u8981\u8ddf\u4f60\u4e00\u6a23\u6311\u6230\u770b\u770b"
        },
        {
            "reply_id": "UgzG3p2hDabnxXsumQB4AaABAg",
            "reply_content": "\u771f\u7684\u8981\u591a\u559d\u6c34\uff0c\u4e0d\u7136\u5e74\u7d00\u5230\u4e86\u6703\u6709\u6d17\u814e\u7684\u5371\u96aa"
        },
        {
            "reply_id": "Ugz6nToQ6OnWMeF6UEN4AaABAg",
            "reply_content": "\u611f\u89ba\u6709\u8b8a\u7626"
        },
        {
            "reply_id": "UgxHvM55AUeIkeCr5wx4AaABAg",
            "reply_content": "\u6574\u5929\u8449\u914d\u8b8a\u5f97\u4e0d\u559c\u6b61\u770b"
        },
        {
            "reply_id": "Ugx0NXeYfOBEju-8x2l4AaABAg",
            "reply_content": "\u8acb\u554f\u6c34\u58fa\u662f\u4ec0\u9ebc\u724c\u5b50\u7684"
        },
        {
            "reply_id": "UgwnVVJYJu_8_YoM2Xx4AaABAg",
            "reply_content": "\u96d6\u7136\u559d\u4e86\u5f88\u591a\u6c34 \u4f46\u91d1\u91dd\u83c7\u9019\u79ae\u62dc\u4e5f\u662f\u5403\u4e86\u5f88\u591a\u597d\u6599\u554a\u54c8\u54c8\u54c8\u54c8"
        },
        {
            "reply_id": "UgyvDGsaC8N0vIUYWyZ4AaABAg",
            "reply_content": "\u91d1\u4f76\u6c41\u597d\u7279\u5225\u54e6"
        },
        {
            "reply_id": "UgwQIUohli3-WSsLs0R4AaABAg",
            "reply_content": "\u91d1\u91dd\u59d1\u7684\u8981\u5403\u7d20\u8eab\u9ad4\u624d\u5065\u5eb7\u7684"
        },
        {
            "reply_id": "UgwO6zmhfnw5FyUygt94AaABAg",
            "reply_content": "\u53ef\u4ee5\u8b8a\u6210\u6bcf\u500b\u6708\u5176\u4e2d\u4e00\u9031\u7684\u6aa2\u8a0e\u7cfb\u5217\u5462"
        }
    ]
}