{
    "video_info": {
        "id": "RvmrGiXo9MI",
        "channelTitle": "\u97d3\u52fe\u311f\u91d1\u91dd\u83c7 \ucc10\uca50\uafb8",
        "title": "\u672c\u5cf6\u5403\u4e0d\u5230\u76847\u7a2e\u300c\u91d1\u9580\u7279\u8272\u7f8e\u98df\u300d\ud83d\udd25\u91d1\u50f9\u597d\u5403\u7121\u96f7\u5c0f\u5403 \u96e2\u5cf6\u9650\u5b9a\u8981\u5927\u5403\u4e00\u9813\u5427\uff01\uff01\uff01\uff5c\u97d3\u52fe\u311f\u91d1\u91dd\u83c7 \ucc10\uca50\uafb8",
        "description": "\u5f71\u7247\u4e2d\u7684\u7280\u725b\u76fe\u8cc7\u8a0a\u653e\u9019\u88e1\u5594\ud83d\ude4c2022/12/23-2023/1/6 \u7d50\u5e33\u8f38\u5165\u3010BOXINGDAY2022 \u3011 \u5168\u992885\u6298\n\n\u5982\u679c\u932f\u904e\u6642\u9593\n\u4e5f\u53ef\u4ee5\u7528\u3010ytgu2102\u3011\u4e0d\u9650\u66429\u6298\u512a\u60e0\u5537\n\n\u9023\u7d50\uff1ahttps://url.rhinoshield.tw/lataw6at\n\n#\u8d85\u5f37\u78c1\u5438 #rhinoshieldtw #\u7280\u725b\u76fe\u624b\u6a5f\u6bbc\n\n\n\u26a1\ufe0f\u91d1\u9580\u7279\u8272\u7f8e\u98df\u26a1\ufe0f\n\n\u6cb9\u689d\n\u91d1\u9580 \u5408\u8a08\u6cb9\u689d \n\u91d1\u9580\u7e23\u91d1\u57ce\u93ae\u5317\u9580\u91cc\u83dc\u5e02\u5834\u8def43\u865f\n\n\u5ee3\u6771\u7ca5\n\u6c38\u6625\u5ee3\u6771\u7ca5 06:00\u201313:3\n893\u91d1\u9580\u7e23\u91d1\u57ce\u93ae\u8392\u5149\u8def162\u4e4b2\u865f\n\n\u71d2\u9905\n\u95a9\u5f0f\u71d2\u9905\u5c08\u8ce3\u5e97 07:00\u201315:00\n890\u91d1\u9580\u7e23\u91d1\u6c99\u93ae\u535a\u611b\u885748\u865f\n\n\u5c0f\u7c60\u5305\n\u9032\u9e97\u5c0f\u7c60\u5305\n\u91d1\u9580\u7e23\u91d1\u57ce\u93ae\u5149\u524d\u8def34\u865f\n\n\u86cb\u72d7\n\u5408\u6cc9\u8cfc\u7269\u4e2d\u5fc3 09:00\u201317:00\n891\u91d1\u9580\u7e23\u91d1\u6e56\u93ae\u675163\u865f\n\n\u5c71\u897f\u62cc\u9eb5\u9577\u69ae\u5546\u884c \n11:00\u201313:30, 17:00\u201319:30\n890\u91d1\u9580\u7e23\u91d1\u6c99\u93ae\u4e09\u5c71\u91cc\u5c71\u897f\u675122\u865f\n\n\u65b0\u5927\u540c\u9910\u98f2 \uff08\u8c6c\u8840\u704c\u5927\u8178\uff09\n11:00\u201321:00\n894\u91d1\u9580\u7e23\u70c8\u5dbc\u9109\u897f\u8def1-2\u865f\n\n\n\n\u26a1\ufe0f\u91d1\u9580\u666f\u9ede\u26a1\ufe0f\n\u5317\u5c71\u64ad\u97f3\u7246\n\u91d1\u9580\u7e23\u91d1\u5be7\u9109\u8fd1\u5317\u5c71\u65b7\u5d16 \nhttps://kinmen.travel/zh-tw/travel/attraction/1394\n\n\u91d1\u9580\u9152\u5ee0\n\u91d1\u9580\u7e23\u91d1\u5be7\u9109\u91d1\u5be7\u9109\u6843\u5712\u8def1\u865f \nhttps://kinmen.travel/zh-tw/travel/attraction/1342\n\n\u91d1\u9580\u57ce\u98a8\u7345\u723a\n\u91d1\u9580\u7e23\u91d1\u57ce\u93ae\u91d1\u9580\u57ce\u8ff4\u5411\u6bbf\u5f8c \nhttps://kinmen.travel/zh-tw/travel/attraction/609\n\n\u9673\u666f\u862d\u6d0b\u6a13\n\u91d1\u9580\u7e23\u91d1\u6e56\u93ae\u6b63\u7fa9\u91cc\u6210\u529f\u67511\u865f\nhttps://kinmen.travel/zh-tw/travel/attraction/649\n\n\u660e\u907a\u8001\u8857 \u91d1\u9580\u7e23\u91d1\u57ce\u93ae\u53e4\u57ce\u6751\u5927\u53e4\u5d17100\u865f(\u8fd1\u53e4\u57ce\u570b\u5c0f) \nhttps://kinmen.travel/zh-tw/travel/attraction/458\n\n\u91d1\u9580\u57ce\u5317\u9580\uff08\u8ddf\u7b2c\u516d\u500b\u660e\u907a\u8001\u8857\u5728\u540c\u4e00\u5340\uff09\n\n\n\u5e0c\u671b\u4f60\u5011\u559c\u6b61\u9019\u90e8\u5f71\u7247\n\u559c\u6b61\u5e6b\u6211\u8a02\u95b1\u6309\u8b9a\u5206\u4eab \u8a18\u5f97\u958b\u555f\u5c0f\u9234\u943a\u6536\u53d6\u65b0\u7247\u901a\u77e5\u5594\uff01\n\n\uff3f\uff3f\uff3f\uff3f\uff3f\uff3f\uff3f\uff3f\uff3f\uff3f\uff3f\uff3f\uff3f\uff3f\uff3f\uff3f\uff3f\uff3f\uff3f\uff3f\uff3f\n\n\u2b50\ufe0f\u91d1\u91dd\u83c7\u7684\u97d3\u570b\u7f8e\u98df\u54c1\u724c\uff1ahttps://www.kimkfoods.com\n\u2b50\ufe0f\u91d1\u5bb6\u311f\u5e03\u5e33\u99ac\u8eca\uff1ahttps://www.facebook.com/groups/2297603990535075/\n\u2b50\ufe0f\u91d1\u91dd\u83c7\u7684\u7c89\u5c08: https://www.facebook.com/Koreajinzhengu/\n\u2b50\ufe0f\u91d1\u91dd\u83c7\u7684IG: https://www.instagram.com/ggu__kim/\n\u2b50\ufe0f\u5408\u4f5c\u9080\u7d04\u8acb\u6d3dPressPlay\uff1ajinyoungkim@pressplay.cc\n\n\uff3f\uff3f\uff3f\uff3f\uff3f\uff3f\uff3f\uff3f\uff3f\uff3f\uff3f\uff3f\uff3f\uff3f\uff3f\uff3f\uff3f\uff3f\uff3f\uff3f\uff3f",
        "likeCount": "9286",
        "commentCount": "386",
        "viewCount": "470796"
    },
    "comments": [
        {
            "reply_id": "UgxZvxGG5jcFq-8vh294AaABAg",
            "reply_content": "\u862d\u5dbc\u7da0\u5cf6"
        },
        {
            "reply_id": "Ugyemv37AkC7nPMkugh4AaABAg",
            "reply_content": "\u54c7\u6211\u9084\u6c92\u53bb\u904e\u99ac\u7956"
        },
        {
            "reply_id": "UgyC-LBSrJueJY80xTd4AaABAg",
            "reply_content": "\u91d1\u9580\u5176\u5be6\u597d\u5403\u7684\u662f\u9910\u5ef3\uff0c\u9019\u4e9b\u5c0f\u5403\u90fd\u662f\u4e09\u6d41\u53e3\u5473\u3002\u63a8\u85a6\u53bb\u8a18\u5fb7\u9084\u6709\u91d1\u8a31\u5712\u9910\u5ef3\u8ddf\u725b\u5bb6\u838a\u53bb\u8a66\u8a66"
        },
        {
            "reply_id": "UgyiwO7NdvXXwauMLBZ4AaABAg",
            "reply_content": "\u91d1\u9580\u53e4\u65e9\u5473\u597d\u5403\u5f88\u591a"
        },
        {
            "reply_id": "Ugz37FdP0XiIQxATlAJ4AaABAg",
            "reply_content": "\u4f60\u5f88\u53b2\u5bb3\u6b38 \u5c45\u7136\u6703\u53bb\u6211\u5011\u672c\u5730\u4eba\u624d\u6703\u53bb\u8cb7\u7684\u5728\u5730\u6cb9\u689d"
        },
        {
            "reply_id": "UgwxFzoCs5ecTXW4-KR4AaABAg",
            "reply_content": "\u91d1\u91dd\u83c7\u8b8a\u7684\u5361\u54c7\u4f0a\u5167\u8036"
        },
        {
            "reply_id": "UgyLYCV3cycpqiEu65B4AaABAg",
            "reply_content": "\u4f60\u597d\u50cf\u53ef\u4ee5\u4f4f\u5728\u90a3\u4e86\u4ec0\u9ebc\u90fd\u5408\u4f60\u80c3\u53e3"
        },
        {
            "reply_id": "Ugx91QlA_6ko_OSkdk94AaABAg",
            "reply_content": "\u611f\u89ba\u5f71\u7247\u5438\u5f15\u529b\u8d8a\u4f86\u8d8a\u5dee"
        },
        {
            "reply_id": "UgxzCtw3QBRZjPI2AoJ4AaABAg",
            "reply_content": "\u4ee5\u524d\u5c0f\u7c60\u5305\u5c31\u662f\u6bd4\u9f0e\u6cf0\u8c50\u7684\u5927\u4e00\u9ede\u3002\u5c0f\u7c60\u5305\u7684\u610f\u601d\u662f\u5c0f\u84b8\u7c60\u7684\u5305\u5b50"
        },
        {
            "reply_id": "Ugy02L32WXllAPF0vWd4AaABAg",
            "reply_content": "\u5c71\u5916\u7684\u963f\u4eae\u96de\u6392 \u8c50\u5e74\u679c\u7cd6\u52a0\u80e1\u6912\u7c89\u751c\u9e79\u53e3\u5473\u4e00\u5b9a\u8981\u5403"
        },
        {
            "reply_id": "UgwxhbZM0mWkZmfU8p54AaABAg",
            "reply_content": "\u666f\u9ede\u7247\u6bb5\u62cd\u5f97\u597d\u50cf\u89c0\u5149\u5927\u4f7f\u7684\u5f71\u7247\u54c8\u54c8"
        },
        {
            "reply_id": "UgxRPn0HrPz1j91mhGp4AaABAg",
            "reply_content": "\u9032\u9e97\u662f\u6211\u91d1\u9580\u6700\u60f3\u518d\u5403\u7684\u7f8e\u98df"
        },
        {
            "reply_id": "UgyAtforbWJUBQe7CTx4AaABAg",
            "reply_content": "\u6211\u525b\u662f\u4e0d\u662f\u5728\u5730\u71b1\u8c37\u770b\u5230\u4f60\u5750\u5728\u611b\u60c5\u6905\u4e0a"
        },
        {
            "reply_id": "UgxXxgHJt7GbYJyaojJ4AaABAg",
            "reply_content": "\u9019\u500b\u6cb9\u689d\u662f\u4e0d\u6b63\u5b97\u505a\u6cd5\uff0c\u9019\u500b\u505a\u6cd5\u53ea\u662f\u628a\u725b\u8137\u9165\u7684\u4f5c\u6cd5\u518d\u62c9\u9577\u4e00\u9ede"
        },
        {
            "reply_id": "UgymqNZ8aRQkDcrnq914AaABAg",
            "reply_content": "\u4e0b\u6b21\u53ef\u4ee5\u53bb\u6f01\u5149\u5cf6"
        },
        {
            "reply_id": "Ugz0pkSYYYE2ulqc8RF4AaABAg",
            "reply_content": "\u6211\u4f86\u770b\u4f60\u4e86\u5973\u670b\u53cb"
        },
        {
            "reply_id": "UgxHk4P2FjkouBVb_6x4AaABAg",
            "reply_content": "\u6b61\u8fce\u91d1\u91dd\u83c7\u4f86\u6211\u5011\u91d1\u9580\u73a9\u800d"
        },
        {
            "reply_id": "UgyMtEwXBdsCrbq9jUl4AaABAg",
            "reply_content": "\u7092\u6ef7\u5473\u4e5f\u5f88\u503c\u5f97\u5403"
        },
        {
            "reply_id": "Ugx783jUrAEnXrkTQzJ4AaABAg",
            "reply_content": "\u91d1\u91dd\u83c7\u7684\u5f71\u7247\u771f\u7684\u6703\u8b93\u4eba\u60f3\u4e00\u53e3\u6c23\u770b\u5b8c"
        },
        {
            "reply_id": "UgxrcEbmJ1M-XH5VvBN4AaABAg",
            "reply_content": "\u4f60\u7626\u597d\u5594"
        },
        {
            "reply_id": "UgwULkPuv9xt5fjzSYF4AaABAg",
            "reply_content": "\u91d1\u9580\u6cb9\u689d\u53e3\u611f\u5f88\u50cf\u751c\u751c\u5708"
        },
        {
            "reply_id": "Ugy-sad01k3HidcbXvF4AaABAg",
            "reply_content": "\u96de\u6392\u52a0\u679c\u7cd6\u4e5f\u5f88\u6709\u7279\u8272"
        },
        {
            "reply_id": "UgxBJDCKQ5CeiEGTwyR4AaABAg",
            "reply_content": "\u5c0f\u7c60\u5305\u9694\u58c1\u7684\u9ebb\u8fa3\u9b5a\u4e5f\u5f88\u597d\u5403\uff01\u6bcf\u6b21\u56de\u91d1\u9580\u5fc5\u5403"
        },
        {
            "reply_id": "UgyIuV_MThGb_MmibFV4AaABAg",
            "reply_content": "\u91d1\u91dd\u83c7\u7d2f\u4e86"
        },
        {
            "reply_id": "Ugwtwe2fWjhkuXYEaTF4AaABAg",
            "reply_content": "\u4f60\u9084\u6c92\u53bb\u904e\u53f0\u7063\u6700\u5927\u96e2\u5cf6"
        }
    ]
}