{
    "video_info": {
        "id": "sauS1OZhwoY",
        "channelTitle": "\u97d3\u52fe\u311f\u91d1\u91dd\u83c7 \ucc10\uca50\uafb8",
        "title": "\u7238\u5abd\u8981\u96e2\u958b\u53f0\u7063\u4e86\ud83d\ude2d\u3010\u91d1\u5bb6\u5718\u5713\u6700\u5f8c\u4e00\u96c6\u3011\u4e00\u8d77\u53bb\u5317\u6d77\u5cb8\u4e00\u65e5\u904a\u2764\ufe0f\u8aaa\u8981\u4f86\u53f0\u7063\u990a\u8001\u54c8\u54c8\u54c8\uff5c\u97d3\u52fe\u311f\u91d1\u91dd\u83c7 \ucc10\uca50\uafb8",
        "description": "#\u83c7\u7238\u83c7\u5abd\u4f86\u53f0\u7063 #\u91d1\u5bb6\u5718\u5713 \n\n\u5e0c\u671b\u4f60\u5011\u559c\u6b61\u9019\u90e8\u5f71\u7247\n\u559c\u6b61\u5e6b\u6211\u8a02\u95b1\u6309\u8b9a\u5206\u4eab \u8a18\u5f97\u958b\u555f\u5c0f\u9234\u943a\u6536\u53d6\u65b0\u7247\u901a\u77e5\u5594\uff01\n\n\uff3f\uff3f\uff3f\uff3f\uff3f\uff3f\uff3f\uff3f\uff3f\uff3f\uff3f\uff3f\uff3f\uff3f\uff3f\uff3f\uff3f\uff3f\uff3f\uff3f\uff3f\n\n\u2b50\ufe0f\u91d1\u91dd\u83c7\u7684\u97d3\u570b\u7f8e\u98df\u54c1\u724c\uff1ahttps://www.kimkfoods.com\n\u2b50\ufe0f\u91d1\u5bb6\u311f\u5e03\u5e33\u99ac\u8eca\uff1ahttps://www.facebook.com/groups/2297603990535075/\n\u2b50\ufe0f\u91d1\u91dd\u83c7\u7684\u7c89\u5c08: https://www.facebook.com/Koreajinzhengu/\n\u2b50\ufe0f\u91d1\u91dd\u83c7\u7684IG: https://www.instagram.com/ggu__kim/\n\u2b50\ufe0f\u5408\u4f5c\u9080\u7d04\u8acb\u6d3dPressPlay\uff1ajinyoungkim@pressplay.cc\n\n\uff3f\uff3f\uff3f\uff3f\uff3f\uff3f\uff3f\uff3f\uff3f\uff3f\uff3f\uff3f\uff3f\uff3f\uff3f\uff3f\uff3f\uff3f\uff3f\uff3f\uff3f",
        "likeCount": "29316",
        "commentCount": "1095",
        "viewCount": "880212"
    },
    "comments": [
        {
            "reply_id": "UgyntjqBzF0OMThM6bd4AaABAg",
            "reply_content": "\u5e0c\u671b\u83c7\u7238\u83c7\u5abd\u5e38\u4f86\u53f0\u7063\u73a9\u54e6"
        },
        {
            "reply_id": "UgzkFIHey-AxMXvESEF4AaABAg",
            "reply_content": "\u97d3\u570b\u7238\u7238\u7684\u5f88\u611b\u5973\u5152"
        },
        {
            "reply_id": "UgzBqxvrB4Er_ZO0uwR4AaABAg",
            "reply_content": "\u83c7\u7238\u83c7\u5abd\u53ef\u4ee5\u8003\u616e\u4f86\u53f0\u7063\u990a\u8001\u5594"
        },
        {
            "reply_id": "Ugys3BjC95caCphT67t4AaABAg",
            "reply_content": "\u597d\u53ef\u611b"
        },
        {
            "reply_id": "UgxLmCWIacTeZCrz7k94AaABAg",
            "reply_content": "\u559c\u6b61\u7238\u5abd\u4f86\u53f0\u7063\u73a9\u7684\u5f71\u7247\uff01\u5e0c\u671b\u7238\u5abd\u53ef\u4ee5\u591a\u4f86\u53f0\u7063\u73a9\u5537"
        },
        {
            "reply_id": "UgwSNg8GICAlB1ltFW54AaABAg",
            "reply_content": "\u83c7\u5abd\u6b63\u54a9\u52d2"
        },
        {
            "reply_id": "UgxYwqTZbqTEEuBScfp4AaABAg",
            "reply_content": "\u73cd\u83c7\u7684\u7238\u7238\u5abd\u5abd\u6b61\u8fce\u4f86\u53f0\u7063\u990a\u8001\u54e6"
        },
        {
            "reply_id": "Ugzytq9zfIe5NTHNH2V4AaABAg",
            "reply_content": "\u6539\u5929\u4f86\u4e45\u4e00\u9ede\u79df\u9732\u71df\u8eca\u74b0\u5cf6\u65c5\u884c"
        },
        {
            "reply_id": "Ugx5YgZR0N-EhJ0WjGh4AaABAg",
            "reply_content": "\u9b0d\u9b1a\u5f35\u9b6f\u8089\u98ef\u771f\u597d\u5403\u5c31\u662f\u5c0f\u8cb4\u4e00\u9ede"
        },
        {
            "reply_id": "UgxZAGzAOp3i0LgH1m94AaABAg",
            "reply_content": "\u62dc\u62dc\u9999\u5343\u842c\u5225\u7528\u5634\u5df4\u5439\u5594"
        },
        {
            "reply_id": "UgxFt-UFbR15jV47kZZ4AaABAg",
            "reply_content": "\u5973\u5152\u8ddf\u5f1f\u5f1f\u5916\u8868\u90fd\u6bd4\u8f03\u50cf\u7238\u7238"
        },
        {
            "reply_id": "UgyJaY1HilY2ETWJdG94AaABAg",
            "reply_content": "\u70b8\u9f8d\u8766\u4e09\u660e\u6cbb\u5403\u8d77\u4f86\u771f\u7684\u8d85\u723d"
        },
        {
            "reply_id": "UgxeX2wBav-vYT8QEqF4AaABAg",
            "reply_content": "\u592a\u5ba2\u6c23\u4e86\u54c8\u54c8"
        },
        {
            "reply_id": "UgxEv2dYlzbtViytLhN4AaABAg",
            "reply_content": "\u7238\u7238\u771f\u67d4\u60c5\u4f3c\u6c34"
        },
        {
            "reply_id": "UgyHOGCZSpplfvZlDk54AaABAg",
            "reply_content": "\u770b\u5230\u6700\u5f8c\u7238\u7238\u4e0d\u6368\u7684\u6a23\u5b50\u5c31\u60f3\u5230\u5927\u5b78\u5047\u65e5\u6536\u5047\u8981\u56de\u5b78\u6821\u7238\u7238\u5abd\u5abd\u4e0d\u6368\u7684\u6a23\u5b50\uff0c\u91d1\u7238\u91d1\u5abd\u8981\u5e38\u5e38\u4f86\u53f0\u7063\u73a9\uff0c\u4e09\u5929\u5169\u591c\u6216\u662f\u5169\u5929\u4e00\u591c\u4e5f\u53ef\u4ee5\u7684\uff0c\u56e0\u70ba\u4e00\u5bb6\u4eba\u90fd\u597d\u53ef\u611b\u597d\u559c\u6b61"
        },
        {
            "reply_id": "UgyOIo2uARjGdgkK_b14AaABAg",
            "reply_content": "\u592a\u592a\u6211\u559c\u6b61\u4f60"
        },
        {
            "reply_id": "UgwvUVSvfp1vQruSr6h4AaABAg",
            "reply_content": "\u611f\u52d5"
        },
        {
            "reply_id": "UgyWWNtVn2AZjcc5eY54AaABAg",
            "reply_content": "\u6700\u5f8c\u770b\u5230\u83c7\u7238\u54ed\u4e5f\u592a\u611f\u4eba\u4e86\u5427\n\u7238\u7238\u5abd\u5abd\u4e00\u5b9a\u5f88\u70ba\u91d1\u91dd\u83c7\u611f\u5230\u9a55\u50b2\n\u770b\u5230\u83c7\u7684\u5f71\u7247\u4e5f\u5f88\u60f3\u8d95\u5feb\u885d\u56de\u5bb6\u7d66\u7238\u7238\u5abd\u5abd\u4e00\u500b\u5927\u64c1\u62b1"
        },
        {
            "reply_id": "UgxPNkWKoYXDM7sHVDR4AaABAg",
            "reply_content": "\u6709\u4eba\u77e5\u9053\u5f71\u7247\u88e1\u9762\u6709\u5403\u9f8d\u9b1a\u83dc\u7684\u9910\u5ef3\u662f\u54ea\u9593\u55ce\ud83d\ude05"
        },
        {
            "reply_id": "UgzKCjebvMGANrSlIrB4AaABAg",
            "reply_content": "\u6b61\u8fce\u518d\u4f86\u53f0\u7063\u65c5\u904a\u554a"
        },
        {
            "reply_id": "UgzZ9jTjpQN9_JcmdBZ4AaABAg",
            "reply_content": "\u9999\u9ede\u8457\u5f8c\u4e0d\u80fd\u7528\u5634\u5439\u7184\u54e6\uff01\u7528\u624b\u6247\u6216\u8f15\u7529\u9999\u67f1"
        },
        {
            "reply_id": "UgyxV-OI9BsJTsQ1mJd4AaABAg",
            "reply_content": "\u5cb3\u7236\u5cb3\u6bcd\u4e0b\u6b21\u518d\u4f86\u53f0\u7063\u73a9"
        },
        {
            "reply_id": "UgxuCHGHAuhIZOzRi5p4AaABAg",
            "reply_content": "\u7238\u7238\u771f\u7684\u5f88\u611f\u6027\uff01\u795d\u4ed6\u5011\u5728\u97d3\u570b\u8eab\u9ad4\u5065\u5eb7\u4e8b\u4e8b\u9806\u5fc3"
        },
        {
            "reply_id": "UgwxosreKAw49rqUN854AaABAg",
            "reply_content": "\u7238\u5abd\u597d\u53ef\u611b"
        },
        {
            "reply_id": "UgxwO1h15U-8pf7d09t4AaABAg",
            "reply_content": "\u8d85\u611f\u52d5\u7684\u5f8c\u9762"
        }
    ]
}