{
    "video_info": {
        "id": "SEUyTGV1lwU",
        "channelTitle": "\u97d3\u52fe\u311f\u91d1\u91dd\u83c7 \ucc10\uca50\uafb8",
        "title": "\u7269\u50f9\u8cb4\u5230\u624b\u6296\uff01\u5168\u7403\u7269\u50f9\u6700\u8cb4\u300c\u745e\u58eb\u300d3\u5929\u82b1\u591a\u5c11\u9322\u5462...\ud83d\ude05\uff1f\ud83d\udd25\u5230\u5e95\u503c\u4e0d\u503c\u5f97\u53bb\ud83c\udde8\ud83c\udded\uff5c\u97d3\u52fe\u311f\u91d1\u91dd\u83c7 \ucc10\uca50\uafb8",
        "description": "#\u745e\u58eb #\u745e\u58eb\u904a #\u91d1\u91dd\u83c7\u4e16\u754c\u65c5\u884c\n\n\u5e0c\u671b\u4f60\u5011\u559c\u6b61\u9019\u90e8\u5f71\u7247\n\u559c\u6b61\u5e6b\u6211\u8a02\u95b1\u6309\u8b9a\u5206\u4eab \u8a18\u5f97\u958b\u555f\u5c0f\u9234\u943a\u6536\u53d6\u65b0\u7247\u901a\u77e5\u5594\uff01\n\n\uff3f\uff3f\uff3f\uff3f\uff3f\uff3f\uff3f\uff3f\uff3f\uff3f\uff3f\uff3f\uff3f\uff3f\uff3f\uff3f\uff3f\uff3f\uff3f\uff3f\uff3f\n\n\u2b50\ufe0f\u91d1\u91dd\u83c7\u7684\u97d3\u570b\u7f8e\u98df\u54c1\u724c\uff1ahttps://www.kimkfoods.com\n\u2b50\ufe0f\u91d1\u5bb6\u311f\u5e03\u5e33\u99ac\u8eca\uff1ahttps://www.facebook.com/groups/2297603990535075/\n\u2b50\ufe0f\u91d1\u91dd\u83c7\u7684\u7c89\u5c08: https://www.facebook.com/Koreajinzhengu/\n\u2b50\ufe0f\u91d1\u91dd\u83c7\u7684IG: https://www.instagram.com/ggu__kim/\n\u2b50\ufe0f\u5408\u4f5c\u9080\u7d04\u8acb\u6d3dPressPlay\uff1ajinyoungkim@pressplay.cc\n\n\uff3f\uff3f\uff3f\uff3f\uff3f\uff3f\uff3f\uff3f\uff3f\uff3f\uff3f\uff3f\uff3f\uff3f\uff3f\uff3f\uff3f\uff3f\uff3f\uff3f\uff3f",
        "likeCount": "30900",
        "commentCount": "840",
        "viewCount": "1414931"
    },
    "comments": [
        {
            "reply_id": "UgxB_KoslnFXdbFHLPx4AaABAg",
            "reply_content": "\u54ce\u5440\u4f60\u4eec\u73a9\u7684\u90fd\u662f\u6781\u7aef\u9ad8\u7ea7\u7684\u666f\u70b9\uff0c\u80af\u5b9a\u662f\u503c\u5f97\u7684\u5566"
        },
        {
            "reply_id": "Ugw9alFUj9bnxZMzv2t4AaABAg",
            "reply_content": "\u6b50\u6d32\u904a\u53e3\u888b\u771f\u7684\u8981\u6df1"
        },
        {
            "reply_id": "Ugy2apNHp4_WMNQI59d4AaABAg",
            "reply_content": "\u63a8\u85a6\u5927\u5bb6\u4f86\u52a0\u62ff\u5927\u7684\u6d1b\u78ef\u5c71\u8108\u73a9\uff5e\u8ddf\u745e\u58eb\u666f\u8272\u5dee\u4e0d\u591a\u5594"
        },
        {
            "reply_id": "Ugy4caBqlUJgv8_TZqN4AaABAg",
            "reply_content": "\u770b\u5b8c\u6c7a\u5b9a\u53bb\u8cb7\u8f9b\u62c9\u9eb5"
        },
        {
            "reply_id": "UgxIHFzuVt5ID-Crudh4AaABAg",
            "reply_content": "\u53bb\u6b50\u6d32\u4e00\u5b9a\u8981\u5e36\u6ce1\u9eb5"
        },
        {
            "reply_id": "Ugx3hyDnyeEp6NezTr94AaABAg",
            "reply_content": "\u8d85\u7f8e\u7684\u666f\u89c0"
        },
        {
            "reply_id": "UgxK7NRM4gHG9frb-GF4AaABAg",
            "reply_content": "\u611b\u73a9\u53c8\u611b\u53eb"
        },
        {
            "reply_id": "Ugz4R0wcpY6FgbtN8WJ4AaABAg",
            "reply_content": "\u597d\u670b\u53cb"
        },
        {
            "reply_id": "Ugx5BQ8ZMPah4YkzKOp4AaABAg",
            "reply_content": "\u5f9e\u53f0\u7063\u5230\u5df4\u9ece\u7684\u6a5f\u7968\u600e\u6c92\u52a0\u9032\u53bb"
        },
        {
            "reply_id": "Ugxu9pakT8zo6U6yrEJ4AaABAg",
            "reply_content": "\u745e\u58eb\u7684\u5c71\u8207\u6e56\u5c31\u662f\u7f8e"
        },
        {
            "reply_id": "UgwQEQL4vhWIFCvKSc14AaABAg",
            "reply_content": "\u80fd\u51fa\u751f\u5728\u745e\u58eb\u7684\u4eba\u4e0a\u8f29\u5b50\u4e00\u5b9a\u505a\u5f88\u591a\u597d\u4e8b"
        },
        {
            "reply_id": "Ugz7MX9PIqGbBXZyRrJ4AaABAg",
            "reply_content": "\u9019\u500b\u9aee\u8272\u8ddf\u745e\u58eb\u9019\u500b\u884c\u7a0b\u597d\u642d"
        },
        {
            "reply_id": "UgxeOCZhSTig1WzowHR4AaABAg",
            "reply_content": "\u5176\u5be6\u5169\u500b\u90fd\u53bb\u904e\u4e4b\u5f8c\u6703\u89ba\u5f97\u632a\u5a01\u66f4\u8cb4\u4e00\u9ede"
        },
        {
            "reply_id": "UgzWxNwnvRD6Z3fcSdp4AaABAg",
            "reply_content": "\u5982\u679c\u5728\u98db\u884c\u5098\u7a7a\u4e2d\u60f3\u5410\u600e\u8fa6"
        },
        {
            "reply_id": "UgxNkfgeiuzaI6ai5qN4AaABAg",
            "reply_content": "\u6240\u4ee5\u4f60\u7684\u91d1\u91dd\u83c7\u70e4\u8089\u5957\u7d44\u662f\u5f9e\u745e\u58eb\u4f86\u7684\u55ce"
        },
        {
            "reply_id": "UgwYPjgNKFhgnd0uPWZ4AaABAg",
            "reply_content": "\u4e0b\u8f29\u5b50\u6211\u6295\u80ce\u7576\u745e\u58eb\u4eba\u5c31\u597d\u4e86"
        },
        {
            "reply_id": "UgzqhZVIH_cwME1JYyN4AaABAg",
            "reply_content": "\u6e38\u6cf3\u770b\u8d77\u6765\u597d\u51b7\u5594"
        },
        {
            "reply_id": "UgwozTimBWlIiR1_4Rd4AaABAg",
            "reply_content": "\u7269\u50f9\u8ddf\u632a\u5a01\u5dee\u4e0d\u591a"
        },
        {
            "reply_id": "UgwxsBS4aB7fjYhTcV14AaABAg",
            "reply_content": "\u8df3\u5098\u90a3\u500b\u666f\u8272\u8d85\u7d1a\u7121\u6575\u7f8e"
        },
        {
            "reply_id": "UgyJ2U5OEoVXgXleend4AaABAg",
            "reply_content": "\u98a8\u666f\u7f8e\uff0c\u98db\u884c\u5098\u7684\u611f\u89ba\u5982\u4f55\u83c7\u83c7\u597d\u50cf\u6709\u4e00\u9ede\u7dca\u5f35"
        },
        {
            "reply_id": "UgyKVkYVqwuL_tYIiQh4AaABAg",
            "reply_content": "\u9b3c\u5cf6\u53f0\u7063\u6700\u6703\u4ec0\u9ebc\u90fd\u6f32\u50f9\u4e86"
        },
        {
            "reply_id": "UgxWNrvu_h8ExqQO5JF4AaABAg",
            "reply_content": "\u6211\u8d85\u611b\u53bb\u97d3\u570b\u73a9\u5566"
        },
        {
            "reply_id": "UgzhxrpoTrmzDSENbdZ4AaABAg",
            "reply_content": "\u771f\u7684\u597d\u7f8e"
        },
        {
            "reply_id": "UgxIxJFSBAwDybm71LF4AaABAg",
            "reply_content": "\u666f\u8272\u771f\u7684\u597d\u7f8e"
        },
        {
            "reply_id": "UgzvAVAR9e_ro235Gx94AaABAg",
            "reply_content": "\u745e\u58eb\u98a8\u666f\u597d\u7f8e"
        }
    ]
}