{
    "video_info": {
        "id": "snV7a5K0OSQ",
        "channelTitle": "\u97d3\u52fe\u311f\u91d1\u91dd\u83c7 \ucc10\uca50\uafb8",
        "title": "\u97d3\u570b\u91d1\u7684\u964c\u751f\u57ce\u5e02\u63a2\u8a2a-\u96f2\u6797\u5317\u6e2f24hr\u904a\u8a18\ud83d\udd25\u4eca\u665a\u4f4f\u300c\u9999\u5ba2\u5927\u6a13\u300d\u8d85\u4fbf\u5b9c\u96f2\u6797\u9285\u677f\u7f8e\u98df\u5fc5\u5403\uff5c\u97d3\u52fe\u311f\u91d1\u91dd\u83c7 \ucc10\uca50\uafb8",
        "description": "\u671f\u5f85\u597d\u4e45\u7684\u53f0\u7063\u51fa\u904a\u2764\ufe0f\n\u9019\u6b21\u53bb\u964c\u751f\u7684\u57ce\u5e02\u96f2\u6797\n\u597d\u559c\u6b61\u597d\u559c\u6b61\u5594\uff01\uff01\uff01\u597d\u591a\u7f8e\u98df\u6211\u5f9e\u4f86\u6c92\u5403\u904eXD\u4e0d\u77e5\u9053\u5927\u5bb6\u6709\u6c92\u6709\u5403\u904e\u5440\uff5e\uff5e\n\n\u611f\u8b1d\u4eca\u5929lenor\u8863\u7269\u82b3\u9999\u8c46\u7684\u966a\u4f34\uff0c\n\u8b93\u6211\u5728\u51fa\u904a\u6642\u4e5f\u80fd\u4e00\u6574\u5929\u9999\u9999\u7684\uff0c\u805e\u5230\u5c31\u597d\u5e78\u798f\u2728\u2728\n \n\u73fe\u5728\u5168\u806f\u3001\u5bb6\u6a02\u798f\u3001\u5c48\u81e3\u6c0f\u3001\u5eb7\u662f\u7f8e\u3001\u5bf6\u96c5\u7b49\u5404\u5927\u901a\u8def\u90fd\u80fd\u8cb7\u5230\u5537\uff01\n\u7dda\u4e0a\u5546\u57ce\u5e38\u63a8\u51fa\u512a\u60e0\u7d44\u5408\uff0c\u5feb\u53bb\u901b\u901b\u5427\ud83e\udd29\n\u9023\u7d50\u653e\u9019\u908a\u5537\u25b6\ufe0f https://lihi1.com/WguG0\n\n\u5e0c\u671b\u4f60\u5011\u559c\u6b61\u9019\u90e8\u5f71\u7247\n\u559c\u6b61\u5e6b\u6211\u8a02\u95b1\u6309\u8b9a\u5206\u4eab \u8a18\u5f97\u958b\u555f\u5c0f\u9234\u943a\u6536\u53d6\u65b0\u7247\u901a\u77e5\u5594\uff01\n\n#\u96f2\u6797\u5317\u6e2f #\u96f2\u6797\u7f8e\u98df #\u97d3\u52fe\u311f\u91d1\u91dd\u83c7 \n\n\uff3f\uff3f\uff3f\uff3f\uff3f\uff3f\uff3f\uff3f\uff3f\uff3f\uff3f\uff3f\uff3f\uff3f\uff3f\uff3f\uff3f\uff3f\uff3f\uff3f\uff3f\n\n\u2b50\ufe0f\u91d1\u91dd\u83c7\u7684\u97d3\u570b\u7f8e\u98df\u54c1\u724c\uff1ahttps://www.kimkfoods.com\n\u2b50\ufe0f\u91d1\u5bb6\u311f\u5e03\u5e33\u99ac\u8eca\uff1ahttps://www.facebook.com/groups/2297603990535075/\n\u2b50\ufe0f\u91d1\u91dd\u83c7\u7684\u7c89\u5c08: https://www.facebook.com/Koreajinzhengu/\n\u2b50\ufe0f\u91d1\u91dd\u83c7\u7684IG: https://www.instagram.com/ggu__kim/\n\u2b50\ufe0f\u5408\u4f5c\u9080\u7d04\u8acb\u6d3dPressPlay\uff1ajinyoungkim@pressplay.cc\n\n\uff3f\uff3f\uff3f\uff3f\uff3f\uff3f\uff3f\uff3f\uff3f\uff3f\uff3f\uff3f\uff3f\uff3f\uff3f\uff3f\uff3f\uff3f\uff3f\uff3f\uff3f",
        "likeCount": "16602",
        "commentCount": "1054",
        "viewCount": "830196"
    },
    "comments": [
        {
            "reply_id": "Ugy_vw5l7U-9m5Ty3fZ4AaABAg",
            "reply_content": "\u5c0f\u9a37\u8ca8\u54c8\u54c8"
        },
        {
            "reply_id": "UgzXMAJugGxbu2ua2hx4AaABAg",
            "reply_content": "\u91d1\u91dd\u83c7\u958b\u982d\u5f88\u53ef\u611b"
        },
        {
            "reply_id": "Ugz6DCEy1h_3-OE6S0d4AaABAg",
            "reply_content": "\u4e16\u754c\u6015\u9752\u86d9\u7684\u6211\u672c\u4f86\u770b\u5230\u7d05\u71d2\u9752\u86d9\u60f3\u8981\u95dc\u6389\u5f71\u7247\u4e86\n\u4f46\u70ba\u4e86\u73cd\u83c7\u5fcd\u4f4f\u4e86 \u597d\u559c\u6b61\u73cd\u83c7\u8b1b\u97d3\u6587\u54c8\u597d\u597d\u807d"
        },
        {
            "reply_id": "Ugw73BZ_wR3qQ5kWZaJ4AaABAg",
            "reply_content": "\u91d1\u91dd\u83c7\u4f60\u53ef\u4ee5\u5609\u7fa9\u9999\u5ba2\u5927\u6a13"
        },
        {
            "reply_id": "UgwhITzW8AwWWcWf-Y54AaABAg",
            "reply_content": "\u767c\u73fe\u53f0\u7063\u7f8e"
        },
        {
            "reply_id": "Ugw90H1U9IwzL0gT3gV4AaABAg",
            "reply_content": "\u91d1\u91dd\u83c7\u6700\u5f8c\u5403\u7684\u90a3\u500b\u7cb3\u7cbd\u6211\u5011\u5bb6\u90fd\u6703\u51b0\u8d77\u4f86\u7136\u5f8c\u6cbe\u8702\u871c\u8d85\u597d\u5403\u7684"
        },
        {
            "reply_id": "UgzacWiu02OJhtNK6vZ4AaABAg",
            "reply_content": "\u770b\u4e86\u5f88\u60f3\u53bb\u4e00\u8d9f"
        },
        {
            "reply_id": "UgzkRu-J8s9bKTNbx_x4AaABAg",
            "reply_content": "\u963f\u83c7\u4eca\u5e74\u6709\u8981\u53bb\u8d70\u767d\u6c99\u5c6f\u55ce"
        },
        {
            "reply_id": "UgzG3EHNfqvIiBieHBl4AaABAg",
            "reply_content": "\u5168\u5bb6\u7684\u7167\u7247\u624d\u8d85\u80d6"
        },
        {
            "reply_id": "Ugy-dPdMWEgzhPEfQiN4AaABAg",
            "reply_content": "\u90a3\u500b\u7cb3\u7cbd\u61c9\u8a72\u5c31\u662f\u6211\u5011\u4e2d\u90e8\u5e38\u5403\u7684\u9e7c\u7cbd\uff0c\u5176\u5be6\u883b\u5e38\u898b\u7684"
        },
        {
            "reply_id": "UgzoMC_q3cQcNqe5x6x4AaABAg",
            "reply_content": "\u53bb\u96f2\u6797\u5c45\u7136\u6c92\u6709\u8cb7\u849c\u982d"
        },
        {
            "reply_id": "Ugzb6IHHoZCweV8m9x54AaABAg",
            "reply_content": "\u96f2\u6797\u7269\u50f9\u6211\u4e5f\u5f88\u559c\u6b61 \u96f2\u6797\u662f\u8001\u5bb6\u771f\u7684\u592a\u5e78\u798f"
        },
        {
            "reply_id": "UgyFmCLwmyJwGhW7lkB4AaABAg",
            "reply_content": "\u83c7\u5f88\u6709\u53e3\u798f"
        },
        {
            "reply_id": "UgxDHR_B6n6qFKIo8594AaABAg",
            "reply_content": "\u771f\u7684\u80d6\u4e86"
        },
        {
            "reply_id": "UgyXbA4cBU2JbA_fZ7p4AaABAg",
            "reply_content": "\u83ab\u540d\u6eff\u559c\u6b61\u4f60\u9047\u5230\u4e0d\u6703\u5ff5\u7684\u570b\u5b57\u7684\u6a23\u5b50\u54c8\u54c8\u54c8"
        },
        {
            "reply_id": "UgwhtyA08El1diAaaBR4AaABAg",
            "reply_content": "\u53ef\u662f\u6211\u89ba\u5f97\u73fe\u5728\u9019\u6a23\u7684\u91d1\u91dd\u83c7\u66f4\u597d\u770b\u66f4\u6f02\u4eae\u311f"
        },
        {
            "reply_id": "UgywoqEsJeioKjTozXx4AaABAg",
            "reply_content": "\u5c11\u4e86\u571f\u8c46\u6cb9\u98ef"
        },
        {
            "reply_id": "Ugydfe-WrC3AVgtHVWR4AaABAg",
            "reply_content": "\u5abd\u5abd\u7238\u7238\u59ca\u59ca\u770b\u4f60\u6709\u597d\u597d\u5403\u98ef\u5f88\u958b\u5fc3\n\u53f0\u7063\u6c92\u6709\u6b3a\u8ca0\u91d1\u91dd\u83c7\u53ea\u6709\u7528\u98df\u66b4\u529b\u5c0d\u5f85\u91d1\u91dd\u83c7"
        },
        {
            "reply_id": "UgwkxsJVsk_fGTa1ka94AaABAg",
            "reply_content": "\u5e0c\u671b\u4e0b\u6b21\u80fd\u53bb\u5403\u624b\u6307\u9eb5"
        },
        {
            "reply_id": "Ugw5kyDvPnwMAjJOWfZ4AaABAg",
            "reply_content": "\u9752\u86d9\u771f\u7684\u5687\u6b7b\u6211\u4e86"
        },
        {
            "reply_id": "Ugzwdo1QYEJkjPEA1wR4AaABAg",
            "reply_content": "\u611f\u8b1d\u83c7\u83c7\u51fa\u5916\u666f\u524d\u5148\u5feb\u7be9\u4fdd\u8b77\u4ed6\u4eba\uff01\u5728\u5916\u9762\u4e5f\u8981\u4fdd\u8b77\u81ea\u5df1\u5594"
        },
        {
            "reply_id": "UgwjmDXdUu3vuD9WGV14AaABAg",
            "reply_content": "\u5317\u6e2f\u8089\u5713\u4e5f\u5f88\u6709\u540d"
        },
        {
            "reply_id": "UgyM0qUtSEy1IkSwlop4AaABAg",
            "reply_content": "\u5176\u5be6\u9752\u86d9\u8089\u771f\u7684\u883b\u597d\u5403\u7684"
        },
        {
            "reply_id": "Ugz1z0dtNkl8wNrxjP94AaABAg",
            "reply_content": "\u9023\u6211\u672c\u4eba\u5728\u5730\u7684\u5c0f\u670b\u53cb\u90fd\u4e0d\u6562\u5403\u9752\u86d9"
        },
        {
            "reply_id": "UgyI1fOCwYEQYitVm5t4AaABAg",
            "reply_content": "\u6211\u5403\u9752\u86d9\u6e6f\u4e5f\u6709\u5fc3\u7406\u969c\u7919"
        }
    ]
}