{
    "video_info": {
        "id": "TvTwdDG2GGc",
        "channelTitle": "\u97d3\u52fe\u311f\u91d1\u91dd\u83c7 \ucc10\uca50\uafb8",
        "title": "\u8a55\u6bd46\u9593\u5609\u7fa9\u96de\u8089\u98ef\u5e97\uff0c\u97d3\u570b\u91d1\u5fc3\u76ee\u4e2d\u7b2c\u4e00\u540d\u662f\u300c\u9019\u9593\u300d\ud83c\udf1f\u9084\u771f\u7684\u6709\u5dee\u8036\uff01\uff01\uff01\ud83d\udd25\u3010\u4e16\u754c\u76c3\u7cfb\u5217ep.2\u3011\uff5c\u97d3\u52fe\u311f\u91d1\u91dd\u83c7 \ucc10\uca50\uafb8",
        "description": "#\u4e16\u754c\u76c3\u7cfb\u5217 #\u5609\u7fa9\u96de\u8089\u98ef #\u96de\u8089\u98ef\u76c3\n\u8036\uff01\u4e45\u9055\u7684\u7cfb\u5217\u4f86\u4e86\n\u9019\u6b21\u4f86\u8a55\u6bd4 \u53f0\u7063\u7684\u96de\u8089\u98ef\uff01\ud83d\udc14\n\u5e0c\u671b\u5927\u5bb6\u5403\u96de\u8089\u98ef\u7684\u6642\u5019\u53ef\u4ee5\u53c3\u8003\uff5e\uff01\uff01\n\n\u4e5f\u53ef\u4ee5\u8ddf\u6211\u8aaa\u4f60\u5fc3\u4e2d\u7684\u7b2c\u4e00\u540d\u96de\u8089\u98ef\u662f\u54ea\u9593\u5537\uff01\uff01\n#\u672c\u96c6\u5f88\u55e8 \n#\u4e16\u754c\u76c3\n\n\u5e0c\u671b\u4f60\u5011\u559c\u6b61\u9019\u90e8\u5f71\u7247\n\u559c\u6b61\u5e6b\u6211\u8a02\u95b1\u6309\u8b9a\u5206\u4eab \u8a18\u5f97\u958b\u555f\u5c0f\u9234\u943a\u6536\u53d6\u65b0\u7247\u901a\u77e5\u5594\uff01\n\n\uff3f\uff3f\uff3f\uff3f\uff3f\uff3f\uff3f\uff3f\uff3f\uff3f\uff3f\uff3f\uff3f\uff3f\uff3f\uff3f\uff3f\uff3f\uff3f\uff3f\uff3f\n\n\u2b50\ufe0f\u91d1\u91dd\u83c7\u7684\u97d3\u570b\u7f8e\u98df\u54c1\u724c\uff1ahttps://www.kimkfoods.com\n\u2b50\ufe0f\u91d1\u5bb6\u311f\u5e03\u5e33\u99ac\u8eca\uff1ahttps://www.facebook.com/groups/2297603990535075/\n\u2b50\ufe0f\u91d1\u91dd\u83c7\u7684\u7c89\u5c08: https://www.facebook.com/Koreajinzhengu/\n\u2b50\ufe0f\u91d1\u91dd\u83c7\u7684IG: https://www.instagram.com/ggu__kim/\n\u2b50\ufe0f\u5408\u4f5c\u9080\u7d04\u8acb\u6d3dPressPlay\uff1ajinyoungkim@pressplay.cc\n\n\uff3f\uff3f\uff3f\uff3f\uff3f\uff3f\uff3f\uff3f\uff3f\uff3f\uff3f\uff3f\uff3f\uff3f\uff3f\uff3f\uff3f\uff3f\uff3f\uff3f\uff3f",
        "likeCount": "9811",
        "commentCount": "963",
        "viewCount": "452813"
    },
    "comments": [
        {
            "reply_id": "UgxWNN1d5mSRRxAXkex4AaABAg",
            "reply_content": "\u8eca\u982d\u771f\u7684\u883b\u5f37"
        },
        {
            "reply_id": "Ugwulwx1mvEDFiwBOOF4AaABAg",
            "reply_content": "\u9019\u662f\u5728\u5609\u7fa9\u5e02\u5317\u8208\u570b\u4e2d\u9644\u8fd1"
        },
        {
            "reply_id": "Ugzq7YllisO1g6i-xpd4AaABAg",
            "reply_content": "\u7adf\u7136\u6c92\u6709\u4e09\u79be\u706b\u96de\u8089\u98ef"
        },
        {
            "reply_id": "UgycmqjHqrkEgVBvx_x4AaABAg",
            "reply_content": "\u5475\u5475\u963f\u5b8f\u5e2b"
        },
        {
            "reply_id": "Ugw6Q0H43sN6VL1CsTZ4AaABAg",
            "reply_content": "\u963f\u6eaa\u7684\u4e5f\u5f88\u597d\u5403"
        },
        {
            "reply_id": "Ugx730PF6ETeXoP8DWR4AaABAg",
            "reply_content": "\u63d0\u8b70\u53ef\u53bb\u9ad8\u96c4\u7f8e\u6fc3\u8a55\u6bd4\u7f8e\u6fc3\u7c84\u689d\n\u7f8e\u6fc3\u7576\u5730\u505a\u6cd5\u548c\u5916\u7e23\u5e02\u4e0d\u540c\u5594"
        },
        {
            "reply_id": "UgzC_U-0rCNuD-ChMcB4AaABAg",
            "reply_content": "\u91d1\u91dd\u83c7\u597d\u7626\u5594"
        },
        {
            "reply_id": "UgxxCGR2T-FaB0Bip1R4AaABAg",
            "reply_content": "\u6572\u7897\u81ed\u8c46\u8150\u4e16\u754c\u676f"
        },
        {
            "reply_id": "UgxW8l-eEmOIFjcthh94AaABAg",
            "reply_content": "\u5289\u91cc\u9577\u7684\u96de\u8089\u98ef\u6bd4\u96de\u7247\u98ef\u597d\u5403"
        },
        {
            "reply_id": "Ugz0DEgTYea7eqxpP-p4AaABAg",
            "reply_content": "\u6709\u9593\u51cc\u6668\u4e09\u9ede\u958b\u7684\u6843\u57ce\u5357\u9580\u4e00\u5b9a\u8981\u8a66\u770b\u770b"
        },
        {
            "reply_id": "Ugy0lLAvsh0jaiIA4A54AaABAg",
            "reply_content": "\u4e0b\u6b21\u53ef\u4ee5\u62cd\u5f70\u5316\u8089\u5713\u4e16\u754c\u76c3"
        },
        {
            "reply_id": "Ugx7dXNrCrXrUvzeIsp4AaABAg",
            "reply_content": "\u559c\u6b61"
        },
        {
            "reply_id": "UgxD-tvvrsa3AXhgD9V4AaABAg",
            "reply_content": "\u4e0b\u6b21\u53ef\u4ee5\u5617\u8a66\u5f70\u5316\u8089\u5713\u722d\u9738\u8cfd"
        },
        {
            "reply_id": "UgzhNupNcnZjSYbn_a94AaABAg",
            "reply_content": "\u8a0e\u53ad\u9913\u4e86"
        },
        {
            "reply_id": "Ugz4pfXE2CVE3YESQot4AaABAg",
            "reply_content": "\u6c92\u5403\u5230\u7d93\u96a8\u90a3\u5e7e\u9593\u90fd\u5916\u5730\u4eba\u5728\u5403\u504f\u591a"
        },
        {
            "reply_id": "UgwKt8soNySd5Kr8kHt4AaABAg",
            "reply_content": "\u6843\u57ce\u4e09\u79be\u4e5f\u8d85\u512a"
        },
        {
            "reply_id": "UgzmVqeuiJ5sDmrszzN4AaABAg",
            "reply_content": "\u600e\u9ebc\u6c92\u6709\u5927\u96c5\u8def\u7684\u7c21\u55ae\u96de\u8089\u98ef"
        },
        {
            "reply_id": "Ugxb8x-k8Sv9Ucqdp3V4AaABAg",
            "reply_content": "\u6bd4\u8f03\u597d\u5947\u4fbf\u7576\u6709\u6c92\u6709\u5403\u5b8c\u54c8\u54c8\u54c8"
        },
        {
            "reply_id": "UgyqSzavZ5c4FioQBm94AaABAg",
            "reply_content": "\u53ea\u63a8\u963f\u971e"
        },
        {
            "reply_id": "UgxPiMBErHdX5sTcBrx4AaABAg",
            "reply_content": "\u6211\u89ba\u5f97\u96de\u8089\u98ef\u73fe\u5834\u5403\u8ddf\u5916\u5e36\u5403\u6703\u6709\u5dee\u7570\uff0c\u9019\u662f\u6211\u5f9e\u5c0f\u5403\u5230\u5927\u7684\u611f\u60f3"
        },
        {
            "reply_id": "UgxsTZVcM3HPtwG3GQp4AaABAg",
            "reply_content": "\u90ed\u5bb6\u597d\u5403\u7684\u662f\u7cef\u7c73\u5927\u8178\u624d\u5c0d"
        },
        {
            "reply_id": "UgznV8qv9jvZAZn-oxd4AaABAg",
            "reply_content": "\u68ee\u6797\u4e4b\u6b4c\u665a\u4e0a\u883b\u6f02\u4eae\u7684"
        },
        {
            "reply_id": "UgxrvdmDaeMyC-Z-tGh4AaABAg",
            "reply_content": "\u963f\u6a13\u5e2b\u552f\u4e00\u4fe1\u4ef0"
        },
        {
            "reply_id": "Ugy5SptrZjjQtAK3TW94AaABAg",
            "reply_content": "\u4e0b\u6b21\u62cd\u4e00\u96c6\u76f2\u6e2c\u96de\u8089\u98ef\u61c9\u8a72\u4e5f\u4e0d\u932f"
        },
        {
            "reply_id": "UgywnLu2KVl1PZQwsQ54AaABAg",
            "reply_content": "\u4e0b\u6b21\u53ef\u4ee5\u518d\u4f86\u5609\u7fa9\u8a55\u6bd4\u6dbc\u9eb5\u770b\u770b"
        }
    ]
}