{
    "video_info": {
        "id": "ujEmy54OBDc",
        "channelTitle": "\u97d3\u52fe\u311f\u91d1\u91dd\u83c7 \ucc10\uca50\uafb8",
        "title": "\u97d3\u570b\u91d1\u7684\u82d7\u681724hr\u904a\u8a18\ud83d\udd25\u4eca\u665a\u4f4f\u300c\u9999\u5ba2\u5927\u6a13\u300d\u521d\u9ad4\u9a57\uff01\u8d85\u5212\u7b97\u9285\u677f\u7f8e\u98df5\u9593\u5fc5\u5403\uff5c\u97d3\u52fe\u311f\u91d1\u91dd\u83c7 \ucc10\uca50\uafb8",
        "description": "\u7b2c\u4e00\u6b21\u4f4f\u53f0\u7063 #\u82d7\u6817 #\u767d\u6c99\u5c6f \u7684 #\u9999\u5ba2\u5927\u6a13 \u597d\u68d2\u5594\u597d\u68d2 \u8d85\u7d1a\u8212\u670d\n\u771f\u7684\u5f88\u63a8\u85a6\u5927\u5bb6\u53bb\u4f4f\u4e00\u665a\u653e\u9b06\u6b38\uff01\n\u9644\u8fd1\u4e5f\u8d85\u591a\u597d\u5403\u7684\u7f8e\u98df \u63a8\u5230\u7206\uff01\n\u7136\u5f8c\u5f71\u7247\u88e1\u7684\u624b\u6a5f\u6bbc\u5440\n\u8a18\u5f97\u7528\u6211\u7684\u6298\u6263\u78bc ytgu2102\u8cb7\u5594\u54c8\u54c8\u54c8\n\u6211\u628a\u9023\u7d50\u653e\u9019\u908ahttps://url.rhinoshield.tw/kuck3vlq\n\n\u6211\u6703\u518d\u53bb\u5403\u4e00\u6b21\u725b\u8089\u9eb5 \u771f\u7684\u8d85\u68d2\n\u554a\u597d\u60f3\u5b83\n\n\u5e0c\u671b\u4f60\u5011\u559c\u6b61\u9019\u90e8\u5f71\u7247\n\u559c\u6b61\u5e6b\u6211\u8a02\u95b1\u6309\u8b9a\u5206\u4eab \u8a18\u5f97\u958b\u555f\u5c0f\u9234\u943a\u6536\u53d6\u65b0\u7247\u901a\u77e5\u5594\uff01\n\n\uff3f\uff3f\uff3f\uff3f\uff3f\uff3f\uff3f\uff3f\uff3f\uff3f\uff3f\uff3f\uff3f\uff3f\uff3f\uff3f\uff3f\uff3f\uff3f\uff3f\uff3f\n\n\u2b50\ufe0f\u91d1\u5bb6\u311f\u5e03\u5e33\u99ac\u8eca\uff1ahttps://www.facebook.com/groups/2297603990535075/\n\u2b50\ufe0f\u91d1\u91dd\u83c7\u7684\u7c89\u5c08: https://www.facebook.com/Koreajinzhengu/\n\u2b50\ufe0f\u91d1\u91dd\u83c7\u7684IG: https://www.instagram.com/ggu__kim/\n\u2b50\ufe0f\u5408\u4f5c\u9080\u7d04\u8acb\u6d3dPressPlay\uff1ajinyoungkim@pressplay.cc\n\n\uff3f\uff3f\uff3f\uff3f\uff3f\uff3f\uff3f\uff3f\uff3f\uff3f\uff3f\uff3f\uff3f\uff3f\uff3f\uff3f\uff3f\uff3f\uff3f\uff3f\uff3f",
        "likeCount": "19048",
        "commentCount": "899",
        "viewCount": "836880"
    },
    "comments": [
        {
            "reply_id": "UgypeOMw_cjs8-7ewIV4AaABAg",
            "reply_content": "\u91d1\u91dd\u83c7\u53ef\u4ee5\u53bb\u53bb\u770b\u65d7\u6d25"
        },
        {
            "reply_id": "Ugx-A2nx4pRdEwuszed4AaABAg",
            "reply_content": "\u9019\u500b\u624d\u662f\u6b63\u5b97\u5c0f\u7c60\u5305\uff0c\u4ee5\u524d\u5403\u7684\u90a3\u500b\u61c9\u8a72\u53eb\u5c0f\u7c60\u6e6f\u5305"
        },
        {
            "reply_id": "UgxjMdT3Zp4Ve2RRzZl4AaABAg",
            "reply_content": "\u4e00\u76f4\u60f3\u77e5\u9053\u91d1\u9488\u83c7\u7684\u53e3\u7ea2\u8272\u53f7"
        },
        {
            "reply_id": "Ugwgw6PIBL63WUgMAx94AaABAg",
            "reply_content": "\u767d\u6c99\u5c6f\u5fc5\u5403\u662f\u81ed\u8c46\u8150"
        },
        {
            "reply_id": "Ugw2SgtbyLKv9vUiZ2N4AaABAg",
            "reply_content": "\u91d1\u91dd\u83c7\u5c0f\u59d0\u4f60\u597d1m\u53f0\u5931\u671b\u4f60\u6c38\u9060\u4f4f\u5728\u53f0\u7063\u627e\u5230\u4e00\u4f4d\u597d\u6b78\u5bbf\u5ac1\u7d66\u53f0\u7063\u4eba\u53f0\u7063\u7537\u4eba\u5f88\u6eab\u67d4\u9ad4\u8cbc\u5f88\u6703\u75bc\u8001\u5a46\u53f0\u7063\u5b89\u5168\u53c8\u65b9\u4fbf\u53f0\u7063\u662f\u4e16\u754c\u7f8e\u98df\u5929\u5802"
        },
        {
            "reply_id": "UgxfXDooz2wog4rn25h4AaABAg",
            "reply_content": "\u53ef\u4ee5\u4f86\u5609\u7fa9\u554a"
        },
        {
            "reply_id": "UgzanTZzbsAiAtNdu5d4AaABAg",
            "reply_content": "\u6211\u623f\u9593"
        },
        {
            "reply_id": "Ugz52hCDkOBhdKJ9OV14AaABAg",
            "reply_content": "\u91d1\u91dd\u83c7\u597d\u53ef\u611b"
        },
        {
            "reply_id": "UgwbgPhtrLiemc_HIE54AaABAg",
            "reply_content": "\u9019\u96c6\u597d\u53ef\u611b\u554a"
        },
        {
            "reply_id": "UgyNcqJbSxbx6VsFvmx4AaABAg",
            "reply_content": "\u6709\u6a5f\u6703\u59b3\u53ef\u4ee5\u4f86\u770b\u770b\u9806\u4fbf\u53ef\u4ee5\u6ce1\u6eab\u6cc9"
        },
        {
            "reply_id": "UgzfdWM7AuS3P0DOO3d4AaABAg",
            "reply_content": "\u82d7\u6817\u5e02\u6709\u96b1\u85cf\u7248\u7684\u65e9\u9910\u5594"
        },
        {
            "reply_id": "UgxoOJNEzqA5bGmTC3R4AaABAg",
            "reply_content": "\u91d1\u91dd\u83c7\u4f60\u90a3\u9ebc\u611b\u5403\u662f\u4e0d\u662f\u60f3\u8f49\u884c\u7576\u5eda\u5e2b\u4e86"
        },
        {
            "reply_id": "UgxPQR_vmSBPDT5zs054AaABAg",
            "reply_content": "\u7fbd\u7403\u968a\u88e1\u6700\u559c\u6b61\u91d1\u91dd\u83c7"
        },
        {
            "reply_id": "UgxJML54O-VL6ZHugDx4AaABAg",
            "reply_content": "\u770b\u4e86\u90fd\u60f3\u4f4f\u4e86"
        },
        {
            "reply_id": "UgzKzgGPeVstY0iKAAh4AaABAg",
            "reply_content": "\u53bb\u82d7\u6817\u53ef\u4ee5\u627e\u770b\u770b\u6854\u91ac"
        },
        {
            "reply_id": "Ugzg_S1hSLSQ-Ph_8DV4AaABAg",
            "reply_content": "\u5750\u706b\u8eca\u5230\u9285\u947c\u706b\u8eca\u7ad9\u4e0b\u8eca\u96a8\u4fbf\u554f\u90fd\u77e5\u5230\uff0c\u5ba2\u5bb6\u4eba\u5f88\u71b1\u60c5\u7684"
        },
        {
            "reply_id": "Ugy55sgaD2f7Uw2b40d4AaABAg",
            "reply_content": "\u59b3\u8981\u53bb\u82d7\u6817\u7684\u5e02\u5834\u6709\u66f4\u591a\u597d\u5403\u7684\uff0c\u9084\u6709\u8001\u820a\u7684\u725b\u8089\u9eb5\u597d\u5403"
        },
        {
            "reply_id": "Ugz9Lo7IBuguTNs1YlV4AaABAg",
            "reply_content": "\u5c45\u7136\u6c92\u5403\u6c34\u714e\u5305"
        },
        {
            "reply_id": "UgywmL6e27IuhNYdVzt4AaABAg",
            "reply_content": "\u53f0\u5317\u4fe1\u7dad\u5e02\u5834\u7684\u725b\u8089\u9eb5\u4e5f\u662f\u5200\u524a\u9eb5"
        },
        {
            "reply_id": "UgzyHDu8tA5InVsZX054AaABAg",
            "reply_content": "\u8eab\u70ba\u7537\u751f\u61c2\u651d\u5f71\u5e2b\u5c0d\u68c9\u88ab\u7684\u57f7\u8457"
        },
        {
            "reply_id": "UgwsEouWJzei8dpltvp4AaABAg",
            "reply_content": "\u611f\u89ba\u9019\u500b\u985e\u578b\u7684\u5f71\u7247\u597d\u6709\u8da3\u5594"
        },
        {
            "reply_id": "UgzCNENXgPWscYuCFm14AaABAg",
            "reply_content": "\u725b\u8089\u9eb5\u90fd\u6c92\u8fd1\u7167\u6e05\u695a"
        },
        {
            "reply_id": "UgzvtLlIJIonyQNcl6N4AaABAg",
            "reply_content": "\u7537\u751f\u597d\u5e25"
        },
        {
            "reply_id": "UgyNTbx4e-80QSjjtpB4AaABAg",
            "reply_content": "\u91d1\u9488\u83c7\u7684\u9ed1\u773c\u5708\u5f88\u4e25\u91cd"
        },
        {
            "reply_id": "UgzoTyC880dCRuTVhkB4AaABAg",
            "reply_content": "\u6444\u5f71\u5e08\u5e05\u54e6"
        }
    ]
}