{
    "video_info": {
        "id": "UVv9qtyR2ag",
        "channelTitle": "\u97d3\u52fe\u311f\u91d1\u91dd\u83c7 \ucc10\uca50\uafb8",
        "title": "\u56de\u97d3\u570b\u524d\u6700\u5f8c\u4e00\u5403\ud83d\udd255\u9593\u53f0\u5357\u7f8e\u98df\u5831\u6069\u65c5\u7a0b\uff01\u97d3\u570b\u91d1\u5168\u7a0b\u9a0e\u8eca\u8f09\u8001\u5e2b\u904a\u53f0\u5357\u56c9 ; ;\ud83d\ude39\uff5c\u97d3\u52fe\u311f\u91d1\u91dd\u83c7 \ucc10\uca50\uafb8",
        "description": "\u8036\uff01\uff01\uff01\u9019\u662f\u6211\u56de\u97d3\u570b\u524d\u62cd\u7684\u6700\u5f8c\u4e00\u652f\u53f0\u7063\u5f71\u7247\u54c8\u54c8\n\u76f4\u63a5\u9a0e\u8eca\u5403\u7206 #\u53f0\u5357\u7f8e\u98df \u5566\u2764\ufe0f\n\u7279\u5225\u611f\u8b1d\u6797\u8431\u7684\u662f \u56e0\u70ba\u6709\u5979\u5728 \u6211\u53ef\u4ee5\u5f88\u52c7\u65bc\u6311\u6230\u65b0\u4e8b\u7269\uff01\n\u5e0c\u671b\u5979\u559c\u6b61\u9019\u6b21\u88ab\u6211\u8f09\u7684\u611f\u89ba\ud83d\ude39\ud83d\ude39\n\u4e5f\u5f88\u611f\u8b1d\u53f0\u5357\u56e1\u4ed4\uff01\u53f0\u5357\u5728\u5730\u54c1\u724c#\u5b8f\u4f73\u9a30\u667a\u6167\u96fb\u8eca\n\u8b93\u6211\u8003\u4e0a\u6a5f\u8eca\u99d5\u7167\n\u9019\u6b21\u9084\u501f\u51fa\u6700\u65b0\u8eca\u6b3eAi-4 Ever\u8b93\u6211\u5728 #\u53f0\u5357 \u81ea\u7531\u81ea\u5728\u5730\u5403\u559d\u73a9\u6a02\uff01\n#\u5b8f\u4f73\u9a30\u667a\u6167\u96fb\u8eca #Ai4_Ever #\u751f\u6d3b\u4e8b\u90fd\u5c0f4\n-\u8eca\u6b3e\u4ecb\u7d39\uff1ahttps://bit.ly/3CoXY4q\n-\u8cfc\u8eca\u512a\u60e0\uff1ahttps://bit.ly/3sVYOCI\n-\u8a66\u4e58\u62ff\u597d\u79ae\n\u5373\u65e5\u8d77-3/31\u6191\u6309\u8b9a\u672c\u652f\u5f71\u7247\u756b\u9762\u5230\u5168\u53f0\u5b8f\u4f73\u9a30\u667a\u6167\u9580\u5e02\u8a66\u4e58\uff0c\n\u4e26\u586b\u5beb\u554f\u5377\u5c31\u53ef\u514d\u8cbb\u7372\u5f97Cold Stone\u51b0\u6dc7\u6dcb\u514c\u63db\u5238\u4e59\u5f35\uff01\n(\u6bcf\u5e97\u6578\u91cf\u6709\u9650\uff0c\u9001\u5b8c\u70ba\u6b62)\uff0c\u6c92\u62ff\u5230\u51b0\u6dc7\u6dcb\u5238\u4e5f\u9084\u6709\u98f2\u6599\u63d0\u888b\u53ef\u4ee5\u5e36\u56de\u5bb6\uff01\n\u8d95\u5feb\u51fa\u767c\u8a66\u4e58\u5427\ud83d\udef5\n\n\n\ud83c\udf44\u90a3\u4e0b\u9762\u653e\u53f0\u5357\u5c0f\u5403\u5e97\u7684\u8cc7\u8a0a\uff1a\n\n\u6ce2\u54e5\u6587\u5b78\u8336\u9928\n700\u53f0\u5357\u5e02\u4e2d\u897f\u5340\u5357\u9580\u8def17\u865f\n\n\u8449\u5bb6\u5c0f\u5377\u7c73\u7c89\n700\u53f0\u5357\u5e02\u4e2d\u897f\u5340\u570b\u83ef\u8857\u4e8c\u6bb5142\u865f\n\n\u6240\u9577\u8336\u8449\u86cb (\u5b89\u5e73\u5e97)\n708\u53f0\u5357\u5e02\u5b89\u5e73\u5340\u5b89\u5e73\u8def452\u865f\n\n\u9999\u5e2b\u5085\u7d20\u98df\u6c34\u714e\u5305 \u65b0\u5b89\u548c\u5e97 \u300c\u852c\u98df\u65e9\u9910\u3001\u4e0b\u5348\u9ede\u5fc3\u300d\n 709\u53f0\u5357\u5e02\u5b89\u5357\u5340\u5b89\u548c\u8def\u4e00\u6bb5129\u865f\n\n\u592a\u967d\u724c\u51b0\u54c1\n700\u53f0\u5357\u5e02\u4e2d\u897f\u5340\u6c11\u6b0a\u8def\u4e00\u6bb541\u865f\n\n\u5e0c\u671b\u4f60\u5011\u559c\u6b61\u9019\u90e8\u5f71\u7247\n\u559c\u6b61\u5e6b\u6211\u8a02\u95b1\u6309\u8b9a\u5206\u4eab \u8a18\u5f97\u958b\u555f\u5c0f\u9234\u943a\u6536\u53d6\u65b0\u7247\u901a\u77e5\u5594\uff01\n\n\uff3f\uff3f\uff3f\uff3f\uff3f\uff3f\uff3f\uff3f\uff3f\uff3f\uff3f\uff3f\uff3f\uff3f\uff3f\uff3f\uff3f\uff3f\uff3f\uff3f\uff3f\n\n\u2b50\ufe0f\u91d1\u91dd\u83c7\u7684\u97d3\u570b\u7f8e\u98df\u54c1\u724c\uff1ahttps://www.kimkfoods.com\n\u2b50\ufe0f\u91d1\u5bb6\u311f\u5e03\u5e33\u99ac\u8eca\uff1ahttps://www.facebook.com/groups/2297603990535075/\n\u2b50\ufe0f\u91d1\u91dd\u83c7\u7684\u7c89\u5c08: https://www.facebook.com/Koreajinzhengu/\n\u2b50\ufe0f\u91d1\u91dd\u83c7\u7684IG: https://www.instagram.com/ggu__kim/\n\u2b50\ufe0f\u5408\u4f5c\u9080\u7d04\u8acb\u6d3dPressPlay\uff1ajinyoungkim@pressplay.cc\n\n\uff3f\uff3f\uff3f\uff3f\uff3f\uff3f\uff3f\uff3f\uff3f\uff3f\uff3f\uff3f\uff3f\uff3f\uff3f\uff3f\uff3f\uff3f\uff3f\uff3f\uff3f",
        "likeCount": "14465",
        "commentCount": "498",
        "viewCount": "721898"
    },
    "comments": [
        {
            "reply_id": "UgyUEwhLNoWpP0Paubt4AaABAg",
            "reply_content": "\u6211\u5728\u6b63\u8001\u8a18\u6709\u770b\u5230\u59b3\u6b38"
        },
        {
            "reply_id": "UgyPfesgDxrFWbSmj8V4AaABAg",
            "reply_content": "\u6211\u4e5f\u5728\u5b89\u5357\u5340"
        },
        {
            "reply_id": "UgyMvEtK89pML9_VmCJ4AaABAg",
            "reply_content": "\u525b\u958b\u59cb\u9a0e\u8eca\u5c31\u6311\u6230\u9ad8\u96e3\u5ea6\u7684\u5713\u74b0\uff0c\u5713\u74b0\u9700\u8981\u5c0f\u5fc3\u5b89\u5168"
        },
        {
            "reply_id": "UgzwgF9MLH1wjZY8zw14AaABAg",
            "reply_content": "\u5927\u5bb6\u6709\u767c\u73fe\u958b\u5834\u7684\u5f8c\u9762\u67f4\u72ac\u55ce"
        },
        {
            "reply_id": "Ugy6prnO6rQOlmJCUcR4AaABAg",
            "reply_content": "\u6797\u8431\u771f\u7684\u9577\u5f97\u592a\u597d\u770b\u4e86"
        },
        {
            "reply_id": "UgzPkQwDes6vkJnGQqp4AaABAg",
            "reply_content": "\u53f0\u5357\u771f\u7684\u8d85\u8b9a"
        },
        {
            "reply_id": "UgwVn7Taegg-qzuW_pN4AaABAg",
            "reply_content": "\u8aaa\u56de\u97d3\u570b\u524d\u6211\u4e00\u5b9a\u8981\u559d\u725b\u8089\u6e6f\u54c8\u54c8\u9019\u5929\u9084\u771f\u7684\u559d\u5230 \u597d\u723d"
        },
        {
            "reply_id": "UgwFZfKBQqYscUlZ3WN4AaABAg",
            "reply_content": "\u6700\u8fd1\u6709\u5169\u90e8\u7247\u90fd\u807d\u5230\u91d1\u91dd\u83c7\u5531\u5b87\u5b99\u4eba\u7684\u5982\u679c\u6211\u5011\u9084\u5728\u4e00\u8d77\uff0c\u770b\u8d77\u4f86\u91d1\u91dd\u83c7\u771f\u7684\u5f88\u611b\u9019\u9996\u6b4c"
        },
        {
            "reply_id": "UgwhGFGjy0xWyJxYh-h4AaABAg",
            "reply_content": "\u91d1\u91dd\u83c7\u53c8\u56de\u97d3\u570b\u4e86\u554a"
        },
        {
            "reply_id": "UgxRVbOCflDpgPxeySJ4AaABAg",
            "reply_content": "\u6797\u8431\u771f\u7684\u5f88\u5a46"
        },
        {
            "reply_id": "UgyVgVJmtd__eEjG59R4AaABAg",
            "reply_content": "\u671f\u5f85\u56de\u4f86\u53f0\u7063\u6642\u80fd\u62cd\u9a0e\u6a5f\u8eca\u74b0\u5cf6\u7f8e\u98df\u7cfb\u5217"
        },
        {
            "reply_id": "Ugzr5gDblBEF0-56Edx4AaABAg",
            "reply_content": "\u597d\u53ef\u611b\u7684\u8eca\u8eca"
        },
        {
            "reply_id": "UgxoIwg_53Qrn-qLSCl4AaABAg",
            "reply_content": "\u53f0\u5357\u7684\u7a7a\u6c23\u662f\u751c\u7684"
        },
        {
            "reply_id": "Ugwxq3r1bFj53wwu0SV4AaABAg",
            "reply_content": "\u72d7\u52fe\u597d\u53ef\u611b"
        },
        {
            "reply_id": "Ugx1AzGBbqDGdNZIovV4AaABAg",
            "reply_content": "\u4e00\u500b\u97d3\u570b\u4eba\u5728\u53f0\u5357\u88ab\u51b7\u5230\u7684\u4e00\u5929"
        },
        {
            "reply_id": "UgzOw7Iya8Xrn_ZDadB4AaABAg",
            "reply_content": "\u9999\u5e2b\u5085\u6c34\u714e\u5305\u7684\u5730\u5740\u932f\u8aa4\uff0c\u662f\u5728\u5b89\u5357\u5340\u5b89\u548c\u8def\u4e00\u6bb5"
        },
        {
            "reply_id": "UgyvGvWLbzJ2tYG2rg54AaABAg",
            "reply_content": "\u5ffd\u7136\u89ba\u5f97\u597d\u60f3\u77e5\u9053\u91d1\u91dd\u83c7\u559c\u6b61\u4ec0\u9ebc\u6a23\u7684\u7537\u751f\uff1f"
        },
        {
            "reply_id": "Ugz4y795aC7VCvfVzqJ4AaABAg",
            "reply_content": "\u53f0\u5357\u8ddf\u5b9c\u862d\u6d88\u8cbb\u771f\u7684\u7206\u8cb4\u7684"
        },
        {
            "reply_id": "UgxiqClXiTfecZiYKs54AaABAg",
            "reply_content": "\u99ac\u4e0a\u53bb\u8cb7\u4fdd\u96aa"
        },
        {
            "reply_id": "Ugy4yZuIER5xEBIl9LR4AaABAg",
            "reply_content": "\u51fa\u95dc\u4e86\u6c92"
        },
        {
            "reply_id": "UgzZdzPXdJNLhBTBjAF4AaABAg",
            "reply_content": "\u5594\u5537\u91d1\u91dd\u83c7\u8b8a\u7626\u561e"
        },
        {
            "reply_id": "Ugz9unp0pU8CSrC8J5N4AaABAg",
            "reply_content": "\u8eab\u70ba\u8a2d\u8a08\u4eba\u5fc5\u9808\u8aaa\u4e00\u4e0b\u8b1d\u69ae\u96c5\u6839\u672c\u4e0d\u662f\u5de5\u696d\u8a2d\u8a08\u4e4b\u7236"
        },
        {
            "reply_id": "UgyE7QUP8s6L14NOOtR4AaABAg",
            "reply_content": "\u592a\u967d\u724c\u65c1\u908a\u6709\u4e00\u5bb6\u8766\u4ec1\u8089\u5713\u4e5f\u4e0d\u932f\u5403\u5537 \u53e3\u5473\u4e00\u6a23\u504f\u751c"
        },
        {
            "reply_id": "UgyXkvuzBcfot_SYJSh4AaABAg",
            "reply_content": "\u91d1\u91dd\u83c7\u597d\u611b\u53f0\u5357\u554a"
        },
        {
            "reply_id": "UgwKp5KPo-XS7_K8BGR4AaABAg",
            "reply_content": "\u5168\u5bb6\u627e\u4e0d\u5230\u59b3\u7684\u98ef\u7cf0\u8036"
        }
    ]
}