{
    "video_info": {
        "id": "V_i1UWtkl_c",
        "channelTitle": "\u97d3\u52fe\u311f\u91d1\u91dd\u83c7 \ucc10\uca50\uafb8",
        "title": "\u97d3\u570b\u4eba\u76843\u7a2e\u559d\u9152\u65b9\u6cd5\ud83c\udf7a\ud83d\ude1d\u4f60\u6709\u8a66\u904e\u55ce\uff1f",
        "description": "\u97d3\u570b\u4eba\u76843\u7a2e\u559d\u9152\u65b9\u6cd5\ud83c\udf7a\ud83d\ude1d\ud83e\udd29\n\u4f60\u6709\u8a66\u904e\u55ce\uff1f@\u670b\u53cb \u79c0\u4e00\u6ce2\ud83d\udd25\n\n1. \u9f8d\u6372\u98a8\u958b\u74f6\u6cd5\ud83c\udf2a\ufe0f\n2. \u9694\u58c1\u8acb\u5c0f\u5fc3 \u958b\u74f6\u6cd5\u26a0\ufe0f\n3.\u71d2\u9152\u6253\u86cb\u6cd5\ud83e\udd5a\n\n\u4eca\u5929\u7684YT\u65b0\u7247\u7d00\u9304\u97d3\u570b\u51fa\u5dee\u6536\u5de5\u5f8c\u7684\u8f15\u9b06VLOG\n\u53bb\u5230\u97d3\u570b\u7684\u5e03\u5e33\u99ac\u8eca\u8857 \u597d\u6709fu\uff01\uff01\uff01\n\u96e3\u5f97\u559d\u4e00\u4e0b\u6211\u500b\u4eba\u4e0d\u592a\u611b\u7684\u71d2\u9152\uff08\uff1f\uff09\u54c8\u54c8\u54c8\ud83c\udf7a\n\u597d\u8b9a\uff01\nYT\u5f71\u7247\u4ee5\u524d\u62cd\u904e10\u7a2e\u62db\u6578 \n\u60f3\u77e5\u9053\u66f4\u591a\u7d30\u7bc0\u53ef\u4ee5\u641c\u5c0b\ud83d\udd0d\u97d3\u52fe\u311f\u91d1\u91dd\u83c7\n\u5b78\u8d77\u4f86\ud83d\ude4c\ud83d\ude4c\ud83d\ude4c\u6bd4\u9019\u6b21\u7cbe\u6e96\u5f88\u591a\u54c8\u54c8\n\u592a\u4e45\u6c92\u6709\u559d\u71d2\u5564\u4e86\u54c8\u54c8\u54c8\u54c8\u8acb\u898b\u8ad2\n\n*\u672a\u6eff\u5341\u516b\u6b72\u7981\u6b62\u98f2\u9152\n\n#\u97d3\u570b #\u5e03\u5e33\u99ac\u8eca\u8857\n\u5e0c\u671b\u4f60\u5011\u559c\u6b61\u9019\u90e8\u5f71\u7247\n\u559c\u6b61\u5e6b\u6211\u8a02\u95b1\u6309\u8b9a\u5206\u4eab \u8a18\u5f97\u958b\u555f\u5c0f\u9234\u943a\u6536\u53d6\u65b0\u7247\u901a\u77e5\u5594\uff01\n\n\uff3f\uff3f\uff3f\uff3f\uff3f\uff3f\uff3f\uff3f\uff3f\uff3f\uff3f\uff3f\uff3f\uff3f\uff3f\uff3f\uff3f\uff3f\uff3f\uff3f\uff3f\n\n\u2b50\ufe0f\u91d1\u91dd\u83c7\u7684\u97d3\u570b\u7f8e\u98df\u54c1\u724c\uff1ahttps://www.kimkfoods.com\n\u2b50\ufe0f\u91d1\u5bb6\u311f\u5e03\u5e33\u99ac\u8eca\uff1ahttps://www.facebook.com/groups/2297603990535075/\n\u2b50\ufe0f\u91d1\u91dd\u83c7\u7684\u7c89\u5c08: https://www.facebook.com/Koreajinzhengu/\n\u2b50\ufe0f\u91d1\u91dd\u83c7\u7684IG: https://www.instagram.com/ggu__kim/\n\u2b50\ufe0f\u5408\u4f5c\u9080\u7d04\u8acb\u6d3dPressPlay\uff1ajinyoungkim@pressplay.cc\n\n\uff3f\uff3f\uff3f\uff3f\uff3f\uff3f\uff3f\uff3f\uff3f\uff3f\uff3f\uff3f\uff3f\uff3f\uff3f\uff3f\uff3f\uff3f\uff3f\uff3f\uff3f",
        "likeCount": "16687",
        "commentCount": "169",
        "viewCount": "584942"
    },
    "comments": [
        {
            "reply_id": "UgwzxqzJA4T0UfcLKeR4AaABAg",
            "reply_content": "\u4f60\u592a\u6f02\u4eae\u4e86\u5566"
        },
        {
            "reply_id": "UgyOCGucreEl_whClNp4AaABAg",
            "reply_content": "\u597d\u53ef\u611b"
        },
        {
            "reply_id": "Ugz5jFbg807to14MGQN4AaABAg",
            "reply_content": "\u6211\u611b\u4f60"
        },
        {
            "reply_id": "UgzFYgX2YQaJXazIvlV4AaABAg",
            "reply_content": "\u6709\u4e00\u7a2e\u97d3\u5f0f\u7684\u6d6a\u6f2b"
        },
        {
            "reply_id": "UgyaCn-AYPzSiPly94p4AaABAg",
            "reply_content": "\u6574\u5834\u559d\u6700\u591a\u7684\u662f\u684c\u9762"
        },
        {
            "reply_id": "Ugw3sMw6t8vJ162NHZl4AaABAg",
            "reply_content": "\u4e0d\u77e5\u9053\u97d3\u570b\u9152\u99d5\u7684\u4eba\u591a\u4e0d\u591a"
        },
        {
            "reply_id": "Ugw5ELs1pInueWHM2eR4AaABAg",
            "reply_content": "\u597d\u6c92\u885b\u751f"
        },
        {
            "reply_id": "Ugz5Hs9PKZxjsKwzV7p4AaABAg",
            "reply_content": "\u9084\u4ee5\u70ba\u662f\u5be7\u590f\u591c\u5e02"
        },
        {
            "reply_id": "UgxtC_TAIz2SwD70P154AaABAg",
            "reply_content": "\u597d\u5c08\u696d\u7684\u83c7"
        },
        {
            "reply_id": "UgyLw-owbt1c6G06Gdt4AaABAg",
            "reply_content": "\u684c\u5b50\u559d\u7206\u4e86"
        },
        {
            "reply_id": "Ugw6zUpoWeKIP9bA9ut4AaABAg",
            "reply_content": "\u684c\u5b50\u5148\u559d"
        },
        {
            "reply_id": "Ugw178IPzlX0j213GWl4AaABAg",
            "reply_content": "\u64e6\u684c\u5b50\u7684\u80af\u5b9a\u7f75\u6b7b"
        },
        {
            "reply_id": "UgwLLN8ntXkHTV26end4AaABAg",
            "reply_content": "\u9019\u5ddd\u5b57\u808c\u5927\u611b"
        },
        {
            "reply_id": "UgxaYXaPuu6sjJNCQiN4AaABAg",
            "reply_content": "\u770b\u5b8c\u76f4\u63a5\u6688\u8239"
        },
        {
            "reply_id": "Ugw7zMOFIOMtMXSUKQB4AaABAg",
            "reply_content": "\u6211\u559c\u6b61\u9019\u500b\u5f71\u7247\u5f88\u5728\u5730\u98a8"
        },
        {
            "reply_id": "UgwLacR_qF7Ol9OvUpZ4AaABAg",
            "reply_content": "\u559c\u6b61\u559d\u9152\u7684\u4eba\u8868\u793a\u5fc3\u75db"
        },
        {
            "reply_id": "Ugzk1CxUgiscwDP0pE54AaABAg",
            "reply_content": "\u8179\u808c\u592a\u8b9a"
        },
        {
            "reply_id": "Ugwx_an0WwIll0x-vvp4AaABAg",
            "reply_content": "\u679c\u7136\u8a13\u7df4\u6709\u7d20"
        },
        {
            "reply_id": "UgwNQ_F_UDm6HDbKVTh4AaABAg",
            "reply_content": "\u6606\u5361"
        },
        {
            "reply_id": "UgyjBec3hJn1MP_yx3V4AaABAg",
            "reply_content": "\u8eab\u6750\u4e00\u7d1a\u68d2\u5436"
        },
        {
            "reply_id": "Ugz25PmAy3kc3HzT-ON4AaABAg",
            "reply_content": "\u97d3\u570b\u611b\u9e97\u838e\u838e"
        },
        {
            "reply_id": "UgzFTjYfoa9X9njap2R4AaABAg",
            "reply_content": "\u51b7\u975c"
        },
        {
            "reply_id": "UgwCNtiKgmHG0WAbuNN4AaABAg",
            "reply_content": "\u7626\u4e86"
        },
        {
            "reply_id": "Ugw6_EbGSl7f6YvzpMd4AaABAg",
            "reply_content": "\u6f0f\u7684\u6bd4\u559d\u7684\u591a"
        },
        {
            "reply_id": "Ugx1bjUu3iJ4lp2nVBV4AaABAg",
            "reply_content": "\u4e00\u822c\u807d\u773e\u4e5f\u8a31\u771f\u7684\u7121\u6cd5\u5206\u8fa8\u5f97\u51fa\u97f3\u6a02\u85dd\u8853\u7684\u5c08\u696d\u6280\u8853\u9ad8\u4f4e\uff0c\u4f46\u4eba\u54c1\u98a8\u5ea6\u7684\u9ad8\u4e0b\u61c9\u8a72\u6240\u6709\u4eba\u90fd\u80fd\u611f\u53d7"
        }
    ]
}