{
    "video_info": {
        "id": "VmbaWQe_JOo",
        "channelTitle": "\u97d3\u52fe\u311f\u91d1\u91dd\u83c7 \ucc10\uca50\uafb8",
        "title": "\u958b\u7bb1KFC\u300c7\u540b\u5de8\u5927\u86cb\u64bb\u300d\ud83d\udca5 #KFC",
        "description": "",
        "likeCount": "7188",
        "commentCount": "119",
        "viewCount": "218887"
    },
    "comments": [
        {
            "reply_id": "Ugxsfprs3aPplCMfYnl4AaABAg",
            "reply_content": "\u91d1\u91dd\u83c7\u6703\u80d6"
        },
        {
            "reply_id": "UgyiehitkQcfj8Oqbhl4AaABAg",
            "reply_content": "\u5979\u559c\u6b61\u5403\u5927\u7684"
        },
        {
            "reply_id": "Ugxmg8BMVEHX62NSF4t4AaABAg",
            "reply_content": "\u9084\u8cb7\u5f97\u5230\u55ce"
        },
        {
            "reply_id": "Ugz3aK2z-Y3qSqccbyp4AaABAg",
            "reply_content": "\u9019\u500b\u80d6\u599e\u6709\u9ede\u50cf\u91d1\u91dd\u83c7"
        },
        {
            "reply_id": "UgyVhMjrbRfZo7yTGd54AaABAg",
            "reply_content": "\u5c4e"
        },
        {
            "reply_id": "UgzIiQXHrF2oBgJA6pB4AaABAg",
            "reply_content": "\u6703\u80a5\u9f20\u5566"
        },
        {
            "reply_id": "UgxHNoeWXePcbMtcD4Z4AaABAg",
            "reply_content": "\u597d\u53ef\u611b"
        },
        {
            "reply_id": "UgxNaFHKq3O_80s7f854AaABAg",
            "reply_content": "\u6709\u9ede\u50cf\u9b3c\u9b3c\u8ddf\u91d1\u9ad8\u6069\u5408\u9ad4"
        },
        {
            "reply_id": "UgwLuXRnveEzUJ9xASZ4AaABAg",
            "reply_content": "\u6211\u53ea\u5403\u904e\u597d\u5e02\u591a\u7684\u5de8\u5927\u86cb\u5854\ud83d\ude02\u5403\u4e86\u4e09\u5929\u5403\u4e0d\u5b8c"
        },
        {
            "reply_id": "UgziR7WsHPO5dSEBHid4AaABAg",
            "reply_content": "\u770b\u8d77\u4f86\u50cf\u5df4\u65af\u514b"
        },
        {
            "reply_id": "UgylYpA1UDgMuz09chJ4AaABAg",
            "reply_content": "\u5713\u4e86\u55ce"
        },
        {
            "reply_id": "Ugyhv99yymoGglKMWzJ4AaABAg",
            "reply_content": "\u4e5f\u592a\u723d\u4e86"
        },
        {
            "reply_id": "UgyOVKyEZunKZh2nyzl4AaABAg",
            "reply_content": "\u91d1\u91dd\u83c7\u597d\u53ef\u611b"
        },
        {
            "reply_id": "UgymuPkj9V_np5SHV-F4AaABAg",
            "reply_content": "\u5403\u5b8c\u9577\u4e09\u65a4\u8089"
        },
        {
            "reply_id": "UgxPQiZqew88VdSRsOR4AaABAg",
            "reply_content": "\u80d6\u6b7b\u4f60"
        },
        {
            "reply_id": "Ugz_mw-9X7zhZbxPj_N4AaABAg",
            "reply_content": "\u559c\u6b61\u91d1\u91dd\u83c7\u7684\u81ea\u7136\u8868\u73fe"
        },
        {
            "reply_id": "Ugz_deZDiqIzPgmNU5N4AaABAg",
            "reply_content": "\u552e\u50f9\u5462"
        },
        {
            "reply_id": "UgzunKoXnhSv3v8TpIZ4AaABAg",
            "reply_content": "\u8b1d\u8b1d\u59b3"
        },
        {
            "reply_id": "UgyU3UeiuDb7ik6f5Nx4AaABAg",
            "reply_content": "\u60f3\u770b\u86cb\u5854\u4e4b\u821e\u5b8c\u6574\u7248"
        },
        {
            "reply_id": "UgyYl30lT5tXHOA3pLp4AaABAg",
            "reply_content": "\u71b1\u91cf\u7206\u8868"
        }
    ]
}