{
    "video_info": {
        "id": "WPt4Ko3NZXg",
        "channelTitle": "\u97d3\u52fe\u311f\u91d1\u91dd\u83c7 \ucc10\uca50\uafb8",
        "title": "\u6642\u969420\u5e74\u7238\u5abd\u7d42\u65bc\u5403\u5230\u771f\u6b63\u7684\u53f0\u7063\u706b\u934b\ud83d\ude02\u5403\u5230\u809a\u5b50\u5feb\u7206\u70b8\u2764\ufe0f\u3010\u91d1\u5bb6\u5718\u5713EP.2\u3011\u5e36\u4ed6\u5011\u53bb\u8db4\u8db4\u8d70\uff5c\u97d3\u52fe\u311f\u91d1\u91dd\u83c7 \ucc10\uca50\uafb8",
        "description": "#\u91d1\u5bb6\u5718\u5713EP2 #\u83c7\u7238\u83c7\u5abd\u4f86\u53f0\u7063 #\u660e\u5929\u9084\u6703\u6709\u4e00\u652f\u5f71\u7247\u5594\n\u5e0c\u671b\u4f60\u5011\u559c\u6b61\u9019\u90e8\u5f71\u7247\n\u559c\u6b61\u5e6b\u6211\u8a02\u95b1\u6309\u8b9a\u5206\u4eab \u8a18\u5f97\u958b\u555f\u5c0f\u9234\u943a\u6536\u53d6\u65b0\u7247\u901a\u77e5\u5594\uff01\n\n\uff3f\uff3f\uff3f\uff3f\uff3f\uff3f\uff3f\uff3f\uff3f\uff3f\uff3f\uff3f\uff3f\uff3f\uff3f\uff3f\uff3f\uff3f\uff3f\uff3f\uff3f\n\n\u2b50\ufe0f\u91d1\u91dd\u83c7\u7684\u97d3\u570b\u7f8e\u98df\u54c1\u724c\uff1ahttps://www.kimkfoods.com\n\u2b50\ufe0f\u91d1\u5bb6\u311f\u5e03\u5e33\u99ac\u8eca\uff1ahttps://www.facebook.com/groups/2297603990535075/\n\u2b50\ufe0f\u91d1\u91dd\u83c7\u7684\u7c89\u5c08: https://www.facebook.com/Koreajinzhengu/\n\u2b50\ufe0f\u91d1\u91dd\u83c7\u7684IG: https://www.instagram.com/ggu__kim/\n\u2b50\ufe0f\u5408\u4f5c\u9080\u7d04\u8acb\u6d3dPressPlay\uff1ajinyoungkim@pressplay.cc\n\n\uff3f\uff3f\uff3f\uff3f\uff3f\uff3f\uff3f\uff3f\uff3f\uff3f\uff3f\uff3f\uff3f\uff3f\uff3f\uff3f\uff3f\uff3f\uff3f\uff3f\uff3f",
        "likeCount": "34766",
        "commentCount": "1094",
        "viewCount": "1286741"
    },
    "comments": [
        {
            "reply_id": "Ugy99ZLc9P-qankcW-Z4AaABAg",
            "reply_content": "\u4e0b\u91cd\u672c\u4e86"
        },
        {
            "reply_id": "Ugzw0YzWEuXUFbxBO_F4AaABAg",
            "reply_content": "\u9019\u662f\u5f88\u68d2\u7684\u56de\u61b6"
        },
        {
            "reply_id": "Ugx-XTKBdpGDjmCaH1x4AaABAg",
            "reply_content": "\u6c38\u9060\u6c92\u6709\u6bd4\u8acb\u5bb6\u4eba\u5403\u98ef\u66f4\u958b\u5fc3\u7684"
        },
        {
            "reply_id": "UgyoH5PgL6HxoVzNrLt4AaABAg",
            "reply_content": "\u7ed3\u679c\u662f\u5916\u56fd\u6599\u7406\u54c8\u54c8\u54c8\u54c8"
        },
        {
            "reply_id": "UgwwgtVNaUVoiiAc25N4AaABAg",
            "reply_content": "\u597d\u6eab\u99a8\u7684\u756b\u9762\u5594"
        },
        {
            "reply_id": "UgzeP7agtGwSoeFCU394AaABAg",
            "reply_content": "\u770b\u7684\u51fa\u5abd\u5abd\u5f88\u504f\u611b\u6d77\u9bae"
        },
        {
            "reply_id": "Ugwi6VnccSVEcbW6bSV4AaABAg",
            "reply_content": "\u7238\u7238\u53ca\u5abd\u5abd\u90fd\u5f88\u6703\u4ecb\u7d39\u7f8e\u98df\uff0c\u96e3\u602a\u91d1\u91dd\u83c7\u9019\u9ebc\u512a\u79c0"
        },
        {
            "reply_id": "UgxNAaZChqHlPVF1LDd4AaABAg",
            "reply_content": "\u706b\u934b\u5e97\u5728\u54ea\u88e1"
        },
        {
            "reply_id": "UgxOxW-4pFMM57s25Xd4AaABAg",
            "reply_content": "\u54ea\u4e00\u9593\u5e97\u5bb6"
        },
        {
            "reply_id": "UgwGBDYp004CpytZNY14AaABAg",
            "reply_content": ""
        },
        {
            "reply_id": "UgwhbI4-_gK4BA5vv2d4AaABAg",
            "reply_content": "\u7238\u7238\u90a3\u56b4\u8085\u7684\u8868\u60c5\u5fc3\u7406\u4e00\u5b9a\u5728\u958b\u5fc3\u6709\u9019\u9ebc\u68d2\u7684\u5973\u5152"
        },
        {
            "reply_id": "Ugx_4RykZnwKUskIkFh4AaABAg",
            "reply_content": "\u770b\u8457\u770b\u8457\u5c31\u54ed\u4e86"
        },
        {
            "reply_id": "UgwNIZERZ0xPToJIGxR4AaABAg",
            "reply_content": "\u76f8\u4fe1\u5f88\u4e45\u5f88\u4e45\u4ee5\u540e\u7b49\u91d1\u9488\u83c7\u8001\u4e86\u7684\u65f6\u5019\u4f1a\u518d\u770b\u8fd9\u4e2a\u5f71\u7247"
        },
        {
            "reply_id": "Ugxlv9evmBuYAtRBDhR4AaABAg",
            "reply_content": "\u597d\u559c\u6b61\u5bb6\u4eba\u9019\u6a23\u4e00\u8d77\u5403\u98ef\u4e00\u8d77\u51fa\u904a\u6b61\u6a02\u7684\u6c23\u6c1b\u2764"
        },
        {
            "reply_id": "UgxTOTv_XlHoCHVtr4d4AaABAg",
            "reply_content": "\u5f88\u6eab\u99a8"
        },
        {
            "reply_id": "UgyhRoi-MZljleNQW_14AaABAg",
            "reply_content": "\u5abd\u5abd\u597d\u5e74\u8f15\u554a"
        },
        {
            "reply_id": "UgwN3GtlMch4gcEIB5F4AaABAg",
            "reply_content": "\u8eab\u70ba\u53f0\u7063\u4eba\u9577\u9019\u5927\u7b2c\u4e00\u6b21\u770b\u904e\u9019\u9ebc\u6d6e\u8a87\u7684\u706b\u934b\u2026"
        },
        {
            "reply_id": "UgyEkOOYGeYiCdHqwUR4AaABAg",
            "reply_content": "\u9019\u4e00\u5bb6\u706b\u934b\u5728\u54ea\u88e1\u53ef\u4ee5\u8aaa\u4e00\u4e0b\u55ce\uff1f\u7136\u5f8c\u5403\u9019\u4e00\u9910\u82b1\u4e86\u591a\u5c11\uff0c\u53d4\u53d4\u963f\u59e8\u9a0e\u8eca\u727d\u624b\u90a3\u4e00\u5e55\u597d\u6eab\u99a8\u963f"
        },
        {
            "reply_id": "UgyZk7Id4oTi1WqjisR4AaABAg",
            "reply_content": "\u5abd\u5abd\u597d\u6f02\u4eae\u554a"
        },
        {
            "reply_id": "UgyhnREbpj9PHewN2Yd4AaABAg",
            "reply_content": "\u54ea\u88cf\u5403\u7684\u554a"
        },
        {
            "reply_id": "Ugws37DT2NyLoZXqw-J4AaABAg",
            "reply_content": "\u540e\u9762\u90a3\u4e00\u6bb5\u6709\u70b9\u611f\u52a8\u6d41\u6cea"
        },
        {
            "reply_id": "UgxnFIKNTLekWqafa8d4AaABAg",
            "reply_content": "\u5176\u5be6\u53ef\u4ee5\u5b78\u4e00\u4e0b\u8336\u8449\u86cb\u600e\u9ebc\u505a\uff0c\u505a\u4e00\u6b21\u51b0\u8d77\u4f86\u5728\u5bb6\u53ef\u4ee5\u5403\u597d\u5e7e\u9910"
        },
        {
            "reply_id": "UgwEgab8XxW1htn6c514AaABAg",
            "reply_content": "\u7238\u7238\u5abd\u5abd\u90fd\u5ff5\u904e\u5927\u5b78\u96e3\u602a\u8ac7\u5410\u548c\u7d20\u8cea\u90fd\u5f88\u597d\uff0c\u990a\u80b2\u7684\u5c0f\u5b69\u90fd\u5f88\u4e56"
        },
        {
            "reply_id": "UgzTCbCg8CNB9xkxC5x4AaABAg",
            "reply_content": "\u597d\u5e78\u798f"
        },
        {
            "reply_id": "UgxHziH2GpoUyKQ0DTF4AaABAg",
            "reply_content": "\u73fe\u5728\u624d\u77e5\u9053\u91d1\u91dd\u83c7\u662f\u53f0\u5927\u7684\u6b38"
        }
    ]
}