{
    "video_info": {
        "id": "WU7qtwZZmjM",
        "channelTitle": "\u97d3\u52fe\u311f\u91d1\u91dd\u83c7 \ucc10\uca50\uafb8",
        "title": "\u53f0\u5357\u963f\u4f2f\u5e36\u97d3\u570b\u91d1\u300c\u4e00\u65e5\u7d04\u6703\u300d\u53bb\u79c1\u623f\u5730\u9ede\u2764\ufe0f\u6703\u5e36\u6211\u53bb\u54ea\u4e9b\u5730\u65b9\u5462\uff1f\u6700\u5f8c\u9084\u6709\u6d6a\u6f2b\u666f\u9ede...\uff01\u597d\u611f\u52d5\uff5c\u97d3\u52fe\u311f\u91d1\u91dd\u83c7 \ucc10\uca50\uafb8",
        "description": "\u53f0\u5357\u963f\u4f2f\u7b2c\u4e8c\u96c6\u4f86\u5566 \u5e0c\u671b\u5927\u5bb6\u559c\u6b61\u00b7\uff01\n\u559c\u6b61\u5e6b\u6211\u591a\u591a\u5206\u4eab\u5537\uff5e\uff01\n\n\u9084\u6c92\u770b\u7b2c\u4e00\u96c6\u53ef\u4ee5\u9ede\u9019\u500b\u9023\u7d50\uff1ahttps://youtu.be/44N61H9vzvY\n#\u53f0\u5357 #\u53f0\u5357\u65c5\u884c #\u53f0\u5357\u4e00\u65e5\u904a\n\u525b #\u5730\u9707 \u4f86 \u5927\u5bb6\u9084\u597d\u55ce\n\u5e0c\u671b\u4f60\u5011\u559c\u6b61\u9019\u90e8\u5f71\u7247\n\u559c\u6b61\u5e6b\u6211\u8a02\u95b1\u6309\u8b9a\u5206\u4eab \u8a18\u5f97\u958b\u555f\u5c0f\u9234\u943a\u6536\u53d6\u65b0\u7247\u901a\u77e5\u5594\uff01\n\n\uff3f\uff3f\uff3f\uff3f\uff3f\uff3f\uff3f\uff3f\uff3f\uff3f\uff3f\uff3f\uff3f\uff3f\uff3f\uff3f\uff3f\uff3f\uff3f\uff3f\uff3f\n\n\u2b50\ufe0f\u91d1\u5bb6\u311f\u5e03\u5e33\u99ac\u8eca\uff1ahttps://www.facebook.com/groups/2297603990535075/\n\u2b50\ufe0f\u91d1\u91dd\u83c7\u7684\u7c89\u5c08: https://www.facebook.com/Koreajinzhengu/\n\u2b50\ufe0f\u91d1\u91dd\u83c7\u7684IG: https://www.instagram.com/ggu__kim/\n\u2b50\ufe0f\u5408\u4f5c\u9080\u7d04\u8acb\u6d3dPressPlay\uff1ajinyoungkim@pressplay.cc\n\n\uff3f\uff3f\uff3f\uff3f\uff3f\uff3f\uff3f\uff3f\uff3f\uff3f\uff3f\uff3f\uff3f\uff3f\uff3f\uff3f\uff3f\uff3f\uff3f\uff3f\uff3f",
        "likeCount": "18501",
        "commentCount": "778",
        "viewCount": "423555"
    },
    "comments": [
        {
            "reply_id": "Ugz56o7tFd9M8DfCNId4AaABAg",
            "reply_content": "\u9019\u7a2e\u6fc3\u6fc3\u7684\u4eba\u60c5\u5473\u5c31\u662f\u53f0\u7063\u6700\u53ef\u611b\u3001\u6700\u52d5\u4eba\u7684\u5730\u65b9"
        },
        {
            "reply_id": "Ugw4U-idnbUe32CW6jx4AaABAg",
            "reply_content": "\u7b11\u5c4e\u4e86"
        },
        {
            "reply_id": "Ugzn-w4MMAhmESHNgHt4AaABAg",
            "reply_content": "\u611f\u52d5"
        },
        {
            "reply_id": "UgyL36pWK2JDZa5PS_d4AaABAg",
            "reply_content": "\u770b\u4e86\u6eff\u6eff\u7684\u611f\u52d5"
        },
        {
            "reply_id": "UgwBFQ9oWM5H1A3K_VJ4AaABAg",
            "reply_content": "\u8aaa\u771f\u7684\u5b89\u5e73\u9673\u5bb6\u662f\u771f\u7684\u96e3\u5403"
        },
        {
            "reply_id": "UgzMOmIzvPds1n-jlbl4AaABAg",
            "reply_content": "\u963f\u5317\u963f\u59e8\u5c0f\u670b\u53cb\u8d85\u7d1a\u53ef\u611b\u7684"
        },
        {
            "reply_id": "UgykJbyeZS-Pgg8vyF54AaABAg",
            "reply_content": "\u597d\u50cf\u56de\u5357\u90e8\u904e\u5e74"
        },
        {
            "reply_id": "Ugw_-PasHlGqJiA29yB4AaABAg",
            "reply_content": "\u56db\u8349"
        },
        {
            "reply_id": "UgzzWR8TA6qEK5qna194AaABAg",
            "reply_content": "\u611f\u52d5"
        },
        {
            "reply_id": "UgwDJ-KiCzSI-iv8_eJ4AaABAg",
            "reply_content": "\u671f\u5f85\u9080\u8acb\u963f\u5317\u5230\u53f0\u5317\u7684\u5f71\u7247"
        },
        {
            "reply_id": "UgzT6317wEEoZqifpZV4AaABAg",
            "reply_content": "\u963f\u4f2f\u4eba\u883b\u597d\u7684 \u4f46\u662f\u4e00\u76f4\u900f\u9732\u51fa\u4e00\u7d72\u7d72\u8c6c\u54e5\u7325\u7463\u6c23\u606f"
        },
        {
            "reply_id": "UgyWj3zPsPuGxYRtZBJ4AaABAg",
            "reply_content": "\u597d\u5e78\u798f\u6eab\u99a8\u7684\u6c1b\u570d"
        },
        {
            "reply_id": "UgzF1Z_jTGxU5XOiKOp4AaABAg",
            "reply_content": "\u597d\u958b\u5fc3"
        },
        {
            "reply_id": "Ugx_M_9eQOJ4U20zEa54AaABAg",
            "reply_content": "\u611f\u53d7\u5230\u91d1\u91dd\u83c7\u771f\u7684\u6eff\u6eff\u7684\u611f\u52d5\uff0c\u56e0\u70ba\u963f\u4f2f\u5c0d\u91d1\u91dd\u83c7\u771f\u7684\u5f88\u50cf\u5bb6\u4eba\uff5e\u5f88\u958b\u5fc3\u91d1\u91dd\u83c7\u5728\u53f0\u7063\u9664\u4e86\u7fbd\u7403\u968a\u5bb6\u4eba\u5916\u9084\u591a\u4e86\u53f0\u5357\u5bb6\u4eba"
        },
        {
            "reply_id": "UgxZMMcku0DxMY8PT0p4AaABAg",
            "reply_content": "\u597d\u611f\u52d5\u6b50\u6b50\u6b50\u6b50"
        },
        {
            "reply_id": "UgzSrVqsIzCEHaEaGDt4AaABAg",
            "reply_content": "\u671f\u5f85\u91d1\u91dd\u83c7\u80fd\u4f86\u570b\u7acb\u9ad4\u80b2\u5927\u5b78\u5b78\u9910\u4e00\u65e5\u7d04\u6703"
        },
        {
            "reply_id": "UgwfoJtvQhYYLYqA2A94AaABAg",
            "reply_content": "\u963f\u5317\u8aaa\u9435\u7c89\u4e5f\u592a\u53ef\u611b\u4e86"
        },
        {
            "reply_id": "UgwyyN69L5qiJo3_o0l4AaABAg",
            "reply_content": "\u5c0f\u80d6\u5b50"
        },
        {
            "reply_id": "Ugzt3dHHMNd-TMi_RjN4AaABAg",
            "reply_content": "\u963f\u5317\u91d1\u91dd\u83c7\u770b\u8d77\u4f86\u90fd\u597d\u958b\u5fc3 \u770b\u5b8c\u4e5f\u60f3\u56de\u5bb6\u770b\u81ea\u5df1\u7684\u963f\u516c\u963f\u5b24\u4e86"
        },
        {
            "reply_id": "UgxWSN5-GEFiej0qrYl4AaABAg",
            "reply_content": "\u770b\u8457\u770b\u8457\u53c8\u60f3\u5bb6\u4e86"
        },
        {
            "reply_id": "Ugx91kvzqLIDsdq6wQx4AaABAg",
            "reply_content": "\u559c\u6b61"
        },
        {
            "reply_id": "UgwU0PEec068PHH-eyN4AaABAg",
            "reply_content": "\u9019\u500b\u5915\u967d\u771f\u7684\u5f88\u7f8e"
        },
        {
            "reply_id": "Ugw1g4j9NiI7dgzeTVl4AaABAg",
            "reply_content": "\u5357\u90e8\u7684\u8001\u4eba\u5bb6\u5e7e\u4e4e\u90fd\u9019\u6a23\u71b1\u60c5"
        },
        {
            "reply_id": "UgzGON61v8gena6apzd4AaABAg",
            "reply_content": "\u60f3\u53bb\u770b\u5915\u967d\u5403\u86b5\u4ed4\u714e"
        },
        {
            "reply_id": "Ugx9Ml4XO1I2cWPWzaV4AaABAg",
            "reply_content": "\u5f88\u6696\u5fc3"
        }
    ]
}