{
    "video_info": {
        "id": "xdiPK1txeQQ",
        "channelTitle": "\u97d3\u52fe\u311f\u91d1\u91dd\u83c7 \ucc10\uca50\uafb8",
        "title": "\u97d3\u570b\u89aa\u5f1f\u5f1f\u6311\u6230\u8003\u99d5\u7167\u5566\ud83d\udd25\u5c31\u8aaa\u4e0d\u80fd\u7528\u96de\u817f\u63db\u554a\u2026.\ud83d\ude13 \u6211\u4f86\u7576\u6559\u7df4\u597d\u597d\u6559\u5c0e\u4ed6\u54c8\u54c8\u54c8\uff5c\u97d3\u52fe\u311f\u91d1\u91dd\u83c7 \ucc10\uca50\uafb8",
        "description": "\u554a\u54c8\u54c8\u54c8\u6211\u7684\u89aa\u5f1f\u5f1f\u7a81\u7136\u8aaa\u8981\u8003\u99d5\u7167\n\u770b\u770b\u4ed6\u6703\u4e0d\u6703\u8003\u4e0a\n\u8b1d\u8b1d\u5b8f\u4f73\u9a30\u501f\u6211\u5011\u8eca\u8eca Ai-1 More\u9eef\u591c\u7da0\n\u9019\u500b\u984f\u8272\u7684\u5149\u6fa4\u5ea6\u597d\u597d\u770b\n#\u5b8f\u4f73\u9a30\u667a\u6167\u96fb\u8eca \u771f\u7684\u597d\u597d\u9a0e\u53c8\u5f88\u7a69\uff01\n\u6839\u672c\u8003\u99d5\u7167\u795e\u5668\ud83d\ude1d\ud83d\udc4d\ud83d\udc4d\n\u6709\u8208\u8da3\u53ef\u4ee5\u53bb\u5b8f\u4f73\u9a30\u667a\u6167\u9580\u5e02\u8a66\u4e58\u770b\u770b\u5537\n\u8eca\u6b3e\u4ecb\u7d39\uff1ahttps://bit.ly/3zT69Fp\n \nFacebook\uff1a\u5b8f\u4f73\u9a30\u667a\u6167\u96fb\u8eca\nInstagram\uff1a@amotor_taiwan\n \n[8/26 \u5df2\u958b\u734e]\n\u53e6\u5916 \u5982\u679c\u7559\u8a00\u88e1\u6709\u5305\u62ec\u300c\u5b8f\u4f73\u9a30\u300d\u5c31\u6703\u62bd5\u4f4d\u83c7\u7c89\u9001\u51b0\u6dc7\u6dcb\u514c\u63db\u5238\u5594\uff5e\u6211\u6703\u56de\u8986\u7559\u8a00\u544a\u8a34\u62bd\u4e2d\u7d50\u679c\n\u5c31\u62bd\u52308/20\uff0c\u5bc4\u4ef6\u5730\u9ede\u4ee5\u53f0\u6f8e\u91d1\u99ac\u70ba\u9650\u5537\uff01\n\n\u5e0c\u671b\u4f60\u5011\u559c\u6b61\u9019\u90e8\u5f71\u7247\n\u559c\u6b61\u5e6b\u6211\u8a02\u95b1\u6309\u8b9a\u5206\u4eab \u8a18\u5f97\u958b\u555f\u5c0f\u9234\u943a\u6536\u53d6\u65b0\u7247\u901a\u77e5\u5594\uff01\n\n\uff3f\uff3f\uff3f\uff3f\uff3f\uff3f\uff3f\uff3f\uff3f\uff3f\uff3f\uff3f\uff3f\uff3f\uff3f\uff3f\uff3f\uff3f\uff3f\uff3f\uff3f\n\n\u2b50\ufe0f\u91d1\u91dd\u83c7\u7684\u97d3\u570b\u7f8e\u98df\u54c1\u724c\uff1ahttps://www.kimkfoods.com\n\u2b50\ufe0f\u91d1\u5bb6\u311f\u5e03\u5e33\u99ac\u8eca\uff1ahttps://www.facebook.com/groups/2297603990535075/\n\u2b50\ufe0f\u91d1\u91dd\u83c7\u7684\u7c89\u5c08: https://www.facebook.com/Koreajinzhengu/\n\u2b50\ufe0f\u91d1\u91dd\u83c7\u7684IG: https://www.instagram.com/ggu__kim/\n\u2b50\ufe0f\u5408\u4f5c\u9080\u7d04\u8acb\u6d3dPressPlay\uff1ajinyoungkim@pressplay.cc\n\n\uff3f\uff3f\uff3f\uff3f\uff3f\uff3f\uff3f\uff3f\uff3f\uff3f\uff3f\uff3f\uff3f\uff3f\uff3f\uff3f\uff3f\uff3f\uff3f\uff3f\uff3f",
        "likeCount": "19752",
        "commentCount": "829",
        "viewCount": "825026"
    },
    "comments": [
        {
            "reply_id": "Ugw3kILt-VVG-xTfm6N4AaABAg",
            "reply_content": "\u54c8\u54c8\u518d\u770b\u4e00\u6b21"
        },
        {
            "reply_id": "Ugy3qZS1WhXAK79LdD54AaABAg",
            "reply_content": "\u59d1\u5f1f\u4e0d\u7528\u56de\u97d3\u570b\u7576\u5175\u55ce"
        },
        {
            "reply_id": "Ugy3MgjCqKjisMeYx9V4AaABAg",
            "reply_content": "\u606d\u559c\u83c7\u5f1f"
        },
        {
            "reply_id": "UgzPLemUIk4JEerZeE94AaABAg",
            "reply_content": "\u606d\u559c\u83c7\u5f1f"
        },
        {
            "reply_id": "UgwLEXPc3A1A9rNwjTx4AaABAg",
            "reply_content": "\u7b2c\u4e8c\u9053\u8003\u984c\u592a\u60b2\u54c0\u4e86\u2026\u807d\u5230\u53f0\u7063\u7684\u6a5f\u8eca\u4e0d\u80fd\u5de6\u8f49"
        },
        {
            "reply_id": "UgzFOZLDmr4SkqcEc7l4AaABAg",
            "reply_content": "\u597d\u68d2\u7684\u59d0\u5f1f"
        },
        {
            "reply_id": "UgzFttbDUw4iSZmDC1J4AaABAg",
            "reply_content": "\u9019\u5c0d\u59d0\u5f1f\u600e\u9ebc\u53ef\u4ee5\u9019\u9ebc\u53ef\u611b"
        },
        {
            "reply_id": "UgzFkpHZZFs2PHjeFaF4AaABAg",
            "reply_content": "\u5176\u5be6\u5b78\u9a0e\u8eca\u7b2c\u4e00\u6b65\u662f\u8981\u5148\u80fd\u8b93\u8eca\u52d5\u8173\u6709\u5728\u8e0f\u588a\u4e0a\uff0c\u7b49\u53ef\u4ee5\u6162\u901f\u7e5e\u5834\u5728\u9806\u5229\u505c\u4e0b\u5f8c\u518d\u958b\u59cb\u641e\u4e03\u79d2\n\u4e03\u79d2\u4e5f\u4e0d\u662f\u4e00\u958b\u59cb\u5c31\u4e03\u79d2\uff0c\u800c\u662f\u8981\u7fd2\u6163\u6975\u6162\u901f\u5f8c\u518d\u958b\u59cb\u6162\u6162\u5201\u90a3\u500b\u79d2\u6578\u8ddf\u8def\u5f91"
        },
        {
            "reply_id": "UgxKXCe6blOOKub-d-54AaABAg",
            "reply_content": "\u8981\u9a0e\u6a5f\u8eca\u524d\u8981\u5148\u7df4\u8173\u8e0f\u8eca\u5efa\u7acb\u5e73\u8861\u611f\u6703\u99d5\u8f15\u5c31\u719f"
        },
        {
            "reply_id": "UgzpOBbCt6nx09ApQoZ4AaABAg",
            "reply_content": "\u59d0\u59d0\u77ac\u9593\u8d70\u8def\u8b8a\u963f\u73e0\u5abd"
        },
        {
            "reply_id": "UgwjKLHvBzPl2yIs-Nd4AaABAg",
            "reply_content": "\u771f\u7684\u662f\u597d\u59ca\u59ca\u8036"
        },
        {
            "reply_id": "Ugx9_PF77JJmxmmD21x4AaABAg",
            "reply_content": "\u606d\u559c\u5594"
        },
        {
            "reply_id": "UgwyDPM4_X_6EWLnmkV4AaABAg",
            "reply_content": "\u60f3\u5230\u53bb\u5e74\u6211\u4e5f\u662f\u9019\u6a23\u6559\u6211\u5f1f\u9a0e\u8eca\u55da\u55da\u55da"
        },
        {
            "reply_id": "UgyBpDA4mj6rfpe3p3d4AaABAg",
            "reply_content": "\u9084\u662f\u53f0\u7063\u6bd4\u8f03\u597d"
        },
        {
            "reply_id": "UgyUNnNNacA8uvnmwpp4AaABAg",
            "reply_content": "\u4f60\u5f1f\u7684\u4e2d\u6587\u6bd4\u4f60\u597d"
        },
        {
            "reply_id": "UgxrQuNGCdI_wi8wTdJ4AaABAg",
            "reply_content": "\u4ee3\u8f49\u4e0d\u7528\u6253\u65b9\u5411\u71c8\u5594"
        },
        {
            "reply_id": "Ugyacbn1LBH6U2_sRKB4AaABAg",
            "reply_content": "\u767e\u9f61\u6a4b\u8ddf\u79d1\u6559\u9928\u8036"
        },
        {
            "reply_id": "UgxKNsU-Un6OjVWwc8t4AaABAg",
            "reply_content": "\u9019\u662f\u54ea\u500b\u76e3\u7406\u7ad9\u554a"
        },
        {
            "reply_id": "UgzojPlFwFyF7IgG_qN4AaABAg",
            "reply_content": "\u8acb\u554f\u4f60\u5011\u662f\u5728\u54ea\u8003"
        },
        {
            "reply_id": "UgxB1SoMdQlD3dMlzgR4AaABAg",
            "reply_content": "\u9084\u6c92\u6efe\u56de\u97d3\u570b\u5594"
        },
        {
            "reply_id": "UgzY_HZKIi3wnqNN9u94AaABAg",
            "reply_content": "\u5f1f\u5f1f\u4e2d\u6587\u5f88\u53f0\u6c92\u6709\u59b3\u90a3\u9ebc\u97d3\u8154"
        },
        {
            "reply_id": "UgwtewspqS8Zd7a2lqJ4AaABAg",
            "reply_content": "\u53f0\u7063\u8003\u6a5f\u8eca\u6bd4\u9999\u6e2f\u66f4\u5bb9\u6613"
        },
        {
            "reply_id": "UgzRZV0cbgAgM826Hml4AaABAg",
            "reply_content": "\u5f88\u591a\u90fd\u667a\u6167\u7cfb\u7d71\u4e0d\u6015\u8ff7\u8def"
        },
        {
            "reply_id": "UgwvLo93688JWLLnR0N4AaABAg",
            "reply_content": "\u5f37\u70c8\u652f\u6301\u83c7\u5f1f\u8003\u99d5\u7167\uff0c\u652f\u6301\u83c7\u5f1f\u9ad4\u9a57\u5b89\u5168\u6c23\u56ca\u649e\u5f8c\u80cc"
        },
        {
            "reply_id": "UgzJvz3IsPvmGl2ZzaJ4AaABAg",
            "reply_content": ""
        }
    ]
}