{
    "video_info": {
        "id": "XEd43Ojg29A",
        "channelTitle": "\u97d3\u52fe\u311f\u91d1\u91dd\u83c7 \ucc10\uca50\uafb8",
        "title": "\uff3bLIVE\uff3d\u5012\u6578\u767e\u842c\u8a02\u95b1\ud83d\udd25\u4eca\u5929\u80fd\u78341,000,000\u55ce\uff5c\u97d3\u52fe\u311f\u91d1\u91dd\u83c7 \ucc10\uca50\uafb8",
        "description": "\u5e0c\u671b\u4f60\u5011\u559c\u6b61\u9019\u90e8\u5f71\u7247\n\u559c\u6b61\u5e6b\u6211\u8a02\u95b1\u6309\u8b9a\u5206\u4eab \u8a18\u5f97\u958b\u555f\u5c0f\u9234\u943a\u6536\u53d6\u65b0\u7247\u901a\u77e5\u5594\uff01\n\n\uff3f\uff3f\uff3f\uff3f\uff3f\uff3f\uff3f\uff3f\uff3f\uff3f\uff3f\uff3f\uff3f\uff3f\uff3f\uff3f\uff3f\uff3f\uff3f\uff3f\uff3f\n\n\u2b50\ufe0f\u91d1\u5bb6\u311f\u5e03\u5e33\u99ac\u8eca\uff1ahttps://www.facebook.com/groups/2297603990535075/\n\u2b50\ufe0f\u91d1\u91dd\u83c7\u7684\u7c89\u5c08: https://www.facebook.com/Koreajinzhengu/\n\u2b50\ufe0f\u91d1\u91dd\u83c7\u7684IG: https://www.instagram.com/ggu__kim/\n\u2b50\ufe0f\u5408\u4f5c\u9080\u7d04\u8acb\u6d3dPressPlay\uff1ajinyoungkim@pressplay.cc\n\n\uff3f\uff3f\uff3f\uff3f\uff3f\uff3f\uff3f\uff3f\uff3f\uff3f\uff3f\uff3f\uff3f\uff3f\uff3f\uff3f\uff3f\uff3f\uff3f\uff3f\uff3f",
        "likeCount": "20888",
        "commentCount": "1203",
        "viewCount": "614793"
    },
    "comments": [
        {
            "reply_id": "Ugxc9UOrBqN7VbdjBOB4AaABAg",
            "reply_content": "\u611b\u770b\u91d1\u91dd\u83c7\u548c\u91d1\u8a98\u4eba\u53ca\u5bb6\u4eba\u4e92\u52d5"
        },
        {
            "reply_id": "Ugw9nXDP4DJEjz9H7eN4AaABAg",
            "reply_content": "\u52a0\u6cb9"
        },
        {
            "reply_id": "Ugy_iIHRuOzncG79v0R4AaABAg",
            "reply_content": "\u91d1\u91dd\u83c7\u59b9\u59b9\u606d\u559c\u59b3\u9019\u4e00\u5207\u90fd\u662f\u4f60\u52aa\u529b\u5f97\u5230\u7684"
        },
        {
            "reply_id": "UgynGUBHsbSq3BFywbR4AaABAg",
            "reply_content": "\u5f88\u53ef\u611b"
        },
        {
            "reply_id": "UgywAXZe0W98GyJzCt94AaABAg",
            "reply_content": "\u606d\u559c\u606d\u559c"
        },
        {
            "reply_id": "UgyW2efxm-2WGyZlDJt4AaABAg",
            "reply_content": "\u5f9e\u59b3\u958b\u59cb\u62cd\u7247"
        },
        {
            "reply_id": "Ugx4EePMyToz4BWFZ814AaABAg",
            "reply_content": "\u8d85\u68d2"
        },
        {
            "reply_id": "UgzdFisOyd83Ynrm9yt4AaABAg",
            "reply_content": "\u52a0\u6cb9\u52a0\u6cb9\u52a0\u6cb9"
        },
        {
            "reply_id": "UgwfiH9VhZR7s1gDGeF4AaABAg",
            "reply_content": "\u59b3\u7684\u7247\u90fd\u770b\u5b8c\u4e86 \u73fe\u5728\u90fd\u8dd1\u6797\u5ba3\u90a3\u770b\u6709\u59b3\u7684\u7247"
        },
        {
            "reply_id": "UgyBGY2sTdMarwYPDmd4AaABAg",
            "reply_content": "\u91d1\u91dd\u83c7\u592a\u53ef\u611b"
        },
        {
            "reply_id": "UgwMlCJDrcuybNO9u7B4AaABAg",
            "reply_content": "\u91d1\u91dd\u83c7\u597d\u53ef\u611b"
        },
        {
            "reply_id": "UgznW3t7uZoIPmv_Bnp4AaABAg",
            "reply_content": "\u592a\u611f\u52d5\u4e86"
        },
        {
            "reply_id": "UgwWmMNslPvzGwpe3PJ4AaABAg",
            "reply_content": "\u606d\u559c"
        },
        {
            "reply_id": "UgxfJWqq-EQf4G1nx9h4AaABAg",
            "reply_content": "\u559c\u6975\u800c\u6ce3"
        },
        {
            "reply_id": "Ugx6BvZNlHMTsdaJsG94AaABAg",
            "reply_content": "\u5e36\u963f\u5b24\u53bb\u7389\u4e95\u8cb7\u8292\u679c\u5403\u7684\u5f71\u7247\u624d\u958b\u59cb\u8ffd\u91d1\u91dd\u83c7\u7684\uff5e"
        },
        {
            "reply_id": "UgzoGSxgNb0L8UBC4oN4AaABAg",
            "reply_content": "\u71b1\u60c5\u7684\u53f0\u7063\u4eba\u90fd\u77e5\u9053\u5916\u570b\u4eba\u5728\u53f0\u7063\u7684\u8f9b\u82e6\u4f46\u5927\u5bb6\u559c\u6b61\u4f60\u652f\u6301\u4f60,\u5e0c\u671b\u4e0d\u8981\u8f9c\u8ca0\u6211\u5011\u7684\u71b1\u60c5"
        },
        {
            "reply_id": "Ugwa6v42IVqIs-0igQ14AaABAg",
            "reply_content": "\u59b3\u597d\u68d2"
        },
        {
            "reply_id": "UgzwFySeYszKhBR_8RF4AaABAg",
            "reply_content": "\u8b9a\u54e6"
        },
        {
            "reply_id": "Ugy5RVixlqcEnWqt9JJ4AaABAg",
            "reply_content": "\u52aa\u529b\u7684\u6210\u679c"
        },
        {
            "reply_id": "UgxNKa0ek2LDV82kcyp4AaABAg",
            "reply_content": "\u606d\u559c\u91d1\u91dd\u83c7"
        },
        {
            "reply_id": "UgwN_C-3FdRNcXW64414AaABAg",
            "reply_content": "\u5f88\u559c\u6b61\u83c7\u83c7\uff0c\u56e0\u70ba\u4f60\u7684\u5f71\u7247\u90fd\u771f\u8aa0\u771f\u5fc3\u7684\u5728\u62cd\u5f71\u7247"
        },
        {
            "reply_id": "UgweEbDTvIkmNI7JOLB4AaABAg",
            "reply_content": "\u606d\u559c\u91dd\u91dd\u83c7"
        },
        {
            "reply_id": "UgxBpLcDHaZjmN3tVd14AaABAg",
            "reply_content": "\u606d\u559c\u91d1\u91dd\u83c7"
        },
        {
            "reply_id": "Ugyepz0rf8svWrpA8it4AaABAg",
            "reply_content": "\u606d\u559c\u91d1\u91dd\u83c7\u83c7"
        },
        {
            "reply_id": "Ugy5jdy3A-Sigg3pEId4AaABAg",
            "reply_content": "\u606d\u559c\u91d1\u91dd\u83c7"
        }
    ]
}