{
    "video_info": {
        "id": "Xsm6G60Z8lY",
        "channelTitle": "\u97d3\u52fe\u311f\u91d1\u91dd\u83c7 \ucc10\uca50\uafb8",
        "title": "\u5e6b\u89aa\u5f1f\u5f1f\u6539\u9020\u300c4\u576a\u96c5\u623f\u300d\ud83d\udea7\u6253\u9020IG\u98a8\u5922\u5e7b\u7a7a\u9593\u2728\u8d85\u7d1a\u597d\u59d0\u59d0\u6311\u6230.\u2026\u2026\uff5c\u97d3\u52fe\u311f\u91d1\u91dd\u83c7 \ucc10\uca50\uafb8",
        "description": "#\u6539\u9020\u5f1f\u5f1f\u623f\u9593 \uff01\u7b97\u6210\u529f\u55ce\ud83d\ude02\ud83d\ude02\n\u7576 #\u8d85\u7d1a\u597d\u59d0\u59d0 \u771f\u96e3\u2026.\u4e0d\u904e\n\u5e0c\u671b\u4ed6\u5728\u9019\u88e1\u904e\u5f97\u958b\u5fc3 \u7559\u4e0b\u7f8e\u597d\u7684\u56de\u61b6\uff01\ud83d\udc95\ud83d\udc95\n\n\u5f71\u7247\u4e2d\u63d0\u5230\u7684\u5b89\u5fc3\u9000\uff0c\u662f\u8766\u76ae\u4eca\u5e74\u5347\u7d1a\u7684\u5168\u7ad9\u9000\u8ca8\u670d\u52d9\uff1a\n1. \u64cd\u4f5c\u7c21\u55ae\uff0c\u4e00\u9375\u5373\u53ef\u7533\u8acb\u9000\u8ca8\n2. \u5c08\u4eba\u670d\u52d9\u8655\u7406\uff0c\u7701\u4e0b\u4f86\u56de\u6e9d\u901a\u6642\u9593\n3. \u81ea\u7531\u9078\u64c7\u9000\u8ca8\u7269\u6d41\uff0cApp\u5167\u53ef\u96a8\u6642\u638c\u63e1\u9000\u8ca8\u72c0\u614b\n\u6709\u4e86\u5b8c\u5584\u7684\u9000\u8ca8\u670d\u52d9\uff0c\u8b93\u5927\u5bb6\u4e5f\u8cb7\u5f97\u653e\u5fc3\uff01 \n\n*\u670d\u52d9\u7d30\u7bc0\u4f9d\u8ce3\u5bb6\u8a2d\u5b9a\u6709\u6240\u4e0d\u540c\uff0c\u8a73\u60c5\u8acb\u53c3\u8003\u8766\u76ae\u5e6b\u52a9\u4e2d\u5fc3\n*\u6eab\u99a8\u63d0\u9192\u82e5\u6feb\u7528\u5b89\u5fc3\u9000\u670d\u52d9\u6050\u6703\u5f71\u97ff\u6d88\u8cbb\u6b0a\u76ca\uff0c\u56b4\u91cd\u8005\u53ef\u80fd\u9762\u81e8\u5e33\u865f\u505c\u6b0a\u8655\u5206\n\n\u73fe\u5728\u6709\u3010\u8766\u76ae9.9\u8d85\u7d1a\u8cfc\u7269\u7bc0\u3011\n\ud83d\udd14\u5168\u7ad9$0\u8d77\u514d\u904b\n\ud83d\udd14\u5168\u7ad985\u6298\n\ud83d\udd14\u62bd\u767e\u842c\u6c7d\u8eca\u79ae\u5305\n\n\u7d30\u7bc0\u53ef\u4ee5\u770b\u770b\u9019\u500b\u9023\u7d50\uff5e\nhttps://sho.pe/4ewgbh\n\n\u83c7\u7c89\u5c08\u5c6c\u512a\u60e0\u78bc\u3010SUPER99GGUKIM\u3011\n\u5168\u7ad9\u6eff$299\u6298$30\uff0c\u4f7f\u7528\u671f\u9650\u52309/9 23:59\n\n #\u8766\u76ae99\u8d85\u7d1a\u8cfc\u7269\u7bc0 #\u8766\u76ae\u5b89\u5fc3\u9000 #\u9000\u8ca8\u76f4\u63a5\u627e\u8766\u76ae\n\n\u5e0c\u671b\u4f60\u5011\u559c\u6b61\u9019\u90e8\u5f71\u7247\n\u559c\u6b61\u5e6b\u6211\u8a02\u95b1\u6309\u8b9a\u5206\u4eab \u8a18\u5f97\u958b\u555f\u5c0f\u9234\u943a\u6536\u53d6\u65b0\u7247\u901a\u77e5\u5594\uff01\n\n\uff3f\uff3f\uff3f\uff3f\uff3f\uff3f\uff3f\uff3f\uff3f\uff3f\uff3f\uff3f\uff3f\uff3f\uff3f\uff3f\uff3f\uff3f\uff3f\uff3f\uff3f\n\n\u2b50\ufe0f\u91d1\u91dd\u83c7\u7684\u97d3\u570b\u7f8e\u98df\u54c1\u724c\uff1ahttps://www.kimkfoods.com\n\u2b50\ufe0f\u91d1\u5bb6\u311f\u5e03\u5e33\u99ac\u8eca\uff1ahttps://www.facebook.com/groups/2297603990535075/\n\u2b50\ufe0f\u91d1\u91dd\u83c7\u7684\u7c89\u5c08: https://www.facebook.com/Koreajinzhengu/\n\u2b50\ufe0f\u91d1\u91dd\u83c7\u7684IG: https://www.instagram.com/ggu__kim/\n\u2b50\ufe0f\u5408\u4f5c\u9080\u7d04\u8acb\u6d3dPressPlay\uff1ajinyoungkim@pressplay.cc\n\n\uff3f\uff3f\uff3f\uff3f\uff3f\uff3f\uff3f\uff3f\uff3f\uff3f\uff3f\uff3f\uff3f\uff3f\uff3f\uff3f\uff3f\uff3f\uff3f\uff3f\uff3f",
        "likeCount": "23791",
        "commentCount": "785",
        "viewCount": "799702"
    },
    "comments": [
        {
            "reply_id": "Ugz2oyTNSJfxU9cP2BN4AaABAg",
            "reply_content": "\u83c7\u83c7\u7684\u8eab\u6750\u4e5f\u592a\u597d"
        },
        {
            "reply_id": "UgydE1OYHlUUS7vhOw54AaABAg",
            "reply_content": "\u592a\u592a\u592a\u597d\u7684\u59d0\u59d0\u5566"
        },
        {
            "reply_id": "Ugy-NaDylOup6rJSjkN4AaABAg",
            "reply_content": "\u684c\u5b50\u8ddf\u684c\u5b50\u7684\u90a3\u5e7e\u500b\u8173\u53ef\u4ee5\u6539\u6210\u7528\u5b9c\u5bb6\u7684\u62bd\u5c5c\u6ac3\u53ef\u4ee5\u589e\u52a0\u6536\u7d0d\u7a7a\u9593\u5594\uff01"
        },
        {
            "reply_id": "UgxfYNIDnTyyV2AcwHd4AaABAg",
            "reply_content": "\u83c7\u5f1f\u8b1b\u8a71\u597d\u53ef\u611b"
        },
        {
            "reply_id": "Ugx-zEAR-kH-eFwJ7nV4AaABAg",
            "reply_content": "\u59ca\u59ca\u771f\u597d\u54e6"
        },
        {
            "reply_id": "UgxDrJRWh5www31c7L94AaABAg",
            "reply_content": "\u53ef\u4ee5\u8b93\u5f1f\u5f1f\u958b\u500b\u983b\u9053\u4e86"
        },
        {
            "reply_id": "UgzvjPmyHjZNeAmR-mR4AaABAg",
            "reply_content": "\u597d\u53ef\u611b\u7684\u4e00\u5bb6\u4eba"
        },
        {
            "reply_id": "Ugx_M9IYIAiTE6CINGN4AaABAg",
            "reply_content": "\u597d\u59ca\u59ca"
        },
        {
            "reply_id": "UgxAy1Eoni3jEMxa3fp4AaABAg",
            "reply_content": "\u93e1\u5b50\u4e0d\u53ef\u4ee5\u5c0d\u5e8a\u982d"
        },
        {
            "reply_id": "Ugy6-dzuBqDEh5w10Ex4AaABAg",
            "reply_content": "\u5e0c\u671b\u4f60\u5011\u5728\u53f0\u7063\u904e\u7684\u5feb\u6a02"
        },
        {
            "reply_id": "UgwA5mGeH8J5PnmO53R4AaABAg",
            "reply_content": "\u5f1f\u5f1f\u6bd4\u8f03\u50cf\u53f0\u7063\u4eba"
        },
        {
            "reply_id": "UgyFQxsfYjdMOwd0f3V4AaABAg",
            "reply_content": "\u5f1f\u5f1f\u4e2d\u6587\u6bd4\u8f03\u53b2\u5bb3"
        },
        {
            "reply_id": "UgwxxwXALt-pYrpcEpp4AaABAg",
            "reply_content": "\u5f1f\u5f1f\u597d\u53ef\u611b"
        },
        {
            "reply_id": "UgyHgXMJ5pRVpSqa2wt4AaABAg",
            "reply_content": "\u671f\u5f85\u6539\u9020\u54e5\u54e5\u7684"
        },
        {
            "reply_id": "UgwDjErpUgjRpY5xCUh4AaABAg",
            "reply_content": "\u5f1f\u5f1f\u4e2d\u6587\u4e5f\u5b78\u592a\u5feb\u4e86\u5427"
        },
        {
            "reply_id": "UgxchafTfWVW10D2lB94AaABAg",
            "reply_content": "\u5e0c\u671b\u91d1\u91dd\u83c7\u5e6b\u6211\u6539\u623f\u9593"
        },
        {
            "reply_id": "UgxEM7cyQOewjjI1g6h4AaABAg",
            "reply_content": "\u9019\u6a23\u7684\u597d\u59ca\u59ca\u771f\u7684\u662f\u5f88\u96e3\u627e\u9084\u5e6b\u5fd9\u8a2d\u8a08\u623f\u9593\u9084\u518d\u62ff\u4e0d\u5230\u734e\u5b78\u91d1\u771f\u7684\u662f\u8981\u6253\u982d\u4e86 \u592a\u8212\u9069\u7684\u74b0\u5883\u771f\u7684\u662f\u8b80\u4e0d\u597d\u66f8\u5e36\u59b9\u59b9\u56de\u5bb6\u662f\u4e0d\u932f\u7684\u74b0\u5883\u54c8\u54c8\u54c8\ud83d\ude04\u52a0\u6cb9\u4e86"
        },
        {
            "reply_id": "UgxIZ1b311rsUESq63V4AaABAg",
            "reply_content": "\u597d\u68d2\u7684\u623f\u9593"
        },
        {
            "reply_id": "UgywJ3TRK0fanKKCE894AaABAg",
            "reply_content": "\u6539\u9020\u7684\u5f88\u68d2\u8036"
        },
        {
            "reply_id": "UgzRfkPb8RJRNXoqwq94AaABAg",
            "reply_content": "\u60f3\u8acb\u554f\u92ea\u7684\u5730\u677f\u662f\u54ea\u4e00\u5bb6"
        },
        {
            "reply_id": "UgzY-BwPBb6bZ3uZzyN4AaABAg",
            "reply_content": "\u60f3\u554f\u7528\u904e\u5b89\u5fc3\u9000\u771f\u5be6\u5fc3\u5f97"
        },
        {
            "reply_id": "UgxH0pRRSW-sH9Xkblh4AaABAg",
            "reply_content": "\u5077\u96de\u6478\u72d7\u7684\u8ce3\u5bb6\u5011\u8981\u6ce8\u610f\u4e86\u5594"
        },
        {
            "reply_id": "Ugz4L-qkD8Cy6B7d7L14AaABAg",
            "reply_content": "\u5b89\u5fc3\u9000\u611f\u89ba\u662f\u7528\u4f86\u62b5\u81f3\u90a3\u4e9b\u4e0d\u826f\u8ce3\u5bb6\u5475\u5475"
        },
        {
            "reply_id": "UgzFNxfu-N6Lgs2xiNl4AaABAg",
            "reply_content": "\u91d1\u91dd\u83c7\u9078\u7684\u6771\u897f\u771f\u7684\u5f88\u6e96\u6b38\n\u90fd\u4e0d\u6703\u592a\u8df3\u75db\u5f88\u9069\u5408\u5f1f\u5f1f\u7684\u623f\u9593"
        },
        {
            "reply_id": "UgyLZtDHylJslzj6MY94AaABAg",
            "reply_content": "\u5b89\u5fc3\u9000\u4e0d\u7528\u807d\u8ce3\u5bb6\u5728\u90a3\u908a\u756a\u9817\u723d"
        }
    ]
}