{
    "video_info": {
        "id": "XVWJL-quG7Q",
        "channelTitle": "\u97d3\u52fe\u311f\u91d1\u91dd\u83c7 \ucc10\uca50\uafb8",
        "title": "\u6211\u56de\u97d3\u570b\u4e86\ud83d\ude2d\u9593\u9694\u5169\u5e74\u7d42\u65bc\u548c\u5bb6\u4eba\u76f8\u9022\uff01\u8d85\u5d29\u6f70\u7684\u9694\u96e2start \ud83d\udd25\u3010\u56de\u97d3\u570b\u7cfb\u5217\ud83c\uddf0\ud83c\uddf71\u3011\uff5c\u97d3\u52fe\u311f\u91d1\u91dd\u83c7 \ucc10\uca50\uafb8",
        "description": "\u6211\u56de\u97d3\u570b\u904e\u5e74\u5566\ud83e\udd7a\uff01\n\uff08\u5df2\u9694\u96e2\u5b8c\uff0c\u5dee\u9ede\u760b\u6389\uff09\n\u9593\u96942\u5e74\u898b\u5230\u5bb6\u4eba\n\u597d\u958b\u5fc3\uff01\n\u5728\u97d3\u570b\u7684\u671f\u9593\u591a\u591a\u966a\u5bb6\u4eba\n\u5403\u597d\u6599\n\u5403\u98fd\u98fd\n\u4e45\u9055\u7576\u5abd\u5bf6\u518d\u56de\u53f0\u7063\ud83e\udd70\u2708\ufe0f\u2728\n\n7\u9ede\u6703\u4e0a\u9694\u96e2\u5f71\u7247\n\u8ab0\u8aaa\u9694\u96e2\u5f88\u7c21\u55ae\u22ef\u22ef\n\u8a18\u5f97\u4f86\u770b\ud83e\udd23\ud83e\udd23\ud83e\udd72\n\n#\u91d1\u91dd\u83c7 #\u65b0\u5e74\u5feb\u6a02 #\u904e\u5e74\u5728\u97d3\u570b\n#\u83c7\u311f\u97d3\u570b\u904a\uff08\uff1f\uff09 #\u9694\u96e2\u7cfbyoutuber \n\n\u5e0c\u671b\u4f60\u5011\u559c\u6b61\u9019\u90e8\u5f71\u7247\n\u559c\u6b61\u5e6b\u6211\u8a02\u95b1\u6309\u8b9a\u5206\u4eab \u8a18\u5f97\u958b\u555f\u5c0f\u9234\u943a\u6536\u53d6\u65b0\u7247\u901a\u77e5\u5594\uff01\n\n\uff3f\uff3f\uff3f\uff3f\uff3f\uff3f\uff3f\uff3f\uff3f\uff3f\uff3f\uff3f\uff3f\uff3f\uff3f\uff3f\uff3f\uff3f\uff3f\uff3f\uff3f\n\n\u2b50\ufe0f\u91d1\u5bb6\u311f\u5e03\u5e33\u99ac\u8eca\uff1ahttps://www.facebook.com/groups/2297603990535075/\n\u2b50\ufe0f\u91d1\u91dd\u83c7\u7684\u7c89\u5c08: https://www.facebook.com/Koreajinzhengu/\n\u2b50\ufe0f\u91d1\u91dd\u83c7\u7684IG: https://www.instagram.com/ggu__kim/\n\u2b50\ufe0f\u5408\u4f5c\u9080\u7d04\u8acb\u6d3dPressPlay\uff1ajinyoungkim@pressplay.cc\n\n\uff3f\uff3f\uff3f\uff3f\uff3f\uff3f\uff3f\uff3f\uff3f\uff3f\uff3f\uff3f\uff3f\uff3f\uff3f\uff3f\uff3f\uff3f\uff3f\uff3f\uff3f",
        "likeCount": "45608",
        "commentCount": "2132",
        "viewCount": "1902158"
    },
    "comments": [
        {
            "reply_id": "Ugyj8nkAyTy_ABTVHox4AaABAg",
            "reply_content": ""
        },
        {
            "reply_id": "UgxvGmWcosK0OChUmt14AaABAg",
            "reply_content": "\u671f\u5f85\u83c7\u518d\u4e0a\u50b3\u5fc3\u7684\u4e00\u96c6"
        },
        {
            "reply_id": "UgxTLXw5GG5RHxwCY194AaABAg",
            "reply_content": "\u770b\u59b3\u5403\u7684\u723d\u7f8e\u7684"
        },
        {
            "reply_id": "Ugxd5cUNTflkp0Bfyyp4AaABAg",
            "reply_content": "\u6211\u770b\u91d1\u91dd\u83c7\u5403\u829d\u9ebb\u8449 \u5c31\u8b93\u6211\u60f3\u5230\u5728\u53f0\u7063\u6211\u7238\u4ee5\u524d\u82b1\u53eb\u6211\u5403\u5de6\u624b\u9999 \u9084\u6709\u8ddf\u53f0\u7063\u7684\u5305\u8449\u6ab3\u6994\u4e00\u6a23"
        },
        {
            "reply_id": "Ugyrkw3w2_Uwot5iK0B4AaABAg",
            "reply_content": "\u623f\u88e1\u597d\u591a\u66f8"
        },
        {
            "reply_id": "UgwaAgxhKxV488u5nXx4AaABAg",
            "reply_content": "\u60f3\u53bb\u97d3\u570b\u73a9"
        },
        {
            "reply_id": "UgzHxe7okldconxWo8F4AaABAg",
            "reply_content": "\u53d1\u73b0\u548c\u91d1\u9488\u83c7\u662f\u540c\u6b3e\u624b\u673a\u597d\u5f00\u5fc3\u54c8\u54c8-\u4f60\u6765\u81ea\u5fb7\u56fd\u7684\u5c0f\u7c89\u4e1d"
        },
        {
            "reply_id": "Ugz8jHNEnD98aEfMMr14AaABAg",
            "reply_content": "\u6211\u8d85\u611b\u829d\u9ebb\u8449\u7684"
        },
        {
            "reply_id": "UgyXqlunXHM4CCmhH-Z4AaABAg",
            "reply_content": "\u673a\u573a\u5c0f\u59d0\u59d0\u86ee\u53ef\u7231\u7684"
        },
        {
            "reply_id": "UgziU4C8wIoTTPdvnuZ4AaABAg",
            "reply_content": "\u91d1\u91dd\u83c7\u76f4\u63a5\u8b8a\u674f\u9b91\u83c7"
        },
        {
            "reply_id": "UgxSX-jpzRPRsC2swd14AaABAg",
            "reply_content": "\u5305\u6a5f\u5927\u624b\u7b46"
        },
        {
            "reply_id": "UgxVokqGL2hA1dZzniJ4AaABAg",
            "reply_content": "\u88ab\u91d1\u91dd\u83c7\u7b11\u8072\u5687\u5230\u597d\u5e7e\u6b21"
        },
        {
            "reply_id": "UgykGR9VNNZHWd6a34l4AaABAg",
            "reply_content": "\u770b\u5230\u98df\u7269\u6d41\u53e3\u6c34\u98df\u7269\u597d\u7f8e"
        },
        {
            "reply_id": "Ugy3SYFxVtRj30UOZrx4AaABAg",
            "reply_content": "\u90a3\u714e\u9905\u611f\u89ba\u5f88\u53b2\u5bb3"
        },
        {
            "reply_id": "UgxPUl4jS2Mt-G4MBHt4AaABAg",
            "reply_content": "\u597d\u53b2\u5bb3\u6703\u5f48\u7434"
        },
        {
            "reply_id": "UgyBr6KVd1nURaeHGaZ4AaABAg",
            "reply_content": "\u7238\u7238\u5abd\u5abd\u8d85\u5f8c\u751f"
        },
        {
            "reply_id": "UgxJtcf_Om0DUQqAAdF4AaABAg",
            "reply_content": "\u760b\u4e86"
        },
        {
            "reply_id": "UgylO5OA6cb4Lw5FKuF4AaABAg",
            "reply_content": "\u83c7\u7238\u83c7\u5abd\u770b\u8d77\u4f86\u90fd\u975e\u5e38\u6709\u6d3b\u529b\u771f\u662f\u592a\u597d\u4e86"
        },
        {
            "reply_id": "UgzFJUsnTwFGi91-Cht4AaABAg",
            "reply_content": "\u5abd\u5abd\u6e96\u5099\u7684\u9910\u592a\u8c50\u76db\n\u83c7\u61c9\u8a72\u9694\u96e2\u5b8c\u5c31\u80d6\u4e86\u5427"
        },
        {
            "reply_id": "Ugyq-Iq7lZ_5_pfgSFp4AaABAg",
            "reply_content": "\u7238\u7238\u5abd\u5abd\u5f88\u958b\u5fc3\u5169\u5e74\u4e0d\u898b\u4e86.\u5abd\u5abd\u4e00\u5b9a\u628a\u6700\u597d\u5403\u7684\u6771\u897f\u6e96\u5099\u7d66\u5973\u5152\u5403\u3002\u91d1\u91dd\u83c7\u610f\u8b58\u5230\u7121\u804a\u5d29\u6f70\u771f\u7684\u592a\u597d\u7b11\u4e86\u61c9\u8a72\u8981\u6e96\u5099\u4e00\u4e9b\u53ef\u4ee5\u6253\u767c\u6642\u9593\u7684\u6771\u897f\u624d\u4e0d\u6703\u89ba\u5f97\u7121\u804a"
        },
        {
            "reply_id": "UgwtmrcHa4nW0vbD4254AaABAg",
            "reply_content": "\u592a\u53ef\u611b\u4e86\u83c7\u8ddf\u83c7\u5abd"
        },
        {
            "reply_id": "UgxRZp9u0VuiJA7XFq14AaABAg",
            "reply_content": "\u4e00\u5929\u53ea\u6709\u4e00\u9910\u55ce\u883b\u597d\u5947\u9084\u6709\u5403\u4ec0\u9ebc\u7684\u8aaa"
        },
        {
            "reply_id": "Ugz7PxPGabtttaWHmLt4AaABAg",
            "reply_content": "\u7238\u7238\u98db\u5954\u800c\u4f86\u7684\u756b\u9762\u5f88\u6709\u611f\u89ba"
        },
        {
            "reply_id": "Ugx0xpamKH5FUYafpgh4AaABAg",
            "reply_content": "\u6709\u4e00\u7a2e\u9913\u53eb\u505a\u5abd\u5abd\u89ba\u5f97\u5b50\u5973\u6703\u9913"
        },
        {
            "reply_id": "Ugy6pBefDldhW60yP9V4AaABAg",
            "reply_content": "\u662f\u975e\u4ee5\u4e0d\u8faf\u70ba\u89e3\u812b"
        }
    ]
}