{
    "video_info": {
        "id": "xx84SPZLI1M",
        "channelTitle": "\u97d3\u52fe\u311f\u91d1\u91dd\u83c7 \ucc10\uca50\uafb8",
        "title": "\u89aa\u5f1f\u5f1f\u65b0\u623f\u9593Room Tour\uff01\u4e09\u5144\u59b9\u5408\u9ad4\u4e00\u4eba\u4e00\u83dc\u716e\u665a\u9910\u5403\u5566\u2764\ufe0f\u65b0\u642c\u7684\u5bb6\u9084\u4e0d\u932f...\u55ce\uff1f\uff5c\u97d3\u52fe\u311f\u91d1\u91dd\u83c7 \ucc10\uca50\uafb8",
        "description": "\u91d1\u5bb6\u311f\u97d3\u5f0f\u6ce1\u83dc\u548c\u9183\u863f\u8514\u2728\n\u229b \u958b\u8ce3\u6642\u9593\uff1a2021/12/6(\u4e00) 12:00 \u229b \n\u5b98\u7db2\u5728\u9019\u908a\uff01\u9019\u908a\u8acb\uff1a https://bit.ly/gguytkimchi2022\n\n\ud83c\udf1f\u3014\u91d1\u5bb6\u311f\u97d3\u5f0f\u6ce1\u83dc\u3015 \u9078\u7528\u97d3\u570b\u54c1\u7a2e\u56b4\u9078\u97d3\u570b\u5927\u767d\u83dc\u3001\u8f9b\u9999\u6599\n\u5728\u53f0\u7063\u65b0\u9bae\u624b\u4f5c\uff0c\u5403\u5f97\u5230\u7684\u65b0\u9bae\u723d\u8106\u611f\n\n\u6ce1\u83dc\u5b58\u653e\u4e0a\uff0c\u6703\u96a8\u8457\u6642\u9593\u5448\u73fe\u4e0d\u540c\u7684\u6ce1\u83dc\u98a8\u5473\n\u4e5f\u6703\u9069\u5408\u505a\u4e0d\u540c\u7684\u6ce1\u83dc\u6599\u7406\u5594\ud83c\udf74\n\n\u2504\n\n\ud83c\udf1f\u3014\u91d1\u5bb6\u311f\u97d3\u5f0f\u5c0f\u83dc\u3015 \u97d3\u5f0f\u9183\u863f\u8514\n\u9078\u7528\u56b4\u9078\u7576\u5b63\u767d\u863f\u8514\uff0c\u5728\u53f0\u65b0\u9bae\u624b\u4f5c\uff0c\u9178\u751c\u8106\u53e3\u8d8a\u5403\u8d8a\u6dae\u5634\n\n\u4f60\u4ee5\u70ba\u97d3\u5f0f\u9183\u863f\u8514\u53ea\u80fd\u914d\u70b8\u96de\u55ce\uff1f\n\u91d1\u5bb6\u311f\u97d3\u5f0f\u9183\u863f\u8514\u958b\u80c3\u89e3\u81a9\uff0c\u642d\u914d\u98ef\u6216\u662f\u5176\u4ed6\u4e3b\u98df\u4e00\u8d77\u5403\uff0c\u90fd\u975e\u5e38\u9069\u5408\ud83d\udc95\n\u5bb6\u88e1\u662f\u4e00\u5b9a\u8981\u56e4\u500b\u5e7e\u7f50\u624d\u5b89\u5fc3\u7684\n\n\u5927\u5bb6\u6e96\u5099\u597d\u4e86\u55ce\uff1f\n\u3014\u91d1\u5bb6\u311f\u3015\u97d3\u5f0f\u6ce1\u83dc\uff5c\u97d3\u5f0f\u9183\u863f\u8514\n\u229b \u958b\u8ce3\u6642\u9593\uff1a2021/12/6 (\u4e00) 12:00 \u229b\n\n#\u97d3\u52fe\u311f\u91d1\u91dd\u83c7 \n#\uae40\uc528\ub124 #\u91d1\u5bb6\u311f #\u97d3\u5f0f\u6599\u7406 #\u97d3\u5f0f\u6ce1\u83dc #\u97d3\u5f0f\u7f8e\u5473\u5728\u5bb6\u4eab\u7528\n#\u642c\u5bb6 #\u623f\u9593\u5927\u516c\u958b #\u97d3\u5f0f\u6ce1\u83dc #\u65b0\u5947\n\n\n\u5e0c\u671b\u4f60\u5011\u559c\u6b61\u9019\u90e8\u5f71\u7247\n\u559c\u6b61\u5e6b\u6211\u8a02\u95b1\u6309\u8b9a\u5206\u4eab \u8a18\u5f97\u958b\u555f\u5c0f\u9234\u943a\u6536\u53d6\u65b0\u7247\u901a\u77e5\u5594\uff01\n\n\uff3f\uff3f\uff3f\uff3f\uff3f\uff3f\uff3f\uff3f\uff3f\uff3f\uff3f\uff3f\uff3f\uff3f\uff3f\uff3f\uff3f\uff3f\uff3f\uff3f\uff3f\n\n\u2b50\ufe0f\u91d1\u5bb6\u311f\u5e03\u5e33\u99ac\u8eca\uff1ahttps://www.facebook.com/groups/2297603990535075/\n\u2b50\ufe0f\u91d1\u91dd\u83c7\u7684\u7c89\u5c08: https://www.facebook.com/Koreajinzhengu/\n\u2b50\ufe0f\u91d1\u91dd\u83c7\u7684IG: https://www.instagram.com/ggu__kim/\n\u2b50\ufe0f\u5408\u4f5c\u9080\u7d04\u8acb\u6d3dPressPlay\uff1ajinyoungkim@pressplay.cc\n\n\uff3f\uff3f\uff3f\uff3f\uff3f\uff3f\uff3f\uff3f\uff3f\uff3f\uff3f\uff3f\uff3f\uff3f\uff3f\uff3f\uff3f\uff3f\uff3f\uff3f\uff3f",
        "likeCount": "25339",
        "commentCount": "847",
        "viewCount": "1094701"
    },
    "comments": [
        {
            "reply_id": "UgyMgbs-KzKM1yQm5FZ4AaABAg",
            "reply_content": "\u59b3\u7684\u5e78\u798f\u662f\u518d\u53f0\u5f4e\u55ce\u82e5\u662f\u795d\u798f\u59b3"
        },
        {
            "reply_id": "UgyA0z7kCl7Q3YB21Y14AaABAg",
            "reply_content": "\u54ea\u88e1\u8cb7"
        },
        {
            "reply_id": "UgxtCC-S_BmQ7LI5USt4AaABAg",
            "reply_content": "\u6211\u60f3\u8cb7\u6ce1\u83dc\u53ef\u662f\u6c92\u8fa6\u6cd5\u9a57\u8b49"
        },
        {
            "reply_id": "Ugx1KBuB2g3ttxB8Rgl4AaABAg",
            "reply_content": "\u879e\u87fb\u771f\u7684\u4e0d\u611b\u6a61\u76ae\u7b4b"
        },
        {
            "reply_id": "UgwFzYtl577IPxecALp4AaABAg",
            "reply_content": "\u671f\u5f85\u91d1\u91dd\u83c7\u5206\u4eab\u97d3\u570b\u5bb6\u5e38\u83dc\u505a\u6cd5"
        },
        {
            "reply_id": "Ugx0itJH5xrEhq8_lsJ4AaABAg",
            "reply_content": "\u539f\u4f86\u5f1f\u5f1f\u6703\u8aaa\u4e2d\u6587"
        },
        {
            "reply_id": "UgwC8g31ziXCsMrvspt4AaABAg",
            "reply_content": "\u70ba\u4ec0\u9ebc\u54e5\u54e5\u5f1f\u5f1f\u812b\u4e0b\u53e3\u7f69\u8981\u906e\u8457"
        },
        {
            "reply_id": "UgyIPl1iRhEJ4D88cl14AaABAg",
            "reply_content": "\u5144\u5f1f\u59ca\u59b9\u80fd\u5728\u540c\u4e00\u500b\u570b\u5bb6\u4e5f\u5f88\u597d\u4e86"
        },
        {
            "reply_id": "Ugxq7MFehPk_fjX8nwZ4AaABAg",
            "reply_content": "\u5f1f\u5f1f\u4e2d\u6587\u4e5f\u8aaa\u5f97\u5f88\u597d"
        },
        {
            "reply_id": "UgwdTZa059e3tJMfhSp4AaABAg",
            "reply_content": "\u5f1f\u5f1f\u4e2d\u6587\u5f88\u597d\u6b38"
        },
        {
            "reply_id": "UgzDQTIBvFu09Yuw0mZ4AaABAg",
            "reply_content": "\u9019\u8981\u5728\u54ea\u88e1\u8cb7"
        },
        {
            "reply_id": "UgzKB_rt-LL8gkLB2B54AaABAg",
            "reply_content": "\u5728\u54ea\u53ef\u4ee5\u8cb7\u5230"
        },
        {
            "reply_id": "UgwRnBUIU2VpYdfS2gl4AaABAg",
            "reply_content": "\u6ce1\u83dc\u6709\u9700\u8981\u6b63\u540d\u70ba\u8f9b\u5947\u55ce"
        },
        {
            "reply_id": "UgwK6gxLKsmqrqdkAft4AaABAg",
            "reply_content": "\u4f60\u70ba\u5565\u8aaa\u8a71\u4e0d\u5f35\u5634\u554a"
        },
        {
            "reply_id": "Ugyd4u4Bk8GLozpXFyB4AaABAg",
            "reply_content": "\u611f\u89ba\u883b\u597d\u5403\u7684\u8036"
        },
        {
            "reply_id": "UgyUm4oddQcgkS2PRYJ4AaABAg",
            "reply_content": "\u6240\u4ee5\u6797\u8431\u6703\u8b8a\u6210\u83c7\u5ac2\u55ce"
        },
        {
            "reply_id": "UgwIZO21CIpoKY8OEmV4AaABAg",
            "reply_content": "\u5927\u5916\u5ba3"
        },
        {
            "reply_id": "Ugxx-KCiaBcR2rppaL54AaABAg",
            "reply_content": "\u54e5\u54e5\u8072\u97f3\u597d\u597d\u807d"
        },
        {
            "reply_id": "UgzQFK5iWJc2JYCVX814AaABAg",
            "reply_content": "\u6211\u6703\u53bb\u5b98\u7db2\u770b\u770b"
        },
        {
            "reply_id": "UgxcEYXT30-Tu8QZWM14AaABAg",
            "reply_content": "\u9019\u623f\u9593\u771f\u4e0d\u932f"
        },
        {
            "reply_id": "UgxbqvUvvV03VXfZ_xt4AaABAg",
            "reply_content": "\u6bd4\u5728\u97d3\u570b\u597d\u591a\u4e86\u5427"
        },
        {
            "reply_id": "UgxdBPHJWBD8ap1BGMJ4AaABAg",
            "reply_content": "\u5b98\u7db2\u6ce1\u83dc\u6211\u770b\u4e0d\u80fd\u4e0b\u55ae\u4e86\uff0c\u80fd\u9084\u958b\u55ae\u55ce\u8b1d\u8b1d\u83c7"
        },
        {
            "reply_id": "UgwCZI_3URoN7R_NUXp4AaABAg",
            "reply_content": "\u5b78\u751f\u5bbf\u820d\u4f4f\u9019\u500b\u7b97\u4e0d\u5dee\u4e86\u5427\u54c8\u54c8\u54c8"
        },
        {
            "reply_id": "Ugz2Ek639C7dThuf8TR4AaABAg",
            "reply_content": "\u5f1f\u5f1f\u61c2\u6311"
        },
        {
            "reply_id": "UgzrXNpv3tkoTFvM6jV4AaABAg",
            "reply_content": "\u5f1f\u5f1f\u5f88\u5e25\u7684\u611f\u89ba"
        }
    ]
}