{
    "video_info": {
        "id": "yXtuyk2nrLg",
        "channelTitle": "\u97d3\u52fe\u311f\u91d1\u91dd\u83c7 \ucc10\uca50\uafb8",
        "title": "\u5728\u97d3\u570b\u963f\u5b24\u5bb6\u82b10\u5143\u300c\u8e6d\u98ef\u300d\u904e\u4e00\u5929\ud83c\uddf0\ud83c\uddf7\u5e36\u5979\u98db\u53f0\u7063D-1\ud83d\udd25\u97d3\u570b\u5bb6\u5ead\u771f\u5be6\u751f\u6d3b\u5206\u4eabVLOG\ud83c\uddf0\ud83c\uddf7\uff5c\u97d3\u52fe\u311f\u91d1\u91dd\u83c7 \ucc10\uca50\uafb8",
        "description": "#\u97d3\u570b\u963f\u5b24\u7cfb\u5217\n\n\u5e0c\u671b\u4f60\u5011\u559c\u6b61\u9019\u90e8\u5f71\u7247\n\u559c\u6b61\u5e6b\u6211\u8a02\u95b1\u6309\u8b9a\u5206\u4eab \u8a18\u5f97\u958b\u555f\u5c0f\u9234\u943a\u6536\u53d6\u65b0\u7247\u901a\u77e5\u5594\uff01\n\n\uff3f\uff3f\uff3f\uff3f\uff3f\uff3f\uff3f\uff3f\uff3f\uff3f\uff3f\uff3f\uff3f\uff3f\uff3f\uff3f\uff3f\uff3f\uff3f\uff3f\uff3f\n\n\u2b50\ufe0f\u91d1\u91dd\u83c7\u7684\u97d3\u570b\u7f8e\u98df\u54c1\u724c\uff1ahttps://www.kimkfoods.com\n\u2b50\ufe0f\u91d1\u5bb6\u311f\u5e03\u5e33\u99ac\u8eca\uff1ahttps://www.facebook.com/groups/2297603990535075/\n\u2b50\ufe0f\u91d1\u91dd\u83c7\u7684\u7c89\u5c08: https://www.facebook.com/Koreajinzhengu/\n\u2b50\ufe0f\u91d1\u91dd\u83c7\u7684IG: https://www.instagram.com/ggu__kim/\n\u2b50\ufe0f\u5408\u4f5c\u9080\u7d04\u8acb\u6d3dPressPlay\uff1ajinyoungkim@pressplay.cc\n\n\uff3f\uff3f\uff3f\uff3f\uff3f\uff3f\uff3f\uff3f\uff3f\uff3f\uff3f\uff3f\uff3f\uff3f\uff3f\uff3f\uff3f\uff3f\uff3f\uff3f\uff3f",
        "likeCount": "19808",
        "commentCount": "811",
        "viewCount": "652786"
    },
    "comments": [
        {
            "reply_id": "Ugy_nQl8lYn62HvQRgt4AaABAg",
            "reply_content": "\u4f60\u5439\u982d\u9aee\u7684\u5730\u65b9 \u5f8c\u9762\u662f\u97d3\u570b\u7d19\u7a97\u6236\u9580\u611f\u89ba\u5f88\u6709\u6c23\u6c1b"
        },
        {
            "reply_id": "Ugxjght4Cae4uDRVP6p4AaABAg",
            "reply_content": "\u7b11\u6b7b"
        },
        {
            "reply_id": "UgxZhV03ttTRVJVsDNZ4AaABAg",
            "reply_content": "\u597d\u60f3\u5403\u5403\u770b\u751f\u725b\u8089\u6599\u7406"
        },
        {
            "reply_id": "UgwkFZacG5fYTrKFXiR4AaABAg",
            "reply_content": "\u6709\u7a2e\u9913\u53eb\u963f\u5b24\u89ba\u5f97\u4f60\u5f88\u9913"
        },
        {
            "reply_id": "UgyGlOAwurHcOOc_DIF4AaABAg",
            "reply_content": "\u611f\u89ba\u904e\u6c23\u4e86\u8036"
        },
        {
            "reply_id": "UgyF2Hd-BuueSEJdaGB4AaABAg",
            "reply_content": "\u91d1\u91dd\u83c7\u771f\u662f\u53ef\u611b"
        },
        {
            "reply_id": "Ugwrkz8H0aT3mxV5paF4AaABAg",
            "reply_content": "\u539f\u4f86\u5168\u5929\u4e0b\u963f\u5b24\u90fd\u4e00\u6a23"
        },
        {
            "reply_id": "UgwT9I_LmeWE5LIdmSZ4AaABAg",
            "reply_content": "\u963f\u5b24\u7684\u59ca\u59ca\u53eb\u59e8\u5a46"
        },
        {
            "reply_id": "UgzLkn4E2SRhQkh2S594AaABAg",
            "reply_content": "\u8001\u95c6\u771f\u7684\u597d\u5e25"
        },
        {
            "reply_id": "UgzzgMNgdZOtcegd2zJ4AaABAg",
            "reply_content": "\u5916\u516c\u770b\u8d77\u4f86\u5e74\u8f15\u6642\u61c9\u8a72\u5f88\u5e25\u543c"
        },
        {
            "reply_id": "UgylFm2AhcEoROd3Nk14AaABAg",
            "reply_content": "\u5403\u51b0"
        },
        {
            "reply_id": "UgxabBFt9i0zNHD2S714AaABAg",
            "reply_content": "\u597d\u671f\u5f85\u4f86\u53f0\u7063\u7684\u5f71\u7247"
        },
        {
            "reply_id": "UgwcmqlwICFDn0goc2t4AaABAg",
            "reply_content": "\u5916\u516c\u597d\u50cf\u6df7\u8840\u554a\u597d\u5e05"
        },
        {
            "reply_id": "Ugw56motgqtoF-h9HMR4AaABAg",
            "reply_content": "\u5f88\u8b9a\u7684\u8a08\u756b"
        },
        {
            "reply_id": "UgzEH9N67jhhsBw_T5p4AaABAg",
            "reply_content": "\u770b\u4f86\u5929\u5e95\u4e0b\u771f\u7684\u6c92\u6709\u4e0d\u9935\u98df\u7684\u963f\u5b24"
        },
        {
            "reply_id": "UgxOkb9ULeeRKJSsD5t4AaABAg",
            "reply_content": "\u6709\u963f\u5b24\u5916\u516c\u5916\u5a46\u75bc\u611b\u597d\u7fa8\u6155\u5594"
        },
        {
            "reply_id": "UgwltTvPZ94e5IGLCmV4AaABAg",
            "reply_content": "\u4e5f\u8981\u6234\u5916\u516c\u5916\u5a46\u53bb\u53f0\u5f4e"
        },
        {
            "reply_id": "UgzucWnYMemjX4BiBvV4AaABAg",
            "reply_content": "\u671f\u5f85\u963f\u5b24\u7279\u8f2f"
        },
        {
            "reply_id": "Ugx3ue1wf0jn8pq6OJh4AaABAg",
            "reply_content": "\u54e6\u54e6\u54e6 \u56db\u5e74\u524d\u958b\u59cb\u770b\u91d1\u91dd\u83c7\u5c31\u662f\u770b\u963f\u7f75\u4f86\u53f0\u7063"
        },
        {
            "reply_id": "UgxKvqcM4dWgyp-pECl4AaABAg",
            "reply_content": "\u6b61\u8fce\u963f\u5b24\u4f86\u53f0\u7063"
        },
        {
            "reply_id": "UgzRgrE9jnxkeSo78HV4AaABAg",
            "reply_content": "\u6c92\u6709\u809a\u5b50\u9913\u7684\u6a5f\u6703\u975e\u5e38\u6709\u611f"
        },
        {
            "reply_id": "UgwBu5VZM86BkQu7D7J4AaABAg",
            "reply_content": "\u770b\u5230\u5916\u516c\u8dd1\u51fa\u6765\u8fce\u63a5\u7684\u6837\u5b50\u5f88\u611f\u52a8\u8bf6"
        },
        {
            "reply_id": "Ugx3pa-XToy9KpR-7mN4AaABAg",
            "reply_content": "\u9019\u88e1\u597d\u9069\u5408\u62cd\u4e00\u65e5\u4e09\u9910"
        },
        {
            "reply_id": "Ugylu5IhnKwXTdF6oOV4AaABAg",
            "reply_content": "\u963f\u5b24\u5011\u771f\u53ef\u611b"
        },
        {
            "reply_id": "UgwKq-T1YQ5PjhAHviZ4AaABAg",
            "reply_content": "\u4e0b\u6b21\u5e36\u5916\u516c\u5916\u5a46\u4f86\u53f0\u7063"
        }
    ]
}