{
    "video_info": {
        "id": "z78--zGJ2Fk",
        "channelTitle": "\u97d3\u52fe\u311f\u91d1\u91dd\u83c7 \ucc10\uca50\uafb8",
        "title": "\u91d1\u91dd\u83c7 X KlassiC.\u806f\u540d\u773c\u93e1/\u58a8\u93e1\u516c\u958b\ud83d\udd25",
        "description": "",
        "likeCount": "3679",
        "commentCount": "69",
        "viewCount": "116420"
    },
    "comments": [
        {
            "reply_id": "UgzFLxO6vXC4B5VxXWR4AaABAg",
            "reply_content": "\u597d\u53ef\u611b\u6211\u7684\u5929"
        },
        {
            "reply_id": "UgxZR6FEhHXDX1C1D6d4AaABAg",
            "reply_content": "\u91d1\u50f9\u6c34\u5594"
        },
        {
            "reply_id": "Ugw0Ck9QVeALfkKGccd4AaABAg",
            "reply_content": "\u6234\u4e0a\u58a8\u93e1\u7684\u91d1\u91dd\u83c7\u8d85\u7d1a\u50cf\u8de9\u59d0\u7684"
        },
        {
            "reply_id": "UgzwDDCIQwlS9vpqFm94AaABAg",
            "reply_content": "\u6709\u50cf\u5289\u4ec1\u5a1c\u8036"
        },
        {
            "reply_id": "UgyI2VeZyM-m_sjy6Cl4AaABAg",
            "reply_content": "\u90fd\u597d\u597d\u770b"
        },
        {
            "reply_id": "Ugx-AJY1ERiLoWVbstB4AaABAg",
            "reply_content": "\u90fd\u597d\u770b"
        },
        {
            "reply_id": "UgwzIxtIT-XOOQFJQ-F4AaABAg",
            "reply_content": "\u91d1\u91dd\u83c7\u597d\u6f02\u4eae\u54e6"
        },
        {
            "reply_id": "UgxJ3S3sztKjSL7t0Wp4AaABAg",
            "reply_content": "\u58a8\u93e1\u5f88\u6709\u660e\u661f\u6c23\u8cea"
        },
        {
            "reply_id": "UgyvQwMc4yzdPBq3iXV4AaABAg",
            "reply_content": "\u6211\u559c\u6b61\u59b3\u7684\u98a8\u683c"
        },
        {
            "reply_id": "Ugy_StwuHR5tkE9IVy14AaABAg",
            "reply_content": "\u83c7\u83c7\u8d85\u53ef\u611b"
        },
        {
            "reply_id": "UgydJ_JLj8zky7YO5GJ4AaABAg",
            "reply_content": "\u7f8e\u6975\u4e86"
        },
        {
            "reply_id": "UgzoXR36pz16Ht5wqoV4AaABAg",
            "reply_content": "\u6b63\u7ffb\u4e86\u5c0f\u83c7\u83c7"
        },
        {
            "reply_id": "UgzDMnEZMUE0oYdOuS14AaABAg",
            "reply_content": "\u597d\u53ef\u611b"
        }
    ]
}