{
    "video_info": {
        "id": "ZDPs9w0nm80",
        "channelTitle": "\u97d3\u52fe\u311f\u91d1\u91dd\u83c7 \ucc10\uca50\uafb8",
        "title": "\u53f0\u7063\u4eba97%\u6c92\u5403\u904e\u7684\u300c\u97d3\u570b\u7279\u8272\u7f8e\u98df\u300d\u97d3\u570b\u4eba\u4e5f\u7b2c\u4e00\u6b21\u5403\u7684\u90a3\u7a2e\ud83d\ude02\u22ef\u22ef5\u7a2e\u5927\u5206\u4eab\uff5c\u97d3\u52fe\u311f\u91d1\u91dd\u83c7 \ucc10\uca50\uafb8",
        "description": "\u4ee5\u4e0b\u662f\u6211\u4ecb\u7d39\u7684 #\u97d3\u570b\u7279\u8272\u7f8e\u98df\n\u6b61\u8fce\u5927\u5bb6\u53bb\u97d3\u570b\u5403\u5403\u770b\u5594\n\n1. \u8c46\u6e23\u934b\n2. \u751f\u62cc\u7ae0\u9b5a\u725b\u8089\uff08\u5ee3\u85cf\u5e02\u5834\n\u91d1\u5bb6\u311f\u97d3\u5f0f\u9183\u6d0b\u8525 \ud83e\uddc5\n\ud83d\udc49\ud83c\udffc https://www.kimkfoods.com\n3. \u9b77\u9b5a\u8840\u8178\n4. \u8fa3\u71c9\u5b89\u5eb7\u9b5a\n5. \u80e1\u6912\u51b0\u6dc7\u6dcb\n\n#\u97d3\u570b #\u97d3\u570b\u7f8e\u98df #\u97d3\u570b\u5403\u4ec0\u9ebc\n\u5e0c\u671b\u4f60\u5011\u559c\u6b61\u9019\u90e8\u5f71\u7247\n\u559c\u6b61\u5e6b\u6211\u8a02\u95b1\u6309\u8b9a\u5206\u4eab \u8a18\u5f97\u958b\u555f\u5c0f\u9234\u943a\u6536\u53d6\u65b0\u7247\u901a\u77e5\u5594\uff01\n\n\uff3f\uff3f\uff3f\uff3f\uff3f\uff3f\uff3f\uff3f\uff3f\uff3f\uff3f\uff3f\uff3f\uff3f\uff3f\uff3f\uff3f\uff3f\uff3f\uff3f\uff3f\n\n\u2b50\ufe0f\u91d1\u91dd\u83c7\u7684\u97d3\u570b\u7f8e\u98df\u54c1\u724c\uff1ahttps://www.kimkfoods.com\n\u2b50\ufe0f\u91d1\u5bb6\u311f\u5e03\u5e33\u99ac\u8eca\uff1ahttps://www.facebook.com/groups/2297603990535075/\n\u2b50\ufe0f\u91d1\u91dd\u83c7\u7684\u7c89\u5c08: https://www.facebook.com/Koreajinzhengu/\n\u2b50\ufe0f\u91d1\u91dd\u83c7\u7684IG: https://www.instagram.com/ggu__kim/\n\u2b50\ufe0f\u5408\u4f5c\u9080\u7d04\u8acb\u6d3dPressPlay\uff1ajinyoungkim@pressplay.cc\n\n\uff3f\uff3f\uff3f\uff3f\uff3f\uff3f\uff3f\uff3f\uff3f\uff3f\uff3f\uff3f\uff3f\uff3f\uff3f\uff3f\uff3f\uff3f\uff3f\uff3f\uff3f",
        "likeCount": "14060",
        "commentCount": "448",
        "viewCount": "706144"
    },
    "comments": [
        {
            "reply_id": "UgzFTO0v7WyJ4F1K2Ud4AaABAg",
            "reply_content": "\u91d1\u91dd\u83c7\u59d0\u59b9\u771f\u662f\u7f8e\u5973"
        },
        {
            "reply_id": "UgyZYwgPpCI9EaW71fF4AaABAg",
            "reply_content": "\u53f0\u7063\u5f88\u5c11\u97d3\u570b\u5e97\u6599\u7406"
        },
        {
            "reply_id": "UgwuVETX8rJYeRYNlJR4AaABAg",
            "reply_content": "\u828b\u982d\u53e3\u5473\u4e0d\u932f"
        },
        {
            "reply_id": "Ugz5pUL-QyNR5K49WwB4AaABAg",
            "reply_content": "\u8d70\u6211\u5011\u53bb\u97d3\u570b"
        },
        {
            "reply_id": "Ugy9LLhLIW7RMRIsilh4AaABAg",
            "reply_content": "\u597d\u6b98\u5fcd\u5403\u6d3b\u7684\u7ae0\u9b5a\u548c\u751f\u725b\u8089\uff0c\u4e0d\u932f\u7684\u5e74\u8f15\u4eba\u4f46\u5c0d\u5f31\u5c0f\u52d5\u7269\u6c92\u6709\u6190\u61ab\u5fc3\uff0c\u62b1\u6b49\u6211\u7121\u6cd5\u770b\u4f60\u7684\u8996\u983b"
        },
        {
            "reply_id": "UgymTzRlOG_19fSOl554AaABAg",
            "reply_content": "\u59ca\u59ca\u5f88\u6f02\u4eae\u5f88\u4e0a\u76f8\u6b38"
        },
        {
            "reply_id": "UgzrA387WTx706ryUBB4AaABAg",
            "reply_content": "\u597d\u60f3\u554f\u71c9\u5b89\u5eb7\u9b5a\u7684\u5e97\u5bb6\u5730\u5740\uff0c\u4e0b\u6b21\u53bb\u97d3\u570b\u4e5f\u60f3\u53bb\u627e\u4f86\u5403"
        },
        {
            "reply_id": "Ugyj3STy8WjOMeJy0Xl4AaABAg",
            "reply_content": "\u5b89\u5eb7\u9b5a\u611f\u89ba\u5f88\u597d\u5403"
        },
        {
            "reply_id": "UgykTwgtbyBcT1XbFzt4AaABAg",
            "reply_content": "\u83c7\u5abd\u716e\u7684\u6599\u7406\u770b\u8d77\u4f86\u90fd\u597d\u597d\u5403\uff0c\u5e0c\u671b\u53ef\u4ee5\u51fa\u6599\u7406\u6559\u5b78\u5f71\u7247"
        },
        {
            "reply_id": "UgybmoCmGmGzloOModp4AaABAg",
            "reply_content": "\u88ab\u59ca\u59ca\u5708\u7c89\u4e86"
        },
        {
            "reply_id": "UgzWUdY6ReeJP_TYBsd4AaABAg",
            "reply_content": "\u83c7\u54e5\u9577\u76f8\u8ddf\u5abd\u5abd\u8d85\u50cf\u7684"
        },
        {
            "reply_id": "UgxiPx9xNWCnJJFmWPF4AaABAg",
            "reply_content": "\u5abd\u5abd\u597d\u7f8e"
        },
        {
            "reply_id": "UgzIBHjKnFTsM7PRT4d4AaABAg",
            "reply_content": "\u91d1\u91dd\u83c7\u7684\u5abd\u5abd\u8d85\u7d1a\u6f02\u4eae\uff01\u91d1\u91dd\u83c7\u90fd\u88ab\u6bd4\u4e0b\u53bb\u4e86"
        },
        {
            "reply_id": "Ugy9C7eK3eXdZcSYJ4x4AaABAg",
            "reply_content": "\u4e00\u5bb6\u4eba\u7684\u4e92\u52d5\u5f88\u68d2"
        },
        {
            "reply_id": "UgxeErXN2jcLaxPoHyF4AaABAg",
            "reply_content": "\u5abd\u5abd\u9577\u5f97\u597d\u6f02\u4eae"
        },
        {
            "reply_id": "Ugyxo6VPLn0rQPEHh4F4AaABAg",
            "reply_content": "\u4f60\u7238\u7238\u7684\u8868\u60c5\u672c\u4f86\u5f88\u5e25\uff0c\u5403\u4e00\u53e3\u5f8c\u771f\u7684\u592a\u8a87\u5f35\u4e86"
        },
        {
            "reply_id": "UgxOvO-WJoJhcPK91654AaABAg",
            "reply_content": "\u83c7\u83c7\u53ef\u4ee5\u518d\u5e36\u9ed1\u9f8d\u53bb\u4e00\u6b21\u88fd\u4f5c\u81ed\u8c46\u8150\u5de5\u5ee0\u8d85\u591a\u8c46\u6e23\ud83d\ude02"
        },
        {
            "reply_id": "Ugw8AXsgC16fI8iWP294AaABAg",
            "reply_content": "\u627e\u9ed1\u4eba\u4e09\u5144\u5f1f\u4e00\u8d77\u5403\u751f\u7ae0\u9b5a\uff0c\u9084\u6709\u7159\u71fb\u9b5f\u9b5a\u62cd\u4e00\u96c6"
        },
        {
            "reply_id": "UgwpQRQz7lfNV8hHPzd4AaABAg",
            "reply_content": "\u5bb6\u4eba\u5148\u8d70\u90a3\u908a\u8d85\u597d\u7b11\u54c8\u54c8\u54c8\u54c8\u54c8"
        },
        {
            "reply_id": "UgwReRwrLIs7XrBaBPp4AaABAg",
            "reply_content": "\u80e1\u6912\u51b0\u6dc7\u6dcb\u7684\u8d77\u4f86\u5c31\u883b\u5947\u602a\u7684"
        },
        {
            "reply_id": "Ugw7N17RSAJDAgkpfKV4AaABAg",
            "reply_content": "\u5f88\u7279\u5225"
        },
        {
            "reply_id": "UgxF_PY0IfiedWN7Jr94AaABAg",
            "reply_content": "\u5b89\u5eb7\u9b5a\u662f\u4e0d\u662f\u6734\u82f1\u594e\u6700\u559c\u6b61\u7684\u7d05\u71d2\u5927\u5634\u9b5a\u554a\ud83d\ude02"
        },
        {
            "reply_id": "UgwwjVZ0l8RIsmd6Wi54AaABAg",
            "reply_content": "\u91d1\u91dd\u83c7\u7684\u59ca\u59ca\u771f\u7684\u592a\u6b63\u4e86\u53ea\u8981\u6709\u5979\u51fa\u73fe\u7684\u5f71\u7247\u6211\u4e00\u5b9a\u770b\u7206\u2764"
        },
        {
            "reply_id": "Ugw-b6gThv49v7XU4nV4AaABAg",
            "reply_content": "\u597d\u60f3\u53bb\u554a"
        },
        {
            "reply_id": "UgzQIQ7ZSaPl3W1YOlV4AaABAg",
            "reply_content": "\u5679\u5679\u5466"
        }
    ]
}