{
    "video_info": {
        "id": "ZYuJQVwMRUc",
        "channelTitle": "\u97d3\u52fe\u311f\u91d1\u91dd\u83c7 \ucc10\uca50\uafb8",
        "title": "\u76f2\u62bd\u51fa\u570b\uff01\u5feb\u9583\u99ac\u4f86\u897f\u4e9e\u300c\u6c99\u5df4\u4e9e\u5e87\u300d\u4e00\u5929\uff01\u98ef\u5e97X\u884c\u7a0bX\u5230\u6642\u518d\u8aaa\ud83d\ude02\uff5c\u97d3\u52fe\u311f\u91d1\u91dd\u83c7 \ucc10\uca50\uafb8",
        "description": "#\u91d1\u7444CP \u5feb\u958324\u5c0f\u6642\u99ac\u4f86\u897f\u4e9e\ud83d\ude4c\n\u7b2c\u4e00\u6b21\u4f86\u5230\u99ac\u4f86\u897f\u4e9e \u597d\u8208\u596e\u5594\uff01\n\u6bcf\u6b21\u51fa\u570b\u90fd\u62cd\u7167\u62cd\u5230\u7206\u7684\u6211\u5011\ud83d\ude02\n\n\u5728\u53f0\u7063\u52aa\u529b\u5de5\u4f5c\u51fa\u4f86\u73a9\u73a9\u5f88\u958b\u5fc3\n\u982d\u76ae\u4e5f\u53ef\u4ee5\u5148\u4f11\u606f\u4e00\u4e0b \u7528Hair Recipe\u9aee\u7684\u98df\u8b5c\u62ef\u6551\u6211\u5011\u7684\u982d\u76ae\u548c\u982d\u9aee\u5566\uff01\n\u8b9a\u8b9a\n\u5c48\u81e3\u6c0f\u9650\u66422\u4ef6\u6298$150\ud83d\udc49  https://utm.to/58sf5s\n\n\u5be6\u969b\u50f9\u9322\u8acb\u4ee5\u8ce3\u5834/\u901a\u8def\u7576\u6642\u7684\u552e\u50f9\u70ba\u6e96\u5594\n\n\u5e0c\u671b\u4f60\u5011\u559c\u6b61\u9019\u90e8\u5f71\u7247\n\u559c\u6b61\u5e6b\u6211\u8a02\u95b1\u6309\u8b9a\u5206\u4eab \u8a18\u5f97\u958b\u555f\u5c0f\u9234\u943a\u6536\u53d6\u65b0\u7247\u901a\u77e5\u5594\uff01\n\n\uff3f\uff3f\uff3f\uff3f\uff3f\uff3f\uff3f\uff3f\uff3f\uff3f\uff3f\uff3f\uff3f\uff3f\uff3f\uff3f\uff3f\uff3f\uff3f\uff3f\uff3f\n\n\u2b50\ufe0f\u91d1\u91dd\u83c7\u7684\u97d3\u570b\u7f8e\u98df\u54c1\u724c\uff1ahttps://www.kimkfoods.com\n\u2b50\ufe0f\u91d1\u5bb6\u311f\u5e03\u5e33\u99ac\u8eca\uff1ahttps://www.facebook.com/groups/2297603990535075/\n\u2b50\ufe0f\u91d1\u91dd\u83c7\u7684\u7c89\u5c08: https://www.facebook.com/Koreajinzhengu/\n\u2b50\ufe0f\u91d1\u91dd\u83c7\u7684IG: https://www.instagram.com/ggu__kim/\n\u2b50\ufe0f\u5408\u4f5c\u9080\u7d04\u8acb\u6d3dPressPlay\uff1ajinyoungkim@pressplay.cc\n\n\uff3f\uff3f\uff3f\uff3f\uff3f\uff3f\uff3f\uff3f\uff3f\uff3f\uff3f\uff3f\uff3f\uff3f\uff3f\uff3f\uff3f\uff3f\uff3f\uff3f\uff3f",
        "likeCount": "6205",
        "commentCount": "188",
        "viewCount": "333988"
    },
    "comments": [
        {
            "reply_id": "UgyCuGWZEiEb1XSsEZB4AaABAg",
            "reply_content": "\u9019\u96c6\u90fd\u5728\u4ecb\u7d39\u7522\u54c1"
        },
        {
            "reply_id": "UgxTxKa-y2MJo4UDt9Z4AaABAg",
            "reply_content": "\u73fe\u5728\u65b0\u805e\u5a92\u9ad4\u771f\u7684\u53ef\u6190 \u7a7f\u500b\u6bd4\u57fa\u5c3c\u4e5f\u80fd\u88ab\u5831\u5c0e"
        },
        {
            "reply_id": "Ugx7APjI2OT9PtyAth94AaABAg",
            "reply_content": "\u53d8\u5f97\u66f4\u7626\u5566"
        },
        {
            "reply_id": "UgwKch4KGciU4HEV4l94AaABAg",
            "reply_content": "\u4e00\u9ede\u5167\u5bb9\u90fd\u6c92\u6709 \u6574\u500b\u5f71\u7247\u4e09\u5206\u4e4b\u4e8c\u90fd\u662f\u5ee3\u544a"
        },
        {
            "reply_id": "Ugz5KMJmzmau4nj9-gd4AaABAg",
            "reply_content": "\u6b61\u8fce"
        },
        {
            "reply_id": "Ugxglh6fO4dA2XwjdM14AaABAg",
            "reply_content": "\u5c45\u7136\u6c92\u6709\u627e\u8521\u54e5\u8ddf\u963f\u5713"
        },
        {
            "reply_id": "UgyDOOeVhe4Jd1zYyat4AaABAg",
            "reply_content": "\u4e0b\u6b21\u53ef\u4ee5\u53eb\u963f\u5713\u4e00\u8d77\u55ce\uff1f\u6216\u662f\u7fbd\u7403\u968a\u4e00\u8d77\u5408\u9ad4\u53bb\u65c5\u884c\u5427"
        },
        {
            "reply_id": "UgwN0Y2EQr0mV7Yuuq14AaABAg",
            "reply_content": "\u5ba3\u5ba3\u5687\u6b7b\u554a"
        },
        {
            "reply_id": "Ugz5Lirc5buB8gpH5Y94AaABAg",
            "reply_content": ""
        },
        {
            "reply_id": "UgwZQA-LNxv2eGG_Pk94AaABAg",
            "reply_content": "\u6b61\u8fce\u91d1\u91dd\u83c7\u4f86\u99ac\u4f86\u897f\u4e9e\uff0c\u4e0b\u4e00\u6b21\u53ef\u4ee5\u4f86\u897f\u99ac\u54e6"
        },
        {
            "reply_id": "Ugy4SNzGmm284bocW5J4AaABAg",
            "reply_content": "\u5e7e\u4e4e\u7121\u6642\u7121\u523b\u90fd\u5728\u696d\u914d"
        },
        {
            "reply_id": "UgzQb6oICkdbrLMzTvl4AaABAg",
            "reply_content": "\u771f\u7684\u597d\u523a\u6fc0"
        },
        {
            "reply_id": "UgxHfDYIFLzqnL3nV5R4AaABAg",
            "reply_content": "\u6797\u8431\u8b8a\u4e86"
        },
        {
            "reply_id": "UgwN8R-IP0Azyy7OJxF4AaABAg",
            "reply_content": "\u6797\u7444\u771f\u7684\u8d85\u7d1a\u6709\u6599"
        },
        {
            "reply_id": "Ugwo2eiMKxcHwzytGzd4AaABAg",
            "reply_content": "\u5730\u5fc3"
        },
        {
            "reply_id": "UgwrH-IHzFFqSdi3aqZ4AaABAg",
            "reply_content": "\u6c92\u6709\u5403\u798f\u5efa\u8766\u9eb5\u5c31\u4e0d\u7b97\u53bb\u904e\u99ac\u4f86\u897f\u4e9e"
        },
        {
            "reply_id": "UgwkGZ1QedIV4oRTend4AaABAg",
            "reply_content": "\u6642\u9593\u7ba1\u7406\u5927\u5e2b"
        },
        {
            "reply_id": "UgwZKmEAxOjFRPvS_5V4AaABAg",
            "reply_content": "\u6b22\u8fce\u6765\u6211\u5bb6"
        },
        {
            "reply_id": "Ugysb0qrH5o4P5aMRsN4AaABAg",
            "reply_content": "\u9a6c\u6765\u897f\u4e9a\u6b22\u8fce\u4f60"
        },
        {
            "reply_id": "UgwesHKQY5g4t4a5rR14AaABAg",
            "reply_content": "\u9ed1\u9762\u91ac\u9eb5"
        },
        {
            "reply_id": "UgwBFOwlIoUinF0J9-Z4AaABAg",
            "reply_content": "\u9a6c\u6765\u897f\u4e9a\u89c2\u4f17\u6765\u4e86"
        }
    ]
}