{
    "channel": {
        "title": "Onion Man",
        "id": "UCzxN4G3s9uR9ao5_O5DoXmA",
        "customUrl": "@onion_man",
        "uploads": "UUzxN4G3s9uR9ao5_O5DoXmA"
    },
    "videos": [
        {
            "id": "WQfSxjtPHEY",
            "title": "Onion Man | \u74b0\u5cf6\u5e6b\u8352\u5510\u5230\u7206\u7684\u65e5\u672c\u884c\uff01\u62c9\u9eb5\u7684\u6230\u722d\uff01\u5927\u962a\u884c(\u4e8c)   @BIGSNAKEBALL  @superpepper.@z2ztwo@foodfoodaddict"
        },
        {
            "id": "IMJ3xhcnV24",
            "title": "Onion Man | \u96f7\u5230\u932f\u904e\u73ed\u6a5f\u7684\u96f7\u5305\u5718\uff01\u74b0\u5cf6\u5e6b\u5927\u962a\u884c\u523a\u6fc0\u4e4b\u65c5\uff01@BIGSNAKEBALL@superpepper.  @foodfoodaddict@z2ztwo"
        },
        {
            "id": "8x_TdUYhVm8",
            "title": "Onion Man | \u8cb7\u8eca\u7684\u4eba\u6703\u505a\u7684\u5e7e\u4ef6\u4e8b"
        },
        {
            "id": "z8mNzg__FPI",
            "title": "Onion Man | \u53c3\u52a0\u540c\u5b78\u6703\u662f\u70ba\u4e86\u70ab\u8000\u3001\u6500\u6bd4\u6210\u5c31\u55ce?"
        },
        {
            "id": "l34FYbwqaMA",
            "title": "Onion Man | \u9ad8EQ\u4ed4 VS \u7206\u6c23\u4ed4!! \u7528\u7b11\u5bb9\u61c9\u5c0d\u706b\u7206\u885d\u7a81\u7684\u6545\u4e8b!!"
        },
        {
            "id": "0I1yZ4T_J9I",
            "title": "Onion Man | \u5230\u62c9\u65af\u7dad\u52a0\u65af\u8c6a\u8ced\uff01\u71ac\u591c\u5230\u5929\u4eae\uff01\u7f8e\u570b\u884c\u6700\u7d42\u7bc7 @JBao @DOILYLIFE  @huzi_life  @sonsumin1994"
        },
        {
            "id": "4-HIZ3Ipj9Q",
            "title": "Onion Man | \u9019\u5169\u5e74\u8b93\u6211\u53c8\u611b\u53c8\u6068\u7684\u7537\u4eba.."
        },
        {
            "id": "16tvTv61Nko",
            "title": "Onion Man | \u5230\u7f8e\u570b\u6cbb\u5b89\u6975\u5dee\u5730\u5340!! \u7576\u8857\u990a\u5927\u86c7?  \u6eff\u8857\u6bad\u5c4d\u548c\u5e33\u68da?  \u642d\u6551\u8b77\u8eca\u7adf\u89816\u842c\u53f0\u5e63? @JBao  @huzi1989"
        },
        {
            "id": "jpV0H_mlC2o",
            "title": "Onion Man | \u5728\u7f8e\u570b\u88ab\u786c\u585eCD\u9084\u8ce3\u8d85\u8cb4!! \u5145\u6eff\u9a5a\u559c\u7684\u7f8e\u570b\u884c!!    @JBao@huzi1989 @DOILYLIFE"
        },
        {
            "id": "5bouEYQuW7k",
            "title": "Onion Man | \u8d85\u9ad8\u6bba\u50b7\u529b\u7684\u6230\u9b25\u9640\u87ba\uff01\u7ae5\u5e74\u6fc0\u6230\u56de\u61b6\uff01| \u7537\u4eba\u7684\u7ae5\u5e74\u6d6a\u6f2b\u7bc7"
        },
        {
            "id": "OHMzYJrhiVo",
            "title": "Onion Man |\u93e1\u5b50\u4e2d\u770b\u5230\u9b3c\u81c9\uff1f\u5c45\u5bb6\u9b3c\u6545\u4e8b\u7bc7 |\u9b3c\u6708\u7279\u8f2f"
        },
        {
            "id": "23a7gX9WhuU",
            "title": "Onion Man | 30\u5e74\u5f8c\u7684\u9000\u4f11\u751f\u6d3b\uff01\u958b\u5962\u83ef\u6c11\u5bbf\uff1f \u7d93\u71df\u5c0f\u6524\u8ca9\uff01"
        },
        {
            "id": "CylbeMcM0Z4",
            "title": "\u670b\u53cb\u5abd\u5abd\u88ab\u611f\u60c5\u8a50\u9a19200\u842c...\u5927\u5bb6\u8981\u5e38\u5e38\u95dc\u5fc3\u9577\u8f29\u5537 | Onion Man"
        },
        {
            "id": "dixTIYy4Ic4",
            "title": "Onion Man | \u670b\u53cb\u5abd\u5abd\u56e0\u5bc2\u5bde\u88ab\u9a19\u8d70200\u842c\u7684\u6545\u4e8b\uff01\u6211\u4e0d\u50bb\u6211\u53ea\u662f\u9078\u64c7\u76f8\u4fe1\uff01"
        },
        {
            "id": "yV6v7KOqBPI",
            "title": "\u5c0f\u7409\u7403\u5927\u71b1\u5929\u982d\u71d2\u58de\u4e86   #shorts | Onion Man"
        },
        {
            "id": "JaW-Vjtipi4",
            "title": "Onion Man | \u5916\u5cf6\u7206\u6c57\u7f8e\u98df\u4e4b\u65c5\uff01\u5c0f\u7409\u740336\u5ea6\u8c54\u967d\u4e4b\u767d\u5403\u767d\u4f4f\u7bc7\uff1f\u5927\u5556\u9165\u70b8\u8702\u5de2\u8766\uff01  @BIGSNAKEBALL @superpepper.  @foodfoodaddict @z2ztwo"
        },
        {
            "id": "zqJbFuwjheM",
            "title": "Onion Man | \u51fa\u570b\u73a9\u9047\u53e4\u602a\u5c0e\u904a\uff1f\u628a\u6211\u5011\u653e\u751f\u5728\u6a5f\u5834\uff01\u6d0b\u8525\u9047\u5230\u7684\u6a5f\u8eca\u602a\u4eba\u7bc7 | \u53e4\u602a\u7684\u7259\u91ab | \u7403\u5834\u602a\u8001\u4f2f | \u5018\u5206\u5c0e\u904a  @JBao  @huzi1989"
        },
        {
            "id": "x-us1nncGww",
            "title": "Onion Man | \u512a\u8d8a\u4ed4\u4e86\u4e0d\u8d77\u5594\uff1f \u5634\u8d85\u81ed\u53c8\u81ea\u4ee5\u70ba\u7684\u512a\u8d8a\u4ed4\u7bc7"
        },
        {
            "id": "rUilELXTHyQ",
            "title": "Onion Man | \u88ddB\u738b\u963f\u7693\u7bc7\uff01\u4eba\u8a2d\u8b8a\u4f86\u8b8a\u53bb\u7684\u670b\u53cb\uff1f  | \u771f\u5be6\u6545\u4e8b\u7cfb\u5217"
        },
        {
            "id": "SjM1Z-9NAKA",
            "title": "\u5fcd\u8853\u80a2\u9ad4\u63a5\u89f8\u4e4b\u8853   #shorts | Onion Man"
        },
        {
            "id": "ppTWOYyh6FY",
            "title": "Onion Man | \u6200\u611b\u5bb6\u6559\u6d0b\u8525\uff01\u8207\u65e5\u672c\u5973\u512a\u55ae\u7368\u7d04\u6703\uff01\u8d85\u751c\u80a2\u9ad4\u4e92\u52d5\uff01\u5922\u60f3\u6210\u771f\uff1f"
        },
        {
            "id": "zOtbxmD1QUI",
            "title": "Onion Man | \u6d0b\u8525\u7684\u5531\u6b4c\u7cd7\u4e8b| \u5531KTV\u9189\u8db4\u5728\u4eba\u884c\u9053\u4e0a| \u6d0b\u8525\u7684\u5531\u6b4c\u7cd7\u4e8b\uff5c\u89e3HIGH\u7684\u5b85\u7537"
        },
        {
            "id": "mK9aKrWIdx4",
            "title": "Onion Man | \u5947\u7279\u6599\u7406?? \u6fb3\u9580\u7d2b\u8272\u7684\u62ab\u85a9 #shorts"
        },
        {
            "id": "_oVVOErvtw8",
            "title": "Onion Man | \u7834\u7522\u9084\u662f\u767c\u8ca1\uff1f\u535a\u921e\u7684\u58d3\u8eab\u5bb6\u8ced\u6cd5\uff01\uff1f\u6fb3\u9580\u8ced\u5834\u7bc7(\u4e0b)"
        },
        {
            "id": "L2vcd-GxrjM",
            "title": "Onion Man | \u6eff\u8857\u66b4\u767c\u6236\u7684\u5962\u83ef\u57ce\u5e02\uff01\u6fb3\u9580\u8ced\u5834\u7bc7(\u4e0a) \u6d0b\u8525\u7684\u4e5e\u4e10\u8ced\u6cd5\u7bc7"
        },
        {
            "id": "4XFdrWvXEhA",
            "title": "Onion Man | \u559d\u9152\u88ab\u5973\u751f\u7576\u5834\u6d17\u81c9\uff0c\u8fd1\u671f\u767c\u751f\u7684\u8352\u5510\u4e8b\u8207\u8f49\u8b8a | \u9019\u5169\u5e74\u60f3\u8ddf\u5927\u5bb6\u8aaa\u7684\u5167\u5fc3\u8a71\u7bc7"
        },
        {
            "id": "64EXhLBrYlY",
            "title": "Onion Man | \u6211\u53ea\u662f\u60f3\u6d3b\u4e0b\u53bb\u7f77\u4e86\uff01\u7121\u6642\u7121\u523b\u88ab\u7f75\u7684YOUTUBER\u4eba\u751f\uff01 \u4e5d\u5e74\u4f86\u7684\u5275\u4f5c\u4eba\u751f\u7bc7"
        },
        {
            "id": "6mxXMh2MTi8",
            "title": "Onion Man | 80\u5e74\u4ee3\u5c0f\u5b69\u5fc5\u73a9\u7684\u570b\u6c11\u7d1a\u61f7\u820a\u904a\u6232\uff01\u8d85\u8650\uff01\u6d0b\u8525\u7ae5\u5e74\u56de\u61b6\u7bc7"
        },
        {
            "id": "mM0eGjn8mGc",
            "title": "Onion Man | \u6b63\u59b9\u8207\u666e\u59b9\u7684\u5dee\u5225\u5f85\u9047\uff1f\u73fe\u5be6\u7684\u5bbf\u71df\u7bc7\uff01\u793e\u4ea4\u738b\u6d0b\u8525\u7684\u9ad4\u609f\uff01\u5927\u5b78\u908a\u7de3\u6210\u9577\u53f2\uff08\u4e09\uff09"
        },
        {
            "id": "B0lAbGsDeEo",
            "title": "Onion Man | \u5b78\u59b9\u6688\u7206\u7684\u6210\u719f\u5b78\u9577\uff01\u6821\u5712\u98a8\u96f2\u4eba\u7269\u6d0b\u8525\uff01\u5927\u5b78\u908a\u7de3\u6210\u9577\u53f2\uff08\u4e8c\uff09"
        },
        {
            "id": "l4-Uhe2ZrEk",
            "title": "Onion Man | \u5f9e\u6821\u5712\u908a\u7de3\u4eba\u8b8a\u6210\u793e\u4ea4\u725b\u903c\u75c7\uff01\u6d0b\u8525\u7684\u5927\u5b78\u4eba\u751f\u6210\u9577\u53f2\uff01"
        },
        {
            "id": "V5aof3g3KZw",
            "title": "Onion Man | \u6613\u80d6\u9ad4\u8cea\u7684\u75db\u82e6\u4eba\u751f\uff01\u6311\u6230\u6b50\u6d32\u9ad8\u71b1\u91cf\u7f8e\u98df\u4e0d\u8b8a\u80a5\uff01\u81ea\u5f8b\u4e4b\u9b3c\u6d0b\u8525\u7bc7"
        },
        {
            "id": "q2SiVh4m-OY",
            "title": "Onion Man | \u5a01\u529b\u5927\u5230\u80fd\u6bba\u4eba\u7684\u73a9\u5177\u5f48\u73e0\u8d85\u4eba\uff01 \u8d85\u552c\u721b\u7ae5\u5e74\u52d5\u756b\uff5c \u771f\u5be6\u6545\u4e8b\u7bc7"
        },
        {
            "id": "ozvlL_IaZZA",
            "title": "Onion Man | \u8eca\u798d\u88ab\u56f05\u5c0f\u6642\uff01\u6ed1\u96ea\u53d7\u91cd\u50b7\uff01\u56de\u7a0b\u9047\u7f77\u5de5\uff01\uff0c\u707d\u96e3\u4e0d\u65b7\u7684\u51b0\u96ea\u65c5\u7a0b... | \u5317\u6b50\u7bc7(\u4e94)"
        },
        {
            "id": "HzauI0wQ6Xo",
            "title": "Onion Man | \u51fa\u570b\u5927\u96f7\u5305\uff01\u5728\u6f06\u9ed1\u96ea\u5c71\u88e1\u5f04\u4e1fIPHONE..\u5927\u6d77\u6488\u91dd\uff01\u7b49\u4e86\u6574\u665a\u7684\u7da0\u8272\u5929\u7a7a\u6975\u5149\uff01"
        },
        {
            "id": "wt4-Lc3O_9I",
            "title": "Onion Man | \u51fa\u570b\u5fc5\u5435\u67b6\uff1f\u4e09\u59b9\u592a\u5435\u4ee4\u6d0b\u8525\u70b8\u958b\uff01\u80e1\u5b50\u56e0\u62cd\u7247\u60c5\u7dd2\u5d29\u6f70\uff01\u884c\u674e\u53c8\u5728\u6d77\u4e0a\u7206\u958b\uff01\u7528\u51b0\u6c34\u6d17\u982d\uff01\u7761\u7720\u54c1\u8cea\u6975\u5dee\uff01 \u707d\u96e3\u5669\u904b\u9023\u9023\u7684\u82ac\u862d\u884c\uff01"
        },
        {
            "id": "fntNW3W-q7k",
            "title": "Onion Man |  \u4ee4\u7537\u4eba\u77ac\u9593\u6688\u721b\u7684\u4e03\u5927\u8d85\u5a46\u8209\u52d5\uff01\u653e\u4efb\u7537\u53cb\u71ac\u591c\u6253\u96fb\u52d5\uff1f \u592a\u8208\u596e\u5566\uff01 \u5a46\u7206\u5566\uff01"
        },
        {
            "id": "dEotlqfLMVM",
            "title": "\u88ab\u96fb\u5230\u5feb\u5d29\u6f70\u7684\u7537\u4eba\u7684\u9632\u975c\u96fb\u5999\u62db-\u751f\u6d3b\u5be6\u7528\u5c0f\u77e5\u8b58"
        },
        {
            "id": "daf8MWcoHTg",
            "title": "\u5728\u51b0\u5cf6\u8dcc\u5012\u8d85\u904e10\u6b21\u7684\u7537\u4eba  #shorts"
        },
        {
            "id": "lRK6H7K929A",
            "title": "Onion Man | \u51b0\u5cf6\u4e0a\u4e00\u6b21\u5ec1\u6240\u7adf\u82b1\u4e86540\u5143\uff01\uff1f\u8207\u59b9\u5b50\u6311\u6230\u706b\u5c71\u5674\u767c\u7684\u51b0\u5ddd\uff01\u9084\u9047\u5230\u771f\u4eba\u7248\u7d05\u5091\uff01\u51b0\u5cf6\u7bc7 (\u4e8c)   @JBao     @huzi1989\u200b"
        },
        {
            "id": "zQGQMLPFDjk",
            "title": "Onion Man | \u4f86\u5230\u5929\u5802\u570b\u5ea6\u51b0\u5cf6\uff01\u4e00\u9910\u52d5\u8f122500\u5143\u5168\u6b50\u7269\u50f9\u6700\u9ad8\uff01\u5168\u7a0b\u5305\u8eca\u8c6a\u83ef\u8cd3\u58eb\u5927\u5df4\u8207\u5c0e\u904a\uff01\u6668\u6668\u6688\u6a5f\u7206\u5410\u5fb7\u570b\u6a5f\u5834\uff01"
        },
        {
            "id": "sUtRTHdLpLo",
            "title": "Onion Man | \u4e09\u5929\u5feb\u9583\u65e5\u672c\uff01\u4e00\u5929\u4e94\u9910\u7206\u80a5\u4e4b\u65c5\uff0c\u9084\u610f\u5916\u4e0a\u4e86\u65e5\u672c\u65b0\u805e\u53f0\uff01\uff5c\u593e\u5a03\u5a03\u4e4b\u9b3c\u6d0b\u8525\u3001\u8207\u53ea\u898b\u904e\u4e00\u6b21\u9762\u7684\u964c\u751f\u670b\u53cb\u55ae\u7368\u53bb\u65e5\u672c\uff01@haileyhsu  @CrazyMan"
        },
        {
            "id": "VodJe1ItEag",
            "title": "Onion Man | \u5152\u6642\u9ea5\u7576\u52de\u4e03\u5927\u56de\u61b6\u7bc7!! \u6c92\u5728\u9ea5\u7576\u7576\u8ac7\u904e\u6200\u611b\u5225\u8aaa\u4f60\u7576\u904e\u5b78\u751f!!"
        },
        {
            "id": "mvlyDqsKPE0",
            "title": "Onion Man | \u51b7\u7b11\u8a71\u4e4b\u9b3c\u6d0b\u8525 | \u6700\u68d2\u7684\u5925\u4f34"
        },
        {
            "id": "dac-yCeYdM4",
            "title": "Onion Man | \u7d04\u6703\u6642\u7238\u7238\u7adf\u5728\u5f8c\u65b9\u8ddf\u8e64\uff01\u85aa\u6c34\u88ab\u5bb6\u4eba\u63d0\u9818\uff01\u5bb6\u7ba1\u56b4\u5973\u751f\u6dd2\u6158\u6200\u611b\u53f2\u7bc7 | \u771f\u5be6\u6545\u4e8b\u6539\u7de8"
        },
        {
            "id": "h0tts-iZGIE",
            "title": "Onion Man | \u76e4\u9ede\u6d0b\u85252022\u5341\u5927\u7db2\u8cfc\u5783\u573e\uff01\u6bcf\u6708\u7292\u8cde\u81ea\u5df1\u7684\u734e\u52f5  | \u7d13\u89e3\u58d3\u529b\u5927\u6cd5\uff01"
        },
        {
            "id": "gB9_iM0UPts",
            "title": "Onion Man | \u751c\u871c\u7684\u8b0a\u8a00\uff01\u8b93\u6d0b\u8525\u75db\u54ed\u6d41\u6d95\u7684\u4eba\u751f\u4e03\u5927\u611f\u52d5\u6642\u523b (\u4e8c)\uff01"
        },
        {
            "id": "6NalHbxb0Yw",
            "title": "Onion Man | \u8207\u5973\u6b4c\u624b\u5408\u5531\u521d\u9ad4\u9a57\uff01\u908a\u5531\u908a\u6688\uff01 | \u56de\u5230\u6700\u521d\u611b\u4e0a\u4f60 \u9304\u97f3\u5e55\u5f8c\u82b1\u7d6e  @chenyo_official"
        },
        {
            "id": "OrxaltRlyyI",
            "title": "Onion Man | \u60a3\u96e3\u898b\u771f\u60c5\uff01\u8b93\u6d0b\u8525\u75db\u54ed\u6d41\u6d95\u7684\u4eba\u751f\u4e03\u5927\u611f\u52d5\u6642\u523b\uff01 @joeman  @BIGSNAKEBALL"
        },
        {
            "id": "J-UqSzLXZs0",
            "title": "Onion Man | \u6709\u813e\u6c23\u7684\u5973\u751f\u771f\u6709\u9b45\u529b\u554a...\u7206\u6c23\u7b2c\u56db\u96c6\uff01\u53cb\u60c5\u52a0\u6eab\u7bc7\uff01"
        },
        {
            "id": "LSL9kZ80ci0",
            "title": "Onion Man | \u5b85\u7537\u51fa\u9580\u8207\u5973\u795e\u6311\u6230\u5404\u7a2e\u904b\u52d5\uff01 \u8eb2\u907f\u7403\u722c\u5c71\u6a23\u6a23\u4f86\uff01 | \u6d0b\u8525\u6700\u8fd1\u7684\u751f\u6d3b"
        },
        {
            "id": "KbkZ43uqFIQ",
            "title": "\u8d70\u9418\u734e\u63d2\u66f2  Onion Man\u3010\u56de\u5230\u6700\u521d\u611b\u4e0a\u4f60 Live for the dream\u3011Official Music Video ft. @chenyo_official \u5433\u4ee5\u60a0"
        },
        {
            "id": "3w0PqIoX0wo",
            "title": "Onion Man | \u4e09\u5206\u9418\u71b1\u5ea6\u7537\uff01\u505a\u5565\u90fd\u534a\u9014\u800c\u5ee2\u7684\u9b6f\u86c7\u4eba\u751f\uff01 | \u5178\u578b\u5931\u6557\u8005\u963f\u8525"
        },
        {
            "id": "EJYGmQSux8A",
            "title": "Onion Man | \u8ced\u535a\u5d29\u6f70\u5fc3\u7406\u6230\uff01\u4e0d\u662f\u5927\u8d0f\u5c31\u662f\u8ce0\u5230\u54ed\uff1f\u70ba\u516c\u4ed4\u72c2\u7838\u6578\u842c\uff01| \u4e00\u756a\u8cde @wei-teng"
        },
        {
            "id": "4fJCxwp2M5M",
            "title": "Onion Man | \u6bcf\u500b\u4eba\u7684\u9b45\u529b\u6642\u523b\uff01 \u4e0d\u9760\u9577\u76f8\u53ea\u6191\u614b\u5ea6\uff0c\u4e00\u8d77\u6210\u70ba\u6709\u5438\u5f15\u529b\u7684\u4eba\u5427\uff01\uff01"
        },
        {
            "id": "tCIcutA0w5g",
            "title": "Onion Man | \u570b\u4e2d\u4fbf\u7576\u5730\u7344\uff01\u9023\u7e8c\u5403\u4e09\u5e74\u4e00\u6a23\u7684\u4fbf\u7576\uff01"
        },
        {
            "id": "XrugBILvia0",
            "title": "Onion Man | \u570b\u5c0f\u71df\u990a\u5348\u9910\u5730\u96f7\uff01\u52fe\u82a1\u6fc3\u6e6f\uff01\u6ef7\u51ac\u74dc\u9eb5\u8f2a\uff01\u6876\u88dd\u73cd\u73e0\u5976\u8336\uff01"
        },
        {
            "id": "cdhJtz0sn3U",
            "title": "Onion Man | \u60c5\u4fb6\u7576\u8857\u98c6\u7f75\uff01\u6700\u53ef\u6190\u7684\u662f\u65c1\u908a\u7684\u670b\u53cb\uff01\u5c37\u5c2c\u764c\u672b\u671f\uff01\uff01 | \u7206\u6c23\u7bc7\u7b2c\u4e09\u96c6"
        },
        {
            "id": "uB2JdjJdZ58",
            "title": "Onion Man | \u5927\u5bb6\u7684\u5e7d\u9ed8\u611f\u90fd\u76f8\u540c\u7684\u7f8e\u597d\u4e16\u754c"
        },
        {
            "id": "PDNzGOzYCGU",
            "title": "Onion Man | \u5147\u624b\u7adf\u662f\u89aa\u751f\u6bcd\u89aa??  \u96fb\u5f71\u8001\u5957\u5287\u60c5\u5927\u96c6\u5408"
        },
        {
            "id": "RDGzSL7aCDY",
            "title": "Onion Man | \u9577\u7684\u919c\u6709\u7f6a\u55ce?? \u5c07\u4e16\u4e0a\u7684\u842c\u4eba\u8ff7\u5168\u6d88\u6ec5\uff01\u5275\u9020\u4e00\u500b\u516c\u5e73\u7684\u793e\u6703\uff01\uff01"
        },
        {
            "id": "9rIgbPRaKi0",
            "title": "Onion Man | \u70ba\u4e86\u8ced\u6c23\u5dee\u9ede\u9001\u547d\uff01\u6bcf\u500b\u4eba\u7684\u7368\u7279\u5730\u96f7\u7bc7(\u4e8c)\uff01\uff01"
        },
        {
            "id": "ovYSWuMPKXA",
            "title": "Onion Man | \u5c0f\u5b78\u6709\u9019\u500b\u5c31\u4e0d\u7f3a\u5973\u670b\u53cb\u4e86\uff01 \u7ae5\u5e74\u56de\u61b6\uff01\u602a\u7378\u5c0d\u6253\u6a5f\u4e4b\u7537\u5b50\u6f22\u7684\u5c0d\u6c7a\uff01 | \u6578\u78bc\u5bf6\u8c9d"
        },
        {
            "id": "0xrxZSvrWnU",
            "title": "Onion man | \u4eba\u751f\u6700\u96e3\u7684\u8ab2\u984c\u5c31\u662f\u5b78\u6703\u653e\u9b06\uff01\u6709\u73a9\u6a02\u6709\u6c57\u6c34\u624d\u662f\u597d\u7684\u4eba\u751f\uff01"
        },
        {
            "id": "GSrge1XanB8",
            "title": "Onion Man | \u7576\u5834\u66b4\u6012\u7d66\u4eba\u96e3\u582a\uff01\uff01\u6bcf\u500b\u4eba\u7684\u7368\u7279\u5730\u96f7\u7bc7\uff01\uff01"
        },
        {
            "id": "7yTfLKc_-Ek",
            "title": "Onion Man | \u8981\u6210\u70ba\u66b4\u767c\u6236!!!  \u904b\u6c23\u7206\u68da\u7684\u7537\u4eba!!!"
        },
        {
            "id": "IUfoO3BkMy0",
            "title": "Onion Man | \u6d0b\u8525\u61a7\u61ac\u7684\u5929\u624d | \u771f\u5be6\u6545\u4e8b\u7cfb\u5217"
        },
        {
            "id": "mrEGqxkCfpU",
            "title": "Onion Man | \u602a\u7378\u4e4b\u6c7a\u9b25!! \u52d5\u7269\u5712\u6b98\u9177\u5beb\u5be6\u4eba\u6c23\u6392\u540d!!!"
        },
        {
            "id": "yOJN1KyzMjM",
            "title": "Onion Man | \u751f\u6b7b\u4e00\u77ac\u9593\uff01\u6d0b\u8525\u7684\u4e03\u5927\u8d70\u99ac\u71c8\u56de\u61b6\uff01\uff01 | \u771f\u5be6\u6545\u4e8b\u7cfb\u5217"
        },
        {
            "id": "nbOGAw-4LgI",
            "title": "Onion Man | \u88ab\u5b78\u59ca\u65a5\u8cac\u553e\u68c4\u7684\u5065\u5fd8\u4e4b\u738b\uff01\u9023\u8eca\u90fd\u53ef\u4ee5\u5fd8\u8a18\u7684\u7537\u4eba\uff01 | \u771f\u5be6\u6545\u4e8b\u7bc7"
        },
        {
            "id": "XcdESHOtup0",
            "title": "Onion Man | \u5403\u4e00\u9593\u5012\u9589\u4e00\u9593!! \u7f8e\u98df\u761f\u795e\u6d0b\u8525!!!!  | \u6843\u5712\u7f8e\u98df\u63a2\u7d22\u7bc7"
        },
        {
            "id": "y_w8zgC8lWM",
            "title": "Onion Man | Larry\u7684\u591a\u91cd\u5b87\u5b99"
        },
        {
            "id": "20E4C7CLR04",
            "title": "Onion Man | \u7537\u4eba\u9b45\u529b\u6392\u884c\u699c(\u5b8c\u7d50\u7bc7)  \u6240\u6709\u4eba\u7684\u6700\u7d42\u9032\u5316\uff01  | \u4e2d\u4e8c\u9023\u7e8c\u5287  @peetagege  @chillseph  @SHINNCHANNEL777"
        },
        {
            "id": "MF2spflT1Uo",
            "title": "Onion Man | \u7537\u4eba\u9b45\u529b\u6392\u884c\u699c(\u4e09)  \u919c\u7537\u963f\u6587\u5927\u7ffb\u8eab\uff01 | \u4e2d\u4e8c\u9023\u7e8c\u5287 @rayduenglish @shasha77"
        },
        {
            "id": "my_YjN27wEI",
            "title": "Onion Man | \u7537\u4eba\u9b45\u529b\u6392\u884c\u699c(\u4e8c)  \u578b\u7537Larry\u8207\u6b50\u5df4\u535a\u921e | \u4e2d\u4e8c\u9023\u7e8c\u5287 @rayduenglish  @shasha77"
        },
        {
            "id": "zCLWkoSyKoE",
            "title": "Onion Man |  2022\u65b0\u6d0b\u8525\u6015\u87d1\u8782\u4e8b\u4ef6  | \u53ef\u6015\u7684\u6e05\u6f54\u516c\u53f8"
        },
        {
            "id": "shBm0VGm0Is",
            "title": "Onion Man | \u7537\u4eba\u9b45\u529b\u6392\u884c\u699c(\u4e00)  \u4e00\u8d77\u4fee\u7149\u8b8a\u5e25\u5427!!  | \u4e2d\u4e8c\u9023\u7e8c\u5287"
        },
        {
            "id": "ubX2a2mKi5I",
            "title": "Onion Man | \u7d05\u5305\u884c\u60c5\u7adf\u89813600\u5143?? \u670b\u53cb\u5011\u760b\u72c2\u7d50\u5a5a\u8377\u5305\u898b\u5e95\uff01 | \u5a5a\u79ae\u5fc3\u60c5\u4e94\u5473\u96dc\u9673\u7bc7"
        },
        {
            "id": "0UKnrAlVsHs",
            "title": "Onion Man | \u7d42\u65bc\u5713\u5922\uff01\u8271\u82e6\u7684\u9304\u97f3\u5ba4\u4fee\u7df4\uff01\u7d42\u65bc\u9032\u5316\u70ba\u6591\u7d0b\u6b4c\u624b\uff01 | \u6d0b\u8525\u6b4c\u5531\u4fee\u884c\u7bc7 (\u4e09)"
        },
        {
            "id": "BsZ7wc8JSBU",
            "title": "Onion Man | \u62ff\u5230\u4e86\u6b4c\u66f2DEMO\uff0c\u7adf\u662f\u8072\u6797\u4e4b\u738b\u7684\u51a0\u8ecd\u737b\u8072\uff01 | \u6d0b\u8525\u6b4c\u5531\u4fee\u884c\u7bc7 (\u4e8c) @polin1994  @weibird_official"
        },
        {
            "id": "ZMzL_uTlBug",
            "title": "Onion Man | 10\u5e74\u524d\u4e0d\u65b7\u53c3\u52a0\u6b4c\u5531\u6bd4\u8cfd\uff0c\u7adf\u5de7\u9047\u97cb\u79ae\u5b89\uff01 | \u6d0b\u8525\u6b4c\u5531\u4fee\u884c\u7bc7 (\u4e00) @weibird_official"
        },
        {
            "id": "JsMOPk1QRPg",
            "title": "Onion Man\u3010\u660e\u986f\u662f\u500b\u72e0\u89d2\u8272 Fool Larry\u3011Official Music Video"
        },
        {
            "id": "28V4obuW_QI",
            "title": "Onion Man | \u4e0d\u60f3\u518d\u8a8d\u8f38\uff01\u7e3d\u6709\u4e00\u5929\u6211\u4e5f\u6703\u6210\u70ba\u60c5\u5834\u4e0a\u7684\u72e0\u89d2\u8272\uff01 | \u60c5\u4eba\u7bc0\u7279\u8f2f"
        },
        {
            "id": "nRiJf0kuW3o",
            "title": "Onion Man | \u4ee5\u53f0\u5927\u70ba\u76ee\u6a19\uff01\u9ad8\u4e2d\u5347\u5927\u5b78\u7cfb\u5217\uff01 (\u5b8c\u7d50\u7bc7)  \u5e7e\u5bb6\u6b61\u6a02\u5e7e\u5bb6\u6101"
        },
        {
            "id": "uBv9ZgDaKQ0",
            "title": "Onion Man | \u4ee5\u53f0\u5927\u70ba\u76ee\u6a19\uff01\u9ad8\u4e2d\u5347\u5927\u5b78\u7cfb\u5217\uff01 (\u4e09)  \u8207\u540d\u6821\u6b63\u9762\u5c0d\u6c7a\uff01\u5b78\u6e2c\u958b\u59cb\uff01"
        },
        {
            "id": "_r93fx4-3M4",
            "title": "Onion Man | \u524d\u5973\u53cb\u7559\u4e0b\u7684\u79ae\u7269 | \u6d0b\u8525\u6200\u611b\u7bc7"
        },
        {
            "id": "ucvBM_NHRz4",
            "title": "Onion Man | \u4ee5\u53f0\u5927\u70ba\u76ee\u6a19\uff01\u9ad8\u4e2d\u5347\u5927\u5b78\u7cfb\u5217\uff01 (\u4e8c) \u5b78\u6e23\u5011\u7684\u89ba\u609f"
        },
        {
            "id": "PHmD51P1uAY",
            "title": "Onion Man | \u4ee5\u53f0\u5927\u70ba\u76ee\u6a19\uff01\u9ad8\u4e2d\u5347\u5927\u5b78\u7cfb\u5217\uff01 (\u4e00) \u9b3c\u4e4b\u6578\u8cc7\u73ed\u7684\u6d17\u79ae\u7bc7"
        },
        {
            "id": "7HPhdE1DOzY",
            "title": "Onion Man | \u6728\u66dc\u904b\u52d5\u6703\u7684\u4e09\u500b\u5929\u4f7f | 2021\u7b2c\u4e09\u5c46YARTIST\u5168\u660e\u661f\u904b\u52d5\u5927\u6703"
        },
        {
            "id": "IvgbDNfUtxo",
            "title": "Onion Man | \u8d85\u7d1a\u80a5\u5b85\u4eba\uff1a\u767e\u842cyoutuber\u9802\u4e0a\u6230\u722d | \u4e2d\u4e8c\u5927\u9577\u7bc7 @joeman @AshanKouki   @huzi1989  @nsfwstudio @BIGSNAKEBALL"
        },
        {
            "id": "HmMFDeEGgh0",
            "title": "\u300c\u8d85\u7d1a\u80a5\u5b85\u4eba\uff1a\u767e\u842c\u9802\u4e0a\u6230\u722d\u300dHD\u6b63\u5f0f\u9810\u544a | Onion Man"
        },
        {
            "id": "q7m2MJGCqOI",
            "title": "Onion Man | \u97cb\u79ae\u5b89-\u5982\u679c\u53ef\u4ee5  \u76e1\u91cf\u88dc\u8cbc\u88fd\u4f5c\u8cbb\u4e4b\u9ad8\u97f3\u8cea\u7d14\u4eab\u7248"
        },
        {
            "id": "fgZWcFT5GUs",
            "title": "Onion Man | \u4f60\u66fe\u5c0d\u5144\u5f1f\u5fc3\u52d5\u904e\u55ce ?  \u4e00\u5834\u4e92\u76f8\u793a\u611b\u7684\u6fc0\u60c5\u904a\u6232\uff01 | \u771f\u5be6\u6545\u4e8b\u7cfb\u5217"
        },
        {
            "id": "6pyEltBlhPc",
            "title": "Onion Man | \u87d1\u8782\u5730\u7344 ! \u5bf8\u6b65\u96e3\u884c ! | \u8718\u86db\u4eba:\u6d88\u6bd2\u65e5"
        },
        {
            "id": "02oIlOtQYOE",
            "title": "\u5927\u5bb6\u62b1\u6b49..\u6211\u5011\u51fa\u5927\u5305\u4e86...\u5e7e\u5341\u7bb1\u8863\u670d\u8981\u5168\u90e8\u92b7\u6bc0\u91cd\u505a...\u6bd4\u786c\u789f\u58de\u6389\u90a3\u6b21\u9084\u5d29\u6f70 | Onion Man"
        },
        {
            "id": "rSa1Qm_HUj0",
            "title": "Onion Man | Onion Man | \u5c0f\u6642\u5019\u6700\u611b\u6ce1\u5728\u6e6f\u59c6\u718a\u4e86!! \u904a\u6a02\u5834\u56de\u61b6\u7bc7!!"
        },
        {
            "id": "6tDgs7VSPKI",
            "title": "Onion Man | \u8ce3\u98f2\u6599\u4e00\u500b\u6708\u5927\u6982~\u53ef\u4ee5\u8cfa\u591a\u5c11?  \u662f\u4e0d\u662f\u8d85\u7d1a\u66b4\u5229? 100\u500b\u624b\u6416\u5e97\u7955\u5bc6\u5927\u516c\u958b  ft. @crowndu  @rayduenglish  \u518d\u77615\u5206\u9418"
        },
        {
            "id": "mDYQRHILbZs",
            "title": "Onion Man | \u8ddfUBER\u53f8\u6a5f\u5766\u627f\u6211\u5c31\u662f\u6d0b\u8525\uff01\uff01\uff01"
        },
        {
            "id": "pSzfkL-x9EA",
            "title": "Onion Man | \u4f60\u770b\u9019\u5f71\u7247\u8d85\u597d\u7b11\u7684  ft. @chillseph"
        },
        {
            "id": "kIBVfxooQig",
            "title": "Onion Man | \u6211\u7684\u6158\u75db\u751f\u65e5\uff01\u6211\u5be7\u9858\u7576\u908a\u7de3\u4eba... FT. @BIGSNAKEBALL  @JBao"
        }
    ]
}