{
    "video_info": {
        "id": "-2fTSUct5YE",
        "channelTitle": "\u937e\u660e\u8ed2",
        "title": "\u5c0d\u5ee0\u5546\u7121\u8a00\u4ee5\u5c0d\uff01",
        "description": "\u4f60\u96f7\u6211\u96f7\u4ed6\u96f7\u5168\u96f7 \u5982\u679c\u80fd\u7576\u5404\u4f4d\u7684\u907f\u96f7\u91dd\nis my interest\u3001\u6211\u7684\u69ae\u5e78\nand\u6211\u7684\u6bd2\u85e5\u53ef\u80fd\u6703\u662f\u4f60\u7684\u871c\u7cd6\n\u672c\u96c6\u8acb\u81ea\u884c\u659f\u914c\u670d\u7528 \n\u76f8\u4fe1\u5404\u4f4d\u90fd\u662f\u4f4d\u6210\u719f\u7684\u5927\u4eba\n\u5982\u679c\u6709\u60f3\u5bc4\u5b58\u8b49\u4fe1\u51fd\u7684\u90e8\u5206\n\u9ebb\u7169\u516c\u95dc\u7522\u54c1\u8acb\u4e00\u4f75\u5bc4\u51fa\n\u56e0\u70ba\u5f88\u6709\u53ef\u80fd\u4e0b\u96c6\u8b9a\u7f8e\u5ee0\u5546\u5c31\u6703\u662f\u300e\u5b83\u300f\n\nLove you~\ud83e\udef6\ud83c\udffb",
        "likeCount": "11889",
        "commentCount": "909",
        "viewCount": "410796"
    },
    "comments": [
        {
            "reply_id": "UgzEidbJLgovaO64DT14AaABAg",
            "reply_content": "\u771f\u7684\u8d85\u7d1a\u4e0d\u597d\u7528 \u9ed1\u66b4"
        },
        {
            "reply_id": "UgzAvszzpHUbDd2MnKR4AaABAg",
            "reply_content": "\u64e6\u81c9\u4e0a\u76f4\u63a5\u721b\u6389"
        },
        {
            "reply_id": "UgyLa3wH7nJUP7kEvOl4AaABAg",
            "reply_content": "\u592a\u5be6\u5728\u4e86\ud83d\ude0a"
        },
        {
            "reply_id": "Ugxr8i00OZg1ZqahpF54AaABAg",
            "reply_content": "\u8ddf\u6211\u670b\u53cb\u53bb\u6d77\u908a\u73a9\u4e86\u5169\u4e09\u500b\u5c0f\u6642\u53ea\u7a7f\u6bd4\u57fa\u5c3c \u5168\u8eab\u5857Allie\u771f\u7684\u5b8c\u5168\u6c92\u66ec\u9ed1\u66ec\u50b7\u6c92\u66ec\u75d5 \u6211\u5011\u5169\u500b\u672c\u8eab\u90fd\u662f\u8ddf\u660e\u8ed2\u5dee\u4e0d\u591a\u767d\u7684\n\u5f9e\u6b64\u90fd\u4e00\u76f4\u7528\u9019\u7f50 \u6240\u4ee5\u6211\u89ba\u5f97\u662f\u871c\u7cd6\u6bd2\u85e5\u8ad6\uff01"
        },
        {
            "reply_id": "Ugx-hC_Zv_wgQEO6hTt4AaABAg",
            "reply_content": "\u771f\u7684\u53ea\u662f\u85cd\u8272\u6c34\uff01\u6211\u4e5f\u662f\u8cb7\u4e86\u7528\u4e86\u7121\u611f\ud83e\udd23"
        },
        {
            "reply_id": "UgwE7ndVJLOj4WQtXnp4AaABAg",
            "reply_content": "\u5c0d\u7d2b\u5916\u7dda\u904e\u654f\uff0c\u5149\u904e\u654f\uff0c\u5bb9\u6613\u66ec\u50b7\uff0c\u6709\u6c92\u6709\u4eba\u8ddf\u6211\u4e00\u6a23\uff0c\u6709\u63a8\u85a6\u7684\u9632\u66ec\u55ce\uff1f"
        },
        {
            "reply_id": "UgzXRT9iAXMY0oSvIBN4AaABAg",
            "reply_content": "\u7b2c\u4e00\u6b3e\u6709\u5473\u9053\u7248\u672c\u6211\u89ba\u5f97\u5f88\u597d\u7528\u8036\n\u800c\u4e14\u6211\u5316\u599d\u53ea\u5316\u5e95\u599d\n\u6ab8\u6aac\u6b3e\u7684\u6f64\u8272\u8ddf\u5149\u6fa4\u771f\u7684\u53ef\u4ee5\u76f4\u63a5\u4e0d\u7528\u5316\u599d\n\u53ef\u80fd\u6211\u771f\u7684\u662f\u8d85\u7d1a\u4e0d\u654f\u611f\u7684\u819a\u8cea\u5427\ud83d\ude02\ud83d\ude02"
        },
        {
            "reply_id": "UgygVL7PpegMuXOpdBp4AaABAg",
            "reply_content": "\u6b38\u2026ALLIE\u6709\u51fa\u4e00\u6b3e\u662f\u81c9\u90e8\u5c08\u7528\uff08\u6709\u8abf\u8272\uff09\u6211\u89ba\u5f97\u633a\u597d\u7528\u7684\uff0c\u5c31\u662f\u666e\u901a\u6d17\u81c9\u4fdd\u6fd5\u505a\u597d\u518d\u62b9\u4e0a\u5c31\u53ef\u4ee5\uff0c\u4e5f\u4e0d\u89ba\u5f97\u6cb9\u81a9\u5361\u7c89\u3002\u53ef\u80fd\u6211\u4f4f\u5728\u6bd4\u8f03\u4e7e\u71e5\u7684\u5730\u5340\uff0c\u5982\u679c\u50cf\u53f0\u7063\u53c8\u71b1\u53c8\u6fd5\u78ba\u662f\u6bd4\u8f03\u96e3\u6eff\u8db3"
        },
        {
            "reply_id": "Ugx6ABU15rEqS0k1WL54AaABAg",
            "reply_content": "\u6b38\u6b38\u660e\u8ed2\u54e5\u5716\u5947\u6709\u4e00\u500b\u53eb\u4e16\u8aa0\u7684\u5be6\u6cc1\u4e3b\u4ed6\u5f88\u611b\u4f60\u5e0c\u671b\u4f60\u52a0\u6cb9"
        },
        {
            "reply_id": "UgwQhQiVCEmlnXI9rqF4AaABAg",
            "reply_content": "\u525b\u525b\u624b\u6a5f\u62ff\u76f4\uff0c\u7a81\u7136\u660e\u8ed2\u8981\u8d70\u79c0\uff0c\u6211\u5c31\u8d95\u5feb\u62ff\u6a6b\u91cd\u770b\u2764\ud83d\ude02\ud83d\ude02"
        },
        {
            "reply_id": "UgzoJN2HkyoLS_5nNCR4AaABAg",
            "reply_content": "\u5b89\u5948\u66ec\u9632\u66ec\u9084\u4e0d\u932f\uff5e"
        },
        {
            "reply_id": "Ugyc8wiCsLJHz1hjqO94AaABAg",
            "reply_content": "\u5f88\u4e45\u4ee5\u524d\u5c31\u7528\u904eallie \uff0c\u4f46\u90a3\u6642\u5019\u6211\u7684\u611f\u60f3\u771f\u7684\u89ba\u5f97\u504f\u4e0d\u597d\u7528\uff08\u5c24\u5176\u7528\u5728\u81c9\u4e0a\uff09\n\u4f46\u4e00\u5806\u4eba\u5305\u62ec\u77e5\u540d\u7f8e\u599dyt\u90fd\u5728\u5927\u63a8\uff0c\u53ea\u80fd\u5fc3\u88e1\u9ed8\u9ed8\u89ba\u5f97\u300c\u9019\u61c9\u8a72\u5c31\u662f\u6211\u7684\u6bd2\u85e5\u5427\u300d\n\u96d6\u7136\u8aaa\u9019\u985e\u7522\u54c1\u672c\u4f86\u5c31\u662f\u871c\u7cd6\u6bd2\u85e5\u8ad6\uff0c\u4f46\u7d42\u65bc\u6709\u4eba\u4e5f\u662f\u53cd\u63a8\u9019\u96bb\u9632\u66ec\u7684\u4e86"
        },
        {
            "reply_id": "Ugx7xt_NKE__bBRry4V4AaABAg",
            "reply_content": "\u770b\u904e\u5be6\u6e2c\uff0c\u9019\u500b\u9632\u66ec\u529b\u4e5f\u4e00\u822c\u7684"
        },
        {
            "reply_id": "UgwJZGt4E5fWO1YaAH54AaABAg",
            "reply_content": "\u7db2\u8def\u4e00\u5806\u6536\u696d\u914d\u53ea\u8aaa\u597d\u8a71\u7684\u4ebayt\uff0c\u660e\u8ed2\u8aaa\u771f\u8a71\u771f\u7684\u512a\u8cea~\u90a3\u500b\u5ec1\u6240\u6e05\u9999\u5291\u6211\u9084\u653e\u9032\u6e9d\u7269\u6e05\u55ae\u311f\uff0c\u5e78\u597d\u9084\u6c92\u7d50\u55ae"
        },
        {
            "reply_id": "UgzrTQBwT7KWv9XQtJR4AaABAg",
            "reply_content": "\u4f60\u771f\u7684\u597d\u53ef\u611b"
        },
        {
            "reply_id": "UgyMhnS09juQCW4PO0d4AaABAg",
            "reply_content": "\u9019\u7a7f\u642d\u8ddf\u96fb\u5f71\u6469\u767b\u5927\u8056\u795e\u4f3c\u54c8\u54c8\u54c8\u54c8"
        },
        {
            "reply_id": "Ugy4O96ne5_4vPSr7yF4AaABAg",
            "reply_content": "\u653e\u66ec\u8981\u7528\u7121\u8272\u7684\u7269\u7406\u6027\u9632\u66ec\u8f03\u597d"
        },
        {
            "reply_id": "Ugx1U8645B6xr2HygJF4AaABAg",
            "reply_content": "\u807d\u8aaa\u65e5\u672c\u8ce3\u7684\u6771\u897f\u5206\u5169\u7a2e\uff0c\u7b2c\u4e00\u7a2e\u7d66\u570b\u5167\u4eba\u4f7f\u7528\uff0c\u7b2c\u4e8c\u7a2e\u7d66\u5916\u570b\u4eba\u4f7f\u7528\u3002\u597d\u7684\u7d66\u81ea\u5df1\uff0c\u4e0d\u597d\u7684\u2026.\ud83d\ude02"
        },
        {
            "reply_id": "UgwUYyrrnuaUPv8kqQB4AaABAg",
            "reply_content": "\u597d\u597d\u7b11\u92b7\u91cf\u9ad8\u662f\u4e0d\u662f\u56e0\u70ba\u5927\u5bb6\u90fd\u4ee5\u70ba\u597d\u7528\u7136\u5f8c\u4e00\u6b21\u8cb7\u56db\u74f6\ud83e\udd23"
        },
        {
            "reply_id": "UgxyChHF8alChTNbHh54AaABAg",
            "reply_content": "\u770b\u9019\u90e8\u5f71\u7247\u7684\u6642\u5019\u6211\u6b63\u5728\u60f3\u4ee5\u524d\u7684\u6210\u54e1\u600e\u9ebc\u90fd\u4e0d\u898b\u4e86\ud83d\ude2e"
        }
    ]
}