{
    "video_info": {
        "id": "-wZf8q73iMQ",
        "channelTitle": "\u937e\u660e\u8ed2",
        "title": "\u516c\u958b\u4eba\u751f\u7b2c\u4e00\u652f\u5f71\u7247\uff01",
        "description": "\u55e8\uff5e8\u5e74\u524d\u7684\u660e\u8ed2\u554a\n\n\u4eca\u5929\u4f86\u770b\u770b2012\u5e746\u67082\u65e5\u7684\u4f60\n\n\u4e0d\u77e5\u9053\u7576\u5929\u7684\u4f60\u904e\u7684\u662f\u5426\u958b\u5fc3\n\n\u6211\u53ea\u8a18\u5f97\u4f60\u5bb6\u4eba\u5728\u7b49\u4f60\u5531\u5b8c\u5f8c\n\n\u6709\u628a\u4ed6\u89ba\u5f97\u4f60\u6b4c\u8072\u53ef\u4ee5\u6539\u9032\u7684\u5730\u65b9\u544a\u8a34\u4f60\n\n\u90a3\u6642\u5019\u7684\u4f60\u64c1\u6709\u4f60\u5e7b\u60f3\u51fa\u4f86\u7684\u70cf\u6258\u90a6\n\n\u6211\u9084\u8a18\u5f97\n\n\u9019\u5c31\u662f\u4f60\n\n--\n\n8\u5e74\u904e\u53bb\n\n\u6211\u6bcf\u5929\u90fd\u6709\u8a18\u5f97\u8981\u5728\u5165\u591c\u4e4b\u524d\u64c1\u62b1\u4f60\n\n\u5167\u5fc3\u7684\u5b69\u5b50\u73fe\u5728\u662f\u300e\u4ed6\u300f\u7684\u8ac7\u8a71\u5c0d\u8c61\n\n\u4ed6\u73fe\u5728\u7684\u5275\u9020\u8ddf\u4ed6\u7684\u5be6\u76f8\n\n\u90fd\u662f\u56e0\u70ba\u4f60\u800c\u5f15\u8d77\u7684\n\n\u4f60\u662f\u6211\u7684\u4eba\u751f\u5c0e\u5e2b\n\n\u6211\u5f88\u6176\u5e78 \n\n\u6211\u9019\u6b21\u64c1\u6709\u9019\u4efd\u52c7\u6c23\n\n\u4f86\u770b\u770b\u4f60\n\n\u6700\u5f8c\n\n\u6211\u611b\u4f60",
        "likeCount": "27335",
        "commentCount": "1879",
        "viewCount": "488306"
    },
    "comments": [
        {
            "reply_id": "UgwmbC24BH_PDo8ZU7V4AaABAg",
            "reply_content": "\u770b\u5230\u60f3\u54ed\u2764 \u8b1d\u8b1d\u660e\u8ed2\u4f60\u7684\u5b58\u5728\u2764"
        },
        {
            "reply_id": "UgwRHJkCMBnHY4eDgvp4AaABAg",
            "reply_content": "\u4f60\u5c0f\u65f6\u5019\u5c31\u662f\u4e2a\u9ed1\u9ed1\u7684\u4e1c\u5357\u4e9a\u5c0f\u5b69\u8036"
        },
        {
            "reply_id": "UgzVf2hAD8ler5knxa54AaABAg",
            "reply_content": "\u5176\u5be6\u883b\u597d\u807d\u7684"
        },
        {
            "reply_id": "Ugwg-StJIU3tJlpSWs94AaABAg",
            "reply_content": "\u6211\u7a81\u7136\u597d\u60f3\u54ed\ud83d\ude22"
        },
        {
            "reply_id": "UgwAfNTHN3om6R3rpBF4AaABAg",
            "reply_content": "\u7576\u6642\u7684\u793e\u6703\u771f\u7684\u666e\u904d\u4e0d\u53cb\u5584\uff0c\u7576\u5927\u5bb6\u90fd\u5728\u5632\u7b11\u4e00\u500b\u4eba\u6642\uff0c\u8eab\u70ba\u751f\u5b58\u5728\u793e\u6703\u4e0a\u7684\u4eba\u5f88\u96e3\u4e0d\u8ddf\u98a8\u3002\n\u660e\u8ed2\u8f9b\u82e6\u4e86\uff0c\u770b\u770b\u9019\u4e9b\u6f2b\u7f75\u6ecb\u990a\u4f60\u73fe\u5728\u6210\u70ba\u591a\u68d2\u7684\u4e00\u500b\u4eba\u3002\u4f60\u6490\u904e\u4f86\u4e86\uff0c\u800c\u6211\u5011\u4e5f\u5f9e\u76f2\u5f9e\u8005\u6210\u70ba\u4f60\u7684\u6b7b\u5fe0\u652f\u6301\u8005\uff0c\u592a\u611b\u4f60"
        },
        {
            "reply_id": "Ugzol6VkWoU4P8LpogN4AaABAg",
            "reply_content": "\u4e00\u958b\u59cb\u5f8c\u9762\u7684\u8c93\u88ab\u5687\u5230"
        },
        {
            "reply_id": "UgyAoSof7pf9LyR_WAh4AaABAg",
            "reply_content": "\u660e\u8ed2\u771f\u7684\u5f88\u68d2\ud83d\udc4d"
        },
        {
            "reply_id": "UgzMTqkIqGIwGbyRf-94AaABAg",
            "reply_content": "\u5f88\u7fa8\u6155\u512a\u79c0\u7684\u660e\u8ed2\u751f\u5728\u6709yt\u7684\u5e74\u4ee3\uff0c\n\u53ef\u7d00\u9304\u81ea\u5df1\u7684\u7ae5\u5e74\u548c\u6210\u9577\uff0c\n\u6211\u7684\u7ae5\u5e74\u4e5f\u662f\u5728\u4e00\u500b\u5145\u6eff\u66b4\u529b\u8840\u8165\u7684\u5bb6\u5ead\uff0c\n\u6240\u6709\u4e00\u5207\u6709\u5f62\u7121\u5f62\u7684\u4e8b\u7269\u90fd\u88ab\u5bb6\u4eba\u6bc0\u6ec5\uff0c\n\u7fa8\u6155\u4f60\u9084\u6709\u7ae5\u5e74\u5f71\u50cf\u4e00\u76f4\u73cd\u85cf\u5728\u7db2\u8def\u4e0a\uff0c\n\n\u8b1d\u8b1d\u660e\u8ed2\u7684\u5206\u4eab\uff0c\n\u8b1d\u8b1dyt\u9019\u500b\u5049\u5927\u7684\u5e73\u53f0"
        },
        {
            "reply_id": "UgxFA2GAqXGsjqc4I4p4AaABAg",
            "reply_content": "\u660e\u8ed2\u597d\u52c7\u6562\u2764\u770b\u5230\u6700\u5f8c\u90a3\u4e00\u53e5\u300c\u4e0d\u597d\u610f\u601d..\u525b\u525b\u6709\u9ede\u5c0f\u5931\u8aa4\u300d\uff0c\u89ba\u5f97\u597d\u5fc3\u75bc\uff01\u60f3\u5230\u73fe\u5728\u7684\u4f60\uff0c\u80fd\u9577\u51fa\u81ea\u5df1\u7684\u6a23\u5b50\u3001\u5275\u9020\u81ea\u5df1\u7684\u4e16\u754c\u3001\u505a\u81ea\u5df1\u7684\u6c7a\u5b9a\uff0c\u771f\u7684\u89ba\u5f97\u4f60\u597d\u5805\u5f37\u3002\n\u8b1d\u8b1d\u904e\u53bb\u7684\u4f60\uff0c\u5982\u6b64\u55ae\u7d14\u3001\u52aa\u529b\u5730\u5c55\u73fe\u4f60\u81ea\u5df1\uff0c\u4e26\u5805\u6301\u81f3\u4eca\uff0c\u8b93\u6211\u4e5f\u5f9e\u4f60\u7684\u6545\u4e8b\u4e2d\u7372\u5f97\u529b\u91cf\u2764"
        },
        {
            "reply_id": "UgyPDYZKtyJ7rF97FRJ4AaABAg",
            "reply_content": "\u8d70\u904e\u714e\u71ac\u7684\u8def\uff0c\u5c31\u80fd\u6210\u9577"
        },
        {
            "reply_id": "UgzOQ5MWfUKMSq5QsF14AaABAg",
            "reply_content": "\u4f60\u771f\u7684\u597d\u68d2\uff01\u5531\u5f97\u5f88\u597d\u800c\u4e14\u5c45\u7136\u80cc\u8d77\u4f86\u6b4c\u8a5e\u8036\u6709\u5920\u53b2\u5bb3\uff01\uff01\n\u8b1d\u8b1d\u516b\u5e74\u524d\u7684\u937e\u660e\u8ed2\u6c92\u6709\u653e\u68c4\uff0c\u4e0d\u65b7\u5730\u7e7c\u7e8c\u5275\u9020\u2764\ufe0f"
        },
        {
            "reply_id": "Ugw2ZpTE7DU2M6-LE7J4AaABAg",
            "reply_content": "\u8981\u52a0\u6cb9\u54e6"
        },
        {
            "reply_id": "UgwQyIjM7QGEv0DsoRF4AaABAg",
            "reply_content": "\u770b\u660e\u8ed2\u9019\u6a23\u597d\u96e3\u904e\ud83d\ude2d \u4e00\u76f4\u88ab\u4eba\u5bb6\u7f75\ud83d\ude41 \u4f46\u662f\u6211\u5011\u662f\u611b\u4f60\u7684\ud83e\udd70 \u6c38\u9060\u7684\u570b\u969b\u7f8e\u4eba\ud83d\ude1a"
        },
        {
            "reply_id": "Ugyzs_6rgFqwxnEUkyV4AaABAg",
            "reply_content": "\u6709\u4e00\u7a2e\u611f\u52d5\ud83e\udd79"
        },
        {
            "reply_id": "Ugw1I4_Wx9k6OF2bux94AaABAg",
            "reply_content": "\u597d\u559c\u6b61\u9019\u90e8\u5f71\u7247"
        },
        {
            "reply_id": "Ugy_TMPsnotcRpufs8d4AaABAg",
            "reply_content": "\u7e7c\u7e8c\u52aa\u529b\u5275\u9020\u5427\uff0c\u6062\u5b8f\u7684\u9748\u9b42\uff01"
        },
        {
            "reply_id": "UgzSUNCKPnwy3VeB9S94AaABAg",
            "reply_content": "\u5c0f\u660e\u8ed2\u5f88\u53ef\u611b\u554a\uff01\u90a3\u4e9b\u9178\u6c11\u662f\u5728\u653b\u64ca\u4ec0\u9ebc\u7684\uff1f\uff01"
        },
        {
            "reply_id": "UgxbMw7hKIPoRB5mBRR4AaABAg",
            "reply_content": "\u8ddf\u660e\u8ed2\u7684\u5e74\u7d00\u5dee\u4e0d\u591a\u5927\uff0c\u5c0f\u6642\u5019\u4e5f\u597d\u559c\u6b61\u300a\u9014\u4e2d\u300b\u9019\u9996\u6b4c\uff0c\u4e00\u76f4\u5728\u4eba\u751f\u7684\u9053\u8def\u4e0a\u8ff7\u832b\u7684\u8d70\u8457\uff0c\u4eba\u6c38\u9060\u4e0d\u77e5\u9053\u81ea\u5df1\u5728\u4eba\u751f\u7684\u9014\u4e2d\u6703\u767c\u751f\u4ec0\u9ebc\u4e8b\u3002\u660e\u8ed2\u5531\u5f97\u5f88\u597d\u807d\u3002\n\n\u6211\u8981\u5766\u767d\u5c0f\u6642\u5019\u53d7\u5230\u5a92\u9ad4\u8ddf\u540c\u5115\u7b49\u7b49\u7684\u5f71\u97ff\uff0c\u6240\u4ee5\u807d\u5230\u5927\u5bb6\u958b\u300c\u714e\u71ac\u5f1f\u300d\u7684\u73a9\u7b11\u6642\uff08\u6a21\u4eff\u660e\u8ed2\u5531\u6b4c\u751a\u81f3\u6545\u610f\u7834\u97f3\uff09\uff0c\u6211\u4e5f\u8ddf\u8457\u8d77\u9b28\u5927\u7b11\u3002\u6211\u4e26\u4e0d\u8a8d\u8b58\u660e\u8ed2\u672c\u4eba\uff0c\u53ea\u9760\u8457\u5a92\u9ad4\u5831\u5c0e\u7684\u5f62\u8c61\u4ee5\u53ca\u8f3f\u8ad6\u8a8d\u8b58\u660e\u8ed2\uff0c\u9019\u6a23\u7684\u884c\u70ba\u5728\u6211\u9577\u5927\u4e4b\u5f8c\u89ba\u5f97\u81ea\u5df1\u932f\u4e86\uff0c\u544a\u8aa1\u81ea\u5df1\u5728\u672a\u4e86\u89e3\u5168\u8c8c\u4e0d\u8981\u8f15\u6613\u8a55\u65b7\u4efb\u4f55\u4eba\u4e8b\u7269\u3002\n\n\u660e\u8ed2\u4f60\u7684\u5766\u7387\u8ddf\u52c7\u6562\u5e6b\u52a9\u5f88\u591a\u4eba\uff0c\u7e7c\u7e8c\u5275\u4f5c\u4e0b\u53bb\u5427\u3002"
        },
        {
            "reply_id": "UgwhN0sYTMKCQbZQ-Jt4AaABAg",
            "reply_content": "\u660e\u8ed2\u771f\u7684\u53d7\u904e\u5f88\u591a\u50b7\u5bb3\uff0c\u5e0c\u671b\u4f60\u5feb\u9ede\u9047\u5230\u611b\u4f60\u3001\u75bc\u4f60\u7684\u4eba\u3002"
        },
        {
            "reply_id": "Ugw6vK5hzn_NgrUk9LR4AaABAg",
            "reply_content": "\u8b1d\u8b1d\u660e\u8ed2\u4e00\u76f4\u505a\u81ea\u5df1\uff0c\u7d66\u4e86\u6211\u5f88\u5927\u7684\u9f13\u52f5\uff01"
        }
    ]
}