{
    "video_info": {
        "id": "1Xjol_CE3a0",
        "channelTitle": "\u937e\u660e\u8ed2",
        "title": "\u600e\u80fd\u6c92\u53bb\u904e\u9999\u6e2f\uff01",
        "description": "YA~\u5982\u540c\u6a19\u984c \u6211\u600e\u80fd\u6c92\u53bb\u904e\u9019\u500b\u5730\u65b9\uff1f\uff01\n\u53bb\u904e\u4e4b\u5f8c\u5c31\u5b8c\u5168\u611b\u4e0a \u5b83\u53ef\u4ee5\u8aaa\u662f\u8fd1\u671f\u53bb\u904e\u773e\u591a\u570b\u5bb6\u4e4b\u4e2d \u771f\u5fc3\u6700\u611b\u7684\u4e00\u500b \n\n\u4e5f\u6c92\u6709\u60f3\u50cf\u904e\u81ea\u5df1\u8d70\u5728\u9999\u6e2f\u8857\u982d \u53ef\u4ee5\u88ab\u90a3\u9ebc\u591a\u6c11\u773e\u559c\u611b\u8457 \n\u5f7c\u6b64\u5206\u4eab\u5728\u81ea\u5df1\u570b\u5bb6\u7684\u7684\u8fd1\u6cc1 \u5c31\u597d\u50cf\u6211\u5bb6\u9130\u5c45\u5728\u8ddf\u6211\u804a\u5929\u7684\u6a23\u5b50 \n\u6709\u4e9b\u7d93\u904e\u7684\u6703\u76f4\u63a5\u5927\u558a\u6211\u540d\u5b57\u3001\u6709\u4e9b\u7d93\u904e\u7684\u6703\u5c0f\u5c0f\u8072\u7684\u8aaa\u8072\uff1a\u6211\u5f88\u559c\u6b61\u4f60\n\u54ea\u6015\u6709\u4e9b\u53ea\u662f\u4e00\u500b\u773c\u795e \u6c92\u6709\u8a71\u8a9e \u6c92\u6709\u904e\u591a\u7684\u80a2\u9ad4\u8a9e\u8a00\n\u6211\u4f3c\u4e4e\u6709\u7a2e\u300e\u660e\u767d\u4e86\u4ed6\u7684\u610f\u601d\uff0c\u4f46\u53c8\u4e0d\u662f\u5168\u7136\u7684\u7406\u89e3\u3002\u300f\u7684\u90a3\u7a2e\u885d\u7a81\u611f\n\u4e5f\u660e\u767d\u5176\u5be6\u4e0d\u4e00\u5b9a\u786c\u8981\u7d66\u81ea\u5df1\u4e00\u7a2e\u89e3\u91cb\n\u6709\u6642\u5019\u50cf\u9019\u6a23\u904a\u8d70\u5728\u300e\u77e5\u9053\u8207\u4e0d\u77e5\u9053\u4e4b\u9593 \u300f\u4e5f\u662f\u4e00\u7a2e\u6d3b\u8457\u7684\u610f\u7fa9\u4e0d\u662f\u55ce\ud83d\ude0a\n\n\u8b1d\u8b1d\u540c\u8def\u4eba\u5011\u7d66\u4e88\u6211\u7684\u5404\u7a2e\u60c5\u7dd2\n\u9019\u4efd\u79ae\u7269\u6211\u6703\u6536\u85cf\u597d \u5728\u63a5\u4e0b\u4f86\u7684\u6bcf\u4e00\u9053\u9ad4\u9a57\u88e1 \n\u4e0d\u65b7\u7684\u5b9a\u7fa9\u3001\u66f4\u65b0\u3001\u5b9a\u7fa9\u3001\u518d\u66f4\u65b0\n\n\u671f\u76fc\u6700\u7d42\u6211\u5011\u90fd\u5df2\u6210\u70ba\u6211\u5011\u5fc3\u4e2d\u7684\u90a3\u4f4d\u5927\u4eba\uff5e\uff3e\uff3e",
        "likeCount": "33357",
        "commentCount": "2138",
        "viewCount": "752930"
    },
    "comments": [
        {
            "reply_id": "UgySLOif8rEZDaxrCRt4AaABAg",
            "reply_content": "\u8eab\u70ba\u9999\u6e2f\u4eba\u53ea\u53bb\u904e\u4e00\u6b21\u91cd\u6176\u5927\u5ec8\ud83d\ude02"
        },
        {
            "reply_id": "UgxUKtNYL2opUN4_6UN4AaABAg",
            "reply_content": "\u7269\u50f9\u5f88\u9ad8 \u4f46\u771f\u7684\u5f88\u503c\u5f97\u53bb\u4e00\u6b21\ud83d\ude0d"
        },
        {
            "reply_id": "Ugx2_zrp0Fn_0uneoEV4AaABAg",
            "reply_content": "\u4e00\u9ede\u4e5f\u4e0d\u6b61\u8fce\u53f0\u7368\ud83d\ude02"
        },
        {
            "reply_id": "Ugxr3Tvp7gBDA35rsQZ4AaABAg",
            "reply_content": "\u4eca\u5929\u6211\u624d\u77e5\u59d0\u59d0\ud83d\udc67\u662f\u4f60\u7c89\u7d72"
        },
        {
            "reply_id": "Ugy6mTbw5lmfumSVUvx4AaABAg",
            "reply_content": "\u6211\u771f\u7684\u8d85\u559c\u6b61\u9999\u6e2f\u9019\u6a23\u7684\u71b1\u9b27\u7e41\u83ef\u7684\u90fd\u5e02\uff5e \u53bb\u904e\u597d\u5e7e\u6b21\u4e86\u4e26\u4e14\u6bcf\u6b21\u53bb\u90fd\u5f88\u559c\u6b61\u3002\u7e3d\u662f\u79c1\u5e95\u4e0b\u89ba\u5f97\u5982\u679c\u9999\u6e2f\u80fd\u5920\u7368\u7acb\u7684\u8a71\u5c31\u597d\u4e86\u2026"
        },
        {
            "reply_id": "UgwYMPimkQITnVg2aE14AaABAg",
            "reply_content": "\u600e\u9ebc\u80fd\u5920\u73fe\u5728\u624d\u770b\u5230\u9019\u90e8\uff01"
        },
        {
            "reply_id": "UgyDMf-Sfy66yeo4nUN4AaABAg",
            "reply_content": "\u611f\u89ba\u660e\u8ed2\u8ddf\u4ee5\u524d\u76f8\u6bd4\u8a9e\u6c23\u7de9\u548c\u597d\u591a"
        },
        {
            "reply_id": "Ugz4N9v-qslPEL677WB4AaABAg",
            "reply_content": "\u4f60\u4e5f\u592a\u9177\u4e86\uff01"
        },
        {
            "reply_id": "Ugw01mIvgWjaQi8oOOt4AaABAg",
            "reply_content": "\u600e\u9ebc\u90a3\u9ebc\u6709\u9322"
        },
        {
            "reply_id": "Ugyy6ImEBVte39xWXU54AaABAg",
            "reply_content": "\u53ef\u6190 \u9999\u6e2f\u4eba\u8981\u88ab\u570b\u969b\u611b\u6ecb\u6bd2\u7532\u50b3\u67d3\u611b\u6ecb\u75c5\u4e86"
        },
        {
            "reply_id": "Ugxm4_Ia0hROpgbo_3R4AaABAg",
            "reply_content": "\u597d\u591a\u9999\u6e2f\u4eba\u4f86\u7559\u8a00\uff01\u53f0\u7063\u4e5f\u5f88\u6b61\u8fce\u4f60\u5011\u4f86\u73a9\u54e6\uff01\u770b\u660e\u8ed2\u65c5\u904a\u5b8c\u9999\u6e2f\u6211\u4e5f\u597d\u60f3\u53bb\u5440\uff01\uff01\u2764"
        },
        {
            "reply_id": "UgyqXFB_BxrySyka5Mp4AaABAg",
            "reply_content": "\u7528\u5c0f\u7ea2\u4e66\u7684\u5f88\u591a\u8111\u5b50\u4e0d\u6b63\u5e38"
        },
        {
            "reply_id": "Ugy9a7-DsFpY_lFclJh4AaABAg",
            "reply_content": "\u53ef\u4ee5\u53eb\u4fe1\u4efb\u7684\u4eba\u5e6b\u4f60\u62cd\n\u9999\u6e2f\u6b61\u8fce\u4f60"
        },
        {
            "reply_id": "UgwdpMp5LZ_6t0p8a3t4AaABAg",
            "reply_content": "\u862d\u82b3\u5712"
        },
        {
            "reply_id": "UgxrHTiiSRhoIGJ9-nx4AaABAg",
            "reply_content": "\u8b1d\u8b1d\u660e\u8ed2\u559c\u6b61\u9999\u6e2f~\u6211\u81ea\u5df1\u4e0d\u9867\u8eab\u908a\u7684\u4eba\u52f8\u6211\u5c31\u5230\u9999\u6e2f\u5b9a\u5c45\uff0c\u548c\u5148\u751f\u4e00\u8d77\u5728\u9999\u6e2f\u751f\u6d3b\u771f\u7684\u559c\u6b61\uff0c\u4f46\u6c92\u6709\u8a0e\u53ad\u53f0\u7063\uff0c\u53ea\u662f\u6703\u89ba\u5f97\u6211\u662f\u4e0d\u662f\u7570\u985e..\u5927\u90e8\u5206\u807d\u5230\u8eab\u908a\u7684\u4eba\u90fd\u9078\u53f0\u7063....\u73fe\u5728\u770b\u5230\u4f60\u76f4\u63a5\u544a\u8a34\u5927\u5bb6\u611b\u9019\u570b\u5bb6\u597d\u611f\u52d5\uff0c\u8b93\u6211\u77e5\u9053\u4e0d\u662f\u4e00\u500b\u4eba\u9019\u9ebc\u89ba\u5f97\u771f\u662f\u592a\u597d\u4e86~~"
        },
        {
            "reply_id": "UgzG_ozZs9i70ryQXFJ4AaABAg",
            "reply_content": "\u559c\u6b61\u771f\u6027\u60c5\u7684\u59b3\u2764"
        },
        {
            "reply_id": "UgyhXjg0dNVvfH-qv0F4AaABAg",
            "reply_content": "\u559c\u6b61\u660e\u8ed2\u6700\u5f8c\u7684\u5206\u4eab"
        },
        {
            "reply_id": "UgxcHtQSsSolwUyG4S14AaABAg",
            "reply_content": "\u6211\u4e5f\u559c\u6b61\u9999\u6e2f\u2764"
        },
        {
            "reply_id": "UgwEBCxwo2aJsHdWXYx4AaABAg",
            "reply_content": "\u6211\u89ba\u5f97\u559c\u4e0d\u559c\u6b61\u4e00\u500b\u4eba\uff0c\u8ddf\u6709\u6c92\u6709\u6559\u990a\u662f\u5169\u56de\u4e8b\uff0c\u53ef\u4ee5\u4e0d\u559c\u6b61\u4ed6\u4f46\u9084\u662f\u8981\u6709\u79ae\u8c8c\u5730\u56de\u61c9\uff0c\u7562\u7adf\u5927\u5bb6\u90fd\u662f\u53d7\u904e\u6559\u80b2\u7684\uff0c\u7ffb\u767d\u773c\u5c55\u73fe\u4e0d\u53cb\u5584\uff0c\u5c55\u73fe\u51fa\u4e00\u500b\u4eba\u7684\u4fee\u990a\u9053\u5fb7\u3002"
        },
        {
            "reply_id": "UgxDyfeTAY5ulU1jgwh4AaABAg",
            "reply_content": "\u6211\u662f\u8fd1\u671f\u624d\u958b\u59cb\u770b\u660e\u8ed2\u7684\u5f71\u7247 \u5f88\u559c\u6b61\u4f60\u7684\u6027\u683c\u548c\u5c0d\u4e8b\u7684\u614b\u5ea6\u2764"
        }
    ]
}