{
    "video_info": {
        "id": "273uOl8OyXQ",
        "channelTitle": "\u937e\u660e\u8ed2",
        "title": "\u8ab0\u4f86\u6551\u6551\u5730\u7403\u4eba\uff01",
        "description": "\u73fe\u5728\u9084\u662f\u6709\u975e\u5e38\u591a\u5730\u7403\u4eba\n\u9084\u5728\u628a\u8b2c\u8aa4\u8ddf\u8b2c\u8ad6\u7576\u4f5c\u771f\u7406\u5728\u9032\u884c\u4eba\u985e\u751f\u6d3b\n\n\u6211\u76ee\u524d\u6574\u7406\u51fa\u4e86\u5169\u5927\n\u53ea\u6709\u820a\u5730\u7403\u6642\u4ee3\u7684\u4eba\u624d\u6703\u4f7f\u7528\u7684\u4f5c\u70ba\n\n\u771f\u5be6\u662f \u5728\u93e1\u5b50\u88e1\u770b\u898b\u8868\u8c61\u7684\u81ea\u5df1\u4e26\u975e\u5168\u7136\u7684\u81ea\u5df1\n\u800c\u4f60 \u7a76\u7adf\u662f\u8ab0\uff1f\n\n\u5982\u679c\u4e00\u500b\u300e\u6211\u300f\u5df2\u9032\u884c\u4e86\u89ba\u77e5\n\u4e5f\u8a8d\u77e5\u5230\u81ea\u5df1\u5df2\u96e2\u958b\u820a\u5730\u7403\u6642\u4ee3\n\u800c\u4f60\u8eab\u70ba\u65b0\u4eba\u985e \u4f60\u7684\u5275\u9020\u662f\u4ec0\u9ebc\uff1f\n\n\u751f\u6d3b\u4e2d\u7684\u300e\u7d93\u9a57\u300f\u5c31\u662f\u6211\u5011\u6700\u597d\u7684\u8001\u5e2b\n\n\u5e0c\u671b\u4eca\u5929\u6240\u63d0\u4f9b\u7684\u300e\u7d93\u9a57\u300f \n\u53ef\u4ee5\u70ba\u4f60\u5e36\u4f86\u4e9b\u4ec0\u9ebc\n\n\u795d\u5275\u4f5c\u9806\u5229",
        "likeCount": "17299",
        "commentCount": "1255",
        "viewCount": "388020"
    },
    "comments": [
        {
            "reply_id": "UgxFSEYKE9Yzm-oIUuR4AaABAg",
            "reply_content": "\u4f60\u7684\u5b58\u5728\u5c31\u5df2\u7d93\u5920\u8352\u8b2c\u4e86 \u9084\u6c92\u6d88\u5931\u5728\u9019\u4e16\u754c\u4e0a\u66f4\u662f\u8352\u8b2c\u81f3\u6975  \u4f60\u53ea\u662f\u7528\u6975\u5ea6\u7684\u81ea\u6211\u610f\u8b58\u4f86\u6d17\u8166\u53f0\u7063\u9019\u4e9b\u53ef\u60b2\u5e74\u8f15\u4eba \u5641\u5fc3\u7684\u4eba \u5641\u5fc3\u7684\u5a18\u6ce1\u7522\u7269"
        },
        {
            "reply_id": "UgwgabH5zurbQ4S3KIl4AaABAg",
            "reply_content": "\u6700\u5f8c\u9019\u5957\u597d\u597d\u770b\u54e6\uff0c\u642d\u914d\u90a3\u6a23\u7684\u9aee\u6d41\u3002\n\u6211\u4e5f\u5f88\u8a0e\u53ad\u88ab\u6846\u4f4f\uff0c\u6211\u662f\u81ea\u7531\u7684\u500b\u9ad4"
        },
        {
            "reply_id": "Ugz6uM5M3XwcE3W-dOp4AaABAg",
            "reply_content": "\u662f\u9019\u6a23\u5b50\u55ce\uff0c\u6027\u5225\u662f\u4e00\u7a2e\u601d\u7dad\u6846\u67b6\uff0c\u800c\u601d\u7dad\u672c\u8eab\u662f\u6c92\u6709\u908a\u754c\u7684\uff0c\u6846\u67b6\u662f\u524d\u4eba\u7d66\u4e88\u6211\u5011\u7684\u9650\u5236\u3002\u81f3\u65bc(\u6211)\u672c\u8eab\u662f\u8089\u8eab\u5167\u7684\u5b58\u6709\uff0c\u6240\u8b02\u7684\u8089\u8eab\u6216\u6211\uff0c\u662f\u5b58\u6709\u672c\u8eab\u7684\u9650\u5236\uff0c\u6211\u5011\u53ea\u80fd\u901a\u904e\u8089\u8eab\u9019\u500b\u6846\u67b6\u7684\u611f\u5b98\u53bb\u89c0\u5bdf\u4e16\u754c\uff0c\u771f\u6b63\u7684\u6211\u662f\u8089\u8eab\u5167\u7684\u90a3\u5718\u5b58\u6709\u3002\u6211\u597d\u50cf\u4e0d\u592a\u61a7\u610f\u601d\u8036\u3002"
        },
        {
            "reply_id": "UgyLdRfF8dZCPNh8nkF4AaABAg",
            "reply_content": "\u8ddf\u6211\u60f3\u6cd5\u5dee\u4e0d\u591a\uff0c\u6211\u8cb7\u8863\u670d\u4e5f\u6c92\u5728\u7406\u7537\u5973\u7684\u3002"
        },
        {
            "reply_id": "UgwbR2m9XcLjGUFdMqB4AaABAg",
            "reply_content": "\u86af\u8693\u5c31\u662f\u4e8c\u5143\u6027 \u54c8\u54c8\u54c8"
        },
        {
            "reply_id": "UgwOr9_bkvZo7zuNLlF4AaABAg",
            "reply_content": "\u8089\u8eab\u53ea\u662f\u76ae\u56ca\uff0c\u62dc\u91d1\u6210\u70ba\u4e00\u5207\u5f8c\u4eba\u985e\u5df2\u7d93\u6c92\u6551\u4e86\u3002"
        },
        {
            "reply_id": "UgxcWnRt3sAoTB1IAKh4AaABAg",
            "reply_content": "\u4eba\u5996"
        },
        {
            "reply_id": "Ugz3ufud-X6G1AHX8Ft4AaABAg",
            "reply_content": "\u90aa\u6559"
        },
        {
            "reply_id": "UgzyZsQN0BPmiGfIuMh4AaABAg",
            "reply_content": "\u7b2c\u4e09\u7c7b\u6cf0\u56fd\u5f88\u6d41\u884c"
        },
        {
            "reply_id": "Ugykal8Z6JJ3ZATean54AaABAg",
            "reply_content": "\u6211\u61c2"
        },
        {
            "reply_id": "UgzmiFT5_7FuM4swiYV4AaABAg",
            "reply_content": "\u6211\u7684\u963f\u5b24\u9084\u5728\u8aaa\u7537\u751f\u4e0d\u80fd\u54ed"
        },
        {
            "reply_id": "UgzjtCncrWw0aVDKOvF4AaABAg",
            "reply_content": "\u6700\u5f8c\u4e00\u5957\u4e5f\u592a\u7f8e\u4e86\u5427\uff5e"
        },
        {
            "reply_id": "Ugwrd5JBYUVl4O68Jxp4AaABAg",
            "reply_content": "\u9996\u5148\u8981\u6709\u9999\u83c7\u982d"
        },
        {
            "reply_id": "UgwqvO3uXwBdHryjXgh4AaABAg",
            "reply_content": "\u8a8d\u540c\u65b0\u601d\u7dad\u8ad6\u8ff0\uff0c\u4e0d\u904e\u4f60\u6240\u6709\u7684\u8ad6\u8ff0\u4e5f\u90fd\u662f\u4ee5\u5f9e\u524d\u7684\u57fa\u790e\u52a0\u4e0a\u4f60\u6240\u611f\u53d7\u5230\u7684\u65b0\u5143\u7d20\u800c\u7522\u751f\u7684\u65b0\u6771\u897f\uff0c\u56e0\u6b64\u4e0d\u9700\u8981\u3127\u5473\u7684\u5426\u8a8d\u8207\u6279\u8a55\u4f60\u53e3\u4e2d\u7684\u820a\u601d\u7dad\uff0c\u9019\u6a23\u7684\u8a71\u662f\u4e0d\u662f\u4e5f\u9677\u5165\u4e86\u975e\u6211\u65cf\u985e \u5176\u5fc3\u5fc5\u7570\u7684\u6846\u67b6\u5462\uff0c\u4f60\u53ef\u4ee5\u95e1\u8ff0\u8207\u5ba3\u63da\u4f60\u7684\u7acb\u5834\uff0c\u4f46\u540c\u6642\u4e0d\u9700\u8981\u53bb\u6279\u8a55\u8207\u8cb6\u4f4e\u5176\u4ed6\u8ad6\u9ede\uff0c\u9084\u6709\uff0c\u4f60\u53e3\u4e2d\u7684\u820a\u601d\u7dad\u8ddf\u65b0\u601d\u7dad\u662f\u4e0d\u662f\u4e5f\u9677\u5165\u4e86\u53e6\u4e00\u7a2e\u65b0\u820a\u7684\u4e8c\u5143\u5c0d\u7acb\u8ad6\u5462"
        },
        {
            "reply_id": "Ugzte_kRMpZNGLTxMs94AaABAg",
            "reply_content": "\u6211\u559c\u6b22 \u54c8\u54c8"
        },
        {
            "reply_id": "UgztUQ2qfaCNRL0X8D54AaABAg",
            "reply_content": "\u7b11\u8072\u6709\u9ede\u50cf\u5a1c\u8afe\u54e6\ud83e\udd2d"
        },
        {
            "reply_id": "UgyX40xGltCn3E7j7GJ4AaABAg",
            "reply_content": "\u4eca\u5929\u7684\u660e\u8ed2\u5f88\u54f2\u5b78 \u63a8\u500b"
        },
        {
            "reply_id": "Ugytzent0Ke-IQn7E8V4AaABAg",
            "reply_content": "\u611f\u89ba\u4f60\u6709\u9ede\u81ea\u5927\uff0c\u7121\u5fc3\u60f3\u9ed1"
        },
        {
            "reply_id": "UgzFpkHBTKxQ1x_FchR4AaABAg",
            "reply_content": "\u6700\u9ad8\u8d28\u91cf\u7684\u4e00\u96c6"
        },
        {
            "reply_id": "UgxcKNl7X64lpVN2dOR4AaABAg",
            "reply_content": "\u89ba\u9192\u662f\u6211\u5728\u8c93\u54aa\u5927\u6230\u722d\u6703\u505a\u7684\u4e8b"
        }
    ]
}