{
    "video_info": {
        "id": "59hr9IZ8bYs",
        "channelTitle": "\u937e\u660e\u8ed2",
        "title": "\u56de\u8986\u66b4\u6c11\u7684\u7559\u8a00\uff01",
        "description": "\u4e16\u4e0a\u552f\u4e00\u4e0d\u6703\u8b8a\u7684 \u5c31\u662f\u300e\u8b8a\u300f\n\n\u4f60\u559c\u6b61\u4ee5\u53ca\u4e0d\u559c\u6b61 \u662f\u4f86\u81ea\u4f60\u7684\u5b9a\u7fa9\n\n\u4f60\u7684\u5929\u6027\u3001\u751f\u9577\u74b0\u5883\u3001\u751f\u9577\u80cc\u666f\n\n\u90fd\u662f\u4fc3\u4f7f\u4f60\u6703\u4e0b\u51fa\u5b9a\u7fa9\u7684\u95dc\u9375\n\n\u6211\u4e4b\u524d\u5df2\u5206\u4eab\u904e\u4e00\u500b\u771f\u7406\n\n\u300e\u9053\u5fb7\u662f\u4eba\u70ba\u7684\u7522\u7269\uff0c\u5b87\u5b99\u5f9e\u4f86\u4e0d\u5224\u65b7\u4ec0\u9ebc\u3002\u300f\n\n\u610f\u601d\u662f \u4f60\u7684\u4f5c\u70ba\u6c92\u6709\u5c0d\u932f\n\n\u56e0\u70ba\u7962\u5df2\u662f\u300e\u5b8c\u7f8e\u300f\n\n\u6211\u5011\u8981\u505a\u7684\n\n\u53ea\u6709\u7e7c\u7e8c\u7d93\u9a57\u300e\u4f60\u771f\u6b63\u662f\u8ab0\u300f",
        "likeCount": "27642",
        "commentCount": "2842",
        "viewCount": "657870"
    },
    "comments": [
        {
            "reply_id": "UgxUa6-xkRnrTa8C2dF4AaABAg",
            "reply_content": "\u611b\u5225\u4eba\u9996\u5148\u8981\u611b\u81ea\u5df1\uff0c\u6bcf\u5929\u591a\u7a31\u8b9a\u81ea\u5df1\u4e00\u9ede\uff0c\u591a\u6b23\u8cde\u81ea\u5df1\u7684\u7f8e\uff0c\u8b93\u81ea\u5df1\u751f\u6d3b\u7684\u66f4\u958b\u5fc3\u4e0d\u662f\u518d\u6b63\u5e38\u4e0d\u904e\u7684\u4e8b\u55ce\uff1f\u500b\u4eba\u4e26\u4e0d\u89ba\u5f97\u660e\u8ed2\u54ea\u81ea\u4fe1\u904e\u4e86\u982d\uff0c\u76f8\u53cd\uff0c\u4ed6\u81ea\u4fe1\u7f8e\u7684\u5f88\u8000\u773c"
        },
        {
            "reply_id": "UgwE64hrzxsIoDXpxlR4AaABAg",
            "reply_content": "\u2764\u2764\u5f88\u559c\u6b61\u4f60\u7684\u5f71\u7247\uff0c\u8981\u7e7c\u7e8c\u4e00\u76f4\u62cd\u5594\uff01\u5e0c\u671b\u6211\u5c0f\u5b69\u9577\u5927\u53ef\u4ee5\u548c\u4f60\u4e00\u6a23\u6709\u81ea\u5df1\u7684\u98a8\u683c\u548c\u81ea\u4fe1"
        },
        {
            "reply_id": "UgwL_gvA6-J0l5hRtoR4AaABAg",
            "reply_content": "\u6709\u8a0e\u53ad\u4f60\u7684\u4eba\u5c31\u6709\u559c\u6b61\u4f60\u7684\u4eba"
        },
        {
            "reply_id": "Ugw9nCBwZJGmFejRlIV4AaABAg",
            "reply_content": "\u5f9e\u9019\u90e8\u5f71\u7247\u6211\u6162\u6162\u4e86\u89e3\u98fc\u990a\u54c1\u7a2e\u5bf5\u7269\u7684\u67d0\u90e8\u4efd\u5fc3\u614b\uff0c\u8b1d\u8b1d\u4f60"
        },
        {
            "reply_id": "UgyEBQrx6VS-SYl_JmJ4AaABAg",
            "reply_content": "\u516c\u8a8d\u7684\u58ae\u843d\uff1f\u662f\u5728\u8aaa\u5c0f\u7389\u55ce\uff1f"
        },
        {
            "reply_id": "Ugw8z1jjk1OIE3bzJfB4AaABAg",
            "reply_content": "\u660e\u8ed2\u8aaa\u7684\u597d\uff0c\u660e\u8ed2\u6f02\u4eae\u53c8\u6709\u77e5\u8b58\uff0c\u61c2\u5f88\u591a\uff0c\u633a\u4f60"
        },
        {
            "reply_id": "UgyLPQn7j6yHxTU16u14AaABAg",
            "reply_content": "\u8fd9\u7537\u4eba\uff0c\u4e0d\u5f97\u4e86\uff0c\u8ba9\u4eba\u4e0a\u5934"
        },
        {
            "reply_id": "UgxyOrjpTyIv4MFWOqt4AaABAg",
            "reply_content": "\u6211\u652f\u6301\u660e\u8ed2\u7684\u60f3\u6cd5"
        },
        {
            "reply_id": "UgymymBcYqgIuEEiv0x4AaABAg",
            "reply_content": "\u8aaa\u771f\u7684\u660e\u8ed2\u4f60\u771f\u7684\u5f88\u6709\u8cea\u611f\ud83d\ude0e"
        },
        {
            "reply_id": "Ugyh9bEQy6iSB6sNVT54AaABAg",
            "reply_content": "\u4e0d\u8981\u96e3\u904e\u4e86"
        },
        {
            "reply_id": "Ugy4ZhDBrSKXdM9071V4AaABAg",
            "reply_content": "\u6240\u4ee5\u90a3\u5f35\u6897\u5716\u4e8b\u5be6\u662f\u600e\u6a23\u554a? \u963f\u4f60\u81ea\u5df1\u8aaa\u8acb\u5225\u4eba\u4f86\u653b\u64ca\u6211 \u5225\u4eba\u653b\u64ca\u4e86\uff0c\u963f\u4f60\u53c8\u4e0d\u723d \u5230\u5e95???\n\n\u937e\u660e\u8ed2\u5176\u5be6\u6709\u4e00\u4e9b\u601d\u60f3 \u6211\u500b\u4eba\u883b\u8a8d\u540c\u7684 \u4f8b\u5982:\u4e4b\u524d\u8b1b\u904e\u7684 \u610f\u8b58\u7d93\u9a57\u662f\u4e3b\u89c0\u7684 \u53ea\u6709\u5f9e\u7d93\u9a57\u4e3b\u9ad4\uff0c\u7576\u4e8b\u4eba\u7684\u89c0\u9ede\uff0c\u624d\u6703\u77e5\u9053\u7576\u4e8b\u4eba\u7684\u611f\u89ba \u540c\u60c5\u53ea\u662f\u7528\u985e\u4f3c\u7684\u7d93\u9a57\u53bb\u6a21\u64ec\u5c0d\u65b9\u7684\u611f\u53d7\uff0c\u4f46\u4e0d\u53ef\u80fd\u767e\u5206\u4e4b\u767e\u7684\u9084\u539f\u3002\n\n\u6709\u5f9e\u5979\u7684\u983b\u9053\u5b78\u5230\u4e00\u4e9b\u6771\u897f\uff0c\u4f46\u662f\u6709\u554f\u984c\u7684\u90e8\u5206 \u6211\u9084\u662f\u6703\u63d0\u51fa\u4f86\u3002 \n\u6211\u5076\u723e\u6703\u770b\u9019\u983b\u9053\uff0c\u597d\u50cf\u662f\u5728\u9019\u500b\u983b\u9053\u7b2c\u4e00\u6b21\u7559\u8a00\uff0c\u662f\u4e0d\u662f\u6211\u4e5f\u5fd8\u8a18\u4e86"
        },
        {
            "reply_id": "UgyBciSfBcGxxRmaSa14AaABAg",
            "reply_content": "\u660e\u8ed2\u7684\u8c93\u88ab\u62b1\u8d77\u4f86\u6642\u4e00\u81c9\u76df\u903c\u8036"
        },
        {
            "reply_id": "UgwtkcNNaGRCeNb_oAV4AaABAg",
            "reply_content": "\u96d6\u7136\u4ed6\u8bf4\u4ed6\u53ea\u662f\u96a8\u4fbf\u6253\u626e\uff0c\u4f46\u662f\u5176\u5be6\u9084\u662f\u633a\u597d\u770b\u7684\u5566\ud83d\ude36\ud83d\ude36"
        },
        {
            "reply_id": "UgzzBwLqnMT2XSz54Cd4AaABAg",
            "reply_content": "\u559c\u6b22\u653b\u51fb\u548c\u8bc4\u5224\u522b\u4eba\u7684\u4eba\u9996\u5148\u9700\u8981\u770b\u5230\u81ea\u5df1\u5185\u5728\u7684\u9ed1\u6697\uff0c\u9700\u8981\u6e05\u7406\u548c\u7597\u6108\u3002\u6211\u4eec\u90fd\u662f\u6e90\u5934\u80fd\u91cf\u6ca1\u6709\u9ad8\u4f4e\u8d35\u8d31\u4e4b\u5206\u5927\u5bb6\u90fd\u662f\u4e00\u6837\u7684\uff0c\u6211\u4eec\u7684\u672c\u8d28\u5c31\u662f\u5149\u4e0e\u7231\u3002\u6211\u4eec\u53ef\u4ee5\u6682\u65f6\u9009\u62e9\u4f5c\u4e3a\u9ed1\u6697\u4f46\u662f\u5374\u4e0d\u80fd\u6c38\u8fdc\u6210\u4e3a\u9ed1\u6697\u3002\u6211\u4eec\u4e5f\u6ca1\u6709\u8d44\u683c\u53bb\u8bc4\u5224\u4efb\u4f55\u4e00\u4e2a\u751f\u547d\uff0c\u56e0\u4e3a\u6bcf\u4e00\u4e2a\u4eba\u90fd\u662f\u81ea\u5df1\u7684\u4e0d\u540c\u9762\u5411\u4e5f\u662f\u6e90\u5934\u7684\u795e\u5723\u8868\u8fbe\u7684\u5176\u4e2d\u4e00\u4e2a\u9762\u5411\u3002\u8bc4\u5224\u522b\u4eba\u5c31\u662f\u8bc4\u5224\u81ea\u5df1\uff0c\u5c0a\u91cd\u522b\u4eba\u4e5f\u662f\u5c0a\u91cd\u81ea\u5df1\uff0c\u6211\u4eec\u5bf9\u522b\u4eba\u505a\u4e86\u4ec0\u4e48\u5c31\u662f\u5bf9\u81ea\u5df1\u505a\u4e86\u4ec0\u4e48\uff0c\u56e0\u4e3a\u5f53\u6211\u4eec\u6bcf\u4e00\u6b21\u5411\u5b87\u5b99\u6563\u53d1\u8fd9\u4e9b\u4e0d\u540c\u80fd\u91cf\u90fd\u4f1a\u56de\u5230\u81ea\u5df1\u8eab\u4e0a\u6765\uff0c\u591a\u591a\u9759\u5fc3\u8fdb\u5165\u6781\u4e50\u72b6\u6001\u4e0d\u518d\u88ab\u4efb\u4f55\u4eba\u5f71\u54cd\uff01\u90a3\u4e9b\u4f24\u5bb3\u4f60\u7684\u4eba\u81ea\u7136\u6709\u81ea\u5df1\u7684\u4e1a\u529b\u9700\u8981\u6e05\u7406\u5e73\u8861\uff0c\u53ef\u4ee5\u76f4\u63a5\u65e0\u89c6\uff0c\u54c8\u54c8\u3002\u51e1\u662f\u65e0\u6cd5\u6bd5\u4e1a\u7684\u8fbe\u5230\u65e0\u6761\u4ef6\u7684\u7231\u4e0e\u5408\u4e00\u72b6\u6001\u7684\u90fd\u4f1a\u79bb\u5f00\u5730\u7403\u53bb\u5f80\u4ed6\u4eec\u8be5\u53bb\u7684\u5730\u65b9\u7ee7\u7eed\u4ed6\u4eec\u7684\u6697\u9ed1\u6e38\u620f\uff0c\u90a3\u662f\u4ed6\u4eec\u81ea\u7531\u610f\u8bc6\u7684\u9009\u62e9\u795d\u798f\u4ed6\u4eec\u5427\uff01"
        },
        {
            "reply_id": "Ugycm2lIs1UEc9rbNVt4AaABAg",
            "reply_content": "\u599d\u756b\u6210\u9019\u6a23\u5225\u4f86\u50b7\u6211\u7684\u773c\u775b\uff0c\u5c0d\u6211\u5c31\u662f\u4f86\u5237\u5b58\u5728\u611f\u7684\u53ef\u60b2\u9178\u6c11\uff0c\u4f46\u4f60\u4e0d\u4e5f\u662f\uff0c\u53ea\u8981\u4e0d\u8a8d\u540c\u4f60\u7684\u90fd\u6b78\u985e\u70ba\u9178\u6c11\uff0c\u85c9\u4ee5\u5716\u81ea\u5df1\u5f88\u6e05\u9ad8\u5237\u5b58\u5728\u611f\uff0c\u5982\u904e\u771f\u4e0d\u60f3\u770b\u5230\u9178\u6c11\uff0c\u662f\u4e0d\u662f\u8a72\u7121\u8996\u9019\u6a23\u4e45\u800c\u4e45\u4e4b\u90a3\u4e9b\u4eba\u5c31\u6703\u89ba\u5f97\u9178\u4f60\u6c92\u610f\u7fa9"
        },
        {
            "reply_id": "UgxkdyNCtcO2zmyMsw14AaABAg",
            "reply_content": "\u660e\u8ed2\u505a\u81ea\u5df1\u6210\u70ba\u65b0\u6642\u4ee3\u7684\u4eba \u4e0d\u50cf\u6709\u4e9b\u4eba\u53ea\u6d3b\u5728\u53e4\u6642\u5019\u8ddf\u4e0d\u4e0a\u65b0\u7684\u6642\u4ee3\u771f\u53ef\u60b2\u5440\uff01"
        },
        {
            "reply_id": "UgzuNZBk4p8wCJonCgZ4AaABAg",
            "reply_content": "\u4e0d\u559c\u6b61\u5c31\u96e2\u958b\u4e0d\u8981\u770b\u5440\uff0c\u5e79\u561b\u653b\u64ca\u2026\u2026\u81fa\u7063\u662f\u6c11\u4e3b\u81ea\u7531\u4e4b\u5730\u8036"
        },
        {
            "reply_id": "Ugy5LTEuy4sr2NjgYdJ4AaABAg",
            "reply_content": "\u6211\u5f88\u559c\u6b22\u4f60\u554a\u554a\uff01\uff01\u4f60\u592a\u5389\u5bb3\u4e86\uff0c\u559c\u6b22\u90a3\u4e9b\u7279\u522b\u6709\u4e2a\u6027\u7684\u4eba\uff0c\u6562\u8bb2\u51fa\u6765\u81ea\u5df1\u7684\u60f3\u6cd5\u3002\u6211\u4e5f\u662f\u4ece\u770b\u4f60\u7684\u5f71\u7247\u5f00\u59cb\u6162\u6162\u53d8\u5f97\u66f4\u52a0\u81ea\u4fe1\uff0c\u4e5f\u5f88\u5c11\u5bf9\u81ea\u5df1\u8fdb\u884c\u6000\u7591\u3002\u975e\u5e38\u8c22\u8c22\u4f60"
        },
        {
            "reply_id": "Ugxo1KhpZXt9QSf6m3d4AaABAg",
            "reply_content": "\u505a\u81ea\u5df1\u5c31\u597d\uff0c\u4f60\u8eab\u4e0a\u6709\u7684\uff0c\u4e5f\u8a31\u6b63\u662f\u653b\u4f60\u7684\u4eba\u6240\u4e0d\u6562\u505a\u7684\u3002"
        },
        {
            "reply_id": "UgxK1RWj2-RzuXOTH8Z4AaABAg",
            "reply_content": "\u4e0d\u7537\u4e0d\u5973 \u771f\u5996\u517d\n\u4f46\u5176\u5b9e\u4ed6\u5f88\u53ef\u601c\u7684\u5566\uff01 \u751f\u6765\u4e00\u526f\u5927\u7237\u5916\u8c8c \u4f46\u5fc3\u91cc\u4e0d\u5e73\u8861 \u641e\u5f97\u81ea\u5df1\u90fd\u4e0d\u77e5\u9053\u81ea\u5df1\u662f\u7537\u662f\u5973 \uff01\u51fa\u95e8\u5bb3\u6015\u649e\u89c1\u719f\u4eba \u5728\u5bb6\u4e0d\u6562\u6253\u626e\u81ea\u5df1 \u3002\u3002\u3002\u4f55\u51b5\u4e0d\u5230\u771f\u5fc3\u670b\u53cb \u6821\u56ed\u88ab\u9738\u51cc \u6240\u4ee5\u73b0\u5728\u5f3a\u5986\u4e00\u526f\u5f88\u5f3a\u52bf\u7684\u4eba\u683c\u6765\u6b3a\u9a97\u81ea\u5df1 \u548c\u89c2\u4f17 \u81ea\u6b3a\u6b3a\u4eba\u7684\u75db\u82e6\u7740\u6d3b\u7740\u3002\u3002\u3002\u3002\u73b0\u5728\u8fd8\u5e74\u8f7b\u6837\u8c8c\u90fd\u90a3\u4e48\u5413\u4eba\u4e86 \u518d\u591a\u51e0\u5e74 \u9b3c\u770b\u89c1\u4ed6\u90fd\u5bb3\u6015\ud83d\ude28 \u6700\u75db\u82e6\u7684\u662f\u4ed6\u7684\u5bb6\u4eba \u672c\u4ee5\u4e3a\u76fc\u4e86\u4e2a\u5b69\u5b50\u53ef\u4ee5\u4f20\u5b97\u63a5\u4ee3 \u7ed3\u679c\u641e\u5f97\u6ee1\u8138\u79fd\u8ff9 \u6bcf\u6b21\u51fa\u95e8\u5728\u5916\u89c1\u670b\u53cb\u4eb2\u621a\u90fd\u4e0d\u6562\u63d0\u8d77\u81ea\u5df1\u751f\u4e86\u4e2a\u5b69\u5b50\u8fd8\u662f\u53c9\u70e7 \u4e00\u60f3\u8d77\u81ea\u5df1\u5b69\u5b50\u88ab\u522b\u4eba\u73a9\u5f04\u5c41\u773c\u65f6\u7684\u90a3\u79cd\u75db\u82e6 \u771f\u7684\u662f\u77ed\u51e0\u5e74\u547d\u5462\uff01\u3002\u3002\u3002"
        }
    ]
}