{
    "video_info": {
        "id": "6uhFehaInUA",
        "channelTitle": "\u937e\u660e\u8ed2",
        "title": "\u4e00\u500b\u4eba\u96e2\u958b\u53f0\u7063\uff01",
        "description": "\u7121\u6cd5\u78ba\u5b9a\u81ea\u5df1\u5269\u4e0b\u7684\u4eba\u751f\u58fd\u547d\n\u90a3\u5c31\u8ce6\u4e88\u63a5\u4e0b\u4f86\u7684\u751f\u6d3b\u610f\u7fa9 \n\u800c\u4e14\u6700\u597d\u662f\u300e\u7576\u4e0b\u300f \n_ _ _\n\u6bcf\u6b21\u53ea\u8981\u4e00\u96e2\u958b\u53f0\u7063\u672c\u5cf6 \n\u5c31\u6703\u6709\u4e00\u7a2e\u7a81\u5982\u5176\u4f86\u7684\u653e\u9b06\u611f\u704c\u6eff\u5168\u8eab\n\u9019\u4e00\u6b21\u7684\u96e2\u958b\u8ddf\u5f80\u5e38\u6c92\u6709\u4ec0\u9ebc\u592a\u5927\u7684\u5dee\u7570\u6027\n\u90fd\u662f\u5c6c\u65bc\u8aaa\u8d70\u5c31\u8d70\u7684\u6a21\u5f0f\n\u5f88\u6176\u5e78\u5230\u73fe\u5728\u6211\u4f9d\u7136\u662f\u4e00\u500b\u4eba\u5728\u9762\u5c0d\u4e16\u754c\n\u60b2\u662f\u81ea\u5df1\u7684 \u6a02\u662f\u81ea\u5df1\u7684 \u5b78\u5230\u7684\u662f\u81ea\u5df1\u7684 \u5b64\u7368\u611f\u662f\u81ea\u5df1\u7684\n\n\u800c\u627e\u5c0b\u89e3\u7b54...\u4e5f\u7d42\u7a76\u6703\u662f\u81ea\u5df1\u7684\u4e8b\n\n\u53cd\u6b63\u6d3b\u8457\u5c31\u662f\u4e00\u76f4\u4e0d\u65b7\u7684\u5728\u672a\u77e5\u88e1\n\u63a2\u7a76\u90a3\u5c6c\u65bc\u81ea\u5df1\u7684\u6700\u4f73\u89e3\u7b54\u4e0d\u662f\u55ce\uff1f\n\n\u5c31\u795d\u5404\u4f4d\u73a9\u5bb6\u73a9\u5f97\u6109\u5feb\u56c9\uff5e Love you\ud83d\ude18\n\n\uff3f\n\u5f71\u7247\u4e2d\u7528\u5230\u7684\u97f3\u6a02\uff1aSong : \uc0db\ubcc4 - Strawberry flavor love \u8349\u8393\u5473\u7684\u611b\n    \u63a8\u5ee3\uff1aJ&B\u7121\u7248\u6b0a\u97f3\u6a02\u5eab https://bit.ly/2YfWIhw \n\n\n\u97f3\u6a02\u5275\u4f5c\u8005 : Yummy Flavor by Umbrtone\n    \u63a8\u5ee3\uff1aJ&B\u7121\u7248\u6b0a\u97f3\u6a02\u5eab  https://bit.ly/2YfWIhw \n    \u5f71\u7247\u9023\u7d50 :  https://youtu.be/nF7_pER_BTk\n\n\nAudio Source\uff1aProd by LuKremBo\n   Promoted by\uff1aJ&B\u7121\u7248\u6b0a\u97f3\u6a02\u5eab\n\n\nAudio Source : Enjoy every moment by Chiro  \n    Address : https://bit.ly/3l7WWzZ\n    Promoted by\uff1aJ&B \u7121\u7248\u6b0a\u97f3\u6a02\u5eab\n\nSong : \uc0db\ubcc4 - Cozy Place\n    \u63a8\u5ee3\uff1aJ&B\u7121\u7248\u6b0a\u97f3\u6a02\u5eab https://bit.ly/2YfWIhw \n\nSong : \uc0db\ubcc4 \u2013 Kitty \n    \u63a8\u5ee3\uff1aJ&B\u7121\u7248\u6b0a\u97f3\u6a02\u5eab  https://bit.ly/2YfWIhw",
        "likeCount": "30311",
        "commentCount": "1387",
        "viewCount": "1092447"
    },
    "comments": [
        {
            "reply_id": "UgzeKcGnmW-AqvLiaY94AaABAg",
            "reply_content": "\u6211\u60f3\u770b\u770b\u4f60\u62cd\u53bb\u91d1\u9580"
        },
        {
            "reply_id": "UgzbYsqCoG_YiM1C6Th4AaABAg",
            "reply_content": "\u5c41\u5c41\u8ddf\u96de\u96de"
        },
        {
            "reply_id": "UgwxRaDvSrsh7DDxsZB4AaABAg",
            "reply_content": ""
        },
        {
            "reply_id": "UgyUNYQO7eykD8_vmFl4AaABAg",
            "reply_content": "\u771f\u5e0c\u671b\u6211\u4e5f\u80fd\u64c1\u6709\u4e00\u5834\u70ba\u81ea\u5df1\u800c\u6d3b\u7684\u4eba\u751f\n\u611f\u8b1d\u59b3\uff0c\u660e\u8ed2\u8001\u5e2b\n\n\u5728\u6211\u7684\u4e16\u754c\u88e1\u5e36\u9818\u8457\u6211\n\n\u59b3\u7684\u5f71\u7247\u7d66\u6211\u4e86\u7121\u6578\u500b\u8ff4\u97ff\uff0c\u59b3\u6210\u529f\u4e86\n\u5728\u6211\u5fc3\u4e2d\u7559\u4e0b\n\u8b1d\u8b1d\u8001\u5e2b\u7684\u5f71\u7247\uff0c\u4e5f\u8b1d\u8b1d\u59b3"
        },
        {
            "reply_id": "UgyQ7HBUvPMIlM84v6t4AaABAg",
            "reply_content": "\u8acb\u554f\u662f\u54ea\u5bb6\u65c5\u793e"
        },
        {
            "reply_id": "UgzhiBB0fGkBq7U7WWN4AaABAg",
            "reply_content": "\u4ec0\u7d93\u75c5"
        },
        {
            "reply_id": "UgyRRnnctq_XV8YAxVd4AaABAg",
            "reply_content": "\u8acb\u554f\u70ba\u4ec0\u9ebc\u597d\u50cf\u6bcf\u96c6\u98ef\u90fd\u6c92\u5403\u4e7e\u6de8\uff1f\u662f\u56e0\u70ba\u89ba\u5f97\u5f88\u6cb9\u55ce\uff1f\ud83d\ude05"
        },
        {
            "reply_id": "UgwkYhHHL64-o3r4QdZ4AaABAg",
            "reply_content": "\u548c\u5bb6\u4eba\u53bb\u4f4f\u9152\u5e97\n\u6211\u90fd\u6703\u5148\u770b\u662f\u4e0d\u662f\u96d9\u9762\u93e1\n\u6211\u9084\u60f3\u67e5\u6709\u6c92\u6709\u651d\u50cf\u982d\u6211\u7238\u90fd\u8aaa\u4e0d\u7528\u5566\u67e5\u4ec0\u9ebc\u651d\u50cf\u982d\ud83d\ude02"
        },
        {
            "reply_id": "UgzgSvwsGPmLqOtxT-Z4AaABAg",
            "reply_content": "\u8981\u786e\u5b9a\u5509\uff0c\u771f\u7684\u5feb\u7b11\u5c4e\u4e86\u3002"
        },
        {
            "reply_id": "UgwwpcyOk96L7Ij-fp54AaABAg",
            "reply_content": "\u660e\u8ed2\uff1a\u6f8e\u6e56\u65e2\u7136\u6709\u661f\u5df4\u514b\u6b38\uff01\n\u6f8e\u6e56\uff1a\u5fc5\u9808\u7684"
        },
        {
            "reply_id": "Ugypc9V1pz4yf-penux4AaABAg",
            "reply_content": "\u6c92\u4eba\u7684\u90a3\u500b\u6c99\u7058\u771f\u7684\u7f8e\u2764"
        },
        {
            "reply_id": "UgzcWs15-eo3rPuc2bJ4AaABAg",
            "reply_content": "\u660e\u8ed2\u592a\u7626\u4e86\uff0c\u5403\u80d6\u4e9b!"
        },
        {
            "reply_id": "UgwQyaHtUbynAW90Zbp4AaABAg",
            "reply_content": "\u660e\u8ed2\u7684\u5f71\u7247\u7a7f\u642d\u7b49\u7b49\u771f\u7684\u90fd\u5f88\u6709\u8cea\u611f"
        },
        {
            "reply_id": "Ugyb-1SYEoWIG5Tx_TV4AaABAg",
            "reply_content": "\u7fa9\u5927\u5229\u9eb5\u90a3\u6bb5\u7591\u60d1\u773c\u795e\u6211\u76f4\u63a5\u7b11\u6b7b"
        },
        {
            "reply_id": "UgzW3N9dXKagjWEi6ep4AaABAg",
            "reply_content": "\u672c\u4f86\u5c0d\u4ed6\u6c92\u4ec0\u9ebc\u597d\u611f\uff0c\u4f46\u770b\u4e86\u5f71\u7247\uff0c\u6703\u89ba\u5f97\u4ed6\u500b\u6027\u5f88\u53ef\u611b\uff0c\u7136\u5f8c\u5f71\u7247\u4e00\u652f\u652f\u770b\u4e0b\u53bb"
        },
        {
            "reply_id": "UgysIGQnn2hDPwd7ZZJ4AaABAg",
            "reply_content": "\u6211\u8d85\u559c\u6b61\u660e\u8ed2"
        },
        {
            "reply_id": "UgxWCH3ip_SxCWPpHit4AaABAg",
            "reply_content": "\u4e0d\u7537\u4e0d\u5973\u7684"
        },
        {
            "reply_id": "UgxYt1VyqACA4DjZ1yJ4AaABAg",
            "reply_content": "\u58bb\u5167\u7684\u6211\u548c\u8ed2\u8ed2\u4e00\u6a23\uff0c\u90fd\u611b\u559d\u62b9\u8336\u62ff\u63d0\ud83d\ude02"
        },
        {
            "reply_id": "Ugy8owSDv6lWF6Afo3h4AaABAg",
            "reply_content": "\u65c5\u9928\u53eb\u751a\u9ebc\u554a\uff1f"
        },
        {
            "reply_id": "UgwndG_6AZOunAPBx154AaABAg",
            "reply_content": "\u4f60\u8aaa\u81fa\u8a9e\u771f\u597d\u807d"
        }
    ]
}