{
    "video_info": {
        "id": "a9-xKo3mrxM",
        "channelTitle": "\u937e\u660e\u8ed2",
        "title": "\u539f\u4f86\u6211\u6709\u7d93\u7d00\u4eba\uff01",
        "description": "\u5728\u81ea\u5df1\u81ea\u5351\u611f\u9084\u53ef\u5f9e\u5916\u89c0\u4e0a\u5bdf\u89ba\u51fa\u4f86\u6642\uff0c\u6211\u8a8d\u8b58\u4e86\u4ed6\u3002\n\n\u672c\u4f86\u53ef\u4ee5\u53ea\u662f\u670b\u53cb\u7684\uff0c\n\u4e5f\u672c\u4f86\u53ef\u4ee5\u53ea\u662f\u500b\u904e\u8def\u4eba\u3002\n\n\u4ed6\u653e\u68c4\u4e86\u539f\u672c\u7684\u6b63\u8077\uff0c\n\u8f49\u63db\u8dd1\u9053\u7d93\u71df\u4e00\u584a\u81ea\u5df1\u4f3c\u4e4e\u4e0d\u662f\u5f88\u5c08\u9577\u7684\u9818\u5730\u3002\n\u6bcf\u6b21\u804a\u5230\u9019\u985e\u8a71\u984c\u6216\u6211\u958b\u59cb\u5728\u81ea\u6211\u61f7\u7591\u6642\uff0c\u4ed6\u7e3d\u662f\u6703\u8aaa\n\uff1a\u300e\u6211\u4f9d\u7136\u89ba\u5f97\u937e\u660e\u8ed2\u53ef\u4ee5\u767c\u51fa\u4e0d\u4e00\u6a23\u7684\u5149\u3002\u300f\n\n\u8eab\u70ba\u937e\u660e\u8ed2\u672c\u4eba\uff0c\u6211\u771f\u7684\u4e0d\u77e5\u9053\u4ed6\u8aaa\u7684\u5149\u5230\u5e95\u662f\u4ec0\u9ebc\u5149\uff0c\n\u4f46\u56e0\u70ba\u4ed6\u7684\u773c\u795e\u662f\u975e\u5e38\u8a8d\u771f\u7684\u5728\u8aaa\u9019\u4e9b\u70cf\u6258\u90a6\u5f0f\u8a9e\u8a00\uff0c\n\u6211\u78ba\u5be6\u88ab\u8ff7\u4f4f\u3002\u6211\u4e5f\u6e05\u695a\u77e5\u9053\u81ea\u5df1\u975e\u5e38\u9700\u8981\u9019\u7a2e\u6c92\u6709\u7b54\u6848\u7684\u7b54\u6848\uff0c\n\u7562\u7adf\u5c04\u624b\u5ea7\u561b\uff0c\u5982\u679c\u6709\u4e00\u7a2e\u7b54\u6848\u662f\u6211\u53ef\u4ee5\u99ac\u4e0a\u611f\u89ba\u5230\u6216\u60f3\u50cf\u5230\u7684\uff0c\n\u4e00\u53e5\u8a71\uff01\uff01\uff01\n\u771f\u7684\u6c92\u8208\u8da3\u3002\n\n\u5982\u4eca\u4ed633\u6b72\u8cb7\u4e86\u5c6c\u65bc\u81ea\u5df1\u7684\u623f\u5b50\uff0c\n\u8eab\u70ba\u4ed6\u7684\u670b\u53cb\u6211\u975e\u5e38\u958b\u5fc3\u53ef\u4ee5\u7d00\u9304\u4ed6\u6b64\u523b\u4eba\u751f\u7684\u6210\u679c\uff0c\n\u96d6\u7136\u6211\u4e0d\u6e05\u695a\u4ed6\u7684\u7ae5\u5e74\u906d\u9047\u6709\u591a\u5614\u5fc3\u701d\u8840\u3001\n\u4e5f\u4e0d\u6e05\u695a\u4ed6\u7684\u5bb6\u4eba\u662f\u5982\u4f55\u89c0\u770b\u300e\u4ed6\u300f\u9019\u500b\u4eba\u3002\n\n\u6211\u4f9d\u7136\u53ea\u76f8\u4fe1\u6211\u770b\u5230\u7684\uff0c\u4e5f\u628a\u300e\u53ea\u807d\u6545\u4e8b\u8a8d\u8b58\u4eba\u300f\u7684\u6280\u80fd\u6536\u4e86\u8d77\u4f86\u3002\n\u6211\u53ea\u77e5\u9053\u6211\u5011\u5728\u5f7c\u6b64\u7684\u4eba\u751f\u9053\u8def\u4e0a\uff0c\u78ba\u5be6\u64c1\u6709\u4e86\u5f7c\u6b64\u3002",
        "likeCount": "20515",
        "commentCount": "956",
        "viewCount": "519706"
    },
    "comments": [
        {
            "reply_id": "UgxdJ3VKRcTTbJfkxIZ4AaABAg",
            "reply_content": "\u7d93\u7d00\u4eba\u4e5f\u592a\u611b\u660e\u8ed2\u4e86\ud83c\udf89"
        },
        {
            "reply_id": "UgziMSKeGN4bu6GYeud4AaABAg",
            "reply_content": "\u4f46\u9858\u9019\u500b\u7d93\u7d00\u4eba\u4e0d\u8981\u88ab\u570b\u969b\u611b\u6ecb\u6bd2\u7532\u8ed2\u611f\u67d3\u611b\u6ecb"
        },
        {
            "reply_id": "UgyChUA7OT1U7GgZ6ep4AaABAg",
            "reply_content": "\u8877\u5fc3\u606d\u559c\u4f60\u4eba\u751f\u6709\u9019\u6a23\u7684\u4e00\u500b\u4f2f\u6a02"
        },
        {
            "reply_id": "Ugxz0eyPqxKjg3i_aOd4AaABAg",
            "reply_content": "\u4f1a\u53d1\u5149\u7684\u91d1\u5b50\u4e0d\u7ba1\u57cb\u5f97\u591a\u6df1\u90fd\u80fd\u88ab\u53d1\u73b0\u7684\u3002"
        },
        {
            "reply_id": "Ugwbtgf0KllzHwIQXTZ4AaABAg",
            "reply_content": "\u5343\u91cc\u99ac\u9700\u4f2f\u6a02\uff0c\u4f2f\u6a02\u9700\u5343\u91cc\u99ac"
        },
        {
            "reply_id": "Ugympjw8cqurWHnd6P94AaABAg",
            "reply_content": "\u7d93\u7d00\u4eba\u5f88\u8b9a\ud83d\ude0e \u597d\u83dc\u554a"
        },
        {
            "reply_id": "UgyrSrEJiUWGFrh2KG54AaABAg",
            "reply_content": "\u5f88\u611f\u52d5\uff0c\u8b1d\u8b1d\u4f60\u7684\u7d93\u7d00\u4eba\u800c\u6709\u4e86\u66f4\u597d\u7684\u4f60\ud83d\udc4d"
        },
        {
            "reply_id": "Ugw0HaPJMIuNZ1UfdHx4AaABAg",
            "reply_content": "\u4ed6\u623f\u88e1\u6240\u6709\u7684\u6771\u897f\u52a0\u8d77\u4f86\u80af\u5b9a\u6bd4\u623f\u5b50\u672c\u8eab\u9084\u8cb4..."
        },
        {
            "reply_id": "Ugy9yo2brvpKaw-ztL14AaABAg",
            "reply_content": "\u660e\u8ed2\u9019\u6a23\u5f88\u53ef\u611b\u5f88\u6f02\u4eae"
        },
        {
            "reply_id": "UgyK3yRkdN9BdSHq5Bl4AaABAg",
            "reply_content": "\u771f\u7684\u6211\u4e5f\u5f88\u559c\u6b61\u4ed6"
        },
        {
            "reply_id": "UgwzI96iIvFqaArkIYN4AaABAg",
            "reply_content": "\u9019\u96c6\u5f88\u68d2\u8036\uff0c \u7136\u5f8c\u7d93\u7d00\u4eba \u5f88\u597d\u770b\u7684\u611f\u89ba\u5594\u3002"
        },
        {
            "reply_id": "UgxS_6PldUQvDw3wOXp4AaABAg",
            "reply_content": "\u9418\u660e\u8ed2\u7684\u8863\u670d\u5f88\u597d\u770bo\ud83e\udd29"
        },
        {
            "reply_id": "Ugwrc2Qa4kDHztEsLBl4AaABAg",
            "reply_content": "\u559c\u6b22\u5b89\u5ba4\u5948\u7f8e\u60e0\u7684\u90fd\u4e0d\u4f1a\u5dee\u52b2"
        },
        {
            "reply_id": "Ugzm3gou0ys1IvZzmAR4AaABAg",
            "reply_content": "\u8b1d\u8b1dBruce\u7d93\u7d00\u4eba\u7684\u6167\u773c\u7368\u5177\uff0c\u8b93\u7c89\u7d72\u53ef\u4ee5\u770b\u5230\u660e\u8ed2\u9019\u9ebd\u591a\u7684\u9762\u9805\u3002\n\u6211\u7279\u611b\u524d\u9762\u958b\u982d\u5169\u4eba\u7684\u76f8\u8b58\u904e\u7a0b\uff0c\u70ba\u4e86\u91cd\u6eab\u518d\u56de\u4f86\u770b\u4e00\u6b21\uff0c\u8b1d\u8b1d\u8b1d\u8b1d\ud83d\ude4f\ud83c\udffb\n\u671f\u5f85\u660e\u8ed2\u672a\u4f86\u7684\u767c\u5c55\uff0c\u6703\u6301\u7e8c\u652f\u6301\u4ed6\u7684"
        },
        {
            "reply_id": "UgwZydNDxu1gW5UEORR4AaABAg",
            "reply_content": "\u7d93\u7d00\u4eba\u5f88\u512a\uff01\u96d6\u7136\u4ed6\u770b\u8d77\u4f86\u5c31\u662f\u76f4\u7537\uff0c\u4f46\u4f60\u5011\u7684\u4e92\u52d5\u771f\u7684\u5f88\u68d2\uff0c\u4e5f\u611f\u8b1d\u4ed6\u7368\u7279\u7684\u773c\u5149\u6316\u6398\u4e86\u4f60\u3002"
        },
        {
            "reply_id": "UgzGM1tBYVX18EkgP2V4AaABAg",
            "reply_content": "\u6771\u6e2f\u93ae\u5357\u69ae\u570b\u4e2d\uff1f"
        },
        {
            "reply_id": "UgyDXKS9Yw1HVBWXogV4AaABAg",
            "reply_content": "\u9aee\u578b\u597d\u770b\uff01"
        },
        {
            "reply_id": "UgwooZUfRDY8MPe33RJ4AaABAg",
            "reply_content": "\u6211\u4e5f\u662f\u5c04\u624b\u5ea7\u7684\uff0c\u96e3\u602a\u611b\u81ea\u7531"
        },
        {
            "reply_id": "UgyOFilzHl4AO5lZC0F4AaABAg",
            "reply_content": "\u4eca\u5929\u7684\u9aee\u578b\u5f88\u6f02\u4eae\uff0c\u5f88\u9069\u5408\u59b3\u6b38\uff0c\u59b3\u771f\u7684\u5f88\u53ef\u611b\u2764"
        },
        {
            "reply_id": "UgzF8QJmJjT1RncAEpJ4AaABAg",
            "reply_content": "\u7d93\u7d00\u4eba\u975e\u5e38\u5e25"
        }
    ]
}