{
    "video_info": {
        "id": "bQ4dIhBcBuY",
        "channelTitle": "\u937e\u660e\u8ed2",
        "title": "\u642c\u5bb6\u524d\u4f86\u9760\u5317\u5ee0\u5546\uff01",
        "description": "\u4eca\u5929\u670d\u88dd\u98a8\u683c\u8d70\u7684\u662f\uff08\u4e00\u7fa4\u53f0\u7063\u8001\u9f20\u5c4e\u5bb3\u4e86\u4e00\u934b\u597d\u7ca5\u7684\u6982\u5ff5\uff09\n\n\u8fd1\u671f\u56e0\u70ba\u9019\u9593\u4f4f2\u5e74\u7684\u5bb6\u79df\u7d04\u8981\u5230\u671f \n\u6240\u4ee5\u958b\u59cb\u627e\u65b0\u7684\u843d\u8173\u8655\n\n\u800c\u5728\u642c\u5bb6\u904e\u7a0b\u4e2d \n\u610f\u5916\u7ffb\u5230\u4e86\u66fe\u7d93\u8cb7\u904e\u5f88\u721b\u7684\u4f46\u9084\u6c92\u516c\u8af8\u65bc\u4e16\u7684\u5546\u54c1\n\n\u4e8c\u8a71\u4e0d\u8aaa \u76f4\u63a5\u4f86\u4ee5\u4e00\u500b\u7a7a\u5c4b\u7684\u5f62\u5f0f\u628a\u9760\u5317\u5ee0\u5546\u7cfb\u5217\u62cd\u8d77\u4f86\n\nAnd\u5c0f\u900f\u9732\u4e00\u4e0b \u6211\u73fe\u5728\u5df2\u6b63\u5f0f\u5165\u4f4f\u6211\u7684\u65b0\u5bb6\n\u6211\u81ea\u5df1\u8ddfcharming\u90fd\u975e\u5e38\u559c\u6b61\u9019\u88e1\n\n\u4e0b\u652f\u5f71\u7247\u65b0\u5bb6\u898b",
        "likeCount": "17338",
        "commentCount": "1118",
        "viewCount": "569106"
    },
    "comments": [
        {
            "reply_id": "Ugzc1mZBNikoyDC63QV4AaABAg",
            "reply_content": "\u5927\u5bb6\u6700\u8fd1\u904e\u5f97\u9084\u597d\u55ce\uff1f"
        },
        {
            "reply_id": "UgzcNXDpiNVwR6dBl8F4AaABAg",
            "reply_content": "\u96d6\u7136\u660e\u8ed2\u559c\u6b61\u4eba\u5bb6\u8aaa\u4ed6\u6f02\u4eae\uff0c\u4f46\u662f\u6211\u89ba\u5f97\u4ed6\u9019\u96c6\u7a7f\u767d\u8272\u897f\u88dd\u5f88\u5e25\uff01\ud83d\ude0a"
        },
        {
            "reply_id": "Ugzr6bvV2TcMuEO6AdN4AaABAg",
            "reply_content": "\u660e\u8f69\u6211\u5f88\u559c\u6b61\u4f60\u7684\u983b\u9053\u3002"
        },
        {
            "reply_id": "UgxG0Nh3satqQMby0KJ4AaABAg",
            "reply_content": "\u660e\u8f69\u6709\u53d1\u65b0\u5bb6\u7684\u5f71\u7247\u5417\uff1f"
        },
        {
            "reply_id": "UgwjcvPduhU-YlVw50F4AaABAg",
            "reply_content": "\u85cd\u85cd\u9b5a\u771f\u7684\u8d85\u96e3\u7528\u7684"
        },
        {
            "reply_id": "UgxVRqLZHPHI-GoEdtF4AaABAg",
            "reply_content": "\u975e\u5e38\u559c\u6b61\u9019\u6a23\u7684\u6253\u626e\u642d\u914d\uff01"
        },
        {
            "reply_id": "UgxQjBt0Jcl_0qj5fOx4AaABAg",
            "reply_content": "\u90a3\u689d\u9b5a\u6211\u4e5f\u6709\u8cb7\uff0c\u771f\u7684\u4e0d\u884c:(  \u7136\u5f8c\u6211\u5bb6\u7684\u99ac\u6876\u6c34\u7bb1\u6839\u672c\u639b\u4e0d\u4e0a\u53bb\uff0c\u4ed6\u6703\u6574\u96bb\u6389\u5230\u6c34\u7bb1\u88e1\uff0c\u7136\u5f8c\u6211\u4e0a\u6b21\u628a\u6253\u958b\u6b63\u8981\u62ff\u53bb\u5012\u5728\u6c34\u7bb1\u7684\u6642\u5019\uff0c\u4ed6\u76f4\u63a5\u6ef4\u51fa\u4f86\u5f04\u5230\u6211\u7684\u5730\u6bef\uff0c\u76f4\u63a5\u6d17\u4e0d\u6389GG"
        },
        {
            "reply_id": "Ugxiqf6b6b2SDhJI1td4AaABAg",
            "reply_content": "\u4f60\u662f\u6700\u597d\u7684"
        },
        {
            "reply_id": "UgzHqogUh4mffzyYgEV4AaABAg",
            "reply_content": "\u91d1\u9b5a\u7684\u90a3\u500b\u6211\u7238\u6709\u8cb7\n\u7528\u5b8c\u5f8c\u5c31\u6c92\u5728\u770b\u5230\u4e86\ud83d\ude02"
        },
        {
            "reply_id": "Ugyhcv0izU3IJNQIPRl4AaABAg",
            "reply_content": "\u771f\u7684\u8036\uff0c\u6211\u4e5f\u8cb7\u904e\u9b5a\u6e05\u6f54\u5291\uff0c\u6211\u7684\u5730\u677f\u90fd\u85cd\u85cd\u7684\u4e0d\u8212\u670d"
        },
        {
            "reply_id": "UgwwlVHGfOtR7dRt7u54AaABAg",
            "reply_content": "\u4f60\u8981\u52a0\u6cb9\u7684\u8072\u8abf\u771f\u7684\u5f88\u68d2\u5f88\u5634\ud83d\ude02"
        },
        {
            "reply_id": "UgxS3MP0XYA8k2CLWRR4AaABAg",
            "reply_content": "\u6700\u9069\u5408\u7a7f\u9019\u5957"
        },
        {
            "reply_id": "Ugws6X0YsrhKjRQ--ox4AaABAg",
            "reply_content": "\u6211\u662f\u6765\u81ea\u5927\u9646\u7684\u7c89\u4e1d\uff0c\u867d\u7136\u6211\u4eec\u653f\u6cbb\u7acb\u573a\u4e0d\u540c\uff0c\u4f46\u662f\u8fd9\u4e5f\u963b\u6321\u4e0d\u4e86\u6211\u6210\u4e3a\u4f60\u7684\u7c89\u4e1d\uff0c\u8bf7\u4e0d\u8981\u5728\u610f\u522b\u4eba\u7684\u770b\u6cd5\u505a\u4f60\u81ea\u5df1\u5c31\u5f88\u7f8e"
        },
        {
            "reply_id": "Ugwcpy4IFB0O1AD6MLd4AaABAg",
            "reply_content": "\u70ba\u4ec0\u9ebc\u90a3\u500b\u88ab\u8a2d\u8a08\u7684\u5f88\u597d\u770b\u7684\u967d\u53f0\u4e0d\u898b\u5566\ud83d\ude2d\u597d\u53ef\u60dc"
        },
        {
            "reply_id": "Ugzp-VekHLiupRv54k94AaABAg",
            "reply_content": "\u5947\u602a\uff0c\u9019\u500b\u5996\u5b7d\u600e\u9ebc\u6700\u8fd1\u4e0d\u8aaa\u4e2d\u570b\u5927\u9678\u7684\u58de\u8a71\u4e86\uff1f\u96e3\u9053\u662f\u4e0d\u60f3\u8ddf\u6ce2\u7279\u738b\u7af6\u722d\uff1f"
        },
        {
            "reply_id": "Ugwe-5eATtBzz8ydKe14AaABAg",
            "reply_content": "FB\u90a3\u7a2e\u514d\u6d17\u5ee3\u544a\u6211\u90fd\u4e0d\u6562\u8cb7"
        },
        {
            "reply_id": "UgygVsncBUZcDUfRlfN4AaABAg",
            "reply_content": "\u7406\u80a4\u6cc9\u5f88\u597d\u7528\u5440"
        },
        {
            "reply_id": "UgzeonGY7DICRHJv4st4AaABAg",
            "reply_content": "\u7b2c\u4e8c\u652f\u7522\u54c1\u5ee3\u544a\u771f\u7684\u6253\u5f88\u5147\uff01\n\u770b\u5230\u5dee\u9ede\u4e0b\u55ae\n\u770b\u5230\u9019\u500b\u5f71\u7247\u76f4\u63a5\u6ec5\u706b\ud83e\udd23\n\u7136\u5f8c\u9019\u500b\u5bb6\u771f\u7684\u597d\u7f8e \u6709\u8cea\u611f"
        },
        {
            "reply_id": "Ugwr9DYh__Wp_R-LPi94AaABAg",
            "reply_content": "\u5f88\u597d\u770b \u9aee\u8272\u4e00\u5b9a\u5f88\u96e3\u7dad\u6301"
        },
        {
            "reply_id": "UgzVgyk_R6TXAEBw2kh4AaABAg",
            "reply_content": "\uff1a\u6709\u81ea\u4fe1\u6a02\u89c0\u6eff\u6eff\u4f60\u5f88\u68d2\u3002"
        }
    ]
}