{
    "video_info": {
        "id": "c_5vPjRo3NA",
        "channelTitle": "\u937e\u660e\u8ed2",
        "title": "\u5370\u5ea6\u9047\u5230\u8d85\u778e\u5c0e\u904a\uff01",
        "description": "\u5728\u5370\u5ea6\u7528\u4e86\u7834\u82f1\u6587 \u5c31\u9019\u6a23\u5c0f\u6587\u5316\u885d\u64ca\u5ea6\u904e\u4e86\u7b2c\u4e8c\u5929\n\u6700\u559c\u6b61\u5370\u5ea6\u4eba\u7684\u7d14\u6a38 \u770b\u4e0a\u53bb\u662f\u4e00\u7a2e\u55ae\u7d14\u7684\u7f8e\n\u662f\u90a3\u7a2e\u4e0d\u592a\u6e05\u695a\u5176\u4ed6\u570b\u5bb6\u5728\u5e79\u561b \u53ea\u5c08\u6ce8\u65bc\u81ea\u8eab\u7576\u4e0b\u7684\u4e8b\u7269\n\u4e0d\u7ba1\u662f\u770b\u5230\u6771\u65b9\u4eba\u7684\u53cd\u61c9\u3001\u7c21\u55ae\u7684\u5728\u8def\u4e0a\u5403\u3001\u8d95\u706b\u8eca...\n\u5fb9\u5fb9\u5e95\u5e95\u6eff\u8db3\u4e86\u6211\u559c\u6b61\u89c0\u770b\u4eba\u985e\u884c\u70ba\u7684\u617e\u671b\n\n\u78ba\u5be6\u662f\u5982\u540c\u5927\u5bb6\u8aaa\u7684 \u5370\u5ea6\u8ddf\u6211\u6c34\u571f\u4e0d\u670d\n\u53ef\u8b1d\u8b1d\u9019\u6a23\u7684\u6c34\u571f\u4e0d\u670d\n\u6703\u8b93\u6211\u66f4\u52a0\u73cd\u60dc\u6211\u5728\u53f0\u7063\u7684\u4e00\u5207\n\u6487\u9664\u778e\u5c0e\u904a\n\n\u5370\u5ea6\u7d55\u5c0d\u662f\u500b\u4eba\u751f\u5fc5\u4f86\u7684\u570b\u5bb6\u4e4b\u4e00",
        "likeCount": "16370",
        "commentCount": "814",
        "viewCount": "544950"
    },
    "comments": [
        {
            "reply_id": "UgzDxKZsm1JjDPKMjTt4AaABAg",
            "reply_content": "\u4f60\u53bb\u90a3\u908a\u6709\u6c92\u6709\u62c9\u809a\u5b50\uff0c\u4ed6\u5011\u7684\u6c11\u751f\u7528\u6c34\u90fd\u5f88\u5641\u5fc3\uff0c\u807d\u8aaa\u6046\u6cb3\u9084\u6709\u6c11\u9593\u751f\u6d3b\u7528\u6c34\u7684\u6de8\u5316\u54c1\u8cea\u90fd\u5f88\u7cdf\u7cd5\n\u90a3\u8a72\u6b7b\u7684\u6309\u5587\u53ed\u65b9\u5f0f\u5728\u53f0\u7063\u61c9\u8a72\u88ab\u6253\u4e86"
        },
        {
            "reply_id": "UgyTOBF-apP7sbNUpQx4AaABAg",
            "reply_content": "\u5f8c\u9762\u7684\u756b\u9762 \u642d\u914d\u97f3\u6a02 \u6709\u7a2e\u611f\u52d5"
        },
        {
            "reply_id": "UgySgBbJo1-Ml4qvfbh4AaABAg",
            "reply_content": "\u54c8\u54c8\u54c8\u90a3\u500b\u5c0e\u904a"
        },
        {
            "reply_id": "Ugwm0e15XFutZwW6TEl4AaABAg",
            "reply_content": "\u4e3a\u4ec0\u4e48\u4f60\u6765\u5370\u5ea6\u53ea\u9009\u62e9\u8fd9\u4e9b\u5730\u65b9\uff1f"
        },
        {
            "reply_id": "Ugx_6LrFBPLyG5T_9NV4AaABAg",
            "reply_content": "\u5c0e\u904a\u81c9\u8d85\u53ad\u4e16\ud83d\ude02"
        },
        {
            "reply_id": "UgzcECqoxgmFlKcNOSx4AaABAg",
            "reply_content": "\u4e2d\u9593\u90a3\u4e00\u6bb5 \u4e5f\u653e\u592a\u591a\u6d0b\u8525\u4e86\u5427~\u56e0\u70ba\u6211\u5012\u8457\u770b \u5c31\u662f\u4e00\u500b\u8ddf\u8457\u6f14\u7b97\u6cd5\u8d70\u7684\u6982\u5ff5 \u4f46\u662f\u6bcf\u4e00\u6b21\u770b\u8457\u4e00\u500b\u4eba\u51fa\u570b\u65c5\u904a\u7cfb\u5217 \u90fd\u8b93\u6211\u6df1\u523b\u9ad4\u6703 \u5c31\u662f\u7528\u8a00\u8a9e\u7121\u6cd5\u5f62\u5bb9\u7684\u90a3\u7a2e\u9ad4\u6703! \u4e00\u767e\u842c\u53e5\u8a71\u6fc3\u7e2e3\u500b\u5b57:\u8b1d\u8b1d\u4f60 TAT"
        },
        {
            "reply_id": "UgzMu3Ar-qqfKJGhq1t4AaABAg",
            "reply_content": "\u8b1d\u8b1d\u9418\u660e\u8ed2..\u8b1d\u8b1d\u4f60\u62cd\u9019\u9ebc\u597d\u7684\u5f71\u7247..\u660e\u660e\u8ddf\u5176\u4ed6yt\u4e00\u6a23\u90fd\u662f\u65c5\u904a\u5f71\u7247\uff0c\u4e0d\u77e5\u9053\u70ba\u4ec0\u9ebc\u770b\u4f60\u7684\u5f71\u7247\u6703\u6709\u9ede\u611f\u6027\u60f3\u54ed..\u5e0c\u671b\u54ea\u5929\u6211\u4e5f\u80fd\u9f13\u8d77\u52c7\u6c23\u53bb\u4efb\u4f55\u6211\u60f3\u53bb\u7684\u5730\u65b9\uff01"
        },
        {
            "reply_id": "Ugyz_Lf3E03ghn_HKDJ4AaABAg",
            "reply_content": "\u5c0e\u904a\u61c9\u8a72\u6709\u8cb7\u932b\u862d\u7684\u6703\u54e1\u8d85\u7d1a\u81ea\u6211"
        },
        {
            "reply_id": "Ugx7XxRVpLnOiIzHd0R4AaABAg",
            "reply_content": "\u4f60\u53ef\u4ee5\u6765\u7f05\u7538\u6211\u63a5\u5f85\u4f60"
        },
        {
            "reply_id": "UgwU7octTBjO9NylI614AaABAg",
            "reply_content": "\u98af\u53c8\u7f8e"
        },
        {
            "reply_id": "UgxRAUeSIGhkrHkMOLF4AaABAg",
            "reply_content": "\u8d70\u5230\u54ea\u597d\u50cf\u90fd\u662f\u7537\u751f\uff0c\u90fd\u6c92\u5e7e\u500b\u5973\u751f\u8d70\u5728\u8def\u4e0a\u7684\u611f\u89ba\uff0c\u597d\u795e\u5947\u3002"
        },
        {
            "reply_id": "Ugz0d_jE0EGid9jQcHl4AaABAg",
            "reply_content": "\u5f88\u60f3\u8ddf\u660e\u8ed2\u4e00\u8d77\u53bb\u5225\u7684\u570b\u5bb6\u6b38\ud83e\udd79\ud83d\ude0d"
        },
        {
            "reply_id": "UgwxV-b6eA2dUz2MR4J4AaABAg",
            "reply_content": "\u570b\u969b\u7f8e\u4eba\u62cd\u651d\u7684\u93e1\u982d\u90fd\u5f88\u7f8e"
        },
        {
            "reply_id": "Ugwk6B9mjVNvQQdyftF4AaABAg",
            "reply_content": "\u6211\u8981\u760b\u6389 \u5370\u5ea6\u6309\u5587\u53ed\u771f\u7684\u662f\u4e0d\u7528\u9322\u6b38\n\u660e\u8ed2\u8d70\u5728\u8def\u4e0a\u771f\u7684\u5c31\u662f\u4e00\u76f4\u51fa\u73fe\u5587\u53ed\u7684\u8072\u97f3\u8d85\u5435\ud83d\ude0a\n\u660e\u8ed2\u9047\u5230\u7684\u5916\u570b\u670b\u53cb\u597d\u53ef\u611b \u90a3\u500b\u52a0\u62ff\u5927\u7684\u611f\u89ba\u5f88\u597d\u76f8\u8655 \u7b11\u5bb9\u5f88\u53ef\u611b\n\u9084\u6709\u90a3\u500b\u5c0e\u904a\u771f\u7684\u7d66\u4eba\u7684\u611f\u89ba\u5f88\u5dee \u611f\u89ba\u5c31\u5f88\u505a\u505a\u6a23\u5b50\u6839\u672c\u4e0d\u60f3\u7406\u4f60\n\u600e\u9ebc\u53ef\u4ee5\u76f4\u63a5\u5c0e\u904a\u5c0e\u5230\u4e00\u534a\u76f4\u63a5\u8b93\u4f60\u8d70\u4e1f\u4e86 \u771f\u7684\u76f4\u63a5\u7d66\u4ed6\u516d\u661f\u597d\u8a55\n\u4f46\u8aaa\u6210\u9019\u6a23\u660e\u8ed2\u9084\u662f\u628a\u5370\u5ea6\u62cd\u7684\u5f88\u6f02\u4eae\uff01\uff01\uff01\n\u9084\u6709\u6709\u6642\u5019\u771f\u7684\u4e0d\u8981\u53ea\u56e0\u7247\u9762\u7684\u6d88\u606f\u53bb\u76f8\u4fe1\u4e00\u4ef6\u4e8b\u60c5\n\u8a31\u591a\u4e8b\u60c5\u9084\u662f\u300c\u773c\u898b\u70ba\u6191\u300d\u624d\u662f\u6700\u6709\u8aaa\u670d\u529b\u7684\uff01\n\u660e\u8ed2\u5f88\u68d2 \u771f\u7684\u5f88\u52c7\u6562 \u4e00\u500b\u4eba\u8aaa\u8d70\u5c31\u8d70\u53bb\u4eba\u751f\u7684\u4e0d\u719f\u7684\u5370\u5ea6\n\u6cc1\u4e14\u819a\u8272\u4e5f\u4e0d\u4e00\u6a23\u771f\u7684\u6574\u500b\u5f71\u7247\u90fd\u5728\u88ab\u770b \n\u597d\u96aa\u660e\u8ed2\u6c92\u6709\u80cc\u540d\u724c\u5305 \u4e0d\u7136\u771f\u7684\u5f88\u53ef\u6015"
        },
        {
            "reply_id": "Ugxj3pV_oiqYJWGOgoB4AaABAg",
            "reply_content": "\u6211\u771f\u7684\u4e0d\u6562\u53bb"
        },
        {
            "reply_id": "UgzbDAQb0pbfMtcz8ax4AaABAg",
            "reply_content": "\u5c0e\u904a\u76f4\u63a5\u4e1f\u5305,\u9084\u662f\u4e0d\u559c\u6b61\u5370\u5ea6,\u53ef\u80fd\u56e0\u70ba\u4f60\u662f\u7537\u751f\u5427\u5370\u5ea6\u5c0d\u5973\u6027\u592a\u4e0d\u53cb\u597d"
        },
        {
            "reply_id": "UgykT-AtIvbICMHwgUx4AaABAg",
            "reply_content": "\u70ba\u4ec0\u9ebc\u5370\u5ea6\u8def\u4e0a\u90fd\u5587\u53ed\u8072"
        },
        {
            "reply_id": "UgwE_IFtMcP8COyqz1l4AaABAg",
            "reply_content": "\u8def\u4e0a\u90fd\u7537\u751f\u8036"
        },
        {
            "reply_id": "Ugxp_HoK_LrlRxHlEqZ4AaABAg",
            "reply_content": "\u5468\u56f4\u90fd\u662f\u7537\u4eba\uff0c\u6ca1\u6709\u5973\u4eba\uff0c\u4f60\u8fd9\u4e48\u6f02\u4eae\uff0c\u522b\u4eba\u90fd\u8981\u5077\u7784\u4f60\u3002\u2764"
        },
        {
            "reply_id": "UgwmFQLBI5tJr8q_5Od4AaABAg",
            "reply_content": "\u60a8\u597d\uff0c\u6211\u662f\u5e74\u4ee3\u65b0\u805e/\u58f9\u96fb\u8996\u7684\u8a18\u8005 \u5f35\u5c0f\u5a9b\uff0c\u6211\u5011\u5728\u505a\u5370\u5ea6\u76f8\u95dc\u65b0\u805e\uff0c\u662f\u5426\u80fd\u5f15\u7528\u60a8\u7684\u5f71\u7247\uff0c\u6703\u5728\u756b\u9762\u4e2d\u6a19\u8a3b\u4f86\u6e90\uff0c\u8b1d\u8b1d\u60a8!"
        }
    ]
}