{
    "video_info": {
        "id": "cJ0CtJOvJLY",
        "channelTitle": "\u937e\u660e\u8ed2",
        "title": "\u4e00\u767e\u842c\u8a02\u95b1Q&A\uff01",
        "description": "\u4e00\u500b\u88ab\u591a\u6578\u611a\u773e\u96c6\u7d50\u800c\u6210\u7684\u793e\u6703\uff0c\n\u80fd\u64c1\u6709\u61c2\u6211\u7f8e\u9e97\u4e4b\u8655\u7684\u7406\u89e3\u529b\uff0c\n\u6211\u53ea\u80fd\u8aaa\u8072..\u597d\u5566\u8b1d\u8b1d\u3002\n\u8b1d\u8b1d\u4f60\u7684\u85dd\u8853\u6db5\u990a\uff0c\n\u8b1d\u8b1d\u4f60\u7684\u7406\u89e3\u80fd\u529b\uff0c\n\u8b1d\u8b1d\u4f60\u7684\u7121\u6cd5\u89e3\u91cb\uff0c\n\nThanks",
        "likeCount": "59712",
        "commentCount": "3250",
        "viewCount": "1303688"
    },
    "comments": [
        {
            "reply_id": "UgzAVeeovNxELFyzrZt4AaABAg",
            "reply_content": "\u5c0f\u5fc3\u5728\u5bb6\u4e0d\u8981\u4e82\u5b78\u8f49\u982d\u90a3\u62db\uff0c\n\u90a3\u5176\u5be6\u633a\u96e3\u7684\ud83d\ude05"
        },
        {
            "reply_id": "UgwiuqYuUQMxtrb0UBV4AaABAg",
            "reply_content": "\u660e\u8ed2\u8b1b\u7684\u8d85\u6709\u9053\u7406"
        },
        {
            "reply_id": "UgwvkP4rZPxwcppcBGp4AaABAg",
            "reply_content": "\u56de\u982d\u770b\u660e\u8ed2\u7684\u767e\u842c\u8a02\u95b1\u5f71\u7247\uff0c\u9084\u662f\u5f88\u8b9a\ud83d\udc4d"
        },
        {
            "reply_id": "UgyapVsBAVF2SmdPzXN4AaABAg",
            "reply_content": "\u601d\u60f3\u5176\u5b9e\u662f\u53ef\u4ee5\u88ab\u9650\u5236\u7684"
        },
        {
            "reply_id": "UgzNg6QcxOnlVSphP7d4AaABAg",
            "reply_content": "\u59b3\u53ef\u4ee5"
        },
        {
            "reply_id": "UgzhS0TZ_CrYUPc24Wl4AaABAg",
            "reply_content": "\u59b3\u53ef\u4ee5\u5927"
        },
        {
            "reply_id": "UgxXitMziwutqQnslsh4AaABAg",
            "reply_content": "\u4f60\u53ef\u4ee5\u5927"
        },
        {
            "reply_id": "UgxwkkcaNtrYEutGQEx4AaABAg",
            "reply_content": "\u7238\u7238"
        },
        {
            "reply_id": "UgxEn-RaHTp8hvVDpH14AaABAg",
            "reply_content": "\u6211\u60f3\u5b78\u7fd2\u660e\u8ed2\u7684\u4e00\u4e9b\u50f9\u503c\u89c0\uff5e\n\u8b93\u81ea\u5df1\u4e0d\u4e00\u6a23\ud83d\ude04"
        },
        {
            "reply_id": "Ugz10NPdK1hPqZj-FOx4AaABAg",
            "reply_content": "\u975e\u5e38\u9858\u610f\u8ddf\u4f60\u5728\u4e00\u8d77\u2764"
        },
        {
            "reply_id": "UgwqPf3IOuC937MmqUR4AaABAg",
            "reply_content": "\u53f0\u7063\u7684\u672a\u4f86\u9760\u4f60\u4e86\uff0c\u4f60\u6700\u53b2\u5bb3"
        },
        {
            "reply_id": "UgwUglb-9FO_tD7OSEF4AaABAg",
            "reply_content": "\u59b3\u771f\u7684\u5f88\u53ef\u611b...\u601d\u60f3.\u7f8e\u9e97\u4fcf\u76ae\u7684\u80a2\u9ad4\u8a9e\u8a00...\u6240\u6709\u7684\u4e00\u5207\n\u795e\u5947\u7684\u5b87\u5b99\u5728\u5730\u7403\u5448\u73fe\u51fa\u8207\u773e\u4e0d\u540c\u7684\u9748\u6027\u751f\u547d\u529b"
        },
        {
            "reply_id": "UgxkQg5BSkyLnfMzWbJ4AaABAg",
            "reply_content": "\u53f0\u7063\u4e00\u6d41\u5de8\u661f\uff01"
        },
        {
            "reply_id": "Ugz1pv_cMZgSZBwgIPh4AaABAg",
            "reply_content": "\u8aaa\u4e00\u4e0b\u5594\uff0c\u5be6\u969b\u4e0a\u5927\u9678\u4eba\u662f\u6b61\u8fce\u53f0\u7063\u4eba\u6c11\u7684\u5230\u4f86\u7684\uff0c\u4e0d\u7ba1\u4eba\u9577\u5f97\u5982\u4f55\uff0c\u8b8a\u5f62\u4eba\u4e5f\u597d\uff0c\u919c\u964b\u7f8e\u9e97\u4e5f\u597d\uff0c\u5927\u9678\u96a8\u6642\u90fd\u6703\u6b61\u8fce\u4f60\uff08\u6c92\u6709\u60e1\u610f\uff09"
        },
        {
            "reply_id": "UgxeaAHTce2STV2Us554AaABAg",
            "reply_content": "\u660e\u8ed2\u8aaa\u7684\u5f88\u5c0d\uff0c\u70ba\u4ec0\u9ebc\u4e0d\u53ef\u4ee5\u559c\u6b61\u8ddf\u81ea\u5df1\u540c\u6027\u7684\u4eba\u5462\uff1f\u6709\u6642\u5019\u6027\u5225\u771f\u7684\u6703\u6846\u67b6\u4f4f\u611f\u60c5\uff0c\u4f46\u662f\u6211\u5011\u8981\u52aa\u529b\u6253\u7834\u9019\u7a2e\u898f\u77e9"
        },
        {
            "reply_id": "UgxATGrqgiuw6skI7y94AaABAg",
            "reply_content": "\u937e\u6c11\u8ed2\u8b1b\u8a71\u771f\u7684\u597d\u5feb"
        },
        {
            "reply_id": "UgztoXuMmCUVTVRtpqZ4AaABAg",
            "reply_content": "\u6211\u559c\u6b61\u4f60"
        },
        {
            "reply_id": "UgyJWVNL84arcC4cBHN4AaABAg",
            "reply_content": "\u771f\u5fc3\u5f00\u5fc3\u53f0\u6e7e\u6709\u8fd9\u4e48\u591a\u8fd9\u7c7b\u65cf\u7fa4\uff01\u7edf\u4e00\u4e0d\u4f1a\u8fdc\u4e86\uff01"
        },
        {
            "reply_id": "Ugw-u6CIcGjiEFy-tJ94AaABAg",
            "reply_content": "\u4f60\u5f88\u7f8e\u54e6"
        },
        {
            "reply_id": "Ugw4GoAenZ54iVgtyxZ4AaABAg",
            "reply_content": "\u60f3\u77e5\u9053\u95dc\u65bc\u660e\u8ed2\u53e3\u4e2d\u8aaa\u7684\u89ba\u9192\uff0c\u662f\u89c0\u770b\u54ea\u672c\u66f8\u7c4d\uff1f\uff1f\u6211\u4e5f\u597d\u60f3\u8981\u770b\uff01\uff01"
        }
    ]
}