{
    "video_info": {
        "id": "cMDVyyrbHM0",
        "channelTitle": "\u937e\u660e\u8ed2",
        "title": "\u73a9\u5f04\u81ea\u5df1\u7684\u8eab\u9ad4\uff01",
        "description": "\u4eca\u5929\u6f14\u7e79\u4e86\u5730\u7403\u4eba\u4fd7\u7a31\u7684\u4e09\u7a2e\u6027\u5225\u9032\u884c\u8eab\u9ad4\u5275\u4f5c\n\u5df2\u7d93\u4e00\u9663\u5b50\u6c92\u6709\u73a9\u5f04\u81ea\u5df1\u8eab\u9ad4\u7684\u6211\n\u5e0c\u671b\u4eca\u5929\u9019\u6a23\u7684\u9ad8\u8cea\u611f \n\u4e0d\u6703\u8b93\u672a\u4f86\u7684\u81ea\u5df1\u60f3\u8981\u91cd\u65b0\u5b9a\u7fa9\u5b83\n- - - \n\u800c\u56e0\u8fd1\u671f\u5be6\u5728\u6709\u592a\u591a\u4eba\u554f\u6211\u6709\u95dc\n\u300e\u53f0\u7063\u5982\u679c\u88ab\u7d71\u4e00\u4e86\u600e\u9ebc\u8fa6\uff1f\u300f\u9019\u985e\u554f\u984c\n\u6216\u662f\u5728\u642d\u8eca\u904e\u7a0b \u53cb\u4eba\u4e00\u770b\u5230\u5370\u6709\u4e2d\u570b\u5b57\u6a23\u7684\u62db\u724c\u5546\u5bb6\n\u5c31\u6703\u8aaa\u51fa\u975e\u5e38\u4e0d\u8ca0\u8cac\u4efb\u4e14\u4f4e\u8cea\u611f\u7684\u8a71\u8a9e\u51fa\u4f86\n\n\u6211\u5c31\u6c7a\u5b9a\u9019\u6b21\u4f86\u4f7f\u7528\u9019\u500b\u570b\u5bb6\u8ce6\u4e88\u6211\u7684\u8a00\u8ad6\u81ea\u7531\u9032\u884c\u5c0d\u8a71\uff01 \n\n\u524d\u63d0\n1. \u9019\u662f\u6211\u7684\u653f\u6cbb\u7acb\u5834\uff0c\u56e0\u70ba\u6211\u8a8d\u540c\u4e2d\u83ef\u6c11\u570b\u6e90\u81ea\u4e2d\u570b\u7684\u6587\u5316\uff0c\n\u6240\u4ee5\u89ba\u5f97\u83ef\u7368\u4e5f\u53ef\u4ee5\u3002\n\n2. \u9019\u662f\u500b\u653f\u6cbb\u9078\u64c7\uff0c\u5927\u5bb6\u53ef\u4ee5\u85c9\u7531\u81ea\u5df1\u5c0b\u627e\u8cc7\u6599\u4f86\u6c7a\u5b9a\u81ea\u5df1\u7684\u653f\u6cbb\u7acb\u5834\uff0c\u4f46\u8981\u70ba\u81ea\u5df1\u7684\u7acb\u5834\u8ca0\u8cac\u3002\n\nBy the way\n\u8eab\u70ba\u4e2d\u83ef\u6c11\u65cf\u6700\u6f02\u4eae\u7684\u5b58\u5728\n\u6211\u6703\u7e7c\u7e8c\u73a9\u5f04\u81ea\u5df1\u7684\u8089\u8eab\n\u7562\u7adf\u8eab\u9ad4\u90a3\u9ebc\u597d\u73a9 \u4f55\u6a02\u800c\u4e0d\u70ba\uff1f",
        "likeCount": "23037",
        "commentCount": "1807",
        "viewCount": "481863"
    },
    "comments": [
        {
            "reply_id": "UgxOEhFihmkWsaDkE_x4AaABAg",
            "reply_content": "\u6027\u5225\u7d66\u5730\u7403\u4eba\u5e36\u4f86\u7684\u56f0\u64fe\u662f\u4e0d\u505c\u5b58\u5728\u7684\uff0c\u56e0\u70ba\u4e9e\u7576\u4e5f\u5c31\u662f\u4eba\u985e\u7956\u5148\u6700\u958b\u59cb\u4e0d\u662f\u7537\u6027\u4e5f\u4e0d\u662f\u5973\u6027\uff0c\u76f4\u5230\u4ed6\u5403\u7981\u679c\u4ee5\u5f8c\u624d\u6210\u70ba\u6709\u6027\u5225\u7684\u751f\u547d\u9ad4\uff0c\u7c21\u55ae\u7684\u60f3\u662f\u5b83\u81f3\u5c11\u6210\u70ba\u4e86\u7537\u6027\uff0c\u590f\u5a03\u6210\u4e86\u5973\u6027\uff0c\u4f46\u975e\u5e38\u66f4\u53ef\u80fd\u7684\u60c5\u6cc1\u5c31\u662f\u4e9e\u7576\u548c\u590f\u5a03\u90fd\u6210\u4e86\u96d9\u6027\u4eba\u3002\u76f4\u5230\u5929\u4f7f\u4f86\u5730\u4e0a\u4ea4\u5408\uff0c\u5927\u6d2a\u6c34\u4ee5\u5f8c\uff0c\u5730\u7403\u4eba\u985e\u624d\u958b\u59cb\u6709\u66f4\u591a\u55ae\u6027\u5fb5\u7684\u751f\u547d\u9ad4\uff0c\u4f46\u662f\u76f4\u5230\u4eca\u5929\u96d9\u6027\u7279\u5fb5\u7684\u4eba\u90fd\u4e0d\u53ef\u80fd\u6d88\u5931\uff0c\u6027\u7279\u5fb5\u9019\u662f\u907a\u50b3\u800c\u4f86\u7684\uff0c\u662f\u539f\u7f6a\u3002"
        },
        {
            "reply_id": "UgwS0YJUWjrq-d3aPYl4AaABAg",
            "reply_content": "\u7b80\u4f53\u5b57\u5728\u4e2d\u56fd\u53e4\u4ee3\u5c31\u6709\u4e86\uff0c\u5510\u5b8b\u65f6\u671f\u5c31\u6709\u7b80\u4f53\u5b57\uff0c\u7e41\u4f53\u5b57\u5728\u4e2d\u56fd\u4e5f\u80fd\u4f7f\u7528\uff0c\u7e41\u4f53\u5b57\u4e5f\u662f\u4e2d\u56fd\u7684\u2764"
        },
        {
            "reply_id": "Ugxhj64TtMGmCoW4nwF4AaABAg",
            "reply_content": "\u5413\u6b7b\u4e86"
        },
        {
            "reply_id": "UgxCok_UnPoE4ovaRKt4AaABAg",
            "reply_content": "\u5176\u5be6\u4f60\u662f\u57fa\u55ce"
        },
        {
            "reply_id": "Ugxo8iLtG60F1t8DQt54AaABAg",
            "reply_content": "\u76f4\u7537\u5305\u5176\u5be6\u76f8\u7576\u7684\u4e0d\u76f4\u7537\uff0c\u54c8\u54c8\ud83d\ude02\n\u5f8c\u9762\u4e5f\u88ab\u611b\u8389\u838e\u838e\u8aaa\u904e"
        },
        {
            "reply_id": "UgwzjwxMnXUzxqrPwKF4AaABAg",
            "reply_content": "\u570b\u4e00\u6b77\u53f2\u6709\u5b78\u5230\u50cf\u4e2d\u570b\u92fc\u9435\u7684\u4e2d\u570b\u53ea\u662f\u7c21\u7a31\u800c\u5df2\u4e26\u4e0d\u662f\u4ec0\u9ebc\u897f\u53f0\u7063\ud83d\ude0a"
        },
        {
            "reply_id": "UgzBJ51G5tpx_UL7Iih4AaABAg",
            "reply_content": "\u54c8\u54c8\u54c8\u54c8\uff0c\u8d85\u597d\u7b11\u3002\u90a3\u9ebc\uff0c\u9418\u660e\u8ed2\u6703\u4e0d\u6703\u628a\u5927\u9678\u4eba\u7576\u540c\u80de\u5462\uff1f"
        },
        {
            "reply_id": "UgyaWqhwXLlvOSFGpYJ4AaABAg",
            "reply_content": "\u53c3\u52a0\u5a46\u5a46\u7684\u55aa\u4e8b\uff0c\u592a\u597d\u7b11\u4e86"
        },
        {
            "reply_id": "Ugz5wUjH6L0Fg2iHtAZ4AaABAg",
            "reply_content": "\u628a\u5c0f\u5b69\u62b1\u5728\u6d17\u624b\u53f0\u5c3f\u5c3f\u7684\u4eba\ud83d\ude02\ud83d\ude02\ud83d\ude02\u7b11\u6b7b"
        },
        {
            "reply_id": "Ugz2tOQLphO7ayo_Xv94AaABAg",
            "reply_content": "\u662f\u4e00\u4e2a\u653f\u515a\u63a8\u7ffb\u53e6\u4e00\u4e2a\u653f\u515a\u7684\u6597\u4e89\u5427\u3002"
        },
        {
            "reply_id": "UgzE22AmXSFnzGCJzVp4AaABAg",
            "reply_content": "\u660e\u8ed2\u53ef\u611b\u554a"
        },
        {
            "reply_id": "Ugxotvg6uq5ClNncPN94AaABAg",
            "reply_content": "\u6211\u8d85\u559c\u6b61\u5973\u6027\u8ddf\u4e2d\u6027\uff0c\u9ad8\u8ddf\u978b\u76f4\u63a5\u52a0\u5206"
        },
        {
            "reply_id": "Ugzxva_4RzjQeVxYTwB4AaABAg",
            "reply_content": "\u5e79\u6211\u771f\u7684\u6703\u7b11\u6b7b \u7d42\u65bc\u7b49\u5230\u5a46\u5a46\u7684\u55aa\u4e8b\u55ce \u9a5a\u8277\u5168\u5834\u6b38"
        },
        {
            "reply_id": "UgwS4Bj7W0HPaVvBzip4AaABAg",
            "reply_content": "\u8fd9\u5c31\u662f\u4e8b\u5b9e\u3002"
        },
        {
            "reply_id": "UgyhX_kkoH983vYxHhx4AaABAg",
            "reply_content": "\u6211\u771f\u7684\u89ba\u5f97\uff0c\u5982\u679c\u4f60\u7684\u5bb6\u4eba\u5011\u80fd\u5920\u653e\u4e0b\u81ea\u5df1\u5fc3\u4e2d\u7684\u504f\u898b\u548c\u6050\u61fc\uff0c\u8a8d\u771f\u807d\u807d\u4f60\u8aaa\u7684\u8a71\uff0c\u5c31\u6703\u767c\u73fe\u4f60\u7684\u512a\u79c0\u548c\u624d\u83ef"
        },
        {
            "reply_id": "Ugy_eLjVBPyQc3lFMOl4AaABAg",
            "reply_content": "\u4e2d\u83ef\u6c11\u570b \u624d\u662f\u771f\u6b63\u7684\u4e2d\u570b"
        },
        {
            "reply_id": "UgxV8raZDpRN6RxECpp4AaABAg",
            "reply_content": "\u660e\u8ed2\n\u63a8\u85a6\u65e5\u672c\u83ef\u6b4c\u723e\u65b0\u54c1\n\u857e\u7d72\u56db\u89d2\u8932\u7522\u54c1\u5f88\u68d2\n\u60f3\u50b3\u9023\u7d50\u7d66\u4f60\u4f46\u6c92\u8fa6\u6cd5\u50b3"
        },
        {
            "reply_id": "UgwKMouH3udsMpAzexN4AaABAg",
            "reply_content": "\u771f\u4e0d\u9519\u5440\u5f88\u597d\u770b\u554a"
        },
        {
            "reply_id": "UgzRUyh-0gVGo69DsrB4AaABAg",
            "reply_content": "\u6b38\u4e0d\u662f\uff0c\u6211\u8b1b\u771f\u7684\u7b2c\u4e09\u9593\u6bd4\u8f03\u6f02\u4eae\u6b38"
        },
        {
            "reply_id": "Ugyqtgc-DA-lWe5HeeZ4AaABAg",
            "reply_content": "\u4f60\u9019\u4e09\u5957\uff0c\u5728\u6211\u7b2c\u4e00\u773c\u770b\u5230\u90fd\u89ba\u5f97\u662f\u5973\u751f\u3002\n\u9084\u6709\u4e2d\u6cb9\u5df2\u7d93\u6539\u540d\u70ba\u53f0\u7063\u4e2d\u6cb9\u54e6\n\u4e2d\u570b\u8ddf\u53f0\u7063\u662f\u4e0d\u540c\u7684\u653f\u6b0a\uff0c\u5f88\u96e3\u8aaa\u8ab0\u4ee3\u8868\u771f\u6b63\u7684\u4e2d\u570b\uff0c\u5c31\u662f\u4e00\u500b\u6210\u738b\u6557\u5bc7\u3002\n\u6211\u5f88\u8a0e\u53ad\u4f60\u5011\u6c92\u4e8b\u8aaa\u81ea\u5df1\u662f\u4e2d\u83ef\u6c11\u570b\uff0c\u56e0\u70ba\u4e2d\u83ef\u6c11\u570b\u662f\u500b\u6d41\u4ea1\u653f\u5e9c\uff0c\u70ba\u4ec0\u9ebc\u4e0d\u8aaa\u81ea\u5df1\u662f\u53f0\u7063\u570b\uff0c\u6e05\u695a\u660e\u767d\u3002"
        }
    ]
}