{
    "video_info": {
        "id": "dBmu5nyLN-8",
        "channelTitle": "\u937e\u660e\u8ed2",
        "title": "\u4eca\u65e5\u6211\u6c92\u6709\u4e3b\u984c\uff01",
        "description": "\u6069..\u662f\u7684\uff0c\u4eca\u65e5\u6211\u6c92\u6709\u4e3b\u984c\n\u4f46\u6211\u63db\u4e863\u5957\u8863\u670d\ud83d\ude17",
        "likeCount": "17603",
        "commentCount": "982",
        "viewCount": "413533"
    },
    "comments": [
        {
            "reply_id": "UgzQur2TlZ60NC2zbrd4AaABAg",
            "reply_content": "\u4ee5\u5927\u5b78\u751f\u90a3\u5957\u7684\u59ff\u614b\u795d\u5927\u5bb6\uff1a\u4e2d\u79cb\u7bc0\u5feb\u6a02\ud83d\ude19"
        },
        {
            "reply_id": "Ugy51PAiyVKgylP7FM54AaABAg",
            "reply_content": "\u9020\u578b\u597d\u597d\u770b\uff0c\u7da0\u8272\u90a3\u5957\u642d\u914d\u90a3\u9aee\u578b\uff0c\u9177\uff0c\u597d\u770b\uff0c\u6700\u5f8c\u7684\u5f88\u7f8e\uff0c\u9577\u9aee\u4e5f\u7121\u9055\u548c\u611f"
        },
        {
            "reply_id": "UgxU22loKdDxhTDIG154AaABAg",
            "reply_content": "\u9577\u982d\u9aee\u883b\u9069\u5408\u7684\u5566\uff5e"
        },
        {
            "reply_id": "UgyY1NmJh5FYk3V_YnN4AaABAg",
            "reply_content": "\u6c92\u6709\u4e3b\u984c\u5c31\u662f\u500b\u4e3b\u984c"
        },
        {
            "reply_id": "UgyHOyWup5efUykDUu54AaABAg",
            "reply_content": "\u8b9a"
        },
        {
            "reply_id": "UgxL0w2dMkrLtgeADJx4AaABAg",
            "reply_content": "\u982d\u9aee\u52a0\u4e0a\u6d6e\u8a87\u611f\u597d\u50cf\u8594\u8594"
        },
        {
            "reply_id": "UgwSsFxz1OgFRw-akR94AaABAg",
            "reply_content": "\u6c92\u4e3b\u984c\u5c31\u662f\u4e3b\u984c\u963f\uff0c\u89ba\u5f97\u8b9a\u3002"
        },
        {
            "reply_id": "UgxkGIoGF5FrIu7NOuJ4AaABAg",
            "reply_content": "\u660e\u8ed2\u771f\u7684\u597d\u7626\u5594"
        },
        {
            "reply_id": "UgyD6Ll6LCkmpvfNNMd4AaABAg",
            "reply_content": "\u4eca\u65e5\u6211\u6c92\u6709\u4e3b\u984c\u5c31\u662f\u4e3b\u984c"
        },
        {
            "reply_id": "UgzzPP-G3ZoPqLZKzB94AaABAg",
            "reply_content": "\u597d\u597d\u770b\u554a"
        },
        {
            "reply_id": "UgxLzctUCA7OpNbCMOJ4AaABAg",
            "reply_content": "\u660e\u8ed2\u7684\u67ab\u53f6\u8272\u53e3\u7ea2\u662f\u4ec0\u4e48\u724c\u5b50\u7684\u554a"
        },
        {
            "reply_id": "Ugwe6yOGl8-BWbGBhVV4AaABAg",
            "reply_content": "\u4f60\u7684\u8072\u97f3\u6211\u4e0d\u884c"
        },
        {
            "reply_id": "Ugw0wJ4iRVDA2k6G94l4AaABAg",
            "reply_content": "\u53e3\u4e9e\u5fc3"
        },
        {
            "reply_id": "UgwkYSruRg7e-addLLN4AaABAg",
            "reply_content": "\u6211\u975e\u5e38\u559c\u6b61\u807d\u4f60\u8aaa\u9577\u7bc7\u5927\u8ad6\uff0c\u56e0\u70ba\u597d\u7b11\u53c8\u6709\u9053\u7406\ud83d\ude02"
        },
        {
            "reply_id": "UgxNaewvfk6EHB2sGN94AaABAg",
            "reply_content": "\u4f60\u597d\u919c"
        },
        {
            "reply_id": "UgzIk1Kyfcj5dglai0l4AaABAg",
            "reply_content": "\u6211\u8a8d\u540c\u4f60\u7684\u8a00\u8ad6\u3002\u70ba\u4ec0\u9ebc\u5927\u5bb6\u90a3\u9ebc\u5236\u5f0f\u3002"
        },
        {
            "reply_id": "Ugw2lwQal_tin8fzilx4AaABAg",
            "reply_content": "\u53ef\u4ee5\u8ac7\u8ac7\u99ac\u4f86\u897f\u4e9e\u9577\u69ae\u5973\u5927\u5b78\u751f\u5978\u5c38\u6848\u55ce\uff1f\u6211\u5f88\u60f3\u77e5\u9053\uff0c\u60a8\u662f\u600e\u9ebc\u770b\u9019\u4ef6\u4e8b"
        },
        {
            "reply_id": "Ugy3wQu3BYqK585qq-J4AaABAg",
            "reply_content": "\u559c\u6b61\u660e\u8ed2\u9019\u6a23\u7684\u5f71\u7247\u7d00\u9304\n\u4e0d\u9700\u8981\u70ba\u4e86\u4ec0\u9ebc\u6a23\u7684\u4e3b\u984c\u624d\u62cd\u7247\n\u9019\u6a23\u624d\u81ea\u5728\u4e14\u81ea\u7531\np.s\u660e\u8ed2\u5f71\u7247\u4e2d\u8aaa\u4e00\u76f4\u60f3\u7a7f\u7684\u90a3\u4ef6\u8863\u670d,\u7a7f\u8d77\u4f86\u771f\u597d\u770b"
        },
        {
            "reply_id": "UgxwfNmbIQip3ldFItZ4AaABAg",
            "reply_content": "\u4e0d\u77e5\u9053\u7a7f\u642d\u7684\u6642\u5019\u770b\u4f60\u7684\u5f71\u7247\u5c31\u6703\u5b78\u5230\u5f88\u591a \u54c8\u54c8\u54c8"
        },
        {
            "reply_id": "Ugw8ymRPALAGQ0Hw4Xh4AaABAg",
            "reply_content": "\u5f88\u6709\u5275\u610f"
        }
    ]
}