{
    "video_info": {
        "id": "EnzpjXL-T9E",
        "channelTitle": "\u937e\u660e\u8ed2",
        "title": "\u6211\u5230\u65e5\u672c\u5de5\u4f5c\u4e86\uff01",
        "description": "\u7e7c\u7e8c\u7528\u81ea\u5df1\u7684\u65b9\u5f0f\u8ddf\u9019\u500b\u4e16\u754c\u6253\u8457\u4ea4\u9053\n\u70ba\u4e0b\u4e00\u6b21\u4eae\u76f8\u4f5c\u6e96\u5099 \u6df1\u77e5\u81ea\u5df1\u5fc5\u9808\u8981\u662f\u7cbe\u5f69\u7684\n\u6e05\u695a\u7684\u77e5\u9053\u9019\u4e00\u79d2\u7684\u81ea\u5df1\u8ddf\u4e0a\u4e00\u79d2\u7684\u81ea\u5df1\u5df2\u662f\u4e0d\u540c\u4eba\n\u4e0d\u539f\u5730\u8e0f\u6b65 \u53ea\u505a\u597d\u300e\u7dbb\u653e\u300f\u9019\u4ef6\u4e8b\n\u5c31\u7b97\u5927\u90e8\u5206\u7684\u4eba\u4e0d\u8a8d\u540c\u67d0\u4e9b\u4e8b\n\u6211\u4e5f\u6c38\u9060\u76f8\u4fe1\u5728\u5730\u7403\u4e0a\u7684\u67d0\u500b\u5730\u65b9\n\u6703\u6709\u90a3\u9ebc\u5e7e\u4f4d\u4eba\u58eb\u660e\u767d \u90a3\u4e9b\u6211\u505a\u7684\u4e8b\n\nKIREI\u662f\u6211\u6700\u8fd1\u8b8a\u7f8e\u7684\u6e20\u9053\n\u76f8\u4fe1\u5728\u5730\u7403\u4e0a\u7684\u5927\u5bb6\u4e5f\u90fd\u662f\u5404\u53f8\u5176\u8077\n\u80fd\u628a\u81ea\u5df1\u4efd\u5167\u4e8b\u52d9\u505a\u597d\u7684\nKIREI\n\u7d55\u5c0d\u662f\u5176\u4e2d\u4e00\u500b\n- - -\nKIREI \u67d4\u5149\u6e05\u900f\u990a\u819a\u7c89\u9905\ud83d\udd17\uff1a https://tklab.tw/Nz4t",
        "likeCount": "18484",
        "commentCount": "1313",
        "viewCount": "481365"
    },
    "comments": [
        {
            "reply_id": "Ugw_kyXX2atZMX5f7Ip4AaABAg",
            "reply_content": "\u771f\u597d\u770b"
        },
        {
            "reply_id": "Ugy8jNttwXRvtt2gkBR4AaABAg",
            "reply_content": "\u9019\u5ee3\u544a\u5b8c\u52dd\u6240\u6709\u7f8e\u7ca7\u5ee3\u544a\uff0c\u628a\u4f60\u6253\u626e\u7684\u5f88\u6b50\u5df4\u7a0d\u5fae\u6709\u967d\u525b\u4e4b\u6c23\u53c8\u5b0c\u7f8e\uff0c\u90a3\u5ee3\u544a\u628a\u4f60\u62cd\u7684\u5f88\u7f8e\u2764"
        },
        {
            "reply_id": "UgwxYNWol41XK4C43vl4AaABAg",
            "reply_content": "\u8cde\u5fc3\u6085\u76ee\u3002\n\u660e\u8ed2\u4ee5\u5f80\u5c0d\u7522\u54c1\u7684\u6311\u5254\u76f4\u8a00\uff0c\u8b93\u4ee3\u8a00\u7684\u7522\u54c1\u66f4\u6709\u8aaa\u670d\u529b\u3002"
        },
        {
            "reply_id": "UgwV6fB5RoU6zCYvQKJ4AaABAg",
            "reply_content": "\u6709\u6642\u5019\u770b\u4f60\u8b1b\u8a71\u90fd\u89ba\u5f97\u597d\u6709\u7834\u788e\u611f\u55da\u55da\u55da\n\u8f9b\u82e6\u4f60\u4e86"
        },
        {
            "reply_id": "UgzoUVDjp9eu6m4seqh4AaABAg",
            "reply_content": "\u5728\u770b\u5230\u9019\u5f71\u7247\u4e4b\u524d\u6211\u5c31\u770b\u5230\u516c\u8eca\u6eff\u6eff\u7684\u660e\u8ed2\u5927\u5e73\u53f0\n\u6211\u5c31\u60f3\u8aaa\u5e79 \u6211\u932f\u904e\u4e86\u4ec0\u9ebc\uff1f\u70ba\u4ec0\u9ebc\u62cd\u9019\u5ee3\u544a\u4f60\u6c92\u6709\u4e0a\u7247\uff01\uff01\uff01\uff01\n\u800c\u4e14\u5e73\u9762\u5ee3\u544a\u770b\u8d77\u4f86\u771f\u7684\u5f88\u5922\u5e7b\u5f88\u6709\u8cea\u611f\ud83e\udd79\ud83e\udd79\ud83e\udd79"
        },
        {
            "reply_id": "UgyFP6vo78hUlyBpFRN4AaABAg",
            "reply_content": "\u5230\u5e95\u662f\u9019\u500b\u7c89\u9905\u592a\u53b2\u5bb3 \u9084\u662f\u660e\u8ed2\u7684\u76ae\u819a\u592a\u597d\uff1f\uff01"
        },
        {
            "reply_id": "UgxQmnOKSDWEI91_qgR4AaABAg",
            "reply_content": "\u771f\u7684\u597d\u7f8e\uff0c\u5df2\u7d93\u71d2\u5230\u4e86\ud83d\ude0d"
        },
        {
            "reply_id": "UgzA6dy2W7d5EjSdfVp4AaABAg",
            "reply_content": "\u975e\u5e38\u6f02\u4eae"
        },
        {
            "reply_id": "UgxmL3_HN_DjvN6rZT14AaABAg",
            "reply_content": "\u559c\u6b61\u9019\u6b21\u7684\u599d\u9aee\uff0c\u5f88\u6e05\u723d\u5f88\u9b06\u4f46\u6709\u7cbe\u795e\uff0c\u8b9a\uff01\u4e0b\u773c\u5f71\u597d\u597d\u770b\uff01\u9aee\u578b\u5f88\u5e25\u5f88\u6709\u578b\u2764\u8868\u60c5\u4e5f\u81ea\u7136\uff0c\u4e0d\u592a\u523b\u610f\uff0c\u559c\u6b61\u2764"
        },
        {
            "reply_id": "UgzTfJWuAjhk4TlzonV4AaABAg",
            "reply_content": "\u5728\u822a\u73ed\u4e2d\u6234\u773c\u93e1\u9020\u578b\u5f88\u597d\u770b"
        },
        {
            "reply_id": "UgzDj7wrQAivBFgEKNx4AaABAg",
            "reply_content": "\u6574\u9ad4\u8d85\u6709\u8cea\u611f\uff0c\u8d85\u6709\u6c23\u8cea"
        },
        {
            "reply_id": "UgxxMIR4xuTtYmb7Pyh4AaABAg",
            "reply_content": "\u600e\u9ebc\u90fd\u6c92\u770b\u5230\u8c93\u72d7\u4e86\uff1f\u8a72\u4e0d\u6703\u5df2\u7d93\uff1f"
        },
        {
            "reply_id": "UgyLjT1iNaSudU9L8GV4AaABAg",
            "reply_content": "\u6211\u73fe\u5728\u662f\u570b\u4e09\u751f\uff0c\u660e\u5e74\u4e94\u6708\u8981\u53bb\u6703\u8003\uff0c\u770b\u4e86\u4f60\u7684\u5f71\u7247\u8b93\u6211\u7dca\u5f35\u7684\u611f\u89ba\u597d\u591a\u4e86\u8b1d\u8b1d\ud83d\ude4f\ud83d\ude0a"
        },
        {
            "reply_id": "Ugyzo442NEhdRgDtlYJ4AaABAg",
            "reply_content": "\u6b38\u4e0d\u662f\u9019\u6b21\u5fe0\u660e\u8ed2\u7684\u599d\u5bb9\u8d85\u6f02\u4eae\uff0c\u5982\u679c\u4ed6\u662f\u5973\u7684\u6211\u6703\u611b\u554a\u54c8"
        },
        {
            "reply_id": "UgwKEg5QDt3weCk3gZ54AaABAg",
            "reply_content": "\u9019\u6b21\u7684\u599d\u5bb9\u771f\u7684\u597d\u9802"
        },
        {
            "reply_id": "Ugy0aNxRKo4t15TGR4R4AaABAg",
            "reply_content": "\u5fe0\u660e\u8ed2\u6211\u611b\u4f60"
        },
        {
            "reply_id": "UgzskYmbBOFhx-tNPQZ4AaABAg",
            "reply_content": "\u5ee3\u544a\u5f88\u8b9a"
        },
        {
            "reply_id": "Ugzpryvz1IOSoypcwDt4AaABAg",
            "reply_content": "\u967d\u660e\u5c71\u7684\u5149\u4e0d\u597d\u6240\u4ee5\u53bb\u65e5\u672c\uff0c\u4e0d\u80fd\u53bb\u4e2d\u90e8\u6216\u5357\u90e8\u55ce\uff0c\u721b\u7406\u7531\ud83d\ude13"
        },
        {
            "reply_id": "UgwbNul_ohjaEYHPLbp4AaABAg",
            "reply_content": "\u559c\u6b61\u660e\u8ed2\u4ee3\u8a00\u6bcf\u4e00\u4ef6\u7522\u54c1\u2764\n\n\u9019\u599d\u5bb9\u975e\u5e38\u9069\u5408\u660e\u8ed2 \u975e\u5e38\u597d\u770b"
        },
        {
            "reply_id": "UgyRm-RdqtcLge37Dxt4AaABAg",
            "reply_content": "\u61c9\u8a72\u662f\u963f\u91cc\u554a\u591a\u611f\u6069\u7684\u5fc3\u5427\ud83d\ude05"
        }
    ]
}