{
    "video_info": {
        "id": "gI2-WZUW9gY",
        "channelTitle": "\u937e\u660e\u8ed2",
        "title": "\u8001\u5a18\u63a5\u5230\u696d\u914d\u4e86\uff01",
        "description": "\u4eca\u5929\u4ee5\u79cb\u51ac\u6642\u5c1a\u7684\u59ff\u614b\u4f86\u8ddf\u5927\u5bb6\u9032\u884c\u5e74\u672b\u6703\u9762\n\u8fd1\u671f\u672c\u4eba\u89ba\u5f97\u597d\u7528\u7684\u7522\u54c1\u90fd\u5728\u9019\u7897\u767d\u83dc\u6ef7\u88e1 \n\u8acb\u81ea\u884c\u4eab\u7528\uff5e\uff5e\n\n\uff3f\n\u5bf6\u62c9\u62c9\u62c9\u62c9\uff5e\ud83d\udd17\uff1a https://reurl.cc/Oky4DD",
        "likeCount": "20355",
        "commentCount": "842",
        "viewCount": "501675"
    },
    "comments": [
        {
            "reply_id": "Ugx6454EJXyGEa7kXoZ4AaABAg",
            "reply_content": "\u63d0\u524d\u795d\u5927\u5bb6\u8056\u8a95\u5feb\u6a02\ud83e\udd36"
        },
        {
            "reply_id": "UgyjnHzTz_EZCxx_qjt4AaABAg",
            "reply_content": "\u9019\u771f\u7684\u597d\u7528\u4e0d\u662f\u696d\u914d\u8b9a\u7f8e"
        },
        {
            "reply_id": "UgwPKaoKK-pyZLH6D1N4AaABAg",
            "reply_content": "\u5e79 \u4f60\u70ba\u4ec0\u9ebc\u8981\u6a21\u4eff\u6211\u670b\u53cb"
        },
        {
            "reply_id": "UgwE9EwagFM6Ik3jPjp4AaABAg",
            "reply_content": "\u53ef\u4ee5\u554f\u670d\u88dd\u54c1\u724c\u6216\u54ea\u88e1\u8cb7\u7684\u55ce"
        },
        {
            "reply_id": "UgzpzoR1helkTaHYZYd4AaABAg",
            "reply_content": "\u9019\u597d\u7528\uff0c\u6211\u8eab\u9ad4\u75d8\u75d8\u90fd\u662f\u64e6\u9019\u500b\u597d\u7684"
        },
        {
            "reply_id": "UgyT4KlTuHbHMSO_RrR4AaABAg",
            "reply_content": "\u5f8c\u9762\u90a3\u6bb5\u6559\u80b2\u7684\u90e8\u5206\u592a\u68d2\u4e86\uff01\uff01\uff01\n\u8981\u751f\u5c31\u8ca0\u8cac\uff0c\u9664\u4e86\u8b93\u5c0f\u5b69\u80fd\u5920\u751f\u6d3b\u4ee5\u5916\u5c31\u662f\u8981\u6b63\u78ba\u7684\u6559\u80b2\u4ed6\uff01\n\u800c\u4e0d\u662f\u751f\u800c\u4e0d\u6559\u80b2\uff01\uff01\uff01"
        },
        {
            "reply_id": "UgyrhRMPNogehxd9uSt4AaABAg",
            "reply_content": "\u660e\u8ed2\u5bb6\u90a3\u9ebc\u5927\uff0c\u90fd\u662f\u81ea\u5df1\u6253\u6383\u7684\u55ce\uff1f\ud83e\udd73"
        },
        {
            "reply_id": "UgwqZXUopIjbysgXCCp4AaABAg",
            "reply_content": "\u5594\u6240\u4ee5\u5f88\u5c4c\u55ce\uff1f"
        },
        {
            "reply_id": "UgyPR3cm7VioWYR6FhF4AaABAg",
            "reply_content": "\u9019\u5957\u597d\u597d\u770b\uff01"
        },
        {
            "reply_id": "UgxCYz0X2bX6kyWas2t4AaABAg",
            "reply_content": "\u5bf6\u62c9\u6211\u7528\u4e86\u597d\u5e7e\u74f6\u4e86\uff0c\u9019\u9ebc\u597d\u7528\u4f60\u7adf\u7136\u624d\u525b\u767c\u73fe \ud83d\ude04\uff0c\u6211\u80cc\u90e8\u7684\u75d8\u75a4\u5168\u6d88\u5931\u4e86"
        },
        {
            "reply_id": "UgxOFXcP9wEWno75gel4AaABAg",
            "reply_content": "\u5bf6\u62c9 \u5982\u679c\u5bb9\u6613\u51fa\u6cb9 \u5857\u80cc\u5f8c\u4e0d\u592a\u9069\u5408\u5bb9\u6613\u9577\u75d8\u75d8, \u5857\u817f\u4e0d\u932f \u4f7f\u7528\u4e8c\u500b\u6708\u7684\u5fc3\u5f97"
        },
        {
            "reply_id": "UgwmY9zQriQQslHY9rl4AaABAg",
            "reply_content": "\u5bf6\u62c9\u8eab\u9ad4\u4e73\u6db2 \u5f88\u597d \u8981\u53bb\u54ea\u88e1\u8cb7\u5462"
        },
        {
            "reply_id": "UgyQoECsGGmdNXwwPuJ4AaABAg",
            "reply_content": "\u6211\u81c9\u4e0a\u5c31\u662f\u5bf6\u62c9\u9700\u8981\u7684\u6771\u897f\uff0c\u800c\u4e14\u662f\u7121\u9152\u7cbe\u8036\uff01\uff01\uff01"
        },
        {
            "reply_id": "UgyhJ2uMdFseY1FiwUZ4AaABAg",
            "reply_content": "\u5594\u5537\uff0c\u978b\u7ed9\u6211\u5f88\u7f8e\u9981"
        },
        {
            "reply_id": "UgzRNDpnk0YETlCArvB4AaABAg",
            "reply_content": "\u6211\u662f\u4e00\u4f4d\u5abd\u5abd\u3002\u6211\u6700\u8fd1\u5df2\u770b\u4e86\u5e7e\u53ea\u4f60\u7684\u5f71\u7247\u3002\u6211\u5f88\u652f\u6301\u4f60\u505a\u81ea\u5df1\n\u4e5f\u5e38\u8ddf\u5b69\u5b50\u8a0e\u8ad6\u4f60\n\u4f46\u8ddf\u539f\u751f\u5bb6\u5ead\u7684\u95dc\u4fc2\n\u9084\u662f\u8981\u597d\u597d\u7684\u8655\u7406\uff0c\u4e5f\u8981\u63db\u4f4d\u70ba\u4ed6\u5011\u601d\u8003\n\uff08\u4f60\u771f\u7684\u8981\u7d66\u6211\u78ba\u5b9a\u8036\uff09"
        },
        {
            "reply_id": "UgwAzlyE8h2hF61XpPV4AaABAg",
            "reply_content": "\u4f60\u7684\u7a7f\u8457\u54c1\u5473\u5f88\u597d\uff0c\u61c9\u8a72\u662f\u4ee3\u8a00\u670d\u88dd"
        },
        {
            "reply_id": "UgyQ9zgPeaHW7Y2bubp4AaABAg",
            "reply_content": "\u7db2\u8def\u767c\u9054\uff0c\u6587\u5b57\uff0c\u5f71\u7247\uff0c\u8cc7\u8a0a\u5f88\u591a\uff0c\u6709\u6642\u6703\u8b93\u4eba\u773c\u82b1\u64a9\u4e82\n\u597d\u58de\u662f\u7531\u81ea\u5df1\u53bb\u5206\u5225\u3001\u5224\u65b7\uff0c\u800c\u4e0d\u662f\u4e0d\u5206\u9752\u7d05\u7682\u767d\u76f4\u63a5\u5438\u6536\u61c9\u7528\uff0c\n\n\u5982\u679c\u4eca\u5929\u56e0\u70ba\u4e00\u500b\u5c0f\u5b69\u770b\u4e86\u8ab0\u7684\u5f71\u7247\u505a\u932f\u4e8b\uff0c\u90a3\u662f\u5426\u61c9\u8a72\u8981\u6559\u80b2\u5c0f\u5b69\u81ea\u5df1\u7684\u884c\u70ba\u5c0d\u4ed6\u4eba\u9020\u6210\u56f0\u64fe\uff0c\n\n\u6211\u770b\u5230\u7684\u660e\u8ed2\uff0c\u5728\u5f71\u7247\u88e1\u4e00\u5f8b\u90fd\u662f\u6709\u79ae\u8c8c\u7684\u5c0d\u4eba\uff0c\u70ba\u4f55\u53f0\u7063\u7684\u5b69\u5b50\u7684\u7236\u6bcd\u4e0d\u66fe\u53bb\u770b\u770bytb\u597d\u7684\u4e00\u9762\uff0c\n\n\u751a\u81f3\u6709\u7684\u7236\u6bcd\u6703\u7981\u6b62\u5b69\u5b50\u4f7f\u7528\u624b\u6a5f\uff0c\u6df1\u6015\u63a5\u89f8\u4e0d\u597d\u7684\u8cc7\u8a0a\uff0c\n\n\u91cd\u9ede\u662f\u5728\u5b69\u5b50\u63a5\u89f8\u4e86\u8cc7\u8a0a\u904e\u5f8c\u5982\u4f55\u53bb\u6559\u5c0e\u4ed6\u5011\u6b63\u78ba\u7684\u505a\u4e8b\u60c5\u89c0\u5ff5\uff0c\u800c\u4e0d\u662f\u53bb\u8981\u6c42\u5225\u4eba\u7684\u5f71\u7247\u6539\u8b8a\n\n\u5982\u679c\u4eca\u5929\u4f60\u89ba\u5f97\u54ea\u4f4dytb\u5f71\u7247\u592a\u504f\u6fc0\u6216\u662f\u7f75\u9ad2\u8a71\uff0c\u90a3\u5c31\u4e0d\u8981\u770b\u5c31\u597d\u4e86\u4e0d\u662f\u55ce\uff1f\n\u5982\u679c\u8981\u770b\uff0c\u8acb\u4f60\u5c0a\u91cd\u90a3\u4f4d\u62cd\u7247\u7684ytb\u7684\u60f3\u6cd5\uff0c\u5982\u679c\u6015\u5f71\u97ff\u5b69\u5b50\uff0c\u8acb\u4f60\u5c0d\u4f60\u7684\u5b69\u5b50\u6559\u80b2\u6b63\u78ba\u61c9\u5c0d\u4e8b\u60c5\u7684\u89c0\u5ff5\n\n\u5c31\u50cf\u660e\u8ed2\u5f71\u7247\u8b1b\u7684\uff0c\u4ed6\u6240\u505a\u7684\u5f71\u7247\u4ed6\u62cd\u7684\u5f88\u958b\u5fc3\uff0c\u4e26\u4e14\u4e0d\u6703\u5f71\u97ff\u5230\u5225\u4eba\u7684\u751f\u6d3b\uff0c\n\n\u5e0c\u671b\u672a\u4f86\u8d8a\u4f86\u8d8a\u597d"
        },
        {
            "reply_id": "Ugx32MACFOuJjBPI8Xh4AaABAg",
            "reply_content": "\u611f\u89ba\u597d\u53ef\u611b~~\u4f60\u9019\u90e8\u5f71\u7247\u6709\u9ede\u5e38\u5931\u7126\uff0c\u770b\u7684\u6642\u5019\u6709\u9ede\u5c0f\u8f9b\u82e6"
        },
        {
            "reply_id": "UgyynLa65bw0-BSn_VJ4AaABAg",
            "reply_content": "\u4f60\u4eca\u5929\u8863\u670d\u8ddf\u5e3d\u5b50\u597d\u6f02\u4eae"
        },
        {
            "reply_id": "Ugyrr6wHENI6XcJS-7l4AaABAg",
            "reply_content": "\u53e3\u7f69\u6c92\u6709\u90a3\u9ebc\u8cb4\u5427\n\u9999\u6e2f\u5b98\u7db2\u50f9\u9322\u662f\u56db\u584a\u6e2f\u5143\n\u4e00\u5343\u516d\u767e\u6e2f\u5143\u5c31\u514d\u904b\u8cbb\u9001\u5230\u53f0\u7063"
        }
    ]
}