{
    "video_info": {
        "id": "GL2bVm5kvbo",
        "channelTitle": "\u937e\u660e\u8ed2",
        "title": "\u6211\u7684\u7537\u53cb\u662f\u76f4\u7537\uff01",
        "description": "\u76ee\u524d\u70ba\u81ea\u5df1\u4eba\u751f\u4e0b\u7684\u5b9a\u7fa9\u662f\u300e\u751f\u4f86\u662f\u70ba\u4e86\u9ad4\u9a57\u7684\u300f\n\n\u524d\u9663\u5b50\u9ad4\u9a57\u904e\u8ddf\u5973\u751f\u3001gay\u5728\u4e00\u8d77\u5f8c\n\u9019\u6b21\u4f86\u9ad4\u9a57\u672a\u77e5\u9818\u57df\u300e\u76f4\u7537\u300f\n\n\u5176\u5be6\u6253\u5f9e\u5fc3\u88e1\u6211\u58d3\u6839\u5c31\u89ba\u5f97\u9019\u4e16\u4e0a\u6c92\u6709\u6240\u8b02\u7684\n\u300e\u6211\u53ea\u6703\u559c\u6b61\u9019\u500b\u6027\u5225\u7684\u4eba\u300f\u9019\u7a2e\u4e8b\n\u7562\u7adf\u73fe\u5728\u7684\u4eba\u53ea\u8981\u4e00\u51fa\u751f\u5c31\u99ac\u4e0a\u88ab\u5e36\u5165\u9019\u500b\u540d\u70ba\u300e\u793e\u6703\u300f\u7684\u793e\u6703\n\u4ed6\u6c92\u6709\u53c3\u8003\u7bc4\u672c\u53ef\u4ee5\u5148\u5f9e\u65c1\u89c0\u5bdf \u4f3c\u4e4e\u5c31\u88ab\u78ba\u5b9a\u4e86\u65b9\u5411\n\n\u5230\u5e95\u4ec0\u9ebc\u662f\u300e\u78ba\u5b9a\u300f \u4ec0\u9ebc\u662f\u300e\u4e0d\u78ba\u5b9a\u300f \u6211\u7121\u5f9e\u5f97\u77e5\n\u9023\u6211\u6700\u4fe1\u8cf4\u7684\u79d1\u5b78 \u4e5f\u6c92\u6cd5\u8aaa\u5f97\u6e05\n\n\u9019\u4e00\u6b21\u8b1d\u8b1d\u76f4\u7537\u7537\u53cbtroy\u966a\u6211\u73a9\u4e86\u9019\u5834\u904a\u6232\n\u77e5\u9053\u6240\u8b02\u7684\u5bb3\u6015\u90fd\u662f\u4f86\u81ea\u65bc\u81ea\u8eab\u7684\u672a\u77e5\u548c\u4e0d\u4e86\u89e3\n\u800c\u5728\u6211\u5011\u5f7c\u6b64\u76f8\u8655\u904e\u5f8c \u76f8\u4fe1\u6211\u5011\u90fd\u5c0d\u5f7c\u6b64\u7684\u8eab\u4efd\u5b9a\u7fa9\u6709\u4e86\u65b0\u7684\u8996\u91ce\n\n\u5f80\u5f8c\u6211\u5011\u90fd\u5e36\u8457\u9019\u4efd\u65b0\u7684\u79ae\u7269\u7e7c\u7e8c\u52c7\u95d6\u4e0b\u4e00\u9053\u9ad4\u9a57\u5427\n\nLove you\u2764\ufe0f\n\n____\n\u7537\u53cbIG\uff1al_troy__",
        "likeCount": "30621",
        "commentCount": "1329",
        "viewCount": "965141"
    },
    "comments": [
        {
            "reply_id": "UgwXSUIiwiPz8yF64fl4AaABAg",
            "reply_content": "\u53ef\u6190\u5436\uff01\u53c8\u4e00\u500b\u76f4\u7537\u88ab\u570b\u969b\u611b\u6ecb\u6bd2\u7532\u611f\u67d3\u611b\u6ecb..."
        },
        {
            "reply_id": "Ugy_zkCSeTMgI5qxR454AaABAg",
            "reply_content": "\u4e8c\u5237\u5f8c\u9084\u662f\u89ba\u5f97\u9019\u96c6\u7684\u4e92\u52d5\u597d\u53ef\u611b\ud83e\udd23\u2665\ufe0f\n\u5f9e\u6700\u8212\u9069\u7684\u8ddd\u96e2\u958b\u59cb\u8a8d\u8b58\uff0c\u4e2d\u9593\u7684\u4e92\u52d5\u65e2\u6709\u6548\u679c\u4e5f\u4fdd\u6709\u5c0a\u91cdXD\u7537\u751f\u4e5f\u5f88\u5927\u65b9\uff5e"
        },
        {
            "reply_id": "UgxzRCTKoSnFApxqQQt4AaABAg",
            "reply_content": "\u7537\u4e3b\u89d2\u5f88\u5e25\u5594"
        },
        {
            "reply_id": "UgwKc1m6zdVM01OBwDB4AaABAg",
            "reply_content": "\u70ba\u751a\u9ebc\u53ea\u6709\u5de6\u908a\u6709\u8072\u97f3 \u6211\u53f3\u908a\u662f\u88ab\u4f60\u5e79\u4e86\u55ce?"
        },
        {
            "reply_id": "Ugxu1ivAVzksps3-dRB4AaABAg",
            "reply_content": "\u6211\u662f\u5f8c\u8005\uff5e"
        },
        {
            "reply_id": "UgxPLs2e59Kna0B5Hip4AaABAg",
            "reply_content": "\u4e00\u76f4\u6c92\u6709\u5f88\u61c2\u76f4\u7537\u7684\u610f\u601d\u67e5\u4e86\u7db2\u8def\u5927\u5bb6\u89e3\u91cb\u90fd\u4e0d\u592a\u4e00\u6a23"
        },
        {
            "reply_id": "UgywPYs2k4v-3ttm81N4AaABAg",
            "reply_content": "\u9019\u9aee\u578b\u597d\u597d\u770b"
        },
        {
            "reply_id": "Ugx77Ug3CrPvKdAmsg54AaABAg",
            "reply_content": "\ud83e\udd23\u8001\u5be6\u53c8\u4e56\u9806\u7684\u7537\u4eba \u5f88\u52a0\u5206"
        },
        {
            "reply_id": "Ugw3pEIY0vEvriEfTol4AaABAg",
            "reply_content": "\u4e0d\u662f\u771f\u76f4\u7537\uff0c\u4e5f\u662f\u540c\u5b78\u70ba\u4e86\u62cdu\u3112"
        },
        {
            "reply_id": "UgyXJv2WYPaD-2OaC9p4AaABAg",
            "reply_content": "\u6211\u55c5\u51fa\u4e00\u79cd\u5144\u5f1f\u4e4b\u95f4\u8c03\u60c5\u7684\u611f\u89c9\u2026\u2026\u5b66\u5230\u4e86"
        },
        {
            "reply_id": "Ugy-wBB1IY7kLzOwpJh4AaABAg",
            "reply_content": "\u9019\u8a71\u984c\u771f\u662f\u7537\u4ee5\u555f\u9f52\uff0c\u6545\u4e8b\u7537\u4ee5\u5f62\u5bb9\uff0c\u5287\u60c5\u7537\u4ee5\u7f6e\u4fe1\uff0c\u4ed6\u5011\u5de6\u53f3\u70ba\u7537\uff0c\u9032\u9000\u5169\u7537\uff0c\u7537\u4e0a\u52a0\u7537\uff0c\u77e5\u7537\u800c\u4e0a\uff0c\u5f37\u4eba\u6240\u7537\u3002\u73fe\u5728\u65e2\u7136\u6d41\u884c\u8d77\u9019\u7a2e\u98a8\u6c23\uff0c\u6211\u672c\u4f86\u7537\u4ee5\u7406\u89e3\u52c9\u70ba\u5176\u7537\u770b\u4e00\u4e0b\uff0c\u7d50\u679c\u7537\u4ee5\u81ea\u62d4\uff0c\u611f\u89ba\u81ea\u8eab\u7537\u4fdd\uff0c\u771f\u662f\u4e00\u8a00\u7537\u9032\uff0c\u96d6\u7136\u7537\u4ee5\u7406\u89e3\uff0c\u4f46\u5df2\u7d93\u63d2\u7fc5\u7537\u9003\u4e86\uff0c\u5c31\u7b97\u6709\u7537\u8a00\u4e4b\u96b1\uff0c\u4e5f\u5343\u842c\u4e0d\u80fd\u52c9\u70ba\u9a0e\u7537\uff0c\u53ef\u662f\u537b\u8fce\u7537\u800c\u4e0a\uff0c\u679c\u7136\u662f\u672c\u6027\u7537\u79fb\u554a"
        },
        {
            "reply_id": "Ugwfuh-vl0vo14h4ZfZ4AaABAg",
            "reply_content": "\u597d\u5065\u5eb7\u7684\u7537\u751f\u5594\uff0c\u967d\u5149\uff0c\u4e7e\u6de8\uff0c\u8212\u670d\uff0c\u6574\u500b\u7d66\u4eba\u611f\u89ba\u7528\u5f88\u68d2\uff08\u6211\u662f\u7537\u751f\ud83d\ude02"
        },
        {
            "reply_id": "UgwXPzmbQMChMIfNCkl4AaABAg",
            "reply_content": "\u597d\u68d2\u7684\u91ce\u6eaa\u6eab\u6cc9.\u597d\u73a9\u6709\u8da3\u7684\u8996\u983b"
        },
        {
            "reply_id": "Ugy6pGQuNGIQ_Auj2K14AaABAg",
            "reply_content": "\u770b\u5230\u63a8\u7279\u5f71\u7247\u56de\u8a2a\u4e00\u6b21\u54c8"
        },
        {
            "reply_id": "Ugx5h705g9NM_57ukUR4AaABAg",
            "reply_content": "\u652f\u6301\u4ed6\u7684\u60f3\u6cd5,\u5f88\u52c7\u6562\u5730\u505a\u81ea\u5df1,\u4ed6\u4e0d\u53d7\u5916\u4eba\u7684\u5632\u7b11\u6211\u5f88\u6b23\u8cde\u9019\u9ede"
        },
        {
            "reply_id": "UgwDljYc6VJ6-OAT1Ph4AaABAg",
            "reply_content": "\u597d\u4e86\u5c31\u597d\u4e86 \u53ef\u6190"
        },
        {
            "reply_id": "Ugw62AUldV0L0ctIw-54AaABAg",
            "reply_content": "\u597d\u5566\u81ed\u7532\u606d\u559c\u4f60"
        },
        {
            "reply_id": "UgxHYrh82QlNagfyHvF4AaABAg",
            "reply_content": "\u611f\u89ba\u4f60\u5011\u5169\u500b\u5f88\u914d"
        },
        {
            "reply_id": "UgwiImdoZwFLsYU1H6l4AaABAg",
            "reply_content": "\u5e0c\u671b\u518d\u58ee\u4e00\u70b9'\u592a\u7626\u4e86"
        },
        {
            "reply_id": "UgxyfLRP8gxGr8eN6lJ4AaABAg",
            "reply_content": "\u770b\u4f60\u5011\u5206\u958b\u6642\u600e\u6703\u89ba\u5f97\u96e3\u904e\u3002"
        }
    ]
}