{
    "video_info": {
        "id": "hvBHnUZGnnA",
        "channelTitle": "\u937e\u660e\u8ed2",
        "title": "\u7576\u7f8e\u9e97\u7684\u4eba\u597d\u96e3!!",
        "description": "\u671f\u5f85\u5730\u7403\u4eba\u5011\u53ef\u4ee5\u6709\u81ea\u4fe1\u7684\u81ea\u7136\u6563\u767c\u81ea\u8eab\u7279\u8cea\uff0c\n\u937e\u660e\u8ed2\u7684\u5f71\u7247\u770b\u518d\u591a\u4f60\u4e5f\u4e0d\u6703\u8b8a\u6210\u937e\u660e\u8ed2\uff0c\n\u4f60\u53ea\u6703\u8b8a\u6210\u53c8\u919c\u53c8\u5641\u7684\u4eff\u5192\u54c1\uff0c\n\u4f46\u5982\u679c\u4f60\u60f3\u4f7f\u7528\u9019\u500b\u7d20\u6750\u8b93\u4f60\u56e0\u6b64\u627e\u5230\u81ea\u5df1\uff0c\u90a3\u4e5f\u4e0d\u8cf4\uff5e\n\nAnd\uff0c\u6211\u7684\u8089\u9ad4\u9577\u5f97\u597d\u770b\u90a3\u662f\u4ed6\u7684\u4e8b\u4e0d\u95dc\u6211\u7684\u4e8b\uff0c\n\u6211\u73fe\u5728\u6b64\u6642\u6b64\u523b\u53ea\u60f3\u795d\u798f\u660e\u5929\u7684\u81ea\u5df1\u80fd\u662f\u500b\u958b\u5fc3\u7684\u4eba\u985e\u3002",
        "likeCount": "26719",
        "commentCount": "1658",
        "viewCount": "597341"
    },
    "comments": [
        {
            "reply_id": "UgyKTfC4anCmONtjFht4AaABAg",
            "reply_content": "OK\uff0c\u6709\u4e9b\u4eba\u8aaa\u90a3\u4e9b\u7f8e\u5973\u53ef\u80fd\u53ea\u662f\u60f3\u8868\u9054\u4ed6\u5011\u7684\u6b23\u8cde\u4e4b\u610f\uff0c\u4f46\u6211\u60f3\u8aaa\uff0c\u7562\u7adf\u7576\u4e0b\u662f\u6211\u672c\u4eba\u5728\u73fe\u5834\u611f\u53d7\u4e8b\u60c5\u7684\uff0c\u771f\u6b63\u7684\u611f\u53d7\uff0c\u6211\u81ea\u5df1\u6700\u4e86\u89e3\u3002\n\n\u6211\u60f3\u4ee5\u5f8c\u6211\u9084\u662f\u76e1\u91cf\u4e0d\u8981\u7528\u81ea\u5df1\u7684\u8a9e\u6c23\u9673\u8ff0\u4e8b\u60c5\u597d\u4e86\uff0c\u6216\u8a31\u6211\u53ef\u4ee5\u5f9e\u660e\u5929\u958b\u59cb\u5728\u6211\u7684\u8eab\u4e0a\u88dd\u4e00\u53f0\u651d\u5f71\u6a5f\uff0c\u6bcf\u592924\u5c0f\u6642\u958b\u9304\uff0c\u7576\u6211\u767c\u73fe\u81ea\u5df1\u5728\u751f\u6d3b\u4e2d\u6709\u611f\u53d7\u5230\u4e0d\u59a5\u7576\u7684\u4e8b\u60c5\uff0c\u6211\u5c31\u628a\u5e36\u5b50\u8abf\u51fa\u4f86\ud83d\ude0f"
        },
        {
            "reply_id": "UgxG-2AnFq4RValjwyh4AaABAg",
            "reply_content": "\u4f46\u662f\u4f60\u4e0d\u597d\u770b\u554a\uff0c\u54c1\u5473\u4e5f\u5f88\u4f4e"
        },
        {
            "reply_id": "UgxWrm98zN_9ce3J3A54AaABAg",
            "reply_content": "\u5443\u2026\u6240\u4ee5\u4f60\u89ba\u5f97LA\u9019\u500b\u90e8\u5206\u53ef\u7b11\u7684\u662f\u4f60\u5427\uff0c\u70ba\u4ec0\u9ebc\u62ff\u7f8e\u570bLA\u53ef\u4ee5\u6490\u4ed6\u5011\u7684\u6c23\u5834\u5462\uff1f\u6240\u4ee5\u4f60\u89ba\u5f97\u7f8e\u570bLA\u5f88\u9ad8\u8cb4\u55ce\uff1f\u5982\u679c\u6211\u4eca\u5929\u8aaa\u6211\u662f\u5f9e\u53f0\u7063\u82b1\u84ee\u4f86\u7684\uff0c\u4f60\u9084\u6703\u89ba\u5f97\u6211\u5728\u7528\u6211\u4f86\u81ea\u7684\u570b\u5bb6\u548c\u57ce\u5e02\u4f86\u6490\u6211\u7684\u6c23\u5834\u55ce\uff1f \u53ea\u662f\u5728\u81ea\u6211\u4ecb\u7d39\u800c\u5df2\uff0c\u81ea\u5351\u7684\u4eba\u662f\u4f60 \u6e05\u9192\u4e00\u9ede"
        },
        {
            "reply_id": "UgwSDMUu_WRWdYyGk0p4AaABAg",
            "reply_content": "\u5657\u81ea\u5351\u7684\u4eba\u662f\u4f60\u5427"
        },
        {
            "reply_id": "UgwEDiup92rpHb0Wscx4AaABAg",
            "reply_content": "\u937e\u660e\u8ed2\u4f60\u73fe\u5728\u662f\u7d20\u984f\u55ce"
        },
        {
            "reply_id": "UgyfHkQGDwLbTdHXYPt4AaABAg",
            "reply_content": "\u5f88\u597d\u5947\u660e\u8ed2\u53bb\u54ea\u8cb7\u8863\u670d \u6703\u88ab\u767c\u73fe\u8cb7\u8863\u670d\u55ce"
        },
        {
            "reply_id": "UgyikSNoyFBJIBc5s7p4AaABAg",
            "reply_content": "\u63db\u4f4d\u601d\u8003\u4e00\u4e0b..\u5979\u5c31\u6c92\u6709\u5fc5\u8981\u8981\u8ddf\u4f60\u70ab\u8000\u4f86\u81eaLA\u554a..\u5979\u4e00\u958b\u59cb\u5c31\u8aaa\u4e86\u5979\u5f88\u559c\u6b61\u4f60\uff0c\u53ea\u662f\u53ef\u80fd\u60f3\u4f60\u77e5\u9053\u8ddd\u96e2\u53f0\u7063\u5f88\u9060\u7684\u5730\u65b9\u4e5f\u6709\u4eba\u559c\u6b61\u4f60\u624d\u5f37\u8abf\u4e86\u5979\u5011\u4f86\u81ea\u54ea\u88e1\u800c\u5df2\uff0c\u54ea\u6709\u4eba\u6703\u8a8d\u70ba\u9019\u662f\u9700\u8981\u70ab\u8000\u7684\u4e8b\u60c5\u5566.."
        },
        {
            "reply_id": "UgztXqyeN1ArbKREuNB4AaABAg",
            "reply_content": "\u660e\u8ed2\u52a0\u6cb9\u963f\u59e8\u6c38\u9060\u652f\u6301\u4f60"
        },
        {
            "reply_id": "UgyDg5o90XfatT20tJh4AaABAg",
            "reply_content": "\u54ce\u5440 \u8fd9\u4f4d\u5730\u7403\u4eba\u53c8\u518d\u94bb\u725b\u89d2\u4e86 \u8c01\u80fd\u6551\u6551\u5979"
        },
        {
            "reply_id": "UgypTGZ_oMMNUaP0UBV4AaABAg",
            "reply_content": "\u4e0d\u7528\u9053\u6b49\uff0c\u4f60\u662f\u8b93\u4eba\u9032\u6b65\u7684\u52d5\u529b"
        },
        {
            "reply_id": "UgzJv3HNKbWMreNfmqN4AaABAg",
            "reply_content": "\u6bcf\u6b21\u807d\u4f60\u5206\u6790 \u5404\u5f0f\u5404\u6a23\u7684\u6545\u4e8b \u90fd\u89ba\u5f97\u4f60\u5206\u6790\u7684\u8d85\u7cbe\u95e2\u7684 XD"
        },
        {
            "reply_id": "UgwWlh6zlN2HB8jfI4h4AaABAg",
            "reply_content": "\u597d\u81ea\u5927\u554a"
        },
        {
            "reply_id": "UgzcTP3AIjv4baqu1l94AaABAg",
            "reply_content": "\u50bb\u773c\u22ef\u6709\u4e9b\u4eba\u600e\u9ebc\u5206\u4e0d\u51fa\u4f86\u90a3\u4e9b\u5973\u751f\u8aaa\u7684\u8a71\u662f\u771f\u7684\u5584\u610f\uff0c\u9084\u662f\u5225\u6709\u7528\u5fc3...\u9192\u9192\u5427\u22ef\u22ef\u4e0d\u662f\u6240\u6709\u4eba\u7684\u60f3\u6cd5\u90fd\u662f\u4f60\u5011\u60f3\u50cf\u4e2d\u90a3\u9ebc\u7f8e\u597dok?\u4f60\u5011\u81ea\u5e36\u53cb\u597d\u6ffe\u93e1\u6211\u4e5f\u662f\u9189\u4e86"
        },
        {
            "reply_id": "Ugzh4P7PEsQtEO5_8YZ4AaABAg",
            "reply_content": "\u8def\u4eba\u4e5f\u5f88\u81ea\u4fe1\u554a"
        },
        {
            "reply_id": "Ugw-H5IO9eov0iiPDPp4AaABAg",
            "reply_content": "\u88ab\u5bb3\u5984\u60f3\u75c7\u55ce?"
        },
        {
            "reply_id": "UgzZXCybaZWs6zczzw54AaABAg",
            "reply_content": "\u50f9\u503c\u89c0\u6709\u9ede\u626d\u66f2== \u5c45\u7136\u628a\u4eba\u5206\u9580\u5225\u985e"
        },
        {
            "reply_id": "Ugzb_1E0EDl8VeFojJ94AaABAg",
            "reply_content": "\u6211\u89ba\u5f97\u4f60\u60f3\u592a\u591a\u4e86"
        },
        {
            "reply_id": "UgxHVCzLsoqf3VjANoV4AaABAg",
            "reply_content": "\u5176\u5be6\u6211\u89ba\u5f97\u90a3\u4e9b\u7c89\u7d72\u53ea\u662f\u559c\u6b61\u4f60\u60f3\u548c\u4f60\u6253\u62db\u547c\uff0c\u4f60\u537b\u8af7\u523a\u5979\u5011\u2026\u2026\u597d\u50cf\u6709\u9ede\u5c0f\u984c\u5927\u4f5c\u4e86\uff08\uff1f\uff09"
        },
        {
            "reply_id": "Ugxqv2iWxjprwdQqmDN4AaABAg",
            "reply_content": "\u4f60\u4f60\u4f60\u4f60\u8fd9\u4e2a\u81ea\u4fe1\u6211\u771f\u7684\u771f\u7684\u975e\u5e38\u7fa1\u6155\ud83d\ude02"
        },
        {
            "reply_id": "Ugxx6Pjc_EwbtKUqXph4AaABAg",
            "reply_content": "\u597d\u53ef\u6190 \u5f9e\u524d\u90a3\u500b\u88ab\u7db2\u8def\u9738\u51cc\u7684\u937e\u660e\u8ed2\u5230\u54ea\u4e86=="
        }
    ]
}