{
    "video_info": {
        "id": "JqFi-etcXmA",
        "channelTitle": "\u937e\u660e\u8ed2",
        "title": "\u4eca\u5929\u600e\u9ebc\u73a9\u81ea\u5df1\uff01",
        "description": "\u4eca\u65e5\u5177\u5099\u7f8e\u7537\u3001\u6e05\u79c0\u3001\u5e25\u3001\u53ef\u611b\u3001\u552f\u7f8e\u3001\u7d33\u58eb\u3001\u6b50\u7f8e\uff5e\nOMG\u5c31\u8ddf\u4f60\u8aaa\u8eab\u9ad4\u597d\u597d\u73a9\uff0c\n\n\u4eca\u5929\u600e\u9ebc\u73a9\u81ea\u5df1\uff1f\n\u9019\u6b21\u9078\u64c7\u9019\u6a23\u3002",
        "likeCount": "29731",
        "commentCount": "2933",
        "viewCount": "630219"
    },
    "comments": [
        {
            "reply_id": "UgzqLL2af5Gk4lvYntJ4AaABAg",
            "reply_content": "\u76f4\u7537\u52a0\u6cb9\u56c9\uff5e"
        },
        {
            "reply_id": "UgyFzPiIoCqohRJYivp4AaABAg",
            "reply_content": "\u8d85\u5e25\u8d85\u597d\u770b\ud83e\udd79"
        },
        {
            "reply_id": "UgxHG495pMEjQMUfgJ94AaABAg",
            "reply_content": "\u611b\u6b7b\u9019\u5957"
        },
        {
            "reply_id": "Ugy4Zu9SJCOIVjtxC7d4AaABAg",
            "reply_content": "\u600e\u9ebc\u597d\u50cf\u66ae\u5149\u4e4b\u57ce\u7f85\u4f2f\u6d3e\u6c40\u68ee\u7684\u611f\u89ba\ud83d\ude0d\ud83d\ude0d"
        },
        {
            "reply_id": "Ugw4YLtXCXcpShCv-EN4AaABAg",
            "reply_content": "\u8ed2\u8a00\uff1a\n\u81ea\u4fe1\n\u5728\u6563\u767c\u81ea\u4fe1\u7684\u6642\u5019\u8ddf\u505a\u81ea\u5df1\u7684\u6642\u5019 \u4f60\u90fd\u4e0d\u77e5\u9053 \u90a3\u4ee3\u8868\u4f60\u662f\u505a\u7684\u771f\u6b63\u7684\u81ea\u5df1 \u4f60\u505a\u7684\u5c31\u662f\u4f60\u81ea\u5df1\n\u6240\u4ee5\u4f60\u6839\u672c\u4e0d\u6703\u610f\u6703\u5230\u9019\u4ef6\u4e8b\u60c5\n\n\u5982\u679c\u610f\u8b58\u5230\u4f60\u5728\u505a\u81ea\u5df1\u90a3\u4ee3\u8868\u4f60\u505a\u7684\u4e0d\u662f\u771f\u6b63\u7684\u81ea\u5df1 \u662f\u4ed6\u60f3\u8b8a\u6210\u90a3\u6a23\u7684\u81ea\u5df1 \u90a3\u662f\u4ed6\u5728\u6a21\u4eff"
        },
        {
            "reply_id": "Ugw7iPWva_uGqOQAnDN4AaABAg",
            "reply_content": "\u597d\u770b"
        },
        {
            "reply_id": "Ugxx4WT8uxnUdx-Wed54AaABAg",
            "reply_content": "\u8d85\u5e25\u7684\u7537\u5b69"
        },
        {
            "reply_id": "UgxCVq0HbW-DRM5w30x4AaABAg",
            "reply_content": "\u660e\u8ed2\u539f\u8c05\u6211\u8fd9\u6b21\u5f71\u7247\u6ca1\u6709\u542c\u4f60\u8bf4\u8bdd...\u5bf9\u4e0d\u8d77\u56e0\u4e3a\u4f60\u592a\u5e05\u4e86\ud83e\udd2f"
        },
        {
            "reply_id": "UgwNp3SoDbf8lvuFpUB4AaABAg",
            "reply_content": "\u65e0\u8bba\u600e\u4e48\u90fd\u50cf\u5973\u7684\uff0c\u6ca1\u6709\u611f\u89c9\u50cf\u7537\u7684"
        },
        {
            "reply_id": "Ugyku8XrfXQ49EPvXhl4AaABAg",
            "reply_content": "\u5e05 \u5f88\u4e0d\u9519\u554a"
        },
        {
            "reply_id": "UgyaOQCJwznQoYYu6yd4AaABAg",
            "reply_content": "\u5c31\u662f\u500b\u5f88\u7f8e\u7684\u5e25\u54e5\ud83d\ude0d"
        },
        {
            "reply_id": "UgzAi1Mcq7BZFoY3eYB4AaABAg",
            "reply_content": "\u937e\u7f8e\u4eba\u5728\u9019\u96c6\u570b\u969b\u5e25\u54e5w \u5e25\u70b8"
        },
        {
            "reply_id": "UgyMbNc-rhuHTcM3aB14AaABAg",
            "reply_content": "\u9019\u96c6\u96e3\u5f97\u770b\u5230\u7279\u5225\u6709\u7537\u6027\u6c23\u8cea\u7684\u4e00\u9762"
        },
        {
            "reply_id": "Ugxj6bKWNbMnAP8uTOd4AaABAg",
            "reply_content": "\u597d\u611b\u4f60"
        },
        {
            "reply_id": "UgwmR9I4aoVv-yCGQwJ4AaABAg",
            "reply_content": "\u6b50\u7f8e\u7cfb\u8d85\u7f8e\u7684"
        },
        {
            "reply_id": "UgxwHHiubbyPOGzV0694AaABAg",
            "reply_content": "\u6bd4\u8f03\u597d\u5947\u9019\u4e00\u6b3e\u5507\u5f69\u4ec0\u9ebc\u724c\u5b50\uff0c\u54ea\u88e1\u8cb7\uff1f"
        },
        {
            "reply_id": "UgwTfo7-1sZ-mnaGfTh4AaABAg",
            "reply_content": "\u937e\u660e\u8ed2\u7684\u5589\u7d50\u771f\u7684\u883b\u5e25\u7684\ud83c\udf1a\ud83d\udc4d"
        },
        {
            "reply_id": "Ugw_eH8j2sn1oMQLlPd4AaABAg",
            "reply_content": "\u5148\u9053\u6b49\uff01\u4ee5\u524d\u4ee5\u70ba\u660e\u8ed2\u6709\u9ede\u80ce\u54e5\uff01\u5c0d\u4e0d\u8d77\u6211\u6c92\u8166\u5b50\uff01\u7d50\u679c\u6211\u662f\u56e0\u70ba\u770b\u4e86\u660e\u8ed2\u7f75\u914d\u97f3\u90a3\u4e00\u96c6\u4e4b\u5f8c\uff01\u8def\u8f49\u7c89\uff01\u597d\u611b\u660e\u8ed2\u54c8\u54c8\u54c8\u54c8\u54c8\uff01\u5e79\u771f\u7684\u597d\u611b"
        },
        {
            "reply_id": "UgxKJ8fj9j3V6woiBk14AaABAg",
            "reply_content": "\u6b63\u5e38\u7537\u751f\u65e9\u8def\u4e0d\u6703\u96d9\u8173\u4ea4\u53c9\uff0c\u937e\u660e\u8ed2\u9732\u9921\u4e86\uff01\u4f60\u9084\u662f\u7576\u5973\u751f\u6bd4\u8f03\u9069\u5408\uff01\n\u611f\u89ba\u4f60\u7684\u8ad6\u8abf\u5f88\u8cfd\u65af\u3002"
        },
        {
            "reply_id": "UgyONq3B-jcJ3Levni54AaABAg",
            "reply_content": "\u8d85\u597d\u770b"
        }
    ]
}