{
    "video_info": {
        "id": "jQwNl7hZ5lw",
        "channelTitle": "\u937e\u660e\u8ed2",
        "title": "\u6211\u768421\u6b72\u751f\u65e5!!",
        "description": "\u8fd1\u671f\u624d\u958b\u59cb\u9ad4\u9a57\u9053\u9019\u6b72\u6578\u7684\u9b54\u529b\uff0c\n\u6709\u4e86\u524d\u8ddf\u5f8c\u7684\u5c0d\u6bd4\uff0c\u624d\u8a8d\u77e5\u5230\u81ea\u5df1\u4ee5\u524d\u597d\u7dca\u7e43\uff01\n\n\u524d\u5169\u5e74\u7684\u751f\u65e5\u90fd\u662f\u81ea\u5df1\u904e\uff0c\n\u4eca\u5e7421\u6b72\u4e86\uff0c\u5076\u723e\u56de\u5230\u7fa4\u5c45\u4eab\u53d7\u672c\u8cea\uff0c\n\u771f\u7684..\u5f88\u5feb\u6a02\uff0c\n\u5118\u7ba1\u5927\u90e8\u5206\u7684\u6642\u9593\u90fd\u82b1\u5728\u8d70\u8def\u8ddf\u585e\u8eca\u4e0a\uff0c\n\u4f46\u6211\u6c92\u60f3\u5230\u539f\u4f86\u9019\u6a23\u7684\u751f\u6d3b\u662f\u90a3\u9ebc\u7684\u5e73\u975c\u3001\u90a3\u9ebc\u7684\u9b06\u3002\n\n\u5f88\u6392\u65a5\u9019\u6b72\u6578\u7684\u4eba\u90fd\u6703\u6709\u7684\u5e7c\u7a1a\uff0c\n\u4f46\u6c92\u6709\u4e86\u5e7c\u7a1a\uff0c\u89ba\u9192\u5f9e\u54ea\u4f86\uff1f",
        "likeCount": "23208",
        "commentCount": "1894",
        "viewCount": "489289"
    },
    "comments": [
        {
            "reply_id": "UgxygkBM-kCVvxkHdup4AaABAg",
            "reply_content": "\u8056\u8a95\u5feb\u6a02\u5404\u4f4d\ud83c\udf84"
        },
        {
            "reply_id": "Ugx2eYWCUsqQ27Tzpdx4AaABAg",
            "reply_content": "\u904e\u5f97\u5f88\u7cbe\u5f69\uff01"
        },
        {
            "reply_id": "UgwnRvQCoSYRqS-07Jp4AaABAg",
            "reply_content": "\u6700\u5f8c\u7684\u7d50\u5c3e\u597d\u597d\u7b11\ud83d\ude02\ud83d\ude02 \u4e00\u7fa4\u53ef\u611b\u7684\u5e74\u8f15\u4eba\ud83d\udc71"
        },
        {
            "reply_id": "Ugx5ndy9AD_GMDaC_fh4AaABAg",
            "reply_content": "\u751f\u65e5\u5feb\u6a02\ud83d\udc9e"
        },
        {
            "reply_id": "UgwX574wlGeTTU7bq3N4AaABAg",
            "reply_content": "\u660e\u8ed2\u6469\u7faf\u5ea7\uff1f"
        },
        {
            "reply_id": "UgwSUnxty5Rk7WhidZN4AaABAg",
            "reply_content": "\u559c\u6b61\u660e\u8ed2\u7d00\u9304\u7684\u9ede\u6ef4\uff01"
        },
        {
            "reply_id": "UgwkJoj3_y885ZXkHZd4AaABAg",
            "reply_content": "\u5c0d\u4e86,\u56e0\u70ba\u4e00\u53e3\u6c23\u628a\u4f60\u7684\u6240\u6709\u5f71\u7247\u90fd\u770b\u5b8c\u4e86,\u7a81\u7136\u627e\u4e0d\u5230\u4f60\u4e4b\u524d\u6709\u63a8\u85a6\u7684\u4fdd\u96aa\u5957\u724c\u5b50,\u53ef\u4ee5\u9ebb\u7169\u544a\u8a34\u6211\u55ce?\u5982\u679c\u9019\u88e1\u4e0d\u65b9\u4fbf,\u8acb\u79c1\u8a0a\u4e5f\u53ef\u4ee5,\u8b1d\u8b1d"
        },
        {
            "reply_id": "UgztJZ60Y2EySRnqxJJ4AaABAg",
            "reply_content": "\u771f\u7684\u5f88\u7528\u5fc3\u8036\uff01"
        },
        {
            "reply_id": "UgzdhHbur3-7xDdTPhZ4AaABAg",
            "reply_content": "\u6700\u5f8c\u592a\u597d\u7b11 \ud83d\ude06\u6211\u55c6\u5230\u4e86\n\u9a0e\u8eca\u7684\u611f\u89ba\u5f88\u7642\u7652\n\u6628\u5929\u4e0b\u5348\u6211\u4e5f\u53bb\u9a0e"
        },
        {
            "reply_id": "UgzdoB1XPX9HD85KhJt4AaABAg",
            "reply_content": "\u4f60\u61c9\u8a72\u591a\u8ddf\u540c\u5b78\u670b\u53cb\u51fa\u53bb\u3002\u4f60\u7684\u7b11\u5bb9\u8ddf\u4f60\u5e73\u5e38\u5f71\u7247\u7b11\u5bb9\u5b8c\u5168\u4e0d\u4e00\u6a23\u3002\u770b\u4e86\u4e5f\u6703\u771f\u7684\u5f88\u958b\u5fc3\ud83d\ude00"
        },
        {
            "reply_id": "Ugxyfpeyu3YTpnRrBq94AaABAg",
            "reply_content": "\u751f\u65e5\u5feb\u6a02\ud83c\udf82"
        },
        {
            "reply_id": "UgzHohcqrDS2nq81Lzh4AaABAg",
            "reply_content": "\u751f\u65e5\u5feb\u6a02"
        },
        {
            "reply_id": "Ugwq9ajVRj7c-bZ2t6V4AaABAg",
            "reply_content": "\u795d\u4f60\u751f\u65e5\u5feb\u6a02\uff0c\u8eab\u9ad4\u5065\u5eb7\uff0c\u5e73\u5b89\u5e78\u798f"
        },
        {
            "reply_id": "UgwEYAH-U1ko665MQ7x4AaABAg",
            "reply_content": "\u751f\u65e5\u5feb\u6a02\u570b\u969b\u7f8e\u4eba"
        },
        {
            "reply_id": "UgylZsVT4Z-hTLChA194AaABAg",
            "reply_content": "\u751f\u65e5\u5feb\u6a02\u6b4c"
        },
        {
            "reply_id": "Ugz47EGcey6Rg7nydeV4AaABAg",
            "reply_content": "\u6211\u8ba4\u4e3a\u949f\u660e\u8f69\u5f88\u50cf\u4eba\u5996"
        },
        {
            "reply_id": "UgwwL1b8OGJLsdugQTx4AaABAg",
            "reply_content": "\u7d50\u5c3e\u540c\u5b78\u5011\u8d85\u53ef\u611b\uff0c\u54c8\u54c8\ud83d\ude04"
        },
        {
            "reply_id": "Ugy6drOQaBDorxCBMzV4AaABAg",
            "reply_content": "\u570b\u969b\u7f8e\u4eba\uff0c\u65e9\u6709\u807d\u805e\u4f60\u9019\u500b\u7279\u5225\u7684\u4eba\u985e\uff0c\u9019\u5e7e\u5929\u770b\u4e86\u4f60\u4e0d\u5c11\u5f71\u7247\uff0c\u5f88\u559c\u6b61\u4f60\u7684\u6027\u683c\uff08\u771f\u7684\uff09\u9084\u6709\u505a\u81ea\u5df1\u7684\u614b\u5ea6\uff0c\u52a0\u6cb9~ \u9178\u6c11\u5011\u9f3b\u8981\u7406\u6703\u5c31\u597d \uff1aD"
        },
        {
            "reply_id": "UgyNYcNNIv1jfEtm3Rd4AaABAg",
            "reply_content": "\u5f8c\u9762\u8d85\u597d\u7b11"
        },
        {
            "reply_id": "UgxV0hH2wRe3Lo0afbd4AaABAg",
            "reply_content": "\u770b\u5230\u90fd\u89ba\u5f97\u597d\u958b\u5fc3"
        }
    ]
}