{
    "video_info": {
        "id": "Keh5FINAZbM",
        "channelTitle": "\u937e\u660e\u8ed2",
        "title": "\u5ee0\u5546\u5230\u5e95\u5728\u5e79\u561b!!",
        "description": "\u6700\u8fd1\u53c8\u5728\u751f\u6d3b\u4e2d\u767c\u73fe\u8d85\u503c\u5f97\u62ff\u4f86\u9760\u5317\u7684\u7522\u54c1\uff0c\n\u9019\u4e9b\u6771\u897f\u6709\u4e9b\u662f\u5ee0\u5546\u5bc4\u4f86\u7684\u516c\u95dc\u54c1\u3001\u6709\u4e9b\u662f\u81ea\u5df1\u81ea\u4e3b\u8cfc\u8cb7\u7684\uff0c\n\u6709\u6642\u5019\u771f\u7684\u770b\u4e0d\u592a\u61c2\u5ee0\u5546\u5011\u5230\u5e95\u5728\u60f3\u4ec0\u9ebc\u6771\u897f\uff1f\n\u70ba\u4ec0\u9ebc\u6703\u88fd\u9020\u4e00\u4e9b\u5ee2\u7269\u51fa\u4f86\u8b93\u5927\u773e\u8cfc\u8cb7\uff0c\nOK\u6211\u77e5\u9053\u9019\u6642\u5019\u4e00\u5b9a\u6703\u6709\u6b63\u7fa9\u9b54\u4eba\u8df3\u51fa\u4f86\u8aaa\uff0c\n\uff08\u5546\u54c1\u597d\u4e0d\u597d\u7528\u662f\u4e3b\u89c0\u5fc3\u5f97\uff0c\u4f60\u6191\u4ec0\u9ebc\u6279\u8a55\uff09\uff0c\n\u4f46\u7167\u9019\u500b\u908f\u8f2f\u4f86\u770b\uff0c\n\u597d\u7528\u7684\u6771\u897f\u5e38\u5e38\u88ab\u540d\u4eba\u5011\u62ff\u4f86\u696d\u914d\u63a8\u85a6\uff0c\n\u4f46\u540d\u4eba\u89ba\u5f97\u4ed6\u597d\u7528\uff0c\u6211\u5011\u4e0d\u898b\u5f97\u6703\u89ba\u5f97\u771f\u7684\u597d\u7528\u554a\uff01\n\u9019\u6642\u5019\u6211\u662f\u4e0d\u662f\u4e5f\u53ef\u4ee5\u8aaa\uff08\u597d\u4e0d\u597d\u7528\u662f\u4e5f\u5f88\u4e3b\u89c0\u7684\uff0c\u8acb\u4e0d\u8981\u63a8\u85a6\uff0c\uff09\n\nAnyway\u6211\u89ba\u5f97\u662f\u5ee2\u7269\u5c31\u662f\u5ee2\u7269\uff0c\u628a\u9019\u4e9b\u5ee2\u7269\u5206\u4eab\u51fa\u4f86\u7d66\u5927\u5bb6\u77e5\u9053\uff0c\n\u6216\u8a31\u6709\u4eba\u540c\u610f\u3001\u6216\u8a31\u6709\u4eba\u4e0d\u5728\u4e4e\uff0c\u9019\u4e9b\u90fdok\uff01\n\n\u6700\u5f8c\u5c31\u795d\u798f\u53f0\u7063\u5ee0\u5546\u5011\u7e7c\u7e8c\u88fd\u9020\u721b\u7522\u54c1\uff0c\u8b93\u6211\u53ef\u4ee5\u64c1\u6709\u66f4\u591a\u8a66\u7528\u7684\u6a5f\u6703\u56c9\ud83d\ude18",
        "likeCount": "35043",
        "commentCount": "1894",
        "viewCount": "1005445"
    },
    "comments": [
        {
            "reply_id": "UgwucJMIrJXFWZQHy0R4AaABAg",
            "reply_content": "\u60f3\u554f\u660e\u8ed2\u81ea\u5df1\u8cb7\u7684\u96b1\u773c\u662f\u4ec0\u9ebc \u597d\u986f \u597d\u559c\u6b61\ud83d\ude0d"
        },
        {
            "reply_id": "Ugw5nqty6FeTQG_HkaV4AaABAg",
            "reply_content": "\u4f1a\u4e0d\u4f1a\u8d8a\u662f\u770b\u900f\u6b7b\u4ea1\u7684\u4eba\u6d3b\u8d8a\u4e45\uff1f\u770b\u900f\u6b7b\u4ea1\u662f\u4e00\u4ef6\u8eab\u5fc3\u5065\u5eb7\u7684\u4e8b\uff0c\u8eab\u5fc3\u5065\u5eb7\u53cd\u800c\u6d3b\u5f97\u4e45\u3002"
        },
        {
            "reply_id": "UgwjvUIM1xrfy5HMR_h4AaABAg",
            "reply_content": "\u9760\u80cc\u5c31\u662f\u9032\u6b65\u7684\u52d5\u529b"
        },
        {
            "reply_id": "UgySWlEYo7wmcdBat-J4AaABAg",
            "reply_content": "\u73c2\u6f64\u7684\u4fdd\u6fd5\u5674\u9727\u771f\u7684\u5f88\u721b\uff01\u540c\u610f\u4f60\u7684\u5f71\u7247\u5167\u5bb9"
        },
        {
            "reply_id": "UgwiRHSqp3G2wVEGFMt4AaABAg",
            "reply_content": "\u73c2\u6f64\u7684\u5674\u9727\uff0c\u6211\u5f88\u559c\u6b61\uff0c\u6211\u76ae\u819a\u5f88\u4e7e\uff0c\u6709\u7570\u4f4d\u6027\u76ae\u819a\u708e\uff0c\u5674\u5b8c\u5674\u9727\uff0c\u7136\u5f8c\u64e6\u4e73\u6db2\uff0c\u4e00\u6574\u5929\u90fd\u6703\u6709\u6fd5\u6fd5\u9ecf\u9ecf\u7684\u611f\u89ba\uff0c\u96d6\u7136\u4e0d\u592a\u8212\u670d\uff0c\u4f46\u662f\u76ae\u819a\u771f\u7684\u5f88\u4fdd\u6fd5\uff0c\u5c0d\u666e\u901a\u76ae\u819a\u7684\u4eba\u53ef\u80fd\u771f\u7684\u592a\u4fdd\u6fd5\uff0c\u53ef\u4ee5\u5674\u5728\u5f88\u4e7e\u7684\u76ae\u819a\uff0c\u50cf\u662f\u95dc\u7bc0\u4e4b\u985e\u7684"
        },
        {
            "reply_id": "Ugw-BSBzHPumVl06RAt4AaABAg",
            "reply_content": "\u67ef\u6f64\u90a3\u500b\u62ff\u4f86\u7576\u9aee\u81a0\u61c9\u8a72\u4e0d\u932f"
        },
        {
            "reply_id": "UgxZMTgFwNKrgPugpt14AaABAg",
            "reply_content": "\u6211\u4e5f\u8d85\u7ea7\u6015\u86c7\ud83d\ude02"
        },
        {
            "reply_id": "UgwzEDj5y8gmqA97dSF4AaABAg",
            "reply_content": "\u6211\u5bb6\u88e1\u4e5f\u6709\u4f60\u90a3\u4e00\u96bb\u5c0f\u72d7\u72d7"
        },
        {
            "reply_id": "Ugxot2-C3X1ZRUACw1N4AaABAg",
            "reply_content": "\u6211\u525b\u597d\u9019\u4e00\u5929\u751f\u65e5\u311f\n\u54c8\u54c8\uff0c\u660e\u8ed2\u5f88\u68d2"
        },
        {
            "reply_id": "UgyVJByZ6cNvbLG3zP14AaABAg",
            "reply_content": "\u5341\u5e74\u524d\u52a0\u7f8e\u5c31\u5df2\u7d93\u6253\u5165\u51b7\u5bae\u4e86\uff0c\u6839\u672c\u662f\u62ff\u6c99\u5b50\u4e1f\u773c\u775b\u7684\u6982\u5ff5\uff0c\u53e6\u5916\uff0c\u6211\u662f\u7fd2\u6163\u62ff\u593e\u5b50\u53d6\u96b1\u773c\u7684\u4eba\uff0c\u5b83\u4e00\u6a23\u8edf\u5230\u5c0d\u6298\u518d\u5c0d\u6298"
        },
        {
            "reply_id": "UgywNPdP8-EHtgzqhdJ4AaABAg",
            "reply_content": "\u771f\u7684\u5225\u4eba\u7684\u6bd2\u85e5\u662f\u81ea\u5df1\u7684\u871c\u7cd6\u6b38\u22ef\u6211\u89ba\u5f97\u8d85\u597d\u6234\u8d85\u597d\u62d4\u22ef\u22ef\u672c\u4f86\u53bb\u773c\u93e1\u884c\u662f\u8981\u8cb7\u5225\u724c\u7d50\u679c\u525b\u597d\u5ea6\u6578\u8ce3\u5b8c\uff0c\u5e97\u54e1\u63a8\u6211\u6606\u51cc\u7684\u96b1\u5f62\u773c\u93e1\uff0c\u6211\u5c31\u60f3\u8a66\u8a66\u770b\uff0c\u7d50\u679c\u4e00\u8a66\u6210\u4e3b\u9867\ud83e\udd23\ud83e\udd23\ud83e\udd23\u4f46\u6211\u4e0d\u5e0c\u671b\u5b83\u505c\u7522\u5566\u6211\u662f\u771f\u7684\u611b\u7528\uff0c\u4f60\u5011\u53bb\u8cb7\u5225\u724c\u5c31\u597d\u4e86\u4e0d\u8981\u5435\u67b6\u5566\ud83d\ude00\ud83d\ude00\ud83d\ude00"
        },
        {
            "reply_id": "UgwwLBzUZY-gkRpgAjN4AaABAg",
            "reply_content": "\u96b1\u5f62\u773c\u93e1\u592a\u8edf\uff0c\u771f\u7684\u5f88\u96e3\u6234"
        },
        {
            "reply_id": "UgzFD56mSF6HvPwHDnt4AaABAg",
            "reply_content": "\u6211\u771f\u7684\u5f88\u6015\u4f60\u88ab\u5ee0\u5546\u544a"
        },
        {
            "reply_id": "UgwRZ201pq9c2hg-29B4AaABAg",
            "reply_content": "\u300c\u6211\u96a8\u6642\u505a\u597d\u6b7b\u4ea1\u7684\u6e96\u5099\u300d\u771f\u7684 \n\u5176\u5be6\u5c31\u662f\u4e5f\u4e0d\u592a\u60f3\u6d3b\u8457"
        },
        {
            "reply_id": "Ugw9lzuU3pmiLxCwsk54AaABAg",
            "reply_content": "\u4fdd\u6fd5\u5674\u9727\u771f\u7684\u975e\u5e38\u9ecf\uff0c\u4e0d\u63a8\uff01"
        },
        {
            "reply_id": "UgxLBjbHH8Q2boqaWHF4AaABAg",
            "reply_content": "\u5478"
        },
        {
            "reply_id": "UgxLwEqVECkGyw02t7x4AaABAg",
            "reply_content": "\u660e\u8ed2 \u662f\u5f88\u771f\u7684\u4eba"
        },
        {
            "reply_id": "UgyLb-UiQtUXsffWq8h4AaABAg",
            "reply_content": "\u660e\u661f\u526f\u696d\u90fd\u662f\u4e0d\u597d\u7684\u5e7e\u4e4e\u5f88\u721b\uff08\u5403\u7684\u7528\u7684\u559d\u7684\uff09"
        },
        {
            "reply_id": "UgwnuXTV6kcNqZK4VON4AaABAg",
            "reply_content": "\u53e3\u7d05\u984f\u8272\u597d\u6f02\u4eae"
        },
        {
            "reply_id": "UgwihpiPc0cwdVumPlR4AaABAg",
            "reply_content": "\u6211\u60f3\u8981\u96b1\u5f62\u773c\u93e1\u54c8\u54c8\u54c8\u54c8"
        }
    ]
}