{
    "video_info": {
        "id": "KfI5Hqo44ko",
        "channelTitle": "\u937e\u660e\u8ed2",
        "title": "\u6211\u76ae\u819a\u771f\u7684\u5f88\u597d\uff01",
        "description": "\u5f9e\u9ad8\u4e2d\u958b\u59cb\n\u76ae\u819a\u5c31\u958b\u59cb\u7316\u72c2\u7684\u9577\u7c89\u523a\u3001\u9752\u6625\u75d8\n\u4e5f\u56e0\u70ba\u5ff5\u8868\u85dd\u7684\u7de3\u6545 \u6642\u5e38\u9700\u8981\u756b\u6fc3\u539a\u7684\u821e\u53f0\u599d\n\u5c0e\u81f4\u6211\u76ae\u819a\u771f\u7684\u5dee\u5230\u7576\u6642\u771f\u7684\u4e00\u5ea6\u5f88\u60f3\u7d50\u675f\u81ea\u5df1\u7684\u751f\u547d\n\n\u5f8c\u4f86\u56e0\u70ba\u807d\u4fe1\u4e86\u7f8e\u599d\u7bc0\u76ee\u4e0a\u7684\u8001\u5e2b\u4ee5\u53ca\u767e\u8ca8\u6ac3\u54e5\u59d0\u7684\u50b3\u6559\n\u90a3\u5e7e\u5e74\u771f\u7684\u4e00\u76f4\u4e0d\u65b7\u7684\u5728\u4f7f\u7528\u8352\u8b2c\u7684\u91ab\u7f8e\u7642\u7a0b\u8ddf\u8cb4\u5230\u5687\u6b7b\u4eba\u7684\u4fdd\u990a\u54c1\n\u6700\u5f8c\u5c0e\u81f4\u81ea\u5df1\u7684\u75d8\u75d8\u808c\u6f14\u8b8a\u6210\u9152\u7cdf\u75d8\u75d8\u808c\n\u7136\u5f8c\u8eab\u5fc3\u9748\u4e5f\u662f\u88ab\u6467\u6b98\u5230\u4e00\u500b\u5e7e\u4e4e\u9ebb\u6728\u7684\u72c0\u614b\n\u7562\u7adf\u5f9e\u5c0f\u6211\u5c31\u611b\u6f02\u4eae\u53c8\u60f3\u7576\u660e\u661f \n\u5230\u5e95\u76ae\u819a\u721b\u6210\u90a3\u6a23\u662f\u8981\u600e\u9ebc\u88ab\u661f\u63a2\u6316\u6398\u5566\n\n\u5f8c\u4f86\u82b1\u4e86\u975e\u5e38\u591a\u7684\u6642\u9593\u8ddf\u91d1\u9322\u628a\u81ea\u5df1\u7684\u76ae\u819a\u6551\u56de\u4f86\u5f8c\n\u6211\u5c31\u7acb\u5fd7\u544a\u8a34\u81ea\u5df1 \n\u672a\u4f86\u6709\u80fd\u529b\u5f8c\u4e00\u5b9a\u8981\u4ee5\u81ea\u5df1\u6700\u6f02\u4eae\u7684\u6a23\u5b50\n\u628a\u4e16\u4e0a\u6240\u6709\u7684\u7684\u721b\u7522\u54c1\u3001\u721b\u50b3\u8a00\u3001\u721b\u65b9\u6cd5\u90fd\u516c\u958b\u51fa\u4f86 \n\u8b93\u53d7\u7f6a\u7684\u4eba\u6e1b\u5c11 \u4e5f\u8b93\u82b1\u51a4\u671b\u9322\u7684\u4eba\u89ba\u9192\n\u7562\u7adf\u76ae\u819a\u4e0d\u597d\u7684\u5fc3\u60c5\u6211\u771f\u7684\u61c2\n\u4e5f\u5b8c\u5168\u53ef\u4ee5\u7406\u89e3\u90a3\u4e9b\u76ae\u819a\u5f88\u5dee\u4e00\u76f4\u6b7b\u4e0d\u62ff\u4e0b\u6234\u53e3\u7f69 \u5f88\u60f3\u6b7b\u7684\u611f\u89ba\n\nAnyway\u76ae\u819a\u4fdd\u990a\u6b77\u7a0b\u8d70\u5230\u73fe\u5728\n\u5f88\u8b1d\u8b1d\u9019\u4e00\u6b21\u53f0\u7063\u9752\u6625\u75d8\u66a8\u73ab\u7470\u6591\u5354\u6703\u7684\u9080\u8acb\n\u8b93\u6c11\u773e\u5011\u6709\u6a5f\u6703\u4e5f\u53ef\u4ee5\u8b8a\u6f02\u4eae\n\n\u6700\u5f8c\u7684\u666e\u4e16\u516c\u7406\u662f\n\u5982\u679c\u76ae\u819a\u6709\u554f\u984c \u8acb\u53bb\u627e\u91ab\u751f\n\u4e0d\u8981\u4ee5\u70ba\u81ea\u5df1\u5f88\u53b2\u5bb3\u64c1\u6709\u6cbb\u7642\u7684\u6280\u80fd\n\n\u53cd\u6b63\u7d50\u5c40\u90fd\u6703\u662f\u6700\u5f8c\u54ed\u8457\u62ff\u5065\u4fdd\u5361\u53bb\u76ae\u819a\u79d1\u639b\u865f\n\u5c31\u5225\u518d\u901e\u5f37\u4e86\uff5e",
        "likeCount": "13228",
        "commentCount": "490",
        "viewCount": "481362"
    },
    "comments": [
        {
            "reply_id": "Ugw5TSBJhpDr36r_CkB4AaABAg",
            "reply_content": "\u88dc\u5145\u8aaa\u660e\uff1a\u82e5\u8981\u50cf\u6211\u5f71\u7247\u4e2d\u9019\u6a23\u7684\u65b9\u5f0f\u6234\u53e3\u7f69\u53ef\u4ee5\u52a0\u4e0a\u900f\u660e\u9632\u8b77\u9762\u7f69\uff0c\u4eba\u591a\u7684\u5730\u65b9\u4e5f\u5efa\u8b70\u4f9d\u7167\u516c\u5f0f\u6a19\u6e96\u6234\u597d\uff0c\u7576\u7136\uff0c\u52e4\u63db\u53e3\u7f69\u4e5f\u662f\u4e00\u500b\u9078\u64c7\u3002"
        },
        {
            "reply_id": "Ugy3rvPeJMp4aAZzXD54AaABAg",
            "reply_content": "\u76ae\u819a\u771f\u7684\u5f88\u5dee"
        },
        {
            "reply_id": "UgwRMLguE_JhQDbcOU94AaABAg",
            "reply_content": "\u8acb\u554f\u60a8\u75d8\u75d8\u91dd\u662f\u53bb\u54ea\u9593\u76ae\u819a\u79d1\u6253\u7684\uff1f"
        },
        {
            "reply_id": "UgyS0yzRQuN8uG_TuwR4AaABAg",
            "reply_content": "\u6211\u5f9e\u51fa\u751f\u5230\u73fe\u5728 \u7d14\u6d17\u81c9 \u5f9e\u4f86\u6c92\u6709\u9577\u904e\u4f60\u525b\u525b\u90a3\u4e9b\u5f71\u7247\u6a19\u984c\u7684\u6771\u897f\u6b38 \u800c\u4e14\u9084\u6709\u860b\u679c\u808c\ud83d\ude02"
        },
        {
            "reply_id": "UgyP6NvYuDhWogZqPuh4AaABAg",
            "reply_content": "\u5168\u8eab\u9f13\u638c\u8d85\u53ef\u7231\ud83d\ude02"
        },
        {
            "reply_id": "UgwgeaDnKolIg6W7pmt4AaABAg",
            "reply_content": "\u5bf9\u54d2\u6211\u90fd\u6ca1\u6709\u7528\u6bdb\u5dfe \u64e6\u8138\uff01 \u90fd\u662f\u6211\u7528\u7eb8\u5dfe\ud83d\ude02"
        },
        {
            "reply_id": "Ugxl--Evg0nnWPzCXPR4AaABAg",
            "reply_content": "\u6211\u4e0d\u6562\uff0c\u56e0\u70ba\u6211\u8cb7\u4e0d\u8d77\ud83d\ude02"
        },
        {
            "reply_id": "UgyJywA535T-tWyFTB54AaABAg",
            "reply_content": "\u771f\u7684\u5f88\u559c\u6b61\u9cf4\u8431"
        },
        {
            "reply_id": "UgyhCBbtrLRHN20waIt4AaABAg",
            "reply_content": "\u70ba\u4ec0\u9ebc\u8981\u53eb\u5225\u4eba\u53bb\u6b7b"
        },
        {
            "reply_id": "Ugxhh7phES1mi5X5KUN4AaABAg",
            "reply_content": "\u8d85\u611b\u660e\u8ed2"
        },
        {
            "reply_id": "Ugz0HEzXMhB7y6cnJc94AaABAg",
            "reply_content": "\u5594\u5594\u5594\u5594\u5594\u5594\u5594"
        },
        {
            "reply_id": "UgyIQ7si04vdx8BXIH54AaABAg",
            "reply_content": "\u9019\u4f4d\u6eab\u67d4\u7537\u4eba\u6700\u597d\u7684\uff0c\u5f9e\u4e0d\u50b7\u5bb3\u5973\u751f"
        },
        {
            "reply_id": "UgxAyCqsGJ53HYuc6xB4AaABAg",
            "reply_content": "\u5a18\u5a18\u8154 \u5feb\u5410\u4e86"
        },
        {
            "reply_id": "Ugw_w9kXVmgXe8AFlBd4AaABAg",
            "reply_content": "\u672c\u4eba\u611b\u559d\u6c34\u55ce"
        },
        {
            "reply_id": "Ugw2ELF0rIbntf4pNGR4AaABAg",
            "reply_content": "\u6b7b\u540c\u6027\u6200\ud83d\ude0a"
        },
        {
            "reply_id": "Ugx9bbBUxgAGmBg_msJ4AaABAg",
            "reply_content": "\u908f\u8f2f\u4e5f\u662f\u4e00\u767e\u5206\u554a\u8ddf\u4f60\u7684\u7532\u7532\u5206\u6578\u4e00\u6a23\u9ad8"
        },
        {
            "reply_id": "UgzbtlsiTSqcum_Y9Sl4AaABAg",
            "reply_content": "\u6211\u4e4b\u5f8c\u56e0\u70ba\u76ae\u819a\u904e\u654f\u8eab\u9ad4\u548c\u81c9\u9577\u4e86\u5f88\u591a\u75d8\u75d8\u770b\u4e86\u5f88\u591a\u76ae\u819a\u79d1\u4f46\u662f\u90fd\u6c92\u4ec0\u9ebc\u6548\u6240\u4ee5\u6211\u5c31\u53bb\u771f\u5fc3\u76ae\u819a\u79d1\u8a3a\u6240\u771f\u7684\u597d\u4e86\u5f88\u591a\u9662\u9577\u770b\u5f97\u5f88\u4ed4\u7d30\u4e5f\u8b1b\u89e3\u5f88\u4ed4\u7d30"
        },
        {
            "reply_id": "UgxjaanozevTPZ2Is054AaABAg",
            "reply_content": "\u7a7f\u7684\u597d\u7f8e\u5594"
        },
        {
            "reply_id": "UgzW6Tl8XhQqe-qP_kx4AaABAg",
            "reply_content": "\u7fa8\u6155\uff0c\u6211\u6574\u81c9\u51f9\u51f8\uff0c\u5f88\u60f3\u780d\u6389\u91cd\u7df4"
        },
        {
            "reply_id": "Ugz6bW6bpInzRPschFF4AaABAg",
            "reply_content": "\u8acb\u554f\u7f8e\u4eba\u53ef\u4ee5\u5206\u4eab\u75d8\u75a4\u7684\u8655\u7406\u65b9\u5f0f\u55ce\uff1f"
        }
    ]
}