{
    "video_info": {
        "id": "kVGjYaY2ILs",
        "channelTitle": "\u937e\u660e\u8ed2",
        "title": "\u6211\u4e0a\u96fb\u8996\u5ee3\u544a\u4e86\uff01\uff01",
        "description": "\u539f\u672c\u53ea\u6d3b\u5728\u65bc\u7db2\u8def\u4e16\u754c\n\u5efa\u7acb\u4e86\u591a\u7a2e\u7248\u672c\u7684\u81ea\u5df1 \n\u5728\u79c1\u4e0b\u8207\u516c\u773e\u4e0a\u81ea\u7531\u7684\u6e38\u8d70 \u7a7f\u68ad\u5728\u6bcf\u6b21\u7d66\u4e88\u81ea\u5df1\u7684\u8a2d\u5b9a\n\u7576\u88ab\u554f\u5230\u70ba\u4f55\u79c1\u4e0b\u898b\u9762\u90fd\u6703\u7d66\u4eba\u4e00\u7a2e\u5f88\u6709\u8ddd\u96e2\u7684\u6a23\u5b50\n\u5176\u5be6\u81ea\u5df1\u4e5f\u4e0d\u662f\u6545\u610f\u7684 \u56e0\u70ba\u9023\u6211\u81ea\u5df1\u90fd\u7121\u6cd5\u7d66\u4e88\u81ea\u5df1\u4e00\u7a2e\u78ba\u5b9a\u7684\u5f62\u8c61\n\u300e\u8b8a\u300f\u662f\u6211\u4e00\u76f4\u90fd\u5728\u611f\u53d7\u7684 \n\u4e5f\u552f\u6709\u300e\u8b8a\u300f\u662f\u6211\u53ef\u4ee5\u78ba\u5b9a\u7684\n\n\u5f88\u69ae\u5e78\u9019\u6b21\u53ef\u4ee5\u56e0\u70ba\u65b0\u666e\u5229\u7684\u95dc\u4fc2\u8b93\u66f4\u591a\u7684\u4eba\u6709\u6a5f\u6703\u8a8d\u8b58\u9019\u6a23\u7684\u6211\n\u8b93\u6211\u7e7c\u7e8c\u904a\u8d70\u5728\u78ba\u5b9a\u8207\u4e0d\u78ba\u5b9a\u4e4b\u9593\n\u60f3\u8981\u7f8e \u5c31\u52aa\u529b\u8b8a\u6210\u81ea\u5df1\u60f3\u8c61\u4e2d\u5c0d\u65bc\u300e\u7f8e\u300f\u7684\u6a23\u5b50\n\u5728\u6bcf\u4e00\u6b21\u7684\u6454\u788e\u8207\u91cd\u7d44\u4e2d \n\u518d\u6b21\u9047\u898b\u90a3\u500b\u60f3\u50cf\u4e2d\u7684\u81ea\u5df1",
        "likeCount": "21745",
        "commentCount": "1685",
        "viewCount": "469205"
    },
    "comments": [
        {
            "reply_id": "UgxpJuPmnqArxrZRf0t4AaABAg",
            "reply_content": "\u8001\u5be6\u8aaa\uff0c\u4e4b\u524d\u627e\u5973\u6027\u4ee3\u8a00\u7684\u6642\u5019\u6211\u771f\u7684\u4ee5\u70ba\u53ea\u662f\u7626\u8eab\u7522\u54c1\u6c92\u7559\u610f\uff0c\u76f4\u5230\u4eca\u5929\u624d\u77e5\u9053\u539f\u4f86\u662f\u5e6b\u52a9\u7761\u7720\u7684\u7522\u54c1\u3002\u6b63\u597d\u6211\u6709\u9700\u8981\u8036\uff0c\u65b0\u666e\u5229\u597d\u660e\u667a\uff0c\u4e5f\u597d\u5927\u81bd\uff0c\u62cd\u5f97\u5f88\u597d\uff0c\u6709\u6c23\u9b44\u7684\u4f01\u696d\u5c31\u662f\u4e0d\u4e00\u6a23\u3002"
        },
        {
            "reply_id": "UgwIuaFSIPdfN3Co-wx4AaABAg",
            "reply_content": "\u4f60\u771f\u68d2"
        },
        {
            "reply_id": "UgwWUHMW_v9bnocalD94AaABAg",
            "reply_content": "\u7f8e\u4e0d\u53ea\u5973\u6027\u624d\u64c1\u6709 \u7537\u4e5f\u6709\u64c1\u6709\u7f8e\u7684\u8cc7\u683c\ud83d\ude0a"
        },
        {
            "reply_id": "Ugyr1GE82r8_YfMtJih4AaABAg",
            "reply_content": "\u570b\u969b\u611b\u6ecb\u6bd2\u7532\u8ed2\u53ef\u4ee5\u63a5\u611b\u6ecb\u75c5\u9632\u6cbb\u7684\u4ee3\u8a00"
        },
        {
            "reply_id": "UgwzPg0YIp6Az6G19O94AaABAg",
            "reply_content": "\u5f88\u559c\u6b61\u770b\u4f60\u4ee3\u8a00\u4fdd\u990a\u54c1\u7684\u5ee3\u544a\u3002\u819a\u8cea\u771f\u597d\ud83d\ude0d\ud83d\ude0d"
        },
        {
            "reply_id": "Ugzx1gHPj38uFc0OwqF4AaABAg",
            "reply_content": "\u9ed1\u8272\u90a3\u5957\u771f\u7684\u5f88\u597d\u770b\u2764"
        },
        {
            "reply_id": "UgyLJ3mv0sdhTFjdU8Z4AaABAg",
            "reply_content": "\u6211\u5bb6\u5927\u6a13\u7684\u96fb\u68af\u6709\u3127\u500b\u5c08\u9580\u653e\u5ee3\u544a\u7684\u87a2\u5e55\u6709\u59b3\u7684\u5ee3\u544a"
        },
        {
            "reply_id": "Ugx1LOgmVwfDxaX5Oo54AaABAg",
            "reply_content": "\u6211\u6709\u770b\u5230\u5ee3\u544a\u5594~"
        },
        {
            "reply_id": "Ugxd4SWvC0QPiRi5BVJ4AaABAg",
            "reply_content": "\u597d\u6709\u8cea\u611f"
        },
        {
            "reply_id": "UgzQtSAaHb1QP-IWBlF4AaABAg",
            "reply_content": "\u771f\u7684\u5f88\u7f8e"
        },
        {
            "reply_id": "UgyiNojeF55rfnkEo-94AaABAg",
            "reply_content": "\u88fd\u4f5c\u5718\u968a\u771f\u7684\u5f88\u5c08\u696d\u5f88\u6709\u6d3b\u529b"
        },
        {
            "reply_id": "UgzoQIM1LllOmlMDFAF4AaABAg",
            "reply_content": "\u9ed1\u8272\u90a3\u5957\u662f\u6c23\u5834\u5f88\u8db3\uff0c\u9738\u6c23\u7f8e\u4eba"
        },
        {
            "reply_id": "UgxlxOIq7l7kRlbgdpR4AaABAg",
            "reply_content": "\u4f60\u7684\u7f8e\u7531\u5167\u800c\u5916~\u4f60\u7684\u52aa\u529b\u9f13\u52f5\u6211\u4e5f\u8981\u540c\u6a23\u52aa\u529b~~\u4f60\u503c\u5f97\u9019\u9ebc\u7f8e\u597d\u7684\u4e8b~~"
        },
        {
            "reply_id": "UgxPdC_kIqWvEi2kfMx4AaABAg",
            "reply_content": "\u8d85\u6709\u8cea\u611f\u7684\u5ee3\u544a\u5594\ud83d\ude2e"
        },
        {
            "reply_id": "Ugx8cO95KuXF7wQ3x-F4AaABAg",
            "reply_content": "\u4f60\u771f\u7684\u597d\u6f02\u4eae"
        },
        {
            "reply_id": "UgxSr6NYckDxhSOEorZ4AaABAg",
            "reply_content": "\u9ed1\u8272\u90a3\u5957\u597d\u5e25"
        },
        {
            "reply_id": "UgzVjUPvfh-vxbBKwdV4AaABAg",
            "reply_content": "\u7f8e\u54ed"
        },
        {
            "reply_id": "UgxmY6wuHIwIG8zhTup4AaABAg",
            "reply_content": "\u7576\u4f60\u8d8a\u5805\u5f37\u904e\u8d8a\u597d\uff0c\u8a0e\u53ad\u4f60\u7684\u4eba\u8d8a\u75db\u82e6\u3002"
        },
        {
            "reply_id": "UgzOJjNTbBQoagz2C6l4AaABAg",
            "reply_content": "*\u937e\u660e\u8ed2\u8b1b\u8a71\u597d\u5be6\u5728\u6211\u8d0a\u6210\u4ed6\u8aaa\u7684\u8a71\uff0c\u5c31\u662f\u6d3b\u5728ing\u73fe\u5728\u9032\u884c\u5f0f\u4e0d\u8981\u6d3b\u5728\u904e\u53bb\uff0c\u5f88\u68d2\uff01\u90fd\u7d66\u6b63\u80fd\u91cf\u8ddf\u597d\u6771\u897f\u90fd\u6703\u5206\u4eab\u6216\u90fd\u6703\u5e6b\u5fd9\u628a\u95dc\u7522\u54c1\u7684\u90a3\u4e9b\u597d\u58de\uff0c\u597d\u611b\u597d\u611b\u5468\u660e\u8ed2\u7684\u983b\u9053\u8ddf\u672c\u4eba\u7684\u8aaa\u6cd5\u3002*"
        },
        {
            "reply_id": "UgwV2eRJ4Qh4hykHFiN4AaABAg",
            "reply_content": "\u5629\uff01\u771f\u7684\u5f88\u7f8e\uff0c\u4e00\u5b9a\u8981\u8cb7\u5566"
        }
    ]
}