{
    "video_info": {
        "id": "LrP5Y1RBpto",
        "channelTitle": "\u937e\u660e\u8ed2",
        "title": "\u4e00\u500b\u4eba\u53bb\u67ec\u57d4\u5be8\uff01",
        "description": "\u53bb\u4e00\u500b\u5c0d\u81ea\u5df1\u4f86\u8aaa\u5e7e\u4e4e\u6c92\u6709\u4ec0\u9ebc\u60f3\u50cf\u57fa\u5e95\u7684\u5730\u65b9\n\u505a\u4e00\u4ef6\u770b\u4f3c\u5e73\u5e38\u5f88\u5e38\u5728\u505a \u4f46\u53ea\u9700\u8981\u628a\u80cc\u666f\u66f4\u63db \u7d50\u679c\u5c31\u6703\u8b8a\u5f97\u5b8c\u5168\u4e0d\u4e00\u6a23\u7684\u4e8b\n\n\u5f9e\u982d\u5230\u5c3e\u90fd\u662f\u4e00\u500b\u4eba\u5728\u898b\u8b49\u3001\u4e00\u500b\u4eba\u5728\u559c\u6b61\u3001\u4e00\u500b\u4eba\u5728\u4e00\u500b\u4eba\n\u300e\u5b83\u300f\u597d\u50cf\u662f\u4e00\u7a2e\u8ddf\u9019\u500b\u4e16\u754c\u8b49\u660e\u81ea\u5df1\u7684\u65b9\u5f0f\n\u6211\u5f88\u6eff\u8db3 \u4e5f\u64c1\u6709\u5c6c\u65bc\u81ea\u5df1\u7684\u77e5\u8db3\n\u8aaa\u5766\u767d \u6211\u5176\u5be6\u9084\u883b\u6176\u5e78\u81ea\u5df1\u8ddf\u5bb6\u4eba\u9b27\u7ffb\u9019\u4ef6\u4e8b\n\u7562\u7adf\u4e00\u500b\u4eba\u4f86 \u4e00\u500b\u4eba\u8d70\n\u6c92\u6709\u4e86\u6240\u8b02\u7684\u5bc4\u8a17\u8ddf\u671f\u76fc \n\u9019\u500b\u300e\u8d70\u300f\u4f3c\u4e4e\u53ef\u4ee5\u8b8a\u5f97\u5f88\u701f\u7051\n\u300e\u56e0\u70ba\u4ed6\u672c\u4f86\u5c31\u662f\u6211\u81ea\u5df1\u7684\u4e8b\u300f\n\n\u53ef\u4ee5\u9019\u6a23\u5b50\u7a7f\u68ad\u5728\u4efb\u4f55\u60c5\u5883\u5287\u88e1\n\u600e\u9ebc\u8fa6\uff5e\uff5e\u597d\u50cf\u8d8a\u4f86\u8d8a\u559c\u6b61",
        "likeCount": "19739",
        "commentCount": "1170",
        "viewCount": "616743"
    },
    "comments": [
        {
            "reply_id": "UgxdW0lfRmCWI32A7ix4AaABAg",
            "reply_content": "\u6211\u6703\u56de\u7b54.\u6211\u4e0d\u6703\u62cd\u919c\u7537."
        },
        {
            "reply_id": "UgwPx79cWvBLpZZXl1x4AaABAg",
            "reply_content": "\u5c0e\u904a\u62cd\u7684\u4e0d\u932f"
        },
        {
            "reply_id": "UgxbdvWcvHvQ0S8jqtF4AaABAg",
            "reply_content": "\u67ec\u57d4\u5be8\u771f\u7684\u6c92\u6709\u90a3\u9ebc\u53ef\u6015 \u6211\u5c0f\u6642\u5019\u5728\u90a3\u908a\u751f\u6d3b\u96d6\u7136\u771f\u7684\u843d\u5f8c \u4f46\u662f\u4eba\u6c11\u90fd\u5f88\u7d14\u6a38 \u90fd\u662f\u90a3\u4e9b\u8a50\u9a19\u96c6\u5718\u5728\u4e82\u641e \u5bb3\u5927\u5bb6\u73fe\u5728\u4e00\u807d\u5230\u67ec\u57d4\u5be8\u90fd\u662f\u8ca0\u9762\u7684 \u4f46\u5176\u5be6\u4e0d\u7ba1\u5728\u54ea\u500b\u570b\u5bb6\u90fd\u9084\u662f\u8981\u6ce8\u610f\u5b89\u5168"
        },
        {
            "reply_id": "Ugwp8kW5htUEvG02KM54AaABAg",
            "reply_content": "\u662f\u554a \u6c92\u4ec0\u9ebc\u597d\u751f\u6c23 \u6709\u4e9b\u4eba\u982d\u6bbc\u6709\u6d1e  \u88ab\u5bb3\u5984\u60f3\u75c7"
        },
        {
            "reply_id": "Ugw-ZKl7R2niJbMsNK14AaABAg",
            "reply_content": "\u53ef\u60b2"
        },
        {
            "reply_id": "UgxM-a12SIMP2S1UHiJ4AaABAg",
            "reply_content": "\u53ef\u6190 \u67ec\u57d4\u5be8\u4eba\u8981\u88ab\u570b\u969b\u611b\u6ecb\u6bd2\u7532\u6563\u64ad\u611b\u6ecb"
        },
        {
            "reply_id": "UgwYd1MRDaUvtr4QrKx4AaABAg",
            "reply_content": "\u6558\u5229\u4e9e\u6216\u4ee5\u8272\u5217\u4e5f\u5f88\u9177"
        },
        {
            "reply_id": "UgzKv7wkWLoMqgoshOV4AaABAg",
            "reply_content": "\u6709\u4e9b\u4eba\u5c31\u81ea\u4ee5\u70ba\u5225\u4eba\u662f\u518d\u770b\u4ed6\u5440\u4e0d\u7136\u600e\u6703\u6709\u65b0\u805e\u64ad\u5831\u6709\u500b\u4eba\u4e0d\u5c0f\u5fc3\u548c\u4e00\u500b\u964c\u751f\u4eba\u64e6\u8eab\u800c\u904e\u53ea\u662f\u5c0d\u5230\u773c\u5c31\u88ab\u780d\u6bba\ud83d\ude02"
        },
        {
            "reply_id": "UgzbHdlcyKsGHvEpOIh4AaABAg",
            "reply_content": "\u6c92\u6709\u554a"
        },
        {
            "reply_id": "Ugxlt9huRnw_PN-f7IZ4AaABAg",
            "reply_content": "\u662f\u5c0d\u7684\u554a"
        },
        {
            "reply_id": "Ugy_CMOkHHA_w4uaxON4AaABAg",
            "reply_content": "\u6211\u5011\u4e0d\u4fdd\u8b77\u4f60\u525b\u525b\u5c31\u4e0d\u898b\u4e86\u6211\u5011\u6c92\u6709\u4fdd\u8b77\u6bcf\u500b\u4eba"
        },
        {
            "reply_id": "UgzwSxsWs8NSg1eSODF4AaABAg",
            "reply_content": "\u5feb\u9ede\u56de\u5bb6\u8036"
        },
        {
            "reply_id": "UgzdhOHqQ2ehscr96794AaABAg",
            "reply_content": "\u6211\u5011\u4fdd\u8b77\u4f60"
        },
        {
            "reply_id": "UgzhPKIKhFxVYHE-qJl4AaABAg",
            "reply_content": "\u8b1d\u8b1d\u6211\u61c2\u4e86\n\u96a8\u6642\u6703\u4e0d\u898b"
        },
        {
            "reply_id": "UgybY0-fYsAp7BzD5E14AaABAg",
            "reply_content": "\u4ed6\u5011\u5c31\u9577\u9019\u6a23\u554a"
        },
        {
            "reply_id": "UgzgovBA9BS89h8wokt4AaABAg",
            "reply_content": "\u6703\u88ab\u95dc\u8d77\u4f86\uff1f"
        },
        {
            "reply_id": "UgyGCWfK74H3_U5hcr14AaABAg",
            "reply_content": "\u6211\u770b\u770b"
        },
        {
            "reply_id": "UgwWT4MqhVyZmjAAZWB4AaABAg",
            "reply_content": "\u4f60\u5e6b\u5927\u5fd9\u4e86\n\u54e5"
        },
        {
            "reply_id": "Ugw5vZH38ZwAiUxhhgh4AaABAg",
            "reply_content": "\u937e\u660e\u8ed2\u4f60\u592a\u68d2\u4e86\uff0c\u5404\u65b9\u9762\u90e8\u512a\u79c0\uff0c\u6700\u8fd1\u624d \u8a02\u95b1\uff0c\u8aaa\u8a71\u5be6\u5728\uff0c \u795d\u798f\u4f60\u7e7c\u7e8c\u524d\u9032\u6211\u624d\u53ef\u4ee5\u770b\u5230\u4f60\u5594"
        },
        {
            "reply_id": "UgxLYhC4xyhid4VXCFZ4AaABAg",
            "reply_content": "\u600e\u9ebc\u6c92\u5e36\u6211\u53bb\ud83d\ude0a"
        }
    ]
}