{
    "video_info": {
        "id": "m0rKd8eJi64",
        "channelTitle": "\u937e\u660e\u8ed2",
        "title": "\u8d81\u4e2d\u570b\u958b\u653e\u524d\u8d95\u5feb\u8dd1\uff01",
        "description": "\u53c8\u662f\u7368\u81ea\u4e00\u4eba\u7684\u65c5\u884c\n\u5728\u5404\u570b\u9084\u672a\u958b\u653e\u4e2d\u570b\u65c5\u5ba2\u524d\n\u5728\u7334\u75d8\u9084\u672a\u51fa\u73fe\u5927\u6d41\u884c\u7684\u8de1\u8c61\n\u76e1\u53ef\u80fd\u628a\u63e1\u73fe\u5728\u53ef\u4ee5\u51fa\u570b\u7684\u6bcf\u500b\u6642\u523b\n\n\u751f\u6d3b\u7684\u6a02\u8da3\u4e3b\u8981\u662f\u4f86\u81ea\u5c0d\u65bc\u751f\u6d3b\u7684\u4e0d\u78ba\u5b9a\n\u5982\u679c\u6211\u5011\u53ef\u4ee5\u78ba\u5b9a\u6bcf\u4e00\u4ef6\u4e8b\u7684\u767c\u5c55\n\u90a3\u9ebc\u4eba\u751f\u4e00\u5b9a\u8b8a\u5f97\u8d85\u7121\u804a\n\n\u4f9d\u7136\u4ee5\u6700\u6df1\u523b\u7684\u65b9\u5f0f\u6d3b\u8457\u3002\n\u5018\u82e5\u6211\u4e0d\u662f\u6211\uff0c\u53c8\u6709\u8ab0\u80fd\u66ff\u6211\u7576\u6211\uff1f",
        "likeCount": "15628",
        "commentCount": "816",
        "viewCount": "608645"
    },
    "comments": [
        {
            "reply_id": "UgwWlttTCjtG4MI2adh4AaABAg",
            "reply_content": "\u53ef\u6190 \u570b\u5916\u53c8\u8981\u6709\u7121\u8f9c\u7684\u4eba\u88ab\u570b\u969b\u611b\u6ecb\u6bd2\u7532\u611f\u67d3\u611b\u6ecb\u4e86"
        },
        {
            "reply_id": "UgwDwoButhcmQs2PnE54AaABAg",
            "reply_content": "\u4eba\u751f\u77ed\u66ab\u6578\u5341\u5e74 \u4eab\u53d7\u4eba\u751f \u9ad4\u9a57\u4eba\u751f \u8b9a\ud83d\udc4d"
        },
        {
            "reply_id": "UgxXZoNWX15PRk8Bsnp4AaABAg",
            "reply_content": "\u4f60\u597d\u68d2\u2764\ufe0f\u6211\u597d\u559c\u6b61\u54c8\u54c8\u54c8\u54c8\u54c8 \u8b93\u4eba\u6709\u60f3\u5145\u5be6\u81ea\u5df1\u7684\u885d\u52c1"
        },
        {
            "reply_id": "UgzppSTB-VkVORayIFN4AaABAg",
            "reply_content": "\u5730\u57df\u9ed1\u591a\u5c11\u6709\u9ede\u8166\u6b98\u5427\uff0c\u4f60\u8981\u53bb\u73a9\u7684\u5730\u65b9\u662f\u5c6c\u65bc\u4f60\u7684\u9ebc\uff1f\u5927\u9678\u4eba\u53bb\u5c31\u8981\u88ab\u7f75\uff1f\u540c\u6a23\u662f\u904a\u5ba2\uff0c\u4f60\u5728\u9ad8\u8cb4\u4ec0\u9ebc\uff1f"
        },
        {
            "reply_id": "UgxCH8EuNnDVMjm6XgJ4AaABAg",
            "reply_content": "\u6211\u5728\u65e5\u672c\u65c5\u6e38\u7684\u65f6\u5019\u5927\u90e8\u5206\u90fd\u662f\u53f0\u6e7e\u97e9\u56fd\u7684 \u4e70\u4e1c\u897f\u65f6\u5019\u8be5\u6392\u961f\u8fd8\u662f\u8981\u6392\u961f\u554a"
        },
        {
            "reply_id": "Ugz2Qga4G65-04F2KzZ4AaABAg",
            "reply_content": "\u60f3\u770b\u660e\u8ed2\u8ddf\u5718"
        },
        {
            "reply_id": "UgzSgGR38GVjbf6WBbV4AaABAg",
            "reply_content": "\u600e\u9ebc\u89ba\u5f97\u4f60\u5feb\u8b8a\u96e8\u795e\u4e86\uff0c\u5475"
        },
        {
            "reply_id": "UgxYdSeMyVPYXVX67m14AaABAg",
            "reply_content": "\u54c7\uff01\u4f60\u4e00\u5929\u9b0d\u9b1a\u5c31\u9577\u600e\u9ebc\u5feb\u55ce\uff1f"
        },
        {
            "reply_id": "UgxKxr7B0vlr4fLQfZB4AaABAg",
            "reply_content": "\u6765\u4e2d\u56fd\u5427\uff0c\u5f88\u591a\u808c\u8089\u5e05\u54e5"
        },
        {
            "reply_id": "UgzABBea5Rm0M5u2gRJ4AaABAg",
            "reply_content": "\u660e\u8ed2\u6211\u5766\u767d\u8b1b\uff0c\u4f60\u771f\u7684\u4e5f\u5f88\u662f\u500b\u9577\u5f97\u5f88\u5e25\u7684\u7537\u751f ~ !"
        },
        {
            "reply_id": "UgzVoq_jUyuADdsP7SB4AaABAg",
            "reply_content": "\u59d0\u771f\u7684\u592a\u5e7d\u9ed8\u4e86"
        },
        {
            "reply_id": "UgwQgE4cgST17McTT0F4AaABAg",
            "reply_content": "\u53ea\u8981\u99e1\u4e2d\u570b\u4eba\u5c31\u770b\u7684\u5f88\u958b\u5fc3\ud83d\ude0a"
        },
        {
            "reply_id": "UgxyIEbLTxfRAHguiMp4AaABAg",
            "reply_content": "\u559c\u6b61\u88ab\u83f2\u5f8b\u8cd3\u6876\u5c41\u773c\u55ce"
        },
        {
            "reply_id": "UgwnaLx48gpMLsQuwn94AaABAg",
            "reply_content": "\u63a8\u8350\u5750\u76f4\u5347\u673a\ud83d\ude81\u73af\u5c9b\uff0c\u4f53\u9a8c\u5f88\u68d2\u7684\u3002"
        },
        {
            "reply_id": "UgyxbMRT5Nx05FlGb454AaABAg",
            "reply_content": "\u771f\u7684\u597d\u71d2 \u597d\u559c\u6b61\u770b\u6bcf\u6b21\u660e\u8ed2\u51fa\u53bb\u73a9\uff01\n\u770b\u5230\u90fd\u60f3\u51fa\u53bb\u73a9 \u6211\u771f\u7684\u76f4\u63a5\u60f3\u8a02\u6a5f\u7968\u8aaa\u8d70\u5c31\u8d70\n-\n\u660e\u8ed2\u6bcf\u6b21\u90fd\u6703\u5206\u4eab\u51fa\u570b\u7684\u5c0f\u6487\u6b65\u6b38\u597d\u559c\u6b61\uff01\n\u9084\u6709\u9019\u500b\u6a5f\u7968\u9322\u4e5f\u592a\u4fbf\u5b9c\u597d\u5212\u7b97\uff01\uff01\uff01\n\u9084\u6709\u9577\u7058\u5cf6\u611f\u89ba\u5f88\u591a\u83dc\u54c8\u54c8\u54c8\n\u76ae\u819a\u9ed1+\u8eab\u6750\u597d+\u53c8\u5e25\n-\n\u660e\u8ed2\u9577\u9b0d\u5b50\u6709\u9ede\u597d\u770b\u6b38 \u4e0d\u53ef\u80fd~\n\u53ef\u4ee5\u8003\u616e\u7559\u4e00\u4e0b\uff08\u539f\u5730\u5148\u5687\u5230\uff09\n\u60f3\u554f\u660e\u8ed2\u6709\u5305\u5c0e\u904a\u55ce\uff1f\uff1f\uff1f\u600e\u9ebc\u611f\u89ba\u884c\u7a0b\u90fd\u662f\u5b9a\u597d\u7684"
        },
        {
            "reply_id": "UgxTw0SYEfzlObCTu2d4AaABAg",
            "reply_content": "\u4e2d\u570b\u958b\u653e\u7684\u8a71\u5230\u8655\u90fd\u662f\u7206\u70b8\u591a\u4eba\u4e86\ud83d\ude05"
        },
        {
            "reply_id": "UgzoJRrBQPzqQAIr9Ol4AaABAg",
            "reply_content": "\u53bb\u5357\u6975\u5566"
        },
        {
            "reply_id": "Ugy9FGFBp70gBY9k9s94AaABAg",
            "reply_content": "\u6a5f\u7968\u597d\u4fbf\u5b9c\u5594\u5929\u554a \u503c\u56de\u7968\u50f9"
        },
        {
            "reply_id": "UgxAaexVX87Lpqj_ZD54AaABAg",
            "reply_content": "\u6240\u4ee5\u53eb\u8757\u87f2\u662f\u6c92\u6709\u932f\u7684\ud83e\udd23"
        },
        {
            "reply_id": "UgydbeA9Oinnx9ceO754AaABAg",
            "reply_content": "\u53ea\u80fd\u8bf4\u4e2d\u56fd\u4eba\u8fd8\u662f\u6709\u94b1"
        }
    ]
}