{
    "video_info": {
        "id": "mk8afo5E3Ws",
        "channelTitle": "\u937e\u660e\u8ed2",
        "title": "\u8fd1\u671f\u7528\u5230\u7684\u721b\u8ca8\uff01",
        "description": "\u4eca\u5929\u4ee5\u7562\u696d\u751f\u7684\u59ff\u614b\u4f86\u8ddf\u5927\u5bb6\u5206\u4eab\u8fd1\u671f\u7528\u5230\u7684\u721b\u8ca8\uff0c\n\u5e0c\u671b\u53ef\u4ee5\u964d\u4f4e\u5730\u7403\u6c11\u773e\u5011\u8e29\u96f7\u7684\u6a5f\u7387\u3002\n\n\u96e2\u958b\u5b78\u6821\u4e5f\u5df2\u7d932~3\u500b\u79ae\u62dc\uff0c\n\u76ee\u524d\u70ba\u6b62\u9084\u771f\u6c92\u6709\u4ec0\u9ebc\u7279\u5225\u7684\u611f\u89ba\u53ef\u503c\u5f97\u5206\u4eab\u3002\n\u4f3c\u4e4e\u53ea\u80fd\u611f\u89ba\u5230\u81ea\u5df1\u4e0d\u80fd\u518d\u5c0d\u5916\u5ba3\u7a31\u81ea\u5df1\u662f\u5b78\u751f\u8eab\u4efd\uff0c\n\u800c\u81ea\u5df1\u7684\u4fdd\u8b77\u6846\u4e5f\u958b\u59cb\u6162\u6162\u6d88\u5931\u5728\u6211\u7684\u751f\u6d3b\u88e1\uff0c\n\u5c31\u9019\u6a23\u3002\n\n\u6bcf\u5e74\u90fd\u6703\u6536\u5230\u4e0a\u767e\u5c01\u5404\u5b78\u6821\u5bc4\u4f86\u7684\u62cd\u651d\u7562\u696d\u795d\u798f\u5f71\u7247\u9080\u8acb\uff0c\n\u4eca\u5e74\u56e0\u70ba\u81ea\u5df1\u4e5f\u525b\u597d\u662f\u61c9\u5c46\u7562\u696d\u751f\uff0c\n\u81ea\u5df1\u4e5f\u60f3\u8981\u6700\u5f8c\u518d\u4ee5\u5b78\u751f\u7684\u6a23\u8c8c\u4efb\u6027\u7684\u60f3\u88ab\u795d\u798f\uff0c\n\u6240\u4ee5\u5982\u679c\u6709\u770b\u5230\u9019\u7bc7\u6587\u5b57\u7684\u4eba\uff0c\u6b61\u8fce\u8e34\u8e8d\u5730\u737b\u4e0a\u795d\u798f\uff0c\n\u5c31\u7576\u4f5c\u662f\u518d\u8b93\u81ea\u5df1\u7576\u500b\u77ed\u66ab\u7684\u5c0f\u5b69\u3002\n\n\u8b1d\u8b1d\u5927\u4eba\u5011\u3002\n\n\u4eca\u5f8c\u8acb\u7e7c\u7e8c\u591a\u591a\u6307\u6559\ud83e\udee1",
        "likeCount": "19020",
        "commentCount": "944",
        "viewCount": "530496"
    },
    "comments": [
        {
            "reply_id": "Ugxg5BgMBqYYMA4TwF54AaABAg",
            "reply_content": "\u660e\u8ed2\u6839\u672c\u4e0d\u6050\u6016\u554a!\u9084\u5f88\u641e\u7b11:D"
        },
        {
            "reply_id": "UgyI5viZxlE6FyFCaE54AaABAg",
            "reply_content": "\u6211\u89ba\u5f97\u53ef\u80fd\u662f\u4f60\u8b8a\u6210\u719f\u4e86\uff01\u770b\u66f8\u5145\u5be6\u81ea\u5df1\uff0c\u983b\u7387\u4e5f\u63d0\u5347\u4e86!!"
        },
        {
            "reply_id": "Ugwmq3DtcXI5uCJQGU94AaABAg",
            "reply_content": "\u5538\u4ec0\u4e48\u7cfb\u7684\u5416\uff1f\u5996\u5b7d\u7cfb\u6bd5\u4e1a\ud83c\udf93"
        },
        {
            "reply_id": "Ugz3SEOQiLx3cU814dN4AaABAg",
            "reply_content": "\u522e\u820c\u82d4\u7684\u4e00\u5e74\u524d\u5c31\u9760\u5317\u904e\u4e86\uff0c\u660e\u8ed2\u4f60\u662f\u4e0d\u662f\u5fd8\u8a18\u4e86\uff1f"
        },
        {
            "reply_id": "UgwrcXpMimc-t5fWo1h4AaABAg",
            "reply_content": "\u522e\u820c\u82d4\u7684\u4e0d\u662f\u9760\u676f\u904e\u4e86\u55ce\uff1f"
        },
        {
            "reply_id": "UgxvCBYFA_N0IUGY8bR4AaABAg",
            "reply_content": "\u9418\u660e\u8ed2\u606d\u79a7\u4f60\u7562\u696d."
        },
        {
            "reply_id": "UgylSsqEEyYjWaDyfOZ4AaABAg",
            "reply_content": "\u6703\u5bb3\u6015\u660e\u8ed2\u7684\u4eba\u6703\u4e0d\u6703\u662f\u6709\u9109\u613f\u3001\u5f9e\u773e\u7684\u500b\u6027?\u660e\u8ed2\u662f\u500b\u6709\u5167\u6db5\uff0c\u80fd\u7368\u7acb\u601d\u8003\uff0c\u4e0d\u88ab\u4eba\u60c5\u4e16\u6545\u5c40\u9650\u7684\u4eba\uff0c\u5e38\u80fd\u9ede\u51fa\u771f\u7406\uff0c\u5728\u4eba\u985e\u4e2d\u7b97\u662f\u7a00\u6709\u52d5\u7269\uff0c\u800c\u5fc3\u8853\u4e0d\u6b63\u7684\u4eba\u4e5f\u5f88\u5bb3\u6015\u9019\u7a2e\u4eba\u3002\u82e5\u80fd\u9047\u5230\u937e\u660e\u8ed2\u53c8\u78b0\u5de7\u53ef\u4ee5\u62cd\u7167\u7684\u8a71\uff0c\u771f\u7684\u5f88\u5e78\u904b!"
        },
        {
            "reply_id": "Ugy21j18nCRC9unKXJJ4AaABAg",
            "reply_content": "\u6703\u6392\u65a5\u4f60\u7684\u4eba\u662f\u56e0\u70ba\u4e0d\u4e86\u89e3\u4f60\uff0c\u56e0\u70ba\u4f60\u7684\u81ea\u4fe1\u4e0d\u505a\u4f5c\u7684\u500b\u6027\u662f\u6703\u8b93\u4eba\u8d8a\u4f86\u8d8a\u559c\u6b61\u4f60"
        },
        {
            "reply_id": "Ugwq9gF38FZgY7d08y54AaABAg",
            "reply_content": "\u660e\u8ed2\u7684\u7b11\u8072\u5f88\u6709\u8da3"
        },
        {
            "reply_id": "UgxfSqQSgKS6_0P2DIF4AaABAg",
            "reply_content": "\u90a3\u500b\u22ef\u808c\u819a\u4e4b\u9470\u6709\u8ce3\u871c\u7c89\u9905\u5594\ud83d\ude05"
        },
        {
            "reply_id": "UgxGVfCm9PMmFp3Aitl4AaABAg",
            "reply_content": "\u7121\u83cc\u5ba4\u7b11\u6b7b\ud83d\ude02"
        },
        {
            "reply_id": "UgxopMZEwuHGLVC6Y9F4AaABAg",
            "reply_content": "\u871c\u7c89\u4e0d\u7d30\u7dfb\u6703\u88ab\u5674 \u7d30\u7dfb\u53c8\u88ab\u5674\u6703\u98db \u771f\u4ed6\u5abd\u55ce\u641e\u7b11"
        },
        {
            "reply_id": "Ugx0WB-gG1uD_s1e7PZ4AaABAg",
            "reply_content": "\u90a3\u9ebc\u53b2\u5bb3\u8981\u4e0d\u8981\u81ea\u5df1\u767c\u660e\u554a \u611f\u89ba\u4f60\u5f88\u6703\u96de\u86cb\u88e1\u6311\u9aa8\u982d\u311f"
        },
        {
            "reply_id": "Ugx7O_LDsbCtC8njQMB4AaABAg",
            "reply_content": "\u4ed6\u5c31\u662f\u63a7\u5236\u4f60\u58d3\u4e00\u4e0b\u7684\u91cf\u554a \u4e0d\u7136\u53c8\u6703\u88ab\u9760\u5317\u8aaa\u751a\u9ebc\u5f88\u5c0f\u4e00\u74f6\u7528\u5f88\u5feb"
        },
        {
            "reply_id": "UgwqlnzgHw3Ud6GKN9B4AaABAg",
            "reply_content": "\u808c\u819a\u4e4b\u9470\u7684\u5305\u88dd\u771f\u7684\u662f\u96e3\u7528\u5230\u8b93\u6211\u5c16\u53eb\uff01\uff01\u5f71\u7247\u5b8c\u5168\u7d2e\u5be6\u7684\u8aaa\u51fa\u6211\u7684\u611f\u60f3\uff01\n\u63a8\u4e00\u500b"
        },
        {
            "reply_id": "UgyZ4EsFhHROwXQtJsJ4AaABAg",
            "reply_content": "\u808c\u819a\u4e4b\u9470\u7f3a\u9ede\u5c31\u53ea\u6709\u4e00\u500b\uff0c\u4f46\u537b\u662f\u9760\u5317\u6700\u4e45\u7684"
        },
        {
            "reply_id": "UgwWAgzEGDhaQgHgmMt4AaABAg",
            "reply_content": "\u63a8\u85a6\u6a02\u65e6\u65af\u7684\u820c\u82d4\u5237\uff0c\u597d\u7528\ud83e\udee1"
        },
        {
            "reply_id": "Ugx88t6K_klfJShLdih4AaABAg",
            "reply_content": "\u88ab\u937e\u660e\u8ed2\u9760\u5317\u904e\u5169\u6b21\u7684\u5546\u54c1\u5c31\u77e5\u9053\u5ee0\u5546\u6c92\u5728\u770b\u937e\u660e\u8ed2\u7684\u5f71\u7247"
        },
        {
            "reply_id": "UgweULWgtmH_ELVCpUF4AaABAg",
            "reply_content": "\u7562\u696d\u4e86\uff0c\u597d\u68d2\u68d2"
        },
        {
            "reply_id": "UgwvlVKfJLxjMVThjSx4AaABAg",
            "reply_content": "\u771f\u5fc3\u89ba\u5f97\u8b1b\u8a71\u5e7d\u9ed8\u5f88\u7206\u7b11 \u800c\u4e14\u8b1b\u7684\u5f88\u6b63\u7d93 \u592a\u53b2\u5bb3 \u54c8\u54c8"
        }
    ]
}