{
    "video_info": {
        "id": "Mv-SeXs69G8",
        "channelTitle": "\u937e\u660e\u8ed2",
        "title": "\u4e00\u500b\u4eba\u96e2\u958b\u7d10\u7d04\uff01",
        "description": "\u6211\u60f3\uff0c\u6700\u597d\u89e3\u91cb\u81ea\u7531\u7684\u65b9\u5f0f\u5c31\u662f\n\u4f60\u4e0d\u7528\u53bb\u300e\u6210\u70ba\u300f\u4efb\u4f55\u4eba\n\u4f60\u4e0d\u7528\u53bb\u300e\u505a\u5230\u300f\u67d0\u7a2e\u6a23\u5b50\n\u4f60\u4e5f\u4e0d\u5fc5\u53bb\u77e5\u9053\u300e\u8a72\u5982\u4f55\u77e5\u9053\u300f\u9019\u4ef6\u4e8b\n\n\u7576\u4eba\u5011\u7d93\u5e38\u8aaa\u4f60\u662f\u300e\u7121\u9650\u6027\u300f\u7684\u6642\u5019\n\u4f60\u5fc5\u5b9a\u6703\u958b\u59cb\u53bb\u89e3\u91cb\u4ec0\u9ebc\u662f\u5c6c\u65bc\u81ea\u5df1\u7684\u300e\u7121\u9650\u300f\n\u800c\u9019\u601d\u8003\u7684\u904e\u7a0b\u5c31\u662f\u628a\u81ea\u5df1\u88dd\u8f09\u9032\u4e00\u7a2e\u6a21\u7d44\u60c5\u5883\u88e1\n\u4f60\u53bb\u89e3\u8b80\u4e86\u7121\u9650 \u4e5f\u53bb\u89e3\u8b80\u4e86\u6709\u9650\n\n\u6211\u958b\u59cb\u4e0d\u8ddf\u4f60\u8aaa\u4f60\u662f\u300e\u7121\u9650\u300f \u958b\u59cb\u4e0d\u8ddf\u4f60\u804a\u4f55\u8b02\u300e\u81ea\u7531\u300f\n\u4e5f\u958b\u59cb\u4e0d\u8ddf\u4f60\u8ac7\u8ad6\u300e\u6211\u662f\u8ab0\u300f\u9019\u4ef6\u4e8b\n\n\u5f9e\u73fe\u5728\u958b\u59cb\n\u5c31\u53ea\u662f\u8b93\u5b83\u958b\u59cb\n\n\u4f60\n\u6211\n\u4e00\u5207",
        "likeCount": "18812",
        "commentCount": "3410",
        "viewCount": "579544"
    },
    "comments": [
        {
            "reply_id": "UgwMSE-6xJS2vfZJbu14AaABAg",
            "reply_content": "\u9019\u4e0d\u662f\u4f60\u7684\u554f\u984c\uff0c\u53ea\u662f\u4ed6\u7121\u77e5"
        },
        {
            "reply_id": "Ugwt8la6jX7q3iBmSLt4AaABAg",
            "reply_content": "\u7b11\u6b7b\u81ea\u5df1\u4e5f\u5728\u6b67\u8996"
        },
        {
            "reply_id": "UgzkFNZIRXh3APBDM094AaABAg",
            "reply_content": "\u6211\u4e5f\u89ba\u5f97\u5728\u5fc3\u88cf\u60f3\u4e0d\u597d\uff0c\u53bb\u78ba\u8a8d\u5f88\u597d\uff0c\u4f46\u82f1\u6587\u4e5f\u592a\u597d\u4e86\u5427\uff0c\u6211\u89ba\u5f97\u90a3\u4e9b\u82f1\u6587\u883b\u96e3\ud83d\ude02\n\u770b\u4f86\u8981\u597d\u597d\u5b78\u82f1\u6587"
        },
        {
            "reply_id": "UgxmvJPHC53n87TFRt54AaABAg",
            "reply_content": "\u62dc\u8a17\u4e0d\u8981\u8b93\u4ed6\u5011\u77e5\u9053\u4f60\u662f\u53f0\u7063\u4eba"
        },
        {
            "reply_id": "Ugy4DbxhHCPYtAIs_nR4AaABAg",
            "reply_content": "\u6211\u88ab\u539f\u5730\u5687\u5230\ud83d\ude2e \u6211\u662f\u5fb7\u570b\u5973\u751f\u6211\u53ea\u662f\u4e0d\u60f3\u8ddf\u4f60\u73a9 \u4f60\u5c31\u8aaa\u6211\u7a2e\u65cf\u6b67\u8996\ud83d\ude22"
        },
        {
            "reply_id": "UgxJHywDSriIhBxx4dB4AaABAg",
            "reply_content": "\u6c92\u4ec0\u9ebc\u610f\u601d \u5169\u6247\u9580\u7684\u623f\u9593 \u662f\u58d3\u529b"
        },
        {
            "reply_id": "UgxJrNSkcIU2kmuM26R4AaABAg",
            "reply_content": "\u6709\u8cb7\u65c5\u884c\u4fdd\u96aa\u55ce\uff1f\u884c\u674e\u53ef\u4ee5\u8ce0\u511f\uff1f"
        },
        {
            "reply_id": "Ugzak2OKBDu7nH3-m8F4AaABAg",
            "reply_content": "\u6211\u89ba\u5f97\u662f\u6c23\u58d3\u5c0e\u81f4\u53e6\u4e00\u500b\u623f\u9593\u7684\u9580\u81ea\u5df1\u6253\u958b\u7684\uff5e\u5225\u64d4\u5fc3\ud83d\ude09"
        },
        {
            "reply_id": "UgwS4ppg-x4iv2n5Lzh4AaABAg",
            "reply_content": "\u8acb\u4e0d\u8981\u50b7\u5fc3\uff0c\u5fb7\u570b\u4eba\u6700\u6703\u7a2e\u65cf\u6b67\u8996\uff0c\u7d55\u5c0d\u4e0d\u662f\u4f60\u7684\u932f\uff01"
        },
        {
            "reply_id": "UgzvaQMNS-ZB68KHNAt4AaABAg",
            "reply_content": "\u5927\u5bb6\u4e0d\u8981\u81ea\u5df1\u9a19\u81ea\u5df1\u4e86, \u6839\u672c\u767d\u4eba\u5c31\u6b67\u8996\u5176\u4ed6\u8272\u4eba, \u9ed1\u4eba\u5c31\u6b67\u8996\u9ec3\u7a2e\u4eba, \u9ec3\u7a2e\u4eba\u5728\u5916\u5730\u53d7\u5230\u7684\u6b67\u8996\u662f\u975e\u5e38\u96e2\u8b5c\u7684, \u5730\u4f4d\u662f\u975e\u5e38\u4f4e\u7684, \u5426\u8a8d\u4e5f\u6539\u8b8a\u4e0d\u4e86\u4e8b\u5be6"
        },
        {
            "reply_id": "UgxomnuhggdTN6ZhhY94AaABAg",
            "reply_content": "\u5927\u5bb6\u90fd\u559c\u6b22\u68c0\u8ba8\u53d7\u5bb3\u4eba\n\u771f\u641e\u4e0d\u61c2\u4e3a\u4ec0\u4e48\ud83d\ude22"
        },
        {
            "reply_id": "Ugz6CbJQ0cSDaQFqsYZ4AaABAg",
            "reply_content": "=.=\r\n\u90fd\u5df2\u7d93\u8aaa\u662f\u4ed6\u5011\u4e00\u7fa4\u53f0\u7063\u4eba \n\u76f4\u63a5\u88ab\u5ffd\u7565\r\n\u800c\u4e0d\u662f\u55ae\u500b\u4ed6\u500b\u4eba(\u5982\u679c\u662f\u55ae\u500b\u4eba\u88ab\u91dd\u5c0d \u90a3\u5c31\u662f\u500b\u4eba\u554f\u984c)\r\n\u800c\u5176\u4ed6\u975e\u53f0\u7063\u7684\u670b\u53cb\u90fd\u88ab\u62c9\u53bb\u6253\u7403\r\n\u9019\u4e0d\u662f\u7a2e\u65cf\u6b67\u8996 \u4e0d\u7136\u662f\u4ec0\u9ebc?\n\u90a3\u4e9b\u7f75\u4f60\u7684 \u771f\u7684\u662f\u7121\u77e5\u6c92\u6559\u990a"
        },
        {
            "reply_id": "UgxUYl5n4pu0Edgso0J4AaABAg",
            "reply_content": "\u597d\u559c\u6b22\u770b\u4f60\u7684\u9891\u9053\ud83e\udd70"
        },
        {
            "reply_id": "Ugw47gUBNCNDrjcHTfp4AaABAg",
            "reply_content": "\u771f\u7684\u8d8a\u4f86\u8d8a\u559c\u6b61\u660e\u8ed2\uff0c\u958b\u5fc3\u5403\u958b\u5fc3\u73a9\uff0c\u505a\u81ea\u5df1\u60f3\u505a\u7684\uff0c\u8aaa\u81ea\u5df1\u60f3\u8aaa\u7684\uff0c\u5927\u5bb6\u90fd\u6709\u7684\u6b0a\u5229\uff0c\u7e7c\u7e8c\u52a0\u6cb9\uff01\u54e6\u4e0d\u904e\u4e0b\u6b21\u4eba\u5bb6\u4e0d\u7406\u4f60\u53ef\u80fd\u55ae\u7d14\u5c31\u662f\u8a0e\u53ad\u4f60\u7684\u9577\u76f8\u6216\u662f\u6563\u767c\u51fa\u4f86\u7684\u6c23\u606f\u4e4b\u985e\u7684\uff0c\u56e0\u70ba\u6211\u4e5f\u9047\u904e\u6211\u4e0d\u559c\u6b61\u7684\u4eba\uff0c\u5c31\u4e00\u500b\u611f\u89ba\uff0c\u6c92\u8fa6\u6cd5\u5f62\u5bb9\u3002\u4f60\u61c2\u55ce\uff1f\u4f46\u90a3\u4e9b\u4e00\u5012\u982d\u5c31\u8aaa\u90fd\u662f\u4f60\u7684\u554f\u984c\u7684\u4eba\uff0c\u8166\u888b\u4e5f\u4e0d\u662f\u5f88\u597d\u3002\u8070\u660e\u4eba\u4e0d\u8981\u8ddf\u7b28\u86cb\u8a08\u8f03\uff0c\u4ee5\u514d\u964d\u4f4e\u81ea\u5df1\u7684\u683c\u5c40\u3002\u6c92\u6709\u8ab0\u7684\u554f\u984c\uff0c\u5c31\u662f\u4e00\u500b\u611f\u89ba\u554f\u984c\u800c\u5df2\uff01"
        },
        {
            "reply_id": "UgzkMUPXQ4kg0JIsY7x4AaABAg",
            "reply_content": "\u5927\u5b66\u8fd8\u662f\u9ad8\u4e2d\u6bd5\u4e1a\uff1f"
        },
        {
            "reply_id": "UgzbkiIbCR8ugqWlbpl4AaABAg",
            "reply_content": "\u6b67\u8996\u672a\u5fc5\u5f97\u662f\u8a00\u8a9e\u6216\u80a2\u9ad4 \u67d0\u4e9b\u884c\u70ba \u6216\u662f\u4e00\u77ac\u9593\u7684\u773c\u795e \u53ea\u8981\u7576\u4e8b\u4eba\u660e\u767d\u4ec0\u9ebc\u662f\u7a2e\u65cf\u6b67\u8996 \u800c\u6df1\u523b\u7684\u611f\u53d7\u906d\u5230\u6b67\u8996 \u90a3\u4fbf\u662f\u4e86\n\u53ea\u80fd\u8aaa\u4e00\u500b\u4eba\u8981\u600e\u9ebc\u8868\u9054 \u6709\u592a\u591a\u7684\u65b9\u5f0f \u4e0d\u540c\u7684\u57ce\u5e9c \u6b67\u8996\u65b9\u5f0f\u4e5f\u53ef\u4ee5\u6709\u5f88\u591a\u7b49\u7d1a \u800c\u4e0d\u540c\u7684\u7b49\u7d1a \u4e5f\u80fd\u5f15\u4f86\u65c1\u4eba\u5c0d\u61c9\u7684\u8a55\u8ad6"
        },
        {
            "reply_id": "Ugy4CZJPEalSv2CFVTJ4AaABAg",
            "reply_content": "\u5176\u5be6\u8def\u4eba\u771f\u7684\u5f88\u96e3\u53bb\u8a55\u65b7\u9019\u4ef6\u4e8b\uff0c\u7562\u7adf\u6211\u5011\u90fd\u4e0d\u5728\u73fe\u5834\uff0c\u8def\u4eba\u628a\u9019\u4ef6\u4e8b\u7576\u500b\u6545\u4e8b\u807d\u5c31\u597d\u4e86"
        },
        {
            "reply_id": "UgxAA_GsW4wDomK0Uqh4AaABAg",
            "reply_content": "\u8c22\u8c22\u4e3b\u64ad \u4e2d\u56fd\u88ab\u767d\u4eba\u6b67\u89c6 \u4e8b\u60c5\u539f\u6765\u662f\u771f\u7684 \u8c22\u8c22\u4e3b\u64ad\u8bc1\u660e\u4e86 \u4e0d\u7136\u8001\u8bf4\u6211\u4eec\u6709\u6211\u4eec\u6709\u95ee\u9898"
        },
        {
            "reply_id": "Ugxze9WRVztXG4zj9jR4AaABAg",
            "reply_content": "\u9418\u598d\u7a4e\u6703\u662f\u4f60\u59d0\u59d0\u55ce\uff1f\ud83d\ude05\u6211\u662f\u597d\u5fc3\u4eba\u937e\u660e\u8ed2\u53ef\u4ee5\u4e0d\u8981\u653b\u64ca\u6211\u55ce\uff1f\ud83d\ude22"
        },
        {
            "reply_id": "UgzAE2KqotosRVRPFdR4AaABAg",
            "reply_content": "\u54c8\u54c8\u54c8\u54c8"
        }
    ]
}