{
    "video_info": {
        "id": "ndS_dGqb46U",
        "channelTitle": "\u937e\u660e\u8ed2",
        "title": "\u4e00\u500b\u4eba\u53bb\u8fea\u58eb\u5c3c\uff01",
        "description": "\u53ea\u8981\u8eab\u70ba\u4eba\u985e \uff0c\u300e\u8b8a\u5316\u300f\u7d55\u5c0d\u662f\u65e5\u5e38\u3002\n\u81ea\u5df1\u8eab\u8655\u65bc\u793e\u6703\u7576\u4e2d\uff0c\u5b78\u7fd2\u611f\u53d7\u81ea\u5df1\u7684\u300e\u8b8a\u300f\uff0c\u4ee5\u53ca\u80fd\u5920\u628a\u81ea\u5df1\u5305\u88dd\u6210\u67d0\u7a2e\u65e2\u5b9a\u7684\u6a23\u8c8c\u53bb\u8ddf\u65c1\u4eba\u5047\u88dd\u6c92\u4e8b\u7684\u4ea4\u6d41\u662f\u4e00\u4ef6\u975e\u5e38\u56f0\u96e3\u7684\u4e8b\u3002\n\u6211\u5c0d\u65bc\u5df2\u7d93\u53ef\u4ee5\u505a\u5230\u5e73\u8861\u5169\u8005\u7684\u4eba\u611f\u5230\u4f69\u670d\uff01\n\u5e0c\u671b\u4f60\u662f\u81ea\u5728\u4e14\u5f97\u610f\u7684\u3002\n\n\u7576\u6211\u5728\u65c5\u9014\u88e1\u4e0d\u9810\u6599\u4efb\u4f55\u4e8b\u3001\u4e0d\u9810\u6599\u4efb\u4f55\u672a\u4f86\u53ef\u80fd\u6703\u78b0\u89f8\u5230\u7684\u300e\u611f\u89ba\u300f\u6642\uff0c\n\u6211\u662f\u771f\u6b63\u7684\u5feb\u6a02\u3002\n\u4e0d\u9810\u5224\u3001\u4e0d\u5be9\u8996\u3001\u4e0d\u6279\u5224\u3001\u4e0d\u5047\u88dd\uff01\n\u53ea\u8981\u5c0d\u4ed6\u4eba\u4e0d\u9020\u6210\u5f71\u97ff\uff0c\n\u5c31\u653e\u5fc3\u7684\u8b93\u81ea\u5df1\u5728\u6bcf\u4e00\u6b21\u610f\u8b58\u6d41\u8f49\u7684\u524d\u4e00\u523b\u505a\u81ea\u5df1\u90a3\u500b\u6642\u523b\u6700\u559c\u6b61\u7684\u4e8b\u5427\uff01\n\n\u8b1d\u8b1d\u8b8a\u5316\u9019\u4ef6\u4e8b\n\u8b93\u6211\u59cb\u7d42\u90fd\u4e0d\u662f\u500b\u7121\u804a\u7684\u4eba",
        "likeCount": "19435",
        "commentCount": "768",
        "viewCount": "674495"
    },
    "comments": [
        {
            "reply_id": "UgxEm--vGpZjWuNwm1N4AaABAg",
            "reply_content": "\u73fe\u5728\u53bb\u8fea\u58eb\u5c3c\u771f\u7684\u5efa\u8b70\u5927\u5bb6\u63d0\u524d2-3\u5c0f\u6642\u6392\u968a \u7136\u5f8c\u6015\u66ec\u9ed1\u7684\u670b\u53cb\u9632\u66ec\u5df2\u7d93\u4e0d\u5920\u4e86 \u967d\u5098\u624d\u662f\u57fa\u914d\uff01\uff01"
        },
        {
            "reply_id": "UgxQmQKg_fI_bLhwP8t4AaABAg",
            "reply_content": "\u4eca\u5e742\u6708\u4e5f\u81ea\u5df1\u73a9\u4e86USJ\n\u96d6\u7136\u662f\u8ddf\u540c\u4e8b\u8ddf\u5718\u53bb\u7684\uff0c\u4f46\u662f\u5f8c\u9762\u90fd\u8b8a\u6210\u662f\u81ea\u5df1\u4e00\u500b\u4eba\u73a9\uff0c\u53cd\u800c\u9084\u6bd4\u8f03\u81ea\u5728\n\u6709\u5225\u4eba\u5728\u53cd\u800c\u6bd4\u8f03\u9650\u5236\uff0c\u4e5f\u4e0d\u662f\u8aaa\u4e0d\u597d\uff0c\u8ddf\u670b\u53cb\u53bb\u6709\u5b83\u7684\u597d\u73a9\u4e4b\u8655\u548c\u56de\u61b6\n\u4f46\u81ea\u5df1\u53bb\u53c8\u6709\u4e0d\u540c\u7684\u5fc3\u5883\u548c\u610f\u7fa9\n\u5728\u7570\u5730\u4e00\u500b\u4eba\u73a9\u53cd\u800c\u5f88\u81ea\u7531\uff0c\u56e0\u70ba\u8d70\u5728\u8857\u4e0a\u5927\u5bb6\u90fd\u4e0d\u8a8d\u8b58\n\u4eba\u90fd\u8981\u5b78\u6703\u8207\u5b64\u7368\u76f8\u8655\n\u6700\u5f8c\u7684\u7d50\u5c3e\u8aaa\u5f97\u5f88\u597d\uff0c\u5e0c\u671b\u4f60\u80fd\u6c38\u9060\u5feb\u6a02\u6709\u81ea\u4fe1\u2764"
        },
        {
            "reply_id": "UgwpSvjxMHDKzcX8G3F4AaABAg",
            "reply_content": "\u53ef\u6190 \u8fea\u58eb\u5c3c\u9644\u8fd1\u53c8\u6709\u8981\u4eba\u88ab\u570b\u969b\u611b\u6ecb\u6bd2\u7532\u611f\u67d3\u611b\u6ecb\u4e86"
        },
        {
            "reply_id": "UgxidtnJjh6Eol2JqS94AaABAg",
            "reply_content": "\u5176\u5be6\uff0c\u6700\u7d42\u4eba\u4f86\u53bb\u90fd\u662f\u4e00\u500b\u4eba\uff0c\u628a\u81ea\u5df1\u904e\u597d\u771f\u597d\u5f88\u91cd\u8981\u203c\ufe0f"
        },
        {
            "reply_id": "Ugz9JOP87N0i9e-SJM14AaABAg",
            "reply_content": "\u70ba\u4f60\u7684\u4eab\u53d7\u9ad8\u8208\ud83c\udf89"
        },
        {
            "reply_id": "UgwBHn2-yeitarYs8ct4AaABAg",
            "reply_content": "\u8d85\u7d1a\u53ef\u611b"
        },
        {
            "reply_id": "Ugw5R0fNT_FmET6h1KV4AaABAg",
            "reply_content": "\u4e00\u500b\u4eba\u7684\u63a2\u96aa\uff0c\u5176\u5be6\u4e5f\u883b\u4eab\u53d7"
        },
        {
            "reply_id": "Ugw16-ey3_UPLlgxcUN4AaABAg",
            "reply_content": "\u4e00\u500b\u4eba\u8d85\u723d\uff0c\u611b\u505a\u4ec0\u9ebc\u5c31\u505a\u4ec0\u9ebc\uff0c\u4e0d\u7528\u914d\u5408\u5225\u4eba"
        },
        {
            "reply_id": "UgwpKXNrR2RWF2VFxZF4AaABAg",
            "reply_content": "\u6b63\u78ba\u7684\u4f86\u8aaa\u662f\u4e00\u500b\u5b8c\u6574\u7684\u4eba"
        },
        {
            "reply_id": "UgyTgR2moOKNrMBGcqF4AaABAg",
            "reply_content": "\u611f\u89ba\u6bcf\u6b21\u770b\u8ed2\u7684\u4e00\u500b\u4eba\u7cfb\u5217 \u90fd\u89ba\u5f97\u773c\u795e\u4e2d\u6709\u9ede\u6050\u61fc\u5462\ud83d\ude22\u64d4\u5fc3"
        },
        {
            "reply_id": "UgzvTAlDkNBm9Mh-W0B4AaABAg",
            "reply_content": "\u65e5\u672c\u73fe\u5728\u904e\u4e0b\u5348\u4e09\u9ede\u5c31\u4e0d\u71b1\u4e86\uff0c\u665a\u4e0a\u633a\u6dbc\u7684\uff0c\u525b\u5f9e\u8fea\u58eb\u5c3c\u56de\u4f86\u89ba\u5f97\u904a\u884c\u4e5f\u883b\u503c\u5f97\u770b\u7684"
        },
        {
            "reply_id": "Ugx4bmCnrl4BahQZzYt4AaABAg",
            "reply_content": "\u90a3\u500b\u7c73\u5947\u6f22\u5821\u9aee\u7b8d\u597d\u53ef\u611b\u2764\u2764"
        },
        {
            "reply_id": "UgzWe4oHOholRFts4iB4AaABAg",
            "reply_content": "\u6c92\u670b\u53cb\uff1f\u6211\u53ef\u4ee5\u7576\u4f60\u7684\u670b\u53cb\u55ce\uff1f\n\u4f60\u5f88\u68d2\uff01\u771f\u7684\u5f88\u559c\u6b61\u4f60\u9019\u500b\u4eba\uff01\u5982\u679c\u4f60\u6709\u770b\u5230\u9019\u7bc7\u7559\u8a00\uff0c\u4f60\u8981\u77e5\u9053\uff0c\u4f60\u4e0d\u5b64\u55ae\u5594\ud83d\ude0a"
        },
        {
            "reply_id": "UgzfF6BSs2esaOpXoK14AaABAg",
            "reply_content": "\u4f60\u7684\u5206\u4eab\u771f\u7684\u5f88\u68d2 \u5c0d\u751f\u547d\u548c\u4eab\u53d7\u751f\u547d\u7684\u9ad4\u9a57\u6709\u771f\u6b63\u4eab\u53d7\u6d3b\u5728\u7576\u4e0b\u7684\u611f\u89ba\uff0c\u6211\u4e5f\u653e\u4e0b\u5c0d\u770b\u81ea\u5df1\u773c\u5149\u7684\u6846\u67b6\uff0c\u7d14\u7cb9\u611f\u53d7\u7576\u4e0b\u7684\u7bc0\u594f\u548c\u611f\u89ba\u4e2d\u3002\u611f\u6069\u4f60\u7684\u751f\u6d3b\u5206\u4eab\uff0c\u5e36\u7d66\u4e88\u6211\u751f\u6d3b\u7684\u9748\u611f\u3002\u795d\u798f\u4f60\u5feb\u6a02\u548c\u66f4\u591a\u8d85\u68d2\u7684\u4eba\u751f\u73a9\u6a02\u9ad4\u9a57\uff5e"
        },
        {
            "reply_id": "UgxPTdqjZHIxSxxk12R4AaABAg",
            "reply_content": "\u597d\u5e78\u798f"
        },
        {
            "reply_id": "Ugx69dJHBGm-9dxtdfp4AaABAg",
            "reply_content": "\u54c7\u597d\u55e8\ud83c\udf89\u8b9a"
        },
        {
            "reply_id": "UgxgjKN-HXx2kmybTO54AaABAg",
            "reply_content": "\u660e\u8ed2\u6211\u4e0a\u6b21\u6691\u5047\u7684\u6642\u5019\u53bb\u65e5\u672c\u74b0\u7403\u5f71\u57ce\u6709\u9047\u5230\u4f60\u6211\u5abd\u5abd\u9084\u8ddf\u4f60\u62cd\u7167"
        },
        {
            "reply_id": "UgwA8EQ6-SvQYB9PB1d4AaABAg",
            "reply_content": "\u6211\u5341\u7d1a\u6311\u6230\u6210\u529f...\u54c8\u54c8!\u4e0d\u6703\u5b64\u7368\u963f.\u53cd\u800c\u91ab\u8b77\u4eba\u54e1\u90fd\u6703\u89ba\u5f97\u4f60\u81ea\u5df1\u4f86\u5c31\u7279\u5225\u7167\u9867\u4f60!\u96d6\u7136\u5f8c\u9762\u4e5f\u88ab\u5bb6\u4eba\u77e5\u9053\u4e86,\u54c8\u54c8\u54c8..\u5bb6\u4eba\u4e5f\u90fd\u7f75\u6211,\u6c92\u6709\u95dc\u4fc2,\u81f3\u5c11\u6211\u6311\u6230\u6210\u529f!~\u554f\u984c\u9019\u662f\u6311\u6230\u55ce?\u54c8\u54c8"
        },
        {
            "reply_id": "UgypHxMiQaqMg5E3VqF4AaABAg",
            "reply_content": "\u6211\u90fd\u597d\u4ecb\u610f\u5225\u4eba\u7684\u76ee\u5149\uff0c\u9084\u6709\u5225\u4eba\u5c0d\u6211\u7684\u611f\u53d7"
        },
        {
            "reply_id": "Ugx7V8YxSqVTjvSNU4t4AaABAg",
            "reply_content": "\u597d\u68d2"
        }
    ]
}