{
    "video_info": {
        "id": "nKdNoUmb9K4",
        "channelTitle": "\u937e\u660e\u8ed2",
        "title": "\u88ab\u9178\u6c11\u539f\u5730\u5687\u5230\uff01",
        "description": "\u81ea\u5f9e\u5f9e\u7f8e\u570b\u56de\u5230\u53f0\u7063\n\u4e0d\u50c5\u662f\u4eba\u5e73\u5b89\u56de\u4f86 \u9023\u9178\u6c11\u4e5f\u4e00\u8d77\u539f\u5730\u966a\u964d\u843d\n\u5be6\u5728\u662f\u6211\u6700\u89aa\u5bc6\u7684\u5bb6\u4eba\n\n\u7576\u9178\u6c11\u8868\u9054\u5c0d\u516c\u773e\u4eba\u7269\u770b\u6cd5\u6642\u4e0d\u514d\u4fd7\u6703\u6dfb\u52a0\u4e00\u53e5\uff1a\n\u300e\u4f60\u5011\u662f\u516c\u773e\u4eba\u58eb\u672c\u4f86\u5c31\u61c9\u8a72\u53d7\u5230\u5927\u5bb6\u7684\u8a55\u8a9e\uff0c\u800c\u4e14\u6211\u4e5f\u64c1\u6709\u6211\u7684\u8a00\u8ad6\u81ea\u7531\u6b0a\u3002\u300f\n\u5982\u679c\u662f\u50bb\u50bb\u7684\u516c\u773e\u4eba\u58eb\u53ef\u80fd\u662f\u6703\u6478\u6478\u9f3b\u5b50\u53ea\u6d3b\u5728\u81ea\u5df1\u7684\u540c\u6eab\u5c64\u8a34\u8a34\u82e6\u6700\u5f8c\u5f97\u6182\u9b31\u75c7\u518d\u544a\u8a34\u5927\u5bb6\u81ea\u5df1\u6d3b\u5f97\u5f88\u597d\u4f46\u79c1\u5e95\u4e0b\u72c2\u770b\u5fc3\u9748\u96de\u6e6f\u88dc\u8db3\u81ea\u5351\u611f\n\n\u4f46\u6211\u4e0d\u8d70\u9019\u8def\u7dda\n\u6211\u4f9d\u7136\u662f\u559c\u611b\u73a9\u904a\u6232\u7684\u90a3\u500b\n\n\u4f60\u505a\u4f60\u7684\u4f4e\u8cea\u611f \u6211\u505a\u6211\u7684\u660e\u661f\u6a23\n\u4f60\u8aaa\u4f60\u7684\u516b\u5366\u8a71 \u6211\u770b\u6211\u7684\u54f2\u5b78\u66f8\n\u4f60\u611b\u4f60\u7684\u540c\u6eab\u5c64 \u6211\u611b\u6211\u662f\u4e00\u500b\u4eba\n\u6700\u5f8c\u4f60\u60f3..\u4f60\u9577\u5927\u5f8c\u6703\u6210\u70ba\u4ec0\u9ebc\u6a23\u7684\u4e00\u500b\u4eba\uff1f\n\n\u6211\u53ea\u77e5\u9053...\n\u6211\u9084\u8981\u7e7c\u7e8c\u73a9\uff01",
        "likeCount": "17384",
        "commentCount": "5431",
        "viewCount": "481795"
    },
    "comments": [
        {
            "reply_id": "Ugw5RlGGP6maixmoqNl4AaABAg",
            "reply_content": "\u5f71\u7247\u88e1\u7684\u90a3\u500b\u7537\u7684\uff1a\u4ed6\u6c92\u54c1\u53c8\u6c92\u6c23\u8cea\uff0c\u4ed6\u5c31\u662f\u500b\u6e23"
        },
        {
            "reply_id": "UgyXk6Jlrj77ZTdoJYx4AaABAg",
            "reply_content": "\u5efa\u8b70\u99ac\u4e0a\u8b93\u4e2d\u5171\u63a5\u6536\u53f0\u7063\uff0c\u9019\u6a23\u4e00\u65e6\u6c92\u6709\u8a00\u8ad6\u81ea\u7531\uff0c\u5c31\u4e0d\u6703\u6709\u9178\u6c11\u4e86\uff0c\u8166\u7c89\u4e00\u5b9a\u4e5f\u6703\u5f88\u9ad8\u8208"
        },
        {
            "reply_id": "UgxGt9JTpx1mbIb0cPZ4AaABAg",
            "reply_content": "\u5148\u4e0d\u8ad6\u4ed6\u7684\u89c0\u9ede\uff0c\u4f46\u4ed6\u771f\u7684\u5641\u5fc3"
        },
        {
            "reply_id": "Ugx_PWMEU9UWskfMnwd4AaABAg",
            "reply_content": "\u5728\u53f0\u7063\u5927\u5bb6\u4e5f\u6703\u5f88\u81ea\u7136\u800c\u7136\u5730\u8ddf\u540c\u9109\u7684\u4eba\u73a9\u518d\u4e00\u8d77\uff0c\u5225\u4eba\u4e0d\u8ddf\u4f60\u6253\u7403\u5c31\u8d70\u4e0a\u524d\u5634\u7832\u4ed6\u7a2e\u65cf\u6b67\u8996\uff0c\u7136\u5f8c\u9019\u90e8\u5f71\u7247\u4ed6\u81ea\u5df1\u4e5f\u8aaa\u4ed6\u4e0d\u8b1b\u56a5\u4e0d\u4e0b\u9019\u53e3\u6c23\uff0c\u9084\u662f\u6703\u7d42\u751f\u907a\u61be\u7684\u90a3\u7a2e  \r\n\u525b\u525b\u770b\u5230\u6c11\u8996\u6709\u5831\u9084\u8aaa\u937e\u9ad8EQ\uff0c\u54c8\u54c8\u54c8\u7b11\u6b7b\u4eba\uff0c\u5fc3\u80f8\u9019\u9ebc\u72f9\u9698\u9019\u7a2e\u4eba\u53ef\u4ee5\u7a31\u505a\u9ad8EQ\u5594\uff0c\u6211\u771f\u7684\u539f\u5730\u5687\u5230\u8036!(\u64fa\u624b~\n\u963fTOYZ\u90a3\u96bb\u5f71\u7247\u5f8c\u9762\u90a3\u6bb5\u600e\u4e0d\u653e\u4e0a\u4f86\u56de\u61c9\uff0c\u4f60\u8aaa\u90a3\u500b\u5fb7\u570b\u5973\u628a\u4f60\u540c\u7d44\u7684\u767d\u4eba\u670b\u53cb\u62c9\u904e\u53bb\u6253\u7c43\u7403\n\u90a3\u4f60\u540c\u7d44\u7684\u767d\u4eba\u670b\u53cb\u600e\u9ebc\u6c92\u627e\u4f60\uff0c\u963f\u4ed6\u5011\u4e5f\u7a2e\u65cf\u6b67\u8996\u5594\uff0c\u7b11\u6b7b\u4eba"
        },
        {
            "reply_id": "UgwJIOrflpSi3MQou0d4AaABAg",
            "reply_content": "\u9019\u96c6\u771f\u7684\u8b93\u6211\u7b11\u5230\u5f9e\u6905\u5b50\u4e0a\u7ffb\u904e\u53bb \u63a8\u570b\u969b\u7f8e\u4eba\u8ed2\u2764"
        },
        {
            "reply_id": "Ugwjyj6XXKQHSFpP6WR4AaABAg",
            "reply_content": "\u53ea\u9700\u5dde\u5b98\u653e\u706b \u4e0d\u8a31\u767e\u59d3\u9ede\u71c8 \u53f0\u7063\u5c31\u662f\u6709\u9019\u9ebc\u591a\u9019\u7a2e\u4eba\ud83d\ude2e\ud83d\ude2e"
        },
        {
            "reply_id": "UgySQYXFWYF-uoC6xi54AaABAg",
            "reply_content": "\u81ea\u5df1\u4e0d\u80fd\u88ab\u7f75 \u5225\u4eba\u53ef\u4ee5\u88ab\u7f75"
        },
        {
            "reply_id": "UgyqVbvgoNA2Ouq-GNp4AaABAg",
            "reply_content": "\u6c38\u9060\u611b\u4f60"
        },
        {
            "reply_id": "UgxkUWoN1lu57_H60Rl4AaABAg",
            "reply_content": "\u6211\u9084\u662f\u89ba\u5f97\u660e\u8ed2\u8b1b\u7684\u8a71\u90fd\u5f88\u6709\u9053\u7406\u3002"
        },
        {
            "reply_id": "Ugy240p-5nFUku9mTx54AaABAg",
            "reply_content": "\u984d\u2026\u6211\u770b\u4e86\u5f88\u591a\u6b21\u9019\u500b\u5f71\u7247 \u4f9d\u820a\u4e0d\u77e5\u9053toyz \u5728\u8b1b\u5565\n\u6beb\u7121\u908f\u8f2f\u53ef\u8a00\u554a\u2026.\n\n\u800c\u4e14\u70ba\u5565\u5927\u5bb6\u5c0d\u9418\u660e\u8ed2\u88ab\u6b67\u8996\u9019\u4ef6\u4e8b\u60c5\u53cd\u61c9\u9019\u9ebc\u5927\uff1f\u660e\u8ed2\u611f\u89ba\u88ab\u6b67\u8996\u4e86\u5c31\u662f\u4e0a\u524d\u8a62\u554f\u2026\u9019\u4ef6\u4e8b\u60c5\u6c92\u6709\u932f\u5440\u2026\uff1f\u70ba\u4ec0\u9ebc\u8981\u7f75\u4ed6\uff1f\u6c42\u89e3\ud83e\udd14"
        },
        {
            "reply_id": "UgwVKO_ecvcCKZJ_hi54AaABAg",
            "reply_content": "\u6839\u672c\u5c31\u4e0d\u95dc\u90a3\u500b\u73a9\u5177\u4eba\u3106\u4e8b \u786c\u8981\u8e6d"
        },
        {
            "reply_id": "UgwVmctYu-QTEGy18pt4AaABAg",
            "reply_content": "\u54e6\u4f60\u53ef\u4ee5\u9589\u5634\u4e86"
        },
        {
            "reply_id": "UgwXmEJDrKrpO__ksyd4AaABAg",
            "reply_content": "\u6211\u4e5f\u662f\u9999\u6e2f\u4eba\uff0c\u652f\u6301\u4f60\uff0c\u52a0\u6cb9\u505a\u81ea\u5df2"
        },
        {
            "reply_id": "Ugy6xXNCVMQ36iBQhXx4AaABAg",
            "reply_content": "\u7b11\u6b7b"
        },
        {
            "reply_id": "UgyCWRWUgujYAtdZzXF4AaABAg",
            "reply_content": "\u6240\u4ee5\u4f60\u70ba\u4ec0\u9ebc\u4e0d\u53ef\u4ee5\u770b\u5b8ctoyz\u6574\u689d\u5f71\u7247\u4e26\u4e14\u5b8c\u5168\u53cd\u99c1\u6574\u689d\u77ed\u7247\u7684\u653b\u64ca\ud83e\udee5"
        },
        {
            "reply_id": "UgxgYlGA2XArUmfeUF54AaABAg",
            "reply_content": "\u81c6\u6e2c\u5225\u4eba\u5fc3\u601d\u7684\u7528\u610f\u5728\u54ea\u52d2 \u7ba1\u597d\u81ea\u5df1\u7684\u751f\u6d3b \u5a1b\u6a02 \u5438\u6536\u6b63\u80fd\u91cf\u633a\u597d\u7684\u5427  \u5c0d\u4ed6\u4eba\u9032\u884c\u4e00\u7cfb\u5217\u6279\u5224 \u6574\u5929\u6230\u8ddf\u81ea\u5df1\u7121\u95dc\u7684 \u653e\u5927\u6aa2\u8996\u5225\u4eba\u7684\u7db2\u6c11\u5011\u771f\u7684\u8981\u8c50\u5bcc\u81ea\u5df1\u7684\u4eba\u751f\u3002"
        },
        {
            "reply_id": "UgyR2iGP8V9sazahGnt4AaABAg",
            "reply_content": "\u5982\u679c\u4f60\u89ba\u5f97\u610f\u898b\u4e0d\u5c0d\u5c31\u662f\u932f\u7684\u90a3\u4f60\u6709\u6c92\u6709\u60f3\u904e\u4f60\u4e5f\u662f\u5c0d\u65b9\u7684\u610f\u898b\u4e0d\u5408\u5462\u3002\u4f60\u6703\u4e0d\u6703\u89ba\u5f97\u81ea\u5df1\u932f\u5462\u3002\u4f60\u4e0d\u6703\uff0c\u56e0\u70ba\u4f60\u6c92\u6709\u5206\u8fa8\u81ea\u6211\u5c0d\u932f\u7684\u80fd\u529b"
        },
        {
            "reply_id": "UgyyiwCd5EJo37y83pt4AaABAg",
            "reply_content": "\u611b\u6b7b\u4f60\u4e86\u597d\u6709\u54f2\u5b78"
        },
        {
            "reply_id": "Ugy6kd0b0TidA7goDJF4AaABAg",
            "reply_content": "\u539f\u5730\u5687\u5230\u90a3\u4e00\u6bb5\u6211\u771f\u7684\u7b11\u5230\u4e0d\u884c"
        },
        {
            "reply_id": "UgxK72oTlqfyrkQ6bil4AaABAg",
            "reply_content": "\u70ba\u4ec0\u9ebc\u90a3\u4e9b\u4eba\u770b\u5230\u8b93\u81ea\u5df1\u4e0d\u8212\u670d\u7684\u4eba\u4e8b\u7269\u662f\u5148\u6279\u8a55\u6216\u6aa2\u8a0e\u8981\u90a3\u4e9b\u4e8b\u7269\u6d88\u5931\uff0c\u800c\u4e0d\u662f\u53cd\u601d\u81ea\u5df1\u5fc3\u80f8\u592a\u72f9\u9698\u5462? (\u963f\u5c0d! \u4ed6\u5011\u667a\u5546\u6c92\u9019\u9ebc\u9ad8\u6df1\uff0c\u7121\u6cd5\u601d\u8003\u5230\u90a3\u500b\u5c64\u6b21\uff0c\u6240\u4ee5\u53ea\u80fd\u7378\u6027\u672c\u80fd\u8868\u73fe\u51fa\u4f86\uff0c\u4e0d\u662f\u4ed6\u5011\u60f3\u7576\u9178\u6c11\uff0c\u800c\u662f\u601d\u7dad\u9650\u5236\u53ea\u80fd\u7576\u9178\u6c11)"
        }
    ]
}