{
    "video_info": {
        "id": "oXlBFRPWqnc",
        "channelTitle": "\u937e\u660e\u8ed2",
        "title": "\u4e00\u500b\u4eba\u53bb\u8d8a\u5357\uff01",
        "description": "\u5c0d\u9019\u500b\u4e16\u754c\u8ce6\u4e88\u5b9a\u7fa9 \u4f60\u7684\u4eba\u751f\u6703\u6bd4\u8f03\u597d\u904e\u4e00\u9ede\n\u6709\u6642\u5019\u9069\u6642\u7684\u88dd\u7b28\u5176\u5be6\u53ef\u4ee5\u66f4\u653e\u9b06\u65bc\u6d3b\u5728\u73fe\u5be6\u4e16\u754c\u4e2d\n\n\u9577\u8d8a\u5927\u767c\u73fe\u81ea\u5df1\u5c0d\u65bc\u6253\u5f9e\u5fc3\u5e95\u559c\u611b\u7684\u4e8b\u7269\u4e26\u4e0d\u6703\u6709\u50cf\u7f8e\u5287\u822c\u8868\u8c61\u7684\u904e\u6fc0\u53cd\u61c9\n\u6709\u6642\u5916\u986f\u770b\u4f3c\u5e73\u975c \u5176\u5be6\u5167\u5fc3\u4e16\u754c\u88e1\u982d\u975e\u5e38\u5bcc\u8db3\n\u5982\u679c\u53ef\u4ee5\u4ee5\u4e00\u7a2e\u300e\u96a8\u6642\u505a\u597d\u6b7b\u4ea1\u7684\u6e96\u5099\u300f\u53bb\u5c0d\u5f85\u63a5\u4e0b\u4f86\u7684\u6bcf\u500b\u7247\u523b\n\u6211\u60f3 \u6216\u8a31\u300e\u7247\u523b\u300f\u6703\u611f\u8b1d\u4f60\u7d42\u65bc\u767c\u73fe\u4e86\u5b83\u7684\u5b58\u5728\n\n\u300e\u60f3\u50cf\u4e00\u4e0b\u81ea\u5df1\u8d70\u9032\u4e00\u5bb6\u96fb\u5f71\u9662\uff0c\u88e1\u982d\u653e\u6620\u7684\u662f\u81ea\u5df1\u7684\u4eba\u751f\uff0c\n\u800c\u552f\u4e00\u7684\u89c0\u773e\uff0c\u5c31\u662f\u4f60\u3002\u300f\n\n\u5982\u679c\u9019\u6a23\u5b50\u7684\u9ad4\u609f\u4f60\u81f3\u4eca\u90fd\u9084\u6c92\u611f\u53d7\u904e\u7684\u8a71\n\u90a3\u771f\u7684\u5c31\u592a\u53ef\u60dc\u4e86\uff01",
        "likeCount": "17528",
        "commentCount": "930",
        "viewCount": "655975"
    },
    "comments": [
        {
            "reply_id": "Ugwj7HFHB7bCK207xeJ4AaABAg",
            "reply_content": "\u5f88\u60f3\u554f\u70ba\u4ec0\u9ebc\u982d\u4e0a\u8981\u6234\u896a\u5b50\uff1f"
        },
        {
            "reply_id": "Ugx4sXfUwDL-LAjegbx4AaABAg",
            "reply_content": "\u5cf4\u6e2f\u7684\u6cbb\u5b89\u6bd4\u6cb3\u5167\u548c\u80e1\u5fd7\u660e\u5e02\u597d\u5f97\u591a"
        },
        {
            "reply_id": "UgzvouCCH1ItZK8sFkZ4AaABAg",
            "reply_content": "\u9ad4\u9a57\u4e0d\u540c\u7684\u751f\u6d3b\u3001\u6b61\u8fce\u4e0b\u6b21\u518d\u4f86"
        },
        {
            "reply_id": "UgxjPMdvg19Em5SRXcd4AaABAg",
            "reply_content": "\u4e16\u754c\u4e24\u5927\u9ed1\uff0c\u4e2d\u5171\u6cd5\u9662\uff0c\u8d8a\u5357\u6d77\u5173\u3002"
        },
        {
            "reply_id": "Ugzjc7q7Nlz7MfawSwh4AaABAg",
            "reply_content": "\u5c0e\u6f14\u883b\u53ef\u611b\u7684\uff0c\u4f46\u4f60\u6bd4\u8f03\u7f8e\u2764"
        },
        {
            "reply_id": "UgwHaitOHSMAnaTbQP14AaABAg",
            "reply_content": "\u60f3\u8acb\u554f\u672a\u4f86\u7f8e\u6d17\u81c9\u6a5f\u6eff\u5206100\u7d66\u5e7e\u5206\u5462 \u8acb\u554f\u9084\u662f\u6709\u63a8\u85a6\u5176\u4ed6\u7684\u6d17\u81c9\u6a5f\u5462\ud83e\udd7a\ud83e\udd7a\ud83e\udd7a"
        },
        {
            "reply_id": "Ugy0D-SHJgH6GbFpsXF4AaABAg",
            "reply_content": "\u8d8a\u5357\u4eba\u597d\u53ef\u6190\uff0c\u88ab\u570b\u969b\u611b\u6ecb\u6bd2\u7532\u50b3\u67d3\u611b\u6ecb"
        },
        {
            "reply_id": "Ugxu2yRK0EUlhqI4QCl4AaABAg",
            "reply_content": "\u4e0d\u8981\u7d66\u592a\u591a\u4e86\uff0c\u4e0d\u7d66\u4e5f\u53ef\u4ee5\u7ea6\ud83d\ude22"
        },
        {
            "reply_id": "Ugz6rIeH9IXgFQbr1o94AaABAg",
            "reply_content": "\u570b\u969b\u7f8e\u4eba\u8aaa\u5f97\u597d\uff0c\u8d8a\u5357\u9019\u7a2e\u98a8\u6c23\u6574\u6cbb\u4e86\u4e0a\u767e\u5e74\u9084\u662f\u90a3\u500b\u903c\u6a23\uff0c\u570b\u5bb6\u4e1f\u81c9\u9084\u7576\u6c92\u4e8b\uff0c\u5176\u5be6\u4e0d\u5149\u4f60\u5011\uff0c\u6211\u5011\u8d8a\u5357\u767e\u59d3\u4e5f\u65e9\u5c31\u6297\u8b70\u4e0d\u5c11\u56de\u624d\u6536\u6582\u4e86\u4e00\u4e01\u9ede~ \u5341\u5e7e\u5e74\u524d\u614b\u5ea6\u66f4\u5dee~ \u628a\u65c5\u5ba2\u7576\u72af\u4eba\u5c0d\u5f85\uff0c\u614b\u5ea6\u8d85\u5dee~"
        },
        {
            "reply_id": "Ugw6yq4shPq38hctMB54AaABAg",
            "reply_content": "\u7a7f\u9019\u6a23\u5728\u8d8a\u5357\u80af\u5b9a\u5b89\u5168\u7684\u554a \n\u539f\u56e0\u5c31\u4e0d\u8aaa\u4e86"
        },
        {
            "reply_id": "UgzaCyIXUdFL_p8-Dux4AaABAg",
            "reply_content": "\u5973\u4eba\u53bb\u65c5\u6e38\u4e3a\u4e86\u8cfc\u7269\uff0c\u7537\u4eba\u53bb\u8fd4\u6e38\u4e3a\u4e86\u5c24\u7269"
        },
        {
            "reply_id": "UgyxOJySsT3zS6GVgtN4AaABAg",
            "reply_content": "5000\u591a\u90fd\u53ef\u4ee5\u8fa6\u5feb\u901f\u901a\u95dc\u4e86\uff01\u9084\u6709\u8d8a\u5357\u4eba\u7684\u82f1\u6587\u7a0b\u5ea6\u5f88\u597d\u57fa\u672c\u4e0a\u53ef\u4ee5\u81ea\u7531\u884c"
        },
        {
            "reply_id": "UgxyI8LuPqx0QIgYTeF4AaABAg",
            "reply_content": "\u53f8\u673a\u597d\u7f8e"
        },
        {
            "reply_id": "Ugy5hUj9kAjftB9LnYB4AaABAg",
            "reply_content": "\u5370\u5ea6\u771f\u7684\u5f88\u8b9a\uff01"
        },
        {
            "reply_id": "UgxlP3DNr41yUXpgqb14AaABAg",
            "reply_content": "\u8d8a\u5357\u7b97\u662f\u5f88\u7aae\u7684\u570b\u5bb6\n\u6240\u4ee5\u6bcf\u500b\u90fd\u7279\u5225\u611b\u9322\ud83d\udcb0\n\u8d8a\u5357\u6709\u7d20\u98df\n\u73fe\u5728\u707d\u96e3\u90a3\u9ebc\u591a\n\u5927\u5bb6\u5b78\u7fd2\u5403\u7d20\u662f\u597d\u7684\n\u63a8\u5ee3\u7d20\u98df\u529f\u5fb7\u7121\u91cf\u5662\u2764\ufe0f\ud83c\udf39\ud83d\udd4a\ufe0f\ud83d\ude4f"
        },
        {
            "reply_id": "UgxEmOBoUOI4T_IcDyt4AaABAg",
            "reply_content": "\u8acb\u554f\u4f60\u662f\u7528\u4ec0\u9ebc\u76f8\u6a5f\u81ea\u62cd\uff1f\u82e5\u662f\u7528\u55ae\u773c\uff0c\u4f7f\u7528\u7684\u93e1\u982d\u53ca\u7126\u8ddd\u70ba\u4f55\uff1f"
        },
        {
            "reply_id": "Ugxykj25KlaBY61u9ul4AaABAg",
            "reply_content": "\u4f60\u7684\u76ae\u80a4\u771f\u7684\u597d\u597d\u2764"
        },
        {
            "reply_id": "UgyyJaBt3iay4eytEvN4AaABAg",
            "reply_content": "\u660e\u8ed2\u771f\u7684\u6709\u8457\u7279\u5225\u7684\u9748\u9b42\ud83c\udf89"
        },
        {
            "reply_id": "Ugx5t0fsKdv-SU0GtlR4AaABAg",
            "reply_content": "10\u6708\u99ac\u4e0a\u8ddf\u5718\u53bb\u8d8a\u5357\u4e86~\u56e0\u70ba\u662f\u8def\u75f4~\u4e0d\u6562\u81ea\u7531\u884c~\u6bcf\u6b21\u770b\u660e\u8f69\u7684\u5f71\u7247\u90fd\u4f1a\u88ab\u4ed6\u7684\u6c14\u6c1b\u6240\u611f\u67d3\uff0c\u4eba\u770b\u4e86\u4e5f\u4f1a\u5f00\u5fc3~\u96d6\u7136\u6211\u6c92\u518d\u7528\u4fdd\u990a\u8ddf\u5316\u599d\u54c1"
        },
        {
            "reply_id": "UgwnNYSLLv8TFK8it0d4AaABAg",
            "reply_content": "\u4ec0\u4e48\u65f6\u5019\u6765\u4e2d\u56fd\u5927\u9646"
        }
    ]
}