{
    "video_info": {
        "id": "Q6ibahBQxWM",
        "channelTitle": "\u937e\u660e\u8ed2",
        "title": "\u597d\u611b\u9178\u6c11\u7684\u7559\u8a00\uff01",
        "description": "\u904a\u8d70\u5728\u88ab\u4eba\u559c\u6b61\u8207\u4e0d\u88ab\u559c\u6b61\u4e4b\u9593\n\u64c1\u6709\u5c0d\u5916\u8072\u660e\u300e\u559c\u6b61\u88ab\u4ed6\u4eba\u8a0e\u53ad\u300f\u7684\u52c7\u6c23\n\u5176\u5be6\u9019\u662f\u4e00\u4efd\u81ea\u5df1\u5c0d\u81ea\u5df1\u4e0b\u7684\u6230\u5e16\n\n\u5728\u6bcf\u4e00\u6b21\u6536\u5230\u8ca0\u9762\u8cc7\u8a0a\u6642 \n\u6bcf\u6b21\u5c31\u5728\u90a3\u9ebc\u525b\u597d\u7684\u6b7b\u4ea1\u908a\u7de3\u88e1\u633a\u904e\u4e86\u90a3\u4efd\u5e7e\u4e4e\u7121\u53ef\u64bc\u52d5\u7684\u8072\u97f3\n\u9019\u500b\uff01\u5c31\u662f\u9019\u500b \uff01\uff01\u5b83\u662f\u6211\u7684\u5fc3\u982d\u597d\n\u6709\u9ede\u8650\u4e5f\u6709\u9ede\u8b8a\u614b\n\u4f46\u53ef\u4ee5\u5728\u9019\u9ebc\u8907\u96dc\u7684\u8166\u4e2d\u7d44\u7e54\u8457\u9019\u9ebc\u8c50\u5bcc\u7684\u60c5\u7dd2\n\u5728\u6bcf\u4e00\u6b21\u7684\u6ce2\u52d5\u88e1\u627e\u5230\u4e00\u7a2e\u7368\u7279\u7684\u6eab\u67d4\n\u9019\u662f\u6211\u547c\u5438\u7684\u65b9\u5f0f \n\u4e5f\u662f\u6211\u552f\u4e00\u53ef\u4ee5\u611f\u53d7\u5230\u6b64\u523b\u81ea\u5df1\u9084\u6d3b\u8457\u7684\u5167\u5bb9\n\n\u4e0d\u60f3\u4e0d\u52aa\u529b\n\u53ea\u60f3\u6bcf\u4e00\u6b21\u90fd\u518d\u7528\u529b\u66f4\u7528\u529b\u7684\n\u8b93\u81ea\u5df1\u4e0d\u8981\u505c\u4e0b\u4f86",
        "likeCount": "19212",
        "commentCount": "1920",
        "viewCount": "438009"
    },
    "comments": [
        {
            "reply_id": "UgwlKTztRigdz4EUDUB4AaABAg",
            "reply_content": "\u771f\u7684\u5f88\u559c\u6b61\u4f60\uff0c\u96d6\u7136\u4f60\u53ef\u80fd\u4e0d\u9700\u8981\u9019\u4e9b\u8a71\n\u4f46\u611f\u8b1d\u4f60\u51fa\u73fe\u5728\u9019\u500b\u4e16\u754c\u4e0a\uff0c\u770b\u4f60\u7684\u5f71\u7247\u5e36\u7d66\u4e86\u6211\u5f88\u591a\u5f71\u97ff\uff0c\u6211\u4e5f\u601d\u8003\u4e86\u5f88\u591a\u4f60\u7684\u89c0\u9ede\uff0c\u611f\u8b1d\u6709\u4f60\u5e36\u7d66\u6211\u9019\u4e9b\u8207\u81ea\u5df1\u5167\u5fc3\u5c0d\u8a71\u7684\u9ad4\u9a57\uff01"
        },
        {
            "reply_id": "Ugzj0nqQ9G-S5qitr4p4AaABAg",
            "reply_content": "\u771f\u6c92\u8fa6\u6cd5 \u6211\u771f\u559c\u6b61\u4f60"
        },
        {
            "reply_id": "UgxdLqSk0b4PgVg0sCR4AaABAg",
            "reply_content": "\u70ba\u4ec0\u9ebd\u5225\u4eba\u4e0d\u559c\u6b61\u4f60\u9084\u8981\u82b1\u6642\u9593\u7559\u8a00\u544a\u8a34\u4f60\uff1f \u4f60\u5f88\u7591\u60d1\uff0c\u532a\u5937\u6240\u601d\uff0c\u5f88\u8a87\u5f35\uff0c\u554a\uff0c\u9019\u6709\u6c92\u6709\u4e00\u7a2e\u53ef\u80fd\uff1a\u5225\u4eba\u9664\u4e86\u8a0e\u53ad\u4f60\uff0c\u9084\u60f3\u7279\u610f\u4f86\u7f9e\u8fb1\u4f60\u4e86\uff1f"
        },
        {
            "reply_id": "Ugwb_XEPFbBuGqp78cB4AaABAg",
            "reply_content": "\u660e\u8ed2 \u5c31\u662f\u500b\u760b\u5b50\uff01\u624d\u80fd\u6d3b\u7684\u9019\u9ebc\u81ea\u5728\uff0e\n\u6bcf\u6b21\u770b\u5b8c\u4f60\u7684\u90a3\u4e9b\u62db\u724c\u821e\u8e48\u52d5\u4f5c\uff0c\u90fd\u89ba\u5f97\u6b20\u63cd\u53c8\u597d\u7b11\uff0e\ud83d\ude02"
        },
        {
            "reply_id": "UgxDd9SsOUe6WrTQ-md4AaABAg",
            "reply_content": "\u70ba\u4f55\u6700\u8fd1\u6c92\u6709\u770b\u5230\u611b\u8c93"
        },
        {
            "reply_id": "UgygXFUJ4-DRJ-22qvF4AaABAg",
            "reply_content": "\u660e\u8ed2\u6211\u611b\u4f60"
        },
        {
            "reply_id": "UgxjEsDUdoLQpE_27px4AaABAg",
            "reply_content": "\u4e0d\u80fd\u518d\u8a8d\u540c\u4f60\u66f4\u591a\ud83c\udf89"
        },
        {
            "reply_id": "UgyS7j4r3D7qzj_RA8B4AaABAg",
            "reply_content": "\u6709\u7a2e\u6771\u897f\u53eb\u5fc3\u7406\u8aee\u5546"
        },
        {
            "reply_id": "UgzK_ZpVDffJeqYkUVt4AaABAg",
            "reply_content": "\u6700\u524d\u9762\u7684\u4ea4\u554a\u5496\u597d\u5641"
        },
        {
            "reply_id": "UgyAaCbnDoyy6v-ae0Z4AaABAg",
            "reply_content": "\u90a3\u500b\u8aaa\u4ec0\u9ebc\u6212\u56b4\u7684\u61c9\u8a72\u5f88\u611b\u90a3\u500b\u6642\u671f\uff0c\u90a3\u81ea\u5df1\u9000\u5316\u56de\u53bb\u554a\ud83d\ude02"
        },
        {
            "reply_id": "UgzsGPczxWs-dZsx_k94AaABAg",
            "reply_content": "\u771f\u7684\u5f88\u559c\u6b61\u4f60\u5c0d\u4efb\u4f55\u4e8b\u60c5\u7684\u614b\u5ea6\u2764"
        },
        {
            "reply_id": "Ugym-25anwYFnuQG-MZ4AaABAg",
            "reply_content": "\u6de6 \u6211\u5c31\u662f\u559c\u6b61\u4f60"
        },
        {
            "reply_id": "UgxrPP_8xVW0Naf5xMJ4AaABAg",
            "reply_content": "\u559c\u6b61\u4f60\u7684\u4eba\u4f54\u5927\u591a\u6578\u2764"
        },
        {
            "reply_id": "Ugwg0U2O6EuxDNeBBg14AaABAg",
            "reply_content": "\u5929\u5436\u88ab\u9019\u90e8\u53ef\u611b\u5230\ud83d\ude02\u5fc3\u60c5\u4e0d\u597d\u770b\u4f60\u90fd\u5fc3\u60c5\u7f8e\u9e97\u2764"
        },
        {
            "reply_id": "UgzyfX9Ss2kBff9k-kx4AaABAg",
            "reply_content": "\u6709\u5f71\u7247\u7684\u9178\u6c11\uff0c\u5c31\u80fd\u6bd4\u8f03\u4e86\uff0c\u90fd\u4e00\u4e9b\u8def\u4eba\uff0c\u9019\u8f29\u5b50\u90fd\u7121\u6cd5\u7576\u540d\u4eba\uff0c\u9577\u76f8\u592a\u5e73\u51e1\u751a\u81f3\u4f4e\u65bc\u6c34\u5e73\uff0c\u6240\u4ee5\u57fa\u672c\u4e0a\uff0c\u6c92\u5fc5\u8981\u7406\u6703\u3002\u7121\u7de3\u7684\uff0c\u983b\u7387\u5c0d\u4e0d\u4e0a\u7684\uff0c\u5c31\u7b97\u4e86\uff0c\u4eba\u751f\u5982\u679c\u4e0d\u8981\u6d6a\u8cbb\u6642\u9593\uff0c\u5c31\u662f\u4e0d\u7ba1\u8def\u4eba\u6b7b\u6d3b\uff0c\u53cd\u6b63\uff0c\u5b83\u5011\u5b58\u4e0d\u5b58\u5728\uff0c\u4e00\u9ede\u4e5f\u4e0d\u91cd\u8981\u3002"
        },
        {
            "reply_id": "UgzlMXwhzSsM7iSCF5N4AaABAg",
            "reply_content": "\u597d\u611b\u937e\u660e\u8ed2\ud83d\ude02"
        },
        {
            "reply_id": "UgypY-MAxN45I4ln_E14AaABAg",
            "reply_content": "\u5225\u5728\u610f\u88ab\u8a0e\u53ad\u9019\u4ef6\u4e8b\u60c5\uff0c\u8207\u5176\u88ab\u559c\u6b61\uff0c\u4e0d\u5982\u6253\u5f9e\u4e00\u958b\u59cb\u5c31\u88ab\u8a0e\u53ad\u4f86\u5f97\u8f15\u9b06\u3002\n\u56e0\u70ba\u8981\u8a0e\u4e00\u500b\u4eba\u559c\u6b61\u53ef\u80fd\u5f97\u82b1\u5e7e\u5e74\u7684\u7cbe\u529b\uff0c\u4f46\u662f\u8981\u88ab\u8a0e\u53ad\u53ef\u80fd\u662f\u4e00\u77ac\u9593\u6216\u4e00\u53e5\u8a71\u7684\u4e8b\uff0c\u5373\u4f7f\u4f60\u505a\u5f97\u518d\u597d\u4e5f\u7121\u6cd5\u63a7\u5236\u5225\u4eba\u600e\u9ebc\u60f3\u3002\n\u4e0d\u5982\u4f60\u8a0e\u597d\u81ea\u5df1\u5427\uff0c\u53bb\u505a\u81ea\u5df1\u559c\u6b61\u7684\u4e8b\uff0c\u5403\u559c\u6b61\u7684\u6771\u897f\uff0c\u653e\u9b06\u7684\u904e\u6bcf\u4e00\u5929\u3002\n\u770b\u4f60\u8aaa\u8a71\u7684\u6a23\u5b50\uff0c\u611f\u89ba\u4f60\u5167\u5fc3\u6eff\u53d7\u50b7\u7684\uff0c\u6211\u6709\u9ede\u611f\u6168\u3002"
        },
        {
            "reply_id": "UgwYwUNUZI-3ZVUA3CN4AaABAg",
            "reply_content": "\u4ed6\u7684\u53d1\u8a00\u548c\u52a8\u4f5c\u5f88\u5e7d\u9ed8\u54c8\u54c8\u54c8\u54c8\u54c8.\ud83d\ude02\ud83d\ude02\u770b\u4e00\u770b\u53ef\u4ee5\u9017\u7b11\u6211"
        },
        {
            "reply_id": "UgzCcqBbPeLbGaq-e6p4AaABAg",
            "reply_content": "\u4f60\u4e00\u5b9a\u6709\u8e81\u9b31\u75c7"
        },
        {
            "reply_id": "UgyvBG2Q-eYTwpQh7yN4AaABAg",
            "reply_content": "\u9b6f\u62c9\u5566\u9b6f\u62c9\u5566\u9b6f\u62c9\u9b6f\u62c9\u563f"
        }
    ]
}