{
    "video_info": {
        "id": "Q8Zjm-HA24w",
        "channelTitle": "\u937e\u660e\u8ed2",
        "title": "\u5931\u8077\u5ee0\u5546\u8acb\u51fa\u53bb\uff01",
        "description": "\u6211\u76f8\u4fe1\u6709\u4e9b\u4eba\u6703\u8aaa\n\uff1a\u6bcf\u500b\u7522\u54c1\u90fd\u6703\u6709\u559c\u6b61\u8ddf\u4e0d\u559c\u6b61\u7684\u4eba \u4f60\u6191\u4ec0\u9ebc\u9760\u5317\u5b83\uff1f\n\n\u7576\u4e00\u500b\u7522\u54c1\u6210\u529f\u4e14\u591a\u6578\u4eba\u90fd\u5c0d\u5b83\u8868\u793a\u559c\u611b\u4e4b\u610f\u6642\n\u6211\u5011\u53ef\u4ee5\u5c0d\u5b83\u8aaa\u51fa\u559c\u6b61\n\u4f46\u9047\u5230\u96e3\u7528\u7522\u54c1\u6642 \u662f\u4e0d\u662f\u4e5f\u80fd\u5c0d\u4ed6\u9032\u884c\u6279\u5224\u3001\u8a55\u8ad6\uff1f\n\n\u7576\u7136\u554a\u5ee2\u8a71\uff01\n\nAnyway\n\u6bcf\u500b\u54c1\u724c\u90fd\u6709\u5c6c\u65bc\u81ea\u5df1\u7684\u6545\u4e8b \n\u5230\u6700\u5f8c\u4f60\u6703\u767c\u73fe\n\u4eba\u5011\u559c\u6b61\u6216\u4e0d\u559c\u6b61\u7684 \u4e0d\u662f\u4f60\n\u800c\u662f\u5728\u4ed6\u5011\u5fc3\u4e2d \u90a3\u4e9b\u95dc\u65bc\u4f60\u7684\u6545\u4e8b\n\n\u5f88\u591a\u54c1\u724c\u5275\u9020\u51fa\u5f88\u597d\u7684\u6545\u4e8b \n\u5230\u5f8c\u4f86\u4f60\u624d\u9a5a\u89ba \n\u539f\u4f86\u4f60\u559c\u6b61\u7684 \u4e0d\u662f\u7522\u54c1\u672c\u4eba\n\u800c\u662f\u90a3\u4e9b\u7d93\u904e\u54c1\u724c\u5287\u5834\u7de8\u5287\u5927\u5e2b\u5275\u4f5c\u51fa\u4f86\u7684 \u7ae5\u8a71\u6545\u4e8b\n\n\u795d\u798f\u4f60\u65e9\u65e5\u627e\u5230\u4f60\u7684\u871c\u7cd6\n\u800c\u6211\u662f\u4f60\u5bb6\u9694\u58c1\u7684\u788e\u5ff5\u963f\u6731\u59e8",
        "likeCount": "19217",
        "commentCount": "784",
        "viewCount": "546015"
    },
    "comments": [
        {
            "reply_id": "UgwJeMo0KJvrZtH5UsZ4AaABAg",
            "reply_content": "\u5316\u5986\u6c34\u6211\u7528\u6765\u4fdd\u6e7f\u5566\ud83d\ude02"
        },
        {
            "reply_id": "Ugzn3WALLGtCGSQmPvN4AaABAg",
            "reply_content": "\u660e\u8ed2\u6234\u7f8e\u77b3\u597d\u597d\u770b"
        },
        {
            "reply_id": "UgxLzT6CJtA8NRAi0R94AaABAg",
            "reply_content": "\u597d\u53ef\u6190"
        },
        {
            "reply_id": "UgzFHH_TikI_QvCA-sp4AaABAg",
            "reply_content": "\u53ea\u6709\u6211\u767c\u73fe\u522e\u820c\u82d4\u68d2\u88ab\u660e\u8ed2\u9760\u5317\u8d85\u591a\u6b21\u55ce\ud83d\ude02"
        },
        {
            "reply_id": "UgyW3CbyJRWPXzlI5pt4AaABAg",
            "reply_content": "\u5c0d\uff01\u6c92\u932f\uff01\u96c5\u6f3e\u9632\u66ec\u8d85\u721b\n\u53c8\u8cb4\u53c8\u721b"
        },
        {
            "reply_id": "Ugzx4g0lxeY_xFyH9Jh4AaABAg",
            "reply_content": "\u96c5\u6f3e\u7684\u771f\u7684\u5f88\u96e3\u7528"
        },
        {
            "reply_id": "Ugz0DpnQJsTZsYp9Z5x4AaABAg",
            "reply_content": "\u50b2\u5b0c\u7684\u4eba"
        },
        {
            "reply_id": "UgziFQrD0jz7NKSkF8F4AaABAg",
            "reply_content": "\u770b\u4f60\u7684\u8996\u983b\uff0d\u771f\u7684\u5f88\u8212\u58d3\ud83d\ude06\u660e\u8ed2\u6700\u68d2\u4e86\ud83d\udc95"
        },
        {
            "reply_id": "Ugz8gZNNjkZalD5XHCV4AaABAg",
            "reply_content": "\u4f60\u73fe\u5728\u7684\u6a23\u5b50\u6709\u5982\u540d\u756b"
        },
        {
            "reply_id": "UgzR7c84XJ1Fo98YHcN4AaABAg",
            "reply_content": "\u6211\u4e5f\u662f\u89c9\u5f97\u5316\u5986\u6c34\u662f\u591a\u4f59\u7684 \u8001\u65e9\u6ca1\u5728\u7528\u4e86"
        },
        {
            "reply_id": "UgzXhFqStIvvflhI1Ht4AaABAg",
            "reply_content": "\u5f88\u559c\u6b61\u937e\u660e\u8ed2\u311f\uff0c\u8aaa\u6703\u9ede\u5230\u91cd\u9ede"
        },
        {
            "reply_id": "UgwgK-TnSqxRZeLy0994AaABAg",
            "reply_content": "\u9019\u6b21\u98a8\u683c\u5f88\u4e0d\u540c\u6b38\n\u5dee\u9ede\u8a8d\u4e0d\u51fa\n\u597d\u770b"
        },
        {
            "reply_id": "UgzxQeyJ2dYA3TUVzJB4AaABAg",
            "reply_content": "\u6709\u6c92\u6709\u4eba\u6ce8\u610f\u5230\u660e\u8ed2\u7684\u624b\u8d85\u7f8e\u7684\uff1f\u8ddf\u624b\u6709\u95dc\u7684\u7522\u54c1\u53ef\u4ee5\u627e\u660e\u8ed2\u4ee3\u8a00\uff0c\u6eff\u8db3\u624b\u63a7\u9ee8\u7684\u798f\u5229\u3002"
        },
        {
            "reply_id": "UgzA0ls9BS1Z1oNm4Rh4AaABAg",
            "reply_content": "\u8aaa\u5be6\u8a71\u5f97\u7f6a\u4eba \u503c\u5f97\u5c0a\u656c"
        },
        {
            "reply_id": "Ugw9ap8MJFNFaRcdB4R4AaABAg",
            "reply_content": "\u5634\u5df4\u4e00\u76f4\u5ba3\u4f20\u4e0d\u8981\u7528\u5316\u5986\u6c34\uff0c\u5374\u4e00\u76f4\u4e70\u53c8\u8981\u6124\u6012\u3002"
        },
        {
            "reply_id": "UgxkLXN09E59bgAJ_Rx4AaABAg",
            "reply_content": "\u6709\u6642\u5019\u8cb7\u5c0f\u54c1\u724c\u6703\u6015\u8e29\u96f7 \u60f3\u8aaa\u9084\u662f\u6253\u5b89\u5168\u724c\u8cb7\u5927\u54c1\u724c\u7684\u597d\u4e86 \u7d50\u679c\u4e5f\u662f\u88ab\u96f7\u904e2\u6b21"
        },
        {
            "reply_id": "Ugx4yYHtj1zHBR-5LDF4AaABAg",
            "reply_content": "\u559c\u6b61\u8b1b\u5be6\u8a71\u7684\u4eba\ud83d\udc4d"
        },
        {
            "reply_id": "Ugy1ywPQWBIDEeV9wnN4AaABAg",
            "reply_content": "\u7a81\u7136\u4f86\u500b\u8acb\u53bb\u5317\u97d3\uff0c\u6574\u500b\u5927\u7206\u7b11\ud83e\udd23"
        },
        {
            "reply_id": "UgzSkWNnL2z5Lgo_SGR4AaABAg",
            "reply_content": "\u771f\u7684"
        },
        {
            "reply_id": "UgxP2XHkCtvMvXZipjJ4AaABAg",
            "reply_content": "\u90a3\u500b\u83dc\u5e02\u5834\u5305"
        }
    ]
}