{
    "video_info": {
        "id": "rayCMHv4cQ4",
        "channelTitle": "\u937e\u660e\u8ed2",
        "title": "OMG\u6211\u63a5\u5230\u4ee3\u8a00\u4e86\uff01",
        "description": "\u5f9e\u672a\u9ad4\u9a57\u904e\u9019\u7a2e\u5de5\u4f5c\u578b\u614b\u7684\u6211 \u771f\u7684\u7570\u5e38\u8208\u596e\uff5e\n\u672c\u4ee5\u70ba\u6211\u5728\u4e16\u5c31\u662f\u5b58\u5728\u65bc\u4e00\u7a2e\u5728\u65c1\u4eba\u773c\u88e1\u4f3c\u61c2\u975e\u61c2\u7684\u500b\u9ad4\u5b58\u5728\n\u6c92\u60f3\u5230\u9019\u6b21\u6709\u5ee0\u5546\u9858\u610f\u82b1\u5979\u4e00\u751f\u7684\u5fc3\u8840 \u628a\u5979\u7684\u5b69\u5b50\u8a17\u4ed8\u5728\u6211\u8eab\u4e0a\n\n\u4e0d\u77e5\u63a5\u4e0b\u4f86\u6211\u6703\u5275\u9020\u51fa\u4ec0\u9ebc\u6a23\u7684\u65b0\u9ad4\u9a57\n\u6216\u662f\u751f\u547d\u4e4b\u6d41\u53c8\u6703\u5e36\u6211\u6d41\u5411\u54ea\u500b\u672a\u77e5\u9818\u5730\n\u6211\u4f9d\u7136\u6703\u4f7f\u7528\u65c1\u89c0\u8005\u7684\u89d2\u5ea6 \u4f7f\u7528\u660e\u8ed2\u7684\u6a23\u5b50\u9ad4\u9a57\u9019\u4e16\u754c\n\n\u9806\u5e36\u4e00\u63d0 \u6211\u4ee3\u8a00\u7684\u7522\u54c1\n\u771f\uff5e\u4f4e\uff5e\u597d\uff5e\u7528\n- - -\n\u97f3\u6a02\u7248\u6b0a\uff1aMB01YYSGTGVSQBZ\n- - -\n\ud83d\udce3\u958b\u74f6\u5929\u7136\u7cbe\u6cb9\u7684\u9999\u6c23\uff0c\u5f77\u5f7f\u8e0f\u5165\u68ee\u6797\u822c\u7684\u6c88\u975c\uff0c\n\u5728\u7642\u7652\u4e2d\u6d17\u6de8\u982d\u76ae\uff0c\u7406\u6e05\u554f\u984c\u8207\u60c5\u7dd2\n\u8b93\u6bcf\u5929\u7684\u6d17\u6c90\u5100\u5f0f\uff0c\u6210\u70ba\u4f60\u7684\u601d\u8003\u81ea\u7531\u5f0f\n\n\u5b98\u7db2\uff1ahttps://www.ismore.tw/",
        "likeCount": "26231",
        "commentCount": "1718",
        "viewCount": "629833"
    },
    "comments": [
        {
            "reply_id": "UgwVAQsFDjuyL2wGkBV4AaABAg",
            "reply_content": "\u4e00\u8d77\u76e1\u60c5\u7684\u4eab\u53d7\u9019\u500b\u4e16\u754c\ud83e\udee0"
        },
        {
            "reply_id": "UgwcKbt_ywAWex_Ohnt4AaABAg",
            "reply_content": "\u525b\u958b\u59cb\u770b\u7684\u6642\u5019\u4ee5\u70ba\u6709\u5316\u599d\u6b38\uff0c\u7d50\u679c\u8aaa\u662f\u7d20\u984f\uff0c\u771f\u662f\u7f8e\u554a"
        },
        {
            "reply_id": "Ugyzobp_YYSEVVpkP7p4AaABAg",
            "reply_content": "\u525b\u597d\u6d17\u9aee\u7cbe\u5feb\u7528\u5b8c\u4e86 \u73fe\u5728\u7acb\u523b\u4e0b\u8a02\u4f86\u4f7f\u7528\u770b\u770b\ud83e\udd23"
        },
        {
            "reply_id": "UgyqNxP6EjExnrlkl5p4AaABAg",
            "reply_content": "\u4f60\u7d20\u984f\u5f88\u597d\u770b"
        },
        {
            "reply_id": "UgxIINOUnJ4bBMmTCp14AaABAg",
            "reply_content": "\u660e\u8ed2\u7684\u5f71\u7247\u771f\u7684\u767e\u770b\u4e0d\u53ad"
        },
        {
            "reply_id": "UgzzjAqO1crMKjYcAXB4AaABAg",
            "reply_content": "\u660e\u8ed2\u7d20\u984f\u7684\u76ae\u819a\u771f\u7684\u592a\u7f8e\u4e86\u2764"
        },
        {
            "reply_id": "UgyHhdlRSuZjvfuAWnZ4AaABAg",
            "reply_content": "\u8d85\u559c\u6b61\u59b3\u7684\uff0c\u59b3\u7684\u540d\u5b57\u8ddf\u6211\u59ea\u5b50\u59ea\u5973\u90fd\u5dee\u6700\u5f8c\u4e00\u5b57\uff0c\u90fd\u597d\u807d"
        },
        {
            "reply_id": "UgzaqqvmJuw-6kUqvdR4AaABAg",
            "reply_content": "\u6709\u63a8\u85a6\u597d\u7528\u7684\u6d17\u9aee\u7cbe\u55ce\uff1f"
        },
        {
            "reply_id": "UgwFLnjUJpd8LK0Prg14AaABAg",
            "reply_content": "\u54c7\uff01\u660e\u8ed2\u7f8e\u7684\u5f88\u6709\u578b"
        },
        {
            "reply_id": "UgxejQb6phyoycRDquB4AaABAg",
            "reply_content": "\u771f\u662f\u6f02\u4eae"
        },
        {
            "reply_id": "UgzN-MhbRm9KfX1NELV4AaABAg",
            "reply_content": "\u771f\u7684\u633a\u53ef\u611b\u7684\u3002"
        },
        {
            "reply_id": "Ugz-_yOFOWnBwHHuCQt4AaABAg",
            "reply_content": "\u8d85\u8b9a\u7684"
        },
        {
            "reply_id": "UgxCVrksWiJftNmaXzN4AaABAg",
            "reply_content": "\u6211\u4e5f\u60f3\u8981\u62cd\u5ee3\u544a"
        },
        {
            "reply_id": "UgzrmFpUgrhPyGNxS5t4AaABAg",
            "reply_content": "\u6c92\u54c1\u8cea\u7684\u54c1\u724c\u627e\u6c92\u54c1\u8cea\u7684\u4eba\u5996"
        },
        {
            "reply_id": "UgwFK8oZ_VXcmu4F3EF4AaABAg",
            "reply_content": "\u8def\u4eba\uff0c\u4f46\u5ee3\u544a\u597d\u9a5a\u8277\uff01\uff01\uff01\u89ba\u5f97\u6574\u500b\u90fd\u62cd\u5f97\u597d\u597d"
        },
        {
            "reply_id": "Ugyot-aKnW-rPcgyP3R4AaABAg",
            "reply_content": "\u62cd\u7684\u592a\u597d\u4e86\uff01\u60f3\u8cb7"
        },
        {
            "reply_id": "UgyPoMek5QR8IryU8Zp4AaABAg",
            "reply_content": "\u5f88\u6709\u68ee\u6797\u7cbe\u9748\u7684\u611f\u89ba \u597d\u6709\u8cea\u611f"
        },
        {
            "reply_id": "UgzCcsKRAl8G_tNPxoV4AaABAg",
            "reply_content": "\u597d\u7f8e\u5594"
        },
        {
            "reply_id": "Ugx0crBqnLHelNX9w4d4AaABAg",
            "reply_content": "\u6709\u81ea\u4fe1\u7684\u4eba\u6700\u7f8e\u6700\u5e25\ud83d\ude33"
        },
        {
            "reply_id": "UgxbMlDggMkP2daPe4l4AaABAg",
            "reply_content": "\u7b2c\u4e00\u6b21\u6709\u5ee3\u544a\u8b93\u6211\u60f3\u518d\u770b\u4e00\u6b21\u6b38\u5929\u554a\ud83e\udd79"
        }
    ]
}