{
    "video_info": {
        "id": "Smz7A1Sk_r4",
        "channelTitle": "\u937e\u660e\u8ed2",
        "title": "\u662f\u6642\u5019\u8a72Fast Forward\u4e00\u4e0b\u4e86\u5427\uff01",
        "description": "",
        "likeCount": null,
        "commentCount": "1200",
        "viewCount": "688235"
    },
    "comments": [
        {
            "reply_id": "UgzFqcewIe_3zCuiCut4AaABAg",
            "reply_content": "\u70ba\u4ec0\u9ebc\u8173\u53ef\u4ee5\u9019\u9ebc\u7626\u5462\uff1f\u7fa8\u6155\ud83d\ude01"
        },
        {
            "reply_id": "UgxShSVJYu8jB43BFLR4AaABAg",
            "reply_content": "\u6b7b\u57fa"
        },
        {
            "reply_id": "UgwMWbdEMTvnnxSG-SZ4AaABAg",
            "reply_content": "\u4e0d\u5728\u610f\u5225\u4eba\u7684\u773c\u5149\n\u505a\u81ea\u5df1\u624d\u662f\u6700\u7f8e\u7684\n\u821e\u53f0\u7684\u4ed6\u771f\u7684\u5f88\u9583\u8000\n\u5929\u751f\u7684\u821e\u8e48\u5bb6"
        },
        {
            "reply_id": "Ugycr9D4VTaHTuPh7mB4AaABAg",
            "reply_content": "\u8df3\u7684\u8d85\u597d\u6b38\u2764"
        },
        {
            "reply_id": "Ugw2ClF4Gp-V1DEaJuh4AaABAg",
            "reply_content": "\u6211\u89ba\u5f97\u937e\u660e\u8ed2\u4f5c\u70ba\u7537\u6027\u4e5f\u662f\u53ef\u4ee5\u5f88\u5e25\ud83d\ude02"
        },
        {
            "reply_id": "Ugz2APsqVW-qsaUax3F4AaABAg",
            "reply_content": "\u771f\u7684\u8df3\u5f97\u883b\u597d\u7684\u8868\u60c5\u4e5f\u5230\u4f4d"
        },
        {
            "reply_id": "UgzrsWoocciWiLrIXfl4AaABAg",
            "reply_content": "\u597d\u81ea\u4fe1\u554a\ud83d\ude02"
        },
        {
            "reply_id": "Ugw38O1oJmL0U5lIezd4AaABAg",
            "reply_content": "\u4e5f\u592a\u9069\u5408\u8df3\u9019\u500b\u4e86\u5427\u2764"
        },
        {
            "reply_id": "UgxCSTnZoBZ5cqxrAGJ4AaABAg",
            "reply_content": "\u6211\u525b\u597d\u9019\u6b21\u821e\u8e48\u662f\u5b78\u9019\u4e00\u9996\ud83d\ude05"
        },
        {
            "reply_id": "UgxWfSQVz6Byl_MGcPp4AaABAg",
            "reply_content": "\u8df3\u5f97\u6bd4\u694a\u4e1e\u7433\u597d\u591a\u4e86\ud83d\ude02"
        },
        {
            "reply_id": "UgwOT-8_gYsHryVd92t4AaABAg",
            "reply_content": "\u8868\u60c5\u597d\u8a55\uff0c\u771f\u7684\u597d\u81ea\u7136\u597d\u559c\u6b61\uff0c\u773c\u795e\u5f88\u6f02\u4eae"
        },
        {
            "reply_id": "Ugxrw03lE6Y4OfJwis14AaABAg",
            "reply_content": "\u9019\u662f\u54ea\u4f4d\u570b\u969b\u8d85\u6a21"
        },
        {
            "reply_id": "UgyvE8G9L_hZAcnbu1N4AaABAg",
            "reply_content": "\u660e\u8ed2\u53ef\u4ee5\u6709\u9019\u7a2e\u591a\u4e00\u9ede\u821e\u8e48\u5f71\u7247\u55ce"
        },
        {
            "reply_id": "UgxY4IOLrlUTmuSs5s14AaABAg",
            "reply_content": "\u8df3\u5f97\u771f\u597d\ud83d\udc4d"
        },
        {
            "reply_id": "UgykSJ0rzxV01AzjqE54AaABAg",
            "reply_content": "\u8df3\u7684\u5f88\u597d\u770b\n\u5f71\u7247\u6c92\u4eba\u6309\u8b9a\uff1f"
        },
        {
            "reply_id": "UgxyWVcGQrc5GWDKdAt4AaABAg",
            "reply_content": "\u8df3\u7684\u771f\u597d\uff01"
        },
        {
            "reply_id": "UgwKS4gqKJrDhlXSJLd4AaABAg",
            "reply_content": "\u919c\u4eba\u591a\u4f5c\u602a\u2026"
        },
        {
            "reply_id": "UgymZomqVlnkiMCoY5t4AaABAg",
            "reply_content": "\u8d77\u96de\u76ae\u4f46\u8df3\u5f97\u597d"
        },
        {
            "reply_id": "UgxoqXn0bcQwo7cpPGN4AaABAg",
            "reply_content": "\u4ed6\u4e0d\u662f\u7537\u7684\u55ce"
        },
        {
            "reply_id": "Ugx2DRQfKMJz8saRqmJ4AaABAg",
            "reply_content": "\u2190\u53c8\u662f\u4e00\u500b\u5e73\u5e38\u5f88\u5c11\u7559\u8a00\u4f46\u771f\u7684\u592a\u559c\u6b61\u4e86\u4e0d\u5f97\u4e0d\u7559\u8a00\u7684\u4eba\uff0c\u8df3\u5f97\u8d85\u7f8e\u8d85\u7d1a\u597d\u770b!!\u52d5\u4f5c\u8ddf\u8868\u60c5\u90fd\u597d\u5f9e\u5bb9\u5145\u6eff\u81ea\u4fe1!\u771f\u7684\u597d\u611b!!\u62dc\u8a17\u4f60\u591a\u8df3\u821e\u6c42\u4f60"
        }
    ]
}