{
    "video_info": {
        "id": "SPe43el_yIE",
        "channelTitle": "\u937e\u660e\u8ed2",
        "title": "\u6210\u70ba\u4e86\u9f8d\u6f6d\u4eba!!",
        "description": "\u4f60\u4e0d\u9700\u8981\u77e5\u9053\u6211\u7d93\u6b77\u4e86\u4ec0\u9ebc\n\n\u5982\u679c\u53ef\u4ee5 \u6211\u53ea\u5e0c\u671b\u4f60\u77e5\u9053\n\n\u6211\u975e\u5e38\u5c0a\u91cd\u6211\u73fe\u5728\u9084\u6b63\u5728\u6d3b\u8457\u7684\u751f\u547d\n\n\u6c88\u9ed8\u4f9d\u820a\u662f\u6211\u6700\u5927\u7684\u54ed\u8072\n\n\u4e0d\u77e5\u8a72\u5982\u4f55\u54ed \u4e5f\u4e0d\u77e5\u54ed\u662f\u600e\u9ebc\u8fa6\u5230\u7684\n\n\u627e\u4e0d\u5230\u4efb\u4f55\u8a5e\u5f59\u53ef\u4ee5\u8868\u9054\u5fc3\u4e2d\u6240\u60f3\n\n\u6211\u5c31\u6703\u7e7c\u7e8c\u4fdd\u6301\u6c88\u9ed8\n\n\n\n\u6bcf\u4e00\u9053\u60c5\u7dd2\u6d41\u52d5\u90fd\u662f\u771f\u5be6\u7684 \u75db\u4e5f\u662f\u5be6\u5728\u7684\n\n\u671f\u5f85\u7684\u662f\u8840\u6d41\u6210\u6cb3\u5f8c \u4e0b\u6b21\u5fa9\u6d3b\u6703\u662f\u4ec0\u9ebc\u6a23\u7684\u611f\u53d7 \n\n\u4e0d\u9700\u60b2\u50b7\u6216\u5feb\u6a02\n\n\u5c31\u8b93\u9019\u9053\u9ad4\u6703\u7e7c\u7e8c\u7684\u3001\u6162\u6162\u7684\u6d41\u52d5\n\n\u300e\u628a\u6bcf\u4e00\u523b\u90fd\u7576\u6210\u6700\u5f8c\u4e00\u6b21\u7684\u547c\u5438\u300f\n\n\u6df1\u523b\u7684 \u7528\u529b\u7684 \u518d\u653e\u9b06\u7684 \u5b8c\u6210\u6bcf\u4e00\u9053\n\n2021 12 10 \u6210\u70ba\u9f8d\u6f6d\u4eba",
        "likeCount": "34440",
        "commentCount": "2349",
        "viewCount": "692865"
    },
    "comments": [
        {
            "reply_id": "UgynP8KLiyfNT7qrGCJ4AaABAg",
            "reply_content": "\u53f0\u7063\u5f88\u591a\u50b3\u7d71\u7238\u7238\u611b\u5b69\u5b50\u7684\u65b9\u5f0f\u5c31\u662f\u6253\u7f75\uff0c\u56e0\u70ba\u5c0f\u6642\u5019\u7238\u7238\u4e5f\u6c92\u6709\u5f97\u5230\u6eab\u6696\u7684\u611b\uff0c\u9577\u5927\u5c31\u77e5\u4eba\u7684\u884c\u70ba\u5f80\u5f80\u5fa9\u5236\u4e0a\u4e00\u4ee3"
        },
        {
            "reply_id": "UgzbLXC_6oXHVxtRNC54AaABAg",
            "reply_content": "\u7236\u6bcd\u597d\u50cf\u53ef\u4ee5\u67e5\u5230\u5b50\u5973\u6236\u7c4d\u5730\u7684\u6a23\u5b50\ud83e\udd72"
        },
        {
            "reply_id": "UgyP-H7ui6JvmAW-8254AaABAg",
            "reply_content": "\u540d\u8ed2\u7e3d\u662f\u80fd\u7528\u4e0d\u540c\u7684\u89d2\u5ea6\u770b\u5f85\u540c\u4e00\u4ef6\u4e8b\u60c5!"
        },
        {
            "reply_id": "Ugz5MukrDyMBGZlMMdZ4AaABAg",
            "reply_content": "\u8f69\uff0c\u559c\u6b22\u4f60\u7684\u4eba\u5c31\u4f1a\u559c\u6b22\u4f60\uff0c\u4e0d\u559c\u6b22\u4e5f\u4e0d\u9700\u8981\u7406\u4f1a\uff0c\u505a\u81ea\u5df1\uff0c\u624d\u66f4\u597d\u5206\u8fa8\u771f\u7231\uff01"
        },
        {
            "reply_id": "Ugy2SNcuQ72lLAV5qBp4AaABAg",
            "reply_content": "\u4f60\u662f\u6700\u68d2\u7684\uff0c\u6c38\u9060\u652f\u6301\u4f60\ud83c\udf89"
        },
        {
            "reply_id": "Ugxei4NdgyZWMK73g8x4AaABAg",
            "reply_content": "\u660e\u8ed2\u624d\u662f\u6700\u68d2\u7684 \u9003\u96e2\u5bb6\u66b4  \u64c1\u62b1\u81ea\u7531\u7cbe\u5f69\u7684\u4eba\u751f  \u4f60\u6700\u68d2\uff01\u4f60\u5c31\u662f\u4f60\u81ea\u5df1\u7684\u5bb6\u8ddf\u5149"
        },
        {
            "reply_id": "UgwNBAaKHhJZwUmDinp4AaABAg",
            "reply_content": "\u4f60\u77e5\u9053\u4ed6\u8981\u627e\u4f60\u5730\u5740\u9084\u662f\u627e\u5f97\u5230\u55ce\uff1f\u9003\u5f97\u904e\u4e00\u6642\u9003\u4e0d\u904e\u5168\u90e8"
        },
        {
            "reply_id": "UgwqtI6oPRWkkYcjqEV4AaABAg",
            "reply_content": "\u62b1\u62b1"
        },
        {
            "reply_id": "UgzHYOw7n97Xm-wSOMp4AaABAg",
            "reply_content": "\u597d\u60f3\u62b1\u62b1\u4f60 \u8ddf\u4f60\u8aaa\u4f60\u5f88\u52c7\u6562 \u9019\u4e00\u8def\u4e0a\u8f9b\u82e6\u4e86\ud83e\udec2\ud83e\udec2"
        },
        {
            "reply_id": "UgxRp527dsfb4Rwphkd4AaABAg",
            "reply_content": "\u4f60\u5f88\u52c7\u6562\u2764"
        },
        {
            "reply_id": "UgxFbILZizQaqbnZ0JJ4AaABAg",
            "reply_content": "\u4f60\u597d\u52c7\u6562\u6b63\u5411\uff5e"
        },
        {
            "reply_id": "UgxniR8kCJx-hrTjeKh4AaABAg",
            "reply_content": "\u958b\u8eca\u7684\u8f49\u5834\u597d\u7cbe\u5f69\uff01\u5b8c\u7f8e\u95e1\u8ff0\u4f60\u7684\u5fc3\u5883\u8ddf\u4f60\u7684\u500b\u6027"
        },
        {
            "reply_id": "UgwiKll6_-CcgsOKPQp4AaABAg",
            "reply_content": "\u6211\u751f\u9577\u7684\u5e74\u4ee3\u6bd4\u4f60\u66f4\u65e9\uff0c\u523020\u6b72\u7684\u6642\u5019\u7db2\u8def\u624d\u525b\u958b\u59cb\u6210\u5f62\u3002\u572821\u6b72\u7684\u6642\u5019\u5b78\u6821\u7684\u5fc3\u7406\u8f14\u5c0e\u8001\u5e2b\u4ecb\u7d39\u6211\u770b\u4e86[\u5bb6\u5ead\u6703\u50b7\u4eba]\u9019\u4e00\u672c\u66f8\uff0c\u6211\u624d\u9a5a\u89ba\uff0c\u539f\u4f86\u6211\u662f\u5f9e\u5730\u7344\u722c\u51fa\u4f86\u8457\u6d3b\u5230\u73fe\u5728\uff0c\u4f46\u539f\u751f\u5bb6\u5ead\u7d66\u7684\u50b7\u75d5\u5df2\u7d93\u592a\u5de8\u5927\uff0c \u6211\u4e0d\u4fe1\u4efb\u4efb\u4f55\u4eba\u56e0\u70ba\u8840\u89aa\u50b7\u5bb3\u7684\u592a\u591a\uff0c\u4e0d\u77e5\u9053\u5f8c\u534a\u751f\u6709\u6c92\u6709\u8fa6\u6cd5\u6d3b\u51fa\u81ea\u5df1\u60f3\u8981\u7684\u4eba\u751f\u3002\u795d\u798f\u6709\u540c\u6a23\u7d93\u6b77\u7684\u4f60\u6211\u672a\u4f86\u66f4\u611b\u81ea\u5df1\u66f4\u7f8e\u597d\u3002"
        },
        {
            "reply_id": "UgyRxE7O-rYtfMSkBjV4AaABAg",
            "reply_content": "\u6211\u80fd\u660e\u767d\u4f60\u7684\u53d7\u50b7 \u56e0\u70ba\u6211\u5abd\u8ddf\u4f60\u7238\u5c31\u662f\u4e00\u6a23\u7684\u4eba"
        },
        {
            "reply_id": "Ugw0D4SEXGcHdSQD8X14AaABAg",
            "reply_content": "\u660e\u8ed2\u6211\u5011\u4e00\u8d77\u52a0\u6cb9"
        },
        {
            "reply_id": "UgwfC1QyfEnUI5sTwU94AaABAg",
            "reply_content": "\u8b1d\u8b1d\u660e\u8ed2\u52c7\u6562\u5730\u5206\u4eab\u9019\u4ef6\u4e8b\uff0c\u4e26\u4e14\u7528\u5be6\u529b\u8b49\u660e\u81ea\u5df1\u53ef\u4ee5\u6539\u8b8a\u53ef\u4ee5\u6709\u80fd\u529b\u904e\u5f97\u597d\n\n\u8b93\u6211\u660e\u767d\u6211\u5011\u90fd\u7121\u6cd5\u9078\u64c7\u7236\u6bcd\uff0c\u90a3\u5728\u4e00\u6b21\u6b21\u5617\u8a66\u6e9d\u901a\u7121\u679c\u5f8c\uff0c\u4e5f\u53ef\u4ee5\u653e\u4e0b\u5c0d\u539f\u751f\u5bb6\u5ead\u7684\u671f\u5f85\u4e86\n\n\u671f\u5f85\u672a\u4f86\u6211\u4e5f\u80fd\u5b8c\u5168\u7368\u7acb\u5f8c\u4e5f\u62cd\u4e00\u652f\u5f71\u7247\u5206\u4eab\u5fc3\u5f97\n\u60f3\u8ddf\u660e\u8ed2\u4e00\u6a23\u53bb\u9f13\u52f5\u5230\u8eab\u908a\u7684\u4eba\u3001\u770b\u5f71\u7247\u7684\u4eba\n\u8b1d\u8b1d\u60a8"
        },
        {
            "reply_id": "UgxCe15bWtdQbmP9UHd4AaABAg",
            "reply_content": "\u52a0\u6cb9\n\u4e00\u5b9a\u6703\u633a\u904e\u53bb\u7684\n\u4e0d\u7ba1\u9047\u5230\u4ec0\u9ebc\u75db\u82e6\uff0c\u4e5f\u8981\u9589\u8457\u773c\u775b\u5411\u524d\u885d"
        },
        {
            "reply_id": "UgyW7myC10jQVXsL7ix4AaABAg",
            "reply_content": "\u5bb6\u66b4\u7684\u786e\u633a\u8fc7\u5206\u7684\uff0c\u4e0d\u8fc7\u6211\u53ea\u5e0c\u671b\u8fd9\u4e2a\u4e16\u754c\u53ea\u6709\u7537\u5973\u4e24\u79cd\u6027\u522b"
        },
        {
            "reply_id": "UgxbFl11BRBq6EmSi8Z4AaABAg",
            "reply_content": "\u6c38\u9060\u8a18\u5f97\u570b\u4e2d\u8001\u5e2b\u8aaa\n\n\u6211\u5011\u4e0d\u80fd\u9078\u64c7\u51fa\u751f\u5728\u600e\u6a23\u7684\u5bb6\u5ead\n\u4f46\u6211\u5011\u53ef\u4ee5\u5275\u9020\u81ea\u5df1\u7406\u60f3\u7684\u5bb6\u5ead"
        },
        {
            "reply_id": "UgzWPBJqe6LL6pSR77R4AaABAg",
            "reply_content": "\u4eba\u751f\u662f\u4f60\u81ea\u5df1\u7684\uff0c\u4f60\u53ef\u4ee5\u6c7a\u5b9a\u81ea\u5df1\u8981\u8d70\u7684\u8def\u3002"
        }
    ]
}