{
    "video_info": {
        "id": "u37VaWPU7SQ",
        "channelTitle": "\u937e\u660e\u8ed2",
        "title": "\u6211\u53c8\u63a5\u5230\u4ee3\u8a00\u4e86\uff01",
        "description": "\u7121\u6cd5\u5f59\u96c6\u5b8c\u6210\u7684\u5fc3\u5883 \n\u5c1a\u672a\u80fd\u7d44\u7e54\u51fa\u6700\u7cbe\u6e96\u7684\u8a5e\u5f59\u4f86\u8868\u9054\u5fc3\u4e2d\u6240\u60f3\n\u6211\u5230\u5e95\u8a72\u5982\u4f55\u6d3b\u5f97\u7cbe\u5f69\uff1f\n\n\u5982\u679c\u8aaa\u751f\u4f86\u662f\u70ba\u4e86\u9ad4\u9a57\u7684\n\u90a3\u9019\u500b\u9ad4\u9a57\u7684\u76ee\u7684\u7a76\u7adf\u70ba\u4f55\u9700\u8981\u5b58\u5728\uff1f\n\u6211\u80fd\u5426\u4e0d\u8981\u9ad4\u9a57\uff1f\n\u6211\u662f\u4e0d\u662f\u53ef\u4ee5\u5728\u300e\u4eba\u300f\u6700\u4e00\u958b\u59cb\u6642\u5c31\u653e\u68c4\u9078\u64c7\uff1f\n\n\u4e0d\u8981\u56de\u982d \u4e0d\u8981\u601d\u8003 \u6c92\u6709\u8a55\u8ad6 \u6c92\u6709\u5ff5\u982d\n\u5982\u679c\u8aaa\u4eba\u5728\u4e00\u958b\u59cb\u672c\u8eab\u5c31\u662f\u6c92\u6709\u9078\u64c7\u7684\n\u90a3\u81f3\u5c11\u5728\u5f8c\u4f86 \u6211\u9078\u64c7\u4e86\u6211\u8981\u7684\n\n\u81f4\u90a3\u4e9b\u611b\u6211\u7684\u8ddf\u7121\u6cd5\u7406\u89e3\u6211\u7684\u4eba\n\u8d70\u5230\u8def\u4e0a \n\u770b\u770b\u6211",
        "likeCount": "12865",
        "commentCount": "699",
        "viewCount": "330814"
    },
    "comments": [
        {
            "reply_id": "UgwSGL778R_Fizy6i154AaABAg",
            "reply_content": "\u628a\u4ee3\u8a00\u5f62\u5bb9\u7684\u597d\u52d5\uff5e"
        },
        {
            "reply_id": "Ugx5zgGJE50Pq2Ja8G14AaABAg",
            "reply_content": "\u5ee3\u544a\u8d85\u8b9a\u2026"
        },
        {
            "reply_id": "UgzvdRfylLeqwVvm7Rd4AaABAg",
            "reply_content": "\u6211\u9019\u500b\u4eba\u5f88\u7c21\u55ae\uff0c\u660e\u8ed2\u63a8\u85a6\u6211\u5c31\u8cb7\u3002"
        },
        {
            "reply_id": "Ugz0Osa_JJYXfFO1ubd4AaABAg",
            "reply_content": "\u5ee3\u544a\u8d85\u7f8e\uff01"
        },
        {
            "reply_id": "Ugw0QTY6qo4WOXbA4El4AaABAg",
            "reply_content": "\u554a"
        },
        {
            "reply_id": "Ugz5FGmXyb2cdG37MWl4AaABAg",
            "reply_content": "\u606d\u559c\u4f60\uff0c\u4f60\u5f88\u81ea\u4fe1"
        },
        {
            "reply_id": "UgxvAQj7aALgkxOwXwJ4AaABAg",
            "reply_content": "\u8606\u6d32\u4e3b\u59d4\u770b\u5b8c\u8dd1\u4f86\u7684+1"
        },
        {
            "reply_id": "Ugw0PL9Pu6iQOF_1crN4AaABAg",
            "reply_content": "\u6587\u68ee\u5148\u751f\u76ae\u819a\u4e5f\u592a\u597d"
        },
        {
            "reply_id": "Ugys9Jn4oQ0AgG0IZE54AaABAg",
            "reply_content": "\u6587\u68ee\u5148\u751f\u7522\u54c1\u62cd\u7684\u5f88\u6709\u8cea\u611f"
        },
        {
            "reply_id": "UgzBa5j_a8jYWszdf-94AaABAg",
            "reply_content": "\u53ef\u60b2"
        },
        {
            "reply_id": "UgxV9yUldDFRRMDg-814AaABAg",
            "reply_content": "\u606d\u559c\u660e\u8ed2\u63a5\u5230\u65b0\u4ee3\u8a00\u8a92\uff5e\u5438\u500b\u8ca1\u904b\u5e0c\u671b\u6211\u4eca\u5e74\u4e5f\u767c\u5927\u8ca1\u2764"
        },
        {
            "reply_id": "UgwkwJf1AQZsFMSWkLx4AaABAg",
            "reply_content": "\u5dee\u4e00\u9ede\u5c0f\u5de7\u6fd5"
        },
        {
            "reply_id": "UgxfN7H61u3lOx0jWUx4AaABAg",
            "reply_content": "\u908a\u4ee3\u8a00\u908a\u73a9\u72fc\u4eba\u6bba\u5594"
        },
        {
            "reply_id": "UgxG3Ej38nndxJkF6t94AaABAg",
            "reply_content": "\u6211\u671f\u5f85\u4f60\u548c\u5c0fA\u8fa3\u5408\u4f5c"
        },
        {
            "reply_id": "UgzTEFfGh5doM0Vy1Cl4AaABAg",
            "reply_content": "\u6211\u662f\u4f60\u7684\u7c89\u7d72\u6211\u8d85\u7d1a\u611b\u770b\u4f60\u7684\u2764"
        },
        {
            "reply_id": "UgzPPj7rYlwzZybi3gh4AaABAg",
            "reply_content": "\u6211\u4e5f\u662f\u9152\u7cdf\u808c\uff0c\u9019\u500b\u7522\u54c1\u771f\u7684\u597d\u7528\u2764"
        },
        {
            "reply_id": "UgzcN3svo6KxWQbTG3B4AaABAg",
            "reply_content": "\u559c\u6b61\u4f60\u7684\u5ee0\u5546 \u6211\u4e5f\u5f88\u559c\u6b61\ud83d\ude02"
        },
        {
            "reply_id": "UgzJt6xZxhuPk8dVooZ4AaABAg",
            "reply_content": "\u6ca1\u6709\u5065\u5eb7\u7684\u8eab\u4f53 \u76ae\u80a4\u600e\u4e48\u4f1a\u597d\uff1f\u7b11\u5c4e\ud83d\ude02"
        },
        {
            "reply_id": "UgzB8MACniZqjZ53Jpt4AaABAg",
            "reply_content": "\u54c7\u585e\u539f\u4f86\u6587\u68ee\u5148\u751f \u662f\u4ed6\uff01\uff01\uff01\n\u591a\u5e74\u524d\u6709\u7de3\u5206\u8a8d\u8b58\u4ed6 \u6c92\u60f3\u5230\u5275\u7acb\u54c1\u724c\u4e86"
        },
        {
            "reply_id": "Ugyy0PCLWZjjwpyahOl4AaABAg",
            "reply_content": "\u8981\u53bb\u54ea\u88e1\u8cb7\u9019\u500b\u7522\u54c1\ud83d\ude2e"
        }
    ]
}