{
    "video_info": {
        "id": "vAvljcCit0M",
        "channelTitle": "\u937e\u660e\u8ed2",
        "title": "\u5ee0\u5546\u8981\u7d66\u6211\u78ba\u5b9a\u9912\uff01",
        "description": "\u672c\u96c6\u771f\u7684\u5f88for\u559c\u6b61\u611b\u611b\u6216\u800d\u9a37\u7684\u670b\u53cb\n\u5e73\u5e38\u6c92\u6709\u4fdd\u990a\u8d77\u4f86\u9084\u771f\u7684\u4e0d\u77e5\u9053\u539f\u4f86\u81ea\u5df1\u53ef\u4ee5\u5728\u6c92\u6709\u4efb\u4f55\u91ab\u7f8e\u7684\u5e6b\u52a9\u4e0b\n\u9084\u53ef\u4ee5\u628a\u81ea\u5df1\u7684\u9577\u76f8\u7d66Upgraded\u8d77\u4f86\n\n\u7e3d\u800c\u8a00\u4e4b \u5df2\u7d93\u7576\u4e86\u597d\u5e7e\u5e74\u7684\u767d\u8001\u9f20\n\u53ef\u5728\u81ea\u5df1\u7684\u6709\u751f\u4e4b\u5e74\u88e1\u610f\u5916\u6316\u5230\u771f\u5be6\u597d\u7528\u7684\u7522\u54c1 \u771f\u6ef4\u53ef\u9047\u4e0d\u53ef\u6c42\uff01\n\u4e00\u6a23\u8001\u8a71\u4e00\u53e5\uff1a\n\u300e\u5929\u5e95\u4e0b\u6c92\u6709\u6240\u8b02\u5168\u4eba\u985e\u90fd\u9069\u7528\u7684\u7522\u54c1\uff0c\u53ea\u6709\u627e\u5230\u9069\u5408\u81ea\u5df1\u7684\uff0c\u90a3\u624d\u662f\u771f\u7684\u3002\u300f\n\n\u5f88\u69ae\u5e78\u7576\u5927\u5bb6\u7684\u5c0f\u5c0f\u907f\u96f7\u91dd\n\u7e7c\u7e8c\u800d\u9a37\uff5e\u7e7c\u7e8c\u6f02\u4eae\uff5e",
        "likeCount": "13752",
        "commentCount": "499",
        "viewCount": "458318"
    },
    "comments": [
        {
            "reply_id": "UgyTbLkWEeZdknGbjb94AaABAg",
            "reply_content": "\u6211\u5abd\u525b\u5f9e\u570b\u5916\u56de\u4f86\u4ed6\u5c31\u554f\u8aaa\u4ed6\u60f3\u8cb7\u81a0\u539f\u86cb\u767d\u6211\u5c31\u807d\u4f60\u7684\u8a71\u8cb7\u4e86\u7b2c\u4e94\u5929\u800c\u5df2\u5c31\u958b\u59cb\u6709\u6548\u679c\u4e86\ud83d\ude0d"
        },
        {
            "reply_id": "UgxGIuerbchhIGdK1RF4AaABAg",
            "reply_content": "\u8acb\u554f\u660e\u8ed2\u9084\u662f\u7528\u8cc7\u751f\u5802\u8f15\u7fbd\u7c89\u9905\u55ce?"
        },
        {
            "reply_id": "Ugx0upVPcjLt7grr1CZ4AaABAg",
            "reply_content": "\u7f8e\u4eba\u4ecb\u7d39\u7684\u3002\u8981\u8cb7"
        },
        {
            "reply_id": "UgzaLFA7Xf-PKW2thPZ4AaABAg",
            "reply_content": "m2\u70ba\u4e86\u660e\u8ed2\u525b\u525b\u624d\u885d\u53bb\u8cb7\u56de\u4f86\u800c\u5df2"
        },
        {
            "reply_id": "UgxqGnyWQDwRuzy5CdF4AaABAg",
            "reply_content": "\u80fd\u554f\u4e00\u4e0b\u570b\u969b\u7f8e\u4eba \u5118\u7ba1\u5728\u9019\u9ebc\u591a\u8868\u60c5\u7684\u60c5\u6cc1\u4e0b \u70ba\u4ec0\u9ebc\u76ae\u819a\u9084\u662f\u9019\u9ebc\u7f8e \u90fd\u6c92\u6709\u4e00\u7d72\u7d30\u7d0b \u771f\u7684\u5f88\u6f02\u4eae\u634f\u2764\n\u54ac\u7259\u5207\u9f52\u7684\u72c0\u6cc1\u4e0b\u8b1b\u8a71\u771f\u7684\u5f88\u6709\u8da3\ud83d\ude02"
        },
        {
            "reply_id": "UgwbUUd_aIX4OOLDiGl4AaABAg",
            "reply_content": "\u8863\u670d\u5f88\u597d\u597d\u770b\u554a\u554a\u554a\u554a\uff0c\u660e\u8ed2\u9019\u4ef6\u8863\u670d\u54ea\u88e1\u8cb7\u7684\u2764\u2764\u2764"
        },
        {
            "reply_id": "UgxVOiw06968c_YPkAF4AaABAg",
            "reply_content": "\u9019\u500b\u9aee\u578b\u5f88\u597d\u770b"
        },
        {
            "reply_id": "UgyeF5lfopx6VMCu4aZ4AaABAg",
            "reply_content": "\u8acb\u554f\u662f\u6709\u6301\u7e8c\u5403\u4ec0\u9ebc\u76ae\u819a\u624d\u9019\u9ebc\u767d\u7684\u55ce\uff01"
        },
        {
            "reply_id": "UgyELsw_4biyHs4940l4AaABAg",
            "reply_content": "\u4e3b\u8981\u4eba\u751f\u6f64\u611b\u9084\u5f88\u4fbf\u5b9c\uff0c\u5c0d\u5c0f\u8cc7\u65cf\u4f86\u8aaa\u5f88\u7701 \u8acb\u4e0d\u8981\u6d88\u5931"
        },
        {
            "reply_id": "UgyzZLrukfA5B-mg0Lh4AaABAg",
            "reply_content": "\u660e\u8ed2\u597d\u7f8e\ud83d\ude0d"
        },
        {
            "reply_id": "UgzuQlQNTk5JTHoxwkx4AaABAg",
            "reply_content": "\u4f60\u53ef\u4ee5\u53bb\u6cf0\u570b\u7576\u4eba\u5996"
        },
        {
            "reply_id": "UgwhzRgVHSS4LVTHj014AaABAg",
            "reply_content": "\u771f\u7684\u5f88\u60f3\u62ff\u76ae\u97ad\u72e0\u72e0\u7684\u62bd\u4f60100\u4e0b"
        },
        {
            "reply_id": "UgyFLUpuj44gUU-Wx7t4AaABAg",
            "reply_content": "\u81a0\u539f\u86cb\u767d\u90a3\u88e1\u8cb7\u6bd4\u8f03\u4fbf\u5b9c\uff1f"
        },
        {
            "reply_id": "UgzMQ8AqJ_f6P6PE6VR4AaABAg",
            "reply_content": "\u554a\uff1f\u8cb4\u5a66\u4e73\u971c\u4e0d\u662f\u5857\u81c9\u7684\u55ce\uff1f\uff1f\u539f\u4f86\u6709\u9322\u4eba\u90fd\u662f\u7528\u4f86\u5857\u8eab\u9ad4\u8a92\uff1f"
        },
        {
            "reply_id": "UgwkmpDIIYBg6Gdbd0F4AaABAg",
            "reply_content": "\u5168\u80fd\u4e73\u6db2\u539f\u4f86\u662f\u64e6\u8eab\u9ad4 \ud83d\ude05"
        },
        {
            "reply_id": "Ugz2Yw2Ut8U8bqypF5d4AaABAg",
            "reply_content": "\u5e79 \u6f64\u6ed1\u6db2\u5927\u7f3a\u8ca8\u554a\uff01"
        },
        {
            "reply_id": "UgzIA_xt7lWrgKP8Ac94AaABAg",
            "reply_content": "\u5176\u5be6\u60f3\u554f\u554f\u770b\u81a0\u539f\u86cb\u767d\u98f2\u7684\u53e3\u611f\n\u559d\u4e0b\u53bb\u662f\u4ec0\u9ebc\u5473\u9053\ud83d\udc40"
        },
        {
            "reply_id": "UgxXEG6koT1YlS3CTPt4AaABAg",
            "reply_content": "\u7d20\u984f\u8d85\u6f02\u4eae\ud83d\ude0a"
        },
        {
            "reply_id": "Ugxqnw5jN0Mkzoa6oL54AaABAg",
            "reply_content": "\u770b\u4e86\u597d\u60f3\u8cb7\u5594\uff5e"
        },
        {
            "reply_id": "UgwYq_Tw3SFRQ2S-RN54AaABAg",
            "reply_content": "\u6211\u4e5f\u4e0b\u55ae\u53bb\u8cfc\u8cb7\u4e86\ud83d\ude0d\ud83d\ude0d"
        }
    ]
}