{
    "video_info": {
        "id": "vS8-k1c0zUU",
        "channelTitle": "\u937e\u660e\u8ed2",
        "title": "\u53ef\u4ee5\u505c\u7522\u7684\u5ee0\u5546!!",
        "description": "\u5047\u501f\u62cd\u9760\u5317\u5ee0\u5546\u4e4b\u540d\n\u884c\u5c55\u73fe\u6f02\u4eae\u4e4b\u5be6\u3002\n\n\u8b1d\u8b1d",
        "likeCount": "14947",
        "commentCount": "1001",
        "viewCount": "475171"
    },
    "comments": [
        {
            "reply_id": "UgxpbrpO50jy8z3lNIF4AaABAg",
            "reply_content": "\u8c93\u54aa\u90a3\u4e00\u6bb5\u597d\u597d\u7b11\ud83d\ude02\ud83d\ude02"
        },
        {
            "reply_id": "UgyrcqNnmQjIFCPV8Z94AaABAg",
            "reply_content": "\u9019\u984f\u8272\u4e5f\u597d\u9069\u5408\u660e\u8ed2\uff0c\u5f88\u7f8e\uff0c\u660e\u8ed2\u771f\u7684\u4e5f\u5f88\u6703\u642d\uff0c\u9019\u9aee\u8272\u642d\u914d\u9019\u8863\u670d\u53ca\u82b1\u6a23\uff0c\u8d85\u642d\u8d85\u597d\u770b\uff0c\u5f88\u6b50\u7f8e\uff0c\u5f88\u570b\u969b\uff0c\u771f\u7684\u540d\u526f\u5176\u5be6\u7684\n\u570b\u969b\u7f8e\u4eba\uff0c\u975e\u5e38\u771f\u5be6\n\n\u5c08\u8f2f\u8cb7\u4e86\uff0c\u5e0c\u671b\u80fd\u8b93\u660e\u8ed2\u7c3d\u540d\u5230\uff0c\u62b1\u6b49\u4e0d\u662f\u5728\u51fa\u5c08\u8f2f\u6642\u7684\u90a3\u6642\u9593\u8cb7\u7684\uff0c\u56e0\u70ba\u53bb\u5e74\u524d\u5e7e\u500b\u6708\u6642\n\u624d\u958b\u59cb\u8ffd\u8e64\u660e\u8ed2 \u56e0\u70ba\u4ee5\u524d\u751f\u75c5\u90fd\u5728\u6cbb\u7642"
        },
        {
            "reply_id": "UgwG1kuryIZZHBlf8w54AaABAg",
            "reply_content": "\u597d\u6b50\u611b\u4fe1\u4e0d\u4fe1"
        },
        {
            "reply_id": "UgybKvNCrk5yv-wNAVp4AaABAg",
            "reply_content": "\u7247\u982d\u7684\u9ad8\u8ddf\u978b\u4e00\u76f4\u91cd\u8986\u4e0d\u6703\u81a9\u6b38\uff0c\u592a\u597d\u807d\u4e86\uff01"
        },
        {
            "reply_id": "UgzxOG7hJs5QCCKGbIx4AaABAg",
            "reply_content": "\u4eca\u5929\u7684\u599d\u5bb9\u8ddf\u7c89\u8272\u592a\u642d\u4e86\u5427"
        },
        {
            "reply_id": "Ugyu72LxrbljACKjMAp4AaABAg",
            "reply_content": "\u81ea\u5df1\u4e0d\u559c\u6b61\u4e0d\u8981\u7528\u554a\uff01\u4e0d\u6703\u5594\uff1f"
        },
        {
            "reply_id": "Ugzsj5G3bltkCnciAm54AaABAg",
            "reply_content": "\u6211\u76f8\u4fe1\u4f60  \u4f60\u53ef\u4ee5\u7576\u96fb\u97f3\u5973\u795e\u937e\u660e\u8ed2\u59d0\u59d0"
        },
        {
            "reply_id": "UgxX0HFCvEIqmnvZ4BR4AaABAg",
            "reply_content": "\u660e\u8ed2\u59d0\u59d0\u4f60\u597d\u8fa3\u5594"
        },
        {
            "reply_id": "Ugww0pFITXnA4aqNeoB4AaABAg",
            "reply_content": "\u6b38\u5929\u554a\u9019\u65b0\u9aee\u4e5f\u592a\u597d\u770b\u4e86\u5427\ud83d\ude02"
        },
        {
            "reply_id": "UgylpJ3ieTcIQPxRXjp4AaABAg",
            "reply_content": "\u7b11\u6b7b\uff0c\u4f60\u8aaa\u9178\u6c11\u5f88\u6c92\u6c34\u6e96\uff0c\u8acb\u554f\u4f60\u7684\u884c\u52d5\u8ddf\u9178\u6c11\u6709\u4ec0\u9ebc\u5169\u6a23?\u4f60\u5728\u8aaa\u4f60\u81ea\u5df1\u6c92\u6c34\u6e96\u55ce?\u4e5f\u662f\u5566\uff0c\u4f60\u9019\u7a2e\u5b8c\u5168\u4e0d\u63a5\u53d7\u5225\u4eba\u610f\u898b\u7684\u771f\u7684\u7121\u85e5\u53ef\u6551"
        },
        {
            "reply_id": "UgwHr5ay9TurhAKhYPt4AaABAg",
            "reply_content": "\u6390\u7c73\u9084\u883b\u61c2\u751f\u5b58\u4e4b\u9053\u7684~"
        },
        {
            "reply_id": "Ugxx-EFTCtaiGwMiGoB4AaABAg",
            "reply_content": "\u771f\u7684\u662f\u6709\u4e0d\u6015\u88ab\u544a\u7684\u52c7\u6c23\uff0c\u4f69\u670d\uff01"
        },
        {
            "reply_id": "Ugwa43RU0hcBYxr0GLN4AaABAg",
            "reply_content": "\u8aac\u8b0a\u6703\u88ab\u5b87\u5b99\u61f2\u7f70\uff0c\u6703\u8aaa\u4e0d\u51fa\u5047\u8a71\uff1f\u602a\u602a\u7684\u6b38\u61c9\u8a72\u8aaa\u932f\u4e86\u5427"
        },
        {
            "reply_id": "Ugzgp_r4Bw9lCvSr0yZ4AaABAg",
            "reply_content": "\u597d\u96aa\u4f60\u99ac\u4e0a\u62ff\u6389\u5e3d\u5b50\uff0c\u4e0d\u7136\u6211\u4e00\u76f4\u7cfe\u7d50\u5e3d\u5b50\u8ddf\u6f02\u4eae\u7684\u8863\u670d\u597d\u4e0d\u642d\u5594\u3002\u65b0\u9aee\u8272\u5f88\u6f02\u4eae"
        },
        {
            "reply_id": "UgydBxMvQ6zh11fYmWx4AaABAg",
            "reply_content": "\u9019\u500b\u8863\u670d\u771f\u7684\u597d\u914d\u4f60\u7684\u982d\u9aee \u597d\u7f8e\u54e6"
        },
        {
            "reply_id": "UgyGH2wIExtstJBlm954AaABAg",
            "reply_content": "\u9ec3\u6c0f\u5144\u5f1f\u7684\u6e05\u9716\u53eb\u6211\u4f86\u6309\u5012\u8b9a"
        },
        {
            "reply_id": "UgyNN98wuoVmg2McOx54AaABAg",
            "reply_content": "\u6211\u88ab\u660e\u8ed2\u7f8e\u5230\u4e86"
        },
        {
            "reply_id": "UgzPA-K0RGujgLbWqfN4AaABAg",
            "reply_content": "\u60f3\u77e5\u9053\u7f8e\u4eba\u662f\u53bb\u54ea\u88e1\u67d3\u982d\u9aee\u7684\ud83d\ude0d"
        },
        {
            "reply_id": "UgygcPWs1aL3QL_n8RF4AaABAg",
            "reply_content": "\u53ef\u4ee5\u505c\u4ea7\u7684\u4ea7\u54c1 \u6bd4\u8f83\u8d34\u5207"
        },
        {
            "reply_id": "UgySo5m2ZfMN1k00Xih4AaABAg",
            "reply_content": "\u4e1f\u81c9\u7684\u8b8a\u614b"
        }
    ]
}