{
    "video_info": {
        "id": "w7Efgr1SWBA",
        "channelTitle": "\u937e\u660e\u8ed2",
        "title": "\u51cc\u6668\u8ddf\u76f4\u7537\u51fa\u570b\uff01",
        "description": "\u7701\u53bb\u90a3\u4e9b\u5197\u8a5e\u8d05\u53e5 \u653e\u5fc3\u7684\u6d3b\u5728\u7576\u4e0b\n\n\u5be6\u5728\u662f\u592a\uff5e\uff5e\uff5e\u4e45\u6c92\u6709\u8ddf\u5927\u5b78\u540c\u5b78\u51fa\u904a\n\u672c\u4f86\u662f\u6253\u7b97\u4ee5\u79c1\u4e0b\u7684\u72c0\u614b\u597d\u597d\u7684\u73a9 \u56de\u53f0\u7063\u518d\u8a8d\u771f\u5de5\u4f5c\u5c31\u597d\n\u4f46\u53c8\u7a81\u7136\u601d\u8003\u5230\u624b\u6a5f\u6642\u5e38\u6703\u8df3\u51fa\u4ee5\u524d\u8ddf\u5927\u5bb6\u4e00\u8d77\u51fa\u53bb\u73a9\u7684\u5f71\u7247\n\u6bcf\u6b21\u770b\u5b8c\u5f71\u7247\u4e5f\u90fd\u6703\u6709\u7a2e\u300e\u9084\u597d\u7576\u6642\u6709\u7d00\u9304\u4e0b\u4f86\u300f\u7684\u90a3\u7a2e\u611f\u89ba\n\u9019\u6b21\u51fa\u767c\u524d\u5c31\u9084\u662f\u9ed8\u9ed8\u7684\u628a\u71c8\u5149\u3001\u76f8\u6a5f\u67b6\u597d \u6df1\u6015\u518d\u932f\u904e\u4e9b\u4ec0\u9ebc\n\n\u53ea\u80fd\u8aaa\u9019\u6b21\u7684\u65e5\u672c\u884c\u8b93\u6211\u5c0d\u81ea\u5df1\u9084\u6709\u5c0d\u9019\u4e9b\u670b\u53cb\u5011\u53c8\u6709\u66f4\u7368\u5230\u7684\u8a8d\u8b58\n\u672c\u4ee5\u70ba\u5df2\u7d93\u8ddf\u5927\u5bb6\u5df2\u7d93\u90fd\u5f88\u719f \u6c92\u60f3\u5230\u6703\u56e0\u70ba\u9019\u6b21\u65c5\u904a\u53c8\u6709\u7a2e\u66f4\u8a8d\u8b58\u4e9b\u4ec0\u9ebc\u7684\u611f\u89ba\n\u53ef\u80fd\u662f\u4e00\u7a2e\u5e73\u5e38\u5e7e\u4e4e\u770b\u4e0d\u898b\u7684\u60c5\u7dd2\u3001\u4e5f\u53ef\u80fd\u662f\u4e00\u7a2e\u81ea\u5df1\u88ab\u81ea\u5df1\u5687\u5230\u7684\u8a8d\u8b58\n\u4e0d\u518d\u611f\u8b1d\u5b87\u5b99 \u4e0d\u518d\u611f\u8b1d\u751f\u547d\n\u9019\u6b21\u7a81\u7136...\n\u5f88\u611f\u8b1d\u81ea\u5df1\u7684\u5b89\u6392",
        "likeCount": "14726",
        "commentCount": "595",
        "viewCount": "520582"
    },
    "comments": [
        {
            "reply_id": "Ugx8eAQ_mkP3XxCjBcV4AaABAg",
            "reply_content": "\u53ef\u6190\u7684\u76f4\u7537 \u7adf\u7136\u8ddf\u570b\u969b\u611b\u6ecb\u6bd2\u7532\u4e00\u8d77\u51fa\u570b"
        },
        {
            "reply_id": "UgyNOsw-jXH1d0VmY-Z4AaABAg",
            "reply_content": "\u54c8\u54c8\u54c8\u54c8\u8ab0\u5148\u6d17\u6fa1\u5f88\u91cd\u8981\ud83d\ude02\ud83d\ude02"
        },
        {
            "reply_id": "UgzTqtciROB3FHl21Wt4AaABAg",
            "reply_content": "\u65e5\u672c\u4eba\u6234\u767d\u53e3\u7f69\u662f\u5f9e\u4ee5\u524d\u958b\u59cb\u8ce3\u7684\u5c31\u767d\u53e3\u7f69\uff0c\u75ab\u60c5\u5f8c\u958b\u59cb\u6709\u984f\u8272\u4f46\u4e5f\u591a\u504f\u7d20\u8272\uff0c\u4e0d\u6703\u50cf\u53f0\u7063\u4e00\u6a23\u5370\u82b1\u3002\u4e0d\u77e5\u9053\u6709\u6c92\u6709\u767c\u73fe\u4ed6\u5011\u7684\u670d\u88dd\u4e5f\u662f\u504f\u7d20\u8272\uff0c\u9ed1\u767d\u7070\uff0c\u5361\u5176\u3002\u8868\u793a\u5408\u7fa4\uff0c\u6216\u4e0d\u7a81\u51fa\u81ea\u5df1\uff0c\u53e6\u4e00\u9762\u53ef\u80fd\u5c31\u662f\u6c92\u7279\u8272\u4e3b\u898b\u4e4b\u985e\u7684\uff0c\u8ddf\u4ed6\u5011\u7684\u6587\u5316\u6709\u95dc\u22ef\u22ef"
        },
        {
            "reply_id": "Ugxw02TKQxIrPixw2id4AaABAg",
            "reply_content": "\u60f3\u77e5\u9053\u7d50\u5c3e\u5206\u4eab\u7684\u90a3\u672c\u66f8\u66f8\u540d\u2764"
        },
        {
            "reply_id": "UgzpthFVgWku99Npy4d4AaABAg",
            "reply_content": "\u4eba\u5f53\u9047\u89c1\u81ea\u5df1\u5f88\u559c\u6b22\u548c\u8981\u4fdd\u62a4\u7684\u4eba\uff0c\u4f1a\u53bb\u6539\u53d8\u81ea\u5df1\u53bb\u8ffd\u6c42\u3002\u4eba\u751f\u5c31\u8fd9\u4e48\u4e00\u56de\u548c\u81ea\u5df1\u559c\u6b22\u7684\u4eba\u4e00\u8d77\u8fc7\u3002\u6539\u53d8\u4e5f\u662f\u53ef\u4ee5\u6709\u7231\uff0c\u6e29\u6696\uff0c\u559c\u4e50 \uff0c\u5e78\u798f\uff0c\u5bb6\u5ead\uff0c\u88ab\u4fdd\u62a4 \u548c \u53bb\u4fdd\u62a4\u3002\u4f60\u4f1a\u9047\u5230\u4f60\u7684\u771f\u7231\u7684\u3002"
        },
        {
            "reply_id": "UgzwF3KgdyoXVrlLkBp4AaABAg",
            "reply_content": "\u53ef\u4ee5\u611f\u53d7\u5230\u660e\u8ed2\u7684\u8208\u596e\u611f\uff0c\u56e0\u70ba\u81ea\u5df1\u8981\u51fa\u9580\u524d\u4e5f\u662f\u9019\u9ebc\u7684\u8208\u596e\ud83d\ude06\u6709\u6642\u5019\u9084\u6703\u8df3\u821e"
        },
        {
            "reply_id": "UgzUxSQPgKQw2sypzeZ4AaABAg",
            "reply_content": "\u5e74\u9752\u4eba\u4e00\u8d77\u53bb\u65c5\u884c\u5f88\u958b\u5fc3\u2764"
        },
        {
            "reply_id": "UgwC9R0dx_GJBos_C9t4AaABAg",
            "reply_content": "\u4f60\u5011\u597d\u53ef\u611b\u54c8\u54c8"
        },
        {
            "reply_id": "UgzEzELxBEvvQ1RBBPp4AaABAg",
            "reply_content": "\u8acb\u554f\u6709\u8ab0\u53ef\u4ee5\u770b\u51fa\u660e\u8ed2\u7684\u978b\u5b50\u662f\u4ec0\u9ebc\u54c1\u724c\uff1f\u597d\u597d\u770b\uff01"
        },
        {
            "reply_id": "Ugyg8TB-0b3uWwfQccN4AaABAg",
            "reply_content": "\u54c0\u5269\u5169\u5e74 \u4eba\u751f\u4e0d\u5c31\u662f\u5403\u5403\u7761\u7761 \u7b49\u5169\u5e74\u4e00\u5230"
        },
        {
            "reply_id": "Ugyeux9JVmCaC5XuWw14AaABAg",
            "reply_content": "\u4e00\u500b\u4eba\u597d\u904e\u5169\u310d\u4eba \u771f\u7684  \u5343\u842c\u5225\u627e\u4f34\u4fb6  \u4e0d\u7ba1\u662f\u627e\u7537\u7684\u9084\u662f\u5973\u7684 ~\u5f8c~\u6211\u5dee\u9ede\u6c92\u547d\u7d66\u6211\u8001\u516c\u641e\u6b7b"
        },
        {
            "reply_id": "UgyHVOAy1ZGE0FxOnmp4AaABAg",
            "reply_content": "\u4ed6\u6700\u559c\u6b61\u7a7f\u7684\u4e00\u4ef6\u8863\u670d\u5c31\u662f\u900f\u660e\u7684  \u54c8\u54c8\u5f88\u611b\u79c0\u8eab\u6750"
        },
        {
            "reply_id": "Ugz0SaFzDjBKzGUb-Bd4AaABAg",
            "reply_content": "\u4ee5\u524d\u6211\u6709\u500b\u95a8\u871c\u4e5f\u662f\u7537\u540c \u54c8 \u4ed6\u9084\u9001\u6211\u4e00\u5806\u7709\u7b46 \u6211\u4ee5\u70ba\u662f\u5beb\u5b57\u7528\u7684"
        },
        {
            "reply_id": "UgyvwpWoiivivHq-f6N4AaABAg",
            "reply_content": "\u5f88\u68d2\u5f88\u6709\u81ea\u4fe1\u5f88\u6709\u5167\u6db5\u7684\u5e74\u8f15\u4eba"
        },
        {
            "reply_id": "UgyLVsO9gCq_p5upYYR4AaABAg",
            "reply_content": "\u6234\u767d\u8272\u53e3\u7f69\u6bd4\u8f03\u597d\u770b"
        },
        {
            "reply_id": "UgzrxjnZ27sqnsREAAB4AaABAg",
            "reply_content": "\u7761\u89ba\u4e00\u79d2\u8b8a\u963f\u5af2 \u54c8\u54c8\u54c8"
        },
        {
            "reply_id": "UgysqTk2bAAtV_GhwnV4AaABAg",
            "reply_content": "\u559c\u6b61\u770b\u4f60\u8abf\u6232\u65b0\u670b\u53cb\ud83d\ude02"
        },
        {
            "reply_id": "UgyKWSjK7I_llmMad-h4AaABAg",
            "reply_content": "\u54c8\u5927\u4f60\u8ed2\u554a"
        },
        {
            "reply_id": "UgzdF6F_NmG343_3at54AaABAg",
            "reply_content": "\u9ebb\u71693:50 \u9019\u7247\u6bb5\u53ef\u4ee5\u7d66\u4e2d\u83ef\u6c11\u570b\u4ea4\u901a\u90e8\u770b\u770b \u4eba\u5bb6\u65e5\u672c\u4eba\u662f\u600e\u9ebc\u79ae\u8b93\u884c\u4eba\u7684 \u518d\u770b\u770b\u53f0\u7063\u7684\u884c\u4eba\u5730\u7344"
        },
        {
            "reply_id": "Ugz2NPpE0ssn3y4nxr94AaABAg",
            "reply_content": "\u5feb\u7b11\u58de\u4e86\uff5e\uff5e\n\u660e\u8ed2\u7761\u4f30\u7684\u6a23\u5b50\n\u771f\u7684\u597d\u597d\u7b11"
        }
    ]
}