{
    "video_info": {
        "id": "weebni_V5ls",
        "channelTitle": "\u937e\u660e\u8ed2",
        "title": "\u6211\u7684\u5bb6\u8b8a\u4e86\uff01",
        "description": "\u81ea\u5f9e\u642c\u65b0\u5bb6\u4e4b\u5f8c \u5c31\u89ba\u5f97\u9019\u500b\u5bb6\u5c11\u4e86\u4e00\u9ede\u4ec0\u9ebc\n\n\u5df2\u642c\u9032\u4f864\u500b\u591a\u6708 \u7f8e\u4e2d\u4e0d\u8db3\u7684\u9ede\u771f\u7684\u5c31\u662f\u90a3\u7121\u8da3\u7684\u967d\u53f0\n\n\u6bcf\u6b21\u8d77\u5e8a\u770b\u5230\u967d\u53f0\u90fd\u5fc3\u88e1\u9ed8\u5ff5\uff1a \n\u300e\u90a3\u4e0d\u662f\u5c6c\u65bc\u6211\u5bb6\u7684\u4e00\u90e8\u4efd\uff0c\u90a3\u4e0d\u662f\u5c6c\u65bc\u6211\u5bb6\u7684\u4e00\u90e8\u4efd\u3002\u300f\n\n\u5728\u8166\u4e2d\u6703\u5f88\u61f6\u60f0\u7684\u4ea4\u7d66\u672a\u4f86\u7684\u660e\u8ed2\u89e3\u6c7a \n\u7e3d\u89ba\u5f97\u53cd\u6b63\u672a\u4f86\u7e3d\u6709\u4e00\u5929\u6211\u4e00\u5b9a\u6703\u6539\u8b8a\u5b83\u7684\u9577\u76f8\n\n\u5f8c\u4f86\u5c31\u5982\u5f71\u7247\u770b\u5230\u7684\u90a3\u6a23\n\n\u672c\u4f86\u60f3\u4ee5\u666e\u901a\u53f0\u7063\u6c11\u773e\u7684\u8eab\u4efd\u53bb\u8acb\u4eba\u5bb6\u5e6b\u6211\u6539\u9020\u5be6\u4f5c\n\u4f46\u4ed6\u5011\u7684\u95c6\u5a18\u597d\u50cf\u6709\u9ede\u5fae\u611b\u6211 \u5805\u6301\u5408\u4f5c\n\n\u53ea\u80fd\u8aaa\u88ab\u5730\u7403\u4eba\u4fd7\u7a31\u7684\u5973\u6027\u5fae\u611b \u771f\u7684\u662f\u6709\u9ede\u4e0d\u7fd2\u6163\uff5e\uff5e\nAnyway \u4e16\u4e0a\u552f\u4e00\u4e0d\u8b8a\u7684\u5c31\u662f\u300e\u8b8a\u300f\n\u4e0d\u77e5\u300e\u751f\u547d\u300f\u9019\u5834\u904a\u6232\u6703\u8ddf\u6211\u76f8\u8655\u591a\u4e45\n\n\u6211\u73fe\u5728\u662f\u76e1\u53ef\u80fd\u7684\u73a9\u597d\u904a\u6232 \n\u76e1\u53ef\u80fd\u7684\u7e7c\u7e8c\u5275\u4f5c\n\u76e1\u53ef\u80fd\u7684...\n\n\u7121\u53ef\u6551\u85e5\uff1f",
        "likeCount": "23004",
        "commentCount": "1213",
        "viewCount": "627425"
    },
    "comments": [
        {
            "reply_id": "Ugx_qaJDf7ndjl1WEdt4AaABAg",
            "reply_content": "\u665a\u4e0a\u8d85\u7f8e\uff5e"
        },
        {
            "reply_id": "UgxTVfGZjo0J5G8B7XF4AaABAg",
            "reply_content": "\u5f88\u50bb\uff0c\u5ee0\u5546\u514d\u8cbb\u5e6b\u4ed6\u505a\u624d\u82b1\u4e00\u9ede\u9322\uff0c\u5ba3\u50b3\u7684\u6548\u679c\u5c31\u50cf\u7701\u4e86\u5927\u7b46\u5ee3\u544a\u8cbb\u3002\u5f88\u591a\u4eba\u56e0\u70ba\u770b\u5f71\u7247\u627e\u9019\u5bb6\u5ee0\u5546\uff0c\u5ee0\u5546\u53ef\u4ee5\u8cfa\u5f88\u591a\u9322\uff0c\u660e\u8ed2\u7b49\u65bc\u662f\u88ab\u5ee0\u5546\u62d0\u4e86\u547c\u56a8\u4e86\u88ab\u4f54\u4fbf\u5b9c\u3002\ud83c\udf89"
        },
        {
            "reply_id": "UgwBHEj9fluDBGz5Cv54AaABAg",
            "reply_content": "\u5f88\u559c\u6b61\u7247\u5c3e"
        },
        {
            "reply_id": "Ugy-E0MGaFXggeQ4del4AaABAg",
            "reply_content": "\u771f\u7684\u5f88\u6f02\u4eae"
        },
        {
            "reply_id": "UgywoLq3wCxWyVeMAZR4AaABAg",
            "reply_content": "\u4e0b\u96e8\u600e\u9ebc\u8fa6"
        },
        {
            "reply_id": "UgwNgAjLBVQHzhjKkNp4AaABAg",
            "reply_content": "\u60f3\u8acb\u554f\u4e0b\u96e8\u600e\u9ebc\u8fa6\u5462\uff1f\uff08\u60f3\u4f5c\u70ba\u4ee5\u5f8c\u81ea\u5bb6\u53c3\u8003\uff5e\u8b1d\u8b1d\uff09"
        },
        {
            "reply_id": "UgzaKHC4txS6ZhujONl4AaABAg",
            "reply_content": "\u6211\u5f88\u597d\u5947\u4e0b\u96e8\u600e\u9ebc\u8fa6"
        },
        {
            "reply_id": "Ugy-WeIoIndBlSIZytB4AaABAg",
            "reply_content": "\u8d85\u6709\u6d6a\u6f2b\u6c23\u6c1b\u7684\u967d\u53f0\uff01\u8b9a"
        },
        {
            "reply_id": "Ugw0Ti1aQ8ocOCTxWW14AaABAg",
            "reply_content": "\u8acb\u554f\u5ee0\u5546\u540d\u7a31 \u7db2\u5740\u662f\uff1f"
        },
        {
            "reply_id": "UgzNjQyzJZxlxPZ_Gu14AaABAg",
            "reply_content": "\u53c8\u8981\u54ed\u4ec0\u9ebc\uff1f"
        },
        {
            "reply_id": "UgyFTcu0o-G7ZEMNqw14AaABAg",
            "reply_content": "\u5316\u599d\u5316\u7684\u597d\u6f02\u4eae\uff01"
        },
        {
            "reply_id": "Ugx1gZMPdXPUeeJD0GN4AaABAg",
            "reply_content": "\u6700\u5f8c\u559d\u9999\u6ab3\u7684\u6642\u5019\u6c34\u4e00\u76f4\u6ef4\u5230\u5927\u817f"
        },
        {
            "reply_id": "UgxTWbRCx_kO8b8VcTl4AaABAg",
            "reply_content": "\u9019\u500b\u967d\u53f0\u771f\u7684\u592a\u7f8e"
        },
        {
            "reply_id": "UgxzcP9BgIQuCh2G21B4AaABAg",
            "reply_content": "\u771f\u7684\u597d\u7f8e\u3001\u5c0f\u5c0f\u967d\u53f0\u5927\u5927\u7684\u512a\u96c5\uff5e\u597d\u559c\u6b61"
        },
        {
            "reply_id": "UgxB-tISlLGDWGzXu294AaABAg",
            "reply_content": "\u597d\u6f02\u4eae\u7684\u967d\u53f0\uff0c\u5f88\u9069\u5408\u62ff\u4e00\u672c\u66f8\u559d\u4e00\u676f\u5496\u5561 \u5750\u90a3\u908a\u770b\u66f8"
        },
        {
            "reply_id": "Ugwlxs9azP6SIo2hbaR4AaABAg",
            "reply_content": "\u8d85\u559c\u6b61\u4f60\u7684\u5f71\u7247"
        },
        {
            "reply_id": "UgycbySanEp_d-1qSad4AaABAg",
            "reply_content": "\u4e0d\u8981\u5728\u93e1\u982d\u524d\u505a\u6e05\u6f54\u9f3b\u5b54\u52d5\u4f5c\u5440\uff01\u7834\u5883\u4f60\u7684\u7f8e\u4eba\u5f62\u50cf\u5440\uff01"
        },
        {
            "reply_id": "UgyQFSdwVy5qgxUCbEF4AaABAg",
            "reply_content": "\u8d85\u7f8e\u7684"
        },
        {
            "reply_id": "UgzbQLS6cvAuwl15haF4AaABAg",
            "reply_content": "\u7f8e\u5230\u6211\u4e0b\u5df4\u6389\u4e0b\u4f86\uff0c\u592a\u7f8e\u4e86\u5427"
        },
        {
            "reply_id": "UgyTBjlNpzyd_BzQUJ54AaABAg",
            "reply_content": "\u4e0b\u96e8\u5929\u6253\u98a8\u671f\u6771\u897f\u600e\u9ebc\u8fa6\ud83d\ude06\ud83d\ude06"
        }
    ]
}