{
    "video_info": {
        "id": "X9GcaZC7wEE",
        "channelTitle": "\u937e\u660e\u8ed2",
        "title": "\u4eca\u5929\u8981\u4f86\u5e79\u5927\u4e8b\uff01",
        "description": "\u81f4\u81ea\u7531\u3002\n\n\u80fd\u5920\u7528\u4f5c\u54c1\u7684\u5f62\u5f0f\u4f86\u5305\u88dd\u6211\u7684\u300e\u8aaa\u8a71\u300f\uff0c\n\u662f\u4e00\u4ef6\u5f88\u6709\u8da3\u7684\u4e8b\uff0c\n\u6211\u60f3\uff0c\u300e\u81ea\u7531\u300f\u9019\u4ef6\u4e8b\u4e26\u4e0d\u80fd\u8b93\u6211\u9054\u5230\uff0c\n\u7562\u7adf\u6211\u7121\u6cd5\u9577\u751f\u4e0d\u8001\u3001\u9577\u751f\u4e0d\u6b7b\uff0c\n\u4f46\u6211\u53ef\u4ee5\u505a\u6211\u60f3\u6cd5\u4e0a\u7684\u90a3\u7a2e\u81ea\u7531\uff0c\n\u662f\u90a3\u7a2e\uff0c\u6211\u5728\u88ab\u67b7\u9396\u5957\u7262\u7684\u60c5\u6cc1\u4e0b\uff0c\u9084\u53ef\u4ee5\u4efb\u7531\u6211\u5fc3\u4e2d\u7684\u65cb\u5f8b\u76e1\u60c5\u821e\u8e48\uff0c\u591a\u7f8e\u554a\uff5e\n\nAnd\u8b1b\u771f\u7684\uff0c\u6c92\u6709\u4eba\u9700\u8981\u5728\u4e4e\u4f60\u662f\u8ab0\uff0c\n\u4f46\u4f60\u53ef\u4ee5\u544a\u8a34\u5927\u5bb6\uff0c\n\u4f60\u662f\u8ab0\uff01",
        "likeCount": "43518",
        "commentCount": "3050",
        "viewCount": "860022"
    },
    "comments": [
        {
            "reply_id": "UgxLrJcllMr7avqd1tl4AaABAg",
            "reply_content": "\u7576\u6211\u8aaa\u771f\u8a71\u7684\u6642\u5019\u6211\u611f\u5230\u81ea\u7531MV\u5e55\u5f8c\u82b1\u7d6e"
        },
        {
            "reply_id": "Ugz0nkKNFnBV7Lk4UUV4AaABAg",
            "reply_content": "\u660e\u8ed2\u5f88\u8ff7\u4eba"
        },
        {
            "reply_id": "UgxLSoOR90I8vQ3zGU14AaABAg",
            "reply_content": "\u6211\u8a8d\u70ba\u59b3\u4e0d\u8981\u6d6a\u8cbb\u6642\u9593\uff0c\u5feb\u505a\u8b8a\u6027\uff0c\u88dd\u4e73\u623f\uff0c\u6210\u70ba\u771f\u6b63\u7684\u7f8e\u5973\uff0c\u6cf0\u570b\u6709\u4e00\u500b\u7537\u7684\u5c31\u9019\u6a23\uff0c\u9084\u6210\u70ba\u540d\u6a21\u3001\u62cd\u6232\uff0c\u8cfa\u4e86\u597d\u5e7e\u5343\u842c"
        },
        {
            "reply_id": "UgyRNWTqYkw4UcKifmR4AaABAg",
            "reply_content": "\u827a\u672f\u4ea7\u4e1a\u65e9\u5c31\u8d77\u6765 \u548c\u4f60\u6ca1\u5173\u7cfb \u4f55\u51b5\u4f60\u7684\u4e5f\u4e0d\u80fd\u8d77\u6765"
        },
        {
            "reply_id": "UgwuBbnHXzXUusye9-Z4AaABAg",
            "reply_content": "\u5f88\u66ff\u660e\u8ed2\u611f\u5230\u958b\u5fc3\u8ddf\u9a55\u50b2\r\n\u8b1d\u8b1d\u660e\u8ed2\u9858\u610f\u8ddf\u5927\u5bb6\u5206\u4eab\u9019\u9996\u6b4c\uff0c\u5f88\u6709\u610f\u7fa9\u7684\u6b4c"
        },
        {
            "reply_id": "Ugx2pDUO_KMdPF062Vh4AaABAg",
            "reply_content": "\u597d\u807d"
        },
        {
            "reply_id": "Ugw8P857zmBFq3UykGZ4AaABAg",
            "reply_content": "\u5c0f\u5b66\u751f\u6c34\u5e73"
        },
        {
            "reply_id": "UgxzQ7aN_ZfxrFGeCMp4AaABAg",
            "reply_content": "\u9019\u500b\u5c0f\u5b69\u9577\u7684\u6709\u9ede\u50cf\u660e\u8ed2\u5c0f\u6642\u5019"
        },
        {
            "reply_id": "Ugxs5iwWWGPQ1DbLjCV4AaABAg",
            "reply_content": "\u5929\u554a \u7d20\u984f\u592a\u7f8e"
        },
        {
            "reply_id": "UgyeDvUPpEoU-B_aEHx4AaABAg",
            "reply_content": "\u52a0\u6cb9 \u937e\u660e\u8ed2\u4f60\u5f88\u68d2\ud83d\ude0a"
        },
        {
            "reply_id": "UgxQ7Fm4e58I307SwnR4AaABAg",
            "reply_content": "\u651d\u5f71\u5e2b\u662f\u4f59\u975c\u840d\n\u5979\u9084\u597d\u55ce?\n\u770b\u5230\u7247\u6bb5\u4e2d\u5979\u597d\u50cf\u6709\u5e36\u8457\u7b11\u5bb9\n\u4e0d\u77e5\u9053\u5979\u8d70\u51fa\u4f86\u50b7\u75db\u4e86\u6c92\u6709...\n\u8acb\u554f\u4f60\u6709\u8ddf\u5979\u804a\u904e\u55ce?"
        },
        {
            "reply_id": "UgzTTgiqPp-jz49F_Ex4AaABAg",
            "reply_content": "\u4f60\u597d\u68d2\u5594\u771f\u7684\u72e0\u7f8e\u5566\uff5e\u6211\u611f\u53d7\u5230\u90a3\u4efd\u771f\u5207\u7684\u611f\u52d5\u4e86\uff5e\u773c\u7736\u542b\u6dda\u8457\ud83d\ude2d\ud83d\ude0d"
        },
        {
            "reply_id": "UgxfZZbpp4azDq8SMdx4AaABAg",
            "reply_content": "\u6b4c\u8fd8\u633a\u597d\u542c"
        },
        {
            "reply_id": "UgwyzdO53EFkdSmtm5V4AaABAg",
            "reply_content": "\u5e0c\u671b\u4f60\u6539\u5929\u80fd\u591f\u505a\u66f4\u591a\u7684mv\u52a0\u6cb9\uff01"
        },
        {
            "reply_id": "UgxDWqFFonOcliduiFd4AaABAg",
            "reply_content": "\u591a\u5c11\u4eba\u770b\u8457\u660e\u8ed2\u7b2c\u4e00\u6b21\u770bMV\u6642\n\u4e0d\u81ea\u89ba\u7684\u4e5f\u8ddf\u8457\u7b11\u4e86\u5462"
        },
        {
            "reply_id": "Ugwbuwkd8TtQx3PCe5Z4AaABAg",
            "reply_content": "\u5929\u554a\u597d\u597d\u807d\u597d\u6293\u8033 \u96fb\u81fa\u807d\u5230\u7684"
        },
        {
            "reply_id": "Ugyb_XeWBgd2PANOret4AaABAg",
            "reply_content": "\u662f\u7279\u610f\u5531\u7ed9\u6211\u4eec\u542c\u7684\u5417"
        },
        {
            "reply_id": "UgwT5d1aL8H4RcUppjh4AaABAg",
            "reply_content": "\u770b\u81ea\u5df1\u7684\u5f71\u7247\u770b\u5230\u5feb\u54ed\u4e86\u6b38\uff0c\u4e0d\u77e5\u9053\u662f\u7f8e\u54ed\u9084\u662f\u611f\u52d5\u5230\u54ed\uff0c\u53ef\u662f\u6211\u770b\u7684\u597d\u611f\u52d5?"
        },
        {
            "reply_id": "UgwK9JWnqLEtfhl0Xw94AaABAg",
            "reply_content": "\u91d1\u7ae5\u65e5\u6708\u8eca\u5e72\u597d\u5e25\u54e6~~"
        },
        {
            "reply_id": "UgzhcBWdeSg8BLogk4h4AaABAg",
            "reply_content": "\u660e\u8ed2\u4f60\u76ae\u819a\u597d\u5230\u5973\u751f\u90fd\u5992\u5fcc\uff0c\u652f\u6301\u4f60\ud83d\ude18"
        }
    ]
}