{
    "video_info": {
        "id": "XCwKXhkrjwc",
        "channelTitle": "\u937e\u660e\u8ed2",
        "title": "\u5927\u5b78\u751f\u8981\u51fa\u53bb\u73a9\uff01",
        "description": "\u672a\u4f86\u662f\u672a\u77e5 \n\u6211\u7121\u5f9e\u77e5\u9053\u6211\u6703\u5728\u4ec0\u9ebc\u6642\u5019\u6703\u505a\u4ec0\u9ebc\u4e8b\u60c5\n\nMaybe\u904e\u4e865\u5e74\u300110\u5e74 \n\u6211\u5011\u5728\u9752\u6625\u6642\u671f\u5efa\u7acb\u7684\u53cb\u8abc\u6703\u5728\u67d0\u523b\u505c\u6b62\n\u4f46\u6d3b\u5728ing\u7684\u300e\u6211\u300f \n\u300e\u6211\u300f\u8a18\u9304\u4e86\u660e\u8ed221\u6b72\u7684\u751f\u6d3b\u5f62\u5f0f\n\n\u9019\u4e9b\u66fe\u7d93\n\n\u90fd\u6703\u4ee5\u5404\u7a2e\u5f62\u5f0f\u5132\u5b58\u5728\u60f3\u5438\u6536\u9019\u4e9b\u8cc7\u8a0a\u7684\u4eba\u7684\u751f\u547d\u88e1\n\n\u4e00\u65b9\u9762\u56de\u994b\u6211  \n\n\u4e00\u65b9\u9762\u9001\u7d66\u4f60\n\n\u4f86\n\n\u4e00\u8d77\u81f4\u5e7c\u7a1a\u9752\u6625",
        "likeCount": "16990",
        "commentCount": "701",
        "viewCount": "552362"
    },
    "comments": [
        {
            "reply_id": "Ugxmnj5RqE0Y7pL67vl4AaABAg",
            "reply_content": "\u4eca\u5929\u624d\u4f86\u9019\u88e1\u73a9"
        },
        {
            "reply_id": "Ugwx3AYvM-bxNkvoa9x4AaABAg",
            "reply_content": "\u98df\u7269\u597d\u4fbf\u5b9c"
        },
        {
            "reply_id": "Ugxm4lepHBaLRIVkt0h4AaABAg",
            "reply_content": "\u9019\u53eb\u72fc\u4eba\u6bba\u4e0d\u53eb\u963f\u4f64\u56c9"
        },
        {
            "reply_id": "UgwG_8nxMWLzY9yp3594AaABAg",
            "reply_content": "\u96d6\u7136\u660e\u8ed2\u5e73\u6642\u90fd\u628a\u81ea\u5df1\u6b66\u88dd\u6210\u770b\u4f3c\u5f88\u96e3\u641e\u5f88\u7368\u7acb\u7684\u500b\u6027\uff0c\u4f46\u5176\u5be6\u5f88\u6703\u548c\u670b\u53cb\u76f8\u8655\u8036! \u5e0c\u671b\u660e\u8ed2\u53ef\u4ee5\u7dad\u6301\u9019\u4efd\u6c92\u6709\u5fc3\u6a5f\u4e14\u55ae\u7d14\u73cd\u8cb4\u7684\u5927\u5b78\u60c5\u8abc+"
        },
        {
            "reply_id": "Ugylils1jtF7YFe5Kj94AaABAg",
            "reply_content": "\u60f3\u770b\u660e\u8ed2\u8cb7\u8863\u670d\ud83d\ude04"
        },
        {
            "reply_id": "UgzERpZJ9feMctW1wut4AaABAg",
            "reply_content": "\u6f02\u4eae"
        },
        {
            "reply_id": "UgxDHJQ7YBC21H5OMBB4AaABAg",
            "reply_content": "\u4e22\u732b\u81ea\u5df1\u5728\u5bb6\u91cc\u4e24\u5929\u554a\uff1f \u4f60\u662f\u4e0d\u662f\u4eba\u554a \u5e72\u561b\u8fd9\u6837\u8650\u5f85\u52a8\u7269 \u4e0d\u4f1a\u517b\u5c31\u4e0d\u8981\u517b\u5427\uff01\u3002\u3002\u3002"
        },
        {
            "reply_id": "UgwZTT8UpHUaPmy2Sk94AaABAg",
            "reply_content": "\u6bcf\u6b21\u5728\u8def\u4e0a\u770b\u5230gay\u90fd\u89ba\u5f97\u5f88\u5641\u5fc3\n\u4f46\u662f\u81ea\u5f9e\u770b\u4e86\u4f60\u7684\u5f71\u7247\n\u6211\u5c31\u6539\u89c0\u4e86 \u6211\u5c31\u767c\u73fegay\u5176\u5be6\u662f\u4e00\u500b\u5f88\u7f8e\u597d\u7684\u6200\u60c5"
        },
        {
            "reply_id": "UgxehOS2v4csRYcnwu14AaABAg",
            "reply_content": "\u9019\u5730\u65b9\u6211\u53bb\u904e"
        },
        {
            "reply_id": "Ugw12znlyQz3ljDMPkx4AaABAg",
            "reply_content": "\u6700\u611b\u770b\u8ddf\u5927\u5b78\u751f\u51fa\u53bb\u73a9\u7cfb\u5217\u560d\uff5e\u597d\u5e74\u8f15\u597d\u68d2\u5594\u3002\u8b9a\u3002"
        },
        {
            "reply_id": "UgyjDpcawY2Pmxyw6zl4AaABAg",
            "reply_content": "\u82d7\u6817\u771f\u7684\u6709\u9ede\u7121\u804a\uff08\u6b64\u70ba\u82d7\u6817\u4eba\uff09"
        },
        {
            "reply_id": "UgyZ9-IMc_3IQC8dVdZ4AaABAg",
            "reply_content": "\u9ed1\u8272\u5305\u5305\u597d\u770b\uff0c\u4ec0\u9ebc\u724c\u5b50\u5462\uff1f"
        },
        {
            "reply_id": "Ugzk58vVNpTrXXnrxZV4AaABAg",
            "reply_content": "\u9084\u662f\u8981\u6234\u4e00\u4e0b\u53e3\u7f69\u62c9\uff01\u4e0d\u7136\u53c8\u5230\u4e09\u7d1a\u6211\u5c31\u53c8\u4e0d\u80fd\u53bb\u627e\u6211\u670b\u53cb\u4e86\uff01\u62dc\u8a17\u8981\u6234\u53e3\u7f69\uff0c\u4f46\u4f60\u7684\u53e2\u6797\u98a8\u88d9\u5f88\u597d\u770b\uff01"
        },
        {
            "reply_id": "UgxF5ki97nSRYQu6SlB4AaABAg",
            "reply_content": "\u90a3\u5c0f\u8c93\u600e\u9ebc\u8fa6"
        },
        {
            "reply_id": "Ugz1slilsIRq30zm5DJ4AaABAg",
            "reply_content": "\u8b1d\u8b1d\u5206\u4eab"
        },
        {
            "reply_id": "Ugz5g3MghptGU5AGyaJ4AaABAg",
            "reply_content": "\u592d\u58fd"
        },
        {
            "reply_id": "UgynF7tKJLWYw4Rx4ex4AaABAg",
            "reply_content": "\u4e0d\u66c9\u5f97\u5f69\u5238\u884c\u6709\u4ec0\u9ebc\u53cd\u61c9\uff1f\u5475\u5475"
        },
        {
            "reply_id": "Ugy4rsb96xDj_-goR314AaABAg",
            "reply_content": "\u6211\u4f4f\u65b0\u7af9"
        },
        {
            "reply_id": "UgwhxMlN5ZQzp_1bOPB4AaABAg",
            "reply_content": "\u82d7\u6817\u771f\u7684\u883b\u7121\u804a\u7684\uff08\u672c\u4eba\u82d7\u6817\u4eba"
        },
        {
            "reply_id": "UgyT_ZosQCkSH9Wh72l4AaABAg",
            "reply_content": "\u4e0d\u662f\u8aac\u6b66\u6f22\u80ba\u708e\u55ce\uff1f\u91cd\u9ede\u9084\u4e0d\u6234\u53e3\u7f69\uff0c"
        }
    ]
}