{
    "video_info": {
        "id": "Yqy-juZejEQ",
        "channelTitle": "\u937e\u660e\u8ed2",
        "title": "\u53ef\u4ee5\u96e2\u958b\u4eba\u9593\u7684\u7522\u54c1\uff01",
        "description": "\u300e\u4f60\u9047\u898b\u7684\u6bcf\u500b\u4eba\uff0c\u90fd\u5728\u9032\u884c\u4e00\u6230\u9b25\uff0c\n\u4f60\u5c0d\u6b64\u4e00\u7121\u6240\u77e5\uff0c\u8207\u4eba\u70ba\u5584\uff0c\u6c38\u9060\u5982\u6b64\u3002\u300f\n\n\u795d\u798f\u5404\u4f4d\u73a9\u5bb6\u6700\u7d42\u90fd\u80fd\u8b8a\u6210\u81ea\u5df1\u559c\u6b61\u7684\u90a3\u4f4d^^",
        "likeCount": "15113",
        "commentCount": "825",
        "viewCount": "435245"
    },
    "comments": [
        {
            "reply_id": "UgzYjOa_asmuMjJ9-Ip4AaABAg",
            "reply_content": "\u88ab\u539f\u5730\u6293\u59e6\u90a3\u6bb5\u7b11\u6b6a\uff0c\u660e\u8ed2\u771f\u53ef\u611b\u2764"
        },
        {
            "reply_id": "UgzGFg8B7k5CNiPEfP54AaABAg",
            "reply_content": "\u624b\u6a5f\u6bbc\u7684\u771f\u7684\u597d\u597d\u7b11 \u6293\u59e6\u795e\u5668\u54c8\u54c8\u54c8\u54c8\u54c8\u54c8"
        },
        {
            "reply_id": "Ugx4LouNjqmHrK7BedJ4AaABAg",
            "reply_content": "\u4e1f\u5230\u6905\u5b50\u4e0a\u7684\u4f4d\u7f6e\u600e\u9ebc\u90fd\u90a3\u9ebc\u7cbe\u6e96\ud83d\ude02\ud83d\ude02\ud83d\ude02"
        },
        {
            "reply_id": "UgxwVg6Q_ByvDCoOGBN4AaABAg",
            "reply_content": "\u9019\u597d\u6709\u8da3\ud83e\udd2a"
        },
        {
            "reply_id": "UgylqZ5ipz55__zmrQ54AaABAg",
            "reply_content": "\u60f3\u77e5\u9053\u660e\u8ed2\u90fd\u600e\u9ebc\u8655\u7406\u5beb\u5b8c\u7684\u7b46\u8a18\u672c \u6703\u7559\u4e0b\u4f86\u770b\u55ce\uff1f\u8a18\u4e8b\u6216\u662f\u65e5\u8a18\u672c\u6703\u4e1f\u6389\u55ce"
        },
        {
            "reply_id": "UgzsitYjQ5F-fpvxvcl4AaABAg",
            "reply_content": "\u6211\u63a8\u85a6\u4e00\u6b3e\u8b77\u624b\u971c \u5728\u57d4\u91cc18\u5ea6c\u9644\u8fd1\u7684\u4e00\u9593\u6709\u95dc\u5c0f\u718a\u7684\u7522\u54c1 \u4ed6\u5011\u7684\u8b77\u624b\u971c\u5f88\u597d\u63a8\u958b \u6709\u5f88\u591a\u5473\u9053 \u62b9\u4e0a\u53bb\u611f\u89ba\u5c31\u662f\u90a3\u7a2e\u6fd5\u6fd5\u7684\u4fdd\u6fd5\u90a3\u7a2e\u611f\u89ba \u4ed6\u6478\u904e\u7684\u6771\u897f\u6703\u6cbe\u4e0a\u5473\u9053 200\u5143 \u4e0d\u77e5\u9053\u4f60\u89ba\u5f97cp\u503c\u9ad8\u4e0d\u9ad8\u2764\u2764"
        },
        {
            "reply_id": "UgxZiv2MTt-5CM39JMh4AaABAg",
            "reply_content": "\u54c8\u54c8\u54c8\u54c8\u54c8\u597d\u611b\u660e\u8ed2\u7684\u5f71\u7247"
        },
        {
            "reply_id": "UgyMpGBzz4jSsQGUU0J4AaABAg",
            "reply_content": "\u6211\u559c\u6b61\u6709\u5b58\u5728\u611f\u7684\u8b77\u624b\u971c\ud83d\ude02"
        },
        {
            "reply_id": "UgzPodE_lUEXK1jMhr14AaABAg",
            "reply_content": "\u58d3\u7e2e\u6d74\u5dfe\u597d\ud83e\udd90\u5594\uff01\u5c31\u662f\u8981\u62ff\u4f86\u64e6\u4e7e\u8036\u9084\u6dcb\u6c34\u81a8\u8139 \u7b11\u6b7b\ud83d\ude02"
        },
        {
            "reply_id": "Ugz9286mUmctcGlPoS94AaABAg",
            "reply_content": "\u8d85\u611b\u660e\u8ed2\u7684\u5f71\u7247 \u597d\u597d\u7b11\u597d\u597d\u770b"
        },
        {
            "reply_id": "UgzMnpLRgZPtmBpiRNl4AaABAg",
            "reply_content": "\u5927\u5f35\u7684\u6fd5\u7d19\u5dfe\u54c8\u54c8\u54c8"
        },
        {
            "reply_id": "UgzfE3S_2E7Wli4JoRd4AaABAg",
            "reply_content": "\u81ed\u5473\u8490\u96c6\u6c23\u7b11\u5674\ud83e\udd23"
        },
        {
            "reply_id": "UgwH8vFhrJo-wpmCm1V4AaABAg",
            "reply_content": "\u6fd5\u7d19\u5dfe\u6c92\u5fcd\u4f4f \u7b11\u721b"
        },
        {
            "reply_id": "UgweVj86foOU0RiONDx4AaABAg",
            "reply_content": "\u9935\u6bd2\u6848\u771f\u7684\ud83d\ude22\u5e0c\u671b\u6709\u500b\u5c0d\u672a\u4f86\u5b69\u5b50\u4ea4\u4ee3\u7684\u7d50\u679c\n\u5982\u679c\u7531\u5730\u65b9\u653f\u5e9c\u4e00\u76f4\u5305\u5e87\u4e4b\u4e0b\u6700\u5f8c\u53ea\u7d66\u51fa\u4e00\u5834\u70cf\u9f8d\n\u771f\u7684\u8b93\u4eba\u975e\u5e38\u751f\u6c23\n\ud83d\ude22\u90a3\u4e9b\u5bb6\u9577\u5b8c\u5168\u4e0d\u80fd\u63a5\u53d7\u9019\u6a23\u7684\u7d50\u679c\n\u5fc3\u5f88\u75db"
        },
        {
            "reply_id": "UgwedzZo045rgOi1kVR4AaABAg",
            "reply_content": "\u6182\u9b31\u75c7\u5c31\u9589\u5634"
        },
        {
            "reply_id": "UgyIdmYs2rSmvbs4t7R4AaABAg",
            "reply_content": "\u6b7b\u963f\u7518"
        },
        {
            "reply_id": "Ugxsp2VzO-neZPGNmdx4AaABAg",
            "reply_content": "\u9084\u597d\u6709\u770b\u5230\u6d74\u5dfe\u4e3b\u9019\u500b\uff0c\u4e0d\u7136\u4e5f\u5dee\u9ede\u8166\u6ce2\u5f31\u60f3\u8cb7\u4e0b\u53bb\uff0c\u4f46\u90a3\u6642\u5c31\u6709\u5728\u60f3\u7528\u6c34\u89e3\u58d3\u7e2e\u4e0d\u5c31\u6fd5\u7b54\u7b54\u4e86\uff0c\u9019\u6a23\u600e\u9ebc\u7576\u6d74\u5dfe"
        },
        {
            "reply_id": "Ugwc9E3kk3PaB32S39d4AaABAg",
            "reply_content": "\u5168\u4e16\u754c\u9019\u6750\u8cea\u7684\u58d3\u7e2e\u6bdb\u5dfe\u90fd\u662f\u5982\u6b64\uff0c\u6cbe\u6c34\u5c31\u6703\u81a8\u8139\uff0c\u6709\u4ec0\u9ebc\u5927\u9a5a\u5c0f\u602a\u3002"
        },
        {
            "reply_id": "Ugy7pp07s2rLnwi_D4V4AaABAg",
            "reply_content": "\u660e\u8ed2\u6709\u5728\u904b\u52d5\u55ce\uff1f\u809a\u5b50\u4e0a\u7684\u7dda\u689d\u5f88\u5b8c\u7f8e\u5462\uff5e"
        },
        {
            "reply_id": "Ugw90C5eSIcgcK5JQ7d4AaABAg",
            "reply_content": "\u60f3\u770b\u4f60\u4ecb\u7d39\u4f60\u559c\u6b61\u7684\u9999\u6c1b\u881f\u71ed"
        }
    ]
}