{
    "channel": {
        "title": "\u4e0a\u73ed\u4e0d\u8981\u770b NSFW",
        "id": "UCj_z-Zeqk8LfwVxx0MUdL-Q",
        "customUrl": "@nsfwstudio",
        "uploads": "UUj_z-Zeqk8LfwVxx0MUdL-Q"
    },
    "videos": [
        {
            "id": "XNHK9Dwr3wI",
            "title": "\u653e\u5c41\u6bd4\u8cfd\uff01\u722d\u596a\u4e0a\u4e0d\u5c41\u738b\uff0c\u9a5a\u4eba\u97ff\u5c41\u5687\u7ffb\u5168\u5834\uff1f\u5c41\u8072\u6700\u97ff\u62ff\u5927\u734e\uff0c\u4e0d\u64c7\u624b\u6bb5\u53ea\u70ba\u653e\u5c41\uff01"
        },
        {
            "id": "DAdoLLTpv6w",
            "title": "\u767d\u75f4\u9020\u53e5\u73a9\u8d77\u4f86 EP4\uff5c\u6700\u5f37\u9020\u53e5\u51fa\u73fe\uff01\u80af\u5b9a\u7b11\u7206\uff01#shorts"
        },
        {
            "id": "WDoAXPMQYAc",
            "title": "\u767d\u75f4\u9020\u53e5\u73a9\u8d77\u4f86 EP3\uff5c\u5927\u5bb6\u90fd\u5f88\u5147... #shorts"
        },
        {
            "id": "KB8eFQdtsxk",
            "title": "\u767d\u75f4\u9020\u53e5\u73a9\u8d77\u4f86 EP2\uff5c\u5168\u5834\u5403\u8477\uff01#shorts"
        },
        {
            "id": "6TPHXKFKeAo",
            "title": "\u96a8\u6a5f\u627e\u5973\u5927\u5b78\u751f\u5403\u5348\u9910\uff01\u3010\u5348\u4f11\u8d95\u6642\u9593\u3011\u6311\u6230\u4f60\u7684\u5c37\u5c2c\u764c\uff01\u76f8\u8655\u7adf\u51fa\u73fe\u4ee3\u6e9d\uff1f\u524d\u9032\u6821\u57122.0\u518d\u9032\u5316\uff01EP07"
        },
        {
            "id": "zOJv794SwwA",
            "title": "\u767d\u75f4\u9020\u53e5\u73a9\u8d77\u4f86 EP1\uff5c\u771f\u7684\u7b11\u7206\uff01#shorts"
        },
        {
            "id": "YSBAKkSCq-k",
            "title": "\u6574\u7406\u8d85\u4e82\u8fa6\u516c\u5ba4\uff01\u963f\u560e\u6aa2\u67e5\u4e5f\u4e0d\u6015\uff1f\u3010\u798f\u59d4\u6703\u4fe1\u7bb1\u3011\u5168\u54e1\u6253\u6383\u516c\u53f8\u5168\u7d00\u9304\uff01"
        },
        {
            "id": "ykJejq8ryqU",
            "title": "\u7d93\u5178\u4f01\u5283\u96a8\u62bd\u96a8\u62cd\uff01\u8d85Real\u6065\u529b\u5927\u6311\u6230\uff01\u731c\u8ab0\u662f\u9ad8\u96c4\u4eba\uff1f\u6309\u8b9a\u60e1\u9b3c\u65d7\u6d25\u7248\uff1f\u597d\u591a\u4f01\u5283\u4e00\u6b21\u770b\u5b8c\uff01"
        },
        {
            "id": "6FBYAuK4Ht8",
            "title": "\u5c0b\u627eYouTuber\u6700\u5f37\u8272\u738b\uff01\u6c92\u60f3\u5230\u5c45\u7136\u662f\u300c\u4ed6\u300d\uff1f\u8dcc\u7834\u773e\u4eba\u773c\u93e1\u3010\u8d70\u9418\u7368\u5bb6\u3011\u6700\u8272\u62ff\u734e\u91d1\uff01\u610f\u60f3\u4e0d\u5230\u7684\u7d50\u679c\u51fa\u7210\u4e86......"
        },
        {
            "id": "jfoNgJ4vzXk",
            "title": "\u4e0a\u73ed\u4e00\u9032\u9580\u5c31\u8981\u62c6\u5f48\uff1f\u3010\u592a\u7a81\u7136\u4e86\u5427\u3011\u5168\u516c\u53f8\u5316\u8eab\u62c6\u5f48\u5c08\u5bb6\uff0c\u5371\u6a5f\u89e3\u9664\u9084\u662f\u5927\u7206\u70b8\uff1f"
        },
        {
            "id": "HgIHAfafKUY",
            "title": "\u5e6b\u540c\u4e8b\u6539\u540d\uff01\u5947\u8469\u53d6\u540d\u5275\u610f\u5230\u7b11\u7ffb\uff01\u3010\u798f\u59d4\u6703\u4fe1\u7bb1\u3011\u8ab0\u80fd\u53d6\u51fa\u6539\u904b\u7684\u597d\u540d\u5b57\uff1f"
        },
        {
            "id": "L4UPNOhfQ6M",
            "title": "\u4e00\u65e5\u91cd\u6a5f\u653b\u9802\u6b66\u5dba\uff01\u9ad4\u9a57\u8eca\u53cb\u5fc5\u8e29\u666f\u9ede\uff0c\u7adf\u610f\u5916\u6454\u8eca\u8d85\u9a5a\u96aa\uff1f\u3010\u6d1e\u516b\u592d\u516b\u3011"
        },
        {
            "id": "iIE47n3xcLA",
            "title": "\u5403\u591a\u5c11\u5c31\u80d6\u591a\u5c11\uff1f\u4f60\u80fd\u7cbe\u6e96\u5403\u51fa\u91cd\u91cf\u55ce\uff1f\u9952\u6cb3\u591c\u5e02\u5927\u5403\u7279\u5403\uff0c\u9ede\u75e3\u9ce5\u5366\u6a23\u6a23\u4f86\uff1f\u3010\u591c\u5403\u591c\u91cd\u3011\u4eba\u9ad4\u9ad4\u91cd\u8a08\u56de\u6b78\uff01"
        },
        {
            "id": "44SdQDhZIzs",
            "title": "\u4e0a\u4e0d\u6a21\u4eff\u5927\u8cfd\uff01\u6a21\u4eff\u540c\u4e8b\u8d85\u7206\u7b11\uff01\u3010\u798f\u59d4\u6703\u4fe1\u7bb1\u3011\u6a21\u4eff\u5f97\u592a\u50cf\u672c\u5c0a\u50bb\u773c\uff1f"
        },
        {
            "id": "cffQjZJ1YpU",
            "title": "\u731c\u51fa\u8ab0\u662f\u5149\u982d\u3010\u8ab0\u662f\u9593\u8adc\u3011\u5149\u982d\u738b\u662f\u4f60\u55ce\uff1f\u4f86\u8cd3\u592a\u771f\u8aa0\uff0c\u7adf\u8b93\u773e\u4eba\u958b\u59cb\u4e0d\u76f8\u4fe1\u4eba\u985e\uff1f ft.\u7f8e\u9e97\u672c\u4eba @mssdrbeauty"
        },
        {
            "id": "BvOeR7hKqbw",
            "title": "\u4f60\u8ff7\u4fe1\u55ce\uff1f\u5404\u7a2e\u8a6d\u7570\u4e8b\u4ef6\u8207\u7981\u5fcc\u5927\u5206\u4eab\uff01\u6c92\u53eb\u963f\u516c\u4e0b\u9748\u8eca\u600e\u9ebc\u8fa6\uff1f\u76f8\u4fe1\u547d\u904b\u7684\u539f\u56e0\uff1f\u3010\u5927\u9ebb\u5e0c\u9910\u8eca\u3011EP10"
        },
        {
            "id": "xagQcLczue0",
            "title": "\u627e\u51fa\u516c\u53f8\u8ab0\u6700\u8272\uff01\u8ab0\u624d\u662f\u4e0a\u4e0d\u8272\u738b\uff1f\u516c\u958b\u6210\u54e1IG\u90fd\u5728\u770b\u4ec0\u9ebc\uff1f\u3010\u798f\u59d4\u6703\u4fe1\u7bb1\u3011"
        },
        {
            "id": "wegvvunXG9I",
            "title": "\u5230\u53f0\u5357\u53d6\u8ca8\u78b0\u4e0a\u96f7\u96e8\u6df9\u6c34\u8b66\u6212\uff1f\u3010\u5927\u79d8\u5bf6\u3011\u591a\u707d\u591a\u96e3\u5c0b\u5bf6\u4e4b\u65c5\u8d85\u5d29\u6f70\uff01"
        },
        {
            "id": "bcd79sPI7lM",
            "title": "\u64cd\u63a7\u540c\u4e8b\u6253\u897f\u74dc\uff01\u771f\u4eba\u6311\u6230\u5be6\u5883\u95dc\u5361\uff0c\u300c\u8d85\u6e05\u6dbc\u300d\u756b\u9762\u8b93\u4eba\u53d7\u4e0d\u4e86\uff1f"
        },
        {
            "id": "zzvuG2VodEY",
            "title": "\u521d\u6b21\u898b\u9762\u80fd\u731c\u51fa\u6027\u5411\u55ce\uff1f\u3010\u8ab0\u662f\u9593\u8adc\u3011\u58c1\u549a\u5168\u54e1\u5d29\u6f70\u76f4\u558a\u597d\u5bb3\u7f9e\uff01"
        },
        {
            "id": "MZpEYhFhy7A",
            "title": "\u5728\u8fa6\u516c\u5ba4\u81ea\u88fd\u8d85\u9577\u300c\u6d41\u6c34\u7d20\u9eb5\u300d\u9053\uff01\u5c45\u7136\u505a\u5230\u6d41\u9f3b\u8840\uff01\u9084\u9080\u8acb\u4e86\u89aa\u670b\u597d\u53cb\u4e00\u8d77\u4f86\u4eab\u7528\u3010\u8fa6\u516c\u5ba4\u91ce\u5c0f\u3011 ft.\u5b89\u5b89\u908a\u7de3\u5b50\u3001\u7f8e\u98df\u5927\u4eba+\u3001\u7f8e\u9e97\u672c\u4eba\u3001\u744b\u744b\u3001\u53ad\u4e16\u751c\u9ede\u5e97\u3001HowFun"
        },
        {
            "id": "RQKjLIYkJ-4",
            "title": "\u4f5b\u5fc3\u8001\u95c6\u8b93\u54e1\u5de5\u5feb\u6a02\uff01\u3010\u798f\u59d4\u6703\u4fe1\u7bb1\u3011\u5471\u5409\u8207\u54e1\u5de5\u300c\u7528\u80a9\u8180\u8d70\u8def\u300d\u8ced\u4e0a\u81ea\u5c0a\u958b\u8cfd\u5566\uff01"
        },
        {
            "id": "jInxBFqcKw0",
            "title": "AV\u77e5\u8b58\u751f\u6b7b\u9b25\uff01PK\u4e2d\u6307\u901a\u722d\u596a\u5e1d\u738b\u5bf6\u5ea7\uff01\u3010\u6cb9\u571f\u640f\u9b25\u8cfd\u3011\u4f60\u7684\u7247\u7247\u6709\u6c92\u6709\u767d\u770b\uff1f ft. @fingermaster56"
        },
        {
            "id": "tDTJBnpYUe0",
            "title": "\u5728\u8fa6\u516c\u5ba4\u6253\u9ad8\u723e\u592b\uff1f\u5404\u7a2e\u9ad8\u96e3\u5ea6\u6a5f\u95dc\u5168\u54e1\u50bb\u773c\uff01\u8f38\u591a\u5c11\u687f\u5c31\u6350\u591a\u5c11\u9322\uff01\u3010\u8fa6\u516c\u5ba4\u91ce\u5c0f\u3011"
        },
        {
            "id": "qwmsHFgQtL4",
            "title": "\u53ea\u7528300\u584a\u73a9\u904d\u6843\u5712\uff1f\u5471\u5409\u6539\u884c\u7576\u4f01\u5283\uff0c\u5e36\u54e1\u5de5\u300c\u5409\u7c21\u65c5\u884c\u300d\uff01"
        },
        {
            "id": "9vYaG7kKS44",
            "title": "\u548c\u8a50\u9a19\u8ac7\u6200\u611b\uff1f\u88ab\u7238\u7238\u8a50\u9a19\uff1f\u8ab0\u662f\u88ab\u9a19\u6700\u591a\u9322\u7684\u738b\u8005\uff1f\uff01\u3010\u5927\u9ebb\u5438\u9910\u8eca\u3011EP09(\u4e0b\u96c6)"
        },
        {
            "id": "8W5BYM7bAx8",
            "title": "\u88ab\u8a50\u9a19\u7d93\u9a57\u8ac7\uff01\u7adf\u5dee\u9ede\u88ab\u4eba\u86c7\u96c6\u5718\u62d0\u8ce3\uff1f\u5341\u5e7e\u842c\u8ffd\u8e64\u5e33\u865f\u76f4\u63a5\u6d88\u5931\uff1f\uff01\u3010\u5927\u9ebb\u5438\u9910\u8eca\u3011EP09(\u4e0a\u96c6)"
        },
        {
            "id": "a3A5DrWoncM",
            "title": "\u731c\u8ab0\u662f\u5065\u7f8e\u5973\u5b69\uff1f\u3010\u8ab0\u662f\u9593\u8adc\u3011\u7206\u75db\u61f2\u7f70\u8b93\u4eba\u76f4\u558a\u53eb\u6551\u8b77\u8eca\uff1f\u4f60\u80fd\u627e\u51fa\u771f\u6b63\u7684\u300cIFBB PRO\u300d\u55ce\uff1f\uff01"
        },
        {
            "id": "TK_vZGoASl0",
            "title": "\u5168\u6821\u90fd\u559c\u6b61\u5403\u7684\u5c4c\uff01\u9084\u5c04\u6211\u5011\u8eab\u4e0a\uff1f\u5275\u4f5c\u8005\u5712\u904a\u6703\u7adf\u7136\u5230\u7b2c\u4e8c\u5c46\u5566\uff01"
        },
        {
            "id": "1u75BRBgDoI",
            "title": "\u6b50\u5409\u6851\u51fa\u5f81\u57fa\u9686\uff01\u523a\u6fc0\u6c34\u4e0a\u904a\u6232\u5dee\u9ede\u6dbc\u53bb\uff1f\u6e2f\u7063\u57ce\u5e02\u7f8e\u98df\u5403\u5230\u98fd\uff01\u3010\u6b50\u5409\u6851\u5e7e\u52d2\u3011EP04"
        },
        {
            "id": "J4fPvr74vKs",
            "title": "\u4e0a\u73ed\u4e00\u9032\u9580\u7adf\u8b8a\u90e8\u968a\u9776\u5834\u7df4\u7fd2\uff1f\u3010\u592a\u7a81\u7136\u4e86\u5427\u3011\u8d85\u5147\u73ed\u9577\u51fa\u99ac\uff01\u9019\u6b21\u771f\u7684\u5012\u5927\u6963\u5566\uff01"
        },
        {
            "id": "voSsssnd9dI",
            "title": "\u9152\u7cbe\u4fdd\u9f61\u7403\uff0c\u6c92\u6709\u5168\u5012\u5c31\u9189\u5012\uff01\u6c92\u5012\u5e7e\u74f6\u5c31Shot\u5e7e\u676f\uff0c\u5168\u54e1\u7f8e\u5e79\u62ce\uff1f\u5404\u7a2e\u6df7\u9152\u5168\u90fd\u93d8\u6389\u3010\u9152\u7cbe\u6db2\u904b\u52d5\u6703\u3011"
        },
        {
            "id": "p_oPm-Q3W8w",
            "title": "\u6ed1\u96ea\u5169\u5929\u65b0\u624b\u53ef\u5426\u6311\u6230\u6210\u529f\u5462\uff1f\u9664\u4e86\u6ed1\u96ea\u4e5f\u597d\u597d\u73a9\uff01\u9ad4\u9a57\u767e\u5e74\u6eab\u6cc9\u5c0f\u93ae\uff0c\u7adf\u9047\u5230\u795e\u79d8\u7684\u4e94\u7dda\u8b5c\uff1f\u3010Travel Maker\u3011 - \u65e5\u672c\u91ce\u6fa4(\u4e0b\u96c6)"
        },
        {
            "id": "Zi0ccHOJmng",
            "title": "\u65e5\u672c\u6ed1\u96ea\u6ce1\u6eab\u6cc9\u3010Travel Maker\u3011\u777d\u9055\u4e94\u5e74\u518d\u6b21\u51fa\u570b\u5566\uff01\u7adf\u5404\u7a2e\u8dcc\u5012\u5403\u96ea\u53ca\u71d9\u50b7\uff1f - \u65e5\u672c\u91ce\u6fa4(\u4e0a\u96c6)"
        },
        {
            "id": "HvcQS5i0wdU",
            "title": "\u7cbe\u795e\u51fa\u8ecc vs \u8089\u9ad4\u51fa\u8ecc\uff0c\u54ea\u500b\u6700\u56b4\u91cd\uff1f\u4f60\u6700\u4e0d\u80fd\u63a5\u53d7\u54ea\u500b\uff1f\u3010\u9ebb\u5e0c\u5c2c\u9910\u8eca\u3011EP08"
        },
        {
            "id": "4yGwzdkKQn4",
            "title": "\u518d\u73fe\u6d0b\u828b\u7247\u8239\uff01\u6311\u6230\u6a6b\u6e21\u65e5\u6708\u6f6d\uff01\u6642\u96946\u5e74\u80fd\u5168\u9762\u5347\u7d1a\u8d85\u9032\u5316\u55ce\uff1f"
        },
        {
            "id": "SZK1w6t53f4",
            "title": "\u642c\u5b8c\u8c93\u7802\u5c31\u53ef\u4ee5\u611b\u611b\uff1f\u6311\u6230\u642c100\u530519KG\u8c93\u7802\u5230\u9ad8\u6a13\u5c64\u771f\u7684\u53ef\u4ee5\u6210\u529f\u55ce\uff1f\u9084\u6709\u529b\u6c23\u53ef\u4ee5\u6349\uff49\u55ce\uff1f ft. \u557e\u557e @user-ch9bb7em5d"
        },
        {
            "id": "9mkQStPw3f0",
            "title": "\u5403\u591a\u5c11\u5c31\u80d6\u591a\u5c11\uff1f\u5be6\u6e2c\u98df\u7269\u91cd\u91cf\u6703\u76f4\u63a5\u53cd\u61c9\u5728\u9ad4\u91cd\u4e0a\u55ce\uff1f\u300c\u4eba\u9ad4\u9ad4\u91cd\u8a08\u300d\u91cf\u7d66\u4f60\u770b\uff01"
        },
        {
            "id": "7y7rJpa9uR8",
            "title": "\u4e00\u6a23\u662f\u300c\u6253\u300d\u53f0\u8a9e\u7adf\u5927\u4e0d\u540c\uff1f\u7528\u53f0\u8a9e\u6253\u67b6\u3010\u53f0\u8a9e\u6b66\u8853\u6559\u5ba4\u3011\u4f60\u771f\u7684\u61c2\u53f0\u8a9e\u55ce\uff1f"
        },
        {
            "id": "QlIJqcM_yjc",
            "title": "\u8eab\u9ad4\u5e74\u9f61\u5feb50\u6b72\u7684\u62cd\u7247\u6a5f\u5668\uff01\u7adf\u53ef\u7372\u5f97\u524d\u5973\u5718\u6210\u54e1\u7684\u82b3\u5fc3\uff1f\u3010\u5348\u4f11\u8d95\u6642\u9593\u3011EP06"
        },
        {
            "id": "OV9byEobGK0",
            "title": "\u7528\u6c57\u6c34\u7576\u98db\u93e2\uff1f\u3010\u9ad4\u6db2\u4e4b\u5dd4\u3011\u8ab0\u5c07\u6703\u6210\u70ba\u6c57\u795e\u5462\uff1f\u6211\u5011\u5c07\u6709\u91cd\u5927\u5ba3\u5e03\uff01"
        },
        {
            "id": "gccC4tDXmYA",
            "title": "\u7b2c\u4e8c\u5c46\u5275\u4f5c\u8005\u5712\u904a\u6703\u4f86\u5566\uff01\u8ddf\u8457\u5b78\u9577 #\u4e00\u8d77\u56de\u523017\u6b72 \u5427\uff01 #shorts"
        },
        {
            "id": "HMpq05xq3-E",
            "title": "\u91cd\u6a5f\u74b0\u53f0\u611f\u52d5\u6700\u7d42\u56de\uff01\u5168\u54e1\u4e0a\u91cd\u6a5f\u4e00\u8d77\u56de\u53f0\u5317\uff01 #\u9a0e\u91cd\u6a5f\u4f86\u6309\u8b9a #\u6309\u8b9a\u60e1\u9b3c \u6700\u7d42\u56de"
        },
        {
            "id": "gnkLhk3jfEs",
            "title": "\u74b0\u53f0\u534a\u8def\u300c\u8f2a\u80ce\u4e2d\u91d8\u300d\u8d85\u6232\u5287\u5316\u91cd\u6a5f\u74b0\u53f0\uff01\u4e0b\u500b\u5730\u9ede\u96c6\u9ad4\u5d29\u6f70\uff01\u9996\u6b21\u91cd\u6a5f\u74b0\u53f0\uff0c\u62bd\u5230\u54ea\u9a0e\u5230\u54ea\uff01 #\u9a0e\u91cd\u6a5f\u4f86\u6309\u8b9a #\u6309\u8b9a\u60e1\u9b3c EP03"
        },
        {
            "id": "rKzgv_zBd4M",
            "title": "\u53f0\u7063\u56e1\u4ed4\u4e0a\u9b54\u85e5\u5b78\u7adf\u51fa\u73fe\u4e86...\u4f60\u8981\u4e0d\u8981\u4f86\u9ede\u9b54\u85e5\u5440\uff1f\u5982\u679c\u54c8\u5229\u6ce2\u7279\u662f8+9 #shorts #\u54c8\u5229\u6ce2\u7279"
        },
        {
            "id": "NO86fYE5qKs",
            "title": "\u5d29\u6f70\u6975\u9650\u5feb\u9583\u300c\u5c0f\u7409\u7403\u300d\uff1f\u5f81\u670d\u6771\u90e8\u7d55\u7f8e\u6d77\u5cb8\u7dda\uff01\u9996\u6b21\u91cd\u6a5f\u74b0\u53f0\uff0c\u62bd\u5230\u54ea\u9a0e\u5230\u54ea\uff01\u4ec0\u9ebc\u6642\u5019\u624d\u80fd\u56de\u53f0\u5317\u554a\uff1f#\u9a0e\u91cd\u6a5f\u4f86\u6309\u8b9a #\u6309\u8b9a\u60e1\u9b3c EP02"
        },
        {
            "id": "hbE_GBIjaUI",
            "title": "\u770b\u53f0\u7063\u56e1\u4ed4\u5982\u4f55\u65bd\u5c55\u9ed1\u9b54\u6cd5\u9632\u79a6\uff1f\u5982\u679c\u54c8\u5229\u6ce2\u7279\u662f8+9\uff01 #shorts #\u54c8\u5229\u6ce2\u7279"
        },
        {
            "id": "QC23TZUFhF8",
            "title": "\u516c\u53f8\u9996\u6b21\u91cd\u6a5f\u74b0\u5cf6\uff0c\u62bd\u5230\u54ea\u9a0e\u5230\u54ea\uff01\u62bd\u4e0d\u5230\u53f0\u5317\u5c31\u56de\u4e0d\u4e86\u5bb6\u5566\uff01\uff1f\u6700\u71b1\u8840REAL\u8b93\u5927\u5bb6\u7b2c\u4e00\u5929\u5c31\u5feb\u5d29\u6f70\u5566\uff1f#\u9a0e\u91cd\u6a5f\u4f86\u6309\u8b9a #\u6309\u8b9a\u60e1\u9b3c EP01"
        },
        {
            "id": "3fErqWXuSUk",
            "title": "\u53f0\u7063\u56e1\u4ed4\u5b78\u98db\u884c\u8ab2\uff01\u5982\u679c\u54c8\u5229\u6ce2\u7279\u662f8+9\uff01\u5f35\u4e18\u540c\u5b78\u6211\u8d77\u4f86\u4e86...\u963f\u5636~~ #shorts #\u54c8\u5229\u6ce2\u7279"
        },
        {
            "id": "8CHkgwaaQ4w",
            "title": "\u756a\u865fTSA1-8R0\u6642\u9593\u505c\u6b62STOP\uff01\u8521\u54e5\u7adf\u5c0d\u6afb\u7a7a\u6843\u505a\u51fa......."
        },
        {
            "id": "eo5mhwQ7lAU",
            "title": "\u5471\u5409\u5927\u6230\u6afb\u7a7a\u6843\uff01\u756a\u865fFR-099Y\u9ebb\u8fa3\u641c\u67e5\u5b98\uff01\u9019\u6b21\u4efb\u52d9\u6703\u6210\u529f\u55ce\uff01\uff1f"
        },
        {
            "id": "DkiyUPWcN4E",
            "title": "\u5471\u5409\u7b2c\u4e00\u6b21\u5e36\u4f60\u8fd4\u9109\uff01\u8001\u95c6\u63a5\u54e1\u5de5\u56de\u53bb\u958b\u5de5\u5566\uff01\u3010Travel Maker\u30112023\u8fd4\u9109\u5c08\u8eca#05\u6843\u5712\u516b\u5fb7\u7bc7"
        },
        {
            "id": "PfQg86hKkNo",
            "title": "\u9e7f\u6e2f\u518d\u6b21\u5de1\u79ae\uff01\u9e7f\u6e2f\u6700\u63a8\u81ed\u8c46\u8150\u7adf\u81ed\u5230\u53d7\u4e0d\u4e86\uff1f\u300c\u539f\u5b50\u7b46\u5c11\u5e74\u300d\u539f\u5730\u51fa\u9053\uff01\u3010Travel Maker\u30112023\u8fd4\u9109\u5c08\u8eca#04\u9e7f\u6e2f\u7bc7"
        },
        {
            "id": "EodATodFz-A",
            "title": "\u8fa3\u500b\u7537\u4eba\u4f86\u4e86\uff01\u963f\u5091\u5728\u7530\u5c3e\u5b89\u88dd\u5237\u81c9\u7cfb\u7d71\uff1f\u5c0f\u9738\u738b\u5e36\u4f60\u6a6b\u8457\u8d70\uff01\u3010Travel Maker\u30112023\u8fd4\u9109\u5c08\u8eca#03\u7530\u5c3e\u7bc7 ft. @jaychang0127"
        },
        {
            "id": "FRhS0mNieyg",
            "title": "\u95dc\u95dc\u5916\u5a46\u5bb6\u4e2d\u9593\u84cb\u4e00\u9593\u5edf\uff1f\u521d\u6b21\u5e36\u540c\u4e8b\u56de\u5bb6\u9109\uff01\u5927\u5bb6\u7adf\u90fd\u8b8a\u6210\u5c0f\u5c41\u5b69\uff1f\u3010Travel Maker\u30112023 #\u8fd4\u9109\u5c08\u8eca #02\u5357\u6295\u7bc7"
        },
        {
            "id": "dbfA90DHF1M",
            "title": "\u5be6\u6e2c\uff01SUP\u6e21\u6cb3\u901a\u52e4\u5230\u5167\u6e56\u6709\u591a\u5feb\uff1f\u53ef\u4ee5\u89e3\u6c7a\u53f0\u5317\u2192\u5167\u6e56\u7684\u4ea4\u901a\u4e82\u8c61\u55ce\uff1f"
        },
        {
            "id": "d7FTCzCjQn0",
            "title": "\ud83d\udd34\u6309\u8b9a\u60e1\u9b3c\u4e28\u6211\u9a0e\u91cd\u6a5f\u4f86\u6309\u8b9a\uff01\u606d\u8fce\u60e1\u9b3c\u5011\u56de\u5bb6\uff01"
        },
        {
            "id": "vCG75lzTLyQ",
            "title": "\ud83d\udd34\u6309\u8b9a\u60e1\u9b3c\u4e28\u6211\u9a0e\u91cd\u6a5f\u4f86\u6309\u8b9a\uff01\u91cd\u6a5f\u6311\u6230\u7b2c\u56db\u5929"
        },
        {
            "id": "fddmyvlY6kE",
            "title": "\u5e36\u540c\u4e8b\u5011\u8d70\u6625\u300c\u5609\u7fa9\u300d\u7f8e\u98df\u5403\u900f\u900f\uff01\u8fd4\u9109\u5c08\u8eca\u5f37\u52e2\u56de\u6b78\uff01\u3010Travel Maker\u30112023 #\u8fd4\u9109\u5c08\u8eca #01\u5609\u7fa9\u7bc7"
        },
        {
            "id": "M-l257mHwkQ",
            "title": "\ud83d\udd34\u6309\u8b9a\u60e1\u9b3c\uff5c\u6211\u9a0e\u91cd\u6a5f\u4f86\u6309\u8b9a\uff01\u91cd\u6a5f\u6311\u6230\u7b2c\u4e09\u5929"
        },
        {
            "id": "Lld20TO06CM",
            "title": "\ud83d\udd34\u6309\u8b9a\u60e1\u9b3c\uff5c\u6211\u9a0e\u91cd\u6a5f\u4f86\u6309\u8b9a\uff01\u91cd\u6a5f\u6311\u6230\u7b2c\u4e8c\u5929"
        },
        {
            "id": "WAF39IJAruM",
            "title": "\ud83d\udd34\u6309\u8b9a\u60e1\u9b3c\uff5c\u6211\u9a0e\u91cd\u6a5f\u4f86\u6309\u8b9a\uff01\u91cd\u6a5f\u6311\u6230\u7b2c\u4e00\u5929"
        },
        {
            "id": "xeDzd4oGVAo",
            "title": "\u7537\u4eba\u4e0b\u9ad4\u7e6b\u5e36\u65b7\u6389\u6703\u600e\u9ebc\u6a23\uff1f\u6b50\u5409\u6851\u904a\u5b9c\u862d\u6311\u6230\u5fcd\u8005\u6751\uff1f\u6210\u70ba\u82e6\u7121\u5927\u5e2b\uff01\u3010\u6b50\u5409\u6851\u5e7e\u52d2\u3011EP03"
        },
        {
            "id": "X2UuLYGqwaY",
            "title": "\u845b\u840a\u82ac\u591a\u6bd4\u53f2\u840a\u54f2\u6797\u9084\u58de\uff1f\u5982\u679c\u54c8\u5229\u6ce2\u7279\u662f8+9...... #shorts #\u54c8\u5229\u6ce2\u7279"
        },
        {
            "id": "Dh5Dm7-I_a4",
            "title": "\u96a8\u6a5f\u5168\u53f0\u8d85\u5546\u9580\u5e02\uff01\u9078\u5230\u54ea\u5c31\u8dd1\u5230\u54ea\u53d6\u8ca8\uff01\u7adf\u7136\u8dd1\u5230\u9019\u9ebc\u9060\u7684\u5730\u65b9\uff1f\u5feb\u5c0b\u627e\u4f60\u7684\u5927\u79d8\u5bf6\u5427\uff01\u3010\u5927\u79d8\u5bf6\u3011"
        },
        {
            "id": "5BBAJyhJvUM",
            "title": "\u53f0\u7063\u56e1\u4ed4\u4e0a\u9b54\u6cd5\u5b78\u6821\uff1f\u5982\u679c\u54c8\u5229\u6ce2\u7279\u662f\u53f0\u7063\u4eba...... #shorts #\u54c8\u5229\u6ce2\u7279"
        },
        {
            "id": "ef20z0Y2pes",
            "title": "\u5175\u5f79\u56db\u500b\u6708\u7ad9\u54e8\u65b9\u5f0f\u5927\u4e0d\u540c\uff1f\u5404\u7a2e\u8352\u5510\u8ecd\u4e2d\u6545\u4e8b\u5927\u653e\u51fa\uff01\u5b78\u9577\u7d66\u5b78\u5f1f\u7684\u771f\u5fc3\u8a71\u3010\u9ebb\u5e0c\u5c2c\u9910\u8eca\u3011EP07\u4e0b FT. @DcardTaiwan @SM88888"
        },
        {
            "id": "dRv3S4P6R6E",
            "title": "\u5175\u5f79\u5ef6\u9577\u4e00\u5e74\uff01\u7a76\u7adf\u4e00\u5e74\u53ca\u56db\u500b\u6708\u7684\u5175\u6709\u4ec0\u9ebc\u4e0d\u540c\u5462\uff1f\u300c\u6700\u83dc\u5b78\u5f1f\u300d\u89aa\u81ea\u73fe\u8eab\u8aaa\u6cd5\uff01\u6545\u4e8b\u7adf\u8d8a\u4f86\u8d8a\u8352\u8b2c\uff1f\u3010\u9ebb\u5e0c\u5c2c\u9910\u8eca\u3011EP07\u4e0a ft. @DcardTaiwan  @SM88888"
        },
        {
            "id": "H4HSprdtIkc",
            "title": "\u4f38\u624b\u4e0d\u898b\u4e94\u6307\u72c0\u614b\u4e0b\u8ddf\u964c\u751f\u4eba\u5403\u300c\u7121\u5149\u665a\u9910\u300d\u662f\u7537\u662f\u5973\uff1f\u54c0\u5440~\u4e0d\u5c0f\u5fc3\u6478\u5230\u4e86\u5566\uff01"
        },
        {
            "id": "qOp1MzaoVHA",
            "title": "\u7537\u4eba\u7684\u5feb\u6a02\u771f\u7684\u5f88\u7c21\u55ae\uff01\u4e0a\u4e0d\u516d\u68cd\u9996\u6b21\u51fa\u9053\uff1f\uff01"
        },
        {
            "id": "B8OPNm0eems",
            "title": "\u5471\u5409\u5c07\u6beb\u7121\u4fdd\u7559\uff0c\u5168\u76e4\u812b\u51fa\uff01\u3010\u5409\uff0c\u63b0\uff01\u611f\u8b1d\u796d\u3011\u5471\u5409\u500b\u4eba\u5c08\u5834\uff5c2\u67086\u65e5\u6b63\u5f0f\u552e\u7968"
        },
        {
            "id": "Id3-xBMUn9k",
            "title": "\u9a0e\u91cd\u6a5f\u5230\u53f0\u5357\uff01\u72c2\u98a8\u66b4\u96e8\u8d85\u786c\u8def\u6cc1\uff0c\u51b7\u5230\u5931\u6eab\u7d2f\u5230\u5dee\u9ede\u653e\u68c4\uff1f\u3010\u6d1e\u516b\u592d\u516b\u3011"
        },
        {
            "id": "Rc7TerI0d6o",
            "title": "\u91cd\u65b0\u8a8d\u8b58\u4f60\u6240\u4e0d\u77e5\u9053\u7684\u5404\u7a2e\u90b1\u5a01\u5091\u3010\u5409\uff0c\u63b0\uff01\u611f\u8b1d\u796d\u3011\u5471\u5409\u500b\u4eba\u5c08\u5834\uff5c2\u67086\u65e5\u6b63\u5f0f\u552e\u7968"
        },
        {
            "id": "glWg5_RhCOE",
            "title": "\u4e0a\u73ed\u4e0d\u8981\u770b\u7684\u6625\u7bc0\u6df1\u591c\u76f4\u64ad\uff1a\u5471\u5409\u7684\u7761\u8863\u62dc\u5e74EP2"
        },
        {
            "id": "4F_RoAtOufM",
            "title": "\u7537\u540c\u4e8b\u89aa\u81ea\u4e0b\u5eda\u300c\u8ecd\u4e2d\u4f19\u98df\u300d\u7d66\u8001\u95c6\u53ca\u5973\u540c\u4e8b\u5403\uff1f\u3010\u9709\u5473\u95dc\u4fc2\u3011\u662f\u5929\u5802\u9084\u662f\u5730\u7344\u6599\u7406\uff1f\u5f1f\u5144\u5011\u958b\u98ef\u5566\uff01"
        },
        {
            "id": "XK5XnbAjD40",
            "title": "\u56de\u9867\u56db\u5e74\u8b70\u54e1\u4e4b\u8def\uff0c\u5378\u4e0b\u8b70\u54e1\u8eab\u5206\u9996\u5834\u500b\u4eba\u6f14\u51fa\uff5c\u5409\uff0c\u63b0\uff01\u611f\u8b1d\u796d\uff0e\u5471\u5409\u500b\u4eba\u5c08\u5834\uff012\u67086\u65e5\u6b63\u5f0f\u552e\u7968"
        },
        {
            "id": "07skdHuNhjk",
            "title": "\ud83d\udd34\u5348\u9593\u76f4\u64ad\uff5c\u6211\u5011\u4eca\u5e74\u6c92\u6709\u5c3e\u7259..."
        },
        {
            "id": "YFBCv6xwtW8",
            "title": "\u4ec0\u9ebc\uff1f\u6bcf\u500b\u89d2\u8272\u90fd\u8981\u6f14\u4e00\u6b21\uff01\u4e0d\u540c\u89d2\u8272\u4e0d\u540c\u7684\u4eba\u8f2a\u6d41\u6f14\uff0c\u6548\u679c\u6703\u4e00\u6a23\u55ce\uff1f\u3010\u597d\u4f86\u9ce5\u6f14\u6280\u30112.0\u8d85\u9032\u5316\u56de\u6b78\uff01ep07"
        },
        {
            "id": "B6roIZkw0Q0",
            "title": "\u6ce8\u610f\u770b\uff0c\u9019\u7537\u4eba\u592a\u72e0\u4e86\uff01\u5c45\u7136\u5728\u62cd\u7247\u7684\u6642\u5019\u6ed1\u624b\u6a5f\uff0c\u5165\u93e1\u4e5f\u6c92\u5728\u6015\uff0c\u9019\u54e5\u5be6\u5728\u592a\u72e0\u4e86\uff01 #shorts"
        },
        {
            "id": "Ra9DgdAc9ek",
            "title": "\u9019\u4e9b\u54e1\u5de5\u592a\u72e0\u4e86\uff0c\u5c45\u7136\u5728\u516c\u53f8\u8209\u8fa6\u9760\u5317\u8001\u95c6\u5927\u6703\uff01\u5728\u8001\u95c6\u9762\u524d\u5c07\u56db\u5e74\u4f86\u7684\u59d4\u5c48\u5168\u90e8\u50be\u7009\uff0c\u662f\u6b61\u6a02\u548c\u89e3\u9084\u662f\u8840\u6d41\u6210\u6cb3\u5462\uff1f #shorts"
        },
        {
            "id": "DedBRW4W8Ns",
            "title": "\u7b2c\u4e00\u6b21\u770b\u5230\u54e1\u5de5\u9762\u8a66\u8001\u95c6\uff1f\u8b70\u54e1\u5378\u4efb\u5f8c\u7adf\u906d\u54e1\u5de5\u96c6\u9ad4\u9762\u8a66\uff01\u5471\u5409\u4e8b\u696d\u7b2c\u4e8c\u6625\u5c07\u4f55\u53bb\u4f55\u5f9e\u22ef\u22ef #shorts"
        },
        {
            "id": "x11Op1Xkikc",
            "title": "\u9760\u5317\u8001\u95c6\uff01\u54e1\u5de5\u958b\u7832\u706b\u70e4\u5471\u5409\uff01\u56db\u5e74\u4f86\u7684\u59d4\u5c48\u5168\u90e8\u50be\u7009\uff1f\u6163\u8001\u95c6\u9762\u81e8\u5de8\u5927\u5371\u6a5f\uff1f#\u5471\u5409\u5378\u4efb\u4e09\u90e8\u66f2"
        },
        {
            "id": "qOJcIp4XWwo",
            "title": "\u54e1\u5de5\u9762\u8a66\u8001\u95c6\uff01\u5471\u5409\u5378\u4efb\u56de\u516c\u53f8\u54ea\u9019\u9ebc\u5bb9\u6613\uff1f\u9762\u8a66\u8003\u9a57\u901a\u901a\u4f86\uff0c\u7adf\u7206\u767c\u885d\u7a81\u4e8b\u4ef6\uff1f\uff01 #\u5471\u5409\u5378\u4efb\u4e8c\u90e8\u66f2"
        },
        {
            "id": "t5YOfxWRbxo",
            "title": "\u6ce8\u610f\u770b\uff01\u9019\u4e9b\u54e1\u5de5\u592a\u72e0\u4e86\uff01\u70ba\u4e86\u8001\u95c6\u5378\u4efb\uff0c\u7adf\u505a\u51fa\u4f86\u9019\u4e9b\u4e8b\u2026\u2026 #shorts"
        },
        {
            "id": "1JDg4aMtWyg",
            "title": "\u53f2\u4e0a\u6700\u9ad8\u8abf\u5378\u4efb\uff01\u606d\u8fce\u90b1\u8b70\u54e1\u5378\u4efb\uff0c\u76f4\u63a5\u628a\u8001\u95c6\u5f9e\u8b70\u6703\u625b\u56de\u4f86\uff01\u7adf\u5f15\u4f86\u8a18\u8005\u4e0a\u65b0\u805e\uff1f #\u5471\u5409\u5378\u4efb\u9996\u90e8\u66f2"
        },
        {
            "id": "BqBFTJTZlhs",
            "title": "\u53f0\u5317\u5e02\u8b70\u6703\u662f\u6843\u82b1\u7a9f\uff1f\u88ab\u5c01\u5370\u7684\u795e\u79d8\u7814\u7a76\u5ba4\uff1f\u3010\u86e4\uff01\u9019\u4e5f\u8981\u62cd\uff1f\u3011\u5471\u5409\u5e36\u4f60\u6252\u958b\u53f0\u5317\u5e02\u8b70\u6703\u5404\u7a2e\u4e0d\u601d\u8b70\u50b3\u8aaa\uff01"
        },
        {
            "id": "v5W_oTQt_ME",
            "title": "\u300c\u81ea\u88fd\u98a8\u7b8f\u300d\u98db\u5f97\u8d77\u4f86\u55ce\uff1f\u5931\u6557\u559d\u7206\u5730\u7344\u7d1a\u82e6\u8336\uff01\u537b\u610f\u5916\u8b93\u8863\u670d\u98db\u4e86\u8d77\u4f86\uff1f\u3010\u4e0a\u8ab2\u4e0d\u8981\u770b\u3011"
        },
        {
            "id": "LGVJblwghjg",
            "title": "\u53c8\u5927\u53c8\u5713\u80fd\u4e0d\u5438\u55ce\uff1f\u96d6\u7136\u4e0d\u592a\u597d\uff0c\u4f46\u6211\u9084\u662f\u5438\u4e86 #shorts"
        },
        {
            "id": "Kx7U1oAnwHc",
            "title": "\u8db3\u7403\u8d8a\u4f4d\u7a76\u7adf\u6709\u591a\u56b4\u683c\uff1f\u4eca\u5929\u5c31\u4f86\u544a\u8a34\u4f60\uff01 #shorts"
        },
        {
            "id": "eMrqttZav-U",
            "title": "\u6b50\u5409\u6851\u5230\u5357\u6295\u723d\uff01\u9ad4\u9a57SUP\u5927\u53d4\u8b8a\u7db2\u7f8e\uff1f\u5357\u6295\u597d\u5403\u597d\u597d\u73a9\u3010\u6b50\u5409\u6851\u5e7e\u52d2\u3011EP02"
        },
        {
            "id": "9GO1N-EyJSc",
            "title": "\u4e03\u5e74\u4e4b\u7662\uff1f\u5471\u5409\u81ea\u7206\u5077\u5e36\u5973\u751f\u56de\u53bb\uff01GG\u9084\u7834\u76ae\uff1f\u4e0a\u73ed\u4e0d\u8981\u770b\u7d93\u5178\u5834\u9762\u61f7\u5ff5\u5de1\u79ae\uff01"
        },
        {
            "id": "EOxSOYG-a98",
            "title": "\u770b\u7247\u7247\u559c\u597d\u5927\u63ed\u5bc6\uff01\u4f60\u6703\u770b\u5287\u60c5\u55ce\uff1f\u559c\u6b61\u5168\u812b\u9084\u662f\u534a\u812b\uff1f\u9a5a\u4eba\u56de\u7b54\u8b93\u8521\u54e5\u7121\u6cd5\u62db\u67b6\uff01"
        },
        {
            "id": "lZwjwynEspU",
            "title": "\u9ebb\u5e0c\u95dc\u95dc\u963f\u5f37\u7403\u5834\u61c9\u63f4\u521d\u767b\u5834\uff1f\u76f4\u6417\u5566\u5566\u968a\u4f11\u606f\u5ba4\uff01\u4e00\u63a2\u98a8\u9761\u65e5\u672c\u7684\u4e2d\u83ef\u8077\u68d2\u5566\u5566\u968a\uff01\u3010\u86e4!\u9019\u4e5f\u8981\u62cd?\u3011"
        },
        {
            "id": "zH515KPgEn4",
            "title": "\u3010\u8d70\u9418\u7368\u5bb6\u3011\u5f97\u734e\u5f8c\u7b2c\u4e00\u76f4\u64ca\uff0c\u4e0b\u53f0\u76f4\u63a5\u963f\u79cb\u5df4\uff01\u7adf\u8b93\u5343\u5343\u594e\u4e01\u54ed\u4e86\u51fa\u4f86\uff1f\u8d70\u9418\u9435\u4e09\u89d2\u91cd\u51fa\u6c5f\u6e56\uff01  ft. \u6240\u6709\u5f97\u734e\u8005"
        },
        {
            "id": "ulvEtkax9pw",
            "title": "\u5471\u5409\u7b2c\u4e00\u6b21\u91cd\u6a5f\u4e4b\u65c5\uff01\u7adf\u4e3b\u52d5\u5230\u8655\u5728\u5e97\u5bb6\u7559\u7c3d\u540d\uff1f\u5c37\u5c2c\u764c\u76f4\u63a5\u767c\u4f5c\u5566\uff01\u3010\u6d1e\u516b\u592d\u516b\u3011"
        },
        {
            "id": "YWmtgOlgiE0",
            "title": "\u7b2c\u56db\u5c46\u8d70\u9418\u734e\uff5c\u4e2d\u63d2\u5ee3\u544a\u7cbe\u5f69\u5927\u532f\u96c6"
        },
        {
            "id": "SVFnAbRiZSA",
            "title": "\u7b2c4\u5c46\u8d70\u9418\u734e\u9812\u734e\u5178\u79ae\uff5c4th Walk Bell John Awards Ceremony"
        },
        {
            "id": "QyIokKVIdv0",
            "title": "\u7b2c4\u5c46\u8d70\u9418\u734e\u661f\u5149\u5927\u9053\uff5c\u7d05\u6bef\u73fe\u5834LIVE\u76f4\u64ad"
        },
        {
            "id": "Etp8rWnA6fU",
            "title": "\u6b50\u5409\u6851\u904a\u53f0\u4e2d\uff01\u5471\u5409\u5c0f\u6b50\u723d\u5403\u7f8e\u98df\uff01\u9ad8\u7a7a\u7ffb\u5f48\u521d\u9ad4\u9a57\u76f4\u63a5\u5687\u5230\u54ed\u51fa\u4f86\uff1f\u3010\u6b50\u5409\u6851\u5e7e\u52d2\u3011EP01"
        },
        {
            "id": "DCV2FIa_oZI",
            "title": "\u76f4\u95d6\u91d1\u9580\u7981\u5730\u300c\u5c71\u7076\u6751\u300d\u4e00\u500b\u9023\u91d1\u9580\u4eba\u4e0d\u6562\u9760\u8fd1\u7684\u5730\u65b9\uff01\u771f\u76f8\u4ee4\u6e6f\u99ac\u7b11\u4e0d\u51fa\u4f86\uff1f\u3010\u86e4\uff01\u9019\u4e5f\u8981\u62cd\uff1f\u3011"
        }
    ]
}