{
    "video_info": {
        "id": "-wZf8q73iMQ",
        "channelTitle": "\u937e\u660e\u8ed2",
        "title": "\u516c\u958b\u4eba\u751f\u7b2c\u4e00\u652f\u5f71\u7247\uff01",
        "description": "\u55e8\uff5e8\u5e74\u524d\u7684\u660e\u8ed2\u554a\n\n\u4eca\u5929\u4f86\u770b\u770b2012\u5e746\u67082\u65e5\u7684\u4f60\n\n\u4e0d\u77e5\u9053\u7576\u5929\u7684\u4f60\u904e\u7684\u662f\u5426\u958b\u5fc3\n\n\u6211\u53ea\u8a18\u5f97\u4f60\u5bb6\u4eba\u5728\u7b49\u4f60\u5531\u5b8c\u5f8c\n\n\u6709\u628a\u4ed6\u89ba\u5f97\u4f60\u6b4c\u8072\u53ef\u4ee5\u6539\u9032\u7684\u5730\u65b9\u544a\u8a34\u4f60\n\n\u90a3\u6642\u5019\u7684\u4f60\u64c1\u6709\u4f60\u5e7b\u60f3\u51fa\u4f86\u7684\u70cf\u6258\u90a6\n\n\u6211\u9084\u8a18\u5f97\n\n\u9019\u5c31\u662f\u4f60\n\n--\n\n8\u5e74\u904e\u53bb\n\n\u6211\u6bcf\u5929\u90fd\u6709\u8a18\u5f97\u8981\u5728\u5165\u591c\u4e4b\u524d\u64c1\u62b1\u4f60\n\n\u5167\u5fc3\u7684\u5b69\u5b50\u73fe\u5728\u662f\u300e\u4ed6\u300f\u7684\u8ac7\u8a71\u5c0d\u8c61\n\n\u4ed6\u73fe\u5728\u7684\u5275\u9020\u8ddf\u4ed6\u7684\u5be6\u76f8\n\n\u90fd\u662f\u56e0\u70ba\u4f60\u800c\u5f15\u8d77\u7684\n\n\u4f60\u662f\u6211\u7684\u4eba\u751f\u5c0e\u5e2b\n\n\u6211\u5f88\u6176\u5e78 \n\n\u6211\u9019\u6b21\u64c1\u6709\u9019\u4efd\u52c7\u6c23\n\n\u4f86\u770b\u770b\u4f60\n\n\u6700\u5f8c\n\n\u6211\u611b\u4f60",
        "likeCount": "27336",
        "commentCount": "1879",
        "viewCount": "488321"
    },
    "comments": [
        {
            "reply_id": "UgwRHJkCMBnHY4eDgvp4AaABAg",
            "reply_content": "\u4f60\u5c0f\u65f6\u5019\u5c31\u662f\u4e2a\u9ed1\u9ed1\u7684\u4e1c\u5357\u4e9a\u5c0f\u5b69\u8036"
        },
        {
            "reply_id": "UgzVf2hAD8ler5knxa54AaABAg",
            "reply_content": "\u5176\u5be6\u883b\u597d\u807d\u7684"
        },
        {
            "reply_id": "Ugzol6VkWoU4P8LpogN4AaABAg",
            "reply_content": "\u4e00\u958b\u59cb\u5f8c\u9762\u7684\u8c93\u88ab\u5687\u5230"
        },
        {
            "reply_id": "Ugw2ZpTE7DU2M6-LE7J4AaABAg",
            "reply_content": "\u8981\u52a0\u6cb9\u54e6"
        },
        {
            "reply_id": "Ugw1I4_Wx9k6OF2bux94AaABAg",
            "reply_content": "\u597d\u559c\u6b61\u9019\u90e8\u5f71\u7247"
        },
        {
            "reply_id": "UgzvSc9Y_igftj1fKqx4AaABAg",
            "reply_content": "\u5f71\u7247\u8d8a\u957f\u6211\u8d8a\u7231\u770b"
        },
        {
            "reply_id": "UgzFzhFCrqrNGYvG7KR4AaABAg",
            "reply_content": "\u7121\u526a\u8f2f"
        },
        {
            "reply_id": "Ugycuq47PwtDrglb_2p4AaABAg",
            "reply_content": "\u5f88\u597d\u59d4\u54e1\u6703"
        },
        {
            "reply_id": "Ugwj9fcSxizTuy2UAdJ4AaABAg",
            "reply_content": "\u8b1d\u8b1d"
        },
        {
            "reply_id": "Ugxgwn7qhPyJocedIu54AaABAg",
            "reply_content": "\u771f\u7684\u4e0d\u61c2\u9178\u6c11\u5c0d\u4e00\u500b\u52c7\u6562\u8ffd\u9010\u661f\u5922\u7684\u5c0f\u7537\u5b69\u6709\u4ec0\u9ebc\u597d\u7f75\u7684 \u9084\u597d\u4f60\u8d70\u904e\u4f86\u4e86"
        },
        {
            "reply_id": "Ugzb6brC5fdm_N0RJb94AaABAg",
            "reply_content": "\u770b\u5230\u60f3\u54ed"
        },
        {
            "reply_id": "UgwrGzLIpgVCnuQNo514AaABAg",
            "reply_content": "\u5f88\u96e3\u807d"
        },
        {
            "reply_id": "UgxtRNEiPBiA65JXjaB4AaABAg",
            "reply_content": "\u4f60\u597d\u5766\u7136"
        },
        {
            "reply_id": "UgzctfLiiPNQHt8qQqh4AaABAg",
            "reply_content": "\u4f60\u5f88\u68d2"
        },
        {
            "reply_id": "Ugwir-707N8mIiwLuW14AaABAg",
            "reply_content": "\u5176\u5be6\u5c0f\u6642\u5019\u5531\u6b4c\u597d\u597d\u807d"
        },
        {
            "reply_id": "UgyscqE4edrhw2f9wXd4AaABAg",
            "reply_content": "\u597d\u7f8e"
        },
        {
            "reply_id": "UgwaMZuBsYHRvF5S2AF4AaABAg",
            "reply_content": "\u9019\u8eab\u8863\u670d\u6253\u626e\u597d\u770b"
        },
        {
            "reply_id": "UgxqcngzOXpvDOuEyCZ4AaABAg",
            "reply_content": "\u6709\u9ede\u597d\u807d"
        },
        {
            "reply_id": "UgxqUPlSJ7KngW9UvmB4AaABAg",
            "reply_content": "\u5f88\u53ef\u611b"
        },
        {
            "reply_id": "Ugz9J980Ixg4ckuHONZ4AaABAg",
            "reply_content": "\u4ed6\u5531\u7684\u4e0d\u932f\u554a"
        },
        {
            "reply_id": "Ugyvqp7-fyVKSawr3EF4AaABAg",
            "reply_content": "\u6211\u4ee5\u524d\u4e5f\u8d85\u559c\u6b61\u9019\u9996"
        },
        {
            "reply_id": "UgyFFPK4lTIqVcYWB914AaABAg",
            "reply_content": "\u4e0d\u6309\u8b9a\u4e0d\u884c"
        },
        {
            "reply_id": "Ugx142aPwlAFL3Sr1c14AaABAg",
            "reply_content": "\u4f60\u7684\u8c93\u597d\u53ef\u611b"
        },
        {
            "reply_id": "UgybOrpxdTpVHtNhKj54AaABAg",
            "reply_content": "\u9ec3\u6c0f\u5144\u5f1f\u7684\u744b\u744b\u53eb\u6211\u4f86\u6309\u5012\u8b9a"
        },
        {
            "reply_id": "Ugyqy7uXfkg07phM6hN4AaABAg",
            "reply_content": "\u9019\u96c6\u5f88\u8b93\u4eba\u6709\u7a2e\u8aaa\u4e0d\u4e0a\u4f86\u7684\u611f\u52d5"
        }
    ]
}