{
    "video_info": {
        "id": "1Xjol_CE3a0",
        "channelTitle": "\u937e\u660e\u8ed2",
        "title": "\u600e\u80fd\u6c92\u53bb\u904e\u9999\u6e2f\uff01",
        "description": "YA~\u5982\u540c\u6a19\u984c \u6211\u600e\u80fd\u6c92\u53bb\u904e\u9019\u500b\u5730\u65b9\uff1f\uff01\n\u53bb\u904e\u4e4b\u5f8c\u5c31\u5b8c\u5168\u611b\u4e0a \u5b83\u53ef\u4ee5\u8aaa\u662f\u8fd1\u671f\u53bb\u904e\u773e\u591a\u570b\u5bb6\u4e4b\u4e2d \u771f\u5fc3\u6700\u611b\u7684\u4e00\u500b \n\n\u4e5f\u6c92\u6709\u60f3\u50cf\u904e\u81ea\u5df1\u8d70\u5728\u9999\u6e2f\u8857\u982d \u53ef\u4ee5\u88ab\u90a3\u9ebc\u591a\u6c11\u773e\u559c\u611b\u8457 \n\u5f7c\u6b64\u5206\u4eab\u5728\u81ea\u5df1\u570b\u5bb6\u7684\u7684\u8fd1\u6cc1 \u5c31\u597d\u50cf\u6211\u5bb6\u9130\u5c45\u5728\u8ddf\u6211\u804a\u5929\u7684\u6a23\u5b50 \n\u6709\u4e9b\u7d93\u904e\u7684\u6703\u76f4\u63a5\u5927\u558a\u6211\u540d\u5b57\u3001\u6709\u4e9b\u7d93\u904e\u7684\u6703\u5c0f\u5c0f\u8072\u7684\u8aaa\u8072\uff1a\u6211\u5f88\u559c\u6b61\u4f60\n\u54ea\u6015\u6709\u4e9b\u53ea\u662f\u4e00\u500b\u773c\u795e \u6c92\u6709\u8a71\u8a9e \u6c92\u6709\u904e\u591a\u7684\u80a2\u9ad4\u8a9e\u8a00\n\u6211\u4f3c\u4e4e\u6709\u7a2e\u300e\u660e\u767d\u4e86\u4ed6\u7684\u610f\u601d\uff0c\u4f46\u53c8\u4e0d\u662f\u5168\u7136\u7684\u7406\u89e3\u3002\u300f\u7684\u90a3\u7a2e\u885d\u7a81\u611f\n\u4e5f\u660e\u767d\u5176\u5be6\u4e0d\u4e00\u5b9a\u786c\u8981\u7d66\u81ea\u5df1\u4e00\u7a2e\u89e3\u91cb\n\u6709\u6642\u5019\u50cf\u9019\u6a23\u904a\u8d70\u5728\u300e\u77e5\u9053\u8207\u4e0d\u77e5\u9053\u4e4b\u9593 \u300f\u4e5f\u662f\u4e00\u7a2e\u6d3b\u8457\u7684\u610f\u7fa9\u4e0d\u662f\u55ce\ud83d\ude0a\n\n\u8b1d\u8b1d\u540c\u8def\u4eba\u5011\u7d66\u4e88\u6211\u7684\u5404\u7a2e\u60c5\u7dd2\n\u9019\u4efd\u79ae\u7269\u6211\u6703\u6536\u85cf\u597d \u5728\u63a5\u4e0b\u4f86\u7684\u6bcf\u4e00\u9053\u9ad4\u9a57\u88e1 \n\u4e0d\u65b7\u7684\u5b9a\u7fa9\u3001\u66f4\u65b0\u3001\u5b9a\u7fa9\u3001\u518d\u66f4\u65b0\n\n\u671f\u76fc\u6700\u7d42\u6211\u5011\u90fd\u5df2\u6210\u70ba\u6211\u5011\u5fc3\u4e2d\u7684\u90a3\u4f4d\u5927\u4eba\uff5e\uff3e\uff3e",
        "likeCount": "33361",
        "commentCount": "2138",
        "viewCount": "753148"
    },
    "comments": [
        {
            "reply_id": "UgyDMf-Sfy66yeo4nUN4AaABAg",
            "reply_content": "\u611f\u89ba\u660e\u8ed2\u8ddf\u4ee5\u524d\u76f8\u6bd4\u8a9e\u6c23\u7de9\u548c\u597d\u591a"
        },
        {
            "reply_id": "Ugw01mIvgWjaQi8oOOt4AaABAg",
            "reply_content": "\u600e\u9ebc\u90a3\u9ebc\u6709\u9322"
        },
        {
            "reply_id": "Ugyy6ImEBVte39xWXU54AaABAg",
            "reply_content": "\u53ef\u6190 \u9999\u6e2f\u4eba\u8981\u88ab\u570b\u969b\u611b\u6ecb\u6bd2\u7532\u50b3\u67d3\u611b\u6ecb\u75c5\u4e86"
        },
        {
            "reply_id": "UgyqXFB_BxrySyka5Mp4AaABAg",
            "reply_content": "\u7528\u5c0f\u7ea2\u4e66\u7684\u5f88\u591a\u8111\u5b50\u4e0d\u6b63\u5e38"
        },
        {
            "reply_id": "UgwdpMp5LZ_6t0p8a3t4AaABAg",
            "reply_content": "\u862d\u82b3\u5712"
        },
        {
            "reply_id": "UgyhXjg0dNVvfH-qv0F4AaABAg",
            "reply_content": "\u559c\u6b61\u660e\u8ed2\u6700\u5f8c\u7684\u5206\u4eab"
        },
        {
            "reply_id": "UgzmXf-vrSYwE93KxtJ4AaABAg",
            "reply_content": "\u53ef\u4ee5\u770b\u5230\u65b0\u5f71\u7247\u771f\u597d\u8b1d\u8b1d\u4f60\u7528\u5fc3\u88fd\u4f5c"
        },
        {
            "reply_id": "Ugz8fQyF646f70s9xIV4AaABAg",
            "reply_content": "\u540c\u6027\u604b\u771f\u7684\u5f88\u8052\u566a"
        },
        {
            "reply_id": "UgxxM5FVkb3WfpFiUPB4AaABAg",
            "reply_content": "\u6577\u5b8c\u81c9\u597d\u5e25\u5594"
        },
        {
            "reply_id": "UgyUkq0sK-SqEl9qgP54AaABAg",
            "reply_content": "\u4f60\u4e5f\u592a\u6f02\u4eae\u4e86\u5427"
        },
        {
            "reply_id": "UgxlaDIlxS1Z3hNGtHx4AaABAg",
            "reply_content": "\u4e2d\u5206\u8d85\u597d\u770b"
        },
        {
            "reply_id": "UgwVQaMTqU6RyNHxURx4AaABAg",
            "reply_content": "\u771f\u4e0d\u80fd\u7406\u89e3\u5c0f\u9ed1\u5b50\u4e0d\u559c\u6b61\u53c8\u9ede\u9032\u4f86\u770b\uff0c\u662f\u4e0d\u662f\u72af\u8ce4"
        },
        {
            "reply_id": "UgxY1wEsXf0aPtRMp3F4AaABAg",
            "reply_content": "\u9519\u8fc7\u4e86\u4f60"
        },
        {
            "reply_id": "UgwtmmQsLeO1d8zMI8p4AaABAg",
            "reply_content": "\u8a87\u5f35\u7684\u76ae\u819a\u597d"
        },
        {
            "reply_id": "UgynYGCv7fxYHdn6gcZ4AaABAg",
            "reply_content": "\u7684\u58eb\u88ab\u5751\u4e86\u5427"
        },
        {
            "reply_id": "UgxDHqaJPWSDZoopfal4AaABAg",
            "reply_content": "\u660e\u8ed2\u4f60\u5f88\u68d2"
        },
        {
            "reply_id": "UgwHOcGYEquGPKfttLh4AaABAg",
            "reply_content": "\u9999\u6e2f\u4eba\u628a\u9019\u4e9b\u611b\u90fd\u88dc\u4e0a"
        },
        {
            "reply_id": "UgzhCmb97isuKF3iwkt4AaABAg",
            "reply_content": "\u8acb\u554f\u4f60\u7684\u72d7\u72d7\u8ddf\u8c93\u8c93\u5462"
        },
        {
            "reply_id": "UgwpsVcS7KUIzAa4RUB4AaABAg",
            "reply_content": "\u5230"
        },
        {
            "reply_id": "UgzkI1E75bnOy8CQ2cp4AaABAg",
            "reply_content": "\u9418\u660e\u8ed2\u6211\u662f\u4e00\u500b\u5f88\u660e\u611f\u7684\u4eba\u6700\u8fd1\u6211\u7684\u540c\u5b78\u4e00\u76f4\u8cb6\u4f4e\u6211\u8b93\u6211\u5f88\u4e0d\u958b\u5fc3\u6211\u8ddf\u4ed6\u8b1b\u904e\u4e86\u4f46\u4ed6\u9084\u662f\u4e00\u76f4\u8cb6\u4f4e\u6211\u5982\u679c\u4f60\u6703\u600e\u9ebc\u8fa6"
        },
        {
            "reply_id": "Ugze0iHAmhPQyDMxbwx4AaABAg",
            "reply_content": "\u9806\u9053\u53bb\u6fb3\u9580\u5427"
        },
        {
            "reply_id": "Ugy6QkEM-uQYY8Zsp6R4AaABAg",
            "reply_content": "\u96e3\u9053\u4f60\u771f\u4e0d\u8003\u616e\u8b80\u4ec0\u9ebc\u54f2\u5b78\u6216\u8005\u5fc3\u7406\u5b78\uff1f\u611f\u89ba\u4f60\u5f88\u5408\u9069\u54c8\u54c8"
        },
        {
            "reply_id": "UgzFJzRAyj0mrzPUstV4AaABAg",
            "reply_content": "\u714e\u71ac"
        },
        {
            "reply_id": "Ugznxn4o2vGzypzA17Z4AaABAg",
            "reply_content": "\u904e\u569f\u6fb3\u9580"
        },
        {
            "reply_id": "UgzaiqW4u6RoIPpZR454AaABAg",
            "reply_content": "\u9152\u5e97\u4ec0\u4e48\u540d\u5b57\u5f88\u7f8e"
        }
    ]
}