{
    "video_info": {
        "id": "273uOl8OyXQ",
        "channelTitle": "\u937e\u660e\u8ed2",
        "title": "\u8ab0\u4f86\u6551\u6551\u5730\u7403\u4eba\uff01",
        "description": "\u73fe\u5728\u9084\u662f\u6709\u975e\u5e38\u591a\u5730\u7403\u4eba\n\u9084\u5728\u628a\u8b2c\u8aa4\u8ddf\u8b2c\u8ad6\u7576\u4f5c\u771f\u7406\u5728\u9032\u884c\u4eba\u985e\u751f\u6d3b\n\n\u6211\u76ee\u524d\u6574\u7406\u51fa\u4e86\u5169\u5927\n\u53ea\u6709\u820a\u5730\u7403\u6642\u4ee3\u7684\u4eba\u624d\u6703\u4f7f\u7528\u7684\u4f5c\u70ba\n\n\u771f\u5be6\u662f \u5728\u93e1\u5b50\u88e1\u770b\u898b\u8868\u8c61\u7684\u81ea\u5df1\u4e26\u975e\u5168\u7136\u7684\u81ea\u5df1\n\u800c\u4f60 \u7a76\u7adf\u662f\u8ab0\uff1f\n\n\u5982\u679c\u4e00\u500b\u300e\u6211\u300f\u5df2\u9032\u884c\u4e86\u89ba\u77e5\n\u4e5f\u8a8d\u77e5\u5230\u81ea\u5df1\u5df2\u96e2\u958b\u820a\u5730\u7403\u6642\u4ee3\n\u800c\u4f60\u8eab\u70ba\u65b0\u4eba\u985e \u4f60\u7684\u5275\u9020\u662f\u4ec0\u9ebc\uff1f\n\n\u751f\u6d3b\u4e2d\u7684\u300e\u7d93\u9a57\u300f\u5c31\u662f\u6211\u5011\u6700\u597d\u7684\u8001\u5e2b\n\n\u5e0c\u671b\u4eca\u5929\u6240\u63d0\u4f9b\u7684\u300e\u7d93\u9a57\u300f \n\u53ef\u4ee5\u70ba\u4f60\u5e36\u4f86\u4e9b\u4ec0\u9ebc\n\n\u795d\u5275\u4f5c\u9806\u5229",
        "likeCount": "17300",
        "commentCount": "1255",
        "viewCount": "388023"
    },
    "comments": [
        {
            "reply_id": "UgxcWnRt3sAoTB1IAKh4AaABAg",
            "reply_content": "\u4eba\u5996"
        },
        {
            "reply_id": "Ugz3ufud-X6G1AHX8Ft4AaABAg",
            "reply_content": "\u90aa\u6559"
        },
        {
            "reply_id": "UgzyZsQN0BPmiGfIuMh4AaABAg",
            "reply_content": "\u7b2c\u4e09\u7c7b\u6cf0\u56fd\u5f88\u6d41\u884c"
        },
        {
            "reply_id": "Ugykal8Z6JJ3ZATean54AaABAg",
            "reply_content": "\u6211\u61c2"
        },
        {
            "reply_id": "UgzmiFT5_7FuM4swiYV4AaABAg",
            "reply_content": "\u6211\u7684\u963f\u5b24\u9084\u5728\u8aaa\u7537\u751f\u4e0d\u80fd\u54ed"
        },
        {
            "reply_id": "Ugwrd5JBYUVl4O68Jxp4AaABAg",
            "reply_content": "\u9996\u5148\u8981\u6709\u9999\u83c7\u982d"
        },
        {
            "reply_id": "UgzFpkHBTKxQ1x_FchR4AaABAg",
            "reply_content": "\u6700\u9ad8\u8d28\u91cf\u7684\u4e00\u96c6"
        },
        {
            "reply_id": "UgxcKNl7X64lpVN2dOR4AaABAg",
            "reply_content": "\u89ba\u9192\u662f\u6211\u5728\u8c93\u54aa\u5927\u6230\u722d\u6703\u505a\u7684\u4e8b"
        },
        {
            "reply_id": "UgxvDMbzasT9ykSH_-F4AaABAg",
            "reply_content": "\u660e\u8ed2\u7684\u60f3\u6cd5\u8ddf\u6211\u4e00\u6a23"
        },
        {
            "reply_id": "UgyIW9_XVlUQRHgN9WJ4AaABAg",
            "reply_content": "\u5982\u679c\u670d\u98fe\u5e97\u90fd\u662f\u96a8\u4fbf\u7684\u8a71\uff0c\u53ea\u662f\u9019\u8981\u600e\u9ebc\u642d\u914d\u8863\u670d"
        },
        {
            "reply_id": "UgySaslfSbcgHb7vzQx4AaABAg",
            "reply_content": "\u5c0f\u883b\u8170\u600e\u9ebc\u7df4\u7684\u600e\u9ebc\u7df4\u7684"
        },
        {
            "reply_id": "UgwQ0jyPEU0CBkD0V8V4AaABAg",
            "reply_content": "\u660e\u8ed2\u90a3\u7537\u751f\u60f3\u7a7f\u90a3\u7a2e\u7a7f\u642d\u53ef\u662f\u53c8\u4e0d\u6562\u90a3\u4f60\u5c0d\u4ed6\u5011\u6709\u4ec0\u9ebc\u5efa\u8b70\uff1f"
        },
        {
            "reply_id": "UgzZk3dUpeelgox0gY54AaABAg",
            "reply_content": "\u5c0d\u554a\uff01\u90a3\u6709\u7537\u751f\u4e00\u5b9a\u8981\u559c\u6b61\u85cd\u8272\u5973\u751f\u5c31\u4e00\u5b9a\u8981\u559c\u6b61\u7c89\u8272"
        },
        {
            "reply_id": "UgyumJEc801uS5GyEkt4AaABAg",
            "reply_content": "\u9748\u9b42\u662f\u6d41\u52d5\u7684 \u6c92\u6709\u5fc5\u8981\u7d66\u81ea\u5df1\u6253\u4e0a\u6a19\u7c64 \u7562\u7adf\u518d\u591a\u7684\u8a5e\u5f59\u90fd\u6c92\u6709\u8fa6\u6cd5\u5806\u780c\u51fa\u4e00\u500b\u5b8c\u6574\u7684\u4f60"
        },
        {
            "reply_id": "UgygsarZBVuJtg_K4yp4AaABAg",
            "reply_content": "\u4f46\u6709\u7684\u7537\u751f\u8aaa\u81ea\u5df1\u5973\u751f\u7136\u5f8c\u5f88\u4e09\u516b \u53ef\u662f\u5973\u751f\u4e26\u4e0d\u6703\u8ddf\u90a3\u7a2e\u4eba\u4e00\u6a23 \u6253\u8457\u662f\u5973\u751f\u7684\u540d\u7fa9\u5728\u90a3\u908a\u88dd\u82b1\u7661"
        },
        {
            "reply_id": "UgxckzX82_LYRVU_I7x4AaABAg",
            "reply_content": "\u6cf0\u570b\u6709\u5341\u5e7e\u500b\u6027\u5225"
        },
        {
            "reply_id": "UgxpckbZNVB8GZeikaB4AaABAg",
            "reply_content": "\u771f\u7684\u5f88\u559c\u6b61\u660e\u8ed2\u81ea\u4fe1\n\u60f3\u8981\u591a\u770b\u770b\u4f60\u7684\u7a7f\u642d\u5316\u599d"
        },
        {
            "reply_id": "Ugxfs159P1YynRyg0u54AaABAg",
            "reply_content": "\u4f60\u597d\u6f02\u4eae\u6211\u6709\u9ede\u7fa8\u6155"
        },
        {
            "reply_id": "Ugzv9aYZ6_piBHKwL6J4AaABAg",
            "reply_content": "\u4f60\u958b\u5fc3\u5c31\u597d"
        },
        {
            "reply_id": "UgykQ1FPvNcuymsIkM54AaABAg",
            "reply_content": "\u5c0d\u65bc\u9ad8\u7aef\u75ab\u82d7\u600e\u9ebc\u770b"
        },
        {
            "reply_id": "Ugx1dOBnGmDgp8mjqP94AaABAg",
            "reply_content": "\u53ef\u4ee5\u62cd\u4ee5\u524d\u9760\u5317\u6771\u897f\u7684\u7cfb\u5217\u55ce"
        },
        {
            "reply_id": "Ugz3zBL1g2Q3yQCDs194AaABAg",
            "reply_content": "\u5f88\u68d2\u7684\u89e3\u91cb"
        },
        {
            "reply_id": "Ugy9iii-lxmsOKXsSq54AaABAg",
            "reply_content": "\u807d\u4e0d\u61c2"
        },
        {
            "reply_id": "Ugy3o_mudzbFOJzDEhZ4AaABAg",
            "reply_content": "\u58bb\u570b\u7684\u4eba\u5c31\u559c\u6b61\u88ab\u820a\u601d\u60f3\u5974\u5f79"
        },
        {
            "reply_id": "UgyFOiNP3wJspIdjNDd4AaABAg",
            "reply_content": "\u54c7\u53ef\u4ee5\u7576\u8001\u5e2b"
        }
    ]
}