{
    "video_info": {
        "id": "3Zg-Jun1qS8",
        "channelTitle": "\u937e\u660e\u8ed2",
        "title": "\u539f\u4f86\u9019\u5c31\u662f\u7f8e\u570b\u751f\u6d3b\uff01",
        "description": "\u5730\u9435\u662f\u9ad2\u7684\n\u5783\u573e\u662f\u4e0d\u5206\u985e\u7684\n\u85dd\u8853\u662f\u6709\u4eba\u6b23\u8cde\u7684\n\u6771\u897f\u662f\u8cb4\u6b7b\u7684\n\u62c9\u4e01\u7f8e\u6d32\u4eba\u662f\u6211\u611b\u4e0a\u7684\n\u8857\u666f\u662f\u6c92\u6709\u919c\u7684\n\u767c\u9054\u7a0b\u5ea6\u662f\u6c92\u6709\u8a71\u8aaa\u7684\n\u4efb\u4f55\u614b\u5ea6\u662f\u4e0d\u7559\u9918\u5730\u7684\n\u53f0\u7063\u65b0\u805e\u5831\u7684\u5927\u591a\u90fd\u662f\u5047\u7684\n\n\u9019\u4e9b\u900f\u904e\u8089\u773c\u770b\u5230\u7684\n\u624d\u662f\u771f\u5be6\u7684",
        "likeCount": "22115",
        "commentCount": "2108",
        "viewCount": "742097"
    },
    "comments": [
        {
            "reply_id": "Ugz1fs89G2FC_oXumyN4AaABAg",
            "reply_content": "\u6240\u4ee5\u6211\u624d\u9019\u9ebc\u8a0e\u53ad\u53f0\u7063\u7684\u7532 \u6bcf\u500b\u90fd\u8ddf\u5c0f\u7c89\u7d05\u4e00\u6a23\u73bb\u7483\u5fc3"
        },
        {
            "reply_id": "UgzRVedsrysTNjQ5CqB4AaABAg",
            "reply_content": "\u53ef\u60b2"
        },
        {
            "reply_id": "UgwQikxWT7R_02R80dB4AaABAg",
            "reply_content": "\u5225\u4eba\u60f3\u4e0d\u60f3\u8ddf\u4f60\u6253\u90a3\u662f\u4ed6\u7684\u81ea\u7531\u8036 \u7a2e\u65cf\u6b67\u8996\u6709\u9ede\u904e\u5206\u4e86\u5427"
        },
        {
            "reply_id": "Ugw2WCgx8ynATTsr8Yh4AaABAg",
            "reply_content": "\u7532\u9b3c\u7532\u602a"
        },
        {
            "reply_id": "UgzZy-Zd3AtJxGauJNJ4AaABAg",
            "reply_content": "\u7f8e\u570b\u9f13\u52f5\u4eba\u56ae\u5f80\u90aa\u60e1"
        },
        {
            "reply_id": "UgzbQuS1uWbmrZwprUh4AaABAg",
            "reply_content": "\u6211\u89c9\u5f97\u660e\u8f69\u5f88\u9002\u5408\u62cd\u7167\u6b38"
        },
        {
            "reply_id": "UgwFD8-pVTUBrPXS3aB4AaABAg",
            "reply_content": "\u50cf\u6211\u5c31\u8a0e\u53ad\u90a3\u7a2e\u9577\u5f88\u5641\u7684\u540c\u5fd7"
        },
        {
            "reply_id": "UgzKbNwnzAuELs9Z1uV4AaABAg",
            "reply_content": "\u81ea\u5351\u7684\u4eba\u5c31\u662f\u6703\u89ba\u5f97\u5225\u4eba\u6253\u5f9e\u5fc3\u88e1\u6b67\u8996\u4ed6\uff0c\u5f9e\u5c0f\u88ab\u6b67\u8996\u6163\u4e86"
        },
        {
            "reply_id": "UgylEorAPPrvHhIv53B4AaABAg",
            "reply_content": "\u9019\u4ef6\u76f4\u689d\u6bdb\u8863\u597d\u597d\u770b"
        },
        {
            "reply_id": "Ugz16CZXX0LEymt1cI54AaABAg",
            "reply_content": "\u8b1d\u8b1d\u4f60\u70ba\u5fb7\u570b\u5973\u5b69\u4e0a\u4e86\u4e00\u8ab2\uff0c\u5b8c\u7f8e\u793a\u7bc4\u4ec0\u9ebc\u53eb\u7532\u9b3c\u7532\u602a"
        },
        {
            "reply_id": "UgxtQ15tE90gIZgNy3B4AaABAg",
            "reply_content": "\u6211\u89ba\u5f97\u5fb7\u570b\u4eba\u662f\u770b\u4f60\u4e0d\u7537\u4e0d\u5973\u89ba\u5f97\u5641\u5fc3\uff0c\u5225\u4e1f\u53f0\u7063\u4eba\u7684\u81c9\u4e86\u5427"
        },
        {
            "reply_id": "UgwyrcueoZQ5Hw6VYxV4AaABAg",
            "reply_content": "\u597d\u50cf\u5438\u8840\u9b3c"
        },
        {
            "reply_id": "Ugyx5dmUhi5B2QAgyhB4AaABAg",
            "reply_content": "\u6d3b\u5728\u81ea\u5df1\u7684\u4e16\u754c\u504f\u53ef\u6190"
        },
        {
            "reply_id": "UgwMoxj4-Lry0958MQ94AaABAg",
            "reply_content": "\u540c\u6027\u6200\u88ab\u6b67\u8996\u90fd\u662f\u4f60\u5bb3\u7684"
        },
        {
            "reply_id": "UgzhQVkcjtT6InJWlyJ4AaABAg",
            "reply_content": "\u6d3b\u5728\u81ea\u5df1\u7684\u4e16\u754c\u4eba\u771f\u7684\u5f88\u53ef\u60b2"
        },
        {
            "reply_id": "UgwP5PMZ33BLKQ6qujt4AaABAg",
            "reply_content": "\u6211\u89ba\u5f97\u4f60\u5df2\u7d93\u628a\u53f0\u7063\u7684\u81c9\u7d66\u4e1f\u5149\u4e86 \u8acb\u9589\u4e0a\u4f60\u7684\u7532\u5634"
        },
        {
            "reply_id": "Ugywx51Toxq-xGGLNOh4AaABAg",
            "reply_content": "\u6211\u89ba\u5f97\u4f60\u5f88\u626f"
        },
        {
            "reply_id": "Ugy08ZVBYp4MgjJnEYR4AaABAg",
            "reply_content": "\u53ef\u6190 \u9019\u6a23\u4f60\u8ddf\u4e2d\u570b\u4eba\u88ab\u5bb3\u5984\u60f3\u8aaa\u4e73\u83ef\u6839\u672c\u4e00\u6a23"
        },
        {
            "reply_id": "UgzHwJZRHdexx5fNkid4AaABAg",
            "reply_content": "\u8fd9\u4e00\u6bb5\u89c6\u9891\u8ba9\u6211\u770b\u5230\u6781\u5ea6\u7684\u4e0d\u81ea\u4fe1\u548c\u504f\u6267\u4f1a\u5f71\u54cd\u4e00\u4e2a\u4eba\u7684\u601d\u8003\u5230\u4ec0\u4e48\u7a0b\u5ea6\u3002"
        },
        {
            "reply_id": "UgxVb7gueE358ZF4V1Z4AaABAg",
            "reply_content": "\u6709\u5920\u53ef\u60b2"
        },
        {
            "reply_id": "UgxO78YECS9jN9aRWD94AaABAg",
            "reply_content": "\u6b38\u4e0d\u662f\u4f60\u82f1\u6587\u8b1b\u6210\u9019\u6a23\uff0c\u597d\u610f\u601d\u5634\u53f8\u6a5f\u4e0d\u6703\u8b1b\u82f1\u6587"
        },
        {
            "reply_id": "UgwWijpq7LWpp1DC4wt4AaABAg",
            "reply_content": "\u5979\u8aaa\u5979\u5f88\u9b06"
        },
        {
            "reply_id": "Ugz831ApGsuDNqYznbd4AaABAg",
            "reply_content": "\u6211\u76f4\u63a5\u8dd1\u6b65\u5687\u5230"
        },
        {
            "reply_id": "UgwFl3uXzinSjwdpQsZ4AaABAg",
            "reply_content": "\u7279\u5730\u8dd1\u4f86\u6309\u5012\u8b9a"
        },
        {
            "reply_id": "UgzO7bWYcVboTIp1a1J4AaABAg",
            "reply_content": "\u5c31\u662f\u4e00\u500b\u6c92\u8cea\u611f\u7684\u4eba\u60f3\u53bb\u7f8e\u570b\u5984\u60f3\u8b8a\u6210\u6709\u8cea\u611f\u7684\u4eba\uff0c\u53ef\u662f\u9aa8\u5b50\u88e1\u9084\u662f\u6c92\u8cea\u611f\u7684\u4eba"
        }
    ]
}