{
    "video_info": {
        "id": "59hr9IZ8bYs",
        "channelTitle": "\u937e\u660e\u8ed2",
        "title": "\u56de\u8986\u66b4\u6c11\u7684\u7559\u8a00\uff01",
        "description": "\u4e16\u4e0a\u552f\u4e00\u4e0d\u6703\u8b8a\u7684 \u5c31\u662f\u300e\u8b8a\u300f\n\n\u4f60\u559c\u6b61\u4ee5\u53ca\u4e0d\u559c\u6b61 \u662f\u4f86\u81ea\u4f60\u7684\u5b9a\u7fa9\n\n\u4f60\u7684\u5929\u6027\u3001\u751f\u9577\u74b0\u5883\u3001\u751f\u9577\u80cc\u666f\n\n\u90fd\u662f\u4fc3\u4f7f\u4f60\u6703\u4e0b\u51fa\u5b9a\u7fa9\u7684\u95dc\u9375\n\n\u6211\u4e4b\u524d\u5df2\u5206\u4eab\u904e\u4e00\u500b\u771f\u7406\n\n\u300e\u9053\u5fb7\u662f\u4eba\u70ba\u7684\u7522\u7269\uff0c\u5b87\u5b99\u5f9e\u4f86\u4e0d\u5224\u65b7\u4ec0\u9ebc\u3002\u300f\n\n\u610f\u601d\u662f \u4f60\u7684\u4f5c\u70ba\u6c92\u6709\u5c0d\u932f\n\n\u56e0\u70ba\u7962\u5df2\u662f\u300e\u5b8c\u7f8e\u300f\n\n\u6211\u5011\u8981\u505a\u7684\n\n\u53ea\u6709\u7e7c\u7e8c\u7d93\u9a57\u300e\u4f60\u771f\u6b63\u662f\u8ab0\u300f",
        "likeCount": "27642",
        "commentCount": "2841",
        "viewCount": "657884"
    },
    "comments": [
        {
            "reply_id": "UgwL_gvA6-J0l5hRtoR4AaABAg",
            "reply_content": "\u6709\u8a0e\u53ad\u4f60\u7684\u4eba\u5c31\u6709\u559c\u6b61\u4f60\u7684\u4eba"
        },
        {
            "reply_id": "Ugw9nCBwZJGmFejRlIV4AaABAg",
            "reply_content": "\u5f9e\u9019\u90e8\u5f71\u7247\u6211\u6162\u6162\u4e86\u89e3\u98fc\u990a\u54c1\u7a2e\u5bf5\u7269\u7684\u67d0\u90e8\u4efd\u5fc3\u614b\uff0c\u8b1d\u8b1d\u4f60"
        },
        {
            "reply_id": "UgxyOrjpTyIv4MFWOqt4AaABAg",
            "reply_content": "\u6211\u652f\u6301\u660e\u8ed2\u7684\u60f3\u6cd5"
        },
        {
            "reply_id": "Ugyh9bEQy6iSB6sNVT54AaABAg",
            "reply_content": "\u4e0d\u8981\u96e3\u904e\u4e86"
        },
        {
            "reply_id": "UgyBciSfBcGxxRmaSa14AaABAg",
            "reply_content": "\u660e\u8ed2\u7684\u8c93\u88ab\u62b1\u8d77\u4f86\u6642\u4e00\u81c9\u76df\u903c\u8036"
        },
        {
            "reply_id": "Ugxfe0YEdWn_ZOAZ3U94AaABAg",
            "reply_content": "\u9019\u500b\u4e16\u4ee3\u8b19\u865b\u4e0d\u6703\u6210\u529f"
        },
        {
            "reply_id": "UgwqI2MH2HbjHCOoB654AaABAg",
            "reply_content": "\u9760\u676f\u4ed6\u7b11\u7684\u8072\u97f3\u6211\u7b11\u4e00\u6b21"
        },
        {
            "reply_id": "Ugy4cn9BEjxaE2RHEhR4AaABAg",
            "reply_content": "\u6211\u89ba\u5f97\u4f60\u5f88\u597d\u7b11"
        },
        {
            "reply_id": "UgznWspRn7u7b8L4q4B4AaABAg",
            "reply_content": "\u8c93\u54aa\u53ef\u611b"
        },
        {
            "reply_id": "Ugw0ckvEAfmrRWP6JYh4AaABAg",
            "reply_content": "\u9019\u96c6\u8d85\u597d\u7b11"
        },
        {
            "reply_id": "UgwNmguSnAS_DZzZ1bV4AaABAg",
            "reply_content": "\u9577\u592a\u597d\u770b\u4e86\u62c9"
        },
        {
            "reply_id": "UgxmcI-n774YPSE0V714AaABAg",
            "reply_content": "\u6211\u89ba\u5f97\u9418\u660e\u8ed2\u771f\u7684\u5f88\u6f02\u4eae"
        },
        {
            "reply_id": "Ugy3gSALkjL5136e1Tt4AaABAg",
            "reply_content": "\u771f\u7684\u919c\u4eba\u591a\u505a\u602a"
        },
        {
            "reply_id": "Ugz-_czRdC7fUGCL2sF4AaABAg",
            "reply_content": "\u4f60\u8d85\u68d2\u7684"
        },
        {
            "reply_id": "Ugx0ApmZS7237YBsCdR4AaABAg",
            "reply_content": "\u4e0d\u7528\u7406\u4ed6\u5011\u597d\u597d\u505a\u81ea\u5df1"
        },
        {
            "reply_id": "UgxhVVRkUty2yozfkLl4AaABAg",
            "reply_content": "\u9019\u5f71\u7247\u7a7f\u5f97\u5f88\u512a\u96c5"
        },
        {
            "reply_id": "UgwLQQH0cT680To5J-Z4AaABAg",
            "reply_content": "\u5982\u679c\u6709\u4eba\u7f75\u660e\u8ed2\u6211\u6703\u751f\u6c23"
        },
        {
            "reply_id": "Ugzc0uvKn5t3FnnlAId4AaABAg",
            "reply_content": "\u6211\u89ba\u5f97\u660e\u8ed2\u9019\u6b21\u7684\u9aee\u578b\u5f88\u597d\u770b"
        },
        {
            "reply_id": "UgzvXrGLejEb5zgMSC54AaABAg",
            "reply_content": "\u721b\u5f71\u7247"
        },
        {
            "reply_id": "UgxR7kgCl_39Dn-nRrV4AaABAg",
            "reply_content": "\u62dc\u8a17\u53f0\u7063\u7684\u4eba\u6c11\u5728\u4e0d\u7406\u89e3\u548c\u77ad\u89e3\u7684\u60c5\u6cc1\u8acb\u9589\u5634\u5c11\u7ba1\u9592\u4e8b\u597d\u55ce"
        },
        {
            "reply_id": "Ugy38NDXb8D_jwRy3Vd4AaABAg",
            "reply_content": "\u6709\u75c5"
        },
        {
            "reply_id": "UgzzFLAmZI9vP-6yVMd4AaABAg",
            "reply_content": "\u8acb\u7206\u6c11\u4e0d\u8981\u653b\u64ca\u660e\u8ed2"
        },
        {
            "reply_id": "UgwypHTLk-BCpPg5nU94AaABAg",
            "reply_content": "\u4f60\u6709\u53bb\u72fc\u4eba\u6bba\u6211\u6709\u770b\u5230"
        },
        {
            "reply_id": "UgxQVQEwfvKUyLTIT094AaABAg",
            "reply_content": "\u6c38\u9060\u652f\u6301\u4f60"
        },
        {
            "reply_id": "UgwUzT82_iUB5OeX8KV4AaABAg",
            "reply_content": "\u96a8\u4fbf\u5566"
        }
    ]
}