{
    "video_info": {
        "id": "6uhFehaInUA",
        "channelTitle": "\u937e\u660e\u8ed2",
        "title": "\u4e00\u500b\u4eba\u96e2\u958b\u53f0\u7063\uff01",
        "description": "\u7121\u6cd5\u78ba\u5b9a\u81ea\u5df1\u5269\u4e0b\u7684\u4eba\u751f\u58fd\u547d\n\u90a3\u5c31\u8ce6\u4e88\u63a5\u4e0b\u4f86\u7684\u751f\u6d3b\u610f\u7fa9 \n\u800c\u4e14\u6700\u597d\u662f\u300e\u7576\u4e0b\u300f \n_ _ _\n\u6bcf\u6b21\u53ea\u8981\u4e00\u96e2\u958b\u53f0\u7063\u672c\u5cf6 \n\u5c31\u6703\u6709\u4e00\u7a2e\u7a81\u5982\u5176\u4f86\u7684\u653e\u9b06\u611f\u704c\u6eff\u5168\u8eab\n\u9019\u4e00\u6b21\u7684\u96e2\u958b\u8ddf\u5f80\u5e38\u6c92\u6709\u4ec0\u9ebc\u592a\u5927\u7684\u5dee\u7570\u6027\n\u90fd\u662f\u5c6c\u65bc\u8aaa\u8d70\u5c31\u8d70\u7684\u6a21\u5f0f\n\u5f88\u6176\u5e78\u5230\u73fe\u5728\u6211\u4f9d\u7136\u662f\u4e00\u500b\u4eba\u5728\u9762\u5c0d\u4e16\u754c\n\u60b2\u662f\u81ea\u5df1\u7684 \u6a02\u662f\u81ea\u5df1\u7684 \u5b78\u5230\u7684\u662f\u81ea\u5df1\u7684 \u5b64\u7368\u611f\u662f\u81ea\u5df1\u7684\n\n\u800c\u627e\u5c0b\u89e3\u7b54...\u4e5f\u7d42\u7a76\u6703\u662f\u81ea\u5df1\u7684\u4e8b\n\n\u53cd\u6b63\u6d3b\u8457\u5c31\u662f\u4e00\u76f4\u4e0d\u65b7\u7684\u5728\u672a\u77e5\u88e1\n\u63a2\u7a76\u90a3\u5c6c\u65bc\u81ea\u5df1\u7684\u6700\u4f73\u89e3\u7b54\u4e0d\u662f\u55ce\uff1f\n\n\u5c31\u795d\u5404\u4f4d\u73a9\u5bb6\u73a9\u5f97\u6109\u5feb\u56c9\uff5e Love you\ud83d\ude18\n\n\uff3f\n\u5f71\u7247\u4e2d\u7528\u5230\u7684\u97f3\u6a02\uff1aSong : \uc0db\ubcc4 - Strawberry flavor love \u8349\u8393\u5473\u7684\u611b\n    \u63a8\u5ee3\uff1aJ&B\u7121\u7248\u6b0a\u97f3\u6a02\u5eab https://bit.ly/2YfWIhw \n\n\n\u97f3\u6a02\u5275\u4f5c\u8005 : Yummy Flavor by Umbrtone\n    \u63a8\u5ee3\uff1aJ&B\u7121\u7248\u6b0a\u97f3\u6a02\u5eab  https://bit.ly/2YfWIhw \n    \u5f71\u7247\u9023\u7d50 :  https://youtu.be/nF7_pER_BTk\n\n\nAudio Source\uff1aProd by LuKremBo\n   Promoted by\uff1aJ&B\u7121\u7248\u6b0a\u97f3\u6a02\u5eab\n\n\nAudio Source : Enjoy every moment by Chiro  \n    Address : https://bit.ly/3l7WWzZ\n    Promoted by\uff1aJ&B \u7121\u7248\u6b0a\u97f3\u6a02\u5eab\n\nSong : \uc0db\ubcc4 - Cozy Place\n    \u63a8\u5ee3\uff1aJ&B\u7121\u7248\u6b0a\u97f3\u6a02\u5eab https://bit.ly/2YfWIhw \n\nSong : \uc0db\ubcc4 \u2013 Kitty \n    \u63a8\u5ee3\uff1aJ&B\u7121\u7248\u6b0a\u97f3\u6a02\u5eab  https://bit.ly/2YfWIhw",
        "likeCount": "30313",
        "commentCount": "1387",
        "viewCount": "1092540"
    },
    "comments": [
        {
            "reply_id": "UgzeKcGnmW-AqvLiaY94AaABAg",
            "reply_content": "\u6211\u60f3\u770b\u770b\u4f60\u62cd\u53bb\u91d1\u9580"
        },
        {
            "reply_id": "UgzbYsqCoG_YiM1C6Th4AaABAg",
            "reply_content": "\u5c41\u5c41\u8ddf\u96de\u96de"
        },
        {
            "reply_id": "UgwxRaDvSrsh7DDxsZB4AaABAg",
            "reply_content": ""
        },
        {
            "reply_id": "UgyQ7HBUvPMIlM84v6t4AaABAg",
            "reply_content": "\u8acb\u554f\u662f\u54ea\u5bb6\u65c5\u793e"
        },
        {
            "reply_id": "UgzhiBB0fGkBq7U7WWN4AaABAg",
            "reply_content": "\u4ec0\u7d93\u75c5"
        },
        {
            "reply_id": "UgwQyaHtUbynAW90Zbp4AaABAg",
            "reply_content": "\u660e\u8ed2\u7684\u5f71\u7247\u7a7f\u642d\u7b49\u7b49\u771f\u7684\u90fd\u5f88\u6709\u8cea\u611f"
        },
        {
            "reply_id": "Ugyb-1SYEoWIG5Tx_TV4AaABAg",
            "reply_content": "\u7fa9\u5927\u5229\u9eb5\u90a3\u6bb5\u7591\u60d1\u773c\u795e\u6211\u76f4\u63a5\u7b11\u6b7b"
        },
        {
            "reply_id": "UgysIGQnn2hDPwd7ZZJ4AaABAg",
            "reply_content": "\u6211\u8d85\u559c\u6b61\u660e\u8ed2"
        },
        {
            "reply_id": "UgxWCH3ip_SxCWPpHit4AaABAg",
            "reply_content": "\u4e0d\u7537\u4e0d\u5973\u7684"
        },
        {
            "reply_id": "UgwndG_6AZOunAPBx154AaABAg",
            "reply_content": "\u4f60\u8aaa\u81fa\u8a9e\u771f\u597d\u807d"
        },
        {
            "reply_id": "UgxWDd4W11LIqcIuOrd4AaABAg",
            "reply_content": "\u5f88\u5feb\u6a02\u5416"
        },
        {
            "reply_id": "UgwyI6jOxT1O5ykncf94AaABAg",
            "reply_content": "\u54c8\u54c8\u597d\u6709\u610f\u601d"
        },
        {
            "reply_id": "UgwEEAWFgEA1SMp4xEF4AaABAg",
            "reply_content": "\u6211\u4e5f\u611b\u62b9\u8336\u90a3\u63d0"
        },
        {
            "reply_id": "UgyYTAssxY9rH8JPNTd4AaABAg",
            "reply_content": "\u9b13\u89d2\u6709\u788e\u6bdb"
        },
        {
            "reply_id": "UgwiRVaWmC512KkOU814AaABAg",
            "reply_content": "\u7b28\u86cb\u9418\u660e\u8ed2\u96e2\u958b\u53f0\u7063\u662f\u5c0d\u7684\u8036"
        },
        {
            "reply_id": "Ugzb8AmA76vgONnTuNl4AaABAg",
            "reply_content": "\u4f60\u4e0d\u7528\u7576\u5175\u55ce"
        },
        {
            "reply_id": "UgyQIIlHtmz-5XEF4VZ4AaABAg",
            "reply_content": "\u540c\u5b78\u70ba\u4f60\u5c0e\u89bd"
        },
        {
            "reply_id": "Ugw5G2jQeU4wLc_4SjN4AaABAg",
            "reply_content": "\u53ef\u4ee5\u4f86\u6211\u5011\u99ac\u7956\u5bb6\u9109\u55ce"
        },
        {
            "reply_id": "UgyDNhPKhWOWzbAODvx4AaABAg",
            "reply_content": "\u8b1d\u8b1d\u4f60\u7684\u5b58\u5728"
        },
        {
            "reply_id": "UgwrKpNwQDCBetDI1qF4AaABAg",
            "reply_content": "\u54c7\u5de5\u696d\u98a8\u7684\u4f4f\u6240\u8d85\u8b9a"
        },
        {
            "reply_id": "UgwrJjwAQHWGhQJNx8t4AaABAg",
            "reply_content": "\u53c8\u51fa\u4f86\u4e1f\u81c9\u4e86\u5594"
        },
        {
            "reply_id": "Ugzuor67uq-6d8cDg5V4AaABAg",
            "reply_content": "\u613f\u4f60\u6c38\u8fdc\u5feb\u4e50"
        },
        {
            "reply_id": "Ugyah8EXYv9MjE6KkMt4AaABAg",
            "reply_content": "\u4f60\u5f88\u50cf\u4e09\u6027"
        },
        {
            "reply_id": "Ugz8Zi3oqoE7M2fOfd94AaABAg",
            "reply_content": "\u5feb\u6efe"
        },
        {
            "reply_id": "Ugy7VLsnnsjxw4vKhs14AaABAg",
            "reply_content": "\u4eba\u751f\u591a\u5c11\u4eba\u4e00\u8f29\u5b50\u80fd\u771f\u6b63\u505a\u81ea\u5df1\u4eab\u53d7\u81ea\u5df1\u4eba\u751f\u5480\u56bc\u81ea\u5df1\u7684\u6bcf\u4e00\u5929\u4f46\u660e\u8ed2\u505a\u5230\u4e86"
        }
    ]
}