{
    "video_info": {
        "id": "a9-xKo3mrxM",
        "channelTitle": "\u937e\u660e\u8ed2",
        "title": "\u539f\u4f86\u6211\u6709\u7d93\u7d00\u4eba\uff01",
        "description": "\u5728\u81ea\u5df1\u81ea\u5351\u611f\u9084\u53ef\u5f9e\u5916\u89c0\u4e0a\u5bdf\u89ba\u51fa\u4f86\u6642\uff0c\u6211\u8a8d\u8b58\u4e86\u4ed6\u3002\n\n\u672c\u4f86\u53ef\u4ee5\u53ea\u662f\u670b\u53cb\u7684\uff0c\n\u4e5f\u672c\u4f86\u53ef\u4ee5\u53ea\u662f\u500b\u904e\u8def\u4eba\u3002\n\n\u4ed6\u653e\u68c4\u4e86\u539f\u672c\u7684\u6b63\u8077\uff0c\n\u8f49\u63db\u8dd1\u9053\u7d93\u71df\u4e00\u584a\u81ea\u5df1\u4f3c\u4e4e\u4e0d\u662f\u5f88\u5c08\u9577\u7684\u9818\u5730\u3002\n\u6bcf\u6b21\u804a\u5230\u9019\u985e\u8a71\u984c\u6216\u6211\u958b\u59cb\u5728\u81ea\u6211\u61f7\u7591\u6642\uff0c\u4ed6\u7e3d\u662f\u6703\u8aaa\n\uff1a\u300e\u6211\u4f9d\u7136\u89ba\u5f97\u937e\u660e\u8ed2\u53ef\u4ee5\u767c\u51fa\u4e0d\u4e00\u6a23\u7684\u5149\u3002\u300f\n\n\u8eab\u70ba\u937e\u660e\u8ed2\u672c\u4eba\uff0c\u6211\u771f\u7684\u4e0d\u77e5\u9053\u4ed6\u8aaa\u7684\u5149\u5230\u5e95\u662f\u4ec0\u9ebc\u5149\uff0c\n\u4f46\u56e0\u70ba\u4ed6\u7684\u773c\u795e\u662f\u975e\u5e38\u8a8d\u771f\u7684\u5728\u8aaa\u9019\u4e9b\u70cf\u6258\u90a6\u5f0f\u8a9e\u8a00\uff0c\n\u6211\u78ba\u5be6\u88ab\u8ff7\u4f4f\u3002\u6211\u4e5f\u6e05\u695a\u77e5\u9053\u81ea\u5df1\u975e\u5e38\u9700\u8981\u9019\u7a2e\u6c92\u6709\u7b54\u6848\u7684\u7b54\u6848\uff0c\n\u7562\u7adf\u5c04\u624b\u5ea7\u561b\uff0c\u5982\u679c\u6709\u4e00\u7a2e\u7b54\u6848\u662f\u6211\u53ef\u4ee5\u99ac\u4e0a\u611f\u89ba\u5230\u6216\u60f3\u50cf\u5230\u7684\uff0c\n\u4e00\u53e5\u8a71\uff01\uff01\uff01\n\u771f\u7684\u6c92\u8208\u8da3\u3002\n\n\u5982\u4eca\u4ed633\u6b72\u8cb7\u4e86\u5c6c\u65bc\u81ea\u5df1\u7684\u623f\u5b50\uff0c\n\u8eab\u70ba\u4ed6\u7684\u670b\u53cb\u6211\u975e\u5e38\u958b\u5fc3\u53ef\u4ee5\u7d00\u9304\u4ed6\u6b64\u523b\u4eba\u751f\u7684\u6210\u679c\uff0c\n\u96d6\u7136\u6211\u4e0d\u6e05\u695a\u4ed6\u7684\u7ae5\u5e74\u906d\u9047\u6709\u591a\u5614\u5fc3\u701d\u8840\u3001\n\u4e5f\u4e0d\u6e05\u695a\u4ed6\u7684\u5bb6\u4eba\u662f\u5982\u4f55\u89c0\u770b\u300e\u4ed6\u300f\u9019\u500b\u4eba\u3002\n\n\u6211\u4f9d\u7136\u53ea\u76f8\u4fe1\u6211\u770b\u5230\u7684\uff0c\u4e5f\u628a\u300e\u53ea\u807d\u6545\u4e8b\u8a8d\u8b58\u4eba\u300f\u7684\u6280\u80fd\u6536\u4e86\u8d77\u4f86\u3002\n\u6211\u53ea\u77e5\u9053\u6211\u5011\u5728\u5f7c\u6b64\u7684\u4eba\u751f\u9053\u8def\u4e0a\uff0c\u78ba\u5be6\u64c1\u6709\u4e86\u5f7c\u6b64\u3002",
        "likeCount": "20515",
        "commentCount": "956",
        "viewCount": "519738"
    },
    "comments": [
        {
            "reply_id": "UgziMSKeGN4bu6GYeud4AaABAg",
            "reply_content": "\u4f46\u9858\u9019\u500b\u7d93\u7d00\u4eba\u4e0d\u8981\u88ab\u570b\u969b\u611b\u6ecb\u6bd2\u7532\u8ed2\u611f\u67d3\u611b\u6ecb"
        },
        {
            "reply_id": "UgyChUA7OT1U7GgZ6ep4AaABAg",
            "reply_content": "\u8877\u5fc3\u606d\u559c\u4f60\u4eba\u751f\u6709\u9019\u6a23\u7684\u4e00\u500b\u4f2f\u6a02"
        },
        {
            "reply_id": "Ugy9yo2brvpKaw-ztL14AaABAg",
            "reply_content": "\u660e\u8ed2\u9019\u6a23\u5f88\u53ef\u611b\u5f88\u6f02\u4eae"
        },
        {
            "reply_id": "UgyK3yRkdN9BdSHq5Bl4AaABAg",
            "reply_content": "\u771f\u7684\u6211\u4e5f\u5f88\u559c\u6b61\u4ed6"
        },
        {
            "reply_id": "Ugwrc2Qa4kDHztEsLBl4AaABAg",
            "reply_content": "\u559c\u6b22\u5b89\u5ba4\u5948\u7f8e\u60e0\u7684\u90fd\u4e0d\u4f1a\u5dee\u52b2"
        },
        {
            "reply_id": "UgzF8QJmJjT1RncAEpJ4AaABAg",
            "reply_content": "\u7d93\u7d00\u4eba\u975e\u5e38\u5e25"
        },
        {
            "reply_id": "Ugy7m_omfkko38Y1Mq94AaABAg",
            "reply_content": "\u7ecf\u7eaa\u4eba\u559c\u6b22\u718a\u5427"
        },
        {
            "reply_id": "UgyfLSFCEXVidsPT9194AaABAg",
            "reply_content": "\u5ec1\u6240\u885b\u751f\u7d19\u8ddf\u6211\u5bb6\u4e00\u6478\u4e00\u6a23"
        },
        {
            "reply_id": "UgwRRxbjqGJsg3spTx14AaABAg",
            "reply_content": "\u7d93\u7d00\u4eba\u7684\u641c\u96c6\u883b\u5f37\u7684"
        },
        {
            "reply_id": "UgxSEPPUjBkPnKXcrxJ4AaABAg",
            "reply_content": "\u6797\u6b63\u76f4\u8001\u5e2b\u5f88\u597d"
        },
        {
            "reply_id": "UgyOdiYKuCx6KZJ3H-d4AaABAg",
            "reply_content": "\u770b\u5b8c\u7f8e\u570b\u518d\u4f86\u770b\u9019\u88e1 \u771f\u7684\u89ba\u5f97\u4f60\u5f88\u5584\u826f\u53ef\u611b"
        },
        {
            "reply_id": "Ugw_7X_3VI3OXWLKYSJ4AaABAg",
            "reply_content": "\u5012\u8b9a\u560d\u7532\u7532"
        },
        {
            "reply_id": "UgyqDzxsnIP0qhiBKzh4AaABAg",
            "reply_content": "\u9019\u6a23\u8ddf\u7d93\u7d00\u4eba\u8b1b\u8a71\u6c92\u6709\u6b67\u8996\u55ce"
        },
        {
            "reply_id": "UgxHHZCN4YdSeVdDptl4AaABAg",
            "reply_content": "\u660e\u8ed2\u9047\u5230\u8cb4\u4eba\u4e86"
        },
        {
            "reply_id": "Ugw4b6OVxmeqMZgGNEd4AaABAg",
            "reply_content": "\u5728\u4e00\u8d77"
        },
        {
            "reply_id": "UgzPDmtiiJiQ1lEv7kR4AaABAg",
            "reply_content": "\u7ecf\u7eaa\u4eba\u8fd9\u4ef6\u8863\u670d\u662f\u4ec0\u4e48\u724c\u5b50"
        },
        {
            "reply_id": "UgwXXu31qzbR1vNQ2EZ4AaABAg",
            "reply_content": "\u4f2f\u6a02\u7e3d\u662f\u9047\u5230\u5343\u91cc\u99ac"
        },
        {
            "reply_id": "UgyFKtXhUvfu9i4u3XF4AaABAg",
            "reply_content": "\u4ed6\u6eff\u5e25\u7684"
        },
        {
            "reply_id": "Ugz0lYPJwOgVg9Gq_VB4AaABAg",
            "reply_content": "\u8fd9\u6837\u60fa\u60fa\u76f8\u60dc\u7684\u53cb\u8c0a\u771f\u7684\u597d\u611f\u4eba"
        },
        {
            "reply_id": "Ugy6d4AKYIMM_hPA_El4AaABAg",
            "reply_content": "\u53c8\u51fa\u4f86\u4e1f\u81c9\u4e86\u5594"
        },
        {
            "reply_id": "Ugye4bD2SZ_8NQBLdYl4AaABAg",
            "reply_content": "\u7d93\u7d00\u4eba\u7684\u6210\u9577\u6b77\u7a0b\u6709\u9ede\u9f3b\u9178"
        },
        {
            "reply_id": "UgzuSlIrqlxvGpLGb2B4AaABAg",
            "reply_content": "\u52a0\u6cb9"
        },
        {
            "reply_id": "UgwpoF9DWp2uRNOzRjJ4AaABAg",
            "reply_content": "\u7d93\u7d00\u4eba\u5f88\u68d2\u6b38"
        },
        {
            "reply_id": "UgyQlMwDZPJR2XVr3w54AaABAg",
            "reply_content": "\u7ecf\u7eaa\u4eba\u662f\u559c\u718a\u7684\u5417"
        },
        {
            "reply_id": "Ugwu0bLchkBCfs5L9Qh4AaABAg",
            "reply_content": "\u4f60\u7684\u5f00\u573a\u767d\u8ba9\u6211\u60f3\u8981\u4e00\u5df4\u638c\u6247\u8fc7\u53bb\u62cd\u6b7b"
        }
    ]
}