{
    "video_info": {
        "id": "aFHmeJzq03g",
        "channelTitle": "\u937e\u660e\u8ed2",
        "title": "\u672c\u8a72\u662f\u6211\u914d\u97f3\u7684!!",
        "description": "\u8fd1\u671f\u5728\u751f\u6d3b\u4e2d\u53ea\u8981\u770b\u5230\u9b3c\u6ec5\u7684\u6d77\u5831\u3001\u5ee3\u5834\u87a2\u5e55\u4e0a\u7684\u96fb\u5f71\u9810\u544a\u3001\u793e\u7fa4\u5a92\u9ad4\u4e0a\u540c\u5b78\u5011\u7684\u591a\u7bc7\u5f71\u5f8c\u5206\u4eab\u6587\uff0c\u6211\u5167\u5fc3\u7684\u4e0d\u723d\u611f\u5c31\u6703\u518d\u5ea6\u88ab\u6311\u8d77\u3002\n\n\u660e\u660e\u610f\u7fa9\u50f9\u503c\u9019\u9ebc\u9ad8\u7684\u5408\u4f5c\uff0c\u53ea\u56e0\u4e00\u4f4d\u5931\u6557\u4eba\u985e\u7684\u5e7e\u53e5\u5931\u6557\u8a71\uff0c\u76f4\u63a5\u88ab\u65ac\u65b7\uff0c\n\u8aaa\u5be6\u5728\u7684\uff0c\u6211\u5230\u73fe\u5728\u9084\u662f\u89ba\u5f97\u5f88\u4e0d\u53ef\u601d\u8b70\u3002\n\n\u771f\u662f\u5fc3\u75bc\u5e95\u4e0b\u52aa\u529b\u4fc3\u6210\u9019\u6b21\u5408\u4f5c\u7684\u5de5\u4f5c\u4eba\u54e1\uff0c\n\u53ea\u80fd\u8aaa\uff0c\u4f60\u5011\u7684\u5de5\u4f5c\u771f\u662f\u8f9b\u82e6\u3002\n\n\u671f\u5f85\u90a3\u4e9b\u63e1\u6709\u6b0a\u529b\u53c8\u6703\u4ee5\u4e0a\u5c0d\u4e0b\u7684\u8001\u5e74\u4eba\u5011\u5118\u65e9\u96e2\u958b\u9019\u500b\u4e16\u754c\u4e0a\uff0c\n\u9019\u9846\u661f\u7403\uff0c\u4e0d\u9069\u5408\u4f60\u3002",
        "likeCount": "42957",
        "commentCount": "18349",
        "viewCount": "1852265"
    },
    "comments": [
        {
            "reply_id": "Ugzf43ItjApVzx_Z3kV4AaABAg",
            "reply_content": "\u81c9\u76ae\u539a\u5230\u65e5\u4e4b\u547c\u5438\u4e5f\u780d\u4e0d\u7a7f"
        },
        {
            "reply_id": "UgxVkIjhm2PE7By8u1B4AaABAg",
            "reply_content": "\u6b38\u5e79\u7a7f\u5c71\u7532\u6b38"
        },
        {
            "reply_id": "UgxMkrdTY2szqWsaAAV4AaABAg",
            "reply_content": "\u6211\u4e0d\u4e86\u89e3\u53f0\u914d\u6211\u90fd\u807d\u65e5\u914d\u3001\u4f46\u6211\u662f\u771f\u5fc3\u89ba\u5f97\u4f60\u4e0d\u914d\u3002\u662f\u975e\u591a\u7684\u7db2\u7d05\u7576\u7136\u548c\u5168\u4e16\u754c\u516c\u8a8d\u7684\u52d5\u6f2b\u5c64\u6b21\u4e0d\u4e00\u6a23\u3001\u4e8c\u529f\u5e95\u4e5f\u4e0d\u8db3\u914d\u97f3\u88e1\u6c92\u6709\u628a\u81ea\u5df1\u6295\u5165\u4e5f\u6c92\u6709\u60c5\u611f\u3001\u4e09\u6c92\u6709\u8208\u8da3\u4e5f\u4e0d\u770b\u52d5\u6f2b\u4f46\u786c\u8981\u914d\u540c\u7b49\u62ff\u69b4\u69e4\u585e\u5c41\u773c \u6211\u5011\u770b\u7684\u4eba\u96e3\u53d7\u807d\u4e86\u4e5f\u4e0d\u8212\u670d"
        },
        {
            "reply_id": "Ugwy9Dft1hhuXNxU_h94AaABAg",
            "reply_content": "\u837c\u6bd2\u9b3c\u6ec5"
        },
        {
            "reply_id": "UgxXzLe-9sQ5dzIMbjF4AaABAg",
            "reply_content": "\u5236\u4f5c\u4eba\u82f1\u660e"
        },
        {
            "reply_id": "UgyPMG_IIBLZQKGgpfV4AaABAg",
            "reply_content": "\u9b58\u5922\u8981\u7b49\u5225\u7684\u96fb\u5f71\uff0c\u9b3c\u6ec5\u4e4b\u5203\u662f\u8981\u4f60\u914d\u97f3\u5922\u9b58\u6240\u4ee5\u5225\u96e3\u904e"
        },
        {
            "reply_id": "UgwpLzdLhYdkcFLVuSd4AaABAg",
            "reply_content": "\u7b11\u6b7b\u9084\u6709\u4eba\u5728\u770b\u55ce\uff0c\u5169\u5e74\u524d\u770b\u904e\u56de\u4f86\u8907\u7fd2\u4e00\u4e0b"
        },
        {
            "reply_id": "Ugz8K2Q0xtxtZ4MB7f54AaABAg",
            "reply_content": "\u8acb\u554f\u9019\u88e1\u662f\u7d71\u795e\u7aef\u706b\u934b\u4fee\u5fa9\u524d\u4fee\u5fa9\u5f8c\u5c0d\u6bd4\u55ce"
        },
        {
            "reply_id": "UgwNlodrb_WORMrFzr94AaABAg",
            "reply_content": "\u919c\u4eba\u591a\u4f5c\u602a"
        },
        {
            "reply_id": "Ugyd5U2DLZufsRZkgn54AaABAg",
            "reply_content": "\u6211\u771f\u7684\u662f\u539f\u5730\u5687\u5230\u8036"
        },
        {
            "reply_id": "Ugyntxy0LHMQ943RD8J4AaABAg",
            "reply_content": "\u4eba\u5996"
        },
        {
            "reply_id": "Ugy-yOu05t1EpucBWaB4AaABAg",
            "reply_content": "\u8ddf\u5728\u5538\u7a3f\u6c92\u5169\u6a23"
        },
        {
            "reply_id": "Ugz4KzONX2YSwWpGIWJ4AaABAg",
            "reply_content": "\u8d85\u53ef\u60b2\u70ba\u4ec0\u9ebc\u9019\u4eba\u80fd\u7834\u767e\u842c"
        },
        {
            "reply_id": "UgzIdcMHKUYaxYW8sxh4AaABAg",
            "reply_content": "\u4f60\u914d\u97f3\u7684\u8bdd\u6362\u6211\u4eec\u96be\u8fc7"
        },
        {
            "reply_id": "Ugy_7j2xshdcBNdxp2l4AaABAg",
            "reply_content": "\u5e78\u597d\u4e0d\u662f\u4f60\u914d\u97f3"
        },
        {
            "reply_id": "UgxdOYttHSzwl7K0Knx4AaABAg",
            "reply_content": "\u53ef\u6190"
        },
        {
            "reply_id": "Ugzub4XmXul8ou4I3ZJ4AaABAg",
            "reply_content": "\u5e78\u597d\u4f60\u6ca1\u6709\u914d"
        },
        {
            "reply_id": "UgxedM-z5t-BiE_p6EB4AaABAg",
            "reply_content": "\u4e0d\u8981\u8138"
        },
        {
            "reply_id": "UgwAC93GpqbibmKG7ZJ4AaABAg",
            "reply_content": "\u81ea\u6211\u610f\u8b58\u592a\u5f37"
        },
        {
            "reply_id": "Ugwerb1IzljcantJdcN4AaABAg",
            "reply_content": "\u53ef\u6190"
        },
        {
            "reply_id": "Ugz5QAA3vqw4lmgx7dd4AaABAg",
            "reply_content": "\u6240\u4ee5\u4f60\u70ba\u4ec0\u9ebc\u53ef\u4ee5\u78ba\u8a8d\u5931\u6557\u7684\u4eba\u985e\u548c\u7e3d\u7d93\u7406\u662f\u597d\u670b\u53cb\uff1f"
        },
        {
            "reply_id": "UgxAmay6uRsCEu_1iPN4AaABAg",
            "reply_content": "\u6df7\u86cb"
        },
        {
            "reply_id": "Ugzh1FNcxA61L8YnETd4AaABAg",
            "reply_content": "\u5594\u662f\u5594"
        },
        {
            "reply_id": "UgyeokWZ_L3vknRGmc54AaABAg",
            "reply_content": "\u771f\u7684\u9084\u597d\u6c92\u6709\u627e\u660e\u54e5"
        },
        {
            "reply_id": "UgzpOynPKg9vCJaeyVl4AaABAg",
            "reply_content": "\u96d6\u7136\u4e0d\u559c\u6b61\u8cc8\u4f46\u662f\u6211\u89ba\u5f97\u6728\u68c9\u82b1\u81e8\u6642\u63db\u6f14\u54e1\u771f\u7684\u904e\u706b\u4e86"
        }
    ]
}