{
    "video_info": {
        "id": "bQ4dIhBcBuY",
        "channelTitle": "\u937e\u660e\u8ed2",
        "title": "\u642c\u5bb6\u524d\u4f86\u9760\u5317\u5ee0\u5546\uff01",
        "description": "\u4eca\u5929\u670d\u88dd\u98a8\u683c\u8d70\u7684\u662f\uff08\u4e00\u7fa4\u53f0\u7063\u8001\u9f20\u5c4e\u5bb3\u4e86\u4e00\u934b\u597d\u7ca5\u7684\u6982\u5ff5\uff09\n\n\u8fd1\u671f\u56e0\u70ba\u9019\u9593\u4f4f2\u5e74\u7684\u5bb6\u79df\u7d04\u8981\u5230\u671f \n\u6240\u4ee5\u958b\u59cb\u627e\u65b0\u7684\u843d\u8173\u8655\n\n\u800c\u5728\u642c\u5bb6\u904e\u7a0b\u4e2d \n\u610f\u5916\u7ffb\u5230\u4e86\u66fe\u7d93\u8cb7\u904e\u5f88\u721b\u7684\u4f46\u9084\u6c92\u516c\u8af8\u65bc\u4e16\u7684\u5546\u54c1\n\n\u4e8c\u8a71\u4e0d\u8aaa \u76f4\u63a5\u4f86\u4ee5\u4e00\u500b\u7a7a\u5c4b\u7684\u5f62\u5f0f\u628a\u9760\u5317\u5ee0\u5546\u7cfb\u5217\u62cd\u8d77\u4f86\n\nAnd\u5c0f\u900f\u9732\u4e00\u4e0b \u6211\u73fe\u5728\u5df2\u6b63\u5f0f\u5165\u4f4f\u6211\u7684\u65b0\u5bb6\n\u6211\u81ea\u5df1\u8ddfcharming\u90fd\u975e\u5e38\u559c\u6b61\u9019\u88e1\n\n\u4e0b\u652f\u5f71\u7247\u65b0\u5bb6\u898b",
        "likeCount": "17338",
        "commentCount": "1118",
        "viewCount": "569129"
    },
    "comments": [
        {
            "reply_id": "UgwjcvPduhU-YlVw50F4AaABAg",
            "reply_content": "\u85cd\u85cd\u9b5a\u771f\u7684\u8d85\u96e3\u7528\u7684"
        },
        {
            "reply_id": "Ugxiqf6b6b2SDhJI1td4AaABAg",
            "reply_content": "\u4f60\u662f\u6700\u597d\u7684"
        },
        {
            "reply_id": "UgxS3MP0XYA8k2CLWRR4AaABAg",
            "reply_content": "\u6700\u9069\u5408\u7a7f\u9019\u5957"
        },
        {
            "reply_id": "Ugwcpy4IFB0O1AD6MLd4AaABAg",
            "reply_content": "\u70ba\u4ec0\u9ebc\u90a3\u500b\u88ab\u8a2d\u8a08\u7684\u5f88\u597d\u770b\u7684\u967d\u53f0\u4e0d\u898b\u5566\ud83d\ude2d\u597d\u53ef\u60dc"
        },
        {
            "reply_id": "UgygVsncBUZcDUfRlfN4AaABAg",
            "reply_content": "\u7406\u80a4\u6cc9\u5f88\u597d\u7528\u5440"
        },
        {
            "reply_id": "Ugx8FOjA2DwGJKJS4UZ4AaABAg",
            "reply_content": "\u6d17\u9762\u4e73\u6d17\u7897\u597d\u597d\u7b11"
        },
        {
            "reply_id": "Ugwb6TjeFytGdjnEkQt4AaABAg",
            "reply_content": "\u771f\u7684\u5f88\u6562\u8b1b\u8036\uff0c\u4e0d\u66c9\u5f97\u8b1d\u7956\u6b66\u770b\u5230\u4e86\u6703\u600e\u6a23\u53cd\u61c9"
        },
        {
            "reply_id": "UgyXwhneewD596wDO_54AaABAg",
            "reply_content": "\u90a3\u500b\u91d1\u9b5a\u771f\u7684\u5f88\u96f7\u6b38"
        },
        {
            "reply_id": "Ugxk1gYOHyGV4_IFeSV4AaABAg",
            "reply_content": "\u9019\u500b\u9aee\u8272\u597d\u597d\u770b"
        },
        {
            "reply_id": "UgxpKTj34dhe3QXWeJ14AaABAg",
            "reply_content": "\u628a\u5a01\u731b\u5148\u751f\u5012\u9032\u53bb"
        },
        {
            "reply_id": "UgzL65UkG0l4p9Khpg54AaABAg",
            "reply_content": "\u4f60\u52a0\u6cb9"
        },
        {
            "reply_id": "UgyTpL2tH9Y9JbONix14AaABAg",
            "reply_content": "\u9019\u500b\u767d\u8272\u5957\u88dd\u7f8e\u5446\u4e86"
        },
        {
            "reply_id": "UgwImyxgruZ4hxJyzrx4AaABAg",
            "reply_content": "\u90a3\u500b\u9b5a\u771f\u7684\u8d85\u96e3\u7528"
        },
        {
            "reply_id": "UgxIJN5F5aU-_JKPslh4AaABAg",
            "reply_content": "\u91d1\u9b5a\u6c92\u6709\u7528\u554a"
        },
        {
            "reply_id": "UgxEaaFgklyctEl3Ael4AaABAg",
            "reply_content": "\u597d\u6d6a\u8cbb"
        },
        {
            "reply_id": "Ugx02qimGMfsRscG9Bt4AaABAg",
            "reply_content": "\u5a01\u731b\u5148\u751f\u6697\u723d\u4e2d"
        },
        {
            "reply_id": "UgxGqNSSRnxx8cOIeQx4AaABAg",
            "reply_content": "\u597d\u5641\u81ed\u7532"
        },
        {
            "reply_id": "UgyWdmFdQouaOOaLLxd4AaABAg",
            "reply_content": "\u6240\u4ee5\u6709\u4eba\u77e5\u9053\u9019\u9aee\u8272\u8272\u865f\u55ce"
        },
        {
            "reply_id": "Ugz0REixA05UxI0B2LR4AaABAg",
            "reply_content": "\u982d\u9aee\u984f\u8272\u597d\u597d\u770b"
        },
        {
            "reply_id": "UgzYts9e2j-20lhU-xh4AaABAg",
            "reply_content": "\u770b\u5230\u7b2c\u516d\u79d2\u5c31\u76f4\u63a5\u7b11\u51fa\u4f86"
        },
        {
            "reply_id": "UgwCM7-LtXaQ2hNIKQ14AaABAg",
            "reply_content": "\u60f3\u770b\u4f60\u6574\u7406\u5bb6\u88e1\u7684\u5f71\u7247\u54c7\u54c8\u54c8"
        },
        {
            "reply_id": "UgwrtetQJ_83FX2sRN54AaABAg",
            "reply_content": "\u9b5a\u7684\u99ac\u6876\u6e05\u6f54\u5291\u771f\u7684\u96e3\u7528"
        },
        {
            "reply_id": "UgzMua1SOZhqo6KzYqh4AaABAg",
            "reply_content": "\u90a3\u6795\u982d\u5462\uff1f\u6211\u770b\u8b1d\u7956\u6b66\u4e5f\u6709\u63a8\u85a6\u4e00\u9846\u8d85\u8212\u670d\u6795\u982d"
        },
        {
            "reply_id": "UgwaqFWCsLB3YRZD5Hp4AaABAg",
            "reply_content": "\u623f\u9593\u898f\u5283\u7684\u4e0d\u932f"
        },
        {
            "reply_id": "Ugw1ZpqNKB0gmVtRpS94AaABAg",
            "reply_content": "\u4e00\u500b\u6708\u591a\u5c11\u554a"
        }
    ]
}