{
    "video_info": {
        "id": "c_5vPjRo3NA",
        "channelTitle": "\u937e\u660e\u8ed2",
        "title": "\u5370\u5ea6\u9047\u5230\u8d85\u778e\u5c0e\u904a\uff01",
        "description": "\u5728\u5370\u5ea6\u7528\u4e86\u7834\u82f1\u6587 \u5c31\u9019\u6a23\u5c0f\u6587\u5316\u885d\u64ca\u5ea6\u904e\u4e86\u7b2c\u4e8c\u5929\n\u6700\u559c\u6b61\u5370\u5ea6\u4eba\u7684\u7d14\u6a38 \u770b\u4e0a\u53bb\u662f\u4e00\u7a2e\u55ae\u7d14\u7684\u7f8e\n\u662f\u90a3\u7a2e\u4e0d\u592a\u6e05\u695a\u5176\u4ed6\u570b\u5bb6\u5728\u5e79\u561b \u53ea\u5c08\u6ce8\u65bc\u81ea\u8eab\u7576\u4e0b\u7684\u4e8b\u7269\n\u4e0d\u7ba1\u662f\u770b\u5230\u6771\u65b9\u4eba\u7684\u53cd\u61c9\u3001\u7c21\u55ae\u7684\u5728\u8def\u4e0a\u5403\u3001\u8d95\u706b\u8eca...\n\u5fb9\u5fb9\u5e95\u5e95\u6eff\u8db3\u4e86\u6211\u559c\u6b61\u89c0\u770b\u4eba\u985e\u884c\u70ba\u7684\u617e\u671b\n\n\u78ba\u5be6\u662f\u5982\u540c\u5927\u5bb6\u8aaa\u7684 \u5370\u5ea6\u8ddf\u6211\u6c34\u571f\u4e0d\u670d\n\u53ef\u8b1d\u8b1d\u9019\u6a23\u7684\u6c34\u571f\u4e0d\u670d\n\u6703\u8b93\u6211\u66f4\u52a0\u73cd\u60dc\u6211\u5728\u53f0\u7063\u7684\u4e00\u5207\n\u6487\u9664\u778e\u5c0e\u904a\n\n\u5370\u5ea6\u7d55\u5c0d\u662f\u500b\u4eba\u751f\u5fc5\u4f86\u7684\u570b\u5bb6\u4e4b\u4e00",
        "likeCount": "16370",
        "commentCount": "814",
        "viewCount": "545006"
    },
    "comments": [
        {
            "reply_id": "UgzDxKZsm1JjDPKMjTt4AaABAg",
            "reply_content": "\u4f60\u53bb\u90a3\u908a\u6709\u6c92\u6709\u62c9\u809a\u5b50\uff0c\u4ed6\u5011\u7684\u6c11\u751f\u7528\u6c34\u90fd\u5f88\u5641\u5fc3\uff0c\u807d\u8aaa\u6046\u6cb3\u9084\u6709\u6c11\u9593\u751f\u6d3b\u7528\u6c34\u7684\u6de8\u5316\u54c1\u8cea\u90fd\u5f88\u7cdf\u7cd5\n\u90a3\u8a72\u6b7b\u7684\u6309\u5587\u53ed\u65b9\u5f0f\u5728\u53f0\u7063\u61c9\u8a72\u88ab\u6253\u4e86"
        },
        {
            "reply_id": "UgySgBbJo1-Ml4qvfbh4AaABAg",
            "reply_content": "\u54c8\u54c8\u54c8\u90a3\u500b\u5c0e\u904a"
        },
        {
            "reply_id": "Ugyz_Lf3E03ghn_HKDJ4AaABAg",
            "reply_content": "\u5c0e\u904a\u61c9\u8a72\u6709\u8cb7\u932b\u862d\u7684\u6703\u54e1\u8d85\u7d1a\u81ea\u6211"
        },
        {
            "reply_id": "Ugx7XxRVpLnOiIzHd0R4AaABAg",
            "reply_content": "\u4f60\u53ef\u4ee5\u6765\u7f05\u7538\u6211\u63a5\u5f85\u4f60"
        },
        {
            "reply_id": "UgwU7octTBjO9NylI614AaABAg",
            "reply_content": "\u98af\u53c8\u7f8e"
        },
        {
            "reply_id": "UgwxV-b6eA2dUz2MR4J4AaABAg",
            "reply_content": "\u570b\u969b\u7f8e\u4eba\u62cd\u651d\u7684\u93e1\u982d\u90fd\u5f88\u7f8e"
        },
        {
            "reply_id": "Ugxj3pV_oiqYJWGOgoB4AaABAg",
            "reply_content": "\u6211\u771f\u7684\u4e0d\u6562\u53bb"
        },
        {
            "reply_id": "UgykT-AtIvbICMHwgUx4AaABAg",
            "reply_content": "\u70ba\u4ec0\u9ebc\u5370\u5ea6\u8def\u4e0a\u90fd\u5587\u53ed\u8072"
        },
        {
            "reply_id": "UgwE_IFtMcP8COyqz1l4AaABAg",
            "reply_content": "\u8def\u4e0a\u90fd\u7537\u751f\u8036"
        },
        {
            "reply_id": "Ugwx1Na2xh74rc94u7R4AaABAg",
            "reply_content": "\u4f60\u8fd9\u6837\u51fa\u53bb\u4e22\u4e2d\u56fd\u4eba\u7684\u8138"
        },
        {
            "reply_id": "Ugz6iHpEsVB4JLNsrX54AaABAg",
            "reply_content": "\u8d85\u52c7\u6562"
        },
        {
            "reply_id": "UgzIIorXPNMmRJz7di14AaABAg",
            "reply_content": "\u8b8a\u614b\u600e\u9ebc\u8dd1\u53bb\u627e\u5370\u5ea6\u68d2\u68d2\u5594\u3002\u662f\u63d2\u5c41\u80a1\u4e0d\u662f\u63d2\u9f3b\u5b50"
        },
        {
            "reply_id": "UgzxdhR-UbOPZRLgtX14AaABAg",
            "reply_content": "\u6669\u4e0a\u7537\u5b69\u5b50\u9084\u662f\u6bd4\u8f03\u5b89\u5168\u7684"
        },
        {
            "reply_id": "UgxhFiZzHmDsRoXQqoJ4AaABAg",
            "reply_content": "\u5370\u5ea6\u4eba\u53ef\u80fd\u4ee5\u70ba\u5c0f\u8cc8\u65af\u4e01\u4f86\u5370\u5ea6\u4e86"
        },
        {
            "reply_id": "UgwGgohwZv0TKWaGitp4AaABAg",
            "reply_content": "\u5f88\u68d2\u7684\u5f71\u7247"
        },
        {
            "reply_id": "UgwKViqLRBLYxJbT0Il4AaABAg",
            "reply_content": "\u679c\u7136\u662f\u570b\u969b\u4e1f\u81c9"
        },
        {
            "reply_id": "UgzYDtQxpmJ09vGRKy54AaABAg",
            "reply_content": "\u59cb\u7d42\u4fdd\u6301\u512a\u96c5\u7f8e\u9e97"
        },
        {
            "reply_id": "UgyygM0aG7SWG83Bev14AaABAg",
            "reply_content": "\u76f4\u63a5\u4e0d\u7528\u958b\u7279\u6548\u6b38"
        },
        {
            "reply_id": "Ugw0PYKGYRRECR1JupB4AaABAg",
            "reply_content": "\u8b9a"
        },
        {
            "reply_id": "Ugxi4sIyDaYyp7RSFzp4AaABAg",
            "reply_content": "\u5f88\u559c\u6b61"
        },
        {
            "reply_id": "UgyHM3O_NChcC-kBGRt4AaABAg",
            "reply_content": "\u660e\u8ed2\u5728\u5916\u51fa\u9580\u524d\u884c\u674e\u8a18\u5f97\u4e0a\u9396"
        },
        {
            "reply_id": "UgxwK8gDlTv_T3xc_C54AaABAg",
            "reply_content": "\u660e\u8ed2\u5e0c\u671b\u4f60\u6bcf\u5929\u81f3\u5c11\u7559\u8a00\u5728\u5f71\u7247\u5e95\u4e0b\uff0c\u5831\u5e73\u5b89"
        },
        {
            "reply_id": "Ugzs00MZtl7TxS-4HnB4AaABAg",
            "reply_content": "\u5728\u53f0\u7063\u9019\u6a23\u6309\u4f60\u8a66\u8a66"
        },
        {
            "reply_id": "UgxLHXlJpDRVdk_aC3l4AaABAg",
            "reply_content": "\u4f60\u8fd9\u5bfc\u6e38\u8d85\u6ca1\u7d20\u8d28"
        },
        {
            "reply_id": "UgwB4EdBYSM79OsywWN4AaABAg",
            "reply_content": "\u5370\u5ea6\u4eba\u53e3\u5df2\u7d93\u8d85\u904e\n\u4e2d\u570b\u5927\u9678\u76ee\u524d\u6392\u540d\u7b2c\u4e00\u540d"
        }
    ]
}