{
    "video_info": {
        "id": "cJ0CtJOvJLY",
        "channelTitle": "\u937e\u660e\u8ed2",
        "title": "\u4e00\u767e\u842c\u8a02\u95b1Q&A\uff01",
        "description": "\u4e00\u500b\u88ab\u591a\u6578\u611a\u773e\u96c6\u7d50\u800c\u6210\u7684\u793e\u6703\uff0c\n\u80fd\u64c1\u6709\u61c2\u6211\u7f8e\u9e97\u4e4b\u8655\u7684\u7406\u89e3\u529b\uff0c\n\u6211\u53ea\u80fd\u8aaa\u8072..\u597d\u5566\u8b1d\u8b1d\u3002\n\u8b1d\u8b1d\u4f60\u7684\u85dd\u8853\u6db5\u990a\uff0c\n\u8b1d\u8b1d\u4f60\u7684\u7406\u89e3\u80fd\u529b\uff0c\n\u8b1d\u8b1d\u4f60\u7684\u7121\u6cd5\u89e3\u91cb\uff0c\n\nThanks",
        "likeCount": "59712",
        "commentCount": "3250",
        "viewCount": "1303696"
    },
    "comments": [
        {
            "reply_id": "UgwiuqYuUQMxtrb0UBV4AaABAg",
            "reply_content": "\u660e\u8ed2\u8b1b\u7684\u8d85\u6709\u9053\u7406"
        },
        {
            "reply_id": "UgyapVsBAVF2SmdPzXN4AaABAg",
            "reply_content": "\u601d\u60f3\u5176\u5b9e\u662f\u53ef\u4ee5\u88ab\u9650\u5236\u7684"
        },
        {
            "reply_id": "UgzNg6QcxOnlVSphP7d4AaABAg",
            "reply_content": "\u59b3\u53ef\u4ee5"
        },
        {
            "reply_id": "UgzhS0TZ_CrYUPc24Wl4AaABAg",
            "reply_content": "\u59b3\u53ef\u4ee5\u5927"
        },
        {
            "reply_id": "UgxXitMziwutqQnslsh4AaABAg",
            "reply_content": "\u4f60\u53ef\u4ee5\u5927"
        },
        {
            "reply_id": "UgxwkkcaNtrYEutGQEx4AaABAg",
            "reply_content": "\u7238\u7238"
        },
        {
            "reply_id": "UgxATGrqgiuw6skI7y94AaABAg",
            "reply_content": "\u937e\u6c11\u8ed2\u8b1b\u8a71\u771f\u7684\u597d\u5feb"
        },
        {
            "reply_id": "UgztoXuMmCUVTVRtpqZ4AaABAg",
            "reply_content": "\u6211\u559c\u6b61\u4f60"
        },
        {
            "reply_id": "Ugw-u6CIcGjiEFy-tJ94AaABAg",
            "reply_content": "\u4f60\u5f88\u7f8e\u54e6"
        },
        {
            "reply_id": "Ugyp4myDzHIH5yxYOQp4AaABAg",
            "reply_content": "\u6211\u751f\u65e5\u7684\u6642\u5019\u8036"
        },
        {
            "reply_id": "UgxH-bWO2QVTyNFTCzB4AaABAg",
            "reply_content": "\u660e\u8ed2\u4f60\u7684\u76ae\u819a\u597d\u597d\u6211\u4e0d\u7ba1\u600e\u9ebc\u6539\u5584\u90fd\u6c92\u6cd5\u53bb\u6389\u81c9\u4e0a\u7684\u75d8\u75d8"
        },
        {
            "reply_id": "UgyYtJ0_-MDqw22IdOl4AaABAg",
            "reply_content": "\u6709\u9ed1\u8272\u7684\u9ad8\u8ddf\u978b\u55ce"
        },
        {
            "reply_id": "Ugwk6wXKgQEPRgKeION4AaABAg",
            "reply_content": "\u7dca\u6025\u51fa\u53e3\u589e\u52a0\u4e8b\u60c5\u8aaa\u6e05\u695a\u4e5f\u4e0d\u6015\u9ebb\u7169\u5230\u53f0\u5357\u8001\u516c\u770b\u597d\u666f\u6c23\u4fee\u6b63\u5275\u59cb\u4eba\u5728\u5ec1\u6240\u696d\u52d9\u54e1\u554a\u54e6\u9913\u8a92\u5509\u8a92\u5967\u6b50\u5b89\u6069\u6602\u97a5\u4e8c"
        },
        {
            "reply_id": "UgxHUmoa7UEYPS2ffD54AaABAg",
            "reply_content": "\u4e3a\u4ec0\u4e48\u4f60\u4e0d\u53bb\u53d8\u6027 \u4f60\u8eab\u6750\u7626\u5c0f\u76ae\u80a4\u767d\u4e94\u5b98\u7f8e\u5f88\u9002\u5408\u53d8\u5973\u4eba"
        },
        {
            "reply_id": "UgyVwrj_qgtpKGBqeFp4AaABAg",
            "reply_content": "\u96d6\u7136\u6709\u90a3\u9ebc\u4e00\u9ede\u9ede\u9ede\u9ede\u9ede\u5641\uff0c\u4e0d\u904e\u4e0d\u5f97\u4e0d\u8aaa\u5f88\u597d\u770b"
        },
        {
            "reply_id": "UgwVCvv4Zh4XZyDBm-94AaABAg",
            "reply_content": "\u597d\u6f02\u4eae\u7684\u59d0\u59d0"
        },
        {
            "reply_id": "Ugz37kzt7MLuxHXTVG54AaABAg",
            "reply_content": "\u597d\u5fc3\u4f60\u5514\u597d\u7740\u5230\u5481\u51fa\u569f\u737b\u919c\u771f\u4fc2\u597d\u90a3\u6838\u7a81"
        },
        {
            "reply_id": "Ugwnul3N4e1vzlTYJnB4AaABAg",
            "reply_content": "\u6211\u662f\u7537\u751f\u6211\u4e5f\u5f88\u60f3\u7a7f\u8ddf\u660e\u8ed2\u4e00\u6a23\u7684\u88d9"
        },
        {
            "reply_id": "Ugw9xRMV69bWvnt9H-14AaABAg",
            "reply_content": "\u597d\u6703\u756b\u599d"
        },
        {
            "reply_id": "Ugykzp0zmRAH0JrGoWB4AaABAg",
            "reply_content": "\u4f60\u6c92\u6709\u5e36\u96b1\u5f62\u773c\u93e1\u6703\u602a\u602a\u7684\u611f\u89ba\u6703\u5f88\u4e7e\u4e7e\u7684\u3002"
        },
        {
            "reply_id": "UgxaoZVxc9p-i7ooqUh4AaABAg",
            "reply_content": "\u55e8\u714e\u71ac\u5f1f"
        },
        {
            "reply_id": "Ugzcb7Zopw1IMDyCjTR4AaABAg",
            "reply_content": "\u660e\u8f69\u6253\u7b97\u7559\u957f\u53d1\u5417"
        },
        {
            "reply_id": "UgzcshgiLNKCejfAjvN4AaABAg",
            "reply_content": "\u660e\u8f69\u7684\u8863\u670d\u597d\u7f8e\u5440"
        },
        {
            "reply_id": "UgxGKBtIL1PV9WZCzjZ4AaABAg",
            "reply_content": "\u5982\u679c\u5f04\u5047\u80f8\u6703\u66f4\u7f8e"
        },
        {
            "reply_id": "UgxAKpTsy92dX284LW94AaABAg",
            "reply_content": "\u4f60\u771f\u50cf\u6d77\u8cca\u738b\u88cf\u9762\u7684\u89d2\u8272"
        }
    ]
}