{
    "video_info": {
        "id": "cMDVyyrbHM0",
        "channelTitle": "\u937e\u660e\u8ed2",
        "title": "\u73a9\u5f04\u81ea\u5df1\u7684\u8eab\u9ad4\uff01",
        "description": "\u4eca\u5929\u6f14\u7e79\u4e86\u5730\u7403\u4eba\u4fd7\u7a31\u7684\u4e09\u7a2e\u6027\u5225\u9032\u884c\u8eab\u9ad4\u5275\u4f5c\n\u5df2\u7d93\u4e00\u9663\u5b50\u6c92\u6709\u73a9\u5f04\u81ea\u5df1\u8eab\u9ad4\u7684\u6211\n\u5e0c\u671b\u4eca\u5929\u9019\u6a23\u7684\u9ad8\u8cea\u611f \n\u4e0d\u6703\u8b93\u672a\u4f86\u7684\u81ea\u5df1\u60f3\u8981\u91cd\u65b0\u5b9a\u7fa9\u5b83\n- - - \n\u800c\u56e0\u8fd1\u671f\u5be6\u5728\u6709\u592a\u591a\u4eba\u554f\u6211\u6709\u95dc\n\u300e\u53f0\u7063\u5982\u679c\u88ab\u7d71\u4e00\u4e86\u600e\u9ebc\u8fa6\uff1f\u300f\u9019\u985e\u554f\u984c\n\u6216\u662f\u5728\u642d\u8eca\u904e\u7a0b \u53cb\u4eba\u4e00\u770b\u5230\u5370\u6709\u4e2d\u570b\u5b57\u6a23\u7684\u62db\u724c\u5546\u5bb6\n\u5c31\u6703\u8aaa\u51fa\u975e\u5e38\u4e0d\u8ca0\u8cac\u4efb\u4e14\u4f4e\u8cea\u611f\u7684\u8a71\u8a9e\u51fa\u4f86\n\n\u6211\u5c31\u6c7a\u5b9a\u9019\u6b21\u4f86\u4f7f\u7528\u9019\u500b\u570b\u5bb6\u8ce6\u4e88\u6211\u7684\u8a00\u8ad6\u81ea\u7531\u9032\u884c\u5c0d\u8a71\uff01 \n\n\u524d\u63d0\n1. \u9019\u662f\u6211\u7684\u653f\u6cbb\u7acb\u5834\uff0c\u56e0\u70ba\u6211\u8a8d\u540c\u4e2d\u83ef\u6c11\u570b\u6e90\u81ea\u4e2d\u570b\u7684\u6587\u5316\uff0c\n\u6240\u4ee5\u89ba\u5f97\u83ef\u7368\u4e5f\u53ef\u4ee5\u3002\n\n2. \u9019\u662f\u500b\u653f\u6cbb\u9078\u64c7\uff0c\u5927\u5bb6\u53ef\u4ee5\u85c9\u7531\u81ea\u5df1\u5c0b\u627e\u8cc7\u6599\u4f86\u6c7a\u5b9a\u81ea\u5df1\u7684\u653f\u6cbb\u7acb\u5834\uff0c\u4f46\u8981\u70ba\u81ea\u5df1\u7684\u7acb\u5834\u8ca0\u8cac\u3002\n\nBy the way\n\u8eab\u70ba\u4e2d\u83ef\u6c11\u65cf\u6700\u6f02\u4eae\u7684\u5b58\u5728\n\u6211\u6703\u7e7c\u7e8c\u73a9\u5f04\u81ea\u5df1\u7684\u8089\u8eab\n\u7562\u7adf\u8eab\u9ad4\u90a3\u9ebc\u597d\u73a9 \u4f55\u6a02\u800c\u4e0d\u70ba\uff1f",
        "likeCount": "23038",
        "commentCount": "1807",
        "viewCount": "481874"
    },
    "comments": [
        {
            "reply_id": "Ugxhj64TtMGmCoW4nwF4AaABAg",
            "reply_content": "\u5413\u6b7b\u4e86"
        },
        {
            "reply_id": "UgxCok_UnPoE4ovaRKt4AaABAg",
            "reply_content": "\u5176\u5be6\u4f60\u662f\u57fa\u55ce"
        },
        {
            "reply_id": "UgwzjwxMnXUzxqrPwKF4AaABAg",
            "reply_content": "\u570b\u4e00\u6b77\u53f2\u6709\u5b78\u5230\u50cf\u4e2d\u570b\u92fc\u9435\u7684\u4e2d\u570b\u53ea\u662f\u7c21\u7a31\u800c\u5df2\u4e26\u4e0d\u662f\u4ec0\u9ebc\u897f\u53f0\u7063\ud83d\ude0a"
        },
        {
            "reply_id": "UgzE22AmXSFnzGCJzVp4AaABAg",
            "reply_content": "\u660e\u8ed2\u53ef\u611b\u554a"
        },
        {
            "reply_id": "UgwKMouH3udsMpAzexN4AaABAg",
            "reply_content": "\u771f\u4e0d\u9519\u5440\u5f88\u597d\u770b\u554a"
        },
        {
            "reply_id": "UgznzS9Mq48K7KspIh14AaABAg",
            "reply_content": "\u8ab0\u53c3\u52a0\u5a46\u5a46\u55aa\u4e8b\u6703\u7a7f\u9019\u6a23\u5566\u54c8\u54c8\u54c8\u54c8\u54c8\u54c8 \u597d\u50cf\u5f88\u958b\u5fc3\u5a46\u5a46\u845b\u5c41"
        },
        {
            "reply_id": "UgxbJqj4SBzxK6eu3Ql4AaABAg",
            "reply_content": "\u4e2d\u570b\u81fa\u7063\u5730\u5340\u4eba\u6c11"
        },
        {
            "reply_id": "Ugyl3NG0VvVS8jUrLQ54AaABAg",
            "reply_content": "\u4f46\u6c11\u9032\u9ee8\u4e0d\u7b49\u65bc\u4e2d\u83ef\u6c11\u570b"
        },
        {
            "reply_id": "UgwLE-zghMOBISWYuhp4AaABAg",
            "reply_content": "\u53f0\u7063\u662f\u4e2d\u570b\u4e2d\u570b\u8aaa\u53ea\u6709\u4e00\u500b\u4e2d\u570b\u5c31\u662f\u4ed6\u5011\u81ea\u5df1\u9019\u6a23\u5c31\u7b49\u65bc\u4e2d\u570b\u53db\u570b\u4e86 \u54c7\u6b50"
        },
        {
            "reply_id": "UgyjZszX4c6aHnivZkN4AaABAg",
            "reply_content": "\u4e2d\u6587\u53ea\u6709\u7e41\u9ad4\u8ddf\u6b98\u9ad4"
        },
        {
            "reply_id": "Ugw1MvPiq5OpkrXTn9F4AaABAg",
            "reply_content": "\u7b11\u6b7b\u6389"
        },
        {
            "reply_id": "UgxfiNX8KNlDCMezzGZ4AaABAg",
            "reply_content": "\u76f4\u7537\u8ab0\u6703\u62ff\u90a3\u500b\u5305"
        },
        {
            "reply_id": "UgyKobvjCdoIkQEHA0p4AaABAg",
            "reply_content": "\u9760\u5317\u5594"
        },
        {
            "reply_id": "Ugy_IVS0Ihl3ov_SW3B4AaABAg",
            "reply_content": "\u6e05\u6670\u5206\u6790"
        },
        {
            "reply_id": "Ugzi3NsPtfNVl1abhrR4AaABAg",
            "reply_content": "\u6211\u8ddf\u4f60\u7684\u60f3\u6cd5\u4e00\u6a23\n\u6211\u5011\u672c\u4f86\u5c31\u662f\u4e00\u500b\u7368\u7acb\u570b\u5bb6\n\u5435\u7d71\u4e00\u6216\u53f0\u7368\u6839\u672c\u5c31\u662f\u4e00\u4e9b\u6709\u5fc3\u4eba\u548c\u653f\u9ee8\u5728\u64cd\u5f04\u7684\u5047\u8b70\u984c"
        },
        {
            "reply_id": "UgxuwK-zo2FhDXZJRaZ4AaABAg",
            "reply_content": "\u53f0\u7063\u771f\u7684\u597d\u96e3\u5f97\u6709\u9019\u9ebc\u6709\u667a\u6167\u7684\u4eba \u601d\u7dd2\u53c8\u6e05\u6670"
        },
        {
            "reply_id": "UgwpbPSzQ4h2fEdZRwV4AaABAg",
            "reply_content": "\u76f4\u7537\u4e0d\u597d\u55ce\uff1f\u597d\u50cf\u770b\u4e0d\u8d77\u76f4\u7537\u90a3\u7a2e\u592a\u5ea6\u770b\u4e86\u5f88\u4e0d\u8212\u670d\u80fd\u4e0d\u80fd\u4e0d\u8981\u8cb6\u4f4e\u6240\u6709\u7684\u76f4\u7537\u5c31\u7b97\u4e0d\u559c\u6b61\u80fd\u4e0d\u80fd\u5c0a\u91cd\u9ede"
        },
        {
            "reply_id": "Ugz-s2ZfPmIu62qr63l4AaABAg",
            "reply_content": "\u5ab3\u5a66\u5152\u4e0a\u9999\u88dd\u89ba\u5f97\u61c9\u8a72\u6536\u5230\u7d10\u7d04\u6642\u88dd\u9031\u7684\u9080\u8acb\uff5e\u7136\u5f8c\u82d1\u8001\u5e2b\u7684\u540d\u5b57\u5f88\u9a5a\u5947\u7684\u51fa\u73fe\u5728\u9019\u88e1"
        },
        {
            "reply_id": "Ugwc0w8J4ZqKlICXfTN4AaABAg",
            "reply_content": "\u5230\u5e95\u54ea\u88e1\u80fd\u8cb7\u5230\u90a3\u500b\u9396\u93c8\u7fa4"
        },
        {
            "reply_id": "UgwANw7Gg-Vz2KOZiSp4AaABAg",
            "reply_content": "\u96cc\u96c4\u540c\u4f53\u554a"
        },
        {
            "reply_id": "UgyakWcg2d9-YVJnfnN4AaABAg",
            "reply_content": "\u756b\u5f97\u8ddf\u9b3c\u4e00\u6a23"
        },
        {
            "reply_id": "UgzqEafxE9K5BfUWj3t4AaABAg",
            "reply_content": "\u937e\u660e\u8ed2\u7684\u82f1\u6587\u5ff5\u7684\u9084\u662f\u90a3\u9ebc\u96e3\u807d\u54c8\u54c8\u54c8\u54c8"
        },
        {
            "reply_id": "UgykjeW7L-QDiKkasJZ4AaABAg",
            "reply_content": "\u7b2c\u4e09\u5957\u6bd4\u8f03\u597d\u770b"
        },
        {
            "reply_id": "UgwAstAhx9hUcekTl514AaABAg",
            "reply_content": "\u4f60\u5fd8\u4e86\u4e2d\u83ef\u6c11\u570b\u66fe\u7d93\u662f\u9019\u7247\u571f\u5730\u7684\u6b96\u6c11\u653f\u6b0a\u548c\u767d\u8272\u6050\u6016\u7684\u6b77\u53f2\uff0c\u4e5f\u7f3a\u4e4f\u8f49\u578b\u6b63\u7fa9\u7684\u6982\u5ff5\uff0c\u4e2d\u83ef\u6c11\u570b\u5728\u53f0\u7063\u4e0d\u662f\u90a3\u9ebc\u7406\u6240\u7576\u7136\u7684\u6982\u5ff5"
        },
        {
            "reply_id": "Ugyv6q9fbX1TjjAO1vV4AaABAg",
            "reply_content": "\u597d\u50cf\u6709\u4e00\u4e2a\u53eb\u8000\u8000\u7684\u5728\u6a21\u4eff\u4f60\u8bf6"
        }
    ]
}