{
    "video_info": {
        "id": "cxyLMoUVXUY",
        "channelTitle": "\u937e\u660e\u8ed2",
        "title": "\u4e00\u500b\u4eba\u9762\u5c0d\u5b87\u5b99!!",
        "description": "\u9760\u8457\u6587\u5b57\uff0c\n\u6211\u53ef\u4ee5\u5728\u751f\u800c\u70ba\u4eba\u7684\u7591\u554f\u88e1\u6292\u767c\u77ed\u66ab\u60c5\u7dd2\u3002\n\n\u4e00\u500b\u4eba\u9762\u5c0d\u4f60\uff0c\u771f\u7684\u597d\u8f9b\u82e6\uff0c\n\u53ef\u6068\u7684\u662f\uff0c\u4f60\u53c8\u90a3\u9ebc\u7f8e\uff0c\n\u6211\u600e\u9ebc\u6703\u653e\u68c4\u7e7c\u7e8c\u89e3\u91cb\u4f60\u3002\n\n\u597d\u5427\uff0c\u4eca\u5f8c\u9084\u662f\u6703\u7e7c\u7e8c\u4e00\u500b\u4eba\u9762\u5c0d\u4f60\uff0c\n\u90a3\u5c31\u8acb\u4f60\uff0c\n\u7e7c\u7e8c\u4f7f\u7528\u6211\u3002",
        "likeCount": "21628",
        "commentCount": "1827",
        "viewCount": "555243"
    },
    "comments": [
        {
            "reply_id": "UgziC9KfG_Zk4KUEHCt4AaABAg",
            "reply_content": "\u60a8\u53ef\u4ee5\u770b\u5723\u7ecf\u6216\u8bb8\u4f1a\u627e\u5230\u7b54\u6848"
        },
        {
            "reply_id": "UgxS3ejUtnMlKZLOzVl4AaABAg",
            "reply_content": "\u9858\u4f60\u65e9\u9ede\u609f\u51fa\u60f3\u77e5\u9053\u7684\u7b54\u6848"
        },
        {
            "reply_id": "UgxTKplDZlXUoCbtSCN4AaABAg",
            "reply_content": "\u7f8e\u4eba\u5531\u6b4c\u6700\u597d\u807d\u53ef\u4ee5\u53bb\u7576\u6b4c\u624b"
        },
        {
            "reply_id": "UgytiExlGfo2mzjIpKx4AaABAg",
            "reply_content": "\u6709\u53ef\u80fd\u4f60\u7684\u5b58\u5728\u662f\u8981\u6765\u8fd8\u4f60\u4e0a\u8f88\u5b50\u6b20\u4e0b\u7684\u503a\u6216\u662f\u4f60\u7684\u5b58\u5728\u662f\u8981\u53bb\u5f71\u54cd\u6216\u662f\u6539\u53d8\u5f88\u591a\u4eba\u548c\u4e8b\u3002\u4f60\u5b58\u5728\u7684\u610f\u4e49\u4e5f\u8981\u770b\u4f60\u662f\u5982\u4f55\u9009\u62e9\u600e\u4e48\u53bb\u8fc7\u4f60\u7684\u4eba\u751f\uff0c\u600e\u4e48\u7528\u4f60\u7684\u751f\u547d\u53bb\u6210\u5c31\u53e6\u4e00\u4e2a\u751f\u547d."
        },
        {
            "reply_id": "UgxmIlizWEfcHpRkFHZ4AaABAg",
            "reply_content": "\u937e\u660e\u8ed2\u5531\u6b4c\u597d\u597d\u807d\u5594\uff0c\u53ef\u4ee5\u591a\u5531\u4e00\u9ede\u55ce\u6211\u60f3\u807d"
        },
        {
            "reply_id": "UgyFWXmuPVfZwbJISLh4AaABAg",
            "reply_content": "\u59b3\u8ddf\u6211\u4e00\u6a23"
        },
        {
            "reply_id": "UgzYLKB2iMhmiodtPdZ4AaABAg",
            "reply_content": "\u8ddf\u6211\u4e00\u6a23"
        },
        {
            "reply_id": "UgxrWNq50Cjx2bXt4vN4AaABAg",
            "reply_content": "\u6211\u8ddf\u4f60\u6709\u4e00\u6a23\u7684\u60f3\u6cd5\u6b38"
        },
        {
            "reply_id": "UgyrbA5T8a23n7D-hn54AaABAg",
            "reply_content": "\u597d\u807d\u6b38\u6b38"
        },
        {
            "reply_id": "UgxskCKbCf4lMWrfjq94AaABAg",
            "reply_content": "\u6211\u4e3a\u4ec0\u4e48\u4f1a\u6709\u8089\u8eab \u6ca1\u6709\u8089\u8eab\u4f60\u65e0\u6cd5\u547c\u5438\u4f60\u65e0\u6cd5\u5403\u4e1c\u897f\u4f60\u65e0\u6cd5\u8d70\u8def \u4f60\u73b0\u5728\u6240\u505a\u7684\u4e00\u5207\u5e76\u4e0d\u662f\u4f60\u60f3\u8981\u7684\u800c\u662f\u8089\u8eab\u6240\u9700\u4f60\u6ca1\u6709\u529e\u6cd5\u62d2\u7edd \u5728\u8fd9\u4e00\u4e2a\u7eac\u5ea6\u4e16\u754c\u4f60\u9700\u8981\u8089\u8eab\u6765\u627f\u8f7d\u4f60\u7684\u610f\u8bc6 \u6709\u4e9b\u4e8b\u60c5\u4e0d\u9700\u8981\u77e5\u9053\u5f97\u592a\u900f\u5f7b\u5426\u5219\u4f60\u4f1a\u88ab\u5b87\u5b99\u6d88\u706d\u7684 \u8fd9\u662f\u5b87\u5b99\u7684\u6cd5\u5219 \u53ef\u4ee5\u5efa\u8bae\u4f60\u53bb\u770b\u770b\u8001\u9ad8\u7684\u89c6\u9891\u6216\u8bb8\u4f60\u7684\u7591\u60d1\u90fd\u4f1a\u88ab\u89e3\u7b54\u53c8\u6216\u8bb8\u4f60\u4f1a\u6dfb\u52a0\u66f4\u591a\u7684\u7591\u60d1"
        },
        {
            "reply_id": "Ugznnra4RRWkq14v93x4AaABAg",
            "reply_content": "\u6211\u5728\u60f3\u59b3\u53ef\u80fd\u4e5f\u662f\u5149\u4e4b\u5de5\u4f5c\u8005"
        },
        {
            "reply_id": "Ugwi87MHPCDRJNQPVxl4AaABAg",
            "reply_content": "\u4f60\u5f88\u68d2"
        },
        {
            "reply_id": "UgypuK1rLIy5F8Xy5Zt4AaABAg",
            "reply_content": "\u662f\u57fa\u7763\u7684\u521b\u9020\u8036\u548c\u534e\u63a5\u7740\u57fa\u7763\u7684\u80fd\u529b\u5723\u7ecf\u662f\u8fd9\u6837\u8bf4\u7684"
        },
        {
            "reply_id": "UgxaOkQh4xWQvgkU12l4AaABAg",
            "reply_content": "\u770b\u8001\u9ad8\u5440\u660e\u8ed2"
        },
        {
            "reply_id": "UgwPfJ1bgNZccKrDUR94AaABAg",
            "reply_content": "\u54fc\u770b\u5230\u5c31\u60f3\u5410"
        },
        {
            "reply_id": "UgzXAYs5bHDAk1qPQYt4AaABAg",
            "reply_content": "\u53bb\u770b\u8cfd\u65af"
        },
        {
            "reply_id": "UgwMnWyVE_XXX3GpQtp4AaABAg",
            "reply_content": "\u5531\u6b4c\u597d\u807d"
        },
        {
            "reply_id": "UgzugcWcseLZQw98azt4AaABAg",
            "reply_content": "\u597d\u770b\u9020\u578b"
        },
        {
            "reply_id": "UgyBHP_fRb5knrQsEph4AaABAg",
            "reply_content": "\u5176\u5be6\u6211\u6709\u6642\u5019\u4e5f\u6703\u60f3"
        },
        {
            "reply_id": "Ugz6xk6J8anxQHg-0KR4AaABAg",
            "reply_content": "\u7576\u4f60\u6b7b\u4e86\u5c31\u6703\u77e5\u9053\u6240\u6709\u7b54\u6848"
        },
        {
            "reply_id": "UgyRbB3YnFPL_FZI6CR4AaABAg",
            "reply_content": "\u4f60\u5531\u6b4c\u883b\u597d\u807d\u7684"
        },
        {
            "reply_id": "UgwreaMu7HbiLBI992R4AaABAg",
            "reply_content": "\u8b1d\u8b1d\u4f60\u7d66\u6211\u9019\u500b\u7b54\u6848\u6211\u5df2\u7d93\u60f3\u4e86\u5169\u5e74\u4e86"
        },
        {
            "reply_id": "UgwwkgKs3dSpQyhrXrR4AaABAg",
            "reply_content": "\u5531\u6b4c\u5f88\u597d\u807d"
        },
        {
            "reply_id": "UgxQzvmfQAdrKVMzD7N4AaABAg",
            "reply_content": "\u4e5f\u8a31\u6c92\u6709\u7b54\u6848\u5c31\u662f\u552f\u4e00\u7684\u7b54\u6848"
        },
        {
            "reply_id": "UgxcUhgH7mEznBtrUi94AaABAg",
            "reply_content": "\u6211\u8ddf\u4f60\u4e00\u6a23\u60f3\u904e\u9019\u4e9b\u554f\u984c"
        }
    ]
}