{
    "video_info": {
        "id": "dBmu5nyLN-8",
        "channelTitle": "\u937e\u660e\u8ed2",
        "title": "\u4eca\u65e5\u6211\u6c92\u6709\u4e3b\u984c\uff01",
        "description": "\u6069..\u662f\u7684\uff0c\u4eca\u65e5\u6211\u6c92\u6709\u4e3b\u984c\n\u4f46\u6211\u63db\u4e863\u5957\u8863\u670d\ud83d\ude17",
        "likeCount": "17604",
        "commentCount": "982",
        "viewCount": "413536"
    },
    "comments": [
        {
            "reply_id": "UgyY1NmJh5FYk3V_YnN4AaABAg",
            "reply_content": "\u6c92\u6709\u4e3b\u984c\u5c31\u662f\u500b\u4e3b\u984c"
        },
        {
            "reply_id": "UgyHOyWup5efUykDUu54AaABAg",
            "reply_content": "\u8b9a"
        },
        {
            "reply_id": "UgxL0w2dMkrLtgeADJx4AaABAg",
            "reply_content": "\u982d\u9aee\u52a0\u4e0a\u6d6e\u8a87\u611f\u597d\u50cf\u8594\u8594"
        },
        {
            "reply_id": "UgxkGIoGF5FrIu7NOuJ4AaABAg",
            "reply_content": "\u660e\u8ed2\u771f\u7684\u597d\u7626\u5594"
        },
        {
            "reply_id": "UgyD6Ll6LCkmpvfNNMd4AaABAg",
            "reply_content": "\u4eca\u65e5\u6211\u6c92\u6709\u4e3b\u984c\u5c31\u662f\u4e3b\u984c"
        },
        {
            "reply_id": "UgzzPP-G3ZoPqLZKzB94AaABAg",
            "reply_content": "\u597d\u597d\u770b\u554a"
        },
        {
            "reply_id": "UgxLzctUCA7OpNbCMOJ4AaABAg",
            "reply_content": "\u660e\u8ed2\u7684\u67ab\u53f6\u8272\u53e3\u7ea2\u662f\u4ec0\u4e48\u724c\u5b50\u7684\u554a"
        },
        {
            "reply_id": "Ugwe6yOGl8-BWbGBhVV4AaABAg",
            "reply_content": "\u4f60\u7684\u8072\u97f3\u6211\u4e0d\u884c"
        },
        {
            "reply_id": "Ugw0wJ4iRVDA2k6G94l4AaABAg",
            "reply_content": "\u53e3\u4e9e\u5fc3"
        },
        {
            "reply_id": "UgxNaewvfk6EHB2sGN94AaABAg",
            "reply_content": "\u4f60\u597d\u919c"
        },
        {
            "reply_id": "UgxwfNmbIQip3ldFItZ4AaABAg",
            "reply_content": "\u4e0d\u77e5\u9053\u7a7f\u642d\u7684\u6642\u5019\u770b\u4f60\u7684\u5f71\u7247\u5c31\u6703\u5b78\u5230\u5f88\u591a \u54c8\u54c8\u54c8"
        },
        {
            "reply_id": "Ugw8ymRPALAGQ0Hw4Xh4AaABAg",
            "reply_content": "\u5f88\u6709\u5275\u610f"
        },
        {
            "reply_id": "UgyPBB2BX1hOtI8rhcJ4AaABAg",
            "reply_content": "\u592a\u53ef\u611b"
        },
        {
            "reply_id": "Ugz-3iQ8PkIsr4km8NZ4AaABAg",
            "reply_content": "\u54c8\u8acb\u4f60\u554f\u5b87\u5b99"
        },
        {
            "reply_id": "UgzKzj1pbMd8yYQf4AZ4AaABAg",
            "reply_content": "\u600e\u9ebc\u90fd\u4e0d\u6703\u8dcc\u5012\u54c8"
        },
        {
            "reply_id": "Ugx7_24OniVPmsuBbSF4AaABAg",
            "reply_content": "\u660e\u8ed2\u597d\u7f8e\u554a\u554a\u554a\u554a\u554a\u554a\u554a\u554a\u554a\u554a\u554a\u554a\u554a\u554a\u554a"
        },
        {
            "reply_id": "UgwurhIK-SckWBsZcfN4AaABAg",
            "reply_content": "\u963f\u74dc\u4f60\u597d\u55ce"
        },
        {
            "reply_id": "UgxRGQkJlEN9lK_v83x4AaABAg",
            "reply_content": "\u89ba\u5f97\u6700\u5f8c\u5927\u5b78\u98a8\u52a0\u5047\u9aee\u883b\u597d\u770b\u7684"
        },
        {
            "reply_id": "UgxRF5PXxtLCVbcS9kN4AaABAg",
            "reply_content": "\u958b\u982d\u6709\u4e00\u77ac\u9593\u597d\u50cf\u7530\u99a5\u7504"
        },
        {
            "reply_id": "UgwlsFGGQnXF9DZLjoN4AaABAg",
            "reply_content": "\u54f2\u5b78\u5bb6"
        },
        {
            "reply_id": "UgwuNLn0owc7qkADq914AaABAg",
            "reply_content": "\u597d\u597d\u770b"
        },
        {
            "reply_id": "UgxYGkJRGNg9n3gxlyF4AaABAg",
            "reply_content": "\u597d\u60f3\u8ddf\u4f60\u505a\u670b\u53cb\u5594"
        },
        {
            "reply_id": "Ugx9QqO7QHyojRkkmjJ4AaABAg",
            "reply_content": "\u6768\u4e1e\u7433\u4f60\u597d"
        },
        {
            "reply_id": "Ugzsh9g6yuKeI646eXF4AaABAg",
            "reply_content": "\u660e\u8ed2\u6211\u60f3\u554f\u4e00\u4e0b\u4f60\u5c0d\u9999\u6e2f\u7684\u5289\u99ac\u8eca\u6709\u751a\u9ebc\u60f3\u6cd5\uff1f"
        },
        {
            "reply_id": "UgyWxxYfBy9SBA6Kk2B4AaABAg",
            "reply_content": "\u5047\u9aee\u5f88\u597d\u770b\u54e6"
        }
    ]
}