{
    "video_info": {
        "id": "EnzpjXL-T9E",
        "channelTitle": "\u937e\u660e\u8ed2",
        "title": "\u6211\u5230\u65e5\u672c\u5de5\u4f5c\u4e86\uff01",
        "description": "\u7e7c\u7e8c\u7528\u81ea\u5df1\u7684\u65b9\u5f0f\u8ddf\u9019\u500b\u4e16\u754c\u6253\u8457\u4ea4\u9053\n\u70ba\u4e0b\u4e00\u6b21\u4eae\u76f8\u4f5c\u6e96\u5099 \u6df1\u77e5\u81ea\u5df1\u5fc5\u9808\u8981\u662f\u7cbe\u5f69\u7684\n\u6e05\u695a\u7684\u77e5\u9053\u9019\u4e00\u79d2\u7684\u81ea\u5df1\u8ddf\u4e0a\u4e00\u79d2\u7684\u81ea\u5df1\u5df2\u662f\u4e0d\u540c\u4eba\n\u4e0d\u539f\u5730\u8e0f\u6b65 \u53ea\u505a\u597d\u300e\u7dbb\u653e\u300f\u9019\u4ef6\u4e8b\n\u5c31\u7b97\u5927\u90e8\u5206\u7684\u4eba\u4e0d\u8a8d\u540c\u67d0\u4e9b\u4e8b\n\u6211\u4e5f\u6c38\u9060\u76f8\u4fe1\u5728\u5730\u7403\u4e0a\u7684\u67d0\u500b\u5730\u65b9\n\u6703\u6709\u90a3\u9ebc\u5e7e\u4f4d\u4eba\u58eb\u660e\u767d \u90a3\u4e9b\u6211\u505a\u7684\u4e8b\n\nKIREI\u662f\u6211\u6700\u8fd1\u8b8a\u7f8e\u7684\u6e20\u9053\n\u76f8\u4fe1\u5728\u5730\u7403\u4e0a\u7684\u5927\u5bb6\u4e5f\u90fd\u662f\u5404\u53f8\u5176\u8077\n\u80fd\u628a\u81ea\u5df1\u4efd\u5167\u4e8b\u52d9\u505a\u597d\u7684\nKIREI\n\u7d55\u5c0d\u662f\u5176\u4e2d\u4e00\u500b\n- - -\nKIREI \u67d4\u5149\u6e05\u900f\u990a\u819a\u7c89\u9905\ud83d\udd17\uff1a https://tklab.tw/Nz4t",
        "likeCount": "18494",
        "commentCount": "1314",
        "viewCount": "482009"
    },
    "comments": [
        {
            "reply_id": "Ugw_kyXX2atZMX5f7Ip4AaABAg",
            "reply_content": "\u771f\u597d\u770b"
        },
        {
            "reply_id": "UgwV6fB5RoU6zCYvQKJ4AaABAg",
            "reply_content": "\u6709\u6642\u5019\u770b\u4f60\u8b1b\u8a71\u90fd\u89ba\u5f97\u597d\u6709\u7834\u788e\u611f\u55da\u55da\u55da\n\u8f9b\u82e6\u4f60\u4e86"
        },
        {
            "reply_id": "UgzA6dy2W7d5EjSdfVp4AaABAg",
            "reply_content": "\u975e\u5e38\u6f02\u4eae"
        },
        {
            "reply_id": "UgzTfJWuAjhk4TlzonV4AaABAg",
            "reply_content": "\u5728\u822a\u73ed\u4e2d\u6234\u773c\u93e1\u9020\u578b\u5f88\u597d\u770b"
        },
        {
            "reply_id": "Ugyzo442NEhdRgDtlYJ4AaABAg",
            "reply_content": "\u6b38\u4e0d\u662f\u9019\u6b21\u5fe0\u660e\u8ed2\u7684\u599d\u5bb9\u8d85\u6f02\u4eae\uff0c\u5982\u679c\u4ed6\u662f\u5973\u7684\u6211\u6703\u611b\u554a\u54c8"
        },
        {
            "reply_id": "UgwKEg5QDt3weCk3gZ54AaABAg",
            "reply_content": "\u9019\u6b21\u7684\u599d\u5bb9\u771f\u7684\u597d\u9802"
        },
        {
            "reply_id": "Ugy0aNxRKo4t15TGR4R4AaABAg",
            "reply_content": "\u5fe0\u660e\u8ed2\u6211\u611b\u4f60"
        },
        {
            "reply_id": "UgzskYmbBOFhx-tNPQZ4AaABAg",
            "reply_content": "\u5ee3\u544a\u5f88\u8b9a"
        },
        {
            "reply_id": "Ugxzejbp-nrMbUl43294AaABAg",
            "reply_content": "\u6211\u89ba\u5f97\u4f60\u8ddf\u5c55\u69ae\u9577\u5f97\u8d8a\u4f86\u8d8a\u50cf\u4e86\u54c8\u54c8\u54c8\u54c8\u54c8"
        },
        {
            "reply_id": "UgybcpHAM-DBJ2eXRFl4AaABAg",
            "reply_content": "\u6377\u904b\u7ad9\u597d\u50cf\u6709\u64ad\u653e\u904e"
        },
        {
            "reply_id": "Ugz6PuPxEdSOZhjx6it4AaABAg",
            "reply_content": "\u4e2d\u56fd\u4e1c\u5317\u5927\u628a\u7684\u8fd9\u79cd\u5730\u65b9"
        },
        {
            "reply_id": "Ugz9v_k5rR_sl6r7EIR4AaABAg",
            "reply_content": "\u597d\u6f02\u4eae\u5537"
        },
        {
            "reply_id": "UgyVMRweg08tHhTH7b54AaABAg",
            "reply_content": "\u6709\u75c5\u8981\u6cbb\u7597"
        },
        {
            "reply_id": "UgzWmIael-H-eSHVgGB4AaABAg",
            "reply_content": "\u592a\u9069\u5408\u4f60\u53fb"
        },
        {
            "reply_id": "UgzNXJSu7VtLpZZ76s54AaABAg",
            "reply_content": "\u597d\u559c\u6b61"
        },
        {
            "reply_id": "UgxWsPznx4YKZHWKSRB4AaABAg",
            "reply_content": "\u54c7\u7f8e\u4eba\u597d\u4e45\u4e0d\u898b"
        },
        {
            "reply_id": "UgzDsNdlvr1rjBJMbA54AaABAg",
            "reply_content": "\u8acb\u554f\u65e5\u672c\u62b9\u8336\u5976\u971c\u600e\u9ebd\u8ddf\u5e97\u54e1\u8aaa\u8b1d\u8b1d"
        },
        {
            "reply_id": "Ugy7dHRiNgRMGDyH_Vx4AaABAg",
            "reply_content": "\u597d\u68d2\u53c8\u62cd\u5f97\u592a\u6f02\u4eae\u559c\u6b61\u8b9a"
        },
        {
            "reply_id": "Ugy7PAOM35ZnI8kXkE54AaABAg",
            "reply_content": "\u770b\u5230\u771f\u7684\u6703\u60f3\u8cb7"
        },
        {
            "reply_id": "UgwWQ0nZ-W-TRrYfCZp4AaABAg",
            "reply_content": "\u7acb\u523b\u53bb\u8cb7"
        },
        {
            "reply_id": "UgzRDM2qxPsj0nWS1H14AaABAg",
            "reply_content": "\u7c89\u9905\u5728\u54ea\u8cb7"
        },
        {
            "reply_id": "Ugw5COTxkos3a98leY94AaABAg",
            "reply_content": "\u597d\u7c73\u6211\u8aaa\u660e\u8ed2 \u4e0d\u77e5\u9053\u70ba\u4ec0\u9ebc\u9019\u6b21\u6211\u89ba\u5f97\u771f\u8d85\u597d\u770b \u4e0d\u77e5\u9053\u662f\u4e0d\u662f\u56e0\u70ba\u570b\u5bb6\u4e0d\u540c\u624b\u6cd5\u4e5f\u4e0d\u540c"
        },
        {
            "reply_id": "UgyO2e-mPivQZt9R8wp4AaABAg",
            "reply_content": "\u9019\u6b21\u5ee3\u544a\u771f\u7684\u62cd\u7684\u7279\u5225\u597d\u770b\u6211\u771f\u7684\u6703\u53bb\u8cb7\u90a3\u500b\u7c89\u9905\u8a66\u8a66\u770b\ud83d\ude02"
        },
        {
            "reply_id": "UgzxtO-_4QeimXzASV94AaABAg",
            "reply_content": "\u60f3\u8cb7"
        },
        {
            "reply_id": "UgwXhydEGLTZjo2SPV54AaABAg",
            "reply_content": "\u98db\u6a5f\u9910\u904e\u5834\u756b\u9762\u8d85\u597d\u7b11"
        }
    ]
}