{
    "video_info": {
        "id": "gI2-WZUW9gY",
        "channelTitle": "\u937e\u660e\u8ed2",
        "title": "\u8001\u5a18\u63a5\u5230\u696d\u914d\u4e86\uff01",
        "description": "\u4eca\u5929\u4ee5\u79cb\u51ac\u6642\u5c1a\u7684\u59ff\u614b\u4f86\u8ddf\u5927\u5bb6\u9032\u884c\u5e74\u672b\u6703\u9762\n\u8fd1\u671f\u672c\u4eba\u89ba\u5f97\u597d\u7528\u7684\u7522\u54c1\u90fd\u5728\u9019\u7897\u767d\u83dc\u6ef7\u88e1 \n\u8acb\u81ea\u884c\u4eab\u7528\uff5e\uff5e\n\n\uff3f\n\u5bf6\u62c9\u62c9\u62c9\u62c9\uff5e\ud83d\udd17\uff1a https://reurl.cc/Oky4DD",
        "likeCount": "20355",
        "commentCount": "842",
        "viewCount": "501687"
    },
    "comments": [
        {
            "reply_id": "UgyjnHzTz_EZCxx_qjt4AaABAg",
            "reply_content": "\u9019\u771f\u7684\u597d\u7528\u4e0d\u662f\u696d\u914d\u8b9a\u7f8e"
        },
        {
            "reply_id": "UgwE9EwagFM6Ik3jPjp4AaABAg",
            "reply_content": "\u53ef\u4ee5\u554f\u670d\u88dd\u54c1\u724c\u6216\u54ea\u88e1\u8cb7\u7684\u55ce"
        },
        {
            "reply_id": "UgyynLa65bw0-BSn_VJ4AaABAg",
            "reply_content": "\u4f60\u4eca\u5929\u8863\u670d\u8ddf\u5e3d\u5b50\u597d\u6f02\u4eae"
        },
        {
            "reply_id": "Ugw1jdEaCgG5H13CYWB4AaABAg",
            "reply_content": "\u7a81\u7136\u559c\u6b22\u8fd9\u90e8\u5f71\u7247\u4e0d\u77e5\u9053\u4e3a\u4ec0\u4e48"
        },
        {
            "reply_id": "UgyiTqTiWJkiJYb_p8N4AaABAg",
            "reply_content": "\u5144\u5f1f\u53b2\u5bb3\u5662"
        },
        {
            "reply_id": "UgwFGOmqydsuyeKWBOt4AaABAg",
            "reply_content": "\u770b\u4f86\u6709\u79ae\u7269\u9001\u5973\u670b\u53cb\u4e86"
        },
        {
            "reply_id": "UgwC9GlOYd2nOtorgkh4AaABAg",
            "reply_content": "\u5f88\u9177\u7684\u60f3\u6cd5"
        },
        {
            "reply_id": "UgxZJV3oEgWGqmsY6cR4AaABAg",
            "reply_content": "\u5f8c\u9762\u90a3\u6bb5\u8b1b\u5f97\u5f88\u597d\uff0c\u5c31\u8ddf\u4f60\u5c0f\u5b69\u4eca\u5929\u770b\u4e86\u8718\u86db\u7136\u5f8c\u4ed6\u81ea\u5df1\u6545\u610f\u8dd1\u53bb\u7d66\u8718\u86db\u54ac\u96e3\u9053\u4f60\u8981\u8aaa\u662f\u8718\u86db\u4eba\u5c0e\u6f14\u7684\u554f\u984c\u55ce?"
        },
        {
            "reply_id": "UgyVGvCGsvNQHDDu9ax4AaABAg",
            "reply_content": "\u4f60\u597d\u7626\u54e6"
        },
        {
            "reply_id": "Ugy1Bh4UOKnPhjmYIDt4AaABAg",
            "reply_content": "\u6211\u4e5f\u89ba\u5f97\u5982\u679c\u96a8\u4fbf\u4e00\u500b\u5f71\u7247\u770b\u4e86\u5c31\u88ab\u5f71\u97ff\u505a\u7d50\u675f\u751f\u547d\u7684\u9019\u500b\u6c7a\u5b9a\uff0c\u8981\u4e0d\u662f\u4ed6\u672c\u4f86\u5c31\u60f3\u6b7b\uff08\u770b\u4e0d\u770b\u5f71\u7247\u90fd\u6703\u505a\u9019\u500b\u6c7a\u5b9a\uff09\u4e0d\u7136\u5c31\u662f\u4ed6\u771f\u7684\u610f\u5fd7\u529b\u8584\u5f31"
        },
        {
            "reply_id": "UgzzTjRP7ZEUz5FKWex4AaABAg",
            "reply_content": "\u559c\u6b61\u770b\u4f60\u7684\u5f71\u7247\u5c31\u662f\u771f\u7684\u5f88\u6709\u80fd\u91cf~\u4f60\u662f\u767c\u5149\u7684\u9748\u9b42"
        },
        {
            "reply_id": "UgxXHJpU2jmzU0a7dhZ4AaABAg",
            "reply_content": "\u8fa3\u53f0\u59b9"
        },
        {
            "reply_id": "Ugy9NdgIsh8TZTZvqoh4AaABAg",
            "reply_content": "\u62d2\u8cb7"
        },
        {
            "reply_id": "UgwcEqiodOIsyN26IrJ4AaABAg",
            "reply_content": "\u600e\u9ebc\u6703\u6709\u696d\u914d\u5f71\u7247\u6703\u8b93\u6211\u4e00\u76f4\u7b11\u5566"
        },
        {
            "reply_id": "UgzEqCrLD-kBCplgRyh4AaABAg",
            "reply_content": "\u4f60\u597d\u6f02\u4eae"
        },
        {
            "reply_id": "Ugw7erU5pX5adR_ceKJ4AaABAg",
            "reply_content": "\u4e0d\u932f"
        },
        {
            "reply_id": "UgydQg_9HVnHkh0NBAF4AaABAg",
            "reply_content": "\u662f\u8ab0\u8001\u662f\u8981\u6c42\u55ae\u6311\u6642\u9418\u6c92\u6709\u4ed8\u6b3e\uff0c\u6211\u771f\u7684\u662f\u4e09\u500b\u6642\u9418\u4f5c\u8005"
        },
        {
            "reply_id": "UgyrKdgve16Vu4Vy8rN4AaABAg",
            "reply_content": "\u56db\u500b\u4e0d\u540c\u610f\u53f0\u7063\u66f4\u6709\u529b"
        },
        {
            "reply_id": "UgyL4Cb4tlrCsmqFZn94AaABAg",
            "reply_content": "\u8cb7\u8d77\u4f86"
        },
        {
            "reply_id": "Ugxi83IDywfsw-l65-V4AaABAg",
            "reply_content": "\u60f3\u770b\u660e\u8ed2\u5c0d\u516c\u6295\u7684\u770b\u6cd5"
        },
        {
            "reply_id": "UgzlXxv61Jx1eddzmzl4AaABAg",
            "reply_content": "\u6211\u60f3\u8cb7\u4e86"
        },
        {
            "reply_id": "UgwlsmY8Qb8dgb-mVF54AaABAg",
            "reply_content": "\u5507\u8272\u9019\u500b\u6709\u71d2\u5230\u6211"
        },
        {
            "reply_id": "UgwzI4j4rYj_wPaJueZ4AaABAg",
            "reply_content": "\u623f\u95f4\u5f88\u597d\u770b"
        },
        {
            "reply_id": "UgxwmaPKIFCUnvBRLg54AaABAg",
            "reply_content": "\u63a8\u85a6\u8cb7\u8d77\u4f86"
        },
        {
            "reply_id": "UgyObL5KS8UqGRLsFzF4AaABAg",
            "reply_content": "\u660e\u8ed2\u8acb\u554f\u54ea\u88e1\u8cb7\u5f97\u5230\u5462"
        }
    ]
}