{
    "video_info": {
        "id": "GL2bVm5kvbo",
        "channelTitle": "\u937e\u660e\u8ed2",
        "title": "\u6211\u7684\u7537\u53cb\u662f\u76f4\u7537\uff01",
        "description": "\u76ee\u524d\u70ba\u81ea\u5df1\u4eba\u751f\u4e0b\u7684\u5b9a\u7fa9\u662f\u300e\u751f\u4f86\u662f\u70ba\u4e86\u9ad4\u9a57\u7684\u300f\n\n\u524d\u9663\u5b50\u9ad4\u9a57\u904e\u8ddf\u5973\u751f\u3001gay\u5728\u4e00\u8d77\u5f8c\n\u9019\u6b21\u4f86\u9ad4\u9a57\u672a\u77e5\u9818\u57df\u300e\u76f4\u7537\u300f\n\n\u5176\u5be6\u6253\u5f9e\u5fc3\u88e1\u6211\u58d3\u6839\u5c31\u89ba\u5f97\u9019\u4e16\u4e0a\u6c92\u6709\u6240\u8b02\u7684\n\u300e\u6211\u53ea\u6703\u559c\u6b61\u9019\u500b\u6027\u5225\u7684\u4eba\u300f\u9019\u7a2e\u4e8b\n\u7562\u7adf\u73fe\u5728\u7684\u4eba\u53ea\u8981\u4e00\u51fa\u751f\u5c31\u99ac\u4e0a\u88ab\u5e36\u5165\u9019\u500b\u540d\u70ba\u300e\u793e\u6703\u300f\u7684\u793e\u6703\n\u4ed6\u6c92\u6709\u53c3\u8003\u7bc4\u672c\u53ef\u4ee5\u5148\u5f9e\u65c1\u89c0\u5bdf \u4f3c\u4e4e\u5c31\u88ab\u78ba\u5b9a\u4e86\u65b9\u5411\n\n\u5230\u5e95\u4ec0\u9ebc\u662f\u300e\u78ba\u5b9a\u300f \u4ec0\u9ebc\u662f\u300e\u4e0d\u78ba\u5b9a\u300f \u6211\u7121\u5f9e\u5f97\u77e5\n\u9023\u6211\u6700\u4fe1\u8cf4\u7684\u79d1\u5b78 \u4e5f\u6c92\u6cd5\u8aaa\u5f97\u6e05\n\n\u9019\u4e00\u6b21\u8b1d\u8b1d\u76f4\u7537\u7537\u53cbtroy\u966a\u6211\u73a9\u4e86\u9019\u5834\u904a\u6232\n\u77e5\u9053\u6240\u8b02\u7684\u5bb3\u6015\u90fd\u662f\u4f86\u81ea\u65bc\u81ea\u8eab\u7684\u672a\u77e5\u548c\u4e0d\u4e86\u89e3\n\u800c\u5728\u6211\u5011\u5f7c\u6b64\u76f8\u8655\u904e\u5f8c \u76f8\u4fe1\u6211\u5011\u90fd\u5c0d\u5f7c\u6b64\u7684\u8eab\u4efd\u5b9a\u7fa9\u6709\u4e86\u65b0\u7684\u8996\u91ce\n\n\u5f80\u5f8c\u6211\u5011\u90fd\u5e36\u8457\u9019\u4efd\u65b0\u7684\u79ae\u7269\u7e7c\u7e8c\u52c7\u95d6\u4e0b\u4e00\u9053\u9ad4\u9a57\u5427\n\nLove you\u2764\ufe0f\n\n____\n\u7537\u53cbIG\uff1al_troy__",
        "likeCount": "30623",
        "commentCount": "1329",
        "viewCount": "965204"
    },
    "comments": [
        {
            "reply_id": "UgxzRCTKoSnFApxqQQt4AaABAg",
            "reply_content": "\u7537\u4e3b\u89d2\u5f88\u5e25\u5594"
        },
        {
            "reply_id": "UgxPLs2e59Kna0B5Hip4AaABAg",
            "reply_content": "\u4e00\u76f4\u6c92\u6709\u5f88\u61c2\u76f4\u7537\u7684\u610f\u601d\u67e5\u4e86\u7db2\u8def\u5927\u5bb6\u89e3\u91cb\u90fd\u4e0d\u592a\u4e00\u6a23"
        },
        {
            "reply_id": "UgywPYs2k4v-3ttm81N4AaABAg",
            "reply_content": "\u9019\u9aee\u578b\u597d\u597d\u770b"
        },
        {
            "reply_id": "Ugy6pGQuNGIQ_Auj2K14AaABAg",
            "reply_content": "\u770b\u5230\u63a8\u7279\u5f71\u7247\u56de\u8a2a\u4e00\u6b21\u54c8"
        },
        {
            "reply_id": "Ugw62AUldV0L0ctIw-54AaABAg",
            "reply_content": "\u597d\u5566\u81ed\u7532\u606d\u559c\u4f60"
        },
        {
            "reply_id": "UgxHYrh82QlNagfyHvF4AaABAg",
            "reply_content": "\u611f\u89ba\u4f60\u5011\u5169\u500b\u5f88\u914d"
        },
        {
            "reply_id": "UgwhY8zfKuLOt4UJUPV4AaABAg",
            "reply_content": "\u6eff\u5c4f\u7684\u7c89\u7d05\u6ce1\u6ce1\u662f\u6211\u7684\u932f\u89ba\u55ce\n\u611f\u89ba\u660e\u8ed2\u597d\u5feb\u6a02"
        },
        {
            "reply_id": "UgzpWkwDjwlbge3ahHd4AaABAg",
            "reply_content": "\u96d9\u63d2\u982d\u7684\u6982\u5ff5"
        },
        {
            "reply_id": "UgwNRlS0LFyfZuJErHJ4AaABAg",
            "reply_content": "\u4e7e\u6de8\u7684\u4ea4\u5f80"
        },
        {
            "reply_id": "UgxbvtS1vhwiso6T9RV4AaABAg",
            "reply_content": "\u597d\u5641\u7684\u7537\u540c"
        },
        {
            "reply_id": "UgxGQWxfhWRB6LLa-cJ4AaABAg",
            "reply_content": "\u9019\u500b\u76f4\u7537\u597d\u5927\u65b9"
        },
        {
            "reply_id": "UgxHbEgvZp-E81tkOqN4AaABAg",
            "reply_content": "\u54c7\u597d\u6eab\u67d4\u6b50"
        },
        {
            "reply_id": "UgyrXE8__3OqGfOLZsJ4AaABAg",
            "reply_content": "\u6211\u771f\u5fc3\u5e0c\u671b\u5169\u4eba\u53ef\u4ee5\u4ea4\u5f80"
        },
        {
            "reply_id": "UgyPSkDo0jN1HGRq3i54AaABAg",
            "reply_content": "\u6876\u809b\u9580"
        },
        {
            "reply_id": "UgzSPq2MF7BIIcoiRnJ4AaABAg",
            "reply_content": "\u50cf\u696d\u914d\u9019\u7537\u7684"
        },
        {
            "reply_id": "Ugy6zJ8RL2XzKeeJHct4AaABAg",
            "reply_content": "\u6572\u7897\u4e0b\u96c6"
        },
        {
            "reply_id": "UgwiP5_OQ7bzQfGttvl4AaABAg",
            "reply_content": "\u559c\u6b61\u770b\u8ed2\u8ed2\u5e78\u798f\u7684\u8868\u60c5"
        },
        {
            "reply_id": "UgxNle9FW7fMLcLEoOx4AaABAg",
            "reply_content": "\u6ca1\u6709\u61d2\u89c9\u7684\u4eba"
        },
        {
            "reply_id": "UgzRmGoZo6eQGv_UjuV4AaABAg",
            "reply_content": "\u7537\u7684\u597d\u53ef\u611b"
        },
        {
            "reply_id": "UgwLQFPncQYyC2UwUCJ4AaABAg",
            "reply_content": "\u6211\u7121\u6cd5\u63a7\u5236\u6211\u7684\u5634\u89d2"
        },
        {
            "reply_id": "UgyY0h3E9-uLCCVzy_14AaABAg",
            "reply_content": "\u8d85\u914d\u7684\u5566\u53ef\u611b\u6b7b\u4e86"
        },
        {
            "reply_id": "UgzDwEj6dU4zNEIb7kF4AaABAg",
            "reply_content": "\u4e0d\u812b\u8863\u670d\u50cf\u5b85\u7537\uff0c\u812b\u4e86\u8863\u670d\u5c31\u6709\u4e0d\u4e00\u6a23\u7684\u6c23\u8cea"
        },
        {
            "reply_id": "UgyJpwGWuon-jinsT614AaABAg",
            "reply_content": "\u8b9a"
        },
        {
            "reply_id": "UgxTKi7H-UkT3y0uo6p4AaABAg",
            "reply_content": "\u597d\u5641"
        },
        {
            "reply_id": "UgygLElmzOJT7RKEOaV4AaABAg",
            "reply_content": "\u597d\u5e05"
        }
    ]
}