{
    "video_info": {
        "id": "hvBHnUZGnnA",
        "channelTitle": "\u937e\u660e\u8ed2",
        "title": "\u7576\u7f8e\u9e97\u7684\u4eba\u597d\u96e3!!",
        "description": "\u671f\u5f85\u5730\u7403\u4eba\u5011\u53ef\u4ee5\u6709\u81ea\u4fe1\u7684\u81ea\u7136\u6563\u767c\u81ea\u8eab\u7279\u8cea\uff0c\n\u937e\u660e\u8ed2\u7684\u5f71\u7247\u770b\u518d\u591a\u4f60\u4e5f\u4e0d\u6703\u8b8a\u6210\u937e\u660e\u8ed2\uff0c\n\u4f60\u53ea\u6703\u8b8a\u6210\u53c8\u919c\u53c8\u5641\u7684\u4eff\u5192\u54c1\uff0c\n\u4f46\u5982\u679c\u4f60\u60f3\u4f7f\u7528\u9019\u500b\u7d20\u6750\u8b93\u4f60\u56e0\u6b64\u627e\u5230\u81ea\u5df1\uff0c\u90a3\u4e5f\u4e0d\u8cf4\uff5e\n\nAnd\uff0c\u6211\u7684\u8089\u9ad4\u9577\u5f97\u597d\u770b\u90a3\u662f\u4ed6\u7684\u4e8b\u4e0d\u95dc\u6211\u7684\u4e8b\uff0c\n\u6211\u73fe\u5728\u6b64\u6642\u6b64\u523b\u53ea\u60f3\u795d\u798f\u660e\u5929\u7684\u81ea\u5df1\u80fd\u662f\u500b\u958b\u5fc3\u7684\u4eba\u985e\u3002",
        "likeCount": "26719",
        "commentCount": "1658",
        "viewCount": "597343"
    },
    "comments": [
        {
            "reply_id": "UgwSDMUu_WRWdYyGk0p4AaABAg",
            "reply_content": "\u5657\u81ea\u5351\u7684\u4eba\u662f\u4f60\u5427"
        },
        {
            "reply_id": "UgwEDiup92rpHb0Wscx4AaABAg",
            "reply_content": "\u937e\u660e\u8ed2\u4f60\u73fe\u5728\u662f\u7d20\u984f\u55ce"
        },
        {
            "reply_id": "UgztXqyeN1ArbKREuNB4AaABAg",
            "reply_content": "\u660e\u8ed2\u52a0\u6cb9\u963f\u59e8\u6c38\u9060\u652f\u6301\u4f60"
        },
        {
            "reply_id": "UgwWlh6zlN2HB8jfI4h4AaABAg",
            "reply_content": "\u597d\u81ea\u5927\u554a"
        },
        {
            "reply_id": "Ugzh4P7PEsQtEO5_8YZ4AaABAg",
            "reply_content": "\u8def\u4eba\u4e5f\u5f88\u81ea\u4fe1\u554a"
        },
        {
            "reply_id": "Ugzb_1E0EDl8VeFojJ94AaABAg",
            "reply_content": "\u6211\u89ba\u5f97\u4f60\u60f3\u592a\u591a\u4e86"
        },
        {
            "reply_id": "UgxD5Bm3SDapCXvus_94AaABAg",
            "reply_content": "\u7f8e\u5c31\u662f\u7f8e"
        },
        {
            "reply_id": "UgyU2JGf3wunrZuFqWZ4AaABAg",
            "reply_content": "\u6211\u4e0d\u662f\u9178\u6c11"
        },
        {
            "reply_id": "UgyJhrkUxYvInRRzT6Z4AaABAg",
            "reply_content": "\u5728\u6211\u773c\u88e1\u660e\u8ed2\u6700\u6f02\u4eae"
        },
        {
            "reply_id": "UgzNf-o8Lyd42C5GT9d4AaABAg",
            "reply_content": "\u52a0\u6cb9"
        },
        {
            "reply_id": "UgzySM8mXtcjB-FebI14AaABAg",
            "reply_content": "\u9577\u7684\u6f02\u4eae\u662f\u4f60\u7684\u672c\u4e8b"
        },
        {
            "reply_id": "UgxwYJIPnF9qHMqYbyN4AaABAg",
            "reply_content": "\u62cd\u62cd\u660e\u8ed2\u6c92\u4e8b\u7684"
        },
        {
            "reply_id": "Ugz2oP5JPaAkAdyAagh4AaABAg",
            "reply_content": "\u4f60\u6bd4\u8f03\u9069\u5408\u7576\u5973\u751f \u4f60\u7576\u7537\u751f\u5916\u8868\u8ddf\u52d5\u4f5c\u592a\u5a18\u4e86\u5566"
        },
        {
            "reply_id": "UgyII5zt29x_-EsvZIh4AaABAg",
            "reply_content": "\u8acb\u554f\u9019\u80cc\u666f\u97f3\u6a02\u662f\u751a\u9ebc\u6b4c\u540d"
        },
        {
            "reply_id": "Ugx9Zg9qH5wkeViFeXh4AaABAg",
            "reply_content": "\u8bb2\u8bdd\u62a5\u4e2a\u5730\u70b9\u90fd\u662f\u81ea\u5351\uff0c\u53f0\u6e7e\u4eba\u7684\u601d\u7ef4\u679c\u7136\u4e0e\u4f17\u4e0d\u540c"
        },
        {
            "reply_id": "Ugy0WrJYpvRFppiztY94AaABAg",
            "reply_content": "\u4f60\u5988\u6b7b\u4e86"
        },
        {
            "reply_id": "UgxTYpo8O2Gm02MZTFN4AaABAg",
            "reply_content": "\u90a3\u4e9b\u7f8e\u5973\u5947\u602a\u7684\u9ede\u61c9\u8a72\u4e0d\u662f\u5831\u5730\u540d\uff0c\u800c\u662f\u660e\u660e\u5077\u5077\u8b1b\u4e86\u9592\u8a71\u537b\u5047\u610f\u8ddf\u660e\u8ed2\u548c\u5584\u5730\u6253\u62db\u547c"
        },
        {
            "reply_id": "UgyAuxPDO5epPNXxdfV4AaABAg",
            "reply_content": "\u8acb\u554f\u80cc\u666f\u97f3\u6a02\u662f\u4ec0\u9ebc\u554a"
        },
        {
            "reply_id": "Ugy3jiUdg5O-PVH5WpR4AaABAg",
            "reply_content": "\u4e0d\u77e5\u9053\u4e3a\u4ec0\u4e48\u949f\u660e\u8f69\u4f1a\u88ab\u90a3\u4e48\u591a\u4eba\u8ba8\u538c\uff0c\u6211\u5f88\u559c\u6b22\u4ed6\u7684\u6027\u683c\u8bf6"
        },
        {
            "reply_id": "UgzYYDJGOZbqExxy10F4AaABAg",
            "reply_content": "\u8fc7\u5ea6\u81ea\u4fe1\u4f7f\u4eba\u6050\u6016"
        },
        {
            "reply_id": "UgzvAuYOZJYpAr5Oy-p4AaABAg",
            "reply_content": "\u660e\u8ed2\u6700\u6b63"
        },
        {
            "reply_id": "UgyqNKqJc3m9kJIQwtd4AaABAg",
            "reply_content": "\u6211\u89ba\u5f97\u6211\u4e5f\u8981\u5e6b\u8ddf\u4f60\u71b1\u60c5\u6253\u62db\u547c\u7684\u7c89\u7d72\u8aaa\u4e00\u4e0b\u8a71\u8036\uff01 \u4ed6\u5011\u53ea\u662f\u8981\u8868\u9054\u8b93\u4f60\u77e5\u9053\u5728\u7f8e\u570b\u4e5f\u6709\u4eba\u5728\u95dc\u6ce8\u4f60\u3002\u6211\u81ea\u5df1\u4e5f\u4f4f\u5728\u7f8e\u570b\u5982\u679c\u6709\u4e00\u5929\u6211\u9047\u5230\u4f60\u6211\u4e5f\u6703\u9019\u6a23\u8ddf\u4f60\u6253\u62db\u547c\u4e5f\u7b97\u662f\u5c0d\u4f60\u4e00\u7a2e\u7684\u7a31\u8b9a\u800c\u5df2\u3002"
        },
        {
            "reply_id": "Ugy-BakS1IlIMeA1rkh4AaABAg",
            "reply_content": "\u937e\u660e\u8ed2\u662f\u771f\u7684\u6f02\u4eae"
        },
        {
            "reply_id": "Ugy8lnJmwHsNON9h1fd4AaABAg",
            "reply_content": "\u54c8\u54c8\u54c8\u54c8\u54c8\u54c8\u54c8\u54c8\u54c8\u54c8\u54c8"
        },
        {
            "reply_id": "UgxDFsYAyukCPGCSMch4AaABAg",
            "reply_content": "\u4ed6\u5011\u53ea\u662f\u60f3\u8868\u9054\u81ea\u5df1\u4f86\u81ea\u7f8e\u570b\u5427"
        }
    ]
}