{
    "video_info": {
        "id": "JqFi-etcXmA",
        "channelTitle": "\u937e\u660e\u8ed2",
        "title": "\u4eca\u5929\u600e\u9ebc\u73a9\u81ea\u5df1\uff01",
        "description": "\u4eca\u65e5\u5177\u5099\u7f8e\u7537\u3001\u6e05\u79c0\u3001\u5e25\u3001\u53ef\u611b\u3001\u552f\u7f8e\u3001\u7d33\u58eb\u3001\u6b50\u7f8e\uff5e\nOMG\u5c31\u8ddf\u4f60\u8aaa\u8eab\u9ad4\u597d\u597d\u73a9\uff0c\n\n\u4eca\u5929\u600e\u9ebc\u73a9\u81ea\u5df1\uff1f\n\u9019\u6b21\u9078\u64c7\u9019\u6a23\u3002",
        "likeCount": "29731",
        "commentCount": "2933",
        "viewCount": "630221"
    },
    "comments": [
        {
            "reply_id": "UgxHG495pMEjQMUfgJ94AaABAg",
            "reply_content": "\u611b\u6b7b\u9019\u5957"
        },
        {
            "reply_id": "Ugw7iPWva_uGqOQAnDN4AaABAg",
            "reply_content": "\u597d\u770b"
        },
        {
            "reply_id": "Ugxx4WT8uxnUdx-Wed54AaABAg",
            "reply_content": "\u8d85\u5e25\u7684\u7537\u5b69"
        },
        {
            "reply_id": "UgyMbNc-rhuHTcM3aB14AaABAg",
            "reply_content": "\u9019\u96c6\u96e3\u5f97\u770b\u5230\u7279\u5225\u6709\u7537\u6027\u6c23\u8cea\u7684\u4e00\u9762"
        },
        {
            "reply_id": "Ugxj6bKWNbMnAP8uTOd4AaABAg",
            "reply_content": "\u597d\u611b\u4f60"
        },
        {
            "reply_id": "UgwmR9I4aoVv-yCGQwJ4AaABAg",
            "reply_content": "\u6b50\u7f8e\u7cfb\u8d85\u7f8e\u7684"
        },
        {
            "reply_id": "UgyONq3B-jcJ3Levni54AaABAg",
            "reply_content": "\u8d85\u597d\u770b"
        },
        {
            "reply_id": "UgztSVeOihxmWLDZ0op4AaABAg",
            "reply_content": "\u5f88\u6bba\u52d2"
        },
        {
            "reply_id": "UgzaFF4Bncn-2h0AOw14AaABAg",
            "reply_content": "\u771f\u597d\u770b"
        },
        {
            "reply_id": "UgzTLEuqPEdmh_fXljx4AaABAg",
            "reply_content": "\u597d\u770b\u5230\u7121\u6cd5\u89e3\u91cb"
        },
        {
            "reply_id": "UgwQboVz-Oe79C-ZBw54AaABAg",
            "reply_content": "\u773c\u93e1\u6234\u8116\u5b50\u4e0a\u4e5f\u662f\u6eff\u597d\u770b\u7684"
        },
        {
            "reply_id": "UgwUZI3txw9M2sR7S3F4AaABAg",
            "reply_content": "\u771f\u7684\u5f88\u5e25"
        },
        {
            "reply_id": "Ugy5HtbPelQg_rzMuIN4AaABAg",
            "reply_content": "\u592a\u5e05\u4e86\u5566\u660e\u8f69"
        },
        {
            "reply_id": "UgzSRaY25ZIf0Z_MNlN4AaABAg",
            "reply_content": "\u8d85\u4ed6\u5abd\u5e25"
        },
        {
            "reply_id": "Ugwg0Z-oE_yJVmQx3UN4AaABAg",
            "reply_content": "\u5e05\u7206\u4e86"
        },
        {
            "reply_id": "UgwNr6vRQ26XLu2Yh_V4AaABAg",
            "reply_content": "\u9019\u9020\u578b\u597d\u770b"
        },
        {
            "reply_id": "Ugyukke8DMQqNvXk1lt4AaABAg",
            "reply_content": "\u9019\u4e00\u96c6\u770b\u4f60\u7684\u8868\u60c5\u4f60\u7684\u7ff9\u5634\u4f60\u7684\u5687\u4e00\u8df3\u90fd\u628a\u9ec3\u963f\u59e8\u7b11\u6b7b\u4e86\u5f88\u53ef\u611b"
        },
        {
            "reply_id": "UgxrMuh0gb581SMb8qJ4AaABAg",
            "reply_content": "\u660e\u8ed2\u6211\u662f\u9ec3\u963f\u59e8\u770b\u5230\u4f60\u5fc3\u60c5\u5c31\u5f88\u6109\u5feb\u4f60\u8981\u52a0\u6cb9\u8981\u5805\u5f37\u5594"
        },
        {
            "reply_id": "UgyRdayrfVHrmG_HD5t4AaABAg",
            "reply_content": "\u611f\u89ba\u597d\u5f88\u591a\u6b38"
        },
        {
            "reply_id": "UgwuW8-7idF8fh8ayE94AaABAg",
            "reply_content": "\u597d\u5641\u5fc3"
        },
        {
            "reply_id": "UgxcQcVnvGYvMev_rGt4AaABAg",
            "reply_content": "\u6700\u559c\u6b22\u4f60\u534a\u5e05\u534a\u7f8e\u7684\u8def\u7ebf"
        },
        {
            "reply_id": "Ugw8tNkNZK4JQNZNchx4AaABAg",
            "reply_content": "\u771f\u7684\u5f88\u5e25"
        },
        {
            "reply_id": "UgweQt_e3sr-zkSVC4J4AaABAg",
            "reply_content": "\u4e0d\u7d66"
        },
        {
            "reply_id": "UgxQrUN9XdW5qiGa0nR4AaABAg",
            "reply_content": "\u6574\u500b\u5e25\u7206"
        },
        {
            "reply_id": "UgyW-ZDrW6Z93j7UVlF4AaABAg",
            "reply_content": "\u54c7\u8fd9\u662f\u53e6\u5916\u4e00\u4e2a\u5e05\u4eba"
        }
    ]
}