{
    "video_info": {
        "id": "jQwNl7hZ5lw",
        "channelTitle": "\u937e\u660e\u8ed2",
        "title": "\u6211\u768421\u6b72\u751f\u65e5!!",
        "description": "\u8fd1\u671f\u624d\u958b\u59cb\u9ad4\u9a57\u9053\u9019\u6b72\u6578\u7684\u9b54\u529b\uff0c\n\u6709\u4e86\u524d\u8ddf\u5f8c\u7684\u5c0d\u6bd4\uff0c\u624d\u8a8d\u77e5\u5230\u81ea\u5df1\u4ee5\u524d\u597d\u7dca\u7e43\uff01\n\n\u524d\u5169\u5e74\u7684\u751f\u65e5\u90fd\u662f\u81ea\u5df1\u904e\uff0c\n\u4eca\u5e7421\u6b72\u4e86\uff0c\u5076\u723e\u56de\u5230\u7fa4\u5c45\u4eab\u53d7\u672c\u8cea\uff0c\n\u771f\u7684..\u5f88\u5feb\u6a02\uff0c\n\u5118\u7ba1\u5927\u90e8\u5206\u7684\u6642\u9593\u90fd\u82b1\u5728\u8d70\u8def\u8ddf\u585e\u8eca\u4e0a\uff0c\n\u4f46\u6211\u6c92\u60f3\u5230\u539f\u4f86\u9019\u6a23\u7684\u751f\u6d3b\u662f\u90a3\u9ebc\u7684\u5e73\u975c\u3001\u90a3\u9ebc\u7684\u9b06\u3002\n\n\u5f88\u6392\u65a5\u9019\u6b72\u6578\u7684\u4eba\u90fd\u6703\u6709\u7684\u5e7c\u7a1a\uff0c\n\u4f46\u6c92\u6709\u4e86\u5e7c\u7a1a\uff0c\u89ba\u9192\u5f9e\u54ea\u4f86\uff1f",
        "likeCount": "23208",
        "commentCount": "1894",
        "viewCount": "489304"
    },
    "comments": [
        {
            "reply_id": "UgzHohcqrDS2nq81Lzh4AaABAg",
            "reply_content": "\u751f\u65e5\u5feb\u6a02"
        },
        {
            "reply_id": "UgwEYAH-U1ko665MQ7x4AaABAg",
            "reply_content": "\u751f\u65e5\u5feb\u6a02\u570b\u969b\u7f8e\u4eba"
        },
        {
            "reply_id": "UgylZsVT4Z-hTLChA194AaABAg",
            "reply_content": "\u751f\u65e5\u5feb\u6a02\u6b4c"
        },
        {
            "reply_id": "Ugz47EGcey6Rg7nydeV4AaABAg",
            "reply_content": "\u6211\u8ba4\u4e3a\u949f\u660e\u8f69\u5f88\u50cf\u4eba\u5996"
        },
        {
            "reply_id": "UgyNYcNNIv1jfEtm3Rd4AaABAg",
            "reply_content": "\u5f8c\u9762\u8d85\u597d\u7b11"
        },
        {
            "reply_id": "UgxV0hH2wRe3Lo0afbd4AaABAg",
            "reply_content": "\u770b\u5230\u90fd\u89ba\u5f97\u597d\u958b\u5fc3"
        },
        {
            "reply_id": "UgwexSqMnooAycKTvsJ4AaABAg",
            "reply_content": "\u7d50\u5c3e\u8d85\u597d\u7b11"
        },
        {
            "reply_id": "UgwbO-RgkDm8HVsqU8x4AaABAg",
            "reply_content": "\u660e\u8ed2\u662f\u4f4f\u54ea\u88e1"
        },
        {
            "reply_id": "UgyFG59MesuVxfmGX-V4AaABAg",
            "reply_content": "\u4eba\u985e\u662f\u5973\u795e\u5427"
        },
        {
            "reply_id": "UgzUCri5q8Y6UnGndo94AaABAg",
            "reply_content": "\u8fa3"
        },
        {
            "reply_id": "Ugwe25b-GQw4l5sXfI94AaABAg",
            "reply_content": "\u6700\u5f8c\u670b\u53cb\u4e00\u8d77\u7d50\u5c3e\u4e5f\u592a\u597d\u7b11\u54c8\u54c8"
        },
        {
            "reply_id": "Ugy_lV9OLl3hdi8071d4AaABAg",
            "reply_content": "\u592a\u53ef\u611b\u4e86"
        },
        {
            "reply_id": "Ugzay5kXcBbaYtnidcF4AaABAg",
            "reply_content": "\u751f\u65e5\u5feb\u6a02"
        },
        {
            "reply_id": "UgwXAci-mvmS1gr_Btt4AaABAg",
            "reply_content": "\u660e\u8ed2\u4f60\u7684\u8056\u8a95\u6a39\u662f\u4e0d\u662f\u6c92\u6709\u628a\u8449\u5b50\u6253\u958b\u554a"
        },
        {
            "reply_id": "Ugwvq6FuQzhsj0AmMHd4AaABAg",
            "reply_content": "\u54c7\u4f60\u5dee\u9ede\u88ab\u649e"
        },
        {
            "reply_id": "Ugz5V6oFhEUYnkF55714AaABAg",
            "reply_content": "\u937e\u660e\u8ed2\u570b\u969b\u7f8e\u4eba\u751f\u65e5\u5feb\u6a02"
        },
        {
            "reply_id": "UgyL_h1flq1cUIi5qSV4AaABAg",
            "reply_content": "\u8fd9\u4e0d\u662f\u4eba\u5996\u5417"
        },
        {
            "reply_id": "UgwDI8ydqBgsr3OjOgV4AaABAg",
            "reply_content": "\u8a02\u95b1\u63da\u5c0f\u63da\u65e5\u5e38"
        },
        {
            "reply_id": "Ugwf4nvI6unEbzANYy14AaABAg",
            "reply_content": "\u770b\u5f97\u51fa\u660e\u8f69\u8d8a\u6765\u8d8a\u597d\u4e86"
        },
        {
            "reply_id": "Ugza-WG4rNqCixjo_EF4AaABAg",
            "reply_content": "\u7d50\u5c3e\u597d\u597d\u7b11"
        },
        {
            "reply_id": "UgwwF43uo9pWhW3ynLZ4AaABAg",
            "reply_content": "\u904e\u5f97\u958b\u5fc3\u5c31\u597d"
        },
        {
            "reply_id": "UgxZAeUYaUi-Uunailh4AaABAg",
            "reply_content": "\u6709\u670b\u53cb\u4e00\u8d77\u904e\u751f\u65e5\u662f\u4e00\u4ef6\u5feb\u6a02\u7684\u4e8b"
        },
        {
            "reply_id": "Ugx4ZzZWUmfvyj65n-t4AaABAg",
            "reply_content": "\u751f\u65e5\u5feb\u6a02"
        },
        {
            "reply_id": "UgxD4g2_t9Qq1hDZiTt4AaABAg",
            "reply_content": "\u90a3\u500b\u8056\u8a95\u6a39\u662f\u4e0d\u662f\u6c92\u6253\u958b"
        },
        {
            "reply_id": "Ugw04kF-gaskPvn2l3R4AaABAg",
            "reply_content": "\u66f8\u8cb7\u5230\u4e86\u55ce"
        }
    ]
}