{
    "video_info": {
        "id": "Keh5FINAZbM",
        "channelTitle": "\u937e\u660e\u8ed2",
        "title": "\u5ee0\u5546\u5230\u5e95\u5728\u5e79\u561b!!",
        "description": "\u6700\u8fd1\u53c8\u5728\u751f\u6d3b\u4e2d\u767c\u73fe\u8d85\u503c\u5f97\u62ff\u4f86\u9760\u5317\u7684\u7522\u54c1\uff0c\n\u9019\u4e9b\u6771\u897f\u6709\u4e9b\u662f\u5ee0\u5546\u5bc4\u4f86\u7684\u516c\u95dc\u54c1\u3001\u6709\u4e9b\u662f\u81ea\u5df1\u81ea\u4e3b\u8cfc\u8cb7\u7684\uff0c\n\u6709\u6642\u5019\u771f\u7684\u770b\u4e0d\u592a\u61c2\u5ee0\u5546\u5011\u5230\u5e95\u5728\u60f3\u4ec0\u9ebc\u6771\u897f\uff1f\n\u70ba\u4ec0\u9ebc\u6703\u88fd\u9020\u4e00\u4e9b\u5ee2\u7269\u51fa\u4f86\u8b93\u5927\u773e\u8cfc\u8cb7\uff0c\nOK\u6211\u77e5\u9053\u9019\u6642\u5019\u4e00\u5b9a\u6703\u6709\u6b63\u7fa9\u9b54\u4eba\u8df3\u51fa\u4f86\u8aaa\uff0c\n\uff08\u5546\u54c1\u597d\u4e0d\u597d\u7528\u662f\u4e3b\u89c0\u5fc3\u5f97\uff0c\u4f60\u6191\u4ec0\u9ebc\u6279\u8a55\uff09\uff0c\n\u4f46\u7167\u9019\u500b\u908f\u8f2f\u4f86\u770b\uff0c\n\u597d\u7528\u7684\u6771\u897f\u5e38\u5e38\u88ab\u540d\u4eba\u5011\u62ff\u4f86\u696d\u914d\u63a8\u85a6\uff0c\n\u4f46\u540d\u4eba\u89ba\u5f97\u4ed6\u597d\u7528\uff0c\u6211\u5011\u4e0d\u898b\u5f97\u6703\u89ba\u5f97\u771f\u7684\u597d\u7528\u554a\uff01\n\u9019\u6642\u5019\u6211\u662f\u4e0d\u662f\u4e5f\u53ef\u4ee5\u8aaa\uff08\u597d\u4e0d\u597d\u7528\u662f\u4e5f\u5f88\u4e3b\u89c0\u7684\uff0c\u8acb\u4e0d\u8981\u63a8\u85a6\uff0c\uff09\n\nAnyway\u6211\u89ba\u5f97\u662f\u5ee2\u7269\u5c31\u662f\u5ee2\u7269\uff0c\u628a\u9019\u4e9b\u5ee2\u7269\u5206\u4eab\u51fa\u4f86\u7d66\u5927\u5bb6\u77e5\u9053\uff0c\n\u6216\u8a31\u6709\u4eba\u540c\u610f\u3001\u6216\u8a31\u6709\u4eba\u4e0d\u5728\u4e4e\uff0c\u9019\u4e9b\u90fdok\uff01\n\n\u6700\u5f8c\u5c31\u795d\u798f\u53f0\u7063\u5ee0\u5546\u5011\u7e7c\u7e8c\u88fd\u9020\u721b\u7522\u54c1\uff0c\u8b93\u6211\u53ef\u4ee5\u64c1\u6709\u66f4\u591a\u8a66\u7528\u7684\u6a5f\u6703\u56c9\ud83d\ude18",
        "likeCount": "35044",
        "commentCount": "1894",
        "viewCount": "1005466"
    },
    "comments": [
        {
            "reply_id": "UgwjvUIM1xrfy5HMR_h4AaABAg",
            "reply_content": "\u9760\u80cc\u5c31\u662f\u9032\u6b65\u7684\u52d5\u529b"
        },
        {
            "reply_id": "UgySWlEYo7wmcdBat-J4AaABAg",
            "reply_content": "\u73c2\u6f64\u7684\u4fdd\u6fd5\u5674\u9727\u771f\u7684\u5f88\u721b\uff01\u540c\u610f\u4f60\u7684\u5f71\u7247\u5167\u5bb9"
        },
        {
            "reply_id": "Ugw-BSBzHPumVl06RAt4AaABAg",
            "reply_content": "\u67ef\u6f64\u90a3\u500b\u62ff\u4f86\u7576\u9aee\u81a0\u61c9\u8a72\u4e0d\u932f"
        },
        {
            "reply_id": "UgwzEDj5y8gmqA97dSF4AaABAg",
            "reply_content": "\u6211\u5bb6\u88e1\u4e5f\u6709\u4f60\u90a3\u4e00\u96bb\u5c0f\u72d7\u72d7"
        },
        {
            "reply_id": "UgzFD56mSF6HvPwHDnt4AaABAg",
            "reply_content": "\u6211\u771f\u7684\u5f88\u6015\u4f60\u88ab\u5ee0\u5546\u544a"
        },
        {
            "reply_id": "UgxLBjbHH8Q2boqaWHF4AaABAg",
            "reply_content": "\u5478"
        },
        {
            "reply_id": "UgwnuXTV6kcNqZK4VON4AaABAg",
            "reply_content": "\u53e3\u7d05\u984f\u8272\u597d\u6f02\u4eae"
        },
        {
            "reply_id": "UgwihpiPc0cwdVumPlR4AaABAg",
            "reply_content": "\u6211\u60f3\u8981\u96b1\u5f62\u773c\u93e1\u54c8\u54c8\u54c8\u54c8"
        },
        {
            "reply_id": "UgwJ_2jGzggYpiVSAFR4AaABAg",
            "reply_content": "\u96b1\u5f62\u773c\u93e1\u771f\u7684\u5f88\u721b"
        },
        {
            "reply_id": "Ugy0BR2_29oPK0DftUh4AaABAg",
            "reply_content": "\u8fd9\u4e2a\u9690\u5f62\u773c\u955c\u771f\u7684\u5f88\u70c2"
        },
        {
            "reply_id": "UgytNV3NrgktZpo7y894AaABAg",
            "reply_content": "\u559c\u6b61\u9019\u500b\u5f71\u7247\u53ef\u4ee5\u6e1b\u5c11\u8cb7\u5230\u96f7\u7684\u5546\u54c1"
        },
        {
            "reply_id": "UgyA8EwJb_4csaAjfU94AaABAg",
            "reply_content": "\u53ef\u60b2\u7684\u6027\u7570\u5e38"
        },
        {
            "reply_id": "Ugyz2nhE167n_EibdzJ4AaABAg",
            "reply_content": "\u662f\u570b\u969b\u919c\u4eba\u937e\u660e\u8ed2"
        },
        {
            "reply_id": "UgyDMouXKiyiQSl5GUB4AaABAg",
            "reply_content": "\u9019\u958b\u982d\u6211\u89ba\u5f97\u53ef\u4ee5"
        },
        {
            "reply_id": "UgzGFOpqZk4YXbJH_xh4AaABAg",
            "reply_content": "\u6211\u770b\u5230\u5927\u61f6\u53eb\u4e86"
        },
        {
            "reply_id": "UgwJuNqpAhZxvVMHRKN4AaABAg",
            "reply_content": "\u4eba\u5996"
        },
        {
            "reply_id": "UgyIk_n3PAZ0G3o8lY94AaABAg",
            "reply_content": "\u771f\u7684\u5f88\u9760\u5317\u54c8\u54c8\u54c8\u54c8"
        },
        {
            "reply_id": "Ugxhn5TIxBdg1hy54JJ4AaABAg",
            "reply_content": "\u62dc\u8a17\u4f60\u5ba3\u50b3"
        },
        {
            "reply_id": "UgxDFXWqEasTht2-QfR4AaABAg",
            "reply_content": "\u9ebb\u7169\u8acb\u53f0\u7063\u652f\u6301\u5b89\u6a02\u6b7b"
        },
        {
            "reply_id": "UgypU_-FP9qLNQXVxGt4AaABAg",
            "reply_content": "\u5e0c\u671b\u80fd\u8ddf\u4f60\u62cd\u7247"
        },
        {
            "reply_id": "Ugy4PV8Ssu0uGo5S2IB4AaABAg",
            "reply_content": "\u6211\u8981\u554f\u4f60\u4f60\u958b\u982d\u5728\u5e79\u561b"
        },
        {
            "reply_id": "UgwVQyE7wdibSGvifYt4AaABAg",
            "reply_content": "\u660e\u8f69\u54e5\u54e5\u6211\u4eca\u5929\u5728\u5546\u52a1\u770b\u5230\u4e00\u672c\u4f60\u7684\u4e66\u8d85\u6fc0\u52a8\u7684"
        },
        {
            "reply_id": "UgzdfSDn_z18eZzHWhx4AaABAg",
            "reply_content": "\u6279\u8bc4\u4eba\u5148\u770b\u770b\u4f60\u5427"
        },
        {
            "reply_id": "Ugx3_c_6gVFjsWpdMrZ4AaABAg",
            "reply_content": "\u96d6\u7136\u90a3\u96b1\u5f62\u773c\u93e1\u5f88\u96e3\u6234 \u4f46\u4f60\u6234\u8d77\u4f86\u771f\u7684\u66f4\u7f8e\u4e86"
        },
        {
            "reply_id": "UgxThRGudaxbrwkOU9J4AaABAg",
            "reply_content": "\u592a\u76e3\u54e5"
        }
    ]
}