{
    "video_info": {
        "id": "kVGjYaY2ILs",
        "channelTitle": "\u937e\u660e\u8ed2",
        "title": "\u6211\u4e0a\u96fb\u8996\u5ee3\u544a\u4e86\uff01\uff01",
        "description": "\u539f\u672c\u53ea\u6d3b\u5728\u65bc\u7db2\u8def\u4e16\u754c\n\u5efa\u7acb\u4e86\u591a\u7a2e\u7248\u672c\u7684\u81ea\u5df1 \n\u5728\u79c1\u4e0b\u8207\u516c\u773e\u4e0a\u81ea\u7531\u7684\u6e38\u8d70 \u7a7f\u68ad\u5728\u6bcf\u6b21\u7d66\u4e88\u81ea\u5df1\u7684\u8a2d\u5b9a\n\u7576\u88ab\u554f\u5230\u70ba\u4f55\u79c1\u4e0b\u898b\u9762\u90fd\u6703\u7d66\u4eba\u4e00\u7a2e\u5f88\u6709\u8ddd\u96e2\u7684\u6a23\u5b50\n\u5176\u5be6\u81ea\u5df1\u4e5f\u4e0d\u662f\u6545\u610f\u7684 \u56e0\u70ba\u9023\u6211\u81ea\u5df1\u90fd\u7121\u6cd5\u7d66\u4e88\u81ea\u5df1\u4e00\u7a2e\u78ba\u5b9a\u7684\u5f62\u8c61\n\u300e\u8b8a\u300f\u662f\u6211\u4e00\u76f4\u90fd\u5728\u611f\u53d7\u7684 \n\u4e5f\u552f\u6709\u300e\u8b8a\u300f\u662f\u6211\u53ef\u4ee5\u78ba\u5b9a\u7684\n\n\u5f88\u69ae\u5e78\u9019\u6b21\u53ef\u4ee5\u56e0\u70ba\u65b0\u666e\u5229\u7684\u95dc\u4fc2\u8b93\u66f4\u591a\u7684\u4eba\u6709\u6a5f\u6703\u8a8d\u8b58\u9019\u6a23\u7684\u6211\n\u8b93\u6211\u7e7c\u7e8c\u904a\u8d70\u5728\u78ba\u5b9a\u8207\u4e0d\u78ba\u5b9a\u4e4b\u9593\n\u60f3\u8981\u7f8e \u5c31\u52aa\u529b\u8b8a\u6210\u81ea\u5df1\u60f3\u8c61\u4e2d\u5c0d\u65bc\u300e\u7f8e\u300f\u7684\u6a23\u5b50\n\u5728\u6bcf\u4e00\u6b21\u7684\u6454\u788e\u8207\u91cd\u7d44\u4e2d \n\u518d\u6b21\u9047\u898b\u90a3\u500b\u60f3\u50cf\u4e2d\u7684\u81ea\u5df1",
        "likeCount": "21751",
        "commentCount": "1686",
        "viewCount": "469337"
    },
    "comments": [
        {
            "reply_id": "Ugx0SMh9RagdLE6NUCd4AaABAg",
            "reply_content": "\u5ee3\u544a\u771f\u7684\u62cd\u7684\u5f88\u597d"
        },
        {
            "reply_id": "UgwIuaFSIPdfN3Co-wx4AaABAg",
            "reply_content": "\u4f60\u771f\u68d2"
        },
        {
            "reply_id": "Ugyr1GE82r8_YfMtJih4AaABAg",
            "reply_content": "\u570b\u969b\u611b\u6ecb\u6bd2\u7532\u8ed2\u53ef\u4ee5\u63a5\u611b\u6ecb\u75c5\u9632\u6cbb\u7684\u4ee3\u8a00"
        },
        {
            "reply_id": "UgyLJ3mv0sdhTFjdU8Z4AaABAg",
            "reply_content": "\u6211\u5bb6\u5927\u6a13\u7684\u96fb\u68af\u6709\u3127\u500b\u5c08\u9580\u653e\u5ee3\u544a\u7684\u87a2\u5e55\u6709\u59b3\u7684\u5ee3\u544a"
        },
        {
            "reply_id": "Ugxd4SWvC0QPiRi5BVJ4AaABAg",
            "reply_content": "\u597d\u6709\u8cea\u611f"
        },
        {
            "reply_id": "UgzQtSAaHb1QP-IWBlF4AaABAg",
            "reply_content": "\u771f\u7684\u5f88\u7f8e"
        },
        {
            "reply_id": "UgyiNojeF55rfnkEo-94AaABAg",
            "reply_content": "\u88fd\u4f5c\u5718\u968a\u771f\u7684\u5f88\u5c08\u696d\u5f88\u6709\u6d3b\u529b"
        },
        {
            "reply_id": "Ugx8cO95KuXF7wQ3x-F4AaABAg",
            "reply_content": "\u4f60\u771f\u7684\u597d\u6f02\u4eae"
        },
        {
            "reply_id": "UgxSr6NYckDxhSOEorZ4AaABAg",
            "reply_content": "\u9ed1\u8272\u90a3\u5957\u597d\u5e25"
        },
        {
            "reply_id": "UgzVjUPvfh-vxbBKwdV4AaABAg",
            "reply_content": "\u7f8e\u54ed"
        },
        {
            "reply_id": "UgzwBVHbyiiEbIeMgud4AaABAg",
            "reply_content": "\u725b\u903c\u771f\u53b2\u5bb3"
        },
        {
            "reply_id": "UgxHeAUaX6A-nI8mR214AaABAg",
            "reply_content": "\u8aaa\u771f\u7684\u883b\u597d\u770b\u7684"
        },
        {
            "reply_id": "Ugzbx1a7EnRck7CO4ER4AaABAg",
            "reply_content": "\u4f60\u5f88\u7f8e\u4f46\u53ef\u4ee5\u4e0d\u7528\u9b3c\u543c\u9b3c\u53eb"
        },
        {
            "reply_id": "UgzU7nY_5ANpIluJNT94AaABAg",
            "reply_content": "\u7b11\u6b7b\u6211"
        },
        {
            "reply_id": "Ugwad_BnoTaSkQJGgt94AaABAg",
            "reply_content": "\u5f88\u611f\u52d5"
        },
        {
            "reply_id": "UgyxzjP9cjXsr2BeR0p4AaABAg",
            "reply_content": "\u9019\u651d\u5f71\u68da\u5728\u54ea"
        },
        {
            "reply_id": "Ugx2kJfv8uhKLJUsPAV4AaABAg",
            "reply_content": "\u597d\u559c\u6b61\u660e\u8ed2"
        },
        {
            "reply_id": "UgwJm9SHmA4k7pg204t4AaABAg",
            "reply_content": "\u7b2c\u4e09\u5957"
        },
        {
            "reply_id": "Ugz0p7J_tyrDnbfmuhp4AaABAg",
            "reply_content": "\u5f88\u5e25\u8036"
        },
        {
            "reply_id": "UgxAgC64kxbrSLCLm_V4AaABAg",
            "reply_content": "\u6211\u53ea\u60f3\u8aaa\u597d\u7f8e"
        },
        {
            "reply_id": "Ugz_WuLojyKssIG4DiV4AaABAg",
            "reply_content": "\u770b\u5b8c\u597d\u60f3\u8cb7\u662f\u600e\u9ebc\u56de\u4e8b"
        },
        {
            "reply_id": "UgzaePBo9TIBftvZUrJ4AaABAg",
            "reply_content": "\u8d85\u7f8e\u7684"
        },
        {
            "reply_id": "Ugzom4L8izu_11jVmiN4AaABAg",
            "reply_content": "\u6211\u5976\u5976\u4e0d\u6703\u9019\u6a23\u5979\u9084\u883b\u559c\u6b61\u770b\u4f60\u5f71\u7247\u7684"
        },
        {
            "reply_id": "UgyYfA5VTL14XnSKj514AaABAg",
            "reply_content": "\u89ba\u5f97\u53f0\u7063\u4eba\u53ea\u6709\u4f60\u6700\u6d3b\u51fa\u81ea\u5df1\u800c\u4e14\u9084\u517c\u5177\u7f8e\u9e97\u2764"
        },
        {
            "reply_id": "UgxGEYuJfQ7kAo_cpxB4AaABAg",
            "reply_content": "\u6211\u6709\u5728\u5eb7\u662f\u7f8e\u770b\u5230\u9418\u660e\u8ed2\u7684\u5ee3\u544a"
        }
    ]
}