{
    "video_info": {
        "id": "m0rKd8eJi64",
        "channelTitle": "\u937e\u660e\u8ed2",
        "title": "\u8d81\u4e2d\u570b\u958b\u653e\u524d\u8d95\u5feb\u8dd1\uff01",
        "description": "\u53c8\u662f\u7368\u81ea\u4e00\u4eba\u7684\u65c5\u884c\n\u5728\u5404\u570b\u9084\u672a\u958b\u653e\u4e2d\u570b\u65c5\u5ba2\u524d\n\u5728\u7334\u75d8\u9084\u672a\u51fa\u73fe\u5927\u6d41\u884c\u7684\u8de1\u8c61\n\u76e1\u53ef\u80fd\u628a\u63e1\u73fe\u5728\u53ef\u4ee5\u51fa\u570b\u7684\u6bcf\u500b\u6642\u523b\n\n\u751f\u6d3b\u7684\u6a02\u8da3\u4e3b\u8981\u662f\u4f86\u81ea\u5c0d\u65bc\u751f\u6d3b\u7684\u4e0d\u78ba\u5b9a\n\u5982\u679c\u6211\u5011\u53ef\u4ee5\u78ba\u5b9a\u6bcf\u4e00\u4ef6\u4e8b\u7684\u767c\u5c55\n\u90a3\u9ebc\u4eba\u751f\u4e00\u5b9a\u8b8a\u5f97\u8d85\u7121\u804a\n\n\u4f9d\u7136\u4ee5\u6700\u6df1\u523b\u7684\u65b9\u5f0f\u6d3b\u8457\u3002\n\u5018\u82e5\u6211\u4e0d\u662f\u6211\uff0c\u53c8\u6709\u8ab0\u80fd\u66ff\u6211\u7576\u6211\uff1f",
        "likeCount": "15631",
        "commentCount": "816",
        "viewCount": "608760"
    },
    "comments": [
        {
            "reply_id": "UgwWlttTCjtG4MI2adh4AaABAg",
            "reply_content": "\u53ef\u6190 \u570b\u5916\u53c8\u8981\u6709\u7121\u8f9c\u7684\u4eba\u88ab\u570b\u969b\u611b\u6ecb\u6bd2\u7532\u611f\u67d3\u611b\u6ecb\u4e86"
        },
        {
            "reply_id": "UgxCH8EuNnDVMjm6XgJ4AaABAg",
            "reply_content": "\u6211\u5728\u65e5\u672c\u65c5\u6e38\u7684\u65f6\u5019\u5927\u90e8\u5206\u90fd\u662f\u53f0\u6e7e\u97e9\u56fd\u7684 \u4e70\u4e1c\u897f\u65f6\u5019\u8be5\u6392\u961f\u8fd8\u662f\u8981\u6392\u961f\u554a"
        },
        {
            "reply_id": "Ugz2Qga4G65-04F2KzZ4AaABAg",
            "reply_content": "\u60f3\u770b\u660e\u8ed2\u8ddf\u5718"
        },
        {
            "reply_id": "UgzVoq_jUyuADdsP7SB4AaABAg",
            "reply_content": "\u59d0\u771f\u7684\u592a\u5e7d\u9ed8\u4e86"
        },
        {
            "reply_id": "UgxyIEbLTxfRAHguiMp4AaABAg",
            "reply_content": "\u559c\u6b61\u88ab\u83f2\u5f8b\u8cd3\u6876\u5c41\u773c\u55ce"
        },
        {
            "reply_id": "UgzoJRrBQPzqQAIr9Ol4AaABAg",
            "reply_content": "\u53bb\u5357\u6975\u5566"
        },
        {
            "reply_id": "UgydbeA9Oinnx9ceO754AaABAg",
            "reply_content": "\u53ea\u80fd\u8bf4\u4e2d\u56fd\u4eba\u8fd8\u662f\u6709\u94b1"
        },
        {
            "reply_id": "UgzuPMTPLOpa3qGcB1x4AaABAg",
            "reply_content": "\u662f\u4e0d\u662f\u53c8\u8981\u9003\u5175\u4e86"
        },
        {
            "reply_id": "UgxQZOX0N3X4LONuLrd4AaABAg",
            "reply_content": "\u53bb\u5370\u5c3c\u627e\u9054\u5c3c"
        },
        {
            "reply_id": "UgzIcX4i2Ij8kd4qPYN4AaABAg",
            "reply_content": "\u5f9e\u5c0f\u5230\u5927\u6211\u90fd\u559c\u6b61\u856d\u656c\u9a30\uff0c\u7d50\u679c\u4ed6\u73fe\u5728\u8981\u51fa\u570b\u4e86"
        },
        {
            "reply_id": "UgwgqJSMYOvOSTw77oJ4AaABAg",
            "reply_content": "\u75c5\u6bd2\u8981\u88ab\u5927\u91cb\u653e\u4e86"
        },
        {
            "reply_id": "UgwWweotsgL_MMg3hKx4AaABAg",
            "reply_content": "\u597d\u7f8e"
        },
        {
            "reply_id": "Ugxd-sX3seosBhyrovJ4AaABAg",
            "reply_content": "\u53c8\u8981\u627e\u4eba\u8981\u8aaa\u7a2e\u65cf\u6b67\u8996\u56c9"
        },
        {
            "reply_id": "UgwRBBC4lgk5f3EVWmx4AaABAg",
            "reply_content": "\u53ef\u4ee5\u6a21\u4eff\u694a\u4e1e\u7433\u8df3\u821e\u55ce"
        },
        {
            "reply_id": "UgxrtbxFdA65ZNu7xR94AaABAg",
            "reply_content": "\u770b\u660e\u8ed2\u73a9\u6ed1\u7fd4\u5098\u597d\u53ef\u611b\u54c8\u54c8\u54c8\u54c8\u54c8\u54c8\u54c8"
        },
        {
            "reply_id": "Ugyj5sGa_EMr0eFVLZ14AaABAg",
            "reply_content": "\u6211\u89ba\u5f97\u9019\u500b\u4f01\u5283\u672c\u8eab\u662f\u597d\u7684,\u4f46\u662f\u4e0d\u61c9\u8a72\u9019\u6a23\u91dd\u5c0d\u4e2d\u570b\u4eba"
        },
        {
            "reply_id": "UgzXFSIVz89OazXH_k14AaABAg",
            "reply_content": "\u8b1d\u8b1d\u4f60\u8b93\u6211\u5011\u4e00\u76f4\u597d\u50cf\u8ddf\u8457\u4f60\u5230\u8655\u770b\u770b\ud83d\ude0a\u8b1d\u8b1d"
        },
        {
            "reply_id": "UgzqfRy5gD75ARZjrxd4AaABAg",
            "reply_content": "\u81ea\u7531\u7684\u9748\u9b42"
        },
        {
            "reply_id": "Ugxdhg7_CBMqIh5vDsx4AaABAg",
            "reply_content": "\u52a0\u6cb9"
        },
        {
            "reply_id": "UgwogCThOlTpov2If8p4AaABAg",
            "reply_content": "\u57fa\u8001"
        },
        {
            "reply_id": "UgxSuuQLSNjVyrivoEh4AaABAg",
            "reply_content": "\u8fd9\u4f4d\u5973\u58eb\u4f60\u51fa\u73b0\u5728\u6211\u9875\u9762\u6709\u4ec0\u4e48\u76ee\u7684"
        },
        {
            "reply_id": "Ugy5aN-UV3xM5q_VRAJ4AaABAg",
            "reply_content": "\u5b8c\u5168\u5c31\u662f\u95dc\u4e0d\u4f4f\u53c8\u597d\u5947\u7684\u5c04\u624b\u5ea7"
        },
        {
            "reply_id": "Ugyys3--410h5EAPMWF4AaABAg",
            "reply_content": "\u539f\u5730\u5687\u5230\u4e86"
        },
        {
            "reply_id": "Ugzf2jm2IppbO6GaZcx4AaABAg",
            "reply_content": "\u5c0d\u6211\u4f86\u8aaa\u9019\u5c31\u662f\u55ae\u7d14\u56e0\u70ba\u6050\u61fc\u611f\u4e82\u8dd1"
        },
        {
            "reply_id": "UgyorMms9Bt_qud-17V4AaABAg",
            "reply_content": "\u70ba\u4ec0\u9ebc\u6ed1\u7fd4\u5098\u90a3\u4e00\u5e55\u6211\u4e5f\u5728\u6015\u54c8\u54c8\u54c8"
        }
    ]
}