{
    "video_info": {
        "id": "mk8afo5E3Ws",
        "channelTitle": "\u937e\u660e\u8ed2",
        "title": "\u8fd1\u671f\u7528\u5230\u7684\u721b\u8ca8\uff01",
        "description": "\u4eca\u5929\u4ee5\u7562\u696d\u751f\u7684\u59ff\u614b\u4f86\u8ddf\u5927\u5bb6\u5206\u4eab\u8fd1\u671f\u7528\u5230\u7684\u721b\u8ca8\uff0c\n\u5e0c\u671b\u53ef\u4ee5\u964d\u4f4e\u5730\u7403\u6c11\u773e\u5011\u8e29\u96f7\u7684\u6a5f\u7387\u3002\n\n\u96e2\u958b\u5b78\u6821\u4e5f\u5df2\u7d932~3\u500b\u79ae\u62dc\uff0c\n\u76ee\u524d\u70ba\u6b62\u9084\u771f\u6c92\u6709\u4ec0\u9ebc\u7279\u5225\u7684\u611f\u89ba\u53ef\u503c\u5f97\u5206\u4eab\u3002\n\u4f3c\u4e4e\u53ea\u80fd\u611f\u89ba\u5230\u81ea\u5df1\u4e0d\u80fd\u518d\u5c0d\u5916\u5ba3\u7a31\u81ea\u5df1\u662f\u5b78\u751f\u8eab\u4efd\uff0c\n\u800c\u81ea\u5df1\u7684\u4fdd\u8b77\u6846\u4e5f\u958b\u59cb\u6162\u6162\u6d88\u5931\u5728\u6211\u7684\u751f\u6d3b\u88e1\uff0c\n\u5c31\u9019\u6a23\u3002\n\n\u6bcf\u5e74\u90fd\u6703\u6536\u5230\u4e0a\u767e\u5c01\u5404\u5b78\u6821\u5bc4\u4f86\u7684\u62cd\u651d\u7562\u696d\u795d\u798f\u5f71\u7247\u9080\u8acb\uff0c\n\u4eca\u5e74\u56e0\u70ba\u81ea\u5df1\u4e5f\u525b\u597d\u662f\u61c9\u5c46\u7562\u696d\u751f\uff0c\n\u81ea\u5df1\u4e5f\u60f3\u8981\u6700\u5f8c\u518d\u4ee5\u5b78\u751f\u7684\u6a23\u8c8c\u4efb\u6027\u7684\u60f3\u88ab\u795d\u798f\uff0c\n\u6240\u4ee5\u5982\u679c\u6709\u770b\u5230\u9019\u7bc7\u6587\u5b57\u7684\u4eba\uff0c\u6b61\u8fce\u8e34\u8e8d\u5730\u737b\u4e0a\u795d\u798f\uff0c\n\u5c31\u7576\u4f5c\u662f\u518d\u8b93\u81ea\u5df1\u7576\u500b\u77ed\u66ab\u7684\u5c0f\u5b69\u3002\n\n\u8b1d\u8b1d\u5927\u4eba\u5011\u3002\n\n\u4eca\u5f8c\u8acb\u7e7c\u7e8c\u591a\u591a\u6307\u6559\ud83e\udee1",
        "likeCount": "19022",
        "commentCount": "944",
        "viewCount": "530524"
    },
    "comments": [
        {
            "reply_id": "Ugy21j18nCRC9unKXJJ4AaABAg",
            "reply_content": "\u6703\u6392\u65a5\u4f60\u7684\u4eba\u662f\u56e0\u70ba\u4e0d\u4e86\u89e3\u4f60\uff0c\u56e0\u70ba\u4f60\u7684\u81ea\u4fe1\u4e0d\u505a\u4f5c\u7684\u500b\u6027\u662f\u6703\u8b93\u4eba\u8d8a\u4f86\u8d8a\u559c\u6b61\u4f60"
        },
        {
            "reply_id": "Ugwq9gF38FZgY7d08y54AaABAg",
            "reply_content": "\u660e\u8ed2\u7684\u7b11\u8072\u5f88\u6709\u8da3"
        },
        {
            "reply_id": "Ugx7O_LDsbCtC8njQMB4AaABAg",
            "reply_content": "\u4ed6\u5c31\u662f\u63a7\u5236\u4f60\u58d3\u4e00\u4e0b\u7684\u91cf\u554a \u4e0d\u7136\u53c8\u6703\u88ab\u9760\u5317\u8aaa\u751a\u9ebc\u5f88\u5c0f\u4e00\u74f6\u7528\u5f88\u5feb"
        },
        {
            "reply_id": "UgyZ4EsFhHROwXQtJsJ4AaABAg",
            "reply_content": "\u808c\u819a\u4e4b\u9470\u7f3a\u9ede\u5c31\u53ea\u6709\u4e00\u500b\uff0c\u4f46\u537b\u662f\u9760\u5317\u6700\u4e45\u7684"
        },
        {
            "reply_id": "Ugx88t6K_klfJShLdih4AaABAg",
            "reply_content": "\u88ab\u937e\u660e\u8ed2\u9760\u5317\u904e\u5169\u6b21\u7684\u5546\u54c1\u5c31\u77e5\u9053\u5ee0\u5546\u6c92\u5728\u770b\u937e\u660e\u8ed2\u7684\u5f71\u7247"
        },
        {
            "reply_id": "Ugy4zLung56auGa8Djh4AaABAg",
            "reply_content": "\u7d42\u65bc\u80fd\u4e86\u89e3\u4f60\u88ab\u9178\u7684\u611f\u53d7\u4e86"
        },
        {
            "reply_id": "UgxwzLkx2p0rHZfY5Dp4AaABAg",
            "reply_content": "\u53ef\u60b2\uff0c\u4f60\u8fd9\u79cd\u8d70\u5728\u6f6e\u6d41\u5c16\u7aef\u7684\u5a18\u70ae\u4f1a\u88ab\u5f02\u7c7b\u773c\u5149\u770b\u5f85\u90fd\u662f\u6b63\u5e38\u7684\u5427\uff0c\u8bf4\u597d\u8981\u505a\u81ea\u5df1\u5374\u5728\u4e4e\u522b\u4eba\u7684\u773c\u5149\u62ff\u51fa\u81ea\u4fe1\u6765\u4f60\u7684\u81ea\u4fe1\u53bb\u54ea\u91cc\u4e86\u963f\u8f69"
        },
        {
            "reply_id": "UgwcuE_EquaqmQN42k94AaABAg",
            "reply_content": "\u70ba\u4ec0\u9ebc\u8981\u4e1f\u53f0\u7063\u4eba\u7684\u81c9\n\u4e0d\u8981\u6b67\u8996\u99ac\u4f86\u897f\u4e9e\u540c\u80de\u597d\u55ce"
        },
        {
            "reply_id": "UgwZJewLsBGx6Dxna0N4AaABAg",
            "reply_content": "\u4e1f\u53f0\u7063\u4eba\u7684\u81c9"
        },
        {
            "reply_id": "Ugx5Zln0fFF5xscSCiV4AaABAg",
            "reply_content": "\u5641\u5fc3"
        },
        {
            "reply_id": "Ugy6GAIgww5eTRUEyQN4AaABAg",
            "reply_content": "\u4f60\u672c\u8eab\u5c31\u662f"
        },
        {
            "reply_id": "UgwCrMYiXFmjXob1dcZ4AaABAg",
            "reply_content": "\u4f2a\u5584\u7684\u4eba"
        },
        {
            "reply_id": "UgxmpKeij0Y6Vg91wNN4AaABAg",
            "reply_content": "\u597d\u5a18"
        },
        {
            "reply_id": "Ugw3lB2ExWMxzInb5A94AaABAg",
            "reply_content": "\u606d\u559c"
        },
        {
            "reply_id": "UgyhctsFS61LTdByA1B4AaABAg",
            "reply_content": "\u5982\u679c\u8f49\u6392\u540d\u8f03\u9ad8\u6216\u8f03\u9069\u5408\u81ea\u5df1\u7684\u5b78\u7cfb\u5c31\u8b80\u61c9\u8a72\u4e5f\u662f\u597d\u4e8b\u60c5"
        },
        {
            "reply_id": "Ugxd_e3tfbt5R1-sjR14AaABAg",
            "reply_content": "\u4ec0\u9ebc\u6642\u5019\u8981\u53bb\u6350\u808c\u808c"
        },
        {
            "reply_id": "Ugx7tjXqOUU-GNqY8op4AaABAg",
            "reply_content": "\u7532\u9b3c\u7532\u602a"
        },
        {
            "reply_id": "Ugya_heiY2hkbegZxSN4AaABAg",
            "reply_content": "\u767d\u8272\u7684\u820c\u82d4\u522e\u4e0d\u4e0b\u4f86\u53ef\u80fd\u90a3\u500b\u4e0d\u662f\u820c\u82d4 \u800c\u662f\u4f60\u820c\u982d\u672c\u8eab\u7684\u984f\u8272 \u5728\u4e2d\u91ab\u89d2\u5ea6\u4e0a\u8eab\u9ad4\u6fd5\u5bd2\u820c\u982d\u5c31\u6703\u6bd4\u8f03\u504f\u767d \u820c\u982d\u7684\u984f\u8272\u53ef\u80fd\u6703\u8ddf\u4f60\u8eab\u9ad4\u6709\u95dc"
        },
        {
            "reply_id": "Ugx7m8ROrV56iYwWTIJ4AaABAg",
            "reply_content": "\u771f\u4e0d\u660e\u767d\u81ea\u7531\u4e16\u754c\u7684\u4eba \u8fd9\u6837\u7684\u4eba\u8fd8\u6709\u4e00\u767e\u591a\u4e07\u7684\u8ba2\u9605"
        },
        {
            "reply_id": "UgzDoQhu4vUnB9-kXMt4AaABAg",
            "reply_content": "\u6642\u9593\u904e\u5f97\u597d\u5feb\uff0c\u7576\u521d\u770b\u5230\u4f60\u7684\u6642\u5019\u4f60\u624d\u525b\u8981\u79df\u623f\u5b50\u8b80\u5927\u5b78\uff0c\u795d\u798f\u660e\u8ed2\u7562\u696d\u5f8c\u597d\u4e8b\u9023\u9023\u5927\u9cf4\u5927\u653e"
        },
        {
            "reply_id": "UgxrUB1GJ6TRWhq_EKt4AaABAg",
            "reply_content": "\u795d\u7562\u696d\u5feb\u6a02"
        },
        {
            "reply_id": "Ugzvy9_4XpRapQ7TjiN4AaABAg",
            "reply_content": "\u820c\u82d4\u68d2\u7684\u8a71\u807d\u8aaa\u5510\u5409\u8a36\u5fb7\u6709\u4e00\u500b\u883b\u597d\u7528\u7684"
        },
        {
            "reply_id": "UgzgGRgQ4TbE98UIvCd4AaABAg",
            "reply_content": "\u606d\u559c\u7562\u696d\u4e86\u5594"
        },
        {
            "reply_id": "UgzMEPL0LI3yqgeKJoZ4AaABAg",
            "reply_content": "\u4ee5\u70ba\u662f\u4ec0\u9ebc\u56b4\u8085\u7684\u5167\u5bb9\u6c92\u60f3\u5230\u9ede\u9032\u53bb\u5feb\u7b11\u760b\ud83d\ude02"
        },
        {
            "reply_id": "UgyZnhISWmZ1UC1eulp4AaABAg",
            "reply_content": "\u7562\u696d\u5feb\u6a02"
        }
    ]
}