{
    "video_info": {
        "id": "Mv-SeXs69G8",
        "channelTitle": "\u937e\u660e\u8ed2",
        "title": "\u4e00\u500b\u4eba\u96e2\u958b\u7d10\u7d04\uff01",
        "description": "\u6211\u60f3\uff0c\u6700\u597d\u89e3\u91cb\u81ea\u7531\u7684\u65b9\u5f0f\u5c31\u662f\n\u4f60\u4e0d\u7528\u53bb\u300e\u6210\u70ba\u300f\u4efb\u4f55\u4eba\n\u4f60\u4e0d\u7528\u53bb\u300e\u505a\u5230\u300f\u67d0\u7a2e\u6a23\u5b50\n\u4f60\u4e5f\u4e0d\u5fc5\u53bb\u77e5\u9053\u300e\u8a72\u5982\u4f55\u77e5\u9053\u300f\u9019\u4ef6\u4e8b\n\n\u7576\u4eba\u5011\u7d93\u5e38\u8aaa\u4f60\u662f\u300e\u7121\u9650\u6027\u300f\u7684\u6642\u5019\n\u4f60\u5fc5\u5b9a\u6703\u958b\u59cb\u53bb\u89e3\u91cb\u4ec0\u9ebc\u662f\u5c6c\u65bc\u81ea\u5df1\u7684\u300e\u7121\u9650\u300f\n\u800c\u9019\u601d\u8003\u7684\u904e\u7a0b\u5c31\u662f\u628a\u81ea\u5df1\u88dd\u8f09\u9032\u4e00\u7a2e\u6a21\u7d44\u60c5\u5883\u88e1\n\u4f60\u53bb\u89e3\u8b80\u4e86\u7121\u9650 \u4e5f\u53bb\u89e3\u8b80\u4e86\u6709\u9650\n\n\u6211\u958b\u59cb\u4e0d\u8ddf\u4f60\u8aaa\u4f60\u662f\u300e\u7121\u9650\u300f \u958b\u59cb\u4e0d\u8ddf\u4f60\u804a\u4f55\u8b02\u300e\u81ea\u7531\u300f\n\u4e5f\u958b\u59cb\u4e0d\u8ddf\u4f60\u8ac7\u8ad6\u300e\u6211\u662f\u8ab0\u300f\u9019\u4ef6\u4e8b\n\n\u5f9e\u73fe\u5728\u958b\u59cb\n\u5c31\u53ea\u662f\u8b93\u5b83\u958b\u59cb\n\n\u4f60\n\u6211\n\u4e00\u5207",
        "likeCount": "18813",
        "commentCount": "3410",
        "viewCount": "579601"
    },
    "comments": [
        {
            "reply_id": "Ugwt8la6jX7q3iBmSLt4AaABAg",
            "reply_content": "\u7b11\u6b7b\u81ea\u5df1\u4e5f\u5728\u6b67\u8996"
        },
        {
            "reply_id": "UgxmvJPHC53n87TFRt54AaABAg",
            "reply_content": "\u62dc\u8a17\u4e0d\u8981\u8b93\u4ed6\u5011\u77e5\u9053\u4f60\u662f\u53f0\u7063\u4eba"
        },
        {
            "reply_id": "UgzAE2KqotosRVRPFdR4AaABAg",
            "reply_content": "\u54c8\u54c8\u54c8\u54c8"
        },
        {
            "reply_id": "UgxixjF_9-8A9OiTG614AaABAg",
            "reply_content": "\u660e\u8f69\u771f\u7684\u5f88\u53ef\u7231\u5594\u6211\u539f\u5730\u5148\u7231"
        },
        {
            "reply_id": "UgzwTSqATxyJE-6Xwrt4AaABAg",
            "reply_content": "\u4e0d\u5f97\u4e0d\u8aaa\u90a3\u500b\u5fb7\u570b\u4eba\u662f\u771f\u7684\u6c92\u5728\u5ba2\u6c23"
        },
        {
            "reply_id": "UgykNEWaCh1NqJlj0np4AaABAg",
            "reply_content": "\u597d\u611b\u4f60"
        },
        {
            "reply_id": "UgzF7GwGVPhdvBMPND54AaABAg",
            "reply_content": "\u96d6\u7136\u4e0d\u80fd\u8aaa\u9418\u660e\u8ed2\u8b1b\u7684\u662f\u932f\u7684\uff0c\u90a3\u4f4d\u5fb7\u570b\u5973\u6027\u78ba\u5be6\u5f88\u6c92\u79ae\u8c8c\uff0c\u4f46\u6211\u4e5f\u4e0d\u662f\u7576\u4e8b\u4eba\u5177\u9ad4\u60c5\u6cc1\u6211\u4e5f\u4e0d\u80fd\u78ba\u5b9a\uff0c\u4f46\u6709\u6c92\u6709\u53ef\u80fd\u662f\u90a3\u4f4d\u5fb7\u570b\u5973\u6027\u53ea\u662f\u4e0d\u723d\u9418\u660e\u8ed2\u548c\u4ed6\u7684\u90a3\u4e9b\u81fa\u7063\u670b\u53cb\u800c\u5df2\uff0c\u6211\u89ba\u5f97\u9418\u660e\u8ed2\u8b1b\u7684\u592a\u7d55\u5c0d\u4e86\uff0c\u4e0d\u80fd\u56e0\u70ba\u90a3\u4f4d\u5fb7\u570b\u5973\u6027\u5c0d\u4ed6\u5011\u4e0d\u53cb\u5584\u5c31\u8aaa\u660e\u5979\u4e00\u5b9a\u662f\u6b67\u8996\u4e9e\u6d32\u4eba\u5427\uff1f\u53ef\u80fd\u53ea\u662f\u4e0d\u723d\u6216\u60f3\u6392\u64e0\u9418\u660e\u8ed2\u548c\u670b\u53cb\uff0c\u4e0d\u904e\u5982\u679c\u771f\u7684\u88ab\u5225\u4eba\u5982\u6b64\u4e0d\u53cb\u5584\u7684\u5c0d\u5f85\u78ba\u5be6\u8b93\u4eba\u706b\u5927\u3002"
        },
        {
            "reply_id": "Ugwk7_PMOknbiAKtrDJ4AaABAg",
            "reply_content": "\u6211\u89ba\u5f97\u4f60\u5f88\u52c7\u6562\uff0c\u53ef\u4ee5\u7406\u667a\u7684\u5411\u90a3\u500b\u5fb7\u570b\u5973\u5b69\u8aaa\u51fa\u4f60\u7684\u60f3\u6cd5"
        },
        {
            "reply_id": "Ugxa5yzpZIshWw3ivL14AaABAg",
            "reply_content": "\u8acb\u554f\u8a9e\u8a00\u5b78\u6821\u8981\u4e0a\u591a\u4e45\u624d\u80fd\u7562\u696d \u770b\u7a0b\u5ea6\u55ce\u9084\u662f\u4e0a\u8ab2\u6642\u9593\u7d50\u675f\u5c31\u6c92\u4e86"
        },
        {
            "reply_id": "UgylSpThncsqGdiKvCN4AaABAg",
            "reply_content": "\u660e\u8ed2\u6562\u4e00\u500b\u4eba\u53bb\u7f8e\u570b\u771f\u7684\u5f88\u52c7\u6562 \u7f8e\u570b\u6cbb\u5b89\u5f88\u5dee\u7a2e\u65cf\u6b67\u8996\u4e5f\u5f88\u56b4\u91cd\u4ee5\u5f8c\u53bb\u7f8e\u570b\u4e00\u5b9a\u8981\u6ce8\u610f\u5b89\u5168"
        },
        {
            "reply_id": "UgyQh2awofZf9g1F2fB4AaABAg",
            "reply_content": "\u963f\u74dc\u4e0d\u8981\u9760\u5317"
        },
        {
            "reply_id": "Ugx9cbqTHIWtlFeJ5MZ4AaABAg",
            "reply_content": "\u9019\u908f\u8f2f\u8ddf\u7cd6\u592a\u5b97\u6709\u7684\u6bd4\u6709\u6c92\u6709\u53ef\u616e\u5169\u500b\u5435\u500b\u67b6\uff0c\u5e79\u4e00\u5b9a\u8d85\u6709\u8da3"
        },
        {
            "reply_id": "UgwMzPKcEhJxqKeBYP14AaABAg",
            "reply_content": "\u53ef\u60b2"
        },
        {
            "reply_id": "UgxA1BWordmDLjCqe2h4AaABAg",
            "reply_content": "\u5730\u5716\u7832\u7b11\u6b7b"
        },
        {
            "reply_id": "UgyWKylz8OGVpKbsS8p4AaABAg",
            "reply_content": "\u8eab\u70ba\u4f4e\u8cea\u611f\u4eba\u985e\u7684\u6211\u5f88\u69ae\u5e78\u80fd\u70ba\u8eab\u70ba\u9ad8\u8cea\u611f\u4eba\u985e\u7684\u937e\u660e\u8ed2\u51f8\u986f\u4ed6\u7684\u9ad8\u8cea\u611f"
        },
        {
            "reply_id": "UgwH14y3nQfWmAvQQWd4AaABAg",
            "reply_content": "\u6c92\u8b80\u66f8\u771f\u53ef\u6015 \u57fa\u672c\u7684\u7a7a\u6c23\u5177\u6709\u6d41\u901a\u6027\u90fd\u4e0d\u77e5\u9053"
        },
        {
            "reply_id": "UgxFVdT_PhyQgUIuqTx4AaABAg",
            "reply_content": "\u6211\u539f\u5730\u4e0b\u9053\u6b38"
        },
        {
            "reply_id": "Ugyf_NER1_S7WFUj6u94AaABAg",
            "reply_content": "\u771f\u53ef\u60b2"
        },
        {
            "reply_id": "UgzHaLX0iLBAIPNKqO54AaABAg",
            "reply_content": "\u8e22\u5594\u6b6a\u529b"
        },
        {
            "reply_id": "Ugxj2MI7KvrxcZRP_PN4AaABAg",
            "reply_content": "\u6b63\u5e38\u4eba\u770b\u5230\u4f60\u90a3\u526f\u7532\u9b3c\u7532\u602a\u7684\u6a23\u5b50\u90fd\u539f\u5730\u5687\u5230\u4e86\u9084\u8ddf\u4f60\u6253\u7403\uff1f\u6253\u4f60\u90fd\u4f86\u4e0d\u53ca\u4e86"
        },
        {
            "reply_id": "UgyHIqKXMwuLdb1LEsp4AaABAg",
            "reply_content": "\u5687\u5230\u6b38"
        },
        {
            "reply_id": "UgzWOc9LKVhG4Yw3WeZ4AaABAg",
            "reply_content": "\u6211\u771f\u7684\u5143\u5730\u4e0b\u9053\u6b38"
        },
        {
            "reply_id": "UgxM0TzgbUVmFnklf_t4AaABAg",
            "reply_content": "\u771f\u7684\u7532\u7684\u6211\u539f\u5730\u5687\u5230\u6b38"
        },
        {
            "reply_id": "Ugww2wjS-bs2sC6oSAV4AaABAg",
            "reply_content": "\u770b\u5230\u4f60\u5982\u6b64\u771f\u8aa0\u7684\u5687\u5230\uff0c\u6211\u771f\u8aa0\u7684\u7d66\u4f60\u6fb3\u6d32\u6b63\u8b9a\u4e86"
        },
        {
            "reply_id": "Ugxn6OaQr1aoYVJGrjB4AaABAg",
            "reply_content": "\u4f60\u6ca1\u9519\uff0c\u53ea\u662f\u9178\u6c11\u6ca1\u7ecf\u9a8c\u8fc7\u79cd\u65cf\u6b67\u89c6\u548c\u7f3a\u4e4f\u611f\u540c\u8eab\u53d7\u7684\u672c\u80fd"
        }
    ]
}