{
    "video_info": {
        "id": "ndS_dGqb46U",
        "channelTitle": "\u937e\u660e\u8ed2",
        "title": "\u4e00\u500b\u4eba\u53bb\u8fea\u58eb\u5c3c\uff01",
        "description": "\u53ea\u8981\u8eab\u70ba\u4eba\u985e \uff0c\u300e\u8b8a\u5316\u300f\u7d55\u5c0d\u662f\u65e5\u5e38\u3002\n\u81ea\u5df1\u8eab\u8655\u65bc\u793e\u6703\u7576\u4e2d\uff0c\u5b78\u7fd2\u611f\u53d7\u81ea\u5df1\u7684\u300e\u8b8a\u300f\uff0c\u4ee5\u53ca\u80fd\u5920\u628a\u81ea\u5df1\u5305\u88dd\u6210\u67d0\u7a2e\u65e2\u5b9a\u7684\u6a23\u8c8c\u53bb\u8ddf\u65c1\u4eba\u5047\u88dd\u6c92\u4e8b\u7684\u4ea4\u6d41\u662f\u4e00\u4ef6\u975e\u5e38\u56f0\u96e3\u7684\u4e8b\u3002\n\u6211\u5c0d\u65bc\u5df2\u7d93\u53ef\u4ee5\u505a\u5230\u5e73\u8861\u5169\u8005\u7684\u4eba\u611f\u5230\u4f69\u670d\uff01\n\u5e0c\u671b\u4f60\u662f\u81ea\u5728\u4e14\u5f97\u610f\u7684\u3002\n\n\u7576\u6211\u5728\u65c5\u9014\u88e1\u4e0d\u9810\u6599\u4efb\u4f55\u4e8b\u3001\u4e0d\u9810\u6599\u4efb\u4f55\u672a\u4f86\u53ef\u80fd\u6703\u78b0\u89f8\u5230\u7684\u300e\u611f\u89ba\u300f\u6642\uff0c\n\u6211\u662f\u771f\u6b63\u7684\u5feb\u6a02\u3002\n\u4e0d\u9810\u5224\u3001\u4e0d\u5be9\u8996\u3001\u4e0d\u6279\u5224\u3001\u4e0d\u5047\u88dd\uff01\n\u53ea\u8981\u5c0d\u4ed6\u4eba\u4e0d\u9020\u6210\u5f71\u97ff\uff0c\n\u5c31\u653e\u5fc3\u7684\u8b93\u81ea\u5df1\u5728\u6bcf\u4e00\u6b21\u610f\u8b58\u6d41\u8f49\u7684\u524d\u4e00\u523b\u505a\u81ea\u5df1\u90a3\u500b\u6642\u523b\u6700\u559c\u6b61\u7684\u4e8b\u5427\uff01\n\n\u8b1d\u8b1d\u8b8a\u5316\u9019\u4ef6\u4e8b\n\u8b93\u6211\u59cb\u7d42\u90fd\u4e0d\u662f\u500b\u7121\u804a\u7684\u4eba",
        "likeCount": "19438",
        "commentCount": "768",
        "viewCount": "674665"
    },
    "comments": [
        {
            "reply_id": "UgwpSvjxMHDKzcX8G3F4AaABAg",
            "reply_content": "\u53ef\u6190 \u8fea\u58eb\u5c3c\u9644\u8fd1\u53c8\u6709\u8981\u4eba\u88ab\u570b\u969b\u611b\u6ecb\u6bd2\u7532\u611f\u67d3\u611b\u6ecb\u4e86"
        },
        {
            "reply_id": "UgwBHn2-yeitarYs8ct4AaABAg",
            "reply_content": "\u8d85\u7d1a\u53ef\u611b"
        },
        {
            "reply_id": "UgwpKXNrR2RWF2VFxZF4AaABAg",
            "reply_content": "\u6b63\u78ba\u7684\u4f86\u8aaa\u662f\u4e00\u500b\u5b8c\u6574\u7684\u4eba"
        },
        {
            "reply_id": "UgxPTdqjZHIxSxxk12R4AaABAg",
            "reply_content": "\u597d\u5e78\u798f"
        },
        {
            "reply_id": "UgxgjKN-HXx2kmybTO54AaABAg",
            "reply_content": "\u660e\u8ed2\u6211\u4e0a\u6b21\u6691\u5047\u7684\u6642\u5019\u53bb\u65e5\u672c\u74b0\u7403\u5f71\u57ce\u6709\u9047\u5230\u4f60\u6211\u5abd\u5abd\u9084\u8ddf\u4f60\u62cd\u7167"
        },
        {
            "reply_id": "UgypHxMiQaqMg5E3VqF4AaABAg",
            "reply_content": "\u6211\u90fd\u597d\u4ecb\u610f\u5225\u4eba\u7684\u76ee\u5149\uff0c\u9084\u6709\u5225\u4eba\u5c0d\u6211\u7684\u611f\u53d7"
        },
        {
            "reply_id": "Ugx7V8YxSqVTjvSNU4t4AaABAg",
            "reply_content": "\u597d\u68d2"
        },
        {
            "reply_id": "UgzDvVG9ITwvQDkcLEl4AaABAg",
            "reply_content": "\u6709\u6c92\u6709\u63a8\u85a6\u98ef\u5e97\u5462"
        },
        {
            "reply_id": "Ugzie719mf32H8d9ffl4AaABAg",
            "reply_content": "\u770b\u660e\u8ed2\u597d\u61c2\u5f97\u4eab\u53d7\u81ea\u5df1\u7684\u7368\u8655\u6642\u9593\u6240\u4ee5\u61c9\u8a72\u4e0d\u6703\u611f\u5230\u5b64\u7368\n\u800c\u4e14\u6709\u90a3\u9ebc\u591a\u7684\u7c89\u7d72\u548c\u5de5\u4f5c\u771f\u4fc2\u9023\u5fc3\u9748\u90fd\u586b\u6eff\u6eff\ud83d\ude02"
        },
        {
            "reply_id": "Ugw9Lddzo3GsYoqlcPp4AaABAg",
            "reply_content": "\u597d\u559c\u6b61\u6700\u5f8c\u7684\u6311\u7709"
        },
        {
            "reply_id": "UgxVqKkvDVprTWxy5KN4AaABAg",
            "reply_content": "\u56fd\u9645\u7b49\u7ea7\u8868\u6211\u90fd\u4e2d"
        },
        {
            "reply_id": "UgzoCwJt4DkpgaPUvlp4AaABAg",
            "reply_content": "\u4e00\u500b\u4eba\u7684\u611f\u89ba\u5f88\u597d\n\u6211\u4e5f\u5e38\u5e38\u81ea\u5df1\u4e00\u500b\u4eba\u505a\u4efb\u4f55\u4e8b"
        },
        {
            "reply_id": "UgwHyZgU5mNnLh1qMDZ4AaABAg",
            "reply_content": "\u611f\u89ba\u5589\u56a8\u5feb\u6b7b\u6389"
        },
        {
            "reply_id": "UgyehhUNx3Z2KPtqFsx4AaABAg",
            "reply_content": "\u7b11\u6b7b\u565c"
        },
        {
            "reply_id": "Ugz3xFlg6u8YU_pwayt4AaABAg",
            "reply_content": "\u6211\u53bb\u8fea\u58eb\u5c3c\u6652\u5230\u4e2d\u6691"
        },
        {
            "reply_id": "Ugy7J666U9cfnUWP5aB4AaABAg",
            "reply_content": "\u4f60\u9577\u5927\u4e86"
        },
        {
            "reply_id": "UgxKfmFBrO3cbu43NxB4AaABAg",
            "reply_content": "\u4f60\u9019\u9ebc\u8de9\u597d\u50cf\u5168\u4e16\u754c\u53ea\u6709\u4f60\u6700\u53b2\u5bb3\uff0c\u54ea\u4f86\u7684\u670b\u53cb"
        },
        {
            "reply_id": "UgyHOlacuuNDhi_KtUR4AaABAg",
            "reply_content": "\u6bcf\u6b21\u770b\u660e\u8ed2\u7684\u5f71\u7247\u90fd\u6703\u6709\u4e0d\u540c\u5fc3\u5883\u5fc3\u9748\u5c64\u9762\u7684\u6210\u9577\u611f\uff0c\u597d\u559c\u6b61\u9019\u6a23\u7684\u4f60"
        },
        {
            "reply_id": "Ugw5BoxVZU2vUc-0rJx4AaABAg",
            "reply_content": "\u4e09\u5343\u5143\u5f97\u6b7b\u5167"
        },
        {
            "reply_id": "Ugxea-NFvcQRcxKNpgV4AaABAg",
            "reply_content": "\u9589\u5634\u53ef\u6190"
        },
        {
            "reply_id": "Ugzz5z-V-f_-ko4X4-R4AaABAg",
            "reply_content": "\u4e00\u500b\u4eba\u73a9\u6a02\u5712\u6211\u4e5f\u8a66\u904e"
        },
        {
            "reply_id": "Ugz60Q9W-Sp0D0k_zxV4AaABAg",
            "reply_content": "\u6211\u4e00\u500b\u4eba\u53bb\u505a\u624b\u8853\u6b38"
        },
        {
            "reply_id": "Ugyd54q-wiUT-kCiuZd4AaABAg",
            "reply_content": "\u771f\u7684\u4e00\u500b\u4eba\u6bd4\u8f03\u81ea\u7531"
        },
        {
            "reply_id": "Ugxx60sBzdrjkGCXBWB4AaABAg",
            "reply_content": "\u53ef\u4ee5\u9ad4\u9a57\u81ea\u5df1\u7684\u8b8a\u548c\u5c0a\u91cd\u5225\u4eba\u7684\u8b8a\u771f\u7684\u5f88\u4e0d\u7c21\u55ae\uff01"
        },
        {
            "reply_id": "UgxIc6AcdcckxvlAagt4AaABAg",
            "reply_content": "\u53ef\u6190\u6c92\u670b\u53cb\u61c9\u8a72\u597d\u597d\u6aa2\u8a0e\u81ea\u5df1"
        }
    ]
}