{
    "video_info": {
        "id": "nKdNoUmb9K4",
        "channelTitle": "\u937e\u660e\u8ed2",
        "title": "\u88ab\u9178\u6c11\u539f\u5730\u5687\u5230\uff01",
        "description": "\u81ea\u5f9e\u5f9e\u7f8e\u570b\u56de\u5230\u53f0\u7063\n\u4e0d\u50c5\u662f\u4eba\u5e73\u5b89\u56de\u4f86 \u9023\u9178\u6c11\u4e5f\u4e00\u8d77\u539f\u5730\u966a\u964d\u843d\n\u5be6\u5728\u662f\u6211\u6700\u89aa\u5bc6\u7684\u5bb6\u4eba\n\n\u7576\u9178\u6c11\u8868\u9054\u5c0d\u516c\u773e\u4eba\u7269\u770b\u6cd5\u6642\u4e0d\u514d\u4fd7\u6703\u6dfb\u52a0\u4e00\u53e5\uff1a\n\u300e\u4f60\u5011\u662f\u516c\u773e\u4eba\u58eb\u672c\u4f86\u5c31\u61c9\u8a72\u53d7\u5230\u5927\u5bb6\u7684\u8a55\u8a9e\uff0c\u800c\u4e14\u6211\u4e5f\u64c1\u6709\u6211\u7684\u8a00\u8ad6\u81ea\u7531\u6b0a\u3002\u300f\n\u5982\u679c\u662f\u50bb\u50bb\u7684\u516c\u773e\u4eba\u58eb\u53ef\u80fd\u662f\u6703\u6478\u6478\u9f3b\u5b50\u53ea\u6d3b\u5728\u81ea\u5df1\u7684\u540c\u6eab\u5c64\u8a34\u8a34\u82e6\u6700\u5f8c\u5f97\u6182\u9b31\u75c7\u518d\u544a\u8a34\u5927\u5bb6\u81ea\u5df1\u6d3b\u5f97\u5f88\u597d\u4f46\u79c1\u5e95\u4e0b\u72c2\u770b\u5fc3\u9748\u96de\u6e6f\u88dc\u8db3\u81ea\u5351\u611f\n\n\u4f46\u6211\u4e0d\u8d70\u9019\u8def\u7dda\n\u6211\u4f9d\u7136\u662f\u559c\u611b\u73a9\u904a\u6232\u7684\u90a3\u500b\n\n\u4f60\u505a\u4f60\u7684\u4f4e\u8cea\u611f \u6211\u505a\u6211\u7684\u660e\u661f\u6a23\n\u4f60\u8aaa\u4f60\u7684\u516b\u5366\u8a71 \u6211\u770b\u6211\u7684\u54f2\u5b78\u66f8\n\u4f60\u611b\u4f60\u7684\u540c\u6eab\u5c64 \u6211\u611b\u6211\u662f\u4e00\u500b\u4eba\n\u6700\u5f8c\u4f60\u60f3..\u4f60\u9577\u5927\u5f8c\u6703\u6210\u70ba\u4ec0\u9ebc\u6a23\u7684\u4e00\u500b\u4eba\uff1f\n\n\u6211\u53ea\u77e5\u9053...\n\u6211\u9084\u8981\u7e7c\u7e8c\u73a9\uff01",
        "likeCount": "17385",
        "commentCount": "5432",
        "viewCount": "481855"
    },
    "comments": [
        {
            "reply_id": "UgyqVbvgoNA2Ouq-GNp4AaABAg",
            "reply_content": "\u6c38\u9060\u611b\u4f60"
        },
        {
            "reply_id": "UgwVmctYu-QTEGy18pt4AaABAg",
            "reply_content": "\u54e6\u4f60\u53ef\u4ee5\u9589\u5634\u4e86"
        },
        {
            "reply_id": "Ugy6xXNCVMQ36iBQhXx4AaABAg",
            "reply_content": "\u7b11\u6b7b"
        },
        {
            "reply_id": "UgyR2iGP8V9sazahGnt4AaABAg",
            "reply_content": "\u5982\u679c\u4f60\u89ba\u5f97\u610f\u898b\u4e0d\u5c0d\u5c31\u662f\u932f\u7684\u90a3\u4f60\u6709\u6c92\u6709\u60f3\u904e\u4f60\u4e5f\u662f\u5c0d\u65b9\u7684\u610f\u898b\u4e0d\u5408\u5462\u3002\u4f60\u6703\u4e0d\u6703\u89ba\u5f97\u81ea\u5df1\u932f\u5462\u3002\u4f60\u4e0d\u6703\uff0c\u56e0\u70ba\u4f60\u6c92\u6709\u5206\u8fa8\u81ea\u6211\u5c0d\u932f\u7684\u80fd\u529b"
        },
        {
            "reply_id": "UgyyiwCd5EJo37y83pt4AaABAg",
            "reply_content": "\u611b\u6b7b\u4f60\u4e86\u597d\u6709\u54f2\u5b78"
        },
        {
            "reply_id": "Ugy6kd0b0TidA7goDJF4AaABAg",
            "reply_content": "\u539f\u5730\u5687\u5230\u90a3\u4e00\u6bb5\u6211\u771f\u7684\u7b11\u5230\u4e0d\u884c"
        },
        {
            "reply_id": "UgzFlKQjSciGCTUteR14AaABAg",
            "reply_content": "\u4f60\u5011\u8aaa\u4ed6\u4e0d\u7537\u4e0d\u5973\u4f46\u81f3\u5c11\u4ed6\u4e0d\u50cf\u4f60\u5011\u4e00\u6a23\u6c92\u6709\u81ea\u4fe1"
        },
        {
            "reply_id": "Ugx9rHW4aU_p-JI54Bl4AaABAg",
            "reply_content": "\u545c\u545c\u545c\u545c\u5168\u7a0b\u770b\u72d7"
        },
        {
            "reply_id": "Ugz7povvXys3L51tDld4AaABAg",
            "reply_content": "\u937e\u660e\u8ed2\u9084\u662f\u5982\u6b64\u7f8e\u9e97"
        },
        {
            "reply_id": "UgyHkKEoVIKzOV_E8RN4AaABAg",
            "reply_content": "\u4ed6\u6709\u8981\u7576\u5175\u55ce"
        },
        {
            "reply_id": "UgzsReZDtm0FtZp02OV4AaABAg",
            "reply_content": "\u8981\u600e\u9ebc\u7df4\u5982\u6b64\u6709\u54c1\u5473\u7684\u56de\u8986"
        },
        {
            "reply_id": "Ugz7J7jNgCjHa5NRv_94AaABAg",
            "reply_content": "\u5979\u5c31\u4e0d\u60f3\u8ddf\u4f60\u6253\u7c43\u7403\u800c\u5df2\u554a"
        },
        {
            "reply_id": "Ugzj0dhbS7onTTkEu1p4AaABAg",
            "reply_content": "\u53ef\u6190\u96d9\u6a19\u4ed4\u937e\u9e21\u9738"
        },
        {
            "reply_id": "UgyD8O1QdFUKFRLwzEd4AaABAg",
            "reply_content": "\u53ef\u6190\u96d9\u6a19\u4ed4\u937e\u9e21\u9738"
        },
        {
            "reply_id": "UgzJyfXTjBdezw0HGGB4AaABAg",
            "reply_content": "\u53ef\u6190\u96d9\u6a19\u4ed4\u937e\u9e21\u9738"
        },
        {
            "reply_id": "UgzC8X2hff-0CZDvqcx4AaABAg",
            "reply_content": "\u53ef\u6190\u96d9\u6a19\u4ed4\u937e\u9e21\u9738"
        },
        {
            "reply_id": "Ugw-iDA5O4LAIsYex1d4AaABAg",
            "reply_content": "\u53ef\u6190\u96d9\u6a19\u4ed4\u937e\u9e21\u9738"
        },
        {
            "reply_id": "Ugw_WpmPSbdkK82sGQJ4AaABAg",
            "reply_content": "\u53ef\u6190\u96d9\u6a19\u4ed4\u937e\u9e21\u9738"
        },
        {
            "reply_id": "Ugyjv-OYFgKBtHIt_tF4AaABAg",
            "reply_content": "\u53ef\u6190\u96d9\u6a19\u4ed4\u937e\u9e21\u9738"
        },
        {
            "reply_id": "UgxyaNDCP57QfJVQgP14AaABAg",
            "reply_content": "\u53ef\u6190\u96d9\u6a19\u4ed4\u937e\u9e21\u9738"
        },
        {
            "reply_id": "UgxEjZ-XCnl_esaSPsN4AaABAg",
            "reply_content": "\u53ef\u6190\u96d9\u6a19\u4ed4\u937e\u9e21\u9738"
        },
        {
            "reply_id": "UgxyCDpVj8kU9B4d7AF4AaABAg",
            "reply_content": "\u53ef\u6190\u96d9\u6a19\u4ed4\u937e\u9e21\u9738"
        },
        {
            "reply_id": "UgzxXFwyyHxA4kdq3rt4AaABAg",
            "reply_content": "\u53ef\u6190\u96d9\u6a19\u4ed4\u937e\u9e21\u9738"
        },
        {
            "reply_id": "UgyT2Tss3UynxXz5X5B4AaABAg",
            "reply_content": "\u53ef\u6190\u96d9\u6a19\u4ed4\u937e\u9e21\u9738"
        },
        {
            "reply_id": "Ugwxt-SvDwlK6rXDw4F4AaABAg",
            "reply_content": "\u53ef\u6190\u96d9\u6a19\u4ed4\u937e\u9e21\u9738"
        }
    ]
}