{
    "video_info": {
        "id": "Q8Zjm-HA24w",
        "channelTitle": "\u937e\u660e\u8ed2",
        "title": "\u5931\u8077\u5ee0\u5546\u8acb\u51fa\u53bb\uff01",
        "description": "\u6211\u76f8\u4fe1\u6709\u4e9b\u4eba\u6703\u8aaa\n\uff1a\u6bcf\u500b\u7522\u54c1\u90fd\u6703\u6709\u559c\u6b61\u8ddf\u4e0d\u559c\u6b61\u7684\u4eba \u4f60\u6191\u4ec0\u9ebc\u9760\u5317\u5b83\uff1f\n\n\u7576\u4e00\u500b\u7522\u54c1\u6210\u529f\u4e14\u591a\u6578\u4eba\u90fd\u5c0d\u5b83\u8868\u793a\u559c\u611b\u4e4b\u610f\u6642\n\u6211\u5011\u53ef\u4ee5\u5c0d\u5b83\u8aaa\u51fa\u559c\u6b61\n\u4f46\u9047\u5230\u96e3\u7528\u7522\u54c1\u6642 \u662f\u4e0d\u662f\u4e5f\u80fd\u5c0d\u4ed6\u9032\u884c\u6279\u5224\u3001\u8a55\u8ad6\uff1f\n\n\u7576\u7136\u554a\u5ee2\u8a71\uff01\n\nAnyway\n\u6bcf\u500b\u54c1\u724c\u90fd\u6709\u5c6c\u65bc\u81ea\u5df1\u7684\u6545\u4e8b \n\u5230\u6700\u5f8c\u4f60\u6703\u767c\u73fe\n\u4eba\u5011\u559c\u6b61\u6216\u4e0d\u559c\u6b61\u7684 \u4e0d\u662f\u4f60\n\u800c\u662f\u5728\u4ed6\u5011\u5fc3\u4e2d \u90a3\u4e9b\u95dc\u65bc\u4f60\u7684\u6545\u4e8b\n\n\u5f88\u591a\u54c1\u724c\u5275\u9020\u51fa\u5f88\u597d\u7684\u6545\u4e8b \n\u5230\u5f8c\u4f86\u4f60\u624d\u9a5a\u89ba \n\u539f\u4f86\u4f60\u559c\u6b61\u7684 \u4e0d\u662f\u7522\u54c1\u672c\u4eba\n\u800c\u662f\u90a3\u4e9b\u7d93\u904e\u54c1\u724c\u5287\u5834\u7de8\u5287\u5927\u5e2b\u5275\u4f5c\u51fa\u4f86\u7684 \u7ae5\u8a71\u6545\u4e8b\n\n\u795d\u798f\u4f60\u65e9\u65e5\u627e\u5230\u4f60\u7684\u871c\u7cd6\n\u800c\u6211\u662f\u4f60\u5bb6\u9694\u58c1\u7684\u788e\u5ff5\u963f\u6731\u59e8",
        "likeCount": "19217",
        "commentCount": "784",
        "viewCount": "546048"
    },
    "comments": [
        {
            "reply_id": "Ugzn3WALLGtCGSQmPvN4AaABAg",
            "reply_content": "\u660e\u8ed2\u6234\u7f8e\u77b3\u597d\u597d\u770b"
        },
        {
            "reply_id": "UgxLzT6CJtA8NRAi0R94AaABAg",
            "reply_content": "\u597d\u53ef\u6190"
        },
        {
            "reply_id": "Ugzx4g0lxeY_xFyH9Jh4AaABAg",
            "reply_content": "\u96c5\u6f3e\u7684\u771f\u7684\u5f88\u96e3\u7528"
        },
        {
            "reply_id": "Ugz0DpnQJsTZsYp9Z5x4AaABAg",
            "reply_content": "\u50b2\u5b0c\u7684\u4eba"
        },
        {
            "reply_id": "Ugz8gZNNjkZalD5XHCV4AaABAg",
            "reply_content": "\u4f60\u73fe\u5728\u7684\u6a23\u5b50\u6709\u5982\u540d\u756b"
        },
        {
            "reply_id": "UgzSkWNnL2z5Lgo_SGR4AaABAg",
            "reply_content": "\u771f\u7684"
        },
        {
            "reply_id": "UgxP2XHkCtvMvXZipjJ4AaABAg",
            "reply_content": "\u90a3\u500b\u83dc\u5e02\u5834\u5305"
        },
        {
            "reply_id": "Ugw79Lo24VvvArW1JIl4AaABAg",
            "reply_content": "\u9673\u76ae\u9760\u8170"
        },
        {
            "reply_id": "UgzEe_KytmMvSC0junt4AaABAg",
            "reply_content": "\u6211\u4e5f\u89ba\u5f97\u5316\u599d\u6c34\u771f\u7684\u6c92\u4ec0\u9ebc\u610f\u7fa9"
        },
        {
            "reply_id": "UgzlyNrM_UATL9swd7t4AaABAg",
            "reply_content": "\u540c\u6027\u6200\u53c8\u51fa\u4f86\u4e1f\u81c9\u4f60\u5e73\u4ec0\u9ebc\u8b1b\u4eba\u5bb6"
        },
        {
            "reply_id": "UgwVc1wW2Ki6U4m0yyV4AaABAg",
            "reply_content": "\u96b1\u773c\u597d\u770b\u6b38"
        },
        {
            "reply_id": "UgwTCHZqCUJZTBcBs2h4AaABAg",
            "reply_content": "\u5c01\u9762\u597d\u6050\u6016"
        },
        {
            "reply_id": "UgxVSJleZh7hSVitruN4AaABAg",
            "reply_content": "\u55e8\u660e\u8ed2\u59b3\u53ef\u4ee5\u767c\u4e00\u96bb\u5f71\u7247\u600e\u9ebc\u6e05\u7406\u75d8\u75d8"
        },
        {
            "reply_id": "UgwigiWKdNh8RkR3aGx4AaABAg",
            "reply_content": "\u6240\u4ee5\u4e0d\u64e6\u5316\u599d\u6c34\u8981\u64e6\u4ec0\u9ebc"
        },
        {
            "reply_id": "UgxxX0nVmR47eTT-N894AaABAg",
            "reply_content": "\u93e1\u982d\u5c0d\u7126\u6c92\u5c0d\u597d"
        },
        {
            "reply_id": "Ugz0Nn7ESyzaXzZZp8F4AaABAg",
            "reply_content": "\u96c5\u6f3e\u662f\u7269\u7406\u6027\u9632\u66ec"
        },
        {
            "reply_id": "UgzZ9KsFp939H4oL9mt4AaABAg",
            "reply_content": "\u9019\u500b\u96c5\u6f3e\u9694\u96e2\u971c\u771f\u7684\u8d85\u9ecf\u81a9\uff0c\u7528\u5b8c\u4e00\u74f6\u771f\u7684\u592a\u75db\u82e6\u4e86"
        },
        {
            "reply_id": "UgzN-hkQq6rQy_WWAih4AaABAg",
            "reply_content": "\u6728\u68c9\u82b1\u4e0d\u53ea\u662f\u5931\u8077\u5ee0\u5546\u66f4\u662f\u5783\u573e\u5ee0\u5546"
        },
        {
            "reply_id": "UgwcXxnhSXtNfBPuObp4AaABAg",
            "reply_content": "\u8b1d\u8b1d\u660e\u8ed2\u5e6b\u6211\u5011\u628a\u95dc\u7522\u54c1"
        },
        {
            "reply_id": "Ugyyh_VwO3K2WfJXlSF4AaABAg",
            "reply_content": "\u770b\u5230\u8f69\u8001\u5e08\u539f\u6765\u5927\u8001\u7237\u4eec\u513f\u4e5f\u53ef\u4ee5\u90a3\u4e48\u7cbe\u81f4\u3002"
        },
        {
            "reply_id": "UgxAuKtYcIJtCOpx1OR4AaABAg",
            "reply_content": "\u597d\u5641\u5fc3"
        },
        {
            "reply_id": "UgyPD1WEXjKvOv6J_DV4AaABAg",
            "reply_content": "\u6700\u771f\u5be6\u7684\u7db2\u7d05"
        },
        {
            "reply_id": "Ugx_wKCrtJ2fcYayYwV4AaABAg",
            "reply_content": "\u592a\u6076\u5fc3\u4e86"
        },
        {
            "reply_id": "UgwIMLldFdBqfeFsH7t4AaABAg",
            "reply_content": "\u9010\u6f38\u7684\u589c\u5165"
        },
        {
            "reply_id": "Ugy0HIJj1PHrc98k15x4AaABAg",
            "reply_content": "\u937e\u660e\u8ed2\u90a3\u6642\u5019\u624d\u8981\u8b8a\u6210\u597d\u6dbc\u6dbc\u7684\u7e7c\u627f\u4eba\u554a\uff01\u5230\u6642\u53ef\u4ee5\u88ab\u5c01\u6bba"
        }
    ]
}