{
    "video_info": {
        "id": "rayCMHv4cQ4",
        "channelTitle": "\u937e\u660e\u8ed2",
        "title": "OMG\u6211\u63a5\u5230\u4ee3\u8a00\u4e86\uff01",
        "description": "\u5f9e\u672a\u9ad4\u9a57\u904e\u9019\u7a2e\u5de5\u4f5c\u578b\u614b\u7684\u6211 \u771f\u7684\u7570\u5e38\u8208\u596e\uff5e\n\u672c\u4ee5\u70ba\u6211\u5728\u4e16\u5c31\u662f\u5b58\u5728\u65bc\u4e00\u7a2e\u5728\u65c1\u4eba\u773c\u88e1\u4f3c\u61c2\u975e\u61c2\u7684\u500b\u9ad4\u5b58\u5728\n\u6c92\u60f3\u5230\u9019\u6b21\u6709\u5ee0\u5546\u9858\u610f\u82b1\u5979\u4e00\u751f\u7684\u5fc3\u8840 \u628a\u5979\u7684\u5b69\u5b50\u8a17\u4ed8\u5728\u6211\u8eab\u4e0a\n\n\u4e0d\u77e5\u63a5\u4e0b\u4f86\u6211\u6703\u5275\u9020\u51fa\u4ec0\u9ebc\u6a23\u7684\u65b0\u9ad4\u9a57\n\u6216\u662f\u751f\u547d\u4e4b\u6d41\u53c8\u6703\u5e36\u6211\u6d41\u5411\u54ea\u500b\u672a\u77e5\u9818\u5730\n\u6211\u4f9d\u7136\u6703\u4f7f\u7528\u65c1\u89c0\u8005\u7684\u89d2\u5ea6 \u4f7f\u7528\u660e\u8ed2\u7684\u6a23\u5b50\u9ad4\u9a57\u9019\u4e16\u754c\n\n\u9806\u5e36\u4e00\u63d0 \u6211\u4ee3\u8a00\u7684\u7522\u54c1\n\u771f\uff5e\u4f4e\uff5e\u597d\uff5e\u7528\n- - -\n\u97f3\u6a02\u7248\u6b0a\uff1aMB01YYSGTGVSQBZ\n- - -\n\ud83d\udce3\u958b\u74f6\u5929\u7136\u7cbe\u6cb9\u7684\u9999\u6c23\uff0c\u5f77\u5f7f\u8e0f\u5165\u68ee\u6797\u822c\u7684\u6c88\u975c\uff0c\n\u5728\u7642\u7652\u4e2d\u6d17\u6de8\u982d\u76ae\uff0c\u7406\u6e05\u554f\u984c\u8207\u60c5\u7dd2\n\u8b93\u6bcf\u5929\u7684\u6d17\u6c90\u5100\u5f0f\uff0c\u6210\u70ba\u4f60\u7684\u601d\u8003\u81ea\u7531\u5f0f\n\n\u5b98\u7db2\uff1ahttps://www.ismore.tw/",
        "likeCount": "26231",
        "commentCount": "1718",
        "viewCount": "629837"
    },
    "comments": [
        {
            "reply_id": "UgyqNxP6EjExnrlkl5p4AaABAg",
            "reply_content": "\u4f60\u7d20\u984f\u5f88\u597d\u770b"
        },
        {
            "reply_id": "UgxIINOUnJ4bBMmTCp14AaABAg",
            "reply_content": "\u660e\u8ed2\u7684\u5f71\u7247\u771f\u7684\u767e\u770b\u4e0d\u53ad"
        },
        {
            "reply_id": "UgxejQb6phyoycRDquB4AaABAg",
            "reply_content": "\u771f\u662f\u6f02\u4eae"
        },
        {
            "reply_id": "Ugz-_yOFOWnBwHHuCQt4AaABAg",
            "reply_content": "\u8d85\u8b9a\u7684"
        },
        {
            "reply_id": "UgxCVrksWiJftNmaXzN4AaABAg",
            "reply_content": "\u6211\u4e5f\u60f3\u8981\u62cd\u5ee3\u544a"
        },
        {
            "reply_id": "UgzrmFpUgrhPyGNxS5t4AaABAg",
            "reply_content": "\u6c92\u54c1\u8cea\u7684\u54c1\u724c\u627e\u6c92\u54c1\u8cea\u7684\u4eba\u5996"
        },
        {
            "reply_id": "UgzCcsKRAl8G_tNPxoV4AaABAg",
            "reply_content": "\u597d\u7f8e\u5594"
        },
        {
            "reply_id": "UgwHCDIiA636HUgFmtd4AaABAg",
            "reply_content": "\u7f8e\u7206\u4e86"
        },
        {
            "reply_id": "UgzRi1BWf0Rzeph_iEB4AaABAg",
            "reply_content": "\u771f\u4e0d\u6127\u662f\u570b\u969b\u7f8e\u4eba\u600e\u9ebc\u64fa\u90fd\u597d\u770b"
        },
        {
            "reply_id": "UgxzwGEgFLYg7VnvW0x4AaABAg",
            "reply_content": "\u9999\u6e2f\u53ef\u4ee5\u8cb7\u5230\u767d\u99ac"
        },
        {
            "reply_id": "UgwV9bM_zAny-xgjQGl4AaABAg",
            "reply_content": "\u4f60\u4e0d\u662f\u4e0b\u96e8\u5929\u5c31\u6703\u81ea\u52d5\u53d6\u6d88\u901a\u544a\u653e\u4eba\u5bb6\u9ce5\u7684~\u4e0a\u6b21\u9b3c\u6ec5\u4e8b\u4ef6\u4e0b\u9762\u4e00\u5806\u9019\u7a2e\u7559\u8a00"
        },
        {
            "reply_id": "UgzxVOg25KeF8RwERpt4AaABAg",
            "reply_content": "\u76ae\u80a4\u592a\u597d\u5566"
        },
        {
            "reply_id": "UgwSX7TYnAN0k1OCzFR4AaABAg",
            "reply_content": "\u6574\u500b\u597d\u9ad8\u7d1a"
        },
        {
            "reply_id": "UgwjEQKO8B5NEV8gAdJ4AaABAg",
            "reply_content": "\u6709\u88ab\u7f8e\u5230"
        },
        {
            "reply_id": "Ugz42VtYl-E-8q5VnTV4AaABAg",
            "reply_content": "\u62d2\u8cb7"
        },
        {
            "reply_id": "Ugx_0Ekd3i5CebbnqGt4AaABAg",
            "reply_content": "\u9019\u500b\u5ee3\u544a\u5c45\u7136\u80fd\u88ab\u6587\u8ed2\u63a5\u4e0b\u4f86\ud83c\udf1a\u770b\u4f86\u9019\u500b\u5ee3\u544a\u5f88\u4e0d\u932f"
        },
        {
            "reply_id": "UgzxcW7zmzNLYYrPYLx4AaABAg",
            "reply_content": "\u90a3\u500b\u5f48\u6307\u6211\u96de\u76ae\u7599\u7629\u90fd\u8d77\u4f86\u4e86"
        },
        {
            "reply_id": "UgwzkComKB1Ky6hMmJZ4AaABAg",
            "reply_content": "\u4f60\u6700\u68d2"
        },
        {
            "reply_id": "UgwmveKxTaG_4DzblCZ4AaABAg",
            "reply_content": "\u54c8\u54c8\u54c8\u54c8"
        },
        {
            "reply_id": "UgwYs2j6K_ZjFShh24R4AaABAg",
            "reply_content": "\u597d\u53b2\u5bb3\u5594"
        },
        {
            "reply_id": "UgyHgQgHgDOsvx44N_l4AaABAg",
            "reply_content": "\u6211\u5f88\u559c\u6b61\u770b\u4f60\u4e5f\u4f60\u6703\u8ddf\u5c0f\u5b69\u4e00\u8d77\u8a0e\u8ad6\u4f60\u8aaa\u7684\u6642\u4e8b\u554f\u984c\uff0c\u56e0\u70ba\u4f60\u4e0d\u6703\u6559\u58de\u6bb7\u963f\u5927\u5c0f"
        },
        {
            "reply_id": "UgysojZZJE2HoeLsubl4AaABAg",
            "reply_content": "\u62cd\u5f97\u5f88\u597d\u6b38"
        },
        {
            "reply_id": "Ugy0E7uXxIg64z5kcR14AaABAg",
            "reply_content": "\u9ad8\u8cea\u91cf\u597d\u5f71\u7247"
        },
        {
            "reply_id": "Ugw1YkCpFtxiN1DpSXd4AaABAg",
            "reply_content": "\u597d\u7f8e"
        },
        {
            "reply_id": "UgxG1dWNx1dD93l-ttd4AaABAg",
            "reply_content": "\u597d\u7f8e\u554a"
        }
    ]
}