{
    "video_info": {
        "id": "Smz7A1Sk_r4",
        "channelTitle": "\u937e\u660e\u8ed2",
        "title": "\u662f\u6642\u5019\u8a72Fast Forward\u4e00\u4e0b\u4e86\u5427\uff01",
        "description": "",
        "likeCount": null,
        "commentCount": "1204",
        "viewCount": "690668"
    },
    "comments": [
        {
            "reply_id": "UgxShSVJYu8jB43BFLR4AaABAg",
            "reply_content": "\u6b7b\u57fa"
        },
        {
            "reply_id": "Ugz2APsqVW-qsaUax3F4AaABAg",
            "reply_content": "\u771f\u7684\u8df3\u5f97\u883b\u597d\u7684\u8868\u60c5\u4e5f\u5230\u4f4d"
        },
        {
            "reply_id": "Ugxrw03lE6Y4OfJwis14AaABAg",
            "reply_content": "\u9019\u662f\u54ea\u4f4d\u570b\u969b\u8d85\u6a21"
        },
        {
            "reply_id": "UgyvE8G9L_hZAcnbu1N4AaABAg",
            "reply_content": "\u660e\u8ed2\u53ef\u4ee5\u6709\u9019\u7a2e\u591a\u4e00\u9ede\u821e\u8e48\u5f71\u7247\u55ce"
        },
        {
            "reply_id": "UgymZomqVlnkiMCoY5t4AaABAg",
            "reply_content": "\u8d77\u96de\u76ae\u4f46\u8df3\u5f97\u597d"
        },
        {
            "reply_id": "UgxoqXn0bcQwo7cpPGN4AaABAg",
            "reply_content": "\u4ed6\u4e0d\u662f\u7537\u7684\u55ce"
        },
        {
            "reply_id": "UgzOCCOHSDhXku_as_54AaABAg",
            "reply_content": "\u8b9a"
        },
        {
            "reply_id": "UgxobN8yh-g1cbMmDMd4AaABAg",
            "reply_content": "\u592a\u4ed6\u5abd\u8fa3\u773c\u775b"
        },
        {
            "reply_id": "UgwIPXppxa8cYCHfnL14AaABAg",
            "reply_content": "\u539f\u5730\u5687\u5230\u6b38"
        },
        {
            "reply_id": "Ugz1IoEDC9QCAUWNLHB4AaABAg",
            "reply_content": "\u597d\u68d2"
        },
        {
            "reply_id": "UgxBafsOuCu5cad1SVR4AaABAg",
            "reply_content": "\u597d\u770b\u597d\u770b\u5f35\u529b\u8ddf\u8868\u60c5\u90fd\u5f88\u9802"
        },
        {
            "reply_id": "UgwM7IWw6ExBzygB86N4AaABAg",
            "reply_content": "\u8df3\u7684\u5f88\u597d\u770b\n\u62cd\u651d\u904b\u93e1\u624b\u6cd5\u611f\u89ba\u4e5f\u6bd4\u7167\u97d3\u5718\u7684\u7df4\u821e\u8996\u983b\u4e86"
        },
        {
            "reply_id": "Ugw2yzp51NmkmNXNyTB4AaABAg",
            "reply_content": "\u6211\u559c\u6b61"
        },
        {
            "reply_id": "UgzUwuL6leFVEy2YZ8t4AaABAg",
            "reply_content": "\u8df3\u5f97\u5f88\u597d\u6c23\u5834\u4e5f\u4e0d\u932f"
        },
        {
            "reply_id": "Ugzcm3XoHpkMdYDixBt4AaABAg",
            "reply_content": "\u52c1\u5440"
        },
        {
            "reply_id": "Ugyw9lnQFi1hzZA_YKx4AaABAg",
            "reply_content": "\u53ef\u4ee5\u591a\u8df3\u55ce\u55da\u55da\u55da"
        },
        {
            "reply_id": "UgyPrNB95dpmusEAGSt4AaABAg",
            "reply_content": "\u7bc0\u594f\u611f\u771f\u7684\u8d85\u597d"
        },
        {
            "reply_id": "UgxGiavgCK4wU2Pgk-J4AaABAg",
            "reply_content": "\u8df3\u821e\u597d\u597d\u770b"
        },
        {
            "reply_id": "UgwxCwtV0-cNXhhJmwx4AaABAg",
            "reply_content": "\u6709\u81ea\u4fe1\u7684\u4eba\u770b\u773c\u795e\u5c31\u77e5\u9053"
        },
        {
            "reply_id": "UgyASZuFi7mSawNFa6p4AaABAg",
            "reply_content": "\u53b2\u5bb3\u54e6"
        },
        {
            "reply_id": "UgwpFXpAywVcrsj1Rft4AaABAg",
            "reply_content": "\u53ea\u6709\u6211\u6ce8\u610f\u5230\u5976\u982d\u55ce"
        },
        {
            "reply_id": "UgzgF1b0bWSQ1Nk0hmd4AaABAg",
            "reply_content": "\u624b\u8f49\u52d5\u8d85\u9748\u6d3b"
        },
        {
            "reply_id": "Ugw9-PDNHWr22rwaNzF4AaABAg",
            "reply_content": "\u6211\u9a5a\u8277\u5230\u4e86"
        },
        {
            "reply_id": "UgznzcAAm8hv-1MpR-J4AaABAg",
            "reply_content": "\u6b79\u54aa\u554a"
        },
        {
            "reply_id": "Ugyu8YdN7AYJACaVX2t4AaABAg",
            "reply_content": "\u694a\u4e1e\u7433\u8981\u8ddf\u4f60\u5b78\u7fd2"
        }
    ]
}