{
    "video_info": {
        "id": "SPe43el_yIE",
        "channelTitle": "\u937e\u660e\u8ed2",
        "title": "\u6210\u70ba\u4e86\u9f8d\u6f6d\u4eba!!",
        "description": "\u4f60\u4e0d\u9700\u8981\u77e5\u9053\u6211\u7d93\u6b77\u4e86\u4ec0\u9ebc\n\n\u5982\u679c\u53ef\u4ee5 \u6211\u53ea\u5e0c\u671b\u4f60\u77e5\u9053\n\n\u6211\u975e\u5e38\u5c0a\u91cd\u6211\u73fe\u5728\u9084\u6b63\u5728\u6d3b\u8457\u7684\u751f\u547d\n\n\u6c88\u9ed8\u4f9d\u820a\u662f\u6211\u6700\u5927\u7684\u54ed\u8072\n\n\u4e0d\u77e5\u8a72\u5982\u4f55\u54ed \u4e5f\u4e0d\u77e5\u54ed\u662f\u600e\u9ebc\u8fa6\u5230\u7684\n\n\u627e\u4e0d\u5230\u4efb\u4f55\u8a5e\u5f59\u53ef\u4ee5\u8868\u9054\u5fc3\u4e2d\u6240\u60f3\n\n\u6211\u5c31\u6703\u7e7c\u7e8c\u4fdd\u6301\u6c88\u9ed8\n\n\n\n\u6bcf\u4e00\u9053\u60c5\u7dd2\u6d41\u52d5\u90fd\u662f\u771f\u5be6\u7684 \u75db\u4e5f\u662f\u5be6\u5728\u7684\n\n\u671f\u5f85\u7684\u662f\u8840\u6d41\u6210\u6cb3\u5f8c \u4e0b\u6b21\u5fa9\u6d3b\u6703\u662f\u4ec0\u9ebc\u6a23\u7684\u611f\u53d7 \n\n\u4e0d\u9700\u60b2\u50b7\u6216\u5feb\u6a02\n\n\u5c31\u8b93\u9019\u9053\u9ad4\u6703\u7e7c\u7e8c\u7684\u3001\u6162\u6162\u7684\u6d41\u52d5\n\n\u300e\u628a\u6bcf\u4e00\u523b\u90fd\u7576\u6210\u6700\u5f8c\u4e00\u6b21\u7684\u547c\u5438\u300f\n\n\u6df1\u523b\u7684 \u7528\u529b\u7684 \u518d\u653e\u9b06\u7684 \u5b8c\u6210\u6bcf\u4e00\u9053\n\n2021 12 10 \u6210\u70ba\u9f8d\u6f6d\u4eba",
        "likeCount": "34444",
        "commentCount": "2349",
        "viewCount": "692994"
    },
    "comments": [
        {
            "reply_id": "UgynP8KLiyfNT7qrGCJ4AaABAg",
            "reply_content": "\u53f0\u7063\u5f88\u591a\u50b3\u7d71\u7238\u7238\u611b\u5b69\u5b50\u7684\u65b9\u5f0f\u5c31\u662f\u6253\u7f75\uff0c\u56e0\u70ba\u5c0f\u6642\u5019\u7238\u7238\u4e5f\u6c92\u6709\u5f97\u5230\u6eab\u6696\u7684\u611b\uff0c\u9577\u5927\u5c31\u77e5\u4eba\u7684\u884c\u70ba\u5f80\u5f80\u5fa9\u5236\u4e0a\u4e00\u4ee3"
        },
        {
            "reply_id": "UgwNBAaKHhJZwUmDinp4AaABAg",
            "reply_content": "\u4f60\u77e5\u9053\u4ed6\u8981\u627e\u4f60\u5730\u5740\u9084\u662f\u627e\u5f97\u5230\u55ce\uff1f\u9003\u5f97\u904e\u4e00\u6642\u9003\u4e0d\u904e\u5168\u90e8"
        },
        {
            "reply_id": "UgwqtI6oPRWkkYcjqEV4AaABAg",
            "reply_content": "\u62b1\u62b1"
        },
        {
            "reply_id": "UgxniR8kCJx-hrTjeKh4AaABAg",
            "reply_content": "\u958b\u8eca\u7684\u8f49\u5834\u597d\u7cbe\u5f69\uff01\u5b8c\u7f8e\u95e1\u8ff0\u4f60\u7684\u5fc3\u5883\u8ddf\u4f60\u7684\u500b\u6027"
        },
        {
            "reply_id": "UgyRxE7O-rYtfMSkBjV4AaABAg",
            "reply_content": "\u6211\u80fd\u660e\u767d\u4f60\u7684\u53d7\u50b7 \u56e0\u70ba\u6211\u5abd\u8ddf\u4f60\u7238\u5c31\u662f\u4e00\u6a23\u7684\u4eba"
        },
        {
            "reply_id": "Ugw0D4SEXGcHdSQD8X14AaABAg",
            "reply_content": "\u660e\u8ed2\u6211\u5011\u4e00\u8d77\u52a0\u6cb9"
        },
        {
            "reply_id": "UgyW7myC10jQVXsL7ix4AaABAg",
            "reply_content": "\u5bb6\u66b4\u7684\u786e\u633a\u8fc7\u5206\u7684\uff0c\u4e0d\u8fc7\u6211\u53ea\u5e0c\u671b\u8fd9\u4e2a\u4e16\u754c\u53ea\u6709\u7537\u5973\u4e24\u79cd\u6027\u522b"
        },
        {
            "reply_id": "UgzmJCpj6ubdiGUd7yN4AaABAg",
            "reply_content": "\u524d\u4e00\u5e74\u7684\u8056\u8a95\u7bc0\u6211\u4eca\u5e74\u624d\u770b\u5230"
        },
        {
            "reply_id": "UgxDfC2GtQQEluHsyiF4AaABAg",
            "reply_content": "\u6709\u6c92\u6709\u8fa6\u6cd5\u7559\u4e0b\u6cd5\u5f8b\u7d00\u9304\uff0c\u8b93\u4ed6\u4ee5\u5f8c\u4e0d\u6703\u544a\u4f60\u907a\u68c4\u7f6a\u4e4b\u985e\u7684"
        },
        {
            "reply_id": "UgzK2wdVTwzM1wdC9Ox4AaABAg",
            "reply_content": "\u90fd\u5fd8\u8a18\u4f86\u7559\u8a00\u4e86\u54c8\uff01\u60f3\u8aaa\u4f60\u771f\u7684\u597d\u8b9a\u554a\u554a\u554a\u554a\u554a"
        },
        {
            "reply_id": "UgwQWSIp2RPNXcBzB254AaABAg",
            "reply_content": "\u633a\u60f3\u770b\u937e\u660e\u8ed2\u6253\u67b6"
        },
        {
            "reply_id": "UgymLJdqa4_5ZolJUNZ4AaABAg",
            "reply_content": "\u4e0d\u77e5\u70ba\u4ec0\u9ebc\u5f88\u559c\u6b61\u807d\u937e\u660e\u8ed2\u8aaa\u8a71"
        },
        {
            "reply_id": "Ugz4UGgvG7lUERvVehV4AaABAg",
            "reply_content": "\u79cb\u5929\u5feb\u53bb\u4e09\u5751\u81ea\u7136\u751f\u614b\u516c\u5712\u91ce\u9910"
        },
        {
            "reply_id": "UgzRjhK_D45Mii2NycZ4AaABAg",
            "reply_content": "\u4ed6\u7684\u5bb6\u5ead\u72c0\u6cc1\u600e\u9ebc\u4e86\u6211\u60f3\u77e5\u9053"
        },
        {
            "reply_id": "Ugw9YaTuiVM0eXJCVW94AaABAg",
            "reply_content": "\u5e0c\u671b\u7238\u7238\u53ef\u4ee5\u65e9\u9ede\u77e5\u9053\u81ea\u5df1\u7684\u932f\u8aa4"
        },
        {
            "reply_id": "Ugz6U-klp8LwgKrxSGF4AaABAg",
            "reply_content": "\u6211\u8ddf\u660e\u8ed2\u4e00\u6a23\u6211\u8a71\u6c92\u8aaa\u5b8c\u6211\u7238\u6905\u5b50\u62ff\u4e0a\u4f86\u76f4\u63a5\u5f80\u6211\u8eab\u4e0a\u4e1f"
        },
        {
            "reply_id": "UgxB0ac_klUSp1HE4hZ4AaABAg",
            "reply_content": "\u8b1d\u8b1d\u660e\u8ed2"
        },
        {
            "reply_id": "Ugy4vsbsMfD_yYW6mFt4AaABAg",
            "reply_content": "\u597d\u591a\u7236\u6bcd\u90fd\u6c92\u8b80\u5f88\u591a\u66f8"
        },
        {
            "reply_id": "Ugwi24jQMhWyFkKE2v54AaABAg",
            "reply_content": "\u6700\u597d\u9084\u662f\u4e0d\u8981\u62ff\u7529\u68cd\u62ff\u8fa3\u6912\u6c34\u5c31\u597d"
        },
        {
            "reply_id": "Ugwx7lLMpe6xjJR_1l14AaABAg",
            "reply_content": "\u4f60\u9700\u8981\u6eab\u6696"
        },
        {
            "reply_id": "UgytX8Z60x89TpBmuLJ4AaABAg",
            "reply_content": "\u5929\u54ea\u771f\u662f\u958b\u773c\u754c\u4e86"
        },
        {
            "reply_id": "Ugz6IIsks6_oZcImswp4AaABAg",
            "reply_content": "\u54c7\u597d\u68d2\u5594\u606d\u559c\u9077\u6236\u7c4d\n\u9019\u652f\u5f71\u7247\u771f\u7684\u5f88\u5e36\u7d66\u4eba\u52c7\u6c23"
        },
        {
            "reply_id": "UgyUsUVjbnervx0EnoJ4AaABAg",
            "reply_content": "\u6bcf\u500b\u4eba\u90fd\u6709\u81ea\u5df1\u7684\u50f9\u503c\uff0c\u5982\u679c\u6bcf\u500b\u7236\u6bcd\u90fd\u9019\u6a23\u90a3\u5c0f\u5b69\u5b50\u751f\u51fa\u4f86\u6709\u4ec0\u9ebc\u610f\u7fa9\uff0c\u5728\u4f60\u7238\u7238\u773c\u88e1\u4f60\u5c31\u662f\u62ff\u4f86\u51fa\u6c23\u7684\u6771\u897f\u4e00\u8a00\u4e0d\u5408\u5c31\u52d5\u7c97\u90a3\u7576\u521d\u70ba\u4ec0\u9ebc\u8981\u628a\u4f60\u751f\u4e0b\u4f86\uff1f\uff0c\u6bcf\u500b\u4eba\u51fa\u751f\u5c31\u662f\u4e0d\u516c\u5e73\u7684\uff0c\u50cf\u662f\u4f60\u59d0\u59d0\u4ed6\u53ef\u80fd\u89ba\u5f97\u4f60\u7238\u7238\u5c0d\u5979\u5f88\u597d\u4f46\u662f\u4f60\u59d0\u59d0\u7ad9\u5728\u4f60\u7684\u7acb\u5834\u4ed6\u5c31\u6703\u89ba\u5f97\u70ba\u4ec0\u9ebc\u7238\u7238\u5c0d\u6211\u90a3\u9ebc\u597d\u53ef\u662f\u5c0d\u4f60\u5c31\u4e0d\u4e00\u6a23\uff0c\u6bcf\u500b\u4eba\u90fd\u6709\u81ea\u5df1\u7684\u50f9\u503c\uff0c\u4e0d\u61c9\u8a72\u662f\u5bb6\u4eba\u7684\u9053\u5fb7\u7d81\u67b6\u624d\u8b93\u4f60\u89ba\u5f97\u7b49\u5f85\u5c0f\u5b69\u5b50\u5c31\u5fc5\u9808\u9019\u6a23\uff0c\u53ea\u8981\u7ad9\u5728\u5c0f\u5b69\u5b50\u7684\u7acb\u5834\u5c0f\u5b69\u5b50\u5c31\u4e0d\u6703\u53d7\u50b7\u3002"
        },
        {
            "reply_id": "Ugz5VascH-dpR9f-tIF4AaABAg",
            "reply_content": "\u90a3\u4ec0\u9ebc\u6642\u5019\u8981\u8df3\u5927\u6c60\u63d2\u6de4\u6ce5\n\u6211\u4f4f\u5f88\u8fd1\u60f3\u770b\u73fe\u5834\u76f4\u64ad"
        },
        {
            "reply_id": "UgxxKUdcx5rezL1FsJd4AaABAg",
            "reply_content": "\u7b11\u6b7b"
        }
    ]
}