{
    "video_info": {
        "id": "vAvljcCit0M",
        "channelTitle": "\u937e\u660e\u8ed2",
        "title": "\u5ee0\u5546\u8981\u7d66\u6211\u78ba\u5b9a\u9912\uff01",
        "description": "\u672c\u96c6\u771f\u7684\u5f88for\u559c\u6b61\u611b\u611b\u6216\u800d\u9a37\u7684\u670b\u53cb\n\u5e73\u5e38\u6c92\u6709\u4fdd\u990a\u8d77\u4f86\u9084\u771f\u7684\u4e0d\u77e5\u9053\u539f\u4f86\u81ea\u5df1\u53ef\u4ee5\u5728\u6c92\u6709\u4efb\u4f55\u91ab\u7f8e\u7684\u5e6b\u52a9\u4e0b\n\u9084\u53ef\u4ee5\u628a\u81ea\u5df1\u7684\u9577\u76f8\u7d66Upgraded\u8d77\u4f86\n\n\u7e3d\u800c\u8a00\u4e4b \u5df2\u7d93\u7576\u4e86\u597d\u5e7e\u5e74\u7684\u767d\u8001\u9f20\n\u53ef\u5728\u81ea\u5df1\u7684\u6709\u751f\u4e4b\u5e74\u88e1\u610f\u5916\u6316\u5230\u771f\u5be6\u597d\u7528\u7684\u7522\u54c1 \u771f\u6ef4\u53ef\u9047\u4e0d\u53ef\u6c42\uff01\n\u4e00\u6a23\u8001\u8a71\u4e00\u53e5\uff1a\n\u300e\u5929\u5e95\u4e0b\u6c92\u6709\u6240\u8b02\u5168\u4eba\u985e\u90fd\u9069\u7528\u7684\u7522\u54c1\uff0c\u53ea\u6709\u627e\u5230\u9069\u5408\u81ea\u5df1\u7684\uff0c\u90a3\u624d\u662f\u771f\u7684\u3002\u300f\n\n\u5f88\u69ae\u5e78\u7576\u5927\u5bb6\u7684\u5c0f\u5c0f\u907f\u96f7\u91dd\n\u7e7c\u7e8c\u800d\u9a37\uff5e\u7e7c\u7e8c\u6f02\u4eae\uff5e",
        "likeCount": "13754",
        "commentCount": "499",
        "viewCount": "458422"
    },
    "comments": [
        {
            "reply_id": "UgyTbLkWEeZdknGbjb94AaABAg",
            "reply_content": "\u6211\u5abd\u525b\u5f9e\u570b\u5916\u56de\u4f86\u4ed6\u5c31\u554f\u8aaa\u4ed6\u60f3\u8cb7\u81a0\u539f\u86cb\u767d\u6211\u5c31\u807d\u4f60\u7684\u8a71\u8cb7\u4e86\u7b2c\u4e94\u5929\u800c\u5df2\u5c31\u958b\u59cb\u6709\u6548\u679c\u4e86\ud83d\ude0d"
        },
        {
            "reply_id": "UgxVOiw06968c_YPkAF4AaABAg",
            "reply_content": "\u9019\u500b\u9aee\u578b\u5f88\u597d\u770b"
        },
        {
            "reply_id": "UgzuQlQNTk5JTHoxwkx4AaABAg",
            "reply_content": "\u4f60\u53ef\u4ee5\u53bb\u6cf0\u570b\u7576\u4eba\u5996"
        },
        {
            "reply_id": "Ugw7TTNsinkCArJftQR4AaABAg",
            "reply_content": "\u76ae\u80a4\u5f88\u597d\u5185"
        },
        {
            "reply_id": "Ugy8SF_ddhdDM0MDPF54AaABAg",
            "reply_content": "\u597d\u60f3\u77e5\u9053\u4ed6\u7684\u776b\u6bdb\u5728\u90a3\u88e1\u63a5\u7684\u597d\u7ff9\u53c8\u597d\u9577"
        },
        {
            "reply_id": "Ugz8X5y_ROj63NYlMQR4AaABAg",
            "reply_content": "\u53ef\u4ee5\u53bb\u5370\u5c3c\u627e\u9054\u5c3c\u5c0f\u59d0\u55ce"
        },
        {
            "reply_id": "UgwB4F6y_zNZDZzcpdR4AaABAg",
            "reply_content": "\u8d85\u7d1a\u559c\u6b61"
        },
        {
            "reply_id": "UgyIxCc1XqrG0_SbdDZ4AaABAg",
            "reply_content": "\u8868\u60c5\u7684\u90e8\u5206\u662f\u5426\u592a\u591a"
        },
        {
            "reply_id": "Ugz-eMX0lWk-fVTKiSZ4AaABAg",
            "reply_content": "\u592a\u7f8e\u4e86"
        },
        {
            "reply_id": "UgwFLuZKNqYMdEWggdR4AaABAg",
            "reply_content": "\u53ef\u662f\u81a0\u539f\u8cb4\u554a"
        },
        {
            "reply_id": "Ugx3q55X8uNgNX_-WtR4AaABAg",
            "reply_content": "\u6211\u53ea\u80fd\u8aaa\u4f60\u771f\u7684\u597d\u6f02\u4eae"
        },
        {
            "reply_id": "UgyjXnGljcDexCP9oV14AaABAg",
            "reply_content": "\u937e\u660e\u8ed2\u8868\u60c5\u8d8a\u4f86\u8d8a\u8c50\u5bcc"
        },
        {
            "reply_id": "Ugx94KJVhCLozN3zIA54AaABAg",
            "reply_content": "\u4eba\u751f\u88fd\u85e5\u7adf\u7136\u6709\u51fa\u6f64\u6ed1\u6db2\ud83e\udd23\u6211\u4ee5\u70ba\u4ed6\u5011\u53ea\u8ce3\u4fdd\u5065\u98df\u54c1"
        },
        {
            "reply_id": "UgzE2kKAXisxXd1iSSF4AaABAg",
            "reply_content": "\u8cb7\u8cb7\u8cb7"
        },
        {
            "reply_id": "UgxZ3qXlHenXek5p7Hp4AaABAg",
            "reply_content": "\u597d\u60f3\u53d8\u6210\u660e\u8f69\u554a"
        },
        {
            "reply_id": "Ugxs1JqFY_r5stXvO9d4AaABAg",
            "reply_content": "\u76ae\u819a\u771f\u7684\u5f88\u597d\uff01\u6211\u6703\u52aa\u529b\u7528\u4f60\u7684\u65b9\u6cd5\u8b8a\u5f97\u66f4\u597d"
        },
        {
            "reply_id": "UgxZXgZ9Lj6jqc1BzYR4AaABAg",
            "reply_content": "\u4f60\u7684\u76ae\u819a\u597d\u5230\u5f88\u50cf\u5957\u4e86\u4e00\u5c64\u7d72\u896a\u5728\u4e0a\u9762"
        },
        {
            "reply_id": "UgymGDUXcN5m68PNElN4AaABAg",
            "reply_content": "\u548c\u694a\u4e1e\u7433\u5f88\u50cf"
        },
        {
            "reply_id": "UgxtjmiFpe4v3JR8yUh4AaABAg",
            "reply_content": "\u937e\u660e\u8ed2\u7528\u5168\u80fd\u4e73\u6db2\u6703\u4e0d\u6703\u592a\u65e9\uff1f\u597d\u50cf\u5e74\u7d00\u5927\u9ede\u7528\u6bd4\u8f03\u9069\u5408"
        },
        {
            "reply_id": "Ugx0vqZJAZvgSoytxH14AaABAg",
            "reply_content": "\u597d\u5947\u8cb4\u5a66\u5473\u5230\u5e95\u662f\u4ec0\u9ebc\u5473\u9053"
        },
        {
            "reply_id": "UgyM7LCxTKaQWuMvRdV4AaABAg",
            "reply_content": "\u76ae\u819a\u771f\u7684\u5f88\u597d"
        },
        {
            "reply_id": "Ugyz83IrnUuJIP0G62t4AaABAg",
            "reply_content": "\u5f8c\u9762\u8df3\u821e\u8d85\u53ef\u611b\u597d\u597d\u7b11"
        },
        {
            "reply_id": "UgzuQle94f_IqmTgsIt4AaABAg",
            "reply_content": "\u81a0\u539f\u86cb\u767d\u770b\u4e86\u597d\u60f3\u8cb7"
        },
        {
            "reply_id": "Ugz7E_jyYY-Jwpcyybx4AaABAg",
            "reply_content": "\u6c92\u6709\u7db2\u7ad9\u9023\u7d50\u5594"
        },
        {
            "reply_id": "Ugw8X2TxSArYVFEvhJh4AaABAg",
            "reply_content": "\u660e\u8ed2\u8001\u5a18\u65e9\u5531\u6c92\u7528\u90a3\u662f\u59b3\u9084\u5e74\u8f15\u6211\u8001\u4e86\u4e0d\u7528\u5566"
        }
    ]
}