{
    "video_info": {
        "id": "vS8-k1c0zUU",
        "channelTitle": "\u937e\u660e\u8ed2",
        "title": "\u53ef\u4ee5\u505c\u7522\u7684\u5ee0\u5546!!",
        "description": "\u5047\u501f\u62cd\u9760\u5317\u5ee0\u5546\u4e4b\u540d\n\u884c\u5c55\u73fe\u6f02\u4eae\u4e4b\u5be6\u3002\n\n\u8b1d\u8b1d",
        "likeCount": "14949",
        "commentCount": "1001",
        "viewCount": "475183"
    },
    "comments": [
        {
            "reply_id": "UgwG1kuryIZZHBlf8w54AaABAg",
            "reply_content": "\u597d\u6b50\u611b\u4fe1\u4e0d\u4fe1"
        },
        {
            "reply_id": "UgzxOG7hJs5QCCKGbIx4AaABAg",
            "reply_content": "\u4eca\u5929\u7684\u599d\u5bb9\u8ddf\u7c89\u8272\u592a\u642d\u4e86\u5427"
        },
        {
            "reply_id": "UgxX0HFCvEIqmnvZ4BR4AaABAg",
            "reply_content": "\u660e\u8ed2\u59d0\u59d0\u4f60\u597d\u8fa3\u5594"
        },
        {
            "reply_id": "UgyGH2wIExtstJBlm954AaABAg",
            "reply_content": "\u9ec3\u6c0f\u5144\u5f1f\u7684\u6e05\u9716\u53eb\u6211\u4f86\u6309\u5012\u8b9a"
        },
        {
            "reply_id": "UgyNN98wuoVmg2McOx54AaABAg",
            "reply_content": "\u6211\u88ab\u660e\u8ed2\u7f8e\u5230\u4e86"
        },
        {
            "reply_id": "UgySo5m2ZfMN1k00Xih4AaABAg",
            "reply_content": "\u4e1f\u81c9\u7684\u8b8a\u614b"
        },
        {
            "reply_id": "UgwxUMk8Ed0HvHcca6V4AaABAg",
            "reply_content": "\u6211\u8981\u5410\u4e86"
        },
        {
            "reply_id": "UgwUvsszI6brtZbPqKt4AaABAg",
            "reply_content": "\u6de1\u7c89\u91d1\u8272\u9aee\u8272\u8d85\u7f8e"
        },
        {
            "reply_id": "UgzSjjZYernPc-CSFQl4AaABAg",
            "reply_content": "\u9019\u9aee\u8272\u6bd4\u91d1\u8272\u66f4\u597d\u770b"
        },
        {
            "reply_id": "UgxZr7nDTDEGL1wtKTt4AaABAg",
            "reply_content": "\u52d5\u4fdd\u5354\u6703\u55ce"
        },
        {
            "reply_id": "UgxYuqr2LjU8rqFNUDB4AaABAg",
            "reply_content": "\u5c31\u662f\u7f8e"
        },
        {
            "reply_id": "Ugz4dCRtOgTZmRjrhjl4AaABAg",
            "reply_content": "\u4f60\u5df2\u7d93\u4e0d\u7d05\u4e86"
        },
        {
            "reply_id": "UgwdvnzVyLgLD3uRyWl4AaABAg",
            "reply_content": "\u7121\u6065"
        },
        {
            "reply_id": "Ugzo5xZELjtWoa8KJF14AaABAg",
            "reply_content": "\u5934\u53d1\u989c\u8272\u5f88\u914d"
        },
        {
            "reply_id": "Ugw8WJteuZgLUaOeLqZ4AaABAg",
            "reply_content": "\u6211\u89ba\u5f97\u73ab\u7470\u91d1\u5f88\u6f02\u6f02"
        },
        {
            "reply_id": "UgysgZTZIKrtJprm6Fd4AaABAg",
            "reply_content": "\u982d\u9aee\u597d\u597d\u770b"
        },
        {
            "reply_id": "UgzWkL2ZvvpP3qZXNzt4AaABAg",
            "reply_content": "\u982d\u9aee\u597d\u597d\u770b\u5440\u554a\u554a\u554a\u554a\u554a\u554a\u554a\u554a\u554a\u554a\u554a\u554a\u554a"
        },
        {
            "reply_id": "UgyruUSRv3RiEVPZ9sF4AaABAg",
            "reply_content": "\u8c93\u54aa\u597d\u5bb3\u7f9e"
        },
        {
            "reply_id": "UgyWsMl0ylhDhwXp7H14AaABAg",
            "reply_content": "\u597d\u919c"
        },
        {
            "reply_id": "UgwPeG5TSVSYI19DpLR4AaABAg",
            "reply_content": "\u5641"
        },
        {
            "reply_id": "UgwqLuSUF74MFR68vhh4AaABAg",
            "reply_content": "\u5f53\u6211\u5973\u670b\u53cb"
        },
        {
            "reply_id": "UgyNPeRbF_VlTCJlUwh4AaABAg",
            "reply_content": "\u570b\u969b\u81ed\u7532"
        },
        {
            "reply_id": "Ugw8J9WLDIqYWifmpyt4AaABAg",
            "reply_content": "\u65b0\u7247\u4ec0\u9ebc\u6642\u5019\u51fa\u9d28"
        },
        {
            "reply_id": "UgzLWenErZjgLawQC9F4AaABAg",
            "reply_content": "\u9000\u8a02\u9000\u8d77\u4f86"
        },
        {
            "reply_id": "UgzFu1snNvMaSXHNWVJ4AaABAg",
            "reply_content": "\u4f60\u6a13\u4e0b\u7684\u4e0d\u6703\u5435\u6b7b\u55ce\u4f60\u8173\u8e29\u9019\u9ebc\u5927\u529b\u9023\u8c93\u90fd\u8a0e\u53ad\u4f60"
        }
    ]
}