{
    "video_info": {
        "id": "weebni_V5ls",
        "channelTitle": "\u937e\u660e\u8ed2",
        "title": "\u6211\u7684\u5bb6\u8b8a\u4e86\uff01",
        "description": "\u81ea\u5f9e\u642c\u65b0\u5bb6\u4e4b\u5f8c \u5c31\u89ba\u5f97\u9019\u500b\u5bb6\u5c11\u4e86\u4e00\u9ede\u4ec0\u9ebc\n\n\u5df2\u642c\u9032\u4f864\u500b\u591a\u6708 \u7f8e\u4e2d\u4e0d\u8db3\u7684\u9ede\u771f\u7684\u5c31\u662f\u90a3\u7121\u8da3\u7684\u967d\u53f0\n\n\u6bcf\u6b21\u8d77\u5e8a\u770b\u5230\u967d\u53f0\u90fd\u5fc3\u88e1\u9ed8\u5ff5\uff1a \n\u300e\u90a3\u4e0d\u662f\u5c6c\u65bc\u6211\u5bb6\u7684\u4e00\u90e8\u4efd\uff0c\u90a3\u4e0d\u662f\u5c6c\u65bc\u6211\u5bb6\u7684\u4e00\u90e8\u4efd\u3002\u300f\n\n\u5728\u8166\u4e2d\u6703\u5f88\u61f6\u60f0\u7684\u4ea4\u7d66\u672a\u4f86\u7684\u660e\u8ed2\u89e3\u6c7a \n\u7e3d\u89ba\u5f97\u53cd\u6b63\u672a\u4f86\u7e3d\u6709\u4e00\u5929\u6211\u4e00\u5b9a\u6703\u6539\u8b8a\u5b83\u7684\u9577\u76f8\n\n\u5f8c\u4f86\u5c31\u5982\u5f71\u7247\u770b\u5230\u7684\u90a3\u6a23\n\n\u672c\u4f86\u60f3\u4ee5\u666e\u901a\u53f0\u7063\u6c11\u773e\u7684\u8eab\u4efd\u53bb\u8acb\u4eba\u5bb6\u5e6b\u6211\u6539\u9020\u5be6\u4f5c\n\u4f46\u4ed6\u5011\u7684\u95c6\u5a18\u597d\u50cf\u6709\u9ede\u5fae\u611b\u6211 \u5805\u6301\u5408\u4f5c\n\n\u53ea\u80fd\u8aaa\u88ab\u5730\u7403\u4eba\u4fd7\u7a31\u7684\u5973\u6027\u5fae\u611b \u771f\u7684\u662f\u6709\u9ede\u4e0d\u7fd2\u6163\uff5e\uff5e\nAnyway \u4e16\u4e0a\u552f\u4e00\u4e0d\u8b8a\u7684\u5c31\u662f\u300e\u8b8a\u300f\n\u4e0d\u77e5\u300e\u751f\u547d\u300f\u9019\u5834\u904a\u6232\u6703\u8ddf\u6211\u76f8\u8655\u591a\u4e45\n\n\u6211\u73fe\u5728\u662f\u76e1\u53ef\u80fd\u7684\u73a9\u597d\u904a\u6232 \n\u76e1\u53ef\u80fd\u7684\u7e7c\u7e8c\u5275\u4f5c\n\u76e1\u53ef\u80fd\u7684...\n\n\u7121\u53ef\u6551\u85e5\uff1f",
        "likeCount": "23006",
        "commentCount": "1213",
        "viewCount": "627477"
    },
    "comments": [
        {
            "reply_id": "UgwBHEj9fluDBGz5Cv54AaABAg",
            "reply_content": "\u5f88\u559c\u6b61\u7247\u5c3e"
        },
        {
            "reply_id": "Ugy-E0MGaFXggeQ4del4AaABAg",
            "reply_content": "\u771f\u7684\u5f88\u6f02\u4eae"
        },
        {
            "reply_id": "UgywoLq3wCxWyVeMAZR4AaABAg",
            "reply_content": "\u4e0b\u96e8\u600e\u9ebc\u8fa6"
        },
        {
            "reply_id": "UgzaKHC4txS6ZhujONl4AaABAg",
            "reply_content": "\u6211\u5f88\u597d\u5947\u4e0b\u96e8\u600e\u9ebc\u8fa6"
        },
        {
            "reply_id": "Ugx1gZMPdXPUeeJD0GN4AaABAg",
            "reply_content": "\u6700\u5f8c\u559d\u9999\u6ab3\u7684\u6642\u5019\u6c34\u4e00\u76f4\u6ef4\u5230\u5927\u817f"
        },
        {
            "reply_id": "UgxTWbRCx_kO8b8VcTl4AaABAg",
            "reply_content": "\u9019\u500b\u967d\u53f0\u771f\u7684\u592a\u7f8e"
        },
        {
            "reply_id": "Ugwlxs9azP6SIo2hbaR4AaABAg",
            "reply_content": "\u8d85\u559c\u6b61\u4f60\u7684\u5f71\u7247"
        },
        {
            "reply_id": "UgyQFSdwVy5qgxUCbEF4AaABAg",
            "reply_content": "\u8d85\u7f8e\u7684"
        },
        {
            "reply_id": "Ugx68GWZ6ekcBPdDN8d4AaABAg",
            "reply_content": "\u5fc3\u52d5"
        },
        {
            "reply_id": "UgwBo1gkuHZ2HI5Zpfd4AaABAg",
            "reply_content": "\u6709\u6b38"
        },
        {
            "reply_id": "UgwpYr1zhUWF5asJtRN4AaABAg",
            "reply_content": "\u597d\u5947\u4e0b\u96e8\u5c0f\u6c99\u767c\u6703\u88ab\u96e8\u6c34\u5674\u5230\u55ce"
        },
        {
            "reply_id": "Ugwbg6p-WatDBRLkUgd4AaABAg",
            "reply_content": "\u54c7\u548c\u6211\u4f4f\u9152\u5e97\u4e60\u60ef\u4e00\u6837\uff0c\u8fdb\u95e8\u524d\u8bf4\u7684\u8bdd\u90fd\u4e00\u6837"
        },
        {
            "reply_id": "Ugx_2cnc0NY0OGdJgSB4AaABAg",
            "reply_content": "\u79c1\u4e0b\u751f\u6d3b\u5f88\u5e25\u8036"
        },
        {
            "reply_id": "UgwvNlS6fkSLCusCB8p4AaABAg",
            "reply_content": "\u90a3\u500b\u5730\u677f\u6211\u9084\u771f\u6c92\u60f3\u904e\u7528\u5728\u7246\u4e0a\u90a3\u9ebc\u7f8e\u8036"
        },
        {
            "reply_id": "UgwqH8YZ7VR0osej5414AaABAg",
            "reply_content": "\u6709\u4eba\u8aaa\u904e\u4f60\u7121\u599d\u6642\u9577\u5f97\u5f88\u50cf\u5f35\u570b\u69ae\u55ce\uff1f\u5f88\u597d\u770b\u8036"
        },
        {
            "reply_id": "UgwYKnOTzrkX4sswNhB4AaABAg",
            "reply_content": "\u771f\u7684\u597d\u7f8e"
        },
        {
            "reply_id": "UgxVavJMCpFUIxL_YbF4AaABAg",
            "reply_content": "\u4e0b\u96e8\u5929\u600e\u9ebc\u8fa6"
        },
        {
            "reply_id": "Ugw1G5UsNnTCqiajjPV4AaABAg",
            "reply_content": "\u7d50\u679c\u623f\u6771\u770b\u5b8c\u5f71\u7247\u6253\u4f86\u8aaa\u88cf\u9762\u9806\u4fbf\u6539\u4e00\u4e0b\u54c8\u54c8"
        },
        {
            "reply_id": "Ugygdx_VwrE0J5XM6Gl4AaABAg",
            "reply_content": "\u4e0b\u96e8\u7684\u8a71\u600e\u9ebc\u8fa6"
        },
        {
            "reply_id": "UgxbpXysiP2MdlIeqjF4AaABAg",
            "reply_content": "\u8acb\u554f\u690d\u7269\u82b1\u76c6\u8207\u8349\u76ae\u53ef\u4ee5\u5728\u54ea\u88e1\u8cfc\u8cb7"
        },
        {
            "reply_id": "UgzSlj7VAbPxs4_y4_l4AaABAg",
            "reply_content": "\u76ae\u819a\u904e\u4efd\u7684\u7f8e"
        },
        {
            "reply_id": "UgyjPMF9ZTG4fn5unGp4AaABAg",
            "reply_content": "\u4e0b\u96e8\u600e\u9ebc\u8fa6"
        },
        {
            "reply_id": "UgxhhY6dDtWU2gnFDOZ4AaABAg",
            "reply_content": "\u770b\u5230\u8aaa\u6284\u8972\u7684\u7559\u8a00\u89ba\u5f97\u53f0\u7063\u9084\u662f\u6709\u773c\u775b\u7684\u4eba\n\u770b\u5230\u8aaa\u5f88\u7f8e\u7684\u771f\u7684\u89ba\u5f97\u53f0\u7063\u7f8e\u611f\u8acb\u52a0\u6cb9\u597d\u55ce"
        },
        {
            "reply_id": "UgzAQ4ZkFETmhauqush4AaABAg",
            "reply_content": "\u4e0b\u96e8\u5929\u600e\u9ebc\u8fa6"
        },
        {
            "reply_id": "UgxiA_jE6w3Jp06UtcR4AaABAg",
            "reply_content": "\u4e0b\u96e8\u600e\u9ebc\u8fa6"
        }
    ]
}