{
    "video_info": {
        "id": "X9GcaZC7wEE",
        "channelTitle": "\u937e\u660e\u8ed2",
        "title": "\u4eca\u5929\u8981\u4f86\u5e79\u5927\u4e8b\uff01",
        "description": "\u81f4\u81ea\u7531\u3002\n\n\u80fd\u5920\u7528\u4f5c\u54c1\u7684\u5f62\u5f0f\u4f86\u5305\u88dd\u6211\u7684\u300e\u8aaa\u8a71\u300f\uff0c\n\u662f\u4e00\u4ef6\u5f88\u6709\u8da3\u7684\u4e8b\uff0c\n\u6211\u60f3\uff0c\u300e\u81ea\u7531\u300f\u9019\u4ef6\u4e8b\u4e26\u4e0d\u80fd\u8b93\u6211\u9054\u5230\uff0c\n\u7562\u7adf\u6211\u7121\u6cd5\u9577\u751f\u4e0d\u8001\u3001\u9577\u751f\u4e0d\u6b7b\uff0c\n\u4f46\u6211\u53ef\u4ee5\u505a\u6211\u60f3\u6cd5\u4e0a\u7684\u90a3\u7a2e\u81ea\u7531\uff0c\n\u662f\u90a3\u7a2e\uff0c\u6211\u5728\u88ab\u67b7\u9396\u5957\u7262\u7684\u60c5\u6cc1\u4e0b\uff0c\u9084\u53ef\u4ee5\u4efb\u7531\u6211\u5fc3\u4e2d\u7684\u65cb\u5f8b\u76e1\u60c5\u821e\u8e48\uff0c\u591a\u7f8e\u554a\uff5e\n\nAnd\u8b1b\u771f\u7684\uff0c\u6c92\u6709\u4eba\u9700\u8981\u5728\u4e4e\u4f60\u662f\u8ab0\uff0c\n\u4f46\u4f60\u53ef\u4ee5\u544a\u8a34\u5927\u5bb6\uff0c\n\u4f60\u662f\u8ab0\uff01",
        "likeCount": "43519",
        "commentCount": "3050",
        "viewCount": "860027"
    },
    "comments": [
        {
            "reply_id": "Ugz0nkKNFnBV7Lk4UUV4AaABAg",
            "reply_content": "\u660e\u8ed2\u5f88\u8ff7\u4eba"
        },
        {
            "reply_id": "Ugx2pDUO_KMdPF062Vh4AaABAg",
            "reply_content": "\u597d\u807d"
        },
        {
            "reply_id": "Ugw8P857zmBFq3UykGZ4AaABAg",
            "reply_content": "\u5c0f\u5b66\u751f\u6c34\u5e73"
        },
        {
            "reply_id": "UgxzQ7aN_ZfxrFGeCMp4AaABAg",
            "reply_content": "\u9019\u500b\u5c0f\u5b69\u9577\u7684\u6709\u9ede\u50cf\u660e\u8ed2\u5c0f\u6642\u5019"
        },
        {
            "reply_id": "UgxfZZbpp4azDq8SMdx4AaABAg",
            "reply_content": "\u6b4c\u8fd8\u633a\u597d\u542c"
        },
        {
            "reply_id": "Ugyb_XeWBgd2PANOret4AaABAg",
            "reply_content": "\u662f\u7279\u610f\u5531\u7ed9\u6211\u4eec\u542c\u7684\u5417"
        },
        {
            "reply_id": "UgwYZhtZYUmj2qnNLJZ4AaABAg",
            "reply_content": "\u756a\u8304\u904e\u654f\u592a\u6158\u4e86\u5566"
        },
        {
            "reply_id": "UgymUKFLQA1yqovBg154AaABAg",
            "reply_content": "\u597d\u597d\u807d"
        },
        {
            "reply_id": "UgyHIOOMtvIpSIV2CVF4AaABAg",
            "reply_content": "\u4e3a\u4ec0\u4e48\u4f60\u8981\u5199\u7f8e\u4eba\u53d8\u7f8e\u4e2d\u5462\u7f8e\u4eba\u5f88\u7f8e\u4e86"
        },
        {
            "reply_id": "UgwiavYrYJioOGtLUY54AaABAg",
            "reply_content": "\u6211\u771f\u662f\u5fcd\u4e0d\u4f4f\u7684\u559c\u6b22\u4f60"
        },
        {
            "reply_id": "UgxBq070o2yBvsthLhd4AaABAg",
            "reply_content": "\u597d\u919c\u7684\u4eba\u5152\u5440"
        },
        {
            "reply_id": "UgxIbgAwL8gDHjtEYwt4AaABAg",
            "reply_content": "\u54c8\u54c8\u54c8\u54c8\u54c8\u54c8\u54c8\u54c8\u54c8\u81ea\u8a87\u5230\u4e00\u500b\u6975\u81f4 \u771f\u7684\u662f\u5c04\u624b\u6b38\u54c8\u54c8\u54c8"
        },
        {
            "reply_id": "UgxRw7U6NoyEbRBi1r14AaABAg",
            "reply_content": "\u597d\u7f8e"
        },
        {
            "reply_id": "Ugw90GqkaKSMdxDmh5d4AaABAg",
            "reply_content": "\u6211\u5f9e\u6c92\u770b\u904e\u4f60\u919c\u7684\u6a23\u5b50"
        },
        {
            "reply_id": "UgzZzvrG571e6BYDMXJ4AaABAg",
            "reply_content": "\u98a8\u8863\u8d85\u6642\u5c1a"
        },
        {
            "reply_id": "UgwmLPhdIE2TmdzzEJt4AaABAg",
            "reply_content": "\u5728\u8173\u88ab\u67b7\u9396\u5957\u7262\u7684\u60c5\u6cc1\u4e0b\u9084\u53ef\u4ee5\u76e1\u60c5\u821e\u8e48\uff0c\u9019\u53e5\u8a71\u8d85\u68d2\u7684"
        },
        {
            "reply_id": "UgybdGsDnv5z1AVB-dl4AaABAg",
            "reply_content": "\u60f3\u5410"
        },
        {
            "reply_id": "Ugw_Ec5g0mYPnacJ4414AaABAg",
            "reply_content": "\u949f\u660e\u8f69\u53ef\u4ee5\u8bf7\u4f60\u9a82\u90a3\u4e9b\u4e00\u76f4\u5ba3\u4f20\u5f71\u7247\u7684\u5c0f\u72d7\u5417?\u771f\u7684\u5f88\u70e6\u8bf6\u90a3\u4e9b\u5c0f\u72d7"
        },
        {
            "reply_id": "UgzO6kdJ2V4lXyFpp094AaABAg",
            "reply_content": "\u597d"
        },
        {
            "reply_id": "UgwnkVTAEoCJ_kVZ3nJ4AaABAg",
            "reply_content": "\u777f\u667a"
        },
        {
            "reply_id": "Ugznkq8cibWmmwkEzY14AaABAg",
            "reply_content": "\u660e\u8f69\u6211\u89c9\u5f97\u4f60\u7559\u4e2a\u957f\u53d1\u4f1a\u5f88\u6f02\u4eae\uff0c\u4f60\u6ca1\u6709\u8fd9\u4e2a\u6253\u7b97\u5417"
        },
        {
            "reply_id": "UgxnQ1xxz78xkikVGC94AaABAg",
            "reply_content": "\u50bb\u903c"
        },
        {
            "reply_id": "UgyEbwfvxcw_0JQvvId4AaABAg",
            "reply_content": "\u6211\u5e0c\u671b\u4f60\u53ef\u4ee5\u770b\u6211\u525b\u525b\u4e0a\u8f09\u7684\u5f71\u7247"
        },
        {
            "reply_id": "UgwMTgSE2cPYGmSRquN4AaABAg",
            "reply_content": "\u5916\u639b\u578b\u8a02\u95b1\u6578"
        },
        {
            "reply_id": "UgzAEtBbnzVT-t9Tfyp4AaABAg",
            "reply_content": "\u8d85\u68d2"
        }
    ]
}