{
    "video_info": {
        "id": "XCwKXhkrjwc",
        "channelTitle": "\u937e\u660e\u8ed2",
        "title": "\u5927\u5b78\u751f\u8981\u51fa\u53bb\u73a9\uff01",
        "description": "\u672a\u4f86\u662f\u672a\u77e5 \n\u6211\u7121\u5f9e\u77e5\u9053\u6211\u6703\u5728\u4ec0\u9ebc\u6642\u5019\u6703\u505a\u4ec0\u9ebc\u4e8b\u60c5\n\nMaybe\u904e\u4e865\u5e74\u300110\u5e74 \n\u6211\u5011\u5728\u9752\u6625\u6642\u671f\u5efa\u7acb\u7684\u53cb\u8abc\u6703\u5728\u67d0\u523b\u505c\u6b62\n\u4f46\u6d3b\u5728ing\u7684\u300e\u6211\u300f \n\u300e\u6211\u300f\u8a18\u9304\u4e86\u660e\u8ed221\u6b72\u7684\u751f\u6d3b\u5f62\u5f0f\n\n\u9019\u4e9b\u66fe\u7d93\n\n\u90fd\u6703\u4ee5\u5404\u7a2e\u5f62\u5f0f\u5132\u5b58\u5728\u60f3\u5438\u6536\u9019\u4e9b\u8cc7\u8a0a\u7684\u4eba\u7684\u751f\u547d\u88e1\n\n\u4e00\u65b9\u9762\u56de\u994b\u6211  \n\n\u4e00\u65b9\u9762\u9001\u7d66\u4f60\n\n\u4f86\n\n\u4e00\u8d77\u81f4\u5e7c\u7a1a\u9752\u6625",
        "likeCount": "16990",
        "commentCount": "701",
        "viewCount": "552396"
    },
    "comments": [
        {
            "reply_id": "Ugxmnj5RqE0Y7pL67vl4AaABAg",
            "reply_content": "\u4eca\u5929\u624d\u4f86\u9019\u88e1\u73a9"
        },
        {
            "reply_id": "Ugwx3AYvM-bxNkvoa9x4AaABAg",
            "reply_content": "\u98df\u7269\u597d\u4fbf\u5b9c"
        },
        {
            "reply_id": "Ugxm4lepHBaLRIVkt0h4AaABAg",
            "reply_content": "\u9019\u53eb\u72fc\u4eba\u6bba\u4e0d\u53eb\u963f\u4f64\u56c9"
        },
        {
            "reply_id": "UgzERpZJ9feMctW1wut4AaABAg",
            "reply_content": "\u6f02\u4eae"
        },
        {
            "reply_id": "UgxehOS2v4csRYcnwu14AaABAg",
            "reply_content": "\u9019\u5730\u65b9\u6211\u53bb\u904e"
        },
        {
            "reply_id": "UgxF5ki97nSRYQu6SlB4AaABAg",
            "reply_content": "\u90a3\u5c0f\u8c93\u600e\u9ebc\u8fa6"
        },
        {
            "reply_id": "Ugz1slilsIRq30zm5DJ4AaABAg",
            "reply_content": "\u8b1d\u8b1d\u5206\u4eab"
        },
        {
            "reply_id": "Ugz5g3MghptGU5AGyaJ4AaABAg",
            "reply_content": "\u592d\u58fd"
        },
        {
            "reply_id": "Ugy4rsb96xDj_-goR314AaABAg",
            "reply_content": "\u6211\u4f4f\u65b0\u7af9"
        },
        {
            "reply_id": "UgytNZD-Hoi7oDn--PV4AaABAg",
            "reply_content": "\u597d\u60f3\u4f4f\u9732"
        },
        {
            "reply_id": "UgwwpHbcTk2ShBuL-Ll4AaABAg",
            "reply_content": "\u771f\u7684\u8d8a\u4f86\u8d8a\u611b\u660e\u8ed2"
        },
        {
            "reply_id": "UgxawAtVI6HCP7b2OSp4AaABAg",
            "reply_content": "\u660e\u8ed2\u8d85\u6b63"
        },
        {
            "reply_id": "UgyrThESZJbfIwTVkkV4AaABAg",
            "reply_content": "\u8d85\u7d1a\u559c\u6b61"
        },
        {
            "reply_id": "UgwMP2ml60ufgz3L2IN4AaABAg",
            "reply_content": "\u53ef\u4ee5\u554f\u570b\u969b\u7f8e\u4eba\u7684\u8863\u670d\u90a3\u88e1\u8cb7\u55ce"
        },
        {
            "reply_id": "UgyfZ9mJjgUpJulb4RV4AaABAg",
            "reply_content": "\u90a3\u500b\u963f\u5b24\u597d\u53ef\u611b"
        },
        {
            "reply_id": "Ugx_6ENeCBv0ClC3M-t4AaABAg",
            "reply_content": "\u5176\u5be6\u9084\u597d\u8d85\u597d\u7b11"
        },
        {
            "reply_id": "UgxgOnE3H1bBvW5a2Gd4AaABAg",
            "reply_content": "\u71b1\u60c5\u963f\u5b24\u8b9a"
        },
        {
            "reply_id": "UgyFO94EcYNudH3XZd14AaABAg",
            "reply_content": "\u6211\u8ddf\u5225\u4eba\u51fa\u53bb\u73a9\u4e5f\u6703\u50cf\u4f60\u9019\u6a23"
        },
        {
            "reply_id": "UgxwronXml9jRpwhTL94AaABAg",
            "reply_content": "\u8fd9\u51e0\u4e2a\u7537\u540c\u5b66\u770b\u5f97\u51fa\u6765 \u548c\u8fd9\u4e2a\u6b7b\u53d8\u6001\u5f88\u5c34\u5c2c"
        },
        {
            "reply_id": "Ugxaukw7LecjSQz2FFt4AaABAg",
            "reply_content": "\u9ec3\u6e05\u9716\u53eb\u6211\u4f86\u6309\u5012\u8b9a"
        },
        {
            "reply_id": "UgzpesNj0a42fTTmTWx4AaABAg",
            "reply_content": "\u7fa8\u6155\u597d\u819a\u8cea"
        },
        {
            "reply_id": "Ugwg3BQW2FWoLTbkqfR4AaABAg",
            "reply_content": "\u670b\u53cb\u4e5f\u5f88\u7f8e"
        },
        {
            "reply_id": "Ugx6mAID0aXWWROBeIp4AaABAg",
            "reply_content": "\u6211\u5230\u73b0\u5728\u90fd\u4e0d\u77e5\u9053\u660e\u8f69\u662f\u7537\u8fd8\u662f\u5973"
        },
        {
            "reply_id": "UgzBRpcy7nMfHnkL1b94AaABAg",
            "reply_content": "\u6b61\u8fce\u5230\u8001\u8857\u4e0b\u6b21\u60f3\u8981\u66f4\u5c71\u4e0a\u53ef\u4ee5\u4f86\u53f8\u99ac\u5eab\u65af\u6211\u7684\u90e8\u843d"
        },
        {
            "reply_id": "UgxYOpD02TAsk4umBYF4AaABAg",
            "reply_content": "\u9732\u71df\u4ecb\u7d39\u7684\u4eba\u662f\u540c\u6821\u65b0\u751f\u91ab\u5c08\u7684\u4eba\u8036"
        }
    ]
}