{
    "video_info": {
        "id": "Y87vvM1ulIo",
        "channelTitle": "\u937e\u660e\u8ed2",
        "title": "\u7562\u696d\u524d\u6700\u5f8c\u4e00\u6b21\u51fa\u904a\uff01",
        "description": "\u7d93\u6b77\u4e86\u5c07\u8fd14\u5e74\u7684\u5927\u5b78\u6642\u9593 \u96d6\u8aaa\u6c92\u5728\u6821\u5b78\u7fd2\u5230\u4ec0\u9ebc\n\u4f46\u4eba\u969b\u95dc\u4fc2\u65b9\u9762 \u6211\u662f\u771f\u7684\u6536\u7a6b\u5f88\u591a\n\n\u9019\u6b21\u4e8c\u5237\u6f8e\u6e56\u662f\u6211\u5011\u5728\u7562\u696d\u524d\u7684\u6700\u5f8c\u4e00\u6b21\u51fa\u904a\n\u7121\u6cd5\u4fdd\u8b49\u5728\u63a5\u4e0b\u4f86\u4f60\u7684\u672a\u4f86\u8def\u4e0a\u662f\u5426\u6703\u6709\u6211\u7684\u5b58\u5728\n\u4f46\u5728\u6b64\u6642\u6b64\u523b\u80fd\u628a\u6211\u60f3\u7d00\u9304\u7684\u8a18\u9304\u4e0b\u4f86 \n\u662f\u5f88\u5e78\u798f\u7684\u4e8b\n\n\u800c\u6709\u95dc\u65bc\u8fd1\u671f\u81ea\u5df1\u601d\u8faf\u7684\u8ab2\u984c \n\u5728\u4e0a\u50b3\u5f71\u7247\u524d \u6211\u7121\u5f9e\u5f97\u77e5\u81ea\u5df1\u662f\u5426\u53ef\u4ee5\u7cbe\u6e96\u7684\u628a\u81ea\u5df1\u7684\u60f3\u6cd5\u50b3\u9001\u7d66\u4f60\n\u7562\u7adf\u4e2d\u83ef\u8a5e\u5f59\u90a3\u9ebc\u591a \u6211\u4e5f\u6b63\u5728\u5b78\u7fd2\u7684\u8def\u4e0a\n\n\u4f46\u9019\u6b21\u601d\u8faf\u7684\u904e\u7a0b\u6211\u81ea\u5df1\u662f\u5f88\u559c\u6b61\u7684\n\u547c\u5438\u3001\u601d\u8003\u3001\u611f\u53d7\u5f9e\u8eab\u9ad4\u67d0\u8655\u7ac4\u51fa\u4f86\u7684\u60c5\u7dd2\u3001\u8aaa\u8a71\u3001\u80a2\u9ad4\u8868\u9054\n\u9019\u4e9b\u90fd\u662f\u8b93\u6211\u53ef\u4ee5\u611f\u89ba\u5f97\u5230\u300e\u6211\u9084\u6d3b\u8457\u300f\u7684\u7d20\u6750\n\n\u80fd\u7e7c\u7e8c\u4f7f\u7528\u9019\u4e9b\u7d20\u6750 \u4e00\u6b21\u53c8\u4e00\u6b21\u7684\u8d85\u8d8a\u4e0a\u6b21\u7684\u81ea\u5df1\n\n\u662f\u6211\n\u6700\u8fd1\u5728\u73a9\u7684\u904a\u6232\n_ _ _\n\n\ud83d\udc4f\ud83c\udffb\u7247\u4e2d\u63d0\u5230\u7684\u6d17\u984f\u9732TRUU\uff5e \ud83d\udd17\uff1a https://bit.ly/3JJmbEs\n\n_ _ _\n\u5f71\u7247\u4f7f\u7528\u5230\u7684\u97f3\u6a02\ud83c\udfb5\n\nSong : \uc0db\ubcc4 \u2013 Kitty \n    \u63a8\u5ee3\uff1aJ&B\u7121\u7248\u6b0a\u97f3\u6a02\u5eab  https://bit.ly/2YfWIhw \n\nSong : \uc0db\ubcc4 - Strawberry flavor love \u8349\u8393\u5473\u7684\u611b\n    \u63a8\u5ee3\uff1aJ&B\u7121\u7248\u6b0a\u97f3\u6a02\u5eab https://bit.ly/2YfWIhw \n\n\u4f5c\u66f2\u8005 : \uc0db\ubcc4  https://bit.ly/3zz1uXm \n    \u63a8\u5ee3\uff1aJ&B \u7121\u7248\u6b0a\u97f3\u6a02\u5eab  https://bit.ly/2YfWIhw \n\nAudio Source : Soul Hip hop by Ryan  \n    Address : https://bit.ly/3cVB7Rk\n    Promoted by\uff1aJ&B\u7121\u7248\u6b0a\u97f3\u6a02\u5eab\n\nSong : \uc0db\ubcc4 - Cozy Place\n    \u63a8\u5ee3\uff1aJ&B\u7121\u7248\u6b0a\u97f3\u6a02\u5eab https://bit.ly/2YfWIhw",
        "likeCount": "20139",
        "commentCount": "771",
        "viewCount": "650964"
    },
    "comments": [
        {
            "reply_id": "Ugw7-yQso8U023Tg4ZR4AaABAg",
            "reply_content": "\u6211\u4e5f\u662f\u89ba\u5f97\u8036\u6211\u4eca\u5e74\u4e5f\u662f\u5347\u5927\u56db"
        },
        {
            "reply_id": "Ugzea2Pl2j7CaVl4jtJ4AaABAg",
            "reply_content": "\u8a8d\u540c\u4f60\u8aaa\u7684\u6bcf\u4e00\u53e5\u8a71\u592a\u68d2\u4e86"
        },
        {
            "reply_id": "UgymJ-uKJxma85xGBI94AaABAg",
            "reply_content": "\u9084\u8981\u53bb\u6f8e\u6e56\u8de8\u6d77\u5927\u6a4b\u9644\u8fd1\u5403\u51b0\uff0c\u53bb\u5403\u4ed9\u4eba\u638c\u51b0\u5f88\u597d\u5403"
        },
        {
            "reply_id": "UgzrVFotKnrSmyPk1x14AaABAg",
            "reply_content": "\u6211\u4e5f\u6709\u53bb\u6f8e\u6e56\u8de8\u6d77\u5927\u6a4b"
        },
        {
            "reply_id": "Ugx-fUOENm-aaXIeSod4AaABAg",
            "reply_content": "\u6211\u4e5f\u662f\u4e09\u5929\u5169\u591c\u7136\u5f8c\u6211\u5011\u4e5f\u53bb\u53f0\u4e2d\u5750\u98db\u6a5f\u53bb\u6f8e\u6e56\u73a9\uff0c\u800c\u4e14\u6211\u662f\u7b2c\u4e00\u6b21\u5750\u98db\u6a5f\u53bb\u6f8e\u6e56\u73a9\u54a7"
        },
        {
            "reply_id": "Ugxe_dnqRHL9NBucAkV4AaABAg",
            "reply_content": "\u6211\u53bb\u6f8e\u6e56\u4e5f\u6709\u5403\u9019\u5bb6\u662f\u7b2c\u4e8c\u5929\u665a\u4e0a"
        },
        {
            "reply_id": "Ugzc5QLwYOQAGJaOk5R4AaABAg",
            "reply_content": "\u597d\u5641"
        },
        {
            "reply_id": "UgyW_4XEEn52iw9Zo4p4AaABAg",
            "reply_content": "\u597d\u611f\u52d5"
        },
        {
            "reply_id": "UgxO9OAGk5gUpjTRRuZ4AaABAg",
            "reply_content": "\u5b8c\u5168\u61c2"
        },
        {
            "reply_id": "Ugx5CkIV5m4yDSSfNxF4AaABAg",
            "reply_content": "\u4eca\u5929\u670d\u88dd\u5f88\u597d\u770b"
        },
        {
            "reply_id": "UgxZJiETZrA-EBEQDeN4AaABAg",
            "reply_content": "\u7532\u9b3c\u5047\u602a"
        },
        {
            "reply_id": "UgzSdlTDSg3Rq8PTqIt4AaABAg",
            "reply_content": "\u6709\u9019\u6a23\u4e00\u7fa4\u5fd7\u540c\u9053\u5408\u7684\u670b\u53cb\u771f\u7684\u5f88\u4e0d\u932f\u5462"
        },
        {
            "reply_id": "UgwfOulrceAOv8nQKtF4AaABAg",
            "reply_content": "\u51fa\u793e\u6703\u958b\u59cb\u5c31\u5f88\u5c11\u5718\u9ad4\u51fa\u904a"
        },
        {
            "reply_id": "UgzhHBmi8hLHv_5RSG54AaABAg",
            "reply_content": "\u5973\u88c5\u5927\u4f6c"
        },
        {
            "reply_id": "UgxitXdJv_nTxNN49dZ4AaABAg",
            "reply_content": "\u4f60\u6bcd\u89aa\u5148\u7562\u696d\u4e86"
        },
        {
            "reply_id": "UgyN-LJPaXOgxl2T_R54AaABAg",
            "reply_content": "\u771f\u7684\u662f\u5f8c\u8a2d\u8a9e\u8a00\u7528\u5230\u5e95\u6b38"
        },
        {
            "reply_id": "UgyzDkV7_DbJZm6xsXh4AaABAg",
            "reply_content": "\u8a5e\u5f59\u6c92\u6709\u60c5\u7dd2"
        },
        {
            "reply_id": "UgxC0mLgMeAtbCdr43l4AaABAg",
            "reply_content": "\u4f60\u6709\u500b\u670b\u53cb\u9577\u5f97\u597d\u50cf\u4f59\u7965\u9293"
        },
        {
            "reply_id": "UgxyCXYhtKutLbVFAIp4AaABAg",
            "reply_content": "\u597d\u559c\u6b61\u4f60\u7684\u89c0\u9ede\u8ddf\u908f\u8f2f"
        },
        {
            "reply_id": "Ugw7UTrQQBV5R4BuksZ4AaABAg",
            "reply_content": "\u600e\u9ebc\u9019\u6b21\u4f51\u9706\u7684\u756b\u9762\u5f88\u5c11"
        },
        {
            "reply_id": "UgzQ5DGnQ6BZGcu_mml4AaABAg",
            "reply_content": "\u8a8d\u540c"
        },
        {
            "reply_id": "UgzImIQM2SoEHTY6yRt4AaABAg",
            "reply_content": "\u975e\u5e38\u8ba4\u540c"
        },
        {
            "reply_id": "UgzwammzQcyIDXPsHm14AaABAg",
            "reply_content": "\u770b\u4f60\u8ddf\u670b\u53cb\u73a9\u5f97\u90a3\u9ebc\u958b\u5fc3\u771f\u7684\u908a\u770b\u908a\u59e8\u6bcd\u7b11\u8036 \u795d\u4f60\u4e00\u76f4\u5feb\u6a02"
        },
        {
            "reply_id": "UgwkgQxN-47iYGo0QGZ4AaABAg",
            "reply_content": "\u5176\u5be6\u6211\u8a8d\u70ba\u963f\u59b9\u7684\u610f\u601d\u662f\u6771\u540c\u6027\u6200\u4e5f\u662f\u4eba\u6c92\u6709\u8ddf\u7570\u6027\u6200\u6709\u5dee\u5225\u90fd\u9700\u8981\u540c\u7b49\u7684\u5c0d\u5f85"
        },
        {
            "reply_id": "Ugy5-f3ob7MRdVs8MP54AaABAg",
            "reply_content": "\u6c92\u60f3\u5230\u660e\u5ba3\u793a\u8ddf\u6211\u540c\u4e00\u5c46 \u5148\u9810\u795d\u6211\u5011\u7562\u696d\u5feb\u6a02"
        }
    ]
}