{
    "video_info": {
        "id": "2Pqw2VdLTpM",
        "channelTitle": "\u597d\u68d2Bump",
        "title": "\u6211\u900f\u904e\u901a\u9748\u4eba\u8207\u904e\u4e165\u5e74\u7684\u8001\u7238\u5c0d\u8a71.... \u6700\u5f8c\u7684\u9053\u5225\u3002\u3010\u597d\u68d2Bump\u3011",
        "description": "\u8d81\u9084\u6709\u6a5f\u6703\u53bb\u611b\u7684\u6642\u5019\u597d\u597d\u611b\uff0c\u5225\u7559\u4e0b\u907a\u61be\u3002\n\n#\u62db\u559a\u4ea1\u8005 #\u751f\u547d\u7403\u662f\u600e\u6a23 #\u6211\u539f\u672c\u9084\u633a\u91cd\u8996\u7684\u8aaa\n--------------------------------------------------------- \r\n\u4e0a\u4e00\u90e8\u5f71\u7247\u6012\u82b110\u842c\u53c3\u52a0\u7af6\u6a19\u6703\uff01\u7adf\u53ea\u75287000\u5143\u5c31\u8cb7\u5230PS5\uff01\uff1f\u3010\u597d\u68d2Bump\u3011\u3010\u6bba\u50f9\u738b\u934a\u91d1\u8853\u3011https://youtu.be/x3zKzufygqI\r\n\r\n\u8001\u5b50\u7684IG\uff1ahttps://bit.ly/2JqmmIq\r\n\u8001\u5b50\u7684FB\uff1ahttps://bit.ly/2s3pwwb",
        "likeCount": "17770",
        "commentCount": "1680",
        "viewCount": "714616"
    },
    "comments": [
        {
            "reply_id": "UgyIoJc9tkCmOfPq7fZ4AaABAg",
            "reply_content": "\u8a50\u9a19"
        },
        {
            "reply_id": "UgwGvaz-bClpVcT5l6R4AaABAg",
            "reply_content": "\u87ba\u65cb\u4e38"
        },
        {
            "reply_id": "UgzAlDfU0fwU5JG381V4AaABAg",
            "reply_content": "\u6211\u90fd\u54ed\u4e86"
        },
        {
            "reply_id": "Ugw6ojjEUKQZtMklYV94AaABAg",
            "reply_content": "\u54c8\u54c8\u54c8\u54c8\u54c8\u54c8\u54c8"
        },
        {
            "reply_id": "UgxYCtwvVyhwIWVlwQR4AaABAg",
            "reply_content": "\u597d\u4e86\u62c9"
        },
        {
            "reply_id": "UgwkDJY5gwZ9SkdBS3J4AaABAg",
            "reply_content": "\u9019\u5e03\u5f71\u7247\u8b93\u6211\u60f3\u8d77\u6211\u5c0f\u6642\u5019\u6211\u7238\u7238\u548c\u6211\u5abd\u5abd\u5206\u624b\u53ea\u6709\u5976\u5976\u723a\u723a\u7167\u9867\u6211"
        },
        {
            "reply_id": "UgxxyWxjEqWRxzdYnJt4AaABAg",
            "reply_content": "\u539f\u4f86\u4eba\u6b7b\u5f8c\u5728\u5929\u5802\u6216\u5730\u7344\u6703\u767c\u798f\u7684"
        },
        {
            "reply_id": "UgyUG8mXFi7x1i3SXSJ4AaABAg",
            "reply_content": "\u5176\u5b9e\u8fd9\u4e2a\u662f\u4f60\u8111\u6d77\u91cc\u60f3\u8c61\u7684\u58f0\u97f3\u5e76\u4e0d\u662f\u4f60\u7238\u8ddf\u4f60\u8bf4\u7684\u58f0\u97f3"
        },
        {
            "reply_id": "UgzEhSW6oNvgMye2ZRB4AaABAg",
            "reply_content": "\u52a0\u6cb9"
        },
        {
            "reply_id": "UgyLMLbFEvq8HJ5Ahzh4AaABAg",
            "reply_content": "\u6211\u54ed\u4e86"
        },
        {
            "reply_id": "UgxQy0B2HTT8yu7biYB4AaABAg",
            "reply_content": "\u5c31\u7b97\u9019\u5169\u500b\u4eba\u7684\u901a\u9748\u4e0d\u662f\u771f\u7684 \u4ed6\u5011\u4e5f\u8b93\u4f60\u5f97\u5230\u4e86\u5f88\u597d\u7684\u5fc3\u9748\u91cb\u653e"
        },
        {
            "reply_id": "UgyIJfTdAg5jw2j2F3h4AaABAg",
            "reply_content": "\u5176\u5be6\u5f71\u7247\u525b\u958b\u59cb\u6211\u5c31\u5df2\u7d93\u77e5\u9053\u4f60\u4e0d\u80fd\u898b\u5230\u4f60\u7238\uff0c\u56e0\u70ba\u5728\u9019\u5929\u5730\u9593\u9019\u4e0d\u5408\u4e4e\u898f\u77e9"
        },
        {
            "reply_id": "UgxAiZhpYUX7srpAWKd4AaABAg",
            "reply_content": "\u9019\u90e8\u5f71\u7247\u770b\u8457\u770b\u8457\u5f88\u60f3\u54ed"
        },
        {
            "reply_id": "UgwDi9kUf5zzas-cTI94AaABAg",
            "reply_content": "\u9019\u5169\u4eba\u602a\u602a\u5225\u76f8\u4fe1"
        },
        {
            "reply_id": "UgxzlhwlQJQIdltQptV4AaABAg",
            "reply_content": "\u4ed6\u5f8c\u9762\u8981\u8ddf\u4f60\u6536\u9322\u7684\u6a23\u5b50\u8aaa\u8a71\u7684\u65b9\u5f0f\u2026\u8b93\u6211\u5b8c\u5168\u7121\u6cd5\u5c0a\u91cd\u548c\u76f8\u4fe1\u4ed6\u4e86"
        },
        {
            "reply_id": "UgztJZNkZ39gK01Vbql4AaABAg",
            "reply_content": "\u65f6\u95f4\u662f\u826f\u836f"
        },
        {
            "reply_id": "UgwZTjsMubTrsIF0hH54AaABAg",
            "reply_content": "\u662f\u771f\u7684\u5417"
        },
        {
            "reply_id": "UgzLrCUTc44vk0pwKUF4AaABAg",
            "reply_content": "\u6240\u8b02\u7684\u908a\u4ed9\u4ed4"
        },
        {
            "reply_id": "Ugwm5Y8ZkQSulXMf4D94AaABAg",
            "reply_content": "\u770b\u54ed\u4e86\u6211"
        },
        {
            "reply_id": "UgwCNGBeDpkVZ0ZCqUV4AaABAg",
            "reply_content": "\u611f\u8b1d"
        },
        {
            "reply_id": "UgwG9-zpwNTm0J6w7Y54AaABAg",
            "reply_content": "\u7238\u7238\u5f88\u5e25"
        },
        {
            "reply_id": "UgwCW2rB1gdA_JF_yJJ4AaABAg",
            "reply_content": "\u795d\u7f8e\u5922\u6210\u771f"
        },
        {
            "reply_id": "Ugxj5eFhQTSteb3ASoB4AaABAg",
            "reply_content": "\u770b\u8457\u770b\u8457\u5c31\u54ed\u4e86"
        },
        {
            "reply_id": "UgycsNlkppnXMFwaJVh4AaABAg",
            "reply_content": "\u52a0\u6cb9"
        },
        {
            "reply_id": "UgzVAu6j0TwoK7dGZ3J4AaABAg",
            "reply_content": "\u770b\u4e86\u4e00\u76f4\u54ed\u4e00\u76f4\u54ed"
        }
    ]
}