{
    "video_info": {
        "id": "4mDDqJ6TflY",
        "channelTitle": "\u597d\u68d2Bump",
        "title": "YT\u6295\u8cc7\u5ee3\u544a\u5168\u662f\u8a50\u9a19\uff01\u6211\u89aa\u81ea\u88ab\u9a1916\u842c\u7d66\u4f60\u5011\u770b\uff01\u3010\u597d\u68d2Bump\u3011\u3010\u8a50\u9a19\u89e3\u78bc\u3011",
        "description": "\u88fd\u4f5c\u4e86\u597d\u5e7e\u500b\u6708\uff0c\u5e0c\u671b\u7db2\u8def\u6295\u8cc7\u8a50\u9a19\u53ef\u4ee5\u56e0\u7232\u9019\u90e8\u5f71\u7247\u800c\u6d88\u5931\u3002\n\n#\u8a50\u9a19\u89e3\u78bc# #\u7db2\u8def\u6295\u8cc7 #\u9ea5\u64f1\u9a19\u554a\n\n\n\u6210\u70ba\u9019\u500b\u983b\u9053\u7684\u6703\u54e1\u4e26\u7372\u5f97\u734e\u52f5\uff1a\nhttps://www.youtube.com/channel/UC7XxnhjdYjiQJ3m80K_N_4g/join\n--------------------------------------------------------- \n\u4e0a\u4e00\u90e8\u5f71\u7247 \u5929\u54ea\u2026 \u6211\u8acb\u5230\u4e00\u500b\u64cd\u6797\u5446\u5973\u52a9\u7406\u2026\u300c\u3122\u3124\u300d\u300c\u310b\u310c\u300d\u90fd\u5206\u4e0d\u6e05\u695a\u2026.\u3010\u597d\u68d2Bump\u3011https://youtu.be/gXq1WdS6vSk\n\n\u8001\u5b50\u7684IG\uff1ahttps://bit.ly/2JqmmIq\n\u8001\u5b50\u7684FB\uff1ahttps://bit.ly/2s3pwwb",
        "likeCount": "113506",
        "commentCount": "9851",
        "viewCount": "2339311"
    },
    "comments": [
        {
            "reply_id": "UgziYxTEm2uNLHAhEO94AaABAg",
            "reply_content": "\u4f60\u592a\u5403\u8667\u4e86\u5566\u5f88\u5fc3\u75bc"
        },
        {
            "reply_id": "UgyLntrQ2KE1CIDgIPR4AaABAg",
            "reply_content": "\u671f\u5f85"
        },
        {
            "reply_id": "UgxyW0FxpSNTH_7pjmh4AaABAg",
            "reply_content": "\u4e0d\u53ef\u80fd\u7684\u77e5\u672c\u4e3b\u7fa9\u7684\u4e16\u754c\u7a2e\u4e0d\u53ef\u80fd\u8655\u7406\u5168\u90e8"
        },
        {
            "reply_id": "UgwglSHts-LKgC2YcMl4AaABAg",
            "reply_content": "\u821e\u770b\u4e00\u773c\u5c31\u77e5\u9053\u5047\u7684\u61f6\u5f97\u9928\u8df3\u904e"
        },
        {
            "reply_id": "Ugym9LTYU3zxRF8hfq54AaABAg",
            "reply_content": "\u7136\u5f8c\u6309\u8df3\u904e"
        },
        {
            "reply_id": "UgylwZ6KzVQQJq0A5Qh4AaABAg",
            "reply_content": "\u6700\u591a\u770b\u4e00\u773c"
        },
        {
            "reply_id": "UgxY-0zLDrLfrsj3uSx4AaABAg",
            "reply_content": "\u6211\u5011\u653f\u5e9c\u662f\u6700\u5927\u7684\u8a50\u9a19\u96c6\u5718\u554a"
        },
        {
            "reply_id": "UgxOh3u0jNgDf_spX554AaABAg",
            "reply_content": "\u6b7b\u4f8d\u771f\u5be6\u7248"
        },
        {
            "reply_id": "UgyaQd2iLzAl6fZZVsZ4AaABAg",
            "reply_content": "\u8b1d\u8b1d\u4f60"
        },
        {
            "reply_id": "UgzgSfSl47BI8g4PNad4AaABAg",
            "reply_content": "\u50cf\u60a8\u9019\u9ebc\u5049\u5927\u7684\u4eba\u4e0d\u5f9e\u653f\u771f\u7684\u5f88\u53ef\u60dc"
        },
        {
            "reply_id": "UgxswI42wCzGvoeCTX14AaABAg",
            "reply_content": "\u8981\u8df3\u821e\u5c31\u53ef\u4ee5\u8cfa\u9322\uff0c\u6211\u9084\u662f\u76f8\u4fe1\u6b63\u898f\u5377\u5546\u7684\u671f\u8ca8"
        },
        {
            "reply_id": "Ugy8Z-ZpovrUrWFK_fl4AaABAg",
            "reply_content": "\u8a50\u9a19\u96c6\u5718\u4e0d\u5224\u6b7b\u5211\u53f0\u7063\u4e0d\u6703\u597d"
        },
        {
            "reply_id": "UgyqzkosysUd-Q2QQ0p4AaABAg",
            "reply_content": "\u6211\u4e0d\u6562\u73a9\u4e86\u8a50\u9a19\u662f\u8001\u9f20"
        },
        {
            "reply_id": "Ugw7UtAnq_Z5IzXhqm54AaABAg",
            "reply_content": "\u6709\u826f\u5fc3"
        },
        {
            "reply_id": "UgzzosZWufpJlnCe8qN4AaABAg",
            "reply_content": "\u53f0\u6e7e\u653f\u5e9c\u592a\u65e0\u80fd \u8fd9\u65b9\u9762\u4e2d\u56fd\u73b0\u5728\u7ba1\u7406\u7684\u5f88\u597d"
        },
        {
            "reply_id": "UgwCM_9OhcARZCAjgRt4AaABAg",
            "reply_content": "\u6211\u4e4b\u524d\u9084\u6545\u610f\u7acb\u523b\u8996\u8a0a"
        },
        {
            "reply_id": "Ugwd4vi9JzR0qbquM194AaABAg",
            "reply_content": "\u9019\u4e9b\u5ee3\u544a\u6211\u90fd\u6c92\u770b\u904e\u6b38"
        },
        {
            "reply_id": "UgzH1DOVWjVqYoNLc_B4AaABAg",
            "reply_content": "\u70ba\u8b66\u9192\u793e\u6703\u5927\u773e\u4e0d\u518d\u9677\u5165\u793e\u6703\u9ed1\u5751\u6df1\u6d1e\u9019\u7a2e\u6158\u75db\u4ee3\u50f9 \u7531\u8877\u656c\u4f69\u9019\u4f4d\u5e74\u8f15\u4eba\u5982\u6b64\u7684\u4fe0\u9aa8\u6b63\u7fa9 \u96d6\u662f\u5e73\u6c11\u5c0f\u8001\u767e\u59d3\u529f\u5fb7\u537b\u4e0d\u8f38\u4f4d\u9ad8\u6b0a\u91cd\u7684\u5927\u5b98\uff5e\u611f\u8b1d\u4f60"
        },
        {
            "reply_id": "UgyRugppunJyCompmq54AaABAg",
            "reply_content": "\u770b\u5230\u4e00\u534a\u4e5f\u662f\u770b\u96fb\u5f71\u8cfa\u9322\u7684\u5ee3\u544a"
        },
        {
            "reply_id": "Ugws-iQTFrUIBTT4lPN4AaABAg",
            "reply_content": "\u6211\u5728\u60f3\u6703\u4e0d\u6703\u54ea\u4e00\u5929\u8a50\u9a19\u96c6\u5718\u8ddf\u8a50\u9a19\u96c6\u5718\u4e92\u76f8\u8a50\u9a19\u5230\u8b66\u65b9\u627e\u4e0a\u9580"
        },
        {
            "reply_id": "UgxQc0doC_DLgmYollR4AaABAg",
            "reply_content": "\u8b66\u653f\u7f72\u9084\u5728\u88dd\u6b7b\u554a"
        },
        {
            "reply_id": "UgzV1QG6qHe9t_EIvUJ4AaABAg",
            "reply_content": "\u529f\u5fb7"
        },
        {
            "reply_id": "UgyRUR0__y-MWS0oV8d4AaABAg",
            "reply_content": "\u6211\u662f\u89ba\u5f97\u4e3b\u8981\u662f\u9280\u884c\u5e33\u6236\u554f\u984c\uff0c\u8a50\u9a19\u592a\u5bb9\u6613\u53d6\u5f97\u4e86"
        },
        {
            "reply_id": "UgyPx8ovUUpFUS3oB4V4AaABAg",
            "reply_content": "\u6211\u4e5f\u662f\u8a50\u9a19\u7684\u53d7\u5bb3\u8005\u611f\u8b1d\u6709\u6b63\u7fa9\u611f\u7684\u4eba\u6b63\u8996\u9019\u500b\u554f\u984c"
        },
        {
            "reply_id": "UgwNbILLF17sKyskcyx4AaABAg",
            "reply_content": "\u60f3\u770b\u66f4\u591a\u7684\u8a50\u9a19"
        }
    ]
}