{
    "video_info": {
        "id": "4MDIl4e6a40",
        "channelTitle": "\u597d\u68d2Bump",
        "title": "\u8ddf\u7db2\u7d05\u6b63\u59b9\u4e00\u8d77\u53bb\u5065\u8eab\u6642\u7684\u934a\u91d1\u8853\uff01\u3010\u597d\u68d2Bump\u3011@\u594e\u4e01Zamy",
        "description": "\u7db2\u7f8e\u6d41\u4e0b\u7684\u6c57\uff0c\n\u6211\u5011\u4e5f\u80fd\u518d\u6b21\u5229\u7528\uff01\n\u9019\u624d\u662f\u771f\u6b63\u7684\u74b0\u4fdd\uff01\n\n#\u7db2\u7f8e\u9e7d\u5df4 #\u56de\u6536\u5229\u7528 #\u652f\u6301\u74b0\u4fdd  \n--------------------------------------------------------- \n\u4e0a\u4e00\u90e8\u5f71\u7247 \u591c\u5e02\u53eb\u8ce3\u897f\u74dc\u6c41\uff011\u5c0f\u6642\u72c2\u625360\u676f\uff01\u8b93\u963f\u4f2f\u63d0\u65e9\u4e0b\u73ed\uff01\u3010\u597d\u68d2Bump\u3011\u3010\u591c\u5e02\u934a\u91d1\u8853\u3011https://youtu.be/cNYaenVVSyY\n\n\u8001\u5b50\u7684IG\uff1ahttps://bit.ly/2JqmmIq\n\u8001\u5b50\u7684FB\uff1ahttps://bit.ly/2s3pwwb",
        "likeCount": "11111",
        "commentCount": "790",
        "viewCount": "906558"
    },
    "comments": [
        {
            "reply_id": "UgwPqHf3PB5v0vzIQ4B4AaABAg",
            "reply_content": "\u9e7d\u5df4\u88e1\u9762\u4e0d\u662f\u6709\u5f88\u591a\u5c3f\u7d20"
        },
        {
            "reply_id": "UgzQ9ekNQxpOibWBe-F4AaABAg",
            "reply_content": "\u6211\u60f3\u8981\u5984\u5a1c\u7684\u6771\u897f\u54c8\u54c8"
        },
        {
            "reply_id": "UgwESB-6-Uq789ZkpHJ4AaABAg",
            "reply_content": "\u7f8e"
        },
        {
            "reply_id": "Ugw3Idkr1iy95d-_3Tt4AaABAg",
            "reply_content": "\u592a\u6709\u5275\u610f\u4e86"
        },
        {
            "reply_id": "UgyPuzy-LyYQpr3UyiJ4AaABAg",
            "reply_content": "\u4e0d\u8a72\u6253\u662f\u594e\u4e01\u7684\u6c57\uff0c\u61c9\u8a72\u6253\u594e\u4e01\u7684\u9ad4\u6db2\u88fd\u4f5c\u800c\u6210"
        },
        {
            "reply_id": "Ugykepw88hagO9BsmE94AaABAg",
            "reply_content": "\u6c57\u6c34\u7684\u6210\u5206\u5927\u90e8\u5206\u662f\u4ee3\u8b1d\u5ee2\u7269\uff0c\u9e7d\u5206\u5176\u5be6\u5f88\u5c11"
        },
        {
            "reply_id": "UgydR4cu8_6jPI4GwLF4AaABAg",
            "reply_content": "\u4f60\u5728\u8b1b\u5e79\u8a71\u55ce"
        },
        {
            "reply_id": "UgwrVJQHU5G2ZMIAUY14AaABAg",
            "reply_content": "\u594e\u4e01\u7684\u80f8\u7f69\u6bd4\u8f03\u591a\u4eba\u60f3\u8981\u5427"
        },
        {
            "reply_id": "Ugyu90qGobkc-ch6otF4AaABAg",
            "reply_content": "\u7d2b\u8272\u90a3\u74f6\u662f\u4ec0\u9ebc"
        },
        {
            "reply_id": "Ugz5EF7Y2jkJEhM3tAx4AaABAg",
            "reply_content": "\u5077\u6478"
        },
        {
            "reply_id": "UgwtyoVM-8XhdkRZ6It4AaABAg",
            "reply_content": "\u4e0b\u6b21\u4e0d\u5982\u76f4\u63a5\u8cb7\u4ed6\u7684\u8863\u670d\u6bd4\u8f03\u503c\u9322"
        },
        {
            "reply_id": "UgzyWpoKfARIGjr_keh4AaABAg",
            "reply_content": "\u8001\u5c41\u5b69\u7684\u884c\u70ba"
        },
        {
            "reply_id": "Ugw9r470gCMOfECevBh4AaABAg",
            "reply_content": "\u50bb\u773c\u9084\u662f\u4e2d\u570b\u983b\u9053\u7528\u5fc3\u591a\u4e86\u4e0d\u662f\u53ea\u662f\u800d\u667a\u969c"
        },
        {
            "reply_id": "UgxwZ5xFbKWFmCvR5zd4AaABAg",
            "reply_content": "\u7528\u5404\u7a2e\u984f\u8272\u7684\u594e\u4e01\u9e7d\u5df4\u653e\u9032\u53bb\u6703\u4e0d\u6703\u6bd4\u8f03\u8cfa\ud83e\udd14"
        },
        {
            "reply_id": "UgwrGk-7zCPjV0fCyWN4AaABAg",
            "reply_content": "\u6c57\u5176\u5be6\u662f\u5c3f"
        },
        {
            "reply_id": "Ugz8xPN-JckCerTZooZ4AaABAg",
            "reply_content": "\u6211\u8981\u62bd"
        },
        {
            "reply_id": "Ugz5_vWwDUp1FEb-ytt4AaABAg",
            "reply_content": "\u963f\u8c93\u58d8"
        },
        {
            "reply_id": "UgyhRUCNZgu25dCnbNx4AaABAg",
            "reply_content": "\u5e0c\u671b\u53ef\u4ee5\u505a\u8fd9\u79cd\u7cfb\u5217\u7684\u5f71\u7247"
        },
        {
            "reply_id": "Ugwo4lvaAWVp7I9xUOd4AaABAg",
            "reply_content": "\u597d\u6076\u5fc3"
        },
        {
            "reply_id": "Ugzl6thU3CEPOz4KFQZ4AaABAg",
            "reply_content": "\u771f\u6709\u624d"
        },
        {
            "reply_id": "UgzDjqWZUoRpzr2h91l4AaABAg",
            "reply_content": "\u76f4\u63a5\u958b\u653e\u594e\u4e01\u539f\u5473\u904b\u52d5\u5167\u8863\u7af6\u6a19\uff0c\u4f60\u5c31\u80fd\u5403\u4e00\u5e74\u4e86\u5427"
        },
        {
            "reply_id": "Ugy5E3fbKHPdTba7zrt4AaABAg",
            "reply_content": "\u5614\u5614\u5614"
        },
        {
            "reply_id": "Ugz2bp_SliBbdPURBbR4AaABAg",
            "reply_content": "\u6c57\u7df4\u9e7d\u5df4\u8ca9\u552e\u7b97\u72af\u6cd5\uff08\u6211\u4e0d\u662f\u9178\u6c11\uff09\u56e0\u70ba\u9ad4\u6c57\u7b97\u4eba\u9ad4\u6db2\u9ad4\u4e00\u7a2e\u72af\u6cd5\u53ef\u4ee5\u5224\u5f88\u9ad8\u7684\u98df\u54c1\u885b\u751f\u6cd5"
        },
        {
            "reply_id": "UgzfCtiWLjrA0z533Od4AaABAg",
            "reply_content": "\u594e\u4e01\u808c\u529b\u4e5f\u592a\u5dee\u4e86\u5427"
        },
        {
            "reply_id": "Ugw2GgWXVeHgp7YaMF14AaABAg",
            "reply_content": "\u8a8d\u771f\u55ce"
        }
    ]
}