{
    "video_info": {
        "id": "4vx454_tq24",
        "channelTitle": "\u597d\u68d2Bump",
        "title": "\u8e22\u7206\uff01\u96fb\u4fe1\u7e8c\u7d04\u5077\u52a0\u5f71\u97f3\u670d\u52d9\uff01\uff1f\u9580\u5e02\u8cb7IPhone\u9084\u88ab\u4e82\u52a0\u50f9\uff01\uff1f\u3010\u597d\u68d2Bump\u3011\u3010\u9000\u6b3e\u934a\u91d1\u8853\u3011",
        "description": "\u6c92\u6709\u60f3\u5230\u8ddf\u5927\u5bb6\u5206\u4eab\u81ea\u5df1\u88ab\u8a71\u8853\u7684\u7d93\u6b77\uff0c\u9084\u610f\u5916\u8cfa\u4e864000\u591a\u584a\uff0c\u9019\u5c31\u53eb\u505a\u5584\u6709\u5584\u5831\u55ce\uff1f\n\n#\u9580\u5e02\u5077\u62cd #\u52a0\u76df\u5e97\u4e82\u52a0\u50f9 #\u8036\u8cb7\u65b0\u8863\u670d \n\n\u6210\u70ba\u9019\u500b\u983b\u9053\u7684\u6703\u54e1\u4e26\u7372\u5f97\u734e\u52f5\uff1a\nhttps://www.youtube.com/channel/UC7XxnhjdYjiQJ3m80K_N_4g/join\n\n--------------------------------------------------------- \r\n\u4e0a\u4e00\u90e8\u5f71\u7247 \u983b\u9053\u62c6\u5925\uff01\u7015\u81e8\u7834\u7522\uff01\u7f79\u60a3\u6182\u9b31\u75c7\uff01\u516c\u958b\u90a3\u4e9b\u87a2\u5e55\u80cc\u5f8c\u7684\u771f\u76f8\u3010\u597d\u68d2Bump\u3011https://youtu.be/i5-oRqewonE\r\n\r\n\u8001\u5b50\u7684IG\uff1ahttps://bit.ly/2JqmmIq\r\n\u8001\u5b50\u7684FB\uff1ahttps://bit.ly/2s3pwwb",
        "likeCount": "12412",
        "commentCount": "5876",
        "viewCount": "689481"
    },
    "comments": [
        {
            "reply_id": "UgwWVXZkzlBYUfsaXIF4AaABAg",
            "reply_content": "\u597d\u9a5a\u8a1d\u53ef\u4ee5\u9000\u6b3e\ud83d\ude02\u4e00\u822c\u90fd\u662f\u5f8c\u9762\u958b\u59cb\u4e0d\u6536\u8cbb\u53d6\u6d88\u9019\u6a23"
        },
        {
            "reply_id": "UgyIfHjcMDIGQah7Ztl4AaABAg",
            "reply_content": "\u9084\u597d\u6211\u9047\u5230\u7684\u5927\u54e5\u5927\u7684\u90fd\u4e0d\u6703\u8a71\u8853\u6211\n\u8a72\u8b1b\u7684\u90fd\u6703\u8b1b\u6e05\u695a\u6709\u554f\u984c\u4e5f\u6703\u8010\u5fc3\u56de\u7b54"
        },
        {
            "reply_id": "UgzmV5s-YTSruNygjI54AaABAg",
            "reply_content": "\u500b\u4eba\u9ad4\u9a57\u4e0b\u4f86\u6700\u6703\u8a71\u8853\u6700\u6703\u9a19\u7684\u5c31\u662f\u9060\u50b3"
        },
        {
            "reply_id": "UgzgIxpLEwY0L_YAnwB4AaABAg",
            "reply_content": "\u4e0d\u662f\u53ea\u6709\u860b\u679c\u624d\u6703\u767c\u751f\u52a0\u50f9\u554f\u984c"
        },
        {
            "reply_id": "Ugx1aMsj4Lwjqoy7QNB4AaABAg",
            "reply_content": "\u73fe\u5728\u5ba2\u670d\u6c38\u9060\u5fd9\u7dda\u4e2d"
        },
        {
            "reply_id": "UgxOshL70pzDNi36Oht4AaABAg",
            "reply_content": "\u9019\u600e\u9ebc\u67e5"
        },
        {
            "reply_id": "UgwQ40Ddu5IltqoairZ4AaABAg",
            "reply_content": "\u6211\u6709\u9047\u904e\u9577\u8f29\u53bb\u7e8c\u7d04\u50f9\u683c\u88ab\u8abf\u9ad8\u537b\u53ea\u62ff\u5230\u8001\u4eba\u6a5f\u7684"
        },
        {
            "reply_id": "Ugy8THZiqQPPGCOVJ154AaABAg",
            "reply_content": "\u8cb7\u624b\u6a5f\u8fa6\u9580\u865f\u9084\u662f\u627e\u719f\u4eba\u6bd4\u8f03\u597d"
        },
        {
            "reply_id": "UgxSZyDnAOhCvzXo8Ux4AaABAg",
            "reply_content": "\u72e1\u733e\u96fb\u4fe1"
        },
        {
            "reply_id": "UgwCEBlgRUd8D51e9TB4AaABAg",
            "reply_content": "\u6b38\u90a3\u5229\u7528\u7aca\u76dc\u96aa\u4e32\u901a\u4e00\u4e0b\u5c31\u53ef\u4ee5\u767c\u8ca1\u4e86\u6b38"
        },
        {
            "reply_id": "Ugz5YwF_s0cYKCAMUaN4AaABAg",
            "reply_content": "\u624b\u6a5f\u8cb7\u8ce3\u6216\u8ac7\u5408\u7d04\u627e\u8a8d\u8b58\u7684\uff0c\u53ef\u4ee5\u7701\u4e0b\u4e00\u5927\u7b46\u9322"
        },
        {
            "reply_id": "UgxmG6CoNsneE_v6bSd4AaABAg",
            "reply_content": "\u54c8\u54c8\u54c8\u54c8\u9580\u5e02\u8a50\u9a19\u738b"
        },
        {
            "reply_id": "UgzKLfbCp86KqnA8eT54AaABAg",
            "reply_content": "\u52fe\u60e1\u7b11\u6b7b"
        },
        {
            "reply_id": "UgzuLgX-vU1Jp-5nh014AaABAg",
            "reply_content": "\u5230\u5f8c\u9762\u6211\u624d\u807d\u51fa\u52fe\u60e1\u5e6b\u4e3b\u7684\u8072\u97f3"
        },
        {
            "reply_id": "UgypJ55sgWXf3JREV-94AaABAg",
            "reply_content": "\u5f71\u97f3\u670d\u52d9\u514d\u8cbb\u904e\u4e86\u9084\u767d\u7e73\u4e86\u5e7e\u500b\u6708\u6c92\u7528\u5230\u670d\u52d9"
        },
        {
            "reply_id": "Ugw0_jJqBuHSNVs3lMZ4AaABAg",
            "reply_content": "\u6211\u53ea\u76f4\u71df\u5e97\u52a0\u76df\u5e97\u8ddf\u4e00\u822c\u901a\u8a0a\u884c\u6703\u6709\u554f\u984c"
        },
        {
            "reply_id": "UgwtauLpYGBy906UQLp4AaABAg",
            "reply_content": "\u5b57\u5e55\u6b6a\u4e86"
        },
        {
            "reply_id": "Ugzz8gqFNDCuusEDWTh4AaABAg",
            "reply_content": "\u53ef\u662f\u6709\u4e00\u6b21\u624b\u6a5f\u6454\u58de\u6709\u4fdd\u4fdd\u96aa\uff0c\u4ed6\u76f4\u63a5\u8b93\u6211\u63db\u4e00\u96bb\u4e00\u6478\u4e00\u6a23\u7684"
        },
        {
            "reply_id": "Ugw_4PAPk2ct1tLOG4h4AaABAg",
            "reply_content": "\u4e2d\u83ef\u96fb\u4fe1\u591a\u6578\u4e5f\u4e0d\u6703\u4e82\u63a8\u52a0\u9322\u670d\u52d9\uff0c\u53ea\u662f\u8cb7\u5230\u4e03\u5929\u5167\u554f\u984c\u6a5f\u9084\u662f\u6253\u53bb\u7e3d\u5e97\u7533\u8a34\u63db\u65b0\u670d\u52d9\u6700\u5feb"
        },
        {
            "reply_id": "Ugz7VM5GaWIsIY3wNed4AaABAg",
            "reply_content": "\u7121\u5bee\u81f3\u53ca"
        },
        {
            "reply_id": "Ugx6l43m0iZf2VYyuzF4AaABAg",
            "reply_content": "\u5149\u96fb\u4fe1\u696d\u8a8d\u771f\u62cd\u4f60\u4e00\u500b\u6708\u90fd\u62cd\u4e0d\u5b8c"
        },
        {
            "reply_id": "UgzDx0FllBQQubkEZ9t4AaABAg",
            "reply_content": "\u9084\u662f\u76f4\u71df\u5e97\u6bd4\u8f03\u5b89\u5fc3"
        },
        {
            "reply_id": "UgwX9qvfZMi6l5i4ncF4AaABAg",
            "reply_content": "\u8b9a"
        },
        {
            "reply_id": "Ugwv82w6oTj6n0V8u1t4AaABAg",
            "reply_content": "\u539f\u4f86\u624b\u6a5f\u4fdd\u96aa\u4e5f\u6709\u5206\u7b49\u7d1a"
        },
        {
            "reply_id": "UgxlVmxhjhLghwfOO5d4AaABAg",
            "reply_content": "\u90a3\u5c31\u53bb\u52a0\u76df\u5e97\u7136\u5f8c\u9304\u97f3\u9304\u5f71\u4ed6\u5982\u679c\u63db\u6574\u65b0\u6a5f\u7136\u5f8c\u9084\u8981\u52a0\u9322\u90fd\u6c92\u8aaa\uff0c\u5230\u6642\u5019\u6709\u554f\u984c\u5c31\u627e\u90a3\u500b\u4eba\u56c9"
        }
    ]
}