{
    "video_info": {
        "id": "8kQjwJzgAXw",
        "channelTitle": "\u597d\u68d2Bump",
        "title": "\u6211\u8cb7\u4e863\u842c\u5143\u7684\u65b0\u51a0\u5feb\u7be9\u8a66\u5291\uff01\u6e2c\u5230\u4e2d\u70ba\u6b62....\uff1f\u3010\u597d\u68d2Bump\u3011",
        "description": "\u6211\u8cb7\u4e86\u4e00\u76d2\u5bb6\u7528\u5feb\u7be9\u8a66\u5291\u4f86\u5e6b\u670b\u53cb\u6aa2\u6e2c\uff01\n\n#\u5feb\u7be9\u8a66\u5291 #\u6e2c\u5230\u4e2d\u5c31\u55e8\u4e86 #\u70ba\u4ec0\u9ebc\u8a66\u5291\u9019\u9ebc\u8cb4\n--------------------------------------------------------- \r\n\u4e0a\u4e00\u90e8\u5f71\u7247\u638f\u7a7a\u62bd\u734e\u7db2\u7ad9\uff01\u7528BUG\u6d17\u4e8632\u842c\u51fa\u4f86\uff01\u3010\u597d\u68d2Bump\u3011\u3010BUG\u934a\u91d1\u8853\u3011https://youtu.be/RTuUYe--Kvg\r\n\r\n\u8001\u5b50\u7684IG\uff1ahttps://bit.ly/2JqmmIq\r\n\u8001\u5b50\u7684FB\uff1ahttps://bit.ly/2s3pwwb",
        "likeCount": "12337",
        "commentCount": "802",
        "viewCount": "627210"
    },
    "comments": [
        {
            "reply_id": "Ugx-6t0CiJviTbPGz594AaABAg",
            "reply_content": "\u90fd\u8840\u96de\u76ae\u7599\u7629"
        },
        {
            "reply_id": "UgwSHCZOSg5TChqwMK54AaABAg",
            "reply_content": "\u54c8\u54c8"
        },
        {
            "reply_id": "Ugz3vbRI8v2ah2J5yYV4AaABAg",
            "reply_content": "\u6709\u6c92\u6709\u53ef\u80fd\u53c8\u88ab\u62ff\u4f86\u8b1b"
        },
        {
            "reply_id": "Ugym6DTy4tL3LomFT2x4AaABAg",
            "reply_content": "\u6709\u4e09\u5ea6\u6b38"
        },
        {
            "reply_id": "UgzK3gDgeJABxVwQezB4AaABAg",
            "reply_content": "\u55ef"
        },
        {
            "reply_id": "UgxXF7QK-uUXwRU9U1B4AaABAg",
            "reply_content": "\u4f60\u8bf4\u4ed6\u5a18\u70ae\u5c0f\u5fc3\u4ed6\u544a\u4f60"
        },
        {
            "reply_id": "Ugz77uabWIf0oJgO9Bt4AaABAg",
            "reply_content": "\u4e09\u5ea6\u6b38"
        },
        {
            "reply_id": "Ugzcry2gaRyBXI9xvK54AaABAg",
            "reply_content": "\u8acb\u554f\u9019\u662f\u4ec0\u9ebc\u724c\u5b50\u7684\u5feb\u7be9\u5462"
        },
        {
            "reply_id": "UgyNNXXsn7nqko4WhwR4AaABAg",
            "reply_content": "\u7adf\u7136\u6709\u4e09\u5ea6\u723a"
        },
        {
            "reply_id": "UgzXiE__-eN1XPFSmwR4AaABAg",
            "reply_content": "\u8aaa\u7684\u4e0d\u932f"
        },
        {
            "reply_id": "UgzoiRUegHM95TZa6R54AaABAg",
            "reply_content": "\u4ee5\u70ba\u6253\u99ac\u8cfd\u514b\u6211\u5c31\u8a8d\u4e0d\u51fa\u4f86\u662f\u86cb\u5854\u55ce"
        },
        {
            "reply_id": "UgxZwhCkGFIFjZ418m94AaABAg",
            "reply_content": "\u662f\u4e09\u6e21"
        },
        {
            "reply_id": "Ugw2aBy5-1OPZezlJsR4AaABAg",
            "reply_content": "\u9019\u500b\u8840\u6db2\u7684\u597d\u50cf\u662f\u8981\u6253\u75ab\u82d7\u7684\u6e2c\u624d\u6703\u6e96"
        },
        {
            "reply_id": "UgzziA6GvlCCGWqS0Jh4AaABAg",
            "reply_content": "\u9ec3\u7a4e\u6fe4"
        },
        {
            "reply_id": "Ugznpvjaa5zK2eemhBp4AaABAg",
            "reply_content": "\u6b38"
        },
        {
            "reply_id": "Ugx6dJBFm1f3sOElLpd4AaABAg",
            "reply_content": "\u53ef\u4ee5\u6e2c\u8a66\u6700\u8fd1\u6709\u5f88\u591a\u5ee3\u544a\u7684\u5c0f\u984d\u6295\u8cc7\u55ce"
        },
        {
            "reply_id": "Ugw3AdawqRzyfxDWAgF4AaABAg",
            "reply_content": "\u6211\u89ba\u5f97\u7d66\u500b\u5408\u7406\u7684\u50f9\u4f4d\u6211\u6703\u8cb7\n\u679c\u6709\u4eba\u5229\u7528\u75ab\u60c5\u95dc\u4fc2\u5728\u9019\u7a2e\u6771\u897f\u8cfa\u9322\u6211\u89ba\u5f97\u4e0d\u53ef\u53d6"
        },
        {
            "reply_id": "UgwwgZ5Q7dxNsLfrC6t4AaABAg",
            "reply_content": "\u70ba\u4ec0\u9ebc\u6703\u6709\u6d0b\u8525"
        },
        {
            "reply_id": "UgwzMEGzBJonTMETO6F4AaABAg",
            "reply_content": "\u53ef\u4ee5\u62ff\u7d66\u78ba\u8a3a\u8005\u8a66\u8a66\u770b\u55ce \u770b\u9019\u771f\u7684\u6709\u6548\u9084\u662f\u5047\u7684"
        },
        {
            "reply_id": "Ugw2Y6sVgOHn4RoQUpV4AaABAg",
            "reply_content": "\u6211\u89c9\u5f97\u8fd9\u96c6\u4f5c\u5f97\u633a\u68d2\u7684 \u53ef\u60dc\u6ca1\u6709\u66f4\u591a\u4eba\u770b\u5230"
        },
        {
            "reply_id": "UgxNfvP8QeMexBFOWq14AaABAg",
            "reply_content": "\u53ef\u4e0d\u53ef\u4ee5\u4e0d\u8981\u4e00\u76f4\u7f75\u9ad2\u8a71"
        },
        {
            "reply_id": "UgwCGfguAr9H66KLDGJ4AaABAg",
            "reply_content": "\u770b\u4e86\u624b\u6307\u5df2\u7ecf\u5728\u75db"
        },
        {
            "reply_id": "UgySYCDA5KLLpDZOa3R4AaABAg",
            "reply_content": "\u55e8\u55e8\u6211\u662f\u4f60\u7684\u65b0\u7c89\u7d72"
        },
        {
            "reply_id": "Ugz0HEOY7qom2QOxbtl4AaABAg",
            "reply_content": "\u9632\u75ab\u5c16\u5175\u975e\u4f60\u83ab\u5c6c"
        },
        {
            "reply_id": "UgwN-32qNOdCbHlGjIB4AaABAg",
            "reply_content": "\u99ac\u4e0a\u5e6b\u54e1\u5de5\u8cb7\u4e00\u500b"
        }
    ]
}