{
    "video_info": {
        "id": "91s-D0qkeaE",
        "channelTitle": "\u597d\u68d2Bump",
        "title": "\u6211\u7ffb\u8eca\u4e86... \u6211\u5c0d\u4e0d\u8d77\u5927\u5bb6\uff01\u3010\u597d\u68d2Bump\u3011",
        "description": "\u6211\u7ffb\u8eca\u4e86... \u6211\u5c0d\u4e0d\u8d77\u5168\u4e16\u754c70\u5104\u4eba\u53e3....\n\n#\u6211\u7ffb\u8eca\u4e86 #\u6211\u5c0d\u4e0d\u8d77\u9019\u500b\u4e16\u754c #\u6211\u5c0d\u4e0d\u8d77\u9280\u6cb3\u7cfb\n\n\u6210\u70ba\u9019\u500b\u983b\u9053\u7684\u6703\u54e1\u4e26\u7372\u5f97\u734e\u52f5\uff1a\nhttps://www.youtube.com/channel/UC7XxnhjdYjiQJ3m80K_N_4g/join\n\n--------------------------------------------------------- \r\n\u4e0a\u4e00\u90e8\u5f71\u7247 \u6293\u5230\u5e63\u5708\u7db2\u7d05\u641e\u8a50\u9a19\uff01\u9a19\u7c3d\u5047\u5408\u7d04\u9818\u8d70\u7528\u6236500\u842c\uff01\u3010\u597d\u68d2Bump\u3011\nhttps://youtu.be/14BCR2gQDOA\r\n\r\n\u8001\u5b50\u7684IG\uff1ahttps://bit.ly/2JqmmIq\r\n\u8001\u5b50\u7684FB\uff1ahttps://bit.ly/2s3pwwb",
        "likeCount": "62402",
        "commentCount": "6675",
        "viewCount": "1161301"
    },
    "comments": [
        {
            "reply_id": "UgxP3_dhcui4foPthYJ4AaABAg",
            "reply_content": ""
        },
        {
            "reply_id": "UgyoT2rVWW3MWyNEOgx4AaABAg",
            "reply_content": ""
        },
        {
            "reply_id": "UgwfLkgE4UxP6-Oga994AaABAg",
            "reply_content": "\u8f9b\u82e6\u4f60\u4e86"
        },
        {
            "reply_id": "UgxLNvXFcoN6eVWEei54AaABAg",
            "reply_content": "\u53bb\u6709\u746a\u59ec\u9ebb\u5409\u7684\u6587\u5653\u7206"
        },
        {
            "reply_id": "UgwRcKKT6DYSWi0bR6x4AaABAg",
            "reply_content": "\u51b7\u975c\u9ede"
        },
        {
            "reply_id": "UgyqpV7tbHutYSqkXPd4AaABAg",
            "reply_content": "\u597d\u68d2"
        },
        {
            "reply_id": "UgwnH4jq_Lmxdcmv6Mt4AaABAg",
            "reply_content": "\u597d\u68d2"
        },
        {
            "reply_id": "Ugww6MYXjqMaHlhvFL14AaABAg",
            "reply_content": "\u53ef\u4ee5\u62cd\u767e\u842c\u8a02\u95b1\u734e\u724c\u958b\u7bb1\u55ce"
        },
        {
            "reply_id": "UgwUFkl_vmDY5SJBH-B4AaABAg",
            "reply_content": "\u516c\u9053\u81ea\u5728\u4eba\u5fc3\u65e5\u4e45\u898b\u4eba\u5fc3\u554f\u5fc3\u7121\u6127\u5c31\u597d\uff0c\u52a0\u6cb9"
        },
        {
            "reply_id": "UgzsRbncsz-WrBA191x4AaABAg",
            "reply_content": "\u56e0\u70ba\u570b\u6c11\u9ee8\u548c\u6c11\u9032\u9ee8\u5c31\u662f\u5728\u641e\u8a50\u9a19\u7684\u561b"
        },
        {
            "reply_id": "UgyqVdXDiZXweINoIlN4AaABAg",
            "reply_content": "\u6c11\u9032\u9ee8\u653f\u5e9c\u653b\u64ca\u7db2\u7d05\u4e5f\u4e0d\u907a\u9918\u529b"
        },
        {
            "reply_id": "Ugxq2ND7OUvx5hILmEB4AaABAg",
            "reply_content": "\u4f60\u52d5\u5230\u570b\u5bb6\u6a5f\u5668\u7684\u86cb\u7cd5\u4e86"
        },
        {
            "reply_id": "UgxFbZhj3PR1rserxEV4AaABAg",
            "reply_content": "\u6211\u8a8d\u70ba\u5176\u5be6\u6703\u8b8a\u6210\u9019\u6a23\u4e3b\u8981\u662f\u56e0\u70ba\u67d0\u9ee8\u7684\u7db2\u8ecd\u3001\u96fb\u8996\u53f0\u90fd\u5728\u5e36\u98a8\u5411\u8b93\u53f0\u7063\u8b8a\u6210\u91ac\uff0c\u6240\u4ee5\u660e\u5e74\u6211\u652f\u6301\u653f\u9ee8\u8f2a\u66ff"
        },
        {
            "reply_id": "UgwBUBdWy8eLh_axKYZ4AaABAg",
            "reply_content": "\u6295\u67ef"
        },
        {
            "reply_id": "Ugw3DQpQ_KS3OS3HNU94AaABAg",
            "reply_content": "\u4f60\u4eca\u5929\u6551\u4e86\u4e00\u4f4d\u8981\u53bb\u8a50\u9a19\u7684\u570b\u4eba"
        },
        {
            "reply_id": "UgwXVO7V7ZazYT-felp4AaABAg",
            "reply_content": "\u770b\u5b8c\u54ed\u4e86"
        },
        {
            "reply_id": "UgyfYFq6rCPKIYy1VzF4AaABAg",
            "reply_content": "\u8f9b\u82e6\u4e86"
        },
        {
            "reply_id": "UgxT6R-63cO3ATu908J4AaABAg",
            "reply_content": "\u6700\u5927\u7684\u8a50\u9a19\u96c6\u5718\u5c31\u5728\u6211\u5011\u65e5\u5e38"
        },
        {
            "reply_id": "UgxQRN2ZOlGYnURkNPh4AaABAg",
            "reply_content": "\u60f3\u5feb\u9ede\u770b\u5230\u53cd\u8eca\u624b\u5ba3\u5c0e \u4f60\u7684\u884c\u52d5\u7e3d\u662f\u611f\u52d5\u4e86\u6211"
        },
        {
            "reply_id": "Ugyjoow6A7JXfttor9V4AaABAg",
            "reply_content": "\u771f\u7684\u89ba\u5f97\u4f60\u662f\u4e00\u500b\u5f88\u597d\u7684\u5275\u4f5c\u8005"
        },
        {
            "reply_id": "UgxuF8GPrU6UZ85BkGZ4AaABAg",
            "reply_content": "\u795d\u4f60\u5e73\u5b89\u9806\u5fc3"
        },
        {
            "reply_id": "UgyIEoQwFdfzYPe8gYd4AaABAg",
            "reply_content": "\u4fee\u771f\u5584\u5fc3\u4eba"
        },
        {
            "reply_id": "Ugwan9zuAF8-hv29G-V4AaABAg",
            "reply_content": "\u9858\u4f60\u7684\u5584\u826f\u6c38\u5b58\u4e16\u4e0a"
        },
        {
            "reply_id": "UgxU-PDeyUEjcUwP9vF4AaABAg",
            "reply_content": "\u6c92\u4eba\u6562\u7f75\u7da0\u5171"
        },
        {
            "reply_id": "UgwBo2Uff_W-ZmWZSJ54AaABAg",
            "reply_content": "\u52a0\u6cb9"
        }
    ]
}