{
    "video_info": {
        "id": "_kEB8bOTzoM",
        "channelTitle": "\u597d\u68d2Bump",
        "title": "\u6211\u8a2d\u5c40\u91e3\u51fa\u624b\u6a5f\u7aca\u8cca\uff01\u8b93\u53d7\u5bb3\u8005\u8ddf\u4ed6\u7576\u9762\u5c0d\u8cea\uff01\u3010\u597d\u68d2Bump\u3011",
        "description": "\u6709\u4eba\u8ddf\u6211\u8209\u5831\u67d0\u500bYT\u4ed8\u8cbb\u6703\u54e1\u662f\u8a50\u9a19\u5077\u7aca\u6163\u72af\uff0c\n\u9019\u4e00\u6b21\u628a\u4ed6\u91e3\u51fa\u4f86\u597d\u597d\u8655\u7406\u4e00\u4e0b....\n\n#\u9ed1\u7bb1\u4f5c\u696d  #\u91e3\u51fa\u7aca\u8cca   #\u6211\u6709\u65b0\u7684\u5546\u696d\u5925\u4f34\u4e86\n--------------------------------------------------------- \r\n\u4e0a\u4e00\u90e8\u5f71\u7247 \u6211\u7528\u7279\u65af\u62c9\u5075\u6e2c\u7cfb\u7d71\u6293\u9b3c\uff01\u7adf\u4e0d\u5c0f\u5fc3\u5e36\u4e86\u9ad2\u6771\u897f\u56de\u5bb6...\uff01\u3010\u597d\u68d2Bump\u3011\u3010\u6293\u9b3c\u934a\u91d1\u8853\u3011ft.\u5927\u9ebb\u7169\r\n https://youtu.be/xgHvDPIRDvM\n\r\n\u8001\u5b50\u7684IG\uff1ahttps://bit.ly/2JqmmIq\r\n\u8001\u5b50\u7684FB\uff1ahttps://bit.ly/2s3pwwb",
        "likeCount": "23871",
        "commentCount": "2897",
        "viewCount": "1279816"
    },
    "comments": [
        {
            "reply_id": "Ugz7Jkdx5n8ux5R_1lF4AaABAg",
            "reply_content": "\u55b5\u54aa\u8868\u793a\u8ddf\u6211\u7121\u95dc"
        },
        {
            "reply_id": "UgwonTs6SA6gR04OLsR4AaABAg",
            "reply_content": "\u6211\u89ba\u5f97\u53d7\u5bb3\u8005\u7684\u614b\u5ea6\u5dee\u5f88\u5408\u7406\u5427\n\u4f60\u88ab\u9a19\u4e86\u7576\u7136\u6703\u4e0d\u723d\u4ed6\u4e5f\u60f3\u628a\u9019\u4ef6\u4e8b\u8655\u7406\u5b8c \u7d50\u679c\u5c31\u88ab\u4f60\u55c6\u4e86"
        },
        {
            "reply_id": "UgwS7SCbbbHQLfHbVKt4AaABAg",
            "reply_content": "\u5bf5\u7c89\u6b38"
        },
        {
            "reply_id": "UgyE-27RtoueR1wdLaV4AaABAg",
            "reply_content": "\u4f60\u597d\u68d2"
        },
        {
            "reply_id": "UgxSEvD35u-dx0_wxyN4AaABAg",
            "reply_content": "\u597d\u602a\u7684\u751f\u65e5\u6b4c"
        },
        {
            "reply_id": "UgwHmtDVi4wnuJal-xV4AaABAg",
            "reply_content": "\u614b\u5ea6\u6c7a\u5b9a\u4e00\u5207\u9019\u53e5\u8a71\u4e0d\u50c5\u50c5\u662f\u52c9\u52f5\u81ea\u5df1\u9084\u5305\u542b\u5c0d\u5225\u4eba\u7684\u614b\u5ea6\uff0c\u614b\u5ea6\u4e0d\u597d\u5c31\u7b97\u4f60\u662f\u5c0d\u7684\u4eba\u5bb6\u4e5f\u4e0d\u6703\u9ce5\u4f60\uff0c\u6bd4\u8d77\u8a50\u9a19\u7684\u4eba\u6211\u9084\u6bd4\u8f03\u60f3\u770b\u88ab\u5bb3\u4eba\u9577\u4ec0\u9ebc\u6a23"
        },
        {
            "reply_id": "UgygO9YCXOQVC8rJNSR4AaABAg",
            "reply_content": "\u8b1d\u8b1d\u4f60\u8b93\u6211\u8a8d\u8b58\u4e86\u6211\u81ea\u5df1\u4e5f\u8b93\u6211\u77e5\u9053\u5982\u4f55\u6d3b\u4e0b\u53bb"
        },
        {
            "reply_id": "Ugw7sReSUxGKNKLbSmN4AaABAg",
            "reply_content": "\u8c93\u8c93\u597d\u53ef\u6190\n\u800c\u4e14\u90a3\u96bb\u8c93\u8c93\u9019\u9ebc\u54ea\u9ebc\u50cf\u6211\u5bb6\u6a13\u4e0b\u7684\u98ef\u7cf0"
        },
        {
            "reply_id": "UgwoP4g7-9xuqjCY58J4AaABAg",
            "reply_content": "\u770b\u5b8c\u4e4b\u5f8c\u6211\u7adf\u7136\u5fcd\u4e0d\u4f4f\u6d41\u6dda\uff0c\u5c24\u5176\u662f\u5531\u751f\u65e5\u5feb\u6a02\u6b4c\u90a3\u6bb5"
        },
        {
            "reply_id": "UgwxoGQANaDN5r11F_R4AaABAg",
            "reply_content": "\u5982\u4f55\u8054\u7cfb\u60a8\u5462"
        },
        {
            "reply_id": "UgxUgGJWZXZK43Iu1vN4AaABAg",
            "reply_content": "\u5e0c\u671b\u9019\u500b\u5c11\u5e74\u4ee5\u5f8c\u4e0d\u6703\u518d\u8d70\u56de\u982d\u8def\u4e86\n\u751f\u65e5\u5feb\u6a02"
        },
        {
            "reply_id": "UgyJtF9LISKSuv08GKV4AaABAg",
            "reply_content": "\u52a0\u6cb9"
        },
        {
            "reply_id": "Ugx_pxbD5uYs-ZdNJlJ4AaABAg",
            "reply_content": "\u597d\u6a23\u7684"
        },
        {
            "reply_id": "Ugw93F3Q-QkTOYAPRNF4AaABAg",
            "reply_content": "\u662f\u771f\u7684\u4e0d\u80fd\u64a4\u544a\u516c\u8a34\u7f6a\u9802\u591a\u5c31\u662f\u548c\u89e3\u4e4b\u5f8c\u5224\u8f15\u4e00\u9ede\u8ce0\u511f\u5f8c\u7de9\u5211\u4e4b\u985e\u7684\u5427"
        },
        {
            "reply_id": "UgxxTTmVwA0CctEbYeR4AaABAg",
            "reply_content": "\u8c93\u54aa\u5687\u9f20"
        },
        {
            "reply_id": "Ugz5RlP7UrqEJqvD8254AaABAg",
            "reply_content": "\u771f\u7684\u5f88\u68d2"
        },
        {
            "reply_id": "Ugx2VsscAXCIxdfeLmZ4AaABAg",
            "reply_content": "\u7b11\u6b7b\u5e74\u8f15\u4eba\u5728\u90b1\u963f"
        },
        {
            "reply_id": "Ugx8YsZZUQAFqIjHxFp4AaABAg",
            "reply_content": ""
        },
        {
            "reply_id": "Ugxu8PQc1FeNCq3d5JF4AaABAg",
            "reply_content": "\u725b"
        },
        {
            "reply_id": "UgzCXPHV2XvdSZSYRLZ4AaABAg",
            "reply_content": "\u8ddf\u6211\u751f\u65e5\u4e00\u6a23\u6b38"
        },
        {
            "reply_id": "Ugzde_s-EjLlisDAqv94AaABAg",
            "reply_content": "\u8c93\u8c93\u5687\u6b7b\u4e86"
        },
        {
            "reply_id": "UgwKX62M3TU_XgQywrt4AaABAg",
            "reply_content": "\u4ed6\u4f86\u5f8c\u771f\u7684\u5f88\u5c37\u5c2c"
        },
        {
            "reply_id": "Ugw0oh71krWxdXxK3L14AaABAg",
            "reply_content": "\u88ab\u9a19\u7684\u4eba\u61c9\u8a72\u662f\u5c41\u4e2d\u4e4b\u5c41\u7684\u6b7b\u5c41\u5b69\uff0c\u60f3\u5e25\u537b\u8b8a\u6210\u4e00\u96bb\u5c0f\u7334\u5b50"
        },
        {
            "reply_id": "Ugx_yxjJvlnSC_53id14AaABAg",
            "reply_content": "\u96d6\u7136\u7528\u73a9\u7b11\u7684\u65b9\u5f0f\u62cd\u7247\uff0c\u4f46\u5176\u5be6\u662f\u500b\u5584\u826f\u7684\u4eba"
        },
        {
            "reply_id": "Ugwd4ijF9vy3r6JjAi54AaABAg",
            "reply_content": "\u732b\u54aa\u597d\u53ef\u7231"
        }
    ]
}