{
    "video_info": {
        "id": "AcEWzxtjwNI",
        "channelTitle": "\u597d\u68d2Bump",
        "title": "\u865f\u53ec\u842c\u4eba\u8a3b\u518a\u63db\u73fe\u91d1\uff01\u638f\u7a7a\u7db2\u7ad9139\u842c\uff01\u641e\u5230\u4ed6\u5011\u5012\u70ba\u6b62\u2026\uff01\u3010\u597d\u68d2Bump\u3011\u3010\u638f\u7a7a\u934a\u91d1\u8853\u3011 @vinson58",
        "description": "\u5927\u5bb6\u65b0\u5e74\u5feb\u6a02~~\n\u904e\u5e74\u6211\u5011\u5148\u4e0a\u50b3\u4e00\u4e9b\u8f15\u9b06\u4e00\u9ede\u7684\u5f71\u7247\n\u4e0d\u8981\u6bcf\u4e00\u6b21\u90fd\u5728\u90a3\u908a\u751a\u9ebc\u8a50\u9a19\u89e3\u78bc\u7684\n\n#\u65b0\u5e74\u5feb\u6a02 #\u9019\u6a23\u7b97\u9593\u63a5\u820c\u543b\u55ce #\u5b8c\u6574\u62bd\u734e\u53ef\u4ee5\u53bb\u5e73\u6c11\u767e\u59d3\u7684\u76f4\u64ad\u770b\n--------------------------------------------------------- \r\n\u4e0a\u4e00\u90e8\u5f71\u7247\u3010\u8a50\u9a19\u89e3\u78bc\u3011\u63ed\u79d8\u767e\u842c\u4eba\u53d7\u5bb3\u7684\u8cfa\u9322\u8a50\u9a19\uff01\u96c6\u5718\u6210\u54e1\u7adf\u9858\u610f\u4e0d\u6253\u78bc\u516c\u958b\u5766\u627f\u4e00\u5207\uff01\uff01\u3010\u597d\u68d2Bump\u3011https://youtu.be/qgcr0mMYwpM\r\n\r\n\u8001\u5b50\u7684IG\uff1ahttps://bit.ly/2JqmmIq\r\n\u8001\u5b50\u7684FB\uff1ahttps://bit.ly/2s3pwwb",
        "likeCount": "24452",
        "commentCount": "2203",
        "viewCount": "1672084"
    },
    "comments": [
        {
            "reply_id": "UgzQ9VXIi9khT5FuNDF4AaABAg",
            "reply_content": "\u54ea\u88e1\u53ef\u4ee5\u73a9"
        },
        {
            "reply_id": "Ugz2a-xBi9Tw5IidU7x4AaABAg",
            "reply_content": "\u4e0d\u66f8\u9b3c"
        },
        {
            "reply_id": "Ugxh3eErqTgmhwi4tSh4AaABAg",
            "reply_content": "\u771f\u5851\u6f02\u4eae"
        },
        {
            "reply_id": "UgxTFnDxWdiV-S8hzMp4AaABAg",
            "reply_content": "\u963f\u5317\u7684\u5473\u9053"
        },
        {
            "reply_id": "UgzYvfXQ6V5pg0smX954AaABAg",
            "reply_content": "\u771f\u9001\u54e6"
        },
        {
            "reply_id": "Ugx3EVbPyEx8o8DqPgV4AaABAg",
            "reply_content": "\u5ee0\u5546\u5012\u4e86"
        },
        {
            "reply_id": "UgyX_DFGybSzCAiB1PB4AaABAg",
            "reply_content": "\u770b\u9019\u90e8\u5f71\u7247\u6211\u770b\u5230\u90a3\u500b\u7684\u5ee3\u544a"
        },
        {
            "reply_id": "UgwoAo2ffIEpzYFR-4t4AaABAg",
            "reply_content": "\u8981\u5c0f\u5fc3"
        },
        {
            "reply_id": "UgzAzDizD72_DXnLxz94AaABAg",
            "reply_content": "\u8acb\u8a18\u5f97\u4f60\u73fe\u5728\u7684\u6a23\u5b50"
        },
        {
            "reply_id": "Ugz0q6dacoOxCIb_OBd4AaABAg",
            "reply_content": "\u6211\u8981\u770b\u770b\u4f60\u6700\u5f8c\u662f\u4ec0\u9ebc\u4e0b\u5834\uff0c\u770b\u4f60\u80fd\u6416\u64fa\u5230\u4f55\u6642"
        },
        {
            "reply_id": "UgxKrF2OdPt8AQQQdhN4AaABAg",
            "reply_content": "\u771f\u7684\u62bd\u5230\u624b\u6a5f\u53c8\u771f\u7684\u6709\u6536\u5230\uff0c\u5c31\u8868\u793a\u9019\u4e0d\u662f\u8a50\u9a19\u7db2\u7ad9\u963f"
        },
        {
            "reply_id": "Ugwi6xIP1sD-UM_5yDZ4AaABAg",
            "reply_content": "\u5c31\u4e0d\u8981\u6253\u958b\u4f86\u662f\u6ce2\u7f85\u624b\u6a5f"
        },
        {
            "reply_id": "UgwpwHtrbPZsR06xbrR4AaABAg",
            "reply_content": "\u61c2\u8214"
        },
        {
            "reply_id": "UgwSYttlnaXw3w-CSrh4AaABAg",
            "reply_content": ""
        },
        {
            "reply_id": "UgwkKcJUwRYL5x0ESBt4AaABAg",
            "reply_content": "\u77f3\u58a8\u7070\u597d\u7f8e\u5594"
        },
        {
            "reply_id": "Ugw_ff5uzpQql2UMU3p4AaABAg",
            "reply_content": "\u5c45\u7136\u9084\u771f\u7684\u6709\u624b\u6a5f"
        },
        {
            "reply_id": "Ugw1fy_BJKNGIAVTrTt4AaABAg",
            "reply_content": "\u6211\u5011\u6c92\u6709\u95dc\u5fc3\u4f60\u8ddf\u55ac\u55ac\u5152\u9032\u5c55\u5566"
        },
        {
            "reply_id": "Ugzv0YZKuudfOcAFSON4AaABAg",
            "reply_content": "\u6211\u4e5f\u8981\u62bd\u624b\u6a5f"
        },
        {
            "reply_id": "UgxseNB8KQG2Gb8PyCh4AaABAg",
            "reply_content": "\u624b\u6a5f\u8a72\u63db\u4e86"
        },
        {
            "reply_id": "UgxeoLQgWVJK8obW1s94AaABAg",
            "reply_content": "\u8214\u4e00\u8214\u4e5f\u592a\u597d\u7b11"
        },
        {
            "reply_id": "UgzJj2dRBjU0ADCIEL94AaABAg",
            "reply_content": "\u627e\u597d\u53cb\u4e00\u8d77\u73a9\u4e86\u554a"
        },
        {
            "reply_id": "UgyA0niVgPPtKYx9YJJ4AaABAg",
            "reply_content": "\u5168\u5bb6\u90fd\u53ef\u4ee5\u4e00\u8d77\u63db\u624b\u6a5f\u4e86\u5566"
        },
        {
            "reply_id": "UgxAw-d-9oSo-Ddv9np4AaABAg",
            "reply_content": "\u5c45\u7136\u771f\u7684\u6536\u5230\u5341\u5e7e\u652f\u624b\u6a5f"
        },
        {
            "reply_id": "UgxzMD274Lid_-hArs54AaABAg",
            "reply_content": "\u8981\u627e\u624b\u6c23\u597d\u7684\u62bd\u5566"
        },
        {
            "reply_id": "Ugw777A3e4DAuTuHdfV4AaABAg",
            "reply_content": "\u627e\u6f02\u4eae\u5973\u751f\u62bd\u9019\u62db\u53b2\u5bb3"
        }
    ]
}