{
    "video_info": {
        "id": "CCvT2M6Rz0c",
        "channelTitle": "\u597d\u68d2Bump",
        "title": "\u5305\u990a\u594e\u4e011\u5929\u8981\u82b1\u591a\u5c11\u9322\uff1f\u9019\u771f\u7684\u662f\u6703\u7834\u7522\u2026. \u3010\u597d\u68d2Bump\u3011 @zamy_ding",
        "description": "\u9019\u4e00\u6b21\u6211\u771f\u7684\u54ed\u4e86....\n\n#\u6211\u54ed\u4e86 #\u6211\u662f\u5657C #\u6211\u5011\u7684\u56de\u61b6\n--------------------------------------------------------- \n\u4e0a\u4e00\u90e8\u5f71\u7247 \u5168\u7a0b\u5077\u62cd\uff01\u4e0a\u5305\u990a\u7db2\u7d04\u7db2\u7f8e\u51fa\u4f86\uff01\u7a81\u7136\u585e\u9322\u7d66\u5979\uff0c\u5979\u6703\u62ff\u53bb\u5e6b\u52a9\u5225\u4eba\u55ce\uff1f\u3010\u597d\u68d2Bump\u3011https://youtu.be/EGT-qdf6jxg\n\n\u8001\u5b50\u7684IG\uff1ahttps://bit.ly/2JqmmIq\n\u8001\u5b50\u7684FB\uff1ahttps://bit.ly/2s3pwwb",
        "likeCount": "47075",
        "commentCount": "2124",
        "viewCount": "2528283"
    },
    "comments": [
        {
            "reply_id": "UgyAAj9r9o4PySwhpUV4AaABAg",
            "reply_content": "\u9178\u75e0"
        },
        {
            "reply_id": "UgznIERQ-j6Zp2ah3qd4AaABAg",
            "reply_content": "\u7fa8\u6155"
        },
        {
            "reply_id": "Ugz_54MBty5s4i-BqtZ4AaABAg",
            "reply_content": "\u6c42\u5076\u7684\u6b63\u78ba\u793a\u7bc4\u7247"
        },
        {
            "reply_id": "Ugy5-Bt9uzJOp1C2X5J4AaABAg",
            "reply_content": "\u5728\u4e00\u8d77\u5728\u4e00\u8d77"
        },
        {
            "reply_id": "UgwdSXQRiUNhgGBOLat4AaABAg",
            "reply_content": "\u597d\u611f\u4eba\u6211\u807d\u5230\u90fd\u4e00\u8d77\u54ed\u4e86"
        },
        {
            "reply_id": "UgwXkVeKD-zpdlKt-Sp4AaABAg",
            "reply_content": "\u4f55\u6642\u8981\u5728\u4e00\u8d77"
        },
        {
            "reply_id": "Ugze0idqENHyMcLj1X14AaABAg",
            "reply_content": "\u597d\u751c\u54e6"
        },
        {
            "reply_id": "UgyV2DRmIfwaf3QFDdN4AaABAg",
            "reply_content": "\u53ea\u662f\u670b\u53cb"
        },
        {
            "reply_id": "Ugz1w9N1ryd76LCKt8h4AaABAg",
            "reply_content": "\u4e00\u5b9a\u6709\u9ed1\u4fee"
        },
        {
            "reply_id": "UgzWg1Hurrf7o5DCDn14AaABAg",
            "reply_content": "\u4e01\u594e\u88ab\u5305\u990a"
        },
        {
            "reply_id": "UgyKHYkBVSxAKtmILZp4AaABAg",
            "reply_content": "\u4f60\u592a\u4f5c\u4f5c\u4f5c\u4f5c\u4f5c\u4f5c\u4f5c\u4f5c\u4f5c\u4f5c\u4f5c\u4f5c\u4f5c\u4f5c\u4f5c\u4f5c\u4f5c\u4f5c"
        },
        {
            "reply_id": "UgyPycir83XbZuHXCAp4AaABAg",
            "reply_content": "\u662f\u4e00\u8f29\u5b50\u670b\u53cb"
        },
        {
            "reply_id": "Ugyx7s6vroFvH1VEbfB4AaABAg",
            "reply_content": "\u597d\u4eba\u5361\u4e00\u5f35\u767c\u4e86"
        },
        {
            "reply_id": "UgzrxdKStPJqgtZR12p4AaABAg",
            "reply_content": "\u91cd\u9ede\u662f\u5305\u990a\u80fd\u5e79\u561b"
        },
        {
            "reply_id": "UgwtOLdnwUfIYIqVpj94AaABAg",
            "reply_content": "\u52a0\u6cb9"
        },
        {
            "reply_id": "Ugw0y2mfypU13UzvvBt4AaABAg",
            "reply_content": "\u76f4\u63a5\u5728\u4e00\u8d77\u5566"
        },
        {
            "reply_id": "UgyG_TOBL9rBi6266wl4AaABAg",
            "reply_content": "\u539f\u672c\u9084\u4ee5\u70ba\u8981\u544a\u767d\u4e86"
        },
        {
            "reply_id": "UgyTbVAd1rPSWz7xNXR4AaABAg",
            "reply_content": "\u6211\u96ea"
        },
        {
            "reply_id": "UgxoLktk6B-n5K2lD6Z4AaABAg",
            "reply_content": "\u6211\u89ba\u5f97\u6709\u6232"
        },
        {
            "reply_id": "UgwqdnbelhHCnm8gq5B4AaABAg",
            "reply_content": "\u4f86\u500b\u7d14\u53cb\u8abc\u4ea4\u6230"
        },
        {
            "reply_id": "Ugw-dvAR0YGOTO_oxd94AaABAg",
            "reply_content": "\u7f8e\u5973"
        },
        {
            "reply_id": "UgxDozEwTdA0Q0uWGOh4AaABAg",
            "reply_content": "\u597d\u50cf"
        },
        {
            "reply_id": "Ugzm1sR5XjVfidbDTwt4AaABAg",
            "reply_content": "\u4f60\u4eec\u8981\u4e0d\u8981\u8bd5\u4e00\u4e0b\u5728\u4e00\u8d77"
        },
        {
            "reply_id": "Ugz4EmhU55ZuVND8GxZ4AaABAg",
            "reply_content": "\u9019\u662f\u544a\u767d\u4e86"
        },
        {
            "reply_id": "UgxySw2vWCU1oMhCSc14AaABAg",
            "reply_content": "\u54c8\u54c8\u54c8\u54c8"
        }
    ]
}