{
    "video_info": {
        "id": "cGA2_pB0MCI",
        "channelTitle": "\u597d\u68d2Bump",
        "title": "\u7adf\u6709\u8ced\u5834\u958b\u4f86\u8b93\u73a9\u5bb6\u8d0f\u9322\uff1f\u6211\u628a\u904e\u5e74\u7d05\u5305\u5168\u58d3\u62fc\u4e00\u628a\uff01\u3010\u597d\u68d2Bump\u3011",
        "description": "\u5728\u7f8e\u570b\u6d1b\u6749\u78ef\u767c\u73fe\u4e00\u500b\u5f88\u7279\u5225\u7684\u8ced\u5834\u898f\u5247\uff0c\u67d0\u4e00\u9593\u8ced\u5834\uff0c\u53ea\u8981\u4f60\u62ff\u5f97\u51fa\u5927\u7d0420\u842c\u7f8e\u91d1\u5c31\u80fd\u76f4\u63a5\u7576\u838a\u5bb6\uff0c\u9019\u4e00\u6b21\u6211\u4f86\u6e2c\u8a66\u770b\u770b\uff0c\u662f\u4e0d\u662f\u771f\u7684\u7576\u838a\u5c31\u8cfa\u9322\uff1f\n\n#LA\u7576\u838a #\u7d05\u5305\u5168\u58d3 #\u518d\u52a04\u500b0\u6211\u8ab0\u90fd\u4e0d\u8a8d\u9019\u662f\u4e00\u90e8\u8001\u5be6\u7247\n--------------------------------------------------------- \n\u4e0a\u4e00\u90e8\u5f71\u7247 \u6211\u88ab\u4eba\u7528\u6551\u63f4\u540d\u7fa9\u9a19\u8d70200\u842c\uff01\u7d93\u8abf\u67e5\u767c\u73fe\u53d7\u5bb3\u8005\u5df2\u7834\u767e\u4eba\u2026. \u8acb\u5927\u5bb6\u5c0f\u5fc3\u5225\u4e0a\u7576\uff01\u3010\u597d\u68d2Bump\u3011https://youtu.be/SJXEY8Kf0Xo\n\n\u8001\u5b50\u7684IG\uff1ahttps://bit.ly/2JqmmIq\n\u8001\u5b50\u7684FB\uff1ahttps://bit.ly/2s3pwwb",
        "likeCount": "16207",
        "commentCount": "637",
        "viewCount": "746142"
    },
    "comments": [
        {
            "reply_id": "Ugw0QyxqkLoIZho0aCl4AaABAg",
            "reply_content": "\u5f88\u6703\u6f14"
        },
        {
            "reply_id": "UgwS4w2FvVeccvLt4A54AaABAg",
            "reply_content": "\u4f60\u662f\u4e0d\u662f\u5438\u6bd2\u554a"
        },
        {
            "reply_id": "Ugw-ZHscjia43WLWR_p4AaABAg",
            "reply_content": "\u58d3\u6b72\u9322\u6709\u4e0a\u842c\u8a72\u77e5\u8db3\u4e86 \u60f3\u60f3\u4f60\u7684\u8a02\u95b1\u4eba\u6578\u88e1\u591a\u5c11\u4eba\u8981\u5e7e\u500b\u6708\u624d\u80fd\u5b58\u5230\u9019\u500b\u6578\u5b57"
        },
        {
            "reply_id": "UgzoXvCYiUssjQiURpl4AaABAg",
            "reply_content": "\u4e5f\u6559\u59d0\u59d0\u4e00\u4e9b\u8cfa\u9322\u7684\u65b9\u6cd5\u5566"
        },
        {
            "reply_id": "UgwlIZvWpqblvlGfbtF4AaABAg",
            "reply_content": "\u7f8e\u570b\u7684\u8b66\u5bdf\u597d\u5e25"
        },
        {
            "reply_id": "UgxgNba6Xm3YnNn9NA14AaABAg",
            "reply_content": ""
        },
        {
            "reply_id": "Ugyc_glIBw1PKGaJqhJ4AaABAg",
            "reply_content": "\u5594\u8036"
        },
        {
            "reply_id": "Ugwb82Hv79xaOGJdu_94AaABAg",
            "reply_content": "\u5148\u4e0d\u8aaa\u524d\u9762\u7684\u6559\u5b78\n\u5f8c\u9762\u5c0d\u59ca\u59ca\u6709\u60c5\u6709\u7fa9\u5c31\u63a8\u7206"
        },
        {
            "reply_id": "UgyXaNCtFsVJgCgy1FR4AaABAg",
            "reply_content": "\u597d\u54e5\u54e5"
        },
        {
            "reply_id": "Ugz6wIrRHuVr48ie5FJ4AaABAg",
            "reply_content": "\u5728\u8def\u908a\u62cd\u6703\u88ab\u7576\u795e\u7d93\u75c5"
        },
        {
            "reply_id": "UgwOZmT03CtrxMAXX4R4AaABAg",
            "reply_content": "\u6700\u5f8c\u9762\u641e\u5f97\u6211\u53c8\u54ed\u53c8\u7b11\u7684\n\u88ab\u6514\u4e0b\u4f86\u90a3\u6bb5\u771f\u7684\u662f\u5f88\u641e"
        },
        {
            "reply_id": "Ugzi0lxjorSvYIj_erN4AaABAg",
            "reply_content": "\u60f3\u770b\u5be6\u6e2c\u8766\u76ae\u624b\u6a5f\u76f2\u76d2\u771f\u7684\u80fd\u958b\u51fa\u624b\u6a5f\u55ce"
        },
        {
            "reply_id": "Ugx5V7WkjlSd5NbLTet4AaABAg",
            "reply_content": "\u53ef\u4ee5\u63ed\u9732\u767e\u5bb6\u6a02\u55ce"
        },
        {
            "reply_id": "UgyMNtCKqgFZDJ05TNt4AaABAg",
            "reply_content": "\u95dc\u65bc\u6307\u5411\u6027\u5587\u53ed\u7684\u79d1\u6280\u6709\u76f8\u95dc\u7684\u72af\u7f6a\u5167\u5bb9"
        },
        {
            "reply_id": "UgxOVfr7QkHFJm2whpt4AaABAg",
            "reply_content": ""
        },
        {
            "reply_id": "UgwxOXY0Tn5uh5ZpSZJ4AaABAg",
            "reply_content": "\u611f\u52d5\u6b7b\u4e86"
        },
        {
            "reply_id": "UgwMx3Zxs9empOUhkth4AaABAg",
            "reply_content": "\u597d\u5947\u7f70\u6b3e\u591a\u5c11"
        },
        {
            "reply_id": "UgzhGXnbGVjufYnQy0x4AaABAg",
            "reply_content": "\u78ba\u5be6\u4e0d\u80fd\u4e00\u76f4\u990a\u62dc\u91d1\u5973"
        },
        {
            "reply_id": "UgzPvn_kk81hf9bT7Dh4AaABAg",
            "reply_content": "\u5443"
        },
        {
            "reply_id": "UgymdLTvKMLPhSiUDqd4AaABAg",
            "reply_content": "\u60f3\u770b\u865b\u64ec\u8ca8\u5e63\u7684"
        },
        {
            "reply_id": "UgyNgwLzrV6HBNBPozF4AaABAg",
            "reply_content": "\u8ced\u5834\u53ea\u6015\u4f60\u4e0d\u4f86\u73a9\u800c\u5df2"
        },
        {
            "reply_id": "UgwCv5_mACbmnax94jJ4AaABAg",
            "reply_content": "\u5f37"
        },
        {
            "reply_id": "UgwqlRIvJ2xrO8FONWZ4AaABAg",
            "reply_content": "\u770b\u5230\u5f8c\u9762\u771f\u7684\u5f88\u611f\u52d5\u8036"
        },
        {
            "reply_id": "UgyC93TGlQvwrbdPEed4AaABAg",
            "reply_content": "\u9019\u624d\u662f\u529b\u91cf"
        },
        {
            "reply_id": "UgwZgvqmM6CVgvCIYEp4AaABAg",
            "reply_content": "\u6696\u5230\u4e0d\u884c"
        }
    ]
}