{
    "video_info": {
        "id": "cNYaenVVSyY",
        "channelTitle": "\u597d\u68d2Bump",
        "title": "\u591c\u5e02\u53eb\u8ce3\u897f\u74dc\u6c41\uff011\u5c0f\u6642\u72c2\u625360\u676f\uff01\u8b93\u963f\u4f2f\u63d0\u65e9\u4e0b\u73ed\uff01\u3010\u597d\u68d2Bump\u3011\u3010\u591c\u5e02\u934a\u91d1\u8853\u3011",
        "description": "\u90a3\u5929\u6211\u53bb\u5be7\u590f\u591c\u5e02\u8ce3\u897f\u74dc\u6c41\uff0c\n\u6211\u8cfa\u5f97\u4e0d\u662f\u9322\uff0c\u662f\u611b\u3002\n\n#\u591c\u5e02\u64fa\u6524 #\u514d\u8cbb\u8a66\u559d #\u4f46\u662f\u72d7\u8207\u7d19\u888b\u4eba\u8981\u9322\n--------------------------------------------------------- \r\n\u4e0a\u4e00\u90e8\u5f71\u7247 \u6211\u628a3000\u96bb\u5875\u87ce\u6492\u5e8a\u4e0a\uff01\u518d\u6b21\u6253\u81c9\u9178\u6c11\u8ddf\u9ed1\u5fc3\u5546\u4eba\uff01\u3010\u597d\u68d2Bump\u3011https://youtu.be/hDN3f2vOpIA\n\r\n\u8001\u5b50\u7684IG\uff1ahttps://bit.ly/2JqmmIq\r\n\u8001\u5b50\u7684FB\uff1ahttps://bit.ly/2s3pwwb",
        "likeCount": "29311",
        "commentCount": "1629",
        "viewCount": "1149395"
    },
    "comments": [
        {
            "reply_id": "Ugy8LxZ8OZnAff9cXXB4AaABAg",
            "reply_content": "\u67ef\u6587\u54f2"
        },
        {
            "reply_id": "Ugz75OoY0NeXXU-boW54AaABAg",
            "reply_content": "\u4e0a\u6b21\u8ce3\u70e4\u9999\u8178"
        },
        {
            "reply_id": "UgwbAGRWVhuWeNrCeVJ4AaABAg",
            "reply_content": "\u626f\u6b38"
        },
        {
            "reply_id": "Ugxh6z3thwfuYvzjbqh4AaABAg",
            "reply_content": "\u963f\u5317\u73fe\u5728\u5728\u54ea\u88e1\u8cb7"
        },
        {
            "reply_id": "Ugx4gXkS6AfAzKScU-Z4AaABAg",
            "reply_content": "\u771f\u7684\u597d\u68d2\u68d2"
        },
        {
            "reply_id": "UgxYKBc3SMEyGkNktGJ4AaABAg",
            "reply_content": "\u4ed6\u5011\u53ea\u662f\u4e0d\u60f3\u5e72\u6d89\u4f60\u7684\u8a08\u756b\u800c\u5df2\u5427"
        },
        {
            "reply_id": "UgxFJzYbEtkNdtpwE6F4AaABAg",
            "reply_content": "\u8ab0\u77e5\u9053\u5169\u5e74\u524d\u9019\u500b\u71b1\u5fc3\u5c0f\u4f19\uff0c\u4eca\u5929\u8b8a\u6210\u53f0\u7063\u4eba\u7684\u82f1\u96c4"
        },
        {
            "reply_id": "Ugx5OvXBMcBfAtyZ5ZR4AaABAg",
            "reply_content": "\u857e\u5152\u8036"
        },
        {
            "reply_id": "UgxHKw2ePvEF6b0lm7V4AaABAg",
            "reply_content": "\u52a0\u6cb9"
        },
        {
            "reply_id": "UgyMEKHPmMnkl_I4hwh4AaABAg",
            "reply_content": "\u6709\u7d93\u904e\u60f3\u8d77\u4f86\u5c31\u8cb7\u897f\u74dc\u6c41"
        },
        {
            "reply_id": "UgwrtS0v0VuzLpEeLvt4AaABAg",
            "reply_content": "\u62dc\u8a17\u6240\u6709\u570b\u4e2d\u751f\u90fd\u4f86\u770b\u4f60\u5f71\u7247"
        },
        {
            "reply_id": "UgzJWRQqv2cJ-398b2t4AaABAg",
            "reply_content": "\u524d\u9762\u88ab\u8def\u4eba\u5acc\u68c4\u5f88\u597d\u7b11"
        },
        {
            "reply_id": "Ugzur9Nq2VRtH92bzVZ4AaABAg",
            "reply_content": "\u6211"
        },
        {
            "reply_id": "UgxU8NXM4qrQTf1jDkF4AaABAg",
            "reply_content": "\u6211\u5728\u4e4e\u4f60\u554a"
        },
        {
            "reply_id": "Ugz4UVTfoUOt4TsnonN4AaABAg",
            "reply_content": "\u98fe"
        },
        {
            "reply_id": "UgwopDV5HATupFmF0A14AaABAg",
            "reply_content": "\u7b11\u6b7b"
        },
        {
            "reply_id": "UgxNrNCaBwdGw97vr5J4AaABAg",
            "reply_content": "\u770b\u5230\u4f60\u554f\u8def\u5c31\u6703\u8cb7\u500b\u6771\u897f\u5c31\u80fd\u77e5\u9053\u4f60\u5fc3\u5730\u975e\u5e38\u597d\u3002"
        },
        {
            "reply_id": "UgxMx4GXbsubbk2ozEZ4AaABAg",
            "reply_content": "\u54ea\u96bb\u718a\u592a\u7121\u8f9c\u4e86"
        },
        {
            "reply_id": "Ugy6Ac43FVQn1_-AAEx4AaABAg",
            "reply_content": "\u72e0\u9177"
        },
        {
            "reply_id": "UgzbnWozntxpHsqRdJd4AaABAg",
            "reply_content": "\u68d2"
        },
        {
            "reply_id": "UgyTlDW_4EvWISx367x4AaABAg",
            "reply_content": "\u770b\u5230\u9999\u8178\u4f86\u56de\u9867"
        },
        {
            "reply_id": "Ugy7zcx_HKYMQ6QYfo94AaABAg",
            "reply_content": "\u6211\u662f\u770b\u5b8c\u9999\u8178\u5f71\u7247\u53c8\u4f86\u7684"
        },
        {
            "reply_id": "Ugx9Pi_VqMujBMkGwpR4AaABAg",
            "reply_content": "\u6839\u672c\u662f\u6b63\u80fd\u91cf\u7684\u5f71\u7247"
        },
        {
            "reply_id": "Ugz-JgBF2KnK4qlbePp4AaABAg",
            "reply_content": "\u4f60\u6c92\u5e36\u53e3\u7f69\u9912"
        },
        {
            "reply_id": "UgzNsHOCcsYdSfGlOch4AaABAg",
            "reply_content": "\u6211\u5728\u4e4e\u4f60"
        }
    ]
}