{
    "video_info": {
        "id": "Dt3keIeiuBc",
        "channelTitle": "\u597d\u68d2Bump",
        "title": "\u7576\u6211\u6c88\u8ff7\u96fb\u73a9\u904a\u6232\u6642\u7684\u934a\u91d1\u8853\uff01\u4e00\u500b\u6708\u6de8\u8cfa30\u842c\uff01\u3010\u597d\u68d2Bump\u3011",
        "description": "\u8981\u6253\u904a\u6232\u7684\u4f86Nicee\u4e0b\u55ae\u5427~https://reurl.cc/2gybgv\n\u8a18\u5f97\u5148\u4f86\u8a02\u95b1\u6211\u7684\u904a\u6232\u983b\u9053https://youtube.com/channel/UCeBxTHjLUubsdYmqLcFQZrA\n\n\u9019\u4e00\u6b21\u7576\u4e86\u966a\u73a9\u5e2b35\u5929\uff0c\u6211\u50113\u500b\u4eba\u4e0d\u7720\u4e0d\u4f11\u7684\u6253\u5404\u7a2e\u904a\u6232\uff0c\u7e3d\u5171\u6de8\u8cfa\u4e8630\u842c\uff0c\u4f46\u597d\u50cf\u5168\u90e8\u6642\u9593\u62ff\u53bb\u62cd\u5f71\u7247\u7684\u8a71\u6703\u66f4\u8cfa\u9322\u3002\n\n#\u966a\u73a9\u934a\u91d1 #\u723d\u8cfa30\u842c #\u958b\u904a\u6232\u983b\u9053\u56c9\n\n\u6210\u70ba\u9019\u500b\u983b\u9053\u7684\u6703\u54e1\u4e26\u7372\u5f97\u734e\u52f5\uff1a\nhttps://www.youtube.com/channel/UC7XxnhjdYjiQJ3m80K_N_4g/join\n\n--------------------------------------------------------- \r\n\u4e0a\u4e00\u90e8\u5f71\u7247 \u653e\u706b\u88ab\u8a2d\u5c40\u4ed9\u4eba\u8df3\u7684\u771f\u76f8\uff01\u7adf\u662f\u96c6\u5718\u5f0f\u72af\u6848\u4e0d\u6b62\u4e00\u4f8b\uff01\u3010\u597d\u68d2Bump\u3011https://youtu.be/YjOPypL_N2Q\r\n\n\u8001\u5b50\u7684\u6296\u97f3\uff1ahttps://bit.ly/3nbnOQq \r\n\u8001\u5b50\u7684IG\uff1ahttps://bit.ly/2JqmmIq\r\n\u8001\u5b50\u7684FB\uff1ahttps://bit.ly/2s3pwwb",
        "likeCount": "13389",
        "commentCount": "638",
        "viewCount": "1246531"
    },
    "comments": [
        {
            "reply_id": "UgwDv0MA5DrTHlONZJN4AaABAg",
            "reply_content": "\u90a3\u9019\u6a23\u4e0d\u662f\u5f88\u597d\u55ce"
        },
        {
            "reply_id": "UgzZ_pFakAJMehC4aat4AaABAg",
            "reply_content": "\u539f\u4f86\u9019\u500b\u904a\u6232\u4e5f\u53ef\u4ee5\u8cfa\u9322"
        },
        {
            "reply_id": "UgzX131KUEqYSE0EoUN4AaABAg",
            "reply_content": "\u7b2c\u4e8c\u6b3e\u904a\u6232\u53eb\u4ec0\u9ebc"
        },
        {
            "reply_id": "Ugy_sCj-oTcnVHvoVtt4AaABAg",
            "reply_content": "\u90a3\u500b\u6253\u55aa\u5c4d\u7684\u904a\u6232\u662f\u4ec0\u9ebc\u554a"
        },
        {
            "reply_id": "Ugwcrg1XZjTHZOobp2R4AaABAg",
            "reply_content": "\u6211\u8d85\u611b\u7d50\u5c3e"
        },
        {
            "reply_id": "UgzgmKKtC-mGC3xa7494AaABAg",
            "reply_content": "\u90a3\u500b\u5973\u751f\u662f\u4e0d\u662f\u9945\u982d\u554a"
        },
        {
            "reply_id": "UgyaCDX1m0ZjDkMC_OR4AaABAg",
            "reply_content": ""
        },
        {
            "reply_id": "Ugxmo1_SglIUWF11xrd4AaABAg",
            "reply_content": "\u9945\u982d\u6b38"
        },
        {
            "reply_id": "Ugx02jFE12tFrvqp6H54AaABAg",
            "reply_content": "\u5c45\u7136\u662f\u9945\u982d"
        },
        {
            "reply_id": "UgzawymisNc2zIb4PRR4AaABAg",
            "reply_content": "\u61c9\u8a72\u8aaa\u9019\u500b\u6771\u897f\u6c92\u4e00\u5b9a\u7684\u672c\u4e8b\u505a\u4e0d\u9577\u4e45\uff0c\u4f46\u8a66\u8457\u8cfa\u7b2c\u4e00\u6876\u91d1\u7b97\u662f\u53ef\u4ee5\u6311\u6230"
        },
        {
            "reply_id": "UgxeoLCdC8DQTWrzarB4AaABAg",
            "reply_content": "\u9a19\u5b50"
        },
        {
            "reply_id": "UgyAFJ8uYjiyOf6Gsq14AaABAg",
            "reply_content": "\u70ba\u4ec0\u9ebc\u6703\u6709\u5c0f\u9945\u982d"
        },
        {
            "reply_id": "UgxVnl3RUlWy2cCf5sJ4AaABAg",
            "reply_content": "\u70ba\u4ec0\u9ebc\u6709\u5c0f\u9945\u982d\u554a"
        },
        {
            "reply_id": "UgwI6SD3rlTKzQPc2tx4AaABAg",
            "reply_content": "\u5e25\u5e25\u5e25"
        },
        {
            "reply_id": "UgwTRmL4L3vRQdalzCF4AaABAg",
            "reply_content": "\u5783\u573e\u5f71\u7247"
        },
        {
            "reply_id": "UgyUe-1E46ruuZggWkN4AaABAg",
            "reply_content": "\u586b\u6d77\u7684\u6642\u5019\u7adf\u7136\u662f\u7528\u624b\u586b\u4e0d\u662f\u6253\u6307\u4ee4"
        },
        {
            "reply_id": "Ugxf4OF1U0L_vsl3jvl4AaABAg",
            "reply_content": "\u5c0f\u9945\u982d\u6b38\u800c\u4e14\u795e\u5947\u7684\u6f14\u7b97\u6cd5\u53c8\u8b93\u6211\u770b\u4e86\u4e00\u904d"
        },
        {
            "reply_id": "Ugzrqg6JEzKmYsmqjdN4AaABAg",
            "reply_content": "\u5c0f\u9945\u982d"
        },
        {
            "reply_id": "UgxjCh0nkhn4GSPOx954AaABAg",
            "reply_content": "\u90a3\u8072\u97f3\u662f\u5c0f\u9945\u982d"
        },
        {
            "reply_id": "Ugyf_-xWo_XnXk4bGzt4AaABAg",
            "reply_content": "\u600e\u9ebc\u662f\u9945\u982d"
        },
        {
            "reply_id": "Ugz67-xXC5JMv82PlKV4AaABAg",
            "reply_content": "\u54c8\u54c8"
        },
        {
            "reply_id": "UgzKBrchanyWFut8riF4AaABAg",
            "reply_content": "\u5973\u751f\u600e\u9ebc\u6709\u9ede\u50cf\u5c0f\u9945\u982d"
        },
        {
            "reply_id": "UgwNgBJcbLSMa7MLsQl4AaABAg",
            "reply_content": "\u6709\u5c0f\u9945\u982d\u6b38"
        },
        {
            "reply_id": "UgysXK4h0AieFwo0t5J4AaABAg",
            "reply_content": "\u60f3\u554f\u90a3\u500b\u6bad\u5c4d\u7684\u904a\u6232\u662f\u4ec0\u9ebc"
        },
        {
            "reply_id": "Ugy71CWuolzvO6gI-kh4AaABAg",
            "reply_content": "\u6c92\u90a3\u9ebc\u597d\u8cfa\u5427"
        }
    ]
}