{
    "video_info": {
        "id": "EGT-qdf6jxg",
        "channelTitle": "\u597d\u68d2Bump",
        "title": "\u5168\u7a0b\u5077\u62cd\uff01\u4e0a\u5305\u990a\u7db2\u7d04\u7db2\u7f8e\u51fa\u4f86\uff01\u7a81\u7136\u585e\u9322\u7d66\u5979\uff0c\u5979\u6703\u62ff\u53bb\u5e6b\u52a9\u5225\u4eba\u55ce\uff1f\u3010\u597d\u68d2Bump\u3011",
        "description": "\u985e\u4f3c\u9019\u6a23\u7684\u7db2\u7ad9\uff0c\u5176\u5be6\u4e5f\u96e3\u4ee5\u78ba\u5b9a\u662f\u4e0d\u662f\u7db2\u7f8e\u672c\u4eba\uff0c\u5c31\u7b97\u771f\u7684\u6709\u7db2\u7f8e\u51fa\u4f86\uff0c\u4e5f\u53ef\u80fd\u53ea\u662f\u5c0f\u7de8\u5148\u8ddf\u59b3\u804a\u5929\uff0c\u518d\u627e\u7db2\u7f8e\u8ddf\u59b3\u51fa\u4f86\u5403\u98ef\uff0c\u7e3d\u4e4b\u907f\u514d\u6703\u6709\u5f8c\u7e8c\u554f\u984c\uff0c\u8a2d\u5c40\u4ec0\u9ebc\u7684\uff0c\u7db2\u5740\u6211\u5c31\u4e0d\u653e\u4e86\uff0c\u4e5f\u4e0d\u63a8\u85a6\u4f60\u5011\u4f7f\u7528\u3002\n\n\u4eca\u5929\u4f86\u5be6\u6e2c\u4e00\u4e0b\u5305\u990a\u7db2\u4e0a\u7684\u62dc\u91d1\u7db2\u7f8e\u53c8\u591a\u611b\u9322\n\n#\u62dc\u91d1\u7db2\u7f8e #\u4eba\u6027\u5be6\u6e2c #1000\u584a\u90fd\u4e0d\u6350\u6642\u6211\u5dee\u9ede\u6253\u4eba\n--------------------------------------------------------- \r\n\u4e0a\u4e00\u90e8\u5f71\u7247 \u6709\u59b9\u624d\u6709\u6d41\u91cf\uff1f\u5be6\u6e2c\u8ce4\u8446\u544a\u8a34\u6211\u7684\u767e\u842c\u7955\u8a23\uff01\u3010\u597d\u68d2Bump\u3011https://youtu.be/yx8NFW3pzrk\r\n\r\n\u8001\u5b50\u7684IG\uff1ahttps://bit.ly/2JqmmIq\r\n\u8001\u5b50\u7684FB\uff1ahttps://bit.ly/2s3pwwb",
        "likeCount": "22460",
        "commentCount": "1681",
        "viewCount": "2093067"
    },
    "comments": [
        {
            "reply_id": "Ugw7NuI7YYGh5i9sbXp4AaABAg",
            "reply_content": "\u7121\u804a"
        },
        {
            "reply_id": "UgwKdu6kDrklc0n5l0x4AaABAg",
            "reply_content": "\u90a3\u5973\u7684\u77e5\u9053\u4f60\u5728\u62cd\u800c\u5df2"
        },
        {
            "reply_id": "UgwrQEPJ-wVWTJD-38B4AaABAg",
            "reply_content": "\u6240\u4ee5\u6709\u6ca1\u6709\u6b63\u4e8b"
        },
        {
            "reply_id": "UgzCtPNDB_tgfOstkat4AaABAg",
            "reply_content": "\u6211\u4e5f\u60f3\u6643\u6643"
        },
        {
            "reply_id": "UgzEcbUZRmrjhgY-IS54AaABAg",
            "reply_content": "\u54ea\u8bf7\u7684\u6f14\u5458"
        },
        {
            "reply_id": "UgxuBQN_g7CihRRnMHt4AaABAg",
            "reply_content": "\u9019\u500b\u5973\u751f\u6709\u667a\u6167"
        },
        {
            "reply_id": "UgyazaFgZ0tKEtc5cDd4AaABAg",
            "reply_content": "\u4f60\u628a\u6444\u50cf\u5934\u5173\u6389\u8bd5\u8bd5"
        },
        {
            "reply_id": "Ugyr7iK-e0ECRAmMXUd4AaABAg",
            "reply_content": "\u6211\u53ea\u6ce8\u610f\u4ed6\u7684\u5976"
        },
        {
            "reply_id": "UgwFRpsJB25Xmoyhn7t4AaABAg",
            "reply_content": "\u592a\u8cb4"
        },
        {
            "reply_id": "UgwxNGWl4ScNiCxCOU94AaABAg",
            "reply_content": "\u4ec0\u4e48\u4ec0\u4e48\u4ec0\u4e48\u4ec0\u4e48"
        },
        {
            "reply_id": "Ugw1ls0DtVTWmgnJw_V4AaABAg",
            "reply_content": "\u90a3\u5169\u500b\u4e0d\u8d70\u958b\u5f97\u5f88\u7169\u53ef\u4ee5\u958b\u9664\u55ce"
        },
        {
            "reply_id": "Ugy6KFPBSoNQVDc9Pad4AaABAg",
            "reply_content": "\u6e7e\u6e7e"
        },
        {
            "reply_id": "Ugz9Agdv8ZRwrLkKL-t4AaABAg",
            "reply_content": "\u524d\u9762\u8ddf\u594e\u4e01\u4e92\u52d5\u8d85\u53ef\u611b\u7684"
        },
        {
            "reply_id": "UgxDYz7lON5S8KVc-Rp4AaABAg",
            "reply_content": "\u62b1\u6b49\u6211\u90fd\u5728\u770b\u90a3\u5973\u7684\u8eab\u6750\u54c8"
        },
        {
            "reply_id": "UgymTLK03wqGm8zKuyV4AaABAg",
            "reply_content": "\u6f14\u7684"
        },
        {
            "reply_id": "UgzUIs0IDoYUmexlxsZ4AaABAg",
            "reply_content": "\u5979\u5fc3\u88e1\u4e00\u5b9a\u60f3\u9019\u4e9b\u6211\u4e0d\u770b\u5728\u773c\u88e1 \u6211\u8981\u91e3\u4e00\u500b\u5927\u7684"
        },
        {
            "reply_id": "UgzZFsgaBGCh7K7RAwF4AaABAg",
            "reply_content": "\u594e\u4e01\u7684\u5f1f\u5f1f\u5594"
        },
        {
            "reply_id": "UgxejxZOtVYJdm9FGB94AaABAg",
            "reply_content": "\u9760\u676f\u4ed6\u7684\u5305\u5305\u5f88\u8cb4\u6b38"
        },
        {
            "reply_id": "UgyqJAaTs6eWMEubi0B4AaABAg",
            "reply_content": "\u5047\u7684"
        },
        {
            "reply_id": "UgwXBWRkW_lqdg8dZvx4AaABAg",
            "reply_content": "\u624b\u673a\u8fd9\u6837\u653e\u8fd8\u662f\u6709\u8003\u8651\u4f60\u5728\u5f55\u5f71\u7684\u53ef\u80fd\u6027"
        },
        {
            "reply_id": "Ugyp7D3z_BS-GeLpeLR4AaABAg",
            "reply_content": "\u61c9\u8a72\u8981\u7d20\u4eba\u51fa\u9762\u624d\u5c0d"
        },
        {
            "reply_id": "Ugwsgy_EHGlTEeblK-14AaABAg",
            "reply_content": "\u6211\u4e5f\u8981\u73a9\u6e83\u56e0"
        },
        {
            "reply_id": "Ugz14zMxHIq1fkqemzt4AaABAg",
            "reply_content": "\u4ec0\u9ebc\u50bb\u5b50\u6e2c\u8a66"
        },
        {
            "reply_id": "Ugz7h0MN5_jw0dBZ6xV4AaABAg",
            "reply_content": "\u8b8a\u76f8\u7684\u63f4\u52a9"
        },
        {
            "reply_id": "UgxwhlolWNeYPqVYO1Z4AaABAg",
            "reply_content": "\u6e2c\u8a66\u7d50\u679c\u662f\u5565"
        }
    ]
}