{
    "video_info": {
        "id": "ehB9m_7N8ds",
        "channelTitle": "\u597d\u68d2Bump",
        "title": "\u5168\u90e8\u6e05\u53f0\uff01\u9019\u7a2e\u593eiPhone \u7684\u5a03\u5a03\u6a5f\u2026 \u5230\u5e95\u662f\u4e0d\u662f\u9a19\u4eba\u7684\uff1f\uff01\u3010\u597d\u68d2Bump\u3011",
        "description": "\u5168\u53f0\u5404\u5730\u6709\u8a31\u591a\u9019\u7a2e\u593eiPhone\u7684\u5a03\u5a03\u6a5f\uff0c\u4f46\u662f\u9019\u7a2e\u6a5f\u53f0\u5230\u5e95\u771f\u7684\u6709iPhone\u55ce\uff1f\u6211\u4eca\u5929\u4f86\u6e05\u53f0\u7d66\u5927\u5bb6\u770b\uff01\n\n#\u6e05\u53f0\u5a03\u5a03\u6a5f #\u53f2\u4e0a\u6700\u8cb4\u6e05\u5fc3 #\u4f50\u52a9\u56de\u982d\u662f\u5cb8\u54ea\n\n\u6210\u70ba\u9019\u500b\u983b\u9053\u7684\u6703\u54e1\u4e26\u7372\u5f97\u734e\u52f5\uff1a\nhttps://www.youtube.com/channel/UC7XxnhjdYjiQJ3m80K_N_4g/join\n\n--------------------------------------------------------- \r\n\u4e0a\u4e00\u90e8\u5f71\u7247\u9019\u5c31\u662f\u6bba\u8c6c\u76e4\uff01\u4f60\u4ee5\u70ba\u7684\u6200\u60c5\u2026 \u537b\u53ea\u662f\u96c6\u5718\u8a2d\u5c406\u500b\u6708\u7684\u9a19\u9322\u624b\u6bb5\uff01\u3010\u597d\u68d2Bump\u3011\u3010\u8a50\u9a19\u89e3\u78bc\u3011https://youtu.be/MXg2uZuAmj8\n\r\n\r\n\u8001\u5b50\u7684IG\uff1ahttps://bit.ly/2JqmmIq\r\n\u8001\u5b50\u7684FB\uff1ahttps://bit.ly/2s3pwwb",
        "likeCount": "40058",
        "commentCount": "3124",
        "viewCount": "1934791"
    },
    "comments": [
        {
            "reply_id": "UgzpVRvugmSRLeK2N8V4AaABAg",
            "reply_content": "\u5076\u723e\u9084\u662f\u8981\u7d66\u5927\u5bb6\u770b\u4e00\u4e9b\u64ca\u5012\u8cc7\u672c\u4e3b\u7fa9\u9ad8\u7246\u7684\u6b61\u6a02\u7247\uff5e"
        },
        {
            "reply_id": "Ugx-xixHC_kJ9G5K5jF4AaABAg",
            "reply_content": "\u6240\u4ee5\u73fe\u5728\u4ed6\u6539\u4e86\u55ce"
        },
        {
            "reply_id": "UgxDkrZM9HgdXRhrEk94AaABAg",
            "reply_content": "\u5a03\u5a03\u6a5f\u5c31\u662f\u88ab\u4e00\u4e9b\u8001\u9f20\u5c4e\u5bb3\u5012\u7684"
        },
        {
            "reply_id": "UgxZ_0btNFsyAsKRqTF4AaABAg",
            "reply_content": "\u600e\u9ebc\u8df3\u51fa\u4f86"
        },
        {
            "reply_id": "Ugz7VnYqtbo2lixXRdp4AaABAg",
            "reply_content": "\u9019\u7a2e\u5f71\u7247\u771f\u7684\u662f\u5e0c\u671b\u66f4\u591a\u9019\u4e9b\u5c0f\u5c0f\u7684\u60e1\u771f\u7684\u662f\u592a\u591a\u4e86\ud83d\ude22"
        },
        {
            "reply_id": "UgzA1WEodKHixVK8wbd4AaABAg",
            "reply_content": "\u597d\u9ed1\u5fc3\u7684\u8001\u677f"
        },
        {
            "reply_id": "UgyoxbIfOO92sJLsJBJ4AaABAg",
            "reply_content": "\u5927\u591a\u6578\u4eba\u90fd\u6709\u77ed\u8996\u8fd1\u5229\u7684\u8070\u660e\uff0c\u537b\u6c92\u6709\u6df1\u601d\u719f\u616e\u7684\u9060\u898b\u667a\u6167"
        },
        {
            "reply_id": "UgwNer5aa9FnWdW1IrR4AaABAg",
            "reply_content": "\u5c31\u662f\u9a19\u4eba\u7684"
        },
        {
            "reply_id": "UgwkzEx5flVIBjBKWqB4AaABAg",
            "reply_content": "\u4ed6\u5c31\u721b\u4eba\u554a"
        },
        {
            "reply_id": "UgxW0kCkvODPRIcYEEF4AaABAg",
            "reply_content": "\u4ed6\u7684\u5750\u59ff\u5f88\u6b20\u63cd"
        },
        {
            "reply_id": "UgzTzZ6Ub2iAYd1RJQB4AaABAg",
            "reply_content": "\u5a03\u5a03\u6a5f\u5c31\u8981\u8521\u82f1\u6587\u7acb\u6cd5\u4fee\u6539"
        },
        {
            "reply_id": "UgzT4l1gaqRa4KU8q4x4AaABAg",
            "reply_content": "\u8b1b\u7684\u53f0\u591a\u4e86"
        },
        {
            "reply_id": "Ugzpd8njyHDpnzQpqUJ4AaABAg",
            "reply_content": "\u4e3b\u64ad\u5728\u73fe\u5834\u8868\u6f14\u85dd\u8853"
        },
        {
            "reply_id": "UgwCcmd97VRP0aB29ht4AaABAg",
            "reply_content": "\u6253\u5230\u95dc\u7bc0\u708e\u4e86"
        },
        {
            "reply_id": "Ugz7lXc3hTYh9Jzwex54AaABAg",
            "reply_content": "\u5230\u6700\u5f8c\u8d85\u7d1a\u4e0d\u723d\ud83d\ude02\u7b11\u5bb9\u6c92\u6709\u6d88\u5931\u53ea\u662f\u8dd1\u5230\u6211\u7684\u81c9\u4e0a"
        },
        {
            "reply_id": "UgzGfHvg_y-PkTWFL-14AaABAg",
            "reply_content": "\u88ab\u544a\u7684\u9084\u90a3\u9ebc\u7406\u6240\u7576\u7136\u614b\u5ea6"
        },
        {
            "reply_id": "UgyAaTRaSUiMeSOeGR94AaABAg",
            "reply_content": "\u593e\u5230\u81f3\u5c11\u4e5f\u6709\u5c0f\u734e"
        },
        {
            "reply_id": "UgyHni4mSh2u5RFhmp94AaABAg",
            "reply_content": "\u9084\u6709\u53f0\u7063\u662f\u96fb\u8a71\u8a50\u9a19\u5f88\u591a \u8b66\u67e5\u4e0d\u6293\u96fb\u4fe1\u627e\u5230\u6a5f\u623f"
        },
        {
            "reply_id": "UgxDLUYWFK5IQjPh0eh4AaABAg",
            "reply_content": "\u505a\u8a50\u7684\u8ddf\u4ed6\u8b1b\u9019\u9ebc\u591a\u5e79\u561b"
        },
        {
            "reply_id": "UgxHsrr_F_gzuq8YSRR4AaABAg",
            "reply_content": "\u5c31\u662f\u4e0d\u6562\u51fa\u8ca8\u7684"
        },
        {
            "reply_id": "UgwUAnAhg_fFk0X31_54AaABAg",
            "reply_content": "\u6709\u4e9b\u53f0\u4e3b\u5c31\u662f\u9019\u6a23\u5f88\u60e1\u52a3"
        },
        {
            "reply_id": "UgxqAISmrWQQ6hT38qB4AaABAg",
            "reply_content": "\u554a\u6240\u4ee5\u8981\u8655\u7406\u4ed6\u4e86\u6c92"
        },
        {
            "reply_id": "UgzSWXyF1wdqO2wCZcd4AaABAg",
            "reply_content": "\u6bcf\u500b\u90fd\u4f50\u52a9"
        },
        {
            "reply_id": "UgxdrZLqhEUDoA9y9A14AaABAg",
            "reply_content": "\u6709\u70b9\u79bb\u8c31"
        },
        {
            "reply_id": "Ugw5v6h-Nx594IR8Iy14AaABAg",
            "reply_content": "\u76f2\u76d2\u5c31\u662f\u8a50\u6b3a\u963f"
        }
    ]
}