{
    "video_info": {
        "id": "EongC9Lxk0E",
        "channelTitle": "\u597d\u68d2Bump",
        "title": "\u6211\u505a\u570b\u969b\u6551\u63f4\u537b\u88ab\u62b9\u9ed1\uff01\u600e\u6a23\uff1f\u4f60\u5916\u4ea4\u90e8\u662f\u6c92\u4eba\u7ba1\u4e86\u662f\u4e0d\u662f\uff1f\u3010\u597d\u68d2Bump\u3011",
        "description": "\u6211\u7121\u511f\u6551\u63f4\u90a3\u4e9b\u53d7\u56f0\u570b\u5916\u7684\u53f0\u7063\u4eba\uff0c\u73fe\u5728\u9047\u5230\u56f0\u5883\u60f3\u9673\u60c5\uff0c\u8b93\u66f4\u591a\u4eba\u77e5\u9053\uff0c\u8b93\u653f\u5e9c\u6539\u5584\uff0c\u7d50\u679c\u4f60\u537b\u62b9\u9ed1\u6211\uff1f\n\n#\u4e0d\u8981\u53ea\u6703\u62c9\u9078\u7968 #\u4f60\u8981\u6230\u6211\u5c31\u6230 #\u8acb\u6709\u95dc\u55ae\u4f4d\u51fa\u4f86\u89e3\u91cb\n--------------------------------------------------------- \n\u4e0a\u4e00\u90e8\u5f71\u7247 \u5728\u6211\u5c0f\u7684\u6642\u5019\uff0c\u5abd\u5abd\u62cb\u68c4\u4e86\u6211\uff0c\u800c\u4eca\u5929\u6211\u6b63\u5f0f\u539f\u8ad2\u4e86\u5979\u3002\u3010\u597d\u68d2Bump\u3011https://youtu.be/y5ki6Dvnhbk\n\n\u8001\u5b50\u7684IG\uff1ahttps://bit.ly/2JqmmIq\n\u8001\u5b50\u7684FB\uff1ahttps://bit.ly/2s3pwwb",
        "likeCount": "91112",
        "commentCount": "9472",
        "viewCount": "1972112"
    },
    "comments": [
        {
            "reply_id": "Ugxo0dHfBPRGqPg78zZ4AaABAg",
            "reply_content": "\u7a81\u7136\u89c9\u5f97\u4ee5\u540e\u8fd9\u79cd\u4e8b\u4e0d\u8981\u8bf4\u88ab\u6263\u62bc\uff0c\u76f4\u63a5\u62a5\u9057\u5931\u66f4\u597d"
        },
        {
            "reply_id": "UgwvdFuQKKb1sa3Yptd4AaABAg",
            "reply_content": "\u6240\u4ee5\u90a3\u500b\u99ac\u79d8\u66f8\u5230\u5e95\u662f\u600e\u6a23"
        },
        {
            "reply_id": "UgzOAzO417KTWTLiqXB4AaABAg",
            "reply_content": "\u53ea\u8981\u662f\u5c0d\u653f\u5e9c\u6a5f\u95dc\u5f62\u8c61\u7684\u6253\u64ca\u4ed6\u5011\u7d55\u5c0d\u4e0d\u6703\u627f\u8a8d\u554a\uff1f"
        },
        {
            "reply_id": "UgxEVebHpkOhZAOMiPp4AaABAg",
            "reply_content": "\u5916\u4ea4\u90e8\u4eba\u54e1\u4e0d\u5c11\u90fd\u662f\u653f\u6cbb\u916c\u5eb8\u7684 \u4e0d\u6703\u5e6b\u4f60\u8655\u7406\u4efb\u4f55\u4e8b"
        },
        {
            "reply_id": "UgwLPHTfD0FGLYMWc1F4AaABAg",
            "reply_content": "\u653f\u5e9c\u6311\u91c1"
        },
        {
            "reply_id": "UgyOZRD6sgPGRmZJzup4AaABAg",
            "reply_content": "\u5916\u4ea4\u90e8\u7684\u4eba\u53bb\u6b7b\u4e00\u6b7b\u9019\u570b\u5bb6\u4e5f\u4e0d\u6703\u8d8a\u8b8a\u8d8a\u7cdf\u5566"
        },
        {
            "reply_id": "UgxXhij6h8WtZxa4hgx4AaABAg",
            "reply_content": "\u4e2d\u56fd\u9886\u4e8b\u9986\u4e3a\u4ec0\u4e48\u5e2e\u4e0d\u4e86\uff1f\u6309\u9053\u7406\u4e2d\u56fd\u9886\u4e8b\u9986\u89c1\u5230\u53f0\u6e7e\u4eba\u662f\u6309\u672c\u56fd\u4eba\u5904\u7406\u554a\uff0c\u64a4\u4fa8\u90fd\u80fd\u4e00\u8d77\u64a4\u4e86"
        },
        {
            "reply_id": "UgyvtQ2_Km3TPbpED1t4AaABAg",
            "reply_content": "\u7ffb\u7248\u5c0f\u7389"
        },
        {
            "reply_id": "UgzUPLMsVqF7Dbv96RV4AaABAg",
            "reply_content": "\u6c11\u9032\u9ee8\u5c31\u662f\u5783\u573e\u653f\u9ee8"
        },
        {
            "reply_id": "Ugzd2907oTFeRg975Th4AaABAg",
            "reply_content": "\u5916\u4ea4\u90e8\u5230\u6700\u5f8c\u6709\u7121\u53cd\u61c9"
        },
        {
            "reply_id": "UgzVJIiMR2q74saLRtp4AaABAg",
            "reply_content": "\u52a0\u6cb9"
        },
        {
            "reply_id": "UgwbnNpI74dSqVDCuAh4AaABAg",
            "reply_content": "\u8f9b\u82e6\u4e86"
        },
        {
            "reply_id": "UgxVeoNqyzjcoOuPWj54AaABAg",
            "reply_content": "\u53f0\u6e7e\u6709\u8fd9\u6837\u7684\u5e74\u8f7b\u4eba\u771f\u662f\u5e78\u8fd0"
        },
        {
            "reply_id": "UgznN-4PLkcr4QtO7O54AaABAg",
            "reply_content": "\u8fd9\u5916\u4ea4\u90e8\u600e\u4e48\u4e00\u80a1\u5b50\u5bf9\u5cb8\u7684\u5473\u9053"
        },
        {
            "reply_id": "UgygMJgR-JPA7xi-mH14AaABAg",
            "reply_content": "\u54c8\u54c8\u54c8"
        },
        {
            "reply_id": "UgyI_8z47XzJqIQunp54AaABAg",
            "reply_content": "\u770b\u5b8c\u5f71\u7247\u89ba\u5f97\u53f0\u7063\u4eba\u53ef\u4ee5\u76f4\u63a5\u627e\u7e3d\u7d71\u5e9c\u597d\u5e78\u798f"
        },
        {
            "reply_id": "Ugz9VaLqXWcUQpFejKt4AaABAg",
            "reply_content": "\u4f60\u6c92\u932f\u4e16\u754c\u932f\u4e86"
        },
        {
            "reply_id": "Ugw-WSABUc88KjSMwQR4AaABAg",
            "reply_content": "\u4f60\u53bb\u975e\u6d32\u770b\u770b\u4e86\u89e3\u4e00\u4e0b\u5427"
        },
        {
            "reply_id": "UgwW57grtAmDq8mrnfx4AaABAg",
            "reply_content": "\u88ab\u7d81\u88ab\u6bba\u88ab\u8ce3\u5668\u5b98\u7684\u7684\u4e0d\u662f\u5916\u4ea4\u90e8\u7684\u5973\u5152\u5152\u5b50\u5b6b\u5973\u5b6b\u5b50\u5047\u5982\u662f\u5916\u4ea4\u90e8\u5152\u5b50\u5973\u5152\u5b6b\u5b50\u5b6b\u5973\u88ab\u5272\u5668\u5b98\u5f37\u59e6\u5f37\u66b4\u5230\u4e0d\u5982\u8b93\u6c92\u6709\u5973\u4eba\u5973\u751f\u5973\u670b\u53cb\u7684\u6c92\u9322\u7684\u7537\u4eba\u7537\u751f\u514d\u8cbb\u4ea4\u914d\u505a\u611b\u884c\u623f\u81e8\u5e78\u5bf5\u5e78\u7537\u4eba\u7537\u751f\u9084\u6703\u611f\u8b1d\u4ed6\u5011\u5979\u5011"
        },
        {
            "reply_id": "UgyC11EDmDAv6goKURh4AaABAg",
            "reply_content": "\u4e5f\u6c92\u6709\u60f3\u904e \u6700\u5783\u573e\u7684\u662f\u65b0\u805e\u5a92\u9ad4\u66ff\u653f\u5e9c\u5783\u573e\u653f\u5ba2\u505a\u4e8b"
        },
        {
            "reply_id": "UgzzmT-5Aqc54FjIOkF4AaABAg",
            "reply_content": "\u6c11\u9032\u9ee8\u662f\u985e\u4e2d\u570b"
        },
        {
            "reply_id": "UgzztGozUYHM0Pm2jDx4AaABAg",
            "reply_content": "\u81e8\u6642\u8b77\u7167\u672c\u4f86\u5c31\u8981\u7b49\u4e94\u5929"
        },
        {
            "reply_id": "Ugyk078qhHxL8bvGbvh4AaABAg",
            "reply_content": "\u6211\u672c\u4ee5\u4e3a\u6c11\u8fdb\u515a\u53bb\u9ed1\u5927\u9646\u5df2\u7ecf\u662f\u6781\u9650\uff0c\u6bd5\u7adf\u5927\u9646\u7684\u8fd9\u79cd\u6709\u5173\u7684\u53cd\u70b8\u7684\u5ba3\u4f20\u7247\u90fd\u6709\u4eba\u55b7\uff0c\u4f46\u6211\u662f\u771f\u6ca1\u60f3\u5230\u6c11\u8fdb\u515a\u5c45\u7136\u5bf9\u81ea\u5df1\u7ba1\u8f96\u5185\u7684\u4eba\u505a\u597d\u4e8b\u90fd\u5982\u6b64\u7684\u9ed1"
        },
        {
            "reply_id": "UgzfqCQaabHDzdyDlo14AaABAg",
            "reply_content": "\u9019\u6a23\u4e0d\u662f\u4ee3\u8868\u5916\u4ea4\u90e8\u53c8\u5728\u505a\u4e8b\u60c5\u7531\u672c\u4eba\u8ddf\u6c92\u672c\u4eba\u53bb\u6709\u5dee\u9019\u6a23\u8981\u4e0d\u8981\u8ddf\u5916\u4ea4\u90e8\u9053\u6b49"
        },
        {
            "reply_id": "UgxmxoFAT35A7TKxiiF4AaABAg",
            "reply_content": "\u519c\u592b\u4e0e\u86c7"
        }
    ]
}