{
    "video_info": {
        "id": "epGDq7PkEEY",
        "channelTitle": "\u597d\u68d2Bump",
        "title": "\u7576\u4f60\u904e\u5e74\u73a9\u522e\u522e\u6a02\u6642\u7684\u934a\u91d1\u8853\uff01\u3010\u597d\u68d2Bump\u3011",
        "description": "\u767c\u8ca1\u5c31\u9760\u9019\u4e00\u6ce2\u4e86\u5566\uff01\n\n#\u53cd\u6307\u6a19\u934a\u91d1 #\u6700\u8870\u7684\u670b\u53cb #\u4e2d\u734e\u7387\u63d0\u9ad8\u7684\u79d8\u8a23\n\n\u6210\u70ba\u9019\u500b\u983b\u9053\u7684\u6703\u54e1\u4e26\u7372\u5f97\u734e\u52f5\uff1a\nhttps://www.youtube.com/channel/UC7XxnhjdYjiQJ3m80K_N_4g/join\n\n--------------------------------------------------------- \r\n\u4e0a\u4e00\u90e8\u5f71\u7247 \u6211\u6539\u88dd\u4e00\u53f0\u5929\u7afa\u9f20\u8eca\u8eca\uff01\u8ce3\u6389\u73fe\u65368\u842c\uff01\u3010\u597d\u68d2Bump\u3011https://youtu.be/Qbqd73Mkm8o\n\n\u8001\u5b50\u7684IG\uff1ahttps://bit.ly/2JqmmIq\r\n\u8001\u5b50\u7684FB\uff1ahttps://bit.ly/2s3pwwb",
        "likeCount": "11168",
        "commentCount": "618",
        "viewCount": "915009"
    },
    "comments": [
        {
            "reply_id": "UgzA9w1ocOz0U_ldpol4AaABAg",
            "reply_content": "\u6211\u662f\u7f6e\u9802\u4ed4"
        },
        {
            "reply_id": "UgzwS9HdS3xvzZSctGB4AaABAg",
            "reply_content": "\u6211\u4e5f\u662f\u7f6e\u9802\u4ed4\u5e95\u4e0b\u7684\u56de\u8986\u4ed4"
        },
        {
            "reply_id": "UgyoDS4tazYwkzDZxeN4AaABAg",
            "reply_content": "\u5e25\u5440\u6211"
        },
        {
            "reply_id": "UgwJCY2qshyIHqdMScx4AaABAg",
            "reply_content": "\u771f\u7684\u5f88\u597d\u7b11"
        },
        {
            "reply_id": "UgztEHn6VjiKiFPf6yx4AaABAg",
            "reply_content": "\u6f14\u7b97\u6cd5\u5e36\u6211\u4f86\u4e86"
        },
        {
            "reply_id": "UgzSoS7FUm4SWBZPhOx4AaABAg",
            "reply_content": "\u5deb\u6a3e\u592a\u6158\u4e86\u5427"
        },
        {
            "reply_id": "UgwH_A10A73WpbFiq4l4AaABAg",
            "reply_content": "\u5e97\u54e1\u597d\u7f8e"
        },
        {
            "reply_id": "Ugwhh-QcEf52LaLZJHN4AaABAg",
            "reply_content": "\u90a3\u4e2a\u5347\u9f99\u62f3\u6211\u770b\u51e0\u6b21\u7b11\u51e0\u6b21\u54c8\u54c8\u54c8\u54c8"
        },
        {
            "reply_id": "Ugye4A5nydCpmFSJ5xl4AaABAg",
            "reply_content": "\u4f60\u8981\u4ec0\u9ebc\u5927\u54e5"
        },
        {
            "reply_id": "UgzEJ3QzTjB6eTMQge54AaABAg",
            "reply_content": "\u7d19\u888b\u4eba\u4e0d\u662f\u5f37\u8005\u52df\u96c6\u5091\u54e5\u55ce"
        },
        {
            "reply_id": "Ugxi0Ro5ccx8mG_2nRF4AaABAg",
            "reply_content": "\u6211\u4e4b\u524d\u82b1\u4e94\u767e\u8cb7\u7d50\u679c\u8cfa\u56de\u4f86\u5167"
        },
        {
            "reply_id": "UgxBquCixtbRebWj6WN4AaABAg",
            "reply_content": "\u6f14\u7b97\u6cd5\u5e36\u6211\u4f86\u8457"
        },
        {
            "reply_id": "UgwPSnKCSGiXO5k11Lx4AaABAg",
            "reply_content": "\u90a3\u8077\u696d\u821e\u8005\u771f\u7684\u6158"
        },
        {
            "reply_id": "Ugzmz8Cotg_BhllulXx4AaABAg",
            "reply_content": "\u522e\u522e\u6a02\u96a8\u4fbf\u90fd\u80fd\u7a2e\u516b"
        },
        {
            "reply_id": "UgxxUIVpFbOvb6GwQgV4AaABAg",
            "reply_content": "\u9019\u662f\u5728\u5b89\u5eb7"
        },
        {
            "reply_id": "UgzpdgH5H-3MZQ7NfGF4AaABAg",
            "reply_content": "\u6607\u9f8d\u62f3\u5feb\u8981\u7b11\u5230\u721b\u6389"
        },
        {
            "reply_id": "UgwUomsynsjaV12tAaF4AaABAg",
            "reply_content": "\u6211\u4e5f\u4e00\u6a23"
        },
        {
            "reply_id": "UgzH5Prs1IFgYXJVj8V4AaABAg",
            "reply_content": "\u9632\u75ab\u7834\u53e3"
        },
        {
            "reply_id": "Ugx18Vma26Y-KXKUejF4AaABAg",
            "reply_content": "\u5e74\u521d\u7684\u9084\u662f\u9019\u9ebc\u597d\u770b"
        },
        {
            "reply_id": "UgwXKOcI2lQdkerZpcp4AaABAg",
            "reply_content": "\u6234\u9762\u7f69\u7684\u600e\u9ebc\u8072\u97f3\u597d\u50cf\u8001\u738b"
        },
        {
            "reply_id": "UgwBX2W-Z95V4mPhpc94AaABAg",
            "reply_content": "\u641e\u7b11"
        },
        {
            "reply_id": "UgyYzd8x2xJ0aTq0Wkh4AaABAg",
            "reply_content": "\u60f3\u770b\u7d19\u888b\u4eba\u7684\u81c9"
        },
        {
            "reply_id": "UgxvuUwCJkpWeeixOkp4AaABAg",
            "reply_content": "\u6709\u59b9\u5b50"
        },
        {
            "reply_id": "UgxDJ_-1K5Drbfhf4_94AaABAg",
            "reply_content": "\u91cd\u9ede\u662f\u5e97\u7684\u904b\u6c23"
        },
        {
            "reply_id": "UgxVgChs8k2KdmRZ8GJ4AaABAg",
            "reply_content": "\u5e79\u5e97\u54e1\u5f88\u6b63"
        }
    ]
}