{
    "video_info": {
        "id": "hDN3f2vOpIA",
        "channelTitle": "\u597d\u68d2Bump",
        "title": "\u6211\u628a3000\u96bb\u5875\u87ce\u6492\u5e8a\u4e0a\uff01\u518d\u6b21\u6253\u81c9\u9178\u6c11\u8ddf\u9ed1\u5fc3\u5546\u4eba\uff01\u3010\u597d\u68d2Bump\u3011",
        "description": "\u4e0a\u4e00\u6b21\u5927\u5bb6\u63d0\u5230\u8a31\u591a\u5875\u87ce\u7684\u554f\u984c\n\u6211\u7528\u9019\u652f\u5f71\u7247\u5168\u90e8\u505a\u4e00\u6b21\u56de\u61c9\uff01\n\n#3000\u96bb\u5875\u87ce #\u5728\u6c34\u4e2d\u6e38\u6cf3 #\u53ef\u4ee5\u518d\u7e7c\u7e8c\u63b0\u6c92\u95dc\u4fc2\n--------------------------------------------------------- \r\n\u4e0a\u4e00\u90e8\u5f71\u7247 \u6211\u7528\u4ea4\u53cb\u7d04\u59b9\uff01\u5230\u5979\u5bb6\u5e8a\u4e0a\u505a\u904b\u52d5\uff01\u3010\u597d\u68d2Bump\u3011\r\nhttps://youtu.be/y4vY5LKf31I\n\r\n\u8001\u5b50\u7684IG\uff1ahttps://bit.ly/2JqmmIq\r\n\u8001\u5b50\u7684FB\uff1ahttps://bit.ly/2s3pwwb",
        "likeCount": "30162",
        "commentCount": "2342",
        "viewCount": "911095"
    },
    "comments": [
        {
            "reply_id": "Ugxul925hNR_vSdic3V4AaABAg",
            "reply_content": "\u5317\u6975\u718a\u5a03\u5a03\u90fd\u6c92\u6d17\u8b8a\u7070\u7684\u4e00\u5b9a\u6709\u5875\u87ce"
        },
        {
            "reply_id": "Ugz_YKULHtZxY-sUl4h4AaABAg",
            "reply_content": "\u6211\u5bb6\u5317\u6975\u718a\u8d85\u9ad2\u4e00\u5b9a\u6709\u5875\u87ce"
        },
        {
            "reply_id": "UgzDBGke_cyF73GVLQx4AaABAg",
            "reply_content": "\u5e0c\u671b\u4f60\u53ef\u4ee5\u8e22\u7206\u6027\u9a37\u6027\u4fb5\u7591\u96f2\u3001\u8070\u660e\u5982\u4f60\u61c9\u8a72\u53ef\u4ee5\u64ec\u5b9a\u51fa\u6210\u529f\u5e6b\u52a9\u53d7\u5bb3\u8005\u8209\u8b49\u8490\u8b49\u7684\u8fa6\u6cd5\uff01"
        },
        {
            "reply_id": "UgxHKtDWngASsUPd0It4AaABAg",
            "reply_content": "\u6211\u4e4b\u524d\u78b0\u904e\u9694\u58c1\u5be6\u9a57\u5ba4\u5728\u990a\u5875\u87a8\u505a\u5be6\u9a57\u7684\u7814\u7a76\u751f\u5c31\u8aaa\u904e\uff0c\u904e\u654f\u7684\u9020\u6210\u4e0d\u662f\u5875\u87a8\u672c\u4eba\u800c\u662f\u5875\u87a8\u7684\u6392\u6cc4\u7269\uff0c\u5065\u5eb7\u7684\u5875\u87a8\u6293\u529b\u5f88\u5f37\u5927\u5982\u679c\u4ed6\u6293\u4f4f\u67d0\u500b\u7e96\u7dad\u6839\u672c\u4e0d\u6703\u88ab\u5438\u51fa\u4f86\u6216\u62cd\u51fa\u4f86"
        },
        {
            "reply_id": "UgyJMAouX46JW4tKPdp4AaABAg",
            "reply_content": "\u6211\u6bd4\u8f03\u5728\u4e4e\u868a\u5b50\u80fd\u4e0d\u80fd\u5438\u5149"
        },
        {
            "reply_id": "UgwC9XK-HMvFNMi6_5t4AaABAg",
            "reply_content": "\u6050\u61fc\u884c\u92b7"
        },
        {
            "reply_id": "UgzcUXjD1E0detwsAL54AaABAg",
            "reply_content": "\u8f9b\u82e6\u4e86"
        },
        {
            "reply_id": "UgwRUV6q0tnpt1muVb54AaABAg",
            "reply_content": "\u90a3\u947d\u9032\u53bb\u800c\u6210\u9577\u70ba\u6210\u87f2\u7684\u600e\u9ebc\u8fa6"
        },
        {
            "reply_id": "Ugx_Yc7O1kKhz-xHU7V4AaABAg",
            "reply_content": "\u9084\u4ee5\u70ba\u5728\u770b\u597d\u5947\u4e94\u5148\u751f"
        },
        {
            "reply_id": "Ugwp8miKfTobjpo-yWx4AaABAg",
            "reply_content": "\u9577\u77e5\u8b58\u4e86"
        },
        {
            "reply_id": "Ugx-ojITKqmxo7rlJvN4AaABAg",
            "reply_content": "\u731b"
        },
        {
            "reply_id": "UgwEe85mxZp_ac67jb94AaABAg",
            "reply_content": "\u9019\u6bd4\u8f03\u6709\u79d1\u5b78\u5a1b\u6a02\u6027"
        },
        {
            "reply_id": "Ugy4KUHYeNA47-sVkDR4AaABAg",
            "reply_content": "\u6211\u773c\u775b\u4e00\u76f4\u76ef\u8457\u5f8c\u9762\u7684\u5e8a \u597d\u5e0c\u671b\u8d95\u5feb\u628a\u4ed6\u5011\u5438\u4e7e\u6de8"
        },
        {
            "reply_id": "Ugwg2FAssyqBnl0GcpR4AaABAg",
            "reply_content": "\u5c41\u4e00\u5927\u5806"
        },
        {
            "reply_id": "Ugyma-gitfuf77duMlJ4AaABAg",
            "reply_content": "\u611f\u89ba\u5047\u5047\u7684"
        },
        {
            "reply_id": "Ugxjub7Quw12STiHzsR4AaABAg",
            "reply_content": "\u5e8a\u5177\u904e\u654f\u901a\u5e38\u662f\u767c\u9709\u7684\u6a5f\u7387\u66f4\u5927\uff0c\u591a\u8abf\u7bc0\u6fd5\u5ea6\u5427"
        },
        {
            "reply_id": "UgyWteqlVbg3Bzr8-kd4AaABAg",
            "reply_content": "\u5875\u87ce\u96c6\u9ad4\u751f\u547d\u529b\u6975\u5f37\uff0c\u4e0d\u662f\u5438\u4e00\u5438\u5c31\u80fd\u641e\u5b9a\u7684\u4e8b\u60c5"
        },
        {
            "reply_id": "Ugzaak1Y__vA3IZRP4V4AaABAg",
            "reply_content": "\u4ee5\u524d\u5c31\u88ab\u67d0\u77e5\u540d\u5fb7\u570b\u76f4\u92b7\u5438\u5875\u5668\u5ee0\u5546\u9a19\u8aaa\u5875\u87ce\u662f\u770b\u4e0d\u898b \u4f60\u7684\u5e8a\u90fd\u662f\u5875\u87ce \u611f\u8b1d\u9019\u7bc7\u8e22\u7206\u627e\u51fa\u771f\u76f8\u554a"
        },
        {
            "reply_id": "Ugw8FVzJgP44DYNsZOR4AaABAg",
            "reply_content": "\u6211\u5230\u73fe\u5728\u90a3\u9ebc\u8a8d\u771f\u770b\n\u5c45\u7136\u6bcf\u4e00\u53e5\u8a71\u90fd\u6709\u526a\u8f2f\u6b38"
        },
        {
            "reply_id": "UgxNDP2QPTDX6a3cbAd4AaABAg",
            "reply_content": "\u6211\u5c0d\u5875\u87ce\u904e\u654f"
        },
        {
            "reply_id": "UgxGGt4v42Z-A0yDYl94AaABAg",
            "reply_content": "\u8d85\u7d1a\u68d2"
        },
        {
            "reply_id": "UgzCq1oCEJhJiq7ytDh4AaABAg",
            "reply_content": "\u5c31\u597d\u50cf\u8ce3\u6d77\u9bae\u7684\u4eba\u6703\u8aaa\u53f0\u7063\u9b5a\u809a\u5916\u92b7\u4e86"
        },
        {
            "reply_id": "UgxSF-W3YaQfn3X8v5R4AaABAg",
            "reply_content": "\u770b\u7684\u51fa\u4f86\u5be2\u5177\u7684\u5875\u87ce\u6578\u91cf\u4e0d\u591a\u7684\u8a71\u5176\u5be6\u96e3\u4ee5\u7528\u8089\u773c\u770b\u898b\uff08\u5c24\u5176\u5728\u5206\u6563\u7684\u60c5\u6cc1\u4e0b\uff09\uff0c\u9084\u662f\u8981\u7528\u5438\u5875\u5668\u5438\u9032\u53bb\u5f8c\u5728\u6709\u660e\u986f\u5c0d\u6bd4\u8272\u7684\u8a66\u7ba1\u4e2d\u624d\u6bd4\u8f03\u5bb9\u6613\u89c0\u5bdf\u3002\u4e0d\u904e\u5546\u5bb6\u8aaa\u7684\u5e7e\u5343\u842c\u5e7e\u767e\u842c\u96bb\u5be6\u5728\u592a\u8a87\u5f35"
        },
        {
            "reply_id": "Ugxt1qaDKb6nWkPNH8J4AaABAg",
            "reply_content": "\u611f\u8b1d\u4f60\u505a\u9019\u7a2e\u8e22\u7206\u5f71\u7247\n\u5e0c\u671b\u4f60\u80fd\u7e7c\u7e8c\u505a\u4f60\u559c\u6b61\u7684\u5f71\u7247"
        },
        {
            "reply_id": "UgxWtn4L5YLUWiGnOhJ4AaABAg",
            "reply_content": "\u548c\u70cf\u9d09\u6bd4\u611f\u89ba\u6709\u9752\u51fa\u65bc\u85cd"
        }
    ]
}