{
    "video_info": {
        "id": "HNC-F9MfrII",
        "channelTitle": "\u597d\u68d2Bump",
        "title": "\u5927\u99ac\u7db2\u53cb\u6b20\u4e0b50\u842c\u8ced\u50b5\uff01\u5bb6\u4eba\u906d\u5230\u6050\u5687\uff01\u8acb\u6211\u5e6b\u5fd9\u8655\u7406\uff01\u3010\u597d\u68d2Bump\u3011",
        "description": "\u6bcf\u5929\u7684IG\u90fd\u6703\u6536\u5230\u975e\u5e38\u591a\u9019\u7a2e\u79c1\u8a0a\uff0c\u771f\u662f\u9047\u5230\u4e86\u4e0d\u5e6b\u5fd9\u53c8\u89ba\u5f97\u4f60\u5011\u5f88\u53ef\u6190\uff0c\u5e6b\u4e86\u7d66\u6211\u6d88\u5931\u53c8\u5f88\u53ef\u60e1\uff0c\u771f\u7684\u5f88\u5169\u96e3\ud83d\ude13\n\n#\u7db2\u53cb\u6c42\u6551 #\u8ced\u9322\u6b20\u50b5 #\u5225\u518d\u505a\u767c\u8ca1\u5922\u4e86\n--------------------------------------------------------- \r\n\u4e0a\u4e00\u90e8\u5f71\u7247\u628a\u7db2\u7d05\u7684\u6c57\u63d0\u7149\u51fa\u9e7d\u5df4\uff01\u653e\u5230\u7db2\u4e0a\u7af6\u6a19\u62cd\u8ce3\uff01\u3010\u597d\u68d2Bump\u3011\u3010\u6c57\u6c34\u934a\u91d1\u8853\u3011https://youtu.be/4MDIl4e6a40\n\r\n\u8001\u5b50\u7684IG\uff1ahttps://bit.ly/2JqmmIq\r\n\u8001\u5b50\u7684FB\uff1ahttps://bit.ly/2s3pwwb",
        "likeCount": "26857",
        "commentCount": "2211",
        "viewCount": "1530545"
    },
    "comments": [
        {
            "reply_id": "UgyPqrpCMm_jDQOKhTl4AaABAg",
            "reply_content": "\u6b3d\u4f69\u4f60\u7238"
        },
        {
            "reply_id": "UgyzSk2rcnEOY4PKtP94AaABAg",
            "reply_content": "\u6709\u6c92\u6709\u4e00\u7a2e\u53ef\u80fd\u4eba\u5df2\u7d93\u88ab\u7d81\u4e86"
        },
        {
            "reply_id": "Ugzb5oRsDjPaIOMSTLd4AaABAg",
            "reply_content": "\u6240\u4ee5\u4e0d\u8981\u8d4c\u535a\u662f\u6700\u597d"
        },
        {
            "reply_id": "UgxwztobUcebr5_Iasd4AaABAg",
            "reply_content": "\u54ed\u54ed\u60f3\u8ced\u535a\u624d\u767c\u73fe\u53e3\u888b\u6c92\u6709\u9322"
        },
        {
            "reply_id": "UgzPyeVir4wjEaot9MV4AaABAg",
            "reply_content": "\u5176\u5b9e\u86ee\u591a\u7684\u5927\u8033\u7abf\u6b20\u94b1\u7684\u90fd\u662f\u627e\u8bae\u5458\u5e2e\u52a9\u7684"
        },
        {
            "reply_id": "UgxfGhDT8mhmLh9ksb14AaABAg",
            "reply_content": "\u86cb\u5854\u597d\u597d\u7b11"
        },
        {
            "reply_id": "UgymWJgBD-erQhqoMEF4AaABAg",
            "reply_content": "\u99ac\u4f86\u9ed1\u793e\u6703\u7b97\u4ec0\u9ebc\uff0c\u53f0\u7063\u9ed1\u8272\u6703\u624d\u662f\u771f\u6b63\u7684\u5c4c"
        },
        {
            "reply_id": "UgwDKGg-IhWU9gDvj2F4AaABAg",
            "reply_content": "\u8ced\u535a\u5c31\u662f\u6d3b\u8a72"
        },
        {
            "reply_id": "UgzKZkA3ntLGpOs9J-d4AaABAg",
            "reply_content": "\u6211\u76f8\u4fe1\u4f60\u7238\u7238\u6b64\u751f\u6700\u5927\u7684\u9a55\u50b2\u5c31\u662f\u6709\u4f60\u9019\u500b\u5152\u5b50"
        },
        {
            "reply_id": "UgwiDzfI8iUZiwv9SgZ4AaABAg",
            "reply_content": "\u53ef\u4ee5\u8ddf\u4f60\u52a0\u8cf4\u55ce"
        },
        {
            "reply_id": "UgwynHfpin4MZgPUQpZ4AaABAg",
            "reply_content": "\u662f\u8fd9\u79cd\u7ec4\u592a\u591a\u8b66\u5bdf\u5904\u7406\u4e0d\u5b8c"
        },
        {
            "reply_id": "UgxToMcZiXj9Dmkvc0t4AaABAg",
            "reply_content": "\u4f60\u771f\u7684\u597d\u68d2"
        },
        {
            "reply_id": "UgxDsOki9ofhBF9U1Ux4AaABAg",
            "reply_content": "\u4f60\u771f\u7684\u5f88\u68d2"
        },
        {
            "reply_id": "UgzM6gER97dgxxZ93C54AaABAg",
            "reply_content": "\u725b\u63b0"
        },
        {
            "reply_id": "UgzagqfiI317jUEbHqV4AaABAg",
            "reply_content": "\u5e79\u5f88\u597d\u7b11"
        },
        {
            "reply_id": "UgzA77QoF6-WVdo8MhR4AaABAg",
            "reply_content": "\u611f\u89ba\u9019\u500b\u4eba\u53ef\u80fd\u9047\u5230\u4e8b\u60c5"
        },
        {
            "reply_id": "UgykCTCgbPtPHLhijkJ4AaABAg",
            "reply_content": "\u545c\u545c"
        },
        {
            "reply_id": "UgxoeiJ5vLLdrUy7Y3F4AaABAg",
            "reply_content": "\u5c0d\u8a71\u771f\u7684\u8d85\u597d\u7b11"
        },
        {
            "reply_id": "UgzMgyT2g496w7TyJP14AaABAg",
            "reply_content": "\u5f88\u731b\u6b38\u9019\u6a23\u505a"
        },
        {
            "reply_id": "UgyKkLCJkA5ww5KX9iZ4AaABAg",
            "reply_content": "\u6211\u4e5f\u662f\u751f\u6d3b\u5728\u9a6c\u6765\u897f\u4e9a \u4ece\u6765\u6ca1\u60f3\u8fc7\u9a6c\u6765\u897f\u4e9a\u6709\u8fd9\u6837\u4e00\u9762"
        },
        {
            "reply_id": "Ugw2Buw2jVWpSdcoLVl4AaABAg",
            "reply_content": "\u8fd9\u79cd\u4e8b\u5728\u9a6c\u6765\u897f\u4e9a\u627e\u5356\u82b1\u515a\u5f20\u8001\u7237\u5c31\u53ef\u4ee5\u4e86\u3002"
        },
        {
            "reply_id": "Ugzb3bFLpev5tLDTzzJ4AaABAg",
            "reply_content": "\u771f\u662f\u6709\u5920\u5e74\u8f15\u5929\u771f\u4e0d\u77e5\u9053\u653f\u5e9c\u6a5f\u95dc\u7684\u6050\u6016\uff0c\u9019\u5c31\u662f\u4e0d\u77e5\u53f0\u7063\u653f\u5e9c\u7684\u6050\u6016\u624d\u5e79\u767c\u7247\uff0c\u4e0d\u50cf\u6211\u5929\u751f\u8166\u6b98\u88ab\u8feb\u5bb3\u4e94\u5341\u5e74\u90fd\u4e0d\u6562\u8b1b\u8a71"
        },
        {
            "reply_id": "UgzUvjUJ5B3a6hAf3uF4AaABAg",
            "reply_content": "\u5be6\u5728\u4e0d\u6309\u8b9a"
        },
        {
            "reply_id": "UgwBZX_fyW10kyXkzIB4AaABAg",
            "reply_content": "\u6211\u89ba\u5f97\u4ed6\u53c8\u88ab\u5a01\u8105\u4e86"
        },
        {
            "reply_id": "UgzfhQdTHEMwAsq8yDx4AaABAg",
            "reply_content": "\u9019\u793e\u6703\u9700\u8981\u4f60\u9019\u7a2e\u71b1\u5fc3\u5e6b\u52a9\u4eba\u7684\u4eba"
        }
    ]
}