{
    "video_info": {
        "id": "ILoPu0MDzQ4",
        "channelTitle": "\u597d\u68d2Bump",
        "title": "\u8b1d\u8b1d\u5927\u5bb6\uff01\u4e0a\u5343\u4eba\u585e\u7206\u591c\u5e02\uff01\u9999\u8178\u65241\u5929\u6de8\u8cfa\u6578\u842c\u5143\uff01\u3010\u597d\u68d2Bump\u3011",
        "description": "5/9\u865f\u611f\u8b1d\u9019\u9ebc\u591a\u4eba\u5230\u5834\u652f\u6301\uff0c\u5728\u75ab\u60c5\u8da8\u7de9\u4e4b\u524d\u8acb\u5927\u5bb6\u4e0d\u7528\u518d\u524d\u5f80\u591c\u5e02\u4e86\uff0c\u6211\u6703\u60f3\u9ede\u5176\u4ed6\u8fa6\u6cd5\u5e6b\u963f\u4f2f\u7684\u3002\n\n#\u5343\u4eba\u5230\u5834 #\u611f\u8b1d\u5927\u5bb6 #\u5237\u5ee3\u544a\u6d17\u9322\u56c9\n--------------------------------------------------------- \r\n\u4e0a\u4e00\u90e8\u5f71\u7247\u5e6b\u591c\u5e02\u963f\u4f2f\u8ce3\u9999\u8178\u9084\u4e00\u4efd\u60c5\uff01\u7576\u521d\u662f\u4f60\u9f13\u52f5\u6211\uff0c\u73fe\u5728\u63db\u6211\u56de\u4f86\u5e6b\u4f60\uff01\u3010\u597d\u68d2Bump\u3011https://youtu.be/Xv1AK1NdNmI\r\n\r\n\u8001\u5b50\u7684IG\uff1ahttps://bit.ly/2JqmmIq\r\n\u8001\u5b50\u7684FB\uff1ahttps://bit.ly/2s3pwwb",
        "likeCount": "27044",
        "commentCount": "1156",
        "viewCount": "838894"
    },
    "comments": [
        {
            "reply_id": "Ugy5bEr73QSxmPLu9aZ4AaABAg",
            "reply_content": "\u6211\u8a18\u5f97\u963f\u5317\u4e5f\u6709\u51fa\u73fe\u5728\u5426\u897f\u9952\u6cb3\u591c\u5e02\u90a3\u5f71\u7247"
        },
        {
            "reply_id": "UgyFwcrO0TdbMOnKXTx4AaABAg",
            "reply_content": "\u6524\u4f4d\u9084\u5728\u55ce"
        },
        {
            "reply_id": "UgztDvBylvBDtnLhsSh4AaABAg",
            "reply_content": "\u8acb\u554f\u4f60\u5011\u7684\u9999\u8178(\u6211\u4e5f\u662f\u505a\u751f\u610f\u7684\u6279\u767c\u50f9\u591a\u5c11\u9322\u5462"
        },
        {
            "reply_id": "UgwAWwEIOaNnobPCOhp4AaABAg",
            "reply_content": "\u60f3\u60f3\u771f\u7684\u6211\u4eec\u4e00\u8def\u8d70\u6765\uff0c\u9762\u5bf9\u75ab\u60c5\u6211\u4eec\u6bcf\u4e2a\u4eba\u90fd\u4f1a\u6709\u4e0d\u540c\u7684\u611f\u53d7\u548c\u9700\u8981\u627f\u53d7\u7684\u4e8b\u60c5\uff0c\u611f\u8c22\u4f60\u7684\u9633\u5149\u548c\u7231\u5fc3\u53bb\u5e2e\u52a9\u522b\u4eba"
        },
        {
            "reply_id": "Ugz9SwHa2X_ZISP2h3t4AaABAg",
            "reply_content": "\u7a81\u7136\u597d\u60f3\u5403\u9999\u8178"
        },
        {
            "reply_id": "Ugxgu3RabHaFsWmjZoV4AaABAg",
            "reply_content": "\u96f6\u590f\u591c\u5e02"
        },
        {
            "reply_id": "UgyFCke7AKwP8YwHkRx4AaABAg",
            "reply_content": "\u8b9a"
        },
        {
            "reply_id": "Ugwq4A78QvbkgksLUxF4AaABAg",
            "reply_content": "\u54c8\u54c8\u54c8\u54c8\u54c8\u54c8\u54c8"
        },
        {
            "reply_id": "UgwGtGmCQG_xWD9tIQx4AaABAg",
            "reply_content": "\u6bcf\u6b21\u5931\u53bb\u52c7\u6c23\u7684\u6642\u5019\u6211\u90fd\u6703\u518d\u6253\u958b\u9019\u7247"
        },
        {
            "reply_id": "UgzX50j7Y2bm8e5eVbd4AaABAg",
            "reply_content": ""
        },
        {
            "reply_id": "UgxnBnA3amTjfNbLSk94AaABAg",
            "reply_content": "\u4f60\u6700\u5f8c\u7684\u7d50\u8ad6 \u6c92\u60f3\u5230\u5e6b\u52a9\u4eba\u4e5f\u6703\u9047\u5230\u9019\u9ebc\u591a\u963b\u7919 \u61c9\u8a72\u6c92\u60f3\u5230\u5728\u4e4b\u5f8c\u66f4\u6df1\u523b\u7684\u9762\u5c0d\u9019\u4ef6\u4e8b\u60c5"
        },
        {
            "reply_id": "UgwwyRBeD27tueiNSBF4AaABAg",
            "reply_content": "\u6240\u4ee5\u8aaa\u70ba\u4ec0\u9ebc\u91cd\u64ad\u6700\u9ad8\u7684\u662f\u90a3\u500b\u6b63\u59b9\ud83e\udd23\u4e0d\u5f97\u4e0d\u8aaa\u8d85\u597d\u770b"
        },
        {
            "reply_id": "UgwLGvGP4OC_GT3zoEB4AaABAg",
            "reply_content": "\u8c6c\u5f88\u53ef\u6190\u5167"
        },
        {
            "reply_id": "UgzVXC0Zvo_XwH0cTTh4AaABAg",
            "reply_content": ""
        },
        {
            "reply_id": "UgwPXs8AnFOF7k3ZaNV4AaABAg",
            "reply_content": "\u4f60\u7684\u7238\u5abd\u628a\u4f60\u6559\u80b2\u7684\u975e\u5e38\u597d"
        },
        {
            "reply_id": "Ugxw6-ohzO8UuKLlTtZ4AaABAg",
            "reply_content": "\u539f\u672c\u4ee5\u4e3a\u4f60\u662f\u4e00\u4e2a\u5c41\u5b69\u6765\u7684\u7ed3\u679c\u770b\u5230\u4f60\u505a\u7684\u4e00\u5207"
        },
        {
            "reply_id": "Ugx66aJQJQaLmZSi0iB4AaABAg",
            "reply_content": "\u4e00\u5b9a\u8981\u52a0\u6cb9"
        },
        {
            "reply_id": "UgxMC5OXqSyFcBX4wC14AaABAg",
            "reply_content": "\u6211\u5c31\u662f\u9999\u8178\u963f\u8c9d"
        },
        {
            "reply_id": "UgymDmTGNS52yWE8Z6Z4AaABAg",
            "reply_content": "\u77e5\u9053\u611f\u6069\u7684\u4eba"
        },
        {
            "reply_id": "UgzreK78gz8gsisMPoB4AaABAg",
            "reply_content": "\u9913\u4e86"
        },
        {
            "reply_id": "UgxdvhMXwPFMyvD5Ujx4AaABAg",
            "reply_content": "\u8b9a"
        },
        {
            "reply_id": "UgywU-HQ6cNM9ktB4xJ4AaABAg",
            "reply_content": "\u6211\u4e5f\u60f3\u5403"
        },
        {
            "reply_id": "Ugw_20OXbpPyJ_cjzf14AaABAg",
            "reply_content": "\u4f60\u6703\u8d8a\u4f86\u8d8a\u7d05\u7684"
        },
        {
            "reply_id": "UgwmLjoM-o__pRaTFMp4AaABAg",
            "reply_content": "\u770b\u5230\u9019\u5f71\u7247\u809a\u5b50\u597d\u9913"
        },
        {
            "reply_id": "UgyRkBytYbzUaldwMg94AaABAg",
            "reply_content": "\u8ddf\u97d3\u5e02\u9577\u4e00\u6a23"
        }
    ]
}