{
    "video_info": {
        "id": "klDpsePovm0",
        "channelTitle": "\u597d\u68d2Bump",
        "title": "\u53d7\u5920\u4e86\uff01\u590f\u5929\u4e00\u76f4\u88ab\u87d1\u8782\u5687\u5230\u2026 \u57f9\u990a\u751f\u5316\u6b66\u5668\u5c55\u958b\u53cd\u64ca\uff01\u3010\u597d\u68d2Bump\u3011",
        "description": "\u590f\u5929\u5230\u4e86\u4e4b\u5f8c\u2026 \u5bb6\u88e1\u87d1\u8782\u771f\u7684\u7206\u591a\u2026 \u6211\u771f\u7684\u53d7\u5920\u4e86\u2026\n\n*\u3010\u623f\u88e1\u7121\u87d1 \u6bba\u87d1\u9b54\u7c92\u3011*\n\u7531\u512a\u8fea\u570b\u969b\u80a1\u4efd\u6709\u9650\u516c\u53f8\u6388\u6b0a\u62cd\u651d\n\u74b0\u7f72\u885b\u88fd\u5b57\u7b2c1963\u865f\n\u74b0\u85e5\u8ca9\u8ce3\u5b57\u7b2c63-179\u865f\n*\u8a73\u7d30\u4f7f\u7528\u65b9\u5f0f\u53ca\u554f\u984c\uff0c\u8acb\u53c3\u8003\u5404\u5927\u7db2\u7ad9\u5546\u54c1\u4ecb\u7d39*\n\n#\u7121\u6bd2\u4e0d\u4e08\u592b #\u9664\u87f2\u934a\u91d1\u8853 #\u7d42\u65bc\u6211\u6210\u70ba\u4e86\u87d1\u8782\u516c\u6575\n\n\u6210\u70ba\u9019\u500b\u983b\u9053\u7684\u6703\u54e1\u4e26\u7372\u5f97\u734e\u52f5\uff1a\nhttps://www.youtube.com/channel/UC7XxnhjdYjiQJ3m80K_N_4g/join\n\n--------------------------------------------------------- \n\u4e0a\u4e00\u90e8\u5f71\u7247 \u6211\u53bb\u6df1\u5c71\u5c0b\u5bf6\uff01\u6293\u8d85\u503c\u9322\u7684\u5de8\u5927\u8708\u86a3\u62ff\u53bb\u8ce3\uff01\u3010\u597d\u68d2Bump\u3011\u3010\u8708\u86a3\u934a\u91d1\u8853\u3011https://youtu.be/9F8V7TB5wCw\n\n\u8001\u5b50\u7684IG\uff1ahttps://bit.ly/2JqmmIq\n\u8001\u5b50\u7684FB\uff1ahttps://bit.ly/2s3pwwb",
        "likeCount": "21917",
        "commentCount": "1103",
        "viewCount": "1439479"
    },
    "comments": [
        {
            "reply_id": "UgyX1kU9eNtSy7us1EF4AaABAg",
            "reply_content": "\u6700\u597d\u770b\u7684\u5730\u65b9\u662f\u6293\u87d1\u8782"
        },
        {
            "reply_id": "UgwB8rwoO0w6Emblt-p4AaABAg",
            "reply_content": "\u597d\u68d2"
        },
        {
            "reply_id": "Ugy_FZrTzG-lxWHo7hd4AaABAg",
            "reply_content": "\u90a3\u500b\u87d1\u8782\u85e5\u662f\u860b\u679c\u9eb5\u5305\u53e3\u5473\u7684"
        },
        {
            "reply_id": "Ugz9I0gGYRFMQK2Ri6p4AaABAg",
            "reply_content": "\u8981\u5c0f\u5fc3\u5c0f\u670b\u53cb\u4e82\u5403"
        },
        {
            "reply_id": "UgzG0vaKzTpnT6yDkNZ4AaABAg",
            "reply_content": "\u914d\u5176\u4ed6\u984f\u8272\u6703\u8b8a\u91cf"
        },
        {
            "reply_id": "Ugxaze7eJWR6YN7qSVF4AaABAg",
            "reply_content": "\u4ee5\u5f8c\u6709\u9700\u8981\u6293\u87d1\u8782\u7684\u7247\u53ef\u4ee5\u76f4\u63a5\u627e\u6211\n\u6211\u53ef\u4ee5\u76f4\u63a5\u5f92\u624b\u5e6b\u4f60\u5011\u6293"
        },
        {
            "reply_id": "UgxTbd5y8mXTD3eqt-V4AaABAg",
            "reply_content": "\u725b"
        },
        {
            "reply_id": "UgzRb_P7lRz6JXvFC0t4AaABAg",
            "reply_content": "\u6709\u53ef\u80fd"
        },
        {
            "reply_id": "UgwBKVmnEnPGGvV_dyp4AaABAg",
            "reply_content": "\u725b\u903c"
        },
        {
            "reply_id": "UgwgI-y5UiPXfJSLLtx4AaABAg",
            "reply_content": "\u4f60\u8d8a\u8aaa\u6211\u8d8a\u61f7\u7591\u4f60\u662f\u6015\u87d1\u8782\uff0c\u6211\u4e5f\u6c92\u8aaa\u4f60\u662f\u6015\u87d1\u8782\u554a"
        },
        {
            "reply_id": "UgzkNDjLjNiK2Md2fyd4AaABAg",
            "reply_content": "\u6709"
        },
        {
            "reply_id": "UgyteAXg47-b-wVP8Il4AaABAg",
            "reply_content": "\u7b11\u6b7b"
        },
        {
            "reply_id": "UgzELfIhdsJxdGHloWd4AaABAg",
            "reply_content": "\u6c92\u7a7f\u62d6\u978b\u6c92\u7a7f\u896a\u5b50\u7684\u8a71\u8e29\u5230\u61c9\u8a72\u6703\u75db\u7206"
        },
        {
            "reply_id": "UgySlP4KV6c1pfuJ94R4AaABAg",
            "reply_content": "\u597d\u53ef\u6015\u4e09\u96bb\u6703\u98db\u7684\u87d1\u8782"
        },
        {
            "reply_id": "UgwDdAlCzlWTZmfo-1R4AaABAg",
            "reply_content": "\u7db2\u4e0a\u8aaa\u7684"
        },
        {
            "reply_id": "UgwK3RoHfNopVIk07q94AaABAg",
            "reply_content": "\u68cb\u9748\u738b\u90a3\u4e00\u53e5\u8d85\u597d\u7b11"
        },
        {
            "reply_id": "Ugy7BEESWCY7QJyEdhJ4AaABAg",
            "reply_content": "\u5bb6\u88e1\u6709\u990a\u5bf5\u7269\u7684\u4e0d\u80fd\u7528\u9019\u500b"
        },
        {
            "reply_id": "UgwNu2yMldomporSS7h4AaABAg",
            "reply_content": "\u4e0d\u5403\u4e0d\u559d\u53ef\u80fd\u53ef\u4ee5\u4e00\u500b\u6708\u4e0d\u6703\u6b7b\u6700\u5c11\u4e5f\u6709\u4e8c\u5341\u5e7e\u5929"
        },
        {
            "reply_id": "UgyFFgZFfmfpC1rQP_N4AaABAg",
            "reply_content": "\u4e0d\u6015\u9ad2\u8782\u7684\u4eba\u6c42\u4ea4\u5f80"
        },
        {
            "reply_id": "UgzHtSl8mJJbHx6Ab9B4AaABAg",
            "reply_content": "\u9019\u500b\u879e\u87fb\u4e5f\u53ef\u4ee5\u7528\u55ce"
        },
        {
            "reply_id": "UgxuOc34BRqKZSFzPwJ4AaABAg",
            "reply_content": "\u5c0d\u771f\u7684"
        },
        {
            "reply_id": "UgyuOzFtv_PI4YmxKkx4AaABAg",
            "reply_content": "\u4e2d\u56fd\u7814\u7a76\u5316\u89e3"
        },
        {
            "reply_id": "Ugxl3Oor3H2CcPRErFV4AaABAg",
            "reply_content": "\u6211\u5bb6\u662f\u78bc\u87fb"
        },
        {
            "reply_id": "Ugys2mx1kU3Sl6obDo54AaABAg",
            "reply_content": "\u4f60\u6bd4\u4e2d\u6307"
        },
        {
            "reply_id": "UgxH1pUtvZW3VP80Xgd4AaABAg",
            "reply_content": "\u795e\u5947\u7684\u6f14\u7b97\u6cd5\u628a\u6211\u5e36\u5230\u9019"
        }
    ]
}