{
    "video_info": {
        "id": "lEWMMMhzBOQ",
        "channelTitle": "\u597d\u68d2Bump",
        "title": "\u51b7\u8840\u7121\u60c5\u6642\u7684\u934a\u91d1\u8853\uff01\u628a\u54e1\u5de5\u9ad8\u50f9\u8ce3\u6389\uff01\u3010\u597d\u68d2Bump\u3011",
        "description": "\u70ba\u4e86\u5927\u5bb6\u7684\u672a\u4f86\u524d\u666f\uff01\n\u6211\u53ea\u597d\u72e0\u5fc3\u8ce3\u6389\u5927\u5bb6\u4e86\uff01\n\u7d55\u5c0d\u4e0d\u662f\u70ba\u9322\u7684\uff01\u7d55\u5c0d\u4e0d\u53ef\u80fd\u2026.\u5427\uff1f\n\n#\u5730\u7344\u8a13\u7df4 #\u91d1\u9322\u81f3\u4e0a #\u771f\u7684\u4e0d\u662f\u4f60\u5011\u60f3\u7684\u90a3\u6a23\n\n--------------------------------------------------------- \r\n\u4e0a\u4e00\u90e8\u5f71\u7247\u54c1\u5fb7\u6975\u5dee\uff01\u5077\u62cd\u7db2\u7d05\u79c1\u4e0b\u751f\u6d3b\u7d66\u5927\u5bb6\u770b\u2026.\uff01\u3010\u597d\u68d2Bump\u3011https://youtu.be/Sn66u9DXUnI\r\n\r\n\u8001\u5b50\u7684IG\uff1ahttps://bit.ly/2JqmmIq\r\n\u8001\u5b50\u7684FB\uff1ahttps://bit.ly/2s3pwwb",
        "likeCount": "15669",
        "commentCount": "1171",
        "viewCount": "812599"
    },
    "comments": [
        {
            "reply_id": "Ugy0ETt7skeXeXK1AUd4AaABAg",
            "reply_content": "\u53ef\u60e1\u81f3\u6975"
        },
        {
            "reply_id": "UgwqSD48MLH2x3yJhEh4AaABAg",
            "reply_content": "\u60f3\u77e5\u9053\u90a3\u4f4d\u88ab\u8cb7\u65b7\u7684\u73fe\u5728\u904e\u5f97\u600e\u9ebc\u6a23\u4e86"
        },
        {
            "reply_id": "UgxH_4cf3xeSjGr92KJ4AaABAg",
            "reply_content": "\u8cc7\u8cea"
        },
        {
            "reply_id": "Ugw3kY2QCK72fcTwlf14AaABAg",
            "reply_content": "\u6233\u5230\u7b11\u9ede\u4e86\u5566\u54c8\u54c8\u54c8"
        },
        {
            "reply_id": "UgxXi3U-6qi4cn0G4UJ4AaABAg",
            "reply_content": "\u597d\u8001\u95c6\u6211\u6c92\u9047\u904e\u9019\u9ebc\u597d\u7684\u8001\u95c6"
        },
        {
            "reply_id": "UgwXL9QfIZsAKzIFWQt4AaABAg",
            "reply_content": "\u597d\u60f3\u7576\u7247\u5e2b"
        },
        {
            "reply_id": "UgzR6AjYXSKjC03LHpB4AaABAg",
            "reply_content": "\u611f\u89ba\u548c\u4f60\u5de5\u4f5c\u6bcf\u5929\u90fd\u5f88\u958b\u5fc3"
        },
        {
            "reply_id": "Ugy3uZ_i6qY9_V72uf94AaABAg",
            "reply_content": "\u770b\u4ed6\u5011\u548c\u4f60\u5de5\u4f5c\u4f77\u5feb\u6a02"
        },
        {
            "reply_id": "UgxGwOHIBPQkWm95EeN4AaABAg",
            "reply_content": "\u4f60\u597d\u6709\u667a\u6167"
        },
        {
            "reply_id": "Ugy8Dd3yVCTYnJQO3xd4AaABAg",
            "reply_content": "\u932f\u662f\u8981\u6212\u6389\u5927\u9ebb"
        },
        {
            "reply_id": "UgxfFkxyXVzIc4rOYat4AaABAg",
            "reply_content": "\u4e4b\u5f8c\u53bb\u6551\u4e86\u88ab\u8ce3\u6389\u7684\u4eba"
        },
        {
            "reply_id": "Ugzp3g0mPdw18jbuWpl4AaABAg",
            "reply_content": "\u90a3\u500b\u66dd\u5e03\u6211\u53bb\u904e"
        },
        {
            "reply_id": "UgytD85efziA7BZDGtx4AaABAg",
            "reply_content": "\u5176\u5be6\u771f\u7684\u5f88\u591a\u4e8b\u90fd\u662f\u4e0d\u60f3\u8aaa\u7684"
        },
        {
            "reply_id": "Ugykev6BgQJNhD9Gxyd4AaABAg",
            "reply_content": "\u6211\u559c\u6b61\u90a3\u500b\u7247\u5e2b"
        },
        {
            "reply_id": "UgzwuD_EuXaTItHz6wJ4AaABAg",
            "reply_content": "\u7247\u5e2b\u6709\u6c92\u6709\u56de\u4f86\u4e86"
        },
        {
            "reply_id": "UgyCdTALzXOHkqnfa3p4AaABAg",
            "reply_content": "\u771f\u7684\u5047\u7684"
        },
        {
            "reply_id": "UgzE4J7sEZVRX0Nk90p4AaABAg",
            "reply_content": "\u9019\u500b\u54e1\u5de5\u597d\u53ef\u6190"
        },
        {
            "reply_id": "UgyvDguMdgBJscthe114AaABAg",
            "reply_content": "\u6211\u5d07\u62dc\u4f60"
        },
        {
            "reply_id": "UgxOtZNEyJOAfvHOFcR4AaABAg",
            "reply_content": "\u5929\u963f"
        },
        {
            "reply_id": "Ugz7hSvNhTiyyKa2d7R4AaABAg",
            "reply_content": "\u9019\u6c92\u4ec0\u9ebc\u5566\u4e4b\u524d\u5c31\u8ce3\u904e\u983b\u9053\u4e86"
        },
        {
            "reply_id": "UgxYpgjhwUT8LBdQmJR4AaABAg",
            "reply_content": "\u6b38\u8d85\u50cf\u7238\u5abd\u628a\u5c0f\u5b69\u4e1f\u5230\u91ce\u5916"
        },
        {
            "reply_id": "UgxxU0r5hCSyLsBYS6B4AaABAg",
            "reply_content": "\u6709\u4e00\u6bb5\u5730\u65b9\u662f\u6211\u5bb6\u9644\u8fd1\u6b38"
        },
        {
            "reply_id": "Ugytray-Oi9Oxgbb00B4AaABAg",
            "reply_content": "\u6211\u60f3\u4e0d\u51fa\u967d\u5230\u5e95\u591a\u9ebc\u7684\u6709\u9322"
        },
        {
            "reply_id": "Ugx-KplOTRWeLxvFLTZ4AaABAg",
            "reply_content": "\u9b5a\u7f38\u88dd\u4e0d\u4e0b\u653e\u5230\u5927\u6d77\u53bb\u5f88\u61c9\u8a72"
        },
        {
            "reply_id": "UgzQNtCmzKGFERXgM0F4AaABAg",
            "reply_content": "\u597d\u53ef\u6190"
        }
    ]
}