{
    "video_info": {
        "id": "OBv9Obcw3T4",
        "channelTitle": "\u597d\u68d2Bump",
        "title": "\u7528\u9748\u9b42\u4ea4\u63db\u5c0d\u9177\u70ab\u8a2d\u5c40\uff01\u5148\u73a9\u4ed6\u99ac\u5b50\uff01\u518d\u638f\u7a7a\u4ed6\u516c\u53f8\uff01\u3010\u597d\u68d2Bump\u3011@WACKYBOYS520",
        "description": "\u5f88\u96e3\u5f97\u7684\uff0c\u5c45\u7136\u6709\u4eba\u6562\u627e\u6211\u4e00\u8d77\u62cd\u7247\uff0c\u6211\u597d\u611f\u52d5\uff0c\u6211\u4e00\u5b9a\u8981\u597d\u597d\u8868\u73fe\ud83e\udd7a\n\n#\u8a2d\u5c40\u9177\u70ab #\u638f\u7a7a\u516c\u53f8 #\u6211\u6015\u4e86\u90a3\u500b\u5973\u751f\u4e86\n--------------------------------------------------------- \r\n\u4e0a\u4e00\u90e8\u5f71\u7247 \u5f71\u7247\u8d8a\u51fa\u8d8a\u6162\uff1f\u662f\u5426\u4e0d\u62cd\u7247\u4e86\uff1f\u8b1d\u8b1d\u5927\u5bb6\u652f\u6301\u6211\u5230\u73fe\u5728\uff01\u3010\u597d\u68d2Bump\u3011https://youtu.be/gKfy3YdjRxc\r\n\r\n\u8001\u5b50\u7684IG\uff1ahttps://bit.ly/2JqmmIq\r\n\u8001\u5b50\u7684FB\uff1ahttps://bit.ly/2s3pwwb",
        "likeCount": "20107",
        "commentCount": "809",
        "viewCount": "1637898"
    },
    "comments": [
        {
            "reply_id": "UgzrFIvC28-KHA8EJW94AaABAg",
            "reply_content": "\u9019\u6211\u570b\u5c0f\u7684\u5927\u6703\u821e"
        },
        {
            "reply_id": "UgyuJgU_IGKDrVRoFEB4AaABAg",
            "reply_content": "\u6211\u89ba\u5f97\u9177\u70ab\u6709\u9ede\u50cf\u96ea\u5154"
        },
        {
            "reply_id": "UgzL_rPxoR-L3UUzOrd4AaABAg",
            "reply_content": "\u8d85\u5c2c"
        },
        {
            "reply_id": "UgyY_WXM5WFkpyLu_kB4AaABAg",
            "reply_content": "\u53f0\u6e7e\u7684\u8282\u76ee\u771f\u662f\u4e71"
        },
        {
            "reply_id": "UgzGzzBHyfqF_gP4zpF4AaABAg",
            "reply_content": "\u597d\u50cf\u88ab\u9177\u70ab\u5b89\u6392\u7684\u54e1\u5de5\u8a2d\u8a08\u4e86"
        },
        {
            "reply_id": "Ugz5z6NQegw309hJ1sZ4AaABAg",
            "reply_content": "\u54c8\u54c8\u54c8"
        },
        {
            "reply_id": "UgypwVRjDqNGiBlUGD54AaABAg",
            "reply_content": "\u90a3\u5973\u8d85\u6c92\u6c34\u6e96"
        },
        {
            "reply_id": "Ugy6FEcal2lRzuoFi454AaABAg",
            "reply_content": "\u5e25\u5e25\u5e25"
        },
        {
            "reply_id": "UgwnjrU73aWwwAZOB4J4AaABAg",
            "reply_content": "\u57f9\u6839\u8b1b\u8a71\u597d\u9760\u5317"
        },
        {
            "reply_id": "UgxlvSgHYcIcMUWf1sN4AaABAg",
            "reply_content": "\u9019\u96c6\u597d\u9177"
        },
        {
            "reply_id": "UgweIuTJb6ybuBb3BEl4AaABAg",
            "reply_content": "\u90a3\u9996\u6b4c\u592a\u8a87\u5f35\u4e86"
        },
        {
            "reply_id": "Ugzp7UrpspTKXKq4jxp4AaABAg",
            "reply_content": "\u868c\u58f3"
        },
        {
            "reply_id": "UgwXFUniD3asY-1jBwV4AaABAg",
            "reply_content": "\u4f60\u662f\u868c\u58f3"
        },
        {
            "reply_id": "UgyPYUlHzeAD8BoRdy14AaABAg",
            "reply_content": "\u6211\u8981\u559d\u6ce2\u9738\u5976\u8336"
        },
        {
            "reply_id": "Ugy5VFYNkr6Bi9kjG0R4AaABAg",
            "reply_content": "\u54c7\u52d2\u68d2\u8cfd"
        },
        {
            "reply_id": "UgxwRVAyU9dEoSrCRGx4AaABAg",
            "reply_content": "\u90a3\u500b\u77ed\u9aee\u8aaa\u5167\u5c04\u5973\u751f\u662f\u8ab0\u58d3"
        },
        {
            "reply_id": "Ugz1rsGbpQ8KJ9sOLHJ4AaABAg",
            "reply_content": "\u62c6\u5bb6\u4e4b\u65c5"
        },
        {
            "reply_id": "UgwydMwOqSUTmoT0Q7R4AaABAg",
            "reply_content": "\u642c\u4eba\u5bb6\u516c\u4ed4\u771f\u7684\u4e0d\u597d\u7b11\n\u9177\u70ab\u6c92\u6709\u66b4\u8d70\u771f\u7684\u592a\u5f37\u4e86"
        },
        {
            "reply_id": "UgzeLB8wlmF4PEkq78R4AaABAg",
            "reply_content": "\u767c\u751f\u4ec0\u9ebc"
        },
        {
            "reply_id": "Ugzqmk_WJWZ2yx3fNGd4AaABAg",
            "reply_content": "\u6d77\u8cca\u738b"
        },
        {
            "reply_id": "UgxLbZtDGr7rnxeT4P94AaABAg",
            "reply_content": "\u591a\u7684\u662f\u6ca1\u5dee\u8fd9\u7c7b\u4eba\u6709\u4e00\u5929\u81ea\u98df\u6076\u679c\uff0c\u60f9\u5230\u4e0d\u8be5\u60f9\u7684\u5c31\u662f\u627e\u6b7b\u73b0\u4eca\u6ca1\u9047\u5230\u65e5\u5019\u6709\u4e00\u5929\u4f1a"
        },
        {
            "reply_id": "Ugz1CH4mCbWxhi_7qrl4AaABAg",
            "reply_content": "\u5509"
        },
        {
            "reply_id": "Ugz6CioaEQgjfnksWft4AaABAg",
            "reply_content": "\u597d\u5c2c"
        },
        {
            "reply_id": "Ugy-HyOh-k64tV4FLrd4AaABAg",
            "reply_content": "\u9019\u500b\u6b4c\u662f\u4e0d\u5982"
        },
        {
            "reply_id": "UgxurW9i1MX4Qg5iSNN4AaABAg",
            "reply_content": "\u8d85\u53ef\u611b\u7684\u7464\u7464"
        }
    ]
}