{
    "video_info": {
        "id": "opTOE66v-C0",
        "channelTitle": "\u597d\u68d2Bump",
        "title": "\u5b78\u751f\u88ab\u8a50\u9a19\u96c6\u5718\u6050\u5687\uff01\u6559\u80b2\u5c40\u9577\u7adf\u70ba\u4e86\u9019\u539f\u56e0\u6f20\u8996\u4e0d\u7406\u2026..\uff1f\u3010\u597d\u68d2Bump\u3011",
        "description": "\u9019\u4e00\u5e74\u4ee5\u4f86\u767c\u751f\u8a31\u591a\u7684\u4e8b\u60c5\uff0c\u611f\u89ba\u50cf\u4e0d\u53ea\u904e\u4e86\u4e00\u5e74\uff0c\u60f3\u8981\u8aaa\u7684\u8a71\uff0c\u90fd\u5728\u5f71\u7247\u4e2d\u4e86\uff0c\u5e0c\u671b\u5927\u5bb6\u80fd\u8a8d\u771f\u770b\u5b8c\uff0c\u975c\u5fc3\u601d\u8003\u3002\n\n#\u8a50\u9a19\u89e3\u78bc #\u6821\u5712\u6050\u5687 #\u674e\u7965\u8001\u5e2b\u6211\u771f\u7684\u4e0d\u80fd\u63a5\u53d7\u4f60\n--------------------------------------------------------- \r\n\u4e0a\u4e00\u90e8\u5f71\u7247\u6211\u73a9NFT\u904a\u6232\u8eba\u8cfa40\u5929\uff01\u9760\u9019\u62db\u624d\u80fd\u771f\u7684\u8cfa\u5230\u9322\uff1f\uff01\u5927\u5bb6\u5343\u842c\u5225\u5617\u8a66\uff01\u3010\u597d\u68d2Bump\u3011\u3010NFT\u904a\u6232\u934a\u91d1\u8853\u3011https://youtu.be/WISBeHVTnsQ\r\n\r\n\u8001\u5b50\u7684IG\uff1ahttps://bit.ly/2JqmmIq\r\n\u8001\u5b50\u7684FB\uff1ahttps://bit.ly/2s3pwwb",
        "likeCount": "37935",
        "commentCount": "2896",
        "viewCount": "842278"
    },
    "comments": [
        {
            "reply_id": "UgxDQpNF7A_K1-orRoB4AaABAg",
            "reply_content": ""
        },
        {
            "reply_id": "UgzpT-hoRnJSHTmJKqJ4AaABAg",
            "reply_content": "\u52a0\u6cb9"
        },
        {
            "reply_id": "Ugy68PbBuJayWFsAhCF4AaABAg",
            "reply_content": "\u8def\u9059\u77e5\u99ac\u529b"
        },
        {
            "reply_id": "UgyCDqucbl_JaeVG6Sx4AaABAg",
            "reply_content": "\u5f8c\u4f86\u5462"
        },
        {
            "reply_id": "UgxPtVG7IBFfJafz-CF4AaABAg",
            "reply_content": "\u5b9c\u5be7\u9ad8\u4e2d\u7684\u6821\u9577"
        },
        {
            "reply_id": "UgzjDJaTRIqS-B3kGK54AaABAg",
            "reply_content": "\u52a0\u6cb9"
        },
        {
            "reply_id": "UgyZOdRymyNANn2Y4Ot4AaABAg",
            "reply_content": "\u79c0\u5cf0\u6c92\u6709\u6b38"
        },
        {
            "reply_id": "UgwR52x0QXBdqtFK3xx4AaABAg",
            "reply_content": "\u662f\u674e\u7965\u8001\u5e2b\u8036"
        },
        {
            "reply_id": "UgzKJqMEHDNbiKgeCZZ4AaABAg",
            "reply_content": "\u54c8\u54c8\u54c8"
        },
        {
            "reply_id": "UgxnbPsHsi_PwJ9TOLp4AaABAg",
            "reply_content": "\u842c\u4e8b\u8d77\u982d\u96e3"
        },
        {
            "reply_id": "UgztK_VV7m7wNRkv9XR4AaABAg",
            "reply_content": "\u6211\u5011\u8001\u5e2b\u4e5f\u6709\u64ad\u7d66\u6211\u5011\u73ed\u770b"
        },
        {
            "reply_id": "UgyYW_ZrbAmm0rrlj714AaABAg",
            "reply_content": "\u9019\u4e0d\u662f\u5b9c\u5be7\u9ad8\u4e2d\u6821\u9577\u8ddf\u5b78\u7269\u963f\u73e0"
        },
        {
            "reply_id": "UgzdGuzN15JjA2--e694AaABAg",
            "reply_content": "\u52a0\u6cb9"
        },
        {
            "reply_id": "UgzP0zn9Q1e-l-pZ6Yp4AaABAg",
            "reply_content": "\u6211\u771f\u7684\u6eff\u5e0c\u671b\u7b2c\u4e00\u6b21\u88ab\u8a50\u9a19\u6642\u80fd\u770b\u5230\u4f60\u7684\u5f71\u7247\n\u5373\u4fbf\u90a3\u662f\u7b46\u5c0f\u9322\uff0c\u5c0d\u9084\u662f\u5b78\u751f\u7684\u6211\u4f86\u8aaa\u537b\u662f\u4e00\u500b\u9670\u5f71"
        },
        {
            "reply_id": "UgwSSfE6bstkxdImu1x4AaABAg",
            "reply_content": "\u522b\u7684\u4e0d\u8bf4\uff0c\u90a3\u6ee1\u53e3\u7684\u810f\u8bdd\u9002\u5408\u8ba9\u5b66\u6821\u64ad\u7ed9\u5b66\u751f\u770b\u5417"
        },
        {
            "reply_id": "UgxMBojdly9dElrzswl4AaABAg",
            "reply_content": "\u52a0\u6cb9"
        },
        {
            "reply_id": "UgwJMQbcCEZLQKCQrAV4AaABAg",
            "reply_content": "\u8f9b\u82e6\u4e86"
        },
        {
            "reply_id": "UgwCHKKVkN8LfkVPHEd4AaABAg",
            "reply_content": "\u4e0d\u8981\u7ba1\u90a3\u4e9b\u9ed1\u7c89\u7684\u5c0d\u4f60\u7684\u7559\u8a00\u597d\u597d\u505a\u81ea\u5df1\u52a0\u6cb9\uff01"
        },
        {
            "reply_id": "Ugzj8m61qabdkkPFchd4AaABAg",
            "reply_content": "\u975e\u5e38\u611f\u8b1d"
        },
        {
            "reply_id": "UgxcwgcFx6c7iL4pXnN4AaABAg",
            "reply_content": "\u7530\u4e2d\u9ad8\u4e2d\u6709\u8981\u53bb\u55ce"
        },
        {
            "reply_id": "UgwwmBdPRwS0z4oK27l4AaABAg",
            "reply_content": "\u7db2\u7d05\u5728\u505a\u653f\u5e9c\u8981\u505a\u7684\u4e8b\uff0c\u653f\u5e9c\u537b\u53ea\u6703\u505a\u7db2\u7d05\u5728\u505a\u7684\u4e8b"
        },
        {
            "reply_id": "UgxP-kFm61S5K9d4_rd4AaABAg",
            "reply_content": "\u4e0a\u4f4d\u8005\u53ea\u60f3\u5b89\u7a69\u7684\u9818\u9000\u4f11\u91d1\u6839\u672c\u4e0d\u89ba\u5f97\u81ea\u5df1\u9700\u8981\u591a\u4f5c\u4ec0\u9ebc"
        },
        {
            "reply_id": "Ugx-Q-9sNWy_18YAiVp4AaABAg",
            "reply_content": "\u611f\u8b1d\u4f60\u5c0d\u793e\u6703\u7684\u4ed8\u51fa"
        },
        {
            "reply_id": "UgyUboul647gK06bEfx4AaABAg",
            "reply_content": "\u6211\u53f0\u4e2d\u6b38"
        },
        {
            "reply_id": "Ugx1xaNUHMTKd98hneJ4AaABAg",
            "reply_content": "\u8b93\u4eba\u5f88\u611f\u52d5"
        }
    ]
}