{
    "video_info": {
        "id": "PCUN0htj_SQ",
        "channelTitle": "\u597d\u68d2Bump",
        "title": "\u6211\u624b\u6a5f\u9001\u4fee\u7adf\u88ab\u5077\u958b\u76f8\u7c3f\u8cc7\u6599\uff01\uff1f\u76f4\u885d\u5e97\u5bb6\u7576\u9762\u5c0d\u8cea\uff01\u3010\u597d\u68d2Bump\u3011",
        "description": "\u624b\u6a5f\u62ff\u53bb\u9001\u4fee\u5176\u5be6\u6709\u5f88\u591a\u98a8\u96aa\uff0c\u5927\u5bb6\u4fee\u624b\u6a5f\u4e4b\u524d\u771f\u7684\u8981\u5148\u60f3\u6e05\u695a\u3002\n\n#\u624b\u6a5f\u7dad\u4fee\u98a8\u96aa #\u5bc6\u78bc\u4e0d\u8981\u4e82\u7d66 #\u8ddf\u8e64\u5230\u6210\u529f\u70ba\u6b62\n\n\u6210\u70ba\u9019\u500b\u983b\u9053\u7684\u6703\u54e1\u4e26\u7372\u5f97\u734e\u52f5\uff1a\nhttps://www.youtube.com/channel/UC7XxnhjdYjiQJ3m80K_N_4g/join\n\n--------------------------------------------------------- \r\n\u4e0a\u4e00\u90e8\u5f71\u7247 \u7528\u4ea4\u53cb\u8edf\u9ad4\u627e\u5305\u990a\uff01\u7adf\u7136\u771f\u7684\u6709\u963f\u59e8\u7d04\u6211\u51fa\u53bb\u8a66\u8a66....\uff1f\u3010\u597d\u68d2Bump\u3011\u3010\u5305\u990a\u934a\u91d1\u8853\u3011https://youtu.be/x7zqPw6LJrw\n\n\u8001\u5b50\u7684IG\uff1ahttps://bit.ly/2JqmmIq\r\n\u8001\u5b50\u7684FB\uff1ahttps://bit.ly/2s3pwwb",
        "likeCount": "25201",
        "commentCount": "2000",
        "viewCount": "1673012"
    },
    "comments": [
        {
            "reply_id": "UgyXPJhyGsYwsx9NHdV4AaABAg",
            "reply_content": "\u5148\u8a02\u95b1\u4ee5\u514d\u88ab\u6253"
        },
        {
            "reply_id": "UgwlK0LlY9w0iy3zGL94AaABAg",
            "reply_content": "\u9047\u5230\u4f60\u9019\u7a2e\u4eba\u771f\u7684\u5f88\u8870\uff0c\u5e0c\u671b\u4e0b\u6b21\u4f60\u505a\u932f\u4e8b\u60c5\u4eba\u5bb6\u4e5f\u9019\u6a23\u5c0d\u5f85\u4f60"
        },
        {
            "reply_id": "UgwuewZqsQkS1Q1GXvJ4AaABAg",
            "reply_content": "\u53ef\u662f\u4f60\u4fee\u624b\u6a5f\u6642\u5c0d\u65b9\u4e00\u5b9a\u6703\u8ddf\u4f60\u8981\u5bc6\u78bc\u963f\uff0c\u4ed6\u6703\u8aaa\u8981\u6e2c\u8a66\u529f\u80fd\u6b63\u4e0d\u6b63\u5e38\uff0c\u800c\u4e14\u88ab\u5099\u4efd\u9019\u4ef6\u4e8b\u5728\u600e\u9ebc\u53bb\u60f3\u4e5f\u7d55\u5c0d\u7121\u89e3\uff0c\u53ea\u80fd\u7948\u79b1\u5c0d\u65b9\u4e0d\u6562\u4e82\u641e\u800c\u5df2"
        },
        {
            "reply_id": "UgwU8Ti0Hrjo7sgjDnh4AaABAg",
            "reply_content": "\u708e\u4e9e\u7db8"
        },
        {
            "reply_id": "UgyVltKzmm_PQlCQAbx4AaABAg",
            "reply_content": "\u6709\u88ab\u5bb3\u5984\u60f3\u75c7\u5427"
        },
        {
            "reply_id": "Ugya7VjdL0PN8Yk8UVR4AaABAg",
            "reply_content": "\u89ba\u5f97\u53bb\u860b\u679c\u539f\u5ee0\u7dad\u4fee\u6703\u6bd4\u8f03\u5b89\u5168\u5427"
        },
        {
            "reply_id": "Ugxo8uqTVyAxyVM7cTB4AaABAg",
            "reply_content": "\u4fee\u624b\u6a5f\u4ee5\u5f8c\u53ef\u4ee5\u627e\u4ed6\u4e86"
        },
        {
            "reply_id": "Ugz1VTyK1ROUTMud0aZ4AaABAg",
            "reply_content": "\u6f58\u6735\u62c9\u7684\u76d2\u5b50"
        },
        {
            "reply_id": "UgxwKCOaPnsd9cLhDCF4AaABAg",
            "reply_content": "\u81ea\u5df1\u591a\u616e\u4e86\u9084\u5728\u90a3\u908a\u5c41\u8a71"
        },
        {
            "reply_id": "UgxLzz3Yk7UkTMUUV1d4AaABAg",
            "reply_content": "\u7528\u7a7a\u62cd\u6a5f\u963f"
        },
        {
            "reply_id": "Ugx1_xZxoCojfPxY4AB4AaABAg",
            "reply_content": "\u53ea\u6709\u88ab\u5bb3\u904e\u624d\u6703\u90a3\u9ebc\u5c0f\u5fc3"
        },
        {
            "reply_id": "Ugw5sKh3oKY3OcBI1qF4AaABAg",
            "reply_content": "\u539f\u5ee0\u771f\u7684\u6700\u5b89\u5168"
        },
        {
            "reply_id": "Ugw7NFf4zx7bA93FJVB4AaABAg",
            "reply_content": "\u898b\u6613\u4f60\u53bb\u98a8\u5143\u9ed1\u76d2\u5b50\u624b\u6a5f\u96fb\u8166\u7dad\u4fee\u4e2d\u5fc3"
        },
        {
            "reply_id": "Ugzo9qpgguqHebUJ_Xx4AaABAg",
            "reply_content": "\u54ea\u5bb6\u5e97\u516c\u4f48\u51fa\u4f86"
        },
        {
            "reply_id": "UgxyJeULqireGxnkfO94AaABAg",
            "reply_content": "\u5c0f\u516d\u5c0f\u516d\u5c0f\u516d"
        },
        {
            "reply_id": "Ugx9EUUZq8Big15Me1B4AaABAg",
            "reply_content": "\u54c8\u54c8\u54c8\u54c8\u54c8\u54c8\u54c8"
        },
        {
            "reply_id": "Ugz7optO8ylegJW6JWZ4AaABAg",
            "reply_content": "\u8ddf\u8e64\u5c31\u4e0d\u5c0d\u4e86\u5427"
        },
        {
            "reply_id": "UgxdwUEke_VFXJJOR7l4AaABAg",
            "reply_content": "\u8acb\u554f\u8981\u600e\u6a23\u53ef\u4ee5\u77e5\u9053\u624b\u6a5f\u6709\u6c92\u6709\u88ab\u88dd\u76e3\u63a7\u4ec0\u9ebc\u7684\u5462"
        },
        {
            "reply_id": "UgwtF7xUXMVWox3mLb94AaABAg",
            "reply_content": "\u4ed6\u662f\u4e0d\u662f\u6770\u54e5"
        },
        {
            "reply_id": "UgynirrvnIOCH7jKOed4AaABAg",
            "reply_content": "\u6211\u5b81\u613f\u82b1\u94b1\u4e70\u65b0\u7684\u624b\u673a\u90fd\u7edd\u5bf9\u4e0d\u4f1a\u628a\u624b\u673a\u4ea4\u7ed9\u7ef4\u4fee\u670d\u52a1\u5668\u7684\u4eba\u3002\u56e0\u4e3a\u7ef4\u4fee\u7535\u8bdd\u4eba\u5458\u662f\u4f1a\u61c2\u5f97\u5f00\u4eba\u5bb6\u79c1\u5bc6\u7167\u5077\u4e1c\u897f\u6216\u662f\u8d44\u6599\u7684\u3002\u6240\u4ee5\u5e0c\u671b\u5927\u5bb6\u4ee5\u540e\u4e0d\u8981\u7535\u8bdd\u574f\u4e86\u4e3a\u4e86\u7701\u94b1\u62ff\u53bb\u7ef4\u4fee\u76f4\u63a5\u53bb\u4e70\u65b0\u7684\u6362\u4e86\u5c31\u597d\u3002"
        },
        {
            "reply_id": "Ugwlk1u-ZrX0VCTlyKV4AaABAg",
            "reply_content": "\u90a3\u6700\u597d\u4e86\u554a\u4e2d\u56fd\u4eba\u6ca1\u6709\u9690\u79c1\u65e9\u5c31\u88ab\u5356\u51fa\u53bb\u4e86"
        },
        {
            "reply_id": "UgwaArg3TBu-2XUxOup4AaABAg",
            "reply_content": "\u624b\u6a5f\u5e97\u7684\u5fd8\u8a18\u8d85\u591a"
        },
        {
            "reply_id": "UgxyOxAhscQEJu-8w714AaABAg",
            "reply_content": "\u5e72\u561b\u4e0d\u53bb\u82f9\u679c\u7684\u4e13\u5356\u5e97\u53bb\u7ef4\u4fee\uff1f\u53bb\u90a3\u4e9b\u4e71\u4e03\u516b\u7cdf\u7684\u79c1\u4eba\u5c0f\u5e97\u5f88\u5371\u9669\u7684"
        },
        {
            "reply_id": "Ugx7opH5bj-uzLklySp4AaABAg",
            "reply_content": "\u7b11\u4e86\u8acb\u5403\u98ef\u4e86"
        },
        {
            "reply_id": "UgyZQ5Yx4sekURlNNN14AaABAg",
            "reply_content": "\u6709\u4e9b\u5e97\u5bb6\u9084\u5077\u8a18\u61b6\u5361\u5217"
        }
    ]
}