{
    "video_info": {
        "id": "PyF7qlayEfw",
        "channelTitle": "\u597d\u68d2Bump",
        "title": "\u7537\u751f\u8acb\u5c0f\u5fc3\uff01Gash\u9ede\u6578\u3001\u8996\u8a0a\u88f8\u804a\u3001\u7db2\u7f8e\u7d04\u611b\uff01\u901a\u901a\u662f\u6050\u5687\u578b\u8a50\u9a19\uff01\u3010\u597d\u68d2Bump\u3011\u3010\u8a50\u9a19\u89e3\u78bc\u3011",
        "description": "\u8272\u5b57\u982d\u4e0a\u4e00\u628a\u5200\uff0c\u5404\u4f4d\u5144\u5f1f\u4e0d\u8981\u518d\u7528\u5c0f\u982d\u63a7\u5236\u5927\u982d\u4e86\u3002\n\n#\u8a50\u9a19\u89e3\u78bc #\u60c5\u8272\u9a19\u5c40 #\u9ea5\u64f1\u9a19\u554a\n\n--------------------------------------------------------- \r\n\u4e0a\u4e00\u90e8\u5f71\u7247\u3010\u8a50\u9a19\u89e3\u78bc\u3011\u4eba\u90fd\u88ab\u7d81\u67b6\u4e86\u2026 \u653f\u5e9c\u5b98\u54e1\u7adf\u9084\u6f20\u8996\u4e0d\u7406\u3001\u7f54\u9867\u4eba\u547d\uff01\uff1f\u3010\u597d\u68d2Bump\u3011https://youtu.be/Z5AhgQPQz9M\r\n\r\n\u8001\u5b50\u7684IG\uff1ahttps://bit.ly/2JqmmIq\r\n\u8001\u5b50\u7684FB\uff1ahttps://bit.ly/2s3pwwb",
        "likeCount": "42378",
        "commentCount": "2238",
        "viewCount": "1720185"
    },
    "comments": [
        {
            "reply_id": "Ugxv8qLIDnXS40gp8qh4AaABAg",
            "reply_content": "\u6211\u4e5f\u4e2d"
        },
        {
            "reply_id": "Ugz8vhGosE6jqWMU4mB4AaABAg",
            "reply_content": "\u5be6\u884c\u570b\u5bb6\u6050\u6016\u4e3b\u7fa9\n\u767c\u73fe\u6d77\u5916\u64da\u9ede\u5c31\u4e0b\u4ee4\u4e2d\u83ef\u6c11\u570b\u7a7a\u8ecd\u8f5f\u70b8"
        },
        {
            "reply_id": "UgyvwG8a6E2iAL1od7l4AaABAg",
            "reply_content": "\u8272\u5b57\u5934\u4e0a\u4e00\u628a\u5200"
        },
        {
            "reply_id": "UgxEApFTGMLiW-6NLCR4AaABAg",
            "reply_content": "\u771f\u4e0d\u77e5\u9053\u83dc\u82f1\u6587\u653f\u5e9c\u9084\u6709\u4ec0\u9ebc\u9ce5\u7528"
        },
        {
            "reply_id": "UgxE63Q2OUS0paX_fdh4AaABAg",
            "reply_content": "\u6211\u4e4b\u524d\u7576\u725b\u6717\u9732\u68d2\u68d2\u8aaa\u8981\u7d66\u9322\u7d50\u679c\u6c92\u6709\uff0c\u9084\u55c6\u8aaa\u4e0d\u7d66\u9322\u5c31\u516c\u5e03\u6211\u7684\u68d2\u68d2"
        },
        {
            "reply_id": "UgyE0Ci2KPt6JFcr8wN4AaABAg",
            "reply_content": "\u6211\u4e4b\u524d\u7576\u725b\u6717\u9732\u68d2\u68d2\u8aaa\u8981\u7d66\u9322\u7d50\u679c\u6c92\u6709\uff0c\u9084\u55c6\u8aaa\u4e0d\u7d66\u9322\u5c31\u516c\u5e03\u6211\u7684\u68d2\u68d2"
        },
        {
            "reply_id": "Ugy2HF7aF1RdA91HrM54AaABAg",
            "reply_content": "\u5e0c\u671b\u6709\u4eba\u80fd\u5e6b\u89e3\u7b54"
        },
        {
            "reply_id": "UgyL8gVJXr8DqnmPK-94AaABAg",
            "reply_content": "\u63a8\u7279\u8d85\u591a\u53eb\u4eba\u4e0b\u8f09\u9019\u5169\u500b\u7db2\u7ad9\u7136\u5f8c\u5c31\u6d88\u5931 \u4e0d\u77e5\u9053\u76ee\u7684\u662f\u751a\u9ebc"
        },
        {
            "reply_id": "UgyAbF3xWPGAyGblRSR4AaABAg",
            "reply_content": "\u53ea\u80fd\u8aaa\u6703\u88ab\u9019\u9ebc\u778e\u7684\u5287\u60c5\u8a50\u9a19\u7684\u4eba\u771f\u7684\u90fd\u662f\u8001\u5be6\u4eba\u22ef\u548c\u7576\u4e0b\u7cbe\u87f2\u4e0a\u8166"
        },
        {
            "reply_id": "UgyobbGyZzTfB78Qmmx4AaABAg",
            "reply_content": "\u6211\u4eec\u5927\u9646\u8fd9\u8fb9\u5df2\u7ecf\u5f00\u59cb\u6293\u4e86"
        },
        {
            "reply_id": "UgzRxO2T-2NTrv405714AaABAg",
            "reply_content": "\u6240\u4ee5\u5c31\u662f\u57fa\u672c\u8d95\u5feb\u5c01\u9396\u4ed6\u9019\u6a23\u63a5\u8457\u4e0d\u7406\u4ed6\u9019\u6a23\u5c31\u597d\u4e86\u662f\u55ce"
        },
        {
            "reply_id": "UgwHaXloIfI4gG-21TN4AaABAg",
            "reply_content": "\u611f\u8b1d\u5206\u4eab"
        },
        {
            "reply_id": "Ugznx2OB57joADh5PUx4AaABAg",
            "reply_content": "\u8b1d\u8b1d\u6211\u77e5\u9053\u4e86"
        },
        {
            "reply_id": "UgzwXxgU_xyxBA6-58Z4AaABAg",
            "reply_content": "\u4eba\u4eba\u827e\u71d2\u5e79"
        },
        {
            "reply_id": "Ugy2M91IyRoqsecAbel4AaABAg",
            "reply_content": "\u767c\u73fe\u5b78\u751f\u90fd\u5f88\u8272"
        },
        {
            "reply_id": "UgwJr3NbZQ-17ZU1o3J4AaABAg",
            "reply_content": "\u5f88\u6709\u7528\u7684\u9632\u9a19\u8996\u983b"
        },
        {
            "reply_id": "Ugxm34umN47k8ZaICgJ4AaABAg",
            "reply_content": "\u611f\u8b1d\u6c11\u9032\u9ee8\u5b89\u5c45\u6a02\u696d"
        },
        {
            "reply_id": "UgygonWrtVA0tCRlqRp4AaABAg",
            "reply_content": "\u4f60\u53bb\u505a\u6b63\u7fa9\u4e8b"
        },
        {
            "reply_id": "UgyL1ZnBNlbTAgT2epR4AaABAg",
            "reply_content": "\u90a3\u9019\u6a23\u771f\u7684\u4e0d\u662f\u5f88\u597d"
        },
        {
            "reply_id": "UgyMDTRZ1yHgYP0p0Y94AaABAg",
            "reply_content": "\u70ba\u4ec0\u9ebc\u4e0d\u8981\u7528\u5c0f\u982d\u63a7\u5236"
        },
        {
            "reply_id": "UgwiUPSUFExixFv-3Hd4AaABAg",
            "reply_content": "\u5e0c\u671b\u9019\u90e8\u5f71\u7247\u53ef\u4ee5\u8b93\u66f4\u591a\u4eba\u770b\u5230"
        },
        {
            "reply_id": "UgzCiJobsGwDf2J4gkd4AaABAg",
            "reply_content": "\u9047\u5230\u5831\u8b66\u8ffd\u56de\u6a5f\u6703\u591a\u5927"
        },
        {
            "reply_id": "Ugw1cwWRhjUNtk5FQtN4AaABAg",
            "reply_content": "\u6b7b\u8a50\u9a19\u9047\u5230\u88ab\u8eca\u649e"
        },
        {
            "reply_id": "Ugzskn7tBF3DQXDeoOR4AaABAg",
            "reply_content": "\u8c22\u8c22\u4f60\u6211\u51e0\u4e4e\u90fd\u770b\u5b8c\u5f88\u591a\u4f60\u7684\u89c6\u9891"
        },
        {
            "reply_id": "UgzUvL7GnoR9n-igDEV4AaABAg",
            "reply_content": "\u4f60\u8bf4\u7684\u90fd\u5bf9\u6211\u4e00\u5207\u90fd\u89c1\u8fc7\u7ecf\u5386\u4e86\u4ece\u6cf0\u56fd\u7684\u6700\u540e\u6211\u628a\u4ed6\u4eec\u62c9\u9ed1\u6050\u5413\u7684\u4e5f\u6709"
        }
    ]
}