{
    "video_info": {
        "id": "Qbqd73Mkm8o",
        "channelTitle": "\u597d\u68d2Bump",
        "title": "\u7576\u5929\u7afa\u9f20\u8eca\u8eca\u83ab\u540d\u7206\u7d05\u6642\u7684\u934a\u91d1\u8853\uff01\u3010\u597d\u68d2Bump\u3011",
        "description": "\u5929\u7afa\u9f20\u8eca\u8eca\u7d05\u4ec0\u9ebc\u6211\u662f\u4e0d\u77e5\u9053\uff0c\u4f46\u6211\u662f\u505a\u51fa\u4e86\u4e00\u53f0\u6b7b\u8001\u9f20\u8eca\u8eca\u3002\n\n\u8ce3\u8eca\u627e\u98db\u8eca\u806f\u76df\nhttps://bit.ly/3bcQyUL\n\n#\u5929\u7afa\u9f20\u8eca\u8eca #\u8eca\u982d\u6539\u88dd #\u6263\u724c\u88ab\u6263\u4e862\u842c\u54ed\u54ed\n\n\u6210\u70ba\u9019\u500b\u983b\u9053\u7684\u6703\u54e1\u4e26\u7372\u5f97\u734e\u52f5\uff1a\nhttps://www.youtube.com/channel/UC7XxnhjdYjiQJ3m80K_N_4g/join\n\n--------------------------------------------------------- \r\n\u4e0a\u4e00\u90e8\u5f71\u7247 \u6211\u900f\u904e\u901a\u9748\u4eba\u8207\u904e\u4e165\u5e74\u7684\u8001\u7238\u5c0d\u8a71.... \u6700\u5f8c\u7684\u9053\u5225\u3002\u3010\u597d\u68d2Bump\u3011 https://youtu.be/2Pqw2VdLTpM\n\n\u8001\u5b50\u7684IG\uff1ahttps://bit.ly/2JqmmIq\r\n\u8001\u5b50\u7684FB\uff1ahttps://bit.ly/2s3pwwb",
        "likeCount": "6811",
        "commentCount": "349",
        "viewCount": "493347"
    },
    "comments": [
        {
            "reply_id": "UgxV32qSaI34rIh2NNN4AaABAg",
            "reply_content": "\u54c8\u54c8\u88ab\u8b66\u5bdf\u6514\u4e0b"
        },
        {
            "reply_id": "UgwoZwEBz7raVOgirMd4AaABAg",
            "reply_content": "\u90a3\u8981\u600e\u9ebc\u52a0\u6cb9"
        },
        {
            "reply_id": "Ugy7Z_il8FJPNvl9kZF4AaABAg",
            "reply_content": "\u8eca\u982d\u518d\u639b\u4e00\u500b\u7167\u7247\u5c31\u662f\u5929\u7afa\u9f20\u9748\u8eca"
        },
        {
            "reply_id": "Ugwa22NKFFxIw_eunj14AaABAg",
            "reply_content": "\u52de\u8d16"
        },
        {
            "reply_id": "Ugwbdz7HL0BRbhegZk94AaABAg",
            "reply_content": "\u524d\u9762\u7528\u73bb\u7483\u7d19"
        },
        {
            "reply_id": "Ugzej-lqoHseYtM8vIJ4AaABAg",
            "reply_content": "\u6d3b\u50cf\u53f0\u9748\u8eca"
        },
        {
            "reply_id": "UgyDBehhFZsdOw8T8sl4AaABAg",
            "reply_content": "\u4f60\u6562\u958b\u51fa\u53bb\u55ce\u54c8\u54c8"
        },
        {
            "reply_id": "Ugw4R9U13gSZebsABAJ4AaABAg",
            "reply_content": "\u6709\u9ede\u50cf\u9748\u8eca"
        },
        {
            "reply_id": "UgwXmw94lctlsiFXfGt4AaABAg",
            "reply_content": "\u5e7e\u6b21\u4e86"
        },
        {
            "reply_id": "Ugx3vSep-nCTmwfSYtZ4AaABAg",
            "reply_content": "\u61c2\u522a\u6b38"
        },
        {
            "reply_id": "UgxzBbyuHk_18pjs6Cd4AaABAg",
            "reply_content": "\u958b\u982d\u548c\u62b1\u6b49\u8072\u660e\u7684\u8863\u670d\u4e00\u6a23"
        },
        {
            "reply_id": "UgxUdaXcuNzBOCmnQBB4AaABAg",
            "reply_content": "\u600e\u9ebc\u6709\u9ede\u50cf\u8a08\u7a0b\u8eca"
        },
        {
            "reply_id": "UgxunOQNHkFcg39UPNN4AaABAg",
            "reply_content": "\u5e0c\u671b\u53ef\u4ee5\u62cd\u6709\u95dc\u96c5\u99ac\u905c\u96fb\u5546\u5230\u5e95\u662f\u4e0d\u662f\u80fd\u8cfa\u9322"
        },
        {
            "reply_id": "UgwE6T_CwPdQcVSZ6z54AaABAg",
            "reply_content": "\u99d5\u99db\u5ea7\u90a3\u908a\u7684\u5074\u9762\u5f35\u7684\u50cf\u9748\u8eca"
        },
        {
            "reply_id": "UgyYn0DHpphW8LNIts94AaABAg",
            "reply_content": "\u662f\u5411\u5c0f\u65bd\u6c7d\u8eca\u81f4\u656c\u561b"
        },
        {
            "reply_id": "UgwCVT1_mZwcqBuOJsp4AaABAg",
            "reply_content": "\u8b9a"
        },
        {
            "reply_id": "UgxGz0RW6GpOtHiSPwh4AaABAg",
            "reply_content": "\u597d\u53ef\u611b"
        },
        {
            "reply_id": "UgwRnk4aLq6VE2xyDl54AaABAg",
            "reply_content": "\u6709\u70b9\u5e9f\u7247\u7684\u6210\u5206\u4e86"
        },
        {
            "reply_id": "UgwfWVB1XnCVnKFSYkl4AaABAg",
            "reply_content": "\u8ce3\u5df4\u62c9"
        },
        {
            "reply_id": "UgxG2IX9A7yBW9JXflV4AaABAg",
            "reply_content": "\u662f\u4e0d\u662f\u8cb6\u503c\u4e86"
        },
        {
            "reply_id": "UgwBK8QhEK_svUuP7v14AaABAg",
            "reply_content": "\u4e0d\u904e\u9019\u6a23\u6539\u7684\u8a71\u5c31\u4e0d\u9700\u8981\u64d4\u5fc3\u585e\u8eca\u554f\u984c\u4e86\u554a"
        },
        {
            "reply_id": "UgzDOlKWiAgPFThYDLB4AaABAg",
            "reply_content": "\u597d\u50cf\u9748\u8eca"
        },
        {
            "reply_id": "UgzHEoByDh0WlHDZrXF4AaABAg",
            "reply_content": "\u96e3\u602a\u6709\u4e00\u5929\u56de\u5bb6\u6574\u689d\u8def\u90fd\u662f\u5f37\u7acb\u81a0\u7684\u5473\u9053\uff0c\u539f\u4f86\u662f\u4f60\u5011"
        },
        {
            "reply_id": "Ugw2tj4QCEhicKNAnVZ4AaABAg",
            "reply_content": "\u5167\u88dd\u6539\u7c89\u8272\u7684"
        },
        {
            "reply_id": "UgxQUtQXbN-okKEtXa14AaABAg",
            "reply_content": "\u5c0f\u65bd\u6c7d\u8eca\u90a3\u53f0\u5929\u7afa\u9f20\u6bd4\u8f03\u597d\u770b"
        }
    ]
}