{
    "video_info": {
        "id": "R-OpmOeb5ng",
        "channelTitle": "\u597d\u68d2Bump",
        "title": "\u9084\u5e36\u98a8\u5411\uff1f\u5973\u4eba\u8ff7\u4f60\u5230\u5e95\u5920\u4e86\u6c92\uff1f\u3010\u597d\u68d2Bump\u3011",
        "description": "\u5f9e\u4eca\u4ee5\u5f8c\u8ab0\u518d\u5e36\u98a8\u5411\u4f86\u60e1\u610f\u91dd\u5c0d\uff0c\u6211\u90fd\u4e0d\u6703\u518d\u7b11\u7b11\u7576\u6c92\u4e8b\u3002\n\u4fb5\u6b0a\u4e8b\u4ef6\u61f6\u4eba\u5305\uff1ahttps://bit.ly/38CBvmS\n\n#\u7d55\u4e0d\u59d1\u606f #\u7b49\u59b3EMAIL #\u4f86\u9ede\u706b\u85e5\u5473\n--------------------------------------------------------- \n\u4e0a\u4e00\u90e8\u5f71\u7247\u7576\u6b63\u59b9\u4f4f\u6211\u5bb6\u4e00\u665a\u6642\u7684\u934a\u91d1\u8853\uff01\u3010\u597d\u68d2Bump\u3011https://youtu.be/pjdXm5qUIRQ\n\n\u8001\u5b50\u7684IG\uff1ahttps://bit.ly/2JqmmIq\n\u8001\u5b50\u7684FB\uff1ahttps://bit.ly/2s3pwwb",
        "likeCount": "14409",
        "commentCount": "1276",
        "viewCount": "686339"
    },
    "comments": [
        {
            "reply_id": "UgyPWstiwerOeSsmduh4AaABAg",
            "reply_content": "\u4f60\u5c31\u662f\u9019\u6642\u5019\u958b\u59cb\u88ab\u70cf\u9d09\u5229\u7528\u4e86\u3002\u70cf\u9d09\u73fe\u5728\u641e\u5230\u81ea\u5df1\u773e\u53db\u89aa\u96e2"
        },
        {
            "reply_id": "Ugw8k3uq1ZLPLP73FkJ4AaABAg",
            "reply_content": "\u54c8\u54c8\u54c8\u54c8\u54c8\u54c8\u54c8"
        },
        {
            "reply_id": "Ugz6pSCptdHEOMHHWD94AaABAg",
            "reply_content": "\u597d\u723d\u5594\u5c24\u5176\u662f\u6700\u5f8c\u7684\u6536\u5c3e\uff0c\u6c92\u6709\u6388\u6b0a\u7684\u5077\u76dc\u4ed4\u5c31\u662f\u8a72\u544a"
        },
        {
            "reply_id": "UgwmxYMOfIvVUEC1Ow94AaABAg",
            "reply_content": "\u8acb\u4e0d\u8981\u8ddf\u9019\u4e9b\u8a18\u8005\u8a08\u8f03\n\u56e0\u70ba\u4ed6\u5011\u8166\u888b\u5929\u751f\u5c31\u6709\u6d1e"
        },
        {
            "reply_id": "UgzdeHh5E1913bN0s8R4AaABAg",
            "reply_content": "\u53c8\u56de\u5230\u719f\u6089\u7684\u5ec1\u6240"
        },
        {
            "reply_id": "Ugyg_Ydyb5q17ECu2Jl4AaABAg",
            "reply_content": "\u54c8\u54c8"
        },
        {
            "reply_id": "Ugz32-EPC4zII2ydHJx4AaABAg",
            "reply_content": "\u5e25"
        },
        {
            "reply_id": "UgwXd5lZHx4isUgr_Yt4AaABAg",
            "reply_content": "\u8acb\u554f\u90a3\u90e8\u5f71\u7247\u9084\u5728\u55ce"
        },
        {
            "reply_id": "Ugxl7ibktpI4MyOmdU54AaABAg",
            "reply_content": "\u662f\u99ac\u4fdd\u570b\u55ce"
        },
        {
            "reply_id": "UgyQLAlq7pFK6k4kvNF4AaABAg",
            "reply_content": "\u60f3\u7576\u521d\u4ed6\u6709\u9b0d\u5b50"
        },
        {
            "reply_id": "UgwTSEkf5M--76wZhiJ4AaABAg",
            "reply_content": "\u600e\u9ebc\u525b\u597d\u662f\u6211\u751f\u65e5"
        },
        {
            "reply_id": "UgzUxxLysNi-m8Ao8R94AaABAg",
            "reply_content": "\u5973\u6b0a\u81ea\u52a9\u9910"
        },
        {
            "reply_id": "Ugwuf2EJgDc5FduPDjt4AaABAg",
            "reply_content": "\u6211\u4e5f\u6709\u4f60\u624b\u4e0a\u7684\u90a3\u4e00\u96bb\u72d7\u72d7\u800c\u4e14\u662f\u5c0f\u7684"
        },
        {
            "reply_id": "UgzVqXLTULufLxUQjId4AaABAg",
            "reply_content": "\u72d7\u90a3\u4e00\u6bb5\u76f4\u63a5\u7b11\u5674"
        },
        {
            "reply_id": "Ugwtkg3KMZBwvAwL7XR4AaABAg",
            "reply_content": "\u597d\u5594\u8b1d\u8b1d\u4f60"
        },
        {
            "reply_id": "Ugz8qR0YRmztVrIMbb94AaABAg",
            "reply_content": "\u544a\u6b7b\u4ed6\u5011\u5973\u4eba\u8ff7"
        },
        {
            "reply_id": "Ugxoo9ySkS_lcwm1za94AaABAg",
            "reply_content": "\u4f60\u5abd\u525b\u597d\u5728\u6211\u751f\u65e5\u90a3\u5929"
        },
        {
            "reply_id": "UgyOkrGBJS9GUgyouBt4AaABAg",
            "reply_content": "\u5509\u554a\u5973\u62f3\u5718\u9ad4\u90a3\u4e9b\u5973\u4eba\u5df2\u7d93\u662f\u90aa\u6559\u652f\u6301\u8005\uff0c\u4e0d\u662f\u6240\u6709\u5973\u4eba\u90fd\u662f\u9019\u6a23\u7684"
        },
        {
            "reply_id": "UgxoSBu5uMs_lWb6khh4AaABAg",
            "reply_content": "\u5973\u4eba\u8ff7\u8d85\u591a\u5973\u6b0a\u81ea\u52a9\u9910\u601d\u60f3\u7684\u6587\u7ae0"
        },
        {
            "reply_id": "Ugy5Pp3DUmbmYoHPCxR4AaABAg",
            "reply_content": "\u6211\u6709\u8ddf\u4f60\u4e00\u6a23\u7684\u526a\u5200\u6b38"
        },
        {
            "reply_id": "Ugy3zJGJ5TzVUwwHui14AaABAg",
            "reply_content": "\u5973\u4eba\u4e0d\u6241\u4e0d\u4e56"
        },
        {
            "reply_id": "UgyaDOGr5icWL8QGq_54AaABAg",
            "reply_content": "\u9019\u5c31\u662f\u5973\u62f3\u4e3b\u7fa9\u554a"
        },
        {
            "reply_id": "UgyjaBb06TryVd4N5ot4AaABAg",
            "reply_content": "\u5feb\u56de\u4f86\u60f3\u4f60\u4e86"
        },
        {
            "reply_id": "UgyAGStcR2_qj7Ac2XJ4AaABAg",
            "reply_content": "\u597d\u4e45\u6c92\u767c\u7247\u4e86"
        },
        {
            "reply_id": "Ugx2Ik3V7W0RV4mJDQd4AaABAg",
            "reply_content": "\u6211\u7684\u751f\u65e5"
        }
    ]
}