{
    "video_info": {
        "id": "RkY0dIppwPY",
        "channelTitle": "\u597d\u68d2Bump",
        "title": "\u6211\u9047\u5230\u4e86\u96fb\u5546\u8a50\u9a19\u96c6\u5718\uff01\u8ca8\u5230\u4ed8\u6b3e\u8ce3\u5047\u8ca8\uff01\u5831\u8b66\u7adf\u4e5f\u6c92\u7528\uff01\uff1f\u3010\u597d\u68d2Bump\u3011",
        "description": "\u5927\u5bb6\u81ea\u5df1\u6ce8\u610f\u4e00\u4e0b \n\u4e0d\u8981\u518d\u88ab\u9a19\u4e86.....\n\u7136\u5f8c\u6211\u597d\u4e45\u6c92\u767c\u7247\uff0c\n\u6d41\u91cf\u597d\u4f4e\uff0c\u6211\u662f\u5783\u573e\u3002\n\n#\u96fb\u5546\u8a50\u9a19 #\u5831\u8b66\u7121\u6548 #\u6211\u7684\u9322\u6c92\u4e86\n--------------------------------------------------------- \r\n\u4e0a\u4e00\u90e8\u5f71\u7247\u6211\u53bb\u53c3\u52a0\u9152\u7cbe\u5fae\u7a4d\u5206\u5927\u8cfd\uff01\u7adf\u6253\u6557\u53f0\u5927\u7269\u7406\u7cfb\uff01\uff1f\u723d\u8cfa5000\u5143\uff01\u3010\u597d\u68d2Bump\u3011\u3010\u5fae\u7a4d\u5206\u934a\u91d1\u8853\u3011https://youtu.be/M_LRdT-RF5I\r\n\r\n\u8001\u5b50\u7684IG\uff1ahttps://bit.ly/2JqmmIq\r\n\u8001\u5b50\u7684FB\uff1ahttps://bit.ly/2s3pwwb",
        "likeCount": "16501",
        "commentCount": "1306",
        "viewCount": "1103369"
    },
    "comments": [
        {
            "reply_id": "UgyoYH0y0nVDfjmlTe94AaABAg",
            "reply_content": "\u4eba\u6027\u5230\u982d\u4f86\u53ea\u6709\u9a19\uff0c\u9019\u4e9b\u4eba\u6b8a\u4e0d\u77e5\u82e6\u96e3\u7684\u5730\u7344\u7b49\u5728\u4ed6\u5011\u524d\u65b9"
        },
        {
            "reply_id": "UgwvKdvPCa8nox3bjel4AaABAg",
            "reply_content": "\u7b49\u7b49\u6240\u4ee5\u67d3\u9aee\u818f\u6700\u5f8c\u53ef\u4ee5\u7528\u55ce \u770b\u5f71\u7247\u6700\u5f8c\u984f\u8272\u6709\u8b8a\u6b38"
        },
        {
            "reply_id": "UgwvQWZJoAqCvzmySn94AaABAg",
            "reply_content": "\u6211\u807d\u5230\u5ba2\u670d\u5598\u6c23\u7684\u8072\u97f3"
        },
        {
            "reply_id": "UgwEcWwgEX8UMI-EOOx4AaABAg",
            "reply_content": "\u9664\u4e86\u4f7f\u7528\u7b2c\u4e09\u65b9\u5e73\u53f0\u4ee5\u5916\u7684\u5730\u65b9\u90fd\u5225\u8cb7"
        },
        {
            "reply_id": "Ugz0M9IZV7GgPeYbxhZ4AaABAg",
            "reply_content": "\u900f\u8996\u773c\u93e1\u771f\u7684\u6703\u7b11\u6b7b"
        },
        {
            "reply_id": "Ugz6ka9koFuzXLJgprt4AaABAg",
            "reply_content": "\u8981\u67d3\u982d\u9aee\u9084\u662f\u7d66\u5916\u9762\u7684\u67d3\u4e5f\u4e0d\u6703\u8667\u9322"
        },
        {
            "reply_id": "UgydmBu0R0RC5of9qax4AaABAg",
            "reply_content": "\u5b85\u6025\u4fbf\u597d\u50cf\u662f\u53ef\u4ee5\u7533\u8acb\u8a50\u9a19\u9000\u6b3e\u7684 \u53ea\u662f\u8981\u53bb\u7db2\u7ad9\u7533\u8acb"
        },
        {
            "reply_id": "Ugxrq7vWKKOx8CA7GF14AaABAg",
            "reply_content": "\u8ca8\u904b\u5c31\u662f\u8ca0\u8cac\u904b\u9001\u800c\u5df2"
        },
        {
            "reply_id": "Ugx3VwJl9Vf5OjvNgS94AaABAg",
            "reply_content": "\u600e\u9ebc\u6700\u8fd1\u90fd\u6c92\u6709\u4f60\u7684\u76f4\u64ad\u4e86\u5462"
        },
        {
            "reply_id": "UgzIS5yQSaur3IfeP1B4AaABAg",
            "reply_content": "\u60f3\u7576\u521d\u6211\u5976\u8336\u8272\u4e0d\u7528\u6f02\u4e00\u67d3\u76f4\u63a5\u4e0a\u9084\u7dad\u6301\u534a\u5e74\u591a"
        },
        {
            "reply_id": "UgypMSSa35X-DdrIME94AaABAg",
            "reply_content": "\u90a3\u500b\u8766\u76ae\u4e0a\u5e7e\u767e\u584a\u800c\u5df2\u54c8\u54c8\u54c8"
        },
        {
            "reply_id": "UgwL8CLjDH1AjN3NqXx4AaABAg",
            "reply_content": "\u6771\u897f\u771f\u7684\u6703\u5bc4\u4f86\uff0c\u4f46\u662f\u8ddf\u5ee3\u544a\u520a\u767b\u7684\u5b8c\u5168\u4e0d\u4e00\u6a23"
        },
        {
            "reply_id": "UgxiIckdY2_Rx3aidMZ4AaABAg",
            "reply_content": "\u9023\u5be6\u9ad4\u5546\u5e97\u4e5f\u4e0d\u898b\u5f97\u8cb7\u5230\u771f\u8ca8\uff0c\u4f46\u5be6\u9ad4\u5546\u5e97\u88ab\u6aa2\u8209\u6bd4\u8f03\u6709\u55ae\u4f4d\u53ef\u4ee5\u53bb\u73fe\u5834\u67e5"
        },
        {
            "reply_id": "UgzlMYOipOg1mE29tI14AaABAg",
            "reply_content": "\u5305\u88dd\u8ddf\u7522\u54c1\u61c9\u8a72\u6709\u7559\u6307\u7d0b"
        },
        {
            "reply_id": "UgxaxPep6K2s4X9cO7d4AaABAg",
            "reply_content": "\u90a3\u9322\u5230\u6700\u5f8c\u6709\u5230\u8a50\u9a19\u7684\u8eab\u4e0a\u55ce"
        },
        {
            "reply_id": "Ugyjb0KBh-8Qm3d6wZN4AaABAg",
            "reply_content": "\u4e0d\u932f"
        },
        {
            "reply_id": "UgyhQcQrtXtoFbdAx5d4AaABAg",
            "reply_content": "\u5c31\u662f\u4e00\u76f4\u63a8\u5378\u8cac\u4efb"
        },
        {
            "reply_id": "Ugwi2FTRmTKdrjMwq9p4AaABAg",
            "reply_content": "\u6c92\u6709\u96d9\u6c27\u4e73\u6c92\u8fa6\u6cd5\u67d3"
        },
        {
            "reply_id": "Ugx8ctSVXQ00dQe8dP54AaABAg",
            "reply_content": "\u5982\u679c\u771f\u7684\u4e0d\u884c\u5176\u5be6\u53ef\u4ee5\u958b\u526f\u672c\u53ef\u662f\u98a8\u96aa\u6703\u5f88\u5927\u56e0\u70ba\u5982\u679c\u4ed6\u5011\u770b\u5230\u4f60\u958b\u4ed6\u5011\u7684\u526f\u672c\u4ed6\u5011\u662f\u53ef\u4ee5\u544a\u4f60\u5230\u9019\u662f\u6211\u4e4b\u524d\u8981\u958b\u526f\u672c\u7684\u6642\u5019\u53bb\u67e5\u7684"
        },
        {
            "reply_id": "UgwlwDZAZbDK62dKKmx4AaABAg",
            "reply_content": "\u4f60\u5f88\u68d2"
        },
        {
            "reply_id": "UgwMeejCzy5W_-fPzA14AaABAg",
            "reply_content": "\u8d85\u904e\u5206"
        },
        {
            "reply_id": "Ugz6GdvvoxchbmXnkEF4AaABAg",
            "reply_content": "\u6700\u7d42\u767c\u73fe\u662f\u812b\u9aee\u5291"
        },
        {
            "reply_id": "Ugy_E6Q6Ri_8cUjNK_l4AaABAg",
            "reply_content": "\u9019\u7a2e\u5927\u9678\u5305\u88f9\u627e\u4ee3\u7406\u5546\u8655\u7406\uff0c\u6b3e\u9805\u5728\u4e00\u500b\u79ae\u62dc\u5167\u90fd\u5728\u4ed6\u5011\u90a3\u908a\uff0c\u4e4b\u524d\u5c31\u662f\u900f\u904e\u9019\u6a23\u8ffd\u56de\u4f86\u7684"
        },
        {
            "reply_id": "UgzWzinQ-5tniKxIHyZ4AaABAg",
            "reply_content": "\u63a8"
        },
        {
            "reply_id": "UgyWNzvR3pdmwFnbVBZ4AaABAg",
            "reply_content": "\u8ca8\u904b\u516c\u53f8\u672c\u4f86\u5c31\u53ea\u6709\u8ca0\u8cac\u9001\u8ca8\u5440\n\u8cb7\u5230\u5047\u8ca8\u662f\u8ce3\u5bb6\u554f\u984c\u597d\u55ce"
        }
    ]
}