{
    "video_info": {
        "id": "s1GbXKbvOxM",
        "channelTitle": "\u597d\u68d2Bump",
        "title": "\u6211\u79df\u5230\u4e00\u9593\u8d85\u721b\u7684\u65b0\u5bb6\uff01\u4f60\u662f\u8a2d\u8a08\u623f\u5b50\u9084\u662f\u8a2d\u8a08\u6211....\uff1f\u3010\u597d\u68d2Bump\u3011",
        "description": "\u4eca\u5929\u6c92\u4ec0\u9ebc\uff0c\u5c31\u8056\u8a95\u7bc0\u5206\u4eab\u6211\u7684\u65b0\u5bb6\u7d66\u5927\u5bb6\u7b11\u4e00\u4e0b\u3002\n\n#32\u5ea6\u71b1\u6c34\u6fa1 #\u6b67\u8996\u77ee\u5b50\u7684\u9580 #\u5171\u4eab\u7384\u95dc\n\n\u6210\u70ba\u9019\u500b\u983b\u9053\u7684\u6703\u54e1\u4e26\u7372\u5f97\u734e\u52f5\uff1a\nhttps://www.youtube.com/channel/UC7XxnhjdYjiQJ3m80K_N_4g/join\n\n--------------------------------------------------------- \r\n\u4e0a\u4e00\u90e8\u5f71\u7247 \u8e22\u7206\uff01\u96fb\u4fe1\u7e8c\u7d04\u5077\u52a0\u5f71\u97f3\u670d\u52d9\uff01\uff1f\u9580\u5e02\u8cb7IPhone\u9084\u88ab\u4e82\u52a0\u50f9\uff01\uff1f\u3010\u597d\u68d2Bump\u3011\u3010\u9000\u6b3e\u934a\u91d1\u8853\u3011https://youtu.be/4vx454_tq24\r\n\r\n\u8001\u5b50\u7684IG\uff1ahttps://bit.ly/2JqmmIq\r\n\u8001\u5b50\u7684FB\uff1ahttps://bit.ly/2s3pwwb",
        "likeCount": "23034",
        "commentCount": "1782",
        "viewCount": "1213168"
    },
    "comments": [
        {
            "reply_id": "UgzwKJZp1Q350Hq29G54AaABAg",
            "reply_content": "\u6211\u89ba\u5f97\u6709\u4e9b\u4eba\u56de\u623f\u9593\u6703\u5fd8\u4e86\u95dc\u5ba2\u5ef3\u7684\u71c8\u4f46\u5f88\u61f6\u5c31\u53ef\u4ee5\u76f4\u63a5\u5728\u623f\u9593\u95dc\u71c8\u4f46\u5982\u679c\u9019\u6a23\u5012\u4e0d\u5982\u76f4\u63a5\u628a\u5ba2\u5ef3\u958b\u95dc\u8a2d\u8a08\u5728\u5e8a\u65c1\u908a"
        },
        {
            "reply_id": "UgxcbA_BmLfqnu5cpNd4AaABAg",
            "reply_content": "\u5982\u679c\u4f60\u5728\u623f\u9593\u5fd8\u8a18\u95dc\u5ba2\u5ef3\u71c8\u4e0d\u7528\u5728\u8d70\u5230\u5ba2\u5ef3\uff0c\u61f6\u4eba\u5c08\u7528"
        },
        {
            "reply_id": "UgypcB_ktbPY_WP3SHt4AaABAg",
            "reply_content": "\u9019\u500b\u96fb\u8def\u5e2b\u7236\u8ddf\u795e\u4e00\u6a23"
        },
        {
            "reply_id": "UgzXEhYn3VLlE-DKuL14AaABAg",
            "reply_content": "\u6574\u8831\u5c08\u5bb6"
        },
        {
            "reply_id": "UgxExhjsj4pnZrN-4xF4AaABAg",
            "reply_content": "\u5408\u7406\u7684\u89e3\u91cb\u5c31\u662f\u5c4b\u4e3b\u5f88\u6015\u9ed1\u6c92\u958b\u71c8\u8d70\u4e0d\u4e86"
        },
        {
            "reply_id": "UgxezOtdNQDqXMnLZsZ4AaABAg",
            "reply_content": "\u6709\u6c92\u6709\u4e00\u7a2e\u53ef\u80fd\u5408\u5f0f\u7684\u9396\u5728\u4e0a\u9762\u6216\u662f\u4e0b\u9762"
        },
        {
            "reply_id": "UgzZt6QrfDNX9K97MAh4AaABAg",
            "reply_content": "\u53e4\u9748\u7cbe\u602a\u5bb6"
        },
        {
            "reply_id": "UgwBtM3OHAXWNr8dbPV4AaABAg",
            "reply_content": "\u5176\u5be6\u90a3\u500b\u5408\u9069\uff0c\u56db\u500b\u9580\u90fd\u662f\u53ef\u4ee5\u9396\u53ea\u662f\u4f60\u770b\u4e0d\u5230\u4ed6\u5728\u4e0b\u9762"
        },
        {
            "reply_id": "UgxIkY74Rtu-fahoSBt4AaABAg",
            "reply_content": "\u6211\u61f7\u7591\u9322\u8cb4\u5728\u71c8\u4e0a"
        },
        {
            "reply_id": "UgzXHWHu2_A52qypWBF4AaABAg",
            "reply_content": "\u5c0d\u8b1b\u6a5f\u662f\u600e\u6a23"
        },
        {
            "reply_id": "Ugw283GEFkv_tLelWil4AaABAg",
            "reply_content": "\u9673\u660e\u901a\u6559\u4ed6\u7684"
        },
        {
            "reply_id": "Ugydk1H2KWi3DpME8CN4AaABAg",
            "reply_content": "\u5973\u751f\u662f\u4e4b\u524d\u53cd\u9aa8\u7684\u5e55\u5f8c\u55ce"
        },
        {
            "reply_id": "Ugw1-OwzQYRsyfv3lwN4AaABAg",
            "reply_content": "\u9019\u500b\u623f\u5b51\u5927\u624d"
        },
        {
            "reply_id": "UgyBoVjo4XhpklflJjN4AaABAg",
            "reply_content": "\u90a3\u500b\u9396\u5be6\u5728\u662f\u592a\u8352\u5510\u4e86"
        },
        {
            "reply_id": "UgzDTrctkpToYiD9u1t4AaABAg",
            "reply_content": "\u9760\u8170\u5927\u7b11"
        },
        {
            "reply_id": "Ugyuk7gCxSPKdFQOElB4AaABAg",
            "reply_content": "\u795d\u4f60\u6709\u500b\u65b0\u5bb6"
        },
        {
            "reply_id": "UgxLDmsKbwMpdrRfcWZ4AaABAg",
            "reply_content": "\u8a2d\u8a08\u7684\u592a\u597d\u5c31\u6015\u79df\u5ba2\u4f4f\u592a\u4e45\uff0c\u8d8a\u4e0d\u65b9\u4fbf\u8d8a\u597d\u63db\u623f\u5ba2"
        },
        {
            "reply_id": "UgxG_RZOKvS_JBvtL1d4AaABAg",
            "reply_content": "\u7b11\u6b7b\u6211\u4e86\u600e\u4e48\u4f1a\u6709\u8fd9\u79cd\u623f\u5b50\u96be\u602a\u623f\u4e1c\u81ea\u5df1\u4e0d\u4f4f\u54c8\u54c8\u54c8\u54c8"
        },
        {
            "reply_id": "Ugwpn_XdqRfBq7N6VYF4AaABAg",
            "reply_content": "\u6211\u6703\u88ab\u9019\u623f\u5b50\u7b11\u6b7b"
        },
        {
            "reply_id": "Ugw1YEwHMECUvkpc_IB4AaABAg",
            "reply_content": "\u53cd\u4eba\u985e"
        },
        {
            "reply_id": "UgwXS8BUjfYFShA__S94AaABAg",
            "reply_content": "\u7b11\u6b7b"
        },
        {
            "reply_id": "UgyLeIO2J9vl6gyj5Gd4AaABAg",
            "reply_content": "\u9019\u7a2e\u7384\u95dc\u7c21\u76f4\u626f\u7206"
        },
        {
            "reply_id": "UgzBfxFe5dD2IKKqHeV4AaABAg",
            "reply_content": "\u9019\u96c6\u771f\u7684\u5f88\u597d\u7b11"
        },
        {
            "reply_id": "UgxeozAvmXxQbV2wpxp4AaABAg",
            "reply_content": "\u597d\u50cf\u4e5f\u90fd\u6c92\u7a97\u6236"
        },
        {
            "reply_id": "UgynAfV5aD7irdcdlEd4AaABAg",
            "reply_content": "\u8a2d\u8a08\u6211\u7b11\u6b7b"
        }
    ]
}