{
    "video_info": {
        "id": "SMFjtFbiCFY",
        "channelTitle": "\u597d\u68d2Bump",
        "title": "\u7528YT\u5feb\u901f\u8cfa\u9032\u767e\u842c\uff01\u516c\u958b\u79d8\u8a23\uff01\u3010\u597d\u68d2Bump\u3011\u3010\u983b\u9053\u934a\u91d1\u8853\u3011",
        "description": "\u4e00\u76f4\u6709\u5f88\u591a\u4eba\u79c1\u8a0a\u6211\u600e\u9ebc\u7d93\u71dfYT\u983b\u9053\uff0c\u5404\u7a2e\u5927\u5927\u5c0f\u5c0f\u7684\u554f\u984c\uff0c\u4eca\u5929\u4e7e\u8106\u505a\u4e00\u96c6\u4e00\u6b21\u56de\u61c9\u5504\u3002\n\n\u60e1\u9b54\u9632\u6454\u6bbc\u8010\u6454\u53c8\u6297\u6c61\u9084\u6709\u7121\u6bd2\u8a8d\u8b49\n\u624b\u6a5f\u6bbc\u8a66\u8863\u9593 https://reurl.cc/xGGyGV\n\n#\u4e7e\u8ca8\u5206\u4eab #\u5feb\u901f\u8cfa\u767e\u842c #\u4e0d\u8981\u518d\u554f\u4e86\u5148\u7167\u8457\u505a\u505a\u770b\u5504\n\n\u6210\u70ba\u9019\u500b\u983b\u9053\u7684\u6703\u54e1\u4e26\u7372\u5f97\u734e\u52f5\uff1a\nhttps://www.youtube.com/channel/UC7XxnhjdYjiQJ3m80K_N_4g/join\n\n--------------------------------------------------------- \r\n\u4e0a\u4e00\u90e8\u5f71\u7247\r\n\r\n\u8001\u5b50\u7684IG\uff1ahttps://bit.ly/2JqmmIq\r\n\u8001\u5b50\u7684FB\uff1ahttps://bit.ly/2s3pwwb",
        "likeCount": "8296",
        "commentCount": "507",
        "viewCount": "368558"
    },
    "comments": [
        {
            "reply_id": "Ugwy0kjGjEMZHz-lsIR4AaABAg",
            "reply_content": "\u9760\u5317\u9019\u96bb\u7247\u4e5f\u592a\u5c11\u4eba\u770b\u4e86"
        },
        {
            "reply_id": "Ugy2Lff8ynl1rhS9BkV4AaABAg",
            "reply_content": "\u611f\u6069"
        },
        {
            "reply_id": "Ugzm1k08YiKEh3XQFil4AaABAg",
            "reply_content": "\u54c8\u54c8\u54c8\u54c8\u54c8\u54c8\u54c8"
        },
        {
            "reply_id": "Ugx7FKRXEHdK64KmH054AaABAg",
            "reply_content": "\u63a8\u7206"
        },
        {
            "reply_id": "UgzJ39T-6XcMUYmFSgh4AaABAg",
            "reply_content": "\u8b1d\u8b1d\u7121\u79c1\u5206\u4eab"
        },
        {
            "reply_id": "UgzI_kDVeNnK3--Edxp4AaABAg",
            "reply_content": "\u7a4e\u6fe4"
        },
        {
            "reply_id": "Ugxv7boggIeguQleqM94AaABAg",
            "reply_content": "\u525b\u525b\u4ee5\u70ba\u9ede\u9032\u8001\u9ad8\u7684\u5f71\u7247"
        },
        {
            "reply_id": "UgyaAZGjk3A4K-xFIp54AaABAg",
            "reply_content": "\u7d66\u6211\u9322"
        },
        {
            "reply_id": "Ugyou_9rEOHbe1hCgb54AaABAg",
            "reply_content": "\u6211\u53ea\u662f\u62cd\u5a1b\u6a02\u7684"
        },
        {
            "reply_id": "UgxpybrRSueS9wUOY4R4AaABAg",
            "reply_content": "\u597d\u68d2\u68d2"
        },
        {
            "reply_id": "Ugxdv_9VG0N992PrHQR4AaABAg",
            "reply_content": "\u6211\u771f\u7684\u6703\u9019\u6a23\u6ed1\u8d70\u6b38"
        },
        {
            "reply_id": "UgzP9-e1lUJkt8ts4cJ4AaABAg",
            "reply_content": "\u60f3\u770b\u5be6\u6e2c\u6295\u8cc7\u80a1\u7968\u8cfa\u88ab\u52d5\u6536\u5165\uff0c\u6642\u9593\u8907\u529b\u5a01\u529b\u6709\u591a\u5927\u5be6\u6e2c\u5831\u916c\u7387"
        },
        {
            "reply_id": "UgzlR06PNBU0c3FymWh4AaABAg",
            "reply_content": "\u61c9\u8a72\u5f88\u591a\u4eba\u6572\u7897\u60f3\u770b\u6295\u8cc7\u822a\u904b\u80a1\u7df4\u91d1\u8853"
        },
        {
            "reply_id": "UgwNecpmnfm1z-7Prvl4AaABAg",
            "reply_content": "\u9019\u662f\u6f14\u9b3c\u7247\u7684\u6454\u6cd5\u5427"
        },
        {
            "reply_id": "Ugwpmgqiv2eUAGHmK6h4AaABAg",
            "reply_content": "\u53e3\u7f69\u554a"
        },
        {
            "reply_id": "UgxEAo2QW4mkKmZWvFN4AaABAg",
            "reply_content": "\u6230\u52dd\u7280\u725b\u76fe"
        },
        {
            "reply_id": "UgxhkJKRyVYWKHNP8mh4AaABAg",
            "reply_content": "\u6211\u6bd4\u8f03\u559c\u6b61\u4f60\u6574\u4eba\u7cfb\u5217"
        },
        {
            "reply_id": "Ugw_WYEFH8wzEmAmqy54AaABAg",
            "reply_content": "\u8b1b\u7684\u975e\u5e38\u7cbe\u6e96"
        },
        {
            "reply_id": "Ugx34cEZORxCx6WpGPR4AaABAg",
            "reply_content": "\u73fe\u5728\u7838\u76e4\u865b\u64ec\u8ca8\u5e63\u9084\u6709\u8cfa\u55ce"
        },
        {
            "reply_id": "UgwhLEBQXWCrLjROw-N4AaABAg",
            "reply_content": "\u6211\u6709\u4e00\u500b\u554f\u984c\u5f88\u60f3\u554f\uff0c\u5c31\u662f\u70ba\u4ec0\u9ebc\u6bcf\u6b21\u958b\u5834\u90fd\u662f\u5728\u5ec1\u6240"
        },
        {
            "reply_id": "UgxfWA_wnjVy6eY4Qux4AaABAg",
            "reply_content": "\u9b54\u8853\u65b9\u584a\u4e0d\u7528\u89e3\u554a\u3002\u5168\u90e8\u90fd\u5674\u6f06\u540c\u4e00\u500b\u984f\u8272\u4e0d\u5c31\u597d\u4e86"
        },
        {
            "reply_id": "UgzohV5NNOVn_V1w7ll4AaABAg",
            "reply_content": "\u597d\u7528\u5fc3"
        },
        {
            "reply_id": "Ugxx_5lq83m7s5POdsF4AaABAg",
            "reply_content": "\u65b9\u584a\u6211\u6703"
        },
        {
            "reply_id": "Ugyu1pxh4uQowiTDogd4AaABAg",
            "reply_content": "\u9b54\u8853\u65b9\u584a\u6bd4\u8f03\u9700\u8981\u9632\u6454\u6bbc\u7684\u6a23\u5b50"
        },
        {
            "reply_id": "Ugz1ylg35ogbIc00hI94AaABAg",
            "reply_content": "\u80fd\u505a\u71b1\u611b\u7684\u4e8b\u60c5\u9084\u6709\u6536\u5165\u5df2\u7d93\u5f88\u68d2\u4e86"
        }
    ]
}