{
    "video_info": {
        "id": "Sn66u9DXUnI",
        "channelTitle": "\u597d\u68d2Bump",
        "title": "\u54c1\u5fb7\u6975\u5dee\uff01\u5077\u62cd\u7db2\u7d05\u79c1\u4e0b\u751f\u6d3b\u7d66\u5927\u5bb6\u770b\u2026.\uff01\u3010\u597d\u68d2Bump\u3011",
        "description": "\u9019\u4e9b\u7db2\u7d05\u771f\u7684\u662f\uff0c\u6c92\u6709\u4e00\u500b\u53ef\u53d6\u4e4b\u8655\u3002\n\n#\u6557\u58de\u98a8\u4fd7 #\u6559\u58de\u5c0f\u670b\u53cb #\u8d95\u5feb\u983b\u9053\u522a\u4e00\u522a\u5566\n--------------------------------------------------------- \r\n\u4e0a\u4e00\u90e8\u5f71\u7247\u53d7\u5920\u4e86\uff01\u590f\u5929\u4e00\u76f4\u88ab\u87d1\u8782\u5687\u5230\u2026 \u57f9\u990a\u751f\u5316\u6b66\u5668\u5c55\u958b\u53cd\u64ca\uff01\u3010\u597d\u68d2Bump\u3011https://youtu.be/klDpsePovm0\r\n\r\n\u8001\u5b50\u7684IG\uff1ahttps://bit.ly/2JqmmIq\r\n\u8001\u5b50\u7684FB\uff1ahttps://bit.ly/2s3pwwb",
        "likeCount": "24031",
        "commentCount": "1147",
        "viewCount": "1436599"
    },
    "comments": [
        {
            "reply_id": "Ugwlo8hNO9ekhFTar8x4AaABAg",
            "reply_content": "\u771f\u7684\u5f88\u96e3\u6539"
        },
        {
            "reply_id": "Ugz5NDrEdV78Wb6v8Px4AaABAg",
            "reply_content": "\u88ab\u5077\u62cd\u8ddf\u6559\u8b1b\u8a71\u9019\u6bb5\u6211\u5feb\u7b11\u6b7b"
        },
        {
            "reply_id": "UgwqBld7EFZQ0-8X0Ep4AaABAg",
            "reply_content": "\u8b93\u6211\u60f3\u5230\u76f8\u8072\u74e6\u820d\u7684\u6771\u5ee0\u50c5\u4e00\u4f4d\u88e1\u7684\u6bb5\u5b50"
        },
        {
            "reply_id": "UgxCcRWXraii9AO2CGx4AaABAg",
            "reply_content": "\u53f0\u7063\u570b\u4e2d\u6709\u4e9b\u4eba\u7684\u699c\u6a23"
        },
        {
            "reply_id": "UgxherFqaoUanYYszT54AaABAg",
            "reply_content": "\u53f0\u7063\u4eba\u7d93\u5e38\u8b1b\u9ad2\u8a71\u5f88\u6b63\u5e38"
        },
        {
            "reply_id": "Ugxq63E12vwdarN4uN14AaABAg",
            "reply_content": "\u4f60\u4ee5\u5f8c\u53ef\u4e0d\u53ef\u4ee5\u4e0d\u8981\u7f75\u9ad2\u8a71"
        },
        {
            "reply_id": "UgwnDr68D_yJubZy5RR4AaABAg",
            "reply_content": "\u7b11\u5674"
        },
        {
            "reply_id": "UgzlkKr66gB7I9eBldR4AaABAg",
            "reply_content": "\u4f60\u53ef\u4e0d\u53ef\u4ee5\u4e0d\u8981\u628a\u90a3\u548c\u4f60\u53ef\u4e0d\u53ef\u4ee5\u4e0d\u8981\u4e0d\u8981\u7684\u8a71\u4f60\u53ef\u4e0d\u53ef\u4ee5\u4e0d\u8981\u7f75\u9ad2\u8a71\u4f60\u53ef\u4e0d\u53ef\u4ee5\u4e0d\u8981\u73a9\u7684\u8a71\u4f60\u53ef\u4e0d\u80fd\u4e0d\u8981\u5427\u4f60\u53ef\u4e0d\u53ef\u4ee5\u4e0d\u8981\u73a9\u7684\u8a71\u4f60\u53ef\u4e0d\u53ef\u4ee5\u4e0d\u8981\u73a9\u7684\u8a71\u4f60\u53ef\u4e0d\u53ef\u4ee5\u4e0d\u8981\u7f75\u9ad2\u8a71\u4f60\u53ef\u4e0d\u53ef\u4ee5\u4e0d\u8981\u73a9\u7684\u8a71\u4f60\u53ef\u4e0d\u53ef\u4ee5\u4e0d\u8981\u62b1\u7684\u8a71\u4f60\u53ef\u4e0d\u53ef\u4ee5\u8cb7\u53ef\u4e0d\u53ef\u4ee5\u8ce3\u7684\u8a71\u4f60\u53ef\u4e0d\u53ef\u4ee5\u6539\u5230\u9ad2\u8a71\u4f60\u53ef\u4e0d\u53ef\u4ee5\u6539\u5728\u5f70\u5316\u4f60\u53ef\u4ee5\u4e0d\u8981\u518d\u6539\u7684\u8a71\u4f60\u53ef\u4e0d\u53ef\u4ee5\u6539\u6389\u5f70\u5316\u4f60\u53ef\u4e0d\u53ef\u4ee5\u4f60\u53ef\u4e0d\u53ef\u4ee5\u6539\u5230\u96fb\u8a71\u4f60\u53ef\u4e0d\u53ef\u4ee5\u6539\u6389\u72c0\u6cc1\u8ab2\u53ef\u4e0d\u53ef\u4ee5\u6539\u5230\u7684\u8a71\u4f60\u4e0d\u8981\u518d\u8b1b\u9ad2\u8a71\u4e86\u5566\u554a"
        },
        {
            "reply_id": "UgwoP278pdZ80Jkn2FN4AaABAg",
            "reply_content": "\u4f60\u53ef\u4e0d\u53ef\u4ee5\u4e0d\u8981\u7f75\u9ad2\u8a71\u4f60\u53ef\u4e0d\u53ef\u4ee5\u4e0d\u8981\u7f75\u9ad2\u8a71\u4f60\u53ef\u4e0d\u53ef\u4ee5\u4e0d\u8981\u7f75\u4eba\u8a71\u4f60\u53ef\u4e0d\u53ef\u4ee5\u4e0d\u8981\u7f75\u9ad2\u8a71\u4f60\u53ef\u4e0d\u53ef\u4ee5\u4e0d\u8981\u7f75\u9ad2\u8a71\u4f60\u53ef\u4e0d\u53ef\u4ee5\u4e0d\u8981\u7f75\u9ad2\u8a71\u4f60\u53ef\u4ee5\u6f2b\u756b\u53ef\u4e0d\u53ef\u4ee5"
        },
        {
            "reply_id": "Ugx5Aiht3AXkzAt6kzN4AaABAg",
            "reply_content": "\u9019\u96c6\u7684\u9ad2\u8a71\u4f3c\u4e4e\u6bd4\u4e4b\u524d\u9084\u8981\u591a"
        },
        {
            "reply_id": "UgyTgHBwd5BI_st6I194AaABAg",
            "reply_content": "\u90a3\u4f60\u53ef\u4ee5\u7f75\u4f46\u8981\u6d88\u97f3"
        },
        {
            "reply_id": "UgyZipmOIxdwJ-VAr5V4AaABAg",
            "reply_content": "\u597d\u8fa6\u5927\u8b8a"
        },
        {
            "reply_id": "Ugwdu2FiWlRfg_pqglt4AaABAg",
            "reply_content": "\u9019\u7bc7\u771f\u7684\u5feb\u8981\u7b11\u6b7b\u4e86"
        },
        {
            "reply_id": "UgzZR5XvX0gXIYSA7yp4AaABAg",
            "reply_content": "\u5c1b"
        },
        {
            "reply_id": "Ugzp_X43I-XD8SiDGe54AaABAg",
            "reply_content": "\u5e72\u9760\u5317\u5566"
        },
        {
            "reply_id": "Ugyjn9mTu7lTqGNJYwh4AaABAg",
            "reply_content": "\u5f88\u591a\u90fd\u662f\u7fd2\u6163\u554f\u984c"
        },
        {
            "reply_id": "UgyJILM2x3T_jrnWjA54AaABAg",
            "reply_content": "\u9694\u5929\u651d\u5f71\u5e2b\u88ab\u8ce3\u6389"
        },
        {
            "reply_id": "UgwSvm5SRjOlAiP2B8J4AaABAg",
            "reply_content": "\u70cf\u9d09\u7684\u540d\u8b7d\u5df2\u7d93\u6c92\u4e86"
        },
        {
            "reply_id": "UgzlNxBrmMWmKhOmch94AaABAg",
            "reply_content": "\u65b0\u751f\u6d3b\u904b\u52d5"
        },
        {
            "reply_id": "Ugwb7S4IwhW1w5FuKT54AaABAg",
            "reply_content": "\u5176\u5be6\u4e0d\u7528\u7279\u5225\u53bb\u6539\u7562\u7adf\u6bcf\u500b\u4eba\u90fd\u6709\u81ea\u5df1\u7684\u7279\u8272\uff0c\u5927\u4e0d\u4e86\u90a3\u500b\u90e8\u5206\u6d88\u97f3\u5c31\u597d\u4e86"
        },
        {
            "reply_id": "UgxemzcxHsyLjiouxJh4AaABAg",
            "reply_content": "\u6211\u53ef\u80fd\u8981\u53cd\u904e\u4f86\u62cd"
        },
        {
            "reply_id": "UgznTmwIiJv1bpyrVt94AaABAg",
            "reply_content": "\u54c8\u54c8\u6a19\u984c\u4e0b\u7684\u4e0d\u932f"
        },
        {
            "reply_id": "UgxkTXjDRiHbNdpt7SR4AaABAg",
            "reply_content": "\u7834\u6158\u5feb\u6a02"
        },
        {
            "reply_id": "Ugxgln8JoaPuoZt6L8V4AaABAg",
            "reply_content": "\u7fd2\u6163\u771f\u7684\u5f88\u53ef\u6015"
        },
        {
            "reply_id": "UgxpstG-WlJZzo4SNgh4AaABAg",
            "reply_content": "\u6bd4\u53bb\u67ec\u57d4\u5be8\u9084\u597d\u8cfa"
        }
    ]
}