{
    "video_info": {
        "id": "SsF2J7PEwMw",
        "channelTitle": "\u597d\u68d2Bump",
        "title": "\u6211\u7576\u8a50\u9a19\u96c6\u5718\u767c\u696d\u914d\u7d66\u7db2\u7d05\uff011\u5929\u7adf200\u4eba\u4e0a\u7576\uff01\uff1f\u3010\u597d\u68d2Bump\u3011\u3010\u8a50\u9a19\u934a\u91d1\u8853\u3011  @zamy_ding",
        "description": "\u73fe\u5728\u5230\u5e95\u70ba\u4ec0\u9ebc\u9019\u9ebc\u591a\u7db2\u7f8e\u7db2\u7d05\u5728\u63a5\u8a50\u9a19\u696d\u914d\uff1f\u5927\u5bb6\u662f\u90fd\u4e0d\u77e5\u9053\u4e8b\u60c5\u7684\u56b4\u91cd\u6027\u55ce\uff1f\u4eca\u5929\u5be6\u6e2c\u4e00\u6b21\u7d66\u5927\u5bb6\u770b\u5427\u3002\n\n#\u8a50\u9a19\u96c6\u5718 #1\u5929200\u4eba #\u8e22\u4ec0\u9ebc\u8e22\u647b\u5728\u4e00\u8d77\u505a\u6492\u5c3f\u725b\u4e38\u597d\u5566\n\n\u6210\u70ba\u9019\u500b\u983b\u9053\u7684\u6703\u54e1\u4e26\u7372\u5f97\u734e\u52f5\uff1a\nhttps://www.youtube.com/channel/UC7XxnhjdYjiQJ3m80K_N_4g/join\n\n--------------------------------------------------------- \n\u4e0a\u4e00\u90e8\u5f71\u7247 10\u5206\u9418\u5c31\u8cfa5\u842c\u5143\uff01\u7528\u535a\u5f08\u6f0f\u6d1e\u628a\u9322\u6d17\u51fa\u4f86\uff01\u3010\u597d\u68d2Bump\u3011\u3010\u6d17\u9322\u934a\u91d1\u8853\u3011 @\u86cb\u5854 EGGTA \u200bhttps://youtu.be/Q12vSYo-zBg\n\n\u8001\u5b50\u7684IG\uff1ahttps://bit.ly/2JqmmIq\n\u8001\u5b50\u7684FB\uff1ahttps://bit.ly/2s3pwwb",
        "likeCount": "12310",
        "commentCount": "1038",
        "viewCount": "768104"
    },
    "comments": [
        {
            "reply_id": "Ugyw87eJ8uLYXabPVgt4AaABAg",
            "reply_content": "\u4f60\u552c\u6211\u554a\u4f60"
        },
        {
            "reply_id": "UgxmP1cTXnm2vkdUQOZ4AaABAg",
            "reply_content": "\u9019\u9ebc\u7c97\u7cd9\u4e5f\u6709\u4eba\u88ab\u9a19"
        },
        {
            "reply_id": "UgyReqduY3kZH04fE_14AaABAg",
            "reply_content": "\u6709\u594e\u4e01\u820a\u6848\u8b9a"
        },
        {
            "reply_id": "Ugyru5dA0fhm2jX7EK94AaABAg",
            "reply_content": "\u7d50\u679c\u594e\u4e01\u5c31\u88ab\u63db\u81c9\u4e86"
        },
        {
            "reply_id": "UgwiuN2MGYH-FRQHIeN4AaABAg",
            "reply_content": "\u6211\u89ba\u5f97\u9019\u7a2e\u65b9\u5f0f\u662f\u4e00\u7a2e\u53cd\u5411\u6559\u80b2"
        },
        {
            "reply_id": "UgxOxbR4Q1jsDI2GJZ54AaABAg",
            "reply_content": "\u597d\u4eba\u4f1a\u957f\u547d\u767e\u5c81\u7684"
        },
        {
            "reply_id": "UgwJXFL9GV3KDJ0DMyN4AaABAg",
            "reply_content": "\u7b11\u4e86\u770b\u4f60\u9019\u6bb5\u7247\n\u524d\u7684\u5ee3\u544a\u5c31\u662f\u8aaa\u600e\u6a23\u6bcf\u5929\u516b\u5206\u9418\u8cfa\u4e86\u591a\u5c11\u9322"
        },
        {
            "reply_id": "UgyDv2uC5co1iQhxtEV4AaABAg",
            "reply_content": "\u54c8\u54c8\u611f\u89ba\u52a0\u7684\u5c31\u662f\u4f86\u9b27\u7684"
        },
        {
            "reply_id": "Ugx4DLuRcSLP9Wm1QXB4AaABAg",
            "reply_content": "\u9019\u7a2e\u5f71\u7247\u53ea\u6703\u6559\u6703\u66f4\u591a\u4eba\u53bb\u7576\u8a50\u9a19\uff0c\u6703\u5bb3\u6b7b\u66f4\u591a\u4eba\u800c\u8a00"
        },
        {
            "reply_id": "UgywFfBz130MMXUrNvN4AaABAg",
            "reply_content": "\u6211\u4f86\u5b78\u591a\u570b\u8a9e\u8a00"
        },
        {
            "reply_id": "UgzUIKbnoSlytv7Ai_B4AaABAg",
            "reply_content": "\u539f\u4f86\u662f\u7528\u65b0\u5f71\u7247\u76f4\u63a5\u84cb\u6389\u820a\u5f71\u7247\n\u4e0b\u9762\u7559\u8a00\u9084\u662f\u820a\u7684"
        },
        {
            "reply_id": "Ugzru19oWCL1fqgckDl4AaABAg",
            "reply_content": "\u770b\u5230\u7db2\u7d05\u6216\u597d\u53cb\u767c\u9019\u7a2e\u8a50\u9a19\u696d\u914d\u6587 \u6211\u76f4\u63a5\u522a\u597d\u53cb"
        },
        {
            "reply_id": "UgybZXZly7T7osBEPYh4AaABAg",
            "reply_content": "\u611f\u89c9\u662f\u5728\u8bf4\u67d0\u67d0\u827a\u4eba"
        },
        {
            "reply_id": "Ugwk8klSCB6rG6TOeWV4AaABAg",
            "reply_content": "\u60f3\u8fa6\u6cd5\u589e\u52a0\u4f60\u5f71\u7247\u7684\u66dd\u5149\u5ea6\u624d\u6703\u6709\u611f\u5427"
        },
        {
            "reply_id": "Ugy4lHVTvdjRSmOSYXZ4AaABAg",
            "reply_content": "\u6211\u8981\u4f60\u957f\u547d\u767e\u5c81"
        },
        {
            "reply_id": "Ugz-xDB4CK_MZkKpt7l4AaABAg",
            "reply_content": "\u9019\u90e8\u5f71\u7247\u7684\u897f\u73ed\u7259\u6587\u8b1b\u7684\u5f88\u6a19\u6e96"
        },
        {
            "reply_id": "UgwqleiOWcB1lA3EoSZ4AaABAg",
            "reply_content": "\u6211\u4e4b\u524d\u770b\u5230\u6709\u63a5\u9019\u6a23\u9650\u52d5\u7684\u7db2\u7d05\u90fd\u76f4\u63a5\u63a8\u8a02\uff0c\u96d6\u7136\u6211\u4e0d\u6703\u88ab\u9a19\uff0c\u4f46\u6211\u89ba\u5f97\u5f88\u591a\u5927\u773e\u90fd\u6703\u88ab\u9a19"
        },
        {
            "reply_id": "UgzwzHVbjCzE3N2K7Ex4AaABAg",
            "reply_content": "\u594e\u4e01\u6709\u95dc\u6ce8\u9673\u96f6\u4e5d"
        },
        {
            "reply_id": "UgxHZ-UY6tkhA1vo2fp4AaABAg",
            "reply_content": "\u60f3\u8981\u65e5\u5386\u6b38"
        },
        {
            "reply_id": "UgwyWSa99Uq3VvlgRjh4AaABAg",
            "reply_content": "\u8b9a"
        },
        {
            "reply_id": "UgzDC_zN5PKNGRzozXx4AaABAg",
            "reply_content": "\u4f60\u6709\u6dfa\u80fd"
        },
        {
            "reply_id": "UgwOHA1ruvSHehMd2xh4AaABAg",
            "reply_content": "\u8f9b\u82e6\u4f60\u4e86"
        },
        {
            "reply_id": "UgzA4W3a7glxUvhw1sR4AaABAg",
            "reply_content": "\u597d\u591a\u696d\u914d\u738b\u6703\u4e0d\u6703\u8d70\u4e00\u8d70\u771f\u7684\u88ab\u6345\u5e7e\u5200\u554a"
        },
        {
            "reply_id": "UgzEgN2x9zFm1OYGgbl4AaABAg",
            "reply_content": "\u4e0b\u4e00\u96c6\u62cd\u4e00\u96c6\u600e\u9ebc\u9760\u80a1\u7968\u7ffb\u8eab\u8cfa\u5343\u842c\u8cc7\u7522\uff0c\u53f0\u80a1\u4e0b\u55ae\u6295\u8cc7\u5be6\u6e2c\u5f71\u7247\uff0c\u6295\u8cc7\u53f0\u7a4d\u96fb\u53ca\u806f\u96fb\u8207\u9d3b\u6d77\u934a\u91d1\u8853\uff0c\u7f8e\u80a1\u7279\u65af\u62c9\u80a1\u7968\u5be6\u6e2c\u6295\u8cc7\u5831\u916c\u7387\u6709\u591a\u5c11"
        },
        {
            "reply_id": "UgzjdCMqHG8v9Qf2A9R4AaABAg",
            "reply_content": "\u6211\u770b\u9019\u90e8\u5f71\u7247\u7684\u5ee3\u544a\u4e5f\u662f\u8a50\u9a19\u96c6\u5718\u8036"
        }
    ]
}