{
    "video_info": {
        "id": "swcetdd5dkw",
        "channelTitle": "\u597d\u68d2Bump",
        "title": "\u627e\u5927\u80c3\u738b\u8def\u8def\u7d04\u6703\uff01\u5979\u7adf\u5403\u4e8633\u9053\u9802\u7d1a\u6599\u7406\uff01\u6211\u76f4\u63a5\u7834\u7522...\u3010\u597d\u68d2Bump\u3011@yuzi_lu",
        "description": "\u5f9e\u4f86\u6c92\u6709\u60f3\u904e\u4e16\u754c\u4e0a\u771f\u6709\u4eba\u53ef\u4ee5\u5403\u4e0b\u9019\u9ebc\u591a\u6771\u897f.... \n\n#\u5927\u80c3\u738b\u7d04\u6703 #\u9802\u7d1a\u6599\u7406 #\u76f4\u63a5\u7834\u7522\n--------------------------------------------------------- \r\n\u4e0a\u4e00\u90e8\u5f71\u7247 \u5b9c\u862d\u7684\u975e\u6cd5\u6c11\u5bbf\u7adf\u67094000\u9593\uff01\u4e00\u5806\u5929\u9f8d\u4eba\u5728\u6d17\u570b\u5bb6\u7684\u9322\uff01\u3010\u597d\u68d2Bump\u3011 https://youtu.be/gO7Juaddc0o\r\n\r\n\u8001\u5b50\u7684IG\uff1ahttps://bit.ly/2JqmmIq\r\n\u8001\u5b50\u7684FB\uff1ahttps://bit.ly/2s3pwwb",
        "likeCount": "17366",
        "commentCount": "2682",
        "viewCount": "827291"
    },
    "comments": [
        {
            "reply_id": "UgyDqmy6Jf5Ao1BA7xB4AaABAg",
            "reply_content": "\u770b\u8def\u8def\u5403\u98ef\u5c31\u662f\u8212\u670d"
        },
        {
            "reply_id": "Ugw8YnphbKARaiXWpZp4AaABAg",
            "reply_content": "\u5403\u90a3\u9ebc\u591a\u8089\u68d2\u9084\u5403\u5f97\u4e0b\u55ce"
        },
        {
            "reply_id": "UgxbioIEA7qpXT_yimR4AaABAg",
            "reply_content": "\u4eba\u751f\u80a5\u5b85\u5c0a\u4e5f\u6709\u8ddf\u4ed6\u5403\u65e9\u9910\u6bd4\u8cfd\u554a\u7d50\u679c\u4eba\u751f\u80a5\u5b85\u5c0a\u7684\u7d50\u679c\u53c8\u7834\u7522\u4e86"
        },
        {
            "reply_id": "UgykMD8iDW4Kz0W8jn94AaABAg",
            "reply_content": "\u54c8\u54c8\u54c8\u54c8"
        },
        {
            "reply_id": "Ugyo6GWPCna0yHxiiCh4AaABAg",
            "reply_content": "\u597d\u50cf"
        },
        {
            "reply_id": "UgyIugRNYKNti4HEGBx4AaABAg",
            "reply_content": "\u61c9\u8a72\u6709\u7834\u4e8c\u5341\u4e94"
        },
        {
            "reply_id": "UgyLEoG7qQWDnhrMB0x4AaABAg",
            "reply_content": "\u9910\u5ef3\u7684\u83dc\u597d\u597d\u5403"
        },
        {
            "reply_id": "Ugxj0HGV0r54bSalAp94AaABAg",
            "reply_content": "\u990a\u4e0d\u8d77"
        },
        {
            "reply_id": "UgxAEKlJUtj7_5zwsLN4AaABAg",
            "reply_content": "\u70ba\u4ec0\u9ebc\u9019\u90e8\u7247\u8b8a\u6210\u4e0d\u9069\u5408\u7279\u5b9a\u4eba\u7fa4\u89c0\u770b"
        },
        {
            "reply_id": "UgxkbdXMC7rHqb9SSPl4AaABAg",
            "reply_content": "\u5e36\u5927\u80c3\u738b\u770b\u96fb\u5f71\u662f\u4e0d\u662f\u4e5f\u8981\u6e96\u5099\u5341\u4efd\u7206\u7c73\u82b1\ud83d\ude02"
        },
        {
            "reply_id": "Ugwrsf9RB02IQYttCyt4AaABAg",
            "reply_content": "\u7b11\u6b7b"
        },
        {
            "reply_id": "Ugxl8qj4E1R4DY8tf_94AaABAg",
            "reply_content": "\u627e\u5343\u5343\u904e\u4f86\u4e0d\u5c31\u771f\u7684\u7834\u7522"
        },
        {
            "reply_id": "UgyebOHv1bQrM-X2igh4AaABAg",
            "reply_content": "\u600e\u9ebc\u4e0d\u80fd\u770b\u4e86"
        },
        {
            "reply_id": "UgzQ5pAHRy9HiM_x4yh4AaABAg",
            "reply_content": "\u54c8\u54c8"
        },
        {
            "reply_id": "UgyMXo_Z4Ejn9uNBHrp4AaABAg",
            "reply_content": "\u54c8\u54c8\u54c8"
        },
        {
            "reply_id": "UgxrcRU1BP-mqktL5JZ4AaABAg",
            "reply_content": "\u5de5\u8b80\u751f\u662f\u5565"
        },
        {
            "reply_id": "Ugy7uxzk-vnGsx75TE94AaABAg",
            "reply_content": "\u6211\u89ba\u5f97\u8981\u7834\u7522\u4e86"
        },
        {
            "reply_id": "UgxJO8m70leNODUFLOd4AaABAg",
            "reply_content": "\u70ba\u4ec0\u9ebc\u88ab\u9ec3\u6a19"
        },
        {
            "reply_id": "UgwoWMesx89EHDfGhXR4AaABAg",
            "reply_content": "\u9019\u7247\u600e\u9ebc\u4e0d\u80fd\u770b\u4e86\u5440"
        },
        {
            "reply_id": "UgzTXgLfawF_W_x49z94AaABAg",
            "reply_content": "\u5225\u958b\u6210\u79c1\u4eba\u554a\u554a\u554a"
        },
        {
            "reply_id": "UgwOTdC_P35Lz_wNdpx4AaABAg",
            "reply_content": "\u5feb\u767c\u7247\u5594\u9019\u88e1\u8981\u767c\u9ef4\u4e86\u5566"
        },
        {
            "reply_id": "UgyZp_A2DQyzDLVcuYV4AaABAg",
            "reply_content": "\u6700\u5f8c\u662f\u5403\u7f50\u982d\u5854\u90fd\u6982\u5ff5\u55ce"
        },
        {
            "reply_id": "UgyHnDsbZd0FbUEF6KR4AaABAg",
            "reply_content": "\u51fa\u7247\u5566\u5e72"
        },
        {
            "reply_id": "Ugxun928JA6NrVh41P14AaABAg",
            "reply_content": "\u4f60\u8acb\u90a3\u5973\u751f\u5403\u90a3\u9ebc\u597d\u7684\u6771\u897f\u771f\u7684\u8cbc\u5fc3\u597d\u7537\u4eba\u6b38"
        },
        {
            "reply_id": "Ugwu17MghZOdeVVyEct4AaABAg",
            "reply_content": "\u592a\u597d\u7b11\u4e86"
        }
    ]
}