{
    "video_info": {
        "id": "twjZKhKVDfE",
        "channelTitle": "\u597d\u68d2Bump",
        "title": "\u6211\u5728\u6c7d\u65c5\u8fa6\u6d3e\u5c0d\uff01\u7d19\u888b\u4eba\u8dd1\u4f86\u9b27\u4e8b\uff01\u6211\u76f4\u63a5\u6d77\u6241\u4ed6\u4e00\u9813...\u3010\u597d\u68d2Bump\u3011",
        "description": "\u9019\u662f\u4e00\u5834\u7121\u804a\u7684\u6d3e\u5c0d\u3002\n\n#\u6c7d\u65c5\u6d3e\u5c0d #\u7d19\u888b\u9b27\u4e8b #\u76f4\u63a5\u4e00\u62f3\u4e0b\u53bb\n--------------------------------------------------------- \r\n\u4e0a\u4e00\u90e8\u5f71\u7247 \u6211\u8a2d\u5c40\u91e3\u51fa\u624b\u6a5f\u7aca\u8cca\uff01\u8b93\u53d7\u5bb3\u8005\u8ddf\u4ed6\u7576\u9762\u5c0d\u8cea\uff01\u3010\u597d\u68d2Bump\u3011\nhttps://youtu.be/_kEB8bOTzoM\r\n\r\n\u8001\u5b50\u7684IG\uff1ahttps://bit.ly/2JqmmIq\r\n\u8001\u5b50\u7684FB\uff1ahttps://bit.ly/2s3pwwb",
        "likeCount": "9704",
        "commentCount": "548",
        "viewCount": "717120"
    },
    "comments": [
        {
            "reply_id": "UgzPn05yvInF-x1F_Hd4AaABAg",
            "reply_content": "\u7761\u7684\u5230\u5e95\u662f\u8ab0"
        },
        {
            "reply_id": "Ugyeph2JyR8TH1LNNiF4AaABAg",
            "reply_content": "\u5ec1\u6240\u5b88\u8b77\u795e"
        },
        {
            "reply_id": "Ugxe6ypwXig0NI40E5p4AaABAg",
            "reply_content": "\u679c\u7136\u662f\u5f37\u8005"
        },
        {
            "reply_id": "UgzDETWg-h_QPxNNA9F4AaABAg",
            "reply_content": "\u5927\u5bb6\u5687\u6b7b"
        },
        {
            "reply_id": "UgxQKLW8r1yJqC4RXHB4AaABAg",
            "reply_content": "\u5047\u6232\u771f\u505a\u5594"
        },
        {
            "reply_id": "Ugzwm-VQ7PB6dwdMgit4AaABAg",
            "reply_content": "\u597d\u50cf\u516c\u53f8\u5c3e\u7259"
        },
        {
            "reply_id": "UgwRWuoDEBIL5EGyZhR4AaABAg",
            "reply_content": "\u597d\u771f"
        },
        {
            "reply_id": "UgwjJ3-Uw3pxiSVKyKB4AaABAg",
            "reply_content": "\u5594\u6211\u7adf\u7136\u770b\u5b8c\u4e86"
        },
        {
            "reply_id": "Ugzhjvk385IWoDdva8l4AaABAg",
            "reply_content": "\u6240\u4ee5\u4e0a\u7684\u4eba\u662f\u8ab0"
        },
        {
            "reply_id": "Ugx_ctSqr-ZAdnGeXLp4AaABAg",
            "reply_content": "\u4e7e"
        },
        {
            "reply_id": "Ugx-5J6maDn_dE_3nPR4AaABAg",
            "reply_content": "\u54c8\u54c8"
        },
        {
            "reply_id": "Ugz_y2lKuNGSSF2GUxV4AaABAg",
            "reply_content": "\u6211\u770b\u7684\u597d\u5c37\u5c2c"
        },
        {
            "reply_id": "UgyG1wU15Kf1wf19G4d4AaABAg",
            "reply_content": "\u6211\u60f3\u770b\u5361\u5361\u897f"
        },
        {
            "reply_id": "Ugxq7LvEwI_Zo0mPcBB4AaABAg",
            "reply_content": "\u5982\u679c\u662f\u771f\u7684\u4e0d\u8981\u4f86\u627e\u6211"
        },
        {
            "reply_id": "UgxdvVhPEgpBl752e7B4AaABAg",
            "reply_content": "\u4f60\u7684\u6436\u662f\u771f\u7684\u55ce"
        },
        {
            "reply_id": "UgwhWwM6oDi7YF9uok94AaABAg",
            "reply_content": "\u96d6\u7136\u89ba\u5f97\u4f60\u5011\u771f\u6253\u5f88\u5c4c\uff0c\u4f46\u9084\u662f\u4e0d\u5e0c\u671b\u4f60\u5011\u53d7\u50b7\u4e86"
        },
        {
            "reply_id": "Ugy05QCKN_SMjpHEs2J4AaABAg",
            "reply_content": "\u96de\u96de\u9b25\u528d\u7684\u8a71\u6703\u66f4\u96e3\u5fd8"
        },
        {
            "reply_id": "UgwwXSA5nCxIp2Uc3ml4AaABAg",
            "reply_content": "\u5f71\u5e1d"
        },
        {
            "reply_id": "UgzDQRwAGwa6zQfTlLt4AaABAg",
            "reply_content": "\u706b\u5f71\u5fcd\u8005\u7684\u6897\u8b93\u6211\u60f3\u8d77\u4e4b\u524d\u72e0\u611b\u6f14\u62cd\u7684\u624b\u6a5f\u4ea4\u53cb\u8edf\u9ad4\u90a3\u96c6 \u5feb\u7b11\u6b7b"
        },
        {
            "reply_id": "UgzdLmJtQS8VEnhIZq54AaABAg",
            "reply_content": "\u5c0d\u6253\u6211\u963f"
        },
        {
            "reply_id": "UgxYWpT0edQ1ZUYyBTt4AaABAg",
            "reply_content": "\u770b\u7684\u6211\u90fd\u5687\u5230"
        },
        {
            "reply_id": "Ugwf9r9WHw4t_BP2_KF4AaABAg",
            "reply_content": "\u9760\u5317\u6211\u770b\u5230\u5e95\u5920\u7d66\u529b\u55ce"
        },
        {
            "reply_id": "UgwXABGDPG6pmuOaL3l4AaABAg",
            "reply_content": "\u9019\u6f14\u6280\u76f8\u7576\u53ef\u4ee5"
        },
        {
            "reply_id": "Ugwed6snaiH97mS_Utl4AaABAg",
            "reply_content": "\u5169\u500d\u901f\u8d85\u597d\u7b11"
        },
        {
            "reply_id": "UgyvSuWZnDByocAkE4F4AaABAg",
            "reply_content": "\u807d\u4f60\u5011\u8b1b\u8a71\u6211\u4e5f\u723d\u54c8\u54c8\u54c8"
        }
    ]
}