{
    "video_info": {
        "id": "u8Y6QTrk6Ek",
        "channelTitle": "\u597d\u68d2Bump",
        "title": "\u6293\u87f2\u5375\u6642\u7684\u934a\u91d1\u8853\uff01\u807d\u8aaa1\u5929\u80fd\u8cfa2\u842c\u5143\uff01\uff1f\u3010\u597d\u68d2Bump\u3011",
        "description": "\u4e0a\u6b21\u770b\u65b0\u805e\u8aaa\u8354\u679d\u693f\u8c61\u7684\u5375\u53ef\u4ee5\u8ddf\u653f\u5e9c\u63db\u9322\uff0c\u6709\u4e00\u4f4d\u5a66\u4eba1\u5929\u5c31\u8cfa\u4e862\u842c\uff0c\u9019\u4e00\u6b21\u6211\u76f4\u63a5\u4f86\u5be6\u6e2c\u770b\u770b\uff01\n\n#\u7206\u6293\u87f2\u5375 #\u8354\u679d\u693f\u8c61 #\u65b0\u805e\u4f60\u53ef\u4ee5\u518d\u9a19\u4e00\u9ede\u6c92\u95dc\u4fc2\n--------------------------------------------------------- \n\u4e0a\u4e00\u90e8\u5f71\u7247\u6211\u624b\u6a5f\u9001\u4fee\u7adf\u88ab\u5077\u958b\u76f8\u7c3f\u8cc7\u6599\uff01\uff1f\u76f4\u885d\u5e97\u5bb6\u7576\u9762\u5c0d\u8cea\uff01\u3010\u597d\u68d2Bump\u3011https://youtu.be/PCUN0htj_SQ\n\n\u8001\u5b50\u7684IG\uff1ahttps://bit.ly/2JqmmIq\n\u8001\u5b50\u7684FB\uff1ahttps://bit.ly/2s3pwwb",
        "likeCount": "14250",
        "commentCount": "552",
        "viewCount": "1078846"
    },
    "comments": [
        {
            "reply_id": "Ugw2wxbxU0WzbWzJj5V4AaABAg",
            "reply_content": "\u9ad2\u8a71\u592a\u591a"
        },
        {
            "reply_id": "UgydOJBLOV4wXRQFP4t4AaABAg",
            "reply_content": "\u6211\u5bb6\u6709"
        },
        {
            "reply_id": "Ugwpm-ArOR9TPfWtCXt4AaABAg",
            "reply_content": "\u7da0\u8272\u7684\u662f\u5167\u8932\u51fa\u4f86\u4e86"
        },
        {
            "reply_id": "UgxT-e-lsyF44ZeBH3V4AaABAg",
            "reply_content": "\u5927\u7532\u6587\u660c\u6709\u7d05\u693f\u8c61\u5594"
        },
        {
            "reply_id": "Ugx4hufCL8qslfMDloV4AaABAg",
            "reply_content": "\u6211\u525b\u624d\u624d\u770b\u898b\u4e86\u4ed6\u7684\u5f71\u7247"
        },
        {
            "reply_id": "Ugz5ZxXlAzWdZ4lwmIt4AaABAg",
            "reply_content": "\u6709\u4eba\u5e3d\u6c96\u4f60\u5440"
        },
        {
            "reply_id": "UgwonLZK9lwNwYzYkht4AaABAg",
            "reply_content": "\u4f60\u5011\u5c0d\u8a71\u5feb\u7b11\u6b7b"
        },
        {
            "reply_id": "Ugx_CIhkWQXANBY7F3J4AaABAg",
            "reply_content": "\u4ed6\u7684\u87f2\u6c41\u5f88\u5371\u96aa"
        },
        {
            "reply_id": "UgzGzKP1FoyV0OR5A2t4AaABAg",
            "reply_content": "\u6211\u5bb6\u4ed6\u5abd\u6709\u4e00\u5806\u7136\u5f8c\u6211\u90fd\u628a\u5b83\u8173\u8e29\u7206"
        },
        {
            "reply_id": "Ugyam93oiaqKFHW18eJ4AaABAg",
            "reply_content": "\u4e0d\u51fa\u7247"
        },
        {
            "reply_id": "UgyBPLSd0gP1AZrqCfB4AaABAg",
            "reply_content": "\u54c8\u54c8\u54c8\u54c8\u54c8\u54c8\u54c8"
        },
        {
            "reply_id": "UgyIPpz0W73UjEGtmgN4AaABAg",
            "reply_content": "\u54c8\u54c8\u54c8\u54c8\u54c8"
        },
        {
            "reply_id": "Ugzl1OhXZEI-gSGlU-14AaABAg",
            "reply_content": "\u795e\u7d93\u75c5"
        },
        {
            "reply_id": "UgwjAaHSJXQ2A_UjTf14AaABAg",
            "reply_content": "\u5f88\u50cf\u5ebe\u6f84\u6176\u6216\u9673\u6f22\u5178"
        },
        {
            "reply_id": "Ugy_ATs-m-UK7UXPwit4AaABAg",
            "reply_content": "\u4ee5\u524d\u7684\u8354\u679d\u5712\u90fd\u9084\u6709\u86c7\u8ddf\u677e\u9f20\u73fe\u5728\u90fd\u8b8a\u5efa\u5730\u4e86\uff0c\u623f\u5b50\u84cb\u54ea\u9ebc\u591a\u662f\u7d66\u9b3c\u4f4f\u5594"
        },
        {
            "reply_id": "Ugx_9cWTc09V0Z768nB4AaABAg",
            "reply_content": "\u6211\u6709\u89aa\u773c\u770b\u904e\u6211\u624b\u638c\u5927\u7684\u8718\u86db\u6211\u56db\u5e74\u7d1a\u8eab\u4e0a\u9084\u9577\u6bdb\u6211\u5728\u5916\u5a46\u5bb6\u770b\u5230\u7684"
        },
        {
            "reply_id": "UgzaJLtlr9GrHgFW8PV4AaABAg",
            "reply_content": "\u6211\u5011\u5b78\u6821\u4e00\u5806"
        },
        {
            "reply_id": "UgzQdsP_a3bfzxpLCbV4AaABAg",
            "reply_content": "\u4e0d\u7d66\u6211\u770b\u662f\u600e\u6a23\u60f3\u6b7b\u662f\u4e0d\u662f"
        },
        {
            "reply_id": "UgwO6-dCbAQef8xPJ4B4AaABAg",
            "reply_content": "\u4f60\u7684\u5bb6\u4eba\u9577\u5f97\u597d\u50cf\u6211\u570b\u8a9e\u8001\u5e2b"
        },
        {
            "reply_id": "UgzUPPTSefoVofkyuTh4AaABAg",
            "reply_content": "\u6211\u6b63\u5728\u559d\u73cd\u73e0\u5976\u8336\u6211\u4e00\u76f4\u4ee5\u70ba\u6211\u5728\u559d\u5375"
        },
        {
            "reply_id": "UgzQRJdvuwlVMo3ZL7N4AaABAg",
            "reply_content": "\u62cd\u7247\u6b78\u62cd\u7247\u4e5f\u4e0d\u8981\u6c92\u5927\u6c92\u5c0f"
        },
        {
            "reply_id": "Ugy6_jH0PEKXwPUwbZF4AaABAg",
            "reply_content": "\u9760\u676f\u7d05\u5e03\u689d\u53bb\u52d5\u90a3\u9846\u6a39\u6709\u4f5c\u6cd5\u4e0d\u8981\u52d5"
        },
        {
            "reply_id": "UgwiqTOIVaXRcjz_qhB4AaABAg",
            "reply_content": "\u90a3\u662f\u6211\u963f\u5b24"
        },
        {
            "reply_id": "Ugz6dtS-TLD50REvcUF4AaABAg",
            "reply_content": "\u9019\u6d3b\u52d5\u4e0d\u77e5\u9053\u73fe\u5728\u9084\u6709\u6c92\u6709"
        },
        {
            "reply_id": "Ugy9dtn3haM2IzO02G54AaABAg",
            "reply_content": "\u8cb7\u81a0\u6c34\u9ecf\u5728\u6a39\u8449\u4e0a"
        }
    ]
}