{
    "video_info": {
        "id": "v_Temz-t2nk",
        "channelTitle": "\u597d\u68d2Bump",
        "title": "\u75ab\u60c5\u5c0e\u81f4\u6574\u5ea7\u5c71\u7684\u8292\u679c\u6eef\u92b7\u4e86\uff01\uff1f\u6211\u4f86\u5e6b\u5fd9\u8ce3\uff01\u3010\u597d\u68d2Bump\u3011@dokatv223",
        "description": "\u9019\u4e00\u6b21\u6536\u5230\u4e86\u53f0\u5357\u679c\u8fb2\u7684\u9080\u8acb\uff0c\u89aa\u81ea\u53bb\u4e00\u8d9f\u8292\u679c\u5712\u63a1\u8292\u679c\uff0c\u624d\u77e5\u9053\u539f\u4f86\u6574\u5ea7\u5c71\u7684\u6c34\u679c\u4e0d\u662f\u6eef\u92b7\uff0c\u5c31\u662f\u50f9\u683c\u88ab\u58d3\u5f97\u5f88\u4f4e\uff0c\u5c0e\u81f4\u5165\u4e0d\u6577\u51fa\uff0c\u5be6\u5728\u4e0d\u60f3\u770b\u4ed6\u5011\u90a3\u9ebc\u8f9b\u82e6\uff0c\u6240\u4ee5\u5c31\u60f3\u4e86\u9ede\u8fa6\u6cd5\u4f86\u5e6b\u5fd9\u4e86\u3002\n\n#\u6c34\u679c\u6eef\u92b7 #\u76f4\u64ad\u958b\u8ce3 #\u6709\u4e9b\u4eba\u96d6\u7136\u919c\u4f46\u5fc3\u5730\u537b\u5f88\u5584\u826f\n--------------------------------------------------------- \r\n\u4e0a\u4e00\u90e8\u5f71\u7247 \u4e0a\u4e00\u90e8\u5f71\u7247  \u63d0\u544a\u5f8c\u7e8c\uff01\u9178\u6c11\u8dd1\u4f86\u6c42\u6211\u548c\u89e3\uff1f\u7d04\u4f86\u5bb6\u88e1\u5c0d\u8cea\uff01\u3010\u597d\u68d2Bump\u3011https://youtu.be/nNsUdWldJX4\r\n\r\n\u8001\u5b50\u7684IG\uff1ahttps://bit.ly/2JqmmIq\r\n\u8001\u5b50\u7684FB\uff1ahttps://bit.ly/2s3pwwb",
        "likeCount": "28923",
        "commentCount": "1433",
        "viewCount": "1128652"
    },
    "comments": [
        {
            "reply_id": "Ugys31KkaeAknklDpKR4AaABAg",
            "reply_content": "\u5927\u96de\u96de"
        },
        {
            "reply_id": "UgyHeeamu--vMLQtiit4AaABAg",
            "reply_content": "\u6700\u5f8c\u8aaa\u70cf\u9d09\u919c\u4e00\u9ede\u5f88\u4e2d\u80af"
        },
        {
            "reply_id": "Ugwlg6L7nxO2lyg8jXp4AaABAg",
            "reply_content": "\u60f3\u5403"
        },
        {
            "reply_id": "UgwYoJIm9hvIHMYMG654AaABAg",
            "reply_content": "\u8fb2\u6c11\u771f\u7684\u5f88\u5e78\u82e6\u611f\u8b1d\u68d2\u5e6b\u4ed6\u5011"
        },
        {
            "reply_id": "UgweAqbyVHxQHvysNWR4AaABAg",
            "reply_content": "\u4f60\u5f88\u8b9a"
        },
        {
            "reply_id": "UgxXpWpe6--vTelYPRt4AaABAg",
            "reply_content": "\u53ef\u662f\u5e02\u5834\u8292\u679c\u4e0d\u4fbf\u5b9c"
        },
        {
            "reply_id": "UgxHCYyuqo9iGL5qsQ54AaABAg",
            "reply_content": "\u53ea\u80fd\u8b49\u660e\u6211\u5011\u653f\u5e9c\u6709\u5920\u7121\u80fd"
        },
        {
            "reply_id": "UgwMfYFhsnlPlKiMFS14AaABAg",
            "reply_content": "\u8b9a"
        },
        {
            "reply_id": "UgwiXZ8rPwK017s7PYl4AaABAg",
            "reply_content": "\u5c11\u6578\u9858\u610f\u56de\u994b\u793e\u6703\u7684\u597d\u9752\u5e74"
        },
        {
            "reply_id": "Ugz6vumCcoSX9NX1f5V4AaABAg",
            "reply_content": "\u6211\u5f88\u559c\u6b61\u5403\u8292\u679c\u4f46\u6211\u5c0d\u8292\u679c\u904e\u654f"
        },
        {
            "reply_id": "UgwMHYdrbd5bW87_G1Z4AaABAg",
            "reply_content": "\u597d\u68d2\u68d2"
        },
        {
            "reply_id": "UgxyniJRG9wZI0cNSvh4AaABAg",
            "reply_content": "\u4f60\u5011\u662f\u6709\u5584\u5fc3\u7684\u4eba"
        },
        {
            "reply_id": "Ugymk-2jI4DEzHy16ot4AaABAg",
            "reply_content": "\u6211\u5bb6\u56db\u500b\u4eba\u5169\u5929\u5403\u5b8c"
        },
        {
            "reply_id": "UgxLTxZcMf_x6V0Rl2J4AaABAg",
            "reply_content": "\u70cf\u9d09\u4e5f\u5f88\u68d2"
        },
        {
            "reply_id": "UgzgqqmZ50-LMqeSu5h4AaABAg",
            "reply_content": "\u8b1d\u8b1d\u4f60\u5e6b\u52a9\u4ed6\u5011"
        },
        {
            "reply_id": "UgzYOV_iv7zI1CVLbkR4AaABAg",
            "reply_content": "\u90a3\u500b\u868a\u5b50\u771f\u7684\u5f88\u597d\u7b11"
        },
        {
            "reply_id": "UgyRG_OiLQHWFdLoGsV4AaABAg",
            "reply_content": "\u5be6\u5728\u4f69\u670d"
        },
        {
            "reply_id": "UgxHQ8DaOf08OLmtodF4AaABAg",
            "reply_content": "\u9ec3\u7166\u5091"
        },
        {
            "reply_id": "Ugy4ish696Dav7QJOjp4AaABAg",
            "reply_content": "\u6b63\u9762\u5f71\u97ff\u529b\u7684\u7db2\u7d05"
        },
        {
            "reply_id": "Ugy3xIpVjCb8FdyinVp4AaABAg",
            "reply_content": "\u9019\u6211\u53bb\u904e"
        },
        {
            "reply_id": "UgwOtheM-RkfPVin5Rx4AaABAg",
            "reply_content": "\u4e00\u5929\u628a\u5168\u90e8\u5f71\u7247\u770b\u5b8c\u671f\u5f85\u65b0\u7247"
        },
        {
            "reply_id": "UgzlVzIdRsmodQUmR094AaABAg",
            "reply_content": "\u9632\u868a\u6db2\u9632\u868a\u6db2"
        },
        {
            "reply_id": "UgztiFjVdpP0YzRjDAJ4AaABAg",
            "reply_content": "\u60f3\u81ea\u5df1\u53bb\u6458\u4f86\u5403\u65b0\u9bae\u7684"
        },
        {
            "reply_id": "UgzFYvMD5qyHTwCgh1Z4AaABAg",
            "reply_content": "\u70cf\u9d09\u4e5f\u6c92\u7a7a\u4e00\u76f4\u51fa\u7247 \u6211\u53cd\u800c\u5e0c\u671b\u4f60\u5011\u5e38\u5408\u4f5c"
        },
        {
            "reply_id": "UgyC2HgJTbn6j4FJTEp4AaABAg",
            "reply_content": "\u597d\u68d2\u6709\u60a8\u5011\u505a\u597d\u4e8b\u8b93\u66f4\u591a\u4eba\u77e5\u9053\u9019\u584a\u571f\u5730\u7684\u71b1\u611b\u6545\u4e8b"
        }
    ]
}