{
    "video_info": {
        "id": "W9jT2N2auCY",
        "channelTitle": "\u597d\u68d2Bump",
        "title": "\u6176\u795d\u767e\u842c\u8a02\u95b1\u642c\u65b0\u5bb6\uff01\u628a\u73cd\u5947\u6536\u85cf\u5168\u62ff\u51fa\u4f86\u62cd\u8ce3\uff01\u3010\u597d\u68d2Bump\u3011\u3010\u62cd\u8ce3\u934a\u91d1\u8853\u3011",
        "description": "\u6211\u8981\u642c\u5bb6\u4e86\uff01 \u628a\u6536\u85cf\u5df2\u4e45\u7684\u73a9\u5177\u3001\u50a2\u4ff1\u90fd\u62ff\u51fa\u4f86\u5927\u51fa\u6e05\uff01\n\n#\u642c\u5bb6\u934a\u91d1 #\u4f4e\u50f9\u7af6\u6a19 #\u4ee5\u5f8c\u90fd\u6c92\u6709\u9019\u500b\u5ec1\u6240\u4e86\n--------------------------------------------------------- \r\n\u4e0a\u4e00\u90e8\u5f71\u7247 \u7dec\u7538\u6551\u63f4\uff01\u4e0a\u767e\u4f4d\u500b\u6848\u537b\u53ea\u6551\u56de13\u4eba\u2026 \u8a50\u9a19\u5712\u5340\u6536\u9322\u537b\u6495\u7968\uff01 \u3010\u597d\u68d2Bump\u3011\u3010\u67ec\u57d4\u5be8\u5f8c\u7e8c\u3011https://youtu.be/OTnchXhRqRA\r\n\r\n\u8001\u5b50\u7684IG\uff1ahttps://bit.ly/2JqmmIq\r\n\u8001\u5b50\u7684FB\uff1ahttps://bit.ly/2s3pwwb",
        "likeCount": "20157",
        "commentCount": "1020",
        "viewCount": "897379"
    },
    "comments": [
        {
            "reply_id": "Ugw7xbS7KZh4jThlK594AaABAg",
            "reply_content": "\u958b\u982d\u90a3\u7537\u751f\u662f\u8ab0\u554a"
        },
        {
            "reply_id": "UgymYlYWMdwNAZZWZxt4AaABAg",
            "reply_content": "\u5411\u9322\u770b"
        },
        {
            "reply_id": "Ugxvs7ulhRDUwMelfTR4AaABAg",
            "reply_content": "\u9f3b\u6d95\u6d41\u4e0b\u4f86\u8d85\u597d\u7b11"
        },
        {
            "reply_id": "Ugyrg2k_2IKR9ATm6dt4AaABAg",
            "reply_content": "\u90a3\u500b\u6c99\u767c\u771f\u7684\u5f88\u597d\u7761"
        },
        {
            "reply_id": "UgxWE7kxv9OcwDli3U94AaABAg",
            "reply_content": "\u5956\u724c\u4f60\u4e5f\u6362"
        },
        {
            "reply_id": "Ugwjpo28_CNenhYMqbx4AaABAg",
            "reply_content": "\u9019\u4e00\u96c6\u5f71\u7247\u5f88\u597d\u770b"
        },
        {
            "reply_id": "Ugw6zOzVUDlZQdlZ0vF4AaABAg",
            "reply_content": "\u52a0\u6cb9"
        },
        {
            "reply_id": "UgzYqo4rMLAmlvYDEf14AaABAg",
            "reply_content": "\u767e\u4e07\u8ba2\u9605\u5956\u724c\u90fd\u8981\u5356\u5417"
        },
        {
            "reply_id": "Ugyas5mWlgP9WhYLv_Z4AaABAg",
            "reply_content": "\u70ba\u4ec0\u9ebc\u8981\u8ce3\u6389\u767e\u842c\u8a02\u95b1\u7684\u734e\u724c\u90a3\u500b\u5f88\u73cd\u8cb4\uff0c\u9322\u4e5f\u8cb7\u4e0d\u5230\u6b38"
        },
        {
            "reply_id": "UgxO_dtz0NNEgHS9W-p4AaABAg",
            "reply_content": "\u5be7\u590f\u591c\u5e02"
        },
        {
            "reply_id": "UgzRCT1-vnK59ScEJNd4AaABAg",
            "reply_content": "\u5c31\u8ddf\u6211\u6253\u5f00\u624b\u673a\u6d4f\u89c8\u6dd8\u5b9d\u6216\u8005\u62fc\u591a\u591a\u7684\u65f6\u5019\u770b\u89c1\u4ef7\u683c\u4fbf\u5b9c\u6211\u5176\u5b9e\u4e5f\u4e0d\u77e5\u9053\u6211\u81ea\u5df1\u5230\u5e95\u9700\u8981\u7528\u4e0d\u7528\uff0c\u4f46\u662f\u5b83\u771f\u7684\u597d\u4fbf\u5b9c\uff0c\u6dd8\u7279\u4e00\u5757\u94b1\u7684\u4e1c\u897f\u4e70\u4e09\u4e2a\u5c31\u662f\u4e09\u5757\u94b1\u8fd8\u5305\u90ae\uff0c\u7136\u540e\u662f\u95f2\u9c7c\u4e8c\u624b\uff0c\u6700\u540e\u5c31\u662f\u90a3\u4e9b\u98df\u54c1\u771f\u7684\u4fbf\u5b9c\u554a\u6211\u53d7\u4e0d\u4e86\u8bf1\u60d1\u5c31\u4e70\u4e86\uff0c\u5bb6\u91cc\u4e70\u4e86\u4e00\u5806\u6ca1\u6709\u7528\u7684\u4e1c\u897f\u5c0f\u7684\u4e00\u5757\u94b1\u5230\u8d35\u7684\u51e0\u5341\u5757\u3002"
        },
        {
            "reply_id": "UgwbgCRkaDQYkA9T7N14AaABAg",
            "reply_content": "\u59b9\u597d\u6b63"
        },
        {
            "reply_id": "UgzSxtFI4Q746HfMvxd4AaABAg",
            "reply_content": "\u53ef\u4e0d\u53ef\u4ee5\u62cd\u65b0\u5bb6"
        },
        {
            "reply_id": "UgzNnS8-d8uU8rkoQJ14AaABAg",
            "reply_content": "\u6211\u883b\u60f3\u8981\u98db\u93e2\u6a5f\u9912"
        },
        {
            "reply_id": "Ugzm0x8h98pnnGGXmyF4AaABAg",
            "reply_content": "\u7b2c\u4e00\u500b\u5bb6\u7e3d\u662f\u5145\u6eff\u7121\u6578\u56de\u61b6"
        },
        {
            "reply_id": "UgyhQ5PRsOWnq6aoF0l4AaABAg",
            "reply_content": "\u597d\u73a9"
        },
        {
            "reply_id": "UgzZdGeXWK0N4ggj29l4AaABAg",
            "reply_content": "\u61c9\u8a72\u8981\u8ce3\u80fd\u5728\u5ec1\u6240\u62cd\u7167\u7684\u6a5f\u6703"
        },
        {
            "reply_id": "UgwtAUiKiiSlfBGEqXB4AaABAg",
            "reply_content": "\u6240\u4ee5\u7f8e\u9e97\u671b\u90a3\u662f\u4e0d\u662f\u59b3\u59b9"
        },
        {
            "reply_id": "Ugyjp3Ux_T-C-KEylFZ4AaABAg",
            "reply_content": "\u592a\u5f37\u4e86\u5566"
        },
        {
            "reply_id": "UgzwXQz_NETHGB4X6ZN4AaABAg",
            "reply_content": "\u5167\u8863\u8ddf\u501f\u7684\u6771\u897f\u62ff\u4f86\u7af6\u6a19\u662f\u5728\u55e8"
        },
        {
            "reply_id": "UgyAhlXOYPIPixyXalR4AaABAg",
            "reply_content": "\u628a\u734e\u724c\u8ce3\u6389\u662f\u771f\u7684\u72e0"
        },
        {
            "reply_id": "UgwFHTt1H6z7O5l3Zwh4AaABAg",
            "reply_content": "\u52a0\u6cb9"
        },
        {
            "reply_id": "UgxgtFH4Duoz2XtoFLx4AaABAg",
            "reply_content": "\u4e26\u6c92\u6709\u642c\u5bb6\u53ea\u662f\u623f\u5b50\u91cd\u65b0\u88dd\u6f62\u4e86"
        },
        {
            "reply_id": "UgyI3u1mf3jWNIqaNe54AaABAg",
            "reply_content": "\u5e79\u6211\u4e5f\u8981"
        },
        {
            "reply_id": "UgwwqBnNY_Crkgfv_oh4AaABAg",
            "reply_content": "\u54c7\u9760\u767e\u842c\u734e\u724c\u4e5f\u62ff\u51fa\u4f86"
        }
    ]
}