{
    "video_info": {
        "id": "WISBeHVTnsQ",
        "channelTitle": "\u597d\u68d2Bump",
        "title": "\u6211\u73a9NFT\u904a\u6232\u8eba\u8cfa40\u5929\uff01\u9760\u9019\u62db\u624d\u80fd\u771f\u7684\u8cfa\u5230\u9322\uff1f\uff01\u5927\u5bb6\u5343\u842c\u5225\u5617\u8a66\uff01\u3010\u597d\u68d2Bump\u3011\u3010NFT\u904a\u6232\u934a\u91d1\u8853\u3011",
        "description": "\u524d\u9663\u5b50\u5f88\u7d05\u7684NFT\u904a\u6232\u771f\u7684\u80fd\u8cfa\u9322\u55ce\uff1f \u4eca\u5929\u76f4\u63a5\u82b1\u9322\u5be6\u6e2c\u7d66\u5927\u5bb6\u770b\uff0c\u5230\u5e95\u80fd\u8cfa\u591a\u5c11\u9322\uff1f\u800c\u53c8\u8981\u600e\u9ebc\u8cfa\u9322\uff1f\n\n#NFT\u904a\u6232 #\u52a0\u5bc6\u70b8\u5f48 #\u904a\u6232\u5feb\u5012\u4e86\u624d\u4e0a\u7247\u662f\u7db2\u7d05\u7684\u57fa\u672c\u7d20\u990a\n--------------------------------------------------------- \n\u4e0a\u4e00\u90e8\u5f71\u7247 \u5931\u6563\u591a\u5e74\u7684\u59b9\u59b9\u7adf\u662f\u76f4\u64ad\u4e3b\uff1f\u5047\u88dd\u964c\u751f\u4eba\u7206\u523720\u842c\uff01\u518d\u7d04\u5979\u51fa\u4f86\u78b0\u9762\u76f8\u8a8d\u3010\u597d\u68d2Bump\u3011\nhttps://youtu.be/y-QvxGjreKQ\n\n\u8001\u5b50\u7684IG\uff1ahttps://bit.ly/2JqmmIq\n\u8001\u5b50\u7684FB\uff1ahttps://bit.ly/2s3pwwb",
        "likeCount": "13814",
        "commentCount": "621",
        "viewCount": "1197751"
    },
    "comments": [
        {
            "reply_id": "UgzrqZUAcxGT6rN4m4t4AaABAg",
            "reply_content": "\u907f\u514d\u9592\u7f6e\u7684\u554f\u984c\u53ef\u4ee5\u7528\u6ed1\u9f20\u7d00\u9304\u7684\u8edf\u9ad4\u89e3\u6c7a\u5427\ud83e\udd14"
        },
        {
            "reply_id": "UgxxFCWSOU9kk7XvdNl4AaABAg",
            "reply_content": "\u5c31\u662f\u5237\u5237\u5237\u904a\u6232"
        },
        {
            "reply_id": "UgyHvR2Fl4IH2EVZsf14AaABAg",
            "reply_content": "\u8b1d\u8b1d\u8001\u95c6\u7d05\u8272\u8173\u8272"
        },
        {
            "reply_id": "UgygerpSraEm92XYN7N4AaABAg",
            "reply_content": "\u54c8\u54c8\u54c8"
        },
        {
            "reply_id": "UgwtB2WXne6RaEN-ahl4AaABAg",
            "reply_content": "\u767e\u59d3\u90a3\u6bb5\u771f\u7684\u597d\u597d\u7b11"
        },
        {
            "reply_id": "Ugwfw5l1lvwArs3Cy4d4AaABAg",
            "reply_content": "\u6c34\u5594"
        },
        {
            "reply_id": "UgwNO0NKjsXxz9Hmn8J4AaABAg",
            "reply_content": "\u9019\u652f\u7247\u771f\u7684\u8b93\u6211\u7b11\u6b7b"
        },
        {
            "reply_id": "UgxJibOxDZOq3kDEnLB4AaABAg",
            "reply_content": "\u6c42\u904a\u6232\u7db2\u5740"
        },
        {
            "reply_id": "UgwIcz0ES7_ORmYct7V4AaABAg",
            "reply_content": "\u4f60\u71d2\u91d1\u7d19\u5e79\u561b"
        },
        {
            "reply_id": "UgwUwYMZcHVPPvXRiKB4AaABAg",
            "reply_content": "\u5f71\u7247\u8cea\u611f\u8d8a\u4f86\u8d8a\u597d"
        },
        {
            "reply_id": "Ugzz8-ZuP6hOEJX6ZDN4AaABAg",
            "reply_content": "\u9084\u662f\u6c92\u6709\u7576\u521d\u5929\u5802\u6642\u671f\u904a\u6232\u5404\u7a2e\u7db2\u8def\u904a\u6232\u865b\u64ec\u8ca8\u5e63\u53ca\u8ca8\u7269\u4f86\u7684\u503c\u9322\u3002"
        },
        {
            "reply_id": "UgwG5dkOuwVdVD2Wxcp4AaABAg",
            "reply_content": "\u6b63\u59ba\u5c31\u662f\u6d41\u91cf\u5bc6\u78bc"
        },
        {
            "reply_id": "UgxyzsQybjZdEJK9bZl4AaABAg",
            "reply_content": "\u597d\u68d2\u4f60\u597d\u8acb\u554f\u9019\u500b\u9084\u6709\u55ce"
        },
        {
            "reply_id": "UgxGBU7S7FPokaM-7nZ4AaABAg",
            "reply_content": "\u600e\u9ebc\u597d\u4e45\u6c92\u66f4\u65b0\u4e86"
        },
        {
            "reply_id": "UgzXUelY7aIdJ0evaN94AaABAg",
            "reply_content": "\u611f\u89ba\u9019\u525b\u958b\u59cb\u5f88\u597d\u8cfa"
        },
        {
            "reply_id": "UgzFhS7vsDWbyHSOxIB4AaABAg",
            "reply_content": "\u8acb\u554f\u9019\u904a\u6232\u53eb\u4ec0\u9ebc"
        },
        {
            "reply_id": "UgwdfKzxpYaOZHnip7d4AaABAg",
            "reply_content": "\u9019\u7a2e\u6771\u897f\u90fd\u662f\u9019\u6a23\u8d8a\u4f86\u8d8a\u591a\u4eba\u77e5\u9053\u4e00\u5b9a\u6703\u8cb6\u503c"
        },
        {
            "reply_id": "UgxyJm11kjfWklTIohp4AaABAg",
            "reply_content": "\u8ce3\u6389\u5f8c\u5c31\u53ea\u6709\u7a7a\u865b\u611f"
        },
        {
            "reply_id": "Ugwjm6tR4625peX5wWV4AaABAg",
            "reply_content": "\u53f3\u908a\u90a3\u500b\u7537\u7684\u6f14\u6280\u6709\u5f85\u52a0\u5f37"
        },
        {
            "reply_id": "UgxztmJiGe5NPoHLh-94AaABAg",
            "reply_content": "\u9e79\u9b5a\u7ffb\u8eab\u7684\u5ee3\u544a\u53ef\u4ee5\u6aa2\u8209\u55ce\u3002\u5abd\u7684\u770b\u5230\u5c31\u60f3\u6aa2\u8209"
        },
        {
            "reply_id": "UgxHFLv8O22CDtrozFd4AaABAg",
            "reply_content": "\u6b7b\u9ed1\u6a58"
        },
        {
            "reply_id": "UgwJH4bhvOwpOjqYqZB4AaABAg",
            "reply_content": "\u611f\u89ba\u6700\u5f8c\u90a3\u500b\u8ce3\u5931\u6557\u5f88\u7a7a\u865b\u7b11\u6b7b"
        },
        {
            "reply_id": "UgzjZW-YnKmc8cRPXOV4AaABAg",
            "reply_content": "\u4e0d\u8981\u89ba\u5f97\u8ce3\u7684\u592a\u4fbf\u5b9c \u56e0\u70ba\u904e\u5e7e\u5929\u5e63\u50f9\u66b4\u8dcc\u4f60\u53ef\u80fd\u534a\u50f9\u90fd\u8ce3\u4e0d\u51fa\u53bb"
        },
        {
            "reply_id": "UgyzmCYlTecfPwsMRkZ4AaABAg",
            "reply_content": "\u6211\u662f\u5176\u4e2d\u90a3\u5e7e\u500b\u652f\u6301\u963f\u5317\u7684\u4eba"
        },
        {
            "reply_id": "UgyFt4Asq4dJfzSY9bN4AaABAg",
            "reply_content": "\u4e0b\u6b21\u6559\u5c0e\u5982\u4f55\u62bd\u5361\u5100\u5f0f"
        }
    ]
}