{
    "video_info": {
        "id": "X9Yocc0tK2g",
        "channelTitle": "\u597d\u68d2Bump",
        "title": "\u53ea\u8981\u8fa6\u5e33\u865f\u5c31\u9001300\u842c\u73fe\u91d1\uff01\uff1f\u865f\u53ec\u4e0a\u5343\u4eba\u6d17\u7206\u77e5\u540d\u4ea4\u6613\u6240\uff01\u3010\u597d\u68d2Bump\u3011",
        "description": "\u5de5\u5177\u53ea\u662f\u5de5\u5177\uff0c\u662f\u7528\u7684\u4eba\u6c7a\u5b9a\u4e86\u5b83\u7684\u597d\u58de\u3002\n\n#\u8a3b\u518a\u4ea4\u6613\u6240 #\u90015\u7f8e\u91d1 #\u5de5\u5177\u6c92\u6709\u597d\u58de\u4e4b\u5206\n--------------------------------------------------------- \n\u4e0a\u4e00\u90e8\u5f71\u7247 \u6211\u628a40\u5e74\u8001\u5c4b\u5927\u6539\u9020\u2026 \u8b8a\u6210\u667a\u80fd\u79d1\u6280\u623f\uff01 \u79df\u51fa\u53bb\u80fd\u8cfa\u591a\u5c11\u9322\uff1f\u3010\u597d\u68d2Bump\u3011https://youtu.be/3xcQsxpMM2o\n\n\u8001\u5b50\u7684IG\uff1ahttps://bit.ly/2JqmmIq\n\u8001\u5b50\u7684FB\uff1ahttps://bit.ly/2s3pwwb",
        "likeCount": "44885",
        "commentCount": "3406",
        "viewCount": "1013364"
    },
    "comments": [
        {
            "reply_id": "Ugxa9WBHy_sN-BaBDOt4AaABAg",
            "reply_content": "\u770b\u4f60\u7684\u5f71\u7247 \u6bd4\u770b\u90a3\u4e9b\u70ab\u5bcc\u70ab\u5976\u5634\u7832\u5225\u4eba\u4f86\u7684\u9019\u4e9b\u7db2\u8def\u5f71\u7247\u597d\u592a\u591a"
        },
        {
            "reply_id": "UgygBBwAzlNDdRwf2l14AaABAg",
            "reply_content": "\u4eba\u53ea\u6709\u5feb\u6c92\u547d\u624d\u6703\u66f4\u73cd\u60dc\u751f\u547d"
        },
        {
            "reply_id": "Ugxe4Ggu98Vb9VsS8PN4AaABAg",
            "reply_content": "\u9019\u5c31\u662f\u53f0\u7063"
        },
        {
            "reply_id": "UgxW9QdI2yxC1O-CGcp4AaABAg",
            "reply_content": "\u5982\u679c\u662f\u4e00\u4e9b\u7acb\u59d4\u7684\u5c0f\u5b69\u4e00\u5b9a\u5f88\u5feb\u5c31\u6703\u6539\u4e86\u53f0\u7063\u771f\u7684\u53ef\u4ee5\u52a0\u6cb9\u4e00\u9ede\ud83d\ude02"
        },
        {
            "reply_id": "UgxOpFPzmPTdmgcZT6R4AaABAg",
            "reply_content": "\u8acb\u554f\u8a3b\u518a\u5b8c\u600e\u9ebc\u5be6\u540d\u8a8d\u8b49"
        },
        {
            "reply_id": "Ugwxf6A22o2OgJXEO2t4AaABAg",
            "reply_content": "\u8acb\u554f\u793e\u7fa4\u5bc6\u78bc"
        },
        {
            "reply_id": "Ugw2ybkBabmZ5JKl0kd4AaABAg",
            "reply_content": "\u8aaa\u600e\u9ebc\u570b\u5bb6\u600e\u9ebc\u4e0d\u8b93\u4ed6\u6d3b\u600e\u9ebc\u4e0d\u8aaa\u4ed6\u5011\u8981\u600e\u9ebc\u70ba\u9019\u570b\u5bb6\u8ca2\u737b\uff1f\u9664\u975e\u4ed6\u662f\u8ddf\u970d\u91d1\u4e00\u6a23\u7684\u5929\u624d\u5426\u7136\u6191\u4ec0\u9ebc\u570b\u5bb6\u8981\u5e6b\u52a9\u4ed6\u5011\u5462\uff1f\u5c31\u627f\u8a8d\u7684\u9019\u75c5\u9019\u8f29\u5b50\u5c31\u5b8c\u86cb\u4e86\u5427\uff0c\u96d6\u7136\u5f88\u6b98\u9177\u4f46\u9019\u5c31\u662f\u4e8b\u5be6"
        },
        {
            "reply_id": "Ugwg_Itm4LEA58sFLCl4AaABAg",
            "reply_content": "\u53f0\u7063\u5c31\u662f\u9700\u8981\u68d2\u54e5\u9019\u6a23\u7684\u4eba\u66ff\u5f31\u52e2\u767c\u8072"
        },
        {
            "reply_id": "UgwVcNDU8xkOGgQs-DR4AaABAg",
            "reply_content": "\u8d85\u68d2\u7684\u4f60"
        },
        {
            "reply_id": "Ugx55Xgv_HHrS_z2MuB4AaABAg",
            "reply_content": "\u5509\u53f0\u7063\u53ea\u8981\u7968"
        },
        {
            "reply_id": "UgyUi8v8JsaZFDfoSpN4AaABAg",
            "reply_content": "\u53eb\u4ed6\u591a\u5ff5\u963f\u5f4c\u9640\u4f5b\u5e38\u4f5c\u5584\u4e8b"
        },
        {
            "reply_id": "UgxzxDNi9Tmey-K5FV54AaABAg",
            "reply_content": "\u8d85\u96e3\u904e\u6211\u9084\u4e0d\u4f86\u8a3b\u518a"
        },
        {
            "reply_id": "UgyvxgKyrscOMXMXMQ54AaABAg",
            "reply_content": "\u611f\u8c22\u5206\u4eab"
        },
        {
            "reply_id": "UgwLT2ZjA62-nzbu4bx4AaABAg",
            "reply_content": "\u52a0\u6cb9"
        },
        {
            "reply_id": "Ugz7Go5xOKeifHrWrbB4AaABAg",
            "reply_content": "\u653f\u5e9c\u524d\u77bb\u8a08\u756b8\u5343\u5104\u62ff\u4f86\u6551\u52a9\u5b69\u7ae5\u4e0d\u66c9\u5f97\u6709\u5e7e\u767e\u842c\u500b\u5bb6\u5ead\u53d7\u60e0"
        },
        {
            "reply_id": "UgwjNquT5Rr4fR_bGPd4AaABAg",
            "reply_content": "\u653f\u5ba2\u7684\u5bb6\u5c6c\u53bb\u7684\u8a71\u6253\u4e00\u5291\u5927\u6982\u53ea\u8981\u5169\u767e\u584a\u5427"
        },
        {
            "reply_id": "UgzWpxY-eBV3IO0p0mp4AaABAg",
            "reply_content": "\u50cf\u5b6b\u751f\u53bb\u53c3\u52a0\u9928\u9577\u8a2a\u554f\uff0c\u53ef\u4ee5\u8b93\u5927\u5bb6\u9032\u4e00\u6b65\u4e86\u89e3\u4f60\u5594"
        },
        {
            "reply_id": "UgwUna-nZ8dUwoGaJzN4AaABAg",
            "reply_content": "\u52a0\u6cb9\u6211\u652f\u6301\u4f60"
        },
        {
            "reply_id": "Ugwa-ek9MTZ4VxsY_Nh4AaABAg",
            "reply_content": "\u6bcf\u6b21\u770b\u5230\u9019\u9ebc\u50b7\u5fc3\u7684\u4e8b\u60c5 \u90fd\u89ba\u5f97\u5e0c\u7279\u52d2\u771f\u7684\u5f88\u6709\u9060\u898b"
        },
        {
            "reply_id": "UgxPwK9lXdSv8mkxbxB4AaABAg",
            "reply_content": "\u5982\u679c\u6f38\u51cd\u4eba\u5354\u6703\u7684\u6350\u6b3e\u4e5f\u80fd\u88dc\u52a9\u4ed6\u5011\u8cb7\u85e5\u5c31\u597d\u4e86\u22ef"
        },
        {
            "reply_id": "UgzZV7tDFhtHdIMqhQN4AaABAg",
            "reply_content": "\u9a6c\u6765\u897f\u4e9a\u4eba\u6ce8\u518c\u4e5f\u884c\u5417"
        },
        {
            "reply_id": "UgyoXqTJxUJ9X4fq8194AaABAg",
            "reply_content": "\u8acb\u554f\u8a72\u5982\u4f55\u77e5\u9053\u81ea\u5df1\u7684\u5e33\u865f\u662f\u5426\u88ab\u89e3\u9664\u9080\u8acb\u78bc\u4e86"
        },
        {
            "reply_id": "UgyeULqv4_FmJmN3V4l4AaABAg",
            "reply_content": "\u61f7\u5ff5\u5ec1\u6240"
        },
        {
            "reply_id": "Ugwr0tXS2DqWyYNQZeV4AaABAg",
            "reply_content": "\u52a0\u6cb9"
        },
        {
            "reply_id": "UgyaBO9qo0SmIsOIgK54AaABAg",
            "reply_content": "\u82f1\u96c4"
        }
    ]
}