{
    "video_info": {
        "id": "xgHvDPIRDvM",
        "channelTitle": "\u597d\u68d2Bump",
        "title": "\u6211\u7528\u7279\u65af\u62c9\u5075\u6e2c\u7cfb\u7d71\u6293\u9b3c\uff01\u7adf\u4e0d\u5c0f\u5fc3\u5e36\u4e86\u9ad2\u6771\u897f\u56de\u5bb6...\uff01\u3010\u597d\u68d2Bump\u3011\u3010\u6293\u9b3c\u934a\u91d1\u8853\u3011ft.\u5927\u9ebb\u7169",
        "description": "\u9b3c\u9580\u958b\u5c31\u662f\u8981\u53bb\u6293\u5e7e\u96bb\u9b3c\u4f86\u8ce3\u963f\uff01\u6709\u6c92\u6709\u4eba\u8981\u8cb7\uff1f\u8d95\u5feb\u79c1\u8a0a\u6211,\u65b0\u9bae\u7684\u54e6~\n\n#\u8fb2\u66c6\u4e03\u6708\u534a #\u7279\u65af\u62c9\u6293\u9b3c #\u5e0c\u671b\u8ddf\u56de\u4f86\u9019\u500b\u662f\u6b63\u59b9 \n--------------------------------------------------------- \r\n\u4e0a\u4e00\u90e8\u5f71\u7247\u8e22\u7206\u516c\u5bb6\u6a5f\u95dc\u5403\u6848\uff01\u864e\u982d\u8702\u5165\u4fb52\u500b\u6708\u7adf\u4e0d\u4f86\u8655\u7406\uff01\u3010\u597d\u68d2Bump\u3011https://youtu.be/0BZHgB1kf3Q\n\r\n\u8001\u5b50\u7684IG\uff1ahttps://bit.ly/2JqmmIq\r\n\u8001\u5b50\u7684FB\uff1ahttps://bit.ly/2s3pwwb",
        "likeCount": "20168",
        "commentCount": "2399",
        "viewCount": "1365104"
    },
    "comments": [
        {
            "reply_id": "UgwQ8nHKqu2TXBqBhLZ4AaABAg",
            "reply_content": "\u6211\u662f\u4e00\u500b\u7f6e\u9802\u7559\u8a00"
        },
        {
            "reply_id": "UgwPdSLqHWDfH5W24Xl4AaABAg",
            "reply_content": "\u6703\u4e0d\u6703\u5f88\u6050\u6016"
        },
        {
            "reply_id": "UgyNUVL3FxhqFxI36pd4AaABAg",
            "reply_content": "\u9e7d\u52a0\u7c73\u5c31\u53ef\u4ee5\u4e86"
        },
        {
            "reply_id": "Ugye2YbsvJUC5uUGxxZ4AaABAg",
            "reply_content": "\u6211\u662f\u4e00\u500b\u7b49\u8a02\u95b1\u7684\u4eba"
        },
        {
            "reply_id": "Ugx-JWaZqL3qz0_SIQV4AaABAg",
            "reply_content": "\u6211\u9019\u4e0d\u4fe1\u6709\u9b3c\u4e0b\u6b21\u5728\u6293\u4f86\u7d66\u4eba\u770b\u6216\u8a31\u6211\u6703\u4fe1"
        },
        {
            "reply_id": "UgyzRhgB16Ajhva0F0F4AaABAg",
            "reply_content": "\u592a\u786c\u4e86\u5566"
        },
        {
            "reply_id": "UgwGXFYLcomO3SM9hll4AaABAg",
            "reply_content": "\u5728\u4f86\u9ede\u985e\u4f3c\u7684"
        },
        {
            "reply_id": "Ugw8yfTPUMk5eFCKr7F4AaABAg",
            "reply_content": "\u9a45\u9b3c\u4eba"
        },
        {
            "reply_id": "UgybH8mUD87HENiLjJx4AaABAg",
            "reply_content": "\u6211"
        },
        {
            "reply_id": "Ugw7i1zPPwvfYlFRWXR4AaABAg",
            "reply_content": "\u5bb6\u5ba4"
        },
        {
            "reply_id": "Ugy5KeUrM4MbmRxCorZ4AaABAg",
            "reply_content": "\u73a9\u789f\u4ed9\u554f\u4ed6"
        },
        {
            "reply_id": "UgyZSi9CLg6GuV8i9bF4AaABAg",
            "reply_content": "\u9760\u9019\u96c6\u592a\u597d\u7b11\u4e86\u516b"
        },
        {
            "reply_id": "UgzKty54X86a1QOt8tp4AaABAg",
            "reply_content": "\u6211\u8981"
        },
        {
            "reply_id": "Ugyn8sgkAchk7wOAMIt4AaABAg",
            "reply_content": "\u62cd\u5b8c\u8fd9\u96c6\u611f\u89c9\u7279\u65af\u62c9\u4e0d\u7528\u5356\u4e86"
        },
        {
            "reply_id": "UgwGaq3L8excD8SI3kB4AaABAg",
            "reply_content": "\u54c8\u54c8\u54c8\u54c8\u54c8"
        },
        {
            "reply_id": "UgzG5UneIWY-zUEocnd4AaABAg",
            "reply_content": "\u771f\u7684\u6709\u5973\u751f\u8072\u97f3\u6b38"
        },
        {
            "reply_id": "UgxQj3IhhV-i5lJw7JV4AaABAg",
            "reply_content": "\u6709\u6c92\u6709\u79e4\u91cd"
        },
        {
            "reply_id": "UgyvNpDpJJnT3H2MYvJ4AaABAg",
            "reply_content": "\u5b6c"
        },
        {
            "reply_id": "UgyeOqkNpjomMdcVyo14AaABAg",
            "reply_content": "\u6211\u770b\u8457\u770b\u8457\u4e5f\u89ba\u5f97\u982d\u75db"
        },
        {
            "reply_id": "Ugy-pr0u5p9EqtN1Rep4AaABAg",
            "reply_content": "\u8acb\u5e2b\u5085\u4f86"
        },
        {
            "reply_id": "UgzERGQO3Or9bmAjRzx4AaABAg",
            "reply_content": "\u60f3\u770b\u7b2c\u4e8c\u96c6"
        },
        {
            "reply_id": "UgyxJWH9jWGmZ3_QhwZ4AaABAg",
            "reply_content": "\u597d\u9a5a\u96aa\u523a\u6fc0\u7684\u4f01\u5283"
        },
        {
            "reply_id": "Ugy-7TqsI0HKTTP7yrV4AaABAg",
            "reply_content": "\u6211\u9ed1\u9762\u592a\u5b50\u53ef\u4ee5\u5e6b\u4f60\u9a45\u9b54"
        },
        {
            "reply_id": "UgxAMJYeUoPjCKqjzR94AaABAg",
            "reply_content": "\u8cb7\u8b77\u8eab\u7b26"
        },
        {
            "reply_id": "UgxsycOh2sEx5tEKLyl4AaABAg",
            "reply_content": "\u6211\u770b\u5230\u4e86\u4e0d\u662f\u4e00\u5e55"
        }
    ]
}