{
    "video_info": {
        "id": "Xv1AK1NdNmI",
        "channelTitle": "\u597d\u68d2Bump",
        "title": "\u5e6b\u591c\u5e02\u963f\u4f2f\u8ce3\u9999\u8178\u9084\u4e00\u4efd\u60c5\uff01\u7576\u521d\u662f\u4f60\u9f13\u52f5\u6211\uff0c\u73fe\u5728\u63db\u6211\u56de\u4f86\u5e6b\u4f60\uff01\u3010\u597d\u68d2Bump\u3011",
        "description": "\u4eca\u5929\u54e5\u8ce3\u5f97\u4e0d\u662f\u9999\u8178\uff0c\u662f\u4e00\u4efd\u611f\u6069\u3002\n\n#\u9084\u4e00\u4efd\u60c5 #\u9999\u8178\u754c\u7562\u5361\u7d22 #\u963f\u4f2f\u8b1d\u8b1d\u4f60\u4e00\u76f4\u76f8\u4fe1\u6211\u662f\u597d\u4eba\n--------------------------------------------------------- \r\n\u4e0a\u4e00\u90e8\u5f71\u7247\u6293\u87f2\u5375\u6642\u7684\u934a\u91d1\u8853\uff01\u807d\u8aaa1\u5929\u80fd\u8cfa2\u842c\u5143\uff01\uff1f\u3010\u597d\u68d2Bump\u3011\u3010\u87f2\u5375\u934a\u91d1\u8853\u3011https://youtu.be/u8Y6QTrk6Ek\r\n\r\n\u8001\u5b50\u7684IG\uff1ahttps://bit.ly/2JqmmIq\r\n\u8001\u5b50\u7684FB\uff1ahttps://bit.ly/2s3pwwb",
        "likeCount": "51279",
        "commentCount": "3065",
        "viewCount": "1713596"
    },
    "comments": [
        {
            "reply_id": "UgyeLghNIjiyMghDP2R4AaABAg",
            "reply_content": "\u62cd\u5f97\u5f88\u597d"
        },
        {
            "reply_id": "Ugy4PJ58qhgrAdNf80l4AaABAg",
            "reply_content": "\u963f\u4f2f\u5c0f\u5fc3\u8a50\u9a19\u5594"
        },
        {
            "reply_id": "UgxvV8TTR2z535LNAcF4AaABAg",
            "reply_content": "\u96d6\u7136\u5f88\u4e45\u4e4b\u5f8c\u624d\u770b\u5230\u9019\u652f\u5f71\u7247\uff0c\u4f46\u662f\u770b\u5230\u4f60\u5229\u7528\u4f60\u7684\u77e5\u540d\u5ea6\u4f86\u5e6b\u52a9\u5f88\u591a\u4eba\u771f\u7684\u779e\u611f\u52d5\u7684"
        },
        {
            "reply_id": "UgzKpLlOM25Jqm4SCT14AaABAg",
            "reply_content": "\u662f\u7684\u4e0d\u662f\u5f97"
        },
        {
            "reply_id": "UgxXDAIoXMV-CYs_IAV4AaABAg",
            "reply_content": "\u6524\u4f4d\u9084\u5728\u55ce"
        },
        {
            "reply_id": "Ugw98cR8zHU1HkuUqWh4AaABAg",
            "reply_content": "\u52a0\u6cb9"
        },
        {
            "reply_id": "Ugzgtw4PXcp6so3tShJ4AaABAg",
            "reply_content": "\u6211\u7684\u5b78\u6821"
        },
        {
            "reply_id": "UgxdLMOUBXOACJ51UEB4AaABAg",
            "reply_content": "\u4f60\u771f\u68d2"
        },
        {
            "reply_id": "UgzeyvZUOm7EvfFs64p4AaABAg",
            "reply_content": "\u6f88\u5e95"
        },
        {
            "reply_id": "UgzpYMvxCA1ixc2HqON4AaABAg",
            "reply_content": "\u770b\u5b8c\u51b0\u68d2\u6a5f\u56de\u4f86\u7c3d\u5230"
        },
        {
            "reply_id": "UgwCJoSvGqYuZMkyNlB4AaABAg",
            "reply_content": "\u9999\u8178\u591a\u8b1d\u4f60"
        },
        {
            "reply_id": "UgzIkkRcjc3EhxIEpbx4AaABAg",
            "reply_content": "\u4ed6\u540c\u4e00\u500b\u4eba"
        },
        {
            "reply_id": "UgyAbmiXc7MxRaozI214AaABAg",
            "reply_content": "\u4f60\u662f\u4e00\u500b\u597d\u7684\u5e74\u8f15\u7537\u5b50\u795d\u4f60\u4e8b\u696d\u589e\u589e\u65e5\u4e0a"
        },
        {
            "reply_id": "UgzixX0H8sQPN7i9Z0F4AaABAg",
            "reply_content": "\u54c8\u54c8\u54c8\u54c8\u54c8\u54c8\u54c8"
        },
        {
            "reply_id": "UgzERJzqI-JiDD0d_dl4AaABAg",
            "reply_content": "\u592f\u51a0\u5f37"
        },
        {
            "reply_id": "Ugzt-NP_EKIlDzRoFEB4AaABAg",
            "reply_content": "\u597d\u53ef\u611b\u7684\u5f71\u7247"
        },
        {
            "reply_id": "UgzNrr88qolpY73Odvh4AaABAg",
            "reply_content": "\u9ed1\u8c79\u8863\u670d"
        },
        {
            "reply_id": "Ugz3X-YMKOaSCoV5WSl4AaABAg",
            "reply_content": "\u9019\u6524\u600e\u9ebc\u8d70"
        },
        {
            "reply_id": "UgzBrq7_wqJcFmK0yQl4AaABAg",
            "reply_content": "\u73fe\u5728\u963f\u4f2f\u9084\u6709\u5728\u8ce3\u55ce"
        },
        {
            "reply_id": "UgzPeFG2eEG00EVx0JZ4AaABAg",
            "reply_content": "\u597d\u68d2\u68d2"
        },
        {
            "reply_id": "Ugx2zRONvV8n1DNHaoR4AaABAg",
            "reply_content": "\u9999\u6e2f\u4eba\u652f\u6301\u4f60"
        },
        {
            "reply_id": "UgxKK0MZVRv0OlK8DeR4AaABAg",
            "reply_content": "\u592a\u665a\u8a8d\u8b58\u4e0d\u7136\u4e5f\u6703\u5e38\u53bb\u5149\u9867\u3002\u597d\u5947\u73fe\u5728\u8001\u95c6\u751f\u610f\u597d\u4e0d\u597d"
        },
        {
            "reply_id": "UgyzEBwk6btQr23TMw14AaABAg",
            "reply_content": ""
        },
        {
            "reply_id": "UgzngaLnlnGbtw4H9UB4AaABAg",
            "reply_content": "\u4fe0\u5ba2"
        },
        {
            "reply_id": "UgwvKvfc8hS3JwnbUON4AaABAg",
            "reply_content": "\u6211\u6709\u53bb\u9952\u6cb3\u591c\u5e02\u6b38\u524d\u5e7e\u5929\u898b\u5230\u73fe\u5728\u8ce3\u70e4\u4e32\u5f88\u597d\u5403"
        }
    ]
}