{
    "video_info": {
        "id": "y5ki6Dvnhbk",
        "channelTitle": "\u597d\u68d2Bump",
        "title": "\u5728\u6211\u5c0f\u7684\u6642\u5019\uff0c\u5abd\u5abd\u62cb\u68c4\u4e86\u6211\uff0c\u800c\u4eca\u5929\u6211\u6b63\u5f0f\u539f\u8ad2\u4e86\u5979\u3002\u3010\u597d\u68d2Bump\u3011",
        "description": "\u5e0c\u671b\u80fd\u4ee5\u9019\u90e8\u5f71\u7247\u8b93\u66f4\u591a\u4eba\u653e\u4e0b\u6028\u6068\uff0c\u627e\u5230\u81ea\u5df1\u4eba\u751f\u7684\u5e78\u798f\u3002\n\n#\u771f\u7684\u597d\u75db #\u653e\u4e0b\u6028\u6068 #\u8b1d\u8b1d\u4f60\u628a\u6211\u751f\u4e0b\u4f86\n--------------------------------------------------------- \r\n\u4e0a\u4e00\u90e8\u5f71\u7247 \u6536\u8cfc20\u516c\u65a4\u7684\u96fb\u8def\u677f\uff01\u7adf\u771f\u7684\u80fd\u6d17\u51fa\u9ec3\u91d1\uff01\uff1f\u3010\u597d\u68d2Bump\u3011\u3010\u771f\u6b63\u7684\u934a\u91d1\u8853\u3011https://youtu.be/HFxiXMRBM-o\r\n\r\n\u8001\u5b50\u7684IG\uff1ahttps://bit.ly/2JqmmIq\r\n\u8001\u5b50\u7684FB\uff1ahttps://bit.ly/2s3pwwb",
        "likeCount": "25029",
        "commentCount": "1421",
        "viewCount": "950589"
    },
    "comments": [
        {
            "reply_id": "Ugzlpki97AZXlzAimR94AaABAg",
            "reply_content": "\u4e0b\u4e00\u96c6\u8981\u9ad4\u9a57\u5256\u8179\u55ce"
        },
        {
            "reply_id": "UgztOYoep1BRW5kWflt4AaABAg",
            "reply_content": "\u611f\u89ba\u5c31\u662f\u5b6b\u52dd\u7684\u6545\u4e8b"
        },
        {
            "reply_id": "UgxEPavSOyzWe-L7AGV4AaABAg",
            "reply_content": "\u8eab\u6750\u4e0d\u9519"
        },
        {
            "reply_id": "UgzyBZmbX8sNGuTs0wV4AaABAg",
            "reply_content": "\u4f60\u771f\u7684\u5f88\u68d2"
        },
        {
            "reply_id": "Ugxjz6v78O188C_kgoF4AaABAg",
            "reply_content": "\u597d\u50cf\u6709\u9322\u4eba\u5c0f\u6642\u5019\u90fd\u5f88\u6158"
        },
        {
            "reply_id": "UgzcVmKexiKqsqsSEO54AaABAg",
            "reply_content": "\u5f9e\u5c0f\u6211\u5abd\u8ca9\u8ce33\u7a2e\u4e00\u7d1a\u6bd2\u9032\u76e3\u7344\u6211\u60f3\u539f\u8ad2\u90fd\u6c92\u8fa6\u6cd5"
        },
        {
            "reply_id": "Ugw6lgqsuwHLevatLoZ4AaABAg",
            "reply_content": "\u9019\u500b\u7537\u751f\u78ba\u5be6\u597d\u68d2"
        },
        {
            "reply_id": "Ugz5B_DCwB4An133iI54AaABAg",
            "reply_content": "\u8981\u5c0d\u4f60\u597d\u7684\u4eba\u66f4\u597d"
        },
        {
            "reply_id": "UgzYP9sqOa7dX24YuF54AaABAg",
            "reply_content": "\u770b\u5b8c\u54ed\u4e86"
        },
        {
            "reply_id": "UgyAnIPpNAvHl4zMBUh4AaABAg",
            "reply_content": "\u54c8\u54c8\u54c8"
        },
        {
            "reply_id": "UgwTkPe_w1odF3Y0vnJ4AaABAg",
            "reply_content": "\u89ba\u5f97\u4f60\u7684\u5c0f\u6642\u5019\u8ddf\u6211\u50cf\u5594\uff01\u6211\u7adf\u7136\u770b\u5b8c\u9019\u5f71\u7247\u54ed\u4e86"
        },
        {
            "reply_id": "UgwLfD-eNHs72Q41WGh4AaABAg",
            "reply_content": "\u5bb6\u548c\u842c\u4e8b\u8208"
        },
        {
            "reply_id": "UgyIkZEAqGW62wNlNHV4AaABAg",
            "reply_content": "\u5f88\u591a\u7684\u7238\u7238\u662f\u5e6b\u52a9\u5b69\u5b50\u6bd4\u5abd\u591a"
        },
        {
            "reply_id": "Ugw_zr6AediBowBfDJF4AaABAg",
            "reply_content": "\u6240\u4ee5\u624d\u8981\u5256\u7522"
        },
        {
            "reply_id": "UgxZYDRROW5VdF1ez194AaABAg",
            "reply_content": "\u4ee4\u4eba\u9a55\u50b2\u7684\u4eba"
        },
        {
            "reply_id": "UgzSALPnfzU6BONqf0d4AaABAg",
            "reply_content": "\u53eb\u7684\u597d\u597d\u7b11"
        },
        {
            "reply_id": "UgwitDcU5ar9I69AGml4AaABAg",
            "reply_content": "\u8b1d\u8b1d\u4f60"
        },
        {
            "reply_id": "Ugwm_gbP95PJOe9MKDR4AaABAg",
            "reply_content": "\u5228\u5987\u4ea7\u66f4\u75db\u82e6"
        },
        {
            "reply_id": "UgyC4qu7UVqUJjkwjbV4AaABAg",
            "reply_content": "\u679c\u7136\u662f\u89aa\u751f\u7684"
        },
        {
            "reply_id": "Ugy5GsGTyiBGjtMcz_V4AaABAg",
            "reply_content": "\u61c9\u8a72\u5217\u5165\u5065\u5eb7\u6559\u80b2\u5fc5\u4fee\u8ab2"
        },
        {
            "reply_id": "Ugx1RRUoT6lefTTmCWB4AaABAg",
            "reply_content": "\u4f60\u771f\u7684\u5f88\u68d2"
        },
        {
            "reply_id": "UgyMDZiY0UNSS8MQ_Fp4AaABAg",
            "reply_content": "\u4f46\u9858\u4f60\u80fd\u9802\u5f97\u4f4f\u755c\u7272\u96c6\u5718\u63a5\u4e0b\u4f86\u7684\u653b\u64ca"
        },
        {
            "reply_id": "UgwFS2u-UHMCUPlR9-Z4AaABAg",
            "reply_content": "\u5256\u8179\u4e5f\u8981\u6328\u4e00\u5200"
        },
        {
            "reply_id": "UgwJRKSbtbNN1W5JrS94AaABAg",
            "reply_content": "\u4e0d\u8981\u70ba\u4e86\u4ec7\u6068\u800c\u53bb\u653e\u4e0b\u4e00\u6574\u7247\u68ee\u6797"
        },
        {
            "reply_id": "UgwqTUp8ijVeXgmqbzZ4AaABAg",
            "reply_content": "\u4f60\u7684\u59a5\u745e\u75c7\u662f\u88ab\u4e00\u76f4\u4fee\u7406\u800c\u597d\u8d77\u4f86\u7684\u55ce"
        }
    ]
}