{
    "video_info": {
        "id": "YjOPypL_N2Q",
        "channelTitle": "\u597d\u68d2Bump",
        "title": "\u70cf\u9d09\u88ab\u50b3\u662f\u9677\u5bb3\u653e\u706b\u7684\u5143\u5147\uff1f\u6253\u7d66\u5a92\u9ad4\u8001\u95c6\u554f\u51fa\u771f\u76f8\uff01\u3010\u597d\u68d2Bump\u3011",
        "description": "\u9019\u624d\u662f\u4ed9\u4eba\u8df3\u4e8b\u4ef6\u7684\u5b8c\u6574\u771f\u76f8\uff0c\u5435\u4ec0\u9ebc\u5435\uff0c\u9589\u5634\u770b\u5b8c\u3002\n\n#\u653e\u706b\u4ed9\u4eba\u8df3 #\u7d44\u7e54\u72af\u7f6a #\u4e0d\u6b62\u4e00\u8d77\u6848\u4f8b\n--------------------------------------------------------- \n\u4e0a\u4e00\u90e8\u5f71\u7247 \u627e\u5927\u80c3\u738b\u8def\u8def\u7d04\u6703\uff01\u5979\u7adf\u5403\u4e8633\u9053\u9802\u7d1a\u6599\u7406\uff01\u6211\u76f4\u63a5\u7834\u7522...\u3010\u597d\u68d2Bump\u3011 @\u8def\u8defLULU https://youtu.be/swcetdd5dkw \u200b\n\n\u8001\u5b50\u7684IG\uff1ahttps://bit.ly/2JqmmIq\n\u8001\u5b50\u7684FB\uff1ahttps://bit.ly/2s3pwwb",
        "likeCount": "17402",
        "commentCount": "1369",
        "viewCount": "1063246"
    },
    "comments": [
        {
            "reply_id": "Ugyd8-BTF8rG1mxGVpV4AaABAg",
            "reply_content": "\u650e\u706b\u7d14\u9752"
        },
        {
            "reply_id": "UgzxUGR-z5i2MMJnz0V4AaABAg",
            "reply_content": "\u56de\u982d\u770b\u5f71\u7247\u5168\u90fd\u6e05\u695a\u4e86"
        },
        {
            "reply_id": "UgzdUF85pw0dSafJa7x4AaABAg",
            "reply_content": "\u52fe\u60e1\u771f\u4ed6\u5abd\u5641\u5fc3"
        },
        {
            "reply_id": "UgyMx6TaTLEJW2A7LaF4AaABAg",
            "reply_content": "\u9752\u9752\u771f\u7684\u662f\u4e86\u7136"
        },
        {
            "reply_id": "UgztAn-wrtW2Lm-wjdV4AaABAg",
            "reply_content": "\u9060\u96e2\u9752\u9752\u77f3"
        },
        {
            "reply_id": "Ugw5jA-Bg3Ch_3QJX2l4AaABAg",
            "reply_content": "\u863f\u8514\u8e72\u5b8c\u653e\u706b\u8e72"
        },
        {
            "reply_id": "UgxsIItJ1kgTufiUW5V4AaABAg",
            "reply_content": "\u653e\u706b\u771f\u7684\u5f88\u8870"
        },
        {
            "reply_id": "UgyPiAbIZdaAIE0xolF4AaABAg",
            "reply_content": "\u6709\u75c5\u7684\u771f\u7684\u4e0d\u5c11"
        },
        {
            "reply_id": "Ugx0TfrPosRkWtUJFyl4AaABAg",
            "reply_content": "\u771f\u76f8"
        },
        {
            "reply_id": "UgwQUay3mVJvDJv2s-54AaABAg",
            "reply_content": ""
        },
        {
            "reply_id": "UgwXg7ZASG1d31r4ZiR4AaABAg",
            "reply_content": "\u500b\u4eba\u662f\u731c\u5979\u8ddf\u9673\u7537\u4e0d\u719f\u88ab\u9673\u7537\u5229\u7528\u6c92\u60f3\u5230\u9019\u908a\u6709\u5c0d\u8a71\u904e\u7a0b\u9084\u771f\u7684\u662f\u88ab\u5229\u7528\u7684\u4e0d\u904e\u731c\u731c\u5c31\u597d\u4e00\u5207\u9084\u662f\u8d70\u6cd5\u5f8b\u7a0b\u5e8f\u5427(\u96d6\u7136\u6cd5\u5f8b\u7a0b\u5e8f\u4e5f\u4e0d\u898b\u5f97\u662f\u771f\u76f8)"
        },
        {
            "reply_id": "UgymISOzs3D1SWuB8pl4AaABAg",
            "reply_content": "\u6240\u4ee5\u6848\u4ef6\u6709\u7d50\u5c40\u4e86\u55ce"
        },
        {
            "reply_id": "Ugz8u5lp1C40Ftis52R4AaABAg",
            "reply_content": "\u570b\u5bb6\u8a8d\u8b49\u62cd\u5047\u7247"
        },
        {
            "reply_id": "UgzgUVfk5HYjS7_Cck14AaABAg",
            "reply_content": "\u8b1b\u8a71\u8b1b\u5230\u4e00\u534a\u5e79\u561b\u8b8a\u97f3"
        },
        {
            "reply_id": "UgzIQQFrrWc8PjBH-414AaABAg",
            "reply_content": "\u627e\u5230\u771f\u51f6\u4e86"
        },
        {
            "reply_id": "UgzPXHWBlSf8CBmVeDl4AaABAg",
            "reply_content": "\u771f\u76f8\u4f86\u4e86\u5584\u826f\u7684\u5973\u751f"
        },
        {
            "reply_id": "Ugyv21Uq2yGkJpZLuHd4AaABAg",
            "reply_content": "\u8b9a"
        },
        {
            "reply_id": "UgyzkPjxZenk4PDVGcJ4AaABAg",
            "reply_content": "\u62cd\u5047\u7247\u55da\u55da\u55da"
        },
        {
            "reply_id": "UgywqhIHMfqr4SUd5nV4AaABAg",
            "reply_content": "\u8b1b\u7684\u597d"
        },
        {
            "reply_id": "UgytQaZ4UFJbRhe5FOp4AaABAg",
            "reply_content": "\u5e72"
        },
        {
            "reply_id": "Ugz0JBD96BOCVvuUi3V4AaABAg",
            "reply_content": "\u653e\u706b"
        },
        {
            "reply_id": "UgyOZ8V18zmaiId8fqp4AaABAg",
            "reply_content": "\u6bcf\u4e2a\u4eba\u90fd\u6709\u9ed1\u793e\u4f1a\u7684\u6545\u4e8b\uff0c\u6240\u4ee5\u6ca1\u5fc5\u8981\u8fd9\u6837\u8bf4\u4eba\u5bb6"
        },
        {
            "reply_id": "UgyUCsQ5pe-0BZCbIEZ4AaABAg",
            "reply_content": "\u807d\u8aaa\u4ed9\u4eba\u8df3\u96c6\u5718\u5df2\u7d93\u88ab\u591c\u5e97\u62d2\u7d55\u5165\u5834!\u4ed6\u5011\u9084\u60f3\u518d\u627e\u8a98\u990c\u548c\u597d\u591a\u7684\u5047\u5973\u53cb\u5462"
        },
        {
            "reply_id": "UgwYQMhG4hpc5VS-afZ4AaABAg",
            "reply_content": "\u5973\u751f\u771f\u7684\u5fc3\u6a5f\u5f88\u91cd\uff0c\u4e0d\u662f\u90fd\u80f8\u5927\u7121\u8166\u55ce\u600e\u9ebc\u4e16\u754c\u8b8a\u4e86"
        },
        {
            "reply_id": "UgzMtJhdwEFrq0oCHK94AaABAg",
            "reply_content": "\u770b\u5b8c\u52fe\u60e1\u4e4b\u5f8c\u4f86\u9019\u908a\u5361\u5f8c\u7e8c"
        }
    ]
}