{
    "video_info": {
        "id": "yKAnhCSC4rQ",
        "channelTitle": "\u597d\u68d2Bump",
        "title": "\u6211\u53bb\u5831\u5ee2\u5834\u6536\u96f6\u4ef6\uff01\u53ea\u75285\u842c\u5c31\u7d44\u51fa\u4e00\u53f0\u6c2e\u6c23\u5674\u5c04\u8eca\uff01\u3010\u597d\u68d2Bump\u3011",
        "description": "\u50cf\u6211\u9019\u7a2e\u7aae\u5c0f\u5b69\uff0c\u6c92\u6709\u628a\u62d4\u8cb7\u4e00\u53f0\u6cd5\u62c9\u5229\u7d66\u6211\uff0c\u53ea\u80fd\u7528\u9019\u7a2e\u65b9\u5f0f\u73a9\u8eca\u4e86\u3002\n\n#\u81ea\u5df1\u7d44\u8dd1\u8eca #\u5831\u5ee2\u8eca\u8cb7\u8ce3 #\u6c2e\u6c23\u5674\u5c04\u8eca\n--------------------------------------------------------- \n\u4e0a\u4e00\u90e8\u5f71\u7247 \u6211\u7528\u6578\u5b78\u628a\u201d\u767e\u5bb6\u6a02\u201d\u7834\u89e3\u4e86\uff01\u9760\u5718\u968a\u91cf\u5316\u5927\u8d0f150\u842c\uff01\u3010\u597d\u68d2Bump\u3011\u3010\u512a\u52e2\u73a9\u5bb6\u3011https://youtu.be/7QW7iB3IQzA\n\n\u8001\u5b50\u7684IG\uff1ahttps://bit.ly/2JqmmIq\n\u8001\u5b50\u7684FB\uff1ahttps://bit.ly/2s3pwwb",
        "likeCount": "20277",
        "commentCount": "922",
        "viewCount": "1120434"
    },
    "comments": [
        {
            "reply_id": "UgxjzUoxj84J5c7DgyR4AaABAg",
            "reply_content": "\u4ec0\u9ebc\u6642\u5019\u6709\u65b0\u7684\u4e00\u96c6"
        },
        {
            "reply_id": "UgzUFFlAr1TkOP5jfT14AaABAg",
            "reply_content": "\u9019\u500b\u7d50\u5c3e\u5f69\u5e36\u6bd4\u6f2b\u5a01\u96fb\u5f71\u9084\u7cbe\u5f69"
        },
        {
            "reply_id": "UgyjlINj2Ddu8u1Jrt54AaABAg",
            "reply_content": "\u6240\u4ee5\u4f60\u771f\u7684\u649e\u6b7b\u5169\u500b\u4eba\u5594"
        },
        {
            "reply_id": "Ugw3XLaMHoCot2sYOdh4AaABAg",
            "reply_content": "\u4f60\u7684\u5f71\u7247\u984c\u6750\u771f\u7684\u90fd\u8d85\u9177"
        },
        {
            "reply_id": "UgxJpXcqoclTZBTKcYx4AaABAg",
            "reply_content": "\u60f3\u770b\u4f60\u5011\u505a\u8d85\u8dd1\u4e8b\u6545\u8eca\u7ffb\u65b0"
        },
        {
            "reply_id": "UgzQsOPWx297kwm_sjt4AaABAg",
            "reply_content": "\u4e0b\u4e00\u96c6\u5462"
        },
        {
            "reply_id": "UgzTHALeJtveemst3HR4AaABAg",
            "reply_content": "\u5f9e\u982d\u7b11\u5230\u5c3e"
        },
        {
            "reply_id": "UgxG_vPkZW2_OKZfmjp4AaABAg",
            "reply_content": "\u7df4\u8096\u8a71"
        },
        {
            "reply_id": "UgzKYv0NEu3Gio_UxE54AaABAg",
            "reply_content": "\u5317\u4e03\u7684\u7b11\u8a71"
        },
        {
            "reply_id": "UgzIE-6S1SiF40RX86l4AaABAg",
            "reply_content": "\u649e\u6b7b\u5169\u500b\u4eba\u53eb\u9084\u597d\u4f60\u8aaa\u8a71\u6709\u554f\u984c"
        },
        {
            "reply_id": "UgzkYh7uh7Mg9n0ZnUN4AaABAg",
            "reply_content": "\u6211\u6700\u611b\u770b\u963f\u6148\u7684\u983b\u9053\u4e86"
        },
        {
            "reply_id": "UgzwgPCU9VLPN02Q0NB4AaABAg",
            "reply_content": "\u70ba\u5565\u4e0d\u80fd\u4e0a\u8def"
        },
        {
            "reply_id": "UgzBxDxTQDrwMwFgOUN4AaABAg",
            "reply_content": "\u53ef\u4ee5\u62cd\u4e0b\u53ca\u55ce"
        },
        {
            "reply_id": "UgwJnfbJsPnXcejMG4V4AaABAg",
            "reply_content": "\u6211\u4ee5\u4e3a\u771f\u7684"
        },
        {
            "reply_id": "Ugx49NN-NQBoRjtl-ap4AaABAg",
            "reply_content": "\u5728\u53f0\u7063\u55ce"
        },
        {
            "reply_id": "UgwCUZFhthOL3tYgWEh4AaABAg",
            "reply_content": "\u5feb\u7b11\u6b7b"
        },
        {
            "reply_id": "UgyXMUuzlxlbM6PoCKF4AaABAg",
            "reply_content": "\u7528\u9152\u99d5\u649e\u6b7b\u4eba\u4e00\u9ede\u4e5f\u4e0d\u597d\u7b11"
        },
        {
            "reply_id": "UgzFPIpgPYnPfeoUkid4AaABAg",
            "reply_content": "\u5230\u5e95\u8981\u4e0d\u8981\u51fa\u7247"
        },
        {
            "reply_id": "UgxJgjelbq4eQxJuE3d4AaABAg",
            "reply_content": "\u671f\u5f85"
        },
        {
            "reply_id": "UgxTyuNDg0qnY9Jwo4V4AaABAg",
            "reply_content": "\u958b\u5834\u5c31\u9ec3\u6a19\u4e5f\u592a\u72e0"
        },
        {
            "reply_id": "UgzeATeTnaBD0Lbnl4t4AaABAg",
            "reply_content": "\u597d\u6709\u8da3\u7684\u7d44\u5408"
        },
        {
            "reply_id": "Ugw33nVoXyh0ycQLsvl4AaABAg",
            "reply_content": "\u77f3\u8c79\u55ce"
        },
        {
            "reply_id": "Ugz4tLX0LoTZecQrYfl4AaABAg",
            "reply_content": "\u592a\u53b2\u5bb3\u4e86\u9019\u6a23\u6536\u8cfc\u8eca\u9084\u6709\u9322\u8cfa"
        },
        {
            "reply_id": "UgyXnGXKLPS_1ZUyoBt4AaABAg",
            "reply_content": "\u9019\u5169\u4eba\u6e4a\u4e00\u8d77\u8d85\u597d\u7b11"
        },
        {
            "reply_id": "UgwVDie-R0pvDlcQJ054AaABAg",
            "reply_content": "\u8ca1\u5bcc\u5bc6\u78bc"
        }
    ]
}