{
    "video_info": {
        "id": "yx8NFW3pzrk",
        "channelTitle": "\u597d\u68d2Bump",
        "title": "\u6709\u59b9\u624d\u6709\u6d41\u91cf\uff1f\u5be6\u6e2c\u8ce4\u8446\u544a\u8a34\u6211\u7684\u767e\u842c\u7955\u8a23\uff01\u3010\u597d\u68d2Bump\u3011",
        "description": "\u9019\u4e00\u6b21\u7d04\u5973\u751f\u662f\u7528\u9019\u500b\u8edf\u9ad4 \nhttps://reurl.cc/aNR8DQ\n\n\u6211\u4e5f\u8981\u5b8c\u6210\u7537\u4eba\u7684\u5922\u60f3\u4e86\u3002\n\n#\u4e00\u5b57\u99ac\u5fb5\u9078 #\u7c3d\u7d04\u7981\u611b\u4ee4 #\u4e09\u5973\u5c2c\u4e00\u7537\n--------------------------------------------------------- \r\n\u4e0a\u4e00\u90e8\u5f71\u7247 \u7528\u9748\u9b42\u4ea4\u63db\u5c0d\u9177\u70ab\u8a2d\u5c40\uff01\u5148\u73a9\u4ed6\u99ac\u5b50\uff01\u518d\u638f\u7a7a\u4ed6\u516c\u53f8\uff01\u3010\u597d\u68d2Bump\u3011 https://youtu.be/OBv9Obcw3T4\r\n\r\n\u8001\u5b50\u7684IG\uff1ahttps://bit.ly/2JqmmIq\r\n\u8001\u5b50\u7684FB\uff1ahttps://bit.ly/2s3pwwb",
        "likeCount": "17853",
        "commentCount": "672",
        "viewCount": "1114630"
    },
    "comments": [
        {
            "reply_id": "UgwBrIhTb_wTqvX4nhZ4AaABAg",
            "reply_content": "\u539f\u4f86\u771f\u7684\u5f88\u68d2"
        },
        {
            "reply_id": "Ugwg9yRt8I76_XVzdZZ4AaABAg",
            "reply_content": "\u4ed6\u597d\u751f\u6c23\u5594\u5594\u5594"
        },
        {
            "reply_id": "Ugzbv3FIBj6fc4htrUZ4AaABAg",
            "reply_content": "\u6b38\u5e79\u89d2\u86d9\u6b38\u6b38\u6b38\u6b38"
        },
        {
            "reply_id": "Ugw8zElJ9YJgT_2dSjR4AaABAg",
            "reply_content": "\u5c45\u7136\u8cb7\u5ee3\u544a"
        },
        {
            "reply_id": "Ugzu_ruBBMTTWv-hpVB4AaABAg",
            "reply_content": "\u7c73\u8001\u9f20"
        },
        {
            "reply_id": "UgxZuYMdnE7ex6zvta94AaABAg",
            "reply_content": "\u8ddf\u9019\u4e9b\u59b9\u5b50\u898b\u9762"
        },
        {
            "reply_id": "UgyMXuf3-4ls_AWt6xR4AaABAg",
            "reply_content": "\u600e\u9ebc\u6709\u5ee3\u544a\u554a"
        },
        {
            "reply_id": "UgzQakh_HrzF-3ZlnB94AaABAg",
            "reply_content": "\u9019\u96c6\u9084\u662f\u6c92\u5230\u767e\u842c"
        },
        {
            "reply_id": "UgyqD5U5d0LHXdzJsup4AaABAg",
            "reply_content": "\u6ffa\u8446\u4e8c\u4e16"
        },
        {
            "reply_id": "UgxvQkwX9SwSfe43iCR4AaABAg",
            "reply_content": "\u6c92\u6709\u767e\u842c"
        },
        {
            "reply_id": "Ugx13refxvFY6GFbd6N4AaABAg",
            "reply_content": "\u7e3d\u89ba\u5f97\u9019\u500b\u5973\u751f\u600e\u9ebc\u90a3\u9ebc\u50cf\u6797\u4fde\u6c5d"
        },
        {
            "reply_id": "UgzDj2UNEWUrGLztTU54AaABAg",
            "reply_content": "\u62cd\u4e00\u90e8\u67ec\u57d4\u5be8\u5c31\u597d\u5566"
        },
        {
            "reply_id": "UgzBKUdYIjm-HsvyfR94AaABAg",
            "reply_content": "\u771f\u7684\u5feb\u7b11\u6b7b"
        },
        {
            "reply_id": "UgwTCzFkX1ck_AqCtOl4AaABAg",
            "reply_content": "\u5288\u817f\u689d\u4ef6\u5b8c\u5168\u9b3c\u626f,\u6839\u672c\u662f\u6311\u9078\u5916\u578b\u50cf\u54c1\u5b50\u7684\u5427"
        },
        {
            "reply_id": "Ugzd6sJCC49x_njJo4h4AaABAg",
            "reply_content": "\u8b1b\u5225\u4eba\u5a4a\u5b50\u771f\u7684\u5f88\u6c92\u79ae\u8c8c\uff0c\u6709\u4eba\u8b1b\u4f60\u5bb6\u4eba\u5a4a\u5b50\u4f60\u6703\u559c\u6b61\u55ce"
        },
        {
            "reply_id": "Ugx9TaWT_jp9MQGZSPl4AaABAg",
            "reply_content": "\u4e0d\u7528\u9322\u6700\u8cb4\u7528\u9322\u8cb7\u4e0d\u5230\u611b\u60c5"
        },
        {
            "reply_id": "UgzCJOMmo3-0KrsaOQZ4AaABAg",
            "reply_content": "\u611f\u89ba\u4f60\u5167\u5fc3\u7a7a\u865b\u624d\u80fd\u7528\u9322\u62cd\u983b\u9053"
        },
        {
            "reply_id": "Ugz7q0UEcnl16kwHdcZ4AaABAg",
            "reply_content": "\u7b11\u8d77\u4f86\u6eff\u6b63\u7684"
        },
        {
            "reply_id": "UgzIGeRHUhbvPOuzVFZ4AaABAg",
            "reply_content": "\u6700\u5f8c\u9019\u90e8\u9084\u662f\u6c92\u5230\u767e\u842c"
        },
        {
            "reply_id": "UgzWo4QDxa8cw8aqcaB4AaABAg",
            "reply_content": "\u6211\u6703\u5288\u817f\u8036"
        },
        {
            "reply_id": "UgyzRucE8uWTV6W1j-t4AaABAg",
            "reply_content": "\u7b11\u6b7b"
        },
        {
            "reply_id": "Ugzk8GOAQ6qk6-HssUx4AaABAg",
            "reply_content": "\u9019\u96c6\u597d\u7121\u804a"
        },
        {
            "reply_id": "Ugw2pyaVLi4lC1ghZN14AaABAg",
            "reply_content": "\u4e0d\u53ef\u4ee5\u8272\u8272"
        },
        {
            "reply_id": "UgxHoQHcDA2DGoPGnl94AaABAg",
            "reply_content": "\u5973\u751f\u5f88\u53ef\u611b"
        },
        {
            "reply_id": "UgwbM7368khITKt-nt54AaABAg",
            "reply_content": "\u4f60\u4e0d\u8981\u5c0d\u5973\u751f\u90a3\u9ebc\u5147\u672c\u4f86\u53ef\u611b\u90fd\u88ab\u4f60\u5f04\u81ed\u81c9"
        }
    ]
}