{
    "video_info": {
        "id": "yyFKlrpP4N0",
        "channelTitle": "\u597d\u68d2Bump",
        "title": "\u6700\u8fd1\u7761\u5f97\u4e0d\u592a\u597d... \u8d81\u6a5f\u7d04\u5973\u751f\u56de\u5bb6\u966a\u7761\uff01  \u3010\u597d\u68d2Bump\u3011",
        "description": "\u4eca\u5929\u8981\u8ddf\u5927\u5bb6\u8aaa\u7684\u662f\u4e00\u6bb5\u73cd\u60dc\u751f\u547d\u7684\u6545\u4e8b\nYou only live once \ud83d\udc47\nhttps://reurl.cc/qm1jRy\n\n3\uff1a25\u79d2\u6aa2\u6e2c\u6642\u6211\u8cbc\u6eff\u81c9\u7684\u81a0\u5e36\uff0c\u662f\u6211\u6015\u7ffb\u8eab\u6642\u7ba1\u7dda\u6703\u6389\uff0c\u4e26\u4e0d\u662f\u6b63\u898f\u6aa2\u6e2c\u65b9\u5f0f\u55b2\u3002\n\n#\u7761\u7720\u547c\u5438\u4e2d\u6b62\u75c7 #\u5148\u6c42\u6709\u518d\u6c42\u597d #\u5f90\u745e\u967d\u4f60\u51fa\u4f86\u4e00\u4e0b \n\n\u6210\u70ba\u9019\u500b\u983b\u9053\u7684\u6703\u54e1\u4e26\u7372\u5f97\u734e\u52f5\uff1a\nhttps://www.youtube.com/channel/UC7XxnhjdYjiQJ3m80K_N_4g/join\n\n--------------------------------------------------------- \r\n\u4e0a\u4e00\u90e8\u5f71\u7247 \u5929\u54ea... \u6211\u8acb\u4e86\u4e00\u7fa4\u4f4e\u667a\u5546\u7247\u5e2b... \u300c\u7684\u5f97\u300d\u300c\u5728\u518d\u300d\u90fd\u5206\u4e0d\u6e05\u695a....\u3010\u597d\u68d2Bump\u3011https://www.youtube.com/watch?v=h1vHXfijZ08&t=188s\n \r\n\u8001\u5b50\u7684IG\uff1ahttps://bit.ly/2JqmmIq\r\n\u8001\u5b50\u7684FB\uff1ahttps://bit.ly/2s3pwwb",
        "likeCount": "12091",
        "commentCount": "627",
        "viewCount": "834755"
    },
    "comments": [
        {
            "reply_id": "Ugwqt7gpmoVJu5gdOIJ4AaABAg",
            "reply_content": "\u9019\u662f\u4e00\u500b\u544a\u8a34\u5927\u5bb6\u8981\u73cd\u60dc\u751f\u547d\u7684\u6545\u4e8b"
        },
        {
            "reply_id": "Ugy_aq-evH2ZhNAreFF4AaABAg",
            "reply_content": "\u61c9\u8a72\u6574\u591c\u6c92\u7761\u56c9"
        },
        {
            "reply_id": "UgyfQDzOn4ezzX-MZOh4AaABAg",
            "reply_content": "\u7b11\u5230\u7ffb\u6389"
        },
        {
            "reply_id": "UgwQWlKJYHVNnb0cIZN4AaABAg",
            "reply_content": ""
        },
        {
            "reply_id": "UgzJPxrxsQ8o-YicHwt4AaABAg",
            "reply_content": "\u9019\u662f\u53ef\u4ee5\u6cbb\u7642\u7684"
        },
        {
            "reply_id": "UgzbB5gyo5hnsYNX5714AaABAg",
            "reply_content": "\u6211\u4e5f\u6703\u963f"
        },
        {
            "reply_id": "Ugwt0tVt6wxfDucB-Bx4AaABAg",
            "reply_content": "\u967d\u6703\u88ab\u58d3\u6b7b"
        },
        {
            "reply_id": "UgxS3Bq-OXhc6R0ONJV4AaABAg",
            "reply_content": "\u6211\u5728\u60f3\u547c\u5438\u4e2d\u6b62\u558a\u59a5\u745e\u662f\u4e0d\u662f\u6709\u95dc\u806f\u4ee5\u524d\u4e5f\u59a5\u745e\u7136\u5f8c\u4e5f\u547c\u5438\u4e2d\u6b62\u75c7\u5f8c\u4f86\u6211\u662f\u958b\u5200\u628a\u6241\u689d\u7dda\u5207\u6389\u4e86"
        },
        {
            "reply_id": "UgwTqbfU2CTBlYjMHJ14AaABAg",
            "reply_content": "\u6211\u4e5f\u6709"
        },
        {
            "reply_id": "UgzlS78jG_Ll5hjKeyp4AaABAg",
            "reply_content": "\u6211\u7238\u4e5f\u6703\u4f46\u6234\u4e00\u500b\u6a5f\u5668\u5c31\u53ef\u4ee5\u597d\u597d\u7761\u89ba\u4e86"
        },
        {
            "reply_id": "UgywIs831uPJG8Zy_nB4AaABAg",
            "reply_content": "\u795e\u7d93\u75c5"
        },
        {
            "reply_id": "Ugw8pSx8JSDIPXekgAB4AaABAg",
            "reply_content": "\u7f8a\u5f88\u73fe\u5be6"
        },
        {
            "reply_id": "Ugw2XEUSi5on6lqt_E94AaABAg",
            "reply_content": "\u4ec0\u4e48\u8f6f\u4ef6\u554a"
        },
        {
            "reply_id": "UgzSpJBqjf1mCVjGhtN4AaABAg",
            "reply_content": "\u5927\u5bb6\u597d"
        },
        {
            "reply_id": "UgxF6ivdpY0URVeD4oN4AaABAg",
            "reply_content": "\u6700\u5f8c\u6253\u958b\u623f\u9580\u6211\u6703\u7b11\u6b7b"
        },
        {
            "reply_id": "UgyQVrIGAz44Rceu5c14AaABAg",
            "reply_content": "\u4f60\u65c1\u908a\u7684\u600e\u9ebc\u8ddf\u4f60\u5e6b\u5225\u4eba\u7d04\u7684\u5dee\u90a3\u9ebc\u591a"
        },
        {
            "reply_id": "UgwS_asIPhn7HIOe9DR4AaABAg",
            "reply_content": "\u984d\u6211\u5c31\u662f\u6843\u5712\u4eba\u4f60\u9019\u6a23\u6709\u9ede\u6b67\u8996"
        },
        {
            "reply_id": "UgyJKJnaS0aLmPul3pV4AaABAg",
            "reply_content": "\u6700\u5f8c\u679c\u7136\u6c92\u6709\u8b93\u6211\u5011\u5931\u671b"
        },
        {
            "reply_id": "UgzFI4Hpmo3H6QZVnzp4AaABAg",
            "reply_content": "\u96e3\u904e\u7684\u6d88\u606f\u662f\u4e0d\u662f\u4f60\u7684\u773c\u85e5\u6c34\u5feb\u8981\u7528\u5b8c\u4e86"
        },
        {
            "reply_id": "Ugw6nkFdlag31Boua3t4AaABAg",
            "reply_content": "\u7b11\u6b7b\u6700\u5f8c\u90a3\u5e55"
        },
        {
            "reply_id": "UgzDF7Q3SeTJYou6m6Z4AaABAg",
            "reply_content": "\u6211\u6703\u5fd8\u8a18\u600e\u9ebc\u547c\u5438"
        },
        {
            "reply_id": "Ugw5HcVu291IZGn5yCh4AaABAg",
            "reply_content": "\u6ca1\u6709\u90a3\u4e48\u96be\u54e6"
        },
        {
            "reply_id": "UgxtEKlDJvK86G3Hl-94AaABAg",
            "reply_content": "\u6211\u597d\u50cf\u4e5f\u6709\u904e"
        },
        {
            "reply_id": "Ugx9ZyUWwnC3cdxose54AaABAg",
            "reply_content": "\u611f\u89ba\u6703\u5f88\u50cf\u6df9\u6c34\u90a3\u6a23 \u4f60\u6703\u6709\u610f\u8b58\u4f46\u662f\u8eab\u9ad4\u4e0d\u80fd\u52d5\u6211\u90fd\u662f\u653e\u8f15\u9b06\u904e\u4e00\u4e0b\u5c31\u597d\u4e86\uff01\u8d8a\u53cd\u6297\u8d8a\u96e3\u904e"
        },
        {
            "reply_id": "Ugx9KM-qg_vL3QWVBGt4AaABAg",
            "reply_content": "\u7b11\u7ffb\u4e86"
        }
    ]
}