{
    "video_info": {
        "id": "Z5AhgQPQz9M",
        "channelTitle": "\u597d\u68d2Bump",
        "title": "\u4eba\u90fd\u88ab\u7d81\u67b6\u4e86\u2026 \u653f\u5e9c\u5b98\u54e1\u7adf\u9084\u6f20\u8996\u4e0d\u7406\u3001\u7f54\u9867\u4eba\u547d\uff01\uff1f\u3010\u597d\u68d2Bump\u3011\u3010\u8a50\u9a19\u89e3\u78bc\u3011",
        "description": "\u7576\u9019\u4e9b\u88ab\u8a50\u9a19\u96c6\u5718\u7d81\u67b6\u7684\u4eba\u5230\u8655\u6c42\u6551\u6642\u2026. \u67d0\u4e9b\u5b98\u54e1\u537b\u6f20\u8996\u4e0d\u7406\u7f54\u9867\u4eba\u547d\uff01\u6211\u4e0d\u662f\u4ec0\u9ebc\u4e86\u4e0d\u8d77\u7684\u4eba\uff0c\u4f46\u662f\u57fa\u672c\u7684\u5c0a\u91cd\u751f\u547d\u9084\u662f\u61c2\u5f97\uff0c\u50cf\u9019\u6a23\u7684\u4eba\uff01\u4e0d\u914d\u7576\u5b98\uff01\n\n#\u8a50\u9a19\u89e3\u78bc #\u8de8\u570b\u6551\u63f4 #\u67d0\u5b98\u54e1\u61c9\u8a72\u597d\u597d\u51fa\u4f86\u8aaa\u660e\u6e05\u695a\n--------------------------------------------------------- \r\n\u4e0a\u4e00\u90e8\u5f71\u7247 \u9019\u7b28\u9ce5\u2026 \u6559\u4e86\u534a\u5e74\u9084\u4e0d\u6703\u8aaa\u8a71\uff01\u7d66\u6211\u81ea\u5df1\u51fa\u53bb\u8cfa\u98fc\u6599\u8cbb\uff01\u3010\u597d\u68d2Bump\u3011\u3010\u9e1a\u9d61\u934a\u91d1\u8853\u3011https://youtu.be/Lc354oq9Z1U\r\n\r\n\u8001\u5b50\u7684IG\uff1ahttps://bit.ly/2JqmmIq\r\n\u8001\u5b50\u7684FB\uff1ahttps://bit.ly/2s3pwwb",
        "likeCount": "87894",
        "commentCount": "6632",
        "viewCount": "2395969"
    },
    "comments": [
        {
            "reply_id": "UgxmPeVl6z7Rf0weAJ94AaABAg",
            "reply_content": "\u8003\u53e4"
        },
        {
            "reply_id": "UgzKO7gTEh4ZCNImWcJ4AaABAg",
            "reply_content": "\u7d50\u679c\u6551\u5230\u4e00\u500b\u8a50\u9a19\u72af\uff0c\u662f\u4e0d\u662f\u53ef\u4ee5\u91cd\u65b0\u51fa\u4e00\u96bb\u5f71\u7247\u91d0\u6e05\u4e00\u4e0b\u4e8b\u4ef6\u59cb\u672b\uff0c\u8a72\u53cd\u99c1\u53cd\u99c1\u8a72\u9053\u6b49\u9053\u6b49"
        },
        {
            "reply_id": "UgwXZuNH_IEW-m4xeSd4AaABAg",
            "reply_content": "\u9ea5\u7576\u52de"
        },
        {
            "reply_id": "UgxCmKXauRY-Df0PVjt4AaABAg",
            "reply_content": "\u90fd\u4e0d\u6703\u7684"
        },
        {
            "reply_id": "UgwEjGpLYOLwh8M9F1h4AaABAg",
            "reply_content": "\u4e00\u5207\u5229\u76ca\u512a\u5148"
        },
        {
            "reply_id": "UgweTFkjinMQeHcPcG54AaABAg",
            "reply_content": "\u99ac\u5148\u751f\u4e0d\u53ef\u76f8\u4fe1\u7684\u4eba"
        },
        {
            "reply_id": "UgwiULaDkoZ659hinPh4AaABAg",
            "reply_content": "\u7406\u4e8b\u9928\u91cd\u4f86\u4e0d\u505a\u4e8b\u7684\u8981\u5148\u7d66\u7a2e\u7d71\u77e5\u9053\u7d66\u7406\u4e8b\u9928\u65bd\u52a0\u58d3\u529b\u624d\u6703\u8655\u7406"
        },
        {
            "reply_id": "Ugxi-BLU9MxB0_7NXrt4AaABAg",
            "reply_content": "\u771f\u7684\u88ab\u6293\u8d70\u9084\u9019\u9ebc\u80d6\u5594"
        },
        {
            "reply_id": "UgzvbYqJqPVIm217Orx4AaABAg",
            "reply_content": "\u8b1d\u8b1d\u4f60"
        },
        {
            "reply_id": "UgwyIMhH4eEWScrpjkF4AaABAg",
            "reply_content": "\u4f5b\u83e9\u85a9\u52a0\u6301\u4f60"
        },
        {
            "reply_id": "UgxdC2ETGuGLEICaa7d4AaABAg",
            "reply_content": "\u99ac\u79d8\u66f8\u51fa\u4f86\u8b1b\u4e86\u6c92"
        },
        {
            "reply_id": "UgxtYTDb6zLES_7oMfd4AaABAg",
            "reply_content": "\u70ba\u4ec0\u9ebc\u6211\u5e38\u5e38\u770b\u4f60\u7684\u5f71\u7247\uff0c\u4f60\u90fd\u559c\u6b61\u5728\u5ec1\u6240\u7576\u5834\u666f"
        },
        {
            "reply_id": "Ugw2EGO6Y0N__dVvfY94AaABAg",
            "reply_content": "\u7576\u4e00\u500b\u5439\u54e8\u8005\u4e0d\u5bb9\u6613"
        },
        {
            "reply_id": "Ugz8d1dmwlz4Bou0Ghx4AaABAg",
            "reply_content": "\u4eba\u7c7b\u6ca1\u5565\u597d\u6551\u7684"
        },
        {
            "reply_id": "UgxNtIfGkd6nDeaCNSt4AaABAg",
            "reply_content": "\u80a5\u4ed4\u6bd4\u9019\u4eba\u9762\u7378\u5fc3\u7684\u4eba\u597d\u591a\u4e86"
        },
        {
            "reply_id": "UgwYgeWTpGbeXyuYwZd4AaABAg",
            "reply_content": "\u603b\u7edf\u505a\u4e8b\u90a3\u5c31\u4e0d\u9519\u4e86"
        },
        {
            "reply_id": "UgzNw8yC4k4QktfPBeB4AaABAg",
            "reply_content": "\u9084\u597d\u6700\u4e3b\u8981\u7684\u516c\u5bb6\u6a5f\u95dc\u6709\u5728\u505a\u4e8b"
        },
        {
            "reply_id": "UgwRz7EF8-XQ43pPmY14AaABAg",
            "reply_content": "\u70ba\u4ec0\u9ebc\u4e0d\u628a\u574f\u4eba\u5168\u90e8\u6bba\u5149"
        },
        {
            "reply_id": "UgwkIKpn7l9qxvgzRDd4AaABAg",
            "reply_content": ""
        },
        {
            "reply_id": "Ugzp8-LE75B-AH45ved4AaABAg",
            "reply_content": ""
        },
        {
            "reply_id": "UgwfP_HidMkK0vONfXB4AaABAg",
            "reply_content": "\u5389\u5bb3"
        },
        {
            "reply_id": "UgwiuE_sgArb46-GiZl4AaABAg",
            "reply_content": "\u653f\u5e9c\u5b98\u54e1\u4e00\u5927\u5806\u7c73\u87f2\u5ee2\u4eba"
        },
        {
            "reply_id": "UgxbYXh1Zo22OfQ4EYl4AaABAg",
            "reply_content": "\u6240\u4ee5\u4eca\u5e74\u8981\u8ddf\u9928\u9577\u4e0a\u51f1\u9053"
        },
        {
            "reply_id": "Ugx5TRFFeK94iRiNtb94AaABAg",
            "reply_content": "\u59d3\u99ac\u7684\u5f9e\u653f\u4eba\u54e1\u6c92\u4e00\u500b\u597d\u6771\u897f\u7684"
        },
        {
            "reply_id": "UgwT93VC7Td-uQg7SKt4AaABAg",
            "reply_content": "\u8b1d\u8b1d\u4f60\u5e6b\u52a9\u53f0\u7063\u4eba"
        }
    ]
}