{
    "video_info": {
        "id": "zAiWcK3KKg0",
        "channelTitle": "\u597d\u68d2Bump",
        "title": "\u5976\u5976\u7684\u73cd\u73e0\u7adf\u50f9\u503c200\u842c\uff01\u62ff\u53bb\u73e0\u5bf6\u9451\u9a57\u771f\u5047\uff1f\uff01\u3010\u597d\u68d2Bump\u3011\u3010\u907a\u7269\u934a\u91d1\u8853\u3011",
        "description": "\u90a3\u4e00\u5929\u6211\u767c\u73fe\u5976\u5976\u7684\u907a\u7269\u7bb1\u88e1\u6709\u4e00\u9846\u8d85\u5927\u7684\u73cd\u73e0\uff0c\u62ff\u53bb\u5bf6\u77f3\u9451\u5b9a\u6240\u4e4b\u5f8c\uff0c\u767c\u73fe\u662f\u4e00\u9846\u5168\u4e16\u754c\u53ea\u6709200\u9846\u7684\u8d85\u7f55\u898b\u706b\u7d0b\u73cd\u73e0\uff01 \u6240\u4ee5\u6211\u6c7a\u5b9a\u4e86\u2026.\n\n#\u5976\u5976\u907a\u7269 #\u706b\u7d0b\u73cd\u73e0 #\u5168\u4e16\u754c\u53ea\u6709200\u9846\u7684\u5b9a\u60c5\u4fe1\u7269\n--------------------------------------------------------- \n\u4e0a\u4e00\u90e8\u5f71\u7247 \u6211\u4f86\u5230\u4e86\u8ced\u795e\u5f35\u7d04\u7ff0\u5bb6\uff01\u60f3\u5728\u8ced\u5834\u8d0f\u9322\u4e0d\u80fd\u932f\u904e\u7684\u4e00\u96c6\uff01\u3010\u597d\u68d2Bump\u3011\u3010\u512a\u52e2\u73a9\u5bb6\u3011https://youtu.be/ee2i1JV29lQ\n\n\u8001\u5b50\u7684IG\uff1ahttps://bit.ly/2JqmmIq\n\u8001\u5b50\u7684FB\uff1ahttps://bit.ly/2s3pwwb",
        "likeCount": "21132",
        "commentCount": "1272",
        "viewCount": "970419"
    },
    "comments": [
        {
            "reply_id": "UgwNz2CddOg0HrhgMhl4AaABAg",
            "reply_content": "\u597d\u5927\u7684\u8c9d\u6bbc"
        },
        {
            "reply_id": "UgzLlL5ptgPDhmz8Nmd4AaABAg",
            "reply_content": "\u6b22\u8fce\u6765\u9a6c\u6765\u897f\u4e9a\u73a9"
        },
        {
            "reply_id": "UgyQbDTTSoJjhTj_bOl4AaABAg",
            "reply_content": "\u9084\u4ee5\u70ba\u662f\u5927\u5343\u7576\u92ea\u79e6\u8001\u95c6\u51fa\u5834"
        },
        {
            "reply_id": "Ugwnf-MCptJ__BZbzp94AaABAg",
            "reply_content": "\u4e0b\u9762\u7559\u8a00\u51fa\u50f9"
        },
        {
            "reply_id": "Ugy904VMr9PYx3JWTUR4AaABAg",
            "reply_content": "\u597d\u5927\u9846\u54e6"
        },
        {
            "reply_id": "UgwP2pX7kzij8JTWokF4AaABAg",
            "reply_content": "\u53ef\u4ee5\u7576\u50b3\u5bb6\u5bf6"
        },
        {
            "reply_id": "Ugyoq4NXf8Q77vgVwIJ4AaABAg",
            "reply_content": "\u5927\u5b5d\u5b50"
        },
        {
            "reply_id": "UgwSMjvNlK_jRgHIHv54AaABAg",
            "reply_content": "\u5728\u7f8e\u570b\u7f8e\u5929\u7136\u7684\u697d\u73e0\u50f9\u683c\u662f\u4e8c\u5341\u516b\u842c\u7f8e\u5143\uff0c\u5927\u6982\u662f\u53f0\u5e63\u516b\u767e\u591a\u842c\u5143\u3002\u4f60\u8ce3\u56db\u767e\u842c\u4e5f\u662f\u826f\u5fc3\u50f9"
        },
        {
            "reply_id": "Ugye7Z0a6otBxvRGh0l4AaABAg",
            "reply_content": "\u6211\u4ee5\u70ba\u90a3\u9846\u662f\u66fc\u9640\u73e0"
        },
        {
            "reply_id": "UgzVmtzIrOa-t63Gg-p4AaABAg",
            "reply_content": "\u5976\u5976\u597d\u7f8e"
        },
        {
            "reply_id": "UgzYC1x2gqFfEU6AfUp4AaABAg",
            "reply_content": "\u4ed6\u6c92\u6d88\u97f3"
        },
        {
            "reply_id": "UgyJ2Sb-JxQssJ90hHt4AaABAg",
            "reply_content": "\u4e2d\u5357\u6d77\u7b11\u6b7b"
        },
        {
            "reply_id": "UgyxasbZyupJemcFJ194AaABAg",
            "reply_content": "\u611f\u89ba\u4e3b\u64ad\u5bb6\u88e1\u5730\u5951\u4e5f\u4e0d\u5c11\u671f\u5f85\u4e0b\u4e00\u6b21\u958b\u7bb1"
        },
        {
            "reply_id": "UgyqAv-tg36J_XfsxIJ4AaABAg",
            "reply_content": "\u8a8d\u771f\u8aaa\u5e0c\u671b\u8981\u8ce3\u4f60\u505a\u4e00\u96c6\u8607\u6bd4\u958b\u7bb1\u62cd\u8ce3\u76f8\u4fe1\u5f88\u591a\u4eba\u60f3\u77e5\u9053"
        },
        {
            "reply_id": "UgzzQPRg8MowVH2DTN94AaABAg",
            "reply_content": "\u73e0\u73e0\u9084\u662f\u9019\u6a23\u6700\u597d\u5427\n\u4e0d\u7136\u5982\u679c\u662f\u7a7f\u6d1e\u90fd\u89ba\u5f97\u597d\u53ef\u60dc"
        },
        {
            "reply_id": "UgwTQl06GCDRziMHzOJ4AaABAg",
            "reply_content": "\u597d\u60f3\u770b\u9451\u5b9a\u5176\u4ed6\u5bf6\u7269\u7684\u5f71\u7247"
        },
        {
            "reply_id": "Ugy32JOxobBmdzEIXUl4AaABAg",
            "reply_content": "\u4f60\u53bb\u54ea\u4e86\u4e00\u500b\u6708\u4e86\u4f60\u600e\u9ebc\u90fd\u4e0d\u767c\u7247"
        },
        {
            "reply_id": "Ugz4jREHuM3LJJCBUDN4AaABAg",
            "reply_content": "\u4ec0\u9ebc\u6642\u5019\u4e0a\u65b0\u7247\u5462"
        },
        {
            "reply_id": "Ugz-uvHW5LdJhhpufW14AaABAg",
            "reply_content": "\u95ee\u8fd9\u4e00\u4e2a\u6708\u5f71\u7247\u5462"
        },
        {
            "reply_id": "Ugw-6UlKLOK32uQtJHN4AaABAg",
            "reply_content": ""
        },
        {
            "reply_id": "UgyXUfrRgbva7epFNCF4AaABAg",
            "reply_content": "\u5976\u5976\u662f\u771f\u7684\u5f88\u6b63\uff0c\u5f88\u96be\u60f3\u8c61\u5e74\u8f7b\u7684\u65f6\u5019\u662f\u5565\u6837"
        },
        {
            "reply_id": "Ugww3EFDiwsV7g_CthF4AaABAg",
            "reply_content": "\u6211\u9084\u4ee5\u70ba\u662f\u8001\u4eba\u5bb6\u88ab\u9a19\u8cb7\u6c92\u50f9\u503c\u7684\u6771\u897f"
        },
        {
            "reply_id": "UgyUdVn3PDJXm2AMzbt4AaABAg",
            "reply_content": "\u6709\u4e9b\u6771\u897f\u6211\u5011\u4e0d\u61c2\u4ed6\u50f9\u503c\u53ef\u4ee5\u8ce3\u6389\u8b93\u5225\u4eba\u5145\u5206\u767c\u63ee\u5b83\u7684\u50f9\u503c"
        },
        {
            "reply_id": "Ugy7sFtqsxbMsRxM2Id4AaABAg",
            "reply_content": "\u90a3\u662f\u66fc\u982d\u73e0\u5427"
        },
        {
            "reply_id": "Ugx6EWJvfaJ4qbrid6V4AaABAg",
            "reply_content": "\u6c88\u8001\u5e2b\u597d\u7f8e"
        }
    ]
}