{
    "video_info": {
        "id": "-2fTSUct5YE",
        "channelTitle": "\u937e\u660e\u8ed2",
        "title": "\u5c0d\u5ee0\u5546\u7121\u8a00\u4ee5\u5c0d\uff01",
        "description": "\u4f60\u96f7\u6211\u96f7\u4ed6\u96f7\u5168\u96f7 \u5982\u679c\u80fd\u7576\u5404\u4f4d\u7684\u907f\u96f7\u91dd\nis my interest\u3001\u6211\u7684\u69ae\u5e78\nand\u6211\u7684\u6bd2\u85e5\u53ef\u80fd\u6703\u662f\u4f60\u7684\u871c\u7cd6\n\u672c\u96c6\u8acb\u81ea\u884c\u659f\u914c\u670d\u7528 \n\u76f8\u4fe1\u5404\u4f4d\u90fd\u662f\u4f4d\u6210\u719f\u7684\u5927\u4eba\n\u5982\u679c\u6709\u60f3\u5bc4\u5b58\u8b49\u4fe1\u51fd\u7684\u90e8\u5206\n\u9ebb\u7169\u516c\u95dc\u7522\u54c1\u8acb\u4e00\u4f75\u5bc4\u51fa\n\u56e0\u70ba\u5f88\u6709\u53ef\u80fd\u4e0b\u96c6\u8b9a\u7f8e\u5ee0\u5546\u5c31\u6703\u662f\u300e\u5b83\u300f\n\nLove you~\ud83e\udef6\ud83c\udffb",
        "likeCount": "11908",
        "commentCount": "908",
        "viewCount": "412449"
    },
    "comments": [
        {
            "reply_id": "Ugx6ABU15rEqS0k1WL54AaABAg",
            "reply_content": "\u6b38\u6b38\u660e\u8ed2\u54e5\u5716\u5947\u6709\u4e00\u500b\u53eb\u4e16\u8aa0\u7684\u5be6\u6cc1\u4e3b\u4ed6\u5f88\u611b\u4f60\u5e0c\u671b\u4f60\u52a0\u6cb9",
            "likeCount": 1
        },
        {
            "reply_id": "UgyMhnS09juQCW4PO0d4AaABAg",
            "reply_content": "\u9019\u7a7f\u642d\u8ddf\u96fb\u5f71\u6469\u767b\u5927\u8056\u795e\u4f3c\u54c8\u54c8\u54c8\u54c8",
            "likeCount": 1
        },
        {
            "reply_id": "UgwUYyrrnuaUPv8kqQB4AaABAg",
            "reply_content": "\u597d\u597d\u7b11\u92b7\u91cf\u9ad8\u662f\u4e0d\u662f\u56e0\u70ba\u5927\u5bb6\u90fd\u4ee5\u70ba\u597d\u7528\u7136\u5f8c\u4e00\u6b21\u8cb7\u56db\u74f6\ud83e\udd23",
            "likeCount": 1
        },
        {
            "reply_id": "UgzmM3oNTO7Gt0_aWJ54AaABAg",
            "reply_content": "\u4f60\u5011\u89ba\u4e0d\u89ba\u5f97\u937e\u660e\u8ed2\u50cf\u8000\u8000",
            "likeCount": 1
        },
        {
            "reply_id": "Ugy4O96ne5_4vPSr7yF4AaABAg",
            "reply_content": "\u653e\u66ec\u8981\u7528\u7121\u8272\u7684\u7269\u7406\u6027\u9632\u66ec\u8f03\u597d",
            "likeCount": 0
        },
        {
            "reply_id": "UgxyChHF8alChTNbHh54AaABAg",
            "reply_content": "\u770b\u9019\u90e8\u5f71\u7247\u7684\u6642\u5019\u6211\u6b63\u5728\u60f3\u4ee5\u524d\u7684\u6210\u54e1\u600e\u9ebc\u90fd\u4e0d\u898b\u4e86\ud83d\ude2e",
            "likeCount": 0
        },
        {
            "reply_id": "Ugwq37iOKvPkXW_uJ154AaABAg",
            "reply_content": "\u6211\u64e6\u5b8c\u90a3\u9663\u5b50\u4e0d\u6b62\u8b8a\u9ed1\u9084\u9577\u4e00\u5806\u9589\u9396\u6027\u7c89\u523a",
            "likeCount": 0
        },
        {
            "reply_id": "UgyuuDHMmLNpFIMSIIh4AaABAg",
            "reply_content": "\u8d85\u60f3\u770b\u570b\u969b\u7f8e\u4eba\u5c0d\u8cf4\u4f69\u971e\u9019\u500b\u85dd\u4eba\u53c3\u9078\u526f\u7e3d\u7d71\u6709\u4ec0\u9ebc\u52c1\u7206\u7684\u770b\u6cd5",
            "likeCount": 0
        },
        {
            "reply_id": "Ugya3Ek6xKKtw9XgNRZ4AaABAg",
            "reply_content": "\u4e1f\u6771\u897f\u9019\u9ebc\u5927\u8072\u4e0d\u6703\u5687\u5230\u8c93\u54aa\u55ce",
            "likeCount": 0
        },
        {
            "reply_id": "UgwCVk6tn-5Rs7ztc4d4AaABAg",
            "reply_content": "\u9713\u6de8\u601d\u7684\u6d77\u6d0b\u53cb\u5584\u9632\u66ec\u9084\u4e0d\u932f",
            "likeCount": 0
        },
        {
            "reply_id": "Ugws1RUovR_kC1mXspx4AaABAg",
            "reply_content": "\u9418\u660e\u8ed2\u53ef\u4ee5\u63a8\u85a6\u9762\u819c\u55ce",
            "likeCount": 0
        },
        {
            "reply_id": "Ugy7GhpOMFeZikhIAQl4AaABAg",
            "reply_content": "\u4e09\u96bb\u5a03\u5a03\u4e5f\u592a\u53ef\u611b\u4e86\u5427",
            "likeCount": 0
        },
        {
            "reply_id": "UgywHKaFFvx5oNM6BZd4AaABAg",
            "reply_content": "\u6709\u505a\u6307\u7532\u6316\u4fdd\u990a\u54c1\u8981\u53cd\u6263\u624d\u4e0d\u6703\u585e\u5230\u6574\u500b\u6307\u7532\u7e2b\u90fd\u662f",
            "likeCount": 0
        },
        {
            "reply_id": "UgyzkpDObqbl-ttp4NZ4AaABAg",
            "reply_content": "\u975e\u5e38\u559c\u6b61\u660e\u8ed2\u5c0d\u7522\u54c1\u7684\u5766\u767d\uff0c\u4e0d\u7528\u5927\u5bb6\u6d6a\u8cbb\u9322",
            "likeCount": 30
        },
        {
            "reply_id": "UgxS-6nLLcHPv2rAYfl4AaABAg",
            "reply_content": "\u937e\u660e\u8ed2\u662f\u6a21\u4eff\u963f\u91cc\u5317\u676f\u7684\u8aaa\u8a71\u65b9\u5f0f\u55ce",
            "likeCount": 1
        },
        {
            "reply_id": "UgwGUXNjd_fsTcRpro94AaABAg",
            "reply_content": "\u5507\u819c\u771f\u7684\u6c38\u9060\u63a8\u862d\u829d\u4e00\u7f50\u53ef\u4ee5\u7528\u8d85\u7d1a\u4e45",
            "likeCount": 0
        },
        {
            "reply_id": "UgyAgYaSpRptGOn_YmN4AaABAg",
            "reply_content": "\u4f60\u662f\u4e0d\u662f\u6709\u6f14\u822a\u6d77\u738b\u771f\u4eba\u7248",
            "likeCount": 0
        },
        {
            "reply_id": "Ugy_N2IM6SFybU7bZwR4AaABAg",
            "reply_content": "\u6d3d\u660e\u8ddf\u809a\u76ae\u9084\u8a8d\u5f97\u4f60\u55ce",
            "likeCount": 0
        },
        {
            "reply_id": "Ugwj1_8NpW940Zsiyht4AaABAg",
            "reply_content": "\u9ad8\u654f\u654f\u4ee3\u8a00\u9632\u66ec\u8d85\u597d\u7528",
            "likeCount": 0
        },
        {
            "reply_id": "UgxVlBUnRG-WmtcQFt14AaABAg",
            "reply_content": "\u539f\u672c\u770b\u5230\u90a3\u9632\u66ec\u597d\u50cf\u4e0d\u932f\ud83d\ude0c\u8b1d\u8b1d\u660e\u8ed2\u5e6b\u6211\u7701\u9322",
            "likeCount": 0
        }
    ]
}