{
    "video_info": {
        "id": "Bstn_vOURI4",
        "channelTitle": "\u937e\u660e\u8ed2",
        "title": "\u53c8\u662f\u4e00\u500b\u4eba\u51fa\u570b\uff01",
        "description": "\u53c8\u662f\u4e00\u500b\u4eba\u51fa\u570b  \n\u53bb\u90a3\u4e9b\u5f9e\u4f86\u6c92\u6709\u53bb\u904e\u7684\u5730\u65b9\n\u88dd\u8f09\u8457\u6709\u53ef\u80fd\u6703\u96a8\u6642\u6b7b\u5728\u570b\u5916\u7684\u5fc3\u614b\u5ea6\u904e\u6bcf\u4e00\u79d2\n\u966a\u4f34\u8457\u8eab\u9ad4 \u544a\u8a34\u7260 \u6211\u6703\u76e1\u5168\u529b\u7684\u8b93\u7962\u6301\u7e8c\u64c1\u6709\u9a5a\u559c\n\n\u8aaa\u8457\u8aaa\u8457 \u7a81\u7136\u767c\u73fe\u9019\u4e16\u754c\u4e0a\u53ef\u4ee5\u73a9\u7684\u6771\u897f\u6709\u597d\u591a\n\u4f46\u7a81\u7136\u4e5f\u641e\u4e0d\u6e05\u4ec0\u9ebc\u662f\u6211\u60f3\u73a9\u7684 \u4ec0\u9ebc\u662f\u6211\u9700\u8981\u7684\n\u6211\u53ea\u77e5\u9053 \u4e0d\u8981\u505c\u7559\u5728\u4e00\u500b\u5730\u65b9\u592a\u4e45 \n\u56e0\u70ba\u6211\u8981\u7684 \u6211\u6c38\u9060\u90fd\u4e0d\u77e5\u9053\n\n\u65e2\u7136\u4e0d\u77e5\u9053 \u7121\u6cd5\u6b78\u7d0d\u51fa\u4e00\u500b\u7d44\u5408\n\u7121\u6cd5\u63d0\u4f9b\u53ef\u4f9b\u53c3\u8003\u7684\u8a5e\u5f59\u8b93\u4ed6\u4eba\u77e5\u9053\u6211\u6240\u77e5\u72c0\u614b\n\n\u90a3\u9084\u662f\u5148\u7e7c\u7e8c\u8d70\u5427...\n\u908a\u8d70\u908a\u60f3..\u60f3\u5230\u4e86\u518d\u544a\u8a34\u4f60",
        "likeCount": "16669",
        "commentCount": "812",
        "viewCount": "460413"
    },
    "comments": [
        {
            "reply_id": "UgwWsVW-Hs7xRKvpww14AaABAg",
            "reply_content": "\u937e\u660e\u8ed2\u4f60\u7684\u60f3\u6cd5\u8ddf\u6211\u4e00\u6a23\u4e5f\u8a31\u6211\u5011\u90fd\u592a\u83dc\u4e86\u6c92\u8fa6\u6cd5\u5230\u9054\u4ed6\u5011\u6240\u8aaa\u7684\u9748\u9b42\u5566\u7b49\u6211\u5566\u4ec0\u9ebc\u6211\u7684\u90a3\u7a2e\u5883\u754c\u6211\u60f3\u7576\u4e0b\u662f\u6700\u5be6\u969b\u7684",
            "likeCount": 1
        },
        {
            "reply_id": "UgwOeriO0FcBn1RizK14AaABAg",
            "reply_content": "\u6700\u5f8c\u9762\u4e00\u81c9\u8a8d\u771f\u7df4\u7fd2\u5f48\u6307\u597d\u53ef\u611b\u5594\u54c8\u54c8\u54c8",
            "likeCount": 0
        },
        {
            "reply_id": "UgwaQvEMIgwDTlDC5PN4AaABAg",
            "reply_content": "\u5929\u554a\u56db\u65b9\u6c34\u4e0a\u5e02\u5834\u88ab\u71d2\u6389\u4e86\uff0c\u9084\u4f86\u4e0d\u53ca\u53bb\u53ea\u80fd\u7b49\u91cd\u5efa\u4e86\n\u53ea\u597d\u770b\u660e\u8ed2\u7684\u5f71\u7247\u4f86\u61f7\u5ff5\u6c34\u4e0a\u56db\u5834",
            "likeCount": 0
        },
        {
            "reply_id": "UgwkrfI55yG5Iq7JlSV4AaABAg",
            "reply_content": "\u559c\u6b61\u4f60\u7368\u65c5\u7cfb\u5217\u6211\u90fd\u6709\u770b",
            "likeCount": 0
        },
        {
            "reply_id": "UgygcR3_lLe_EcYXpVB4AaABAg",
            "reply_content": "\u660e\u8ed2\u53ef\u4ee5\u7533\u8acb\u83c1\u82f1\u7c3d\u8b49",
            "likeCount": 0
        },
        {
            "reply_id": "UgyJAiZAiMa2Qlj2ea14AaABAg",
            "reply_content": "\u60f3\u8acb\u554f\u660e\u8ed2\u9019\u82ad\u63d0\u96c5\u54ea\u5bb6\u98ef\u5e97",
            "likeCount": 0
        },
        {
            "reply_id": "UgxIRQdGU8tB632-eJ94AaABAg",
            "reply_content": "\u53ef\u4ee5\u53bb\u770b\u770b\u83f2\u5f8b\u8cd3\uff0c\u90a3\u88e1\u53ef\u6015\u7684\u5c31\u662f\u4f60\u7684\u6771\u897f\u53ef\u80fd\u6703\u88ab\u5077\u8d70",
            "likeCount": 0
        },
        {
            "reply_id": "UgyF5xeh5QmVxj-btHR4AaABAg",
            "reply_content": "\u535a\u4e3b\u662f\u6b63\u80fd\u91cf\u7684\u6709\u8da3\u7075\u9b42",
            "likeCount": 0
        },
        {
            "reply_id": "UgyAuOZ7NAqEe740caB4AaABAg",
            "reply_content": "\u660e\u8ed2\u8b1b\u5f97\u8a71\u90fd\u5f88\u8b93\u4eba\u601d\u8003",
            "likeCount": 0
        },
        {
            "reply_id": "UgxSGY0g33otBIrZT414AaABAg",
            "reply_content": "\u771f\u7684\u5f88\u559c\u6b61\u660e\u8ed2\u7684\u751f\u6d3b\u614b\u5ea6\u53ca\u4e0d\u5728\u610f\u5225\u4eba\u7684\u773c\u5149\uff01",
            "likeCount": 4
        },
        {
            "reply_id": "UgwhJMXZCM5FM0s2efp4AaABAg",
            "reply_content": "\u597d\u597d\u5403\u98ef\u597d\u597d\u7761\u4e00\u89ba\u597d\u597d\u505a\u4eba\u5c31\u80fd\u63d0\u5347\u4e86\u4e0d\u8981\u523b\u610f\uff0c\u90a3\u4e0d\u53eb\u672c\u6211\uff0c\u90a3\u53eb\u505a\u4f5c\u60f3\u505a\u4ec0\u9ebc\u6709\u80fd\u529b\u6709\u9ad4\u529b\u6709\u7d93\u6fdf\u529b\u5c31\u53bb\u770b\u770b",
            "likeCount": 1
        },
        {
            "reply_id": "UgyN_aFRVP7W74WEgMB4AaABAg",
            "reply_content": "\u771f\u6b63\u963b\u6b62\u6211\u7684\u5c31\u662f\u9322\u800c\u5df2",
            "likeCount": 1
        },
        {
            "reply_id": "Ugxu4aNRW6hgRBIbpmx4AaABAg",
            "reply_content": "\u9418\u660e\u8ed2\u7684\u5f71\u7247\u771f\u7684\u662f\u50cf\u4e00\u672c\u66f8\u4e00\u6a23\u5f88\u6709\u6df1\u5ea6\u5f88\u503c\u5f97\u770b\u7684",
            "likeCount": 0
        },
        {
            "reply_id": "UgypHI5NXtzzQr_hY3J4AaABAg",
            "reply_content": "\u975e\u5e38\u8a8d\u540c\u59b3\u7684\u60f3\u6cd5\u614b\u5ea6\u5f88\u68d2",
            "likeCount": 0
        },
        {
            "reply_id": "UgxM6YwjJ_4bXRP3NuJ4AaABAg",
            "reply_content": "\u9cc4\u9c7c\u8089\u5403\u4e00\u6b21\u4e5f\u6700\u540e\u4e00\u6b21\u51e0\u5e74\u8fc7\u5e74\u5bb3\u6015\u90a3\u4e2a\u5473\u9053\u3002",
            "likeCount": 0
        },
        {
            "reply_id": "UgythVx63jnriNnIn194AaABAg",
            "reply_content": "\u9019\u6b21\u5f71\u7247\u600e\u9ebd\u6db5\u84cb\u90a3\u9ebd\u591a\u5927\u9678\u7684\u7528\u8a9e\u554a\u54c8\u54c8\u54c8",
            "likeCount": 0
        },
        {
            "reply_id": "UgwYIyewId7dkINgJRZ4AaABAg",
            "reply_content": "\u6cf0\u570b\u559c\u6b61\u767d\u76ae\u819a\u7684\u808c\u8089\u7537 \u4e0d\u559c\u6b61\u767d\u76ae\u819a\u7684\u8de8\u6027\u5225",
            "likeCount": 2
        },
        {
            "reply_id": "UgyWvRKPKbm0-bovY-54AaABAg",
            "reply_content": "\u559c\u6b61\u660e\u8ed2\u7d66\u6211\u5011\u7684\u653e\u9b06\u8212\u58d3\u5916\u52a0\u4e00\u4e9b\u958b\u793a",
            "likeCount": 0
        },
        {
            "reply_id": "Ugwj1p5y2iZVV4KhuKF4AaABAg",
            "reply_content": "\u4e00\u500b\u4eba\u51fa\u570b\u5f71\u7247\u771f\u662f\u592a\u958b\u5fc3\u4e86",
            "likeCount": 0
        },
        {
            "reply_id": "UgwsCADyJ3NK8QNzkJp4AaABAg",
            "reply_content": "\u660e\u8ed2\u6210\u529f\u8b93\u6211\u4e5f\u60f3\u53bb\u6cf0\u570b",
            "likeCount": 0
        }
    ]
}