{
    "video_info": {
        "id": "C-V1QngqAbE",
        "channelTitle": "\u937e\u660e\u8ed2",
        "title": "\u9047\u5230\u6700\u626f\u7684\u5ee0\u5546\uff01",
        "description": "\u904e\u5e74\u671f\u9593\u7db2\u8cfc\u8acb\u4e09\u601d\n\u660e\u8ed2\u5148\u5728\u6b64\u5e6b\u5404\u4f4d\u6ec5\u6ec5\u706b\n\u5982\u89c0\u7247\u8005\u662f\u5ee0\u5546\u672c\u4eba \u4e5f\u5728\u9019\u9001\u4e0a\u795d\u798f\n\n\u6c92\u6709\u4e0d\u597d\u7528\u7684\u5546\u54c1\uff0c\u53ea\u6709\u4e0d\u9069\u5408\u7528\u7684\u4eba\u3002\n\u6216\u8a31\u6211\u7684\u6bd2\u85e5\u662f\u4f60\u7684\u871c\u7cd6 \n\u6b61\u8fce\u5404\u4f4d\u9644\u4e0a\u4f7f\u7528\u5fc3\u5f97\n\n\u6b64\u6642\u6b64\u523b\u8001\u8a71\u4e00\u53e5\uff1a\n\n\u65b0\u5e74\u8981\u5feb\u6a02\uff5e\uff5e",
        "likeCount": "13567",
        "commentCount": "619",
        "viewCount": "425692"
    },
    "comments": [
        {
            "reply_id": "UgyADEvGlihxroUAjup4AaABAg",
            "reply_content": "\u6b50\u840a\u5fb7\u6211\u89ba\u5f97\u4ed6\u7684\u6d17\u9aee\u7cbe\u4e0d\u932f\u4f46\u662f\u4ed6\u7684\u7259\u818f\u5f88\u721b\u6211\u7528\u4e00\u500b\u79ae\u62dc\u7259\u9f52\u6703\u9178\u75db\u6240\u4ee5\u6211\u5c31\u628a\u5b83\u6254\u6389\u4e86",
            "likeCount": 2
        },
        {
            "reply_id": "UgyDRK3YHBvWAR6Zjhd4AaABAg",
            "reply_content": "\u5230\u5e95\u70ba\u4ec0\u9ebc\u53c8\u662f\u5225\u4eba\u7684\u554f\u984c\u4e86\uff1f\u5168\u4e16\u754c\u90fd\u5c0d\u4e0d\u8d77\u4f60",
            "likeCount": 2
        },
        {
            "reply_id": "UgzIMOBZ3396woTe9iF4AaABAg",
            "reply_content": "\u660e\u8ed2\u4f60\u7684\u9020\u578b\u5f88\u50cf\u6731\u8482\u55ac",
            "likeCount": 1
        },
        {
            "reply_id": "UgzVNsgNoV380ENU-gN4AaABAg",
            "reply_content": "\u8acb\u72d7\u72d7\u5ba2\u89c0\u7684\u805e\u8b77\u624b\u971c\u771f\u7684\u597d\u597d\u7b11",
            "likeCount": 1
        },
        {
            "reply_id": "UgxUSv652ie6lTVpAdZ4AaABAg",
            "reply_content": "\u4e2d\u6027\u7684\u5b9a\u7fa9\u4e5f\u662f\u633a\u6a21\u7cca\n\u6bcf\u4ef6\u8863\u670d\u7a7f\u5728\u4e0d\u540c\u4eba\u8eab\u4e0a\u7684\u611f\u89ba\u4e00\u5b9a\u90fd\u4e0d\u4e00\u6a23",
            "likeCount": 0
        },
        {
            "reply_id": "UgznDSzg5S-TZK9HJEt4AaABAg",
            "reply_content": "\u90a3\u7a2e\u809a\u5b50\u75db\u6211\u5b8c\u5168\u53ef\u4ee5\u9ad4\u6703\n\u56e0\u70ba\u771f\u7684\u6703\u75db\u5230\u6b7b",
            "likeCount": 0
        },
        {
            "reply_id": "Ugxsug8pZ4jO4TvkufV4AaABAg",
            "reply_content": "\u660e\u8ed2\u771f\u7684\u6709\u5167\u6db5\u6709\u597d\u7b11",
            "likeCount": 0
        },
        {
            "reply_id": "Ugzi8_nbApOqGsD4bwd4AaABAg",
            "reply_content": "\u7b2c\u4e09\u6b3e\u63cf\u8ff0\u7684\u8ddf\u65e5\u672c\u4fbf\u5b9c\u7684\u7c89\u7d05\u85e5\u4e38\u5f88\u50cf\n\u5403\u904e\u5e7e\u6b21\u518d\u4e5f\u4e0d\u6562\u5403",
            "likeCount": 2
        },
        {
            "reply_id": "UgxFAGuqhYIuMtU0Tyd4AaABAg",
            "reply_content": "\u90a3\u500b\u7626\u8eab\u7684\u6709\u6c92\u6709\u6aa2\u9a57\u5408\u683c\u554a\n\u7db2\u8def\u4e0a\u597d\u591a\u4f86\u8def\u4e0d\u660e\u7684\u6e1b\u80a5\u7522\u54c1\u771f\u7684\u4e0d\u8981\u4e82\u5403\u5167",
            "likeCount": 1
        },
        {
            "reply_id": "Ugw7jLFInHwDpPE1yYt4AaABAg",
            "reply_content": "\u6211\u5fc5\u9808\u8aaa\u6211\u7684\u773c\u775b\u4e00\u76f4\u5728\u770b\u4f60\u7684\u624b\u6307\u982d \u597d\u7f8e\u554a",
            "likeCount": 0
        },
        {
            "reply_id": "UgyKknM51DbE_ZanivR4AaABAg",
            "reply_content": "\u5c31\u559c\u6b22\u953a\u660e\u8f69\u8fd9\u6837\u4f1a\u56e0\u4e3a\u5927\u5382\u638c\u63e1\u8bdd\u8bed\u6743\u5c31\u5bf9\u4ed6\u4eec\u8ba9\u6b65",
            "likeCount": 0
        },
        {
            "reply_id": "UgxkhT6bT_stx3vDi4V4AaABAg",
            "reply_content": "\u6211\u5403\u9175\u7d20\u6885\u4e5f\u6703\u6709\u540c\u6a23\u7684\u5287\u75db\u4f46\u62c9\u4e0d\u51fa\u4f86\u7684\u6548\u679c",
            "likeCount": 0
        },
        {
            "reply_id": "UgzdNcOclrh9us2mnXN4AaABAg",
            "reply_content": "\u4e0d\u597d\u7528\u5c31\u662f\u4e0d\u597d\u7528\u7559\u8457\u4f54\u5730\u65b9\u76f4\u63a5\u704c\u5165\u5783\u573e\u6876\u773c\u4e0d\u898b\u70ba\u6de8\u3002",
            "likeCount": 0
        },
        {
            "reply_id": "UgyAwSvK3ACrUUVvpud4AaABAg",
            "reply_content": "\u809a\u5b50\u75db\u90a3\u500b\u5df2\u7d93\u5ab2\u7f8e\u98df\u7269\u4e2d\u6bd2\u4e86",
            "likeCount": 0
        },
        {
            "reply_id": "UgywscDedtl5w8q67Pl4AaABAg",
            "reply_content": "\u4eca\u5929\u770b\u5230\u4f60\u5728\u905b\u72d7\u672c\u4f86\u60f3\u4e0b\u4f86\u62cd\u7167\u4f46\u516c\u8eca\u76f4\u63a5\u958b\u8d70",
            "likeCount": 0
        },
        {
            "reply_id": "UgwJc3yXzzSTSBIAyGZ4AaABAg",
            "reply_content": "\u8aaa\u771f\u7684\u9084\u883b\u559c\u6b61\u660e\u8ed2\u7684\u9760\u5317\u5ee0\u5546\u7cfb\u5217\u5f71\u7247\uff0c\u53ef\u4ee5\u907f\u514d\u8cb7\u5230\u7206\u96f7\u7522\u54c1",
            "likeCount": 3
        },
        {
            "reply_id": "UgxGF9Ar_ntTz7YmjMp4AaABAg",
            "reply_content": "\u807d\u4f60\u5f62\u5bb9\u7684\u90a3\u7a2e\u809a\u5b50\u75db\u611f\u592a\u53ef\u6015\u5566\n\u6211\u76ee\u524d\u53ea\u6709\u5403\u5230\u4e00\u6b3e\u6210\u5206\u771f\u7684\u662f\u6c34\u679c\u7684\u9175\u7d20\u4e0d\u6703\u9019\u6a23\n\u5176\u4ed6\u7684\u771f\u7684\u6703\u8ddf\u4f60\u8aaa\u7684\u4e00\u6a23\u53ef\u6015",
            "likeCount": 0
        },
        {
            "reply_id": "UgynuJoStdqlSEYPuZ14AaABAg",
            "reply_content": "\u54c8\u54c8\u54c8\u54c8\u88ab\u76e3\u7763\u8981\u5206\u985e",
            "likeCount": 0
        },
        {
            "reply_id": "Ugw8ToreDmNArtFcr014AaABAg",
            "reply_content": "\u9ad4\u9a57\u5973\u751f\u7d93\u75db\u7684\u611f\u89ba\u54c8\u54c8\u54c8\u54c8",
            "likeCount": 0
        },
        {
            "reply_id": "UgyDkxqiQ5h9eswRBpN4AaABAg",
            "reply_content": "\u54ce\u5440\u867d\u7136\u4f46\u662f \u660e\u8f69\u4e3a\u4ec0\u4e48\u8981\u5012\u8d34\u76f4\u7537\u5e02\u573a\u5566",
            "likeCount": 0
        }
    ]
}