{
    "video_info": {
        "id": "EnzpjXL-T9E",
        "channelTitle": "\u937e\u660e\u8ed2",
        "title": "\u6211\u5230\u65e5\u672c\u5de5\u4f5c\u4e86\uff01",
        "description": "\u7e7c\u7e8c\u7528\u81ea\u5df1\u7684\u65b9\u5f0f\u8ddf\u9019\u500b\u4e16\u754c\u6253\u8457\u4ea4\u9053\n\u70ba\u4e0b\u4e00\u6b21\u4eae\u76f8\u4f5c\u6e96\u5099 \u6df1\u77e5\u81ea\u5df1\u5fc5\u9808\u8981\u662f\u7cbe\u5f69\u7684\n\u6e05\u695a\u7684\u77e5\u9053\u9019\u4e00\u79d2\u7684\u81ea\u5df1\u8ddf\u4e0a\u4e00\u79d2\u7684\u81ea\u5df1\u5df2\u662f\u4e0d\u540c\u4eba\n\u4e0d\u539f\u5730\u8e0f\u6b65 \u53ea\u505a\u597d\u300e\u7dbb\u653e\u300f\u9019\u4ef6\u4e8b\n\u5c31\u7b97\u5927\u90e8\u5206\u7684\u4eba\u4e0d\u8a8d\u540c\u67d0\u4e9b\u4e8b\n\u6211\u4e5f\u6c38\u9060\u76f8\u4fe1\u5728\u5730\u7403\u4e0a\u7684\u67d0\u500b\u5730\u65b9\n\u6703\u6709\u90a3\u9ebc\u5e7e\u4f4d\u4eba\u58eb\u660e\u767d \u90a3\u4e9b\u6211\u505a\u7684\u4e8b\n\nKIREI\u662f\u6211\u6700\u8fd1\u8b8a\u7f8e\u7684\u6e20\u9053\n\u76f8\u4fe1\u5728\u5730\u7403\u4e0a\u7684\u5927\u5bb6\u4e5f\u90fd\u662f\u5404\u53f8\u5176\u8077\n\u80fd\u628a\u81ea\u5df1\u4efd\u5167\u4e8b\u52d9\u505a\u597d\u7684\nKIREI\n\u7d55\u5c0d\u662f\u5176\u4e2d\u4e00\u500b\n- - -\nKIREI \u67d4\u5149\u6e05\u900f\u990a\u819a\u7c89\u9905\ud83d\udd17\uff1a https://tklab.tw/Nz4t",
        "likeCount": "18656",
        "commentCount": "1322",
        "viewCount": "487888"
    },
    "comments": [
        {
            "reply_id": "Ugz6PuPxEdSOZhjx6it4AaABAg",
            "reply_content": "\u4e2d\u56fd\u4e1c\u5317\u5927\u628a\u7684\u8fd9\u79cd\u5730\u65b9",
            "likeCount": 1
        },
        {
            "reply_id": "UgyPeTfOIDZIkbJNHX54AaABAg",
            "reply_content": "\u9019\u4e00\u5b9a\u662f\u67ef\u7c89\u624d\u9019\u9ebc\u5641",
            "likeCount": 0
        },
        {
            "reply_id": "UgwV6fB5RoU6zCYvQKJ4AaABAg",
            "reply_content": "\u6709\u6642\u5019\u770b\u4f60\u8b1b\u8a71\u90fd\u89ba\u5f97\u597d\u6709\u7834\u788e\u611f\u55da\u55da\u55da\n\u8f9b\u82e6\u4f60\u4e86",
            "likeCount": 0
        },
        {
            "reply_id": "UgzTfJWuAjhk4TlzonV4AaABAg",
            "reply_content": "\u5728\u822a\u73ed\u4e2d\u6234\u773c\u93e1\u9020\u578b\u5f88\u597d\u770b",
            "likeCount": 0
        },
        {
            "reply_id": "Ugyzo442NEhdRgDtlYJ4AaABAg",
            "reply_content": "\u6b38\u4e0d\u662f\u9019\u6b21\u5fe0\u660e\u8ed2\u7684\u599d\u5bb9\u8d85\u6f02\u4eae\uff0c\u5982\u679c\u4ed6\u662f\u5973\u7684\u6211\u6703\u611b\u554a\u54c8",
            "likeCount": 0
        },
        {
            "reply_id": "Ugxzejbp-nrMbUl43294AaABAg",
            "reply_content": "\u6211\u89ba\u5f97\u4f60\u8ddf\u5c55\u69ae\u9577\u5f97\u8d8a\u4f86\u8d8a\u50cf\u4e86\u54c8\u54c8\u54c8\u54c8\u54c8",
            "likeCount": 0
        },
        {
            "reply_id": "UgzDsNdlvr1rjBJMbA54AaABAg",
            "reply_content": "\u8acb\u554f\u65e5\u672c\u62b9\u8336\u5976\u971c\u600e\u9ebd\u8ddf\u5e97\u54e1\u8aaa\u8b1d\u8b1d",
            "likeCount": 0
        },
        {
            "reply_id": "Ugy7dHRiNgRMGDyH_Vx4AaABAg",
            "reply_content": "\u597d\u68d2\u53c8\u62cd\u5f97\u592a\u6f02\u4eae\u559c\u6b61\u8b9a",
            "likeCount": 0
        },
        {
            "reply_id": "Ugw5COTxkos3a98leY94AaABAg",
            "reply_content": "\u597d\u7c73\u6211\u8aaa\u660e\u8ed2 \u4e0d\u77e5\u9053\u70ba\u4ec0\u9ebc\u9019\u6b21\u6211\u89ba\u5f97\u771f\u8d85\u597d\u770b \u4e0d\u77e5\u9053\u662f\u4e0d\u662f\u56e0\u70ba\u570b\u5bb6\u4e0d\u540c\u624b\u6cd5\u4e5f\u4e0d\u540c",
            "likeCount": 0
        },
        {
            "reply_id": "UgyO2e-mPivQZt9R8wp4AaABAg",
            "reply_content": "\u9019\u6b21\u5ee3\u544a\u771f\u7684\u62cd\u7684\u7279\u5225\u597d\u770b\u6211\u771f\u7684\u6703\u53bb\u8cb7\u90a3\u500b\u7c89\u9905\u8a66\u8a66\u770b\ud83d\ude02",
            "likeCount": 0
        },
        {
            "reply_id": "UgwXhydEGLTZjo2SPV54AaABAg",
            "reply_content": "\u98db\u6a5f\u9910\u904e\u5834\u756b\u9762\u8d85\u597d\u7b11",
            "likeCount": 0
        },
        {
            "reply_id": "UgwT-SwJeJAVhAlStx14AaABAg",
            "reply_content": "\u660e\u8ed2\u597d\u50cf\u68ee\u6797\u88e1\u7684\u5c0f\u7cbe\u9748\u6b38",
            "likeCount": 0
        },
        {
            "reply_id": "UgwVIiCNTu3cIRAms3t4AaABAg",
            "reply_content": "\u606d\u559c\u660e\u8ed2\u63a5\u5230\u570b\u5916\u4ee3\u8a00\u53ef\u4ee5\u8b93\u570b\u5916\u5404\u500b\u4e16\u754c\u90fd\u8a8d\u8b58\u4f60\u771f\u7684\u5f88\u68d2\u771f\u7684\u662f\u4e00\u500b\u4eba\u624d\u5f88\u559c\u6b61\u4f60",
            "likeCount": 45
        },
        {
            "reply_id": "UgzNi2rXsWlxgaLwf0V4AaABAg",
            "reply_content": "\u6211\u597d\u671f\u5f85\u7528\u5230\u9019\u584a\u7c89\u9905\u5594",
            "likeCount": 0
        },
        {
            "reply_id": "UgyjowgW9HLTsSNarIp4AaABAg",
            "reply_content": "\u9019\u5ee3\u544a\u771f\u7684\u62cd\u5f97\u5f88\u9ad8\u7d1a\u8ddf\u8cea\u611f",
            "likeCount": 0
        },
        {
            "reply_id": "UgxyJ_K9xM_nWPX05kt4AaABAg",
            "reply_content": "\u6bcf\u5929\u6aa2\u8209\u600e\u9ebc\u90fd\u9084\u6c92\u88ab\u4e0b\u67b6",
            "likeCount": 0
        },
        {
            "reply_id": "Ugz4lnPUCZEX003dwcx4AaABAg",
            "reply_content": "\u771f\u7684\u89ba\u5f97\u4f60\u7684\u81c9\u6bd4\u8f03\u9069\u5408\u68ee\u6797",
            "likeCount": 0
        },
        {
            "reply_id": "UgzYiDxaDQP-Hy0hvn94AaABAg",
            "reply_content": "\u8a8d\u771f\u89ba\u5f97\u53f0\u7063\u661f\u5df4\u514b\u771f\u7684\u8981\u52a0\u6cb9\uff0c\u9187\u6fc3\u62b9\u8336\u6709\u5920\u96e3\u559d",
            "likeCount": 0
        },
        {
            "reply_id": "Ugyto50rZixXXXSUE6N4AaABAg",
            "reply_content": "\u8d85\u611b\u9019\u6b21\u9020\u578b\u8207\u599d\u5bb9\u6253\u626e\u9912",
            "likeCount": 0
        },
        {
            "reply_id": "Ugz8p_RkEyBfI8D4kZZ4AaABAg",
            "reply_content": "\u4f60\u6709\u4e00\u96d9\u5f88\u6f02\u4eae\u7684\u773c\u775b",
            "likeCount": 0
        }
    ]
}