{
    "video_info": {
        "id": "Gnz8nOamZuk",
        "channelTitle": "\u937e\u660e\u8ed2",
        "title": "\u9054\u5c3c\u5c0f\u59d0\u56de\u4f86\u4e86\uff01\uff01",
        "description": "\u662f\u66fe\u7d93\u7684\u646f\u53cb \u4e5f\u662f\u6700\u597d\u7684\u670b\u53cb\n\u662f\u9ad8\u4e2d\u6642\u671f\u653e\u5b78\u56de\u5bb6\u6700\u60f3\u898b\u5230\u7684\u4eba\n\u4e5f\u662f\u90a3\u500b\u6642\u671f \u6211\u773c\u4e2d\u7684\u6551\u4e16\u4e3b\n\u6216\u8a31\u6211\u7121\u6cd5\u518d\u6210\u70ba\u90a3\u6240\u8b02\u300e\u96c7\u4e3b\u7684\u5c0f\u5b69\u300f\n\u59b3\u4e5f\u7121\u6cd5\u518d\u6210\u70ba\u5728\u7576\u6642\u6211\u5fc3\u4e2d\u7684\u90a3\u4f4d\u300e\u9054\u5c3c\u5c0f\u59d0\u300f\n\u96d6\u7136\u7121\u6cd5\u518d\u5ef6\u7e8c\u7576\u6642 \u4f46\u6211\u76f8\u4fe1\u6211\u8ddf\u9054\u5c3c\u7684\u6545\u4e8b\u7d55\u5c0d\u9084\u6c92\u7d50\u675f\n\u5f88\u9ad8\u8208\u53ef\u4ee5\u7528\u670b\u53cb\u7684\u8eab\u4efd\u7e7c\u7e8c\u53c3\u8207\u5f7c\u6b64\u751f\u547d\u4e2d\u7684\u90a3\u4e00\u5c0f\u7ae0\u7bc0",
        "likeCount": "56616",
        "commentCount": "2945",
        "viewCount": "1050401"
    },
    "comments": [
        {
            "reply_id": "UgxzycujaesWUxQ1iz14AaABAg",
            "reply_content": "\u760b\u6389\u770b\u5b8c\u76f4\u63a5\u5927\u7206\u54ed\u6b38",
            "likeCount": 0
        },
        {
            "reply_id": "Ugx5BJ-s68c3USQIh154AaABAg",
            "reply_content": "\u6211\u4e5f\u89ba\u5f97\u9054\u5c3c\u7684\u6ce1\u9762\u6bd4\u8f03\u597d\u5403",
            "likeCount": 0
        },
        {
            "reply_id": "UgyipcynhUDu9VLeY_J4AaABAg",
            "reply_content": "\u9019\u96c6\u4e5f\u8b93\u4e00\u5806\u904e\u53bb\u820a\u89c0\u773e\u56de\u4f86\u4e86 \u9ede\u95b1\u7387\u6574\u500b\u4e0d\u4e00\u6a23",
            "likeCount": 0
        },
        {
            "reply_id": "UgzQjt-lC3ySsY0hsqF4AaABAg",
            "reply_content": "\u5f88\u69ae\u5e78\u53ef\u4ee5\u770b\u5230\u9019\u90e8\u5f71\u7247",
            "likeCount": 0
        },
        {
            "reply_id": "Ugx1S8PBay35lz_Lghl4AaABAg",
            "reply_content": "\u4e0a\u6b21\u770b\u5230\u597d\u50cf\u662f\u597d\u5e7e\u5e74\u524d\u4e86",
            "likeCount": 0
        },
        {
            "reply_id": "UgwTAcWINubmq28SrGR4AaABAg",
            "reply_content": "\u770b\u898b\u4e86\u6700\u6a38\u5be6\u7684\u4ee5\u8aa0\u5f85\u4eba",
            "likeCount": 0
        },
        {
            "reply_id": "Ugy8YolKje7s7X6MDJh4AaABAg",
            "reply_content": "\u771f\u7684\u770b\u54ed\u4e86\u597d\u611f\u52d5\u55da\u55da",
            "likeCount": 0
        },
        {
            "reply_id": "UgwjnJQ1EjphDUjvcj94AaABAg",
            "reply_content": "\u597d\u559c\u6b61\u9019\u4e00\u96c6\uff01\u4ee5\u524d\u771f\u7684\u5f88\u559c\u6b61\u770b\u4f60\u5011\u4e92\u52d5\u7684\u5f71\u7247",
            "likeCount": 0
        },
        {
            "reply_id": "UgzcO4q1Ljt8oms-iYN4AaABAg",
            "reply_content": "\u4f60\u5c0f\u6642\u5019\u662f\u7537\u7684\u9084\u611b\u4f60\u7684",
            "likeCount": 0
        },
        {
            "reply_id": "Ugy09pMkR7mlfGFmjpF4AaABAg",
            "reply_content": "\u770b\u5230\u9054\u5c3c\u5c0f\u59d0\u5c31\u597d\u958b\u5fc3\uff01\u606d\u559c\u9054\u5c3c\u5c0f\u59d0\u56de\u4f86\u53f0\u7063\u5de5\u4f5c\uff0c\u8ddf\u4ee5\u524d\u4e00\u6a23\u9084\u662f\u6c92\u6709\u8b8a\u4f9d\u820a\u9084\u662f\u9019\u9ebc\u53ef\u611b",
            "likeCount": 6
        },
        {
            "reply_id": "Ugw6TY3znWJpKeXn9Vh4AaABAg",
            "reply_content": "\u611f\u89ba\u660e\u8ed2\u5728\u9054\u5c3c\u9762\u524d\u8b8a\u5c0f\u5b69\u4e86",
            "likeCount": 0
        },
        {
            "reply_id": "UgzrSdIRIqi-VgdFtoN4AaABAg",
            "reply_content": "\u559c\u6b61\u9019\u4e92\u52d5\u5e0c\u671b\u9054\u5c3c\u4e00\u76f4\u5728\u4f60\u7684\u5f71\u7247\u88e1\u2764 \u9054\u5c3c\u8f9b\u82e6\u4e86\u9019\u4e9b\u5e74\u4f46\u4e5f\u56e0\u70ba\u9019\u6a23\u800c\u7d05\u4e86\u9054\u5c3c\u771f\u7684\u662f\u4e00\u500b\u597d\u5bb6\u4eba\u8981\u597d\u597d\u73cd\u60dc\u5979\u54e6",
            "likeCount": 0
        },
        {
            "reply_id": "UgwT2r45Jr2YMwITFb14AaABAg",
            "reply_content": "\u54ed\u721b\uff0c\u9019\u90e8\u5f71\u7247\u7684\u4f60\u6bd4\u4f60\u5176\u4ed6\u4efb\u4f55\u91cd\u91d1\u6253\u9020\u7684\u4ee3\u8a00\u5f71\u7247\u9084\u8981\u6f02\u4eae",
            "likeCount": 0
        },
        {
            "reply_id": "UgxhiKxq47FVSAR5I-B4AaABAg",
            "reply_content": "\u770b\u4e86\u597d\u611f\u4eba\u773c\u6dda\u90fd\u6d41\u4e0b\u4f86\u4e86",
            "likeCount": 0
        },
        {
            "reply_id": "UgzGzC3jf5fyW2swOdN4AaABAg",
            "reply_content": "\u8b80\u4fe1\u90a3\u6bb5\u771f\u7684\u76f4\u63a5\u5674\u6dda",
            "likeCount": 0
        },
        {
            "reply_id": "UgyTwX0j6Gzf9Iuokbx4AaABAg",
            "reply_content": "\u5e0c\u671b\u5584\u826f\u4ee5\u53ca\u52aa\u529b\u7684\u4eba\u90fd\u53ef\u4ee5\u5f97\u5230\u5e78\u798f",
            "likeCount": 0
        },
        {
            "reply_id": "UgxvRf2p08nrmk1LjZ14AaABAg",
            "reply_content": "\u771f\u7684\u4e0a\u6b21\u770b\u5230\u8fbe\u5c3c\u5c0f\u59d0\u662f\u597d\u4e45\u7684\u5f71\u7247\u4e86",
            "likeCount": 0
        },
        {
            "reply_id": "UgwbONGXtH6ISaOlyzV4AaABAg",
            "reply_content": "\u4e0d\u53ef\u80fd\u9019\u9ebc\u6eab\u67d4\u7684\u6efe\u958b\n\u5403\u5348\u9910\u914d\u9019\u500b\u76f4\u63a5\u54ed\u5230\u6d41\u9f3b\u6d95\u554a",
            "likeCount": 137
        },
        {
            "reply_id": "UgzAoGZf-tNtUt5cFGl4AaABAg",
            "reply_content": "\u5e0c\u671b\u660e\u8ed2\u6709\u7a7a\u4e5f\u53ef\u4ee5\u56de\u5bb6\u770b\u770b\u963f\u5b24",
            "likeCount": 0
        },
        {
            "reply_id": "Ugx8wkT0w5G8Ef9OUMZ4AaABAg",
            "reply_content": "\u6211\u662f\u5f9e\u4f60\u9084\u5728\u9ad8\u4e2d\u7562\u696d\u524d\u5c31\u958b\u59cb\u6536\u770b\u7684\u89c0\u773e\uff0c\u5f88\u61f7\u5ff5\u9054\u5c3c\u5c0f\u59d0\u7cfb\u5217",
            "likeCount": 0
        }
    ]
}