{
    "video_info": {
        "id": "kVGjYaY2ILs",
        "channelTitle": "\u937e\u660e\u8ed2",
        "title": "\u6211\u4e0a\u96fb\u8996\u5ee3\u544a\u4e86\uff01\uff01",
        "description": "\u539f\u672c\u53ea\u6d3b\u5728\u65bc\u7db2\u8def\u4e16\u754c\n\u5efa\u7acb\u4e86\u591a\u7a2e\u7248\u672c\u7684\u81ea\u5df1 \n\u5728\u79c1\u4e0b\u8207\u516c\u773e\u4e0a\u81ea\u7531\u7684\u6e38\u8d70 \u7a7f\u68ad\u5728\u6bcf\u6b21\u7d66\u4e88\u81ea\u5df1\u7684\u8a2d\u5b9a\n\u7576\u88ab\u554f\u5230\u70ba\u4f55\u79c1\u4e0b\u898b\u9762\u90fd\u6703\u7d66\u4eba\u4e00\u7a2e\u5f88\u6709\u8ddd\u96e2\u7684\u6a23\u5b50\n\u5176\u5be6\u81ea\u5df1\u4e5f\u4e0d\u662f\u6545\u610f\u7684 \u56e0\u70ba\u9023\u6211\u81ea\u5df1\u90fd\u7121\u6cd5\u7d66\u4e88\u81ea\u5df1\u4e00\u7a2e\u78ba\u5b9a\u7684\u5f62\u8c61\n\u300e\u8b8a\u300f\u662f\u6211\u4e00\u76f4\u90fd\u5728\u611f\u53d7\u7684 \n\u4e5f\u552f\u6709\u300e\u8b8a\u300f\u662f\u6211\u53ef\u4ee5\u78ba\u5b9a\u7684\n\n\u5f88\u69ae\u5e78\u9019\u6b21\u53ef\u4ee5\u56e0\u70ba\u65b0\u666e\u5229\u7684\u95dc\u4fc2\u8b93\u66f4\u591a\u7684\u4eba\u6709\u6a5f\u6703\u8a8d\u8b58\u9019\u6a23\u7684\u6211\n\u8b93\u6211\u7e7c\u7e8c\u904a\u8d70\u5728\u78ba\u5b9a\u8207\u4e0d\u78ba\u5b9a\u4e4b\u9593\n\u60f3\u8981\u7f8e \u5c31\u52aa\u529b\u8b8a\u6210\u81ea\u5df1\u60f3\u8c61\u4e2d\u5c0d\u65bc\u300e\u7f8e\u300f\u7684\u6a23\u5b50\n\u5728\u6bcf\u4e00\u6b21\u7684\u6454\u788e\u8207\u91cd\u7d44\u4e2d \n\u518d\u6b21\u9047\u898b\u90a3\u500b\u60f3\u50cf\u4e2d\u7684\u81ea\u5df1",
        "likeCount": "21777",
        "commentCount": "1686",
        "viewCount": "470667"
    },
    "comments": [
        {
            "reply_id": "UgyLJ3mv0sdhTFjdU8Z4AaABAg",
            "reply_content": "\u6211\u5bb6\u5927\u6a13\u7684\u96fb\u68af\u6709\u3127\u500b\u5c08\u9580\u653e\u5ee3\u544a\u7684\u87a2\u5e55\u6709\u59b3\u7684\u5ee3\u544a",
            "likeCount": 1
        },
        {
            "reply_id": "UgyiNojeF55rfnkEo-94AaABAg",
            "reply_content": "\u88fd\u4f5c\u5718\u968a\u771f\u7684\u5f88\u5c08\u696d\u5f88\u6709\u6d3b\u529b",
            "likeCount": 1
        },
        {
            "reply_id": "Ugyr1GE82r8_YfMtJih4AaABAg",
            "reply_content": "\u570b\u969b\u611b\u6ecb\u6bd2\u7532\u8ed2\u53ef\u4ee5\u63a5\u611b\u6ecb\u75c5\u9632\u6cbb\u7684\u4ee3\u8a00",
            "likeCount": 0
        },
        {
            "reply_id": "Ugzbx1a7EnRck7CO4ER4AaABAg",
            "reply_content": "\u4f60\u5f88\u7f8e\u4f46\u53ef\u4ee5\u4e0d\u7528\u9b3c\u543c\u9b3c\u53eb",
            "likeCount": 0
        },
        {
            "reply_id": "Ugz_WuLojyKssIG4DiV4AaABAg",
            "reply_content": "\u770b\u5b8c\u597d\u60f3\u8cb7\u662f\u600e\u9ebc\u56de\u4e8b",
            "likeCount": 0
        },
        {
            "reply_id": "UgyYfA5VTL14XnSKj514AaABAg",
            "reply_content": "\u89ba\u5f97\u53f0\u7063\u4eba\u53ea\u6709\u4f60\u6700\u6d3b\u51fa\u81ea\u5df1\u800c\u4e14\u9084\u517c\u5177\u7f8e\u9e97\u2764",
            "likeCount": 12
        },
        {
            "reply_id": "UgxGEYuJfQ7kAo_cpxB4AaABAg",
            "reply_content": "\u6211\u6709\u5728\u5eb7\u662f\u7f8e\u770b\u5230\u9418\u660e\u8ed2\u7684\u5ee3\u544a",
            "likeCount": 1
        },
        {
            "reply_id": "Ugzom4L8izu_11jVmiN4AaABAg",
            "reply_content": "\u6211\u5976\u5976\u4e0d\u6703\u9019\u6a23\u5979\u9084\u883b\u559c\u6b61\u770b\u4f60\u5f71\u7247\u7684",
            "likeCount": 0
        },
        {
            "reply_id": "UgzXrsje68RejmZWUrh4AaABAg",
            "reply_content": "\u56e0\u70ba\u4f60\u7684\u696d\u914d\u8b93\u4ed6\u5011\u8cfa\u5927\u9322\u4e86\u7576\u7136\u8981\u597d\u597d\u79ae\u9047\u5fc5\u9808\u7684\ud83d\ude02",
            "likeCount": 0
        },
        {
            "reply_id": "Ugx74x55qFLOJ8JmxXt4AaABAg",
            "reply_content": "\u5f8c\u9762\u770b\u5230\u4f60\u6a21\u4eff\u7238\u7238\u7684\u53cd\u61c9\u6211\u5feb\u8981\u7b11\u6b7b",
            "likeCount": 0
        },
        {
            "reply_id": "Ugxb38j-egYl-pLBWo14AaABAg",
            "reply_content": "\u6211\u9019\u5e7e\u5929\u90fd\u5728\u6211\u5bb6\u96fb\u68af\u6578\u4f4d\u5ee3\u544a\u677f\u770b\u5230\u660e\u8ed2\u5ee3\u544a\u8036\ud83d\ude0d",
            "likeCount": 0
        },
        {
            "reply_id": "Ugw-bAxGyDP0tEv592J4AaABAg",
            "reply_content": "\u767d\u8272\u90a3\u5957\u597d\u7f8e\u6211\u597d\u559c\u6b61",
            "likeCount": 0
        },
        {
            "reply_id": "Ugy4heiiwFuRp6NAifR4AaABAg",
            "reply_content": "\u9019\u6b21\u7684\u599d\u5bb9\u771f\u7684\u7121\u6575\u7206\u70b8\u7f8e\u5566\u5566\u5566 \u7cbe\u7dfb\u611f\u4e00\u767e",
            "likeCount": 0
        },
        {
            "reply_id": "UgwxnRvZWdzx94dVTll4AaABAg",
            "reply_content": "\u937e\u660e\u8ed2\u63a8\u85a6\u7684\u4e0d\u77e5\u9053\u70ba\u4ec0\u9ebc\u90fd\u5f88\u597d\u7528\uff0c\u963f\u672c\u8aaa\u7684",
            "likeCount": 0
        },
        {
            "reply_id": "UgzSG5PtXQF9ZuPZxIt4AaABAg",
            "reply_content": "\u770b\u937e\u660e\u8ed2\u7684\u5f71\u7247\u76f4\u5230\u4ed6\u958b\u59cb\u4e82\u53eb",
            "likeCount": 2
        },
        {
            "reply_id": "Ugz0yIB1id937jGE1fR4AaABAg",
            "reply_content": "\u53f0\u7063\u771f\u7684\u597d\u68d2\u68d2 \u8b93\u5168\u4e16\u754c\u770b\u5230\u6211\u5011\u570b\u5bb6\u5a18\u70ae\u4e00\u5806",
            "likeCount": 1
        },
        {
            "reply_id": "UgxnrlA-SWjqk5pEJUx4AaABAg",
            "reply_content": "\u671f\u5f85\u660e\u8f69\u505a\u66f4\u591a\u81ea\u5df1\u559c\u6b22\u7684\u4e8b\u60c5",
            "likeCount": 1
        },
        {
            "reply_id": "UgyQ5lkOmJApIQwuzQ14AaABAg",
            "reply_content": "\u5ee0\u5546\u63d0\u4f9b\u5605\u8863\u670d\u771f\u7684\u5f88\u7f8e\u5f88\u7528\u5fc3",
            "likeCount": 0
        },
        {
            "reply_id": "UgygjlZQPH-9Fn9eost4AaABAg",
            "reply_content": "\u7b2c\u4e8c\u5957\u597d\u50cf\u7d50\u5408\u897f\u88dd\u8ddf\u5a5a\u7d17",
            "likeCount": 0
        },
        {
            "reply_id": "UgwpwNJ33nI0BMd_BGV4AaABAg",
            "reply_content": "\u6211\u963f\u5b24\u5750\u8f2a\u6905\u4e5f\u5728\u770b\u6211\u770b\u4f60\u54c8\u54c8",
            "likeCount": 0
        }
    ]
}