{
    "video_info": {
        "id": "lLqeqBggNRw",
        "channelTitle": "\u937e\u660e\u8ed2",
        "title": "\u8de8\u5e74\u4e00\u500b\u4eba\u53bb\u6cf0\u570b\uff01",
        "description": "\u751f\u6d3b\u7684\u6a02\u8da3\u4e3b\u8981\u662f\u4f86\u81ea\u5c0d\u65bc\u751f\u6d3b\u7684\u4e0d\u78ba\u5b9a\n\u5982\u679c\u6211\u5011\u53ef\u4ee5\u78ba\u5b9a\u6bcf\u4e00\u4ef6\u4e8b\u60c5\u7684\u767c\u5c55\n\u90a3\u9ebc\u4eba\u751f\u4e00\u5b9a\u8b8a\u5f97\u8d85\u7121\u804a\n\n\u6253\u5305\u597d\u9084\u672a\u77e5\u6703\u8b8a\u6210\u600e\u6a23\u7684\u4e00\u5207\n\u88dd\u8f09\u8457\u9810\u8a2d\u597d\u7684\u60c5\u7dd2\u548c\u60f3\u50cf\n\u671f\u5f85\u8457\u6240\u6709\u5373\u5c07\u767c\u751f\u7684\u4e00\u5207\u90fd\u5c07\u8207\u6211\u7121\u95dc\n\n\u5728\u9019\u908a\u9806\u9053\u795d\u798f\u5404\u4f4d\u73a9\u5bb6\u65b0\u5e74\u5feb\u6a02\n\u9858\u4f60\u6211\u90fd\u6210\u70ba\u9084\u672a\u88ab\u901a\u77e5\u7684\u90a3\u4e00\u500b\nLove you\uff5e",
        "likeCount": "22468",
        "commentCount": "1809",
        "viewCount": "416016"
    },
    "comments": [
        {
            "reply_id": "UgwPxpNLxXaqje4I3U14AaABAg",
            "reply_content": "\u8ddf\u6211\u7238\u53bb\u4e16\u7684\u6642\u5019\u6211\u7684\u53cd\u61c9\u4e00\u6a23\uff0c\u6211\u597d\u50cf\u4e0d\u6562\u76f8\u4fe1\u9019\u4ef6\u4e8b\u60c5",
            "likeCount": 1
        },
        {
            "reply_id": "UgxEy0Eud053xXfur-x4AaABAg",
            "reply_content": "\u597d\u60f3\u770b\u7f8e\u4eba\u53bb\u5370\u5c3c\u627e\u9054\u5c3c",
            "likeCount": 1
        },
        {
            "reply_id": "UgwfTnh7cm7iFjrQhQZ4AaABAg",
            "reply_content": "\u53ef\u4ee5\u8bf7\u660e\u8f69\u53bb\u6cf0\u56fd\u9700\u8981\u51c6\u5907\u4ec0\u4e48\u8ddf\u6d41\u7a0b\u53ef\u4ee5\u51fa\u4e2a\u6559\u5b66\u5417\ud83d\ude22",
            "likeCount": 0
        },
        {
            "reply_id": "UgwO_bB4elqOWgSQEXV4AaABAg",
            "reply_content": "\u8fd9\u6b21\u7684\u84dd\u8272\u7f8e\u77b3\u597d\u6f02\u6f02\uff0c\u53ef\u4ee5\u51fa\u4e00\u671f\u597d\u7528\u7f8e\u77b3\u8ba9\u5927\u5bb6\u79cd\u8349\u5417",
            "likeCount": 0
        },
        {
            "reply_id": "UgzDccKN50uEYBF3Afx4AaABAg",
            "reply_content": "\u59d0\u59d0\u807d\u4e86\u90fd\u60f3\u54ed\u4e86\u52c7\u6562\u53c8\u5805\u5f37\u7684\u5b69\u5b50\u554a\uff01\u6211\u5011\u6703\u966a\u4f34\u8457\u4f60\u4f60\u771f\u7684\u5f88\u68d2",
            "likeCount": 0
        },
        {
            "reply_id": "UgyfU6MJCxrI_55GqIp4AaABAg",
            "reply_content": "\u4e0d\u932f\u54e6\u6211\u4e5f\u4f86\u8a66\u8a66\u770b\u53bb\u570b\u5916\u8de8\u5e74\uff0c\u66fc\u8c37\u4e0d\u6703\u592a\u51b7\u662f\u5f88\u597d\u7684\u9078\u64c7",
            "likeCount": 0
        },
        {
            "reply_id": "UgwZ0jXdKlwp9oscCrx4AaABAg",
            "reply_content": "\u90a3\u9ebc\u591a\u5f8c\u6bcd\u662f\u500b\u81ed\u4e09\u516b",
            "likeCount": 0
        },
        {
            "reply_id": "Ugx4d3EklobdMaDc1rt4AaABAg",
            "reply_content": "\u5176\u5be6\u6700\u6709\u554f\u984c\u7684\u662f\u7236\u89aa",
            "likeCount": 0
        },
        {
            "reply_id": "Ugyf23yD2ExCA1-iupJ4AaABAg",
            "reply_content": "\u8981\u4e0d\u8981\u9806\u4fbf\u505a\u500b\u8b8a\u6027\u624b\u8853\uff0c\u9019\u6a23\u5c31\u6c92\u4eba\u6b67\u8996\u4f60\u662f\u540c\u6027\u6200\u4e86",
            "likeCount": 5
        },
        {
            "reply_id": "Ugwa7QXmajfap19KcXt4AaABAg",
            "reply_content": "\u53bb\u6cf0\u570b\u5c31\u4e0d\u8981\u56de\u4f86\u53f0\u7063\u4e86",
            "likeCount": 3
        },
        {
            "reply_id": "UgzHHscvgxLf3XoFeih4AaABAg",
            "reply_content": "\u8acb\u554f\u9019\u6b21\u6709\u906d\u5230\u7a2e\u65cf\u6b67\u8996\u55ce",
            "likeCount": 3
        },
        {
            "reply_id": "UgxtWER3-loYjXHrhTx4AaABAg",
            "reply_content": "\u771f\u7684\u662f\u6b7b\u5973\u99ac\u6771\u897f\u54c8\u54c8",
            "likeCount": 0
        },
        {
            "reply_id": "UgwtsUylzvNJqTWn8z14AaABAg",
            "reply_content": "\u4e0d\u61c2\u5c0a\u91cd\u4ed6\u4eba\u7684\u611b\u7684\u4eba\u4e0d\u6703\u7372\u5f97\u771f\u6b63\u7684\u5e78\u798f\u7684",
            "likeCount": 0
        },
        {
            "reply_id": "UgyT5HGeOcMcTJgOFhN4AaABAg",
            "reply_content": "\u660e\u8ed2\u795d\u4f60\u6c38\u9060\u5feb\u6a02\u5e78\u798f",
            "likeCount": 0
        },
        {
            "reply_id": "Ugza6R_nphbgP93b1IR4AaABAg",
            "reply_content": "\u53ef\u6211\u9023\u5979\u7684\u9762\u90fd\u6c92\u898b\u5230",
            "likeCount": 0
        },
        {
            "reply_id": "UgzREzj19LdUxvvGb2p4AaABAg",
            "reply_content": "\u6211\u5f88\u5e0c\u671b\u6709\u4e00\u5929\u53ef\u4ee5\u770b\u5230\u4f60\u53bb\u5370\u5c3c\u627e\u9054\u5c3c\u5c0f\u59d0\u7684\u5f71\u7247\uff01",
            "likeCount": 0
        },
        {
            "reply_id": "UgwHMoJHTRRGS3eloYx4AaABAg",
            "reply_content": "\u8fd9\u4e00\u96c6\u6709\u4e00\u79cd\u6df1\u6df1\u7684\u5b64\u72ec\u611f\u548c\u8106\u5f31\u611f",
            "likeCount": 0
        },
        {
            "reply_id": "UgzXgmZUojJ9HjxijqV4AaABAg",
            "reply_content": "\u7559\u4e00\u6839\u81ed\u5c4c\u5728\u90a3\u908a\u4e5f\u662f\u633a\u5641\u5fc3\u7684\uff0c\u6c38\u9060\u53ea\u80fd\u4e00\u500b\u4eba\u81ea\u7a31\u570b\u969b\u7f8e\u4eba",
            "likeCount": 4
        },
        {
            "reply_id": "UgxpbLc1ejmLWgrtAwh4AaABAg",
            "reply_content": "\u770b\u5230\u5f8c\u9762\u89ba\u5f97\u6709\u9ede\u5fc3\u9178",
            "likeCount": 1
        },
        {
            "reply_id": "Ugxphd5abLpwTNPpEft4AaABAg",
            "reply_content": "\u660e\u8ed2\u8b1b\u82f1\u6587\u771f\u7684\u8d8a\u4f86\u8d8a\u597d\u807d",
            "likeCount": 1
        }
    ]
}