{
    "video_info": {
        "id": "LrP5Y1RBpto",
        "channelTitle": "\u937e\u660e\u8ed2",
        "title": "\u4e00\u500b\u4eba\u53bb\u67ec\u57d4\u5be8\uff01",
        "description": "\u53bb\u4e00\u500b\u5c0d\u81ea\u5df1\u4f86\u8aaa\u5e7e\u4e4e\u6c92\u6709\u4ec0\u9ebc\u60f3\u50cf\u57fa\u5e95\u7684\u5730\u65b9\n\u505a\u4e00\u4ef6\u770b\u4f3c\u5e73\u5e38\u5f88\u5e38\u5728\u505a \u4f46\u53ea\u9700\u8981\u628a\u80cc\u666f\u66f4\u63db \u7d50\u679c\u5c31\u6703\u8b8a\u5f97\u5b8c\u5168\u4e0d\u4e00\u6a23\u7684\u4e8b\n\n\u5f9e\u982d\u5230\u5c3e\u90fd\u662f\u4e00\u500b\u4eba\u5728\u898b\u8b49\u3001\u4e00\u500b\u4eba\u5728\u559c\u6b61\u3001\u4e00\u500b\u4eba\u5728\u4e00\u500b\u4eba\n\u300e\u5b83\u300f\u597d\u50cf\u662f\u4e00\u7a2e\u8ddf\u9019\u500b\u4e16\u754c\u8b49\u660e\u81ea\u5df1\u7684\u65b9\u5f0f\n\u6211\u5f88\u6eff\u8db3 \u4e5f\u64c1\u6709\u5c6c\u65bc\u81ea\u5df1\u7684\u77e5\u8db3\n\u8aaa\u5766\u767d \u6211\u5176\u5be6\u9084\u883b\u6176\u5e78\u81ea\u5df1\u8ddf\u5bb6\u4eba\u9b27\u7ffb\u9019\u4ef6\u4e8b\n\u7562\u7adf\u4e00\u500b\u4eba\u4f86 \u4e00\u500b\u4eba\u8d70\n\u6c92\u6709\u4e86\u6240\u8b02\u7684\u5bc4\u8a17\u8ddf\u671f\u76fc \n\u9019\u500b\u300e\u8d70\u300f\u4f3c\u4e4e\u53ef\u4ee5\u8b8a\u5f97\u5f88\u701f\u7051\n\u300e\u56e0\u70ba\u4ed6\u672c\u4f86\u5c31\u662f\u6211\u81ea\u5df1\u7684\u4e8b\u300f\n\n\u53ef\u4ee5\u9019\u6a23\u5b50\u7a7f\u68ad\u5728\u4efb\u4f55\u60c5\u5883\u5287\u88e1\n\u600e\u9ebc\u8fa6\uff5e\uff5e\u597d\u50cf\u8d8a\u4f86\u8d8a\u559c\u6b61",
        "likeCount": "19787",
        "commentCount": "1171",
        "viewCount": "619791"
    },
    "comments": [
        {
            "reply_id": "UgwYd1MRDaUvtr4QrKx4AaABAg",
            "reply_content": "\u6558\u5229\u4e9e\u6216\u4ee5\u8272\u5217\u4e5f\u5f88\u9177",
            "likeCount": 1
        },
        {
            "reply_id": "Ugxk0eBzskftd4Z0puZ4AaABAg",
            "reply_content": "\u5433\u54e5\u7a9f\u7684\u65e5\u51fa\u771f\u7684\u662f\u8981\u904b\u6c23\u5f88\u597d\uff0c\u6211\u53bb\u4e5f\u662f\u5929\u6c23\u4e0d\u4f73",
            "likeCount": 0
        },
        {
            "reply_id": "UgzKv7wkWLoMqgoshOV4AaABAg",
            "reply_content": "\u6709\u4e9b\u4eba\u5c31\u81ea\u4ee5\u70ba\u5225\u4eba\u662f\u518d\u770b\u4ed6\u5440\u4e0d\u7136\u600e\u6703\u6709\u65b0\u805e\u64ad\u5831\u6709\u500b\u4eba\u4e0d\u5c0f\u5fc3\u548c\u4e00\u500b\u964c\u751f\u4eba\u64e6\u8eab\u800c\u904e\u53ea\u662f\u5c0d\u5230\u773c\u5c31\u88ab\u780d\u6bba\ud83d\ude02",
            "likeCount": 0
        },
        {
            "reply_id": "Ugy_CMOkHHA_w4uaxON4AaABAg",
            "reply_content": "\u6211\u5011\u4e0d\u4fdd\u8b77\u4f60\u525b\u525b\u5c31\u4e0d\u898b\u4e86\u6211\u5011\u6c92\u6709\u4fdd\u8b77\u6bcf\u500b\u4eba",
            "likeCount": 0
        },
        {
            "reply_id": "UgzVtlx6w8VytHY50dx4AaABAg",
            "reply_content": "\u96d6\u7136\u67ec\u57d4\u5be8\u5f88\u591a\u8a50\u9a19\u5f88\u591a\u6050\u6016\u7684\u4eba\uff0c\u4f46\u4e0d\u4ee3\u8868\u67ec\u57d4\u5be8\u6c92\u6709\u597d\u4eba",
            "likeCount": 0
        },
        {
            "reply_id": "UgxYk7Yd96gdsm2ang14AaABAg",
            "reply_content": "\u6211\u4e5f\u53bb\u904e\u5433\u54e5\u7a9f\uff0c\u771f\u7684\u975e\u5e38\u7f8e\u975e\u5e38\u6709\u6b77\u53f2\u7684\u5730\u65b9",
            "likeCount": 0
        },
        {
            "reply_id": "UgwypQbzDlBbfaAlhZ94AaABAg",
            "reply_content": "\u6211\u9047\u5230\u9084\u8981\u7d66\u5c0f\u8cbb\u624d\u80fd\u901a\u904e\uff0c\u90a3\u5c31\u662f\u67ec\u57d4\u5be8\u7684\u91d1\u908a\uff0c\u53cd\u89c0\u53f0\u7063\u4e9e\u6d32\u6b50\u6d32\u6211\u90fd\u6c92\u6709\u9019\u6a23\u7684\u906d\u9047\u904e",
            "likeCount": 0
        },
        {
            "reply_id": "Ugzd-2hyomC-hOXaPvF4AaABAg",
            "reply_content": "\u90a3\u4e2a\u6d77\u5173\u662f\u4e0d\u662f\u5c31\u662f\u8981\u5c0f\u8d39\u554a\uff0c\u6bd5\u7adf\u4e1c\u5357\u4e9a\u6d77\u5173\u8981\u5c0f\u8d39\u592a\u6709\u540d\u4e86",
            "likeCount": 0
        },
        {
            "reply_id": "UgzMVQFy_AtuC1uKAR14AaABAg",
            "reply_content": "\u5433\u54e5\u7a9f\u662f\u4e00\u500b\u7279\u5225\u7684\u5730\u65b9\ud83c\udf89\u53ef\u6015\u7684\u662f\u5225\u7684\u5730\u65b9",
            "likeCount": 0
        },
        {
            "reply_id": "Ugx_HDiFaXYVs4LdIo94AaABAg",
            "reply_content": "\u4ed6\u4eec\u53ea\u662f\u60f3\u95ee\u4f60\u8981\u5c0f\u8d39\u5566",
            "likeCount": 0
        },
        {
            "reply_id": "UgyfH2s0_f-ZlGpueGd4AaABAg",
            "reply_content": "\u611f\u89ba\u90a3\u767d\u7537\u50cf\u90a3\u7a2e\u5ddd\u666e\u652f\u6301\u8005",
            "likeCount": 0
        },
        {
            "reply_id": "UgyatY2nVQZcsv2TZmB4AaABAg",
            "reply_content": "\u6211\u662f\u548c\u4f60\u4e00\u8d77\u53bb\u7684\u8a71\n\u6211\u4e00\u5b9a\u6c23\u61a4\u5230\u76f4\u63a5\u6253\u7206\u90a3\u500b\u9189\u6f22",
            "likeCount": 2
        },
        {
            "reply_id": "UgzWe0nnNbiXgR4vhaV4AaABAg",
            "reply_content": "\u771f\u7684\u51fa\u4ec0\u9ebc\u4e8b\u9084\u9808\u8981\u6d6a\u8cbb\u570b\u5bb6\u8cc7\u63f4\u53bb\u6551\u4f60\u55ce\uff0c\u505a\u70ba\u5076\u50cf\u5e36\u982d\u9019\u6a23\u505a\u597d\u55ce",
            "likeCount": 1
        },
        {
            "reply_id": "UgwbEeZBP3NQdmV2W4F4AaABAg",
            "reply_content": "\u6d77\u95dc\u53ef\u80fd\u5728\u5201\u96e3\u6697\u793a\u8981\u9322",
            "likeCount": 1
        },
        {
            "reply_id": "UgzlM3OIy09S6e2ENPl4AaABAg",
            "reply_content": "\u6211\u89ba\u5f97\u6d77\u95dc\u662f\u5728\u7b49\u4f60\u7d66\u4ed6\u5c0f\u8cbb",
            "likeCount": 0
        },
        {
            "reply_id": "Ugxikmn30eXymWbe4Yt4AaABAg",
            "reply_content": "\u4ed6\u4eec\u82f1\u6587\u5f88\u70c2\u54c8\u54c8\u54c8\u6ca1\u529e\u6cd5",
            "likeCount": 0
        },
        {
            "reply_id": "UgxsGy4k1q3A_sth-Uh4AaABAg",
            "reply_content": "\u5927\u5bb6\u90fd\u6703\u5728\u4f4f\u9152\u5e97\u524d\u6572\u6572\u623f\u9580\u8d95\u8d70\u53ef\u80fd\u5b58\u5728\u7684\u597d\u5144\u5f1f\u55ce",
            "likeCount": 0
        },
        {
            "reply_id": "UgyNRaND5oH8jKW47L54AaABAg",
            "reply_content": "\u660e\u8ed2\u771f\u7684\u597d\u559c\u6b61\u6cf0\u570b\u5594\u54c8\u54c8",
            "likeCount": 0
        },
        {
            "reply_id": "Ugz-B_aCe4KQr05XuGV4AaABAg",
            "reply_content": "\u7b2c\u4e8c\u5f35\u5c0e\u904a\u62cd\u7684\u7167\u7247\u6211\u89ba\u5f97\u5f88\u5e25",
            "likeCount": 0
        },
        {
            "reply_id": "UgwOz1B4QatHvZhlPsJ4AaABAg",
            "reply_content": "\u6211\u53ea\u80fd\u8aaa\u4e0d\u8981\u6d6a\u8cbb\u570b\u5bb6\u8cc7\u6e90\u597d\u4e0d\u597d",
            "likeCount": 0
        }
    ]
}