{
    "video_info": {
        "id": "m0rKd8eJi64",
        "channelTitle": "\u937e\u660e\u8ed2",
        "title": "\u8d81\u4e2d\u570b\u958b\u653e\u524d\u8d95\u5feb\u8dd1\uff01",
        "description": "\u53c8\u662f\u7368\u81ea\u4e00\u4eba\u7684\u65c5\u884c\n\u5728\u5404\u570b\u9084\u672a\u958b\u653e\u4e2d\u570b\u65c5\u5ba2\u524d\n\u5728\u7334\u75d8\u9084\u672a\u51fa\u73fe\u5927\u6d41\u884c\u7684\u8de1\u8c61\n\u76e1\u53ef\u80fd\u628a\u63e1\u73fe\u5728\u53ef\u4ee5\u51fa\u570b\u7684\u6bcf\u500b\u6642\u523b\n\n\u751f\u6d3b\u7684\u6a02\u8da3\u4e3b\u8981\u662f\u4f86\u81ea\u5c0d\u65bc\u751f\u6d3b\u7684\u4e0d\u78ba\u5b9a\n\u5982\u679c\u6211\u5011\u53ef\u4ee5\u78ba\u5b9a\u6bcf\u4e00\u4ef6\u4e8b\u7684\u767c\u5c55\n\u90a3\u9ebc\u4eba\u751f\u4e00\u5b9a\u8b8a\u5f97\u8d85\u7121\u804a\n\n\u4f9d\u7136\u4ee5\u6700\u6df1\u523b\u7684\u65b9\u5f0f\u6d3b\u8457\u3002\n\u5018\u82e5\u6211\u4e0d\u662f\u6211\uff0c\u53c8\u6709\u8ab0\u80fd\u66ff\u6211\u7576\u6211\uff1f",
        "likeCount": "15649",
        "commentCount": "816",
        "viewCount": "610298"
    },
    "comments": [
        {
            "reply_id": "Ugxd-sX3seosBhyrovJ4AaABAg",
            "reply_content": "\u53c8\u8981\u627e\u4eba\u8981\u8aaa\u7a2e\u65cf\u6b67\u8996\u56c9",
            "likeCount": 2
        },
        {
            "reply_id": "Ugyj5sGa_EMr0eFVLZ14AaABAg",
            "reply_content": "\u6211\u89ba\u5f97\u9019\u500b\u4f01\u5283\u672c\u8eab\u662f\u597d\u7684,\u4f46\u662f\u4e0d\u61c9\u8a72\u9019\u6a23\u91dd\u5c0d\u4e2d\u570b\u4eba",
            "likeCount": 2
        },
        {
            "reply_id": "UgxyIEbLTxfRAHguiMp4AaABAg",
            "reply_content": "\u559c\u6b61\u88ab\u83f2\u5f8b\u8cd3\u6876\u5c41\u773c\u55ce",
            "likeCount": 1
        },
        {
            "reply_id": "UgydbeA9Oinnx9ceO754AaABAg",
            "reply_content": "\u53ea\u80fd\u8bf4\u4e2d\u56fd\u4eba\u8fd8\u662f\u6709\u94b1",
            "likeCount": 1
        },
        {
            "reply_id": "UgzIcX4i2Ij8kd4qPYN4AaABAg",
            "reply_content": "\u5f9e\u5c0f\u5230\u5927\u6211\u90fd\u559c\u6b61\u856d\u656c\u9a30\uff0c\u7d50\u679c\u4ed6\u73fe\u5728\u8981\u51fa\u570b\u4e86",
            "likeCount": 1
        },
        {
            "reply_id": "UgwRBBC4lgk5f3EVWmx4AaABAg",
            "reply_content": "\u53ef\u4ee5\u6a21\u4eff\u694a\u4e1e\u7433\u8df3\u821e\u55ce",
            "likeCount": 1
        },
        {
            "reply_id": "UgwWlttTCjtG4MI2adh4AaABAg",
            "reply_content": "\u53ef\u6190 \u570b\u5916\u53c8\u8981\u6709\u7121\u8f9c\u7684\u4eba\u88ab\u570b\u969b\u611b\u6ecb\u6bd2\u7532\u611f\u67d3\u611b\u6ecb\u4e86",
            "likeCount": 0
        },
        {
            "reply_id": "UgxCH8EuNnDVMjm6XgJ4AaABAg",
            "reply_content": "\u6211\u5728\u65e5\u672c\u65c5\u6e38\u7684\u65f6\u5019\u5927\u90e8\u5206\u90fd\u662f\u53f0\u6e7e\u97e9\u56fd\u7684 \u4e70\u4e1c\u897f\u65f6\u5019\u8be5\u6392\u961f\u8fd8\u662f\u8981\u6392\u961f\u554a",
            "likeCount": 0
        },
        {
            "reply_id": "UgxrtbxFdA65ZNu7xR94AaABAg",
            "reply_content": "\u770b\u660e\u8ed2\u73a9\u6ed1\u7fd4\u5098\u597d\u53ef\u611b\u54c8\u54c8\u54c8\u54c8\u54c8\u54c8\u54c8",
            "likeCount": 0
        },
        {
            "reply_id": "UgzXFSIVz89OazXH_k14AaABAg",
            "reply_content": "\u8b1d\u8b1d\u4f60\u8b93\u6211\u5011\u4e00\u76f4\u597d\u50cf\u8ddf\u8457\u4f60\u5230\u8655\u770b\u770b\ud83d\ude0a\u8b1d\u8b1d",
            "likeCount": 0
        },
        {
            "reply_id": "UgxkY4yffKJkiu52uUt4AaABAg",
            "reply_content": "\u4e5f\u662f\uff0c\u570b\u5916\u9047\u5230\u4e2d\u570b\u5927\u5abd\u63d2\u968a\u662f\u771f\u7684\u5f88\u60f3\u7ffb\u767d\u773c\uff0c\u8d81\u5979\u5011\u9084\u4e0d\u80fd\u51fa\u570b\u9580\u524d\u53bb\u4eab\u53d7\u77ed\u66ab\u7684\u5be7\u975c",
            "likeCount": 5
        },
        {
            "reply_id": "UgzxTY2Urcb9NXhR_3N4AaABAg",
            "reply_content": "\u51fa\u570b\u7cfb\u5217\u597d\u597d\u770b\uff0c\u4e0a\u6b21\u65e5\u672c\u53ea\u6709\u4e00\u96c6\u770b\u4e0d\u5920\u554a",
            "likeCount": 3
        },
        {
            "reply_id": "Ugxpv3SpKIYCx6eSK2J4AaABAg",
            "reply_content": "\u4e2d\u570b\u958b\u59cb\u6536\u7dca\u51fa\u570b\u4e86,\u5e0c\u671b\u6c38\u9060\u5225\u9047\u5230\u4e2d\u570b\u4eba",
            "likeCount": 2
        },
        {
            "reply_id": "UgxSuuQLSNjVyrivoEh4AaABAg",
            "reply_content": "\u8fd9\u4f4d\u5973\u58eb\u4f60\u51fa\u73b0\u5728\u6211\u9875\u9762\u6709\u4ec0\u4e48\u76ee\u7684",
            "likeCount": 1
        },
        {
            "reply_id": "Ugzf2jm2IppbO6GaZcx4AaABAg",
            "reply_content": "\u5c0d\u6211\u4f86\u8aaa\u9019\u5c31\u662f\u55ae\u7d14\u56e0\u70ba\u6050\u61fc\u611f\u4e82\u8dd1",
            "likeCount": 1
        },
        {
            "reply_id": "Ugzis5XoVouXVnkFGgJ4AaABAg",
            "reply_content": "\u9577\u7058\u5cf6\u771f\u7684\u5f88\u68d2\uff0c\u6211\u552f\u4e00\u7559\u904e\u7f8e\u597d\u56de\u61b6\u7684\u5730\u65b9",
            "likeCount": 1
        },
        {
            "reply_id": "UgwQW4iIlUtFiG8NwR54AaABAg",
            "reply_content": "\u6211\u525b\u525b\u8072\u97f3\u958b\u592a\u5927\u8072\u88ab\u5687\u5230",
            "likeCount": 1
        },
        {
            "reply_id": "UgylODo2zEDwAww1YOZ4AaABAg",
            "reply_content": "\u88ab\u80e1\u5b50\u7b11\u5230\u7684\u4e00\u96c6\u54c8\u54c8\u54c8",
            "likeCount": 1
        },
        {
            "reply_id": "Ugyu2o0Yho7joY7vrxN4AaABAg",
            "reply_content": "\u660e\u8ed2\u6211\u8d85\u63a8\u85a6\u53bb\u611b\u5c3c\u5cf6\u7684\u505a\u4e00\u500b\u4e5f\u611b\u65c5\u884c\u7684\u4eba\u90a3\u88e1\u771f\u7684\u8d85\u7f8e\u5e0c\u6b61\u5927\u6d77\u7684\u771f\u7684\u8981\u53bb\u770b\u770b\u6d77\u57df\u5f88\u4e7e\u6de8\u8d85\u63a8",
            "likeCount": 1
        },
        {
            "reply_id": "Ugy5aN-UV3xM5q_VRAJ4AaABAg",
            "reply_content": "\u5b8c\u5168\u5c31\u662f\u95dc\u4e0d\u4f4f\u53c8\u597d\u5947\u7684\u5c04\u624b\u5ea7",
            "likeCount": 0
        }
    ]
}