{
    "video_info": {
        "id": "MiCW9WHyCKc",
        "channelTitle": "\u937e\u660e\u8ed2",
        "title": "\u4e00\u500b\u4eba\u53bb\u5370\u5ea6\uff01",
        "description": "\u7576\u81ea\u5df1\u6d3b\u5728\u4e00\u500b\u74b0\u5883\u5708\u592a\u4e45 \u4e0d\u514d\u4fd7\u7684\u6703\u611f\u89ba\u5230\u4e00\u7a2e\u795e\u79d8\u7684\u5b89\u5b9a\u611f\n\u9019\u662f\u4e00\u7a2e\u77e5\u9053\u4e16\u754c\u4e0a\u6709\u5f88\u591a\u7aae\u82e6\u7684\u4eba \n\u4e5f\u77e5\u9053\u4e16\u754c\u4e0a\u6709\u5f88\u591a\u9700\u8981\u88ab\u4eba\u985e\u95dc\u61f7\u7684\u4e8b\u4ef6\n\u4f46... \u6211\u73fe\u5728\u904e\u5f97\u5f88\u597d \u95dc\u6211\u4ec0\u9ebc\u4e8b\uff1f\n\u9019\u7a2e\u8eab\u70ba\u4eba\u985e\u7684\u81ea\u79c1\u611f\u5c31\u6703\u6162\u6162\u7684\u5c31\u4fb5\u8972\u6574\u500b\u4e16\u754c\u89c0\n\n\u4e45\u800c\u4e45\u4e4b\u81ea\u5df1\u958b\u59cb\u6d3b\u5728\u81ea\u5df1\u8eab\u8655\u7684\u5c0f\u5708\u5708\u88e1\n\u4e0d\u77e5\u9053\u81ea\u5df1\u4e16\u754c\u4ee5\u5916\u767c\u751f\u7684\u4e8b \n\u4e5f\u5fd8\u8a18\u8eab\u800c\u70ba\u4eba\u5176\u5be6\u81ea\u5df1\u64c1\u6709\u6c92\u6709\u76e1\u982d\u7684\u5275\u9020\u529b\u9019\u4ef6\u4e8b\n\n\u300e\u6709\u4e9b\u4eba\u6d3b\u4e86\u4e00\u8f29\u5b50\uff0c\u7adf\u7136\u6c92\u6709\u771f\u6b63\u7684\u610f\u8b58\u5230\u81ea\u5df1\u7684\u4efb\u4f55\u4e00\u6b21\u547c\u5438\uff0c\u771f\u662f\u592a\u53ef\u60b2\u4e86\u3002\u300f\n\n\u4e0d\u80fd\u518d\u9019\u6a23\u4e0b\u53bb\uff01\n\u5fc5\u9808\u8981\u505a\u9ede\u4ec0\u9ebc\u4e8b\u624d\u884c\uff01\uff01\n\n\u4e0d\u8ad6\u4f60\u5b78\u554f\u591a\u5c11 \u4ee5\u4ec0\u9ebc\u7dad\u751f \u53ea\u8981\u4f60\u958b\u59cb\u601d\u8003\u4eba\u751f \u6709\u6240\u5fb9\u609f\n\u4f60\u5c31\u5df2\u7d93\u5728\u9019\u500b\u4e16\u754c\u88e1\u60a0\u9592\u6f2b\u904a\u4e86\uff01\n\n\u6709\u4e9b\u884c\u52d5...\u5c31\u767c\u751f\u5728\u4f60\u610f\u8b58\u6d41\u8f49\u524d\u7684\u90a3\u500b\u6642\u523b\u3002",
        "likeCount": "16238",
        "commentCount": "804",
        "viewCount": "500944"
    },
    "comments": [
        {
            "reply_id": "Ugxfx0bxMUGJmNGw9UZ4AaABAg",
            "reply_content": "\u90a3\u4e9b\u99ac\u4f86\u897f\u4e9e\u4eba\u53bb\u4e86\u54ea",
            "likeCount": 2
        },
        {
            "reply_id": "Ugza9gSt7Em49SG8HgF4AaABAg",
            "reply_content": "\u53ef\u4ee5\u53bb\u7f05\u7538\u5e2e\u6211\u4eec\u4e86\u89e3\u4e00\u4e0b\u5230\u5e95\u5b89\u4e0d\u5b89\u5168",
            "likeCount": 1
        },
        {
            "reply_id": "UgyOwL1vx5DmTT6DHwl4AaABAg",
            "reply_content": "\u6709\u6ca1\u6709\u6253\u7b97\u53bb\u4e2d\u56fd\u65c5\u6e38",
            "likeCount": 1
        },
        {
            "reply_id": "UgzJHa9EPNVm6ZBBYCh4AaABAg",
            "reply_content": "\u5f88\u559c\u6b61\u770b\u4f60\u65c5\u884c\uff0c\u4f46\u7528\u624b\u7a81\u7136\u84cb\u93e1\u982d\u7684\u90a3\u500b\u52d5\u4f5c\u770b\u8d77\u4f86\u771f\u7684\u4e0d\u8607\u80e1",
            "likeCount": 0
        },
        {
            "reply_id": "UgwobXGeGbuG-wXE2Ot4AaABAg",
            "reply_content": "\u5e0c\u671b\u770b\u9019\u90e8\u7247\u7684\u4eba\u6709\u8166",
            "likeCount": 0
        },
        {
            "reply_id": "Ugwx2_GPF2poILyym_R4AaABAg",
            "reply_content": "\u751f\u4f86\u9ad4\u9a57\u4eba\u751f\u5c31\u4e0d\u9069\u5408\u990a\u8c93\u72d7",
            "likeCount": 0
        },
        {
            "reply_id": "Ugym7mf86Nt6t0Hxqr54AaABAg",
            "reply_content": "\u6211\u4e5f\u597d\u60f3\u53bb\u7684\u4e00\u500b\u5730\u65b9",
            "likeCount": 0
        },
        {
            "reply_id": "UgzbG20qyCbVn2DZNGx4AaABAg",
            "reply_content": "\u8fd9\u4e2a\u5f71\u7247\u8ba9\u6211\u5237\u65b0\u4e86\u5bf9\u5370\u5ea6\u7684\u8ba4\u77e5\u6b38",
            "likeCount": 0
        },
        {
            "reply_id": "UgzoLAQXti2MvJMzFZd4AaABAg",
            "reply_content": "\u7fa8\u6155\ud83d\ude02\u7919\u65bc\u4e00\u4e9b\u751f\u6d3b\u5c0f\u4e8b\u60c5\u7121\u6cd5\u60f3\u5e79\u561b\u5c31\u5e79\u561b",
            "likeCount": 0
        },
        {
            "reply_id": "UgwLZrzA0uHRF0_1zrV4AaABAg",
            "reply_content": "\u70ba\u4ec0\u9ebc\u6bcf\u652f\u5f71\u7247\u90fd\u9019\u9ebc\u7d66\u63b0",
            "likeCount": 2
        },
        {
            "reply_id": "UgwYe6ro2pOvm6bqSjV4AaABAg",
            "reply_content": "\u660e\u8ed2\u6709\u6253\u7b97\u5617\u8a66\u74b0\u904a\u4e16\u754c\u55ce\uff1f\u6211\u570b\u4e2d\u5b78\u5b8c\u4e16\u754c\u5730\u7406\u6700\u60f3\u505a\u7684\u4e8b\u5c31\u662f\u74b0\u904a\u4e16\u754c\u4e86",
            "likeCount": 1
        },
        {
            "reply_id": "UgxmPCF6wUJ7sGPSWzN4AaABAg",
            "reply_content": "\u5b8c\u5168\u807d\u5f97\u61c2\u4f60\u524d\u9762\u8aaa\u7684\u90a3\u7a2e\u611f\u89ba\uff01\u770b\u4f60\u7684\u5f71\u7247\u771f\u7684\u6703\u8b93\u6211\u597d\u958b\u5fc3\u611f\u53d7\u5230\u4e00\u7a2e\u8a8d\u771f\u9ad4\u9a57\u751f\u547d\u7684\u71b1\u5ff1\u2764",
            "likeCount": 1
        },
        {
            "reply_id": "UgzzGioG9DD7pCUoXSB4AaABAg",
            "reply_content": "\u559d\u687f\u53bb\u5370\u5ea6\u5674\u5370\u5ea6\u4eba\u770b\u770b\uff0c\u5370\u5ea6\u5496\u55b1\u68d2\u4e00\u5b9a\u8b93\u4f60\u5403\u4e00\u9813\u7c97\u98fd",
            "likeCount": 1
        },
        {
            "reply_id": "UgyJ30hDtlacKtvnsLF4AaABAg",
            "reply_content": "\u671f\u5f85\u63a5\u4e0b\u4f86\u7684\u5370\u5ea6\u5f71\u7247 \u5e0c\u671b\u65c5\u9014\u4e00\u8def\u5e73\u5b89\u9806\u5229",
            "likeCount": 1
        },
        {
            "reply_id": "Ugzy-37RC-FiszXXDft4AaABAg",
            "reply_content": "\u8ed2\u54e5\uff0c\u8acb\u554f\u4f60\u9019\u6b21\u53bb\u5370\u5ea6\u6709\u518d\u958b\u4e00\u6b21\u7a2e\u65cf\u70ae\u55ce",
            "likeCount": 1
        },
        {
            "reply_id": "UgyDxlUv_PFGglmGPn14AaABAg",
            "reply_content": "\u6709\u6ca1\u6709\u6253\u7b97\u53bb\u5370\u5c3c\u53bb\u770b\u770b\u4ee5\u524d\u7684\u5973\u4f63",
            "likeCount": 0
        },
        {
            "reply_id": "UgwU_b8a3M9paQi-LHl4AaABAg",
            "reply_content": "\u660e\u8f69\u4ec0\u4e48\u65f6\u5019\u6765\u4e2d\u56fd\u65c5\u6e38",
            "likeCount": 0
        },
        {
            "reply_id": "UgwKpuM4n1xyxltmcu54AaABAg",
            "reply_content": "\u6211\u771f\u7684\u597d\u60f3\u8981\u9019\u4efd\u52c7\u6562~\u4f46\u662f\u6211\u82f1\u6587\u4e0d\u597d\u537b\u8b93\u6211\u81bd\u602f\u4e86",
            "likeCount": 0
        },
        {
            "reply_id": "Ugy0TPedIl01amV3hAh4AaABAg",
            "reply_content": "\u642d\u8a15\u7537\u6703\u4e0d\u6703\u89ba\u5f97\u660e\u8ed2\u662f\u5973\u7684",
            "likeCount": 0
        },
        {
            "reply_id": "UgwwwPvvcua4uiQjpvB4AaABAg",
            "reply_content": "\u54c8\u54c8\u54c8\u54c8\u54c8\u54c8\u6700\u540e\u4e00\u6bb5\u8fd8\u4ee5\u4e3a\u81ea\u5df1\u542c\u9519\u4e86\uff0c\u600e\u4e48\u53ef\u4ee5\u5728\u8fd9\u79cd\u6050\u6016\u73af\u5883\u8fd8\u4e00\u4e2a\u4eba\u8fd8\u60f3\u7740\u90a3\u4e2a\ud83d\ude2d\u771f\u7684\u80c6\u5927",
            "likeCount": 1
        }
    ]
}