{
    "video_info": {
        "id": "ndS_dGqb46U",
        "channelTitle": "\u937e\u660e\u8ed2",
        "title": "\u4e00\u500b\u4eba\u53bb\u8fea\u58eb\u5c3c\uff01",
        "description": "\u53ea\u8981\u8eab\u70ba\u4eba\u985e \uff0c\u300e\u8b8a\u5316\u300f\u7d55\u5c0d\u662f\u65e5\u5e38\u3002\n\u81ea\u5df1\u8eab\u8655\u65bc\u793e\u6703\u7576\u4e2d\uff0c\u5b78\u7fd2\u611f\u53d7\u81ea\u5df1\u7684\u300e\u8b8a\u300f\uff0c\u4ee5\u53ca\u80fd\u5920\u628a\u81ea\u5df1\u5305\u88dd\u6210\u67d0\u7a2e\u65e2\u5b9a\u7684\u6a23\u8c8c\u53bb\u8ddf\u65c1\u4eba\u5047\u88dd\u6c92\u4e8b\u7684\u4ea4\u6d41\u662f\u4e00\u4ef6\u975e\u5e38\u56f0\u96e3\u7684\u4e8b\u3002\n\u6211\u5c0d\u65bc\u5df2\u7d93\u53ef\u4ee5\u505a\u5230\u5e73\u8861\u5169\u8005\u7684\u4eba\u611f\u5230\u4f69\u670d\uff01\n\u5e0c\u671b\u4f60\u662f\u81ea\u5728\u4e14\u5f97\u610f\u7684\u3002\n\n\u7576\u6211\u5728\u65c5\u9014\u88e1\u4e0d\u9810\u6599\u4efb\u4f55\u4e8b\u3001\u4e0d\u9810\u6599\u4efb\u4f55\u672a\u4f86\u53ef\u80fd\u6703\u78b0\u89f8\u5230\u7684\u300e\u611f\u89ba\u300f\u6642\uff0c\n\u6211\u662f\u771f\u6b63\u7684\u5feb\u6a02\u3002\n\u4e0d\u9810\u5224\u3001\u4e0d\u5be9\u8996\u3001\u4e0d\u6279\u5224\u3001\u4e0d\u5047\u88dd\uff01\n\u53ea\u8981\u5c0d\u4ed6\u4eba\u4e0d\u9020\u6210\u5f71\u97ff\uff0c\n\u5c31\u653e\u5fc3\u7684\u8b93\u81ea\u5df1\u5728\u6bcf\u4e00\u6b21\u610f\u8b58\u6d41\u8f49\u7684\u524d\u4e00\u523b\u505a\u81ea\u5df1\u90a3\u500b\u6642\u523b\u6700\u559c\u6b61\u7684\u4e8b\u5427\uff01\n\n\u8b1d\u8b1d\u8b8a\u5316\u9019\u4ef6\u4e8b\n\u8b93\u6211\u59cb\u7d42\u90fd\u4e0d\u662f\u500b\u7121\u804a\u7684\u4eba",
        "likeCount": "19474",
        "commentCount": "768",
        "viewCount": "677194"
    },
    "comments": [
        {
            "reply_id": "UgyHOlacuuNDhi_KtUR4AaABAg",
            "reply_content": "\u6bcf\u6b21\u770b\u660e\u8ed2\u7684\u5f71\u7247\u90fd\u6703\u6709\u4e0d\u540c\u5fc3\u5883\u5fc3\u9748\u5c64\u9762\u7684\u6210\u9577\u611f\uff0c\u597d\u559c\u6b61\u9019\u6a23\u7684\u4f60",
            "likeCount": 1
        },
        {
            "reply_id": "UgwpSvjxMHDKzcX8G3F4AaABAg",
            "reply_content": "\u53ef\u6190 \u8fea\u58eb\u5c3c\u9644\u8fd1\u53c8\u6709\u8981\u4eba\u88ab\u570b\u969b\u611b\u6ecb\u6bd2\u7532\u611f\u67d3\u611b\u6ecb\u4e86",
            "likeCount": 0
        },
        {
            "reply_id": "UgwpKXNrR2RWF2VFxZF4AaABAg",
            "reply_content": "\u6b63\u78ba\u7684\u4f86\u8aaa\u662f\u4e00\u500b\u5b8c\u6574\u7684\u4eba",
            "likeCount": 0
        },
        {
            "reply_id": "UgxgjKN-HXx2kmybTO54AaABAg",
            "reply_content": "\u660e\u8ed2\u6211\u4e0a\u6b21\u6691\u5047\u7684\u6642\u5019\u53bb\u65e5\u672c\u74b0\u7403\u5f71\u57ce\u6709\u9047\u5230\u4f60\u6211\u5abd\u5abd\u9084\u8ddf\u4f60\u62cd\u7167",
            "likeCount": 0
        },
        {
            "reply_id": "UgypHxMiQaqMg5E3VqF4AaABAg",
            "reply_content": "\u6211\u90fd\u597d\u4ecb\u610f\u5225\u4eba\u7684\u76ee\u5149\uff0c\u9084\u6709\u5225\u4eba\u5c0d\u6211\u7684\u611f\u53d7",
            "likeCount": 0
        },
        {
            "reply_id": "Ugzie719mf32H8d9ffl4AaABAg",
            "reply_content": "\u770b\u660e\u8ed2\u597d\u61c2\u5f97\u4eab\u53d7\u81ea\u5df1\u7684\u7368\u8655\u6642\u9593\u6240\u4ee5\u61c9\u8a72\u4e0d\u6703\u611f\u5230\u5b64\u7368\n\u800c\u4e14\u6709\u90a3\u9ebc\u591a\u7684\u7c89\u7d72\u548c\u5de5\u4f5c\u771f\u4fc2\u9023\u5fc3\u9748\u90fd\u586b\u6eff\u6eff\ud83d\ude02",
            "likeCount": 0
        },
        {
            "reply_id": "UgzoCwJt4DkpgaPUvlp4AaABAg",
            "reply_content": "\u4e00\u500b\u4eba\u7684\u611f\u89ba\u5f88\u597d\n\u6211\u4e5f\u5e38\u5e38\u81ea\u5df1\u4e00\u500b\u4eba\u505a\u4efb\u4f55\u4e8b",
            "likeCount": 0
        },
        {
            "reply_id": "UgxKfmFBrO3cbu43NxB4AaABAg",
            "reply_content": "\u4f60\u9019\u9ebc\u8de9\u597d\u50cf\u5168\u4e16\u754c\u53ea\u6709\u4f60\u6700\u53b2\u5bb3\uff0c\u54ea\u4f86\u7684\u670b\u53cb",
            "likeCount": 0
        },
        {
            "reply_id": "UgxIc6AcdcckxvlAagt4AaABAg",
            "reply_content": "\u53ef\u6190\u6c92\u670b\u53cb\u61c9\u8a72\u597d\u597d\u6aa2\u8a0e\u81ea\u5df1",
            "likeCount": 1
        },
        {
            "reply_id": "Ugzz5z-V-f_-ko4X4-R4AaABAg",
            "reply_content": "\u4e00\u500b\u4eba\u73a9\u6a02\u5712\u6211\u4e5f\u8a66\u904e",
            "likeCount": 0
        },
        {
            "reply_id": "Ugxx60sBzdrjkGCXBWB4AaABAg",
            "reply_content": "\u53ef\u4ee5\u9ad4\u9a57\u81ea\u5df1\u7684\u8b8a\u548c\u5c0a\u91cd\u5225\u4eba\u7684\u8b8a\u771f\u7684\u5f88\u4e0d\u7c21\u55ae\uff01",
            "likeCount": 0
        },
        {
            "reply_id": "UgytWBMU8L3AqeA_pn54AaABAg",
            "reply_content": "\u4e0d\u53ef\u80fd\u505a\u5230\u4e00\u500b\u4eba\u53bb\u751f\u5c0f\u5b69\u7136\u5f8c\u4e00\u500b\u4eba\u628a\u5c0f\u5b69\u990a\u5927",
            "likeCount": 0
        },
        {
            "reply_id": "Ugz-Zs3M3-iXuIN2xjV4AaABAg",
            "reply_content": "\u6709\u6642\u5019\u4e00\u500b\u4eba\u771f\u7684\u5f88\u4eab\u53d7",
            "likeCount": 0
        },
        {
            "reply_id": "UgzqwSTDwcn_5_0r8_B4AaABAg",
            "reply_content": "\u81ea\u5df1\u53bb\u53ef\u4ee5\u73a9\u5f88\u591a\u5730\u65b9",
            "likeCount": 0
        },
        {
            "reply_id": "Ugz8nWYDVyFS64g2YPZ4AaABAg",
            "reply_content": "\u4f60\u8d85\u68d2\u7684\u4e00\u500b\u4eba\u7684\u751f\u6d3b",
            "likeCount": 0
        },
        {
            "reply_id": "UgziwfdAoNgg06fueLl4AaABAg",
            "reply_content": "\u4e00\u500b\u4eba\u53bb\u8fea\u58eb\u5c3c\u6211\u4e5f\u662f\u7d93\u5e38\u9019\u6a23",
            "likeCount": 0
        },
        {
            "reply_id": "UgzzpJD0Htctwgj08JZ4AaABAg",
            "reply_content": "\u660e\u8ed2\u771f\u7684\u662f\u55ae\u8eab\u4eba\u985e\u6700\u4f73\u7684\u5b64\u7368\u7bc4\u672c",
            "likeCount": 0
        },
        {
            "reply_id": "Ugwdc0rdIfBFgW-O1sx4AaABAg",
            "reply_content": "\u7f8e\u5973\u8207\u91ce\u7378\u8cb7\u5feb\u901f\u901a\u95dc\u771f\u7684\u5f88\u503c",
            "likeCount": 0
        },
        {
            "reply_id": "UgySNxiCOfcTwjTezN94AaABAg",
            "reply_content": "\u8f9b\u82e6\u4e86\u4e00\u908a\u73a9\u9084\u8981\u4e00\u908a\u62cd\u5f71\u7247\uff0c\u4e0d\u904e\u5076\u723e\u4e00\u500b\u4eba\u7684\u65c5\u884c\u4e5f\u883b\u653e\u9b06\u81ea\u5728\u7684",
            "likeCount": 0
        },
        {
            "reply_id": "Ugwqhf8G6Y9C0lToo7l4AaABAg",
            "reply_content": "\u807d\u4e86\u660e\u8ed2\u8aaa\u7684\u4e5f\u767c\u73fe \u597d\u50cf\u771f\u7684\u5fc3\u5883\u4e0d\u540c\u770b\u4f86\u4efb\u4f55\u4e8b\u90fd\u6703\u6709\u4e0d\u540c\u7684\u60f3\u6cd5 \u4e4b\u524d\u525b\u770b\u5230\u660e\u8ed2\u7b2c\u4e00\u6b21\u53bb\u904a\u6a02\u5712\u7684\u5f71\u7247\u662f\u662f\u89ba\u5f97\u5f88\u81ea\u7136\u8ddf\u6211\u6709\u4e00\u6a23\u7684\u611f\u53d7\u7b49\u7b49\u7684\uff0c\u4f46\u904e\u4e86\u9019\u9ebc\u4e45\u807d\u4e86\u660e\u8ed2\u8aaa\u7684\u4e5f\u91cd\u65b0\u770b\u4e86\u4e00\u6b21\u767c\u73fe \u5176\u5be6\u5f88\u591a\u884c\u70ba\u90fd\u8868\u73fe\u51fa\u5f88\u4e0d\u81ea\u5728\u7684\u611f\u89ba",
            "likeCount": 1
        }
    ]
}