{
    "video_info": {
        "id": "Q6ibahBQxWM",
        "channelTitle": "\u937e\u660e\u8ed2",
        "title": "\u597d\u611b\u9178\u6c11\u7684\u7559\u8a00\uff01",
        "description": "\u904a\u8d70\u5728\u88ab\u4eba\u559c\u6b61\u8207\u4e0d\u88ab\u559c\u6b61\u4e4b\u9593\n\u64c1\u6709\u5c0d\u5916\u8072\u660e\u300e\u559c\u6b61\u88ab\u4ed6\u4eba\u8a0e\u53ad\u300f\u7684\u52c7\u6c23\n\u5176\u5be6\u9019\u662f\u4e00\u4efd\u81ea\u5df1\u5c0d\u81ea\u5df1\u4e0b\u7684\u6230\u5e16\n\n\u5728\u6bcf\u4e00\u6b21\u6536\u5230\u8ca0\u9762\u8cc7\u8a0a\u6642 \n\u6bcf\u6b21\u5c31\u5728\u90a3\u9ebc\u525b\u597d\u7684\u6b7b\u4ea1\u908a\u7de3\u88e1\u633a\u904e\u4e86\u90a3\u4efd\u5e7e\u4e4e\u7121\u53ef\u64bc\u52d5\u7684\u8072\u97f3\n\u9019\u500b\uff01\u5c31\u662f\u9019\u500b \uff01\uff01\u5b83\u662f\u6211\u7684\u5fc3\u982d\u597d\n\u6709\u9ede\u8650\u4e5f\u6709\u9ede\u8b8a\u614b\n\u4f46\u53ef\u4ee5\u5728\u9019\u9ebc\u8907\u96dc\u7684\u8166\u4e2d\u7d44\u7e54\u8457\u9019\u9ebc\u8c50\u5bcc\u7684\u60c5\u7dd2\n\u5728\u6bcf\u4e00\u6b21\u7684\u6ce2\u52d5\u88e1\u627e\u5230\u4e00\u7a2e\u7368\u7279\u7684\u6eab\u67d4\n\u9019\u662f\u6211\u547c\u5438\u7684\u65b9\u5f0f \n\u4e5f\u662f\u6211\u552f\u4e00\u53ef\u4ee5\u611f\u53d7\u5230\u6b64\u523b\u81ea\u5df1\u9084\u6d3b\u8457\u7684\u5167\u5bb9\n\n\u4e0d\u60f3\u4e0d\u52aa\u529b\n\u53ea\u60f3\u6bcf\u4e00\u6b21\u90fd\u518d\u7528\u529b\u66f4\u7528\u529b\u7684\n\u8b93\u81ea\u5df1\u4e0d\u8981\u505c\u4e0b\u4f86",
        "likeCount": "19295",
        "commentCount": "1923",
        "viewCount": "441251"
    },
    "comments": [
        {
            "reply_id": "Ugw8yumxJjDvaoDhOHp4AaABAg",
            "reply_content": "\u4f60\u7684\u5fc3\u614b\u771f\u7684\u597d\u6210\u719f\u5594\uff01\u5e0c\u671b\u80fd\u8ddf\u4f60\u4e00\u6a23\u5927\u65b9\u4e0d\u5728\u610f",
            "likeCount": 0
        },
        {
            "reply_id": "UgxDd9SsOUe6WrTQ-md4AaABAg",
            "reply_content": "\u70ba\u4f55\u6700\u8fd1\u6c92\u6709\u770b\u5230\u611b\u8c93",
            "likeCount": 0
        },
        {
            "reply_id": "UgyvBG2Q-eYTwpQh7yN4AaABAg",
            "reply_content": "\u9b6f\u62c9\u5566\u9b6f\u62c9\u5566\u9b6f\u62c9\u9b6f\u62c9\u563f",
            "likeCount": 0
        },
        {
            "reply_id": "Ugw__uSudD8aAHYUEDV4AaABAg",
            "reply_content": "\u6211\u6bd4\u8f03\u559c\u6b61\u937e\u660e\u8ed2\u8aaa\u7684\u8a71\u56e0\u70ba\u5f88\u6709\u9053\u7406",
            "likeCount": 0
        },
        {
            "reply_id": "Ugz1Iifz6hZ9SmOayVV4AaABAg",
            "reply_content": "\u8b93\u4ed6\u5011\u591a\u7f75\u4f60\u589e\u52a0\u6d41\u91cf",
            "likeCount": 1
        },
        {
            "reply_id": "UgzDiXR7F-q8kiq7Nel4AaABAg",
            "reply_content": "\u4e5f\u662f\u9019\u4e9b\u9178\u6c11\u6210\u5c31\u4e86\u4f60",
            "likeCount": 1
        },
        {
            "reply_id": "Ugy9DmreFvjno8u9ypZ4AaABAg",
            "reply_content": "\u60f3\u8aaa\u7de8\u6232\u90a3\u500b\u7559\u8a00\u4e0d\u554f\u4eba\u5c31\u5148\u884c\u6392\u968a\u4e0d\u5c31\u7121\u6559\u990a\u55ce\u7b11\u6b7b",
            "likeCount": 0
        },
        {
            "reply_id": "UgxFiJU_zEhmiG28Ic54AaABAg",
            "reply_content": "\u4e0b\u6b21\u4f60\u53ef\u4ee5\u62cd\u53bb\u5370\u5c3c\u65c5\u904a\u5f71\u7247\u55ce",
            "likeCount": 0
        },
        {
            "reply_id": "UgzdBClc5MP-tjjHZ694AaABAg",
            "reply_content": "\u771f\u7684\u5f88\u611f\u8b1d\u80fd\u770b\u5230\u4f60\u4e00\u76f4\u5728\u767c\u7684\u8996\u983b\u548c\u6587\u7ae0\uff0c\u9019\u4e9b\u90fd\u7d66\u4e86\u6211\u5f88\u5927\u7684\u52c7\u6c23\u53bb\u63a5\u53d7\u6709\u7684\u4eba\u6703\u559c\u6b61\u4f60\u4e5f\u6709\u7684\u4eba\u4e0d\u6703\u559c\u6b61\u4f60",
            "likeCount": 0
        },
        {
            "reply_id": "Ugwt59DPwL_IqlYN4FF4AaABAg",
            "reply_content": "\u6211\u5f97\u5b66\u4e60\u4f60\u7684\u8fd9\u79cd\u5fc3\u6001",
            "likeCount": 0
        },
        {
            "reply_id": "UgyQ7AY0uR1xNs59zkZ4AaABAg",
            "reply_content": "\u4f60\u5dee\u5728\u7709\u6bdb\u7684\u984f\u8272\u548c\u4f60\u9aee\u8272\u4e0d\u4e00",
            "likeCount": 0
        },
        {
            "reply_id": "Ugxu15O23Q7SB2u2oAt4AaABAg",
            "reply_content": "\u6211\u559c\u6b22\u4f60\u662f\u56e0\u4e3a\u4f60\u5927\u58f0\u76f4\u547c\u6b66\u6c49\u80ba\u708e\u54c8\u54c8\u54c8",
            "likeCount": 0
        },
        {
            "reply_id": "Ugyk0avKvPyPe2LLrCV4AaABAg",
            "reply_content": "\u5230\u5e95\u591a\u60f3\u60f9\u8d77\u7db2\u8def\u722d\u8b70\u624d\u6703\u62cd\u5f71\u7247\u554f\u8def\u4eba\u6700\u8a0e\u53ad\u54ea\u500b\u6cb9\u571f\u4f2f",
            "likeCount": 1
        },
        {
            "reply_id": "Ugxt4ZcQamL5Ox15xiN4AaABAg",
            "reply_content": "\u7b11\u6b7b\u90a3\u4e9b\u5927\u5b78\u751f\u6709\u5920\u5c41\u5b69\u6a23",
            "likeCount": 1
        },
        {
            "reply_id": "UgwRAuCduuQo-IlA0Eh4AaABAg",
            "reply_content": "\u6211\u662f\u500b\u4eba\u662f\u6c92\u6709\u559c\u6b61\u4e5f\u6c92\u6709\u8a0e\u53ad\u5c31\u4e2d\u9593 \u89ba\u5f97\u6c92\u5fc5\u8981\u60e1\u610f\u53bb\u62b9\u6ec5\u4e00\u500b\u4eba\u4e0d\u60f3\u770b\u5c31\u6ed1\u6389\u5c31\u597d\u6839\u672c\u6c92\u4eba\u5f37\u8feb\u4f60\u770b",
            "likeCount": 0
        },
        {
            "reply_id": "Ugz5XPhx3ppGZyTE93R4AaABAg",
            "reply_content": "\u53cd\u6b63\u6211\u9084\u662f\u5f88\u559c\u6b61\u4f60\u5566",
            "likeCount": 0
        },
        {
            "reply_id": "UgzUFWxJFjUAi4PBbJV4AaABAg",
            "reply_content": "\u8a72\u4e0d\u6703\u53c8\u662f\u99ac\u5217\u85cd\u7684\u9020\u8b20\u6587",
            "likeCount": 0
        },
        {
            "reply_id": "UgycM7VEHHDq6km91HR4AaABAg",
            "reply_content": "\u6bcf\u4e00\u96c6\u90fd\u6709\u770b \u5c31\u662f\u770b\u4e0d\u51fa\u54ea\u88e1\u53ef\u4ee5\u8a0e\u53ad\u7684\u5730\u65b9",
            "likeCount": 0
        },
        {
            "reply_id": "UgzLO3md-tBY1GeaoPJ4AaABAg",
            "reply_content": "\u771f\u7684\u5f88\u559c\u6b22\u4ed6\u7684\u6bcf\u6b21\u4ed6\u7684\u7b54\u6848",
            "likeCount": 0
        },
        {
            "reply_id": "Ugzxva3I2z3GZCxbFWt4AaABAg",
            "reply_content": "\u8b93\u6211\u60f3\u5230\u524d\u9663\u5b50\u932b\u862d\u7684\u5f71\u7247\uff0c\u4e5f\u662f\u5728\u8aaa\u4e00\u5806\u4eba\u6c92\u6709\u771f\u6b63\u4e86\u89e3\u5c31\u7528\u4e8c\u624b\u8cc7\u8a0a\u53bb\u6279\u5224\u53e6\u4e00\u500b\u4eba\u3002",
            "likeCount": 0
        }
    ]
}