{
    "video_info": {
        "id": "Smz7A1Sk_r4",
        "channelTitle": "\u937e\u660e\u8ed2",
        "title": "\u662f\u6642\u5019\u8a72Fast Forward\u4e00\u4e0b\u4e86\u5427\uff01",
        "description": "",
        "likeCount": null,
        "commentCount": "1227",
        "viewCount": "719343"
    },
    "comments": [
        {
            "reply_id": "UgwxCwtV0-cNXhhJmwx4AaABAg",
            "reply_content": "\u6709\u81ea\u4fe1\u7684\u4eba\u770b\u773c\u795e\u5c31\u77e5\u9053",
            "likeCount": 2
        },
        {
            "reply_id": "Ugz2APsqVW-qsaUax3F4AaABAg",
            "reply_content": "\u771f\u7684\u8df3\u5f97\u883b\u597d\u7684\u8868\u60c5\u4e5f\u5230\u4f4d",
            "likeCount": 0
        },
        {
            "reply_id": "UgyvE8G9L_hZAcnbu1N4AaABAg",
            "reply_content": "\u660e\u8ed2\u53ef\u4ee5\u6709\u9019\u7a2e\u591a\u4e00\u9ede\u821e\u8e48\u5f71\u7247\u55ce",
            "likeCount": 0
        },
        {
            "reply_id": "UgxBafsOuCu5cad1SVR4AaABAg",
            "reply_content": "\u597d\u770b\u597d\u770b\u5f35\u529b\u8ddf\u8868\u60c5\u90fd\u5f88\u9802",
            "likeCount": 0
        },
        {
            "reply_id": "UgwM7IWw6ExBzygB86N4AaABAg",
            "reply_content": "\u8df3\u7684\u5f88\u597d\u770b\n\u62cd\u651d\u904b\u93e1\u624b\u6cd5\u611f\u89ba\u4e5f\u6bd4\u7167\u97d3\u5718\u7684\u7df4\u821e\u8996\u983b\u4e86",
            "likeCount": 0
        },
        {
            "reply_id": "UgzH78d2MoJuvwwXtqV4AaABAg",
            "reply_content": "\u6211\u4f86\u70ba\u9019\u53ef\u60b2\u7684\u6027\u5225\u7559\u8a00\u4e86",
            "likeCount": 0
        },
        {
            "reply_id": "UgyJGxGAkjYPOk2bqxF4AaABAg",
            "reply_content": "\u9084\u662f\u6bd4\u8f03\u9069\u5408\u5531\u7834\u97f3\u7248\u714e\u71ac\u5c31\u597d",
            "likeCount": 0
        },
        {
            "reply_id": "Ugza0gqlEVufQ9zKY9V4AaABAg",
            "reply_content": "\u80fd\u8b8a\u6027\u6210\u5973\u751f\u6703\u6bd4\u8f03\u597d\u5594",
            "likeCount": 0
        },
        {
            "reply_id": "UgyrKg9zWaVfo05gC-F4AaABAg",
            "reply_content": "\u8d85\u611b\u4f60\u90a3\u5145\u6eff\u81ea\u4fe1\u7684\u773c\u795e\u8ddf\u59ff\u614b",
            "likeCount": 0
        },
        {
            "reply_id": "UgzWP7hhXbmEdM8TsIt4AaABAg",
            "reply_content": "\u5c31\u662f\u597d\u770b\u5230\u91cd\u8907\u770b\u4e00\u76f4\u770b\u4e0b\u53bb\u561f\u54ce\u5537\u5230\u5e95",
            "likeCount": 0
        },
        {
            "reply_id": "UgymcSyCX30Bq845gyB4AaABAg",
            "reply_content": "\u770b\u5b8c\u4e86\u597d\u60f3\u958b\u76ae\u708e\u6d3e\u5c0d\u5594\u597d\u60f3\u958b\u76ae\u708e\u6d3e\u5c0d\u5594",
            "likeCount": 0
        },
        {
            "reply_id": "UgzW0oY1ikcW_z2OHD94AaABAg",
            "reply_content": "\u4e00\u76f4\u89ba\u5f97\u4f60\u6bd4\u8f03\u9069\u5408\u9ed1\u9aee",
            "likeCount": 0
        },
        {
            "reply_id": "UgxsmN7X3ZWZ7obuFRh4AaABAg",
            "reply_content": "\u5b8c\u5168\u6bd4\u694a\u4e1e\u7433\u597d\u5f88\u591a\u6b38",
            "likeCount": 0
        },
        {
            "reply_id": "Ugzges_sd6mOVSVT96B4AaABAg",
            "reply_content": "\u770b\u8d77\u4f86\u4e5f\u592a\u8f15\u9b06\u4e0d\u5598\u4e86\u5427",
            "likeCount": 0
        },
        {
            "reply_id": "Ugz_YylfX1EqkGw8zG94AaABAg",
            "reply_content": "\u6bd4\u4e1e\u7433\u8df3\u7684\u9084\u597d\u770b\u662f\u6b63\u5e38\u7684\u55ce",
            "likeCount": 0
        },
        {
            "reply_id": "UgzpcWH28OeWQ0oVJFl4AaABAg",
            "reply_content": "\u4f60\u8df3\u7684\u821e\u6bd4\u694a\u4e1e\u7433\u597d\u591a\u4e86",
            "likeCount": 0
        },
        {
            "reply_id": "Ugxa2iyw5QI-s6eAGid4AaABAg",
            "reply_content": "\u6211\u771f\u7684\u5f88\u597d\u5947\u70ba\u4ec0\u9ebc\u6703\u6709\u4eba\u8a0e\u53ad\u4ed6\n\u4ed6\u6709\u81ea\u5df1\u7684\u60f3\u6cd5\u554a",
            "likeCount": 5
        },
        {
            "reply_id": "UgwcAEkG4TbcgTb8QEB4AaABAg",
            "reply_content": "\u7b2c\u4e00\u6b21\u77e5\u9053\u4ed6\u90a3\u9ebc\u8df3\u8df3\u821e\u8df3\u821e",
            "likeCount": 0
        },
        {
            "reply_id": "UgzZicLIf7NBSgN0MOh4AaABAg",
            "reply_content": "\u6bd4\u694a\u4e1e\u7433\u8df3\u5f97\u597d\u770b\u591a\u4e86",
            "likeCount": 0
        },
        {
            "reply_id": "Ugxy-8sYnBXeeslEFg54AaABAg",
            "reply_content": "\u5982\u679c\u662f\u5973\u751f\u9019\u6a23\u7a7f\u65e9\u5c31\u9ec3\u6a19 \u8aaa\u597d\u7684\u5169\u6027\u5e73\u6b0a\u5462",
            "likeCount": 0
        }
    ]
}