{
    "video_info": {
        "id": "u37VaWPU7SQ",
        "channelTitle": "\u937e\u660e\u8ed2",
        "title": "\u6211\u53c8\u63a5\u5230\u4ee3\u8a00\u4e86\uff01",
        "description": "\u7121\u6cd5\u5f59\u96c6\u5b8c\u6210\u7684\u5fc3\u5883 \n\u5c1a\u672a\u80fd\u7d44\u7e54\u51fa\u6700\u7cbe\u6e96\u7684\u8a5e\u5f59\u4f86\u8868\u9054\u5fc3\u4e2d\u6240\u60f3\n\u6211\u5230\u5e95\u8a72\u5982\u4f55\u6d3b\u5f97\u7cbe\u5f69\uff1f\n\n\u5982\u679c\u8aaa\u751f\u4f86\u662f\u70ba\u4e86\u9ad4\u9a57\u7684\n\u90a3\u9019\u500b\u9ad4\u9a57\u7684\u76ee\u7684\u7a76\u7adf\u70ba\u4f55\u9700\u8981\u5b58\u5728\uff1f\n\u6211\u80fd\u5426\u4e0d\u8981\u9ad4\u9a57\uff1f\n\u6211\u662f\u4e0d\u662f\u53ef\u4ee5\u5728\u300e\u4eba\u300f\u6700\u4e00\u958b\u59cb\u6642\u5c31\u653e\u68c4\u9078\u64c7\uff1f\n\n\u4e0d\u8981\u56de\u982d \u4e0d\u8981\u601d\u8003 \u6c92\u6709\u8a55\u8ad6 \u6c92\u6709\u5ff5\u982d\n\u5982\u679c\u8aaa\u4eba\u5728\u4e00\u958b\u59cb\u672c\u8eab\u5c31\u662f\u6c92\u6709\u9078\u64c7\u7684\n\u90a3\u81f3\u5c11\u5728\u5f8c\u4f86 \u6211\u9078\u64c7\u4e86\u6211\u8981\u7684\n\n\u81f4\u90a3\u4e9b\u611b\u6211\u7684\u8ddf\u7121\u6cd5\u7406\u89e3\u6211\u7684\u4eba\n\u8d70\u5230\u8def\u4e0a \n\u770b\u770b\u6211",
        "likeCount": "12868",
        "commentCount": "700",
        "viewCount": "331124"
    },
    "comments": [
        {
            "reply_id": "UgxUezWFFJ-i1kic8Cd4AaABAg",
            "reply_content": "\u6211\u5728\u516c\u8eca\u4e0a\u597d\u50cf\u6709\u770b\u5230",
            "likeCount": 1
        },
        {
            "reply_id": "Ugys9Jn4oQ0AgG0IZE54AaABAg",
            "reply_content": "\u6587\u68ee\u5148\u751f\u7522\u54c1\u62cd\u7684\u5f88\u6709\u8cea\u611f",
            "likeCount": 0
        },
        {
            "reply_id": "UgyKOoVZGnZDEYX2Ghp4AaABAg",
            "reply_content": "\u90a3\u4e2a\u72d7\u597d\u50cf\u80fd\u542c\u61c2\u5979\u8bf4\u8bdd",
            "likeCount": 0
        },
        {
            "reply_id": "UgwGePpkU2Fv-drPG1B4AaABAg",
            "reply_content": "\u660e\u8f69\u5728\u53f0\u6e7e\u540d\u6c14\u5f88\u65fa\u54ce",
            "likeCount": 0
        },
        {
            "reply_id": "UgwlWaljrVSd6fLe_zR4AaABAg",
            "reply_content": "\u5982\u679c\u5ee3\u544a\u53ef\u4ee5\u591a\u63db\u5169\u5957\u8863\u670d\u6216\u9020\u578b\u5c31\u66f4\u68d2\u4e86",
            "likeCount": 0
        },
        {
            "reply_id": "UgwWRaksjoYxpR1bcJ54AaABAg",
            "reply_content": "\u597d\u68d2\uff0c\u5728\u516c\u8eca\u4e0a\u770b\u5230\u660e\u8ed2\u5c31\u77e5\u9053\u4ee3\u8a00\u5f71\u7247\u53c8\u51fa\u4f86\u4e86",
            "likeCount": 2
        },
        {
            "reply_id": "UgyupTnEeZwA5NdHyLF4AaABAg",
            "reply_content": "\u6587\u68ee\u5148\u751f\u7684\u539f\u5730\u5687\u5230\u4e5f\u592a\u53ef\u611b\u4e86\u5427",
            "likeCount": 1
        },
        {
            "reply_id": "UgzU-2ctxW7bqbgG2bt4AaABAg",
            "reply_content": "\u660e\u660e\u5c31\u53ea\u6709\u8b1b\u54c8\u56c9\u8ed2\u800c\u5df2",
            "likeCount": 1
        },
        {
            "reply_id": "UgyxMyWVnpsIAeYa9hR4AaABAg",
            "reply_content": "\u6211\u5011\u7684\u5b78\u6821\u7684\u6821\u8eca\u4e0a\u9762\u6709\u4f60\u7684\u5ee3\u544a\u4e0a\u9762\u5beb\u570b\u969b\u7f8e\u4eba\u539f\u5730\u4ee3\u8a00",
            "likeCount": 0
        },
        {
            "reply_id": "UgyWo-lL_H4scvM5JNd4AaABAg",
            "reply_content": "\u8001\u95c6\u773c\u5149\u771f\u68d2\u7522\u54c1\u8a2d\u8a08\u7684\u5f88\u60f3\u8cb7\u4f86\u7528",
            "likeCount": 0
        },
        {
            "reply_id": "UgxqnWPoOmyKG74LdNl4AaABAg",
            "reply_content": "\u5ee3\u544a\u5beb\u539f\u5730\u4ee3\u8a00\u6211\u771f\u7684\u6703\u7b11\u6b7b",
            "likeCount": 0
        },
        {
            "reply_id": "Ugyz2Asu3kQEQcTLkGR4AaABAg",
            "reply_content": "\u5df2\u7d93\u5929\u5929\u770b\u5230\u8def\u4e0a\u516c\u8eca\u90fd\u662f\u570b\u969b\u7f8e\u4eba\u8ed2\u7684\u5ee3\u544a",
            "likeCount": 0
        },
        {
            "reply_id": "UgyD_rbnzGlDf1id_Cx4AaABAg",
            "reply_content": "\u9019\u9ebc\u65e9\u8d77\u5e8a\u771f\u662f\u59d4\u5c48\u4f60\u4e86\u6b38\ud83d\ude02\u963f\u4e0d\u5c31\u9084\u597d\u6c92\u6709\u4e0b\u96e8",
            "likeCount": 1
        },
        {
            "reply_id": "Ugz-sg12ZiDXDuBvngd4AaABAg",
            "reply_content": "\u6211\u6628\u5929\u5728\u53f0\u5317\u7684\u516c\u8eca\u5ee3\u544a\u4e0a\u624d\u770b\u5230\uff0c\u6c92\u60f3\u5230\u4eca\u5929\u5c31\u770b\u5230\u767c\u7247\u4e86\u8036",
            "likeCount": 0
        },
        {
            "reply_id": "UgywVpy6fYiU9PGlFHB4AaABAg",
            "reply_content": "\u651d\u5f71\u5e2b\u8ddf\u5c0e\u6f14\u771f\u7684\u62cd\u5f97\u5f88\u597d\u770b",
            "likeCount": 0
        },
        {
            "reply_id": "UgxE8a7sh6zm8IftN214AaABAg",
            "reply_content": "\u6211\u7684\u6d17\u9762\u4e73\u5c31\u662f\u770b\u660e\u8ed2\u63a8\u85a6\u8cb7\u7684\uff0c\u4f7f\u7528\u7b2c\u4e09\u7f50\u81f3\u4eca\u6c92\u6709\u5f8c\u6094",
            "likeCount": 0
        },
        {
            "reply_id": "UgySs1ROYn-WHoAzzaZ4AaABAg",
            "reply_content": "\u539f\u5730\u5687\u5230\u6b38\uff0c\u4f60\u600e\u9ebc\u5c31\u662f\u6709\u8fa6\u6cd5\u628a\u4e00\u500b\u5e7e\u79d2\u9418\u7684\u5ee3\u544a\u62cd\u7684\u9019\u9ebc\u6709\u8cea\u611f\u9019\u9ebc\u6f02\u4eae\u9019\u9ebc\u5b8c\u7f8e",
            "likeCount": 1
        },
        {
            "reply_id": "Ugz6qw-0seQFQpmLEVR4AaABAg",
            "reply_content": "\u770b\u4e86\u597d\u60f3\u8cb7\u4e00\u74f6\u4f86\u8a66\u8a66\u770b",
            "likeCount": 1
        },
        {
            "reply_id": "UgzQTyYHf0gVrvI05ON4AaABAg",
            "reply_content": "\u660e\u8ed2\u4ee3\u8a00\u7684\u4e00\u5b9a\u8981\u8cb7\u7206",
            "likeCount": 0
        },
        {
            "reply_id": "UgwpUh7amt_xyBJvUGt4AaABAg",
            "reply_content": "\u9023\u6211\u963f\u59e8\u90fd\u6709\u7528\u4ed6\u5011\u5bb6\u7684\u871c\u7c89\u5f88\u68d2\u6b38",
            "likeCount": 0
        }
    ]
}