{
    "video_info": {
        "id": "vAvljcCit0M",
        "channelTitle": "\u937e\u660e\u8ed2",
        "title": "\u5ee0\u5546\u8981\u7d66\u6211\u78ba\u5b9a\u9912\uff01",
        "description": "\u672c\u96c6\u771f\u7684\u5f88for\u559c\u6b61\u611b\u611b\u6216\u800d\u9a37\u7684\u670b\u53cb\n\u5e73\u5e38\u6c92\u6709\u4fdd\u990a\u8d77\u4f86\u9084\u771f\u7684\u4e0d\u77e5\u9053\u539f\u4f86\u81ea\u5df1\u53ef\u4ee5\u5728\u6c92\u6709\u4efb\u4f55\u91ab\u7f8e\u7684\u5e6b\u52a9\u4e0b\n\u9084\u53ef\u4ee5\u628a\u81ea\u5df1\u7684\u9577\u76f8\u7d66Upgraded\u8d77\u4f86\n\n\u7e3d\u800c\u8a00\u4e4b \u5df2\u7d93\u7576\u4e86\u597d\u5e7e\u5e74\u7684\u767d\u8001\u9f20\n\u53ef\u5728\u81ea\u5df1\u7684\u6709\u751f\u4e4b\u5e74\u88e1\u610f\u5916\u6316\u5230\u771f\u5be6\u597d\u7528\u7684\u7522\u54c1 \u771f\u6ef4\u53ef\u9047\u4e0d\u53ef\u6c42\uff01\n\u4e00\u6a23\u8001\u8a71\u4e00\u53e5\uff1a\n\u300e\u5929\u5e95\u4e0b\u6c92\u6709\u6240\u8b02\u5168\u4eba\u985e\u90fd\u9069\u7528\u7684\u7522\u54c1\uff0c\u53ea\u6709\u627e\u5230\u9069\u5408\u81ea\u5df1\u7684\uff0c\u90a3\u624d\u662f\u771f\u7684\u3002\u300f\n\n\u5f88\u69ae\u5e78\u7576\u5927\u5bb6\u7684\u5c0f\u5c0f\u907f\u96f7\u91dd\n\u7e7c\u7e8c\u800d\u9a37\uff5e\u7e7c\u7e8c\u6f02\u4eae\uff5e",
        "likeCount": "13767",
        "commentCount": "498",
        "viewCount": "459898"
    },
    "comments": [
        {
            "reply_id": "Ugy8SF_ddhdDM0MDPF54AaABAg",
            "reply_content": "\u597d\u60f3\u77e5\u9053\u4ed6\u7684\u776b\u6bdb\u5728\u90a3\u88e1\u63a5\u7684\u597d\u7ff9\u53c8\u597d\u9577",
            "likeCount": 1
        },
        {
            "reply_id": "UgyTbLkWEeZdknGbjb94AaABAg",
            "reply_content": "\u6211\u5abd\u525b\u5f9e\u570b\u5916\u56de\u4f86\u4ed6\u5c31\u554f\u8aaa\u4ed6\u60f3\u8cb7\u81a0\u539f\u86cb\u767d\u6211\u5c31\u807d\u4f60\u7684\u8a71\u8cb7\u4e86\u7b2c\u4e94\u5929\u800c\u5df2\u5c31\u958b\u59cb\u6709\u6548\u679c\u4e86\ud83d\ude0d",
            "likeCount": 0
        },
        {
            "reply_id": "Ugz8X5y_ROj63NYlMQR4AaABAg",
            "reply_content": "\u53ef\u4ee5\u53bb\u5370\u5c3c\u627e\u9054\u5c3c\u5c0f\u59d0\u55ce",
            "likeCount": 0
        },
        {
            "reply_id": "Ugx3q55X8uNgNX_-WtR4AaABAg",
            "reply_content": "\u6211\u53ea\u80fd\u8aaa\u4f60\u771f\u7684\u597d\u6f02\u4eae",
            "likeCount": 0
        },
        {
            "reply_id": "UgyjXnGljcDexCP9oV14AaABAg",
            "reply_content": "\u937e\u660e\u8ed2\u8868\u60c5\u8d8a\u4f86\u8d8a\u8c50\u5bcc",
            "likeCount": 0
        },
        {
            "reply_id": "Ugx94KJVhCLozN3zIA54AaABAg",
            "reply_content": "\u4eba\u751f\u88fd\u85e5\u7adf\u7136\u6709\u51fa\u6f64\u6ed1\u6db2\ud83e\udd23\u6211\u4ee5\u70ba\u4ed6\u5011\u53ea\u8ce3\u4fdd\u5065\u98df\u54c1",
            "likeCount": 0
        },
        {
            "reply_id": "Ugxs1JqFY_r5stXvO9d4AaABAg",
            "reply_content": "\u76ae\u819a\u771f\u7684\u5f88\u597d\uff01\u6211\u6703\u52aa\u529b\u7528\u4f60\u7684\u65b9\u6cd5\u8b8a\u5f97\u66f4\u597d",
            "likeCount": 0
        },
        {
            "reply_id": "UgxZXgZ9Lj6jqc1BzYR4AaABAg",
            "reply_content": "\u4f60\u7684\u76ae\u819a\u597d\u5230\u5f88\u50cf\u5957\u4e86\u4e00\u5c64\u7d72\u896a\u5728\u4e0a\u9762",
            "likeCount": 0
        },
        {
            "reply_id": "UgxtjmiFpe4v3JR8yUh4AaABAg",
            "reply_content": "\u937e\u660e\u8ed2\u7528\u5168\u80fd\u4e73\u6db2\u6703\u4e0d\u6703\u592a\u65e9\uff1f\u597d\u50cf\u5e74\u7d00\u5927\u9ede\u7528\u6bd4\u8f03\u9069\u5408",
            "likeCount": 0
        },
        {
            "reply_id": "Ugx0vqZJAZvgSoytxH14AaABAg",
            "reply_content": "\u597d\u5947\u8cb4\u5a66\u5473\u5230\u5e95\u662f\u4ec0\u9ebc\u5473\u9053",
            "likeCount": 0
        },
        {
            "reply_id": "Ugyz83IrnUuJIP0G62t4AaABAg",
            "reply_content": "\u5f8c\u9762\u8df3\u821e\u8d85\u53ef\u611b\u597d\u597d\u7b11",
            "likeCount": 0
        },
        {
            "reply_id": "Ugw8X2TxSArYVFEvhJh4AaABAg",
            "reply_content": "\u660e\u8ed2\u8001\u5a18\u65e9\u5531\u6c92\u7528\u90a3\u662f\u59b3\u9084\u5e74\u8f15\u6211\u8001\u4e86\u4e0d\u7528\u5566",
            "likeCount": 0
        },
        {
            "reply_id": "UgzltB9JIBqqPOFF8m14AaABAg",
            "reply_content": "\u5f8c\u4e2d\u7a7a\u5bb9\u6613\u88ab\u63d2\u5165\u4e0d\u5fc5\u5168\u812b\u5149",
            "likeCount": 0
        },
        {
            "reply_id": "UgzqZGAm-POrPRGuOXB4AaABAg",
            "reply_content": "\u5c0d\u4e0d\u8d77\u6211\u7684\u9322\u5305\u6211\u771f\u7684\u9700\u8981\u9019\u4e9b\u9177\u6771\u897f",
            "likeCount": 0
        },
        {
            "reply_id": "UgySPxBtQRlhEPTp9et4AaABAg",
            "reply_content": "\u770b\u5b8c\u90fd\u76f4\u63a5\u7528\u4eba\u751f\u88fd\u85e5\u7684\u6f64\u6ed1\u5291\uff0c\u4e4b\u524d\u7528\u904e\u4e86",
            "likeCount": 0
        },
        {
            "reply_id": "Ugxdbqh6Qdf5v9ZJXI94AaABAg",
            "reply_content": "\u660e\u8ed2\u63a8\u85a6\u7684\u7522\u54c1\u90fd\u6703\u6709\u4e00\u80a1\u60f3\u53bb\u8cb7\u7684\u885d\u52c1",
            "likeCount": 2
        },
        {
            "reply_id": "UgxNXPp3ASCUYiKVmwh4AaABAg",
            "reply_content": "\u770b\u4f60\u7684\u5f71\u7247\u771f\u7684\u597d\u8212\u66a2\u54c8\u54c8\u54c8\u54c8\u54c8 \u611b\u4e86\u611b\u4e86",
            "likeCount": 2
        },
        {
            "reply_id": "UgyMiUPgsZrDd-YbT4d4AaABAg",
            "reply_content": "\u5230\u5e95\u5728\u5e79\u561b\u6211\u8981\u7b11\u6b7b\u4e86\u54c8\u54c8\u54c8\u54c8\u54c8\u54c8\u54c8\u54c8\u54c8",
            "likeCount": 1
        },
        {
            "reply_id": "UgxkCOZ41tWYtwP-hb94AaABAg",
            "reply_content": "\u4eba\u751f\u88fd\u85e5\u7684\u6f64\u611b\u771f\u7684\u975e\u5e38\u597d\u7528\uff0c\u4e0d\u9ecf\u4e5f\u5f88\u597d\u6e05\u6d17",
            "likeCount": 0
        },
        {
            "reply_id": "UgxmeZwwKhp4g38z9kx4AaABAg",
            "reply_content": "\u770b\u4e86\u597d\u60f3\u8cb7\u90a3\u500b\u81a0\u539f\u86cb\u767d\u98f2\u4f86\u559d",
            "likeCount": 0
        }
    ]
}