{
    "video_info": {
        "id": "Yqy-juZejEQ",
        "channelTitle": "\u937e\u660e\u8ed2",
        "title": "\u53ef\u4ee5\u96e2\u958b\u4eba\u9593\u7684\u7522\u54c1\uff01",
        "description": "\u300e\u4f60\u9047\u898b\u7684\u6bcf\u500b\u4eba\uff0c\u90fd\u5728\u9032\u884c\u4e00\u6230\u9b25\uff0c\n\u4f60\u5c0d\u6b64\u4e00\u7121\u6240\u77e5\uff0c\u8207\u4eba\u70ba\u5584\uff0c\u6c38\u9060\u5982\u6b64\u3002\u300f\n\n\u795d\u798f\u5404\u4f4d\u73a9\u5bb6\u6700\u7d42\u90fd\u80fd\u8b8a\u6210\u81ea\u5df1\u559c\u6b61\u7684\u90a3\u4f4d^^",
        "likeCount": "15122",
        "commentCount": "825",
        "viewCount": "436315"
    },
    "comments": [
        {
            "reply_id": "Ugw0Jcn-oZ-paOqtHcB4AaABAg",
            "reply_content": "\u76f8\u4fe1\u6211 \u4e0b\u96c6\u4e00\u5b9a\u6703\u6709\u53bb\u661f\u5df4\u514b\u8cb7\u62b9\u8336\u5976\u971c\u7684\u7247\u6bb5",
            "likeCount": 2
        },
        {
            "reply_id": "UgyGATyfLBX6owUZeCd4AaABAg",
            "reply_content": "\u6211\u5011\u53f0\u7063\u4eba\u6700\u611b\u9019\u7a2e\u5996",
            "likeCount": 1
        },
        {
            "reply_id": "UgzGFg8B7k5CNiPEfP54AaABAg",
            "reply_content": "\u624b\u6a5f\u6bbc\u7684\u771f\u7684\u597d\u597d\u7b11 \u6293\u59e6\u795e\u5668\u54c8\u54c8\u54c8\u54c8\u54c8\u54c8",
            "likeCount": 0
        },
        {
            "reply_id": "UgxZiv2MTt-5CM39JMh4AaABAg",
            "reply_content": "\u54c8\u54c8\u54c8\u54c8\u54c8\u597d\u611b\u660e\u8ed2\u7684\u5f71\u7247",
            "likeCount": 0
        },
        {
            "reply_id": "Ugw90C5eSIcgcK5JQ7d4AaABAg",
            "reply_content": "\u60f3\u770b\u4f60\u4ecb\u7d39\u4f60\u559c\u6b61\u7684\u9999\u6c1b\u881f\u71ed",
            "likeCount": 0
        },
        {
            "reply_id": "UgySSvFZH7qzNrLq1mZ4AaABAg",
            "reply_content": "\u8d85\u611b\u96f2\u6735\u624b\u6a5f\u6bbc\u6293\u59e6\u9152\u5e97\u7684\u90e8\u5206",
            "likeCount": 0
        },
        {
            "reply_id": "UgzoSOT_d6tMwtv_zO14AaABAg",
            "reply_content": "\u523b\u8584\u7684\u5c0f\u5a4a\u5b50\u5176\u5be6\u4e5f\u6709\u53ef\u611b\u7684\u5730\u65b9\u6b38",
            "likeCount": 0
        },
        {
            "reply_id": "UgyUerntAnA8vR-TzPx4AaABAg",
            "reply_content": "\u611f\u8b1d\u4f60\u4ecb\u7d39\u4e0d\u597d\u7528\u7684\u6771\u897f\uff0c\u8b93\u6211\u5011\u4e0d\u6703\u4e82\u82b1\u51a4\u6789\u9322",
            "likeCount": 0
        },
        {
            "reply_id": "UgwVjEnNc5UEN-aFqwx4AaABAg",
            "reply_content": "\u96f2\u6735\u5287\u5834\u771f\u7684\u6233\u5230\u7b11\u9ede",
            "likeCount": 0
        },
        {
            "reply_id": "UgwJJRDz9ZsPScmmzgp4AaABAg",
            "reply_content": "\u8d85\u597d\u7b11\u8b1d\u8b1d\u770b\u5b8c\u5fc3\u60c5\u5f88\u597d",
            "likeCount": 0
        },
        {
            "reply_id": "UgzGdC25YDcCodEMyad4AaABAg",
            "reply_content": "\u60f3\u77e5\u9053\u5e73\u50f9\u8b77\u624b\u971c\u63a8\u85a6",
            "likeCount": 0
        },
        {
            "reply_id": "Ugx89-9jax-hgAbWj4l4AaABAg",
            "reply_content": "\u5582\u6bd2\u6848\u73fe\u5728\u8b49\u5be6\u5c31\u662f\u62b9\u9ed1\u70cf\u9f8d\u4e8b\u4ef6",
            "likeCount": 2
        },
        {
            "reply_id": "UgwIAmSLZxC2SqnPryp4AaABAg",
            "reply_content": "\u9760\u5317\u5ee0\u5546\u6bcf\u96c6\u90fd\u597d\u597d\u770b\u7b11\u6b7b",
            "likeCount": 0
        },
        {
            "reply_id": "UgzM7eGoMTKVdR1o1vV4AaABAg",
            "reply_content": "\u9019\u96c6\u6709\u5920\u597d\u7b11\u54c8\u54c8\u54c8\u54c8\u54c8\u54c8\u54c8",
            "likeCount": 0
        },
        {
            "reply_id": "UgxU3vm-wh20EpIknFd4AaABAg",
            "reply_content": "\u6211\u6703\u88ab\u90a3\u6bb5\u539f\u5730\u6293\u59e6\u6293\u8d77\u4f86\u7b11\u6b7b",
            "likeCount": 0
        },
        {
            "reply_id": "Ugxr5ZBMISD9Vj-KZO14AaABAg",
            "reply_content": "\u9019\u96c6\u8d85\u597d\u7b11\u54c8\u54c8\u54c8\u54c8\u54c8",
            "likeCount": 0
        },
        {
            "reply_id": "Ugyan7yotGQsNLg_CeV4AaABAg",
            "reply_content": "\u54c8\u54c8\u54c8\u54c8\u54c8\u5927\u5927\u7684\u6fd5\u7d19\u5dfe\u54c8\u54c8\u54c8\u7b11\u6b7b\u6211\u4e86",
            "likeCount": 0
        },
        {
            "reply_id": "UgyFXUPD7ue3ztaf_xl4AaABAg",
            "reply_content": "\u4ed6\u53bb\u8d85\u5546\u70ba\u4ec0\u9ebc\u624b\u6a5f\u6703\u7559\u5728\u5bb6 \u9019\u662f\u628a\u81ea\u5df1\u8655\u5728\u5371\u96aa\u7684\u60c5\u6cc1\u4e0b",
            "likeCount": 0
        },
        {
            "reply_id": "Ugxhx3OvF0Ll2-_3gDd4AaABAg",
            "reply_content": "\u6211\u7528\u904e\u7684\u58d3\u7e2e\u6d74\u5dfe\u96d6\u7136\u4e0d\u6703\u50cf\u4f60\u8aaa\u7684\u90a3\u500b\u724c\u5b50\u50cf\u6fd5\u7d19\u5dfe\u4e00\u6a23\uff0c\u4f46\u6211\u6bcf\u6b21\u53bb\u65c5\u884c\u4e00\u5b9a\u90fd\u6703\u5728\u525b\u62b5\u9054\u9152\u5e97\u623f\u9593\u6642\u5c31\u62ff\u51fa\u4f86\u6cbe\u6c34\u6253\u958b\uff0c\u64f0\u4e7e\u5f8c\u7528\u8863\u67b6\u639b\u8d77\u4f86\uff0c\u7136\u5f8c\u5c31\u51fa\u53bb\u901b\u8857\u8dd1\u884c\u7a0b\uff0c\u665a\u4e0a\u56de\u5230\u9152\u5e97\u6642\u4e00\u5b9a\u90fd\u6703\u8b8a\u4e7e\uff0c\u56e0\u70ba\u5df2\u7d93\u597d\u5e7e\u500b\u5c0f\u6642\u4e86\uff0c\u5982\u679c\u5728\u6d17\u6fa1\u524d\u812b\u8863\u670d\u7684\u90a3\u500b\u7a7a\u6a94\u624d\u628a\u58d3\u7e2e\u6d74\u5dfe\u6cbe\u6c34\u6253\u958b\u7684\u8a71\u4e00\u5b9a\u4e7e\u4e0d\u900f\uff0c\u96d6\u7136\u807d\u8d77\u4f86\u5f88\u9ebb\u7169\u4f46\u5176\u5be6\u771f\u7684\u9084\u597d\uff0c\u65e2\u7136\u90fd\u662f\u8981\u62ff\u51fa\u4f86\u6cbe\u6c34\u6253\u958b\u624d\u80fd\u4f7f\u7528\uff0c\u90a3\u4e0d\u5982\u65e9\u4e00\u9ede\u505a\u9019\u52d5\u4f5c\u65b9\u4fbf\u81ea\u5df1",
            "likeCount": 18
        },
        {
            "reply_id": "Ugy789W5c-xR_EnTirh4AaABAg",
            "reply_content": "\u624b\u6a5f\u6bbc\u516c\u53f8\u61c9\u8a72\u8981\u611f\u8b1d\u4f60\u5e6b\u4ed6\u5011\u958b\u767c\u4e86\u624b\u6a5f\u6bbc\u65b0\u529f\u7528\ud83d\ude02",
            "likeCount": 1
        }
    ]
}