{
    "video_info": {
        "id": "zT5A5iCclSo",
        "channelTitle": "\u937e\u660e\u8ed2",
        "title": "\u96e2\u958b\u53f0\u7063\u4e00\u500b\u4eba\u5b89\u975c\uff01",
        "description": "\u6bcf\u7576\u8981\u5411\u5916\u982d\u5ba3\u544a\u81ea\u5df1\u8106\u5f31\u7684\u6642\u5019\n\u9084\u662f\u6703\u7406\u7576\u7684\u628a\u8106\u5f31\u5305\u88dd\u6210\u662f\u81ea\u5df1\u5141\u8a31\u7684\u6a23\u5b50\u767c\u9001\u51fa\u53bb\n\u65e2\u7136\u5df2\u7d93\u6210\u800c\u70ba\u4eba\u4e86 \u4e5f\u6ce8\u5b9a\u5c07\u6703\u662f\u4f4d\u5927\u4eba\n\u77e5\u9053\u5982\u679c\u81ea\u5df1\u8981\u8b8a\u6210\u300e\u662f\u8aa0\u5be6\u7684\u300f\n\u4e5f\u4e00\u5b9a\u6703\u662f\u90a3\u842c\u4eba\u4e4b\u4e2d\u552f\u4e00\u7684\u552f\u4e00\n\u5982\u679c\u6211\u662f\u6211 \u8ab0\u6703\u63a5\u53d7\u9019\u6a23\u7684\u6211\n\u90a3\u5982\u679c\u6211\u4e0d\u662f\u6211 \u8ab0\u6703\u767c\u73fe\u771f\u6b63\u7684\u6211\n\u90a3\u7a2e\u65e2\u6e34\u671b\u88ab\u7aba\u63a2\u53c8\u5bb3\u6015\u6703\u5931\u53bb\u6240\u6709\u7684\n\u4e0d\u5c31\u662f\u6211\u73fe\u5728\u7684\u4eba\u751f\u55ce\n\n\u5728\u6587\u5b57\u88e1 \u6211\u53ef\u4ee5\u96b1\u85cf\u5f97\u5f88\u597d\n\u5728\u5ba3\u6d29\u81ea\u5df1\u6240\u6709\u7684\u540c\u6642\u4e5f\u505a\u597d\u53f0\u968e\u7d66\u81ea\u5df1\n\u4e0d\u6253\u7b97\u6210\u70ba\u773e\u4eba\u5fc3\u76ee\u4e2d\u7684\u82f1\u96c4\n\u53ea\u60f3\u597d\u597d\u7684 \u5b89\u5206\u5b88\u5df1\u7684\n\u5728\u9019\u4e00\u5ea7\u4e16\u754c\u82b1\u5712\u88e1\n\u4e0d\u6253\u9020 \u4e0d\u5275\u9020\n\u53ea\u9ed8\u9ed8\u5730 \u505a\u90a3\u4e9b\u6211\u80fd\u505a\u7684\u4e8b",
        "likeCount": "19452",
        "commentCount": "1208",
        "viewCount": "596667"
    },
    "comments": [
        {
            "reply_id": "UgxDFv2ffwRdnsrB97B4AaABAg",
            "reply_content": "\u9418\u660e\u8ed2\u5f88\u505a\u81ea\u5df1\u597d\u7fa8\u6155",
            "likeCount": 1
        },
        {
            "reply_id": "UgxB1hLFbZ5UhprHhXV4AaABAg",
            "reply_content": "\u4f60\u88ab\u6b78\u985e\u53f0\u7368\u6700\u597d\u4e0d\u8981\u53bb\u4e2d\u570b\u5230\u6642\u4faf\u62ff\u9322\u653e\u4eba",
            "likeCount": 0
        },
        {
            "reply_id": "Ugx3uE12V2WNczIy1lh4AaABAg",
            "reply_content": "\u54c8\u54c8\u54c8\u54c8\u54c8\u8ddf\u4e2d\u570b\u4eba\u6253\u904e\u4ea4\u9053\u5c31\u77e5\u9053\u4ed6\u5011\u5c31\u662f\u5f88\u5728\u610f\u8aaa\u6cd5\ud83d\ude02",
            "likeCount": 0
        },
        {
            "reply_id": "UgyyO5jpU0ig3xMcqwV4AaABAg",
            "reply_content": "\u5916\u570b\u4eba\u90fd\u770b\u5f97\u5230\u660e\u8ed2\u7684\u7f8e \u53f0\u7063\u4eba\u600e\u9ebc\u770b\u4e0d\u5230",
            "likeCount": 0
        },
        {
            "reply_id": "Ugz1XRTYaPuj0gvvBCZ4AaABAg",
            "reply_content": "\u5927\u9646\u4eba\u4ece\u5c0f\u5230\u5927\u90fd\u662f\u88ab\u6d17\u8111\u4e2d\uff0c\u5f88\u591a\u4eba\u8111\u5b50\u6d17\u7684\u4e0d\u6b63\u5e38",
            "likeCount": 0
        },
        {
            "reply_id": "Ugwuh4747FqqO4BW6954AaABAg",
            "reply_content": "\u628a\u982d\u6487\u904e\u53bb\u4e0d\u8981\u6b63\u773c\u770b\u5feb\u7b11\u6b7b",
            "likeCount": 0
        },
        {
            "reply_id": "Ugz8yB3YXtkYdoXqkXx4AaABAg",
            "reply_content": "\u53ef\u4ee5\u65b9\u4fbf\u8acb\u6559\u9019\u662f\u54ea\u9593\u9152\u5e97",
            "likeCount": 0
        },
        {
            "reply_id": "UgwReQAWBVhbPv9SxPB4AaABAg",
            "reply_content": "\u54c8\u54c8\u54c8\u54c8\u54c8\u54c8\u54c8\u4e3a\u4f55\u5982\u6b64\u6709\u8da3",
            "likeCount": 0
        },
        {
            "reply_id": "UgwYMORRanPDrAmrq-h4AaABAg",
            "reply_content": "\u770b\u4e86\u90a3\u9ebc\u4e45\u771f\u7684\u662f\u5f88\u771f\u5be6",
            "likeCount": 0
        },
        {
            "reply_id": "UgxWYwmNOOXOR2KJ5DF4AaABAg",
            "reply_content": "\u770b\u5b8c\u4f60\u4ecb\u7d39\u7a81\u7136\u4e5f\u597d\u60f3\u53bb\u6e05\u9081",
            "likeCount": 0
        },
        {
            "reply_id": "UgyqNvs0xG5s3Ynvbj94AaABAg",
            "reply_content": "\u597d\u559c\u6b61\u6e05\u9081\u6b38\uff01\u4e0a\u6b21\u5f85\u4e86\u5169\u500b\u79ae\u62dc\u5b8c\u5168\u4e0d\u60f3\u56de\u53f0\u7063\u54c8\u54c8\u54c8",
            "likeCount": 0
        },
        {
            "reply_id": "Ugy8mOt2WKDBWZBFo_14AaABAg",
            "reply_content": "\u771f\u7684\u6709\u4e9b\u7c21\u55ae\u7684\u5c0f\u98df\u7269\u5c31\u53ef\u4ee5\u611f\u53d7\u5230\u5e78\u798f\u611f\u8d85\u8b9a\u2764\u8b1d\u8b1d\u660e\u8ed2\u5206\u4eab",
            "likeCount": 3
        },
        {
            "reply_id": "UgzJFNdVmU6nLNXdySl4AaABAg",
            "reply_content": "\u6211\u89ba\u5f97\u4f60\u53ef\u4ee5\u8fa6\u6cf0\u570b\u6c38\u4e45\u5c45\u7559\u8b49\u4e86",
            "likeCount": 1
        },
        {
            "reply_id": "Ugw89i6z58-KP-v6trJ4AaABAg",
            "reply_content": "\u53bb\u5cc7\u91cc\u5cf6\u554a\u4f60\u597d\u50cf\u9084\u6c92\u53bb\u904e\u6b38",
            "likeCount": 0
        },
        {
            "reply_id": "Ugy3rZ2X-8rJJzw9h2t4AaABAg",
            "reply_content": "\u6f02\u4eae\u7684\u660e\u8f69\u54e5\u54e5\u8bf7\u95ee\u8fd9\u95f4\u9152\u5e97\u4ec0\u4e48\u540d",
            "likeCount": 0
        },
        {
            "reply_id": "UgwcVFq5ILBoj8Mc9sB4AaABAg",
            "reply_content": "\u5982\u679c\u660e\u8ed2\u8b1b\u6cf0\u8a9e\u61c9\u8a72\u5f88\u597d\u807d",
            "likeCount": 0
        },
        {
            "reply_id": "UgysxMzYz9ottGsLigt4AaABAg",
            "reply_content": "\u5341\u5206\u8a8d\u540c\u6c92\u6709\u6bcf\u4e00\u4e0b\u90fd\u91cd\u9ede\u91cd\u9ede\u91cd\u9ede\u7684\u5fc5\u8981",
            "likeCount": 0
        },
        {
            "reply_id": "UgyJDb4DZTyej6aLXjl4AaABAg",
            "reply_content": "\u6551\u547d\u770b\u5b8c\u8d85\u60f3\u53bb\u6cf0\u570b\u5566\u4e7e",
            "likeCount": 0
        },
        {
            "reply_id": "UgyCJDPKEf6HMwjjeYt4AaABAg",
            "reply_content": "\u6211\u770b\u4e86\u6709\u7b11\u51fa\u4f86\u6709\u7642\u6108\u6211",
            "likeCount": 0
        },
        {
            "reply_id": "Ugx5djVNMAVnyrKLW5R4AaABAg",
            "reply_content": "\u660e\u8ed2\u7684\u5f71\u7247\u7e3d\u662f\u80fd\u8b93\u4eba\u5f9e\u982d\u4e0d\u8df3\u904e\u770b\u5230\u5c3e\u7121\u51b7\u5834",
            "likeCount": 2
        }
    ]
}