{
    "channel": {
        "title": "\u53cd\u6b63\u6211\u5f88\u9592",
        "id": "UCzjNxGvrqfxL9KGkObbzrmg",
        "customUrl": "@user-vx5bd2fn6y",
        "uploads": "UUzjNxGvrqfxL9KGkObbzrmg"
    },
    "videos": [
        {
            "id": "fCONEAaxOCY",
            "title": "\u3010\u5341\u5206\u4e4b\u4e00\u7684\u611b\u3011\u5982\u4f55\u8ddf\u5973\u53cb\u597d\u597d\u8aaa\u8a71\uff1f\u4ea4\u5f80\u9577\u4e45\u8d70\u4e0b\u53bb\u7684\u65b9\u6cd5\uff01\uff5c\u53cd\u6b63\u6211\u5f88\u9592"
        },
        {
            "id": "d_N0Q_v8ufE",
            "title": "\u3010\u7c73\u87f2\u5132\u5099\u90e8\u3011\u610f\u5916\u767c\u73fe\u5927\u516c\u53f8\u6f0f\u6d1e\uff01\u63ed\u79d8\u5de5\u4f5c\u6253\u6df7\u65b9\u6cd5\uff01\uff5c\u53cd\u6b63\u6211\u5f88\u9592"
        },
        {
            "id": "6F25QdYp02w",
            "title": "\u3010\u5584\u826f\u7684\u7624\u3011\u6b20\u50b5\u6557\u985e\u6253\u5de5\u9084\u50b5\uff01\u4e00\u5fc3\u6c7a\u5b9a\u597d\u597d\u505a\u4eba\uff01\uff5c\u53cd\u6b63\u6211\u5f88\u9592"
        },
        {
            "id": "WsdeI4QjSGM",
            "title": "\u3010\u76f4\u64ad\u4e3b\u4e4b\u4e82\u3011\u76f4\u64ad\u4e3b\u751f\u65e5\u8db4\u72c2\u6b61\uff01\u76f4\u64ad\u4e3b\u80cc\u5f8c\u79d8\u8f9b\u63ed\u79d8\uff01\uff5c\u53cd\u6b63\u6211\u5f88\u9592"
        },
        {
            "id": "6__JfcQWJYI",
            "title": "\u3010\u9b3c\u58d3\u5e8a\u5730\u7344\u3011\u6050\u6016\u539f\u56e0\u5927\u63ed\u79d8\uff01\u9b3c\u58d3\u5e8a\u7834\u89e3\u62db\u6578\uff01\uff5c\u53cd\u6b63\u6211\u5f88\u9592"
        },
        {
            "id": "nwaJaIh2iuE",
            "title": "\u3010\u4ee3\u8cfc\u5e1d\u738b\u3011\u65e5\u672c\u6771\u4eac\u5927\u7206\u8cfa\uff01\u958b\u555f\u5e1d\u738b\u7d1a\u7684\u9738\u696d\uff01\uff5c\u53cd\u6b63\u6211\u5f88\u9592"
        },
        {
            "id": "-681oHY18C4",
            "title": "\u3010\u81ea\u7531\u4e94\u8001\u982d\u3011\u793e\u755c\u7684\u80cc\u6c34\u4e00\u6230\uff01\u7ad9\u5728\u81ea\u7531\u9762\u524d\u7684\u9078\u64c7\uff01\uff5c\u53cd\u6b63\u6211\u5f88\u9592"
        },
        {
            "id": "Ju3MILjC4wE",
            "title": "\u3010\u5927\u98ef\u6876\u3011\u5206\u4eab\u7684\u75db\u82e6\uff01\u53f0\u5317\u516d\u5f35\u7281\u98ef\u6876\u7684\u4e00\u5929\uff01\uff5c\u53cd\u6b63\u6211\u5f88\u9592"
        },
        {
            "id": "4lk7o20e34c",
            "title": "\u3010\u7d71\u7de8\u6230\u58eb\u3011\u4e00\u884c\u773c\u6dda\uff0b\u4e00\u676f\u5b64\u7368\u7684\u9152\uff01\u8001\u95c6\u5fc3\u8179\u7684\u6289\u64c7\uff01\uff5c\u53cd\u6b63\u6211\u5f88\u9592"
        },
        {
            "id": "kqhXQyGF7u0",
            "title": "\u3010\u932f\u611b404\u3011\u9b6f\u86c7\u65b0\u5973\u53cb\uff01\u65e2\u7136\u6211\u611f\u52d5\u4e0d\u4e86\u4f60\uff01\u6211\u5c31\u653e\u904e\u6211\u81ea\u5df1\uff01\uff5c\u53cd\u6b63\u6211\u5f88\u9592"
        },
        {
            "id": "1-ClsJvzpZs",
            "title": "\u3010\u8056\u528d\u6d77\u76dc\u3011\u5de5\u4f5c\u8cac\u4efb\u5236\u5730\u7344\uff01\u5922\u60f3\u85cd\u5716\u4e4b\u8001\u95c6\u7684\u683c\u5c40\uff01\uff5c\u53cd\u6b63\u6211\u5f88\u9592"
        },
        {
            "id": "27xKy-YDJAc",
            "title": "\u3010\u908f\u8f2f\u4fe0\u3011\u8ddf\u524d\u4efb\u898b\u9762\uff01\u908f\u8f2f\u4fe0\u4e4b\u88ab\u907a\u5fd8\u7684\u908f\u8f2f\u5821\u58d8\uff01\uff5c\u53cd\u6b63\u6211\u5f88\u9592"
        },
        {
            "id": "NHM6rGQgAQ8",
            "title": "\u3010\u7c43\u7403\u4e4b\u795e\u3011\u6a4b\u4e0b\u6253\u7403\u88ab\u55c6\uff01\u677e\u5c71\u5340\u7403\u795e\u706b\u7206\u958b\u6253\uff01\uff5c\u53cd\u6b63\u6211\u5f88\u9592"
        },
        {
            "id": "Adjq0LEiI48",
            "title": "\u3010\u5c71\u4e2d\u7684\u8001\u79aa\u3011\u7d42\u65bc\u6296\u5167\u5230\u80fd\u7d04\u51fa\u4f86\uff01\u8207\u8001\u79aa\u7684\u610f\u5916\u9082\u9005\uff01\uff5c\u53cd\u6b63\u6211\u5f88\u9592"
        },
        {
            "id": "mlR7tH1I_bs",
            "title": "\u3010\u89e3\u6688\u8239\u9577\u3011\u66d6\u6627\u5230\u6688\u8239\u7684\u81ea\u6551\u8fa6\u6cd5\uff01\u6688\u8239\u4ed4\u6551\u661f\u7684\u4e00\u5e2d\u8a71\uff01\uff5c\u53cd\u6b63\u6211\u5f88\u9592"
        },
        {
            "id": "AKHQtbkebYM",
            "title": "\u3010\u7d05\u8272\u70b8\u5f48\u4f86\u8972\u3011\u91cd\u5927\u6289\u64c7\uff01\u62dc\u628a\u5144\u5f1f\u7d50\u5a5a\uff01\u4e00\u53e5\u8a71\u7fa9\u6c23\u76f8\u633a\uff01\uff5c\u53cd\u6b63\u6211\u5f88\u9592"
        },
        {
            "id": "-qvrFW-fMHs",
            "title": "\u3010\u95dc\u516c\u5927\u6230\u592a\u7a7a\u4eba\u3011\u6fc0\u60c5\u8aaa\u4f86\u5c31\u4f86\uff01\u6700\u6fc0\u7206\u7684\u81c9\u7d05\u5fc3\u8df3\u6642\u7a7a\u5927\u6c7a\u6230\uff01\u5e36\u9818\u95dc\u96f2\u9577\u98db\u5411\u5b87\u5b99\uff01 \uff5c\u53cd\u6b63\u6211\u5f88\u9592"
        },
        {
            "id": "hJlS0jjdKFk",
            "title": "\u3010\u7f85\u99ac\u7af6\u6280-\u6b50\u6d32\u76c3\u3011\u9078\u624b\u63a5\u53d7\u5fb5\u62db\uff01\u8cac\u7121\u65c1\u8cb8\uff01\u51fa\u570b\u5f81\u6230\uff01\u7537\u5b50\u7532\u7d44\u8077\u696d\u806f\u8cfd\u958b\u5e55\uff01 \uff5c\u53cd\u6b63\u6211\u5f88\u9592"
        },
        {
            "id": "M4E4weEiznM",
            "title": "\u3010\u89e3\u6182\u901a\u9748\u5e2b\u3011\u4ee4\u4eba\u7121\u6cd5\u653e\u4e0b\u7684\u5fc3\u7d50\uff01\u901a\u9748\u5c11\u5e74\u7684\u56f0\u64fe\uff01 \uff5c\u53cd\u6b63\u6211\u5f88\u9592"
        },
        {
            "id": "WJJKBe3b1bg",
            "title": "\u3010\u5916\u661f\u4eba\u63a5\u89f8\u3011\u6355\u7372\u5916\u661f\u4eba\u8a0a\u865f\uff01\u4ee4\u4eba\u7a31\u5947\u7684\u795e\u79d8\u96fb\u6ce2\uff01\uff5c\u53cd\u6b63\u6211\u5f88\u9592"
        },
        {
            "id": "k-G18zCO5KE",
            "title": "\u3010\u5931\u6200\u56db\u5927\u5929\u738b\u3011\u4e5f\u8a31\u5206\u958b\u5c0d\u6211\u5011\u90fd\u597d\uff01\u56db\u7a2e\u8d70\u51fa\u5931\u6200\u7684\u65b9\u6cd5\uff01\uff5c\u53cd\u6b63\u6211\u5f88\u9592"
        },
        {
            "id": "8g8pi690mDU",
            "title": "\u3010\u5730\u4e0b\u5927\u7e3d\u7d71\u3011\u793e\u755c\u52a0\u73ed\u5730\u7344\uff01\u96e3\u4ee5\u5598\u6c23\u7684\u7a92\u606f\u751f\u6d3b\uff01\uff5c\u53cd\u6b63\u6211\u5f88\u9592"
        },
        {
            "id": "iRdn9R3LamU",
            "title": "\u3010\u5a01\u58eb\u5fcc\u6cbc\u6fa4\u3011\u61c9\u916c\u5730\u7344\uff01\u5343\u676f\u4e0d\u9189\uff01\u4e0d\u5012\u7fc1\uff01\u4ea4\u969b\u61c9\u916c\u7684\u559d\u91523\u500b\u6280\u5de7\uff01\uff5c\u53cd\u6b63\u6211\u5f88\u9592"
        },
        {
            "id": "crDlvGuXKuI",
            "title": "\u3010\u8a0e\u53ad\u7684\u6cb3\u7ae5\u3011\u6cb3\u4e2d\u7cbe\u9748\u73fe\u8eab\uff01\u8ddf\u8457\u795e\u79d8\u6cb3\u7ae5\u4f86\u5834\u5c71\u6797\u5192\u96aa\uff01\uff5c\u53cd\u6b63\u6211\u5f88\u9592"
        },
        {
            "id": "IHTF4vX9d6g",
            "title": "\u3010\u611b\u7684\u6642\u5149\u96a7\u9053\u3011\u60c5\u8da3\u7528\u54c1\u5e97\u7684\u54e1\u5de5\u798f\u5229\uff01\u4e58\u8457\u6642\u5149\u65c5\u884c\uff01\uff01\u611f\u60c5\u633d\u56de\u5c08\u5bb6\uff01\uff01\uff5c\u53cd\u6b63\u6211\u5f88\u9592"
        },
        {
            "id": "ac5lRzYACTs",
            "title": "\u3010\u5f69\u8679\u9583\u5149\u96d9\u96c4\u3011\u5feb\u6a02\u81ea\u7531\u696d\uff01\u767c\u52d5 \u5f69\u8679\u9583\u5149\u96d9\u96c4\uff01\u5e7e\u500b\u6b65\u9a5f\u63d0\u5347\u6642\u9593\u7ba1\u7406\u80fd\u529b\uff01\uff5c\u53cd\u6b63\u6211\u5f88\u9592"
        },
        {
            "id": "yFiLfPx1RzI",
            "title": "\u3010\u5077\u5077\u611b\u4e0a\u5b78\u9577\u3011\u5982\u4f55\u770b\u61c2\u5c0d\u65b9\u5fc3\u601d\uff1f\u6700\u7dca\u5f35\u7684\u544a\u767d\uff01\u611b\u4f60\u7684\u5fc3\uff0c\u4f60\u6562\u6703\u77e5\u5f71\uff1f\uff1f\uff5c\u53cd\u6b63\u6211\u5f88\u9592"
        },
        {
            "id": "f4TQILAiy4A",
            "title": "\u3010\u6642\u5c1a\u7684\u6a19\u7aff\u3011\u8857\u982d\u98a8\u6642\u5c1a\u7a7f\u642d\u6559\u5b78\uff01\u71b1\u8840\u52a0\u73ed\u6c42\u7a81\u7834\uff01\u6559\u4f60\u5275\u65b0\u3001\u8df3\u812b\u6846\u67b6\u7684\u6642\u5c1a\u7f8e\u5b78\uff01\uff01\uff5c\u53cd\u6b63\u6211\u5f88\u9592"
        },
        {
            "id": "mMwzb4BUuxE",
            "title": "\u3010\u6797\u660e\u8ce2\u7684\u611b\u3011\u611f\u60c5\u7169\u60f1\u96e3\u984c\uff01\u767b\u5c71\u7981\u5fcc\uff01\u9aa8\u7070\u7d1a\u5c71\u53cb\u5206\u4eab\u96e2\u5947\u602a\u8ac7\uff01\uff5c\u53cd\u6b63\u6211\u5f88\u9592"
        },
        {
            "id": "4r_UeaBVr-s",
            "title": "\u3010\u5fc3\u788e\u5c0f\u5b50\u3011\u60b2\u50b7\u5931\u6200\u7269\u8a9e\uff01\u4e0d\u8a72\u627f\u64d4\u7684\u611f\u60c5\u8cac\u4efb\uff01\u91cd\u65b0\u51fa\u767c\uff01\u6700\u5fc3\u788e\u7684\u5206\u624b\u6545\u4e8b\uff01\uff01\uff5c\u53cd\u6b63\u6211\u5f88\u9592"
        },
        {
            "id": "ULyDmlFA_Ac",
            "title": "\u3010\u53f2\u524d\u751f\u7269\u4f86\u8972\u3011\u5916\u4f86\u7a2e\u7a81\u8972\uff01\u5de8\u5927\u54ac\u5408\u529b\uff01\u662f\u798f\u9084\u662f\u798d\uff1f\uff01\uff5c\u53cd\u6b63\u6211\u5f88\u9592"
        },
        {
            "id": "zvlKtZ7ZT2A",
            "title": "\u3010\u6211\u8981\u5e6b\u6211\u963f\u4f2f\u5831\u4ec7\u3011\u963f\u4f2f\u906d\u4eba\u9738\u51cc\uff01\u75db\u5012\u5728\u5730\uff01\u6253\u96fb\u8a71\u7e5e\u4eba\u8a0e\u516c\u9053\uff01\uff01\uff5c\u53cd\u6b63\u6211\u5f88\u9592"
        },
        {
            "id": "2ir1g9MJamc",
            "title": "\u3010\u674e\u8033\u738b\u3011\u5fc3\u751f\u6050\u61fc\u7684\u751f\u6d3b\uff01\u6210\u529f\u8207\u5ba4\u53cb\u6253\u597d\u95dc\u4fc2\u7684\u65b9\u6cd5\uff01\u4fb5\u72af\u738b\u7684\u9818\u57df\uff01\uff01\uff5c\u53cd\u6b63\u6211\u5f88\u9592"
        },
        {
            "id": "574ArfDwjT8",
            "title": "\u3010\u8708\u86a3\u5927\u4ed9\u3011\u90aa\u8853\u964d\u81e8\uff01\u8f15\u5ffd\u5927\u610f\uff01\uff01\u8708\u86a3\u5927\u4ed9\u7684\u53cd\u64ca\uff01\uff01\uff5c\u53cd\u6b63\u6211\u5f88\u9592"
        },
        {
            "id": "mN_JGIhRpXA",
            "title": "\u3010\u6012\u72fc\u7834\u7684\u6dda\u3011\u795e\u79d8\u5973\u5b50\u4f86\u8972\uff01\u5927\u6230\u5373\u5c07\u7206\u767c\uff01\u4f60\u9084\u8a18\u5f97\u55ce\uff1f\u6211\u5011\u90a3\u500b\u6642\u5019\u7684\u6a23\u5b50\uff01\uff01\uff5c\u53cd\u6b63\u6211\u5f88\u9592"
        },
        {
            "id": "RgHnGtq4DgY",
            "title": "\u3010\u5931\u6200\u7537\u7684\u6bbc\u3011\u65b7\u4e0d\u4e7e\u6de8\u7684\u611f\u60c5\uff01\u75db\u5b9a\u601d\u75db\uff01\u53f0\u5317\u5931\u6200\u7537\u6700\u5f8c\u7684\u4e00\u640f\uff01\uff01\uff5c\u53cd\u6b63\u6211\u5f88\u9592"
        },
        {
            "id": "W9wCzbnbEn0",
            "title": "\u3010\u70ba\u611b\u4e0b\u5eda\u3011\u70ba\u611b\u4ec0\u9ebc\u90fd\u80af\u505a\uff01\u60c5\u4fb6\u4ea4\u5f80\u671f\uff0c\u8cbc\u5fc3\u8209\u52d5\u5df2\u7d93\u4e0d\u662f\u8fa6\u6cd5\uff01\u8b93\u53e6\u4e00\u534a\u66f4\u611b\u4f60\u7684\u9a5a\u4eba\u7955\u8a23\uff01 \uff5c\u53cd\u6b63\u6211\u5f88\u9592"
        },
        {
            "id": "hOTlGrEoPjg",
            "title": "\u3010\u6230\u52dd\u540d\u70ba\u4eba\u751f\u7684\u602a\u7269\u3011\u9762\u5c0d\u9019\u8f29\u5b50\u6700\u91cd\u8981\u7684\u6230\u9b25\uff01\u8ced\u4e0a\u6027\u547d\u7684\u6700\u5f8c\u4e00\u640f\uff01\uff01\uff5c\u53cd\u6b63\u6211\u5f88\u9592"
        },
        {
            "id": "74B38b8a2MU",
            "title": "\u3010\u7838\u721b\u4f01\u696d\u6587\u5316\u3011\u5fcd\u7121\u53ef\u5fcd\uff01\u516c\u53f8\u5718\u5eb7\u904a\u6232\u5730\u7344\uff01\u958b\u555f\u7b2c\u4e8c\u7c73\u87f2\u8ad6\uff01\uff5c\u53cd\u6b63\u6211\u5f88\u9592"
        },
        {
            "id": "B4CrxeYuOo8",
            "title": "\u3010\u9673\u8a18 \u6700\u5f37\u8778\u725b\u6c41\u3011\u63d0\u5347\u7537\u6027\u7206\u767c\u52c1\u80fd\uff01\u96c4\u6027\u8778\u725b\u69a8\u6c41\uff01\u5805\u786c\u96c4\u98a8\u518d\u8d77\uff01\u6210\u5c31\u771f\u7537\u4eba\u7684\u8056\u54c1\uff01\uff01\uff5c\u53cd\u6b63\u6211\u5f88\u9592"
        },
        {
            "id": "xJsnTwMgRbw",
            "title": "\u3010\u6f14\u54e1\u8a66\u93e1\u3011\u8077\u5834\u9762\u8a66\u3001\u6f14\u54e1\u8a66\u93e1\u6210\u529f\u65b9\u6cd5\uff01\u95dc\u9375\u9304\u53d6\u771f\u76f8\uff01\uff01\uff5c\u53cd\u6b63\u6211\u5f88\u9592"
        },
        {
            "id": "oGHeaiO9i9U",
            "title": "\u3010\u6700\u5f8c\u7684\u9b54\u65cf\u738b\u5b50\u3011\u7a31\u9738\u9b54\u754c\uff01\u95c7\u5c6c\u6027\u9b54\u65cf\u7687\u5ba4\u5f8c\u88d4\uff01\u9060\u5f81\u9b54\u754c\u8056\u6bbf\uff01\uff01\uff5c\u53cd\u6b63\u6211\u5f88\u9592"
        },
        {
            "id": "d5NLq2oaY_k",
            "title": "\u3010\u6a5f\u68b0\u6230\u8b66\u963f\u5fe0\u3011\u6253\u64ca\u72af\u7f6a\u7684\u8d85\u7d1a\u82f1\u96c4\uff01\u5b88\u8b77\u6cbb\u5b89\u7684\u6b63\u7fa9\u5316\u8eab\uff01\uff01\u963f\u5fe0\uff01\uff5c\u53cd\u6b63\u6211\u5f88\u9592"
        },
        {
            "id": "SNlYcDIzVpQ",
            "title": "\u5730\u7344\u5144\u5f1f"
        },
        {
            "id": "VdUzRl3wLw4",
            "title": "\u3010\u4ea4\u53cb\u8ddf\u8e64\u72c2\u3011\u6ce8\u610f\uff01\u4f60\u4e00\u76f4\u7528\u932f\u8aa4\u65b9\u6cd5\u4ea4\u53cb\uff01\u4f86\u81ea\u6700\u6d6a\u6f2b\u7684\u8ddf\u8e64\u72c2\u7d66\u4f60\u7684\u5fe0\u544a\uff01\uff01\uff5c\u53cd\u6b63\u6211\u5f88\u9592"
        },
        {
            "id": "O9iBhz8nkiY",
            "title": "\u3010\u5730\u7344\u5c71\u96e3\u6c42\u751f\u3011\u5c71\u96e3\u8ff7\u8def\u751f\u5b58\u6cd5\u5247\uff01\u5c71\u4e2d\u7684\u5c0f\u7cbe\u9748\uff01\uff01\u5c71\u53cb\u63d0\u4f9b\u4fdd\u547d\u8981\u8a23\uff01\uff5c\u53cd\u6b63\u6211\u5f88\u9592"
        },
        {
            "id": "lA7REWzAR_4",
            "title": "\u3010\u53e4\u8001\u7955\u8853\uff0d\u4e9e\u6d32\u53e4\u62f3\u6cd5\u3011\u9c77\u9b5a\u8853\uff01\u9c77\u9b5a\u7537\u7684\u539f\u5247\uff01\u89f8\u72af\u5e95\u7dda\u7684\u5927\u66b4\u6012\uff01\u4e00\u689d\u4e0d\u53ef\u64bc\u52d5\u7684\u539f\u5247\uff01\uff01\uff5c\u53cd\u6b63\u6211\u5f88\u9592"
        },
        {
            "id": "SPaEkgkY6SQ",
            "title": "\u3010\u5de6\u7ffc\u5927\u5c07\u8ecd-\u52de\u52d5\u795e\u9df9\u3011\u5b88\u8b77\u52de\u5de5\u7684\u660e\u5929\uff01\u7b2c10\u4ee3\u52de\u52d5\u795e\u9df9\u7684\u8a95\u751f\uff01\uff01\uff5c\u53cd\u6b63\u6211\u5f88\u9592"
        },
        {
            "id": "lh9kFdZx_Rw",
            "title": "\u3010\u8d8a\u738bMAX\uff1a\u61a4\u6012\u9053\u3011\u7c89\u788e\u4e00\u5207\u7684\u72c2\u66b4\u4e4b\u8def\uff01\u7121\u6cd5\u518d\u76f8\u4fe1\u4eba\u985e\u7684\u61a4\u6012\uff01\uff01\u7121\u8072\u7684\u5fa9\u4ec7\uff01\uff5c\u53cd\u6b63\u6211\u5f88\u9592"
        },
        {
            "id": "HM3xzCSAXfw",
            "title": "\u3010\u6ce8\u5b9a\u5931\u6200\u7684\u611b\u60c5\u3011\u4e5f\u8a31\u898b\u4e0d\u5230\u59b3\u4e86\uff01\u4e00\u6bb5\u96e3\u5206\u96e3\u6368\u7684\u95dc\u4fc2\uff01\u6ce8\u5b9a\u611b\u4e0a\u5c0d\u65b9\u7684\u75db\u82e6\uff01 \uff5c\u53cd\u6b63\u6211\u5f88\u9592"
        },
        {
            "id": "bjnSGw67v9A",
            "title": "\u3010\u7f8e\u7334\u738b\u624e\u7f85\u3011\u4fb5\u72af\u4ea4\u914d\u6b0a\u7684\u4e0b\u5834\uff01\u5165\u4fb5\u7334\u738b\u9818\u5730\uff01| \u53cd\u6b63\u6211\u5f88\u9592"
        },
        {
            "id": "Ss33y-sqVss",
            "title": "\u30102020\u4eba\u9593\u4f3d\u5229\u7565\u3011\u9019\u500b\u7d50\u8ad6\uff0c\u5c31\u662f\u53cd\u57fa\u56e0\u65b9\u7a0b\u5f0f\u7684\u7cbe\u83ef\uff01\u9001\u7d66\u4eba\u985e\u6700\u5f8c\u7684\u79ae\u7269\uff01 \uff5c\u53cd\u6b63\u6211\u5f88\u9592"
        },
        {
            "id": "4tZmaCo8H8w",
            "title": "\u3010\u4e03\u5b97\u7f6a-\u66b4\u98df\u3011\u6291\u5236\u8caa\u5403\u7684\u617e\u671b\uff01\u89e3\u6790\u4eba\u985e\u7684\u8caa\u5403\u73fe\u8c61\uff01\u4e0d\u9913\u9084\u662f\u5634\u56b5\uff01\u7121\u6cd5\u63a7\u5236\u7684\u98df\u617e\uff01 \uff5c\u53cd\u6b63\u6211\u5f88\u9592"
        },
        {
            "id": "5M6oB2ZNnLc",
            "title": "\u3010\u7206\u7d05\u6b63\u7fa9\u54e5\u3011\u5831\u7d19\u65b0\u805e\u760b\u50b3\uff01\u4e00\u5915\u7206\u7d05\uff01\u7372\u5f97\u638c\u8072\u7684\u6ecb\u5473\uff01\uff5c\u53cd\u6b63\u6211\u5f88\u9592"
        },
        {
            "id": "4Ju8H5f5MdY",
            "title": "\u3010\u6f14\u54e1\u6210\u9577\u4e4b\u8def\u3011\u52aa\u529b\uff01\u596e\u9b25\uff01\u6f14\u54e1\u7684\u81ea\u6211\u4fee\u990a\uff01\u52aa\u529b\u8207\u6210\u529f\u4e4b\u9593\u7684\u8ddd\u96e2\u6709\u591a\u9060\uff1f\uff5c\u53cd\u6b63\u6211\u5f88\u9592"
        },
        {
            "id": "K3k-fLl5bf8",
            "title": "\u3010\u5ee2\u589f\u5361\u5230\u9670\u3011\u6709\u4eba\u5728\u6478\u6211\uff01\u9047\u5230\u9b54\u795e\u4ed4\uff01\u6cd5\u5e2b\u90fd\u7121\u6cd5\u89e3\u6c7a\u7684\u9b3c\u7e8f\u8eab\uff01\uff5c\u53cd\u6b63\u6211\u5f88\u9592"
        },
        {
            "id": "NOKg0wDxxU4",
            "title": "\u3010\u81f3\u6b7b\u4e0d\u6e1d\u7684\u611b\u3011\u6e34\u671b\u88ab\u611b\u7684\u5fc3\u60c5\uff01\u966a\u4f34\u6bcf\u500b\u591c\u665a\u5bc2\u5bde\u7684\u4f60\uff01\u5922\u60f3\u7684\u8d77\u9ede\u5c31\u6b64\u5c55\u958b\uff01\uff5c\u53cd\u6b63\u6211\u5f88\u9592"
        },
        {
            "id": "DLV3vgvEejE",
            "title": "\u3010\u5feb\u6a02\u7684\u5c71\u5927\u738b\u3011\u7acb\u5fd7\u6210\u70ba \u5929\u4e0b\u7121\u96d9\u7684\u7537\u4eba\uff01 \u6c38\u4e0d\u653e\u68c4\u7684\u52c7\u6c23\uff01\u52aa\u529b\u4e00\u5b9a\u80fd\u6210\u529f\uff01feat.\u50b7\u5fc3\u6b32\u7d55\uff5c\u53cd\u6b63\u6211\u5f88\u9592"
        },
        {
            "id": "s_cmneLvuYE",
            "title": "\u3010\u90fd\u5e02\u50b3\u8aaa\u3011\u7db2\u8def\u6d41\u8a00\u7d42\u7d50\u8005\u884c\u52d5\uff01\u795e\u79d8\u6d41\u52d5\u5ec1\u6240\uff01\u9a5a\u898b\u4e0d\u53ef\u601d\u8b70\u8d85\u81ea\u7136\u7684\u73fe\u8c61\uff01\uff5c\u53cd\u6b63\u6211\u5f88\u9592"
        },
        {
            "id": "ZNTvgEhzwlU",
            "title": "\u3010\u5c71\u8cca\u4f86\u8972\u3011\u6050\u6016\u5c71\u8cca\u6253\u52ab\uff01\u5371\u6a5f\u5c31\u662f\u8f49\u6a5f\uff01\u6c92\u8cb7\u5230\u8667\u5230\uff01 | \u53cd\u6b63\u6211\u5f88\u9592"
        },
        {
            "id": "aD94cEi_dU0",
            "title": "\u3010\u6975\u6a02\u5929\u5802\u3011\u8d85\u55e8\u6d3e\u5c0d\u72c2\u6b61\u4e4b\u591c\uff01\u5de6\u64c1\u53f3\u62b1\u5feb\u6a02\u4f3c\u795e\u4ed9\uff01 \u660e\u65e9\u5927\u5bbf\u9189\uff01| \u53cd\u6b63\u6211\u5f88\u9592"
        },
        {
            "id": "VmBOdWhQRwk",
            "title": "\u3010\u5b88\u8b77\u5730\u7403\u4e4b\u6230\u3011\u74b0\u4fdd\u6e05\u9ad8\u7684\u5c55\u73fe\uff01\u5730\u7403\u6c38\u7e8c\u767c\u5c55\u80cc\u5f8c\u610f\u7fa9\uff01\u5927\u5730\u4e4b\u6bcd\u84cb\u4e9e\u8868\u793a\u5fae\u7b11\u7684\u77ac\u9593 | \u53cd\u6b63\u6211\u5f88\u9592"
        },
        {
            "id": "uW7ydD9rhx0",
            "title": "\u3010\u8001\u95c6\u7684\u6559\u8aa8\u3011\u53cb\u60c5\u7684\u7f88\u7d46\uff01\u611b\u8207\u52c7\u6c23\u7684\u5192\u96aa\u65c5\u7a0b\uff01\u6368\u5df1\u70ba\u4eba\u7684\u5949\u737b\u7cbe\u795e\uff01 Teachings of My Boss | \u53cd\u6b63\u6211\u5f88\u9592"
        },
        {
            "id": "obqrIjodgWY",
            "title": "\u3010\u9ec3\u91d1\u4e09\u5144\u5f1f\u3011\u8ffd\u9010\u5922\u60f3\u638f\u91d1\u5922\uff01\u4e09\u5144\u5f1f\u5176\u5229\u65b7\u91d1\uff01\u597d\u65e5\u5b50\u8981\u4f86\u4e86\uff01 feat.\u9935\u98fd\u8c6c | \u53cd\u6b63\u6211\u5f88\u9592"
        },
        {
            "id": "_wH5lSI5Dgw",
            "title": "\u3010\u8d16\u7f6a\u4e4b\u8def\u3011\u4e0a\u73ed\u5077\u6253\u96fb\u52d5\uff01\u81ea\u6211\u653e\u9010\uff01\u6700\u5f8c\u9023\u9053\u6b49\u4e5f\u7d66\u4e0d\u8d77\uff01\uff01 | \u53cd\u6b63\u6211\u5f88\u9592"
        },
        {
            "id": "LUaYe_7cmxQ",
            "title": "\u3010\u5927\u696d\u914d\u6642\u4ee3\u3011\u6d41\u91cf\u5c31\u662f\u4e00\u5207\uff01\u795e\u79d8\u5ee0\u5546\u4f86\u8972\uff01\u696d\u914d\u6210\u529f\u771f\u76f8\uff01feat.\u9b4f\u5fb7\u8056 | \u53cd\u6b63\u6211\u5f88\u9592"
        },
        {
            "id": "iUpvO-N_h3o",
            "title": "\u3010\u6311\u6230\u592a\u967d\u7684\u7537\u4eba\u3011 \u767d\u76ee\u7684\u85dd\u8853\uff01\u65b0\u81ea\u5e8f\u904b\u52d5\uff0c\u6253\u7834\u6642\u9593\u7684\u67b7\u9396\uff01 | \u53cd\u6b63\u6211\u5f88\u9592"
        },
        {
            "id": "nKUk6rCH1Us",
            "title": "\u3010\u6d77\u9f8d\u738b\u5f7c\u5f97\u3011\u6d77\u9bae\u9910\u5ef3 \u6642\u50f9\u722d\u8b70\uff01 \u4e00\u5c0a\u7a31\u9738\u6d77\u4e0a\u7684\u9f8d\u738b\uff01| \u53cd\u6b63\u6211\u5f88\u9592"
        },
        {
            "id": "7ra1-_iGBCE",
            "title": "\u3010\u9a0e\u58eb\u7684\u60b2\u6b4c\u3011\u591c\u885d\u4e0a\u5c71\uff01\u6d6a\u6f2b\u8ffd\u98a8\uff01\u6700\u795e\u8dd1\u5c71\u65e5\u51fa\u8def\u7dda | \u53cd\u6b63\u6211\u5f88\u9592"
        },
        {
            "id": "FIcZGl-Pqak",
            "title": "\u3010\u6d6a\u6f2bDuke-\u83ef\u9e97\u7684\u4e00\u64ca\u3011\u5b78\u7fd2\u7576\u5c0f\u4e09\uff01\u6559\u4f60\u5982\u4f55\u7576\u5099\u80ce\uff0c\u9084\u53ef\u4ee5\u6a6b\u5200\u596a\u611b\uff01 | \u53cd\u6b63\u6211\u5f88\u9592"
        },
        {
            "id": "p5Rwujhttf0",
            "title": "\u3010\u62db\u4f86\u4e0d\u5e78\u7684\u58fa\u3011\u53e4\u602a\uff01\u795e\u79d8\u7684\u58fa\uff01\u4f86\u81ea\u53e4\u8001\u7684\u5b87\u5b99\u80fd\u91cf | \u53cd\u6b63\u6211\u5f88\u9592"
        },
        {
            "id": "Wb94sESwMNw",
            "title": "\u3010\u6838\u7206\u5f8c\u3011\u7ce7\u98df\u5371\u6a5f!\u4e00\u500b\u9053\u5fb7\u3001\u898f\u7bc4\u3001\u72af\u7f6a\u754c\u7dda\u6a21\u7cca\u7684\u4e16\u754c | \u53cd\u6b63\u6211\u5f88\u9592"
        },
        {
            "id": "WKeaO3q6ubs",
            "title": "\u7f85\u99ac\u7af6\u6280\u751f\u6b7b\u9b25\u7b2c\u4e00\u5c46\u5168\u570b\u5927\u8cfd"
        },
        {
            "id": "J6EiGurcXWc",
            "title": "\u7f85\u99ac\u7af6\u6280\u751f\u6b7b\u9b25\u7b2c\u4e00\u5c46\u5168\u570b\u5927\u8cfd"
        },
        {
            "id": "ZeLYsm-nnCI",
            "title": "\u3010\u5b64\u55ae\u5c71\u59c6 \u4e4b \u5c71\u59c6\u7684\u773c\u6dda\u3011\u6db5\u84cb\u8457\u6dda\u6c34\u7684\u66b4\u6012\uff01\u958b\u8db4\u72c2\u6b61\uff01\u8fce\u98a8\u6d3e\u5c0d\uff01\u670b\u53cb\u670b\u53cb  feat. Leo\u738b  \u984f\u793e\uff5c\u53cd\u6b63\u6211\u5f88\u9592"
        },
        {
            "id": "vdNI1HvbyEE",
            "title": "\u3010\u4e03\u5b97\u7f6a-\u5ac9\u5992\u3011\u8a71\u8a9e\u9738\u6b0a\uff01\u60e1\u9b54\u8c93\u7537 \u7a31\u9738\u5b87\u5b99\u7b2c\u4e00\u7ae0\uff01\u5f81\u670d\u4e16\u754c\u7684\u738b\u8005\uff01\u8d85\u7d1a\u82f1\u96c4\u662f\u4ec0\u9ebc\uff1f\u9019\u4e16\u754c\u9577\u4ec0\u9ebc\u6a23\u5b50\uff1f\uff5c\u53cd\u6b63\u6211\u5f88\u9592"
        },
        {
            "id": "6nskSYSTseU",
            "title": "\u3010\u5927\u724c\u5c0e\u6f14 \u66b4\u6012\u3011\u696d\u754c \u67d0\u9673\u59d3\u570b\u8ce2\u5c0e\u6f14 \u5b87\u5b99\u7d1a\u66b4\u70b8\uff01\u60c5\u7dd2\u5931\u63a7\uff01\u96fb\u5f71\u5f71\u8996\u5287\u7d44\u5de5\u4f5c\u51fa\u5305\uff01 Film crew comedy\uff5c\u53cd\u6b63\u6211\u5f88\u9592"
        },
        {
            "id": "wUDaoVAVIao",
            "title": "\u3010\u96fb\u5f71\u5287\u7d44 \u7206\u7b11\u96f7\u5305\u3011\u696d\u754c\u5927\u724c\u5c0e\u6f14 \u982d\u4e0a\u4e09\u628a\u706b\uff01\u96fb\u5f71\u5f71\u8996\u5287\u7d44\u5de5\u4f5c\u51fa\u5305\uff01\u651d\u5f71\u5e2b\u50bb\u773c\uff01\u5168\u5834\u9a5a\u547c Film crew comedy\uff5c\u53cd\u6b63\u6211\u5f88\u9592"
        },
        {
            "id": "FwlgBcN1IeI",
            "title": "\u3010\u6578\u4f4d\u5217\u5be7\u3011\u76e3\u8996\u5668\u7684\u529f\u7528\uff01\u8fa6\u516c\u5ba4\u8077\u5834 \u793e\u755c\u80fd\u5920\u5feb\u901f\u5347\u8077\u52a0\u85aa\u7684\u771f\u76f8\uff01\u9818\u5c0e\u8005\u7684\u7279\u8cea\u516c\u958b\uff01\u5982\u4f55\u6210\u70ba\u9818\u8896\uff1f\uff5c\u53cd\u6b63\u6211\u5f88\u9592"
        },
        {
            "id": "WVwlR_vni6k",
            "title": "\u3010\u5351\u9119\u6e90\u4e4b\u52a9\u3011\u5351\u9119\u72c2\u4eba\uff1a\u5351\u9119\u6e90\u4e4b\u52a9\u7684\u4e00\u5929\uff01\u8207\u5351\u9119\u96f6\u8ddd\u96e2\uff0c\u4eca\u5e74\u6700\u6d41\u884c\u7684\u751f\u6d3b\u65b9\u5f0f\uff01\uff5c\u53cd\u6b63\u6211\u5f88\u9592"
        },
        {
            "id": "QtsQX86yuXg",
            "title": "\u3010\u5938\u7236\u8ffd\u65e5\u3011\u8ffd\u5973\u751f\u8ffd\u6c4210\u5e74\u7684\u7537\u5b50\uff01\u5341\u5e74\u53ea\u611b\u4f60\u4e00\u4eba\uff01\u611b\u60c5\u7684\u771f\u8ae6\u6b63\u662f\u5982\u6b64\uff01\u55ae\u8eab\u5341\u5e74\u4e5f\u7121\u6240\u8b02 \uff5c\u53cd\u6b63\u6211\u5f88\u9592"
        },
        {
            "id": "qptqIndt64A",
            "title": "\u3010\u60e1\u9b54\u8c93\u7537\u3011\u8c93\u5974\u6ce8\u610f\uff01\u8c93\u7684\u5236\u88c1\u964d\u81e8\u4eba\u9593\uff01\u8ca2\u737b\u793e\u6703\u7684\u6642\u523b\u5230\u4e86\uff01\u4f86\u81ea\u5e95\u5c64\u5ee2\u7269\u7684\u89ba\u9192 \u5316\u8eab\u9ed1\u6697\u4f7f\u8005\uff01feat.\u00a0\u98ef\u7cf0\u3001\u751c\u7d04\u7ff0 \u66fc\u9054\uff5c\u53cd\u6b63\u6211\u5f88\u9592"
        },
        {
            "id": "TcvQDzPGSgc",
            "title": "\u3010\u6d6a\u6f2bDuke-\u6d6a\u6f2b\u7a81\u9032\u3011\u9019\u62db\u5973\u751f\u5fc5\u4e2d\uff01\u812b\u55ae\u5fc5\u5b78\uff01\u66d6\u6627\u4e2d\u3001\u4ea4\u5f80\u521d\u671f\uff0c\u5982\u4f55\u8df3\u904e\u5c37\u5c2c\u706b\u901f\u727d\u624b\uff1f feat.\u50b7\u5fc3\u6b32\u7d55\uff5c\u53cd\u6b63\u6211\u5f88\u9592"
        },
        {
            "id": "NwFMQyFlXP4",
            "title": "\u3010\u4e03\u5b97\u7f6a-\u6020\u60f0\u3011\u9b27\u9b3c\uff01\u9a45\u9b54\u795e\u63a2 \u52c7\u95d6\u4eba\u9593\u5730\u7344\uff01\u62c9\u4e01\u7f8e\u6d32\u9b54\u5e7b\u5beb\u5be6\u4e3b\u7fa9\u518d\u73fe\uff01\u76f4\u903c\u56e4\u623f\u7a05\u3001\u5c45\u4f4f\u6b63\u7fa9\u3001\u623f\u50f9\u7b49\u793e\u6703\u7d50\u69cb\u554f\u984c\uff01\uff5c\u53cd\u6b63\u6211\u5f88\u9592"
        },
        {
            "id": "UxDdRYQ-SoY",
            "title": "\u3010\u4e03\u5b97\u7f6a-\u8caa\u5a6a\u3011\u5371\u96aa\u958b\u7bb1\uff01\u4f55\u8b02\u8d8a\u8cfa\u8d8a\u7aae\uff1f\u9019\u500b\u793e\u6703\u9ad4\u5236\u6700\u5927\u554f\u984c\u662f\u4ec0\u9ebc\uff1f\uff2d\u578b\u793e\u6703\u4ee3\u8868\u4ec0\u9ebc\uff1f\u9f90\u514b\u6a5f\u95dc\u69cd\u7f75\u7d66\u4f60\u807d\uff01\uff5c\u53cd\u6b63\u6211\u5f88\u9592"
        },
        {
            "id": "cASqvGCp-zk",
            "title": "\u3010\u4e03\u5b97\u7f6a-\u50b2\u6162\u3011\u4f55\u8b02\u771f\u5be6\u4e16\u754c\uff1f\u6211\u5011\u5982\u4f55\u4e86\u89e3\u4e16\u754c\uff1f\u4f60\u5b58\u5728\u55ce\uff1f\u7db2\u8def\u4e16\u754c\u53c8\u4ee3\u8868\u4ec0\u9ebc\uff1f\u7db2\u7f8e\u89e3\u91cb\u7d66\u4f60\u807d\uff5c\u53cd\u6b63\u6211\u5f88\u9592"
        },
        {
            "id": "-fQpcsE8Tnw",
            "title": "\u3010\u5b87\u5b99\u7d1a\u79ae\u7269\u3011\u514b\u670d\u91cd\u529b\u8207\u5f15\u529b\u7684\u5de8\u5927\u7a81\u7834\u79ae\u7269\uff01\u8056\u8a95\u4ea4\u63db\u79ae\u7269\uff01 feat. NASA\uff5c\u53cd\u6b63\u6211\u5f88\u9592"
        },
        {
            "id": "blZG1T83RWA",
            "title": "\u3010\u91cf\u5b50\u7cfe\u7e8f\u3011\u55ae\u620010\u5e74\uff01\u4e00\u9053\u8de8\u8d8a\u6642\u7a7a\u7684\u611b\u60c5\uff0c\u7528\u91cf\u5b50\u529b\u5b78\u89e3\u91cb\u611b\u60c5\u7cfe\u845b\u7684\u73fe\u8c61\uff01\u6b64\u8209\u4ee4\u8001\u9ad8\u6b4e\u70ba\u89c0\u6b62\uff01 feat. SHOOTUP\uff5c\u53cd\u6b63\u6211\u5f88\u9592"
        },
        {
            "id": "GRxy91lGnic",
            "title": "\u3010\u4f5b\u6d1b\u4f0a\u5fb7\u301115\u5e74\u7981\u617e\uff01\u88ab\u6027\u617e\u7d91\u7d81\u7684\u7537\u4eba\uff0c\u5982\u4f55\u5728\u9152\u5427\u7d04\u59b9\u5be6\u6230\uff1f\u89e3\u69cb\u4eba\u985e\u767c\u5c55\u6587\u660e\u7684\u76ee\u7684\uff01 feat.\u751c\u7d04\u7ff0 \u53ad\u4e16\u5c11\u5e74 \u66fc\u9054 \u963f\u570b\uff5c\u53cd\u6b63\u6211\u5f88\u9592"
        },
        {
            "id": "7lsvAFLMpDU",
            "title": "\u3010\u96b1\u58eb \u9676\u6df5\u660e\u3011\u53ad\u4e16\u54f2\u5b78\u5bb6\uff01\u6b78\u96b1\u5c71\u6797\uff0c\u5f9e\u5165\u4e16\u5230\u907f\u4e16\u7684\u5b78\u8005\uff01\u8ddf\u96b1\u58eb\u7af9\u6797\u4e03\u8ce2\u7684\u5b78\u554f\u63a2\u8a0e\uff01\uff5c\u53cd\u6b63\u6211\u5f88\u9592"
        },
        {
            "id": "_7KtOqq4_Yo",
            "title": "\u3010\u52c7\u6562\u8ffd\u5922\u3011\u4e00\u5834\u53ef\u4ee5\u4e0aTED\u7684\u6f14\u8b1b\u6280\u5de7\uff01\u5206\u6790\u6210\u529f\u4eba\u58eb\u7684\u65b9\u6cd5\uff0c\u9707\u64bc\u4eba\u5fc3\uff01\u516c\u958b\u79d8\u8a23\u5167\u5e55\uff5c\u53cd\u6b63\u6211\u5f88\u9592"
        },
        {
            "id": "yUqY_-wOd5k",
            "title": "\u3010\u69cb\u9020\u6539\u9769\u3011\u61c2\u4e86\u9019\u4e9b\u4e4b\u5f8c\uff0c\u624d\u77e5\u9053\u5982\u4f55\u8cfa\u9322\uff01\u6709\u9322\u4eba\u8ddf\u4f60\u60f3\u7684\u4e0d\u4e00\u6a23\uff01\u516c\u958b\u81f4\u5bcc\u79d8\u5bc6\uff01\u8cfa\u5927\u9322\u65b9\u6cd5\uff5c\u53cd\u6b63\u6211\u5f88\u9592"
        },
        {
            "id": "AE25FOznk7s",
            "title": "\u3010\u79d1\u666e\u55ae\u5143\u6311\u6230\u3011\u97f3\u6a02\u796d\u4e0a\u7684\u6642\u5149\u6a5f\u5668\uff01 \u9a5a\u4eba\u767c\u73fe\uff0c\u9023\u8001\u9ad8\u90fd\u9a5a\u5446\u4e86\uff01feat. \u7121\u9650\u81ea\u7531\u97f3\u6a02\u7bc0\uff5c\u53cd\u6b63\u6211\u5f88\u9592"
        },
        {
            "id": "41jp2L-hnbQ",
            "title": "\u3010\u90fd\u5e02\u50b3\u8aaa\u3011\u91ce\u5916\u9732\u71df \u9047\u4e0a\u864e\u59d1\u5a46\uff01\u9748\u7570\u73fe\u8c61\uff0c\u6050\u614c\u5230\u9748\u5b78\u8001\u5e2b\u90fd\u7121\u6cd5\u89e3\u91cb\u7684\u8d85\u81ea\u7136\u73fe\u8c61 feat. \u7121\u9650\u81ea\u7531\u97f3\u6a02\u7bc0\uff5c\u53cd\u6b63\u6211\u5f88\u9592"
        },
        {
            "id": "RTv7c2edcW4",
            "title": "\u3010\u6293\u59e6\u5be6\u9304\u3011\u597d\u53cb\u51fa\u570b\uff0c\u5077\u5403\u5144\u5f1f\u5973\u53cb\uff01\u6158\u906d\u6293\u5305\uff01\u72c2\u6234\u5144\u5f1f\u7da0\u5e3d\u5c31\u662f\u723d\uff01\u5fb5\u4fe1\u793e\u6293\u7334\u5fc5\u5b78\uff5c\u53cd\u6b63\u6211\u5f88\u9592"
        },
        {
            "id": "A2VQwiBUieQ",
            "title": "\u3010\u53e4\u8001\u79d8\u8853\uff0d\u4e9e\u6d32\u53e4\u62f3\u6cd5\u3011\u6c23\u529f\u3001\u5bc6\u6280 \u534d \u7384\u6b66\uff01\u8857\u982d\u9b25\u6bc6 \u6b66\u8853\u683c\u9b25\u5be6\u6230\uff01\u6b66\u8853\u5b97\u5e2b\u7368\u5bb6\u6559\u5b78\uff5c\u53cd\u6b63\u6211\u5f88\u9592"
        },
        {
            "id": "usFh0Mm213A",
            "title": "\u3010\u66b4\u529b\u5c0d\u8cea\u3011\u5973\u751f\u52ff\u770b\uff01\u63ed\u767c\u5973\u53cb\u5077\u5403\u76842\u7a2e\u5fb5\u5146\uff01\u5288\u817f\u6158\u906d\u6293\u5305\uff01\u99ac\u5b50\u72d7\u5de5\u5177\u4eba\u7537\u53cb\u7da0\u5149\u900f\u9802\uff01feat.\u79cbOUT\u97f3\u6a02\u7bc0\uff5c\u53cd\u6b63\u6211\u5f88\u9592"
        },
        {
            "id": "6Z2bn_vPoHI",
            "title": "\u3010\u5438\u8840\u623f\u6771\u3011\u5c0f\u8cc7\u65cf\u79df\u623f\u6bba\u50f9\u79d8\u8a23\uff012\u7a2e\u6487\u6b65\u6559\u5b78\uff01\u5f88\u5bb9\u6613\u6253\u52d5\u623f\u6771\uff01\u4f86\u81ea\u6eff\u8166\u525d\u524a\u601d\u60f3\u7684\u623f\u6771\u8840\u8165\u5751\u6bba\uff01\uff5c\u53cd\u6b63\u6211\u5f88\u9592"
        },
        {
            "id": "jskWGfcI4AA",
            "title": "\u3010\u5b64\u55ae\u5c71\u59c6\u3011\u4e2d\u79cb\u70e4\u8089\u6c92\u63ea\uff01\u6c23\u5230\u7ffb\u81c9\u66b4\u6012\uff0c\u8840\u5149\u6bba\u622e\uff01\u5687\u6b7b\u670b\u53cb\u5708 feat.\u53cd\u9aa8\u6cb3\u99ac\u54e5\u54e5\uff5c\u53cd\u6b63\u6211\u5f88\u9592"
        },
        {
            "id": "0cb2aFHQkfQ",
            "title": "\u3010HowFun\u3011How\u54e5\u8209\u8d77\u4eba\u6c11\u7684\u6cd5\u69cc\uff01How\u54e5\u5b87\u5b99\u52a0\u5165\u9769\u547d\u884c\u5217\uff01 feat. HowHow\uff5c\u53cd\u6b63\u6211\u5f88\u9592"
        }
    ]
}