{
    "channel": {
        "title": "\u5343\u5343\u9032\u98df\u4e2d",
        "id": "UC9i2Qgd5lizhVgJrdnxunKw",
        "customUrl": "@chienseating",
        "uploads": "UU9i2Qgd5lizhVgJrdnxunKw"
    },
    "videos": [
        {
            "id": "FgTKQTe0Ofc",
            "title": "\u3010\u5343\u5343\u9032\u98df\u4e2d\u3011\u91ac\u87f9\u5403\u8d77\u4f86"
        },
        {
            "id": "w75EaycgV6M",
            "title": "\u3010\u5343\u5343\u9032\u98df\u4e2d\u3011\u6392\u968a2\u5c0f\u6642\u9996\u723e\u8d85\u592f\u502b\u6566\u8c9d\u679c\u535a\u7269\u9928\uff01\u5403\u7206\u97d3\u570b\u91ac\u87f9\uff01"
        },
        {
            "id": "UAM_LsXlL5s",
            "title": "\u3010\u5343\u5343\u9032\u98df\u4e2d\u3011\u5403\u9903\u5b50\u56c9\uff01\u4eca\u5929\u6c34\u9903\u5403\u8d77\u4f86\uff01"
        },
        {
            "id": "2bqRVGJpvqo",
            "title": "\u3010\u5343\u5343\u9032\u98df\u4e2d\u3011costco\u597d\u5e02\u591a6\u6b3e\u65b0\u54c1\u958b\u7bb1\uff01\u6bd4\u4eba\u751f\u9084\u82e6\u7684\u7126\u7cd6\u5e03\u4e01\uff1f"
        },
        {
            "id": "kHct5iVxy7k",
            "title": "\u600e\u9ebc\u7372\u5f97\u5feb\u6a02\uff1f #\u5403\u8ca8 #foodie"
        },
        {
            "id": "VrRLwHJRio8",
            "title": "\u3010\u5343\u5343\u9032\u98df\u4e2d\u3011 \u5929\u6c23\u8f49\u6dbc\u9084\u4e0b\u96e8\uff01\u9ebb\u6cb9\u716e\u8d77\u4f86\u88dc\u4e00\u6ce2\uff01"
        },
        {
            "id": "r3qEw-w_WbU",
            "title": "\u3010\u5343\u5343\u9032\u98df\u4e2d\u3011\u53f0\u5317\u62c9\u9eb5\u5e97\u63a2\u9ede\uff01\u9054\u4eba\u63a8\u85a6\u540d\u55ae\uff01\u7537\u795e\u99d5\u5230 (feat.\u9673\u67cf\u9716)"
        },
        {
            "id": "O08UK27vB_M",
            "title": "\u3010\u5343\u5343\u9032\u98df\u4e2d\u3011 \u6c34\u6c34\u7076\u5496\u96d911\u8cfc\u7269\u7bc0 #YouTube\u966a\u4f60\u8cb7"
        },
        {
            "id": "CUF0hLCDbmA",
            "title": "\u963f\u90e8\u746a\u5229\u4e9e\u4f86\u4e86\uff0111th hour\u4e00\u8d77\u5403\u65e5\u5f0f\u6599\u7406\uff01"
        },
        {
            "id": "2WvBGRNKEhk",
            "title": "\u3010\u5343\u5343\u9032\u98df\u4e2d\u3011\u79c1\u85cf\u611b\u5e97\u5927\u516c\u958b\uff01\u8d85\u9053\u5730\u9999\u6e2f\u725b\u8169\u9eb5\u3001\u597d\u5403\u5230\u7ffb\u767d\u773c\u7684\u9eb5\u5305\u5e97\uff1f\u5feb\u7b46\u8a18\u6536\u85cf\uff01"
        },
        {
            "id": "L7Vfzzw25oA",
            "title": "\u9ed1\u76aeHALLOWEEN\uff01\u9ed1\u7f75\u7f75\u6574\u96bb\u5403\u8d77\u4f86\uff01\u842c\u8056\u7bc0\u9ed1\u76ae\u6574\u96bb\u96de\u6d3e\u5c0d\u9910"
        },
        {
            "id": "GBus_M3lB6E",
            "title": "\u3010\u5343\u5343\u9032\u98df\u4e2d\u3011\u9577\u5f97\u8ddf\u5343\u5343\u4e00\u6a23\uff0c\u80c3\u7684\u5bb9\u91cf\u4e5f\u6703\u4e00\u6a23\uff1f\u6c34\u9903PK\u5403\u8d77\u4f86\uff01\u842c\u8056\u7bc0\u649e\u81c9\u610f\u5916\u627e\u5230\u5931\u6563\u591a\u5e74\u7684\u59d0\u59b9\uff1f\uff01\u5343\u7684\u591a\u91cd\u5b87\u5b99"
        },
        {
            "id": "q4a2PDFVTOc",
            "title": "\u97d3\u570b\u76f4\u64ad\u4e2d\uff01\u5feb\u6a02\u5403\u8d77\u4f86\uff01\u5e0c\u671b\u7db2\u8def\u5920\u529b\uff01"
        },
        {
            "id": "LwY8TFXs2_o",
            "title": "\u3010\u5343\u5343\u9032\u98df\u4e2d\u30112023\u6ce1\u9eb5\u6392\u884cTop10\uff01\u53f0\u7063\u4eba\u6700\u611b\u7684\u6ce1\u9eb5\u958b\u7bb1\uff01\u4e00\u53e3\u6c23\u5403\u5341\u7897\uff01"
        },
        {
            "id": "o5xXs6yKVQg",
            "title": "\u70e4\u96de\u6574\u96bb\u5403\u8d77\u4f86\uff01\u5168\u5bb6\u751c\u9ede\u958b\u7bb1\uff01"
        },
        {
            "id": "4aZN7wiN7D4",
            "title": "\u3010\u5343\u5343\u9032\u98df\u4e2d\u3011\u8001\u9955\u5fc5\u5403\u5ef6\u4e09\u591c\u5e02\uff01\u7c73\u5176\u6797\u5fc5\u6bd4\u767b\u4e00\u7d1a\u6230\u5340\uff0c\u5927\u540c\u5340\u4eba\u7684\u7076\u5496\u5c0f\u5403\u63a7\u7684\u5929\u5802\uff01"
        },
        {
            "id": "0_iTYTsJLw8",
            "title": "\u5168\u806f&\u7f8e\u797f\u751c\u9ede\uff0c\u9023\u5047\u4e00\u8d77\u4f86\u958b\u7bb1\uff01"
        },
        {
            "id": "x0D7J2zKH4Y",
            "title": "\u3010\u5343\u5343\u9032\u98df\u4e2d\u3011\u7b2c\u4e00\u5c46\u5343\u5343\u76c3\u624b\u6416\u738b\u5c0d\u6c7a\uff01\u958b\u7bb1\u5925\u4f34\u63a8\u85a6\u6700\u611b10\u676f\u624b\u6416\uff01\u8ab0\u662f\u5343\u5343\u5fc3\u4e2d\u7b2c\u4e00\u540d\uff1f"
        },
        {
            "id": "HUtamvIzN8M",
            "title": "\u3010\u661f\u7403\u98fd\u80c3\u968a\u3011\u6fc0\u6230\u6d88\u9632\u731b\u7537\uff01\u7121\u5e95\u6d1e\u5927\u80c3\u5c0d\u6c7a\uff01\u52dd\u8ca0\u51fa\u4e4e\u610f\u6599\uff1f(feat.\u65b0\u5317\u6d88\u9632\u767c\u723e\u9eb5\u3001\u4fc4\u7f85\u65af\u4f50\u85e4\u3001\u6728\u661f\u3001\u827e\u5609) @russiansato"
        },
        {
            "id": "6fGsBnpb94Q",
            "title": "\u6625\u5ddd\u8fa3\u7092\u96de\uff01\u8525\u96de\u6e6f\u3001\u96de\u7fc5\uff01\u7c21\u6613\u96de\u6599\u7406\u4e0a\u684c\u56c9\uff01\u4eca\u5929\u7a76\u7adf\u6703\u4e0d\u6703\u8df3\u96fb\u5462\uff1f"
        },
        {
            "id": "M-AFMEnQk5A",
            "title": "\u76ae\u86cb\u8fa3\u62cc\u9eb5\u5403\u8d77\u4f86\uff01\u592a\u5feb\u6a02\u4e86\u5427\uff01ft.\u5168\u5bb6&\u6c34\u6c34\u7076\u5496"
        },
        {
            "id": "OEp1f0SeDqc",
            "title": "\u3010\u5343\u5343\u9032\u98df\u4e2d\u3011costco\u597d\u5e02\u591a2023\u8a71\u984c\u5546\u54c1\uff01\u5728\u5bb6\u4e5f\u80fd\u505a\u7126\u7cd6\u5e03\u4e01\uff1f\u7db2\u53cb\u63a8\u85a6\u4e03\u6b3e\u4e00\u5b9a\u8981\u5617\u8a66\u770b\u770b\uff01"
        },
        {
            "id": "JRPyrj6p2qg",
            "title": "\u9178\u8fa3\u7c89\u4e94\u4eba\u4efd\u8fce\u63a5\u79ae\u62dc\u4e00\uff01"
        },
        {
            "id": "VifWeua6-Lw",
            "title": "\u3010\u5343\u5343\u9032\u98df\u4e2d\u3011\u50b3\u805e\u4e2d\u6700\u9802\u7684\u570b\u8ecd\u4f19\u98df\u6709\u591a\u53b2\u5bb3\uff1f\u725b\u6392\u9f8d\u8766\u7aef\u4e0a\u684c\uff1f\u7a7a\u8ecd\u9910\u5ef3\u958b\u7bb1\uff01"
        },
        {
            "id": "M8WS9fWsg5c",
            "title": "\u98b1\u98a8\u591c\u5f85\u5728\u5bb6\uff01\u6708\u898b\u70e4\u8178\u53f0\u5f0f\u5c0f\u83dc\u5403\u8d77\u4f86\uff01"
        },
        {
            "id": "HvugeIKJ9ok",
            "title": "\u3010\u5343\u5343\u9032\u98df\u4e2d\u3011\u9957\u9957\u5168\u54c1\u9805\u653b\u7565\uff01\u9ad8\u6a13\u666f\u89c0\u5403\u5230\u98fd\uff01\u600e\u9ebc\u5403\u6bd4\u8f03\u597d\uff1f\uff01"
        },
        {
            "id": "x4K7xmJBw1w",
            "title": "\u5728\u53f0\u7063\u6d88\u5931\u7684\u6eab\u8482\u6f22\u5821\uff01\u65e5\u672c\u5403\u8d77\u4f86\uff01"
        },
        {
            "id": "c5mtxa2jqGE",
            "title": "\u3010\u5343\u5343\u9032\u98df\u4e2d\u301120\u500d\u5927\uff01\u8292\u679c\u5168\u8c46\u5976\u916a\uff01\u81ea\u5df1\u505a\u8d77\u4f86\uff01"
        },
        {
            "id": "3PnqURSXSVM",
            "title": "\u597d\u5e02\u591a\u6cf0\u5f0f\u7092\u6cb3\u7c89\uff01\u8292\u679c\u751f\u4e73\u5305\uff01\u6d88\u9632\u968a\u53c8\u8981\u7dca\u5f35\u4e86\u55ce\uff1f"
        },
        {
            "id": "r0UATE8GdhM",
            "title": "\u3010\u5343\u5343\u9032\u98df\u4e2d\u3011\u5de8\u5927\u4fbf\u7576\u76d2\u6ce1\u9eb5\uff018\u500d\u5927\u8fa3\u725b\u8089\u6e6f\u9eb5\uff01\u958b\u7bb1\u97d3\u570bSNS\u6700\u592f\u6ce1\u9eb5\uff0c\u6311\u6230X\u5206\u9418\u5b8c\u98df\uff1f\uff5c\uc810\ubcf4 \ub3c4\uc2dc\ub77d"
        },
        {
            "id": "mvFoS9l1kYU",
            "title": "\u9019\u9031\u96e8\u597d\u5927\uff01\u70e4\u9d28\u5403\u8d77\u4f86\uff01"
        },
        {
            "id": "sQCbF4GdEXA",
            "title": "\u3010\u5343\u5343\u9032\u98df\u4e2d\u3011\u65e5\u672c\u74b0\u7403\u5f71\u57ce\u7f8e\u98df\u653b\u7565\uff01\u5403\u904d\u5712\u534030\u6a23\u6253\u5361\u7f8e\u98df\uff01\u7adf\u7136\u82b1\u4e86X\u842c\u5143"
        },
        {
            "id": "--z5tVLG2Ew",
            "title": "\u97d3\u5f0f\u8d77\u53f8\u71c9\u96de \u98ef\u6372 \u70b8\u91ac\u9eb5\uff01"
        },
        {
            "id": "YAZCm5LJf18",
            "title": "\u3010\u5343\u5343\u9032\u98df\u4e2d\u3011\u65b0\u5bb6\u88dd\u6f62\u958b\u7bb1\uff01\u5317\u6f02\u5341\u5e74\u7d42\u65bc\u6709\u81ea\u5df1\u7684\u5bb6\uff01"
        },
        {
            "id": "1x5I8fkeD5s",
            "title": "\u70e4\u8c6c\u4e94\u82b1\u5c31\u662f\u8981\u914d\u9ec3\u91d1\u6ce1\u83dcR\uff01\uff01"
        },
        {
            "id": "l1WI6V-tuzE",
            "title": "\u770b\u5b8c\u6f14\u5531\u6703\u5c31\u662f\u8981\u5403\u71b1\u7092\uff01"
        },
        {
            "id": "z5ZaFWJ9tWc",
            "title": "\u3010\u5343\u5343\u9032\u98df\u4e2d\u3011\u9ad8\u96c4\u5bb5\u591c\u5834\u7f8e\u98df\uff01\u6f14\u5531\u6703\u5b8c\u5403\u4ec0\u9ebc\uff1f\u5728\u5730\u4eba\u63a8\u85a66\u5bb6\u5fc5\u5403\uff01(feat.\u6ec5\u706b\u5668)"
        },
        {
            "id": "OpcJ1Pe9eRs",
            "title": "\u3010\u5343\u5343\u9032\u98df\u4e2d\u3011\u6211\u5728\u65e5\u672c\u5929\u6c23\u6674\uff01\u81ea\u5df1\u7a7f\u6d74\u8863\u6210\u5c31\u89e3\u9396\uff01"
        },
        {
            "id": "aJBquam1bk8",
            "title": "\u3010\u5343\u5343\u9032\u98df\u4e2d\u3011\u5609\u7fa9\u65e9\u5834\u9650\u5b9a\u7f8e\u98df\uff01\u4e0d\u53ea\u6709\u96de\u8089\u98ef\u8ddf\u6dbc\u9eb5\uff01\u65e9\u8d77\u624d\u80fd\u5403\u5230\u7684\u7f8e\u5473\uff0c\u5728\u5730\u63a8\u85a6\u5fc5\u5403\u9b5a\u7ca5\u3001\u7f8a\u8089\uff01"
        },
        {
            "id": "PWK5FjQqKzY",
            "title": "\u70b8\u96de\u5403\u6574\u96bb\u5c31\u662f\u8212\u670d\uff01\u5168\u5bb6\u806f\u540d\u971c\u6dc7\u6dcb\u5403\u4e86\u55ce\uff1f\uff01"
        },
        {
            "id": "rWprLCl865E",
            "title": "\u3010\u5343\u5343\u9032\u98df\u4e2d\u3011\u958b\u7bb1\u7db2\u7a31\u6700\u597d\u5403\u7684\u5973\u50d5\u5496\u5561\u5ef3\uff01\u9b54\u6cd5\u5492\u8a9e\u771f\u7684\u6703\u8b8a\u597d\u5403\uff1f(feat.\u6dbc\u68ee\u73b2\u5922)"
        },
        {
            "id": "oni4fFPCumw",
            "title": "\u5929\u6c23\u597d\u60b6\u71b1\uff01\u5403\u500b\u58fd\u53f8\u6e05\u6dbc\u4e00\u4e0b\uff01\u5348\u540e\u96f7\u9663\u96e8\u597d\u9a5a\u4eba"
        },
        {
            "id": "6DeqGUE88Ko",
            "title": "\u3010\u5343\u5343\u9032\u98df\u4e2d\u3011\u3011BLACKPINK\u5957\u9910\uff1f\u65b0\u5973\u5718\u539f\u5730\u51fa\u9053\uff01\u7b2c\u4e00\u6b21\u53bb\u97d3\u6587KTV\uff0c\u5403\u5f97\u5230\u9053\u5730\u97d3\u570b\u7f8e\u98df\uff1f(feat.\u6709\u749f)@youjing602"
        },
        {
            "id": "9onm6zWW6Es",
            "title": "\u597d\u5e02\u591a\u65b0\u54c1\u958b\u7bb1\uff01\u849c\u5473\u6d77\u9bae\u7fa9\u5927\u5229\u9eb5\uff01\u5ddd\u5473\u5927\u8766\u96de\u7d72\u9eb5\uff01\u76f4\u64ad\u5403\u8d77\u4f86\uff01"
        },
        {
            "id": "EsW8s4pmwzw",
            "title": "\u3010\u661f\u7403\u98fd\u80c3\u968a\u3011\u5927\u80c3\u5973\u738bvs\u6a02\u5929\u68d2\u7403\u968a\uff01\u5403\u72068kg\u7f8e\u4e43\u6ecb\u6dbc\u9eb5\uff01\u591a\u91cd\u5b87\u5b99\u6fc0\u6230\u4e2d(feat.\u6a02\u5929\u6843\u733f\u68d2\u7403\u968a\u3001\u840c\u6893\u3001\u7f8e\u9e97\u672c\u4eba)"
        },
        {
            "id": "cbyyTFmh-cA",
            "title": "\u6c34\u6c34\u7076\u5496\u4e0a\u7dda\u5566\uff01\u63a8\u51fa\u5343\u62cc\u9eb5\u65b0\u53e3\u5473\uff1a\u8525\u6cb9\u8fa3\u62cc\u9eb5\uff01\u5bb5\u591c\u5403\u8d77\u4f86\uff01"
        },
        {
            "id": "1J2OK_0KgRE",
            "title": "\u3010\u5343\u5343\u9032\u98df\u4e2d\u3011\u7834\u842c\u548c\u725b\u71d2\u8089\u7576\u5bb5\u591c\uff01\u6211\u63a8\u7684\u7f8e\u98df\uff01\u7a81\u64ca\u5076\u50cf\u5f8c\u53f0\uff0c\u9ad4\u9a57\u65e5\u672c\u61c9\u63f4\u6587\u5316\uff1f(ft.\u840c\u6893) @moeazu"
        },
        {
            "id": "BJmZYxvEx0k",
            "title": "\u600e\u9ebc\u53ef\u4ee5\u4e0d\u611b\u8089\u7cbd\u8ddf\u9999\u8178\u5462\uff1f\uff01\u7aef\u5348\u5feb\u5230\u8089\u7cbd\u5403\u8d77\u4f86\uff01"
        },
        {
            "id": "rdVXZWFCgxI",
            "title": "\u5bb5\u591c\u5c31\u662f\u6703\u60f3\u5403\u65e9\u9910\uff01\u6c88\u65e9\u966a\u4f60\u958b\u555f\u5feb\u6a02\u7684\u4e00\u5929\uff01(ft.\u966a\u6c88\u5718)"
        },
        {
            "id": "byTvNiIn4OM",
            "title": "\u3010\u5343\u5343\u9032\u98df\u4e2d\u3011\u4e00\u65e5\u83c7\u83c7\u9910\u6311\u6230\uff01\u6f22\u5821\u6392\u5403\u5230\u98fd\uff01\u5730\u7344\u5eda\u623f\u6210\u7d55\u97ff\uff1f"
        },
        {
            "id": "k4UFyvtChLs",
            "title": "\u98b1\u98a8\u4e0b\u96e8\u5929\uff01\u5403\u90e8\u968a\u934b\u914d\u7562\u5152\u7da0\u8336\uff01"
        },
        {
            "id": "rkbqkP4CkLc",
            "title": "\u3010\u5343\u5343\u9032\u98df\u4e2d\u3011\u57fa\u9686\u5edf\u53e3\u591c\u5e02\u7f8e\u98df\uff01\u7db2\u53cb\u6fc0\u63a8\u5fc5\u5403\u540d\u55ae\uff0c\u6c34\u9006\u9084\u662f\u8981\u54e6\u5317move\uff01"
        },
        {
            "id": "a1Ggf4SNP8Q",
            "title": "\u6797\u8070\u660e\u7802\u934b\u9b5a\u982d\u51fa\u4fbf\u7576\uff1f7-11\u5fae\u6ce2\u4fbf\u7576\u65b0\u54c1\u597d\u5403\u55ce\uff1f\u73fe\u5834\u5403\u8d77\u4f86\uff01"
        },
        {
            "id": "BAQ1HbW5rOU",
            "title": "\u3010\u5343\u5343\u9032\u98df\u4e2d\u3011100\u9846\u70b8\u7261\u8823\uff01costco\u597d\u5e02\u591a\u5ee3\u5cf6\u9bae\u51cd\u7261\u8823\u5403\u5b8c\u4e52\u4e53\u53eb\uff1f\u4e00\u767e\u7cfb\u5217\u91cd\u78c5\u56de\u6b78\uff01"
        },
        {
            "id": "p6OigJ5Ki5I",
            "title": "\u6bcd\u89aa\u7bc0\u5c31\u662f\u8981\u5403\u86cb\u7cd5\uff01\u5927\u5bb6\u600e\u9ebc\u904e\u7bc0\u5462\uff1f"
        },
        {
            "id": "ajiWOxORPh8",
            "title": "\u3010\u5343\u5343\u9032\u98df\u4e2d\u3011\u9ad8\u4e2d\u5b78\u9738\u5011\u5403\u4ec0\u9ebc\uff1f\uff01\u7b2c\u4e00\u5b78\u5e9c\u5efa\u4e2d\u3001\u5317\u4e00\u5973\u5348\u9910\u6709\u54ea\u4e9b\uff1f(feat.\u674e\u6021\u84c1)"
        },
        {
            "id": "zvmj50Bhwe0",
            "title": "\u4e0b\u96e8\u5929\u97d3\u5f0f\u70b8\u96de\u5403\u8d77\u4f86\uff01\u8ab0\u6297\u62d2\u5f97\u4e86\u70b8\u96de\uff01"
        },
        {
            "id": "vfzEctlyrgA",
            "title": "\u3010\u5343\u5343\u9032\u98df\u4e2d\u3011\u5609\u7fa9\u6dbc\u9eb5\u5de1\u79ae\uff01\u5403\u72066\u9593\u9053\u5730\u53e3\u5473\uff0c\u7f8e\u4e43\u6ecb\u6dbc\u9eb5\u5403\u904e\u55ce\uff1f"
        },
        {
            "id": "6Uu7vFAOz1k",
            "title": "\u3010\u5343\u5343\u9032\u98df\u4e2d\u3011\u5b8c\u98df30\u4eba\u4efd\u86cb\u7cd5\uff01\u4e00\u4eba\u7684\u6176\u751f\u7368\u4eab5\u500b\u86cb\u7cd5\u4e0d\u904e\u5206\u5427\uff1f\u6bcd\u89aa\u7bc0\u86cb\u7cd5\u53c3\u8003\u8d77\u4f86\uff01"
        },
        {
            "id": "NQQC3ECZQKY",
            "title": "\uff24\uff2f\uff2e\uff2b\uff29\u6ce1\u9eb5\u89e3\u766e\uff01\u62c9\u9eb5\u738b\u5b50\u63a8\u85a6\u65b0\u5bbf3\u8ed2\u770b\u4e86\u55ce\uff1f\uff01"
        },
        {
            "id": "gFpqOYCCmro",
            "title": "\u3010\u5343\u5343\u9032\u98df\u4e2d\u3011\u5e74\u5403604\u7897\uff1f\u65e5\u672c\u62c9\u9eb5\u9054\u4eba\u4f86\u5e36\u8def\uff01\u65b0\u5bbf\u62c9\u9eb5\u5e97\u5fc5\u5403TOP3\uff01@SUSURUTV"
        },
        {
            "id": "LwsEFqFqqg4",
            "title": "\u5403\u5b8c\u4e00\u516c\u5c3a\u6d3e\u5c0d\u62ab\u85a9\uff01\u518d\u4f86\u5169\u500b\uff01"
        },
        {
            "id": "Ipk-XQmRv5o",
            "title": "\u3010\u5343\u5343\u9032\u98df\u4e2d\u3011\u4e00\u4eba\u4efd\u4e00\u516c\u5c3a\u9577\u6d3e\u5c0dpizza\uff1f\u5fc5\u52dd\u5ba2\u4e00\u516c\u5c3a\u5de8\u98fd\u76d2\u500b\u4eba\u8db4\u8e22\u958b\u8d77\u4f86\uff01"
        },
        {
            "id": "VbBbXudkjNM",
            "title": "\u5be6\u6e2c\u76ae\u86cb\u5496\u5561 \ud83e\udd79 #\u76ae\u86cb\u5496\u5561 #centuryegg #\u5343\u5343\u9032\u98df\u4e2d"
        },
        {
            "id": "BgSlxLuX7F4",
            "title": "\u53c8\u8981\u4e0a\u73ed\u4e86\uff01\u4f86\u958b\u7bb1\u5403\u500b\u597d\u5e02\u591a\u6700\u8fd1\u65b0\u54c1\u9805\uff01"
        },
        {
            "id": "1rMgafA2HIE",
            "title": "\u3010\u5343\u5343\u9032\u98df\u4e2d\u3011\u548c\u5f1f\u5f1f\u64e6\u51fa\u706b\u82b1\uff1f\u8acbOzone\u5403\u548c\u725b\uff0c\u8ab0\u662f\u904a\u6232\u5927\u9ed1\u6d1e\uff1f"
        },
        {
            "id": "uvlzyKitoKE",
            "title": "\u5de8\u5927\u86cb\u64bb \u80af\u723a\u723a\u771f\u7684\u51fa\u4e86\u4e03\u540b\u5927\u86cb\u64bb\u4e86 #\u5343\u5343\u9032\u98df\u4e2d #\u5927\u86cb\u64bb #\u80af\u5fb7\u57fa #kfc #bigeggtart"
        },
        {
            "id": "4AJHkPOABJU",
            "title": "\u6e05\u660e\u9023\u5047\u5403\u6f64\u9905\uff01"
        },
        {
            "id": "1BJaHKECzHw",
            "title": "\u3010\u5343\u5343\u9032\u98df\u4e2d\u3011\u5916\u9001\u7834\u5343\u725b\u6392\uff1f\u6700\u8cb4&\u6700\u4fbf\u5b9c\u7684\u9910\u5403\u8d77\u4f86\u6703\u5dee\u591a\u5c11\uff1f\u6d77\u9bae\u4e3c\u9c3b\u9b5a\u98ef\u5403\u8d77\u4f86\uff01"
        },
        {
            "id": "4VtDGY_wiw4",
            "title": "\u3010\u5343\u5343\u9032\u98df\u4e2d\u3011\u9999\u83dc\u62ab\u85a9\uff1f\uff01\u65e5\u672c\u5fc5\u52dd\u5ba2\u65b0\u54c1\uff0c\u7206\u91cf\u9999\u83dc\u5927\u8349\u539f\u4f60OK\u55ce\uff1f\u7fa9\u5927\u5229\u4eba\u8981\u751f\u6c23\u4e86\uff01"
        },
        {
            "id": "3gI5BSx5ZDo",
            "title": "\u65e5\u672c\u8d85\u5e02\u591c\u9593\u6298\u50f9\u7f8e\u98df\uff01"
        },
        {
            "id": "a5FzJTCJii4",
            "title": "\u3010\u5343\u5343\u9032\u98df\u4e2d\u3011\u5403\u7206Harbs\u5168\u54c1\u9805\uff0113\u6b3e\u86cb\u7cd5\u5403\u5230\u98fd\uff0c\u6771\u4eac\u5fc5\u5403\u5922\u5e7b\u751c\u9ede\u958b\u7bb1\uff01"
        },
        {
            "id": "KfHuEmAD7-E",
            "title": "\u5bb5\u591c\u4f86\u5403\u500b\u6cf0\u5f0f\uff01"
        },
        {
            "id": "XrDMZVfY1Sk",
            "title": "\u3010\u5343\u5343\u9032\u98df\u4e2d\u3011\u548c\u7f85\u862d\u5403\u6c38\u548c\u8c46\u6f3f\uff01\u65e5\u672c\u7b2c\u4e00\u7537\u516c\u95dc\u592a\u6703\u64a9\uff0c\u7b2c\u4e00\u6b21\u5403\u9e79\u8c46\u6f3f\u3001\u97ed\u83dc\u76d2\u7684\u53cd\u61c9\u662f\uff1f"
        },
        {
            "id": "TPF-LmPcfGg",
            "title": "\u5403\u500b\u70b8\u91ac\u6ce1\u9eb5\uff01\u5168\u806f\u8336\u751c\u9ede\u958b\u7bb1\uff01"
        },
        {
            "id": "OqWwLJhjXLk",
            "title": "\u3010\u5343\u5343\u9032\u98df\u4e2d\u3011\u81ed\u5230\u61f7\u7591\u4eba\u751f\uff017\u6b3e\u5168\u806f\u96b1\u85cf\u7248\u8a71\u984c\u7f8e\u98df\uff01\u958b\u7bb1\u8b8a\u5730\u7344\u5eda\u623f\uff1f"
        },
        {
            "id": "nRPhUYSLB4I",
            "title": "228\u9023\u5047\u51b7\u51b7\u7684\u5929\uff0c\u5403\u500b\u71b1\u71b1\u7684\u6ce1\u9eb5\u3002"
        },
        {
            "id": "RZCEGZGbIVM",
            "title": "\u3010\u5343\u5343\u9032\u98df\u4e2d\u3011\u5f70\u5316\u5e02\u5fc5\u54037\u5bb6\u7f8e\u98df\uff01\u5728\u5730\u4eba\u63a8\u7206\u7684\u8089\u5713\uff1f\u96de\u6372\u8d85\u5167\u884c\u5403\u6cd5\uff01"
        },
        {
            "id": "N4jbBsUVONM",
            "title": "\u597d\u4e45\u6c92\u5403\u97d3\u5f0f\u6599\u7406\uff01\u9019\u9031\u88dc\u73ed\u53ea\u653e\u4e00\u5929\u4e0d\u904e\u766e\uff01"
        },
        {
            "id": "1r7cNWaW4xQ",
            "title": "\u3010\u5343\u5343\u9032\u98df\u4e2d\u3011\u51fa\u767c\u65e5\u672cagain\uff01\u958b\u7bb1\u83ef\u822a\u8c6a\u83ef\u5546\u52d9\u8259\u71c8\u71c8\u5eb5\u98db\u6a5f\u9910\uff01\u6771\u4eac\u8eca\u7ad9\u8d85\u5de8\u5927\u5e03\u4e01\uff01"
        },
        {
            "id": "vo7DlfZG-Lw",
            "title": "\u7d05\u901a\u901a\u6700\u958b\u80c3\uff01\u5471\u8001\u95c6\u4f86\u76f4\u64ad\u5566\uff01"
        },
        {
            "id": "6B63ML2hPHE",
            "title": "\u3010\u5343\u5343\u9032\u98df\u4e2d\u3011\u5168\u5bb6\u4e00\u65e5\u5e97\u54e1\u5343\uff0c\u5168\u80fd\u7684\u4fbf\u5229\u5546\u5e97\u5e97\u54e1\u5343\u5343\u662f\u5426\u80fd\u99ac\u4e0a\u4e0a\u624b\uff1f\uff01"
        },
        {
            "id": "84adv0O3H0M",
            "title": "\u6625\u7bc0\u7d50\u675f\u4e86\uff01\u4f86\u5403\u500b\u9eb5\u7dda\uff01\u751c\u9ede\u662f\u5168\u806f\u751c\u9ede\u958b\u7bb1\u5594\uff01"
        },
        {
            "id": "FgGatjj7p28",
            "title": "\u3010\u5343\u5343\u9032\u98df\u4e2d\u3011\u6771\u5927\u5b78\u751f\u9910\u5ef3\uff0c\u5403\u5b8c\u99ac\u4e0a\u8b8a\u8070\u660e\uff1f\uff01\u6771\u4eac\u5927\u5b78\u4e2d\u592e\u98df\u5802\uff0c\u4e00\u8d77\u53bb\u627e\u5fe0\u72ac\u516b\u516c\u7684\u4e3b\u4eba\uff01"
        },
        {
            "id": "VTSrL7EsQMQ",
            "title": "\u904e\u5e74\u4e0d\u767c\u80d6\u7684\u5c0f\u79d8\u8a23 \ud83e\udd24\ud83e\udde8 feat. @coolmantsai"
        },
        {
            "id": "kmrrc6m_odQ",
            "title": "\u6d88\u9632\u968a\u7684\u670b\u53cb\u8981\u7dca\u5f35\u4e86\uff1f\u963f\u90e8\u746a\u5229\u4e9e\u5eda\u85dd\u5927\u8003\u9a57\uff01"
        },
        {
            "id": "64c2oICci-k",
            "title": "\u3010\u5343\u5343\u9032\u98df\u4e2d\u30112\u516c\u65a4\u5927\u4efd\u91cf\u62c9\u9eb5\uff01\u79cb\u8449\u539f\u767e\u5e74\u672c\u8216\uff0c\u8089\u5c71\u9ad8\u5230\u627e\u4e0d\u5230\u9eb5\uff1f"
        },
        {
            "id": "0pskDDN-eYM",
            "title": "\u3010\u5343\u5343\u9032\u98df\u4e2d\u3011\u9e7f\u6e2f\u552f\u4e00\u6307\u5b9a\u59d0\u59b9\u5e36\u8def\uff01\u5728\u5730\u5fc5\u5403\u7f8e\u98df\uff0c\u300c\u8089\u7c73\u56de\u300d\u4f60\u5403\u904e\u55ce\uff1f(feat.\u9ebb\u5e0c)"
        },
        {
            "id": "XMDXtSzmpgQ",
            "title": "2023\u5e74\u7b2c\u4e00\u5929\uff01\u5c31\u7531\u9ebb\u8fa3\u934b\u4f86\u958b\u59cb\u5427\uff01"
        },
        {
            "id": "KB8PYjMeDdI",
            "title": "\u3010\u5343\u5343\u9032\u98df\u4e2d\u3011\u53f0\u4e2d\u591c\u751f\u6d3b\u592a\u597d\u5403\uff01\u96b1\u85cf\u7248\u5728\u5730\u5bb5\u591c\u7f8e\u98df\u8981\u6392\u4e09\u5c0f\u6642\uff1f"
        },
        {
            "id": "kI35AerfOAs",
            "title": "\u3010\u5343\u5343\u9032\u98df\u4e2d\u3011\u6253\u5012\u5e7e\u74f6\u5403\u5e7e\u9846\uff01\u7b2c\u4e00\u6b21\u6253\u4fdd\u9f61\u7403\u5c31\u6311\u6230\u570b\u624b\uff1f(feat.\u8521\u54e5\u3001\u7d00\u6c9b\u6dc7\u3001\u7d00\u5146\u822a)"
        },
        {
            "id": "0nYAi4GzKHk",
            "title": "\u4e8c\u6797\u7642\u7652\u7f8e\u98df \ud83e\udd24 #streetfood #\u5343\u5343\u9032\u98df\u4e2d"
        },
        {
            "id": "1MI8MPR9O4o",
            "title": "\u3010\u5343\u5343\u9032\u98df\u4e2d\u3011\u5403\u7206\u81ea\u5df1\u5bb6\uff01\u5f70\u5316\u4e8c\u6797\u7f8e\u98df\u5730\u5716\uff0111\u5bb6\u5728\u5730\u7f8e\u98df\u8001\u5e97\u5403\u4e00\u8f2a\uff01"
        },
        {
            "id": "lR7zrBoeT2k",
            "title": "\u3010\u5343\u5343\u9032\u98df\u4e2d\u3011\u53f2\u4e0a\u6700\u786c\u6559\u53ec\u9ad4\u9a57\uff01\u65b0\u6b3e\u91ce\u6230\u52a0\u71b1\u9910\u76d2\u958b\u7bb1\uff01\u91ce\u6230\u6d74\u5ba4\u5230\u5e95\u9577\u4ec0\u9ebc\u6a23\u5b50\u5462\uff1f"
        },
        {
            "id": "TIpyU0Tm4Zo",
            "title": "ASMR \u70e4\u96de\u5403\u64ad Roast Whole Chicken #\u5343\u5343\u9032\u98df\u4e2d"
        },
        {
            "id": "u7xu7qwnlSc",
            "title": "\u4eca\u5929\u81ea\u5df1\u5403\u81ea\u5df1\uff01familymart\u806f\u540d\u7b2c\u4e8c\u6ce2\uff01"
        },
        {
            "id": "y087PATeIg4",
            "title": "\u3010\u5343\u5343\u9032\u98df\u4e2d\u3011\u97d3\u5f0f\u7206\u6f3f\u7194\u5ca9\u8d77\u53f8\u6392\u9aa8\uff0c\u8d77\u53f8\u7011\u5e03\u71b1\u91cf\u70b8\u5f48\uff01\u5730\u7344\u5eda\u623f\u53c8\u4f86\u4e86\uff01"
        },
        {
            "id": "AEV5B7stV6o",
            "title": "\u53f0\u5473\u98df\u8db3\u5e02\u96c6\u7d50\u675f\uff01\u5927\u5bb6\u6709\u53bb\u55ce\uff1fSJ\u6f14\u5531\u521d\u9ad4\u9a57\uff01"
        },
        {
            "id": "cmW5fxgkLjY",
            "title": "\u3010\u5343\u5343\u9032\u98df\u4e2d\u3011\u65e5\u672c\u8d85\u5546\u751c\u54c1\u958b\u7bb1\uff01\u4e00\u53e3\u6c23\u540321\u6b3e\uff012022\u5e74\u6709\u54ea\u4e9b\u65b0\u54c1\u9805\uff1f"
        },
        {
            "id": "umvj2lqTaVA",
            "title": "\u6d3e\u5c0d\u70e4\u96de\u5403\u8d77\u4f86\uff0c\u9031\u65e5\u82b1\u535a\u4f86\u73a9\u55ce\uff1f\uff01"
        }
    ]
}