{
    "channel": {
        "title": "\u9ec3\u6c0f\u5144\u5f1f",
        "id": "UCV_S2S-Zs8LeuJxK-T3RQQg",
        "customUrl": "@user-huangbrothers",
        "uploads": "UUV_S2S-Zs8LeuJxK-T3RQQg"
    },
    "videos": [
        {
            "id": "fwBXrP5bMf0",
            "title": "\u5077\u5077\u5728\u6377\u904b\u8eca\u5ec2\u4e0a\u5403\u6771\u897f\uff0c\u80fd\u4e0d\u88ab\u767c\u73fe\u55ce\uff1f\u3010\u9ec3\u6c0f\u5144\u5f1f\u3011Ft.@Jupiterlin @Tgopdone@LockingJack@dollshin0324@fanfanloveuu\u6668\u60a0"
        },
        {
            "id": "62ATyMamk4I",
            "title": "\u8001\u5e2b\u8aaa\u904a\u6232PK\u8cfd\uff01\u6c92\u60f3\u5230\u6700\u5f8c\u7684\u7d50\u5c40\u662f...\uff1fTeacher says!\u3010\u9ec3\u6c0f\u5144\u5f1f\u3011 Ft. OPENsi \u8607\u5049 \u9ed1\u7cd6\u9bae\u8336 \u7db8\u7db8\u8001\u5e2b #shorts"
        },
        {
            "id": "Sc-dp7RJ_IM",
            "title": "\u4f60\u4e0d\u77e5\u9053\u7684\u85dd\u4eba\u672c\u540d\uff1f\u5468\u8208\u54f2\u3001\u8521\u4f9d\u6797\u90fd\u4e0d\u662f\u672c\u540d\uff01\u3010\u9ec3\u6c0f\u5144\u5f1f\u3011"
        },
        {
            "id": "e8FVUVDi2ec",
            "title": "\u7576\u97f3\u6a02\u66ab\u505c\u6642\uff0c\u5c31\u8981\u5750\u4e0b\uff01\u9019\u6b21\u7684\u6436\u6905\u5b50\u51a0\u8ecd\u6703\u662f...\uff1fMusical chairs! \u3010\u9ec3\u6c0f\u5144\u5f1f\u3011Ft. OPENsi \u8607\u5049 \u9ed1\u7cd6\u9bae\u8336 \u7db8\u7db8\u8001\u5e2b #shorts"
        },
        {
            "id": "NKDHr7gUef0",
            "title": "\u628a\u6574\u53f0\u96fb\u6d41\u6025\u6025\u68d2\u26a1\u642c\u9032\u5de5\u4f5c\u5ba4\uff0c\u54e1\u5de5\u78b0\u5230\u5c31\u88ab\u96fb\uff01\u3010\u9ec3\u6c0f\u5144\u5f1f\u3011Ft. PlayStation 5"
        },
        {
            "id": "bNmZCbuIMow",
            "title": "\u54ea\u4e00\u4e9b\u662f\u52d5\u6f2b\uff1f\u5708\u5708\u53c9\u53c9\u6311\u6230\uff0c\u8df3\u932f\u5c31\u51fa\u5c40\uff01 Which is Anime?\u3010\u9ec3\u6c0f\u5144\u5f1f\u3011Ft. OPENsi \u8607\u5049 \u9ed1\u7cd6\u9bae\u8336 \u7db8\u7db8\u8001\u5e2b #shorts"
        },
        {
            "id": "j8l3EswXHUI",
            "title": "\u6975\u901f\u5708\u53c9PK\u8cfdRound 2\uff01\u9019\u6b21\u53c9\u53c9\u968a\u80fd\u7372\u52dd\u55ce\uff1fRapid tic-tac-toe! \u3010\u9ec3\u6c0f\u5144\u5f1f\u3011Ft. OPENsi \u8607\u5049 \u9ed1\u7cd6\u9bae\u8336 \u7db8\u7db8\u8001\u5e2b #shorts"
        },
        {
            "id": "4ce8u66hu84",
            "title": "\u6211\u5011\u990a\u5bf5\u7269\u4e86\uff01\u3010\u9ec3\u6c0f\u5144\u5f1f\u3011"
        },
        {
            "id": "9sYRiS2J1KU",
            "title": "\u95dc\u65bc\u7db2\u8def\u5916\u6d41\u7167\uff0c\u744b\u744b\u6709\u8a71\u60f3\u8aaa\u2026\u3010\u9ec3\u6c0f\u5144\u5f1f\u3011"
        },
        {
            "id": "Zg5UW9MEU_A",
            "title": "\u5728\u6574\u500b\u516d\u798f\u6751\u73a9\u8eb2\u8c93\u8c93\uff0c4\u4f4dYouTuber\u627e11\u500b\u4eba\uff0c\u6c92\u627e\u5230\u5c31\u8981\u5750\u6050\u6016\u904a\u6a02\u8a2d\u65bd\uff01\u3010\u9ec3\u6c0f\u5144\u5f1f\u3011Ft.  @annie72127  @AJin_Jin \u516d\u798f\u6751"
        },
        {
            "id": "wPSMUJG1LZc",
            "title": "\u6bd4\u624b\u756b\u8173\u63a5\u9f8d\u8cfd\uff0c\u4e09\u500b\u5b57\uff01\u5927\u5bb6\u80fd\u9806\u5229\u63a5\u9f8d\u6210\u529f\u55ce\uff1fGesticulating solitaire! \u3010\u9ec3\u6c0f\u5144\u5f1f\u3011Ft. OPENsi \u8607\u5049 \u9ed1\u7cd6\u9bae\u8336 \u7db8\u7db8\u8001\u5e2b #shorts"
        },
        {
            "id": "fgbdXlf5xsE",
            "title": "\u6606\u87f2\u5708\u53c9\u8df3\u6230\u8cfd\uff0c\u7559\u5230\u6700\u5f8c\u7684\u6703\u662f...\uff1fWhich is insect? \u3010\u9ec3\u6c0f\u5144\u5f1f\u3011Ft. OPENsi \u8607\u5049 \u9ed1\u7cd6\u9bae\u8336 \u7db8\u7db8\u8001\u5e2b #shorts"
        },
        {
            "id": "V6dwyldO8j8",
            "title": "\u8cfc\u7269\u63a5\u9f8d\u7b2c\u4e8c\u96c6\u4f86\u5566\uff0c\u96e3\u5ea6up up\uff01\u54f2\u744b\u80fd\u9806\u5229\u7206\u8cb7\u6771\u897f\u56de\u5bb6\u55ce\uff1f\u3010\u9ec3\u6c0f\u5144\u5f1f\u3011Ft.\u5bb6\u6a02\u798f"
        },
        {
            "id": "EgKPlAFr-ck",
            "title": "\u5728\u73ed\u4e0a\u8ddf\u540c\u5b78\u73a9\u5b9a\u6642\u70b8\u5f48\uff01\u97f3\u6a02\u505c\u4e0b\uff0c\u62ff\u8457\u5047\u4eba\u982d\u7684\u4eba\u5c31\u88ab\u6dd8\u6c70\uff01\u8ab0\u80fd\u6d3b\u5230\u6700\u5f8c\uff1f\u3010\u9ec3\u6c0f\u5144\u5f1f\u3011Ft. \u8607\u5049 \u5f65\u9e9f \u90b1\u52dd\u63dayy \u66c9\u6f84\u540c\u5b78 \u6bd4\u718a \u8393 \u7db8\u7db8\u8001\u5e2b"
        },
        {
            "id": "tuyLTJ8qcvA",
            "title": "\u5728\u6377\u904b\u4e0a\u5077\u5403\u6771\u897f\uff0c\u4e0d\u80fd\u88ab\u6293\u5230\uff01\u963f\u5b24\u3001\u89c0\u5149\u5ba2\u3001\u8cb4\u5a66\u3001\u5b78\u751f\uff0c\u9019\u500b\u8eca\u5ec2\u592a\u5435\u4e86\u3010\u9ec3\u6c0f\u5144\u5f1f\u3011Ft. @Tgopdone@Jupiterlin@LockingJack@coolmantsai @WINNIBao"
        },
        {
            "id": "inv6dljFtWc",
            "title": "\u6bd4\u624b\u756b\u8173\u63a5\u9f8d\u8cfd\uff01\u9019\u500b\u719f\u6089\u7684\u624b\u52e2\uff0c\u4f60\u731c\u5f97\u51fa\u4f86\u55ce\uff1fGesticulating solitaire! \u3010\u9ec3\u6c0f\u5144\u5f1f\u3011Ft. OPENsi \u8607\u5049 \u9ed1\u7cd6\u9bae\u8336 \u7db8\u7db8\u8001\u5e2b"
        },
        {
            "id": "RuhehnyahDI",
            "title": "Emoji\u8cfc\u7269\u4f86\u5566\uff01\u98db\u6a5f\u8d77\u98db\u524d50\u5206\u9418\uff0c\u8cb7\u79ae\u7269\u7d66\u54e1\u5de5\uff01\u5728\u6a5f\u5834\u72c2\u5954\u8d85\u614c\u5f35\u7684\u00b7\u00b7\u00b7\u3010\u9ec3\u6c0f\u5144\u5f1f\u3011Ft.\u5168\u5bb6"
        },
        {
            "id": "_CNZw6a_4sY",
            "title": "\u6975\u901f\u5708\u53c9PK\u8cfd\uff01\u9019\u968a\u9ed8\u5951\u4e0d\u597d\uff0c\u7adf\u9023\u8f38\u4e09\u5834\uff1f\ud83e\udd23Rapid tic-tac-toe! \u3010\u9ec3\u6c0f\u5144\u5f1f\u3011Ft. OPENsi \u8607\u5049 \u9ed1\u7cd6\u9bae\u8336 \u7db8\u7db8\u8001\u5e2b"
        },
        {
            "id": "aXkR4vMPomY",
            "title": "\u628a\u300c\u591c\u5e02BB\u5f48\u5c04\u6c23\u7403\u300d\u642c\u9032\u5de5\u4f5c\u5ba4\uff0c\u54e1\u5de5\u5c04\u591a\u5c11\u9846\u62ff\u591a\u5c11\u9322\uff01\u8ab0\u80fd\u62ff\u4e0b\u9ad8\u984d\u734e\u91d1\uff1f\u3010\u9ec3\u6c0f\u5144\u5f1f\u3011"
        },
        {
            "id": "a33TfdJSpKg",
            "title": "\u6211\u5011\u4e00\u8d77\u4f86\u7a81\u7834220\u842c\u8a02\u95b1\uff01\u3010\u9ec3\u6c0f\u5144\u5f1f\u3011"
        },
        {
            "id": "jTE5A0HNbK4",
            "title": "\u4e00\u500b\u4eba\u53bb\u65e5\u672c\u65c5\u884c\uff0c\u63a5\u5230\u8a50\u9a19\u96fb\u8a71\uff0c\u640d\u59314\u842c\u591a\u5143\u00b7\u00b7\u00b7\u3010\u9ec3\u6c0f\u5144\u5f1f\u3011"
        },
        {
            "id": "iRhoP-eZQmY",
            "title": "\u5e73\u8861\u904a\u6232\uff01\u676f\u5b50\u5f9e\u982d\u4e0a\u6389\u4e0b\u4f86\u5c31\u8f38\u4e86\uff0c\u8ab0\u6703\u662f\u6700\u5f8c\u7684\u51a0\u8ecd\uff1fHold your cup!\u3010\u9ec3\u6c0f\u5144\u5f1f\u3011 Ft. \u8607\u5049 \u5f65\u9e9f \u90b1\u52dd\u63dayy \u66c9\u6f84\u540c\u5b78 \u6bd4\u718a \u8393 \u7db8\u7db8\u8001\u5e2b #shorts"
        },
        {
            "id": "HJ_PDKxSsBw",
            "title": "\u77c7\u773c\u76f2\u731c\u6c34\u679c\uff0c\u7528\u805e\u7684\u00b7\u00b7\u00b7\u80fd\u805e\u51fa\u7b54\u6848\u55ce\uff1f\u3010\u9ec3\u6c0f\u5144\u5f1f\u3011FT. @dellading6946 \u76f2\u731c\u7cfb\u5217"
        },
        {
            "id": "J9FAQrwcaa4",
            "title": "\u4e00\u8d77\u4f86\u73a9\u864e\u514b\u8239\u9577\uff01\u88ab\u6307\u5230\u6c92\u6709\u505a\u52d5\u4f5c\u5c31\u8981\u559d\u82e6\u8336\uff01Captain Hook. \u3010\u9ec3\u6c0f\u5144\u5f1f\u3011Ft. \u8607\u5049 \u5f65\u9e9f \u90b1\u52dd\u63dayy \u66c9\u6f84\u540c\u5b78 \u6bd4\u718a \u8393 \u7db8\u7db8\u8001\u5e2b"
        },
        {
            "id": "LmVwxIjdrtQ",
            "title": "\u5728\u5f48\u8df3\u5e8a\u6a02\u5712\u73a9\u9b3c\u6293\u4eba\uff01\u627e\u904b\u52d5\u54e1\u7576\u9b3c\uff0c\u8d85\u523a\u6fc0\uff01\u54f2\u54f2\u73a9\u5230\u4eba\u6d88\u5931\u00b7\u00b7\u00b7\u600e\u9ebc\u8fa6\u5230\u7684\uff1f\u3010\u9ec3\u6c0f\u5144\u5f1f\u3011"
        },
        {
            "id": "CYR-67OZjCQ",
            "title": "\u54ea\u4e9b\u6771\u897f\u53ef\u4ee5\u559d\uff0c\u5708\u53c9\u6311\u6230\uff01\u9019\u6b21\u51a0\u8ecd\u6703\u662f...\uff1fWhich is can be drank? \u3010\u9ec3\u6c0f\u5144\u5f1f\u3011Ft. \u8607\u5049 \u5f65\u9e9f \u90b1\u52dd\u63dayy \u66c9\u6f84\u540c\u5b78 \u6bd4\u718a \u8393 \u7db8\u7db8\u8001\u5e2b"
        },
        {
            "id": "GVRQBVuocxI",
            "title": "\u4e00\u500b\u4eba\u4f4f\u5728\u6df1\u5c71\u5c0f\u5c4b\uff0c\u534a\u591c\u6709\u4eba\u95d6\u5165\uff0c\u9084\u9047\u5230\u9ed1\u718a\u22ef\u62cd\u4f01\u5283\u4e5f\u592a\u8f9b\u82e6\u3010\u9ec3\u6c0f\u5144\u5f1f\u3011"
        },
        {
            "id": "ibIBewongu8",
            "title": "\u7576\u97f3\u6a02\u66ab\u505c\u6642\uff0c\u5c31\u8981\u5750\u4e0b\uff01\u8ab0\u6703\u662f\u9019\u6b21\u7684\u6436\u6905\u5b50\u51a0\u8ecd\uff1f\ud83c\udfc6Musical chairs! \u3010\u9ec3\u6c0f\u5144\u5f1f\u3011Ft. \u8607\u5049 \u5f65\u9e9f \u90b1\u52dd\u63dayy \u66c9\u6f84\u540c\u5b78 \u6bd4\u718a \u8393 \u7db8\u7db8\u8001\u5e2b #shorts"
        },
        {
            "id": "AgM9eymZuY8",
            "title": "\u751f\u65e5\u88ab\u4e1f\u5728\u6df1\u5c7124\u5c0f\u6642\uff0c\u62cd\u5f71\u7247\u4e5f\u73a9\u592a\u5927\u4e86\u5427\uff01\uff01\uff01\u6c92\u6c34\u6c92\u96fb\u9084\u8981\u780d\u67f4\u3010\u9ec3\u6c0f\u5144\u5f1f\u3011\u751f\u65e5\u6574\u4eba PRANK"
        },
        {
            "id": "9VoD-C2R1xI",
            "title": "\u653e\u5927\u771f\u4eba\u7248\u5927\u5bcc\u7fc1\uff01\u628a\u904a\u6a02\u5712\u6539\u9020\u6210\u5927\u5bcc\u7fc1\u5730\u5716\uff0c\u8e29\u5230\u76f4\u63a5\u4e0a\u8d85\u523a\u6fc0\u96f2\u9704\u98db\u8eca\uff01\u3010\u9ec3\u6c0f\u5144\u5f1f\u3011Ft.\u6bd4\u718a\u3001\u8607\u5049\u3001\u516d\u798f\u6751"
        },
        {
            "id": "T_HRov3Ns3Q",
            "title": "\u8df3\u683c\u5b50\u904a\u6232\uff01\u8ab0\u662f\u5e78\u904b\u9b3c\uff5eHopscotch game time! Who is the winner\u3010\u9ec3\u6c0f\u5144\u5f1f\u3011Ft. \u66c9\u6f84\u540c\u5b78\u3001\u8607\u5049\u3001\u90b1\u52dd\u63dayy\u3001\u5f65\u9e9f\u3001\u6bd4\u718a\u3001\u7db8\u7db8\u8001\u5e2b\u3001\u8393 #shorts"
        },
        {
            "id": "8ZjoJh9_bAQ",
            "title": "\u62cd\u651d\u591c\u5e02\u904a\u6232\u63a5\u68d2\u6a5f\uff0c\u54e1\u5de5\u8aa4\u522a\u6a94\u6848\u8981\u91cd\u62cd\uff0c\u6211\u5011\u8981\u518d\u4ed8\u4e00\u6b21\u9322\uff0c\u8a72\u751f\u6c23\u55ceXDDD\u3010\u9ec3\u6c0f\u5144\u5f1f\u3011#\u4e09\u9910\u7cfb\u5217"
        },
        {
            "id": "TD8dbHfAC3U",
            "title": "\u744b\u744b\u5077\u8dd1\u53bb\u65e5\u672c\u73a9\uff1f\uff01\uff1f\uff01"
        },
        {
            "id": "Jw1Q_HG_EdI",
            "title": "\u627e50\u500b\u744b\u744b\u8907\u88fd\u4eba\uff01\u585e\u6eff\u56db\u5c64\u6a13\u5bb6\u4e2d\uff0c\u54f2\u54f2\u80fd\u627e\u5230\u6b63\u724c\u744b\u744b\uff0c\u62ff\u5230\u65b0\u624b\u6a5f\u55ce\uff1fiPhone 15 pro max\u3010\u9ec3\u6c0f\u5144\u5f1f\u3011#iphone \u6574\u4ebaPRANK"
        },
        {
            "id": "qKg8AjPyYLI",
            "title": "\u5728\u5152\u7ae5\u6a02\u5712\u73a9\u9b3c\u6293\u4eba\uff0c\u88ab\u9ed1\u8863\u4eba\u6293\u5230\u5c31\u6dd8\u6c70\uff01\u8ab0\u80fd\u627e\u5230\u5bf6\u85cf\u9003\u51fa\u904a\u6a02\u5712\uff1f\u3010\u9ec3\u6c0f\u5144\u5f1f\u3011Ft.\u8463\u4ed4\u3001\u51f1\u7693\u3001Soya\u3001\u6280\u5b89\u3001\u6bd4\u718a\u3001\u8607\u5049\u3001\u80af\u5fb7\u57fa"
        },
        {
            "id": "a-6U4ShLjto",
            "title": "\u53ea\u8981\u6578\u52303\u30016\u30019\u5c31\u8981\u62cd\u624b\uff0c\u7b54\u932f\u5c31\u88ab\u4e82\u68d2\u7206\u6253\uff01\u731c\u731c\u8ab0\u6703\u88ab\u61f2\u7f70\u6700\u591a\u6b21\uff1f\ud83e\udd23 369 clap game!\u3010\u9ec3\u6c0f\u5144\u5f1f\u3011 Ft. \u8607\u5049 \u6ce5\u79cb \u9ea5\u514b\u5614\u5df4 \u5289\u6d69\u6587 \u6bd4\u718a RAiN \u7f85\u5ff5"
        },
        {
            "id": "ssVy9jJvIME",
            "title": "\u5de5\u4f5c\u5ba4\u642c\u4f86\u4fdd\u9f61\u7403\uff0c\u54e1\u5de5\u6253\u5012\u591a\u5c11\u62ff\u591a\u5c11\u9322\uff01\u4e0d\u9650\u91d1\u984d\uff0c\u9910\u8cbb\u81ea\u5df1\u8cfa\uff01\u3010\u9ec3\u6c0f\u5144\u5f1f\u3011#\u4e09\u9910\u7cfb\u5217"
        },
        {
            "id": "Ur2raCbJqgg",
            "title": "\u54ea\u4e9b\u6771\u897f\u6703\u7528\u5230\u706b\uff0c\u5708\u53c9\u6311\u6230\uff01\u9019\u6b21\u51a0\u8ecd\u7adf\u7136\u6709\u4e09\u4f4d\uff1fWhen is fire used? \u3010\u9ec3\u6c0f\u5144\u5f1f\u3011Ft. \u8607\u5049 \u6ce5\u79cb \u9ea5\u514b\u5614\u5df4 \u5289\u6d69\u6587 \u6bd4\u718a RAiN \u7f85\u5ff5"
        },
        {
            "id": "YnCwiANknd4",
            "title": "\u6293\u5077\u73a9\u624b\u6a5f\uff0c\u6293\u6253\u60c5\u7f75\u4fcf\uff01\u5348\u4f11\u6642\u7684\u98a8\u7d00\u80a1\u9577\uff0c\u4f60\u4e5f\u88ab\u6293\u904e\u55ce\uff1f\ud83e\udd23The class monitor during lunch break. \u3010\u9ec3\u6c0f\u5144\u5f1f\u3011Ft.\u51f1\u7693 \u5c0f\u8cf4 \u96ef\u96ef \u6728\u661f \u9f13\u9f13"
        },
        {
            "id": "A7gu32WBniw",
            "title": "\u7576\u97f3\u6a02\u66ab\u505c\uff0c\u9084\u62ff\u8457\u6771\u897f\u7684\u4eba\u5c31\u6dd8\u6c70\uff01\u6700\u5f8c\u52dd\u5229\u7684\u6703\u662f...\uff1fPass the thing while playing music\u3010\u9ec3\u6c0f\u5144\u5f1f\u3011Ft. \u8607\u5049 \u6ce5\u79cb \u9ea5\u514b\u5614\u5df4 \u5289\u6d69\u6587 \u6bd4\u718a RAiN \u7f85\u5ff5"
        },
        {
            "id": "ZUI_C613Iis",
            "title": "\u5f37\u8feb\u54e5\u54e5\u4e00\u9031\u4e03\u5929\u53ea\u80fd\u5403\u70e4\u8089\uff01\u662f\u5929\u5802\u9084\u662f\u5730\u7344\uff1f\u807d\u904e\u58a8\u897f\u54e5\u70e4\u8089\u55ce\uff1f\u3010\u9ec3\u6c0f\u5144\u5f1f\u3011#\u4e00\u9031\u7cfb\u5217 #\u4e00\u9031\u6311\u6230 #\u4e2d\u79cb\u7bc0"
        },
        {
            "id": "xzbvcvZyCFk",
            "title": "\u7576\u97f3\u6a02\u66ab\u505c\u6642\uff0c\u5c31\u8981\u5750\u4e0b\uff01\u8ab0\u6703\u662f\u9019\u6b21\u7684\u57ce\u5e02\u6551\u661f\uff1f\ud83e\udd23Musical chairs! \u3010\u9ec3\u6c0f\u5144\u5f1f\u3011Ft. \u8607\u5049 \u6ce5\u79cb \u9ea5\u514b\u5614\u5df4 \u5289\u6d69\u6587 \u6bd4\u718a RAiN \u7f85\u5ff5"
        },
        {
            "id": "8KKqNR4T69c",
            "title": "\u6ce1\u9eb5\u8def\u8dd1\uff0c\u6311\u6230\u5403\u5b8c20\u9593\u4fbf\u5229\u5546\u5e97\uff0c\u5edd\u6bba\u5230\u6700\u5f8c\u4e00\u9593\u624d\u5206\u51fa\u52dd\u8ca0\uff01\u3010\u9ec3\u6c0f\u5144\u5f1f\u3011Ft. @musingxer@heygirl9251 @s200210127 \u8607\u5049"
        },
        {
            "id": "CtxH9srhwaI",
            "title": "\u54ea\u4e9b\u6771\u897f\u662f\u6587\u5177\uff0c\u5708\u53c9\u6311\u6230\uff01\u6700\u5f8c\u8d0f\u7684\u4eba\u662f...\uff1fWhich is can be eaten? Ft. \u8607\u5049 \u6ce5\u79cb \u9ea5\u514b\u5614\u5df4 \u5289\u6d69\u6587 \u6bd4\u718a RAiN \u7f85\u5ff5"
        },
        {
            "id": "eIJs6UNK6Sw",
            "title": "\u7576\u4f60\u5728\u9910\u5ef3\u5403\u98ef\u4e00\u76f4\u6536\u5230\u9910\u9ede\u6642\u2026 When you are having meal in restaurant. Ft.\u8607\u5049\u3010\u9ec3\u6c0f\u5144\u5f1f\u3011#shorts"
        },
        {
            "id": "3_U3pUCOB_Y",
            "title": "\u7528\u6233\u6233\u6a02\u9078\u4e09\u9910\uff01\u54e1\u5de5\u5011\u70ba\u4e86\u5403\uff0c\u4ec0\u9ebc\u90fd\u9858\u610f\u505a\uff01\u6469\u65af\u6f22\u5821\u7bc7\u3010\u9ec3\u6c0f\u5144\u5f1f\u3011#\u4e09\u9910\u7cfb\u5217"
        },
        {
            "id": "FPpsFhtDjmw",
            "title": "\u7528\u8d85\u8ff7\u4f60\u5eda\u5177\u6311\u6230\u505a\u4e09\u9910\uff01\u505a\u51fa\u4f86\u7684\u98df\u7269\u662f\u5929\u5802\u9084\u662f\u5730\u7344\u3010\u9ec3\u6c0f\u5144\u5f1f\u3011#\u4e09\u9910\u7cfb\u5217"
        },
        {
            "id": "MtVaCOhtIKA",
            "title": "\u4e0a\u8ab2\u4e0d\u8981\u5077\u5403\uff0c\u4fdd\u5065\u5ba4\u963f\u59e8\u5065\u5eb7\u6aa2\u67e5\uff01\u540c\u5b78\u9732\u8179\u808c\u3001\u4e8c\u982d\u597d\u990a\u773c\u3010\u9ec3\u6c0f\u5144\u5f1f\u3011Ft. @Tgopdone@heygirl9251@LockingJack@gboyswag6504@LaiLai116"
        },
        {
            "id": "3xfIfZFT0_Q",
            "title": "\u90a3\u4e9b\u5e74\u6211\u5011\u9047\u5230\u7684\u5404\u7a2e\u8001\u5e2b...\u4f60\u4e5f\u6709\u9047\u904e\u55ce\uff1f\ud83e\udd23The various teachers we met in those years! \u3010\u9ec3\u6c0f\u5144\u5f1f\u3011Ft. \u8463\u4ed4 \u6728\u661f \u96ef\u96ef \u6d66\u6d0b \u51f1\u7693 \u627f\u9686 \u5cfb\u5ef7"
        },
        {
            "id": "cB1DOWxZzro",
            "title": "\u54ea\u4e9b\u6771\u897f\u53ef\u4ee5\u5403\uff0c\u5708\u53c9\u6311\u6230\uff01\u9019\u6b21\u7adf\u7136\u5168\u54e1\u6dd8\u6c70...\uff1fWhich is can be eaten? \u3010\u9ec3\u6c0f\u5144\u5f1f\u3011Ft. \u8607\u5049 \u6ce5\u79cb \u9ea5\u514b\u5614\u5df4 \u5289\u6d69\u6587 \u6bd4\u718a RAiN \u7f85\u5ff5"
        },
        {
            "id": "7y0lHTCuZIY",
            "title": "\u73ed\u4e0a\u9694\u58c1\u540c\u5b78\uff0c\u4e5f\u662f\u9019\u6a23\u55ce\uff1fThe types of interactions between classmates\u3010\u9ec3\u6c0f\u5144\u5f1f\u3011 Ft. \u8463\u4ed4 \u6728\u661f \u96ef\u96ef \u6d66\u6d0b \u51f1\u7693 \u627f\u9686 \u5cfb\u5ef7"
        },
        {
            "id": "UZO-3hAmYg8",
            "title": "\u6253\u5f48\u73e0\u53f0\uff0c\u4e00\u6b21\u62956000\u9846\u5f48\u73e0\uff01\u5927\u8ced\u4e00\u628a\u4e2d\u5927\u734e\u4e86\uff01\u6703\u7834\u842c\u9846\u55ce\uff1f\u3010\u9ec3\u6c0f\u5144\u5f1f\u3011"
        },
        {
            "id": "2cwR_Pjwwl8",
            "title": "24\u5c0f\u6642\u628a\u744b\u744b\u95dc\u5728\u6cf3\u6c60\u4e2d\uff0c\u4e0a\u5ec1\u6240\u3001\u5403\u98ef\u8d85\u514b\u96e3\uff0c\u5230\u5e95\u662f\u600e\u9ebc\u5ea6\u904e\u7684\uff1f\u3010\u9ec3\u6c0f\u5144\u5f1f\u3011#\u4e00\u65e5\u7cfb\u5217"
        },
        {
            "id": "QD7LguH_hlE",
            "title": "\u5728\u73ed\u4e0a\u88ab\u8001\u5e2b\u7f75\u7684\u5404\u7a2e\u72c0\u6cc1\u4f60\u4e5f\u6709\u9047\u904e\u55ce\uff1fThe types of situations being scolded by the teacher\u3010\u9ec3\u6c0f\u5144\u5f1f\u3011\u6050\u9f8d\u5076\u50cf \u68b5\u541b \u8607\u5049 RAiN Diva \u6bd4\u718a"
        },
        {
            "id": "w4sjvCMnqBU",
            "title": "\u5728\u6559\u5ba4\u63db\u8863\u670d\u3001\u6c57\u81ed\u7684\u4eba\uff01\u4e0a\u9ad4\u80b2\u8ab2\u7684\u73ed\u4e0a\u540c\u5b78...The types of students in PE class! \u3010\u9ec3\u6c0f\u5144\u5f1f\u3011Ft. \u51f1\u7693\u3001\u8463\u4ed4\u3001\u6eab\u59ae\u3001\u963f\u90e8\u746a\u5229\u4e9e\u3001\u6728\u661f #shorts"
        },
        {
            "id": "OByIE_LyFPo",
            "title": "\u5728\u5168\u806f\u73a9\u8cfc\u7269\u63a5\u9f8d\uff01\u908f\u8f2f\u9b3c\u624dvs\u5929\u99ac\u884c\u7a7a\uff0c\u70ba\u4e86\u8d0f\u4e0d\u64c7\u624b\u6bb5\uff01\u3010\u9ec3\u6c0f\u5144\u5f1f\u3011Ft. \u5168\u806f"
        },
        {
            "id": "m-Tyil7znro",
            "title": "\u5f48\u73e0\u53f0\u9078\u4e09\u9910\uff0c\u53f2\u4e0a\u6700\u5435\u7684\u4e00\u96c6\u4e09\u9910\uff0c\u7537\u751f\u5011\u96c6\u9ad4\u770b\u71b1\u9b27\uff0c\u7a76\u7adf\u5927\u5bb6\u80fd\u7372\u5f97\u591a\u5c11\u9910\u8cbb\u5462\uff1f\u3010\u9ec3\u6c0f\u5144\u5f1f\u3011#\u4e09\u9910\u7cfb\u5217"
        },
        {
            "id": "jVEE3rX_Gr0",
            "title": "\u76f4\u64ca\u744b\u744b\u7c3d\u5531\u6703\u73fe\u5834"
        },
        {
            "id": "hyIwJZd8-H0",
            "title": "\u8001\u5e2b\uff01\u6709\u4eba\u4e0a\u8ab2\u5077\u5403\u6771\u897f\uff0c\u9019\u7fa4\u4ebaVS\u9ec3\u6c0f\u5144\u5f1f\uff0c\u9ea5\u7576\u52de\u3001\u80af\u5fb7\u57fa\u7b49\u901f\u98df\u5e97\uff0c\u8ab0\u80fd\u6700\u5feb\u5403\u5b8c\uff1f\u3010\u9ec3\u6c0f\u5144\u5f1f\u3011Ft. @K.R.Bros0203@Jupiterlin@Tgopdone@LockingJack"
        },
        {
            "id": "ceX6a0RamEY",
            "title": "\u6578\u7f8a\u3001\u5916\u5957\u906e\u63a9\uff01\u5348\u4f11\u7684\u5e7e\u7a2e\u540c\u5b78\uff0c\u4f60\u662f\u54ea\u4e00\u7a2e\uff1fThe types of students while taking naps \u3010\u9ec3\u6c0f\u5144\u5f1f\u3011Ft.\u6728\u661f\u4eba \u8607\u5049 \u9ed1\u7cd6\u9bae\u8336 Diva"
        },
        {
            "id": "e5X0e7iTyo4",
            "title": "\u4e0a\u73ed\u5230\u4e00\u534a\u628a\u54e1\u5de5\u6293\u53bb\u9b3c\u5c4b\uff0c\u54e1\u5de5\u72c2\u558a\uff1a\u6211\u8981\u96e2\u8077\uff01\u6574\u4ebaPRANK\u3010\u9ec3\u6c0f\u5144\u5f1f\u3011#\u9b3c\u5c4b #\u6771\u4eac\u6050\u6016\u5b78\u5712"
        },
        {
            "id": "wtxFkoM0btY",
            "title": "\u975c\u9999vs\u9032\u9999\u5718\ud83e\udd14\u5361\u901a\u4eba\u7269PK\u8cfd\uff0c\u8ab0\u80fd\u7559\u5230\u6700\u5f8c\uff1fWhich is cartoon character? \u3010\u9ec3\u6c0f\u5144\u5f1f\u3011Ft.\u5e1d\u68b5\u541b \u6050\u9f8d\u5076\u50cf \u8607\u5049 \u6bd4\u718a RAiN Diva"
        },
        {
            "id": "3ae44_5kyOQ",
            "title": "\u771f\u5047\u98df\u7269\u5927\u6311\u6230\uff01\u4e00\u6574\u684c\u7684\u751c\u9ede\uff0c\u6df7\u5165\u4eff\u771f\u98df\u7269\u8edf\u8edf\uff01\u80fd\u731c\u5f97\u51fa\u4f86\u55ce\uff1f\u3010\u9ec3\u6c0f\u5144\u5f1f\u3011"
        },
        {
            "id": "pDonIdAMEy0",
            "title": "\u3010\u4e00\u9031\u516b\u5929 8 Days A Week\u3011 Official Music Video \uff5c\u3010\u9ec3\u6c0f\u5144\u5f1f\u3011\u744b\u744b \u9ec3\u633a\u744b\u9996\u5f35\u500b\u4eba\u5275\u4f5cEP\u300aPull n' Push\u300b"
        },
        {
            "id": "3YROLmOxSC0",
            "title": "\u744b\u744b\u507d\u88dd\u6210\u52a9\u7406\uff0c\u7d50\u679c\u88ab\u7f75\u7206\uff01\u73fe\u5834\u6c23\u6c1b\u8d85\u5c37\u5c2c\uff0c\u6454\u7834\u4e0a\u842c\u5143\u6a02\u5668...\u8a72\u600e\u9ebc\u8fa6\uff1f\u3010\u9ec3\u6c0f\u5144\u5f1f\u3011Ft.  @Keyinglee  \u200b"
        },
        {
            "id": "okGnGh0iJ8U",
            "title": "\u7b54\u932f\u5c31\u4e82\u68d2\u7206\u6253\uff01\u53ea\u8981\u6578\u52303\u30016\u30019\u5c31\u8981\u62cd\u624b\uff0c\u731c\u731c\u8ab0\u7684\u6578\u5b78\u6700\u4e0d\u597d\u2026\uff1f\ud83e\udd23369 clap game! \u3010\u9ec3\u6c0f\u5144\u5f1f\u3011Ft. \u6728\u661f\u4eba \u8607\u5049 \u529b\u4e2d \u5f65\u9e9f \u9ec3\u5e1d RAiN \u6bd4\u718a #shorts"
        },
        {
            "id": "T9HYYLH6jvg",
            "title": "\u628a\u6295\u7c43\u6a5f\u642c\u5230\u5de5\u4f5c\u5ba4\uff1f\u6295\u591a\u5c11\u7403\u62ff\u591a\u5c11\u9322\uff011000\u5143\u7684\u5348\u9910\u7adf\u7136\u9019\u6a23\u5403\uff1f\uff01\u3010\u9ec3\u6c0f\u5144\u5f1f\u3011#\u4e09\u9910\u7cfb\u5217"
        },
        {
            "id": "JkXqjG8fC88",
            "title": "\u7a81\u8972\u4e0b\u5348\u8ab0\u6703\u770b\u76f4\u64ad\u3010\u9ec3\u6c0f\u5144\u5f1f\u3011"
        },
        {
            "id": "vZXspmZ8o9Q",
            "title": "\u9ec3\u6c0f\u5144\u5f1f\u8fd4\u6821\u65e56\u6f14\u5531\u6703\uff0c\u5169\u5343\u4eba\u73fe\u5834\u7206\u6eff\uff01\u6b4c\u821e\u8868\u6f14\u5168\u8a18\u9304\u3010\u9ec3\u6c0f\u5144\u5f1f\u3011Ft. ExpressVPN #\u8fd4\u6821\u65e56 @K.R.Bros0203 @s200210127 \u8607\u5049"
        },
        {
            "id": "c-QEuLdil8Q",
            "title": "\u73ed\u4e0a\u904a\u6232\uff01\u807d\u97f3\u6a02\u50b3\u6771\u897fPK\u8cfdRound2\uff0c\u97f3\u6a02\u505c\u4e0b\u9084\u62ff\u8457\u7684\u5c31\u8f38\u4e86\uff01Pass the thing while playing music\u3010\u9ec3\u6c0f\u5144\u5f1f\u3011Ft. \u6728\u661f\u4eba \u8607\u5049 \u529b\u4e2d \u5f65\u9e9f \u9ec3\u5e1d RAiN \u6bd4\u718a"
        },
        {
            "id": "UXnn5aNp93Q",
            "title": "\u628a\u5f1f\u5f1f\u95dc\u5728100\u500b\u7d19\u7bb1\u7684\u7a7a\u9593\uff0c\u4ed6\u80fd\u9003\u51fa\u53bb\u55ce\uff1f\u627e\u4e0d\u5230\u9470\u5319\u5c31\u8981\u4e00\u76f4\u5f85\u8457...\u3010\u9ec3\u6c0f\u5144\u5f1f\u3011\u6574\u4ebaPRANK #\u6539\u9020\u5de5\u4f5c\u5ba4"
        },
        {
            "id": "hmd7Y9CyhQ8",
            "title": "\u6233\u6233\u6a02\u9078\u4e09\u9910\uff0c\u80af\u5fb7\u57fa\u5168\u54c1\u9805\u6233\u8d77\u4f86\uff01\u8981\u8ddf\u54f2\u54f2\u6492\u5b0c\u624d\u80fd\u7e7c\u7e8c\u6233\uff1f\u8ab0\u6703\u7372\u5f97\u8c6a\u83ef\u9910\u9ede\u5462\uff1f\u3010\u9ec3\u6c0f\u5144\u5f1f\u3011Ft.\u80af\u5fb7\u57fa"
        },
        {
            "id": "8jhHrAL3vvI",
            "title": "\u81c9\u81ed\u7684\u5e7e\u7a2e\u4eba...The harassments of student with smelly face. \u3010\u9ec3\u6c0f\u5144\u5f1f\u3011Ft. \u5e1d\u68b5\u541b \u6050\u9f8d\u5076\u50cf \u8607\u5049 \u6bd4\u718a RAiN Diva"
        },
        {
            "id": "QCuiTS1Z6mQ",
            "title": "\u4e0a\u8ab2\u4e0d\u8981\u5077\u5403\u5718\u9ad4\u8cfd\uff01\u4eba\u6700\u591a\u7684\u4e00\u96c6\uff0c\u8ab0\u80fd\u5403\u5b8c\u4e0d\u88ab\u8001\u5e2b\u767c\u73fe\uff1f\u3010\u9ec3\u6c0f\u5144\u5f1f\u3011@Tgopdone@Jupiterlin@LockingJack@FEniX_official__@heygirl9251"
        },
        {
            "id": "k7tfToOM_hE",
            "title": "YouTuber\u63a5\u6b4c\u5927\u8cfd\uff01KTV\u795e\u66f2vs\u6296\u97f3\u6d41\u884c\u6b4c\uff0c\u8ab0\u80fd\u5531\u5b8c\uff1f\u3010\u9ec3\u6c0f\u5144\u5f1f\u3011Ft. \u4e0a\u73ed\u4e0d\u8981\u770b.\u9b5a\u4e7e.\u53ad\u4e16\u751c\u9ede\u5e97.Dcard.\u4e00\u96bb\u963f\u5713.\u963f\u664b.\u5b89\u5b89\u908a\u7de3\u5b50.\u8521\u54e5.\u5471\u5409"
        },
        {
            "id": "vsMv2sU-qOA",
            "title": "\u807d\u97f3\u6a02\u6436\u6905\u5b50\u904a\u6232\uff0c\u540c\u5b78\u5011\u4e92\u76f8\u9677\u5bb3\uff01\u611f\u60c5\u4e0d\u597d\u4e86\uff31\uff31\ud83d\udd25 Musical chairs!\u3010\u9ec3\u6c0f\u5144\u5f1f\u3011Ft. \u6728\u661f\u4eba \u8607\u5049 \u529b\u4e2d \u5f65\u9e9f \u9ec3\u5e1d RAiN \u6bd4\u718a #shorts"
        },
        {
            "id": "V2gEAvtiEhg",
            "title": "\u5c08\u8f2f\u516d\u9996\u6b4c\u90fd\u4e0a\u67b6\u5566\uff01\u770b\u5f71\u7247\u524d\u4f86\u804a\u804a\u3010\u9ec3\u6c0f\u5144\u5f1f\u3011#\u4e00\u9031\u516b\u5929"
        },
        {
            "id": "dtsi4ubiaCI",
            "title": "\u6311\u6230\u53f0\u7063\u5341\u5927\u6050\u6016\u8a2d\u65bd\uff0c\u7b11\u50b2\u98db\u9df9\u3001\u6436\u6551\u5730\u5fc3\u3001\u5929\u65cb\u5730\u8f49...\uff0c\u6bcf\u4e00\u9805\u90fd\u5687\u7834\u81bd\uff0c\u744b\u744b\u80fd\u6311\u6230\u6210\u529f\u55ce\uff1f\u3010\u9ec3\u6c0f\u5144\u5f1f\u3011"
        },
        {
            "id": "hz5S3b55etk",
            "title": "\u9996\u6b21\u516c\u958b\uff01\u744b\u744b\u7684\u5be6\u9ad4\u5c08\u8f2f\uff0c\u5167\u5bb9\u7269\u6709\u54ea\u4e9b\uff1f\u3010\u9ec3\u6c0f\u5144\u5f1f\u3011"
        },
        {
            "id": "Uj5rUoUzvC0",
            "title": "\u73ed\u4e0a\u904a\u6232\uff01\u807d\u97f3\u6a02\u50b3\u6771\u897fPK\u8cfd\uff0c\u97f3\u6a02\u505c\u4e0b\u9084\u62ff\u8457\u7684\u5c31\u8f38\u4e86\uff01Pass the thing while playing music! \u3010\u9ec3\u6c0f\u5144\u5f1f\u3011Ft. \u6728\u661f\u4eba \u8607\u5049 \u529b\u4e2d \u5f65\u9e9f \u9ec3\u5e1d RAiN \u6bd4\u718a"
        },
        {
            "id": "uo59lRuG0RQ",
            "title": "\u5728\u6574\u500b\u516d\u798f\u6751\u73a9\u9b3c\u6293\u4eba\uff0c\u56db\u500b\u9b3c\u6293\u4e00\u500b\u4eba\uff01\u744b\u744b\u80fd\u6d3b\uff16\uff10\u5206\u9418\u9806\u5229\u9003\u812b\u7375\u4eba\u9b54\u638c\u55ce\uff1f\u3010\u9ec3\u6c0f\u5144\u5f1f\u3011Ft. \u86cb\u4ed4\u6d3e\u5c0d @musingxer @s200210127 \u8607\u5049 #\u9b3c\u6293\u4eba"
        },
        {
            "id": "PV6FkRZvNL8",
            "title": "\u771f\u7684\u731c\u4e0d\u5230...YouTuber\u672c\u540d\u4f60\u77e5\u9053\u55ce\uff1f\u516c\u958b\uff12\uff11\u4f4d\u5275\u4f5c\u8005\u7684\u672c\u540d\uff01\u7372\u52dd\u7684\u662f\uff1f\u3010\u9ec3\u6c0f\u5144\u5f1f\u3011"
        },
        {
            "id": "TJhAW5p7XnQ",
            "title": "\u65e9\u4e0a\u516d\u9ede\u8981\u62cdMV\u5230\u9694\u5929\u51cc\u6668\u56db\u9ede\uff0c\u9084\u4e0d\u7761\u89ba\u7684\u744b\u744b\u5728\u5e79\u561b\uff1f\u3010\u9ec3\u6c0f\u5144\u5f1f\u3011"
        },
        {
            "id": "4tyH9s-HC8g",
            "title": "\u5b78\u6821\u6559\u5b98\u6709\u5e7e\u7a2e\u4ebaThe types of millitary instructor\u3010\u9ec3\u6c0f\u5144\u5f1f\u3011@Tgopdone@Jupiterlin@musingxer@crowd1111@LockingJack"
        },
        {
            "id": "pKRZykIJxdk",
            "title": "\u591c\u5e02\u904a\u6232\u9023\u767c\uff01\u68d2\u7403\u4e5d\u5bae\u683c\u9078\u4e09\u9910\uff0c\u8ab0\u6703\u662f\u52dd\u6295\u738b\u5462\uff1f\u3010\u9ec3\u6c0f\u5144\u5f1f\u3011#\u4e09\u9910\u7cfb\u5217 Ft. \u9ed1\u677eC&C"
        },
        {
            "id": "49DGBAW4f4I",
            "title": "\u3010\u660e\u5929\u898b\u3011\u6b4c\u8a5e\u7248MV Official Music Video \uff5c\u3010\u9ec3\u6c0f\u5144\u5f1f\u3011\u744b\u744b \u9ec3\u633a\u744b\u9996\u5f35\u500b\u4eba\u5275\u4f5cEP\u300aPull n' Push\u300b"
        },
        {
            "id": "gK6bekQI0ds",
            "title": "\u660e\u5929\u5c31\u662f\u8fd4\u6821\u65e5\u4e86\uff01\u597d\u7dca\u5f35\u554a\uff01\u3010\u9ec3\u6c0f\u5144\u5f1f\u3011"
        },
        {
            "id": "DfmXdMN98Hk",
            "title": "\u52d5\u7269PK\u8cfd\uff0c\u6700\u5f8c\u7372\u52dd\u7684\u4eba\u662f...\uff1fWhich is animal?  \u3010\u9ec3\u6c0f\u5144\u5f1f\u3011Ft.\u611b\u8df3\u821e\u7684Diva\u3001Rain\u3001\u6bd4\u718a\u3001\u8607\u5049\u3001\u541b\u57ce\u6b66 Stein\u2019s life\u3001\u6050\u9f8d\u5076\u50cf #shorts"
        },
        {
            "id": "w8RPGbpRHMk",
            "title": "\u7a81\u7136\u60f3\u76f4\u64ad\u3010\u9ec3\u6c0f\u5144\u5f1f\u3011"
        },
        {
            "id": "o8_J39PCogU",
            "title": "2023\u6d41\u884c\u7528\u8a9e\u6311\u6230\uff0c\u9577\u8f29vs\u9752\u5e74\uff0c\u6c92\u6709\u4e00\u984c\u7b54\u7684\u51fa\u4f86\uff1f\u3010\u9ec3\u6c0f\u5144\u5f1f\u3011"
        },
        {
            "id": "soi6nMMhUCM",
            "title": "\u628a\u65b0\u5de5\u4f5c\u5ba4\u6539\u9020\u6210\u9b3c\u5c4b\uff0c\u76f4\u63a5\u628a\u54e1\u5de5\u5687\u5230\u54ed\uff01\u9130\u5c45\u5dee\u9ede\u8981\u53eb\u8b66\u5bdf\uff1f\uff01\u3010\u9ec3\u6c0f\u5144\u5f1f\u3011\u9b3c\u6708\u7279\u8f2f #\u6539\u9020\u5de5\u4f5c\u5ba4"
        },
        {
            "id": "Ytc390BYr4o",
            "title": "\u744b\u744b\u7684\u5be6\u9ad4\u5c08\u8f2f\u5373\u5c07\u958b\u8ce3\u5566\uff01\u4f86\u5834\u958b\u8ce3\u524d\u7684\u8aaa\u660e\u6703\u5427\uff01\u3010\u9ec3\u6c0f\u5144\u5f1f\u3011"
        },
        {
            "id": "8ag55PDI8kM",
            "title": "\u8acb\u540c\u5b78\u559d\u98f2\u6599\u3001\u63d0\u524d\u4e0b\u8ab2\uff01\u5b78\u6821\u4e2d\u7684\u9177\u8001\u5e2b\uff0c\u4f60\u6709\u9047\u904e\u55ce\uff1fThe types of cool teacher in the school!\u3010\u9ec3\u6c0f\u5144\u5f1f\u3011#shorts"
        },
        {
            "id": "mjZiQMxymu4",
            "title": "\u8587\u8587\u8001\u5e2b\u751f\u6c23\u4e86\uff01\u5b78\u751f\u4e0a\u8ab2\u5077\u5403\u96f6\u98df\u88ab\u6293\uff0c\u6821\u5712\u88e1\u591c\u665a\u72c2\u5954\uff01\u8ab0\u80fd\u9003\u51fa\u5b78\u6821\uff1f\u3010\u9ec3\u6c0f\u5144\u5f1f\u3011#\u9b3c\u6293\u4eba"
        },
        {
            "id": "UsfOGyLbghA",
            "title": "\u7576\u4e0b\u8ab2\u9047\u5230\u5b78\u751f\u3001\u4e0a\u8ab2\u6642\u6709\u87d1\u8782\uff0c\u8001\u5e2b\u7684\u53cd\u5dee\u884c\u70ba\u6703\u662f...\uff1f\ud83e\udd23Two-faced of the teacher facing the students!\u3010\u9ec3\u6c0f\u5144\u5f1f\u3011#shorts"
        },
        {
            "id": "-CBzDT0ld60",
            "title": "\uff08\u9ad8\u80fd\u6ce8\u610f\uff09\u7761\u524d\u8ddf\u5bb6\u4eba\u8aaa\u665a\u5b89... When you are ready to go to bed!\u3010\u9ec3\u6c0f\u5144\u5f1f\u3011#shorts"
        },
        {
            "id": "MJ_eyFjlZhE",
            "title": "\u5c0d\u67d0\u9996\u6b4c\u4e2d\u6bd2\u7684\u4eba\uff0c\u662f\u4e0d\u662f\u90fd\u9019\u6a23\uff1f\u744b\u744b\uff1a\u660e\u5929\u898b See you tomorrow\u3010\u9ec3\u6c0f\u5144\u5f1f\u3011#shorts #\u660e\u5929\u898b"
        },
        {
            "id": "00dB2izjav8",
            "title": "\u7c3d\u540d\u76f4\u64ad\u4f86\u804a\u804a\uff01\u3010\u9ec3\u6c0f\u5144\u5f1f\u3011"
        },
        {
            "id": "Wte7CI6UAvU",
            "title": "\u5de5\u4f5c\u5ba4\u8b8a\u591c\u5e02\u593e\u5a03\u5a03\u6a5f\uff0c\u54e1\u5de5\u4e0d\u9650\u91d1\u984d\u81ea\u5df1\u593e\uff0c\u4e00\u9910\u6700\u591a\u53ef\u4ee5\u593e6000\u5143\uff01\u3010\u9ec3\u6c0f\u5144\u5f1f\u3011Ft. tokuyo"
        },
        {
            "id": "vHHwO9kCtU8",
            "title": "\u5929\u5802\u5730\u7344\u904e\u4e00\u5929\u53f0\u5357\u7bc7\uff0c\u904b\u6c23\u5dee\u7684\u4eba\u53ea\u80fd\u7761\u967d\u53f0\uff01\u904b\u6c23\u597d\u53ef\u4ee5\u5403\u624b\u81c2\u5927\u7684\u8766\u5b50\uff01\u592a\u5e78\u798f\u5566\uff01\u3010\u9ec3\u6c0f\u5144\u5f1f\u3011Ft. \u798f\u723e\u6469\u6c99\u904a\u8247\u9152\u5e97\u3001\u78b3\u4f50\u9ebb\u91cc\u7cbe\u54c1\u71d2\u8089\u3001\u7d2b\u8272\u7f8e\u4eba\u8d8a\u5f0f\u6d17\u982d #\u5929\u5802\u5730\u7344\u904e\u4e00\u5929"
        }
    ]
}