{
    "channel": {
        "title": "MASA",
        "id": "UCr90FXGOO8nAE9B6FAUeTNA",
        "customUrl": "@masacooking",
        "uploads": "UUr90FXGOO8nAE9B6FAUeTNA"
    },
    "videos": [
        {
            "id": "7XLrByztvfo",
            "title": "\u6d0b\u98df\u5c4b\u98a8\u9ab0\u5b50\u8c6c\u6392/One Bite Pork Steak| MASA\u306e\u6599\u7406ABC"
        },
        {
            "id": "H31e4ykySt0",
            "title": "\u5496\u55b1\u99ac\u9234\u85af\u8d77\u53f8\u6cd5\u5f0f\u5410\u53f8/Curry Potato Cheese Sandwich| MASA\u306e\u6599\u7406ABC"
        },
        {
            "id": "fgEsUmbxGFw",
            "title": "\u6c38\u8c50\u9918\u51b7\u51cd\u98df\u54c14\u7a2e\u8b8a\u5316/Frozen Food 4 Arrangements| MASA\u306e\u6599\u7406ABC"
        },
        {
            "id": "tTTaoT0coXo",
            "title": "\u8d8a\u5f0f\u6625\u6372\u6599\u74063\u7a2e\u53e3\u5473/3Kinds Fresh Spring Rolls| MASA\u306e\u6599\u7406ABC"
        },
        {
            "id": "NvR4VtI3-H0",
            "title": "\u9999\u9999\u9165\u70b8\u79cb\u8475/Deep fried Crispy Okuras| MASA\u306e\u6599\u7406ABC"
        },
        {
            "id": "hZeHLWo4D04",
            "title": "\u96d9\u5473\u677e\u962a\u8c6c\u4e3c\u98ef/Tontro Donburi| MASA\u306e\u6599\u7406ABC"
        },
        {
            "id": "uC0IGZsIiPE",
            "title": "Presented by \u81b3\u9b54\u5e2b-\u96de\u817f\u68d2\u5473\u564c\u716e/Chicken Drumsticks with Miso Soup|MASA\u306e\u6599\u7406ABC"
        },
        {
            "id": "L9dTzgsIpXw",
            "title": "\u8c6c\u6392\u5496\u54e9\u71d2\u9eb5/Pork Steak Noodles with Curry Sauce| MASA\u306e\u6599\u7406ABC"
        },
        {
            "id": "Mi0J3PRWTR4",
            "title": "\u97d3\u5f0f\u70e4\u725b\u8089\u5b9a\u98df/Korean Style Stir fried Beef| MASA\u306e\u6599\u7406ABC #masa #food#\u725b\u8089"
        },
        {
            "id": "8TkKwKxFs8U",
            "title": "\u97d3\u5f0f\u70e4\u725b\u8089\u5b9a\u98df/Korean Style Stir fried Beef| MASA\u306e\u6599\u7406ABC"
        },
        {
            "id": "G2FdGJEHpuk",
            "title": "\u7f8e\u98df\u7684\u65c5\u884c-\u65b0\u52a0\u5761/Visiting Singapore| MASA\u306e\u6599\u7406ABC #masa #\u7f8e\u98df #\u65b0\u52a0\u5761"
        },
        {
            "id": "4oQ4xXHVSVk",
            "title": "\u7f8e\u98df\u7684\u65c5\u884c-\u65b0\u52a0\u5761/Visiting Singapore| MASA\u306e\u6599\u7406ABC"
        },
        {
            "id": "hiRytaBk1-Q",
            "title": "\u548c\u98a8\u7d05\u71d2\u8c6c\u808b\u6392\u689d/Stewed Spare Ribs with Soy sauce| MASA\u306e\u6599\u7406ABC"
        },
        {
            "id": "hM0A5-yRjIo",
            "title": "\u8766\u4ec1\u767d\u91ac\u849c\u9999\u901a\u5fc3\u7c89/Macaroni with Garlic Prawn| MASA\u306e\u6599\u7406ABC"
        },
        {
            "id": "dwzXdFU393A",
            "title": "\u624b\u6c96\u5496\u5561/Hand Drip Coffee| MASA\u306e\u6599\u7406ABC"
        },
        {
            "id": "bu4k9jg1gfw",
            "title": "\u65b0\u66f8\u6e96\u5099\u4e2d\uff01#masa#\u98df\u8b5c\u66f8"
        },
        {
            "id": "UbmUKyhTki0",
            "title": "\u753a\u4e2d\u83ef\u98a8 \u96de\u7fc5\u51ac\u7c89\u6e6f\u5b9a\u98df/Chicken Harusame Soup Teisyoku| MASA\u306e\u6599\u7406ABC"
        },
        {
            "id": "cqdtS-KkGn4",
            "title": "Presented by \u81b3\u9b54\u5e2b-\u6817\u5b50\u5357\u74dc\u7d5e\u8089\u5496\u54e9/Kabocha&Ground Pork Curry|MASA\u306e\u6599\u7406ABC"
        },
        {
            "id": "kqS60P5PXg4",
            "title": "\u9bad\u9b5a\u99ac\u9234\u85af\u51f1\u6492\u6c99\u62c9/Salmon&Potato Caesar Salad| MASA\u306e\u6599\u7406ABC"
        },
        {
            "id": "aRI1A70krt4",
            "title": "\u86e4\u870a\u5976\u6cb9\u548c\u98a8\u6e6f\u9eb5/Soba with Clams Butter Soy Sauce| MASA\u306e\u6599\u7406ABC"
        },
        {
            "id": "vFySfQyoE9I",
            "title": "\u4f4e\u5361\u65e5\u5f0f\u716e\u9b5a&\u7cd9\u7c73\u5b9a\u98df/Nitsuke Fish & Brown Rice Teisyoku| MASA\u306e\u6599\u7406ABC"
        },
        {
            "id": "FgOIDQuhm1k",
            "title": "Presented by \u81b3\u9b54\u5e2b-\u6930\u6c41\u7d05\u8c46\u767d\u7389/Coconut Shiratama Sweet Soup|MASA\u306e\u6599\u7406ABC"
        },
        {
            "id": "iUk-c5bo8HY",
            "title": "\u65e5\u5f0f\u516b\u5bf6\u83dc\u4e3c\u98ef/Happousai Donburi| MASA\u306e\u6599\u7406ABC"
        },
        {
            "id": "QTudKRa6hpc",
            "title": "Presented by \u9ad8\u6176\u6cc9 \u7167\u71d2\u96de\u89aa\u5b50\u4e3c\u98ef/Teriyaki Oyakodon |MASA\u306e\u6599\u7406ABC"
        },
        {
            "id": "rrXl6bh9fvM",
            "title": "\u71d2\u70e4\u725b\u5c0f\u6392\u7092\u98ef\u5b9a\u98df/Beef rib Fried rice Teisyoku| MASA\u306e\u6599\u7406ABC"
        }
    ]
}