{
    "channel": {
        "title": "WACKYBOYS \u53cd\u9aa8\u7537\u5b69",
        "id": "UCEfetJrzg6OcXWWuX8uhdhw",
        "customUrl": "@wackyboys520",
        "uploads": "UUEfetJrzg6OcXWWuX8uhdhw"
    },
    "videos": [
        {
            "id": "U49zOyY0NUU",
            "title": "\u3010\u57f9\u7537\u914d\u5c0d\u4e2d\u3011 \u6210\u529f\u7387\u6bd4\u9ed1\u7537\u9084\u9ad8\uff01\u9aee\u578b\u5e74\u9f61\u6a23\u6a23\u4e2d\uff01#\u8857\u8a2a #\u53cd\u9aa8 #\u914d\u5c0d #wackyboys #\u9952\u57f9\u751f #\u4fe1\u7fa9"
        },
        {
            "id": "cQTf84t2ZPU",
            "title": "\u857e\u83c8\u9053\u6b49\u524d\u8f29\u7d66\u904e\u55ce\uff1f\u958b\u7bb1\u9e7f\u5e0c\u6d3e\u7684\u725b\u8089\u9eb5\u5e97\uff0c\u4e0d\u8981\u518d\u62cd\u9ebb\u5c41\u4e86\uff0c\u597d\u5403\u5230\u4f60\u54ed\u5929\u558a\u5730\u53eb\u9ebb\u9ebb\ud83d\ude0f feat \u9e7f\u5e0c\u6d3e\u2502WACKYBOYS\u2502\u53cd\u9aa8\u7537\u5b69\u2502"
        },
        {
            "id": "CN7vB5vWacc",
            "title": "\u57f9\u6839\u60f3\u8457\u611b\u8389\u838e\u838e\u58de\u58de\u904e\uff1f\u7537\u53cb\u7761\u5225\u7684\u5973\u751f\u5bb6\u5fc3\u8edf\u8907\u5408\uff01#\u53cd\u9aa8 #\u9952\u57f9\u751f #\u57f9\u6839 #\u5c0f\u674e #\u8857\u8a2a #wackyboys"
        },
        {
            "id": "ZhT-09eBsC4",
            "title": "\u958b\u7bb1\u6587\u5316\u5927\u5b78\u7f8e\u5973!\ud83e\udd75\u4ed9\u6c23\u7206\u68da\ud83e\udd70\u5206\u4eab\u6587\u5316\u9b3c\u6545\u4e8b\ud83d\udc7b\u2502WACKYBOYS\u2502\u53cd\u9aa8\u7537\u5b69\u2502"
        },
        {
            "id": "eXSgzLGkS78",
            "title": "\u77ed\u5f71\u97f3\u7834\u5708\u6f32\u7c89\uff01tiktoker\u5011\u662f\u5982\u4f55\u7d93\u71df\u7684\u5462\uff1ffeat \u767e\u9748\u679c \u6728\u661f\u4eba \u773e\u91cf\u7d1a\u2502WACKYBOYS\u2502\u53cd\u9aa8\u7537\u5b69\u2502"
        },
        {
            "id": "C_F74g8TGYg",
            "title": "\u57f9\u6839\u51b7\u7b11\u8a71\u8d85\u6c92\u6599\uff01\u4fe1\u7fa9\u9a5a\u898b\u5a03\u5a03\u540c\u985e\uff1f#\u53cd\u9aa8 #\u9952\u57f9\u751f #\u57f9\u6839 #\u5a03\u5a03 #\u897f\u9580npc #\u8857\u8a2a #wackyboys"
        },
        {
            "id": "U0cQfdYLYRQ",
            "title": "\u9047\u5230\u9ebb\u7169\u8a72\u600e\u9ebc\u8fa6\uff1f\u85e5\u738b\u56de\u4f86\u5230\uff01#\u53cd\u9aa8 #\u8857\u8a2a #\u9952\u57f9\u751f #\u7981\u85e5\u738b #\u9ebb\u7169"
        },
        {
            "id": "8nclMPWus2U",
            "title": "\u53bb\u534a\u5957\u5e97\u7b97\u51fa\u8ecc\u55ce?\ud83d\ude21\u539f\u4f86\u9152\u5e97\u9084\u66f4\u5371\u96aa?\ud83d\ude2c\u96e3\u5f97\u8ddf\u59b9\u5b50\u9592\u804a\u57f9\u6839\u63d2\u4e0d\u4e0a\u534a\u53e5\u8a71\u2502WACKYBOYS\u2502\u53cd\u9aa8\u7537\u5b69\u2502"
        },
        {
            "id": "vE9CpuhnrzQ",
            "title": "\u6709\u9ede\u5147\u731b\uff1f #\u79d1\u76ee\u4e09 #wackyboys"
        },
        {
            "id": "kDaR1LuHF7E",
            "title": "\u3010\u96d9\u7cd6\u5c0d\u6c7a\u3011\u518d\u6b21\u5de7\u9047\u5a03\u5a03\uff01\u4e0b\u4e00\u500b\u57f9\u6839\u51fa\u73fe\u4e86\uff01#\u53cd\u9aa8 #\u8857\u8a2a #wackyboys #\u9952\u57f9\u751f"
        },
        {
            "id": "Vbs2A2byJxg",
            "title": "\u6700\u65b0\u8d85\u7d1a\u82f1\u96c4,\u6c41\u51fa\u4eba,\u8d85\u8d8aPs5\u8718\u86db\u4eba\u4e8c \u5c0d\u4e0d\u8d77\u6211\u771f\u7684\u4e0a\u766e\u4e86...\u2502WACKYBOYS\u2502\u53cd\u9aa8\u7537\u5b69\u2502"
        },
        {
            "id": "CSo6rAUFLIw",
            "title": "\u5de7\u9047\u8607\u5abd\u5abd\uff1f\u8336\u7897\u84b8\u7248\u694a\u4e1e\u7433\uff01\u59b9\u59b9\u559c\u6b61\u5305\u624b\u7684\u7537\u751f\uff01#\u5b6b\u751f #\u8857\u8a2a #\u5b6b\u751f #wackyboys"
        },
        {
            "id": "lYms0JkXOfM",
            "title": "\u7acb\u5fd7\u6210\u70ba\u5783\u573e\uff01\uff1f\u57f9\u6839\u906d\u5973\u8b66\u92ac\u4e0a\u5e36\u8d70\uff01 #\u53cd\u9aa8 #\u8857\u8a2a"
        },
        {
            "id": "mG2wsH5YzwM",
            "title": "\u5feb\u4e0a\u8eca\uff01\u9177\u70ab\u76f4\u64ad\u5e36\u8ca8\u53ea\u5e36\u597d\u8ca8!"
        },
        {
            "id": "oXJn3qOPQmo",
            "title": "\u5f37\u9084\u8981\u66f4\u5f37!\u9019\u5c31\u662f\u6211\u7684\u79d8\u5bc6\u6b66\u5668!!!"
        },
        {
            "id": "A7gW0ZDs-sc",
            "title": "\u518d\u6b21\u5de7\u9047\u958b\u653e\u5f0f\u8d85\u55e8\u5973\uff01\u539f\u5730\u958b\u8df3\u8594\u8594\uff01\uff1f#\u8857\u8a2a #\u57f9\u6839 #wackyboys #\u53cd\u9aa8"
        },
        {
            "id": "onc4Mj-J1gQ",
            "title": "\u55e8\u5496\u54c1\u59a4\u4f86\u5566!! \u6709\u5973\u53cb\u53ef\u4ee5\u9001\u5225\u4eba\u54e5\u5409\u62c9\u55ce?  #\u7537\u62f3\u8fa6\u516c\u5ba4\u2502WACKYBOYS\u2502\u53cd\u9aa8\u7537\u5b69\u2502@high0704"
        },
        {
            "id": "DDf2H6om1pQ",
            "title": "\u5929\u6bcd\u4e8b\u8b8a\u964d\u81e8\uff01\u662fOZI\u9084\u662f\u5c0f\u8cf4\uff01\uff1f#\u53cd\u9aa8 #\u8857\u8a2a #\u53cd\u9aa8 #wackyboys"
        },
        {
            "id": "inyy1ygDXwg",
            "title": "\u81ea\u66dd\u6c92\u6709\u5f88\u5c08\u60c5\u7684\u5973\u751f\uff01\u958b\u653e\u5f0f\u95dc\u4fc2\uff01\uff1f#\u8857\u8a2a #\u53cd\u9aa8 #wackyboys #\u5b6b\u751f"
        },
        {
            "id": "hvIWses91U4",
            "title": "\u5de7\u9047\u5468\u6770\u502b\u7684\u89aa\u621a\uff1f\u5c0f\u5730\u7cbe\u8b93\u57f9\u6839\u62db\u67b6\u4e0d\u4f4f\uff01#\u53cd\u9aa8 #\u8857\u8a2a #wackyboys"
        },
        {
            "id": "VHarLU9msCA",
            "title": "\u8ce3\u516c\u53f8\u6574\u838a\u7238!\u7adf\u906d\u88ab\u6ce2\u591a\u91ce\u6f5b\u898f\u5247!! feat \u6ce2\u591a\u91ce\u7d50\u8863,\u5927\u69fb\u97ff\u2502WACKYBOYS\u2502\u53cd\u9aa8\u7537\u5b69\u2502\u6574\u4eba\u4f01\u5283 @bored_raccoon_kevin @SOON.6669"
        },
        {
            "id": "_xLFdyUfp1I",
            "title": "\u5973\u9ad8\u4e2d\u751f\u4e0d\u611b\u7259\u7c64\uff01\u9a5a\u898b\u6ef4\u59b9\u5728\u51b0\u6dc7\u6dcb\u5e97\u8df3\u821e\uff01#\u5433\u4ea6\u51e1 #\u897f\u9580 #\u8857\u8a2a #\u53cd\u9aa8"
        },
        {
            "id": "2Zt4XU8CK74",
            "title": "\u53cd\u9aa8\u62cd\u8ce3\u884c\u4e0a\u7dda\u56c9\uff01\u559c\u6b61\u54ea\u4e00\u6a23\u5546\u54c1 \u5e95\u4e0b\u7559\u8a00 \u540d\u7a31+1\u6703\u6709\u5c0f\u5e6b\u624b\u8ddf\u4f60\u806f\u7d61\u5537\uff01"
        },
        {
            "id": "Ynuio9tcLgo",
            "title": "\u6703\u6a02\u5668\u7684\u5973\u5b69\uff01\u5b6b\u751f\u672c\u8eab\u662f\u9577\u7b1b\uff01#\u8857\u8a2a #\u53cd\u9aa8 #wackyboys"
        },
        {
            "id": "x4EhQ7z0PwA",
            "title": "\u518d\u5ea6\u5de7\u9047\u8d85\u53ef\u611b\u5144\u59b9\u9ee8\uff01\u96a8\u6a5f\u914d\u5c0d\u80fd\u6210\u529f\u55ce\uff1f\uff01#\u53cd\u9aa8 #\u8857\u8a2a  #\u897f\u9580\u753a"
        },
        {
            "id": "jMX-0qIKbMs",
            "title": "\u6253\u6383\u7db2\u7d05\u5bb6\ud83e\uddf9\u9ad4\u9a57\u6c11\u9593\u75be\u82e6\ud83d\ude28 \u857e\u83c8\u4e00\u65e9\u88ab\u5435\u9192,\u9177\u70ab\u5927\u558a\u5403\u4e0d\u6d88\ud83d\ude2e\u200d\ud83d\udca8\u6b63\u9aa8\u4fdd\u6f54\u5927\u968aEP1 @bored_raccoon_kevin @imlyla1112 @SOON.6669 @aries8248"
        },
        {
            "id": "d9TgHVaYqCM",
            "title": "\u98f2\u6599\u90fd\u559d\u5168\u7cd6\uff01\u6881\u975c\u8339\u7d66\u7684\u81ea\u4fe1\uff01#\u53cd\u9aa8 #\u8857\u8a2a #\u57f9\u6839 #\u897f\u9580npc"
        },
        {
            "id": "oKyXe3exxSk",
            "title": "\u4e16\u65b0\u5927\u5b78\u7f8e\u5973\u4e5f\u592a\u591a\u4e86\u5427!\ud83d\ude0d\u54ea\u500b\u79d1\u7cfb\u6700\u9999\u2764\ufe0f\u8d85\u6d3e\u8fa3\u59b9\u7a3d\u67e5\u5c0f\u7de8\u76f4\u63a5\u6688\u4e86\ud83e\udd75\u2502WACKYBOYS\u2502\u53cd\u9aa8\u7537\u5b69\u2502@aries8248"
        },
        {
            "id": "zPsmi_bkwxM",
            "title": "\u53cd\u9aa8\u56db\u6b63\uff01\u6700\u9802\u7684\u5973\u5b69\u5b50\u5c31\u5728\u9019\uff01\u559c\u6b61\u54ea\u4e00\u4f4d\uff1f#\u6cb9\u81a9 #\u53cd\u9aa8 #wackyboys"
        },
        {
            "id": "7NHJ48Kd7Ow",
            "title": "\u3127\u756a\u8cde\u8a50\u9a19\uff01\u7a81\u64ca\u897f\u9580\u5e97\u5bb6!\ud83d\udd25\u842c\u5e74\u7a3d\u67e5\u73fe\u5834\u6c23\u6c1b\u8d85\u5c37\u5c2c\ud83d\ude05\u7be0\u5d0e\u6ceb\u4f86\u5566!\ud83d\ude0d\u7559\u8a00\u62bd\u734e\u9001\u516c\u4ed4\ud83c\udf81\u3010\u6b63\u9aa8\u7537\u5b69 SeriousBoy\u3011@bored_raccoon_kevin  @SOON.6669"
        },
        {
            "id": "zxnuL6MwsvQ",
            "title": "\u6211\u7684\u9aee\uff5e\u53cd\u9aa8\u56db\u5e25\uff01\u4f60\u9858\u610f\u5321\u54ea\u4e00\u4f4d\u5462\uff1f#\u53cd\u9aa8 #\u6cb9\u81a9 #wackyboys"
        },
        {
            "id": "9JcL9l6LqnY",
            "title": "\u80e1\u8aaa\u516b\u9053\u7684\u6700\u9ad8\u5883\u754c\uff01\u57f9\u6839\u652f\u6490\u4e0d\u4f4f\uff01#\u8857\u8a2a #\u53cd\u9aa8 #\u57f9\u6839 #wackyboys"
        },
        {
            "id": "HJMPhWZ4jv4",
            "title": "\u4f60\u624d\u8336\u7897\u84b8\uff01\u6211\u5011\u4e0b\u53bb\u8b1b\uff01 #\u8336\u7897\u84b8 #\u53cd\u9aa8"
        },
        {
            "id": "Vl_3hgkxRPs",
            "title": "\u73fe\u5728\u4e0d\u80fd\u8d70\u5fc3 EP6 \u2b50- \u8594\u8594\u6012\u55c6\u81ea\u5c0e\u81ea\u6f14\ud83e\udd2c \u5b6b\u751f\u9047\u5230\u5c0d\u624b\u4e86\ud83d\udca5 \u2502WACKYBOYS\u2502\u53cd\u9aa8\u7537\u5b69\u2502"
        },
        {
            "id": "AL0A_ngbxFQ",
            "title": "\u3010\u5492\u8853\u8ff4\u6230\u3011  Akari - \u5b6b\u751fSoon  #\u590f\u6cb9\u5091 #\u5b6b\u751f #\u821e\u8e48"
        },
        {
            "id": "erVTwOjk4EA",
            "title": "\u5c45\u7136\u6709\u9aee\u7dda\u6bd4\u9177\u70ab\u9ad8\u7684\u7537\u4eba\uff01\u642d\u8a15\u6210\u529f\u897f\u9580\u6b63\u59b9\uff1f#\u53cd\u9aa8 #\u9177\u70ab #\u57f9\u6839 #\u8857\u8a2a"
        },
        {
            "id": "3e8o8fjGbHQ",
            "title": "\u5144\u5f1f\u51fa\u6ac3\u544a\u767d\uff01\u76f4\u8a00\uff1a\u4e0d\u884c\u63a5\u53d7\uff01\u896a\u5b50\u9858\u610f\u591a\u5c11\u8ce3\uff1f#\u53cd\u9aa8 #wackyboys"
        },
        {
            "id": "SxA_SBdx32E",
            "title": "\u4e00\u9031\u4f4f\u5973\u751f\u5bb6EP.6\u7adf\u7136\u9047\u5230\u9b3c\ud83d\ude31\u5b6b\u751f\u6574\u665a\u518d\u4f86!\u518d\u4f86!\ud83e\udd2c\ud83e\udd2c\u2502WACKYBOYS\u2502\u53cd\u9aa8\u7537\u5b69\u2502"
        },
        {
            "id": "7dK8idzfDB8",
            "title": "\u8d85\u55c6\u7c89\u7d72\u95dc\u5fc3\u5b6b\u751f\uff01\u57f9\u6839\u7a7f\u53e4\u8457 \u6158\u906d\u820a\u611b\u5acc\u68c4\uff01 #\u53cd\u9aa8 #\u8857\u8a2a #wackyboys"
        },
        {
            "id": "KdGq2Mk6K70",
            "title": "\u8eb2\u8c93\u8c93\u5927\u6311\u6230\ud83e\udd2a\u734e\u91d1\u4e00\u842c\u584a!\ud83d\udcb0\u57f9\u6839\u70ba\u4e86\u9322\u8eb2\u5230\u5feb\u5f80\u751f\ud83d\udc7b\u2502WACKYBOYS\u2502\u53cd\u9aa8\u7537\u5b69\u2502"
        },
        {
            "id": "n8QUYO2as4w",
            "title": "\u9001\u5b6b\u751fiPhone 15 Pro\ud83d\udcf1\u51fa\u570b\u653e\u9ce5\u6574\u4eba\u4f01\u5283\uff0c\u611f\u52d5\u5230\u7576\u5834\u843d\u6dda\ud83d\ude2d\u2502WACKYBOYS\u2502\u53cd\u9aa8\u7537\u5b69\u2502@SOON.6669 @bored_raccoon_kevin @aries8248"
        },
        {
            "id": "07P8nISpyiM",
            "title": "\u8d85\u53ef\u611b\u5144\u59b9\u9ee8\uff01\u662f\u59b9\u63a7\u9084\u662f\u5144\u63a7\uff01\uff1f\u5de7\u9047\u8d85\u7d72\u6ed18+9\u8df3\u793e\u6703\u6416 #\u53cd\u9aa8 #\u8857\u8a2a  #wackyboys #\u57f9\u6839"
        },
        {
            "id": "a7osHBdlRcQ",
            "title": "\u5b9c\u862d\u5169\u5929\u4e00\u591c\u73a9\u6c34\ud83c\udf0a\u9177\u70ab\u885d\u6d6a\u5dee\u9ede\u6eba\u6c34\ud83d\ude31\u2502WACKYBOYS\u2502\u53cd\u9aa8\u7537\u5b69\u2502 @bored_raccoon_kevin  @raopeisheng @Shaoan"
        },
        {
            "id": "8j_ES1CwdZE",
            "title": "\u5de7\u9047\u963f\u5f4c\u9640\u4f5b\u59d0\uff01\u5c45\u7136\u9ede\u6b4c\u6210\u529f\uff01 #\u53cd\u9aa8 #\u963f\u5f4c\u9640\u4f5b\u59d0 #wackyboys"
        },
        {
            "id": "5Trk9Wk9enE",
            "title": "\u53ea\u8981\u7a7f\u4e0a\u6d88\u4fdd\u5bae\uff01\u5230\u8655\u90fd\u6709A\u8cde\uff01 #wackyboys #\u53cd\u9aa8 #\u6d88\u4fdd\u5bae"
        },
        {
            "id": "7IW_EZ64wTU",
            "title": "\u6240\u6709\u7537\u4eba\u7684\u5973\u795e\u4f86\u4e86\uff01\u5922\u60f3\u5728\u9019\u88e1\uff01 #\u6ce2\u591a\u91ce\u7d50\u8863 #\u5927\u69fb\u97ff"
        },
        {
            "id": "h33XeaZcXdc",
            "title": "\u4e00\u9031\u4f4f\u540c\u4e8b\u5bb6\uff0c\u9ad4\u9a57\u6c11\u9593\u75be\u82e6\uff0c\u9177\u70ab\u6bcf\u5929\u9a5a\u547c\u9023\u9023\ud83d\ude39\u2502WACKYBOYS\u2502\u53cd\u9aa8\u7537\u5b69\u2502"
        },
        {
            "id": "jIFLxPufB4o",
            "title": "\u6703\u6bba\u86c7\u7684\u9673\u96f7\u5973\u5b69\uff01\u96b1\u85cf\u6280\u80fd\u8d85\u9a5a\u8277\uff01"
        },
        {
            "id": "wlsQzRRVhQs",
            "title": "\u5730\u4e0b\u8857\u4e00\u756a\u8cde\u7a3d\u67e5\ud83d\udd0e\u6d88\u4fdd\u5bae\u4f86\u4e86\ud83d\udca5\u7559\u8a00\u62bd\u734e\u9001\u516c\u4ed4\ud83c\udf81\u3010\u6b63\u9aa8\u7537\u5b69 SeriousBoy\u3011@SOON.6669   @bored_raccoon_kevin"
        },
        {
            "id": "z09UvkKEFQM",
            "title": "\u627e\u8def\u4eba\u6311\u6230\u5531\u6b4c\u8d0f\u4e86\u62ff\u4e00\u5343\ud83e\udd11\u8857\u982d\u5927\u5531\u714e\u71ac,\u8ce3\u529b\u5230\u7834\u97f3\u2502WACKYBOYS\u2502\u53cd\u9aa8\u7537\u5b69\u2502FT.\u6b61\u6b4c @SOON.6669 @bored_raccoon_kevin @linda-egg"
        },
        {
            "id": "vDxomicsq8s",
            "title": "\u6fb3\u9580\u4e0a\u7a7a\u9a5a\u9b42,\u9047\u5230\u6674\u7a7a\u4e82\u6d41\u62fc\u547d\u79b1\u544a\ud83d\ude31\u8d85\u597d\u5403\u7f8e\u98df\u63a2\u5e97,\u5b6b\u5c0f\u968a\u51fa\u767c\ud83d\udcaf\u2502WACKYBOYS\u2502\u53cd\u9aa8\u7537\u5b69\u2502"
        },
        {
            "id": "LR7v_cwV-p0",
            "title": "\u300a\u9ea5\u7576\u52de\u53f2\u4e0a\u6700\u8cb4\u6f22\u5821\u300b\u7a76\u7adf\u6c11\u773e\u8cb7\u4e0d\u8cb7\u55ae\uff1f\u9084\u662f\u6703\u8cb7\u96d9\uff01? #wackyboys #\u62f3\u4e0b #\u4e00\u756a\u8cde"
        },
        {
            "id": "zNXtAVPeeJA",
            "title": "\u300a\u5de8\u5b30\u7334\u5b50\u7684\u4e00\u751f\u300b\u5927\u540c\u5340\u516c\u4ed4\u91cc\u91cc\u9577 \u5403\u4e86\u300c\u6eb6\u6eb6\u300d\u679c\u5be6\u7684\u7537\u4eba"
        },
        {
            "id": "-YULf5upmhI",
            "title": "\u52a0\u85e4\u9df9\u91d1\u624b\u6307\u5c0d\u6c7a\ud83d\udd25\u767e\u4eba\u65acVS\u842c\u4eba\u65ac\uff01\u5b6b\u751f\u69ae\u7372\u53f0\u7063\u6700\u5f37\u8a8d\u8b49\uff1f\ud83d\ude2e\u2502WACKYBOYS\u2502\u53cd\u9aa8\u7537\u5b69\u2502 @SOON.6669 @raopeisheng"
        },
        {
            "id": "z2YMyBD_CIg",
            "title": "\u7a81\u8972\u4e00\u756a\u8cde\u5e97\u5bb6\ud83d\udd0e!\u842c\u5e74\u5927\u6a13\u9084\u6709A\u8cde\u55ce?!\ud83d\udd25\ud83d\udc94 \u3010\u6b63\u9aa8\u7537\u5b69 SeriousBoy\u3011"
        },
        {
            "id": "lZERmw8pz_U",
            "title": "\u6700\u65b0\u5403\u74dc\u82f1\u96c4!!\u616b\u607f\u5e6b!!\u5c3c\u514b\u661f\u6284\u8972,\u674e\u80b2\u6607\u76f4\u64ad\u7d04\u6230,\u70b8\u8857,\u516c\u5712\u706b\u8eca\u4fbf\u7576,\u89aa\u7d71\u795e,\u90fd\u662f\u4ed6\u5011\u7684\u5091\u4f5c!!\u2502WACKYBOYS\u2502\u53cd\u9aa8\u7537\u5b69\u2502"
        },
        {
            "id": "5ilhhw4RSpo",
            "title": "\u5b6b\u751f\u62f3\u4e0a\u8a13\u7df4\u5168\u7d00\u9304!  \u6c11\u65cf\u82f1\u96c4\u69ae\u8000\u4e4b\u65c5\u5927\u89e3\u5bc6\u2502\u6700\u4f73\u751f\u547d\u8ca2\u737b\u2502WACKYBOYS\u2502\u53cd\u9aa8\u7537\u5b69\u2502"
        },
        {
            "id": "4xvog9ysi9Q",
            "title": "\u3010\u516c\u4ed4\u8d85\u4eba - \u5b6b\u751f\u3011\u804a\u804a\u4e00\u756a\u8cde\u4e8b\u4ef6  | \u4e00\u756a\u8cde\u514d\u8cbb\u62bd |  \u6b63\u9aa8\u7537\u5b69 Serious Boys |"
        },
        {
            "id": "Qgyf-vtKBcU",
            "title": "\u300a\u516c\u4ed4\u8d85\u4eba \u6211\u7684\u8d85\u4eba\u300b\u6240\u6709\u611b\u516c\u4ed4\u5b69\u5b50\u7684\u5922\u60f3 \u90fd\u88ab\u4f60\u5011\u8e10\u8e0f\u5728\u5730\u677f\u4e0a"
        },
        {
            "id": "kKmxNxwLra0",
            "title": "\u3127\u756a\u8cde\u8a50\u9a19\uff01\u62bd\u4e8610\u5e7e\u842c\u5168\u90e8\u662f\u7a7a\u6c23\uff1f\u5492\u8853\u8ff4\u6230\u6df7\u5957\u85cf\u7c64\uff1f\u3010\u6b63\u9aa8\u7537\u5b69 SeriousBoy\u3011"
        },
        {
            "id": "V_9-SfoUZZs",
            "title": "\u300a\u5b6b\u751f\u62f3\u4e0a\u7d00\u9304\u7247\u300b\u25c6 8/26\u9996\u6620\u9080\u8acb\u5404\u4f4d\u4e00\u540c\u5230\u5834\u89c0\u8cde"
        },
        {
            "id": "o8HayTF_nNk",
            "title": "\u8d85\u6fc0\u6795\u4e0a\u5c0d\u6c7a\ud83d\udca5 \u9177\u70ab\u88ab\u5b6b\u751f\u7206\u6253\ud83e\udd4a\u9f4b\u9f4b\u3127\u53c3\u6230\u76f4\u63a5\u6b6a\u6a13\ud83d\udd25  \u2502WACKYBOYS\u2502\u53cd\u9aa8\u7537\u5b69\u2502@SOON.6669 @bored_raccoon_kevin @Shaoan"
        },
        {
            "id": "npMxK1MfzGA",
            "title": "\u7b2c\u4e00\u5c46\u7246\u4e0a\u300a\u4e2d\u51fa\u4e4b\u6230\u300b\u7a76\u7adf\u65b0\u4eba\u80fd\u5426\u64ca\u6557\u6276\u7246\u5927\u5e2b \u2014 \u5c3c\u514b\u6284\u4eba @SOON.6669 @nickstar8"
        },
        {
            "id": "DePyfKc5q34",
            "title": "\u7a81\u8972\u6210\u4eba\u5c55!!\u9023\u5b6b\u751f\u90fd\u625b\u4e0d\u4f4f\u5566!!\u2502WACKYBOYS\u2502\u53cd\u9aa8\u7537\u5b69\u2502"
        },
        {
            "id": "TOAALlBtvsI",
            "title": "\u77c7\u773c\u6253\u7c43\u7403\u6311\u6230\ud83c\udfc0\ud83d\udd25\u5b6b\u751f\u4e00\u76f4\u88ab\u7403\u6253\u5230\u5dee\u9ede\u9663\u4ea1\u2620\ufe0f\u2502WACKYBOYS\u2502\u53cd\u9aa8\u7537\u5b69\u2502  @SOON.6669  @kschannel0315   @raopeisheng"
        },
        {
            "id": "Is-P7wUgDIU",
            "title": "\u75db\u4e0d\u80b2\u6607\u4f60\u53ef\u4ee5\u4e0d\u8981\u52d5\u4f86\u52d5\u53bb\u55ce\uff1f\u6211\u5011\u53ea\u662f\u60f3\u5e6b\u4f60\u22ef\u6bad\u5c4d\u6d41vs\u9583\u907f\u6d41 \u2502WACKYBOYS\u2502\u53cd\u9aa8\u7537\u5b69\u2502"
        },
        {
            "id": "kbWKau2tobI",
            "title": "\u51f1\u7279\u7576\u5b6b\u751f\u4e00\u65e5\u52a9\u7406\u270c\ufe0f\u6d41\u91cf\u5bc6\u78bc\u56de\u6b78\ud83d\ude3b\u5feb\u5e6b\u6211\u62ff\u6c34\u554a!!\u63a5\u5230\u96fb\u8a71\u5abd\u5abd\u9032\u91ab\u9662...  @kschannel0315 @SOON.6669     \u2502WACKYBOYS\u2502\u53cd\u9aa8\u7537\u5b69\u2502"
        },
        {
            "id": "hQ_zE375bew",
            "title": "\u4e0d\u6b63\u7d93\u7684\u64a9\u59b9\u8b1b\u5e2b\u8207\u6d63\u718a\u5925\u4f34"
        },
        {
            "id": "IhjtJxqnsLc",
            "title": "\u5c11\u5b89\u7562\u696d\u6b63\u5f0f\u56de\u6b78\ud83d\ude0d\u80b2\u9054\u59b9\u5b50\u90fd\u8d85\u6b63!!\u6210\u5e74\u9ad8\u7a7a\u5fc3\u9b54\u6311\u6230\ud83e\udd2c\u2502WACKYBOYS\u2502\u53cd\u9aa8\u7537\u5b69\u2502"
        },
        {
            "id": "yo8SAT1Ih7Q",
            "title": "\u6bcf\u500b\u4eba\u7684\u5fc3\u4e2d\u90fd\u6709\u4e00\u500b\u82ad\u6bd4\uff01\u53ea\u662f\u6709\u4e9b\u4eba\u662f\u91d1\u525b\u82ad\u6bd4\uff01"
        },
        {
            "id": "XRw4ZSzb-24",
            "title": "\u745e\u7d72\u91cd\u898b\u5149\u660e!!\u89d2\u819c\u592a\u8584\u4e00\u8f29\u5b50\u6234\u773c\u93e1!\u2502WACKYBOYS\u2502\u53cd\u9aa8\u7537\u5b69\u2502"
        },
        {
            "id": "t2G6w17f-3c",
            "title": "\u6c34\u4e0a\u92fc\u9435\u4eba\u958b\u7bb1\ud83c\udfc2\ud83d\udca6!!\u8d85\u5922\u5e7b\u8077\u696d\ud83e\udd29!\u5b6b\u751f\u62f3\u8cfd\u524d\u767c\u9ad8\u71d2\ud83e\udd75\u2502WACKYBOYS\u2502\u53cd\u9aa8\u7537\u5b69\u2502"
        },
        {
            "id": "evd0MIYcLU8",
            "title": "\u5176\u5be6\u62f7\u8c9d\u5fcd\u8005\u771f\u7684\u4e0d\u7528\u90a3\u9ebcG\u6b6a __ \u4f86\u81ea \u75db\u4e0d\u80b2\u6607"
        },
        {
            "id": "NHmtf56JSsQ",
            "title": "\u62f3\u4e0b\u8cfd\u5f8c\u5c08\u8a2a!\u8f38\u4e86\u88ab\u704c\u4e00\u62f3\ud83d\udc4a\u81c9\u76ae\u6700\u539a\u53cd\u6d3e\ud83d\udc7f\u5c3c\u514b\u661f\u88ab\u674e\u80b2\u66070:3KO\u2502WACKYBOYS\u2502\u53cd\u9aa8\u7537\u5b69\u2502"
        },
        {
            "id": "xgthUzL09Sk",
            "title": "\u6bd4\u514b\u661f\u6b63\u5f0f\u7d04\u6230\u5c3c\u514b\u661f\uff01\uff01\u597d\u597d\u56de\u7b54\u662f\u6216\u4e0d\u662f\u5f88\u96e3\u55ce\uff1f\uff01"
        },
        {
            "id": "OCsVf2D_p3Y",
            "title": "\u8a72\u5805\u6301\u7684\u9084\u662f\u8981\u5805\u6301\u3002\u4fdd\u8b77\u5973\u751f\u561b\uff01#\u9047\u5230\u96d9\u80de\u80ce\u570b\u624b\u591a\u5c11\u9084\u662f\u8981\u6234\u561b"
        },
        {
            "id": "CuX1aVuab1c",
            "title": "\u8840\u50b5\u5fc5\u9808\u8840\u511f\ud83d\udca5\u6cf0\u570b\u6e05\u9081\u9577\u9838\u65cf\u7f8e\u5973\u958b\u7bb1\ud83e\udd29\u67d4\u67d4\u6eab\u8482\u597d\u4e45\u4e0d\u898b\ud83d\udca5\u2502WACKYBOYS\u2502\u53cd\u9aa8\u7537\u5b69\u2502"
        },
        {
            "id": "Jj1-Kqo44Nw",
            "title": "\u6bd4\u514b\u661f\u56de\u61c9\u591a\u4eba\u7d04\u6230"
        },
        {
            "id": "zsoMTwz6cME",
            "title": "\u5c3c\u514b\u661f\u56de\u61c9\u53c9\u96de\u591a\u4eba\u7d04\u6230\uff5c\u6bd4\u514b\u661f\u7d04\u6230\u857e\u83c8\u3001\u8521\u6843\u8cb4\u3001\u6f8e\u6e56\u6d77\u9bae\u5e97\u8001\u95c6\u3001\u856d\u714c\u5947\u3001\u838a\u83ef\u5c71\u3001\u827e\u745e\u7d72\u3001\u738b\u601d\u4f73\u3001\u5289\u8292\u3001\u7246\u58c1\u3001\u9928\u9577\uff5c\u9177\u70ab\u76ae\u5361\u5225\u4e0b\u6a13\u54fa\u4e73\u5ba4\u5f88\u5371\u96aa"
        },
        {
            "id": "piHQjelzKhE",
            "title": "\u6eab\u67d4\u6cf0\u570b\u51fa\u904a\ud83e\udd29\u6e05\u9081\u56db\u5929\u4e09\u591c\ud83e\udd73\u8d85\u597d\u73a9\u904e\u5c71\u8eca~ \u8fd1\u8ddd\u96e2\u6478\u8001\u864e\u5927\u8c61\u2502WACKYBOYS\u2502\u53cd\u9aa8\u7537\u5b69\u2502 @yuchinjou9654"
        },
        {
            "id": "iK67j0Zi6Nw",
            "title": "\u665a\u5b89\u746a\u5361\u5df4\u5361\uff01\u76f8\u7576\u7684\u611f\u52d5\uff01\u7d05\u8272\u89d2\u843d\u7684\u300c\u4f59\u5b6b\u751f\u300d\u6f22\u672c\u5e1d\u738b \u746a\u5c1a\u786c\uff0c\u50f5\u5c4d\u822c\u7684\u9ad4\u529b\uff0c\u8b93\u6211\u96a8\u6642\u90fd\u53ef\u4ee5\u786c\uff0110\u500d\u6fc3\u7e2e\u6b63\u5b97\u79d8\u9b6f\u4e94\u8272\u746a\u5361\u2b55\ufe0f\u589e\u9032\u8010\u529b\u2b55\u6563\u767c\u9b45\u529b\u60f3\u611b\u5c31\u611b\u2764\ufe0f\u60f3\u786c\u5c31\u786c#\u6f22\u672c\u5e1d\u738b8EX\u746a\u5c1a\u786c #\u7cbe\u6c23\u795e\u4e45\u786c"
        },
        {
            "id": "euHhDMU6EM8",
            "title": "\u52a0\u85e4\u9df9\u75c5\u6bd2\u4f86\u8972\uff01"
        },
        {
            "id": "3szd8pCJZ4o",
            "title": "\u60c5\u7dd2\u52d2\u7d22\u76f8\u7576\u7684\u611f\u52d5,\u62f3\u8cfd\u771f\u6b63\u7684\u6c11\u65cf\u82f1\u96c4\u5b6b\u751f\u4f86\u4e86\u2502WACKYBOYS\u2502\u53cd\u9aa8\u7537\u5b69\u2502 @SOON.6669 @raopeisheng @aries8248"
        },
        {
            "id": "b4GxdsODfQo",
            "title": "\u6700\u7f8e\u7684\u9084\u5f97\u662f\u7433\u86cb\uff01x \u9760\u5c71\u767c\u6d6a"
        },
        {
            "id": "Uf_dPTmXlkw",
            "title": "\u8d8a\u5357\u6d17\u5230\u8d95\u4e0d\u4e0a\u98db\u6a5f\u2708\ufe0f"
        },
        {
            "id": "ONjlylapTSk",
            "title": "\u8d8a\u5357\u6d17\u5230\u8d95\u4e0d\u4e0a\u98db\u6a5f\u2708\ufe0f\u5b6b\u751f\u7206\u6c23\u5dee\u9ede\u8d95\u4e0d\u4e0a\u62f3\u4e0a\u8a18\u8005\u6703\ud83d\ude32\ud83d\udca5\u2502WACKYBOYS\u2502\u53cd\u9aa8\u7537\u5b69\u2502 @SOON.6669 @raopeisheng @bored_raccoon_kevin"
        },
        {
            "id": "E6BIYwo43Ig",
            "title": "\u9762\u5c0d\u57f9\u6839\u7684\u771f\u5fc3\u544a\u767d\uff01\u5c0f\u51b0\u6703\u63a5\u53d7\u55ce\uff1fX\u9760\u5c71\u767c\u6d6a"
        },
        {
            "id": "qOuNwlJImsg",
            "title": "\u8ab0\u6703\u5728\u590f\u5929\u7684\u6b63\u4e2d\u5348\u5982\u6b64\u6fc0\u60c5\ud83c\udf08"
        },
        {
            "id": "EXqnI7_eviw",
            "title": "\u665a\u5b89 \u746a\u5361\u8cb7K"
        },
        {
            "id": "TThdEcC4mxE",
            "title": "\u56db\u62db\u6a21\u4eff\u5168\u7cd6\u9418\u57f9\u751f,\u7b2c\u4e00\u5c46\u7cd6\u4e0a,\u8ab0\u6703\u7372\u52dd\u5462?\u2502WACKYBOYS\u2502\u53cd\u9aa8\u7537\u5b69\u2502@SOON.6669 @raopeisheng"
        },
        {
            "id": "Vdhn7_A51Rg",
            "title": "\u547c\u5438\u662f\u4e00\u9580\u5b78\u554f"
        },
        {
            "id": "r8M5a1laD34",
            "title": "\u8857\u982d\u6311\u6230\u767d\u721b\u9b54\u8853-\u96d9\u80de\u80ce\u77ac\u79fb,\u611f\u61c9\u9b54\u8853\u4f60\u611f\u61c9\u4e86\u55ce?"
        },
        {
            "id": "G2uYwxcsZwI",
            "title": "\u53cd\u9aa8\u795e\u66f2\u3010\u5c0d\u4e0d\u8d77\u6211\u5011\u90fd\u592a\u6fc0\u52d5\u4e86 My Apology\u3011Official Music Video\u2502WACKYBOYS\u2502\u53cd\u9aa8\u7537\u5b69\u2502"
        },
        {
            "id": "jBO8ipWLytE",
            "title": "\u7532\u4e0a\uff01\uff01\u76f4Gay\u738b\u5927\u8cfd,\u7a76\u7adf\u8ab0\u80fd\u7372\u5f97\u300c\u6700\u7532\u7537\u4eba\u300d\u7684\u7a31\u865fm"
        },
        {
            "id": "tDLhgNJGtPM",
            "title": "\u554f\u5e7e\u5206\u7cd6 \u600e\u9ebc\u52d5\u8d77\u624b\u4e86\u5462\uff1f"
        },
        {
            "id": "67HJtOUxr-M",
            "title": "\u5927\u540c\u5340\u6700\u5f37\u7537\u4eba \u6c11\u65cf\u82f1\u96c4 \u6bad\u5c4d\u760b\u72d7\u6d41"
        },
        {
            "id": "3ONyG-DPefs",
            "title": "\u982d\u90e8\u920d\u50b7\u9001\u6025\u8a3a?\ud83d\udd25 \u62f3\u4e0a\u6bad\u5c4d\u760b\u72d7\u6d41\u8cfd\u5f8c\u771f\u60c5\u6d41\u9732 !  \u6c11\u65cf\u82f1\u96c4\u56de\u6b78\u2764\ufe0f \u2502WACKYBOYS\u2502\u53cd\u9aa8\u7537\u5b69\u2502"
        },
        {
            "id": "9oP8Qh0Z_3E",
            "title": "\u9019\u4e00\u500b\u6708\u4ee5\u4f86\u5b6b\u751f\u6bcf\u5929\u52aa\u529b\u4e0d\u61c8\u7684\u7df4\u7fd2\u62f3\u64ca\u4e5f\u7d42\u65bc\u544a\u4e00\u6bb5\u843d\u6bcf\u4e00\u500b\u4eba\u7684\u652f\u6301\u5436\u558a \u5b6b\u90fd\u807d\u898b\u4e86!!\u611f\u8b1d\u4e3b\u8fa6\u65b9 \u611f\u8b1d\u5c0d\u624b \u611f\u8b1d\u6bcf\u4e00\u4f4d\u89c0\u773e #\u62f3\u4e0a #wackyboys #\u53cd\u9aa8 #\u5b6b\u751f"
        },
        {
            "id": "GqIDEpyO5kE",
            "title": "\u62f3\u4e0a\u8cfd\u524d\u6c11\u8abf \u5b6b\u751fvs\u827e\u91cc\u4f60\u5011\u770b\u597d\u8ab0\uff1f"
        },
        {
            "id": "FBtJq8Eo9zg",
            "title": "\u5403\u57f9\u6839\u5566 beef\u9928\u9577!\u2502WACKYBOYS\u2502\u53cd\u9aa8\u7537\u5b69\u2502"
        }
    ]
}