{
    "channel": {
        "title": "Howwork X \u516d\u6307\u6df5",
        "id": "UC7ia-A8gma8qcdC6GDcjwsQ",
        "customUrl": "@huber0203",
        "uploads": "UU7ia-A8gma8qcdC6GDcjwsQ"
    },
    "videos": [
        {
            "id": "M-IApef_UHw",
            "title": "Impossible magic \u4e0d\u53ef\u80fd\u7684\u9b54\u8853"
        },
        {
            "id": "cm5EYRxUOm0",
            "title": "Every Time I Play UNO \u6bcf\u6b21\u6211\u73a9UNO\u7684\u6a23\u5b50"
        },
        {
            "id": "4PHhWFqrSBo",
            "title": "The Real Use of a Wireless Mouse \u7121\u7dda\u6ed1\u9f20\u7684\u771f\u6b63\u7528\u6cd5"
        },
        {
            "id": "juLbpfA4CMk",
            "title": "\u8d64\u9b3c\u4f2f\u4f2f\u8207\u7279\u6548\u5e2b\u7d04\u6703 \u7b2c\u4e8c\u96c6\uff01\u62b1\u6b49\u4e86\u5404\u4f4d\ud83d\ude48\u7d04\u6703\u5c31\u662f\u8981\u7d04\u6e9c\u51b0\u554a"
        },
        {
            "id": "1EQVlsHwsEE",
            "title": "\u731c\u731c\u770b\u6211\u8981cosplay\u6210\u4ec0\u9ebc"
        },
        {
            "id": "Y4_wl-SNaFw",
            "title": "How to cook air! \u5982\u4f55\u6599\u7406\u7a7a\u6c23"
        },
        {
            "id": "d3fuWYSjp7s",
            "title": "\u516d\u6307\u6df5\u7684\u773c\u775b\u597d\u5947\u602a"
        },
        {
            "id": "Z6IOsFOsAac",
            "title": "\u7576\u4f60\u6709\u500b\u63a7\u5236\u72c2\u8001\u95c6"
        },
        {
            "id": "YT8eqUSk8po",
            "title": "#slickback the smart way!?"
        },
        {
            "id": "bwOvp1LfyW0",
            "title": "I fixed the Wolverine movie! @OctopathTravelerCotC"
        },
        {
            "id": "OEAWHRJ1j64",
            "title": "This game is realistic!"
        },
        {
            "id": "UFDo-ng_w6k",
            "title": "Let mistake be mistake"
        },
        {
            "id": "LyBHAf3jDes",
            "title": "\u4eca\u5929\u8981\u958b\u9664\u5176\u4e2d\u4e00\u4f4d\uff01"
        },
        {
            "id": "9GUVfJ0WMYw",
            "title": "\u8d64\u9b3c\u4f2f\u4f2f\u8ddf\u7279\u6548\u5e2b\u7d04\u6703\u662f\u4ec0\u9ebc\u9ad4\u9a57\uff1fEP01 #\u7d04\u6703"
        },
        {
            "id": "C92rHeAQQvY",
            "title": "A.I. change clothes effects\ud83d\udd25"
        },
        {
            "id": "x7yzyDQmfpg",
            "title": "\u89c0\u773e\u60f3\u770b66\u628a\u81ea\u5df1\u58d3\u6241"
        },
        {
            "id": "kYSMkAFqbQw",
            "title": "\u9084\u60f3\u770b\u4ec0\u9ebc\u7279\u6548\u7559\u8a00\u8a31\u9858\uff01 \u60f3\u770b66\u2026"
        },
        {
            "id": "CRx_GomNnOE",
            "title": "\u70ba\u4e86\u5348\u9910\u8ddf\u8001\u95c6\u6253\u67b6\uff01"
        },
        {
            "id": "O5sgmz4g_bE",
            "title": "\u9a19\u8001\u95c6\u5538\u5492\u8a9e\u653e\u6211\u4e0b\u73ed\uff01"
        },
        {
            "id": "gcMuwyF2jqs",
            "title": "EP02\u8ddf\u7279\u6548\u5e2b\u670b\u53cb\u7d04\u6703\u662f\u4ec0\u9ebc\u9ad4\u9a57\uff1f\u5077\u5077\u505a\u7279\u6548\u6703\u88ab\u767c\u73fe\u55ce\uff1f"
        },
        {
            "id": "_mZO4F5MeTA",
            "title": "\u54e1\u5de5\u5982\u679c\u76e3\u8996\u8001\u95c6\u7684\u4e00\u8209\u4e00\u52d5\u662f\u4e0d\u662f\u5c31\u80fd\u5077\u61f6\u4e86\uff1f"
        },
        {
            "id": "3iKAlJdEVZg",
            "title": "\u8cb7\u5496\u5561\u53ef\u4ee5\u5077\u5230\u591a\u5c11\u4e0a\u73ed\u6642\u9593\uff1f"
        },
        {
            "id": "WxQAPNB8fJs",
            "title": "\u4f60\u662f\u6211\u5011\u8981\u627e\u7684\u4eba\u55ce\uff1f \u5feb\u4f86\u5831\u540d\uff01 https://nschool.tw/digital"
        },
        {
            "id": "EscChFd1Fwk",
            "title": "\u53f0\u7063\u4e5f\u6709\u5de8\u578b\u6295\u5f71\u7403\uff01\u6211\u628a\u7c89\u7d72\u7684\u9858\u671b\u6295\u5f71\u5728\u4e0a\u9762\u4e86\uff01\u3010\u516d\u6307\u6df5 Huber\u3011"
        },
        {
            "id": "packeFUqNcE",
            "title": "\u7559\u8a00A\u3001B\u8ab0\u8d0f\u4e86\uff01"
        }
    ]
}