{
    "channel": {
        "title": "\u5b89\u557e\u54aa",
        "id": "UCjhwHd3mgmqm0ONm0bXKmng",
        "customUrl": "@anjouclever103",
        "uploads": "UUjhwHd3mgmqm0ONm0bXKmng"
    },
    "videos": [
        {
            "id": "9y4N0K4ISgk",
            "title": "\u6771\u4eac\u6700\u5f37\u6200\u611b\u795e\u793e\uff01| \u5b89\u557e (\u309d\u2200\uff65) \u2661"
        },
        {
            "id": "l02l7PkSGUg",
            "title": "\u9032\u5316\u7cfb\u6f02\u6d6e\u5927\u798f\uff01| \u5b89\u557e (\u309d\u2200\uff65) \u2661"
        },
        {
            "id": "LtAsILKaOaw",
            "title": "\u677f\u6a4b\u96b1\u85cf\u5e03\u4e01\u5c08\u9580\u5e97\uff01| \u5b89\u557e (\u309d\u2200\uff65) \u2661"
        },
        {
            "id": "LfzLKfRdksw",
            "title": "\u4eba\u751f\u9996\u6b21\u6311\u6230\u6c34\u4e0b\u651d\u5f71 \u539f\u4f86\u6211\u6ce1\u7684\u662f\u96de\u6e6f | \u5b89\u557e (\u309d\u2200\uff65) \u2661"
        },
        {
            "id": "Xj63GWKBhWM",
            "title": "\u770b\u6771\u4eac\u9435\u5854\ud83d\uddfc\u548c\u5ba2\u88fd\u751f\u65e5\u751c\u9ede\u76e4\u7684\u666f\u89c0\u9910\u5ef3\ud83d\udc97 | \u5b89\u557e (\u309d\u2200\uff65) \u2661"
        },
        {
            "id": "1ORjzmQwsf8",
            "title": "\u5728\u65e5\u672c\u590f\u5929 \u90fd\u548c\u559c\u6b61\u7684\u4eba\u770b\u82b1\u706b\u5927\u6703 | \u5b89\u557e (\u309d\u2200\uff65) \u2661"
        },
        {
            "id": "vWMpBplQPXU",
            "title": "\u6df1\u5ea6\u904a\u4eac\u90fd\uff01\u8001\u5b57\u865f\u55ab\u8336\u5e97\u3001\u5bf6\u77f3\u62b9\u8336\u751c\u9ede\u3001\u53bb\u4e86\u5c31\u8b8a\u6f02\u4eae\u7684\u795e\u793e\uff01| \u5b89\u557e (\u309d\u2200\uff65) \u2661"
        },
        {
            "id": "1Ld7Jr0Hssk",
            "title": "\u4eba\u751f\u7b2c\u4e00\u6b21\u642d\u9577\u9014\u5546\u52d9\u8259\uff01\u9577\u69ae\u822a\u7a7a\u7d66\u4f60\u5e1d\u738b\u822c\u7684\u6599\u7406\uff1f| \u5b89\u557e (\u309d\u2200\uff65) \u2661"
        },
        {
            "id": "dAw7GEbBcms",
            "title": "\u8ddf\u6211\u5728\u53f0\u5317\u7d04\u6703\u4e00\u5929 & \u548c\u5c0f\u718a\u7dad\u5c3c\u7684\u806f\u540d\u5546\u54c1\u5927\u516c\u958b\uff01| \u5b89\u557e (\u309d\u2200\uff65) \u2661"
        },
        {
            "id": "GZNj_okxBtA",
            "title": "\u9b54\u6cd5\u73a9\u5177\u4e8c\u4ee3\ud83d\udd2e\u795e\u79d8\u9b54\u6cd5\u6c34\u6676\u7403\uff01\u6700\u5931\u63a7\u7684\u73a9\u5177\u958b\u7bb1\ud83e\udd23 feat.@What-AllBlow-Mean | \u5b89\u557e (\u309d\u2200\uff65) \u2661"
        },
        {
            "id": "-KhPJ9IabuA",
            "title": "\u5927\u962a\u6cbb\u5b89\u6700\u5dee\u7684\u661f\u91ce\u98ef\u5e97\uff01\u4f46\u6709\u514d\u8cbb\u6cb3\u8c5a\u53ef\u4ee5\u5403\u3001\u9084\u80fd\u63d0\u53ef\u611b\u6cb3\u8c5a\u71c8\u7c60\uff01| \u5b89\u557e (\u309d\u2200\uff65) \u2661"
        },
        {
            "id": "t_558BpPNwQ",
            "title": "\u65e5\u672c\u74b0\u7403\u5f71\u57ce\u2b50\u8d85\u7d1a\u4efb\u5929\u5802\u4e16\u754c\uff01\u5c31\u662f\u4e00\u652f\u73a9\u5f97\u5f88\u958b\u5fc3\u7684\u5f71\u7247\uff01| \u5b89\u557e (\u309d\u2200\uff65) \u2661"
        },
        {
            "id": "MN7s5ZM0oqY",
            "title": "\u518d\u600e\u9ebc\u8aaa\u6211\u4e5f\u662f\u65b0\u5317\u5409\u5ca1\u91cc\u5e06\uff08\uff1f\uff1f\u773e\u4eba\u554f\u865f"
        },
        {
            "id": "F-87Ra1CTWg",
            "title": "\u8ddf\u5009\u9f20\u6212\u6307\u4e00\u8d77\u958b\u82b1\ud83c\udf3c\ud83d\udc39\uff01| \u5b89\u557e (\u309d\u2200\uff65) \u2661"
        },
        {
            "id": "naUoeZvld4s",
            "title": "\u53f0\u5357\u62b9\u8336\u540d\u5e97\u96b1\u85cf\u7684\u5154\u5154\u971c\u6dc7\u6797| \u5b89\u557e (\u309d\u2200\uff65) \u2661"
        },
        {
            "id": "9gsE31_vXcw",
            "title": "\u70cf\u6885\u5b50\u91ac-\u557ever. \u5728\u865b\u64ec\u571f\u58e4\ud83c\udf31 | \u5b89\u557e (\u309d\u2200\uff65) \u2661"
        },
        {
            "id": "A2rIAswv_Vk",
            "title": "\u6700\u65b0\u73a9\u5177\u7e3d\u52d5\u54e1\u98ef\u5e97\uff01\u6771\u4eac\u8fea\u58eb\u5c3c\u5b8c\u7f8e\u9084\u539f\u5b89\u5f1f\u623f\u9593 | \u5b89\u557e (\u309d\u2200\uff65) \u2661"
        },
        {
            "id": "x5VywBnEDSQ",
            "title": "\u65e5\u672c\u74b0\u7403\u5f71\u57ce x \u9593\u8adc\u5bb6\u5bb6\u9152\u5922\u5e7b\u806f\u52d5\uff01| \u5b89\u557e (\u309d\u2200\uff65) \u2661"
        },
        {
            "id": "ym2ukxiJ3Zo",
            "title": "\u5317\u6d77\u9053\u8d85\u4eba\u6c23\u661f\u91ce\u6ed1\u96ea\u5ea6\u5047\u6751\uff01\u6d6a\u6f2b\u96ea\u666f\u548c\u8d85\u5927\u5ba2\u623f\u7684\u96e3\u5fd8\u4eab\u53d7\u2744\ufe0f  | \u5b89\u557e (\u309d\u2200\uff65) \u2661"
        },
        {
            "id": "xEFZKv_fb9o",
            "title": "\u81ea\u52d5\u58fd\u53f8\u88fd\u4f5c\u5668\uff01\u8ff7\u4f60\u5de5\u5ee0\u505a\u51fa\u610f\u5916\u7f8e\u5473\u7684\u8ecd\u8266\u58fd\u53f8\ud83d\udc93 Feat. \u963f\u90e8\u746a\u5229\u4e9e | \u5b89\u557e (\u309d\u2200\uff65) \u2661"
        },
        {
            "id": "lKS6rgx0_nw",
            "title": "\u6dfa\u8349\u6700\u65b0\u8d85\u4eba\u6c23\u5c0f\u5403TOP9\uff01\u9084\u6709\u514d\u8cbb\u770b\u591c\u666f\u7684\u96b1\u85cf\u666f\u9ede\uff5e\u266a | \u5b89\u557e (\u309d\u2200\uff65) \u2661"
        },
        {
            "id": "TklW7_XhnjA",
            "title": "\u884c\u524d\u5fc5\u770b\ud83d\udd25\u6771\u4eac\u8fea\u58eb\u5c3c\u6700\u5f37\u653b\u7565! \u4e0d\u77e5\u9053\u600e\u9ebc\u73a9? \u770b\u5b8c\u76f4\u63a5\u8b8a\u5927\u5e2b\u266a| \u5b89\u557e (\u309d\u2200\uff65) \u2661"
        },
        {
            "id": "rd6MR7XL9EA",
            "title": "\u516c\u958b\u6771\u4eac\u7559\u5b78\u7684\u751f\u6d3b\uff01\u9019\u88e1\u9084\u662f\u593e\u5a03\u5a03\u5929\u5802\uff5e\uff01\uff1f| \u5b89\u557e (\u309d\u2200\uff65) \u2661"
        },
        {
            "id": "1fPsYS68vXY",
            "title": "\u65e5\u672c\u8cfc\u7269\u653b\u7565\uff01\u9019\u88e1\u8d85\u597d\u901b\uff5e\u77e5\u540d\u54c1\u724c\u61c9\u6709\u76e1\u6709\uff01 | \u5b89\u557e (\u309d\u2200\uff65) \u2661"
        },
        {
            "id": "qITwy1jvkfY",
            "title": "2022\u65e5\u672c\u5973\u5b50\u79cb\u51ac\u6d41\u884c\uff01\u7adf\u7136\u6d41\u884c\u8d77\u8896\u5957...?| \u5b89\u557e (\u309d\u2200\uff65) \u2661"
        }
    ]
}