{
    "video_info": {
        "id": "-i-dBEBjvj4",
        "channelTitle": "\u773e\u91cf\u7d1aCROWD",
        "title": "\u8a72\u4e0d\u6703\u4f60\u5011\u7684\u5973\u670b\u53cb\u624b\u90fd\u662f\u7a7a\u5427\uff1f\ud83e\udd2a#tag\u4f60\u7684\u540c\u985e\u5973\u53cb",
        "description": "",
        "likeCount": "3136",
        "commentCount": "20",
        "viewCount": "114309"
    },
    "comments": [
        {
            "reply_id": "UgziMWWeN1PbOjEltwh4AaABAg",
            "reply_content": "\u4f60\u4e0d\u62ff\u6211\u62ff\u4e86\u6602",
            "likeCount": 3
        },
        {
            "reply_id": "UgxuS-k75HhNLU5_M3p4AaABAg",
            "reply_content": "\u5bb6\u5be7\u7d20\u984f\u597d\u50cf\u5c0f\u5b78\u751f\u5662",
            "likeCount": 1
        },
        {
            "reply_id": "UgxhQcG4QVitlc89KKd4AaABAg",
            "reply_content": "\u6c42\u6b4c\u540d",
            "likeCount": 1
        },
        {
            "reply_id": "UgxPsJ0d0Nb5SqBdpIN4AaABAg",
            "reply_content": "\u8b8a\u80d6\u4e86\u96e3\u9053\u61f7\u5b55\u4e86",
            "likeCount": 0
        }
    ]
}