{
    "video_info": {
        "id": "0QqwO85_nxM",
        "channelTitle": "\u773e\u91cf\u7d1aCROWD",
        "title": "\u6559\u4f6010\u79d2\u5b8c\u6210\u842c\u8056\u7bc0\u599d\u5bb9\ud83c\udf83\u50b3\u7d66\u4f60\u61f6\u7684\u88dd\u626e\u7684\u670b\u53cb\uff01#\u842c\u8056\u7bc0 #halloween #\u599d\u5bb9",
        "description": "",
        "likeCount": "338",
        "commentCount": "1",
        "viewCount": "8262"
    },
    "comments": [
        {
            "reply_id": "UgwyaS037-LOD3xar4d4AaABAg",
            "reply_content": "\u6211\u5728\u5b78\u6821\u4e5f\u6703\u505a",
            "likeCount": 2
        }
    ]
}