{
    "video_info": {
        "id": "2Vsh18qdU9o",
        "channelTitle": "\u773e\u91cf\u7d1aCROWD",
        "title": "\u6211\u627e\u4e8660\u500b\u5916\u570b\u4eba\uff0c\u4ed6\u5011\u6709\u8a71\u8ddf\u5973\u53cb\u8aaa...\u3010\u773e\u91cf\u7d1aCROWD\u3011I send blessings from all over the world to my girlfriend.",
        "description": "\u2b50\u52a0\u5165\u6211\u5011\u7684YouTube\u6703\u54e1\uff1ahttps://pse.is/U8GDQ\n\ud83d\udc49\u6703\u54e1\u4ecb\u7d39\u5f71\u7247\uff1ahttps://reurl.cc/rlvEKx\n\n\u27a1\u8a02\u95b1YouTube\u3010\u773e\u91cf\u7d1aCROWD x FUN\u751f\u6d3b-\u7b2c\u4e8c\u983b\u9053\u3011\nhttps://is.gd/4dSkyk \n\u27a1\u8a02\u95b1YouTube\u3010\u5bb6\u5be7+0\u3011\nhttps://is.gd/lcdma4 \n\u27a1\u8a02\u95b1YouTube\u3010Andy\u8001\u5e2b\u3011 \nhttps://is.gd/laVony\n------------------------------------------------------------------------------------\n\u27a1FB\u3010\u773e\u91cf\u7d1aCROWD\u3011\nhttps://www.facebook.com/etman0909/\n\u27a1FB\u3010\u5bb6\u5be7+0\u3011\nhttp://bit.ly/29PljQA\n\u27a1FB\u3010Andy\u8001\u5e2b\u3011\nhttp://bit.ly/29JkGYS\n------------------------------------------------------------------------------------\n\u27a1IG\u3010\u773e\u91cf\u7d1aCROWD\u3011\nhttps://www.instagram.com/crowd520/?hl=zh-tw\n------------------------------------------------------------------------------------\n\u27a1\u7f8e\u62cd\u3010\u4f17\u91cf\u7ea7CROWD\u3011\nhttp://www.meipai.com/user/1048418678\n------------------------------------------------------------------------------------\n\u27a1\u5fae\u535a\u3010\u4f17\u91cf\u7ea7CROWD\u3011\nhttp://www.weibo.com/6067696343/profi...\n\n\u27a1\u8a02\u95b1YouTube\u3010\u773e\u91cf\u7d1aCROWD\u3011\nhttps://is.gd/JgIQw6\n\n\u5de5\u4f5c\u9080\u7d04\u8acb\u6d3d\uff1aqunhaient@gmail.com\n\n#\u7d66\u5973\u53cb\u7684\u795d\u798f#\u773e\u91cf\u7d1aCROWD#\u60c5\u4fb6#\u6cf0\u570b",
        "likeCount": "2187",
        "commentCount": "73",
        "viewCount": "83841"
    },
    "comments": [
        {
            "reply_id": "Ugx9fyQ7VvB-RZo3OmB4AaABAg",
            "reply_content": "\u5feb\u54ed\u4e86",
            "likeCount": 2
        },
        {
            "reply_id": "UgyO7O7vePOjXBANqcB4AaABAg",
            "reply_content": "\u4e0d\u662f\u5206\u4e86\u5594",
            "likeCount": 1
        },
        {
            "reply_id": "Ugxl3zW7RUuvVe2ZhCV4AaABAg",
            "reply_content": "\u5206\u624b\u4e86\u5427",
            "likeCount": 0
        },
        {
            "reply_id": "UgwM9ItpL-2kyinFBeh4AaABAg",
            "reply_content": "\u904e\u7a0b\u8001\u5e2b\u4e5f\u662f",
            "likeCount": 0
        },
        {
            "reply_id": "UgzXOKnisR-AUUJht4p4AaABAg",
            "reply_content": "\u4ec0\u9ebc\u6642\u5019\u66f4\u65b0",
            "likeCount": 0
        },
        {
            "reply_id": "UgyVISfdDjMGKb4inN14AaABAg",
            "reply_content": "\u52a0\u6cb9",
            "likeCount": 0
        },
        {
            "reply_id": "UgzsdtQ6eOZo04-fVWl4AaABAg",
            "reply_content": "\u597d\u611f\u52d5",
            "likeCount": 0
        },
        {
            "reply_id": "UgxpA0p5d4g6eBJjrYJ4AaABAg",
            "reply_content": "\u597d\u611f\u52d5",
            "likeCount": 0
        },
        {
            "reply_id": "Ugx2kLGZNJ7432B_eh94AaABAg",
            "reply_content": "\u54ed\u4e86",
            "likeCount": 0
        },
        {
            "reply_id": "UgwKIiWtYvbhximRc-l4AaABAg",
            "reply_content": "\u5bb6\u5be7\u6211\u60f3\u4f60",
            "likeCount": 0
        }
    ]
}