{
    "video_info": {
        "id": "3-h4WM-c-os",
        "channelTitle": "\u773e\u91cf\u7d1aCROWD",
        "title": "\u201c\u6211\u662f\u5982\u6b64\u76f8\u4fe1 \u5728\u80cc\u5f8c\u652f\u6490\u7684\u662f\u4f60\u201d\ud83d\udc8f#\u773e\u91cf\u7d1acrowd #\u5cc7\u91cc\u5cf6 #bali",
        "description": "",
        "likeCount": "4017",
        "commentCount": "33",
        "viewCount": "139322"
    },
    "comments": [
        {
            "reply_id": "UgyrsO5oixCBpyyA6ON4AaABAg",
            "reply_content": "\u6211\u4ee5\u70ba\u8981\u89aa\u4e0b\u53bb",
            "likeCount": 6
        },
        {
            "reply_id": "UgzUVTKGz21CKNOLWi14AaABAg",
            "reply_content": "\u6c92\u89aa\u4e00\u4e0b",
            "likeCount": 3
        },
        {
            "reply_id": "UgyBXCtfFthokk1hOf14AaABAg",
            "reply_content": "\u597d\u9583",
            "likeCount": 2
        },
        {
            "reply_id": "UgxnP2D4aRZFitM_NMt4AaABAg",
            "reply_content": "\u9019\u662f\u54ea\u88e1\u5440",
            "likeCount": 1
        },
        {
            "reply_id": "UgxZJVIAnDEajLknYxF4AaABAg",
            "reply_content": "\u5f88\u7f8e\u8036",
            "likeCount": 0
        },
        {
            "reply_id": "UgzAhHRvvEGqyHa_7Oh4AaABAg",
            "reply_content": "\u53d6\u93e1\u982d\u65b9\u5f0f\u771f\u7684\u597d",
            "likeCount": 0
        },
        {
            "reply_id": "Ugy_oJTFnhCzAXzFN7h4AaABAg",
            "reply_content": "\u4ec0\u9ebc\u6642\u5019\u662f\u7d50\u5a5a\u554a",
            "likeCount": 0
        },
        {
            "reply_id": "UgyD7p7qKbll3Xtrt9J4AaABAg",
            "reply_content": "\u6311\u7684\u6b4c\u90fd\u597d\u807d",
            "likeCount": 0
        },
        {
            "reply_id": "Ugzu0YhuaSH72PgZHTR4AaABAg",
            "reply_content": "\u80cc\u666f\u97f3\u6a02\u662f\u4ec0\u9ebc",
            "likeCount": 0
        }
    ]
}