{
    "video_info": {
        "id": "5f7_KEj0dLo",
        "channelTitle": "\u773e\u91cf\u7d1aCROWD",
        "title": "\u958b\u7bb1\u5df4\u5398\u5cf6CP\u8d85\u9ad8\u842c\u5143\u9152\u5e97\uff01\u7121\u96b1\u79c1\u6236\u5916\u958b\u653e\u7a7a\u9593 \u5f9e\u5e8a\u55ae\u6efe\u5230\u6cf3\u6c60\u90fd\u6c92\u554f\u984c\ud83d\ude02\u3010\u773e\u91cf\u7d1aCROWD\u3011",
        "description": "\u5cc7\u91cc\u5cf6\u7684\u5169\u90e8\u5f71\u7247\u770b\u9019\ud83d\udc47\nhttps://www.youtube.com/watch?v=H3oz8lWyIFo\nhttps://www.youtube.com/watch?v=uHhvkYYjXZs&t=184s\n\n\u2b50\u52a0\u5165\u6211\u5011\u7684YouTube\u6703\u54e1\uff1ahttps://pse.is/U8GDQ\n\ud83d\udc49\u6703\u54e1\u4ecb\u7d39\u5f71\u7247\uff1ahttps://reurl.cc/rlvEKx\n\n\u27a1\u8a02\u95b1YouTube\u3010\u773e\u91cf\u7d1aCROWD x FUN\u751f\u6d3b-\u7b2c\u4e8c\u983b\u9053\u3011\nhttps://is.gd/4dSkyk \n\u27a1\u8a02\u95b1YouTube\u3010\u5bb6\u5be7+0\u3011\nhttps://is.gd/lcdma4 \n\u27a1\u8a02\u95b1YouTube\u3010Andy\u8001\u5e2b\u3011 \nhttps://is.gd/laVony\n------------------------------------------------------------------------------------\n\u27a1FB\u3010\u773e\u91cf\u7d1aCROWD\u3011\nhttps://www.facebook.com/etman0909/\n\u27a1FB\u3010\u5bb6\u5be7+0\u3011\nhttp://bit.ly/29PljQA\n\u27a1FB\u3010Andy\u8001\u5e2b\u3011\nhttp://bit.ly/29JkGYS\n------------------------------------------------------------------------------------\n\u27a1IG\u3010\u773e\u91cf\u7d1aCROWD\u3011\nhttps://www.instagram.com/crowd520/?hl=zh-tw\n------------------------------------------------------------------------------------\n\u27a1\u7f8e\u62cd\u3010\u4f17\u91cf\u7ea7CROWD\u3011\nhttp://www.meipai.com/user/1048418678\n------------------------------------------------------------------------------------\n\u27a1\u5fae\u535a\u3010\u4f17\u91cf\u7ea7CROWD\u3011\nhttp://www.weibo.com/6067696343/profi...\n\n\u27a1\u8a02\u95b1YouTube\u3010\u773e\u91cf\u7d1aCROWD\u3011\nhttps://is.gd/JgIQw6\n\n\u5de5\u4f5c\u9080\u7d04\u8acb\u6d3d\uff1aqunhaient@gmail.com\n\n#\u5cc7\u5398\u5cf6#\u773e\u91cf\u7d1aCROWD#\u60c5\u4fb6#\u98ef\u5e97\u958b\u7bb1",
        "likeCount": "1466",
        "commentCount": "31",
        "viewCount": "66532"
    },
    "comments": [
        {
            "reply_id": "UgydZH_inwNe9hsk2nJ4AaABAg",
            "reply_content": "\u9019\u9593\u597d\u50cf\u8001\u9ad8\u4f86\u904e\u8036",
            "likeCount": 1
        },
        {
            "reply_id": "UgwP6vziy-83-GpAcc94AaABAg",
            "reply_content": "\u8001\u9ad8\u597d\u50cf\u6709\u53bb\u904e",
            "likeCount": 1
        },
        {
            "reply_id": "UgzBa41sY7ffjhnkzTR4AaABAg",
            "reply_content": "\u525b\u8df3\u51fa\u901a\u77e5\u76f4\u63a5\u4f86\u770b",
            "likeCount": 1
        },
        {
            "reply_id": "UgwQBs8xw3LxRcRlv8t4AaABAg",
            "reply_content": "\u7b2c\u4e00",
            "likeCount": 1
        },
        {
            "reply_id": "UgynyrhYBTir8Ozs0OF4AaABAg",
            "reply_content": "\u6211\u4e5f\u5f88\u559c\u6b61\u5beb\u660e\u4fe1\u7247\u7d66\u81ea\u5df1",
            "likeCount": 0
        },
        {
            "reply_id": "UgzJbEpKzkG1svkmX4J4AaABAg",
            "reply_content": "\u7b2c\u4e00\u6b21\u9019\u9ebd\u65e9\u6b38",
            "likeCount": 0
        },
        {
            "reply_id": "Ugx-2gzdyFQNog5RQIp4AaABAg",
            "reply_content": "",
            "likeCount": 0
        },
        {
            "reply_id": "UgyAhEiBUfoxJYlR4fZ4AaABAg",
            "reply_content": "\u7b2c\u4e00\u89c0\u770b",
            "likeCount": 0
        }
    ]
}