{
    "video_info": {
        "id": "5Ff7lHwMq10",
        "channelTitle": "\u773e\u91cf\u7d1aCROWD",
        "title": "\u5efa\u8b70\u60f3\u514d\u8cbb\u958b\u8dd1\u8eca\u7684\u4eba\ud83d\ude02#\u8dd1\u8eca @andy0623 @ning030999",
        "description": "",
        "likeCount": "904",
        "commentCount": "3",
        "viewCount": "35816"
    },
    "comments": [
        {
            "reply_id": "UgxdvHaRMBPY1VhhHox4AaABAg",
            "reply_content": "\u597d\u53ef\u611b",
            "likeCount": 0
        }
    ]
}