{
    "video_info": {
        "id": "6fgt-UheCD0",
        "channelTitle": "\u773e\u91cf\u7d1aCROWD",
        "title": "\u60c5\u4fb6\u5feb\u554f\u5feb\u6253\uff01\u5169\u4eba\u611f\u60c5\u5982\u4f55\uff1f\u6709\u7559\u524d\u4efb\u7167\u7247\uff1f\uff08\u7b2c\u4e94\u96c6\uff09\u3010\u773e\u91cf\u7d1aCROWD\u3011",
        "description": "Andy\u8001\u5e2b\uff1a\u300c\u6bcf\u6b21\u6211\u90fd\u88ab\u6253\u6700\u6158\uff1f\u300d/ \u5bb6\u5be7+0\uff1a\u300c\u9019\u96c6\u56de\u7b54\u8d85\u6df1\u5165\ud83d\ude1a\u300d\n\n\u2b50\u52a0\u5165\u6211\u5011\u7684YouTube\u6703\u54e1\uff1ahttps://pse.is/U8GDQ\n\ud83d\udc49\u6703\u54e1\u4ecb\u7d39\u5f71\u7247\uff1ahttps://reurl.cc/rlvEKx\n\n\u27a1\u8a02\u95b1YouTube\u3010\u773e\u91cf\u7d1aCROWD x FUN\u751f\u6d3b-\u7b2c\u4e8c\u983b\u9053\u3011\nhttps://is.gd/4dSkyk \n\u27a1\u8a02\u95b1YouTube\u3010\u5bb6\u5be7+0\u3011\nhttps://is.gd/lcdma4 \n\u27a1\u8a02\u95b1YouTube\u3010Andy\u8001\u5e2b\u3011 \nhttps://is.gd/laVony\n------------------------------------------------------------------------------------\n\u27a1FB\u3010\u773e\u91cf\u7d1aCROWD\u3011\nhttps://www.facebook.com/etman0909/\n\u27a1FB\u3010\u5bb6\u5be7+0\u3011\nhttp://bit.ly/29PljQA\n\u27a1FB\u3010Andy\u8001\u5e2b\u3011\nhttp://bit.ly/29JkGYS\n------------------------------------------------------------------------------------\n\u27a1IG\u3010\u773e\u91cf\u7d1aCROWD\u3011\nhttps://www.instagram.com/crowd520/?hl=zh-tw\n------------------------------------------------------------------------------------\n\u27a1\u7f8e\u62cd\u3010\u4f17\u91cf\u7ea7CROWD\u3011\nhttp://www.meipai.com/user/1048418678\n------------------------------------------------------------------------------------\n\u27a1\u5fae\u535a\u3010\u4f17\u91cf\u7ea7CROWD\u3011\nhttp://www.weibo.com/6067696343/profi...\n\n\u27a1\u8a02\u95b1YouTube\u3010\u773e\u91cf\u7d1aCROWD\u3011\nhttps://is.gd/JgIQw6\n\n\u5de5\u4f5c\u9080\u7d04\u8acb\u6d3d\uff1aqunhaient@gmail.com\n\n#\u5feb\u554f\u5feb\u6253#\u773e\u91cf\u7d1aCROWD#\u60c5\u4fb6",
        "likeCount": "5810",
        "commentCount": "115",
        "viewCount": "248989"
    },
    "comments": [
        {
            "reply_id": "UgxLcS_jh3TFdWVsb-14AaABAg",
            "reply_content": "\u4ec0\u9ebc\u6642\u5019\u8981\u7d50\u5a5a\u554a\uff1f\u6211\u8d85\u60f3\u770b\u59b3\u5011\u7c4c\u5099\u5a5a\u79ae\u7684\u5f71\u7247\u7684",
            "likeCount": 20
        },
        {
            "reply_id": "UgxYjOyxaFQoafaIgEx4AaABAg",
            "reply_content": "\u611f\u89ba\u73fe\u5728\u5df2\u7d93\u662f\u70ba\u4e86\u696d\u914d\u800c\u62cd\u5f71\u7247\n\u5df2\u7d93\u4e0d\u662f\u60f3\u55ae\u7d14\u8a18\u9304\u5169\u4eba\u7684\u751f\u6d3b",
            "likeCount": 15
        },
        {
            "reply_id": "UgxnYToa56roupeI9zh4AaABAg",
            "reply_content": "\u70ba\u4ec0\u9ebc\u73fe\u5728\u6bcf\u6bb5\u5f71\u7247\u90fd\u6703\u6709\u5ee3\u544a\u5462\n\u7e3d\u611f\u89ba\u548c\u4ee5\u524d\u770b\u4f60\u5011\u5f71\u7247\u7684\u611f\u89ba\u4e0d\u4e00\u6a23",
            "likeCount": 11
        },
        {
            "reply_id": "UgxoROrlL6dgoV08gTB4AaABAg",
            "reply_content": "\u5bb6\u5be7\u771f\u7684\u9ed1\u597d\u591a",
            "likeCount": 4
        },
        {
            "reply_id": "UgyGq4Omm9UnimTbBv94AaABAg",
            "reply_content": "\u5bb6\u5be7\u9577\u5f97\u6f02\u4eae\u4eba\u53c8\u6eab\u67d4",
            "likeCount": 3
        },
        {
            "reply_id": "UgxzgJk3hX09X_0RxQd4AaABAg",
            "reply_content": "\u5c31\u662f\u559c\u6b61\u770b\u4f60\u5011\u9019\u6a23\u6253\u6253\u9b27\u9b27\u7684",
            "likeCount": 3
        },
        {
            "reply_id": "UgzD_G92AfI6v1JXr-V4AaABAg",
            "reply_content": "\u4f60\u5011\u7684\u5b57\u90fd\u597d\u7f8e",
            "likeCount": 2
        },
        {
            "reply_id": "UgwOCm3DLi5S1vbm5S94AaABAg",
            "reply_content": "\u70ba\u4ec0\u9ebc\u90fd\u6c92\u6574\u4eba\u5408\u8f2f\u4e86",
            "likeCount": 2
        },
        {
            "reply_id": "Ugx-BpHdu89iTwtysaZ4AaABAg",
            "reply_content": "\u8981\u7d50\u5a5a\u4e86\u55ce",
            "likeCount": 2
        },
        {
            "reply_id": "UgyaK0TBaEwHfk7uj414AaABAg",
            "reply_content": "\u4f60\u5011\u4e0d\u662f\u5206\u624b\u4e86\u55ce",
            "likeCount": 2
        },
        {
            "reply_id": "UgwrYOD4TODvfRf1LTt4AaABAg",
            "reply_content": "\u87a2\u5e55\u60c5\u4fb6",
            "likeCount": 2
        },
        {
            "reply_id": "UgxLI9Q4bPEt8yVKZ6B4AaABAg",
            "reply_content": "\u5728\u4e00\u8d77\u90a3\u9ebd\u4e45\u70ba\u4ec0\u9ebc\u9084\u4e0d\u8981\u7d50\u5a5a",
            "likeCount": 2
        },
        {
            "reply_id": "Ugwpoc6DuXKNfrbOycZ4AaABAg",
            "reply_content": "\u4e0d\u932f\u770b",
            "likeCount": 2
        },
        {
            "reply_id": "Ugxi37GQVPfnIgoi3Cd4AaABAg",
            "reply_content": "\u5f88\u6709\u8da3\u7684\u5f71\u7247",
            "likeCount": 2
        },
        {
            "reply_id": "UgyzXMEdHmY760fRd1l4AaABAg",
            "reply_content": "\u9177",
            "likeCount": 2
        },
        {
            "reply_id": "UgyVUyNtOanoZR4jm1J4AaABAg",
            "reply_content": "\u6240\u4ee5\u5bb6\u5be7\u8ddf\u8303\u6210\u7ae0\u662f\u4ec0\u9ebc\u95dc\u4fc2",
            "likeCount": 1
        },
        {
            "reply_id": "UgxG94cO6LGL6RYMCG54AaABAg",
            "reply_content": "\u5230",
            "likeCount": 1
        },
        {
            "reply_id": "Ugw6nwcsYOamB09l3XN4AaABAg",
            "reply_content": "\u4f86\u4e86",
            "likeCount": 1
        },
        {
            "reply_id": "UgxuCRTV-fzGQpMkCtZ4AaABAg",
            "reply_content": "\u7b2c\u4e8c",
            "likeCount": 1
        },
        {
            "reply_id": "UgxlYsNAn_b6VTKy6qV4AaABAg",
            "reply_content": "\u7b2c\u4e00",
            "likeCount": 1
        },
        {
            "reply_id": "UgzXxyQ3fj2Vquvqkkl4AaABAg",
            "reply_content": "\u70ba\u4ec0\u9ebc\u5bb6\u5be7\u7d50\u5a5a\u4e86",
            "likeCount": 0
        },
        {
            "reply_id": "UgzjeiezRWrwsds__cl4AaABAg",
            "reply_content": "\u5bb6\u5be7\u662f\u4e0d\u662f\u8b8a\u9ed1\u4e86",
            "likeCount": 0
        },
        {
            "reply_id": "UgwKR-hCh5PoOHDEKZN4AaABAg",
            "reply_content": "\u4f86\u4e86",
            "likeCount": 0
        },
        {
            "reply_id": "Ugzus9x3-LzXz4OlJ754AaABAg",
            "reply_content": "\u7b2c\u4e09",
            "likeCount": 0
        }
    ]
}