{
    "video_info": {
        "id": "8HbhMx7a2U0",
        "channelTitle": "\u773e\u91cf\u7d1aCROWD",
        "title": "\u9a19\u5973\u53cb\u8aaa \u6211\u5831\u540d\u5076\u50cf\u7df4\u7fd2\u751f\u5373\u5c07\u55ae\u98db \u5979\u7684\u53cd\u61c9\u662f\u4ec0\u9ebc\uff01\uff1f\u3010\u773e\u91cf\u7d1aCROWD\u3011",
        "description": "Andy\u8001\u5e2b\uff1a\u300c\u795d\u798f\u6211\u5427\u5404\u4f4d\ud83d\ude0e\u300d / \u5bb6\u5be7+0\uff1a\u300c\ud83e\udd28\ud83e\udd28\ud83e\udd28\u300d\n\n@lifemakeovertw  \u706b\u71b1\u516c\u6e2c\u4e2d\uff0c\u8a02\u88fd\u4f60\u7684\u5c08\u5c6c\u611b\u8c46\uff0c\u5e6b\u5979\u6210\u5718\u51fa\u9053\u5427~\n#\u4ee5\u9583\u4eae\u4e4b\u540d #\u9583\u4eae\u516c\u6e2c #\u548cSelina\u4e00\u8d77\u9583\u4eae\u6210\u5718 #\u9583\u4eaegirls\u51fa\u9053\u6230 #\u9ad8\u81ea\u7531\u5ea6\u6642\u5c1a\u751f\u6d3b\u904a\u6232\n\n\u2b50\u52a0\u5165\u6211\u5011\u7684YouTube\u6703\u54e1\uff1ahttps://pse.is/U8GDQ\n\ud83d\udc49\u6703\u54e1\u4ecb\u7d39\u5f71\u7247\uff1ahttps://reurl.cc/rlvEKx\n\n\u27a1\u8a02\u95b1YouTube\u3010\u773e\u91cf\u7d1aCROWD x FUN\u751f\u6d3b-\u7b2c\u4e8c\u983b\u9053\u3011\nhttps://is.gd/4dSkyk \n\u27a1\u8a02\u95b1YouTube\u3010\u5bb6\u5be7+0\u3011\nhttps://is.gd/lcdma4 \n\u27a1\u8a02\u95b1YouTube\u3010Andy\u8001\u5e2b\u3011 \nhttps://is.gd/laVony\n------------------------------------------------------------------------------------\n\u27a1FB\u3010\u773e\u91cf\u7d1aCROWD\u3011\nhttps://www.facebook.com/etman0909/\n\u27a1FB\u3010\u5bb6\u5be7+0\u3011\nhttp://bit.ly/29PljQA\n\u27a1FB\u3010Andy\u8001\u5e2b\u3011\nhttp://bit.ly/29JkGYS\n------------------------------------------------------------------------------------\n\u27a1IG\u3010\u773e\u91cf\u7d1aCROWD\u3011\nhttps://www.instagram.com/crowd520/?hl=zh-tw\n------------------------------------------------------------------------------------\n\u27a1\u7f8e\u62cd\u3010\u4f17\u91cf\u7ea7CROWD\u3011\nhttp://www.meipai.com/user/1048418678\n------------------------------------------------------------------------------------\n\u27a1\u5fae\u535a\u3010\u4f17\u91cf\u7ea7CROWD\u3011\nhttp://www.weibo.com/6067696343/profi...\n\n\u27a1\u8a02\u95b1YouTube\u3010\u773e\u91cf\u7d1aCROWD\u3011\nhttps://is.gd/JgIQw6\n\n\u5de5\u4f5c\u9080\u7d04\u8acb\u6d3d\uff1aqunhaient@gmail.com\n\n#\u6574\u4ebaPRANK #\u51fa\u9053 #\u773e\u91cf\u7d1acrowd",
        "likeCount": "4134",
        "commentCount": "142",
        "viewCount": "181352"
    },
    "comments": [
        {
            "reply_id": "UgzfyKAmsUM19sJJQxV4AaABAg",
            "reply_content": "\u611f\u89ba\u96e2\u958b\u4e86\u6700\u521d\u7684\u90a3\u500b\u5c0f\u623f\u9593\uff0c\u5c31\u6c92\u90a3\u500b\u611f\u89ba\u4e86",
            "likeCount": 9
        },
        {
            "reply_id": "UgxdCyPQlU4n56EIf6Z4AaABAg",
            "reply_content": "\u611f\u89ba\u5bb6\u5be7\u5c31\u5f88\u6577\u884d\u7684\u611f\u89ba",
            "likeCount": 5
        },
        {
            "reply_id": "UgykFdSGJNCsGWk_t6d4AaABAg",
            "reply_content": "\u54c8\u54c8\u54c8\u597d\u611b",
            "likeCount": 3
        },
        {
            "reply_id": "Ugza2Vf9O-zAkHFLpLF4AaABAg",
            "reply_content": "\u5bb6\u5be7\u56de\u570b\u4e86",
            "likeCount": 3
        },
        {
            "reply_id": "UgztmGUO3RZ8rt8VprN4AaABAg",
            "reply_content": "\u5bb6\u5be7\u8b8a\u9ed1\u70ad\u4e86",
            "likeCount": 2
        },
        {
            "reply_id": "UgxLcD5qUR-EZC9Eu6F4AaABAg",
            "reply_content": "\u73fe\u5728\u597d\u50cf\u6709\u63a5\u5ee3\u544a\u624d\u6703\u62cd\u7247",
            "likeCount": 1
        },
        {
            "reply_id": "UgwBfwSOxY1ABFiyVgN4AaABAg",
            "reply_content": "\u662f\u8ddf\u5927\u5bb6\u9810\u544a\u8981\u6e96\u5099\u5206\u624b\u4e86\u55ce",
            "likeCount": 1
        },
        {
            "reply_id": "UgyOWEsnAIhsv5eGkOR4AaABAg",
            "reply_content": "\u90a3\u500b\u904a\u6232\u6211\u6709\u73a9",
            "likeCount": 1
        },
        {
            "reply_id": "Ugy8uT1xgk7ilPj8UVV4AaABAg",
            "reply_content": "\u4f60\u5011\u8f9b\u82e6\u4e86",
            "likeCount": 1
        },
        {
            "reply_id": "Ugydxs4JU_fYeShNM5x4AaABAg",
            "reply_content": "\u89aa\u611b\u7684\u5bb6\u5be7\u4f60\u7d42\u65bc\u56de\u4f86\u56c9\u6211\u597d\u60f3\u4f60",
            "likeCount": 1
        },
        {
            "reply_id": "UgzxV5h2K0V3jsk_WZZ4AaABAg",
            "reply_content": "\u4f86\u4e86",
            "likeCount": 1
        },
        {
            "reply_id": "Ugy_7nLYI3AkroQIahF4AaABAg",
            "reply_content": "\u5076\u7df4\u7adf\u7136\u6c92\u627e\u51f1\u7693\u4f86",
            "likeCount": 0
        },
        {
            "reply_id": "UgyDrS1pBBzaUWD3QUR4AaABAg",
            "reply_content": "\u600e\u9ebc\u6700\u8fd1\u90fd\u662f\u696d\u914d\u5440",
            "likeCount": 0
        },
        {
            "reply_id": "Ugxo1UJtJaipoLYG4vR4AaABAg",
            "reply_content": "\u5bb6\u5be7\u8b8a\u9ed1\u4e86",
            "likeCount": 0
        },
        {
            "reply_id": "UgxiZtPoD88LHdLYyXR4AaABAg",
            "reply_content": "\u4f60\u5011\u600e\u9ebc\u63db\u5bb6\u4e86",
            "likeCount": 0
        },
        {
            "reply_id": "Ugw2VQFXgw8vbyyp3mB4AaABAg",
            "reply_content": "\u5bb6\u5be7\u600e\u9ebc\u8b8a\u9019\u9ebc\u9ed1",
            "likeCount": 0
        },
        {
            "reply_id": "UgzwbDLMFlFQV8xxNk94AaABAg",
            "reply_content": "\u4eca\u5929\u662f\u4ec0\u9ebc\u6771\u897f",
            "likeCount": 0
        },
        {
            "reply_id": "UgzqUffP6a8bxyF9TtN4AaABAg",
            "reply_content": "\u5bb6\u5be7\u662f\u56de\u4f86\u4e86\u55ce",
            "likeCount": 0
        },
        {
            "reply_id": "UgzhOBNM7Dizwypt65h4AaABAg",
            "reply_content": "\u597d\u4e45\u6c92\u66f4\u65b0\u56c9",
            "likeCount": 0
        },
        {
            "reply_id": "UgyUQHc53wZNa5DwmId4AaABAg",
            "reply_content": "\u5bb6\u5be7\u600e\u9ebc\u611f\u89ba\u8b8a\u597d\u9ed1\u963f",
            "likeCount": 0
        },
        {
            "reply_id": "Ugz6E_atpuiruUw90Tp4AaABAg",
            "reply_content": "\u4f46\u662f\u597d\u597d\u7b11",
            "likeCount": 0
        },
        {
            "reply_id": "UgyRQ-uwhqoVfJlCRIN4AaABAg",
            "reply_content": "\u5bb6\u5be7\u597d\u53ef\u6190",
            "likeCount": 0
        },
        {
            "reply_id": "Ugw3ZcXgLb_bRMc5NiJ4AaABAg",
            "reply_content": "\u4f60\u4e0d\u8981\u4e00\u76f4\u6574\u5bb6\u5be7",
            "likeCount": 0
        },
        {
            "reply_id": "UgxKm5Isl-1-8ywZROt4AaABAg",
            "reply_content": "\u7d42\u65bc\u6709\u6574\u4eba\u4e86",
            "likeCount": 0
        },
        {
            "reply_id": "Ugwp6vb3hfGoFVUM-6l4AaABAg",
            "reply_content": "\u5bb6\u5be7\u662f\u4e0d\u662f\u8b8a\u9ed1\u4e86",
            "likeCount": 0
        }
    ]
}