{
    "video_info": {
        "id": "9o_AHQiRZg8",
        "channelTitle": "\u773e\u91cf\u7d1aCROWD",
        "title": "\u9a19\u7537\u53cb\u51fa\u570b\uff01\u8b93\u7537\u53cb\u8ffd\u4e0a\u6211\u7684\u884c\u7a0b\uff01\u8eab\u4e0a\u50c5\u5269\u767e\u9214\u904e\u7a0b\u8d85\u574e\u5777...(\u4e0a\u96c6)\u3010\u773e\u91cf\u7d1aCROWD\u3011",
        "description": "\u2b50\u52a0\u5165\u6211\u5011\u7684YouTube\u6703\u54e1\uff1ahttps://pse.is/U8GDQ\n\ud83d\udc49\u6703\u54e1\u4ecb\u7d39\u5f71\u7247\uff1ahttps://reurl.cc/rlvEKx\n\n\u27a1\u8a02\u95b1YouTube\u3010\u773e\u91cf\u7d1aCROWD x FUN\u751f\u6d3b-\u7b2c\u4e8c\u983b\u9053\u3011\nhttps://is.gd/4dSkyk \n\u27a1\u8a02\u95b1YouTube\u3010\u5bb6\u5be7+0\u3011\nhttps://is.gd/lcdma4 \n\u27a1\u8a02\u95b1YouTube\u3010Andy\u8001\u5e2b\u3011 \nhttps://is.gd/laVony\n------------------------------------------------------------------------------------\n\u27a1FB\u3010\u773e\u91cf\u7d1aCROWD\u3011\nhttps://www.facebook.com/etman0909/\n\u27a1FB\u3010\u5bb6\u5be7+0\u3011\nhttp://bit.ly/29PljQA\n\u27a1FB\u3010Andy\u8001\u5e2b\u3011\nhttp://bit.ly/29JkGYS\n------------------------------------------------------------------------------------\n\u27a1IG\u3010\u773e\u91cf\u7d1aCROWD\u3011\nhttps://www.instagram.com/crowd520/?hl=zh-tw\n------------------------------------------------------------------------------------\n\u27a1\u7f8e\u62cd\u3010\u4f17\u91cf\u7ea7CROWD\u3011\nhttp://www.meipai.com/user/1048418678\n------------------------------------------------------------------------------------\n\u27a1\u5fae\u535a\u3010\u4f17\u91cf\u7ea7CROWD\u3011\nhttp://www.weibo.com/6067696343/profi...\n\n\u27a1\u8a02\u95b1YouTube\u3010\u773e\u91cf\u7d1aCROWD\u3011\nhttps://is.gd/JgIQw6\n\n\u5de5\u4f5c\u9080\u7d04\u8acb\u6d3d\uff1aqunhaient@gmail.com\n\n#\u6574\u4ebaPRANK#\u773e\u91cf\u7d1aCROWD#\u9a19\u51fa\u570b#\u9999\u6e2f",
        "likeCount": "3037",
        "commentCount": "126",
        "viewCount": "164108"
    },
    "comments": [
        {
            "reply_id": "UgxYyYljnpJlZ2oQSxF4AaABAg",
            "reply_content": "\u5bb6\u5be7\u4e0b\u6b21\u4f86\u9999\u6e2f\ud83d\ude02\u8d77\u78bc\u4f4f\u7684\u5730\u65b9\u627e\u9152\u5e97\u6bd4\u8f03\u597d",
            "likeCount": 3
        },
        {
            "reply_id": "Ugzcg63ngQrUfTqyyiF4AaABAg",
            "reply_content": "\u8981\u7b2c\u5f97\u7247\u4e0b\u4e00\u7d1a",
            "likeCount": 1
        },
        {
            "reply_id": "Ugz8u4qvR4x15v5hKdt4AaABAg",
            "reply_content": "\u4f60\u7684\u6c92\u6709\u5237\u7259\u55ce",
            "likeCount": 0
        },
        {
            "reply_id": "UgyH7iKbVK1Oern004Z4AaABAg",
            "reply_content": "\u90a3\u5916\u570b\u4eba\u770b\u8d77\u4f86\u8d85\u96e3\u904e",
            "likeCount": 0
        },
        {
            "reply_id": "UgxI2CrdMqk5kDqVhlF4AaABAg",
            "reply_content": "\u5bb6\u5be7\u4e0b\u6b21\u771f\u7684\u8981\u6ce8\u610f\u5b89\u5168\uff01\u964c\u751f\u7537\u5b50\u771f\u7684\u6bcd\u6e6f",
            "likeCount": 0
        },
        {
            "reply_id": "UgwBqcajV0lomlhkPlh4AaABAg",
            "reply_content": "\u6211\u8981\u627e\u5973\u670b\u53cb\u554a\u554a\u554a\u554a\u554a\u554a\u554a",
            "likeCount": 0
        },
        {
            "reply_id": "UgyWSNxv3-KBaCUkXxl4AaABAg",
            "reply_content": "\u4f5c\u70ba\u9999\u6e2f\u4eba\u8868\u793a\u6c92\u6709\u9047\u898b",
            "likeCount": 0
        },
        {
            "reply_id": "Ugxb8XCyFIWsxxO_U994AaABAg",
            "reply_content": "\u597d\u4e45\u4e0d\u898b",
            "likeCount": 0
        },
        {
            "reply_id": "Ugw0WLEV2kcnlplsWlF4AaABAg",
            "reply_content": "\u7121\u804a",
            "likeCount": 0
        },
        {
            "reply_id": "UgwJ7Z7Uut2CZLh322R4AaABAg",
            "reply_content": "\u4e0d\u932f\u770b",
            "likeCount": 0
        }
    ]
}