{
    "video_info": {
        "id": "_-vDI_FnPe8",
        "channelTitle": "\u773e\u91cf\u7d1aCROWD",
        "title": "\u4e00\u6574\u5929\u51b7\u71b1\u98df\u7269\u6311\u6230\uff01\u5403\u51b0\u5dee\u9ede\u62c9\u809a\u5b50\uff01\uff1f\u5bb6\u5be7\u51fa\u904a\u76f4\u63a5\u88ab\u7260\u786c\u4e0a\uff01\uff1f\u3010\u773e\u91cf\u7d1aCROWD\u3011",
        "description": "\u6b64\u5f71\u7247\u70ba\u5bb6\u5be7\u51fa\u570b\u524d\u6240\u62cd\u651d\u203c\ud83d\ude03\nAndy\u8001\u5e2b\uff1a\u300c\u4e00\u6574\u5929\u5403\u540c\u500b\u6eab\u5ea6\u7684\u6771\u897f \u771f\u7684\u592a\u96e3\u4e86\u300d\n\u5bb6\u5be7:\u300c\u559c\u6b61\u6211\u5011\u9019\u7a2e\u8f15Vlog\u55ce? \u5e95\u4e0b\u7559\u8a00\u8ddf\u6211\u5011\u8aaa\u300d\n\n\u611f\u8b1d\u97d3\u570b\u6700\u5f37\u6297\u66ec\u5929\u5718 #AHC\u51a0\u8ecd\u9632\u66ec\u68d2 \n#\u96f6\u6b7b\u89d2\u7d14\u7269\u7406\u6e05\u723d\u9632\u66ec\u68d2 SPF50 PA++++\n\u7d14\u7269\u7406\u6027\u9632\u66ec\uff0c\u5b88\u8b77\u654f\u5f31/\u554f\u984c\u808c\n#\u96f6\u6b7b\u89d2\u9632\u66ec\u6c34\u611f\u51dd\u9732 SPF50 PA++++\n\u599d\u524d\u9694\u96e2\u4f7f\u7528\uff0c\u8f15\u900f\u6c34\u611f\u5275\u9020\u670d\u8cbc\u5e95\u599d\n\u8b93\u5bb6\u5be7\u6574\u8d9f\u65c5\u7a0b\u90fd\u53ef\u4ee5\u6297\u66ec\u8001\u62d2\u66ec\u9ed1\uff01\n\n\u9084\u6709\u9069\u5408Andy\u8001\u5e2b\u7684\u6cb9\u6027\u808c #\u5168\u80fd\u9632\u8b77\u4eae\u767d\u4e09\u6548\u9632\u66ec\u68d2 \n\u7d66\u4e7e\u6027\u808c\u7684 #\u8d85\u6e05\u723d\u5b8c\u7f8e\u6301\u4e45\u9632\u66ec\u68d2\n\n\u2b50\u52a0\u5165\u6211\u5011\u7684YouTube\u6703\u54e1\uff1ahttps://pse.is/U8GDQ\n\ud83d\udc49\u6703\u54e1\u4ecb\u7d39\u5f71\u7247\uff1ahttps://reurl.cc/rlvEKx\n\n\u27a1\u8a02\u95b1YouTube\u3010\u773e\u91cf\u7d1aCROWD x FUN\u751f\u6d3b-\u7b2c\u4e8c\u983b\u9053\u3011\nhttps://is.gd/4dSkyk \n\u27a1\u8a02\u95b1YouTube\u3010\u5bb6\u5be7+0\u3011\nhttps://is.gd/lcdma4 \n\u27a1\u8a02\u95b1YouTube\u3010Andy\u8001\u5e2b\u3011 \nhttps://is.gd/laVony\n------------------------------------------------------------------------------------\n\u27a1FB\u3010\u773e\u91cf\u7d1aCROWD\u3011\nhttps://www.facebook.com/etman0909/\n\u27a1FB\u3010\u5bb6\u5be7+0\u3011\nhttp://bit.ly/29PljQA\n\u27a1FB\u3010Andy\u8001\u5e2b\u3011\nhttp://bit.ly/29JkGYS\n------------------------------------------------------------------------------------\n\u27a1IG\u3010\u773e\u91cf\u7d1aCROWD\u3011\nhttps://www.instagram.com/crowd520/?hl=zh-tw\n------------------------------------------------------------------------------------\n\u27a1\u7f8e\u62cd\u3010\u4f17\u91cf\u7ea7CROWD\u3011\nhttp://www.meipai.com/user/1048418678\n------------------------------------------------------------------------------------\n\u27a1\u5fae\u535a\u3010\u4f17\u91cf\u7ea7CROWD\u3011\nhttp://www.weibo.com/6067696343/profi...\n\n\u27a1\u8a02\u95b1YouTube\u3010\u773e\u91cf\u7d1aCROWD\u3011\nhttps://is.gd/JgIQw6\n\n\u5de5\u4f5c\u9080\u7d04\u8acb\u6d3d\uff1aqunhaient@gmail.com\n\n#\u51b7\u71b1\u6311\u6230#\u773e\u91cf\u7d1aCROWD#\u60c5\u4fb6",
        "likeCount": "7073",
        "commentCount": "235",
        "viewCount": "319527"
    },
    "comments": [
        {
            "reply_id": "Ugxhkq0aEqfnawzWuMl4AaABAg",
            "reply_content": "\u5bb6\u5be7\u7d20\u984f\u7684\u6642\u5019\u6709\u4e00\u9ede\u9ed1\u9ed1\u7684\u4f46\u662f\u9084\u662f\u5f88\u7f8e\u4f60\u662f\u6211\u898b\u904e\u6700\u7f8e\u7684\u5275\u4f5c\u8005\u4e86",
            "likeCount": 1
        },
        {
            "reply_id": "UgxBZQlazdiwwxOUxkp4AaABAg",
            "reply_content": "\u5bb6\u5be7\u7d20\u984f\u4e00\u6a23\u597d\u770b",
            "likeCount": 1
        },
        {
            "reply_id": "Ugw1vH3RXgr5X-a--BN4AaABAg",
            "reply_content": "\u5bb6\u5be7\u600e\u9ebc\u6c92\u5316\u599d",
            "likeCount": 1
        },
        {
            "reply_id": "UgxNG-AIFozQrpOtAjN4AaABAg",
            "reply_content": "\u6b50\u6d32\u90a3\u96bb\u7247\u7684\u6642\u5019\u9084\u6c92\u90a3\u9ebc\u9ed1\u5427\uff0c\u51fa\u570b\u524d\u62cd\u651d\u7684\u600e\u9ebc\u9ed1\u4e86\u9019\u9ebc\u591a",
            "likeCount": 1
        },
        {
            "reply_id": "UgxRJ4nA67b_jLYQpkx4AaABAg",
            "reply_content": "\u5c37\u5c2c",
            "likeCount": 1
        },
        {
            "reply_id": "UgxKKSogtOOAkn1lfw14AaABAg",
            "reply_content": "\u771f\u7684\u662f\u5929\u7afa\u9f20\u8eca\u8eca",
            "likeCount": 0
        },
        {
            "reply_id": "Ugz8bH_EWJMxgYZLpDh4AaABAg",
            "reply_content": "\u6211\u6709\u6311\u6230\u904e",
            "likeCount": 0
        },
        {
            "reply_id": "UgytPN7_uOO2FRROLjh4AaABAg",
            "reply_content": "\u55e8\u7684",
            "likeCount": 0
        },
        {
            "reply_id": "UgztUtlZ9VyiGkmTAxR4AaABAg",
            "reply_content": "\u6c92\u5316\u599d\u9084\u662f\u597d\u5e25\u597d\u7f8e",
            "likeCount": 0
        },
        {
            "reply_id": "UgyZAyGFT0BlB789Kpx4AaABAg",
            "reply_content": "\u5e0c\u671b\u770b\u4f60\u5011\u4e00\u8d77\u73a9\u5be6\u5883\u5c0b\u5bf6\u904a\u6232",
            "likeCount": 0
        },
        {
            "reply_id": "UgzNGKhaDs0qeNOTGMp4AaABAg",
            "reply_content": "\u6311\u6218\u53ea\u4e70\u4e00\u79cd\u989c\u8272\u7684\u98df\u7269",
            "likeCount": 0
        },
        {
            "reply_id": "UgxxUsjB-NfC_E6HEjl4AaABAg",
            "reply_content": "\u661f\u671f\u5929\u665a\u4e0a",
            "likeCount": 0
        },
        {
            "reply_id": "UgzU9jeStDnDVB8_iUR4AaABAg",
            "reply_content": "\u4f60\u7684\u4eba\u6578\u662f\u8cb7\u7684\u55ce\uff0c\u611f\u89ba\u89c0\u770b\u6b21\u6578\u8207\u8abf\u95b1\u6578\u5f88\u4e0d\u5408\u7406",
            "likeCount": 0
        },
        {
            "reply_id": "UgwDtS1zMFfX_s-b3IB4AaABAg",
            "reply_content": "\u6211\u767c\u73fe\u5bb6\u5be7\u7684\u81c9\u8b8a\u9ed1\u4e86",
            "likeCount": 0
        },
        {
            "reply_id": "UgwKjE06x8wSpfE2oYJ4AaABAg",
            "reply_content": "\u597d\u50cf\u54c1\u5b50\u5594",
            "likeCount": 0
        },
        {
            "reply_id": "UgwDzXGpLZD1NgjUPDB4AaABAg",
            "reply_content": "\u5bb6\u5be7\u8b8a\u9ed1\u4e86",
            "likeCount": 0
        },
        {
            "reply_id": "UgwdMsQAt08cC3k4pKZ4AaABAg",
            "reply_content": "\u60f3\u770b\u82d7\u6817\u82d7\u6817",
            "likeCount": 0
        },
        {
            "reply_id": "Ugz1zD21Tkc0X-IZboZ4AaABAg",
            "reply_content": "\u4f60\u5011\u7684\u7bc0\u76ee\u8acb\u4e0d\u8981\u53bb\u7528\u90b0\u54e5\u7684\u51fa\u982d",
            "likeCount": 0
        },
        {
            "reply_id": "Ugx-yw6RLkxdF9Y0nrN4AaABAg",
            "reply_content": "\u597d\u4e45\u6c92\u770b\u5230\u4e92\u6574\u7cfb\u5217\u4e86",
            "likeCount": 0
        },
        {
            "reply_id": "Ugz1lVir4CFJ0wM8ehp4AaABAg",
            "reply_content": "\u5bb6\u5be7\u8b8a\u9ed1\u4e86",
            "likeCount": 0
        },
        {
            "reply_id": "UgwJkPxhMmKPLuNfXTx4AaABAg",
            "reply_content": "\u696d\u914d\u9632\u66ec\u7d50\u679c\u4e00\u6a23\u9ed1",
            "likeCount": 0
        },
        {
            "reply_id": "UgwM6pd8qXwTDy1fQwN4AaABAg",
            "reply_content": "\u5bb6\u5be7\u597d\u6f02\u4eae",
            "likeCount": 0
        },
        {
            "reply_id": "UgztcgB34xEiXdChZoV4AaABAg",
            "reply_content": "\u5bb6\u5be7\u662f\u4e0d\u662f\u8b8a\u9ed1",
            "likeCount": 0
        },
        {
            "reply_id": "Ugwl1TZWG869RvY2RjN4AaABAg",
            "reply_content": "\u5bb6\u5be7\u8b8a\u9ed1\u5bb6\u5bb6\u4e86",
            "likeCount": 0
        },
        {
            "reply_id": "UgzraFpAcWKRJnc1AL54AaABAg",
            "reply_content": "\u5bb6\u5be7\u70ba\u4ec0\u9ebc\u8b8a\u9019\u9ebc\u9ed1\u672c\u4f86\u767d\u767d\u7684\u5f88\u597d\u770b",
            "likeCount": 0
        }
    ]
}