{
    "video_info": {
        "id": "Bpz0UszOn2M",
        "channelTitle": "\u773e\u91cf\u7d1aCROWD",
        "title": "\u9a19\u7537\u53cb\u53bb\u9999\u6e2f\u4e00\u661f\u98ef\u5e97\u5165\u4f4f\u2b50\u74b0\u5883\u60e1\u52a3\uff01\uff1f\u6cbb\u5b89\u582a\u6182\uff01\uff1f\u4ed6\u770b\u5230\u7684\u53cd\u61c9\u662f\u4ec0\u9ebc\uff1f(\u4e0b\u96c6)\u3010\u773e\u91cf\u7d1aCROWD\u3011",
        "description": "\u51e1\u5728Youtube\u6b64\u5f71\u7247\u6309\u8b9a+\u8a02\u95b1+\u5206\u4eab+\u7559\u8a00\u300c\u6211\u611b\u773e\u91cf\u7d1a\u300d\u5c31\u80fd\u53c3\u8207\u6b64\u6b21\u62bd\u734e\ud83c\udf81\n\n\u62bd\u734e\u734e\u54c1\uff1a\u73b2\u5a1c\u8c9d\u5152\u982d\u98fe(\u7c89\u8272)x1 / \u7c73\u5947\u982d\u98fe(\u9ed1\u85cd\u8272)x1 / \u7c89\u7d05\u8272\u5c0f\u5074\u80cc\u5305 / \u73b2\u5a1c\u8c9d\u5152\u73a9\u5076 x1 /\u9054\u83f2\u718a\u9aee\u5708(\u4e00\u5c0d) x1  \uff08\u4ee5\u4e0a\u734e\u54c1\u5df2\u62c6\u5c01\uff0c\u975e\u5168\u65b0\u5546\u54c1\uff09\n\n\u5171\u6703\u62bd\u51fa5\u540d\u5e78\u904b\u5f97\u4e3b\uff01\n\n\u6d3b\u52d5\u6642\u9593\uff1a6/4-6/10\n\n\u795d\u4f60\u5011\u6709\u6a5f\u6703\u4e2d\u734e\u5594\uff01\u5f88\u958b\u5fc3\u80fd\u628a\u9019\u500b\u559c\u6085\u5206\u4eab\u7d66\u4f60\uff01\u5e0c\u671b\u4f60\u5011\u6536\u5230\u79ae\u7269\u6703\u5f88\u958b\u5fc3\ud83d\ude01\n\n\u2b50\u52a0\u5165\u6211\u5011\u7684YouTube\u6703\u54e1\uff1ahttps://pse.is/U8GDQ\n\ud83d\udc49\u6703\u54e1\u4ecb\u7d39\u5f71\u7247\uff1ahttps://reurl.cc/rlvEKx\n\n\u27a1\u8a02\u95b1YouTube\u3010\u773e\u91cf\u7d1aCROWD x FUN\u751f\u6d3b-\u7b2c\u4e8c\u983b\u9053\u3011\nhttps://is.gd/4dSkyk \n\u27a1\u8a02\u95b1YouTube\u3010\u5bb6\u5be7+0\u3011\nhttps://is.gd/lcdma4 \n\u27a1\u8a02\u95b1YouTube\u3010Andy\u8001\u5e2b\u3011 \nhttps://is.gd/laVony\n------------------------------------------------------------------------------------\n\u27a1FB\u3010\u773e\u91cf\u7d1aCROWD\u3011\nhttps://www.facebook.com/etman0909/\n\u27a1FB\u3010\u5bb6\u5be7+0\u3011\nhttp://bit.ly/29PljQA\n\u27a1FB\u3010Andy\u8001\u5e2b\u3011\nhttp://bit.ly/29JkGYS\n------------------------------------------------------------------------------------\n\u27a1IG\u3010\u773e\u91cf\u7d1aCROWD\u3011\nhttps://www.instagram.com/crowd520/?hl=zh-tw\n------------------------------------------------------------------------------------\n\u27a1\u7f8e\u62cd\u3010\u4f17\u91cf\u7ea7CROWD\u3011\nhttp://www.meipai.com/user/1048418678\n------------------------------------------------------------------------------------\n\u27a1\u5fae\u535a\u3010\u4f17\u91cf\u7ea7CROWD\u3011\nhttp://www.weibo.com/6067696343/profi...\n\n\u27a1\u8a02\u95b1YouTube\u3010\u773e\u91cf\u7d1aCROWD\u3011\nhttps://is.gd/JgIQw6\n\n\u5de5\u4f5c\u9080\u7d04\u8acb\u6d3d\uff1aqunhaient@gmail.com\n\n#\u6574\u4ebaPRANK#\u773e\u91cf\u7d1aCROWD#\u9a19\u51fa\u570b#\u9999\u6e2f #\u8fea\u58eb\u5c3c",
        "likeCount": "4171",
        "commentCount": "489",
        "viewCount": "192421"
    },
    "comments": [
        {
            "reply_id": "UgywNoqWU9xtFyUYN7t4AaABAg",
            "reply_content": "\u6c92\u6709\u62bd\u734e",
            "likeCount": 1
        },
        {
            "reply_id": "UgxamBs1uoZJ0ArP6qN4AaABAg",
            "reply_content": "\u9999\u6e2f\u89c0\u773e\u5831\u5230",
            "likeCount": 0
        },
        {
            "reply_id": "UgxYYdfTG6GlCbCq4nt4AaABAg",
            "reply_content": "\u6211\u611b\u773e\u91cf\u7d1a",
            "likeCount": 0
        },
        {
            "reply_id": "UgxUGYFLM9lYFRjmVi94AaABAg",
            "reply_content": "\u6211\u611b\u91cd\u91cf\u7d1a",
            "likeCount": 0
        },
        {
            "reply_id": "UgxpNpQoDNsbb6krCgF4AaABAg",
            "reply_content": "\u6211\u611b\u773e\u91cf\u7d1a",
            "likeCount": 0
        },
        {
            "reply_id": "UgySQcgr2gptUD73Ayl4AaABAg",
            "reply_content": "\u6211\u611b\u773e\u91cf\u7d1a",
            "likeCount": 0
        },
        {
            "reply_id": "Ugz8OHBRTGOT41CFFy94AaABAg",
            "reply_content": "\u6211\u611b\u773e\u91cf\u7d1a",
            "likeCount": 0
        },
        {
            "reply_id": "Ugxs2ekacXpzyMB1LSt4AaABAg",
            "reply_content": "\u6211\u611b\u773e\u91cf\u7d1a",
            "likeCount": 0
        },
        {
            "reply_id": "UgwG2w1dG0XzzFUmUbB4AaABAg",
            "reply_content": "\u6211\u611b\u773e\u91cf\u7d1a",
            "likeCount": 0
        },
        {
            "reply_id": "UgxfGq-gZLZQf-79eo54AaABAg",
            "reply_content": "\u6211\u611b\u773e\u91cf\u7d1a",
            "likeCount": 0
        },
        {
            "reply_id": "Ugw0jklUlqQ6Ti27k_p4AaABAg",
            "reply_content": "\u6211\u611b\u773e\u91cf\u7d1a",
            "likeCount": 0
        },
        {
            "reply_id": "UgzTnHrqeoZ0wd5iVWd4AaABAg",
            "reply_content": "\u6211\u611b\u773e\u91cf\u7d1a",
            "likeCount": 0
        },
        {
            "reply_id": "UgyfsyLZ1-oF0ytIT4d4AaABAg",
            "reply_content": "\u6211\u611b\u773e\u91cf\u7d1a",
            "likeCount": 0
        },
        {
            "reply_id": "Ugwu4ovfyWKWqERJqnR4AaABAg",
            "reply_content": "\u6211\u611b\u773e\u91cf\u7d1a",
            "likeCount": 0
        },
        {
            "reply_id": "UgxZr2SnRs4ieXQCs354AaABAg",
            "reply_content": "\u6211\u611b\u773e\u91cf\u7d1a",
            "likeCount": 0
        },
        {
            "reply_id": "UgzQuh-D_gHBzzgMGA94AaABAg",
            "reply_content": "\u5c0f\u5fc3\u9999\u6e2f\u4eba\u5c0d\u59b3\u4e0d\u5ba2\u6c23\u9084\u6709\u5c0f\u5fc3\u8001\u9f20\u5176\u5b83\u5bb3\u87f2\u4e0b\u4e00\u6b21\u53bb\u597d\u7684\u5225\u53bb\u9999\u6e2f\u5566",
            "likeCount": 0
        },
        {
            "reply_id": "UgzaTOGM7SE5Ytkoo3t4AaABAg",
            "reply_content": "\u6211\u611b\u773e\u91cf\u7d1a",
            "likeCount": 0
        },
        {
            "reply_id": "UgwBWy26qeSly-OLYFJ4AaABAg",
            "reply_content": "\u6211\u611b\u773e\u91cf\u7d1a",
            "likeCount": 0
        },
        {
            "reply_id": "UgzeKDI5FFu0FFdhMh54AaABAg",
            "reply_content": "\u6211\u6709\u53bb\u4f4f\u904e\u771f\u7684\u883b\u6050\u6016",
            "likeCount": 0
        },
        {
            "reply_id": "UgzoBSp8nv4zA7q4sDV4AaABAg",
            "reply_content": "\u6211\u611b\u773e\u91cf\u7d1a",
            "likeCount": 0
        },
        {
            "reply_id": "UgyGkQpqpdHMmzVF0uJ4AaABAg",
            "reply_content": "\u6211\u611b\u773e\u91cf\u7d1a",
            "likeCount": 0
        },
        {
            "reply_id": "UgybFVk7O_ie5DYV4aR4AaABAg",
            "reply_content": "\u6211\u611b\u773e\u91cf\u7d1a",
            "likeCount": 0
        },
        {
            "reply_id": "UgwzC4i5nHVhTr9zp9N4AaABAg",
            "reply_content": "\u6211\u611b\u773e\u91cf\u7d1a",
            "likeCount": 0
        },
        {
            "reply_id": "UgwqmacKbeYRQXcQHKd4AaABAg",
            "reply_content": "\u6211\u611b\u773e\u91cf\u7d1a",
            "likeCount": 0
        },
        {
            "reply_id": "UgzWkbShwyE176dGwyZ4AaABAg",
            "reply_content": "\u6211\u7231\u91cd\u91cf\u7ea7",
            "likeCount": 0
        }
    ]
}