{
    "video_info": {
        "id": "clVQa_484Nc",
        "channelTitle": "\u773e\u91cf\u7d1aCROWD",
        "title": "\u7537\u5973\u8a8d\u77e5\u5dee\u7570\ud83d\ude02#\u773e\u91cf\u7d1acrowd",
        "description": "",
        "likeCount": "12577",
        "commentCount": "69",
        "viewCount": "576347"
    },
    "comments": [
        {
            "reply_id": "Ugw5Xi4qcBx9afo97fF4AaABAg",
            "reply_content": "\u5bb6\u5be7\u53cd\u61c9\u597d\u53ef\u611b\u5440",
            "likeCount": 33
        },
        {
            "reply_id": "UgzI0WefZfFIx5pFZOl4AaABAg",
            "reply_content": "\u771f\u7684\u662f\u524d\u5f8c\u5206\u4e0d\u6e05\u695a",
            "likeCount": 9
        },
        {
            "reply_id": "UgwSaMvX8BWif59b9f54AaABAg",
            "reply_content": "\u4e94\u661f\u597d\u5e73",
            "likeCount": 4
        },
        {
            "reply_id": "UgznH3XEJl3Eo6XJuw14AaABAg",
            "reply_content": "\u982d\u6cb9\u5230\u767c\u5149",
            "likeCount": 3
        },
        {
            "reply_id": "UgwnfSukRycV4vJnIqh4AaABAg",
            "reply_content": "\u982d\u597d\u6cb9",
            "likeCount": 3
        },
        {
            "reply_id": "UgxKUAIghIYU4pItXRh4AaABAg",
            "reply_content": "\u600e\u9ebc\u4e0d\u89aa\u4e0b\u53bb",
            "likeCount": 3
        },
        {
            "reply_id": "UgzfCxaIjdrx-yoBgMl4AaABAg",
            "reply_content": "\u5934\u53d1\u5f88\u6cb9",
            "likeCount": 2
        },
        {
            "reply_id": "Ugw9pBZIUfGvXzvpNwx4AaABAg",
            "reply_content": "\u4ec0\u9ebc\u59b9",
            "likeCount": 2
        },
        {
            "reply_id": "UgxtwCkI-Z18YzV488t4AaABAg",
            "reply_content": "\u90a3\u4e0d\u662f\u4f60\u7684\u5973\u670b\u53cb\u5417",
            "likeCount": 1
        },
        {
            "reply_id": "Ugx7v_u1Rlbudcg12TN4AaABAg",
            "reply_content": "\u4f60\u5011\u662f\u5144\u59b9\u9084\u662f\u7537\u5973\u670b\u53cb",
            "likeCount": 1
        },
        {
            "reply_id": "UgzLgH5MKGoUdIlIPAJ4AaABAg",
            "reply_content": "\u982d\u9aee\u4e0a\u6709\u6c34",
            "likeCount": 1
        },
        {
            "reply_id": "UgxxNYgLywH5IkfWCSR4AaABAg",
            "reply_content": "\u8fd8\u662f\u53f0\u6e7e\u6b63\u70b9",
            "likeCount": 0
        },
        {
            "reply_id": "UgzUM70WMr54Qxh0jM94AaABAg",
            "reply_content": "\u59b3\u6dfa\u6dfa\u7684\u5fae\u7b11\u5c31\u50cf\u70cf\u6885\u5b50\u91ac\u6211\u5690\u4e86\u59b3\u5634\u89d2\u5507\u818f\u8584\u8377\u5473\u9053",
            "likeCount": 0
        },
        {
            "reply_id": "UgzqEMgcgcIpA8pm5Op4AaABAg",
            "reply_content": "\u9f3b\u5b50",
            "likeCount": 0
        },
        {
            "reply_id": "Ugw2LCSAnFRfL7DRWad4AaABAg",
            "reply_content": "\u9019\u7259\u9f52\u6709\u83dc\u6e23",
            "likeCount": 0
        }
    ]
}