{
    "video_info": {
        "id": "CRe871RUxzo",
        "channelTitle": "\u773e\u91cf\u7d1aCROWD",
        "title": "Tag\u4f60\u7537\u53cb\u4f86\u807d\uff0c\u7136\u5f8c\u7559\u8a00\u4ed6\u7684\u8868\u60c5\u662f\u4ec0\u9ebc\uff1f\ud83d\ude02#\u6e23\u7537\u8a9e\u9304",
        "description": "",
        "likeCount": "2016",
        "commentCount": "14",
        "viewCount": "61880"
    },
    "comments": [
        {
            "reply_id": "UgyfLHCLZX-ntvpeex14AaABAg",
            "reply_content": "\u54c8\u54c8\u6211\u662f\u4f60\u7684\u597d\u59d0\u59b9",
            "likeCount": 1
        },
        {
            "reply_id": "UgxJ_0rypLTDr2FWvVR4AaABAg",
            "reply_content": "\u54c8\u54c8",
            "likeCount": 1
        },
        {
            "reply_id": "UgxKN1G69-1xaZb_jed4AaABAg",
            "reply_content": "\u624b\u4e0a\u4eba\u5bb6\u90fd\u62ff\u77f3\u982d",
            "likeCount": 0
        },
        {
            "reply_id": "UgwcRWrNktK1dHV6q654AaABAg",
            "reply_content": "\u8a72\u9644\u4e0a\u5169\u9846\u77f3\u982d\u4e86\u5427",
            "likeCount": 0
        }
    ]
}