{
    "video_info": {
        "id": "dGS052C2iKQ",
        "channelTitle": "\u773e\u91cf\u7d1aCROWD",
        "title": "\u70ba\u4e86\u9001\u7537\u53cb\u9019\u4efd\u79ae\u7269 \u6211\u8dd1\u5230\u4e86\u5df4\u9ece...\u3010\u773e\u91cf\u7d1aCROWD\u3011",
        "description": "\u2b50\u52a0\u5165\u6211\u5011\u7684YouTube\u6703\u54e1\uff1ahttps://pse.is/U8GDQ\n\ud83d\udc49\u6703\u54e1\u4ecb\u7d39\u5f71\u7247\uff1ahttps://reurl.cc/rlvEKx\n\n\u27a1\u8a02\u95b1YouTube\u3010\u773e\u91cf\u7d1aCROWD x FUN\u751f\u6d3b-\u7b2c\u4e8c\u983b\u9053\u3011\nhttps://is.gd/4dSkyk \n\u27a1\u8a02\u95b1YouTube\u3010\u5bb6\u5be7+0\u3011\nhttps://is.gd/lcdma4 \n\u27a1\u8a02\u95b1YouTube\u3010Andy\u8001\u5e2b\u3011 \nhttps://is.gd/laVony\n------------------------------------------------------------------------------------\n\u27a1FB\u3010\u773e\u91cf\u7d1aCROWD\u3011\nhttps://www.facebook.com/etman0909/\n\u27a1FB\u3010\u5bb6\u5be7+0\u3011\nhttp://bit.ly/29PljQA\n\u27a1FB\u3010Andy\u8001\u5e2b\u3011\nhttp://bit.ly/29JkGYS\n------------------------------------------------------------------------------------\n\u27a1IG\u3010\u773e\u91cf\u7d1aCROWD\u3011\nhttps://www.instagram.com/crowd520/?hl=zh-tw\n------------------------------------------------------------------------------------\n\u27a1\u7f8e\u62cd\u3010\u4f17\u91cf\u7ea7CROWD\u3011\nhttp://www.meipai.com/user/1048418678\n------------------------------------------------------------------------------------\n\u27a1\u5fae\u535a\u3010\u4f17\u91cf\u7ea7CROWD\u3011\nhttp://www.weibo.com/6067696343/profi...\n\n\u27a1\u8a02\u95b1YouTube\u3010\u773e\u91cf\u7d1aCROWD\u3011\nhttps://is.gd/JgIQw6\n\n\u5de5\u4f5c\u9080\u7d04\u8acb\u6d3d\uff1aqunhaient@gmail.com\n\n#\u9001\u7537\u53cb\u7684\u79ae\u7269#\u773e\u91cf\u7d1aCROWD#\u60c5\u4fb6",
        "likeCount": "3822",
        "commentCount": "184",
        "viewCount": "229784"
    },
    "comments": [
        {
            "reply_id": "UgwVCWHq5yiz9_MqHb54AaABAg",
            "reply_content": "\u5230\u5e95\u662f\u600e\u6a23\u554a\u70ba\u4ec0\u9ebc\u73fe\u5728\u7684\u5f71\u7247\u90fd\u8d85\u60b2\u50b7",
            "likeCount": 51
        },
        {
            "reply_id": "UgxYKC8EAFesRQOdFhx4AaABAg",
            "reply_content": "\u600e\u9ebc\u62cd\u500b\u7247\u5c31\u50cf\u662f\u7537\u53cb\u5df2\u7d93\u6b7b\u4e86",
            "likeCount": 36
        },
        {
            "reply_id": "UgzZOfpBHPCSu7YE8l94AaABAg",
            "reply_content": "\u5e0c\u671b\u53ef\u4ee5\u91cd\u56de\u4ee5\u524d\u7684\u6574\u4eba",
            "likeCount": 29
        },
        {
            "reply_id": "Ugx0p6YkDrNcrHs9art4AaABAg",
            "reply_content": "\u6700\u8fd1\u7684\u5f71\u7247\u8ca0\u9762\u60c5\u7dd2\u58d3\u8feb\u611f\u5f88\u5927",
            "likeCount": 14
        },
        {
            "reply_id": "UgybFFvkp5uyJuu6sw94AaABAg",
            "reply_content": "\u7537\u53cb\u662f\u4e0d\u662f\u5df2\u7d93\u6b7b\u4e86",
            "likeCount": 5
        },
        {
            "reply_id": "UgyrVYRpiwsxCqW5Gp54AaABAg",
            "reply_content": "\u611f\u89ba\u5bb6\u5be7\u6709\u4e00\u9ede\u5728\u5f37\u984f\u6b61\u7b11 \u5e0c\u671b\u4f60\u5011\u958b\u958b\u5fc3\u5fc3\u5594",
            "likeCount": 1
        },
        {
            "reply_id": "UgzyqBDx96t1rz4B2FN4AaABAg",
            "reply_content": "\u5bb6\u5be7\u771f\u7684\u66ec\u5f97\u597d\u9ed1",
            "likeCount": 1
        },
        {
            "reply_id": "UgzS4beARhbmgXmXyqF4AaABAg",
            "reply_content": "\u9019\u4efd\u79ae\u7269\u5145\u6eff\u6eab\u6696\u8b9a",
            "likeCount": 1
        },
        {
            "reply_id": "UgwkRCYx6Rchcbovik94AaABAg",
            "reply_content": "\u8b8a\u9ed1\u597d\u591a",
            "likeCount": 0
        },
        {
            "reply_id": "UgyX_75KOIu7K8DfDCF4AaABAg",
            "reply_content": "\u819a\u8272\u8ddf\u4ee5\u524d\u5dee\u592a\u591a\u4e86\u5427",
            "likeCount": 0
        },
        {
            "reply_id": "UgwEpdvjRruksdl2HhN4AaABAg",
            "reply_content": "\u597d\u68d2\u5594",
            "likeCount": 0
        },
        {
            "reply_id": "UgzYKDPMiHIDRAiOd9p4AaABAg",
            "reply_content": "\u600e\u8b8a\u9ebc\u9ed1",
            "likeCount": 0
        },
        {
            "reply_id": "Ugy9cVCyFuLBzAnNTL54AaABAg",
            "reply_content": "\u9ed1\u4e86",
            "likeCount": 0
        },
        {
            "reply_id": "UgxcebpKudPe6NoWUsl4AaABAg",
            "reply_content": "\u5bb6\u5be7\u611f\u89ba\u8b8a\u9ed1\u8d85\u591a\u7684",
            "likeCount": 0
        },
        {
            "reply_id": "UgxJsB5LnSB3oA0DoI94AaABAg",
            "reply_content": "\u597d\u7fa8\u6155\u4f60\u5011\u7684\u611b\u60c5",
            "likeCount": 0
        },
        {
            "reply_id": "UgzR-6prFYZRZjB-gIZ4AaABAg",
            "reply_content": "\u66ec\u5230\u8b8a\u6b50\u7f8e\u611f\u89ba\u4e86",
            "likeCount": 0
        },
        {
            "reply_id": "UgxvyIcO-n6RloqdjsB4AaABAg",
            "reply_content": "\u770b\u5feb\u7d50\u5a5a",
            "likeCount": 0
        },
        {
            "reply_id": "UgzAg9os_Q-FASpZ-MZ4AaABAg",
            "reply_content": "\u600e\u9ebc\u89ba\u5f97\u5bb6\u5be7\u6700\u8fd1\u597d\u50cf\u6c92\u6709\u4ee5\u524d\u90a3\u9ebc\u5feb\u6a02",
            "likeCount": 185
        },
        {
            "reply_id": "Ugw1rZtMgDFglGhrqlR4AaABAg",
            "reply_content": "\u600e\u9ebc\u6700\u8fd1\u90fd\u662f\u5169\u500b\u4eba\u5206\u958b\u6d3b\u52d5\u554a\u3002\u6703\u4e0d\u6703\u7b49\u7b49\u8001\u5e2b\u53c8\u98db\u5df4\u9ece\u627e\u4f60",
            "likeCount": 13
        },
        {
            "reply_id": "Ugzoxue6nGYurXAVwQl4AaABAg",
            "reply_content": "\u5bb6\u5be7\u8b8a\u7684\u597d\u6210\u719f",
            "likeCount": 8
        },
        {
            "reply_id": "Ugxu25Tj1zNVGGK9vHp4AaABAg",
            "reply_content": "\u770b\u5bb6\u5be7\u53bb\u4e5f\u6c92\u6709\u6234\u53e3\u7f69\u5916\u570b\u4eba\u4e5f\u662f\u6709\u9ede\u4e0d\u7fd2\u6163",
            "likeCount": 1
        },
        {
            "reply_id": "UgyT4cq5l9VosW8zHxF4AaABAg",
            "reply_content": "\u5bb6\u5be7\u662f\u4e0d\u662f\u76ae\u819a\u88ab\u66ec\u9ed1\u4e86",
            "likeCount": 1
        },
        {
            "reply_id": "UgxZ4k2ncgxvi7XxZq54AaABAg",
            "reply_content": "\u597d\u9ed1",
            "likeCount": 1
        },
        {
            "reply_id": "UgzsnvwoNFkmD61Db6N4AaABAg",
            "reply_content": "\u61f7\u5ff5\u4ee5\u524d\u4e0d\u7528\u6234\u53e3\u7f69\u7684\u6642\u5149",
            "likeCount": 0
        },
        {
            "reply_id": "Ugz8JeaHbU8XCqpVcBh4AaABAg",
            "reply_content": "\u5916\u570b\u4eba\u90fd\u6c92\u6709\u5728\u6234\u53e3\u7f69\u7684\u55ce",
            "likeCount": 0
        }
    ]
}