{
    "video_info": {
        "id": "Dx2I5LqXhMw",
        "channelTitle": "\u773e\u91cf\u7d1aCROWD",
        "title": "\u5973\u5b69\u8981\u7684\u5176\u5be6\u5f88\u7c21\u55ae\ud83d\udc97\ud83d\udc69\ud83c\udffb\u200d\u2764\ufe0f\u200d\ud83d\udc68\ud83c\udffb \u200b\u2060",
        "description": "",
        "likeCount": "1407",
        "commentCount": "54",
        "viewCount": "37132"
    },
    "comments": [
        {
            "reply_id": "UgwqQ24YrPcicd-E8dl4AaABAg",
            "reply_content": "\u611f\u52d5",
            "likeCount": 5
        },
        {
            "reply_id": "UgxMRP_lAo2bFo4DubZ4AaABAg",
            "reply_content": "\u8b9a\u8b9a",
            "likeCount": 5
        },
        {
            "reply_id": "UgyAANbZdMugcqk2_wJ4AaABAg",
            "reply_content": "\u53ef\u4ee5\u518d\u51fa\u6574\u4eba\u55ce\u5bb6\u5be7",
            "likeCount": 5
        },
        {
            "reply_id": "UgyGbP5iXdy4KKGEfIZ4AaABAg",
            "reply_content": "\u5fc3\u9023\u5fc3",
            "likeCount": 4
        },
        {
            "reply_id": "UgzQZ6sxmbJMHCZWKHZ4AaABAg",
            "reply_content": "\u5f9e\u5c0f\u770b\u5230\u5927",
            "likeCount": 4
        },
        {
            "reply_id": "Ugx8DGOqpQxzreLJ7pt4AaABAg",
            "reply_content": "\u524d\u6392",
            "likeCount": 4
        },
        {
            "reply_id": "Ugwxavo8h2kvk5bsvzF4AaABAg",
            "reply_content": "\u4e00\u8df3\u51fa\u4f86\u5c31\u770b\u4e86",
            "likeCount": 3
        },
        {
            "reply_id": "UgxIuJHbBKvob9KVhQx4AaABAg",
            "reply_content": "\u6211\u62ff\u5230\u5a03\u5a03\u7684\u53cd\u61c9\u8ddf\u5bb6\u5be7\u4e00\u6a23\uff0c\u6703\u975e\u5e38\u975e\u5e38\u958b\u5fc3",
            "likeCount": 2
        },
        {
            "reply_id": "Ugzlzr1AdJ2f843u7Yp4AaABAg",
            "reply_content": "\u751a\u9ebc\u6642\u5019\u624d\u6703\u66f4\u65b0\u5f71\u7247",
            "likeCount": 2
        },
        {
            "reply_id": "Ugx8X0rnwfWDuMqSHl14AaABAg",
            "reply_content": "\u4e3a\u4ec0\u4e48\u7ed3\u5c40\u6709\u4e09\u53ea",
            "likeCount": 1
        },
        {
            "reply_id": "Ugw1T65x2uRHRV73kYV4AaABAg",
            "reply_content": "\u7121\u804a",
            "likeCount": 1
        },
        {
            "reply_id": "Ugz2uljF9EeROMalJY14AaABAg",
            "reply_content": "\u6c38\u6d74\u611b\u6cb3",
            "likeCount": 0
        },
        {
            "reply_id": "Ugxpj36CYsO-2E3FMFZ4AaABAg",
            "reply_content": "\u68d2",
            "likeCount": 0
        },
        {
            "reply_id": "UgxhV_7muJB-ZgtrtYB4AaABAg",
            "reply_content": "\u6293\u7684\u65b9\u5f0f\u4e0d\u5c0d\u6709\u7a7a\u53eb\u8349\u723a\u6559\u4f60",
            "likeCount": 0
        }
    ]
}