{
    "video_info": {
        "id": "e-aDyb9npbA",
        "channelTitle": "\u773e\u91cf\u7d1aCROWD",
        "title": "\u5973\u53cb\u53c8\u51fa\u570b\u4e86\uff01\uff1f\u76f4\u63a5\u53bb\u6cf0\u570b\u591c\u5e97 \u5c3a\u5ea6\u8d85\u5927\u76f4\u63a5X\u4e0a\u53bb\uff01\uff1f\u3010\u773e\u91cf\u7d1aCROWD\u3011",
        "description": "Andy\u8001\u5e2b\uff1a\u300c\u7b11\u50b2\u98db\u9df9\u4f60\u5011\u505a\u904e\u55ce\uff1f\u300d/  \u5bb6\u5be7+0\uff1a\u300c\u591c\u5e97\u5c3a\u5ea6\u8d85\u5927\ud83d\ude31\u300d\n\n\u2b50\u52a0\u5165\u6211\u5011\u7684YouTube\u6703\u54e1\uff1ahttps://pse.is/U8GDQ\n\ud83d\udc49\u6703\u54e1\u4ecb\u7d39\u5f71\u7247\uff1ahttps://reurl.cc/rlvEKx\n\n\u27a1\u8a02\u95b1YouTube\u3010\u773e\u91cf\u7d1aCROWD x FUN\u751f\u6d3b-\u7b2c\u4e8c\u983b\u9053\u3011\nhttps://is.gd/4dSkyk \n\u27a1\u8a02\u95b1YouTube\u3010\u5bb6\u5be7+0\u3011\nhttps://is.gd/lcdma4 \n\u27a1\u8a02\u95b1YouTube\u3010Andy\u8001\u5e2b\u3011 \nhttps://is.gd/laVony\n------------------------------------------------------------------------------------\n\u27a1FB\u3010\u773e\u91cf\u7d1aCROWD\u3011\nhttps://www.facebook.com/etman0909/\n\u27a1FB\u3010\u5bb6\u5be7+0\u3011\nhttp://bit.ly/29PljQA\n\u27a1FB\u3010Andy\u8001\u5e2b\u3011\nhttp://bit.ly/29JkGYS\n------------------------------------------------------------------------------------\n\u27a1IG\u3010\u773e\u91cf\u7d1aCRWOD\u3011\nhttps://www.instagram.com/crowd520/?hl=zh-tw\n------------------------------------------------------------------------------------\n\u27a1\u7f8e\u62cd\u3010\u4f17\u91cf\u7ea7CROWD\u3011\nhttp://www.meipai.com/user/1048418678\n------------------------------------------------------------------------------------\n\u27a1\u5fae\u535a\u3010\u4f17\u91cf\u7ea7CROWD\u3011\nhttp://www.weibo.com/6067696343/profi...\n\n\u27a1\u8a02\u95b1YouTube\u3010\u773e\u91cf\u7d1aCRWOD\u3011\nhttps://is.gd/JgIQw6\n\n\u5de5\u4f5c\u9080\u7d04\u8acb\u6d3d\uff1acrowdvediotv@gmail.com",
        "likeCount": "2593",
        "commentCount": "130",
        "viewCount": "137080"
    },
    "comments": [
        {
            "reply_id": "Ugx1u4KnHVzKBcQp4TZ4AaABAg",
            "reply_content": "\u600e\u9ebc\u73fe\u5728\u4e0d\u4e00\u8d77\u51fa\u570b\u4e86",
            "likeCount": 20
        },
        {
            "reply_id": "UgwBHNLFa-OUNXlDSFl4AaABAg",
            "reply_content": "\u5176\u5be6\u5206\u958b\u6bd4\u8f03\u597d",
            "likeCount": 3
        },
        {
            "reply_id": "UgxcsaRJuB2ewxGCLcV4AaABAg",
            "reply_content": "\u6211\u4e5f\u6709\u53bb\u904e\u73a9\u5f88\u597d\u73a9",
            "likeCount": 2
        },
        {
            "reply_id": "Ugy6bNHxP-_xlpx4M-l4AaABAg",
            "reply_content": "\u696d\u914d\u8d85\u9577",
            "likeCount": 2
        },
        {
            "reply_id": "UgyvJKKRb6QXa9-zu4F4AaABAg",
            "reply_content": "\u4ed6\u662f\u4e0d\u662f\u9189\u4e86",
            "likeCount": 1
        },
        {
            "reply_id": "UgwUi18lo9RUNrIkvtd4AaABAg",
            "reply_content": "\u9084\u5728\u9a19\u554a",
            "likeCount": 1
        },
        {
            "reply_id": "UgyB4SFq3-Luqmxx0QJ4AaABAg",
            "reply_content": "\u9e97\u5bf6\u65b7\u8ecc",
            "likeCount": 1
        },
        {
            "reply_id": "UgxOAhAhXA1HtQqgD2N4AaABAg",
            "reply_content": "\u4e2d\u79cb\u7bc0\u5feb\u6a02",
            "likeCount": 1
        },
        {
            "reply_id": "UgycqfD5P6f6HcAJAb14AaABAg",
            "reply_content": "\u4e00\u76f4\u696d\u914d\u4f46\u6c92\u95dc\u4fc2",
            "likeCount": 1
        },
        {
            "reply_id": "UgyQbjYxMVJCMvsMvUt4AaABAg",
            "reply_content": "\u4e2d\u79cb\u5feb\u6a02",
            "likeCount": 1
        },
        {
            "reply_id": "UgzPuWG-rpfrwLNp_JN4AaABAg",
            "reply_content": "\u6211\u60f3\u770b\u4f60\u73a9\u5927\u6012\u795e",
            "likeCount": 0
        },
        {
            "reply_id": "UgxY0eHSCdUv-MgL1LV4AaABAg",
            "reply_content": "\u6211\u60f3\u770b\u5927\u9678\u4ec0",
            "likeCount": 0
        },
        {
            "reply_id": "UgzRhBRUm7xi58H5iZV4AaABAg",
            "reply_content": "\u73a9\u5927\u6012\u795e",
            "likeCount": 0
        },
        {
            "reply_id": "UgxcGfhalFbKBUG8zm94AaABAg",
            "reply_content": "\u4e0d\u8981\u591a\u4e00\u6839\u9f9c\u982d",
            "likeCount": 0
        },
        {
            "reply_id": "UgxxSF4G8N0D87S2QqN4AaABAg",
            "reply_content": "\u6c92\u7dad\u4fee\u6c92\u4fdd\u990a\u624d\u9700\u8981\u6015\u5427",
            "likeCount": 0
        },
        {
            "reply_id": "UgxXXeOxb9x64BNlLE54AaABAg",
            "reply_content": "\u9084\u662f\u559c\u6b61\u4ee5\u524d\u4f60\u5011\u5c0d\u5c0d\u65b9\u7684\u5c0f\u751c\u871c",
            "likeCount": 0
        },
        {
            "reply_id": "Ugz33n3MgQ10nTuqxR54AaABAg",
            "reply_content": "\u591c\u5e97\u90a3\u6bb5\u597d\u50cf\u8212\u83ef",
            "likeCount": 0
        },
        {
            "reply_id": "Ugz0OqzhUcraUmOtORZ4AaABAg",
            "reply_content": "\u6211\u4eca\u5929\u6236\u5916\u6559\u5b78\u5c31\u662f\u53bb\u516d\u798f\u6625\u8036\u6211\u6709\u73a9\u7b11\u50b2\u98db\u9df9\u8ddf\u8001\u6cb9\u8247",
            "likeCount": 0
        },
        {
            "reply_id": "UgzB0JWpR_1ggfJsGyB4AaABAg",
            "reply_content": "\u73a9\u5927\u6012\u795e",
            "likeCount": 0
        },
        {
            "reply_id": "UgxD50JDAdaFroUIf194AaABAg",
            "reply_content": "\u6211\u60f3\u770b\u99ac\u96c5\u63a2\u96aa",
            "likeCount": 0
        },
        {
            "reply_id": "UgwD6gjWrS_U22XaraZ4AaABAg",
            "reply_content": "\u4fdd\u990a\u54c1\u662f\u4ec0\u9ebc\u540d\u5b57\u4ecb\u7d39\u4e00\u4e0b",
            "likeCount": 0
        },
        {
            "reply_id": "UgykQ33tuZnyp4lnWcx4AaABAg",
            "reply_content": "\u6211\u6709\u73a9\u904e\u90a3\u500b\u6b66\u9b42\u90fd\u5feb\u8981\u88ab\u5687\u51fa\u4f86\u4e86",
            "likeCount": 0
        },
        {
            "reply_id": "UgyaYBfPwsoSYMGXYD14AaABAg",
            "reply_content": "\u4f60\u4e7e\u8106\u53bb\u505a\u65b7\u8ecc",
            "likeCount": 0
        },
        {
            "reply_id": "UgzVCmaC7lnPGNySipV4AaABAg",
            "reply_content": "\u6211\u524d\u5e7e\u500b\u79ae\u62dc\u6709\u53bb\u73a9\u7b11\u50b2\u98db\u9df9\u6b38",
            "likeCount": 0
        },
        {
            "reply_id": "Ugz3pqtRSd1SVx67icJ4AaABAg",
            "reply_content": "\u5c01\u9762\u597d\u50cf\u5c0f\u7389",
            "likeCount": 0
        }
    ]
}