{
    "video_info": {
        "id": "EcwZtYnwrzo",
        "channelTitle": "\u773e\u91cf\u7d1aCROWD",
        "title": "\u6211\u5011\u7684\u53cd\u5dee\u5927\u55ce\uff1fTag\u4f60\u5f88\u4e0d\u6703\u7a7f\u642d\u7684\u670b\u53cb\u5b78\u8d77\u4e43\ud83d\ude02 #\u773e\u91cf\u7d1acrowd",
        "description": "",
        "likeCount": "8203",
        "commentCount": "60",
        "viewCount": "316167"
    },
    "comments": [
        {
            "reply_id": "UgzHQVNUiCq-xMYXJQh4AaABAg",
            "reply_content": "\u984f\u503c\u5c0d\u4eba\u7684\u5f71\u97ff\u6709\u591a\u5927\u7684\u90e8\u5206",
            "likeCount": 6
        },
        {
            "reply_id": "Ugwsvt4Phjl9frCu_vN4AaABAg",
            "reply_content": "\u8863\u67b6\u5b50\u597d\u6709\u6c23\u5834",
            "likeCount": 2
        },
        {
            "reply_id": "Ugy5avnRY3Fn4OwbdHp4AaABAg",
            "reply_content": "\u982d\u9aee\u63a5\u597d\u9577",
            "likeCount": 2
        },
        {
            "reply_id": "UgySk0NH_r4csASpkp54AaABAg",
            "reply_content": "\u6709\u4e00\u9ede\u4e0d\u597d\u770b",
            "likeCount": 0
        },
        {
            "reply_id": "UgxGyIeK6TCJhvNAwuJ4AaABAg",
            "reply_content": "\u5012\u6578\u7b2c\u4e8c\u5f35\u6700\u597d\u770b",
            "likeCount": 0
        },
        {
            "reply_id": "UgwnR8fiCXfrsJSVQFd4AaABAg",
            "reply_content": "\u982d\u9aee\u592a\u9577\u4e86\u5427",
            "likeCount": 0
        },
        {
            "reply_id": "UgwJARgwQF_73WhtD4R4AaABAg",
            "reply_content": "\u982d\u9aee\u592a\u9577\u4e86\u5427",
            "likeCount": 0
        },
        {
            "reply_id": "Ugz1nQTx0aqXy-BTLYp4AaABAg",
            "reply_content": "\u6240\u4ee5\u4f60\u5011\u7a7f\u9019\u6a23\u90fd\u4e0a\u54ea\u53bb\u4e86\ud83d\ude02\u4e0d\u6703\u662f\u5012\u62c9\u5c45\u53bb\u5427",
            "likeCount": 0
        },
        {
            "reply_id": "Ugxj9F4j5CFWW4UUphV4AaABAg",
            "reply_content": "\u5bb6\u5be7\u7684\u982d\u9aee\u4e5f\u592a\u9577\u4e86\u5427",
            "likeCount": 0
        },
        {
            "reply_id": "Ugy2FiIHHUvzp6qxEvd4AaABAg",
            "reply_content": "\u6c92\u6709\u5f71\u97ff",
            "likeCount": 0
        },
        {
            "reply_id": "UgzsUQ3VHhY2M-2eGHh4AaABAg",
            "reply_content": "\u982d\u9aee\u597d\u9577\u5594",
            "likeCount": 0
        },
        {
            "reply_id": "UgwXYu7P2r50hHnvUTN4AaABAg",
            "reply_content": "\u53ea\u6709\u6211\u6ce8\u610f\u5230\u4ed6\u7684\u982d\u9aee\u55ce",
            "likeCount": 0
        },
        {
            "reply_id": "UgzRj7DK3EzQH6QL-054AaABAg",
            "reply_content": "\u5bb6\u5be7\u592a\u8fa3\u4e86\u5427",
            "likeCount": 0
        },
        {
            "reply_id": "UgwrzX7_Vu8tK1vBmcJ4AaABAg",
            "reply_content": "\u4e0d\u932f\u4e0d\u932f",
            "likeCount": 0
        }
    ]
}