{
    "video_info": {
        "id": "FCHfQmekHDQ",
        "channelTitle": "\u773e\u91cf\u7d1aCROWD",
        "title": "\u6b77\u7d9350\u5929\u5973\u53cb\u9a5a\u559c\u73fe\u8eab\uff01\u773e\u4eba\u779e\u5929\u904e\u6d77\u5957\u8a71 \u7537\u53cb\u7adf\u8aaa\u51fa...\u3010\u773e\u91cf\u7d1aCROWD\u3011",
        "description": "\u2b50\u52a0\u5165\u6211\u5011\u7684YouTube\u6703\u54e1\uff1ahttps://pse.is/U8GDQ\n\ud83d\udc49\u6703\u54e1\u4ecb\u7d39\u5f71\u7247\uff1ahttps://reurl.cc/rlvEKx\n\n\u27a1\u8a02\u95b1YouTube\u3010\u773e\u91cf\u7d1aCROWD x FUN\u751f\u6d3b-\u7b2c\u4e8c\u983b\u9053\u3011\nhttps://is.gd/4dSkyk \n\u27a1\u8a02\u95b1YouTube\u3010\u5bb6\u5be7+0\u3011\nhttps://is.gd/lcdma4 \n\u27a1\u8a02\u95b1YouTube\u3010Andy\u8001\u5e2b\u3011 \nhttps://is.gd/laVony\n------------------------------------------------------------------------------------\n\u27a1FB\u3010\u773e\u91cf\u7d1aCROWD\u3011\nhttps://www.facebook.com/etman0909/\n\u27a1FB\u3010\u5bb6\u5be7+0\u3011\nhttp://bit.ly/29PljQA\n\u27a1FB\u3010Andy\u8001\u5e2b\u3011\nhttp://bit.ly/29JkGYS\n------------------------------------------------------------------------------------\n\u27a1IG\u3010\u773e\u91cf\u7d1aCROWD\u3011\nhttps://www.instagram.com/crowd520/?hl=zh-tw\n------------------------------------------------------------------------------------\n\u27a1\u7f8e\u62cd\u3010\u4f17\u91cf\u7ea7CROWD\u3011\nhttp://www.meipai.com/user/1048418678\n------------------------------------------------------------------------------------\n\u27a1\u5fae\u535a\u3010\u4f17\u91cf\u7ea7CROWD\u3011\nhttp://www.weibo.com/6067696343/profi...\n\n\u27a1\u8a02\u95b1YouTube\u3010\u773e\u91cf\u7d1aCROWD\u3011\nhttps://is.gd/JgIQw6\n\n\u5de5\u4f5c\u9080\u7d04\u8acb\u6d3d\uff1aqunhaient@gmail.com\n\n#\u9a5a\u559c\u56de\u570b#\u773e\u91cf\u7d1aCROWD#\u60c5\u4fb6",
        "likeCount": "4732",
        "commentCount": "81",
        "viewCount": "227063"
    },
    "comments": [
        {
            "reply_id": "UgxRj1z7s6U_LZGurXJ4AaABAg",
            "reply_content": "\u7b2c\u4e00",
            "likeCount": 4
        },
        {
            "reply_id": "UgxwsY-Uwrvf-zNabm14AaABAg",
            "reply_content": "\u4e0d\u662f\u5206\u624b\u4e86\u5594",
            "likeCount": 1
        },
        {
            "reply_id": "UgyCdveE0zznLM4eHsF4AaABAg",
            "reply_content": "\u4f73\u5be7\u8b8a\u597d\u53ef\u611b\u5537",
            "likeCount": 0
        },
        {
            "reply_id": "Ugz9s0QYxO1w2RlKtvN4AaABAg",
            "reply_content": "\u5bb6\u5be7\u8b8a\u6f02\u4eae\u4e86",
            "likeCount": 0
        },
        {
            "reply_id": "UgwHl8cDwfCWIJJ9PzN4AaABAg",
            "reply_content": "\u4e7e\u8106\u4f60\u5011\u5006\u500b\u53bb\u74b0\u904a\u4e16\u754c\u7b97\u4e86",
            "likeCount": 0
        },
        {
            "reply_id": "Ugz6U898YzBUDIojqs94AaABAg",
            "reply_content": "\u773e\u91cf\u7d1a\u8f9b\u82e6\u4e86",
            "likeCount": 0
        },
        {
            "reply_id": "UgyinBaVUOvMt6dFoX14AaABAg",
            "reply_content": "\u5bb6\u5be7\u53c8\u8b8a\u6f02\u4eae\u5566\u592a\u611b\u5566",
            "likeCount": 0
        },
        {
            "reply_id": "UgypRj7vPG3WYOQ84uh4AaABAg",
            "reply_content": "\u8fd9\u79cd\u7cfb\u5217\u591a\u51fa\u70b9\u5566",
            "likeCount": 0
        },
        {
            "reply_id": "Ugz80EJJDBUDvxoUG-B4AaABAg",
            "reply_content": "\u6765\u4e86",
            "likeCount": 0
        }
    ]
}