{
    "video_info": {
        "id": "Fepg_aeJcTw",
        "channelTitle": "\u773e\u91cf\u7d1aCROWD",
        "title": "\u9ad8\u751c\u7cfb\u64c1\u62b1 \u751c\u55ce\uff1f\ud83e\udec2\ud83d\udc95#\u773e\u91cf\u7d1acrowd #\u6e05\u6de8\u8fb2\u5834",
        "description": "",
        "likeCount": "2653",
        "commentCount": "34",
        "viewCount": "81338"
    },
    "comments": [
        {
            "reply_id": "UgzrRXGOpLpNVwqsUQ14AaABAg",
            "reply_content": "\u611f\u89ba\u6709\u4ec0\u9ebc\u6771\u897f\u9583\u5230\u6211\u7684\u773c\u775b",
            "likeCount": 2
        },
        {
            "reply_id": "UgyB5XWCj-VXNTYWhKV4AaABAg",
            "reply_content": "\u751c",
            "likeCount": 1
        },
        {
            "reply_id": "Ugy3rpyxgnbXKTeCm4N4AaABAg",
            "reply_content": "\u771f\u597d\u963f\u54c8\u54c8\u54c8",
            "likeCount": 1
        },
        {
            "reply_id": "Ugy3VppliDZMLHkS-_p4AaABAg",
            "reply_content": "\u524d\u6392",
            "likeCount": 1
        },
        {
            "reply_id": "Ugwm5ULgWL5UrRUgDWF4AaABAg",
            "reply_content": "\u554a\u554a\u554a\u554a\u554a\u554a\u554a\u554a\u554a\u554a\u554a\u554a\u554a\u554a\u554a\u554a\u554a\u554a\u554a\u554a\u554a\u554a\u554a\u554a\u554a\u554a\u554a\u554a\u554a\u554a\u554a\u554a\u554a\u554a\u554a\u554a\u554a\u554a\u554a\u554a\u554a\u554a\u554a\u554a\u554a\u554a\u554a\u554a\u554a\u554a\u554a\u554a\u554a\u554a\u554a\u554a\u554a\u554a\u554a\u554a\u554a",
            "likeCount": 0
        }
    ]
}