{
    "video_info": {
        "id": "gXEfkS29h3M",
        "channelTitle": "\u773e\u91cf\u7d1aCROWD",
        "title": "\u9019\u662f\u5fc3\u52d5\u7684\u611f\u89ba\u6c92\u932f\u5427\ud83d\udc93#\u773e\u91cf\u7d1acrowd",
        "description": "",
        "likeCount": "4849",
        "commentCount": "54",
        "viewCount": "211194"
    },
    "comments": [
        {
            "reply_id": "UgwzqO7-9JqvFZYt3yl4AaABAg",
            "reply_content": "\u671f\u5f85\u4f60\u5011\u53ef\u4ee5\u7d50\u5a5a\u4e86",
            "likeCount": 14
        },
        {
            "reply_id": "UgwyeK2z0zzTK33pdJR4AaABAg",
            "reply_content": "\u62cd\u5f97\u5f88\u6709\u611f\u89ba",
            "likeCount": 8
        },
        {
            "reply_id": "Ugz4pTZPaaWVxRPqhid4AaABAg",
            "reply_content": "\u5f88\u5047",
            "likeCount": 4
        },
        {
            "reply_id": "UgyZL44RnqZ1A76ekft4AaABAg",
            "reply_content": "\u9084\u6c92\u5206\u624b\u5594",
            "likeCount": 3
        },
        {
            "reply_id": "UgwllB3BaMD2mGnZFFh4AaABAg",
            "reply_content": "\u9019\u9ebc\u5922\u5e7b",
            "likeCount": 1
        },
        {
            "reply_id": "UgwjvfIHGbAR2VHwsu14AaABAg",
            "reply_content": "\u5e25",
            "likeCount": 0
        },
        {
            "reply_id": "UgxprM2wYinLnRI09sN4AaABAg",
            "reply_content": "\u80cc\u666f\u662f\u4ec0\u9ebc\u97f3\u6a02",
            "likeCount": 0
        },
        {
            "reply_id": "UgyUjbuJbyjtURX8PKB4AaABAg",
            "reply_content": "\u591c\u66f2",
            "likeCount": 0
        },
        {
            "reply_id": "UgxSHg3fvsKxmNBhmOd4AaABAg",
            "reply_content": "\u504f\u5de6",
            "likeCount": 0
        },
        {
            "reply_id": "Ugxg5LPEGpKOMakxR594AaABAg",
            "reply_content": "\u7537\u751f\u96de\u96de\u5f88\u660e\u986f\u5f88\u5927",
            "likeCount": 0
        }
    ]
}