{
    "video_info": {
        "id": "iv9VF50D4LM",
        "channelTitle": "\u773e\u91cf\u7d1aCROWD",
        "title": "\u90a3\u5929...\u6211\u5728\u54c0\u568e\u4e2d\u5ea6\u904e\ud83d\ude2e\u200d\ud83d\udca8 #\u773e\u91cf\u7d1acrowd #\u75d8\u75d8\u5371\u6a5f",
        "description": "",
        "likeCount": "7600",
        "commentCount": "49",
        "viewCount": "246638"
    },
    "comments": [
        {
            "reply_id": "Ugwzgc9XFktOaD0ESdF4AaABAg",
            "reply_content": "\u90a3\u500b\u80cc\u666f\u97f3\u6a02\u662f\u5b88\u8b77\u8005\u8ffd\u6797\u514b\u7684\u5427",
            "likeCount": 74
        },
        {
            "reply_id": "UgzzGFxBTKVbWLLS49h4AaABAg",
            "reply_content": "\u4e0d\u53ef\u4ee5\u8272\u8272",
            "likeCount": 4
        },
        {
            "reply_id": "Ugyz1GNbaWgwk9l-JN54AaABAg",
            "reply_content": "\u54c8\u54c8\u54c8\u54c8\u54c8\u54c8\u54c8\u597d\u597d\u7b11",
            "likeCount": 1
        },
        {
            "reply_id": "Ugz1GGkoOO7zhVN8dpZ4AaABAg",
            "reply_content": "\u602a\u602a\u7684",
            "likeCount": 0
        },
        {
            "reply_id": "UgwU4HXZusOS7hNsxmp4AaABAg",
            "reply_content": "\u5f8c\u9762\u53bb\u85a9\u723e\u9054\u914d\u6a02",
            "likeCount": 0
        },
        {
            "reply_id": "UgwfRcCvz-TsDANZdIZ4AaABAg",
            "reply_content": "\u919c\u516b\u602a",
            "likeCount": 0
        },
        {
            "reply_id": "Ugx7aR3OnSpTS47X_nR4AaABAg",
            "reply_content": "\u64e0\u8c46\u8c46\u53ef\u80fd\u662f\u64e0\u5976",
            "likeCount": 0
        },
        {
            "reply_id": "UgxpBMUyupKO0wwzyLt4AaABAg",
            "reply_content": "\u597d\u53ef\u6015",
            "likeCount": 0
        },
        {
            "reply_id": "Ugyt3bSX9_pv9BPCZUV4AaABAg",
            "reply_content": "\u5443\u5443\u5443\u5443\u5443\u5443\u5443\u5443\u5443\u5443\u5443\u5443\u5443\u5443\u5443\u5443\u5443\u5443\u5443\u5443\u5443\u5443\u5443\u5443\u5443\u5443\u5443\u5443\u5443\u5443\u5443\u5443\u5443\u5443\u5443\u5443\u5443\u5443\u5443\u5443\u5443\u5443\u5443\u5443\u5443\u5443\u5443\u5443\u5443\u5443\u5443\u5443\u5443\u5443\u5443\u5443\u5443\u5443\u5443\u5443\u5443\u5443\u5443\u5443\u5443\u5443\u5443\u5443\u5443\u5443\u5443\u5443\u5443\u5443\u5443\u5443\u5443\u5443\u5443\u5443\u6211\u7121\u773c\u4e86",
            "likeCount": 0
        },
        {
            "reply_id": "Ugyql4zBNGz_yDNVrod4AaABAg",
            "reply_content": "\u982d\u662f\u7da0\u7684",
            "likeCount": 0
        },
        {
            "reply_id": "UgylaQOfEK6MbexP-Dp4AaABAg",
            "reply_content": "\u919c",
            "likeCount": 0
        },
        {
            "reply_id": "UgzU1Do3Y-bJ5VaZzrF4AaABAg",
            "reply_content": "\u5594",
            "likeCount": 0
        }
    ]
}