{
    "video_info": {
        "id": "jiii3adBlk0",
        "channelTitle": "\u773e\u91cf\u7d1aCROWD",
        "title": "\u9a5a\u559c\u737b\u5531\u5f8c\u7684PRANK!\u5973\u5609\u8cd3\u7537\u53cb\u5687\u5230\u8d77\u98db\ud83d\ude02\u6012\u558a\uff1a\u9084\u6709\u8ab0\u90fd\u7d66\u6211\u51fa\u4f86!\u3010\u773e\u91cf\u7d1aCROWD\u3011#\u958b\u7bb1\u6211\u7684\u8056\u8a95\u60c5\u4eba feat. @imlyla1112 @WACKYBOYS520",
        "description": "\u2b50\u52a0\u5165\u6211\u5011\u7684YouTube\u6703\u54e1\uff1ahttps://pse.is/U8GDQ\n\ud83d\udc49\u6703\u54e1\u4ecb\u7d39\u5f71\u7247\uff1ahttps://reurl.cc/rlvEKx\n\n\u27a1\u8a02\u95b1YouTube\u3010\u773e\u91cf\u7d1aCROWD x FUN\u751f\u6d3b-\u7b2c\u4e8c\u983b\u9053\u3011\nhttps://is.gd/4dSkyk \n\u27a1\u8a02\u95b1YouTube\u3010\u5bb6\u5be7+0\u3011\nhttps://is.gd/lcdma4 \n\u27a1\u8a02\u95b1YouTube\u3010Andy\u8001\u5e2b\u3011 \nhttps://is.gd/laVony\n------------------------------------------------------------------------------------\n\u27a1FB\u3010\u773e\u91cf\u7d1aCROWD\u3011\nhttps://www.facebook.com/etman0909/\n\u27a1FB\u3010\u5bb6\u5be7+0\u3011\nhttp://bit.ly/29PljQA\n\u27a1FB\u3010Andy\u8001\u5e2b\u3011\nhttp://bit.ly/29JkGYS\n------------------------------------------------------------------------------------\n\u27a1IG\u3010\u773e\u91cf\u7d1aCROWD\u3011\nhttps://www.instagram.com/crowd520/?hl=zh-tw\n------------------------------------------------------------------------------------\n\u27a1\u7f8e\u62cd\u3010\u4f17\u91cf\u7ea7CROWD\u3011\nhttp://www.meipai.com/user/1048418678\n------------------------------------------------------------------------------------\n\u27a1\u5fae\u535a\u3010\u4f17\u91cf\u7ea7CROWD\u3011\nhttp://www.weibo.com/6067696343/profi...\n\n\u27a1\u8a02\u95b1YouTube\u3010\u773e\u91cf\u7d1aCROWD\u3011\nhttps://is.gd/JgIQw6\n\n\u5de5\u4f5c\u9080\u7d04\u8acb\u6d3d\uff1aqunhaient@gmail.com\n\n#\u6574\u4ebaPRANK#\u773e\u91cf\u7d1aCROWD#\u60c5\u4fb6 #\u958b\u7bb1\u6211\u7684\u8056\u8a95\u60c5\u4eba #\u8056\u8a95\u7bc0\u4ea4\u63db\u6a5f\u7968",
        "likeCount": "5690",
        "commentCount": "67",
        "viewCount": "255430"
    },
    "comments": [
        {
            "reply_id": "Ugy_V3lLc2ZoRjw6ASB4AaABAg",
            "reply_content": "\u6e6f\u5b87\u53cd\u61c9\u771f\u7684\u8d85\u771f\u7684",
            "likeCount": 7
        },
        {
            "reply_id": "UgyQlQ3zR6vewU1no-54AaABAg",
            "reply_content": "\u5687\u5230\u771f\u7684\u7b11\u6b7b",
            "likeCount": 1
        },
        {
            "reply_id": "Ugxe0Sz7ipeWo7BtgP54AaABAg",
            "reply_content": "\u6c34\u54e6",
            "likeCount": 1
        },
        {
            "reply_id": "UgzMWdtDdSZccFUop0J4AaABAg",
            "reply_content": "\u6c34\u54e6",
            "likeCount": 1
        },
        {
            "reply_id": "UgwLghDqXehZF1Wx62J4AaABAg",
            "reply_content": "\u55da\u55da",
            "likeCount": 0
        },
        {
            "reply_id": "UgwyeX30MMVVy2D7nKl4AaABAg",
            "reply_content": "\u5b89\u5b89",
            "likeCount": 0
        },
        {
            "reply_id": "Ugx403aRHC81kf1UkKl4AaABAg",
            "reply_content": "\u6e6f\u5b87\u597d\u597d\u7b11",
            "likeCount": 0
        },
        {
            "reply_id": "UgyCo2JLRD8HOnLMt0t4AaABAg",
            "reply_content": "",
            "likeCount": 0
        },
        {
            "reply_id": "UgwdwG93v5QOcI-MCrh4AaABAg",
            "reply_content": "\u4ed6\u5011\u5df2\u7d93\u7d50\u5a5a\u4e86\u5594",
            "likeCount": 0
        },
        {
            "reply_id": "UgzIMrFizBP8nW0Gg4J4AaABAg",
            "reply_content": "",
            "likeCount": 0
        },
        {
            "reply_id": "UgwFBEzEeZSV4joZYoF4AaABAg",
            "reply_content": "\u5b89",
            "likeCount": 0
        },
        {
            "reply_id": "Ugzq6i7CcbXmjVCCKIt4AaABAg",
            "reply_content": "\u60f3\u807d",
            "likeCount": 0
        },
        {
            "reply_id": "UgwzpVCLw5-s4mt_Yst4AaABAg",
            "reply_content": "\u982d",
            "likeCount": 0
        }
    ]
}