{
    "video_info": {
        "id": "Kq1-9jsz6FA",
        "channelTitle": "\u773e\u91cf\u7d1aCROWD",
        "title": "\u5973\u53cb\uff1a\u7a7f\u904e\u4e00\u6b21\u5c31\u4e0d\u662f\u65b0\u8863\u670d\u4e86\u5440\ud83e\udd79Girlfriend always complains about having no clothes to wear?#\u773e\u91cf\u7d1acrowd",
        "description": "",
        "likeCount": "3590",
        "commentCount": "32",
        "viewCount": "96860"
    },
    "comments": [
        {
            "reply_id": "Ugw-Yhvtjf_hSW_Jds14AaABAg",
            "reply_content": "\u8a72\u6536\u62fe\u4e86",
            "likeCount": 1
        },
        {
            "reply_id": "UgxjLWl3wOLjHjHkV_p4AaABAg",
            "reply_content": "\u5bb6\u5be7\u597d\u53ef\u6190",
            "likeCount": 0
        },
        {
            "reply_id": "UgwT9fqVv6l8zaWklLd4AaABAg",
            "reply_content": "\u56e0\u8a72\u9084\u6c92\u4e1f\u5b8c",
            "likeCount": 0
        },
        {
            "reply_id": "UgwIbsbZ_bMBRtGoKih4AaABAg",
            "reply_content": "\u6c92\u6709\u8863\u670d\u7a7f",
            "likeCount": 0
        }
    ]
}