{
    "video_info": {
        "id": "M_BQAtj7cws",
        "channelTitle": "\u773e\u91cf\u7d1aCROWD",
        "title": "\u5bb6\u5be730\u6b72\u751f\u65e5\u6d3e\u5c0d\uff01\u6c99\u7058\u3001\u9732\u5929\u96fb\u5f71\u3001\u767d\u99ac \u628a\u7ae5\u8a71\u5922\u5e7b\u5834\u666f\u642c\u4f86\u73fe\u5be6\uff01\u3010\u773e\u91cf\u7d1aCROWD\u3011",
        "description": "\u2b50\u52a0\u5165\u6211\u5011\u7684YouTube\u6703\u54e1\uff1ahttps://pse.is/U8GDQ\n\ud83d\udc49\u6703\u54e1\u4ecb\u7d39\u5f71\u7247\uff1ahttps://reurl.cc/rlvEKx\n\n\u27a1\u8a02\u95b1YouTube\u3010\u773e\u91cf\u7d1aCROWD x FUN\u751f\u6d3b-\u7b2c\u4e8c\u983b\u9053\u3011\nhttps://is.gd/4dSkyk \n\u27a1\u8a02\u95b1YouTube\u3010\u5bb6\u5be7+0\u3011\nhttps://is.gd/lcdma4 \n\u27a1\u8a02\u95b1YouTube\u3010Andy\u8001\u5e2b\u3011 \nhttps://is.gd/laVony\n------------------------------------------------------------------------------------\n\u27a1FB\u3010\u773e\u91cf\u7d1aCROWD\u3011\nhttps://www.facebook.com/etman0909/\n\u27a1FB\u3010\u5bb6\u5be7+0\u3011\nhttp://bit.ly/29PljQA\n\u27a1FB\u3010Andy\u8001\u5e2b\u3011\nhttp://bit.ly/29JkGYS\n------------------------------------------------------------------------------------\n\u27a1IG\u3010\u773e\u91cf\u7d1aCROWD\u3011\nhttps://www.instagram.com/crowd520/?hl=zh-tw\n------------------------------------------------------------------------------------\n\u27a1\u7f8e\u62cd\u3010\u4f17\u91cf\u7ea7CROWD\u3011\nhttp://www.meipai.com/user/1048418678\n------------------------------------------------------------------------------------\n\u27a1\u5fae\u535a\u3010\u4f17\u91cf\u7ea7CROWD\u3011\nhttp://www.weibo.com/6067696343/profi...\n\n\u27a1\u8a02\u95b1YouTube\u3010\u773e\u91cf\u7d1aCROWD\u3011\nhttps://is.gd/JgIQw6\n\n\u5de5\u4f5c\u9080\u7d04\u8acb\u6d3d\uff1aqunhaient@gmail.com\n\n#\u5bb6\u5be70309#\u773e\u91cf\u7d1aCROWD#\u751f\u65e5",
        "likeCount": "4821",
        "commentCount": "248",
        "viewCount": "212974"
    },
    "comments": [
        {
            "reply_id": "UgyoZ0jXp-P-61D57_Z4AaABAg",
            "reply_content": "\u8aaa\u5be6\u5728\u60f3\u53d6\u8a02\u4e86\uff0c\u4e0a\u7247\u901f\u5ea6\u5df2\u7d93\u8ddf\u4ee5\u524d\u4e0d\u4e00\u6a23\u611f\u89ba\u53ea\u5269\u4e0b\u73a9\u6a02",
            "likeCount": 43
        },
        {
            "reply_id": "UgwZaUL4Plithb5vUw94AaABAg",
            "reply_content": "\u611f\u89ba\u5bb6\u5be7\u51fa\u570b\u4e00\u8d9f\u9084\u9806\u4fbf\u4fe1\u6559\u4e86\u6b38 \u4e00\u76f4\u6709\u4e00\u7a2e\u4fe1\u4e86\u67d0\u500b\u6559\u7684\u611f\u89ba",
            "likeCount": 4
        },
        {
            "reply_id": "UgznyjclFVRn0wOM5F54AaABAg",
            "reply_content": "\u600e\u9ebc\u6c92\u6c42\u5a5a\u5566",
            "likeCount": 2
        },
        {
            "reply_id": "UgxFxcpaqBbrAwa92Ap4AaABAg",
            "reply_content": "\u5f9e\u9ad8\u4e09\u770b\u5230\u5927\u4e09",
            "likeCount": 1
        },
        {
            "reply_id": "UgxTyNq1dzrMUonjvBB4AaABAg",
            "reply_content": "\u4f46\u8fd8\u662f\u5e0c\u671b\u4e3b\u9891\u9053\u591a\u66f4\u65b0\u89c6\u9891\uff0c\u73b0\u5728\u66f4\u65b0\u7684\u592a\u5c11\u4e86",
            "likeCount": 1
        },
        {
            "reply_id": "UgwtQ5iebiVyYJxFbnV4AaABAg",
            "reply_content": "\u9019\u5728\u54ea",
            "likeCount": 0
        },
        {
            "reply_id": "Ugz0dDJEUOta_iDZxJV4AaABAg",
            "reply_content": "\u5e0c\u671b\u80fd\u62cd\u4e00\u4e9b\u50cf\u4e4b\u524d\u4e00\u6a23\u7684\u6574\u4eba\u5f71\u7247",
            "likeCount": 0
        },
        {
            "reply_id": "Ugy6HsSAMIccsBwyLWJ4AaABAg",
            "reply_content": "\u6211\u6709\u4e00\u6b21\u53bb\u722c\u5c71\u9047\u5230\u4f60\u4e0d\u6562\u8ddf\u4f60\u62cd\u7167\u6211\u5bb3\u7f9e",
            "likeCount": 0
        },
        {
            "reply_id": "UgwzoWmD12JR9v7kFgV4AaABAg",
            "reply_content": "\u90a3\u9ebc\u591a\u4eba\u5728\u9084\u7d20\u984f",
            "likeCount": 0
        },
        {
            "reply_id": "UgxKd8sV-Yd4osDR3c14AaABAg",
            "reply_content": "\u53ea\u6709\u6211\u767c\u73fe\u4f73\u5be7\u5728\u99ac\u4e0a\u8b1b\u8a71\u7684\u6642\u5019\u90a3\u96bb\u99ac\u5728\u6253\u778c\u7761\u55ce\ud83d\ude02",
            "likeCount": 0
        },
        {
            "reply_id": "Ugx5O8SRleD0X_-nHHd4AaABAg",
            "reply_content": "\u592a\u611f\u52a8\u4e86",
            "likeCount": 0
        },
        {
            "reply_id": "Ugy7hQLTYZqNW77I_-x4AaABAg",
            "reply_content": "\u751f\u65e5\u5feb\u6a02",
            "likeCount": 0
        },
        {
            "reply_id": "UgylGgaZ8i4y-68mbsB4AaABAg",
            "reply_content": "\u4e0d\u904e\u5206",
            "likeCount": 0
        },
        {
            "reply_id": "Ugz76ku0fhwF9L7JXU14AaABAg",
            "reply_content": "\u59b3\u90fd\u6709\u751f\u65e5\u7f8e\u597d\u7684\u56de\u5104\u800c\u6211\u4ec0\u9ebc\u4e5f\u6c92\u6709\u53ea\u6709\u6211\u751f\u65e5\u5c31\u662f\u8981\u5403\u98ef",
            "likeCount": 0
        },
        {
            "reply_id": "Ugy-4A02ZNRsVGam2NV4AaABAg",
            "reply_content": "\u5049\u5049\u597d\u5e25",
            "likeCount": 0
        },
        {
            "reply_id": "UgwdJQbuQAkDgvm4c5p4AaABAg",
            "reply_content": "\u5bb6\u5be7\u751f\u65e5\u5feb\u6a02",
            "likeCount": 0
        },
        {
            "reply_id": "UgzsP0oCjrgxinIlKut4AaABAg",
            "reply_content": "\u5bb6\u5be7\u751f\u65e5\u5feb\u6a02\u795d\u4f60\u5e78\u798f\u7f8e\u6eff",
            "likeCount": 0
        },
        {
            "reply_id": "UgybAqd1ksIC3AbWLNV4AaABAg",
            "reply_content": "\u7121\u804a",
            "likeCount": 2
        },
        {
            "reply_id": "UgxrQWq-YAJlinH8JOh4AaABAg",
            "reply_content": "\u5feb\u9ede\u56de\u53bb\u6253\u70ae\u5c31\u6703\u61f7\u5b55",
            "likeCount": 0
        },
        {
            "reply_id": "Ugx7ejaix-MnDfqRKb14AaABAg",
            "reply_content": "\u751f\u65e5\u5feb\u6a02",
            "likeCount": 0
        },
        {
            "reply_id": "Ugyx5MaoD_Rotw2CCrB4AaABAg",
            "reply_content": "\u751f\u65e5\u5feb\u6a02",
            "likeCount": 0
        },
        {
            "reply_id": "Ugwur3I_A2Cr39hxS2p4AaABAg",
            "reply_content": "\u751f\u65e5\u5feb\u6a02",
            "likeCount": 0
        },
        {
            "reply_id": "UgweenPFp9bf7PZls5R4AaABAg",
            "reply_content": "\u751f\u65e5\u5feb\u6a02",
            "likeCount": 0
        },
        {
            "reply_id": "UgwAZopHVF2auLHQZf14AaABAg",
            "reply_content": "\u5bb6\u5be7\u751f\u65e5\u5feb\u6a02\u5bb6\u5be7\u8ddf\u6211\u540c\u5929\u751f\u65e5\u8036\u6211\u4e5f\u4eca\u5929\u751f\u65e5",
            "likeCount": 0
        },
        {
            "reply_id": "UgzyqDDcE5oA-yK3D6d4AaABAg",
            "reply_content": "\u751f\u65e5\u5feb\u4e50",
            "likeCount": 0
        }
    ]
}