{
    "video_info": {
        "id": "QyUa6Yr7QWI",
        "channelTitle": "\u773e\u91cf\u7d1aCROWD",
        "title": "PRANK!\u9023\u7e8c\u4e94\u5929\u6545\u610f\u5f04\u4e82\u5bb6\u4e2d \u7537\u53cb\u6703\u4e3b\u52d5\u53bb\u6536\u62fe\u55ce\uff1fft. ECOVACS T10\u3010\u773e\u91cf\u7d1aCROWD\uff5cPRANK\u4e92\u6574\u60c5\u4fb6\u7279\u8f2f\u3011",
        "description": "ECOVACS\u79d1\u6c83\u65af DEEBOT T10 TURBO\n\u25fc\ufe0f\u5167\u7f6e\u5f37\u5927\u8a9e\u97f3\u52a9\u624bOK YIKO \u53ec\u559a\u6e05\u6383\u8d85\u65b9\u4fbf\n\u25fc\ufe0f \u822a\u592a\u7d1adToF\u7cbe\u6e96\u5075\u6e2c\u6280\u8853 \u7cbe\u6e96\u5feb\u901f\u5efa\u5716\n\u25fc\ufe0f APP\u652f\u63f43D\u5730\u5716 \u9810\u7d04\u6e05\u6383\u3001\u5ba2\u88fd\u6e05\u6f54\u504f\u597d\u90fd\u80fd\u8f15\u9b06\u8a2d\u5b9a\n\u25fc\ufe0fAIVI3.0\u7cbe\u6e96\u8b58\u522518\u7a2e\u969c\u7919\u7269 \u642d\u914d\u661f\u5149\u7d1a960P\u93e1\u982d \u5fae\u5149\u5c31\u80fd\u4f7f\u7528\n\u25fc\ufe0fOZMO\u2122 Turbo 2.0\u9ad8\u983b\u632f\u52d5\u64e6\u5730 \u6a21\u4eff\u4eba\u624b\u4f86\u56de\u53cd\u8986\u9ad8\u983b\u5f37\u64e6\u66f4\u4e7e\u6de8\n\u25fc\ufe0f\u81ea\u52d5\u56de\u6d17\u517c\u71b1\u98a8\u70d8\u4e7e\u62d6\u5e03 \u6e05\u6f54\u5b8c\u5168\u7121\u9808\u52d5\u624b\n\u25fc\ufe0f\u984d\u5916\u52a0\u8cfc\u9280\u96e2\u5b50\u6a21\u7d44 \u8f15\u9b06\u64c1\u6709\u6c92\u7570\u5473\u9664\u83cc99.9%\u7684\u6f54\u6de8\u751f\u6d3b\n\u25fc\ufe0f\u642d\u914dmomo\u96fb\u5546\u512a\u60e0\u3001\u7bc0\u6176\u6a94\u671f\u6d3b\u52d5\u8cfc\u8cb7\uff0c\u66f4\u7701\u8377\u5305\uff01\n\n\u2b50\u52a0\u5165\u6211\u5011\u7684YouTube\u6703\u54e1\uff1ahttps://pse.is/U8GDQ\n\ud83d\udc49\u6703\u54e1\u4ecb\u7d39\u5f71\u7247\uff1ahttps://reurl.cc/rlvEKx\n\n\u27a1\u8a02\u95b1YouTube\u3010\u773e\u91cf\u7d1aCROWD x FUN\u751f\u6d3b-\u7b2c\u4e8c\u983b\u9053\u3011\nhttps://is.gd/4dSkyk \n\u27a1\u8a02\u95b1YouTube\u3010\u5bb6\u5be7+0\u3011\nhttps://is.gd/lcdma4 \n\u27a1\u8a02\u95b1YouTube\u3010Andy\u8001\u5e2b\u3011 \nhttps://is.gd/laVony\n------------------------------------------------------------------------------------\n\u27a1FB\u3010\u773e\u91cf\u7d1aCROWD\u3011\nhttps://www.facebook.com/etman0909/\n\u27a1FB\u3010\u5bb6\u5be7+0\u3011\nhttp://bit.ly/29PljQA\n\u27a1FB\u3010Andy\u8001\u5e2b\u3011\nhttp://bit.ly/29JkGYS\n------------------------------------------------------------------------------------\n\u27a1IG\u3010\u773e\u91cf\u7d1aCROWD\u3011\nhttps://www.instagram.com/crowd520/?hl=zh-tw\n------------------------------------------------------------------------------------\n\u27a1\u7f8e\u62cd\u3010\u4f17\u91cf\u7ea7CROWD\u3011\nhttp://www.meipai.com/user/1048418678\n------------------------------------------------------------------------------------\n\u27a1\u5fae\u535a\u3010\u4f17\u91cf\u7ea7CROWD\u3011\nhttp://www.weibo.com/6067696343/profi...\n\n\u27a1\u8a02\u95b1YouTube\u3010\u773e\u91cf\u7d1aCROWD\u3011\nhttps://is.gd/JgIQw6\n\n\u5de5\u4f5c\u9080\u7d04\u8acb\u6d3d\uff1aqunhaient@gmail.com\n\n#\u773e\u91cf\u7d1aCROWD #ECOVACS #\u6383\u62d6\u6a5f\u5668\u4eba",
        "likeCount": "3968",
        "commentCount": "81",
        "viewCount": "254738"
    },
    "comments": [
        {
            "reply_id": "Ugzq44YLAclZZEk-na94AaABAg",
            "reply_content": "\u719f\u6089\u7684\u91cd\u91cf\u7d1a\u56de\u4f86\u4e86",
            "likeCount": 7
        },
        {
            "reply_id": "UgxqO2xuYQHiEDkFNuV4AaABAg",
            "reply_content": "\u7d42\u65bc\u6709\u60e1\u6574\u7cfb\u5217\u4e86",
            "likeCount": 1
        },
        {
            "reply_id": "UgypxqG6ysOlsF_BU9d4AaABAg",
            "reply_content": "\u5b89\u8fea\u662f\u500b\u597d\u7537\u4eba",
            "likeCount": 1
        },
        {
            "reply_id": "Ugwqgomdm432Lnk79FF4AaABAg",
            "reply_content": "\u4f60\u5011\u5ee0\u85af\u5462",
            "likeCount": 0
        },
        {
            "reply_id": "Ugx1skoplOwSKunQmex4AaABAg",
            "reply_content": "\u5b89\u5594",
            "likeCount": 0
        },
        {
            "reply_id": "UgyXDDHA8wNRrMHSOz54AaABAg",
            "reply_content": "\u6211\u525b\u525b\u770b\u5230\u5c01\u9762\u4ee5\u70ba\u662f\u54c1\u5b50",
            "likeCount": 0
        },
        {
            "reply_id": "UgwmPG9m0Mn-G4tnlsF4AaABAg",
            "reply_content": "\u9019\u53f0\u8981\u591a\u5c11\u9322",
            "likeCount": 0
        },
        {
            "reply_id": "Ugwsz_txEXmGC2BYCVN4AaABAg",
            "reply_content": "\u719f\u6089\u7684\u4f01\u5283\u6700\u5c0d\u5473",
            "likeCount": 0
        },
        {
            "reply_id": "Ugz4hRJ7egKzwsH-tgV4AaABAg",
            "reply_content": "\u642c\u65b0\u5bb6\u4e86",
            "likeCount": 0
        },
        {
            "reply_id": "UgzrGlql5hLsBuCP9Gl4AaABAg",
            "reply_content": "\u4e5f\u592a\u4e45\u6c92\u6709\u770b\u5230\u4f60\u5011\u4e92\u6574",
            "likeCount": 0
        },
        {
            "reply_id": "UgwvRx4n4c6xqoe1Nit4AaABAg",
            "reply_content": "\u6765\u4e86",
            "likeCount": 0
        },
        {
            "reply_id": "UgxZv5pmzy35T0pTpiZ4AaABAg",
            "reply_content": "\u53c8\u662f\u4e45",
            "likeCount": 0
        },
        {
            "reply_id": "UgwmP39h966vwSOvuBt4AaABAg",
            "reply_content": "\u9762\u5de8\u4eba\u53bb\u54ea",
            "likeCount": 0
        },
        {
            "reply_id": "UgyNNtWraVUIJ6CC9-B4AaABAg",
            "reply_content": "\u4e0d\u932f\u770b",
            "likeCount": 0
        },
        {
            "reply_id": "UgwBP6qA5kW7yDh1Ue54AaABAg",
            "reply_content": "\u767d\u56de\u4f86\u4e86\u6b38",
            "likeCount": 0
        }
    ]
}