{
    "video_info": {
        "id": "roqGIkCiQRE",
        "channelTitle": "\u773e\u91cf\u7d1aCROWD",
        "title": "\u54ea\u500b\u6642\u671f\u7684\u6211\u5011 \u4f60\u6700\u559c\u6b61\ud83d\udc95\u60f3\u77e5\u9053\u6559\u5b78\u55ce\uff1f\u7559\u8a00\u8b93\u6211\u77e5\u9053\uff01\uff08\u8aaa\u4e0d\u5b9a\u7b49\u4e0b\u5c31\u51fa\u4e86\ud83d\ude19#dumbdumb #\u8b93\u7167\u7247\u52d5\u8d77\u4f86\ud83d\udc8f",
        "description": "",
        "likeCount": "1240",
        "commentCount": "22",
        "viewCount": "44232"
    },
    "comments": [
        {
            "reply_id": "UgzCHCotPedYu-pRgMN4AaABAg",
            "reply_content": "\u90fd\u559c\u6b61",
            "likeCount": 1
        },
        {
            "reply_id": "UgyrzBiQZSaTKwi2sa14AaABAg",
            "reply_content": "\u5bb6\u5be7\u597d\u6f02\u4eae",
            "likeCount": 0
        },
        {
            "reply_id": "Ugx8mrbBuIzA87nFU1h4AaABAg",
            "reply_content": "\u60f3\u77e5\u9053",
            "likeCount": 0
        },
        {
            "reply_id": "Ugy6E7pLpORruF_FJDp4AaABAg",
            "reply_content": "\u597d\u60f3\u77e5\u9053\u600e\u9ebc\u5f04\u7684",
            "likeCount": 0
        },
        {
            "reply_id": "Ugwsxij0IbCdlVZKQWl4AaABAg",
            "reply_content": "\u6574\u4eba",
            "likeCount": 0
        },
        {
            "reply_id": "Ugyxn1Eufue-JWniHrx4AaABAg",
            "reply_content": "\u5982\u4f55\u7528",
            "likeCount": 0
        }
    ]
}