{
    "video_info": {
        "id": "SgSihipBsk4",
        "channelTitle": "\u773e\u91cf\u7d1aCROWD",
        "title": "\u51fa\u570b\u4e0d\u77e5\u9053\u8cb7\u4ec0\u9ebc\u4f34\u624b\u79ae\u9001\u4eba\uff1f\u8cb7\u9019\u500b\u6e96\u6c92\u932f\ud83e\udd2d#\u6cf0\u570b #\u66fc\u8c37 #\u6253\u5361\u666f\u9ede",
        "description": "\u51fa\u570b\u4e0d\u77e5\u9053\u8cb7\u4ec0\u9ebc\u4f34\u624b\u79ae\u9001\u4eba\uff1f\u8cb7\u9019\u500b\u6e96\u6c92\u932f\ud83e\udd2d\n\n#\u6cf0\u570b #\u66fc\u8c37 #\u6253\u5361\u666f\u9ede",
        "likeCount": "439",
        "commentCount": "21",
        "viewCount": "26251"
    },
    "comments": [
        {
            "reply_id": "Ugxt0rsowNPoGBrU9NB4AaABAg",
            "reply_content": "\u4e0d\u662f\u5206\u624b\u4e86\u55ce",
            "likeCount": 6
        },
        {
            "reply_id": "UgzccAI0UtHaLK8ocLV4AaABAg",
            "reply_content": "\u6211\u89ba\u5f97\u4f60\u5011\u5169\u500b\u53bb\u675c\u62dc\u9ad8\u8208\u7b97\u4e86",
            "likeCount": 1
        }
    ]
}