{
    "video_info": {
        "id": "sjL93UCeuNM",
        "channelTitle": "\u773e\u91cf\u7d1aCROWD",
        "title": "\u89f8\u78b0\u5973\u53cb\u5e95\u7dda\uff01\uff1f\u7a81\u7136\u8acb\u5c45\u5bb6\u6574\u7406\u5e2b\u628a\u5979\u7684\u7269\u54c1\u65b7\u6368\u96e2\uff01\u5979\u7684\u53cd\u61c9\u662f\uff1f\u3010\u773e\u91cf\u7d1aCROWD\u3011",
        "description": "\ud83c\udfe0 \u7a7a\u9593\u898f\u5283\uff5c\u5168\u5c4b\u6574\u7406\uff5c\u8fa6\u516c\u6574\u7406\uff5c\u88dd\u6f62\u6536\u7d0d \ud83c\udfe0\n\u63d0\u4f9b\u7368\u5275\u7cfb\u7d71\u300c\u7f8e\u5b78\u6574\u7406\uff38\u7642\u80b2\u6536\u7d0d\u300d\u70ba\u60a8\u91cf\u8eab\u6253\u9020\u8212\u9069\u53c8\u8cea\u611f\u7684\u751f\u6d3b\u7a7a\u9593\uff01\n\n\u3010\u65b0\u5ba2\u512a\u60e0\u6d3b\u52d5\u3011\ud83c\udf1f\u7acb\u5373\u9810\u7d04\u4eab\u514d\u8cbb\u5230\u5e9c\u5065\u6aa2\u4f30\u50f9\ud83c\udf1f\n\ud83d\udccd\u52a0\u5165\u5b98\u65b9\ud835\udc0b\ud835\udc08\ud835\udc0d\ud835\udc04\u8a62\u554f\u670d\u52d9\uff1ahttps://lin.ee/FZCcmIh  (@841uztzp)\n\ud83d\udccd\u8ffd\u8e64\ud835\udc08\ud835\udc06\u7372\u5f97\u5373\u6642\u65b0\u8cc7\u8a0a\uff1ahttps://www.instagram.com/comfort.your.life/  (comfort.your.life)\n\ud83d\udccd\u8ffd\u8e64\ud835\udc05\ud835\udc01\u7372\u5f97\u6574\u7406\u65b0\u9bae\u4e8b\uff1ahttps://www.facebook.com/virgofelife/  (Virg\u00f4fe \u7642\u80b2\u7a7a\u9593)\n\n\u3010\u773e\u91cf\u7d1a\u7c89\u7d72\u7368\u5bb6\u512a\u60e0\u3011\ud83d\udcb8\u6574\u7406\u670d\u52d9\u73fe\u6298520\u5143\ud83d\udcb8\n\ud83d\udccd\u52a0\u5165\u5b98\u65b9\ud835\udc0b\ud835\udc08\ud835\udc0d\ud835\udc04\u5f8c\uff0c\u63d0\u4f9b\u95dc\u9375\u5b57\u300c\u773e\u91cf\u7d1a\u300d\uff0c\u4e0d\u9650\u6d88\u8cbb\u91d1\u984d\u5373\u4eab\u73fe\u6298520\u5143\uff01\n\ud83d\udccd\u6d3b\u52d5\u671f\u9593\uff1a\u5373\u65e5\u8d77\u81f32023.12.31\u6b62\n\n\u2b50\u52a0\u5165\u6211\u5011\u7684YouTube\u6703\u54e1\uff1ahttps://pse.is/U8GDQ\n\ud83d\udc49\u6703\u54e1\u4ecb\u7d39\u5f71\u7247\uff1ahttps://reurl.cc/rlvEKx\n\n\u27a1\u8a02\u95b1YouTube\u3010\u773e\u91cf\u7d1aCROWD x FUN\u751f\u6d3b-\u7b2c\u4e8c\u983b\u9053\u3011\nhttps://is.gd/4dSkyk \n\u27a1\u8a02\u95b1YouTube\u3010\u5bb6\u5be7+0\u3011\nhttps://is.gd/lcdma4 \n\u27a1\u8a02\u95b1YouTube\u3010Andy\u8001\u5e2b\u3011 \nhttps://is.gd/laVony\n------------------------------------------------------------------------------------\n\u27a1FB\u3010\u773e\u91cf\u7d1aCROWD\u3011\nhttps://www.facebook.com/etman0909/\n\u27a1FB\u3010\u5bb6\u5be7+0\u3011\nhttp://bit.ly/29PljQA\n\u27a1FB\u3010Andy\u8001\u5e2b\u3011\nhttp://bit.ly/29JkGYS\n------------------------------------------------------------------------------------\n\u27a1IG\u3010\u773e\u91cf\u7d1aCROWD\u3011\nhttps://www.instagram.com/crowd520/?hl=zh-tw\n------------------------------------------------------------------------------------\n\u27a1\u7f8e\u62cd\u3010\u4f17\u91cf\u7ea7CROWD\u3011\nhttp://www.meipai.com/user/1048418678\n------------------------------------------------------------------------------------\n\u27a1\u5fae\u535a\u3010\u4f17\u91cf\u7ea7CROWD\u3011\nhttp://www.weibo.com/6067696343/profi...\n\n\u27a1\u8a02\u95b1YouTube\u3010\u773e\u91cf\u7d1aCROWD\u3011\nhttps://is.gd/JgIQw6\n\n\u5de5\u4f5c\u9080\u7d04\u8acb\u6d3d\uff1aqunhaient@gmail.com\n\n#\u5bb6\u5c45\u6574\u7406 #\u65b7\u6368\u96e2 #\u773e\u91cf\u7d1aCROWD#\u60c5\u4fb6",
        "likeCount": "4020",
        "commentCount": "94",
        "viewCount": "343572"
    },
    "comments": [
        {
            "reply_id": "Ugz-IVEfFj9zD8egTgJ4AaABAg",
            "reply_content": "\u9ec3\u91d1\u4e94\u79d2\u9418\u6d88\u5931\u4e86",
            "likeCount": 3
        },
        {
            "reply_id": "UgykRb5slCAErV5dmPd4AaABAg",
            "reply_content": "\u53ef\u4ee5\u8fa6\u7c89\u7d72\u62cd\u8ce3\u6703\u4e86",
            "likeCount": 3
        },
        {
            "reply_id": "UgzAQMhj8U2vxGdZ1RJ4AaABAg",
            "reply_content": "\u5f88\u4e45\u6c92\u770b\u91cd\u91cf\u7d1a\u4e86\u611f\u89ba\u8b8a\u4e86\u5f88\u591a\u4e8b\u7269\u9084\u6709\u9ede\u95b1\u7387\u4e4b\u5f8c\u6703\u5728\u56de\u4f86\u770b\ud83d\ude0a",
            "likeCount": 2
        },
        {
            "reply_id": "UgwXJOdTFMZgAoS-tNR4AaABAg",
            "reply_content": "\u4e0d\u8981\u7684\u8863\u670d\u90a3\u4e9b\u53ef\u4ee5\u505a\u7fa9\u8ce3\u6d3b\u52d5",
            "likeCount": 2
        },
        {
            "reply_id": "UgzUyFk5Fj5B9mGvVDZ4AaABAg",
            "reply_content": "\u8acb\u554f\u900f\u660e\u978b\u76d2\u54ea\u88e1\u8cb7",
            "likeCount": 1
        },
        {
            "reply_id": "Ugw17MracvHNAch-TiJ4AaABAg",
            "reply_content": "\u4e8c\u624b\u62cd\u8ce3",
            "likeCount": 1
        },
        {
            "reply_id": "UgxuLml8SVPKidXFt_d4AaABAg",
            "reply_content": "",
            "likeCount": 1
        },
        {
            "reply_id": "Ugzv82N330J5yVJxwS54AaABAg",
            "reply_content": "\u672c\u65e5\u6700\u7642\u80b2\u7684\u5f71\u7247",
            "likeCount": 1
        },
        {
            "reply_id": "Ugw9OndKoh29iDGJYkR4AaABAg",
            "reply_content": "\u771f\u68d2",
            "likeCount": 1
        },
        {
            "reply_id": "UgyI9O_kPFtfDCvSNAt4AaABAg",
            "reply_content": "\u6574\u7406\u5e2b\u597d\u50cf\u594e\u4e01",
            "likeCount": 0
        },
        {
            "reply_id": "UgyrKj-XAMm3OsuJUat4AaABAg",
            "reply_content": "\u4eca\u5929\u5728\u4eac\u7ad9\u96fb\u5f71\u9662\u770b\u5230\u4f60\u5011",
            "likeCount": 0
        },
        {
            "reply_id": "UgyP42r3aMtjkBrIqOh4AaABAg",
            "reply_content": "\u597d\u68d2\u5594",
            "likeCount": 0
        },
        {
            "reply_id": "UgxH-jVhoiEFqfSq5B94AaABAg",
            "reply_content": "\u756b\u9762\u6709\u9ede\u6643",
            "likeCount": 0
        },
        {
            "reply_id": "Ugzw3phUhx6Qkd238rt4AaABAg",
            "reply_content": "\u54c8\u76ae\u54c8\u76ae\u54c8\u76ae",
            "likeCount": 0
        },
        {
            "reply_id": "UgzB8viKF2IfIVQZ8qJ4AaABAg",
            "reply_content": "\u7d2b\u5357\u5bae\u7684\u91d1\u96de\u9084\u662f\u5efa\u8b70\u8b93\u4ed6\u7167\u5230\u5149\u7dda\u6bd4\u8f03\u597d\uff5e",
            "likeCount": 0
        },
        {
            "reply_id": "Ugwjg6aCFSCt18UMHRx4AaABAg",
            "reply_content": "\u90a3\u500b\u6574\u7406\u5e2b\u6211\u8d8a\u770b\u8d8a\u50cf\u6211\u7684\u821e\u8e48\u8001\u5e2b",
            "likeCount": 0
        },
        {
            "reply_id": "UgyunPtAt8Lep9IjbOp4AaABAg",
            "reply_content": "\u7b11\u6b7b",
            "likeCount": 0
        },
        {
            "reply_id": "UgyKipHmFCU5sdX4oih4AaABAg",
            "reply_content": "\u9322\u592a\u591a",
            "likeCount": 0
        },
        {
            "reply_id": "UgxMkI9lThx2GnYJnN54AaABAg",
            "reply_content": "\u8863\u670d\u53ef\u4ee5\u6350\u51fa\u53bb\u4e0d\u8981\u4e1f",
            "likeCount": 0
        },
        {
            "reply_id": "Ugz-Y-lb7DQgPS9HD-l4AaABAg",
            "reply_content": "\u8acb\u554f\u9019\u662f\u54ea\u88e1\u7684\u623f\u5b50\u597d\u5927\u9593",
            "likeCount": 0
        }
    ]
}