{
    "video_info": {
        "id": "SVAMaYRdTlY",
        "channelTitle": "\u773e\u91cf\u7d1aCROWD",
        "title": "\u7576\u5973\u53cb\u5077\u5077\u8df3\u821e \u88ab\u767c\u73fe\u6642...#\u773e\u91cf\u7d1acrowd #pinkvenomchallenge #blackpink",
        "description": "#pinkvenomchallenge",
        "likeCount": "15440",
        "commentCount": "98",
        "viewCount": "538261"
    },
    "comments": [
        {
            "reply_id": "UgyHBDrsr8yCpEZvNc14AaABAg",
            "reply_content": "\u559c\u6b61\u9019\u7a2e\u65e5\u5e38\u7cfb\u5f71\u7247",
            "likeCount": 65
        },
        {
            "reply_id": "UgzT6vu-dsDBTcGSa_N4AaABAg",
            "reply_content": "\u6211\u4e5f\u662f\u9019\u6a23\uff0c\u4e00\u65e6\u6709\u4eba\u4f86\u6211\u5c31\u4e0d\u597d\u610f\u601d\u5c31\u4e0d\u6703\u5728\u8df3",
            "likeCount": 34
        },
        {
            "reply_id": "UgyTQqElBgjT2EFBFwR4AaABAg",
            "reply_content": "\u5bb6\u5be7\u597d\u597d\u7b11",
            "likeCount": 6
        },
        {
            "reply_id": "UgzIl2JlT1QRzG8Of2J4AaABAg",
            "reply_content": "\u600e\u9ebc\u611f\u89ba\u5bb6\u5be7\u8b8a\u9ed1\u4e86",
            "likeCount": 5
        },
        {
            "reply_id": "Ugw4yJg4yaLl__9KXgl4AaABAg",
            "reply_content": "\u6211\u7b2c\u4e00\u7559\u8a00",
            "likeCount": 5
        },
        {
            "reply_id": "UgzvWWF8DWSnCh9_lch4AaABAg",
            "reply_content": "\u597d\u597d\u4f11\u606f\u4e0d\u8981\u592a\u7d2f",
            "likeCount": 4
        },
        {
            "reply_id": "UgxyUvXAJIK2XFLzTrF4AaABAg",
            "reply_content": "\u53ef\u611b",
            "likeCount": 4
        },
        {
            "reply_id": "UgzIHshCjvkSR00wCGt4AaABAg",
            "reply_content": "\u597d\u53ef\u611b\u54c8\u54c8\u54c8\u54c8\u54c8\u554a\u54c8",
            "likeCount": 2
        },
        {
            "reply_id": "Ugx0jSUxLHn-hZfoV7Z4AaABAg",
            "reply_content": "\u5bb6\u5be7\u5bb3\u7f9e",
            "likeCount": 2
        },
        {
            "reply_id": "UgyygTAibuuvVLj2vvR4AaABAg",
            "reply_content": "\u6211\u611b\u91d1\u5c71\u4e09\u6e05\u5bae",
            "likeCount": 2
        },
        {
            "reply_id": "UgzVrTt8k4dgmYnC42N4AaABAg",
            "reply_content": "\u5bb6\u5be7\u597d\u53ef\u611b\u554a",
            "likeCount": 1
        },
        {
            "reply_id": "UgxmM6fVICz8BjxUyP14AaABAg",
            "reply_content": "\u5982\u679c\u5979\u5728\u5bb6\u5728\u81ea\u8a00\u81ea\u8a9e\u6216\u662f\u81ea\u5df1\u5728\u90a3\u908a\u505a\u9b3c\u81c9\u4e00\u5b9a\u5f88\u591a\u4eba\u770b\u54c8\u54c8",
            "likeCount": 1
        },
        {
            "reply_id": "Ugx8N5881E_1ARu_2Bd4AaABAg",
            "reply_content": "\u9019\u9996\u771f\u7684\u8d85\u6d17\u8166",
            "likeCount": 1
        },
        {
            "reply_id": "Ugx6CHTGYk24n_8vFOx4AaABAg",
            "reply_content": "\u6c23\u8cea\u6709\u50cf\u5594",
            "likeCount": 1
        },
        {
            "reply_id": "UgxLp8nQ5eqpjblntAx4AaABAg",
            "reply_content": "\u53ef\u611b",
            "likeCount": 0
        },
        {
            "reply_id": "UgwfU9yVnuz1YxrpVKx4AaABAg",
            "reply_content": "\u633a\u80d6\u7684",
            "likeCount": 0
        },
        {
            "reply_id": "Ugzxh69pBbOUKWT3dbF4AaABAg",
            "reply_content": "\u4f60\u5973\u53cb\u597d\u9ed1",
            "likeCount": 0
        },
        {
            "reply_id": "Ugz6AlHO3dD8fLUDbs54AaABAg",
            "reply_content": "\u9019\u500b\u5f88\u597d\u770b",
            "likeCount": 0
        },
        {
            "reply_id": "UgwAas7suzzx7xCo3FZ4AaABAg",
            "reply_content": "\u5bb6\u5be7\u5f88\u50cf\u6211\u7684\u8df3\u821e\u4ee3\u8ab2\u8001\u5e2b\u8eab\u6750\u4e00\u6a23\u5916\u5957\u5bb6\u5be7\u4e5f\u6709\u7c21\u76f4\u4e00\u6a21\u4e00\u6a23",
            "likeCount": 0
        },
        {
            "reply_id": "Ugy97hv_qFK2bovN8rx4AaABAg",
            "reply_content": "\u8a72\u53bb\u9686\u80f8\u4e86",
            "likeCount": 0
        },
        {
            "reply_id": "Ugxvq6xKx1eBKZ6Sukd4AaABAg",
            "reply_content": "\u59d0\u4e3a\u4ec0\u4e48\u5bf9\u955c\u5b50\u8df3\u821e",
            "likeCount": 0
        },
        {
            "reply_id": "UgzKKI4w8kZkbMbh5tB4AaABAg",
            "reply_content": "\u662f\u6211\u7684\u932f\u89ba\u9084\u662f\u5bb6\u5be7\u8b8a\u9ed1\u4e86",
            "likeCount": 0
        },
        {
            "reply_id": "UgyMGBCAC8-ckcF2ujR4AaABAg",
            "reply_content": "\u5f88\u53ef\u611b\u54c8\u54c8\u54c8",
            "likeCount": 0
        },
        {
            "reply_id": "Ugw5MM9LCQaL0qOteet4AaABAg",
            "reply_content": "\u88ab\u6293\u5230\u7684\u6a23\u5b50\u6709\u5920\u597d\u7b11",
            "likeCount": 0
        },
        {
            "reply_id": "UgwcwHg0hi6yY1yhlyp4AaABAg",
            "reply_content": "\u4f60\u78ba\u5b9a\u4e0d\u6703\u88ab\u6bba\u6389\u5f8c",
            "likeCount": 0
        }
    ]
}