{
    "video_info": {
        "id": "uO1JBRsaguM",
        "channelTitle": "\u773e\u91cf\u7d1aCROWD",
        "title": "\u9023\u7e8c\u4e94\u5929\u8b93\u5973\u53cb\u760b\u72c2\u5c16\u53eb\u7684\u795e\u5668\uff1f\u7537\u53cb\u865b\u812b\u72c2\u6c42\u6551\uff01\uff1f\u96fb\u52d5\u751f\u6d3bV.S\u624b\u52d5\u751f\u6d3b \u3010\u773e\u91cf\u7d1aCROWD\uff5c\u9ec3\u91d1\u4e94\u671f\u9650 \u3011",
        "description": "Andy\u8001\u5e2b\uff1a\u300c\u9019\u96c6\u5c3a\u5ea6\u4e5f\u592a\u5927\u4e86\ud83d\ude31\u300d/  \u5bb6\u5be7+0\uff1a\u300c\u4f60\u5011\u559c\u6b61\u96fb\u52d5\u9084\u662f\u624b\u52d5\ud83d\ude0a\u300d\n\n\u2b50\u52a0\u5165\u6211\u5011\u7684YouTube\u6703\u54e1\uff1ahttps://pse.is/U8GDQ\n\ud83d\udc49\u6703\u54e1\u4ecb\u7d39\u5f71\u7247\uff1ahttps://reurl.cc/rlvEKx\n\n\u27a1\u8a02\u95b1YouTube\u3010\u773e\u91cf\u7d1aCROWD x FUN\u751f\u6d3b-\u7b2c\u4e8c\u983b\u9053\u3011\nhttps://is.gd/4dSkyk \n\u27a1\u8a02\u95b1YouTube\u3010\u5bb6\u5be7+0\u3011\nhttps://is.gd/lcdma4 \n\u27a1\u8a02\u95b1YouTube\u3010Andy\u8001\u5e2b\u3011 \nhttps://is.gd/laVony\n------------------------------------------------------------------------------------\n\u27a1FB\u3010\u773e\u91cf\u7d1aCROWD\u3011\nhttps://www.facebook.com/etman0909/\n\u27a1FB\u3010\u5bb6\u5be7+0\u3011\nhttp://bit.ly/29PljQA\n\u27a1FB\u3010Andy\u8001\u5e2b\u3011\nhttp://bit.ly/29JkGYS\n------------------------------------------------------------------------------------\n\u27a1IG\u3010\u773e\u91cf\u7d1aCROWD\u3011\nhttps://www.instagram.com/crowd520/?hl=zh-tw\n------------------------------------------------------------------------------------\n\u27a1\u7f8e\u62cd\u3010\u4f17\u91cf\u7ea7CROWD\u3011\nhttp://www.meipai.com/user/1048418678\n------------------------------------------------------------------------------------\n\u27a1\u5fae\u535a\u3010\u4f17\u91cf\u7ea7CROWD\u3011\nhttp://www.weibo.com/6067696343/profi...\n\n\u27a1\u8a02\u95b1YouTube\u3010\u773e\u91cf\u7d1aCROWD\u3011\nhttps://is.gd/JgIQw6\n\n\u5de5\u4f5c\u9080\u7d04\u8acb\u6d3d\uff1aqunhaient@gmail.com\n\n#\u96fb\u52d5\u751f\u6d3b\u624b\u52d5\u751f\u6d3b#\u773e\u91cf\u7d1aCROWD#\u60c5\u4fb6",
        "likeCount": "2742",
        "commentCount": "54",
        "viewCount": "124586"
    },
    "comments": [
        {
            "reply_id": "UgwWbu7jCbQ41KCBoFV4AaABAg",
            "reply_content": "\u4f60\u4eec\u662f\u5206\u624b\u4e86\u540e\u53c8\u5408\u597d\u4e86\u5417",
            "likeCount": 4
        },
        {
            "reply_id": "UgxoYQw1MaOT8MJdtJR4AaABAg",
            "reply_content": "\u4e45\u9055",
            "likeCount": 4
        },
        {
            "reply_id": "Ugxs4jwelpEvqFp4VZp4AaABAg",
            "reply_content": "\u70ba\u5565\u5bb6\u5be7\u4e0d\u5316\u599d",
            "likeCount": 2
        },
        {
            "reply_id": "Ugwv7G5gL3vCj3WuoDh4AaABAg",
            "reply_content": "",
            "likeCount": 2
        },
        {
            "reply_id": "UgzHsuoUfgu_LxBO81J4AaABAg",
            "reply_content": "\u8def\u4e0a\u7576\u6d41\u6d6a\u6f22",
            "likeCount": 1
        },
        {
            "reply_id": "Ugy0EI4jl85-WWkoYy94AaABAg",
            "reply_content": "\u597d\u4e45\u6c92\u770b\u5230\u4f60\u5011\u7684\u5f71\u7247",
            "likeCount": 1
        },
        {
            "reply_id": "UgylfGEzHKKo-U9UiAt4AaABAg",
            "reply_content": "\u5bb6\u5be7\u597d\u9ed1",
            "likeCount": 1
        },
        {
            "reply_id": "UgxgPpGnpuwL0GTAhnp4AaABAg",
            "reply_content": "\u90a3\u500b\u662f\u8fd4\u6821\u65e5\u55ce",
            "likeCount": 1
        },
        {
            "reply_id": "UgywFt09mvTFx0xB71R4AaABAg",
            "reply_content": "\u4e94\u5929\u7528\u624b\u6a5f\u8ddf\u4e94\u5929\u4e0d\u7528\u624b\u6a5f",
            "likeCount": 0
        },
        {
            "reply_id": "Ugx-StliiLYcvqs0V7t4AaABAg",
            "reply_content": "\u5e0c\u671b\u53ef\u4ee5\u4e94\u5929\u5403\u9e79\u8ddf\u4e94\u5929\u5403\u751c\u7684",
            "likeCount": 0
        },
        {
            "reply_id": "Ugweipky2lB6a1glpoZ4AaABAg",
            "reply_content": "\u54c8\u54c8",
            "likeCount": 0
        },
        {
            "reply_id": "UgxXemEDla6hdIHuEM94AaABAg",
            "reply_content": "\u597d\u96aa\u6211\u6c92\u6709\u60f3\u6b6a",
            "likeCount": 0
        },
        {
            "reply_id": "Ugw4mdaI8jbBCm4s5E54AaABAg",
            "reply_content": "\u53ef\u4ee5\u6311\u6230\u53ea\u5403\u8089\u8ddf\u4e0d\u5403\u8089",
            "likeCount": 0
        },
        {
            "reply_id": "Ugx0BxSmOv8qJN7tOpV4AaABAg",
            "reply_content": "\u6765\u4e86",
            "likeCount": 0
        },
        {
            "reply_id": "UgyzOutlqIlOX1Ps4Y94AaABAg",
            "reply_content": "\u6211",
            "likeCount": 0
        }
    ]
}