{
    "video_info": {
        "id": "zY-S1utZZrs",
        "channelTitle": "\u773e\u91cf\u7d1aCROWD",
        "title": "\u9019\u624d\u662f\u7537\u4eba\u5728\u95dc\u4fc2\u4e4b\u4e2d\u8a72\u5c55\u73fe\u7684\u614b\u5ea6 \uff08\u8c6a\u6a6b\ud83d\ude24#\u773e\u91cf\u7d1acrowd #\u60c5\u4fb6\u5f1f\u4f4d",
        "description": "",
        "likeCount": "2117",
        "commentCount": "24",
        "viewCount": "55001"
    },
    "comments": [
        {
            "reply_id": "Ugy_EqHc8Is1DNrLF6x4AaABAg",
            "reply_content": "\u54c8\u54c8\u54c8\u8667\u5927\u4e86",
            "likeCount": 2
        },
        {
            "reply_id": "UgwxEG7GOWVKFWV_B3V4AaABAg",
            "reply_content": "\u597d\u597d\u7b11\u70ba\u4ec0\u9ebc\u524d\u9762\u8981\u90a3\u9ebc\u5147",
            "likeCount": 1
        },
        {
            "reply_id": "UgyBDugVx4adVcRu9hN4AaABAg",
            "reply_content": "\u725b\u903c",
            "likeCount": 1
        },
        {
            "reply_id": "UgwlCMFSRRa_y-ZkYSZ4AaABAg",
            "reply_content": "\u725b\u903c\u725b\u903c",
            "likeCount": 0
        },
        {
            "reply_id": "UgxS3_v0e84RGovojCd4AaABAg",
            "reply_content": "\u9214\u80fd\u529b",
            "likeCount": 0
        },
        {
            "reply_id": "Ugx-C0OGdKHxD_pp89p4AaABAg",
            "reply_content": "\u5176\u5be6\u5bb6\u5be7\u9577\u5f97\u9084\u883b\u50cf\u6211\u963f\u59e8\u7684",
            "likeCount": 0
        },
        {
            "reply_id": "Ugzb1E602a0a2gTClJd4AaABAg",
            "reply_content": "\u725b",
            "likeCount": 0
        }
    ]
}