{
    "channel": {
        "title": "\u963f\u6ef4\u82f1\u6587",
        "id": "UCeo3JwE3HezUWFdVcehQk9Q",
        "customUrl": "@rayduenglish",
        "uploads": "UUeo3JwE3HezUWFdVcehQk9Q"
    },
    "videos": [
        {
            "id": "7cFGYw00iLA",
            "title": "\u6e96\u5099\u53f0\u7063\u88dc\u54c1\u7d66\u6fb3\u6d32\u4eba\u5403! \u53f0\u7063\u96de\u4f5b\u3001\u82e6\u8336\u5687\u58de\u731b\u7537\u6d88\u9632\u54e1!"
        },
        {
            "id": "__TFwxRqG6k",
            "title": "\u7b2c\u4e00\u6b21\u5e36\u7238\u5abd\u51fa\u570b\u5c31\u90016\u4f4d\u6578\u540d\u9336\u7684\u6211\uff0c\u662f\u5b5d\u5b50\u55ce\uff1f"
        },
        {
            "id": "TNY7cKi7OzQ",
            "title": "\u7d93\u5178\u6b4c\u66f2\u7ffb\u6210\u82f1\u6587\u4f60\u807d\u5f97\u51fa\u4f86\u55ce? \u4faf\u4f69\u5c91\u6311\u6230\u4e03\u516b\u5e74\u7d1a\u795e\u66f2\ud83d\udd25 @yanrouya"
        },
        {
            "id": "7klfZjGOMT8",
            "title": "Pok\u00e9mon\u77e5\u8b58\u5927\u4e82\u9b25!! \u53f0\u7063YouTube\u754c\u5bf6\u53ef\u5922\u81f3\u5c0a\u5927\u5e2b\u7a76\u7adf\u662f\u8ab0?"
        },
        {
            "id": "SqS05qfxNts",
            "title": "\u5168\u54e1\u7206\u9810\u7b97! HOOK\u4e0d\u6562\u9762\u5c0d\u5e33\u55ae? \u516c\u958b\u56db\u89d2\u6200\u502b\u656610\u5929\u9a5a\u4eba\u958b\u92b7!"
        },
        {
            "id": "pTY_EuZ2j0I",
            "title": "\u82f1\u570b\u8154\u771f\u7684\u592a\u597d\u807d! \u4e0d\u5c0f\u5fc3\u5c31\u5674\u4e86\u5e7e\u767e\u82f1\u938a! \ud83e\udd2d \u771f\u5be6\u958b\u7bb1\u502b\u6566\u65e5\u5e38\u5c0d\u8a71"
        },
        {
            "id": "-sb7LfMlJZg",
            "title": "\u53f0\u5f0f\u73cd\u5976\u5728\u82f1\u570b\u53d7\u6b61\u8fce\u55ce? \u56db\u89d2\u6200\u8003\u8336\u502b\u6566\u624b\u6416\u98f2\ud83d\udd25"
        },
        {
            "id": "TkptYAq3gww",
            "title": "Kimberley\u62cd\u651d\u4e2d\u5fcd\u4e0d\u4f4f\u55c6\u7206\u963f\u6ef4! \u9019\u4e9bYouTube\u64ad\u653e\u7834\u5104\u7684\u795e\u66f2\u4f60\u807d\u5f97\u51fa\u4f86\u55ce?"
        },
        {
            "id": "vWCBrWQ3Oak",
            "title": "\u516c\u5e03\u963f\u6ef4\u82f1\u6587\u7684\u96c5\u601d\u6210\u7e3e! \u9019\u500b\u5206\u6578\u6211\u4e0d\u80fd\u63a5\u53d7!!"
        },
        {
            "id": "7rIqsOxd1Ig",
            "title": "\u8ddf\u963f\u6ef4\u7d04\u6703\u5c45\u7136\u88ab\u5e36\u53bb\u8003\u96c5\u601d!? \u5927\u8b19\u7684\u82f1\u6587\u53e3\u8aaa\u80fd\u5920\u62ff\u5e7e\u5206?"
        },
        {
            "id": "sYVO25oh3yw",
            "title": "\u6ef4\u8b19CP\u624d\u662f\u5b98\u914d!! \u5927\u8b19\u6703\u559c\u6b61\u6211\u6392\u7684\u82f1\u502b\u6d6a\u6f2b\u884c\u7a0b\u55ce?"
        },
        {
            "id": "FEcyS-TWN14",
            "title": "\u8a2a\u554f\u5230\u4e00\u534a\u5ffd\u7136\u544a\u767d! \u8072\u63a7\u7406\u79d1\u592a\u592a\u6703\u88ab\u570b\u969b\u5de8\u661f\u767c\u73fe\u55ce? Ft. @lauvsongs"
        },
        {
            "id": "Mk-x7NMpk2Y",
            "title": "\u9031\u4f11\u4e09\u65e5\u5922\u60f3\u6210\u771f!? \u82f1\u570b\u4eba\u591a\u4f11\u4e00\u5929\u7684\u9ad8\u7d1a\u751f\u6d3b\u662f\u771f\u7684\u55ce? \u8001\u95c6\u4e0d\u6703\u8981\u54e1\u5de5\u52a0\u73ed\u55ce?"
        },
        {
            "id": "mMI-h_jmqKE",
            "title": "\u82f1\u570b\u9802\u5927\u7206\u6599\u5927\u6703! \u82f1\u570b\u7814\u7a76\u90fd\u4e0d\u53ef\u4fe1? \u725b\u6d25\u8ddf\u528d\u6a4b\u54ea\u500b\u6bd4\u8f03\u512a\u79c0?\u3010\u725b\u6d25\u7559\u5b78\u751f\u771f\u5fc3\u8a71\u3011"
        },
        {
            "id": "Z2_R1dSQTTM",
            "title": "\u502b\u6566\u5e73\u50f9\u6c11\u5bbf vs \u5962\u83ef16\u4e16\u7d00\u53e4\u5821! \u6c11\u5bbf\u8a2d\u5099\u58de\u5149\u5149\u4f46\u537b\u9084\u662f\u8d0f\u904e\u53e4\u5821?"
        },
        {
            "id": "k33HgiBlnWQ",
            "title": "\u82f1\u570b\u8857\u8a2a \u25b6 \u77e5\u9053\u53f0\u7063\u5728\u54ea\u88e1\u55ce? \u5c0d\u82f1\u570b\u7687\u5ba4\u7684\u60f3\u6cd5? \u8b93\u502b\u6566\u4eba\u4f86\u544a\u8a34\u4f60!!"
        },
        {
            "id": "SvYLcke-EZw",
            "title": "\u4e0d\u8981\u518d\u8b1b big \u4e86! \u300c\u6578\u64da\u300d\u5f88\u5927\u82f1\u6587\u600e\u9ebc\u8aaa?"
        },
        {
            "id": "TmEATsz08SE",
            "title": "\u597d\u5927\u53ea\u6703\u8b1b big?\u300c\u7121\u6bd4\u5de8\u5927\u7684\u300d\u82f1\u6587\u600e\u9ebc\u8aaa?"
        },
        {
            "id": "xmxIMvlCSQ8",
            "title": "\u4e0d\u8981\u518d\u8b1b big \u4e86! \u300c\u5f88\u5927\u4e00\u7b46\u9322\u300d\u82f1\u6587\u600e\u9ebc\u8aaa?"
        },
        {
            "id": "CW-lW6Rjwns",
            "title": "\u300c\u5047\u8a2d\u8a9e\u6c23\u300d\u795e\u908f\u8f2f! \u4e0d\u80cc\u516c\u5f0f\u77ac\u9593\u641e\u61c2\u4e09\u7a2e\u6642\u614b!"
        },
        {
            "id": "vaJLDKi085M",
            "title": "\u5019\u9078\u4eba\u6700\u5e38\u7528\u7684\u6587\u6cd5! \u300c\u5047\u5982\u6211\u7576\u9078\u7e3d\u7d71\u300d\u82f1\u6587\u600e\u9ebc\u8aaa?"
        },
        {
            "id": "frb5waff7pM",
            "title": "\u7576\u4f60\u7684\u9152\u4fdd\u662f\u4f60\u54e5\u54e5"
        },
        {
            "id": "lD4qGe12ttI",
            "title": "\u300c\u6211\u70ba\u4f60\u611f\u5230\u60b2\u54c0\u300d\u82f1\u6587\u600e\u9ebc\u8aaa?"
        },
        {
            "id": "i0elULM5Znc",
            "title": "\u53f0\u7063\u4eba\u6700\u5e38\u8b1b\u932f!\u300c\u4f60\u5f9e\u54ea\u88e1\u4f86\u300d\u82f1\u6587\u600e\u9ebc\u8aaa?"
        },
        {
            "id": "_rJ02yu9mcw",
            "title": "\u300c\u95dc\u51b7\u6c23\u300d\u4f60\u4e5f\u5e38\u8b1b\u6210\u300cclose the air-con\u300d\u55ce?"
        }
    ]
}