{
    "video_info": {
        "id": "7XLrByztvfo",
        "channelTitle": "MASA",
        "title": "\u6d0b\u98df\u5c4b\u98a8\u9ab0\u5b50\u8c6c\u6392/One Bite Pork Steak| MASA\u306e\u6599\u7406ABC",
        "description": "\u25c6MASA\u983b\u9053\u8a02\u95b1\u2193\nhttps://www.youtube.com/masaabc1\n\u25c6\u6b61\u8fce\u5408\u4f5c/Contact\uff1abigway1688@gmail.com\n\u25c6\u98df\u8b5c\u2193\n\u4f7f\u7528\u8c6c\u8089\u7684\u597d\u8655\u662f\n\u4e0d\u50cf\u725b\u6392\n\u4e0d\u7528\u90a3\u9ebc\u7684\u654f\u611f\u89c0\u5bdf\u719f\u5ea6\n\u800c\u4e14\u8ddf\u91ac\u6c41\u4e00\u8d77\u716e\u4e00\u4e0b\n\u5c31\u6703\u8089\u7684\u8868\u9762\u6703\u5e36\n\u6fc3\u9999\u7684\u5473\u9053\n\u53ef\u4ee5\u4eab\u53d7\u8ddf\u6d0b\u98df\u5c4b\n\u5f88\u63a5\u8fd1\u7684\u8c6c\u6392\uff01\uff5e\uff01(\u0e51\u02c3\u0335\u1d17\u02c2\u0335)\u0648\n\n\u25c6\u6b61\u8fce\u5230MASA\u8ab2\u7a0b\u9023\u7d50\u5594\ud83d\udc49\uff1ahttps://bit.ly/45bNenP\n\n#MASA\n#\u8c6c\u8089\n#\u8c6c\u6392\n#\u86e4\u870a\n#\u9435\u677f\u6599\u7406\n\n\u6d0b\u98df\u5c4b\u98a8\u9ab0\u5b50\u8c6c\u6392\n\u30b5\u30a4\u30b3\u30ed\u30dd\u30fc\u30af\u30b9\u30c6\u30fc\u30ad\n[ 2\u4eba\u4efd ]\n\u6885\u82b1\u8089 Pork\u20142\u7247\n\u9e7d\u5df4&\u9ed1\u80e1\u6912 Salt & Black pepper\u2014\u9069\u91cf\n\u767d\u863f\u8514 Daikon\u2014100g\n\n\u6e05\u9152 Sake\u20141\u5927\u5319\n\u5473\u9182 Mirin\u20141\u5927\u5319\n\u7d05\u7cd6 Brown sugar\u20142\u5c0f\u5319\n\u91ac\u6cb9 Soy sauce\u20142\u5927\u5319\n\u9ed1\u80e1\u6912\u7c92 Black pepper\u20141/2\u5c0f\u5319\n\u849c\u6ce5 Garlic paste\u20141\u5c0f\u5319\n\u5976\u6cb9 Butter\u20141\u5927\u5319\n\n\u86e4\u870a Clams\u201410\u9846\n\u5c0f\u8543\u8304 Cherry tomatoes\u201410\u7c92\n\u9ad8\u9e97\u83dc Cabbage\u201480g\n\u6d0b\u8525 Onion\u20141/8\u500b\n\u79cb\u8475 Okura\u20143\u652f\n\u96de\u9ad8\u6e6f Chicken stock\u2014600cc\n\u9e7d\u5df4&\u9ed1\u80e1\u6912 Salt & Black pepper\u2014\u9069\u91cf\n\n\uff0a\u6599\u7406\u306e\u540d\u524d\uff06\u4f5c\u308a\u65b9\u306f\u3042\u304f\u307e\u3067\u3082\u81ea\u5df1\u6d41\u306a\u306e\u3067\u3054\u4e86\u627f\u304f\u3060\u3055\u3044\n\uff0a\u6599\u7406\u540d\u7a31&\u505a\u6cd5\u4e0d\u4e00\u5b9a\u6b63\u5f0for\u50b3\u7d71, \u662f\u5f9e\u81ea\u5df1\u7684\u60f3\u6cd5&\u7d93\u9a57\u4f86\u5206\u4eab\u7684 \n\u8acb\u5404\u4f4d\u4e8b\u5148\u8ad2\u89e3\u3002*\u02ca\u1d55\u02cb)\u0a6d\n\n\u25cf\u6c99\u62c9\u6cb9\uff1a\u6cf0\u5c71\u5747\u8861369\u8abf\u5408\u6cb9 TAISUN 369 Blend Oil\n\u25cf\u934b\u5177\uff1aTHERMOS \u81b3\u9b54\u5e2b\u539a\u9444\u8010\u6469\u4e0d\u6cbe\u934b20cm, 24cm\n\u25cf\u934b\u5177\uff1aTHERMOS \u860b\u679c\u539f\u5473\u934b\u55ae\u67c4\u6e6f\u934b18cm \n\u25cfBGM\uff1a\n\u7518\u8336\u306e\u97f3\u697d\u5de5\u623f\nMusMus\nOtoLogic\n\u30dd\u30b1\u30c3\u30c8\u30b5\u30a6\u30f3\u30c9\nDOVA-SYNDROME\nPremiumBeat\uff1a\n\u3000-Studio Le Bus\n\u3000-Joe Sacco\n\u3000-Kyon\n\u3000-Smithereens\n\u25cf\u7d20\u6750\uff1a\u3044\u3089\u3059\u3068\u3084",
        "likeCount": "1101",
        "commentCount": "17",
        "viewCount": "21756"
    },
    "comments": [
        {
            "reply_id": "Ugx3xSDMSRgZAWqvP6Z4AaABAg",
            "reply_content": "\u9019\u770b\u4e86\u8d85\u9913\u7684",
            "likeCount": 1
        },
        {
            "reply_id": "Ugxlf3Mamsefng6uSAd4AaABAg",
            "reply_content": "\u8001\u5e2b\u7528\u8996\u983b\u6559\u5b78\u716e\u83dc\u4e0d\u77e5\u9053\u6709\u6c92\u6709\u958b\u9910\u5ef3",
            "likeCount": 1
        },
        {
            "reply_id": "Ugy4v7t3-2bwgpVLQ3B4AaABAg",
            "reply_content": "\u9019\u500b\u9ab0\u5b50\u8c6c\u6392\u611f\u89ba\u5f88\u4e0b\u9152",
            "likeCount": 0
        }
    ]
}