{
    "video_info": {
        "id": "8TkKwKxFs8U",
        "channelTitle": "MASA",
        "title": "\u97d3\u5f0f\u70e4\u725b\u8089\u5b9a\u98df/Korean Style Stir fried Beef| MASA\u306e\u6599\u7406ABC",
        "description": "\u25c6MASA\u983b\u9053\u8a02\u95b1\u2193\nhttp://www.youtube.com/channel/UCr90FXGOO8nAE9B6FAUeTNA?sub_confirmation=1\n\n\u25c6\u6b61\u8fce\u5230\u597d\u5b78\u6821MASA\u8ab2\u7a0b\u9023\u7d50\u5594\ud83d\udc49\uff1ahttps://bit.ly/45bNenP\n\u25c6\u98df\u8b5c\u2193\n\u9019\u6b21\u6211\u8981\u4ecb\u7d39\n\u97d3\u570b\u6599\u7406\u53eb\u505a\u30d7\u30eb\u30b3\u30ae/\ubd88\uace0\uae30\n\u9019\u500b\"Bulgogi\"\u662f\u97d3\u8a9e\n\u524d\u9762Bul\u662f\u706b\n\u5f8c\u9762gogi\u662f\u8089\u7684\u610f\u601d\n\u6240\u4ee5\u53ef\u4ee5\u7c21\u55ae\u8aaa\n\u5b83\u662f\u71d2\u70e4\u8089\u7684\u6599\u7406\n\u9019\u9053\u505a\u6cd5\u6709\u4e00\u9ede\u7279\u5225\n\u6240\u4ee5\u9019\u6b21\u6c7a\u5b9a\u8ddf\u5927\u5bb6\u5206\u4eab\u4e00\u4e0b\n\u9084\u6709\u53e6\u5916\u6211\u6703\u4ecb\u7d39\n\u6211\u5011\u5e38\u5e38\u559d\u7684\u5473\u564c\u6e6f\u7684\u8b8a\u5316\u7248\n\u5b78\u5230\u9019\u4e9b\u6599\u7406\n\u4f60\u53ef\u4ee5\u96a8\u6642\u4eab\u53d7\n\u4e00\u9ede\u9ede\u7684\u97d3\u570b\n\u9084\u6709\u4e00\u9ede\u9ede\u7684\u65e5\u5f0f\u7684\u6c23\u6c1b\uff5e\uff01(\u0e51\u02c3\u0335\u1d17\u02c2\u0335)\u0648\n\n#MASA\n#\u725b\u8089\n#\u5b9a\u98df\n#\u97d3\u5f0f\u6599\u7406\n#\u5473\u564c\u6e6f\n\n\u97d3\u5f0f\u70e4\u725b\u8089\u5b9a\u98df/ [1\u4eba\u4efd]\n\u725b\u5c0f\u6392\u8584\u7247 Sliced beef ribs\u2014120g\n\u8525 Scallion\u20141\u628a\n\u9d3b\u79a7\u83c7 Shimeji\u201450g\n\u7d05\u863f\u8514 Carrot\u201420g\n\u6d0b\u8525 Onion\u20141/4\u500b\n\n\u6e05\u9152 Sake\u20141\u5927\u5319\n\u5473\u9182 Mirin\u20141\u5c0f\u5319\n\u7802\u7cd6 Sugar\u20142\u5c0f\u5319\n\u91ac\u6cb9 Soy sauce\u20141\u5927\u5319\n\u849c\u6ce5 Garlic paste\u20141/2\u5c0f\u5319\n\u9ebb\u6cb9 Sesame oil\u20141/2\u5c0f\u5319\n\u9ed1\u80e1\u6912 Black pepper\u2014\u9069\u91cf\n\n\u6c34 Water\u201460cc\n\u8525\u82b1 Scallion\u2014\u5c11\u8a31\n\u767d\u829d\u9ebb White sesame\u2014\u5c11\u8a31\n\n\u8c46\u82bd Bean sprouts\u2014100g\n\u4e7e\u71e5\u6d77\u82d4\u82bd Dried wakame\u20145g\n\u5c0f\u677e\u83dc Komatsuna\u20142\u628a\n\n\u65e5\u5f0f\u9ad8\u6e6f Dashi\u2014600cc\n\u5473\u564c Miso\u201430g\n\u97d3\u5f0f\u8fa3\u6912\u91ac Kochijyan\u201430g\n\n\uff0a\u6599\u7406\u306e\u540d\u524d\uff06\u4f5c\u308a\u65b9\u306f\u3042\u304f\u307e\u3067\u3082\u81ea\u5df1\u6d41\u306a\u306e\u3067\u3054\u4e86\u627f\u304f\u3060\u3055\u3044\n\uff0a\u6599\u7406\u540d\u7a31&\u505a\u6cd5\u4e0d\u4e00\u5b9a\u6b63\u5f0for\u50b3\u7d71, \u662f\u5f9e\u81ea\u5df1\u7684\u60f3\u6cd5&\u7d93\u9a57\u4f86\u5206\u4eab\u7684 \n\u8acb\u5404\u4f4d\u4e8b\u5148\u8ad2\u89e3\u3002*\u02ca\u1d55\u02cb)\u0a6d\n\n\uff0a\u6b61\u8fce\u5408\u4f5c/Contact\uff1abigway1688@gmail.com\n\n\u25cf\u6c99\u62c9\u6cb9\uff1a\u6cf0\u5c71\u5747\u8861369\u8abf\u5408\u6cb9 TAISUN 369 Blend Oil\n\u25cf\u934b\u5177\uff1aTHERMOS \u81b3\u9b54\u5e2b\u539a\u9444\u8010\u6469\u4e0d\u6cbe\u934b20cm, 24cm\n\u25cf\u934b\u5177\uff1aTHERMOS \u860b\u679c\u539f\u5473\u934b\u55ae\u67c4\u6e6f\u934b18cm \n\u25cfBGM\uff1a\n\u7518\u8336\u306e\u97f3\u697d\u5de5\u623f\nMusMus\nOtoLogic\n\u30dd\u30b1\u30c3\u30c8\u30b5\u30a6\u30f3\u30c9\nDOVA-SYNDROME\nPremiumBeat\uff1a\n\u3000-Studio Le Bus\n\u3000-Joe Sacco\n\u3000-Kyon\n\u3000-Smithereens\n\u25cf\u7d20\u6750\uff1a\u3044\u3089\u3059\u3068\u3084",
        "likeCount": "1224",
        "commentCount": "19",
        "viewCount": "32087"
    },
    "comments": [
        {
            "reply_id": "UgxvLnQLqTIryS4EHHN4AaABAg",
            "reply_content": "\u8001\u5e2b\u771f\u7684\u53b2\u5bb3 \u80fd\u628a\u97d3\u5f0f\u6599\u7406\u548c\u65e5\u5f0f\u6599\u7406\u5b8c\u7f8e\u7d50\u5408\u5728\u4e00\u8d77",
            "likeCount": 3
        },
        {
            "reply_id": "Ugxyb3WmQx0GQ3xaYnh4AaABAg",
            "reply_content": "\u8001\u5e08\u53ef\u4ee5\u6539\u6210\u732a\u8089\u5417",
            "likeCount": 2
        },
        {
            "reply_id": "UgyhXfcdJ1p-raqlRmR4AaABAg",
            "reply_content": "\u611f\u89ba\u5f88\u9069\u5408\u5e36\u4fbf\u7576",
            "likeCount": 1
        },
        {
            "reply_id": "UgzgPKBDrKrqPolJdtp4AaABAg",
            "reply_content": "\u5473\u9182\u662f\u6709\u8abf\u5473\u7684\u55ce",
            "likeCount": 0
        },
        {
            "reply_id": "Ugxu6b0OYix56PDAKLV4AaABAg",
            "reply_content": "\u751f\u83dc\u662f\u4ec0\u9ebc\u83dc\u5440",
            "likeCount": 0
        }
    ]
}