{
    "video_info": {
        "id": "bu4k9jg1gfw",
        "channelTitle": "MASA",
        "title": "\u65b0\u66f8\u6e96\u5099\u4e2d\uff01#masa#\u98df\u8b5c\u66f8",
        "description": "\u524d\u5e7e\u500b\u6708\u5c31\u6709\u958b\u59cb\u62cd\u651d\u4e86\u5269\u4e0b\u5e7e\u9801\u4efd\u5feb\u5b8c\u6210\u4e86\ud83e\udd79\u5e0c\u671b\u5927\u5bb6\u559c\u6b61\u9019\u6b21\u7684\u98df\u8b5c\u66f8\uff01\u6570\u30f6\u6708\u524d\u304b\u3089\u65b0\u3057\u3044\u30ec\u30b7\u30d4\u672c\u306e\u64ae\u5f71\u3092\u3084\u3063\u3066\u3044\u307e\u3059\u3002\u3042\u3068\u6570\u30da\u30fc\u30b8\u5206\u3067\u5b8c\u4e86\u3067\u3059\uff01\u304c\u3093\u3070\u308a\u307e\u3059\uff01\ud83d\udcaa",
        "likeCount": "680",
        "commentCount": "21",
        "viewCount": "12273"
    },
    "comments": [
        {
            "reply_id": "Ugy6-owo7naFzJHwhZt4AaABAg",
            "reply_content": "\u8001\u5e2b\u592a\u53ef\u611b\u4e86",
            "likeCount": 0
        },
        {
            "reply_id": "UgzTm57bezsecKHnzOR4AaABAg",
            "reply_content": "\u652f\u6301\u8001\u5e2b",
            "likeCount": 0
        }
    ]
}