{
    "video_info": {
        "id": "dwzXdFU393A",
        "channelTitle": "MASA",
        "title": "\u624b\u6c96\u5496\u5561/Hand Drip Coffee| MASA\u306e\u6599\u7406ABC",
        "description": "\u25c6MASA\u983b\u9053\u8a02\u95b1\u2193\nhttp://www.youtube.com/channel/UCr90FXGOO8nAE9B6FAUeTNA?sub_confirmation=1\n\n\u6700\u8fd1\u6211\u81ea\u5df1\u5f88\u6c89\u8ff7\u7684\u6771\u897f!\n\u672c\u4f86\u5f88\u611b\u559d\u9ed1\u5496\u5561\n\u73fe\u5728\u958b\u59cb\u4eab\u53d7\u624b\u6c96\u65b9\u5f0f\u7684\u5496\u5561\n\u6c92\u60f3\u5230\u5496\u5561\u8c46\u7a2e\u985e\uff0c\u6c34&\u8c46\u7684\u6bd4\u4f8b\n\u53ef\u4ee5\u505a\u9019\uff5e\u9ebc\u591a\u7684\u8b8a\u5316\uff01\n\u7279\u5225\u559c\u6b61\u624b\u78e8\u8c46\u5b50\u7684\u89f8\u611f&\u8072\u97f3\uff01\n\u8d85\u7d1a\u7642\u7652..(\u02f6\u203e\u1dc4 \u207b\u032b \u203e\u1dc5\u02f5)b\n\u6211\u4ecb\u7d39\u7684\u6bd4\u4f8b&\u6c96\u6cd5\u662f\u53ef\u4ee5\u53c3\u8003\u7684\n\u5927\u5bb6\u7528\u81ea\u5df1\u7fd2\u6163\u7684\u65b9\u5f0f\n\u591a\u591a\u4eab\u53d7\u597d\u559d\u7684\u5496\u5561\u5594\uff5e\uff01\n#MASA\n#\u5496\u5561\n#\u624b\u6c96\u5496\u5561",
        "likeCount": "838",
        "commentCount": "33",
        "viewCount": "46965"
    },
    "comments": [
        {
            "reply_id": "UgxKd-hrIbR0yIlvum54AaABAg",
            "reply_content": "\u6700\u9ebb\u7169\u7684\u5c31\u662f\u6d17\u90a3\u500b\u78e8\u8c46\u6a5f",
            "likeCount": 10
        },
        {
            "reply_id": "UgzSMqxOs9aIqkaeewt4AaABAg",
            "reply_content": "\u624b\u6c96\u5496\u5561\u7684\u7d30\u7bc0\u8d85\u7d1a\u7d30\uff0c\u771f\u6b63\u7684\u727d\u4e00\u9aee\u52d5\u5168\u8eab",
            "likeCount": 1
        },
        {
            "reply_id": "UgzsFAi6CfPpTRkXZcF4AaABAg",
            "reply_content": "\u4e0d\u60f3\u559d\u4e5f\u96e3\u5594",
            "likeCount": 0
        }
    ]
}