{
    "video_info": {
        "id": "hiRytaBk1-Q",
        "channelTitle": "MASA",
        "title": "\u548c\u98a8\u7d05\u71d2\u8c6c\u808b\u6392\u689d/Stewed Spare Ribs with Soy sauce| MASA\u306e\u6599\u7406ABC",
        "description": "\u25c6MASA\u983b\u9053\u8a02\u95b1\u2193\nhttp://www.youtube.com/channel/UCr90FXGOO8nAE9B6FAUeTNA?sub_confirmation=1\n\n\u25c6\u6b61\u8fce\u5230\u597d\u5b78\u6821MASA\u8ab2\u7a0b\u9023\u7d50\u5594\ud83d\udc49\uff1ahttps://bit.ly/45bNenP\n\u25c6\u98df\u8b5c\u2193\n\u9019\u6b21\u98df\u6750\u6211\u9078\u4e86Spare ribs/\u8c6c\u808b\u6392\u689d\n\u9019\u7a2e\u98df\u6750\u4e0d\u4e00\u5b9a\u8981\u505a\u6210\n\u897f\u5f0f\u53e3\u5473\u7684\n\u4f7f\u7528\u548c\u98a8\u7684\u8abf\u5473\u65b9\u5f0f\u505a\u4e5f\u53ef\u4ee5\u4eab\u53d7\n\u8d85\u7d1a\u597d\u5403\u7684\u8c6c\u808b\u6392\u689d\uff01\n\u716e\u5230\u5ae9\u5ae9\u7684\u6a23\u5b50\n\u54ac\u4e00\u53e3\u5c31\u6703\u6709\u5f88\u591aUmami\n\u8ddf\u767d\u98ef\u4e00\u8d77\u4eab\u7528\n\u6216\u7576\u4e0b\u9152\u83dc\u90fd\u5f88\u9069\u5408\n\u800c\u4e14\u9019\u9053\u5f88\u9069\u5408\u7576\u5e38\u5099\u83dc\n\u4e00\u6b21\u505a\u591a\u4e00\u9ede\u51b7\u85cf\u4fdd\u5b58\n\u6162\u6162\u4eab\u7528\u4e5f\u5f88\u65b9\u4fbf\uff5e\uff01(\u0e51\u02c3\u0335\u1d17\u02c2\u0335)\u0648\n\n#MASA\n#\u8c6c\u8089\n#\u7d05\u71d2\n#\u71c9\u8089\n#\u65e5\u5f0f\u6599\u7406\n\n\u548c\u98a8\u7d05\u71d2\u8c6c\u808b\u6392\u689d/\u30b9\u30da\u30a2\u30ea\u30d6\u306e\u30d4\u30ea\u8f9b\u716e\u8fbc\u307f\n[2\u4eba\u4efd]\n\u8c6c\u808b\u6392\u689d Spare ribs\u2014350g\n\u767d\u863f\u8514 Daikon\u2014200g\n\u751f\u8fa3\u6912 Chili pepper\u20141\u652f\n\u8591\u7247 Ginger,sliced\u20145g\n\u849c\u982d Garlic\u20143\u7c92\n\u8591\u7247 Ginger,sliced\u20143\u7247\n\u6e05\u9152 Sake\u20142\u5927\u5319\n\u5473\u9182 Mirin\u20141\u5927\u5319\n\u7802\u7cd6 Sugar\u20141\u5927\u5319\n\u91ac\u6cb9 Soy sauce\u20142\u5927\u5319\n\u65e5\u5f0f\u9ad8\u6e6f Dashi\u2014400cc\n\n\u767d\u863f\u8514\u76ae Daikon skin\u201450g\n\u5c0f\u9ec3\u74dc Cucumber\u20141\u652f\n\u7d05\u863f\u8514 Carrot\u201420g\n\u9e7d\u5df4 Salt\u20141/4\u5c0f\u5319\n[\u9183\u6c41]\n\u9e7d\u5df4 Salt\u20141/2\u5c0f\u5319\n\u918b Vinegar\u20143\u5927\u5319\n\u7802\u7cd6 Sugar\u201420g\n\n\uff0a\u6599\u7406\u306e\u540d\u524d\uff06\u4f5c\u308a\u65b9\u306f\u3042\u304f\u307e\u3067\u3082\u81ea\u5df1\u6d41\u306a\u306e\u3067\u3054\u4e86\u627f\u304f\u3060\u3055\u3044\n\uff0a\u6599\u7406\u540d\u7a31&\u505a\u6cd5\u4e0d\u4e00\u5b9a\u6b63\u5f0for\u50b3\u7d71, \u662f\u5f9e\u81ea\u5df1\u7684\u60f3\u6cd5&\u7d93\u9a57\u4f86\u5206\u4eab\u7684 \n\u8acb\u5404\u4f4d\u4e8b\u5148\u8ad2\u89e3\u3002*\u02ca\u1d55\u02cb)\u0a6d\n\n\uff0a\u6b61\u8fce\u5408\u4f5c/Contact\uff1abigway1688@gmail.com\n\n\u25cf\u6c99\u62c9\u6cb9\uff1a\u6cf0\u5c71\u5747\u8861369\u8abf\u5408\u6cb9 TAISUN 369 Blend Oil\n\u25cf\u934b\u5177\uff1aTHERMOS \u81b3\u9b54\u5e2b\u539a\u9444\u8010\u6469\u4e0d\u6cbe\u934b20cm, 24cm\n\u25cf\u934b\u5177\uff1aTHERMOS \u860b\u679c\u539f\u5473\u934b\u55ae\u67c4\u6e6f\u934b18cm \n\u25cfBGM\uff1a\n\u7518\u8336\u306e\u97f3\u697d\u5de5\u623f\nMusMus\nOtoLogic\n\u30dd\u30b1\u30c3\u30c8\u30b5\u30a6\u30f3\u30c9\nDOVA-SYNDROME\nPremiumBeat\uff1a\n\u3000-Studio Le Bus\n\u3000-Joe Sacco\n\u3000-Kyon\n\u3000-Smithereens\n\u25cf\u7d20\u6750\uff1a\u3044\u3089\u3059\u3068\u3084",
        "likeCount": "3876",
        "commentCount": "65",
        "viewCount": "148672"
    },
    "comments": [
        {
            "reply_id": "UgxxDCS14u2idry1S6d4AaABAg",
            "reply_content": "\u60f3\u6309\u597d\u591a\u6b21\u8d5e",
            "likeCount": 1
        },
        {
            "reply_id": "UgyUTr9gj_LZdHncut94AaABAg",
            "reply_content": "\u8b1d\u8b1d\u8001\u5e2b\u5206\u4eab",
            "likeCount": 1
        },
        {
            "reply_id": "UgyIzMjjcnvpTz6iNp94AaABAg",
            "reply_content": "\u8acb\u554f\u5982\u4f55\u505a\u65e5\u5f0f\u818f\u6e6f",
            "likeCount": 0
        },
        {
            "reply_id": "UgzQfrMlJwT3fHHJjih4AaABAg",
            "reply_content": "\u71c9\u716e\u7684\u98df\u7269\u9e79\u9e79\u7684\u8001\u5e2b\u9078\u64c7\u505a\u6ce1\u83dc\u4e00\u8d77\u5403\u771f\u68d2\u9019\u6a23\u597d\u5403\u53c8\u4e0d\u6703\u592a\u6cb9\u81a9\u5b78\u8d77\u4f86\u505a\u7d66\u5bb6\u4eba\u5403\u5f88\u5e78\u798f\u5462",
            "likeCount": 0
        }
    ]
}