{
    "video_info": {
        "id": "hM0A5-yRjIo",
        "channelTitle": "MASA",
        "title": "\u8766\u4ec1\u767d\u91ac\u849c\u9999\u901a\u5fc3\u7c89/Macaroni with Garlic Prawn| MASA\u306e\u6599\u7406ABC",
        "description": "\u25c6MASA\u983b\u9053\u8a02\u95b1\u2193\nhttp://www.youtube.com/channel/UCr90FXGOO8nAE9B6FAUeTNA?sub_confirmation=1\n\n\u25c6\u6b61\u8fce\u5230\u597d\u5b78\u6821MASA\u8ab2\u7a0b\u9023\u7d50\u5594\ud83d\udc49\uff1ahttps://bit.ly/45bNenP\n\u25c6\u98df\u8b5c\u2193\n\u5bb6\u559c\u6b61\u3048\u3073\u30af\u30ea\u30fc\u30e0\u30b3\u30ed\u30c3\u30b1/\u8766\u5b50\u5976\u91ac\u53ef\u6a02\u9905\u55ce\uff1f\n\u8766\u5b50\u8ddf\u767d\u91ac\u7528\u9165\u8106\u7684\u9eb5\u8863\u5305\u8d77\u4f86\u70b8 \n\u6211\u8d85\u7d1a\u611b\u5403\u9019\u7a2e\u6599\u7406\n\u554f\u984c\u662f\u5b83\u7684\u505a\u6cd5\u6bd4\u8f03\u8cbb\u5de5\n\u5148\u6e96\u5099\u9921 \u51b7\u537b\u4e4b\u5f8c \u624d\u53ef\u4ee5\u634f\n\u518d\u4f86\u5e36\u9eb5\u8863 \u70b8\n\u5c31\u6703\u6709\u5f88\u591a\u6d41\u7a0b\n\u9019\u6b21\u6211\u8981\u4ecb\u7d39\u6bd4\u8f03\u7c21\u55ae\u7684\u65b9\u5f0f\n\u4e0d\u7528\u634f \u4e5f\u4e0d\u7528\u70b8\n\u975e\u5e38\u7684\u8f15\u9b06\u53ef\u4ee5\u505a\u51fa\u4f86\n\u800c\u4e14\u6709\u9019\u9053\n\u5c31\u4e0d\u7528\u6e96\u5099\u5176\u4ed6\u7684\u4e3b\u98df\u5594\uff5e\uff01(\u0e51\u02c3\u0335\u1d17\u02c2\u0335)\u0648\n\n#MASA\n#\u8766\u5b50\n#\u901a\u5fc3\u7c89\n#\u767d\u91ac\n#\u849c\u982d\n\n\u8766\u4ec1\u767d\u91ac\u849c\u9999\u901a\u5fc3\u7c89/\u30a8\u30d3\u30af\u30ea\u30fc\u30e0\u306e\u30de\u30ab\u30ed\u30cb \n[1\u4eba\u4efd]\n\u901a\u5fc3\u7c89 Macaroni\u201480g\n\u8766\u4ec1 Prawns\u20148\u7247\n\u6d0b\u8525 Onion\u20141/4\u500b\n\u7d05\u863f\u8514 Carrot\u201420g\n\u767d\u9152 White wine\u2014100cc\n\u6c34 Water\u2014300cc\n\n\u9d3b\u79a7\u83c7 Shimeji\u201450g\n\u6d0b\u8525 Onion\u20141/8\u500b\n\u5976\u6cb9 Butter\u20142\u5c0f\u5319\n\u8766\u9ad8\u6e6f Prawn stock\u2014150cc\n\u9bae\u5976\u6cb9 Heavy cream\u201480cc\n\u5473\u6dcb Mirin\u20141\u5c0f\u5319\n\u91ac\u6cb9 Soy sauce\u20141/2\u5c0f\u5319\n\u8d77\u53f8\u7c89 Parmesan\u20142\u5927\u5319\n\u9e7d\u5df4&\u9ed1\u80e1\u6912 Salt & Black pepper\u2014\u9069\u91cf\n\n\uff0a\u6599\u7406\u306e\u540d\u524d\uff06\u4f5c\u308a\u65b9\u306f\u3042\u304f\u307e\u3067\u3082\u81ea\u5df1\u6d41\u306a\u306e\u3067\u3054\u4e86\u627f\u304f\u3060\u3055\u3044\n\uff0a\u6599\u7406\u540d\u7a31&\u505a\u6cd5\u4e0d\u4e00\u5b9a\u6b63\u5f0for\u50b3\u7d71, \u662f\u5f9e\u81ea\u5df1\u7684\u60f3\u6cd5&\u7d93\u9a57\u4f86\u5206\u4eab\u7684 \n\u8acb\u5404\u4f4d\u4e8b\u5148\u8ad2\u89e3\u3002*\u02ca\u1d55\u02cb)\u0a6d\n\n\uff0a\u6b61\u8fce\u5408\u4f5c/Contact\uff1abigway1688@gmail.com\n\n\u25cf\u6c99\u62c9\u6cb9\uff1a\u6cf0\u5c71\u5747\u8861369\u8abf\u5408\u6cb9 TAISUN 369 Blend Oil\n\u25cf\u934b\u5177\uff1aTHERMOS \u81b3\u9b54\u5e2b\u539a\u9444\u8010\u6469\u4e0d\u6cbe\u934b20cm, 24cm\n\u25cf\u934b\u5177\uff1aTHERMOS \u860b\u679c\u539f\u5473\u934b\u55ae\u67c4\u6e6f\u934b18cm \n\u25cfBGM\uff1a\n\u7518\u8336\u306e\u97f3\u697d\u5de5\u623f\nMusMus\nOtoLogic\n\u30dd\u30b1\u30c3\u30c8\u30b5\u30a6\u30f3\u30c9\nDOVA-SYNDROME\nPremiumBeat\uff1a\n\u3000-Studio Le Bus\n\u3000-Joe Sacco\n\u3000-Kyon\n\u3000-Smithereens\n\u25cf\u7d20\u6750\uff1a\u3044\u3089\u3059\u3068\u3084",
        "likeCount": "1998",
        "commentCount": "31",
        "viewCount": "65205"
    },
    "comments": [
        {
            "reply_id": "UgywT5aycAGMR_Z2sdt4AaABAg",
            "reply_content": "\u8001\u5e2b\u7684\u65b0\u66f8\u4ec0\u9ebc\u6642\u5019\u6703\u4e0a\u67b6\u5462",
            "likeCount": 3
        },
        {
            "reply_id": "UgwaawJcLAaPhbYGSGx4AaABAg",
            "reply_content": "\u6211\u8981\u8cb7\u6750\u6599\u4f86\u505a",
            "likeCount": 2
        },
        {
            "reply_id": "Ugx8crLE--V26PVP4DV4AaABAg",
            "reply_content": "\u6211\u8981\u5403",
            "likeCount": 2
        }
    ]
}