{
    "video_info": {
        "id": "iUk-c5bo8HY",
        "channelTitle": "MASA",
        "title": "\u65e5\u5f0f\u516b\u5bf6\u83dc\u4e3c\u98ef/Happousai Donburi| MASA\u306e\u6599\u7406ABC",
        "description": "\u25c6MASA\u983b\u9053\u8a02\u95b1\u2193\nhttp://www.youtube.com/channel/UCr90FXGOO8nAE9B6FAUeTNA?sub_confirmation=1\n\n\u25c6\u6b61\u8fce\u5230\u597d\u5b78\u6821MASA\u8ab2\u7a0b\u9023\u7d50\u5594\ud83d\udc49\uff1ahttps://bit.ly/45bNenP\n\u25c6\u98df\u8b5c\u2193\n\u9019\u6b21\u6211\u8981\u4ecb\u7d39\u4e00\u7a2e\n\u5728\u65e5\u672c\u4eba\u6c23\u5f88\u9ad8\u7684\n\u4e2d\u5f0f\u6599\u7406\u4e4b\u4e00\n\u53eb\u505a\u516b\u5bf6\u83dc\n\u770b\u9019\u500b\u540d\u5b57\u5c31\u77e5\u9053\n\u88e1\u9762\u6703\u5305\u542b\u516b\u7a2e\u98df\u6750\u7684\n\u975e\u5e38\u8c50\u76db\u7684\u6599\u7406\n\u5e73\u5e38\u90fd\u6703\u88dd\u5728\u76e4\u5b50\u88e1\u9762\n\u7576\u4e00\u54c1\u6599\u7406\n\u56e0\u70ba\u53e3\u5473\u662f\u975e\u5e38\u7684\u4e0b\u98ef\n\u6240\u4ee5\u78ba\u5b9a\u505a\u6210\u4e3c\u98ef\uff5e\uff01(\u0e51\u02c3\u0335\u1d17\u02c2\u0335)\u0648\n\n#MASA\n#\u84cb\u98ef\n#\u6d77\u9bae\n#\u4e3c\u98ef\n#\u8c6c\u8089\n\n\u65e5\u5f0f\u516b\u5bf6\u83dc\u4e3c\u98ef/\u516b\u5b9d\u83dc\u3069\u3093\n[2\u4eba\u4efd]\n\u4e94\u82b1\u8089 Pork belly\u2014100g\n\u8766\u4ec1 Prawns\u20148\u7247\n\u9d6a\u86cb Quail eggs\u20148\u500b\n\u7389\u7c73\u7b4d Baby corns\u20143\u652f\n\u5a03\u5a03\u83dcor\u767d\u83dc Chinese cabbage\u2014200g\n\u7d05\u863f\u8514 Carrot\u201450g\n\u4e7e\u71e5\u9999\u83c7 Dried shitake\u20142\u7247\n\u8525 Scallion\u20141\u652f\n\n\u8766\u6bbc Prawn shells\u20148\u7247\u4efd\n\u6c34 Water\u2014300cc\n\u767d\u8525 White scallion\u20141\u652f\u4efd\n\n\u8766\u9ad8\u6e6f Prawn stock\u2014250cc\n\u6e05\u9152 Sake\u20141\u5927\u5319\n\u5473\u9182 Mirin\u20141/2\u5927\u5319\n\u7802\u7cd6 Sugar\u20141\u5c0f\u5319\n\u91ac\u6cb9 Soy sauce\u20141\u5927\u5319\n\u8814\u6cb9 Oyster sauce\u20141\u5927\u5319\n\u8591\u6ce5 Ginger paste\u20141/2\u5c0f\u5319\n\u9ebb\u6cb9 Sesame oil\u20141\u5c0f\u5319\n\n\u592a\u767d\u7c89 Starch\u20141\u5927\u5319\n\u6c34 Water\u20141\u5927\u5319\n\n\u767d\u98ef Steamed rice\u20142\u7897\n\n\n\uff0a\u6599\u7406\u306e\u540d\u524d\uff06\u4f5c\u308a\u65b9\u306f\u3042\u304f\u307e\u3067\u3082\u81ea\u5df1\u6d41\u306a\u306e\u3067\u3054\u4e86\u627f\u304f\u3060\u3055\u3044\n\uff0a\u6599\u7406\u540d\u7a31&\u505a\u6cd5\u4e0d\u4e00\u5b9a\u6b63\u5f0for\u50b3\u7d71, \u662f\u5f9e\u81ea\u5df1\u7684\u60f3\u6cd5&\u7d93\u9a57\u4f86\u5206\u4eab\u7684 \n\u8acb\u5404\u4f4d\u4e8b\u5148\u8ad2\u89e3\u3002*\u02ca\u1d55\u02cb)\u0a6d\n\n\uff0a\u6b61\u8fce\u5408\u4f5c/Contact\uff1abigway1688@gmail.com\n\n\u25cf\u6c99\u62c9\u6cb9\uff1a\u6cf0\u5c71\u5747\u8861369\u8abf\u5408\u6cb9 TAISUN 369 Blend Oil\n\u25cf\u934b\u5177\uff1aTHERMOS \u81b3\u9b54\u5e2b\u539a\u9444\u8010\u6469\u4e0d\u6cbe\u934b20cm, 24cm\n\u25cf\u934b\u5177\uff1aTHERMOS \u860b\u679c\u539f\u5473\u934b\u55ae\u67c4\u6e6f\u934b18cm \n\u25cfBGM\uff1a\n\u7518\u8336\u306e\u97f3\u697d\u5de5\u623f\nMusMus\nOtoLogic\n\u30dd\u30b1\u30c3\u30c8\u30b5\u30a6\u30f3\u30c9\nDOVA-SYNDROME\nPremiumBeat\uff1a\n\u3000-Studio Le Bus\n\u3000-Joe Sacco\n\u3000-Kyon\n\u3000-Smithereens\n\u25cf\u7d20\u6750\uff1a\u3044\u3089\u3059\u3068\u3084",
        "likeCount": "5317",
        "commentCount": "132",
        "viewCount": "242482"
    },
    "comments": [
        {
            "reply_id": "Ugz2wyfcRJqZBiTg2TZ4AaABAg",
            "reply_content": "\u5176\u5be6\u5c31\u662f\u4ec0\u9326\u6d77\u9bae\u71f4\u98ef",
            "likeCount": 3
        },
        {
            "reply_id": "UgxPmCj8o60EDG98moJ4AaABAg",
            "reply_content": "\u8b1d\u8b1d\u60a8",
            "likeCount": 2
        },
        {
            "reply_id": "Ugz15M7JMCoD3CTJtzZ4AaABAg",
            "reply_content": "\u597d\u6e05\u695a\u5594",
            "likeCount": 2
        },
        {
            "reply_id": "UgyH9pdsLXbIAgSma2t4AaABAg",
            "reply_content": "\u8001\u5317\u4eac\u7096\u767d\u83dc",
            "likeCount": 2
        },
        {
            "reply_id": "Ugz1ZGgJoc-a_Bcn0P54AaABAg",
            "reply_content": "\u6709\u60f3\u5230\u4e03\u9f99\u73e0\u91cc\u7684\u6742\u70e9\u996d\u5927\u738b",
            "likeCount": 2
        },
        {
            "reply_id": "UgxOpIa0EjsQPmKUvMJ4AaABAg",
            "reply_content": "\u770b\u5230\u5c31\u5f88\u6709\u98df\u6b32",
            "likeCount": 2
        },
        {
            "reply_id": "UgwEOQEx5OIDB-DgyzR4AaABAg",
            "reply_content": "\u611f\u89ba\u548c\u798f\u5efa\u7092\u98ef\u4e00\u6a23\u561b",
            "likeCount": 2
        },
        {
            "reply_id": "UgxcFa-sIpUjuG22jH14AaABAg",
            "reply_content": "\u660e\u660e\u5c31\u662f\u4e2d\u56fd\u7684\u83dc",
            "likeCount": 0
        },
        {
            "reply_id": "UgwngVUT6hMWKIcV4l94AaABAg",
            "reply_content": "\u9019\u9053\u770b\u8d77\u4f86\u597d\u597d\u5403\u5594",
            "likeCount": 0
        },
        {
            "reply_id": "UgzIMGEjX4VHUlEi1md4AaABAg",
            "reply_content": "\u60f3\u5230\u4e71\u9a6c\u516b\u5b9d\u6d4e",
            "likeCount": 0
        },
        {
            "reply_id": "Ugw7VBLQPudXnKIu0nR4AaABAg",
            "reply_content": "\u4ec0\u9326\u71f4\u98ef",
            "likeCount": 0
        },
        {
            "reply_id": "Ugz_utTbVHoneD1cgsh4AaABAg",
            "reply_content": "\u53ef\u53e3\u5594",
            "likeCount": 0
        },
        {
            "reply_id": "UgzvkpbdPDcnn_HfSCt4AaABAg",
            "reply_content": "\u9171\u6599\u996d",
            "likeCount": 0
        },
        {
            "reply_id": "UgwpXGYbRt11RRxZR_l4AaABAg",
            "reply_content": "\u6599",
            "likeCount": 0
        },
        {
            "reply_id": "UgybIBULhKFPDbMcERp4AaABAg",
            "reply_content": "\u65e5\u5f0f\u798f\u5efa\u7092\u98ef",
            "likeCount": 0
        },
        {
            "reply_id": "Ugz2_ZSiRqt_HfTIYoF4AaABAg",
            "reply_content": "\u6211\u5728\u65e5\u672c\u6771\u4eac\u6e0b\u8c37\u4e00\u9593\u4e2d\u83ef\u6599\u7406\u5e97\u5403\u904e\u9019\u9053\u83dc\u3002",
            "likeCount": 0
        },
        {
            "reply_id": "UgykfuzqeerSHYlwdpR4AaABAg",
            "reply_content": "\u6211\u570d\u5c4b",
            "likeCount": 0
        },
        {
            "reply_id": "UgwusMav_BBMJA8e8PJ4AaABAg",
            "reply_content": "\u83dc\u591a\u4e00\u70b9\u4f1a\u8425\u517b\u5747\u8861",
            "likeCount": 0
        },
        {
            "reply_id": "UgzPE4TAduNGp34uwoR4AaABAg",
            "reply_content": "\u597d\u50cf\u9999\u6e2f\u7684\u798f\u5efa\u7092\u98ef",
            "likeCount": 0
        },
        {
            "reply_id": "Ugw9MSrq3QvrEkPsssp4AaABAg",
            "reply_content": "\u9019\u7a2e\u83dc\u4e00\u958b\u5403\u4fbf\u7121\u6cd5\u505c\u6b62",
            "likeCount": 0
        }
    ]
}