{
    "video_info": {
        "id": "L9dTzgsIpXw",
        "channelTitle": "MASA",
        "title": "\u8c6c\u6392\u5496\u54e9\u71d2\u9eb5/Pork Steak Noodles with Curry Sauce| MASA\u306e\u6599\u7406ABC",
        "description": "\u25c6MASA\u983b\u9053\u8a02\u95b1\u2193\nhttps://www.youtube.com/masaabc1\n\u25c6\u6b61\u8fce\u5230\u597d\u5b78\u6821MASA\u8ab2\u7a0b\u9023\u7d50\u5594\ud83d\udc49\uff1ahttps://bit.ly/45bNenP\n\u25c6\u98df\u8b5c\u2193\n\u9019\u6b21\u6211\u8981\u4ecb\u7d39\u5f88\u597d\u5403\u7684\nYakisoba/\u71d2\u305d\u3070\n\u4f46\u662f\u8ddf\u5e73\u5e38\u5403\u7684\u65e5\u5f0f\u7092\u9eb5\n\u5916\u89c0\u6709\u4e00\u9ede\u4e0d\u4e00\u6a23\u5594\n\u88dd\u4e0a\u9999\u9999\u7684\u8c6c\u6392\n\u642d\u914d\u5496\u54e9\u91ac\n\u714e\u5230\u9165\u8106\u7684\u9eb5\n\u4e00\u8d77\u5403\u5c31\u7121\u6cd5\u505c\u4e0b\u4f86\n\u9084\u6709\u53e6\u5916\u6e96\u5099\u4e86\n\u5f88\u597d\u5403\u7684\u53e3\u5473\u8b8a\u5316\uff5e\uff01(\u0e51\u02c3\u0335\u1d17\u02c2\u0335)\u0648\n\n#MASA\n#\u8c6c\u8089\n#\u5496\u54e9\n#\u65e5\u5f0f\u7092\u9eb5\n#\u71d2\u9eb5\n\n\u8c6c\u6392\u5496\u54e9\u71d2\u9eb5/\u8c5a\u306e\u7adc\u7530\u30ab\u30ec\u30fc\u713c\u304d\u305d\u3070  \n[1\u4eba\u4efd]\n\u91cc\u810a\u8c6c\u8089 Pork loin\u2014120g\n\u5473\u9182 Mirin\u20141\u5927\u5319\n\u91ac\u6cb9 Soy sauce\u20141\u5927\u5319\n\u849c\u6ce5 Garlic paste\u20141\u5c0f\u5319\n\u592a\u767d\u7c89 Starch\u20142\u5927\u5319\n\n\u6cb9\u9eb5 Chinese noodles\u2014200g\n\n\u9ad8\u9e97\u83dc Cabbage\u201460g\n\u8525 Scallion\u20141\u652f\n\u6d0b\u8525 Onion\u20141/4\u500b\n\u65e5\u5f0f\u9ad8\u6e6f Dashi\u2014200cc\n\u5473\u9182 Mirin\u20141\u5927\u5319\n\u7802\u7cd6 Sugar\u20141\u5c0f\u5319\n\u91ac\u6cb9 Soy sauce\u20141\u5927\u5319\n\u5496\u55b1\u7c89 Curry powder\u20141/2\u5927\u5319\n\u9e7d\u5df4&\u9ed1\u80e1\u6912 Salt&Pepper\u2014\u9069\u91cf\n\n\u592a\u767d\u7c89 Starch\u20142\u5c0f\u5319\n\u6c34 Water\u20142\u5c0f\u5319\n\n\u6c34\u716e\u96de\u86cb Boiled egg\u20141\u9846\n\u7f8e\u4e43\u6ecb Mayonnaise\u20142\u5927\u5319\n\u512a\u683c Yogurt\u20141\u5927\u5319\n\u9e7d\u5df4&\u9ed1\u80e1\u6912 Salt&Pepper\u2014\u9069\u91cf\n\n\uff0a\u6599\u7406\u306e\u540d\u524d\uff06\u4f5c\u308a\u65b9\u306f\u3042\u304f\u307e\u3067\u3082\u81ea\u5df1\u6d41\u306a\u306e\u3067\u3054\u4e86\u627f\u304f\u3060\u3055\u3044\n\uff0a\u6599\u7406\u540d\u7a31&\u505a\u6cd5\u4e0d\u4e00\u5b9a\u6b63\u5f0for\u50b3\u7d71, \u662f\u5f9e\u81ea\u5df1\u7684\u60f3\u6cd5&\u7d93\u9a57\u4f86\u5206\u4eab\u7684 \n\u8acb\u5404\u4f4d\u4e8b\u5148\u8ad2\u89e3\u3002*\u02ca\u1d55\u02cb)\u0a6d\n\n\uff0a\u6b61\u8fce\u5408\u4f5c/Contact\uff1abigway1688@gmail.com\n\n\u25cf\u6c99\u62c9\u6cb9\uff1a\u6cf0\u5c71\u5747\u8861369\u8abf\u5408\u6cb9 TAISUN 369 Blend Oil\n\u25cf\u934b\u5177\uff1aTHERMOS \u81b3\u9b54\u5e2b\u539a\u9444\u8010\u6469\u4e0d\u6cbe\u934b20cm, 24cm\n\u25cf\u934b\u5177\uff1aTHERMOS \u860b\u679c\u539f\u5473\u934b\u55ae\u67c4\u6e6f\u934b18cm \n\u25cfBGM\uff1a\n\u7518\u8336\u306e\u97f3\u697d\u5de5\u623f\nMusMus\nOtoLogic\n\u30dd\u30b1\u30c3\u30c8\u30b5\u30a6\u30f3\u30c9\nDOVA-SYNDROME\nPremiumBeat\uff1a\n\u3000-Studio Le Bus\n\u3000-Joe Sacco\n\u3000-Kyon\n\u3000-Smithereens\n\u25cf\u7d20\u6750\uff1a\u3044\u3089\u3059\u3068\u3084",
        "likeCount": "1304",
        "commentCount": "30",
        "viewCount": "38737"
    },
    "comments": [
        {
            "reply_id": "Ugz8rov6zvWWtZonm2N4AaABAg",
            "reply_content": "\u53d4\u662f\u600e\u4e48\u62cd\u6444\u51fa\u90a3\u4e48\u6709\u6cbb\u6108\u611f\u7684\uff0c\u6211\u4e5f\u8981\u5411\u4f60\u5b66\u4e60",
            "likeCount": 1
        },
        {
            "reply_id": "Ugxg8G2WmzA3uWuOPHx4AaABAg",
            "reply_content": "\u559c\u6b61\u559c\u6b61",
            "likeCount": 1
        },
        {
            "reply_id": "UgxdhAeFTqCNZdywYgN4AaABAg",
            "reply_content": "\u770b\u5f97\u597d\u9913",
            "likeCount": 0
        }
    ]
}