{
    "video_info": {
        "id": "NvR4VtI3-H0",
        "channelTitle": "MASA",
        "title": "\u9999\u9999\u9165\u70b8\u79cb\u8475/Deep fried Crispy Okuras| MASA\u306e\u6599\u7406ABC",
        "description": "\u25c6MASA\u983b\u9053\u8a02\u95b1\u2193\nhttps://www.youtube.com/masaabc1\n\u25c6\u6b61\u8fce\u5408\u4f5c/Contact\uff1abigway1688@gmail.com\n\u25c6\u98df\u8b5c\u2193\n\u5927\u5bb6\u559c\u6b61OKURA \u79cb\u8475\u55ce\uff1f\n\u4e00\u822c\u6211\u5011\u5e38\u770b\u5230\u7684\u6599\u7406\u5927\u90e8\u5206\u90fd\u662f\n\u6dbc\u62cc\u6703\u5473\u564c\u6e6f\u985e\u7684\u6599\n\u5176\u5be6\u5229\u7528\u9019\u500b\u852c\u53ef\u4ee5\u505a\n\u8d85\u7d1a\u597d\u5403\u7684\u4e0b\u9152\u83dc\uff01\n\u52a0\u71b1\u5230\u5f88\u9165\u8106\u7684\u6a23\u5b50\n\u958b\u59cb\u5403\u5c31\u7121\u6cd5\u63a7\u5236\u81ea\u5df1\n\u4e00\u76f4\u908a\u5403\u908a\u559d\uff01\n\u5b78\u5230\u9019\u9053\u6599\u7406\n\u5728\u5bb6\u4f60\u5c31\u53ef\u4ee5\u4eab\u53d7\n\u5c45\u9152\u5c4b\u7684\u6c23\u6c1b\u5594\uff5e\uff01(\u0e51\u02c3\u0335\u1d17\u02c2\u0335)\u0648\n\n\u25c6\u6b61\u8fce\u5230MASA\u8ab2\u7a0b\u9023\u7d50\u5594\ud83d\udc49\uff1ahttps://bit.ly/45bNenP\n\n#MASA\n#\u79cb\u8475\n#\u4e0b\u9152\u83dc\n#\u5c45\u9152\u5c4b\n#\u65e5\u5f0f\u6599\u7406\n\n\u9999\u9999\u9165\u70b8\u79cb\u8475/\u30aa\u30af\u30e9\u306e\u30b5\u30af\u30b5\u30af\u30d5\u30e9\u30a4\n[1\u4eba\u4efd]\n\u79cb\u8475 Okura\u201410\u652f\n\u91ac\u6cb9 Soy sauce\u20141\u5c0f\u5319\n\u849c\u6ce5 Garlic paste\u20141/2\u5c0f\u5319\n\u592a\u767d\u7c89 Starch\u20143\u5927\u5319\n\n\u7f8e\u4e43\u6ecb Mayonnaise\u20142\u5927\u5319\n\u4e03\u5473\u7c89 Nanami powder\u20141/2\u5c0f\u5319\n\u91ac\u6cb9 Soy sauce\u20141/4\u5c0f\u5319\n\u5496\u55b1\u7c89 Curry powder\u20141\u5927\u5319\n\u9e7d\u5df4 Salt\u2014\u5c11\u8a31\n\n\uff0a\u6599\u7406\u306e\u540d\u524d\uff06\u4f5c\u308a\u65b9\u306f\u3042\u304f\u307e\u3067\u3082\u81ea\u5df1\u6d41\u306a\u306e\u3067\u3054\u4e86\u627f\u304f\u3060\u3055\u3044\n\uff0a\u6599\u7406\u540d\u7a31&\u505a\u6cd5\u4e0d\u4e00\u5b9a\u6b63\u5f0for\u50b3\u7d71, \u662f\u5f9e\u81ea\u5df1\u7684\u60f3\u6cd5&\u7d93\u9a57\u4f86\u5206\u4eab\u7684 \n\u8acb\u5404\u4f4d\u4e8b\u5148\u8ad2\u89e3\u3002*\u02ca\u1d55\u02cb)\u0a6d\n\n\u25cf\u6c99\u62c9\u6cb9\uff1a\u6cf0\u5c71\u5747\u8861369\u8abf\u5408\u6cb9 TAISUN 369 Blend Oil\n\u25cf\u934b\u5177\uff1aTHERMOS \u81b3\u9b54\u5e2b\u539a\u9444\u8010\u6469\u4e0d\u6cbe\u934b20cm, 24cm\n\u25cf\u934b\u5177\uff1aTHERMOS \u860b\u679c\u539f\u5473\u934b\u55ae\u67c4\u6e6f\u934b18cm \n\u25cfBGM\uff1a\n\u7518\u8336\u306e\u97f3\u697d\u5de5\u623f\nMusMus\nOtoLogic\n\u30dd\u30b1\u30c3\u30c8\u30b5\u30a6\u30f3\u30c9\nDOVA-SYNDROME\nPremiumBeat\uff1a\n\u3000-Studio Le Bus\n\u3000-Joe Sacco\n\u3000-Kyon\n\u3000-Smithereens\n\u25cf\u7d20\u6750\uff1a\u3044\u3089\u3059\u3068\u3084",
        "likeCount": "2408",
        "commentCount": "30",
        "viewCount": "60374"
    },
    "comments": [
        {
            "reply_id": "UgzXtgNQ4mmrbgsFK3Z4AaABAg",
            "reply_content": "\u5149\u770b\u5230\u4e00\u904d\u5403\u4e00\u908a\u559d\u9152\u6c7a\u5b9a\u5b78\u4e0b\u9019\u9053\u6599\u7406\u4e86\ud83d\ude0e",
            "likeCount": 2
        },
        {
            "reply_id": "Ugzw3LXN8USfe_zWKVF4AaABAg",
            "reply_content": "\u8001\u5e2b\u6559\u7684\u6bcf\u9053\u6599\u7406\u90fd\u5bb9\u6613\u57f7\u884c\u800c\u4e14\u597d\u5403",
            "likeCount": 1
        },
        {
            "reply_id": "UgzgGmEDq4Kl88yc1m54AaABAg",
            "reply_content": "\u6492\u80e1\u6912\u9e7d\u61c9\u8a72\u4e0d\u932f",
            "likeCount": 0
        },
        {
            "reply_id": "UgzB2yGWppIR96iE5GR4AaABAg",
            "reply_content": "\u6e05\u9152\u6709\u5176\u4ed6\u66ff\u4ee3\u54c1\u55ce",
            "likeCount": 0
        }
    ]
}