{
    "video_info": {
        "id": "QTudKRa6hpc",
        "channelTitle": "MASA",
        "title": "Presented by \u9ad8\u6176\u6cc9 \u7167\u71d2\u96de\u89aa\u5b50\u4e3c\u98ef/Teriyaki Oyakodon |MASA\u306e\u6599\u7406ABC",
        "description": "\u25c6\u98df\u8b5c\u2193\n\u9019\u6b21\u4f7f\u7528\u9ad8\u6176\u6cc9\u86cb\u86cb\u7684\u91ac\u6cb9\n\u4ecb\u7d39\u5982\u4f55\u7c21\u55ae\u505a\u51fa\u4f86\u9032\u5316\u7248\u7684\u89aa\u5b50\u4e3c\u98ef\uff01\n\u9ad8\u6176\u6cc9\u86cb\u86cb\u7684\u91ac\u6cb9\u662f\u7279\u6b8a\u7684\u91ac\u6cb9\uff0c\n\u7cbe\u5fc3\u7684\u8abf\u88fd\u4e86\u300c\u91ac\u6cb9\u300d\u53ca\u300c\u9ad8\u6e6f\u300d\u7684\u6bd4\u4f8b\n\u80fd\u5920\u5e36\u51fa\u96de\u86cb\u539f\u672c\u7518\u9187\u98a8\u5473\u7684\u5c08\u7528\u91ac\u6cb9\n\u9664\u4e86\u53ef\u4ee5\u7528\u5728\u96de\u86cb\u62cc\u98ef\u548c\u4e3c\u98ef\u4e4b\u5916\uff0c\n\u9084\u4e5f\u53ef\u4ee5\u7528\u4f86\u642d\u914d\u4efb\u4f55\u7684\u86cb\u6599\u7406\u3002\n\u8377\u5305\u86cb\uff0c\u7092\u86cb\uff0c\u84b8\u86cb\u3002\n\u9084\u6709\u65e5\u5f0f\u6599\u7406\u548c\u9069\u7528\u91ac\u6cb9\u7684\u6599\u7406\u5594\uff5e\uff01(\u0e51\u02c3\u0335\u1d17\u02c2\u0335)\u0648 \n\u25c6\u76ee\u524d\u5168\u806f\u5169\u6b3e\u91ac\u6599\u4e5f\u90fd\u65b9\u4fbf\u8cfc\u8cb7\u5594\uff01\n\n\u7167\u71d2\u96de\u89aa\u5b50\u4e3c\u98ef/\u3066\u308a\u3084\u304d\u89aa\u5b50\u3069\u3093\n[1\u4eba\u4efd]\n\u96de\u817f\u8089 Chicken thigh\u20141\u7247\n\u9ad8\u6176\u6cc9 \u96de\u86cb\u7684\u91ac\u6cb9\u20141\u5927\u5319\n\u96de\u86cb Egg\u20142\u500b\n\u6d0b\u8525 Onion\u20141/4\u500b\n\u8525 Scallion\u20141\u652f\n\u65e5\u5f0f\u9ad8\u6e6f Dashi\u2014100cc\n\u9ad8\u6176\u6cc9 \u96de\u86cb\u7684\u91ac\u6cb9\u20142\u5c0f\u5319\n\u767d\u98ef Steamed rice\u20141\u7897\n\n\u9ad8\u6176\u6cc9\u5b98\u7db2\u9023\u7d50\uff1ahttps://reurl.cc/qLgxZE\n\n\uff0a\u6599\u7406\u540d\u7a31&\u505a\u6cd5\u4e0d\u4e00\u5b9a\u6b63\u5f0for\u50b3\u7d71, \u662f\u5f9e\u81ea\u5df1\u7684\u60f3\u6cd5&\u7d93\u9a57\u4f86\u5206\u4eab\u7684 \n\u8acb\u5404\u4f4d\u4e8b\u5148\u8ad2\u89e3\u3002m(   )m\n\n\uff0a\u6b61\u8fce\u5408\u4f5c/Contact (\u958b\u767c\u98df\u8b5c,\u6d3b\u52d5,\u63a8\u92b7)\uff1abigway1688@gmail.com\n\uff0aInstagram\uff1ahttps://www.instagram.com/masa_cookin...\n\uff0aMASA Facebook\uff1ahttps://www.facebook.com/masa.abc\n\uff0a\u98df\u8b5c\u66f8\uff1ahttps://www.masa.tw/masas-book\n\n\u25cfBGM\uff1a\n\u3000\u7518\u8336\u306e\u97f3\u697d\u5de5\u623f\nMusMus\n\u3000OtoLogic\n\u3000\u30dd\u30b1\u30c3\u30c8\u30b5\u30a6\u30f3\u30c9\n\u3000PremiumBeat\uff1a\n\u3000\u3000-Studio Le Bus\n\u3000\u3000-Joe Sacco\n\u3000\u3000-Kyon\n\u3000\u3000-Smithereens\n#\u9ad8\u6176\u6cc9\n#\u86cb\u86cb\u7684\u91ac\u6cb9\n#\u96de\u86cb\n#\u96de\u8089\n#\u84cb\u98ef",
        "likeCount": "2201",
        "commentCount": "41",
        "viewCount": "82401"
    },
    "comments": [
        {
            "reply_id": "UgzoXo8qTKfvkeevIaZ4AaABAg",
            "reply_content": "\u770b\u5f97\u809a\u5b50\u90fd\u997f\u4e86",
            "likeCount": 1
        },
        {
            "reply_id": "UgwaaNYEd3R0wUtDPDh4AaABAg",
            "reply_content": "\u8fd9\u4e2a\u7edd\u5bf9\u597d\u5403\u554a",
            "likeCount": 0
        }
    ]
}