{
    "video_info": {
        "id": "rrXl6bh9fvM",
        "channelTitle": "MASA",
        "title": "\u71d2\u70e4\u725b\u5c0f\u6392\u7092\u98ef\u5b9a\u98df/Beef rib Fried rice Teisyoku| MASA\u306e\u6599\u7406ABC",
        "description": "\u25c6MASA\u983b\u9053\u8a02\u95b1\u2193\nhttp://www.youtube.com/channel/UCr90FXGOO8nAE9B6FAUeTNA?sub_confirmation=1\n\n\u25c6\u6b61\u8fce\u5230\u597d\u5b78\u6821MASA\u8ab2\u7a0b\u9023\u7d50\u5594\ud83d\udc49\uff1ahttps://bit.ly/45bNenP\n\u25c6\u98df\u8b5c\u2193\n\u9019\u500b\u5b63\u7bc0\u53bb\u8d85\u5e02\u5c31\u6703\u770b\u5230\n\u5f88\u591a\u8ddf\u4e2d\u79cb\u7bc0\u6709\u95dc\u7684\u6771\u897f \n\u5c24\u5176\u662f\u70e4\u8089\u7684\u98df\u6750\u6709\u8ce3\n\u5f88\u591a\u9078\u64c7 \n\u9019\u6b21\u6211\u7528\u3084\u304d\u306b\u304f\u5c4b\n\u4e00\u6a23\u65b9\u5f0f\u5148\u628a\u725b\u5c0f\u6392\u9183\u8d77\u4f86\u4e4b\u5f8c\n\u518d\u505a\u6210\u7092\u98ef\uff01\n\u9084\u6709\u53e6\u5916\u6211\u8981\u6e96\u5099\u597d\u559d\u7684\n\u3057\u3089\u3059/\u543b\u4ed4\u9b5a\u7684\n\u5473\u564c\u6e6f\u8ddf\u8c46\u8150\u6c99\u62c9\uff5e\uff01(\u0e51\u02c3\u0335\u1d17\u02c2\u0335)\u0648\n\n#MASA\n#\u725b\u8089\n#\u71d2\u8089\n#\u4e2d\u79cb\u7bc0\n#\u7092\u98ef\n\n\u71d2\u70e4\u725b\u5c0f\u6392\u7092\u98ef\u5b9a\u98df/\u725b\u30ab\u30eb\u30d3\u30c1\u30e3\u30fc\u30cf\u30f3\u5b9a\u98df\n[1\u4eba\u4efd]\n\u725b\u5c0f\u6392 Beef ribs\u2014120g\n\u6d0b\u8525 Onion\u20141/4\u500b\n\u9752\u9f8d\u6912 Green chili pepper\u20143\u652f\n\u751f\u8fa3\u6912 Chili pepper\u20141\u652f\n\u849c\u6ce5 Garlic paste\u20142\u7c92\u5206\n\u8591\u6ce5 Ginger paste\u20141/2\u5c0f\u5319\n\u6e05\u9152 Sake\u20141\u5927\u5319\n\u7802\u7cd6 Sugar\u20141\u5c0f\u5319\n\u5473\u9182 Mirin\u20141\u5927\u5319\n\u91ac\u6cb9 Soy sauce\u20141\u5927\u5319\n\u5473\u564c Miso\u20142\u5c0f\u5319\n\n\u767d\u98ef Steamed rice\u2014250g\n\u96de\u86cb Egg\u20142\u9846\n\n\u3010\u8c46\u8150\u6c99\u62c9\u3011\n\u5ae9\u8c46\u8150 Tofu\u2014150g\n\u751f\u83dc Lettuce\u201450g\n\u4e7e\u71e5\u6d77\u82d4\u82bd Dried wakeme\u20143g\n\u6d0b\u8525 Onion\u20141/8\u500b\n\u5c0f\u756a\u8304 Cherry tomatoes\u20145\u7c92\n\u7f8e\u4e43\u6ecb Mayonnaise\u20142\u5927\u5319\n\u512a\u683c Yogurt\u20142\u5927\u5319\n\u8fa3\u8c46\u74e3\u91ac Spicy bean sauce\u20142\u5c0f\u5319\n\u7802\u7cd6 Sugar\u20141/2\u5c0f\u5319\n\n\u3010\u543b\u4ed4\u9b5a\u5473\u564c\u6e6f\u3011\n\u543b\u4ed4\u9b5a Shirasu\u201450g\n\u9d3b\u79a7\u83c7 Shimeji\u2014100g\n\u5c0f\u677e\u83dc Komatsuna\u20144\u628a\n\u65e5\u5f0f\u9ad8\u6e6f Dashi\u2014600cc\n\u5473\u564c Miso\u201450g\n\n\n\uff0a\u6599\u7406\u306e\u540d\u524d\uff06\u4f5c\u308a\u65b9\u306f\u3042\u304f\u307e\u3067\u3082\u81ea\u5df1\u6d41\u306a\u306e\u3067\u3054\u4e86\u627f\u304f\u3060\u3055\u3044\n\uff0a\u6599\u7406\u540d\u7a31&\u505a\u6cd5\u4e0d\u4e00\u5b9a\u6b63\u5f0for\u50b3\u7d71, \u662f\u5f9e\u81ea\u5df1\u7684\u60f3\u6cd5&\u7d93\u9a57\u4f86\u5206\u4eab\u7684 \n\u8acb\u5404\u4f4d\u4e8b\u5148\u8ad2\u89e3\u3002*\u02ca\u1d55\u02cb)\u0a6d\n\n\uff0a\u6b61\u8fce\u5408\u4f5c/Contact\uff1abigway1688@gmail.com\n\n\u25cf\u6c99\u62c9\u6cb9\uff1a\u6cf0\u5c71\u5747\u8861369\u8abf\u5408\u6cb9 TAISUN 369 Blend Oil\n\u25cf\u934b\u5177\uff1aTHERMOS \u81b3\u9b54\u5e2b\u539a\u9444\u8010\u6469\u4e0d\u6cbe\u934b20cm, 24cm\n\u25cf\u934b\u5177\uff1aTHERMOS \u860b\u679c\u539f\u5473\u934b\u55ae\u67c4\u6e6f\u934b18cm \n\u25cfBGM\uff1a\n\u7518\u8336\u306e\u97f3\u697d\u5de5\u623f\nMusMus\nOtoLogic\n\u30dd\u30b1\u30c3\u30c8\u30b5\u30a6\u30f3\u30c9\nDOVA-SYNDROME\nPremiumBeat\uff1a\n\u3000-Studio Le Bus\n\u3000-Joe Sacco\n\u3000-Kyon\n\u3000-Smithereens\n\u25cf\u7d20\u6750\uff1a\u3044\u3089\u3059\u3068\u3084",
        "likeCount": "2205",
        "commentCount": "39",
        "viewCount": "70923"
    },
    "comments": [
        {
            "reply_id": "UgzUEKQ4VN5PQWZ3R3d4AaABAg",
            "reply_content": "\u597d\u597d\u5403\u7684\u6a23\u5b50",
            "likeCount": 1
        },
        {
            "reply_id": "Ugw2S4JXEBeDPyp7n5l4AaABAg",
            "reply_content": "\u6211\u90fd\u662f\u559c\u6b61\u770b\u7684\u7247",
            "likeCount": 0
        },
        {
            "reply_id": "UgxB_oTq23DNghQhy494AaABAg",
            "reply_content": "\u6211\u70ba\u4ec0\u9ebc\u8981\u5728\u5348\u591c\u5341\u4e8c\u9ede\u770b\u9019\u90e8\u5f71\u7247\n\u770b\u8d77\u4f86\u4e5f\u592a\u597d\u5403\u4e86",
            "likeCount": 0
        },
        {
            "reply_id": "Ugzh9mcZ3OngZRwSC554AaABAg",
            "reply_content": "\u770b\u4e86\u5c31\u60f3\u5403\u554a",
            "likeCount": 0
        },
        {
            "reply_id": "Ugy-BBiCgUEV0iPt5cN4AaABAg",
            "reply_content": "\u8acb\u554f\u6709\u4ec0\u9ebc\u8fa6\u6cd5\u80fd\u8b93\u7092\u98ef\u4e0d\u8981\u592a\u6b7b\u9e79",
            "likeCount": 0
        }
    ]
}