{
    "video_info": {
        "id": "UbmUKyhTki0",
        "channelTitle": "MASA",
        "title": "\u753a\u4e2d\u83ef\u98a8 \u96de\u7fc5\u51ac\u7c89\u6e6f\u5b9a\u98df/Chicken Harusame Soup Teisyoku| MASA\u306e\u6599\u7406ABC",
        "description": "\u25c6MASA\u983b\u9053\u8a02\u95b1\u2193\nhttp://www.youtube.com/channel/UCr90FXGOO8nAE9B6FAUeTNA?sub_confirmation=1\n\n\u25c6\u6b61\u8fce\u5230\u597d\u5b78\u6821MASA\u8ab2\u7a0b\u9023\u7d50\u5594\ud83d\udc49\uff1ahttps://bit.ly/45bNenP\n\u25c6\u98df\u8b5c\u2193\n\u6211\u5011\u65e5\u6587\u8aaa\nharusame/\u6625\u96e8\n\u901a\u5e38\u6703\u4ee3\u8868\u61c9\u8a72\u662f\u51ac\u7c89(\uff1f)\n\u6211\u5f88\u559c\u6b61\u5b83\u7684\u7279\u5225\u7684\u6ed1\u6f64\u53e3\u611f \n\u4e2d\u5f0f\u6599\u7406\u6709\u5f88\u591a\u51ac\u7c89\u6599\u7406 \n\u6211\u5728\u65e5\u672c\u6642\u5019\u5e38\u6703\u53bb\nlocal\u7684\u4e2d\u83ef\u6599\u7406\u5e97 \n\u9664\u4e86\u9903\u5b50\u6216\u62cc\u7092\u6599\u7406\u4ee5\u5916 \n\u4f7f\u7528harusame\u505a\u7684\u6e6f\u4e5f\u5f88\u597d\u5403\n\u9019\u6b21\u6211\u6703\u793a\u7bc4\u7684\u5167\u5bb9 \n\u5b83\u5011\u90fd\u7b97\u662f\n\u5728\u65e5\u672c\u6709\u8b8a\u5316\u7684\u753a\u4e2d\u83ef\u6599\u7406 \n\u8ddf\u50b3\u7d71\u65b9\u5f0f\u53ef\u80fd\u4e0d\u4e00\u6a23 \n\u4f46\u662f\u4e00\u6a23\u5f88\u597d\u5403\u7684\uff5e\uff01(\u0e51\u02c3\u0335\u1d17\u02c2\u0335)\u0648\n\n#MASA\n#\u4e2d\u5f0f\u6599\u7406\n#\u96de\u8089\n#\u96de\u6e6f\n#\u51ac\u7c89\n\n\u753a\u4e2d\u83ef\u98a8 \u96de\u7fc5\u51ac\u7c89\u6e6f\u5b9a\u98df/\u624b\u7fbd\u5148\u306e\u30d4\u30ea\u8f9b\u6625\u96e8\u30b9\u30fc\u30d7\u5b9a\u98df\n[2\u4eba\u4efd]\n\u767d\u83dc Chinese cabbage\u201480g\n\u8525 Scallion\u20141\u652f\n\u4e7e\u71e5\u9999\u83c7 Dried shitake\u20142\u500b\n\u8591\u7247 Ginger,sliced\u20145g\n\u849c\u982d Garlic\u20143\u7c92\n\u51ac\u7c89 Bean noodles\u201420g\n\u96de\u7fc5 Chicken wings\u20144\u500b\n\u7802\u7cd6 Sugar\u20141/2\u5c0f\u5319\n\u9e7d\u5df4 Salt\u20141/4\u5c0f\u5319\n\u96de\u9ad8\u6e6f Chicken stock\u2014600cc\n\u91ac\u6cb9 Soy sauce\u20141\u5c0f\u5319\n\u8c46\u74e3\u91ac Beans sauce\u20141\u5927\u5319\n\u9ebb\u6cb9 Sesame oil\u20141\u5c0f\u5319\n\n\u3010\u62cc\u7092\u8c46\u4e7e\u9752\u9f8d\u6912\u3011\n\u9d3b\u79a7\u83c7 Shimeji\u201450g\n\u751f\u8fa3\u6912 Chili pepper\u20141\u652f\n\u9752\u9f8d\u6912 Green chili peppers\u20143\u652f\n\u8c46\u4e7e Dougan\u2014100g\n\n\u6e05\u9152 Sake\u20141\u5927\u5319\n\u7d05\u7cd6 Brown sugar\u20141/2\u5c0f\u5319\n\u9e7d\u5df4 Salt\u20141/4\u5c0f\u5319\n\u91ac\u6cb9 Soy sauce\u20142\u5c0f\u5319\n\u8fa3\u6cb9 Chili oil\u20141\u5927\u5319\n\u82b1\u6912\u7c89 Hua jyao powder\u20141\u5c0f\u5319\n\n\uff0a\u6599\u7406\u306e\u540d\u524d\uff06\u4f5c\u308a\u65b9\u306f\u3042\u304f\u307e\u3067\u3082\u81ea\u5df1\u6d41\u306a\u306e\u3067\u3054\u4e86\u627f\u304f\u3060\u3055\u3044\n\uff0a\u6599\u7406\u540d\u7a31&\u505a\u6cd5\u4e0d\u4e00\u5b9a\u6b63\u5f0for\u50b3\u7d71, \u662f\u5f9e\u81ea\u5df1\u7684\u60f3\u6cd5&\u7d93\u9a57\u4f86\u5206\u4eab\u7684 \n\u8acb\u5404\u4f4d\u4e8b\u5148\u8ad2\u89e3\u3002*\u02ca\u1d55\u02cb)\u0a6d\n\n\uff0a\u6b61\u8fce\u5408\u4f5c/Contact\uff1abigway1688@gmail.com\n\n\u25cf\u6c99\u62c9\u6cb9\uff1a\u6cf0\u5c71\u5747\u8861369\u8abf\u5408\u6cb9 TAISUN 369 Blend Oil\n\u25cf\u934b\u5177\uff1aTHERMOS \u81b3\u9b54\u5e2b\u539a\u9444\u8010\u6469\u4e0d\u6cbe\u934b20cm, 24cm\n\u25cf\u934b\u5177\uff1aTHERMOS \u860b\u679c\u539f\u5473\u934b\u55ae\u67c4\u6e6f\u934b18cm \n\u25cfBGM\uff1a\n\u7518\u8336\u306e\u97f3\u697d\u5de5\u623f\nMusMus\nOtoLogic\n\u30dd\u30b1\u30c3\u30c8\u30b5\u30a6\u30f3\u30c9\nDOVA-SYNDROME\nPremiumBeat\uff1a\n\u3000-Studio Le Bus\n\u3000-Joe Sacco\n\u3000-Kyon\n\u3000-Smithereens\n\u25cf\u7d20\u6750\uff1a\u3044\u3089\u3059\u3068\u3084",
        "likeCount": "1610",
        "commentCount": "35",
        "viewCount": "52650"
    },
    "comments": [
        {
            "reply_id": "Ugyp0odPiNzpC4KgDZp4AaABAg",
            "reply_content": "\u51ac\u5929\u5c31\u662f\u8981\u5403\u6709\u6e6f\u6c41\u7684\u6771\u897f\u554a",
            "likeCount": 2
        },
        {
            "reply_id": "UgxZ8YXGcffAtHbZA8R4AaABAg",
            "reply_content": "\u611f\u8c22\u5206\u4eab",
            "likeCount": 1
        },
        {
            "reply_id": "UgzprMtdrjvVMbuqqZl4AaABAg",
            "reply_content": "",
            "likeCount": 0
        }
    ]
}