{
    "video_info": {
        "id": "vFySfQyoE9I",
        "channelTitle": "MASA",
        "title": "\u4f4e\u5361\u65e5\u5f0f\u716e\u9b5a&\u7cd9\u7c73\u5b9a\u98df/Nitsuke Fish & Brown Rice Teisyoku| MASA\u306e\u6599\u7406ABC",
        "description": "\u25c6MASA\u983b\u9053\u8a02\u95b1\u2193\nhttp://www.youtube.com/channel/UCr90FXGOO8nAE9B6FAUeTNA?sub_confirmation=1\n\n\u25c6\u6b61\u8fce\u5230\u597d\u5b78\u6821MASA\u8ab2\u7a0b\u9023\u7d50\u5594\ud83d\udc49\uff1ahttps://bit.ly/45bNenP\n\u25c6\u98df\u8b5c\u2193\n\u7528\u9b5a\u8089\u505a\u7684\u716e\u7269\u6599\u7406\n\u8ddf\u666e\u901a\u7684\u716e\u7269\u505a\u6cd5\u6709\u4e00\u9ede\u4e0d\u4e00\u6a23\n\u662f\u4e0d\u662f\u8cb7\u56de\u4f86\u7684\u9b5a\n\u76f4\u63a5\u4e1f\u5728\u91ac\u6c41\u88e1\u9762\n\u8ddf\u5e73\u5e38\u7684\u71c9\u716e\u6599\u7406\u4e00\u6a23\u65b9\u5f0f\u505a\uff1f\n\u4f7f\u7528\u9b5a\u505a\u716e\u7269\u6599\u7406\u6703\u6709\u5e7e\u500b\u5730\u65b9\n\u8981\u7a0d\u5fae\u6ce8\u610f\u4e00\u4e0b\u5594\n\u5b78\u5230\u9019\u9053\u4ee5\u5f8c\u8cb7\u5230\u6216\u91e3\u5230\n\u597d\u5403\u7684\u9b5a\u5c31\u53ef\u4ee5\u81ea\u5df1\u505a\n\u50b3\u7d71\u65e5\u5f0f\u5272\u70f9\u6599\u7406\uff5e\uff01(\u0e51\u02c3\u0335\u1d17\u02c2\u0335)\u0648\n\n#MASA\n#\u65e5\u5f0f\u6599\u7406\n#\u6d77\u9bae\n#\u9b5a\u6599\u7406\n#\u71c9\u716e\n\n\u4f4e\u5361\u65e5\u5f0f\u716e\u9b5a&\u7cd9\u7c73\u5b9a\u98df/\u9b5a\u306e\u716e\u4ed8\u3051\u3068\u7384\u7c73\u306e\u5065\u5eb7\u5b9a\u98df\n[1\u4eba\u4efd]\n\u8d64\u5b97 Kidai\u20141\u96bb\n\u832d\u767d\u7b4d Makomodake\u20142\u652f\n\n\u6c34 Water\u2014100cc\n\u6e05\u9152 Sake\u2014100cc\n\u5473\u9182 Mirin\u201490cc\n\u91ac\u6cb9 Soy sauce\u2014\u7d0440cc\n\n\u8591\u7d72 Shredded ginger\u201410g\n\u5c0f\u677e\u83dc Komatsuna\u20145\u628a\n\n\u767d\u7c73 Rice\u2014100g\n\u7cd9\u7c73 Brown rice\u2014100g\n\u6c34 Water\u2014250cc\n\u6606\u5e03 Konbu\u20145cm\n\n\n\uff0a\u6599\u7406\u306e\u540d\u524d\uff06\u4f5c\u308a\u65b9\u306f\u3042\u304f\u307e\u3067\u3082\u81ea\u5df1\u6d41\u306a\u306e\u3067\u3054\u4e86\u627f\u304f\u3060\u3055\u3044\n\uff0a\u6599\u7406\u540d\u7a31&\u505a\u6cd5\u4e0d\u4e00\u5b9a\u6b63\u5f0for\u50b3\u7d71, \u662f\u5f9e\u81ea\u5df1\u7684\u60f3\u6cd5&\u7d93\u9a57\u4f86\u5206\u4eab\u7684 \n\u8acb\u5404\u4f4d\u4e8b\u5148\u8ad2\u89e3\u3002*\u02ca\u1d55\u02cb)\u0a6d\n\n\uff0a\u6b61\u8fce\u5408\u4f5c/Contact\uff1abigway1688@gmail.com\n\n\u25cf\u6c99\u62c9\u6cb9\uff1a\u6cf0\u5c71\u5747\u8861369\u8abf\u5408\u6cb9 TAISUN 369 Blend Oil\n\u25cf\u934b\u5177\uff1aTHERMOS \u81b3\u9b54\u5e2b\u539a\u9444\u8010\u6469\u4e0d\u6cbe\u934b20cm, 24cm\n\u25cf\u934b\u5177\uff1aTHERMOS \u860b\u679c\u539f\u5473\u934b\u55ae\u67c4\u6e6f\u934b18cm \n\u25cfBGM\uff1a\n\u7518\u8336\u306e\u97f3\u697d\u5de5\u623f\nMusMus\nOtoLogic\n\u30dd\u30b1\u30c3\u30c8\u30b5\u30a6\u30f3\u30c9\nDOVA-SYNDROME\nPremiumBeat\uff1a\n\u3000-Studio Le Bus\n\u3000-Joe Sacco\n\u3000-Kyon\n\u3000-Smithereens\n\u25cf\u7d20\u6750\uff1a\u3044\u3089\u3059\u3068\u3084",
        "likeCount": "2228",
        "commentCount": "42",
        "viewCount": "112692"
    },
    "comments": [
        {
            "reply_id": "UgxhWJVHfLVNjp9Op6l4AaABAg",
            "reply_content": "\u8acb\u554f\u662f\u4e0d\u662f\u4efb\u4f55\u9b5a\u90fd\u53ef\u4ee5\u7528\u65e5\u5f0f\u716e\u6cd5",
            "likeCount": 2
        },
        {
            "reply_id": "UgxXgwTqVTScDJagvOB4AaABAg",
            "reply_content": "\u8acb\u554f\u76f4\u63a5\u84cb\u934b\u84cb\u548c\u7528\u70d8\u7119\u7d19\u526a\u6d1e\u6709\u6548\u679c\u4e0a\u4e0d\u4e00\u6a23\u55ce\uff1f",
            "likeCount": 1
        },
        {
            "reply_id": "Ugw1jX2KKLMKemYH1Z54AaABAg",
            "reply_content": "\u5b78\u8d77\u4f86\u4e86",
            "likeCount": 0
        },
        {
            "reply_id": "Ugw3EzEY6AH51UOhFwp4AaABAg",
            "reply_content": "\u559c\u6b61\u4f4e\u5361\u6599\u7406",
            "likeCount": 0
        }
    ]
}