{
    "video_info": {
        "id": "6By8a2aQ7JI",
        "channelTitle": "\u963f\u795e",
        "title": "\u8ddf\u963f\u795e\u4e00\u8d77\u770b\u3010\u539f\u795ex\u661f\u9435\u3011\u53f2\u4e0a\u7b2c\u4e00\u6b21 \u806f\u5408\u3010\u524d\u77bb\u76f4\u64ad\u3011 !!",
        "description": "\u4ee5\u5f8c\u76f4\u64ad\u5f71\u7247\u7cbe\u83ef\u3010\u963f\u795e\u526f\u983b\u9053\u3011 \u2794 https://www.youtube.com/@KoukiLiveShow/videos\n\u963f\u795e\u7684\uff29\uff27\u3010\u6301\u7e8c\u66f4\u65b0\u3011 \u2794 https://www.instagram.com/ookoukioo/\n\u963f\u795e\u7684\u63a8\u7279\u3010\u6301\u7e8c\u66f4\u65b0\u3011 \u2794 https://twitter.com/Ashan_kouki\n\n00:00 \u958b\u7bb1JOJO\u539f\u5b50\u7b46\n06:02 \u661f\u9435\u524d\u77bb\u76f4\u64ad\n40:23 \u539f\u795e\u524d\u77bb\u76f4\u64ad\n\nCredit \u2794 \u6954\u516d\u8449\n\n\ud83d\udd25\u795e\u8056\u7684\u95c6\u9f9c\ud83d\udd25 \u2794 \u8acb\u56b4\u683c\u9075\u5b88\u95c6\u9f9c\u795e\u660e\u5927\u4eba\u7684\u898f\u5b9a\uff1a\n\u3010\u4e0d\u6d17\u677f\u53ca\u5f15\u8d77\u6d17\u7248\u3011\n\u3010\u904a\u6232\u4e2d\u7981\u6b62\u3000\u5287\u900f\u3001\u66b4\u96f7\u3001\u9375\u76e4\u6307\u5c0e\u3011\n\u3010\u8acb\u4e92\u76f8\u5c0a\u91cd\u5f7c\u6b64\uff0c\u4e0d\u8981\u5435\u67b6\u5436\u3011",
        "likeCount": "4063",
        "commentCount": "26",
        "viewCount": "76378"
    },
    "comments": [
        {
            "reply_id": "UgysGJa9NOu8miHrSjd4AaABAg",
            "reply_content": "\u770b\u5b8c\u5287\u60c5\u5f8c\u610f\u5916\u89ba\u5f97\u7d72\u67ef\u514b\u610f\u5916\u53ef\u611b",
            "likeCount": 0
        },
        {
            "reply_id": "UgyTd5LHYaZON5Doanx4AaABAg",
            "reply_content": "\u770b\u4f86\u6211\u8981\u91cd\u767b\u6211\u4e00\u500b\u6708\u6c92\u958b\u7684\u539f\u795e\u4e86",
            "likeCount": 0
        }
    ]
}