{
    "video_info": {
        "id": "8IWbSpmyFf4",
        "channelTitle": "\u963f\u795e",
        "title": "\u3010\u539f\u795e\u3011\u6c34\u9f8d\u738b\u4f86\u5566\uff0c\u539f\u795e3\u5468\u5e74\u3010\u8ab2\u91d12\u842c\u53f0\u5e63\u3011\u5927\u7206\u62bd\uff01\u62bd\u7206\u90a3\u7dad\u840a\u7279\uff0c\u5feb\u8ddf\u6211\u56de\u5bb6\u5427\uff01",
        "description": "\u4ee5\u5f8c\u76f4\u64ad\u5f71\u7247\u7cbe\u83ef\u3010\u963f\u795e\u526f\u983b\u9053\u3011 \u2794 https://www.youtube.com/@KoukiLiveShow/videos\n\u963f\u795e\u7684\uff29\uff27\u3010\u6301\u7e8c\u66f4\u65b0\u3011 \u2794 https://www.instagram.com/ookoukioo/\n\u963f\u795e\u7684\u63a8\u7279\u3010\u6301\u7e8c\u66f4\u65b0\u3011 \u2794 https://twitter.com/Ashan_kouki\n\n\ud83d\udd25\u795e\u8056\u7684\u95c6\u9f9c\ud83d\udd25 \u2794 \u8acb\u56b4\u683c\u9075\u5b88\u95c6\u9f9c\u795e\u660e\u5927\u4eba\u7684\u898f\u5b9a\uff1a\n\u3010\u4e0d\u6d17\u677f\u53ca\u5f15\u8d77\u6d17\u7248\u3011\n\u3010\u904a\u6232\u4e2d\u7981\u6b62\u3000\u5287\u900f\u3001\u66b4\u96f7\u3001\u9375\u76e4\u6307\u5c0e\u3011\n\u3010\u8acb\u4e92\u76f8\u5c0a\u91cd\u5f7c\u6b64\uff0c\u4e0d\u8981\u5435\u67b6\u5436\u3011",
        "likeCount": "4358",
        "commentCount": "131",
        "viewCount": "127086"
    },
    "comments": [
        {
            "reply_id": "UgyhN5hEwyvP7Nqvzh14AaABAg",
            "reply_content": "\u53ea\u8981\u539f\u795e\u9084\u6709\u5728\u66f4\u65b0\u7684\u4e00\u5929\u5c31\u9084\u770b\u7684\u5230\u963f\u795e",
            "likeCount": 1
        },
        {
            "reply_id": "UgxJEYSAzrY9tdAawhR4AaABAg",
            "reply_content": "\u6211\u7b2c\u4e5d\u767c\u624d\u62bd\u5230\u90a3\u7dad\u840a\u7279",
            "likeCount": 1
        },
        {
            "reply_id": "Ugz7oZ2Als_r8AJU4R54AaABAg",
            "reply_content": "\u7fa8\u6155\u963f\u795e\u6709\u4e00\u5806\u8b77\u6469\uff0c\u6211\u4e5f\u60f3\u8981\u4f46\u6b6a\u4e86\u4e00\u5806\u90a3\u7dad\u7684\u5c08\u6b66",
            "likeCount": 0
        },
        {
            "reply_id": "UgxuI3k4lPjB43jZkAF4AaABAg",
            "reply_content": "\u7576\u521d\u62bd\u8056\u986f\u4e4b\u9470\u76f4\u63a5\u62bd\u6eff\u4e09\u628a\u91d1",
            "likeCount": 0
        },
        {
            "reply_id": "UgzIThJf_hYqR0t_v_h4AaABAg",
            "reply_content": "\u6211\u5c0f\u4fdd\u5e95\u51fa\u5566\u554a\u554a\u554a\u554a",
            "likeCount": 0
        },
        {
            "reply_id": "Ugy9OJ3qIxXihKMu5rF4AaABAg",
            "reply_content": "\u611f\u8b1d\u963f\u795e\u966a\u6211\u5011\u8f9b\u82e6\u4f60\u4e86",
            "likeCount": 0
        },
        {
            "reply_id": "UgwORV0m_WR4c2yY6s14AaABAg",
            "reply_content": "\u6211\u60f3\u662f\u8ddf\u4f60\u548c\u5176\u4ed6\u7684\u5bb6\u73a9\u539f\u795e",
            "likeCount": 0
        },
        {
            "reply_id": "Ugz4so9NDmUr8h7j3Y14AaABAg",
            "reply_content": "\u4f60\u73a9\u5d29\u58de\u4e09\u904e\u5287\u60c5\u6211\u5011\u90fd\u5f88\u9858\u610f\u770b",
            "likeCount": 0
        },
        {
            "reply_id": "UgzM9BFIbd1luCrN81h4AaABAg",
            "reply_content": "\u6211\u9664\u4e86\u4e3b\u7dda\u5176\u4ed6\u90fd\u78b0\u4e86",
            "likeCount": 0
        },
        {
            "reply_id": "Ugy5p9lgNl2Ct6q7A0t4AaABAg",
            "reply_content": "\u5b89\u5b89\u5b89\u5b89\u5b89\u5b89\u5b89\u5b89\u5b89\u5b89\u5b89\u5b89\u5b89\u5b89\u6309",
            "likeCount": 0
        },
        {
            "reply_id": "Ugy7ChDAdkTSyWWAt4B4AaABAg",
            "reply_content": "\u60f3\u770b\u963f\u795e\u64ad\u64ad\u5267\u60c5\u4ec0\u4e48\u7684",
            "likeCount": 0
        },
        {
            "reply_id": "UgzNWAqGRGYDt1-2GfV4AaABAg",
            "reply_content": "\u7b2c\u4e00\u6b21\u62bd\u5341\u8fde\u6bd4\u8f83\u5927\u7684\u51e0\u7387\u4f1a\u4e2d\u4e94\u661f",
            "likeCount": 0
        },
        {
            "reply_id": "UgyUGrRImmVauyY0bLZ4AaABAg",
            "reply_content": "\u975e\u5e38\u60f3\u8ddf\u963f\u795e\u4e00\u8d77\u9ad4\u9a57\u5287\u60c5",
            "likeCount": 7
        },
        {
            "reply_id": "UgxaKES48U2T81lTQU54AaABAg",
            "reply_content": "\u8fd8\u4ee5\u4e3a\u963f\u795e\u6ca1\u73a9\u539f\u795e\u4e86",
            "likeCount": 2
        }
    ]
}