{
    "video_info": {
        "id": "BFHkl08u6qw",
        "channelTitle": "\u963f\u795e",
        "title": "\u3010\u6bd4Raft\u597d\u73a9?\u3011\u5b64\u5cf6\u6c42\u751f\uff0d\u6211\u8ddf\u670b\u53cb\u589c\u843d\uff0c\u6d77\u5cf6\u80fd\u6d3b\u4e0b\u53bb\u55ce ?\uff01Ft. Mr.J",
        "description": "\u4ee5\u5f8c\u76f4\u64ad\u5f71\u7247\u7cbe\u83ef\u3010\u963f\u795e\u526f\u983b\u9053\u3011 \u2794 https://www.youtube.com/@KoukiLiveShow/videos\n\u963f\u795e\u7684\uff29\uff27\u3010\u6301\u7e8c\u66f4\u65b0\u3011 \u2794 https://www.instagram.com/ookoukioo/\n\u963f\u795e\u7684\u63a8\u7279\u3010\u6301\u7e8c\u66f4\u65b0\u3011 \u2794 https://twitter.com/Ashan_kouki\n\nCredit \u2794 \u6954\u516d\u8449\n\n\ud83d\udd25\u795e\u8056\u7684\u95c6\u9f9c\ud83d\udd25 \u2794 \u8acb\u56b4\u683c\u9075\u5b88\u95c6\u9f9c\u795e\u660e\u5927\u4eba\u7684\u898f\u5b9a\uff1a\n\u3010\u4e0d\u6d17\u677f\u53ca\u5f15\u8d77\u6d17\u7248\u3011\n\u3010\u904a\u6232\u4e2d\u7981\u6b62\u3000\u5287\u900f\u3001\u66b4\u96f7\u3001\u9375\u76e4\u6307\u5c0e\u3011\n\u3010\u8acb\u4e92\u76f8\u5c0a\u91cd\u5f7c\u6b64\uff0c\u4e0d\u8981\u5435\u67b6\u5436\u3011",
        "likeCount": "6913",
        "commentCount": "113",
        "viewCount": "124677"
    },
    "comments": [
        {
            "reply_id": "Ugy8O5Y-erj6VDCJoB14AaABAg",
            "reply_content": "\u963f\u795e\u52a0\u6cb9\u522b\u5427\u81ea\u5df1\u7d2f\u5230\u8981\u4eab\u53d7\u751f\u6d3b",
            "likeCount": 1
        },
        {
            "reply_id": "UgzPdjsEDLk7C58DDDJ4AaABAg",
            "reply_content": "\u6211\u8ddf\u6211\u7684\u670b\u53cb\u5169\u500b\u4eba\u4e00\u8d77\u642d\u8457\u8239\u628a\u5168\u90e8\u5cf6\u5dbc\u90fd\u63a2\u904e\u4ee5\u5f8c\u5c31\u6c92\u73a9\u4e86",
            "likeCount": 1
        },
        {
            "reply_id": "Ugxstpcoa9sSCah40BZ4AaABAg",
            "reply_content": "\u597d\u5947\u53bb\u6fb3\u6d32\u6709\u6c92\u6709\u8cb7\u888b\u9f20\u86cb\u86cb",
            "likeCount": 1
        }
    ]
}