{
    "video_info": {
        "id": "CAd5ReJ8yuo",
        "channelTitle": "\u963f\u795e",
        "title": "\u3010\u661f\u7a79\u9435\u9053\u3011\u8ca7\u4e73\u50b2\u5b0c\uff0c\u6211\u7121\u6cd5\u62d2\u7d55\uff01\u62bd\u7206\u7b26\u7384\uff0c\u5feb\u8ddf\u6211\u56de\u5bb6\u5427\uff01",
        "description": "\u4ee5\u5f8c\u76f4\u64ad\u5f71\u7247\u7cbe\u83ef\u3010\u963f\u795e\u526f\u983b\u9053\u3011 \u2794 https://www.youtube.com/@KoukiLiveShow/videos\n\u963f\u795e\u7684\uff29\uff27\u3010\u6301\u7e8c\u66f4\u65b0\u3011 \u2794 https://www.instagram.com/ookoukioo/\n\u963f\u795e\u7684\u63a8\u7279\u3010\u6301\u7e8c\u66f4\u65b0\u3011 \u2794 https://twitter.com/Ashan_kouki\n\n\ud83d\udd25\u795e\u8056\u7684\u95c6\u9f9c\ud83d\udd25 \u2794 \u8acb\u56b4\u683c\u9075\u5b88\u95c6\u9f9c\u795e\u660e\u5927\u4eba\u7684\u898f\u5b9a\uff1a\n\u3010\u4e0d\u6d17\u677f\u53ca\u5f15\u8d77\u6d17\u7248\u3011\n\u3010\u904a\u6232\u4e2d\u7981\u6b62\u3000\u5287\u900f\u3001\u66b4\u96f7\u3001\u9375\u76e4\u6307\u5c0e\u3011\n\u3010\u8acb\u4e92\u76f8\u5c0a\u91cd\u5f7c\u6b64\uff0c\u4e0d\u8981\u5435\u67b6\u5436\u3011",
        "likeCount": "3453",
        "commentCount": "62",
        "viewCount": "70287"
    },
    "comments": [
        {
            "reply_id": "UgxnQtFL8fs9JROmSwN4AaABAg",
            "reply_content": "\u5e0c\u671b\u963f\u795e\u4ee5\u5f8c\u4e5f\u80fd\u7e7c\u73a9\u9435\u9053",
            "likeCount": 40
        },
        {
            "reply_id": "UgyOY-Q8c4GRCrjB1pl4AaABAg",
            "reply_content": "\u671f\u5f85\u4e4b\u5f8c\u7684\u591c\u8ff4\u7cfb\u5217\u56de\u6b78",
            "likeCount": 1
        },
        {
            "reply_id": "Ugzfn5RSqAvXGAKdjEh4AaABAg",
            "reply_content": "\u597d\u53ef\u60dc\u5594\uff0c\u770b\u6558\u8ff0\u4e8c\u661f\u9b42\u7684\u5fa9\u6d3b\u597d\u50cf\u5305\u542b\u81ea\u5df1\u6b38",
            "likeCount": 0
        }
    ]
}