{
    "video_info": {
        "id": "CrUbKgAk8gI",
        "channelTitle": "\u963f\u795e",
        "title": "Minecraft \u5982\u679c\u3010\u6bcf30\u79d2\u2642\u8089\u9ad4\u4ea4\u63db\u3011\u4e00\u6b21\ud83d\ude02!! \u70ba\u4e86\u5bb3\u6b7b\u670b\u53cbXD\u3010\u5c45\u7136\u9020\u51fa\u3011\u5ca9\u6f3fTNT\u9677\u9631\ud83d\udd25 !! \u6df7\u4e0a\u5929\u707d\u5016\u5b58\u8005\uff0c\u8d85\u7206\u7b11\u3010\u4e92\u76f8\u50b7\u5bb3\u3011\u904a\u6232 !! \u5168\u5b57\u5e55",
        "description": "\u4eca\u5929\u6211\u5011\u8981\u4f86\u548cYoutuber\u4e92\u76f8\u4ea4\u63db\u9748\u9b42\u4ea4\u63db\u4e00\u5929 !! \u5728\u4ea4\u63db\u7684\u904e\u7a0b\u4e2d\u7528\u8a08\u8b00\u5f04\u6b7b\u5c0d\u65b9 !!\n\u2764 \u6bcf\u5929\u90fd\u6709\u65b0\u5f71\u7247!! \u5f9e\u4eca\u5929\u8d77\u958b\u59cb\u8a02\u95b1\u5427 !! \u2764 \u2794 http://bit.ly/Kouki\n\ud83d\udd25 \u4f86\u770b\u770b\u3010\u963f\u795e\u3011\u5728\u4f7f\u7528\u7684\u3010\u5be6\u6cc1\u88dd\u5099\u3011\u6709\u54ea\u4e9b\u8d85\u9177\u7684\u6771\u897f\uff1ahttp://elgato.com/kouki \ud83d\udd25\n\n\u3010\u5f71\u7247\u88fd\u4f5c\u5718\u968a\u3011\n1) \u526a\u8f2f\u5e2b \u2794 AF / \u963f\u795e\n2) \u5b57\u5e55\u5e2b \u2794 NatC\n3) \u5c01\u9762\u88fd\u4f5c\u5e2b \u2794 Junp / RiuPedro / Osla / Kreps\n\n\u6b61\u8fce\u3010\u63d0\u4ea4\u4f60\u7684\u81ea\u5275\u9ea5\u584a\u5730\u5716\u3011\uff1ahttp://bit.ly/KoukiMaps\n\n\u3010Facebook\u3011\u8ffd\u8e64\u6211 \u2794 https://www.facebook.com/KamiKamiMatsu\n\u3010Twitter\u3011\u8ffd\u8e64\u6211 \u2794 https://twitter.com/Ashan_kouki\n\n\u2022\u2b50\u2022\u2b50\u2022\u2b50\u2022\u2b50\u2022\u2b50\u2022 License \u2022\u2b50\u2022\u2b50\u2022\u2b50\u2022\u2b50\u2022\u2b50\u2022\n\n1) OMFG https://www.youtube.com/user/alexsavageomfg\nAvailable at: http://bit.ly/meant4u\n(as well as Spotify: http://bit.ly/meantforyou)\n\u4f7f\u7528\u6388\u6b0a\u8072\u660e \u2794 https://i.imgur.com/46j391z.jpg\n\n2) D1ofAquavibe www.youtube.com/user/D1ofAquavibe\nAvailable at: www.D1ofAquavibe.com/music\n(as well as iTunes, Google Play, etc.)\n\u4f7f\u7528\u6388\u6b0a\u8072\u660e \u2794 https://i.imgur.com/Poykr3O.jpg\n\n3) TheFatRat https://www.youtube.com/user/ThisIsTheFatRat\nAvailable at: https://the-arcadium.net/\n\u4f7f\u7528\u6388\u6b0a\u8072\u660e \u2794 https://i.imgur.com/VL6htMz.png\n\n4) Epidemicsound https://player.epidemicsound.com/browse/\n\u4f7f\u7528\u6388\u6b0a\u8072\u660e \u2794 https://i.imgur.com/BfoLOnN.jpg\n\n5) FesliyanStudios https://www.fesliyanstudios.com/\n\u4f7f\u7528\u6388\u6b0a\u8072\u660e \u2794 https://i.imgur.com/K9Bs1sQ.jpg\n\n6) Outro \u2794 https://soundcloud.com/shurkofficial/haunted\n\u4f7f\u7528\u6388\u6b0a\u8072\u660e \u2794 https://i.imgur.com/c91ZARg.jpg\n\n\u2022\u2b50\u2022\u2b50\u2022\u2b50\u2022\u2b50\u2022\u2b50\u2022\u2b50\u2022\u2b50\u2022\u2b50\u2022\u2b50\u2022\u2b50\u2022\u2b50\u2022\u2b50\u2022\u2b50\u2022\n\nMicrophone \u2794 AT2020\nKeyboard \u2794 Ducky \u9752\u8ef8\nMouse \u2794 D.Va Razer Abyssus Elite\n\n#\u6211\u7684\u4e16\u754c #\u9ea5\u584a #\u963f\u795e\n\n*If any producer or label has an issue with any of the uploads please get in contact (charlie615118@gmail.com) with me and I will delete it immediately (this includes artists of the images used).",
        "likeCount": "11971",
        "commentCount": "436",
        "viewCount": "222754"
    },
    "comments": [
        {
            "reply_id": "UgwQdIIRGA1UZ7mfGih4AaABAg",
            "reply_content": "\u4e00\u5207\u90fd\u8fd9\u4e48\u719f\u6089\u4f46\u660e\u5929\u5c31\u662f\u5206\u522b\uff0c\u54ce\u963f\u795e\u4e0b\u8f88\u5b50\u4e00\u5b9a\u8981\u4e0e\u4f60\u76f8\u9047",
            "likeCount": 1
        },
        {
            "reply_id": "UgwROTi3fekWy95wg_N4AaABAg",
            "reply_content": "\u963f\u795e\u4ee5\u5f8c\u6709\u9592\u7f6e\u6642\u9593\u8981\u62cd\u7247\u963f",
            "likeCount": 0
        },
        {
            "reply_id": "UgwuCAtgksKTSNsupip4AaABAg",
            "reply_content": "\u662f\u4e0d\u662f\u4ee5\u5f8c\u518d\u4e5f\u807d\u4e0d\u898b\u963f\u795e\u958b\u5fc3\u7684\u7b11\u8072\u4e86",
            "likeCount": 0
        },
        {
            "reply_id": "UgzajeDeLZBoI3rmATh4AaABAg",
            "reply_content": "\u5e0c\u671b\u61f7\u820a\u7cfb\u5217\u88e1\u6709\u72fc\u4eba\u6bba",
            "likeCount": 0
        },
        {
            "reply_id": "UgzU8NMQkvdGMJeErnB4AaABAg",
            "reply_content": "\u963f\u795e\u963f\u795e\u4f60\u53ef\u4ee5\u518d\u73a9\u4e00\u6b21\u5f8c\u5ba4\u55ce",
            "likeCount": 0
        },
        {
            "reply_id": "UgwPbi6Jjmy7KW4Bl854AaABAg",
            "reply_content": "\u963f\u795e\u4f60\u8981\u4e0d\u8981\u73a9\u86cb\u4ed4\u6d3e\u5c0d",
            "likeCount": 0
        },
        {
            "reply_id": "Ugw57uuCMDgUfRlKpiR4AaABAg",
            "reply_content": "\u963f\u795e\u62dc\u8a17\u62dc\u8a17\u4e0d\u8981\u505c\u66f4",
            "likeCount": 0
        },
        {
            "reply_id": "Ugxmp6AFEXd9ROdIKuN4AaABAg",
            "reply_content": "\u5728\u641e\u795e\u99ac\u6216\u963f\u795e\u526f\u983b\u9053\u53ef\u80fd\u770b\u7684\u5230",
            "likeCount": 0
        },
        {
            "reply_id": "UgzkejARvAyi9Gl3X8J4AaABAg",
            "reply_content": "\u6211\u662f\u4f60\u7684\u7c89\u4e1d\u6211\u8fd8\u60f3\u7ee7\u7eed\u5728\u770b\u4f60\u7684\u5f71\u7247",
            "likeCount": 0
        },
        {
            "reply_id": "UgxtxMmgwEGGHgIhS0F4AaABAg",
            "reply_content": "\u963f\u795e\u963f\u795e\u6c42\u4f60\u4e0d\u8981\u5927\u505c\u8ddf",
            "likeCount": 0
        },
        {
            "reply_id": "UgzJtzVKyAIz0tGA5bJ4AaABAg",
            "reply_content": "\u8bf7\u5927\u5bb6\u73cd\u60dc\u63a5\u4e0b\u6765\u7684\u5f71\u7247",
            "likeCount": 3
        },
        {
            "reply_id": "UgywAx0I65SeRR6Oell4AaABAg",
            "reply_content": "\u60f3\u770b\u963f\u795e\u73a9\u4f60\u7684\u8dd1\u9177\u6211\u4f86\u84cb",
            "likeCount": 1
        },
        {
            "reply_id": "UgzB_Ct7BH7Uy239JgV4AaABAg",
            "reply_content": "\u9084\u4ee5\u70ba\u963f\u795e\u4e0d\u6703\u5728\u505c\u66f4\u524d\u518d\u66f4\u65b0\u8089\u9ad4\u4ea4\u63db\u4e86",
            "likeCount": 0
        },
        {
            "reply_id": "UgxYjd_cXpC_oYnNW1Z4AaABAg",
            "reply_content": "\u963f\u795e\u6211\u60f3\u770b\u4f60\u73a9\u9ed1\u6697\u904a\u6232",
            "likeCount": 0
        },
        {
            "reply_id": "Ugy0uNVaAK2dlXp7FkR4AaABAg",
            "reply_content": "\u5e0c\u671b\u963f\u795e\u53ef\u4ee5\u5feb\u4e00\u9ede\u56de\u4f86",
            "likeCount": 0
        },
        {
            "reply_id": "UgwDEbjaz4ju9KEnSYp4AaABAg",
            "reply_content": "\u5e0c\u671b\u5728\u5269\u4e0b\u7684\u65f6\u95f4\u5185\u963f\u795e\u80fd\u73a9\u72fc\u4eba\u6740",
            "likeCount": 0
        },
        {
            "reply_id": "Ugy9Vg2CvTeGuFOdN7J4AaABAg",
            "reply_content": "\u6211\u592a\u559c\u6b22\u8fd9\u79cd\u7cfb\u5217\u4e86\u5e0c\u671b\u80fd\u591a\u51fa\u70b9",
            "likeCount": 0
        },
        {
            "reply_id": "UgzCYVgYpICGK77_pIR4AaABAg",
            "reply_content": "\u5c0f\u5149\u5230\u5e95\u662f\u7537\u7684\u9084\u662f\u5973\u7684",
            "likeCount": 0
        },
        {
            "reply_id": "UgziXa7qxMnwiJ5pk694AaABAg",
            "reply_content": "\u963f\u8b19\u8ddf\u5c0f\u5149\u7684\u5b57\u76ee\u984f\u8272\u662f\u4e0d\u662f\u641e\u932f\u4e86",
            "likeCount": 0
        },
        {
            "reply_id": "UgxVJmrbT-ce8yFEdSF4AaABAg",
            "reply_content": "\u963f\u795e\u6211\u8ddf\u4f60\u8bb2\u4f60\u662f\u6211\u5973\u513f",
            "likeCount": 0
        }
    ]
}