{
    "video_info": {
        "id": "f2-Kpi_Bpyg",
        "channelTitle": "\u963f\u795e",
        "title": "Minecraft \u770b\u4e86\u8d85\u723d\ud83d\ude02\u3010\u958b\u5916\u639b\u84cb\u5c4b\u3011\uff01\u8981\u591a\u8a87\u5f35 \u670b\u53cb\u624d\u6703\u767c\u73feXD\uff01\u963f\u795e\u5efa\u7bc9\u6bd4\u8cfd\u2764\u5077\u4f5c\u5f0a\u3010\u751f\u65e5\u7279\u5225\u4f01\u5283\u3011\u6574\u670b\u53cb\u2764\uff11\u79d2\u9418\u84cb\u597d !! \u5b8c\u5168\u4e0d\u9700\u8981MOD\uff01\u5168\u5b57\u5e55",
        "description": "\u4eca\u5929\u963f\u795e\u4e00\u8d77\u5728\u9ea5\u584a\u4e2d\u7576\u500b\u5916\u639b\u5efa\u7bc9\u5e2b\uff0c\u8981\u591a\u8a87\u5f35\u670b\u53cb\u624d\u6703\u767c\u73feXD !!\n\u2764 \u6bcf\u5929\u90fd\u6709\u65b0\u5f71\u7247!! \u5f9e\u4eca\u5929\u8d77\u958b\u59cb\u8a02\u95b1\u5427 !! \u2764 \u2794 http://bit.ly/Kouki\n\ud83d\udd25 \u4f86\u770b\u770b\u3010\u963f\u795e\u3011\u5728\u4f7f\u7528\u7684\u3010\u5be6\u6cc1\u88dd\u5099\u3011\u6709\u54ea\u4e9b\u8d85\u9177\u7684\u6771\u897f\uff1ahttp://elgato.com/kouki \ud83d\udd25\n\n\u3010\u5f71\u7247\u88fd\u4f5c\u5718\u968a\u3011\n1) \u526a\u8f2f\u5e2b \u2794 AF\n2) \u5b57\u5e55\u5e2b \u2794 \u5c0f\u7dbf\u7f8a\n3) \u5c01\u9762\u88fd\u4f5c\u5e2b \u2794 Brocardo / BUUZ / Osla / KrepsStudio\n4) \u5c01\u9762\u7d20\u6750\u8cfc\u8cb7\u6388\u6b0a \u2794 https://www.goldenstudios.co/thumbnails\n \u2794 https://i.imgur.com/NgZyAyr.png\n\n\u3010Facebook\u3011\u8ffd\u8e64\u6211 \u2794 https://www.facebook.com/KamiKamiMatsu\n\u3010Twitter\u3011\u8ffd\u8e64\u6211 \u2794 https://twitter.com/Ashan_kouki\n\n\u2022\u2b50\u2022\u2b50\u2022\u2b50\u2022\u2b50\u2022\u2b50\u2022 License \u2022\u2b50\u2022\u2b50\u2022\u2b50\u2022\u2b50\u2022\u2b50\u2022\n\n1) OMFG https://www.youtube.com/user/alexsavageomfg\nAvailable at: http://bit.ly/meant4u\n(as well as Spotify: http://bit.ly/meantforyou)\n\u4f7f\u7528\u6388\u6b0a\u8072\u660e \u2794 https://i.imgur.com/46j391z.jpg\n\n2) D1ofAquavibe www.youtube.com/user/D1ofAquavibe\nAvailable at: www.D1ofAquavibe.com/music\n(as well as iTunes, Google Play, etc.)\n\u4f7f\u7528\u6388\u6b0a\u8072\u660e \u2794 https://i.imgur.com/Poykr3O.jpg\n\n3) TheFatRat https://www.youtube.com/user/ThisIsTheFatRat\nAvailable at: https://the-arcadium.net/\n\u4f7f\u7528\u6388\u6b0a\u8072\u660e \u2794 https://i.imgur.com/VL6htMz.png\n\n4) Epidemicsound https://player.epidemicsound.com/browse/\n\u4f7f\u7528\u6388\u6b0a\u8072\u660e \u2794 https://i.imgur.com/BfoLOnN.jpg\n\n5) FesliyanStudios https://www.fesliyanstudios.com/\n\u4f7f\u7528\u6388\u6b0a\u8072\u660e \u2794 https://i.imgur.com/K9Bs1sQ.jpg\n\n6) Outro \u2794 https://soundcloud.com/shurkofficial/haunted\n\u4f7f\u7528\u6388\u6b0a\u8072\u660e \u2794 https://i.imgur.com/c91ZARg.jpg\n\n\u2022\u2b50\u2022\u2b50\u2022\u2b50\u2022\u2b50\u2022\u2b50\u2022\u2b50\u2022\u2b50\u2022\u2b50\u2022\u2b50\u2022\u2b50\u2022\u2b50\u2022\u2b50\u2022\u2b50\u2022\n\nMicrophone \u2794 AT2020\nKeyboard \u2794 Ducky \u9752\u8ef8\nMouse \u2794 D.Va Razer Abyssus Elite\n\n#\u9ea5\u584a #\u7576\u500b\u5275\u4e16\u795e #minecraft\n\n*If any producer or label has an issue with any of the uploads please get in contact (charlie615118@gmail.com) with me and I will delete it immediately (this includes artists of the images used).",
        "likeCount": "18106",
        "commentCount": "832",
        "viewCount": "330803"
    },
    "comments": [
        {
            "reply_id": "UgziSerIB-AGxAOQyuN4AaABAg",
            "reply_content": "\u6211\u59d0\u59d0\u4eca\u5929\u4e5f\u525b\u597d\u751f\u65e5",
            "likeCount": 0
        },
        {
            "reply_id": "Ugz0tmuWHbF9dq_7kKp4AaABAg",
            "reply_content": "\u5e0c\u671b\u4f60\u53ef\u4ee5\u7e7c\u7e8c\u505a\u5f71\u7247",
            "likeCount": 0
        },
        {
            "reply_id": "UgytRLMIT4DOMBlj8rd4AaABAg",
            "reply_content": "\u8b1d\u8b1d\u963f\u795e\u7684\u6f2b\u6f2b\u9577\u591c\u9084\u6709\u53f2\u840a\u59c6\u8fb2\u5834\u966a\u4f34\u6211\u7684\u5b78\u751f\u6642\u671f\ud83d\ude2d",
            "likeCount": 0
        },
        {
            "reply_id": "Ugxq9jWgMYU7_pQhjXp4AaABAg",
            "reply_content": "\u963f\u795e\u6211\u5e0c\u671b\u4f60\u80fd\u53e5\u7e8c\u62cd\u5f71\u7247\u884c\u55ce\u6211\u559c\u6b61\u4f60\u62cd\u5f71\u7247\u4f60\u7d66\u5927\u5bb6\u5e36\u4f86\u5feb\u6a02\u4f60\u9084\u80fd\u62cd\u5f71\u7247\u55ce\u5168\u4e16\u754c\u770b\u904e\u4f60\u7684\u5f71\u7247\u90fd\u5728\u770b\u9019\u5f71\u7247\u56e0\u70ba\u4ed6\u5011\u60f3\u8981\u4f60\u7e7c\u7e8c\u62cd\u7247\u4e0d\u60f3\u4f60\u653e\u68c4",
            "likeCount": 0
        },
        {
            "reply_id": "UgyDX9FE9NDQCEmRjAd4AaABAg",
            "reply_content": "\u8b1d\u8b1d\u963f\u795e\u5713\u6eff\u4e86\u6211\u516d\u5e74\u7684\u5c0f\u5b78\u751f\u6d3b",
            "likeCount": 1
        },
        {
            "reply_id": "UgwymbzVJ3jjEuhvA5J4AaABAg",
            "reply_content": "\u963f\u795e\u8b1d\u8b1d\u4f60\u5e36\u7d66\u6211\u5011\u5feb\u4e86\u5728\u9019\u88e1\u795d\u4f60\u751f\u65e5\u5feb\u4e86\u7b97\u7136\u4f60\u9000\u4f11\u4e86\u4f46\uff01\u6211\u5011\u6703\u61f7\u5ff5\u4f60\u7684\u5e0c\u671b\u6709\u671d\u4e00\u65e5\u4f60\u80fd\u7e7c\u7e8c\u505a\u5f71\u7247\n\u518d\u898b\u4e86\u963f\u795e\u518d\u898b\u4e86\u6211\u7684\u7ae5\u5e74\u00b0",
            "likeCount": 0
        },
        {
            "reply_id": "UgzG6ZI8o3cnexy9SOR4AaABAg",
            "reply_content": "\u6709\u9ede\u9072\u4e86\u4f46\u662f\u963f\u795e\u751f\u65e5\u5feb\u6a02",
            "likeCount": 0
        },
        {
            "reply_id": "UgznagUlgrrVVENCgnh4AaABAg",
            "reply_content": "\u771f\u7684\u5f88\u559c\u6b61\u963f\u795e\uff0c\u5f9e\u570b\u5c0f\u5c31\u958b\u59cb\u770b\u4e86\u771f\u7684\u662f\u6eff\u6eff\u7684\u7ae5\u5e74",
            "likeCount": 0
        },
        {
            "reply_id": "UgyP3OZZSqsNMrkGgmR4AaABAg",
            "reply_content": "\u751f\u65e5\u5feb\u6a02\u963f\u795e\u795d\u4f60\u6709\u500b\u5feb\u6a02\u7684\u9000\u4f11\u751f\u6d3b",
            "likeCount": 0
        },
        {
            "reply_id": "UgzUQyos2kKyQ_r8Z4t4AaABAg",
            "reply_content": "\u963f\u795e\u611f\u8b1d\u4f60\u966a\u6211\u5011\u7684\u7ae5\u5e74\u963f\u795e\u4f60\u597d\u597d\u4f11\u606f\u4e0d\u7528\u64d4\u5fc3\u6211\u5011\u9084\u6703\u966a\u4f60\u8b1d\u8b1d\u8b1d\u8b1d",
            "likeCount": 0
        },
        {
            "reply_id": "Ugwd4bo79wFmjbYKtvd4AaABAg",
            "reply_content": "\u963f\u795e\u4f60\u505a\u7684\u90fd\u662f\u6700\u597d\u770b\u7684",
            "likeCount": 0
        },
        {
            "reply_id": "UgzUq18C4juZad0MzQ54AaABAg",
            "reply_content": "\u6ca1\u60f3\u5230\u6211\u8fd8\u80fd\u5728\u8fd9\u91cc\u542c\u5230\u4e00\u6b21\u7fbd\u6bdb",
            "likeCount": 1
        },
        {
            "reply_id": "Ugx8BoqAVZTKi-lYqO54AaABAg",
            "reply_content": "\u963f\u795e\u518d\u898b\u4e86\u6211\u5011\u6703\u60f3\u4f60\u7684\u4e26\u5e0c\u671b\u60a8\u9000\u4f11\u5feb\u6a02",
            "likeCount": 1
        },
        {
            "reply_id": "UgymWHOCVgOYgjftSeJ4AaABAg",
            "reply_content": "\u4e0d\u8fc7\u8fd8\u662f\u795d\u4f60\u751f\u65e5\u5feb\u4e50",
            "likeCount": 1
        },
        {
            "reply_id": "UgzObYsAD_toencUHfB4AaABAg",
            "reply_content": "\u963f\u795e\u62dc\u8a17\u4f60\u4e0d\u8981\u9000\u597d\u4e0d\u597d",
            "likeCount": 0
        },
        {
            "reply_id": "UgwkdIftktgcYx645zJ4AaABAg",
            "reply_content": "\u611f\u8b1d\u963f\u795e\u7d66\u6211\u5011\u770b\u5230\u597d\u770b\u7684\u5f71\u7247\uff0c\u6211\u5011\u6703\u4e00\u76f4\u559c\u6b61\u4f60\u7684",
            "likeCount": 0
        },
        {
            "reply_id": "UgyQfwQydBLplE1-tSF4AaABAg",
            "reply_content": "\u8b1d\u8b1d\u4f60\u660e\u5929\u6211\u5011\u5927\u5bb6\u5168\u90e8\u90fd\u6703\u770b\u4f60\u7684\u6700\u5f8c\u7684\u76f4\u64ad\u2764",
            "likeCount": 0
        },
        {
            "reply_id": "UgzpuE0p6q6F_eX80WZ4AaABAg",
            "reply_content": "\u60f3\u60f3\u4e4b\u524d\u5c0f\u5b66\u65f6\u4e00\u76f4\u90fd\u662f\u770b\u963f\u795e\u7684\u5f71\u7247\u957f\u5927\u73b0\u5728\u770b\u4e0d\u4e86\u96be\u514d\u6709\u4e9b\u4f24\u5fc3",
            "likeCount": 0
        },
        {
            "reply_id": "UgyZ6323yx_osWIOVq94AaABAg",
            "reply_content": "\u5176\u5be6\u4ed6\u662f\u539f\u672c\u62cd\u597d\u7684\u4ed6\u5176\u5be6\u5df2\u7d93\u9000\u4e86\u4ed6\u53ea\u662f\u526a\u7247\u7684",
            "likeCount": 1
        },
        {
            "reply_id": "Ugx74qaMlWr2tG9FX-p4AaABAg",
            "reply_content": "\u963f\u795e\u6211\u53c8\u53c8\u53c8\u958b\u4e86\u5c0f\u5e33\u770b\u4f60\u5f71\u7247\u4e86",
            "likeCount": 0
        }
    ]
}