{
    "video_info": {
        "id": "FwDl6MdCpio",
        "channelTitle": "\u963f\u795e",
        "title": "Minecraft \u6211\u88fd\u4f5c\u3010\u76dc\u7248\u9ea5\u584a\u2b50\u60e1\u6574\u963f\u65af\u3011XDD\u963f\u65af\u770b\u50bb\u773c\ud83d\ude02\u6240\u6709\u6771\u897f\uff0c\u8d8a\u8b8a\u8d8a\u9577\uff01\u5230\u5e95\u4ec0\u9ebc\u6642\u5019\u624d\u6703\u767c\u73fe\u3010\u9019\u4e0d\u662f\u6b63\u5e38\u9ea5\u584a\u3011XD\uff1f\u5168\u5b57\u5e55",
        "description": "\u4eca\u5929\u963f\u795e\u8ddf\u963f\u65af\u8981\u5077\u5077\u628a\u9ea5\u584a\u7684\u4e00\u5207\u8d8a\u8b8a\u8d8a\u9577 !!\n\u2764 \u6bcf\u5929\u90fd\u6709\u65b0\u5f71\u7247!! \u5f9e\u4eca\u5929\u8d77\u958b\u59cb\u8a02\u95b1\u5427 !! \u2764 \u2794 http://bit.ly/Kouki\n\ud83d\udd25 \u4f86\u770b\u770b\u3010\u963f\u795e\u3011\u5728\u4f7f\u7528\u7684\u3010\u5be6\u6cc1\u88dd\u5099\u3011\u6709\u54ea\u4e9b\u8d85\u9177\u7684\u6771\u897f\uff1ahttp://elgato.com/kouki \ud83d\udd25\n\n\u3010\u5f71\u7247\u88fd\u4f5c\u5718\u968a\u3011\n1) \u526a\u8f2f\u5e2b \u2794 AF\n2) \u5b57\u5e55\u5e2b \u2794 Peggy\n3) \u5c01\u9762\u88fd\u4f5c\u5e2b \u2794 Brocardo / BUUZ / Osla / KrepsStudio\n4) \u5c01\u9762\u7d20\u6750\u8cfc\u8cb7\u6388\u6b0a \u2794 https://www.goldenstudios.co/thumbnails\n \u2794 https://i.imgur.com/NgZyAyr.png\n\n\u3010Facebook\u3011\u8ffd\u8e64\u6211 \u2794 https://www.facebook.com/KamiKamiMatsu\n\u3010Twitter\u3011\u8ffd\u8e64\u6211 \u2794 https://twitter.com/Ashan_kouki\n\n\u2022\u2b50\u2022\u2b50\u2022\u2b50\u2022\u2b50\u2022\u2b50\u2022 License \u2022\u2b50\u2022\u2b50\u2022\u2b50\u2022\u2b50\u2022\u2b50\u2022\n\n1) OMFG https://www.youtube.com/user/alexsavageomfg\nAvailable at: http://bit.ly/meant4u\n(as well as Spotify: http://bit.ly/meantforyou)\n\u4f7f\u7528\u6388\u6b0a\u8072\u660e \u2794 https://i.imgur.com/46j391z.jpg\n\n2) D1ofAquavibe www.youtube.com/user/D1ofAquavibe\nAvailable at: www.D1ofAquavibe.com/music\n(as well as iTunes, Google Play, etc.)\n\u4f7f\u7528\u6388\u6b0a\u8072\u660e \u2794 https://i.imgur.com/Poykr3O.jpg\n\n3) TheFatRat https://www.youtube.com/user/ThisIsTheFatRat\nAvailable at: https://the-arcadium.net/\n\u4f7f\u7528\u6388\u6b0a\u8072\u660e \u2794 https://i.imgur.com/VL6htMz.png\n\n4) Epidemicsound https://player.epidemicsound.com/browse/\n\u4f7f\u7528\u6388\u6b0a\u8072\u660e \u2794 https://i.imgur.com/BfoLOnN.jpg\n\n5) FesliyanStudios https://www.fesliyanstudios.com/\n\u4f7f\u7528\u6388\u6b0a\u8072\u660e \u2794 https://i.imgur.com/K9Bs1sQ.jpg\n\n6) Outro \u2794 https://soundcloud.com/shurkofficial/haunted\n\u4f7f\u7528\u6388\u6b0a\u8072\u660e \u2794 https://i.imgur.com/c91ZARg.jpg\n\n\u2022\u2b50\u2022\u2b50\u2022\u2b50\u2022\u2b50\u2022\u2b50\u2022\u2b50\u2022\u2b50\u2022\u2b50\u2022\u2b50\u2022\u2b50\u2022\u2b50\u2022\u2b50\u2022\u2b50\u2022\n\nMicrophone \u2794 AT2020\nKeyboard \u2794 Ducky \u9752\u8ef8\nMouse \u2794 D.Va Razer Abyssus Elite\n\n#\u9ea5\u584a #\u7576\u500b\u5275\u4e16\u795e #minecraft\n\n*If any producer or label has an issue with any of the uploads please get in contact (charlie615118@gmail.com) with me and I will delete it immediately (this includes artists of the images used).",
        "likeCount": "9685",
        "commentCount": "268",
        "viewCount": "179594"
    },
    "comments": [
        {
            "reply_id": "Ugy-Hb_OQi2b6goHq-F4AaABAg",
            "reply_content": "\u963f\u795e\u6211\u60f3\u8ddf\u4f60\u8aaa\u5728\u4f60\u9000\u4f11\u524d\u53ef\u4ee5\u5728\u73a9\u6700\u5f8c\u4e00\u6b21\u5e78\u904b\u65b9\u584a\u55ce\uff1f",
            "likeCount": 2
        },
        {
            "reply_id": "UgxPuQHKM61oNF3Nvnd4AaABAg",
            "reply_content": "\u963f\u4f38\u53ef\u4e0d\u53ef\u4ee5\u7528\u5275\u9020\u4f86\u73a9",
            "likeCount": 1
        },
        {
            "reply_id": "Ugx6knZhbItrJFRpKwJ4AaABAg",
            "reply_content": "\u5927\u5bb6\u4e0d\u8981\u96e3\u904e\u96d6\u7136\u963f\u795e\u8981\u9000\u4f11\u4e86\u4f46\u6211\u5011\u4e5f\u53ef\u4ee5\u5728\u641e\u795e\u99ac\u7684\u5f71\u7247\u4e2d\u770b\u5230\u963f\u795e\u6240\u4ee5\u4f60\u5011\u4e0d\u8981\u96e3\u904e",
            "likeCount": 1
        },
        {
            "reply_id": "Ugyhu7UkOFVF3wozZGJ4AaABAg",
            "reply_content": "\u963f\u65af\u771f\u7684\u53ef\u4ee5\u6574\u963f\u795e\u4e86",
            "likeCount": 0
        },
        {
            "reply_id": "UgyRshUAkNY0Jx7oheZ4AaABAg",
            "reply_content": "\u4ed6\u662f\u5728\u8ddf\u4f60\u73a9\u5200\u528d\u795e\u57df",
            "likeCount": 0
        },
        {
            "reply_id": "UgzO97kBSwKIizaUXO54AaABAg",
            "reply_content": "\u963f\u795e\u5982\u679c\u8b93\u4ed6\u5011\u8b8a\u9ad8\u58d3\u82e6\u529b\u5e15\u53c8\u5f88\u9ad8\u5a01\u529b\u6709\u591a\u5927",
            "likeCount": 0
        },
        {
            "reply_id": "UgzmIDD3UO6h2pX13Yh4AaABAg",
            "reply_content": "\u963f\u795e\u4f60\u80fd\u4e0d\u80fd\u73a9\u86cb\u4ed4\u6d3e\u5c0d\u9019\u6b3e\u904a\u6232\u5e0c\u671b\u53ef\u4ee5",
            "likeCount": 0
        },
        {
            "reply_id": "UgwIvUBYISFCbbAETFl4AaABAg",
            "reply_content": "\u6211\u7684\u570b\u6821\u540c\u5b78\u559c\u6b61\u4f60\u7684\u5f71\u7247",
            "likeCount": 0
        },
        {
            "reply_id": "UgzfODXdlnv9FHMjop94AaABAg",
            "reply_content": "\u6700\u559c\u6b22\u7684\u7cfb\u5217\u662f\u72fc\u4eba\u6740\u5947\u4e50\u5927\u5b66 \u771f\u7684\u5e0c\u671b\u80fd\u8fd4\u573a",
            "likeCount": 0
        },
        {
            "reply_id": "UgzUwEjPhw3HrHEqp4N4AaABAg",
            "reply_content": "\u6211\u6ca1\u770b\u9519\u5427\u963f\u795e\u7528\u82f1\u6587\u62fc\u97f3",
            "likeCount": 0
        },
        {
            "reply_id": "Ugx0Qn1PenxyBa8lhgp4AaABAg",
            "reply_content": "\u963f\u795e\u963f\u795e\u4f60\u7684\u7248\u672c\u662f\u591a\u5c11\u554a\u4e0d\u662f\u61c9\u8a72\u6703\u6389\u7c97\u9435\u7c97\u9032\u55ce",
            "likeCount": 0
        },
        {
            "reply_id": "UgyCZtSqe4XlS1Zvgc14AaABAg",
            "reply_content": "\u539f\u672c\u60f3\u8aaa\u963f\u795e\u8981\u4e0b\u64ad\u4e86\u7136\u5f8c\u53c8\u770b\u5230\u5176\u4ed6\u5169\u500b\u7ae5\u5e74\u5be6\u6cc1\u4e3b\u4e00\u500b\u505c\u66f4\u4e00\u500b\u6709\u6a5f\u7387\u4e0b\u64ad\u73fe\u5728\u6700\u5f8c\u7684\u5e0c\u671b\u53ea\u6709\u5de7\u514b\u529b\u4e86\ud83d\ude22",
            "likeCount": 13
        },
        {
            "reply_id": "Ugx9AedWD1A47Ty4rmV4AaABAg",
            "reply_content": "\u597d\u597d\u73cd\u60dc\u963f\u795e\u6700\u5f8c\u7684\u5e7e\u90e8\u5f71\u7247",
            "likeCount": 4
        },
        {
            "reply_id": "UgxWk4dV6fvRIVDyqxl4AaABAg",
            "reply_content": "\u5e0c\u671b\u963f\u795e\u505c\u66f4\u4e4b\u5f8c\u4e0d\u8981\u522a\u5f71\u7247",
            "likeCount": 4
        },
        {
            "reply_id": "UgzT_Gu3a3l0-Rgcw3t4AaABAg",
            "reply_content": "\u4f60\u9000\u4f11\u5f8c\u5e33\u865f\u9084\u6703\u5728\u55ce\uff1f\u4e0d\u96e3\u4f60\u9000\u4f11\u4e86\u6211\u5011\u548c\u4f60\u7684\u771f\u611b\u7c89\u90fd\u6c92\u8fa6\u6cd5\u770b\u4e86",
            "likeCount": 1
        },
        {
            "reply_id": "Ugz2B4PnAu2JphDbgmB4AaABAg",
            "reply_content": "\u545c\u545c\u545c\u545c\u545c\u545c\u545c\u545c\u545c\u545c\u545c\u6211\u4ece\u5e74\u524d\u4e0d\u65ad\u770b\u4f60\u7684\u5f71\u7247\u820d\u4e0d\u5f97\u554a",
            "likeCount": 0
        },
        {
            "reply_id": "Ugx8vPtIXhH6j34QLY54AaABAg",
            "reply_content": "\u963f\u795e\u4f60\u6e38\u620f\u4ec0\u4e48\u6d77\u76d7\u5fc3\u5462",
            "likeCount": 0
        },
        {
            "reply_id": "UgwG50TzfIdYq9VSsOp4AaABAg",
            "reply_content": "\u9019\u500b\u5973\u751f\u7684\u90a3\u500b\u662f\u5f88\u5927\u7684",
            "likeCount": 0
        }
    ]
}