{
    "video_info": {
        "id": "H3PJeJyNcGo",
        "channelTitle": "\u963f\u795e",
        "title": "Minecraft \u4e00\u8def\u5f80\u4e0a\u885d\ud83d\ude02\u8dd1\u9177\u4e4b\u795e VS\u3010\u7194\u5ca9\u8dd1\u9177\u5854\u3011!! \u6311\u6230\ud83d\udc96\u7d55\u5c0d\u4e0d\u53ef\u80fd\u306e\u8dd1\u9177 !! \u4f60\u53ea\u6709\ud83d\udd2510\u5206\u9418\ud83d\udd25\u53ef\u4ee5\u722c\u5230\u6700\u4e0a\u9762 !! \u6b7b\u6389\u5168\u90e8\u91cd\u4f86 !! \u5168\u5b57\u5e55",
        "description": "\u4eca\u5929\u963f\u795e\u5e2b\u5085\u5e36\u8457\u6211\u7684\u5c0f\u5f92\u5152\u5011\uff0c\u4e00\u8d77\u6311\u6230\u5ca9\u6f3f\u4e0d\u505c\u4e0a\u5347\u7684\u8dd1\u9177\u5854 !!\n\u2764 \u6bcf\u5929\u90fd\u6709\u65b0\u5f71\u7247!! \u5f9e\u4eca\u5929\u8d77\u958b\u59cb\u8a02\u95b1\u5427 !! \u2764 \u2794 http://bit.ly/Kouki\n\ud83d\udd25 \u4f86\u770b\u770b\u3010\u963f\u795e\u3011\u5728\u4f7f\u7528\u7684\u3010\u5be6\u6cc1\u88dd\u5099\u3011\u6709\u54ea\u4e9b\u8d85\u9177\u7684\u6771\u897f\uff1ahttp://elgato.com/kouki \ud83d\udd25\n\n\u3010\u5f71\u7247\u88fd\u4f5c\u5718\u968a\u3011\n1) \u526a\u8f2f\u5e2b \u2794 AF\n2) \u5b57\u5e55\u5e2b \u2794 \u8449\u5b50\n3) \u5c01\u9762\u88fd\u4f5c\u5e2b \u2794 Brocardo / BUUZ / Osla / KrepsStudio\n4) \u5c01\u9762\u7d20\u6750\u6708\u652f\u4ed8License\u6388\u6b0a \u2794 https://www.goldenstudios.co/thumbnails\n \u2794 https://i.imgur.com/NgZyAyr.png\n\n\u6b61\u8fce\u3010\u63d0\u4ea4\u4f60\u7684\u81ea\u5275\u9ea5\u584a\u5730\u5716\u3011\uff1ahttp://bit.ly/KoukiMaps\n\n\u3010Facebook\u3011\u8ffd\u8e64\u6211 \u2794 https://www.facebook.com/KamiKamiMatsu\n\u3010Twitter\u3011\u8ffd\u8e64\u6211 \u2794 https://twitter.com/Ashan_kouki\n\n\u2022\u2b50\u2022\u2b50\u2022\u2b50\u2022\u2b50\u2022\u2b50\u2022 License \u2022\u2b50\u2022\u2b50\u2022\u2b50\u2022\u2b50\u2022\u2b50\u2022\n\n1) OMFG https://www.youtube.com/user/alexsavageomfg\nAvailable at: http://bit.ly/meant4u\n(as well as Spotify: http://bit.ly/meantforyou)\n\u539f\u4f5c\u8005\u4f7f\u7528\u6388\u6b0a\u8072\u660e\u66f8 \u2794 https://i.imgur.com/46j391z.jpg\n\n2) D1ofAquavibe www.youtube.com/user/D1ofAquavibe\nAvailable at: www.D1ofAquavibe.com/music\n(as well as iTunes, Google Play, etc.)\n\u539f\u4f5c\u8005\u4f7f\u7528\u6388\u6b0a\u8072\u660e\u66f8 \u2794 https://i.imgur.com/Poykr3O.jpg\n\n3) TheFatRat https://www.youtube.com/user/ThisIsTheFatRat\nAvailable at: https://the-arcadium.net/\n\u539f\u4f5c\u8005\u4f7f\u7528\u6388\u6b0a\u8072\u660e\u66f8 \u2794 https://i.imgur.com/VL6htMz.png\n\n4) Epidemicsound https://player.epidemicsound.com/browse/\n\u97f3\u6a02\u6388\u6b0a\u7db2\u7ad9\u4f7f\u7528\u6388\u6b0a\u8072\u660e\u66f8 \u2794 https://i.imgur.com/BfoLOnN.jpg\n\n5) FesliyanStudios https://www.fesliyanstudios.com/\n\u539f\u4f5c\u8005\u4f7f\u7528\u6388\u6b0a\u8072\u660e\u66f8 \u2794 https://i.imgur.com/K9Bs1sQ.jpg\n\n6) Outro \u2794 https://soundcloud.com/shurkofficial/haunted\n\u539f\u4f5c\u8005\u4f7f\u7528\u6388\u6b0a\u8072\u660e\u66f8 \u2794 https://i.imgur.com/c91ZARg.jpg\n\n\u2022\u2b50\u2022\u2b50\u2022\u2b50\u2022\u2b50\u2022\u2b50\u2022\u2b50\u2022\u2b50\u2022\u2b50\u2022\u2b50\u2022\u2b50\u2022\u2b50\u2022\u2b50\u2022\u2b50\u2022\n\nMicrophone \u2794 AT2020\nKeyboard \u2794 Ducky \u9752\u8ef8\nMouse \u2794 D.Va Razer Abyssus Elite\n\n#\u4e00\u683c\u751f\u5b58 #\u602a\u7269\u7a7a\u5cf6 #\u5e78\u904b\u65b9\u584a \n\n*If any producer or label has an issue with any of the uploads please get in contact (charlie615118@gmail.com) with me and I will delete it immediately (this includes artists of the images used).",
        "likeCount": "10579",
        "commentCount": "410",
        "viewCount": "228894"
    },
    "comments": [
        {
            "reply_id": "UgwwX7GHXQWNwnil2lB4AaABAg",
            "reply_content": "\u597d\u4e0d\u5bb9\u6613\u62ff\u5230\u7684\u7d05\u5167\u8932\uff0c\u6211\u8981\u589e\u52a0\u5b83\u7684\u5b58\u5728\u611f",
            "likeCount": 1
        },
        {
            "reply_id": "UgzlcGoaYRSyzceOiiB4AaABAg",
            "reply_content": "\u963f\u795e\u963f\u795e\u4f60\u6562\u4e0d\u6562\u73a9\u65b0\u7684\u904a\u6232",
            "likeCount": 0
        },
        {
            "reply_id": "UgxvLNCSAeyhCfBxypl4AaABAg",
            "reply_content": "\u597d\u6368\u4e0d\u5f97\u963f\u795e\u7684\u5f71\u7247\u554a",
            "likeCount": 0
        },
        {
            "reply_id": "UgzFFtC_RIgc6wsPDod4AaABAg",
            "reply_content": "\u6211\u5e0c\u671b\u548c\u8302\u8ddf\u4f60\u5011\u4e00\u8d77\u73a9",
            "likeCount": 0
        },
        {
            "reply_id": "UgxheD_JLkZpkMHz4p94AaABAg",
            "reply_content": "\u5e36\u6211\u5011\u7684\u7ae5\u5e74\u8b1d\u8b1d\u963f\u795e",
            "likeCount": 0
        },
        {
            "reply_id": "Ugzu3cDdnQArF25WOPp4AaABAg",
            "reply_content": "\u963f\u795e\u771f\u7684\u5f88\u8b1d\u8b1d\u4f60\u5728\u6211\u6700\u75db\u82e6\u7684\u6642\u5019\u8b93\u6211\u633a\u904e\u53bb\u56e0\u70ba\u6211\u7236\u6bcd\u524d\u5e7e\u5e74\u5728\u9b27\u96e2\u5a5a\u6240\u4ee5\u6211\u6bcf\u5929\u90fd\u904e\u7684\u9b31\u9b31\u5be1\u6b61\u53ea\u6709\u770b\u963f\u795e\u7684\u5f71\u7247\u7684\u6642\u5019\u624d\u6703\u958b\u5fc3",
            "likeCount": 1
        },
        {
            "reply_id": "UgydjuG-JJbYO9ib5PJ4AaABAg",
            "reply_content": "\u6211\u5f9e\u5c0f\u5c31\u770b\u4f60\u7684\u5f71\u7247\u6211\u624d\u73a9\u9ea5\u584a",
            "likeCount": 0
        },
        {
            "reply_id": "UgyxXcE4Rk7UkuNUlIl4AaABAg",
            "reply_content": "\u8b1d\u8b1d\u4f60\u966a\u4f34\u4e86\u6211\u7684\u7ae5\u5e74",
            "likeCount": 0
        },
        {
            "reply_id": "Ugw7f0DaLScahfjKgRV4AaABAg",
            "reply_content": "\u963f\u795e\u4f60\u90fd\u6c92\u6709\u518d\u51fa\u5f8c\u5ba4\u7684\u5f71\u7247\u4e86",
            "likeCount": 0
        },
        {
            "reply_id": "Ugy2wq4hzyo8g7oWPCF4AaABAg",
            "reply_content": "\u6211\u5e0c\u671b\u963f\u795e\u5728\u9000\u4f11\u5f8c\u80fd\u6392\u81ea\u5df1\u7684\u65e5\u5e38\u751f\u6d3b",
            "likeCount": 0
        },
        {
            "reply_id": "Ugx6FmI0Pa-fsfB-MnB4AaABAg",
            "reply_content": "\u7d42\u65bc\u7528\u5b8c\u4e86\u4e00\u500b\u4e45\u9055\u7684\u5730\u5716",
            "likeCount": 0
        },
        {
            "reply_id": "UgzZcYxBroKE97sUwft4AaABAg",
            "reply_content": "\u963f\u795e\u548c\u5927\u5bb6\u4e2d\u79cb\u7bc0\u5feb\u6a02",
            "likeCount": 2
        },
        {
            "reply_id": "UgxQnpempcKBfOMG2jp4AaABAg",
            "reply_content": "\u963f\u795e\u548c\u5927\u5bb6\u4e2d\u79cb\u8282\u5feb\u4e50",
            "likeCount": 2
        },
        {
            "reply_id": "UgxgEKc9jcpYi2Qho714AaABAg",
            "reply_content": "\u963f\u795e\u5e0c\u671b\u4f60\u80fd\u62cd\u570b\u5916\u7684\u5f71\u7247\u4e2d\u79cb\u7bc0\u5feb\u6a02",
            "likeCount": 1
        },
        {
            "reply_id": "UgwbefQFUA2RxSl-CRl4AaABAg",
            "reply_content": "\u963f\u795e\u771f\u7684\u4e0d\u8981\u505c\u6b62\u66f4\u65b0",
            "likeCount": 1
        },
        {
            "reply_id": "Ugwyun3W5uAwafPh1_B4AaABAg",
            "reply_content": "\u963f\u795e\u4e2d\u79cb\u7bc0\u5feb\u6a02\u6211\u60f3\u770b\u609f\u5ffb\u7238\u7238",
            "likeCount": 1
        },
        {
            "reply_id": "UgxO9iNLrNmvcPZSrH94AaABAg",
            "reply_content": "\u963f\u795e\u9084\u6703\u62cd\u53f2\u840a\u6bcd\u8fb2\u5834\u55ce",
            "likeCount": 1
        },
        {
            "reply_id": "Ugzwonfx62uz6yjH7d54AaABAg",
            "reply_content": "\u53ea\u80fd\u770b\u963f\u795e\u5f80\u5e74\u7684\u89c6\u9891\u4e86",
            "likeCount": 0
        },
        {
            "reply_id": "Ugx4z7hMDqO1-fHuIT94AaABAg",
            "reply_content": "\u597d\u4e45\u6c92\u6709\u770b\u5230\u718a\u8c93\u5718\u5718\u4e86",
            "likeCount": 0
        },
        {
            "reply_id": "UgwiLhbB_irHLaNsKOJ4AaABAg",
            "reply_content": "\u5e0c\u671b\u53ef\u4ee5\u4e4b\u5f8c\u518d\u770b\u5230\u963f\u795e\u7684\u5f71\u7247",
            "likeCount": 8
        }
    ]
}