{
    "video_info": {
        "id": "i0-4ENVP_bc",
        "channelTitle": "\u963f\u795e",
        "title": "\u3010\u963f\u795e\u3011\u6709\u91cd\u8981\u7684\u662f\u5ba3\u5e03\u3010\u516c\u544a\uff1a\u6211\u8f49\u751f\u6210Vtype\u4e86\u3011\u521d\u914d\u4fe1 !!",
        "description": "\u6211\u8981\u8f49\u751f\u6210Vtype\u5566 \u26a0\ufe0f\u4e0d\u662f\u53f0V\u5537 \uff01\u5957\u4e86\u4e00\u5c64\u53ef\u611b\u7684\u76ae\u8ddf\u5927\u5bb6 \u521d\u914d\u4fe1\u898b\u9762\uff01\n\u4ee5\u5f8c\u76f4\u64ad\u5f71\u7247\u7cbe\u83ef\u3010\u963f\u795e\u526f\u983b\u9053\u3011 \u2794 \nhttps://www.youtube.com/@KoukiLiveShow/videos\n\u963f\u795e\u7684\uff29\uff27\u3010\u6301\u7e8c\u66f4\u65b0\u3011 \u2794 https://www.instagram.com/ookoukioo/\n\u963f\u795e\u7684\u63a8\u7279\u3010\u6301\u7e8c\u66f4\u65b0\u3011 \u2794 https://twitter.com/Ashan_kouki\n\n\u8cc7\u8a0a\u6b04\uff1a#SponsoredbyIntel\n\nCredit \u2794 \u6954\u516d\u8449\n\n\ud83d\udd25\u795e\u8056\u7684\u95c6\u9f9c\ud83d\udd25 \u2794 \u8acb\u56b4\u683c\u9075\u5b88\u95c6\u9f9c\u795e\u660e\u5927\u4eba\u7684\u898f\u5b9a\uff1a\n\u3010\u4e0d\u6d17\u677f\u53ca\u5f15\u8d77\u6d17\u7248\u3011\n\u3010\u904a\u6232\u4e2d\u7981\u6b62\u3000\u5287\u900f\u3001\u66b4\u96f7\u3001\u9375\u76e4\u6307\u5c0e\u3011\n\u3010\u8acb\u4e92\u76f8\u5c0a\u91cd\u5f7c\u6b64\uff0c\u4e0d\u8981\u5435\u67b6\u5436\u3011",
        "likeCount": "11868",
        "commentCount": "146",
        "viewCount": "138124"
    },
    "comments": [
        {
            "reply_id": "UgyuqXPm_EQ5UBbp9hJ4AaABAg",
            "reply_content": "\u52a0\u6cb9\u963f\u795e\u6211\u6703\u6c38\u9060\u652f\u6301\u4f60",
            "likeCount": 2
        },
        {
            "reply_id": "Ugwx0ZtXIrmJ3FB7ROR4AaABAg",
            "reply_content": "\u4e0b\u6b21\u63db\u76ae\u819a\u7684\u8a71\u53ef\u4ee5\u8b93\u5f69\u9b5a\u5e6b\u4f60\u756b",
            "likeCount": 0
        },
        {
            "reply_id": "Ugx2RBwmZNbpaBmavqp4AaABAg",
            "reply_content": "\u963f\u795e\u4f60\u597d\u6211\u6bcf\u6b21\u90fd\u770b\u4f60\u5f71\u7247\u6211\u90fd\u6703\u652f\u6301\u4f60",
            "likeCount": 0
        },
        {
            "reply_id": "UgzlO40PM7q_fSItuyt4AaABAg",
            "reply_content": "\u963f\u795e\u4f60\u53ef\u4ee5\u8ddf\u8001\u982d\u4e00\u8d77\u73a9\u65b9\u821f\u751f\u5b58\u4e86",
            "likeCount": 0
        },
        {
            "reply_id": "UgyMquUurS80ndF2kPl4AaABAg",
            "reply_content": "\u6211\u60f3\u8981\u62ff\u4e00\u96bb\u6751\u9577\u5e03\u5a03\u5a03",
            "likeCount": 0
        }
    ]
}