{
    "video_info": {
        "id": "Kr8OA0WBerk",
        "channelTitle": "\u963f\u795e",
        "title": "Minecraft \u7d93\u5178\u56de\u6b78\u3010\u5438\u8840\u9b3c\ud83d\udd25\u9b3c\u6293\u4eba\u3011\u8dd1\u9177\u2764\u5927\u9003\u6bba !! \u628a\u53f0\u7063Youtuber\u56f0\u5728\u2764\u5ee2\u68c4\u6d0b\u5b85\u88e1\u3010\u4ea1\u547d\u5954\u9003\u3011\ud83d\ude02!! \u963f\u795e\u3010\u8b8a\u6210\u5438\u8840\u9b3c\u3011\u4f60\u53ea\u6709300\u79d2\u53ef\u4ee5\u8eb2\u85cf !!",
        "description": "\u8d85\u523a\u6fc0\u7684\u5438\u8840\u9b3c\u9b3c\u6293\u4eba\u4f86\u5566 !! \u9019\u4e00\u6b21\u963f\u795e\u8d85\u795e\u79c0\u4e86\u4e00\u6574\u5834 !!\n\u2764 \u6bcf\u5929\u90fd\u6709\u65b0\u5f71\u7247!! \u5f9e\u4eca\u5929\u8d77\u958b\u59cb\u8a02\u95b1\u5427 !! \u2764 \u2794 http://bit.ly/Kouki\n\ud83d\udd25 \u4f86\u770b\u770b\u3010\u963f\u795e\u3011\u5728\u4f7f\u7528\u7684\u3010\u5be6\u6cc1\u88dd\u5099\u3011\u6709\u54ea\u4e9b\u8d85\u9177\u7684\u6771\u897f\uff1ahttp://elgato.com/kouki \ud83d\udd25\n\n\u3010\u5f71\u7247\u88fd\u4f5c\u5718\u968a\u3011\n1) \u526a\u8f2f\u5e2b \u2794 AF\n2) \u5b57\u5e55\u5e2b \u2794 NatC\n3) \u5c01\u9762\u88fd\u4f5c\u5e2b \u2794 Brocardo / Aphmau Thumbnail Team\n4) \u5c01\u9762\u7d20\u6750\u6708\u652f\u4ed8License\u6388\u6b0a \u2794 https://www.goldenstudios.co/thumbnails\n \u2794 https://i.imgur.com/NgZyAyr.png\n\n\u6b61\u8fce\u3010\u63d0\u4ea4\u4f60\u7684\u81ea\u5275\u9ea5\u584a\u5730\u5716\u3011\uff1ahttp://bit.ly/KoukiMaps\n\n\u3010Facebook\u3011\u8ffd\u8e64\u6211 \u2794 https://www.facebook.com/KamiKamiMatsu\n\u3010Twitter\u3011\u8ffd\u8e64\u6211 \u2794 https://twitter.com/Ashan_kouki\n\n\u2022\u2b50\u2022\u2b50\u2022\u2b50\u2022\u2b50\u2022\u2b50\u2022 License \u2022\u2b50\u2022\u2b50\u2022\u2b50\u2022\u2b50\u2022\u2b50\u2022\n\n1) OMFG https://www.youtube.com/user/alexsavageomfg\nAvailable at: http://bit.ly/meant4u\n(as well as Spotify: http://bit.ly/meantforyou)\n\u539f\u4f5c\u8005\u4f7f\u7528\u6388\u6b0a\u8072\u660e\u66f8 \u2794 https://i.imgur.com/46j391z.jpg\n\n2) D1ofAquavibe www.youtube.com/user/D1ofAquavibe\nAvailable at: www.D1ofAquavibe.com/music\n(as well as iTunes, Google Play, etc.)\n\u539f\u4f5c\u8005\u4f7f\u7528\u6388\u6b0a\u8072\u660e\u66f8 \u2794 https://i.imgur.com/Poykr3O.jpg\n\n3) TheFatRat https://www.youtube.com/user/ThisIsTheFatRat\nAvailable at: https://the-arcadium.net/\n\u539f\u4f5c\u8005\u4f7f\u7528\u6388\u6b0a\u8072\u660e\u66f8 \u2794 https://i.imgur.com/VL6htMz.png\n\n4) Epidemicsound https://player.epidemicsound.com/browse/\n\u97f3\u6a02\u6388\u6b0a\u7db2\u7ad9\u4f7f\u7528\u6388\u6b0a\u8072\u660e\u66f8 \u2794 https://i.imgur.com/BfoLOnN.jpg\n\n5) FesliyanStudios https://www.fesliyanstudios.com/\n\u539f\u4f5c\u8005\u4f7f\u7528\u6388\u6b0a\u8072\u660e\u66f8 \u2794 https://i.imgur.com/K9Bs1sQ.jpg\n\n6) Outro \u2794 https://soundcloud.com/shurkofficial/haunted\n\u539f\u4f5c\u8005\u4f7f\u7528\u6388\u6b0a\u8072\u660e\u66f8 \u2794 https://i.imgur.com/c91ZARg.jpg\n\n\u2022\u2b50\u2022\u2b50\u2022\u2b50\u2022\u2b50\u2022\u2b50\u2022\u2b50\u2022\u2b50\u2022\u2b50\u2022\u2b50\u2022\u2b50\u2022\u2b50\u2022\u2b50\u2022\u2b50\u2022\n\nMicrophone \u2794 AT2020\nKeyboard \u2794 Ducky \u9752\u8ef8\nMouse \u2794 D.Va Razer Abyssus Elite\n\n#\u9ea5\u584a #\u963f\u795e #\u7576\u500b\u5275\u4e16\u795e \n\n*If any producer or label has an issue with any of the uploads please get in contact (charlie615118@gmail.com) with me and I will delete it immediately (this includes artists of the images used).",
        "likeCount": "11651",
        "commentCount": "360",
        "viewCount": "214283"
    },
    "comments": [
        {
            "reply_id": "UgxohzvGTbyALC0D_fl4AaABAg",
            "reply_content": "\u53ea\u6709\u8d8a\u4f86\u8d8a\u73cd\u60dc\u795e\u51fa\u7684\u5f71\u7247\u597d\u6000\u5ff5\u9b3c\u6293\u4eba",
            "likeCount": 5
        },
        {
            "reply_id": "UgwHMYttwT7eLkeAHSt4AaABAg",
            "reply_content": "\u9019\u500b\u904a\u6232\u770b\u8d77\u4f86\u597d\u597d\u73a9\u5594",
            "likeCount": 1
        },
        {
            "reply_id": "UgxPPYqwIsfdxTkSjHd4AaABAg",
            "reply_content": "\u96d6\u7136\u6211\u4e0d\u5e38\u770b\u4f60\u5f71\u7247\u4f46\u6211\u9084\u662f\u6703\u7e7c\u7e8c\u652f\u6301\u4f60\u7684",
            "likeCount": 1
        },
        {
            "reply_id": "UgzEmhQT-JpSqj4EBMh4AaABAg",
            "reply_content": "\u963f\u795e\u597d\u4e45\u6c92\u51fa\u9b3c\u6293\u4eba\u4e86",
            "likeCount": 1
        },
        {
            "reply_id": "UgwC3blARGn5uyqGVcV4AaABAg",
            "reply_content": "\u8b1d\u8b1d\u963f\u795e\u53d4\u53d4\u80fd\u62cd\u5f71\u7247\u7d66\u6211\u770b",
            "likeCount": 1
        },
        {
            "reply_id": "UgxxXMHfqAhpiYSHn-54AaABAg",
            "reply_content": "\u963f\u8c26\u4f9d\u7136\u662f\u6700\u5feb\u4e0a\u624b\u7684\u90a3\u4e2a",
            "likeCount": 0
        },
        {
            "reply_id": "UgzlkgDLqE7oDFEG5gR4AaABAg",
            "reply_content": "\u7ec8\u4e8e\u6709\u9b3c\u6293\u4eba\u4e0d\u77e5\u4e0d\u4e45\u5c31\u5f88\u4e45",
            "likeCount": 0
        },
        {
            "reply_id": "UgyBVplDTfx_IDl-36Z4AaABAg",
            "reply_content": "\u963f\u795e\u53ef\u4ee5\u62cd\u51f9\u7269\u72fc\u4eba\u6bba\u55ce",
            "likeCount": 0
        },
        {
            "reply_id": "UgwwvmdQsQEYantr0Zd4AaABAg",
            "reply_content": "\u770b\u4e00\u6b21\u5c11\u4e00\u6b21\u7684\u5f71\u7247\u963f",
            "likeCount": 0
        },
        {
            "reply_id": "UgzLGaNuZGl_SDsyxSh4AaABAg",
            "reply_content": "\u4e3a\u4ec0\u4e48\u4f60\u4eec\u90fd\u8bf4\u8981\u73cd\u60dc\u963f\u795e",
            "likeCount": 0
        },
        {
            "reply_id": "UgzlOpw7APCuI5wtrdN4AaABAg",
            "reply_content": "\u8c01\u8fd8\u77e5\u9053\u963f\u795e\u7684\u7b80\u4ecb\u5df2\u7ecf\u4e09\u5e74\u6ca1\u6539\u4e86",
            "likeCount": 0
        },
        {
            "reply_id": "UgwLZ0Nq4g5612I1zBN4AaABAg",
            "reply_content": "\u96d6\u7136\u963f\u795e\u62cd\u4e86\u9b3c\u6293\u4eba\u7cfb\u5217\u4f46\u8ddf\u4ee5\u524d\u6bd4\u4eba\u5e7e\u4e4e\u4e0d\u4e00\u6a23",
            "likeCount": 0
        },
        {
            "reply_id": "UgwLEpJIFlaSt6FHNmF4AaABAg",
            "reply_content": "\u597d\u61f7\u5ff5\u4e4b\u5f8c\u518d\u4e5f\u7121\u6cd5\u770b\u5230\u963f\u795e\u7684\u5f71\u7247\u4e86\u53ea\u80fd\u73fe\u5728\u597d\u597d\u73cd\u60dc\u4e86\ud83d\ude2d",
            "likeCount": 4
        },
        {
            "reply_id": "UgznMky5vNJLBJj8SUl4AaABAg",
            "reply_content": "\u963f\u795e\u7d42\u65bc\u56de\u6b78\u4e86\uff0c\u6211\u73fe\u5728\u8981\u958b\u59cb\u73cd\u60dc\u963f\u795e\u7684\u5f71\u7247\u4e86",
            "likeCount": 4
        },
        {
            "reply_id": "UgzHkNnvG7BB56lxK_J4AaABAg",
            "reply_content": "\u539f\u4f86\u9b5a\u4ed4\u7684\u662f\u5047\u6ec5\u4eba\u5668\u554a",
            "likeCount": 3
        },
        {
            "reply_id": "Ugw2Hp7A-8J6Wpk3wNJ4AaABAg",
            "reply_content": "\u8981\u9ede\u8b9a\u7d66\u963f\u795e\u6700\u5f8c\u52d5\u529b",
            "likeCount": 1
        },
        {
            "reply_id": "Ugz_2Qa_zIGXPVXfqHp4AaABAg",
            "reply_content": "\u6700\u5f8c\u7684\u6642\u5149\u6700\u5f8c\u7684\u61f7\u5ff5",
            "likeCount": 0
        },
        {
            "reply_id": "UgyoQ3peGyKYhlpAscJ4AaABAg",
            "reply_content": "\u963f\u795e\u7684\u6700\u5f8c\u5012\u6578\u5e7e\u90e8\u5f71\u7247\u8981\u597d\u597d\u73cd\u60dc",
            "likeCount": 0
        },
        {
            "reply_id": "UgwBQtxNS_xPHNK3Qo94AaABAg",
            "reply_content": "\u641e\u7b11\u98ce\u683c\u90fd\u6551\u4e0d\u4e86\u5927\u5bb6\u7684\u5fc3\u60c5\u4e86",
            "likeCount": 0
        },
        {
            "reply_id": "UgyOM61JPlIh2wFhk6J4AaABAg",
            "reply_content": "\u597d\u6000\u5ff5\u9b3c\u6293\u4eba\ud83d\ude2d\u8981\u5f00\u59cb\u66f4\u52a0\u73cd\u60dc\u963f\u795e\u7684\u5f71\u7247\u4e86",
            "likeCount": 270
        }
    ]
}