{
    "video_info": {
        "id": "LadujkZRI_w",
        "channelTitle": "\u963f\u795e",
        "title": "Minecraft \u5982\u679c\u9ea5\u584a\u2764\u53ea\u6709\u3010\u4e00\u683c\u602a\u7269\u7a7a\u5cf6\u3011\u5982\u4f55\u751f\u5b58\ud83d\ude02\uff01\u7b49\u7d1a\u8d8a\u9ad8=\u602a\u7269\u8d8a\u6050\u6016\uff01\u8490\u96c6\u3010\u5e78\u904b\u65b9\u584a\u3011\u88fd\u4f5c\u51fa\u3010\u6700\u5f37\u602a\u7269\u88dd\u5099\u3011\u7a7a\u5cf6\u8d85\u5c0f\uff13\u500b\u5be6\u6cc1\u4e3b\u3010\u4e0d\u505c\u5f80\u4e0b\u6389\u3011\u8d85\u8ff7\u4f60\u6050\u6016\u7a7a\u5cf6XDD\uff01\u5168\u5b57\u5e55",
        "description": "\u4eca\u5929\u6211\u5011\u8981\u4f86\u73a9\u4e00\u5f35\u8d85\u523a\u6fc0\u7684\u9ea5\u584a\u7a7a\u5cf6\u5730\u5716\uff0c\u4e0d\u904e\u6211\u5011\u8e29\u5728\u4e00\u683c\u602a\u7269\u7a7a\u5cf6 !!\n\u2764 \u6bcf\u5929\u90fd\u6709\u65b0\u5f71\u7247!! \u5f9e\u4eca\u5929\u8d77\u958b\u59cb\u8a02\u95b1\u5427 !! \u2764 \u2794 http://bit.ly/Kouki\n\ud83d\udd25 \u4f86\u770b\u770b\u3010\u963f\u795e\u3011\u5728\u4f7f\u7528\u7684\u3010\u5be6\u6cc1\u88dd\u5099\u3011\u6709\u54ea\u4e9b\u8d85\u9177\u7684\u6771\u897f\uff1ahttp://elgato.com/kouki \ud83d\udd25\n\n\u3010\u5f71\u7247\u88fd\u4f5c\u5718\u968a\u3011\n1) \u526a\u8f2f\u5e2b \u2794 AF\n2) \u5b57\u5e55\u5e2b \u2794 \u8449\u5b50\n3) \u5c01\u9762\u88fd\u4f5c\u5e2b \u2794 Brocardo / BUUZ / Osla / KrepsStudio\n4) \u5c01\u9762\u7d20\u6750\u6708\u652f\u4ed8License\u6388\u6b0a \u2794 https://www.goldenstudios.co/thumbnails\n \u2794 https://i.imgur.com/NgZyAyr.png\n\n\u6b61\u8fce\u3010\u63d0\u4ea4\u4f60\u7684\u81ea\u5275\u9ea5\u584a\u5730\u5716\u3011\uff1ahttp://bit.ly/KoukiMaps\n\n\u3010Facebook\u3011\u8ffd\u8e64\u6211 \u2794 https://www.facebook.com/KamiKamiMatsu\n\u3010Twitter\u3011\u8ffd\u8e64\u6211 \u2794 https://twitter.com/Ashan_kouki\n\n\u2022\u2b50\u2022\u2b50\u2022\u2b50\u2022\u2b50\u2022\u2b50\u2022 License \u2022\u2b50\u2022\u2b50\u2022\u2b50\u2022\u2b50\u2022\u2b50\u2022\n\n1) OMFG https://www.youtube.com/user/alexsavageomfg\nAvailable at: http://bit.ly/meant4u\n(as well as Spotify: http://bit.ly/meantforyou)\n\u539f\u4f5c\u8005\u4f7f\u7528\u6388\u6b0a\u8072\u660e\u66f8 \u2794 https://i.imgur.com/46j391z.jpg\n\n2) D1ofAquavibe www.youtube.com/user/D1ofAquavibe\nAvailable at: www.D1ofAquavibe.com/music\n(as well as iTunes, Google Play, etc.)\n\u539f\u4f5c\u8005\u4f7f\u7528\u6388\u6b0a\u8072\u660e\u66f8 \u2794 https://i.imgur.com/Poykr3O.jpg\n\n3) TheFatRat https://www.youtube.com/user/ThisIsTheFatRat\nAvailable at: https://the-arcadium.net/\n\u539f\u4f5c\u8005\u4f7f\u7528\u6388\u6b0a\u8072\u660e\u66f8 \u2794 https://i.imgur.com/VL6htMz.png\n\n4) Epidemicsound https://player.epidemicsound.com/browse/\n\u97f3\u6a02\u6388\u6b0a\u7db2\u7ad9\u4f7f\u7528\u6388\u6b0a\u8072\u660e\u66f8 \u2794 https://i.imgur.com/BfoLOnN.jpg\n\n5) FesliyanStudios https://www.fesliyanstudios.com/\n\u539f\u4f5c\u8005\u4f7f\u7528\u6388\u6b0a\u8072\u660e\u66f8 \u2794 https://i.imgur.com/K9Bs1sQ.jpg\n\n6) Outro \u2794 https://soundcloud.com/shurkofficial/haunted\n\u539f\u4f5c\u8005\u4f7f\u7528\u6388\u6b0a\u8072\u660e\u66f8 \u2794 https://i.imgur.com/c91ZARg.jpg\n\n\u2022\u2b50\u2022\u2b50\u2022\u2b50\u2022\u2b50\u2022\u2b50\u2022\u2b50\u2022\u2b50\u2022\u2b50\u2022\u2b50\u2022\u2b50\u2022\u2b50\u2022\u2b50\u2022\u2b50\u2022\n\nMicrophone \u2794 AT2020\nKeyboard \u2794 Ducky \u9752\u8ef8\nMouse \u2794 D.Va Razer Abyssus Elite\n\n#\u4e00\u683c\u751f\u5b58 #\u602a\u7269\u7a7a\u5cf6 #\u5e78\u904b\u65b9\u584a \n\n*If any producer or label has an issue with any of the uploads please get in contact (charlie615118@gmail.com) with me and I will delete it immediately (this includes artists of the images used).",
        "likeCount": "10788",
        "commentCount": "321",
        "viewCount": "188763"
    },
    "comments": [
        {
            "reply_id": "UgzzoljGPfEly3ihgDl4AaABAg",
            "reply_content": "\u963f\u795e\u4f60\u53ef\u4e0d\u53ef\u4ee5\u8fd9\u6837\u505a\u68a6\u60f3\u53bb\u505a\u5b8c",
            "likeCount": 1
        },
        {
            "reply_id": "UgwY_wKH-bd9afnGnct4AaABAg",
            "reply_content": "\u963f\u795e \u6211\u770b\u5230\u67d0\u4eba\u548c\u53d1\u5e03\u5f71\u7247\u8bf4\u4f60\u8981\u9000\u4f11\u4e86\u8bf7\u95ee\u662f\u771f\u7684\u5417",
            "likeCount": 0
        },
        {
            "reply_id": "Ugy41ZqV5qQyxWD-AMh4AaABAg",
            "reply_content": "\u963f\u795e\u4e0d\u80fd\u9000\u4f11\u7d66\u6211\u7e7c\u7e8c\u66f4\u65b0",
            "likeCount": 0
        },
        {
            "reply_id": "Ugw9QgQcqTIUumfPNZB4AaABAg",
            "reply_content": "\u53ef\u4ee5\u7528\u534a\u7816\u7136\u4ed6\u5728\u4e2d\u5fc3\u70b9\u65c1\u8fb9\u653e\u7f6e\u540e\u8ba9\u52a8\u7269\u4eec\u53ef\u4ee5\u8fc7\u53bb",
            "likeCount": 0
        },
        {
            "reply_id": "Ugwlq-sD5G5RS3RVFe94AaABAg",
            "reply_content": "\u60f3\u8d77\u4e86\u7a7a\u5cf6\u5974\u96b8\u751f\u5b58\u5974\u96b8\u751f\u5b58",
            "likeCount": 0
        },
        {
            "reply_id": "Ugw1FiutgNZQkjrkWVl4AaABAg",
            "reply_content": "\u963f\u795e\u53ef\u4ee5\u53bb\u570b\u5916\u7684\u5f71\u7247\u55ce",
            "likeCount": 0
        },
        {
            "reply_id": "UgxkZPngdVAnKycqzDl4AaABAg",
            "reply_content": "\u60f3\u770b\u4f60\u73a9\u6df1\u6d77\u53ef\u60dc\u597d\u50cf\u6c92\u6709\u9019\u5e7e\u4f1a\u4e86",
            "likeCount": 2
        },
        {
            "reply_id": "UgztobZWsTejTWt-69d4AaABAg",
            "reply_content": "\u6211\u6709\u4e00\u500b\u6311\u6230\u5c31\u662f\u5169\u5e74\u4e0d\u770b\u4f60\u7684\u8996\u983b\u4eca\u5929\u624d\u67e5\u770b\u4f60\u7684\u8996\u983b\u8b93\u6211\u89ba\u5f97\u50cf\u7b2c\u4e00\u6b21\u770b\u4f60\u7684\u8996\u983b",
            "likeCount": 1
        },
        {
            "reply_id": "UgwKYdq3GPaWN65B4iR4AaABAg",
            "reply_content": "\u6211\u4e00\u76f4\u671f\u5f85\u7684\u7e2e\u5c0f\u751f\u5b58\u56e0\u8a72\u662f\u7b49\u4e0d\u5230\u4e86\uff0c\u5e0c\u671b\u795e\u54e5\u6709\u7a7a\u66f4\u65b0\u4e00\u4e0b",
            "likeCount": 1
        },
        {
            "reply_id": "UgwyaBsyFckjrXZR5q14AaABAg",
            "reply_content": "\u90a3\u96bb\u8783\u87f9\u602a\u53eb\u505a\u87f9\u722a\u862d\u8482",
            "likeCount": 0
        },
        {
            "reply_id": "UgzzFbvtjjcJR-CxzjR4AaABAg",
            "reply_content": "\u6211\u548c\u963f\u795e\u4e00\u6a23\u559c\u6b61\u5403\u9cf3\u87ba",
            "likeCount": 0
        },
        {
            "reply_id": "UgxYzRLMdcIb0XA7Lhh4AaABAg",
            "reply_content": "\u5c0f\u5149\u53ef\u4ee5\u53bb\u963f\u795e\u5bb6\u5077\u7aba\u8b93\u5f8c\u6211\u5011\u5728\u5831\u8b66\u4e00\u7fa4\u82f1\u96c4\u6551\u4e00\u500b\u7f8e\u5973\ud83d\ude02",
            "likeCount": 0
        },
        {
            "reply_id": "UgxXLtsMHSorQII5Ldl4AaABAg",
            "reply_content": "\u963f\u795e\u6211\u6628\u5929\u73a9\u8d8a\u7344\u9047\u5230\u4e00\u500b\u8173\u8272\u8ddf\u4f60\u4e00\u6a23\u7684\u4eba\u6211\u5c31\u88ab\u4ed6\u6293\u4e86\ud83d\ude02",
            "likeCount": 0
        },
        {
            "reply_id": "UgzUyAN0lhGHFguogJt4AaABAg",
            "reply_content": "\u5e0c\u671b\u963f\u795e\u53ef\u4ee5\u7e7c\u7e8c\u62cd\u4e0b\u53bb",
            "likeCount": 8
        },
        {
            "reply_id": "UgyPVp6jvF-pLSYsxwF4AaABAg",
            "reply_content": "\u7e7c\u7e8c\u61f7\u5ff5\u963f\u795e\u7684\u5f71\u7247\u5566\n\u6642\u9593\u4e00\u9ede\u9ede\u518d\u5012\u6578\u5566",
            "likeCount": 5
        },
        {
            "reply_id": "UgyaGNf-_X5wrkfaahx4AaABAg",
            "reply_content": "\u539f\u4f86\u963f\u795e\u559c\u6b61\u770b\u653e\u706b\u9084\u6597\u5167\u4e86",
            "likeCount": 0
        }
    ]
}