{
    "video_info": {
        "id": "LWuH6b-xsck",
        "channelTitle": "\u963f\u795e",
        "title": "Minecraft \u828b\u5713\u67da\u5b50 \u4e00\u8d77\u73a9\u3010\u6700\u5f8c\u7684\u72fc\u4eba\u6bba\u3011\u8b1d\u8b1d\uff0c\u518d\u898b\uff01- \u7d66BOB\u5011\u7684\u4e00\u5c01\u4fe1\u3002Ft.\u5de7\u514b\u529b \u6885\u5b50 \u963f\u8b19 \u963f\u664b",
        "description": "\u26a0\ufe0f \u672a\u4f86\u7cbe\u83ef\u5f71\u7247\u90fd\u5728\u3010\u963f\u795e\u526f\u983b\u9053\u3011!! \u26a0\ufe0f \u2794 https://www.youtube.com/@KoukiLiveShow/featured\n\n\u6700\u5f8c\u4e00\u90e8\u5f71\u7247\uff0c\u8ddf\u8457\u963f\u795e\u9084\u6709\u828b\u5712\u67da\u5b50\u7684\u6210\u54e1\u5728\u901914\u5e74\u9593\u756b\u4e0b\u4e00\u500b\u7f8e\u597d\u7684\u53e5\u9ede\uff01\n\n\u3010\u5f71\u7247\u88fd\u4f5c\u5718\u968a\u3011\n1) \u526a\u8f2f\u5e2b \u2794 AF / \u963f\u795e\n2) \u5b57\u5e55\u5e2b \u2794 2) Peggy \u5e78\u55b5 \u5c0f\u7dbf\u7f8a \u8449\u5b50 \u9b5a\u982d YUYU NatC\n3) \u5c01\u9762\u88fd\u4f5c\u5e2b \u2794 Brocardo / Aphmau Thumbnail Team\n\n\u3010Facebook\u3011\u8ffd\u8e64\u6211 \u2794 https://www.facebook.com/KamiKamiMatsu\n\u3010Twitter\u3011\u8ffd\u8e64\u6211 \u2794 https://twitter.com/Ashan_kouki\n\n\u2022\u2b50\u2022\u2b50\u2022\u2b50\u2022\u2b50\u2022\u2b50\u2022 License \u2022\u2b50\u2022\u2b50\u2022\u2b50\u2022\u2b50\u2022\u2b50\u2022\n\n1) OMFG https://www.youtube.com/user/alexsavageomfg\nAvailable at: http://bit.ly/meant4u\n(as well as Spotify: http://bit.ly/meantforyou)\n\u4f7f\u7528\u6388\u6b0a\u8072\u660e \u2794 https://i.imgur.com/46j391z.jpg\n\n2) D1ofAquavibe www.youtube.com/user/D1ofAquavibe\nAvailable at: www.D1ofAquavibe.com/music\n(as well as iTunes, Google Play, etc.)\n\u4f7f\u7528\u6388\u6b0a\u8072\u660e \u2794 https://i.imgur.com/Poykr3O.jpg\n\n3) TheFatRat https://www.youtube.com/user/ThisIsTheFatRat\nAvailable at: https://the-arcadium.net/\n\u4f7f\u7528\u6388\u6b0a\u8072\u660e \u2794 https://i.imgur.com/VL6htMz.png\n\n4) Epidemicsound https://player.epidemicsound.com/browse/\n\u4f7f\u7528\u6388\u6b0a\u8072\u660e \u2794 https://i.imgur.com/BfoLOnN.jpg\n\n5) FesliyanStudios https://www.fesliyanstudios.com/\n\u4f7f\u7528\u6388\u6b0a\u8072\u660e \u2794 https://i.imgur.com/K9Bs1sQ.jpg\n\n6) Outro \u2794 https://soundcloud.com/shurkofficial/haunted\n\u4f7f\u7528\u6388\u6b0a\u8072\u660e \u2794 https://i.imgur.com/c91ZARg.jpg\n\n\u2022\u2b50\u2022\u2b50\u2022\u2b50\u2022\u2b50\u2022\u2b50\u2022\u2b50\u2022\u2b50\u2022\u2b50\u2022\u2b50\u2022\u2b50\u2022\u2b50\u2022\u2b50\u2022\u2b50\u2022\n\nMicrophone \u2794 AT2020\nKeyboard \u2794 Ducky \u9752\u8ef8\nMouse \u2794 D.Va Razer Abyssus Elite\n\n#\u72fc\u4eba\u6bba #\u9ea5\u584a #\u963f\u795e\n\n*If any producer or label has an issue with any of the uploads please get in contact (charlie615118@gmail.com) with me and I will delete it immediately (this includes artists of the images used).",
        "likeCount": "59882",
        "commentCount": "8184",
        "viewCount": "659656"
    },
    "comments": [
        {
            "reply_id": "UgyPGkMg1yyED7fQNPx4AaABAg",
            "reply_content": "\u770b\u4e86\u8fd9\u7247\u620f\u540e\u6211\u771f\u7684\u54ed\u4e86",
            "likeCount": 2
        },
        {
            "reply_id": "UgzWU2k28Vw1K8plbOp4AaABAg",
            "reply_content": "\u770b\u5230\u9019\u90e8\u5f71\u7247\u6211\u9047\u8a00\u53c8\u6b62",
            "likeCount": 2
        },
        {
            "reply_id": "UgxFRWqhsmjO4ePP2Nx4AaABAg",
            "reply_content": "\u9858\u4f60\u53ef\u4ee5\u627e\u5230\u81ea\u5df1\u60f3\u505a\u7684\u4e8b",
            "likeCount": 1
        },
        {
            "reply_id": "UgzBpLcCMMeVPenj9xt4AaABAg",
            "reply_content": "\u611f\u8c22\u963f\u795e\u7ed9\u6211\u4eec\u5e26\u6765\u5feb\u4e50\uff0c\u4e5f\u6210\u4e3a\u4e86\u6211\u7ae5\u5e74\u7684\u4e00\u90e8\u5206",
            "likeCount": 1
        },
        {
            "reply_id": "Ugy8VVpaKMMTJnddjm54AaABAg",
            "reply_content": "\u5176\u5b9e\u542c\u5230\u554a\u795e\u4e0d\u53d1\u89c6\u9891\u8fd8\u5f88\u4f24\u5fc3",
            "likeCount": 0
        },
        {
            "reply_id": "UgwQuUVghJ8HVDOmGVN4AaABAg",
            "reply_content": "\u963f\u795e\u7684\u9000\u573a\u4e5f\u4ee3\u8868\u7740\u8fd9\u4e00\u6bb5\u9752\u6625\u7684\u7ed3\u675f",
            "likeCount": 0
        },
        {
            "reply_id": "Ugwz70wNKzFarOJgfjN4AaABAg",
            "reply_content": "\u904e\u4e86\u9019\u9ebc\u591a\u5e74\u6c92\u6709\u5fd8\u8a18\u521d\u8877\uff0c\u4e5f\u4e0d\u6703\u56e0\u70ba\u7d05\u4e86\u6709\u9322\u4e86\u958b\u59cb\u505a\u4e00\u4e9b\u9055\u6cd5\u7684\u4e8b\u60c5\uff0c\u5f88\u7fa8\u6155\u963f\u795e\u771f\u7684\u6709\u4e00\u7fa4\u5f88\u68d2\u7684\u670b\u53cb\uff0c\u795d\u798f\u963f\u795e\u63a5\u4e0b\u4f86\u7684\u4eba\u751f\u898f\u5283\u4e00\u5207\u9806\u5229",
            "likeCount": 0
        },
        {
            "reply_id": "UgwIDBuXJZK_xeO1uR54AaABAg",
            "reply_content": "\u963f\u795e\u7a81\u7136\u95f4\u79bb\u5f00\u6211\u7684\u751f\u6d3b\u611f\u5230\u4e86\u5bc2\u5bde",
            "likeCount": 0
        },
        {
            "reply_id": "UgzwgXwHyusZjljE1sN4AaABAg",
            "reply_content": "\u73a9\u6d77\u8cca\u738b\u904a\u6232\u6211\u6bd4\u4f60\u5f37",
            "likeCount": 0
        },
        {
            "reply_id": "UgwiHJc5tzmBvhQRIPp4AaABAg",
            "reply_content": "\u963f\u795e\u518d\u898b\u4e86\u4f60\u8f9b\u82e6\u4e86\u8b1d\u8b1d\u4f60\u8f9b\u82e6\u4e86",
            "likeCount": 0
        },
        {
            "reply_id": "UgzhSTfuiwlW7_3OlRp4AaABAg",
            "reply_content": "\u611f\u8c22\u963f\u795e\u8fd9\u4e9b\u5e74\u7684\u966a\u4f34",
            "likeCount": 0
        },
        {
            "reply_id": "Ugz8gEc-xxad17rvX-B4AaABAg",
            "reply_content": "\u6709\u4e00\u79cd\u8bf4\u4e0d\u51fa\u7684\u96be\u8fc7\u3001\u4f46\u613f\u963f\u795e\u80fd\u5feb\u4e50\u7684\u751f\u6d3b\u4e0b\u53bb",
            "likeCount": 0
        },
        {
            "reply_id": "Ugzv64812JIU5WNxo6N4AaABAg",
            "reply_content": "\u611f\u8c22\u4f60\u7ed9\u6211\u4eec\u6bcf\u4e2a\u4eba\u5e26\u6765\u5feb\u4e50",
            "likeCount": 0
        },
        {
            "reply_id": "Ugyf0nn5nELI27lmBvR4AaABAg",
            "reply_content": "\u8c22\u8c22\u4f60\u963f\u795e\u5e26\u6765\u4e86\u6211\u7684\u7ae5\u5e74\u7684\u5feb\u4e50",
            "likeCount": 0
        },
        {
            "reply_id": "Ugwu4xoFQRa70MT5YdN4AaABAg",
            "reply_content": "\u8b1d\u8b1d\u963f\u795e\u966a\u4f34\u6211\u5011\u9019\u9ebd\u591a\u5e74\u795d\u963f\u795e\u9000\u4f11\u5feb\u6a02\u5728\u898b\u4e86\u963f\u795e",
            "likeCount": 1
        },
        {
            "reply_id": "UgwFZrm1c4Z7xahjdG14AaABAg",
            "reply_content": "\u4f60\u60f3\u505a\u4ec0\u4e48\u5c31\u53bb\u505a\u6211\u4eec\u6c38\u8fdc\u652f\u6301\u4f60",
            "likeCount": 0
        },
        {
            "reply_id": "UgxL5fTzmQf0PPFYBDB4AaABAg",
            "reply_content": "\u963f\u795e\u52a0\u6cb9\u6211\u6c38\u8fdc\u652f\u6301\u4f60",
            "likeCount": 0
        },
        {
            "reply_id": "UgxxQ9si3Sv15mhudvl4AaABAg",
            "reply_content": "\u5e0c\u671b\u4f60\u5011\u80fd\u5728\u62cd\u5f88\u591a\u5f71\u7247",
            "likeCount": 0
        },
        {
            "reply_id": "Ugx1bR82Ii-F9w4AS4B4AaABAg",
            "reply_content": "\u8b1d\u8b1d\u963f\u795e\u9019\u5341\u5e7e\u5e74\u7684\u966a\u4f34",
            "likeCount": 0
        },
        {
            "reply_id": "UgxDVFYndFOTG31ZhOR4AaABAg",
            "reply_content": "\u554a\u795e\u8f9b\u82e6\u4e86\uff0c\u867d\u7136\u6211\u53ea\u4ece\u56db\u5e74\u524d\u5f00\u59cb\u770b\u4f46\u662f\u611f\u8c22\u4f60\u7ed9\u6211\u4eec\u5e26\u6765\u7684\u5feb\u4e50\u4e5f\u4e00\u76f4\u966a\u4f34\u6211\u4eec\u5f88\u4e45",
            "likeCount": 0
        }
    ]
}