{
    "video_info": {
        "id": "QQ4bQupO8h0",
        "channelTitle": "\u963f\u795e",
        "title": "\u3010COD\u6c7a\u52dd\u6642\u523b3\u3011\u6bad\u5c4d\u4f86\u5566\uff01\u503c\u5f97\u8cb7\u55ce\uff1f100\u842c\u96bb\u6bad\u5c4d\u6d77 \u4e00\u6b21\u885d\u51fa\u4f86\uff01\u8ddf\u670b\u53cb\u4e00\u8d77\u6253\u69cd\u69cd\uff01\u300a\u6c7a\u52dd\u6642\u523b \u73fe\u4ee3\u6230\u722dIII\u300b/ \u4f7f\u547d\u53ec\u559aIII",
        "description": "\u4ee5\u5f8c\u76f4\u64ad\u5f71\u7247\u7cbe\u83ef\u3010\u963f\u795e\u526f\u983b\u9053\u3011 \u2794 \nhttps://www.youtube.com/@KoukiLiveShow/videos\n\u963f\u795e\u7684\uff29\uff27\u3010\u6301\u7e8c\u66f4\u65b0\u3011 \u2794 https://www.instagram.com/ookoukioo/\n\u963f\u795e\u7684\u63a8\u7279\u3010\u6301\u7e8c\u66f4\u65b0\u3011 \u2794 https://twitter.com/Ashan_kouki\n\nCredit \u2794 \u6954\u516d\u8449\n\n\ud83d\udd25\u795e\u8056\u7684\u95c6\u9f9c\ud83d\udd25 \u2794 \u8acb\u56b4\u683c\u9075\u5b88\u95c6\u9f9c\u795e\u660e\u5927\u4eba\u7684\u898f\u5b9a\uff1a\n\u3010\u4e0d\u6d17\u677f\u53ca\u5f15\u8d77\u6d17\u7248\u3011\n\u3010\u904a\u6232\u4e2d\u7981\u6b62\u3000\u5287\u900f\u3001\u66b4\u96f7\u3001\u9375\u76e4\u6307\u5c0e\u3011\n\u3010\u8acb\u4e92\u76f8\u5c0a\u91cd\u5f7c\u6b64\uff0c\u4e0d\u8981\u5435\u67b6\u5436\u3011",
        "likeCount": "5578",
        "commentCount": "84",
        "viewCount": "139317"
    },
    "comments": [
        {
            "reply_id": "UgyiYTsdtu_UZF0rkFB4AaABAg",
            "reply_content": "\u963f\u795e\u62ff\u5230\u7684\u90a3\u500b\u4e59\u592a\u5de5\u5177\u4e3b\u8981\u7528\u65bc\u5347\u7d1a\u69cd\u679d\uff0c\u6bd4\u5982\u8aaa\u7da0\u8272\u7684\u5de5\u5177\u662f\u63d0\u5347\u767d\u6b66\u6649\u5347\u70ba\u7da0\u6b66\u5c08\u7528\u7684\u5de5\u5177\uff0c\u9084\u6709\u4e00\u500b\u662f\u85cd\u8272\u7684\u90a3\u5c31\u662f\u5c07\u6b66\u5668\u63d0\u5347\u70ba\u85cd\u8272\u7b49\u7d1a\u7684\u5de5\u5177\uff0c\u4f46\u770b\u8d77\u4f86\u597d\u50cf\u62ff\u8d77\u5c31\u6703\u81ea\u52d5\u4f7f\u7528\u4e86\u3002",
            "likeCount": 3
        },
        {
            "reply_id": "UgwouGFAENmiE4Z-Fqp4AaABAg",
            "reply_content": "\u963f\u795e\u6709\u6c92\u6709\u73a9\u624b\u6a5f\u7248\u7684\u6c7a\u52dd\u6642\u523b",
            "likeCount": 2
        },
        {
            "reply_id": "UgziDm36VXBKHAAgkAp4AaABAg",
            "reply_content": "\u963f\u795e\u9019\u611f\u89ba\u4f60\u96fb\u8166\u6703\u71d2\u6389\u6b38",
            "likeCount": 0
        },
        {
            "reply_id": "Ugz85P2IlN1uUBw_km14AaABAg",
            "reply_content": "\u963f\u795e\u59b3\u8981\u6253\u6bad\u5c4d\u4e0d\u5982\u53bb\u73a9\u60e1\u9748\u52e2\u529b\u7136\u5f8c\u505a\u5f71\u7247",
            "likeCount": 0
        },
        {
            "reply_id": "UgxbI5_GnRevajMAFzJ4AaABAg",
            "reply_content": "\u963f\u795e\u4e00\u958b\u59cb\u62ff\u7684\u69cd\u5728\u6211\u73a9\u7684\u6c7a\u52dd\u6642\u523b\u53ebk\u4ec0\u9ebc\u7684",
            "likeCount": 0
        },
        {
            "reply_id": "UgxWwD2RbywaKODiErJ4AaABAg",
            "reply_content": "\u9019\u80fd\u526a\u7cbe\u83ef\u5230\u526f\u983b\u9053\u55ce",
            "likeCount": 0
        }
    ]
}