{
    "video_info": {
        "id": "RXAwRDrdrSA",
        "channelTitle": "\u963f\u795e",
        "title": "Minecraft \u9ea5\u584a\u4f46\u662f\u3010\u4f60\u80fd\u5077\u8d70\ud83d\ude02\u670b\u53cb\u306e\u8eab\u9ad4\u3011\u7f3a\u4e86\u8173\uff0c\u600e\u9ebc\u901a\u95dc\u9ea5\u584a\ud83d\ude02?! \u9ea5\u584a\u65b0\u96e3\u5ea6...\u65b7\u624b\u65b7\u8173\ud83d\ude30\uff01\u5230\u8655\u5c0b\u627e\u3010\u5be6\u6cc1\u4e3b\u8eab\u9ad4\u3011\uff12\uff14\u5c0f\u6642\uff01\u8d85\u7206\u7b11\u7684\u3010\u5751\u7239\u5192\u96aa\u3011\uff01\u5168\u5b57\u5e55",
        "description": "\u4eca\u5929\u8ddf\u8457\u963f\u795e\u5728\u9ea5\u584a\u4e2d\u5c0b\u627e\u5be6\u6cc1\u4e3b\u7684\u8eab\u9ad4\u90e8\u4f4d\uff0c\u91cd\u65b0\u7d44\u88dd !!\n\u2764 \u6bcf\u5929\u90fd\u6709\u65b0\u5f71\u7247!! \u5f9e\u4eca\u5929\u8d77\u958b\u59cb\u8a02\u95b1\u5427 !! \u2764 \u2794 http://bit.ly/Kouki\n\ud83d\udd25 \u4f86\u770b\u770b\u3010\u963f\u795e\u3011\u5728\u4f7f\u7528\u7684\u3010\u5be6\u6cc1\u88dd\u5099\u3011\u6709\u54ea\u4e9b\u8d85\u9177\u7684\u6771\u897f\uff1ahttp://elgato.com/kouki \ud83d\udd25\n\n\u3010\u5f71\u7247\u88fd\u4f5c\u5718\u968a\u3011\n1) \u526a\u8f2f\u5e2b \u2794 AF / \u963f\u795e\n2) \u5b57\u5e55\u5e2b \u2794 NatC\n3) \u5c01\u9762\u88fd\u4f5c\u5e2b \u2794 Junp / RiuPedro / Osla / Kreps\n\n\u6b61\u8fce\u3010\u63d0\u4ea4\u4f60\u7684\u81ea\u5275\u9ea5\u584a\u5730\u5716\u3011\uff1ahttp://bit.ly/KoukiMaps\n\n\u3010Facebook\u3011\u8ffd\u8e64\u6211 \u2794 https://www.facebook.com/KamiKamiMatsu\n\u3010Twitter\u3011\u8ffd\u8e64\u6211 \u2794 https://twitter.com/Ashan_kouki\n\n\u2022\u2b50\u2022\u2b50\u2022\u2b50\u2022\u2b50\u2022\u2b50\u2022 License \u2022\u2b50\u2022\u2b50\u2022\u2b50\u2022\u2b50\u2022\u2b50\u2022\n\n1) OMFG https://www.youtube.com/user/alexsavageomfg\nAvailable at: http://bit.ly/meant4u\n(as well as Spotify: http://bit.ly/meantforyou)\n\u4f7f\u7528\u6388\u6b0a\u8072\u660e \u2794 https://i.imgur.com/46j391z.jpg\n\n2) D1ofAquavibe www.youtube.com/user/D1ofAquavibe\nAvailable at: www.D1ofAquavibe.com/music\n(as well as iTunes, Google Play, etc.)\n\u4f7f\u7528\u6388\u6b0a\u8072\u660e \u2794 https://i.imgur.com/Poykr3O.jpg\n\n3) TheFatRat https://www.youtube.com/user/ThisIsTheFatRat\nAvailable at: https://the-arcadium.net/\n\u4f7f\u7528\u6388\u6b0a\u8072\u660e \u2794 https://i.imgur.com/VL6htMz.png\n\n4) Epidemicsound https://player.epidemicsound.com/browse/\n\u4f7f\u7528\u6388\u6b0a\u8072\u660e \u2794 https://i.imgur.com/BfoLOnN.jpg\n\n5) FesliyanStudios https://www.fesliyanstudios.com/\n\u4f7f\u7528\u6388\u6b0a\u8072\u660e \u2794 https://i.imgur.com/K9Bs1sQ.jpg\n\n6) Outro \u2794 https://soundcloud.com/shurkofficial/haunted\n\u4f7f\u7528\u6388\u6b0a\u8072\u660e \u2794 https://i.imgur.com/c91ZARg.jpg\n\n\u2022\u2b50\u2022\u2b50\u2022\u2b50\u2022\u2b50\u2022\u2b50\u2022\u2b50\u2022\u2b50\u2022\u2b50\u2022\u2b50\u2022\u2b50\u2022\u2b50\u2022\u2b50\u2022\u2b50\u2022\n\nMicrophone \u2794 AT2020\nKeyboard \u2794 Ducky \u9752\u8ef8\nMouse \u2794 D.Va Razer Abyssus Elite\n\n#\u6211\u7684\u4e16\u754c #\u9ea5\u584a #\u963f\u795e\n\n*If any producer or label has an issue with any of the uploads please get in contact (charlie615118@gmail.com) with me and I will delete it immediately (this includes artists of the images used).",
        "likeCount": "6861",
        "commentCount": "173",
        "viewCount": "96112"
    },
    "comments": [
        {
            "reply_id": "UgxEoCXNyYBRTIq6w294AaABAg",
            "reply_content": "\u963f\u795e\u8f9b\u82e6\u4e86\u5e0c\u671b\u4f60\u53ef\u4ee5\u5feb\u6a02",
            "likeCount": 1
        },
        {
            "reply_id": "UgwA6WF2SvqtAOcASjp4AaABAg",
            "reply_content": "\u5e0c\u671b\u963f\u795e\u9000\u4f11\u751f\u6d3b\u80fd\u904e\u7684\u5feb\u5feb\u6a02\u6a02\u3001\u5e73\u5e73\u5b89\u5b89\u7684",
            "likeCount": 1
        },
        {
            "reply_id": "Ugwi-ZgGnSU0dScYEkl4AaABAg",
            "reply_content": "\u6211\u8ddf\u963f\u795e\u4e00\u6837\u6709\u649e\u8fc7\u73bb\u7483",
            "likeCount": 1
        },
        {
            "reply_id": "Ugwn-IT_ULqUc8Nt1RZ4AaABAg",
            "reply_content": "\u5404\u4f4d\u77e5\u9053\u55ce\u963f\u795e\u4e4b\u524d\u4e5f\u6709\u8aaa\u904e\u9019\u500b\u6545\u4e8b\u54e6\uff01\u963f\u6b49\u6709\u807d\u904e\u9084\u6709\u5c0f\u5149\u8ddf\u54aa\u5695",
            "likeCount": 0
        },
        {
            "reply_id": "UgxRDgKqde9cG8k1wQZ4AaABAg",
            "reply_content": "\u963f\u795e\u4f60\u600e\u9ebc\u9019\u9ebc\u4e45\u6c92\u6709\u66f4\u65b0\u4e86",
            "likeCount": 0
        },
        {
            "reply_id": "UgzL6oEKt_P7F2YOVz14AaABAg",
            "reply_content": "\u963f\u795e\ue030\u662f\u8aaa\u904e\u592a\u7a7a\u72fc\u4eba\u6bba\u9ea5\u584a\u7684\u53ef\u4e0d\u53ef\u4ee5\u65e9\u4e00\u9ede\u73a9\u55ce",
            "likeCount": 0
        }
    ]
}