{
    "video_info": {
        "id": "Us0ScHEJ_y4",
        "channelTitle": "\u963f\u795e",
        "title": "Minecraft \u7ae5\u5e74\u60e1\u5922!! \u53f2\u4e0a\u2661\u6700\u6050\u6016\u2661\u7684\u3010\u9ea5\u584a\u2642\ufe0f\u602a\u7269\u5927\u4e82\u9b25\u3011!! \u5982\u679c\u628a\u3010\u82e6\u529b\u6015+\u6d77\u7dbf\u3011\u6703\u8b8a\u751a\u9ebc\u9b3c\u751f\u7269 !! \u5275\u9020 \u9ea5\u584a\u5408\u6210\u7378\ud83d\ude02\u4e92\u76f8\u50b7\u5bb3 !! \u5168\u5b57\u5e55",
        "description": "\u4eca\u5929\u963f\u795e\u4e00\u8d77\u5728\u9ea5\u584a\u4e2d\u5275\u9020\u51fa\u5404\u7a2e\u6050\u6016\u7684\u9ea5\u584a\u602a\u7269\uff0c\u4f86\u4e00\u5834\u523a\u6fc0\u7684\u5927\u4e82\u9b25 !!\n\u2764 \u6bcf\u5929\u90fd\u6709\u65b0\u5f71\u7247!! \u5f9e\u4eca\u5929\u8d77\u958b\u59cb\u8a02\u95b1\u5427 !! \u2764 \u2794 http://bit.ly/Kouki\n\ud83d\udd25 \u4f86\u770b\u770b\u3010\u963f\u795e\u3011\u5728\u4f7f\u7528\u7684\u3010\u5be6\u6cc1\u88dd\u5099\u3011\u6709\u54ea\u4e9b\u8d85\u9177\u7684\u6771\u897f\uff1ahttp://elgato.com/kouki \ud83d\udd25\n\n\u3010\u5f71\u7247\u88fd\u4f5c\u5718\u968a\u3011\n1) \u526a\u8f2f\u5e2b \u2794 AF\n2) \u5b57\u5e55\u5e2b \u2794 \u5c0f\u7dbf\u7f8a\n3) \u5c01\u9762\u88fd\u4f5c\u5e2b \u2794 Brocardo / BUUZ / Osla / KrepsStudio\n4) \u5c01\u9762\u7d20\u6750\u8cfc\u8cb7\u6388\u6b0a \u2794 https://www.goldenstudios.co/thumbnails\n \u2794 https://i.imgur.com/NgZyAyr.png\n\n\u6b61\u8fce\u3010\u63d0\u4ea4\u4f60\u7684\u81ea\u5275\u9ea5\u584a\u5730\u5716\u3011\uff1ahttp://bit.ly/KoukiMaps\n\n\u3010Facebook\u3011\u8ffd\u8e64\u6211 \u2794 https://www.facebook.com/KamiKamiMatsu\n\u3010Twitter\u3011\u8ffd\u8e64\u6211 \u2794 https://twitter.com/Ashan_kouki\n\n\u2022\u2b50\u2022\u2b50\u2022\u2b50\u2022\u2b50\u2022\u2b50\u2022 License \u2022\u2b50\u2022\u2b50\u2022\u2b50\u2022\u2b50\u2022\u2b50\u2022\n\n1) OMFG https://www.youtube.com/user/alexsavageomfg\nAvailable at: http://bit.ly/meant4u\n(as well as Spotify: http://bit.ly/meantforyou)\n\u4f7f\u7528\u6388\u6b0a\u8072\u660e \u2794 https://i.imgur.com/46j391z.jpg\n\n2) D1ofAquavibe www.youtube.com/user/D1ofAquavibe\nAvailable at: www.D1ofAquavibe.com/music\n(as well as iTunes, Google Play, etc.)\n\u4f7f\u7528\u6388\u6b0a\u8072\u660e \u2794 https://i.imgur.com/Poykr3O.jpg\n\n3) TheFatRat https://www.youtube.com/user/ThisIsTheFatRat\nAvailable at: https://the-arcadium.net/\n\u4f7f\u7528\u6388\u6b0a\u8072\u660e \u2794 https://i.imgur.com/VL6htMz.png\n\n4) Epidemicsound https://player.epidemicsound.com/browse/\n\u4f7f\u7528\u6388\u6b0a\u8072\u660e \u2794 https://i.imgur.com/BfoLOnN.jpg\n\n5) FesliyanStudios https://www.fesliyanstudios.com/\n\u4f7f\u7528\u6388\u6b0a\u8072\u660e \u2794 https://i.imgur.com/K9Bs1sQ.jpg\n\n6) Outro \u2794 https://soundcloud.com/shurkofficial/haunted\n\u4f7f\u7528\u6388\u6b0a\u8072\u660e \u2794 https://i.imgur.com/c91ZARg.jpg\n\n\u2022\u2b50\u2022\u2b50\u2022\u2b50\u2022\u2b50\u2022\u2b50\u2022\u2b50\u2022\u2b50\u2022\u2b50\u2022\u2b50\u2022\u2b50\u2022\u2b50\u2022\u2b50\u2022\u2b50\u2022\n\nMicrophone \u2794 AT2020\nKeyboard \u2794 Ducky \u9752\u8ef8\nMouse \u2794 D.Va Razer Abyssus Elite\n\n#\u9ea5\u584a #\u7576\u500b\u5275\u4e16\u795e #minecraft\n\n*If any producer or label has an issue with any of the uploads please get in contact (charlie615118@gmail.com) with me and I will delete it immediately (this includes artists of the images used).",
        "likeCount": "11734",
        "commentCount": "355",
        "viewCount": "220805"
    },
    "comments": [
        {
            "reply_id": "Ugx3FFa10sREP_4RaJh4AaABAg",
            "reply_content": "\u795d\u963f\u795e\u56db\u5b63\u9032\u8ca1\u5927\u5409\u5927\u5229\u95d4\u5bb6\u5e73\u5b89\u4e8b\u4e8b\u5982\u610f\u798f\u58fd\u96d9\u5168\u5bcc\u8cb4\u6709\u9918",
            "likeCount": 4
        },
        {
            "reply_id": "Ugx4MzQWBB7jTh1NMCR4AaABAg",
            "reply_content": "\u7d42\u7d50\u9f8d\u52a0\u51cb\u96f6\u738b\u52a0\u9435\u5de8\u4eba",
            "likeCount": 1
        },
        {
            "reply_id": "UgzWm7vjd7nZhAexqep4AaABAg",
            "reply_content": "\u8b1d\u8b1d\u963f\u795e\u8b93\u6211\u5011\u6709\u597d\u770b\u7684\u5f71\u7247",
            "likeCount": 1
        },
        {
            "reply_id": "UgwbEcEQQQcKtXytYLd4AaABAg",
            "reply_content": "\u963f\u795e\u6211\u559c\u6b61\u770b\u4f60\u9019\u7cfb\u5217\u7684\u5f71\u7247",
            "likeCount": 0
        },
        {
            "reply_id": "UgzqZmD8WOtQTVUYZ214AaABAg",
            "reply_content": "\u963f\u795e\u6c38\u9060\u505c\u5728\u4e86\u9019\u4e00\u523b",
            "likeCount": 0
        },
        {
            "reply_id": "UgxP5T4gjbv38WTZbb14AaABAg",
            "reply_content": "\u963f\u795e\u963f\u795e\u662f\u4e0d\u662f\u6709\u8003\u616e\u79fb\u5c45\u7f8e\u570b",
            "likeCount": 0
        },
        {
            "reply_id": "UgwOODCEYdsc3sJilZJ4AaABAg",
            "reply_content": "\u963f\u795e\u6211\u80fd\u4e0d\u80fd\u8ba9\u4f60\u542c\u4e00\u4e2a\u6b4c\u6211\u6c42\u4f60\u5b83\u7684\u540d\u53eb\u82b1\u4e4b\u821e\u5e0c\u671b\u4f60\u542c\u4e86\u4e4b\u540e\u80fd\u627e\u5230\u4e00\u70b9\u4ee5\u524d\u7684\u5feb\u4e50\u5427\uff0c\u4ed6\u4e0d\u4f1a\u8ba9\u4f60\u60f3\u5230\u96be\u8fc7\u4f24\u5fc3\u7684\u4e8b\u60c5\u53ea\u4f1a\u8ba9\u4f60\u60f3\u5230\u4ee5\u524d\u5feb\u4e50\u7684\u4e8b\u60c5\u62dc\u6258\u4e86\ud83d\ude22\u3002\u963f\u795e\u5e0c\u671b\u4f60\u80fd\u770b\u5230\u8fd9\u4e2a\u7559\u8a00\u3002",
            "likeCount": 0
        },
        {
            "reply_id": "UgwFd2DvZpA3662dylR4AaABAg",
            "reply_content": "\u518d\u89c1\u4e86\u963f\u795e\u8c22\u8c22\u4f60\u505a\u8fd9\u4e48\u597d\u770b\u7684\u5f71\u7247\u6bcf\u5929\u770b\u5230\u90fd\u4f1a\u5f88\u5f00\u5fc3",
            "likeCount": 0
        },
        {
            "reply_id": "UgxapnIMla4t1LTb3AJ4AaABAg",
            "reply_content": "\u6211\u60f3\u8981\u628a\u6211\u95a8\u871c\u548c\u4ed6\u559c\u6b61\u7684\u4eba\u62fc\u5728\u4e00\u8d77",
            "likeCount": 0
        },
        {
            "reply_id": "UgxhpbPpGXw9aGV56PR4AaABAg",
            "reply_content": "\u963f\u795e\u4f60\u90fd\u7528\u4ec0\u9ebc\u526a\u8f2f\u8edf\u9ad4",
            "likeCount": 0
        },
        {
            "reply_id": "UgxIOk-fr2iamJz8tbx4AaABAg",
            "reply_content": "\u554a\u795e\u4f60\u53ef\u4ee5\u5728\u62cd\u4e00\u6b21\u9752\u9b3c\u5417",
            "likeCount": 0
        },
        {
            "reply_id": "Ugyz-1if31iN5lVrzjV4AaABAg",
            "reply_content": "\u5982\u679c\u53ef\u4ee5\u7684\u8a71\uff0c\u5e0c\u671b\u80fd\u770b\u5230\u6240\u6709\u963f\u795e\u8a8d\u8b58\u7684\u4eba\u5728\u4e00\u8d77\u73a9",
            "likeCount": 10
        },
        {
            "reply_id": "UgyldJmEjculVvZ2JmF4AaABAg",
            "reply_content": "\u963f\u795e \u6211\u60f3\u544a\u8a34\u4f60\u4e00\u4ef6\u4e8b \u5176\u5be6\u6211\u4e0d\u5e38\u770b\u4f60\u7684\u5f71\u7247\u4f46\u6211\u81f3\u5c11\u9084\u662f\u6709\u770b\u904e\u9084\u9858\u548c\u8fd4\u6821\u7684 \u6211\u5f88\u611f\u8b1d\u4f60\u966a\u6211\u5011\u9019\u9ebc\u4e45\u56e0\u70ba\u4f60\u4e5f\u662f\u6211\u5c0f\u6642\u5019\u90fd\u770b\u904e\u7684\u4eba \u6211\u89ba\u5f97\u4f60\u4e5f\u5f88\u5c0a\u91cd\u6211\u5011\u56e0\u70ba\u6211\u4e5f\u6709\u4e00\u4e9b\u770b\u904e\u7684\u4eba\u4e5f\u662f\u4e0d\u5c11\u7c89\u7d72\u6bd4\u5982\u7fd4\u9e9f\u4ed6\u7a81\u7136\u7684\u6d88\u5931\u4e86\u4e00\u5e74\u7121\u8072\u7121\u606f \u6211\u4e5f\u662f\u60f3\u5ff5\u4ed6\u4f46\u6211\u4e5f\u4e0d\u77e5\u9053\u4ed6\u662f\u4e0d\u662f\u51fa\u610f\u5916\u6216\u5225\u7684\u4f46\u4ed6\u4ee5\u524d\u5c31\u662f\u597d\u50cf\u6709\u7a81\u7136\u7684\u6d88\u5931\u5f88\u4e45\u6211\u611f\u89ba\u4ed6\u6c92\u6709\u5c0a\u91cd\u5230\u6211\u5011 \u4f46\u6211\u4e5f\u6c92\u6709\u8aaa\u4ed6\u4e0d\u597d\u800c\u662f\u8b93\u6211\u4e5f\u611f\u89ba\u5230\u4e86\u96e3\u904e \u6211\u89ba\u5f97\u4f60\u5f88\u5c0a\u91cd\u6211\u5011\u6703\u82b1\u6642\u9593\u8ddf\u6211\u5011\u8aaa \u6211\u76f8\u4fe1\u4f60\u4e4b\u5f8c\u6703\u904e\u7684\u66f4\u597d \u548c\u8b1d\u8b1d\u4f60\u9019\u4e9b\u5e74\u7684\u52aa\u529b",
            "likeCount": 1
        },
        {
            "reply_id": "Ugwd8lonEefLv-mRaNB4AaABAg",
            "reply_content": "\u963f\u795e\u4e0d\u8981\u95dc\u983b\u9053\u8b93\u6211\u5011\u597d\u597d\u7684\u56de\u61b6\u4e00\u4e0b\u4f60\u7684\u5f71\u7247",
            "likeCount": 1
        },
        {
            "reply_id": "UgwE05_j2FNm81Ug2r94AaABAg",
            "reply_content": "\u6211\u9084\u60f3\u770b\u554a\u795e\u73a9\u6df1\u6d77\u8ff7\u822a \u5fae\u5c0f\u751f\u5b58\u7684\u7b2c\u4e8c\u5b63",
            "likeCount": 1
        },
        {
            "reply_id": "Ugz5TRqa2EBCWk-u82h4AaABAg",
            "reply_content": "\u96ea\u5154\u88ab\u5361\u4f4f\u771f\u7684\u6703\u7b11\u6b7b",
            "likeCount": 1
        },
        {
            "reply_id": "UgzgCIqW_BVXKnrOhHR4AaABAg",
            "reply_content": "\u5e0c\u671b\u4f60\u6c92\u62cd\u5f71\u7247\u4e5f\u80fd\u597d\u597d\u7684\u6d3b\u8457\u597d\u597d\u7684\u73a9\u904a\u6232",
            "likeCount": 1
        },
        {
            "reply_id": "UgzMEGsZYumrqWtyepF4AaABAg",
            "reply_content": "\u5e73\u5e38\u90fd\u770b\u963f\u795e\u7684\u5f71\u7247\uff0c\u4e4b\u5f8c\u7a81\u7136\u6c92\u6709\u4e0d\u77e5\u9053\u8981\u770b\u4ec0\u9ebc",
            "likeCount": 1
        },
        {
            "reply_id": "Ugz8v0d0WUKnL5zCkuN4AaABAg",
            "reply_content": "\u6211\u4e5f\u53ea\u80fd\u56de\u60f3\u4ee5\u524d\u7684\u5f71\u7247\u73cd\u60dc\u963f\u795e\u4e86",
            "likeCount": 1
        },
        {
            "reply_id": "UgwSmaNvswi4D9aXrIN4AaABAg",
            "reply_content": "\u539f\u672c\u5f88\u671f\u5f85\u53f2\u840a\u59c6\u8fb2\u5834\u7684\uff0c\u4f46\u770b\u4f86\u6c92\u6709\u6a5f\u6703\u4e86",
            "likeCount": 1
        }
    ]
}