{
    "channel": {
        "title": "WACKYBOYS \u53cd\u9aa8\u7537\u5b69",
        "id": "UCEfetJrzg6OcXWWuX8uhdhw",
        "customUrl": "@wackyboys520",
        "uploads": "UUEfetJrzg6OcXWWuX8uhdhw"
    },
    "videos": [
        {
            "id": "dxgNQ8WKDc4",
            "title": "\u539f\u4f86\u57f9\u6839\u559c\u6b61\u7576\u72d7\uff01\u9019\u5f35\u81c9\u9084\u6709\u6551\u55ce\uff1f#\u91ab\u7f8e #\u8857\u8a2a #\u53cd\u9aa8 #\u9952\u57f9\u751f #wackyboys"
        },
        {
            "id": "eLKJI5BZmsc",
            "title": "\u4e0d\u77e5\u540d\u7db2\u7d05\u300c\u57f9\u6839\u62c9\u9eb5\u300d\u662f\u62cd\u6296\u97f3\u7684\u55ce\uff1f#\u8857\u8a2a #\u9952\u57f9\u751f #\u53cd\u9aa8 #\u857e\u83c8 #\u897f\u9580"
        },
        {
            "id": "cTfTqE78yy8",
            "title": "\u8f14\u5927\u7f8e\u5973\u7a3d\u67e5\ud83d\ude0d\u9700\u6c42\u8d85\u5927\uff01\u5929\u880d\u5c0f\u96bb\u99ac\u958b\u7bb1\ud83c\udf81\u2502WACKYBOYS\u2502\u53cd\u9aa8\u7537\u5b69\u2502"
        },
        {
            "id": "ZHC1rMPYyOM",
            "title": "\u57f9\u6839\u627e\u5230\u5973\u53cb\u4e86!\u767c\u9152\u760b\u4e82\u64a9\u5c0f\u674e\uff01#\u8857\u8a2a #\u53cd\u9aa8 #wackyboys #\u5973\u53cb #\u559d\u9152 #\u9952\u57f9\u751f"
        },
        {
            "id": "U49zOyY0NUU",
            "title": "\u3010\u57f9\u7537\u914d\u5c0d\u4e2d\u3011 \u6210\u529f\u7387\u6bd4\u9ed1\u7537\u9084\u9ad8\uff01\u9aee\u578b\u5e74\u9f61\u6a23\u6a23\u4e2d\uff01#\u8857\u8a2a #\u53cd\u9aa8 #\u914d\u5c0d #wackyboys #\u9952\u57f9\u751f #\u4fe1\u7fa9"
        },
        {
            "id": "cQTf84t2ZPU",
            "title": "\u857e\u83c8\u9053\u6b49\u524d\u8f29\u7d66\u904e\u55ce\uff1f\u958b\u7bb1\u9e7f\u5e0c\u6d3e\u7684\u725b\u8089\u9eb5\u5e97\uff0c\u4e0d\u8981\u518d\u62cd\u9ebb\u5c41\u4e86\uff0c\u597d\u5403\u5230\u4f60\u54ed\u5929\u558a\u5730\u53eb\u9ebb\u9ebb\ud83d\ude0f feat \u9e7f\u5e0c\u6d3e\u2502WACKYBOYS\u2502\u53cd\u9aa8\u7537\u5b69\u2502"
        },
        {
            "id": "CN7vB5vWacc",
            "title": "\u57f9\u6839\u60f3\u8457\u611b\u8389\u838e\u838e\u58de\u58de\u904e\uff1f\u7537\u53cb\u7761\u5225\u7684\u5973\u751f\u5bb6\u5fc3\u8edf\u8907\u5408\uff01#\u53cd\u9aa8 #\u9952\u57f9\u751f #\u57f9\u6839 #\u5c0f\u674e #\u8857\u8a2a #wackyboys"
        },
        {
            "id": "ZhT-09eBsC4",
            "title": "\u958b\u7bb1\u6587\u5316\u5927\u5b78\u7f8e\u5973!\ud83e\udd75\u4ed9\u6c23\u7206\u68da\ud83e\udd70\u5206\u4eab\u6587\u5316\u9b3c\u6545\u4e8b\ud83d\udc7b\u2502WACKYBOYS\u2502\u53cd\u9aa8\u7537\u5b69\u2502"
        },
        {
            "id": "eXSgzLGkS78",
            "title": "\u77ed\u5f71\u97f3\u7834\u5708\u6f32\u7c89\uff01tiktoker\u5011\u662f\u5982\u4f55\u7d93\u71df\u7684\u5462\uff1ffeat \u767e\u9748\u679c \u6728\u661f\u4eba \u773e\u91cf\u7d1a\u2502WACKYBOYS\u2502\u53cd\u9aa8\u7537\u5b69\u2502"
        },
        {
            "id": "C_F74g8TGYg",
            "title": "\u57f9\u6839\u51b7\u7b11\u8a71\u8d85\u6c92\u6599\uff01\u4fe1\u7fa9\u9a5a\u898b\u5a03\u5a03\u540c\u985e\uff1f#\u53cd\u9aa8 #\u9952\u57f9\u751f #\u57f9\u6839 #\u5a03\u5a03 #\u897f\u9580npc #\u8857\u8a2a #wackyboys"
        },
        {
            "id": "U0cQfdYLYRQ",
            "title": "\u9047\u5230\u9ebb\u7169\u8a72\u600e\u9ebc\u8fa6\uff1f\u85e5\u738b\u56de\u4f86\u5230\uff01#\u53cd\u9aa8 #\u8857\u8a2a #\u9952\u57f9\u751f #\u7981\u85e5\u738b #\u9ebb\u7169"
        },
        {
            "id": "8nclMPWus2U",
            "title": "\u53bb\u534a\u5957\u5e97\u7b97\u51fa\u8ecc\u55ce?\ud83d\ude21\u539f\u4f86\u9152\u5e97\u9084\u66f4\u5371\u96aa?\ud83d\ude2c\u96e3\u5f97\u8ddf\u59b9\u5b50\u9592\u804a\u57f9\u6839\u63d2\u4e0d\u4e0a\u534a\u53e5\u8a71\u2502WACKYBOYS\u2502\u53cd\u9aa8\u7537\u5b69\u2502"
        },
        {
            "id": "vE9CpuhnrzQ",
            "title": "\u6709\u9ede\u5147\u731b\uff1f #\u79d1\u76ee\u4e09 #wackyboys"
        },
        {
            "id": "kDaR1LuHF7E",
            "title": "\u3010\u96d9\u7cd6\u5c0d\u6c7a\u3011\u518d\u6b21\u5de7\u9047\u5a03\u5a03\uff01\u4e0b\u4e00\u500b\u57f9\u6839\u51fa\u73fe\u4e86\uff01#\u53cd\u9aa8 #\u8857\u8a2a #wackyboys #\u9952\u57f9\u751f"
        },
        {
            "id": "Vbs2A2byJxg",
            "title": "\u6700\u65b0\u8d85\u7d1a\u82f1\u96c4,\u6c41\u51fa\u4eba,\u8d85\u8d8aPs5\u8718\u86db\u4eba\u4e8c \u5c0d\u4e0d\u8d77\u6211\u771f\u7684\u4e0a\u766e\u4e86...\u2502WACKYBOYS\u2502\u53cd\u9aa8\u7537\u5b69\u2502"
        },
        {
            "id": "CSo6rAUFLIw",
            "title": "\u5de7\u9047\u8607\u5abd\u5abd\uff1f\u8336\u7897\u84b8\u7248\u694a\u4e1e\u7433\uff01\u59b9\u59b9\u559c\u6b61\u5305\u624b\u7684\u7537\u751f\uff01#\u5b6b\u751f #\u8857\u8a2a #\u5b6b\u751f #wackyboys"
        },
        {
            "id": "lYms0JkXOfM",
            "title": "\u7acb\u5fd7\u6210\u70ba\u5783\u573e\uff01\uff1f\u57f9\u6839\u906d\u5973\u8b66\u92ac\u4e0a\u5e36\u8d70\uff01 #\u53cd\u9aa8 #\u8857\u8a2a"
        },
        {
            "id": "mG2wsH5YzwM",
            "title": "\u5feb\u4e0a\u8eca\uff01\u9177\u70ab\u76f4\u64ad\u5e36\u8ca8\u53ea\u5e36\u597d\u8ca8!"
        },
        {
            "id": "oXJn3qOPQmo",
            "title": "\u5f37\u9084\u8981\u66f4\u5f37!\u9019\u5c31\u662f\u6211\u7684\u79d8\u5bc6\u6b66\u5668!!!"
        },
        {
            "id": "A7gW0ZDs-sc",
            "title": "\u518d\u6b21\u5de7\u9047\u958b\u653e\u5f0f\u8d85\u55e8\u5973\uff01\u539f\u5730\u958b\u8df3\u8594\u8594\uff01\uff1f#\u8857\u8a2a #\u57f9\u6839 #wackyboys #\u53cd\u9aa8"
        },
        {
            "id": "onc4Mj-J1gQ",
            "title": "\u55e8\u5496\u54c1\u59a4\u4f86\u5566!! \u6709\u5973\u53cb\u53ef\u4ee5\u9001\u5225\u4eba\u54e5\u5409\u62c9\u55ce?  #\u7537\u62f3\u8fa6\u516c\u5ba4\u2502WACKYBOYS\u2502\u53cd\u9aa8\u7537\u5b69\u2502@high0704"
        },
        {
            "id": "DDf2H6om1pQ",
            "title": "\u5929\u6bcd\u4e8b\u8b8a\u964d\u81e8\uff01\u662fOZI\u9084\u662f\u5c0f\u8cf4\uff01\uff1f#\u53cd\u9aa8 #\u8857\u8a2a #\u53cd\u9aa8 #wackyboys"
        },
        {
            "id": "inyy1ygDXwg",
            "title": "\u81ea\u66dd\u6c92\u6709\u5f88\u5c08\u60c5\u7684\u5973\u751f\uff01\u958b\u653e\u5f0f\u95dc\u4fc2\uff01\uff1f#\u8857\u8a2a #\u53cd\u9aa8 #wackyboys #\u5b6b\u751f"
        },
        {
            "id": "hvIWses91U4",
            "title": "\u5de7\u9047\u5468\u6770\u502b\u7684\u89aa\u621a\uff1f\u5c0f\u5730\u7cbe\u8b93\u57f9\u6839\u62db\u67b6\u4e0d\u4f4f\uff01#\u53cd\u9aa8 #\u8857\u8a2a #wackyboys"
        },
        {
            "id": "VHarLU9msCA",
            "title": "\u8ce3\u516c\u53f8\u6574\u838a\u7238!\u7adf\u906d\u88ab\u6ce2\u591a\u91ce\u6f5b\u898f\u5247!! feat \u6ce2\u591a\u91ce\u7d50\u8863,\u5927\u69fb\u97ff\u2502WACKYBOYS\u2502\u53cd\u9aa8\u7537\u5b69\u2502\u6574\u4eba\u4f01\u5283 @bored_raccoon_kevin @SOON.6669"
        }
    ]
}