{
    "video_info": {
        "id": "eDYXTyXBo44",
        "channelTitle": "\u9ec3\u963f\u746a\u7684\u5f8c\u5bae\u751f\u6d3b",
        "title": "\u4f60\u770b\u8c93\u7684\u89d2\u5ea6VS\u8c93\u770b\u4f60\u7684\u89d2\u5ea6",
        "description": "",
        "likeCount": "13927",
        "commentCount": "267",
        "viewCount": "357683"
    },
    "comments": [
        {
            "reply_id": "Ugy2o6tzsSyFyVQxUU54AaABAg",
            "reply_content": "\u9886\u517b\u4ee3\u66ff\u8d2d\u4e70",
            "likeCount": 1
        },
        {
            "reply_id": "UgzTvBZZe--CMQK4E2l4AaABAg",
            "reply_content": "\u597d\u7b11",
            "likeCount": 0
        },
        {
            "reply_id": "UgxJpFZLoMIPO-KcD9x4AaABAg",
            "reply_content": "\u4e11",
            "likeCount": 0
        },
        {
            "reply_id": "UgyR0AvCj9pPP7kMO354AaABAg",
            "reply_content": "\u63fe\u98df\u8271\u96e3",
            "likeCount": 0
        },
        {
            "reply_id": "UgyKQ_N1uDmevuG76ol4AaABAg",
            "reply_content": "\u96e3\u602a\u8c93\u8c93\u6703\u8eb2\u958b",
            "likeCount": 0
        },
        {
            "reply_id": "UgzkYnSKHfGEHqsinON4AaABAg",
            "reply_content": "\u4ee4\u4eba\u6050\u61fc\u7684\u8996\u89d2",
            "likeCount": 0
        },
        {
            "reply_id": "UgwGFK9GHYNJvVEEfud4AaABAg",
            "reply_content": "\u6211\u7a81\u7136\u61c2\u4e86\u4ec0\u9ebc",
            "likeCount": 0
        },
        {
            "reply_id": "UgwsXGLjyQgOVofqCNN4AaABAg",
            "reply_content": "\u8fdb\u51fb\u5de8\u4eba\u7684\u8138",
            "likeCount": 0
        },
        {
            "reply_id": "UgxEEC90PO6-6zeltk94AaABAg",
            "reply_content": "\u963f\u746a\u592a\u53ef\u611b\u4e86",
            "likeCount": 0
        },
        {
            "reply_id": "Ugy7TVzBhMCIWXdlFN14AaABAg",
            "reply_content": "\u8001\u723a\u6232\u4e2b\u9b1f",
            "likeCount": 0
        },
        {
            "reply_id": "UgwVmk7VUJxyMSIAG3J4AaABAg",
            "reply_content": "\u7325\u893b\u767c\u80b2",
            "likeCount": 0
        },
        {
            "reply_id": "UgxX8GG22rgwlrbtWEZ4AaABAg",
            "reply_content": "\u5641\u5fc3",
            "likeCount": 0
        },
        {
            "reply_id": "UgzbsspMfNluYKf42DV4AaABAg",
            "reply_content": "\u6709\u7661\u6f22",
            "likeCount": 0
        },
        {
            "reply_id": "Ugw0cLxRgLBCbQDh02d4AaABAg",
            "reply_content": "\u756b\u9762\u8a18\u5f97\u8abf\u9ed1\u767d",
            "likeCount": 0
        },
        {
            "reply_id": "UgzGWWNHB8eH_qc7Opd4AaABAg",
            "reply_content": "\u9ad2",
            "likeCount": 0
        },
        {
            "reply_id": "UgyJlE78aoIrZISVX9B4AaABAg",
            "reply_content": "\u771f\u7684",
            "likeCount": 0
        },
        {
            "reply_id": "UgxOasuDXBiwWsxsiRJ4AaABAg",
            "reply_content": "\u4e0d\u8607\u6e56",
            "likeCount": 0
        },
        {
            "reply_id": "UgwgjU7uCzoiYam2kaR4AaABAg",
            "reply_content": "\u5687\u4e86\u4e00\u5c0f\u8df3",
            "likeCount": 0
        },
        {
            "reply_id": "Ugwx0Zb8vTqLKExXIVJ4AaABAg",
            "reply_content": "\u5dee\u4e00\u9ede\u6309\u4e86\u4e0d\u559c\u6b61",
            "likeCount": 0
        },
        {
            "reply_id": "UgymqUVSEhHFhw2QjWF4AaABAg",
            "reply_content": "\u6709\u88ab\u5641\u5230",
            "likeCount": 0
        }
    ]
}