{
    "video_info": {
        "id": "fTecoL_IL2g",
        "channelTitle": "\u9ec3\u963f\u746a\u7684\u5f8c\u5bae\u751f\u6d3b",
        "title": "\u9ad8\u96c4\u5922\u4e4b\u8239\u5feb\u9583\u5e97 \u958b\u59cb\u5566\uff01 11/15\uff5e12/11\u5728\u9ad8\u96c4\u6f22\u795e\u5de8\u86cb8\u6a13",
        "description": "\u9019\u6b21\u5feb\u9583\u5e97\u5167\u5bb9\u5f88\u8c50\u5bcc\uff5e\u73fe\u5834\u9664\u4e86\u6709\u597d\u770b\u597d\u62cd\u7684\u4e3b\u984c\u62cd\u8cbc\n\u6a5f\uff0c\u9084\u6709\u5f8c\u5bae\u593e\u5a03\u5a03\u6a5f\u53ef\u4ee5\u73a9\u5594\u5594\u5594\uff01\n\n\ud83d\udc49\ud83c\udffb\u5feb\u9583\u5e97\u8cc7\u8a0a\ud83d\udc49\ud83c\udffb\n\u25a0\u65e5\u671f\uff1a11/15(\u4e09)\uff5e12/11(\u4e00)\n\u25a0\u5730\u9ede\uff1a\u9ad8\u96c4\u6f22\u795e\u5de8\u86cb8\u6a13\u6d3b\u52d5\u6703\u5834\n\u25a0\u5730\u5740\uff1a\u9ad8\u96c4\u5e02\u5de6\u71df\u5340\u535a\u611b\u4e8c\u8def777\u865f\n\u25a0\u71df\u696d\u6642\u9593\uff1a\n\u9031\u65e5\uff5e\u9031\u56db 11:00~22:00\n\u9031\u4e94\uff5e\u9031\u516d 11:00~22:30\n\n#\u746a\u746a\u5546\u884c\n#\u5922\u4e4b\u8239\u5feb\u9583\u5e97\n#\u6f22\u795e\u5de8\u86cb",
        "likeCount": "516",
        "commentCount": "14",
        "viewCount": "5041"
    },
    "comments": [
        {
            "reply_id": "Ugz99mVrgrqYacY4CD54AaABAg",
            "reply_content": "\u60f3\u53bb",
            "likeCount": 3
        }
    ]
}