{
    "video_info": {
        "id": "i5d5WWIUfDE",
        "channelTitle": "\u9ec3\u963f\u746a\u7684\u5f8c\u5bae\u751f\u6d3b",
        "title": "\u6d63\u8178\u5728\u5ba2\u5ef3\u597d\u50cf\u60f3\u505a\u58de\u4e8b\u22ef\u22ef",
        "description": "\u8a02\u95b1\uff1ahttps://goo.gl/5L8xkV\nIG\uff1afumeancat\nhttps://www.fumeanstore.com\nfumeanaction@gmail.com",
        "likeCount": "2832",
        "commentCount": "100",
        "viewCount": "60584"
    },
    "comments": [
        {
            "reply_id": "UgzWaiI3_XFdB8L4p3J4AaABAg",
            "reply_content": "\u65e5\u5e38\u751f\u6d3b\u5f71\u7247\u8b9a",
            "likeCount": 7
        },
        {
            "reply_id": "UgwX39V5uww8ORVkQvJ4AaABAg",
            "reply_content": "\u5c0f\u82b1\u8b8a\u597d\u80a5",
            "likeCount": 5
        },
        {
            "reply_id": "Ugzcji1PXLuQT4kbS6l4AaABAg",
            "reply_content": "\u8178\u8178\u4e0d\u662f\u6703\u958b\u9580\u55ce",
            "likeCount": 4
        },
        {
            "reply_id": "UgwHbgX2tx6Nla2HEth4AaABAg",
            "reply_content": "\u67da\u624b\u65c1\u89c0",
            "likeCount": 4
        },
        {
            "reply_id": "Ugz0wLHudm3HaWVgTR14AaABAg",
            "reply_content": "\u5e73\u548c\u7684\u5f8c\u5bae\u5f88\u6709\u771f\u5be6\u611f,\u8178\u8178\u5230\u8655\u627e\u8c93\u4e32\u9580\u5b50\u597d\u53ef\u611b",
            "likeCount": 3
        },
        {
            "reply_id": "UgwNDjQywr6yFvg-rGl4AaABAg",
            "reply_content": "\u559c\u6b61\u6700\u8fd1\u9019\u7a2e\u81ea\u7136\u4e0d\u523b\u610f\u7684\u8c93\u54aa\u65e5\u5e38\u751f\u6d3b\u77ed\u5f71\u7247\uff0c\u5f88\u7642\u7652",
            "likeCount": 3
        },
        {
            "reply_id": "Ugw00zmndAbGJ3wyJbl4AaABAg",
            "reply_content": "\u597d\u53ef\u611b",
            "likeCount": 1
        },
        {
            "reply_id": "UgzEUKB5tdj6RYyydfx4AaABAg",
            "reply_content": "\u6d63\u8178\u5225\u5bb3\u7f9e",
            "likeCount": 1
        },
        {
            "reply_id": "Ugz4oOVGoqNiVckKXdt4AaABAg",
            "reply_content": "\u67da\u5b88\u65c1\u89c0",
            "likeCount": 1
        },
        {
            "reply_id": "UgyCrg_wPTBBGDJJabh4AaABAg",
            "reply_content": "\u5c0f\u82b1\u6108\u4f86\u6108\u5927\u4e86",
            "likeCount": 1
        },
        {
            "reply_id": "UgzOzGwu0ziry9_QHs54AaABAg",
            "reply_content": "\u597d\u559c\u6b61\u9019\u7a2e\u985e\u578b\u7684\u5f71\u7247",
            "likeCount": 0
        },
        {
            "reply_id": "UgxTnmFFo8xtlB3UTGR4AaABAg",
            "reply_content": "\u5c0f\u82b1\u597d\u53ef\u611b\u5594",
            "likeCount": 0
        },
        {
            "reply_id": "UgyORboaLD51HvMTkF54AaABAg",
            "reply_content": "\u597d\u5e73\u975c\u4e00\u5929",
            "likeCount": 0
        },
        {
            "reply_id": "Ugyj_WKmVFyBc0l9VbB4AaABAg",
            "reply_content": "\u559c\u6b61\u9019\u7a2e\u65e5\u5e38",
            "likeCount": 0
        }
    ]
}