{
    "video_info": {
        "id": "Jdi4qzYAr3Y",
        "channelTitle": "\u9ec3\u963f\u746a\u7684\u5f8c\u5bae\u751f\u6d3b",
        "title": "\u6c38\u9060\u4e0d\u653e\u68c4\u5403\u7684\u963f\u746a\uff01",
        "description": "\u8a02\u95b1\uff1ahttps://goo.gl/5L8xkV\nIG\uff1afumeancat\nhttps://www.fumeanstore.com\nfumeanaction@gmail.com",
        "likeCount": "7942",
        "commentCount": "353",
        "viewCount": "186094"
    },
    "comments": [
        {
            "reply_id": "UgzZ8U-ZYxoHVfwU47t4AaABAg",
            "reply_content": "\u963f\u746a\u5c31\u9019\u500b\u6642\u5019\u6700\u53ef\u611b\u4e86",
            "likeCount": 1
        },
        {
            "reply_id": "Ugzc4miqUtpY1_chjEF4AaABAg",
            "reply_content": "\u963f\u746a\u597d\u8070\u660e\u7684",
            "likeCount": 1
        },
        {
            "reply_id": "Ugx425uqyW_8KFboUC54AaABAg",
            "reply_content": "\u963f\u746a\u5c31\u662f\u8c93\u751f\u52dd\u5229\u7d44\u7684\u4e00\u54e1",
            "likeCount": 1
        },
        {
            "reply_id": "UgzA4x63Wp8T6fqMOVp4AaABAg",
            "reply_content": "\u662f\u6211\u88ab\u649e\u90a3\u4e00\u4e0b\u5c31\u7834\u623f\u4e86",
            "likeCount": 0
        },
        {
            "reply_id": "Ugw4nBFyQG06nnJzviB4AaABAg",
            "reply_content": "\u963f\u746a\u7684\u9f8d\u9ad4\u5df2\u986f\u798f\u614b",
            "likeCount": 0
        },
        {
            "reply_id": "Ugwd_IlVcU4Oe4qx5sx4AaABAg",
            "reply_content": "\u597d\u53ef\u611b",
            "likeCount": 0
        },
        {
            "reply_id": "Ugz76usG93kgGM2Riud4AaABAg",
            "reply_content": "\u597d\u53ef\u611b\u5594",
            "likeCount": 0
        },
        {
            "reply_id": "UgzYdqE5CW8N6VnBpZh4AaABAg",
            "reply_content": "\u4e09\u6a58\u8a0e\u98df",
            "likeCount": 0
        },
        {
            "reply_id": "UgxCGiaLlkjUEQWeAgV4AaABAg",
            "reply_content": "\u597d\u80d6\u5594",
            "likeCount": 0
        },
        {
            "reply_id": "UgyE_1uFdHphCIaVy1R4AaABAg",
            "reply_content": "\u8d85\u53ef\u611b\u7684",
            "likeCount": 0
        },
        {
            "reply_id": "UgzwFnUA6DODYylcW014AaABAg",
            "reply_content": "\u4f60\u53ef\u4ee5\u7528\u4e00\u9846\u98fc\u6599",
            "likeCount": 0
        },
        {
            "reply_id": "UgwlvlphWzEVcNiRTQB4AaABAg",
            "reply_content": "\u597d\u4e45\u6c92\u770b\u5230\u53e3\u611b\u9ec3\u963f\u746a\u8b8a\u5f97\u597d\u58ef\u78a9",
            "likeCount": 0
        },
        {
            "reply_id": "UgwUlXLnEyvZvr3ssu94AaABAg",
            "reply_content": "\u72f8\u8c93\u7121\u5948\u4f46\u53c8\u88ab\u53ef\u611b\u5230\u800c\u5931\u5b88\u7684\u5634\u89d2\u771f\u662f\u592a\u771f\u5be6\u4e86\ud83d\ude06",
            "likeCount": 83
        },
        {
            "reply_id": "Ugwl3tZPRkbNqFB7XsN4AaABAg",
            "reply_content": "\u963f\u739b\u592a\u7231\u72f8\u732b\uff0c\u6765\u56de\u4e0d\u505c\u7684\u8d70\u55b5\u55b5\u53eb\u4e5f\u592a\u840c\u4e86",
            "likeCount": 2
        },
        {
            "reply_id": "UgwB85xKyjNbc4h0FKt4AaABAg",
            "reply_content": "\u72f8\u8c93\u7684\u96fb\u8166\u684c\u597d\u6703\u9577\u8c93",
            "likeCount": 1
        },
        {
            "reply_id": "UgxhIbijfLuQA828JWl4AaABAg",
            "reply_content": "\u963f\u746a\u5403\u9ede\u5fc3\u7684\u6c7a\u5fc3\u6c92\u8fa6\u6cd5\u62b9\u6ec5",
            "likeCount": 1
        },
        {
            "reply_id": "UgxRchtQMqy86r2bJaR4AaABAg",
            "reply_content": "\u8ddf\u6211\u5bb6\u9732\u9732\u4f9d\u6a23",
            "likeCount": 0
        },
        {
            "reply_id": "UgyjYNY5MfAzsXAScSV4AaABAg",
            "reply_content": "\u963f\u746a\u771f\u662f\u592a\u53ef\u611b\u4e86",
            "likeCount": 0
        },
        {
            "reply_id": "Ugw4AlUj-BYMA2OEPgN4AaABAg",
            "reply_content": "\u8cf4\u76ae\u963f\u746a\u771f\u7684\u8d85\u53ef\u611b",
            "likeCount": 0
        },
        {
            "reply_id": "Ugy3ek2ya5oQYJCAsoJ4AaABAg",
            "reply_content": "\u771f\u7684\u6703\u88ab\u4e00\u76f4\u8d70\u56de\u4f86\u878d\u5316",
            "likeCount": 0
        }
    ]
}