{
    "video_info": {
        "id": "OvIMZFxoh50",
        "channelTitle": "\u9ec3\u963f\u746a\u7684\u5f8c\u5bae\u751f\u6d3b",
        "title": "\u795e\u51fa\u9b3c\u6c92\u22ef\u842c\u8056\u7bc0\u5feb\u6a02\ud83c\udf83",
        "description": "",
        "likeCount": "3539",
        "commentCount": "75",
        "viewCount": "37696"
    },
    "comments": [
        {
            "reply_id": "UgxbCzIdyG0GDsxm1bh4AaABAg",
            "reply_content": "\u795d\u5927\u5bb6\u842c\u8056\u7bc0\u5feb\u6a02",
            "likeCount": 19
        },
        {
            "reply_id": "Ugynk3l1ir14fV94aAl4AaABAg",
            "reply_content": "\u795d\u5927\u5bb6\u8056\u8a95\u7bc0\u5feb\u6a02",
            "likeCount": 2
        },
        {
            "reply_id": "UgxvgggeK2OmG0RChp54AaABAg",
            "reply_content": "\u597d\u9069\u5408\u597d\u53ef\u611b",
            "likeCount": 0
        },
        {
            "reply_id": "UgxEJ7KVaD0E-59ba4h4AaABAg",
            "reply_content": "\u7121\u9650\u5faa\u74b0",
            "likeCount": 0
        },
        {
            "reply_id": "Ugz6x1pl5Jg2XmHH5o94AaABAg",
            "reply_content": "\u771f\u597d\u622a\u5716",
            "likeCount": 0
        },
        {
            "reply_id": "Ugz-j1hZ_qsezISvb_x4AaABAg",
            "reply_content": "\u8d85\u53ef\u611b\u7684\u5566",
            "likeCount": 0
        },
        {
            "reply_id": "UgysKt0QOJX_4Dx_fE54AaABAg",
            "reply_content": "\u795d\u5f8c\u5bae\u842c\u8056\u7bc0\u5feb\u6a02",
            "likeCount": 0
        }
    ]
}