{
    "video_info": {
        "id": "pTf8S9nOYEY",
        "channelTitle": "\u9ec3\u963f\u746a\u7684\u5f8c\u5bae\u751f\u6d3b",
        "title": "\u4f60\u807d\u904e\u8c93\u54aa\u6253\u547c\u55ce\uff1f",
        "description": "",
        "likeCount": "9807",
        "commentCount": "155",
        "viewCount": "111463"
    },
    "comments": [
        {
            "reply_id": "UgzgSVycf84habTSZZV4AaABAg",
            "reply_content": "\u6211\u6709\u807d\u904e\u7d05\u8cb4\u8cd3\u7684\u8001\u72d7\u6253\u547c\u9084\u6703\u628a\u81ea\u5df1\u7d66\u5687\u9192",
            "likeCount": 2
        },
        {
            "reply_id": "UgxJB4QJKdOgXdFkrLt4AaABAg",
            "reply_content": "\u6211\u5bb6\u8c93\u54aa\u5929\u5929\u6253\u547c",
            "likeCount": 1
        },
        {
            "reply_id": "UgxnmZUkZxMCIRuD8eR4AaABAg",
            "reply_content": "\u6211\u5929\u5929\u90fd\u807d\u5230\u6211\u5bb6\u8cb4\u5983\u6253\u547c",
            "likeCount": 1
        },
        {
            "reply_id": "Ugw-bxKPIyMqy58qCmR4AaABAg",
            "reply_content": "\u6211\u5bb6\u9ed1\u8c93\u7c73\u6b50\u4e5f\u6703\u6253\u547c\u6211\u600e\u6c92\u611f\u89ba",
            "likeCount": 1
        },
        {
            "reply_id": "Ugyfbd7B2-EYAh7YSCl4AaABAg",
            "reply_content": "\u597d\u4eba\u4e00\u751f\u597d\u5831",
            "likeCount": 1
        },
        {
            "reply_id": "Ugz8AxJCDXqJZg9epg14AaABAg",
            "reply_content": "\u542c\u5230\u6211\u7684\u4f1a\u5931\u7720\u4e00\u6574\u591c",
            "likeCount": 0
        },
        {
            "reply_id": "UgzyW5bEAKur6Y9MnwZ4AaABAg",
            "reply_content": "\u6211\u5bb6\u7684\u8c93\u90fd\u662f\u547c\u5695\u8072",
            "likeCount": 0
        },
        {
            "reply_id": "UgypiLmXRJiK4iEyBt94AaABAg",
            "reply_content": "\u914d\u97f3\u662f\u72f8\u8c93",
            "likeCount": 0
        },
        {
            "reply_id": "Ugz5TY6SFi60h9GlyV54AaABAg",
            "reply_content": "\u8fd9\u547c\u565c\u58f0\u7adf\u7136\u6bd4\u8001\u516c\u7684\u8fd8\u597d\u542c",
            "likeCount": 0
        },
        {
            "reply_id": "UgwqQkfdBI3JLV2zi_14AaABAg",
            "reply_content": "\u5999\u554a",
            "likeCount": 0
        },
        {
            "reply_id": "UgwVAlFOxvUD9Fc6zxp4AaABAg",
            "reply_content": "\u9f3b\u585e\u4e86",
            "likeCount": 0
        },
        {
            "reply_id": "UgxuLckqk7fnVfQivot4AaABAg",
            "reply_content": "\u597d\u5435",
            "likeCount": 0
        },
        {
            "reply_id": "UgxdP_egTxDsNvzArTR4AaABAg",
            "reply_content": "\u9084\u6709\u5614\u5410\u8072",
            "likeCount": 0
        },
        {
            "reply_id": "Ugx-DUqMpIsLwKqbI9F4AaABAg",
            "reply_content": "\u807d\u904e\u597d\u5e7e\u6b21",
            "likeCount": 0
        },
        {
            "reply_id": "UgzKvgJSxzAfL4k32qV4AaABAg",
            "reply_content": "\u53ef\u611b\u5c0f\u732b\u54aa",
            "likeCount": 0
        },
        {
            "reply_id": "UgxB0_FXQFEDUoDkoZt4AaABAg",
            "reply_content": "\u592a\u5e78\u904b\u4e86",
            "likeCount": 0
        },
        {
            "reply_id": "UgzZq86I8rmRyCsNS1t4AaABAg",
            "reply_content": "\u9019\u8072\u97f3\u6211\u4ee5\u70ba\u662f\u6211\u5abd\u5728\u6253\u547c",
            "likeCount": 0
        },
        {
            "reply_id": "UgwI1d033r4GIXnXlbZ4AaABAg",
            "reply_content": "\u597d\u53ef\u611b",
            "likeCount": 0
        },
        {
            "reply_id": "UgyFk48eko7yyXHns7d4AaABAg",
            "reply_content": "\u592a\u53ef\u611b\u4e86",
            "likeCount": 10
        },
        {
            "reply_id": "Ugy0-7ATcoVtdCy0v4t4AaABAg",
            "reply_content": "\u597d\u5947\u5999\u7684\u6253\u547c\u8072",
            "likeCount": 4
        }
    ]
}