{
    "video_info": {
        "id": "uC-QQnSdOHI",
        "channelTitle": "\u9ec3\u963f\u746a\u7684\u5f8c\u5bae\u751f\u6d3b",
        "title": "\u7576\u5974\u624d\u6700\u5e78\u798f\u7684\u6642\u523b",
        "description": "",
        "likeCount": "4627",
        "commentCount": "44",
        "viewCount": "58696"
    },
    "comments": [
        {
            "reply_id": "Ugz6NVmjXaEDroY8OfJ4AaABAg",
            "reply_content": "\u53ef\u611b",
            "likeCount": 6
        },
        {
            "reply_id": "UgxnIsRVvuNGY0OeKM14AaABAg",
            "reply_content": "\u5a18\u5a18\u597d\u7f8e",
            "likeCount": 2
        },
        {
            "reply_id": "Ugw1-0XjHQdgim0OCGh4AaABAg",
            "reply_content": "\u4f60\u7684\u68c9\u88ab\u597d\u6709\u8056\u8a95\u7bc0\u6c23\u6c1b",
            "likeCount": 2
        },
        {
            "reply_id": "Ugzsr-RDjAGo0nIy5T14AaABAg",
            "reply_content": "\u6709\u5c0f\u732b\u771f\u5e78\u798f",
            "likeCount": 1
        },
        {
            "reply_id": "Ugz5Cqlm2fVmygdm8vl4AaABAg",
            "reply_content": "\u5169\u96bb\u80d6\u5b50\u90fd\u597d\u53ef\u611b",
            "likeCount": 1
        },
        {
            "reply_id": "UgzE0GPfafCXKHcGrMh4AaABAg",
            "reply_content": "\u4ed6\u5011\u771f\u53e3\u611b",
            "likeCount": 1
        }
    ]
}