{
    "channel": {
        "title": "Howwork X \u516d\u6307\u6df5",
        "id": "UC7ia-A8gma8qcdC6GDcjwsQ",
        "customUrl": "@huber0203",
        "uploads": "UU7ia-A8gma8qcdC6GDcjwsQ"
    },
    "videos": [
        {
            "id": "x7yzyDQmfpg",
            "title": "\u89c0\u773e\u60f3\u770b66\u628a\u81ea\u5df1\u58d3\u6241"
        },
        {
            "id": "kYSMkAFqbQw",
            "title": "\u9084\u60f3\u770b\u4ec0\u9ebc\u7279\u6548\u7559\u8a00\u8a31\u9858\uff01 \u60f3\u770b66\u2026"
        },
        {
            "id": "CRx_GomNnOE",
            "title": "\u70ba\u4e86\u5348\u9910\u8ddf\u8001\u95c6\u6253\u67b6\uff01"
        },
        {
            "id": "O5sgmz4g_bE",
            "title": "\u9a19\u8001\u95c6\u5538\u5492\u8a9e\u653e\u6211\u4e0b\u73ed\uff01"
        },
        {
            "id": "gcMuwyF2jqs",
            "title": "EP02\u8ddf\u7279\u6548\u5e2b\u670b\u53cb\u7d04\u6703\u662f\u4ec0\u9ebc\u9ad4\u9a57\uff1f\u5077\u5077\u505a\u7279\u6548\u6703\u88ab\u767c\u73fe\u55ce\uff1f"
        },
        {
            "id": "_mZO4F5MeTA",
            "title": "\u54e1\u5de5\u5982\u679c\u76e3\u8996\u8001\u95c6\u7684\u4e00\u8209\u4e00\u52d5\u662f\u4e0d\u662f\u5c31\u80fd\u5077\u61f6\u4e86\uff1f"
        },
        {
            "id": "3iKAlJdEVZg",
            "title": "\u8cb7\u5496\u5561\u53ef\u4ee5\u5077\u5230\u591a\u5c11\u4e0a\u73ed\u6642\u9593\uff1f"
        },
        {
            "id": "WxQAPNB8fJs",
            "title": "\u4f60\u662f\u6211\u5011\u8981\u627e\u7684\u4eba\u55ce\uff1f \u5feb\u4f86\u5831\u540d\uff01 https://nschool.tw/digital"
        },
        {
            "id": "EscChFd1Fwk",
            "title": "\u53f0\u7063\u4e5f\u6709\u5de8\u578b\u6295\u5f71\u7403\uff01\u6211\u628a\u7c89\u7d72\u7684\u9858\u671b\u6295\u5f71\u5728\u4e0a\u9762\u4e86\uff01\u3010\u516d\u6307\u6df5 Huber\u3011"
        },
        {
            "id": "packeFUqNcE",
            "title": "\u7559\u8a00A\u3001B\u8ab0\u8d0f\u4e86\uff01"
        },
        {
            "id": "0979fv_Jh0c",
            "title": "Add Sell option! What next? Comment below \ud83d\udc47"
        },
        {
            "id": "9z1jf_aoMy0",
            "title": "2.5\u689d\u609f\u662f\u600e\u9ebc\u4f86\u7684\uff1f"
        },
        {
            "id": "InVw8CeHn5Y",
            "title": "Doraemon\u2018s Magnifying Lamp #vfx"
        },
        {
            "id": "D628VrPbBJo",
            "title": "The laws of physics"
        },
        {
            "id": "_J-ioDxJV1U",
            "title": "Unboxing Conan\u2018s watch."
        },
        {
            "id": "jpZwKh-PhXw",
            "title": "How to become rich #vfx #money"
        },
        {
            "id": "CmH7fAIvSNo",
            "title": "\u591a\u5c11\u9322\u9858\u610f\u653e\u68c4\u4f60\u73fe\u5728\u7684\u5de5\u4f5c\uff1f"
        },
        {
            "id": "MG8wXf00loE",
            "title": "\u6559\u4f60\u5982\u4f55\u8df3\u7206\u7d05\u7684\u6ed1\u6b65\u821e\uff01#slipback #slickback"
        },
        {
            "id": "pWrusqJs6M8",
            "title": "\u8ddf\u7279\u6548\u5e2b\u670b\u53cb\u7d04\u6703\u662f\u4ec0\u9ebc\u9ad4\u9a57\uff1f\u5077\u5077\u505a\u7279\u6548\u6703\u88ab\u767c\u73fe\u55ce\uff1f EP01 feat. @estherlan777"
        },
        {
            "id": "pXPBYeEHGH0",
            "title": "\u983b\u9053\u66fe\u8667\u640d 300 \u842c\u8d77\u6b7b\u56de\u751f\u7684\u5275\u696d\u6545\u4e8b\uff01\u6182\u9b31\u75c7\u4e0d\u6562\u8b1b\u3010\u516d\u6307\u6df5 Huber\u3011"
        },
        {
            "id": "GTTKb1Flg_M",
            "title": "\u73fe\u4ee3\u554f\u984c\u8981\u7528\u73fe\u4ee3\u65b9\u6cd5\u89e3\u6c7a"
        },
        {
            "id": "SP3TPg3G6Fw",
            "title": "\u7576\u4f60\u559c\u6b61\u7684\u4eba\u4e0d\u559c\u6b61\u4f60\u6642"
        },
        {
            "id": "wKPK_TM9nWY",
            "title": "\u5730\u7344\u8fa6\u516c\u5ba4\uff01\u5931\u696dor\u5347\u9077\uff1f"
        },
        {
            "id": "UC2_QNWkGWU",
            "title": "\u5404\u5927YouTuber\u6700\u9ad8\u82b1\u591a\u5c11\u9322\u62cd\u7247\uff01\uff1f"
        },
        {
            "id": "lmM7i7PDpbE",
            "title": "\u60e1\u6574\u8001\u95c6\uff01\u591a\u5c11\u9322\u9858\u610f\u63a5\u540c\u5fd7\u4ea4\u53cb\u8edf\u9ad4\u696d\u914d\uff01? EP02\u3010\u516d\u6307\u6df5 Huber\u3011"
        },
        {
            "id": "EWgoZgap-Qg",
            "title": "This is how Taiwanese people make bubble tea!#halloween"
        },
        {
            "id": "nsSpXC3Pl2M",
            "title": "\u516d\u6307\u6df5\u6709\u8fa6\u6cd5\u7528 AE \u62ef\u6551\u6559\u80b2\u90e8\u88ab\u708e\u4e0a\u7684\u5f71\u7247\u55ce? #\u5c11\u5b50\u5316 #\u570b\u5bb6\u4e00\u8d77\u990a\u3010\u516d\u6307\u6df5 Huber\u3011"
        },
        {
            "id": "DOanINUutb0",
            "title": "\u8eab\u70ba\u79d1\u6280\u5b85 \u9023\u99ac\u6876\u90fd\u80fd\u81ea\u5df1\u601d\u8003 \u662f\u5fc5\u9808\u7684\u5427\uff01"
        },
        {
            "id": "UYTb-WHFm28",
            "title": "\u4f86\u554f\u554f\u5404\u5927YTber\u6700\u65e9\u62cd\u651d\u8a2d\u5099\u8ddf\u73fe\u5728\u5404\u662f\u4ec0\u9ebc\uff1f"
        },
        {
            "id": "veEGMUd_-zo",
            "title": "\u516c\u958bYouTuber\u526a\u8f2f\u5e2b\u85aa\u6c34\u6392\u884c\uff01"
        },
        {
            "id": "MYGVYrYjxUo",
            "title": "\u6559\u5927\u5bb6\u5982\u4f55\u4e0a\u73ed\u88dd\u5fd9 \u7576\u85aa\u6c34\u5c0f\u5077\uff01"
        },
        {
            "id": "YDchgZDkJFM",
            "title": "\u5927\u5496\u6cb9\u571f\u4f2f\u771f\u7684\u90fd\u8dd1\u4f86\u62cd\u77ed\u5f71\u97f3\u4e86\u55ce\uff1f"
        },
        {
            "id": "Uf3p8TzMsGI",
            "title": "\u6700\u597d\u7684\u5144\u5f1f\u5c31\u662f\u5728\u4f60\u6700\u9700\u8981\u7684\u6642\u5019\u505a\u4f60\u7684\u5973\u4eba\uff01"
        },
        {
            "id": "3Ik3-qqTxP8",
            "title": "\u7cdf\u4e86 \u54c1\u7a0b\u9047\u5230\u5a5a\u59fb\u5371\u6a5f\uff01"
        },
        {
            "id": "L0V101ABnEY",
            "title": "\u8d85\u6065\u628a\u8f09\u5177\u5370\u5728\u978b\u5b50\u4e0a\uff01\u7d50\u679c\u5e97\u54e1\u8aaa\u6211\u5f88...\u3010\u516d\u6307\u6df5 Huber\u3011"
        },
        {
            "id": "S4qea_or1JA",
            "title": "That\u2019s probably why Netflix don\u2019t add Usopp\u2019s long nose\ud83e\udd25 #netflix #onepiece"
        },
        {
            "id": "ifPh4jnwm1c",
            "title": "\u54fc\uff01\u8001\u95c6\u4f60\u61c2\u8f49\u5834\u55ce\uff1f"
        },
        {
            "id": "riWRpYAAi_U",
            "title": "\u6211\u4e00\u76f4\u5728\u7169\u60f1\u5982\u679c\u6211\u505a\u7279\u6548\u9019\u884c\u5931\u696d\u4e86\u600e\u9ebc\u8fa6\ud83d\ude28"
        },
        {
            "id": "aOaYmXqaHaI",
            "title": "\u5982\u679c\u6211\u7576\u91ab\u751f\u6703\u9047\u5230\u54ea\u4e9b\u8352\u8b2c\u4e8b\uff1f"
        },
        {
            "id": "_g88B6TO7jo",
            "title": "\u7576\u5197\u54e1\u9047\u4e0a\u6163\u8001\u95c6 \u98b1\u98a8\u5047\u653e\u7684\u4e86\u55ce\ud83e\udd2f"
        },
        {
            "id": "RXa4OQ9MIwc",
            "title": "#\u6709\u9019\u6a23\u7684\u54e1\u5de5\u4f60\u5e7e\u9ede\u958b\u9664\u7cfb\u5217 EP03"
        },
        {
            "id": "31D9nNqzWp0",
            "title": "I fixed the eyes\u2019 position from spiderman!"
        },
        {
            "id": "tbaqWojkPyo",
            "title": "\u60b2\u5287\u8981\u767c\u751f \u8eb2\u4e5f\u8eb2\u4e0d\u4e86"
        },
        {
            "id": "5RBVwOW-jEE",
            "title": "I cracked the magic from Zach\uff01@ZachKing  #vfx"
        },
        {
            "id": "DZMG6WyS66o",
            "title": "\u8b8a\u6210\u751f\u5316\u4eba\u7684\u54c1\u7a0b\u3010\u516d\u6307\u6df5 Huber\u3011"
        },
        {
            "id": "0mU2u5_wI5A",
            "title": "I fixed the iPhone 15 official trailer ! #iphone15 #apple"
        },
        {
            "id": "4Gt5aHhE1jw",
            "title": "iPhone15 \u5ee3\u544a\u4e5f\u51fa\u5305 ? \u52d5\u614b\u5cf6\u907a\u5931\uff01\u6211\u7528 AE \u7c97\u66b4\u4fee\u5fa9\uff01\u3010\u516d\u6307\u6df5 Huber\u3011"
        },
        {
            "id": "8e0mRHJEOog",
            "title": "I remade giant dumbbel from one piece!"
        },
        {
            "id": "jUe4Wp6sAus",
            "title": "\u6211\u7372\u5f97\u4e86\u4e00\u9846\u80fd\u64cd\u63a7\u8def\u4eba\u547d\u904b\u7684\u9ab0\u5b50\uff01\uff1f\u3010\u516d\u6307\u6df5 Huber\u3011"
        },
        {
            "id": "ABwKs_8wnZw",
            "title": "\u516c\u958b\u5225\u4eba\u624b\u6a5f\u7684\u79d8\u5bc6\ud83e\udd2b"
        },
        {
            "id": "nWqZ9kgswMM",
            "title": "\u9ede\u8b9a\u6536\u85cf\u5206\u4eab\u7d66\u8eab\u908a\u9700\u8981\u7684\u670b\u53cb"
        },
        {
            "id": "z4tGDZOxAAw",
            "title": "I Fixed Zoro's Broken Sword !  #netflix #One Piece"
        },
        {
            "id": "MSmOuf3_3sM",
            "title": "\u6211\u7528 AE \u4fee\u5fa9\u4e86 Netflix \u822a\u6d77\u738b\u771f\u4eba\u7248\u7d22\u9686\u7a7f\u5e6b\u7684\u65b7\u5200\u3010\u516d\u6307\u6df5 Huber\u3011"
        },
        {
            "id": "tw9mHg7iiPk",
            "title": "\u6211\u628a\u881f\u7b46\u5c0f\u65b0\u88e1\u6240\u6709\u89d2\u8272\u90fd\u8f49\u6210\u771f\u4eba\u7248\u4e86\uff01\u5c45\u7136\u9577\u9019\u6a23\uff01\uff01AI\u64ec\u771f @three_muggles  \u3010\u516d\u6307\u6df5 Huber\u3011"
        },
        {
            "id": "-DgdBBjG6Lg",
            "title": "[\u5e55\u5f8c\u82b1\u7d6e\uff3d\u7206\u6539\u7d93\u5178\u8ff7\u56e0\u8c46\u82b130\u584a"
        },
        {
            "id": "4lDE85L_sAI",
            "title": "\u6559\u5927\u5bb6\u5982\u4f55\u50b3\u5f71\u7247\u7d66\u670b\u53cb"
        },
        {
            "id": "XAxHPdRiBuo",
            "title": "POV : \u7576\u4f60\u559c\u6b61\u7684\u4eba\u4e0d\u559c\u6b61\u4f60\u6642"
        },
        {
            "id": "MRcpOXLm8Ww",
            "title": "\u5c45\u7136\u6709\u800d\u5927\u724cYTber\uff01\u6253\u5305\u780d\u50f9\u4e4b\u8853\uff1f\u62d6\u6b3e\u4e09\u5e74\u4e0d\u6015\u544a\uff01 ft.\u80a5\u80a5 \u526a\u8f2f\u5e2b\u9b3c\u6545\u4e8b \u3010\u516d\u6307\u6df5 Huber\u3011"
        },
        {
            "id": "l7-SGmyT7QY",
            "title": "\u958b\u7bb1\u53f0\u5317\u5169\u5343\u842c\u65b0\u5bb6\uff01\u9ad8\u79d1\u6280\u65e5\u5f0f\u667a\u80fd\u5b85\uff01\u300c\u9019\u5340\u300d\u8d85\u8272\uff01\u3010\u516d\u6307\u6df5 Huber\u3011"
        },
        {
            "id": "jiG2aB3kKOs",
            "title": "\u807d\u8aaa\u624b\u6307\u6708\u4eae\u6703\u88ab\u5272\u8033\u6735?"
        },
        {
            "id": "mg71-vMSTMU",
            "title": "\u6211\u773c\u775b\u90fd\u4e0d\u6562\u9589\u8d77\u4f86"
        },
        {
            "id": "HB-fVacaw4g",
            "title": "\u6b66\u5668\u4e0d\u4e00\u5b9a\u8981\u6700\u5f37\uff0c\u4f46\u4e00\u5b9a\u8981\u6700\u597d\u559d\u7684\u3002\u7559\u8a00\u8a31\u9858\u60f3\u8981\u4ec0\u9ebc\u751f\u6d3b\u7528\u54c1\u8b8a\u6b66\u5668"
        },
        {
            "id": "nSyPYVRbmuA",
            "title": "\u5206\u4eab\u7d66\u4f60\u611b\u9072\u5230\u7684\u670b\u53cb"
        },
        {
            "id": "Dq7rz-PXrH4",
            "title": "\u5982\u679c\u5341\u516d\u8336\u662f\u6b66\u5668\uff1f"
        },
        {
            "id": "4EfUOhvTFyE",
            "title": "\u6c92\u60f3\u5230\u6703\u8b8a\u9019\u6a23\ud83e\udd2f"
        },
        {
            "id": "ndT-NuLOQ2g",
            "title": "\u5be6\u6e2c\u6dcb\u6a5f\u6cb9\u5728\u9ea5\u7576\u52de\u9b06\u9905\u4e0a\uff01\u5c31\u80fd\u9084\u539f\u6d6e\u8a87\u5ee3\u544a\uff1f\u3010\u516d\u6307\u6df5 Huber\u3011"
        },
        {
            "id": "zOt9gXfNNhY",
            "title": "\u60e1\u6574\u8001\u95c6\uff01\u6210\u70baGAY\u7684\u4e00\u5929\uff01\u3010\u516d\u6307\u6df5 Huber\u3011"
        },
        {
            "id": "c1c9atb6V4o",
            "title": "\u8aa4\u6703\u5927\u4e86"
        },
        {
            "id": "Dgv0_V_ZG2k",
            "title": "\u9023\u795e\u660e\u90fd\u770b\u4e0d\u8d77\u4f60\u6642"
        },
        {
            "id": "SvJM3BIgdI4",
            "title": "\u9019\u6b21\u80fd\u6210\u529f\u62ef\u6551\u963f\u5317\u55ce\uff1f"
        },
        {
            "id": "D6hwCH7ThBM",
            "title": "\u6211\u7528 AE \u7206\u6539\u4e86\u7d93\u5178\u8ff7\u56e0\u300c\u51fa\u4e8b\u4e86\u963f\u5317\uff01\u300d\u771f\u7684\u96e3\u6551...\u3010\u516d\u6307\u6df5 Huber\u3011"
        },
        {
            "id": "BOR0EyjBsUU",
            "title": "\u6211\u88ab\u90aa\u6559\u8a50\u9a1920\u842c\uff01\u5927\u81bd\u5077\u62cd\u90aa\u6559\u73fe\u5834\uff0c\u6c92\u60f3\u5230\u6709\u66f4\u591a\u672a\u89e3\u4e4b\u8b0e\u3010\u516d\u6307\u6df5 Huber\u3011"
        },
        {
            "id": "I4vxFYI2Mrc",
            "title": "\u6211\u4e0d\u6562\u76f8\u4fe1\u6211\u7684\u773c\u775b\ud83d\udc41\ufe0f"
        },
        {
            "id": "DanHM6QihMY",
            "title": "\u5982\u679c\u4f60\u60f3\u8981\u8b8a\u6210\u80af\u5c3c\u6216\u82ad\u6bd4"
        },
        {
            "id": "V6WkMGUP3EM",
            "title": "\u8d85\u8d8a\u570b\u5916"
        },
        {
            "id": "SrDtjscR8tk",
            "title": "\u6211\u7528 AE \u7206\u6539\u4e86\u7d93\u5178\u8ff7\u56e0\u300c\u6211\u7684\u8c46\u82b130\u584a\u300d! \u72e0\u906d\u59b9\u5b50\u62d2\u7d55...\u3010\u516d\u6307\u6df5 Huber\u3011"
        },
        {
            "id": "KSDfsusTzIg",
            "title": "\u6211\u7528AE\u7206\u6539\u4e86\u7d93\u5178\u8ff7\u56e0\u300c\u6211\u7684\u8c46\u82b130\u584a\u300d\u59b9\u5b50\u4e0d\u9818\u60c5\u2026"
        },
        {
            "id": "-oRDfW5GyiY",
            "title": "\u6211\u54e1\u5de5\u662f\u4e0d\u662f\u6709\u9ede\u554f\u984c\uff1f\u8a72\u958b\u9664\u55ce\uff1f"
        },
        {
            "id": "DZ-oJKu4anE",
            "title": "\u5f88\u5e38\u6709\u4eba\u554f\u6211\u90fd\u662f\u4ec0\u9ebc\u74b0\u5883\u526a\u7247\u7684\uff0c\u7576\u7136\u662f\u8d70\u5230\u54ea\u526a\u5230\u54ea\uff5e#premiere #setup"
        },
        {
            "id": "cvrYCKVcee0",
            "title": "\u6211\u7528 AE \u7206\u6539\u4e86\u7d93\u5178\u8ff7\u56e0\u300cYO! BATTLE\u300d\u7d50\u5c40\u4e5f\u5927\u7206\u6539\uff01...\u3010\u516d\u6307\u6df5 Huber\u3011"
        },
        {
            "id": "rNH05fGW-xk",
            "title": "\u6709\u9019\u6a23\u7684\u54e1\u5de5 \u4f60\u5e7e\u9ede\u958b\u9664\uff1f"
        },
        {
            "id": "BVdTdRTDvDg",
            "title": "\u6b63\u78ba\u65b9\u5f0f\u6d88\u9664\u516d\u516d\u7684\u5473\u9053\uff08\u512a\u683c\uff09\u3010\u516d\u6307\u6df5 Huber\u3011"
        },
        {
            "id": "IM71z9EmANM",
            "title": "\u8d85\u72c2\u7279\u6548\u5c0f\u54e5\u7528AE\u7206\u6539\u4e86\u7d93\u5178\u8ff7\u56e0\u300cYO ! BATTLE\u300d\u3010\u516d\u6307\u6df5 Huber\u3011"
        },
        {
            "id": "nbhf7W1c3y8",
            "title": "\u5982\u679c\u628a\u8718\u86db\u4eba\u96fb\u5f71\u7684\u7279\u6548\u756b\u9762\u9084\u539f\uff1f\u3010\u516d\u6307\u6df5 Huber\u3011"
        },
        {
            "id": "pRqjERERF_A",
            "title": "\u6e05\u7a7a\u8001\u95c6\u5c55\u793a\u6ac3\u7684\u5fc3\u611b\u516c\u4ed4\uff01\u5230\u5e95\u8981\u591a\u4e45\u624d\u6703\u767c\u73fe\uff1f\u3010\u516d\u6307\u6df5 Huber\u3011"
        },
        {
            "id": "3kkO-d9wipk",
            "title": "\u6211\u7528AE\u7206\u6539\u4e86\u7d93\u5178\u8ff7\u56e0\u300c\u52fe\u5317\u52fe\u5317\u300d\uff01\u7d50\u679c\u7d50\u5c40\u66f4\u6158\uff01(\u7528\u751f\u547d\u62cd\u82f1\u6587\u5831\u544a)\u3010\u516d\u6307\u6df5 Huber\u3011"
        },
        {
            "id": "U3AzJh1CrVU",
            "title": "\u6211\u7528AE\u7206\u6539\u4e86\u7d93\u5178\u8ff7\u56e0\u300c\u52fe\u5317\u52fe\u5317\u300d\u4e00\u5b9a\u8981\u770b\u5230\u6700\u5f8c\uff01 #\u7279\u6548 #ae #vfx #\u7528\u751f\u547d\u62cd\u82f1\u6587\u5831\u544a"
        },
        {
            "id": "ptIdTodMTVg",
            "title": "\u7576\u4f60\u7684\u4e3b\u4eba\u6703\u7279\u6548\u662f\u4ec0\u9ebc\u9ad4\u9a57?"
        },
        {
            "id": "5wD8Hism9Vs",
            "title": "\u6700\u5f37\u5927\u7684\u5275\u4f5c\u8005\u9375\u76e4\uff01\u89e3\u653e\u4f60\u7684\u5275\u4f5c\u9b42\uff01\u73fe\u5728\u9084\u6709\u65e9\u9ce5\u512a\u60e0\u300c64\u6298\u300d\uff01\u5feb\u9ede\u64ca\u53f3\u4e0a\u65b9\u8aaa\u660e\u6b04\u770b\u770b\u5427\uff01\u3010\u516d\u6307\u6df5Huber\u3011"
        },
        {
            "id": "TvSRQDjfudk",
            "title": "\u60e1\u6574\u54e1\u5de5\u8b93\u7246\u58c1\u760b\u72c2\u5167\u7e2e\uff01\u6703\u5687\u5c3f\u55ce\uff01\uff1f\u3010\u516d\u6307\u6df5 Huber\u3011"
        },
        {
            "id": "agOuuJh2u84",
            "title": "\u5982\u679c\u4f60\u6709\u9918\u6599\u5efa\u9020\u7684\u80fd\u529b\uff0c\u4f60\u6703\u60f3\u505a\u4ec0\u9ebc\uff1f\u3010\u516d\u6307\u6df5 Huber\u3011"
        },
        {
            "id": "_q_Kr3pUuaE",
            "title": "\u85a9\u723e\u9054\u771f\u4eba\u7248\uff01\u7576\u7279\u6548\u5e2b\u6c89\u8ff7\u904a\u6232\u73a9\u5230\u58de\u6389\u6642\uff1f\u3010\u516d\u6307\u6df5 Huber\u3011"
        },
        {
            "id": "w0odHR8rGPg",
            "title": "\u9019\u5f35\u6c99\u767c\u771f\u7684\u592a\u53ef\u6015\u4e86\uff01\u3010\u516d\u6307\u6df5 Huber\u3011"
        },
        {
            "id": "1d3ECRSUXlg",
            "title": "\u6211\u628a\u7f8e\u5c11\u5973\u6230\u58eb\u88e1\u6240\u6709\u89d2\u8272\u90fd\u8f49\u6210\u771f\u4eba\u7248\u4e86\uff01\u5c45\u7136\u9577\u9019\u6a23\uff01\uff01AI\u64ec\u771f @ironbulltingting \u3010\u516d\u6307\u6df5 Huber\u3011"
        },
        {
            "id": "EBOcN5HIFIY",
            "title": "\u5317\u90e8\u7cbd\u548c\u5357\u90e8\u7cbd\u54ea\u500b\u597d\u5403\uff1f\u6211\u500b\u4eba\u504f\u597d\u4e2d\u90e8\u7cbd\u3010\u516d\u6307\u6df5 Huber\u3011"
        },
        {
            "id": "FgIGDhoCIWA",
            "title": "\u7aef\u5348\u7bc0\u9023\u5047\u5927\u5bb6\u90fd\u53bb\u54ea\u73a9\uff1f\u6211\u82b1\u4e86\u4e00\u9ede\u9ede\u6642\u9593\u5728\u7acb\u86cb...\u3010\u516d\u6307\u6df5 Huber\u3011"
        },
        {
            "id": "meg0w--YNJI",
            "title": "\u6311\u6230\u9084\u539f\u7ae5\u5e74\u7121\u5398\u982d\u723d\u7247\u300c\u7279\u52e4\u6c99\u9f8d\u300d\u7279\u6548\uff01\u3010\u516d\u6307\u6df5 Huber\u3011"
        },
        {
            "id": "YhgVmSKt2-E",
            "title": "\u63ed\u958b\u5e55\u5f8c\uff01\u516d\u516d\u7206\u809d\u56db\u5929\u4e0d\u7761\u7206\u6539\u6770\u54e5\u4e0d\u8981\uff01\u3010\u516d\u6307\u6df5 Huber\u3011"
        },
        {
            "id": "0MVW33cIErM",
            "title": "\u62f3\u4e0a\u6230\u722d\u4e8b\u524d\u8a13\u7df4\uff1f\u6230\u9b25\u5f8c\u54c1\u7a0b\u7adf\u5012\u5730\u4e0d\u8d77\uff1f\u3010\u516d\u6307\u6df5 Huber\u3011"
        },
        {
            "id": "OZh9KLjM2QI",
            "title": "\u516d\u516d\u6559\u535a\u6069\u505a\u9b54\u8853\u526a\u63a5\uff01\u8981\u770b\u5230\u6700\u5f8c\u5594\uff01\u3010\u516d\u6307\u6df5 Huber\u3011"
        }
    ]
}