{
    "video_info": {
        "id": "-MqdpsWrbeA",
        "channelTitle": "\u9ec3\u963f\u746a\u7684\u5f8c\u5bae\u751f\u6d3b",
        "title": "\u3010\u9ec3\u963f\u746a\u7684\u5f8c\u5bae\u751f\u6d3b\u3011\u5f8c\u5bae\u9664\u87f2\u8a18\uff01\u5168\u8eab\u90fd\u5728\u7662\uff01",
        "description": "\u662f\u8df3\u86a4\uff1f\u9084\u662f\u5875\u87ce\uff1f\u7662\u5230\u53d7\u4e0d\u4e86\uff01\uff01\n\u00d7 \u983b\u9053\u66f4\u65b0\u70ba\u9031\u4e94\u665a\u9593\u516d\u9ede\uff0c\u4e0d\u5b9a\u6642\u767c\u4f48\u5176\u5b83\u5f71\u7247\uff01\u00d7\n\u8a02\u95b1\u6211\u5011\uff1ahttps://goo.gl/5L8xkV\n\u963f\u746a\u5b98\u7db2\uff1ahttps://www.fumeanstore.com\n\n\u3010\u96fb\u52d5\u9ce5\u73a9\u5177\uff01\u8b93\u5695\u5695\u6c23\u70b8\u4e86\uff01\u3011\u8c93\u7528\u54c1\u958b\u7bb1 \u5fd7\u9298\u8207\u72f8\u8c93\n\u25b6 https://youtu.be/t0DP1T4DulM\n\n-\n\n\u3010\u8fd1\u671f\u6d3b\u52d5\u3011\n\n\u3010\u8c93\u54aa\u8d85\u6709\u4e8b3\uff1a\u746a\u6c11\u8a8d\u8b49\u7c3d\u66f8\u6703\u3011\n* 7/23 14:00~17:00 \u53f0\u5357 \u653f\u5927\u66f8\u57ce (\u53f0\u5357\u5e02\u4e2d\u897f\u5340\u897f\u9580\u8def\u4e8c\u6bb5120\u865f)\n* 8/20 14:00~17:00 \u82b1\u84ee \u653f\u5927\u66f8\u57ce (\u82b1\u84ee\u7e23\u82b1\u84ee\u5e02\u4e2d\u5c71\u8def547-2\u865f)\n* 9/10 14:00~17:00 \u53f0\u5317 \u4e2d\u548c\u74b0\u7403\u8cfc\u7269\u4e2d\u5fc3 (\u65b0\u5317\u5e02\u4e2d\u548c\u5340\u4e2d\u5c71\u8def\u4e09\u6bb5122\u865f)\n* 11/19 14:00~17:00 \u9ad8\u96c4 \u6f22\u795e\u5de8\u86cb B1\u7279\u5c55\u5340 (\u9ad8\u96c4\u5e02\u5de6\u71df\u5340\u535a\u611b\u4e8c\u8def777\u865f)  \n* 12/03 14:00~17:00 \u53f0\u4e2d \u5ee3\u4e09SOGO 12\u6a13\u6d3b\u52d5\u5340 (\u53f0\u4e2d\u5e02\u897f\u5340\u53f0\u7063\u5927\u9053\u4e8c\u6bb5459\u865f)\n\u8a73\u7d30\u6d3b\u52d5\u8fa6\u6cd5\u8acb\u770b https://lihi3.cc/RMCIt/YT\n\n-\n\n\u7b2c\u4e09\u672c\u5716\u6587\u6f2b\u756b\u300a\u8c93\u54aa\u8d85\u6709\u4e8b3-\u8c93\u8c93\u7f8e\u98df\u6551\u63f4\u8a08\u756b\u300b\n\u5728\u746a\u746a\u5546\u884c\u8cfc\u8cb7\u5c31\u8d08\u9001\u300c\u5f8c\u5bae\u842c\u7528\u8b49\u4ef6\u5e36\u300d\uff08\u96a8\u6a5f1\u6b3e\uff09\n\n\u3010\u6436\u8cfc\u5c08\u5340\u3011   \n\u53f0\u7063(\u746a\u746a\u5546\u884c)\uff1ahttps://lihi1.com/vzhq3/catyt2\n\u6e2f\u6fb3\u5730\u5340\uff1ahttps://reurl.cc/rZAq54\n\u99ac\u65b0\u5730\u5340\uff1ahttps://is.gd/Vs7aXI\n\u203b\u4ee5\u4e0a\u9023\u7d50\u7686\u6709\u9001\u3010\u5f8c\u5bae\u842c\u7528\u8b49\u4ef6\u5e36\u3011\uff08\u51683\u6b3e\uff0c\u96a8\u6a5f\u8d08\u9001\u4e59\u6b3e\uff0c\u9001\u5b8c\u70ba\u6b62\uff09\n\n-\n\n\u30107-ELEVEN \u9ec3\u963f\u746a\u4e3b\u984c\u5e97\u3011\n\u4e3b\u984c\u5e97\u958b\u5e55\u5566\uff5e\n\u8cb7\u5496\u5561\u5c31\u53ef\u4ee5\u7372\u5f97\u672c\u5e97\u9650\u5b9a\u7684\u963f\u746aCITY CAFE\u676f\uff01\n\u5e97\u5167\u9084\u6709\u5f88\u591a\u6771\u897f\u53ef\u4ee5\u62cd\u7167\uff0c\u6b61\u8fce\u4f86\u901b\u901b\uff5e\n\u5730\u5740\uff1a7-ELEVEN\u6566\u4fe1\u9580\u5e02\uff08\u53f0\u5317\u5e02\u5927\u5b89\u5340\u4ec1\u611b\u8def\u56db\u6bb5122\u5df750\u865f1\u6a13\uff09\n\n-\n\n\u7b2c\u4e03\u672c\u5e74\u5ea6\u8457\u4f5c\u300a\u7b49\u6211\u56de\u5bb6\u7684\u4f60\u300b\n\u53f0\u7063\uff08\u746a\u746a\u5546\u884c\uff09\uff1ahttps://reurl.cc/Kxxa5n\n\uff08\u746a\u746a\u5546\u884c \u7368\u5bb6\u8d08\u9001\u300c\u5f8c\u5bae\u51fa\u904a\u8da3\u63d2\u756b\u660e\u4fe1\u7247\u4e00\u5f35\uff0c\u96a8\u6a5f\u51fa\u8ca8\u4e0d\u6311\u6b3e\u300d\u5176\u4ed6\u901a\u8def\u6c92\u6709\u8d08\u9001\u5594\uff5e\uff09\n\u99ac\u65b0\u5730\u5340\uff1ahttps://reurl.cc/bzzGvr\n\n-\n\n\u3010\u963f\u746a Line\u8cbc\u5716\uff06\u4e3b\u984c\u3011\n\u300a\u6700\u65b0\u4e0a\u67b6\u300bhttps://lihi3.cc/8ITQO/YT01\n\u300a\u66f4\u591a\u8cbc\u5716\u300bhttps://reurl.cc/4RY6L2\n\n\u3010\u963f\u746a\u5b98\u7db2-\u746a\u746a\u5546\u884c\u3011\n\u25b6\u00a0https://www.fumeanstore.com/\n\u300a\u6700\u65b0\u5546\u54c1\u300b304\u4e0d\u93fd\u92fc\u9910\u5177\u3001\u7ae5\u88dd\u7d14\u68c9\u77edT\u3001\u5f8c\u5bae\u5922\u4e4b\u8239\u58d3\u514b\u529b\u9020\u578b\u7acb\u724c\n\n---\n\n\u3010\u5408\u4f5c\u9080\u7d04/IP\u806f\u540d\u6388\u6b0a\u3011\nfumeanaction@gmail.com \uff08\u6b61\u8fce\u4f86\u4fe1\u6d3d\u8ac7\uff09\n\n\u3014\u7248\u6b0a\u6240\u6709\uff0c\u975e\u7d93\u8a31\u53ef\u52ff\u8f49\u8f09\u81f3\u4efb\u4f55\u5e73\u53f0\u3015\n\u3014\u9818\u990a\u4e0d\u68c4\u990a\u3015",
        "likeCount": "5563",
        "commentCount": "311",
        "viewCount": "200087"
    },
    "comments": [
        {
            "reply_id": "UgwkJqDEzEbZfhiqy-B4AaABAg",
            "reply_content": "\u7a81\u7136\u767c\u73fe\u72f8\u8c93\u5f88\u7bc0\u5109",
            "likeCount": 1
        },
        {
            "reply_id": "UgzhGl5o_pjdaTtjJ2t4AaABAg",
            "reply_content": "\u6211\u4ec0\u9ebc\u67da\u5b50\u8981\u4e82\u5c3f\u5c3f\u597d\u597d\u5947",
            "likeCount": 0
        },
        {
            "reply_id": "UgyaGc6z0uVSif0v0rJ4AaABAg",
            "reply_content": "\u72f8\u8c93\u4f60\u6709\u6d77\u9bae\u904e\u654f",
            "likeCount": 0
        },
        {
            "reply_id": "UgyIStgRbZsIbm7mUSd4AaABAg",
            "reply_content": "\u4e0d\u7528\u7684\u53ef\u4ee5\u7528\u771f\u7a7a\u888b\u5132\u5b58\u9019\u6a23\u6703\u6bd4\u8f03\u885b\u751f",
            "likeCount": 0
        },
        {
            "reply_id": "Ugwi2-reDoWt0qZg5rh4AaABAg",
            "reply_content": "\u72f8\u8c93\u592a\u8f9b\u82e6\u4e86",
            "likeCount": 0
        },
        {
            "reply_id": "UgxClhKiIljW-e37wQN4AaABAg",
            "reply_content": "\u8541\u9ebb\u75b9\u771f\u7684\u5f88\u9ebb\u7169",
            "likeCount": 0
        },
        {
            "reply_id": "UgzjhQPHboKAkF4N0kF4AaABAg",
            "reply_content": "\u611f\u89ba\u662f\u5927\u6383\u9664\u4e00\u6a23",
            "likeCount": 0
        },
        {
            "reply_id": "Ugy4OOiIxvlMrd9OdhR4AaABAg",
            "reply_content": "",
            "likeCount": 0
        },
        {
            "reply_id": "UgxUqZJYQCN0Cw-9wUV4AaABAg",
            "reply_content": "\u8f9b\u82e6\u4e86",
            "likeCount": 0
        },
        {
            "reply_id": "UgzoUb5Mq2tCeBaWNuR4AaABAg",
            "reply_content": "\u53ef\u4ee5\u8ddf\u6574\u7406\u5e2b\u62cd\u4e00\u96c6\u4e86",
            "likeCount": 0
        },
        {
            "reply_id": "UgxM-X1mrOZp9NYIRjx4AaABAg",
            "reply_content": "\u5f88\u4e45\u6c92\u770b\u5230\u5c0f\u7a97\u4e86",
            "likeCount": 0
        },
        {
            "reply_id": "Ugz-qV_MLzXy-TEV4PN4AaABAg",
            "reply_content": "\u72f8\u8c93\u6703\u4e0d\u6703\u662f\u8541\u9ebb\u75b9",
            "likeCount": 0
        },
        {
            "reply_id": "Ugz_mnZcLXcgsCVBs7d4AaABAg",
            "reply_content": "\u8d81\u6a5f\u65b7\u6368\u96e2\u4e5f\u597d\u5566",
            "likeCount": 0
        },
        {
            "reply_id": "Ugzi3B2g4aeIE4oo1N14AaABAg",
            "reply_content": "\u5c0b\u9ebb\u75b9",
            "likeCount": 0
        },
        {
            "reply_id": "UgzflQ9bWLmErnLkVMN4AaABAg",
            "reply_content": "\u5403\u904e\u654f\u85e5\u6703\u8b93\u4eba\u60f3\u7761\u89ba\u554a",
            "likeCount": 0
        },
        {
            "reply_id": "UgzwjtyMSnq1ksctVu14AaABAg",
            "reply_content": "\u85e5\u62b9\u958b\u4e00\u9ede\u6703\u6bd4\u8f03\u597d\u5594",
            "likeCount": 0
        },
        {
            "reply_id": "Ugw21FsZ0Ckuvt7Srkt4AaABAg",
            "reply_content": "\u72f8\u8c93\u6211\u4e5f\u662f\u904e\u654f\u4e5f\u662f\u8541\u9ebb\u75b9",
            "likeCount": 0
        },
        {
            "reply_id": "UgzktoWIM967NljqSqN4AaABAg",
            "reply_content": "\u6795\u982d\u58de\u4e86\u4e00\u5b9a\u8981\u4e1f\u6389\u63db\u65b0\u7684\u5566",
            "likeCount": 0
        },
        {
            "reply_id": "Ugxke54L_7HYjd5wfyR4AaABAg",
            "reply_content": "\u5225\u4eba\u662f\u8a13\u7df4\u8c93\u54aa\u7d66\u624b\u624b\uff0c\u963f\u746a\u662f\u8a13\u7df4\u5fd7\u9298\u548c\u72f8\u8c93\u7d66\u624b\u624b",
            "likeCount": 0
        },
        {
            "reply_id": "UgwpGGWOKeagrHKNZ894AaABAg",
            "reply_content": "\u5974\u624d\u9084\u597d\u55ce",
            "likeCount": 0
        },
        {
            "reply_id": "UgxGzQM61QmVs5Ql8Ql4AaABAg",
            "reply_content": "\u5875\u87ce\u5176\u5be6\u8089\u773c\u770b\u7684\u5230",
            "likeCount": 0
        },
        {
            "reply_id": "UgzrJEyAao_Vk6vnqzt4AaABAg",
            "reply_content": "\u4e09\u8173\u5927\u6982\u662f\u552f\u4e00\u4e00\u96bb\u53ef\u4ee5\u8b93\u963f\u746a\u8b93\u4f4d\u7684\u4eba\uff0c\u9023\u4ed6\u524d\u59bb\u62db\u5f1f\u90fd\u8981\u8b93\u4f4d\u7d66\u4ed6",
            "likeCount": 105
        },
        {
            "reply_id": "UgzbINp7tODe03o8_GF4AaABAg",
            "reply_content": "\u6211\u4eca\u5e74\u56db\u6708\u8ddf\u9019\u500b\u6708\u4e5f\u662f\u76ee\u524d\u90fd\u9084\u5728\u8541\u9ebb\u75b9\u8d85\u7662\u7684\ud83d\ude29",
            "likeCount": 3
        },
        {
            "reply_id": "UgwMUHP0XsOpd7NZ2sV4AaABAg",
            "reply_content": "\u6771\u897f\u7559\u592a\u591a\u4e86",
            "likeCount": 1
        },
        {
            "reply_id": "UgyeeWJ147IiF3aRyVh4AaABAg",
            "reply_content": "\u5927\u5bb6\u90fd\u8f9b\u82e6\u4e86",
            "likeCount": 4
        }
    ]
}