{
    "video_info": {
        "id": "-Xpq-1gO0JY",
        "channelTitle": "\u9ec3\u963f\u746a\u7684\u5f8c\u5bae\u751f\u6d3b",
        "title": "\u3010\u9ec3\u963f\u746a\u7684\u5f8c\u5bae\u751f\u6d3b\u3011\u5e74\u4e2d\u91cf\u9ad4\u91cd\uff01\u8001\u8c93\u9ad4\u91cd\u5de8\u5927\u8b8a\u5316\uff01",
        "description": "\u963f\u746a\uff1a\u300c\u6715\u5f88\u7626\u2026\u2026\u4e0d\u7528\u91cf\u3002\u300d\n\u00d7 \u983b\u9053\u66f4\u65b0\u70ba\u9031\u4e94\u665a\u9593\u516d\u9ede\uff0c\u4e0d\u5b9a\u6642\u767c\u4f48\u5176\u5b83\u5f71\u7247\uff01\u00d7\n\u8a02\u95b1\u6211\u5011\uff1ahttps://goo.gl/5L8xkV\n\u963f\u746a\u5b98\u7db2\uff1ahttps://www.fumeanstore.com\n\n\u8c93\u5b85\u958b\u7bb1\u3010\u6253\u7834\u4f60\u60f3\u50cf\u7684\u4eba\u8c93\u7a7a\u9593\u3011\u4e94\u4eba\u3001\u4e09\u96bb\u8c93\u768440\u576a\u89aa\u5b50\u8c93\u5b85\n\u25b6 https://youtu.be/CEMN-XxRF9c\n\n-\n\n\u3010\u8fd1\u671f\u6d3b\u52d5\u3011\n\n\u7b2c\u4e09\u672c\u5716\u6587\u6f2b\u756b\u300a\u8c93\u54aa\u8d85\u6709\u4e8b3-\u8c93\u8c93\u7f8e\u98df\u6551\u63f4\u8a08\u756b\u300b\n\u5728\u746a\u746a\u5546\u884c\u8cfc\u8cb7\u5c31\u8d08\u9001\u300c\u5f8c\u5bae\u842c\u7528\u8b49\u4ef6\u5e36\u300d\uff08\u96a8\u6a5f1\u6b3e\uff09\n\n\u3010\u6436\u8cfc\u5c08\u5340\u3011   \n\u53f0\u7063(\u746a\u746a\u5546\u884c)\uff1ahttps://lihi1.com/vzhq3/catyt2\n\u6e2f\u6fb3\u5730\u5340\uff1ahttps://reurl.cc/rZAq54\n\u99ac\u65b0\u5730\u5340\uff1ahttps://is.gd/Vs7aXI\n\u203b\u4ee5\u4e0a\u9023\u7d50\u7686\u6709\u9001\u3010\u5f8c\u5bae\u842c\u7528\u8b49\u4ef6\u5e36\u3011\uff08\u51683\u6b3e\uff0c\u96a8\u6a5f\u8d08\u9001\u4e59\u6b3e\uff0c\u9001\u5b8c\u70ba\u6b62\uff09\n\n-\n\n\u3010\u53f0\u5357-\u8da3\u6dd8\u6f2b\u65c5 X \u9ec3\u963f\u746a\u7684\u5f8c\u5bae\u751f\u6d3b\u3011\n\u5373\u65e5\u8d77\u81f36/30\u6b62\uff0c\u6bcf\u65e5\u9650\u91cf6\u9593\u300c\u963f\u746a\u4f86\u8da3\u6dd8\u300d\u4e3b\u984c\u623f\uff01\n\u5165\u4f4f\u963f\u746a\u4e3b\u984c\u623f\u5c31\u8d08\u9001\u300c\u4e3b\u984c\u623f\u79ae\u5305\u300d\u5594\uff01\n\u8a02\u623f\u7db2\u5740\uff1ahttps://reurl.cc/pZemRb\n\n-\n\n\u7b2c\u4e03\u672c\u5e74\u5ea6\u8457\u4f5c\u300a\u7b49\u6211\u56de\u5bb6\u7684\u4f60\u300b\n\u53f0\u7063\uff08\u746a\u746a\u5546\u884c\uff09\uff1ahttps://reurl.cc/Kxxa5n\n\uff08\u746a\u746a\u5546\u884c \u7368\u5bb6\u8d08\u9001\u300c\u5f8c\u5bae\u51fa\u904a\u8da3\u63d2\u756b\u660e\u4fe1\u7247\u4e00\u5f35\uff0c\u96a8\u6a5f\u51fa\u8ca8\u4e0d\u6311\u6b3e\u300d\u5176\u4ed6\u901a\u8def\u6c92\u6709\u8d08\u9001\u5594\uff5e\uff09\n\u99ac\u65b0\u5730\u5340\uff1ahttps://reurl.cc/bzzGvr\n\n-\n\n\u3010\u963f\u746a Line\u8cbc\u5716\uff06\u4e3b\u984c\u3011\n\u300a\u6700\u65b0\u4e0a\u67b6\u300bhttps://lihi3.cc/8ITQO/YT01\n\u300a\u66f4\u591a\u8cbc\u5716\u300bhttps://reurl.cc/4RY6L2\n\n\u3010\u963f\u746a\u5b98\u7db2-\u746a\u746a\u5546\u884c\u3011\n\u25b6\u00a0https://www.fumeanstore.com/\n\u300a\u6700\u65b0\u5546\u54c1\u300b\u9298\u5f0f\u7e6a\u6d63\u8178T\u3001HOYACASA\u806f\u540d\u5929\u7d72\u6dbc\u88ab\u3001\u842c\u7528\u4fdd\u6eab\u4fdd\u51b7\u888b\n\n---\n\n\u3010\u5408\u4f5c\u9080\u7d04/IP\u806f\u540d\u6388\u6b0a\u3011\nfumeanaction@gmail.com \uff08\u6b61\u8fce\u4f86\u4fe1\u6d3d\u8ac7\uff09\n\n\u3014\u7248\u6b0a\u6240\u6709\uff0c\u975e\u7d93\u8a31\u53ef\u52ff\u8f49\u8f09\u81f3\u4efb\u4f55\u5e73\u53f0\u3015\n\u3014\u9818\u990a\u4e0d\u68c4\u990a\u3015",
        "likeCount": "7647",
        "commentCount": "271",
        "viewCount": "242651"
    },
    "comments": [
        {
            "reply_id": "UgybWMLs1gvde9cuTPB4AaABAg",
            "reply_content": "\u5c0f\u7a97\u53bb\u54ea\u4e86",
            "likeCount": 1
        },
        {
            "reply_id": "UgwZ-XHWwM147COc3gR4AaABAg",
            "reply_content": "\u559c\u6b61\u963f\u746a\u91cf\u9ad4\u91cd\u7684\u62b1\u6028\u54c8\u54c8\u54c8",
            "likeCount": 1
        },
        {
            "reply_id": "UgwTxt_DHjS3zAlhguV4AaABAg",
            "reply_content": "\u4e3b\u5b50\u5011\u5065\u5065\u5eb7\u5eb7\u662f\u6700\u597d\u7684",
            "likeCount": 1
        },
        {
            "reply_id": "Ugz9GmIVfRzPalho6YJ4AaABAg",
            "reply_content": "\u6211\u540d\u5b57\u53eb\u6797\u5b50\u7444",
            "likeCount": 0
        },
        {
            "reply_id": "UgyOhbxziaUJXNJSDhx4AaABAg",
            "reply_content": "\u8eab\u9ad4\u5065\u5eb7\u6bd4\u8f03\u91cd\u8981",
            "likeCount": 0
        },
        {
            "reply_id": "UgzT2CfQaCPjkP38Pdp4AaABAg",
            "reply_content": "\u8173\u7f8e\u8b8a\u6700\u91cd\u7684\u8c93",
            "likeCount": 0
        },
        {
            "reply_id": "UgzrB34XoWFuaXvZnIt4AaABAg",
            "reply_content": "\u5f8c\u5bae\u4f19\u98df\u90fd\u5f88\u597d",
            "likeCount": 0
        },
        {
            "reply_id": "UgwvdyLglw6MOCJxlvl4AaABAg",
            "reply_content": "\u771f\u4e0d\u9519\u8bf6",
            "likeCount": 0
        },
        {
            "reply_id": "Ugw9yepucV2xaExTvX14AaABAg",
            "reply_content": "\u6715\u7684\u5f62\u8c61\u6c92\u4e86",
            "likeCount": 0
        },
        {
            "reply_id": "Ugx226uHyEPtZ8aO-6t4AaABAg",
            "reply_content": "\u72f8\u8c93\u4e5f\u80d6\u4e86",
            "likeCount": 0
        },
        {
            "reply_id": "UgxoeVsevo9h_zYSW6B4AaABAg",
            "reply_content": "\u4e0b\u6b21\u53ef\u4ee5\u63db\u5fd7\u660e\u91cf\u55ce?\u70ba\u751a\u9ebc\u6bcf\u6b21\u90fd\u662f\u72f8\u8c93\u91cf",
            "likeCount": 0
        },
        {
            "reply_id": "UgzGYDqi9v1FZ0N2GeJ4AaABAg",
            "reply_content": "\u597d\u671f\u5f85",
            "likeCount": 0
        },
        {
            "reply_id": "Ugw5wX6x_Lo9f7zsXih4AaABAg",
            "reply_content": "\u5c0f\u82b1\u771f\u7684\u597d\u5927\u597d\u6f02\u4eae",
            "likeCount": 0
        },
        {
            "reply_id": "UgzkdyAPwdQThUcen4J4AaABAg",
            "reply_content": "\u963f\u746a\u8b8a\u7626\u4e86\u5e0c\u671b\u963f\u746a\u5065\u5065\u5eb7\u5eb7",
            "likeCount": 0
        },
        {
            "reply_id": "UgwN0Ztdc7ELmfV5BQ94AaABAg",
            "reply_content": "\u5e0c\u671b\u963f\u746a\u7684\u814e\u6c92\u554f\u984c",
            "likeCount": 0
        },
        {
            "reply_id": "UgzAMJ82lSSiVOe1UK14AaABAg",
            "reply_content": "\u4e0d\u932f\u770b",
            "likeCount": 0
        },
        {
            "reply_id": "Ugzymph8HAEx7kK0C8h4AaABAg",
            "reply_content": "\u5f8c\u5bae\u8c93\u54aa\u5011\u8981\u5065\u5eb7\u5594",
            "likeCount": 1
        },
        {
            "reply_id": "UgwJnPL-v8ZO7J6_tbF4AaABAg",
            "reply_content": "\u4e5f\u662f\u72f8\u8c93\u7684\u5e74\u7d42\u91cf\u9ad4\u91cd",
            "likeCount": 1
        },
        {
            "reply_id": "UgyUoaWIgi0MiLBsfWx4AaABAg",
            "reply_content": "\u6211\u8490\u96c6\u5230\u963f\u746a\u8ddf\u5695\u5695\u7684\u516c\u4ed4\u4e86",
            "likeCount": 0
        },
        {
            "reply_id": "Ugz9UP6VYdYfFp5zjUh4AaABAg",
            "reply_content": "\u4e0a\u6b21\u91cf\u9ad4\u91cd\u6642\u6211\u6709\u63d0\u8b70\u5230\u756b\u500b\u8d70\u52e2\u5716\uff0c\u5974\u624d\u53ef\u4ee5\u8003\u616e\u54e6",
            "likeCount": 0
        },
        {
            "reply_id": "UgykcKb-R-Ba9JqnaPx4AaABAg",
            "reply_content": "\u5695\u5695\u53ef\u80fd\u4e0d\u559c\u6b61\u9b0d\u5b50",
            "likeCount": 0
        },
        {
            "reply_id": "UgzY7N7qeB8f0Lf7bmV4AaABAg",
            "reply_content": "\u60f3\u770b\u9ad4\u91cd\u6298\u7dda\u5716,\u4e0d\u7136\u9ad4\u91cd\u4e00\u4e0b\u7626\u4e00\u4e0b\u80d6\u5f88\u96e3\u770b\u51fa\u6574\u9ad4\u8b8a\u5316",
            "likeCount": 0
        },
        {
            "reply_id": "UgxRUztjSeiaJtLqkCd4AaABAg",
            "reply_content": "\u5c01\u9762\u7684\u746a\u746a\u8d85\u7d1a\u53ef\u611b",
            "likeCount": 0
        },
        {
            "reply_id": "UgwwbCqJz832TYuM4Zp4AaABAg",
            "reply_content": "\u7a81\u7136\u767c\u73fe\u5f8c\u5bae\u9ad4\u91cd\u6700\u91cd\u7684\u8c93\u4e0d\u662f\u963f\u746a\u4e86",
            "likeCount": 0
        },
        {
            "reply_id": "UgxgqwuLQBO-XhI1X194AaABAg",
            "reply_content": "\u525b\u958b\u59cb\u770b\u800c\u5df2\u7a81\u7136\u60f3\u554f \u662f\u4e0d\u662f\u6bcf\u6b21\u5974\u624d\u8981\u5e79\u561b\u67da\u5b50\u90fd\u6703\u81ea\u52d5\u51fa\u4f86\u9818\u724c\u554a",
            "likeCount": 0
        }
    ]
}