{
    "video_info": {
        "id": "0K-nFcYLJDY",
        "channelTitle": "\u9ec3\u963f\u746a\u7684\u5f8c\u5bae\u751f\u6d3b",
        "title": "\u4e0d\u5728\u5bb6\u5341\u5929\uff0c\u8c93\u54aa\u770b\u5230\u4eba\u7684\u53cd\u61c9\u662f\u22ef#shorts #ShortsTW",
        "description": "\u4e0d\u5728\u5bb6\u5341\u5929\uff0c\u8c93\u54aa\u770b\u5230\u4eba\u7684\u53cd\u61c9\u662f\u22ef\n\n-\n\n\u8a02\u95b1\u6211\u5011\uff1ahttps://goo.gl/5L8xkV\n\u963f\u746a\u5b98\u7db2\uff1ahttps://www.fumeanstore.com\nFB\uff1a\u9ec3\u963f\u746a\u7684\u5f8c\u5bae\u751f\u6d3b\nIG\uff1afumeancat\n\n\u3010\u5408\u4f5c\u9080\u7d04/IP\u806f\u540d\u6388\u6b0a\u3011\nfumeanaction@gmail.com \uff08\u6b61\u8fce\u4f86\u4fe1\u6d3d\u8ac7\uff09\n\n\u3014\u7248\u6b0a\u6240\u6709\uff0c\u975e\u7d93\u8a31\u53ef\u52ff\u8f49\u8f09\u81f3\u4efb\u4f55\u5e73\u53f0\u3015\n\u3014\u9818\u990a\u4e0d\u68c4\u990a\u3015",
        "likeCount": "10664",
        "commentCount": "70",
        "viewCount": "272270"
    },
    "comments": [
        {
            "reply_id": "Ugz8JlqIz9Cnw3lHfsR4AaABAg",
            "reply_content": "\u5168\u90e8\u6700\u958b\u5fc3\u7684\u5c31\u662f\u72f8\u8c93",
            "likeCount": 580
        },
        {
            "reply_id": "UgzS_mXaR_tbl-bdrhF4AaABAg",
            "reply_content": "\u67da\u5b50\u4e5f\u592a\u53ef\u611b\u60f9",
            "likeCount": 3
        },
        {
            "reply_id": "Ugz-l6hOIgtXQ0qNCcB4AaABAg",
            "reply_content": "\u9084\u662f\u50b2\u5b0c\u963f\u746a\u6700\u611b\u72f8\u8c93",
            "likeCount": 2
        },
        {
            "reply_id": "UgyoWYOmp8dceyDuXZd4AaABAg",
            "reply_content": "\u53c8\u8ba9\u963f\u739b\u7b49\u5230\u7740\u6025",
            "likeCount": 1
        },
        {
            "reply_id": "UgwBD-b6mwqpW5q6rfd4AaABAg",
            "reply_content": "\u62db\u5f1f\u4f9d\u820a\u662f\u8214\u7206",
            "likeCount": 0
        },
        {
            "reply_id": "Ugz9HmNhsn_Jxy6Jv1J4AaABAg",
            "reply_content": "\u4e0b\u6b21\u8a66\u8a66\u770b\u534a\u5e74",
            "likeCount": 0
        },
        {
            "reply_id": "UgzLNjSucgPycGwL7a94AaABAg",
            "reply_content": "\u9019\u4e0d\u5c6c\u65bc\u9580\u53e3\u63a5\u5ba2",
            "likeCount": 0
        },
        {
            "reply_id": "Ugw07T3hdYc1byavmwx4AaABAg",
            "reply_content": "\u6d63\u8178\u7684\u81c9\u597d\u53ef\u611b",
            "likeCount": 0
        },
        {
            "reply_id": "UgxvN_dWOSpLP0hmzUx4AaABAg",
            "reply_content": "\u5b83\u4e00\u5b9a\u597d\u7231\u4f60",
            "likeCount": 0
        },
        {
            "reply_id": "UgxxNr4iq3IlPjwRHNh4AaABAg",
            "reply_content": "\u76f4\u63a5\u6539\u990a\u72d7",
            "likeCount": 0
        },
        {
            "reply_id": "UgwIlW8TM58CARtl9154AaABAg",
            "reply_content": "\u5c0f\u82b1\u76ee\u4e2d\u7121\u4eba\u771f\u7684\u5f88\u597d\u7b11",
            "likeCount": 0
        },
        {
            "reply_id": "Ugzr09xl3xpFPBiNbHB4AaABAg",
            "reply_content": "\u600e\u9ebc\u67da\u5b50\u7684\u8eab\u6750\u6574\u500b\u8d70\u9418\u4e86",
            "likeCount": 0
        },
        {
            "reply_id": "UgyDHfKE2owfaMEerUd4AaABAg",
            "reply_content": "\u963f\u746a\u597d\u53ef\u611b",
            "likeCount": 0
        },
        {
            "reply_id": "UgzeNwx5E4uL3LDoivJ4AaABAg",
            "reply_content": "\u4f53\u91cd\u4fdd\u8b77\u9806\u66a2",
            "likeCount": 0
        },
        {
            "reply_id": "Ugwz-DAGgI8RzlZthUl4AaABAg",
            "reply_content": "\u963f\u746a\u5e74\u7d00\u5f88\u5927\u4e86\u5427",
            "likeCount": 0
        },
        {
            "reply_id": "Ugz_Q8PR_S7DvitYiJ94AaABAg",
            "reply_content": "\u6211\u60f3\u50cf\u4e2d\u90a3\u7a2e\u4e00\u908a\u5c0f\u8dd1\u4e00\u908a\u788e\u788e\u5ff5\u7684\u60c5\u6cc1\u6c92\u6709\u51fa\u73fe",
            "likeCount": 0
        }
    ]
}