{
    "video_info": {
        "id": "3FQx4GkhmSs",
        "channelTitle": "\u9ec3\u963f\u746a\u7684\u5f8c\u5bae\u751f\u6d3b",
        "title": "\u5403\u918b\u7684\u8c93\u54aa\u6709\u591a\u53ef\u6015\uff1f #shorts #ShortsTW",
        "description": "Socles\uff1a\u300c\u54fc\u22ef\u300d\n\n-\n\n\u8a02\u95b1\u6211\u5011\uff1ahttps://goo.gl/5L8xkV\n\u963f\u746a\u5b98\u7db2\uff1ahttps://www.fumeanstore.com\nFB\uff1a\u9ec3\u963f\u746a\u7684\u5f8c\u5bae\u751f\u6d3b\nIG\uff1afumeancat\n\n\u3010\u5408\u4f5c\u9080\u7d04/IP\u806f\u540d\u6388\u6b0a\u3011\nfumeanaction@gmail.com \uff08\u6b61\u8fce\u4f86\u4fe1\u6d3d\u8ac7\uff09\n\n\u3014\u7248\u6b0a\u6240\u6709\uff0c\u975e\u7d93\u8a31\u53ef\u52ff\u8f49\u8f09\u81f3\u4efb\u4f55\u5e73\u53f0\u3015\n\u3014\u9818\u990a\u4e0d\u68c4\u990a\u3015",
        "likeCount": "9796",
        "commentCount": "54",
        "viewCount": "211053"
    },
    "comments": [
        {
            "reply_id": "Ugwg3TAVujpFB85aWwd4AaABAg",
            "reply_content": "\u5f8c\u5bae\u5011\u5df4\u4e0d\u5f97\u5974\u624d\u6709\u516b\u652f\u624b",
            "likeCount": 14
        },
        {
            "reply_id": "UgzVerFU4cMNkxni6x54AaABAg",
            "reply_content": "\u5169\u96bb\u6bcd\u8c93\u4e4b\u6230",
            "likeCount": 7
        },
        {
            "reply_id": "UgzZE0kaxiXbWzQpv9h4AaABAg",
            "reply_content": "\u6211\u6709\u8cb7\u9ec3\u963f\u746a\u7684\u5f8c\u5bae\u751f\u6d3b\u7684\u76f2\u76d2",
            "likeCount": 0
        },
        {
            "reply_id": "UgyzYOJlJkINEY3sgoB4AaABAg",
            "reply_content": "\u722d\u98a8\u5403\u918b",
            "likeCount": 0
        },
        {
            "reply_id": "UgykWTb2IOjFGvvYQCJ4AaABAg",
            "reply_content": "\u8c93\u54aa\u6703\u8a08\u8f03\u55ce",
            "likeCount": 0
        },
        {
            "reply_id": "UgyO7SOaXelBa5N74oF4AaABAg",
            "reply_content": "\u5112\u8c93\u5c31\u662f\u7d2f",
            "likeCount": 0
        }
    ]
}