{
    "video_info": {
        "id": "5YYM_Fi-r8k",
        "channelTitle": "\u9ec3\u963f\u746a\u7684\u5f8c\u5bae\u751f\u6d3b",
        "title": "\uff3b\u76f4\u64ad\u4e2d\uff3d\u6d63\u8178\u751f\u65e5QA\u554f\u7b54\uff01",
        "description": "\u4eca\u5e74\u5ea6\u76f4\u64ad\u4e3b\u984c\uff0c\u6703\u5728\u6bcf\u96bb\u8c93\u54aa\u751f\u65e5\u524d\u5728\u963f\u746a\u793e\u7fa4(FB.IG.YT)\u63d0\u554f\uff0c\u5927\u5bb6\u53ef\u4ee5\u7559\u4e0b\u597d\u5947\u7684\u554f\u984c\uff0c\u6211\u5011\u6703\u5728\u4ed6\u751f\u65e5\u6642\u958b\u76f4\u64ad\u56de\u7b54\u54e6\uff01\n\nIG:fumeancat",
        "likeCount": "953",
        "commentCount": "85",
        "viewCount": "19816"
    },
    "comments": [
        {
            "reply_id": "Ugx2wwvosQRxM96Tk-t4AaABAg",
            "reply_content": "\u4e0b\u6b21\u53ef\u4ee5\u505a\u5fd7\u540d\u8207\u72f8\u8c93\u7684\u4e00\u5929\u55ce",
            "likeCount": 2
        },
        {
            "reply_id": "UgyYa5CnLkc8pzdKuOZ4AaABAg",
            "reply_content": "\u751f\u65e5\u5feb\u6a02\u5e73\u5b89\u5065\u5eb7",
            "likeCount": 1
        },
        {
            "reply_id": "UgxTKVxnZNXlAm3UjqB4AaABAg",
            "reply_content": "\u795d\u6d63\u8178\u751f\u65e5\u5feb\u6a02",
            "likeCount": 1
        },
        {
            "reply_id": "Ugx-WDvjVqHf1OvljlN4AaABAg",
            "reply_content": "\u8178\u751f\u65e5\u5feb\u6a02",
            "likeCount": 0
        },
        {
            "reply_id": "UgxbaAvxT9e1I1XGVMl4AaABAg",
            "reply_content": "\u53ef\u611b\u7684\u6d63\u8178",
            "likeCount": 0
        },
        {
            "reply_id": "Ugw1iDwzs4xax39uFk54AaABAg",
            "reply_content": "\u6d63\u8178\u751f\u65e5\u5feb\u6a02",
            "likeCount": 0
        },
        {
            "reply_id": "UgxcrOSg4UWW5kgpg014AaABAg",
            "reply_content": "\u8178\u8178\u5f88\u5e74\u8f15",
            "likeCount": 0
        },
        {
            "reply_id": "UgwhHqqADKENjQ1yysB4AaABAg",
            "reply_content": "\u6d63\u80a0\u751f\u65e5\u5feb\u4e50",
            "likeCount": 0
        },
        {
            "reply_id": "UgyE1-I36FqSrcjxpuh4AaABAg",
            "reply_content": "\u6d63\u8178\u751f\u65e5\u5065\u5eb7\u5feb\u6a02",
            "likeCount": 0
        },
        {
            "reply_id": "UgzGqyhNkSqvN9TfD8d4AaABAg",
            "reply_content": "\u8178\u8178\u751f\u65e5\u5feb\u6a02",
            "likeCount": 0
        },
        {
            "reply_id": "Ugw2aFLEGtuBWmskrU14AaABAg",
            "reply_content": "\u751f\u65e5\u5feb\u6a02",
            "likeCount": 0
        },
        {
            "reply_id": "Ugy1TcyP0_pL3zTOTTN4AaABAg",
            "reply_content": "\u8178\u8178\u751f\u65e5\u5feb\u6a02",
            "likeCount": 0
        },
        {
            "reply_id": "UgwHElHqkeLIj0Puend4AaABAg",
            "reply_content": "\u6d63\u8178\u751f\u65e5\u5feb\u6a02",
            "likeCount": 0
        }
    ]
}