{
    "video_info": {
        "id": "70IqGWsjsJU",
        "channelTitle": "\u9ec3\u963f\u746a\u7684\u5f8c\u5bae\u751f\u6d3b",
        "title": "\u628a\u8c93\u53fc\u8d77\u4f86\u5c31\u4e0d\u6703\u53cd\u6297\uff1f",
        "description": "",
        "likeCount": "20436",
        "commentCount": "275",
        "viewCount": "652067"
    },
    "comments": [
        {
            "reply_id": "UgyH1AQkjThTJGLL7pF4AaABAg",
            "reply_content": "\u6211\u6709\u770b\u5230\u904e\u9019\u6a23\u7684\u539f\u7406",
            "likeCount": 1
        },
        {
            "reply_id": "Ugya9GhsldMB_fvZoYt4AaABAg",
            "reply_content": "\u53ef\u80fd\u4e0d\u6703\u53cd\u6297\u662f\u56e0\u70ba\u5c0f\u6642\u5019\u5e38\u5e38\u88ab\u5abd\u5abd\u53fc \u8981\u5c0f\u8c93\u624d\u53ef\u4ee5\u5927\u8c93\u592a\u91cd\u4e86",
            "likeCount": 1
        },
        {
            "reply_id": "UgxYWWNrh7zWoWbxLPl4AaABAg",
            "reply_content": "\u72f8\u8c93\u662f\u4e0d\u662f\u4e00\u5634\u6bdb",
            "likeCount": 1
        },
        {
            "reply_id": "Ugy2F37Tai1-oJeobYR4AaABAg",
            "reply_content": "\u5927\u81bd\u53fc\u6c11",
            "likeCount": 0
        },
        {
            "reply_id": "UgxbOCls7GI2EVhVKot4AaABAg",
            "reply_content": "\u72d7\u72d7\u4e5f\u4e00\u6837\u624b\u63d0\u4ed6\u540e\u9888\u90e8\u90a3\u4e2a\u6bcd\u72d7\u7ecf\u5e38\u542b\u7740\u8d70\u7684\u4f4d\u7f6e\u57fa\u672c\u5c31\u7c7b\u4f3c\u88ab\u70b9\u4e86\u7a74\u4f4d\u4e00\u6837\u3002\u8840\u6db2\u91cc\u7684\u8bb0\u5fc6\u7684\u3002\u4ed6\u4eec\u90a3\u65f6\u662f\u4e0d\u4f1a\u53cd\u6297\u7684",
            "likeCount": 0
        },
        {
            "reply_id": "UgwMPc1KmvO2oBqSrdN4AaABAg",
            "reply_content": "\u8001\u8c93\u4e86",
            "likeCount": 0
        },
        {
            "reply_id": "UgwRqIV4N3n770sAt-J4AaABAg",
            "reply_content": "\u597d\u6076\u5fc3",
            "likeCount": 0
        },
        {
            "reply_id": "Ugy0W6QN8xomMK0bVER4AaABAg",
            "reply_content": "\u662f\u4f60\u5634\u5df4\u592a\u5c0f\u4e86\u5566",
            "likeCount": 0
        },
        {
            "reply_id": "Ugx3wjTjtk0OnjvMtil4AaABAg",
            "reply_content": "\u54ea\u88e1\u8cb7",
            "likeCount": 0
        },
        {
            "reply_id": "UgxVC-ShGDUx343YiwN4AaABAg",
            "reply_content": "\u6211\u90fd\u662f\u634f\u8116\u5b50\u5f8c\u9762\u7684\u8089\u8b93\u4ed6\u6bd4\u8f03\u5b89\u5fc3\u7136\u5f8c\u5c31\u53ef\u4ee5\u505a\u5176\u4ed6\u4e8b\u4e86",
            "likeCount": 0
        },
        {
            "reply_id": "UgyLX4EyCXtWTJ0WTMd4AaABAg",
            "reply_content": "\u597d\u50cf\u7528\u593e\u5b50\u593e\u4f4f\u8c93\u7684\u5f8c\u9838\u76ae\u4e5f\u53ef\u4ee5",
            "likeCount": 0
        },
        {
            "reply_id": "Ugx9srUW0giWlnuGzbZ4AaABAg",
            "reply_content": "\u4e00\u5634\u6bdb\u54c8\u54c8\u54c8\u54c8\u54c8\u54c8",
            "likeCount": 0
        },
        {
            "reply_id": "UgxP-VXQVGAqqnRk_T54AaABAg",
            "reply_content": "\u807d\u8aaa\u53ef\u4ee5\u7528\u593e\u5b50",
            "likeCount": 0
        },
        {
            "reply_id": "UgzBzg0DHys3K3bi_Vd4AaABAg",
            "reply_content": "\u53ef\u4ee5\u7528\u624b\u63d0\u8d77\u6765",
            "likeCount": 0
        },
        {
            "reply_id": "UgyPLUAwHkb15BcHoYB4AaABAg",
            "reply_content": "\u770b\u8d77\u4f86\u633a\u52d5\u7269\u7684",
            "likeCount": 0
        },
        {
            "reply_id": "Ugx7W0KThKlR4kF01uZ4AaABAg",
            "reply_content": "\u6ee1\u5634\u6bdb\u554a\u554a\u554a\u554a\u554a",
            "likeCount": 0
        },
        {
            "reply_id": "UgzLCWce4yfH26gkpG94AaABAg",
            "reply_content": "\u807d\u8aaa\u7528\u593e\u5b50\u593e\u5c31\u53ef\u4ee5\u4e86",
            "likeCount": 0
        },
        {
            "reply_id": "UgyUna9AurnjIb-o_Px4AaABAg",
            "reply_content": "\u5927\u81bd\u53fc\u6c11",
            "likeCount": 0
        },
        {
            "reply_id": "Ugx9U0dGnxDfytoFCSR4AaABAg",
            "reply_content": "\u597d\u60f3\u8981\u90a3\u500b\u5e74\u66c6",
            "likeCount": 0
        },
        {
            "reply_id": "UgwUO-WPd11T-mtqcVN4AaABAg",
            "reply_content": "\u597d\u5403\u55ce",
            "likeCount": 0
        },
        {
            "reply_id": "UgwYpmJaQAnSd4hzIC14AaABAg",
            "reply_content": "\u6eff\u5634\u8c93\u6bdb",
            "likeCount": 0
        },
        {
            "reply_id": "Ugy_OWNSmUhnoAkpEGZ4AaABAg",
            "reply_content": "\u6211\u8a18\u5f97\u662f\u5e7c\u8c93\u53fc\u8d77\u4f86\u4ed6\u624d\u4e0d\u6703\u53cd\u6297",
            "likeCount": 0
        },
        {
            "reply_id": "UgxNImXG3TCoVg9Egz14AaABAg",
            "reply_content": "\u4f60\u7528\u624b",
            "likeCount": 0
        },
        {
            "reply_id": "UgwTh9iKxbSm9X6u7gZ4AaABAg",
            "reply_content": "\u592a\u91cd\u5566",
            "likeCount": 0
        },
        {
            "reply_id": "UgwZteN-nQrdZFUxWYV4AaABAg",
            "reply_content": "\u53fc\u4e0d\u8d77\u4f86\u662f\u56e0\u70ba\u4eba\u985e\u7684\u4e0b\u984e\u5df2\u7d93\u9000\u5316\uff0c\u6c92\u6709\u529b\u6c23",
            "likeCount": 0
        }
    ]
}