{
    "video_info": {
        "id": "9-jJb0UhYn4",
        "channelTitle": "\u9ec3\u963f\u746a\u7684\u5f8c\u5bae\u751f\u6d3b",
        "title": "\u96e2\u958b\u5e7e\u5929\uff0c\u624d\u77e5\u9053\u6211\u7684\u8c93\u6709\u591a\u9700\u8981\u6211",
        "description": "",
        "likeCount": "15090",
        "commentCount": "87",
        "viewCount": "344454"
    },
    "comments": [
        {
            "reply_id": "Ugz9VqwAkrC-078YNid4AaABAg",
            "reply_content": "\u9019\u9ebc\u660e\u986f\u4e00\u958b\u59cb\u6c92\u770b\u5230\u55ce\u54c8\u54c8",
            "likeCount": 29
        },
        {
            "reply_id": "Ugy-415SkmfO9sGKY614AaABAg",
            "reply_content": "\u963f\u739b\u7231\u72f8\u732b",
            "likeCount": 7
        },
        {
            "reply_id": "UgxFwDMWc3EegNGTxqt4AaABAg",
            "reply_content": "\u963f\u746a\u9019\u500b\u809a\u809a",
            "likeCount": 6
        },
        {
            "reply_id": "UgxUfcw_OBTF732Xiw54AaABAg",
            "reply_content": "\u963f\u746a\u6700\u611b\u72f8\u8c93",
            "likeCount": 6
        },
        {
            "reply_id": "Ugx7LLg7BWKZkpHdkPt4AaABAg",
            "reply_content": "\u4e00\u9032\u9580\u5c31\u55b5\u4e86",
            "likeCount": 1
        },
        {
            "reply_id": "UgyGgovxwpnC6bpd2zt4AaABAg",
            "reply_content": "\u5fe0\u8aa0\u7684\u8c93\u963f\u746a",
            "likeCount": 1
        },
        {
            "reply_id": "UgyGHR27nEcAJo_OR5p4AaABAg",
            "reply_content": "\u7f29\u77ed\u5e74\u9650\u6bd4\u8f83\u5212\u7b97",
            "likeCount": 0
        },
        {
            "reply_id": "Ugy_kTUIfbS8-NS-uPJ4AaABAg",
            "reply_content": "\u514d\u6cbb\u5de5\u5177\u4eba",
            "likeCount": 0
        },
        {
            "reply_id": "UgwSdBCKK-FS8niUnQ54AaABAg",
            "reply_content": "\u6211\u89ba\u5f97\u7537\u4e3b\u4eba\u597d\u5e25\u554a",
            "likeCount": 0
        },
        {
            "reply_id": "Ugzj-0T2uvnyZcHN81l4AaABAg",
            "reply_content": "\u53e4\u96b9",
            "likeCount": 0
        },
        {
            "reply_id": "Ugyw8ARxsU2r27sNQ2h4AaABAg",
            "reply_content": "\u963f\u746a\u597d\u53ef\u611b",
            "likeCount": 0
        },
        {
            "reply_id": "UgzXBSBxnjpRMHS0IB14AaABAg",
            "reply_content": "\u6211\u6709\u4f60\u4eec\u7684\u4e66",
            "likeCount": 0
        }
    ]
}