{
    "video_info": {
        "id": "90FO14qRL9k",
        "channelTitle": "\u9ec3\u963f\u746a\u7684\u5f8c\u5bae\u751f\u6d3b",
        "title": "\u3010\u9ec3\u963f\u746a\u7684\u5f8c\u5bae\u751f\u6d3b\u3011\u5f8c\u5bae\u526a\u6307\u7532\uff01\u963f\u746a\u7a81\u7136\u4e0d\u611b\u7259\u818f\u4e86\uff1f",
        "description": "\u963f\u746a\uff1a\u300c\u9019\u500b\u6307\u7532\u526a\u53ef\u4ee5\u4e1f\u4e86\uff01\u300d\n\u00d7 \u983b\u9053\u66f4\u65b0\u70ba\u9031\u4e94\u665a\u9593\u516d\u9ede\uff0c\u4e0d\u5b9a\u6642\u767c\u4f48\u5176\u5b83\u5f71\u7247\uff01\u00d7\n\u8a02\u95b1\u6211\u5011\uff1ahttps://goo.gl/5L8xkV\n\u963f\u746a\u5b98\u7db2\uff1ahttps://www.fumeanstore.com\n\n\u3010\u9999\u6e2f\u4e5f\u6709\u8c93\u5cf6\uff01\u5927\u6fb3\u8c93\u5cf6\u597d\u591a\u8c93\uff01\u3011\u5fd7\u9298\u8207\u72f8\u8c93\n\u25b6 https://youtu.be/H5lEbfexX_U\n\n-\n\n\u3010\u8fd1\u671f\u6d3b\u52d5\u3011\n\n\u963f\u746a\u540c\u540d\u52d5\u756b\u516c\u4ed4\u7d00\u5ff5\u5957\u7d44\n\u5df2\u7d93\u958b\u59cb\u6b63\u5f0f\u9810\u8cfc\u5566\uff01\n\u9650\u91cf300\u7d44\uff08\u9810\u8cfc\uff09\n\n\u963f\u746a\u3001\u5c0f\u62db\u5f1f\u3001\u7070\u80d6\n\u4e09\u96bb\u7d93\u5178\u89d2\u8272\u4e00\u6b21\u6536\u85cf!\n\u5373\u65e5\u8d77\uff5e5/20(\u516d)\u5728\u746a\u746a\u5546\u884c\n\u8a73\u60c5\u8acb\u770b https://lihi2.com/Ga5hD/fumeanYT\n\n-\n\n\u3010\u871c\u746a\u9023\u7dda\uff5e\u6b61\u6a02\u540c\u840c\u6703 \u5f69\u7e6a\u5217\u8eca\u3011\n\u5373\u65e5\u8d77\u81f36/4\u65e5\u6b62\n\u871c\u746a\u9023\u7dda\u5f69\u7e6a\u5217\u8eca\u5c07\u4e0d\u5b9a\u671f\u884c\u99db\u65bc\u6377\u904b\u7d05\u7dda\u5594\uff01\n\n\u300e\u871c\u746a\u9023\u7dda\u300f\u9650\u91cf\u5468\u908a\u5546\u54c1\n\u53ef\u4ee5\u5728\u4ee5\u4e0b\u901a\u8def\u8cfc\u8cb7\uff1a\nR10 \u7f8e\u9e97\u5cf6\u7ad9\u5546\u54c1\u9928\nR16 \u5de6\u71df\u7ad9\u65c5\u904a\u8aee\u8a62\u8655\n\u5b98\u65b9\u76f4\u71df\u8ce3\u5834 https://shopee.tw/krtcshop\n\n-\n\n\u7b2c\u4e09\u672c\u5716\u6587\u6f2b\u756b\u300a\u8c93\u54aa\u8d85\u6709\u4e8b3-\u8c93\u8c93\u7f8e\u98df\u6551\u63f4\u8a08\u756b\u300b\n\u5728\u746a\u746a\u5546\u884c\u8cfc\u8cb7\u5c31\u8d08\u9001\u300c\u5f8c\u5bae\u842c\u7528\u8b49\u4ef6\u5e36\u300d\uff08\u96a8\u6a5f1\u6b3e\uff09\n\n\u3010\u6436\u8cfc\u5c08\u5340\u3011   \n\u53f0\u7063(\u746a\u746a\u5546\u884c)\uff1ahttps://lihi1.com/vzhq3/catyt2\n\u6e2f\u6fb3\u5730\u5340\uff1ahttps://reurl.cc/rZAq54\n\u99ac\u65b0\u5730\u5340\uff1ahttps://is.gd/Vs7aXI\n\u203b\u4ee5\u4e0a\u9023\u7d50\u7686\u6709\u9001\u3010\u5f8c\u5bae\u842c\u7528\u8b49\u4ef6\u5e36\u3011\uff08\u51683\u6b3e\uff0c\u96a8\u6a5f\u8d08\u9001\u4e59\u6b3e\uff0c\u9001\u5b8c\u70ba\u6b62\uff09\n\n-\n\n\u3010\u53f0\u5357-\u8da3\u6dd8\u6f2b\u65c5 X \u9ec3\u963f\u746a\u7684\u5f8c\u5bae\u751f\u6d3b\u3011\n\u5373\u65e5\u8d77\u81f36/30\u6b62\uff0c\u6bcf\u65e5\u9650\u91cf6\u9593\u300c\u963f\u746a\u4f86\u8da3\u6dd8\u300d\u4e3b\u984c\u623f\uff01\n\u5165\u4f4f\u963f\u746a\u4e3b\u984c\u623f\u5c31\u8d08\u9001\u300c\u4e3b\u984c\u623f\u79ae\u5305\u300d\u5594\uff01\n\u8a02\u623f\u7db2\u5740\uff1ahttps://reurl.cc/pZemRb\n\n-\n\n\u7b2c\u4e03\u672c\u5e74\u5ea6\u8457\u4f5c\u300a\u7b49\u6211\u56de\u5bb6\u7684\u4f60\u300b\n\u53f0\u7063\uff08\u746a\u746a\u5546\u884c\uff09\uff1ahttps://reurl.cc/Kxxa5n\n\uff08\u746a\u746a\u5546\u884c \u7368\u5bb6\u8d08\u9001\u300c\u5f8c\u5bae\u51fa\u904a\u8da3\u63d2\u756b\u660e\u4fe1\u7247\u4e00\u5f35\uff0c\u96a8\u6a5f\u51fa\u8ca8\u4e0d\u6311\u6b3e\u300d\u5176\u4ed6\u901a\u8def\u6c92\u6709\u8d08\u9001\u5594\uff5e\uff09\n\u99ac\u65b0\u5730\u5340\uff1ahttps://reurl.cc/bzzGvr\n\n-\n\n\u3010\u963f\u746a Line\u8cbc\u5716\uff06\u4e3b\u984c\u3011\n\u300a\u6700\u65b0\u4e0a\u67b6\u300bhttps://lihi3.cc/8ITQO/YT01\n\u300a\u66f4\u591a\u8cbc\u5716\u300bhttps://reurl.cc/4RY6L2\n\n\u3010\u963f\u746a\u5b98\u7db2-\u746a\u746a\u5546\u884c\u3011\n\u25b6\u00a0https://www.fumeanstore.com/\n\u300a\u6700\u65b0\u5546\u54c1\u300b\u8b8a\u88dd\u5a03\u5a03\u3001\u79d2\u6536\u647a\u758a\u5f0f\u8cfc\u7269\u888b\u3001\u65b0\u6b3e\u5f8c\u5bae\u7948\u798f\u5fa1\u5b88\n\n---\n\n\u3010\u5408\u4f5c\u9080\u7d04/IP\u806f\u540d\u6388\u6b0a\u3011\nfumeanaction@gmail.com \uff08\u6b61\u8fce\u4f86\u4fe1\u6d3d\u8ac7\uff09\n\n\u3014\u7248\u6b0a\u6240\u6709\uff0c\u975e\u7d93\u8a31\u53ef\u52ff\u8f49\u8f09\u81f3\u4efb\u4f55\u5e73\u53f0\u3015\n\u3014\u9818\u990a\u4e0d\u68c4\u990a\u3015",
        "likeCount": "7984",
        "commentCount": "263",
        "viewCount": "279459"
    },
    "comments": [
        {
            "reply_id": "UgyMAaSPVGsEja75yiB4AaABAg",
            "reply_content": "\u62db\u5f1f\u88ab\u4e09\u8173\u5e36\u58de\u4e86",
            "likeCount": 1
        },
        {
            "reply_id": "UgxKGk8F0XmLLHGSA5B4AaABAg",
            "reply_content": "\u4ef0\u5929\u9577\u53eb\u7684\u746a",
            "likeCount": 1
        },
        {
            "reply_id": "UgxOuhcSjcbUqjbJwGp4AaABAg",
            "reply_content": "\u8c93\u54aa\u597d\u53ef\u611b",
            "likeCount": 1
        },
        {
            "reply_id": "UgzG3-sYYEG2EPEwj-R4AaABAg",
            "reply_content": "\u4e09\u8173\u597d\u7f8e\u554a",
            "likeCount": 0
        },
        {
            "reply_id": "UgzsMEDcD0Ab30VYgQ54AaABAg",
            "reply_content": "\u526a\u5b8c\u8981\u6709\u734e\u52f5\u554a\uff01\u9019\u6a23\u4e0b\u6b21\u8c93\u8c93\u624d\u6703\u559c\u6b61\u526a\u6307\u7532",
            "likeCount": 0
        },
        {
            "reply_id": "UgxJXKG7kP7M2_CC_PV4AaABAg",
            "reply_content": "\u5efa\u8b70\u53ef\u4ee5\u505a\u4e00\u689d\u5c0d\u6bd4\u5f71\u7247\uff0c\u5c0d\u6bd4\u4e00\u4e0b\u4e0d\u540c\u8c93\u54aa\u5e74\u8f15\u6642\u526a\u6307\u7532\u7684\u53cd\u61c9\u8ddf\u73fe\u5728\u526a\u6307\u7532\u7684\u756b\u9762\u505a\u5c0d\u6bd4\uff0c\u61c9\u8a72\u6703\u5f88\u6709\u8da3",
            "likeCount": 0
        },
        {
            "reply_id": "Ugx8-N4m0d1YJ0sKvpt4AaABAg",
            "reply_content": "\u6211\u5bb6\u7684\u4e5f\u8d85\u96e3\u526a",
            "likeCount": 0
        },
        {
            "reply_id": "UgypVT2tX4psVw9jx314AaABAg",
            "reply_content": "\u8c93\u54aa\u80a5\u80a5",
            "likeCount": 0
        },
        {
            "reply_id": "UgwQsu15Jo8hX46zh7x4AaABAg",
            "reply_content": "\u4e0d\u77e5\u9053\u5e7e\u661f\u7d1a\u96e3\u5ea6\u4e86",
            "likeCount": 0
        },
        {
            "reply_id": "UgyJoWDSJuZB-Q1zmL94AaABAg",
            "reply_content": "\u80a5\u746a\u5c31\u662f\u500b\u8c6c\u554a",
            "likeCount": 0
        },
        {
            "reply_id": "UgyCVqOe5XuU0aO2DOB4AaABAg",
            "reply_content": "\u6572\u7897\u72f8\u8c93\u5e6b\u5f8c\u5bae\u526a\u6307\u7532",
            "likeCount": 0
        },
        {
            "reply_id": "UgxJulkRrAL8B6qEuFt4AaABAg",
            "reply_content": "\u5695\u5695\u5634\u89d2\u6b6a\u659c\u8d85\u53ef\u611b\u54c8\u54c8\u54c8",
            "likeCount": 0
        },
        {
            "reply_id": "Ugx2ADit1OupaB3V_YZ4AaABAg",
            "reply_content": "\u526a\u5b8c\u6307\u7532\u4e4b\u5f8c\u7d66\u5403\u7684\u4e0b\u6b21\u6703\u4e0d\u6703\u6bd4\u8f03\u4e0d\u6703\u5bb3\u6015\u526a\u6307\u7532",
            "likeCount": 0
        },
        {
            "reply_id": "UgwaJuafPedSt7CWZZZ4AaABAg",
            "reply_content": "\u771f\u53ef\u611b",
            "likeCount": 0
        },
        {
            "reply_id": "UgyrLWbxc7-9UpCkKoV4AaABAg",
            "reply_content": "\u5695\u5695\u8ddf\u665a\u9577\u8d8a\u4f86\u8d8a\u6eab\u99b4\u4e86!\u6c92\u6709\u4ee5\u524d\u90a3\u9ebc\u96e3\u526a\u6307\u7532",
            "likeCount": 0
        },
        {
            "reply_id": "UgwWoNFX-YPaZ7EUt1Z4AaABAg",
            "reply_content": "\u770b\u5230\u8173\u59b9\u80fd\u53cd\u6297\u8ddf\u8b8a\u80d6\u5c31\u4ee3\u8868\u53e3\u708e\u5df2\u7d93\u6c92\u90a3\u9ebc\u56b4\u91cd\u4e86\u5427\ud83e\udd72",
            "likeCount": 0
        },
        {
            "reply_id": "UgwxxlhADen6wjmFcmN4AaABAg",
            "reply_content": "\u88ab\u62b1\u8457\u7684\u5c0f\u82b1\u770b\u8d77\u4f86\u597d\u50cf\u6bd4\u963f\u746a\u9084\u8981\u5927\u96bb\u8036\ud83e\udee0",
            "likeCount": 0
        },
        {
            "reply_id": "UgxuJfJ5Ymu4NBzXDsl4AaABAg",
            "reply_content": "\u67da\u5b50\u7684\u72c0\u614b\u5c31\u662f\u4e00\u500b\uff0c\u8d70\u8457\u8d70\u8457\u7a81\u7136\u5c31\u88ab\u99ac\u532a\u7d66\u52ab\u4e86\u7684\u6982\u5ff5",
            "likeCount": 0
        },
        {
            "reply_id": "UgwY-g2e2p97JpVLb9l4AaABAg",
            "reply_content": "\u62db\u5f1f\u597d\u53ef\u611b\u60f3\u8aaa\u4e00\u76f4\u628a\u982d\u57cb\u8d77\u4f86\u5c31\u6c92\u4e8b\u4e86\u7d50\u679c\u963f\u746a\u9084\u662f\u88ab\u7259\u818f\u5c48\u670d\u4e86\ud83d\ude02",
            "likeCount": 4
        },
        {
            "reply_id": "UgxhtZ6ayKnb-nrzmN14AaABAg",
            "reply_content": "\u5927\u5bb6\u90fd\u5f88\u4e56\u554a",
            "likeCount": 4
        },
        {
            "reply_id": "UgzJqCzFJQ3RVte36_54AaABAg",
            "reply_content": "\u9d15\u9ce5\u62db\u5f1f\u597d\u53ef\u611b",
            "likeCount": 3
        },
        {
            "reply_id": "Ugzn-_pk4bYlRd7TLDV4AaABAg",
            "reply_content": "\u4e00\u5bb6\u5929\u4f7f\u8c93",
            "likeCount": 2
        },
        {
            "reply_id": "UgzZEThE_4RVvRD8xWt4AaABAg",
            "reply_content": "\u6bcf\u96bb\u8c93\u7684\u8868\u60c5\u660e\u660e\u90fd\u5f88\u53ad\u4e16\u537b\u53c8\u90fd\u5f88\u4e56\u5730\u88ab\u526a",
            "likeCount": 1
        },
        {
            "reply_id": "Ugxwr1ZSGss-yEtjiQ14AaABAg",
            "reply_content": "\u540e\u5bab\u55b5\u661f\u4eba\u526a\u6307\u7532\u90fd\u597d\u914d\u5408",
            "likeCount": 1
        },
        {
            "reply_id": "UgwSTJxwRsg6YIKumwh4AaABAg",
            "reply_content": "\u54c8\u54c8\u4ed6\u751f\u6c23\u7684\u6a23\u5b50\u5f88\u840c",
            "likeCount": 1
        }
    ]
}