{
    "video_info": {
        "id": "9ZhDAhhM9mA",
        "channelTitle": "\u9ec3\u963f\u746a\u7684\u5f8c\u5bae\u751f\u6d3b",
        "title": "\u963f\u746a\u8207\u5695\u5695\u7684\u8ac7\u5224 #shorts #ShortsTW",
        "description": "\u963f\u746a\uff1a\u300c\u6715\u73fe\u5728\u5f88\u751f\u6c23\uff01\u300d\n\n-\n\n\u8a02\u95b1\u6211\u5011\uff1ahttps://goo.gl/5L8xkV\n\u963f\u746a\u5b98\u7db2\uff1ahttps://www.fumeanstore.com\nFB\uff1a\u9ec3\u963f\u746a\u7684\u5f8c\u5bae\u751f\u6d3b\nIG\uff1afumeancat\n\n\u3010\u5408\u4f5c\u9080\u7d04/IP\u806f\u540d\u6388\u6b0a\u3011\nfumeanaction@gmail.com \uff08\u6b61\u8fce\u4f86\u4fe1\u6d3d\u8ac7\uff09\n\n\u3014\u7248\u6b0a\u6240\u6709\uff0c\u975e\u7d93\u8a31\u53ef\u52ff\u8f49\u8f09\u81f3\u4efb\u4f55\u5e73\u53f0\u3015\n\u3014\u9818\u990a\u4e0d\u68c4\u990a\u3015",
        "likeCount": "8634",
        "commentCount": "84",
        "viewCount": "169500"
    },
    "comments": [
        {
            "reply_id": "UgwlCqcGyMY4DL3MjAZ4AaABAg",
            "reply_content": "\u5169\u96bb\u8c93\u8c93\u90fd\u597d\u53ef\u611b",
            "likeCount": 23
        },
        {
            "reply_id": "Ugx1Y9CHEAqVmv5Rsz54AaABAg",
            "reply_content": "\u963f\u746a\u662f\u5403\u8ca8",
            "likeCount": 4
        },
        {
            "reply_id": "Ugzses_HbKyEFihKDax4AaABAg",
            "reply_content": "\u963f\u746a\u7684\u53eb\u8072\u5f88\u7279\u5225\u5462",
            "likeCount": 3
        },
        {
            "reply_id": "Ugx5PilAI01T7Jv2IjF4AaABAg",
            "reply_content": "\u597d\u53ef\u611b\u5594",
            "likeCount": 2
        },
        {
            "reply_id": "UgxmRXAqo6oygsMt_DB4AaABAg",
            "reply_content": "\u963f\u746a\u4e0d\u53ef\u4ee5\u6b3a\u8ca0\u5695\u5695",
            "likeCount": 1
        },
        {
            "reply_id": "UgxBjbdkOH4c7VcK9Ex4AaABAg",
            "reply_content": "\u6700\u5f8c\u90a3\u500b\u56de\u982d\u597d\u597d\u7b11",
            "likeCount": 0
        },
        {
            "reply_id": "UgwrAEY85bQ3SzzW3u54AaABAg",
            "reply_content": "\u90fd\u53ef\u611b",
            "likeCount": 0
        },
        {
            "reply_id": "UgySoDKHjUM9SOnKD_d4AaABAg",
            "reply_content": "\u5c0f\u54aa\u54aa",
            "likeCount": 0
        },
        {
            "reply_id": "Ugw3_465ddbGjZpgzZF4AaABAg",
            "reply_content": "\u611f\u89ba\u662f\u963f\u746a\u5728\u53eb\u72f8\u8c93\u72f8\u8c93\u7684",
            "likeCount": 0
        }
    ]
}