{
    "video_info": {
        "id": "Ac80kD8dcTo",
        "channelTitle": "\u9ec3\u963f\u746a\u7684\u5f8c\u5bae\u751f\u6d3b",
        "title": "\u6c92\u8fa6\u6cd5\u6297\u62d2\u963f\u746a\u63e1\u624b\uff0c\u8981\u4ec0\u9ebc\u90fd\u7d66\u4f60\u22ef\u22ef",
        "description": "\u8a02\u95b1\uff1ahttps://goo.gl/5L8xkV\nIG\uff1afumeancat\nhttps://www.fumeanstore.com\nfumeanaction@gmail.com",
        "likeCount": "4040",
        "commentCount": "154",
        "viewCount": "83271"
    },
    "comments": [
        {
            "reply_id": "UgwiVsbWRCTu6D5QiVp4AaABAg",
            "reply_content": "\u771f\u68d2",
            "likeCount": 3
        },
        {
            "reply_id": "UgxsqFYH7sMtbF1mKZp4AaABAg",
            "reply_content": "\u88ab\u72f8\u8c93\u5bf5\u58de\u7684\u963f\u746a",
            "likeCount": 2
        },
        {
            "reply_id": "Ugw-Xovwm7yg62Tsft14AaABAg",
            "reply_content": "\u963f\u746a\u7684\u624b\u6709\u7a2e\u9b54\u529b~\u53ef\u4ee5\u63a7\u5236\u5974\u624d\u62ff\u5403\u7684\u7d66\u4ed6",
            "likeCount": 2
        },
        {
            "reply_id": "Ugwj0tWTEye7sQFX3eF4AaABAg",
            "reply_content": "\u5974\u624d\u6bcf\u9031\u66f4\u65b0\u5f8c\u5bae\u65e5\u5e38\u5c31\u5df2\u7d93\u5f88\u597d\u770b\uff0c\u4e0d\u7528\u7279\u5730\u60f3\u984c\u6750",
            "likeCount": 1
        },
        {
            "reply_id": "UgxMRQ1HwxaVcqqALg94AaABAg",
            "reply_content": "\u746a\u746a\u6307\u7532\u597d\u4e7e\u6de8",
            "likeCount": 1
        },
        {
            "reply_id": "UgxEqfoPfA3NUIAjuXd4AaABAg",
            "reply_content": "\u554a\u739b\u771f\u7684\u5f88\u7231\u5403\u54c8\u54c8\u54c8\u54c8",
            "likeCount": 1
        },
        {
            "reply_id": "Ugx732ZHaFGSdXuLAFJ4AaABAg",
            "reply_content": "\u770b\u7740\u5f88\u7597\u6108",
            "likeCount": 0
        },
        {
            "reply_id": "Ugznv5Eakth2ukHLWjl4AaABAg",
            "reply_content": "\u5695\u96e3\u5f97\u6492\u5b0c\u70ba\u5403\u72a7\u7272\uff0c\u963f\u746a\u96e3\u904e\u63e1\u624b\u4e5f\u662f\u70ba\u5403",
            "likeCount": 0
        },
        {
            "reply_id": "UgwMR9eJ_mS8rtIWn-x4AaABAg",
            "reply_content": "\u795d\u5f8c\u5bae\u5011\u4e2d\u79cb\u7bc0\u5feb\u6a02",
            "likeCount": 0
        },
        {
            "reply_id": "UgwfXDD0atUlOYZdOWZ4AaABAg",
            "reply_content": "\u5f8c\u5bae\u7684\u96f6\u98df\u5c31\u53ea\u7d66\u963f\u746a\u5e7e\u500b\u5f97\u5bf5\u7684\u5403",
            "likeCount": 0
        },
        {
            "reply_id": "Ugw1jRodJhZZYQZeGWZ4AaABAg",
            "reply_content": "\u6709\u9ede\u50cf\u5f9e\u524d\u76f4\u64ad\u4e00\u6a23\uff0c\u770b\u5230\u8c93\u54aa\u975c\u975c\u751f\u6d3b\u7684\u7247\u6bb5",
            "likeCount": 5
        },
        {
            "reply_id": "Ugxejwp2e-WWDuGlnwZ4AaABAg",
            "reply_content": "\u6211\u5f88\u559c\u6b61\u5695\u5695\u548c\u8178\u8178\u7684\u53eb\u8072",
            "likeCount": 4
        },
        {
            "reply_id": "Ugxek75OZZIamZ8i3EF4AaABAg",
            "reply_content": "\u963f\u746a\u53ea\u8981\u60f3\u5403\u6771\u897f\u5c31\u8ffd\u8457\u4eba\u63e1\u624b\uff0c\u5c31\u6709\u6771\u897f\u5403\u4e86",
            "likeCount": 3
        },
        {
            "reply_id": "UgzV5zQ2NdmISAwC4Pt4AaABAg",
            "reply_content": "\u6c99\u53d1",
            "likeCount": 3
        }
    ]
}