{
    "video_info": {
        "id": "CMcg7nQY8n8",
        "channelTitle": "\u9ec3\u963f\u746a\u7684\u5f8c\u5bae\u751f\u6d3b",
        "title": "\u3010\u9ec3\u963f\u746a\u7684\u5f8c\u5bae\u751f\u6d3b\u3011\u62db\u5f1f\u8df3\u6a13\u4e86\uff01",
        "description": "\u62db\u5f1f\uff1a\u300c\u7576\u6642\u5c31\u633a\u7a81\u7136\u7684\u22ef\u300d\n\u00d7 \u983b\u9053\u66f4\u65b0\u70ba\u9031\u4e94\u665a\u9593\u516d\u9ede\uff0c\u4e0d\u5b9a\u6642\u767c\u4f48\u5176\u5b83\u5f71\u7247\uff01\u00d7\n\u8a02\u95b1\u6211\u5011\uff1ahttps://goo.gl/5L8xkV\n\u963f\u746a\u5b98\u7db2\uff1ahttps://www.fumeanstore.com\n\n\u3010\u53bb\u7279\u5bf5\u5496\u5561\u5ef3\u7d04\u6703\uff01\u9047\u5230\u9c77\u9b5a\u548c\u72d0\u7374\uff01\u3011\u5fd7\u9298\u8207\u72f8\u8c93\n\u25b6 https://youtu.be/tAWDPYqRORA\n\n-\n\n\u3010\u8fd1\u671f\u6d3b\u52d5\u3011\n\n\u7b2c\u4e09\u672c\u5716\u6587\u6f2b\u756b\u300a\u8c93\u54aa\u8d85\u6709\u4e8b3-\u8c93\u8c93\u7f8e\u98df\u6551\u63f4\u8a08\u756b\u300b\n\u5728\u746a\u746a\u5546\u884c\u8cfc\u8cb7\u5c31\u8d08\u9001\u300c\u5f8c\u5bae\u842c\u7528\u8b49\u4ef6\u5e36\u300d\uff08\u96a8\u6a5f1\u6b3e\uff09\n\n\u3010\u6436\u8cfc\u5c08\u5340\u3011   \n\u53f0\u7063(\u746a\u746a\u5546\u884c)\uff1ahttps://lihi1.com/vzhq3/catyt2\n\u6e2f\u6fb3\u5730\u5340\uff1ahttps://reurl.cc/rZAq54\n\u99ac\u65b0\u5730\u5340\uff1ahttps://is.gd/Vs7aXI\n\u203b\u4ee5\u4e0a\u9023\u7d50\u7686\u6709\u9001\u3010\u5f8c\u5bae\u842c\u7528\u8b49\u4ef6\u5e36\u3011\uff08\u51683\u6b3e\uff0c\u96a8\u6a5f\u8d08\u9001\u4e59\u6b3e\uff0c\u9001\u5b8c\u70ba\u6b62\uff09\n\n-\n\n\u3010\u963f\u746a\u5922\u4e4b\u8239 \u53f0\u5317\u5feb\u9583\u5e97\u3011\n\u5730\u9ede\uff1a\u53f0\u5317\u7d71\u4e00\u6642\u4ee37F \n\u6642\u9593\uff1a\u5373\u65e5\u8d77\uff5e2/28(\u4e8c) 11:00-22:00\n\n\u6d3b\u52d5\u8a73\u60c5\u8acb\u770b\u3010\u746a\u746a\u5546\u884c\u3011\u7c89\u7d72\u5c08\u9801\n\u25b6\ufe0f https://www.facebook.com/fumeanstore.official/\n\n-\n\n\u3010\u53f0\u5357-\u8da3\u6dd8\u6f2b\u65c5 X \u9ec3\u963f\u746a\u7684\u5f8c\u5bae\u751f\u6d3b\u3011\n\u5373\u65e5\u8d77\u81f36/30\u6b62\uff0c\u6bcf\u65e5\u9650\u91cf6\u9593\u300c\u963f\u746a\u4f86\u8da3\u6dd8\u300d\u4e3b\u984c\u623f\uff01\n\u5165\u4f4f\u963f\u746a\u4e3b\u984c\u623f\u5c31\u8d08\u9001\u300c\u4e3b\u984c\u623f\u79ae\u5305\u300d\u5594\uff01\n\u8a02\u623f\u7db2\u5740\uff1ahttps://reurl.cc/pZemRb\n\n-\n\n\u3010\u7f6e\u5bccMalls X \u9ec3\u963f\u746a\u55b5\u904b\u99d5\u5230\u3011\n\u5373\u65e5\u8d77\u81f33/12\u53ef\u4ee5\u5728\u9999\u6e2f\u7f6e\u5bccMalls\u7684\u56db\u5927\u5546\u5834\u627e\u5230\u5f8c\u5bae\u7684\u8eab\u5f71\u5594\uff01\n\u8a73\u60c5\u8acb\u770b https://reurl.cc/YdKWa0\n\n-\n\n\u7b2c\u4e03\u672c\u5e74\u5ea6\u8457\u4f5c\u300a\u7b49\u6211\u56de\u5bb6\u7684\u4f60\u300b\n\u53f0\u7063\uff08\u746a\u746a\u5546\u884c\uff09\uff1ahttps://reurl.cc/Kxxa5n\n\uff08\u746a\u746a\u5546\u884c \u7368\u5bb6\u8d08\u9001\u300c\u5f8c\u5bae\u51fa\u904a\u8da3\u63d2\u756b\u660e\u4fe1\u7247\u4e00\u5f35\uff0c\u96a8\u6a5f\u51fa\u8ca8\u4e0d\u6311\u6b3e\u300d\u5176\u4ed6\u901a\u8def\u6c92\u6709\u8d08\u9001\u5594\uff5e\uff09\n\u99ac\u65b0\u5730\u5340\uff1ahttps://reurl.cc/bzzGvr\n\n-\n\n\u3010\u963f\u746a Line\u8cbc\u5716\uff06\u4e3b\u984c\u3011\n\u300a\u6700\u65b0\u4e0a\u67b6\u300bhttps://reurl.cc/ROb2dG\n\u300a\u66f4\u591a\u8cbc\u5716\u300bhttps://reurl.cc/4RY6L2\n\n\u3010\u963f\u746a\u5b98\u7db2-\u746a\u746a\u5546\u884c\u3011\n\u25b6 https://www.fumeanstore.com/\n\u300a\u6700\u65b0\u5546\u54c1\u300b\u65b0\u6b3e\u5305\u5305\u3001\u65b0\u6b3e\u73ea\u85fb\u571f\u5730\u588a\u3001Socles\u5de8\u5927\u9ebb\u7cec\n\n---\n\n\u3010\u5408\u4f5c\u9080\u7d04/IP\u806f\u540d\u6388\u6b0a\u3011\nfumeanaction@gmail.com \uff08\u6b61\u8fce\u4f86\u4fe1\u6d3d\u8ac7\uff09\n\n\u3014\u7248\u6b0a\u6240\u6709\uff0c\u975e\u7d93\u8a31\u53ef\u52ff\u8f49\u8f09\u81f3\u4efb\u4f55\u5e73\u53f0\u3015\n\u3014\u9818\u990a\u4e0d\u68c4\u990a\u3015",
        "likeCount": "7747",
        "commentCount": "365",
        "viewCount": "192208"
    },
    "comments": [
        {
            "reply_id": "Ugyo4c54-RihpFAMikl4AaABAg",
            "reply_content": "\u8ddf\u963f\u746a\u6389\u7d19\u7bb1\u53ef\u4ee5\u4e26\u5217\u8a18\u9304\u4e86",
            "likeCount": 2
        },
        {
            "reply_id": "Ugx_-1mpbmRABSqeyRl4AaABAg",
            "reply_content": "\u81ea\u6bba\u5f0f\u653b\u64ca",
            "likeCount": 1
        },
        {
            "reply_id": "UgyTW2AgiSWJRKA5oql4AaABAg",
            "reply_content": "\u679c\u7136\u963f\u746a\u7684\u771f\u611b",
            "likeCount": 1
        },
        {
            "reply_id": "Ugzjt9WYCeWj1aMvvzF4AaABAg",
            "reply_content": "\u61c9\u8a72\u6176\u5e78\u662f\u62db\u5f1f\u6454\u4e0b\u53bb\u5982\u679c\u662f\u963f\u746a\u6454\u4e0b\u53bb\u7d55\u5c0d\u6703\u5730\u9707\ud83d\ude02",
            "likeCount": 1
        },
        {
            "reply_id": "UgxqRIYFhyvd9_DcKDp4AaABAg",
            "reply_content": "\u7687\u540e\u737b\u919c\u4e86",
            "likeCount": 0
        },
        {
            "reply_id": "UgzbCsLS2GAJ1R3eVqV4AaABAg",
            "reply_content": "\u54c8",
            "likeCount": 0
        },
        {
            "reply_id": "UgySbDcR5JHrLmv5rPF4AaABAg",
            "reply_content": "\u62db\u5f1f\u597d\u53ef\u611b",
            "likeCount": 0
        },
        {
            "reply_id": "UgyBYOQkgzyix5NmTQt4AaABAg",
            "reply_content": "\u5c0f\u5e6b\u624b\u5148\u5927\u7b11\u592a\u904e\u4efd\u4e86\u54c8\u54c8\u54c8\u54c8\u54c8\u54c8\u54c8\u54c8\u54c8\u54c8\u54c8\u54c8\ud83e\udd2d",
            "likeCount": 0
        },
        {
            "reply_id": "UgyyaRJUz3nHd9CcboZ4AaABAg",
            "reply_content": "\u5c0f\u5e6b\u624b\u5c45\u7136\u9867\u8457\u5927\u7b11\u6c92\u6709\u6551\u99d5",
            "likeCount": 0
        },
        {
            "reply_id": "Ugym24-dBfveTiN6oSd4AaABAg",
            "reply_content": "\u6bcf\u6b21\u90fd\u6709\u9a5a\u559c",
            "likeCount": 0
        },
        {
            "reply_id": "Ugwg4MEy9RlJySmKx8F4AaABAg",
            "reply_content": "\u8c93\u6416\u5c3e\u5df4\u662f\u751f\u6c23\u7684\u610f\u601d\u54e6",
            "likeCount": 0
        },
        {
            "reply_id": "Ugw1NuNapMV580WCdCR4AaABAg",
            "reply_content": "\u6211\u7684\u5abd\u5440",
            "likeCount": 0
        },
        {
            "reply_id": "UgyRIoqWqZ2vBLCPXbl4AaABAg",
            "reply_content": "\u6765\u4e86",
            "likeCount": 0
        },
        {
            "reply_id": "UgzfyU_NsAzpbFmpqoB4AaABAg",
            "reply_content": "\u88ab\u8c93\u7aa9\u80cc\u53db\u4e86",
            "likeCount": 0
        },
        {
            "reply_id": "Ugyf-xSEDBAoqvNAy4V4AaABAg",
            "reply_content": "\u5c0f\u5e6b\u624b\u5011\u76ee\u7779\u4e00\u5207\u54c8\u54c8\u54c8\u54c8\u54c8",
            "likeCount": 0
        },
        {
            "reply_id": "UgwQS-Rm9kO8LGNWi214AaABAg",
            "reply_content": "\u62db\u5f1f\u4e5f\u6709\u4ee3\u8868\u4f5c\u4e86",
            "likeCount": 0
        },
        {
            "reply_id": "UgzXv3ufJNRqtZ1Qyjp4AaABAg",
            "reply_content": "\u6709\u767c\u73fe\u6700\u958b\u59cb\u7684\u90a3\u500b\u54c7\u5176\u5be6\u662f\u62db\u5f1f\u7684\u6158\u53eb\u55ce\ud83d\ude02",
            "likeCount": 0
        },
        {
            "reply_id": "UgxMNEo13KiLboZELB54AaABAg",
            "reply_content": "\u597d\u96aa\u62db\u5f1f\u662f\u5728\u8c93\u7aa9\u88e1\u6389\u4e0b\u4f86\u7684",
            "likeCount": 0
        },
        {
            "reply_id": "Ugy9TpsngPihYh7o5CN4AaABAg",
            "reply_content": "\u7687\u540e\u592a\u6709\u529b\u7684\u90e8\u5206",
            "likeCount": 1
        },
        {
            "reply_id": "UgzoC8a8vIdEMtNezdh4AaABAg",
            "reply_content": "\u7d42\u65bc\u6709\u500b\u62db\u5f1f\u70ba\u4e3b\u984c\u7684\u5f71\u7247",
            "likeCount": 1
        },
        {
            "reply_id": "UgwCKGh5mRoS-0CitjN4AaABAg",
            "reply_content": "\u592a\u597d\u7b11\u4e86\u6211\u7684\u5929\u554a",
            "likeCount": 1
        },
        {
            "reply_id": "UgzQAqYo60KHy-LzhHR4AaABAg",
            "reply_content": "\u54c8\u54c8\u54c8\u90a3\u4e2a\u732b\u7a9d\u8fd8\u662f\u4e00\u4e2a\u9ca8\u9c7c\u9020\u578b",
            "likeCount": 0
        },
        {
            "reply_id": "UgxsNQLCzkPiPjLbimp4AaABAg",
            "reply_content": "\u525b\u525b\u90a3\u500b\u8868\u60c5",
            "likeCount": 0
        },
        {
            "reply_id": "Ugx7mZPG1qy2eWuEr5Z4AaABAg",
            "reply_content": "\u597d\u53ef\u611b\u5594",
            "likeCount": 0
        },
        {
            "reply_id": "Ugw1S2alUnpjB4S-zEd4AaABAg",
            "reply_content": "\u53c8\u6c92\u6709\u53d7\u50b7\u554a",
            "likeCount": 0
        }
    ]
}