{
    "video_info": {
        "id": "DiUWzwk1HqY",
        "channelTitle": "\u9ec3\u963f\u746a\u7684\u5f8c\u5bae\u751f\u6d3b",
        "title": "[\u751f\u65e5QA\u76f4\u64ad\uff3d\u963f\u746a16\u6b72\u4e86\uff0c\u5148\u5403\u8089\u6ce5\u9084\u662f\u51cd\u4e7e\uff1f",
        "description": "\u4eca\u5e74\u5ea6\u76f4\u64ad\u4e3b\u984c\uff0c\u6703\u5728\u6bcf\u96bb\u8c93\u54aa\u751f\u65e5\u524d\u5728\u963f\u746a\u793e\u7fa4(FB.IG.YT)\u63d0\u554f\uff0c\u5927\u5bb6\u53ef\u4ee5\u7559\u4e0b\u597d\u5947\u7684\u554f\u984c\uff0c\u6211\u5011\u6703\u5728\u4ed6\u751f\u65e5\u6642\u958b\u76f4\u64ad\u56de\u7b54\u54e6\uff01\n\nIG:fumeancat",
        "likeCount": "1975",
        "commentCount": "105",
        "viewCount": "50237"
    },
    "comments": [
        {
            "reply_id": "Ugx7PLB06P5HhG8IR7V4AaABAg",
            "reply_content": "\u795d\u798f\u963f\u746a\u6c38\u9060\u5065\u5eb7\u5e73\u5b89\u2764\u4ee5\u5f8c\u6bcf\u5e74\u90fd\u6703\u4f86\u770b\u76f4\u64ad",
            "likeCount": 18
        },
        {
            "reply_id": "UgzXFhJMOUt2aNF2EsB4AaABAg",
            "reply_content": "\u6211\u795d\u963f\u746a\u751f\u65e5\u5feb\u6a02\u5594",
            "likeCount": 3
        },
        {
            "reply_id": "UgwiagpV85E3VRXhZ9h4AaABAg",
            "reply_content": "\u795d\u963f\u746a\u751f\u65e5\u5feb\u6a02\u8eab\u9ad4\u5065\u5eb7\u5f8c\u5bae\u5011\u4e5f\u8981\u8eab\u9ad4\u5065\u5eb7",
            "likeCount": 2
        },
        {
            "reply_id": "UgxLkq6qkTekVx66edd4AaABAg",
            "reply_content": "\u5c0f\u5b9d\u8d1d\u751f\u65e5\u5feb\u4e50",
            "likeCount": 2
        },
        {
            "reply_id": "Ugy2RXTIHynjjV3Aav94AaABAg",
            "reply_content": "\u963f\u739b\u751f\u65e5\u5feb\u4e50",
            "likeCount": 1
        },
        {
            "reply_id": "UgyA_hVt_zyuo-QZ4xx4AaABAg",
            "reply_content": "\u963f\u746a\u751f\u65e5\u5feb\u6a02",
            "likeCount": 1
        },
        {
            "reply_id": "Ugzh3SQCLIbIB_vuTbF4AaABAg",
            "reply_content": "\u6211\u611b\u963f\u746a",
            "likeCount": 1
        },
        {
            "reply_id": "UgyeBtNNVuRlUqiOzb94AaABAg",
            "reply_content": "\u963f\u746a\u751f\u65e5\u5feb\u6a02\ud83c\udf82\u795d\u4f60\u4e00\u76f4\u5065\u5065\u5eb7\u5eb7\u9577\u547d\u767e\u6b72\u54e6",
            "likeCount": 1
        },
        {
            "reply_id": "UgyUoaYcwr9N7lCnc4x4AaABAg",
            "reply_content": "\u751f\u65e5\u5feb\u6a02",
            "likeCount": 1
        },
        {
            "reply_id": "UgwHW1a1WuK_mtHQYdl4AaABAg",
            "reply_content": "\u963f\u746a\u751f\u65e5\u5feb\u6a02\u5537",
            "likeCount": 1
        },
        {
            "reply_id": "UgwUOMMY2ioucBEc1iB4AaABAg",
            "reply_content": "\u795d\u963f\u746a\u751f\u65e5\u5feb\u6a02",
            "likeCount": 1
        },
        {
            "reply_id": "UgwKvaSCzf5B8IS_xiF4AaABAg",
            "reply_content": "\u751f\u65e5\u5feb\u6a02",
            "likeCount": 1
        },
        {
            "reply_id": "UgwB3yB7sRUTBgOsrdt4AaABAg",
            "reply_content": "\u963f\u746a\u795d\u60a8\u751f\u65e5\u5feb\u6a02\u8eab\u9ad4\u5065\u5eb7\u6240\u6709\u7684\u8c93\u5e73\u5e73\u5b89\u5b89\u5065\u5065\u5eb7\u5eb7",
            "likeCount": 1
        },
        {
            "reply_id": "UgzqckIcevFWewSX68Z4AaABAg",
            "reply_content": "\u963f\u746a\u751f\u65e5\u5feb\u6a02",
            "likeCount": 1
        },
        {
            "reply_id": "Ugx2dSAQGRZM76eLVaJ4AaABAg",
            "reply_content": "\u963f\u746a\u7684\u773c\u775b\u5f88\u7f8e\u6709\u5438\u5f15\u529b",
            "likeCount": 1
        },
        {
            "reply_id": "UgwJRCPQsYIrlsVTobB4AaABAg",
            "reply_content": "\u795d\u963f\u746a\u751f\u65e5\u5feb\u6a02",
            "likeCount": 1
        },
        {
            "reply_id": "UgyOXERDI9_I4TQQrOZ4AaABAg",
            "reply_content": "\u963f\u746a\u9084\u662f\u5f88\u53ef\u611b",
            "likeCount": 0
        },
        {
            "reply_id": "UgzEsAQg_ouqjhhA1qN4AaABAg",
            "reply_content": "\u53ef\u611b\u7684\u963f\u746a",
            "likeCount": 0
        }
    ]
}