{
    "video_info": {
        "id": "duPTz8Cr_Rw",
        "channelTitle": "\u9ec3\u963f\u746a\u7684\u5f8c\u5bae\u751f\u6d3b",
        "title": "\u3010\u9ec3\u963f\u746a\u7684\u5f8c\u5bae\u751f\u6d3b\u3011Kimi\u4f86\u5f8c\u5bae\uff01\u6574\u5929\u5145\u6eff\u7591\u60d1\uff01",
        "description": "\u56e0\u70ba\u5fd7\u9298\u642c\u65b0\u5bb6\uff0c\u64d4\u5fc3\u642c\u5bb6\u4eba\u54e1\u7684\u52d5\u975c\u592a\u5927\uff0c\u6703\u8b93Kimi\u592a\u7dca\u5f35\uff0c\u6240\u4ee5\u6c7a\u5b9a\u8b93Kimi\u5230\u5f8c\u5bae\u907f\u96e3\uff0c\u5979\u61c9\u8a72\u6703\u6bd4\u8f03\u5b89\u5fc3\u4e00\u9ede\uff08\u5427\uff1f\n\u00d7 \u983b\u9053\u66f4\u65b0\u70ba\u9031\u4e94\u665a\u9593\u516d\u9ede\uff0c\u4e0d\u5b9a\u6642\u767c\u4f48\u5176\u5b83\u5f71\u7247\uff01\u00d7\n\u8a02\u95b1\u6211\u5011\uff1ahttps://goo.gl/5L8xkV\n\u963f\u746a\u5b98\u7db2\uff1ahttps://www.fumeanstore.com\n\n\u3010\u5fd7\u9298\u642c\u5bb6\u5566\uff01\u7b49\u4e86\u5feb\u5169\u5e74...\u3011\u5fd7\u9298\u8207\u72f8\u8c93\n\u25b6 https://youtu.be/Yz5dmluEbAA\n\n-\n\n\u3010\u8fd1\u671f\u6d3b\u52d5\u3011\n\n\u3010\u8c93\u54aa\u8d85\u6709\u4e8b3\uff1a\u746a\u6c11\u8a8d\u8b49\u7c3d\u66f8\u6703\u3011\n* 7/23 14:00~17:00 \u53f0\u5357 \u653f\u5927\u66f8\u57ce (\u53f0\u5357\u5e02\u4e2d\u897f\u5340\u897f\u9580\u8def\u4e8c\u6bb5120\u865f)\n* 8/20 14:00~17:00 \u82b1\u84ee \u653f\u5927\u66f8\u57ce (\u82b1\u84ee\u7e23\u82b1\u84ee\u5e02\u4e2d\u5c71\u8def547-2\u865f)\n* 9/10 14:00~17:00 \u53f0\u5317 \u4e2d\u548c\u74b0\u7403\u8cfc\u7269\u4e2d\u5fc3 (\u65b0\u5317\u5e02\u4e2d\u548c\u5340\u4e2d\u5c71\u8def\u4e09\u6bb5122\u865f)\n* 11/19 14:00~17:00 \u9ad8\u96c4 \u6f22\u795e\u5de8\u86cb B1\u7279\u5c55\u5340 (\u9ad8\u96c4\u5e02\u5de6\u71df\u5340\u535a\u611b\u4e8c\u8def777\u865f)  \n* 12/03 14:00~17:00 \u53f0\u4e2d \u5ee3\u4e09SOGO 12\u6a13\u6d3b\u52d5\u5340 (\u53f0\u4e2d\u5e02\u897f\u5340\u53f0\u7063\u5927\u9053\u4e8c\u6bb5459\u865f)\n\u8a73\u7d30\u6d3b\u52d5\u8fa6\u6cd5\u8acb\u770b https://lihi3.cc/RMCIt/YT\n\n-\n\n\u7b2c\u4e09\u672c\u5716\u6587\u6f2b\u756b\u300a\u8c93\u54aa\u8d85\u6709\u4e8b3-\u8c93\u8c93\u7f8e\u98df\u6551\u63f4\u8a08\u756b\u300b\n\u5728\u746a\u746a\u5546\u884c\u8cfc\u8cb7\u5c31\u8d08\u9001\u300c\u5f8c\u5bae\u842c\u7528\u8b49\u4ef6\u5e36\u300d\uff08\u96a8\u6a5f1\u6b3e\uff09\n\n\u3010\u6436\u8cfc\u5c08\u5340\u3011   \n\u53f0\u7063(\u746a\u746a\u5546\u884c)\uff1ahttps://lihi1.com/vzhq3/catyt2\n\u203b\u5546\u884c\u7368\u5bb6\u8d08\u9001\u3010\u5f8c\u5bae\u842c\u7528\u8b49\u4ef6\u5e36\u3011\uff08\u51683\u6b3e\uff0c\u96a8\u6a5f\u8d08\u9001\u4e59\u6b3e\uff0c\u9001\u5b8c\u70ba\u6b62\uff09\n\u6e2f\u6fb3\u5730\u5340\uff1ahttps://reurl.cc/rZAq54\n\u99ac\u65b0\u5730\u5340\uff1ahttps://is.gd/Vs7aXI\n\n-\n\n\u30107-ELEVEN \u9ec3\u963f\u746a\u4e3b\u984c\u5e97\u3011\n\u4e3b\u984c\u5e97\u958b\u5e55\u5566\uff5e\n\u8cb7\u5496\u5561\u5c31\u53ef\u4ee5\u7372\u5f97\u672c\u5e97\u9650\u5b9a\u7684\u963f\u746aCITY CAFE\u676f\uff01\n\u5e97\u5167\u9084\u6709\u5f88\u591a\u6771\u897f\u53ef\u4ee5\u62cd\u7167\uff0c\u6b61\u8fce\u4f86\u901b\u901b\uff5e\n\u5730\u5740\uff1a7-ELEVEN\u6566\u4fe1\u9580\u5e02\uff08\u53f0\u5317\u5e02\u5927\u5b89\u5340\u4ec1\u611b\u8def\u56db\u6bb5122\u5df750\u865f1\u6a13\uff09\n\n-\n\n\u7b2c\u516b\u672c\u5e74\u5ea6\u8457\u4f5c\u300a\u6700\u73cd\u60dc\u7684\u6642\u5149\u300b\n\u53f0\u7063\uff08\u746a\u746a\u5546\u884c\uff09\uff1ahttps://lihi2.com/EIuQg/fumeancatYT\n\u6e2f\u6fb3\u5730\u5340\uff1ahttps://parg.co/UN4Q\n\u99ac\u65b0\u5730\u5340\uff1ahttps://parg.co/UN4s\n\n-\n\n\u3010\u963f\u746a Line\u8cbc\u5716\uff06\u4e3b\u984c\u3011\n\u300a\u6700\u65b0\u4e0a\u67b6\u300bhttps://reurl.cc/8jK0q4\n\u300a\u66f4\u591a\u8cbc\u5716\u300bhttps://reurl.cc/4RY6L2\n\n\u3010\u963f\u746a\u5b98\u7db2-\u746a\u746a\u5546\u884c\u3011\n\u25b6\u00a0https://www.fumeanstore.com/\n\u300a\u6700\u65b0\u5546\u54c1\u300b304\u4e0d\u93fd\u92fc\u9910\u5177\u3001\u7ae5\u88dd\u7d14\u68c9\u77edT\u3001\u5f8c\u5bae\u5922\u4e4b\u8239\u58d3\u514b\u529b\u9020\u578b\u7acb\u724c\n\n---\n\n\u3010\u5408\u4f5c\u9080\u7d04/IP\u806f\u540d\u6388\u6b0a\u3011\nfumeanaction@gmail.com \uff08\u6b61\u8fce\u4f86\u4fe1\u6d3d\u8ac7\uff09\n\n\u3014\u7248\u6b0a\u6240\u6709\uff0c\u975e\u7d93\u8a31\u53ef\u52ff\u8f49\u8f09\u81f3\u4efb\u4f55\u5e73\u53f0\u3015\n\u3014\u9818\u990a\u4e0d\u68c4\u990a\u3015",
        "likeCount": "7296",
        "commentCount": "187",
        "viewCount": "214014"
    },
    "comments": [
        {
            "reply_id": "Ugx2T1AfUarC74hlrLt4AaABAg",
            "reply_content": "\u9019\u8c93\u6703\u793e\u6050",
            "likeCount": 0
        },
        {
            "reply_id": "UgxzrjX8z5VCvxLc6Xp4AaABAg",
            "reply_content": "\u771f\u7684\u52a0\u5165\u5f8c\u5bae\u4e86",
            "likeCount": 0
        },
        {
            "reply_id": "Ugznfj6f2_BDvZeNsBd4AaABAg",
            "reply_content": "\u771f\u7684\u5f88\u50cf\u565c\u565c",
            "likeCount": 0
        },
        {
            "reply_id": "UgxDBqJSKS0asF18oPt4AaABAg",
            "reply_content": "\u60f3\u77e5\u9053\u51fa\u53bb\u767c\u751f\u4e86\u4ec0\u9ebc\u707d\u96e3\u7684\u4e8b",
            "likeCount": 0
        },
        {
            "reply_id": "UgwsSMJb15rNM0HTqJN4AaABAg",
            "reply_content": "\u5c0f\u5695\u5695",
            "likeCount": 0
        },
        {
            "reply_id": "Ugy8-kpjuCQ3Uke6IuB4AaABAg",
            "reply_content": "\u5f88\u5147",
            "likeCount": 0
        },
        {
            "reply_id": "Ugwcghyj4K-0YIxMAr54AaABAg",
            "reply_content": "\u7528\u8c93\u53eb",
            "likeCount": 0
        },
        {
            "reply_id": "Ugwjr2Jyxq5fzZn_jTJ4AaABAg",
            "reply_content": "\u597d\u53ef\u611b",
            "likeCount": 0
        },
        {
            "reply_id": "UgxXU-q6z8Nyra9o4Y14AaABAg",
            "reply_content": "\u61c9\u8a72\u662f\u623f\u9593\u88e1\u9762\u9084\u6709\u8c93\u7684\u5473\u9053",
            "likeCount": 0
        },
        {
            "reply_id": "UgwBLD9N9D-CGh_eOEl4AaABAg",
            "reply_content": "\u597d\u53ef\u611b\u7684\u5c0f\u64fc\u7947\u662f\u6c92\u6a5f\u6703\u548c\u4e09\u8173\u73a9\u6709\u9ede\u53ef\u60dc\u3002",
            "likeCount": 0
        },
        {
            "reply_id": "UgypRz2ZMkdq6j-CYWR4AaABAg",
            "reply_content": "\u597d\u4e45\u6c92\u6709\u898b\u5230\u5c0f\u5695\u4e86",
            "likeCount": 0
        },
        {
            "reply_id": "UgxX2j-86o8IRBC53Lp4AaABAg",
            "reply_content": "\u771f\u68d2",
            "likeCount": 0
        },
        {
            "reply_id": "UgzcvmMCIzPmSKx3RGh4AaABAg",
            "reply_content": "\u54c7\u554a",
            "likeCount": 0
        }
    ]
}