{
    "video_info": {
        "id": "e4UhSDxf3mk",
        "channelTitle": "\u9ec3\u963f\u746a\u7684\u5f8c\u5bae\u751f\u6d3b",
        "title": "\u3010\u76f4\u64ad\u4e2d\u3011\u62db\u5f1f\u751f\u65e5QA\u6642\u9593",
        "description": "",
        "likeCount": "918",
        "commentCount": "60",
        "viewCount": "19013"
    },
    "comments": [
        {
            "reply_id": "UgwESTyhNlBJUA8Glrd4AaABAg",
            "reply_content": "\u5c0f\u62db\u5f1f\u6108\u4f86\u6108\u6210\u719f\u7f8e\u9e97\u2764\u795d\u62db\u5f1f\u6c38\u9060\u5065\u5eb7\u5feb\u6a02",
            "likeCount": 13
        },
        {
            "reply_id": "UgzUByYxq68dGM5d9xd4AaABAg",
            "reply_content": "\u982d\u9999",
            "likeCount": 4
        },
        {
            "reply_id": "Ugx5J_D5MguU4zHhBM14AaABAg",
            "reply_content": "\u62db\u5f1f\u751f\u65e5\u5feb\u6a02",
            "likeCount": 2
        },
        {
            "reply_id": "UgyCk2p4TWb3dyPGfxR4AaABAg",
            "reply_content": "\u62db\u5f1f\u751f\u65e5\u5feb\u4e50",
            "likeCount": 1
        },
        {
            "reply_id": "UgwCsUnnwe9g3-K9rkN4AaABAg",
            "reply_content": "\u7687\u540e\u751f\u65e5\u5feb\u6a02",
            "likeCount": 1
        },
        {
            "reply_id": "UgxifBkpsv_dWYsoUDR4AaABAg",
            "reply_content": "\u62db\u5f1f\u751f\u65e5\u5feb\u6a02",
            "likeCount": 1
        },
        {
            "reply_id": "UgzSNmU5xufo7IsT3Oh4AaABAg",
            "reply_content": "\u8b80\u4e86\u6211\u7684\u597d\u958b\u5fc3",
            "likeCount": 1
        }
    ]
}