{
    "video_info": {
        "id": "EuAiKE_QFeQ",
        "channelTitle": "\u9ec3\u963f\u746a\u7684\u5f8c\u5bae\u751f\u6d3b",
        "title": "\u9ec3\u963f\u746a\u7684\u5f8c\u5bae\u751f\u6d3b \u7b2c1\u5b63 \u7b2c11\u96c6\u3010\u7070\u80d6\u7684\u96b1\u6182\u3011\uff5c#\u540c\u540d\u52d5\u756b Fumeancats, Season One, Ep11",
        "description": "\u9ec3\u963f\u746a\u7684\u5f8c\u5bae\u751f\u6d3b\u300a\u540c\u540d\u52d5\u756b\u300b\n\u7b2c1\u5b63\u517113\u96c6 \u9810\u5b9a\u4e00\u500b\u6708\u767c\u4f48\u4e00\u96c6 \u65bc\u963f\u746aYT\u983b\u9053\u64ad\u51fa\n\n\u8a02\u95b1\u6211\u5011\uff1ahttps://goo.gl/5L8xkV\n\u963f\u746a\u5b98\u7db2\uff1ahttps://www.fumeanstore.com\n\u806f\u7e6b\uff1afumeanaction@gmail.com\n\n\n\u300a3D\u52d5\u756b\u88fd\u4f5c\u300b\u5de5\u4f5c\u4eba\u54e1\u540d\u55ae \n\u51fa\u54c1\uff1a\u746a\u746a\u6587\u574a\n\u539f\u4f5c\uff1a\u9ec3\u963f\u746a\u7684\u5f8c\u5bae\u751f\u6d3b\n\u76e3\u88fd\uff1a\u8a31\u5fd7\u9298\u3001\u9ec3\u7965\u65ed\n\u88fd\u4f5c\u4f01\u5283\uff1a\u746a\u746a\u6587\u574a\u3001\u9ec3\u963f\u746a\u7684\u5f8c\u5bae\u751f\u6d3b\n\u7de8\u5287\uff1a\u8a31\u5fd7\u9298\u3001\u9ec3\u7965\u65ed\n\u4f01\u5283\uff1a\u8521\u975c\u6021\u3001\u8449\u4f9d\u73b2\u3001\u694a\u742a\u5747\u3001\u5442\u6b23\n\u88fd\u7247\uff1a\u8449\u4f9d\u73b2\n\u7de8\u5287\u5354\u52a9\uff1a\u9ec3\u923a\u5d50\n\u7f8e\u8853\u6307\u5c0e\uff1a\u9ec3\u7965\u65ed\u3001\u694a\u4f73\u7ff0\u3001\u65b9\u6631\u6587\u3001\u694a\u742a\u5747\u3001\u5442\u6b23\n\nDirector\uff1aus studio \u8cb3\u62fe\u5de5\u4f5c\u5ba4\nProject Manager\uff1aus studio \u8cb3\u62fe\u5de5\u4f5c\u5ba4 \nExecutive Producer\uff1a\u8449\u4f9d\u73b2\n2D & 3D Storyboard\uff1a us studio \u8cb3\u62fe\u5de5\u4f5c\u5ba4 \nDesigner\uff1a \u694a\u742a\u5747 \u3001\u5442\u6b23 \nModeling & Textureing\uff1a\u5289\u81f3\u83ef\u3001\u8449\u4f9d\u73b2 \u3001\u5442\u6b23 \u3001\u694a\u5cfb\u9d6c\u3001\u90ed\u5bb6\u6fa4\nRigging\uff1a \u7ae5\u6bd3\u6d69 \u3001\u5442\u6b23\nAnimation\uff1a \u5442\u6b23\u3001 \u694a\u742a\u5747\u3001\u8449\u4f9d\u73b2\u3001\u984f\u5c0f\u5091\u3001\u6c88\u82ae\u4f03\nFX: \u8449\u4f9d\u73b2\u3001\u5442\u6b23\u3001\u90ed\u5bb6\u6fa4\nLighting\uff1a\u694a\u5cfb\u9d6c\u3001\u90ed\u5bb6\u6fa4\u3001\u8449\u4f9d\u73b2\nCompositing\uff1a\u694a\u5cfb\u9d6c\u3001\u90ed\u5bb6\u6fa4\u3001\u8449\u4f9d\u73b2\nus studio\u8cb3\u62fe\u5de5\u4f5c\u5ba4: https://www.facebook.com/usstudio20\n\u52d5\u756b\u5408\u4f5c\u6d3d\u8ac7: usstudio20@gmail.com\n\n\u300a\u914d\u97f3\u914d\u6a02\u300b\u5de5\u4f5c\u4eba\u54e1\u540d\u55ae\n\u97f3\u6a02\u5de5\u4f5c\u5ba4\uff1a\u7acb\u5a01\u97f3\u6a02\u5de5\u4f5c\u5ba4\n\u914d\u6a02\uff1a\u7acb\u5a01\u97f3\u6a02\u5de5\u4f5c / \u9673\u5a01\u8a8c\n\u97f3\u6548\uff1a\u7acb\u5a01\u97f3\u6a02\u5de5\u4f5c / \u738b\u9038\u51f1\n\u6df7\u97f3\u5f8c\u88fd\uff1a\u7acb\u5a01\u97f3\u6a02\u5de5\u4f5c\u5ba4\n\u9304\u97f3\uff1a\u64ad\u5ba2\u716e\n\n\u5fd7\u9298\uff1a\u8a31\u5fd7\u9298\n\u72f8\u8c93\uff1a\u9ec3\u7965\u65ed\n\u9ec3\u963f\u746a\uff1a\u9322\u6b23\u90c1\n\u7070\u80d6\uff1a\u96f7\u78a7\u6587\n\n\u3014\u7248\u6b0a\u6240\u6709\uff0c\u975e\u7d93\u8a31\u53ef\u52ff\u8f49\u8f09\u81f3\u4efb\u4f55\u5e73\u53f0\u3015",
        "likeCount": "3942",
        "commentCount": "223",
        "viewCount": "79580"
    },
    "comments": [
        {
            "reply_id": "UgzjnACUavoDIWHJiIB4AaABAg",
            "reply_content": "\u5176\u5be6\u6211\u89ba\u5f97\u52d5\u7269\u5011\u7684\u914d\u97f3\u53ef\u4ee5\u518d\u53ef\u611b\u9ede\uff0c\u73fe\u5728\u963f\u746a\u548c\u7070\u80d6\u7684\u8072\u97f3\u592a\u6210\u719f\u592a\u6b63\u7d93\u4e86",
            "likeCount": 1
        },
        {
            "reply_id": "UgzMLTs_exU_qj41FQB4AaABAg",
            "reply_content": "\u7070\u80d6\u597d\u53ef\u601c",
            "likeCount": 1
        },
        {
            "reply_id": "Ugx3SBLPB-B7fFF0XYx4AaABAg",
            "reply_content": "\u6211\u4e00\u76f4\u90fd\u5728\u7559\u610f\u6d3b\u6f51\u7684\u62db\u5f1f",
            "likeCount": 1
        },
        {
            "reply_id": "UgyEVFfTVyaChjaKrp54AaABAg",
            "reply_content": "\u770b\u5b8c\u624d\u77e5\u9053\u539f\u4f86\u5154\u5154\u8981\u526a\u7259\u9f52",
            "likeCount": 1
        },
        {
            "reply_id": "UgzdJcK1KSXi1GHc8AF4AaABAg",
            "reply_content": "\u7070\u80d6\u597d\u53ef\u611b\u963f\u746a\u597d\u53ef\u611b\u62db\u5f1f\u597d\u53ef\u611b",
            "likeCount": 1
        },
        {
            "reply_id": "UgzDIQhZWvCicP4EhaF4AaABAg",
            "reply_content": "\u7070\u80d6\u4f60\u5225\u8d70",
            "likeCount": 0
        },
        {
            "reply_id": "UgzXWsUsB1067OmWx054AaABAg",
            "reply_content": "\u597d\u6015\u770b\u5230\u7070\u80d6\u96e2\u958b\u7684\u90a3\u4e00\u5e55\u554a",
            "likeCount": 0
        },
        {
            "reply_id": "Ugx_DJQ3kegWCIKIcyt4AaABAg",
            "reply_content": "\u4e0d\u60f3\u671f\u5f85\u4e0b\u4e00\u96c6\u5566",
            "likeCount": 0
        },
        {
            "reply_id": "UgzPq-ApjMdpR87g_9t4AaABAg",
            "reply_content": "\u4e0d\u60f3\u770b\u5230\u5206\u96e2",
            "likeCount": 0
        },
        {
            "reply_id": "Ugxf-wg7Xrl-UxijgNN4AaABAg",
            "reply_content": "\u597d\u6000\u5ff5\u7070\u80d6",
            "likeCount": 0
        },
        {
            "reply_id": "UgzXdGbUf4xDGopnAEh4AaABAg",
            "reply_content": "\u4e0d\u592a\u5fcd\u5fc3\u770b",
            "likeCount": 0
        },
        {
            "reply_id": "UgxtxZFFpG42i7EKjdh4AaABAg",
            "reply_content": "\u53ef\u4ee5\u628a\u80cc\u666f\u7684\u919c\u8c93\u756b\u62ff\u51fa\u4f86\u8ce3\u55ce\u60f3\u8cb7",
            "likeCount": 0
        },
        {
            "reply_id": "UgzwrZQTbAH5yFT1ont4AaABAg",
            "reply_content": "\u5c0f\u62db\u5f1f\u597d\u53ef\u611b",
            "likeCount": 0
        },
        {
            "reply_id": "UgxtHxBw4W4pGwf0wWZ4AaABAg",
            "reply_content": "\u7070\u80a5\u8d85\u53ef\u7231\u7684",
            "likeCount": 0
        },
        {
            "reply_id": "UgxAgFG3U80iDUmgLCN4AaABAg",
            "reply_content": "\u60f3\u5ff5\u7070\u80d6",
            "likeCount": 3
        },
        {
            "reply_id": "Ugxh1VZODiJSpNxD3jR4AaABAg",
            "reply_content": "\u4e0b\u4e00\u96c6\u4e00\u5b9a\u662f\u500b\u5927\u6d0b\u8525",
            "likeCount": 2
        },
        {
            "reply_id": "UgzCt76P84lIc6bvFOh4AaABAg",
            "reply_content": "\u8a18\u5f97\u9019\u6642\u5019\u72f8\u8c93\u597d\u50cf\u5728\u7576\u5175\n\u6240\u4ee5\u5974\u624d\u53ea\u6709\u5fd7\u9298",
            "likeCount": 2
        },
        {
            "reply_id": "UgzZIY-q6UGrnZ7UUKV4AaABAg",
            "reply_content": "\u7070\u80d6\u60e1\u5922",
            "likeCount": 2
        },
        {
            "reply_id": "UgzCwff9X6-BBStATH14AaABAg",
            "reply_content": "\u62db\u5f1f\u597d\u53ef\u7231",
            "likeCount": 1
        },
        {
            "reply_id": "UgwlONJglF_pkqSmA4B4AaABAg",
            "reply_content": "\u62db\u5f1f\u885d\u885d\u885d",
            "likeCount": 1
        },
        {
            "reply_id": "UgzcROvv8FrgJNf0MA94AaABAg",
            "reply_content": "\u5831\u5230\u7b2c\u4e94",
            "likeCount": 1
        },
        {
            "reply_id": "UgzUk1XjqOWis7f8PTx4AaABAg",
            "reply_content": "\u7070\u80d6",
            "likeCount": 1
        },
        {
            "reply_id": "UgxxlFweHGANmdftNd14AaABAg",
            "reply_content": "\u4f86\u4e86",
            "likeCount": 1
        }
    ]
}