{
    "video_info": {
        "id": "EYb5gfpN5EM",
        "channelTitle": "\u9ec3\u963f\u746a\u7684\u5f8c\u5bae\u751f\u6d3b",
        "title": "\u300c\u76f4\u64ad\u4e2d\u300d\u4e09\u817316\u6b72\u751f\u65e5\uff01",
        "description": "",
        "likeCount": "1311",
        "commentCount": "108",
        "viewCount": "24304"
    },
    "comments": [
        {
            "reply_id": "UgzdMiuDa4EH-FKiiIR4AaABAg",
            "reply_content": "\u8d95\u4e0d\u4e0a\u76f4\u64ad\u54ed\u54ed",
            "likeCount": 2
        },
        {
            "reply_id": "UgyaGqveFURKXzXfksd4AaABAg",
            "reply_content": "\u7f8e\u9e97\u5a18\u5a18\u751f\u65e5\u5feb\u6a02",
            "likeCount": 2
        },
        {
            "reply_id": "Ugyxfam3pmat2VCoX2B4AaABAg",
            "reply_content": "\u795d\u4e09\u8173\u751f\u65e5\u5feb\u6a02\u8eab\u9ad4\u5065\u5eb7\u5feb\u5feb\u6a02\u6a02",
            "likeCount": 2
        },
        {
            "reply_id": "UgwQAB7TGSTy1JbyLcl4AaABAg",
            "reply_content": "\u4e09\u8173\u751f\u65e5\u5feb\u6a02",
            "likeCount": 1
        },
        {
            "reply_id": "Ugyfw6_C75BSfQOX9l94AaABAg",
            "reply_content": "\u4e09\u8173\u751f\u65e5\u5feb\u6a02",
            "likeCount": 1
        },
        {
            "reply_id": "UgxL8Okz7Vc0Kr7KZKt4AaABAg",
            "reply_content": "\u8173\u8173\u751f\u65e5\u5feb\u6a02",
            "likeCount": 1
        },
        {
            "reply_id": "UgxlWKtu8tmyhwjYQLt4AaABAg",
            "reply_content": "\u963f\u746a\u7626\u5f88\u591a\u5440",
            "likeCount": 1
        },
        {
            "reply_id": "UgzGSspHyMyAJZ6TrB14AaABAg",
            "reply_content": "\u597d\u53ef\u7231",
            "likeCount": 1
        },
        {
            "reply_id": "UgzCwPgNZQQCKQbpYWN4AaABAg",
            "reply_content": "\u795d\u4e09\u8173\u6c38\u9060\u7f8e\u9e97\u5065\u5eb7\u5e73\u5b89\u751f\u65e5\u5feb\u6a02",
            "likeCount": 0
        },
        {
            "reply_id": "UgwzcWLc9PkLWeKe-Rl4AaABAg",
            "reply_content": "\u751f\u65e5\u5feb\u6a02",
            "likeCount": 0
        },
        {
            "reply_id": "Ugw4dj7BaiqPTpchYUN4AaABAg",
            "reply_content": "\u4e09\u8173\u5a18\u5a18\u751f\u65e5\u5feb\u6a02",
            "likeCount": 0
        },
        {
            "reply_id": "UgxJO6VYBX1_pDTiwzp4AaABAg",
            "reply_content": "\u4e09\u8173\u751f\u65e5\u5927\u5feb\u6a02",
            "likeCount": 2
        }
    ]
}