{
    "video_info": {
        "id": "fBe6VLS6oxg",
        "channelTitle": "\u9ec3\u963f\u746a\u7684\u5f8c\u5bae\u751f\u6d3b",
        "title": "\u3010\u9ec3\u963f\u746a\u7684\u5f8c\u5bae\u751f\u6d3b\u3011\u6d63\u81788\u6b72\u751f\u65e5\uff01\u505a8\u4ef6\u4e8b\u8b93\u4ed6\u958b\u5fc3\uff01",
        "description": "\u6d63\u8178\uff1a\u300c\u6211\u8981\u516b\u6b72\u4e86\uff01\u300d\n\n#\u6d63\u8178 #\u751f\u65e5\u5feb\u6a02\n\u00d7 \u983b\u9053\u66f4\u65b0\u70ba\u9031\u4e94\u665a\u9593\u516d\u9ede\uff0c\u4e0d\u5b9a\u6642\u767c\u4f48\u5176\u5b83\u5f71\u7247\uff01\u00d7\n\u8a02\u95b1\u6211\u5011\uff1ahttps://goo.gl/5L8xkV\n\u963f\u746a\u5b98\u7db2\uff1ahttps://www.fumeanstore.com\n\n\u3010\u958b\u7bb1\u5317\u6d77\u90534\u4ef6\u9a5a\u5947\u9ad4\u9a57\uff01\u6c34\u85cd\u8272\u7684\u602a\u5473\u82ac\u9054\uff1f\u3011\u5fd7\u9298\u8207\u72f8\u8c93\n\u25b6 https://youtu.be/XyghsP-8LlI\n\n-\n\n\u3010\u8fd1\u671f\u6d3b\u52d5\u3011\n\n\u3010\u8c93\u54aa\u8d85\u6709\u4e8b3\uff1a\u746a\u6c11\u8a8d\u8b49\u7c3d\u66f8\u6703 \u9999\u6e2f\u5834\u3011\n\u6d3b\u52d5\u6642\u9593\uff1a2023/4/16(\u65e5) 15:00-19:00\n\u5730\u9ede\uff1a\u9999\u6e2f \u8aa0\u54c1\u9285\u947c\u7063\u5e97 9F FORUM\uff08\u9999\u6e2f\u9285\u947c\u7063\u8ed2\u5c3c\u8a69\u9053500\u865f\u5e0c\u614e\u5ee3\u5834\uff09\n\u865f\u78bc\u724c\u767c\u653e\u6642\u9593\uff06\u5730\u9ede\uff1a2023/4/16(\u65e5) 10:00 \u9999\u6e2f \u8aa0\u54c1\u9285\u947c\u7063\u5e97 9F \u670d\u52d9\u53f0\n\n-\n\n\u7b2c\u4e09\u672c\u5716\u6587\u6f2b\u756b\u300a\u8c93\u54aa\u8d85\u6709\u4e8b3-\u8c93\u8c93\u7f8e\u98df\u6551\u63f4\u8a08\u756b\u300b\n\u5728\u746a\u746a\u5546\u884c\u8cfc\u8cb7\u5c31\u8d08\u9001\u300c\u5f8c\u5bae\u842c\u7528\u8b49\u4ef6\u5e36\u300d\uff08\u96a8\u6a5f1\u6b3e\uff09\n\n\u3010\u6436\u8cfc\u5c08\u5340\u3011   \n\u53f0\u7063(\u746a\u746a\u5546\u884c)\uff1ahttps://lihi1.com/vzhq3/catyt2\n\u6e2f\u6fb3\u5730\u5340\uff1ahttps://reurl.cc/rZAq54\n\u99ac\u65b0\u5730\u5340\uff1ahttps://is.gd/Vs7aXI\n\u203b\u4ee5\u4e0a\u9023\u7d50\u7686\u6709\u9001\u3010\u5f8c\u5bae\u842c\u7528\u8b49\u4ef6\u5e36\u3011\uff08\u51683\u6b3e\uff0c\u96a8\u6a5f\u8d08\u9001\u4e59\u6b3e\uff0c\u9001\u5b8c\u70ba\u6b62\uff09\n\n-\n\n\u3010\u53f0\u5357-\u8da3\u6dd8\u6f2b\u65c5 X \u9ec3\u963f\u746a\u7684\u5f8c\u5bae\u751f\u6d3b\u3011\n\u5373\u65e5\u8d77\u81f36/30\u6b62\uff0c\u6bcf\u65e5\u9650\u91cf6\u9593\u300c\u963f\u746a\u4f86\u8da3\u6dd8\u300d\u4e3b\u984c\u623f\uff01\n\u5165\u4f4f\u963f\u746a\u4e3b\u984c\u623f\u5c31\u8d08\u9001\u300c\u4e3b\u984c\u623f\u79ae\u5305\u300d\u5594\uff01\n\u8a02\u623f\u7db2\u5740\uff1ahttps://reurl.cc/pZemRb\n\n-\n\n\u7b2c\u4e03\u672c\u5e74\u5ea6\u8457\u4f5c\u300a\u7b49\u6211\u56de\u5bb6\u7684\u4f60\u300b\n\u53f0\u7063\uff08\u746a\u746a\u5546\u884c\uff09\uff1ahttps://reurl.cc/Kxxa5n\n\uff08\u746a\u746a\u5546\u884c \u7368\u5bb6\u8d08\u9001\u300c\u5f8c\u5bae\u51fa\u904a\u8da3\u63d2\u756b\u660e\u4fe1\u7247\u4e00\u5f35\uff0c\u96a8\u6a5f\u51fa\u8ca8\u4e0d\u6311\u6b3e\u300d\u5176\u4ed6\u901a\u8def\u6c92\u6709\u8d08\u9001\u5594\uff5e\uff09\n\u99ac\u65b0\u5730\u5340\uff1ahttps://reurl.cc/bzzGvr\n\n-\n\n\u3010\u963f\u746a Line\u8cbc\u5716\uff06\u4e3b\u984c\u3011\n\u300a\u6700\u65b0\u4e0a\u67b6\u300bhttps://lihi3.cc/8ITQO/YT01\n\u300a\u66f4\u591a\u8cbc\u5716\u300bhttps://reurl.cc/4RY6L2\n\n\u3010\u963f\u746a\u5b98\u7db2-\u746a\u746a\u5546\u884c\u3011\n\u25b6 https://www.fumeanstore.com/\n\u300a\u6700\u65b0\u5546\u54c1\u300b\u8b8a\u88dd\u5a03\u5a03\u3001\u597d\u597d\u5e36\u98f2\u6599\u63d0\u888b\u3001\u65b0\u6b3e\u5f8c\u5bae\u7948\u798f\u5fa1\u5b88\n\n---\n\n\u3010\u5408\u4f5c\u9080\u7d04/IP\u806f\u540d\u6388\u6b0a\u3011\nfumeanaction@gmail.com \uff08\u6b61\u8fce\u4f86\u4fe1\u6d3d\u8ac7\uff09\n\n\u3014\u7248\u6b0a\u6240\u6709\uff0c\u975e\u7d93\u8a31\u53ef\u52ff\u8f49\u8f09\u81f3\u4efb\u4f55\u5e73\u53f0\u3015\n\u3014\u9818\u990a\u4e0d\u68c4\u990a\u3015",
        "likeCount": "5443",
        "commentCount": "325",
        "viewCount": "140797"
    },
    "comments": [
        {
            "reply_id": "Ugy_l_wfuNMKZRD1Tj54AaABAg",
            "reply_content": "\u6700\u559c\u6b61\u665a\u6d63\u8178\u4e86",
            "likeCount": 1
        },
        {
            "reply_id": "Ugw7Nw6iY5e1AsPQDX54AaABAg",
            "reply_content": "\u6d63\u8178\u8ddf\u6211\u5bb6\u8c93\u54aa\u540c\u4e00\u5929\u751f\u65e5\u4e00\u6a23\u7684\u5e74\u7d00 \u4f46\u662f\u5728\u4e00\u6708\u5e95\u751f\u75c5\u96e2\u958b\u56de\u5b83\u7684\u55b5\u661f\u7403\u4e86",
            "likeCount": 1
        },
        {
            "reply_id": "UgwJptYs3aRFLW41GeZ4AaABAg",
            "reply_content": "\u6d63\u8178\u751f\u65e5\u5feb\u6a02",
            "likeCount": 1
        },
        {
            "reply_id": "UgxnzKsIP4szVySDHEZ4AaABAg",
            "reply_content": "\u6211\u4e5f\u516b\u6b72\u4e86",
            "likeCount": 0
        },
        {
            "reply_id": "UgxoRWEKTnfOd9oDKCh4AaABAg",
            "reply_content": "\u6703\u958b\u9580",
            "likeCount": 0
        },
        {
            "reply_id": "UgzGjJhw3_5VB6bXWdF4AaABAg",
            "reply_content": "\u5dee\u6211\u4e00\u5929\u9981",
            "likeCount": 0
        },
        {
            "reply_id": "UgyBSbDT-VVYSWYbzBV4AaABAg",
            "reply_content": "\u751f\u65e5\u5feb\u6a02",
            "likeCount": 0
        },
        {
            "reply_id": "Ugyz2Y1nH2ZwYx5uEbh4AaABAg",
            "reply_content": "\u6d63\u8178\u751f\u65e5\u5feb\u6a02\u9577\u58fd\u5e73\u5b89\u5929\u5929\u5feb\u6a02",
            "likeCount": 0
        },
        {
            "reply_id": "UgxTJJdXVSpqfeq1ZC14AaABAg",
            "reply_content": "\u751f\u65e5\u5feb\u6a02\u5abd\u5abd\u5abd\u660e\u5929\u751f\u65e5",
            "likeCount": 0
        },
        {
            "reply_id": "UgzT6AH8itDPj-oZh_B4AaABAg",
            "reply_content": "\u795d\u6d63\u8178\u751f\u65e5\u5feb\u6a02",
            "likeCount": 0
        },
        {
            "reply_id": "Ugya6gvp4FRgaY7-69R4AaABAg",
            "reply_content": "\u674e\u69ae\u6d69\u751f\u65e5\u6b38",
            "likeCount": 0
        },
        {
            "reply_id": "UgwGcZaVGfh66uuK0W94AaABAg",
            "reply_content": "\u6642\u9593\u904e\u5f97\u592a\u5feb\u4e86\ud83e\udd72\u5f9e\u770b\u6d63\u8178\u5165\u5bae\u5230\u73fe\u5728\u5df2\u7d93\u904e\u4e86\u90a3\u9ebc\u4e45\u554a",
            "likeCount": 0
        },
        {
            "reply_id": "Ugwlyz4Bpz7Jr5TRJlF4AaABAg",
            "reply_content": "\u795d\u6d63\u8178\u751f\u65e5\u5feb\u6a02",
            "likeCount": 0
        },
        {
            "reply_id": "Ugy3msUF8O9RZSDU3ul4AaABAg",
            "reply_content": "\u80a0\u80a0\u751f\u65e5\u5feb\u4e50",
            "likeCount": 0
        },
        {
            "reply_id": "UgzJOhw26lzTbm7zIJp4AaABAg",
            "reply_content": "\u54c8\u54c8\u54c8\u54c8\u53ef\u611b\u7684\u80a5\u82b1\u7121\u6240\u4e0d\u5728\u592a\u53ef\u611b\u4e86",
            "likeCount": 0
        },
        {
            "reply_id": "UgzZGikiKy2p7YWj7Bt4AaABAg",
            "reply_content": "\u795d\u6d63\u8178\u751f\u65e5\u5feb\u6a02\u8eab\u9ad4\u5065\u5eb7\u652f\u6301\u4f60\u5011",
            "likeCount": 2
        },
        {
            "reply_id": "Ugw28042sqbpKHTyUGx4AaABAg",
            "reply_content": "\u606d\u559c",
            "likeCount": 1
        },
        {
            "reply_id": "UgylExphBTs1IzcqrIN4AaABAg",
            "reply_content": "\u674e\u69ae\u6d69\u751f\u65e5\u5feb\u6a02",
            "likeCount": 0
        },
        {
            "reply_id": "UgxXK4vbXkcWkW7B8pB4AaABAg",
            "reply_content": "\u6211\u4eca\u5929\u4e5f\u751f\u65e5",
            "likeCount": 0
        },
        {
            "reply_id": "UgzP99MVUWAjLkb8Jl14AaABAg",
            "reply_content": "\u795d\u798f\u795d\u8cc0\u6d63\u8178\u634c\u6b72\u751f\u65e5\u5feb\u6a02\u5929\u5929\u5929\u5929\u958b\u5fc3\u5929\u5929\u5929\u5929\u5929\u5929\u5929\u5929\u5929\u5929\u5929\u5929\u5929\u5929\u5929\u5929\u5feb\u6a02",
            "likeCount": 0
        },
        {
            "reply_id": "UgzeoKF4OloO0JNp-ux4AaABAg",
            "reply_content": "\u6d63\u8178\u751f\u65e5\u5feb\u6a02",
            "likeCount": 0
        },
        {
            "reply_id": "UgyK7iS20sJ0P5fIH4N4AaABAg",
            "reply_content": "\u6d63\u8178\u751f\u65e5\u5feb\u6a02",
            "likeCount": 0
        },
        {
            "reply_id": "UgyGByaBqIY3TJN7Q2F4AaABAg",
            "reply_content": "\u6d63\u8178\u52a0\u4eba\u751f\u6d63\u8178\u7d19\u7bb1\u505a\u6210\u626d\u86cb\u76d2\u73a9\u61c9\u8a72\u5f88\u6709\u9ede\ud83d\udc31",
            "likeCount": 0
        },
        {
            "reply_id": "UgygwHP6VKc-4TuJmRd4AaABAg",
            "reply_content": "\u6d63\u8178\u751f\u65e5\u5feb\u6a02",
            "likeCount": 0
        },
        {
            "reply_id": "UgycyNitZoBH6vGP7xV4AaABAg",
            "reply_content": "\u6d63\u8178\u751f\u65e5\u5feb\u6a02",
            "likeCount": 0
        }
    ]
}