{
    "video_info": {
        "id": "iys1FoCBBf0",
        "channelTitle": "\u9ec3\u963f\u746a\u7684\u5f8c\u5bae\u751f\u6d3b",
        "title": "\u3010\u9ec3\u963f\u746a\u7684\u5f8c\u5bae\u751f\u6d3b\u3011\u5f8c\u5bae\u505a\u8c93\u9580\uff01\u53ef\u96a8\u610f\u9032\u51fa\u7684\u5047\u8c93\u9580",
        "description": "\u6d63\u8178\uff1a\u300c\u6703\u958b\u9580\u7684\u8c93\u624d\u662f\u6700\u5f37\u7684\uff01\u300d\n\u00d7 \u983b\u9053\u66f4\u65b0\u70ba\u9031\u4e94\u665a\u9593\u516d\u9ede\uff0c\u4e0d\u5b9a\u6642\u767c\u4f48\u5176\u5b83\u5f71\u7247\uff01\u00d7\n\u8a02\u95b1\u6211\u5011\uff1ahttps://goo.gl/5L8xkV\n\u963f\u746a\u5b98\u7db2\uff1ahttps://www.fumeanstore.com\n\n\u3010\u6700\u6703\u6454\u96fb\u8166\u7684\u8c93VS\u6454\u4e0d\u58de\u7684\u96fb\u8166\u3011\u5fd7\u9298\u8207\u72f8\u8c93 \n\u25b6 https://youtu.be/KC_x3AlkBE4\n\n-\n\n\u3010\u8fd1\u671f\u6d3b\u52d5\u3011\n\n\u7b2c\u4e09\u672c\u5716\u6587\u6f2b\u756b\u300a\u8c93\u54aa\u8d85\u6709\u4e8b3-\u8c93\u8c93\u7f8e\u98df\u6551\u63f4\u8a08\u756b\u300b\n\u5728\u746a\u746a\u5546\u884c\u8cfc\u8cb7\u5c31\u8d08\u9001\u300c\u5f8c\u5bae\u842c\u7528\u8b49\u4ef6\u5e36\u300d\uff08\u96a8\u6a5f1\u6b3e\uff09\n\n\u3010\u6436\u8cfc\u5c08\u5340\u3011   \n\u53f0\u7063(\u746a\u746a\u5546\u884c)\uff1ahttps://lihi1.com/vzhq3/catyt2\n\u6e2f\u6fb3\u5730\u5340\uff1ahttps://reurl.cc/rZAq54\n\u99ac\u65b0\u5730\u5340\uff1ahttps://is.gd/Vs7aXI\n\u203b\u4ee5\u4e0a\u9023\u7d50\u7686\u6709\u9001\u3010\u5f8c\u5bae\u842c\u7528\u8b49\u4ef6\u5e36\u3011\uff08\u51683\u6b3e\uff0c\u96a8\u6a5f\u8d08\u9001\u4e59\u6b3e\uff0c\u9001\u5b8c\u70ba\u6b62\uff09\n\n-\n\n\u3010\u963f\u746a\u5922\u4e4b\u8239 \u53f0\u5317\u5feb\u9583\u5e97\u3011\n\u5730\u9ede\uff1a\u53f0\u5317\u7d71\u4e00\u6642\u4ee37F \n\u6642\u9593\uff1a\u5373\u65e5\u8d77\uff5e2/28(\u4e8c) 11:00-22:00\n\n\u6d3b\u52d5\u8a73\u60c5\u8acb\u770b\u3010\u746a\u746a\u5546\u884c\u3011\u7c89\u7d72\u5c08\u9801\n\u25b6\ufe0f https://www.facebook.com/fumeanstore.official/\n\n-\n\n\u3010\u53f0\u5357-\u8da3\u6dd8\u6f2b\u65c5 X \u9ec3\u963f\u746a\u7684\u5f8c\u5bae\u751f\u6d3b\u3011\n\u5373\u65e5\u8d77\u81f36/30\u6b62\uff0c\u6bcf\u65e5\u9650\u91cf6\u9593\u300c\u963f\u746a\u4f86\u8da3\u6dd8\u300d\u4e3b\u984c\u623f\uff01\n\u5165\u4f4f\u963f\u746a\u4e3b\u984c\u623f\u5c31\u8d08\u9001\u300c\u4e3b\u984c\u623f\u79ae\u5305\u300d\u5594\uff01\n\u8a02\u623f\u7db2\u5740\uff1ahttps://reurl.cc/pZemRb\n\n-\n\n\u3010\u7f6e\u5bccMalls X \u9ec3\u963f\u746a\u55b5\u904b\u99d5\u5230\u3011\n\u5373\u65e5\u8d77\u81f33/12\u53ef\u4ee5\u5728\u9999\u6e2f\u7f6e\u5bccMalls\u7684\u56db\u5927\u5546\u5834\u627e\u5230\u5f8c\u5bae\u7684\u8eab\u5f71\u5594\uff01\n\u8a73\u60c5\u8acb\u770b https://reurl.cc/YdKWa0\n\n-\n\n\u7b2c\u4e03\u672c\u5e74\u5ea6\u8457\u4f5c\u300a\u7b49\u6211\u56de\u5bb6\u7684\u4f60\u300b\n\u53f0\u7063\uff08\u746a\u746a\u5546\u884c\uff09\uff1ahttps://reurl.cc/Kxxa5n\n\uff08\u746a\u746a\u5546\u884c \u7368\u5bb6\u8d08\u9001\u300c\u5f8c\u5bae\u51fa\u904a\u8da3\u63d2\u756b\u660e\u4fe1\u7247\u4e00\u5f35\uff0c\u96a8\u6a5f\u51fa\u8ca8\u4e0d\u6311\u6b3e\u300d\u5176\u4ed6\u901a\u8def\u6c92\u6709\u8d08\u9001\u5594\uff5e\uff09\n\u99ac\u65b0\u5730\u5340\uff1ahttps://reurl.cc/bzzGvr\n\n-\n\n\u3010\u963f\u746a Line\u8cbc\u5716\uff06\u4e3b\u984c\u3011\n\u300a\u6700\u65b0\u4e0a\u67b6\u300bhttps://reurl.cc/ROb2dG\n\u300a\u66f4\u591a\u8cbc\u5716\u300bhttps://reurl.cc/4RY6L2\n\n\u3010\u963f\u746a\u5b98\u7db2-\u746a\u746a\u5546\u884c\u3011\n\u25b6 https://www.fumeanstore.com/\n\u300a\u6700\u65b0\u5546\u54c1\u300b\u65b0\u6b3e\u5305\u5305\u3001\u65b0\u6b3e\u73ea\u85fb\u571f\u5730\u588a\u3001Socles\u5de8\u5927\u9ebb\u7cec\n\n---\n\n\u3010\u5408\u4f5c\u9080\u7d04/IP\u806f\u540d\u6388\u6b0a\u3011\nfumeanaction@gmail.com \uff08\u6b61\u8fce\u4f86\u4fe1\u6d3d\u8ac7\uff09\n\n\u3014\u7248\u6b0a\u6240\u6709\uff0c\u975e\u7d93\u8a31\u53ef\u52ff\u8f49\u8f09\u81f3\u4efb\u4f55\u5e73\u53f0\u3015\n\u3014\u9818\u990a\u4e0d\u68c4\u990a\u3015",
        "likeCount": "6319",
        "commentCount": "249",
        "viewCount": "195488"
    },
    "comments": [
        {
            "reply_id": "Ugw1v2zS8awmBgicqZp4AaABAg",
            "reply_content": "\u592a\u597d\u7b11\u4e86",
            "likeCount": 1
        },
        {
            "reply_id": "UgzJpxHDrck1FhAsN4h4AaABAg",
            "reply_content": "\u8178\u8178\u8a13\u8a71\u90a3\u6bb5\u597d\u597d\u7b11",
            "likeCount": 1
        },
        {
            "reply_id": "UgxqXYg2YT8rOvcwlAp4AaABAg",
            "reply_content": "\u592a\u5947\u602a\u4e86",
            "likeCount": 0
        },
        {
            "reply_id": "UgxUrqvyHfxIbYEjPdN4AaABAg",
            "reply_content": "\u5f88\u597d\u7b11\u554a\u72f8\u8c93\u8b8a\u6210\u4e86\u4e00\u5c0d\u9580",
            "likeCount": 0
        },
        {
            "reply_id": "UgxxJFbTkyPlW-rLwLB4AaABAg",
            "reply_content": "\u597d\u60f3\u53bb\u963f\u746a\u7684\u5f8c\u5bae\u7136\u5f8c\u6478\u963f\u746a",
            "likeCount": 0
        },
        {
            "reply_id": "UgxsG21kMeTFr5O5CSF4AaABAg",
            "reply_content": "\u771f\u7684\u50bb\u773c\u8c93\u54aa",
            "likeCount": 0
        },
        {
            "reply_id": "Ugwzsd8YHUUoxidXgyB4AaABAg",
            "reply_content": "\u6709\u4e9b\u8c93\u6703\u6bd4\u8f03\u597d\u5947\u65b0\u7684\u7269\u54c1",
            "likeCount": 0
        },
        {
            "reply_id": "UgwlOszJBuf8NvLdzCV4AaABAg",
            "reply_content": "\u8c93\u9580\u63db\u6210\u900f\u660e\u7684\u8c93\u6703\u4e0d\u6703\u6bd4\u8f03\u77e5\u9053\u600e\u9ebc\u8d70\u554a\ud83d\ude02",
            "likeCount": 0
        },
        {
            "reply_id": "Ugzy9gi8MTUW1BAkKT94AaABAg",
            "reply_content": "\u597d\u771f\u7684\u9580",
            "likeCount": 0
        },
        {
            "reply_id": "UgxNnm-jTm-BXhUf5H54AaABAg",
            "reply_content": "\u6728\u982d\u7684\u9580\u7684\u5e7e\u842c\u584a\u4ee5\u4e00\u6247\u9580\u800c\u4e14\u8c93\u9580\u5927\u5c0f\u4e0d\u5c0d\u9580\u5c31\u5831\u92b7\u4e86",
            "likeCount": 0
        },
        {
            "reply_id": "UgwP-_RqgZwgvTo5uqF4AaABAg",
            "reply_content": "\u624b\u5de5\u5236\u9020\u7cbe\u7f8e\u7684\u9580",
            "likeCount": 0
        },
        {
            "reply_id": "UgzuyHzqsno_iNa04Bt4AaABAg",
            "reply_content": "\u8178\u8178\u9700\u8981\u6536\u9a5a\u4e86",
            "likeCount": 0
        },
        {
            "reply_id": "Ugy0pP2d_JXwhTCPvEx4AaABAg",
            "reply_content": "\u76e3\u7344\u5154",
            "likeCount": 0
        },
        {
            "reply_id": "UgwwZemd6WZQ5Ux8BpF4AaABAg",
            "reply_content": "\u5594",
            "likeCount": 0
        },
        {
            "reply_id": "UgwepfZPAdwN85LoDvx4AaABAg",
            "reply_content": "\u8b8a\u6210\u9580\u5be6\u5728\u592a\u597d\u7b11\u4e86",
            "likeCount": 0
        },
        {
            "reply_id": "UgzsIx0Rb7DBFaJa4lZ4AaABAg",
            "reply_content": "\u4f46\u732b\u6d1e\u72d7\u6d1e\u90a3\u79cd\u5bb9\u6613\u88ab\u5c0f\u5077\u5229\u7528",
            "likeCount": 0
        },
        {
            "reply_id": "UgxRpdVRyokcYer1HO94AaABAg",
            "reply_content": "\u61c9\u8a72\u8981\u628a\u72f8\u8c93\u505a\u6210\u5047\u7b46\u96fb\uff0c\u770b\u6703\u4e0d\u6703\u88ab\u963f\u746a\u6454",
            "likeCount": 5
        },
        {
            "reply_id": "UgyUUEYSSwvP8NPId8F4AaABAg",
            "reply_content": "\u9580\u6703\u52d5\u8c93\u54aa\u6703\u5687\u4e00\u8df3\u5427\u602a\u602a\u7684\u9580",
            "likeCount": 3
        },
        {
            "reply_id": "Ugx3qMyDEpDk6Zpiu554AaABAg",
            "reply_content": "\u6211\u611b\u5fd7\u9298",
            "likeCount": 2
        },
        {
            "reply_id": "UgzSOCQ5gI9Mmb09SRd4AaABAg",
            "reply_content": "\u6211\u89ba\u5f97\u662f\u8c93\u9580\u61c9\u8a72\u8981\u7528\u5225\u7684\u984f\u8272\n\u8c93\u8c93\u597d\u50cf\u6c92\u6709\u770b\u51fa\u5e95\u4e0b\u6709\u5c0f\u9580",
            "likeCount": 1
        },
        {
            "reply_id": "UgxiP6SozPZKmMquk6Z4AaABAg",
            "reply_content": "\u963f\u746a\u60f3\u5c0d\u5695\u5695\u8aaa\u90a3\u9ebc\u5bb9\u6613\u4f60\u9084\u4e0d\u5617\u8a66",
            "likeCount": 0
        },
        {
            "reply_id": "Ugyi4gB3WLSPVINjUNF4AaABAg",
            "reply_content": "\u6bd4\u8f03\u60f3\u770b\u5047\u8c93\u6c99\u76e4",
            "likeCount": 0
        },
        {
            "reply_id": "Ugz5U3Rza66-bA88fKd4AaABAg",
            "reply_content": "\u6211\u5bb6\u6c92\u6709\u8c93\u9580\u9019\u7a2e\u6771\u897f",
            "likeCount": 0
        },
        {
            "reply_id": "UgxOlRJn5rISHeuPMqV4AaABAg",
            "reply_content": "\u53ef\u611b\u7684\u5695\u5695\u771f\u7684\u662f\u50bb\u773c\u8c93\u54aa\u7684\u8868\u60c5\uff0c\u54c8\u54c8\u54c8\u54c8\u54c8\u54c8",
            "likeCount": 8
        },
        {
            "reply_id": "UgwVOIuG6KwcQazSLKN4AaABAg",
            "reply_content": "\u9019\u9580\u597d\u903c\u771f",
            "likeCount": 3
        }
    ]
}