{
    "video_info": {
        "id": "Jp_sWLqHxsY",
        "channelTitle": "\u9ec3\u963f\u746a\u7684\u5f8c\u5bae\u751f\u6d3b",
        "title": "\u3010\u9ec3\u963f\u746a\u7684\u5f8c\u5bae\u751f\u6d3b\u3011\u963f\u746a\u7a81\u7136\u8ddb\u8173\uff01\u9001\u91ab\u5065\u6aa2\uff01",
        "description": "\u963f\u746a\uff1a\u300c\u5927\u5bb6\u5225\u64d4\u5fc3\uff5e\u300d\n\u00d7 \u983b\u9053\u66f4\u65b0\u70ba\u9031\u4e94\u665a\u9593\u516d\u9ede\uff0c\u4e0d\u5b9a\u6642\u767c\u4f48\u5176\u5b83\u5f71\u7247\uff01\u00d7\n\u8a02\u95b1\u6211\u5011\uff1ahttps://goo.gl/5L8xkV\n\u963f\u746a\u5b98\u7db2\uff1ahttps://www.fumeanstore.com\n\n\u3010\u963f\u746a\u8ddb\u8173\u7684\u539f\u56e0\uff0c\u963f\u746a\u4e09\u8173\u5065\u6aa2\u5fc3\u5f97\u3011\u5fd7\u9298\u8207\u72f8\u8c93\n\u25b6 https://youtu.be/7XYt7P7RNCQ\n\n-\n\n\u3010\u8fd1\u671f\u6d3b\u52d5\u3011\n\n\u7b2c\u4e09\u672c\u5716\u6587\u6f2b\u756b\u300a\u8c93\u54aa\u8d85\u6709\u4e8b3-\u8c93\u8c93\u7f8e\u98df\u6551\u63f4\u8a08\u756b\u300b\n\u5728\u746a\u746a\u5546\u884c\u8cfc\u8cb7\u5c31\u8d08\u9001\u300c\u5f8c\u5bae\u842c\u7528\u8b49\u4ef6\u5e36\u300d\uff08\u96a8\u6a5f1\u6b3e\uff09\n\n\u3010\u6436\u8cfc\u5c08\u5340\u3011   \n\u53f0\u7063(\u746a\u746a\u5546\u884c)\uff1ahttps://lihi1.com/vzhq3/catyt2\n\u6e2f\u6fb3\u5730\u5340\uff1ahttps://reurl.cc/rZAq54\n\u99ac\u65b0\u5730\u5340\uff1ahttps://is.gd/Vs7aXI\n\u203b\u4ee5\u4e0a\u9023\u7d50\u7686\u6709\u9001\u3010\u5f8c\u5bae\u842c\u7528\u8b49\u4ef6\u5e36\u3011\uff08\u51683\u6b3e\uff0c\u96a8\u6a5f\u8d08\u9001\u4e59\u6b3e\uff0c\u9001\u5b8c\u70ba\u6b62\uff09\n\n-\n\n\u3010\u53f0\u5357-\u8da3\u6dd8\u6f2b\u65c5 X \u9ec3\u963f\u746a\u7684\u5f8c\u5bae\u751f\u6d3b\u3011\n\u5373\u65e5\u8d77\u81f36/30\u6b62\uff0c\u6bcf\u65e5\u9650\u91cf6\u9593\u300c\u963f\u746a\u4f86\u8da3\u6dd8\u300d\u4e3b\u984c\u623f\uff01\n\u5165\u4f4f\u963f\u746a\u4e3b\u984c\u623f\u5c31\u8d08\u9001\u300c\u4e3b\u984c\u623f\u79ae\u5305\u300d\u5594\uff01\n\u8a02\u623f\u7db2\u5740\uff1ahttps://reurl.cc/pZemRb\n\n-\n\n\u3010\u7f6e\u5bccMalls X \u9ec3\u963f\u746a\u55b5\u904b\u99d5\u5230\u3011\n\u5373\u65e5\u8d77\u81f33/12\u53ef\u4ee5\u5728\u9999\u6e2f\u7f6e\u5bccMalls\u7684\u56db\u5927\u5546\u5834\u627e\u5230\u5f8c\u5bae\u7684\u8eab\u5f71\u5594\uff01\n\u8a73\u60c5\u8acb\u770b https://reurl.cc/YdKWa0\n\n-\n\n\u7b2c\u4e03\u672c\u5e74\u5ea6\u8457\u4f5c\u300a\u7b49\u6211\u56de\u5bb6\u7684\u4f60\u300b\n\u53f0\u7063\uff08\u746a\u746a\u5546\u884c\uff09\uff1ahttps://reurl.cc/Kxxa5n\n\uff08\u746a\u746a\u5546\u884c \u7368\u5bb6\u8d08\u9001\u300c\u5f8c\u5bae\u51fa\u904a\u8da3\u63d2\u756b\u660e\u4fe1\u7247\u4e00\u5f35\uff0c\u96a8\u6a5f\u51fa\u8ca8\u4e0d\u6311\u6b3e\u300d\u5176\u4ed6\u901a\u8def\u6c92\u6709\u8d08\u9001\u5594\uff5e\uff09\n\u99ac\u65b0\u5730\u5340\uff1ahttps://reurl.cc/bzzGvr\n\n-\n\n\u3010\u963f\u746a Line\u8cbc\u5716\uff06\u4e3b\u984c\u3011\n\u300a\u6700\u65b0\u4e0a\u67b6\u300bhttps://reurl.cc/ROb2dG\n\u300a\u66f4\u591a\u8cbc\u5716\u300bhttps://reurl.cc/4RY6L2\n\n\u3010\u963f\u746a\u5b98\u7db2-\u746a\u746a\u5546\u884c\u3011\n\u25b6\u00a0https://www.fumeanstore.com/\n\u300a\u6700\u65b0\u5546\u54c1\u300b\u65b0\u6b3e\u6307\u7532\u6cb9\u3001\u65b0\u6b3e\u5e8a\u5305\u3001\u964d\u843d\u5098\u7bc7\u76d2\u88dd\u73a9\u5177\n\n---\n\n\u3010\u5408\u4f5c\u9080\u7d04/IP\u806f\u540d\u6388\u6b0a\u3011\nfumeanaction@gmail.com \uff08\u6b61\u8fce\u4f86\u4fe1\u6d3d\u8ac7\uff09\n\n\u3014\u7248\u6b0a\u6240\u6709\uff0c\u975e\u7d93\u8a31\u53ef\u52ff\u8f49\u8f09\u81f3\u4efb\u4f55\u5e73\u53f0\u3015\n\u3014\u9818\u990a\u4e0d\u68c4\u990a\u3015",
        "likeCount": "14382",
        "commentCount": "505",
        "viewCount": "628722"
    },
    "comments": [
        {
            "reply_id": "UgwYYB4VMBKYN51-DdV4AaABAg",
            "reply_content": "\u963f\u746a\u5e74\u7d00\u771f\u7684\u662f\u4e0d\u5c0f\u4e86\uff0c\u795d\u798f\u963f\u746a\u80fd\u5eb7\u5fa9\u7e7c\u7e8c\u8ce3\u840c",
            "likeCount": 2
        },
        {
            "reply_id": "Ugxz473Ei8Qjzn9bWZp4AaABAg",
            "reply_content": "\u543e\u7687\u842c\u6b72\u842c\u842c\u6b72",
            "likeCount": 0
        },
        {
            "reply_id": "UgyvEeECI6lDYtDoGnB4AaABAg",
            "reply_content": "\u9ec3\u963f\u746a\u611b\u72f8\u8c93",
            "likeCount": 0
        },
        {
            "reply_id": "UgzCZkEvLmjxu6G4xyt4AaABAg",
            "reply_content": "\u62bd\u5c3f\u597d\u53ef\u6015",
            "likeCount": 0
        },
        {
            "reply_id": "UgwdfImQaFMufPNPMId4AaABAg",
            "reply_content": "\u795d\u5404\u4f4d\u5f8c\u5bae\u8eab\u4f53\u5065\u5eb7",
            "likeCount": 0
        },
        {
            "reply_id": "UgyrPJ_Ce_HdCh5cNUN4AaABAg",
            "reply_content": "\u5e0c\u671b\u4ed6\u5011\u90fd\u80fd\u5065\u5065\u5eb7\u5eb7\u5e73\u5e73\u5b89\u5b89",
            "likeCount": 0
        },
        {
            "reply_id": "Ugz5hPwX74f5IWQjJgh4AaABAg",
            "reply_content": "\u672c\u4f86\u5f88\u8a8d\u771f\u5728\u770b\u5065\u6aa2\u7d50\u679c\uff0c\u4f46\u662f\u5728\u770b\u5230\u4e09\u811a\u63cd\u963f\u746a\u7684\u77ac\u9593\u6211\u6574\u500b\u7b11\u7ffb",
            "likeCount": 0
        },
        {
            "reply_id": "Ugyte6dpXkAku-bCGwN4AaABAg",
            "reply_content": "\u963f\u746a\u771f\u7684\u662f\u8001\u7687\u4e0a\u4e86",
            "likeCount": 0
        },
        {
            "reply_id": "UgzU4pTuTuqCUHiiNMB4AaABAg",
            "reply_content": "\u8981\u73cd\u60dc\u773c\u524d",
            "likeCount": 0
        },
        {
            "reply_id": "UgyUBesV-akB-sJQHBd4AaABAg",
            "reply_content": "\u795d\u9858\u6bcf\u4e00\u96bb\u8c93\u90fd\u4e00\u76f4\u5065\u5eb7",
            "likeCount": 0
        },
        {
            "reply_id": "UgwceX_oG5CxQGUnV1p4AaABAg",
            "reply_content": "\u542c\u5230\u533b\u751f\u8bf4\u963f\u746a\u9000\u5316\u542c\u96be\u8fc7\u7684\u5e0c\u671b\u963f\u746a\u53ef\u4ee5\u5065\u5065\u5eb7\u5eb7",
            "likeCount": 0
        },
        {
            "reply_id": "UgwAbjnYwp3LXHM-2Dd4AaABAg",
            "reply_content": "\u5e0c\u671b\u4e3b\u5b50\u5011\u8eab\u9ad4\u5065\u5eb7\uff01\u53ef\u4ee5\u8acb\u554f\u662f\u54ea\u4e00\u9593\u5bf5\u7269\u91ab\u9662\u55ce",
            "likeCount": 0
        },
        {
            "reply_id": "UgxHujdZnoXNh9jJrWV4AaABAg",
            "reply_content": "\u8981\u5065\u5eb7\u6240\u6709\u5f8c\u5bae\u6210\u54e1",
            "likeCount": 0
        },
        {
            "reply_id": "UgxauRz5FSn58HgPa1x4AaABAg",
            "reply_content": "\u597d\u53ef\u6190",
            "likeCount": 0
        },
        {
            "reply_id": "UgwVc0rSXBl2sZyxkQ94AaABAg",
            "reply_content": "\u5e0c\u671b\u5f8c\u5bae\u7684\u5927\u5bb6\u90fd\u53ef\u4ee5\u4e00\u76f4\u5065\u5eb7\u5e73\u5b89",
            "likeCount": 9
        },
        {
            "reply_id": "UgzLZa72SKDPnBWV5wd4AaABAg",
            "reply_content": "\u8ffd\u5f8c\u5bae\u4e5f\u597d\u5e7e\u5e74\u4e86\n\u5e0c\u671b\u6bcf\u96bb\u8c93\u90fd\u80fd\u5065\u5065\u5eb7\u5eb7",
            "likeCount": 1
        },
        {
            "reply_id": "UgwJ56PAwGat0fOyFjF4AaABAg",
            "reply_content": "\u4e0d\u8fc7\u5f88\u53ef\u7231\u4ed6\u4eec",
            "likeCount": 1
        },
        {
            "reply_id": "UgxJXT9InsyGw3cG4Dl4AaABAg",
            "reply_content": "\u963f\u746a\u597d\u4f3c\u4eba",
            "likeCount": 1
        },
        {
            "reply_id": "Ugy5f_HEawalL3kXeQt4AaABAg",
            "reply_content": "\u542c\u5230\u963f\u739b\u9000\u5316\u597d\u96be\u8fc7",
            "likeCount": 0
        },
        {
            "reply_id": "UgxV1iluP9DSZocytMN4AaABAg",
            "reply_content": "\u60f3\u4e0d\u5230\u52d5\u7269\u4e5f\u6703\u6709\u9aa8\u524c",
            "likeCount": 0
        },
        {
            "reply_id": "Ugw_VEsow9Lndn-i75h4AaABAg",
            "reply_content": "\u4e09\u8173\u9760\u8457\u963f\u746a\u597d\u53ef\u611b\u8036",
            "likeCount": 0
        },
        {
            "reply_id": "UgzJ9XT2Wgl1M1x-sKh4AaABAg",
            "reply_content": "\u5e0c\u671b\u963f\u746a\u80fd\u9577\u547d\u767e\u6b72",
            "likeCount": 0
        },
        {
            "reply_id": "UgxiY-PKWvRKiyi0ebN4AaABAg",
            "reply_content": "\u5f8c\u5bae\u7684\u8c93\u54aa\u5011\u90fd\u8981\u8eab\u9ad4\u5065\u5eb7",
            "likeCount": 0
        },
        {
            "reply_id": "UgyH1x-Eveq8GRB96hJ4AaABAg",
            "reply_content": "\u5e0c\u671b\u5f8c\u5bae\u6210\u54e1\u8ddf\u5f8c\u5bae\u5718\u968a\u90fd\u5e73\u5b89\u5065\u5eb7",
            "likeCount": 0
        },
        {
            "reply_id": "UgxrVBXGQHBB6TKJesR4AaABAg",
            "reply_content": "\u597d\u5fc3\u75bc",
            "likeCount": 0
        }
    ]
}