{
    "video_info": {
        "id": "KedQNhnYags",
        "channelTitle": "\u9ec3\u963f\u746a\u7684\u5f8c\u5bae\u751f\u6d3b",
        "title": "\u3010\u76f4\u64ad\u3011Socles\u768450\u500b\u554f\u984c\uff0113\u6b72\u751f\u65e5QA\uff01",
        "description": "",
        "likeCount": "816",
        "commentCount": "53",
        "viewCount": "17952"
    },
    "comments": [
        {
            "reply_id": "UgyCY_szwROQzGJcyaF4AaABAg",
            "reply_content": "\u795d\u798f\u5fd7\u9298\u65e9\u65e5\u5eb7\u5fa9",
            "likeCount": 2
        },
        {
            "reply_id": "Ugz7XvXxyob17yYBhbx4AaABAg",
            "reply_content": "\u5fd7\u660e\u8acb\u4fdd\u91cd",
            "likeCount": 1
        },
        {
            "reply_id": "UgyM4Q-dTsZ0SjSptVV4AaABAg",
            "reply_content": "\u6211\u60f3\u8aaa\u6211\u662f\u611f\u5192\u6211\u7684\u897f\u85e5\u623f\u8ce3\u611f\u5192\u85e5\u5403\u4e86\u4e4b\u5f8c\u54b3\u55fd\u6c92\u6709\u597d\u5728\u54b3\u55fd\u670b\u53cb\u5bb6\u4eba\u554f\u8981\u53bb\u770b\u75c5\u958b\u4e86\u8033\u9f3b\u5589\u79d1\u77e5\u5f8c\u91ab\u751f\u770b\u9f3b\u5b50\u8033\u6735\u958b\u5200\u5207\u7247\u6c92\u60f3\u5230\u662f\u764c\u75c7\u9f3b\u764c\u75c7",
            "likeCount": 0
        }
    ]
}