{
    "video_info": {
        "id": "kS6uIiDfgzo",
        "channelTitle": "\u9ec3\u963f\u746a\u7684\u5f8c\u5bae\u751f\u6d3b",
        "title": "\u963f\u746a\u51fa\u9580\uff0c\u5168\u5834\u7686\u77e5\ud83d\ude02",
        "description": "",
        "likeCount": "11290",
        "commentCount": "203",
        "viewCount": "213507"
    },
    "comments": [
        {
            "reply_id": "UgyiBNv_jSLKJsyTJyp4AaABAg",
            "reply_content": "\u5f77\u5f7f\u65e9\u671f\u7684\u6377\u904b\u9032\u7ad9",
            "likeCount": 0
        },
        {
            "reply_id": "UgyIbRn-Cv5rPdtQr8N4AaABAg",
            "reply_content": "\u8981\u4e0d\u8981\u6539\u8cb7\u767d\u8272\u7684\u7a97\u53e3",
            "likeCount": 0
        },
        {
            "reply_id": "UgzXBIWjQdvE4G5XuOB4AaABAg",
            "reply_content": "\u6d88\u9632\u8eca\u963f\u746a",
            "likeCount": 0
        },
        {
            "reply_id": "UgxRFBtddVyBGhCAOyd4AaABAg",
            "reply_content": "\u597d\u5927\u53f0\u7684\u91cd\u808c\u963f",
            "likeCount": 0
        },
        {
            "reply_id": "UgzUvoPu9YHlNK-bC_t4AaABAg",
            "reply_content": "\u4e0d\u770b\u756b\u9762\u9084\u4ee5\u70ba\u662f\u98c6\u8eca\u5f71\u7247",
            "likeCount": 0
        },
        {
            "reply_id": "UgzKGH5dioph2hewtex4AaABAg",
            "reply_content": "\u81ea\u52a9\u8702\u9cf4\u5668",
            "likeCount": 0
        },
        {
            "reply_id": "UgwFOrNpGSZCyJ_p5Xd4AaABAg",
            "reply_content": "\u7a7a\u8972\u8b66\u5831",
            "likeCount": 0
        },
        {
            "reply_id": "UgyY119sJr0GmGWevBl4AaABAg",
            "reply_content": "\u597d\u50cf\u6709\u70b8\u5f48\u5f9e\u5929\u800c\u964d",
            "likeCount": 0
        },
        {
            "reply_id": "UgztBL4mTr6ji9w9HRx4AaABAg",
            "reply_content": "\u5a01\u6b66",
            "likeCount": 0
        },
        {
            "reply_id": "UgzOUWIcDErWgVSJj-J4AaABAg",
            "reply_content": "\u7a7a\u8972\u8b66\u5831",
            "likeCount": 0
        },
        {
            "reply_id": "UgzKHmB2vUw-Yykdu-p4AaABAg",
            "reply_content": "\u5435\u5435\u963f\u746a",
            "likeCount": 0
        },
        {
            "reply_id": "Ugw9KXfE0OEEmMzeLmB4AaABAg",
            "reply_content": "\u662d\u544a\u5929\u4e0b",
            "likeCount": 0
        },
        {
            "reply_id": "UgwAreGVsOYKCSA3oDp4AaABAg",
            "reply_content": "\u732b\u8089\u4e0d\u9519",
            "likeCount": 0
        },
        {
            "reply_id": "Ugz7mCJCpVW6FhCqVcd4AaABAg",
            "reply_content": "\u963f\u746a",
            "likeCount": 0
        },
        {
            "reply_id": "UgyrtbI_wgDwwVkunZF4AaABAg",
            "reply_content": "\u9b54\u97f3\u7a7f\u8166",
            "likeCount": 0
        },
        {
            "reply_id": "UgxY4nnd3rTYpiPdcGV4AaABAg",
            "reply_content": "\u4ed6\u54ea\u6642\u5019\u8b8a\u9aa8\u7070",
            "likeCount": 0
        },
        {
            "reply_id": "UgyYfWUw2kTbP-wHlWZ4AaABAg",
            "reply_content": "\u76f4\u5347\u6a5f\u7684\u8072\u97f3",
            "likeCount": 0
        },
        {
            "reply_id": "UgyTWVtJ_-qvnJb8djR4AaABAg",
            "reply_content": "\u6b7b\u80a5\u8c93\u5471\u5471\u5927\u53eb",
            "likeCount": 0
        },
        {
            "reply_id": "Ugx-6cWjR3UM72nvIEl4AaABAg",
            "reply_content": "\u8981\u592a\u76e3\u4e5d\u50b3",
            "likeCount": 0
        },
        {
            "reply_id": "UgyhsNpH33k2gPA_2o14AaABAg",
            "reply_content": "\u7687\u4e0a\u4e2d\u6c23\u5341\u8db3",
            "likeCount": 0
        },
        {
            "reply_id": "UgwLQAi-VqgAVLq0cSJ4AaABAg",
            "reply_content": "\u6211\u5982\u679c\u5728\u6377\u904b\u6216\u9ad8\u9435\u9047\u5230\u9019\u7a2e\u7684\n\u6574\u500b\u4eba\u90fd\u8e81\u8d77\u4f86\u4e86",
            "likeCount": 0
        },
        {
            "reply_id": "UgywEn6abAqxNOSgjMJ4AaABAg",
            "reply_content": "\u55b5\u5716\u5361\u8f5f\u70b8\u6a5f",
            "likeCount": 0
        },
        {
            "reply_id": "Ugy1djK4a_XQxTa4Npd4AaABAg",
            "reply_content": "\u8a2d\u5b9a\u6210\u516c\u53f8\u8001\u95c6\u4f86\u96fb\u7684\u624b\u6a5f\u9234\u8072\u4e0d\u932f",
            "likeCount": 0
        },
        {
            "reply_id": "UgxufTBUI94_1DwECj94AaABAg",
            "reply_content": "\u8c93\u8c93\u51fa\u9580\u90fd\u6210\u4fd7\u8fa3",
            "likeCount": 0
        },
        {
            "reply_id": "UgypSw3dNCnDa3pF4bx4AaABAg",
            "reply_content": "\u963f\u746a\u7684\u8072\u97f3\u53ef\u4ee5\u76f4\u63a5\u9304\u6210\u8b66\u5831\u5668\u4e86\uff0c\u9632\u7a7a\u6f14\u7fd2\u5f88\u9069\u7528",
            "likeCount": 0
        }
    ]
}