{
    "video_info": {
        "id": "MO-dDG7JfE4",
        "channelTitle": "\u9ec3\u963f\u746a\u7684\u5f8c\u5bae\u751f\u6d3b",
        "title": "\u9ec3\u963f\u746a\u7684\u5f8c\u5bae\u751f\u6d3b \u7b2c1\u5b63 \u7b2c13\u96c6\u3010\u7070\u80d6\u53bb\u54ea\u4e86\uff1f\u3011\uff5c#\u540c\u540d\u52d5\u756b Fumeancats, Season One, Ep13",
        "description": "\u963f\u746a\u7684\u540c\u540d\u52d5\u756b\u7b2c\u4e00\u5b63\uff0c\n\u5c31\u5728\u672c\u96c6\u5148\u544a\u4e00\u500b\u6bb5\u843d\u4e86\uff01\n\u6216\u8a31\uff0c\u52d5\u756b\u6703\u5982\u6b64\u5728\u7b2c\u4e00\u5b63\u7684\u5c3e\u8072\u756b\u4e0b\u53e5\u9ede\uff0c\n\u4f46\u963f\u746a\u8207\u7070\u80d6\u7684\u6545\u4e8b\uff0c\u4ecd\u6703\u5728\u6211\u5011\u7684\u5fc3\u88e1\u6301\u7e8c\u4e0b\u53bb\u22ef\n\n\u5929\u4e0b\u6c92\u6709\u4e0d\u6563\u7684\u7b75\u5e2d\uff0c\n\u4e0d\u8ad6\u672a\u4f86\u52d5\u756b\u662f\u5426\u6709\u6a5f\u6703\u91cd\u555f\u88fd\u4f5c\uff0c\n\u80fd\u8b93\u7070\u80d6\u7684\u6545\u4e8b\u66ab\u505c\u5728\u9019\u500b\u5730\u65b9\uff0c\n\u5c0d\u6211\u5011\u4f86\u8aaa\u5df2\u7d93\u662f\u5341\u5206\u6b23\u6170\uff01\n\n\u540c\u6642\uff0c\u70ba\u4e86\u8b93\u9019\u500b\u53e5\u9ede\u4e0d\u8981\u90a3\u9ebc\u907a\u61be\uff0c\n\u6211\u5011\u5c07\u52d5\u756b\u7684\u5f8c\u5bae\u4e09\u59cb\u7956\u5be6\u9ad4\u5316\u4e86\uff01\n\u5373\u523b\u8d77\u540c\u540d\u52d5\u756b\u516c\u4ed4\u7d00\u5ff5\u5957\u7d44\n\u963f\u746a\u3001\u5c0f\u62db\u5f1f\uff0c\u4ee5\u53ca\u7070\u80d6\uff0c\n\u4e09\u96bb\u7d93\u5178\u89d2\u8272\u4e00\u6b21\u6536\u85cf\uff01\n\u4e00\u8d77\u73cd\u85cf\u9019\u7f8e\u597d\u7684\u611f\u52d5\u5427\uff01\n\n\u9650\u91cf300\u7d44\uff08\u552e\u5b8c\u4e0d\u52a0\u91cf\uff09\n\u5df2\u7d93\u958b\u653e\u9810\u8cfc\uff01\n\n\u5373\u65e5\u8d77\uff5e5/20(\u516d)\u5728\u746a\u746a\u5546\u884c\n\u8a73\u60c5\u8acb\u770bhttps://lihi2.com/Ga5hD/fumeanYT\n\n-\n\n\u8a02\u95b1\u6211\u5011\uff1ahttps://goo.gl/5L8xkV\n\u963f\u746a\u5b98\u7db2\uff1ahttps://www.fumeanstore.com\n\u806f\u7e6b\uff1afumeanaction@gmail.com\n\n\n\u300a3D\u52d5\u756b\u88fd\u4f5c\u300b\u5de5\u4f5c\u4eba\u54e1\u540d\u55ae \n\u51fa\u54c1\uff1a\u746a\u746a\u6587\u574a\n\u539f\u4f5c\uff1a\u9ec3\u963f\u746a\u7684\u5f8c\u5bae\u751f\u6d3b\n\u76e3\u88fd\uff1a\u8a31\u5fd7\u9298\u3001\u9ec3\u7965\u65ed\n\u88fd\u4f5c\u4f01\u5283\uff1a\u746a\u746a\u6587\u574a\u3001\u9ec3\u963f\u746a\u7684\u5f8c\u5bae\u751f\u6d3b\n\u7de8\u5287\uff1a\u8a31\u5fd7\u9298\u3001\u9ec3\u7965\u65ed\n\u4f01\u5283\uff1a\u8521\u975c\u6021\u3001\u8449\u4f9d\u73b2\u3001\u694a\u742a\u5747\u3001\u5442\u6b23\n\u88fd\u7247\uff1a\u8449\u4f9d\u73b2\n\u7de8\u5287\u5354\u52a9\uff1a\u9ec3\u923a\u5d50\n\u7f8e\u8853\u6307\u5c0e\uff1a\u9ec3\u7965\u65ed\u3001\u694a\u4f73\u7ff0\u3001\u65b9\u6631\u6587\u3001\u694a\u742a\u5747\u3001\u5442\u6b23\n\nDirector\uff1aus studio \u8cb3\u62fe\u5de5\u4f5c\u5ba4\nProject Manager\uff1aus studio \u8cb3\u62fe\u5de5\u4f5c\u5ba4 \nExecutive Producer\uff1a\u8449\u4f9d\u73b2\n2D & 3D Storyboard\uff1a us studio \u8cb3\u62fe\u5de5\u4f5c\u5ba4 \nDesigner\uff1a \u694a\u742a\u5747 \u3001\u5442\u6b23 \nModeling & Textureing\uff1a\u5289\u81f3\u83ef\u3001\u8449\u4f9d\u73b2 \u3001\u5442\u6b23 \u3001\u694a\u5cfb\u9d6c\u3001\u90ed\u5bb6\u6fa4\nRigging\uff1a \u7ae5\u6bd3\u6d69 \u3001\u5442\u6b23\nAnimation\uff1a \u5442\u6b23\u3001 \u694a\u742a\u5747\u3001\u8449\u4f9d\u73b2\u3001\u984f\u5c0f\u5091\u3001\u6c88\u82ae\u4f03\nFX: \u8449\u4f9d\u73b2\u3001\u5442\u6b23\u3001\u90ed\u5bb6\u6fa4\nLighting\uff1a\u694a\u5cfb\u9d6c\u3001\u90ed\u5bb6\u6fa4\u3001\u8449\u4f9d\u73b2\nCompositing\uff1a\u694a\u5cfb\u9d6c\u3001\u90ed\u5bb6\u6fa4\u3001\u8449\u4f9d\u73b2\nus studio\u8cb3\u62fe\u5de5\u4f5c\u5ba4: https://www.facebook.com/usstudio20\n\u52d5\u756b\u5408\u4f5c\u6d3d\u8ac7: usstudio20@gmail.com\n\n\u300a\u914d\u97f3\u914d\u6a02\u300b\u5de5\u4f5c\u4eba\u54e1\u540d\u55ae\n\u97f3\u6a02\u5de5\u4f5c\u5ba4\uff1a\u7acb\u5a01\u97f3\u6a02\u5de5\u4f5c\u5ba4\n\u914d\u6a02\uff1a\u7acb\u5a01\u97f3\u6a02\u5de5\u4f5c / \u9673\u5a01\u8a8c\n\u97f3\u6548\uff1a\u7acb\u5a01\u97f3\u6a02\u5de5\u4f5c / \u738b\u9038\u51f1\n\u6df7\u97f3\u5f8c\u88fd\uff1a\u7acb\u5a01\u97f3\u6a02\u5de5\u4f5c\u5ba4\n\u9304\u97f3\uff1a\u64ad\u5ba2\u716e\n\n\u5fd7\u9298\uff1a\u8a31\u5fd7\u9298\n\u72f8\u8c93\uff1a\u9ec3\u7965\u65ed\n\u9ec3\u963f\u746a\uff1a\u9322\u6b23\u90c1\n\u7070\u80d6\uff1a\u96f7\u78a7\u6587\n\n\u3014\u7248\u6b0a\u6240\u6709\uff0c\u975e\u7d93\u8a31\u53ef\u52ff\u8f49\u8f09\u81f3\u4efb\u4f55\u5e73\u53f0\u3015",
        "likeCount": "6748",
        "commentCount": "561",
        "viewCount": "115856"
    },
    "comments": [
        {
            "reply_id": "UgyCV4a7P-8SpukS13Z4AaABAg",
            "reply_content": "\u6211\u6628\u5929\u53bb\u963f\u746a\u7684\u626d\u86cb\u6a5f\u8f49\u5230\u7070\u80d6\u7684\u626d\u86cb",
            "likeCount": 3
        },
        {
            "reply_id": "UgxE3DHRKwfoV7EW57V4AaABAg",
            "reply_content": "\u5f88\u611f\u52d5",
            "likeCount": 2
        },
        {
            "reply_id": "UgyQVXH2JEmUy8VQ8tp4AaABAg",
            "reply_content": "\u5f88\u96e3\u60f3\u8c61\u5fd7\u9298\u914d\u9019\u6bb5\u97f3\u662f\u600e\u6a23\u6490\u8457\u7684\n\u9023\u770b\u5f97\u4eba\u90fd\u5728\u87a2\u5e55\u524d\u75db\u54ed\u6d41\u6d95",
            "likeCount": 0
        },
        {
            "reply_id": "Ugx6uW8nQkuDSumQppR4AaABAg",
            "reply_content": "\u9084\u662f\u8ddf\u7070\u80d6\u5ea6\u904e\u751f\u547d\u4e2d\u7684\u6700\u5f8c\u4e00\u523b\u5427",
            "likeCount": 0
        },
        {
            "reply_id": "UgwGud2hcQOh-Z3RlkV4AaABAg",
            "reply_content": "\u76f4\u63a5\u6dda\u5d29",
            "likeCount": 0
        },
        {
            "reply_id": "UgwBfDpOry991CDQYHt4AaABAg",
            "reply_content": "\u770b\u5230\u7070\u80d6\u5728\u5598\u8aaa\u7684\u90a3\u4e9b\u8a71\u6dda\u5c31\u5728\u773c\u88e1\u6253\u8f49\u4e86\ud83d\ude2d",
            "likeCount": 0
        },
        {
            "reply_id": "UgxjgGhNCDqmq3CcYeJ4AaABAg",
            "reply_content": "\u5e0c\u671b\u7070\u80d6\u6c38\u9060\u90fd\u80fd\u5728\u90a3\u88cf\u5145\u6eff\u5feb\u6a02\uff0c\u6c92\u6709\u4efb\u4f55\u907a\u61be",
            "likeCount": 0
        },
        {
            "reply_id": "UgyKXYHH02B5hR0nQ3d4AaABAg",
            "reply_content": "\u54ed\u6158\u4e86\u6211",
            "likeCount": 2
        },
        {
            "reply_id": "Ugxx_3d-ZmiOhg4taKZ4AaABAg",
            "reply_content": "\u6211\u76f4\u63a5\u54ed\u7206",
            "likeCount": 1
        },
        {
            "reply_id": "UgxU_gy3Lv31ja7h4pN4AaABAg",
            "reply_content": "\u7070\u80d6\u560e\u4e86",
            "likeCount": 0
        },
        {
            "reply_id": "UgwmIx2BSUxv7UF6igl4AaABAg",
            "reply_content": "\u6211\u770b\u5b8c\u662f\u6eff\u96e3\u904e\u5f97\u6211\u77e5\u9053\u7260\u8d70\u4e86\u7576\u662f\u6211\u4e0d\u6703\u5fd8\u8a18\u7070\u80d6\u7684",
            "likeCount": 0
        },
        {
            "reply_id": "Ugxc3y4VK4z4c0XcwSZ4AaABAg",
            "reply_content": "\u54c7\u6211\u54ed\u721b",
            "likeCount": 0
        },
        {
            "reply_id": "UgzMmuVTE2paQPgPx0J4AaABAg",
            "reply_content": "\u7206\u54ed\u7684\u4e00\u96c6",
            "likeCount": 0
        },
        {
            "reply_id": "UgxKEzif39VKvC3MLIx4AaABAg",
            "reply_content": "\u54ed\u54ed",
            "likeCount": 0
        },
        {
            "reply_id": "Ugz6uhtQeE0qJVKHDah4AaABAg",
            "reply_content": "\u72f8\u8c93\u771f\u6b63\u540d\u5b57\u53eb\u9ec3\u7965\u65ed",
            "likeCount": 0
        },
        {
            "reply_id": "UgxonkJ0UApoZr4ftHJ4AaABAg",
            "reply_content": "\u611f\u89ba\u963f\u746a\u6703\u9019\u9ebc\u7a69\u91cd\uff0c\u662f\u4e0d\u662f\u56e0\u70ba\u7d93\u6b77\u904e\u670b\u53cb\u96e2\u958b",
            "likeCount": 0
        },
        {
            "reply_id": "UgyGftzc3AzqbqqyNpN4AaABAg",
            "reply_content": "\u7247\u5c3e\u66f2\u6b4c\u8a5e\u5beb\u7684\u5f88\u771f\u5be6\uff0c\u6bcf\u4e00\u500b\u5974\u624d\u5c0d\u81ea\u5df1\u7684\u6bdb\u4e3b\u5b50\u7684\u611b\u90fd\u662f\u4e00\u6a23\u3002\u5e0c\u671b\u52d5\u756b\u80fd\u5920\u7e7c\u7e8c\u4e0b\u53bb",
            "likeCount": 3
        },
        {
            "reply_id": "Ugw_4jez7q4bqUkEzxZ4AaABAg",
            "reply_content": "\u9019\u96c6\u4e00\u958b\u59cb\u770b\u5230\u7070\u80d6\u5598\u4e0d\u904e\u6c23\u6211\u5c31\u6dda\u5d29\u4e86\ud83d\ude2d\u7136\u5f8c\u518d\u6b21\u6d6e\u73fe\u7070\u80d6\u96e2\u53bb\u7684\u6587\u5b57\uff0c\u5b8c\u5168\u6b62\u4e0d\u4f4f\u6dda\u6c34",
            "likeCount": 2
        },
        {
            "reply_id": "UgwTK56kK8uD3pKyXdp4AaABAg",
            "reply_content": "\u4ec0\u9ebc\u6211\u600e\u9ebc\u4e0d\u77e5\u9053\u7070\u80d6\u639b\u4e86",
            "likeCount": 0
        },
        {
            "reply_id": "UgxaYAX-nu5BV2nRguF4AaABAg",
            "reply_content": "\u7070\u80d6\u8d70\u4e86\u597d\u6368\u4e0d\u5f97",
            "likeCount": 0
        },
        {
            "reply_id": "UgzVa7SBT9ZuqTJwnaF4AaABAg",
            "reply_content": "\u7070\u80d6\u5df2\u7d93\u53bb\u5154\u5929\u5802\u4e86",
            "likeCount": 0
        },
        {
            "reply_id": "UgzHAhTnI3BdZKH_b8p4AaABAg",
            "reply_content": "\u7070\u80d6\u4e00\u5b9a\u6703\u5f88\u958b\u5fc3\u5974\u624d\u505a\u51fa\u52d5\u756b\u8a18\u5f97\u7260\u7684\u904e\u53bb\u751f\u6d3b\u7684\u9ede\u6ef4 \u5fd7\u9298\u4e0d\u8981\u50b7\u5fc3",
            "likeCount": 0
        },
        {
            "reply_id": "UgxxjvVtHqD5ik8PGwZ4AaABAg",
            "reply_content": "\u773c\u6dda\u98c6\u4e86\u55da\u55da\u55da",
            "likeCount": 0
        },
        {
            "reply_id": "Ugx_pHJP3KYhQHaLbA54AaABAg",
            "reply_content": "\u597d\u96e3\u904e",
            "likeCount": 1
        },
        {
            "reply_id": "UgyrCF0TpHQIlykwQQ14AaABAg",
            "reply_content": "\u771f\u662f\u8b93\u4eba\u770b\u5230\u54ed",
            "likeCount": 0
        }
    ]
}