{
    "video_info": {
        "id": "MpYHYRd34Go",
        "channelTitle": "\u9ec3\u963f\u746a\u7684\u5f8c\u5bae\u751f\u6d3b",
        "title": "\u9ec3\u963f\u746a\u7684\u5f8c\u5bae\u751f\u6d3b \u7b2c1\u5b63 \u7b2c12\u96c6\u3010\u72f8\u8c93\u53bb\u54ea\u4e86\uff1f\u3011\uff5c#\u540c\u540d\u52d5\u756b Fumeancats, Season One, Ep12",
        "description": "\u9ec3\u963f\u746a\u7684\u5f8c\u5bae\u751f\u6d3b\u300a\u540c\u540d\u52d5\u756b\u300b\n\u7b2c1\u5b63\u517113\u96c6 \u9810\u5b9a\u4e00\u500b\u6708\u767c\u4f48\u4e00\u96c6 \u65bc\u963f\u746aYT\u983b\u9053\u64ad\u51fa\n\n\u8a02\u95b1\u6211\u5011\uff1ahttps://goo.gl/5L8xkV\n\u963f\u746a\u5b98\u7db2\uff1ahttps://www.fumeanstore.com\n\u806f\u7e6b\uff1afumeanaction@gmail.com\n\n\n\u300a3D\u52d5\u756b\u88fd\u4f5c\u300b\u5de5\u4f5c\u4eba\u54e1\u540d\u55ae \n\u51fa\u54c1\uff1a\u746a\u746a\u6587\u574a\n\u539f\u4f5c\uff1a\u9ec3\u963f\u746a\u7684\u5f8c\u5bae\u751f\u6d3b\n\u76e3\u88fd\uff1a\u8a31\u5fd7\u9298\u3001\u9ec3\u7965\u65ed\n\u88fd\u4f5c\u4f01\u5283\uff1a\u746a\u746a\u6587\u574a\u3001\u9ec3\u963f\u746a\u7684\u5f8c\u5bae\u751f\u6d3b\n\u7de8\u5287\uff1a\u8a31\u5fd7\u9298\u3001\u9ec3\u7965\u65ed\n\u4f01\u5283\uff1a\u8521\u975c\u6021\u3001\u8449\u4f9d\u73b2\u3001\u694a\u742a\u5747\u3001\u5442\u6b23\n\u88fd\u7247\uff1a\u8449\u4f9d\u73b2\n\u7de8\u5287\u5354\u52a9\uff1a\u9ec3\u923a\u5d50\n\u7f8e\u8853\u6307\u5c0e\uff1a\u9ec3\u7965\u65ed\u3001\u694a\u4f73\u7ff0\u3001\u65b9\u6631\u6587\u3001\u694a\u742a\u5747\u3001\u5442\u6b23\n\nDirector\uff1aus studio \u8cb3\u62fe\u5de5\u4f5c\u5ba4\nProject Manager\uff1aus studio \u8cb3\u62fe\u5de5\u4f5c\u5ba4 \nExecutive Producer\uff1a\u8449\u4f9d\u73b2\n2D & 3D Storyboard\uff1a us studio \u8cb3\u62fe\u5de5\u4f5c\u5ba4 \nDesigner\uff1a \u694a\u742a\u5747 \u3001\u5442\u6b23 \nModeling & Textureing\uff1a\u5289\u81f3\u83ef\u3001\u8449\u4f9d\u73b2 \u3001\u5442\u6b23 \u3001\u694a\u5cfb\u9d6c\u3001\u90ed\u5bb6\u6fa4\nRigging\uff1a \u7ae5\u6bd3\u6d69 \u3001\u5442\u6b23\nAnimation\uff1a \u5442\u6b23\u3001 \u694a\u742a\u5747\u3001\u8449\u4f9d\u73b2\u3001\u984f\u5c0f\u5091\u3001\u6c88\u82ae\u4f03\nFX: \u8449\u4f9d\u73b2\u3001\u5442\u6b23\u3001\u90ed\u5bb6\u6fa4\nLighting\uff1a\u694a\u5cfb\u9d6c\u3001\u90ed\u5bb6\u6fa4\u3001\u8449\u4f9d\u73b2\nCompositing\uff1a\u694a\u5cfb\u9d6c\u3001\u90ed\u5bb6\u6fa4\u3001\u8449\u4f9d\u73b2\nus studio\u8cb3\u62fe\u5de5\u4f5c\u5ba4: https://www.facebook.com/usstudio20\n\u52d5\u756b\u5408\u4f5c\u6d3d\u8ac7: usstudio20@gmail.com\n\n\u300a\u914d\u97f3\u914d\u6a02\u300b\u5de5\u4f5c\u4eba\u54e1\u540d\u55ae\n\u97f3\u6a02\u5de5\u4f5c\u5ba4\uff1a\u7acb\u5a01\u97f3\u6a02\u5de5\u4f5c\u5ba4\n\u914d\u6a02\uff1a\u7acb\u5a01\u97f3\u6a02\u5de5\u4f5c / \u9673\u5a01\u8a8c\n\u97f3\u6548\uff1a\u7acb\u5a01\u97f3\u6a02\u5de5\u4f5c / \u738b\u9038\u51f1\n\u6df7\u97f3\u5f8c\u88fd\uff1a\u7acb\u5a01\u97f3\u6a02\u5de5\u4f5c\u5ba4\n\u9304\u97f3\uff1a\u64ad\u5ba2\u716e\n\n\u5fd7\u9298\uff1a\u8a31\u5fd7\u9298\n\u72f8\u8c93\uff1a\u9ec3\u7965\u65ed\n\u9ec3\u963f\u746a\uff1a\u9322\u6b23\u90c1\n\u7070\u80d6\uff1a\u96f7\u78a7\u6587\n\n\u3014\u7248\u6b0a\u6240\u6709\uff0c\u975e\u7d93\u8a31\u53ef\u52ff\u8f49\u8f09\u81f3\u4efb\u4f55\u5e73\u53f0\u3015",
        "likeCount": "4053",
        "commentCount": "211",
        "viewCount": "84890"
    },
    "comments": [
        {
            "reply_id": "UgyzP3-hARsaOOOsh3l4AaABAg",
            "reply_content": "\u7070\u80d6\u56e0\u8a72\u662f\u7528\u7b2c\u4e00\u5b63\u55ae\u7368\u958b\u4e00\u500b\u7279\u5225\u7bc7\u4f86\u544a\u8a34\u963f\u746a\u548c\u62db\u5f1f\u5b83\u53bb\u5feb\u6a02\u5929\u5802\u6bd4\u8f03\u9069\u5408\ud83d\ude22",
            "likeCount": 4
        },
        {
            "reply_id": "UgzDuh-FnVK3xD7aY_l4AaABAg",
            "reply_content": "\u51b0\u8ddf\u5175\u50bb\u50bb\u5206\u4e0d\u6e05\u695a",
            "likeCount": 1
        },
        {
            "reply_id": "UgwwjI2Fj2Ktpg0vO6Z4AaABAg",
            "reply_content": "\u7247\u5c3e\u66f2\u662f\u72f8\u8c93\u5531\u7684\u55ce",
            "likeCount": 1
        },
        {
            "reply_id": "Ugz6kx8JuY3oob3lhwF4AaABAg",
            "reply_content": "\u4ee5\u70ba\u662f\u8981\u6f14\u92f0\u8c93\u78ba\u8a3a\u7684\u90a3\u6bb5",
            "likeCount": 1
        },
        {
            "reply_id": "UgyiJMleGiCP9xMjlk94AaABAg",
            "reply_content": "\u6211\u539f\u672c\u9084\u4ee5\u70ba\u963f\u746a\u662f\u5728\u627e\u7070\u80d6\u6b38",
            "likeCount": 1
        },
        {
            "reply_id": "Ugw18750f2PZ6mG7FaJ4AaABAg",
            "reply_content": "\u6703\u5728\u8c93\u7802\u88e1\u627e\u72f8\u8c93\u662f\u56e0\u70ba\u72f8\u8c93\u5c0d\u963f\u746a\u4f86\u8aaa\u50cf\u5927\u4fbf\u55ce\ud83d\ude02",
            "likeCount": 1
        },
        {
            "reply_id": "UgxoDi9i_CNMquscfq14AaABAg",
            "reply_content": "\u72f8\u8c93\u662f\u597d\u7537\u5152\u5c31\u662f\u8981\u7576\u5175",
            "likeCount": 0
        },
        {
            "reply_id": "Ugw86p_FEH6Sa73Fest4AaABAg",
            "reply_content": "\u72f8\u8c93\u53bb\u7576\u5175\u4e86\u54ed\u54ed\u4e86\u6703\u60f3\u6200\u963f\u746a",
            "likeCount": 0
        },
        {
            "reply_id": "UgzLLe-lqZF4o7FaGI14AaABAg",
            "reply_content": "\u597d\u53ef\u611b",
            "likeCount": 0
        },
        {
            "reply_id": "Ugy5XeOlBBkf5rEb-Eh4AaABAg",
            "reply_content": "\u4f86\u4e86",
            "likeCount": 0
        },
        {
            "reply_id": "UgwMOC8HXwtDM-FwL114AaABAg",
            "reply_content": "\u963f\u746a\u662f\u4e0d\u662f\u8aa4\u6703",
            "likeCount": 0
        },
        {
            "reply_id": "UgyGMgXRQ2dcJYAM_8R4AaABAg",
            "reply_content": "\u72f8\u8c93\u53bb\u6458\u82b1\u6930\u83dc\u4e86\u3002\u53ea\u597d\u8b93\u5fd7\u9298\u70ba\u7687\u4e0a\u64e6\u5c41\u5c41\u4e86",
            "likeCount": 0
        },
        {
            "reply_id": "UgyS4WFZgYbrQxg5_rV4AaABAg",
            "reply_content": "\u672c\u4f86\u4ee5\u70ba\u5728\u627e\u7070\u80d6\u5462",
            "likeCount": 0
        },
        {
            "reply_id": "UgxdIXK8uvLJMb2oU8B4AaABAg",
            "reply_content": "\u53c8\u6709\u65b0\u52d5\u756b\u4e86",
            "likeCount": 0
        },
        {
            "reply_id": "Ugz37PXth8LzdeG2KRp4AaABAg",
            "reply_content": "\u4f86\u4e86",
            "likeCount": 0
        },
        {
            "reply_id": "UgwlIAiRoSo36gpCRWl4AaABAg",
            "reply_content": "\u7b2c\u4e00",
            "likeCount": 0
        }
    ]
}