{
    "video_info": {
        "id": "mTAcAK9rvkw",
        "channelTitle": "\u9ec3\u963f\u746a\u7684\u5f8c\u5bae\u751f\u6d3b",
        "title": "\u628a\u963f\u746a\u8b8a\u8d85\u7d1a\u8cfd\u4e9e\u4eba\u4e86\uff0c\u8b8a\u8eab\u7d19\u888b\uff01",
        "description": "\u8a02\u95b1\uff1ahttps://goo.gl/5L8xkV\nIG\uff1afumeancat\nhttps://www.fumeanstore.com\nfumeanaction@gmail.com",
        "likeCount": "3004",
        "commentCount": "173",
        "viewCount": "57494"
    },
    "comments": [
        {
            "reply_id": "Ugy491tVeYPhjtI7dGl4AaABAg",
            "reply_content": "\u963f\u746a\u679c\u771f\u662f\u5f8c\u5bae\u8cfd\u4e9e\u8c93\u7b2c\u4e00\u4eba\u8d85\u9069\u5408\u7684\uff0c\u53ef\u611b\u5ea6\u7834\u8868",
            "likeCount": 3
        },
        {
            "reply_id": "UgxBVWGIv-Xpx15jBl54AaABAg",
            "reply_content": "\u746a\u7a7a",
            "likeCount": 1
        },
        {
            "reply_id": "Ugz0_5k-gWgqKb8FdVF4AaABAg",
            "reply_content": "\u963f\u746a\u597d\u5e25",
            "likeCount": 1
        },
        {
            "reply_id": "Ugx7iCyPTcz6bg70oyJ4AaABAg",
            "reply_content": "\u609f\u746a",
            "likeCount": 1
        },
        {
            "reply_id": "UgytgPrXZwZhz3UYofF4AaABAg",
            "reply_content": "\u8d85\u7d1a\u8cfd\u963f\u746a",
            "likeCount": 1
        },
        {
            "reply_id": "Ugw2jNTbQWBYm6Kaj-F4AaABAg",
            "reply_content": "\u963f\u746a\u8d85\u642d\u7684",
            "likeCount": 1
        },
        {
            "reply_id": "Ugz6I1qNH80A5dh0bBZ4AaABAg",
            "reply_content": "\u963f\u746a\u53e3\u611b\u554a",
            "likeCount": 1
        },
        {
            "reply_id": "UgxVtYhqXFK1rdLOKdt4AaABAg",
            "reply_content": "\u72f8\u8c93\u5475\u5475\u7b11\u6709\u5920\u53ef\u611b\u7684\u54c8\u54c8\u54c8",
            "likeCount": 1
        },
        {
            "reply_id": "Ugy90TS2q24smQzHyep4AaABAg",
            "reply_content": "\u771f\u7684\u5f88\u9069\u5408\u963f\u746a\u5e36",
            "likeCount": 1
        },
        {
            "reply_id": "UgzyEFvy8Z3Fje_4Fgd4AaABAg",
            "reply_content": "\u9f8d\u746a\u7cbe\u795e",
            "likeCount": 1
        },
        {
            "reply_id": "UgzbogsPdximkI09tuJ4AaABAg",
            "reply_content": "\u6211\u9084\u4ee5\u70ba\u662f\u7345\u5b50\u738b\u52d2",
            "likeCount": 0
        },
        {
            "reply_id": "Ugx2SuudTHDHOAIB14x4AaABAg",
            "reply_content": "\u8cfd\u4e9e\u746a\u746a\u771f\u7684\u597d\u53ef\u611b",
            "likeCount": 0
        },
        {
            "reply_id": "Ugzq3FexwBKHSktNEdl4AaABAg",
            "reply_content": "\u597d\u597d\u770b",
            "likeCount": 0
        },
        {
            "reply_id": "UgwHbd61whefqMEmK3p4AaABAg",
            "reply_content": "\u8d85\u7d1a\u8cfd\u4e9e\u8c93",
            "likeCount": 0
        },
        {
            "reply_id": "Ugwj23gO4WylDAfDsaN4AaABAg",
            "reply_content": "\u8d85\u7d1a\u8cfd\u4e9e\u8c93",
            "likeCount": 0
        },
        {
            "reply_id": "UgzlrO71u4vkU4Lu8_14AaABAg",
            "reply_content": "\u80cc\u666f\u97f3\u6a02\u61c9\u8a72\u8981\u52a0\u8cfd\u4e9e\u4eba\u7684\u97f3\u6548\n\u9019\u6a23\u7a81\u986f\u963f\u746a\u7684\u6230\u9b25\u529b",
            "likeCount": 4
        },
        {
            "reply_id": "Ugz4G96pBOkt3uOizTp4AaABAg",
            "reply_content": "\u5c0f\u82b1\u662f\u5973\u751f\u4e0d\u60f3\u7576\u8cfd\u4e9e\u8c93",
            "likeCount": 3
        },
        {
            "reply_id": "UgzjDd_Ir671ORBGvWV4AaABAg",
            "reply_content": "\u4e03\u9f8d\u73e0\u963f\u746a\u597d\u53ef\u611b",
            "likeCount": 2
        },
        {
            "reply_id": "UgxzvbTHRkAp_Zmj21h4AaABAg",
            "reply_content": "\u746a\u746a\u8cfd\u96c5\u8c93",
            "likeCount": 2
        },
        {
            "reply_id": "UgzHHNOkKU78Nd2SBF14AaABAg",
            "reply_content": "\u9019\u61c9\u8a72\u53eb\u609f\u7a7a\u746a",
            "likeCount": 2
        },
        {
            "reply_id": "UgwjDC1_5Osqgk3HIx14AaABAg",
            "reply_content": "\u9739\u9742\u8c93",
            "likeCount": 1
        },
        {
            "reply_id": "Ugx_qsLyWib7fZsMN-B4AaABAg",
            "reply_content": "\u8d85\u7d1a\u8cfd\u4e9e\u963f\u746a",
            "likeCount": 1
        },
        {
            "reply_id": "UgxW_8c9llXpO28mV7Z4AaABAg",
            "reply_content": "\u8d85\u7d1a\u6492\u4e9e\u963f\u746a\u5927\u8b8a\u88dd",
            "likeCount": 1
        },
        {
            "reply_id": "UgxOWBLp1IvW8_8kiBR4AaABAg",
            "reply_content": "\u597d\u53ef\u611b",
            "likeCount": 1
        },
        {
            "reply_id": "UgyUvKVEiT-m305Iu-R4AaABAg",
            "reply_content": "\u771f\u7684\u592a\u53ef\u611b\u4e86\uff0c\u53ef\u60dc\u5bb6\u88e1\u7684\u8c93\u61c9\u8a72\u4e0d\u6703\u914d\u5408\u6211\u7684\u5617\u8a66",
            "likeCount": 1
        }
    ]
}