{
    "video_info": {
        "id": "NAayM4rTaUY",
        "channelTitle": "\u9ec3\u963f\u746a\u7684\u5f8c\u5bae\u751f\u6d3b",
        "title": "\u6478\u6b63\u5728\u7761\u89ba\u7684\u8c93\uff0c\u4ed6\u5011\u6709\u4ec0\u9ebc\u53cd\u61c9\uff1f",
        "description": "",
        "likeCount": "6693",
        "commentCount": "57",
        "viewCount": "141748"
    },
    "comments": [
        {
            "reply_id": "UgwfF4VRAM22jFHmfzJ4AaABAg",
            "reply_content": "\u6211\u9084\u60f3\u8aaa\u9019\u90e8\u600e\u9ebc\u597d\u50cf\u6c92\u770b\u904e\u539f\u4f86\u662f\u525b\u4e0a\u7247\u7684\u54c8\u54c8",
            "likeCount": 15
        },
        {
            "reply_id": "UgxrkpB6sACMvth7YHB4AaABAg",
            "reply_content": "\u67da\u5b50\u8ddf\u5c0f\u82b1\u8214\u5b8c\u7684\u8868\u60c5\u4e00\u6a21\u4e00\u6a23",
            "likeCount": 11
        },
        {
            "reply_id": "UgzkzCN6rHArkIWvezp4AaABAg",
            "reply_content": "\u50cf\u5169\u5144\u59b9\u822c",
            "likeCount": 5
        },
        {
            "reply_id": "UgynyTWr3cdl_ZMPWRN4AaABAg",
            "reply_content": "\u662f\u5f88\u5acc\u68c4",
            "likeCount": 2
        },
        {
            "reply_id": "Ugx8vzf35pUsNbPfYcd4AaABAg",
            "reply_content": "\u67da\u5b50\u8ddf\u5c0f\u82b1\u597d\u53ef\u611b",
            "likeCount": 1
        },
        {
            "reply_id": "UgwriT-0DyDuB56U4VF4AaABAg",
            "reply_content": "\u60f3\u770b\u5176\u4ed6\u5e7e\u96bb\u7684\u53cd\u61c9",
            "likeCount": 1
        },
        {
            "reply_id": "UgyZ5cAvRhWpfr-4Y-R4AaABAg",
            "reply_content": "\u4f38\u61d2\u8170\u8ba9\u6211\u66f4\u597d\u6478",
            "likeCount": 0
        },
        {
            "reply_id": "UgxGN5TXfRMP7B2uPGh4AaABAg",
            "reply_content": "\u54c8\u54c8\u54c8\u5acc\u4f60\u624b\u810f",
            "likeCount": 0
        },
        {
            "reply_id": "UgzN3sENNd0X7onFzQV4AaABAg",
            "reply_content": "\u600e\u9ebc\u9019\u9ebc\u559c\u6b61\u7576\u96fb\u71c8\u6ce1",
            "likeCount": 0
        }
    ]
}