{
    "video_info": {
        "id": "NotaIVGXejY",
        "channelTitle": "\u9ec3\u963f\u746a\u7684\u5f8c\u5bae\u751f\u6d3b",
        "title": "\u3010\u9ec3\u963f\u746a\u7684\u5f8c\u5bae\u751f\u6d3b\u3011\u6f29\u6e26\u7acb\u86cb\u6cd5\uff01\u6210\u529f\u7387\u5927\u589e\uff01",
        "description": "\u963f\u746a\uff1a\u300c\u807d\u8aaa\u6210\u529f\u7acb\u86cb\u6703\u6709\u597d\u904b\uff01\u300d\n#\u7aef\u5348\u7bc0 #\u8c93\u54aa\u7acb\u86cb\n\u00d7 \u983b\u9053\u66f4\u65b0\u70ba\u9031\u4e94\u665a\u9593\u516d\u9ede\uff0c\u4e0d\u5b9a\u6642\u767c\u4f48\u5176\u5b83\u5f71\u7247\uff01\u00d7\n\u8a02\u95b1\u6211\u5011\uff1ahttps://goo.gl/5L8xkV\n\u963f\u746a\u5b98\u7db2\uff1ahttps://www.fumeanstore.com\n\n\u3010\u6d63\u718a\u641e\u7b11\u5f71\u7247\u5fcd\u7b11\u6311\u6230\uff01\u4ed6\u5230\u5e95\u5728\u5e79\u561b\u5566\uff01\u3011\u5fd7\u9298\u8207\u72f8\u8c93\n\u25b6 https://youtu.be/5pdLu4F8JaA\n\n-\n\n\u3010\u8fd1\u671f\u6d3b\u52d5\u3011\n\n\u7b2c\u4e09\u672c\u5716\u6587\u6f2b\u756b\u300a\u8c93\u54aa\u8d85\u6709\u4e8b3-\u8c93\u8c93\u7f8e\u98df\u6551\u63f4\u8a08\u756b\u300b\n\u5728\u746a\u746a\u5546\u884c\u8cfc\u8cb7\u5c31\u8d08\u9001\u300c\u5f8c\u5bae\u842c\u7528\u8b49\u4ef6\u5e36\u300d\uff08\u96a8\u6a5f1\u6b3e\uff09\n\n\u3010\u6436\u8cfc\u5c08\u5340\u3011   \n\u53f0\u7063(\u746a\u746a\u5546\u884c)\uff1ahttps://lihi1.com/vzhq3/catyt2\n\u6e2f\u6fb3\u5730\u5340\uff1ahttps://reurl.cc/rZAq54\n\u99ac\u65b0\u5730\u5340\uff1ahttps://is.gd/Vs7aXI\n\u203b\u4ee5\u4e0a\u9023\u7d50\u7686\u6709\u9001\u3010\u5f8c\u5bae\u842c\u7528\u8b49\u4ef6\u5e36\u3011\uff08\u51683\u6b3e\uff0c\u96a8\u6a5f\u8d08\u9001\u4e59\u6b3e\uff0c\u9001\u5b8c\u70ba\u6b62\uff09\n\n-\n\n\u30107-ELEVEN \u9ec3\u963f\u746a\u4e3b\u984c\u5e97\u3011\n\u4e3b\u984c\u5e97\u958b\u5e55\u5566\uff5e\n\u8cb7\u5496\u5561\u5c31\u53ef\u4ee5\u7372\u5f97\u672c\u5e97\u9650\u5b9a\u7684\u963f\u746aCITY CAFE\u676f\uff01\n\u5e97\u5167\u9084\u6709\u5f88\u591a\u6771\u897f\u53ef\u4ee5\u62cd\u7167\uff0c\u6b61\u8fce\u4f86\u901b\u901b\uff5e\n\u5730\u5740\uff1a7-ELEVEN\u6566\u4fe1\u9580\u5e02\uff08\u53f0\u5317\u5e02\u5927\u5b89\u5340\u4ec1\u611b\u8def\u56db\u6bb5122\u5df750\u865f1\u6a13\uff09\n\n-\n\n\u3010\u53f0\u5357-\u8da3\u6dd8\u6f2b\u65c5 X \u9ec3\u963f\u746a\u7684\u5f8c\u5bae\u751f\u6d3b\u3011\n\u5373\u65e5\u8d77\u81f36/30\u6b62\uff0c\u6bcf\u65e5\u9650\u91cf6\u9593\u300c\u963f\u746a\u4f86\u8da3\u6dd8\u300d\u4e3b\u984c\u623f\uff01\n\u5165\u4f4f\u963f\u746a\u4e3b\u984c\u623f\u5c31\u8d08\u9001\u300c\u4e3b\u984c\u623f\u79ae\u5305\u300d\u5594\uff01\n\u8a02\u623f\u7db2\u5740\uff1ahttps://reurl.cc/pZemRb\n\n-\n\n\u7b2c\u4e03\u672c\u5e74\u5ea6\u8457\u4f5c\u300a\u7b49\u6211\u56de\u5bb6\u7684\u4f60\u300b\n\u53f0\u7063\uff08\u746a\u746a\u5546\u884c\uff09\uff1ahttps://reurl.cc/Kxxa5n\n\uff08\u746a\u746a\u5546\u884c \u7368\u5bb6\u8d08\u9001\u300c\u5f8c\u5bae\u51fa\u904a\u8da3\u63d2\u756b\u660e\u4fe1\u7247\u4e00\u5f35\uff0c\u96a8\u6a5f\u51fa\u8ca8\u4e0d\u6311\u6b3e\u300d\u5176\u4ed6\u901a\u8def\u6c92\u6709\u8d08\u9001\u5594\uff5e\uff09\n\u99ac\u65b0\u5730\u5340\uff1ahttps://reurl.cc/bzzGvr\n\n-\n\n\u3010\u963f\u746a Line\u8cbc\u5716\uff06\u4e3b\u984c\u3011\n\u300a\u6700\u65b0\u4e0a\u67b6\u300bhttps://lihi3.cc/8ITQO/YT01\n\u300a\u66f4\u591a\u8cbc\u5716\u300bhttps://reurl.cc/4RY6L2\n\n\u3010\u963f\u746a\u5b98\u7db2-\u746a\u746a\u5546\u884c\u3011\n\u25b6\u00a0https://www.fumeanstore.com/\n\u300a\u6700\u65b0\u5546\u54c1\u300b\u9298\u5f0f\u7e6a\u6d63\u8178T\u3001HOYACASA\u806f\u540d\u5929\u7d72\u6dbc\u88ab\u3001\u842c\u7528\u4fdd\u6eab\u4fdd\u51b7\u888b\n\n---\n\n\u3010\u5408\u4f5c\u9080\u7d04/IP\u806f\u540d\u6388\u6b0a\u3011\nfumeanaction@gmail.com \uff08\u6b61\u8fce\u4f86\u4fe1\u6d3d\u8ac7\uff09\n\n\u3014\u7248\u6b0a\u6240\u6709\uff0c\u975e\u7d93\u8a31\u53ef\u52ff\u8f49\u8f09\u81f3\u4efb\u4f55\u5e73\u53f0\u3015\n\u3014\u9818\u990a\u4e0d\u68c4\u990a\u3015",
        "likeCount": "4952",
        "commentCount": "223",
        "viewCount": "131099"
    },
    "comments": [
        {
            "reply_id": "UgxA16StpGVrMNo__Lh4AaABAg",
            "reply_content": "\u746a\u8981\u51f8\u982d\u4e86",
            "likeCount": 2
        },
        {
            "reply_id": "UgxxytN7EtbeoD0TT-V4AaABAg",
            "reply_content": "\u7acb\u86cb\u8981\u62ff\u751f\u86cb\uff0c\u9019\u6a23\u86cb\u9ec3\u624d\u6703\u5f80\u5e95\u90e8\u6c89\uff0c\u91cd\u5fc3\u4e0b\u6c89\u52a0\u4e0a\u86cb\u6bbc\u8868\u9762\u7684\u7c97\u7cd9\u624d\u6703\u7acb\u8d77\u4f86\u3002\u4e0d\u904e\u5f71\u7247\u6642\u662f\u6015\u86cb\u7834\u6389\u88e1\u9762\u7684\u86cb\u767d\u86cb\u9ec3\u6d41\u4e00\u5730\u624d\u6703\u62ff\u719f\u7684\u5427",
            "likeCount": 1
        },
        {
            "reply_id": "UgxKUPdhyQ628C1ad9h4AaABAg",
            "reply_content": "\u7528\u8c93\u54aa\u7acb\u86cb\u4e5f\u592a\u7121\u804a\u4e86\u5566",
            "likeCount": 0
        },
        {
            "reply_id": "UgwfnzAyPWG0XfK5Kwh4AaABAg",
            "reply_content": "\u795d\u5927\u5bb6\u7aef\u5348\u7bc0\u5feb\u6a02",
            "likeCount": 0
        },
        {
            "reply_id": "UgzeqIWITepavuN_YA14AaABAg",
            "reply_content": "\u7aef\u5348\u7bc0\u5b89\u5eb7",
            "likeCount": 0
        },
        {
            "reply_id": "UgzrBeR1QT81z-eOeYJ4AaABAg",
            "reply_content": "\u963f\u746a\u81c9\u597d\u81ed",
            "likeCount": 0
        },
        {
            "reply_id": "UgyNpwOODTdSGbPn9Jl4AaABAg",
            "reply_content": "\u5728\u539a\u539a\u7684\u8c93\u6bdb\u88e1\u9762\u6316\u5440\u6316\u5440\u6316",
            "likeCount": 0
        },
        {
            "reply_id": "UgzaVwd99431hVWervF4AaABAg",
            "reply_content": "\u963f\u746a\u7adf\u7136\u6c92\u751f\u6c23",
            "likeCount": 0
        },
        {
            "reply_id": "UgzTQ1-P1BsWhflxrZl4AaABAg",
            "reply_content": "\u7aef\u5348\u7bc0\u5feb\u6a02\u6b50\u5e73\u5b89\u5eb7",
            "likeCount": 0
        },
        {
            "reply_id": "Ugyiw9vpuh9LhSJ7hJB4AaABAg",
            "reply_content": "\u5695\u5695\u770b\u96de\u86cb\u7684\u6a23\u5b50\u8d85\u53ef\u611b\u7684",
            "likeCount": 0
        },
        {
            "reply_id": "UgyFdLBbj0K21BbidAl4AaABAg",
            "reply_content": "\u963f\u746a\u771f\u6709\u8010\u5fc3\u592a\u914d\u5408\u4e86",
            "likeCount": 0
        },
        {
            "reply_id": "Ugx1NmSrqRw2qeK_rwJ4AaABAg",
            "reply_content": "\u901a\u5e38\u662f\u7acb\u751f\u7684\u86cb\u5427\u54c8\u54c8\u54c8 \u4f46\u662f\u9084\u662f\u716e\u719f\u6bd4\u8f03\u5b89\u5168",
            "likeCount": 0
        },
        {
            "reply_id": "UgzuAwou_Jac3EVV5oh4AaABAg",
            "reply_content": "\u963f\u746a\u597d\u4e56\u6c92\u6709\u4e00\u76f4\u53eb\u5f88\u914d\u5408\u4e5f\uff0c\u5f8c\u5bae\u5011\u7aef\u5348\u7bc0\u5feb\u6a02",
            "likeCount": 7
        },
        {
            "reply_id": "Ugzv9qE08F_1jGzn0s14AaABAg",
            "reply_content": "\u963f\u746a\u4e00\u5b9a\u5f88\u56f0\u60d1\u70ba\u4ec0\u9ebc\u5974\u624d\u8981\u5728\u7260\u8eab\u4e0a\u5283\u9b54\u6cd5\u9663\ud83d\ude02",
            "likeCount": 4
        },
        {
            "reply_id": "UgyzuqsWaG6baiAsJ7x4AaABAg",
            "reply_content": "\u795d\u5927\u5bb6\u7aef\u5348\u7bc0\u5feb\u6a02",
            "likeCount": 3
        },
        {
            "reply_id": "UgwtraNLnO0FBIeLEmV4AaABAg",
            "reply_content": "\u5695\u5695\u7684\u53cd\u61c9\u624d\u662f\u6b63\u5e38\u8c93\u54aa",
            "likeCount": 1
        },
        {
            "reply_id": "UgyfZoVSzhC406UDmrd4AaABAg",
            "reply_content": "\u963f\u746a\u751f\u6c23\u773c\u775b\u6709\u4e0d\u540c\u67b6",
            "likeCount": 1
        },
        {
            "reply_id": "UgySoqJ-kSrkUf5_CbV4AaABAg",
            "reply_content": "\u5695\u5695\u51fa\u624b\u7684\u90a3\u4e00\u523b\u592a\u723d\u4e86\u54c8\u54c8",
            "likeCount": 1
        },
        {
            "reply_id": "UgzrdSukW-Y2awrAw9V4AaABAg",
            "reply_content": "\u963f\u746a\u597d\u4e56",
            "likeCount": 1
        },
        {
            "reply_id": "UgzNmxsCmSc6O28DPNB4AaABAg",
            "reply_content": "\u7aef\u5348\u7bc0\u5feb\u6a02",
            "likeCount": 1
        },
        {
            "reply_id": "UgzMxIjLORxKUajaD8h4AaABAg",
            "reply_content": "\u7aef\u5348\u7bc0\u5feb\u6a02",
            "likeCount": 1
        },
        {
            "reply_id": "UgzCvM_ZjzT33mrJbNl4AaABAg",
            "reply_content": "\u7aef\u5348\u5b89\u5eb7",
            "likeCount": 0
        },
        {
            "reply_id": "UgxFUp8mysrztNgq1mB4AaABAg",
            "reply_content": "\u53ea\u8981\u628a\u96de\u86cb\u4e00\u76f4\u6416\uff0c\u628a\u4e2d\u9593\u7684\u73fe\u6416\u65b7\u8b93\u91cd\u5fc3\u5728\u4e0b\u9762\u5c31\u6bd4\u8f03\u597d\u7acb\u7684\u7684",
            "likeCount": 0
        },
        {
            "reply_id": "Ugy6uNk8gXgToamhr5N4AaABAg",
            "reply_content": "\u963f\u746a\u597d\u6709\u8010\u5fc3\uff0c\u90fd\u4efb\u6191\u5974\u624d\u9019\u6a23\u73a9\u5f04\u54c8\u54c8\u54c8\u54c8\u54c8",
            "likeCount": 0
        },
        {
            "reply_id": "Ugxdfx0I1kTjDonJUzl4AaABAg",
            "reply_content": "\u963f\u746a\u7aef\u5348\u7bc0\u5feb\u6a02",
            "likeCount": 0
        }
    ]
}