{
    "video_info": {
        "id": "piZvlPDxvUc",
        "channelTitle": "\u9ec3\u963f\u746a\u7684\u5f8c\u5bae\u751f\u6d3b",
        "title": "\u3010\u9ec3\u963f\u746a\u7684\u5f8c\u5bae\u751f\u6d3b\u3011Soso\u611b\u4e0a\u770b\u5f71\u7247\uff01\u8001\u9ad8\u3001\u9ec3\u6c0f\u5144\u5f1f\u7684\u5f71\u7247\u90fd\u770b\uff01",
        "description": "Socles\uff1a\u300c\u505c\u4e0d\u4e0b\u4f86\uff01\uff01\u300d\n#CatTV #\u8c93\u54aa\u96fb\u8996\n\u00d7 \u983b\u9053\u66f4\u65b0\u70ba\u9031\u4e94\u665a\u9593\u516d\u9ede\uff0c\u4e0d\u5b9a\u6642\u767c\u4f48\u5176\u5b83\u5f71\u7247\uff01\u00d7\n\u8a02\u95b1\u6211\u5011\uff1ahttps://goo.gl/5L8xkV\n\u963f\u746a\u5b98\u7db2\uff1ahttps://www.fumeanstore.com\n\n\u3010\u8a50\u9a19\u53c8\u4f86\uff01\u6350\u6b3e\u9047\u5230\u5047\u7684\u8c93\u54aa\u516c\u76ca\u5718\u9ad4\uff01\u3011\u5fd7\u9298\u8207\u72f8\u8c93\n\u25b6 https://youtu.be/yBEI3bvL6lM\n\n-\n\n\u3010\u8fd1\u671f\u6d3b\u52d5\u3011\n\n\u3010\u8c93\u54aa\u8d85\u6709\u4e8b3\uff1a\u746a\u6c11\u8a8d\u8b49\u7c3d\u66f8\u6703\u3011\n* 7/23 14:00~17:00 \u53f0\u5357 \u653f\u5927\u66f8\u57ce (\u53f0\u5357\u5e02\u4e2d\u897f\u5340\u897f\u9580\u8def\u4e8c\u6bb5120\u865f)\n* 8/20 14:00~17:00 \u82b1\u84ee \u653f\u5927\u66f8\u57ce (\u82b1\u84ee\u7e23\u82b1\u84ee\u5e02\u4e2d\u5c71\u8def547-2\u865f)\n* 9/10 14:00~17:00 \u53f0\u5317 \u4e2d\u548c\u74b0\u7403\u8cfc\u7269\u4e2d\u5fc3 (\u65b0\u5317\u5e02\u4e2d\u548c\u5340\u4e2d\u5c71\u8def\u4e09\u6bb5122\u865f)\n* 11/19 14:00~17:00 \u9ad8\u96c4 \u6f22\u795e\u5de8\u86cb B1\u7279\u5c55\u5340 (\u9ad8\u96c4\u5e02\u5de6\u71df\u5340\u535a\u611b\u4e8c\u8def777\u865f)  \n* 12/03 14:00~17:00 \u53f0\u4e2d \u5ee3\u4e09SOGO 12\u6a13\u6d3b\u52d5\u5340 (\u53f0\u4e2d\u5e02\u897f\u5340\u53f0\u7063\u5927\u9053\u4e8c\u6bb5459\u865f)\n\u8a73\u7d30\u6d3b\u52d5\u8fa6\u6cd5\u8acb\u770b https://lihi3.cc/RMCIt/YT\n\n-\n\n\u7b2c\u4e09\u672c\u5716\u6587\u6f2b\u756b\u300a\u8c93\u54aa\u8d85\u6709\u4e8b3-\u8c93\u8c93\u7f8e\u98df\u6551\u63f4\u8a08\u756b\u300b\n\u5728\u746a\u746a\u5546\u884c\u8cfc\u8cb7\u5c31\u8d08\u9001\u300c\u5f8c\u5bae\u842c\u7528\u8b49\u4ef6\u5e36\u300d\uff08\u96a8\u6a5f1\u6b3e\uff09\n\n\u3010\u6436\u8cfc\u5c08\u5340\u3011   \n\u53f0\u7063(\u746a\u746a\u5546\u884c)\uff1ahttps://lihi1.com/vzhq3/catyt2\n\u6e2f\u6fb3\u5730\u5340\uff1ahttps://reurl.cc/rZAq54\n\u99ac\u65b0\u5730\u5340\uff1ahttps://is.gd/Vs7aXI\n\u203b\u4ee5\u4e0a\u9023\u7d50\u7686\u6709\u9001\u3010\u5f8c\u5bae\u842c\u7528\u8b49\u4ef6\u5e36\u3011\uff08\u51683\u6b3e\uff0c\u96a8\u6a5f\u8d08\u9001\u4e59\u6b3e\uff0c\u9001\u5b8c\u70ba\u6b62\uff09\n\n-\n\n\u30107-ELEVEN \u9ec3\u963f\u746a\u4e3b\u984c\u5e97\u3011\n\u4e3b\u984c\u5e97\u958b\u5e55\u5566\uff5e\n\u8cb7\u5496\u5561\u5c31\u53ef\u4ee5\u7372\u5f97\u672c\u5e97\u9650\u5b9a\u7684\u963f\u746aCITY CAFE\u676f\uff01\n\u5e97\u5167\u9084\u6709\u5f88\u591a\u6771\u897f\u53ef\u4ee5\u62cd\u7167\uff0c\u6b61\u8fce\u4f86\u901b\u901b\uff5e\n\u5730\u5740\uff1a7-ELEVEN\u6566\u4fe1\u9580\u5e02\uff08\u53f0\u5317\u5e02\u5927\u5b89\u5340\u4ec1\u611b\u8def\u56db\u6bb5122\u5df750\u865f1\u6a13\uff09\n\n-\n\n\u7b2c\u4e03\u672c\u5e74\u5ea6\u8457\u4f5c\u300a\u7b49\u6211\u56de\u5bb6\u7684\u4f60\u300b\n\u53f0\u7063\uff08\u746a\u746a\u5546\u884c\uff09\uff1ahttps://reurl.cc/Kxxa5n\n\uff08\u746a\u746a\u5546\u884c \u7368\u5bb6\u8d08\u9001\u300c\u5f8c\u5bae\u51fa\u904a\u8da3\u63d2\u756b\u660e\u4fe1\u7247\u4e00\u5f35\uff0c\u96a8\u6a5f\u51fa\u8ca8\u4e0d\u6311\u6b3e\u300d\u5176\u4ed6\u901a\u8def\u6c92\u6709\u8d08\u9001\u5594\uff5e\uff09\n\u99ac\u65b0\u5730\u5340\uff1ahttps://reurl.cc/bzzGvr\n\n-\n\n\u3010\u963f\u746a Line\u8cbc\u5716\uff06\u4e3b\u984c\u3011\n\u300a\u6700\u65b0\u4e0a\u67b6\u300bhttps://lihi3.cc/8ITQO/YT01\n\u300a\u66f4\u591a\u8cbc\u5716\u300bhttps://reurl.cc/4RY6L2\n\n\u3010\u963f\u746a\u5b98\u7db2-\u746a\u746a\u5546\u884c\u3011\n\u25b6\u00a0https://www.fumeanstore.com/\n\u300a\u6700\u65b0\u5546\u54c1\u300b304\u4e0d\u93fd\u92fc\u9910\u5177\u3001\u7ae5\u88dd\u7d14\u68c9\u77edT\u3001\u5f8c\u5bae\u5922\u4e4b\u8239\u58d3\u514b\u529b\u9020\u578b\u7acb\u724c\n\n---\n\n\u3010\u5408\u4f5c\u9080\u7d04/IP\u806f\u540d\u6388\u6b0a\u3011\nfumeanaction@gmail.com \uff08\u6b61\u8fce\u4f86\u4fe1\u6d3d\u8ac7\uff09\n\n\u3014\u7248\u6b0a\u6240\u6709\uff0c\u975e\u7d93\u8a31\u53ef\u52ff\u8f49\u8f09\u81f3\u4efb\u4f55\u5e73\u53f0\u3015\n\u3014\u9818\u990a\u4e0d\u68c4\u990a\u3015",
        "likeCount": "5829",
        "commentCount": "391",
        "viewCount": "130458"
    },
    "comments": [
        {
            "reply_id": "UgzaxMGq44E6AEKmCHd4AaABAg",
            "reply_content": "\u770b\u6e6f\u59c6\u8c93",
            "likeCount": 0
        },
        {
            "reply_id": "UgzcOMDzLkeFICbcdIp4AaABAg",
            "reply_content": "\u653e\u8c93\u54aa\u7d66\u4ed6\u770b\n\u6709\u8c93\u7684\u80a2\u9ad4\u8a9e\u8a00\u53ef\u80fd\u66f4\u6709\u5e36\u5165\u611f",
            "likeCount": 0
        },
        {
            "reply_id": "Ugzk2Hf6zLaCH0wxqQB4AaABAg",
            "reply_content": "\u6211\u4e4b\u524d\u53bb\u8c93\u54aa\u5496\u5561\u5ef3\u88e1\u9762\u7684\u5e97\u8c93\uff0c\u4e5f\u6703\u73a9\u6211\u7684\u5e73\u677f",
            "likeCount": 0
        },
        {
            "reply_id": "UgxHkS-2NFb2wjCWzUN4AaABAg",
            "reply_content": "\u963f\u795e\u7684\u90a3\u500b\u6211\u770b\u904e",
            "likeCount": 0
        },
        {
            "reply_id": "Ugzbwu0ZgOdD5TiuqRx4AaABAg",
            "reply_content": "\u9ad8\u667a\u5546\u7f8e\u5973",
            "likeCount": 0
        },
        {
            "reply_id": "UgxogMAoMmV3RyxBkRZ4AaABAg",
            "reply_content": "\u5fae\u75bc\u4e5f\u770b\u6b38",
            "likeCount": 0
        },
        {
            "reply_id": "Ugw9IEG7emwDNnp_xRt4AaABAg",
            "reply_content": "\u6211\u5c31\u8bf4\u8001\u9ad8\u662f\u672a\u6765\u4eba\u6709\u9b54\u529b",
            "likeCount": 0
        },
        {
            "reply_id": "Ugy_CCx74nsC1thyTI14AaABAg",
            "reply_content": "\u4f60\u5011\u88ab\u5077\u5f71\u7247\u4e86\uff0c\u6211\u5728\u5927\u9678\u7248\u6296\u97f3\u770b\u5230\u6709\u4eba\u5077\u4e86\u963f\u746a\u5e7e\u500b\u5f71\u7247",
            "likeCount": 0
        },
        {
            "reply_id": "UgzVICyGHQjR85vmgZd4AaABAg",
            "reply_content": "\u5982\u679c\u662f\u64ad\u653e\u6709\u7403\u4e1f\u904e\u4f86\u7684\u5f71\u7247\u4e0d\u77e5\u9053\u770b\u4e0d\u770b\u7684\u61c2",
            "likeCount": 0
        },
        {
            "reply_id": "UgyS4WPSdfZMr23ZQk54AaABAg",
            "reply_content": "",
            "likeCount": 0
        },
        {
            "reply_id": "Ugxh3QAv4Hug9QfKpl54AaABAg",
            "reply_content": "\u5e79\u561b\u4e00\u76f4\u7d66\u4ed6\u8f49\u904e\u4f86\u8f49\u904e\u53bb",
            "likeCount": 0
        },
        {
            "reply_id": "UgzfMjSOafg5ZhwyXAB4AaABAg",
            "reply_content": "\u6211\u5bb6\u8c93\u54aa\u6700\u8fd1\u4e5f\u8b8a\u96fb\u8996\u5152\u7ae5\u8036\uff01\u9019\u4ec0\u9ebc\u5947\u602a\u7684\u8c93\u754c\u6d41\u884c\u55ce",
            "likeCount": 0
        },
        {
            "reply_id": "UgxsTJtqPKYkNs2uZ3Z4AaABAg",
            "reply_content": "\u641c\u641c\u770b\u5f71\u7247\u4e5f\u597d\u512a\u96c5\u54e6\uff01\u6211\u5bb6\u7684\u5c0d\u5f71\u7247\u90fd\u6c92\u8208\u8da3",
            "likeCount": 1
        },
        {
            "reply_id": "Ugzzfh0HlrXtpTyyzRR4AaABAg",
            "reply_content": "\u9019\u6a23\u770b\u5c0d\u8c93\u7684\u773c\u775b\u4e0d\u6703\u6709\u50b7\u5bb3\u55ce",
            "likeCount": 1
        },
        {
            "reply_id": "UgyS5gnvb9p4gOz2Sth4AaABAg",
            "reply_content": "\u8c93\u8996\u89ba\u7684\u5e40\u6578\u548c\u4eba\u4e0d\u540c\u6240\u4ee5\u4ed6\u5011\u770b\u7684\u87a2\u5e55\u61c9\u8a72\u662f\u4e00\u9583\u4e00\u9583\u7684",
            "likeCount": 0
        },
        {
            "reply_id": "UgyrwkHUPSjdOVxt5nF4AaABAg",
            "reply_content": "\u8c93\u751f\u958b\u609f\u4e86",
            "likeCount": 0
        },
        {
            "reply_id": "UgwDDSphUcFQa7uPxo14AaABAg",
            "reply_content": "\u8981\u8b8a\u8aed\u5409\u4e86\u55ce",
            "likeCount": 0
        },
        {
            "reply_id": "UgzkBubAv1xiNUPrfsF4AaABAg",
            "reply_content": "\u597d\u53ef\u611b",
            "likeCount": 0
        },
        {
            "reply_id": "Ugxm-wnWDgDh-jlhCah4AaABAg",
            "reply_content": "\u7d66\u963f\u746a\u770b\u96fb\u8996",
            "likeCount": 0
        },
        {
            "reply_id": "UgzkXYUjc2OGrf6rtdp4AaABAg",
            "reply_content": "\u6211\u5c31\u9019\u6a23\u770b\u8457\u8c93\u5728\u770b\u5f71\u7247\u7684\u5f71\u7247",
            "likeCount": 0
        },
        {
            "reply_id": "UgwmDKbU0_EzXIihCmp4AaABAg",
            "reply_content": "\u53ef\u4ee5\u9001\u53bb\u4e0a\u5b78\u4e86",
            "likeCount": 0
        },
        {
            "reply_id": "Ugw1iNiDwY8KGo3qcFp4AaABAg",
            "reply_content": "\u597d\u53ef\u611b",
            "likeCount": 0
        },
        {
            "reply_id": "Ugwy021Ui8G67cpnn7F4AaABAg",
            "reply_content": "\u8d85\u7d1a\u53ef\u611b\u7684\u5566",
            "likeCount": 0
        },
        {
            "reply_id": "UgxBCSjeJdLCjWQABjR4AaABAg",
            "reply_content": "\u597d\u53ef\u611b",
            "likeCount": 0
        },
        {
            "reply_id": "UgwDgA-siONIqOIvl7Z4AaABAg",
            "reply_content": "\u592a\u53ef\u611b\u4e86\u5427\u2764\u539f\u4f86\u7db2\u4e0a\u90a3\u4e9b\u770b\u96fb\u8996\u7684\u8c93\u8c93\u72d7\u72d7\u662f\u771f\u7684\u5728\u770b",
            "likeCount": 11
        }
    ]
}