{
    "video_info": {
        "id": "Pw09dEjoQAI",
        "channelTitle": "\u9ec3\u963f\u746a\u7684\u5f8c\u5bae\u751f\u6d3b",
        "title": "\u88ab\u8c93\u58d3\u5236\u4f4f\u600e\u9ebc\u8fa6",
        "description": "",
        "likeCount": "11229",
        "commentCount": "102",
        "viewCount": "239691"
    },
    "comments": [
        {
            "reply_id": "UgwUErJKz2jy-WsFjb54AaABAg",
            "reply_content": "\u5e78\u798f\u7684\u72f8\u732b",
            "likeCount": 52
        },
        {
            "reply_id": "UgzLMbMQtITOI4naQy14AaABAg",
            "reply_content": "\u53ef\u611b",
            "likeCount": 10
        },
        {
            "reply_id": "UgzZ0zUhgCmTHrb8iaV4AaABAg",
            "reply_content": "\u5e78\u798f",
            "likeCount": 5
        },
        {
            "reply_id": "UgybpfpRp1zFx1DDFwN4AaABAg",
            "reply_content": "\u5617\u8a66\u904e\u53ef\u4ee5\u8f15\u8f15\u634f\u634f\u5f8c\u80cc\u4e0a\u9760\u8fd1\u5c41\u80a1\u90a3\u908a\u7684\u6bdb\uff0c\u6216\u8005\u53ef\u4ee5\u7528\u98df\u6307\u9006\u8457\u65b9\u5411\u628a\u6bdb\u5f9e\u5c3e\u690e\u65b9\u5411\u5f80\u8116\u5b50\u4e0a\u9762\u63a8\u6703\u4e0d\u8010\u7169\u751f\u6c23\u76f4\u63a5\u7ad9\u8d77\u4f86\u8d70\u4eba\ud83d\ude02",
            "likeCount": 3
        },
        {
            "reply_id": "UgwEFTTRVfobsJO6PPF4AaABAg",
            "reply_content": "\u72f8\u8c93\u597d\u8f9b\u82e6",
            "likeCount": 2
        },
        {
            "reply_id": "Ugx8UW4YV8zTAHtj5B14AaABAg",
            "reply_content": "\u9019\u7a2e\u4e8b\u60c5\u6211\u4e00\u5f8b\u5efa\u8b70\u62b1\u7dca",
            "likeCount": 2
        },
        {
            "reply_id": "UgzBG-2zeCutNCergfd4AaABAg",
            "reply_content": "\u8d85\u53ef\u611b",
            "likeCount": 1
        },
        {
            "reply_id": "Ugzt5noab_NeqorK0nB4AaABAg",
            "reply_content": "\u8d85\u5e78\u798f\u7684\u5974\u624d",
            "likeCount": 1
        },
        {
            "reply_id": "UgwI3js-fcPd18pAIKt4AaABAg",
            "reply_content": "\u5695\u5695\u52aa\u529b\u8981\u6490\u4f4f\u9375\u76e4",
            "likeCount": 1
        },
        {
            "reply_id": "Ugw6ctng5bwsxs5NuvV4AaABAg",
            "reply_content": "\u592a\u4ee4\u4eba\u5992\u5fcc\u4e86",
            "likeCount": 0
        },
        {
            "reply_id": "UgwoOCHVAZk9TbVM7yZ4AaABAg",
            "reply_content": "\u597d\u53ef\u611b",
            "likeCount": 0
        },
        {
            "reply_id": "UgyBGEnsRFWPl_uKust4AaABAg",
            "reply_content": "\u5169\u5768\u6a58\u8272\u5de8\u9ebb\u7cec",
            "likeCount": 0
        },
        {
            "reply_id": "UgyOq_aFn0yhzf8MUeh4AaABAg",
            "reply_content": "\u600e\u9ebc\u8c93\u8c93\u90fd\u4e0d\u559c\u6b61\u8b93\u4e3b\u5b50\u6253\u96fb\u8166\uff0c\u6211\u5bb6\u7684\u5bf6\u8c9d\u4e5f\u662f\u9019\u6a23",
            "likeCount": 0
        },
        {
            "reply_id": "UgxGk1Yp50SHP_-_j754AaABAg",
            "reply_content": "\u732b\u9009\u4e4b\u4eba",
            "likeCount": 0
        },
        {
            "reply_id": "UgyzBXZTSLYGs3LRBEN4AaABAg",
            "reply_content": "\u4efd\u91cf\u5145\u8db3\u7684\u8eab\u6750",
            "likeCount": 0
        },
        {
            "reply_id": "Ugw3AN7bO9oKamfjEbZ4AaABAg",
            "reply_content": "\u5de6\u624b\u62ff\u9375\u76e4\u53f3\u624b\u6253\u5b57",
            "likeCount": 0
        },
        {
            "reply_id": "UgyBHk--15XUSrFC8bl4AaABAg",
            "reply_content": "\u5695\u5695\u597d\u7099\u71b1\u7684\u611b",
            "likeCount": 0
        },
        {
            "reply_id": "Ugyf3Rn9ey1mUkln3Sx4AaABAg",
            "reply_content": "\u72f8\u8c93\u7684\u5de6\u64c1\u53f3\u62b1\u751f\u6d3b",
            "likeCount": 0
        },
        {
            "reply_id": "UgxwiEiffMU8HZrIkB14AaABAg",
            "reply_content": "\u8cdc\u5f8c\u4e3b\u81ea",
            "likeCount": 0
        }
    ]
}