{
    "video_info": {
        "id": "qLWTj4p_c_8",
        "channelTitle": "\u9ec3\u963f\u746a\u7684\u5f8c\u5bae\u751f\u6d3b",
        "title": "\u67da\u5b50\uff1a\u300c\u958b\u5fc3\uff5e\u300d",
        "description": "",
        "likeCount": "4918",
        "commentCount": "81",
        "viewCount": "45887"
    },
    "comments": [
        {
            "reply_id": "UgxdDH76GxgiFW8yXeR4AaABAg",
            "reply_content": "\u7d2f\u6b7b\u4e86\u5c0f\u85cd",
            "likeCount": 3
        },
        {
            "reply_id": "Ugx_8C5woenE4kucHeJ4AaABAg",
            "reply_content": "\u52d5\u756b\u597d\u53ef\u611b",
            "likeCount": 3
        },
        {
            "reply_id": "UgwWlnkvnMxxLeHOuN14AaABAg",
            "reply_content": "\u67da\u5b50\u597d\u53ef\u611b",
            "likeCount": 3
        },
        {
            "reply_id": "Ugz_JCGxFkMqtQOEnkF4AaABAg",
            "reply_content": "\u597d\u53ef\u611b",
            "likeCount": 2
        },
        {
            "reply_id": "UgxIWMN8A-SZzExW7tR4AaABAg",
            "reply_content": "\u597d\u53ef\u611b",
            "likeCount": 2
        },
        {
            "reply_id": "UgzYX33dhIQcRWp02KB4AaABAg",
            "reply_content": "\u53e3\u611b",
            "likeCount": 2
        },
        {
            "reply_id": "UgyzciQZbZ6vb-Nv-9B4AaABAg",
            "reply_content": "\u67da\u67da\u597d\u53ef\u611b",
            "likeCount": 2
        },
        {
            "reply_id": "Ugyoxeo6szvSQRWtELl4AaABAg",
            "reply_content": "\u67da\u5b50",
            "likeCount": 2
        },
        {
            "reply_id": "Ugx01cv2XNZrQWcXCSh4AaABAg",
            "reply_content": "\u597d\u597d\u7b11",
            "likeCount": 1
        },
        {
            "reply_id": "Ugythc2UkXQu84fykCV4AaABAg",
            "reply_content": "\u597d\u53ef\u611b",
            "likeCount": 0
        },
        {
            "reply_id": "UgwDUAeJAh0d3yMvNDh4AaABAg",
            "reply_content": "\u6050\u9f8d\u6297\u72fc",
            "likeCount": 0
        },
        {
            "reply_id": "Ugx738S80Xq-eB39TgF4AaABAg",
            "reply_content": "\u5c0f\u85cd\u53ef\u6190",
            "likeCount": 0
        }
    ]
}