{
    "video_info": {
        "id": "Qw8M2hHwCMQ",
        "channelTitle": "\u9ec3\u963f\u746a\u7684\u5f8c\u5bae\u751f\u6d3b",
        "title": "\u9ec3\u963f\u746a\u7684\u5f8c\u5bae\u751f\u6d3b \u7b2c1\u5b63 \u7b2c9\u96c6\u3010\u6559\u5c0f\u62db\u5f1f\u5b78\u5403\u98ef\uff01\u963f\u746a\u597d\u7d2f\uff01\u3011\uff5c#\u540c\u540d\u52d5\u756b Fumeancats, Season One, Ep09",
        "description": "\u9ec3\u963f\u746a\u7684\u5f8c\u5bae\u751f\u6d3b\u300a\u540c\u540d\u52d5\u756b\u300b\n\u7b2c1\u5b63\u517113\u96c6 \u9810\u5b9a\u4e00\u500b\u6708\u767c\u4f48\u4e00\u96c6 \u65bc\u963f\u746aYT\u983b\u9053\u64ad\u51fa\n\n\u8a02\u95b1\u6211\u5011\uff1ahttps://goo.gl/5L8xkV\n\u963f\u746a\u5b98\u7db2\uff1ahttps://www.fumeanstore.com\n\u806f\u7e6b\uff1afumeanaction@gmail.com\n\n\n\u300a3D\u52d5\u756b\u88fd\u4f5c\u300b\u5de5\u4f5c\u4eba\u54e1\u540d\u55ae \n\u51fa\u54c1\uff1a\u746a\u746a\u6587\u574a\n\u539f\u4f5c\uff1a\u9ec3\u963f\u746a\u7684\u5f8c\u5bae\u751f\u6d3b\n\u76e3\u88fd\uff1a\u8a31\u5fd7\u9298\u3001\u9ec3\u7965\u65ed\n\u88fd\u4f5c\u4f01\u5283\uff1a\u746a\u746a\u6587\u574a\u3001\u9ec3\u963f\u746a\u7684\u5f8c\u5bae\u751f\u6d3b\n\u7de8\u5287\uff1a\u8a31\u5fd7\u9298\u3001\u9ec3\u7965\u65ed\n\u4f01\u5283\uff1a\u8521\u975c\u6021\u3001\u8449\u4f9d\u73b2\u3001\u694a\u742a\u5747\u3001\u5442\u6b23\n\u88fd\u7247\uff1a\u8449\u4f9d\u73b2\n\u7de8\u5287\u5354\u52a9\uff1a\u9ec3\u923a\u5d50\n\u7f8e\u8853\u6307\u5c0e\uff1a\u9ec3\u7965\u65ed\u3001\u694a\u4f73\u7ff0\u3001\u65b9\u6631\u6587\u3001\u694a\u742a\u5747\u3001\u5442\u6b23\n\nDirector\uff1aus studio \u8cb3\u62fe\u5de5\u4f5c\u5ba4\nProject Manager\uff1aus studio \u8cb3\u62fe\u5de5\u4f5c\u5ba4 \nExecutive Producer\uff1a\u8449\u4f9d\u73b2\n2D & 3D Storyboard\uff1a us studio \u8cb3\u62fe\u5de5\u4f5c\u5ba4 \nDesigner\uff1a \u694a\u742a\u5747 \u3001\u5442\u6b23 \nModeling & Textureing\uff1a\u5289\u81f3\u83ef\u3001\u8449\u4f9d\u73b2 \u3001\u5442\u6b23 \u3001\u694a\u5cfb\u9d6c\u3001\u90ed\u5bb6\u6fa4\nRigging\uff1a \u7ae5\u6bd3\u6d69 \u3001\u5442\u6b23\nAnimation\uff1a \u5442\u6b23\u3001 \u694a\u742a\u5747\u3001\u8449\u4f9d\u73b2\u3001\u984f\u5c0f\u5091\u3001\u6c88\u82ae\u4f03\nFX: \u8449\u4f9d\u73b2\u3001\u5442\u6b23\u3001\u90ed\u5bb6\u6fa4\nLighting\uff1a\u694a\u5cfb\u9d6c\u3001\u90ed\u5bb6\u6fa4\u3001\u8449\u4f9d\u73b2\nCompositing\uff1a\u694a\u5cfb\u9d6c\u3001\u90ed\u5bb6\u6fa4\u3001\u8449\u4f9d\u73b2\nus studio\u8cb3\u62fe\u5de5\u4f5c\u5ba4: https://www.facebook.com/usstudio20\n\u52d5\u756b\u5408\u4f5c\u6d3d\u8ac7: usstudio20@gmail.com\n\n\u300a\u914d\u97f3\u914d\u6a02\u300b\u5de5\u4f5c\u4eba\u54e1\u540d\u55ae\n\u97f3\u6a02\u5de5\u4f5c\u5ba4\uff1a\u7acb\u5a01\u97f3\u6a02\u5de5\u4f5c\u5ba4\n\u914d\u6a02\uff1a\u7acb\u5a01\u97f3\u6a02\u5de5\u4f5c / \u9673\u5a01\u8a8c\n\u97f3\u6548\uff1a\u7acb\u5a01\u97f3\u6a02\u5de5\u4f5c / \u738b\u9038\u51f1\n\u6df7\u97f3\u5f8c\u88fd\uff1a\u7acb\u5a01\u97f3\u6a02\u5de5\u4f5c\u5ba4\n\u9304\u97f3\uff1a\u64ad\u5ba2\u716e\n\n\u5fd7\u9298\uff1a\u8a31\u5fd7\u9298\n\u72f8\u8c93\uff1a\u9ec3\u7965\u65ed\n\u9ec3\u963f\u746a\uff1a\u9322\u6b23\u90c1\n\u7070\u80d6\uff1a\u96f7\u78a7\u6587\n\n\u3014\u7248\u6b0a\u6240\u6709\uff0c\u975e\u7d93\u8a31\u53ef\u52ff\u8f49\u8f09\u81f3\u4efb\u4f55\u5e73\u53f0\u3015",
        "likeCount": "5320",
        "commentCount": "269",
        "viewCount": "103122"
    },
    "comments": [
        {
            "reply_id": "UgyO4dQ-0fh--jY5i5x4AaABAg",
            "reply_content": "\u597d\u53ef\u611b",
            "likeCount": 1
        },
        {
            "reply_id": "UgxFhWV9-wtG39oJvY94AaABAg",
            "reply_content": "\u963f\u746a\u548c\u62db\u5f1f\u597d\u53b2\u5bb3",
            "likeCount": 1
        },
        {
            "reply_id": "Ugx-R5CR3YbII4yZk-14AaABAg",
            "reply_content": "\u96e3\u602a\u62db\u5f1f\u8ddf\u963f\u746a\u611f\u60c5\u9019\u9ebc\u597d",
            "likeCount": 1
        },
        {
            "reply_id": "Ugzfed_vHchJmwvogaJ4AaABAg",
            "reply_content": "\u963f\u746a\u6559\u62db\u5c0f\u5f1f\u5403\u98ef\u756b\u9762\u771f\u7684\u597d\u53ef\u611b\u5594\n\u770b\u5f71\u7247\u540c\u6642\u6211\u4e5f\u80fd\u60f3\u50cf\u5728\u73fe\u5be6\u4e2d\u5fcd\u4e0d\u4f4f\u62ff\u8d77\u624b\u6a5f\u62cd\u7167\u7d00\u9304\u7684\u6a23\u5b50\u4e86\u2764",
            "likeCount": 0
        },
        {
            "reply_id": "Ugz1YYAFRExjMFYfl614AaABAg",
            "reply_content": "\u963f\u746a\u6559\u62db\u5f1f\u5403\u98ef\u597d\u53ef\u611b",
            "likeCount": 0
        },
        {
            "reply_id": "Ugyyi8Xz3XcmSxctSWx4AaABAg",
            "reply_content": "\u963f\u746a\u98fc\u6599\u6389\u4e00\u534a",
            "likeCount": 0
        },
        {
            "reply_id": "Ugxft4ec_CBj9WN1DeN4AaABAg",
            "reply_content": "\u7136\u5f8c\u7b49\u7b49\u5410\u7d66\u5169\u4f4d\u770b",
            "likeCount": 0
        },
        {
            "reply_id": "UgwhIgfqmz3vKLtrZSR4AaABAg",
            "reply_content": "\u963f\u746a\u77ac\u9593\u79fb\u52d5",
            "likeCount": 0
        },
        {
            "reply_id": "Ugx646HeOnrHdHvFJQR4AaABAg",
            "reply_content": "\u6211\u5011\u5bb6\u8c93\u8c93\u4e5f\u662f\u6c38\u9060\u5403\u5230\u98fc\u6599\u6389\u51fa\u4f86\u54c8\u54c8\u54c8\u54c8 \u597d\u771f\u5be6",
            "likeCount": 0
        },
        {
            "reply_id": "Ugx8cXW4NnBmHyBmVzN4AaABAg",
            "reply_content": "\u963f\u746a\u5b87\u5b99\u8d85\u5f37\u5927",
            "likeCount": 0
        },
        {
            "reply_id": "Ugxb7NNp6Wi3ZsdFbn94AaABAg",
            "reply_content": "\u770b\u4e86\u52a8\u753b\u89c9\u5f97\u5fc3\u60c5\u597d\u4e00\u70b9\u4e86",
            "likeCount": 0
        },
        {
            "reply_id": "UgygtucY3m9URrddAOt4AaABAg",
            "reply_content": "\u672a\u770b\u5148\u731c\u4e0b\u4e00\u96c6\u5614\u5410\u5973\u738b\u8981\u767b\u5834\u4e86",
            "likeCount": 0
        },
        {
            "reply_id": "UgzUHySurDwZCuIaPnl4AaABAg",
            "reply_content": "\u5929\u90a3\u662f\u719f\u6089\u7684\u8072\u97f3\u89ba\u5f97\u597d\u611f\u52d5",
            "likeCount": 0
        },
        {
            "reply_id": "UgwuqJAYSL3lVv50ayt4AaABAg",
            "reply_content": "\u597d\u53ef\u7231\u554a\u554a\u554a",
            "likeCount": 0
        },
        {
            "reply_id": "UgyScScRKWtuW1NiyGV4AaABAg",
            "reply_content": "\u5c0f\u62db\u5f1f\u592a\u53ef\u611b\u4e86",
            "likeCount": 0
        },
        {
            "reply_id": "UgxbhDzWWBhzL_lP72V4AaABAg",
            "reply_content": "\u4e0d\u7ba1\u9ede\u64ca\u7387\u662f\u591a\u5c11\u6211\u6c38\u9060\u90fd\u6703\u6536\u770b\u6bcf\u4e00\u96c6\u7684",
            "likeCount": 0
        },
        {
            "reply_id": "Ugy5xNMxvznh2Sj6pGR4AaABAg",
            "reply_content": "\u771f\u7684\u597d\u53ef\u611b\u554a",
            "likeCount": 0
        },
        {
            "reply_id": "UgyTHDLTtuWYNZub49N4AaABAg",
            "reply_content": "\u60f3\u770b\u963f\u746a\u6559\u62db\u5f1f\u64a5\u6c99",
            "likeCount": 0
        },
        {
            "reply_id": "Ugyj8t9PgF6IuGcUQ9F4AaABAg",
            "reply_content": "\u597d\u53ef\u611b\u54e6",
            "likeCount": 0
        },
        {
            "reply_id": "Ugy7befoo3cwnueDM7p4AaABAg",
            "reply_content": "\u4e00\u8d77\u5403\u98ef\u7684\u5006\u4eba\u597d\u53ef\u611b",
            "likeCount": 5
        },
        {
            "reply_id": "UgyyWTtp5x0TMD3duYN4AaABAg",
            "reply_content": "\u53ef\u60dc\u7247\u5c3e\u5fd8\u4e86\u52a0\u62db\u5f1f",
            "likeCount": 2
        },
        {
            "reply_id": "UgyATkNYJ-NQEgKJT4l4AaABAg",
            "reply_content": "\u8d85\u559c\u6b61\u5c0f\u62db\u5f1f\u7684\u9577\u76f8",
            "likeCount": 1
        },
        {
            "reply_id": "Ugz6QIntls12YsR4ekx4AaABAg",
            "reply_content": "\u963f\u746a\u8ddf\u5c0f\u62db\u5f1f\u592a\u53ef\u611b\u4e86",
            "likeCount": 1
        },
        {
            "reply_id": "Ugz3_DooJie8Ko985bl4AaABAg",
            "reply_content": "\u963f\u746a\u6559\u5c0f\u62db\u5f1f\u5403\u98ef\u771f\u53ef\u611b\u4e86",
            "likeCount": 1
        },
        {
            "reply_id": "UgzZU3ARaF7VkfLPsd14AaABAg",
            "reply_content": "\u4eca\u5929\u624d\u767c\u73fe\u7247\u5c3e\u4ecb\u7d39\u4eba\u54e1\u7684\u5730\u65b9\u900f\u6f0f\u72f8\u8c93\u7684\u672c\u540d\u4e86\ud83d\ude02",
            "likeCount": 1
        }
    ]
}