{
    "video_info": {
        "id": "tT4Vpho4KxQ",
        "channelTitle": "\u9ec3\u963f\u746a\u7684\u5f8c\u5bae\u751f\u6d3b",
        "title": "\u62db\u5f1f\u7684\u8e0f\u8e0f\u4e4b\u821e #shorts #ShortsTW",
        "description": "\u62db\u5f1f\u7684\u8e0f\u8e0f\u4e4b\u821e \n\n-\n\n\u8a02\u95b1\u6211\u5011\uff1ahttps://goo.gl/5L8xkV\n\u963f\u746a\u5b98\u7db2\uff1ahttps://www.fumeanstore.com\nFB\uff1a\u9ec3\u963f\u746a\u7684\u5f8c\u5bae\u751f\u6d3b\nIG\uff1afumeancat\n\n\u3010\u5408\u4f5c\u9080\u7d04/IP\u806f\u540d\u6388\u6b0a\u3011\nfumeanaction@gmail.com \uff08\u6b61\u8fce\u4f86\u4fe1\u6d3d\u8ac7\uff09\n\n\u3014\u7248\u6b0a\u6240\u6709\uff0c\u975e\u7d93\u8a31\u53ef\u52ff\u8f49\u8f09\u81f3\u4efb\u4f55\u5e73\u53f0\u3015\n\u3014\u9818\u990a\u4e0d\u68c4\u990a\u3015",
        "likeCount": "9692",
        "commentCount": "136",
        "viewCount": "148142"
    },
    "comments": [
        {
            "reply_id": "Ugz8JNWmgqHbQ0cuqA54AaABAg",
            "reply_content": "\u597d\u53ef\u611b",
            "likeCount": 2
        },
        {
            "reply_id": "UgwMAPJ6WIoTnTD_Lmx4AaABAg",
            "reply_content": "\u597d\u53ef\u611b\u7684\u8e0f\u8e0f\u821e",
            "likeCount": 1
        },
        {
            "reply_id": "Ugxzdlt3erzr5CCEa3t4AaABAg",
            "reply_content": "\u597d\u53ef\u611b\u7684\u62db\u5f1f",
            "likeCount": 1
        },
        {
            "reply_id": "UgyQN3mHBMgtQ5uNcRZ4AaABAg",
            "reply_content": "\u597d\u53ef\u611b\u5594",
            "likeCount": 1
        },
        {
            "reply_id": "Ugw4PxNhC0iAIPvM3NB4AaABAg",
            "reply_content": "\u62db\u5f1f\u7684\u53eb\u8072\u597d\u7642\u6108",
            "likeCount": 1
        },
        {
            "reply_id": "UgxTWxowfC0j-s7E36p4AaABAg",
            "reply_content": "\u62db\u5f1f\u7684\u8e0f\u8e0f\u821e\u771f\u53ef\u611b",
            "likeCount": 1
        },
        {
            "reply_id": "UgyDmYl0_DbOpE79gnN4AaABAg",
            "reply_content": "\u600e\u9ebc\u9019\u9ebc\u53e3\u611b\u54e9",
            "likeCount": 1
        },
        {
            "reply_id": "UgxTm1-hvI46guMaWYR4AaABAg",
            "reply_content": "\u62db\u5f1f\u771f\u53ef\u611b",
            "likeCount": 1
        },
        {
            "reply_id": "Ugxzo8CyHweGPLwVn294AaABAg",
            "reply_content": "\u6211\u878d\u5316\u4e86",
            "likeCount": 1
        },
        {
            "reply_id": "UgwZIHAvTG-AiAfxUUR4AaABAg",
            "reply_content": "\u539f\u4f86\u62db\u5f1f\u6703\u53eb",
            "likeCount": 1
        },
        {
            "reply_id": "UgxiK58oWjHB2av-V5x4AaABAg",
            "reply_content": "\u62db\u5f1f\u8d85\u53ef\u611b",
            "likeCount": 1
        },
        {
            "reply_id": "Ugz01tPy5CPxOONluVt4AaABAg",
            "reply_content": "\u597d\u68d2",
            "likeCount": 0
        },
        {
            "reply_id": "Ugyd33Hkv3tCBb8yLRN4AaABAg",
            "reply_content": "\u597d\u53ef\u611b\u5440",
            "likeCount": 0
        },
        {
            "reply_id": "UgxVcE-9Di_yCsLzwTt4AaABAg",
            "reply_content": "\u88ab\u62db\u5f1f\u840c\u6688\u4e86",
            "likeCount": 0
        },
        {
            "reply_id": "UgzRywkK9XrxtbpEeNF4AaABAg",
            "reply_content": "\u6b22\u559c\u8e29\u5976",
            "likeCount": 0
        },
        {
            "reply_id": "UgwkYsZMv2hix_NWKYV4AaABAg",
            "reply_content": "\u597d\u53ef\u611b\u7684\u62db\u5f1f",
            "likeCount": 0
        },
        {
            "reply_id": "UgzGfwaYEM-PLYUlrEN4AaABAg",
            "reply_content": "\u597d\u53ef\u611b",
            "likeCount": 0
        },
        {
            "reply_id": "Ugx5OTEpgVlIcYyG82p4AaABAg",
            "reply_content": "\u4e4b\u524d\u62db\u5f1f\u5f88\u5c11\u53eb",
            "likeCount": 0
        },
        {
            "reply_id": "UgyYZVznzP-1XmaMyf54AaABAg",
            "reply_content": "\u62db\u5f1f\u597d\u53ef\u7231\u54e6\u54e6\u54e6\u8fc7\u7136\u8ddf\u963f\u739b\u4e00\u6837\u53ef\u7231",
            "likeCount": 0
        },
        {
            "reply_id": "UgyrX7aXw26XJx5eXYF4AaABAg",
            "reply_content": "\u597d\u53ef\u611b",
            "likeCount": 0
        },
        {
            "reply_id": "UgxCz9AblWJBnWwlS114AaABAg",
            "reply_content": "\u592a\u53ef\u611b\u4e86",
            "likeCount": 0
        },
        {
            "reply_id": "UgwhnwWPfI3UEpSOkWR4AaABAg",
            "reply_content": "\u62db\u5f1f\u597d\u53ef\u611b",
            "likeCount": 0
        },
        {
            "reply_id": "Ugwyt_RlACixELiaUrd4AaABAg",
            "reply_content": "\u597d\u53ef\u611b",
            "likeCount": 0
        },
        {
            "reply_id": "UgyMBxCldjK06TElrxd4AaABAg",
            "reply_content": "\u6211\u8981\u770b\u4e09\u8173\u55b5\u55b5\u53eb",
            "likeCount": 0
        },
        {
            "reply_id": "UgztEjQJ7nuo0AEs9oN4AaABAg",
            "reply_content": "\u53eb\u8072\u597d\u53ef\u611b",
            "likeCount": 23
        }
    ]
}