{
    "video_info": {
        "id": "uWazwnNn13A",
        "channelTitle": "\u9ec3\u963f\u746a\u7684\u5f8c\u5bae\u751f\u6d3b",
        "title": "\u3010#\u5f8c\u5bae\u96dc\u8a18 Ep.2\u3011 \u8c93\u8c93\u96c6\u9ad4\u5012\u5730\uff01\u6539\u9020\u4e00\u9031\u5f8c\u7684\u8b8a\u5316\uff5c2023.3\u6708",
        "description": "\u8173\u908a\u600e\u9ebc\u8eba\u8457\u4e00\u96bb\u8c93\uff1f\n#\u5bf5\u7269\u5730\u588a  #\u5c45\u5bb6\u6539\u9020  #\u8001\u8c93\u5b85 \n\u00d7 \u983b\u9053\u66f4\u65b0\u70ba\u9031\u4e94\u665a\u9593\u516d\u9ede\uff0c\u4e0d\u5b9a\u6642\u767c\u4f48\u5176\u5b83\u5f71\u7247\uff01\u00d7\n\u8a02\u95b1\u6211\u5011\uff1ahttps://goo.gl/5L8xkV\n\u963f\u746a\u5b98\u7db2\uff1ahttps://www.fumeanstore.com\n\n\u3010\u518d\u898b\u4e86\uff01\u8d85\u4e82\u7684\u81e5\u5ba4\u3011\u5fd7\u9298\u8207\u72f8\u8c93\n\u25b6 https://youtu.be/4By57-MGyBk\n\n-\n\n\u3010\u8fd1\u671f\u6d3b\u52d5\u3011\n\n\u7b2c\u4e09\u672c\u5716\u6587\u6f2b\u756b\u300a\u8c93\u54aa\u8d85\u6709\u4e8b3-\u8c93\u8c93\u7f8e\u98df\u6551\u63f4\u8a08\u756b\u300b\n\u5728\u746a\u746a\u5546\u884c\u8cfc\u8cb7\u5c31\u8d08\u9001\u300c\u5f8c\u5bae\u842c\u7528\u8b49\u4ef6\u5e36\u300d\uff08\u96a8\u6a5f1\u6b3e\uff09\n\n\u3010\u6436\u8cfc\u5c08\u5340\u3011   \n\u53f0\u7063(\u746a\u746a\u5546\u884c)\uff1ahttps://lihi1.com/vzhq3/catyt2\n\u6e2f\u6fb3\u5730\u5340\uff1ahttps://reurl.cc/rZAq54\n\u99ac\u65b0\u5730\u5340\uff1ahttps://is.gd/Vs7aXI\n\u203b\u4ee5\u4e0a\u9023\u7d50\u7686\u6709\u9001\u3010\u5f8c\u5bae\u842c\u7528\u8b49\u4ef6\u5e36\u3011\uff08\u51683\u6b3e\uff0c\u96a8\u6a5f\u8d08\u9001\u4e59\u6b3e\uff0c\u9001\u5b8c\u70ba\u6b62\uff09\n\n-\n\n\u3010\u53f0\u5357-\u8da3\u6dd8\u6f2b\u65c5 X \u9ec3\u963f\u746a\u7684\u5f8c\u5bae\u751f\u6d3b\u3011\n\u5373\u65e5\u8d77\u81f36/30\u6b62\uff0c\u6bcf\u65e5\u9650\u91cf6\u9593\u300c\u963f\u746a\u4f86\u8da3\u6dd8\u300d\u4e3b\u984c\u623f\uff01\n\u5165\u4f4f\u963f\u746a\u4e3b\u984c\u623f\u5c31\u8d08\u9001\u300c\u4e3b\u984c\u623f\u79ae\u5305\u300d\u5594\uff01\n\u8a02\u623f\u7db2\u5740\uff1ahttps://reurl.cc/pZemRb\n\n-\n\n\u7b2c\u4e03\u672c\u5e74\u5ea6\u8457\u4f5c\u300a\u7b49\u6211\u56de\u5bb6\u7684\u4f60\u300b\n\u53f0\u7063\uff08\u746a\u746a\u5546\u884c\uff09\uff1ahttps://reurl.cc/Kxxa5n\n\uff08\u746a\u746a\u5546\u884c \u7368\u5bb6\u8d08\u9001\u300c\u5f8c\u5bae\u51fa\u904a\u8da3\u63d2\u756b\u660e\u4fe1\u7247\u4e00\u5f35\uff0c\u96a8\u6a5f\u51fa\u8ca8\u4e0d\u6311\u6b3e\u300d\u5176\u4ed6\u901a\u8def\u6c92\u6709\u8d08\u9001\u5594\uff5e\uff09\n\u99ac\u65b0\u5730\u5340\uff1ahttps://reurl.cc/bzzGvr\n\n-\n\n\u3010\u963f\u746a Line\u8cbc\u5716\uff06\u4e3b\u984c\u3011\n\u300a\u6700\u65b0\u4e0a\u67b6\u300bhttps://lihi3.cc/8ITQO/YT01\n\u300a\u66f4\u591a\u8cbc\u5716\u300bhttps://reurl.cc/4RY6L2\n\n\u3010\u963f\u746a\u5b98\u7db2-\u746a\u746a\u5546\u884c\u3011\n\u25b6 https://www.fumeanstore.com/\n\u300a\u6700\u65b0\u5546\u54c1\u300b\u8b8a\u88dd\u5a03\u5a03\u3001\u597d\u597d\u5e36\u98f2\u6599\u63d0\u888b\u3001\u65b0\u6b3e\u5f8c\u5bae\u7948\u798f\u5fa1\u5b88\n\n---\n\n\u3010\u5408\u4f5c\u9080\u7d04/IP\u806f\u540d\u6388\u6b0a\u3011\nfumeanaction@gmail.com \uff08\u6b61\u8fce\u4f86\u4fe1\u6d3d\u8ac7\uff09\n\n\u3014\u7248\u6b0a\u6240\u6709\uff0c\u975e\u7d93\u8a31\u53ef\u52ff\u8f49\u8f09\u81f3\u4efb\u4f55\u5e73\u53f0\u3015\n\u3014\u9818\u990a\u4e0d\u68c4\u990a\u3015",
        "likeCount": "7449",
        "commentCount": "248",
        "viewCount": "205816"
    },
    "comments": [
        {
            "reply_id": "UgxZbmj_HZeYqNUlg5F4AaABAg",
            "reply_content": "\u90a3\u500b\u7403\u7403\u5728\u4e09\u8173\u7684\u982d\u4e0a\u771f\u7684\u8d85\u53ef\u611b",
            "likeCount": 5
        },
        {
            "reply_id": "Ugz8tL93hbUokfiD3eh4AaABAg",
            "reply_content": "\u67da\u5b50\u5728\u5e79\u561b",
            "likeCount": 1
        },
        {
            "reply_id": "Ugw3ek4CgZ5RHNeeq7p4AaABAg",
            "reply_content": "\u9ec4\u963f\u739b\u8ddf\u6211\u5bb6\u7684\u732b\u4e5f\u662f\u4e00\u6837\u5f88\u4f1a\u9a82\u4eba",
            "likeCount": 1
        },
        {
            "reply_id": "Ugx4HMBe9FsGOIwkHRZ4AaABAg",
            "reply_content": "\u8001\u8c93\u8d8a\u4f86\u8d8a\u591a\u5e74\u8f15\u8c93\u8d8a\u4f86\u8d8a\u5c11",
            "likeCount": 1
        },
        {
            "reply_id": "UgxPtZQZYXuXeY1Ghbt4AaABAg",
            "reply_content": "\u767b\u51fa\u7684\u4e09\u8173\u4e5f\u592a\u53ef\u611b",
            "likeCount": 1
        },
        {
            "reply_id": "UgzdJCkj086xPSUO5jd4AaABAg",
            "reply_content": "\u5e0c\u671b\u6709\u7b2c\u4e09\u96c6",
            "likeCount": 0
        },
        {
            "reply_id": "Ugza5BbXSqlXj_Tq4nt4AaABAg",
            "reply_content": "\u8173\u8173\u68c9\u88ab\u7d46\u4f4f\u4e86",
            "likeCount": 0
        },
        {
            "reply_id": "UgzaiBOR0R5CZltZpsh4AaABAg",
            "reply_content": "\u8f9b\u82e6\u5974\u624d",
            "likeCount": 0
        },
        {
            "reply_id": "UgzaPk54UwkppsF0oEB4AaABAg",
            "reply_content": "\u5e78\u798f\u7684\u8c93\u54aa",
            "likeCount": 0
        },
        {
            "reply_id": "UgzqL0qnw07MLpbihyR4AaABAg",
            "reply_content": "\u5730\u588a\u90a3\u88e1\u8cb7",
            "likeCount": 0
        },
        {
            "reply_id": "Ugx5AlZMOQ2j8YYb0814AaABAg",
            "reply_content": "\u8173\u59b9\u771f\u7684\u7f8e\u554a\u554a\u554a",
            "likeCount": 0
        },
        {
            "reply_id": "UgzyotrrOk3jnHbSCG94AaABAg",
            "reply_content": "\u4ee5\u5f8c\u5730\u6bef\u4e0a\u6703\u6709\u66f4\u591a\u7684\u8c93\u6bdb\uff0c\u66f4\u8981\u983b\u5bc6\u9ede\u5438\u5875",
            "likeCount": 0
        },
        {
            "reply_id": "UgyNsXR3qGuuRWnXO8V4AaABAg",
            "reply_content": "\u6211\u60f3\u770b\u7528\u6c23\u7403\u6469\u64e6\u5f8c\u7c98\u5728\u4ed6\u5011\u8eab\u4e0a\u7684\u53cd\u61c9\u5462",
            "likeCount": 0
        },
        {
            "reply_id": "UgyjJ7150bevyizxRMR4AaABAg",
            "reply_content": "\u4e0d\u932f\u6709\u8c93\u966a\u7761\u89ba",
            "likeCount": 0
        },
        {
            "reply_id": "UgyaIEdwMt-DqVBQ-Q14AaABAg",
            "reply_content": "\u4e09\u8173\u597d\u53ef\u611b\u5594",
            "likeCount": 11
        },
        {
            "reply_id": "Ugzl5Z0EwDBbP4IJMpV4AaABAg",
            "reply_content": "\u5730\u588a\u771f\u7684\u597d\u503c\u5f97\u5594",
            "likeCount": 5
        },
        {
            "reply_id": "Ugwn391ZV3eQFeMYMvV4AaABAg",
            "reply_content": "\u6bcf\u4e00\u96bb\u8c93\u597d\u53ef\u611b\u665a\u7761\u89ba\u53c8\u73a9\u800d\u771f\u53ef\u611b",
            "likeCount": 3
        },
        {
            "reply_id": "UgzBspQoqZErwV5mopR4AaABAg",
            "reply_content": "\u611f\u89ba\u5f8c\u5bae\u7684\u74b0\u5883\u6bd4\u6211\u5bb6\u90fd\u9084\u8981\u8212\u670d\u4e86",
            "likeCount": 1
        },
        {
            "reply_id": "UgzBRmtSS4Jw6iN0zbR4AaABAg",
            "reply_content": "\u8d85\u6709\u611b\u5fc3",
            "likeCount": 1
        },
        {
            "reply_id": "Ugzazlt1TCXfpWDQXSl4AaABAg",
            "reply_content": "\u8c93\u8c93\u597d\u53ef\u611b",
            "likeCount": 1
        },
        {
            "reply_id": "Ugxrg0letyzD8vjJCiB4AaABAg",
            "reply_content": "\u963f\u746a\u548c\u4e09\u8173\u611f\u89ba\u8b8a\u8001\u4e86",
            "likeCount": 0
        },
        {
            "reply_id": "UgybaS0WOHp-8HtMhwd4AaABAg",
            "reply_content": "\u55e8",
            "likeCount": 0
        },
        {
            "reply_id": "UgwJmGOPILwYXWLSiCV4AaABAg",
            "reply_content": "\u60f3\u8cb7\u5730\u588a\u4e86",
            "likeCount": 0
        },
        {
            "reply_id": "Ugw2F3RYvqbUw5Aks9l4AaABAg",
            "reply_content": "\u771f\u68d2",
            "likeCount": 0
        },
        {
            "reply_id": "Ugyjj6jke7VImpOIhWd4AaABAg",
            "reply_content": "\u4e09\u811a\u5f88\u9753",
            "likeCount": 0
        }
    ]
}