{
    "video_info": {
        "id": "VcV2acMh7GE",
        "channelTitle": "\u9ec3\u963f\u746a\u7684\u5f8c\u5bae\u751f\u6d3b",
        "title": "\u9ec3\u963f\u746a\u7684\u5f8c\u5bae\u751f\u6d3b \u7b2c1\u5b63 \u7b2c10\u96c6\u3010\u5c0f\u62db\u5f1f\u52f8\u67b6\u7684\u65b9\u6cd5\uff01\u3011\uff5c#\u540c\u540d\u52d5\u756b\u00a0Fumeancats, Season One, Ep10",
        "description": "\u9ec3\u963f\u746a\u7684\u5f8c\u5bae\u751f\u6d3b\u300a\u540c\u540d\u52d5\u756b\u300b\n\u7b2c1\u5b63\u517113\u96c6 \u9810\u5b9a\u4e00\u500b\u6708\u767c\u4f48\u4e00\u96c6 \u65bc\u963f\u746aYT\u983b\u9053\u64ad\u51fa\n\n\u8a02\u95b1\u6211\u5011\uff1ahttps://goo.gl/5L8xkV\n\u963f\u746a\u5b98\u7db2\uff1ahttps://www.fumeanstore.com\n\u806f\u7e6b\uff1afumeanaction@gmail.com\n\n\n\u300a3D\u52d5\u756b\u88fd\u4f5c\u300b\u5de5\u4f5c\u4eba\u54e1\u540d\u55ae \n\u51fa\u54c1\uff1a\u746a\u746a\u6587\u574a\n\u539f\u4f5c\uff1a\u9ec3\u963f\u746a\u7684\u5f8c\u5bae\u751f\u6d3b\n\u76e3\u88fd\uff1a\u8a31\u5fd7\u9298\u3001\u9ec3\u7965\u65ed\n\u88fd\u4f5c\u4f01\u5283\uff1a\u746a\u746a\u6587\u574a\u3001\u9ec3\u963f\u746a\u7684\u5f8c\u5bae\u751f\u6d3b\n\u7de8\u5287\uff1a\u8a31\u5fd7\u9298\u3001\u9ec3\u7965\u65ed\n\u4f01\u5283\uff1a\u8521\u975c\u6021\u3001\u8449\u4f9d\u73b2\u3001\u694a\u742a\u5747\u3001\u5442\u6b23\n\u88fd\u7247\uff1a\u8449\u4f9d\u73b2\n\u7de8\u5287\u5354\u52a9\uff1a\u9ec3\u923a\u5d50\n\u7f8e\u8853\u6307\u5c0e\uff1a\u9ec3\u7965\u65ed\u3001\u694a\u4f73\u7ff0\u3001\u65b9\u6631\u6587\u3001\u694a\u742a\u5747\u3001\u5442\u6b23\n\nDirector\uff1aus studio \u8cb3\u62fe\u5de5\u4f5c\u5ba4\nProject Manager\uff1aus studio \u8cb3\u62fe\u5de5\u4f5c\u5ba4 \nExecutive Producer\uff1a\u8449\u4f9d\u73b2\n2D & 3D Storyboard\uff1a us studio \u8cb3\u62fe\u5de5\u4f5c\u5ba4 \nDesigner\uff1a \u694a\u742a\u5747 \u3001\u5442\u6b23 \nModeling & Textureing\uff1a\u5289\u81f3\u83ef\u3001\u8449\u4f9d\u73b2 \u3001\u5442\u6b23 \u3001\u694a\u5cfb\u9d6c\u3001\u90ed\u5bb6\u6fa4\nRigging\uff1a \u7ae5\u6bd3\u6d69 \u3001\u5442\u6b23\nAnimation\uff1a \u5442\u6b23\u3001 \u694a\u742a\u5747\u3001\u8449\u4f9d\u73b2\u3001\u984f\u5c0f\u5091\u3001\u6c88\u82ae\u4f03\nFX: \u8449\u4f9d\u73b2\u3001\u5442\u6b23\u3001\u90ed\u5bb6\u6fa4\nLighting\uff1a\u694a\u5cfb\u9d6c\u3001\u90ed\u5bb6\u6fa4\u3001\u8449\u4f9d\u73b2\nCompositing\uff1a\u694a\u5cfb\u9d6c\u3001\u90ed\u5bb6\u6fa4\u3001\u8449\u4f9d\u73b2\nus studio\u8cb3\u62fe\u5de5\u4f5c\u5ba4: https://www.facebook.com/usstudio20\n\u52d5\u756b\u5408\u4f5c\u6d3d\u8ac7: usstudio20@gmail.com\n\n\u300a\u914d\u97f3\u914d\u6a02\u300b\u5de5\u4f5c\u4eba\u54e1\u540d\u55ae\n\u97f3\u6a02\u5de5\u4f5c\u5ba4\uff1a\u7acb\u5a01\u97f3\u6a02\u5de5\u4f5c\u5ba4\n\u914d\u6a02\uff1a\u7acb\u5a01\u97f3\u6a02\u5de5\u4f5c / \u9673\u5a01\u8a8c\n\u97f3\u6548\uff1a\u7acb\u5a01\u97f3\u6a02\u5de5\u4f5c / \u738b\u9038\u51f1\n\u6df7\u97f3\u5f8c\u88fd\uff1a\u7acb\u5a01\u97f3\u6a02\u5de5\u4f5c\u5ba4\n\u9304\u97f3\uff1a\u64ad\u5ba2\u716e\n\n\u5fd7\u9298\uff1a\u8a31\u5fd7\u9298\n\u72f8\u8c93\uff1a\u9ec3\u7965\u65ed\n\u9ec3\u963f\u746a\uff1a\u9322\u6b23\u90c1\n\u7070\u80d6\uff1a\u96f7\u78a7\u6587\n\n\u3014\u7248\u6b0a\u6240\u6709\uff0c\u975e\u7d93\u8a31\u53ef\u52ff\u8f49\u8f09\u81f3\u4efb\u4f55\u5e73\u53f0\u3015",
        "likeCount": "4617",
        "commentCount": "181",
        "viewCount": "84477"
    },
    "comments": [
        {
            "reply_id": "UgzHoDGqP-Xh2dZtAmp4AaABAg",
            "reply_content": "\u4e00\u8d77\u548c\u5e73\u5730\u7761\u89ba\u89ba\u597d\u53ef\u611b",
            "likeCount": 3
        },
        {
            "reply_id": "Ugwk95qkN_JEjiKBYjR4AaABAg",
            "reply_content": "\u671f\u5f85\u4e4b\u5f8c\u62db\u5f1f\u9577\u5927\u7684\u5287\u60c5",
            "likeCount": 3
        },
        {
            "reply_id": "Ugxk2i8GBnOqRnXTbrp4AaABAg",
            "reply_content": "\u62db\u5f1f\u597d\u53ef\u611b\u5594",
            "likeCount": 2
        },
        {
            "reply_id": "UgwKtOot2d0seOoqNp54AaABAg",
            "reply_content": "\u9019\u4e00\u96c6\u7684\u984f\u8272\u8d85\u7d1a\u7f8e",
            "likeCount": 1
        },
        {
            "reply_id": "Ugwo0QaEldKhyuvZAvx4AaABAg",
            "reply_content": "\u62db\u5f1f\u5c0f\u6642\u6709\u540e\u9738\u6c23",
            "likeCount": 1
        },
        {
            "reply_id": "UgyUy3b-3gVdAH_1c7p4AaABAg",
            "reply_content": "\u62db\u5f1f\u53ef\u611b\u5594",
            "likeCount": 1
        },
        {
            "reply_id": "Ugz3qM1sneUO4q2HKzR4AaABAg",
            "reply_content": "\u539f\u4f86\u662f\u963f\u746a\u58d3\u5230\u7070\u80d6\u624d\u6703\u53bb\u54ac\u963f\u746a\u5c41\u5c41\u7684\u554a",
            "likeCount": 1
        },
        {
            "reply_id": "UgxZBDI8RAEUEqWhl354AaABAg",
            "reply_content": "\u597d\u50cf\u807d\u5230\u6211\u5011\u9019\u4e00\u5bb6\u67da\u5b50\u7684\u8072\u97f3\u54c8\u54c8",
            "likeCount": 0
        },
        {
            "reply_id": "Ugz_ZEOyVjxVcWrb5gt4AaABAg",
            "reply_content": "\u52d5\u756b\u7d50\u5c3e\u61c9\u8a72\u8981\u591a\u4e00\u4f4d\u8c93\u54aa\u7687\u540e\u62db\u5f1f\u5728\u5f8c\u9762\u8ddf\u5728\u9ec3\u963f\u746a\u8d70\u6bd4\u8f03\u9069\u5408",
            "likeCount": 0
        },
        {
            "reply_id": "UgzFQrFOTdHZCOpYa8N4AaABAg",
            "reply_content": "\u652f\u6301\u6240\u6709\u8c93\u54aa",
            "likeCount": 0
        },
        {
            "reply_id": "Ugx5IQcD724R2amhRft4AaABAg",
            "reply_content": "\u62db\u5f1f\u4e0d\u6127\u662f\u7687\u540e\u5a18\u5a18",
            "likeCount": 0
        },
        {
            "reply_id": "Ugyb-8FccLQ5PbL6VgN4AaABAg",
            "reply_content": "\u62db\u5f1f\u662f\u548c\u5e73\u5927\u4f7f",
            "likeCount": 0
        },
        {
            "reply_id": "UgyUBLhasR-XXkgpT6V4AaABAg",
            "reply_content": "\u96b1\u7d04\u805e\u5230\u6d0b\u8525",
            "likeCount": 0
        },
        {
            "reply_id": "UgxYPX2sjrjzUoc-2KZ4AaABAg",
            "reply_content": "\u8d85\u559c\u6b61\u90a3\u96bb\u7cbe\u7dfb\u7684\u624b\u6a5f",
            "likeCount": 0
        },
        {
            "reply_id": "UgyBpMdnvItzQ3QUjSJ4AaABAg",
            "reply_content": "\u62db\u5f1f\u5f88\u53ef\u80fd",
            "likeCount": 0
        },
        {
            "reply_id": "Ugx6zrWCR3ffkH3mqxZ4AaABAg",
            "reply_content": "\u963f\u746a\u548c\u7070\u80a5\u6253\u67b6\u4e86",
            "likeCount": 0
        },
        {
            "reply_id": "UgyldixwpI5Wl53opjx4AaABAg",
            "reply_content": "\u55e8",
            "likeCount": 0
        },
        {
            "reply_id": "UgxTtI0_ufE9cIvKgex4AaABAg",
            "reply_content": "\u9019\u96c6\u597d\u53ef\u611b",
            "likeCount": 0
        },
        {
            "reply_id": "Ugw41VbXV8xON0sGACp4AaABAg",
            "reply_content": "\u770b\u4e0d\u5920\u5594",
            "likeCount": 0
        },
        {
            "reply_id": "UgxQ0FeRudfjHKDzGxh4AaABAg",
            "reply_content": "\u597d\u597d\u7b11\u554a",
            "likeCount": 0
        },
        {
            "reply_id": "UgzlisRVqMlTqaKzwiZ4AaABAg",
            "reply_content": "\u4e09\u96bb\u4e00\u8d77\u66ec\u592a\u967d\u7761\u89ba\u597d\u53ef\u611b",
            "likeCount": 9
        },
        {
            "reply_id": "UgylwC_SvO052s3sBY54AaABAg",
            "reply_content": "\u5c0f\u62db\u5f1f\u597d\u53ef\u611b",
            "likeCount": 3
        },
        {
            "reply_id": "UgxGsOfpMRCtSVRlgy14AaABAg",
            "reply_content": "\u62db\u5f1f\u5a18\u5a18\u679c\u7136\u53ef\u611b",
            "likeCount": 3
        },
        {
            "reply_id": "UgxApGMdSug96IeR8fZ4AaABAg",
            "reply_content": "\u982d\u9999",
            "likeCount": 3
        },
        {
            "reply_id": "UgykZA0PlL42VoAY-l54AaABAg",
            "reply_content": "\u559c\u6b61\u9019\u96c6",
            "likeCount": 2
        }
    ]
}