{
    "video_info": {
        "id": "W10B6kKATZI",
        "channelTitle": "\u9ec3\u963f\u746a\u7684\u5f8c\u5bae\u751f\u6d3b",
        "title": "\u3010\u9ec3\u963f\u746a\u7684\u5f8c\u5bae\u751f\u6d3b\u3011\u5c0f\u5695\u4e0d\u5165\u5bae\u4e86\uff01\u539f\u56e0\u516c\u958b\uff01",
        "description": "\u5c0f\u5695\u518d\u898b\u22ef\n\u00d7 \u983b\u9053\u66f4\u65b0\u70ba\u9031\u4e94\u665a\u9593\u516d\u9ede\uff0c\u4e0d\u5b9a\u6642\u767c\u4f48\u5176\u5b83\u5f71\u7247\uff01\u00d7\n\u8a02\u95b1\u6211\u5011\uff1ahttps://goo.gl/5L8xkV\n\u963f\u746a\u5b98\u7db2\uff1ahttps://www.fumeanstore.com\n\n\u3010\u5c0d\u4e0d\u8d77\uff01\u6f14\u5531\u6703\u7dca\u6025\u516c\u544a\uff01\u3011\u5fd7\u9298\u8207\u72f8\u8c93 ft.\u6211\u662f\u6c5f\u8001\u5e2b\n\u25b6 https://youtu.be/3SUYNjGGIIY\n\n-\n\n\u3010\u8fd1\u671f\u6d3b\u52d5\u3011\n\n\u3010\u8c93\u54aa\u8d85\u6709\u4e8b3\uff1a\u746a\u6c11\u8a8d\u8b49\u7c3d\u66f8\u6703 \u9999\u6e2f\u5834\u3011\n\u6d3b\u52d5\u6642\u9593\uff1a2023/4/16(\u65e5) 15:00-19:00\n\u5730\u9ede\uff1a\u9999\u6e2f \u8aa0\u54c1\u9285\u947c\u7063\u5e97 9F FORUM\uff08\u9999\u6e2f\u9285\u947c\u7063\u8ed2\u5c3c\u8a69\u9053500\u865f\u5e0c\u614e\u5ee3\u5834\uff09\n\u865f\u78bc\u724c\u767c\u653e\u6642\u9593\uff06\u5730\u9ede\uff1a2023/4/16(\u65e5) 10:00 \u9999\u6e2f \u8aa0\u54c1\u9285\u947c\u7063\u5e97 9F \u670d\u52d9\u53f0\n\n-\n\n\u7b2c\u4e09\u672c\u5716\u6587\u6f2b\u756b\u300a\u8c93\u54aa\u8d85\u6709\u4e8b3-\u8c93\u8c93\u7f8e\u98df\u6551\u63f4\u8a08\u756b\u300b\n\u5728\u746a\u746a\u5546\u884c\u8cfc\u8cb7\u5c31\u8d08\u9001\u300c\u5f8c\u5bae\u842c\u7528\u8b49\u4ef6\u5e36\u300d\uff08\u96a8\u6a5f1\u6b3e\uff09\n\n\u3010\u6436\u8cfc\u5c08\u5340\u3011   \n\u53f0\u7063(\u746a\u746a\u5546\u884c)\uff1ahttps://lihi1.com/vzhq3/catyt2\n\u6e2f\u6fb3\u5730\u5340\uff1ahttps://reurl.cc/rZAq54\n\u99ac\u65b0\u5730\u5340\uff1ahttps://is.gd/Vs7aXI\n\u203b\u4ee5\u4e0a\u9023\u7d50\u7686\u6709\u9001\u3010\u5f8c\u5bae\u842c\u7528\u8b49\u4ef6\u5e36\u3011\uff08\u51683\u6b3e\uff0c\u96a8\u6a5f\u8d08\u9001\u4e59\u6b3e\uff0c\u9001\u5b8c\u70ba\u6b62\uff09\n\n-\n\n\u3010\u53f0\u5357-\u8da3\u6dd8\u6f2b\u65c5 X \u9ec3\u963f\u746a\u7684\u5f8c\u5bae\u751f\u6d3b\u3011\n\u5373\u65e5\u8d77\u81f36/30\u6b62\uff0c\u6bcf\u65e5\u9650\u91cf6\u9593\u300c\u963f\u746a\u4f86\u8da3\u6dd8\u300d\u4e3b\u984c\u623f\uff01\n\u5165\u4f4f\u963f\u746a\u4e3b\u984c\u623f\u5c31\u8d08\u9001\u300c\u4e3b\u984c\u623f\u79ae\u5305\u300d\u5594\uff01\n\u8a02\u623f\u7db2\u5740\uff1ahttps://reurl.cc/pZemRb\n\n-\n\n\u7b2c\u4e03\u672c\u5e74\u5ea6\u8457\u4f5c\u300a\u7b49\u6211\u56de\u5bb6\u7684\u4f60\u300b\n\u53f0\u7063\uff08\u746a\u746a\u5546\u884c\uff09\uff1ahttps://reurl.cc/Kxxa5n\n\uff08\u746a\u746a\u5546\u884c \u7368\u5bb6\u8d08\u9001\u300c\u5f8c\u5bae\u51fa\u904a\u8da3\u63d2\u756b\u660e\u4fe1\u7247\u4e00\u5f35\uff0c\u96a8\u6a5f\u51fa\u8ca8\u4e0d\u6311\u6b3e\u300d\u5176\u4ed6\u901a\u8def\u6c92\u6709\u8d08\u9001\u5594\uff5e\uff09\n\u99ac\u65b0\u5730\u5340\uff1ahttps://reurl.cc/bzzGvr\n\n-\n\n\u3010\u963f\u746a Line\u8cbc\u5716\uff06\u4e3b\u984c\u3011\n\u300a\u6700\u65b0\u4e0a\u67b6\u300bhttps://lihi3.cc/8ITQO/YT01\n\u300a\u66f4\u591a\u8cbc\u5716\u300bhttps://reurl.cc/4RY6L2\n\n\u3010\u963f\u746a\u5b98\u7db2-\u746a\u746a\u5546\u884c\u3011\n\u25b6 https://www.fumeanstore.com/\n\u300a\u6700\u65b0\u5546\u54c1\u300b\u8b8a\u88dd\u5a03\u5a03\u3001\u597d\u597d\u5e36\u98f2\u6599\u63d0\u888b\u3001\u65b0\u6b3e\u5f8c\u5bae\u7948\u798f\u5fa1\u5b88\n\n---\n\n\u3010\u5408\u4f5c\u9080\u7d04/IP\u806f\u540d\u6388\u6b0a\u3011\nfumeanaction@gmail.com \uff08\u6b61\u8fce\u4f86\u4fe1\u6d3d\u8ac7\uff09\n\n\u3014\u7248\u6b0a\u6240\u6709\uff0c\u975e\u7d93\u8a31\u53ef\u52ff\u8f49\u8f09\u81f3\u4efb\u4f55\u5e73\u53f0\u3015\n\u3014\u9818\u990a\u4e0d\u68c4\u990a\u3015",
        "likeCount": "7730",
        "commentCount": "270",
        "viewCount": "301664"
    },
    "comments": [
        {
            "reply_id": "UgwnHqsqKjXE2ORgeFx4AaABAg",
            "reply_content": "\u5c31\u8b8a\u6210\u4e56\u4e56\u8eba\u5728\u90a3\u592a\u53ef\u611b\u4e86\u5566\ud83d\ude3d\u611f\u89ba\u5be6\u5728\u592a\u4fe1\u4efb\u4e86",
            "likeCount": 8
        },
        {
            "reply_id": "UgxWjq7STpGwYQESmdR4AaABAg",
            "reply_content": "\u771f\u7684\u5047\u7684",
            "likeCount": 1
        },
        {
            "reply_id": "Ugy7wr4Z9vuTmzci_pB4AaABAg",
            "reply_content": "\u6211\u6709\u731c\u5230",
            "likeCount": 1
        },
        {
            "reply_id": "UgwjtDN891QcuVC57tR4AaABAg",
            "reply_content": "\u9032\u5316\u4e4b\u5bb6\u6709\u9019\u500b\u7e41\u6b96\u8a08\u756b",
            "likeCount": 1
        },
        {
            "reply_id": "UgwNOlyojam5S6p1CHx4AaABAg",
            "reply_content": "\u54c8\u54c8\u54c8\u88ab\u9a19\u4e86",
            "likeCount": 0
        },
        {
            "reply_id": "Ugz9HYrUMGgFuhflnTh4AaABAg",
            "reply_content": "\u88ab\u9a97\u4e86\u53ef\u6076",
            "likeCount": 0
        },
        {
            "reply_id": "Ugz9-stIwgahmkNUrRt4AaABAg",
            "reply_content": "\u5fd7\u9298\u6d74\u5ba4\u88e1\u7684\u4fdd\u990a\u54c1\u5b58\u8ca8\u597d\u5145\u8db3\u554a\uff0c\u9694\u8457\u78e8\u7802\u73bb\u7483\u90fd\u80fd\u770b\u5230\u6eff\u6eff\u7684",
            "likeCount": 0
        },
        {
            "reply_id": "Ugx7o3_jF3xE05HNVkF4AaABAg",
            "reply_content": "\u4ee5\u70ba\u662f\u771f\u7684",
            "likeCount": 0
        },
        {
            "reply_id": "Ugwbt2UQvh494DYlih54AaABAg",
            "reply_content": "\u7b11",
            "likeCount": 0
        },
        {
            "reply_id": "UgzMOFq8hK7eriaztmh4AaABAg",
            "reply_content": "\u6bcf\u5e74\u90fd\u5728\u73a9",
            "likeCount": 0
        },
        {
            "reply_id": "Ugx6uTC71qIV3khMF9J4AaABAg",
            "reply_content": "\u597d\u53ef\u601c",
            "likeCount": 1
        },
        {
            "reply_id": "Ugw9prV4TclisD79-vJ4AaABAg",
            "reply_content": "\u6211\u90fd\u5fd8\u4e86\u662f\u611a\u4eba\u7bc0\u4e86",
            "likeCount": 1
        },
        {
            "reply_id": "Ugyxei4fBdwCboSgzc54AaABAg",
            "reply_content": "\u90a3\u6642\u5019\u770b\u4e86\u90a3\u90e8\u5f71\u7247\u6211\u60f3\u8aaa\u5fd7\u9298\u7684\u8c93\u8c93\u600e\u9ebc\u4e0d\u898b\u4e86\ud83d\ude02",
            "likeCount": 1
        },
        {
            "reply_id": "Ugxe0uuNaDFODrqNy-d4AaABAg",
            "reply_content": "\u9084\u7279\u5730\u6392\u62cd\u6f84\u6e05\u5f71\u7247\u6709\u5fc3\u5566",
            "likeCount": 1
        },
        {
            "reply_id": "UgyT0LGbkpIOLStjIl54AaABAg",
            "reply_content": "\u611a\u4eba\u7bc0\u8aaa\u7684\u672c\u4f86\u5c31\u770b\u770b\u5c31\u597d",
            "likeCount": 1
        },
        {
            "reply_id": "UgzkanlojfEDknhdOFx4AaABAg",
            "reply_content": "\u7b2c\u4e00\u6b21\u770b\u5230\u90a3\u9ebc\u7626\u7684\u6a58\u8c93",
            "likeCount": 1
        },
        {
            "reply_id": "UgxQdu-i_KIFIrvQ9dx4AaABAg",
            "reply_content": "\u6211\u731c\u660e\u5e74\u611a\u4eba\u7bc0\u6703\u63db\u5de7\u864e\u4f86\u7576\u5f8c\u5bae\u7684\u5c0f\u8c93",
            "likeCount": 1
        },
        {
            "reply_id": "UgwcJV7WKOWJCs_0hbV4AaABAg",
            "reply_content": "\u6211\u88ab\u9a19\u4e86",
            "likeCount": 1
        },
        {
            "reply_id": "Ugyii0L92Vo40jkUduJ4AaABAg",
            "reply_content": "\u963f\u746a\u8868\u793a\u61a4\u6012",
            "likeCount": 1
        },
        {
            "reply_id": "UgzssMx9Ih1nCVSBCWN4AaABAg",
            "reply_content": "\u96d6\u7136\u771f\u7684\u9577\u5f97\u8d85\u50cf",
            "likeCount": 1
        },
        {
            "reply_id": "Ugyr3oZLLdOzI32lQgt4AaABAg",
            "reply_content": "\u6211\u539f\u672c\u5f88\u671f\u5f85",
            "likeCount": 1
        },
        {
            "reply_id": "UgwY9-UYEo4aVldjBC14AaABAg",
            "reply_content": "\u611a\u4eba\u7bc0\u5feb\u6a02",
            "likeCount": 1
        },
        {
            "reply_id": "UgyGXfQf7p5zcwe_-z14AaABAg",
            "reply_content": "\u6efe",
            "likeCount": 0
        },
        {
            "reply_id": "Ugx3BVaaVb0-4Or9lTd4AaABAg",
            "reply_content": "\u6b50",
            "likeCount": 2
        },
        {
            "reply_id": "UgyLsUucieVfmkO0PMh4AaABAg",
            "reply_content": "\u6211\u624d\u525b\u525b\u770b\u5b8c\u4e0a\u4e00\u96c6",
            "likeCount": 1
        }
    ]
}