{
    "video_info": {
        "id": "wqlgtaUTve0",
        "channelTitle": "\u9ec3\u963f\u746a\u7684\u5f8c\u5bae\u751f\u6d3b",
        "title": "\u770b\u5230\u8089\u7403\u4e00\u5b9a\u8981\u505a\u7684\u4e8b",
        "description": "",
        "likeCount": "14632",
        "commentCount": "144",
        "viewCount": "273239"
    },
    "comments": [
        {
            "reply_id": "Ugw-53THRUW7JIAdEoh4AaABAg",
            "reply_content": "\u600e\u9ebc\u6c92\u6709\u805e\u5e7e\u4e0b",
            "likeCount": 2
        },
        {
            "reply_id": "UgzvL89zyp4P_jWDpFl4AaABAg",
            "reply_content": "\u5c0f\u718a\u8edf\u7cd6\u822c\u7684\u624b\u6536",
            "likeCount": 1
        },
        {
            "reply_id": "UgxUtUaqtJlN4ZiyB_t4AaABAg",
            "reply_content": "\u767d\u89d2\u8e44",
            "likeCount": 1
        },
        {
            "reply_id": "UgyJSXdauBcLaem5MGJ4AaABAg",
            "reply_content": "\u53ef\u611b\u5f97\u60f3\u5403\u6389",
            "likeCount": 1
        },
        {
            "reply_id": "UgwMxFi7N2YhQ18D-5t4AaABAg",
            "reply_content": "\u9084\u8981\u7528\u529b\u5438",
            "likeCount": 1
        },
        {
            "reply_id": "UgyIaOQhaCyW71j08lN4AaABAg",
            "reply_content": "\u597d\u5ae9",
            "likeCount": 0
        },
        {
            "reply_id": "UgxW3wFRcr6wzLO9c2d4AaABAg",
            "reply_content": "\u8981\u5438\u4e00\u4e0b\u5427",
            "likeCount": 0
        },
        {
            "reply_id": "UgyBp-IV7sQ4YwGk-Np4AaABAg",
            "reply_content": "\u7d13\u58d3",
            "likeCount": 0
        },
        {
            "reply_id": "UgwjPi8mR7QqcaeicE54AaABAg",
            "reply_content": "\u8ba9\u59e8\u59e8\u4eb2\u4eb2",
            "likeCount": 0
        },
        {
            "reply_id": "UgyQWJyg9-BH6aZqf1J4AaABAg",
            "reply_content": "\u90a3\u500b\u8c93\u8173\u9867\u771f\u597d",
            "likeCount": 0
        },
        {
            "reply_id": "UgwA83SzeoZyQ0aPr2N4AaABAg",
            "reply_content": "\u9ec3\u963f\u746a\u4e16\u4e00",
            "likeCount": 0
        },
        {
            "reply_id": "UgwwNJFTXB43v5dICEt4AaABAg",
            "reply_content": "\u597d\u7c89\u5ae9",
            "likeCount": 0
        },
        {
            "reply_id": "Ugx6_7hscGis1zdg8TR4AaABAg",
            "reply_content": "\u807d\u8aaa\u5438\u8c93\u8089\u7403\u6703\u55c5\u5230\u7206\u8c37\u5473",
            "likeCount": 0
        },
        {
            "reply_id": "UgwAAu4CCGFbySGf2e14AaABAg",
            "reply_content": "\u4f86\u79d1\u666e\u500b\u5c0f\u77e5\u8b58\u8c93\u54aa\u5176\u5be6\u6c92\u6709\u5f88\u559c\u6b61\u8089\u7403\u88ab\u6478",
            "likeCount": 0
        },
        {
            "reply_id": "Ugy_N3V0Z0C0jsf1Yrd4AaABAg",
            "reply_content": "\u7121\u610f\u9593\u7121\u9650\u5faa\u74b0",
            "likeCount": 0
        },
        {
            "reply_id": "Ugwbz-YnWMWuBwuyDeh4AaABAg",
            "reply_content": "\u771f\u7c89\u5ae9",
            "likeCount": 0
        },
        {
            "reply_id": "Ugxy1Ha85Cr5gl_R-Zd4AaABAg",
            "reply_content": "\u6211\u5bb6\u8c93\u624d\u4e0d\u7d66\u6478\u52d2",
            "likeCount": 0
        },
        {
            "reply_id": "UgwEtDjiTUdsO2I426x4AaABAg",
            "reply_content": "\u6211\u9084\u60f3\u8aaa\u963f\u746a\u600e\u9ebc\u6c92\u53cd\u6297\u539f\u4f86\u7247\u5c3e\u6709\u5927\u53eb\u54c8\u54c8\u54c8\u54c8",
            "likeCount": 464
        },
        {
            "reply_id": "Ugx2JtEL1d0-Qmqk4up4AaABAg",
            "reply_content": "\u963f\u746a\u771f\u7684\u53e4\u9310\u5566",
            "likeCount": 32
        },
        {
            "reply_id": "UgxmGvVCaqvKFBK3eel4AaABAg",
            "reply_content": "\u600e\u9ebc\u53ef\u4ee5\u4e00\u76f4\u9806\u5f9e\u4f60",
            "likeCount": 6
        },
        {
            "reply_id": "UgzLm0VmfEIO-uIf4zx4AaABAg",
            "reply_content": "\u72c2\u5438",
            "likeCount": 6
        },
        {
            "reply_id": "UgyTAwBXbzRVO1940NV4AaABAg",
            "reply_content": "\u771f\u7fa8\u6155",
            "likeCount": 4
        },
        {
            "reply_id": "UgwsA28SNHHCqrUE4BN4AaABAg",
            "reply_content": "\u8981\u958b\u82b1",
            "likeCount": 4
        },
        {
            "reply_id": "Ugw0WhMc7Xn4xUkPPjB4AaABAg",
            "reply_content": "\u6478",
            "likeCount": 4
        }
    ]
}