{
    "video_info": {
        "id": "wu_dJwQnse8",
        "channelTitle": "\u9ec3\u963f\u746a\u7684\u5f8c\u5bae\u751f\u6d3b",
        "title": "\u3010\u9ec3\u963f\u746a\u7684\u5f8c\u5bae\u751f\u6d3b\u3011\u6d63\u8178\u5927\u95d6\u5695\u623f\uff01\u88ab\u5c3f\u5f97\u8d85\u6dd2\u6158",
        "description": "\u6d63\u8178\uff1a\u300c\u597d\u597d\u73a9\u5594\uff5e\u300d\n\u00d7 \u983b\u9053\u66f4\u65b0\u70ba\u9031\u4e94\u665a\u9593\u516d\u9ede\uff0c\u4e0d\u5b9a\u6642\u767c\u4f48\u5176\u5b83\u5f71\u7247\uff01\u00d7\n\u8a02\u95b1\u6211\u5011\uff1ahttps://goo.gl/5L8xkV\n\u963f\u746a\u5b98\u7db2\uff1ahttps://www.fumeanstore.com\n\n\u3010\u5b78\u6821\u6709\u6d63\u718a\u51fa\u6c92\uff01\u570b\u5c0f\u88e1\u7684\u5c0f\u578b\u52d5\u7269\u5712\uff01\u3011\u5fd7\u9298\u8207\u72f8\u8c93\n\u25b6 https://youtu.be/9iz9HLWjtNs\n\n-\n\n\u3010\u8fd1\u671f\u6d3b\u52d5\u3011\n\n\u3010\u8c93\u54aa\u8d85\u6709\u4e8b3\uff1a\u746a\u6c11\u8a8d\u8b49\u7c3d\u66f8\u6703\u3011\n* 7/23 14:00~17:00 \u53f0\u5357 \u653f\u5927\u66f8\u57ce (\u53f0\u5357\u5e02\u4e2d\u897f\u5340\u897f\u9580\u8def\u4e8c\u6bb5120\u865f)\n* 8/20 14:00~17:00 \u82b1\u84ee \u653f\u5927\u66f8\u57ce (\u82b1\u84ee\u7e23\u82b1\u84ee\u5e02\u4e2d\u5c71\u8def547-2\u865f)\n* 9/10 14:00~17:00 \u53f0\u5317 \u4e2d\u548c\u74b0\u7403\u8cfc\u7269\u4e2d\u5fc3 (\u65b0\u5317\u5e02\u4e2d\u548c\u5340\u4e2d\u5c71\u8def\u4e09\u6bb5122\u865f)\n* 11/19 14:00~17:00 \u9ad8\u96c4 \u6f22\u795e\u5de8\u86cb B1\u7279\u5c55\u5340 (\u9ad8\u96c4\u5e02\u5de6\u71df\u5340\u535a\u611b\u4e8c\u8def777\u865f)  \n* 12/03 14:00~17:00 \u53f0\u4e2d \u5ee3\u4e09SOGO 12\u6a13\u6d3b\u52d5\u5340 (\u53f0\u4e2d\u5e02\u897f\u5340\u53f0\u7063\u5927\u9053\u4e8c\u6bb5459\u865f)\n\u8a73\u7d30\u6d3b\u52d5\u8fa6\u6cd5\u8acb\u770b https://lihi3.cc/RMCIt/YT\n\n-\n\n\u7b2c\u4e09\u672c\u5716\u6587\u6f2b\u756b\u300a\u8c93\u54aa\u8d85\u6709\u4e8b3-\u8c93\u8c93\u7f8e\u98df\u6551\u63f4\u8a08\u756b\u300b\n\u5728\u746a\u746a\u5546\u884c\u8cfc\u8cb7\u5c31\u8d08\u9001\u300c\u5f8c\u5bae\u842c\u7528\u8b49\u4ef6\u5e36\u300d\uff08\u96a8\u6a5f1\u6b3e\uff09\n\n\u3010\u6436\u8cfc\u5c08\u5340\u3011   \n\u53f0\u7063(\u746a\u746a\u5546\u884c)\uff1ahttps://lihi1.com/vzhq3/catyt2\n\u6e2f\u6fb3\u5730\u5340\uff1ahttps://reurl.cc/rZAq54\n\u99ac\u65b0\u5730\u5340\uff1ahttps://is.gd/Vs7aXI\n\u203b\u4ee5\u4e0a\u9023\u7d50\u7686\u6709\u9001\u3010\u5f8c\u5bae\u842c\u7528\u8b49\u4ef6\u5e36\u3011\uff08\u51683\u6b3e\uff0c\u96a8\u6a5f\u8d08\u9001\u4e59\u6b3e\uff0c\u9001\u5b8c\u70ba\u6b62\uff09\n\n-\n\n\u30107-ELEVEN \u9ec3\u963f\u746a\u4e3b\u984c\u5e97\u3011\n\u4e3b\u984c\u5e97\u958b\u5e55\u5566\uff5e\n\u8cb7\u5496\u5561\u5c31\u53ef\u4ee5\u7372\u5f97\u672c\u5e97\u9650\u5b9a\u7684\u963f\u746aCITY CAFE\u676f\uff01\n\u5e97\u5167\u9084\u6709\u5f88\u591a\u6771\u897f\u53ef\u4ee5\u62cd\u7167\uff0c\u6b61\u8fce\u4f86\u901b\u901b\uff5e\n\u5730\u5740\uff1a7-ELEVEN\u6566\u4fe1\u9580\u5e02\uff08\u53f0\u5317\u5e02\u5927\u5b89\u5340\u4ec1\u611b\u8def\u56db\u6bb5122\u5df750\u865f1\u6a13\uff09\n\n-\n\n\u7b2c\u4e03\u672c\u5e74\u5ea6\u8457\u4f5c\u300a\u7b49\u6211\u56de\u5bb6\u7684\u4f60\u300b\n\u53f0\u7063\uff08\u746a\u746a\u5546\u884c\uff09\uff1ahttps://reurl.cc/Kxxa5n\n\uff08\u746a\u746a\u5546\u884c \u7368\u5bb6\u8d08\u9001\u300c\u5f8c\u5bae\u51fa\u904a\u8da3\u63d2\u756b\u660e\u4fe1\u7247\u4e00\u5f35\uff0c\u96a8\u6a5f\u51fa\u8ca8\u4e0d\u6311\u6b3e\u300d\u5176\u4ed6\u901a\u8def\u6c92\u6709\u8d08\u9001\u5594\uff5e\uff09\n\u99ac\u65b0\u5730\u5340\uff1ahttps://reurl.cc/bzzGvr\n\n-\n\n\u3010\u963f\u746a Line\u8cbc\u5716\uff06\u4e3b\u984c\u3011\n\u300a\u6700\u65b0\u4e0a\u67b6\u300bhttps://lihi3.cc/8ITQO/YT01\n\u300a\u66f4\u591a\u8cbc\u5716\u300bhttps://reurl.cc/4RY6L2\n\n\u3010\u963f\u746a\u5b98\u7db2-\u746a\u746a\u5546\u884c\u3011\n\u25b6\u00a0https://www.fumeanstore.com/\n\u300a\u6700\u65b0\u5546\u54c1\u300b304\u4e0d\u93fd\u92fc\u9910\u5177\u3001\u7ae5\u88dd\u7d14\u68c9\u77edT\u3001\u5f8c\u5bae\u5922\u4e4b\u8239\u58d3\u514b\u529b\u9020\u578b\u7acb\u724c\n\n---\n\n\u3010\u5408\u4f5c\u9080\u7d04/IP\u806f\u540d\u6388\u6b0a\u3011\nfumeanaction@gmail.com \uff08\u6b61\u8fce\u4f86\u4fe1\u6d3d\u8ac7\uff09\n\n\u3014\u7248\u6b0a\u6240\u6709\uff0c\u975e\u7d93\u8a31\u53ef\u52ff\u8f49\u8f09\u81f3\u4efb\u4f55\u5e73\u53f0\u3015\n\u3014\u9818\u990a\u4e0d\u68c4\u990a\u3015",
        "likeCount": "5231",
        "commentCount": "218",
        "viewCount": "151478"
    },
    "comments": [
        {
            "reply_id": "UgyJSqggEETiw85Yks54AaABAg",
            "reply_content": "\u6d63\u8178\u8868\u793a\u65e2\u7136\u90fd\u4f86\u4e86\u4e0d\u5982\u5c31\u9b27\u500b\u5929\u7ffb\u5730\u8986\u518d\u56de\u53bb\ud83d\ude02",
            "likeCount": 6
        },
        {
            "reply_id": "Ugy0Avc2Bxui8BTS0z54AaABAg",
            "reply_content": "\u5b8c\u5168\u80fd\u9ad4\u6703\u72f8\u8c93\u5d29\u6f70\u5927\u543c\u7684\u5fc3\u60c5",
            "likeCount": 3
        },
        {
            "reply_id": "UgxrGnwNeS0WiXgMbQ14AaABAg",
            "reply_content": "\u53c8\u8a0e\u53ad\u53c8\u53ef\u611b\u7684\u8178\u8178",
            "likeCount": 1
        },
        {
            "reply_id": "UgxjPCnY4V_gOAnyYoR4AaABAg",
            "reply_content": "\u5695\u5695\u7684\u80cc\u5f71\u597d\u53ef\u611b",
            "likeCount": 0
        },
        {
            "reply_id": "UgxeJ4RNLPhqzpPeFV14AaABAg",
            "reply_content": "\u63db\u53e6\u4e00\u7a2e\u9580\u628a\u5c31\u597d\u4e86",
            "likeCount": 0
        },
        {
            "reply_id": "UgwSfOQ75WP1y7txez94AaABAg",
            "reply_content": "\u5f8c\u5bae\u9700\u8981\u4e00\u500b\u5927\u7684\u6d17\u8863\u5834",
            "likeCount": 0
        },
        {
            "reply_id": "UgzdtrLWdI7zNutTRmZ4AaABAg",
            "reply_content": "\u7b2c\u4e8c\u6b21\u88ab\u5c3f",
            "likeCount": 0
        },
        {
            "reply_id": "UgzFLer-H-8YCylzyzh4AaABAg",
            "reply_content": "\u52a0\u500b\u5152\u7ae5\u5b89\u5168\u9396\u53c8\u4e0d\u96e3",
            "likeCount": 0
        },
        {
            "reply_id": "Ugy8IJ4TMi6DwbA--0t4AaABAg",
            "reply_content": "\u6709\u4e00\u96bb\u6703\u958b\u9580\u7684\u8c93\u4e5f\u662f\u8b93\u4eba\u611f\u5230\u5341\u5206\u64d4\u6182",
            "likeCount": 0
        },
        {
            "reply_id": "UgzOhhWSoJZ70615Lr14AaABAg",
            "reply_content": "\u771f\u7684\u5d29\u6f70",
            "likeCount": 0
        },
        {
            "reply_id": "UgwVClJG8ydz3mq0mCl4AaABAg",
            "reply_content": "\u6d63\u8178\u6839\u672c\u5c31\u662f\u5c0f\u5c41\u5b69\u554a",
            "likeCount": 0
        },
        {
            "reply_id": "UgyjUWCTF7NqFNCWnpd4AaABAg",
            "reply_content": "\u770b\u4f86\u81f3\u5c11\u6d63\u8178\u623f\u7684\u9580\u9396\u8981\u63db\u5587\u53ed\u9396\u4e86\uff0c\u7d93\u6fdf\u689d\u4ef6\u8a31\u53ef\u7684\u8a71\u518d\u8003\u616e\u628a\u5176\u4ed6\u7684\u9396\u90fd\u63db\u6210\u5587\u53ed\u9396",
            "likeCount": 0
        },
        {
            "reply_id": "UgzhN4X4k1qtxtOeqFd4AaABAg",
            "reply_content": "\u54c8\u54c8\u54c8\u54c8\u54c8\u54c8\u6700\u540e\u72f8\u732b\u7206\u6c14\u597d\u53ef\u7231\u54c8\u54c8\u54c8\u54c8\u54c8",
            "likeCount": 0
        },
        {
            "reply_id": "UgyVoe_KVJKnB1fQ8_94AaABAg",
            "reply_content": "\u4e0d\u6127\u662f\u5f8c\u5bae\u53bb\u5473\u5927\u5e2b",
            "likeCount": 0
        },
        {
            "reply_id": "Ugzu_PiWpbbZWh0_aOV4AaABAg",
            "reply_content": "\u63db\u9396\u5427",
            "likeCount": 0
        },
        {
            "reply_id": "UgzaBrHRE3fQrR4DB654AaABAg",
            "reply_content": "\u6d63\u8178\u597d\u53ef\u611b",
            "likeCount": 0
        },
        {
            "reply_id": "Ugzzi129fZI1jZdyZdt4AaABAg",
            "reply_content": "\u4e0d\u6127\u662f\u63a5\u73ed\u4eba",
            "likeCount": 0
        },
        {
            "reply_id": "Ugz547Kda9mMDbYSLth4AaABAg",
            "reply_content": "\u6d63\u8178\u6709\u5920\u53ef\u611b",
            "likeCount": 0
        },
        {
            "reply_id": "UgybcmNzCd_nB7MGugh4AaABAg",
            "reply_content": "\u88ab\u5c3f\u5c3f\u7684\u5730\u65b9\u5148\u7528\u5f0f\u5eda\u623f\u7d19\u5dfe\u92ea\u4e0a\u53bb\u6fd5\u5438\u4e7e\u518d\u7528\u6fd5\u7d19\u5dfe\u64e6\u62ed\u9019\u6a23\u64e6\u62ed\u624d\u6703\u4e7e\u6de8",
            "likeCount": 0
        },
        {
            "reply_id": "UgzM_gjSfkrB0-GCZPd4AaABAg",
            "reply_content": "\u6d63\u8178\u958b\u9580\u5df2\u7d93\u7210\u706b\u7d14\u9752",
            "likeCount": 0
        },
        {
            "reply_id": "UgxuPzmITVDs1RuWRhB4AaABAg",
            "reply_content": "\u89e3\u6c7a\u7684\u8fa6\u6cd5\u53ea\u6709\u628a\u9580\u6539\u6210\u5587\u53ed\u9396",
            "likeCount": 0
        },
        {
            "reply_id": "UgzJVerlQ8EAsQlwxDh4AaABAg",
            "reply_content": "\u6d63\u8178\u9664\u4e86\u5f88\u6703\u8eb2\u8c93\u8c93\uff0c\u9084\u5f88\u6703\u7232\u5bb6\u5c45\u589e\u6dfb\u7368\u7279\u7684\u8178\u5473",
            "likeCount": 42
        },
        {
            "reply_id": "UgwG4buxlbpvUVOca014AaABAg",
            "reply_content": "\u6700\u597d\u7b11\u5c31\u662f\u72f8\u8c93\u4e0d\u6562\u76f4\u63a5\u627f\u8a8d\u9580\u6c92\u64cb\u597d",
            "likeCount": 14
        },
        {
            "reply_id": "Ugz9cRwVfFrJospxQr14AaABAg",
            "reply_content": "\u9396\u5320\u8178\u771f\u7684\u592a\u53b2\u5bb3\u5566",
            "likeCount": 6
        },
        {
            "reply_id": "UgyJrHb7QOEeISnonrp4AaABAg",
            "reply_content": "\u6d63\u8178\u597d\u53ef\u611b",
            "likeCount": 4
        }
    ]
}