{
    "video_info": {
        "id": "wx9fdCXdkPs",
        "channelTitle": "\u9ec3\u963f\u746a\u7684\u5f8c\u5bae\u751f\u6d3b",
        "title": "\u3010\u9ec3\u963f\u746a\u7684\u5f8c\u5bae\u751f\u6d3b\u3011\u8001\u8c93\u5b85\u6539\u9020\uff01\u9069\u5408\u8001\u8c93\u751f\u6d3b\u7684\u74b0\u5883\uff01#\u8001\u8c93 #\u5bf5\u7269\u5b85 #\u6539\u9020 #\u8c93\u623f",
        "description": "\u963f\u746a\uff1a\u300c\u6715\u7684\u5f8c\u5bae\u600e\u9ebc\u8b8a\u4e86\uff1f\u300d\n\u00d7 \u983b\u9053\u66f4\u65b0\u70ba\u9031\u4e94\u665a\u9593\u516d\u9ede\uff0c\u4e0d\u5b9a\u6642\u767c\u4f48\u5176\u5b83\u5f71\u7247\uff01\u00d7\n\u8a02\u95b1\u6211\u5011\uff1ahttps://goo.gl/5L8xkV\n\u963f\u746a\u5b98\u7db2\uff1ahttps://www.fumeanstore.com\n\n\u9019\u6b21\u6211\u5011\u7684\u5c45\u5bb6\u6539\u9020\uff0c\u611f\u8b1d\n#\u6c6a\u55b5\u661f\u7403 \u8d0a\u52a9 \u65e5\u672cTOLI\u5bf5\u7269\u9632\u6ed1\u5730\u588a\n#\u665a\u5b89\u5948\u7279 \u8d0a\u52a9 \u6046\u6eab\u67d4\u5f48\u7368\u7acb\u7b52\u5e8a\u588a\u3001\u7c21\u7d04\u5be6\u6728\u5e8a\u67b6\u7d44\n\u5e0c\u671b\u80fd\u5920\u6e1b\u5c11\u8c93\u54aa\u5011\u95dc\u7bc0\u7684\u8ca0\u64d4\uff0c\u4e5f\u751f\u6d3b\u5f97\u66f4\u52a0\u8212\u9069\n\n-\n\n\u3010\u73a9\u81ea\u7531\u843d\u9ad4\u7a81\u7136\u5410\u8840\uff01\u963f\u746a\u4e3b\u984c\u623f\u958b\u7bb1\uff01\u3011\u5fd7\u9298\u8207\u72f8\u8c93 Ft. \u8da3\u6dd8\u6f2b\u65c5\n\u25b6 https://youtu.be/IFtdWqX5PGI\n\n\u3010\u8fd1\u671f\u6d3b\u52d5\u3011\n\n\u3010\u53f0\u5357-\u8da3\u6dd8\u6f2b\u65c5 X \u9ec3\u963f\u746a\u7684\u5f8c\u5bae\u751f\u6d3b\u3011\n\u5373\u65e5\u8d77\u81f36/30\u6b62\uff0c\u6bcf\u65e5\u9650\u91cf6\u9593\u300c\u963f\u746a\u4f86\u8da3\u6dd8\u300d\u4e3b\u984c\u623f\uff01\n\u5165\u4f4f\u963f\u746a\u4e3b\u984c\u623f\u5c31\u8d08\u9001\u300c\u4e3b\u984c\u623f\u79ae\u5305\u300d\u5594\uff01\n\u8a02\u623f\u7db2\u5740\uff1ahttps://reurl.cc/pZemRb\n\n-\n\u7b2c\u4e09\u672c\u5716\u6587\u6f2b\u756b\u300a\u8c93\u54aa\u8d85\u6709\u4e8b3-\u8c93\u8c93\u7f8e\u98df\u6551\u63f4\u8a08\u756b\u300b\n\u5728\u746a\u746a\u5546\u884c\u8cfc\u8cb7\u5c31\u8d08\u9001\u300c\u5f8c\u5bae\u842c\u7528\u8b49\u4ef6\u5e36\u300d\uff08\u96a8\u6a5f1\u6b3e\uff09\n\n\u3010\u6436\u8cfc\u5c08\u5340\u3011   \n\u53f0\u7063(\u746a\u746a\u5546\u884c)\uff1ahttps://lihi1.com/vzhq3/catyt2\n\u6e2f\u6fb3\u5730\u5340\uff1ahttps://reurl.cc/rZAq54\n\u99ac\u65b0\u5730\u5340\uff1ahttps://is.gd/Vs7aXI\n\u203b\u4ee5\u4e0a\u9023\u7d50\u7686\u6709\u9001\u3010\u5f8c\u5bae\u842c\u7528\u8b49\u4ef6\u5e36\u3011\uff08\u51683\u6b3e\uff0c\u96a8\u6a5f\u8d08\u9001\u4e59\u6b3e\uff0c\u9001\u5b8c\u70ba\u6b62\uff09\n\n-\n\n\u3010\u7f6e\u5bccMalls X \u9ec3\u963f\u746a\u55b5\u904b\u99d5\u5230\u3011\n\u5373\u65e5\u8d77\u81f33/12\u53ef\u4ee5\u5728\u9999\u6e2f\u7f6e\u5bccMalls\u7684\u56db\u5927\u5546\u5834\u627e\u5230\u5f8c\u5bae\u7684\u8eab\u5f71\u5594\uff01\n\u8a73\u60c5\u8acb\u770b https://reurl.cc/YdKWa0\n\n-\n\n\u7b2c\u4e03\u672c\u5e74\u5ea6\u8457\u4f5c\u300a\u7b49\u6211\u56de\u5bb6\u7684\u4f60\u300b\n\u53f0\u7063\uff08\u746a\u746a\u5546\u884c\uff09\uff1ahttps://reurl.cc/Kxxa5n\n\uff08\u746a\u746a\u5546\u884c \u7368\u5bb6\u8d08\u9001\u300c\u5f8c\u5bae\u51fa\u904a\u8da3\u63d2\u756b\u660e\u4fe1\u7247\u4e00\u5f35\uff0c\u96a8\u6a5f\u51fa\u8ca8\u4e0d\u6311\u6b3e\u300d\u5176\u4ed6\u901a\u8def\u6c92\u6709\u8d08\u9001\u5594\uff5e\uff09\n\u99ac\u65b0\u5730\u5340\uff1ahttps://reurl.cc/bzzGvr\n\n-\n\n\u3010\u963f\u746a Line\u8cbc\u5716\uff06\u4e3b\u984c\u3011\n\u300a\u6700\u65b0\u4e0a\u67b6\u300bhttps://reurl.cc/ROb2dG\n\u300a\u66f4\u591a\u8cbc\u5716\u300bhttps://reurl.cc/4RY6L2\n\n\u3010\u963f\u746a\u5b98\u7db2-\u746a\u746a\u5546\u884c\u3011\n\u25b6 https://www.fumeanstore.com/\n\u300a\u6700\u65b0\u5546\u54c1\u300b\u65b0\u6b3e\u6307\u7532\u6cb9\u3001\u65b0\u6b3e\u5e8a\u5305\u3001\u964d\u843d\u5098\u7bc7\u76d2\u88dd\u73a9\u5177\n\n---\n\n\u3010\u5408\u4f5c\u9080\u7d04/IP\u806f\u540d\u6388\u6b0a\u3011\nfumeanaction@gmail.com \uff08\u6b61\u8fce\u4f86\u4fe1\u6d3d\u8ac7\uff09\n\n\u3014\u7248\u6b0a\u6240\u6709\uff0c\u975e\u7d93\u8a31\u53ef\u52ff\u8f49\u8f09\u81f3\u4efb\u4f55\u5e73\u53f0\u3015\n\u3014\u9818\u990a\u4e0d\u68c4\u990a\u3015",
        "likeCount": "11944",
        "commentCount": "444",
        "viewCount": "376225"
    },
    "comments": [
        {
            "reply_id": "UgzlNqDjm1aqwzXJwlp4AaABAg",
            "reply_content": "\u8c93\u54aa\u80fd\u9047\u5230\u4f60\u5011\u771f\u7684\u662f\u592a\u5e78\u798f\u4e86",
            "likeCount": 2
        },
        {
            "reply_id": "Ugzt5lZ7JiIBGcfhhLp4AaABAg",
            "reply_content": "\u597d\u5473\u5c0f\u59d0\u5bb6\u7684\u8c93\u54aa\u968e\u68af\u611f\u89ba\u5f88\u9069\u5408\u5f8c\u5bae\u5011",
            "likeCount": 1
        },
        {
            "reply_id": "UgwT8oElWdoM9PXO_1J4AaABAg",
            "reply_content": "\u65b0\u5e8a\u770b\u6765\u4e0d\u9519\u8bf6\uff0c\u5bf9\u4e8e\u732b\u732b\u548c\u4eba\u7c7b\u6765\u8bf4\u90fd\u66f4\u8212\u9002",
            "likeCount": 1
        },
        {
            "reply_id": "UgyYdHtST7j4Si52cIt4AaABAg",
            "reply_content": "\u795e\u660e\u8acb\u4fdd\u4f51\u6211\u4e0b\u8f29\u5b50\u505a\u5fd7\u9298\u72f8\u8c93\u7684\u8c93",
            "likeCount": 0
        },
        {
            "reply_id": "UgylazrwDCHI1LcqMTd4AaABAg",
            "reply_content": "\u5974\u624d\u771f\u7528\u5fc3\u826f\u82e6",
            "likeCount": 0
        },
        {
            "reply_id": "UgxpjplT3K6lckUmbRZ4AaABAg",
            "reply_content": "\u4eca\u5929\u53bb\u5bf5\u7269\u5c55\u4e0b\u8a02\u4e86\u5169\u7bb1",
            "likeCount": 0
        },
        {
            "reply_id": "UgzXRoxHGOT49JQfU7t4AaABAg",
            "reply_content": "\u8acb\u554f\u9019\u500b\u5730\u588a\u662f\u4ec0\u9ebc\u984f\u8272",
            "likeCount": 0
        },
        {
            "reply_id": "UgxjSWAQv2TdzKaPxe94AaABAg",
            "reply_content": "\u67da\u5b50\u809a\u5b50\u8b8a\u597d\u5927\u4e00\u500b",
            "likeCount": 0
        },
        {
            "reply_id": "Ugy7_MQh-syUDPwiGAp4AaABAg",
            "reply_content": "\u597d\u5947\u5730\u588a\u597d\u6e05\u6f54\u55ce",
            "likeCount": 0
        },
        {
            "reply_id": "Ugx4yzMAR-Z1bL5cV6p4AaABAg",
            "reply_content": "\u8173\u59b9\u771f\u7684\u597d\u53ef\u611b",
            "likeCount": 0
        },
        {
            "reply_id": "UgzzR-3vWgrNKLfR_up4AaABAg",
            "reply_content": "\u4e00\u90e8\u5f71\u7247\u6709\u5169\u500b\u8d0a\u52a9\u5546\u7684\u771f\u7537\u4eba",
            "likeCount": 0
        },
        {
            "reply_id": "UgyUC2YqKlTsmXpx5lF4AaABAg",
            "reply_content": "\u9019\u5730\u588a\u771f\u7684\u5f88\u8212\u670d",
            "likeCount": 0
        },
        {
            "reply_id": "UgxbnQXnZlEjOlARZ7Z4AaABAg",
            "reply_content": "\u4e0b\u9762\u8173\u8e0f\u588a\u662f\u4ec0\u9ebc\u7684",
            "likeCount": 0
        },
        {
            "reply_id": "Ugw3DkJzJQkJb-GtvTp4AaABAg",
            "reply_content": "\u6211\u6709\u8cb7\u559c\u5e74\u4f86\u86cb\u6372",
            "likeCount": 0
        },
        {
            "reply_id": "UgxN1zi3wpugtLsSnZd4AaABAg",
            "reply_content": "\u963f\u746a\u662f\u4e0d\u662f\u4e5f\u8a72\u5403\u4e00\u9ede\u9aa8\u9abc\u4fdd\u5065\u54c1",
            "likeCount": 0
        },
        {
            "reply_id": "UgyDXBYFQmbxT-ZOk3h4AaABAg",
            "reply_content": "\u4e09\u811a\u597d\u7f8e",
            "likeCount": 0
        },
        {
            "reply_id": "UgzGijuv3U7dMI84F7d4AaABAg",
            "reply_content": "\u6771\u529b",
            "likeCount": 0
        },
        {
            "reply_id": "UgxuVwNL93ulZHhuoWp4AaABAg",
            "reply_content": "\u8d85\u6709\u611b\u5fc3",
            "likeCount": 2
        },
        {
            "reply_id": "UgwELfwlC-HNR1GInHJ4AaABAg",
            "reply_content": "\u8c93\u54aa\u76f4\u63a5\u8eba\u5728\u5730\u588a\u4e0a\u7684\u6a23\u5b50\u771f\u7684\u597d\u53ef\u611b\ud83d\ude0d\u5f88\u8212\u670d\u7684\u6a23\u5b50",
            "likeCount": 2
        },
        {
            "reply_id": "UgzlbNvIDVecX51imM54AaABAg",
            "reply_content": "\u611f\u89ba\u4eba\u985e\u4e5f\u9700\u8981\u9019\u5730\u588a \u53ea\u662f\u4e0d\u77e5\u597d\u4e0d\u597d\u6e05\u6f54",
            "likeCount": 1
        },
        {
            "reply_id": "Ugz9mxK_4wWN0HteIbB4AaABAg",
            "reply_content": "\u5730\u588a\u51ac\u5929\u6642\u9084\u80fd\u9632\u5730\u677f\u51b0",
            "likeCount": 1
        },
        {
            "reply_id": "Ugxv-D2KIAk1tZJGt414AaABAg",
            "reply_content": "\u67da\u5b50\u6709\u65b0\u5e8a\u5c3f\u5c3f",
            "likeCount": 1
        },
        {
            "reply_id": "UgzusnuYfAheKE0r-8V4AaABAg",
            "reply_content": "\u6258\u8c93\u54aa\u5011\u7684\u798f\u5974\u624d\u4e5f\u80fd\u8d70\u5f97\u8212\u670d",
            "likeCount": 0
        },
        {
            "reply_id": "UgwCyP11TJHXPgupjIN4AaABAg",
            "reply_content": "\u4e09\u8173\u5012\u4e0b\u7684\u6642\u5019\u771f\u7684\u597d\u53ef\u611b",
            "likeCount": 0
        },
        {
            "reply_id": "Ugz-RIdjd7DWYbvQ14d4AaABAg",
            "reply_content": "\u4e09\u8173\u771f\u7684\u8d85\u7f8e",
            "likeCount": 0
        }
    ]
}