{
    "video_info": {
        "id": "X4h-dXIB5XU",
        "channelTitle": "\u9ec3\u963f\u746a\u7684\u5f8c\u5bae\u751f\u6d3b",
        "title": "\u3010\u9ec3\u963f\u746a\u7684\u5f8c\u5bae\u751f\u6d3b\u3011\u8c93\u54aa\u904e\u6cb3\u6311\u6230\uff01\u5230\u5e95\u8003\u9a57\u667a\u529b\u9084\u662f\u52c7\u6c23\uff1f",
        "description": "\u963f\u746a\uff1a\u300c\u9019\u8ddd\u96e2\u592a\u5c0f\u770b\u6715\u4e86\u5427\uff1f\u300d\n\u00d7 \u983b\u9053\u66f4\u65b0\u70ba\u9031\u4e94\u665a\u9593\u516d\u9ede\uff0c\u4e0d\u5b9a\u6642\u767c\u4f48\u5176\u5b83\u5f71\u7247\uff01\u00d7\n\u8a02\u95b1\u6211\u5011\uff1ahttps://goo.gl/5L8xkV\n\u963f\u746a\u5b98\u7db2\uff1ahttps://www.fumeanstore.com\n\n\u3010\u76f4\u64ca\uff01\u67da\u5b50\u5c0d\u5c0f\u82b1... \u958b\u7bb1\u966a\u8c93AI\u6a5f\u5668\u4eba\u3011\u5fd7\u9298\u8207\u72f8\u8c93\uff5cHHOLOVE O Sitter\n\u25b6 https://youtu.be/suofvy9dIi4\n\n-\n\n\u3010\u8fd1\u671f\u6d3b\u52d5\u3011\n\n\u3010\u8c93\u54aa\u8d85\u6709\u4e8b3\uff1a\u746a\u6c11\u8a8d\u8b49\u7c3d\u66f8\u6703\u3011\n* 7/23 14:00~17:00 \u53f0\u5357 \u653f\u5927\u66f8\u57ce (\u53f0\u5357\u5e02\u4e2d\u897f\u5340\u897f\u9580\u8def\u4e8c\u6bb5120\u865f)\n* 8/20 14:00~17:00 \u82b1\u84ee \u653f\u5927\u66f8\u57ce (\u82b1\u84ee\u7e23\u82b1\u84ee\u5e02\u4e2d\u5c71\u8def547-2\u865f)\n* 9/10 14:00~17:00 \u53f0\u5317 \u4e2d\u548c\u74b0\u7403\u8cfc\u7269\u4e2d\u5fc3 (\u65b0\u5317\u5e02\u4e2d\u548c\u5340\u4e2d\u5c71\u8def\u4e09\u6bb5122\u865f)\n* 11/19 14:00~17:00 \u9ad8\u96c4 \u6f22\u795e\u5de8\u86cb B1\u7279\u5c55\u5340 (\u9ad8\u96c4\u5e02\u5de6\u71df\u5340\u535a\u611b\u4e8c\u8def777\u865f)  \n* 12/03 14:00~17:00 \u53f0\u4e2d \u5ee3\u4e09SOGO 12\u6a13\u6d3b\u52d5\u5340 (\u53f0\u4e2d\u5e02\u897f\u5340\u53f0\u7063\u5927\u9053\u4e8c\u6bb5459\u865f)\n\u8a73\u7d30\u6d3b\u52d5\u8fa6\u6cd5\u8acb\u770b https://lihi3.cc/RMCIt/YT\n\n-\n\n\u7b2c\u4e09\u672c\u5716\u6587\u6f2b\u756b\u300a\u8c93\u54aa\u8d85\u6709\u4e8b3-\u8c93\u8c93\u7f8e\u98df\u6551\u63f4\u8a08\u756b\u300b\n\u5728\u746a\u746a\u5546\u884c\u8cfc\u8cb7\u5c31\u8d08\u9001\u300c\u5f8c\u5bae\u842c\u7528\u8b49\u4ef6\u5e36\u300d\uff08\u96a8\u6a5f1\u6b3e\uff09\n\n\u3010\u6436\u8cfc\u5c08\u5340\u3011   \n\u53f0\u7063(\u746a\u746a\u5546\u884c)\uff1ahttps://lihi1.com/vzhq3/catyt2\n\u203b\u5546\u884c\u7368\u5bb6\u8d08\u9001\u3010\u5f8c\u5bae\u842c\u7528\u8b49\u4ef6\u5e36\u3011\uff08\u51683\u6b3e\uff0c\u96a8\u6a5f\u8d08\u9001\u4e59\u6b3e\uff0c\u9001\u5b8c\u70ba\u6b62\uff09\n\u6e2f\u6fb3\u5730\u5340\uff1ahttps://reurl.cc/rZAq54\n\u99ac\u65b0\u5730\u5340\uff1ahttps://is.gd/Vs7aXI\n\n-\n\n\u30107-ELEVEN \u9ec3\u963f\u746a\u4e3b\u984c\u5e97\u3011\n\u4e3b\u984c\u5e97\u958b\u5e55\u5566\uff5e\n\u8cb7\u5496\u5561\u5c31\u53ef\u4ee5\u7372\u5f97\u672c\u5e97\u9650\u5b9a\u7684\u963f\u746aCITY CAFE\u676f\uff01\n\u5e97\u5167\u9084\u6709\u5f88\u591a\u6771\u897f\u53ef\u4ee5\u62cd\u7167\uff0c\u6b61\u8fce\u4f86\u901b\u901b\uff5e\n\u5730\u5740\uff1a7-ELEVEN\u6566\u4fe1\u9580\u5e02\uff08\u53f0\u5317\u5e02\u5927\u5b89\u5340\u4ec1\u611b\u8def\u56db\u6bb5122\u5df750\u865f1\u6a13\uff09\n\n-\n\n\u7b2c\u516b\u672c\u5e74\u5ea6\u8457\u4f5c\u300a\u6700\u73cd\u60dc\u7684\u6642\u5149\u300b\n\u53f0\u7063\uff08\u746a\u746a\u5546\u884c\uff09\uff1ahttps://lihi2.com/EIuQg/fumeancatYT\n\u6e2f\u6fb3\u5730\u5340\uff1ahttps://parg.co/UN4Q\n\u99ac\u65b0\u5730\u5340\uff1ahttps://parg.co/UN4s\n\n-\n\n\u3010\u963f\u746a Line\u8cbc\u5716\uff06\u4e3b\u984c\u3011\n\u300a\u6700\u65b0\u4e0a\u67b6\u300bhttps://reurl.cc/8jK0q4\n\u300a\u66f4\u591a\u8cbc\u5716\u300bhttps://reurl.cc/4RY6L2\n\n\u3010\u963f\u746a\u5b98\u7db2-\u746a\u746a\u5546\u884c\u3011\n\u25b6\u00a0https://www.fumeanstore.com/\n\u300a\u6700\u65b0\u5546\u54c1\u300b304\u4e0d\u93fd\u92fc\u9910\u5177\u3001\u7ae5\u88dd\u7d14\u68c9\u77edT\u3001\u5f8c\u5bae\u5922\u4e4b\u8239\u58d3\u514b\u529b\u9020\u578b\u7acb\u724c\n\n---\n\n\u3010\u5408\u4f5c\u9080\u7d04/IP\u806f\u540d\u6388\u6b0a\u3011\nfumeanaction@gmail.com \uff08\u6b61\u8fce\u4f86\u4fe1\u6d3d\u8ac7\uff09\n\n\u3014\u7248\u6b0a\u6240\u6709\uff0c\u975e\u7d93\u8a31\u53ef\u52ff\u8f49\u8f09\u81f3\u4efb\u4f55\u5e73\u53f0\u3015\n\u3014\u9818\u990a\u4e0d\u68c4\u990a\u3015",
        "likeCount": "4534",
        "commentCount": "139",
        "viewCount": "131239"
    },
    "comments": [
        {
            "reply_id": "UgzWkD0GN7h8_z-mNzt4AaABAg",
            "reply_content": "\u4e09\u8173\u6700\u8070\u660e",
            "likeCount": 6
        },
        {
            "reply_id": "Ugwt82n0IEHajX2z_Dp4AaABAg",
            "reply_content": "\u5c0f\u82b1\u6c92\u6709\u53c3\u8cfd",
            "likeCount": 4
        },
        {
            "reply_id": "Ugyf8Z5ypJKVdtIMxhl4AaABAg",
            "reply_content": "\u53ef\u4ee5\u591a\u8209\u8fa6\u4e00\u4e9b\u9ad4\u80fd\u8cfd\u53ef\u4ee5\u8b93\u8c93\u54aa\u5011\u52d5\u4e00\u52d5",
            "likeCount": 3
        },
        {
            "reply_id": "UgzjWJ1vpsmL_DTa5iV4AaABAg",
            "reply_content": "\u4e09\u8173\u7206\u529b\u7834\u95dc\u592a\u53ef\u611b\u4e86",
            "likeCount": 2
        },
        {
            "reply_id": "UgyHt1OKHtvKUaojUjB4AaABAg",
            "reply_content": "\u5974\u624d\u7684\u70b9\u5b50\u771f\u591a\uff0c\u8ba9\u540e\u5bab\u55b5\u661f\u4eba\u52a8\u52a8\u5934\u8111\u6765\u8fd0\u52a8",
            "likeCount": 1
        },
        {
            "reply_id": "UgyonzUHX5FXNf4_l414AaABAg",
            "reply_content": "\u4e0b\u9762\u7684\u885b\u751f\u7d19\u9084\u662f\u61c9\u8a72\u8981\u63db\u771f\u7684\u6c34\u8c93\u54aa\u624d\u4e0d\u6703\u60f3\u8d70\u4e0b\u9762\u5566",
            "likeCount": 1
        },
        {
            "reply_id": "UgwYFfQLCq-JdaBfJQV4AaABAg",
            "reply_content": "\u6211\u6709\u5728\u5357\u6e2f\u8eca\u7ad9\u770b\u5230\u9ec3\u963f\u746a\u7684\u66f8",
            "likeCount": 1
        },
        {
            "reply_id": "UgzeNlYW3hp7Ql7JtoF4AaABAg",
            "reply_content": "\u8c93\u54aa\u90fd\u6703\u6015\u5371\u96aa\u66f4\u5225\u8aaa\u662f\u4f4f\u5bb6\u88e1\u7684\u8c93\u54aa\u4e86.\u91ce\u8c93\u6562\u8df3\u9ad8\u7246\u7b49\u7b49\u7684\u5730\u65b9\u662f\u5b83\u5011\u78ba\u5b9a\u7a69\u56fa\u4ed6\u5011\u624d\u6703\u5b89\u5fc3\u7684\u8df3.\u5f8c\u5bae\u5011\u90fd\u6709\u9ede\u5e74\u7d00\u7684\u8c93\u54aa\u4e86.\u89ba\u5f97\u4ed6\u5011\u662f\u6015\u53d7\u50b7\u4e0d\u6562\u8df3",
            "likeCount": 1
        },
        {
            "reply_id": "UgwZ60GFFncqw1O1p-R4AaABAg",
            "reply_content": "\u600e\u9ebc\u597d\u50cf\u8b8a\u8df3\u9060\u6bd4\u8cfd\ud83e\udd23\u9084\u662f\u4e0b\u6b21\u8209\u8fa6\u5f8c\u5bae\u8df3\u9060\u6bd4\u8cfd",
            "likeCount": 1
        },
        {
            "reply_id": "UgxzUO9VCw89ho_Ud5t4AaABAg",
            "reply_content": "\u963f\u746a\u4f60\u597d\u53ef\u611b\u5594\u5176\u4ed6\u7684\u8c93\u54aa\u5011\u6211\u597d\u611b\u5594",
            "likeCount": 0
        },
        {
            "reply_id": "Ugy65rMighFqBXu2VFp4AaABAg",
            "reply_content": "\u770b\u4e0d\u61c2\u898f\u5247\u662f\u4ec0\u9ebc\u9b3c",
            "likeCount": 0
        },
        {
            "reply_id": "UgyNbVprZVbx4ORSs7h4AaABAg",
            "reply_content": "\u62db\u5f1f\u7684\u81c9\u54c8\u54c8\u54c8\u54c8\u54c8\u597d\u597d\u7b11\n\u7136\u5f8c\u611f\u89ba\u885b\u751f\u7d19\u597d\u597d\u73a9",
            "likeCount": 0
        },
        {
            "reply_id": "UgxfFLWqqXgJjvYUPmF4AaABAg",
            "reply_content": "\u904e\u6cb3\u62c6\u6a4b",
            "likeCount": 0
        },
        {
            "reply_id": "UgzQtHA6UmtlC48pbl54AaABAg",
            "reply_content": "\u4e0b\u6b21\u7528\u771f\u7684\u6c34\u8a66",
            "likeCount": 0
        },
        {
            "reply_id": "UgxyiXomzjPdsJdJ6FZ4AaABAg",
            "reply_content": "\u6b38",
            "likeCount": 0
        },
        {
            "reply_id": "Ugz6jtivoIisfKLwBkV4AaABAg",
            "reply_content": "\u6211\u8981\u8cb7\u806f\u540d\u65b0\u5305\u88dd\u7684\u885b\u751f\u7d19",
            "likeCount": 0
        },
        {
            "reply_id": "UgzUW52OC-1G_RR9lvB4AaABAg",
            "reply_content": "\u963f\u746a\u52a0\u6cb9",
            "likeCount": 0
        },
        {
            "reply_id": "UgwNKfgyTI0uEGNU4AF4AaABAg",
            "reply_content": "\u963f\u746a\u68d2\u68d2",
            "likeCount": 0
        },
        {
            "reply_id": "Ugw3lql-VQbOgmVEkll4AaABAg",
            "reply_content": "\u4e09\u8173\u90fd\u5728\u6e38\u6cf3",
            "likeCount": 7
        },
        {
            "reply_id": "UgxtGAib9o8RtTyM3XJ4AaABAg",
            "reply_content": "\u8f15\u529f\u6c34\u4e0a\u98c4",
            "likeCount": 4
        },
        {
            "reply_id": "UgxQ0px1Smrq8qnQZxN4AaABAg",
            "reply_content": "\u7b2c\u4e00",
            "likeCount": 4
        }
    ]
}