{
    "video_info": {
        "id": "ylAtQ26BLlA",
        "channelTitle": "\u9ec3\u963f\u746a\u7684\u5f8c\u5bae\u751f\u6d3b",
        "title": "\u3010\u9ec3\u963f\u746a\u7684\u5f8c\u5bae\u751f\u6d3b\u3011\u51fa\u570b\u6642\u8ddf\u963f\u746a\u8996\u8a0a\uff01\u6703\u8a8d\u5f97\u5974\u624d\u55ce\uff1f",
        "description": "\u963f\u746a\uff1a\u300c\u9019\u8072\u97f3\u662f\u22ef\uff1f\u300d\n\u00d7 \u983b\u9053\u66f4\u65b0\u70ba\u9031\u4e94\u665a\u9593\u516d\u9ede\uff0c\u4e0d\u5b9a\u6642\u767c\u4f48\u5176\u5b83\u5f71\u7247\uff01\u00d7\n\u8a02\u95b1\u6211\u5011\uff1ahttps://goo.gl/5L8xkV\n\u963f\u746a\u5b98\u7db2\uff1ahttps://www.fumeanstore.com\n\n\u3010\u5317\u6d77\u9053\u51ac\u5929\u5fc5\u505a\u7684\u4e8b\uff01\u6ed1\u96ea\u5dee\u9ede\u6454\u6b7b\u3011\u5fd7\u9298\u8207\u72f8\u8c93\n\u25b6 https://youtu.be/-YhNEvn8mF4\n\n-\n\n\u3010\u8fd1\u671f\u6d3b\u52d5\u3011\n\n\u7b2c\u4e09\u672c\u5716\u6587\u6f2b\u756b\u300a\u8c93\u54aa\u8d85\u6709\u4e8b3-\u8c93\u8c93\u7f8e\u98df\u6551\u63f4\u8a08\u756b\u300b\n\u5728\u746a\u746a\u5546\u884c\u8cfc\u8cb7\u5c31\u8d08\u9001\u300c\u5f8c\u5bae\u842c\u7528\u8b49\u4ef6\u5e36\u300d\uff08\u96a8\u6a5f1\u6b3e\uff09\n\n\u3010\u6436\u8cfc\u5c08\u5340\u3011   \n\u53f0\u7063(\u746a\u746a\u5546\u884c)\uff1ahttps://lihi1.com/vzhq3/catyt2\n\u6e2f\u6fb3\u5730\u5340\uff1ahttps://reurl.cc/rZAq54\n\u99ac\u65b0\u5730\u5340\uff1ahttps://is.gd/Vs7aXI\n\u203b\u4ee5\u4e0a\u9023\u7d50\u7686\u6709\u9001\u3010\u5f8c\u5bae\u842c\u7528\u8b49\u4ef6\u5e36\u3011\uff08\u51683\u6b3e\uff0c\u96a8\u6a5f\u8d08\u9001\u4e59\u6b3e\uff0c\u9001\u5b8c\u70ba\u6b62\uff09\n\n-\n\n\u3010\u963f\u746a\u5922\u4e4b\u8239 \u53f0\u5317\u5feb\u9583\u5e97\u3011\n\u5730\u9ede\uff1a\u53f0\u5317\u7d71\u4e00\u6642\u4ee37F \n\u6642\u9593\uff1a\u5373\u65e5\u8d77\uff5e2/28(\u4e8c) 11:00-22:00\n\n\u6d3b\u52d5\u8a73\u60c5\u8acb\u770b\u3010\u746a\u746a\u5546\u884c\u3011\u7c89\u7d72\u5c08\u9801\n\u25b6\ufe0f https://www.facebook.com/fumeanstore.official/\n\n-\n\n\u3010\u53f0\u5357-\u8da3\u6dd8\u6f2b\u65c5 X \u9ec3\u963f\u746a\u7684\u5f8c\u5bae\u751f\u6d3b\u3011\n\u5373\u65e5\u8d77\u81f36/30\u6b62\uff0c\u6bcf\u65e5\u9650\u91cf6\u9593\u300c\u963f\u746a\u4f86\u8da3\u6dd8\u300d\u4e3b\u984c\u623f\uff01\n\u5165\u4f4f\u963f\u746a\u4e3b\u984c\u623f\u5c31\u8d08\u9001\u300c\u4e3b\u984c\u623f\u79ae\u5305\u300d\u5594\uff01\n\u8a02\u623f\u7db2\u5740\uff1ahttps://reurl.cc/pZemRb\n\n-\n\n\u3010\u7f6e\u5bccMalls X \u9ec3\u963f\u746a\u55b5\u904b\u99d5\u5230\u3011\n\u5373\u65e5\u8d77\u81f33/12\u53ef\u4ee5\u5728\u9999\u6e2f\u7f6e\u5bccMalls\u7684\u56db\u5927\u5546\u5834\u627e\u5230\u5f8c\u5bae\u7684\u8eab\u5f71\u5594\uff01\n\u8a73\u60c5\u8acb\u770b https://reurl.cc/YdKWa0\n\n-\n\n\u7b2c\u4e03\u672c\u5e74\u5ea6\u8457\u4f5c\u300a\u7b49\u6211\u56de\u5bb6\u7684\u4f60\u300b\n\u53f0\u7063\uff08\u746a\u746a\u5546\u884c\uff09\uff1ahttps://reurl.cc/Kxxa5n\n\uff08\u746a\u746a\u5546\u884c \u7368\u5bb6\u8d08\u9001\u300c\u5f8c\u5bae\u51fa\u904a\u8da3\u63d2\u756b\u660e\u4fe1\u7247\u4e00\u5f35\uff0c\u96a8\u6a5f\u51fa\u8ca8\u4e0d\u6311\u6b3e\u300d\u5176\u4ed6\u901a\u8def\u6c92\u6709\u8d08\u9001\u5594\uff5e\uff09\n\u99ac\u65b0\u5730\u5340\uff1ahttps://reurl.cc/bzzGvr\n\n-\n\n\u3010\u963f\u746a Line\u8cbc\u5716\uff06\u4e3b\u984c\u3011\n\u300a\u6700\u65b0\u4e0a\u67b6\u300bhttps://reurl.cc/ROb2dG\n\u300a\u66f4\u591a\u8cbc\u5716\u300bhttps://reurl.cc/4RY6L2\n\n\u3010\u963f\u746a\u5b98\u7db2-\u746a\u746a\u5546\u884c\u3011\n\u25b6 https://www.fumeanstore.com/\n\u300a\u6700\u65b0\u5546\u54c1\u300b\u65b0\u6b3e\u5305\u5305\u3001\u65b0\u6b3e\u73ea\u85fb\u571f\u5730\u588a\u3001Socles\u5de8\u5927\u9ebb\u7cec\u3001\u964d\u843d\u5098\u7bc7\u76d2\u88dd\u73a9\u5177\u4e00\u4e2d\u76d2\n\n---\n\n\u3010\u5408\u4f5c\u9080\u7d04/IP\u806f\u540d\u6388\u6b0a\u3011\nfumeanaction@gmail.com \uff08\u6b61\u8fce\u4f86\u4fe1\u6d3d\u8ac7\uff09\n\n\u3014\u7248\u6b0a\u6240\u6709\uff0c\u975e\u7d93\u8a31\u53ef\u52ff\u8f49\u8f09\u81f3\u4efb\u4f55\u5e73\u53f0\u3015\n\u3014\u9818\u990a\u4e0d\u68c4\u990a\u3015",
        "likeCount": "6699",
        "commentCount": "210",
        "viewCount": "196657"
    },
    "comments": [
        {
            "reply_id": "UgwFZUMD2zD0jl87oz54AaABAg",
            "reply_content": "\u963f\u746a\u597d\u8070\u660e",
            "likeCount": 3
        },
        {
            "reply_id": "Ugw4VFCtRE5Tj1qYo-14AaABAg",
            "reply_content": "\u7559\u5b88\u7684\u5c0f\u5e6b\u624b\u8072\u97f3\u5f88\u597d\u807d",
            "likeCount": 3
        },
        {
            "reply_id": "UgwFox2CVlDreD7P_-J4AaABAg",
            "reply_content": "\u88ab\u4e3b\u5b50\u7406\u6703\u771f\u7684\u8b93\u5974\u624d\u5f88\u958b\u5fc3",
            "likeCount": 3
        },
        {
            "reply_id": "UgxP7apSPH9MKnDyDox4AaABAg",
            "reply_content": "\u963f\u746a\u6709\u5920\u53ef\u611b\u7684\u4e5f\u5f88\u5fe0\u8aa0",
            "likeCount": 3
        },
        {
            "reply_id": "Ugxc8B_prmW8MjerEvZ4AaABAg",
            "reply_content": "\u963f\u746a\u53cd\u61c9\u592a\u53ef\u611b\u4e86",
            "likeCount": 2
        },
        {
            "reply_id": "Ugz4uiqdEaob9130ns94AaABAg",
            "reply_content": "\u525b\u958b\u59cb\u53ea\u6709\u807d\u5230\u8072\u97f3\u8c93\u54aa\u53ef\u80fd\u89ba\u5f97\u53ea\u662f\u9304\u97f3\u6216\u5e7b\u807d\u5427\ud83d\ude05\u6709\u8996\u8a0a\u7684\u6642\u5019\u8c93\u54aa\u5011\u5c31\u6bd4\u8f03\u6709\u53cd\u61c9\u4e86\ud83d\ude42",
            "likeCount": 1
        },
        {
            "reply_id": "UgxEHRK6CLriIJwBsPh4AaABAg",
            "reply_content": "\u6211\u5bb6\u7684\u8c93\u8996\u8a0a\u4e5f\u4e0d\u6703\u7406\u6211\u55da\u55da\u55da\u55da",
            "likeCount": 1
        },
        {
            "reply_id": "Ugy0YqQ0-HACsfP9oeF4AaABAg",
            "reply_content": "\u963f\u746a\u597d\u53ef\u611b",
            "likeCount": 1
        },
        {
            "reply_id": "UgwdpRhwFm_4Wk_2wlN4AaABAg",
            "reply_content": "\u679c\u7136\u5728\u5f9e\u96fb\u5b50\u8a2d\u5099\u767c\u51fa\u8072\u97f3\u5c31\u8b8a\u4e86",
            "likeCount": 1
        },
        {
            "reply_id": "UgwBWnbvNS-vo7IB-4h4AaABAg",
            "reply_content": "\u5317\u6d77\u9053\u54e1\u5de5\u65c5\u904a\u5974\u624d\u5011\u5168\u54e1\u4e0d\u5728\uff0c\u5c4b\u5b50\u7a7a\u8569\u8569\u7684\u600e\u9ebc\u5f8c\u5bae\u516b\u8c93\u770b\u8d77\u4f86\u66f4\u5feb\u6a02",
            "likeCount": 1
        },
        {
            "reply_id": "Ugz0j8yR-5yVS1MCu-l4AaABAg",
            "reply_content": "\u597d\u53ef\u611b",
            "likeCount": 1
        },
        {
            "reply_id": "Ugx7R-8QFCPtmhBzYJt4AaABAg",
            "reply_content": "\u963f\u746a\u771f\u7684\u5f88\u611b\u72f8\u8c93",
            "likeCount": 1
        },
        {
            "reply_id": "Ugxu1LPkmpwZMK8pkmF4AaABAg",
            "reply_content": "\u53ef\u611b",
            "likeCount": 0
        },
        {
            "reply_id": "UgxxnhCMo_39EcCHiR54AaABAg",
            "reply_content": "\u746a\u746a\u807d\u898b\u8072\u97f3\u5c31\u8dd1\u51fa\u4f86\u627e\u4eba\u4e5f\u592a\u611f\u4eba\u4e86\u5427",
            "likeCount": 42
        },
        {
            "reply_id": "Ugx8LlNjSKfLjrG7R7J4AaABAg",
            "reply_content": "\u963f\u746a\u96d6\u7136\u88ab\u884c\u5929\u5bae\u7684\u8001\u5e2b\u8aaa\u96e3\u641e\u53c8\u8edf\u786c\u4e0d\u5403\uff0c\u4f46\u662f\u610f\u5916\u7684\u6df1\u60c5\u53c8\u9577\u60c5",
            "likeCount": 13
        },
        {
            "reply_id": "Ugy58Wh_ZZPCobuR98p4AaABAg",
            "reply_content": "\u62db\u5f1f\u672c\u4eba\u90fd\u4e0d\u8a8d\u5974\u624d\u8072\u97f3\u4e86\uff0c\u4f55\u6cc1\u662f\u90a3\u5947\u602a\u7684\u6a5f\u5668\u4eba\u8072\u97f3\u5462",
            "likeCount": 6
        },
        {
            "reply_id": "UgxPe-mAkxXpWOo_DAB4AaABAg",
            "reply_content": "\u679c\u7136\u53ea\u6709\u963f\u746a\u6700\u6709\u53cd\u61c9",
            "likeCount": 4
        },
        {
            "reply_id": "UgxAZlWoiuXk6I4UhBV4AaABAg",
            "reply_content": "\u6240\u4ee5\u662f\u6709\u4eba\u6c92\u53bb\u54e1\u5de5\u65c5\u904a\u55ce\u4e0d\u7136\u8ab0\u9935\u8c93\u54aa",
            "likeCount": 4
        },
        {
            "reply_id": "UgzBYQOYO2tkSdJJEcV4AaABAg",
            "reply_content": "\u7576\u5c0f\u5e6b\u624b\u63e1\u5230\u963f\u746a\u7684\u624b\uff0c\u6211\u5f77\u5f7f\u807d\u5230\u72f8\u8c93\u5fc3\u788e\u7684\u8072\u97f3",
            "likeCount": 3
        },
        {
            "reply_id": "UgygutKpvoBrca0UFsF4AaABAg",
            "reply_content": "\u72f8\u8c93\u7684\u5927\u982d\u7167\u8b8a\u6210\u5728\u65e5\u672c\u7684\u7f8e\u7167\u4e86",
            "likeCount": 3
        },
        {
            "reply_id": "UgzWupkLI5VJe_duiRh4AaABAg",
            "reply_content": "\u7559\u5b88\u5c0f\u5e6b\u624b\u7684\u8072\u97f3\u597d\u597d\u807d\u54e6",
            "likeCount": 3
        },
        {
            "reply_id": "UgwqKEHvapo7mpeia8t4AaABAg",
            "reply_content": "\u51b7\u6f20\u8207\u71b1\u60c5\u4e4b\u9593",
            "likeCount": 3
        },
        {
            "reply_id": "UgzhAarAWaV2_4oDyBV4AaABAg",
            "reply_content": "\u6c38\u9060\u611b\u963f\u746a",
            "likeCount": 3
        },
        {
            "reply_id": "Ugyv3A2H9vgqVgnDfGF4AaABAg",
            "reply_content": "\u53ef\u4ee5\u8acb\u8c93\u54aa\u4fdd\u59c6\u5e6b\u5fd9\u9935\u8c93\u3002\u9019\u6a23\u5c0f\u5e6b\u624b\u5c31\u80fd\u53bb\u54e1\u5de5\u65c5\u904a\u4e86",
            "likeCount": 2
        },
        {
            "reply_id": "UgwQxOtBlIyGJ9f0FrB4AaABAg",
            "reply_content": "\u963f\u746a\u771f\u7684\u6c92\u6709\u767d\u75bc\u6b38",
            "likeCount": 1
        }
    ]
}