{
    "video_info": {
        "id": "zBFO7LvnKZw",
        "channelTitle": "\u9ec3\u963f\u746a\u7684\u5f8c\u5bae\u751f\u6d3b",
        "title": "\u7a81\u7136\u89aa\u8c93\u54aa\uff0c\u4ed6\u5011\u6703\u600e\u6a23\uff1f",
        "description": "",
        "likeCount": "24266",
        "commentCount": "263",
        "viewCount": "744767"
    },
    "comments": [
        {
            "reply_id": "UgwA_Zx3zGc1ySJ7Ksh4AaABAg",
            "reply_content": "\u597d\u5641",
            "likeCount": 0
        },
        {
            "reply_id": "UgxgKaQbzP-t7IGQtXl4AaABAg",
            "reply_content": "\u6709\u4e9b\u55b5\u55b5\u5f88\u611b",
            "likeCount": 0
        },
        {
            "reply_id": "UgwGhZ-jsp6aJMUugtx4AaABAg",
            "reply_content": "\u6211\u4e5f\u60f3\u88ab\u72f8\u8c93\u89aa",
            "likeCount": 0
        },
        {
            "reply_id": "UgxX8OwVLAy0W0PJlzF4AaABAg",
            "reply_content": "\u6211\u4ee5\u4e3a\u8fd9\u53ea\u732b\u88ab\u4eb2\u543b\u540e\u4f1a\u53d8\u6210\u4e00\u4e2a\u53ef\u7231\u7684\u5973\u5b69\u5b50\ud83d\ude22",
            "likeCount": 0
        },
        {
            "reply_id": "Ugw7wYOPhuRUhgGf4RV4AaABAg",
            "reply_content": "\u597d\u597d\u7b11",
            "likeCount": 0
        },
        {
            "reply_id": "UgyC-hFPdZJs3uiXcbl4AaABAg",
            "reply_content": "\u732b\u54aa\u901a\u8fc7\u53ef\u7231\u957f\u76f8\u548c\u6e29\u987a\u6027\u683c\u6210\u529f\u4fd8\u83b7\u4eba\u7c7b\u4e4b\u5fc3\uff0c\u5728\u4eba\u7c7b\u5ba0\u7231\u4e4b\u4e0b\u83b7\u5f97\u7e41\u884d\u751f\u606f\uff0c\u8fd9\u4e5f\u662f\u4ed6\u4eec\u7684\u751f\u5b58\u4e4b\u9053",
            "likeCount": 0
        },
        {
            "reply_id": "Ugx3u8TRLTWL6lCmQft4AaABAg",
            "reply_content": "\u6703\u8b8a\u6210\u50bb\u773c\u8c93\u54aa",
            "likeCount": 0
        },
        {
            "reply_id": "UgzPkEhZRxGJTECqnzN4AaABAg",
            "reply_content": "\u7cbe\u795e\u6709\u554f\u984c\u5bf9\u7236\u6bcd\u89aa\u6c92\u90a3\u4e48",
            "likeCount": 0
        },
        {
            "reply_id": "UgyLt9yci6KgPUF7cQ94AaABAg",
            "reply_content": "\u9ed1\u8272\u7684\u732b\u662f\u4eba\u9762\u72ee\u795e\u8c61\u5417",
            "likeCount": 0
        },
        {
            "reply_id": "UgwCuQ5wj9cufHnFa9N4AaABAg",
            "reply_content": "\u8c93\u722a\u6293\u7834\u4f60\u5589\u56a8",
            "likeCount": 0
        },
        {
            "reply_id": "UgxEpQNJrz1pLylsXDV4AaABAg",
            "reply_content": "\u8fd8\u4ee5\u4e3a\u4f1a\u5403\u4e00\u5df4\u638c",
            "likeCount": 0
        },
        {
            "reply_id": "Ugy9g_FRrhdNG95qUNV4AaABAg",
            "reply_content": "\u4ed6\u5011\u90fd\u77e5\u9053\u90a3\u662f\u89aa\u543b",
            "likeCount": 0
        },
        {
            "reply_id": "Ugz4wj_KBR2hVzZy2QF4AaABAg",
            "reply_content": "\u7b2c\u4e00\u4f4d\u5077\u7b11\u4e86",
            "likeCount": 0
        },
        {
            "reply_id": "Ugx94csFnIY84onsEzV4AaABAg",
            "reply_content": "\u996d\u716e\u597d\u4e86\u5417",
            "likeCount": 0
        },
        {
            "reply_id": "Ugyhoz6AdRPlkOf987R4AaABAg",
            "reply_content": "\u5f88\u4e56\u7684\u8c93",
            "likeCount": 0
        },
        {
            "reply_id": "UgynxbJn-pBhkOk8TmZ4AaABAg",
            "reply_content": "\u597d\u9ad2",
            "likeCount": 0
        },
        {
            "reply_id": "UgzPRLNlvd6vDDEfaMB4AaABAg",
            "reply_content": "\u50bb\u773c\u8c93\u54aa",
            "likeCount": 0
        },
        {
            "reply_id": "Ugx-g6GVveKpLzbiKm94AaABAg",
            "reply_content": "\u89aa\u8c93\u54aa",
            "likeCount": 0
        },
        {
            "reply_id": "UgzjSaO9nsDd5AJ6dcZ4AaABAg",
            "reply_content": "\u6211\u90fd\u662f\u76f4\u63a5\u5634\u5c0d\u5634",
            "likeCount": 0
        },
        {
            "reply_id": "UgxADoDgnunVC7S-CP54AaABAg",
            "reply_content": "\u4e56\u4e56",
            "likeCount": 0
        },
        {
            "reply_id": "Ugx00ognibi1RahZBBh4AaABAg",
            "reply_content": "\u50bb\u773c\u8c93\u54aa",
            "likeCount": 0
        },
        {
            "reply_id": "Ugx4dONRtSWX-HX09El4AaABAg",
            "reply_content": "\u62db\u5f1f\u771f\u7684\u597d\u7f8e",
            "likeCount": 2
        },
        {
            "reply_id": "UgzlcBOr6i4M5M2uiZt4AaABAg",
            "reply_content": "\u4e0d\u5e72\u51c0\u4e86",
            "likeCount": 0
        },
        {
            "reply_id": "Ugy-n6t13n5fPuEvkNR4AaABAg",
            "reply_content": "\u597d\u7f8e\u7684\u773c\u775b",
            "likeCount": 0
        },
        {
            "reply_id": "UgwxY7ucOYXpihuxD7V4AaABAg",
            "reply_content": "\u50bb\u773c\u8c93\u54aa\u554a",
            "likeCount": 0
        }
    ]
}