{
    "video_info": {
        "id": "ZrQ6qIxOCOk",
        "channelTitle": "\u9ec3\u963f\u746a\u7684\u5f8c\u5bae\u751f\u6d3b",
        "title": "\u7a81\u7136\u89aa\u8c93\u54aa\uff0c\u4ed6\u5011\u6703\u600e\u6a23\uff1f\u300a\u67da\u5b50\u6d63\u8178\u7bc7\u300b",
        "description": "",
        "likeCount": "7423",
        "commentCount": "104",
        "viewCount": "166504"
    },
    "comments": [
        {
            "reply_id": "Ugx3uh3DgpYX05fLOIN4AaABAg",
            "reply_content": "\u6d63\u8178\u4e00\u81c9\u60f3\u5831\u8b66",
            "likeCount": 13
        },
        {
            "reply_id": "UgwOsQ2UXyP2o_ZSkn94AaABAg",
            "reply_content": "\u67da\u5b50\u7684\u8868\u60c5\u597d\u6709\u6232",
            "likeCount": 11
        },
        {
            "reply_id": "UgyK0q9g4q7GXvuZjvN4AaABAg",
            "reply_content": "\u72f8\u8c93\u7684\u611b\u6155\u8005\u6703\u5f88\u7fa8\u6155\u6d63\u8178\u5462",
            "likeCount": 7
        },
        {
            "reply_id": "Ugz275nXlhQidyc8uHF4AaABAg",
            "reply_content": "\u5979\u771f\u4ee5\u70ba\u4ed6\u8981\u88ab\u54ac\u4e86",
            "likeCount": 3
        },
        {
            "reply_id": "Ugxpqcz9huLmtJZt7up4AaABAg",
            "reply_content": "\u72f8\u8c93\u81ea\u80a5\u7247",
            "likeCount": 3
        },
        {
            "reply_id": "UgxjgbrlJ61vbtS0-dl4AaABAg",
            "reply_content": "\u72f8\u8c93\u6c92\u88ab\u6253\u4e5f\u662f\u5947\u8e5f\u4e86",
            "likeCount": 2
        },
        {
            "reply_id": "UgzuXisf0kmg_vftiFl4AaABAg",
            "reply_content": "\u7b2c\u4e00\u53ea\u597d\u50cf\u6211\u5bb6\u732b",
            "likeCount": 1
        },
        {
            "reply_id": "UgxFTanFgEfSRxddWYF4AaABAg",
            "reply_content": "\u6211\u6709\u770b\u904e\u4f60\u51fa\u7684\u66f8",
            "likeCount": 1
        },
        {
            "reply_id": "UgxOcSnL74YqU0bjjPx4AaABAg",
            "reply_content": "\u7260\u597d\u7121\u8f9c\u963f",
            "likeCount": 0
        },
        {
            "reply_id": "UgyKET3yhAJHoRgHDOd4AaABAg",
            "reply_content": "\u517b\u732b\u4eba\u624d\u6709\u7684\u7279\u6b8a\u7656\u597d\u54c8\u54c8\u54c8",
            "likeCount": 0
        },
        {
            "reply_id": "UgzpPAj_3nxAyYTjw5R4AaABAg",
            "reply_content": "\u597d\u53ef\u611b\u5537",
            "likeCount": 0
        },
        {
            "reply_id": "Ugyl5z_jDzjz0sWyi894AaABAg",
            "reply_content": "\u4f60\u4e0d\u8981\u904e\u4f86\u554a",
            "likeCount": 0
        },
        {
            "reply_id": "UgygzvL8YjOq2RO6dQF4AaABAg",
            "reply_content": "\u4e0b\u6b21\u72f8\u8c93\u89aa\u963f\u746a",
            "likeCount": 0
        },
        {
            "reply_id": "UgwsavVgnSmGIj2o9hp4AaABAg",
            "reply_content": "\u7d66\u4ed6\u4e00\u8a18\u8c93\u62f3",
            "likeCount": 0
        },
        {
            "reply_id": "UgxaCcZ5h3AWphl4hQl4AaABAg",
            "reply_content": "\u6d63\u8178\u90a3\u500b\u89d2\u5ea6\u7684\u8033\u6735\u770b\u8d77\u4f86\u597d\u50cf\u5154\u5b50",
            "likeCount": 16
        }
    ]
}