{
    "video_info": {
        "id": "a-02B4nlCWI",
        "channelTitle": "Ku's dream\u9177\u7684\u5922-",
        "title": "\u9e79\u9165\u96de\u3001\u70b8\u751c\u4e0d\u8fa3\uff1f\uff01\ud83c\uddeb\ud83c\uddf7\u6cd5\u570b\u9ad8\u4e2d\u751f\u6572\u7897\u7684\u53f0\u7063\u9e79\u9165\u96de\uff01French Highshcoolers Try out TAIWANESE FRIED CHICKEN",
        "description": "\u5f88\u69ae\u5e78\u5730\u8ddf\u5927\u5bb6\u516c\u5e03\n\u6211\u5011\u958b\u4e86\u5168\u6cd5\u570b\u7b2c\u4e00\u9593\u9e79\u9165\u96de\u5c08\u8ce3\u6524\u8ca9\uff01\n\uff08\u5c0d\u6c92\u932f \u6211\u5011\u56de\u6536\u6ef7\u5473\u6524\u7684 \ud83d\ude02\uff09\n\u9019\u4e00\u6b21\u6211\u5011\u662f\u4ecb\u7d39\u7d66\u6cd5\u570b\u9ad8\u4e2d\u751f\n\u53ea\u80fd\u8aaa\u5982\u679c\u5728\u5b78\u6821\u9644\u8fd1\u958b\u61c9\u8a72\u6703\u767c\u5927\u8ca1\ud83d\udcb0\n\n\u5f71\u7247\u7d20\u6750\u958b\u6e90\uff1a\nhttps://youtu.be/EVGhAMFushY?si=BHi82zSJjhrkKr4V&t=6\nhttps://youtu.be/O15GAsHKL40?si=vwtoDnmVErOE_Qb6&t=41\nhttps://youtu.be/mwc9QqcQFpo?si=qBp-kvXFSiuCxTSS&t=9",
        "likeCount": "59450",
        "commentCount": "3404",
        "viewCount": "1495400"
    },
    "comments": [
        {
            "reply_id": "Ugx4JFwa2KXQzyLqN6t4AaABAg",
            "reply_content": "\u5e0c\u671b\u9177\u80fd\u5920\u628a\u99ac\u4e01\u8ddf\u5176\u5b83\u7684\u540c\u5b78\u5728\u4ed6\u5011\u7684\u7562\u696d\u65c5\u884c\u5b89\u6392\u4f86\u53f0\u7063\u65c5\u904a\u9806\u4fbf\u5e36\u9818\u4ed6\u5011\u53bb\u53f0\u7063\u7684\u591c\u5e02\u54c1\u5690\u5404\u7a2e\u5c0f\u5403",
            "likeCount": 4
        },
        {
            "reply_id": "UgxLmFJJtPkt2ePuPeZ4AaABAg",
            "reply_content": "\u9280\u7d72\u5377\u52a0\u7149\u4e73\u5473\uff0c\u5730\u74dc\u85af\u689d\u52a0\u6885\u7c89\u5473\u9053\u5473\u9053\u66f4\u68d2",
            "likeCount": 1
        },
        {
            "reply_id": "UgxDFAm26f5pjTYHI4t4AaABAg",
            "reply_content": "\u6cd5\u570b\u9ad8\u4e2d\u751f\u5f88\u6703\u5f62\u5bb9\u7f8e\u98df",
            "likeCount": 0
        },
        {
            "reply_id": "UgwJKNWPm5RKXBuyEkt4AaABAg",
            "reply_content": "\u89ba\u5f97\u597d\u50cf\u5916\u570b\u4eba\u90fd\u6c92\u5565\u7f8e\u98df\n\u53ea\u6709\u53f0\u7063\u7684\u6771\u897f\u6700\u597d\u5403\u7684\u611f\u89ba",
            "likeCount": 0
        },
        {
            "reply_id": "UgzDdG2oRFWq5ympLc14AaABAg",
            "reply_content": "\u611f\u89ba\u99ac\u8482\u65af\u5f88\u9069\u5408\u7576\u8a55\u5be9\u54e1\uff0c\u883b\u6703\u5f62\u5bb9\u98df\u7269\u7684",
            "likeCount": 0
        },
        {
            "reply_id": "Ugx9X00yjPxsfVlB9Jl4AaABAg",
            "reply_content": "\u5e0c\u671b\u6709\u53ef\u4ee5\u8b93\u4ed6\u5011\u54c1\u5690\u53f0\u7063\u632b\u51b0",
            "likeCount": 0
        },
        {
            "reply_id": "Ugy6CwgOwwhO718Iwvx4AaABAg",
            "reply_content": "\u6211\u60f3\u770b\u53f0\u7063\u9ad8\u4e2d\u751f\u5403\u6cd5\u570b\u98df\u7269 \u53cd\u904e\u4f86\u7684\u7248\u672c",
            "likeCount": 0
        },
        {
            "reply_id": "UgwBTz2I74YwJZfxHqB4AaABAg",
            "reply_content": "\u6cd5\u570b\u4eba\u9078\u83dc\u9078\u5f97\u597d\u5065\u5eb7\u554a\n\u6211\u4e00\u5b9a\u585e\u6eff\u5f88\u7f6a\u60e1\u7684\u6771\u897f",
            "likeCount": 1
        },
        {
            "reply_id": "UgwRRhunmDjxjgZtbbZ4AaABAg",
            "reply_content": "\u5e0c\u671b\u9019\u7fa4\u6cd5\u570b\u5e74\u8f15\u4eba\u80fd\u7d44\u5718\u4f86\u53f0\u7063\u89c0\u5149\uff0c\u53f0\u7063\u99d0\u6cd5\u4ee3\u8868\u5e6b\u5e6b\u5fd9\u5427",
            "likeCount": 1
        },
        {
            "reply_id": "UgwlV4hWqd-yxJdRpsZ4AaABAg",
            "reply_content": "\u6211\u8981\u53bb\u6cd5\u570b\u8ce3\u70b8\u828b\u982d\u7cd5\u4e86",
            "likeCount": 1
        },
        {
            "reply_id": "UgwfPkXhfDyUyrHr-k54AaABAg",
            "reply_content": "\u662f\u5426\u4e0b\u4e00\u671f\u80fd\u5426\u4ecb\u7d39\u53f0\u7063\u9e79\u6c34\u96de",
            "likeCount": 1
        },
        {
            "reply_id": "UgzXbfwtqYq54XpJZBh4AaABAg",
            "reply_content": "\u6709\u5f88\u591a\u7cfb\u5217\n\u6211\u9084\u662f\u89ba\u5f97\u6cd5\u570b\u7cfb\u5217\u6bd4\u8f03\u6709\u610f\u601d\n\u4e0d\u7ba1\u662f\u5728\u6cd5\u570b\u62cd\u7684\u6216\u662f\u6cd5\u570b\u670b\u53cb\u4f86\u53f0\u7063\u7cfb\u5217\u90fd\u4e0d\u932f",
            "likeCount": 1
        },
        {
            "reply_id": "UgxjhpdVz2l724N2B554AaABAg",
            "reply_content": "\u9e79\u9165\u96de\u9019\u7a2e\u6771\u897f\u5c31\u662f\u8981\u6436\u8457\u5403\u624d\u597d\u5403\uff0c\u90a3\u500b\u55ae\u4eba\u7d44\u770b\u8d77\u4f86\u597d\u7a7a\u865b",
            "likeCount": 1
        },
        {
            "reply_id": "Ugyp7FYKyYNv5H24K4t4AaABAg",
            "reply_content": "\u6c92\u6709\u5927\u849c\u8ddf\u4e5d\u5c64\u5854\u4e0d\u5920\u53f0\u7063",
            "likeCount": 0
        },
        {
            "reply_id": "UgyOQDPnbEBbBChAypN4AaABAg",
            "reply_content": "\u9280\u7d72\u5377\u52a0\u7149\u4e73\u6703\u66f4\u597d\u5403",
            "likeCount": 0
        },
        {
            "reply_id": "UgxG-bcXL9oNIkiaK9N4AaABAg",
            "reply_content": "\u5403\u9e79\u9165\u96de\u914d\u51b0\u5564\u9152\u6700\u68d2\u4e86\uff0c\u53ef\u60dc\u9ad8\u4e2d\u751f\u9084\u4e0d\u80fd\u559d",
            "likeCount": 0
        },
        {
            "reply_id": "Ugyp4qgRZ9BG8U6_nEh4AaABAg",
            "reply_content": "\u6703\u4e0d\u6703\u5f9e\u6b64\u990a\u58de\u6cd5\u570b\u4eba\u7684\u80c3",
            "likeCount": 0
        },
        {
            "reply_id": "Ugx24U8-ZUfbkU6xa5R4AaABAg",
            "reply_content": "\u81fa\u7063\u9e79\u9165\u96de\u771f\u662f\u6709\u5920\u6709\u5920\u597d\u5403",
            "likeCount": 0
        },
        {
            "reply_id": "UgygFU0IqIdmJqlS7DJ4AaABAg",
            "reply_content": "\u606d\u559c\u4f60\u5f97\u5230\u53f0\u7063\u8eab\u5206\u8b49\u4e86",
            "likeCount": 0
        },
        {
            "reply_id": "UgyBO3pT1qFko4uZUWp4AaABAg",
            "reply_content": "\u672c\u4f86\u671f\u5f85\u6703\u6709\u70b8\u76ae\u86cb\uff0c\u9019\u624d\u662f\u53f0\u7063\u9e7d\u9165\u96de\u6700\u5730\u9053\u7684\u9ed1\u6697\u6599\u7406",
            "likeCount": 0
        }
    ]
}