{
    "video_info": {
        "id": "BDRlNfFya0g",
        "channelTitle": "Ku's dream\u9177\u7684\u5922-",
        "title": "\u53f0\u7063\u4eba\u6700\u6703\u6b67\u8996\u53f0\u7063\u4eba\ud83d\ude14",
        "description": "",
        "likeCount": "19434",
        "commentCount": "790",
        "viewCount": "444212"
    },
    "comments": [
        {
            "reply_id": "UgylQNutgxcmk64ciBB4AaABAg",
            "reply_content": "\u53f0\u7063\u4eba\u6709\u4e00\u500b\u5f88\u5927\u7684\u6bdb\u75c5\u5c31\u662f\u770b\u5230\u767d\u7684\u5c31\u597d\u50cf\u770b\u5230\u795e\u4e00\u6a23\uff0c\u800c\u5c0d\u5f85\u6771\u5357\u4e9e\u5404\u570b\u4f86\u7684\u5c31\u50cf\u5c0d\u5f85\u8ce4\u6c11\u4e00\u6a23",
            "likeCount": 1
        },
        {
            "reply_id": "UgywXX7YpwSVJozhpPx4AaABAg",
            "reply_content": "\u5b8c\u86cb\u4e86\u6709\u4e9b\u53f0\u7063\u4eba\u6703\u4e0d\u611b\u9019\u500b\u5916\u570b\u4eba",
            "likeCount": 0
        },
        {
            "reply_id": "Ugx9C1DlQsp1zSBIwrR4AaABAg",
            "reply_content": "\u9019\u5176\u5be6\u611f\u89ba\u597d\u50cf\u5927\u90e8\u5206\u5b78\u751f\u91d1\u8272\u8b49\u7167\u4e00\u6a23\n\u5f88\u591a\u90fd\u62ff\u4e86\u6eff\u5206\u4f46\u90fd\u6c92\u8fa6\u6cd5\u8ddf\u6211\u4e00\u6a23\u548c\u5916\u570b\u4eba\u804a\u5929\u6253\u5c41\n\u66f4\u4e0d\u7528\u8aaa\u807d\u61c2\u4e16\u754c\u4e3b\u8981\u82f1\u6aa2\u8003\u8a66\u7bc4\u7587\u5916\u7684\u53e3\u97f3",
            "likeCount": 0
        },
        {
            "reply_id": "UgwcIUkKA8BtxQcHoWJ4AaABAg",
            "reply_content": "\u9019\u8981\u602a\u4f60\u7684\u7a2e\u65cf\u904e\u53bb\u6253\u6557\u4ed7\uff0c\u5c0e\u81f4\u9700\u8981\u53bb\u5b78\u5225\u7684\u81c9\u5b54\u7684\u8a9e\u8a00",
            "likeCount": 0
        },
        {
            "reply_id": "UgxJm1kfkKUrILABCPx4AaABAg",
            "reply_content": "\u53f0\u7063\u7537\u6027\u9084\u597d\uff0c\u4e0d\u904e\u53f0\u7063\u5973\u6027\u5c0d\u767d\u4eba\u662f\u771f\u7684\u5f88\u79ae\u9047",
            "likeCount": 0
        },
        {
            "reply_id": "Ugy4DE4yBeybTp6GGMN4AaABAg",
            "reply_content": "\u56e0\u70ba\u9019\u500b\u73fe\u8c61\uff0c\u6240\u4ee5\u6211\u5c0d\u53f0\u7063\u4eba\u6bd4\u8f03\u597d\uff0c\u4f46\u9019\u4e9b\u6b67\u898b\u4e5f\u4f86\u81ea\u53f0\u7063\u611b\u570b\u6559\u80b2\u505a\u7684\u5c11\u53ca\u8001\u95c6\u5c0d\u52de\u8cc7\u95dc\u4fc2\u7684\u6c92\u77e5\u8b58",
            "likeCount": 0
        },
        {
            "reply_id": "UgyKvDFsPYhbnd1OuMh4AaABAg",
            "reply_content": "\u70ba\u4ec0\u9ebc\u9322\u6bd4\u8f03\u591a\u61c9\u70ba\u5bb6\u9577\u770b\u5230\u6703\u958b\u5fc3\u9867\u5ba2\u958b\u5fc3\u7576\u7136\u9322\u6bd4\u8f03\u591a\u554a\ud83d\ude01",
            "likeCount": 0
        },
        {
            "reply_id": "UgzrdG47PY7e9i_6jiB4AaABAg",
            "reply_content": "\u6211\u66f4\u597d\u5947\u5c0d\u5cb8\u5c0d\u5f85\u5916\u7c4d\u8001\u5e2b\u662f\u4e0d\u662f\u4e00\u6a23\u7684\u5f85\u9047",
            "likeCount": 0
        },
        {
            "reply_id": "UgyUREILZ00DXmRvnQ14AaABAg",
            "reply_content": "\u751a\u81f3\u4e2d\u5e2b\u82f1\u6587\u90fd\u53ef\u80fd\u6bd4\u9019\u4e9b\u975e\u82f1\u6587\u6bcd\u7cfb\u5916\u5e2b\u5f37\n\u4e00\u6a23\u90fd\u662f\u975e\u82f1\u6587\u6bcd\u8a9e\u8005\uff0c\u4f46\u53f0\u7063\u4e0d\u770b\u80fd\u529b\u770b\u5916\u8868\u9019\u4ef6\u4e8b\u771f\u7684\u5f88\u7cdf",
            "likeCount": 0
        },
        {
            "reply_id": "UgyhuFNR17LETg4AeEx4AaABAg",
            "reply_content": "\u5e02\u5834\u6c7a\u5b9a\u8001\u5e2b\u85aa\u6c34\uff0c\u7576\u591a\u6578\u7236\u6bcd\u9858\u610f\u4ed8\u6bd4\u8f03\u9ad8\u7684\u5b78\u8cbb\u7d66\u5916\u5e2b\u8ab2\uff0c\u90a3\u9ebc\u5916\u5e2b\u5c31\u503c\u5f97\u9019\u6a23\u7684\u50f9\u683c",
            "likeCount": 0
        },
        {
            "reply_id": "Ugy1cySOleg3QmjzSa54AaABAg",
            "reply_content": "\u9019\u4e00\u5207\u5230\u5e95\u662f\u54ea\u4e9b\u4eba\u9020\u6210\u7684\u5927\u5bb6\u4e5f\u5fc3\u77e5\u809a\u660e\u3002",
            "likeCount": 0
        },
        {
            "reply_id": "Ugxv6fvMV6devs7uI-54AaABAg",
            "reply_content": "\u53f0\u7063\u4eba\u5f88\u6703\u6b3a\u8ca0\u81ea\u5df1\u4eba\u662f\u4e8b\u5be6\u554a\uff0c\u6b3a\u8edf\u6015\u786c\u4e00\u5806\u96d9\u9762\u4eba",
            "likeCount": 0
        },
        {
            "reply_id": "Ugy2D9y6iBficlmnNE54AaABAg",
            "reply_content": "\u6703\u6559\u82f1\u6587\u7684\u8001\u5e2b\u624d\u662f\u597d\u8001\u5e2b \u7ba1\u4ed6\u662f\u5916\u7c4d\u9084\u662f\u672c\u570b\u7c4d",
            "likeCount": 0
        },
        {
            "reply_id": "UgzO2PooSBvymaf-GRN4AaABAg",
            "reply_content": "\u800c\u4e14\u5f88\u591a\u4e2d\u5e2b\u90fd\u9084\u6bd4\u5916\u5e2b\u8a8d\u771f\uff0c\u6211\u89ba\u5f97\u5916\u5e2b\u4e0d\u898b\u5f97\u6703\u6559",
            "likeCount": 0
        },
        {
            "reply_id": "UgwCYpYfBVY5dEq6Rkd4AaABAg",
            "reply_content": "\u6240\u4ee5\u53f0\u80de\u82f1\u6587\u80fd\u529b\u5f31\u5f31",
            "likeCount": 0
        },
        {
            "reply_id": "UgzDIzNbnupSEE9lW9R4AaABAg",
            "reply_content": "\u9928\u9577\u4e0d\u6562\u8aaa\u7684\u662f\uff0c\u4ed6\u7684\u808c\u8089\u8166\u8ddf\u908f\u8f2f\u932f\u4e82\u767d\u721b\u7684\u8a00\u8ad6\u4e0a\u6709\u54c1\u8cea\u7684\u653f\u8ad6\u7bc0\u76ee\u6703\u88ab\u96fb\u5230\u7206\u54ed\u8457\u56de\u5bb6\u627e\u5abd\u5abd\u3002",
            "likeCount": 0
        },
        {
            "reply_id": "Ugz6Q3ocVWErFzR4-5h4AaABAg",
            "reply_content": "\u53f0\u7063\u8077\u5834\u74b0\u5883\u5c31\u662f\u9019\u9ebc\u60e1\u52a3\uff0c\u8981\u6c42\u8abf\u85aa\u6211\u5011\u8001\u95c6\u4e5f\u53ea\u6703\u8aaa\u516c\u53f8\u7684\u85aa\u8cc7\u5df2\u7d93\u9ad8\u65bc\u6cd5\u5b9a\u85aa\u8cc7\u4e00\u9ede\u9ede\u4e86\u5df2\u7d93\u662f\u5f9e\u512a\u8655\u7406\u4e86",
            "likeCount": 0
        },
        {
            "reply_id": "UgzbkO-8legrHllFjJt4AaABAg",
            "reply_content": "\u5bb6\u9577\u770b\u5230\u9ed1\u4eba\u4e5f\u9084\u662f\u8cb7\u55ae\u554a",
            "likeCount": 1
        },
        {
            "reply_id": "UgwLF4gfbCz4zCDPM8x4AaABAg",
            "reply_content": "\u5bb6\u9577\u5b8c\u5168\u4e0d\u770b\u4f60\u54ea\u4e00\u570b\uff0c\u770b\u4f60\u662f\u767d\u4eba\u9ed1\u4eba\u5c31\u628a\u5c0f\u5b69\u9001\u53bb\u5b78\u82f1\u6587\uff0c\u6b8a\u4e0d\u77e5\u4e0d\u662f\u6bcf\u500b\u767d\u4eba\u9ed1\u4eba\u6bcd\u8a9e\u662f\u7f8e\u8a9e\u82f1\u6587",
            "likeCount": 1
        },
        {
            "reply_id": "UgywycYpr08m5tbwfMZ4AaABAg",
            "reply_content": "\u96e3\u9053\u6c92\u6709\u4eba\u8a0e\u8ad6\u4e00\u6a23\u662f\u82f1\u8a9e\u6bcd\u8a9e\u8005\uff0c\u9ed1\u4eba\u6bd4\u8f03\u4e0d\u88ab\u88dc\u6559\u754c\u8058\u4efb\u7684\u554f\u984c\u55ce",
            "likeCount": 0
        }
    ]
}