{
    "video_info": {
        "id": "C4_RmIM-baE",
        "channelTitle": "Ku's dream\u9177\u7684\u5922-",
        "title": "\u5728\ud83c\uddf9\ud83c\uddfc\u9ede\u73cd\u73e0\u5976\u8336\u6709\u5920\u96e3\ud83e\udd72",
        "description": "",
        "likeCount": "30763",
        "commentCount": "474",
        "viewCount": "768742"
    },
    "comments": [
        {
            "reply_id": "UgzwlqWHRLReonYoYI14AaABAg",
            "reply_content": "\u6211\u78ba\u4fe1\u4ed6\u771f\u7684\u8aaa\u4e86\u5f88\u6a19\u6e96\u7684\u73cd\u73e0\u5976\u8336\u2026\u6211\u97f3\u91cf\u5168\u958b\u7684\u807d\u5169\u6b21",
            "likeCount": 0
        },
        {
            "reply_id": "UgxSEN6GmSqk7mnp8Zp4AaABAg",
            "reply_content": "\u5f88\u660e\u986f\u662f\u5e97\u54e1\u6545\u610f\u807d\u4e0d\u61c2",
            "likeCount": 0
        },
        {
            "reply_id": "UgwqYEcOloOdvfnSkh14AaABAg",
            "reply_content": "\u53ea\u8981\u5c0d\u65b9\u7684\u81c9\u8b1b\u51fa\u7684\u8a9e\u8a00\u548c\u4f60\u5927\u8166\u8a8d\u77e5\u4e0d\u7b26\uff0c\u7b2c\u4e00\u6642\u9593\u9084\u662f\u6703\u7576\u6a5f\u4e00\u4e0b\uff0c\u5f88\u591a\u8001\u5916\u807d\u4e9e\u6d32\u4eba\u8b1b\u4ed6\u5011\u7684\u8a9e\u8a00\u4e5f\u662f\u4e00\u6a23\u7684",
            "likeCount": 0
        },
        {
            "reply_id": "UgxPgx6tbCEDoYkHVt54AaABAg",
            "reply_content": "\u597d\u5947\u54ea\u88e1\u6709\u9019\u500b\u7bc0\u76ee\u7684\u5b8c\u6574\u7248\u53ef\u4ee5\u770b",
            "likeCount": 0
        },
        {
            "reply_id": "Ugz2aonsdCCXP4syx_h4AaABAg",
            "reply_content": "\u5176\u5be6\u5e97\u54e1\u662f\u4e2d\u6587\u79d8\u5bc6\u6e2c\u8a66\u54e1",
            "likeCount": 0
        },
        {
            "reply_id": "Ugzw77sebnbbm-H-R4R4AaABAg",
            "reply_content": "\u771f\u6b63\u7684\u6703\u4e2d\u6587\u662f\u7121\u8ad6\u5c0d\u65b9\u6709\u7121\u53e3\u97f3\u90fd\u80fd\u5920\u807d\u61c2\uff0c\u624d\u662f\u771f\u7684\u6703\u4e2d\u6587\uff0c\u6240\u4ee5\u5e97\u54e1\u8a72\u591a\u8a13\u7df4\u807d\u529b\u548c\u5c08\u6ce8\u529b\u4e86",
            "likeCount": 0
        },
        {
            "reply_id": "UgzqPZ5J1h7d3QmGuy14AaABAg",
            "reply_content": "\u53ef\u80fd\u9810\u8a2d\u4f60\u6703\u8b1b\u82f1\u6587\ud83d\ude06\u7a81\u7136\u8b1b\u4e2d\u6587\u4ed6\u53cd\u61c9\u4e0d\u904e\u4f86\u54c8\u54c8\u54c8",
            "likeCount": 1
        },
        {
            "reply_id": "UgxAxLl6_GB9Q5b9g694AaABAg",
            "reply_content": "\u53f0\u7063\u4e0d\u662f\u90fd\u8aaa\u5927\u5976\u5fae\u5fae\u55ce",
            "likeCount": 0
        },
        {
            "reply_id": "Ugw2wJuhBcfzMfMbUGh4AaABAg",
            "reply_content": "\u4eba\u5bb6\u5728\u7528\u82f1\u6587\u8166\uff0c\u7a81\u7136\u8aaa\u4e2d\u6587\u4e00\u6642\u9593\u6c92\u5207\u904e\u4f86",
            "likeCount": 0
        },
        {
            "reply_id": "UgyOaVg1hziViCz53vp4AaABAg",
            "reply_content": "\u53ef\u4ee5\u4ee5\u70ba\u4f60\u525b\u525b\u8b1b\u7684\u662f\u82f1\u6587\u624d\u6703\u51fa\u73fe\u86e4\u7684\u53cd\u61c9\ud83d\ude02",
            "likeCount": 0
        },
        {
            "reply_id": "UgwUPUxKkR9ZtwdfL1x4AaABAg",
            "reply_content": "\u53f0\u7063\u7684\u86e4\u90fd\u6703\u88ab\u5176\u4ed6\u570b\u5bb6\u4eba\u7684\u8aaa\u6c92\u79ae\u8c8c\u54c8",
            "likeCount": 0
        },
        {
            "reply_id": "UgxhIHcAiFJQo7zmCUp4AaABAg",
            "reply_content": "\u5176\u5be6\u56db\u4f4d\u53ef\u4ee5\u7528\u6cd5\u8a9e\u4f86\u8b1b\u9019\u6bb5",
            "likeCount": 0
        },
        {
            "reply_id": "UgwZr9e_hq4LEKiOPNV4AaABAg",
            "reply_content": "\u611f\u89ba\u9177\u7684\u5718\u968a\u82f1\u6587\u90fd\u597d\u597d\u5594",
            "likeCount": 1
        },
        {
            "reply_id": "Ugxn-e9GS9Y3VKS9oap4AaABAg",
            "reply_content": "\u4ed6\u5011\u771f\u5947\u7436\u8a9e\u8a00\u771f\u5929\u958b",
            "likeCount": 0
        },
        {
            "reply_id": "UgzbCEd4dt9U18UZHTV4AaABAg",
            "reply_content": "\u4e00\u672c\u4f86\u4ee5\u70ba\u6703\u807d\u5230\u5916\u6587\n\u4e8c\u767c\u97f3\u4e0d\u6a19\u6e96\u9023\u5b57\u5e55\u90fd\u8b8a\u771f\u8c6c\u5976\u53c9\u4e86",
            "likeCount": 0
        },
        {
            "reply_id": "UgycEot5CGDr28Ox5S14AaABAg",
            "reply_content": "\u6709\u7a2e\u53ef\u80fd\u8a9e\u8a00\u5207\u4e0d\u904e\u4f86\u4ed6\u5df2\u7d93\u505a\u597d\u82f1\u6587\u7684\u6e96\u5099\u4f46\u4f60\u8aaa\u4e2d\u6587",
            "likeCount": 0
        },
        {
            "reply_id": "Ugw9obGsQoUFNxRXckl4AaABAg",
            "reply_content": "\u4ed6\u7684\u767c\u97f3\u5176\u5be6\u7b97\u6eff\u6a19\u6e96\u7684\u5427",
            "likeCount": 0
        },
        {
            "reply_id": "UgyBibjqDQrml3QwrHR4AaABAg",
            "reply_content": "\u4ed6\u770b\u5230\u4f60\u4ed6\u5c31\u6703\u89ba\u5f97\u4f60\u5728\u8aaa\u82f1\u6587",
            "likeCount": 0
        },
        {
            "reply_id": "UgwaNGZyxWx983Uz7HZ4AaABAg",
            "reply_content": "\u6240\u6709\u53f0\u7063\u4eba\u4e0d\u7ba1\u6709\u6c92\u6709\u807d\u6e05\u695a\u8981\u4f60\u518d\u8aaa\u4e00\u904d\u90fd\u6703\u8aaa\u86e4\ud83d\ude02",
            "likeCount": 385
        },
        {
            "reply_id": "UgyNzYyjBRS1_-1io5F4AaABAg",
            "reply_content": "\u6709\u6642\u5019\u662f\u74b0\u5883\u592a\u5435\u6c92\u807d\u6e05\u695a\u4f60\u8aaa\u4ec0\u9ebc\uff0c\u4e0d\u4e00\u5b9a\u662f\u4f60\u8b1b\u932f",
            "likeCount": 185
        }
    ]
}