{
    "video_info": {
        "id": "cvWIr8QLP2o",
        "channelTitle": "Ku's dream\u9177\u7684\u5922-",
        "title": "\u8b19\u865b\u662f\u7f8e\u5fb7\ud83d\ude09",
        "description": "",
        "likeCount": "12543",
        "commentCount": "246",
        "viewCount": "316551"
    },
    "comments": [
        {
            "reply_id": "UgxfKo5d2Pg8XURNktx4AaABAg",
            "reply_content": "\u7576\u4e00\u500b\u6cf0\u570b\u4eba\u8b1b\u9072\u5230\u7684\u6545\u4e8b\u624d\u771f\u7684\u662f\u883b\u597d\u7b11\u7684\u4e8b\ud83d\ude02",
            "likeCount": 6
        },
        {
            "reply_id": "UgwrPInWWwASLP7FrKN4AaABAg",
            "reply_content": "\u8981\u5225\u4eba\u5148\u8aaa\u8b19\u8b93\u7684\u8a71\u624d\u6703\u89ba\u5f97\u662f\u81ea\u5df1\u7684\u932f",
            "likeCount": 1
        },
        {
            "reply_id": "Ugyz7JgVwiILxYnZOiR4AaABAg",
            "reply_content": "\u9019\u80d6\u5b50\u7684\u610f\u898b\u6709\u9ede\u504f\u9817\u4e86",
            "likeCount": 0
        },
        {
            "reply_id": "UgxCxKaXKaYLxbo0TTR4AaABAg",
            "reply_content": "\u6240\u4ee5\u9019\u96c6\u53ef\u4ee5\u53bb\u54ea\u88e1\u807d",
            "likeCount": 0
        },
        {
            "reply_id": "Ugyt986l1ohxAnqwmlF4AaABAg",
            "reply_content": "\u8acb\u554f\u9019\u7a2e\u8ac7\u8a71\u6027\u7684\u5f71\u7247\u6216\u8005\u662f\u97f3\u6a94\u8981\u5728\u54ea\u88e1\u624d\u80fd\u5920\u770b\u5230\u5b8c\u6574\u5427\uff1f",
            "likeCount": 0
        },
        {
            "reply_id": "Ugw5u8AuQn7HlSFHZBp4AaABAg",
            "reply_content": "\u6240\u4ee5\u53f0\u7063\u5f88\u559c\u6b61\u65e5\u672c\u4eba",
            "likeCount": 0
        },
        {
            "reply_id": "UgyJqkMR3UKEXSxd4Q54AaABAg",
            "reply_content": "\u6a19\u984c\u8981\u6539\u6210\u53f0\u7063\u4eba\u5403\u8edf\u4e0d\u5403\u786c",
            "likeCount": 0
        },
        {
            "reply_id": "UgwyQgSLFX84CEHvtm14AaABAg",
            "reply_content": "\u56e0\u8a72\u5168\u4e16\u754c\u90fd\u662f\u9019\u6a23\u5427",
            "likeCount": 0
        },
        {
            "reply_id": "UgxbzYct26O-f6cyLf14AaABAg",
            "reply_content": "\u5c31\u662f\u4e0d\u719f\u554a\n\u719f\u7684\u8a71\u76f4\u63a5\u4e09\u5b57\u7d93\u554f\u5019\u4e0d\u597d\u610f\u601d\u500b\u5c41",
            "likeCount": 0
        },
        {
            "reply_id": "Ugzjw7jmpxlWIg6CggF4AaABAg",
            "reply_content": "\u81ea\u5df1\u7d04\u4eba\u7d50\u679c\u9072\u5230\u6700\u5f8c\u9084\u53cd\u904e\u4f86\u51f6\u4eba\u7684\u4eba\u771f\u7684\u5f88\u5783\u573e",
            "likeCount": 1250
        },
        {
            "reply_id": "UgymuuTrDZQPAHoMj_J4AaABAg",
            "reply_content": "\u90a3\u61c9\u8a72\u662f\u6545\u610f\u7684\u5728\u55c6\u5427",
            "likeCount": 3
        },
        {
            "reply_id": "Ugx8UWUod4BElHOhcKt4AaABAg",
            "reply_content": "\u5176\u5be6\u5728\u77e5\u9053\u8981\u9072\u5230\u6642\u61c9\u8a72\u6703\u5148\u6253\u96fb\u8a71\u901a\u77e5\u5c0d\u65b9",
            "likeCount": 1
        },
        {
            "reply_id": "UgymhliTesT-Z5W5abp4AaABAg",
            "reply_content": "\u90a3\u662f\u7b2c\u4e00\u6b21\u898b\u9762\u624d\u6703\u9019\u6a23\u5047\u8b19\u865b\u5427",
            "likeCount": 1
        },
        {
            "reply_id": "UgxAw47gvqyAjImRH5h4AaABAg",
            "reply_content": "\u53ef\u4ee5\u518d\u53eb\u76e7\u5361\u65af\u4f86\u53f0\u7063\u73a9\u55ce\uff0c\u6211\u5f88\u559c\u6b61\u90a3\u500b\u7cfb\u5217",
            "likeCount": 0
        },
        {
            "reply_id": "UgyoUqZjWO1snHF_XL54AaABAg",
            "reply_content": "\u4ed6\u8209\u7684\u4f8b\u5b50\u8ddf\u8b19\u865b\u6709\u4ec0\u9ebc\u95dc\u4fc2\u55ce\uff1f\u6240\u4ee5\u8aaa\u53f0\u7063\u4eba\u5c31\u4e0d\u559c\u6b61\u660e\u660e\u4e2d\u6587\u4e0d\u597d\u53c8\u559c\u6b61\u7167\u81ea\u5df1\u610f\u601d\u89e3\u91cb\u540d\u8a5e\u7684\u5916\u570b\u4eba\uff01",
            "likeCount": 0
        }
    ]
}