{
    "video_info": {
        "id": "fLupJ_bQ14g",
        "channelTitle": "Ku's dream\u9177\u7684\u5922-",
        "title": "\u53f0\u7063\u4eba\u4e0d\u8981\u518d\u958b\u9019\u7a2e\u9ed1\u8272\u5e7d\u9ed8\ud83c\udf1a",
        "description": "",
        "likeCount": "15777",
        "commentCount": "391",
        "viewCount": "474607"
    },
    "comments": [
        {
            "reply_id": "UgzjyQnqc7nBXVdl1KV4AaABAg",
            "reply_content": "\u53f0\u7063\u6b50\u5df4\u6851\u5f88\u7fa8\u6155\u4f60\u5011\u7684\u5929\u751f\u6372\u9aee\uff0c\u56e0\u70ba\u6709\u4e9b\u53f0\u7063\u6b50\u5df4\u6851\u6bcf\u5e7e\u500b\u6708\u90fd\u8981\u53bb\u9aee\u5eca\u628a\u982d\u9aee\u71d9\u6210\u5c0f\u6372\u9aee\u3002",
            "likeCount": 397
        },
        {
            "reply_id": "UgyUgRd4_-k8_BsQ8n14AaABAg",
            "reply_content": "\u5916\u570b\u4eba\u7b2c\u4e00\u6b21\u4f86\u5690\u9bae  \u6211\u90fd\u4e0d\u77e5\u9053\u53f0\u7063\u4eba\u90a3\u7a2e\u6df7\u4e82\u8ddf\u9ed1\u9053\u639b\u52fe\u7684\u653f\u5546\u5230\u5e95\u6709\u4ec0\u9ebc\u5de8\u5927\u597d\u8655",
            "likeCount": 1
        },
        {
            "reply_id": "UgycHxWWrT8avB45l9R4AaABAg",
            "reply_content": "\u6211\u662f\u4e00\u500b\u81ea\u7531\u7684\u79fb\u52d5\u968e\u7d1a",
            "likeCount": 1
        },
        {
            "reply_id": "UgwofSoyk0FTT__Ye394AaABAg",
            "reply_content": "\u5176\u5be6\u5927\u90e8\u5206\u4e0d\u662f\u5176\u5be6\u9020\u6210\u7684\u9019\u4e9b\u7591\u554f\uff0c\u901a\u5e38\u662f\u81ea\u5351\u9020\u6210\u7684\uff01\u5c31\u50cf\u4ee5\u524d\u6211\u5077\u770b\u4e86\u4ea4\u63db\u5b78\u751f\u4e0a\u5ec1\u6240\u4ee5\u5f8c\u5c31\u53ea\u5269\u4e0b\u656c\u754f\u4e4b\u5fc3\u4e86",
            "likeCount": 0
        },
        {
            "reply_id": "Ugx6s2Z-GABpAHJ6Quh4AaABAg",
            "reply_content": "\u67d0\u4e9b\u53f0\u7063\u4eba\u81ea\u8c6a\u5c0d\u6b6a\u570b\u4eba\u7684\u53cb\u5584\u4f3c\u4e4e\u9650\u5236\u5728\u67d0\u4e9b\u7279\u5b9a\u65cf\u7fa4",
            "likeCount": 0
        },
        {
            "reply_id": "Ugx6H_IljhQ7Qb0G05V4AaABAg",
            "reply_content": "\u6211\u6709\u4e00\u6b21\u5728\u9ad8\u96c4\u8ddf\u4eba\u5bb6\u554f\u8def\u7d50\u679c\u8def\u4eba\u8ddf\u6211\u8aaa\u90a3\u500b\u6377\u904b\u7ad9\u5c31\u5728\u4e0d\u9060\u7684\u5730\u65b9\uff0c\u4ed6\u7528\u6a5f\u8eca\u8f09\u6211\u53bb\u7d50\u679c\u4ed6\u5c31\u771f\u7684\u9a0e\u8457\u6a5f\u8eca\u8f09\u6211\u53bb\u6377\u904b\u7ad9",
            "likeCount": 0
        },
        {
            "reply_id": "UgzNP9FxWNmlB-F-Vtl4AaABAg",
            "reply_content": "\u5317\u90e8\u7684\u6ef7\u8089\u98ef\u5c31\u662f\u5357\u90e8\u7684\u8089\u71e5\u98ef\uff0c\u6ef7\u8089\u98ef\u662f\u5176\u4ed6\u7684\u6771\u897f",
            "likeCount": 0
        },
        {
            "reply_id": "Ugx8_7Be6incAOWgTPx4AaABAg",
            "reply_content": "\u6211\u90fd\u662f\u6bd4\u8f03\u559c\u6b61\u6478\u982d\u9aee\uff0c\u56e0\u70ba\u770b\u8d77\u4f86\u50cf\u91cb\u8fe6\u725f\u5c3c\u4f5b",
            "likeCount": 0
        },
        {
            "reply_id": "UgwGj8gh6BmUwPS9Ppx4AaABAg",
            "reply_content": "\u6211\u4ee5\u524d\u771f\u7684\u4ee5\u70ba\u90a3\u500b\u982d\u9aee\u662f\u71d9\u7684",
            "likeCount": 0
        },
        {
            "reply_id": "UgyULUEGjYKh5WqafSN4AaABAg",
            "reply_content": "\u611f\u8b1d\u60a8\u4f60\u5011\u5206\u5f97\u6e05\u695a\u597d\u5947\u5fc3\u6216\u60e1\u610f",
            "likeCount": 0
        },
        {
            "reply_id": "UgzQ52wAn9iTGMzJ8lx4AaABAg",
            "reply_content": "\u70ba\u4ec0\u9ebc\u6211\u89ba\u5f97\u5916\u570b\u4eba\u6703\u8a8d\u8b58\u7684\u53f0\u7063\u4eba\u90fd\u662f\u5f88\u5c41\u7684\u90a3\u7a2e\u55e8\u5496",
            "likeCount": 0
        },
        {
            "reply_id": "UgxQsqAuO4hT5dSOfYV4AaABAg",
            "reply_content": "\u7e54\u7530\u4fe1\u9577\u4e5f\u73a9\u904e\u9ed1\u4eba\u7684\u76ae\u819a\u963f",
            "likeCount": 0
        },
        {
            "reply_id": "Ugy2UalWSpp5oT1Z3mt4AaABAg",
            "reply_content": "\u5176\u5be6\u6211\u963f\u5b24\u975e\u5e38\u7fa8\u6155\u81ea\u7136\u6372\u7684\u4eba\uff0c\u5c24\u5176\u7fa8\u6155\u662f\u80fd\u6372\u5f97\u50cf\u5609\u660e\u9019\u6a23\u7684\u4eba",
            "likeCount": 0
        },
        {
            "reply_id": "UgwpJBPdADw1Xk4Ld_54AaABAg",
            "reply_content": "\u6240\u4ee5\u4f60\u5011\u7684\u5c45\u5c45\u90fd\u4e00\u5b9a\u8981\u9019\u9ebc\u5927\u55ce",
            "likeCount": 0
        },
        {
            "reply_id": "UgzFmpa5uZz47CbO6rR4AaABAg",
            "reply_content": "\u73fe\u5728\u53f0\u7063\u4eba\u4e0d\u6562\u958b\u9019\u7a2e\u73a9\u7b11\uff0c\u4e0d\u662f\u6015\u6df1\u8272\u76ae\u819a\u5916\u570b\u670b\u53cb\u751f\u6c23\uff0c\u800c\u662f\u53f0\u7063\u81ea\u5df1\u4eba\u6703\u7fa4\u8d77\u570d\u6bc6\u958b\u73a9\u7b11\u7684\u4eba",
            "likeCount": 8
        },
        {
            "reply_id": "Ugxn4RbqKIVA7h-w-Xh4AaABAg",
            "reply_content": "\u53f0\u7063\u4eba\u7e3d\u662f\u4e0d\u7d93\u610f\u7684\u505a\u51fa\u4e00\u5806\u7a2e\u65cf\u6b67\u8996\u7684\u4e8b\uff0c\u61c9\u8a72\u8981\u6709\u4eba\u6559\u80b2\u9019\u7a2e\u4e8b\u60c5\uff0c\u4e0d\u7136\u6709\u4e00\u5929\u6703\u8e22\u5230\u9435\u677f",
            "likeCount": 4
        },
        {
            "reply_id": "Ugzzix5m4lBMNePf1dB4AaABAg",
            "reply_content": "\u9ed1\u725b\u9577\u5f97\u597d\u50cf\u67d0\u500b\u9ed1\u5e95\u767d\u5b57\u7db2\u7ad9\u7684\u7537\u512a",
            "likeCount": 0
        },
        {
            "reply_id": "Ugx03n2sboXgRHczoLl4AaABAg",
            "reply_content": "\u6211\u9084\u771f\u7684\u6478\u9ed1\u4eba\u7684\u76ae\u819a\u904e\uff0c\u771f\u7684\u5f88\u5ae9\u5ae9\u7684\u89f8\u611f",
            "likeCount": 0
        },
        {
            "reply_id": "UgwaFe_CpqEy6O8fEZF4AaABAg",
            "reply_content": "\u4e4b\u524d\u9084\u6709\u9047\u904e\u53f0\u7063\u4eba\u4ee5\u7232\u5357\u975e\u53ea\u6709\u9ed1\u4eba\u7684\u641e\u7b11\u4f8b\u5b50\uff01",
            "likeCount": 0
        },
        {
            "reply_id": "Ugxfy619kJZVIDh-PnF4AaABAg",
            "reply_content": "\u9ed1\u4eba\u982d\u9aee\u6c38\u9060\u662f\u4e7e\u7684 \u8ddf\u9ed1\u4eba\u6253\u7c43\u7403\u7136\u5f8c\u4ed6\u5168\u8eab\u90fd\u7206\u5e79\u6fd5\u7d50\u679c\u982d\u9aee\u6478\u4e0b\u53bb\u662f\u4e7e\u7684",
            "likeCount": 0
        }
    ]
}