{
    "video_info": {
        "id": "g6F3t4C7Iiw",
        "channelTitle": "Ku's dream\u9177\u7684\u5922-",
        "title": "\u4e4b\u5f8c\u5916\u570b\u4eba\u8b1b\u4e2d\u6587\u90fd\u7528\u5531\u7684\u597d\u4e86\ud83d\ude02",
        "description": "",
        "likeCount": "35008",
        "commentCount": "443",
        "viewCount": "704610"
    },
    "comments": [
        {
            "reply_id": "UgxQo-fn19jwwQsjYth4AaABAg",
            "reply_content": "\u539f\u4f86\u9019\u5c31\u662f\u5531\u7684\u6bd4\u8aaa\u7684\u597d\u807d",
            "likeCount": 0
        },
        {
            "reply_id": "UgzVLd_Vkm2IXCmgCKB4AaABAg",
            "reply_content": "\u5531\u6b4c\u6642\u97f3\u8abf\u78ba\u5be6\u6703\u6bd4\u5e73\u5e38\u6a21\u7cca",
            "likeCount": 0
        },
        {
            "reply_id": "UgyMIkOu3yhfIIoRODJ4AaABAg",
            "reply_content": "\u5531\u5f97\u771f\u7684\u61c2\uff0c\u61c9\u8a72\u6211\u5011\u6703\u8166\u88dc\u4e0d\u61c2\u7684\u5730\u65b9\u4f7f\u807d\u5230\u7684\u5408\u7406",
            "likeCount": 0
        },
        {
            "reply_id": "UgwJvQYY_G-CUi0eXsF4AaABAg",
            "reply_content": "\u7528\u5531\u7684\u771f\u7684\u6bd4\u8f03\u77e5\u9053\u4ed6\u8981\u6c34\u9903",
            "likeCount": 1
        },
        {
            "reply_id": "UgydToWs8rqoZicxNYx4AaABAg",
            "reply_content": "\u539f\u4f86\u6c34\u9903\u7684\u7b11\u8a71\u662f\u771f\u7684",
            "likeCount": 1
        },
        {
            "reply_id": "UgxDXvGya_V__y2kWtR4AaABAg",
            "reply_content": "\u4e2d\u6587\u52d5\u4e0d\u52d5\u5c31\u8981\u7528\u5531\u7684\uff0c\u5370\u5ea6\u4eba\u5247\u662f\u52d5\u4e0d\u52d5\u5c31\u8df3\u8d77\u821e\u4f86",
            "likeCount": 1
        },
        {
            "reply_id": "UgwaDrig_HtLGcBdpkt4AaABAg",
            "reply_content": "\u82f1\u6587\u7684\u8a9e\u8abf\u5c31\u5f88\u6b7b\u554a \u8001\u5916\u4e0d\u61c2\u5f97\u56db\u8072\u7b26\u865f\u7576\u7136\u4e0d\u6703\u767c\u97f3",
            "likeCount": 0
        },
        {
            "reply_id": "Ugx0QxlyVoA3E15Cvpl4AaABAg",
            "reply_content": "\u597d\u6709\u9053\u7406\uff0c\u807d\u97f3\u6a02\u7684\u6642\u5019\u771f\u7684\u6703\u81ea\u52d5\u5ffd\u7565\u8072\u8abf\u5e6b\u8a5e\u4fee\u6b63\u6b38",
            "likeCount": 0
        },
        {
            "reply_id": "UgzoEV7sVMj_X0P6VYx4AaABAg",
            "reply_content": "\u597d\u6807\u51c6\u54c8\u54c8\u54c8\u54c8\u54c8\u54c8\u54c8\u54c8\u54c8",
            "likeCount": 0
        },
        {
            "reply_id": "UgxYQCPRLzWUPGsfU9F4AaABAg",
            "reply_content": "\u6c34\u9903\u8001\u95c6\u4e00\u5b9a\u662f\u77e5\u9053\u7684\n\u53ea\u662f\u5f88\u611b\u9017\u4f60\u958b\u73a9\u7b11",
            "likeCount": 0
        },
        {
            "reply_id": "Ugx9JT-S_bQxbSuPEAZ4AaABAg",
            "reply_content": "\u8acb\u554f\u5b8c\u6574\u5f71\u7247\u8981\u53bb\u54ea\u88e1\u770b",
            "likeCount": 0
        },
        {
            "reply_id": "UgwMcs5qnRLjf-Bj5j14AaABAg",
            "reply_content": "\u4e3b\u8981\u662f\u4e09\u8072\u8ddf\u5531\u6b4c\u5c3e\u5df4\u7684\u6296\u97f3\u5f88\u50cf \u6296\u4e0b\u53bb\u97f3\u5c31\u5f88\u50cf\u4e86",
            "likeCount": 0
        },
        {
            "reply_id": "Ugx9272ZJC4HKhBoTqV4AaABAg",
            "reply_content": "\u6709\u91cd\u97f3\u7684\u570b\u5bb6\u4e0d\u591a\uff0c\u6b50\u7f8e\u4ed6\u5011\u53ea\u6709\u9670\u967d\u5169\u7a2e\u767c\u97f3\u6700\u591a\u52a0\u4e00\u500b\u4e2d\u6027\u767c\u97f3\uff0c\u66f4\u5225\u8aaa\u53f0\u8a9e\u6709\u516b\u500b\u97f3",
            "likeCount": 0
        },
        {
            "reply_id": "UgxYjCGHsGUvgXdJ5rZ4AaABAg",
            "reply_content": "\u4ee5\u5f8c\u90fd\u7528\u5531\u7684\u4f86\u6e9d\u901a\u597d\u4e86",
            "likeCount": 0
        },
        {
            "reply_id": "UgwvC8qKDakr8SOHUVR4AaABAg",
            "reply_content": "\u771f\u7684\u5916\u570b\u4eba\u8b1b\u4e2d\u6587\u6700\u5927\u7684\u554f\u984c\u90fd\u662f\u5728\u8072\u8abf\u7121\u6cd5\u5206\u6e05\u695a\uff1b\u4f46\u53f0\u7063\u4eba\u8b1b\u82f1\u6587\u554f\u984c\u5927\u90fd\u662f\u5728\u6bcd\u97f3\u5206\u4e0d\u6e05\u695a\uff01",
            "likeCount": 1
        },
        {
            "reply_id": "Ugw4kxqo-3cwl7DbnKl4AaABAg",
            "reply_content": "\u9019\u50f9\u683c\u61c9\u8a72\u5c31\u770b\u5f97\u51fa\u4f86\u4efd\u91cf\u4e86\u5427",
            "likeCount": 1
        },
        {
            "reply_id": "UgznuoM0HHGLSwcR_Wx4AaABAg",
            "reply_content": "\u4e8b\u5be6\u8b49\u660e\u78ba\u5be6\u6709\u4eba\u7528\u5531\u7684\u6bd4\u8aaa\u7684\u597d\u807d",
            "likeCount": 1
        },
        {
            "reply_id": "Ugxc6qvi0xb0sK8cv-94AaABAg",
            "reply_content": "\u4e8b\u5be6\u8b49\u660e\u5531\u6b4c\u53ef\u4ee5\u89e3\u6c7a\u6e9d\u901a\u554f\u984c",
            "likeCount": 0
        },
        {
            "reply_id": "UgxLHi6KgdNp3Xw4v6p4AaABAg",
            "reply_content": "\u8acb\u554f\u9019\u539f\u5f71\u7247\u7684\u51fa\u8655\u5728\u54ea",
            "likeCount": 0
        },
        {
            "reply_id": "UgzuR9JD22hIRW59uGh4AaABAg",
            "reply_content": "\u54ea\u5929\u5c31\u6703\u770b\u5230\u5916\u570b\u4eba\u7528\u5531\u6b4c\u9ede\u9910",
            "likeCount": 0
        }
    ]
}