{
    "video_info": {
        "id": "hyK5xuXa0jc",
        "channelTitle": "Ku's dream\u9177\u7684\u5922-",
        "title": "\u53f0\u7063\u516c\u516c\u592a\u71b1\u60c5\u4e86\u5566\ud83e\udd79",
        "description": "",
        "likeCount": "17535",
        "commentCount": "130",
        "viewCount": "378936"
    },
    "comments": [
        {
            "reply_id": "UgxkRD2o_t5IuAv_O1h4AaABAg",
            "reply_content": "\u6211\u7238\u4e5f\u662f\u5c6c\u65bc\u6703\u592a\u904e\u71b1\u60c5\u5230\u5f88\u6fc0\u52d5\u628a\u4eba\u5687\u5230\u7684\u90a3\u7a2e\ud83d\ude02",
            "likeCount": 119
        },
        {
            "reply_id": "Ugxga0gbPniGR_Ekf2l4AaABAg",
            "reply_content": "\u90e8\u4efd\u53f0\u7063\u4eba\u628a\u8b1b\u8a71\u76f4\u63a5\u7c97\u9b6f\u7576\u4f5c\u662f\u4e00\u7a2e\u89aa\u5207\u3002",
            "likeCount": 8
        },
        {
            "reply_id": "UgyNN3C7Rn_IK5dwUCJ4AaABAg",
            "reply_content": "\u8001\u4eba\u5bb6\u91cd\u807d\uff0c\u6240\u4ee5\u81ea\u5df1\u90fd\u4e0d\u6703\u77e5\u9053\u81ea\u5df1\u7684\u97f3\u91cf\u5176\u5be6\u5f88\u5927\u8072",
            "likeCount": 6
        },
        {
            "reply_id": "Ugxc-0xgI7M38khwQV14AaABAg",
            "reply_content": "\u592a\u7626\u4e0d\u5bb9\u6613\u53d7\u5b55\u554a\uff01\u4ed6\u7684\u610f\u601d\u8981\u4f60\u5011\u5feb\u751f\u5c0f\u5b69",
            "likeCount": 2
        },
        {
            "reply_id": "Ugze34UThKCqxc9DOz54AaABAg",
            "reply_content": "\u5982\u679c\u6163\u7528\u8a9e\u662f\u53f0\u8a9e\u7684\u8a71\u8b1b\u8a71\u672c\u4f86\u5c31\u6703\u6bd4\u8f03\u5927\u8072\n\u52a0\u4e0a\u5e74\u7d00\u5927\u4e86\u8033\u80cc\u5c31\u66f4\u5927\u8072\n\u6240\u4ee5\u5e38\u6703\u770b\u898b\u4e00\u4e9b\u8001\u4eba\u5bb6\u4e00\u958b\u53e3\u5c31\u5f88\u50cf\u5728\u7f75\u4eba",
            "likeCount": 1
        },
        {
            "reply_id": "UgyhxqPYGj52bzRtd1l4AaABAg",
            "reply_content": "\u963f\u516c\u53ef\u80fd\u8033\u80cc\u6240\u4ee5\u8b1b\u8a71\u6703\u4e0d\u81ea\u89ba\u5927\u8072\u4e00\u9ede",
            "likeCount": 0
        },
        {
            "reply_id": "UgwfJKgJ-AkfJ1xmkgR4AaABAg",
            "reply_content": "\u81fa\u7063\u4eba\u4e00\u8001\u5589\u56a8\u90fd\u6703\u63db\u6210\u5927\u8072\u516c",
            "likeCount": 0
        },
        {
            "reply_id": "UgxULSh3AM6RvKIvf8N4AaABAg",
            "reply_content": "\u5927\u7537\u4eba\u793e\u6703\u88e1\u7684\u9435\u7537\u6eab\u67d4",
            "likeCount": 0
        },
        {
            "reply_id": "UgwnWIRLm790ZDgN5f54AaABAg",
            "reply_content": "\u5f88\u591a\u4e0d\u6703\u8b1b\u5916\u8a9e\u53f0\u7063\u4eba\u5c0d\u5916\u570b\u4eba\u8981\u561b\u5c31\u662f\u8b1b\u8a71\u6bd4\u8f03\u5927\u8072\u8981\u561b\u5c31\u662f\u8b1b\u8a71\u602a\u8154\u602a\u8abf\u7684\uff0c\u597d\u50cf\u9019\u6a23\u5c0d\u65b9\u5c31\u6703\u61c2\ud83d\ude02",
            "likeCount": 0
        },
        {
            "reply_id": "UgwvvUZG9iOQhUagc6J4AaABAg",
            "reply_content": "\u516c\u516c\u4e0d\u77e5\u9053\u5979\u7684\u5ab3\u5a66\u662f\u4e00\u500b\u5927\u5eda",
            "likeCount": 0
        }
    ]
}