{
    "video_info": {
        "id": "Id7FDBRuJas",
        "channelTitle": "Ku's dream\u9177\u7684\u5922-",
        "title": "\u53ea\u6709\u6211\u5011\u89ba\u5f97\u4e2d\u6587\u548c\u53f0\u8a9e\u7684\u9f3b\u97f3\u5f88\u91cd\u55ce\ud83d\ude02",
        "description": "",
        "likeCount": "21565",
        "commentCount": "285",
        "viewCount": "584786"
    },
    "comments": [
        {
            "reply_id": "UgzlAs0mzm_KlKbgokF4AaABAg",
            "reply_content": "\u5bb6\u660e\u7684\u5473\u9053\u805e\u8d77\u4f86\u50cf\u5bb6\u660e\u7684\u5473\u9053\u55ce",
            "likeCount": 0
        },
        {
            "reply_id": "Ugztvxpvfo-nTTCahCB4AaABAg",
            "reply_content": "\u61c9\u8a72\u8981\u4ecb\u7d39\u8521\u79cb\u9cf3\u7684\u6b4c\u7d66\u4ed6\u5011\u807d\u807d",
            "likeCount": 0
        },
        {
            "reply_id": "UgxytKmL0KTZqXVXdol4AaABAg",
            "reply_content": "\u570b\u5c0f\u570b\u4e2d\u5f88\u6a5f\u8eca\u7684\u8001\u5e2b\u90fd\u6709\u9019\u7a2e\u9f3b\u97f3",
            "likeCount": 0
        },
        {
            "reply_id": "Ugzrlh_4IOPs5aPUj7F4AaABAg",
            "reply_content": "\u7b11\u6b7b\u771f\u7684\u597d\u611b\u9019\u5169\u500b\u9ed1\u4eba",
            "likeCount": 6
        },
        {
            "reply_id": "UgxprfWq8UdmCaViNSJ4AaABAg",
            "reply_content": "\u5176\u5be6\u8001\u5e2b\u53ea\u662f\u9f3b\u5b50\u904e\u654f",
            "likeCount": 1
        },
        {
            "reply_id": "UgzPszemsfPYUT-yG4l4AaABAg",
            "reply_content": "\u4e0d\u77e5\u9053\u662f\u4e0d\u662f\u9ed1\u4eba\u7279\u6709\u7684\u8154\u8abf\u548c\u53f0\u8a9e\u5f88\u5408\u7684\u95dc\u4fc2\uff0c\u6bcf\u6b21\u807d\u5230\u9ed1\u4eba\u670b\u53cb\u7f75\u53f0\u8a9e\u9ad2\u8a71\u90fd\u89ba\u5f97\u8d85\u9069\u5408",
            "likeCount": 1
        },
        {
            "reply_id": "UgwFRltek2FdZPB0zNB4AaABAg",
            "reply_content": "\u679c\u7136\u9ad2\u8a71\u90fd\u662f\u5b78\u5225\u570b\u8a9e\u8a00\u7684\u7b2c\u4e00\u6b65 \u5ff5\u7684\u8cca\u6a19\u6e96",
            "likeCount": 1
        },
        {
            "reply_id": "Ugxrt6Qkj6n5s1MVzqB4AaABAg",
            "reply_content": "\u5609\u660e\u4f60\u53ef\u4ee5\u8fa6\u500b\u812b\u53e3\u79c0\u4e86",
            "likeCount": 0
        },
        {
            "reply_id": "Ugxm-PC8-ULpuJG7JzN4AaABAg",
            "reply_content": "\u5c31\u50cf\u6211\u5011\u807d\u8d8a\u5357\u8a9e\u8ddf\u6cf0\u8a9e\u4e00\u6a23",
            "likeCount": 0
        },
        {
            "reply_id": "Ugx5QpK3JAj1HqB3ShF4AaABAg",
            "reply_content": "\u95fd\u5357\u8bdd\u548c\u5e7f\u4e1c\u8bdd\u542c\u7740\u771f\u7684\u597d\u50cf\u4e1c\u5357\u4e9a\u8bed\u8a00\ud83d\ude02\u9f3b\u97f3\u90fd\u8d85\u91cd",
            "likeCount": 0
        },
        {
            "reply_id": "UgywZaR9pinREO_frTJ4AaABAg",
            "reply_content": "\u6703\u8aaa\u53f0\u8a9e\u9f3b\u97f3\u91cd\u7684\u61c9\u8a72\u4f86\u807d\u807d\u770b\u5ba2\u5bb6\u8a71",
            "likeCount": 0
        },
        {
            "reply_id": "Ugzr-85vKUXt7ucRPsd4AaABAg",
            "reply_content": "\u6c38\u9060\u9ad2\u8a71\u5b78\u8d77\u4f86\u5f88\u9053\u5730",
            "likeCount": 31
        }
    ]
}