{
    "video_info": {
        "id": "m1HMgbkpwJI",
        "channelTitle": "Ku's dream\u9177\u7684\u5922-",
        "title": "\u4e0d\u8981\u6436\u6211\u7684\u6392\u9aa8\ud83e\udd2c\ud83e\udd2c\ud83e\udd2c",
        "description": "",
        "likeCount": "21499",
        "commentCount": "185",
        "viewCount": "510229"
    },
    "comments": [
        {
            "reply_id": "UgxQFX2Va0BPPFEHJbl4AaABAg",
            "reply_content": "\u90a3\u8868\u60c5\u597d\u5230\u4f4d\u54c8\u54c8\u54c8\u54c8\u54c8\u54c8\u54c8",
            "likeCount": 0
        }
    ]
}