{
    "video_info": {
        "id": "oewaX1TMi9s",
        "channelTitle": "Ku's dream\u9177\u7684\u5922-",
        "title": "\u6709\u4e00\u7a2e\u80d6 \u662f\u53f0\u7063\u4eba\u89ba\u5f97\u4f60\u80d6\ud83e\udd7a",
        "description": "",
        "likeCount": "17191",
        "commentCount": "300",
        "viewCount": "513560"
    },
    "comments": [
        {
            "reply_id": "UgyOokj6SUgD8jfzuyB4AaABAg",
            "reply_content": "\u6211\u500b\u4eba\u662f\u5f9e\u4f86\u4e0d\u6703\u8eab\u6750\u7f9e\u8fb1\u8eab\u908a\u7684\u4eba",
            "likeCount": 0
        },
        {
            "reply_id": "UgzG9FmWdAykhaskHft4AaABAg",
            "reply_content": "\u4e16\u754c\u5df2\u7d93\u8b93\u5be9\u7f8e\u8b8a\u6210\u5bb9\u8c8c\u7126\u616e\uff0c\u62dc\u8a17\u4e0d\u8981\u518d\u8b93\u8eab\u6750\u7126\u616e\u5f71\u97ff\u5fc3\u7406\u4e86",
            "likeCount": 0
        },
        {
            "reply_id": "UgxyBP2RHBMEXzaDsjJ4AaABAg",
            "reply_content": "\u5176\u5be6\u76f4\u63a5\u8aaa\u4eba\u80d6\u5f88\u6c92\u79ae\u8c8c",
            "likeCount": 0
        },
        {
            "reply_id": "UgxL73GWmRRnZlCDVap4AaABAg",
            "reply_content": "\u53f0\u7063\u4eba\u4e00\u5b9a\u6703\u8aaa\u5403\u98fd\u6c92\uff0c\u4f46\u8aaa\u4f60\u80d6\u4e86\u9019\u53e5\u8a71\u672c\u8eab\u4eba\u61c9\u8a72\u4e5f\u662f\u6c92\u601d\u8003\u5566",
            "likeCount": 0
        },
        {
            "reply_id": "Ugxmiylsq72ysJNWU_54AaABAg",
            "reply_content": "\u5f88\u4e45\u6c92\u6709\u62cd\u53ef\u611b\u7684\u963f\u5b24\u7cfb\u5217\u4e86",
            "likeCount": 0
        },
        {
            "reply_id": "Ugz2OAOYc8FSHr17zBB4AaABAg",
            "reply_content": "\u5343\u842c\u5225\u843d\u5728\u53f0\u7063\u963f\u7f75\u7684\u624b\u88cf",
            "likeCount": 1636
        },
        {
            "reply_id": "UgyPm90CNpBeWBbr3Hl4AaABAg",
            "reply_content": "\u5c11\u5728\u90a3\u908a\u5305\u88dd\u6210\u95dc\u5fc3\uff0c\u5c31\u662f\u7fd2\u6163\u5e72\u6d89\u5225\u4eba\u79c1\u4e8b\u9084\u6c92\u81ea\u89ba",
            "likeCount": 510
        },
        {
            "reply_id": "UgzXurs8JTBiVkVhobl4AaABAg",
            "reply_content": "\u5979\u9047\u5230\u7684\u4eba\u5f88\u6c92\u79ae\u8c8c\uff0c\u4e0d\u662f\u53f0\u7063\u4eba\u90fd\u7528\u8b8a\u80d6\u4f86\u6253\u62db\u547c",
            "likeCount": 51
        },
        {
            "reply_id": "Ugy-be6BS3ynlo3cgUt4AaABAg",
            "reply_content": "\u5916\u570b\u4eba\u5728\u53f0\u7063\u4e0d\u80d6 \u4ee3\u8868\u4f60\u9084\u6c92\u5617\u5230\u53f0\u7063\u7684\u7f8e\u98df",
            "likeCount": 50
        },
        {
            "reply_id": "UgyRV9AFXJZ86nvr_l94AaABAg",
            "reply_content": "\u8aaa\u771f\u7684\u4e9e\u6d32\u7578\u5f62\u7684\u5be9\u7f8e\u89c0\u771f\u7684\u6703\u903c\u6b7b\u5f88\u591a\u5973\u5b69\u5b50",
            "likeCount": 41
        },
        {
            "reply_id": "Ugw8fFWX98nFSukDFwN4AaABAg",
            "reply_content": "\u5728\u6211\u5011\u516c\u53f8\u90fd\u662f\u7528\u76ee\u6e2c\u8eab\u6750\u4f86\u5224\u65b7\u5916\u7c4d\u79fb\u5de5\u4f86\u53f0\u7063\u5e7e\u5e74\u4e86\uff0c\u4f86\u53f0\u591a\u5e74\u7684\u4e2d\u6587\u4e0d\u4e00\u5b9a\u8aaa\u5f97\u6d41\u5229\uff0c\u4f46\u4e00\u5b9a\u5f88\u6703\u627e\u597d\u5403\u7684",
            "likeCount": 1
        },
        {
            "reply_id": "UgzH6ELOuoofiXHTcAl4AaABAg",
            "reply_content": "\u8f15\u6613\u5c0d\u5225\u4eba\u8eab\u6750\u5916\u8c8c\u8a55\u50f9\n\u6839\u672c\u5c31\u4e0d\u77e5\u9053\u53ef\u80fd\u8f15\u98c4\u98c4\u4e00\u53e5\u8a71\u6703\u7d66\u807d\u7684\u4eba\u5e36\u4f86\u4ec0\u9ebc",
            "likeCount": 0
        },
        {
            "reply_id": "UgwHoV6tNSphrOxFKFt4AaABAg",
            "reply_content": "\u53f0\u7063\u4eba\u8aaa\u4f60\u7626\u4e0d\u4e00\u5b9a\u662f\u771f\u7684\u8aaa\u4f60\u7626 \u4f46\u8aaa\u4f60\u80d6\u80af\u5b9a\u662f\u8aaa\u771f\u7684",
            "likeCount": 0
        },
        {
            "reply_id": "Ugw7KiqGqm9E_rOFkid4AaABAg",
            "reply_content": "\u5f88\u591a\u53f0\u7063\u4eba\u4e5f\u4e0d\u559c\u6b61\u88ab\u9019\u6a23\u554f\u5019\uff0c\u61c9\u8a72\u662f\u5f88\u65e9\u671f\u7684\u554f\u5019\u4e86",
            "likeCount": 0
        },
        {
            "reply_id": "UgzQ6p-HlOsWWQiI4gJ4AaABAg",
            "reply_content": "\u6c92\u95dc\u4fc2\u5566\uff0c\u59b3\u73fe\u5728\u4e00\u5b9a\u6bd4\u5728\u82f1\u570b\u7684\u6642\u5019\u66f4\u5065\u5eb7",
            "likeCount": 0
        },
        {
            "reply_id": "UgwZPHvq-n6SjkHzbK94AaABAg",
            "reply_content": "\u6211\u88ab\u8aaa\u8b8a\u80d6\u6211\u6703\u5f88\u6eff\u610f\u6b38\uff0c\u6240\u4ee5\u79ae\u4e0d\u79ae\u8c8c\u9084\u662f\u770b\u500b\u4eba",
            "likeCount": 0
        }
    ]
}