{
    "video_info": {
        "id": "pocBwvJtBM4",
        "channelTitle": "Ku's dream\u9177\u7684\u5922-",
        "title": "\u7ae5\u5e74\u6c92\u6709\u89aa\u89aa\u62b1\u62b1\u7684+1\ud83e\udd72 @lifeintaiwan",
        "description": "",
        "likeCount": "26300",
        "commentCount": "861",
        "viewCount": "424785"
    },
    "comments": [
        {
            "reply_id": "UgzQ11t8xag9bpcCxqd4AaABAg",
            "reply_content": "\u9019\u8b93\u6211\u807d\u8457\u807d\u8457\u5c31\u54ed\u4e86",
            "likeCount": 1
        },
        {
            "reply_id": "UgzHWRa_4fg4OaWDbWh4AaABAg",
            "reply_content": "\u6211\u5011\u9019\u4e00\u4ee3\u5df2\u7d93\u6162\u6162\u63a5\u8ecc\u5f71\u7247\u4e2d\u9019\u7a2e\u6240\u8b02\u7684\u611b\u7684\u6559\u80b2\u4e86 \u6211\u76f8\u4fe1\u6b50\u7f8e\u570b\u5bb6\u5728\u65e9\u4e00\u9ede\u7684\u5e74\u4ee3 \u611b\u7684\u9ad4\u7f70\u61c9\u8a72\u4e5f\u5c11\u4e0d\u4e86",
            "likeCount": 0
        },
        {
            "reply_id": "UgyMbXUzqsMH61WQJOZ4AaABAg",
            "reply_content": "\u53cd\u89c0\u81ea\u5df1\u7684\u7ae5\u5e74\u76f4\u81f3\u5230\u6210\u5e74\u4e00\u76f4\u9664\u4e86\u6211\u5abd\u5916\u53cd\u89c0\u6211\u7238\u597d\u8ced\u6210\u6027\u53ca\u5bb6\u66b4\u5f9e\u5c0f\u81f3\u5927,\u5c0d\u6211\u4e00\u5411\u662f\u5728\u5bb6\u66b4\u4e2d\u6210\u9577\u76f4\u81f3\u770b\u8457\u6839\u672c\u4e0d\u7b97\u89aa\u7684\u89aa\u4eba\u4e00\u500b\u500b\u6bd4\u6211\u65e9\u96e2\u958b\u904e\u4e16,\u5fc3\u4e2d\u4e5f\u6c92\u6709\u751a\u9ebc\u60b2\u50b7\u53ea\u6709\u6eff\u6eff\u7684\u6068\n\u66f4\u6c92\u6709\u611f\u53d7\u904e\u751a\u9ebc\u53eb\u505a\u5145\u6eff\u611b\u7684\u64c1\u62b1\u4e4b\u985e\u7684\u95dc\u4fc2\n\u6211\u8a18\u5f97\u6211\u7238\u5e38\u8ddf\u6211\u8aaa\u904e:\u751f\u4f60\u990a\u4f60\u537b\u6c92\u62ff\u5230\u4f60\u7684\u751a\u9ebc\u9322,\u4e5f\u6c92\u6709\u770b\u4f60\u62ff\u51fa\u751a\u9ebc\u696d\u7e3e\u56de\u5bb6\u5b5d\u656c\u7236\u6bcd,\u65e9\u77e5\u9053\u51fa\u751f\u5c31\u61c9\u8a72\u76f4\u63a5\u628a\u4f60\u6390\u6b7b\u624d\u5c0d",
            "likeCount": 0
        },
        {
            "reply_id": "UgyFWmBIcuo1eHUd8t54AaABAg",
            "reply_content": "\u6211\u6703\u7d66\u5b69\u5b50\u5f88\u591a\u7684\u89aa\u89aa\u8207\u62b1\u62b1",
            "likeCount": 0
        },
        {
            "reply_id": "UgwC8MMm9XyJEUYO59t4AaABAg",
            "reply_content": "\u4e9e\u6d32\u5c31\u662f\u4e00\u500b\u6975\u5ea6\u58d3\u6291",
            "likeCount": 0
        },
        {
            "reply_id": "Ugy_LjL2mOPwUzHgp5h4AaABAg",
            "reply_content": "\u6211\u5c31\u662f\u9019\u7a2e\u5bb6\u5ead\u9577\u5927\u7684\n\u5bb6\u88e1\u7684\u4eba\u90fd\u5f88\u652f\u6301\u6211\u60f3\u505a\u7684\u4e8b",
            "likeCount": 0
        },
        {
            "reply_id": "Ugy1ZeVTU7hmDZJ5h1R4AaABAg",
            "reply_content": "\u6211\u7684\u7ae5\u5e74\u53ea\u6709\u7af9\u7b4d\u7092\u8089\u7d72",
            "likeCount": 0
        },
        {
            "reply_id": "UgzQIWYKQCPW6r5YDLF4AaABAg",
            "reply_content": "\u4f46\u591a\u6578\u7684\u7236\u6bcd\u90fd\u9078\u64c7\u8907\u88fd\u4e0a\u4e00\u4ee3\u7236\u6bcd\u7684\u6559\u80b2\u65b9\u5f0f\uff0c\u8981\u6539\u8b8a\u53ef\u80fd\u9084\u8981\u82b1\u597d\u5e7e\u4ee3\u7684\u6642\u9593",
            "likeCount": 0
        },
        {
            "reply_id": "Ugwk4MeaKI8B_d94Zpt4AaABAg",
            "reply_content": "\u81f3\u5c11\u6211\u8a8d\u8b58\u7684\u4eba\u4ed6\u7684\u7238\u5abd\u662f\u9019\u6a23",
            "likeCount": 0
        },
        {
            "reply_id": "Ugz4fQV6t5ZGftWZbnp4AaABAg",
            "reply_content": "\u9084\u6709\u6211\u5b78\u6821\u8209\u8fa6\u904b\u52d5\u6703\u7236\u6bcd\u90fd\u5728\u70ba\u5c0f\u5b69\u52a0\u6cb9\u9084\u6703\u62b1\u5728\u4e00\u8d77\u89aa\u5634\u8ddf\u672c\u4e0d\u5411\u5f71\u7247\u6240\u8aaa\u7684",
            "likeCount": 0
        },
        {
            "reply_id": "Ugz3Q0ukgsjHMC3oFoZ4AaABAg",
            "reply_content": "\u6487\u9664\u90a3\u4e9b\u6709\u7cbe\u795e\u75be\u75c5\u6703\u8650\u5f85\u5c0f\u9084\u7684\u4eba\u5927\u90e8\u5206\u7684\u7236\u6bcd\u90fd\u662f\u5f88\u611b\u81ea\u5df1\u7684\u5c0f\u5b69\u96d6\u7136\u53ef\u80fd\u6709\u4e9b\u7238\u5abd\u5c0d\u5c0f\u5b69\u5f88\u51b7\u6de1\u4f46\u6211\u8a8d\u70ba\u9019\u4e0d\u5e36\u8868\u7238\u5abd\u4e0d\u611b\u4f60",
            "likeCount": 0
        },
        {
            "reply_id": "UgwBjlGipYy0TmUvVXx4AaABAg",
            "reply_content": "\u9019\u5176\u5be6\u4e5f\u6c92\u5206\u81fa\u7063\u6216\u671f\u4ed6\u570b\u5bb6\u55ae\u7d14\u770b\u4f60\u51fa\u8072\u5728\u4ec0\u9ebc\u5bb6\u5ead",
            "likeCount": 0
        },
        {
            "reply_id": "UgywjeIrFrAPVDL6hH94AaABAg",
            "reply_content": "\u4e9e\u6d32\u7684\u5c0f\u5b69 \u66f4\u5c0f\u7bc4\u570d\u4f86\u8aaa \u53f0\u7063\u8ddf\u4e2d\u570b\u7684\u5c0f\u5b69\u5c31\u662f\u7236\u6bcd\u88ab\u5404\u7a2e\u7406\u7531\u7e8f\u7e5e\u5f8c\u7d50\u5a5a\u70ba\u4e86\u6027\u611b\u5feb\u611f\u53ca\u6b63\u78ba\u7684\u793e\u6703\u884c\u70ba\u6240\u5275\u9020\u51fa\u4f86\u7684\u8ca0\u7522\u7269",
            "likeCount": 0
        },
        {
            "reply_id": "Ugz9cqdzE27ivXulm4t4AaABAg",
            "reply_content": "\u770b\u4e86\u5f88\u96e3\u904e \u5982\u679c\u6bcf\u500b\u4e9e\u6d32\u7236\u6bcd\u90fd\u5c0d\u81ea\u5df1\u7684\u5c0f\u5b69\u9019\u9ebc\u71b1\u60c5\u7684\u611b \u5927\u6982\u5c31\u4e0d\u6703\u5fc3\u7406\u75be\u75c5\u9019\u9ebc\u591a\u4e86",
            "likeCount": 0
        },
        {
            "reply_id": "Ugwcf1PRpcDuuDib68V4AaABAg",
            "reply_content": "\u4e0d\u77e5\u9053\u7684\u90fd\u6703\u4ee5\u70ba\n\u53f0\u7063\u5bb6\u9577\u61c9\u8a72\u8d85\u7d1a\u75db\u6068\u4ed6\u5011\u5c0f\u5b69",
            "likeCount": 0
        },
        {
            "reply_id": "UgzhlgrQnJ3LCFUPmup4AaABAg",
            "reply_content": "\u6211\u8eab\u908a\u883b\u591a\u81fa\u7063\u7236\u6bcd\u5c0d\u5c0f\u5b69\u5f88\u6709\u611b\u7684\u5bb6\u5ead\uff0c\u8a8d\u771f\u89ba\u5f97\u9019\u4e00\u4ee3\u7684\u7236\u6bcd\u6539\u8b8a\u5f88\u591a\u54c8\u54c8",
            "likeCount": 3
        },
        {
            "reply_id": "Ugw1tq1r6lD6gZWnqIF4AaABAg",
            "reply_content": "\u591a\u6578\u4e0a\u4e00\u4ee3\u7684\u7236\u6bcd\u4e0d\u53ea\u4e0d\u6703\u8868\u793a\u611b\uff0c\u9084\u53ea\u6703\u8ddf\u5c0f\u5b69\u62b1\u6028\u70ba\u4e86\u990a\u4ed6\u5011\u6709\u591a\u8f9b\u82e6\uff0c\u6700\u597d\u6709\u624b\u6709\u8173\u5c31\u53ef\u4ee5\u958b\u59cb\u6276\u990a\u4ed6\u5011\u4e86",
            "likeCount": 2
        },
        {
            "reply_id": "Ugy6b2knes74_BhK4h54AaABAg",
            "reply_content": "\u53ea\u6709\u6253\u7f75\u8ddf\u60c5\u7dd2\u52d2\u7d22\n\u6211\u5c0d\u7ae5\u5e74\u56de\u61b6\u88e1\u6c92\u6709\u534a\u9ede\u5bb6\u7684\u611f\u89ba",
            "likeCount": 1
        },
        {
            "reply_id": "UgzyrjM3q9xzym-jOmR4AaABAg",
            "reply_content": "\u83ef\u4eba\u7684\u89aa\u60c5\u662f\u8907\u96dc\u3001\u96b1\u6666\u4e14\u6709\u90a3\u9ebc\u4e00\u9ede\u5f14\u8a6d\u7684",
            "likeCount": 1
        },
        {
            "reply_id": "UgycH8NxCWl9bHpDtxJ4AaABAg",
            "reply_content": "\u73fe\u5728\u7684\u5e74\u8f15\u4e00\u4ee3\u7684\u7236\u6bcd\u90fd\u5728\u6539\u8b8a\u4e2d\uff0c\u6240\u4ee5\u6c92\u6709\u50cf\u4e4b\u524d\u90a3\u6a23\u7684\u6559\u80b2\u65b9\u5f0f",
            "likeCount": 0
        }
    ]
}