{
    "video_info": {
        "id": "tmb7NmiaQUM",
        "channelTitle": "Ku's dream\u9177\u7684\u5922-",
        "title": "\ud83d\udc02\u5403\u5230\u725b\u6dda\uff01\ud83c\uddeb\ud83c\uddf7\u6cd5\u570b\u4eba\u74b0\u5cf6\u5403\u720619\u7897\u8d85\u53f0\u725b\u8089\u9eb5\uff1f\uff01\ud83e\udd29Finding the Best Beef Noodle in Taiwan!",
        "description": "\u4f86\u53f0\u7063\u7684\u5916\u570b\u4eba\u6700\u559c\u6b61\u7684\u7f8e\u98df\u4e2d\n\u725b\u8089\u9eb5\u61c9\u8a72\u662f\u6578\u4e00\u6578\u4e8c\u7684\ud83c\udf5c\n\u6240\u4ee5\u6211\u5011\u53bb\u53f0\u7063\u6bcf\u4e00\u500b\u7e23\u5e02\u627e\u5168\u53f0\u7063\u6700\u597d\u5403\u7684\u4e00\u7897\u725b\u8089\u9eb5\ud83d\udc02\n\u5927\u5bb6\u5403\u904e\u6700\u597d\u5403\u7684\u662f\u54ea\u4e00\u9593\u5462\uff1f\n\u6211\u5011\u4e5f\u6709\u53bb\u54031\u842c\u584a\u7684\u725b\u8089\u9eb5\nCP\u503c\u4e0d\u9ad8\n\u4f46\u771f\u7684\u5f88\u597d\u5403\ud83e\udd29\n\n\u5f71\u7247\u7d20\u6750\u4f86\u6e90\uff1a\n\ufe0f\nhttps://www.youtube.com/watch?v=RNLZHxniDAc&ab_channel=%E6%9D%B1%E6%A3%AE%E6%96%B0%E8%81%9ECH51\n\nhttps://www.youtube.com/watch?v=izLpF0G5hiM&ab_channel=%E4%B8%AD%E6%99%82%E6%96%B0%E8%81%9E%E7%B6%B2\n\nhttps://youtu.be/2d-ce7GGc30?si=qbCAUio3eQXoIg5D\n\nhttps://youtu.be/hT9ynqdJ13o?si=pM5ilu3TfjblAERE",
        "likeCount": "25298",
        "commentCount": "2477",
        "viewCount": "1210886"
    },
    "comments": [
        {
            "reply_id": "Ugwf0ImSoX91L7ZVnFF4AaABAg",
            "reply_content": "\u90a3\u500b\u8001\u95c6\u8ddf\u963f\u5b24\u771f\u662f\u592a\u597d\u7b11\u4e86",
            "likeCount": 1
        },
        {
            "reply_id": "Ugwvxa5egtR_DDQ_2zl4AaABAg",
            "reply_content": "\u5176\u5be6\u53f0\u4e2d\u6211\u6703\u53bb\u5403\u5f35\u5bb6\u9eb5\u9928",
            "likeCount": 0
        },
        {
            "reply_id": "UgzG4g2qXuxkOkq_Ok94AaABAg",
            "reply_content": "\u5bcc\u5b8f\u6c92\u8a66\u8a66\u684c\u4e0a\u7684\u725b\u6cb9\u8ddf\u849c\u982d\u5be6\u5728\u53ef\u60dc\u4e86",
            "likeCount": 0
        },
        {
            "reply_id": "UgwEwObLibf3B6Yonhl4AaABAg",
            "reply_content": "\u8001\u8463\u5496\u54e9\u725b\u8089\u7d30\u7c89\u4e5f\u8d85\u597d\u5403\u7684",
            "likeCount": 0
        },
        {
            "reply_id": "Ugyu3WgcD5bs0mhSMuh4AaABAg",
            "reply_content": "\u600e\u9ebc\u90fd\u6c92\u4eba\u5403\u4e94\u661f\u7d1a\u98ef\u5e97\u725b\u8089\u9eb5",
            "likeCount": 0
        },
        {
            "reply_id": "UgxbI0cPMNJxJra3OI54AaABAg",
            "reply_content": "\u53f0\u4e2d\u725b\u8089\u9eb5\u597d\u5403\u7684\u5f88\u591a\uff0c\u73fe\u5728\u8c37\u6b4c\u8a55\u8ad6\u771f\u7684\u53c3\u8003\u53c3\u8003",
            "likeCount": 0
        },
        {
            "reply_id": "UgzHqhJW7ZDL_MMMDql4AaABAg",
            "reply_content": "\u7f8e\u6771\u65b9\u7684\u53e3\u5473\u6709\u9ede\u50cf\u4ee5\u524d\u8f14\u4ec1\u5927\u5b78\u65c1\u908a\u7684\u7f8e\u81b3\u725b\u8089\u9eb5\n\u4f46\u7f8e\u81b3\u5df2\u6b47\u696d",
            "likeCount": 0
        },
        {
            "reply_id": "UgzakDnjrc49QnpzjMx4AaABAg",
            "reply_content": "\u65b0\u7af9\u7d55\u5c0d\u662f\u539a\u918d\u6700\u597d\u5403",
            "likeCount": 0
        },
        {
            "reply_id": "Ugw-em1v8wmY3ersOZV4AaABAg",
            "reply_content": "\u9ad8\u96c4\u5927\u725b\u4e0d\u662f\u6700\u597d\u5403\u7684",
            "likeCount": 0
        },
        {
            "reply_id": "UgzE-lFrgouDw1OlZQB4AaABAg",
            "reply_content": "\u8001\u8b1d\u725b\u8089\u9eb5\u4e0d\u503c\u90a3\u9ebc\u9ad8\u5206\uff0c\u5c08\u7a0b\u5f9e\u5f70\u5316\u904e\u53bb\u5403\u7d50\u679c\u5927\u5931\u6240\u671b\uff0c\u6bd4\u4e0d\u904e\u5f70\u5316\u7684\u8001\u5442\u725b\u8089\u9eb5\uff0c\u8001\u8b1d\u7684\u6c34\u9903\u5b8c\u5168\u8f38\u7d66\u5f70\u5316\u7684\u5927\u9678\u725b\u8089\u9eb5\u7684\u73fe\u5305\u624b\u5de5\u6c34\u9903",
            "likeCount": 0
        },
        {
            "reply_id": "Ugz0IxtlBZXDQ8u08KV4AaABAg",
            "reply_content": "\u91d1\u9580\u8001\u7239\u725b\u8089\u9eb5\u61c9\u8a72\u662f\u6c92\u756a\u8304\u5473\u5427\uff0c\u9084\u662f\u6211\u5473\u89ba\u8ddf\u55c5\u89ba\u58de\u4e86",
            "likeCount": 0
        },
        {
            "reply_id": "UgzbtRdJEjZnsWMOoMx4AaABAg",
            "reply_content": "\u805e\u9999\u662f\u5403\u7c97\u98fd\u4e0d\u662f\u5403\u597d\u5403\u7684\u554a\uff0c\u5f70\u5316\u6bd4\u5b83\u597d\u5403\u7684\u591a\u5982\u725b\u6bdb",
            "likeCount": 0
        },
        {
            "reply_id": "UgwT9QxXqFYEjCCiS4F4AaABAg",
            "reply_content": "\u9ad8\u96c4\u5de6\u71df\u8ecd\u6821\u8def\u6709\u4e00\u5bb6\u725b\u8089\u9eb5\u5c31\u5f88\u597d\u5403\u4e86\uff0c\u5916\u7701\u4eba\u958b\u7684",
            "likeCount": 0
        },
        {
            "reply_id": "UgxOqus50U1R-RHa0sl4AaABAg",
            "reply_content": "\u4e00\u76f4\u8b1b\u9177\u9177\u7684\u96d9\u95dc\u8a9e\u7684\u9177\u597d\u9177",
            "likeCount": 0
        },
        {
            "reply_id": "UgwPpTBpJdQG1BmjpQd4AaABAg",
            "reply_content": "\u90a3\u88e1\u627e\u4f86\u7537\u5e25\u5973\u7f8e\u7684\u6cd5\u570b\u4eba",
            "likeCount": 0
        },
        {
            "reply_id": "Ugz8oyz-SD4cAKzlOmt4AaABAg",
            "reply_content": "\u6211\u8b1d\u8b1d\u5c0d\u53f0\u7063\u7684\u5e73\u725b\u8089\u9eb5\u8a55\u8ad6\u6703\u5f88\u958b\u5fc3",
            "likeCount": 1
        },
        {
            "reply_id": "UgwfwZ9DswsLYCYv0dN4AaABAg",
            "reply_content": "\u6211\u5728\u6843\u5712\u6c38\u5ddd\u771f\u4e0d\u597d\u5403",
            "likeCount": 0
        },
        {
            "reply_id": "UgxIc3y1YXej5UTsZLl4AaABAg",
            "reply_content": "\u53f0\u5357\u725b\u8089\u9eb5\u771f\u7684\u4e0d\u80fd\u627e\u9019\u7a2e\u597d\u770b\u7684\u5e97\uff0c\u597d\u5403\u7684\u901a\u5e38\u90fd\u662f\u90a3\u7a2e\u5f88\u5bb6\u5e38\u7684\u5e97\u9762",
            "likeCount": 0
        },
        {
            "reply_id": "Ugy70vqSgBjegvPTTe94AaABAg",
            "reply_content": "\u53f0\u4e2d\u9084\u662f\u63a8\u63d0\u7763\u5e9c\u725b\u8089\u9eb5",
            "likeCount": 0
        },
        {
            "reply_id": "UgwcIwHIab3XxruLU7Z4AaABAg",
            "reply_content": "\u6843\u5712\u7684\u5143\u751f\u725b\u8089\u9eb5\u597d\u5403",
            "likeCount": 0
        }
    ]
}