{
    "video_info": {
        "id": "tNnykXeQIek",
        "channelTitle": "Ku's dream\u9177\u7684\u5922-",
        "title": "So-so=\u99ac\u99ac\u864e\u864e\uff1f\ud83e\udd14",
        "description": "",
        "likeCount": "8685",
        "commentCount": "273",
        "viewCount": "225823"
    },
    "comments": [
        {
            "reply_id": "UgxLOHOWbjhrnv3v9zJ4AaABAg",
            "reply_content": "\u99ac\u99ac\u864e\u864e\u7684\u7528\u6cd5\u5f88\u597d\u554a\uff0c\u4e0d\u53e3\u8a9e\u8a71\u4e0d\u6d41\u884c\u800c\u5df2",
            "likeCount": 7
        },
        {
            "reply_id": "UgxPJxwOt7wprB-UXSt4AaABAg",
            "reply_content": "\u99ac\u99ac\u864e\u864e\u611f\u89ba\u6bd4\u8f03\u63a5\u8fd1\u4e0d\u600e\u9ebc\u6a23\u7684\u610f\u601d",
            "likeCount": 0
        },
        {
            "reply_id": "Ugw0EPZk1M0f1f-5aP14AaABAg",
            "reply_content": "\u6211\u5f88\u5e38\u8aaa\u99ac\u99ac\u864e\u864e\u6b38\ud83e\udd23\u6211\u5011\u5bb6\u90fd\u883b\u5e38\u4f7f\u7528\u9019\u500b\u8a5e\u7684",
            "likeCount": 0
        },
        {
            "reply_id": "UgzBkLWQAUKKSvvz9vN4AaABAg",
            "reply_content": "\u99ac\u99ac\u864e\u864e\u6211\u9019\u751f\u53ea\u5728\u5169\u6d25\u52d8\u5409\u88e1\u9762\u807d\u904e",
            "likeCount": 0
        },
        {
            "reply_id": "UgxfiW0j-6cGfGNiSJ14AaABAg",
            "reply_content": "\u9019\u908a\u771f\u7684\u611f\u89ba\u5230\u82f1\u570b\u4eba\u548c\u7f8e\u570b\u4eba\u4e4b\u9593\u7684\u4e0d\u5408\uff0c\u5169\u908a\u90fd\u770b\u4e0d\u8d77\u5c0d\u65b9",
            "likeCount": 0
        },
        {
            "reply_id": "Ugy5e-0Y6-ygUMbNyMx4AaABAg",
            "reply_content": "\u9019\u8981\u554f\u6211\u5011\u6559\u80b2\u90e8\u70ba\u751a\u9ebc\u8981\u9019\u6a23\u6559",
            "likeCount": 0
        },
        {
            "reply_id": "Ugwi74tqyWfslyTMgKR4AaABAg",
            "reply_content": "\u5f9e\u4f86\u6c92\u6709\u8aaa\u904e\u99ac\u99ac\u864e\u864e",
            "likeCount": 0
        },
        {
            "reply_id": "Ugx3Emci6PbjvlCZzQp4AaABAg",
            "reply_content": "\u60f3\u554f\u554f\u9019\u4f4d\u82f1\u570b\u4f86\u8cd3\u662f\u8ab0",
            "likeCount": 0
        },
        {
            "reply_id": "Ugy4Q_FQvNGfm48wA3h4AaABAg",
            "reply_content": "\u8a9e\u8a00\u7684\u76ee\u7684\u662f\u6e9d\u901a\u4e0d\u662f\u6587\u6cd5",
            "likeCount": 0
        },
        {
            "reply_id": "UgzBWgd3H0T6kAD_QtN4AaABAg",
            "reply_content": "\u53f0\u7063\u4eba\u6709\u4eba\u8b1b\u99ac\u99ac\u864e\u864e\u5594",
            "likeCount": 0
        },
        {
            "reply_id": "Ugy-PN6e_R6BlaPEJ3F4AaABAg",
            "reply_content": "\u5c0f\u670b\u53cb\u8dcc\u5012\u6642\u6703\u8aaa\u5abd\u5abd\u547c\u547c",
            "likeCount": 1524
        },
        {
            "reply_id": "UgxZs01CPoRRzQOPUap4AaABAg",
            "reply_content": "\u5176\u5be6\u8ddf\u4efb\u4f55\u570b\u5bb6\u7684\u4eba\u4e00\u6a23\uff0c\u719f\u6089\u7684\u6bcd\u8a9e\u5e73\u5e38\u5c0d\u8a71\u90fd\u5f88\u591a\u7c21\u5316\uff0c\u9084\u6709\u6587\u6cd5\u4e4b\u5916\u7368\u7279\u7684\u6d41\u884c\u7247\u8a9e\u6216\u8afa\u8a9e\uff0c\u5c0d\u4e0d\u719f\u6089\u7684\u5916\u8a9e\u5c31\u6703\u56b4\u8b39\u7684\u9075\u5b88\u6587\u6cd5\u5c0e\u81f4\u807d\u8d77\u4f86\u4e0d\u81ea\u7136",
            "likeCount": 16
        },
        {
            "reply_id": "Ugy9HNf4kAxCUjFc3WB4AaABAg",
            "reply_content": "\u99ac\u99ac\u864e\u864e\u56e0\u8a72\u5728\u8001\u4e00\u8f29\u7684\u53f0\u8a9e\u6bd4\u8f03\u5e38\u807d\u5230\u5427",
            "likeCount": 15
        }
    ]
}