{
    "video_info": {
        "id": "U0F2zAD01z0",
        "channelTitle": "Ku's dream\u9177\u7684\u5922-",
        "title": "\ud83d\ude28\u9023\u53f0\u7063\u4eba\u90fd\u50bb\u773c\uff1f\uff01\u5b8c\u5168\u807d\u4e0d\u61c2\u7684\u53f0\u7063\u7d93\u5178\u5ee3\u544a\uff01\uff1fft. @lynnwu0219 @594blackdragon @Tw-Universe",
        "description": "\u5927\u5bb6\u559c\u6b61\u7684\u4e2d\u6587\u6311\u6230\u7cfb\u5217\u56de\u4f86\u4e86\uff01\n\n\u9019\u6b21\u6211\u5011\u4e0d\u53ea\u6b61\u8fce\u7b2c\u4e8c\u500b\u53f0\u7063\u4f86\u8cd3@lynnwu0219  \u4e5f\u8acb\u4e86@Tw-Universe \u7684\u9ed1\u9f8d\u9ed1\u725b\u8ddf\u5609\u660e\n\u9019\u96c6\u7d55\u5c0d\u662f\u6709\u53f2\u4ee5\u4f86\u6700\u5435\u7684\u9304\u5f71 \u5f71\u7247\u97f3\u91cf\u8a18\u5f97\u8abf\u597d\uff5e \u8ddf\u6211\u5011\u4e00\u8d77\u6311\u6230\u5427\ud83d\ude0c\n\n\u5609\u660e\u7684IG:\ud83c\uddec\ud83c\uddf2\nhttps://www.instagram.com/el_maaha1official/\n\u9ed1\u725b\u7684IG:\ud83c\uddec\ud83c\uddf2\nhttps://www.instagram.com/fatty_bamba/",
        "likeCount": "24564",
        "commentCount": "1305",
        "viewCount": "804989"
    },
    "comments": [
        {
            "reply_id": "UgzwomNZd5jLjuE-cyx4AaABAg",
            "reply_content": "\u53ef\u4ee5\u9080\u6211\u53bb\u6211\u4e5f\u662f\u53f0\u7063\u4eba",
            "likeCount": 1
        },
        {
            "reply_id": "Ugz4CAeo8i_Na_fZ4lx4AaABAg",
            "reply_content": "\u7adf\u7136\u6709\u90a3\u500b\u8cf4\u6e05\u5fb7\u7684\u6b63\u89e3",
            "likeCount": 0
        },
        {
            "reply_id": "UgwgGRkj_eGOVNTZtWV4AaABAg",
            "reply_content": "\u6211\u4ee5\u70ba\u771f\u641e\u7b11\u662f\u4f60\u597d\u9a37",
            "likeCount": 0
        },
        {
            "reply_id": "UgwvB1QE8n8EW2-kX-R4AaABAg",
            "reply_content": "\u8b1d\u8b1d\u539f\u4f86\u6211\u7684\u6bcd\u8a9e\u4e0d\u662f\u4e2d\u6587",
            "likeCount": 0
        },
        {
            "reply_id": "UgyAGEq0lGhLq5JwmHV4AaABAg",
            "reply_content": "\u6700\u5f8c\u4e00\u500b\u6211\u4ee5\u70ba\u662f\u8cf4\u6e05\u5fb7\u6b38",
            "likeCount": 0
        },
        {
            "reply_id": "Ugz4Kd2JZIDzlx74xz14AaABAg",
            "reply_content": "\u746a\u8389\u4e9e\u90a3\u500b\u61c9\u8a72\u4e16\u4e0a\u6c92\u4eba\u807d\u5f97\u51fa\u4f86\u5427\u54c8\u54c8\u54c8",
            "likeCount": 3
        },
        {
            "reply_id": "UgwME_5YPRRUgZoxRyl4AaABAg",
            "reply_content": "\u746a\u5229\u4e9e\u7684\u5ee3\u544a\u6211\u76f4\u63a5\u7a7a\u8033\u807d\u8166\u5167\u81ea\u52d5\u5e6b\u6211\u6574\u7406\u51fa\uff1a\u8209\u8d77\u4f60\u7684\u7f85\u5927\u4f51",
            "likeCount": 1
        },
        {
            "reply_id": "UgzGS3_XP9cgn_Qce2J4AaABAg",
            "reply_content": "\u771f\u7684\u6703\u88ab\u963f\u90e8\u7b11\u6b7b\u7b11\u6b7b",
            "likeCount": 1
        },
        {
            "reply_id": "Ugxbuxgs2S4rYruXPvF4AaABAg",
            "reply_content": "\u559c\u6b61\u5473\u9053\u4f46\u9084\u662f\u4e0d\u559c\u6b61\u5403\u5594\u828b\u982d\u6d3e",
            "likeCount": 0
        },
        {
            "reply_id": "UgzThgPu_Sk93zPBTPJ4AaABAg",
            "reply_content": "\u7b2c\u4e8c\u984c\u5c0d\u592e\u592e\u4f86\u8aaa\u8ddf\u9001\u5206\u6c92\u5dee\u5225\uff0c\u96d6\u7136\u592e\u592e\u62cd\u7684\u662f\u7c89\u718a\u8c93\u7684\u5ee3\u544a",
            "likeCount": 0
        },
        {
            "reply_id": "UgxKYlHRCNpK6S0qvXd4AaABAg",
            "reply_content": "\u6211\u7d42\u65bc\u77e5\u9053\u70ba\u4ec0\u9ebc\u53f0\u7063\u662f\u5c11\u6578\u6703\u4e0a\u5b57\u5e55\u7684\u570b\u5bb6\u4e86\ud83d\ude02",
            "likeCount": 0
        },
        {
            "reply_id": "UgzSWgJpNQ4mwNgVuzV4AaABAg",
            "reply_content": "\u96d6\u7136\u9019\u96c6\u5f88\u597d\u7b11\n\u4f46\u662f\u9019\u4e9b\u5ee3\u544a\u6c92\u6709\u5b57\u5e55\u771f\u7684\u4e0d\u77e5\u9053\u5728\u8aaa\u4ec0\u9ebc",
            "likeCount": 0
        },
        {
            "reply_id": "UgydkinUl2f7Lnf4Wwd4AaABAg",
            "reply_content": "\u963f\u6bdb\u597d\u6b63\u597d\u60f3\u8ffd\u554a\u554a\u554a\u554a\u554a\u554a",
            "likeCount": 0
        },
        {
            "reply_id": "Ugyjr2359rGu0H5jPj14AaABAg",
            "reply_content": "\u6c34\u679c\u51b0\u6dc7\u6dcb\u627e\u5531\u4e0d\u6e05\u695a\u90a3\u7248\u597d\u73a9\uff0c\u5176\u5be6\u73fe\u5728\u7684\u6c34\u679c\u51b0\u6dc7\u6dcb\u5531\u7684\u975e\u5e38\u6a19\u6e96\u53c8\u6e05\u695a",
            "likeCount": 0
        },
        {
            "reply_id": "UgyDFysfwgo0iCjHNCZ4AaABAg",
            "reply_content": "\u53ef\u4ee5\u8003\u5357\u65b9\u516c\u5712\u7684\u4e2d\u6587\u914d\u97f3",
            "likeCount": 0
        },
        {
            "reply_id": "Ugwjo4Zv_5JbGYchiq14AaABAg",
            "reply_content": "\u4f5c\u70ba\u751f\u6d3b\u4e2d\u5e7e\u4e4e\u4e0d\u6703\u9047\u5230\u5c0f\u670b\u53cb\u7684\u4eba\uff0c\u6211\u89ba\u5f97\u4e0d\u7b97\u5468\u6770\u502b\u7684\u8a71\u5c0f\u670b\u53cb\u90a3\u984c\u6700\u96e3\ud83d\ude02\u5176\u4ed6\u7684\u90fd\u6709\u807d\u5230\u4e00\u5169\u500b\u95dc\u9375\u5b57\uff0c\u90a3\u984c\u662f\u4e00\u500b\u5b57\u90fd\u807d\u4e0d\u51fa\u4f86",
            "likeCount": 0
        },
        {
            "reply_id": "UgwCLXBDh1KR-JCp8M54AaABAg",
            "reply_content": "\u53ea\u6709\u6211\u89ba\u5f97\u5feb\u5230\u7684\u8b66\u5831\u8072\u5f88\u5f71\u97ff\u807d\u529b\u55ce",
            "likeCount": 0
        },
        {
            "reply_id": "UgwhThmzYfgxXvDGYl14AaABAg",
            "reply_content": "\u6700\u5f8c\u4e00\u984c\u807d\u8d77\u4f86\u5f88\u50cf\u8cf4\u6e05\u5fb7",
            "likeCount": 1
        },
        {
            "reply_id": "UgzkzdPKi8GupPm-J8R4AaABAg",
            "reply_content": "\u4e0d\u8981\u518d\u653e\u6c34\u7d66\u9ed1\u9f8d\u4e86 \u653e\u4ed6\u7684\u5ee3\u544a\u5c31\u662f\u504f\u8892\u4ed6\u554a",
            "likeCount": 0
        },
        {
            "reply_id": "UgwCAvSKQyvahkDPFxl4AaABAg",
            "reply_content": "\u90a3\u500b\u8b66\u793a\u7684\u63d0\u793a\u97f3\u5176\u5be6\u6703\u6709\u9ede\u5e72\u64fe",
            "likeCount": 0
        }
    ]
}