{
    "video_info": {
        "id": "uVBK-BeoayQ",
        "channelTitle": "Ku's dream\u9177\u7684\u5922-",
        "title": "\ud83e\udd5c\u82b1\u751f\u8c6c\u8173\u3001\u9ebb\u6cb9\u8c6c\u809d\ud83d\udc16\uff01\ud83c\uddeb\ud83c\uddf7\u6cd5\u570b\u4eba\u5403\u5b8c\u60f3\u518d\u61f7\u5b55\u7684\u53f0\u7063\u6708\u5b50\u9910\ud83e\udd30\uff01French MOMS try Taiwanese POST PARTUM FOOD",
        "description": "\u4e0a\u6b21\u76e7\u5361\u65af\u4f86\u53f0\u7063\u7684\u6642\u5019\u5403\u592a\u591a\u70b8\u96de \u4e0d\u5c0f\u5fc3\u5c31\u61f7\u5b55\u4e86\ud83e\udec3\ud83c\udf57\n\u904e\u4e869\u500b\u6708\u5f8c\u6211\u5011\u5728\u6cd5\u570b\u5e6b\u4ed6\u548c\u5176\u4ed6\u6cd5\u570b\u4eba\u6e96\u5099\u53f0\u7063\u7684\u6708\u5b50\u9910\ud83d\udc68\u200d\ud83c\udf7c\ud83c\udf72\ud83c\uddf9\ud83c\uddfc\n\u5927\u5bb6\u60f3\u770b\u6cd5\u570b\u4eba\u6709\u591a\u7fa8\u6155\u53f0\u7063\u4eba\u53ef\u4ee5\u770b\u4eca\u5929\u7684\u5f71\u7247\ud83e\udd29\n\n\u8b1d\u8b1d\u6cd5\u570b\u6700\u71b1\u8ce3\u7684Emma\u8d0a\u52a9\u4e86\u76e7\u5361\u65af\u6700\u65b0\u6b3e\u7684Hybrid \u7368\u7acb\u7b52\u5e8a\u588a\u3001\u5e8a\u67b6\u9084\u6709\u9ed1\u947d\u77f3\u8a18\u61b6\u6795\uff01\n\n\u5982\u679c\u5927\u5bb6\u4e5f\u60f3\u8981\u4e00\u5f35\u65b0\u7684\u5e8a\u588a\u6216\u6795\u982d\u7684\u8a71\u6b61\u8fce\u53bb\u770b\u4ed6\u5011\u7684\u7db2\u7ad9\n\n\ud83d\udecf\ufe0f\u96d911\u5168\u5e74\u6700\u4f4e\u50f9\uff0c\u6700\u4f4e\u4e94\u6298\u8d77\n\n\ud83d\udc49\u5fb7\u570bEmma\u5b98\u7db2\uff1ahttps://links.emma-sleep.com.tw/kudream10 (\u9ede\u9032\u7db2\u5740\u6703\u76f4\u63a5\u5e36\u5165\u6298\u6263\u78bc) \n\n\ud83d\udc49\u9177\u5c08\u5c6c9\u6298\u6298\u6263\u78bc\uff1akudream10\uff08\u5b98\u7db2\u6d3b\u52d5\u984d\u5916\u518d\u62539\u6298\uff01\uff09  \n\n#\u5fb7\u570bEmma #Emma\u5e8a\u588a #\u559a\u9192\u6700\u597d\u7684\u81ea\u5df1 #emma\u5e8a\u588a100\u65e5\u8a66\u7761 \n\n\n\n\u5f71\u7247\u7d20\u6750\u4f86\u6e90\uff1a\nhttps://youtu.be/j2OfRomLPsM?si=RRfiLRV4xeWoRlvU&t=45\nhttps://youtu.be/F9uyTxOuvkA?si=I-Wei-U7udtZv6-b&t=53\nhttps://youtu.be/uHVTKSPVtXA?si=TMZbsxWD-MEZaurc&t=74\n\nLocal Forecast - Slower by Kevin MacLeod\nhttps://filmmusic.io/song/3988-local-forecast---slower",
        "likeCount": "50268",
        "commentCount": "1888",
        "viewCount": "1355238"
    },
    "comments": [
        {
            "reply_id": "Ugyf9I7ewWAQhenhtKt4AaABAg",
            "reply_content": "\u6709\u6c92\u6709\u4eba\u89ba\u5f97\u9177\u9577\u7684\u50cf\u6885\u897f",
            "likeCount": 1
        },
        {
            "reply_id": "Ugw4MlRBT7TI0-i-MPx4AaABAg",
            "reply_content": "\u5bf6\u8c9d\u5152\u5b50\u6c38\u9060\u662f\u5abd\u5abd\u7684\u5fc3\u611b\u7b28\u5152\u5b50",
            "likeCount": 1
        },
        {
            "reply_id": "Ugx_RbHC4LLhwtMYiux4AaABAg",
            "reply_content": "\u4eba\u8518\u9019\u5473\u4e2d\u85e5\u6750\u5582\u6bcd\u4e73\u7684\u7522\u5a66\u8ddf\u5abd\u54aa\u662f\u4e0d\u80fd\u98df\u7528\u7684\uff0c\u5b83\u6703\u9020\u6210\u9000\u5976\u5594\u8981\u6ce8\u610f\u98df\u7528",
            "likeCount": 1
        },
        {
            "reply_id": "UgyPRrqMm2AuRQF0JBd4AaABAg",
            "reply_content": "\u6211\u8349\u9019\u96c6\u6211\u771f\u7684\u7121\u6cd5\u8a55\u8ad6\u4e00\u822c\u4eba\u6c92\u5403\u904e\u6708\u5b50\u9910",
            "likeCount": 0
        },
        {
            "reply_id": "UgwS-fgFXIvkqUaUeCp4AaABAg",
            "reply_content": "\u597d\u559c\u6b61\u99ac\u4e01\u548c\u5abd\u5abd\u7684\u4e92\u52d5\u54c8\u54c8\u54c8\u54c8",
            "likeCount": 0
        },
        {
            "reply_id": "UgxAcPn3e9TdDPDSBeN4AaABAg",
            "reply_content": "\u6cd5\u570b\u670b\u53cb\u5011\u5c0d\u6708\u5b50\u9910\u7684\u83dc\u8272\u63a5\u53d7\u5ea6\u883b\u9ad8\u7684\u6b38 \u958b\u5fc3\u4e14\u9a5a\u8a1d",
            "likeCount": 0
        },
        {
            "reply_id": "Ugx9Fj4H96GYtgKsY594AaABAg",
            "reply_content": "\u6240\u4ee5\u9177\u8981\u5e6b\u90a3\u4e9b\u6cd5\u570b\u5abd\u5abd\u61f7\u5b55\u518d\u8b93\u5979\u5011\u5403\u6708\u5b50\u9910\u55ce\ud83d\ude05",
            "likeCount": 0
        },
        {
            "reply_id": "UgyUjFGuGDCQ6qyMZ3J4AaABAg",
            "reply_content": "\u99ac\u4e01\u662f\u5abd\u5abd\u7684\u958b\u5fc3\u679c\uff0c\u5bb6\u88e1\u6709\u9019\u500b\u5b69\u5b50\u662f\u6b61\u6a02\u7684",
            "likeCount": 0
        },
        {
            "reply_id": "UgzRjSeXXYLg2vcQK3R4AaABAg",
            "reply_content": "\u99ac\u4e01\u5abd\u5abd\u611f\u89ba\u898b\u8b58\u5f88\u5ee3 \u6bcf\u6b21\u731c\u751a\u9ebc\u6771\u897f\u90fd\u53ef\u4ee5\u7b54\u5c0d",
            "likeCount": 0
        },
        {
            "reply_id": "UgwlKKJk2opSUS5o0Px4AaABAg",
            "reply_content": "\u99ac\u4e01\u5abd\u5df2\u7d93\u958b\u59cb\u61f7\u7591\u7576\u5e74\u7684\u6c7a\u5b9a\u662f\u5426\u6b63\u78ba\u4e86\ud83d\ude05",
            "likeCount": 0
        },
        {
            "reply_id": "UgziYiBxFHpHJllvi0N4AaABAg",
            "reply_content": "\u99ac\u4e01\u548c\u99ac\u4e01\u5abd\u5abd\u7684\u4e2d\u6587\u8d8a\u4f86\u8d8a\u6a19\u6e96\u53ef\u4ee5\u7b97\u662f\u8fd1\u4e4e\u5b8c\u7f8e\u4e86\uff0c\u5e0c\u671b\u4e4b\u5f8c\u99ac\u4e01\u4f86\u81fa\u6642\u99ac\u4e01\u5abd\u4e5f\u80fd\u4e00\u8d77\u540c\u884c",
            "likeCount": 14
        },
        {
            "reply_id": "Ugxw2pSZ6DZX3fgQ9IZ4AaABAg",
            "reply_content": "\u4f73\u5f6c\u597d\u5e25\u771f\u7684\u5f88\u559c\u6b61\u9177\u7684\u6cd5\u570b\u4eba\u7cfb\u5217",
            "likeCount": 6
        },
        {
            "reply_id": "Ugw2Wx5LQqvRKVC56394AaABAg",
            "reply_content": "\u99ac\u4e01\u7684\u5abd\u5abd\u4e00\u76f4\u5b9a\u5979\u5152\u5b50\u8d85\u597d\u7b11\u7684",
            "likeCount": 2
        },
        {
            "reply_id": "UgxVDZLZUenCskxnY8B4AaABAg",
            "reply_content": "\u901a\u5e38\u5230\u4e2d\u5f8c\u671f\u6708\u5b50\u9910\u6703\u8b8a\u6210\u7238\u7238\u7684\u9910\u9ede\uff0c\u56e0\u70ba\u5f9e\u7b2c\u4e8c\u500b\u79ae\u62dc\u958b\u59cb\u5abd\u5abd\u6703\u958b\u59cb\u8981\u6c42\u5403\u9ea5\u7576\u52de\u3001\u96de\u6392\u8ddf\u73cd\u5976",
            "likeCount": 2
        },
        {
            "reply_id": "Ugyesy6hAk_-X8iJCCV4AaABAg",
            "reply_content": "\u597d\u50cf\u9084\u6c92\u8b93\u4ed6\u5011\u5403\u904e\u9e7d\u9165\u96de \u5e0c\u671b\u6709\u6a5f\u6703\u80fd\u5206\u4eab\u7d66\u4ed6\u5011",
            "likeCount": 1
        },
        {
            "reply_id": "Ugxm5sOqqZgVg1aSvfx4AaABAg",
            "reply_content": "\u5982\u679c\u4e4b\u5f8c\u8981\u8b93\u99ac\u4e01\u4f86\u53f0\u7063\uff0c\u62dc\u8a17\u4e00\u5b9a\u8981\u8b93\u4ed6\u5abd\u5abd\u4e00\u8d77\u4f86\u54c8\u54c8\u54c8\u54c8",
            "likeCount": 0
        },
        {
            "reply_id": "UgzgH3MTwzoj_fP9zmx4AaABAg",
            "reply_content": "\u99ac\u4e01\u8ddf\u4ed6\u5abd\u5abd\u7684\u4e92\u52d5\u771f\u7684\u5f88\u6709\u559c\u611f",
            "likeCount": 0
        },
        {
            "reply_id": "Ugy9kOmW10RQythwasV4AaABAg",
            "reply_content": "\u6cd5\u570b\u4eba\u771f\u7684\u5f88\u61c2\u5403\u8036\uff0c\u78b0\u5230\u6c92\u9047\u904e\u7684\u98df\u6750\u4e5f\u4e0d\u6703\u6015\u6015\u7684",
            "likeCount": 1
        },
        {
            "reply_id": "Ugz4Yx0IqO3jteNb7md4AaABAg",
            "reply_content": "\u5f88\u68d2\u7684\u55ae\u5143\uff0c\u8b93\u5916\u570b\u4eba\u4e5f\u80fd\u4e86\u89e3\u53f0\u7063\u4eba\u5750\u6708\u5b50\u7684\u6982\u5ff5",
            "likeCount": 1
        },
        {
            "reply_id": "UgxuZqvuOGBv63F-Dcd4AaABAg",
            "reply_content": "\u975e\u5e38\u559c\u6b61\u9019\u985e\u578b\u7684\u984c\u6750",
            "likeCount": 1
        }
    ]
}