{
    "video_info": {
        "id": "X3EI6PEhdlM",
        "channelTitle": "Ku's dream\u9177\u7684\u5922-",
        "title": "\u53f0\u5f0f\u82f1\u6587\u9084\u662f\u6700\u6a19\u6e96\u7684\u5566\ud83d\ude07",
        "description": "",
        "likeCount": "38976",
        "commentCount": "477",
        "viewCount": "794741"
    },
    "comments": [
        {
            "reply_id": "UgzlYvWJ7kj1-GLW_jp4AaABAg",
            "reply_content": "\u554f\u984c\u662f\u5f88\u591a\u5916\u570b\u4eba\u8b1b\u4e2d\u6587\u53e3\u97f3\u4e5f\u5f88\u91cd",
            "likeCount": 0
        },
        {
            "reply_id": "UgyarhxCSUyISkJiEDB4AaABAg",
            "reply_content": "\u9019\u7a2e\u4e8b\u53bb\u65e5\u672c\u4e5f\u53ef\u5f88\u6df1\u7684\u9ad4\u8a8d\u5230\uff0c\u4ed6\u5011\u53ea\u807d\u5f97\u61c2\u548c\u5f0f\u82f1\u6587",
            "likeCount": 0
        },
        {
            "reply_id": "UgxMGIP2XnTnulRid654AaABAg",
            "reply_content": "\u9019\u6bb5\u4e0d\u7ba1\u770b\u5e7e\u6b21\u90fd\u597d\u597d\u7b11",
            "likeCount": 0
        },
        {
            "reply_id": "Ugwf8_f41p6voLArAaB4AaABAg",
            "reply_content": "\u6709\u6642\u5019\u53f0\u662f\u82f1\u8a9e\u6709\u6642\u5019\u662f\u500b\u5f0a\u7aef\u4e5f\u662f\u500b\u958b\u7aef\ud83d\ude02",
            "likeCount": 2
        },
        {
            "reply_id": "UgwoRFyMFe80ucsPwfR4AaABAg",
            "reply_content": "\u53f0\u7063\u82f1\u6587\u6c92\u5728\u6372\u820c\u7684\u5566",
            "likeCount": 0
        },
        {
            "reply_id": "UgysvnlV4klT4AXlZX14AaABAg",
            "reply_content": "\u6700\u5f8c\u4e00\u6b21\u6211\u5f88\u6e05\u695a\u77e5\u9053\u4f60\u8aaa\u7684",
            "likeCount": 0
        },
        {
            "reply_id": "Ugw9MAcvccDZVQYkGpt4AaABAg",
            "reply_content": "\u4f60\u5b78\u5230\u53f0\u5ba2\u82f1\u8a9e\u767c\u97f3\u7684\u7cbe\u9ad3\u4e86",
            "likeCount": 24
        },
        {
            "reply_id": "UgxnO19t-uKO1sUpYuV4AaABAg",
            "reply_content": "\u6211\u53ef\u4ee5\u5728\u54ea\u88e1\u807d\u5b8c\u6574\u7248",
            "likeCount": 5
        },
        {
            "reply_id": "UgyAhxOqhSJJ1XvKpzV4AaABAg",
            "reply_content": "\u70ba\u4ec0\u9ebc\u82f1\u570b\u53d4\u53d4\u4e00\u958b\u59cb\u8aaa\u7684\u50cf\u5c71\u6771\u8154",
            "likeCount": 0
        },
        {
            "reply_id": "UgwVMm3m59NaU5Ab09p4AaABAg",
            "reply_content": "\u54c8\u54c8\u54c8\u54c8\u54c8\u54c8\u54c8\u54c8\u54c8\u54c8\u54c8\u54c8\u54c8\u54c8\u54c8",
            "likeCount": 0
        },
        {
            "reply_id": "UgyULfRedLPUImbmwSF4AaABAg",
            "reply_content": "\u662f\u4e0d\u662f\u627f\u8a8d\u4e86\u53f0\u5f0f\u6bd4\u8f03\u6e05\u695a",
            "likeCount": 0
        },
        {
            "reply_id": "UgzrrnwgK_skFYrQNiF4AaABAg",
            "reply_content": "\u82f1\u570b\u53d4\u53d4\u7c21\u76f4\u8a9e\u6587\u5929\u624d",
            "likeCount": 0
        },
        {
            "reply_id": "Ugw7POlw2RDsjnlXOht4AaABAg",
            "reply_content": "\u81fa\u7063\u4eba\u4e5f\u5f88\u611b\u7528\u82f1\u6587\u8154\u8ddf\u5916\u570b\u4eba\u8b1b\u4e2d\u6587",
            "likeCount": 0
        },
        {
            "reply_id": "UgxmECmw4_vJniP8XkN4AaABAg",
            "reply_content": "\u54c8\u54c8\u54c8\u54c8\u54c8\u54c8\u54c8\u54c8\u54c8\u54c8",
            "likeCount": 0
        },
        {
            "reply_id": "UgwaQfMHKCu1W0Mpc3B4AaABAg",
            "reply_content": "\u6211\u8a18\u5f97\u97d3\u570b\u4eba\u4e5f\u662f\u4f60\u6c92\u6709\u7528\u97d3\u5f0f\u767c\u97f3\u5ff5\u82f1\u6587\u5b57\u6bcd\u4ed6\u5011\u807d\u4e0d\u61c2\ud83d\ude02",
            "likeCount": 9
        },
        {
            "reply_id": "UgwD0BsPRvmal3D_0Jp4AaABAg",
            "reply_content": "\u5e79\u5feb\u7b11\u6b7b\u54c8\u54c8\u54c8\u54c8\u54c8\u54c8\u54c8",
            "likeCount": 2
        }
    ]
}