{
    "video_info": {
        "id": "YGtZKps6uj0",
        "channelTitle": "Ku's dream\u9177\u7684\u5922-",
        "title": "\u53f0\u7063\u7537\u751f\u8d70\u8def\u4e0d\u6562\u727d\u624b\uff1f\ud83d\ude33",
        "description": "",
        "likeCount": "9791",
        "commentCount": "153",
        "viewCount": "247123"
    },
    "comments": [
        {
            "reply_id": "UgwoRk-LvxhWkUMSrpR4AaABAg",
            "reply_content": "\u53f0\u7063\u8d85\u6fd5\u8d85\u5bb9\u6613\u6d41\u6c57\uff0c\u6709\u6642\u5019\u90fd\u662f\u624b\u6c57\u95dc\u4fc2\u4e0d\u727d\u624b",
            "likeCount": 1020
        },
        {
            "reply_id": "UgzXjJWer0MYu-luwqx4AaABAg",
            "reply_content": "\u6211\u600e\u9ebc\u5e38\u5728\u8def\u4e0a\u770b\u5230\u4e00\u5806\u645f\u645f\u62b1\u62b1\u7684\u5e74\u8f15\u4eba",
            "likeCount": 345
        },
        {
            "reply_id": "UgxShF5CqGSlwUg85Vh4AaABAg",
            "reply_content": "\u5982\u679c\u6211\u6c92\u6709\u624b\u6c57\u6211\u7684\u624b\u6703\u548c\u5c0d\u65b9\u9ecf\u8457",
            "likeCount": 46
        },
        {
            "reply_id": "Ugy6FNQOHQbMJKQJwxp4AaABAg",
            "reply_content": "\u6211\u5148\u751f\u5f9e\u4f86\u4e0d\u727d\u6211\u7684\u624b\u8d70\u8def\uff0c\u6709\u4e00\u5929\u6211\u5fc3\u8840\u4f86\u6f6e\u5728\u8d70\u8def\u7684\u6642\u5019\u6211\u624b\u53bb\u727d\u8457\u6211\u5148\u751f\u7684\u624b\u7d50\u679c\u4ed6\u5687\u4e00\u8df3\u99ac\u4e0a\u628a\u6211\u7684\u624b\u7529\u958b\uff0c\u6211\u771f\u662f\u6c23\u4e5f\u4e0d\u662f\u4e0d\u6c23\u4e5f\u4e0d\u662f",
            "likeCount": 30
        },
        {
            "reply_id": "Ugy_gcyqoiUBFcZaGmF4AaABAg",
            "reply_content": "\u56e0\u70ba\u53f0\u7063\u7537\u4eba\u9019\u6a23\u554f\n\u63a5\u4e0b\u4f86\u5c31\u662f\u53bb\u8b66\u5bdf\u5c40\u4e86",
            "likeCount": 14
        },
        {
            "reply_id": "UgyY-Vp5ZcXT9X7AvIJ4AaABAg",
            "reply_content": "\u5728\u53f0\u7063\u8981\u500b\u806f\u7d61\u65b9\u5f0f\u90fd\u6703\u88ab\u544a\u6027\u9a37\u64fe",
            "likeCount": 7
        },
        {
            "reply_id": "Ugz8UOIovvJNPuUrZdF4AaABAg",
            "reply_content": "\u5c0d\u6211\u4f86\u8aaa\u5728\u5916\u9762\u4e0d\u727d\u624b\u662f\u56e0\u70ba\u6015\u7d66\u5225\u4eba\u5c37\u5c2c\uff0c\u800c\u4e14\u6709\u4e86\u96d9\u624b\u4e5f\u80fd\u5f88\u597d\u4fdd\u8b77\u7684\u4fdd\u8b77\u53e6\u4e00\u4f34\uff0c\u5979\u4e5f\u80fd\u7406\u89e3",
            "likeCount": 5
        },
        {
            "reply_id": "UgyelGpXPjXMo3oo0C14AaABAg",
            "reply_content": "\u8f15\u610f\u80a2\u9ad4\u4e0a\u7684\u63a5\u89f8\u5c31\u6703\u88ab\u544a",
            "likeCount": 5
        },
        {
            "reply_id": "Ugz-61U4OQeL2RPuRdh4AaABAg",
            "reply_content": "\u56e0\u70ba\u5728\u53f0\u7063\u592a\u65e9\u8868\u660e\u5fc3\u610f\u90fd\u88ab\u5973\u751f\u7576\u6210\u53ef\u6015\u7684\u4eba",
            "likeCount": 1
        },
        {
            "reply_id": "Ugzm1DAX4JCrlxA_wzl4AaABAg",
            "reply_content": "\u6211\u6703\u4e0d\u60f3\u727d\u662f\u56e0\u70ba\u7537\u751f\u624b\u6478\u8d77\u4f86\u50cf\u83dc\u74dc\u5e03\uff0c\u51ac\u5929\u5bd2\u6d41\u53ef\u80fd\u6703\u60f3\u727d\uff0c\u590f\u5929\u6703\u6d41\u624b\u6c57\u771f\u7684\u4e0d\u6703\u60f3\u727d",
            "likeCount": 1
        },
        {
            "reply_id": "UgzatUKhlIjT8bZ_bId4AaABAg",
            "reply_content": "\u53f0\u7063\u7537\u5973\u727d\u624b\u6c92\u4ec0\u9ebc\u554a",
            "likeCount": 0
        },
        {
            "reply_id": "UgxrDgDpAwr8DnOeSox4AaABAg",
            "reply_content": "\u4e0d\u8981\u628a\u4f60\u7684\u5149\u9583\u778e\u4f60\u5468\u570d\u7684\u55ae\u8eab\u72d7",
            "likeCount": 0
        },
        {
            "reply_id": "UgyzbnIZsh-BoTMuv094AaABAg",
            "reply_content": "\u53f0\u7063\u7537\u751f\u4e0d\u80fd\u592a\u65e9\u8868\u73fe\u5c0d\u5973\u751f\u6709\u8208\u8da3\u4e0d\u7136\u5f88\u5bb9\u6613\u88ab\u5973\u751f\u53cd\u611f\u6216\u88ab\u4e1f\u9032\u670b\u53cb\u5340\uff08\u9577\u5f97\u5e25\u6211\u5c31\u4e0d\u77e5\u9053\u4e86",
            "likeCount": 0
        }
    ]
}