{
    "video_info": {
        "id": "Z8hTda_OOR4",
        "channelTitle": "Ku's dream\u9177\u7684\u5922-",
        "title": "\u770b\u5f97\u6709\u4e00\u9ede\u4e0d\u8607\u670d\ud83d\ude14",
        "description": "",
        "likeCount": "10601",
        "commentCount": "216",
        "viewCount": "248795"
    },
    "comments": [
        {
            "reply_id": "Ugx6apHIdMyHjTfVOJ54AaABAg",
            "reply_content": "\u6211\u662f\u6709\u807d\u904e\u4e00\u500b\u7b11\u8a71\uff0c\u6709\u4e00\u500b\u5abd\u5abd\u53bb\u8cea\u554f\u82f1\u6587\u8001\u5e2b\u8aaa\u90fd\u6c92\u628a\u5152\u5b50\u82f1\u6587\u6559\u597d\uff0c\u4ed6\u5152\u5b50\u56de\u53bb\u90fd\u770b\u4e0d\u61c2\uff0c\u7d50\u679c\u5f8c\u4f86\u624d\u767c\u73fe\u4ed6\u5b78\u82f1\u6587\u5979\u5abd\u53eb\u4ed6\u5011\u770b\u8d8a\u5357\u6587",
            "likeCount": 0
        },
        {
            "reply_id": "UgxcxXlW8OY9hdOsktJ4AaABAg",
            "reply_content": "\u86e4\u53ef\u662f\u4e00\u822c\u4eba\u61c9\u8a72\u53cd\u61c9\u5f97\u904e\u4f86\u8001\u5e2b\u5728\u8b1b\u5565\u5427",
            "likeCount": 0
        },
        {
            "reply_id": "UgwNt5PytNjFNtWLji94AaABAg",
            "reply_content": "\u5abd\u5abd\u5dee\u9ede\u4e5f\u60f3\u4e00\u5c0d\u4e00\u6559\u5b78\u4e86",
            "likeCount": 0
        },
        {
            "reply_id": "UgzY3QshsBv85sGeOOh4AaABAg",
            "reply_content": "\u63db\u5abd\u5abd\u5e6b\u82f1\u6587\u8001\u5e2b\u627e\u4e2d\u6587\u5bb6\u6559\u4e86",
            "likeCount": 0
        },
        {
            "reply_id": "Ugzk6FVzTT5Lq1j_9VJ4AaABAg",
            "reply_content": "\u6211\u6bd4\u8f03\u597d\u5947\u5abd\u5abd\u6709\u6c92\u6709\u807d\u61c2\u6700\u5f8c\u90a3\u53e5\u82f1\u6587",
            "likeCount": 0
        },
        {
            "reply_id": "UgxbAEz0J3ErQ2Wdbgh4AaABAg",
            "reply_content": "\u597d\u96aa\u4e0d\u662f\u8aaa\u4ed6\u5728\u6211\u7684\u8ab2\u5f88\u4eab\u53d7",
            "likeCount": 0
        },
        {
            "reply_id": "UgxcDaxQ6tDyMmXkIs14AaABAg",
            "reply_content": "\u9019\u5169\u500b\u8a5e\u5dee\u7570\u771f\u7684\u5f88\u5927\uff0c\u6211\u53cd\u800c\u89ba\u5f97\u82f1\u6587\u53ef\u4ee5\u628a\u5dee\u7570\u5f88\u5927\u7684\u8a5e\u7528\u540c\u4e00\u500b\u55ae\u5b57\u5f88\u795e\u5947",
            "likeCount": 432
        },
        {
            "reply_id": "UgxsCkDTSkn1Dcq2yCZ4AaABAg",
            "reply_content": "\u5dee\u9ede\u5c31\u8981\u4e0a\u8b66\u5c40\u4e86\u54c8\u54c8",
            "likeCount": 83
        },
        {
            "reply_id": "UgyGihGs1mrsZgFbXtN4AaABAg",
            "reply_content": "\u6c92\u88ab\u8b66\u5bdf\u8acb\u53bb\u559d\u8336\u771f\u662f\u5e78\u904b",
            "likeCount": 2
        }
    ]
}