{
    "channel": {
        "title": "\u932b\u862dCeylan",
        "id": "UCVjmBo22Mimyc4NR4Nz89MA",
        "customUrl": "@xilanceylan",
        "uploads": "UUVjmBo22Mimyc4NR4Nz89MA"
    },
    "videos": [
        {
            "id": "AaLEJ-OHRX8",
            "title": "\u6211\u540c\u610f\u71b1\u7092\u5e97\u8001\u95c6\u5c0d\u6211\u7684\u56de\u61c9\uff08120\u5146\u8a02\u95b1\u554f\u7b54\uff09"
        },
        {
            "id": "IEjFZiP0-dY",
            "title": "\u6211\u5728\u53f0\u7063\u7684\u96fb\u68af\u88e1\u770b\u5230\u9019\u500bAI\u5ee3\u544a\u6211\u611f\u89ba\u592a\u7cdf\u7cd5\u4e86\u6211\u5fc5\u9808\u505a\u500b\u5f71\u7247\u8aaa\u8aaa\u3002"
        },
        {
            "id": "2sSW2MTC86g",
            "title": "\u76f4\u64ad\u4e00\u500b\u5f88\u725b\u903c\u7684\u904a\u6232 \uff5c \u9019\u662f\u4e16\u754c\u4e0a\u6700\u597d\u73a9\u7684\u904a\u6232\uff0c\u54c7\u592a\u597d\u73a9\u4e86\u6211\u7684\u5929\u54ea\uff01"
        },
        {
            "id": "xQ4ps__Hl3w",
            "title": "\u56de\u4e0a\u6d77\u4e86 \u64ad\u4e0b"
        },
        {
            "id": "gWx87e-fcFs",
            "title": "\u4ed6\u5011\u57285\u5929\u88e1\u9020\u4e86150+\u7bc7\u65b0\u805e\uff0c\u70ba\u4ec0\u9ebc\uff1f\uff08\u767d\u98ef\u4e4b\u4e82\u7684\u771f\u76f8\uff09"
        },
        {
            "id": "JZvZgww5Pow",
            "title": "\u6211\u53bb\u770b\u4e86\u4f60\u5011\u505a\u7684\u95dc\u65bc\u53f0\u7063\u5a92\u9ad4\u7684\u6897"
        },
        {
            "id": "loAaNV8kGvk",
            "title": "\u9019\u4e9b\u662fYouTube\u5168\u7ad9\u6700\u7d05\u768415\u500bShorts\uff1f\uff01[\u91cd\u65b0\u4e0a\u50b3]"
        },
        {
            "id": "qfpeoKVBa9E",
            "title": "\u9019\u4e9b\u932f\u8aa4\u7684\u82f1\u6587\u7ffb\u8b6f\u7b11\u6b7b\u6211\u4e86\uff01"
        },
        {
            "id": "3tfy3yMnS78",
            "title": "\u53f0\u7063\u5a92\u9ad4\u7684\u4e0b\u9650\u80fd\u6709\u591a\u4f4e\uff1f"
        },
        {
            "id": "axy-BosPC0U",
            "title": "\u662f\u6642\u5019\u505a\u51fa\u9019\u500b\u6c7a\u5b9a\u4e86..."
        },
        {
            "id": "sKjAmJXBZ8M",
            "title": "\u53bb\u65e5\u672c\u524d\u6700\u5f8c\u4e00\u64ad | \u77edchill - \u665a\u4e0a\u51fa\u53bb\u5403\u98ef"
        },
        {
            "id": "70vqQWGDI0M",
            "title": "\u8981\u53bb\u65e5\u672c\u4e86 | \u932b\u862d\u5b8c\u6574\u76f4\u64ad"
        },
        {
            "id": "3Uyg3NL_o7M",
            "title": "\u9591\u804a | \u8faf\u8ad6\u7d05\u85e5\u4e38 | \u932b\u862d\u5b8c\u6574\u76f4\u64ad"
        },
        {
            "id": "ej4VxB326w4",
            "title": "\u9019\u4e9bPUA\u983b\u9053\u9060\u6bd4\u4f60\u60f3\u50cf\u7684\u8981\u7cdf\u7cd5\uff01"
        },
        {
            "id": "0fY9AjfHByc",
            "title": "\u6211\u5403\u4e86\u6211\u81ea\u5df1"
        },
        {
            "id": "aoCmdBbcrWE",
            "title": "\u6211\u7d42\u65bc\u9054\u5230\u4e86\u4e00\u767e\u5146\u8a02\u95b2\uff01"
        },
        {
            "id": "XXJZW_zXYWw",
            "title": "\u4f4f\u4e866\u500b\u6708\u5f8c\uff0c\u9019\u4e9b\u662f\u6211\u5c0d\u53f0\u7063\u771f\u5be6\u7684\u770b\u6cd5"
        },
        {
            "id": "yXXXlTZtuEs",
            "title": "\u5916\u570b\u5c0f\u5925\u5728\u53f0\u7063\u76f4\u64ad\u8d85\u6eff\u8db3\uff01\u9a5a\u547c\u5728\u6bd4\u5229\u6642\u9ad4\u6703\u4e0d\u5230\uff01\u300c\u5728\u53f0\u7063\u76f4\u64ad\u771f\u662f\u592a\u597d\u5566\uff01\u300d\u770b\u770b\u4ed6\u662f\u600e\u9ebd\u8a55\u8ad6\u53f0\u7063\u7684 | \u53f0\u7063\u6700\u7f8e\u7684\u98a8\u666f\u539f\u4f86\u662f\u9019\u500b\uff1f (\u660e\u5929\u53bbhk)"
        },
        {
            "id": "O6mtsrf_MDQ",
            "title": "\u4f60\u597d"
        },
        {
            "id": "3V9cPuOYXCk",
            "title": "\u6211\u641e\u4e0d\u61c2\u4e86\uff0c\u9019\u4e16\u4e0a\u54ea\u4f86\u9019\u9ebc\u591a\u62dc\u91d1\u5973\uff1f"
        },
        {
            "id": "RHwmAgGVCWg",
            "title": "Joeman\u72af\u4e86\u4e00\u500b\u5927\u932f\uff087-11\u806f\u540d\u5546\u54c1\u8a55\u6e2c\uff09"
        },
        {
            "id": "ftHiAWhxWE4",
            "title": "\u6211\u770b\u4e0d\u4e0b\u53bb\u4f60\u5011\u505a\u7684\u9019\u4e9b\u6897\u4e86"
        },
        {
            "id": "sFrH6sti1HE",
            "title": "Joeman\u7684\u4fbf\u7576\u771f\u7684\u6709\u9019\u9ebd\u96e3\u5403\uff1f\uff08\u5225\u5c2c\u9ed1\u4e86\uff09"
        },
        {
            "id": "Osn1v32WxRw",
            "title": "\u760b\u72c2\u661f\u671f\u56db"
        },
        {
            "id": "kNlsNXecd-8",
            "title": "\u4e2d\u570b\u6587\u5316\u771f\u7684\u5f88\u91cd\u8981\u55ce\uff1f\uff08\u6211\u7684\u770b\u6cd5\uff09"
        }
    ]
}