{
    "channel": {
        "title": "\u6728\u66dc4\u8d85\u73a9",
        "id": "UCLW_SzI9txZvtOFTPDswxqg",
        "customUrl": "@muyao4",
        "uploads": "UULW_SzI9txZvtOFTPDswxqg"
    },
    "videos": [
        {
            "id": "up5D0FAJoWw",
            "title": "\u300a\u6728\u66dc\u65c5\u884c\u8db4EP4 Disneyland in California\u300b\u4f86\u5834\u9b54\u6cd5\u4e4b\u65c5\uff01\u90b0\u54e5\u548c\u6eab\u6cf1\u90e8\u760b\u73a9\u4e16\u754c\u7b2c\u4e00\u5ea7\u8fea\u58eb\u5c3c\u6a02\u5712"
        },
        {
            "id": "ArBi-cFhH-o",
            "title": "\u662f\u6211\u5011\u6eab\u59ae\u6c92\u932f\u4e86 #\u8fea\u58eb\u5c3c\u6a02\u5712 #\u52a0\u5dde #\u6728\u66dc\u65c5\u884c\u8db4 #\u7c73\u5947 #\u7c73\u59ae #shorts"
        },
        {
            "id": "lplEH0a_XSo",
            "title": "\u4e09\u5b6b\u5973\u5e36\u90b0\u54e5\u66a2\u904a\u8fea\u58eb\u5c3c\ud83d\udc95 #shorts #\u52a0\u5dde #\u8fea\u58eb\u5c3c #\u6a02\u5712 #disneyland #Disney"
        },
        {
            "id": "s5vsKgUEkZs",
            "title": "\u76f4\u63a5\u5f9e9\u6a13\u5782\u964d\ud83d\ude31 #\u4e00\u65e5\u7cfb\u5217 #\u4e00\u65e5\u7279\u8b66 #\u9664\u66b4\u7279\u52e4\u968a #\u90b0\u667a\u6e90 #\u8b1d\u5764\u9054 #shorts"
        },
        {
            "id": "Uzm__0ivVJc",
            "title": "\u7b2c\u4e00\u5c46\u5b64\u9ce5\u738b~\u7adf\u7136\u8d0f\u5764\u9054!!!  #\u4e00\u65e5\u7cfb\u5217 #\u4e00\u65e5\u7279\u8b66 #\u9664\u66b4\u7279\u52e4\u968a #\u90b0\u667a\u6e90 #\u8b1d\u5764\u9054 #shorts"
        },
        {
            "id": "bFeeOcXz_lA",
            "title": "\u300a\u4e00\u65e5\u7cfb\u5217\u7b2c\u4e8c\u767e\u96f6\u4e8c\u96c6\u300b\u8b66\u754c\u642d\u6a94\u90b0\u667a\u6e90&\u8b1d\u5764\u9054\u518d\u6b21\u51fa\u4efb\u52d9\uff01\u5e36\u4f60\u77e5\u9053\u9664\u66b4\u968a\u7684\u53b2\u5bb3\uff01\uff0d\u4e00\u65e5\u7279\u8b66-\u9664\u66b4\u7279\u52e4\u968a"
        },
        {
            "id": "p8gaaYipEKM",
            "title": "\u5de7\u9047\u7dad\u5b89\u7279\u52e4\u968a\u6f14\u7df4!!!\u5148\u7d66\u5927\u5bb6\u770b\u4e00\u6bb5\uff5e #\u7dad\u5b89\u7279\u52e4\u968a #\u4e00\u65e5\u7cfb\u5217 #\u4e00\u65e5\u7279\u8b66 #\u9664\u66b4\u7279\u52e4\u968a #\u90b0\u667a\u6e90 #\u8b1d\u5764\u9054 #shorts"
        },
        {
            "id": "-uJeA8KfJ60",
            "title": "\u9054\u54e5\u80fd\u5426\u514b\u670d\u61fc\u9ad8\u5fc3\u9b54 !? #\u4e00\u65e5\u7279\u8b66 #\u9664\u66b4\u7279\u52e4\u968a #\u90b0\u667a\u6e90 #\u8b1d\u5764\u9054  #\u6728\u66dc #shorts"
        },
        {
            "id": "tSZIneajNAw",
            "title": "\u8a31\u6559\u7df4\u5c0d\u65bc\u4e09\u5927\u806f\u76df\u6574\u5408\u7684\u770b\u6cd5 #\u8a31\u6649\u54f2 #\u90b0\u667a\u6e90 #\u6728\u66dc #shorts"
        },
        {
            "id": "xvCYf7Ax2mQ",
            "title": "\u53f0\u7063\u7684\u7c43\u7403\u6709\u6c92\u6709\u6a5f\u6703\u4e9e\u6d32\u524d\u4e09? #\u8a31\u6649\u54f2 #\u90b0\u667a\u6e90 #\u6728\u66dc #shorts"
        },
        {
            "id": "CkENz3e_wSU",
            "title": "\u300a\u4e0b\u73ed\u53bb\u5403\u98ef\u7b2c\u4e8c\u5b63\u7b2c\u4e00\u96c6\u300b\u5403\u98ef\u524d\u5148\u4ee5\u8eca\u6703\u53cb\uff01\u5bcc\u90a6\u52c7\u58eb\u968a\u4e09\u9023\u9738\uff5e\u6559\u982d\u8a31\u6649\u54f2\u4f86\u5566\uff01feat.\u8a31\u6649\u54f2"
        },
        {
            "id": "P1plx-2QSbA",
            "title": "\u6559\u7df4\u597d\uff01\u8a31\u6649\u54f2\u4f86\u4e0b\u73ed\u53bb\u5403\u98ef\u5566 #\u8a31\u6649\u54f2 #\u90b0\u667a\u6e90 #\u6728\u66dc #shorts"
        },
        {
            "id": "hs62W-sBD8g",
            "title": "\u4e0d\u80fd\u53ea\u6709\u6211\u770b\u5230!!!\u592a\u9913\u4e86 #\u6728\u66dc #\u90b0\u667a\u6e90 #\u7f8e\u570b #\u6d1b\u6749\u78ef #\u7f8e\u98df #shorts"
        },
        {
            "id": "hgArcLQek-M",
            "title": "\u6c92\u6709\u4eba\u53ef\u4ee5\u62b5\u6297\u71b1\u72d7\u7684\u8a98\u60d1 #\u6728\u66dc #\u90b0\u667a\u6e90 #\u7f8e\u570b #\u6d1b\u6749\u78ef #\u7f8e\u98df #shorts"
        },
        {
            "id": "aKnSRMvVj9g",
            "title": "\u300a\u6728\u66dc\u65c5\u884c\u8db4EP3\u5403\u904d\u6d1b\u6749\u78ef\u300b\u7206\u5403\u4e00\u6ce2LA\u5728\u5730\u7f8e\u98df\uff01\u8d85\u9ad8\u71b1\u91cf\u9023\u7e8c\u8f5f\u70b8\uff5e\u90b0\u54e5\u627f\u53d7\u5f97\u4f4f\u55ce\uff1f\uff01"
        },
        {
            "id": "7yXwpJDovhM",
            "title": "\u5403\u7206\u6d1b\u6749\u78ef\u6436\u5148\u9810\u544a #\u6728\u66dc\u65c5\u884c\u8db4 #\u7f8e\u570b #\u6d1b\u6749\u78ef #shorts"
        },
        {
            "id": "mKLkWDbDIuQ",
            "title": "\u90b0\u54e5\u5dee\u9ede11\u842c\u5c31\u51fa\u4e86\ud83d\ude06 #\u4e00\u65e5\u7cfb\u5217 #\u8abf\u89e3 #shorts"
        },
        {
            "id": "gVgu73Ip_bs",
            "title": "\u8def\u6cc1\u4e0d\u719f\uff0c\u9a0e\u932f\u65b9\u5411\ud83d\ude02 #\u4e00\u65e5\u7cfb\u5217 #\u8abf\u89e3 #shorts"
        },
        {
            "id": "7YFY7kaVhFg",
            "title": "\u300a\u4e00\u65e5\u7cfb\u5217\u7b2c\u4e8c\u767e\u96f6\u4e00\u96c6\u300b\u90b0\u667a\u6e90\u5e36\u8457\u6cf1\u6cf1\u8981\u53bb\u5e6b\u5fd9\u5225\u4eba\u8abf\u89e3\u7cfe\u7d1b\uff0c\u8abf\u89e3\u6703\u4e0a\u767c\u751f\u6fc0\u70c8\u885d\u7a81?!?! - \u4e00\u65e5\u8abf\u89e3\u59d4\u54e1"
        },
        {
            "id": "rxl91G5MltI",
            "title": "\u4e00\u65e5\u8abf\u89e3\u59d4\u54e1\u6436\u5148\u770b #shorts #\u90b0\u667a\u6e90 #\u6cf1\u6cf1 #\u4e00\u65e5\u7cfb\u5217"
        },
        {
            "id": "p-LWVKjkOrQ",
            "title": "\u6912\u5abd\u591a\u4e00\u500b\u80d6\u5152\u5b50~ #\u86c7\u4e38 #\u80e1\u6912 #\u6912\u5abd #\u7f8e\u98df #\u6599\u7406 #shorts"
        },
        {
            "id": "VuzFg0Sbg2I",
            "title": "\u53cd\u9999\u83dc\u5927\u968a\u9577\u51fa\u52d5!!! #\u9999\u83dc #\u90b0\u667a\u6e90 #\u6912\u5abd #\u7f8e\u98df #\u6599\u7406 #shorts"
        },
        {
            "id": "a7TrCGyJXpU",
            "title": "\u300a\u5abd\u5abd\u6211\u4f86\u4e86\u7b2c\u4e8c\u96c6\u300b\u90b0\u54e5\u70ba\u4e86\u6912\u5abd\u7684\u79c1\u623f\u6599\u7406\u76f4\u5954\u5c4f\u6771\uff01\u8207\u80e1\u6912\u3001\u86c7\u4e38\u66a2\u804a\u5167\u5fc3\u8a71 ft.\u80e1\u6912"
        },
        {
            "id": "HXjBqnh-2DE",
            "title": "\u5abd\u5abd\u6211\u4f86\u4e86\uff01\u6912\u5abd\u767b\u5834\uff5e #\u7f8e\u98df #\u80e1\u6912 #\u5927\u86c7\u4e38 #shorts"
        },
        {
            "id": "lT8-OUSbeUU",
            "title": "\u6211\u7684\u5929!!!\u73fe\u70e4\u73fe\u5403\u554a #\u4e00\u65e5\u7cfb\u5217 #\u725b\u4ed4 #\u7f8e\u570b #\u9ad4\u9a57 #shorts"
        }
    ]
}