{
    "channel": {
        "title": "\u963f\u6ef4\u82f1\u6587",
        "id": "UCeo3JwE3HezUWFdVcehQk9Q",
        "customUrl": "@rayduenglish",
        "uploads": "UUeo3JwE3HezUWFdVcehQk9Q"
    },
    "videos": [
        {
            "id": "7cFGYw00iLA",
            "title": "\u6e96\u5099\u53f0\u7063\u88dc\u54c1\u7d66\u6fb3\u6d32\u4eba\u5403! \u53f0\u7063\u96de\u4f5b\u3001\u82e6\u8336\u5687\u58de\u731b\u7537\u6d88\u9632\u54e1!"
        },
        {
            "id": "__TFwxRqG6k",
            "title": "\u7b2c\u4e00\u6b21\u5e36\u7238\u5abd\u51fa\u570b\u5c31\u90016\u4f4d\u6578\u540d\u9336\u7684\u6211\uff0c\u662f\u5b5d\u5b50\u55ce\uff1f"
        },
        {
            "id": "TNY7cKi7OzQ",
            "title": "\u7d93\u5178\u6b4c\u66f2\u7ffb\u6210\u82f1\u6587\u4f60\u807d\u5f97\u51fa\u4f86\u55ce? \u4faf\u4f69\u5c91\u6311\u6230\u4e03\u516b\u5e74\u7d1a\u795e\u66f2\ud83d\udd25 @yanrouya"
        },
        {
            "id": "7klfZjGOMT8",
            "title": "Pok\u00e9mon\u77e5\u8b58\u5927\u4e82\u9b25!! \u53f0\u7063YouTube\u754c\u5bf6\u53ef\u5922\u81f3\u5c0a\u5927\u5e2b\u7a76\u7adf\u662f\u8ab0?"
        },
        {
            "id": "SqS05qfxNts",
            "title": "\u5168\u54e1\u7206\u9810\u7b97! HOOK\u4e0d\u6562\u9762\u5c0d\u5e33\u55ae? \u516c\u958b\u56db\u89d2\u6200\u502b\u656610\u5929\u9a5a\u4eba\u958b\u92b7!"
        },
        {
            "id": "pTY_EuZ2j0I",
            "title": "\u82f1\u570b\u8154\u771f\u7684\u592a\u597d\u807d! \u4e0d\u5c0f\u5fc3\u5c31\u5674\u4e86\u5e7e\u767e\u82f1\u938a! \ud83e\udd2d \u771f\u5be6\u958b\u7bb1\u502b\u6566\u65e5\u5e38\u5c0d\u8a71"
        },
        {
            "id": "-sb7LfMlJZg",
            "title": "\u53f0\u5f0f\u73cd\u5976\u5728\u82f1\u570b\u53d7\u6b61\u8fce\u55ce? \u56db\u89d2\u6200\u8003\u8336\u502b\u6566\u624b\u6416\u98f2\ud83d\udd25"
        },
        {
            "id": "TkptYAq3gww",
            "title": "Kimberley\u62cd\u651d\u4e2d\u5fcd\u4e0d\u4f4f\u55c6\u7206\u963f\u6ef4! \u9019\u4e9bYouTube\u64ad\u653e\u7834\u5104\u7684\u795e\u66f2\u4f60\u807d\u5f97\u51fa\u4f86\u55ce?"
        },
        {
            "id": "vWCBrWQ3Oak",
            "title": "\u516c\u5e03\u963f\u6ef4\u82f1\u6587\u7684\u96c5\u601d\u6210\u7e3e! \u9019\u500b\u5206\u6578\u6211\u4e0d\u80fd\u63a5\u53d7!!"
        },
        {
            "id": "7rIqsOxd1Ig",
            "title": "\u8ddf\u963f\u6ef4\u7d04\u6703\u5c45\u7136\u88ab\u5e36\u53bb\u8003\u96c5\u601d!? \u5927\u8b19\u7684\u82f1\u6587\u53e3\u8aaa\u80fd\u5920\u62ff\u5e7e\u5206?"
        },
        {
            "id": "sYVO25oh3yw",
            "title": "\u6ef4\u8b19CP\u624d\u662f\u5b98\u914d!! \u5927\u8b19\u6703\u559c\u6b61\u6211\u6392\u7684\u82f1\u502b\u6d6a\u6f2b\u884c\u7a0b\u55ce?"
        },
        {
            "id": "FEcyS-TWN14",
            "title": "\u8a2a\u554f\u5230\u4e00\u534a\u5ffd\u7136\u544a\u767d! \u8072\u63a7\u7406\u79d1\u592a\u592a\u6703\u88ab\u570b\u969b\u5de8\u661f\u767c\u73fe\u55ce? Ft. @lauvsongs"
        },
        {
            "id": "Mk-x7NMpk2Y",
            "title": "\u9031\u4f11\u4e09\u65e5\u5922\u60f3\u6210\u771f!? \u82f1\u570b\u4eba\u591a\u4f11\u4e00\u5929\u7684\u9ad8\u7d1a\u751f\u6d3b\u662f\u771f\u7684\u55ce? \u8001\u95c6\u4e0d\u6703\u8981\u54e1\u5de5\u52a0\u73ed\u55ce?"
        },
        {
            "id": "mMI-h_jmqKE",
            "title": "\u82f1\u570b\u9802\u5927\u7206\u6599\u5927\u6703! \u82f1\u570b\u7814\u7a76\u90fd\u4e0d\u53ef\u4fe1? \u725b\u6d25\u8ddf\u528d\u6a4b\u54ea\u500b\u6bd4\u8f03\u512a\u79c0?\u3010\u725b\u6d25\u7559\u5b78\u751f\u771f\u5fc3\u8a71\u3011"
        },
        {
            "id": "Z2_R1dSQTTM",
            "title": "\u502b\u6566\u5e73\u50f9\u6c11\u5bbf vs \u5962\u83ef16\u4e16\u7d00\u53e4\u5821! \u6c11\u5bbf\u8a2d\u5099\u58de\u5149\u5149\u4f46\u537b\u9084\u662f\u8d0f\u904e\u53e4\u5821?"
        },
        {
            "id": "k33HgiBlnWQ",
            "title": "\u82f1\u570b\u8857\u8a2a \u25b6 \u77e5\u9053\u53f0\u7063\u5728\u54ea\u88e1\u55ce? \u5c0d\u82f1\u570b\u7687\u5ba4\u7684\u60f3\u6cd5? \u8b93\u502b\u6566\u4eba\u4f86\u544a\u8a34\u4f60!!"
        },
        {
            "id": "SvYLcke-EZw",
            "title": "\u4e0d\u8981\u518d\u8b1b big \u4e86! \u300c\u6578\u64da\u300d\u5f88\u5927\u82f1\u6587\u600e\u9ebc\u8aaa?"
        },
        {
            "id": "TmEATsz08SE",
            "title": "\u597d\u5927\u53ea\u6703\u8b1b big?\u300c\u7121\u6bd4\u5de8\u5927\u7684\u300d\u82f1\u6587\u600e\u9ebc\u8aaa?"
        },
        {
            "id": "xmxIMvlCSQ8",
            "title": "\u4e0d\u8981\u518d\u8b1b big \u4e86! \u300c\u5f88\u5927\u4e00\u7b46\u9322\u300d\u82f1\u6587\u600e\u9ebc\u8aaa?"
        },
        {
            "id": "CW-lW6Rjwns",
            "title": "\u300c\u5047\u8a2d\u8a9e\u6c23\u300d\u795e\u908f\u8f2f! \u4e0d\u80cc\u516c\u5f0f\u77ac\u9593\u641e\u61c2\u4e09\u7a2e\u6642\u614b!"
        },
        {
            "id": "vaJLDKi085M",
            "title": "\u5019\u9078\u4eba\u6700\u5e38\u7528\u7684\u6587\u6cd5! \u300c\u5047\u5982\u6211\u7576\u9078\u7e3d\u7d71\u300d\u82f1\u6587\u600e\u9ebc\u8aaa?"
        },
        {
            "id": "frb5waff7pM",
            "title": "\u7576\u4f60\u7684\u9152\u4fdd\u662f\u4f60\u54e5\u54e5"
        },
        {
            "id": "lD4qGe12ttI",
            "title": "\u300c\u6211\u70ba\u4f60\u611f\u5230\u60b2\u54c0\u300d\u82f1\u6587\u600e\u9ebc\u8aaa?"
        },
        {
            "id": "i0elULM5Znc",
            "title": "\u53f0\u7063\u4eba\u6700\u5e38\u8b1b\u932f!\u300c\u4f60\u5f9e\u54ea\u88e1\u4f86\u300d\u82f1\u6587\u600e\u9ebc\u8aaa?"
        },
        {
            "id": "_rJ02yu9mcw",
            "title": "\u300c\u95dc\u51b7\u6c23\u300d\u4f60\u4e5f\u5e38\u8b1b\u6210\u300cclose the air-con\u300d\u55ce?"
        },
        {
            "id": "RBIN7gIAWco",
            "title": "\u6700\u5e38\u8b1b\u932f\u7684\u5f62\u5bb9\u8a5e! \u77ac\u9593\u641e\u61c2 boring \u8ddf bored \u600e\u9ebc\u5206?"
        },
        {
            "id": "wMhLwQT1ZGw",
            "title": "\u77ac\u9593\u641e\u61c2\u51a0\u8a5e! \u9019\u88e1\u5230\u5e95\u8981\u4e0d\u8981\u52a0\u300cthe\u300d?"
        },
        {
            "id": "lJs92srwexM",
            "title": "\u5e6bHOOK\u904e\u751f\u65e5\uff0c\u76f4\u63a5\u5728\u6c96\u7e69\u9001\u4ed6\u4e00\u68df\u623f\u5b50"
        },
        {
            "id": "WsiZC1cuUBI",
            "title": "\u5f88\u62b1\u6b49\u8aa4\u6703\u6cd5\u570b\u4eba\u9019\u9ebc\u4e45! \u5e38\u5e38\u7f77\u5de5\u7684\u539f\u56e0\u662f? \u70ba\u4ec0\u9ebc\u9072\u523015\u5206\u9418\u662f\u7a2e\u79ae\u8c8c? ft. \u8def\u6613"
        },
        {
            "id": "MavPFNFCkI8",
            "title": "\u5c08\u696d\u82f1\u6587\u8001\u5e2b\u4e5f\u62db\u67b6\u4e0d\u4f4f?! \u5168\u7403\u96e3\u61c2\u53e3\u97f3TOP5! \u60e1\u5922\u96e3\u5ea6\u807d\u529b\u6311\u6230!"
        },
        {
            "id": "LlXMrzQk61g",
            "title": "\u3010\u54e5\u54e5VS\u54e5\u54e5\u3011\u4e2d\u6587\u2192\u82f1\u6587\u6b4c\u8a5e\u7ffb\u8b6f\u731c\u6b4c\u5927\u8cfd! \u8d85\u8033\u719f\u5c31\u662f\u60f3\u4e0d\u8d77\u4f86\ud83d\udd25 ft. \u9ec3\u6c0f\u5144\u5f1f"
        },
        {
            "id": "3k87hHT44Lk",
            "title": "Joe\u662f\u6562\u82b1\u9322! Joeman\u51fa\u570b\u62cd\u7247\u82b1\u8cbb\u662f\u6211\u7684X\u500d! \u516c\u958b\u897f\u96c5\u571610\u5929\u9a5a\u4eba\u958b\u92b7!"
        },
        {
            "id": "ZlVn7JgDivs",
            "title": "\u65e9\u4e0a\u901a\u77e5\u4e0b\u5348\u8d70\u4eba? \u88ab\u88c1\u54e1\u4e4b\u5f8c\u600e\u9ebc\u8fa6? \u79d1\u6280\u696d\u7121\u60c5\u88c1\u54e1\u6f6e\u7684\u771f\u76f8!\u3010\u79d1\u6280\u696d\u524d\u54e1\u5de5\u8a2a\u554f\u3011"
        },
        {
            "id": "VWpGVvGQ3Y0",
            "title": "\u62cb\u4e0bJoeman\u81ea\u5df1\u53bb\u73a9\u800d! \u963f\u6ef4\u8207\u897f\u96c5\u5716\u7f8e\u5973\u5b78\u9738\u7684\u6d6a\u6f2b\u7d04\u6703!"
        },
        {
            "id": "Tb8hzmEzJgA",
            "title": "\u958b\u7bb1\u7f8e\u570b\u79d1\u6280\u5ee0\u8d85\u72c2\u54e1\u5de5\u9910! \u5c45\u7136\u6709XX\u5403\u5230\u98fd? \u8e6d\u98ef\u4ed4\u7684\u6700\u9ad8\u5883\u754c! ft. Joeman"
        },
        {
            "id": "4CTWrcgUs2U",
            "title": "\u5feb\u9583\u6771\u4eac\u96ea\u6065\u4e4b\u65c5! \u65e5\u672c\u4eba\u89ba\u5f97\u53f0\u7063\u6700\u5e25YouTuber\u662f\u8ab0!?"
        },
        {
            "id": "1-ISbyyJb98",
            "title": "\u7f8e\u570b\u79d1\u6280\u696d\u7206\u6599\u5927\u6703! \u9019\u5bb6\u516c\u53f8\u85aa\u6c34\u7d66\u6700\u591a! \u5927\u5bb6\u516c\u8a8d\u6700\u4e0d\u60f3\u53bb\u7684\u516c\u53f8\u662f?\u3010\u79d1\u6280\u696d\u5927\u4e82\u9b25-\u4e0b\u96c6\u3011"
        },
        {
            "id": "q6ZwGdJY438",
            "title": "\u7f8e\u570b\u5343\u842c\u5e74\u85aa\u79d1\u6280\u696d\u79d8\u8f9b! \u624b\u6a5f\u5728\u5077\u807d\u6211\u5011\u8b1b\u8a71\u55ce? \u6296\u97f3\u6709\u628a\u8cc7\u6599\u50b3\u7d66\u4e2d\u570b\u55ce? \u3010\u79d1\u6280\u696d\u5927\u4e82\u9b25-\u4e0a\u96c6\u3011"
        },
        {
            "id": "FDV2d9Nspp4",
            "title": "\u53bb\u300c\u904a\u6232\u516c\u53f8\u300d\u4e0a\u73ed\u82f1\u6587\u8981\u591a\u597d? \u963f\u6ef4\u7a81\u64ca\u66b4\u96ea\u53f0\u7063\u7e3d\u90e8!"
        },
        {
            "id": "aWsRh4slwx8",
            "title": "\u7f8e\u570b\u8857\u8a2a \u25b6 30\u6b72\u6c92\u534a\u6bdb\u5b58\u6b3e! \u85aa\u6c34\u5168\u90e8\u62ff\u53bb\u7e73\u623f\u79df! \u7f8e\u570b\u5e74\u8f15\u4eba\u4e5f\u60f3\u8eba\u5e73\u55ce?"
        },
        {
            "id": "XluFsgK2h8g",
            "title": "\u7f8e\u570b\u7834\u5104\u8c6a\u5b85\u5c45\u7136\u6bcf\u665a\u53ea\u8981$4000\u53f0\u5e63\u5c31\u80fd\u5165\u4f4f!? \u539f\u4f86\u662f\u56e0\u70ba\u300c\u9019\u500b\u7279\u6b8a\u689d\u4ef6\u300d! ft. @joeman"
        },
        {
            "id": "M_bLXwjyQAU",
            "title": "\u53bb\u822a\u7a7a\u696d\u4e0a\u73ed\u82f1\u6587\u8981\u591a\u597d? \u958b\u7bb1\u9577\u69ae\u7687\u74bd\u6842\u51a0\u8259\u5168\u82f1\u6587\u670d\u52d9!"
        },
        {
            "id": "hhBZsNgQd5Y",
            "title": "\u6ef4\u6ef4\u6d41\u4e00\u65e5\u5e97\u8216\u958b\u5f35! \u958b\u725b\u8089\u9eb5\u5e97\u771f\u7684\u80fd\u8cfa\u9322\u55ce?"
        },
        {
            "id": "rDy8yDQBSNs",
            "title": "\u82b1\u7684\u9322\u5c45\u7136\u6bd4\u7d10\u7d04\u9084\u8981\u591a!! \u6211\u5011\u5728\u675c\u62dc5\u5929\u4e00\u5171\u82b1\u4e86\u591a\u5c11\u9322?"
        },
        {
            "id": "0ME3bHlEMdg",
            "title": "\u53f0\u7063\u5168\u7cd6\u53ea\u6709\u675c\u62dc\u534a\u7cd6?! \u5be6\u6e2c\u675c\u62dc\u4eba\u6700\u611b\u7684\u53f0\u7063\u624b\u6416\u98f2\u53e3\u5473!"
        },
        {
            "id": "CJpgZT4dSmo",
            "title": "\u675c\u62dc\u8857\u8a2a \u25b6 \u675c\u62dc\u6536\u5165\u591a\u9ad8\u90fd\u4e0d\u7528\u7e73\u7a05! \u9023\u4e5e\u4e10\u90fd\u5e74\u6536\u767e\u842c!?"
        },
        {
            "id": "URoEq9mvxmQ",
            "title": "\u963f\u6ef4\u963f\u62c9\u4f2f\u8a9e\u5c45\u7136\u8d85\u6e9c! \u5e25\u6c23\u5e36HOOK\u901b\u675c\u62dc\u53e4\u57ce\u5340! ft. \u8e72\u9ede\u963f\u62c9\u4f2f\u6148\u98db @htzuhui"
        },
        {
            "id": "Il5PuIoCrbQ",
            "title": "\u5728\u675c\u62dc\u88ab\u4e00\u665a\u8981\u50f92\u842c\u7684\u6c11\u5bbf\u623f\u6771\u653e\u9ce5!? \u963f\u6ef4\u73fe\u5834\u7206\u6c23! ft. HOOK @helloiamhook"
        },
        {
            "id": "814jP7IMkdE",
            "title": "\u4ee4\u4eba\u5931\u671b\u7684\u963f\u806f\u914b\u521d\u9ad4\u9a57\ud83d\ude2d \u8001\u820a\u5167\u88dd\u548c\u51b7\u51b7\u7684\u98db\u6a5f\u9910? B777\u5546\u52d9\u8259&\u7d93\u6fdf\u8259\u8a55\u6bd4!!"
        },
        {
            "id": "C3ubwERnzTk",
            "title": "\u82f1\u570b\u4eba\u90fd\u600e\u9ebc\u8003\u82f1\u6587!? \u591a\u76ca\u3001\u6258\u798f\u90fd\u9583\u908a\u9760\uff0c\u82f1\u570b\u7684GCSE\u624d\u662f\u771f\u7684\u96e3!! ft. Susie @susiewooenglish"
        },
        {
            "id": "N8Sab_LeTcs",
            "title": "ChatGPT\u6bd4\u535a\u6069\u597d\u7b11!? \u7b2c\u4e00\u500b\u548cAI\u6bd4\u8cfd\u5beb\u82f1\u6587\u6bb5\u5b50\u7684\u55ae\u53e3\u559c\u5287\u6f14\u54e1 ft.\u535a\u6069"
        },
        {
            "id": "JZ0k-5YG3VE",
            "title": "\u7b2c\u4e00\u6b21\u88dd\u6f62\u65b0\u5bb6\u8b93\u6211\u5f8c\u6094\u7684\u8a2d\u8a08!? \u5165\u4f4f\u4e09\u500b\u6708\u5fc3\u5f97\u5206\u4eab! ft. UberEats @UberEats"
        },
        {
            "id": "LZAKLAs8Llg",
            "title": "\u958b\u7bb1\u963f\u6ef4\u7684\u65b0\u5bb6! 30\u576a\u88dd\u6f62\u5b8c\u5de5\u300c\u9019\u4e00\u5340\u300d\u8b93Joeman\u9a5a\u5446\u4e86! ft. Joeman @joeman"
        },
        {
            "id": "M6tj7jG6pdM",
            "title": "\u4ecb\u7cfb\u8a5e\u795e\u908f\u8f2f!? \u77ac\u9593\u6703\u7528 at on in \u8b1b\u5730\u9ede"
        },
        {
            "id": "p4sOfEbhvXY",
            "title": "\u4ecb\u7cfb\u8a5e\u795e\u908f\u8f2f!? \u77ac\u9593\u6703\u7528 at on in \u8b1b\u6642\u9593"
        },
        {
            "id": "mTh3W14Ay2Q",
            "title": "\u7576\u4f60\u9760\u5be6\u529b\u55ae\u8eab\ud83e\udee3"
        },
        {
            "id": "JitMcN-vym4",
            "title": "\u4e00\u9996\u5beb\u7d66\u6ef4\u59b9\u7684\u6b4c\u300a\u7121\u7406\u53d6\u9b27\u7684\u54e5\u54e5\u300bft.\u718a\u4ed4"
        },
        {
            "id": "T_tqCIJH9pg",
            "title": "\u627e\u718a\u4ed4\u4e00\u8d77\u55c6\u7ffb\u6ef4\u59b9!? \u4e00\u9996\u6211\u5beb\u7d66\u524d\u623f\u6771\u7684\u6b4c! \ud83d\udd25"
        },
        {
            "id": "IxdWRDFXD3g",
            "title": "\u4f60\u807d\u5f97\u61c2\u5370\u5ea6\u5f0f\u82f1\u6587\u55ce?"
        },
        {
            "id": "1RKQMb49RB4",
            "title": "\u65e5\u672c\u4eba\u6700\u4e0d\u64c5\u9577\u7684\u82f1\u6587\u767c\u97f3"
        },
        {
            "id": "1ewJ7wxy5-0",
            "title": "\u539f\u4f86\u5c71\u4e0b\u667a\u4e45\u8b1b\u82f1\u6587\u9019\u9ebc\u6e9c? \u6311\u6230\u65e5\u5f0f\u82f1\u6587\u53e3\u97f3! ft. \u963f\u90e8\u746a\u5229\u4e9e"
        },
        {
            "id": "Tnp4VIUwl8M",
            "title": "\u53f0\u7063\u7684\u96fb\u5f71\u7ffb\u8b6f\u771f\u7684\u5f88\u778e?"
        },
        {
            "id": "3kQZ_KyDojQ",
            "title": "\u4e0d\u53ea\u6709\u53f0\u7063\u4eba\u611b\u8aaa\u300c\u4e0d\u597d\u610f\u601d\u300d?"
        },
        {
            "id": "C2ieo_jNNRQ",
            "title": "\u52a0\u62ff\u5927\u6bd4\u7f8e\u570b\u597d!? \u7d66\u52a0\u62ff\u5927\u99d0\u53f0\u4ee3\u8868\u770b\u7db2\u8def\u6897\u5716\u7adf\u7206\u51fa\u5371\u96aa\u767c\u8a00\ud83d\ude02"
        },
        {
            "id": "ESLZEBGZMpA",
            "title": "\u5982\u4f55\u8ddf\u82f1\u6587\u5bb6\u6559\u8001\u5e2b\u7684\u59b9\u59b9\u544a\u767d?"
        },
        {
            "id": "LBL_CCFDPFc",
            "title": "\u5728\u82f1\u570b\u6a5f\u5834\u8cb7\u4e0d\u5230\u514d\u7a05\u5546\u54c1\u4e86!?"
        },
        {
            "id": "UCrn57j9xcg",
            "title": "\u5728\u82f1\u570b\u7cbe\u54c1\u5e97\u6311\u54e1\u5de5\u5c3e\u7259\u79ae\u7269! HOOK\u9020\u7684\u5b7d\u6211\u4f86\u64d4!! (\uffe3\u2207\uffe3)"
        },
        {
            "id": "pBPNMZQI3_g",
            "title": "\u5730\u8868\u6700\u5e78\u798f\u570b\u5bb6\u7684\u7169\u60f1\u5c31\u662f\u4e0d\u4e00\u6a23..."
        },
        {
            "id": "hEhoFeMzbfc",
            "title": "\u653f\u5e9c\u5e6b\u4f60\u7e73\u623f\u79df! \u5538\u66f8\u9084\u80fd\u62ff\u85aa\u6c34! \u5168\u7403\u5e78\u798f\u6307\u6578\u6700\u9ad8\u7684\u82ac\u862d\u662f\u600e\u9ebc\u8fa6\u5230\u7684?"
        },
        {
            "id": "Q_Y9XwCi6XY",
            "title": "\u7576\u4f60\u7684\u91ab\u751f\u662f\u91cd\u5ea6\u70b8\u96de\u611b\u597d\u8005"
        },
        {
            "id": "YxSjbn8QrJ0",
            "title": "\u51b0\u5cf6\u7684\u7269\u50f9\u5230\u5e95\u5728\u8cb4\u5e7e\u9ede?"
        },
        {
            "id": "4tW0JOHbPrE",
            "title": "\u6cb9\u50f9\u662f\u53f0\u7063\u7684\u5169\u500d? \u4e00\u4ef6\u5916\u5957\u53ef\u4ee5\u8cb7\u4f86\u56de\u6a5f\u7968? \u6211\u5011\u88ab\u51b0\u5cf6\u7269\u50f9\u9707\u64bc\u4e86!"
        },
        {
            "id": "62DxcbWMpPg",
            "title": "\u51b0\u5cf621\u6b72\u7684\u5e74\u8f15\u7537\u5b50\u8ac7\u5410\u90fd\u9019\u9ebc\u6210\u719f\u7a69\u5065!?"
        },
        {
            "id": "R7PQZP5oGPI",
            "title": "\u7d04\u8dd1\u6703\u9047\u5230\u89aa\u621a? \u70ba\u4e86\u8cb7\u623f\u624d\u7d50\u5a5a? \u51b0\u5cf6\u4eba\u7684\u8d85\u958b\u653e\u611b\u60c5\u89c0!"
        },
        {
            "id": "NE7k7TRFA0c",
            "title": "\u8003\u5927\u5b78\u771f\u7684\u662f\u4eba\u751f\u7684\u82f1\u6587\u5dd4\u5cf0!? \u66fe\u7d93\u7684\u9802\u6a19\u751f\u6311\u6230\u4eca\u5e74\u7684\u65b0\u5236\u5b78\u6e2c\u80fd\u62ff\u5e7e\u5206? ft. \u82f1\u6587\u5b78\u9738\u5011"
        },
        {
            "id": "pG2nPyHQcmQ",
            "title": "\u642d15\u500b\u5c0f\u6642\u98db\u6a5f\u662f\u4ec0\u9ebc\u611f\u89ba?"
        },
        {
            "id": "kCaCCeEzJtI",
            "title": "450\u4f4d\u5275\u4f5c\u8005\u53c3\u8207\u7684\u8d85\u72c2\u5c3e\u7259! \u6700\u5927\u734e\u9ad8\u905422\u842c\uff0b2\u53f0iPhone!?\u3010\u5b8c\u6574\u7cbe\u83ef\u3011"
        },
        {
            "id": "xoNujAsPbEc",
            "title": "\u9023\u7e8c\u5341\u652f\u5317\u6b50\u5f71\u7247!? \u4e00\u500b\u4eba\u8981\u50f928\u842c\u7684\u51b0\u5cf6\u82ac\u862d\u65c5\u884c\u5718\u51fa\u767c!"
        },
        {
            "id": "6J4vp7VP5Kg",
            "title": "\u6211\u8cb7\u65b0\u623f\u5b50\u4e86! \u544a\u5225\u9760\u59b9\u4eba\u751f\u6253\u9020\u5922\u5e7b\u65b0\u5bb6!?"
        },
        {
            "id": "9CjvREMKihA",
            "title": "\u3010\u5e74\u5ea6QA\u3011\u53bb\u7f8e\u570b\u7a81\u64ca\u6ef4\u59b9\u6551\u9ede\u95b1\u7387? \u5927\u8b19\u8ddfHook\u6bd4\u8f03\u611b\u8ab0? \u5275\u4f5c\u8005\u5354\u6703\u90fd\u5728\u505a\u4ec0\u9ebc?"
        },
        {
            "id": "uUJs4PTft2A",
            "title": "\u5403\u64ad\u8d85\u9053\u5730\u80e1\u6912\u87f9! \u90b1\u92d2\u6fa4\u55aa\u5931\u8a9e\u8a00\u80fd\u529b?!"
        },
        {
            "id": "fpBdFfKZ3SA",
            "title": "\u81ea\u88fd\u53fb\u6c99\u507d\u88dd\u6210\u7c73\u5176\u6797\u6599\u7406! \u6703\u88ab\u90b1\u92d2\u6fa4\u767c\u73fe\u55ce? @QiuFengZe"
        },
        {
            "id": "aJyNkB0yxuc",
            "title": "\u5982\u4f55\u5728\u65e5\u672c\u7528\u6d41\u5229\u82f1\u6587\u548c\u5973\u5e97\u54e1\u642d\u8a71?"
        },
        {
            "id": "RMTrqgAI2hk",
            "title": "\u73fe\u5728\u9084\u80fd\u7528\u82f1\u6587\u5728\u65e5\u672c\u81ea\u7531\u884c\u55ce? \u5be6\u6e2c80\u4f4d\u65e5\u672c\u4eba\u7684\u82f1\u8a9e\u529b!"
        },
        {
            "id": "UOYoO52UGXg",
            "title": "\u901b\u5716\u66f8\u9928\u9047\u5230\u91ce\u751f\u5168\u5957\u93c8\u92f8\u4eba\u6f2b\u756b!?"
        },
        {
            "id": "gAH8GQC4U3k",
            "title": "\u958b\u7bb1\u5168\u53f0\u6700\u5927\u5716\u66f8\u9928! \u9928\u85cf\u582a\u6bd4\u65e5\u672c\u52d5\u6f2b\u7279\u5340!?"
        },
        {
            "id": "qI5e71auAGs",
            "title": "\u975e\u6d32\u4eba\u7d50\u5a5a\u53ef\u4ee5\u591a\u4eba\u904b\u52d5!?"
        },
        {
            "id": "yE8Z-7PqOEI",
            "title": "\u975e\u6d32\u4eba\u90fd\u7aae\u5230\u5403\u571f? \u7d50\u5a5a\u53ef\u4ee5\u591a\u4eba\u904b\u52d5? \u53f0\u7063\u4eba\u5c0d\u975e\u6d32\u7684\u5341\u5927\u8aa4\u89e3! ft. \u9ed1\u9f8d"
        },
        {
            "id": "W8vQgS7TEn0",
            "title": "\u5c0d\u5b78\u7fd2\u8a9e\u8a00\u5e6b\u52a9\u6700\u5927\u7684\u8a23\u7ac5!"
        },
        {
            "id": "fR1XXEdb4H4",
            "title": "\u70ba\u4ec0\u9ebc\u4f60\u807d\u5f97\u61c2\u4f46\u4e0d\u6703\u8b1b\u82f1\u6587? \u8a9e\u8a00\u5b78\u7fd2\u7684\u95dc\u9375\u8a23\u7ac5! ft. Dr. J"
        },
        {
            "id": "I5YdWsCW3QI",
            "title": "\u3010\u7d10\u7d04\u56de\u9867\u3011\u4e09\u4eba\u4fe1\u7528\u5361\u90fd\u88ab\u5237\u7206! \u7d10\u7d04\u516b\u5929\u4e03\u591c\u7e3d\u5171\u82b1\u591a\u5c11\u9322?"
        },
        {
            "id": "6XuhUax655Q",
            "title": "\u5728\u7d10\u7d0424\u5c0f\u6642\u4e0d\u7528\u624b\u6a5f! \u627e\u4e0d\u5230\u9910\u5ef3\u8d85\u5d29\u6f70? \u5927\u8ff7\u8def\u5dee\u9ede\u9732\u5bbf\u7d10\u7d04\u8857\u982d?"
        },
        {
            "id": "Gf3D7KMoQ1U",
            "title": "16\u5c64\u6a13Google\u7d10\u7d04\u7e3d\u90e8\u958b\u7bb1! \u5927\u5230\u6703\u8ff7\u8def\u2026\u8d85\u591a\u54e1\u5de5\u9910\u5ef3\u8ddf\u5a1b\u6a02\u8a2d\u65bd!"
        },
        {
            "id": "G8mJXEmD1yo",
            "title": "\u7f8e\u570b\u7684\u53f0\u7063\u73cd\u73e0\u5976\u8336\u597d\u559d\u55ce? \u958b\u7bb1\u7d10\u7d04\u6700\u592f\u53f0\u5f0f\u624b\u6416\u98f2TOP4\ud83d\udd25"
        },
        {
            "id": "1J3WdNYCm5M",
            "title": "\u3010\u5962\u83ef\u6311\u6230\u3011\u5728\u7d10\u7d04\u4e00\u5929\u82b110\u842c\u53f0\u5e63! \u9802\u7d1a\u4eab\u53d7\u8b93\u963f\u6ef4\u611f\u52d5\u5230\u54ed\ud83d\ude2d @DaChien @helloiamhook"
        },
        {
            "id": "FA71r5eIYUg",
            "title": "\u3010\u771f\u6ef4\u8981\u5c0d\u6c7a\u301137,200\u5143\u7684\u7d10\u7d04\u5305\u68df\u8c6a\u83ef\u6c11\u5bbf\u5c0d\u6c7a3,700\u5143\u5e73\u50f9\u6c11\u5bbf!  @DaChien  @helloiamhook\u200b"
        },
        {
            "id": "C8DE4lu05XI",
            "title": "\u8ddf\u5927\u8b19\u871c\u6708\u65c5\u884c\u516b\u5929\u4e03\u591c? \u5c55\u958b\u6211\u5011\u5728\u7d10\u7d04\u7684\u65b0\u751f\u6d3b!"
        },
        {
            "id": "rIQzZmCFNT0",
            "title": "\u5f9e\u4f86\u6c92\u6709\u4e0a\u904e\u73ed\u7684\u6ef4\u59b9\uff0c\u4eba\u751f\u7b2c\u4e00\u6b21\u7576\u83dc\u9ce5\u54e1\u5de5\ud83d\udd25"
        },
        {
            "id": "5e3zi-zRtzg",
            "title": "\u5927\u5b78\u5165\u5b78\u4e0d\u516c\u5e73? \u5b78\u7fd2\u6b77\u7a0b\u7528\u4e0d\u5230? \u9996\u5c46108\u8ab2\u7db1\u7562\u696d\u751f\u7518\u82e6\u8ac7\ud83e\udd72"
        },
        {
            "id": "hWdxdj5gNPY",
            "title": "\u5728\u53f0\u7063\u5ff5\u66f8\u82f1\u6587\u4e5f\u80fd\u8d85\u6d41\u5229? \u8ab0\u624d\u662f\u82f1\u6587\u53e3\u8aaa\u8d85\u6e9c\u7684\u5047\u7559\u5b78\u751f! \ud83d\udd25 ft. \u6d69\u723e"
        }
    ]
}