{
    "channel": {
        "title": "\u773e\u91cf\u7d1aCROWD",
        "id": "UC3LBFXbWtEBdOOUb8-qJm9Q",
        "customUrl": "@crowd1111",
        "uploads": "UU3LBFXbWtEBdOOUb8-qJm9Q"
    },
    "videos": [
        {
            "id": "AY1LJsds22w",
            "title": "\u4f60\u7684\u5c08\u5c6c\u9738\u7e3d\u5df2\u4e0a\u7dda\uff0c\u54ea\u53e5\u64a9\u5230\u4f60\uff1f #\u773e\u91cf\u7d1acrowd"
        },
        {
            "id": "cq6W2N1dCwE",
            "title": "\u7121\u8ad6\u5728\u4e00\u8d77\u591a\u4e45\uff0c\u5973\u4eba\u90fd\u8981\u8b93\u81ea\u5df1\u4fdd\u6301\u9b45\u529b\u2026\u9019\u662f\u8b93\u4ed6\u4e00\u76f4\u9ecf\u8457\u6211\u7684\u79d8\u8a23\ud83d\udc95\u4f60\u5011\u7684\u662f\u4ec0\u9ebc\u5462\uff1f"
        },
        {
            "id": "_xdMxZa_aks",
            "title": "\u642d\u9ad8\u9435\u80fd\u5230\u9999\u6e2f\ud83c\udded\ud83c\uddf0\uff1f\u5927\u5bb6\u5feb\u53bb\u8a66\u8a66\u770b\uff08\u8aa4\ud83d\ude02\u8a18\u5f97\u6536\u85cf+\u5206\u4eab \u51fa\u53bb\u65c5\u904a\u96a8\u624b\u62cd\u8d77\u4f86\ud83d\ude0c#hellohongkong #\u9999\u6e2f"
        },
        {
            "id": "93H3nSqIxaQ",
            "title": "\u6211\u5011\u8ab0\u6700\u597d\u52d5\uff1f TAG\u4f60\u5f88\"\u904e\u52d5\"\u7684\u670b\u53cb\u4e00\u8d77\u5408\u62cd\uff01"
        },
        {
            "id": "MpcTNlWAUm4",
            "title": "\u4eca\u665a\u6e96\u5099High\u4e86\u55ce\uff1fTag\u4f60\u611b\u591c\u751f\u6d3b\u7684\u670b\u53cb\u4e00\u8d77\u62cd\ud83e\udd29#Meta\u91d1\u523b\u734eAfterParty#2023\u91d1\u523b\u734e#\u91d1\u523b\u734e#\u518d\u770b\u4e00\u773c"
        },
        {
            "id": "4txfAyNilQo",
            "title": "Tag\u4f60\u9700\u8981\u88ab\u7642\u7652\u7684\u670b\u53cb\uff0c\u4ed6\u4e00\u5b9a\u6703\u611f\u8b1d\u4f60\ud83d\ude1c\u5feb\u8e0f\u4e0a\u201c \u95b1\u4e16\u754c - MOI \u7684\u5947\u5e7b\u65c5\u9014\u5427\ud83d\ude0d \u201d \u6642\u9593\uff1a11/1-11/30 \uff0c11\uff1a00 - 21\uff1a00\u5730\u9ede\uff1a\u627f\u5104\u9152\u5e971F\u6236\u5916\u5927\u8349\u76ae & 7F \u627f\u98a8\u66f8\u5e97"
        },
        {
            "id": "83V-9sAGic4",
            "title": "\u6709\u500b\u628a\u624b\u904a\u7576\u795e\u7684\u5973\u53cb\uff0c\u4f60\u6703\u5e7e\u9ede\u56de\u5bb6\uff1f\ud83d\ude02"
        },
        {
            "id": "0Wd6UgG-b84",
            "title": "\u6bd4\u68d2\u68d2\u7cd6\u9084\u751c\u7684\u5408\u62cd\uff0c\u5feb\u627e\u53e6\u4e00\u534a\u8a66\u8a66\u770b\ud83c\udf6c\ud83e\udd70"
        },
        {
            "id": "ChICRMEHYlo",
            "title": "\u5077\u5077\u6536\u85cf\u8d77\u4f86\u6708\u5e95\u8cb7\u7d66\u4f60\u670b\u53cb\u5403\ud83d\ude02\u6211\u5011\u5728\u9019\u5f85\u4e86\u6574\u500b\u4e0b\u5348\uff0c\u592a\u4eab\u53d7\u4e86\uff5e\ud83e\udd70"
        },
        {
            "id": "gbwl29QUTyM",
            "title": "Fun ways to interact with friends\ud83e\udd2dTag\u4f60\u62c9\ud83d\udca9\u7b2c\u4e00\u540d\u7684\u670b\u53cb\u4e00\u8d77\u62cd\uff01"
        },
        {
            "id": "HTx9bjPXsa0",
            "title": "\u6211\u5011\u6700\u751c\u871c\u7684\u4e8b\uff0c\u662f\u7d93\u6b77\u8a31\u591a\u559c\u6012\u54c0\u6a02\ud83d\udc95"
        },
        {
            "id": "0QqwO85_nxM",
            "title": "\u6559\u4f6010\u79d2\u5b8c\u6210\u842c\u8056\u7bc0\u599d\u5bb9\ud83c\udf83\u50b3\u7d66\u4f60\u61f6\u7684\u88dd\u626e\u7684\u670b\u53cb\uff01#\u842c\u8056\u7bc0 #halloween #\u599d\u5bb9"
        },
        {
            "id": "HgDhMP8uoBY",
            "title": "\u50b3\u7d66\u4f60\u5973\u53cb\u770b\uff01\u4ee5\u5f8c\u4e0d\u6703\u70ba\u4e86\u62cd\u7167\u5435\u67b6\u4e86\ud83d\ude07#\u62cd\u7167\u6280\u5de7 #gucci #horsebit1955#\u773e\u91cf\u7d1acrowd #andy\u8001\u5e2b #\u5bb6\u5be7"
        },
        {
            "id": "snlM3b1LjY0",
            "title": "100%\u642d\u8a15\u6210\u529f\u7684\u5c0f\u6280\u5de7\ud83d\ude4c"
        },
        {
            "id": "1VF5wco64_U",
            "title": "\u9019\u884c\u70ba\u662f\u5168\u7403\u5973\u6027\u7d71\u4e00\u5427\uff01Tag\u4f60\u611b\u7167\u93e1\u5b50\u7684\u5973\u751f\ud83e\udd23#\u9152\u5427 #\u773e\u91cf\u7d1acrowd"
        },
        {
            "id": "k_e-ZAaC3T4",
            "title": "\u80fd\u7642\u7652\u756b\u756b \u53c8\u80fd\u60e1\u6574\u670b\u53cb\u7684\u597d\u53bb\u8655\uff01Tag\u4f60\u7684\u640d\u53cb\u4e00\u8d77\u53bb\u73a9\ud83d\ude4c#\u53f0\u5357\u666f\u9ede #paintme"
        },
        {
            "id": "lso2EadtPsY",
            "title": "\u807d\u8aaa\u807d\u5230\u9019\u9996\u6b4c\u7684\u4eba\uff0c100%\u90fd\u662f\u6200\u611b\u8166\ud83e\udde0\ud83d\udc95Tag\u4f60\u6200\u611b\u8166\u7684\u670b\u53cb\u4f86\u807d\uff5e"
        },
        {
            "id": "CRe871RUxzo",
            "title": "Tag\u4f60\u7537\u53cb\u4f86\u807d\uff0c\u7136\u5f8c\u7559\u8a00\u4ed6\u7684\u8868\u60c5\u662f\u4ec0\u9ebc\uff1f\ud83d\ude02#\u6e23\u7537\u8a9e\u9304"
        },
        {
            "id": "mWIDblYutu4",
            "title": "\u4f60\u4ee5\u70ba\u7d50\u5c40\uff0c\u5f9e\u4f86\u4e0d\u6703\u5982\u4f60\u6240\u6599\ud83d\ude0f#WBJ#\u7b2c\u4e94\u5c46\u8d70\u9418\u734e#5thwalkbelliohnawards"
        },
        {
            "id": "yQN86Vqa86s",
            "title": "\u8b1d\u8b1d\u5927\u5bb6\uff01\u6211\u5011\u5f97\u734e\u4e86\ud83e\udd25"
        },
        {
            "id": "Y2mt1CoyCrw",
            "title": "\u5bb6\u5be7\u7684\u5047\u6454\u7d66\u5e7e\u5206\uff1f\ud83d\ude02#\u81fa\u5317\u6642\u88dd\u9031  #\u65b0\u9bae\u79c0 #\u8d70\u79c0"
        },
        {
            "id": "tkzm4pFd-Fg",
            "title": "\u670d\u88dd\u5e97\u7684\u65b0\u62cd\u6cd5\uff01\u5feb\u53eb\u4f60\u7684\u5c0d\u8c61\u4e00\u8d77\u62cd\u2764\ufe0f#\u60c5\u4fb6\u5c0d\u93e1\u62cd\u6311\u6230 #\u60c5\u4fb6\u651d\u5f71"
        },
        {
            "id": "7c_JQtsUnUI",
            "title": "\u5916\u51fa\u624b\u6a5f\u6c92\u96fb\u600e\u9ebc\u8fa6\uff1f\u4fbf\u5229\u5546\u5e97\u4e00\u5206\u9418\u89e3\u6c7a\u4f60\u7684\u554f\u984c\ud83d\ude4b#711 #\u884c\u52d5\u96fb\u6e90 #\u4fbf\u5229\u5546\u5e97"
        },
        {
            "id": "AYQDf1f9b6E",
            "title": "iPhone\u7684\u4e00\u751f = \u5973\u53cb\u7684\u4e00\u751f?"
        },
        {
            "id": "MSP6qbzp1O8",
            "title": "\u807d\u8aaa\u770b\u5230\u9019\u500b\u665a\u971e\u7684\u4eba\uff0c\u90fd\u5728\u5e78\u798f\u5feb\u6a02\u7684\u8def\u4e0a\u4e86\ud83c\udf04\ud83d\udc95#\u773e\u91cf\u7d1acrowd #\u665a\u971e #\u60f3\u548c\u4f60\u770b\u4e94\u6708\u7684\u665a\u971e"
        }
    ]
}