{
    "channel": {
        "title": "\u5fd7\u797a\u4e03\u4e03 X \u5716\u6587\u4e0d\u7b26",
        "id": "UCiWXd0nmBjlKROwzMyPV-Nw",
        "customUrl": "@shasha77",
        "uploads": "UUiWXd0nmBjlKROwzMyPV-Nw"
    },
    "videos": [
        {
            "id": "drd82I7aPgc",
            "title": "\u6212\u56b4\u6642\u671f\u6700\u5f37\u5a1b\u6a02\ud83e\udd29\u7d9c\u85dd\u59cb\u7956\u300c\u79c0\u5834\u8868\u6f14\u300d\uff5c\u5fd7\u797a\u4e03\u4e03 #shorts"
        },
        {
            "id": "wey9NN56dRY",
            "title": "\u4e00\u5929\u5730\u9707 800 \u6b21\uff01\ud83d\ude28\u51b0\u5cf6\u706b\u5c71\u5c07\u7206\u767c\uff1f\ud83c\udf0b\uff5c\u5fd7\u797a\u4e03\u4e03 #shorts"
        },
        {
            "id": "IUdEnqNOK1g",
            "title": "\u9707\u9a5a\u5168\u7f8e\u7684\u300c\u60e1\u9b54\u9644\u8eab\u547d\u6848\u300d\uff0c\u53ea\u662f\u83ef\u502b\u592b\u5a66\u7684\u8b0a\u8a00\uff1f\u771f\u76f8\u5230\u5e95\u662f\u4ec0\u9ebc\uff1f\uff5c\u5fd7\u797a\u4e03\u4e03"
        },
        {
            "id": "u5bwbW4s1n4",
            "title": "\u97d3\u570b\u66fe\u7d93\u7684\u300c\u795e\u8077\u696d\u300d\u5982\u4eca\u537b\u8dcc\u843d\u795e\u58c7\ud83d\ude32\uff1f\uff5c\u5fd7\u797a\u4e03\u4e03 #shorts"
        },
        {
            "id": "1yUq3UjGC4k",
            "title": "\u5df4\u9ece\u5e8a\u8768\u5165\u4fb5\u5730\u9435\u3001\u96fb\u5f71\u9662\uff0c\u5c31\u9023\u5b78\u6821\u90fd\u88ab\u8feb\u95dc\u9589\uff01\u53f0\u7063\u6703\u662f\u4e0b\u4e00\u500b\u55ce\uff1f\uff5c\u5fd7\u797a\u4e03\u4e03"
        },
        {
            "id": "beiGblezZVg",
            "title": "\u53f0\u8a9e\u6d3e\u5c0d\u5496\u5b54\u660e\u8d85\u8b9a\uff01\ud83d\ude18\u53f0\u8a9e\u5b89\u59ae\u4e9e\u6e96\u5099\u767b\u5834\uff5e\ud83d\ude0d\uff5c\u5fd7\u797a\u4e03\u4e03 #shorts"
        },
        {
            "id": "stlAsao7wHQ",
            "title": "\u6c23\u5019\u5b78\u8005\u70ba\u529b\u884c\u6e1b\u78b3 \ud83d\ude32\u4e1f\u6389\u5de5\u4f5c\u4e5f\u5728\u6240\u4e0d\u60dc \ud83d\ude32\uff5c\u5fd7\u797a\u4e03\u4e03 #shorts"
        },
        {
            "id": "YxViCqpZK0Q",
            "title": "\u5438\u5f15\u529b\u4e0d\u518d\u3001\u4e2d\u570b\u81ea\u8eab\u96e3\u4fdd\uff1f\u4e00\u5e36\u4e00\u8def\u63a8\u51fa10\u5e74\u5f8c\uff0c\u73fe\u5728\u600e\u6a23\u4e86\uff1f\uff5c\u5fd7\u797a\u4e03\u4e03"
        },
        {
            "id": "SEdQ-7uGoOc",
            "title": "\u91ab\u751f\u5beb\u5b57\u592a\u4e82\u6703\u9b27\u51fa\u4eba\u547d\uff01\uff1f\ud83d\udc80\uff5c\u5fd7\u797a\u4e03\u4e03 #shorts"
        },
        {
            "id": "pi0WJUbqmLU",
            "title": "\u5927\u6cd5\u5b98\u8a8d\u8b49\u9055\u61b2\ud83e\uddd1\ud83c\udffc\u200d\u2696\ufe0f\u4ee5\u5f8c\u7981\u6b62\u5f37\u5236\u9053\u6b49\uff1f\uff5c\u5fd7\u797a\u4e03\u4e03 #shorts"
        },
        {
            "id": "t-E0aSNeOi4",
            "title": "\u4e0d\u53ea\u653b\u64ca\u4eba\u3001\u9084\u50b7\u5bb3\u91ce\u751f\u52d5\u7269\uff01\u904a\u8569\u72ac\u6578\u91cf\u70ba\u4f55\u964d\u4e0d\u4e0b\u4f86\uff1f\u6062\u5fa9\u5b89\u6a02\u6b7b\uff0c\u80fd\u89e3\u6c7a\u554f\u984c\u55ce\uff1f\uff5c\u5fd7\u797a\u4e03\u4e03"
        },
        {
            "id": "sC4eQpt5iTE",
            "title": "\u6709\u5920\u5730\u7344\uff01\u64bf\u5230\u74f6\u4e2d\u4fe1\ud83d\ude08\u6253\u958b\u5012\u51fa\u300c\u795e\u5947\u7d30\u6c99\u300d\ud83e\udee0\uff5c\u5fd7\u797a\u4e03\u4e03 #shorts"
        },
        {
            "id": "p8eT5ds0BYM",
            "title": "\u5168\u7403\u6700\u8cb4\u8eca\u724c\u591a\u5c11\u9322\uff1f\u8ca7\u7aae\u9650\u5236\u6211\u7684\u60f3\u50cf\uff01\ud83e\udd11\uff5c\u5fd7\u797a\u4e03\u4e03 #shorts"
        },
        {
            "id": "wdxLG0xyJ28",
            "title": "\u8d85\u7169\u4eba\u7684\u9a57\u8b49\u78bc\uff0c\u6839\u672c\u64cb\u4e0d\u4f4f\u6a5f\u5668\u4eba\uff1f\u4eba\u985e\u8f38\u5165\u9a57\u8b49\u78bc\uff0c\u5176\u5be6\u5728\u514d\u8cbb\u8a13\u7df4AI\uff1f\uff5c\u5fd7\u797a\u4e03\u4e03"
        },
        {
            "id": "en0R6XIJvGQ",
            "title": "\u6975\u9650\u9ad4\u80fd\u738b\u767b\u5967\u904b\uff01\ud83d\ude0e\u8ab0\u80fd\u5920\u5b8c\u5168\u5236\u9738\uff01\uff1f\ud83d\ude0e\uff5c\u5fd7\u797a\u4e03\u4e03 #shorts"
        },
        {
            "id": "icSevLNOyKc",
            "title": "\u300a\u9032\u64ca\u7684\u5de8\u4eba\u300b\u5b8c\u7d50\ud83e\udd29\u52d5\u756b\u5316\u52a9\u529b\u7834\u5708\u6210\u795e\uff1f\uff5c\u5fd7\u797a\u4e03\u4e03 #shorts"
        },
        {
            "id": "hLmyoZcraNA",
            "title": "\u7247\u5834\u7a81\u7136\u300c\u7ad9\u4e0d\u8d77\u4f86\u300d\u600e\u9ebc\u8fa6\uff1f\u5973\u6027\u5411 AV \u6709\u4ec0\u9ebc\u4e0d\u4e00\u6a23\uff1f\u65e5\u672c\u4eba\u6c23\u7537\u512a\u5927\u63ed\u79d8\uff01ft.\u5317\u91ce\u7fd4\u3001\u4e0a\u539f\u5343\u660e\u300a\u795e\u79d8\u8077\u696d\u5927\u63ed\u79d8\u300bEP026\uff5c\u5fd7\u797a\u4e03\u4e03"
        },
        {
            "id": "kthMhtp8q5w",
            "title": "\u8de8\u8d8a\u7269\u7a2e\u7684\u4e2d\u85e5\u884c\uff01\ud83d\ude18\u4f5b\u5fc3\u61f8\u58fa\u6fdf\u300c\u9f20\u300d\uff01\ud83d\ude18\uff5c\u5fd7\u797a\u4e03\u4e03 #shorts"
        },
        {
            "id": "ZLsQaQdf2ho",
            "title": "\u5403\u5230\u98fd\u706b\u934b\u5e97\u7684\u7121\u5948\ud83e\udee0\u4e00\u5bb6\u4eba\u9ede600\u76e4\u8089\u6253\u5305\ud83e\udd28\uff5c\u5fd7\u797a\u4e03\u4e03 #shorts"
        },
        {
            "id": "faGuk0eChtM",
            "title": "\u4e16\u754c\u6700\u9577\u4eba\u540d\u6709700\u591a\u5b57\uff01\u53d6\u90a3\u9ebc\u9577\u5230\u5e95\u8981\u5e79\u561b\uff1f\u5404\u7a2e\u53d6\u540d\u65b9\u5f0f\u5927\u96c6\u5408\uff01\uff5c\u5fd7\u797a\u4e03\u4e03"
        },
        {
            "id": "XEcYBxGUFEM",
            "title": "\u6f6e\u6d41\u754c\u6700\u592f\u7684\u718a\uff0c\u53ef\u4ee5\u8ce3\u5230\u4e0a\u767e\u842c\ud83d\ude32\uff01\uff5c\u5fd7\u797a\u4e03\u4e03 #shorts"
        },
        {
            "id": "B2A4p6lWD6Y",
            "title": "\u5403\u4e09\u660e\u6cbb\u5169\u4efd\u5c31\u88ab\u958b\u9664\uff01\u6cd5\u5b98\u537b\u5224\u5b9a\u516c\u53f8\u52dd\u8a34\uff1f\ud83d\ude32\uff5c\u5fd7\u797a\u4e03\u4e03 #shorts"
        },
        {
            "id": "qNaSQRUi05A",
            "title": "\u70ba\u4f55\u5230\u8655\u90fd\u662f\u6c38\u548c\u8c46\u6f3f\uff1f\u5b83\u662f\u600e\u9ebc\u8208\u8d77\u3001\u53c8\u662f\u5982\u4f55\u5e2d\u6372\u5168\u53f0\uff1f\u300a\u53f0\u5473\u4e03\u4e03\u300bEP038\uff5c\u5fd7\u797a\u4e03\u4e03"
        },
        {
            "id": "iQ0wdH_-h7g",
            "title": "\u5b6b\u6b63\u7fa9\u5152\u6642\u7aae\u5230\u6536\u5eda\u9918\ud83d\ude2d\u4f4622\u6b72\u6642\u5c31\u8cfa\u5230\u4e00\u5104\uff01\ud83d\ude0e\uff5c\u5fd7\u797a\u4e03\u4e03 #shorts"
        },
        {
            "id": "gWRmObJt3nE",
            "title": "\u534a\u591c\u597d\u9913\u60f3\u8cb7\u5bb5\u591c\ud83e\udd24 \u7c73\u862d\u653f\u5e9c\uff1a\u7981\u6b62\uff01\ud83d\ude20\uff5c\u5fd7\u797a\u4e03\u4e03 #shorts"
        },
        {
            "id": "JMeDuTVSp48",
            "title": "\u88ab\u8ce3\u5230\u570b\u5916\uff0c\u6210\u4e86\u4eba\u751f\u52dd\u5229\u7d44\uff0c\u70ba\u4f55\u9019\u4e9b\u4eba\u9084\u60f3\u8981\u56de\u53f0\u7063\u5c0b\u89aa\uff1fft.\u300a\u5831\u5c0e\u8005\u300b\u8a18\u8005\u8a31\u8a69\u6137\uff5c\u5fd7\u797a\u4e03\u4e03"
        },
        {
            "id": "7GoGHr5zRhg",
            "title": "\u5c3f\u5c3f\u8981\u5750\u8457\u9084\u662f\u7ad9\u8457\ud83d\udebb\uff1f\u53e4\u4ee3\u8cb4\u5a66\u9078\u64c7\u7ad9\u8457\u5c3f\uff5c\u5fd7\u797a\u4e03\u4e03 #shorts"
        },
        {
            "id": "UOrCmBkNXr4",
            "title": "\u5979\u4e00\u6b21\u53ef\u4ee5\u7761\u5341\u5929\uff1f\ud83d\ude2a\u771f\u5be6\u7761\u7f8e\u4eba\u8d85\u56f0\u64fe\uff01\ud83d\ude25\uff5c\u5fd7\u797a\u4e03\u4e03 #shorts"
        },
        {
            "id": "1Y6XImM4Z-g",
            "title": "\u4e0a\u5343\u4eba\u5728\u540c\u500b\u5730\u9ede\u7d50\u675f\u751f\u547d\uff0c\u300c\u81ea\u6bba\u52dd\u5730\u300d\u70ba\u4f55\u6709\u81f4\u547d\u5438\u5f15\u529b\uff1f\u4e16\u754c\u4e0a\u6709\u54ea\u4e9b\u81ea\u6bba\u52dd\u5730\uff1f\uff5c\u5fd7\u797a\u4e03\u4e03"
        },
        {
            "id": "_HcdxdCLftw",
            "title": "1.24\u5678\u7684\u8d85\u5de8\u5357\u74dc\uff1f\ud83c\udf83\u76f4\u63a5\u5237\u65b0\u4e16\u754c\u7d00\u9304\uff01\ud83d\ude32\uff5c\u5fd7\u797a\u4e03\u4e03 #shorts"
        },
        {
            "id": "GymnxYfI0vA",
            "title": "\u6211\u7684\u89c0\u9ede\uff1d\u4e3b\u6d41\u610f\u898b\uff1f\u4ec0\u9ebc\u662f\u932f\u8aa4\u5171\u8b58\u6548\u61c9\uff1f\ud83e\udd14\uff5c\u5fd7\u797a\u4e03\u4e03 #shorts"
        },
        {
            "id": "YRGQsckIbxg",
            "title": "\u9999\u5948\u5152\u88ab\u8b7d\u70ba\u300c\u89e3\u653e\u5973\u6027\u300d\u7684\u63a8\u624b\uff0c\u4f46\u6709\u4eba\u8aaa\u5979\u5176\u5be6\u90fd\u9760\u7537\u4eba\uff0c\u9019\u662f\u771f\u7684\u55ce\uff1f\u300a \u6642\u4ee3\u7684\u5de8\u4eba\u300bEP 016\uff5c\u5fd7\u797a\u4e03\u4e03"
        },
        {
            "id": "yDI7HHrRGhA",
            "title": "\u60b2\u5831\uff01\u96ea\u87f9\u6578\u91cf\u9a5f\u964d\uff01\ud83e\udd80\ufe0f\u4e09\u5e74\u5c31\u6d88\u5931 70 \u5104\u96bb\uff1f\ud83d\ude32\uff5c\u5fd7\u797a\u4e03\u4e03 #shorts"
        },
        {
            "id": "XUHvw4FXoGU",
            "title": "\u5fae\u535a\u5f37\u5236\u516c\u958b\u771f\u540d\ud83d\ude31\u767e\u842c\u5927\uff36\u81ea\u522a\u5e33\u865f\ud83d\ude31\uff5c\u5fd7\u797a\u4e03\u4e03 #shorts"
        },
        {
            "id": "GwWxBtETkto",
            "title": "\u6296\u97f3\u73a9\u5177\u863f\u8514\u5200\uff0c\u70ba\u4f55\u88ab\u7981\uff1f\u5b83\u662f\u771f\u7684\u5f88\u5371\u96aa\uff0c\u9084\u662f\u5927\u4eba\u53cd\u61c9\u904e\u5ea6\uff1f \u300a \u597d\u5947\u4e03\u4e03\u63a2\u7d22\u65e5\u8a18 \u300bEP 038\uff5c\u5fd7\u797a\u4e03\u4e03"
        },
        {
            "id": "VaOB61Lq6eE",
            "title": "\u5eda\u9918\u4e0d\u80fd\u4e1f\u4e00\u822c\u5783\u573e\uff1f\ud83e\udd14\u4e0d\u80fd\u990a\u8c6c\uff0c\u6536\u4e86\u80fd\u5e79\u561b\uff1f\uff5c\u5fd7\u797a\u4e03\u4e03 #shorts"
        },
        {
            "id": "V5RhbGOY8MM",
            "title": "\u5a5a\u79ae\u7576\u5929\u65b0\u90ce\u843d\u8dd1\uff01\ud83d\ude31\u65b0\u5a18\u53ea\u597d\u5ac1\u7d66\u516c\u516c\uff1f\ud83d\ude31\uff5c\u5fd7\u797a\u4e03\u4e03 #shorts"
        },
        {
            "id": "USXaqIX1yuc",
            "title": "\u56de\u61c9\u7acb\u59d4\u4e0d\u5be6\u6307\u63a7\uff01\u5fd7\u797a\u662f\u6c11\u9032\u9ee8\u990a\u7684\u300c\u89aa\u7da0\u7db2\u7d05\u300d\uff1f\u62ff\u653f\u5e9c 2700 \u842c\u9084\u5acc\u5c11\uff1f\u738b\u9d3b\u8587\u7684\u8aaa\u6cd5\u54ea\u88e1\u6709\u554f\u984c\uff1f\u300a\u4eca\u5929\u4e0d\u8b80\u7a3f\u300bEP 025\uff5c\u5fd7\u797a\u4e03\u4e03"
        },
        {
            "id": "CPRxvqGIMIQ",
            "title": "\u60f3\u8981\u907f\u514d\u5384\u904b\uff1f\ud83e\uddd0\u8acb\u9060\u96e2\u300c\u5783\u573e\u4ed4\u300d\uff01\ud83d\ude21\uff5c\u5fd7\u797a\u4e03\u4e03 #shorts"
        },
        {
            "id": "sNaIWc51Pl4",
            "title": "\u64d4\u5fc3\u96d911\u8cb7\u5230\u5931\u5fc3\u760b\uff1f\ud83e\udee0\u9019\u500b\u65b9\u6cd5\u80fd\u5e6b\u4f60\u6ec5\u706b\uff01\ud83e\uddef\uff5c\u5fd7\u797a\u4e03\u4e03 #shorts"
        },
        {
            "id": "dOLupJ5pX4Y",
            "title": "\u300a\u9032\u64ca\u7684\u5de8\u4eba\u300b\u6700\u7d42\u7ae0\uff01\u963f\u6ef4\u88ab\u67ef\u5c3c\u60f9\u54ed\uff1f\u5fd7\u797a\u89ba\u5f97\u5287\u60c5\u4e0d\u5408\u7406\uff1f ft. \u963f\u6ef4\u300a\u4eca\u5929\u4e0d\u8b80\u7a3f\u300bEP 024\uff5c\u5fd7\u797a\u4e03\u4e03"
        },
        {
            "id": "U5616UezI5g",
            "title": "\u611b\u72ac\u906d\u7b4b\u8089\u888b\u9f20\u9396\u5589\ud83d\ude2d\u6fb3\u4e3b\u4eba\u52c7\u6562\u5f92\u624b\u640f\u9b25\ud83e\udd4a\uff5c\u5fd7\u797a\u4e03\u4e03 #shorts"
        },
        {
            "id": "sgsbnomoTVU",
            "title": "\u4f0a\u85e4\u5712\u795e\u79d8\u5ee3\u544a\u5973\u661f\uff01\ud83e\udd14\u4f60\u6709\u770b\u51fa\u54ea\u88e1\u602a\u602a\u55ce\uff1f\ud83e\udd14\uff5c\u5fd7\u797a\u4e03\u4e03 #shorts"
        },
        {
            "id": "O_FAkfjT4R8",
            "title": "\u97d3\u570b\u66fe\u7d93\u7684\u300c\u795e\u8077\u696d\u300d\uff01\u5343\u8f9b\u842c\u82e6\u8003\u4e0a\u516c\u52d9\u54e1\uff0c\u5982\u4eca\u537b\u6709\u8fd1\u534a\u5e74\u8f15\u4eba\u60f3\u96e2\u8077\uff1f\uff5c\u5fd7\u797a\u4e03\u4e03"
        },
        {
            "id": "t8UfDc5Z3oY",
            "title": "\u5230\u8655\u90fd\u662f\u7f8e\uff38\u7f8e\ud83e\udd6a\u53f0\u7063\u65e9\u9910\u5e97\u5546\u6a19\u5927\u6230\uff5c\u5fd7\u797a\u4e03\u4e03 #shorts"
        },
        {
            "id": "0RMuK5EBbM8",
            "title": "\u5f71\u8ff7\u7834\u4e16\u754c\u7d00\u9304\uff01\ud83d\ude0e\u4e00\u5e74\u770b777\u6b21\u96fb\u5f71 \ud83d\ude0e\uff5c\u5fd7\u797a\u4e03\u4e03 #shorts"
        },
        {
            "id": "pioGGBso84g",
            "title": "\u53f0\u7063\u7684\u5927\u5b78\uff0c\u88ab\u7f8e\u570b\u9ede\u540d\u4eba\u53e3\u8ca9\u904b\u3001\u5f37\u8feb\u52de\u52d5\uff01\u5916\u7c4d\u751f\u4f86\u53f0\u8b80\u66f8\uff0c\u70ba\u4f55\u8b8a\u8840\u6c57\u52de\u5de5\uff1f\uff5c\u5fd7\u797a\u4e03\u4e03"
        },
        {
            "id": "04vaRHLG-Qc",
            "title": "\u597d\u5fc3\u60f3\u5e6b\u5fd9\u537b\u89f8\u6cd5\ud83d\ude16\u4ed6\u628a\u64e6\u53e4\u8e5f\u5edf\u9580\u843d\u6f06\uff5c\u5fd7\u797a\u4e03\u4e03 #shorts"
        },
        {
            "id": "JTCfZX0QD4c",
            "title": "\u4f01\u696d\u9760\u300c\u5047\u88dd\u74b0\u4fdd\u300d\u8cfa\u9322\uff1f\u9ad8\u90546\u6210\u4f01\u696d\u7591\u4f3c\u6f02\u7da0\ud83d\ude20\uff5c\u5fd7\u797a\u4e03\u4e03 #shorts"
        },
        {
            "id": "cSgo-l4zZP8",
            "title": "\u738b\u9d3b\u8587\u7d66\u6211\u9322\uff01\u53c8\u53c8\u53c8\u5435\u6a19\u6848\uff1f\uff5c\u5fd7\u797a\u4e03\u4e03 #shorts"
        },
        {
            "id": "wPKuHlmL6BU",
            "title": "\u5927\u6cd5\u5b98\u8a8d\u8b49\uff1a\u5f37\u5236\u9053\u6b49\u9055\u61b2\uff01\u4ee5\u5f8c\u72af\u932f\u4e0d\u7528\u9053\u6b49\u4e86\u55ce\uff1f\uff5c\u5fd7\u797a\u4e03\u4e03"
        },
        {
            "id": "ua1Hmh1uzUU",
            "title": "\u9bd4\u9b5a\u982d\u9aee\u578b\u9577\u5565\u6a23\uff1f\ud83e\udd14\u9084\u80fd\u5275\u4e16\u754c\u7d00\u9304\uff1f\uff1f\ud83e\udd14\uff5c\u5fd7\u797a\u4e03\u4e03 #shorts"
        },
        {
            "id": "zyDI9A7u8IE",
            "title": "\u8df3\u6c34\u53f0\u592a\u9ad8\u4e0d\u6562\u8df3\uff1f\ud83d\ude30 \u6551\u751f\u54e1\u8e39\u6cf3\u5ba2\u4e0a\u8def\uff01\ud83d\ude35\uff5c\u5fd7\u797a\u4e03\u4e03 #shorts"
        },
        {
            "id": "kILLH7aDEGA",
            "title": "\u8ce3\u6f22\u5821\u53ea\u662f\u526f\u696d\uff01\uff1f\u9ea5\u7576\u52de\u5230\u5e95\u5982\u4f55\u6210\u70ba\u5168\u7403\u901f\u98df\u696d\u9f8d\u982d\uff1f\u300a \u6642\u4ee3\u7684\u5de8\u4eba\u300bEP 015\uff5c\u5fd7\u797a\u4e03\u4e03"
        },
        {
            "id": "iiIwQJoLS5o",
            "title": "\ud83c\udf4e\u8cc8\u4f2f\u65af\u5973\u5152\u51fa\u66f8\uff0c\u63ed\u958b\u721b\u7238\u7238\u771f\u76f8\uff1f\uff5c\u5fd7\u797a\u4e03\u4e03 #shorts"
        },
        {
            "id": "JQKpjxwONrw",
            "title": "\u5fb7\u570b\u5973\u6a21\u7591\u9047PUA\uff1f\ud83d\ude30\u5f8c\u6094\u65b7\u9aa8\u589e\u9ad814\u516c\u5206\ud83d\ude30\uff5c\u5fd7\u797a\u4e03\u4e03 #shorts"
        },
        {
            "id": "1m0qZcIbnLY",
            "title": "\u300a\u9032\u64ca\u7684\u5de8\u4eba\u300b\u70ba\u4f55\u662f\u795e\u4f5c\uff1f\u7d50\u5c40\u771f\u7684\u662f\u6557\u7b46\uff1f\u52d5\u756b\u7248\u7d50\u5c40\u6703\u66f4\u597d\u55ce\uff1f\u300a \u4eca\u5929\u4e0d\u8b80\u7a3f \u300bEP023\uff5c\u5fd7\u797a\u4e03\u4e03"
        },
        {
            "id": "6cUabXe642I",
            "title": "YouTuber\u8c37\u5e95\u7ffb\u8eab\uff1f\u300c\u9019\u7a2e\u300d\u5947\u8469\u65b9\u5f0f\uff0c\u89c0\u773e\u8cb7\u55ae\u55ce\uff1f\ud83e\uddd0\uff5c\u5fd7\u797a\u4e03\u4e03 #shorts"
        },
        {
            "id": "x4F1R0cQ6tk",
            "title": "\u4e2d\u570b\u77e5\u540d\u756b\u5bb6\u6d89\u4fb5\u6b0a\ud83e\udd25122\u5e45\u756b\u4f5c\u8907\u88fd\u8cbc\u4e0a\ud83e\udd25\uff5c\u5fd7\u797a\u4e03\u4e03 #shorts"
        },
        {
            "id": "aqSFwVZT8ps",
            "title": "\u89c0\u5149\u5ba2\u5927\u9b27\u963f\u7f8e\u65cf\u5e74\u796d\uff0c\u5f15\u7206\u539f\u6c11\u6012\u706b\uff1f\u300c\u8c50\u5e74\u796d\u300d\u5176\u5be6\u4e0d\u662f\u5728\u6b61\u6176\u8c50\u6536\uff1f\uff5c\u5fd7\u797a\u4e03\u4e03"
        },
        {
            "id": "6lro1S11rRM",
            "title": "\u56b4\u91cd\u4e8b\u4ef6\u9020\u6210\u96c6\u9ad4\u5275\u50b7\ud83d\ude22\u9023\u975e\u7576\u4e8b\u4eba\u90fd\u6df1\u9677\u75db\u82e6\ud83d\ude22\uff5c\u5fd7\u797a\u4e03\u4e03 #shorts"
        },
        {
            "id": "13LmwijXQoA",
            "title": "\u79df\u5ba2\u8f49\u751f\u7570\u4e16\u754c\u22ef\ud83d\ude30\u623f\u6771\u53ef\u4ee5\u6c42\u511f\u55ce\uff1f\ud83d\ude30\uff5c\u5fd7\u797a\u4e03\u4e03 #shorts"
        },
        {
            "id": "zjcD9z8AzO4",
            "title": "\u4e2d\u570b\u524d\u7e3d\u7406\u731d\u6b7b\uff0c\u771f\u7684\u8ddf\u7fd2\u8fd1\u5e73\u6709\u95dc\uff1f\u674e\u514b\u5f37\u6b7b\u5f8c\uff0c\u4e2d\u570b\u6703\u767c\u751f\u4ec0\u9ebc\u4e8b\uff1f\u300a \u5de6\u908a\u9130\u5c45\u89c0\u5bdf\u65e5\u8a18 \u300bEP 094\uff5c\u5fd7\u797a\u4e03\u4e03"
        },
        {
            "id": "k1b38T2D8uE",
            "title": "\u5fd7\u797a\u5230\u5e95\u6574\u4e86\u54ea\u88e1\uff1f\u771f\u7684\u82b1\u4e86200\u842c\uff1f\ud83d\ude32\uff5c\u5fd7\u797a\u4e03\u4e03 #shorts"
        },
        {
            "id": "zrUTzt94OpA",
            "title": "\u59b9\u59b9\u60f3\u751f\u5c0f\u5b69\u537b\u4e0d\u5b55\ud83d\ude22\u59ca\u59d0\uff1a\u5b50\u5bae\u6350\u7d66\u59b3\uff01\ud83e\udd17\uff5c\u5fd7\u797a\u4e03\u4e03 #shorts"
        },
        {
            "id": "y0wPgKCQ_Fw",
            "title": "\u97d3\u570b\u623f\u50f9\u72c2\u6f3220\u5e74\uff0c\u70ba\u4f55\u7a81\u7136\u66b4\u8dcc\uff1f\u53f0\u7063\u6703\u662f\u4e0b\u4e00\u500b\u55ce\uff1f\uff5c\u5fd7\u797a\u4e03\u4e03"
        },
        {
            "id": "siE_Qv2OTdI",
            "title": "\u85e5\u5ee0\uff1a\u63a8\u51fa\u5fc3\u8840\u7ba1\u65b0\u85e5 \ud83e\udd73\u60a3\u8005\uff1a\u4f46\u662f\u6211BOKI\u4e86\ud83d\ude02\uff5c\u5fd7\u797a\u4e03\u4e03 #shorts"
        },
        {
            "id": "X2tpUd0gg4Y",
            "title": "\u6436\u52ab\u5931\u6557\u53cd\u88ab\u63cd\u7206\ud83d\ude02\u908a\u9003\u908a\u62c9\u8932\u5b50\u8d85\u7cd7\ud83d\ude02\uff5c\u5fd7\u797a\u4e03\u4e03 #shorts"
        },
        {
            "id": "TRzNlHMtPog",
            "title": "\u5169\u5e74\u5927\u8667 4000 \u5104\uff0c\u53f0\u96fb\u70ba\u4f55\u9677\u5165\u8ca1\u52d9\u9ed1\u6d1e\uff1f\u73fe\u5728\u7684\u80fd\u6e90\u653f\u7b56\uff0c\u53c8\u6709\u4ec0\u9ebc\u722d\u8b70\uff1f\uff5c\u5fd7\u797a\u4e03\u4e03"
        },
        {
            "id": "tgcARsY8VOM",
            "title": "\u61f6\u4eba\u5967\u904b\u6230\u6cc1\u6fc0\u70c8\ud83d\udd25\u9023\u8eba\u4e00\u500b\u6708\u52dd\u8ca0\u672a\u6c7a\ud83d\ude02\uff5c\u5fd7\u797a\u4e03\u4e03 #shorts"
        },
        {
            "id": "J5WXlDoU9GI",
            "title": "\u4fc4\u570b\u6700\u5f37\u50ad\u5175\u96c6\u5718\ud83d\ude32\u53db\u8b8a\u548c\u89e3\u6697\u6bba\u8d85\u5c55\u958b\ud83d\ude32\uff5c\u5fd7\u797a\u4e03\u4e03 #shorts"
        },
        {
            "id": "fZGpxveQQLM",
            "title": "\u85cd\u767d\u5169\u6d3e\uff0c\u4e00\u8a00\u4e0d\u5408\u5c31\u958b\u6230\uff01\u70ba\u4f55\u6709\u4eba\u770b\u4e0d\u898b\u7167\u7247\u88e1\u7684\u85cd\u8272\uff1f\u5176\u5be6\u53e4\u4ee3\u300c\u85cd\u8272\u300d\u8d85\u7f55\u898b\uff1f\u85cd\u8272\u51b7\u77e5\u8b58\u5927\u5408\u96c6\uff01 \u300a \u597d\u5947\u4e03\u4e03\u63a2\u7d22\u65e5\u8a18 \u300bEP 037\uff5c\u5fd7\u797a\u4e03\u4e03"
        },
        {
            "id": "YQtE-A9Sp1I",
            "title": "\u6b7b\u547d\u76ef\u8457\u592a\u967d\u5c31\u80fd\u7626\uff1f\u773c\u775b\ud83d\udc40\uff1a\u6709\u8003\u616e\u904e\u6211\u55ce\uff5c\u5fd7\u797a\u4e03\u4e03 #shorts"
        },
        {
            "id": "p-b46AKtTR4",
            "title": "\u540c\u6821\u5b78\u59b9\u8ddf\u6211\u9577\u8d85\u50cf\uff01\u7d50\u679c\u771f\u662f\u89aa\u751f\u59d0\u59b9\uff01\ud83d\ude32\uff5c\u5fd7\u797a\u4e03\u4e03 #shorts"
        },
        {
            "id": "oLWQFYivDo4",
            "title": "\u9078\u8209\u958b\u7968\u624d\u767c\u73fe\u81ea\u5df1\u662f\u53cd\u6307\u6a19\uff1f\u70ba\u4f55\u4eba\u6703\u4ee5\u70ba\u81ea\u5df1\u6700\u516c\u6b63\u3001\u5225\u4eba\u90fd\u5f88\u504f\u9817\uff1f\u8a8d\u8b58\u300c\u932f\u8aa4\u5171\u8b58\u6548\u61c9\u300d\uff01\u300a \u4e03\u4e03\u5fc3\u7406\u5b78 \u300bEP 063\uff5c\u5fd7\u797a\u4e03\u4e03"
        },
        {
            "id": "jspkidwmjx0",
            "title": "\u9577\u69ae\u66d6\u6627\u8a69\u5361\u5f15\u8aa4\u6703\ud83d\ude0d\u7a7a\u670d\u5de5\u6703\u7c72\u62d2\u7d55\u7f72\u540d\ud83d\ude44\uff5c\u5fd7\u797a\u4e03\u4e03 #shorts"
        },
        {
            "id": "cRpG7m4MXRY",
            "title": "\u6211\u672c\u60f3\u5927\u8072\u65a5\u8cac\u7260\uff01\ud83e\udee0\u4f46\u72d7\u72d7\u5be6\u5728\u592a\u53ef\u611b\u310c\ud83e\udee0\uff5c\u5fd7\u797a\u4e03\u4e03 #shorts"
        },
        {
            "id": "H3B3mdUS4iA",
            "title": "\u79d1\u5b78\u89e3\u91cb\u300c\u88ab\u9b54\u795e\u4ed4\u727d\u8d70\u300d\u7684\u771f\u76f8\uff01\u53f0\u7063\u672c\u571f\u9b54\u795e\u4ed4\u50b3\u8aaa\uff0c\u5230\u5e95\u662f\u600e\u9ebc\u4f86\u7684\uff1f\uff5c\u5fd7\u797a\u4e03\u4e03"
        },
        {
            "id": "MsJYEd9-e8o",
            "title": "\u64d4\u6182\u767c\u751f\u6f80\u8c37\u4e8b\u8b8a\ud83d\ude35\u6771\u4eac\u5c01\u5370\u842c\u8056\u7bc0\uff01\ud83c\udf83\u274c\uff5c\u5fd7\u797a\u4e03\u4e03 #shorts"
        },
        {
            "id": "VqK3L_BkDF0",
            "title": "\u963f\u5317\u5403\u85e5\u51fa\u610f\u5916\ud83d\ude31\ud83d\ude31\u6574\u6392\u5047\u7259\u541e\u9032\u5589\u56a8\uff01\uff1f\uff5c\u5fd7\u797a\u4e03\u4e03 #shorts"
        },
        {
            "id": "KXBwKfSlyNY",
            "title": "\u6f6e\u6d41\u754c\u6700\u592f\u7684\u718a\uff01BE@RBRICK \u5230\u5e95\u5728\u7d05\u4ec0\u9ebc\uff1f\u70ba\u4f55\u4e00\u96bb\u80fd\u8ce3\u5230\u4e0a\u767e\u842c\u5143\u53f0\u5e63\uff1f\uff5c\u5fd7\u797a\u4e03\u4e03"
        },
        {
            "id": "sYY2fhzjcdg",
            "title": "\u53f2\u4e0a\u6700\u96e3\u684c\u904a\uff01\ud83e\udd2f\u4e00\u5c40\u8981\u73a9\u5169\u500b\u6708\uff01\uff5c\u5fd7\u797a\u4e03\u4e03 #shorts"
        },
        {
            "id": "YOMiQdmZv4I",
            "title": "\u64d4\u5fc3\u79bf\u982d\u600e\u9ebc\u8fa6\ud83d\ude2e\u200d\ud83d\udca8\u7528\u9019\u62db\u81ea\u6211\u6aa2\u6e2c\uff5c\u5fd7\u797a\u4e03\u4e03 #shorts"
        },
        {
            "id": "SZSBLf1egHU",
            "title": "\u5eda\u9918\u4e1f\u4e00\u822c\u5783\u573e\u4e5f\u6c92\u5dee\uff1f\u5168\u53f0\u5404\u5730\u5206\u985e\u65b9\u5f0f\u8d85\u6df7\u4e82\uff01\u4f60\u77e5\u9053\u9019\u4e9b\u5eda\u9918\uff0c\u5f8c\u4f86\u90fd\u53bb\u54ea\u88e1\u4e86\u55ce\uff1f\u300a \u597d\u5947\u4e03\u4e03\u63a2\u7d22\u65e5\u8a18 \u300bEP 036\uff5c\u5fd7\u797a\u4e03\u4e03"
        },
        {
            "id": "mBzpaaj3I7w",
            "title": "\u4efb\u807716\u516c\u53f8\u4f46\u4e0d\u4e0a\u73ed\ud83d\ude32\u4e2d\u570b\u8208\u8d77\u300c\u9a19\u85aa\u96c6\u5718\u300d\uff5c\u5fd7\u797a\u4e03\u4e03 #shorts"
        },
        {
            "id": "ytSRW1aguLo",
            "title": "Lisa\u4e0a\u760b\u99ac\u79c0\u88ab\u7f75\u7206\uff01\u90a3\u5979\u70ba\u4f55\u9084\u8981\u53bb\ud83d\ude32\uff1f\uff5c\u5fd7\u797a\u4e03\u4e03 #shorts"
        },
        {
            "id": "UyWUYzhOLCY",
            "title": "\u7ad9\u8457\u5c3f\u5c3f\u4e0d\u5065\u5eb7\u53c8\u4e0d\u885b\u751f\uff1f\u7ad9\u5c3f vs \u5750\u5c3f\uff0c\u5404\u6709\u4ec0\u9ebc\u512a\u7f3a\u9ede\uff1f\uff5c\u5fd7\u797a\u4e03\u4e03"
        },
        {
            "id": "lLnRzgZlk68",
            "title": "\u6bcf\u5929\u6ccc\u516d\u516c\u5347\u6bcd\u4e73 \ud83d\ude32\u6bcd\u4e73\u6350\u51fa\u4e16\u754c\u7d00\u9304 \ud83d\ude32\uff5c\u5fd7\u797a\u4e03\u4e03 #shorts"
        },
        {
            "id": "q8mI9HTL3EE",
            "title": "\u50b7\u5bb3\u4e2d\u570b\u4eba\u6c11\u611f\u60c5\u9055\u6cd5\ud83e\udd14\u5c0f\u7c89\u7d05\u8981\u7832\u53e3\u5c0d\u5167\u4e86\u55ce\ud83e\udd14\uff5c\u5fd7\u797a\u4e03\u4e03 #shorts"
        },
        {
            "id": "UuNZRmk8fzk",
            "title": "\u5632\u7b11\uff2f\u9ad4\u3001\u5c0d\u65e5\u672c\u8b66\u5bdf\u4e1f\u5bf6\u53ef\u5922\u7403\uff01\u8072\u540d\u72fc\u85c9\u7684Logan Paul\u662f\u5982\u4f55\u7531\u9ed1\u7ffb\u7d05\uff1f\u300aYouTube \u89c0\u5bdf\u65e5\u8a18\u300b EP 059\uff5c\u5fd7\u797a\u4e03\u4e03"
        },
        {
            "id": "9lI8UpdBjlA",
            "title": "\u70ba\u4ec0\u9ebc\u5168\u4e16\u754c\u7684\u7238\u7238\uff0c\u90fd\u90a3\u9ebc\u611b\u8b1b\u8001\u7238\u7b11\u8a71\uff1f\ud83e\udd17\uff5c\u5fd7\u797a\u4e03\u4e03 #shorts"
        },
        {
            "id": "3iZhWb8uNY0",
            "title": "\u7f8e\u5831\u793e\u5fb5\u5c08\u7cbe\u8a18\u8005\ud83d\ude0e\u53ea\u5831\u6cf0\u52d2\u7d72\u4e00\u500b\u4eba\uff01\ud83d\ude0e\uff5c\u5fd7\u797a\u4e03\u4e03 #shorts"
        },
        {
            "id": "CNaMvKOMPew",
            "title": "\u525b\u7b49\u5b8c 99 \u79d2\u7684\u7d05\u71c8\uff0c\u4e0b\u500b\u8def\u53e3\u53c8\u8981\u7b49 99 \u79d2\uff01\u7d05\u7da0\u71c8\u5230\u5e95\u662f\u600e\u9ebc\u8a2d\u8a08\u7684\uff1f\u300a \u597d\u5947\u4e03\u4e03\u63a2\u7d22\u65e5\u8a18 \u300bEP 035\uff5c\u5fd7\u797a\u4e03\u4e03"
        },
        {
            "id": "La2P08HgJYU",
            "title": "\u56b4\u61f2\u8272\u60c5\u5fa9\u4ec7\uff01\ud83d\ude20\u52a0\u5bb3\u8005\u5224\u8ce0382\u5104\uff01\uff5c\u5fd7\u797a\u4e03\u4e03 #shorts"
        },
        {
            "id": "_qyi0sxtGqQ",
            "title": "\u6c92\u843d\u7684F1\u8cfd\u8eca\u91cd\u65b0\u7ffb\u7d05\ud83d\ude0d\u63a8\u624b\u7adf\u662fNetflix\u7d00\u9304\u7247\uff01\uff5c\u5fd7\u797a\u4e03\u4e03 #shorts"
        },
        {
            "id": "9bj0DFVB8Lk",
            "title": "\u8d8a\u80d6\u7684\u4eba\uff0c\u6a5f\u7968\u5c31\u8d8a\u8cb4\uff1f\u822a\u7a7a\u516c\u53f8\u7528\u9ad4\u91cd\u6c7a\u5b9a\u7968\u50f9\uff0c\u662f\u516c\u5e73\u9084\u662f\u6b67\u8996\uff1f\uff5c\u5fd7\u797a\u4e03\u4e03"
        },
        {
            "id": "0hfnU5NlwNI",
            "title": "\u8c93\u54aa\u5927\u76dc\u7121\u6240\u4e0d\u5077\uff01\ud83d\ude18\u53ef\u611b\u5c31\u80fd\u88ab\u539f\u8ad2\uff01\uff1f\ud83d\ude18\uff5c\u5fd7\u797a\u4e03\u4e03 #shorts"
        },
        {
            "id": "rJjyMgNYHaY",
            "title": "\u615f\uff01\u5c0f\u5b69\u73a9\u716e\u98ef\u5bb6\u5bb6\u9152\ud83d\ude2d\u526a\u721b\u963f\u516c\u9000\u4f11\u91d1\u7576\u83dc\u7092\ud83d\ude2d\uff5c\u5fd7\u797a\u4e03\u4e03 #shorts"
        },
        {
            "id": "8QHw3zizTCI",
            "title": "\u7f8e\u800c\u7f8e\u3001\u7f8e\u53c8\u7f8e\uff0c\u9084\u6709\u65e9\u5b89\u7f8e\u829d\u57ce\uff01\u53f0\u7063\u65e9\u9910\u5e97\u5230\u5e95\u662f\u8981\u591a\u300c\u7f8e\u300d\uff1f\uff01\u300a\u53f0\u5473\u4e03\u4e03\u300bEP037\uff5c\u5fd7\u797a\u4e03\u4e03"
        },
        {
            "id": "k2P4d3NKOe0",
            "title": "\u53c3\u52a0\u6f14\u5531\u6703\u537b\u6c92\u5370\u8c61\uff1f\ud83e\udd72\u5931\u61b6\u7a0b\u5ea6\u6703\u4e0d\u6703\u592a\u8a87\u5f35\uff1f\uff5c\u5fd7\u797a\u4e03\u4e03 #shorts"
        }
    ]
}