{
    "video_info": {
        "id": "0shUmmm1x94",
        "channelTitle": "\u8056\u7d50\u77f3Saint",
        "title": "\u6211\u6703\u501f\u9322\u7d66\u6bcf\u4e00\u4f4d\u770b\u5b8c\u9019\u90e8\u5f71\u7247\u7684\u4eba",
        "description": "Defi\u53bb\u4e2d\u5fc3\u5316\u91d1\u878d\u6703\u6210\u70ba\u4e3b\u6d41\u55ce?\u4e0d\u77e5\u9053,\u4f46\u4e00\u5b9a\u8981\u8a66\u8457\u4e86\u89e3!\n\ud83d\udc49\u55ae\u6708\u6536\u76ca\u7834\u767e\u842c\u8b1b\u5e2b\uff01\u624b\u628a\u624b\u76f4\u64ad\u52a0\u5bc6\u8ca8\u5e63\u4ea4\u6613\u6559\u5b78\u8ab2\u7a0b\u3010\u5e63\u8056\u8ab2\u3011\u25ba\u25bahttps://lin.ee/bGzRExA\n\ud83d\udc49\u99ac\u4e0a\u8a02\u95b1\u8056\u7d50\u77f3\u56c9\uff01\u25ba\u25bahttps://goo.gl/c5v7cQ\n\u672c\u983b\u9053\u7f6e\u5165\u52a0\u5bc6\u8ca8\u5e63\u4ea4\u6613\u6559\u5b78\u8ab2\u7a0b\u5ee3\u544a\uff0c\u65e8\u5728\u6559\u5b78\u6388\u8ab2\uff0c\u8acb\u8a55\u4f30\u98a8\u96aa\uff0c\u8b39\u614e\u7406\u8ca1\u3002\n#\u6bd4\u7279\u5e63 #\u52a0\u5bc6\u8ca8\u5e63\n----------------------------------------------------------------------------------------------------------\n\n\u8056\u7d50\u77f3Saint\u3010\u5b89\u5137\u3011\u25ba\u25bahttps://youtu.be/r4NGGqmX_W4\n\u8056\u7d50\u77f3Saint\u3010\u771f\u7684\u4e0d\u60f3\u5634\u3011\u25ba\u25bahttps://youtu.be/fWuq67-VSTM\n\u8056\u7d50\u77f3Saint\u3010\u6839\u672c\u5c31\u4e0d\u6703\u518d\u898b\u9762\u3011\u25ba\u25bahttps://youtu.be/LAPXqtxxstE\n\u8056\u7d50\u77f3Saint\u3010\u4e00\u5b9a\u6703\u8ffd\u5230\u4f60\u3011\u25ba\u25bahttps://youtu.be/V2mZYvAiLsw\n\u8056\u7d50\u77f3Saint\u3010\u8aaa\u4e0d\u51fa\u53e3\u7684\u60f3\u5ff5\u3011\u25ba\u25bahttps://youtu.be/0dxtL9c_Yxs\n\u8056\u7d50\u77f3Saint\u3010\u53ea\u80fd\u61f7\u5ff5\u3011\u25ba\u25bahttps://youtu.be/AN3nAmTSeEk\n----------------------------------------------------------------------------------------------------------\n\n\u6211\u662f\u8056\u7d50\u77f3\uff0c\u6211\u662f\u4e00\u500b\u5e73\u51e1\u7684\u4eba\uff0c\u4f46\u6211\u5728\u5275\u9020\u4e00\u6bb5\u4e0d\u5e73\u51e1\u7684\u4eba\u751f\u3002\n\nI'm Saint, an ordinary guy creating extraordinary things.\n\n----------------------------------------------------------------------------------------------------------\n\n\ud83d\udc49 More Saint \nFacebook \u25ba\u25bahttp://goo.gl/4UQLS0\nInstagram \u25ba\u25bahttps://goo.gl/DNymkD\n\n\ud83d\udc49 More Saint's Wife \u2764\ufe0f \u8056\u5ac2DODO \u2764\ufe0f\nYoutube \u25ba\u25bahttps://goo.gl/VdtPz5\nFacebook \u25ba\u25bahttps://goo.gl/BZbsDR\n\n----------------------------------------------------------------------------------------------------------\n\n\u5408\u4f5c\u9080\u7d04:saintjey1113@gmail.com\n\u514d\u8cac\u8072\u660e\uff1a\u672c\u983b\u9053\u6240\u6709\u5546\u696d\u5408\u4f5c\u5747\u4e0d\u80fd\u66ff\u5408\u4f5c\u516c\u53f8\u3001\u5718\u9ad4\u3001\u5e73\u53f0\u9032\u884c\u71df\u904b\u80cc\u66f8\u3002\n\n----------------------------------------------------------------------------------------------------------",
        "likeCount": "207",
        "commentCount": "80",
        "viewCount": "11195"
    },
    "comments": [
        {
            "reply_id": "UgyM0NCBKd51UYMiGN94AaABAg",
            "reply_content": "\u6309\u721b\u5c31\u5c0d\u4e86",
            "likeCount": 3
        },
        {
            "reply_id": "UgzzlBNoNxoqSKI5pBB4AaABAg",
            "reply_content": "\u770b\u5b8c\u4e86\uff0c\u5c0d\u5f71\u7247\u5f8c\u7e8c\u80cc\u6c34\u4e00\u6230\u7684\u6545\u4e8b\u89ba\u5f97\u6709\u611f",
            "likeCount": 2
        },
        {
            "reply_id": "Ugxb8I8d6VL5Lqfuk0x4AaABAg",
            "reply_content": "\u719f\u6089\u7684\u97ed\u83dc\u5473",
            "likeCount": 1
        },
        {
            "reply_id": "UgxZwjS9cZcDuOek3eN4AaABAg",
            "reply_content": "\u9019\u4eba\u5230\u5e95\u60f3\u600e\u6a23",
            "likeCount": 1
        },
        {
            "reply_id": "Ugwzw2KtsdUrRxi764l4AaABAg",
            "reply_content": "\u9a19\u5b50",
            "likeCount": 1
        },
        {
            "reply_id": "Ugycrh8CVHAqZJHacf94AaABAg",
            "reply_content": "\u5148\u501f\u6211",
            "likeCount": 1
        },
        {
            "reply_id": "UgwlawnrSQCbxxjd39R4AaABAg",
            "reply_content": "\u53c8\u60f3\u5272",
            "likeCount": 1
        },
        {
            "reply_id": "UgyQY_WFJN9hxQv2rGl4AaABAg",
            "reply_content": "\u963f\u8086\u4ed4",
            "likeCount": 0
        },
        {
            "reply_id": "Ugw9x7oK7vb-0IrH9hh4AaABAg",
            "reply_content": "\u597d\u6158\u597d\u6158",
            "likeCount": 0
        },
        {
            "reply_id": "UgwRIJXF_xzxE4dRDw54AaABAg",
            "reply_content": "\u9084\u6709\u4eba\u6703\u88ab\u9019\u7a2e\u5496\u9a19\u55ce",
            "likeCount": 0
        },
        {
            "reply_id": "Ugx22Sude6x-Cgbtmft4AaABAg",
            "reply_content": "\u719f\u6089\u7684\u97ed\u83dc\u5473",
            "likeCount": 0
        },
        {
            "reply_id": "Ugxs3uyFS6U_VJH6SMN4AaABAg",
            "reply_content": "\u4e0d\u6703\u53c8\u958b\u59cb\u7a2e\u97ed\u83dc\u5427",
            "likeCount": 0
        },
        {
            "reply_id": "UgwBaaqB3e-pLGD4-Fh4AaABAg",
            "reply_content": "\u958b\u5272",
            "likeCount": 0
        },
        {
            "reply_id": "Ugy319uvbDasIqjCnlp4AaABAg",
            "reply_content": "\u958b\u5272",
            "likeCount": 0
        },
        {
            "reply_id": "UgyX84psA9SATlv4UpV4AaABAg",
            "reply_content": "\u5148\u7559\u8a00\u56de\u5bb6\u518d\u770b",
            "likeCount": 0
        },
        {
            "reply_id": "UgyzhqyaUl3GD-UwMWd4AaABAg",
            "reply_content": "\u662f\u63a8\u7279\u8aaa\u8981\u505a\u7684\u90a3\u96bb\u5f71\u7247\u561b\u54c8\u54c8\u54c8",
            "likeCount": 0
        },
        {
            "reply_id": "UgxCgxPJ8YPf-5_pUVF4AaABAg",
            "reply_content": "\u7c3d",
            "likeCount": 0
        },
        {
            "reply_id": "UgyUOH7ny0gqsj14F6Z4AaABAg",
            "reply_content": "\u9177",
            "likeCount": 0
        }
    ]
}