{
    "video_info": {
        "id": "6SP-2Eex1GU",
        "channelTitle": "\u8056\u7d50\u77f3Saint",
        "title": "\u6211\u767c\u73feUSB\u4e2d10\u5e74\u524d\u7559\u4e0b\u4f86\u7684\u6bd4\u7279\u5e63\uff0c\u73fe\u5728\u50f9\u503c\u591a\u5c11\u5462\uff1f",
        "description": "\u9019\u662fEP03,\u53ef\u4ee5\u770b\u770b\u524d\u9762\u5169\u96c6\u54e6!\n\ud83d\udc49\u55ae\u6708\u6536\u76ca\u7834\u767e\u842c\u8b1b\u5e2b\uff01\u624b\u628a\u624b\u76f4\u64ad\u52a0\u5bc6\u8ca8\u5e63\u4ea4\u6613\u6559\u5b78\u8ab2\u7a0b\u3010\u5e63\u8056\u8ab2\u3011\u25ba\u25bahttps://lin.ee/bGzRExA\n\ud83d\udc49\u300a\u4e0d\u5c0f\u5fc3\u8cb7\u6bd4\u7279\u5e63\u66b4\u8cfa150\u5104\u7684\u6211\u6c7a\u5b9a\u53bb\u4fee\u4ed9\u300b\u5c0f\u8aaa\u9023\u8f09\u4e2d\u25ba\u25bahttps://saintjey10.blogspot.com/2021/10/150.html\n\ud83d\udc49\u99ac\u4e0a\u8a02\u95b1\u8056\u7d50\u77f3\u56c9\uff01\u25ba\u25bahttps://goo.gl/c5v7cQ\n\u672c\u983b\u9053\u7f6e\u5165\u52a0\u5bc6\u8ca8\u5e63\u4ea4\u6613\u6559\u5b78\u8ab2\u7a0b\u5ee3\u544a\uff0c\u65e8\u5728\u6559\u5b78\u6388\u8ab2\uff0c\u8acb\u8a55\u4f30\u98a8\u96aa\uff0c\u8b39\u614e\u7406\u8ca1\u3002\n#\u6bd4\u7279\u5e63 #\u52a0\u5bc6\u8ca8\u5e63 #\u5c0f\u8aaa\u63a8\u6587 \n----------------------------------------------------------------------------------------------------------\n\n\u8056\u7d50\u77f3Saint\u3010\u5b89\u5137\u3011\u25ba\u25bahttps://youtu.be/r4NGGqmX_W4\n\u8056\u7d50\u77f3Saint\u3010\u771f\u7684\u4e0d\u60f3\u5634\u3011\u25ba\u25bahttps://youtu.be/fWuq67-VSTM\n\u8056\u7d50\u77f3Saint\u3010\u6839\u672c\u5c31\u4e0d\u6703\u518d\u898b\u9762\u3011\u25ba\u25bahttps://youtu.be/LAPXqtxxstE\n\u8056\u7d50\u77f3Saint\u3010\u4e00\u5b9a\u6703\u8ffd\u5230\u4f60\u3011\u25ba\u25bahttps://youtu.be/V2mZYvAiLsw\n\u8056\u7d50\u77f3Saint\u3010\u8aaa\u4e0d\u51fa\u53e3\u7684\u60f3\u5ff5\u3011\u25ba\u25bahttps://youtu.be/0dxtL9c_Yxs\n\u8056\u7d50\u77f3Saint\u3010\u53ea\u80fd\u61f7\u5ff5\u3011\u25ba\u25bahttps://youtu.be/AN3nAmTSeEk\n----------------------------------------------------------------------------------------------------------\n\n\u6211\u662f\u8056\u7d50\u77f3\uff0c\u6211\u662f\u4e00\u500b\u5e73\u51e1\u7684\u4eba\uff0c\u4f46\u6211\u5728\u5275\u9020\u4e00\u6bb5\u4e0d\u5e73\u51e1\u7684\u4eba\u751f\u3002\n\nI'm Saint, an ordinary guy creating extraordinary things.\n\n----------------------------------------------------------------------------------------------------------\n\n\ud83d\udc49 More Saint \nFacebook \u25ba\u25bahttp://goo.gl/4UQLS0\nInstagram \u25ba\u25bahttps://goo.gl/DNymkD\n\n\ud83d\udc49 More Saint's Wife \u2764\ufe0f \u8056\u5ac2DODO \u2764\ufe0f\nYoutube \u25ba\u25bahttps://goo.gl/VdtPz5\nFacebook \u25ba\u25bahttps://goo.gl/BZbsDR\n\n----------------------------------------------------------------------------------------------------------\n\n\u5408\u4f5c\u9080\u7d04:saintjey1113@gmail.com\n\u514d\u8cac\u8072\u660e\uff1a\u672c\u983b\u9053\u6240\u6709\u5546\u696d\u5408\u4f5c\u5747\u4e0d\u80fd\u66ff\u5408\u4f5c\u516c\u53f8\u3001\u5718\u9ad4\u3001\u5e73\u53f0\u9032\u884c\u71df\u904b\u80cc\u66f8\u3002\n\n----------------------------------------------------------------------------------------------------------",
        "likeCount": "43",
        "commentCount": "11",
        "viewCount": "2129"
    },
    "comments": [
        {
            "reply_id": "UgxY6iAJzkxw8dY1S0Z4AaABAg",
            "reply_content": "\u9019\u500b\u8def\u7dda\u8ddf\u6211\u5370\u8c61\u4e2d\u7684\u8056\u7d50\u77f3\u5dee\u592a\u591a\u4e86\u5427",
            "likeCount": 2
        },
        {
            "reply_id": "UgzHoOJbVGvLU-qpOqd4AaABAg",
            "reply_content": "\u62dc\u8a17\u4e0b\u96c6",
            "likeCount": 0
        },
        {
            "reply_id": "Ugxtn--ivMDUbbbRMoF4AaABAg",
            "reply_content": "\u671f\u5f85\u4e0b\u96c6",
            "likeCount": 0
        },
        {
            "reply_id": "UgwR1PkGQznQXCNJsEx4AaABAg",
            "reply_content": "\u671f\u5f85\u4e0b\u96c6",
            "likeCount": 0
        }
    ]
}