{
    "video_info": {
        "id": "DxA3yso5Upw",
        "channelTitle": "\u8056\u7d50\u77f3Saint",
        "title": "\u958b\u7bb17-11\u60dc\u60dc\u5eb7\u666e\u8336\u9178\u751c\u9752\u6885\u53e3\u5473",
        "description": "\u5176\u5be6\u6211\u883b\u559c\u6b61\u559d\u5eb7\u666e\u8336\u7684\uff0c\u524d\u9663\u5b50\u5e7e\u4e4e\u5929\u5929\u559d\uff0c\u5eb7\u666e\u8336\u4e3b\u8981\u88e1\u9762\u6709\u7d05\u8336\u83cc\uff0c\u64da\u8aaa\u6709\u6392\u6bd2\u3001\u964d\u4e09\u9ad8\u3001\u6297\u8001\u3001\u5e6b\u52a9\u6d88\u5316\u7b49\u6548\u679c\uff0c\u4f46\u9019\u6b3e\u60dc\u60dc\u7684\u9019\u6b3e\u662f\u7b2c\u4e00\u6b21\u559d\uff0c\u6211\u89ba\u5f97\u8ddf\u6211\u60f3\u50cf\u4e2d\u6709\u9ede\u843d\u5dee\uff0c\u4e0b\u6b21\u6211\u518d\u8ddf\u5927\u5bb6\u4ecb\u7d39\u6211\u7684\u611b\u5e97\u597d\u4e86\u3002\uff08\u56e0\u70ba\u4ed6\u5011\u9084\u6c92\u6b63\u5f0f\u71df\u696d\uff09\n\n\u500b\u4eba\u7d9c\u5408\u63a8\u85a6\u5206\u6578\uff1a2.8/5\n\u50f9\u683c\uff1a38\u5143/\u74f6\n\u901a\u8def\uff1a7-11\n\u4f86\u6e90\uff1a\u81ea\u8cbb\u8cfc\u8cb7\n#\u958b\u7bb1 #\u8d85\u5546 #\u65b0\u54c1 #Seven #\u5eb7\u666e\u8336 #\u8178\u80c3 #\u60dc\u60dc",
        "likeCount": "51",
        "commentCount": "4",
        "viewCount": "3743"
    },
    "comments": [
        {
            "reply_id": "Ugx_uSHn3DBobK7mjrZ4AaABAg",
            "reply_content": "\u9019\u751a\u9ebc\u767c\u60c5\u7684\u8072\u97f3",
            "likeCount": 4
        },
        {
            "reply_id": "UgzzCIhy-yyCG8ej1EV4AaABAg",
            "reply_content": "\u6797\u4fca\u5091\u958b\u7bb1",
            "likeCount": 1
        }
    ]
}