{
    "video_info": {
        "id": "jgLcs9wmcek",
        "channelTitle": "\u8056\u7d50\u77f3Saint",
        "title": "\u300a100\u5143\u8ddf\u4f60\u8cb7\u4e00\u500b\u79d8\u5bc6\u300b",
        "description": "\ud83d\udc49\u55ae\u6708\u6536\u76ca\u7834\u767e\u842c\u8b1b\u5e2b\uff01\u624b\u628a\u624b\u76f4\u64ad\u52a0\u5bc6\u8ca8\u5e63\u4ea4\u6613\u6559\u5b78\u8ab2\u7a0b\u3010\u5e63\u8056\u8ab2\u3011\u25ba\u25bahttps://lin.ee/bGzRExA\n\ud83d\udc49\u99ac\u4e0a\u8a02\u95b1\u8056\u7d50\u77f3\u56c9\uff01\u25ba\u25bahttps://goo.gl/c5v7cQ\n/// \u5546\u696d\u5408\u4f5c\u5f71\u7247 \u7279\u5225\u611f\u8b1dBitget\u8d0a\u52a9\u64ad\u51fa ///\n\u672c\u983b\u9053\u7f6e\u5165\u52a0\u5bc6\u8ca8\u5e63\u4ea4\u6613\u6559\u5b78\u8ab2\u7a0b\u5ee3\u544a\uff0c\u65e8\u5728\u6559\u5b78\u6388\u8ab2\uff0c\u8acb\u8a55\u4f30\u98a8\u96aa\uff0c\u8b39\u614e\u7406\u8ca1\u3002\n----------------------------------------------------------------------------------------------------------\n\n\u8056\u7d50\u77f3Saint\u3010\u5b89\u5137\u3011\u25ba\u25bahttps://youtu.be/r4NGGqmX_W4\n\u8056\u7d50\u77f3Saint\u3010\u771f\u7684\u4e0d\u60f3\u5634\u3011\u25ba\u25bahttps://youtu.be/fWuq67-VSTM\n\u8056\u7d50\u77f3Saint\u3010\u6839\u672c\u5c31\u4e0d\u6703\u518d\u898b\u9762\u3011\u25ba\u25bahttps://youtu.be/LAPXqtxxstE\n\u8056\u7d50\u77f3Saint\u3010\u4e00\u5b9a\u6703\u8ffd\u5230\u4f60\u3011\u25ba\u25bahttps://youtu.be/V2mZYvAiLsw\n\u8056\u7d50\u77f3Saint\u3010\u8aaa\u4e0d\u51fa\u53e3\u7684\u60f3\u5ff5\u3011\u25ba\u25bahttps://youtu.be/0dxtL9c_Yxs\n\u8056\u7d50\u77f3Saint\u3010\u53ea\u80fd\u61f7\u5ff5\u3011\u25ba\u25bahttps://youtu.be/AN3nAmTSeEk\n----------------------------------------------------------------------------------------------------------\n\n\u6211\u662f\u8056\u7d50\u77f3\uff0c\u6211\u662f\u4e00\u500b\u5e73\u51e1\u7684\u4eba\uff0c\u4f46\u6211\u5728\u5275\u9020\u4e00\u6bb5\u4e0d\u5e73\u51e1\u7684\u4eba\u751f\u3002\n\nI'm Saint, an ordinary guy creating extraordinary things.\n\n----------------------------------------------------------------------------------------------------------\n\n\ud83d\udc49 More Saint \nFacebook \u25ba\u25bahttp://goo.gl/4UQLS0\nInstagram \u25ba\u25bahttps://goo.gl/DNymkD\n\n\ud83d\udc49 More Saint's Wife \u2764\ufe0f \u8056\u5ac2DODO \u2764\ufe0f\nYoutube \u25ba\u25bahttps://goo.gl/VdtPz5\nFacebook \u25ba\u25bahttps://goo.gl/BZbsDR\n\n----------------------------------------------------------------------------------------------------------\n\n\u5408\u4f5c\u9080\u7d04:saintjey1113@gmail.com\n\u514d\u8cac\u8072\u660e\uff1a\u672c\u983b\u9053\u6240\u6709\u5546\u696d\u5408\u4f5c\u5747\u4e0d\u80fd\u66ff\u5408\u4f5c\u516c\u53f8\u3001\u5718\u9ad4\u3001\u5e73\u53f0\u9032\u884c\u71df\u904b\u80cc\u66f8\u3002\n\n----------------------------------------------------------------------------------------------------------",
        "likeCount": "207",
        "commentCount": "95",
        "viewCount": "14044"
    },
    "comments": [
        {
            "reply_id": "UgwvBzaZOaG1hIy5DFB4AaABAg",
            "reply_content": "\u6709\u75c5\u53bb\u770b\u91ab\u751f",
            "likeCount": 3
        },
        {
            "reply_id": "UgyRX7G1SPghwsUPXJd4AaABAg",
            "reply_content": "\u8056\u54e5\u6559\u6211\u5272\u97ed\u83dc\u63d0\u65e9\u4e00\u5e74\u9084\u5b78\u8cb8",
            "likeCount": 3
        },
        {
            "reply_id": "Ugzz8bNTKf1lt0SqS7x4AaABAg",
            "reply_content": "\u611f\u89ba\u4e5f\u4e0d\u6562\u8b1b\u81ea\u5df1\u7684\u79d8\u5bc6\u800c\u662f\u8b1b\u5225\u4eba\u7684\u79d8\u5bc6\ud83d\ude05",
            "likeCount": 1
        },
        {
            "reply_id": "UgyTr-pib0YsH8Hu4QR4AaABAg",
            "reply_content": "\u5931\u6557\u7684\u4f01\u5283",
            "likeCount": 1
        },
        {
            "reply_id": "Ugwvc_-x-URo9E2081x4AaABAg",
            "reply_content": "\u8056\u54e5\u6559\u6211\u5272\u97ed\u83dc\u63d0\u65e9\u4e00\u5e74\u9084\u5b78\u8cb8",
            "likeCount": 1
        },
        {
            "reply_id": "UgwvrZ71hGKMykbHKst4AaABAg",
            "reply_content": "\u54c8\u54c8\u54c8\u54c8\u54c8\u54c8\u54c8",
            "likeCount": 0
        },
        {
            "reply_id": "Ugyi5df2kxdtbkoCIsN4AaABAg",
            "reply_content": "\u8cfa\u9019\u9ebc\u591a\u9322\u8ca1\u5bcc\u81ea\u7531\u4e86\uff0c\u597d\u6b79\u4e5f\u53bb\u91ab\u7f8e\u9867\u4e00\u4e0b\u81ea\u5df1\u7684\u81c9\u518d\u4f86\u62cd\u7247\u5427",
            "likeCount": 0
        },
        {
            "reply_id": "UgzH10gr8HfyMMnyxEl4AaABAg",
            "reply_content": "\u771f\u597d\u5272",
            "likeCount": 0
        },
        {
            "reply_id": "UgwdLYfYVS1EvKEeBUx4AaABAg",
            "reply_content": "\u5927\u5e2b\u5144\u56de\u4f86\u4e86",
            "likeCount": 0
        },
        {
            "reply_id": "UgzHDRiDRm6FV04fMi94AaABAg",
            "reply_content": "\u592a\u4e45\u6c92\u51fa\u73fe\u4e86",
            "likeCount": 0
        },
        {
            "reply_id": "UgwtQDbEqkXrQgZgH9R4AaABAg",
            "reply_content": "\u597d\u4e45\u6c92\u770b\u4f60\u7684\u5f71\u7247\u4e86",
            "likeCount": 0
        }
    ]
}