{
    "video_info": {
        "id": "LxWc-JIxcz0",
        "channelTitle": "\u8056\u7d50\u77f3Saint",
        "title": "\u597d\u523a\u6fc0\u554a\u554a\u554a\u554a\uff0c\u70ba\u4ec0\u9ebc\u6c92\u6709\u4e00\u4f4d\u5973\u8001\u5e2b\u770b\u4e0a\u904e\u6211\uff1f #\u5e2b\u751f\u6200 #\u8857\u8a2a",
        "description": "",
        "likeCount": "126",
        "commentCount": "5",
        "viewCount": "9123"
    },
    "comments": [
        {
            "reply_id": "Ugxw-SCBvDMFFCVwBa94AaABAg",
            "reply_content": "\u53ef\u4ee5\u628a\u4ee5\u524d\u7684\u5f71\u7247\u8a2d\u516c\u958b\u6216\u91cd\u65b0\u4e0a\u50b3\u55ce\uff01\u6211\u5011\u60f3\u56de\u5473\u4ee5\u524d\u7684\u7f8e\u597d\u4ee5\u524d\u7684\u56de\u61b6",
            "likeCount": 1
        },
        {
            "reply_id": "Ugz2WvgCIjXSSOcqEr14AaABAg",
            "reply_content": "\u6700\u9a5a\u4eba\u7684\u662f\u8def\u4eba\u90fd\u8a8d\u4e0d\u51fa\u9019\u4eba\u662f\u8056\u7d50\u77f3",
            "likeCount": 0
        }
    ]
}