{
    "video_info": {
        "id": "mMA-uepYeVc",
        "channelTitle": "\u8056\u7d50\u77f3Saint",
        "title": "\u958b\u7bb1\u5168\u806f\u611b\u4e4b\u5473\u7b52\u4ed4\u7897\u7cbf\u7f50\u982d\uff01",
        "description": "\u9019\u6b3e\u611b\u4e4b\u5473\u7684\u7b52\u4ed4\u7897\u7cbf\u7f50\u982d\u883b\u6709\u8da3\u7684\uff0c\u6211\u771f\u6c92\u60f3\u904e\u9019\u500b\u53ef\u4ee5\u505a\u6210\u7f50\u982d\uff0c\u5403\u8d77\u4f86\u4e5f\u883b\u4e0d\u932f\u7684\uff0c\u6211\u89ba\u5f97\u5f88\u9069\u5408\u9732\u71df\u6216\u8005\u4eba\u5728\u570b\u5916\u6642\u7576\u4f5c\u65e9\u9910\uff0c\u800c\u4e14\u662f\u690d\u7269\u4e94\u8f9b\u7d20\u8036\uff01\n\n@agv__tw  @pxmart \n\n\u500b\u4eba\u7d9c\u5408\u63a8\u85a6\u5206\u6578\uff1a3.8/5\n\u50f9\u683c\uff1a58\u5143/\u7f50\n\u8cfc\u8cb7\u901a\u8def\uff1a\u5168\u806f\n\u4f86\u6e90\uff1a\u81ea\u8cbb\u8cfc\u8cb7\n#\u958b\u7bb1 #\u8d85\u5546 #\u65b0\u54c1#\u5168\u806f #\u611b\u4e4b\u5473 #\u7897\u7cbf #\u53f0\u7063 #\u690d\u7269\u4e94\u8f9b\u7d20",
        "likeCount": "171",
        "commentCount": "17",
        "viewCount": "11848"
    },
    "comments": [
        {
            "reply_id": "Ugwde-VET04QRldiOll4AaABAg",
            "reply_content": "\u904e\u6c23\u4ed4",
            "likeCount": 10
        },
        {
            "reply_id": "UgyquH7C9kpnd2uBVAd4AaABAg",
            "reply_content": "\u5f88\u68d2",
            "likeCount": 1
        },
        {
            "reply_id": "UgwGOIE-Q4TBXzxDL-h4AaABAg",
            "reply_content": "\u9019\u8ab0",
            "likeCount": 0
        },
        {
            "reply_id": "Ugz_6ifiFpimP7_B7pF4AaABAg",
            "reply_content": "\u5f88\u96e3\u904e\u6b38",
            "likeCount": 0
        },
        {
            "reply_id": "UgxBD_MHLk9to6pNSOx4AaABAg",
            "reply_content": "\u61f7\u5ff5\u4e4b\u524d\u7684\u958b\u7bb1\u5f71\u7247",
            "likeCount": 0
        }
    ]
}