{
    "video_info": {
        "id": "naWm-_IHkjg",
        "channelTitle": "\u8056\u7d50\u77f3Saint",
        "title": "\u8981\u725b\u4e86\u6c92\uff1f",
        "description": "\u5e63\u8056\u8ab2\uff1ahttps://lin.ee/bGzRExA\n\n\u6b64\u70ba\u52a0\u5bc6\u8ca8\u5e63\u4ea4\u6613\u8ab2\u7a0b\u5ee3\u544a\uff0c\u4ee5\u6559\u5b78\u8ab2\u7a0b\u70ba\u4e3b\uff0c\u8acb\u91cd\u8996\u98a8\u96aa\uff0c\u8b39\u614e\u7406\u8ca1\u3002\n\n\u8acb\u770b\u4ee5\u4e0b\u9808\u77e5\uff1a\n1.\u6211\u7684\u8ffd\u8e64\u8005\u8ab2\u7a0b\u514d\u8cbb\u3002\n2.\u4efb\u4f55\u4e00\u7b46\u6295\u8cc7\u8207\u4ea4\u6613\u7686\u6709\u98a8\u96aa\u3002\n3.\u52a0\u5bc6\u8ca8\u5e63\u7522\u696d\u8f03\u65b0\uff0c\u98a8\u96aa\u8f03\u5927\uff0c\u8acb\u91cd\u8996\u98a8\u96aa\u3002\n4.\u4efb\u4f55\u4eba\u90fd\u7121\u6cd5\u70ba\u4f60\u7684\u6295\u8cc7\u8ca0\u8cac\uff0c\u9664\u4e86\u4f60\u81ea\u5df1\u672c\u8eab\u3002\n5.\u4efb\u4f55\u660e\u661f\u3001\u7db2\u7d05\u5728\u5546\u696d\u5408\u4f5c\u6642\u7686\u7121\u6cd5\u5c0d\u5408\u4f5c\u5ee0\u5546\u7684\u54c1\u724c\u3001\u516c\u53f8\u3001\u5718\u968a\u3001\u5e73\u53f0\u7684\u71df\u904b\u8ca0\u8cac\u3002\n6.\u8acb\u4ee5\u52d9\u5be6\u3001\u5b78\u7fd2\u7684\u614b\u5ea6\u5b78\u7fd2\uff0c\u4e0d\u8981\u5984\u60f3\u4e00\u591c\u66b4\u5bcc\u3002\n7.\u81ea\u5df1\u7684\u4ea4\u6613\u662f\u7531\u81ea\u5df1\u7d93\u7531\u5b78\u7fd2\u3001\u7d93\u9a57\u800c\u5224\u65b7\u7522\u751f\uff0c\u8acb\u70ba\u81ea\u5df1\u8ca0\u8cac\u3002\n8.\u6b64\u70ba\u5546\u696d\u5408\u4f5c\u3002\n9.\u8ab2\u7a0b\u80fd\u5920\u505a\u5230\u514d\u8cbb\u7684\u539f\u56e0\u662f\u5728\u65bc\u60a8\u505a\u4ea4\u6613\u6642\uff0c\u5e73\u53f0\u6703\u8ddf\u60a8\u6536\u4ea4\u6613\u624b\u7e8c\u8cbb\uff0c\u4e26\u5206\u6f64\u65bc\u5169\u4f4d\u8b1b\u5e2b\u8207\u6211\uff0c\u6211\u5011\u4ee5\u6b64\u4f5c\u70ba\u6536\u5165\uff0c\u82e5\u53ea\u4e0a\u8ab2\u4f46\u7121\u505a\u4ea4\u6613\u5247\u7121\u3002\n10.\u8a3b\u518a\u6642\u5c07\u53ef\u4ee5\u9818\u53d660USDT+60BGB\u505a\u70ba\u4ea4\u6613\u5b78\u7fd2\u91d1\u3002\n11.\u672c\u5f71\u7247\u4ee5\u52d9\u5be6\u3001\u975e\u8a87\u5927\u624b\u6cd5\u62cd\u651d\uff0c\u76e1\u91cf\u907f\u514d\u4efb\u4f55\u5f62\u5f0f\u7684FOMO\uff0c\u5982\u679c\u60a8\u611f\u5230FOMO\u8acb\u53bb\u6c96\u51b7\u6c34\u6fa1\u3002\n12.\u5feb\u4f86\u4e00\u5834\u51b7\u6c34\u6fa1\uff0c\u6d17\u6de8\u6240\u6709\u7684\u7169\u60f1\u3002\n14.\u6c92\u6709\u7b2c13\u9805\u3002\n\n#\u52a0\u5bc6\u8ca8\u5e63 #\u6bd4\u7279\u5e63 #\u4ee5\u592a\u5e63 #bitcoins",
        "likeCount": "56",
        "commentCount": "36",
        "viewCount": "5856"
    },
    "comments": [
        {
            "reply_id": "UgwoVhpxXHOF9nkw8vZ4AaABAg",
            "reply_content": "\u8056\u5272\u77f3\u70ba\u6578\u4e0d\u591a\u628a\u7c89\u7d72\u7576\u97ed\u83dc\u5272\u7684\u4eba \u592a\u72e0\u4e86\u771f\u7684",
            "likeCount": 7
        },
        {
            "reply_id": "Ugz1mS_eStNyuQtrao14AaABAg",
            "reply_content": "\u97ed\u83dc\u6536\u5272\u5e2b",
            "likeCount": 0
        },
        {
            "reply_id": "Ugz964PQmcwjWL3ZYhx4AaABAg",
            "reply_content": "\u8056\u5272\u77f3\u628a\u70ba\u6578\u4e0d\u591a\u7684\u7c89\u7d72\u7576\u97ed\u83dc\u5272 \u592a\u4f5b\u5fc3\u4e86",
            "likeCount": 0
        },
        {
            "reply_id": "UgzEC_FDdKRjWNR8c354AaABAg",
            "reply_content": "\u6454\u5272\u51fa\u4f86\u7e7c\u7e8c\u5272",
            "likeCount": 0
        },
        {
            "reply_id": "Ugzh_g1acdq1tnU5jKh4AaABAg",
            "reply_content": "\u662f\u8981\u958b\u8ab2\u6559\u600e\u9ebc\u5272\u7c89\u7d72\u97ed\u83dc\u55ce",
            "likeCount": 0
        },
        {
            "reply_id": "UgwcCqhDuaw2YYjrSth4AaABAg",
            "reply_content": "\u8056\u6f54\u77f3\u6dea\u843d\u505a\u5230\u9a19\u5b50",
            "likeCount": 0
        },
        {
            "reply_id": "UgzYTA1Wa4P-1wOuvJ54AaABAg",
            "reply_content": "\u5272\u721b",
            "likeCount": 0
        },
        {
            "reply_id": "Ugzc_nWxPsLgg8XGmvd4AaABAg",
            "reply_content": "\u8d85\u5751",
            "likeCount": 0
        },
        {
            "reply_id": "UgxSAzgImF6Tkl8bzfl4AaABAg",
            "reply_content": "\u4e0d\u8981\u5728\u9a97\u94b1\u4e86",
            "likeCount": 0
        },
        {
            "reply_id": "UgxaQ5dj7aSifeBpymh4AaABAg",
            "reply_content": "\u6709\u97ed\u83dc\u55ce",
            "likeCount": 0
        }
    ]
}