{
    "video_info": {
        "id": "pzZ7BH9VX7c",
        "channelTitle": "\u8056\u7d50\u77f3Saint",
        "title": "\u300a100\u5143\u8ddf\u4f60\u8cb7\u4e00\u500b\u79d8\u5bc6\u300b",
        "description": "",
        "likeCount": "117",
        "commentCount": "5",
        "viewCount": "11958"
    },
    "comments": [
        {
            "reply_id": "Ugwd-bjA614WLcXogq94AaABAg",
            "reply_content": "\u6211\u4e00\u958b\u59cb\u4ee5\u70ba\u662f\u4e2d\u570b\u65b0\u805e",
            "likeCount": 0
        }
    ]
}