{
    "video_info": {
        "id": "QodSI7_ARAU",
        "channelTitle": "\u8056\u7d50\u77f3Saint",
        "title": "\u958b\u7bb1\u97d3\u570b\u4e0d\u5012\u7fc1\u4e7e\u62cc\u676f\u9eb5\uff0c\u5473\u9053\u4e0d\u932f\u554a\u3002",
        "description": "\u5728\u5168\u5bb6\u4fbf\u5229\u5546\u5e97\u96a8\u624b\u8cb7\u4f86\u7684\u97d3\u570b\u4e0d\u5012\u7fc1\u4e7e\u62cc\u676f\u9eb5\uff0c\u6709\u5169\u500b\u53e3\u5473\uff0c\u6211\u90fd\u8cb7\u4f86\u5403\u5403\u770b\uff0c\u53cd\u6b63\u770b\u8d77\u4f86\u91cf\u5f88\u5c11\uff0c\u4e0d\u5f97\u4e0d\u8aaa\uff0c\u97d3\u570b\u7684\u6ce1\u9eb5\u771f\u7684\u505a\u7684\u4e0d\u932f\uff0c\u8d77\u53f8\u7684\u9999\u6fc3\u3001\u8fa3\u7092\u5e74\u7cd5\u7684\u9999\u8fa3\uff0c\u6211\u81ea\u5df1\u662f\u89ba\u5f97\u883b\u597d\u5403\u7684\uff0c\u4e0d\u904e\u6211\u662f\u5403\u4e0d\u98fd\u5566\ud83e\udd23\n\n@familymart_tw  @ottogi_daily \n\n\n\u500b\u4eba\u7d9c\u5408\u63a8\u85a6\u5206\u6578\uff1a\u8d77\u53f83.2/5 \u8fa3\u7092\u5e74\u7cd5 3.8/5\n\u50f9\u683c\uff1a\u5fd8\u8a18\u4e86\uff0c\u61c9\u8a72\u662f49\u5143/\u676f\n\u8cfc\u8cb7\u901a\u8def\uff1a\u5168\u5bb6\n\u4f86\u6e90\uff1a\u81ea\u8cbb\u8cfc\u8cb7\n#\u958b\u7bb1 #\u8d85\u5546 #\u5168\u5bb6 #\u97d3\u570b #\u4e0d\u5012\u7fc1 #OTTOGI #\u676f\u9eb5 #\u8fa3\u7092\u5e74\u7cd5 #\u8d77\u53f8 #\u4e7e\u62cc\u9eb5",
        "likeCount": "173",
        "commentCount": "10",
        "viewCount": "9236"
    },
    "comments": [
        {
            "reply_id": "UgyP6yveAASD0g-uqSd4AaABAg",
            "reply_content": "\u4f60\u7e7c\u7e8c\u9019\u6a23\u4e0d\u6b63\u7d93\u8b1b\u8a71\u6c92\u95dc\u4fc2",
            "likeCount": 0
        },
        {
            "reply_id": "UgyBuh3neYb-7K-xLlp4AaABAg",
            "reply_content": "\u4e0d\u932f\u5403",
            "likeCount": 0
        }
    ]
}