{
    "video_info": {
        "id": "rqQ_njTYZ4w",
        "channelTitle": "\u8056\u7d50\u77f3Saint",
        "title": "\u300a\u7528100\u5143\u8ddf\u4f60\u8cb7\u4e00\u500b\u79d8\u5bc6\u300b",
        "description": "",
        "likeCount": "108",
        "commentCount": "4",
        "viewCount": "11214"
    },
    "comments": [
        {
            "reply_id": "UgxfO0hEjUw_hbBGOfx4AaABAg",
            "reply_content": "\u9019\u770b\u8d77\u4f86\u597d\u50cf\u5b9c\u862d\u9ad8\u4e2d\u8b1b\u7b11\u8a71\u90a3\u500b",
            "likeCount": 0
        }
    ]
}