{
    "video_info": {
        "id": "s7ZFJV2_leM",
        "channelTitle": "\u8056\u7d50\u77f3Saint",
        "title": "\u6211\u522a\u9664\u4e86\u81ea\u5df1\u64c1\u6709\u6578\u5341\u842c\u8ffd\u8e64\u7684\u7c89\u7d72\u5c08\u9801\u3002",
        "description": "\ud83d\udc49\u53d6\u5f97\u7368\u5bb6 Surfshark \u512a\u60e0\uff01\u7acb\u5373\u9ede\u64ca https://surfshark.tw/partner/saint \u8f38\u5165\u512a\u60e0\u4ee3\u78bc [saint] \u5373\u53ef\u7372\u5f97\u5c08\u5c6c\u512a\u60e0\u52a0\u984d\u59163\u500b\u6708\u514d\u8cbb\uff01\n\u6211\u522a\u9664\u4e86\u6211\u81ea\u5df1\u64c1\u6709\u5e7e\u5341\u842c\u8ffd\u8e64\u7684\u7c89\u7d72\u5c08\u9801\uff0c\u85cd\u52fe\u52fe\u518d\u898b\u3002\n\ud83d\udc49\u96f6\u57fa\u790e\u624b\u628a\u624b\u6559\u4f60\u52a0\u5bc6\u8ca8\u5e63\u65b0\u624b\u5165\u9580\uff0c\u5e63\u5b89\u8207\u6d3e\u7db2\uff08\u5305\u542b\u8a3b\u518a\u3001KYC\u9a57\u8b49\u3001\u81fa\u5e63\u63db\u6210\u52a0\u5bc6\u8ca8\u5e63\u3001\u51fa\u5165\u91d1\u7b49...\u3002\uff09\u25ba\u25bahttps://saintjey1113.pixnet.net/blog/post/40346110\n\ud83d\udc49\u99ac\u4e0a\u8a02\u95b1\u8056\u7d50\u77f3\u56c9\uff01\u25ba\u25bahttps://goo.gl/c5v7cQ\n/// \u975e\u5546\u696d\u5408\u4f5c\u5f71\u7247 This video is not sponsored ///\n\n----------------------------------------------------------------------------------------------------------\n\n\u8056\u7d50\u77f3Saint\u3010\u5b89\u5137\u3011\u25ba\u25bahttps://youtu.be/r4NGGqmX_W4\n\u8056\u7d50\u77f3Saint\u3010\u771f\u7684\u4e0d\u60f3\u5634\u3011\u25ba\u25bahttps://youtu.be/fWuq67-VSTM\n\u8056\u7d50\u77f3Saint\u3010\u6839\u672c\u5c31\u4e0d\u6703\u518d\u898b\u9762\u3011\u25ba\u25bahttps://youtu.be/LAPXqtxxstE\n\u8056\u7d50\u77f3Saint\u3010\u4e00\u5b9a\u6703\u8ffd\u5230\u4f60\u3011\u25ba\u25bahttps://youtu.be/V2mZYvAiLsw\n\u8056\u7d50\u77f3Saint\u3010\u8aaa\u4e0d\u51fa\u53e3\u7684\u60f3\u5ff5\u3011\u25ba\u25bahttps://youtu.be/0dxtL9c_Yxs\n\u8056\u7d50\u77f3Saint\u3010\u53ea\u80fd\u61f7\u5ff5\u3011\u25ba\u25bahttps://youtu.be/AN3nAmTSeEk\n----------------------------------------------------------------------------------------------------------\n\n\u6211\u662f\u8056\u7d50\u77f3\uff0c\u6211\u662f\u4e00\u500b\u5e73\u51e1\u7684\u4eba\uff0c\u4f46\u6211\u5728\u5275\u9020\u4e00\u6bb5\u4e0d\u5e73\u51e1\u7684\u4eba\u751f\u3002\n\nI'm Saint, an ordinary guy creating extraordinary things.\n\n----------------------------------------------------------------------------------------------------------\n\n\ud83d\udc49 More Saint \nFacebook \u25ba\u25bahttp://goo.gl/4UQLS0\nInstagram \u25ba\u25bahttps://goo.gl/DNymkD\n\n\ud83d\udc49 More Saint's Wife \u2764\ufe0f \u8056\u5ac2DODO \u2764\ufe0f\nYoutube \u25ba\u25bahttps://goo.gl/VdtPz5\nFacebook \u25ba\u25bahttps://goo.gl/BZbsDR\n\n----------------------------------------------------------------------------------------------------------\n\n\u5408\u4f5c\u9080\u7d04:saintjey1113@gmail.com\n\n----------------------------------------------------------------------------------------------------------",
        "likeCount": "706",
        "commentCount": "251",
        "viewCount": "82261"
    },
    "comments": [
        {
            "reply_id": "UgwXVYhSc0Krn3WbWtt4AaABAg",
            "reply_content": "\u5176\u5be6\u4f60\u8d85\u7d1a\u5728\u610f\u7db2\u8def\u4e0a\u7684\u4eba\u5c0d\u4f60\u7684\u770b\u6cd5\u5427",
            "likeCount": 4
        },
        {
            "reply_id": "Ugz-2zUic0B8388cMJt4AaABAg",
            "reply_content": "\u60f3\u770b\u4f60\u5728\u64c2\u53f0\u4e0a\u88ab\u6253",
            "likeCount": 3
        },
        {
            "reply_id": "UgzkoMbPgcA_M71XC9B4AaABAg",
            "reply_content": "\u9019\u662f\u6211\u7b2c\u4e00\u6b21\u89ba\u5f97\u9019\u50a2\u4f19\u8aaa\u5f97\u6709\u9053\u7406",
            "likeCount": 2
        },
        {
            "reply_id": "Ugw1tA8RBBhDHnpBCPV4AaABAg",
            "reply_content": "\u6cb9\u7ba1\u7334\u5b50\u7684\u4e00\u751f",
            "likeCount": 2
        },
        {
            "reply_id": "UgwxvrUugmA-MsrSUGB4AaABAg",
            "reply_content": "\u522a\u9664\u662f\u5c0d\u7684\u514d\u5f97\u4e1f\u4eba\u73fe\u773c",
            "likeCount": 1
        },
        {
            "reply_id": "Ugy8GNcfo6qC8gt2cX54AaABAg",
            "reply_content": "\u770b\u5230\u7559\u8a00\u6211\u5c31\u653e\u5fc3",
            "likeCount": 1
        },
        {
            "reply_id": "UgydeRHmedBitQTqy9d4AaABAg",
            "reply_content": "\u9019\u9ebc\u8073\u52d5\u7684\u5c01\u9762\u9084\u662f\u9019\u9ebc\u9ede\u4eba\u770b\u4e0d\u52dd\u550f\u5653\u5440",
            "likeCount": 1
        },
        {
            "reply_id": "UgyUFg0P9oVcJ-9NE9h4AaABAg",
            "reply_content": "\u72d7\u72d7\u5e63\u72d7\u72d7\u6583",
            "likeCount": 1
        },
        {
            "reply_id": "Ugxd-7Hj-UdEzlYAsYd4AaABAg",
            "reply_content": "\u63db\u500b\u5730\u65b9\u7e7c\u7e8c\u8fb2\u97ed\u83dc\u51fa\u4f86\u5272",
            "likeCount": 0
        },
        {
            "reply_id": "Ugx7cQRDt5PxX6V7W3N4AaABAg",
            "reply_content": "\u9ad8\u5272\u96e2\u5e2d",
            "likeCount": 0
        },
        {
            "reply_id": "Ugw2VLvKRajKzOrPCNZ4AaABAg",
            "reply_content": "\u597d\u4e86\u5566",
            "likeCount": 0
        },
        {
            "reply_id": "UgzNaOs3hJxOKaxwcDV4AaABAg",
            "reply_content": "\u963f\u4f60\u7684\u5f71\u7247\u53bb\u54ea\u4e86\u54e5\u54e5",
            "likeCount": 0
        },
        {
            "reply_id": "UgwajRmRtEGpQzqz0B54AaABAg",
            "reply_content": "\u52a0\u6cb9",
            "likeCount": 0
        },
        {
            "reply_id": "UgxJqkpumbLiNPpAP8h4AaABAg",
            "reply_content": "\u54e5\u4e0d\u8981\u5728\u5272\u4e86",
            "likeCount": 0
        },
        {
            "reply_id": "UgxNwVzFsZv3CawcFix4AaABAg",
            "reply_content": "\u53ef\u6190\u5a1c",
            "likeCount": 0
        },
        {
            "reply_id": "UgyC6WcLJpYn3tZSrOl4AaABAg",
            "reply_content": "\u6c92\u4eba\u5728\u4e4e\u5427\u7b11\u6b7b",
            "likeCount": 0
        },
        {
            "reply_id": "UgxuJ-tIOBzs1mUIVp94AaABAg",
            "reply_content": "\u6c92\u5269\u7c89\u63d0\u544a\u55ce",
            "likeCount": 0
        },
        {
            "reply_id": "UgzZJ7BnpGo6IVZq7FJ4AaABAg",
            "reply_content": "\u628a\u4f60\u81ea\u5df1\u4e5f\u522a\u4e86\u5427",
            "likeCount": 0
        },
        {
            "reply_id": "UgxoRgBRz7aKdGGDGUN4AaABAg",
            "reply_content": "\u73fe\u5728\u9084\u5728\u6316",
            "likeCount": 0
        },
        {
            "reply_id": "Ugwp8rRkBxc0Bnkmdul4AaABAg",
            "reply_content": "\u53ef\u6190",
            "likeCount": 0
        }
    ]
}