{
    "video_info": {
        "id": "SkT-VmnBVvQ",
        "channelTitle": "\u8056\u7d50\u77f3Saint",
        "title": "\u58fd\u53f8\u90ce\u60e1\u641e\u6311\u6230\uff01\uff1f",
        "description": "\u4e0d\u8981\u9b27\u4e86\u5566\uff0c\u771f\u7684\u770b\u5230\u6703\u6c92\u98df\u617e\u3002\n\uff08\u58fd\u53f8\u90ce\u82e5\u60f3\u8981\u539f\u6a94\u8207\u6b64\u4eba\u672c\u540d\u8acb\u79c1\u8a0a\u6211\uff0c\u8b1d\u8b1d\u3002\uff09",
        "likeCount": "104",
        "commentCount": "2",
        "viewCount": "10383"
    },
    "comments": []
}