{
    "video_info": {
        "id": "U6O_ew-EfUY",
        "channelTitle": "\u8056\u7d50\u77f3Saint",
        "title": "\u958b\u7bb1\u6211\u6700\u5e38\u559d\u7684SUPER X\u9802\u7d1a\u5206\u96e2\u4e73\u6e05\u86cb\u767d\u98f2-\u5976\u8336\u98a8\u5473\ud83d\udd25",
        "description": "\u9019\u6b3eSUPER X\u9802\u7d1a\u5206\u96e2\u4e73\u6e05\u86cb\u767d\u98f2-\u5976\u8336\u98a8\u5473\uff0c\u6211\u5f88\u5e38\u559d\uff0c\u7d93\u5e38\u90fd\u662f\u4e00\u5169\u7bb1\u5728\u8cb7\uff0c\u5b83\u4e0d\u4f46\u53ef\u4ee5\u653e\u5728\u5e38\u6eab\u4fdd\u5b58\uff0c\u9084\u5168\u90fd\u662f0\u8102\u80aa\u30010\u4e73\u7cd6\uff0c\u9023\u9ea9\u8cea\u90fd\u6c92\u6709\uff0c\u771f\u7684\u592a\u9069\u5408\u6e1b\u8102\u589e\u808c\u3109\u6211\u5566\uff01\ud83e\udd64\u2728\n\n\u500b\u4eba\u7d9c\u5408\u63a8\u85a6\u5206\u6578\uff1a4/5\n\u50f9\u683c\uff1a1899\u5143/24\u74f6\n\u901a\u8def\uff1aCostco\n\u4f86\u6e90\uff1a\u81ea\u8cbb\u8cfc\u8cb7\n\n@costco  @tci_living \n#SUPERX #\u5976\u8336 #\u5206\u96e2\u4e73\u6e05\u86cb\u767d\u8cea #\u86cb\u767d\u8cea #\u9ad8\u86cb\u767d #\u5065\u8eab #\u589e\u808c #\u91d1\u8431\u7d05\u8336 #costco #\u5927\u6c5f\u751f\u6d3b #costco #\u958b\u7bb1",
        "likeCount": "56",
        "commentCount": "4",
        "viewCount": "2651"
    },
    "comments": [
        {
            "reply_id": "UgyeXnrIUxrnLlTXAw14AaABAg",
            "reply_content": "\u904e\u6c23",
            "likeCount": 2
        },
        {
            "reply_id": "Ugy5pHw17T1fM0kfPPt4AaABAg",
            "reply_content": "\u8056\u7d50\u5b89\u5b89",
            "likeCount": 0
        }
    ]
}