{
    "video_info": {
        "id": "XQINoFtaKgE",
        "channelTitle": "\u8056\u7d50\u77f3Saint",
        "title": "10u\u66b4\u8cfa1000u\u5c31\u7206\u8ce0\u7684\u4eba\u5728\u54ea\uff1f",
        "description": "",
        "likeCount": "38",
        "commentCount": "7",
        "viewCount": "4308"
    },
    "comments": [
        {
            "reply_id": "UgzJOGVfKfUYtYtPQR54AaABAg",
            "reply_content": "\u8056\u5272\u77f3\u628a\u70ba\u6578\u4e0d\u591a\u7684\u7c89\u7d72\u7576\u97ed\u83dc\u5272",
            "likeCount": 7
        },
        {
            "reply_id": "Ugw0xGMmAC8v8lGoyXN4AaABAg",
            "reply_content": "\u97ed\u83dc\u6536\u5272\u5e2b",
            "likeCount": 2
        },
        {
            "reply_id": "Ugxz4HPI_UK-yL12vCJ4AaABAg",
            "reply_content": "\u4e0d\u78b0\u5408\u7d04",
            "likeCount": 0
        },
        {
            "reply_id": "Ugw3BaIkPMZdHdECE8Z4AaABAg",
            "reply_content": "\u4f60\u7684\u4ea4\u6613\u9084\u4e0d\u901a\u900f",
            "likeCount": 0
        }
    ]
}