{
    "channel": {
        "title": "\u5c0f\u5c3e\u5df4",
        "id": "UCGKjYyVV5AUMWlElBhGti8A",
        "customUrl": "@kbtiest",
        "uploads": "UUGKjYyVV5AUMWlElBhGti8A"
    },
    "videos": [
        {
            "id": "Sa-klznnxKE",
            "title": "\u56de\u61c9\u591a\u7c73\u591a\u7f85\u7684\u6307\u63a7"
        },
        {
            "id": "ts6tJLAaYwU",
            "title": "POV: You're taking on the challange"
        },
        {
            "id": "kEh7lD7_itQ",
            "title": "\u3010\u8a98\u62d0\u4e8b\u4ef6\u3011\u5982\u679c\u88ab\u5687\u5230\uff0c\u76f4\u64ad\u5c31\u7d50\u675f #008"
        },
        {
            "id": "IaIxiqd7nm4",
            "title": "\u863f\u8514\u5200\u5371\u96aa\u55ce\uff1f"
        },
        {
            "id": "v5hLaGoRJKs",
            "title": "\u5728\u6771\u4eac\u5403\u4e00\u5929\u8981\u82b1\u591a\u5c11\u9322\uff1f"
        },
        {
            "id": "T4QtZoH5YPU",
            "title": "\u97f3\u6a02Youtuber\uff08\u81ea\u7a31\uff09\u6311\u6230\u97f3\u6a02\u7cd6\u8c46\u4eba\uff01"
        },
        {
            "id": "ZbhCrnPqKb4",
            "title": "\u7528\u5927\u8abf\u5f48YOASOBI\u7684IDOL"
        },
        {
            "id": "GsISPAWNsW0",
            "title": "\u7528\u5c0f\u8abf\u5f48YOASOBI\u7684\u5411\u591c\u665a\u5954\u53bb"
        },
        {
            "id": "NrxJ2LuKPQc",
            "title": "\u300c\u541b\u306e\u540d\u306f\u3002\u300d\u306e\u5834\u6240\u3067\u300e\u30b9\u30d1\u30fc\u30af\u30eb\u300f"
        },
        {
            "id": "QxvV01rvxaw",
            "title": "JC\u8aaa\u6211\u5c0d\u5979\u8aaa\u8b0a"
        },
        {
            "id": "riifsOb2Ta0",
            "title": "\u53ef\u611b\u3044\u7537\u306e\u5b50\u304c\u7c9b\u8056!! \u30ed\u30ea\u795e\u30ec\u30af\u30a4\u30a8\u30e0\u3092\u8e0a\u3063\u3066\u307f\u305f (34\u624d)"
        },
        {
            "id": "Mvktqh3qKO8",
            "title": "\u8fea\u58eb\u5c3c\u72af\u4e86\u56b4\u91cd\u7684\u932f\u8aa4"
        },
        {
            "id": "toLRT6cnNQc",
            "title": "iPhone is better on moon shot"
        },
        {
            "id": "n-Ld_7GLySA",
            "title": "sky transition challenge"
        },
        {
            "id": "giiZLOt-Ups",
            "title": "\u9810\u7d04"
        },
        {
            "id": "b-GzHq9oPM0",
            "title": "\u624b\u6a5f\u904e\u71b1\u600e\u9ebc\u8fa6 @madebyalan5606"
        },
        {
            "id": "WrVTBQ8eAdg",
            "title": "\u3010\u591c\u9593\u8b66\u5099\u3011\u5982\u679c\u88ab\u5687\u5230\uff0c\u76f4\u64ad\u5c31\u7d50\u675f #007  (\u9b3c\u6708\u6050\u6016\u904a\u6232\u4e4b\u591c)"
        },
        {
            "id": "tgm4AqAWQp0",
            "title": "\u7b2c\u4e94\u5c46\u8d70\u937e\u734e\u6f5b\u529b\u65b0\u661f\u5165\u570d"
        },
        {
            "id": "zL3IcZaxHZw",
            "title": "wash the ducking dishes"
        },
        {
            "id": "G4CilqcX2L4",
            "title": "\u3010\u591c\u52e4\u4e8b\u4ef6\u3011\u5982\u679c\u88ab\u5687\u5230\uff0c\u76f4\u64ad\u5c31\u7d50\u675f #006 (\u9b3c\u6708\u6050\u6016\u904a\u6232\u4e4b\u591c)"
        },
        {
            "id": "hRVx2gQK3V8",
            "title": "\u3010\u795e\u79d8\u89c0\u773e\u767c\u4f86\u7684\u904a\u6232\u3011\u5982\u679c\u88ab\u5687\u5230\uff0c\u76f4\u64ad\u5c31\u7d50\u675f #005 (\u9b3c\u6708\u6050\u6016\u904a\u6232\u4e4b\u591c)"
        },
        {
            "id": "Zr2np5ftz58",
            "title": "\u3010\u30d2\u30c8\u30ab\u30e9\u3011\u5982\u679c\u88ab\u5687\u5230\uff0c\u76f4\u64ad\u5c31\u7d50\u675f \u55ae\u4eba\u5361\u62c9OK #004"
        },
        {
            "id": "ekUVO_cPLzM",
            "title": "\u300e\u59b3\u662f\u6211\u6c38\u9060\u904e\u4e0d\u53bb\u7684\u5f4e\u300f\u96fb\u5f71\u300a\u5c71\u9053\u7334\u5b50\u7684\u4e00\u751f\u300b\u63d2\u66f2 | \u52d5\u614b\u6b4c\u8a5eLyrics"
        },
        {
            "id": "o267eMSmMC8",
            "title": "\u3010\u7f8e\u9b54\u5973\u306e\u771f\u5b9f\u3011\u5982\u679c\u88ab\u5687\u5230\uff0c\u76f4\u64ad\u5c31\u7d50\u675f #003"
        },
        {
            "id": "wkwsLns-lb0",
            "title": "\u8001\u9ad8\u8207\u5c0f\u8309\u7684BGM"
        }
    ]
}