{
    "channel": {
        "title": "\u6ef4\u59b9",
        "id": "UCGpNjY0Xq2GJLXh4OOX1LOA",
        "customUrl": "@crowndu",
        "uploads": "UUGpNjY0Xq2GJLXh4OOX1LOA"
    },
    "videos": [
        {
            "id": "0NXYX55eDag",
            "title": "\u751f\u65e5\u6642\u751f\u4e86\u4e00\u5834\u5927\u75c5\uff0c\u7238\u5abd\u88dc\u511f\u6211\u5e36\u6211\u53bb\u8cb7\u76f2\u76d2 \u2665 \u6ef4\u59b9"
        },
        {
            "id": "jQGepcVrJVs",
            "title": "\u597d\u591a\u4eba\u8aaa\u6211\u8b8a\u80d6\u4e86\uff0c\u600e\u9ebd\u8fa6\uff01\u6e1b\u80a5\u6e1b\u8102\u662f\u4e00\u8f29\u5b50\u7684\u4e8b \u2665 \u6ef4\u59b9"
        },
        {
            "id": "_4hw3NDog7M",
            "title": "\u53bb\u65e5\u672c\u5343\u842c\u4e0d\u80fd\u932f\u9019\u500b\u5712\u5340\uff01\u5168\u4e16\u754c\u6700\u5927\u7684\u54c8\u5229\u6ce2\u7279\u5f71\u57ce\u958b\u7bb1+\u5468\u908a\u958b\u7bb1 \u2665 \u6ef4\u59b9"
        },
        {
            "id": "sanhOJlUWyc",
            "title": "\u6ef4\u59b9\u6574\u7406\uff1a\u8ab0\u5bb6\u51b0\u7bb1\u8ddf\u6211\u4e00\u6a23\u4e82\uff1f\ud83e\udee8 Ep. 1"
        },
        {
            "id": "puZxv2so_vE",
            "title": "\u751f\u65e5\u6311\u623024\u5c0f\u6642\u7aa9\u5728\u5e8a\u4e0a\u4e00\u6574\u5929\uff01\u4f7f\u559a\u54e5\u54e5\u7adf\u7136\u7372\u5f97\u5927\u79ae\uff1f\u2665 \u6ef4\u59b9"
        },
        {
            "id": "faLxbjMw0DE",
            "title": "\u5973\u751f\u7684\u5feb\u6a02\u5c31\u662f\u9019\u9ebd\u7c21\u55ae\uff01\u777d\u90557\u5e74\u76f4\u63a5\u5728\u65e5\u672c\u958b\u626d\u4e86\uff01\u2665 \u6ef4\u59b9"
        },
        {
            "id": "5l2qqHXhdnU",
            "title": "\u6bcf\u6b21\u770b\u5230\u54e5\u54e5\u539f\u5730\u5d29\u6f70\u771f\u958b\u5fc3\uff01\u5207\u6c34\u679c\u61f6\u4eba\u795e\u5668\u5230\u5e95\u662f\u795e\u5668\u9084\u662f\u5ee2\u7269\uff1f\u2665 \u6ef4\u59b9"
        },
        {
            "id": "FakJq-g30dU",
            "title": "\u98f2\u6599\u5e97\u5c31\u662f\u8981\u6bd4\u901f\u5ea6\uff01\u6700\u5feb\u7684\u98f2\u6599\u9054\u4eba\u6703\u662f\u8ab0\u5462\uff1f \u2665 \u6ef4\u59b9"
        },
        {
            "id": "OvUxwlnJrkc",
            "title": "\u6cf0\u52d2\u7d72\u6f14\u5531\u6703\u5468\u908a\u958b\u7bb1\uff01\u8d85\u8c50\u5bcc\u985e\u5225\u7d55\u5c0d\u8981\u770b\uff01\u2665 \u6ef4\u59b9 Taylor Swift The Eras Tour Merchandise Unboxing & Giveaway"
        },
        {
            "id": "32PyQ_AasBU",
            "title": "\u6cf0\u52d2\u7d72\u6f14\u5531\u6703\u771f\u7684\u662f\u53f2\u4e0a\u6700\u68d2\u7684\uff01\u4e00\u751f\u4e00\u5b9a\u8981\u770b\u4e00\u6b21\uff01Taylor Swift The Eras Tour Vlog \u6f14\u5531\u6703\u5168\u7d00\u9304 \u2665 \u6ef4\u59b9"
        },
        {
            "id": "PUMjDoaXrzU",
            "title": "\u7f8e\u570b\u4eba\u7b2c\u4e00\u6b21\u559d\u300c\u73cd\u73e0\u5976\u8336\u300d\uff01\u6ef4\u59b9\u5728\u570b\u5916\u9996\u6b21\u5617\u8a66\u89aa\u624b\u505a\u53f0\u7063\u5473\u73cd\u5976\uff01\u2665 \u6ef4\u59b9"
        },
        {
            "id": "iGtkwgr4gHo",
            "title": "\u5403\u5de7\u514b\u529b\u9084\u6709\u6a5f\u6703\u53ef\u4ee5\u62ff\u523030\u842c?!MrBeast\u7684\u5de7\u514b\u529b\u54c1\u724c\u958b\u7bb1\u2665 \u6ef4\u59b9"
        },
        {
            "id": "ap8HT6-rejw",
            "title": "\u54e5\u54e5\u51fa\u570b\u4e0d\u5728\u5bb6\uff01\u99ac\u4e0a\u5e36\u670b\u53cb\u4f86\u963f\u6ef4\u5bb6\u5927\u9b27\u7279\u9b27\uff01\u2665 \u6ef4\u59b9 @DaChien @theLiuPei @user-huangbrothers @helloiamhook @annie72127"
        },
        {
            "id": "A7-iA9kp2mQ",
            "title": "\u5be6\u6e2c5\u95934.5\u661f\u7f8e\u570b\u5728\u5730\u98f2\u6599\u5e97\uff01\u5927\u5bb6\u90fd\u611b\u559d\u9019\u500b\uff1f\u2665 \u6ef4\u59b9"
        },
        {
            "id": "0cZmTwLcVv4",
            "title": "\u4e0d\u540c\u570b\u5bb6\u7684\u670b\u53cb\u9ede\u5916\u9001\u7d66\u6211\u5403! \u6bcf\u4e00\u500b\u9910\u9ede\u90fd\u8d85\u7d1a\u9a5a\u559c! \u2665 \u6ef4\u59b9"
        },
        {
            "id": "yETNBRQ0wC0",
            "title": "\u5728\u7f8e\u570b\u4e00\u65e5\u7d04\u6703! \u561f\u561f\u6ef4\u5927\u5408\u9ad4! \u2665 \u6ef4\u59b9"
        },
        {
            "id": "Y1Yn1yBJnlc",
            "title": "\u4e00\u500b\u4eba\u53bb\u7f8e\u570b\u597d\u840a\u5862\u95d6\u8569! \u671d\u8056\u4e16\u754c\u8457\u540d\u6a19\u8a8c\u8d85\u65b0\u5947! \u2665 \u6ef4\u59b9"
        },
        {
            "id": "GxR332pHbns",
            "title": "\u60f3\u4e86\u597d\u5e7e\u5e74\u7d42\u65bc\u53bb\u505a\u9f3b\u5b50\u624b\u8853\u4e86...\u4eba\u751f\u7b2c\u4e00\u6b21\u5168\u8eab\u9ebb\u9189\u597d\u7dca\u5f35\uff01\u2665 \u6ef4\u59b9"
        },
        {
            "id": "T4a3y8eTmiE",
            "title": "\u9996\u6b21\u958b\u7bb1\u632a\u5a01\u96f6\u98df\uff01\u8207\u632a\u5a01\u60c5\u6b4c\u5c0f\u738b\u5b50\u908a\u559d\u518d\u77615\u5206\u9418\u908a\u4e00\u8d77\u5403\uff01feat. Peder Elias \u2665 \u6ef4\u59b9"
        },
        {
            "id": "pmAioiwf5wM",
            "title": "\u7b2c\u4e00\u6b21\u5e6b\u8c93\u54aa\u6d17\u6fa1\uff01\u6176\u795d\u73cd\u73e0\u5976\u8336\u4e94\u6b72\u751f\u65e5\u5feb\u6a02\uff01 \u2665 \u6ef4\u59b9"
        },
        {
            "id": "8msWbpcrn84",
            "title": "\u597d\u5473\u5c0f\u59d0\u5728\u6708\u5b50\u4e2d\u5fc3\u4f11\u990a\ud83c\udf4b! \u6ef4\u59b9\u5247\u6210\u70ba\u857e\u5922\u7684\u4e00\u65e5\u4fdd\u59c6!! \u2665 \u6ef4\u59b9"
        },
        {
            "id": "RjNpNTfwlbc",
            "title": "\u7c89\u8272\u982d\u9aee\u771f\u7684\u597d\u96e3\u7dad\u6301\uff01\u70ba\u62ef\u6551\u982d\u76ae\u8207\u9aee\u8cea\u4e00\u5200\u76f4\u63a5\u4e0b\u53bb\u4e86\uff01\u2665 \u6ef4\u59b9"
        },
        {
            "id": "5kLFsklvVm8",
            "title": "\u6ef4\u59b9\u9060\u7aef\u8a9e\u97f3\u64cd\u63a7\u300c\u5047\u5ba2\u4eba\u300d! \u7b2c\u4e00\u6b21\u7576\u670d\u52d9\u696d\u7684\u963f\u6ef4\u5feb\u8981\u88ab\u73a9\u58de\u4e86~ \u2665 \u6ef4\u59b9"
        },
        {
            "id": "R1rLhhzdFBo",
            "title": "\u5f04\u4e82\u54e5\u54e5\u65b0\u5bb6\uff01\u963f\u6ef4\u6703\u627e\u85cf\u5728\u5bb6\u88e1\u7684\u76f2\u76d2\u627e\u5230\u5d29\u6f70\u55ce\uff1f\u3010\u5927\u9b27\u54e5\u54e5\u65b0\u5bb6 Ep. 2\u3011\u2665 \u6ef4\u59b9"
        },
        {
            "id": "s2pdK6pW_wU",
            "title": "\u6ef4\u59b9\u623f\u95935\u5e74\u6c92\u958b\u7bb1! \u5077\u5077\u56de\u8001\u5bb6\u6574\u7406\u81ea\u5df1\u7684\u623f\u9593! \u6ef4\u5b24\u6ef4\u7238\u6ef4\u5abd\u5168\u90e8\u5687\u4e00\u5927\u8df3!!! \u2665 \u6ef4\u59b9"
        }
    ]
}