{
    "video_info": {
        "id": "2cbtmF9Db9c",
        "channelTitle": "\u597d\u68d2Bump",
        "title": "\u6211\u88ab\u8eca\u624b\u9818\u8d7030\u842c\uff01\u89aa\u81ea\u6293\u7d66\u4f60\u5011\u770b\uff01\u3010\u597d\u68d2Bump\u3011",
        "description": "\u4e00\u76f4\u5f88\u597d\u5947\u8eca\u624b\u5230\u5e95\u8981\u600e\u9ebc\u6293\uff0c\u4eca\u5929\u7d42\u65bc\u6709\u6a5f\u6703\u4e86\uff01\n\n#\u88ab\u981830\u842c #\u8eca\u624b\u600e\u9ebc\u6293 #\u539f\u4f86\u662f\u6293\u8eca\u624b\u6211\u4ee5\u70ba\u662f\u7121\u9593\u9053\u5462\n\n--------------------------------------------------------- \n\u4e0a\u4e00\u90e8\u5f71\u7247 \u6211\u7ffb\u8eca\u4e86... \u6211\u5c0d\u4e0d\u8d77\u5927\u5bb6\uff01\u3010\u597d\u68d2Bump\u3011https://youtu.be/91s-D0qkeaE\n\n\u8001\u5b50\u7684IG\uff1ahttps://bit.ly/2JqmmIq\n\u8001\u5b50\u7684FB\uff1ahttps://bit.ly/2s3pwwb",
        "likeCount": "35811",
        "commentCount": "2084",
        "viewCount": "928522"
    },
    "comments": [
        {
            "reply_id": "UgzupFktfYVYciRCncd4AaABAg",
            "reply_content": "\u544a\u8a34\u5927\u5bb6\u4e0d\u7ba1\u662f\u91d1\u9322\u6d41\u5411\u9084\u662f\u4eba\u54e1\u52d5\u5411\u57fa\u672c\u4e0a\u90fd\u8981\u505a\u65b7\u9ede\uff0c\u7136\u5f8c\u591a\u53bb\u4eba\u591a\u7684\u5730\u65b9\uff0c\u53bb\u9818\u9322\u7684\u6642\u5019\u591a\u7a7f\u5916\u5957\u9d28\u820c\u5e3d\u6216\u88dd\u98fe\u4e00\u63db\u4f4d\u5c31\u812b\u6389\u4e1f\u6389\uff0c\u4e26\u4e14\u53bb\u5230\u5927\u516c\u5712\u985e\u7684\u5730\u65b9\u53eb\u8a08\u7a0b\u8eca\u591a\u8f49\u5730\u9ede\uff0c\u9a0e\u6a13\u5df7\u5b50\u591a\u6643\u88fd\u9020\u591a\u9ede\u8b93\u8b66\u5bdf\u5fd9\u67e5\u537b\u67e5\u4e0d\u5230\u6709\u7528\u8a0a\u606f\uff0c\u8a18\u5f97\u591a\u78ba\u5b9a\u8def\u7dda\u898f\u5283\u5728\u57f7\u884c\u8a08\u756b\uff08\u8b1b\u5230\u9019\u908a\u5927\u5bb6\u90fd\u6703\u767c\u73fe\u8ddf\u8a08\u756b\u6bba\u4eba\u6216\u8a50\u9a19\u4e00\u6a23\uff0c\u57fa\u672c\u4e0a\u6709\u8166\u7684\u6839\u672c\u4e0d\u6703\u60f3\u53bb\u72af\u7f6a\u56e0\u70ba\u77e5\u9053\u4e0d\u503c\u5f97\uff0c\u800c\u4e14\u8981\u662f\u9810\u8b00\u5b8c\u5584\u7684\u8166\u5b50\u4e5f\u4e0d\u6703\u53bb\u72af\u7f6a\u57fa\u672c\u4e0a\u72af\u7f6a\u7684\u4e5d\u6210\u90fd\u662f\u5947\u8469\u6216\u53e6\u985e\u5269\u7684\u4e00\u6210\u5929\u624d\u985e\u7576\u6211\u6c92\u8aaa\uff0c\u5e0c\u671b\u4e0d\u8981\u6709\u4eba\u5728\u88ab\u9a19\uff0c\u5728\u9019\u795d\u798f\u770b\u5230\u8a0a\u606f\u7684\u5927\u5bb6\u8eab\u9ad4\u5065\u5eb7\u8377\u5305\u5065\u5eb7\u4e8b\u4e8b\u9806\u5fc3",
            "likeCount": 1
        },
        {
            "reply_id": "Ugxsejt2eJfSxSY3LjV4AaABAg",
            "reply_content": "\u958b\u5c0e\u6211\u4e86",
            "likeCount": 0
        },
        {
            "reply_id": "UgxGhOIaVwEd6jtPFTV4AaABAg",
            "reply_content": "\u8b9a",
            "likeCount": 0
        },
        {
            "reply_id": "UgynOHxKTPgnnsHseUd4AaABAg",
            "reply_content": "\u4e0d\u6b62\u5ba3\u5c0e\u8eca\u624b\u9084\u8981\u9632\u7bc4\u8a50\u9a19\uff0c\u5169\u8005\u517c\u9867\u624d\u80fd\u62b5\u5236\u60e1\u6027\u5faa\u74b0",
            "likeCount": 0
        },
        {
            "reply_id": "UgwpB8PGOFcAHI_k4Pl4AaABAg",
            "reply_content": "\u6578\u767c\u90e8\u61c9\u8a72\u8981\u7d66\u4f60\u9322\u62cd\u7247",
            "likeCount": 0
        },
        {
            "reply_id": "UgyIrVV25iiAlg2xmEd4AaABAg",
            "reply_content": "\u8b1d\u8b1d\u4f60\u7684\u6b63\u78ba\u89c0\u5ff5",
            "likeCount": 0
        },
        {
            "reply_id": "UgwNul-_jIbZkvJF8ON4AaABAg",
            "reply_content": "\u57f7\u653f\u9ee8\u6709\u591a\u5c11\u9ed1\u91d1\u4f86\u81ea\u8a50\u9a19\uff0c\u96e3\u602a\u4e4b\u524d\u8981\u5ba3\u50b3\u88ab\u64cb\u4e0b\u4f86",
            "likeCount": 0
        },
        {
            "reply_id": "UgzUY9KoeZV-Psf0Zbp4AaABAg",
            "reply_content": "\u8b66\u5bdf\u8981\u7d66\u4ed6\u5011\u4e00\u500b\u5927\u8d0a",
            "likeCount": 0
        },
        {
            "reply_id": "UgzxZbpQGqcNVVTlJJN4AaABAg",
            "reply_content": "\u8b1d\u8b1d\u62cd\u9019\u500b",
            "likeCount": 0
        },
        {
            "reply_id": "UgwNsmXUp2EtBCwgb3R4AaABAg",
            "reply_content": "\u8b66\u5bdf\u6293\u5230\u5230\u96de\u86cb\u8a50\u9a19\u4ed4\u55ce",
            "likeCount": 0
        },
        {
            "reply_id": "UgyyAaEMAIGCJMR5JW54AaABAg",
            "reply_content": "\u8f9b\u82e6\u4e86",
            "likeCount": 0
        },
        {
            "reply_id": "UgyoZIhC1OVNUBrjb514AaABAg",
            "reply_content": "\u6211\u771f\u5fc3\u652f\u6301\u8207\u4f69\u670d\u4f60",
            "likeCount": 0
        },
        {
            "reply_id": "UgxSfeuX8D6y1P3VhrF4AaABAg",
            "reply_content": "\u611f\u8b1d\u60a8\u70ba\u4e86\u53f0\u7063\u4ed8\u51fa",
            "likeCount": 0
        },
        {
            "reply_id": "UgygH4qBjE2RFUNL7AV4AaABAg",
            "reply_content": "\u770b\u5230\u5f8c\u9762\u624d\u6bd4\u8f03\u662f\u91cd\u9ede\u9322\u6c92\u8cfa\u5230\u9084\u8981\u8ce0\u9322",
            "likeCount": 0
        },
        {
            "reply_id": "UgzOb7s_9mlBJzppx_N4AaABAg",
            "reply_content": "\u4e0d\u60f3\u50cf\u5927\u9678\u4e00\u6a23\u88ab\u76e3\u63a7\uff0c\u57fa\u672c\u4e0a\u5c31\u662f\u5f97\u8981\u9019\u6a23\u9760\u4eba\u529b\u627e",
            "likeCount": 0
        },
        {
            "reply_id": "Ugzd9jys0d15-Dz7V5J4AaABAg",
            "reply_content": "\u901a\u5e38\u53ea\u6709\u4e0d\u60f3\u6293\u7684\u6c92\u6709\u6293\u4e0d\u5230\u7684",
            "likeCount": 0
        },
        {
            "reply_id": "UgwVIFUf-9RkCLexXhV4AaABAg",
            "reply_content": "\u52f8\u5c0e\u6c92\u7528\u7684",
            "likeCount": 0
        },
        {
            "reply_id": "UgzzKQtW1GhfCf_mtgx4AaABAg",
            "reply_content": "\u6709\u4f60\u771f\u597d",
            "likeCount": 0
        },
        {
            "reply_id": "UgwDpdKj1r2YFv5JBqx4AaABAg",
            "reply_content": "\u539f\u4f86\u8981\u4e00\u76f4\u8b8a\u88dd",
            "likeCount": 0
        },
        {
            "reply_id": "UgyJjY-d-kEkVxcp_UR4AaABAg",
            "reply_content": "\u90a3\u662f\u4f60\u62cd\u89c6\u9891\u8b66\u5bdf\u624d\u914d\u5408\u4f60",
            "likeCount": 0
        }
    ]
}