{
    "video_info": {
        "id": "3xcQsxpMM2o",
        "channelTitle": "\u597d\u68d2Bump",
        "title": "\u6211\u628a40\u5e74\u8001\u5c4b\u5927\u6539\u9020\u2026 \u8b8a\u6210\u667a\u80fd\u79d1\u6280\u623f\uff01 \u79df\u51fa\u53bb\u80fd\u8cfa\u591a\u5c11\u9322\uff1f\u3010\u597d\u68d2Bump\u3011",
        "description": "\u9019\u4e00\u90e8\u7247\u771f\u7684\u82b1\u4e86\u6211\u4e00\u5e74\u7684\u6642\u9593\u624d\u505a\u597d\uff0c\u4e00\u65b9\u9762\u60f3\u56de\u994b\u81ea\u5df1\u5718\u968a\u7684\u5925\u4f34\uff0c\u7562\u7adf\u4ed6\u5011\u5e73\u5e38\u771f\u7684\u70ba\u6211\u5949\u737b\u5f88\u591a\uff0c\u4f46\u53e6\u4e00\u65b9\u9762\u4e5f\u662f\u60f3\u628a\u4e00\u4e9b\u96b1\u55bb\u7684\u7cbe\u795e\uff0c\u7d00\u9304\u4e0b\u4f86\u5206\u4eab\u7d66\u5927\u5bb6\uff0c\u5e0c\u671b\u5927\u5bb6\u6703\u559c\u6b61\u3002\n\n#\u8001\u5c4b\u5927\u7ffb\u65b0 #\u667a\u80fd\u6c1b\u570d\u623f #\u9ad4\u9a57\u904e\u5c31\u56de\u4e0d\u53bb\u4e86\n--------------------------------------------------------- \n\u4e0a\u4e00\u90e8\u5f71\u7247 \u624b\u6a5f\u88ab\u5077\u4e86\uff01\u7528\u885b\u661f\u5b9a\u4f4d\u5831\u8b66\u6293\u8cca\u2026. \u80fd\u627e\u56de\u4f86\u55ce\uff1f\u3010\u597d\u68d2Bump\u3011\nhttps://youtu.be/bUtz6EcuUe0\n\u8001\u5b50\u7684IG\uff1ahttps://bit.ly/2JqmmIq\n\u8001\u5b50\u7684FB\uff1ahttps://bit.ly/2s3pwwb",
        "likeCount": "24415",
        "commentCount": "1096",
        "viewCount": "951699"
    },
    "comments": [
        {
            "reply_id": "UgyXnRF17uliji1XVMp4AaABAg",
            "reply_content": "\u597d\u50cf\u6709\u4e00\u500b\u5f71\u7247\u88ab\u522a\u4e86",
            "likeCount": 3
        },
        {
            "reply_id": "UgzGSwj2AqqDmwRaXtZ4AaABAg",
            "reply_content": "\u53c8\u5728\u62cd\u5927\u4f01\u5283\u4e86\u5427",
            "likeCount": 2
        },
        {
            "reply_id": "Ugz7rDrPkf7d9PGnl7V4AaABAg",
            "reply_content": "\u597d\u4e45\u6c92\u66f4\u65b0\u4e86",
            "likeCount": 2
        },
        {
            "reply_id": "UgzlHpw8vsVloJerz9x4AaABAg",
            "reply_content": "\u70ba\u4ec0\u9ebc\u667a\u529b\u6e2c\u9a57\u7684\u5f71\u7247\u6c92\u4e86",
            "likeCount": 2
        },
        {
            "reply_id": "UgwOl2ize-6iEQ5VnZV4AaABAg",
            "reply_content": "\u88dd\u6f62\u53ef\u4ee5\u526a\u6210\u4e00\u500b\u6b4c\u592a\u8b9a\u4e86",
            "likeCount": 0
        },
        {
            "reply_id": "UgzP9C7j4RscoNBdt7R4AaABAg",
            "reply_content": "\u5145\u6eff\u667a\u6167\u96fb\u71c8\u7684\u623f\u5b50",
            "likeCount": 0
        },
        {
            "reply_id": "UgxN5SMK9TiqpijfstB4AaABAg",
            "reply_content": "\u9019\u793e\u6703\u4e00\u5806\u4eba\u5728\u5272\u97ed\u83dc",
            "likeCount": 0
        },
        {
            "reply_id": "UgxGSWePoLkvTpBL2hp4AaABAg",
            "reply_content": "\u6211\u4ee5\u70ba\u8981\u696d\u914d",
            "likeCount": 0
        },
        {
            "reply_id": "Ugz7MKrroU5PtOxA_D94AaABAg",
            "reply_content": "\u9019\u6a23\u5927\u6982\u82b1\u591a\u5c11\u9322",
            "likeCount": 0
        },
        {
            "reply_id": "UgzuGYKC_gAc2n7He-h4AaABAg",
            "reply_content": "\u771f\u7684\u597d\u68d2",
            "likeCount": 0
        },
        {
            "reply_id": "Ugy2HSf5Fa9zYcOEOmF4AaABAg",
            "reply_content": "\u597d\u53b2\u5bb3\u5594\u975e\u5e38\u68d2\u7684\u71c8\u5149\u6548\u679c",
            "likeCount": 0
        },
        {
            "reply_id": "UgwY0CScL2zx36VUCUZ4AaABAg",
            "reply_content": "\u52a0\u6cb9\u52a0\u6cb9",
            "likeCount": 0
        },
        {
            "reply_id": "Ugys9T5aZwFyRg4ys1R4AaABAg",
            "reply_content": "\u539f\u4f86\u6211\u4e4b\u524d\u62c6\u6a4b\u7d19\u62c6\u5230\u7684\u5947\u602a\u7684\u6771\u897f\u53ef\u80fd\u662f\u53e3\u9999\u7cd6\ud83d\ude02",
            "likeCount": 0
        },
        {
            "reply_id": "UgwIl5RTxQb6Q2sHmMx4AaABAg",
            "reply_content": "\u600e\u4e48\u4e0d\u66f4\u65b0\u4e86\u96f7\u54e5\u54e5",
            "likeCount": 0
        },
        {
            "reply_id": "UgxrqWHieV3woBFw7Qd4AaABAg",
            "reply_content": "\u5f88\u4e45\u6c92\u66f4\u4e86",
            "likeCount": 0
        },
        {
            "reply_id": "UgwDI8iJ3b4elB_XmrJ4AaABAg",
            "reply_content": "\u600e\u9ebc\u6700\u8fd1\u90fd\u6c92\u66f4",
            "likeCount": 0
        },
        {
            "reply_id": "Ugz0yyQU8kmU2clSm-J4AaABAg",
            "reply_content": "\u90a3\u500b\u71c8\u771f\u7684\u8d85\u5e25",
            "likeCount": 0
        },
        {
            "reply_id": "UgyV2sKLkhZ4Hl3-qZd4AaABAg",
            "reply_content": "\u592a\u731b\u4e86",
            "likeCount": 0
        },
        {
            "reply_id": "Ugxiz5hQvLyWMotgF9l4AaABAg",
            "reply_content": "\u65b0\u7247\u4e3a\u4f55\u5220\u4e86\u5582",
            "likeCount": 0
        },
        {
            "reply_id": "UgwG5ab7AL2OYIkyPd94AaABAg",
            "reply_content": "\u5feb\u9ede\u767c\u7247\u963f\u6211\u5feb\u7121\u804a\u6b7b\u4e86",
            "likeCount": 0
        }
    ]
}