{
    "video_info": {
        "id": "deaAMT211_Q",
        "channelTitle": "\u597d\u68d2Bump",
        "title": "\u6211\u7528\u6578\u5b78\u516c\u5f0f\u7834\u89e3\u8ced\u5834\uff01\u73a921\u9ede\u7b97\u724c... \u8d0f\u8d70300\u842c\uff01\u3010\u597d\u68d2Bump\u3011\u3010\u512a\u52e2\u73a9\u5bb6\u3011",
        "description": "\u9019\u90e8\u7247\u8a18\u9304\u4e86\uff0c\u6211\u4eca\u5e743\u6708\u53bb\u7f8e\u570b\u62c9\u65af\u7dad\u52a0\u65af1\u500b\u6708\u6240\u767c\u751f\u7684\u4e8b\u60c5\uff0c\u8017\u6642\u4e86\u5e7e\u500b\u6708\u7684\u88fd\u4f5c\uff0c\u7d42\u65bc\u505a\u597d\u4e86\uff01\uff01\uff01 \u5e0c\u671b\u5927\u5bb6\u6703\u559c\u6b61~\n\n#\u6c7a\u52dd21\u9ede #\u6578\u5b78\u6230\u52dd\u8ced\u5834 #\u9019\u662f\u4e00\u90e8\u8d85\u8f9b\u82e6\u7684\u5f71\u7247\n\n\u6210\u70ba\u9019\u500b\u983b\u9053\u7684\u6703\u54e1\u4e26\u7372\u5f97\u734e\u52f5\uff1a\nhttps://www.youtube.com/channel/UC7XxnhjdYjiQJ3m80K_N_4g/join\n\n--------------------------------------------------------- \r\n\u4e0a\u4e00\u90e8\u5f71\u7247 \u88ab\u8cbc\u4e0a\u6557\u58de\u793e\u6703\u6a19\u7c64\u5f8c\uff01\u70ba\u4e86\u7d66\u4f60\u5011\u4e00\u500b\u7acb\u5834\uff01\u6211\u5df2\u4ed8\u51fa\u4e00\u5207\u2026\u3010\u597d\u68d2Bump\u3011https://youtu.be/1lyvxqmNRv4\r\n\r\n\u8001\u5b50\u7684IG\uff1ahttps://bit.ly/2JqmmIq\r\n\u8001\u5b50\u7684FB\uff1ahttps://bit.ly/2s3pwwb",
        "likeCount": "62176",
        "commentCount": "3386",
        "viewCount": "2563940"
    },
    "comments": [
        {
            "reply_id": "UgzHo5hZO50nT0aLkcl4AaABAg",
            "reply_content": "\u5176\u5be6\u6709\u6b63\u78ba\u7684\u89c0\u5ff5\u8d85\u91cd\u8981",
            "likeCount": 0
        },
        {
            "reply_id": "UgxRc4MpcifmyQMUKSZ4AaABAg",
            "reply_content": "\u9019\u5f71\u7247\u505a\u7684\u597d\u68d2",
            "likeCount": 0
        },
        {
            "reply_id": "Ugy6_l_k6KVruJohR-h4AaABAg",
            "reply_content": "\u4f60\u771f\u7684\u8d85\u8070\u660e",
            "likeCount": 0
        },
        {
            "reply_id": "UgzJzgazfgQ3OdiHtqt4AaABAg",
            "reply_content": "\u975e\u5e38\u50cf\u8bc8\u9a97\u7ec4\u7ec7",
            "likeCount": 0
        },
        {
            "reply_id": "UgzcZ2mI_6Dy_x-oPsV4AaABAg",
            "reply_content": "\u6709\u9322",
            "likeCount": 0
        },
        {
            "reply_id": "UgxZprhaADTccJMtLTp4AaABAg",
            "reply_content": "\u8a87\u5f35\u5ba3\u50b3",
            "likeCount": 0
        },
        {
            "reply_id": "UgwtS_4ZGcVWRBjTj2p4AaABAg",
            "reply_content": "\u73a9\u7535\u5b50\u7248\u7684\u5c31\u4e0d\u4f1a\u88ab\u8d76\u5566",
            "likeCount": 0
        },
        {
            "reply_id": "UgxGEbqBhN5urN5LcL54AaABAg",
            "reply_content": "\u54ea\u91cc\u53ef\u4ee5\u5b66\u4e60",
            "likeCount": 0
        },
        {
            "reply_id": "UgzkoEn6uhOM0UQj5mF4AaABAg",
            "reply_content": "\u9019\u90e8\u7684\u542b\u91d1\u91cf\u975e\u5e38\u9ad8",
            "likeCount": 0
        },
        {
            "reply_id": "UgwGxEwb8FMj2mP4J894AaABAg",
            "reply_content": "\u656c\u4f69",
            "likeCount": 0
        },
        {
            "reply_id": "Ugx5pyYGxg7FWjl18it4AaABAg",
            "reply_content": "\u53b2\u5bb3\u53b2\u5bb3",
            "likeCount": 0
        },
        {
            "reply_id": "Ugw8_04_QVG2c6gDkWF4AaABAg",
            "reply_content": "\u6211\u4e0d\u61c2\u4e3a\u4ec0\u4e48\u8d62\u94b1\u4f1a\u4e0d\u7ed9\u73a9",
            "likeCount": 0
        },
        {
            "reply_id": "Ugzv0l_td-XKznOghLV4AaABAg",
            "reply_content": "\u5439\u5427",
            "likeCount": 0
        },
        {
            "reply_id": "Ugxw6ZTGDNoLca56NvJ4AaABAg",
            "reply_content": "\u53f0\u6e7e\u9a97\u5b50\u771f\u591a",
            "likeCount": 0
        },
        {
            "reply_id": "UgwHgdobwpKImvTf6Up4AaABAg",
            "reply_content": "\u53ef\u4ee5\u53bb\u73a9\u5fb7\u5dde\u55ce",
            "likeCount": 0
        },
        {
            "reply_id": "UgxKtfUXFf5HWGb8wvV4AaABAg",
            "reply_content": "\u7f51\u4e0a\u7f51\u8d4c\u88ab\u9ed1\u51fa\u6b3e\u901a\u9053\u7ef4\u62a4\u4e0d\u7ed9\u63d0\u6b3e\u600e\u4e48\u529e\uff1f\u54a8\u8be2\u52a9\u60a8\u633d\u56de\u635f\u5931",
            "likeCount": 0
        },
        {
            "reply_id": "UgxFseJO9Uac3rcOAsF4AaABAg",
            "reply_content": "\u4f60\u4eec\u6323\u94b1\u4e0d\u8981\u6b22\u547c\u4e0d\u8981\u9ad8\u8c03\u5c31\u53ef\u4ee5\u5417",
            "likeCount": 0
        },
        {
            "reply_id": "UgyEr7YoDcMGCPXpeU94AaABAg",
            "reply_content": "\u5bf9\u7684\u6211\u4e5f\u73a9\u7ebf\u4e0a\u5b9e\u4f53\u6709\u4fdd\u969c\u9009\u5bf9\u5e73\u53f0\u5f88\u91cd\u8981\u7684",
            "likeCount": 0
        },
        {
            "reply_id": "UgyOHww8l8ZVyL_iFSp4AaABAg",
            "reply_content": "\u8717\u725b\u673a\u53d1\u724c\u5c31\u7b97\u4e0d\u4e86\u4e86\u5427",
            "likeCount": 0
        },
        {
            "reply_id": "UgwOQekAlLMvYn-Od1x4AaABAg",
            "reply_content": "\u7f8e\u91d1\ud83d\udcb2\u6c47\u6b3e\u4ea4\u6613\u90fd\u53ef\u4ee5\u6311\u6218\u7528\u7535\u8111\u767b\u5f55\u8fdb\u6765\u770b\u770b\u6311\u6218\u7b49\u4f60\u6765",
            "likeCount": 0
        }
    ]
}