{
    "video_info": {
        "id": "g3d3JKvDHgA",
        "channelTitle": "\u597d\u68d2Bump",
        "title": "\u6211\u7834\u89e3\u4e86\u591c\u5e02\u5f48\u73e0\u53f0\uff01\u53ea\u82b1100\u5143\u5c31\u6253\u51fa4\u842c\u584a\u7684\u5a03\u5a03\uff01\u3010\u597d\u68d2Bump\u3011",
        "description": "\u9019\u4e00\u6b21\u6211\u5e36\u8457\u5713\u5713\u53bb\u591c\u5e02\u6253\u5f48\u73e0\uff0c\u6559\u4ed6\u600e\u9ebc\u8d0f\u81ea\u5df1\u60f3\u8981\u7684\u73a9\u5177\n\n#\u7834\u89e3\u5f48\u73e0\u53f0 #\u6253\u6557\u8cc7\u672c\u4e3b\u7fa9 #\u99ac\u6876\u5835\u4f4f\u4e86\n--------------------------------------------------------- \r\n\u4e0a\u4e00\u90e8\u5f71\u7247 \u7adf\u6709\u8ced\u5834\u958b\u4f86\u8b93\u73a9\u5bb6\u8d0f\u9322\uff1f\u6211\u628a\u904e\u5e74\u7d05\u5305\u5168\u58d3\u62fc\u4e00\u628a\uff01\u3010\u597d\u68d2Bump\u3011https://youtu.be/cGA2_pB0MCI\r\n\r\n\u8001\u5b50\u7684IG\uff1ahttps://bit.ly/2JqmmIq\r\n\u8001\u5b50\u7684FB\uff1ahttps://bit.ly/2s3pwwb",
        "likeCount": "25843",
        "commentCount": "1675",
        "viewCount": "1572881"
    },
    "comments": [
        {
            "reply_id": "UgyX_1bAfnulf0P5Vc14AaABAg",
            "reply_content": "\u9019\u7fa4\u5e74\u8f15\u4eba\u760b\u4e86",
            "likeCount": 1
        },
        {
            "reply_id": "Ugx7c0DzEaJkbwXDTGR4AaABAg",
            "reply_content": "\u8aaa\u5be6\u5728\u62ff\u5230\u5a03\u5a03\u4e86\u6c92\u5fc5\u8981\u55c6\u4eba\u9b6f\u86c7",
            "likeCount": 1
        },
        {
            "reply_id": "UgzmCw7wutlf_O_61rd4AaABAg",
            "reply_content": "\u76f4\u63a5\u7528\u8cb7\u7684\u90fd\u4e0d\u7528\u90a3\u9ebc\u8cb4 \u6240\u4ee5\u73fe\u5728\u6839\u672c\u4e0d\u53bb\u6253\u5f48\u73e0\u53f0",
            "likeCount": 0
        },
        {
            "reply_id": "UgyamRHX-UHIUqnGk054AaABAg",
            "reply_content": "\u53ef\u4ee5\u8b1b\u904b\u5f69\u55ce",
            "likeCount": 0
        },
        {
            "reply_id": "Ugz_39B_qbFXwOOe3gV4AaABAg",
            "reply_content": "\u6bcf\u6b21\u90fd\u5f88\u7fa8\u6155\u591c\u5e02\u7684\u5f48\u73e0\u53f0\uff0c\u56e0\u70ba\u76f8\u5c0d\u4f86\u8aaa\u662f\u597d\u8cfa\u53c8\u4e0d\u9700\u52de\u529b\u8ddf\u9ad8\u984d\u539f\u7269\u6599\u6210\u672c\u7684\u71df\u696d\u9805\u76ee\uff0c\u53ef\u662f\u60f3\u904e\u5be9\u6838\u662f\u5f88\u96e3\u7684\uff0c\u800c\u4e14\u4e00\u9593\u591c\u5e02\u4e5f\u4e0d\u53ef\u80fd\u6703\u63a5\u53d7\u4e00\u5806\u4eba\u90fd\u8b93\u4f60\u64fa\u5f48\u73e0\u53f0\uff0c\u7e3d\u4e4b\u4eba\u8108\u8981\u5920\u786c\u624d\u6709\u6a5f\u6703",
            "likeCount": 0
        },
        {
            "reply_id": "UgwRZEVEhvuNLC0i1-p4AaABAg",
            "reply_content": "\u5e79",
            "likeCount": 0
        },
        {
            "reply_id": "UgzKJu9_wYdxiijOK-J4AaABAg",
            "reply_content": "\u6559\u58de\u5c0f\u5b69",
            "likeCount": 0
        },
        {
            "reply_id": "UgzFub9Rp16_KtniFfJ4AaABAg",
            "reply_content": "\u6211\u60f3\u770b\u7834\u89e3\u671f\u8ca8",
            "likeCount": 0
        },
        {
            "reply_id": "UgxN0d1JaXB3tt5uYwh4AaABAg",
            "reply_content": "\u8208\u4ec1\u591c\u5e02",
            "likeCount": 0
        },
        {
            "reply_id": "UgwzzhmruZ-BXVjTmEZ4AaABAg",
            "reply_content": "\u90a3\u500b\u99ac\u6876\u662f\u5047\u7684",
            "likeCount": 0
        },
        {
            "reply_id": "UgyPLA6NAB8mMdTVh0J4AaABAg",
            "reply_content": "\u592a\u68d2\u4e86\u4f60",
            "likeCount": 0
        },
        {
            "reply_id": "UgzKqpoC4Yx5TbqLiCZ4AaABAg",
            "reply_content": "\u4ee5\u524d\u6709\u4e00\u7a2e\u6703\u6389\u9322\u7684\u5f48\u73e0\u53f0\u6211\u5011\u90a3\u908a\u7684\u90a3\u4e00\u53f0\u88ab\u6211\u6e05\u7a7a\u88e1\u9762\u7684\u9322\u5169\u4e09\u6b21\u8001\u95c6\u5c31\u628a\u6a5f\u53f0\u6536\u8d77\u4f86\u4e86\u3002\ud83d\ude0a",
            "likeCount": 0
        },
        {
            "reply_id": "Ugz-VtiGMFz33cYuS-t4AaABAg",
            "reply_content": "\u539f\u4f86\u5728\u8208\u4ec1\u82b1\u5712\u591c\u5e02",
            "likeCount": 0
        },
        {
            "reply_id": "Ugz9E7t65aqGiWkX1NF4AaABAg",
            "reply_content": "\u99ac\u6876\u5835\u585e",
            "likeCount": 0
        },
        {
            "reply_id": "UgxI8TjrytbkUr1Pwod4AaABAg",
            "reply_content": "\u8001\u95c6\u50bb\u773c",
            "likeCount": 0
        },
        {
            "reply_id": "UgyQEAGmc_bmA4w0p3t4AaABAg",
            "reply_content": "\u6211\u8a18\u5f97\u6211\u53bb\u73a9\u7684\u90fd\u662f\u4f60\u8cb7\u5e7e\u5c40\u56fa\u5b9a\u5c31\u662f\u54ea\u500b\u5340\u57df\u7684\u73a9\u5177\u53ef\u4ee5\u9078 \u5206\u6578\u53ea\u662f\u597d\u73a9\u800c\u5df2",
            "likeCount": 0
        },
        {
            "reply_id": "UgyYVKWLNqhhQfW-0Dh4AaABAg",
            "reply_content": "\u5f8c\u9762\u5916\u570b\u59b9\u5b50\u597d\u8b9a",
            "likeCount": 0
        },
        {
            "reply_id": "UgzVj1MoaUi0W3mjEsp4AaABAg",
            "reply_content": "\u6839\u672c\u53f2\u8a69\u822c\u7684\u6253\u5f48\u73e0",
            "likeCount": 0
        },
        {
            "reply_id": "UgxNiOg-xuGknD43-2J4AaABAg",
            "reply_content": "\u6211\u627e\u5230\u4e00\u500b\u9ad8\u7246\u4e86\u5357\u97d3\u8ddf\u5317\u97d3\u7684\u4ea4\u754c\u8655\u5c31\u6709\u4e00\u500b",
            "likeCount": 0
        },
        {
            "reply_id": "Ugyjkb64_-VtIydZ6j14AaABAg",
            "reply_content": "\u9019\u4e00\u96c6\u7684\u6536\u5165\u7e3d\u5171\u591a\u5c11\u5462",
            "likeCount": 0
        }
    ]
}