{
    "video_info": {
        "id": "MXg2uZuAmj8",
        "channelTitle": "\u597d\u68d2Bump",
        "title": "\u9019\u5c31\u662f\u6bba\u8c6c\u76e4\uff01\u4f60\u4ee5\u70ba\u7684\u6200\u60c5\u2026 \u537b\u53ea\u662f\u96c6\u5718\u8a2d\u5c406\u500b\u6708\u7684\u9a19\u9322\u624b\u6bb5\uff01\u3010\u597d\u68d2Bump\u3011\u3010\u8a50\u9a19\u89e3\u78bc\u3011",
        "description": "\u7db2\u8def\u4e0a\u96a8\u8655\u90fd\u662f\u8a50\u9a19\u9677\u9631\uff0c\u800c\u73fe\u5728\u9019\u4e9b\u96c6\u5718\uff0c\u751a\u81f3\u9858\u610f\u82b1\u4e0a\u5e7e\u500b\u6708\u7684\u6642\u9593\u8ddf\u4f60\u57f9\u990a\u611f\u60c5\uff0c\u7b49\u4f60\u5378\u4e0b\u5fc3\u9632\u4e4b\u5f8c\uff0c\u518d\u628a\u4f60\u9a19\u5f97\u50be\u5bb6\u8569\u7522\u2026.\n\n\u53ea\u8981\u6709\u66f4\u591a\u4eba\u77e5\u9053\u9019\u4e9b\u624b\u6cd5\uff0c\u90a3\u5c31\u6703\u66f4\u5c11\u4eba\u53d7\u9a19\uff0c\u800c\u9019\u90e8\u7247\u5c31\u662f\u70ba\u6b64\u800c\u62cd\u7684\u3002\n\n#\u6bba\u8c6c\u76e4 #\u8a50\u9a19\u89e3\u78bc  #\u4e0d\u6562\u518d\u6709\u5927\u81bd\u7684\u60f3\u6cd5\u4e86\n\u6210\u70ba\u9019\u500b\u983b\u9053\u7684\u6703\u54e1\u4e26\u7372\u5f97\u734e\u52f5\uff1a\nhttps://www.youtube.com/channel/UC7XxnhjdYjiQJ3m80K_N_4g/join\n\n--------------------------------------------------------- \r\n\u4e0a\u4e00\u90e8\u5f71\u7247\r\n3\u5e74\u4e86\uff0c\u6211\u7d42\u65bc\u80fd\u597d\u597d\u9084\u4f60\u9019\u4e00\u4efd\u60c5\u3002\u3010\u597d\u68d2Bump\u3011\nhttps://youtu.be/hhHvB4xmeUo\n\u8001\u5b50\u7684IG\uff1ahttps://bit.ly/2JqmmIq\r\n\u8001\u5b50\u7684FB\uff1ahttps://bit.ly/2s3pwwb",
        "likeCount": "49848",
        "commentCount": "4209",
        "viewCount": "1677394"
    },
    "comments": [
        {
            "reply_id": "Ugw-2zESV6BSMRwyemt4AaABAg",
            "reply_content": "\u5e0c\u671b\u8a50\u9a19\u96c6\u5718\u53ef\u4ee5\u6b7b\u7d55",
            "likeCount": 1
        },
        {
            "reply_id": "UgwPgDjXlrIQWD0C0-94AaABAg",
            "reply_content": "\u80fd\u7406\u6211\u55ce",
            "likeCount": 0
        },
        {
            "reply_id": "Ugz-LUafUkmN973HttZ4AaABAg",
            "reply_content": "\u6839\u672c\u6d3b\u8a72\u4e0d\u503c\u5f97\u540c\u60c5",
            "likeCount": 0
        },
        {
            "reply_id": "UgzT5-_nwxYpB7gjMt14AaABAg",
            "reply_content": "\u9019\u500b\u4e16\u754c\u4e0a\u9664\u4e86\u91cb\u8fe6\u6469\u5c3c\u4f5b\u4ee5\u5916\uff0c\u53ea\u8981\u662f\u4eba\u985e\u90fd\u4e0d\u80fd\u76f8\u4fe1",
            "likeCount": 0
        },
        {
            "reply_id": "UgyA6ONBU6Ircc9hXgN4AaABAg",
            "reply_content": "\u4f60\u6709\u7a7a\u898b\u9762\u55ce",
            "likeCount": 0
        },
        {
            "reply_id": "UgyWjJJxLfD_hzhqsCZ4AaABAg",
            "reply_content": "\u6200\u611b\u8166\u6c96\u660f\u982d\u4e86",
            "likeCount": 0
        },
        {
            "reply_id": "Ugwzw5GGz-y0lz0YZtp4AaABAg",
            "reply_content": "\u600e\u4e48\u624d\u80fd\u8054\u7cfb\u5230\u4f60",
            "likeCount": 0
        },
        {
            "reply_id": "UgxBgeDs24mp8f3OJFh4AaABAg",
            "reply_content": "\u9019\u500b\u53ef\u80fd\u662f\u7537\u751f",
            "likeCount": 0
        },
        {
            "reply_id": "Ugwbop0bxMVUp64degF4AaABAg",
            "reply_content": "\u9019\u500b\u8a50\u9a19\u6211\u5176\u5be6\u6709\u4e0a\u7576\u5c0d\u65b9\u662f\u5229\u7528\u6211\u7684\u540c\u60c5\u5fc3\u4f86\u8a50\u9a19\u6211\u7684\u9322\u3002\u662f\u5728\u4e00\u500b\u4ea4\u53cb\u8edf\u9ad4\u804a\u6709\u4e00\u6bb5\u6642\u9593\u5dee\u4e0d\u591a\u4e00\u5169\u5929\u7136\u5f8c\u4ed6\u5c31\u6709\u8ddf\u6211\u8aaa\u4e00\u4e9b\u985e\u4f3c\u7d04\u6703\u4e4b\u985e\u7684\u53ef\u6211\u662f\u62d2\u7d55\u4f46\u5c31\u5229\u7528\u8aaa\u4ec0\u9ebc\u4ed6\u5f88\u4e45\u6c92\u51fa\u53bb\u6643\u60f3\u8981\u51fa\u53bb\u901b\u4e4b\u985e\u7684\u7d50\u679c\u6211\u5c31\u540c\u60c5\u5fc3\u72af\u4e86\u7d50\u679c2000\u5c31\u9019\u6a23\u9a19\u51fa\u53bb\u4e86",
            "likeCount": 1
        },
        {
            "reply_id": "UgyUriCudlIfgkWzNed4AaABAg",
            "reply_content": "\u9019\u9ebc\u7528\u5fc3\u63ed\u767c\u8a50\u9a19\u7684\u624b\u6cd5\uff0c\u5e0c\u671b\u53ef\u4ee5\u6301\u7e8c\u4e0b\u53bb\u8b93\u66f4\u591a\u4eba\u4e0d\u88ab\u53d7\u9a19",
            "likeCount": 1
        },
        {
            "reply_id": "UgxrwHekcmSNScQp6_14AaABAg",
            "reply_content": "\u6709\u4e9b\u4eba\u662f\u88dd\u7761\u7684\uff0c\u660e\u77e5\u5c0d\u65b9\u662f\u9a19\u5f92\u4f46\u70ba\u4e86\u5f97\u5230\u5b8c\u7f8e\u7684\u611b\u60c5\u800c\u4e0d\u60dc\u72a7\u7272\u81ea\u5df1\u7684\u4e00\u5207\u9001\u7d66\u9a19\u5f92",
            "likeCount": 1
        },
        {
            "reply_id": "Ugym2UFk6imCUjzORfR4AaABAg",
            "reply_content": "\u8caa\u5566",
            "likeCount": 0
        },
        {
            "reply_id": "UgzMShzZ83-jmb--Yqp4AaABAg",
            "reply_content": "\u5929\u5e95\u4e0b\u6c92\u6709\u767d\u5403\u7684\u5348\u9910",
            "likeCount": 0
        },
        {
            "reply_id": "UgyVV1o_bhXWQQ3ZJwN4AaABAg",
            "reply_content": "\u8c22\u8c22\u4f60\u7684\u5f71\u7247\u548c\u52aa\u529b\uff0c\u867d\u7136\u662f\u6211\u9047\u5230\u6740\u732a\u76d8\u4e4b\u540e\u624d\u770b\u5230",
            "likeCount": 0
        },
        {
            "reply_id": "Ugxz6UUkbgVhXX6o2O94AaABAg",
            "reply_content": "\u6240\u4ee5\u90a3\u500b\u7232\u611b\u53bb\u7dec\u7538\u7684\u5927\u5b78\u5973\u751f\u6700\u5f8c\u600e\u9ebc\u4e86\u3002",
            "likeCount": 0
        },
        {
            "reply_id": "UgxX4WW1COIGO7tRsvR4AaABAg",
            "reply_content": "\u8b1d\u8b1d\u4f60",
            "likeCount": 0
        },
        {
            "reply_id": "UgxkPKnnfDG1im5O57h4AaABAg",
            "reply_content": "\u611f\u6069\u76f4\u64ad\u4e3b",
            "likeCount": 0
        },
        {
            "reply_id": "Ugz2t3QPixB2lPJtCcp4AaABAg",
            "reply_content": "\u652f\u6301\u4f60\u63ed\u767c\u66f4\u591a\u919c\u964b\u7684\u771f\u76f8\u8207\u963b\u6b62\u66f4\u591a\u7684\u8a50\u9a19\u624b\u6cd5\u3002",
            "likeCount": 0
        },
        {
            "reply_id": "Ugx0vpHu1mv8729IUed4AaABAg",
            "reply_content": "\u63a2\u63a2\u4e0a\u9762\u90fd\u662f\u72d7\u63a8",
            "likeCount": 0
        },
        {
            "reply_id": "UgwLZmv6-QbOAy3Vemh4AaABAg",
            "reply_content": "\u9019\u7a2e\u6771\u897f\u771f\u7684\u6709\u4eba\u88ab\u9a19\u55ce",
            "likeCount": 0
        }
    ]
}