{
    "video_info": {
        "id": "qu5nsXLPUDU",
        "channelTitle": "\u597d\u68d2Bump",
        "title": "\u53f0\u7063\u70ba\u4f55\u9084\u6709\u67ec\u57d4\u5be8\u4e8b\u4ef6\uff1f\u627e\u5de5\u4f5c\u70ba\u4f55\u53c8\u6703\u88ab\u96c6\u5718\u63a7\u5236\uff01\uff1f\u3010\u597d\u68d2Bump\u3011",
        "description": "\u9019\u4e00\u6b21\u5f71\u7247\u539f\u5148\u4e26\u6c92\u6709\u5728\u6211\u8981\u62cd\u651d\u7684\u8a08\u5283\u5167\uff0c\u4f46\u525b\u597d\u9047\u5230\u4e86\u9019\u500b\u500b\u6848\uff0c\u800c\u4e14\u53f0\u7063\u6bcf\u5e74\u53c8\u6709\u90a3\u9ebc\u591a\u5b78\u751f\u88ab\u9a19\u53bb\u7576\u8eca\u624b\uff0c\u6700\u5f8c\u4e0b\u5834\u90fd\u6158\u4e0d\u5fcd\u7779\uff0c\u90a3\u6211\u5011\u5c31\u4e7e\u8106\u85c9\u9019\u500b\u6a5f\u6703\uff0c\u597d\u597d\u505a\u4e00\u96c6\u4f86\u8b66\u60d5\u5927\u5bb6\u5427\uff01\n\n#\u6c42\u8077\u8a50\u9a19 #\u5b78\u751f\u8b8a\u8eca\u624b #\u539f\u4f86\u6211\u4e00\u76f4\u518d\u9006\u5929\u800c\u884c\u54ea\n--------------------------------------------------------- \n\u4e0a\u4e00\u90e8\u5f71\u7247\u53ea\u8981\u8fa6\u5e33\u865f\u5c31\u9001300\u842c\u73fe\u91d1\uff01\uff1f\u865f\u53ec\u4e0a\u5343\u4eba\u6d17\u7206\u77e5\u540d\u4ea4\u6613\u6240\uff01\u3010\u597d\u68d2Bump\u3011https://youtu.be/X9Yocc0tK2g\n\n\u8001\u5b50\u7684IG\uff1ahttps://bit.ly/2JqmmIq\n\u8001\u5b50\u7684FB\uff1ahttps://bit.ly/2s3pwwb",
        "likeCount": "48443",
        "commentCount": "3899",
        "viewCount": "839612"
    },
    "comments": [
        {
            "reply_id": "UgyHJFktoYGSciEGqL54AaABAg",
            "reply_content": "\u6211\u4e5f\u60f3\u8981\u7576\u8eca\u624b",
            "likeCount": 1
        },
        {
            "reply_id": "UgxbUxwPfi1IFpZ4w9x4AaABAg",
            "reply_content": "\u611f\u8b1d\u60a8",
            "likeCount": 1
        },
        {
            "reply_id": "UgxU3Ts0_cG9XCkAP_R4AaABAg",
            "reply_content": "\u600e\u9ebc\u8b8a\u6210\u66b4\u529b\u5f71\u7247\u4e86",
            "likeCount": 1
        },
        {
            "reply_id": "UgwxvNEpC6dfxr9Xzp14AaABAg",
            "reply_content": "\u8eab\u70ba\u53f0\u4e2d\u8d85\u5546\u5f97\u5e97\u54e1\u771f\u7684\u975e\u5e38\u591a\u8eca\u624b\uff0c\u9818\u9322\u7684\u963f\u8fea\u4ed4\u975e\u5e38\u4e4b\u591a\u22ef\u7576\u7136\u4e5f\u6c92\u8fa6\u6cd5\u99ac\u4e0a\u65b7\u5b9a\u90a3\u662f\u4e0d\u662f\u8eca\u624b",
            "likeCount": 1
        },
        {
            "reply_id": "UgxVTr34TwOxEdc3uZ54AaABAg",
            "reply_content": "\u63a8",
            "likeCount": 0
        },
        {
            "reply_id": "UgwNeycxVGGDxtnHIfR4AaABAg",
            "reply_content": "\u7da0\u8272\u57f7\u653f\u4e0d\u610f\u5916",
            "likeCount": 0
        },
        {
            "reply_id": "UgwQ518x-5eHjmsp3t94AaABAg",
            "reply_content": "\u52a0\u6cb9\u5f88\u8f9b\u82e6\u4f46\u4f60\u5f88\u68d2\u4f60\u7684\u7238\u7238\u4e00\u5b9a\u70ba\u4f60\u611f\u5230\u9a55\u50b2\ud83d\udc4d",
            "likeCount": 0
        },
        {
            "reply_id": "UgyWMwBGxFFsGY8BnSd4AaABAg",
            "reply_content": "\u653f\u5e9c\u53ea\u6703\u5ba3\u5c0e\u8b1b\u5c41\u8a71\u7c89\u98fe\u592a\u5e73\uff0c\u6839\u672c\u4ec0\u9ebc\u5be6\u969b\u4f5c\u70ba\u90fd\u6c92\u6709\uff0c\u53f0\u7063\u73fe\u5728\u6703\u6210\u70ba\u8a50\u9a19\u5cf6\u4e00\u65b9\u9762\u4e5f\u662f\u56e0\u70ba\u653f\u5e9c\u5bf5\u51fa\u4f86\u7684",
            "likeCount": 0
        },
        {
            "reply_id": "UgzQ-92gxvKVMJuDR6h4AaABAg",
            "reply_content": "\u6211\u5011\u9ad4\u80b2\u8001\u5e2b\u90fd\u7d66\u6211\u5011\u770b\u4f60\u7684\u5f71\u7247\u56e0\u70ba\u8ab2\u672c\u6c92\u6709\u6559\u6211\u61c2\u4e86\u2764",
            "likeCount": 0
        },
        {
            "reply_id": "Ugzgz7wa3QDvjSwAwq54AaABAg",
            "reply_content": "\u771f\u7684\u770b\u4e0d\u61c2\u6551\u9019\u7fa4\u793e\u6703\u4f4e\u5c64\u5230\u5e95\u8981\u5e79\u561b \u8b1b\u96e3\u807d\u9ede\u9019\u7fa4\u88ab\u9a19\u7684\u5c31\u662f\u53c8\u7b28\u53c8\u5ee2\u53c8\u8caa\u5fc3 \u6551\u56de\u4f86\u662f\u8981\u589e\u52a0\u793e\u6703\u4e82\u6e90\u55ce",
            "likeCount": 0
        },
        {
            "reply_id": "Ugxw8lGtkIPq3g-YIHl4AaABAg",
            "reply_content": "\u65b0\u805e\u4e0d\u5831\u5c0e\u7c21\u55ae\u8b1b\u5c31\u662f\u6c92\u7206\u9ede\u5438\u5f15\u4e0d\u4e86\u89c0\u773e\u7684\u773c\u7403\uff0c\u70ba\u4e86\u589e\u52a0\u6536\u8996\u7387\u65b0\u805e\u53f0\u5e38\u5e38\u6703\u4e82\u526a\u8f2f\u6390\u982d\u53bb\u5c3e\uff0c\u628a\u4e00\u5247\u6c92\u4ec0\u9ebc\u7684\u65b0\u805e\u7a3f\u7684\u5f88\u56b4\u91cd\uff0c\u4f46\u9019\u7a2e\u985e\u578b\u7684\u4e82\u526a\u8f2f\u6703\u51fa\u4e8b",
            "likeCount": 0
        },
        {
            "reply_id": "Ugz8IGzMx1hI0xEyK2h4AaABAg",
            "reply_content": "\u53f0\u7063\u6aa2\u5bdf\u5b98\u4e5f\u662f\u539f\u56e0 \u6848\u5b50\u592a\u591a\u6c92\u8fa6\u6cd5\u8ffd\u5230\u4e0a\u6e38 \u53f0\u7063\u653f\u5e9c\u90e8\u9580\u53f8\u6cd5\u6a5f\u95dc\u90fd\u662f\u6f0f\u6d1e\u7834\u721b\u8150\u6557\u4e0d\u582a\u537b\u6c92\u4eba\u80fd\u6539\u5584",
            "likeCount": 0
        },
        {
            "reply_id": "Ugyt_zyPCDWdHDCGzbp4AaABAg",
            "reply_content": "\u8a72\u9078\u8209\u4e86",
            "likeCount": 0
        },
        {
            "reply_id": "Ugzo6JsfNJAeFXFT4xt4AaABAg",
            "reply_content": "\u611f\u8b1d\u597d\u68d2\u68d2\u7684\u82e6\u53e3\u5a46\u5fc3",
            "likeCount": 0
        },
        {
            "reply_id": "UgyzQCq0ptBctumct_Z4AaABAg",
            "reply_content": "\u9019\u5f71\u7247\u5fc5\u9808\u9802\u4e0a\u53bb",
            "likeCount": 0
        },
        {
            "reply_id": "UgwlZ0kVmSB_ASNSp854AaABAg",
            "reply_content": "\u7b2c\u4e00\u76f4\u89ba\u60f3\u5230\u70cf\u9d09",
            "likeCount": 0
        },
        {
            "reply_id": "Ugy5mDIp0JY-UY0wBIt4AaABAg",
            "reply_content": "\u6211\u670b\u53cb\u5c0f\u5b69\u4e5f\u662f\u8981\u88ab\u9a19\u53bb\u83f2\u5f8b\u8cd3\u4e0a\u73ed",
            "likeCount": 0
        },
        {
            "reply_id": "UgwxwpnF1BK-IW1LIdB4AaABAg",
            "reply_content": "\u9802",
            "likeCount": 0
        },
        {
            "reply_id": "UgwCteegLMppZRXceah4AaABAg",
            "reply_content": "\u54e5\u62ff\u522b\u4eba\u7684\u4e0d\u5e78\u6765\u51b2\u6d41\u91cf\u6709\u70b9\u65e0\u803b\u54e6",
            "likeCount": 0
        },
        {
            "reply_id": "UgzlJ-5Seaj7U5N3Tpp4AaABAg",
            "reply_content": "\u6211\u73fe\u5728\u516c\u53f8\u63a5\u5230\u7684\u570b\u969b\u96fb\u8a71\u90fd\u6709\u570b\u8a9e\u53f0\u8a9e\u7684\u63d0\u9192\u8a9e\u8a00\uff0c\u6211\u89ba\u5f97\u8b1d\u8b1d\u4f60",
            "likeCount": 0
        }
    ]
}