{
    "channel": {
        "title": "\u9ec3\u6c0f\u5144\u5f1f",
        "id": "UCV_S2S-Zs8LeuJxK-T3RQQg",
        "customUrl": "@user-huangbrothers",
        "uploads": "UUV_S2S-Zs8LeuJxK-T3RQQg"
    },
    "videos": [
        {
            "id": "nLVyPx5aq6c",
            "title": "\u54ea\u4e9b\u662f\u4ea4\u901a\u5de5\u5177\uff0c\u5708\u53c9\u6311\u6230\uff01\u9019\u6b21\u51a0\u8ecd\u6703\u662f...\uff1f:\u734e\u76c3: Which is transportation? \u3010\u9ec3\u6c0f\u5144\u5f1f\u3011Ft.\u8607\u5049 \u5289\u6d69\u6587 \u738b\u5efa\u6587 \u7f85\u5ff5 Lala\u590f\u83c8 \u6cf0\u83c8 #shorts"
        },
        {
            "id": "jQglQqUm_EE",
            "title": "\u984f\u8272\u8cfc\u7269+\u593e\u5a03\u5a03\uff01\u53ea\u80fd\u593e\u4e00\u7a2e\u984f\u8272\u7684\u6771\u897f\uff0c\u8ab0\u80fd\u572830\u5206\u9418\u5167\u593e\u6700\u591a\uff1f\u3010\u9ec3\u6c0f\u5144\u5f1f\u3011"
        },
        {
            "id": "MpPCp2oAoDc",
            "title": "\u5728\u6377\u904b\u4e0a\u9047\u5230\u5e25\u54e5\uff0c\u6559\u4f60\u600e\u9ebc\u8a8d\u8b58\u4ed6\uff01Have you learned it? \u3010\u9ec3\u6c0f\u5144\u5f1f\u3011Ft.\u8a31\u51f1\u7693 #shorts"
        },
        {
            "id": "80QhXYuO_9w",
            "title": "\u744b\u744b\u5225\u60f3\u9003\uff01\u5168\u54e1\u4e0d\u6311\u98df\u6311\u6230ep2\uff0c\u62bd\u7c64\u6c7a\u5b9a\u547d\u904b\uff0c\u7a76\u7adf\u6703\u4e0d\u6703\u5403\u5230\u81ea\u5df1\u8a0e\u53ad\u7684\u98df\u7269\u5462\uff1f\u3010\u9ec3\u6c0f\u5144\u5f1f\u3011"
        },
        {
            "id": "i4OlZsE8XyY",
            "title": "\u8df3\u683c\u5b50\u904a\u6232\u7b2c\u4e8c\u6230\uff01\u8ab0\u80fd\u9806\u5229\u6311\u6230\u6210\u529f\uff1fHopscotch game time! Who is the winner?\u3010\u9ec3\u6c0f\u5144\u5f1f\u3011 Ft. \u66c9\u6f84\u540c\u5b78\u3001\u8607\u5049\u3001\u90b1\u52dd\u63dayy\u3001\u5f65\u9e9f\u3001\u6bd4\u718a\u3001\u7db8\u7db8\u8001\u5e2b\u3001\u8393"
        },
        {
            "id": "fvzzdTapgu4",
            "title": "\u662f\u4e0d\u662f\u5f88\u4e45\u6c92\u5728YT\u76f4\u64ad\u4e86\ud83e\udd79\u3010\u9ec3\u6c0f\u5144\u5f1f\u3011"
        },
        {
            "id": "85ukLadhVw4",
            "title": "\u60e1\u6574\u54f2\u54f2\uff0c\u958b\u6703\u4e2d\u4e0d\u65b7\u4ea4\u63db\u5bf5\u7269\uff01\u672c\u5c0avs\u5192\u724c\u8ca8\uff0c\u6703\u88ab\u767c\u73fe\u55ce\uff1f\u3010\u9ec3\u6c0f\u5144\u5f1f\u3011\u51f1\u514b\u9e1a\u9d61 \u6574\u4ebaPRANK"
        },
        {
            "id": "qZFBpRVvi9o",
            "title": "\u7576\u97f3\u6a02\u66ab\u505c\u6642\uff0c\u5c31\u8981\u5750\u4e0b\uff01\u9019\u6b21\u300e\u6eff\u5206\u611f\u8b1d\u300f\u7684\u51a0\u8ecd\u6703\u662f...\uff1fMusical chairs! \u3010\u9ec3\u6c0f\u5144\u5f1f\u3011Ft. OPENsi \u8607\u5049 \u9ed1\u7cd6\u9bae\u8336 \u7db8\u7db8\u8001\u5e2b #shorts"
        },
        {
            "id": "EZFJjjd0D4A",
            "title": "\u7576\u6349\u5f04\u5973\u540c\u5b78\u6642\u88ab\u767c\u73fe\u6642\uff0c\u770b\u5230\u6700\u5f8c......\uff01\u3010\u9ec3\u6c0f\u5144\u5f1f\u3011Ft.\u7f85\u5ff5 \u590f\u83c8\u3010\u9ec3\u6c0f\u5144\u5f1f\u3011 #shorts"
        },
        {
            "id": "-_USelxfCYk",
            "title": "\u82b1\u5e7e\u5341\u842c\u5143\u53bb\u9999\u6e2f\u958b\u7c3d\u5531\u6703\uff0c\u4eba\u6578\u7206\u6eff\uff01\u5dee\u9ede\u5f15\u8d77\u9a37\u52d5\u00b7\u00b7\u00b7\u3010\u9ec3\u6c0f\u5144\u5f1f\u3011Ft.DJB"
        },
        {
            "id": "giw_EQc7HvY",
            "title": "\u628a\u300c\u62f3\u64ca\u6a5f\u300d\u642c\u9032\u5de5\u4f5c\u5ba4\uff0c\u6253\u8d8a\u9ad8\u5206\u62ff\u8d8a\u591a\u9322\uff0c\u8001\u95c6\u8377\u5305\u5927\u5931\u8840\uff01\u3010\u9ec3\u6c0f\u5144\u5f1f\u3011#\u4e09\u9910\u7cfb\u5217"
        },
        {
            "id": "fwBXrP5bMf0",
            "title": "\u3010\u6377\u904b\u4e0d\u80fd\u5077\u5403EP2\u3011\u592a\u8a87\u5f35\uff0c\u6253\u6383\u963f\u59e8\u5728\u8eca\u5ec2\u767c\u706b\uff01\u3010\u9ec3\u6c0f\u5144\u5f1f\u3011Ft.@Jupiterlin @Tgopdone@LockingJack@dollshin0324@fanfanloveuu\u6668\u60a0"
        },
        {
            "id": "62ATyMamk4I",
            "title": "\u8001\u5e2b\u8aaa\u904a\u6232PK\u8cfd\uff01\u6c92\u60f3\u5230\u6700\u5f8c\u7684\u7d50\u5c40\u662f...\uff1fTeacher says!\u3010\u9ec3\u6c0f\u5144\u5f1f\u3011 Ft. OPENsi \u8607\u5049 \u9ed1\u7cd6\u9bae\u8336 \u7db8\u7db8\u8001\u5e2b #shorts"
        },
        {
            "id": "Sc-dp7RJ_IM",
            "title": "\u4f60\u4e0d\u77e5\u9053\u7684\u85dd\u4eba\u672c\u540d\uff1f\u5468\u8208\u54f2\u3001\u8521\u4f9d\u6797\u90fd\u4e0d\u662f\u672c\u540d\uff01\u3010\u9ec3\u6c0f\u5144\u5f1f\u3011"
        },
        {
            "id": "e8FVUVDi2ec",
            "title": "\u7576\u97f3\u6a02\u66ab\u505c\u6642\uff0c\u5c31\u8981\u5750\u4e0b\uff01\u9019\u6b21\u7684\u6436\u6905\u5b50\u51a0\u8ecd\u6703\u662f...\uff1fMusical chairs! \u3010\u9ec3\u6c0f\u5144\u5f1f\u3011Ft. OPENsi \u8607\u5049 \u9ed1\u7cd6\u9bae\u8336 \u7db8\u7db8\u8001\u5e2b #shorts"
        },
        {
            "id": "NKDHr7gUef0",
            "title": "\u628a\u300c\u96fb\u6d41\u6025\u6025\u68d2\u300d\u642c\u9032\u5de5\u4f5c\u5ba4\uff01\u8ab0\u80fd\u4e0d\u88ab\u96fb\uff0c\u9806\u5229\u904e\u95dc\u62ff\u734e\u91d1\uff1f\u3010\u9ec3\u6c0f\u5144\u5f1f\u3011Ft. PlayStation 5"
        },
        {
            "id": "bNmZCbuIMow",
            "title": "\u54ea\u4e00\u4e9b\u662f\u52d5\u6f2b\uff1f\u5708\u5708\u53c9\u53c9\u6311\u6230\uff0c\u8df3\u932f\u5c31\u51fa\u5c40\uff01 Which is Anime?\u3010\u9ec3\u6c0f\u5144\u5f1f\u3011Ft. OPENsi \u8607\u5049 \u9ed1\u7cd6\u9bae\u8336 \u7db8\u7db8\u8001\u5e2b #shorts \u9032\u64ca\u7684\u5de8\u4eba"
        },
        {
            "id": "j8l3EswXHUI",
            "title": "\u6975\u901f\u5708\u53c9PK\u8cfdRound 2\uff01\u9019\u6b21\u53c9\u53c9\u968a\u80fd\u7372\u52dd\u55ce\uff1fRapid tic-tac-toe! \u3010\u9ec3\u6c0f\u5144\u5f1f\u3011Ft. OPENsi \u8607\u5049 \u9ed1\u7cd6\u9bae\u8336 \u7db8\u7db8\u8001\u5e2b #shorts"
        },
        {
            "id": "4ce8u66hu84",
            "title": "\u6211\u5011\u990a\u5bf5\u7269\u4e86\uff01\u3010\u9ec3\u6c0f\u5144\u5f1f\u3011"
        },
        {
            "id": "9sYRiS2J1KU",
            "title": "\u95dc\u65bc\u7db2\u8def\u5916\u6d41\u7167\uff0c\u744b\u744b\u6709\u8a71\u60f3\u8aaa\u2026\u3010\u9ec3\u6c0f\u5144\u5f1f\u3011"
        },
        {
            "id": "Zg5UW9MEU_A",
            "title": "\u5728\u6574\u500b\u516d\u798f\u6751\u73a9\u8eb2\u8c93\u8c93\uff0c4\u4f4dYouTuber\u627e11\u500b\u4eba\uff0c\u6c92\u627e\u5230\u5c31\u8981\u5750\u6050\u6016\u904a\u6a02\u8a2d\u65bd\uff01\u3010\u9ec3\u6c0f\u5144\u5f1f\u3011Ft.  @annie72127  @AJin_Jin \u516d\u798f\u6751"
        },
        {
            "id": "wPSMUJG1LZc",
            "title": "\u6bd4\u624b\u756b\u8173\u63a5\u9f8d\u8cfd\uff0c\u4e09\u500b\u5b57\uff01\u5927\u5bb6\u80fd\u9806\u5229\u63a5\u9f8d\u6210\u529f\u55ce\uff1fGesticulating solitaire! \u3010\u9ec3\u6c0f\u5144\u5f1f\u3011Ft. OPENsi \u8607\u5049 \u9ed1\u7cd6\u9bae\u8336 \u7db8\u7db8\u8001\u5e2b #shorts"
        },
        {
            "id": "fgbdXlf5xsE",
            "title": "\u6606\u87f2\u5708\u53c9\u8df3\u6230\u8cfd\uff0c\u7559\u5230\u6700\u5f8c\u7684\u6703\u662f...\uff1fWhich is insect? \u3010\u9ec3\u6c0f\u5144\u5f1f\u3011Ft. OPENsi \u8607\u5049 \u9ed1\u7cd6\u9bae\u8336 \u7db8\u7db8\u8001\u5e2b #shorts"
        },
        {
            "id": "V6dwyldO8j8",
            "title": "\u8cfc\u7269\u63a5\u9f8d\u7b2c\u4e8c\u96c6\u4f86\u5566\uff0c\u96e3\u5ea6up up\uff01\u54f2\u744b\u80fd\u9806\u5229\u7206\u8cb7\u6771\u897f\u56de\u5bb6\u55ce\uff1f\u3010\u9ec3\u6c0f\u5144\u5f1f\u3011Ft.\u5bb6\u6a02\u798f"
        },
        {
            "id": "EgKPlAFr-ck",
            "title": "\u5728\u73ed\u4e0a\u8ddf\u540c\u5b78\u73a9\u5b9a\u6642\u70b8\u5f48\uff01\u97f3\u6a02\u505c\u4e0b\uff0c\u62ff\u8457\u5047\u4eba\u982d\u7684\u4eba\u5c31\u88ab\u6dd8\u6c70\uff01\u8ab0\u80fd\u6d3b\u5230\u6700\u5f8c\uff1f\u3010\u9ec3\u6c0f\u5144\u5f1f\u3011Ft. \u8607\u5049 \u5f65\u9e9f \u90b1\u52dd\u63dayy \u66c9\u6f84\u540c\u5b78 \u6bd4\u718a \u8393 \u7db8\u7db8\u8001\u5e2b"
        }
    ]
}