{
    "channel": {
        "title": "\u4eba\u751f\u80a5\u5b85x\u5c0a",
        "id": "UC6VKHP606ee6ffKwKmBHSig",
        "customUrl": "@loserzun",
        "uploads": "UU6VKHP606ee6ffKwKmBHSig"
    },
    "videos": [
        {
            "id": "NfQjnwmzG80",
            "title": "\u3010\u5c0a\u3011\u56e0\u70ba\u6c92\u6642\u9593\u901b\u591c\u5e02,\u6240\u4ee5\u6211\u8cb7\u4e86\u4e00\u53f0\u6c99\u5a01\u746a\u6a5f\u81ea\u5df1\u505a ! !  ft. @EmmaSleepTaiwan"
        },
        {
            "id": "1PZJYlxg0Kw",
            "title": "\u3010\u5c0a\u3011\u6c92\u4eba\u767c\u73fe\u6211\u9019\u500b\u5b85\u7537\u5728\u8df3\u9663\u982d.."
        },
        {
            "id": "txEuPoGi9SM",
            "title": "\u3010\u5c0a\u3011\u8a66\u8457\u6311\u6230\u4e00\u5929\u5168\u9760\u9ab0\u5b50\u751f\u6d3b ! ? \u904b\u6c23\u4e0d\u597d,\u9023\u5ec1\u6240\u90fd\u4e0a\u4e0d\u4e86..."
        },
        {
            "id": "r2OINEffku0",
            "title": "\u3010\u5c0a\u3011\u9019\u662f\u4e00\u584a\u300c\u9183\u4e8640\u5e74\u7684\u83dc\u812f\u300d,\u6211\u7528\u5b83\u716e\u4e86\u4e00\u684c\u83dc\u812f\u5927\u9910..."
        },
        {
            "id": "UmhYSi1rHPA",
            "title": "\u3010\u5c0a\u3011\u73fe\u5728\u5c0f\u5b78\u751f\u7684\u7cd6\u679c\u597d\u73a9\u6bd4\u597d\u5403\u9084\u91cd\u8981\u55ce ? ?"
        },
        {
            "id": "6s1m1kB26n4",
            "title": "\u3010\u5c0a\u3011\u56e0\u70ba\u4e0d\u6703\u505a\u83dc,\u6240\u4ee5\u6211\u8cb7\u4e86\u4e00\u53f0\u5168\u81ea\u52d5\u716e\u83dc\u6a5f..."
        },
        {
            "id": "Q77EpS0BbsM",
            "title": "\u3010\u5c0a\u3011\u6211\u7528\u98df\u7528\u5316\u5b78\u539f\u6599\u505a\u51fa\u4e86\u4e00\u584a\u5e7e\u4e4e\u6c92\u6709\u96de\u8089\u7684\u96de\u6392..."
        },
        {
            "id": "VNB88bsDAY0",
            "title": "\u3010\u5c0a\u3011\u5f88\u96e3\u60f3\u50cf\u9019\u4e9b\u6ce1\u9eb5\u8a2d\u8a08\u8005\u7576\u6642\u7684\u7cbe\u795e\u72c0\u614b..."
        },
        {
            "id": "8PcDrsMHe5A",
            "title": "\u3010\u5c0a\u3011\u6211\u5728\u65e5\u672c\u4e09\u5927\u8ca7\u6c11\u5340\u300c\u5c71\u8c37\u300d\u5403\u5230\u4e86\u53ea\u898140\u584a\u7684\u5496\u54e9\u98ef ! ?"
        },
        {
            "id": "4UF1BOjdFdc",
            "title": "\u3010\u5c0a\u3011\u6211\u9ad4\u9a57\u4e86\u865f\u7a31\u5168\u53f0\u6700\u721b\u7684\u300c\u570b\u4e2d\u7562\u65c5\u884c\u7a0b\u300d !? \u4e00\u5806\u514d\u8cbb\u666f\u9ede.\u5403\u9eb5\u5305\u9019\u6a23\u771f\u7684\u89814700\u5143\u55ce...?"
        },
        {
            "id": "Dy7bDfvV-YY",
            "title": "\u3010\u5c0a\u3011\u9019\u4e9b\u662f\u96f6\u7528\u9322\u53ea\u670920\u5143\u7684\u6211\u8cb7\u4e0d\u8d77\u7684\u6587\u5177..."
        },
        {
            "id": "nbTnu0u3AQA",
            "title": "\u3010\u5c0a\u3011\u9019\u9846\u300c\u78da\u982d\u300d\u53ef\u4ee5\u70e4\u51fa\u4e16\u754c\u4e0a\u6700\u597d\u5403\u7684\u8089 ! !"
        },
        {
            "id": "OUnx9ZvNRLE",
            "title": "\u3010\u5c0a\u3011\u6211\u8cb7\u4e86\u4ee5\u524d\u90a3\u4e9b\u6700\u5947\u602a\u7684\u624b\u6a5f...\u4e0d\u6703\u8b8a\u5f62\u7684\u9084\u6562\u7a31\u4f5c\u624b\u6a5f ! !"
        },
        {
            "id": "8LVE5THBaus",
            "title": "\u3010\u5c0a\u3011\u6700\u8fd1\u71b1\u5230\u5feb\u878d\u5316...\u6240\u4ee5\u6211\u81ea\u5df1\u8cb7\u4e86\u4e00\u53f0\u51b0\u6dc7\u6dcb\u6a5f ! !"
        },
        {
            "id": "kYEd94myy7Q",
            "title": "\u6211\u8981\u6d3b\u4e0b\u53bb\uff0d \u4eba\u751f\u80a5\u5b85x\u5c0a Ft. @popoj1993  \uff5cOfficial Music Video\uff08Free Fire 5\u5468\u5e74\u4e3b\u984c\u66f2\uff09"
        },
        {
            "id": "MOiKp-KKA2Q",
            "title": "\u3010\u5c0a\u3011\u6211\u82b1\u4e86\u4e09\u5c0f\u6642\u505a\u7684\u58fd\u53f8\u9a19\u863f\u502b\u662f\u5e97\u88e1\u8cb7\u7684\u5979\u6703\u767c\u73fe\u55ce ? ? ? @laurenveur"
        },
        {
            "id": "bQHepwEkJrw",
            "title": "\u3010\u5c0a\u3011\u6211\u81ea\u5df1\u91cd\u65b0\u914d\u97f3\u4e86\u6c92\u6709\u8072\u97f3\u7684\u5275\u4e16\u795e\u5f71\u7247 ! ! !"
        },
        {
            "id": "Bphdpp_9q6A",
            "title": "\u3010\u5c0a\u3011\u6211\u5f92\u624b\u722c\u5230\u4e94\u6a13,\u6211\u8981\u5687\u6b7b\u4e86...!"
        },
        {
            "id": "K2eFzUjhWy8",
            "title": "\u3010\u5c0a\u3011\u6211\u8cb7\u4e86\u4e00\u7bb1\u6d3b\u7684\u6d77\u81bd!!"
        },
        {
            "id": "SeG-45Dr4zA",
            "title": "\u3010\u5c0a\u3011\u6211\u82b1\u4e86\u4e94\u842c\u5143!!!"
        },
        {
            "id": "uEKuk9qLbvk",
            "title": "\u3010\u5c0a\u3011\u56e0\u70ba\u7d05\u8c46\u9905\u8b8a\u592a\u8cb4,\u6240\u4ee5\u6211\u81ea\u5df1\u8cb7\u4e86\u4e00\u53f0\u7d05\u8c46\u9905\u6a5f\u3002"
        },
        {
            "id": "Una1B5pzuxo",
            "title": "\u3010\u5c0a\u3011\u9019\u500b\u73a9\u5177\u82b1\u4e86\u621115000\u584a!!"
        },
        {
            "id": "9pn9uYrcSOU",
            "title": "\u3010\u5c0a\u3011\u770b\u6211\u6284\u8972\u4f60\u7684\u6284\u8972!!"
        },
        {
            "id": "VgJKLXt2azw",
            "title": "\u3010\u5c0a\u3011\u6211\u5077\u5077\u958b\u53f0\u76f4\u5230\u6709\u4eba\u8a8d\u51fa\u6211\u70ba\u6b62\u3002"
        },
        {
            "id": "mKVkzJMeqCM",
            "title": "\u3010\u5c0a\u3011200\u5e74\u524d\u7684\u98df\u8b5c\u771f\u7684\u80fd\u6559\u6211\u505a\u83dc\u55ce?"
        }
    ]
}