{
    "channel": {
        "title": "\u641e\u795e\u99ac",
        "id": "UCAsviiS5DE0pcuvxPRrrAzQ",
        "customUrl": "@ksmytstudio",
        "uploads": "UUAsviiS5DE0pcuvxPRrrAzQ"
    },
    "videos": [
        {
            "id": "vN6jMvZZ3R0",
            "title": "\u30101000\u5143\u9650\u5b9a\u3011\u5947\u602a\u751f\u7269x\u5947\u602a\u690d\u7269\uff5c\u6fb3\u6d32x\u65e5\u672c\u4ea4\u63db\u624b\u4fe1!"
        },
        {
            "id": "rLulEgD7Utw",
            "title": "\u3010\u8056\u8a95\u9650\u5b9a\u30117-ELEVEN 12\u6b3e\u806f\u540d\u798f\u888b\uff5c\u958b\u51fa\u70e4\u7bb1+\u71d2\u70e4\u7210\uff5c\u9023\u63a8\u8eca\u884c\u674e\u7bb1\u90fd\u6709\uff01"
        },
        {
            "id": "ZYJqp45xdSI",
            "title": "\u3010\u5de8\u5927\u73cd\u73e0\u3011\u7206\u7d0510\u500d\u5927\u73cd\u73e0\u5976\u8336\uff5c\u539f\u4f86\u662f\u9a19\u5c40\uff1f"
        },
        {
            "id": "XK_iGqw5orQ",
            "title": "\u301011\u6708\u65b0\u54c1\u3011\u6050\u6016\uff01kfc\u76ae\u86cb\u8525\u82b1\u8461\u64bb\uff5c\u7e7c\u5149\u7c89\u7d05\u9ed1\u8272\u70b8\u96de\uff5c3000\u5e74\u4eba\u5de5\u667a\u6a02\u53ef\u6a02\uff5c\u6f22\u5821\u738b\u96d9\u5c64\u570b\u738b\u5927\u96de\u5821"
        },
        {
            "id": "m1bMKBC-3Ic",
            "title": "\u3010\u771f\ud83d\udd25\u5bb6\u5ead\u5f71\u5ef3\u3011\u81ea\u88fd\u8c6a\u83ef\u96fb\u5f71\u9662\u5409\u62ff\u68d2\u6a5f\uff5c"
        },
        {
            "id": "08OnDCfh2YE",
            "title": "\u3010\u591c\u5e02\u7206\u7d05\u3011\u7aae\u5230\u5403\u77f3\u982d\uff01\u7206\u7092\u9d5d\u5375\u77f3\u662f\u6700\u4f73\u4e0b\u9152\u83dc\uff1f"
        },
        {
            "id": "RNGoaYgEFus",
            "title": "\u3010\u958b\u5e97\u5566\u3011\u958b\u7bb1\u8eca\u8f2a\u9905\u6a5f\u5668\uff01\u7d05\u8c46\u9905\u3001\u5976\u6cb9\u9905\uff5c\u505a\u6e2f\u5f0f\u96de\u86cb\u4ed4\u683c\u9905\u98a8\u5473\uff5c"
        },
        {
            "id": "9YkZ3wUe7go",
            "title": "\u3010\u7334\u5b50\u5f0f\u6539\u9020\u3011\u82b1\u8cbb1xxxx\u6210\u70ba\u5047\u9762\u9a0e\u58eb\ud83d\udef5\u5168\u96fb\u52d5\u65cb\u98a8\u865f\u51fa\u767c\uff5c"
        },
        {
            "id": "x6VAcrRixRU",
            "title": "\u3010\u958b\u7bb1\u8a66\u7528\u3011\u725b\u5976\uff0b\u512a\u683c\uff1d\u81ea\u88fd\u8d77\u53f8\uff01\ud83e\uddc0\ufe0f\uff5cdiy\u8d77\u53f8\u6a5f\u958b\u7bb1"
        },
        {
            "id": "vUIYERBnMT4",
            "title": "\u3010\u6050\u6016\u9ea5\u7576\u52de\u3011DIY\u5976\u6614\u5927\u54e5\u53e3\u5473\u5976\u6614\ud83e\udd64\u5976\u6614\u5927\u54e5\u5728\u9999\u6e2f\u53eb\u505a\u6ed1\u561f\u561f\uff1f\uff5c"
        },
        {
            "id": "xsq2YU8Qi68",
            "title": "\u3010\u73fe\u5be6\u5927\u5bcc\u7fc1\u3011\u8d0f\u53d6$67800\u734e\u54c1\ud83c\udf89\u8a66\u7528Google Pixel 8 Pro\u65b0\u529f\u80fd\u89e3\u8ff7\u901a\u95dc\uff01"
        },
        {
            "id": "vW7DmHmfmiA",
            "title": "\u30104\u79d2\u7206\u767c\u3011\u7206\u70b8\u6703\u8d85\u723d\uff01\uff5c\u9999\u6e2f\u63a8\u51fa\u7684\u523a\u6fc0\u684c\u904a\uff5c"
        },
        {
            "id": "RvtclJboDLI",
            "title": "\u3010\u56db\u5927\u5feb\u9910\u5e97\u3011\u5361\u8def\u91cc\u76db\u5bb4\uff5cBurger King\u56db\u5c64\u5168\u8089\u6f22\u5821\uff5c\u9ea5\u7576\u52de\u9ebb\u8fa3\u70b8\u96de\uff5cmos\u5929\u5a66\u7f85\u6f22\u5821\uff5c\u80af\u5fb7\u57fa\u53ef\u6a02\u9905\u6f22\u5821"
        },
        {
            "id": "SnaIXDOl8_I",
            "title": "\u3010\u958b\u7bb1\u8a66\u5403\u3011\u9ebb\u8fa3\u9d28\u88405\u6b3e\ud83d\udd25line\u660e\u661f&\u6e2f\u661f\u53c3\u6230\uff5c\u6703\u8fa3\u5230\u80c3\u75db\u55ce"
        },
        {
            "id": "YT8H9mkSVn0",
            "title": "\u3010\u52d5\u6f2b\u798f\u888b\u301199\u5143\u958b\u51fa399\u5546\u54c1\ud83d\udd25\u6b63\u7248\u6388\u6b0a\u9b3c\u6ec5\u4e4b\u5203+ \u5929\u7afa\u9f20\u8eca\u8eca\u6587\u5177\u9a5a\u559c\u5305"
        },
        {
            "id": "xQVB3s83-pI",
            "title": "\u3010\u7f8e\u98df\u7834\u89e3\u3011\u7528\u4e00\u6574\u7f50\u5805\u679c\u505a\u62cc\u9eb5\uff5c100\uff05\u7d14\u5805\u679c\u91acdiy\ud83c\udf30\u8d85\u7c21\u55ae\u9ebb\u8fa3\u62cc\u9eb5"
        },
        {
            "id": "2w5joVZlxrI",
            "title": "\u3010\u6230\u9b25\u73a9\u5177\u3011\u5bf6\u53ef\u5922\u9032\u5316\u5c2a\u4ed4\u6a19\uff5c\u8d85\u5927\u76d2\u5834\u5730\u7adf\u7136\u662f\u7d19\u76ae"
        },
        {
            "id": "e3H7j4b2h_o",
            "title": "\u3010\u5f9e\u96f6\u958b\u59cb\u990a\u3011\u7db2\u4e0a\u7206\u7d05\u8292\u679c\u6838\ud83e\udd6d\u6700\u5bb9\u6613\u990a\u8d85\u7642\u7652\u7684\u6bdb\u5c0f\u5b69"
        },
        {
            "id": "FJDXS29ql1A",
            "title": "\u3010\u7206\u7d05\u5be6\u9a57\u3011\u4e0d\u53ef\u80fd\u5be6\u73fe\uff01\u5be6\u6e2c\u6296\u97f3tiktok\ud83d\udd25\u8c6a\u83ef\u7fa9\u5927\u5229\u9eb5\u934b\u88e1\u5012"
        },
        {
            "id": "usnDFZg27vw",
            "title": "\u3010\u7db2\u7d61\u7206\u7d05\u3011\u53ef\u611b\u52d5\u7269\u9020\u578b\u6599\u7406\uff5c\u7d50\u679c\u505a\u51fa\u4e86\u7d20\u98df\u4e73\u8c6c"
        },
        {
            "id": "LWF5mnWIWCM",
            "title": "\u3010\u9ed1\u7cd6\u632b\u51b0\u3011\u5168\u81ea\u52d5\u5228\u51b0\u6a5f\uff5c\u5c08\u696d\u7c97\u7d30\u8abf\u7bc0\uff5c\u958b\u6524\u795e\u5668"
        },
        {
            "id": "9Cq_q1-xI44",
            "title": "\u3010YT\u6642\u5149\u6a5f\u3011\u53ef\u6a02\u96b1\u85cf\u559d\u6cd5\uff5c\u9000\u4f11\u963f\u795e\u5875\u5c01\u5341\u5e74\u66dd\u5149\uff5c\u6f14\u7b97\u6cd5\u5e36\u6211\u770b\u7247"
        },
        {
            "id": "pRBgtbB5vFo",
            "title": "\u3010\u6ecb\u6f64\u5fc3\u9748\u3011\u6787\u6777\u818f\u51b0\u6dc7\u6dcb\uff5c\u8a8d\u771f\u505a\u51b0\u6dc7\u6dcb\u6703\u6210\u529f\u55ce"
        },
        {
            "id": "Jrx6OfJzs1A",
            "title": "\u3010\u795e\u99ac\u881f\u50cf\u9928\u3011\u771f\u624bvs\u5047\u624b\uff5c\u4f86\u8907\u88fd\u81ea\u5df1\u5427\uff5c"
        },
        {
            "id": "SrLQsNIKSNk",
            "title": "\u3010\u5de8\u5927\u5316\u707d\u96e3\u30111\u516c\u65a4\u9ad8\u7d1a\u91d1\u714c\u8292\u679cx\u9577\u6d32\u7cef\u7c73\u7ccd\ud83e\udd6d\u9ebb\u7cec\uff5c\ud83d\udd25\u7206\u767c\u53f2\u4e0a\u5927\u5931\u6557\uff1f"
        }
    ]
}