{
    "video_info": {
        "id": "4oQ4xXHVSVk",
        "channelTitle": "MASA",
        "title": "\u7f8e\u98df\u7684\u65c5\u884c-\u65b0\u52a0\u5761/Visiting Singapore| MASA\u306e\u6599\u7406ABC",
        "description": "\u25c6MASA\u983b\u9053\u8a02\u95b1\u2193\nhttp://www.youtube.com/channel/UCr90FXGOO8nAE9B6FAUeTNA?sub_confirmation=1\n\n\u25c6\u7b2c\u4e00\u6b21\u53bb\u4e86\u65b0\u52a0\u5761\n\u4e00\u5230\u5c31\u99ac\u4e0a\u559c\u6b61\uff01\n\u6709\u5403\u4e86\u5f88\u591a\u7f8e\u98df\uff5e\uff01(\u0e51\u02c3\u0335\u1d17\u02c2\u0335)\u0648\n\n#MASA\n#\u65b0\u52a0\u5761\n#\u7f8e\u98df\n#\u65c5\u884c\n#Singapore\n\n\uff0a\u6b61\u8fce\u5408\u4f5c/Contact\uff1abigway1688@gmail.com",
        "likeCount": "1729",
        "commentCount": "128",
        "viewCount": "37738"
    },
    "comments": [
        {
            "reply_id": "UgwJW7YvtTN6jC2bNm94AaABAg",
            "reply_content": "\u8001\u5e08\u600e\u4e48\u6ca1\u6765\u65b0\u52a0\u5761\u529e\u7b7e\u4e66\u4f1a\u6216\u8005\u89c1\u9762\u4f1a\u5462",
            "likeCount": 2
        },
        {
            "reply_id": "UgzHbNaWg4uWPlHbBrd4AaABAg",
            "reply_content": "\u65b0\u52a0\u5761\u4e5f\u662f\u6211\u5f88\u559c\u611b\u7684\u5730\u65b9\u7279\u5225\u6709\u5f88\u591a\u7f8e\u98df",
            "likeCount": 0
        }
    ]
}