{
    "video_info": {
        "id": "cqdtS-KkGn4",
        "channelTitle": "MASA",
        "title": "Presented by \u81b3\u9b54\u5e2b-\u6817\u5b50\u5357\u74dc\u7d5e\u8089\u5496\u54e9/Kabocha&Ground Pork Curry|MASA\u306e\u6599\u7406ABC",
        "description": "\u25c6MASA\u983b\u9053\u8a02\u95b1\u2193\nhttp://www.youtube.com/channel/UCr90FXGOO8nAE9B6FAUeTNA?sub_confirmation=1\n\u25c6\u98df\u8b5c\u2193\n\u4f7f\u7528\u5357\u74dc\u505a\u71c9\u716e\u6599\u7406\u8981\u6ce8\u610f\u7684\u6d41\u7a0b\u662f\n\u5982\u4f55\u907f\u514d\u716e\u788e \n\u5982\u679c\u706b\u529b\u4e0d\u5c0f\u5fc3\u592a\u5927 \u5c31\u99ac\u4e0a\u958b\u59cb\u788e\u6389\u8b8a\u6210\u6ce5\u72c0\n\u5229\u7528\u81b3\u9b54\u5e2b\u71dc\u71d2\u934b \u53ef\u4ee5\u505a\u5f88\u591a\u7a2e\u985e\u7684\u71c9\u716e\u6599\u7406\n\u800c\u4e14\u6b65\u9a5f\u4e2d\u63d0\u65e9\u5c31\u53ef\u4ee5\u52a0\u5165\u5496\u54e9\u584a\n\u7528\u71dc\u7684\u65b9\u5f0f\u53ef\u4ee5\u597d\u597d\u7684\u5165\u5473\u5594\uff5e\uff01(\u0e51\u02c3\u0335\u1d17\u02c2\u0335)\u0648\n\n\u25c6\u81b3\u9b54\u5e2b\u7c89\u7d72\u9801\uff1ahttps://www.facebook.com/thermos.tw\n\n\u6817\u5b50\u5357\u74dc\u7d5e\u8089\u5496\u54e9/\u304b\u307c\u3061\u3083\u3068\u3072\u304d\u8089\u306e\u30ab\u30ec\u30fc\n[2\u4eba\u4efd]\n\u5357\u74dc Kabocha\u2014300g\n\u8c6c\u7d5e\u8089 Ground pork\u2014200g\n\u6e05\u9152 Sake\u20141\u5927\u5319\n\u5496\u55b1\u7c89 Curry powder\u20141\u5c0f\u5319\n\n\u6d0b\u8525 Onion\u20141/2\u500b\n\u5496\u54e9\u584a Curry cube\u20144\u584a\n\u65e5\u5f0f\u9ad8\u6e6f Dashi\u2014700cc\n\n\u767d\u98ef Steamed rice\u20142\u76e4\n\n#\u81b3\u9b54\u5e2b\n#\u5c0f\u71dc\u71d2\u63d0\u934b\n#\u5496\u54e9\n#\u5357\u74dc\n\n\uff0a\u6599\u7406\u306e\u540d\u524d\uff06\u4f5c\u308a\u65b9\u306f\u3042\u304f\u307e\u3067\u3082\u81ea\u5df1\u6d41\u306a\u306e\u3067\u3054\u4e86\u627f\u304f\u3060\u3055\u3044w\n\uff0a\u6599\u7406\u540d\u7a31&\u505a\u6cd5\u4e0d\u4e00\u5b9a\u6b63\u5f0for\u50b3\u7d71, \u662f\u5f9e\u81ea\u5df1\u7684\u60f3\u6cd5&\u7d93\u9a57\u4f86\u5206\u4eab\u7684 \n\u8acb\u5404\u4f4d\u4e8b\u5148\u8ad2\u89e3\u3002m( _ _ )m\n\n\uff0a\u6b61\u8fce\u5408\u4f5c/Contact\uff1abigway1688@gmail.com\n\uff0aInstagram\uff1ahttps://www.instagram.com/masa_cookin...\n\uff0aMASA Facebook\uff1ahttps://www.facebook.com/masa.abc\n\uff0a\u98df\u8b5c\u66f8\uff1ahttps://www.masa.tw/masas-book\n\n\u25cfBGM\uff1a\n\u3000\u7518\u8336\u306e\u97f3\u697d\u5de5\u623f\nMusMus\n\u3000OtoLogic\n\u3000\u30dd\u30b1\u30c3\u30c8\u30b5\u30a6\u30f3\u30c9\n\u3000PremiumBeat\uff1a\n\u3000\u3000-Studio Le Bus\n\u3000\u3000-Joe Sacco\n\u3000\u3000-Kyon\n\u3000\u3000-Smithereens",
        "likeCount": "899",
        "commentCount": "36",
        "viewCount": "29834"
    },
    "comments": [
        {
            "reply_id": "UgyqHFVWXoe2soQE4fZ4AaABAg",
            "reply_content": "\u5f8c\u9762\u8a66\u5403\u5403\u5230\u4e0b\u5df4\u6709\u98ef\u7c92\u6709\u5920\u53ef\u611b",
            "likeCount": 1
        },
        {
            "reply_id": "UgzWXWVIY1dowxxVULV4AaABAg",
            "reply_content": "\u4e0d\u60f3\u5403\u8c6c\u8089\u7684\u597d\u670b\u53cb\u5011\uff0c\u4e0d\u59a8\u8003\u616e\u63db\u6210\u96de\u8089\u6216\u725b\u8089",
            "likeCount": 0
        }
    ]
}