{
    "video_info": {
        "id": "FgOIDQuhm1k",
        "channelTitle": "MASA",
        "title": "Presented by \u81b3\u9b54\u5e2b-\u6930\u6c41\u7d05\u8c46\u767d\u7389/Coconut Shiratama Sweet Soup|MASA\u306e\u6599\u7406ABC",
        "description": "\u25c6MASA\u983b\u9053\u8a02\u95b1\u2193\nhttp://www.youtube.com/channel/UCr90FXGOO8nAE9B6FAUeTNA?sub_confirmation=1\n\u25c6\u98df\u8b5c\u2193\n\u8981\u4ecb\u7d39\u4f7f\u7528\u7d05\u8c46\u505a\u7684\u5f88\u597d\u5403\u7684\u751c\u9ede\uff01\n\u52a0\u71b1\u8c46\u985e\u6642\u5019\u6709\u4e00\u7a2e\u5e38\u6703\u7528\u7684\u65b9\u5f0f\u53eb\u505a\"\u84b8\u3089\u3057/\u71dc\" \n\u5229\u7528\u9918\u71b1\u6162\u901f\u65b9\u5f0f\u52a0\u71b1\u5c31\u53ef\u4ee5\u505a\u51fa\u7406\u60f3\u53e3\u611f\u7684\u7d05\u8c46 \n\u9019\u6b21\u4f7f\u7528\u81b3\u9b54\u5e2b\u5c0f\u71dc\u71d2\u63d0\n\u7d66\u5927\u5bb6\u770b\u5982\u4f55\u8f15\u9b06\u505a\u51fa\u4f86\n\u5f88\u597d\u559d\u7684\u6930\u6c41\u7d05\u8c46\u767d\u7389\uff5e\uff01(\u0e51\u02c3\u0335\u1d17\u02c2\u0335)\u0648\n\n\u25c6\u81b3\u9b54\u5e2b\u7c89\u7d72\u9801\uff1ahttps://www.facebook.com/thermos.tw\n\n\u6930\u6c41\u7d05\u8c46\u767d\u7389/\u30b3\u30b3\u30ca\u30c3\u30c4\u30df\u30eb\u30af\u767d\u7389\n[2\uff5e3\u4eba\u4efd]\n\u7d05\u8c46 Red beans\u2014100g\n\u6930\u6c41 Coconut milk\u2014300cc\n\u725b\u5976 Milk\u2014300cc\n\u7802\u7cd6 Sugar\u201480g\n\n\u7cef\u7c73\u7c89 Mochi powder\u2014100g\n\u6930\u6c41 Coconut milk\u201480cc\n\n#\u81b3\u9b54\u5e2b\n#\u5c0f\u71dc\u71d2\u63d0\u934b\n#\u751c\u9ede\n#\u6e6f\u5713\n\n\uff0a\u6599\u7406\u306e\u540d\u524d\uff06\u4f5c\u308a\u65b9\u306f\u3042\u304f\u307e\u3067\u3082\u81ea\u5df1\u6d41\u306a\u306e\u3067\u3054\u4e86\u627f\u304f\u3060\u3055\u3044w\n\uff0a\u6599\u7406\u540d\u7a31&\u505a\u6cd5\u4e0d\u4e00\u5b9a\u6b63\u5f0for\u50b3\u7d71, \u662f\u5f9e\u81ea\u5df1\u7684\u60f3\u6cd5&\u7d93\u9a57\u4f86\u5206\u4eab\u7684 \n\u8acb\u5404\u4f4d\u4e8b\u5148\u8ad2\u89e3\u3002m( _ _ )m\n\n\uff0a\u6b61\u8fce\u5408\u4f5c/Contact\uff1abigway1688@gmail.com\n\uff0aInstagram\uff1ahttps://www.instagram.com/masa_cookin...\n\uff0aMASA Facebook\uff1ahttps://www.facebook.com/masa.abc\n\uff0a\u98df\u8b5c\u66f8\uff1ahttps://www.masa.tw/masas-book\n\n\u25cfBGM\uff1a\n\u3000\u7518\u8336\u306e\u97f3\u697d\u5de5\u623f\nMusMus\n\u3000OtoLogic\n\u3000\u30dd\u30b1\u30c3\u30c8\u30b5\u30a6\u30f3\u30c9\n\u3000PremiumBeat\uff1a\n\u3000\u3000-Studio Le Bus\n\u3000\u3000-Joe Sacco\n\u3000\u3000-Kyon\n\u3000\u3000-Smithereens",
        "likeCount": "1098",
        "commentCount": "19",
        "viewCount": "31307"
    },
    "comments": [
        {
            "reply_id": "UgxenCKS23xnyokSsUx4AaABAg",
            "reply_content": "\u5c0d\u6211\u5011\u9019\u7a2e\u4f4f\u5c0f\u5957\u623f\u4e0d\u80fd\u958b\u4f19\u7684\u80a5\u5b85\u4f86\u8aaa\u662f\u6551\u661f\u554a",
            "likeCount": 7
        },
        {
            "reply_id": "Ugz2-yrXmI50qeNaJrp4AaABAg",
            "reply_content": "\u770b\u8d77\u4f86\u597d\u597d\u5403\u5594\uff0c\u770b\u5230\u7d05\u8c46\u548c\u767d\u7389\u771f\u7684\u5fcd\u4e0d\u4f4f",
            "likeCount": 0
        },
        {
            "reply_id": "UgzMJVaImC3JndHIDyN4AaABAg",
            "reply_content": "\u56e0\u70ba\u6c92\u6709\u7cef\u7c73\u7c89\u6240\u4ee5\u6211\u7528\u767d\u7389\u7c89\u505a\u7cf0\u5b50 \u7d05\u8c46\u7528\u60b6\u71d2\u7f50\u6642\u9593\u525b\u525b\u597d\u800c\u4e14\u7701\u6642\u9593 \u6930\u5976\u8ddf\u725b\u5976\u4e00\u8d77\u6709\u5357\u6d0b\u7684\u98a8\u5473",
            "likeCount": 0
        }
    ]
}