{
    "video_info": {
        "id": "G2FdGJEHpuk",
        "channelTitle": "MASA",
        "title": "\u7f8e\u98df\u7684\u65c5\u884c-\u65b0\u52a0\u5761/Visiting Singapore| MASA\u306e\u6599\u7406ABC #masa #\u7f8e\u98df #\u65b0\u52a0\u5761",
        "description": "\u25c6MASA\u983b\u9053\u8a02\u95b1\u2193\nhttp://www.youtube.com/channel/UCr90FXGOO8nAE9B6FAUeTNA?sub_confirmation=1\n\u25c6\u7b2c\u4e00\u6b21\u53bb\u4e86\u65b0\u52a0\u5761\n\u4e00\u5230\u5c31\u99ac\u4e0a\u559c\u6b61\uff01\n\u6709\u5403\u4e86\u5f88\u591a\u7f8e\u98df\n\u5982\u679c\u60f3\u8981\u8ddf\u8a73\u7d30+VO\n\u8acb\u5230\u6211\u7684YouTube\u983b\u9053\n\u770b\u9577\u7248\u5594\uff5e\uff01(\u0e51\u02c3\u0335\u1d17\u02c2\u0335)\u0648\n\n#MASA\n#\u65b0\u52a0\u5761\n#\u7f8e\u98df\n#\u65c5\u884c\n#Singapore\n\n\uff0a\u6b61\u8fce\u5408\u4f5c/Contact\uff1abigway1688@gmail.com",
        "likeCount": "466",
        "commentCount": "15",
        "viewCount": "10045"
    },
    "comments": []
}