{
    "video_info": {
        "id": "uC0IGZsIiPE",
        "channelTitle": "MASA",
        "title": "Presented by \u81b3\u9b54\u5e2b-\u96de\u817f\u68d2\u5473\u564c\u716e/Chicken Drumsticks with Miso Soup|MASA\u306e\u6599\u7406ABC",
        "description": "\u25c6MASA\u983b\u9053\u8a02\u95b1\u2193\nhttp://www.youtube.com/channel/UCr90FXGOO8nAE9B6FAUeTNA?sub_confirmation=1\n\u25c6\u98df\u8b5c\u2193\n\u9019\u6b21\u4f7f\u7528\u81b3\u9b54\u5e2b\u71dc\u71d2\u934b\u4f86\u505a\n\u8d85\u7d1a\u6eab\u6696&\u7642\u7652\u7684\u716e\u7269\uff01\n\u56e0\u70ba\u71dc\u71d2\u934b\u5229\u7528\u4fdd\u6eab\u7684\u65b9\u5f0f\u52a0\u71b1\u98df\u6750 \n\u6c92\u6709\u4e00\u76f4\u6709\u5728\u6efe \n\u6240\u4ee5\u53ef\u4ee5\u4fdd\u6301\u6fc3\u9999\u7684\u5473\u564c\u98a8\u5473 \n\u53ea\u8981\u628a\u98df\u6750\u8ddf\u8abf\u597d\u7684\u91ac\u6599\u4e00\u8d77\u716e\u4e00\u716e \n\u5269\u4e0b\u5728\u5916\u934b\u88e1\u9762\u7e7c\u7e8c\u71dc\n\u6642\u9593\u5230\u4e86\u6253\u958b\u5c31\u6709\n\u9999\u5674\u5674\u7684\u6599\u7406\u7b49\u4f60\u4eab\u7528\uff5e\uff01(\u0e51\u02c3\u0335\u1d17\u02c2\u0335)\u0648\n\n\u25c6\u81b3\u9b54\u5e2b\u7c89\u7d72\u9801\uff1ahttps://www.facebook.com/thermos.tw\n\n\u96de\u817f\u68d2\u5473\u564c\u716e/\u9aa8\u4ed8\u304d\u9d8f\u306e\u5473\u564c\u716e\u8fbc\u307f\n[3\uff5e4\u4eba\u4efd]\n\u96de\u817f\u68d2 Chicken drum sticks\u20148\u500b\n\u767d\u863f\u8514 Daikon\u2014200g\n\u9ad8\u9e97\u83dc Cabbage\u2014200g\n\u8591 Ginger\u201410g\n\u849c\u982d Garlic\u20145\u7c92\n\u8525 Scallion\u20142\u652f\n\n\u65e5\u5f0f\u9ad8\u6e6f Dashi\u20141.5L\n\u6e05\u9152 Sake\u20142\u5927\u5319\n\u5473\u9182 Mirin\u20141\u5927\u5319\n\u7802\u7cd6 Sugar\u20142\u5c0f\u5319\n\u91ac\u6cb9 Soy sauce\u20141\u5927\u5319\n\u9e7d\u5df4 Salt\u2014\u9069\u91cf\n\u5473\u564c Miso\u201480g\n\n#\u81b3\u9b54\u5e2b\n#\u71dc\u71d2\u934b\n#\u96de\u8089\n#\u5473\u564c\n\n\uff0a\u6599\u7406\u306e\u540d\u524d\uff06\u4f5c\u308a\u65b9\u306f\u3042\u304f\u307e\u3067\u3082\u81ea\u5df1\u6d41\u306a\u306e\u3067\u3054\u4e86\u627f\u304f\u3060\u3055\u3044w\n\uff0a\u6599\u7406\u540d\u7a31&\u505a\u6cd5\u4e0d\u4e00\u5b9a\u6b63\u5f0for\u50b3\u7d71, \u662f\u5f9e\u81ea\u5df1\u7684\u60f3\u6cd5&\u7d93\u9a57\u4f86\u5206\u4eab\u7684 \n\u8acb\u5404\u4f4d\u4e8b\u5148\u8ad2\u89e3\u3002m( _ _ )m\n\n\uff0a\u6b61\u8fce\u5408\u4f5c/Contact\uff1abigway1688@gmail.com\n\uff0aInstagram\uff1ahttps://www.instagram.com/masa_cookin...\n\uff0aMASA Facebook\uff1ahttps://www.facebook.com/masa.abc\n\uff0a\u98df\u8b5c\u66f8\uff1ahttps://www.masa.tw/masas-book\n\n\u25cfBGM\uff1a\n\u3000\u7518\u8336\u306e\u97f3\u697d\u5de5\u623f\nMusMus\n\u3000OtoLogic\n\u3000\u30dd\u30b1\u30c3\u30c8\u30b5\u30a6\u30f3\u30c9\n\u3000PremiumBeat\uff1a\n\u3000\u3000-Studio Le Bus\n\u3000\u3000-Joe Sacco\n\u3000\u3000-Kyon\n\u3000\u3000-Smithereens",
        "likeCount": "1031",
        "commentCount": "17",
        "viewCount": "35037"
    },
    "comments": [
        {
            "reply_id": "UgyawDN8VIMY-c1Ks_14AaABAg",
            "reply_content": "\u7b2c\u4e8c\u6b21\u52a0\u5165\u5473\u564c\u5e94\u8be5\u662f\u5728\u76d6\u9505\u76d6\u7116\u716e\u4e4b\u524d\u5427\uff1f",
            "likeCount": 0
        }
    ]
}