{
    "channel": {
        "title": "\u932b\u862dCeylan",
        "id": "UCVjmBo22Mimyc4NR4Nz89MA",
        "customUrl": "@xilanceylan",
        "uploads": "UUVjmBo22Mimyc4NR4Nz89MA"
    },
    "videos": [
        {
            "id": "AaLEJ-OHRX8",
            "title": "\u6211\u540c\u610f\u71b1\u7092\u5e97\u8001\u95c6\u5c0d\u6211\u7684\u56de\u61c9\uff08120\u5146\u8a02\u95b1\u554f\u7b54\uff09"
        },
        {
            "id": "IEjFZiP0-dY",
            "title": "\u6211\u5728\u53f0\u7063\u7684\u96fb\u68af\u88e1\u770b\u5230\u9019\u500bAI\u5ee3\u544a\u6211\u611f\u89ba\u592a\u7cdf\u7cd5\u4e86\u6211\u5fc5\u9808\u505a\u500b\u5f71\u7247\u8aaa\u8aaa\u3002"
        },
        {
            "id": "2sSW2MTC86g",
            "title": "\u76f4\u64ad\u4e00\u500b\u5f88\u725b\u903c\u7684\u904a\u6232 \uff5c \u9019\u662f\u4e16\u754c\u4e0a\u6700\u597d\u73a9\u7684\u904a\u6232\uff0c\u54c7\u592a\u597d\u73a9\u4e86\u6211\u7684\u5929\u54ea\uff01"
        },
        {
            "id": "xQ4ps__Hl3w",
            "title": "\u56de\u4e0a\u6d77\u4e86 \u64ad\u4e0b"
        },
        {
            "id": "gWx87e-fcFs",
            "title": "\u4ed6\u5011\u57285\u5929\u88e1\u9020\u4e86150+\u7bc7\u65b0\u805e\uff0c\u70ba\u4ec0\u9ebc\uff1f\uff08\u767d\u98ef\u4e4b\u4e82\u7684\u771f\u76f8\uff09"
        },
        {
            "id": "JZvZgww5Pow",
            "title": "\u6211\u53bb\u770b\u4e86\u4f60\u5011\u505a\u7684\u95dc\u65bc\u53f0\u7063\u5a92\u9ad4\u7684\u6897"
        },
        {
            "id": "loAaNV8kGvk",
            "title": "\u9019\u4e9b\u662fYouTube\u5168\u7ad9\u6700\u7d05\u768415\u500bShorts\uff1f\uff01[\u91cd\u65b0\u4e0a\u50b3]"
        },
        {
            "id": "qfpeoKVBa9E",
            "title": "\u9019\u4e9b\u932f\u8aa4\u7684\u82f1\u6587\u7ffb\u8b6f\u7b11\u6b7b\u6211\u4e86\uff01"
        },
        {
            "id": "3tfy3yMnS78",
            "title": "\u53f0\u7063\u5a92\u9ad4\u7684\u4e0b\u9650\u80fd\u6709\u591a\u4f4e\uff1f"
        },
        {
            "id": "axy-BosPC0U",
            "title": "\u662f\u6642\u5019\u505a\u51fa\u9019\u500b\u6c7a\u5b9a\u4e86..."
        },
        {
            "id": "sKjAmJXBZ8M",
            "title": "\u53bb\u65e5\u672c\u524d\u6700\u5f8c\u4e00\u64ad | \u77edchill - \u665a\u4e0a\u51fa\u53bb\u5403\u98ef"
        },
        {
            "id": "70vqQWGDI0M",
            "title": "\u8981\u53bb\u65e5\u672c\u4e86 | \u932b\u862d\u5b8c\u6574\u76f4\u64ad"
        },
        {
            "id": "3Uyg3NL_o7M",
            "title": "\u9591\u804a | \u8faf\u8ad6\u7d05\u85e5\u4e38 | \u932b\u862d\u5b8c\u6574\u76f4\u64ad"
        },
        {
            "id": "ej4VxB326w4",
            "title": "\u9019\u4e9bPUA\u983b\u9053\u9060\u6bd4\u4f60\u60f3\u50cf\u7684\u8981\u7cdf\u7cd5\uff01"
        },
        {
            "id": "0fY9AjfHByc",
            "title": "\u6211\u5403\u4e86\u6211\u81ea\u5df1"
        },
        {
            "id": "aoCmdBbcrWE",
            "title": "\u6211\u7d42\u65bc\u9054\u5230\u4e86\u4e00\u767e\u5146\u8a02\u95b2\uff01"
        },
        {
            "id": "XXJZW_zXYWw",
            "title": "\u4f4f\u4e866\u500b\u6708\u5f8c\uff0c\u9019\u4e9b\u662f\u6211\u5c0d\u53f0\u7063\u771f\u5be6\u7684\u770b\u6cd5"
        },
        {
            "id": "yXXXlTZtuEs",
            "title": "\u5916\u570b\u5c0f\u5925\u5728\u53f0\u7063\u76f4\u64ad\u8d85\u6eff\u8db3\uff01\u9a5a\u547c\u5728\u6bd4\u5229\u6642\u9ad4\u6703\u4e0d\u5230\uff01\u300c\u5728\u53f0\u7063\u76f4\u64ad\u771f\u662f\u592a\u597d\u5566\uff01\u300d\u770b\u770b\u4ed6\u662f\u600e\u9ebd\u8a55\u8ad6\u53f0\u7063\u7684 | \u53f0\u7063\u6700\u7f8e\u7684\u98a8\u666f\u539f\u4f86\u662f\u9019\u500b\uff1f (\u660e\u5929\u53bbhk)"
        },
        {
            "id": "O6mtsrf_MDQ",
            "title": "\u4f60\u597d"
        },
        {
            "id": "3V9cPuOYXCk",
            "title": "\u6211\u641e\u4e0d\u61c2\u4e86\uff0c\u9019\u4e16\u4e0a\u54ea\u4f86\u9019\u9ebc\u591a\u62dc\u91d1\u5973\uff1f"
        },
        {
            "id": "RHwmAgGVCWg",
            "title": "Joeman\u72af\u4e86\u4e00\u500b\u5927\u932f\uff087-11\u806f\u540d\u5546\u54c1\u8a55\u6e2c\uff09"
        },
        {
            "id": "ftHiAWhxWE4",
            "title": "\u6211\u770b\u4e0d\u4e0b\u53bb\u4f60\u5011\u505a\u7684\u9019\u4e9b\u6897\u4e86"
        },
        {
            "id": "sFrH6sti1HE",
            "title": "Joeman\u7684\u4fbf\u7576\u771f\u7684\u6709\u9019\u9ebd\u96e3\u5403\uff1f\uff08\u5225\u5c2c\u9ed1\u4e86\uff09"
        },
        {
            "id": "Osn1v32WxRw",
            "title": "\u760b\u72c2\u661f\u671f\u56db"
        },
        {
            "id": "kNlsNXecd-8",
            "title": "\u4e2d\u570b\u6587\u5316\u771f\u7684\u5f88\u91cd\u8981\u55ce\uff1f\uff08\u6211\u7684\u770b\u6cd5\uff09"
        },
        {
            "id": "wmZArsRaMJw",
            "title": "\u525b\u5f9e\u9999\u6e2f\u56de\u4f86"
        },
        {
            "id": "_BXRzAJLTMs",
            "title": "\u6211\u5011\u7684\u8a9e\u8a00\u5dee\u8ddd\u6bd4\u6211\u60f3\u8c61\u4e2d\u7684\u9084\u8981\u5927\uff01"
        },
        {
            "id": "IuLLzqxze4w",
            "title": "\u665a\u9593chill"
        },
        {
            "id": "KNrNvFr8wXA",
            "title": "\u932b\u862d\u5b78\u6ce8\u97f3"
        },
        {
            "id": "vS8UZVrj1G0",
            "title": "\u804a\u5929\u5f48\u5e55\u628a\u6211\u4eba\u751f\u6bc0\u4e86"
        },
        {
            "id": "VYS5J55PK_Q",
            "title": "chill\u4e00\u4e0b"
        },
        {
            "id": "WWaem-7035A",
            "title": "\u8a69\u654f\uff01\uff01\uff01"
        },
        {
            "id": "P1mI3KQnLsI",
            "title": "\u807d\u8aac\u505aShorts\u53ea\u8981\u5c0d\u5634\u5507\u5c31\u80fd\u7d05\uff1f"
        },
        {
            "id": "7tH7hg3u0VA",
            "title": "\u932b\u862d\u5403\u83dc\u82b1"
        },
        {
            "id": "mOauDP7OBe4",
            "title": "IKEA\u600e\u9ebd\u5538\uff1f"
        },
        {
            "id": "nwJ1KyZ_jPw",
            "title": "\u9084\u6d3b\u8457\u5462\uff1f"
        },
        {
            "id": "PwAnsLSHngg",
            "title": "\u4e00\u500b\u4eba\u904e\u6625\u7bc0 (\u50cf\u500b\u771f\u7684sigma male)"
        },
        {
            "id": "XhVk0gM7EBc",
            "title": "\u6211\u8981\u5931\u53bb\u5de5\u4f5c\u4e86 \uff08YouTube\u65b0\u9ec3\u6a19\u653f\u7b56\uff09"
        },
        {
            "id": "PPhLMshkw-U",
            "title": "\u89c0\u8846call-in"
        },
        {
            "id": "jKjXl0_hrRk",
            "title": "\u6211\u8b93\u6211\u7684\u89c0\u8846\u5e6b\u6211\u983b\u9053\u505a\u5047\u5c01\u9762\u5716\uff01\uff08\u7b11\u6b7b\u6211\u4e86\uff09"
        },
        {
            "id": "gWuGmxXPNXA",
            "title": "\u4e00\u500b\u932f\u8aa4\uff0c\u8b93\u9019\u500b\u4e2d\u570b\u7db2\u7d05\u5728\u5169\u9031\u5167\u6389\u4e86100\u842c\u7c89\u7d72\uff01"
        },
        {
            "id": "bSoSuGVc-bg",
            "title": "\u7406\u79d1\u592a\u592a\u5230\u5e95\u932f\u5728\u54ea\u88e1\uff1f"
        },
        {
            "id": "Cm4hOzuMdPI",
            "title": "\u4eca\u5929\u76f4\u64ad\u5927\u99e1\u4f60\u5011\u7684desk setup"
        },
        {
            "id": "6KIKQv_IFO8",
            "title": "\u65b0\u5bb6\u8d85\u7d1a\u7121\u6575\u725b\u903c\u6e2c\u8a66\u76f4\u64ad (\u53f0\u5317\u7248)"
        },
        {
            "id": "SG26T5k8aJk",
            "title": "\u770b\u4f60\u5011\u505a\u7684\u95dc\u65bc\u6211\u7684\u6897\u5716 #1"
        },
        {
            "id": "VlBoolyVX68",
            "title": "\u5507\u8a9e\u6311\u6230 - \u932b\u862d\u731c\u4e0d\u51fa\u9019\u500b\u8a5e"
        },
        {
            "id": "2JAOWn7MPzc",
            "title": "\u932b\u862d\u5f97\u62ff\u8d77\u9375\u76e4\u731c\u9019\u500b\u8a5e..."
        },
        {
            "id": "bH317weZJYw",
            "title": "\u6211\u5728\u88ab\u903c\u8457\u505aShorts"
        },
        {
            "id": "KkOsP5E-844",
            "title": "\u6258\u6bd4\u932b\u4ec0\u9ebc\uff1f"
        },
        {
            "id": "JeJ5XweeTpQ",
            "title": "\u5507\u8a9e\u6311\u6230 - \u53f0\u7063\u5230\u5e95\u6709\u6c92\u6709\u9ce5\uff1f"
        },
        {
            "id": "7pHx7FQdj18",
            "title": "\u932b\u862d\u5507\u8a9e\u6311\u6230\u731c\u4e0d\u51fa\u9019\u500b\u8a5e\uff01"
        },
        {
            "id": "dGEg5ZfVFIE",
            "title": "\u9019\u500b\u5507\u8a9e\u6311\u6230\u5dee\u9ede\u8b93\u6211\u8ddf\u6211\u54e5\u6253\u4e86\u8d77\u4f86\uff01"
        },
        {
            "id": "6cQ2gS4X_tw",
            "title": "\u88abB\u7ad9\u5c01\u7981\u662f\u767c\u751f\u5728\u6211\u8eab\u4e0a\u6700\u597d\u7684\u4e8b\u60c5"
        },
        {
            "id": "hFWJKcoKAX0",
            "title": "\u653e\u706b\u9677\u5bb3\u4e86\u6211"
        },
        {
            "id": "KqqThW-dbP8",
            "title": "\u6211\u5f97\u5411\u5979\u9053\u6b49 (\u6211\u74b0\u5cf6\u53f0\u7063\u5f8c\u7684\u771f\u5be6\u60f3\u6cd5)"
        },
        {
            "id": "_yYNAYQtce8",
            "title": "\u518d\u898b\u53f0\u7063\uff08\u53f0\u7063\u74b0\u5cf6 #10\uff09"
        },
        {
            "id": "ntyISYGhajg",
            "title": "\u6211\u4e0d\u5c0f\u5fc3\u5728\u9ea5\u7576\u52de\u958b\u4e86\u7c89\u7d72\u898b\u9762\u6703\uff08\u53f0\u7063\u74b0\u5cf6 #9\uff09"
        },
        {
            "id": "n5xv1rFzbhM",
            "title": "\u518d\u6b21\u6311\u6230\u65fa\u4ed4\u5c0f\u9945\u982d\uff01\uff08\u53f0\u7063\u74b0\u5cf6 #8\uff09"
        },
        {
            "id": "dNYaImrgoKA",
            "title": "\u6211\u6700\u4e0d\u80fd\u7406\u89e3\u7684\u4e8b\u60c5\uff08\u53f0\u7063\u74b0\u5cf6 #7\uff09"
        },
        {
            "id": "LL9fKN67pEc",
            "title": "\u6211\u88ab\u9a19\u4e86\u55ce\uff1f\uff08\u53f0\u7063\u74b0\u5cf6 #6\uff09"
        },
        {
            "id": "09KkKAprbEA",
            "title": "\u96f2\u6797\u627e\u5230\u89c0\u773e\u6709\u591a\u96e3\uff1f\uff08\u53f0\u7063\u74b0\u5cf6 #5\uff09"
        },
        {
            "id": "JjVDzBmBhHM",
            "title": "\u6211\u72af\u4e86\u500b\u5927\u932f\uff08\u53f0\u7063\u74b0\u5cf6 #4\uff09"
        },
        {
            "id": "cBOJaSn4vTg",
            "title": "\u6211\u548c\u653e\u706b\u7d55\u4ea4\u7684\u539f\u56e0\uff08\u53f0\u7063\u74b0\u5cf6 #3\uff09"
        },
        {
            "id": "7J32RMOnb34",
            "title": "\u5c0a\u6703\u9152\u99d5\u55ce\uff1f\uff08\u53f0\u7063\u74b0\u5cf6 #2\uff09"
        },
        {
            "id": "zY8j2uuYp8w",
            "title": "\u6211\u8981\u8acb\u5168\u53f0\u7063\u7684\u7c89\u7d72\u5403\u98ef \uff08\u53f0\u7063\u74b0\u5cf6 #1\uff09"
        },
        {
            "id": "iltp1J5HkVk",
            "title": "\u6211\u4f86\u5230\u53f0\u7063\u7684\u7b2c\u4e00\u5929\uff01"
        },
        {
            "id": "7mcZufCZH94",
            "title": "\u6211\u4f86\u53f0\u7063\u6700\u4e0d\u80fd\u63a5\u53d7\u7684\u4e8b\u60c5\uff01"
        },
        {
            "id": "faqdocxjn7k",
            "title": "\u53bb\u53f0\u7063vlog"
        },
        {
            "id": "iIcOlnIHLl0",
            "title": "\u6b50\u6d32\u76847-11\u8b93\u6211\u5f88\u751f\u6c23\uff01"
        },
        {
            "id": "5C4YFu54Jko",
            "title": "\u6211\u8981\u53bb\u53f0\u7063\u4e86\uff01"
        },
        {
            "id": "MLpKDI3qc8M",
            "title": "\u96e2\u958b\u4e0a\u6d77\u4e4b\u5f8c\u6211\u61c9\u8a72\u53bb\u54ea\u88e1\uff1f"
        },
        {
            "id": "MvyvCY30Eq0",
            "title": "\u6211\u5403\u904d\u4e86\u6211\u570b\u5bb6\u6240\u6709\u7684\u53f0\u7063\u9910\u5ef3\uff01"
        },
        {
            "id": "KlU8oELHVmY",
            "title": "\u6211\u9003\u96e2\u4e86\u4e0a\u6d77"
        },
        {
            "id": "a4mnMbARAbs",
            "title": "\u5982\u679c\u6211\u8f38\u4e86\u9019\u500b\u6311\u6230\uff0c\u90a3\u6211\u4ee5\u5f8c\u5c31\u4e0d\u8aaa\u9ad2\u8a71\uff01"
        },
        {
            "id": "pPIEiz2morE",
            "title": "\u6211\u5011\u8aaa\u7684\u662f\u4e00\u500b\u8a9e\u8a00\uff1f"
        },
        {
            "id": "GT4CuxufSxQ",
            "title": "50\u5146\u554f\u7b54\uff08+\u65b0\u5bb6Tour\uff09"
        },
        {
            "id": "eOKizHkg-_k",
            "title": "\u9019\u90fd\u6709\u4eba\u652f\u6301\uff1f"
        },
        {
            "id": "cMJe12vaBeU",
            "title": "\u54c8\uff1f"
        },
        {
            "id": "L-ppmXK9Su0",
            "title": "\u95dc\u65bc\u6b50\u967d\u5c1a\u66f8\u7684\u5f8c\u7e8c"
        },
        {
            "id": "eSSpV8TYP8U",
            "title": "\u9019\u662f\u6211\u6700\u8a0e\u53ad\u7684\u4e8b\u60c5..."
        },
        {
            "id": "G3P3JI2HDd8",
            "title": "\u70ba\u4ec0\u9ebc\u6211\u90fd\u80fd\u4e0a\u53f0\u7063\u96fb\u8996\u65b0\u805e\uff1f\uff08\u6211\u7684\u770b\u6cd5\uff09"
        },
        {
            "id": "IdjoJhF73IU",
            "title": "\u9019\u500bB\u7ad9UP\u4e3b\u6b63\u5728\u760b\u72c2\u6284\u8972\u53f0\u7063\u7684YouTuber\uff01"
        },
        {
            "id": "4WDCPhhWUnk",
            "title": "Minecraft\u901f\u901a\uff0c\u4f46\u6bcf\u904e1\u5206\u9418\u6211\u5c31\u5f97\u6350$2000\uff01(feat. \u653e\u706b \u5c0a)"
        },
        {
            "id": "yD1xzeOxymw",
            "title": "\u6211\u4e0d\u8a72\u53bb\u5b78\u9019\u500b\u7684"
        },
        {
            "id": "YYwwp6HPVDQ",
            "title": "\u5916\u570b\u5c0f\u4f19\u8a66\u5403\u53f0\u7063\u96f6\u98df\uff0c\u9a5a\u547c\u201c\u592a\u96e3\u5403\u4e86\u201d\uff01"
        },
        {
            "id": "loOGKJF64ks",
            "title": "\u6211\u7232\u4ec0\u9ebd\u8a0e\u53adNFT\uff0830\u5146\u8a02\u95b1\u554f\u7b54\uff09"
        },
        {
            "id": "dpZNs-zDJlI",
            "title": "B\u7ad9\u7206\u70b8\u6027\u4e8b\u4ef6\uff0c\u7232\u4ec0\u9ebd\u6240\u6709\u4eba\u53cd\u5c0d\u9019\u500bUP\u4e3b\u89e3\u5c01\uff1f"
        },
        {
            "id": "0IILszNuxM4",
            "title": "\u9019\u662f\u5168\u4e16\u754c\u6700\u706b\u7684TikTok\u77ed\u7247\uff1f\uff01\uff08\u5f88\u5f31\u667a\uff09"
        },
        {
            "id": "zSlgwJ31NU8",
            "title": "\u6211\u7684\u4e2d\u6587\u5dee\u55ce\uff1f\uff08\u6e2c\u8a66\u6211\u7684\u4e2d\u6587\u6c34\u5e73\uff09"
        },
        {
            "id": "yg2TgzFGnno",
            "title": "\u6211\u5c0d\u53f0\u7063\u812b\u53e3\u79c0\u6f14\u54e1\u7684\u770b\u6cd5\uff08\u554f\u7b54\uff09"
        },
        {
            "id": "4CG0enxflkA",
            "title": "YouTube\uff0c\u4f60\u5728\u60f3\u4ec0\u9ebc\uff1f\uff08\u53d6\u6d88\u4e0d\u559c\u6b61\u6309\u9215\uff09"
        },
        {
            "id": "z5w0SUa38w0",
            "title": "\u5632\u7b11\u6296\u97f3\u7db2\u7d05\u7684\u5783\u573e\u82f1\u8a9e\uff08\u7b11\u7206\u4e86\uff09"
        },
        {
            "id": "i6zC8cZz1NI",
            "title": "\u5c0f\u7389\u7684\u6240\u4f5c\u6240\u70ba\u9060\u6bd4\u4f60\u60f3\u50cf\u7684\u60e1\u52a3\uff01"
        },
        {
            "id": "iGMazbsILSw",
            "title": "\u5c0f\u7389\uff0c\u7232\u4ec0\u9ebd\uff1f"
        },
        {
            "id": "nD_Fdqp8VAY",
            "title": "\u6211\u52a0\u5165\u4e86\u9b77\u9b5a\u6e38\u6232\uff01"
        },
        {
            "id": "-HgfUyEIYxU",
            "title": "\u4e2d\u570b\u7684\u5047\u61a8\u8c46\u5148\u751f\u61c9\u8a72\u88ab\u963b\u6b62\uff01"
        },
        {
            "id": "U1P7TUnSsLM",
            "title": "\u6211\u88ab\u7f75\u7684\u5f88\u6158"
        },
        {
            "id": "HvxffLbRLv8",
            "title": "\u4e2d\u570b\u672a\u6210\u5e74\u4e00\u5468\u53ea\u80fd\u73a9\u4e09\u500b\u5c0f\u6642\u7db2\u6e38 - \u6211\u7684\u770b\u6cd5 \uff08\u554f\u7b54\uff09"
        },
        {
            "id": "bJJlV96pJyE",
            "title": "\u5433\u4ea6\u51e1\u7684\u804a\u5929\u7d00\u9304\u6bd4\u4f60\u60f3\u50cf\u7684\u9084\u8981\u7cdf\u7cd5\uff01"
        },
        {
            "id": "eVtYVRD3NdU",
            "title": "\u6211\u7684\u9ed1\u6b77\u53f2"
        }
    ]
}