{
    "channel": {
        "title": "Stanley \u53f2\u4e39\u5229",
        "id": "UCXOBLGJdYA1mfhOrDwQESTg",
        "customUrl": "@stanleyslol",
        "uploads": "UUXOBLGJdYA1mfhOrDwQESTg"
    },
    "videos": [
        {
            "id": "9gTQFQZQCHU",
            "title": "\u3010Stanley\u301111/24  \u7d55\u547d\u96d9\u6392\u4e4b\u65e5  \u4eca\u5929\u518d\u8a8d\u771f\u4e00\u5929\u5fc3\u614b\u7d55\u5c0d\u4e0d\u5d29  \u7d55\u547d\u96d9\u6392\u6211\u61c9\u8a72\u53ef\u4ee5\u5c11\u64d4\u5fc3\u4e00\u8def\u6703\u7206\u70b8\u5c0d\u4e0d\uff1f\u4f60\u5011\u8aaa..\u5c0d\u5427\uff1f"
        },
        {
            "id": "Y6SOtKDJqms",
            "title": "\u3010Stanley\u3011\u8ab0\u7df4\u4e0a\u8def\u96fb\u5200\u4e09\u76f8\u963f\u7483...\u8ab0\u5c31\u662f\u51a0\u8ecd\uff01\u5c31\u53f2\u85e5\u5c0d\u6c7a\uff01\u7a76\u7adf\u662f\u5e73\u50f9\u8a50\u8ced\u670b\u53cb\u6bd4\u8f03\u60e1\u52a3\uff1f\u9084\u662f\u5962\u83ef\u6536\u5272\u7c89\u7d72\u4ee4\u4eba\u4f5c\u5614\uff1f\u5927\u5bb6\u4e0d\u8981\u5e79\u58de\u4e8b\u554a\uff01\u9019\u5c31\u662f\u5750\u7262\u7684\u611f\u89ba\uff01"
        },
        {
            "id": "Ta5fe9WzI2I",
            "title": "\u898b\u8b58\u4e00\u4e0b\u8caa\u7684\u6975\u81f4"
        },
        {
            "id": "HuFaX2ch3PU",
            "title": "\u3010Stanley\u301111/23  \u4e0d\u60f3\u8d62\u90fd\u4e0d\u8981\u8d62  \u4f5b\u7cfb\u4e0a\u5206  \u660e\u5929\u628a\u628a\u90fd\u63d0\u83ab   \u4e0d\u4f86\u9ede\u4e0b\u99ac\u5a01\u6211\u770b\u662f\u7121\u6cd5\u7a81\u7834\u9019\u947d\u77f3ELO HELL   \u5206\u6578\u5df2\u7d93\u539f\u5730\u767c\u5446\u4e00\u500b\u79ae\u62dc\u4e86"
        },
        {
            "id": "lNrQkHdajUU",
            "title": "\u3010Stanley\u3011\u9802\u7d1a\u90aa\u9580\u4e0a\u4e39\u4e09\u76f8\u6642\u9418\uff01\u8e66\u8e66\u70b8\u5f48\u6688\u7729\u9ede\u721b\u5c0d\u9762\uff01\u96d9Q\u914d\u4e0a\u96fb\u5200...\u63a8\u7dda\u901f\u5ea6\u7c21\u76f4\u5c31\u662f\u9ad8\u914d\u963f\u7483\uff01\u9ad8\u901f\u6232\u800d\u6575\u4eba\u9084\u80fd\u5fa9\u6d3b\u968a\u53cb\uff01\u4eca\u5e74\u8981\u63a8\u51fa\u8863\u670d\u7684\u8a08\u756b\u7adf\u7136\u6ce1\u6e6f\u4e86\uff01\u539f\u56e0\u662f\u4e0d\u60f3\u8ce3\u5783\u573e\u7d66\u89c0\u773e\uff1f"
        },
        {
            "id": "4TFXIYE4Vvc",
            "title": "\u5c0b\u8840\u72ac\u55c5\u5230\u4e86\u81ea\u5df1\u7684\u8840\uff01"
        },
        {
            "id": "ZWVuAqoXL5c",
            "title": "\u3010Stanley\u3011\u5c31\u7b97\u5b99\u65af\u9644\u8eab\u5230\u5c0d\u9762\u4e5f\u4e0d\u53ef\u80fd\u6253\u8d0f\u6211\u4e86\uff01\u8840\u9b3c\u6700\u5f37\u524d\u671f\u5957\u8def\uff01\u770b\u770b\u4ec0\u9ebc\u53eb\u505a\u4eba\u9593\u60b2\u5287\uff01\u9023\u7e8c\u5169\u628a\u51fa\u758a\u66f8\u8840\u6d17\u5c0d\u9762\u4e0a\u8def\uff01\u5b8c\u5168\u4e0d\u9700\u8981\u7c89\u773c\uff1f\u4f86\u5169\u500b\u6211\u76f4\u63a5\u96d9\u6bba\u7d66\u4f60\u5011\u770b\uff01"
        },
        {
            "id": "MA_t69OJlJ0",
            "title": "\u7d71\u795e\u8ddf\u7279\u54e5\u8ab0\u6253\u91ce\u6bd4\u8f03\u5f37\uff1f"
        },
        {
            "id": "fdxvkley7FU",
            "title": "\u3010Stanley\u301111/21  \u6f14\u793a\u4e0b\u4ec0\u9ebc\u624d\u662f\u771f\u6b63\u7684AD\u963f\u7483  \u6c50\u6b62\u5b99\u65af\u7121\u60c5\u958b\u64ad  \u8a8d\u771f\u6a21\u5f0fON  \u770b\u5b8c\u6bd4\u8cfd\u627e\u56de\u4e86\u5c0d\u65bc\u6700\u5f37\u4e0a\u55ae\u7684\u71b1\u60c5   \u5148\u6025\u901f\u56de\u5927\u5e2b"
        },
        {
            "id": "w_HrF0WeSik",
            "title": "\u3010Stanley\u3011\u5176\u5be6\u6709\u5728\u62bd\u25cb\u9ebb\u7684\u4eba\u9060\u8d85\u904e\u4f60\u5011\u60f3\u50cf\uff01\u5168\u5834\u552f\u4e00\u9810\u8a00\u5bb6\uff01\u4e8b\u60c5\u7206\u51fa\u524d\u5176\u5be6\u5c31\u6709\u9810\u544a\u4e86\uff1f\u59cd\u5a1c\u8f14\u52a9\u7206\u70b8\u8f38\u51fa\u76f4\u903cAD\uff01\u4e0b\u8def\u6211\u81ea\u5df1\u4f86Carry\u7adf\u9084\u80fd\u8f38\u55ce\uff01\uff1f"
        },
        {
            "id": "Cdm5e1mEXpA",
            "title": "\u597d\u71d9...\u597d\u71d9.."
        },
        {
            "id": "P7Y9J8FJ3xM",
            "title": "\u3010Stanley\u3011\u548c\u82b1\u8f2a\u6f38\u884c\u6f38\u9060\u539f\u56e0\u7adf\u662f...\uff1f\u9748\u52d5\u4e4b\u820c\u4eba\u6a5f\u4e00\u9ad4\u4e39\u5543\u5947\uff01\u8eab\u70ba\u4e00\u500b\u7d14\u8089\u600e\u9ebc\u53ef\u80fd\u6709\u9019\u7a2e\u50b7\u5bb3\uff01\u6028\u6068\u5b64\u5152\u6230\u65a7\u5169\u4ef6\u5957\uff01\u5230\u5e95\u54ea\u500b\u4e0a\u8def\u6253\u5f97\u8d0f\u6211\u5462\uff1f"
        },
        {
            "id": "LAEzRyZbhtM",
            "title": "\u53f2\u7279\u62c9\u7a00\u624b\u5957\u6709\u6c92\u6709\u770b\u904e\uff1f"
        },
        {
            "id": "cMDjvlyZ30M",
            "title": "\u3010Stanley\u3011\u80d6\u53d4\u53d4\u958b\u7bb1Riot\u7e3d\u90e8\uff01\u5341\u5e74\u524dTPA\u596a\u51a0\u6642\u671f\u7adf\u7136\u5c31\u4f86\u904e\u4e86\uff01\uff1f\u7a76\u7adf\u7576\u5e74\u548c\u73fe\u5728\u6709\u4ec0\u9ebc\u5dee\u5225\u5462\uff1f\u7576\u9762\u8cea\u554f\u62f3\u982d\u5e73\u8861\u5e2b\u4e09\u682a\u6d41\u88ab\u79fb\u9664\u7684\u539f\u56e0\uff01\u54e1\u5de5\u4f11\u9592\u5340\u582a\u6bd4\u5c0f\u578b\u96fb\u73a9\u5834...\u9019\u771f\u7684\u662f\u4f86\u4e0a\u73ed\u7684\u55ce\uff1f"
        },
        {
            "id": "BI1LgH4Auyg",
            "title": "\u91d1\u4eba\uff0b\u982d\u5e36\uff1d\u4e0d\u77e5\u9053\u600e\u9ebc\u6b7b...\u55ce?"
        },
        {
            "id": "tHVqbni_F6g",
            "title": "\u3010Stanley\u3011\u72d7\u982d\u4e0d\u6557\u795e\u8a71...11\u9023\u52dd\u7684\u72d7\u982d\u4eba\u6628\u65e5\u7adf\u6158\u906d\u7d42\u6b62   \u7a76\u7adf\u662f\u4ec0\u9ebc\u539f\u56e0\u5462   \u4eca\u5929\u518d\u4f86check\u770b\u770b"
        },
        {
            "id": "9izjhgXSg1g",
            "title": "\u3010Stanley\u3011\u90aa\u9580\u4e0a\u4e39AD\u963f\u7483\uff01\u968a\u53cb\u8cea\u7591\u7d55\u6d3b\u54e5\u9019\u624b\u9078\u89d2\uff1f\u6575\u65b9\u6709\u4e01\u7279\u6d41\u84cb\u502b\u6253\u91ce\uff01\u9019\u5361\u6851\u5e1d\u4e00\u76f4G8\u6296\u52d5\u4e0d\u7576\u4eba\u554a\uff01\u516d\u6bb5\u4f4d\u79fb\u5404\u7a2e\u62c9\u626f\u6575\u4eba\uff01"
        },
        {
            "id": "3ERYfoKkO2A",
            "title": "\u4f60\u518d\u4e0d\u53eb\u5438\u5976...\u904a\u6232\u8981\u7d50\u675f\u4e86\uff01"
        },
        {
            "id": "ihETNcyqFDY",
            "title": "\u3010Stanley\u301111/17   \u6c92\u4e0a\u5927\u5e2b\u4e0d\u95dc\u53f0  \u665a\u9ede\u7d55\u547d\u96d9\u6392  \u4eca\u5929\u7528\u90aa\u9580\u89d2\u76f4\u4e0a\u5927\u5e2b   \u5982\u679c\u7d55\u547d\u96d9\u6392\u6c92\u51fa\u610f\u5916\u7684\u8a71..."
        },
        {
            "id": "tjhNMndzSHY",
            "title": "\u3010Stanley\u3011\u6211\u771f\u7684\u9577\u5f97\u50cf\u8caa\u5543\u5947\u55ce\uff1f\u7ba1\u7406\u54e1\u8acb\u6c38Ban\u9019\u4f4d\u8aa0\u5be6\u7684\u53f2\u9ed1\uff01\u96c4\u92fc\u9bf0\u9b5a\u4f3c\u7121\u6575\uff01\u5718\u6230\u6b7b\u547d\u625b\u96d9C\uff01\u4e0d\u6575\u767d\u7661\u6536\u5272\u6a5f\uff01\u53ef\u60b2\u80d6\u5b50\u9001\u4e0b\u53bb\uff01"
        },
        {
            "id": "g2WnU2gy00A",
            "title": "\u807d\u8aaa\u51fa\u5e03\u7532\u6bd4\u8f03\u5b89\u5168\u4e00\u9ede"
        },
        {
            "id": "d73pPtjK1O4",
            "title": "\u3010Stanley\u301111/16  \u6025\u901f\u885d\u523a\u5927\u5e2b   \u4e0d\u53ef\u80fd\u9023\u7e8c\u5169\u5929\u90fd\u88ab\u516c\u5b89\u641e\u5427\uff01\uff1f  \u4f5c\u606f\u8abf\u6574\u5931\u6557  \u4e0b\u6b21\u4e00\u5b9a...8\u9ede\u958b"
        },
        {
            "id": "y54NZA2RtB8",
            "title": "\u3010Stanley\u3011\u88dc\u4f4d\u8f14\u52a9\u9078\u62c9\u514b\u7d72\u611f\u5606\u9678\u670d\u4e0b\u8def\u6c34\u5e73\uff01\u4e3b\u64ad\u5e0c\u671b\u4e16\u754c\u8cfd\u97d3\u570bT1\u80fd\u8d0f\uff01\u8f38\u51fa\u578b\u8f14\u52a9\u4e09\u6bba\u7c21\u76f4\u4e0d\u540c\u6c34\u5e73\u7684\u4eba\uff01\u9019\u500bAD\u600e\u9ebc\u4e00\u76f4\u88ab\u96f7\u6b50\u5a1cE\u963f\uff1f\u9023\u593e\u5b50\u90fd\u4e0d\u6703\u63a5\u5dee\u9ede\u4e2d\u98a8\uff01"
        },
        {
            "id": "XsSaTyOj4vE",
            "title": "\u624b\u6307\u592a\u80a5\u4e86..."
        },
        {
            "id": "IhmMpmAAuDg",
            "title": "\u3010Stanley\u301111/15  \u4e0d\u6f14\u4e86  \u90aa\u9580\u4e0a\u55ae\u4eca\u65e5\u76f4\u885d\u5927\u5e2b  \u628a\u8f49\u5b88\u70ba\u653b\u5c0f\u865f\u76f4\u63a5\u539f\u5730\u6276\u6b63"
        },
        {
            "id": "xYaKa3hydfg",
            "title": "\u3010Stanley\u3011\u4e0b\u8def\u8edf\u76ae\u6bba\u624b\uff01\u7b49AD\u8b8a\u6210\u6bad\u5c4d...\u5c31\u662f\u6211\u59cd\u5a1c\u8f14\u52a9\u5316\u8eab\u771fADC\u7684\u6642\u523b\uff01\u9019\u5c31\u662f\u6368\u68c4\u7c89\u773c\u7684\u5b8c\u7f8e\u7406\u7531\uff01\u70ba\u4f55\u5927\u7d55\u4e0d\u62ff\u4f86\u6551\u4eba\u7684\u539f\u56e0\uff1f"
        },
        {
            "id": "E1loshNa0dg",
            "title": "\u4e00\u7b49\u4e94\u6bba\u662f\u4ec0\u9ebc\u6ecb\u5473"
        },
        {
            "id": "8ASyTdOGOjw",
            "title": "\u3010Stanley\u3011\u4e3b\u64ad\u6559\u5b78\u4e0a\u8def\u4e26\u975e\u53ea\u80fdBD\u73a9\u6cd5\uff01\u51f1\u80fdTP\u795e\u652f\u63f4\u968a\u53cb\uff01\u76f4\u64ad\u5230\u4e00\u534a\u7adf\u7136\u6709\u5b30\u5152\u54ed\u8072\uff1f\u5be6\u6cc1\u72d9\u64ca\u624b\u963f\u9418\u53c8\u540c\u968a\uff01\u9ce5\u4eba\u9b3c\u4e4b\u98a8\u7b8f\u628a\u5927\u5abd\u62c9\u626f\u9ebb\u4e86\u4f46\u53c8\u79c0\u51fa\u8d85\u919c\u64cd\u4f5c\uff01\u539f\u4f86\u9001\u982d\u53ea\u662f\u5927\u512a\u52e2\u505a\u6548\u679c\u800c\u5df2\uff01"
        },
        {
            "id": "4T6TZrx3sAI",
            "title": "\u770b\u770b\u8ab0\u6bd4\u8f03\u6703\u5c3e\u5200"
        },
        {
            "id": "BG2g1LuwCNI",
            "title": "\u3010Stanley\u301111/13  \u4e45\u9055\u7d55\u547d\u96d9\u6392   \u53cb\u5b9c\u7684\u5c0f\u8239\u6642\u9694\u591a\u6708\u53c8\u6d6e\u8d77\u4f86\u56c9\uff01   \u4eca\u5929\u548c\u4e01\u7279\u4e00\u8d77\u4e0a\u5927\u5e2b \uff01"
        },
        {
            "id": "iuz62nRckK4",
            "title": "\u3010Stanley\u3011\u81bd\u6562C\u9802\u7d1a\u6c4e\u6c4e\u59d0\u7684\u5976\u5c31\u662f\u88ab1v2!\u900f\u6f0f\u8fd1\u671f\u4e0d\u8ddf\u597d\u5144\u5f1f\u963f\u7279\u96d9\u6392\u7684\u539f\u56e0!\u8089\u8eab\u958b\u5718\u7684\u4e0a\u8def\u5c04\u624b\u4f60\u6709\u898b\u904e\u55ce?\u5718\u6230\u76f4\u63a5\u5316\u8eab\u523a\u5ba2\u6f5b\u884c\u81f3\u6575\u65b9\u5f8c\u6392!"
        },
        {
            "id": "4QI2WMHi1nQ",
            "title": "\u9802\u7d1a\u52a0\u8fb2\u7832\uff0c\u7834\u9632\u7684\u537b\u662f\u81ea\u5df1"
        },
        {
            "id": "mcQy1BveaoY",
            "title": "\u3010Stanley\u301111/12   \u4eca\u5929\u7e7c\u7e8c\u73a9\u6700\u65b0\u90aa\u9580\u4e2d\u7684\u90aa\u9580\u6642\u9418\u4e0a\u55ae  AD\u4e0a\u55ae\u624d\u662f\u771f\u7406  \u552f\u4e00\u652f\u6301Theshy \u6c7a\u8cfd\u7528AD\u4e0a\u8def\u9ede\u7206\u5b99\u65af\u60e1\u85a9\u65af"
        },
        {
            "id": "2C1NZ1R9y5A",
            "title": "\u3010Stanley\u3011\u758a\u66f8\u5766\u514b\u70cf\u8fea\u723e\u906dC\u5976\u9b3c\u4e4b\u4e00\u6253\u4e8c\uff01\u4e0a\u8def\u7dda\u5b8c\u8650\u4f46\u5176\u4ed6\u8def\u53c8\u70b8\u4e86\uff01\u6574\u5834\u628a\u9ede\u71c3\u8cc8\u514b\u65af\u6253\u5230\u53ea\u6703\u5f80\u5f8c\u8df3\uff01\u9802\u7d1a\u9cf3\u51f0\u6d41RR\u76f4\u63a5\u628a\u5c0d\u624b\u70e4\u719f\uff01\u9019\u968a\u53cb\u90fd\u4e0d\u958bR\u6839\u672c\u53f2\u4e39\u5229\u883b\u738b\u5427\uff1f"
        },
        {
            "id": "OfQEY9XgZRE",
            "title": "\u8acb\u544a\u8a34\u6211\u4e0a\u8def\u80fd\u5920\u7e8c\u547d\u7684\u7406\u7531"
        },
        {
            "id": "4tWKSCvXIoI",
            "title": "\u3010Stanley\u3011\u5c6c\u65bc\u8caa\u5543\u5947\u7684\u8a5b\u5492\uff01\u600e\u9ebc\u53ef\u80fd\u628a\u628a\u90fd\u662f\u6557\u5834MVP\uff01\u4e0a\u8def\u9738\u9053\u7684\u6975\u81f4...\u4e0d\u7ba1\u8ab0\u4f86\u90fd\u53ea\u6709\u88ab\u8214\u7684\u4efd\uff01\u4f60\u5011\u53ea\u5269\u4e0b\u4e56\u4e56\u53bb\u5403\u91ce\u602a\u7684\u9078\u64c7\uff01\u541e\u968a\u53cb\u610f\u5916\u767c\u73fe\u8d85\u5f37\u6280\u80fdCOMBO\uff01"
        },
        {
            "id": "I9PDuGwlkNs",
            "title": "\u70cf\u9d09\u5634\u7684\u6700\u9ad8\u5883\u754c"
        },
        {
            "id": "kDSs8dIOxXo",
            "title": "\u3010Stanley\u301111/10   \u76f4\u63a5\u7528\u963f\u7483\u4e00\u53e3\u6c23\u885d\u4e0a\u5927\u5e2b   \u4e0a\u770b\u5b97\u5e2b  \u4e00\u6642\u963f\u7483\u4e00\u6642\u723d  \u4e00\u76f4\u963f\u7483\u4e00\u76f4\u723d"
        },
        {
            "id": "OrJXSotGhtw",
            "title": "\u3010Stanley\u3011\u9802\u7d1a\u667a\u6167\u6d41\u5609\u6587\uff01\u5316\u8eab\u96f7\u9054\u958b\u5716\u6d1e\u5bdf\u4e00\u5207\uff01\u63db\u4f4d\u53bb\u6253\u91ce\u4e5f\u5b78\u5230\u963f\u7279\u4e01\u91cd\u7684\u7cbe\u96a8\u4e86\uff01\u5404\u7a2e\u63d2\u9032\u63d2\u51fa\u6349\u6478\u4e0d\u5b9a\uff01\u4e0d\u9700\u8981\u9760\u64cd\u4f5c\u5168\u9760\u8166\u888b\u7684\u73a9\u6cd5\uff01500KG\u4e00\u5c41\u80a1\u5750\u6b7b\u6575\u4eba\u8ddf\u9b3c\u4e00\u6a23\uff01\uff1f"
        },
        {
            "id": "IgkQBFgA85A",
            "title": "\u4e00\u79d2\u5316\u8eab\u7d71\u795e"
        },
        {
            "id": "3hmtgGFL32M",
            "title": "\u3010Stanley\u301111/9  \u963f\u7483AD  \u5361\u724cAD  \u4e0d\u524a\u53cd\u6539\u5f37   \u5404\u5f0f\u90aa\u9580AD\u89d2\u8272\u628a\u628aCarry  \u516c\u5b89\u4e5f\u4e0d\u53ef\u80fd\u963b\u6b62\u6211\u4e0a\u5206"
        },
        {
            "id": "vjLlB-N0Mg0",
            "title": "\u3010Stanley\u3011Dcard\u53c8\u8981\u767c\u6587\u5634\u6211\u4e86\uff1f\u8d85\u75db\u79d2\u4eba\u8f14\u52a9\u6bad\u5c4d\u59b9\uff01\u4e94\u901f\u978b\u5404\u8def\u6536\u5272\uff01\u653e\u751fAD\u96e3\u9053\u5c31\u662f\u932f\u7684\u55ce\uff1f\u5438\u500b\u5854\u76ae\u90fd\u8981\u88ab\u968a\u53cb\u760b\u72c2Ping\u71c8\uff01\u96e3\u9053\u8f14\u52a9\u5c31\u4e0d\u662f\u4eba\uff1f\u7d93\u6fdf\u5168\u90e8\u90fd\u7d66\u4f60\u5011\uff01\u6211\u7167\u6a23\u53ef\u4ee5Carry\uff01"
        },
        {
            "id": "VEEqRpRW8qs",
            "title": "\u88ab\u6211\u8ffd\u7684\u4eba\uff0c\u6c92\u6709\u4e00\u500b\u80fd\u9003\u6389"
        },
        {
            "id": "EWeKS0gyQYg",
            "title": "\u3010Stanley\u3011\u90aa\u9580\u4e0a\u4e39\u5bd2\u51b0\u7d55\u6d3b\u54e5\uff01\u56db\u53cd\u66f2\u5f13\u5632\u8af7\u5ea6\u6eff\u9ede\uff01\u5438\u5f15\u5c0d\u9762\u5168\u968a\u706b\u529b\uff01\u6559\u4f60\u501119%\u52dd\u7387\u7684\u6233\u89d2\u5982\u4f55\u767c\u63ee\u529f\u7528\uff01\u51b0\u7bad\u6688\u7729\u7de9\u901f\u6436\u8996\u91ce\uff01\u6839\u672c\u5c31\u662f\u5728\u4e0a\u8def\u7684\u8f14\u52a9\uff1f"
        },
        {
            "id": "wuiIpIeYYE0",
            "title": "\u6211\u6709\u5f35\u826f\u8a08\uff0c\u53ef\u60dc\u6c92\u5976\u5438"
        },
        {
            "id": "DFu-kY4Au-0",
            "title": "\u3010Stanley\u3011Faker\u72bd\u51dd\u9644\u9ad4\uff01\u5b64\u8ecd\u596e\u6230\u4e00\u795e\u5e36\u56db\u5751\uff01\u5169\u7b49\u6191\u8457\u7d30\u81a9\u8d70\u4f4d\u8d85\u6b98\u8840\u53cd\u6bba\u845b\u96f7\u592b\uff01\u5384\u85a9\u65af\u660e\u660e\u5c31\u88ab\u6211\u780d\u7206\u4e86\uff01\u70ba\u4ec0\u9ebc\u968a\u53cb\u9084\u53ef\u4ee5\u88ab\u4ed6\u4e09\u9023\u6bba\uff1f\u5343\u842c\u4e0d\u8981\u76f8\u4fe1\u7db2\u8def\u4e0a\u6709\u95dc\u65b7\u98df\u6cd5\u7684\u6587\u7ae0\uff01"
        },
        {
            "id": "9j6f_E7WzBk",
            "title": "\u5b8c\u7f8e\u8a6e\u91cb\u98db\u86fe\u64b2\u706b"
        },
        {
            "id": "g8hYQI592CM",
            "title": "\u3010Stanley\u3011\u6211\u5c31\u662f\u500b\u4e0d\u5c6c\u65bc\u5927\u5e2b\u7684\u4eba\uff01\u628a\u628a\u5148\u9078\u88ab\u5eb7\u7279\u9084\u8981\u5e6b\u968a\u53cb\u64e6\u5c41\u80a1\uff01\u4f86\u5834\u9ce5\u9ce5\u4e4b\u9593\u7684\u5c0d\u6c7a\u5427\uff01\u727d\u5236\u8d85\u786c\u51b0\u5fc3\u7687\u51a0\u9ec3\u91d1\u96de\uff01\u770b\u4f3c\u7121\u8166\u51fa\u88dd\u537b\u6210\u70ba\u908a\u7dda\u5927\u9b54\u738b\uff01"
        },
        {
            "id": "2q7z8M4HUyc",
            "title": "\u6211\u771f\u7684\u6709\u8b8a\u80d6\u55ce\uff1f"
        },
        {
            "id": "2PCAsJG7PIk",
            "title": "\u3010Stanley\u301111/5  \u76f4\u63a5\u7528AD\u963f\u7483\u8f15\u9b06\u4e0a\u5927\u5e2b  \u5404\u5f0f\u90aa\u9580\u4e0a\u55ae\u578b\u4e3b\u64ad  \u53ea\u6709\u99d5\u99db\u54e1\u7684\u6280\u8853gap\u624d\u662f\u771f\u7684"
        },
        {
            "id": "ixcjAE0ORjU",
            "title": "\u3010Stanley\u3011\u9019\u5c31\u662f\u84cb\u502b\u6700\u5f37\u5957\u8def\uff01BDS Adam\u61c9\u8a72\u597d\u597d\u5b78\u4e00\u4e0b\uff01\u53ea\u8981\u5169\u628a\u9ec3\u96d9\u5c31\u50b7\u5bb3\u70b8\u88c2\uff01\u4eab\u53d7\u6975\u81f4\u8dd1\u901f\u908a\u7dda\u99b3\u9a01\u7684\u5feb\u611f\uff01\u80d6\u53d4\u53d4\u4e0d\u7528\u7576\u5175\u7adf\u7136\u662f\u56e0\u70ba\u9577\u76f8\u592a\u87c0...\u55ce\uff1f"
        },
        {
            "id": "qb1LjGn4pNQ",
            "title": "\u5225\u4ee5\u70ba\u8eb2\u5230\u6eab\u6cc9\u5c31\u6bba\u4e0d\u5230"
        },
        {
            "id": "n-dz9qK3U38",
            "title": "\u3010Stanley\u301111/4   \u9802\u7d1aAD\u963f\u7483\u4e0a\u55ae   \u518d\u4e0d\u73a9\u8981\u88ab\u780d\u4e86\u8d95\u7dca\u4f86\u73a9   \u665a\u9ede\u7e7c\u7e8c \u62bd\u7b4b\u6d41\u5361\u724c"
        },
        {
            "id": "MPnR5YMCR3A",
            "title": "\u3010Stanley\u3011\u6389\u5230\u947d\u77f3\u6e96\u5099\u4f86\u5c0b\u627e\u7279\u54e5\u4e86\uff01\u8e66\u8e66\u5b9a\u6642\u70b8\u5f48\uff01\u9760\u8457\u6975\u9748\u8f14\u52a9\u5149\u901f\u91cd\u8fd4\u5927\u5e2b\uff01\u7a69\u4f4f\u4e0b\u8def\u5c31\u8d0f\u4e00\u534a\u4e86\uff01\u4e0a\u8def\u5c31\u7559\u7d66\u90a3\u4e9b\u50bb\u5b50\u73a9\uff01\u770b\u597d\u4e86\uff5e\u9019\u5c31\u662f\u963f\u9418\u8a8d\u8b49\u7684\u5343\u5206\u6642\u9418\uff01"
        },
        {
            "id": "s-8nHnrut8s",
            "title": "\u4e0d\u6b7b\u4e4b\u63e1\u6770\u897f\u53c8\u662f\u8ab0\u6559\u7684"
        },
        {
            "id": "0IQ0WxEMUiA",
            "title": "\u3010Stanley\u301111/4   \u53c8\u88abDDOS\u4e86\u662f\u4e0d\u662f\u8fa3  \u96fb\u8166\u76f4\u63a5\u5f37\u5236\u91cd\u958b\u6a5f"
        },
        {
            "id": "3ttCnJWnQVI",
            "title": "\u3010Stanley\u301111/3  \u72d7\u982d\u4eba\u91cd\u8fd4\u69ae\u8000   \u7121\u60c5\u90fd\u66f4\u4e4b\u591c"
        },
        {
            "id": "3yy4HJ8YMbk",
            "title": "\u3010Stanley\u3011\u9b3c\u4e4b\u53e2\u5203\u6613\u5927\u5e2b\u8f14\u52a9\uff01YT\u754c\u6700\u6c11\u4e3b\u7684\u76f4\u64ad\u53f0...\u7d66\u89c0\u773e\u6295\u7968\u6c7a\u5b9a\u89d2\u8272\uff01\u4ed9\u5973\u5927\u5e2b\u6539\u826f\u7248\uff01\u4e00\u500b\u8f14\u52a9\u903c\u9000\u96d9\u4eba\u7dda\u5718\u6230\u9084\u80fd\u6253\u8f38\uff01\u65e9\u8aaa\u4e86\u9019\u5834\u5fc5\u4e0a\u5927\u5206\uff01"
        },
        {
            "id": "Hg6BEY6Q7xo",
            "title": "\u4f60\u5011\u6709\u770b\u904e\u53ea\u6703\u5c3e\u5200\u7684\u6253\u91ce\u55ce\uff1f"
        },
        {
            "id": "z6HZ6KNXH1A",
            "title": "\u3010Stanley\u301111/2  \u8f49\u6230\u53f0\u670d\uff01  \u9678\u798f\u6cf0\u5641\u5fc3\u4e86  \u53c8\u6f14\u53c8DDOS  \u76f4\u63a5\u56de\u53f0\u670d\u90fd\u66f4  \u770b\u770b\u53f0\u670d\u73fe\u5728\u4ec0\u9ebc\u60c5\u6cc1"
        },
        {
            "id": "Lskj6S1tsSQ",
            "title": "\u3010Stanley\u3011\u53c8\u9047\u5230\u5916\u639b\u4e86\uff01\u6b50\u62c9\u592b\u65a7\u982d\u5fc5\u4e2d\uff01\u5373\u4fbf\u5c0f\u96de\u5168\u88ab\u626d\u6389\u537b\u5c0d\u6211\u7684\u883b\u738b\u6c92\u6709\u4efb\u4f55\u5f71\u97ff\uff01\u9678\u670d\u6f14\u54e1\u592a\u591a...\u80d6\u53d4\u53d4\u8003\u616e\u91cd\u56de\u97d3\u670d\u4e86\uff01\u780d\u6b6a\u5c0d\u9762\u537b\u53ea\u80fd\u63a5\u53d7\u9019\u7a2e\u7d50\u5c40\uff01"
        },
        {
            "id": "tBNCO_wqdzA",
            "title": "\u4ed9\u5973\u5927\u5e2b\u53c8\u662f\u8ab0\u5728\u4e82\u6559"
        },
        {
            "id": "6rtWlaPrVys",
            "title": "\u3010Stanley\u301111/1   \u6211\u88ab\u6f14\u54e1\u5de5\u4f5c\u5ba4DDOS \u662f\u4e0d\u662f\u8fa3\uff01\uff1f"
        },
        {
            "id": "eF2aczqGqVo",
            "title": "\u3010Stanley\u301111/1   \u95dc\u53f0\u96a8\u4fbf\u722c\u5206   \u958b\u53f0\u7121\u9650\u9001\u5206   \u731c\u731c\u770b\u4eca\u5929\u6703\u4e0d\u6703\u53c8\u6709\u6f14\u54e1\u4f86\u9001\u6211\u4e0b\u53bb\uff1f"
        },
        {
            "id": "F7ud-unX-eg",
            "title": "\u3010Stanley\u3011\u5b9b\u5982\u5343\u5206\u597d\u904b\u59d0\u8f14\u52a9\uff01\u8d70\u5230\u54ea\u6bba\u5230\u54ea\uff01\u9023\u7e8c\u9047\u5230\u8a55\u5206\u8d85\u4f4e\u6f14\u54e1\uff01\u5be6\u969b\u884c\u52d5\u8b49\u660e\u73a9\u4e0b\u8def\u8981\u7206\u7dda\u6709\u591a\u96e3\uff01\u4f60\u6562\u76f8\u4fe1\u9019\u9ebc\u5f37\u7684\u89d2\u8272\u53ea\u670941%\u52dd\u7387\uff1f\u4e0a\u8def\u5c31\u662f\u8eba\u5206\u7684\u4eba\u5728\u73a9\u7684\uff01"
        },
        {
            "id": "xPyxgGKe9nw",
            "title": "\u5728YT\u6597\u5167\u7684\u5c0f\u79d8\u8a23"
        },
        {
            "id": "FT0BCWGfN1o",
            "title": "\u3010Stanley\u3011\u62dc\u8a17\u53f2\u4e39\u5229\u4e0d\u8981\u518d\u5439\u81ea\u5df1\u4e86\uff01\u4e0d\u6b7b\u4e4b\u63e1\u5c0f\u63d0\u6469\u6fc0\u6230\u963f\u9418\uff01\u5373\u5c07\u5be6\u73fe\u5927\u5e2b\u9593\u7684\u9ec3\u91d1\u4ea4\u53c9\uff01\u80c3\u4e0d\u8212\u670d\u559d\u500b\u512a\u916a\u4e73\u9084\u80fd\u9019\u9ebc\u8a98\u4eba\uff1f\u8eab\u9ad4\u8ca0\u91cd\u624d\u80fd\u767c\u63ee\u771f\u6b63\u7684\u5be6\u529b\uff01"
        },
        {
            "id": "AuJTTYsElmY",
            "title": "\u6c92\u5927\u7684\u883b\u738b\u9084\u80fd\u5316\u8eab\u4e0d\u6b7b\u6230\u795e\uff1f"
        },
        {
            "id": "rvMPrPTZ6K0",
            "title": "\u3010Stanley\u301110/30   \u8a8d\u771f\u6a21\u5f0fON  \u4eca\u5929\u628a\u4e0a\u79ae\u62dc\u5931\u53bb\u7684\u5206\u6578\u901a\u901a\u8a0e\u56de\u4f86"
        },
        {
            "id": "WqjY0Owidm4",
            "title": "\u3010Stanley\u3011\u81ed\u7063\u7063\u9084\u6562\u6436\u6211\u7684\u72bd\u51dd\uff01\u6b9e\u843d\u6cf0\u5766\u72fc\u4eba\u4e00\u500bR\u76f4\u63a5\u9001\u4f60\u6eab\u6cc9\uff01\u6975\u9650\u58d3\u8840\u7336\u5982\u883b\u738b\u958b\u5927\uff01\u6dfa\u8ac7\u4ee5\u524dYouTube\u751f\u614b\u548c\u73fe\u5728\u7684\u5dee\u5225\uff01\u5ee3\u544a\u8cbb\u5927\u4e0d\u5982\u524d...\u73fe\u5728\u958b\u53f0\u7adf\u7136\u90fd\u662f\u70ba\u4e86\uff1f"
        },
        {
            "id": "Tmapf7jAuH0",
            "title": "\u807d\u8aaa\u6bcf\u500b\u6253\u91ce\u9019\u62db"
        },
        {
            "id": "_6IjpmjTr4U",
            "title": "\u3010Stanley\u3011PSG\u6559\u7df4\u80af\u5b9a\u6c92\u770b\u53f2\u4e39\u5229\u7684\u84cb\u502b\u7cbe\u83ef\uff01\u5c0d\u65bcBDS\u8b93\u4e8c\u8ffd\u4e09\u9006\u8f49\u7684\u770b\u6cd5\uff01\u82b1\u9322\u62bd\u5361\u5c31\u9000\u4e0d\u4e86\u5751\u4e86\uff1f\u80d6\u53d4\u53d4\u6559\u4f60\u6b63\u78ba\u7684\u8ab2\u91d1\u89c0\u5ff5\uff01\u5f9e\u6c89\u6c92\u6210\u672c\u5206\u6790\u5230\u5169\u6027\u4e92\u52d5\uff01\u5b8c\u7f8e\u5256\u6790\u5de5\u5177\u4eba\u7684\u8214\u72d7\u5fc3\u614b\uff01"
        },
        {
            "id": "ZFrbPj7NLmk",
            "title": "\u65b0\u624b\u8a72\u5982\u4f55\u907f\u514d\u88ab\u968a\u53cb\u5634\uff1f"
        },
        {
            "id": "1GmxskzI9AQ",
            "title": "\u3010Stanley\u301110/28  \u8d8a\u6233\u8d8a\u5f37\u578b\u4e0a\u55ae  \u7d55\u5c0d\u4e0d\u53ef\u80fd+75\u5206  \u5148\u4f86\u79c0\u4e00\u624b  \u65b0\u3002\u4ed9\u5973\u6d41\u6613\u5927\u5e2b   \u9678\u670d\u4f4e\u7aef\u767b\u9678\u5668\u641e\u4e86\u6211\u4e00\u500b\u591a\u5c0f\u6642\u624d\u9032\u5230\u904a\u6232"
        },
        {
            "id": "hnh1kWE23MU",
            "title": "\u3010Stanley\u3011\u80fd\u5728\u5927\u5e2b\u5834\u73a9\u63d0\u6469\u628a\u628a\u8d0f\u7dda\u7684\u6709\u5e7e\u500b\u4eba\uff1f\u5cfd\u8c37\u7ad9A\u4e4b\u6700\u8d64\u8173\u5927\u4ed9\uff01\u96d9\u53cd\u66f2\u5f13\u539f\u5730\u8f15\u9b06\u5410\u6b7b\u9b54\u9b25\uff01\u4e3b\u64ad\u6536\u4e86\u4e7e\u5abd170\u4efd\u8a02\u95b1\u6597\u5167\u537b\u5149\u901f\u4e0b\u64ad\uff1f"
        },
        {
            "id": "ixbCleb_cbE",
            "title": "\u883b\u65cf\u4e4b\u738b\uff1f\u6211\u770b\u662f\u883b\u65cf\u4e4b\u6065\u5427"
        },
        {
            "id": "WKXGMt7nlBo",
            "title": "\u3010Stanley\u301110/27   \u4e00\u8a00\u4e0d\u5408\u5c31\u958b\u541e  \u9802\u7d1a\u8caa\u80af\u5947\u6b63\u5f0f\u56de\u6b78  \u80fd\u5766\u80fd\u7d66\u50b7\u5bb3\u53c8\u6709CC\u9084\u80fdBD   \u6025\u901f\u885d\u523a\u5b97\u5e2b"
        },
        {
            "id": "luBLAYudo68",
            "title": "\u3010Stanley\u3011\u5916\u570b\u9023\u9396\u901f\u98df\u5e97\u5927\u4e82\u9b25\uff01\u7f8e\u570b\u7684\u9ea5\u7576\u52de\u7adf\u7136\u6bd4\u53f0\u7063\u7684\u9084\u96e3\u5403\uff1f\u719f\u6089\u7684\u5473\u9053\u6e67\u4e86\u4e0a\u4f86...\u7576\u5e74TPA\u5c31\u662f\u5403\u9019\u9593\u55ce\uff1f\u7adf\u7136\u6709\u6bd4\u5927\u9ea5\u514b\u9084\u8981\u5927\u4e00\u500d\u7684\u6f22\u5821\uff01"
        },
        {
            "id": "1EVaCCNapio",
            "title": "\u9802\u7d1a\u8d99\u4fe1\uff01\u76f4\u63a5\u6233\u6b7b\u81ea\u5df1"
        },
        {
            "id": "Me9CW2f_Ooo",
            "title": "\u3010Stanley\u301110/26  \u9802\u7d1a\u8caa\u80af\u5947\u7121\u60c5\u958b\u8214   \u706b\u4eba\u6253\u91ce\u7684\u6c34\u5e73...\uff1f  \u4eca\u5929\u4f86\u770b\u770b\u8a2d\u8a08\u5e2b\u7684\u8166\u888b\u88e1\u88dd\u4e86\u4ec0\u9ebc\u6771\u897f"
        },
        {
            "id": "6z5O5rf_fJQ",
            "title": "\u3010Stanley\u3011\u81f4\u547d\u7bc0\u594f\u66b4\u529b\u718a\u718a500KG\u5de8\u7378\u58d3\u9802\uff01\u76f4\u64ad\u6f84\u6e05\u8ddf\u963f\u7279\u6c92\u6709\u5435\u67b6\u9084\u662f\u597d\u53cb\uff01\u88ab\u9678\u670d\u6253\u91ce\u968a\u53cb\u7576\u5c0f\u5f1f\u4f7f\u559a\uff1f\u6575\u65b9\u6bad\u5c4d100\u52300\u53ea\u9700\u5169\u79d2\uff01\u9019\u4e09\u4ef6\u88dd\u4e00\u51fa\u76f4\u63a5\u5728\u5c0d\u9762\u9ad8\u5730\u6563\u6b6515\u79d2\uff01"
        },
        {
            "id": "r0gCL6ATr94",
            "title": "\u8b93\u6211\u81f3\u5c11\u628a\u8a71\u8b1b\u5b8c\u5427"
        },
        {
            "id": "_S8yKJhMezw",
            "title": "\u3010Stanley\u301110/25  \u65b7\u98df\u722c\u5206\u6cd5 round2  20\u5c0f\u6642\u672a\u9032\u98df  \u73fe\u5728\u5be6\u529b\u80af\u5b9a\u4e0d\u540c\u51e1\u97ff   \u6f14\u54e1\u4f86\u6211\u4e5f\u6c92\u518d\u6015"
        },
        {
            "id": "E4GstOuGKjk",
            "title": "\u3010Stanley\u3011\u5b64\u5152\u84cb\u502b\u7d55\u5883\u4e4b\u4e0b\u4e00\u6ce2\u9006\u8f49\uff01\u5931\u5e38\u8868\u73fe\u5b9b\u5982\u4e2d\u98a8\u524d\u5146\uff1f\u7adf\u7136\u9078\u932f\u89d2\u9084\u9001\u9996\u6bba\uff1f\u5730\u7344\u958b\u5c40\u4ecd\u5728\u5f8c\u671f\u6253\u51fa\u4e86\u4e0a\u8def\u5dee\u8ddd\uff01\u73fe\u5728\u53ea\u80fd\u7528\u9019\u7a2e\u65b9\u5f0f\u60f3\u5ff5\u7559\u5c3e\u528d\u4e86\uff01"
        },
        {
            "id": "uWW3adw_Iy0",
            "title": "\u83ab\u540d\u5176\u5999\u554a \u9019\u7fa4\u4eba"
        },
        {
            "id": "xRTanV_BOCo",
            "title": "\u3010Stanley\u301110/24  \u4eca\u65e5\u6211\u5c07\u5316\u8eab\u6bad\u5c4d\u4fdd\u59c6\uff01\u93ae\u58d3\u9678\u670d\u4e0b\u9678\u7684\u6bad\u5c4d\u5011\uff01\u73a9\u8f14\u52a9\u96a8\u610f+100\u5206  \u4eba\u90fd\u958b\u6717\u8d77\u4f86\u4e86...\u9760\u81ea\u5df1\u89e3\u9664\u4e0b\u8def\u628a\u628a\u70b8\u7684\u56e7\u5883\uff01"
        },
        {
            "id": "ZzLeJ328uV4",
            "title": "\u3010Stanley\u3011\u9019\u6b21\u5fc3\u614b\u7d55\u5c0d\u4e0d\u80fd\u5d29\uff01\u4e45\u9055\u6c4e\u795e\u4ee5\u4e00\u5c04\u5168\uff01\u7a3d\u67e5\u81ea\u5df1\u610f\u5916\u767c\u73fe\u9019\u89d2\u8272\u52dd\u7387\u8d85\u4f4e\uff01\u6559\u5982\u4f55\u7528\u5fc3\u7406\u5b78\u5206\u6790\u5c0d\u9762\u6253\u91ce\u52d5\u5411\uff01\u5288\u817f\u7684\u7537\u53cb\u60f3\u628aPS5\u8981\u56de\u53bb\u8a72\u600e\u9ebc\u8fa6\uff01\uff1f"
        },
        {
            "id": "U2d-Zk3ndfQ",
            "title": "\u6d1b\u6749\u78ef\u4e00\u665a800\u7f8e\u5143\u7684\u6d77\u666f\u5957\u623f\u5c31\u9019\u6a23\uff1f"
        },
        {
            "id": "mNky4kJ3PLY",
            "title": "\u3010Stanley\u3011\u7cbe\u9032\u4e4b\u77dbCD\u70d9\u5e79\u6d41\u9c77\u9b5a\u738b\uff01\u5316\u8eab\u53cd\u6d3eBOSS\u906d\u5230\u56db\u4eba\u570d\u527f\uff01\u76f4\u63a5\u628a\u5c0d\u9762\u4e0a\u8def\u72bd\u51dd\u6bba\u5230\u9000\u51fa\u904a\u6232\uff01\u968a\u53cb\u56db\u6253\u4e09\u7adf\u7136\u9084\u8f38\uff01\u9019\u9ebc\u9802\u7684\u4e0a\u8def\u4e0d\u914d\u968a\u53cb\u56db\u500b\u8b9a\u55ce\uff1f\u7528\u5c41\u773c\u90fd\u770b\u5f97\u51fa\u4e0a\u8defGAP\u5427\uff01"
        },
        {
            "id": "e5HEngOCM5A",
            "title": "\u4fdd\u5b89 \u600e\u9ebc\u53ef\u4ee5\u8b93\u4eba\u6233\u4e86\u53c8\u6233"
        },
        {
            "id": "qGup20ETstQ",
            "title": "\u3010Stanley\u301110/22  \u8b93\u4f60\u5011\u770b\u770b\u4ec0\u9ebc\u624d\u662f\u771f\u6b63\u7684\u64cd\u4f5c\u602a\u7269   \u4eca\u5929\u53ea\u73a9\u6280\u8853\u89d2\u7259\u5be7   \u674e\u661f  \u4e0d\u8981\u518d\u8aaa\u53f2\u4e39\u5229\u53ea\u6703\u73a9\u7121\u8166\u89d2\u4e86"
        },
        {
            "id": "t5cLt4jVMos",
            "title": "\u3010Stanley\u3011\u7f8e\u570b\u7576\u5730\u6b63\u5b97\u7684\u5df4\u897f\u70e4\u8089M Grill\uff01\u4e00\u4ebaNT$3500\u7684\u70e4\u8089\u5403\u5230\u98fd\u503c\u5f97\u55ce\uff1f\uff01\u9802\u7d1a\u73fe\u70e4\u73fe\u5207\u684c\u908a\u670d\u52d9\uff01\u8089\u98df\u8005\u7684\u5929\u5802\uff0117\u7a2e\u4e0d\u540c\u8089\u985e...\u9023\u96de\u5fc3\u90fd\u80fd\u5403\u7684\u5230\uff01\uff1f"
        },
        {
            "id": "5TJh5wkP0P0",
            "title": "\u9802\u7d1a\u7559\u5c3e\u528d\u76f4\u63a5\u88ab\u6572\u7834\u982d"
        },
        {
            "id": "T93-XxhCbyg",
            "title": "\u3010Stanley\u301110/21  \u6c7a\u5b9a\u6539\u904e\u81ea\u65b0...\u518d\u5ea6\u7576\u56de\u90a3\u500b\u5584\u826f\u4e0d\u5634\u70ae\u7684\u53f2\u4e39\u5229...\uff01\u6eab\u548c\u5c0f\u53f22.0  \u4eca\u5929\u7d55\u4e0d\u5634\u7832\u968a\u53cb  \u5fc3\u614b\u8981\u597d\u624d\u80fd\u8d0f\uff01"
        },
        {
            "id": "SPvGrJbJMHs",
            "title": "\u3010Stanley\u3011\u9802\u7d1a\u543c\u53eb\u6bad\u5c4d\u5c11\u5973\u5e03\u857e\u723e\u4f86\u8972\uff01\u5e6b\u512a\u4e0d\u5e6b\u52a3\u5404\u7a2e\u7cbe\u7f8e\u63a8\u7246\uff01\u6211\u73a9\u6253\u91ce\u5c31\u7d55\u5c0d\u4e0d\u6703\u8b93\u5152\u5b50\u9001\u6389\uff01\u9178\u9178\u7e3d\u6709\u5947\u602a\u8a00\u8ad6\u662f\u4e0d\u662f\u8981\u62ff\u4e09\u51a0\u5634\u4e00\u51a0\uff1f\u4e09\u8173\u76f4\u63a5\u6536\u6389\u6575\u4eba\u8ddf\u9b3c\u4e00\u6a23\uff01"
        },
        {
            "id": "RvHzYUeHPWQ",
            "title": "\u53f2\u4e39\u5229\u6158\u906dDcard\u51fa\u5f81\uff1f"
        },
        {
            "id": "4FTgR9PRpvY",
            "title": "\u883b\u738b\u6975\u81f4\u6263\u5927..."
        },
        {
            "id": "EOQ90I0h1RY",
            "title": "\u3010Stanley\u3011\u5bb6\u4e2d\u706b\u707d\u8b66\u5831\u97ff\u8d77\u4e3b\u64ad\u601d\u8003\u8981\u4e0d\u8981\u9003\uff01\u6975\u5ea6\u5206\u5fc3\u52a3\u52e2\u958b\u5c400/3\u6c4e\u6c4e\u59d0\u80fd\u5426\u529b\u633d\u72c2\u703e\uff1f\u9b3c\u4e4b\u98a8\u7b8f1v3\u63db\u6389\u5169\u4eba\u6575\u968a\u537b\u4e5f\u53ea\u6b7b\u5169\u500b\uff1f\u50c5\u5269\u4e3b\u5821\u7684\u9a5a\u5929\u6230\u5f79\u9760\u53f2\u7279\u62c9\u7a00\u624b\u5957\u91e3\u5230\u5c0d\u624b\uff01"
        },
        {
            "id": "LZhIQU7BGZM",
            "title": "\u968a\u53cb\u8ddf\u80d6\u53d4\u53d4\u90fd\u662f\u9802\u7d1a\u7684..."
        },
        {
            "id": "f6m2Svmdyu4",
            "title": "\u3010Stanley\u301110/19  \u958b\u9001\uff01"
        }
    ]
}