{
    "channel": {
        "title": "\u53cd\u6b63\u6211\u5f88\u9592",
        "id": "UCzjNxGvrqfxL9KGkObbzrmg",
        "customUrl": "@user-vx5bd2fn6y",
        "uploads": "UUzjNxGvrqfxL9KGkObbzrmg"
    },
    "videos": [
        {
            "id": "fCONEAaxOCY",
            "title": "\u3010\u5341\u5206\u4e4b\u4e00\u7684\u611b\u3011\u5982\u4f55\u8ddf\u5973\u53cb\u597d\u597d\u8aaa\u8a71\uff1f\u4ea4\u5f80\u9577\u4e45\u8d70\u4e0b\u53bb\u7684\u65b9\u6cd5\uff01\uff5c\u53cd\u6b63\u6211\u5f88\u9592"
        },
        {
            "id": "d_N0Q_v8ufE",
            "title": "\u3010\u7c73\u87f2\u5132\u5099\u90e8\u3011\u610f\u5916\u767c\u73fe\u5927\u516c\u53f8\u6f0f\u6d1e\uff01\u63ed\u79d8\u5de5\u4f5c\u6253\u6df7\u65b9\u6cd5\uff01\uff5c\u53cd\u6b63\u6211\u5f88\u9592"
        },
        {
            "id": "6F25QdYp02w",
            "title": "\u3010\u5584\u826f\u7684\u7624\u3011\u6b20\u50b5\u6557\u985e\u6253\u5de5\u9084\u50b5\uff01\u4e00\u5fc3\u6c7a\u5b9a\u597d\u597d\u505a\u4eba\uff01\uff5c\u53cd\u6b63\u6211\u5f88\u9592"
        },
        {
            "id": "WsdeI4QjSGM",
            "title": "\u3010\u76f4\u64ad\u4e3b\u4e4b\u4e82\u3011\u76f4\u64ad\u4e3b\u751f\u65e5\u8db4\u72c2\u6b61\uff01\u76f4\u64ad\u4e3b\u80cc\u5f8c\u79d8\u8f9b\u63ed\u79d8\uff01\uff5c\u53cd\u6b63\u6211\u5f88\u9592"
        },
        {
            "id": "6__JfcQWJYI",
            "title": "\u3010\u9b3c\u58d3\u5e8a\u5730\u7344\u3011\u6050\u6016\u539f\u56e0\u5927\u63ed\u79d8\uff01\u9b3c\u58d3\u5e8a\u7834\u89e3\u62db\u6578\uff01\uff5c\u53cd\u6b63\u6211\u5f88\u9592"
        },
        {
            "id": "nwaJaIh2iuE",
            "title": "\u3010\u4ee3\u8cfc\u5e1d\u738b\u3011\u65e5\u672c\u6771\u4eac\u5927\u7206\u8cfa\uff01\u958b\u555f\u5e1d\u738b\u7d1a\u7684\u9738\u696d\uff01\uff5c\u53cd\u6b63\u6211\u5f88\u9592"
        },
        {
            "id": "-681oHY18C4",
            "title": "\u3010\u81ea\u7531\u4e94\u8001\u982d\u3011\u793e\u755c\u7684\u80cc\u6c34\u4e00\u6230\uff01\u7ad9\u5728\u81ea\u7531\u9762\u524d\u7684\u9078\u64c7\uff01\uff5c\u53cd\u6b63\u6211\u5f88\u9592"
        },
        {
            "id": "Ju3MILjC4wE",
            "title": "\u3010\u5927\u98ef\u6876\u3011\u5206\u4eab\u7684\u75db\u82e6\uff01\u53f0\u5317\u516d\u5f35\u7281\u98ef\u6876\u7684\u4e00\u5929\uff01\uff5c\u53cd\u6b63\u6211\u5f88\u9592"
        },
        {
            "id": "4lk7o20e34c",
            "title": "\u3010\u7d71\u7de8\u6230\u58eb\u3011\u4e00\u884c\u773c\u6dda\uff0b\u4e00\u676f\u5b64\u7368\u7684\u9152\uff01\u8001\u95c6\u5fc3\u8179\u7684\u6289\u64c7\uff01\uff5c\u53cd\u6b63\u6211\u5f88\u9592"
        },
        {
            "id": "kqhXQyGF7u0",
            "title": "\u3010\u932f\u611b404\u3011\u9b6f\u86c7\u65b0\u5973\u53cb\uff01\u65e2\u7136\u6211\u611f\u52d5\u4e0d\u4e86\u4f60\uff01\u6211\u5c31\u653e\u904e\u6211\u81ea\u5df1\uff01\uff5c\u53cd\u6b63\u6211\u5f88\u9592"
        },
        {
            "id": "1-ClsJvzpZs",
            "title": "\u3010\u8056\u528d\u6d77\u76dc\u3011\u5de5\u4f5c\u8cac\u4efb\u5236\u5730\u7344\uff01\u5922\u60f3\u85cd\u5716\u4e4b\u8001\u95c6\u7684\u683c\u5c40\uff01\uff5c\u53cd\u6b63\u6211\u5f88\u9592"
        },
        {
            "id": "27xKy-YDJAc",
            "title": "\u3010\u908f\u8f2f\u4fe0\u3011\u8ddf\u524d\u4efb\u898b\u9762\uff01\u908f\u8f2f\u4fe0\u4e4b\u88ab\u907a\u5fd8\u7684\u908f\u8f2f\u5821\u58d8\uff01\uff5c\u53cd\u6b63\u6211\u5f88\u9592"
        },
        {
            "id": "NHM6rGQgAQ8",
            "title": "\u3010\u7c43\u7403\u4e4b\u795e\u3011\u6a4b\u4e0b\u6253\u7403\u88ab\u55c6\uff01\u677e\u5c71\u5340\u7403\u795e\u706b\u7206\u958b\u6253\uff01\uff5c\u53cd\u6b63\u6211\u5f88\u9592"
        },
        {
            "id": "Adjq0LEiI48",
            "title": "\u3010\u5c71\u4e2d\u7684\u8001\u79aa\u3011\u7d42\u65bc\u6296\u5167\u5230\u80fd\u7d04\u51fa\u4f86\uff01\u8207\u8001\u79aa\u7684\u610f\u5916\u9082\u9005\uff01\uff5c\u53cd\u6b63\u6211\u5f88\u9592"
        },
        {
            "id": "mlR7tH1I_bs",
            "title": "\u3010\u89e3\u6688\u8239\u9577\u3011\u66d6\u6627\u5230\u6688\u8239\u7684\u81ea\u6551\u8fa6\u6cd5\uff01\u6688\u8239\u4ed4\u6551\u661f\u7684\u4e00\u5e2d\u8a71\uff01\uff5c\u53cd\u6b63\u6211\u5f88\u9592"
        },
        {
            "id": "AKHQtbkebYM",
            "title": "\u3010\u7d05\u8272\u70b8\u5f48\u4f86\u8972\u3011\u91cd\u5927\u6289\u64c7\uff01\u62dc\u628a\u5144\u5f1f\u7d50\u5a5a\uff01\u4e00\u53e5\u8a71\u7fa9\u6c23\u76f8\u633a\uff01\uff5c\u53cd\u6b63\u6211\u5f88\u9592"
        },
        {
            "id": "-qvrFW-fMHs",
            "title": "\u3010\u95dc\u516c\u5927\u6230\u592a\u7a7a\u4eba\u3011\u6fc0\u60c5\u8aaa\u4f86\u5c31\u4f86\uff01\u6700\u6fc0\u7206\u7684\u81c9\u7d05\u5fc3\u8df3\u6642\u7a7a\u5927\u6c7a\u6230\uff01\u5e36\u9818\u95dc\u96f2\u9577\u98db\u5411\u5b87\u5b99\uff01 \uff5c\u53cd\u6b63\u6211\u5f88\u9592"
        },
        {
            "id": "hJlS0jjdKFk",
            "title": "\u3010\u7f85\u99ac\u7af6\u6280-\u6b50\u6d32\u76c3\u3011\u9078\u624b\u63a5\u53d7\u5fb5\u62db\uff01\u8cac\u7121\u65c1\u8cb8\uff01\u51fa\u570b\u5f81\u6230\uff01\u7537\u5b50\u7532\u7d44\u8077\u696d\u806f\u8cfd\u958b\u5e55\uff01 \uff5c\u53cd\u6b63\u6211\u5f88\u9592"
        },
        {
            "id": "M4E4weEiznM",
            "title": "\u3010\u89e3\u6182\u901a\u9748\u5e2b\u3011\u4ee4\u4eba\u7121\u6cd5\u653e\u4e0b\u7684\u5fc3\u7d50\uff01\u901a\u9748\u5c11\u5e74\u7684\u56f0\u64fe\uff01 \uff5c\u53cd\u6b63\u6211\u5f88\u9592"
        },
        {
            "id": "WJJKBe3b1bg",
            "title": "\u3010\u5916\u661f\u4eba\u63a5\u89f8\u3011\u6355\u7372\u5916\u661f\u4eba\u8a0a\u865f\uff01\u4ee4\u4eba\u7a31\u5947\u7684\u795e\u79d8\u96fb\u6ce2\uff01\uff5c\u53cd\u6b63\u6211\u5f88\u9592"
        },
        {
            "id": "k-G18zCO5KE",
            "title": "\u3010\u5931\u6200\u56db\u5927\u5929\u738b\u3011\u4e5f\u8a31\u5206\u958b\u5c0d\u6211\u5011\u90fd\u597d\uff01\u56db\u7a2e\u8d70\u51fa\u5931\u6200\u7684\u65b9\u6cd5\uff01\uff5c\u53cd\u6b63\u6211\u5f88\u9592"
        },
        {
            "id": "8g8pi690mDU",
            "title": "\u3010\u5730\u4e0b\u5927\u7e3d\u7d71\u3011\u793e\u755c\u52a0\u73ed\u5730\u7344\uff01\u96e3\u4ee5\u5598\u6c23\u7684\u7a92\u606f\u751f\u6d3b\uff01\uff5c\u53cd\u6b63\u6211\u5f88\u9592"
        },
        {
            "id": "iRdn9R3LamU",
            "title": "\u3010\u5a01\u58eb\u5fcc\u6cbc\u6fa4\u3011\u61c9\u916c\u5730\u7344\uff01\u5343\u676f\u4e0d\u9189\uff01\u4e0d\u5012\u7fc1\uff01\u4ea4\u969b\u61c9\u916c\u7684\u559d\u91523\u500b\u6280\u5de7\uff01\uff5c\u53cd\u6b63\u6211\u5f88\u9592"
        },
        {
            "id": "crDlvGuXKuI",
            "title": "\u3010\u8a0e\u53ad\u7684\u6cb3\u7ae5\u3011\u6cb3\u4e2d\u7cbe\u9748\u73fe\u8eab\uff01\u8ddf\u8457\u795e\u79d8\u6cb3\u7ae5\u4f86\u5834\u5c71\u6797\u5192\u96aa\uff01\uff5c\u53cd\u6b63\u6211\u5f88\u9592"
        },
        {
            "id": "IHTF4vX9d6g",
            "title": "\u3010\u611b\u7684\u6642\u5149\u96a7\u9053\u3011\u60c5\u8da3\u7528\u54c1\u5e97\u7684\u54e1\u5de5\u798f\u5229\uff01\u4e58\u8457\u6642\u5149\u65c5\u884c\uff01\uff01\u611f\u60c5\u633d\u56de\u5c08\u5bb6\uff01\uff01\uff5c\u53cd\u6b63\u6211\u5f88\u9592"
        }
    ]
}