{
    "video_info": {
        "id": "GZNj_okxBtA",
        "channelTitle": "\u5b89\u557e\u54aa",
        "title": "\u9b54\u6cd5\u73a9\u5177\u4e8c\u4ee3\ud83d\udd2e\u795e\u79d8\u9b54\u6cd5\u6c34\u6676\u7403\uff01\u6700\u5931\u63a7\u7684\u73a9\u5177\u958b\u7bb1\ud83e\udd23 feat.@What-AllBlow-Mean | \u5b89\u557e (\u309d\u2200\uff65) \u2661",
        "description": "\u8b1d\u8b1d\u5927\u8b19&\u5f65\u5112 a.k.a \u4ec0\u9ebc\u610f\u601d\n\u548c\u5b89\u8001\u5e2b\u4e00\u8d77\u4f86\u4e0a\u9b54\u5492\u8ab2\n\n\u5927\u5bb6\u4e5f\u4e0d\u80fd\u932f\u904e\u4ec0\u9ebc\u610f\u601d\u7684\u983b\u9053 \u770b\u6211\u5011\u66f4\u591a\u53ef\u611b\u73a9\u5177\u958b\u7bb1\uff01\uff01\u21e9\u21e9\nhttps://youtu.be/RwETN--06us\n\n\u27ab \u8a02\u95b1\u5b89\u557e\uff1ahttps://goo.gl/KmLFgD\n\u27ab \u5b89\u557eIG\uff1ahttps://www.instagram.com/anjouclever/\n\u27ab \u5b89\u557eFB\uff1ahttps://www.facebook.com/anjoupikachu/\n\ud83d\udc39 \u73a9\u5177\u958b\u7bb1\u5168\u96c6\uff1ahttps://goo.gl/91ulRJ",
        "likeCount": "6300",
        "commentCount": "146",
        "viewCount": "143248"
    },
    "comments": [
        {
            "reply_id": "UgxzzZy3TNINNTnJqX54AaABAg",
            "reply_content": "\u5b89\u557e\u7684\u6a23\u5b50\u4e0d\u540c\u4e86",
            "likeCount": 11
        },
        {
            "reply_id": "UgzA7K3phFRPXGDmby54AaABAg",
            "reply_content": "\u4e09\u500b\u4eba\u4e00\u8d77\u5687\u4e00\u8df3\u771f\u7684\u8981\u7b11\u6b7b",
            "likeCount": 11
        },
        {
            "reply_id": "Ugy3JABCzvisGo4Tg1V4AaABAg",
            "reply_content": "\u5e0c\u671b\u5927\u8b19\u5f65\u5112\u53ef\u4ee5\u7576\u56fa\u5b9a\u4f86\u8cd3",
            "likeCount": 6
        },
        {
            "reply_id": "UgxRLrgIwXxASsXPnY14AaABAg",
            "reply_content": "\u9019\u7d44\u5408\u5fc5\u9808\u6210\u70ba\u4e00\u500b\u7cfb\u5217",
            "likeCount": 5
        },
        {
            "reply_id": "UgwMR7qqqpDTVfTA5BZ4AaABAg",
            "reply_content": "\u597d\u68d2\u7684\u7d44\u5408",
            "likeCount": 3
        },
        {
            "reply_id": "UgywH7DaKww-KuI5MhV4AaABAg",
            "reply_content": "\u597d\u559c\u6b61\u9019\u96c6",
            "likeCount": 3
        },
        {
            "reply_id": "Ugw8GCbupnpjiiZPxOV4AaABAg",
            "reply_content": "\u5b8c\u5b8c\u5168\u5168\u53ef\u4ee5\u770b\u51fa\u5b89\u557e\u88ab\u5169\u500b\u5927\u7537\u4eba\u6b3a\u8ca0\u7684\u611f\u89ba\ud83d\ude02",
            "likeCount": 2
        },
        {
            "reply_id": "UgwRHT1TbskeIjnHoGR4AaABAg",
            "reply_content": "\u88ab\u6f14\u7b97\u6cd5\u5e36\u4f86\u9019\u88e1 \u771f\u7684\u597d\u4e45\u6c92\u770b\u5b89\u557e\u7684\u5f71\u7247\u4e86",
            "likeCount": 2
        },
        {
            "reply_id": "UgwftcJOgE_VqymbG9R4AaABAg",
            "reply_content": "\u9019\u96c6\u597d\u6709\u8da3\u54c8\u54c8",
            "likeCount": 1
        },
        {
            "reply_id": "Ugy7F_5k2-VX3c1FvHl4AaABAg",
            "reply_content": "\u771f\u7684\u8981\u7b11\u6b7b",
            "likeCount": 1
        },
        {
            "reply_id": "UgxqZq693Cv0Iu8n05x4AaABAg",
            "reply_content": "\u592a\u9017\u8da3\u4e86",
            "likeCount": 1
        },
        {
            "reply_id": "UgzqN0uZYz9zkuEV1Rt4AaABAg",
            "reply_content": "\u5f69\u8679\u56ca\u888b\u504f\u66b4\u529b",
            "likeCount": 0
        },
        {
            "reply_id": "UgyE3sGctSl8-eLCQm54AaABAg",
            "reply_content": "\u5b89\u557e\u597d\u53ef\u611b",
            "likeCount": 0
        },
        {
            "reply_id": "UgxeDIAtBfF48glUbRN4AaABAg",
            "reply_content": "\u5f9e\u982d\u7b11\u5230\u5c3e\u6b38\u600e\u9ebc\u56de\u4e8b",
            "likeCount": 0
        },
        {
            "reply_id": "Ugzq-_VNBtveVMzKwUZ4AaABAg",
            "reply_content": "\u591a\u7d44\u5408\u62dc\u8a17",
            "likeCount": 0
        },
        {
            "reply_id": "Ugxcjsbt3H1GB8lZcAF4AaABAg",
            "reply_content": "\u5b89\u557e\u88ab\u6574\u4f01\u5283",
            "likeCount": 0
        },
        {
            "reply_id": "UgwLlkmfMBAxkjQdiMZ4AaABAg",
            "reply_content": "",
            "likeCount": 0
        },
        {
            "reply_id": "UgwXUhxnpu9lODgH9NR4AaABAg",
            "reply_content": "\u9019\u662f\u4ec0\u9ebc\u6975\u81f4\u7d14\u6f54\u8207\u6975\u81f4\u6df7\u6c8c\u7684\u9023\u52d5",
            "likeCount": 1905
        },
        {
            "reply_id": "UgxEBImxup8B8PgKv_R4AaABAg",
            "reply_content": "\u9019\u500b\u7d44\u5408\u592a\u5b8c\u7f8e\u4e86\u5566\u8d85\u597d\u7b11",
            "likeCount": 96
        },
        {
            "reply_id": "Ugw57vJirRZrARMbauJ4AaABAg",
            "reply_content": "\u6551\u547d\u54c8\u54c8\u54c8\u9019\u500b\u7d44\u5408",
            "likeCount": 8
        }
    ]
}