{
    "video_info": {
        "id": "rd6MR7XL9EA",
        "channelTitle": "\u5b89\u557e\u54aa",
        "title": "\u516c\u958b\u6771\u4eac\u7559\u5b78\u7684\u751f\u6d3b\uff01\u9019\u88e1\u9084\u662f\u593e\u5a03\u5a03\u5929\u5802\uff5e\uff01\uff1f| \u5b89\u557e (\u309d\u2200\uff65) \u2661",
        "description": "\u5145\u6eff\u56de\u61b6\u7684\u6c60\u888b\u4e4b\u65c5\u30fd(*\u00b4\u0437\uff40*)\uff89\n\n\u65e5\u672c\u862d\u8afe\u8863\u7269\u6297\u83cc\u82b3\u9999\u8c46\n\u73fe\u5728\u53f0\u7063\u5404\u5927\u901a\u8def\u90fd\u8cb7\u5f97\u5230\u56c9\uff5e\uff5e\n\u6f6e\u6fd5\u7684\u51ac\u5929\u5373\u5c07\u5230\u4f86\n\u8d95\u7dca\u4f86\u9ad4\u9a57\u770b\u770b\uff01\uff01\nhttps://lihi2.cc/UK4DS\n\n\u27ab \u8a02\u95b1\u5b89\u557e\uff1ahttps://goo.gl/KmLFgD\n\u27ab \u5b89\u557eIG\uff1ahttps://www.instagram.com/anjouclever/\n\u27ab \u5b89\u557eFB\uff1ahttps://www.facebook.com/anjoupikachu/\n\ud83d\udc39 \u73a9\u5177\u958b\u7bb1\u5168\u96c6\uff1ahttps://goo.gl/91ulRJ",
        "likeCount": "3999",
        "commentCount": "143",
        "viewCount": "174106"
    },
    "comments": [
        {
            "reply_id": "UgxR-HcsQFwIgPEitE54AaABAg",
            "reply_content": "\u5b89\u557e\u6559\u4e3b\u771f\u7684\u662f\u65e5\u672c\u719f\u9580\u719f\u8def",
            "likeCount": 3
        },
        {
            "reply_id": "UgwzeP8Rxppvh_RroRZ4AaABAg",
            "reply_content": "\u600e\u9ebc\u89ba\u5f97\u5b89\u557e\u7684\u773c\u775b\u8ddf\u4e4b\u524d\u4e0d\u4e00\u6a23\uff1f\u662f\u599d\u7684\u554f\u984c\u55ce",
            "likeCount": 3
        },
        {
            "reply_id": "UgznwpX25VBu-2iitKR4AaABAg",
            "reply_content": "\u5f71\u7247\u4e2d\u7684\u5b89\u557e\u611f\u89ba\u6c92\u4ec0\u9ebc\u7cbe\u795e",
            "likeCount": 2
        },
        {
            "reply_id": "UgxyyyeTg4pLH4P3H094AaABAg",
            "reply_content": "\u9019\u8863\u670d\u8b93\u4eba\u9a5a\u8c54",
            "likeCount": 2
        },
        {
            "reply_id": "Ugzrn_c4qEYylc9i2RR4AaABAg",
            "reply_content": "\u5b89\u557e\u597d\u53ef\u611b\u670d\u88dd\u597d\u53ef\u611b",
            "likeCount": 1
        },
        {
            "reply_id": "Ugwfx439OFL12srj1VF4AaABAg",
            "reply_content": "\u8b1d\u8b1d\u5b89\u557e\u7e3d\u662f\u5e36\u7d66\u6211\u5011\u6b61\u6a02\u7684\u5f71\u7247",
            "likeCount": 0
        },
        {
            "reply_id": "UgzP365xJV7sIE98yy94AaABAg",
            "reply_content": "\u597d\u68d2",
            "likeCount": 0
        },
        {
            "reply_id": "Ugy0EPvIr6QWIjocqPd4AaABAg",
            "reply_content": "\u7121\u60c5\u5de5\u5546\u734e",
            "likeCount": 0
        },
        {
            "reply_id": "Ugyv7_w_zGKJARZNvN14AaABAg",
            "reply_content": "\u904b\u6c23\u592a\u597d\u4e86",
            "likeCount": 0
        },
        {
            "reply_id": "Ugw_uX1TPqI-7M2QfJh4AaABAg",
            "reply_content": "\u5b89\u557e\u8ddf\u53ef\u611b\u7684\u5c0f\u6d63\u718a\u597d\u642d",
            "likeCount": 0
        },
        {
            "reply_id": "UgwrlUaWDRB0C1iIMvF4AaABAg",
            "reply_content": "\u65b0\u6d77\u8aa0\u96fb\u5f71\u771f\u7684\u5f88\u68d2",
            "likeCount": 0
        },
        {
            "reply_id": "UgySQQ8_YnrK4deRzYV4AaABAg",
            "reply_content": "\u771f\u68d2",
            "likeCount": 0
        },
        {
            "reply_id": "Ugz033wLlFaFDHiiO6l4AaABAg",
            "reply_content": "\u5c0f\u5361\u6bd4\u7626\u662f\u4e0d\u662f\u5c0f\u667a\u89ba\u5f97\u5b83\u592a\u80d6\u53eb\u5b83\u6e1b\u80a5\u6240\u8b8a\u6210\u9019\u6a23\u7684?",
            "likeCount": 0
        },
        {
            "reply_id": "Ugy80-2NbijxRgkzjyh4AaABAg",
            "reply_content": "\u5b89\u5b89",
            "likeCount": 0
        },
        {
            "reply_id": "UgzTW_hY271I0uSkkQR4AaABAg",
            "reply_content": "\u5b89\u557e\u53ef\u4ee5\u8acb\u4f60\u5e6b\u5fd9\u63a8\u85a6\u6771\u4eac\u597d\u73a9\u7684\u666f\u9ede\uff0c\u8f2a\u6905\u65b9\u4fbf\u7684\u5730\u65b9",
            "likeCount": 0
        },
        {
            "reply_id": "UgzReDnNEmGmER3SJHZ4AaABAg",
            "reply_content": "\u6211\u4e5f\u597d\u60f3\u53bb",
            "likeCount": 0
        },
        {
            "reply_id": "Ugyr6ZUp-WoUsm5xBl94AaABAg",
            "reply_content": "\u5b89\u557e\u662f\u4e0d\u662f\u5272\u96d9\u773c\u76ae\u4e86",
            "likeCount": 19
        },
        {
            "reply_id": "UgxBokOEGp8dWXphsAp4AaABAg",
            "reply_content": "\u4e00",
            "likeCount": 1
        },
        {
            "reply_id": "UgyO-cHQ1XIHd3UPz5R4AaABAg",
            "reply_content": "\u6211\u4ee5\u524d\u53bb\u65e5\u672c\u7684\u540d\u53e4\u5c4b\u548c\u672d\u5e4c\u5e02\u904a\u73a9\uff0c\u8ddf\u5bb6\u4eba",
            "likeCount": 0
        }
    ]
}