{
    "video_info": {
        "id": "ym2ukxiJ3Zo",
        "channelTitle": "\u5b89\u557e\u54aa",
        "title": "\u5317\u6d77\u9053\u8d85\u4eba\u6c23\u661f\u91ce\u6ed1\u96ea\u5ea6\u5047\u6751\uff01\u6d6a\u6f2b\u96ea\u666f\u548c\u8d85\u5927\u5ba2\u623f\u7684\u96e3\u5fd8\u4eab\u53d7\u2744\ufe0f  | \u5b89\u557e (\u309d\u2200\uff65) \u2661",
        "description": "\u7b2c\u4e00\u6b21\u8e0f\u4e0a\u5317\u6d77\u9053\u9019\u584a\u571f\u5730\u5c31\u611b\u4e0a\n\u9019\u6b21\u5165\u4f4f\u661f\u91ceTOMAMU\u5ea6\u5047\u6751\u7684RISONARE\n\u5bec\u655e\u5230\u4ee5\u70ba\u81ea\u5df1\u5728\u5317\u6d77\u9053\u7f6e\u7522....\n\n\u27ab \u8a02\u95b1\u5b89\u557e\uff1ahttps://goo.gl/KmLFgD\n\u27ab \u5b89\u557eIG\uff1ahttps://www.instagram.com/anjouclever/\n\u27ab \u5b89\u557eFB\uff1ahttps://www.facebook.com/anjoupikachu/\n\ud83d\udc39 \u73a9\u5177\u958b\u7bb1\u5168\u96c6\uff1ahttps://goo.gl/91ulRJ",
        "likeCount": "2829",
        "commentCount": "83",
        "viewCount": "115106"
    },
    "comments": [
        {
            "reply_id": "UgzsLMQ6phcZMmEfK5F4AaABAg",
            "reply_content": "\u54c7\u80fd\u5728\u5f71\u7247\u4e2d\u770b\u5230\u5922\u5e7b\u7684\u96ea\u767d\u4e16\u754c\u771f\u958b\u5fc3\ud83d\ude0a\u9084\u80fd\u5728\u767d\u96ea\u4e16\u754c\u9a0e\u99ac\u60a0\u904a\u81ea\u5728\u7684\u4eab\u53d7\u6bcf\u500b\u4eba\u671f\u5f85\u7684\u51b0\u96ea\u4e16\u754c\ud83d\ude0a",
            "likeCount": 2
        },
        {
            "reply_id": "Ugz2UHam8FO6Wz-EQRN4AaABAg",
            "reply_content": "\u6240\u4ee5\u5c0f\u5c0f\u557e\u662f\u8ab0\u554a",
            "likeCount": 2
        },
        {
            "reply_id": "UgyOUEHdGWuC_e-sDxB4AaABAg",
            "reply_content": "\u982d\u9999",
            "likeCount": 2
        },
        {
            "reply_id": "UgxTcDgva1QaC5z9Ry14AaABAg",
            "reply_content": "\u6211\u600e\u9ebc\u89ba\u5f97\u611f\u89ba\u5728\u5929\u5802\u4e0d\u662f\u56e0\u70ba\u5728\u96f2\u6d77\u4e0a\u5403\u96f2\u6735\u9ede\u5fc3\uff0c\u662f\u56e0\u70ba\u6709\u5b89\u557e\u52d2",
            "likeCount": 1
        },
        {
            "reply_id": "Ugz8OU585IuI07AAEn54AaABAg",
            "reply_content": "\u5b89\u557e\u9019\u90e8\u756b\u9762\u984f\u8272\u771f\u7684\u597d\u7f8e\u770b\u5f97\u597d\u8212\u670d",
            "likeCount": 1
        },
        {
            "reply_id": "Ugw0ZiRJusD0E8hePtF4AaABAg",
            "reply_content": "\u982d\u9999",
            "likeCount": 1
        },
        {
            "reply_id": "UgyMEuCDH5xQ8d4PNOp4AaABAg",
            "reply_content": "\u96d9\u99ac\u5c3e\u5f88\u53ef\u611b",
            "likeCount": 0
        },
        {
            "reply_id": "UgxbpRgHDdvfHadP4zR4AaABAg",
            "reply_content": "\u53ef\u611b\u7684\u5b89\u557e",
            "likeCount": 0
        },
        {
            "reply_id": "UgxVLA_1QVjLvDV_dUh4AaABAg",
            "reply_content": "\u9700\u8981\u591a\u5c11\u9322",
            "likeCount": 0
        },
        {
            "reply_id": "UgyjS1vXCfCV7hG_WjN4AaABAg",
            "reply_content": "\u597d\u60f3\u53bb\u554a\u554a\u554a",
            "likeCount": 0
        },
        {
            "reply_id": "Ugwxv7SGsydE7Nv_DWl4AaABAg",
            "reply_content": "\u5b89\u557e\u8ddf\u5c0f\u5c0f\u557e\u90fd\u597d\u53ef\u611b",
            "likeCount": 0
        },
        {
            "reply_id": "Ugy6N7faKTxeFv--rlt4AaABAg",
            "reply_content": "\u96ea\u666f\u771f\u7684\u8d85\u7f8e",
            "likeCount": 0
        },
        {
            "reply_id": "UgyAUGQTh1MyqzP6pTh4AaABAg",
            "reply_content": "\u5c31\u662f\u611b\u770b\u5b89\u63ea\u4e0a\u65b0\u7247",
            "likeCount": 0
        },
        {
            "reply_id": "Ugw5XoCIYZ6YgcKFYbd4AaABAg",
            "reply_content": "\u53ef\u611b",
            "likeCount": 0
        },
        {
            "reply_id": "UgxqpY2s7PkafirXaWJ4AaABAg",
            "reply_content": "\u597d\u597d\u5594\u80fd\u5728\u5317\u6d77\u9053",
            "likeCount": 0
        },
        {
            "reply_id": "UgwTpemNPtNFeqmpu754AaABAg",
            "reply_content": "\u770b\u5b8c\u771f\u7684\u5f88\u7f8e\u597d\u60f3\u7a7f\u8457\u77ed\u8896\u77ed\u8932\u53bb\u5317\u6d77\u9053\u770b\u96ea\u800c\u4e14\u6ed1\u96ea\u5834\u770b\u8d77\u4f86\u5f88\u597d\u73a9",
            "likeCount": 0
        },
        {
            "reply_id": "UgwGEnC6pisJS-FG-SF4AaABAg",
            "reply_content": "\u8d8a\u4f86\u8d8a\u7f8e\u4e86",
            "likeCount": 0
        },
        {
            "reply_id": "UgwUNPiOq2dy6cboght4AaABAg",
            "reply_content": "\u539f\u4f86\u662f\u7761\u6d74\u5ba4\u554a",
            "likeCount": 0
        }
    ]
}