{
    "channel": {
        "title": "\u767d\u7661\u516c\u4e3b",
        "id": "UCJWXJTaLqI5KBnJuaXbCaTg",
        "customUrl": "@atiendai",
        "uploads": "UUJWXJTaLqI5KBnJuaXbCaTg"
    },
    "videos": [
        {
            "id": "YQLYYXiLX90",
            "title": "#\u540d\u5075\u63a2\u67ef\u5357 \u6700\u5927\u8b0e\u5718\uff1a\u5c0f\u862d\u89d2\u7684\u7531\u4f86\uff5c\u767d\u7661\u516c\u4e3b"
        },
        {
            "id": "I7PbBKwMsj0",
            "title": "\u6240\u4ee5\u70ba\u4ec0\u9ebc\u8981\u7d50\u5a5a\uff1f\uff5c\u767d\u7661\u516c\u4e3b #\u9ed1\u9b54\u5973"
        },
        {
            "id": "Ay2XfV1OAdY",
            "title": "\u4f60\u662f\u88ab\u5df2\u8b80\u4e0d\u56de\u7684\u4eba\u9084\u662f\u95b1\u5f8c\u4e0d\u7406\u5225\u4eba\u7684\u4eba\u5462\uff1f\uff5c\u767d\u7661\u516c\u4e3b"
        },
        {
            "id": "g8a9jiSj4yk",
            "title": "400\u842c\u50b3\u5bb6\u5bf6\u5178\u7576\u53ef\u4ee5\u63db\u591a\u5c11\u9322\uff1f\uff5c\u767d\u7661\u516c\u4e3b"
        },
        {
            "id": "Vk_vSWLduD8",
            "title": "\u6e96\u5230\u6bdb\u9aee\u8c4e\u76f4\u7684\u661f\u76e4\uff1f3\u5e74\u5f8c\u6709\u5927\u904b\uff01@user-zv5mb1yr4j\uff5c\u767d\u7661\u516c\u4e3b"
        },
        {
            "id": "aBvu00cVIxw",
            "title": "\u7537\u660e\u661f\u5011\u9858\u610f\u70ba\u85dd\u8853\u72a7\u7272\u591a\u5c11\uff1f\uff5c\u767d\u7661\u516c\u4e3b #\u66fe\u656c\u9a4a #\u5f35\u8ed2\u777f #\u4fee\u6770\u6977 #\u6b64\u6642\u6b64\u523b"
        },
        {
            "id": "EIfD7gTVJn8",
            "title": "\u6700\u559c\u6b61\u5c0f\u6afb\u4e86\u2764\ufe0f\uff5c\u767d\u7661\u516c\u4e3b #\u5eab\u6d1b\u9b54\u6cd5\u4f7f"
        },
        {
            "id": "Ww1Z2Qf5ALo",
            "title": "\u9032\u64ca\u7684\u5de8\u4eba\u96b1\u85cf\u7248\u7d50\u5c40\uff1f\uff5c\u767d\u7661\u516c\u4e3b"
        },
        {
            "id": "2Vp_wVRJDSg",
            "title": "\u78b0\u5230\u68d2\u72c0\u7269\u5c31\u6703\u660f\u8ff7\u7684\u7761\u7f8e\u4eba\uff1f\uff5c\u767d\u7661\u516c\u4e3b #\u7761\u7f8e\u4eba"
        },
        {
            "id": "0xrHJ2eZ7AA",
            "title": "\u64da\u8aaa\u7f8e\u51b4\u662f\u4eba\u751f\u52dd\u5229\u7d44\uff5c\u767d\u7661\u516c\u4e3b #\u881f\u7b46\u5c0f\u65b0"
        },
        {
            "id": "Y9CzbMZfUeo",
            "title": "\u70ba\u4ec0\u9ebc\u7e3d\u662f\u5c0d\u5bb6\u4eba\u6c92\u8010\u5fc3\uff5c\u767d\u7661\u516c\u4e3b #\u6211\u5011\u9019\u4e00\u5bb6"
        },
        {
            "id": "B_g3ozmm9h8",
            "title": "\u5c0f\u6642\u5019\u7684\u60e1\u5922\uff5c\u767d\u7661\u516c\u4e3b #\u842c\u8056\u7bc0 #\u6d77\u5e95\u7e3d\u52d5\u54e1"
        },
        {
            "id": "9CMTtgJlT2I",
            "title": "\u91cf\u9ad4\u91cd\uff01\u76f4\u63a5\u516c\u958b\u6578\u5b57\u6c92\u5728\u6015\uff01\u8d70\u9418\u734e\u5f8c\u53f0\u7a81\u64ca @walkbelljohn \uff5c\u767d\u7661\u516c\u4e3b"
        },
        {
            "id": "iaHdecTinmk",
            "title": "\u5477\u9eb5\u5973\u90ce\u4f86\u4e86\uff5c\u767d\u7661\u516c\u4e3b #\u5047\u9762\u5973\u90ce"
        },
        {
            "id": "XYg3SlYhKHs",
            "title": "\u50f9\u9322\u5dee3\u500d\uff1f\uff01\u76f4\u63a5\u98db\u8d8a\u5357\u9ad4\u9a57\u6b63\u5b97\u8d8a\u5f0f\u6d17\u9aee Ft.TKLAB\uff5c\u767d\u7661\u516c\u4e3b"
        },
        {
            "id": "q6iL6170tYI",
            "title": "\u4f60\u4ed6\u55b5\u7684\u4e0d\u8981\u904e\u4f86\uff5c\u767d\u7661\u516c\u4e3b"
        },
        {
            "id": "ojXyoDCKvuA",
            "title": "\u9ad8\u6eab35\u5ea6\u8857\u982d\u8209\u724c\u767c\u50b3\u55ae\uff01\u8ddf\u8521\u54e5\u6fd5\u900f\u5230\u5766\u8aa0\u76f8\u898b...ft. @coolmantsai \uff5c\u767d\u7661\u516c\u4e3b"
        },
        {
            "id": "KVy9T6y49Jg",
            "title": "\u6211\u518d\u4e5f\u4e0d\u76f8\u4fe1AI\u4e86\uff5c\u767d\u7661\u516c\u4e3b"
        },
        {
            "id": "9F7Xw_xJ80M",
            "title": "\u7576\u4f60\u5728Tinder\u88ab\u5de6\u6ed1\u2026"
        },
        {
            "id": "ohDZc339y8U",
            "title": "\u6709\u9019\u6a23\u7684\u5c0f\u5b69\u9084\u771f\u4e0d\u77e5\u9053\u600e\u9ebc\u8fa6\u2026"
        },
        {
            "id": "2HtcitjgVMU",
            "title": "\u5929\u7afa\u9f20\u8eca\u8eca\u7206\u7d05\u537b\u5e36\u4f86\u68c4\u990a\u6f6e\uff1f\u5009\u9f203\u500b\u6708\u80fd\u7522\u767e\u96bb\u5f8c\u4ee3...\uff5c\u767d\u7661\u516c\u4e3b"
        },
        {
            "id": "L_2WlQN7KO4",
            "title": "\u4ea4\u7537\u53cb\u5931\u6557\u600e\u9ebc\u8fa6\uff5c\u767d\u7661\u516c\u4e3b #\u6234\u79c0\u751c"
        },
        {
            "id": "2WpmB_CbYjg",
            "title": "\u8cfc\u7269\u4e5f\u80fd\u770b\u51faMBTI\uff1f \u539f\u4f86\u9019\u7a2e\u4eba\u683c\u5bb9\u6613\u885d\u52d5\u6d88\u8cbb\uff01ft. @howfunofficial \uff5c\u767d\u7661\u516c\u4e3b"
        },
        {
            "id": "qawO8CxdCXc",
            "title": "\u963f\u59e8\u6211\u4e0d\u60f3\u52aa\u529b\u4e86\uff5c\u767d\u7661\u516c\u4e3b"
        },
        {
            "id": "X-wW9wUdRX0",
            "title": "\u592f\u6d77\u738b\u771f\u4eba\u7248\uff01\uff1f\uff5c\u767d\u7661\u516c\u4e3b #cosplay #\u822a\u6d77\u738b #onepiece"
        }
    ]
}