{
    "video_info": {
        "id": "-qxPrPTv5xI",
        "channelTitle": "\u97d3\u52fe\u311f\u91d1\u91dd\u83c7 \ucc10\uca50\uafb8",
        "title": "\u53f0\u7063\u5e02\u5834\u539f\u4f86\u9019\u9ebc\u597d\u901b\u5594\uff1f\u97d3\u570b\u9109\u5df4\u4f6c\u901b\u6700\u73fe\u4ee3\u5316\u7684\u50b3\u7d71\u5e02\u5834\ud83d\udd25\u4e0d\u53ef\u601d\u8b70\u4fbf\u5b9c\u597d\u5403\u7684\u7f8e\u98df\u8857\uff5c\u97d3\u52fe\u311f\u91d1\u91dd\u83c7 \ucc10\uca50\uafb8",
        "description": "#\u5357\u9580\u5e02\u5834 #\u53f0\u7063\u5e02\u5834 #\u597d\u597d\u5403 #\u725b\u8089\u9eb5\n\u725b\u8089\u9eb5\u8981\u5403 #\u904e\u5e74 #\u5e74\u83dc \n\n\u5e0c\u671b\u4f60\u5011\u559c\u6b61\u9019\u90e8\u5f71\u7247\n\u559c\u6b61\u5e6b\u6211\u8a02\u95b1\u6309\u8b9a\u5206\u4eab \u8a18\u5f97\u958b\u555f\u5c0f\u9234\u943a\u6536\u53d6\u65b0\u7247\u901a\u77e5\u5594\uff01\n\n\uff3f\uff3f\uff3f\uff3f\uff3f\uff3f\uff3f\uff3f\uff3f\uff3f\uff3f\uff3f\uff3f\uff3f\uff3f\uff3f\uff3f\uff3f\uff3f\uff3f\uff3f\n\n\u2b50\ufe0f\u91d1\u5bb6\u311f\u5e03\u5e33\u99ac\u8eca\uff1ahttps://www.facebook.com/groups/2297603990535075/\n\u2b50\ufe0f\u91d1\u91dd\u83c7\u7684\u7c89\u5c08: https://www.facebook.com/Koreajinzhengu/\n\u2b50\ufe0f\u91d1\u91dd\u83c7\u7684IG: https://www.instagram.com/ggu__kim/\n\u2b50\ufe0f\u5408\u4f5c\u9080\u7d04\u8acb\u6d3dPressPlay\uff1ajinyoungkim@pressplay.cc\n\n\uff3f\uff3f\uff3f\uff3f\uff3f\uff3f\uff3f\uff3f\uff3f\uff3f\uff3f\uff3f\uff3f\uff3f\uff3f\uff3f\uff3f\uff3f\uff3f\uff3f\uff3f",
        "likeCount": "13736",
        "commentCount": "350",
        "viewCount": "657456"
    },
    "comments": [
        {
            "reply_id": "UgxlzHzbqJTeNI_4tC14AaABAg",
            "reply_content": "\u90a3\u7897\u725b\u8089\u9eb5\u597d\u7279\u5225\uff0c\u6709\u9ede\u50cf\u53f0\u7063\u725b\u8089\u9eb5\u548c\u8d8a\u5357\u725b\u8089\u6cb3\u7c89\u52a0\u4e0a\u706b\u934b\u7684\u7d9c\u5408\u9ad4\u3002\ud83d\ude0a"
        },
        {
            "reply_id": "UgyjLyG9bqJvZKSI1Zt4AaABAg",
            "reply_content": "\u91d1\u91dd\u83c7\u771f\u7684\u597d\u53ef\u611b!!!\u5fae\u5fae\u7684\u53e3\u97f3\u8d85\u53ef\u611b\u7684!!\u800c\u4e14\u7a7f\u7684\u8863\u670d\u90fd\u8d85\u597d\u770b! \u9019\u5e7e\u5929\u9694\u96e2\u5728\u5bb6\u760b\u72c2\u770b\u91d1\u91dd\u83c7\u7684\u5f71\u7247\ud83d\ude0d\u53ef\u60dc\u9019\u9ebc\u665a\u624d\u767c\u73fe\u9019\u500b\u5bf6\u85cf\u983b\u9053!!!"
        },
        {
            "reply_id": "UgyWn7dW2kzvw4grfYF4AaABAg",
            "reply_content": "\u56e0\u70ba\u59b3\u71b1\u60c5\u5730\u4ecb\u7d39\uff0c\u6211\u5f9e\u677e\u5c71\u8eca\u7ad9\u5230\u5357\u9580\u5e02\u5834\uff08\u5408\u6b61\u5200\u524a\u9eb5\u9928\uff09\uff0c\u60f3\u8cb7\u5169\u7897\u7d66\u8001\u4eba\u5bb6\u5403\uff01\u5341\u4e00\u9ede\u51fa\u767c\uff0c\u4e00\u9ede\u5feb\u534a\u624d\u56de\u677e\u5c71\uff01\uff01\uff01\uff01\u5927\u6392\u9577\u9f8d\uff01"
        },
        {
            "reply_id": "UgzHBmdb1P3A1PHssrB4AaABAg",
            "reply_content": "\u8fd9\u53e3\u7f69\u770b\u8d77\u6765\u597d\u50cf\u602a\u602a\u53d4\u53d4\ud83e\udd23\ud83e\udd23\ud83e\udd23"
        },
        {
            "reply_id": "Ugx5q0dHRti5GdvDo8d4AaABAg",
            "reply_content": "\u90a3\u500b\u53e3\u7f69\u592a\u9177\u4e86\u5427"
        },
        {
            "reply_id": "UgzCOAy4Y5ntC4G9AqB4AaABAg",
            "reply_content": "\u53e3\u7f69\u4e5f\u592a\u7279\u5225\u4e86\uff01"
        },
        {
            "reply_id": "UgzNGbmG_YEU4b4F8id4AaABAg",
            "reply_content": "\u91dd\u83c7\u8d85\u6d3b\u6f51\u7684\u5566\ud83e\udd23\ud83e\udd23\ud83e\udd23\u6700\u8fd1\u88ab\u5708\u7c89"
        },
        {
            "reply_id": "UgwgW0B0GQj1m1mBDl54AaABAg",
            "reply_content": "\u9019\u500b\u53e3\u7f69\u6234\u8d77\u4f86\u600e\u9ebc\u611f\u89ba\u597d\u50cf\u525b\u5f9e\u91ab\u9662\u51fa\u4f86\u7684\u6a23\u5b50\ud83e\udd23\ud83e\udd23"
        },
        {
            "reply_id": "UgxnS1grc8HJRIA3Vfh4AaABAg",
            "reply_content": "\u54c8\u54c8\u54c8\uff0c\u4f60\u770b\u90a3\u500b\u4eba\u7684\u53e3\u7f69\u6709\u5634\u5df4\u5414!"
        },
        {
            "reply_id": "UgwcujANGjt5NrRlQL54AaABAg",
            "reply_content": "\u60f3\u5b66\u6821\u98df\u5802"
        },
        {
            "reply_id": "UgwLDsYzCw9kUN9sQQ94AaABAg",
            "reply_content": "\u5495\u54be\u8089\u662f\u9999\u6e2f\u7684\u5c0f\u83dc\uff5e\uff5e \u5176\u5be6\u5c31\u662f\u7cd6\u918b\u6392\u9aa8\u52a0\u9752\u6912\u3001\u6d0b\u8471\u3001\u83e0\u863f\uff0c\u5495\u54be\u8089\u662f\u7121\u9aa8\u7684\uff0c\u751f\u7092\u9aa8\u662f\u5e36\u9aa8\u7684\uff0c\u800c\u4e14\u5927\u90e8\u5206\u90fd\u662f\u9aa8\u982d\u5594\ud83e\udd23\uff0c\u5169\u8005\u90fd\u662f\u4e00\u6a23\u7684\u505a\u6cd5\uff5e"
        },
        {
            "reply_id": "Ugw74MAJnfqFs8jpyOZ4AaABAg",
            "reply_content": "\u91d1\u91dd\u83c7\u554a\n\u90fd\u558a\u59d0\u59d0\u554a\u554a\u554a\u554a\uff0c\u53f0\u7063\u4eba\u90fd\u559c\u6b61\u9019\u6a23\n\u6c92\u6709\u97d3\u570b\u90a3\u6a23\u7684\u8f29\u4efd\u95dc\u4fc2\uff0c\n\u558a\u59d0\u59d0\u5634\u5df4\u751c\uff01\u800c\u4e14\u5f88\u591a\u59d0\u59d0\u770b\u8d77\u4f86\u9084\u5f88\u5e74\u8f15\u8036\uff0c\u8981\u662f\u6211\u662f\u59d0\u59d0\u6703\u5d29\u6f70\u7684\u22ef"
        },
        {
            "reply_id": "Ugxh1V_pyRTAOATiAs94AaABAg",
            "reply_content": "\u63a8\u85a6\u91d1\u91dd\u83c7\u5230\u96f2\u6797\u5317\u6e2f\u5403\u7576\u5730\u5c0f\u5403 \u54ea\u88e1\u6709\u51fa\u4e86\u5317\u6e2f\u5c31\u5403\u4e0d\u5230\u7684\u9eb5\u7dda\u7cca\u548c\u5f88\u7279\u5225\u7684\u5047\u9b5a\u809a\u7fb9"
        },
        {
            "reply_id": "UgxabJQCJ_kaSPjkJJV4AaABAg",
            "reply_content": "\u6211\u4e00\u76f4\u60f3\u554f\n\u770b\u4f60\u7684\u5634\u5df4\u8981\u505a\u4ec0\u9ebc"
        },
        {
            "reply_id": "UgwvXiMa-54RUQYEZwN4AaABAg",
            "reply_content": "\u54c7\uff0c\u8fd9\u53e3\u7f69\u597d\u597d\u54e6\uff0c\u6709\u8c01\u77e5\u9053\u80fd\u5728\u54ea\u91cc\u4e70\u5230\u5417\uff1f"
        },
        {
            "reply_id": "Ugw5ZGFuKRjfwAW9fS94AaABAg",
            "reply_content": "\u597d\u60f3\u770b\u91d1\u91dd\u83c7\u958b\u7bb1\u97d3\u570b\u50b3\u7d71\u5e02\u5834\ud83d\ude3b\ud83d\ude3b"
        },
        {
            "reply_id": "Ugx-bx_jfgT-2dK6CMJ4AaABAg",
            "reply_content": "\u91d1\u91dd\u83c7\u60a8\u597d\n\u6211\u5728\u22ef\u22ef\u6211\u5011\u53f0\u5357\u5e02\u5357\u5340\u591a\u8cb7\u4e0d\u5230\u5927\u98ef\u7cf0"
        },
        {
            "reply_id": "UgzmjQe70-1y2zMunoF4AaABAg",
            "reply_content": "\u5982\u679c\u53eb\u963f\u59e8\u59d0\u59d0\u6216\u5c0f\u59d0\uff0c\u963f\u59e8\u5011\u4e00\u5b9a\u5c0d\u59b3\u66f4\u89aa\u5207\u71b1\u5fc3\u5594\ud83d\ude02"
        },
        {
            "reply_id": "Ugwob8wFcHWgeGmGGGh4AaABAg",
            "reply_content": "\u5b63\u5409\u97d3\u5f0f\u6599\u7406\u5e97\u4e5f\u662f\u5f88\u63a8\uff0c\u63a8\u85a6\u53ef\u4ee5\u5690\u5690\uff0c\u6211\u6bd4\u8f03\u611b\u6c11\u751f\u6771\u8def4\u6bb5\u90a3\u5bb6\u7684\u53e3\u5473\uff0c\u9999\u83c7\u8c46\u8150\u8fa3\u6e6f\u8d85\u597d\u559d\uff01"
        },
        {
            "reply_id": "UgxkZ9uqnRYbj3oOKmp4AaABAg",
            "reply_content": "\u539f\u672c\u4ee5\u70ba\u5fc3\u592a\u8edf\u5916\u9762\u7684\u662f\u5c0f\u9999\u8178\u22ef\u7d50\u679c\u662f\u7d05\u68d7\u22ef"
        }
    ]
}