{
    "video_info": {
        "id": "0C3LeQiudMI",
        "channelTitle": "\u97d3\u52fe\u311f\u91d1\u91dd\u83c7 \ucc10\uca50\uafb8",
        "title": "\u51fa\u570b\u53bb\u6cd5\u570b\ud83d\udd25\ud83c\uddeb\ud83c\uddf7\u7b2c\u4e00\u6b21\u6b50\u6d32\u65c5\u904a\u9084\u627e\u4e0d\u5230\u6c11\u5bbf\ud83d\ude05\u5c0b\u627e\u6d6a\u6f2b\u8a18VLOG\uff5c\u97d3\u52fe\u311f\u91d1\u91dd\u83c7 \ucc10\uca50\uafb8",
        "description": "\u6cd5\u570b\u597d\u6d6a\u6f2b\u597d\u597d\u73a9\u2764\ufe0f\u671f\u5f85\u745e\u58ebVLOG\u5427\uff5e\n_\n\u900f\u904e\u4ee5\u4e0b\u7db2\u5740\u7372\u5f97Surfshark VPN: https://surfshark.deals/GGU\n\n\u8f38\u5165\u6298\u6263\u78bc GGU\uff0c\u5c31\u53ef\u99ac\u4e0a\u7372\u5f97\u300c1.7\u6298\u300d\u512a\u60e0\n\n\u8a02\u95b12\u5e74\u65b9\u6848\u518d\u52a0\u9001\u514d\u8cbb3\u500b\u6708\u7684\u4f7f\u7528\uff01\n\n\u5e0c\u671b\u4f60\u5011\u559c\u6b61\u9019\u90e8\u5f71\u7247\n\u559c\u6b61\u5e6b\u6211\u8a02\u95b1\u6309\u8b9a\u5206\u4eab \u8a18\u5f97\u958b\u555f\u5c0f\u9234\u943a\u6536\u53d6\u65b0\u7247\u901a\u77e5\u5594\uff01\n\n#\u5df4\u9ece #\u6cd5\u570b #\u6cd5\u570b\u65c5\u904a\n#\u91d1\u91dd\u83c7\u4e16\u754c\u65c5\u884c\n\uff3f\uff3f\uff3f\uff3f\uff3f\uff3f\uff3f\uff3f\uff3f\uff3f\uff3f\uff3f\uff3f\uff3f\uff3f\uff3f\uff3f\uff3f\uff3f\uff3f\uff3f\n\n\u2b50\ufe0f\u91d1\u91dd\u83c7\u7684\u97d3\u570b\u7f8e\u98df\u54c1\u724c\uff1ahttps://www.kimkfoods.com\n\u2b50\ufe0f\u91d1\u5bb6\u311f\u5e03\u5e33\u99ac\u8eca\uff1ahttps://www.facebook.com/groups/2297603990535075/\n\u2b50\ufe0f\u91d1\u91dd\u83c7\u7684\u7c89\u5c08: https://www.facebook.com/Koreajinzhengu/\n\u2b50\ufe0f\u91d1\u91dd\u83c7\u7684IG: https://www.instagram.com/ggu__kim/\n\u2b50\ufe0f\u5408\u4f5c\u9080\u7d04\u8acb\u6d3dPressPlay\uff1ajinyoungkim@pressplay.cc\n\n\uff3f\uff3f\uff3f\uff3f\uff3f\uff3f\uff3f\uff3f\uff3f\uff3f\uff3f\uff3f\uff3f\uff3f\uff3f\uff3f\uff3f\uff3f\uff3f\uff3f\uff3f",
        "likeCount": "20645",
        "commentCount": "594",
        "viewCount": "993554"
    },
    "comments": [
        {
            "reply_id": "Ugw5WLoEieYYGjUbYiV4AaABAg",
            "reply_content": "\u8acb\u554f\u54ea\u9593\u6c11\u5bbf \u53ef\u4ee5\u5206\u4eab\u55ce\uff1f"
        },
        {
            "reply_id": "Ugwd9It6_Kz3QHDPmbl4AaABAg",
            "reply_content": "\u6211\u4e5f\u5e0c\u671b\u6709\u4e00\u4e2a\u4eba\u80fd\u966a\u6211\u5230\u5904\u8d70\u8d70"
        },
        {
            "reply_id": "UgwQiuJJ1mRC0K8WXsp4AaABAg",
            "reply_content": "\u5e0c\u671b\u59b3\u53ef\u4ee5\u8ba9\u6211\u4eec\u77e5\u9053\u4f60\u4f4f\u7684\u548c\u5403\u7684\u591a\u5c11\u94b1\u548c\u6b7a\u5385\u540d\u5b57\u3002\u8c22\u8c22\u4f60\u4eec"
        },
        {
            "reply_id": "UgwZ_5lCfkITZt1SFPR4AaABAg",
            "reply_content": "\u56de\u4f86\u770b\u534a\u5e74\u524d\u7684\u5f71\u7247\n\u91d1\u91dd\u83c7\u771f\u7684\u8d85\u9069\u5408\u6a58\u9aee\uff01"
        },
        {
            "reply_id": "Ugwtwn_DEsWfUQcl5_B4AaABAg",
            "reply_content": "\u745e\u58eb\u7684\u5f71\u7247\u526a\u51fa\u4f86\u4e86\u55ce??"
        },
        {
            "reply_id": "Ugw2BTfdA1UWKjpSXmZ4AaABAg",
            "reply_content": "\u59b3\u5011\u5728\u745e\u58eb\u6642\uff0c\u6211\u4e5f\u525b\u597d\u5728\u745e\u58eb\u5594\uff01\u6211\u9084\u5728\u7dad\u6839\u6253\u684c\u7403\uff0c\u770b\u5230\u5f71\u7247\u5f88\u6709\u611f\u89ba\u8036\uff01"
        },
        {
            "reply_id": "Ugz8MeVxJBcTgFOoZFl4AaABAg",
            "reply_content": "\u8001\u5916\u4e00\u822c\u4e0d\u6703\u50cf\u6771\u4e9e\u4eba\u8b1b\u7a76\u5e74\u9f61.  \u4eba\u5bb6\u6416\u982d\u662f\u5728\u8a87\u4f60\u56e0\u70ba\u4ed6\u7121\u6cd5\u76f8\u4fe1\u4f6026\u6b72, \u53ef\u80fd\u4ee5\u70ba\u4f60\u66f4\u5e74\u8f15"
        },
        {
            "reply_id": "Ugx2E-ypH1CGnOF3Qg14AaABAg",
            "reply_content": "\u70ba\u4ec0\u9ebc\u91d1\u91dd\u83c7\u59b9\u59b9\u600e\u6bcf\u6b21\u90fd\u662f\u627e\u4e0d\u5230\u6c11\u5bbf\u52d2\u54c8\u54c8"
        },
        {
            "reply_id": "UgwerGxUNVl5Iyp0l9p4AaABAg",
            "reply_content": "\u770b\u4f60\u5011\u4f86\u5df4\u9ece\u597d\u795e\u5947\uff0c\u4f60\u5011\u901b\u7684\u9019\u4e9b\u90fd\u662f\u6211\u7684\u65e5\u5e38\u751f\u6d3b\uff08\u9664\u4e86\u7c73\u5176\u6797\uff09"
        },
        {
            "reply_id": "UgzNFuRIoFue5R62Erh4AaABAg",
            "reply_content": "\u54c8\u56c9\u89aa\u611b\u7684\u91d1\u91dd\u83c7\u59b9\u59b9\uff0c\u6211\u4e0b\u500b\u6708\u60f3\u548c\u5973\u5152\u8ddf\u8001\u516c\u53bb\u5df4\u9ece\u73a9\u8acb\u554f\u4f60\u7684\u6c11\u5bbf\u662f\u600e\u9ebc\u8a02\u7684\uff1f\u8acb\u554f\u53ef\u4e0d\u53ef\u4ee5\u628a\u6c11\u5bbf\u806f\u7d61\u65b9\u6cd5\u7d66\u6211\u5462\uff1f\u611f\u8b1d\u611f\u8b1d"
        },
        {
            "reply_id": "UgwJJGOzei_IosEETVF4AaABAg",
            "reply_content": "\u597d\u50cf\u5373\u523b\u6551\u63f4\u5834\u666f"
        },
        {
            "reply_id": "Ugy8_NKeeRXp_NzkjW54AaABAg",
            "reply_content": "\u5230\u6cd5\u570b\u8981\u5c0f\u5fc3\u6252\u624b\u554a\uff01"
        },
        {
            "reply_id": "UgwhdTRgR100-NnQqJV4AaABAg",
            "reply_content": "\u7a7f\u7684\u6d6a\u6f2b\u5230\u5df4\u9ece\u9435\u5854\uff0c\u62cd\u7167\u7684\u60f3\u6cd5\u597d\u68d2\uff01"
        },
        {
            "reply_id": "UgxO4K2qKQV2_NIgYX54AaABAg",
            "reply_content": "\u628a\u5df4\u9ece\u62cd\u5f97\u5f88\u7f8e\u8036\ud83e\udd29 (\u56e0\u70ba\u5f88\u591a\u53bb\u904e\u7684\u4eba\u8aaa\u5df4\u9ece\u6709\u5f88\u591a\u4e0d\u7f8e\u7684\u4e00\u9762\ud83d\ude02)\n\u5c24\u5176\u662f\u8d85\u591a\u7f8e\u98df\uff0c\u8b93\u4eba\u8d85\u60f3\u53bb\u7684 (\u4f46\u9ed1\u6c34\u6839\u672c\u662f\u4f86\u6574\u4eba\u7684\u5427 \ud83e\udd23)"
        },
        {
            "reply_id": "UgwLzz89OhV6QHEufqJ4AaABAg",
            "reply_content": "\u54c7  \u4f60\u5011\u7684\u97f3\u91cf\u6703\u4e0d\u6703\u6709\u9ede\u5927"
        },
        {
            "reply_id": "Ugw42xsE78ND7O8dBtZ4AaABAg",
            "reply_content": "\u65c5\u884c\u4e5f\u662f\u4fee\u884c\uff0c\u914d\u5408\u5f97\u597d\u548c\u670b\u53cb\u611f\u60c5\u4f1a\u66f4\u597d\uff0c\u914d\u5408\u4e0d\u597d\u7684\u8001\u6b7b\u4e0d\u76f8\u5f80\u6765\u7684\u4e5f\u89c1\u8fc7\u3002\u6211\u4e5f\u662f\u811a\u75db\u4e5f\u8981\u786c\u8d70\uff0c\u56e0\u4e3a\u6015\u9519\u8fc7\u548c\u9057\u61be\u3002"
        },
        {
            "reply_id": "UgxEDstem5lPG-RxSD14AaABAg",
            "reply_content": "\u7d50\u679c\u90a3\u500b\u9ed1\u6c34\u662f\u7d66\u9b5a\u7684\u610f\u601d\u55ce\uff1f\uff1f\u54c8\u54c8\u54c8\u54c8\u54c8"
        },
        {
            "reply_id": "UgycewKv120ztnBdWEh4AaABAg",
            "reply_content": "\u539f\u4f86\u70e4\u8089\u7d44\u5438\u91d1\u5b8c \u8dd1\u53bb\u6cd5\u570b\u73a9 \u53f0\u7063\u4eba\u770b\u5230\u6c92"
        },
        {
            "reply_id": "Ugy8Cn6YTE09v1bf7NF4AaABAg",
            "reply_content": "\u60f3\u53bb\u6cd5\u570b\ud83d\ude0d"
        },
        {
            "reply_id": "UgzNKIsvVskV4NH_QkZ4AaABAg",
            "reply_content": "\u91d1\u91dd\u83c7\u96d6\u7136\u4e0d\u7b97\u9577\u7684\u597d\u770b\u7684\u90a3\u4e00\u7a2e\n\u4f46\u597d\u6703\u6253\u626e\u5e6b\u5916\u8c8c\u52a0\u4e86\u597d\u591a\u5206"
        }
    ]
}