{
    "video_info": {
        "id": "2E9UAnFYwe8",
        "channelTitle": "\u97d3\u52fe\u311f\u91d1\u91dd\u83c7 \ucc10\uca50\uafb8",
        "title": "\u53f0\u7063\u4eba97%\u4e0d\u77e5\u9053\u300c\ud83c\uddf0\ud83c\uddf7\u97d3\u570b\u51ac\u5929\u9650\u5b9a\u7f8e\u98df\u300d\u6211\u5c45\u7136\u4e0d\u6562\u5403\ud83d\ude02\u22ef\u22ef\u51ac\u5929\u5403\u559d\u73a9\u6a02\u5927\u5206\u4eab\ud83d\udd25\uff5c\u97d3\u52fe\u311f\u91d1\u91dd\u83c7 \ucc10\uca50\uafb8",
        "description": "**\u694a\u5dde\u96ea\u82b1\u7bc0\n**\ub9e4\uc0dd\uc774\uad6d \u97d3\u570b\u9752\u6d77\u85fb\u6e6f\n\n\u5e0c\u671b\u4f60\u5011\u559c\u6b61\u9019\u90e8\u5f71\u7247\n\u559c\u6b61\u5e6b\u6211\u8a02\u95b1\u6309\u8b9a\u5206\u4eab \u8a18\u5f97\u958b\u555f\u5c0f\u9234\u943a\u6536\u53d6\u65b0\u7247\u901a\u77e5\u5594\uff01\n\n\uff3f\uff3f\uff3f\uff3f\uff3f\uff3f\uff3f\uff3f\uff3f\uff3f\uff3f\uff3f\uff3f\uff3f\uff3f\uff3f\uff3f\uff3f\uff3f\uff3f\uff3f\n\n\u2b50\ufe0f\u91d1\u91dd\u83c7\u7684\u97d3\u570b\u7f8e\u98df\u54c1\u724c\uff1ahttps://www.kimkfoods.com\n\u2b50\ufe0f\u91d1\u5bb6\u311f\u5e03\u5e33\u99ac\u8eca\uff1ahttps://www.facebook.com/groups/2297603990535075/\n\u2b50\ufe0f\u91d1\u91dd\u83c7\u7684\u7c89\u5c08: https://www.facebook.com/Koreajinzhengu/\n\u2b50\ufe0f\u91d1\u91dd\u83c7\u7684IG: https://www.instagram.com/ggu__kim/\n\u2b50\ufe0f\u5408\u4f5c\u9080\u7d04\u8acb\u6d3dPressPlay\uff1ajinyoungkim@pressplay.cc\n\n\uff3f\uff3f\uff3f\uff3f\uff3f\uff3f\uff3f\uff3f\uff3f\uff3f\uff3f\uff3f\uff3f\uff3f\uff3f\uff3f\uff3f\uff3f\uff3f\uff3f\uff3f",
        "likeCount": "11028",
        "commentCount": "399",
        "viewCount": "521910"
    },
    "comments": [
        {
            "reply_id": "UgxhVrqXvRrpCzcEIk14AaABAg",
            "reply_content": "\u90a3\u500b\u597d\u5403\u6cb3\u6d41\u7684\u5c0d\u5427\uff0c\u6211\u5011\u90fd\u7528\u91ac\u6cb9\u849c\u982d\u4e0d\u7528\u716e\u5594\u8981\u6d17\u4e7e\u6de8\u3002"
        },
        {
            "reply_id": "Ugyfq8ByohCtH48BlHJ4AaABAg",
            "reply_content": "\u90a3\u500b\u6d77\u85fb\u984d\u554a\u6e6f\u5f88\u6b63\u5e38\u554a\uff0c\u53f0\u7063\u4e5f\u6709\uff0c\u53ea\u662f\u6c92\u6709\u7279\u5225\u88ab\u8a8d\u70ba\u662f\u4e00\u9053\u83dc\ud83d\ude02"
        },
        {
            "reply_id": "UgxErTe-H4JHqQALdAV4AaABAg",
            "reply_content": "\u6d77\u85fb\u50cf\u5403\u9f3b\u6d95\u7684\u611f\u89ba"
        },
        {
            "reply_id": "UgzC7p9yNSP93cCU4Zh4AaABAg",
            "reply_content": "\u83c7\u5abd\u505a\u7684\u6599\u7406\uff0c\u6211\u4e5f\u4e0d\u592a\u884c\uff0c\u8ddf\u6211\u5abd\u54aa\u505a\u5dee\u4e0d\u591a\ud83d\ude02"
        },
        {
            "reply_id": "UgyX4UBNAh-NAOBJ8cZ4AaABAg",
            "reply_content": "\u559c\u6b61\u4f60\u62cd\u97d3\u570b\u7f8e\u98df\u8ddf\u5bb6\u4eba\u4e00\u8d77\u5403\u98ef\u6eab\u99a8\u5bb6\u5ead"
        },
        {
            "reply_id": "UgwUc7aPMcorN3yWGal4AaABAg",
            "reply_content": "\u770b\u83c7\u7238\u83c7\u5abd\u8ddf\u91d1\u91dd\u83c7\u4e00\u8d77\u5728\u6ed1\u96ea\u5834\u73a9\u7684\u6a23\u5b50\uff0c\u771f\u958b\u5fc3\u2665\n\u8b93\u6211\u60f3\u5230\u4ee5\u524d\u8ddf\u963f\u5b24\u53bb\u5317\u6d77\u9053\u6642\uff0c\u6709\u4e00\u500b\u5c0f\u5c0f\u7684\u6ed1\u96ea\u5834(\u4e5f\u6bd4\u6e9c\u6ed1\u68af\u9577\u4e00\u4e9b\u800c\u5df2)\n\u6211\u5011\u5750\u5728\u677f\u5b50\u4e0a\u6ed1\u4e0b\u4f86\uff0c\u963f\u5b24\u770b\u8457\u6211\u5011\u73a9\uff0c\u56e0\u70ba\u6015\u5371\u96aa\uff0c\u6240\u4ee5\u53eb\u963f\u5b24\u4e0d\u8981\u73a9\n\u7d50\u679c\u963f\u5b24\u7adf\u7136\u9ed8\u9ed8\u7684\u53bb\u62ff\u4e86\u4e00\u500b\u677f\u5b50\u6392\u8d77\u968a\uff0c\u7136\u5f8c\u6ed1\u4e0b\u4f86\u8036\uff0c\u5979\u73a9\u5f97\u5f88\u958b\u5fc3\n\u963f\u5b24\u53c8\u7626\u5c0f\uff0c\u6ed1\u5230\u5e73\u9762\u5f8c\u53c8\u7e7c\u7e8c\u6ed1\u8d85\u9060\u7684XD\n\u5e7e\u5e74\u5f8c\u518d\u56de\u60f3\u9019\u4ef6\u4e8b\uff0c\u963f\u5b24\u7576\u6642\u5df2\u7d93\u516b\u5341\u6b72\u4e86\uff0c\u6211\u5011\u7adf\u7136\u9084\u6562\u8b93\u5979\u6ed1\uff0c\u771f\u662f\u795e\u7d93\u5927\u689d\u8036\n\u76f8\u8655\u592a\u4e45\uff0c\u8166\u5b50\u5c31\u4e00\u76f4\u505c\u7559\u5728\u963f\u5b24\u624d\u516d\u5341\u5e7e\u6b72XD"
        },
        {
            "reply_id": "UgwjBBFE0EiUuylGVk54AaABAg",
            "reply_content": "\u597d\u591a\u96bb\u7f8a"
        },
        {
            "reply_id": "UgzftV9TTHGkstKvLch4AaABAg",
            "reply_content": "\u83c7\u5abd\u716e\u7684\u4e00\u684c\u6d77\u5473\u5341\u8db3 \ud83e\udd24"
        },
        {
            "reply_id": "Ugz9htpWlCDeQKL_YJl4AaABAg",
            "reply_content": "\u86b5\u4ed4\u5f88\u597d\u5403\u554a\uff5e\u600e\u9ebc\u8ddf\u6211\u7684\u5c0f\u5973\u5152\u4e00\u6a23\u4e0d\u6562\u5403\u86b5\u4ed4"
        },
        {
            "reply_id": "Ugzi2Znx8FbzUotnO9d4AaABAg",
            "reply_content": "\u86b5\u4ed4\u597d\u5403! \u5c24\u5176\u65b0\u9bae\u73fe\u6488\u7684\u76f4\u63a5\u5e36\u6bbc\u70e4\u719f\u5c31\u5f88\u597d\u5403\ud83e\udd24"
        },
        {
            "reply_id": "UgxkK4B1T98kq7a6s3p4AaABAg",
            "reply_content": "\u7a81\u7136\u89ba\u5f97\u91d1\u91dd\u83c7\u5f88\u50cf\u6771\u4eac\u7529\u5c3e\u7684\u97d3\u54e5~\ud83d\ude02\ud83d\ude02\ud83d\ude02"
        },
        {
            "reply_id": "Ugx8akmhJdFjCE4HBYB4AaABAg",
            "reply_content": "\u96ea\u7248\u770b\u8d77\u4f86\u597d\u597d\u73a9\u54e6\uff01\u56de\u5230\u7ae5\u5e74\u7684\u56de\u61b6\u4e86! \u53f0\u7063\u4e5f\u6709\u985e\u4f3c\u7684\u904a\u6232\uff0c\u662f\u5f9e\u8349\u76ae\u6ed1\u4e0b\u53bb\u54e6\uff01\u5c0f\u6642\u5019\u4e5f\u5e38\u73a9\u3002\ud83d\ude04"
        },
        {
            "reply_id": "UgxChIvMRFZsZFRAAxF4AaABAg",
            "reply_content": "\u8d85\u559c\u6b61\u5403\u86b5\u4ed4\uff0c\u6700\u5f8c\u83c7\u5abd\u716e\u7684\u86b5\u4ed4\u9910\u611f\u89ba\u90fd\u597d\u597d\u5403~"
        },
        {
            "reply_id": "UgwY3JewQhBaGDJB4VB4AaABAg",
            "reply_content": "\u600e\u9ebc\u8fa6\uff1f\u6211\u597d\u60f3\u5e36\u6211\u5011\u5bb6\u5c0f\u670b\u53cb\u53bb\u97d3\u570b\u73a9\u5537\uff01\u592a\u597d\u73a9\u4e86\u5427\uff5e"
        },
        {
            "reply_id": "UgwSzP7BB8lRHrstWDx4AaABAg",
            "reply_content": "\u86b5\u4ed4\u8d85\u597d\u5403\u7684\u8036"
        },
        {
            "reply_id": "Ugy0v85soRE3OrId5L54AaABAg",
            "reply_content": "\u662f\u4e94\u66f4\u8178\u65fa\u5566\u54c8\u54c8\u54c8\ud83d\ude06 \u597d\u559c\u6b61\u97d3\u570b\u751f\u6d3b\u5f71\u7247\n\u660e\u5e74\u4e5f\u8981\u518d\u53bb\u4e00\u6b21\u2764\u2764\u2764"
        },
        {
            "reply_id": "UgxP1sn0m0gS2wj2B4B4AaABAg",
            "reply_content": "\u9019\u500b\u91d1\u91dd\u83c7\u4e0d\u6703\u9577\u5f88\u591a\u83c7\u8089\u8089\u55ce\uff5e\ud83d\ude05"
        },
        {
            "reply_id": "UgzOrP8hVFgGsP2huBB4AaABAg",
            "reply_content": "\u54c7~\u53c8\u6709\u97d3\u570b\u5f71\u7247\u4e86\uff01\u53c8\u898b\u83c7\u548c\u83c7\u7238\u83c7\u5abd\u73a9\u5f97\u5f88\u958b\u5fc3\uff01\u73fe\u5728\u770b\u83c7\u7684\u5f71\u7247\u90fd\u6709\u7a2e\u9b54\u529b\uff0c\u807d\u7740\u83c7\u9b54\u6027\u7b11\u8072\u563b\u563b\u563b\u563b\u90fd\u8ddf\u7740\u89ba\u5f97\u5f88\u958b\u5fc3\uff01\u5fc3\u60c5\u90fd\u8ddf\u7740\u8b8a\u597d\uff01\u597d\u795e\u5947\uff01"
        },
        {
            "reply_id": "UgxRe1mqsn5TDKW4ndZ4AaABAg",
            "reply_content": "\u5c45\u7136\u5eda\u85dd\u9ad8\u8d85\u7684\u83c7\u5abd\u4e5f\u4e0d\u80fd\u5e6b\u52a9\u91d1\u91dd\u83c7\u514b\u670d\u86b5\u4ed4\u55ce\ud83d\ude02\ud83d\ude02\ud83d\ude02"
        },
        {
            "reply_id": "Ugy4SbpMZvCQFALlnXF4AaABAg",
            "reply_content": "\u83ab\u5f69\u66e6+\u91d1\u91dd\u83c7+\u9177\u7684\u5922,\u8b932300\u842c\u53f0\u4e00\u5427\u4e00\u5b50\u9ad8\u6f6e\u81ea\u55e8\u7684\u4e09\u5927\u5c07,\u4f0f\u62c9\u592b\u770b\u4e86\u90fd\u76f4\u547c\u5167\u884c"
        }
    ]
}