{
    "video_info": {
        "id": "2p9jQiSeMqc",
        "channelTitle": "\u97d3\u52fe\u311f\u91d1\u91dd\u83c7 \ucc10\uca50\uafb8",
        "title": "\u53f0\u7063\u4eba86%\u6c92\u6709\u5403\u904e\u7684\u300c\u97d3\u570b\u4e2d\u79cb\u98df\u7269\u300d\u8b93\u53f0\u7063\u4eba\u505a\u505a\u770b....\u6703\u6210\u529f\u55ce\ud83d\ude02\uff1fft.\u8521\u54e5\u6797\u8431\uff5c\u97d3\u52fe\u311f\u91d1\u91dd\u83c7 \ucc10\uca50\uafb8",
        "description": "#\u4e2d\u79cb\u7bc0\u5feb\u6a02 #\u4e2d\u79cb\u7bc0 #\u97d3\u570b\n\n\u5e0c\u671b\u4f60\u5011\u559c\u6b61\u9019\u90e8\u5f71\u7247\n\u559c\u6b61\u5e6b\u6211\u8a02\u95b1\u6309\u8b9a\u5206\u4eab \u8a18\u5f97\u958b\u555f\u5c0f\u9234\u943a\u6536\u53d6\u65b0\u7247\u901a\u77e5\u5594\uff01\n\n\uff3f\uff3f\uff3f\uff3f\uff3f\uff3f\uff3f\uff3f\uff3f\uff3f\uff3f\uff3f\uff3f\uff3f\uff3f\uff3f\uff3f\uff3f\uff3f\uff3f\uff3f\n\n\u2b50\ufe0f\u91d1\u91dd\u83c7\u7684\u97d3\u570b\u7f8e\u98df\u54c1\u724c\uff1ahttps://www.kimkfoods.com\n\u2b50\ufe0f\u91d1\u5bb6\u311f\u5e03\u5e33\u99ac\u8eca\uff1ahttps://www.facebook.com/groups/2297603990535075/\n\u2b50\ufe0f\u91d1\u91dd\u83c7\u7684\u7c89\u5c08: https://www.facebook.com/Koreajinzhengu/\n\u2b50\ufe0f\u91d1\u91dd\u83c7\u7684IG: https://www.instagram.com/ggu__kim/\n\u2b50\ufe0f\u5408\u4f5c\u9080\u7d04\u8acb\u6d3dPressPlay\uff1ajinyoungkim@pressplay.cc\n\n\uff3f\uff3f\uff3f\uff3f\uff3f\uff3f\uff3f\uff3f\uff3f\uff3f\uff3f\uff3f\uff3f\uff3f\uff3f\uff3f\uff3f\uff3f\uff3f\uff3f\uff3f",
        "likeCount": "10984",
        "commentCount": "402",
        "viewCount": "544687"
    },
    "comments": [
        {
            "reply_id": "UgyhmEM2j7eQjH_PdWl4AaABAg",
            "reply_content": "\u751f\u7684\u7cef\u7c73\u7c89\u52a0\u9ede\u719f\u7c89\u5c31\u4e0d\u6703\u786c\u4e86"
        },
        {
            "reply_id": "UgyOKOvoDxgEMme_uHx4AaABAg",
            "reply_content": "\u5176\u4ed6\u5169\u500b\u4ec0\u9ebc\u6642\u5019\u62cd\uff1f\ud83d\ude02"
        },
        {
            "reply_id": "UgwKyCp6h732f6T__zZ4AaABAg",
            "reply_content": "\u91d1\u91dd\u83c7\u53f0\u7063\u9084\u662f\u6709\u827e\u8349\u7684\uff0c\u8981\u53bb\u9752\u8349\u5e97\u8cb7\uff0c\n\u53f0\u7063\u662f\u7528\u827e\u8349\u4f86\u505a\u8349\u4ed4\u7cbf"
        },
        {
            "reply_id": "UgyrcR_0EhYfMvOBqAN4AaABAg",
            "reply_content": "\u5149\u770b\u5c01\u9762\u5c31\u597d\u60f3\u5403\uff0c\u770b\u5b8c\u5f71\u7247\uff0c\u6211\u7684\u9322\u5305\u8822\u8822\u6b32\u52d5"
        },
        {
            "reply_id": "Ugz_2gztzrQczmMHCTh4AaABAg",
            "reply_content": "\u8521\u54e5\u4e00\u8aaa\u6c92\u4eba\u70d9\u8cfd\u7684\u7bc0\u76ee\u6703\u597d\u770b\u55ce\uff1f\u963f\u83c7\uff0c\u7acb\u99ac\u9a57\u8b49\u3002\u4e0d\u904e\u9084\u662f\u671f\u5f85\u91d1\u91dd\u83c7\u4e4b\u5f8c\u518d\u505a\u4e00\u6b21\u3001\u7b49\u963f\u5713\u5230\u9f4a\u5f8c\u4e00\u8d77\u518d\u8a66\u5403\u96ea\u6065\u3002"
        },
        {
            "reply_id": "UgyCyZ38MNlb_KzkzDh4AaABAg",
            "reply_content": "\u97d3\u570b\u4eba\u76f8\u4fe1\uff1a\u672a\u5a5a\u4eba\u58eb\u628a\u677e\u7247\u505a\u5f97\u6f02\u4eae\uff0c\u5c07\u4f86\u5c31\u6703\u6709\u7f8e\u9e97\u6216\u82f1\u4fca\u7684\u914d\u5076\u3002"
        },
        {
            "reply_id": "UgwRzvFI4xFn_n1TClx4AaABAg",
            "reply_content": "\u611f\u8b1d\u91d1\u91dd\u83c7\u8ca9\u552e\u70e4\u8089\u5957\u7d44 \u53f0\u7063\u4eba\u611f\u6069\u4f60\u7684\u56de\u5831"
        },
        {
            "reply_id": "Ugz-Ins2aSg9ZN9res54AaABAg",
            "reply_content": "\u91d1\u91dd\u83c7\uff5e\uff5e\uff5e\u60f3\u554f\u4e00\u4e0b\u4ec0\u9ebc\u6642\u5019\u9084\u6703\u958b\u8ce3\u5e74\u7cd5\u5440"
        },
        {
            "reply_id": "UgzbcK4KftD7MD7P7Zl4AaABAg",
            "reply_content": "\u597d\u53ef\u611b\u7684\u4f01\u5283\uff5e\u97d3\u570b\u4e2d\u79cb\u98df\u7269 \u611f\u89ba\u597d\u4e0d\u3127\u6a23\u5594"
        },
        {
            "reply_id": "UgxR_SFGtuOZcj_Xcox4AaABAg",
            "reply_content": "\u91d1\u91dd\u83c7\u8b8a\u674f\u9b91\u83c7\u4e86"
        },
        {
            "reply_id": "Ugw55f0x7BkrXQTEH1x4AaABAg",
            "reply_content": "\u91d1\u91dd\u83c7\u8b8a\u674f\u9b91\u83c7\u4e86"
        },
        {
            "reply_id": "Ugzhd-1u4GgVn67u3uF4AaABAg",
            "reply_content": "\u5357\u97d3\u7e3d\u7d71\u7f75\u7f8e\u570b\u570b\u6703\u5154\u5d3d\u5b50\uff0c\u8acb\u554f\u91d1\u91dd\u83c7\u6709\u4f55\u770b\u6cd5"
        },
        {
            "reply_id": "Ugxo0vTDLFtiB7aruRN4AaABAg",
            "reply_content": "\u9000\u8a02"
        },
        {
            "reply_id": "UgwLBAro1MtYSYvjMPB4AaABAg",
            "reply_content": "\u91d1\u91dd\u83c7\u6709\u5730\u9707\u8981\u6ce8\u610f\u5b89\u5168"
        },
        {
            "reply_id": "Ugy7phi4IYLyWTRCcmV4AaABAg",
            "reply_content": "\u6797\u8431\u662f\u4e00\u4f4d\u7f8e\u9e97\u7684\u97d3\u570b\u516c\u4e3b! \u7b2c\u4e00\u6b21\u505a\u6599\u7406\u5c31\u6210\u529f\uff0c\u53b2\u5bb3! \u597d\u50cf\u677e\u7247 \u5f62\u72c0\u6bd4\u8f03\u5c0f\u4e00\u9ede! \u597d\u50cf\u505a\u6210\u83f1\u5f62! \u61c9\u8a72\u97d3\u570b\u7684\u8d85\u5e02\u53ef\u4ee5\u8cb7\u5230\u5427! \u5c0f\u9ede\u5fc3! \u6709\u5f88\u591a\u97d3\u570b\u4eba\u5f88\u559c\u6b61\u5403!\ud83d\ude0b"
        },
        {
            "reply_id": "Ugz3tO8bMGNwrTx5Yhx4AaABAg",
            "reply_content": "\u8521\u54e5\u6599\u7406\u7684\u98df\u7269\u662f\u751a\u9ebc?\u9ec3\u8272\u88dd\u4e0d\u4e0b\u76e4\u5b50\u7684\u90a3\u500b"
        },
        {
            "reply_id": "UgxbQHFTdGQCO-O9Op14AaABAg",
            "reply_content": "\u771f\u61f7\u5ff5\u4e00\u5e74\u524d\u7684\u91d1\u91dd\u83c7\u7684\u7d14\u771f  \u4eca\u5929\u770b\u4e86\u5e7e\u90e8\u4e00\u5e74\u524d\u7684\u56de\u653e\u5f71\u7247 \u559c\u6b61\u4ee5\u524d\u7684\u59b3"
        },
        {
            "reply_id": "UgxLrKXaYR66ZCV9xzN4AaABAg",
            "reply_content": "\u8521\u54e5\u7684\u5e3d\u5b50\u7b11\u6b7b"
        },
        {
            "reply_id": "Ugwc_YwxO2bRJwUiV8p4AaABAg",
            "reply_content": "\u91d1\u91dd\u83c7\u52a0\u6cb9\uff0c\u8a72\u8ca0\u8cac\u4efb\u7684\u662f\u59b3\u7684\u7d93\u7d00\u516c\u53f8\uff0c\u4e0d\u61c2\u5f97\u4fdd\u8b77\u65d7\u4e0b\u85dd\u4eba\uff0c\u4e0d\u61c2\u5f97\u98df\u6750\uff0c\u53c8\u4e82\u8a02\u50f9\uff0c\u9019\u500b\u721b\u6524\u5b50\u61c9\u8a72\u8981\u4ed6\u5011\u60f3\u7b56\u7565\u53bb\u6536\u62fe\u3002\n\n\u59b3\u9084\u662f\u59b3\uff0c\u4e0d\u6703\u88ab\u6253\u6557\u7684\u2764"
        },
        {
            "reply_id": "Ugxe7aBVRjvwUst9SdR4AaABAg",
            "reply_content": "\u679c\u7136\u6797\u8431\u6709\u5728\u505a\u83dc\u6bd4\u8f03\u53b2\u5bb3\u3002"
        }
    ]
}