{
    "video_info": {
        "id": "3DFnPUlbrKc",
        "channelTitle": "\u97d3\u52fe\u311f\u91d1\u91dd\u83c7 \ucc10\uca50\uafb8",
        "title": "\u97d3\u570b\u91d1\u5305\u4e00\u8258\u8239\u9996\u6b21\u9ad4\u9a57\u300c\u53f0\u7063\u591c\u91e3\u300d..\ud83c\uddf9\ud83c\uddfc\u80fd\u9806\u5229\u91e3\u5230\u9b5a\u81ea\u7acb\u81ea\u5f37\u55ce\uff1f\ud83d\ude31 \uff5c\u97d3\u52fe\u311f\u91d1\u91dd\u83c7 \ucc10\uca50\uafb8",
        "description": "\u548c\u6211\u7684\u97d3\u570b\u597d\u53cb\uff08\uff1f\uff09Samsung\u4e00\u8d77\u51fa\u904a\n\u9996\u6b21\u591c\u91e3\u6bd4\u60f3\u50cf\u4e2d\u96e3\u54c8\u54c8\u54c8\u54c8\u54c8\u4f46\u883b\u597d\u73a9\u7684 \n\u4e0b\u6b21\u8981\u91e3\u5230\u66f4\u591a\u96bb\u9b5a\uff01\uff01\uff01\n\nGalaxy S23 Ultra \u591c\u62cd\u771f\u7684\u597d\u5f37\u5927\uff01\u4ee5\u5f8c\u4e0d\u6015\u591a\u665a\u80fd\u62cd\u51fa\u53b2\u5bb3\u7684\u7167\u7247\u4e86\uff01\n\n\u73fe\u5728\u8cfc\u6a5f\u767b\u9304\u518d\u9001\u8c6a\u79ae\uff1a\nhttps://galaxys23-promotion-event.twsamsungcampaign.com\n\n#GalaxyS23Ultra\n#\u73a9\u51fa\u661f\u7cbe\u5f69\n#SharetheEpic\n\n\n\u5e0c\u671b\u4f60\u5011\u559c\u6b61\u9019\u90e8\u5f71\u7247\n\u559c\u6b61\u5e6b\u6211\u8a02\u95b1\u6309\u8b9a\u5206\u4eab \u8a18\u5f97\u958b\u555f\u5c0f\u9234\u943a\u6536\u53d6\u65b0\u7247\u901a\u77e5\u5594\uff01\n\n\uff3f\uff3f\uff3f\uff3f\uff3f\uff3f\uff3f\uff3f\uff3f\uff3f\uff3f\uff3f\uff3f\uff3f\uff3f\uff3f\uff3f\uff3f\uff3f\uff3f\uff3f\n\n\u2b50\ufe0f\u91d1\u91dd\u83c7\u7684\u97d3\u570b\u7f8e\u98df\u54c1\u724c\uff1ahttps://www.kimkfoods.com\n\u2b50\ufe0f\u91d1\u5bb6\u311f\u5e03\u5e33\u99ac\u8eca\uff1ahttps://www.facebook.com/groups/2297603990535075/\n\u2b50\ufe0f\u91d1\u91dd\u83c7\u7684\u7c89\u5c08: https://www.facebook.com/Koreajinzhengu/\n\u2b50\ufe0f\u91d1\u91dd\u83c7\u7684IG: https://www.instagram.com/ggu__kim/\n\u2b50\ufe0f\u5408\u4f5c\u9080\u7d04\u8acb\u6d3dPressPlay\uff1ajinyoungkim@pressplay.cc\n\n\uff3f\uff3f\uff3f\uff3f\uff3f\uff3f\uff3f\uff3f\uff3f\uff3f\uff3f\uff3f\uff3f\uff3f\uff3f\uff3f\uff3f\uff3f\uff3f\uff3f\uff3f",
        "likeCount": "11698",
        "commentCount": "387",
        "viewCount": "535031"
    },
    "comments": [
        {
            "reply_id": "UgxYrI1lxx9I8p1uepB4AaABAg",
            "reply_content": "\u6211\u662f\u4f60\u7c89\u7d72\n\u4f46\u662f\u6211\u6700\u8fd1\u770b\u4e86seantv\n\u6211\u5efa\u8b70\u4f60\u53ef\u4ee5\u591a\u770b\u4e00\u4e0b\n\u53f0\u7063\u53ef\u4ee5\u4ecb\u7d39\u7684\u4e0d\u53ea\u6709\u5c0f\u5403\n\u5f88\u5c11\u807d\u5230\u4f60\u8ac7\u53f0\u7063\u7684\u4eba\u6587\u98a8\u666f\n\u9019\u9ebc\u4e0d\u5bb9\u6613\u885d\u9ad8\u9ede\u95b1\u7387\n\u56e0\u70ba\u90fd\u5f88\u76f8\u4f3c"
        },
        {
            "reply_id": "UgznukAH-htBAJjtqsJ4AaABAg",
            "reply_content": "\u83c7\u83c7\u592a\u53ef\u611b\u4e86"
        },
        {
            "reply_id": "UgwXAOBleiCYhW_SLJZ4AaABAg",
            "reply_content": "\u90a3\u9593\u8d85\u721b \u6709\u4e00\u6b21\u82b1800\u4e0a\u534a\u591c\u5c0f\u641e\u641e \u6574\u8258\u8239\u53ea\u91e3\u52302\u96bb\u9b5a \u8239\u9577\u9084\u662f\u5916\u7c4d\u7684 \u6839\u672c\u4e0d\u6703\u5e36"
        },
        {
            "reply_id": "UgxVb_COSGjfcF-QTC54AaABAg",
            "reply_content": "\u4f60\u771f\u7684\u8d85\u50cf\u7f85\u7f8e\u862d\ud83d\ude02"
        },
        {
            "reply_id": "Ugz9tFUor0n_kM_nTGd4AaABAg",
            "reply_content": "\u5728\u8239\u4e0a\u591c\u91e3\u662f\u5f88\u4e0d\u932f\u5f97\u9ad4\u9a57\uff0c\u4f46\u591c\u91e3\u8981\u6e96\u5099\u6688\u8eca\u85e5\u4e0d\u7136\u4f60\u6703\u5410\uff0c\u770b\u5230\u91d1\u91dd\u83c7\u5403\u5c0f\u5377\u5c31\u60f3\u5230\u6211\u597d\u4e45\u6c92\u5403\u5c0f\u5377\u4e86\u597d\u60f3\u5403\ud83e\udd24\ud83e\udd24\ud83e\udd24\ud83d\udc96\ud83d\udc96\ud83d\udc96\ud83d\udcaa\ud83d\udcaa\ud83d\udcaa"
        },
        {
            "reply_id": "UgyBRThPaUBqRS_3Yzx4AaABAg",
            "reply_content": "\u559d\u9ede\u53ef\u6a02\u53ef\u4ee5\u89e3\u6688\u8239"
        },
        {
            "reply_id": "UgyOE-7VIT1jHuZbyql4AaABAg",
            "reply_content": "\u4e0d\u77e5\u9053\u59b3\u4f86\u57fa\u9686\uff0c\u6211\u5bb6\u5728\u7da0\u8c46\u6e6f\u65c1\u908a\uff0c\u53ef\u4ee5\u53bb\u770b\u59b3"
        },
        {
            "reply_id": "UgzHyuuiNiMrzoru2k94AaABAg",
            "reply_content": "\u91d1\u91dd\u83c7\u81c9\u597d\u50cf\u6709\u5713\u4e86\u4e00\u9ede\ud83e\udd23"
        },
        {
            "reply_id": "UgzllA40IsFxm6s5Lhp4AaABAg",
            "reply_content": "\u8acb\u554f\u9019\u662f\u5565\u724c\u624b\u6a5f"
        },
        {
            "reply_id": "UgyIyRdwOB6fHJEhFEl4AaABAg",
            "reply_content": "\u611f\u89ba\u767c\u798f\u4e86\u5594"
        },
        {
            "reply_id": "UgxKTObuCmx7MJYBb8R4AaABAg",
            "reply_content": "\u8cfa\u5f88\u5927\u5594"
        },
        {
            "reply_id": "Ugx7Lgesli9UV0C0muN4AaABAg",
            "reply_content": "\u59b3\u771f\u7684\u5f88\u53ef\u611b"
        },
        {
            "reply_id": "UgwjpHgkgnIaYpE01VN4AaABAg",
            "reply_content": "\u660e\u986f\u611f\u53d7\u5230\u91d1\u91dd\u83c7\u7684\u5f71\u7247\u8cea\u611f\u771f\u7684\u8d8a\u4f86\u8d8a\u53b2\u5bb3\u4e86  \u93e1\u982d \u7bc0\u594f \u7279\u6548\u90fd\u5f88\u597d\ud83d\udc4d"
        },
        {
            "reply_id": "Ugx_Tlb7A8hUuhBiYIx4AaABAg",
            "reply_content": "\u6211\u4e5f\u8eba\u4e86\u5169\u500b\u5c0f\u6642"
        },
        {
            "reply_id": "UgxIWqKtshKDKOfvgzt4AaABAg",
            "reply_content": "\u6703\u6688\u8239\u6216\u6688\u8eca\u7684\u4eba\u9664\u4e86\u5403\u6688\u8239\u85e5\uff0c\u4e5f\u5efa\u8b70\u53ef\u4ee5\u5e36\u4e00\u9ede\u8292\u679c\u4e7e\u4e0a\u53bb\uff0c\u982d\u6688\u60f3\u5410\u7684\u6642\u5019\u53ef\u4ee5\u5403\uff0c\u8292\u679c\u6709\u6b62\u5410\u6b62\u6688\u7684\u4f5c\u7528"
        },
        {
            "reply_id": "UgwptfPGkhvOTEpmA014AaABAg",
            "reply_content": "\u63a8\u85a6\u4e00\u6b3e\u6688\u8eca\u85e5--\u65c5\u6688\u9320, \u6211\u662f\u5f88\u5bb9\u6613\u6688\u8eca\u7684\u4eba, \u81ea\u5f9e\u807d\u4e86\u4e00\u500b\u6bd4\u6211\u66f4\u6703\u6688\u7684\u670b\u53cb\u4ecb\u7d39\u9019\u500b\u6688\u8eca\u85e5, \u6211\u5c31\u518d\u4e5f\u6c92\u6709\u6688\u8eca\u6688\u8239\u904e\u4e86!!!\n\u56e0\u70ba\u9019\u85e5\u7684\u8216\u8ca8\u9ede\u4e0d\u591a, \u53ef\u4ee5\u5beb\u4fe1\u53bb\u554f\u5929\u4e0b\u751f\u7269\u79d1\u6280\u80a1\u4efd\u6709\u9650\u516c\u53f8\u54ea\u88e1\u53ef\u4ee5\u8cb7"
        },
        {
            "reply_id": "UgwTgHC3KrT1m3jXztR4AaABAg",
            "reply_content": "\u751f\u5403\u5c0f\u5377\u8d85\u597d\u5403\uff0c\u7576\u6d77\u8ecd\u5728\u6f8e\u6e56\u6642\u5403\u904e\u4e00\u6b21\uff0c\u8d85\u61f7\u5ff5"
        },
        {
            "reply_id": "UgzLb7fNkSiSzZIn9mJ4AaABAg",
            "reply_content": "\u597d\u4e45\u6c92\u770b\u5230\u91d1\u91dd\u83c7\u4e86 \u611f\u89ba\u8b8a\u80d6\u4e86\ud83d\ude02"
        },
        {
            "reply_id": "UgzmOpBpuJq7wa4pSH94AaABAg",
            "reply_content": "\u5929\u554a\uff01\u91d1\u91dd\u83c7\u8b8a\u6210\u674f\u9b91\u83c7\u4e86\u3002\u6574\u500b\u80d6\u8d77\u4f86"
        },
        {
            "reply_id": "UgzHERiT9j6Wl--8s414AaABAg",
            "reply_content": "\u770b\u4f60\u5728\u8239\u4e0a\u4ecb\u7d39\u624b\u6a5f\u6211\u5c45\u7136\u4e00\u76f4\u5728\u60f3\u624b\u6a5f\u6703\u4e0d\u6703\u6389\u5230\u6d77\u88e1,\u54c8\u54c8"
        }
    ]
}