{
    "video_info": {
        "id": "3gdUCY1Nzj4",
        "channelTitle": "\u97d3\u52fe\u311f\u91d1\u91dd\u83c7 \ucc10\uca50\uafb8",
        "title": "\u65e9\u8d77\u503c\u5f97\u55ce\uff1f\u53f0\u53575\u9593\u300c\u7279\u8272\u65e9\u9910\u5e97\u300d\u5403\u64ad\u5de1\u79ae\ud83d\udd25\u5403\u7206\u97d3\u570b\u6c92\u6709\u7684\u53f0\u7063\u65e9\u9910\u3010\u7279\u8272\u65e9\u9910\u7cfb\u5217#2\u3011\uff5c\u97d3\u52fe\u311f\u91d1\u91dd\u83c7 \ucc10\uca50\uafb8",
        "description": "\u5594\u8036 \u9019\u6b21\u53bb\u53f0\u5357\u62cd\u651d \u771f\u6ef4\u8d85\u958b\u5fc3\u2764\ufe0f\u9f41\u5537\n\u6211\u53bb\u904e\u53f0\u5357\u6578\u6b21 \u9019\u6b21\u7adf\u7136\u5403\u5230\u6c92\u6709\u5403\u904e\u7684\u65e9\u9910 \u597d\u9a5a\u8277\u5594\uff01\uff01\n\u4e5f\u597d\u597d\u5403 \u5927\u5bb6\u4e00\u5b9a\u8981\u53bb\u5403\u5403\u770b\u62c9\uff5e\uff5e\n\u4e5f\u5f88\u611f\u8b1d\u97d3\u570b\u670b\u53cb \u4e09\u661fGalaxy Z Flip3 5G \u5e6b\u6211\u7d00\u9304\u597d\u591a\u53ef\u611b\u7684\u7167\u7247\n\uff08\u6bd4\u500b\u4e94\u5c31\u80fd\u81ea\u62cd\uff0c\u662f\u4e0d\u662f\u8d85\u53ef\u611b\uff09\u2764\ufe0f\n\u4e0d\u53ea\u8f15\u5de7\u597d\u6536\u7d0d\uff0c\u53c8\u65b9\u4fbf\u651c\u5e36\uff01\n1.9\u540b\u7684\u5c01\u9762\u87a2\u5e55\u9084\u6709\u5feb\u624b\u6307\u4ee4\u529f\u80fd\uff0c\u8b93\u6211\u96a8\u6642\u67e5\u770b\u901a\u77e5\uff5e\n\u4fbf\u5229\u64cd\u4f5c\uff0c\u4e0d\u53ea\u597d\u7528\uff0c\u6642\u9ae6\u53c8\u53ef\u611b \u63a8\u85a6\u7d66\u5404\u4f4d\u5566\uff01\uff01\n\nGalaxy Z Flip3 5G \u751c\u871c\u50f9$30,888\u8d77\uff0c\n11\u6708\u8d77~12/31\u8cfc\u8cb7\u767b\u9304\u5c31\u9001\u77fd\u81a0\u8584\u578b\u80cc\u84cb\u3001\u8a2d\u8a08\u5e2b\u806f\u540d\u6b3e\u6307\u74b0\u5e36\uff08\u4e0d\u6311\u6b3e\uff09\u3001\u7121\u7dda\u9583\u5145\u5145\u96fb\u677f \uff01\n\u4e00\u8d77\u6649\u5347\u5927\u647a\u5b78\u5bb6\ud83d\udc49https://reurl.cc/433aGv\n\n#\u53f0\u7063\u65e9\u9910\n#GalaxyZFlip3\n#\u5927\u647a\u5b78\u5bb6\n#Unfoldyourworld\n #\u842c\u8056\u7bc0 \u5feb\u6a02 #\u53f0\u5357 \n#\u53f0\u5357\u7f8e\u98df #\u53f0\u5357\u725b\u8089\u6e6f #\u53f0\u5357\u65c5\u904a #\u842c\u8056\u7bc0 \u5feb\u6a02\n#\u65e9\u9910\u63a8\u85a6 #\u53f0\u7063\u65e9\u9910\n\u5e0c\u671b\u4f60\u5011\u559c\u6b61\u9019\u90e8\u5f71\u7247\n\u559c\u6b61\u5e6b\u6211\u8a02\u95b1\u6309\u8b9a\u5206\u4eab \u8a18\u5f97\u958b\u555f\u5c0f\u9234\u943a\u6536\u53d6\u65b0\u7247\u901a\u77e5\u5594\uff01\n\n\uff3f\uff3f\uff3f\uff3f\uff3f\uff3f\uff3f\uff3f\uff3f\uff3f\uff3f\uff3f\uff3f\uff3f\uff3f\uff3f\uff3f\uff3f\uff3f\uff3f\uff3f\n\n\u2b50\ufe0f\u91d1\u5bb6\u311f\u5e03\u5e33\u99ac\u8eca\uff1ahttps://www.facebook.com/groups/2297603990535075/\n\u2b50\ufe0f\u91d1\u91dd\u83c7\u7684\u7c89\u5c08: https://www.facebook.com/Koreajinzhengu/\n\u2b50\ufe0f\u91d1\u91dd\u83c7\u7684IG: https://www.instagram.com/ggu__kim/\n\u2b50\ufe0f\u5408\u4f5c\u9080\u7d04\u8acb\u6d3dPressPlay\uff1ajinyoungkim@pressplay.cc\n\n\uff3f\uff3f\uff3f\uff3f\uff3f\uff3f\uff3f\uff3f\uff3f\uff3f\uff3f\uff3f\uff3f\uff3f\uff3f\uff3f\uff3f\uff3f\uff3f\uff3f\uff3f",
        "likeCount": "17604",
        "commentCount": "845",
        "viewCount": "816594"
    },
    "comments": [
        {
            "reply_id": "UgysLl-ZGT2DpIxrM-J4AaABAg",
            "reply_content": "\u4e0b\u4e00\u6b21\u53bb\u54ea\u88e1\u62cd\u300c\u7279\u8272\u65e9\u9910\u7cfb\u5217\u300d\u597d\u5462\uff1f\u63a8\u85a6\u4e00\u4e0b\uff01\uff01\u770b\u5b8c\u8a72\u53bb\u4e00\u8d9f\u53f0\u5357\u4e86\u5427\u5404\u4f4d\u2764\ufe0f"
        },
        {
            "reply_id": "UgzLyatEMlAXgOBrlrJ4AaABAg",
            "reply_content": "\u8d85\u53ef\u611b\u201c\u5927\u647a\u5b78\u5bb6\u201d\u3002\u8d85\u559c\u6b61\u91d1\u91dd\u83c7\u8aaa\u8a71\u7684\u97f3\u8abf\u8ddf\u5e7d\u9ed8\u611f><"
        },
        {
            "reply_id": "UgzNYHkykRo9gnvTqr14AaABAg",
            "reply_content": "\u671f\u5f85\u9084\u6709\u53f0\u5357\u7f8e\u98df\u4ecb\u7d39"
        },
        {
            "reply_id": "UgyS4CvXZM1bV2uQe6d4AaABAg",
            "reply_content": "\u63a8\u85a6\u4f60\u53bb\u9e7f\u6e2f\u7f8e\u98df"
        },
        {
            "reply_id": "Ugzbbi7XjmkXY15hlGp4AaABAg",
            "reply_content": "\u4e0a\u79ae\u62dc\u53bb\u9592\u60c5\u6709\u770b\u5230\u4f60\u7684\u7c3d\u540d\u76e4\ud83d\ude02\ud83d\ude02"
        },
        {
            "reply_id": "Ugyh_j68CgHx0Sinmnp4AaABAg",
            "reply_content": "\u59b3\u8a72\u53bb\u82d7\u6817\u9285\u7f85\uff0c\u53bb\u90a3\u901b\u5f88\u591a\u597d\u5403\u59b3\u6703\u559c\u6b61\u7684"
        },
        {
            "reply_id": "UgxE0fJyHNZDWLd4ik54AaABAg",
            "reply_content": "\u5feb\u5ac1\u7d66\u53f0\u5b9a\u6709\u611b\u59b3\u7684\u4eba\uff0c\u9023\u8001\u4eba\u90fd\u6703\u611b\u59b3"
        },
        {
            "reply_id": "Ugw_KXOhZe3nwFkvdl14AaABAg",
            "reply_content": "\u90fd\u4f86\u53f0\u5357\u4e86\uff0c\u4f86\u65b0\u71df\u9031\u908a\u6436\u7f8e\u98df\u5427\uff01"
        },
        {
            "reply_id": "Ugx4QYxZ68c7zlMrLOh4AaABAg",
            "reply_content": "\u8ad6\u53ef\u611b\u7684\u8a71  \u9019\u624b\u6a5f\u8981\u8ddf\u91d1\u91dd\u83c7\u6bd4 \u53ef\u80fd\u770b\u4e0d\u5230\u91d1\u91dd\u83c7\u7684\u8eca\u5c3e\u71c8"
        },
        {
            "reply_id": "UgwVqKcsV785l5MSVV54AaABAg",
            "reply_content": "\u6b63\u8001\u5e97\u8001\u95c6\u4e5f\u592a\u53ef\u611b\u4e86\uff0c\u7d42\u65bc\u7b49\u5230\u91d1\u91dd\u83c7\u7c3d\u540d\u4e86\n\u963f\u90fd\u6bd4\u592a\u5e78\u798f\u4e86\u5403\u5230\u725b\u8089\u7247"
        },
        {
            "reply_id": "UgxqrpiJQfr5-qUnhrh4AaABAg",
            "reply_content": "\u6bcf\u6b21\u4f86\u53f0\u5357\u5e9c\u57ce\u7d55\u5c0d\u6703\u8b93\u60a8\u6709\u4e0d\u540c\u7684\u9a5a\u8277\u8207\u767c\u73fe\uff0c\u8acb\u6709\u7a7a\u5e38\u4f86\u5594\ud83d\udc4d\ud83d\udc4d"
        },
        {
            "reply_id": "Ugz3QLBmAF-6_0OA1KB4AaABAg",
            "reply_content": "\u5efa\u8b70\u4f60\u53e3\u7f69\u4e0d\u8981\u5fd8\u4e86\u6234"
        },
        {
            "reply_id": "Ugw0ZOBmTX559si_9kd4AaABAg",
            "reply_content": "\u963f\u516c\u963f\u5a46\u86cb\u9905\u53ef\u4ee5\u52a0\u8525\u518d\u714e\u7126\u4e00\u9ede\u3001\u4e0d\u52a0\u91ac\u66f4\u597d\u5403\uff0c\u6211\u76ee\u524d\u5403\u904e\u7684\u7c89\u6f3f\u86cb\u9905\u4e2d\u9084\u6c92\u80fd\u8d0f\u904e\u963f\u516c\u963f\u5a46\u7684~"
        },
        {
            "reply_id": "UgwetOauieWaBHofW9l4AaABAg",
            "reply_content": "\u9019\u6a23\u7684\u696d\u914d\uff0c\u9084\u771f\u53ef\u611b\ud83d\ude04"
        },
        {
            "reply_id": "UgxeupewJyHQIiUuONR4AaABAg",
            "reply_content": "\u600e\u9ebc\u6703\u6c92\u6709\u505a\u5230\u6211\u5011\u5c4f\u6771\u7684\u7f8e\u98df\u5462\uff1f\uff01"
        },
        {
            "reply_id": "UgwiKcAH958wYZSe18d4AaABAg",
            "reply_content": "\u91d1\u91dd\u59d1\u8d85\u53ef\u611b\u7684"
        },
        {
            "reply_id": "Ugwqs-Zmkatgbsrhd0B4AaABAg",
            "reply_content": "\u53f0\u5357\u65b0\u5316\u7684\u714e\u7cbf\u65e9\u9910\u4e5f\u662f\u5f88\u6709\u7279\u8272\u7684\u6b50!\u8ddf\u8089\u7cbf\u53c8\u662f\u4e0d\u4e00\u6a23\u7684\u6771\u897f"
        },
        {
            "reply_id": "Ugw-ue7jafz-9B4kA2p4AaABAg",
            "reply_content": "\u6211\u767c\u89ba\u91d1\u91dd\u83c7\u597d\u50cf\u6c92\u6709\u5230\u904e\u5f70\u5316\u73a9\u543c\n\u8d95\u5feb\u4f86\ud83d\ude02"
        },
        {
            "reply_id": "UgxL9xXLVb6DeZSRvYV4AaABAg",
            "reply_content": "\u91dd\u83c7\u5531\u6b4c\u7684\u6a4b\u6bb5\u8b93\u6211\u60f3\u5230\u5343\u5343~\u54c8\u54c8"
        },
        {
            "reply_id": "UgxNiwFNOyXQE_vTpLN4AaABAg",
            "reply_content": "\u4e0b\u6b21\u6709\u6a5f\u6703\u4f86\u53f0\u5357\uff0c\u518d\u63a8\u85a6\u59b3\u53bb\u5403\u6b63\u6e2f\u53f0\u5357\u4eba\u7684\u65e9\u9910"
        }
    ]
}