{
    "video_info": {
        "id": "3MuU1mmKJ7E",
        "channelTitle": "\u97d3\u52fe\u311f\u91d1\u91dd\u83c7 \ucc10\uca50\uafb8",
        "title": "\u518d\u8acb60\u5e74\u50b3\u7d71\u7406\u9aee\u5e2b\u6f02\u97d3\u570b\u6d41\u884c\u8033\u5708\u67d3\uff01\u6703\u51fa\u8272\u9084\u662f\u51fa\u4e8b\u5462\ud83d\ude28\u9593\u9694\u4e94\u500b\u6708\u7684\u5927\u5192\u96aa\uff01\uff5c\u97d3\u52fe\u311f\u91d1\u91dd\u83c7 \ucc10\uca50\uafb8",
        "description": "\u8b1d\u8b1d\u963f\u4f2f\u5e6b\u6211\u5f04\u982d\u9aee\n\n\ud83c\udf1f\u5049\u7fa4\u7406\u9aee\u5ef3\n\u53f0\u5357\u5e02\u5b89\u5357\u5340\u6d77\u4f43\u8def\u4e00\u6bb5227\u5df713\u865f\n\n#\u53f0\u5357  #\u8033\u5708\u67d3\n#\u526a\u982d\u9aee #\u638f\u8033\u6735\n#\u700f\u6d77\u83c7 #\u97d3\u570b\u6d41\u884c\n#\u53f0\u7063 \u8ffd\u8e64 #\u91d1\u91dd\u83c7 #IG ggu__kim \u770b\u66f4\u591a\u7167\u7247\uff01\n\n\n\u5e0c\u671b\u4f60\u5011\u559c\u6b61\u9019\u90e8\u5f71\u7247\n\u559c\u6b61\u5e6b\u6211\u8a02\u95b1\u6309\u8b9a\u5206\u4eab \u8a18\u5f97\u958b\u555f\u5c0f\u9234\u943a\u6536\u53d6\u65b0\u7247\u901a\u77e5\u5594\uff01\n\n\uff3f\uff3f\uff3f\uff3f\uff3f\uff3f\uff3f\uff3f\uff3f\uff3f\uff3f\uff3f\uff3f\uff3f\uff3f\uff3f\uff3f\uff3f\uff3f\uff3f\uff3f\n\n\u2b50\ufe0f\u91d1\u5bb6\u311f\u5e03\u5e33\u99ac\u8eca\uff1ahttps://www.facebook.com/groups/2297603990535075/\n\u2b50\ufe0f\u91d1\u91dd\u83c7\u7684\u7c89\u5c08: https://www.facebook.com/Koreajinzhengu/\n\u2b50\ufe0f\u91d1\u91dd\u83c7\u7684IG: https://www.instagram.com/ggu__kim/\n\u2b50\ufe0f\u5408\u4f5c\u9080\u7d04\u8acb\u6d3dPressPlay\uff1ajinyoungkim@pressplay.cc\n\n\uff3f\uff3f\uff3f\uff3f\uff3f\uff3f\uff3f\uff3f\uff3f\uff3f\uff3f\uff3f\uff3f\uff3f\uff3f\uff3f\uff3f\uff3f\uff3f\uff3f\uff3f",
        "likeCount": "48970",
        "commentCount": "1978",
        "viewCount": "981229"
    },
    "comments": [
        {
            "reply_id": "UgyCwTVH9iG3jrStlJZ4AaABAg",
            "reply_content": "\u91d1\u91dd\u83c7\u8ddf\u963f\u4f2f\u7684\u4e92\u52d5\u6eff\u6709\u8da3\u6eab\u99a8\u5f88\u68d2\u2764"
        },
        {
            "reply_id": "Ugy5vqglBMSlQGbkeLd4AaABAg",
            "reply_content": "\u7b11\u4e86"
        },
        {
            "reply_id": "UgyEu24MXZpenzPMnlB4AaABAg",
            "reply_content": "\u6211\u611b\u963f\u516c"
        },
        {
            "reply_id": "UgwfH03an-xqOT6YAft4AaABAg",
            "reply_content": "\u91d1\u73cd\u83c7\u59b3\u771f\u7684\u5f88\u68d2\n\u5167\u5bb9\u62cd\u7684\u5f88\u597d\n\u7e7c\u7e8c\u52a0\u6cb9"
        },
        {
            "reply_id": "UgznT7OmGE-O3Dhcfph4AaABAg",
            "reply_content": "Hello\u91d1\u91dd\u83c7\uff0c\u6700\u8fd1\u6709\u53bb\u63a2\u671b\u5433\u8001\u95c6\u55ce\uff1f\u5f88\u559c\u6b61\u770b\u4f60\u8ddf\u5433\u8001\u95c6\u7684\u5f71\u7247\uff0c\u6709\u7a7a\u7684\u8a71\u53bb\u63a2\u671b\u4e00\u4e0b\u5427\uff0c\u611f\u89ba\u4ed6\u5f88\u75bc\u4f60\uff0c\u5e0c\u671b\u4ed6\u8001\u4eba\u5bb6\u4e00\u5207\u5b89\u597d\uff0c\u8eab\u9ad4\u5065\u5eb7\ud83d\ude0a"
        },
        {
            "reply_id": "Ugy97XotP0hx4QkmeHR4AaABAg",
            "reply_content": "\u700f\u6d77\u5f88\u597d\u770b"
        },
        {
            "reply_id": "Ugwbm0l7xe4nStEwohN4AaABAg",
            "reply_content": "\u54c8\u54c8\u54c8\u54c8\u54c8\u54c8\u54c8 \u54ce\u5537 \u65e2\u671f\u5f85\u53c8\u6015\u53d7\u50b7\u5bb3\ud83d\ude02"
        },
        {
            "reply_id": "Ugyxsrb2nFoniwmTS854AaABAg",
            "reply_content": "\u91d1\u91dd\u83c7\u771f\u662f\u4e00\u4f4d\u5584\u826f\u7684\u5c0f\u5973\u751f\u2764\u2764"
        },
        {
            "reply_id": "UgxSLJbepJkogAYhjQl4AaABAg",
            "reply_content": "\u771f\u5fc3\u8b1b\uff0c\u526a\u7684\u771f\u7684\u4e0d\u932f\u5f88\u53ef\u611b\uff0c\u7f8e\u4eba\u89d2\u67d3\u7684\u5f88\u81ea\u7136\u771f\u6f02\u4eae"
        },
        {
            "reply_id": "UgzneiaKEQYfoRzVbfB4AaABAg",
            "reply_content": "\u554a\u516c\u8a2d\u8a08\u9aee\u578b\u5f88\u6f6e"
        },
        {
            "reply_id": "UgyD883wcra6MwUXhMt4AaABAg",
            "reply_content": "\u628a\u6211\u7684\u773c\u6dda\u9084\u4f86! \u5f88\u7169\uff0c\u6bcf\u5929\u770b\u4e00\u6b21\u90fd\u88ab\u91cd\u65b0\u5708\u7c89\u4e00\u6b21"
        },
        {
            "reply_id": "Ugz-EgfDAvXQY15Q8Zp4AaABAg",
            "reply_content": "\u770b\u9019\u96c6\u4e5f\u8b93\u6211\u60f3\u5230\u8d85\u75bc\u611b\u6211\u7684\u963f\u516c\u4ed6\u4e5f\u4e0d\u5728\u4e86\r\n\u770b\u5b8c\u4e5f\u8b93\u6211\u8ddf\u91d1\u91dd\u83c7\u4e00\u6a23QQ\u4e86\r\n\u5927\u5bb6\u771f\u7684\u8981\u597d\u597d\u73cd\u60dc\u73fe\u5728\u64c1\u6709\u7684\u7684\u4eba\u4e8b\u7269~"
        },
        {
            "reply_id": "UgzYkcMwmcjky_5p2RB4AaABAg",
            "reply_content": "\u6211\u4e5f\u60f3\u8d77\u6211\u963f\u516c"
        },
        {
            "reply_id": "UgzRsfY9127fcVadxSZ4AaABAg",
            "reply_content": "\u52c7\u6562\u7684\u7b11\u3001\u52c7\u6562\u7684\u54ed"
        },
        {
            "reply_id": "UgzuPgJUlmIFAZSEHyh4AaABAg",
            "reply_content": "\u91d1\u91dd\u83c7 \u4f60\u771f\u7684\u597d\u68d2"
        },
        {
            "reply_id": "UgzCtW-sySWp2EfFpvl4AaABAg",
            "reply_content": "\u8d85\u559c\u6b61\u91d1\u91dd\u83c7 \u8d85\u53ef\u611b \u5433\u963f\u4f2f\u4e5f\u8d85\u71b1\u60c5\u2764\ufe0f"
        },
        {
            "reply_id": "UgzR6XYr9uMcd2MXEhZ4AaABAg",
            "reply_content": "\u963f\u5317\u526a\u7684\u592a\u7a7a\u700f\u6d77\u610f\u5916\u7684\u9069\u5408\u59b3 \u5f88\u597d\u770b\ud83d\ude02"
        },
        {
            "reply_id": "UgxVo9WBcgn43qa4uU54AaABAg",
            "reply_content": "\u91d1\u9999\u83c7 \u54c8\u54c8\u54c8\u54c8\u54c8\u54c8\u54c8\ud83d\ude02 \u5439\u4e00\u5439\u5c31\u8b8a\u7a7a\u6c23\u700f\u6d77 \u54c8\u54c8\u54c8\u54c8\u54c8\u54c8"
        },
        {
            "reply_id": "UgxrgMdar1_piG6X5rt4AaABAg",
            "reply_content": "\u91d1\u91dd\u83c7\u59b3\u771f\u7684\u8d85\u68d2\u554a\u554a\u554a\u554a\u554a\uff01\u6709\u5920\u559c\u6b61\u59b3\uff01\u8acb\u4f60\u7e7c\u7e8c\u52a0\u6cb9\uff01\u8b1d\u8b1d\u4f60\u7684\u5584\u826f\u8ddf\u771f\u8aa0\u7d00\u9304\u53f0\u7063\u2764\ufe0f"
        },
        {
            "reply_id": "UgwCX8Vbh8k3hZFlRUh4AaABAg",
            "reply_content": "\u54e6\uff0c\u526a\u5b8c\u771f\u7684\u6709\u8b8a\u6f02\u4eae"
        }
    ]
}