{
    "video_info": {
        "id": "44N61H9vzvY",
        "channelTitle": "\u97d3\u52fe\u311f\u91d1\u91dd\u83c7 \ucc10\uca50\uafb8",
        "title": "\u53f0\u5357\u7406\u9aee\u5e2b\u963f\u4f2f\u9080\u8acb\u97d3\u570b\u91d1\u5403\u300c\u5e74\u672b\u5718\u5713\u98ef\u300d\u6eab\u99a8\u53c8\u5e78\u798f\u7684\u4e00\u5929\u2764\ufe0f\uff5c\u97d3\u52fe\u311f\u91d1\u91dd\u83c7 \ucc10\uca50\uafb8",
        "description": "\u8b1d\u8b1d\u963f\u4f2f\u7684\u9080\u8acb\uff0c\u8b93\u6211\u611f\u53d7\u5230\u53f0\u5357\u7684\u60c5\u2764\ufe0f\u2764\ufe0f\n\u4e0b\u6b21\u518d\u53bb\u627e\u4f60\u5594 \u8981\u5065\u5eb7\uff01\u65b0\u5e74\u5feb\u6a02\n\u4e0b\u79ae\u62dc\u4e0b\u4e00\u96c6\u898b\uff01\n\n\u5e0c\u671b\u4f60\u5011\u559c\u6b61\u9019\u90e8\u5f71\u7247\n\u559c\u6b61\u5e6b\u6211\u8a02\u95b1\u6309\u8b9a\u5206\u4eab \u8a18\u5f97\u958b\u555f\u5c0f\u9234\u943a\u6536\u53d6\u65b0\u7247\u901a\u77e5\u5594\uff01\n\n#\u6b72\u672b\u5718\u5713\u98ef #\u904e\u5e74 #\u5e74\u5e74\u6709\u9918 #\u65b0\u5e74\u5feb\u6a02 #\u97d3\u52fe\u311f\u91d1\u91dd\u83c7\n\uff3f\uff3f\uff3f\uff3f\uff3f\uff3f\uff3f\uff3f\uff3f\uff3f\uff3f\uff3f\uff3f\uff3f\uff3f\uff3f\uff3f\uff3f\uff3f\uff3f\uff3f\n\n\u2b50\ufe0f\u91d1\u5bb6\u311f\u5e03\u5e33\u99ac\u8eca\uff1ahttps://www.facebook.com/groups/2297603990535075/\n\u2b50\ufe0f\u91d1\u91dd\u83c7\u7684\u7c89\u5c08: https://www.facebook.com/Koreajinzhengu/\n\u2b50\ufe0f\u91d1\u91dd\u83c7\u7684IG: https://www.instagram.com/ggu__kim/\n\u2b50\ufe0f\u5408\u4f5c\u9080\u7d04\u8acb\u6d3dPressPlay\uff1ajinyoungkim@pressplay.cc\n\n\uff3f\uff3f\uff3f\uff3f\uff3f\uff3f\uff3f\uff3f\uff3f\uff3f\uff3f\uff3f\uff3f\uff3f\uff3f\uff3f\uff3f\uff3f\uff3f\uff3f\uff3f",
        "likeCount": "24002",
        "commentCount": "843",
        "viewCount": "548198"
    },
    "comments": [
        {
            "reply_id": "UgxQoP-DbN-WXim4wsx4AaABAg",
            "reply_content": "\u90a3\u500b\u64c1\u62b1\u771f\u68d2"
        },
        {
            "reply_id": "Ugx-GJKE-hiqxcDFj-94AaABAg",
            "reply_content": "\u91d1\u91dd\u83c7\u4ec0\u9ebc\u6642\u5019\u9084\u6703\u53bb\u53f0\u5357\u554a\u554a\u554a"
        },
        {
            "reply_id": "UgyI0Bw31WyZXO7h2Kp4AaABAg",
            "reply_content": "\u9019\u500b\u963f\u5317\u771f\u7684\u5f88\u53ef\u611b\n\u6628\u5929\u53bb\u627e\u963f\u5317\n\u963f\u5317\u4eba\u771f\u7684\u5f88\u597d"
        },
        {
            "reply_id": "UgwtcO-xYC1Q68XTfll4AaABAg",
            "reply_content": "\u9999\u83c7\u771f\u7684\u5f88\u6709\u89aa\u5207\u611f"
        },
        {
            "reply_id": "UgwDgns3yjt1MsMX7Zp4AaABAg",
            "reply_content": "\u62b1\u4e00\u4e0b\u90a3\u908a\u773c\u7d05\u4e86 \u6211\u4e5f\u597d\u60f3\u963f\u516c\u5594 \u91d1\u91dd\u83c7\u963f\u4f2f\u4e92\u52d5\u592a\u53ef\u611b\u4e86\ud83e\udd70\ud83e\udd70"
        },
        {
            "reply_id": "Ugw9T6Jj1JttzFWbd8d4AaABAg",
            "reply_content": "\u770b\u5230\u9019\u4e00\u6bb5\u5f71\u7247\u5f88\u958b\u5fc3\u4e5f\u5f88\u611f\u4eba\u3002 \u770b\u5230\u91d1\u91dd\u83c7\u5f88\u771f\u8aa0\u7684\u5c0d\u5f85\u4eba\u3001 \u5f1f\u5f1f\u59b9\u59b9\u9084\u6709\u963f\u4f2f\u611f\u53d7\u5230\u3001 \u4e5f\u540c\u6a23\u7684\u771f\u60c5\u7559\u9732\u51fa\u4f86\u71b1\u8aa0\u7684\u6b61\u8fce\u59b3\u3002"
        },
        {
            "reply_id": "UgxsNw5S72D5_7XBdrV4AaABAg",
            "reply_content": "\u597d\u611f\u52d5 \u51fa\u793e\u6703\u898b\u8b58\u904e\u4eba\u5fc3\u7684\u9ed1\u6697\u5df2\u7d93\u6c92\u6709\u6253\u958b\u5fc3\u80f8\u8ddf\u5225\u4eba\u4ea4\u670b\u53cb\u7684\u611f\u89ba\u4e86"
        },
        {
            "reply_id": "UgzbGUEbFeqO-XR6ZwV4AaABAg",
            "reply_content": "\u963f\u516c\u7a81\u7136\u53eb\u5c0f\u91d1\ud83d\ude02"
        },
        {
            "reply_id": "Ugxgmk2kmqHjn0s9ykp4AaABAg",
            "reply_content": "\u54c8\u54c8\u54c8\u54c8\u54c8\u54c8\u54c8\u54c8\u54c8\u54c8\u54c8\u54c8\u54c8 \u592a\u53ef\u611b\u4e86 \u7d05\u9999\u83c7"
        },
        {
            "reply_id": "Ugx2JzJFAutjEWnfMJV4AaABAg",
            "reply_content": "\u597d\u6eab\u99a8"
        },
        {
            "reply_id": "UgxHaVbhaODPB-I5mcx4AaABAg",
            "reply_content": "\u770b\u54ed\u4e86\u5566"
        },
        {
            "reply_id": "Ugylq4zJJHn08b4DN3B4AaABAg",
            "reply_content": "\u771f\u7684\u597d\u6eab\u99a8\u611f\u4eba\u5594\uff01\u8981\u54ed\u4e86\u5566"
        },
        {
            "reply_id": "UgxPQBhWtYLocg_QSax4AaABAg",
            "reply_content": "\u6bcf\u6b21\u770b\u963f\u4f2f\u7684\u5f71\u7247\u90fd\u6703\u773c\u7736\u6fd5\u6fd5\ud83e\udd72"
        },
        {
            "reply_id": "Ugx954D3dPPIm3PzSHd4AaABAg",
            "reply_content": "\u897f\u74dc\u751c\u4e0d\u751c\uff0c\u770b\u5b63\u7bc0"
        },
        {
            "reply_id": "UgxWd7iRrSiYNZNBvr14AaABAg",
            "reply_content": "\u611f\u8b1d\ud83c\udf44\uff0c\u8b93\u6211\u5011\u60f3\u8d77\u8eab\u70ba\u4eba\u4ec0\u9ebc\u624d\u662f\u6700\u53ef\u8cb4\u7684\u3002\u4ee5\u524d\u6211\u8a0e\u53ad\u7db2\u8def\u8b93\u4eba\u5011\u9010\u6f38\u51b7\u6f20\uff0c\u4f46\u73fe\u5728\u6211\u611f\u8b1d\u6709\u7db2\u8def\u7684\u767c\u9054\u8b93\u6211\u88ab\u4e00\u500b\u7570\u9109\u7684\u904a\u5b50\u597d\u597d\u4e0a\u4e86\u4e00\u8ab2\uff0c\u611f\u8b1d\u91d1\u9999\u83c7\uff0c\u65b0\u5e74\u5feb\u6a02 \u54c8\u54c8\ud83d\ude04"
        },
        {
            "reply_id": "Ugys5lFDEKGFlkQ09c14AaABAg",
            "reply_content": "\u8acb\u554f\u6709\u963f\u4f2f\u5e97\u9762\u7684\u5730\u5740\u55ce\u611f\u6069"
        },
        {
            "reply_id": "UgwAGlFyVOaIyD6TaoZ4AaABAg",
            "reply_content": "\u9019\u500b\u770b\u5c31\u77e5\u9053\u662f\u963f\u4f2f\u81ea\u5df1\u6e96\u5099\u7684,\u5982\u679c\u662f\u5bb6\u4eba\u4ee3\u70ba\u6e96\u5099\u7684,\u5c31\u6703\u76f4\u63a5\u6e96\u5099\u91d1\u91dd\u83c7"
        },
        {
            "reply_id": "UgzWiBlj09pxrTy5B994AaABAg",
            "reply_content": "\u4eba\u751f\u6c92\u6709\u4e0d\u6563\u7684\u7b75\u5e2d\u22ef\u22ef\u9019\u53e5\u8a71\u807d\u8d77\u4f86\u6709\u5f88\u591a\u611f\u50b7\u548c\u611f\u52d5\uff01\u807d\u5230\u9019\u53e5\u611f\u89ba\u963f\u4f2f\u6709\u5f88\u591a\u7684\u4e0d\u6368\uff0c\u5bb3\u6211\u90fd\u843d\u6dda\u4e86\ud83e\udd72"
        },
        {
            "reply_id": "UgxMcu093uBO-nM9EWh4AaABAg",
            "reply_content": "\u6c92\u6709\u751a\u9ebc\u7279\u5730\u8a2d\u8a08\u7684\u7051\u72d7\u8840\u8216\u6897 \u537b\u8b93\u6211\u904e\u5e74\u770b\u5f97\u5403\u6c99\u62c9\u773c\u6dda\u76f4\u6d41"
        },
        {
            "reply_id": "UgzGDuqkv3IESyLd3st4AaABAg",
            "reply_content": "\u9019\u7a2e\u6a38\u5be6\u53c8\u71b1\u60c5\u7684\u6a23\u5b50\uff0c\u771f\u7684\u8b93\u4eba\u611f\u52d5\uff0c\u800c\u4e14\u963f\u4f2f\u5c31\u662f\u5b8c\u5168\u628a\u91d1\u91dd\u83c7\u7576\u5bb6\u4eba\uff0c\u5169\u500b\u5c0f\u670b\u53cb\u4e5f\u90fd\u5f88\u61c2\u4e8b\uff0c\u5c0d\u91d1\u91dd\u83c7\u59ca\u59ca\u4f9d\u4f9d\u4e0d\u6368\uff0c\u90a3\u500b\u64c1\u62b1\u5c31\u662f\u4e0b\u6b21\u4e0d\u77e5\u9053\u4f55\u6642\u80fd\u518d\u898b\u9762"
        }
    ]
}