{
    "video_info": {
        "id": "4ArzL7C3rEo",
        "channelTitle": "\u97d3\u52fe\u311f\u91d1\u91dd\u83c7 \ucc10\uca50\uafb8",
        "title": "\u5403\u5230\u9019\u4e9b\u8b8a\u80d6\u4e5f\u7121\u61be\ud83d\ude2d\u53f0\u7063\u5403\u4e0d\u5230\u7684\u300c\u6b63\u5b97\u97d3\u570b\u5bb6\u5e38\u83dc\ud83c\uddf0\ud83c\uddf7\u300d\u597d\u5403\u597d\u611f\u52d5....!\u3010\u56de\u97d3\u570b\u7cfb\u5217\ud83c\uddf0\ud83c\uddf75\u3011\uff5c\u97d3\u52fe\u311f\u91d1\u91dd\u83c7 \ucc10\uca50\uafb8",
        "description": "#\u91d1\u91dd\u83c7\u5403\u5230\u8b8a\u674f\u9b91\u83c7 #\u83c7\u5abd\u6599\u7406 #\u97d3\u570b\u5bb6\u5e38\u83dc #\u5403\u64ad\n\n\n\u5e0c\u671b\u4f60\u5011\u559c\u6b61\u9019\u90e8\u5f71\u7247\n\u559c\u6b61\u5e6b\u6211\u8a02\u95b1\u6309\u8b9a\u5206\u4eab \u8a18\u5f97\u958b\u555f\u5c0f\u9234\u943a\u6536\u53d6\u65b0\u7247\u901a\u77e5\u5594\uff01\n\n\uff3f\uff3f\uff3f\uff3f\uff3f\uff3f\uff3f\uff3f\uff3f\uff3f\uff3f\uff3f\uff3f\uff3f\uff3f\uff3f\uff3f\uff3f\uff3f\uff3f\uff3f\n\n\u2b50\ufe0f\u91d1\u91dd\u83c7\u7684\u97d3\u570b\u7f8e\u98df\u54c1\u724c\uff1ahttps://www.kimkfoods.com\n\u2b50\ufe0f\u91d1\u5bb6\u311f\u5e03\u5e33\u99ac\u8eca\uff1ahttps://www.facebook.com/groups/2297603990535075/\n\u2b50\ufe0f\u91d1\u91dd\u83c7\u7684\u7c89\u5c08: https://www.facebook.com/Koreajinzhengu/\n\u2b50\ufe0f\u91d1\u91dd\u83c7\u7684IG: https://www.instagram.com/ggu__kim/\n\u2b50\ufe0f\u5408\u4f5c\u9080\u7d04\u8acb\u6d3dPressPlay\uff1ajinyoungkim@pressplay.cc\n\n\uff3f\uff3f\uff3f\uff3f\uff3f\uff3f\uff3f\uff3f\uff3f\uff3f\uff3f\uff3f\uff3f\uff3f\uff3f\uff3f\uff3f\uff3f\uff3f\uff3f\uff3f",
        "likeCount": "36655",
        "commentCount": "1505",
        "viewCount": "1463850"
    },
    "comments": [
        {
            "reply_id": "UgyVNxXxpPtuQ-52D3t4AaABAg",
            "reply_content": "\u597d\u60f3\u8981\u6709\u4e00\u500b\u97d3\u570b\u5abd\u5abd\u2764\ufe0f"
        },
        {
            "reply_id": "UgwfsGEC5nRZT8yw3ld4AaABAg",
            "reply_content": "\u53ef\u611b\u7684\u4e00\u5bb6\u4eba\ud83d\ude06"
        },
        {
            "reply_id": "UgwhztI9-FRcJAGnijp4AaABAg",
            "reply_content": "\u597d\u61f7\u5ff5\u5abd\u5abd\u5728\u4e16\u6642\u6211\u8aaa\u809a\u5b50\u9913\u5c31\u6703\u71d2\u4e00\u934b\u597d\u83dc\ud83d\ude22"
        },
        {
            "reply_id": "UgzBaM6e-TrRV4pmAIl4AaABAg",
            "reply_content": "\u767d\u8272\u90a3\u500b\u50cf\u9752\u6912\u7684\u662f\u4ec0\u9ebc\uff1f\ud83d\ude2e"
        },
        {
            "reply_id": "UgywoOEvWMAx4RGbKf54AaABAg",
            "reply_content": "\u91d1\u91dd\u83c7\u592a\u5e78\u798f\u4e86\u5427\uff01\u6709\u5abd\u5abd\u7684\u5b69\u5b50\u662f\u500b\u5bf6\uff5e\u5e73\u5e38\u6211\u4e5f\u4e0d\u4e0b\u5eda\uff0c\u53ea\u6709\u5927\u5973\u5152\u5f9e\u65e5\u672c\u56de\u4f86\uff08\u5728\u8b80\u66f8\uff09\u6211\u624d\u6703\u81ea\u5df1\u4e0b\u5eda\u716e\u7d66\u5973\u5152\u5403\uff0c\u56e0\u70ba\u5979\u559c\u6b61\u5403\u6211\u716e\u7684\u83dc"
        },
        {
            "reply_id": "Ugzme4M6JDkriTDywSx4AaABAg",
            "reply_content": "\u771f\u7684\u6211\u4e5f\u89ba\u5f97\u83c7\u5abd\u5f88\u53b2\u5bb3"
        },
        {
            "reply_id": "UgwddHEzxG6cGuDXnmJ4AaABAg",
            "reply_content": "\u83c7\u5abd\u4e2d\u6587\u5f88\u53b2\u5bb3 \u5eda\u85dd\u66f4\u662f\u68d2 \u6211\u5c0d\u6ce1\u83dc\u62ab\u85a9\u5f88\u6709\u8208\u8da3\u8036"
        },
        {
            "reply_id": "UgzTI1HiCUv34qIj5Nh4AaABAg",
            "reply_content": "\u91d1\u91dd\u83c7\u5f88\u6703\u6492\u5b0c\u5537\u2764\ufe0f"
        },
        {
            "reply_id": "UgzJiDK8PH98heLhJtV4AaABAg",
            "reply_content": "\u97d3\u59b9\u59b9\u90a3\u9053\u83dc\u771f\u7684\u6709\u90a3\u9ebc\u81ed\u55ce"
        },
        {
            "reply_id": "UgyRtDXnmmM6C8n9qcV4AaABAg",
            "reply_content": "\u91d1\u91dd\u83c7\u7684\u4e2d\u6587\u771f\u7684\u5f88\u68d2\uff0c\u5f62\u5bb9\u98df\u7269\u90fd\u5f88\u8b93\u4eba\u5bb9\u6613\u7406\u89e3\uff0c\u4e5f\u6703\u7528\u53f0\u7063\u7684\u98df\u7269\u6bd4\u55bb\uff0c\u8b93\u6c92\u5403\u904e\u7684\u6211\u5011\u80fd\u60f3\u50cf\u7684\u51fa\u4f86"
        },
        {
            "reply_id": "Ugz9beXcS-E5zYTgsj94AaABAg",
            "reply_content": "\u6709\u9019\u6a23\u53b2\u5bb3\u7684\u5abd\u5abd\uff0c\u5927\u5e78\u798f\u4e86\uff01"
        },
        {
            "reply_id": "Ugza8v1qOmEVpFm533B4AaABAg",
            "reply_content": "\u97d3\u570b\u7684\u5bb6\u5e38\u83dc\u770b\u8d77\u4f86\u597d\u597d\u5403"
        },
        {
            "reply_id": "Ugzz3TGgKLqtZIoUt2l4AaABAg",
            "reply_content": "\u91d1\u91dd\u83c7\u7684\u5abd\u5abd\u597d\u53b2\u5bb3\ud83d\ude0e"
        },
        {
            "reply_id": "UgyYfeLnfqv4yLK5oS54AaABAg",
            "reply_content": "\u59b3\u6709\u767c\u73fe\u55ce\uff1f\u6bcf\u4e00\u9910\u59b3\u51fa\u73fe\u7684\u6642\u5019\uff0c\u96d9\u4e0b\u5df4\u597d\u50cf\u53c8\u5927\u4e86\u4e00\u5708\u7684\u6a23\u5b50\uff01\u6700\u8f9b\u82e6\u7684\u5c31\u662f\u91d1\u91dd\u83c7\u7684\u5abd\u5abd\uff0c\u8f9b\u82e6\u4e86\uff0c\u6700\u9ad8\u3002"
        },
        {
            "reply_id": "UgzzcZCTvNK6_tp5E394AaABAg",
            "reply_content": "\u53ef\u4ee5\u7559\u8a00\u55ce\uff1f"
        },
        {
            "reply_id": "UgxQyMObRp38i6FGNnh4AaABAg",
            "reply_content": "\u5abd\u5abd\u8aaa\u4ed6\u6709\u5169\u500b\u5152\u5b50\u4e00\u500b\u5973\u5152 \u90a3\u600e\u9ebc\u9084\u6709\u500b\u59d0\u59d0?"
        },
        {
            "reply_id": "UgwlGRKpHMRmUEpYu2Z4AaABAg",
            "reply_content": "\u6211\u6700\u8fd1\u5c31\u4e00\u76f4\u5728\u60f3\u5230\u5e95\u6211\u628a\u6c34\u9903\u76ae\u62ff\u4f86\u716e\u6e6f\u7684\u7fd2\u6163\u5f9e\u54ea\u88e1\u4f86\u7684\ud83d\ude02\u525b\u597d\u53c8\u91cd\u5237\u9019\u500b\u7cfb\u5217\u7d42\u65bc\u627e\u5230\u4e86\ud83c\udf89"
        },
        {
            "reply_id": "Ugx53hhKVj2-r8Xb9ip4AaABAg",
            "reply_content": "\u597d\u53ef\u611b\u7684\u4e00\u5bb6\u4eba"
        },
        {
            "reply_id": "UgyhccCXZJBa1RNfNP54AaABAg",
            "reply_content": "\u59ca\u59ca\u597d\u6f02\u4eae\u554a\u2764"
        },
        {
            "reply_id": "Ugxr6iDc4AkwgMFQCWR4AaABAg",
            "reply_content": "\u5982\u679c\u6709\u83dc\u55ae\u6211\u5011\u4e5f\u5690\u8a66\u505a\u505a\u770b"
        }
    ]
}