{
    "video_info": {
        "id": "4U9S2GioeKo",
        "channelTitle": "\u97d3\u52fe\u311f\u91d1\u91dd\u83c7 \ucc10\uca50\uafb8",
        "title": "\u63a2\u7d22\u65e5\u672c\u5e02\u5834\u7269\u50f9\ud83c\uddef\ud83c\uddf5\u7fbd\u7403\u968a\u5403\u7206\u300c\u7bc9\u5730\u5e02\u5834\u300d\u5404\u7a2e\u6d77\u9bae\u7f8e\u98df\ud83d\udd25\u4e26\u3105\u3127\u3124\u02cb\u53eb\uff01\u4e00\u8def\u5403\u5230\u665a\u4e0a\ud83d\ude02\uff5c\u97d3\u52fe\u311f\u91d1\u91dd\u83c7 \ucc10\uca50\uafb8",
        "description": "#\u7fbd\u7403\u968a #\u65e5\u672c\u65c5\u884c #\u6771\u4eac\n#\u7bc9\u5730\u5e02\u5834 #\u5408\u4f5c\u793e\n\n\u5e0c\u671b\u4f60\u5011\u559c\u6b61\u9019\u90e8\u5f71\u7247\n\u559c\u6b61\u5e6b\u6211\u8a02\u95b1\u6309\u8b9a\u5206\u4eab \u8a18\u5f97\u958b\u555f\u5c0f\u9234\u943a\u6536\u53d6\u65b0\u7247\u901a\u77e5\u5594\uff01\n\n\uff3f\uff3f\uff3f\uff3f\uff3f\uff3f\uff3f\uff3f\uff3f\uff3f\uff3f\uff3f\uff3f\uff3f\uff3f\uff3f\uff3f\uff3f\uff3f\uff3f\uff3f\n\n\u2b50\ufe0f\u91d1\u91dd\u83c7\u7684\u97d3\u570b\u7f8e\u98df\u54c1\u724c\uff1ahttps://www.kimkfoods.com\n\u2b50\ufe0f\u91d1\u5bb6\u311f\u5e03\u5e33\u99ac\u8eca\uff1ahttps://www.facebook.com/groups/2297603990535075/\n\u2b50\ufe0f\u91d1\u91dd\u83c7\u7684\u7c89\u5c08: https://www.facebook.com/Koreajinzhengu/\n\u2b50\ufe0f\u91d1\u91dd\u83c7\u7684IG: https://www.instagram.com/ggu__kim/\n\u2b50\ufe0f\u5408\u4f5c\u9080\u7d04\u8acb\u6d3dPressPlay\uff1ajinyoungkim@pressplay.cc\n\n\uff3f\uff3f\uff3f\uff3f\uff3f\uff3f\uff3f\uff3f\uff3f\uff3f\uff3f\uff3f\uff3f\uff3f\uff3f\uff3f\uff3f\uff3f\uff3f\uff3f\uff3f",
        "likeCount": "12856",
        "commentCount": "312",
        "viewCount": "858586"
    },
    "comments": [
        {
            "reply_id": "Ugy6UUL-dxelO5qj5VF4AaABAg",
            "reply_content": "\u65e9\u8d77\u914d\u65e9\u9910~\u8b9a\uff01\u7bc9\u5730\u5e02\u5834\u597d\u597d\u5403\uff5e"
        },
        {
            "reply_id": "UgyDk94rzPtUrS2OMt94AaABAg",
            "reply_content": "\u5f88\u6367 \u65e5\u6587"
        },
        {
            "reply_id": "UgwSACzuAgCOS4kSfax4AaABAg",
            "reply_content": "\u6247\u8c9d\u6c92\u51b7\u51cd\u904e\u7684\n\u4e00\u5b9a\u8d85\u8b9a"
        },
        {
            "reply_id": "UgxGegP_pgKiwpbrit94AaABAg",
            "reply_content": "\u97e9\u56fd\u4eba\u8bf4\u65e5\u6587\u8fd8\u86ee\u6807\u51c6\u7684\ud83d\ude02\u6bd4\u4e2d\u6587\u7cfb\u7684\u4eba\u8981\u50cf\u56de\u4e8b\u3002"
        },
        {
            "reply_id": "UgzGrfozHikVz4sthLt4AaABAg",
            "reply_content": "\u6797\u5ba3\u5403\u7d20\u6703\u4e0d\u6703\u4e0d\u65b9\u4fbf\uff1f"
        },
        {
            "reply_id": "Ugyt18hQnD1JhMnGP314AaABAg",
            "reply_content": "\u65e5\u672c\u8ba1\u7a0b\u8f66\u8fd9\u4e48\u8d35\uff0c\u8fd8\u5750\u7684\u8fd9\u4e48\u5f00\u5fc3"
        },
        {
            "reply_id": "UgwENclfys7sTo-0WXp4AaABAg",
            "reply_content": "\u600e\u9ebc\u611f\u89ba\u548c\u725b\u70e4\u5b8c\u5269\u4e09\u5206\u4e4b\u4e00"
        },
        {
            "reply_id": "UgwFHsBRDlkHuy1Ps0h4AaABAg",
            "reply_content": "\u611f\u89ba\u9baa\u9b5a\u4e0d\u597d\u5403~\u8a55\u50f9\u662f\u6211\u4ee5\u70ba\u662f\u751f\u7684\u7d50\u679c\u662f\u719f\u7684~\u662f\u5ae9\u7684~\u662f\u71d9\u7684~\u54c8\u54c8\u54c8\u54c8\u54c8\u7b11\u6b7b\u6211\u5f88\u5a49\u8f49"
        },
        {
            "reply_id": "UgxcSe7jVNnngvYDZW94AaABAg",
            "reply_content": "\u559c\u6b61\u4f60\u5011\u56db\u500b\n\u4e4b\u5f8c\u5e0c\u671b\u53ef\u4ee5\u4e00\u5b63\u62cd\u4e00\u6b21\u597d\u53cb\u65c5\u884c\u884c\u7a0b \u8b93\u5927\u5bb6\u53c3\u8003\ud83c\udf89\ud83c\udf89\ud83d\ude02\ud83d\ude02"
        },
        {
            "reply_id": "Ugz85giobLEzEOge55l4AaABAg",
            "reply_content": "\u91d1\u9488\u83c7\u8d85\u53ef\u7231\u53c8\u7f8e\u4e3d\u3002"
        },
        {
            "reply_id": "UgxR4K3scDp3IKQ3tit4AaABAg",
            "reply_content": "\u91d1\u91dd\u83c7\u53eb\u8a08\u7a0b\u8eca\u7684\u65e5\u6587\u8aaa\u932f\u4e86\u5594\uff01"
        },
        {
            "reply_id": "UgyHcuSlSdaBR5ywGZZ4AaABAg",
            "reply_content": "\u53f8\u6a5f\u597d\u53ef\u611b\u5594\uff01"
        },
        {
            "reply_id": "UgybjEKMRmqcpM8EKnR4AaABAg",
            "reply_content": "\u9019\u96c6\u4f19\u98df\u8cbb\u597d\u9ad8\u54e6\u54e6\ud83e\udd2a"
        },
        {
            "reply_id": "Ugx2iSyWLo6uf2jSzdJ4AaABAg",
            "reply_content": "\u8521\u6b4c\u8ddf\u6797\u5ba3\u771f\u7684\u5f88\u9069\u5408\u518d\u4e00\u8d77....\u6211\u9858\u610f\u5305\u7d05\u5305,\u53bb\u6c99\u9e7f\u5403\u8521\u6b4c\u7684\u559c\u9152"
        },
        {
            "reply_id": "UgwVOONY1FNbw8a7-9d4AaABAg",
            "reply_content": "\u770b\u5b8c\u5f71\u7247\u6c92\u591a\u4e45\uff01\u5c31\u771f\u7684\u4f86\u7bc9\u5730\u4e00\u500b\u4e00\u500b\u5690\u9bae\u56c9\ud83d\ude02\ud83d\ude02"
        },
        {
            "reply_id": "UgxoxzooG0UVfWYSWXp4AaABAg",
            "reply_content": "\u8521\u54e5\u8ddf\u6797\u5ba3\u5728\u4ea4\u5f80\u55ce"
        },
        {
            "reply_id": "UgyvNYAZTFwLmex7J7x4AaABAg",
            "reply_content": "\u770b\u59b3\u5403\u6771\u897f \u66f4\u50cf\u90b0\u667a\u6e90\u90b0\u54e5 \u8868\u60c5\u8c50\u5bcc \u771f\u7684\u597d\u50cf\u90b0\u54e5\ud83e\udd23"
        },
        {
            "reply_id": "UgzhTmjGesCgIa6FdqZ4AaABAg",
            "reply_content": "\u8acb\u554f\u767d\u8272\u659c\u80cc\u888b\u662f\u4ec0\u9ebc\u724c\u5b50 \u60f3\u8cb7\u2764"
        },
        {
            "reply_id": "Ugy7anD6Xt4mXZUC5kJ4AaABAg",
            "reply_content": "\u5509\u5f88\u60f3\u770b\u5b8c\u5168\u90e8\uff0c\u4f46\u662f\u6709\u8521\u54e5"
        },
        {
            "reply_id": "UgyVtPUsG5HQpT66eUZ4AaABAg",
            "reply_content": "\u4e3a\u4ec0\u4e48\u73b0\u5728\u6797\u8431\u6ca1\u8ddf\u5e38\u52c7\u4ed6\u4eec\u4e86\u554a"
        }
    ]
}