{
    "video_info": {
        "id": "505GPHirRvA",
        "channelTitle": "\u97d3\u52fe\u311f\u91d1\u91dd\u83c7 \ucc10\uca50\uafb8",
        "title": "\u97d3\u7d9c\u7adf\u7136\u4ecb\u7d39\u300c\u53f0\u7063\u96b1\u85cf\u7f8e\u98df\u300d\uff1f\u9023\u97d3\u570b\u660e\u661f\u4e5f\u8b9a\u5606\u4e0d\u5df2\ud83d\udd25\ud83d\udd25\u767d\u8001\u5e2b\u3001\u795e\u7ae5\u3001\u597d\u5403\u7684\u50a2\u4f19\u5011\uff5c\u97d3\u52fe\u311f\u91d1\u91dd\u83c7 \ucc10\uca50\uafb8",
        "description": "\u5f71\u7247\u4f86\u6e90\n\n\u300a\u8857\u982d\u7f8e\u98df\u9b25\u58eb\u300b_\u767d\u9418\u5143\nhttps://youtu.be/jB9WhZ6tSBo (8:17\u958b\u59cb)\n\n\ud83c\udf1f\u53f0\u5357\u6797\u7121\u523a\u8671\u76ee\u9b5a\uff1a\u65b0\u5317\u5e02\u4e09\u91cd\u5340\u5927\u667a\u8857173\u865f\n \n\ud83c\udf1f\u96de\u6372\u3001\u8a31\u4ed4\u8c6c\u8173\u9eb5\u7dda\uff1a\u53f0\u5317\u5e02\u5927\u540c\u5340\u4fdd\u5b89\u885749\u5df717\u865f\n\n\u300a\u6230\u9b25\u65c5\u884c\u300b_\u795e\u7ae5 \u91d1\u4fe1\u82f1\nhttps://www.youtube.com/watch?v=1--bGBf3MVk&t=436s (4:15\u958b\u59cb)\n\n\ud83c\udf1f\u4e0a\u8d8a\u96d9\u9023\u6d17\u982d\uff1a\u53f0\u5317\u5e02\u4e2d\u5c71\u5340\u6c11\u751f\u897f\u8def46\u865f2\u6a13 \n\n\u300a\u597d\u5403\u7684\u50a2\u5925\u5011\u300b\nhttps://www.youtube.com/watch?v=ih27HQ39fNk \n\n\ud83c\udf1f\u96ea\u738b\u51b0\u6dc7\u6dcb \uff1a\u53f0\u5317\u5e02\u4e2d\u6b63\u5340\u6b66\u660c\u8857\u4e00\u6bb565\u865f2\u6a13\n\n\u300a\u65b0\u54c1\u4e0a\u5e02 \u4fbf\u5229\u9910\u5ef3\u300b_\u674e\u656c\u63c6\n https://www.youtube.com/watch?v=Z-jY1-OvJSQ \uff082:46\u958b\u59cb\uff09\n\n\ud83c\udf1f\u9d28\u8089\u6241\uff1a\u53f0\u5317\u5e02\u842c\u83ef\u5340\u4e2d\u83ef\u8def\u4e00\u6bb598\u4e4b2\u865f\n\n\n\n\n\u5e0c\u671b\u4f60\u5011\u559c\u6b61\u9019\u90e8\u5f71\u7247\n\u559c\u6b61\u5e6b\u6211\u8a02\u95b1\u6309\u8b9a\u5206\u4eab \u8a18\u5f97\u958b\u555f\u5c0f\u9234\u943a\u6536\u53d6\u65b0\u7247\u901a\u77e5\u5594\uff01\n\n\uff3f\uff3f\uff3f\uff3f\uff3f\uff3f\uff3f\uff3f\uff3f\uff3f\uff3f\uff3f\uff3f\uff3f\uff3f\uff3f\uff3f\uff3f\uff3f\uff3f\uff3f\n\n\u2b50\ufe0f\u91d1\u91dd\u83c7\u7684\u97d3\u570b\u7f8e\u98df\u54c1\u724c\uff1ahttps://www.kimkfoods.com\n\u2b50\ufe0f\u91d1\u5bb6\u311f\u5e03\u5e33\u99ac\u8eca\uff1ahttps://www.facebook.com/groups/2297603990535075/\n\u2b50\ufe0f\u91d1\u91dd\u83c7\u7684\u7c89\u5c08: https://www.facebook.com/Koreajinzhengu/\n\u2b50\ufe0f\u91d1\u91dd\u83c7\u7684IG: https://www.instagram.com/ggu__kim/\n\u2b50\ufe0f\u5408\u4f5c\u9080\u7d04\u8acb\u6d3dPressPlay\uff1ajinyoungkim@pressplay.cc\n\n\uff3f\uff3f\uff3f\uff3f\uff3f\uff3f\uff3f\uff3f\uff3f\uff3f\uff3f\uff3f\uff3f\uff3f\uff3f\uff3f\uff3f\uff3f\uff3f\uff3f\uff3f",
        "likeCount": "20379",
        "commentCount": "461",
        "viewCount": "1103347"
    },
    "comments": [
        {
            "reply_id": "UgxVr1R0bA8UojkSvGZ4AaABAg",
            "reply_content": "\u5b8c\u5168\u8d5e\u540c\u5434\u5b97\u5baa\u8bf4\u7684\uff0c\u8671\u76ee\u9c7c\u51fa\u4e86\u53f0\u5357\u5c31\u4e0d\u662f\u8671\u76ee\u9c7c\u4e86\ud83d\ude02\ud83d\ude02\ud83d\ude02"
        },
        {
            "reply_id": "Ugx68xq9dTC2HK4ycQR4AaABAg",
            "reply_content": "\u6211\u525b\u624d\u6709\u770b\u4f60\u7684\u91d1\u9580\u7684\u5f71\u7247\uff0c\u89ba\u5f97\u4f60\u559d\u4e0d\u591a\uff0c\u4f7f\u6211\u60f3\u8d77\u54aa\u5c0f\u59d0\u53bb\u53f0\u6771\u559d\u5c0f\u7c73\u9152\uff0c\u60f3\u8981\u53bb\u55ce\uff01\u56e0\u70ba\u5979\u5011\u6709\u7d93\u9a57\u7684\u5047\u4fbf\u6709\u9019\u6a23\u60f3\u6cd5\uff0c\u53ef\u4ee5\u53bb\u770b\u4e00\u770b\u5427\u3002"
        },
        {
            "reply_id": "UgzvyDTE4bshz7qaeZB4AaABAg",
            "reply_content": "\u7d71\u4e00\u8089\u71e5\u7c73\u7c89\u70ae\u9762\uff0c\u5404\u5927\u4fbf\u5229\u5546\u5e97\u90fd\u6709\uff0c\u597d\u5403"
        },
        {
            "reply_id": "UgyyevXs6ppM6CEMdP94AaABAg",
            "reply_content": "\u6bcf\u500b\u5730\u65b9\uff0c\u5403\u7684\u65b9\u5f0f\u90fd\u4e0d\u4e00\u6a23\uff0c\u53ea\u8981\u81ea\u5df1\u89ba\u5f97\u597d\u5403\uff0c\u5408\u53e3\u4f4d\u6700\u91cd\u8981"
        },
        {
            "reply_id": "UgzD2k-uXvpL2JT3RZV4AaABAg",
            "reply_content": "\u9019\u662f\u820a\u4e0a\u6d77\u7406\u9aee\u5e97\u7684\u6d17\u982d\u65b9\u6cd5\uff0c\u6211\u5c0f\u6642\u9999\u6e2f\u5230\u8655\u90fd\u662f\u9019\u6a23\u6d17\uff0c\u4e5f\u7b97\u6642\u5c1a\uff01\uff01\ud83d\ude02"
        },
        {
            "reply_id": "UgyRyJ3tlZXkUykduPd4AaABAg",
            "reply_content": "\u91d1\u91dd\u83c7\u597d\u7f8e"
        },
        {
            "reply_id": "UgwmpbsITwmRKTB481J4AaABAg",
            "reply_content": "\u4e0b\u6b21\u53ef\u4ee5\u5e36\u83c7\u7238\u83c7\u5abd\u53bb\u8a66\u8a66\u96ea\u738b~"
        },
        {
            "reply_id": "Ugz2gJhFHMqeiR_w6OF4AaABAg",
            "reply_content": "\u6d17\u982d\u5c31\u662f\u50b3\u7d71\u6d17\u982d,\u6211\u5c0f\u6642\u5019\u5c31\u6d17\u9019\u7a2e,\u5f88\u591a\u5730\u65b9\u90fd\u6709\u5594!!"
        },
        {
            "reply_id": "Ugw0wdkWArECXrYjtS14AaABAg",
            "reply_content": "\u65b0\u54c1\u4e0a\u5e02\u4fbf\u5229\u9910\u5ef3\u6211\u633a\u559c\u6b61\u770b\u7684"
        },
        {
            "reply_id": "UgzU4mc-2fvPmcATmoZ4AaABAg",
            "reply_content": "\u7b49\u7b49 \u90a3\u53ea\u662f\u628a\u6ce1\u6ce1\u62ff\u6389\ud83e\udd23"
        },
        {
            "reply_id": "UgzXvEm0UEowvKpHHGB4AaABAg",
            "reply_content": "\u59b3\u5f88\u68d2\u5594"
        },
        {
            "reply_id": "UgwZm2tQlRlvqVQ2AdF4AaABAg",
            "reply_content": "\u559c\u6b61\u91cd\u53e3\u5473\u8981\u4f86\u53f0\u5357"
        },
        {
            "reply_id": "UgyqqNEL0QHJTmB5RBF4AaABAg",
            "reply_content": "\u8671\u76ee\u9b5a\u7ca5\u7684\u8a71\uff0c\u8eab\u70ba\u53f0\u5357\u4eba\u6700\u63a8\u7684\u4e00\u9593\u5e97...\u57fa\u672c\u4e0a\u8c37\u54e5\u61c9\u8a72\u4e5f\u627e\u4e0d\u5230XD\uff0c\u4e00\u500b\"\u6c92\u6709\u5e97\u540d..\u4f46\u4fd7\u7a31\u963f\u7f8e\u8671\u76ee\u9b5a\u7ca5\"\u7684\u8def\u908a\u5e97\uff0c\u6c92\u6709\u62db\u724c\u3001\u5468\u570d\u9084\u6709\u9ede\u8352\u5ee2\uff0c\u5c31\u662f\u90a3\u9593\u5e97\u7684\u4eba\u6c23\u6709\u9ede\u9ad8(\u4e3b\u8981\u662f\u6bcf\u6b21\u56de\u8001\u5bb6\u62dc\u62dc\u5c31\u6703\u7279\u5730\u53bb\u5403\u3002)\uff0c\u5728\u53f0\u5357\u5357\u5340\u7684\u4e2d\u9593\u5730\u6bb5\uff0c\u7063\u88e1-\u559c\u6a39\u91cc\u7684\u6700\u5317\u7aef\u3002 \u53f0\u5357\u4e5f\u6709\u4e00\u9593\u975e\u5e38\u53e4\u8001\u7684\u5317\u5e73\u70e4\u9d28\uff0c\u4f46..\u76ee\u524d\u54c1\u8cea\u592a\u4e0d\u7a69\u5b9a\u4e86(\u4f46\u662f\u8c37\u54e5\u67e5\u7684\u5230\u3002)\u3002"
        },
        {
            "reply_id": "Ugx_xr-QWPx7JWReZqt4AaABAg",
            "reply_content": "\u5728\u5730\u8001\u53f0\u5317\u4eba\u96de\u6372\u6c92\u6709\u5728\u55ae\u5403\u7684\uff0c\u901a\u5e38\u90fd\u6703\u914d\u9e79\u7ca5\u3001\u7d05\u71d2\u8089\u548c\u70b8\u9bae\u86b5\u3001\u70b8\u96de\u5377\u6574\u5957\u5403\u8d77\u4f86\u624d\u662f\u8c50\u76db\uff0c\u6211\u5e7e\u5341\u5e74\u6c92\u5403\u904e\u4e86\u3002"
        },
        {
            "reply_id": "UgwjXoQsXp1pUH-1haN4AaABAg",
            "reply_content": "\u6d17\u982d\u90a3\u500b\u597d\u597d\u7b11 \u771f\u7684\u662f\u5fc3\u6709\u621a\u621a\u7109 \n\u6211\u5abd\u5728\u505a\u982d\u9aee\u7684 \u5f9e\u5c0f\u770b\u5979\u5e6b\u4eba\u5f04\u982d\u9aee \u6211\u5728\u570b\u4e2d\u4e4b\u524d\u4e5f\u90fd\u662f\u5750\u8457\u7d66\u5abd\u5abd\u6d17\u982d\ud83e\udd23\uff08\u7559\u8a00\u7684\u7576\u4e0b\u6211\u6b63\u5728\u5bb6\u88e1\u67d3\u982d\u9aee\u54c8\u54c8\ud83e\udd23\uff09\n\u524d\u5e7e\u5e74\u9130\u5c45\u4e00\u500b\u963f\u59e8\u554f\u6211\u8981\u4e0d\u8981\u8a66\u8a66\u770b \u5979\u81ea\u544a\u596e\u52c7\u8981\u8b93\u6211\u6d17\u982d\u6b38\uff01\uff08\u90a3\u662f\u6211\u7b2c\u4e00\u6b21\u5e6b\u4eba\u5bb6\u6d17\uff09 \u5f9e\u4e00\u958b\u59cb\u8981\u8d77\u6ce1 \u5230\u6bcf\u500b\u5730\u65b9\u90fd\u8981\u6709\u6ce1\u6ce1 \u7136\u5f8c\u592a\u4e7e\u8981\u52a0\u6c34 \u52a0\u5b8c\u8981\u8d95\u5feb\u6d17\uff08\u6c34\u624d\u4e0d\u6703\u6d41\u4e0b\u4f86\uff09 \u771f\u7684\u6709\u96e3\u5ea6\u54c8\u54c8\u54c8\n\uff08\u7136\u5f8c\u4e5f\u8a66\u904e\u5e6b\u5abd\u5abd\u526a\u8ddf\u67d3 \u5979\u8aaa\u7684\u65b9\u6cd5\u6211\u61c2\u4f46\u624b\u505a\u4e0d\u5230\ud83e\udd23"
        },
        {
            "reply_id": "UgwQQAtlLPpW6sI4PZF4AaABAg",
            "reply_content": "\u6700\u65e9\u662f\u5f9e\u5b9c\u862d\u958b\u59cb\u8ce3\u7684\u96de\u6372"
        },
        {
            "reply_id": "UgwW2qVWRIQOZF6BHU14AaABAg",
            "reply_content": "\u4ee5\u524d\u66fe\u7d93\u5f88\u6d41\u884c\u647a\u7d19\u76d2\uff0c\u6211\u4ee5\u524d\u6700\u6703\u647a\u7684\u5169\u6a23\u6771\u897f\u4e4b\u4e00\uff0c\u53e6\u4e00\u500b\u662f\u7d19\u98db\u6a5f"
        },
        {
            "reply_id": "UgyzxfDe5m9bH2IId014AaABAg",
            "reply_content": "\u91d1\u91dd\u83c7\u4e0d\u7c21\u55ae\u554a\uff0c\u8671\u76ee\u9b5a\u8178\u53ef\u4e0d\u662f\u4ec0\u9ebc\u4eba\u90fd\u5403\u5f97\u4e0b\u53bb\u7684\u6b38~~~"
        },
        {
            "reply_id": "UgwjnQSpDGy1uQAjjIZ4AaABAg",
            "reply_content": "\u4f60\u4e5f\u61c2\u6843\u82b1\u6e90\u8a18\uff0c\u679c\u7136\u662f\u4e2d\u6587\u7cfb\u7684\uff0c\u5f88\u53ef\u4ee5\u963f"
        },
        {
            "reply_id": "UgzCGUM82xn9oHnpOfJ4AaABAg",
            "reply_content": "\u97d3\u570b\u597d\u50cf\u662f\u7092\u51ac\u7c89\u5427\uff0c\u53eb\u505a\u96dc\u83dc\u7684\u6a23\u5b50\u3002\n\n\u97d3\u7d9c\u4ecb\u7d39\u96b1\u85cf\u53f0\u7063\u7f8e\u98df\u6211\u53ea\u8a18\u5f97RM\u904a\u6232\u61f2\u7f70\uff0c\u4e16\u754c\u4e03\u5927\u60e1\u81ed\u98df\u7269\u4e4b\u81ed\u8c46\u8150\uff1b\u674e\u656c\u63c6\u6211\u53ea\u77e5\u9053\u8acb\u7d66\u4e00\u9813\u98efwww"
        }
    ]
}