{
    "video_info": {
        "id": "5WCxodb1k50",
        "channelTitle": "\u97d3\u52fe\u311f\u91d1\u91dd\u83c7 \ucc10\uca50\uafb8",
        "title": "\u8d85\u4f4e\u7269\u50f9\u53c8\u9053\u5730\ud83d\udd25\u5403\u7206\u300c\u97d3\u570b\u50b3\u7d71\u5e02\u5834\u5c0f\u5403\u300d\u97d3\u570b\u5bb6\u5ead\u5403\u4ec0\u9ebcVLOG\ud83e\udd24\uff5c\u97d3\u52fe\u311f\u91d1\u91dd\u83c7 \ucc10\uca50\uafb8",
        "description": "-\u9748\u6cc9\u5e02\u5834 \uc601\ucc9c\uc2dc\uc7a5 (Yeongcheon Traditional Market)\n56 Yeongcheonsijang-gil, Seodaemun-gu, Seoul, \u5357\u97d3\n\n-\u671b\u9060\u5e02\u5834 \ub9dd\uc6d0\uc2dc\uc7a5 (mangwon market)\n27 Poeun-ro 6-gil, Mapo-gu, Seoul, \u5357\u97d3\n\n-\u9752\u74e6\u53f0\u9810\u7d04\u8cc7\u8a0a\uff1ahttps://www.creatrip.com/blog/12736\n#\u91d1\u91dd\u83c7\u56de\u97d3\u570b\u7cfb\u5217 #\u97d3\u570b\u50b3\u7d71\u5e02\u5834\u7f8e\u98df #\u97d3\u570b\u5e02\u5834 #\u97d3\u570b\u5c0f\u5403\n\n\n\u5e0c\u671b\u4f60\u5011\u559c\u6b61\u9019\u90e8\u5f71\u7247\n\u559c\u6b61\u5e6b\u6211\u8a02\u95b1\u6309\u8b9a\u5206\u4eab \u8a18\u5f97\u958b\u555f\u5c0f\u9234\u943a\u6536\u53d6\u65b0\u7247\u901a\u77e5\u5594\uff01\n\n\uff3f\uff3f\uff3f\uff3f\uff3f\uff3f\uff3f\uff3f\uff3f\uff3f\uff3f\uff3f\uff3f\uff3f\uff3f\uff3f\uff3f\uff3f\uff3f\uff3f\uff3f\n\n\u2b50\ufe0f\u91d1\u91dd\u83c7\u7684\u97d3\u570b\u7f8e\u98df\u54c1\u724c\uff1ahttps://www.kimkfoods.com\n\u2b50\ufe0f\u91d1\u5bb6\u311f\u5e03\u5e33\u99ac\u8eca\uff1ahttps://www.facebook.com/groups/2297603990535075/\n\u2b50\ufe0f\u91d1\u91dd\u83c7\u7684\u7c89\u5c08: https://www.facebook.com/Koreajinzhengu/\n\u2b50\ufe0f\u91d1\u91dd\u83c7\u7684IG: https://www.instagram.com/ggu__kim/\n\u2b50\ufe0f\u5408\u4f5c\u9080\u7d04\u8acb\u6d3dPressPlay\uff1ajinyoungkim@pressplay.cc\n\n\uff3f\uff3f\uff3f\uff3f\uff3f\uff3f\uff3f\uff3f\uff3f\uff3f\uff3f\uff3f\uff3f\uff3f\uff3f\uff3f\uff3f\uff3f\uff3f\uff3f\uff3f",
        "likeCount": "22749",
        "commentCount": "776",
        "viewCount": "1324870"
    },
    "comments": [
        {
            "reply_id": "Ugx8CM67x1lIW53eIhN4AaABAg",
            "reply_content": "\u67ff\u5b50\u8ddf\u8783\u87f9\u4e00\u8d77\u5403\u5bb9\u6613\u9020\u6210\u8178\u80c3\u4e0d\u9069\u3001\u6d88\u5316\u4e0d\u826f\u54e6\ud83d\ude02"
        },
        {
            "reply_id": "UgyaACqsUsJuHesV6WN4AaABAg",
            "reply_content": "\u53d7\u9a5a\n\u65e9\u9910\u597d\u91cd\u53e3\u5473\ud83d\ude05"
        },
        {
            "reply_id": "UgwxSHOn50KG2R-OIf14AaABAg",
            "reply_content": "\u6211\u4e0d\u4f1a\u97e9\u8bed\uff0c\u901b\u8fd9\u4e2a\u5e02\u573a\u4f1a\u6709\u6c9f\u901a\u56f0\u96be\u5417\uff1f\u3002\ud83d\ude05"
        },
        {
            "reply_id": "UgyfolV4cw_M6cs8FfN4AaABAg",
            "reply_content": "\u54a6\u60f9 \u8fd9\u4e2a\u67ff\u5b50\u5927\u9646\u597d\u50cf\u5c31\u6709\u54e6"
        },
        {
            "reply_id": "Ugxkt-i3nu9716948qZ4AaABAg",
            "reply_content": "\u53f0\u7063\u4e5f\u6709\u8edf\u67ff\u5594"
        },
        {
            "reply_id": "Ugws4W3u-5X38t5XN5Z4AaABAg",
            "reply_content": "\u67ff\u5b50\u542b\u8c50\u5bcc\u55ae\u5be7\u9178\uff0c\u8783\u87f9\u5247\u542b\u86cb\u767d\u8cea\u3002\u55ae\u5be7\u9178\u5bb9\u6613\u8207\u86cb\u767d\u8cea\u51dd\u7d50\u6210\u584a\uff0c\u4e00\u8d77\u98df\u7528\u6703\u96e3\u4ee5\u6d88\u5316\uff0c\u5bb9\u6613\u9020\u6210\u8178\u80c3\u4e0d\u9069"
        },
        {
            "reply_id": "UgxNnNnGfZlHmyTc_Jd4AaABAg",
            "reply_content": "\u611f\u8b1d\u5206\u4eab\ud83d\ude4f"
        },
        {
            "reply_id": "UgyeK1m9C7AucNKvcjx4AaABAg",
            "reply_content": "\u59ca\u59ca\u597d\u7f8e\uff0c\u5abd\u5abd\u8d85\u8b9a\u4e00\u76f4\u611b\u7684\u716e\u98ef\uff0c\u7238\u7238\u4e5f\u5f88\u53ef\u611b\ud83d\ude0a"
        },
        {
            "reply_id": "UgxZL1WhDw1bUI-gzTR4AaABAg",
            "reply_content": "\u54a6\uff1f\u621113\u5e74\u524d\u5c31\u6709\u9032\u53bb\u53c3\u89c0\u9752\u74e6\u53f0\u4e86\uff0c\u53c3\u89c0\u5b8c\u9084\u6709\u79ae\u7269\u62ff\u5462\uff01"
        },
        {
            "reply_id": "UgwPHeMSww-OjFUbnuF4AaABAg",
            "reply_content": "\u83c7\u83c7\u5982\u679c\u4e0d\u6703\u97d3\u8a9e\u662f\u4e0d\u662f\u5f88\u96e3\u901b\u9019\u7a2e\u5e02\u5834\u5566"
        },
        {
            "reply_id": "UgwaQLOR2M0lgRHbTFJ4AaABAg",
            "reply_content": "\u311f\u02ca\u5403\u5b8c\u8783\u87f9\u5403\u67ff\u5b50\u4e0d\u662f\u5bb9\u6613\u4e2d\u6bd2\u55ce\ud83d\ude2e"
        },
        {
            "reply_id": "Ugz8MR2kSAJ5abbVbaZ4AaABAg",
            "reply_content": "\u6211\u5148\u6bd4\u8f03\u7684\u662f\u5e02\u5834\u6574\u6f54 \u5b8c\u5168\u5c4c\u6253\u53f0\u7063\u554a \u53f0\u7063\u8d85\u9ad2\uff0c\u53ea\u6709\u5c11\u6578\u5730\u65b9\u662f\u4e7e\u6de8\u7684"
        },
        {
            "reply_id": "Ugygg0LAlneY0_5Auxx4AaABAg",
            "reply_content": "\u8863\u670d\u597d\u578b"
        },
        {
            "reply_id": "UgxOw5xRK9C5DLYw0zp4AaABAg",
            "reply_content": "\u7cd6\u9905\u6211\u53bb\u97d3\u570b\u90fd\u5fc5\u6210\u8036\uff0c\u597d\u597d\u5403"
        },
        {
            "reply_id": "UgzDKIQgCMbAQLXl2J94AaABAg",
            "reply_content": "\u97d3\u570b\u6599\u7406\u6211\u89ba\u5f97\u5f88\u597d\u5403\u8036\uff01"
        },
        {
            "reply_id": "UgyaATvdcWbxEWzKGNx4AaABAg",
            "reply_content": "\u59d0\u59d0\u9577\u5f97\u50cf\u5abd\u5abd\uff0c\u91d1\u91dd\u83c7\u6bd4\u8f03\u50cf\u7238\u5abd\u9577\u76f8\u7d9c\u5408\u9ad4\u3002"
        },
        {
            "reply_id": "UgxI9Zr164BzciubH6p4AaABAg",
            "reply_content": "\u597d\u559c\u6b61\u9019\u7a2e\u5168\u5bb6\u4e00\u8d77\u62cd\u7684\u6eab\u6696\u6c1b\u570d"
        },
        {
            "reply_id": "Ugyg24MEpqwkLIADonh4AaABAg",
            "reply_content": "\u4e0d\u8981\u5403\u5b8c\u8783\u87f9\u518d\u5403\u67ff\u5b50\u5566"
        },
        {
            "reply_id": "UgyjK2hEdAWdemEFH0x4AaABAg",
            "reply_content": "\u773c\u775b\u6709\u50cf \u5f9e\u59b3\u7684\u96d9\u773c\u770b\u53ef\u4ee5\u770b\u51fa\u59b3\u78ba\u5be6\u662f\u59b3\u7236\u89aa\u7684\u5973\u5152"
        },
        {
            "reply_id": "UgysR3_r9IZ_Pv8HaVV4AaABAg",
            "reply_content": "\u91d1\u91dd\u83c7\u7684\u8868\u59d0\u662f\u6211\u7684\u5922\u4e2d\u60c5\u4eba\uff0c\u6211\u611b\u59b3\ud83e\udd70"
        }
    ]
}