{
    "video_info": {
        "id": "6JSYOotVSO8",
        "channelTitle": "\u97d3\u52fe\u311f\u91d1\u91dd\u83c7 \ucc10\uca50\uafb8",
        "title": "2021\u6c92\u56de\u5bb6\u9760\u53f0\u7063\u7b2c\u4e8c\u500b\u5bb6\u4eba\u904e\u8056\u8a95\uff01\u6700\u4e86\u89e3\u91d1\u91dd\u83c7\u7684\u4eba\u662f\uff1f\u8056\u8a95\u4ea4\u63db\u79ae\u7269\u73a9\u8d77\u4f86\ud83d\udd25\uff5c\u97d3\u52fe\u311f\u91d1\u91dd\u83c7 \ucc10\uca50\uafb8",
        "description": "2021\u5e74\u8981\u7d50\u675f\u4e86\n\u56de\u982d\u770b \u6709\u597d\u591a\u611f\u6fc0\u7684\u4e8b\u60c5\ud83e\udd7a\ud83d\ude4c\n\u4e5f\u8b1d\u8b1d\u4f60\u5011\u4e00\u76f4\u770b\u8457\u6211\u7684\u5f71\u7247\n\n\u9019\u6b21\u8ddf\u5de5\u4f5c\u5925\u4f34\u5011\u4e00\u8d77\u805a\u9910\u597d\u958b\u5fc3\uff5e\n\u5927\u5bb6 #\u8056\u8a95\u7bc0\u5feb\u6a02 \u9084\u6709 #\u65b0\u5e74\u5feb\u6a02  \u5e0c\u671b\u660e\u5e74\u4e5f\u5065\u5eb7\u842c\u4e8b\u5982\u610f\u5440\u5440\uff01\n\n\u4e5f\u611f\u8b1d\u8212\u9178\u5b9a\u7684\u8d0a\u52a9\u8b93\u6211\u5011\u5403\u98fd\u98fd\uff01\n\u807d\u8aaa\u73fe\u5728\u5728MOMO\u4e5f\u6709\u512a\u60e0\u6d3b\u52d5\uff0c\u6709\u8208\u8da3\u53ef\u4ee5\u5230\u9023\u7d50\u53c3\u8003\u5537\uff01\nhttps://bit.ly/3cH9FY3\n\n#\u76e1\u4eab\u597d\u98df\u5149\u654f\u611f\u5225\u4f86\u4e82 #\u7259\u91ab\u5e2b\u63a8\u85a6\u54c1\u724c #\u8212\u9178\u5b9a #\u6297\u654f\u611f\u7259\u818f #\u654f\u611f\u6027\u7259\u9f52\n\n*\u914d\u5408\u6b63\u78ba\u5237\u7259\u7fd2\u6163\u3002\u82e5\u6709\u7259\u9f52\u76f8\u95dc\u554f\u984c\u5efa\u8b70\u8aee\u8a62\u7259\u91ab\u5e2b\u3002\u6b64\u5f71\u7247\u7531\u8212\u9178\u5b9a\u54c1\u724c\u8d0a\u52a9\u3002\u5c0d\u65bc\u8212\u9178\u5b9a\u7522\u54c1\u6709\u4efb\u4f55\u7591\u554f\uff0c\u8acb\u64a5\u6253\u6d88\u8cbb\u8005\u514d\u8cbb\u5c08\u7dda 0800-212-259\u3002\u5546\u6a19\u70ba\u845b\u862d\u7d20\u53f2\u514b\u96c6\u5718\u64c1\u6709\u6216\u7d93\u6388\u6b0a\u4f7f\u7528\u3002\u00a9 [2021] \u845b\u862d\u7d20\u53f2\u514b\u96c6\u5718\u6216\u5176\u6388\u6b0a\u4eba\u3002 PM-TW-SENO-21-00229\n\n\n\u5e0c\u671b\u4f60\u5011\u559c\u6b61\u9019\u90e8\u5f71\u7247\n\u559c\u6b61\u5e6b\u6211\u8a02\u95b1\u6309\u8b9a\u5206\u4eab \u8a18\u5f97\u958b\u555f\u5c0f\u9234\u943a\u6536\u53d6\u65b0\u7247\u901a\u77e5\u5594\uff01\n\n\uff3f\uff3f\uff3f\uff3f\uff3f\uff3f\uff3f\uff3f\uff3f\uff3f\uff3f\uff3f\uff3f\uff3f\uff3f\uff3f\uff3f\uff3f\uff3f\uff3f\uff3f\n\n\u2b50\ufe0f\u91d1\u5bb6\u311f\u5e03\u5e33\u99ac\u8eca\uff1ahttps://www.facebook.com/groups/2297603990535075/\n\u2b50\ufe0f\u91d1\u91dd\u83c7\u7684\u7c89\u5c08: https://www.facebook.com/Koreajinzhengu/\n\u2b50\ufe0f\u91d1\u91dd\u83c7\u7684IG: https://www.instagram.com/ggu__kim/\n\u2b50\ufe0f\u5408\u4f5c\u9080\u7d04\u8acb\u6d3dPressPlay\uff1ajinyoungkim@pressplay.cc\n\n\uff3f\uff3f\uff3f\uff3f\uff3f\uff3f\uff3f\uff3f\uff3f\uff3f\uff3f\uff3f\uff3f\uff3f\uff3f\uff3f\uff3f\uff3f\uff3f\uff3f\uff3f",
        "likeCount": "7049",
        "commentCount": "172",
        "viewCount": "282852"
    },
    "comments": [
        {
            "reply_id": "UgwnBOLR3cY_QwfwNHB4AaABAg",
            "reply_content": "\u6176\u5e78\u91d1\u91dd\u83c7\u9047\u5230\u597d\u7684\u7d93\u7d00\u516c\u53f8\uff0c\u5927\u9678\u674e\u5b50\u67d2\u5c31\u6bd4\u8f03\u6158\uff0c\u9047\u5230\u4e0d\u597d\u7684\u7d93\u7d00\u516c\u53f8..."
        },
        {
            "reply_id": "UgzEpFAMn-LWw51N3BN4AaABAg",
            "reply_content": "\u89ba\u5f97\u5c31\u7b97\u696d\u914d\u4e5f\u662f\u8212\u670d\u81ea\u7136\u7684\uff0c\u6709\u4e9b\u771f\u7684\u592aover\uff0c\u770b\u5230\u91d1\u91dd\u83c7\u4ecb\u7d39\u6703\u751f\u706b\uff0c\u5c24\u5176\u6ce1\u83dc\u3001\u767d\u863f\u8514\u22ef\u5f88\u7528\u5fc3"
        },
        {
            "reply_id": "UgxhwOREjXDZTOfbiJl4AaABAg",
            "reply_content": "\u6211\u4e5f\u8981\u54ed\u4e86"
        },
        {
            "reply_id": "UgyFuqtOH2yYGBo0PK54AaABAg",
            "reply_content": "\u91d1\u91dd\u83c7\uff0c\u4f60\u5403\u904e\u53f0\u5357\u6b63\u5b97\u9ebb\u6cb9\u96de\u6216\u662f\u5357\u90e8\u7684\u8591\u6bcd\u9d28\u55ce\uff1f\u97d3\u570b\u6709\u985e\u4f3c\u9019\u6a23\u7684\u51ac\u4ee4\u9032\u88dc\u55ce\uff1f"
        },
        {
            "reply_id": "UgzGsYipptbUfcCyNul4AaABAg",
            "reply_content": "\u91d1\u73cd\u83c7\uff0c\u65b0\u5e74\u5feb\u6a02"
        },
        {
            "reply_id": "Ugz7ewKXRNaXzWJUWsZ4AaABAg",
            "reply_content": "\u4e0d\u6127\u662f\u696d\u914d\u83c7  \u9023\u5e74\u672b\u90fd\u8981\u696d\u914d"
        },
        {
            "reply_id": "Ugy8GZXM7eOrEdtBEtF4AaABAg",
            "reply_content": "\u8d85\u6e29\u6696\u7684"
        },
        {
            "reply_id": "UgzDJMDOKt2nq5QOKGJ4AaABAg",
            "reply_content": "\u8b1d\u8b1d\u91d1\u91dd\u83c7\u4e00\u76f4\u5e36\u7d66\u6211\u5011\u9019\u9ebc\u597d\u7684\u5275\u4f5c\n\u8f9b\u82e6\u4f60\u4e5f\u8f9b\u82e6\u5176\u4ed6\u4eba\u4e86!!\n\u770b\u5230\u4f60\u5f88\u958b\u6717\u6eab\u6696\u7684\u6a23\u5b50\u89ba\u5f97\u5f88\u68d2\u5f88\u611f\u52d5\n\u8b1d\u8b1d\u4e00\u76f4\u4ee5\u4f86\u90fd\u5f88\u5805\u5f37\u52aa\u529b\u7684\u91d1\u91dd\u83c7"
        },
        {
            "reply_id": "UgxjFYKcRhhzwTZoebN4AaABAg",
            "reply_content": "\u4e5f\u5e0c\u671b\u75ab\u60c5\u80fd\u5920\u65e9\u65e5\u597d\u8f49\uff0c\u8b93\u91d1\u91dd\u83c7\u56de\u97d3\u570b\u770b\u770b\u5bb6\u4eba\ud83e\udd7a"
        },
        {
            "reply_id": "UgxT-q1FbjXr5_UgqMt4AaABAg",
            "reply_content": "\u59b3\u5f88\u68d2\u8036\uff01\u662f\u6703\u611f\u6069\u7684\u5973\u5b69\uff0c\u53c8\u6696\u5fc3"
        },
        {
            "reply_id": "UgyLvjBcGjyGnGZybrZ4AaABAg",
            "reply_content": "\u90a3\u500b \u7259\u818f\u7684\u7f6e\u5165\u696d\u914d\uff0c\u4e5f\u592a\u7c97\u66b4\u76f4\u767d\u4e86\u5427....\u770b\u4e86\u5f88\u4e0d\u8212\u670d\u554a~\u7d93\u7d00\u4eba\u8acb\u4e0d\u8981\u4e00\u76f4\u6d88\u8cbb\u91d1\u91dd\u83c7\u597d\u55ce?\u597d\u597d\u7be9\u9078\u4e00\u4e0b\u4ee3\u8a00\u7522\u54c1\u8ddf\u7f6e\u5165\u65b9\u5f0f\uff0c\u597d\u55ce??"
        },
        {
            "reply_id": "UgwdfsP1OEsEQR0DTBd4AaABAg",
            "reply_content": "\u6bcf\u6b21\u770b\u5230\u5e03\u9b6f\u65af\u5230\u4f60\u7684\u5f71\u7247\u5c31\u611f\u89ba\u4ed6\u8d85\u7d1a\u53b2\u5bb3\uff01\u5f88\u6709\u60f3\u6cd5\u5f88\u6709\u4f5c\u983b\uff08\u54c1\uff09\u529b\uff01\u5b78\u7fd2\u7684\u76ee\u6a19"
        },
        {
            "reply_id": "UgzEm7RYsAhj3_xywsx4AaABAg",
            "reply_content": "\u5c0f\u91d1\u6210\u529f\u4e4b\u8655\uff0c\u5c31\u662f\u5f71\u7247\u4e2d\uff0c\u6c38\u9060\u6d0b\u6ea2\u8457\u4e00\u80a1\u83ab\u540d\u7684\u6b61\u66a2"
        },
        {
            "reply_id": "Ugz0PPhOfGOboJS9oph4AaABAg",
            "reply_content": "\u9858\u91d1\u91dd\u83c7\u5728\u53f0\u7063\uff0c\u6c38\u9060\u9019\u9ebc\u5e78\u798f\uff0c\u5feb\u6a02\u5e73\u5b89\uff0c\u518d\u4f86\u5c31\u662f\u8de8\u5e74\u4e86\uff01\u770b\u8457\u59b3\u5728\u53f0\u7063\uff0c\u8d8a\u4f86\u8d8a\u591a\u5bb6\u4eba\uff0c\u5f88\u66ff\u59b3\u958b\u5fc3\u54e6\uff01"
        },
        {
            "reply_id": "UgyklxpnjCXD7q9PtyR4AaABAg",
            "reply_content": "\u8b1d\u8b1d\u963f\u83c7\u6301\u7e8c\u62cd\u5f71\u7247 \u5e36\u7d66\u5927\u5bb6\u6b61\u6a02\uff5e"
        },
        {
            "reply_id": "Ugx7ZUIZSdwyGwnsMOB4AaABAg",
            "reply_content": "\u79ae\u7269\ud83c\udf81\u771f\u7684\u883b\u5ee2\u7684\ud83d\ude05\ud83d\ude05\ud83d\ude05\n\u6bcf\u5e74\u8056\u8a95\u4ea4\u63db\u79ae\u7269\ud83c\udf81\u56e0\u70ba\u4e0d\u77e5\u9053\u8cb7\u5565\uff0c\u6700\u5f8c\u6211\u4e00\u5f8b\u9001\u9152\uff08\u6309\u7167\u79ae\u7269\u50f9\u4f4d\u9650\u5236\uff09\u8cb7\u5404\u7a2e\u7d05\u767d\u9152\u3001\u9999\u6ab3\u22ef\uff0c\u5305\u88dd\u7f8e\u53c8\u5927\u65b9\uff0c\u5f88\u5feb\u559d\u6389\u4e0d\u6d6a\u8cbb\uff0c\u6211\u89ba\u5f97\u81ea\u5df1\u8d85\u8070\u660e\ud83d\ude0e"
        },
        {
            "reply_id": "Ugzp8fFUXP3x317Vv-p4AaABAg",
            "reply_content": "\u8acb\u554f\u6ce1\u83dc\u548c\u863f\u8514\u7684\u9023\u7d50\u5728\u54ea\u88e1\uff1f\u9084\u8cb7\u5f97\u5230\u55ce\uff1f"
        },
        {
            "reply_id": "Ugx_-2UqSTrdbFqUX4x4AaABAg",
            "reply_content": "\u6211\u5f88\u559c\u6b61\u7528\u8212\u9178\u5b9a"
        },
        {
            "reply_id": "UgxCfCy08T8LrI9ZNf14AaABAg",
            "reply_content": "\u9019\u500b\u651d\u5f71\u5e2b\u529f\u80fd\u4e5f\u592a\u591a\u4e86\u5427\ud83d\ude05"
        },
        {
            "reply_id": "Ugw8DWywEUKI_oZFKQN4AaABAg",
            "reply_content": "\u8d8a\u62cd\u8d8a\u96e2\u984c \u6c92\u6709\u525b\u62cd\u7684\u521d\u8877 \u8d8a\u5546\u696d\u8a71\u56c9\uff01"
        }
    ]
}