{
    "video_info": {
        "id": "6T58k7dnXFI",
        "channelTitle": "\u97d3\u52fe\u311f\u91d1\u91dd\u83c7 \ucc10\uca50\uafb8",
        "title": "\u7d42\u65bc\u898b\u5230\u963f\u5b24\u4e86\ud83d\ude2d\u770b\u5230\u5979\u7684\u53cd\u61c9\u5dee\u9ede\u6d41\u6dda...\u97d3\u570b\u904e\u5e74\u53bb\u9109\u4e0b\u62dc\u8a2a\u5bb6\u4eba\u5566VLOG\u3010\u56de\u97d3\u570b\u7cfb\u5217\ud83c\uddf0\ud83c\uddf74\u3011\uff5c\u97d3\u52fe\u311f\u91d1\u91dd\u83c7 \ucc10\uca50\uafb8",
        "description": "#\u97d3\u570b\u904e\u5e74 #\u97d3\u570b\u904e\u5e74\u6587\u5316\n\u5e0c\u671b\u4f60\u5011\u559c\u6b61\u9019\u90e8\u5f71\u7247\n\u559c\u6b61\u5e6b\u6211\u8a02\u95b1\u6309\u8b9a\u5206\u4eab \u8a18\u5f97\u958b\u555f\u5c0f\u9234\u943a\u6536\u53d6\u65b0\u7247\u901a\u77e5\u5594\uff01\n\n\uff3f\uff3f\uff3f\uff3f\uff3f\uff3f\uff3f\uff3f\uff3f\uff3f\uff3f\uff3f\uff3f\uff3f\uff3f\uff3f\uff3f\uff3f\uff3f\uff3f\uff3f\n\n\u2b50\ufe0f\u91d1\u91dd\u83c7\u7684\u97d3\u570b\u7f8e\u98df\u54c1\u724c\uff1ahttps://www.kimkfoods.com\n\u2b50\ufe0f\u91d1\u5bb6\u311f\u5e03\u5e33\u99ac\u8eca\uff1ahttps://www.facebook.com/groups/2297603990535075/\n\u2b50\ufe0f\u91d1\u91dd\u83c7\u7684\u7c89\u5c08: https://www.facebook.com/Koreajinzhengu/\n\u2b50\ufe0f\u91d1\u91dd\u83c7\u7684IG: https://www.instagram.com/ggu__kim/\n\u2b50\ufe0f\u5408\u4f5c\u9080\u7d04\u8acb\u6d3dPressPlay\uff1ajinyoungkim@pressplay.cc\n\n\uff3f\uff3f\uff3f\uff3f\uff3f\uff3f\uff3f\uff3f\uff3f\uff3f\uff3f\uff3f\uff3f\uff3f\uff3f\uff3f\uff3f\uff3f\uff3f\uff3f\uff3f",
        "likeCount": "44764",
        "commentCount": "2253",
        "viewCount": "1346317"
    },
    "comments": [
        {
            "reply_id": "UgypbSxF5e4bt6dEGu94AaABAg",
            "reply_content": "\u90a3\u662f\u53f0\u7063\u7684\u4e0d\u6c42\u4eba\u7684\u722a\u80cc\u7684\u6771\u897f\u55ce"
        },
        {
            "reply_id": "Ugz1YeQ2vneDEIDPglJ4AaABAg",
            "reply_content": "\u91d1\u9488\u83c7\u7684\u5c0f\u8868\u59b9\u751c\u7f8e\u53c8\u53ef\u7231"
        },
        {
            "reply_id": "UgzkQsdCHSFYswhWN0p4AaABAg",
            "reply_content": "\u6bcf\u6b21\u770b\u73cd\u83c7\u548c\u5bb6\u4eba\u7684\u76f8\u8655\u6bcf\u6b21\u5fc5\u611f\u52d5\u6d41\u6dda\u2764"
        },
        {
            "reply_id": "Ugzy0TAChAA3ADps41h4AaABAg",
            "reply_content": "\u91d1\u91dd\u83c7\u7684\u5916\u516c\u5916\u5a46 \u771f\u662f\u7f8e\u98df\u5bb6\u5440\uff01\u6bcf\u6b21\u5403\u7684\u6771\u897f\u90fd\u8d85\u7f8e\u5473 \u4ee4\u4eba\u6d41\u53e3\u6c34 \u9019\u6b21\u9c3b\u9b5a \u4e0a\u6b21\u751f\u725b\u8089"
        },
        {
            "reply_id": "Ugx0gq9Z_8bJw9N_HVB4AaABAg",
            "reply_content": "\u9078\u770b\u6709\u963f\u5b24\u7684\u3002\u559c\u6b61\ud83d\udc95"
        },
        {
            "reply_id": "UgxIipr_JZZyf7yXP2p4AaABAg",
            "reply_content": "\u6211\u770b\u54ed\u4e86\ud83d\ude22\n\u5f8c\u9762\u6211\u76f4\u63a5\u7206\u54ed"
        },
        {
            "reply_id": "Ugx8L38_70psJbRn8FV4AaABAg",
            "reply_content": "\u6211\u5011\u7684\u7d05\u8272\u5305\u984f\u8272\u4e0d\u4e00\u6a23\uff08\u7d05\uff09"
        },
        {
            "reply_id": "Ugyjwz0BVhmdH5tgVJ54AaABAg",
            "reply_content": "\u9019\u662f\u83c7\u83c7\u7238\u7238\u9084\u662f\u5abd\u5abd\u7684\u9577\u8f29\u5440\ud83d\ude22"
        },
        {
            "reply_id": "UgyYiPQ6wXQheq7aUYZ4AaABAg",
            "reply_content": "\u96d6\u7136\u770b\u4e86\u5f88\u591a\u904d\u4e86\uff0c\u4f46\u770b\u5230\u963f\u5b24\u898b\u5230\u91d1\u91dd\u83c7\u9084\u662f\u6703\u8ddf\u8457\u6d41\u6dda\u3002"
        },
        {
            "reply_id": "UgxVyVyp5IN380j1t814AaABAg",
            "reply_content": "\u59d0\u59d0\u662f\u5802\u59d0\uff0c\u5927\u4f2f\u6216\u53d4\u53d4\u7684\u5973\u5152\u5e74\u7d00\u6bd4\u59b3\u5927\u7684\u8981\u53eb\u5802\u59d0\uff0c\u5e74\u7d00\u6bd4\u59b3\u5c0f\u7684\u8981\u53eb\u5802\u59b9\u5594\n\u5abd\u5abd\u90a3\u908a\u7684\u624d\u662f\u8868\u59d0\u6216\u8868\u59b9"
        },
        {
            "reply_id": "Ugz6vsBdTarJ63gQ4NJ4AaABAg",
            "reply_content": "\u8868\u59b9\u597d\u6f02\u4eae"
        },
        {
            "reply_id": "Ugx_8D1YFHruTXS4lZx4AaABAg",
            "reply_content": "\u597d\u6709\u611b\u7684\u4e00\u5bb6\u4eba\u554a\uff01\u5b5d\u9806\u7684\u91d1\u91dd\u83c7\uff0c\u597d\u6a23\u2764\uff01"
        },
        {
            "reply_id": "Ugx_q70TZmFySSeEJmd4AaABAg",
            "reply_content": "\u908a\u770b\u908a\u54ed\ud83d\ude2d"
        },
        {
            "reply_id": "UgxFUkE7uWADVwU1gn94AaABAg",
            "reply_content": "\u7236\u89aa\u662f\u7559\u65e5\u6b78\u570b\u7684\u65e5\u672c\u6599\u7406\u5eda\u5e2b \u4ed6\u4e5f\u5f88\u559c\u6b61\u5403\u9c3b\u9b5a\u4e5f\u6709\u65e5\u672c\u4eba\u5c0d\u65bc\u5403\u9c3b\u9b5a\u7684\u90a3\u7a2e\u89c0\u5ff5 \u5176\u5be6\u5c0f\u6642\u5019\u6211\u4e00\u76f4\u5f88\u597d\u5947\u5f88\u671f\u5f85\u5403\u9c3b\u9b5a \u53ea\u662f\u5f8c\u4f86\u5403\u904e\u4e00\u6b21\u4e4b\u5f8c\u5c31\u6c92\u4ec0\u9ebc\u8208\u8da3\u751a\u81f3\u6c92\u8fa6\u6cd5\u7406\u89e3 \u5c0d\u65bc\u6211\u4f86\u8aaa\u6703\u5403\u9c3b\u9b5a\u7684\u4eba\u5927\u6982\u4e3b\u8981\u4e0d\u662f\u70ba\u4e86\u5403\u9c3b\u5427\n\u662f\u8aaa\u9019\u6a23\u8aaa\u4f3c\u4e4e\u4e5f\u4e0d\u592a\u6e96\u78ba\u7562\u7adf\u81fa\u7063\u4eba\u4ee5\u524d\u5c31\u6709\u5403\u571f\u9f8d\u6599\u7406\u7684\u7fd2\u6163\u800c\u4e14\u9084\u8981\u91ce\u751f\u7684\u624d\u53ef\u4ee5 \u53ea\u662f\u73fe\u5728\u91ce\u751f\u571f\u9f8d\u8d8a\u4f86\u8d8a\u96e3\u6293\u597d\u50cf\u8981\u627e\u7279\u5b9a\u5c08\u696d\u7684\u4eba\u4e0b\u55ae\u624d\u6709\u8fa6\u6cd5\u8cb7\u5230 \u7576\u7136\u91ce\u751f\u7684\u4e5f\u662f\u56e0\u70ba\u5f37\u5065"
        },
        {
            "reply_id": "Ugyvp9vXqWgNRCnlqG54AaABAg",
            "reply_content": "\u963f\u5b24\u5176\u5be6\u8981\u7684\u53ea\u662f\u966a\u4f34\uff0c\u6709\u6642\u9593\u5c31\u56de\u53bb\u966a\u4f34\u963f\u5b24\u5427\u2764\u2764\u2764"
        },
        {
            "reply_id": "Ugymb5KmMKAIGb5h9EN4AaABAg",
            "reply_content": "\u54c7\u4f60\u5011\u5168\u5bb6\u4eba\u57fa\u56e0\u90fd\u5f88\u5f37\u5927\uff5e\u5973\u7684\u6f02\u4eae\u7537\u7684\u5e25\uff5e\u91d1\u91dd\u83c7\u771f\u662f\u6211\u5fc3\u76ee\u4e2d\u7684\u5973\u53cb\u2764"
        },
        {
            "reply_id": "Ugz6W1yETE5yW07WNFB4AaABAg",
            "reply_content": "\u5e0c\u671b\u963f\u5abd\u80fd\u6c38\u9060\u5065\u5065\u5eb7\u5eb7\u3001\u5e73\u5b89\u5feb\u6a02\u5537\u263a\n\u4e5f\u671f\u76fc\u963f\u5abd\u80fd\u65e9\u65e5\u518d\u4f86\u53f0\u7063\u65c5\u884c\u3002"
        },
        {
            "reply_id": "UgwHlM6DaJ6iXplSJ0F4AaABAg",
            "reply_content": "\u963f\u5b24\u771f\u7684\u975e\u5e38\u60f3\u59b3\n\u4e00\u5b9a\u8981\u5e38\u5e38\u56de\u4f86\u54e6"
        },
        {
            "reply_id": "UgzuP9_Meskm9Xmbajh4AaABAg",
            "reply_content": "\u91d1\u83c7\u7f75\u9084\u662f\u5f88\u53ef\u611b"
        },
        {
            "reply_id": "UgxvmBH5id6popTtmvd4AaABAg",
            "reply_content": "\u5e78\u798f\u7684\u91dd\u83c7\ud83e\udd70 \u5169\u908a\u7684\u5bb6\u4eba\u611f\u60c5\u90fd\u597d\u89aa\uff0c\u5f97\u4eba\u75bc\u60dc\u7684\u5b69\u5b50 \u2764"
        }
    ]
}