{
    "video_info": {
        "id": "7K5s49BCL94",
        "channelTitle": "\u97d3\u52fe\u311f\u91d1\u91dd\u83c7 \ucc10\uca50\uafb8",
        "title": "\u6253\u4e2d\u97d3\u570b\u963f\u5b24\u5fc3\u7684\u53f0\u7063\u65e9\u9910\u2764\ufe0f\u53ea\u6709\u53f0\u7063\u6709\u7684\u6236\u5916\u6995\u6a39\u4e0b\u7f8e\u98df\u8857\u592a\u7279\u5225\u5566\uff01\u53f0\u7063\u65e5\u5e38VLOG\uff5c\u97d3\u52fe\u311f\u91d1\u91dd\u83c7 \ucc10\uca50\uafb8",
        "description": "#\u97d3\u570b\u963f\u5b24 #\u53f0\u7063\u65e9\u9910\n\n\u5e0c\u671b\u4f60\u5011\u559c\u6b61\u9019\u90e8\u5f71\u7247\n\u559c\u6b61\u5e6b\u6211\u8a02\u95b1\u6309\u8b9a\u5206\u4eab \u8a18\u5f97\u958b\u555f\u5c0f\u9234\u943a\u6536\u53d6\u65b0\u7247\u901a\u77e5\u5594\uff01\n\n\uff3f\uff3f\uff3f\uff3f\uff3f\uff3f\uff3f\uff3f\uff3f\uff3f\uff3f\uff3f\uff3f\uff3f\uff3f\uff3f\uff3f\uff3f\uff3f\uff3f\uff3f\n\n\u2b50\ufe0f\u91d1\u91dd\u83c7\u7684\u97d3\u570b\u7f8e\u98df\u54c1\u724c\uff1ahttps://www.kimkfoods.com\n\u2b50\ufe0f\u91d1\u5bb6\u311f\u5e03\u5e33\u99ac\u8eca\uff1ahttps://www.facebook.com/groups/2297603990535075/\n\u2b50\ufe0f\u91d1\u91dd\u83c7\u7684\u7c89\u5c08: https://www.facebook.com/Koreajinzhengu/\n\u2b50\ufe0f\u91d1\u91dd\u83c7\u7684IG: https://www.instagram.com/ggu__kim/\n\u2b50\ufe0f\u5408\u4f5c\u9080\u7d04\u8acb\u6d3dPressPlay\uff1ajinyoungkim@pressplay.cc\n\n\uff3f\uff3f\uff3f\uff3f\uff3f\uff3f\uff3f\uff3f\uff3f\uff3f\uff3f\uff3f\uff3f\uff3f\uff3f\uff3f\uff3f\uff3f\uff3f\uff3f\uff3f",
        "likeCount": "24566",
        "commentCount": "1054",
        "viewCount": "1036573"
    },
    "comments": [
        {
            "reply_id": "UgyzeCkeRP9OnUMLkC54AaABAg",
            "reply_content": "\u59d0\u59d0\u771f\u5fc3\u559c\u6b61\u6a39\u6728\uff0c\u804a\u5230\u6a39\u773c\u775b\u90fd\u4eae\u4e86\ud83d\ude02"
        },
        {
            "reply_id": "UgwO_C6qEyua7azgaR14AaABAg",
            "reply_content": "\u4f60\u59d0\u7684\u97f3\u6587\u8b1b\u7684\u5f88\u597d"
        },
        {
            "reply_id": "UgxESEgNJ1jvXQdy0154AaABAg",
            "reply_content": "\u5c0d\u5440\uff0c\u83c7\u5f1f\u771f\u7684\u662f\u97d3\u570b\u4eba\u55ce\uff0c\u8b1b\u8a71\u771f\u7684\u5f88\u50cf\u53f0\u7063\u4eba\u4e5f\ud83d\ude0a\ud83d\ude02"
        },
        {
            "reply_id": "Ugxp7INqV7XNfyI37bh4AaABAg",
            "reply_content": "\u83c7\u59d0\u7684\u8208\u8da3\u771f\u53ef\u611b"
        },
        {
            "reply_id": "Ugw60BApONd7RI2C_Jl4AaABAg",
            "reply_content": "\u5831\u540d\u6392\u968a\u8a8d\u8b58\u83c7\u59ca\u54c8\u54c8"
        },
        {
            "reply_id": "Ugzf9Pj3jLZiZQDE2Cl4AaABAg",
            "reply_content": "\u59d1\u59d0\u9577\u5f97\u6f02\u4eae\uff0c\u82f1\u6587\u767c\u97f3\u53c8\u597d\u807d"
        },
        {
            "reply_id": "UgzPbAQmbb2-w6bSYat4AaABAg",
            "reply_content": "\u83c7\u59d0\u7d55\u5c0d\u662f\u97d3\u570b\u6700\u4f73\u6c23\u8cea\u7f8e\u5973\u4eba\u9078\u4e4b\u4e00\u2026\u2026\n\u7b2c\u4e00\u6b21\u63a5\u68d2\u76f4\u64ad\u5f88\u4e0d\u932f\u554a\uff5e\ud83d\ude0a\n\u5168\u5bb6\u4eba\u90fd\u5f88\u5584\u826f\uff5e\n\u65c5\u9014\u90fd\u5e73\u5b89\uff5e\uff5e"
        },
        {
            "reply_id": "Ugwx-AoKzkvBvJ5X8Rl4AaABAg",
            "reply_content": "\u771f\u7684\u80fd\u611f\u53d7\u5230\u60f3\u628a\u8a8d\u540c\u7684\u53f0\u7063\u7f8e\u98df\u4ecb\u7d39\u7d66\u5bb6\u4eba\u7684\u90a3\u7a2e\u71b1\u60c5\u3002"
        },
        {
            "reply_id": "UgynY8ZP2fa9GqdLX354AaABAg",
            "reply_content": "\u59ca\u59ca\u5982\u679c\u559c\u6b61\u6995\u6a39.\u4e0b\u6b21\u4f86\u53f0\u5357\u5e36\u5979\u53bb\u770b\u770b\u53f0\u5357\u6210\u529f\u5927\u5b78\u7684\u6995\u5712..\u5f88\u6f02\u4eae.."
        },
        {
            "reply_id": "Ugx9VqVQ8ydf2vDmm6h4AaABAg",
            "reply_content": "\u59d0\u59d0\u771f\u7684\u5f88\u6f02\u4eae\u662f\u53f0\u7063\u4eba\u559c\u6b61\u7684\u6a23\u5b50\u52a0\u6cb9"
        },
        {
            "reply_id": "UgzbFekSK_82tiFzvkN4AaABAg",
            "reply_content": "\u53e3\u97f3\u63db\u7684\u771f\u597d"
        },
        {
            "reply_id": "Ugwc1l9EFktBJbJ_IlF4AaABAg",
            "reply_content": "\u59d0\u59d0\u597d\u53ef\u611b\ud83e\udd70"
        },
        {
            "reply_id": "Ugy3wh7JFYLS_dfQhMJ4AaABAg",
            "reply_content": "\u597d\u50cf\u7b2c\u4e00\u9910\u6995\u6a39\u4e0b\u5403\u7684\u90fd\u4e0d\u662f\u53f0\u7063\u4eba\u65e9\u4e0a\u6703\u5403\u7684\u98df\u7269\u54c8\u54c8"
        },
        {
            "reply_id": "Ugw-shwxTvrNUcNbuP14AaABAg",
            "reply_content": "\u6709\u83c7\u59ca\u5c31\u9ede\u9032\u4f86\u770b"
        },
        {
            "reply_id": "UgyOKMgPsRBq5gya73R4AaABAg",
            "reply_content": "\u6614\u5152\u6642\u4e5f\u6709\u985e\u4f3c\u5927\u6a39\u4e0b\u6709\u8ce3\u9eb5\uff0c\u53ef\u60dc\u88ab\u62c6\u9664\uff0c\u9eb5\u5e97\u6d88\u5931\ud83d\ude2d"
        },
        {
            "reply_id": "UgxQ2fI04vn-_JMd1HF4AaABAg",
            "reply_content": "\u83c7\u59d0\u5728\u53f0\u7063\u6703\u7d05\u3002\u800c\u4e14\u5f88\u5bb9\u6613\u627e\u5230\u7537\u670b\u53cb\u3002"
        },
        {
            "reply_id": "UgzLrNx4j9ik7Ev7OC14AaABAg",
            "reply_content": "\u6a39\u5f88\u7f8e\u554a\uff5e\u6211\u4e5f\u559c\u6b61\uff0c\u559c\u6b61\u6a39\u5f88\u6b63\u5e38\uff0c\u6c92\u4ec0\u9ebc\u5947\u602a\u3001\u6c92\u4ec0\u9ebc\u597d\u4e0d\u61c2\u7684\u3002\u7528\u5fc3\u9ad4\u6703\uff0c\u5982\u679c\u6c92\u6709\u5927\u6a39\u9019\u88e1\u6703\u662f\u600e\u6a23\u7684\u98a8\u666f\uff0c\u66f4\u4e0d\u6703\u6709\u4eba\u56e0\u70ba\u9019\u88e1\u7f8e\u800c\u53bb\u89c0\u5149\uff01\n\n\u6211\u4f4f\u53f0\u706340\u5e74\u4e5f\u4e0d\u6703\u56e0\u7232\u4f4f\u4e45\u5c31\u89ba\u5f97\u6a39\u6728\u6c92\u4ec0\u9ebc\u3002\u662f\u500b\u4eba\u7684\u554f\u984c\uff0c\u4e0d\u8981\u56e0\u70ba\u81ea\u5df1\u5c0d\u5927\u81ea\u7136\u6c92\u611f\u89ba\uff0c\u5c31\u89ba\u5f97\u5225\u4eba\u559c\u6b61\u6a39\u5f88\u5947\u602a\u54e6\uff01"
        },
        {
            "reply_id": "UgwadD6WOH_F3D__TfJ4AaABAg",
            "reply_content": "\u8eab\u70ba\u53f0\u7063\u4eba\u5b8c\u5168\u4e0d\u77e5\u9053\u6709\u9019\u500b\u5730\u65b9\ud83d\ude02"
        },
        {
            "reply_id": "UgzmDcXKynDd2BZ2zO54AaABAg",
            "reply_content": "\u6148\u8056\u5bae\u4e3b\u795e\u662f\u5abd\u7956"
        },
        {
            "reply_id": "UgxoYMwbAL4As5OLbPZ4AaABAg",
            "reply_content": "\u963f \u6700\u5f8c\u7684\u83c7\u8482\u600e\u9ebc\u6c92\u6253\u78bc"
        }
    ]
}