{
    "video_info": {
        "id": "_irXY5wvZH8",
        "channelTitle": "\u97d3\u52fe\u311f\u91d1\u91dd\u83c7 \ucc10\uca50\uafb8",
        "title": "\u97d3\u570b\u83dc\u903c\u516b\u91d1\u5728\u300c\u53f0\u7063\u50b3\u7d71\u96dc\u8ca8\u5e97\u300d\u6253\u5de5\u8a18...\ud83d\udd25\ud83d\udd25\u8d85\u904e3\u5343\u500b\u54c1\u9805\u6211\u597d\u6015\u5d29\u6f70\ud83d\ude02\uff5c\u97d3\u52fe\u311f\u91d1\u91dd\u83c7 \ucc10\uca50\uafb8",
        "description": "\u7b2c\u4e00\u6b21\u5728\u96dc\u8ca8\u5e97\u6253\u5de5\uff01\n\u8d85\u7d1a\u8d85\u7d1a\u597d\u73a9\u7684\u5440\uff01\uff01\uff01\uff01\n\u96d6\u7136\u8aaa\u5e97\u9577\u8aaa\u5e97\u88e1\u67093\u5343\u591a\u500b\u5546\u54c1\u6211\u76f4\u63a5\u5687\u5230\ud83d\ude35\u200d\ud83d\udcab\ud83d\ude35\u200d\ud83d\udcab\n\u4e0d\u904e\u8001\u95c6\u6709\u773c\u754c\uff01\n\u56e0\u70ba\u5e97\u88e1\u6709\u4f7f\u7528\u591a\u5143\u652f\u4ed8\u7cfb\u7d71\u3001POS\u7cfb\u7d71\n\u99ac\u4e0a\u5c31\u589e\u52a0\u4e86\u6211\u7684\u5de5\u4f5c\u6548\u7387\ud83e\udd17\ud83d\udc4d\n\n\u81fa\u7063\u96f2\u5e02\u96c6\u7684\u88dc\u52a9\u771f\u7684\u883b\u4e0d\u932f\u7684\n\u5982\u679c\u8eab\u908a\u6709\u60f3\u8981\u8f49\u578b\u7684\u5e97 \u53ef\u4ee5\u63a8\u85a6\u63a8\u85a6\u4e00\u4e0b\uff01\n\n\u9019\u908a\u653e\u81fa\u7063\u96f2\u5e02\u96c6\u7684\u8cc7\u8a0a\uff1ahttps://www.tcloud.gov.tw/\n\u5927\u5bb6\u5982\u679c\u9700\u8981\u53ef\u4ee5\u9ede\u9032\u53bb\u770b\u770b\u88dc\u52a9\u65b9\u6848\u5466\n\n#\u7d93\u6fdf\u90e8\u4e2d\u5c0f\u4f01\u696d\u8655\u5ee3\u544a #\u6578\u4f4d\u8f49\u578b #\u81fa\u7063\u96f2\u5e02\u96c6\n\n\u5e0c\u671b\u4f60\u5011\u559c\u6b61\u9019\u90e8\u5f71\u7247\n\u559c\u6b61\u5e6b\u6211\u8a02\u95b1\u6309\u8b9a\u5206\u4eab \u8a18\u5f97\u958b\u555f\u5c0f\u9234\u943a\u6536\u53d6\u65b0\u7247\u901a\u77e5\u5594\uff01\n\n\uff3f\uff3f\uff3f\uff3f\uff3f\uff3f\uff3f\uff3f\uff3f\uff3f\uff3f\uff3f\uff3f\uff3f\uff3f\uff3f\uff3f\uff3f\uff3f\uff3f\uff3f\n\n\u2b50\ufe0f\u91d1\u91dd\u83c7\u7684\u97d3\u570b\u7f8e\u98df\u54c1\u724c\uff1ahttps://www.kimkfoods.com\n\u2b50\ufe0f\u91d1\u5bb6\u311f\u5e03\u5e33\u99ac\u8eca\uff1ahttps://www.facebook.com/groups/2297603990535075/\n\u2b50\ufe0f\u91d1\u91dd\u83c7\u7684\u7c89\u5c08: https://www.facebook.com/Koreajinzhengu/\n\u2b50\ufe0f\u91d1\u91dd\u83c7\u7684IG: https://www.instagram.com/ggu__kim/\n\u2b50\ufe0f\u5408\u4f5c\u9080\u7d04\u8acb\u6d3dPressPlay\uff1ajinyoungkim@pressplay.cc\n\n\uff3f\uff3f\uff3f\uff3f\uff3f\uff3f\uff3f\uff3f\uff3f\uff3f\uff3f\uff3f\uff3f\uff3f\uff3f\uff3f\uff3f\uff3f\uff3f\uff3f\uff3f",
        "likeCount": "13916",
        "commentCount": "457",
        "viewCount": "643315"
    },
    "comments": [
        {
            "reply_id": "UgwTVRIyyj9ou76ZfRF4AaABAg",
            "reply_content": "\u60f3\u53bb\u53f0\u5357\u7684\u91d1\u6cc9\u5174\u53e4\u65e9\u6742\u8d27\u5e97"
        },
        {
            "reply_id": "UgwzjT1Rl9U7-0B5gS94AaABAg",
            "reply_content": "\u5b89\u5e73\u8001\u8857 \u9644\u8fd1\u7684\u96dc\u8ca8\u5e97\u634f \u6bcf\u6b21\u53bb\u90fd\u6703\u8cb7 \u8292\u679c\u4e7e \u597d\u5403\ud83d\ude0b"
        },
        {
            "reply_id": "UgzB78yv1mtxxfXGr3h4AaABAg",
            "reply_content": "\u770b\u904e\u91d1\u91dd\u83c7\u5e7e\u500b\u6253\u5de5\u5f71\u7247 \u611f\u89ba\u53bb\u5916\u9762\u5de5\u4f5c\u61c9\u8a72\u6703\u5f88\u4e0d\u9806\u5229\ud83e\udd23\ud83d\ude13\ud83d\ude13 \u597d\u96aa\u83c7\u83c7\u81ea\u5df1\u7576\u8001\u95c6\u2764\ud83d\ude0d"
        },
        {
            "reply_id": "UgyfIpAAzzu9cyN8lkR4AaABAg",
            "reply_content": "\u4f86\u5230\u6211\u5011\u5b89\u5e73\u5566\uff5e\u907a\u61be\u6c92\u898b\u5230\u91d1\u91dd\u83c7\u672c\u4eba~\u9019\u5bb6\u8001\u5e97\u771f\u7684\u6eff\u6eff\u5c0f\u6642\u5019\u7684\u56de\u61b6~"
        },
        {
            "reply_id": "UgyQ7PCkNROUCTVYIwZ4AaABAg",
            "reply_content": "\u4e5f\u592a\u6d3b\u6f51\u54c8\u54c8\u54c8\ud83d\ude06"
        },
        {
            "reply_id": "UgxkO1evp4DH9xLrHDx4AaABAg",
            "reply_content": "\u7d66\u91d1\u91dd\u83c7100\u5206\ud83c\udf89\u6c92\u60f3\u5230\u771f\u7684\u5f88\u8a8d\u771f\u505a\u4e86\u5f88\u591a\u4e8b\u60c5\uff0c\u770b\u51fa\u4f86\u5f88\u8a8d\u771f\u4e0d\u662f\u96a8\u4fbf\u62cd\u62cd\u7684\u9912\uff01"
        },
        {
            "reply_id": "Ugxlug6VwY9lPsXIxnR4AaABAg",
            "reply_content": "\u6708\u5e95\u60f3\u53bb\u770b\u770b\uff0c\u53e4\u65e9\u5473\u7684\u5e97\uff01"
        },
        {
            "reply_id": "UgxHaXbzaus9J77gVG94AaABAg",
            "reply_content": "\u6c92\u807d\u904e\u9019\u5bb6\u5e97\u8036\uff01\u83c7\u83c7\u63a8\u85a6\uff0c\u4e0b\u6b21\u53bb\u53f0\u5357\u4e00\u5b9a\u8981\u5149\u9867\u4e00\u4e0b"
        },
        {
            "reply_id": "UgxJd6jdfFgOYZbIxmp4AaABAg",
            "reply_content": "\u6700\u611b\u53bb\u7684\u67d1\u4ed4\u5e97\uff0c\u56de\u5473\u5c0f\u6642\u5019\u7684\u96f6\u98df"
        },
        {
            "reply_id": "UgwgVPPusnkLJPKysVl4AaABAg",
            "reply_content": "\u4e5d\u5341\u5206\u5427\uff01"
        },
        {
            "reply_id": "UgwhSYDAQU34YiZp22d4AaABAg",
            "reply_content": "\u83c7\u83c7\u9019\u4e3b\u984c\u8d85\u68d2\u7684\ud83e\udd27\n\u9084\u6709\u4f60\u7684\u51b0\u5403\u932f\u65b9\u5f0f\u4e86\u5662\uff5e\u96d6\u7136\u90fd\u53ef\u4ee5\u5566\uff01\u4f46\u628a\u982d\u626d\u6389\u6bd4\u8f03\u597d\u5403\u5230\u5662\uff0c\u4f60\u6bcf\u500b\u7247\u6211\u90fd\u6709\u8ffd\u5662!!\u83c7\u83c7\u52a0\u6cb9\ud83e\uddf8"
        },
        {
            "reply_id": "UgwR0Qf_6tKe72kYyzl4AaABAg",
            "reply_content": "\u4e4b\u524d\u5728\u9019\u908a\u6253\u5de5\u904e\uff0c\u8001\u95c6\u548c\u5927\u54e5\u5927\u59d0\u4eba\u90fd\u5f88\u597d\uff0c\u5927\u5bb6\u591a\u4f86\u901b\u901b\u2665\ufe0f"
        },
        {
            "reply_id": "UgyKTSYb2FQBSqoYQ4t4AaABAg",
            "reply_content": "\u91d1\u91dd\u83c7\u53bb\u7684\u96dc\u8ca8\u5e97\u6211\u5011\u7562\u65c5\u6709\u53bb\uff0c\u60f3\u8aaa\u600e\u9ebc\u8d8a\u770b\u8d8a\u773c\u719f\uff0c\u96dc\u8ca8\u5e97\u88e1\u9762\u6771\u897f\u771f\u7684\u8d85\u591a\u7684\uff0c\u5c0d\u9762\u98f2\u6599\u5e97\u7684\u963f\u5b24\u4e5f\u5f88\u71b1\u5fc3"
        },
        {
            "reply_id": "UgyXqApLAocJZU6doBZ4AaABAg",
            "reply_content": "\u97d3\u570b\u4eba\u90fd\u597d\u6f02\u4eae"
        },
        {
            "reply_id": "Ugwav-XCdIXSR_QK74F4AaABAg",
            "reply_content": "\u770b\u5230\u90a3\u4e00\u76d2\u5730\u74dc\u5c31\u60f3\u8d77\u5c0f\u6642\u5019\u8d85\u611b\u5403\u3002\u6709\u6a5f\u6703\u53bb\u4e00\u5b9a\u6703\u8cb7\u4f86\u5403"
        },
        {
            "reply_id": "Ugy2KQdil-leAqk0Dyp4AaABAg",
            "reply_content": "\u91d1\u91dd\u83c7\u70ba\u4f55\u611f\u89ba\u5f88\u50cf\u6211\u5011\u53f0\u7063\u98df\u5c1a\u73a9\u5bb6\u4e3b\u6301\u4eba\u5df4\u923a...(\u500b\u4eba\u8a8d\u70ba\uff0c\u5982\u6709\u8aa4\u8acb\u898b\u8ad2!)"
        },
        {
            "reply_id": "Ugwu00AAFwsUXfqfNpZ4AaABAg",
            "reply_content": "\u83c7\u83c7\u597d\u50cf\u4e00\u76f4\u5728\u5403\ud83e\udd23\u597dQ \u5f71\u7247\u4e5f\u597d\u6709\u8da3\uff0c\u662f\u8aaa\u90a3\u9593\u5e97\u6211\u6bcf\u6b21\u53bb\u53f0\u5357\u90fd\u6703\u901b\uff5e\u6771\u897f\u771f\u7684\u5f88\u591a \u8d85\u8b9a"
        },
        {
            "reply_id": "UgxyBEtDMP6FWCuOvbR4AaABAg",
            "reply_content": "\u8d8a\u4f86\u8d8a\u878d\u5165\u53f0\u7063\u751f\u6d3b\u4e86\uff0c\u4e5f\u8d8a\u4f86\u8d8a\u4e86\u89e3\u53f0\u7063\u4e86\u54e6"
        },
        {
            "reply_id": "UgwkHOVZ44F4nc8Jt414AaABAg",
            "reply_content": "\u6839\u672c\u53f0\u5357\u570b\u969b\u884c\u92b7\u4ee3\u8a00\u4eba"
        },
        {
            "reply_id": "Ugzbcu9anic8CDd0kqt4AaABAg",
            "reply_content": "\u96dc\u8ca8\u5e97\u7684\u8001\u95c6\u5011\u4eba\u597d\u89aa\u5207\uff0c\u91d1\u91dd\u83c7\u771f\u7684\u662f\u6700\u63a5\u5730\u6c23\u7684\u5916\u570bYT\u4e86!"
        }
    ]
}