{
    "video_info": {
        "id": "a4py_NNGCg0",
        "channelTitle": "\u97d3\u52fe\u311f\u91d1\u91dd\u83c7 \ucc10\uca50\uafb8",
        "title": "\ud83c\uddf0\ud83c\uddf7\u97d3\u570b\u4eba\u7684\u300c\u8ca1\u5bcc\u81ea\u7531\u300d\u9577\u600e\u9ebc\u6a23\uff1f\u4e0a\u6d41\u793e\u6703\u7684\u7269\u50f9\u5927\u958b\u6211\u7684\u773c\u754c\ud83d\ude022\u5343\u584a\u725b\u5976\u51b0\u2026\uff5c\u97d3\u52fe\u311f\u91d1\u91dd\u83c7 \ucc10\uca50\uafb8",
        "description": "\u597d\u958b\u5fc3\u80fd\u5e36\u7238\u5abd\u4e00\u8d77\u9ad4\u9a57\n\u5e0c\u671b\u53ef\u4ee5\u591a\u7a7a\u51fa\u6642\u9593\u5275\u9020\u66f4\u591a\u4e0d\u540c\u56de\u61b6\u634f\uff5e\uff5e\n\u4e5f\u8b1d\u8b1d\u570b\u6cf0\u4e16\u83ef\u9280\u884cCUBE App \u7684\u5408\u4f5c\n\u6211\u628a\u5f71\u7247\u4e2d\u63d0\u5230\u7684\u8cc7\u8a0a\u653e\u5728\u9019\u4e0b\u9762\u5594\ud83d\udc47\n\nCUBE App\u5fc5\u9808\u666e\u53ca\u8d77\u4f86\uff01\n\ud83d\udccc https://reurl.cc/8qWr1b\n\n\ud83d\udd0e\u5373\u65e5\u8d77\u81f36/30\u7576\u6708\u9054\u6210\u6307\u5b9a\u4efb\u52d9\n\u65bc\u6b21\u67087\u65e5\u81f3\u6b21\u6708\u5e95(\u5373\u6307\u5b9a\u63db\u532f\u512a\u60e0\u671f\u9593\u7684\u71df\u696d\u65e5\u6642\u6bb5)\n\u53ef\u4eabCUBE App\u55ae\u7b46\u4ee5\u65b0\u81fa\u5e63\u514c\u63db\u6307\u5b9a\u5e63\u5225\u7684\u532f\u7387\u6e1b\u78bc\u512a\u60e0\n(\u7f8e\u5143\u532f\u7387-3.8\u5206\u548c\u65e5\u5e63\u532f\u7387-0.15\u5206\u54041\u6b21)\u3002\n\n\ud83d\udd0e2/10-3/31\u5c08\u6848\u5c0d\u8c61\u5b8c\u6210\u4ee5\u4e0b3\u500b\u4efb\u52d9\u5373\u53ef\u4eab5-7\u67085\u842c\u5143\u5167\u6d3b\u5132\u5e74\u606f\u6700\u9ad86%\n1.\u6301\u6709\u5b50\u5e33\u6236\n2.CUBE App\u9996\u6b21\u5b8c\u6210\u5916\u5e63\u63db\u532f\u670d\u52d9\n3.CUBE App\u65b0\u958b\u7acb\u8b49\u5238\u6236\n\n#\u570b\u6cf0\u4e16\u83efCUBEApp #CUBEApp #\u672c\u5f71\u7247\u7531\u570b\u6cf0\u4e16\u83ef\u9280\u884c\u8d0a\u52a9\u64ad\u51fa\n\u8b49\u5238\u670d\u52d9\u7531\u570b\u6cf0\u7d9c\u5408\u8b49\u5238\u63d0\u4f9b\nCUBE App\u662f\u7531\u570b\u6cf0\u4e16\u83ef\u9280\u884c\u5efa\u7f6e\n\u6295\u8cc7\u4e00\u5b9a\u6709\u98a8\u96aa\uff0c\u57fa\u91d1\u6295\u8cc7\u6709\u8cfa\u6709\u8ce0\uff0c\u7533\u8cfc\u524d\u61c9\u8a73\u95b1\u516c\u958b\u8aaa\u660e\u66f8\n\n\u5e0c\u671b\u4f60\u5011\u559c\u6b61\u9019\u90e8\u5f71\u7247\n\u559c\u6b61\u5e6b\u6211\u8a02\u95b1\u6309\u8b9a\u5206\u4eab \u8a18\u5f97\u958b\u555f\u5c0f\u9234\u943a\u6536\u53d6\u65b0\u7247\u901a\u77e5\u5594\uff01\n\n\uff3f\uff3f\uff3f\uff3f\uff3f\uff3f\uff3f\uff3f\uff3f\uff3f\uff3f\uff3f\uff3f\uff3f\uff3f\uff3f\uff3f\uff3f\uff3f\uff3f\uff3f\n\n\u2b50\ufe0f\u91d1\u91dd\u83c7\u7684\u97d3\u570b\u7f8e\u98df\u54c1\u724c\uff1ahttps://www.kimkfoods.com\n\u2b50\ufe0f\u91d1\u5bb6\u311f\u5e03\u5e33\u99ac\u8eca\uff1ahttps://www.facebook.com/groups/2297603990535075/\n\u2b50\ufe0f\u91d1\u91dd\u83c7\u7684\u7c89\u5c08: https://www.facebook.com/Koreajinzhengu/\n\u2b50\ufe0f\u91d1\u91dd\u83c7\u7684IG: https://www.instagram.com/ggu__kim/\n\u2b50\ufe0f\u5408\u4f5c\u9080\u7d04\u8acb\u6d3dPressPlay\uff1ajinyoungkim@pressplay.cc\n\n\uff3f\uff3f\uff3f\uff3f\uff3f\uff3f\uff3f\uff3f\uff3f\uff3f\uff3f\uff3f\uff3f\uff3f\uff3f\uff3f\uff3f\uff3f\uff3f\uff3f\uff3f",
        "likeCount": "21697",
        "commentCount": "679",
        "viewCount": "1038056"
    },
    "comments": [
        {
            "reply_id": "UgyvqdEtv7v-1SuERid4AaABAg",
            "reply_content": "\u80fd\u5728\u5bb6\u8207\u5bb6\u4eba\u4e00\u8d77\u7528\u9910\u624d\u662f\u4eba\u751f\u6700\u5927\u7684\u5e78\u798f"
        },
        {
            "reply_id": "UgyynGKj0DnoQ8urPLl4AaABAg",
            "reply_content": "\u7591 \u83c7\u7238\u7761\u54ea\u88e1"
        },
        {
            "reply_id": "Ugxa7W5cNDuWdL5MfEd4AaABAg",
            "reply_content": "\u597d\u5b5d\u9806\u554a\u3002"
        },
        {
            "reply_id": "UgzIhYwc5_Tpk4zXSsl4AaABAg",
            "reply_content": "\u91dd\u83c7\u5abd\u597d\u7f8e"
        },
        {
            "reply_id": "UgwVry5R39fnf7xJp0h4AaABAg",
            "reply_content": "\u53ef\u4ee5\u5566\uff0c\u4eca\u91dd\u83c7\u73fe\u662f\u8d85\u904e\u767e\u842cy\u571f\u4f2f\uff0c\u8acb\u7238\u5abd\u5403\u9ad8\u7d1a\u7684\u53ef\u4ee5\u5566"
        },
        {
            "reply_id": "UgzYWFvkUeAG3Cnf6I54AaABAg",
            "reply_content": "\u8a8d\u771f\u89ba\u5f97\u7238\u7238\u5f88\u5e25\uff0c\u800c\u4e14\u8eab\u6750\u7ba1\u7406\u5f88\u597d\uff0c\u91cd\u9ede\u662f\u5e74\u9f61\u53c8\u4e0d\u5c0f\uff0c\u4e0d\u8aaa\u6211\u6703\u4ee5\u70ba\u662f\u8981\u4e0a\u96fb\u8996\u7684\u95dc\u4fc2\u3002"
        },
        {
            "reply_id": "UgyXmbPu6F9-7d6lsj94AaABAg",
            "reply_content": "\u5f88\u559c\u6b61\u770b\u83c7\u83c7\u548c\u5bb6\u4eba\u5728\u4e00\u8d77\u7684\u5f71\u7247\u5440\uff01\u5176\u5be6\u6574\u90e8\u770b\u4e0b\u4f86\u89ba\u5f97\u6700\u597d\u5403\u7684\u5c45\u7136\u662f\u83c7\u5abd\u7684\u62cc\u98ef\ud83e\udd29\n\u770b\u5230\u90a3\u53e5(\u6700\u9ad8\u554a\uff01)OS\u5fcd\u4e0d\u4f4f\u7b11\u51fa\u4f86\uff0c\u53f0\u5f0f\u65e5\u6587\u50b3\u5230\u97d3\u570b\u4e86\u54c8\u54c8XDD"
        },
        {
            "reply_id": "UgxNubljjLHf7Rz2sFx4AaABAg",
            "reply_content": "\u60f3\u5403\u5abd\u5abd\u505a\u7684\u62cc\u98ef\uff0c\u611f\u89ba\u8d85\u597d\u5403\u2764"
        },
        {
            "reply_id": "UgxTYmvisFgsm8Qsq7h4AaABAg",
            "reply_content": "\u91d1\u91dd\u83c7\u5f88\u5b5d\u9806\uff0c\u4e5f\u5f88\u61c2\u5f97\u7bc0\u5109\u9817\u6709\u5ba2\u5bb6\u4eba\u52e4\u596e\u7bc0\u5109\u7684\u7279\u8272"
        },
        {
            "reply_id": "UgxItRsjU63DiQNsBpJ4AaABAg",
            "reply_content": "\u91d1\u7238\u597d\u5e25\uff0c\u597d\u6709\u7d33\u58eb\u6c23\u8cea~\u9019\u662f\u5973\u4eba\u90fd\u6703\u60f3\u5ac1\u7684\u7537\u4eba\u5427\uff5e\ud83e\udd70\ud83e\udd70"
        },
        {
            "reply_id": "UgyJdJGkIMI8EN8FjPN4AaABAg",
            "reply_content": "\u91d1\u91dd\u83c7\u8a87\u734e\u98ef\u5e97\u5916\u6696\u7210 \u8cbc\u5fc3\u7684\u6642\u5019\uff0c\u8d85!\u53f0!\u7684! \u597d\u559c\u6b61\u54c8\u54c8\u54c8"
        },
        {
            "reply_id": "Ugz2AXUBFmQmChqF7Ah4AaABAg",
            "reply_content": "\u83c7\u5abd\u6c23\u8cea\u4e5f\u8d85\u597d"
        },
        {
            "reply_id": "Ugwr5dRDG4aHoKJhtzp4AaABAg",
            "reply_content": "\u68d2\u68d2\u7684\u83c7 \u7fa8\u6155\u59b3"
        },
        {
            "reply_id": "Ugyk4CsHaFwFx6-1E3Z4AaABAg",
            "reply_content": "\u5abd\u5abd\u771f\u7684\u592a\u53ef\u611b\u4e86\ud83d\ude02\u8ddf\u5973\u9d5d\u7684\u5c0d\u8a71\u8d85\u7d1a\u641e\u7b11\ud83e\udd23"
        },
        {
            "reply_id": "Ugy19W33J60JR0GBgTd4AaABAg",
            "reply_content": "\u597d\u5b5d\u9806\u7684\u91d1\u91dd\u83c7\uff0c\u7238\u7238\u5abd\u5abd\u771f\u7684\u5f88\u5e78\u798f\u6709\u4f60\u9019\u6a23\u7684\u5973\u5152"
        },
        {
            "reply_id": "UgyLBRnf2aNL3WvAEdd4AaABAg",
            "reply_content": "\u8d85\u6e29\u6696\u7684\u4e00\u5bb6\u2764"
        },
        {
            "reply_id": "UgyFtJWKzRB8JvDf1C94AaABAg",
            "reply_content": "\u7238\u5abd\u592a\u6709\u8da3\u4e86"
        },
        {
            "reply_id": "UgxGHZseLEA6H2L_OMt4AaABAg",
            "reply_content": "\u6709\u5ee3\u544a\u8cfa\u9322\uff0c\u53c8\u53ef\u4ee5\u56de\u53bb\u966a\u7238\u5abd\uff0c\u8d85\u7d1a\u5e78\u798f\u7684"
        },
        {
            "reply_id": "Ugx4ZoxZN9YVJNg5KnF4AaABAg",
            "reply_content": "\u8d85\u611b\u97d3\u5f0f\u6599\u7406\uff0c\u5df2\u7d93\u7fd2\u6163\u7528\u6e6f\u5319\u5403\u98ef\u914d\u6e6f\ud83d\ude02"
        },
        {
            "reply_id": "UgxiLYxEQhusJEwIfzt4AaABAg",
            "reply_content": "\u83c7\u83c7\u6700\u5f8c\u8b1b\u90a3\u6bb5\u8a71\u592a\u611f\u4eba\u4e86\ud83e\udd79\ud83e\udd79"
        }
    ]
}