{
    "video_info": {
        "id": "A5F0Ef6C02s",
        "channelTitle": "\u97d3\u52fe\u311f\u91d1\u91dd\u83c7 \ucc10\uca50\uafb8",
        "title": "\u5e36\u97d3\u570b\u963f\u5b24\u5403\u7206\u53f0\u7063\u6d77\u9bae\u9910\u5ef3\u2764\ufe0f\u5403\u5b8c\u53eb\u6211\u8ddf\u53f0\u7063\u4eba\u7d50\u5a5a..\uff08\uff1f\uff09\ud83d\ude02\uff5c\u97d3\u52fe\u311f\u91d1\u91dd\u83c7 \ucc10\uca50\uafb8",
        "description": "#\u97d3\u570b\u963f\u5b24 #\u53f0\u7063\u6d77\u9bae\u9910\u5ef3\n\n\u5e0c\u671b\u4f60\u5011\u559c\u6b61\u9019\u90e8\u5f71\u7247\n\u559c\u6b61\u5e6b\u6211\u8a02\u95b1\u6309\u8b9a\u5206\u4eab \u8a18\u5f97\u958b\u555f\u5c0f\u9234\u943a\u6536\u53d6\u65b0\u7247\u901a\u77e5\u5594\uff01\n\n\uff3f\uff3f\uff3f\uff3f\uff3f\uff3f\uff3f\uff3f\uff3f\uff3f\uff3f\uff3f\uff3f\uff3f\uff3f\uff3f\uff3f\uff3f\uff3f\uff3f\uff3f\n\n\u2b50\ufe0f\u91d1\u91dd\u83c7\u7684\u97d3\u570b\u7f8e\u98df\u54c1\u724c\uff1ahttps://www.kimkfoods.com\n\u2b50\ufe0f\u91d1\u5bb6\u311f\u5e03\u5e33\u99ac\u8eca\uff1ahttps://www.facebook.com/groups/2297603990535075/\n\u2b50\ufe0f\u91d1\u91dd\u83c7\u7684\u7c89\u5c08: https://www.facebook.com/Koreajinzhengu/\n\u2b50\ufe0f\u91d1\u91dd\u83c7\u7684IG: https://www.instagram.com/ggu__kim/\n\u2b50\ufe0f\u5408\u4f5c\u9080\u7d04\u8acb\u6d3dPressPlay\uff1ajinyoungkim@pressplay.cc\n\n\uff3f\uff3f\uff3f\uff3f\uff3f\uff3f\uff3f\uff3f\uff3f\uff3f\uff3f\uff3f\uff3f\uff3f\uff3f\uff3f\uff3f\uff3f\uff3f\uff3f\uff3f",
        "likeCount": "24926",
        "commentCount": "678",
        "viewCount": "882370"
    },
    "comments": [
        {
            "reply_id": "Ugz0mvoPZ4B5vfMiWxN4AaABAg",
            "reply_content": "\u8eab\u70ba\u53f0\u7063\u4eba\u7684\u6211\u5c0d\u98df\u7269\u6709\u5404\u7a2e\u4e0d\u540c\u7684\u70f9\u8abf\u65b9\u5f0f\uff0c\u800c\u4e14\u5230\u73fe\u5728\u9084\u5728\u958b\u767c\u65b0\u7684\u83dc\u8272\uff0c\u9019\u4e9b\u5728\u5404\u5f0f\u9910\u5ef3\u7684\u5eda\u5e2b\u5011\u611f\u5230\u8b9a\u5606\u4e0d\u5df2\uff0c\u751f\u5728\u53f0\u7063\u771f\u7684\u6709\u5404\u5f0f\u5404\u6a23\u7684\u7f8e\u98df\u5f88\u5e78\u798f\u2764\u2764\u2764\u3002\u6240\u4ee5\u53f0\u7063\u4eba\u90fd\u6709\u500b\u5f88\u5927\u7684\u7169\u60f1\u5c31\u662f\u592a\u80d6\uff0c\u8981\u6e1b\u80a5\u3002"
        },
        {
            "reply_id": "UgzDz8C7oDTgR1h1g1d4AaABAg",
            "reply_content": "\u6211\u73fe\u5728\u6b63\u5728\u5403\u9019\u9593"
        },
        {
            "reply_id": "UgzjQLEcRiu0ErC-t9d4AaABAg",
            "reply_content": "\u597d\u7fa1\u6155\u9019\u9ebc\u548c\u6a02\u7684\u4e00\u5bb6\u4eba\ud83e\udd79"
        },
        {
            "reply_id": "UgyWYPauLZX_w39sTiV4AaABAg",
            "reply_content": "\u91d1\u91dd\u83c7.\u5df1\u8d85\u7d05"
        },
        {
            "reply_id": "UgyfeS2ubmG6Cqodj214AaABAg",
            "reply_content": "\u8868\u59d0\u82f1\u6587\u8b1b\u5f97\u5f88\u597d\u554a"
        },
        {
            "reply_id": "Ugw22r-uXK18_P64kvx4AaABAg",
            "reply_content": "\u4e0d\u8981\u6490\u6b7b\u963f\u5abd."
        },
        {
            "reply_id": "UgwccimmZezy1C8Pi7d4AaABAg",
            "reply_content": "\u83c7\u59d0\u4f86\u53f0\u7063\u4e5f\u6703\u7d05\uff0c\u5982\u679c\u4e0d\u7d05\u4e86\uff0c\u518d\u56de\u97d3\u570b\u3002"
        },
        {
            "reply_id": "Ugycjeglf-ptzWctDyB4AaABAg",
            "reply_content": "\u8292\u679c\u5403\u5230\u98fd\uff0c\u518d\u53bb\u5403\u6d77\u9bae\u5927\u9910\uff0c\u770b\u5f97\u51fa\u4f86\u5927\u5bb6\u771f\u7684\u98fd\u5230\u4e0d\u8981\u4e0d\u8981\u7684\ud83d\ude06\ud83d\ude06\ud83d\ude06\ud83d\ude06\n\u83c7\u83c7\u4e00\u76f4\u5e6b\u5169\u4f4d\u963f\u5b24\u593e\u83dc\u4ecb\u7d39\uff0c\u597d\u6eab\u6696\u5662\u2764\u597d\u559c\u6b61\u83c7\u5bb6\u7684\u5f71\u7247\u2764\ufe0f\n\u53f0\u5f0f\u9910\u5ef3\u5408\u83dc\u90fd\u5f88\u8c50\u5bcc\uff0c\u800c\u4e14\u53c8\u6eff\u6eff\u6d77\u9bae\uff0c\u4e00\u5b9a\u8377\u5305\u5927\u5931\u8840....."
        },
        {
            "reply_id": "UgxEfmjL9r0NT0aeDz14AaABAg",
            "reply_content": "\u8292\u679c\u5403\u5230\u98fd\uff0c\u518d\u53bb\u5403\u6d77\u9bae\u5927\u9910\uff0c\u770b\u5f97\u51fa\u4f86\u5927\u5bb6\u771f\u7684\u98fd\u5230\u4e0d\u8981\u4e0d\u8981\u7684\ud83d\ude06\ud83d\ude06\ud83d\ude06\ud83d\ude06\n\u83c7\u83c7\u4e00\u76f4\u5e6b\u5169\u4f4d\u963f\u5b24\u593e\u83dc\u4ecb\u7d39\uff0c\u597d\u6eab\u6696\u5662\u2764\u597d\u559c\u6b61\u83c7\u5bb6\u7684\u5f71\u7247\u2764\ufe0f\n\u53f0\u5f0f\u9910\u5ef3\u5408\u83dc\u90fd\u5f88\u8c50\u5bcc\uff0c\u800c\u4e14\u53c8\u6eff\u6eff\u6d77\u9bae\uff0c\u4e00\u5b9a\u8377\u5305\u5927\u5931\u8840....."
        },
        {
            "reply_id": "Ugwiv3ckJEtrxQ_XiE54AaABAg",
            "reply_content": "\u54ce\u5440\u597d\u53ef\u60dc\u5594\u59b3\u5011\u5728\u6c40\u5dde\u5e97\uff01\u59b3\u5011\u5728\u677e\u5c71\u5e97\u5c31\u80fd\u770b\u5230\u4e86\uff01\u91d1\u91dd\u83c7\u52a0\u6cb9\u55b2"
        },
        {
            "reply_id": "UgzybTKtATiGXXXYv2l4AaABAg",
            "reply_content": "\u91d1\u91dd\u83c7\u5c0d\u81ea\u5df1\u8eab\u6750\u61c9\u8a72\u8d85\u81ea\u4fe1\uff0c\u6562\u7a7f\u9732\u809a\u88dd\u53bb\u4e0a\u9928\u5b50\ud83d\udc4d"
        },
        {
            "reply_id": "Ugx68V9A-PsoTtFWBkh4AaABAg",
            "reply_content": "\u9019\u4e00\u684c\u8981\u591a\u5c11\u9322"
        },
        {
            "reply_id": "Ugxt_viHnsFJavcJgGN4AaABAg",
            "reply_content": "\u9019\u6d77\u9bae\u9910\u5ef3\u611f\u89ba\u5f88\u76e4\u5594"
        },
        {
            "reply_id": "UgzW34WamlSMJ-j4Top4AaABAg",
            "reply_content": "\u59d0\u59d0\u771f\u7f8e\u2764"
        },
        {
            "reply_id": "Ugy3VCQqTV5zyaA2XZt4AaABAg",
            "reply_content": "\u90a3\u500b\u9ebb\u6cb9\u8170\u5b50\uff0c\u6211\u4e5f\u8d85\u611b"
        },
        {
            "reply_id": "UgzBhAT8_KeF5EbnYWF4AaABAg",
            "reply_content": "\u6211\u4e5f\u611b\u5403\u9eb5\u8036\uff0c\u6211\u662f\u6709\u9eb5\u5c31\u5403\u9eb5\u7684"
        },
        {
            "reply_id": "UgzVP0rmJnsQCYshxIx4AaABAg",
            "reply_content": "\u597d\u60f3\u5403\u6d77\u9bae\uff0c\u6211\u5bb6\u4eba\u4e5f\u662f\u5f88\u611b\u5403\u6d77\u9bae"
        },
        {
            "reply_id": "Ugwyxu37BnHMZbl5hTJ4AaABAg",
            "reply_content": "\u65b0\u6771\u5357\u6d77\u9bae\u9910\u5ef3\uff0c\u6c40\u5dde\u8def\u90a3\u5bb6\uff01\n\u5403\u904e\u5f88\u591a\u6b21\uff0c\u540c\u500b\u5305\u5ec2\uff01\u975e\u5e38\u597d\u5403\ud83d\ude0b"
        },
        {
            "reply_id": "UgzufFgs1Bub0B--Aa94AaABAg",
            "reply_content": "\u5403\u4e0d\u5b8c\u6c92\u95dc\u7cfb\uff0c\u53ef\u53eb\u5e97\u5bb6\u6253\u5305\u5e36\u56de\u53bb\u5403\ud83d\udc4d"
        },
        {
            "reply_id": "UgxRmAZUz5UhjjNnzDt4AaABAg",
            "reply_content": "\u9ebb\u6cb9\u8170\u5b50\u5f88\u8b9a\u8036"
        }
    ]
}