{
    "video_info": {
        "id": "aB2xbLi-Qvg",
        "channelTitle": "\u97d3\u52fe\u311f\u91d1\u91dd\u83c7 \ucc10\uca50\uafb8",
        "title": "\u8783\u87f9\u5b63\u6eff\u6eff\u7684\u5375\uff01\u5317\u90e83\u9593\u8783\u87f9\u9910\u5ef3\u8a55\u6bd4\ud83e\udd80\ufe0f\u5fc3\u76ee\u4e2d\u7b2c\u4e00\u540d\u662f..\u9019\u9593\uff01\u6700\u80a5\u7f8e&\u5f77\u5f7f\u5728\u6d77\u5cb8\u6751\u6070\u6070\uff01\uff01\uff5c\u97d3\u52fe\u311f\u91d1\u91dd\u83c7 \ucc10\uca50\uafb8",
        "description": "\u8783\u87f9\u5403\u5230\u723d\uff01\uff01\uff01\uff01\uff01\uff01\n\u8783\u87f9\u5b63\u5feb\u7d50\u675f\u4e86 \u5927\u5bb6\u8d95\u5feb\u53bb\uff5e\uff01\uff01\uff01\uff01\uff01\n\n#\u8783\u87f9\u5b632021 #\u6d77\u5cb8\u6751\u6070\u6070\n#\u5317\u90e8\u8783\u87f9\u63a8\u85a6\n#\u5728\u5730\u8783\u87f9\u8a55\u6bd4\n#\u8783\u87f9\u9910\u5ef3  #\u8783\u87f9\u54ea\u88e1\u8cb7 #\u8783\u87f92021\n\n\u5e0c\u671b\u4f60\u5011\u559c\u6b61\u9019\u90e8\u5f71\u7247\n\u559c\u6b61\u5e6b\u6211\u8a02\u95b1\u6309\u8b9a\u5206\u4eab \u8a18\u5f97\u958b\u555f\u5c0f\u9234\u943a\u6536\u53d6\u65b0\u7247\u901a\u77e5\u5594\uff01\n\n\uff3f\uff3f\uff3f\uff3f\uff3f\uff3f\uff3f\uff3f\uff3f\uff3f\uff3f\uff3f\uff3f\uff3f\uff3f\uff3f\uff3f\uff3f\uff3f\uff3f\uff3f\n\n\u2b50\ufe0f\u91d1\u5bb6\u311f\u5e03\u5e33\u99ac\u8eca\uff1ahttps://www.facebook.com/groups/2297603990535075/\n\u2b50\ufe0f\u91d1\u91dd\u83c7\u7684\u7c89\u5c08: https://www.facebook.com/Koreajinzhengu/\n\u2b50\ufe0f\u91d1\u91dd\u83c7\u7684IG: https://www.instagram.com/ggu__kim/\n\u2b50\ufe0f\u5408\u4f5c\u9080\u7d04\u8acb\u6d3dPressPlay\uff1ajinyoungkim@pressplay.cc\n\n\uff3f\uff3f\uff3f\uff3f\uff3f\uff3f\uff3f\uff3f\uff3f\uff3f\uff3f\uff3f\uff3f\uff3f\uff3f\uff3f\uff3f\uff3f\uff3f\uff3f\uff3f",
        "likeCount": "11355",
        "commentCount": "409",
        "viewCount": "553553"
    },
    "comments": [
        {
            "reply_id": "Ugzc4sILNo1SQMmF0jh4AaABAg",
            "reply_content": "\u5403\u5f88\u591a\u87f9\u653e\u5c41\u6703\u5f88\u81ed\ud83d\ude02"
        },
        {
            "reply_id": "UgwPgCK3ADP7VD_YsAR4AaABAg",
            "reply_content": "\u7576\u4f60\u6b23\u8cde\u4e00\u500b\u5049\u4eba\u7684\u6642\u5019\uff0c\u53ef\u4ee5\u53d7\u5230\u4ed6\u7cbe\u795e\u7684\u611f\u53ec\u3002\n\u7576\u4f60\u4f69\u670d\u5916\u9aa8\u9abc\u52d5\u7269\u5805\u97cc\u4e0d\u62d4\u7684\u97cc\u6027\u6642\uff0c\u4f60\u5c31\u6703\u5b78\u8457\u5805\u5f37\u3002\n\u4f46\u662f\u4e00\u65e6\u4f60\u70ba\u4e86\u79c1\u617e\u6bba\u5bb3\u5049\u4eba\u6216\u662f\u9019\u4e9b\u52d5\u7269\u6642\uff0c\u4f60\u5c07\u5931\u53bb\u4e00\u5207\u80fd\u5920\u8ddf\u4ed6\u5011\u5b78\u7fd2\u7684\u6a5f\u6703\uff0c\u53ea\u80fd\u5f97\u5230\u4e00\u4e9b\u71b1\u91cf\u548c\u91ac\u6599\u7684\u6b3a\u9a19\uff0c\u4ee5\u53ca\u75c5\u5e8a\u4e0a\u63db\u4f86\u7684\u547b\u541f\uff0c\u6709\u53ef\u80fd\u662f\u9577\u4e45\u7684\u75db\u82e6\u3002\n\u4ee5\u547d\u88dc\u547d\uff0c\u547d\u5728\u65e6\u5915\u3002\n\u4f60\u82e5\u6551\u547d\uff0c\u547d\u5c31\u5e6b\u4f60\u3002\n\u6709\u53ec\u4e00\u65e5\u7576\u4f60\u82e6\u4e0d\u582a\u8a00\uff0c\u60f3\u60f3\u81ea\u5df1\u9084\u81ea\u7531\u6642\u5c0d\u5f85\u4ed6\u5011\u7684\u6240\u505a\u6240\u70ba\uff0c\u5927\u6b3a\u5c0f\u5f37\u51cc\u5f31\uff0c\u8b93\u4ed6\u5011\u7f6e\u8eab\u65bc\u5730\u7344\u706b\u71d2\uff0c\u7121\u8996\u75db\u82e6\u3002"
        },
        {
            "reply_id": "Ugz9jJsDB8iEEl9uQRB4AaABAg",
            "reply_content": "\u91d1\u91dd\u83c7\u771f\u7684\u597d\u53ef\u611b."
        },
        {
            "reply_id": "Ugy5xecqo20gvWNA6lN4AaABAg",
            "reply_content": "\u771f\u7684\u662f\u5317\u90e8\u7684\u5b63\u7bc0\u6027\u6d3b\u52d5~ \u5c0f\u6642\u5019\u5e38\u8ddf\u5bb6\u4eba\u53bb\u6f01\u6e2f\u5403\ud83d\ude06"
        },
        {
            "reply_id": "UgywFa0cBuLOFopF1bF4AaABAg",
            "reply_content": "\u9694\u58c1\u684c\u50bb\u7b11\u8457\u770b\ud83d\udc40\u22ef\u22ef\u611f\u89ba\u6bd4\u81ea\u5df1\u5403\u5230\u9084\u958b\u5fc3"
        },
        {
            "reply_id": "UgwiHpJXjCmqM1GpP2l4AaABAg",
            "reply_content": "\u4f60\u7684\u98ef\u7cf0\u771f\u597d\u5403"
        },
        {
            "reply_id": "Ugxl2J7cDGEoMXm8exd4AaABAg",
            "reply_content": "\u8acb\u554f\u5403\u7b2c\u4e00\u5bb6\u8783\u87f9\u6599\u7406\u662f\u54ea\u5bb6\u5e97\uff1f"
        },
        {
            "reply_id": "Ugwzit547cqYQ25uO7x4AaABAg",
            "reply_content": "\u53ef\u4ee5\u53bb\u5c4f\u6771\u7684\u6771\u6e2f\u5403\u770b\u770b \u4fbf\u5b9c\u5f88\u591a\uff01\u4e00\u684c\u5169\u5343\u76f4\u63a5\u5403\u4e0d\u5b8c"
        },
        {
            "reply_id": "Ugy7zEY1Lya0M8KKUpV4AaABAg",
            "reply_content": "\u6709\u67f4\u72ac\u7684\u5c31\u7d66\u8b9a"
        },
        {
            "reply_id": "UgxyZFlbTQ4zZrgkVmF4AaABAg",
            "reply_content": "\u592a\u665a\u770b\u5230\u9019\u5f71\u7247\u4e86\uff0c\u597d\u60f3\u5916\u5e36\u91d1\u91dd\u83c7\u4f86\u9ad8\u96c4\u86b5\u4ed4\u5bee\u6f01\u6e2f\u5e6b\u5fd9\u525d\u8783\u87f9\u554a\ud83e\udd23\ud83e\udd23\ud83e\udd23"
        },
        {
            "reply_id": "UgwVFJuz0r-mg8k6R8p4AaABAg",
            "reply_content": "\u91d1\u91dd\u83c7\u5f88\u6703\u525d\u87f9\u634f\uff0c\u5c31\u662f\u5148\u525d\u5927\u817f\u3002"
        },
        {
            "reply_id": "Ugx-ZQzW3pT-RoGAl_94AaABAg",
            "reply_content": "\u8766\u62fc\u934b\u7684\u91ac\u6cb9\u87f9\u597d\u5403\uff0c\u50f9\u683c\u4e0d\u532a"
        },
        {
            "reply_id": "UgzNUDV01lYquncQoZd4AaABAg",
            "reply_content": "\u4f46\u6211\u9084\u662f\u6bd4\u8f03\u559c\u6b61\u97d3\u5f0f\u91ac\u6cb9\u87f9\uff0c\u53f0\u4e2d\u6709\u5bb6\u8766\u771f\u7684\u5f88\u9bae\u597d\u5403"
        },
        {
            "reply_id": "UgzQOVDvhoTCMRxhPxZ4AaABAg",
            "reply_content": "\u5176\u5be6\u771f\u7684\u5f88\u591a\u53f0\u7063\u4eba\u4e0d\u6703\u53bb\u5973\u738b\u982d\u89c0\u5149\u5340,\u6211\u53bb\u90fd\u662f\u56e0\u70ba\u5e36\u5916\u570b\u670b\u53cb\u624d\u53bb(\u5f88\u71b1\u4e0d\u7136\u5c31\u662f\u5916\u570b\u4eba\u8d85\u591a\u9084\u6709\u5728\u70ba\u4e86\u62cd\u7167\u5435\u67b6\u7684\u67d0\u570b\u65c5\u904a\u5718\u5c31\u66f4\u4e0d\u60f3\u53bb\u4e86)\u5edf\u53e3\u5976\u6cb9\u8783\u87f9\u7684\u5bb9\u5668\u92ea\u5851\u81a0\u888b.....\u771f\u7684\u8d85\u591a\u5851\u5316\u5291\u4e5f\u5f71\u97ff\u8783\u87f9\u98a8\u5473!"
        },
        {
            "reply_id": "Ugy8Ap8wBqsC8fpvJ5x4AaABAg",
            "reply_content": "\u6211\u5bb6\u5f88\u591a\u8783\u87f9\u4f46\u6211\u5011\u4e0d\u592a\u6703\u525d\u6240\u4ee5\u90fd\u9084\u6c92\u5403\ud83e\udd23"
        },
        {
            "reply_id": "UgwwUDN4xWadc1kr6z94AaABAg",
            "reply_content": "\u597d\u8cb4\u554a\uff01\n\u6211\u559c\u6b61\u91e3\u8783\u87f9\uff0c\u5f88\u6709\u6210\u5c31\u611f\uff0c\u6709\u4e00\u6b21\u4e00\u64886\u96bb\u6293\u8457\u6211\u7684\u8a98\u990c\ud83d\ude02\uff0c\u6bcf\u6b21\u53bb\u8f15\u8f15\u9b06\u9b06\u4e8c\u5341\u5e7e\u96bb\u5927\u96bb\u7684\u3002\u592a\u5c0f\uff0c\u6709\u61f7\u5b55\u7684\u90fd\u8981\u653e\u751f\u3002"
        },
        {
            "reply_id": "UgyCTqvfDHdW9zzFzvF4AaABAg",
            "reply_content": "\u8783\u87f9\u5f9e\u5c41\u80a1\u958b\u5427\n\u6574\u500b\u88ab\u634f\u721b\u4e86\u9912"
        },
        {
            "reply_id": "UgwHll3YlYUPwbteQPh4AaABAg",
            "reply_content": "\u770b\u91d1\u91dd\u83c7\uff1a\u5403\u6771\u897f\u770b\u8d77\u4f86\u90fd\u597d\u7f8e\u5473\u5c31\u8b8a\u5f97\u5f88\u597d \u81ea\u5df1\u809a\u5b50\u90fd\u9913\u4e86!\u7e7c\u7e8c\u4fdd\u6301\u4e0b\u53bb\u52a0\u6cb9\u8f9b\u82e6\u4e86\u4f60\u662f\u6700\u68d2\u7684!"
        },
        {
            "reply_id": "Ugx_3-QjCGnfuXdflIp4AaABAg",
            "reply_content": "\u91d1\u91dd\u83c7\u4e0d\u662f\u56de\u97d3\u570b\u4e86\u55ce\uff1f"
        },
        {
            "reply_id": "UgzcXpGc2-IACjdqqNZ4AaABAg",
            "reply_content": "\u9a6c\u6765\u897f\u4e9a\u7684\u8783\u87f9\u4f60\u6ca1\u8bd5\u8fc7\u4e0d\u77e5\u9053\uff0c\u4e0b\u6b21\u6765\u8fd9\u91cc\u5403\u5427\uff01"
        }
    ]
}