{
    "video_info": {
        "id": "b9QTawinOoU",
        "channelTitle": "\u97d3\u52fe\u311f\u91d1\u91dd\u83c7 \ucc10\uca50\uafb8",
        "title": "\u8b93\u59d0\u59d0\u9ad4\u9a57\u5404\u7a2e\u300c\u53f0\u5357\u7f8e\u98df\u300d\u2764\ufe0f\u6703\u7fd2\u6163\u5403\u55ce\uff1f\uff01\u5979\u7684TOP1\u53f0\u5357\u7f8e\u98df\u662f....\ud83c\udf1f\uff5c\u97d3\u52fe\u311f\u91d1\u91dd\u83c7 \ucc10\uca50\uafb8",
        "description": "\u5e0c\u671b\u4f60\u5011\u559c\u6b61\u9019\u90e8\u5f71\u7247\n\u559c\u6b61\u5e6b\u6211\u8a02\u95b1\u6309\u8b9a\u5206\u4eab \u8a18\u5f97\u958b\u555f\u5c0f\u9234\u943a\u6536\u53d6\u65b0\u7247\u901a\u77e5\u5594\uff01\n\n\uff3f\uff3f\uff3f\uff3f\uff3f\uff3f\uff3f\uff3f\uff3f\uff3f\uff3f\uff3f\uff3f\uff3f\uff3f\uff3f\uff3f\uff3f\uff3f\uff3f\uff3f\n\n\u2b50\ufe0f\u91d1\u91dd\u83c7\u7684\u97d3\u570b\u7f8e\u98df\u54c1\u724c\uff1ahttps://www.kimkfoods.com\n\u2b50\ufe0f\u91d1\u5bb6\u311f\u5e03\u5e33\u99ac\u8eca\uff1ahttps://www.facebook.com/groups/2297603990535075/\n\u2b50\ufe0f\u91d1\u91dd\u83c7\u7684\u7c89\u5c08: https://www.facebook.com/Koreajinzhengu/\n\u2b50\ufe0f\u91d1\u91dd\u83c7\u7684IG: https://www.instagram.com/ggu__kim/\n\u2b50\ufe0f\u5408\u4f5c\u9080\u7d04\u8acb\u6d3dPressPlay\uff1ajinyoungkim@pressplay.cc\n\n\uff3f\uff3f\uff3f\uff3f\uff3f\uff3f\uff3f\uff3f\uff3f\uff3f\uff3f\uff3f\uff3f\uff3f\uff3f\uff3f\uff3f\uff3f\uff3f\uff3f\uff3f",
        "likeCount": "39118",
        "commentCount": "1471",
        "viewCount": "1772446"
    },
    "comments": [
        {
            "reply_id": "UgyO5JHJ1_Ff_R-1Tcd4AaABAg",
            "reply_content": "\u5006\u59ca\u59b9\u90fd\u6f02\u4eae\u3001\u6c23\u8cea\u4f73"
        },
        {
            "reply_id": "UgyAb3RtDGVlaWrHoDp4AaABAg",
            "reply_content": "\u8acb\u554f\uff5e\u8001\u5c4b\u6c11\u5bbf\u7684\u540d\u5b57\uff1f"
        },
        {
            "reply_id": "UgzBGOw7djdQjpTOTZF4AaABAg",
            "reply_content": "\u59d0\u59d0\u7684\u53cd\u61c9\u5f88\u53ef\u611b\uff0c\u5708\u7c89\u4e86\u5566"
        },
        {
            "reply_id": "UgyK95uWvqd6d4A-nJ54AaABAg",
            "reply_content": "\u59d0\u59d0\u8d85\u7f8e\u82f1\u6587\u8d85\u597d"
        },
        {
            "reply_id": "UgyepeKUTjaE4fzMCCR4AaABAg",
            "reply_content": "\u6211\u60f3\u770b\u4f60\u59d0\u4ed6\u5f88\u81ea\u7136\u53c8\u4e0d\u4f5c\u4f5c\u4ed6\u662f\u6211\u7684\u83dc"
        },
        {
            "reply_id": "UgxX4krFrGVlB8JtysN4AaABAg",
            "reply_content": "\u6709\u4eba\u77e5\u9053\u9019\u5bb6\u6c11\u5bbf\u7684\u540d\u5b57\u55ce\uff1f\u8b1d\u8b1d"
        },
        {
            "reply_id": "UgyCDBXifh4nOvEMat14AaABAg",
            "reply_content": "\u59d0\u59d0\u76f4\u63a5\u5ac1\u7d66\u81fa\u7063\u4eba\u597d\u4e86"
        },
        {
            "reply_id": "UgwgB6k-oZb_sRPoFvp4AaABAg",
            "reply_content": "\u6211\u597d\u5947\u7684\u60f3\u554f\u91d1\u91dd\u83c7\u7f8e\u5973: \u4f60\u6709\u89aa\u59ca\u59ca\u55ce? \u9084\u662f\u90a3\u662f\u5802\u59ca?"
        },
        {
            "reply_id": "UgwOwQ-jFTuoV0rLp7l4AaABAg",
            "reply_content": "\u795d\u798f \u5e73\u5b89\u5065\u5eb7 \u65c5\u904a\u53f0\u7063\u6109\u6085."
        },
        {
            "reply_id": "UgyOc3_z80TGnb_xm_F4AaABAg",
            "reply_content": "\u59d0\u59d0\u597d\u6f02\u4eae"
        },
        {
            "reply_id": "UgzIVtEWha8uMuVNnnd4AaABAg",
            "reply_content": "\u59d0\u59d0\u6c34\u6c34\u7684"
        },
        {
            "reply_id": "UgwdWtdWZcYdWJMnCxF4AaABAg",
            "reply_content": "\u91d1\u8868\u59d0\u597d\u6f02\u4eae"
        },
        {
            "reply_id": "UgyrxU997PyYK8Ors0V4AaABAg",
            "reply_content": "\u597d\u7f8e\uff0c\u559c\u6b61\u770b\u59d0\u59d0\u5403\u5403"
        },
        {
            "reply_id": "Ugx9-k51Yvv-TpC8L4t4AaABAg",
            "reply_content": "\u60f3\u59d0\u59d0\u4e86"
        },
        {
            "reply_id": "UgwvNJn0hJ6K-b5dWUt4AaABAg",
            "reply_content": "\u597d\u559c\u6b61\u9019\u4e00\u96c6\u2764"
        },
        {
            "reply_id": "UgyCB9rTgNZo94OUhIh4AaABAg",
            "reply_content": "\u59d0\u59d0\u82f1\u6587\u597d\u597d\uff01"
        },
        {
            "reply_id": "UgxYrb_4oRxq7cQJU3B4AaABAg",
            "reply_content": "\u6211\u5c0f\u6642\u5019\u7684\u68fa\u6750\u677f\u90fd\u662f\u653e\u5167\u81df\u7684\u2026"
        },
        {
            "reply_id": "Ugyh0N8CkLmdhVVzCUR4AaABAg",
            "reply_content": "\u5403\u81ed\u8c46\u8150\u7b11\u6b7b\u6211\u4e86 \u5176\u5be6\u9ed1\u8272\u7684\u81ed\u8c46\u8150\u66f4\u597d\u5403\u55f7"
        },
        {
            "reply_id": "UgxujWBfmyimOoeZMLB4AaABAg",
            "reply_content": "\u91d1\u91dd\u83c7\u525b\u4e0a\u7b2c\u4e00\u652f\u7247\u7684\u6642\u5f8c\u597d\u50cf\u8ddf\u59d0\u59d0\u4e00\u6a23\u7626"
        },
        {
            "reply_id": "UgwJtHiAKrUV0H8ybTl4AaABAg",
            "reply_content": "\u59ca\u59ca\u8d85\u4ed9"
        }
    ]
}