{
    "video_info": {
        "id": "b9W7O4-RWpg",
        "channelTitle": "\u97d3\u52fe\u311f\u91d1\u91dd\u83c7 \ucc10\uca50\uafb8",
        "title": "\u958b\u7bb1\u97d3\u570b\u7238\u7238\u6536\u5230\u7684\u516c\u95dc\u54c1\ud83d\udd25\u600e\u9ebc\u6bd4Youtuber\u7684\u5973\u5152\u9084\u8981\u591a\ud83e\udd23\ud83e\udd23\u53f0\u97d3\u9001\u79ae\u5dee\u7570\u3010\u56de\u97d3\u570b\u7cfb\u5217\ud83c\uddf0\ud83c\uddf76\u3011\uff5c\u97d3\u52fe\u311f\u91d1\u91dd\u83c7 \ucc10\uca50\uafb8",
        "description": "\u900f\u904e\u4ee5\u4e0b\u7db2\u5740\u7372\u5f97Surfshark VPN: \nhttps://surfshark.deals/GGU\n\n\u8f38\u5165\u6298\u6263\u78bc GGU\uff0c\u5c31\u53ef\u99ac\u4e0a\u7372\u5f97\u300c1.7\u6298\u300d\u512a\u60e0+3\u500b\u6708\u7684\u514d\u8cbb\u8a66\u7528\u671f\u5594\uff01\n\n\u5e0c\u671b\u4f60\u5011\u559c\u6b61\u9019\u90e8\u5f71\u7247\n\u559c\u6b61\u5e6b\u6211\u8a02\u95b1\u6309\u8b9a\u5206\u4eab \u8a18\u5f97\u958b\u555f\u5c0f\u9234\u943a\u6536\u53d6\u65b0\u7247\u901a\u77e5\u5594\uff01\n\n\n#\u516c\u95dc\u54c1\u958b\u7bb1 #\u56de\u97d3\u570b\u7cfb\u5217 #\u65b0\u5e74\u79ae\u76d2\n\uff3f\uff3f\uff3f\uff3f\uff3f\uff3f\uff3f\uff3f\uff3f\uff3f\uff3f\uff3f\uff3f\uff3f\uff3f\uff3f\uff3f\uff3f\uff3f\uff3f\uff3f\n\n\u2b50\ufe0f\u91d1\u91dd\u83c7\u7684\u97d3\u570b\u7f8e\u98df\u54c1\u724c\uff1ahttps://www.kimkfoods.com\n\u2b50\ufe0f\u91d1\u5bb6\u311f\u5e03\u5e33\u99ac\u8eca\uff1ahttps://www.facebook.com/groups/2297603990535075/\n\u2b50\ufe0f\u91d1\u91dd\u83c7\u7684\u7c89\u5c08: https://www.facebook.com/Koreajinzhengu/\n\u2b50\ufe0f\u91d1\u91dd\u83c7\u7684IG: https://www.instagram.com/ggu__kim/\n\u2b50\ufe0f\u5408\u4f5c\u9080\u7d04\u8acb\u6d3dPressPlay\uff1ajinyoungkim@pressplay.cc\n\n\uff3f\uff3f\uff3f\uff3f\uff3f\uff3f\uff3f\uff3f\uff3f\uff3f\uff3f\uff3f\uff3f\uff3f\uff3f\uff3f\uff3f\uff3f\uff3f\uff3f\uff3f",
        "likeCount": "23488",
        "commentCount": "2061",
        "viewCount": "871173"
    },
    "comments": [
        {
            "reply_id": "UgwiSR-pPe862vnHXqV4AaABAg",
            "reply_content": "\u4e2d\u79cb\u7bc0\u53ef\u4ee5\u6539\u9001\u4e00\u4e9b\u5c0f\u897f\u9ede\n\u6216\u8005\u6cd5\u5f0f\u9f8d\u9b1a\u7cd6\n\u9019\u7a2e\u6709\u5275\u610f\u53c8\u4e0d\u8ca0\u64d4\u7684\u5c0f\u9ede\u5fc3"
        },
        {
            "reply_id": "UgxxgbQXe5Sjre996Ld4AaABAg",
            "reply_content": "\u97d3\u570b\u79ae\u76d2\u591a\u6a23\u5316\u751f\u6d3b\u5316\uff0c\u5f88\u591a\u96dc\u8ca8\u3002\n\u53f0\u7063\u90fd\u6c34\u679c\u7cd5\u9905\u7cbe\u7dfb\u8def\u7dda\u3002\n\u9b5a\u4e7e\u5f88\u50cf\u5e02\u5834\u8ce3\u7684\u9b5a\u4e32\u4e00\u8d77\uff0c\u518d\u653e\u5230\u76d2\u5b50\uff0c\u50cf\u626e\u5bb6\u5bb6\u9152\ud83d\ude02\u9084\u6709\u96f6\u98df\u4e7e\u8ca8\u79ae\u76d2\uff0c\u50cf\u6dd8\u5bf6\u81ea\u5df1\u7d44\u7684\u96f6\u98df\u3002\n\u7238\u7238\u4e0d\u662f\u8ce3\u6771\u897f\u7684\u5546\u4eba\u55ce\uff1f\u600e\u9ebc\u544a\u793a\u724c\u6703\u5bc4\u79ae\u76d2\uff1f\uff01"
        },
        {
            "reply_id": "Ugz1inWccVTk7LaUa_t4AaABAg",
            "reply_content": "\u9019\u500b\u87f9\u91ac\u6211\u4ee5\u70ba\u662f\u87f2\u5b50\u85e5\u9152\ud83d\ude02\u770b\u5230\u6703\u5687\u5230\u3002\n\u97d3\u570b\u79ae\u76d2\u6bd4\u53f0\u7063\u7f8e\u591a\u4e86\uff0c\u5305\u88b1\u5f88\u5fa9\u53e4\u7f8e\u9e97\uff0c\u5728\u53f0\u7063\u7528\u5305\u88b1\u6703\u88ab\u7b11\uff0c\u97d3\u570b\u5bb6\u88e1\u6703\u6709\u4e00\u5806\u5e03\ud83d\ude02"
        },
        {
            "reply_id": "Ugwppm7wT4iLkkmiTGp4AaABAg",
            "reply_content": "\u97d3\u570b\u7684\u516c\u95dc\u79ae\u4e5f\u592a\u53b2\u5bb3\u4e86\uff01"
        },
        {
            "reply_id": "UgySKmvqjK-b3KRoSiZ4AaABAg",
            "reply_content": "\u6211\u60f3\u8981\u97d3\u725b\u7684 \u597d\u591a\u8089\u8089\u5440 \u5927\u68a8\u5b50\u4e5f\u611b~"
        },
        {
            "reply_id": "Ugz3-W_LqaNbAv3U5eZ4AaABAg",
            "reply_content": "\u9664\u4e86\u6c34\u679c\uff0c\u5176\u4ed6\u90fd\u6c92\u770b\u904e\u8036\ud83d\ude02"
        },
        {
            "reply_id": "Ugyf3aZQGJrxZnMhFex4AaABAg",
            "reply_content": "\u5f88\u597d\u5947\u90a3\u500b\u4e7e\u9b5a\u8981\u600e\u9ebc\u6599\u7406\u600e\u9ebc\u5403\uff1f\uff1f\uff1f\u4e0b\u6b21\u91d1\u91dd\u83c7\u4e7e\u9b5a\u5403\u64ad\u7d66\u6211\u5011\u770b\u770b"
        },
        {
            "reply_id": "UgwqZ91JbiVDA4nJmwd4AaABAg",
            "reply_content": "\u96d6\u7136\u8aaa\u59b3\u662f\u7238\u7238\u5c0f\u611b\uff0c\u5feb\u56de\u53f0\u5f4e\uff0c\u5f88\u591a\u4eba\u662f\u559c\u611b\u59b3\u5594\uff0c\u611b\u59b3\u7684\u7b11\u8072\u66f4\u611b\u59b3"
        },
        {
            "reply_id": "UgxeYVgenOHZe4yJShN4AaABAg",
            "reply_content": "\u7fa8\u6155"
        },
        {
            "reply_id": "Ugy7hgsfc7jvzb4KNmB4AaABAg",
            "reply_content": "\u60f3\u77e5\u9053\u4e7e\u7269\u79ae\u76d2\u88e1\u9762\u6709\u54ea\u4e9b\u5c0f\u83dc"
        },
        {
            "reply_id": "UgzRcxuPMio4-xyQ8054AaABAg",
            "reply_content": "\u9019\u652f\u5f71\u7247\uff0c\u6211\u770b\u5230\u54ed\ud83d\ude2d\n\u5929\u963f\uff5e \u4ecb\u7d39\u97d3\u570b\u516c\u95dc\u54c1\u548c\u8ddf\u53f0\u7063\u7684\u4e0d\u540c\u597d\u8a73\u7d30\ud83d\udc4d"
        },
        {
            "reply_id": "Ugx1xkkiDQg0bJixc7x4AaABAg",
            "reply_content": "\u53f0\u7063\u6709\u985e\u4f3c\u7684\uff0c\u751f\u7684\u9999\u8178\u6216\u81d8\u8089\uff0c\u4e7e \u7269\u6709\u8089\u9b06\u9b77\u9b5a\u82b1\u751f...\u7b49\u7b49"
        },
        {
            "reply_id": "Ugz0lyD8i2dsROve6wV4AaABAg",
            "reply_content": "\u5c0f\u9ec3\u9b5a\uff0c\u6211\u8d85\u611b\uff0c\u914d\u6e05\u9eb4\u91ac\u6e6f\u4e00\u8d77\u5403\u3002\u91d1\u91dd\u83c7\u7684\u8001\u7238\u662f\u500b\u5f88\u53b2\u5bb3\u7684\u4eba"
        },
        {
            "reply_id": "Ugw_pfRssr1D3hCzVZV4AaABAg",
            "reply_content": "\u79e6\u59cb\u7687\u60f3\u8981\u9577\u751f\u4e0d\u8001\uff08\u9577\u751f\u4e0d\u6b7b\uff09\u6d3e\u4eba\u5230\u73fe\u5728\u7684\u81fa\u7063\uff08\u84ec\u840a\u4ed9\u5cf6\uff09\u627e\u3000\u57c3\u53ca\u7684\u570b\u738b\u4e5f\u7528\u6728\u4e43\u4f0a\u8ffd\u6c42\u6c38\u6046\u4e0d\u8150\u6557\u4e0d\u8150\u58de\u3000\uff38\uff24\uff24\uff24\uff24"
        },
        {
            "reply_id": "UgxyrMp6myFeRGCBEUZ4AaABAg",
            "reply_content": "\u6211\u5011\u9999\u6e2f\u4eba\u5e38\u98df\u51ac\u87f2\u590f\u8349"
        },
        {
            "reply_id": "Ugw7FNw3de8X_J5jIch4AaABAg",
            "reply_content": "\u5305\u88dd\u90fd\u7f8e\u4e5f,\u6211\u4e5f\u611b\u97d3\u725b\u79ae\u76d2"
        },
        {
            "reply_id": "UgwpzjLN8pPoHjRO4Kd4AaABAg",
            "reply_content": "\u597d\u5e7e\u5e74\u524d\u5728\u97d3\u570b\u4e5f\u8cb7\u904e\u4eba\u8518\u6fc3\u7e2e\u818f(\u6db2?)\uff0c\u5728\u97d3\u570b\u5e97\u88e1\u8a66\u559d\u7684\u6642\u5019\u751c\u751c\u7684\u5f88\u597d\u559d\uff0c\u4f46\u56de\u5bb6\u5f8c\u81ea\u5df1\u6ce1\u4f86\u559d\u5473\u9053\u5b8c\u5168\u4e0d\u4e00\u6a23\u963f\ud83d\ude02  \u82e6\u5230\u8aaa\u4e0d\u51fa\u8a71\u4f86\uff0c\u8a66\u904e\u52a0\u7cd6\uff0c\u4f46\u82e6\u5473\u5b8c\u5168\u84cb\u4e0d\u4f4f\uff0c\u5f8c\u4f86\u6c92\u4eba\u6562\u559d\uff0c\u53ea\u80fd\u5fcd\u75db\u4e1f\u4e86\ud83e\udd23\ud83e\udd23"
        },
        {
            "reply_id": "UgwEVF9TPx6NkrPp0WF4AaABAg",
            "reply_content": "\u771f\u7684\u597d\u591a\u554a\uff01\n\u7238\u7238\u4ea4\u53cb\u5ee3\u95ca"
        },
        {
            "reply_id": "UgxCgOyDZ6sliNWi0hR4AaABAg",
            "reply_content": "\u51ac\u87f2\u590f\u8349\u5728\u53f0\u7063\u53ea\u80fd\u7b97\u6bd4\u8f03\u8cb4\u4e00\u9ede\u7684\u83c7\u985e\uff0c\u4e0d\u904e\u53f0\u7063\u7684\u51ac\u87f2\u590f\u8349\u662f\u771f\u83cc\u5bc4\u751f\u5728\u87f2\u8eab\u4e0a\u8b8a\u6210\u4e00\u7a2e\u85e5\u8349\u3002\u5728\u53f0\u7063\u904e\u7bc0\u9001\u860b\u679c\u6709\u5e73\u5b89\u7684\u610f\u601d"
        },
        {
            "reply_id": "Ugzynctsn7m8AqYHHFd4AaABAg",
            "reply_content": "\u9019\u5f71\u7247\u8d85\u7d1a\u6709\u8da3"
        }
    ]
}