{
    "video_info": {
        "id": "bAnlpzhvWdY",
        "channelTitle": "\u97d3\u52fe\u311f\u91d1\u91dd\u83c7 \ucc10\uca50\uafb8",
        "title": "\u7238\u5abd\u7a81\u7136\u4f86\u53f0\u7063..\ud83d\ude02\u91d1\u5bb6\u5168\u54e1\u9996\u6b21\u5728\u53f0\u7063\u4e00\u8d77\u904e\u5e74\u56c9\ud83e\udde8\u6eab\u99a8\u5e78\u798f VLOG \u3010\u91d1\u5bb6\u5718\u5713EP.1\u3011\uff5c\u97d3\u52fe\u311f\u91d1\u91dd\u83c7 \ucc10\uca50\uafb8",
        "description": "#\u91d1\u5bb6\u5718\u5713EP1 #\u83c7\u7238\u83c7\u5abd #\u8b1d\u8b1d\u5927\u5bb6\u7684\u6536\u770b\n\n\u5e0c\u671b\u4f60\u5011\u559c\u6b61\u9019\u90e8\u5f71\u7247\n\u559c\u6b61\u5e6b\u6211\u8a02\u95b1\u6309\u8b9a\u5206\u4eab \u8a18\u5f97\u958b\u555f\u5c0f\u9234\u943a\u6536\u53d6\u65b0\u7247\u901a\u77e5\u5594\uff01\n\n\uff3f\uff3f\uff3f\uff3f\uff3f\uff3f\uff3f\uff3f\uff3f\uff3f\uff3f\uff3f\uff3f\uff3f\uff3f\uff3f\uff3f\uff3f\uff3f\uff3f\uff3f\n\n\u2b50\ufe0f\u91d1\u91dd\u83c7\u7684\u97d3\u570b\u7f8e\u98df\u54c1\u724c\uff1ahttps://www.kimkfoods.com\n\u2b50\ufe0f\u91d1\u5bb6\u311f\u5e03\u5e33\u99ac\u8eca\uff1ahttps://www.facebook.com/groups/2297603990535075/\n\u2b50\ufe0f\u91d1\u91dd\u83c7\u7684\u7c89\u5c08: https://www.facebook.com/Koreajinzhengu/\n\u2b50\ufe0f\u91d1\u91dd\u83c7\u7684IG: https://www.instagram.com/ggu__kim/\n\u2b50\ufe0f\u5408\u4f5c\u9080\u7d04\u8acb\u6d3dPressPlay\uff1ajinyoungkim@pressplay.cc\n\n\uff3f\uff3f\uff3f\uff3f\uff3f\uff3f\uff3f\uff3f\uff3f\uff3f\uff3f\uff3f\uff3f\uff3f\uff3f\uff3f\uff3f\uff3f\uff3f\uff3f\uff3f",
        "likeCount": "54415",
        "commentCount": "2033",
        "viewCount": "1588402"
    },
    "comments": [
        {
            "reply_id": "Ugzepugc6BKQi65npd54AaABAg",
            "reply_content": "\u7238\u7238\u5988\u5988\u597d\u5e74\u8f7b\uff0c\u5988\u5988\u597d\u6f02\u4eae\uff0c\u6c14\u8d28\u4f18\u96c5\uff0c\u50cf\u662f\u97e9\u5267\u91cc\u8d70\u51fa\u6765\u7684"
        },
        {
            "reply_id": "Ugw8B76WoDpjo7a-4Y94AaABAg",
            "reply_content": "\u7236\u89aa\u8aac\u8a71\u597d\u6eab\u67d4"
        },
        {
            "reply_id": "Ugz5aUS_rPtWw5HtDmx4AaABAg",
            "reply_content": "\u5abd\u5abd\u597d\u53ef\u611b\uff5e\uff5e\u7238\u7238\u611f\u89ba\u8d85\u611b\u5abd\u5abd\u7684,\u597d\u5e78\u798f\u7684\u4e00\u5bb6\ud83d\udc95"
        },
        {
            "reply_id": "Ugz9u8alyqt-2cIpOrF4AaABAg",
            "reply_content": "\u5abd\u5abd\u597d\u50cf\u7576\u5f8b\u5e2b\u7684\u611f\u89ba\n\u8acb\u554f\u91d1\u91dd\u83c7\u7684\u7238\u5abd\u662f\u5f9e\u4e8b\u4ec0\u9ebc\u5de5\u4f5c\u7684\u5462\uff1f"
        },
        {
            "reply_id": "Ugw5uiWpv-nvPC7fVsF4AaABAg",
            "reply_content": "\u91d1\u91dd\u83c7\u6bcf\u6b21\u770b\u4f60\u7684\u5f71\u7247\u90fd\u597d\u60f3\u6211\u5973\u5152\u5594\n\u4ed6\u8ddf\u4f60\u4e00\u6a23\u90fd\u5728\u570b\u5916\u6253\u62fc\n\u4f60\u8981\u52a0\u6cb9\u5594"
        },
        {
            "reply_id": "UgwzPUqtGYNT2evWNiN4AaABAg",
            "reply_content": "\u4e0d\u662f\u9084\u6709\u5927\u59ca?"
        },
        {
            "reply_id": "UgygmWx9kMtypVQlouh4AaABAg",
            "reply_content": "\u795d\u798f \u5e73\u5b89\u5065\u5eb7 \u65c5\u904a\u53f0\u7063\u9806\u5fc3\u6109\u6085."
        },
        {
            "reply_id": "UgwoykT8Le8NPn624pF4AaABAg",
            "reply_content": "\u6700\u5f8c\u4e00\u6bb5\u5f88\u611f\u52d5\uff0c\u5bb6\u4eba\u7684\u611f\u60c5\u5f88\u6df1\u539a"
        },
        {
            "reply_id": "Ugw2RxGcrDb-uCbaCDJ4AaABAg",
            "reply_content": "\u6709\u8ab0\u77e5\u9053\u725b\u8089\u9eb5\u662f\u54ea\u4e00\u5bb6\uff1f"
        },
        {
            "reply_id": "UgwH42w7pbdZ_hacTnR4AaABAg",
            "reply_content": "\u91d1\u91dd\u83c7\u4eca\u5e74\u904e\u5e74\u4e5f\u628a\u563f\u6bcd\u59ae\u4e5f\u5e36\u4f86\u53f0\u7063\u904e\u5e74\u5427\uff5e\ud83c\udf89\ud83c\udf89\ud83c\udf89\ud83d\ude02"
        },
        {
            "reply_id": "UgwQIpc-sNzYc9chiC54AaABAg",
            "reply_content": "\u6ce1\u83dc\u54ea\u88e1\u9084\u53ef\u4ee5\u8cb7\u5462?"
        },
        {
            "reply_id": "Ugw_r0OquiM6D_3Jz4h4AaABAg",
            "reply_content": "\u83c7\u5abd\u5abd\uff0c\u5f88\u6709\u6c23\u8cea\u7684"
        },
        {
            "reply_id": "UgzUL8VCUGdWaaDIRx54AaABAg",
            "reply_content": "\u70ba\u4ec0\u9ebc\u54e5\u54e5\u5f1f\u5f1f\u90a3\u9ebc\u6015\u4e0a\u93e1? \u800c\u4e14\u5f1f\u5f1f\u5728\u93e1\u982d\u524d\u90fd\u6703\u8b1b\u4e2d\u6587\u4f46\u54e5\u54e5\u9084\u662f\u8b1b\u97d3\u6587\u54c8\u54c8"
        },
        {
            "reply_id": "UgyR24ttAhC6bPkUESJ4AaABAg",
            "reply_content": "\u91dd\u83c7\u7238\u5abd\u4e5f\u592a\u5e74\u8f15\uff01\u8d85\u6709\u6c23\u8cea"
        },
        {
            "reply_id": "UgyXi3NhNtIVnb1n55N4AaABAg",
            "reply_content": "\u65e5\u672c\u7537\u4eba\u8ddf\u53f0\u7063\u5973\u5b69\u914d\u3002\u751f\u6d3b\u6bd4\u8f03\u6709\u4fdd\u8b49\u3002"
        },
        {
            "reply_id": "UgxwMhyqimYu7YiQKi54AaABAg",
            "reply_content": "\u597d\u751c\u871c\u7684\u4e00\u5bb6"
        },
        {
            "reply_id": "UgzVOEKwaW8_q_Op9FN4AaABAg",
            "reply_content": "\u5abd\u5abd\u597d\u50cf\u7a7a\u59d0!"
        },
        {
            "reply_id": "Ugxuc6Abaju5yXVApBR4AaABAg",
            "reply_content": "\u7238\u5abd\u597d\u5e74\u8f15\u5594\n\u7238\u7238\u597d\u9ad4\u8cbc\ud83d\udc4d\u4e0d\u50cf\u4e00\u822c\u97d3\u570b\u8001\u516c\u5927\u7537\u4eba"
        },
        {
            "reply_id": "Ugzj6qI8hYsBdKRkr8F4AaABAg",
            "reply_content": "\u9019\u7cfb\u5217\u4e0d\u53ef\u80fd\u770b\u4e86\u4e0d\u6d41\u6dda\u5427\ud83e\udd72"
        },
        {
            "reply_id": "Ugy6AUTe1JnuEoG-k_94AaABAg",
            "reply_content": "\u771f\u7684\u5f88\u559c\u6b61\u770b\u4f60\u5011\u4e00\u5bb6\u4eba\u76f8\u8655\u7684\u6a23\u5b50 \u6c1b\u570d\u5f88\u597d \u770b\u7684\u4eba\u4e5f\u6703\u89ba\u5f97\u5e78\u798f\u2764"
        }
    ]
}