{
    "video_info": {
        "id": "bcDnpXneLlo",
        "channelTitle": "\u97d3\u52fe\u311f\u91d1\u91dd\u83c7 \ucc10\uca50\uafb8",
        "title": "\u6642\u9694\u516b\u5e74 \u7d42\u65bc\ud83d\ude2d\u6211\u7684\u59ca\u59ca\u9996\u5ea6\u4f86\u53f0\u7063\u62dc\u8a2a\u6211\u4e86\u2764\ufe0f\ud83c\uddf9\ud83c\uddfc\u770b\u5979\u5403\u53f0\u7063\u98df\u7269\u7684\u53cd\u61c9\u592a\u53ef\u611b\u4e86\u54c8\u54c8\u54c8\uff5c\u97d3\u52fe\u311f\u91d1\u91dd\u83c7 \ucc10\uca50\uafb8",
        "description": "#\u83c7\u59d0 #\u53f0\u7063\u904a\n\n\u5e0c\u671b\u4f60\u5011\u559c\u6b61\u9019\u90e8\u5f71\u7247\n\u559c\u6b61\u5e6b\u6211\u8a02\u95b1\u6309\u8b9a\u5206\u4eab \u8a18\u5f97\u958b\u555f\u5c0f\u9234\u943a\u6536\u53d6\u65b0\u7247\u901a\u77e5\u5594\uff01\n\n\uff3f\uff3f\uff3f\uff3f\uff3f\uff3f\uff3f\uff3f\uff3f\uff3f\uff3f\uff3f\uff3f\uff3f\uff3f\uff3f\uff3f\uff3f\uff3f\uff3f\uff3f\n\n\u2b50\ufe0f\u91d1\u91dd\u83c7\u7684\u97d3\u570b\u7f8e\u98df\u54c1\u724c\uff1ahttps://www.kimkfoods.com\n\u2b50\ufe0f\u91d1\u5bb6\u311f\u5e03\u5e33\u99ac\u8eca\uff1ahttps://www.facebook.com/groups/2297603990535075/\n\u2b50\ufe0f\u91d1\u91dd\u83c7\u7684\u7c89\u5c08: https://www.facebook.com/Koreajinzhengu/\n\u2b50\ufe0f\u91d1\u91dd\u83c7\u7684IG: https://www.instagram.com/ggu__kim/\n\u2b50\ufe0f\u5408\u4f5c\u9080\u7d04\u8acb\u6d3dPressPlay\uff1ajinyoungkim@pressplay.cc\n\n\uff3f\uff3f\uff3f\uff3f\uff3f\uff3f\uff3f\uff3f\uff3f\uff3f\uff3f\uff3f\uff3f\uff3f\uff3f\uff3f\uff3f\uff3f\uff3f\uff3f\uff3f",
        "likeCount": "53305",
        "commentCount": "1430",
        "viewCount": "1945186"
    },
    "comments": [
        {
            "reply_id": "UgxYNaHfUJHrjV2JTJt4AaABAg",
            "reply_content": "\u5802\u59d0\u771f\u7684\u6709\u201c\u4e3b\u64ad\u7ea7\u201d\u7684\u989c\u503c\uff0c\u8981\u4e0d\u4e3a\u4ec0\u4e48\u8fd9\u90e8\u7247\u5feb\u7834\u4e24\u767e\u4e07\u89c2\u770b\uff1f"
        },
        {
            "reply_id": "UgxZFN4iFGuzFdoFaKd4AaABAg",
            "reply_content": "\u6211\u5e6b\u4f60\u5efa\u8b70,\u5e36\u4f60\u8868\u59d0,\u73a9\u516d\u798f\u6751\u7b11\u50b2\u98db\u9df9,\u4e00\u5b9a\u5f88\u591a\u4eba\u770b,\u4ed6\u56de\u53bb\u97d3\u570b\u4e86,\u8003\u616e\u770b\u770b"
        },
        {
            "reply_id": "UgyXKZEHq5xtnpOEe6d4AaABAg",
            "reply_content": "\u611f\u89ba\u5f97\u51fa\u4f86\u611f\u60c5\u771f\u7684\u8d85\u597d\uff01\u898b\u9762\u90fd\u4e00\u76f4\u7b11 \ud83d\ude06"
        },
        {
            "reply_id": "UgxU-vILCT3xraFq8aN4AaABAg",
            "reply_content": "\u59d0\u59d0\u771f\u7684\u6bcf\u770b\u4e00\u6b21\uff0c\u5c31\u6f02\u4eae\u53ef\u611b\u4e00\u6b21"
        },
        {
            "reply_id": "Ugzjr3UF7lFJYkT6wIl4AaABAg",
            "reply_content": "\u795d\u798f \u5e73\u5b89\u5065\u5eb7 \u65c5\u904a\u53f0\u7063\u6109\u6085\u9806\u5fc3\u9806\u5229."
        },
        {
            "reply_id": "UgwAYjgDPtyIsdwKOJh4AaABAg",
            "reply_content": "\u59ca\u59ca\u597d\u6709\u6c23\u8cea\u597d\u6f02\u4eae\uff0c\u8b9a\u2764"
        },
        {
            "reply_id": "UgwibnpcP43n-KQ5iG94AaABAg",
            "reply_content": "\u4e0d\u77e5\u9053\u70ba\u4f55\u6211\u559c\u6b61\u91cd\u8907\u770b\u59ca\u59ca\u8aaa\u5929\u6c23\u6eab\u6696\u7684\u7247\u6bb5\u3002"
        },
        {
            "reply_id": "UgxhDMAqIg3RaS-Viv94AaABAg",
            "reply_content": "\u771f\u7684\u662f\u4e3b\u64ad\u7d1a\u7f8e\u5973"
        },
        {
            "reply_id": "UgwYHmrqJ56O6g_9i4B4AaABAg",
            "reply_content": "\u7279\u5225\u559c\u6b61\u9019\u671f\uff0c\u770b\u5230\u91d1\u91dd\u83c7\u548c\u59d0\u59d0\u597d\u597d\uff0c\u7279\u5225\u7279\u5225\u559c\u6b61\u59d0\u59d0\u548c\u91d1\u91dd\u83c7\u2764\u2764\u2764"
        },
        {
            "reply_id": "Ugyu3i0A5H_t_hKGZPV4AaABAg",
            "reply_content": "\u59d0\u59d0\u59b9\u59b9\u90fd\u597d\u53ef\u611b\uff0c\u54e5\u54e5\u5f1f\u5f1f\u70ba\u4f55\u4e0d\u5165\u93e1\u554a\uff01"
        },
        {
            "reply_id": "UgwH5hKY1Hq32msLTYh4AaABAg",
            "reply_content": "\u9019\u59ca\u59ca\u592a\u9ad8\u7d1a\u4e86\u5566"
        },
        {
            "reply_id": "Ugx8iwlVZ9vMBp9BQjF4AaABAg",
            "reply_content": "\u91dd\u83c7\u662f\u4e0d\u662f\u5fd8\u4e86\u81ea\u5df1\u4e5f\u662f\u97d3\u570b\u4eba\uff38\uff24"
        },
        {
            "reply_id": "UgwfcX4vL2XQi-HK9sR4AaABAg",
            "reply_content": "\u53f0\u7063\u653f\u5e9c\u5e6b\u4f60\u82b1\u591a\u5c11\u9322\u4f60\u72a7\u7272\u591a\u5c11\u53ef\u6190\u4e0b\u4e00\u5c46\u4e0d\u662f\u6c11\u9032\u9ee8\u7684\u6642\u5019\u91d1\u91dd\u83c7\u5c0f\u59d0\u4f60\u9084\u8981\u88ab\u9ad8\u5b98\u73a9\u55ce"
        },
        {
            "reply_id": "UgzdEPGbnjwNSH_6vBF4AaABAg",
            "reply_content": "\u96e3\u602a\u525b\u53f8\u6a5f\u597d\u50cf\u5728\u642c\u77f3\u982d\ud83d\ude02"
        },
        {
            "reply_id": "UgyJ-rBWPr6EepQg3154AaABAg",
            "reply_content": "\u53f0\u7063\u4eba\u8981\u597d\u597d\u73cd\u60dc\u611b\u53f0\u7063  \u6211\u53bb\u97d3\u570b\u6642 \u53c8\u51b7\u5403\u53c8\u8cb4 \u53f0\u7063 \u8981\u4ec0\u9ebd\u6709\u4ec0\u9ebc \u6211\u5728\u5357\u7f8e\u53f0\u5546 \u6df1\u6df1\u9ad4\u6703 \u53f0\u7063\u7269\u7f8e\u50f9\u5ec9  \u96fb\u8166\u7b46\u96fb \u624b\u6a5f \u53c8\u597d\u53c8\u6027\u80fd\u5f37\u8010\u7528 \u4e09\u661f\u624b\u6a5f\u4fbf\u5b9c \u4e0d\u8010\u7528 \u5927\u9678\u66f4\u4e0d\u8981\u8b1b \u4fbf\u5b9c\u4e0d\u8010\u7528"
        },
        {
            "reply_id": "Ugw11lr4CjNwoUF3QY54AaABAg",
            "reply_content": "\u5169\u500b\u9577\u7684\u771f\u50cf \u7c21\u76f4\u96d9\u80de\u80ce"
        },
        {
            "reply_id": "UgyM8B1S3pnOABW84u14AaABAg",
            "reply_content": "\u6211\u89ba\u5f97\u59ca\u59ca\u5f88\u50cf\u5df2\u6545\u7684\u9999\u6e2f\u85dd\u4eba \u6885\u8277\u82b3"
        },
        {
            "reply_id": "UgzFtLLJvC0FeqVXBw54AaABAg",
            "reply_content": "\u91d1\u91dd\u83c7\uff0c\u59b3\u592a\u53ef\u611b\u4e86\uff01"
        },
        {
            "reply_id": "Ugw2US2u8AjGhH6wV094AaABAg",
            "reply_content": "\u904e\u99ac\u8def\u8981\u8d70\u6591\u99ac\u7dda\n\u6bcd\u89aa\u7bc0\u524d\u53f0\u5357\u6709\u500b3\u6b72\u5c0f\u5973\u5b69\u5abd\u727d \u9084\u88ab\u9001\u5230\u897f\u5929\n\u8981\u6ce8\u610f\u5b89\u5168"
        },
        {
            "reply_id": "UgytlBxLdP4GEXAZi3p4AaABAg",
            "reply_content": "\u600e\u9ebc\u59d0\u59b9\u591a\u4e00\u6a23\u90a3\u9ebc\u6f02\u4eae\u554a"
        }
    ]
}