{
    "video_info": {
        "id": "BDBcMXrnARs",
        "channelTitle": "\u97d3\u52fe\u311f\u91d1\u91dd\u83c7 \ucc10\uca50\uafb8",
        "title": "\ud83c\udde8\ud83c\udded\u745e\u58eb\u8d85\u8cb4\u7269\u50f9\u9ad4\u9a57\u8a18\u22ef\u6211\u597d\u50cf\u6c92\u8fa6\u6cd5\u4f4f\u9019\ud83e\udd72\u4f4f\u53f0\u7063\u597d\u5e78\u798f\u54c8\u54c8\u54c8 #\u5713\u5922\u8a08\u756b\uff5c\u97d3\u52fe\u311f\u91d1\u91dd\u83c7 \ucc10\uca50\uafb8",
        "description": "\ud83c\udde8\ud83c\udded\u745e\u58eb\u8d85\u8cb4\u7269\u50f9\u9ad4\u9a57\u8a18\u22ef\u6211\u597d\u50cf\u6c92\u8fa6\u6cd5\u4f4f\u9019\ud83e\udd72\u4f4f\u53f0\u7063\u597d\u5e78\u798f\u54c8\u54c8\u54c8 #\u5713\u5922\u8a08\u756b\n\n\u4eca\u5e74\u7684\u590f\u65e5\u5047\u671f\u5713\u6eff\u7d50\u675f\ud83d\udd1a\ud83e\udd79\n\u5f71\u7247\u4e2d\u7684\u63db\u532f\u6d3b\u52d5\u8cc7\u8a0a\u9023\u7d50\u653e\u5728\u9019\u908a\n\uff1ahttps://www.cathaybk.com.tw/cathaybk/personal/campaigns/ebanking/mmbusdevent/\nCUBE App\u4fdd\u96aa\u5c08\u5340\u6709\u5404\u7a2e\u4fdd\u96aa\u6587\u7ae0\n\u65c5\u904a\u96aa\u3001\u6c7d\u8eca\u96aa\u3001\u6a5f\u8eca\u96aa\u3001\u5bf5\u7269\u96aa\u3001\u4f4f\u5b85\u96aa\u3001\u7b49\u4e0d\u7528\u518d\u627e\u4fdd\u96aa\u5c08\u54e1 \u76f4\u63a5\u624b\u6a5f\u6253\u958bCUBE App\u5c31\u80fd\u641e\u5b9a\u5566\uff01\n\u8cbc\u5fc3\u53c8\u65b9\u4fbf\u7684\u670d\u52d9 \u5927\u5bb6\u53c3\u8003\u770b\u770b\u5537\uff5e\n\n#\u570b\u6cf0\u4e16\u83efCUBEApp #CUBEApp #\u9280\u884cApp #\u4fdd\u96aa #\u65c5\u904a\n#\u672c\u5f71\u7247\u7531\u570b\u6cf0\u4e16\u83ef\u9280\u884c\u8d0a\u52a9\u64ad\u51fa\n#\u7522\u96aa\u5546\u54c1\u570b\u6cf0\u7522\u96aa\u63d0\u4f9b\n\u8b49\u5238\u670d\u52d9\u7531\u570b\u6cf0\u7d9c\u5408\u8b49\u5238\u63d0\u4f9bCUBE App\u662f\u7531\u570b\u6cf0\u4e16\u83ef\u9280\u884c\u5efa\u7f6e\n\u6295\u8cc7\u4e00\u5b9a\u6709\u98a8\u96aa\uff0c\u57fa\u91d1\u6295\u8cc7\u6709\u8cfa\u6709\u8ce0\uff0c\u7533\u8cfc\u524d\u61c9\u8a73\u95b1\u516c\u958b\u8aaa\u660e\u66f8\n\n#\u745e\u58eb #\u745e\u58eb\u65c5\u904a #\u745e\u58eb\n\n\u6ed1\u6c34\uff1awww.wakesurf.world\n\u97d3\u5f0f\u6599\u7406\u9910\u5ef3\uff1aRESTAURANT AARE, minari\n\u8cb7\u676f\u5b50\uff1aSplendid Interlaken\n\u8d77\u53f8\u934b\uff1aStallbeizli Heubode \n\u5e0c\u671b\u4f60\u5011\u559c\u6b61\u9019\u90e8\u5f71\u7247\n\u559c\u6b61\u5e6b\u6211\u8a02\u95b1\u6309\u8b9a\u5206\u4eab \u8a18\u5f97\u958b\u555f\u5c0f\u9234\u943a\u6536\u53d6\u65b0\u7247\u901a\u77e5\u5594\uff01\n\n\uff3f\uff3f\uff3f\uff3f\uff3f\uff3f\uff3f\uff3f\uff3f\uff3f\uff3f\uff3f\uff3f\uff3f\uff3f\uff3f\uff3f\uff3f\uff3f\uff3f\uff3f\n\n\u2b50\ufe0f\u91d1\u91dd\u83c7\u7684\u97d3\u570b\u7f8e\u98df\u54c1\u724c\uff1ahttps://www.kimkfoods.com\n\u2b50\ufe0f\u91d1\u5bb6\u311f\u5e03\u5e33\u99ac\u8eca\uff1ahttps://www.facebook.com/groups/2297603990535075/\n\u2b50\ufe0f\u91d1\u91dd\u83c7\u7684\u7c89\u5c08: https://www.facebook.com/Koreajinzhengu/\n\u2b50\ufe0f\u91d1\u91dd\u83c7\u7684IG: https://www.instagram.com/ggu__kim/\n\u2b50\ufe0f\u5408\u4f5c\u9080\u7d04\u8acb\u6d3dPressPlay\uff1ajinyoungkim@pressplay.cc\n\n\uff3f\uff3f\uff3f\uff3f\uff3f\uff3f\uff3f\uff3f\uff3f\uff3f\uff3f\uff3f\uff3f\uff3f\uff3f\uff3f\uff3f\uff3f\uff3f\uff3f\uff3f",
        "likeCount": "8837",
        "commentCount": "221",
        "viewCount": "492254"
    },
    "comments": [
        {
            "reply_id": "UgwWHP1Y6_3v1-rjCr94AaABAg",
            "reply_content": "\u83c7\u5abd\u8eab\u6750\u771f\u597d\uff0c\u8179\u808c\u8fa3\u5abd\u3002\u96e3\u602a\u5973\u5152\u4e5f\u6b63"
        },
        {
            "reply_id": "Ugz-mKri9B8IK1y4Vk54AaABAg",
            "reply_content": "\u83c7\u83c7\u6253\u626e\u4e5f\u6709\u5920\u7f8e\u554a\uff01\u597d\u50cf\u540d\u5a9b\uff01\ud83e\udd29"
        },
        {
            "reply_id": "UgzYJbzcFQ_kv6kuRr94AaABAg",
            "reply_content": "\u8981\u6ed1\u6c34\u524d\u9084\u60f3\u5230\u745e\u58eb\u6709\u6c92\u6709\u9b3c\u6708\ud83d\ude02"
        },
        {
            "reply_id": "UgzdwlFt2aQiawT71P14AaABAg",
            "reply_content": "\u5abd\u5abd\u4e5f\u6709\u8179\u808c \u592a\u53b2\u5bb3\u4e86"
        },
        {
            "reply_id": "Ugx5YPcN1KKhs-EZnrJ4AaABAg",
            "reply_content": "\u83c7\u8d8a\u4f86\u8d8a\u6f02\u4eae\u4e86"
        },
        {
            "reply_id": "UgwmDarSmoD5Uj00zF94AaABAg",
            "reply_content": "\u83c7\u5abd\u7684\u8eab\u6750\u4e5f\u592a\u597d\u4e86\u5427\uff0c\u597d\u8a87\u5f35"
        },
        {
            "reply_id": "UgxN_wvFrfW8AP8rLFJ4AaABAg",
            "reply_content": "\u5929\u554a \u597d\u4e45\u4e0d\u898b\u7684\u9ed1\u8f2a\u91d1\u91dd\u83c7\u53c8\u51fa\u73fe\u4e86\ud83d\ude02"
        },
        {
            "reply_id": "UgxhZvXx04p-d8SWHFN4AaABAg",
            "reply_content": "\u6ed1\u6c34\u5929\u624d"
        },
        {
            "reply_id": "UgxXGlFD3f4dUdg51Nl4AaABAg",
            "reply_content": "\u592a\u8d35\u4e86\u5427\ud83d\ude2d"
        },
        {
            "reply_id": "UgyOpSHYBAuh1DnrJYF4AaABAg",
            "reply_content": "\u543c\u4f60\u61c9\u8a72\u8aaa\u59b3\u662f\u97d3\u570b\u4eba\u5f9e\u53f0\u7063\u7684\u5c45\u6c11\u904e\u4f86\u73a9\u7684\u5587\ud83d\ude02"
        },
        {
            "reply_id": "UgxiDiuIjBE1wx4kcY94AaABAg",
            "reply_content": "\u7b2c\u4e00\u5929\u548c\u7b2c\u4e8c\u5929\u7684\u6ed1\u677f\u5728\u8239\u5f8c\u6d6a\u7684\u4f4d\u7f6e\u9ede\u4e0d\u4e00\u6a23\uff0c\u6240\u4ee5\u7b2c\u4e00\u5929\u611f\u89ba\u6bd4\u8f03\u9806"
        },
        {
            "reply_id": "UgzVZo7GsTfXiqq50hB4AaABAg",
            "reply_content": "\u745e\u58eb\u7684\u7269\u4ef7\u6bd4\u7f8e\u56fd\u8d35\u4e00\u4e22\u4e22 \u8d35\u5728\u6c47\u7387\u4e0a \u4ef7\u683c\u662f\u5dee\u4e0d\u591a \u4f46\u662f\u7b97\u4e0a\u6c47\u7387\u5c31\u745e\u58eb\u8d35\u4e00\u70b9"
        },
        {
            "reply_id": "UgyXPkYlIxcPAbHHK-B4AaABAg",
            "reply_content": "\u807d\u5230\u5abd\u5abd\u8b1b\u90a3\u6bb5\u8a71\u597d\u611f\u52d5\uff0c\u7238\u7238\u5abd\u5abd\u8f9b\u82e6\u4e00\u8f29\u5b50\uff0c\u770b\u5230\u91d1\u91dd\u83c7\u73fe\u5728\u9019\u9ebc\u6709\u6210\u5c31\u80af\u5b9a\u662f\u5f88\u958b\u5fc3\u7684"
        },
        {
            "reply_id": "UgxPBystWmJoq_EMGJN4AaABAg",
            "reply_content": "\u606d\u559c\u5713\u4e00\u500b\u5922\u4e86\u2026\u2026\n\u745e\u58eb\u6709\u4e9b\u5730\u65b9\u98a8\u666f\u771f\u7684\u4e0d\u932f\u554a\n\u6e05\u6f88\u7684\u6cb3\u5ddd\u50cf\u53f0\u7063\u7684\u862d\u5dbc.\u9f9c\u5c71\u5cf6\u2026\u2026\n\u5f88\u68d2\uff01"
        },
        {
            "reply_id": "UgxCFHntCODV1ayj-IN4AaABAg",
            "reply_content": "\u5abd\u5abd\u8eab\u6750\u4e5f\u592a\u597d\u4e86\u5427\uff01\u90a3\u500b\u809a\u5b50...\u9023\u5e74\u8f15\u4eba\u7684\u6211\u90fd\u671b\u5875\u83ab\u53ca\u963f"
        },
        {
            "reply_id": "Ugy6Ys6GDK7RZNYrsrl4AaABAg",
            "reply_content": "\u91d1\u91dd\u83c7\u6ed1\u6c34\u597d\u53b2\u5bb3\ud83d\udc4d\u7f8e\u666f\u914d\u8d77\u58eb\u934b\u611f\u89ba\u597d\u8b9a\ud83d\ude0d\u60f3\u554f\u9019\u5bb6\u5e97\u7684\u5e97\u540d\uff1f\ud83d\ude4f\ud83e\udd24"
        },
        {
            "reply_id": "Ugy7fGwHXhpqSkAHLCZ4AaABAg",
            "reply_content": "\u6211\u559c\u6b61\u91d1\u91dd\u83c7\u9019\u6b21\u7684\u7a7f\u642d\uff0c\u597d\u9069\u5408\u59b3\uff5e\uff5e\u8d85\u7d1a\u597d\u770b\u2764"
        },
        {
            "reply_id": "UgyZHbb8Add-Om2f9K54AaABAg",
            "reply_content": "\u53f0\u7063\u672a\u4f86\u7e3d\u7d71\u662f\u8cf4\u91ab\u5e2b"
        },
        {
            "reply_id": "UgxQnBwsfL6MW_SJ21t4AaABAg",
            "reply_content": "\u6211\u4e09\u9031\u524d\u53bb\u745e\u58eb\u4e5f\u662f\u8d85\u7d1a\u71b1\u7684\uff0c\u90a3\u88e1\u98a8\u666f\u771f\u7684\u7f8e\u7206\u4e86"
        },
        {
            "reply_id": "Ugy9WBhifRaTojG84Zh4AaABAg",
            "reply_content": "\u8981\u662f\u53f0\u7063\u5c31\u662f\u4e00\u5806\u9435\u76ae\u5c4b"
        }
    ]
}