{
    "video_info": {
        "id": "bVovdgX1O9w",
        "channelTitle": "\u97d3\u52fe\u311f\u91d1\u91dd\u83c7 \ucc10\uca50\uafb8",
        "title": "\u6c92\u60f3\u5230\u6211\u4e5f\u4e2d\u4e86\ud83d\ude2d7\u5929\u75c7\u72c0\u3001\u5eb7\u5fa9\u65e5\u5e38\u2014 \u62cd\u7d66\u672a\u4f86\u5b6b\u5b50\u5011\u770b\u2026.\uff5c\u97d3\u52fe\u311f\u91d1\u91dd\u83c7 \ucc10\uca50\uafb8",
        "description": "#\u9694\u96e2\u7cfbyoutuber #\u672c\u96c6\u6c23\u8272\u5f88\u5dee\u8acb\u898b\u8ad2\u54c8\u54c8\u54c8\n\n\u5e0c\u671b\u4f60\u5011\u559c\u6b61\u9019\u90e8\u5f71\u7247\n\u559c\u6b61\u5e6b\u6211\u8a02\u95b1\u6309\u8b9a\u5206\u4eab \u8a18\u5f97\u958b\u555f\u5c0f\u9234\u943a\u6536\u53d6\u65b0\u7247\u901a\u77e5\u5594\uff01\n\n\uff3f\uff3f\uff3f\uff3f\uff3f\uff3f\uff3f\uff3f\uff3f\uff3f\uff3f\uff3f\uff3f\uff3f\uff3f\uff3f\uff3f\uff3f\uff3f\uff3f\uff3f\n\n\u2b50\ufe0f\u91d1\u91dd\u83c7\u7684\u97d3\u570b\u7f8e\u98df\u54c1\u724c\uff1ahttps://www.kimkfoods.com\n\u2b50\ufe0f\u91d1\u5bb6\u311f\u5e03\u5e33\u99ac\u8eca\uff1ahttps://www.facebook.com/groups/2297603990535075/\n\u2b50\ufe0f\u91d1\u91dd\u83c7\u7684\u7c89\u5c08: https://www.facebook.com/Koreajinzhengu/\n\u2b50\ufe0f\u91d1\u91dd\u83c7\u7684IG: https://www.instagram.com/ggu__kim/\n\u2b50\ufe0f\u5408\u4f5c\u9080\u7d04\u8acb\u6d3dPressPlay\uff1ajinyoungkim@pressplay.cc\n\n\uff3f\uff3f\uff3f\uff3f\uff3f\uff3f\uff3f\uff3f\uff3f\uff3f\uff3f\uff3f\uff3f\uff3f\uff3f\uff3f\uff3f\uff3f\uff3f\uff3f\uff3f",
        "likeCount": "32423",
        "commentCount": "1623",
        "viewCount": "1468097"
    },
    "comments": [
        {
            "reply_id": "Ugyl1WQiALkwY930PGV4AaABAg",
            "reply_content": "\u90a3\u500b\u5143\u6c23\u98f2\u6211\u4e5f\u6709\u559d\ud83d\ude02\u771f\u7684\u5473\u9053\u4e0d\u662f\u5f88\u597d\u559d\uff5e\u53ef\u662f\u5f88\u6709\u7528"
        },
        {
            "reply_id": "UgwjI8MtP0ifZL-R__h4AaABAg",
            "reply_content": "\u53ef\u4ee5\u8acb\u554f \u91d1\u91dd\u83c7\u600e\u9ebc\u5f9e\u72d7\u6d3e\u8f49\u8b8a\u6210\u8c93\u5974\u55ce\uff1f"
        },
        {
            "reply_id": "UgxiZ55ypv8cgXhYXER4AaABAg",
            "reply_content": "\u6211\u59d0\u59d0\u53ca\u59b9\u59b9\u4e5f\u662f\u78ba\u8a3a\u4e4b\u5f8c\u8ddf\u59b3\u4e00\u6a23\u7684\u72c0\u6cc1\uff0c\u4e5f\u662f\u7b2c\u4e09\u5929\u4ee5\u5f8c\u5c31\u6f38\u6f38\u7684\u597d\u4e86\u4e00\u500b\u79ae\u62dc\u5f8c\u5c31\u6c92\u4e8b\u4e86\uff5e\u4f46\u662f\u7576\u4e0b\u807d\u8aaa\u975e\u5e38\u4e0d\u8212\u670d"
        },
        {
            "reply_id": "UgwVJsLGO8TJztqfDlZ4AaABAg",
            "reply_content": "\u6211\u78ba\u8a3a\u7684\u7b2c\u4e00\u5929\u5230\u7b2c12\u5929\u90fd\u9084\u662f\u5169\u689d\u7dda\uff0c\u800c\u4e14\u90a3\u5169\u903114\u5929\u8d85\u7d1a\u4e0d\u8212\u670d\u611f\u89ba\u5feb\u6b7b\u4e86\uff0c14\u5929\u5f8c\u624d\u6062\u5fa9\u5f97\u597d\u591a\u4e86\uff0c\u76f4\u5230\u73fe\u5728\u5df2\u7d93\u904e\u4e86\uff14\u500b\u6708\u4e86\uff0c\u4f9d\u7136\u90fd\u611f\u89ba\u9084\u6709\u4e00\u53e3\u75f0\u7d2f\u7e3e\u5728\u5589\u56a8\u6c38\u9060\u8e72\u4e0d\u4e0b\u53bb\u7684\u611f\u89ba....."
        },
        {
            "reply_id": "Ugzu0IIjwZum_n4nDb94AaABAg",
            "reply_content": "\u5b6b\u5b50"
        },
        {
            "reply_id": "UgzvRGu54y-p8vc8fv14AaABAg",
            "reply_content": "\u771f\u4e0d\u932f\u7684\u6062\u5fa9\u9ad4\u9a57,\u6211\u54b3\u4e86\u5169\u500b\u591a\u6708\u7684\u54b3\u55fd... \u5dee\u9ede\u8981\u5658\u904e\u53bb"
        },
        {
            "reply_id": "UgzP0Uky6knMYb-VHap4AaABAg",
            "reply_content": "\u91d1\u91dd\u83c7\u623f\u5b50\u7a97\u670d\u6253\u958b\u4e00\u9ede\u901a\u98a8 \ud83d\udc4d\ud83c\udffb"
        },
        {
            "reply_id": "UgzPxU-RNBFYaAhSiQR4AaABAg",
            "reply_content": "\u91d1\u91dd\u83c7\u611f\u5192\u5f88\u597d\u606d\u559c\ud83d\udc4d\ud83c\udffb"
        },
        {
            "reply_id": "UgzoA4BiXI5PFsTxIJZ4AaABAg",
            "reply_content": "\u91d1\u91dd\u83c7\u611f\u5192\u9084\u597d\u55ce\ud83d\udc4d\ud83c\udffb"
        },
        {
            "reply_id": "UgxHEMMdlbOmPg_vMIF4AaABAg",
            "reply_content": "\u91d1\u91dd\u83c7\u53bb\u770b\u91ab\u751f\u91ab\u9662\ud83d\udc4d\ud83c\udffb"
        },
        {
            "reply_id": "UgxbhHCR7iHstU3uZCV4AaABAg",
            "reply_content": "\u91d1\u91dd\u83c7\u4f60\u9019\u9ebc\u88ab\u9f3b\u5b50\u805e\u5230\u5473 \ud83d\udc4d\ud83c\udffb"
        },
        {
            "reply_id": "Ugz0ZeNb2G-NszAWW3N4AaABAg",
            "reply_content": "\u73fe\u5728\u624d\u770b\u5230\u9019\u500b\u5f71\u7247\uff0c\u63a8\u7b97\u56de\u53bb\uff0c\u91d1\u91dd\u83c7\u8ddf\u6211\u78ba\u8a3a\u7684\u6642\u9593\u5dee\u4e0d\u591a\u3002\u6211\u7576\u6642\u4e5f\u662f\u89ba\u5f97\u5f88\u6127\u759a\uff0c\u5f88\u591a\u5de5\u4f5c\u90fd\u4e0d\u80fd\u505a\uff0c\u9084\u8981\u62dc\u8a17\u540c\u4e8b\u8ddf\u4e3b\u7ba1\u5e6b\u5fd9\u3002\u4e5f\u5f88\u6015\u50b3\u67d3\u7d66\u5c0f\u5b69\uff0c\u9084\u56e0\u70ba\u9019\u6a23\u800c\u54ed\u4e86\uff0c\u56e0\u70ba\u6211\u81ea\u5df1\u5f88\u5065\u5eb7\uff0c\u6c92\u4ec0\u9ebc\u75c7\u72c0\uff0c\u4f46\u662f\u5f88\u6015\u5982\u679c\u50b3\u7d66\u5225\u4eba\uff0c\u5225\u4eba\u4e0d\u66c9\u5f97\u6703\u4e0d\u6703\u600e\u9ebc\u6a23\uff1f\u5e78\u597d\u6211\u4e5f\u662f\u6709\u75c7\u72c0\u5c31\u8d95\u5feb\u5feb\u7be9\u7136\u5f8c\u8acb\u5047\u4e86\uff0c\u6c92\u6709\u6ce2\u53ca\u5230\u5225\u4eba\u3002"
        },
        {
            "reply_id": "UgxWodUEDfyErXj41bR4AaABAg",
            "reply_content": "\u91d1\u73cd\u83c7\u8981\u4fdd\u91cd\u554a\uff01\u5927\u982d\u9700\u8981\u83c7\u9ebb\u9ebb\uff0c\u8981\u71df\u990a\u5065\u5eb7\u589e\u5f37\u514d\u75ab\u529b\u5927\u982d\u624d\u80fd\u5065\u5eb7\u514d\u75ab\u3002"
        },
        {
            "reply_id": "UgxUeYURe01TlYR0w8F4AaABAg",
            "reply_content": "\u78ba\u8a3a\u8005\u53ef\u4ee5\u9760\u8fd1\u5bf5\u7269\u55ce\uff1f\uff01"
        },
        {
            "reply_id": "UgzOgy30wbBzwGzsZjt4AaABAg",
            "reply_content": "\u78ba\u8a3a\u4e2d...\u6a23\u5b50\u771f\u7684\u8ddf\u6211\u4e00\u6a21\u4e00\u6a23\uff0c\u5c24\u5176\u662f\u90a3\u500b\u81c9\u8272\uff0c\u7761\u5f88\u4e45\u9084\u662f\u9ed1\u773c\u5708....\u771f\u7684\u8981\u9ad4\u9a57\u904e\u624d\u77e5\u9053\u9019\u7a2e\u75db\u82e6\u3002"
        },
        {
            "reply_id": "UgzoVraCfoCUtC_VSdZ4AaABAg",
            "reply_content": "\u8033\u9f3b\u5589\u79d1\u91ab\u5e2b\u770b\u6211\u7684\u5589\u56a8\u8aaa\u5589\u56a8\u9084\u5728\u767c\u708e\u4e0d\u80fd\u4e0d\u5403\u85e5\n\u6551\u547d\u554a\u6211\u5c31\u662f\u4e0d\u60f3\u518d\u5403\u4e86"
        },
        {
            "reply_id": "UgzTn7fchRXboarj6Vt4AaABAg",
            "reply_content": "\u5403\u4e86\u5feb\u4e00\u500b\u6708\u7684 \u85e5 \u4e86\u4ec0\u9ebc\u6642\u5019\u624d\u53ef\u4ee5\u4e0d\u7528\u5403  \u6b61\u8fce\u63d0\u4f9b\u8fa6\u6cd5"
        },
        {
            "reply_id": "Ugz2j2gnNJ0wYT0may14AaABAg",
            "reply_content": "\u597d\u60f3\u77e5\u9053\u4f60\u662f\u4e00\u500b\u4eba\u4f4f\u55ce\u8ab0\u5e6b\u4f60\u62cd \u6211 \u5728 \u770b\u5b8c\u5f71\u7247\u624d\u77e5\u9053\u9019\u500b\u5f71\u7247\u5728\u56db\u500b\u6708\u524d\u62cd\u7684\u90a3\u6642\u5019\u9084\u6709\u95dc\u61f7\u5305\u53ef\u662f\u73fe\u5728\u5df2\u7d93\u6c92\u6709\u4e86 \u4f60\u6bd4 \u5f88\u591a\u4eba\u5e78\u904b\u96d6\u7136\u4e00\u958b\u59cb\u5f88\u4e0d\u8212\u670d\u53ef\u662f\u4e09\u56db\u5929\u5c31\u597d\u5f88\u591a \u800c\u6211\u5feb\u4e00\u500b\u6708\u4e86 \u9084\u662f \u6709 \u8f15\u5fae\u7684 \u5589\u56a8\u75db\u8072\u97f3\u6c99\u555e\u6709\u75f0"
        },
        {
            "reply_id": "UgxyJmTjpobmgPVyjqd4AaABAg",
            "reply_content": "\u6628\u5929\u78ba\u8a3a\u518d\u4f86\u770b\u91d1\u91dd\u83c7\u7684\u5f71\u7247\u611f\u540c\u6df1\u53d7\uff0c\u808c\u8089\u771f\u7684\u7279\u5225\u75e0\u75db\uff0c\u982d\u76f4\u63a5\u70b8\u88c2"
        },
        {
            "reply_id": "UgyW14lHVUTtBMXMG5d4AaABAg",
            "reply_content": "\u559d\u85e5\ud83e\udd63\u7684\u6642\u5019\u8981\u60f3\u8457\u300c\u82e6\u7684\u662f\u75c5\u6bd2\u3001\u4e0d\u662f\u6211\u300d"
        }
    ]
}