{
    "video_info": {
        "id": "d0CCm6R837s",
        "channelTitle": "\u97d3\u52fe\u311f\u91d1\u91dd\u83c7 \ucc10\uca50\uafb8",
        "title": "\u6de1\u6c5f\u4eba\u5e36\u8def\ud83d\udd25\u5b78\u751f\u56de\u61b6\u9285\u677f\u7f8e\u98df\u4e4b\u65c5\uff01\u8d85\u7fa8\u6155\u6de1\u6c34\u4eba\u7684\ud83d\ude2d\uff01\uff01\uff01\u597d\u5403\u96de\u8089\u98ef\u3001\u6de1\u5927\u5fc5\u5403\u81ed\u8c46\u8150\u3001 \u8766\u6372\uff5c\u97d3\u52fe\u311f\u91d1\u91dd\u83c7 \ucc10\uca50\uafb8",
        "description": "\u5e0c\u671b\u4f60\u5011\u559c\u6b61\u9019\u90e8\u5f71\u7247\n\u559c\u6b61\u5e6b\u6211\u8a02\u95b1\u6309\u8b9a\u5206\u4eab \u8a18\u5f97\u958b\u555f\u5c0f\u9234\u943a\u6536\u53d6\u65b0\u7247\u901a\u77e5\u5594\uff01\n\n\u5f71\u7247\u4e2d\u7684\u7f8e\u98df\u5e97\u8cc7\u8a0a\uff1a\n1.\u597d\u5403\u96de\u8089\u98ef\uff08\u63a8\u63a8\n\u65b0\u5317\u5e02\u6de1\u6c34\u5340\u5317\u65b0\u8def113\u865f\n2.\u9ea5\u5fb7\u591a\uff08\u63a8\u63a8\n\u65b0\u5317\u5e02\u6de1\u6c34\u5340\u5317\u65b0\u8def182\u5df721\u5f041\u865f\n3.\u5927\u5409\u7965\u9999\u8c46\u5bcc\n\u65b0\u5317\u5e02\u6de1\u6c34\u5340\u5b78\u5e9c\u8def171\u865f\n4.\u963f\u9999\u8766\u6372\n\u65b0\u5317\u5e02\u6de1\u6c34\u5340\u4e2d\u6b63\u8def230\u865f\n5.\u9ebb\u5409\u5976\u5976\u9bae\u5976\u9ebb\u7cec\n\u65b0\u5317\u5e02\u6de1\u6c34\u5340\u4e2d\u6b63\u8def220\u865f\n\n\uff3f\uff3f\uff3f\uff3f\uff3f\uff3f\uff3f\uff3f\uff3f\uff3f\uff3f\uff3f\uff3f\uff3f\uff3f\uff3f\uff3f\uff3f\uff3f\uff3f\uff3f\n\n\u2b50\ufe0f\u91d1\u91dd\u83c7\u7684\u97d3\u570b\u7f8e\u98df\u54c1\u724c\uff1ahttps://www.kimkfoods.com\n\u2b50\ufe0f\u91d1\u5bb6\u311f\u5e03\u5e33\u99ac\u8eca\uff1ahttps://www.facebook.com/groups/2297603990535075/\n\u2b50\ufe0f\u91d1\u91dd\u83c7\u7684\u7c89\u5c08: https://www.facebook.com/Koreajinzhengu/\n\u2b50\ufe0f\u91d1\u91dd\u83c7\u7684IG: https://www.instagram.com/ggu__kim/\n\u2b50\ufe0f\u5408\u4f5c\u9080\u7d04\u8acb\u6d3dPressPlay\uff1ajinyoungkim@pressplay.cc\n\n\uff3f\uff3f\uff3f\uff3f\uff3f\uff3f\uff3f\uff3f\uff3f\uff3f\uff3f\uff3f\uff3f\uff3f\uff3f\uff3f\uff3f\uff3f\uff3f\uff3f\uff3f",
        "likeCount": "9127",
        "commentCount": "337",
        "viewCount": "462611"
    },
    "comments": [
        {
            "reply_id": "UgyIucmAWt4WmpSKzOJ4AaABAg",
            "reply_content": "\u4eca\u5929\u539f\u4f86\u8981\u662f\u767b\u7389\u5c71\u7684\u5f71\u7247\n\u7576\u6642\u5730\u9707\u983b\u7e41 \u5f8c\u4f86\u5c31\u6c7a\u5b9a\u5ef6\u671f\u55da\u55da\n\u6709\u9ede\u53ef\u60dc \u4f46\u4e5f\u671f\u5f85\u6e96\u5099\u66f4\u5b8c\u6574\u518d\u767b\u5c71\u53bb\uff01\uff01\uff01\ud83d\ude4c\ud83d\ude4c\n\u5927\u5bb6\u53ef\u4ee5\u671f\u5f85\u4e00\u4e0b\u5594\uff5e\uff5e\uff5e\n\u81e8\u6642\u62cd\u9019\u90e8\u5f71\u7247 \u8ddf\u5925\u4f34\u5011\u8f15\u9b06\u51fa\u53bb\u5b8c \u807d\u807d\u4ed6\u5011\u7684\u56de\u61b6 \u771f\u958b\u5fc3\uff5e\u4e5f\u611f\u53d7\u5230\u5f88\u591a\u5b78\u751f\u5011\u9752\u6625\u6d0b\u6ea2\u7684\u6c23\u606f \u9019\u5929\u771f\u7684\u662f\u7642\u7652\u7684\u4e00\u5929\u554a\uff01\uff01\uff01\uff01\uff01"
        },
        {
            "reply_id": "Ugyaksgf1DmbJiN96oF4AaABAg",
            "reply_content": "\u6709\u5566\u5f88\u5ae9\u2764"
        },
        {
            "reply_id": "UgzDmAzEuQWsi8-OGr14AaABAg",
            "reply_content": "\u8ddf\u5728\u91d1\u91dd\u83c7\u65c1\u908a\u5e36\u5e3d\u5b50\u7684\u7537\u751f\u9577\u7684\u770b\u8d77\u4f86\u6709\u9ede\u50cf\u694a\u8fea\u554a"
        },
        {
            "reply_id": "UgxPwEzpr2Grf9qDT1h4AaABAg",
            "reply_content": "\u66fe\u7ecf\u7684\u6de1\u6c5f\u4eba \u9644\u8fd1\u771f\u7684\u5f88\u591a\u7f8e\u98df"
        },
        {
            "reply_id": "Ugzd95WNeyZEur8BMWp4AaABAg",
            "reply_content": "\u6de1\u6c5f\u96d6\u7136\u4e26\u975e\u9802\u5927\u4e26\u4e14\u5730\u8655\u504f\u50fb\uff0c\u9644\u8fd1\u537b\u6709\u8a31\u591a\u89c0\u5149\u666f\u9ede\uff0c\u662f\u4eba\u6587\u8588\u8403\u7684\u597d\u5b78\u6821\u3002\u63a8\u85a6\u65c5\u4eba\u5728\u7f8e\u98df\u4e4b\u65c5\u5916\u4e5f\u80fd\u53bb\u5b78\u6821\u88e1\u7684\u535a\u7269\u9928\u8d70\u8d70\u3002"
        },
        {
            "reply_id": "UgxfCMjw_ygtirvO3Xl4AaABAg",
            "reply_content": "\u611f\u89ba\u8521\u54e5\u4e5f\u53ef\u4ee5\u9806\u4fbf\u4f86\u3002"
        },
        {
            "reply_id": "UgyDDGc3nmuRlQsQcBl4AaABAg",
            "reply_content": "\u53f0\u7063\u53e4\u8463\u7f8e\u98df\u5f88\u591a\u7684\uff0c\u800c\u4e14\u53f0\u7063\u98a8\u666f\u5340\u6709\u597d\u73a9\u3002"
        },
        {
            "reply_id": "UgzKcKA9yjoDWaWDKzF4AaABAg",
            "reply_content": "7:48 \u88dc\u5145\u4e00\u4e0b\u6de1\u6c5f\u6821\u5167\u4e0d\u80fd\u9a0e\u8173\u8e0f\u8eca\u5594\uff0c\u8b66\u885b\u770b\u5230\u6703\u628a\u4f60\u6514\u4e0b\u4f86"
        },
        {
            "reply_id": "Ugzil0a3B0EJiDOBkul4AaABAg",
            "reply_content": "\u597d\u5403\u96de\u8089\u98ef\u771f\u7684\u662f\u56de\u61b6 \u597d\u597d\u5403\u2764"
        },
        {
            "reply_id": "UgzGIlEXR7ujP_Opdpt4AaABAg",
            "reply_content": "\u771f\u7684\u63a8\u85a6\u597d\u5403\u96de\u8089\u98ef"
        },
        {
            "reply_id": "UgwQBJOL8J3Vmf9-ZtZ4AaABAg",
            "reply_content": "\u8089\u9b06\u9eb5\u5305\u8d85\u597d\u5403\u7684\u554a\uff01\u6a19\u6e96\u53e4\u65e9\u5473\ud83d\ude02\ud83d\ude02"
        },
        {
            "reply_id": "UgzKYbf5dDyzSQR0ifJ4AaABAg",
            "reply_content": "\u8eab\u70ba\u6de1\u6c5f\u4eba\uff0c\u4f46\u5e7e\u4e4e\u6c92\u5728\u9644\u8fd1\u5927\u5b78\u57ce\u5c0f\u5e97\u5403\u98efxD \u5012\u662f\u5f71\u5370\u5e97\u9084\u6bd4\u8f03\u719f"
        },
        {
            "reply_id": "UgyGBXJ_xrisrCvhYCN4AaABAg",
            "reply_content": "\u6de1\u6c5f\u9644\u8fd1\u5403\u7684\u5f88\u591a\uff0c\u6240\u4ee5\u6bcf\u500b\u5b78\u751f\u6700\u61f7\u5ff5\u7684\u90fd\u4e0d\u592a\u4e00\u6a23\uff0c\u4e0d\u904e\u9999\u8c46\u5bcc\u9084\u662f\u5e38\u5e38\u5728\u540d\u55ae\u4e0a\u7684XD\n\u6700\u8fd1\u5e7e\u5e74\u56de\u53bb\u4e5f\u6709\u4e9b\u8a18\u61b6\u4e2d\u7684\u7f8e\u98df\u6536\u6524\u4e86\u6709\u9ede\u53ef\u60dc\uff5e\n\u5927\u5b78\u57ce\u5916\u570d\u639b\u5305\u5e97\u8ce3\u7684\u70b8\u7c73\u8178\u4e5f\u5f88\u597d\u5403\u5594\uff01\uff01"
        },
        {
            "reply_id": "UgxoJKCfyOIHNj8wsH14AaABAg",
            "reply_content": "\u6211\u7684\u6635\u79f0h\u6069h\u6b6al\u70b9\u897f\u6b27M\uff0c\u4e34\u65f6\u6539\u4e86\u884c\u7a0b\u8fd8\u80fd\u62cd\u51fa\u8fd9\u4e48\u597d\u7684\u5f71\u7247\u5927\u63a8\u2026"
        },
        {
            "reply_id": "Ugxmw-QXzJQA9gQVkcd4AaABAg",
            "reply_content": "\u8b80\u6de1\u6c5f\u5927\u5b78\u52a0\u7814\u7a76\u6240 \u96d6\u7136\u5b83\u4e0d\u662f\u6700\u597d\u7684\u5927\u5b78 \u4f46\u537b\u662f\u6211\u4eba\u751f\u6700\u5e78\u798f\u7684\u4e00\u6bb5\u6642\u5149  \u60f3\u5ff5\u90a3\u908a\u7684\u7f8e\u98df \u98a8\u666f \u8ddf\u6b65\u8abf"
        },
        {
            "reply_id": "UgyNSZTp6TfoF4PV9-d4AaABAg",
            "reply_content": "\u6de1\u6c5f\u771f\u7684\u662f\u7f8e\u98df\u6700\u591a\u7684\u5730\u65b9 \u4ee5\u524d\u66f4\u591a \u4ee5\u524d\u4f59\u5929\u8001\u95c6 \u4e09\u570b\u6f14\u7fa9\u98ef \u5f8c\u6709\u9694\u58c1\u90a3\u9593\u7f8a\u8089\u98ef \u639b\u5305 \u6625\u6372 \u90fd\u8d85\u4fbf\u5b9c"
        },
        {
            "reply_id": "UgwHX1B4QcVaCTet-9J4AaABAg",
            "reply_content": "\u7562\u696d\u4e8c\u5341\u5e74\u7684\u6de1\u6c5f\u4eba\uff0c\u597d\u60f3\u56de\u53bb\u770b\u4e00\u770b\uff0c\u6700\u7f8e\u597d\u7684\u6642\u5149\u90fd\u5728\u6de1\u6c5f"
        },
        {
            "reply_id": "Ugy1d-2czrB66oQ8ixl4AaABAg",
            "reply_content": "\u9999\u8c46\u5bcc\u5df2\u7d93\u4e0d\u884c\u4e86"
        },
        {
            "reply_id": "UgwL92atbqiujbgK2ox4AaABAg",
            "reply_content": "\u5bb5\u591c\u5c31\u8981\u5403@\u7f8e\u570b\u968a\u957700\u3002\u7f8e\u5f0f\u6599\u7406\u884c\u52d5\u5eda\u623f"
        },
        {
            "reply_id": "Ugx50n5kplG_QhsS0hV4AaABAg",
            "reply_content": "\u73cd\u5bf6\u5f88\u597d\u5403\ud83d\ude0b"
        }
    ]
}