{
    "video_info": {
        "id": "d7GbwuWssvE",
        "channelTitle": "\u97d3\u52fe\u311f\u91d1\u91dd\u83c7 \ucc10\uca50\uafb8",
        "title": "\ud83c\uddef\ud83c\uddf5\u65e5\u672c1000\u584a\u300c\u6c11\u5bbfVS\u7db2\u5496\u300d\u6bd4\u8f03\ud83d\udd25\u4f4f\u54ea\u88e1\u6bd4\u8f03\u6709CP\u503c\uff1f\uff5c\u97d3\u52fe\u311f\u91d1\u91dd\u83c7 \ucc10\uca50\uafb8",
        "description": "#\u91d1\u91dd\u83c7\u7684\u4e16\u754c\u65c5\u884c \n\u5f71\u7247\u4e2d\u7684 #\u83c7\u311f\u7a7f\u642d\uff01\u90fd\u662f\u4f86\u81ea\n\ud83c\udf1f.st TAIWAN\uff5e\uff5e\u5f88\u591a\u5927\u5bb6\u719f\u6089\u7684\u65e5\u672c\u54c1\u724c\u90fd\u5728\u88e1\u9762 \u53ef\u4ee5\u901b\u901b\u770b\uff01\n\u5b98\u7db2 \u653e\u9019\u908a\uff5e\nhttps://bmai.cc/4ujpjn\n\n\u4e5f\u53ef\u4ee5\u4e0b\u8f09APP\u96c6\u9ede\u6578\uff01\n\u73fe\u5728\u9084\u6709\u4e0b\u8f09\u512a\u60e0\uff5e\n\u514d\u8cbb\u5165\u6703 \u518d\u8d08300\u5143\u6298\u50f9\u5238\u5537\ud83d\ude4c\ud83d\ude4c\n\n\u6d3b\u52d5\u8cc7\u8a0a\u653e\u9019\u908a\uff01\n\u3010\u6bcd\u89aa\u7bc0\u6d3b\u52d5\u30115/5(\u4e94)10:00 ~ 5/15(\u4e00)09:59\n\n1. \u5929\u5929\u9001$520\u6298\u50f9\u5238 (MAX 12%)\n2. \u6d88\u8cbb\u6eff$888\u5168\u5bb6\u53d6\u8ca8\u514d\u904b\n\u203b\u90e8\u5206\u54c1\u724c\u52a0\u78bc\uff1a\u55ae\u7b46\u6eff$2800\u8d08\u300e\u65c5\u884c\u6536\u7d0d\u4e03\u4ef6\u7d44\u300f\n\n\u25cf\u53f0\u4e2dLaLaport \u5317\u99282023/04/27 \u8a66\u71df\u904b, \u5357/\u5317\u4e8c\u9928\u5171\u6709\u4e03\u500b\u54c1\u724c\u5c55\u958b\nGLOBAL WORK / LOWRYS FARM / Heather / HARE / LEPSIM / PAGEBOY / niko and \u2026\n\n #dotstTW  #LOWRYSFARM  #PAGEBOY\n\n*5/9\u5df2\u958b\u734e\n\u6700\u5f8c\u5728\u5f71\u7247\u88e1\u7559\u8a00\u6709\u6a5f\u6703\u62bd\u5230\u5305\u5305\u5537\uff5e\u6b61\u8fce\u53c3\u8207\uff01\n\u9810\u8a08\u62bd\u52302023/5/7\uff01\u6211\u6703\u5728\u7559\u8a00\u76f4\u63a5\u56de\u62bd\u734e\u8a0a\u606f\n\u66f4\u591a\u7a7f\u642d\u53ef\u4ee5\u4f86\u6211\u7684IG\u770b\u770b\ud83d\ude0d\n\n\ud83c\udf1f\u5f71\u7247\u4e2d\u7684\u7db2\u5496\uff1a\nCustoma Cafe\n+81 3-6300-6470\nhttps://maps.app.goo.gl/VLNnrY9xcsCoaVpYA?g_st=il\n\n\u5e0c\u671b\u4f60\u5011\u559c\u6b61\u9019\u90e8\u5f71\u7247\n\u559c\u6b61\u5e6b\u6211\u8a02\u95b1\u6309\u8b9a\u5206\u4eab \u8a18\u5f97\u958b\u555f\u5c0f\u9234\u943a\u6536\u53d6\u65b0\u7247\u901a\u77e5\u5594\uff01\n\n\uff3f\uff3f\uff3f\uff3f\uff3f\uff3f\uff3f\uff3f\uff3f\uff3f\uff3f\uff3f\uff3f\uff3f\uff3f\uff3f\uff3f\uff3f\uff3f\uff3f\uff3f\n\n\u2b50\ufe0f\u91d1\u91dd\u83c7\u7684\u97d3\u570b\u7f8e\u98df\u54c1\u724c\uff1ahttps://www.kimkfoods.com\n\u2b50\ufe0f\u91d1\u5bb6\u311f\u5e03\u5e33\u99ac\u8eca\uff1ahttps://www.facebook.com/groups/2297603990535075/\n\u2b50\ufe0f\u91d1\u91dd\u83c7\u7684\u7c89\u5c08: https://www.facebook.com/Koreajinzhengu/\n\u2b50\ufe0f\u91d1\u91dd\u83c7\u7684IG: https://www.instagram.com/ggu__kim/\n\u2b50\ufe0f\u5408\u4f5c\u9080\u7d04\u8acb\u6d3dPressPlay\uff1ajinyoungkim@pressplay.cc\n\n\uff3f\uff3f\uff3f\uff3f\uff3f\uff3f\uff3f\uff3f\uff3f\uff3f\uff3f\uff3f\uff3f\uff3f\uff3f\uff3f\uff3f\uff3f\uff3f\uff3f\uff3f",
        "likeCount": "8437",
        "commentCount": "477",
        "viewCount": "446915"
    },
    "comments": [
        {
            "reply_id": "Ugw-jX-nOo90duC-sF14AaABAg",
            "reply_content": "\u4f4f\u7db2\u5496\u5176\u5be6\u5f88\u723d~~\u6253\u904a\u6232\u8ffd\u5287\u5927\u87a2\u5e55"
        },
        {
            "reply_id": "Ugz42FHXN11L6C7x_D54AaABAg",
            "reply_content": "\u6211\u4e5f\u66fe\u7d93\u6709\u4f4f\u904e\u65e5\u672c\u7684\u7db2\u5496\uff0c\u7684\u78ba\uff0c\u65e5\u672c\u7684\u7db2\u5496\u6709100\u5206\u3002\u56e0\u70ba\u6700\u8fd1\u7684\u7db2\u5496\u6709\u4e00\u9ede\u4e7e\u6de8\u7684\u611f\u89ba\u3002\u6240\u4ee5\u89ba\u5f97\u5f88\u8212\u670d\uff01\uff01"
        },
        {
            "reply_id": "UgwawBLdeEf7D9WfxTl4AaABAg",
            "reply_content": "\u641e\u9322\u641e\u5230\u8b93\u53f0\u7063\u4eba\u5403\u4e09\u7d1a\u81f4\u764c\u7269\u7684\u7121\u826f\u7db2\u7d05\uff0c\u771f\u6709\u4f60\u7684\uff0c\u4e1f\u97d3\u570b\u4eba\u7684\u81c9..."
        },
        {
            "reply_id": "UgyoYeqi-JKOEHTk6QR4AaABAg",
            "reply_content": "\u641e\u9322\u641e\u5230\u8b93\u53f0\u7063\u4eba\u5403\u4e09\u7d1a\u81f4\u764c\u7269\u7684\u7121\u826f\u7db2\u7d05\uff0c\u771f\u6709\u4f60\u7684\uff0c\u4e1f\u97d3\u570b\u4eba\u7684\u81c9..."
        },
        {
            "reply_id": "UgxwBdW3YS0zd7bkSQ94AaABAg",
            "reply_content": "b\u65e5\u672c\u760b\u5b50\u5f88\u591a \u770b\u5230\u90fd\u6709\u9ede\u982d\u6688\u4e86"
        },
        {
            "reply_id": "UgzBviuSz2KQ7RNW1C14AaABAg",
            "reply_content": "\u7576\u7136\u662f\u7db2\u5496\u5566! \u6709\u8077\u54e1\u9ede\u5230\u5b89\u5168D"
        },
        {
            "reply_id": "UgyeGJuMWVkJ10PsZ4x4AaABAg",
            "reply_content": "\u6211\u5f9e\u4f86\u4e0d\u89ba\u5f97\u559d\u9152\u6709\u4ec0\u9ebc\u5e78\u798f\u7684\uff0c\u6211\u7279\u5225\u8a0e\u53ad\u9152\u3002"
        },
        {
            "reply_id": "UgxYx_5E0ETlxJXkxwt4AaABAg",
            "reply_content": "\u611f\u89ba\u4e4b\u5f8c\u53bb\u65e5\u672c\u53ef\u4ee5\u4f4f\u4f4f\u770b\u7db2\u5496\u6b38\ud83d\ude0d"
        },
        {
            "reply_id": "UgwJMw_RQEd0pz5GXuR4AaABAg",
            "reply_content": "\u6577\u516c\u4e3b\u9762\u819c\u771f\u7684\u592a\u597d\u7b11 \u534a\u591c\u770b\u809a\u5b50\u597d\u75db"
        },
        {
            "reply_id": "UgyMHxpy1S0SDry5Ftl4AaABAg",
            "reply_content": "\u7d93\u7d00\u4eba\u8072\u97f3\u597d\u597d\u807d\ud83e\udd23\u653e\u932f\u91cd\u9ede"
        },
        {
            "reply_id": "UgzB1ITPGJPTyIvX5Kl4AaABAg",
            "reply_content": "\u91d1\u91dd\u83c7\u7684\u7a7f\u642d\u597d\u53ef\u611b\u2764\u2764"
        },
        {
            "reply_id": "UgxYuAznpyRfyUpvFBx4AaABAg",
            "reply_content": "\u7db2\u5496\u4e5f\u592a\u68d2\u4e86\u5427\uff5e\uff5e\u5496\u55b1\u98ef\u770b\u8d77\u4f86\u8d85\u597d\u5403\ud83e\udd79\u53bb\u65e5\u672c\u53c8\u591a\u4e86\u4e00\u500b\u9078\u9805\uff01"
        },
        {
            "reply_id": "Ugz3RAp0YZaXlJhn3yR4AaABAg",
            "reply_content": "CP\u503c\u597d\u50cf\u6bd4\u9752\u65c5\u9084\u9ad8\u6b38"
        },
        {
            "reply_id": "UgwzF15Zdf84IG3DU6t4AaABAg",
            "reply_content": "\u7db2\u5496\u611f\u89ba\u597d\u8b9a\u5594 \u4e00\u4eba\u623fcp\u503c\u597d\u9ad8"
        },
        {
            "reply_id": "UgyJaAi5WDtjrD9JQD54AaABAg",
            "reply_content": "\u611f\u89ba\u4f4f\u7db2\u5496\u4e0d\u932f\u6b38\ud83d\ude2e\n\u4e0b\u6b21\u53ef\u4ee5\u4f4f\u770b\u770b\ud83d\udc4d"
        },
        {
            "reply_id": "UgwrhRDletWGILw5Bp94AaABAg",
            "reply_content": "\u9019\u7a2e\u6bd4\u8f03\u771f\u7684\u592a\u7279\u5225\u4e86~\u4e00\u822c\u4eba\u53ef\u80fd\u90fd\u4e0d\u6703\u60f3\u9019\u6a23\u9ad4\u9a57\u8ddf\u53bb\u4e86\u89e3\u5230!\n\u6211\u4e5f\u8d85\u559c\u6b61\u9019\u4e9b\u65e5\u7cfb\u54c1\u724c\uff0c\u4f46\u6709\u4e9b\u771f\u7684\u6bd4\u8f03\u8cb4\u54c8\u54c8\n\u9019\u500bAPP\u53ef\u4ee5\u770b\u5230\u5f88\u591a\u7a7f\u642d\uff0c\u5f88\u611b\u5728\u4e0a\u9762\u770b\uff0c\u8d85\u8b9a\u7684"
        },
        {
            "reply_id": "UgxOiKjt8HtuchpmVaF4AaABAg",
            "reply_content": "\u7db2\u5496\u76f4\u63a5\u985b\u8986\u6211\u7684\u60f3\u50cf\ud83e\udd29\ud83e\udd29\u514d\u8cbb\u5496\u55b1\u611f\u89ba\u5c31\u8d85\u8b9a\uff01"
        },
        {
            "reply_id": "UgxOFYAz29jRkyYbvMV4AaABAg",
            "reply_content": "\u9019\u500b\u7db2\u5496cp\u503c\u592a\u9ad8\u4e86\u5427\uff01\n\u91d1\u91dd\u83c7\u7684\u7a7f\u642d\u771f\u7684\u597d\u5f37 \u600e\u9ebc\u7a7f\u600e\u9ebc\u597d\u770b\ud83d\ude0d"
        },
        {
            "reply_id": "UgxM3YMAPbLBeCJu5rN4AaABAg",
            "reply_content": "\u611f\u89ba\u65e5\u672c\u7684\u7db2\u5496\u6771\u897f\u90fd\u5f88\u9f4a\u5168\uff0c\u53e6\u5916\u5496\u54e9\u98ef\u770b\u8d77\u4f86\u597d\u597d\u5403\u7684\u611f\u89ba\ud83e\udd24\uff0c\u633a\u503c\u5f97\u7684\u3002\u5305\u5305\u597d\u597d\u770b\u2728\u60f3\u62bd\u2764"
        },
        {
            "reply_id": "Ugzg4Db7VXEDBbRPn714AaABAg",
            "reply_content": "\u7db2\u5496\u8b9a\u8b9a"
        }
    ]
}