{
    "video_info": {
        "id": "df-SMK1h9RU",
        "channelTitle": "\u97d3\u52fe\u311f\u91d1\u91dd\u83c7 \ucc10\uca50\uafb8",
        "title": "\u5343\u842c\u4e0d\u8981\u932f\u904e\u9019\u4e9b\u300c\u97d3\u570b\u5e02\u5834\u5c0f\u5403\u300d\ud83c\uddf0\ud83c\uddf7\ud83d\udd25\u6211\u898b\u5230\u91d1\u5b87\u5f6c\u4e86\uff01\uff01\u97d3\u570b\u51fa\u5deeVLOG\uff5c\u97d3\u52fe\u311f\u91d1\u91dd\u83c7 \ucc10\uca50\uafb8",
        "description": "\ud83c\udf1f\u5ee3\u85cf\u5e02\u5834\uff1a\ub300\ud55c\ubbfc\uad6d \uc11c\uc6b8\ud2b9\ubcc4\uc2dc \uc885\ub85c\uad6c \ucc3d\uacbd\uad81\ub85c 88\n\n\ud83c\udf1f\u70e4\u8089\u5e97\uff1a\nSoegojip\n+82 10-4040-4940\nhttps://maps.app.goo.gl/3FjQMzwX7iCXZJ7L7?g_st=il\n\n\ud83c\udf1f\u5e03\u5e33\u99ac\u8eca\u8857\uff1a\n9-2 Donhwamun-ro Jongno-gu Seoul \u9644\u8fd1\n\n\u5e0c\u671b\u4f60\u5011\u559c\u6b61\u9019\u90e8\u5f71\u7247\n\u559c\u6b61\u5e6b\u6211\u8a02\u95b1\u6309\u8b9a\u5206\u4eab \u8a18\u5f97\u958b\u555f\u5c0f\u9234\u943a\u6536\u53d6\u65b0\u7247\u901a\u77e5\u5594\uff01\n\n\uff3f\uff3f\uff3f\uff3f\uff3f\uff3f\uff3f\uff3f\uff3f\uff3f\uff3f\uff3f\uff3f\uff3f\uff3f\uff3f\uff3f\uff3f\uff3f\uff3f\uff3f\n\n\u2b50\ufe0f\u91d1\u91dd\u83c7\u7684\u97d3\u570b\u7f8e\u98df\u54c1\u724c\uff1ahttps://www.kimkfoods.com\n\u2b50\ufe0f\u91d1\u5bb6\u311f\u5e03\u5e33\u99ac\u8eca\uff1ahttps://www.facebook.com/groups/2297603990535075/\n\u2b50\ufe0f\u91d1\u91dd\u83c7\u7684\u7c89\u5c08: https://www.facebook.com/Koreajinzhengu/\n\u2b50\ufe0f\u91d1\u91dd\u83c7\u7684IG: https://www.instagram.com/ggu__kim/\n\u2b50\ufe0f\u5408\u4f5c\u9080\u7d04\u8acb\u6d3dPressPlay\uff1ajinyoungkim@pressplay.cc\n\n\uff3f\uff3f\uff3f\uff3f\uff3f\uff3f\uff3f\uff3f\uff3f\uff3f\uff3f\uff3f\uff3f\uff3f\uff3f\uff3f\uff3f\uff3f\uff3f\uff3f\uff3f",
        "likeCount": "14849",
        "commentCount": "354",
        "viewCount": "866934"
    },
    "comments": [
        {
            "reply_id": "UgwtYytCyOuAOTEBNfZ4AaABAg",
            "reply_content": "\u6700\u5f8c\u4e00\u76f4\u5728\u770b\u83c7\u7238\u5403\u51b0\u6dc7\u6dcb\u54c8\u54c8\u54c8\u963f"
        },
        {
            "reply_id": "UgzAyBWe56hii80NtjR4AaABAg",
            "reply_content": "\u5728\u97e9\u56fd\u4e2d\u6211\u662f\u4e2d\u6587\u8bf4\u5f97\u6700\u597d\u7684\u4e00\u4e2a"
        },
        {
            "reply_id": "UgzV77UM-n40Dnv-XVt4AaABAg",
            "reply_content": "\u6211\u4e5f\u4e00\u76f4\u6709\u500b\u7591\u60d1 \u70ba\u4ec0\u9ebc\u97d3\u570b\u7684\u6c34\u9903 \u8b80\u97f3\u537b\u662f\u9945\u982d\uff0c\u4ed6\u771f\u7684\u662f\u9945\u982d\u7684\u610f\u601d\u55ce\uff1f\u9084\u662f\u55ae\u7d14\u662f\u767c\u97f3\u50cf\u800c\u5df2\uff0c\u54c8\u54c8\n\n\u53e6\u5916\u3002\u6211\u4e5f\u5728\u694a\u7389\u83ef\u4e00\u96bb\u96de\u9644\u8fd1\u7684\u4e00\u500b\u97d3\u85e5\u5e97\u559d\u904e\u96d9\u82b1\u8336\uff0c\u662f\u4e00\u6574\u500bset, \u6709\u751c\u7ca5\u3001\u4e00\u584a\u8702\u81a0\u3001\u96d9\u82b1\u8336\u672c\u8336\u9084\u6709\u4e00\u584a\u91d1\u6854\u4e7e\uff0c\u7576\u6642\u5916\u9762\u98c4\u8457\u96ea\uff0c\u6211\u9084\u611f\u5192\uff0c\u5e97\u6771\u5c31\u63a8\u85a6\u6211\u9019\u500b\u8336\uff0c\u771f\u7684\u597d\u611c\u610f \u5f88\u68d2\u7684\u9ad4\u9a57   \u2764"
        },
        {
            "reply_id": "UgysuppgmDAahnCMjy54AaABAg",
            "reply_content": "\u91d1\u91dd\u83c7\u7684\u8179\u808c\u7dda\u689d\u8d85\u8b9a\ud83d\ude2e"
        },
        {
            "reply_id": "Ugway0gO8iqEWOW2Z0R4AaABAg",
            "reply_content": "\u6240\u4ee5\u91d1\u83c7\u5bb6\u67094\u5144\u5f1f\u59ca\u59b9\u55ce\uff1f\u59ca\u59ca\u662f\u6700\u5927\u55ce\uff1f"
        },
        {
            "reply_id": "UgzoJWtY200FIuzNtRh4AaABAg",
            "reply_content": "\u751f\u725b\u8089\u662f\u7edd\u5bf9\u597d\u5403"
        },
        {
            "reply_id": "UgywcHf_t5UHVR3Qakt4AaABAg",
            "reply_content": "\u83c7\u7238\u8ddf\u59ca\u59ca\u5f88\u50cf\u4e00\u5c0d\u60c5\u4fb6\u9912"
        },
        {
            "reply_id": "Ugyhvhrr52HfK9EWTSt4AaABAg",
            "reply_content": "\u60a8\u7684\u4e2d\u6587\u8b1b\u7684\u597d\u68d2\ud83c\udf89"
        },
        {
            "reply_id": "UgxBMs6i6JLHwPsP62d4AaABAg",
            "reply_content": "\u59ca\u59ca\u597d\u6b63"
        },
        {
            "reply_id": "UgzpvEt5jgCz0CESj8B4AaABAg",
            "reply_content": "\u70ba\u4ec0\u9ebc\u91d1\u91dd\u83c7\u5403\u90a3\u9ebc\u591a\u537b\u9084\u90a3\u9ebc\u7626\uff1f"
        },
        {
            "reply_id": "UgyI-lsKgRue5ECfVP94AaABAg",
            "reply_content": "\u91d1\u91dd\u83c7\u5403\u5f88\u591a\u9084\u6709\u8179\u808c\u597d\u731b"
        },
        {
            "reply_id": "Ugws_VPbaTEObErjNKV4AaABAg",
            "reply_content": "7\u670820\u65e5\u8981\u8ddf\u5973\u5152\u53bb\u9996\u723e\u770b\u6f14\u5531\u6703\uff0c\u53ef\u4ee5\u8acb\u6559\u4e00\u4e0b\u9996\u723e\u7ad9\u8f49\u7dda\u771f\u7684\u5f88\u9ebb\u7169\u55ce\uff1f\u5982\u679c\u5f9e\u4ec1\u5ddd\u6a5f\u5834\u8981\u5230\u6771\u5927\u9580\u7684\u9152\u5e97\u4f4f\u5bbf\u3002\n\u62b1\u6b49\uff0c\u554f\u4e86\u5f88\u8822\u7684\u554f\u984c\ud83d\ude05\ud83d\ude05"
        },
        {
            "reply_id": "UgyusLL7pIadr6F7Ipt4AaABAg",
            "reply_content": "\u559c\u6b61"
        },
        {
            "reply_id": "Ugwx2pkLmUztGwEJQPN4AaABAg",
            "reply_content": "\u91d1\u91dd\u83c7\u8b1b\u97d3\u570b\u8a71\u6709\u6c92\u5e36\u9ede\u53f0\u7063\u53e3\u97f3\u554a\ud83d\ude05"
        },
        {
            "reply_id": "UgxcdQMUElhTa2JrsBx4AaABAg",
            "reply_content": "\u53f0\u7063\u6709\u86cb\u871c\u6c41\u4e5f\u662f\u751f\u86cb\u9ec3\u652a\u62cc\uff01"
        },
        {
            "reply_id": "UgzXM6itNpnQ6FPbecJ4AaABAg",
            "reply_content": "\u90a3\u500b\u7f8a\u53eb\u8072\u592a\u5230\u4f4d\u4e86\ud83d\ude02"
        },
        {
            "reply_id": "Ugx1dFfz8VXKmMegUeJ4AaABAg",
            "reply_content": "\u6709\u9019\u9ebc\u56b4\u91cd\u55ce\ud83d\ude02 \u9084\u662f\u8d95\u5feb\u96e2\u958b\u9019\u9b3c\u5cf6\u5427"
        },
        {
            "reply_id": "UgzH4vR7hW4asgpCSjF4AaABAg",
            "reply_content": "\u641e\u9322\u641e\u5230\u8b93\u53f0\u7063\u4eba\u5403\u4e09\u7d1a\u81f4\u764c\u7269\u7684\u7121\u826f\u7db2\u7d05\uff0c\u771f\u6709\u4f60\u7684\uff0c\u4e1f\u97d3\u570b\u4eba\u7684\u81c9..."
        },
        {
            "reply_id": "UgylARGa2UOvTyTlnEB4AaABAg",
            "reply_content": "\u5e0c\u671b\u91d1\u83c7\u5feb\u9ede\u51fa\u7247"
        },
        {
            "reply_id": "Ugw_Bg5hK3zO9i5-NLJ4AaABAg",
            "reply_content": "\u4e00\u5e74\u524d\u5c31\u5df2\u7d93\u8ce3\u70e4\u8089\u628a\u53f0\u7063\u4eba\u7576\u76e4\u5b50\uff0c\u5f37\u8abf\u5916\u570b\u4eba\u88dd\u53ef\u611b\u5641\u5fc3\u6b7b\u4e86\u3002"
        }
    ]
}