{
    "video_info": {
        "id": "E1ixOimvCzY",
        "channelTitle": "\u97d3\u52fe\u311f\u91d1\u91dd\u83c7 \ucc10\uca50\uafb8",
        "title": "\u9ad8CP\u503c\u53c8\u597d\u5403\ud83d\udd25\u65b0\u52a0\u576110\u7a2e\u300c\u5728\u5730\u5e02\u5834\u7f8e\u98df\u300d\u5927\u5206\u4eab\uff01\u548c\u89c0\u5149\u7f8e\u98df\u4e0d\u592a\u4e00\u6a23\uff01\u809a\u5b50\u5feb\u7206\u70b8\uff01\uff01\uff01\uff01\uff5c\u97d3\u52fe\u311f\u91d1\u91dd\u83c7 \ucc10\uca50\uafb8",
        "description": "\u5e0c\u671b\u4f60\u5011\u559c\u6b61\u9019\u90e8\u5f71\u7247\n\u559c\u6b61\u5e6b\u6211\u8a02\u95b1\u6309\u8b9a\u5206\u4eab \u8a18\u5f97\u958b\u555f\u5c0f\u9234\u943a\u6536\u53d6\u65b0\u7247\u901a\u77e5\u5594\uff01\n\n\uff3f\uff3f\uff3f\uff3f\uff3f\uff3f\uff3f\uff3f\uff3f\uff3f\uff3f\uff3f\uff3f\uff3f\uff3f\uff3f\uff3f\uff3f\uff3f\uff3f\uff3f\n\n\u2b50\ufe0f\u91d1\u91dd\u83c7\u7684\u97d3\u570b\u7f8e\u98df\u54c1\u724c\uff1ahttps://www.kimkfoods.com\n\u2b50\ufe0f\u91d1\u5bb6\u311f\u5e03\u5e33\u99ac\u8eca\uff1ahttps://www.facebook.com/groups/2297603990535075/\n\u2b50\ufe0f\u91d1\u91dd\u83c7\u7684\u7c89\u5c08: https://www.facebook.com/Koreajinzhengu/\n\u2b50\ufe0f\u91d1\u91dd\u83c7\u7684IG: https://www.instagram.com/ggu__kim/\n\u2b50\ufe0f\u5408\u4f5c\u9080\u7d04\u8acb\u6d3dPressPlay\uff1ajinyoungkim@pressplay.cc\n\n\uff3f\uff3f\uff3f\uff3f\uff3f\uff3f\uff3f\uff3f\uff3f\uff3f\uff3f\uff3f\uff3f\uff3f\uff3f\uff3f\uff3f\uff3f\uff3f\uff3f\uff3f",
        "likeCount": "6386",
        "commentCount": "254",
        "viewCount": "372922"
    },
    "comments": [
        {
            "reply_id": "UgxX_XitWNzvOzltKpR4AaABAg",
            "reply_content": "\u8b1b\u771f\u6211\u9084\u883b\u6a02\u610f\u898b\u5230\u5916\u570b\u904a\u5ba2\u90fd\u4e0d\u559c\u6b61\u5403\u69b4\u84ee\n\u82e5\u662f\u69b4\u69e4\u50cf\u65b0\u52a0\u5761\u7684\u8fa3\u6912\u8783\u87f9\u4e00\u6a23\u5927\u53d7\u6b61\u8fce\uff0c\u50f9\u683c\u5fc5\u5b9a\u5927\u6f32\uff0c\u800c\u4e14\u54c1\u7a2e\u53e3\u5473\u4e5f\u6703\u6539\u8b8a\u4f86\u8fce\u5408\u5916\u570b\u4eba\n\u73fe\u5728\u7684\u8fa3\u6912\u8783\u87f9\u5c31\u8b8a\u7684\u5f88\u4e0d\u8fa3\uff0c\u4ee5\u524d\u90fd\u4e0d\u662f\u9178\u751c\u53e3\u5473\u7684\uff0c\u662f\u771f\u7684\u9999\u8fa3"
        },
        {
            "reply_id": "UgyTjEMQsF3tPYnPejd4AaABAg",
            "reply_content": "\u5356\u9e21\u996d\u7684\u5982\u679c\u53ea\u6709\u767d\u996d\u6211\u771f\u7684\u53d7\u4e0d\u4e86"
        },
        {
            "reply_id": "UgxqC6Gi4h5alfGlsR54AaABAg",
            "reply_content": "\u6211\u5f88\u4e45\u4ee5\u524d\u5c31\u770b\u4f60\u7684\u89c6\u9891\u3002\u6ca1\u60f3\u5230\u4f60\u6765\u5230\u6211\u56fd\u5bb6\u4e86\n\u795d\u4f60\u73a9\u5f97\u5f00\u5fc3"
        },
        {
            "reply_id": "UgyGw3-zAOlg09mBrad4AaABAg",
            "reply_content": "\u6211\u5f88\u4e0d\u60f3\u9019\u9ebc\u8aaa\uff0c\u4e0d\u904e\u91d1\u91dd\u83c7\u9019\u6bb5\u6642\u9593\u7684\u4f01\u5283\u771f\u7684\u8d8a\u4f86\u8d8a\u4e0d\u597d\u770b\u3002\n\u7bc0\u594f\u8ddf\u984c\u6750\u90fd\u6c92\u6709\u4ee5\u5f80\u7684\u611f\u89ba\u3002"
        },
        {
            "reply_id": "UgxPeC2HRZk19H2JylZ4AaABAg",
            "reply_content": "\u5df4\u5239\u662f\u9a6c\u6765\u8bed\u7684\u7ffb\u8bd1\uff0c\u5e02\u573a\u7684\u610f\u601d"
        },
        {
            "reply_id": "Ugw6OyWI0Jv10dW5jTd4AaABAg",
            "reply_content": "\u8fd9\u4e00\u4e9b\u90fd\u662f\u65e9\u4e0a\u8425\u4e1a\u800c\u5df2\u662f\u5417\uff1f\uff1f\u53ef\u4ee5\u63a8\u8350 \u5348\u9910 \u548c\u665a\u9910\u5417\uff1f\u8c22\u8c22"
        },
        {
            "reply_id": "UgwkfkSmczYFQB-WoDx4AaABAg",
            "reply_content": "\u53ea\u807d\u5230\"\u5f88\u597d\u5403\"\uff0c\u53ef\u6c92\u6709\u5f62\u5bb9\u5f97\u5f88\u6df1\u5165"
        },
        {
            "reply_id": "Ugy9i6FK2JOUMeE7zfp4AaABAg",
            "reply_content": "\u53bb\u4e86\u65b0\u52a0\u57614\u6b21\u9019\u7bc7\u4ecb\u7d39\u7684\u6211\u90fd\u6c92\u5403\u904e\u548c\u53bb\u904e\uff0c\u8b93\u6211\u60f3\u53bb\u7b2c\u4e94\u6b21!!!"
        },
        {
            "reply_id": "Ugwnz8aNqJCrE0jvr5Z4AaABAg",
            "reply_content": "\u8fd9\u5973\u597d\u6f02\u4eae\u5594\uff01"
        },
        {
            "reply_id": "UgxUTnezBh9Jhoozxsx4AaABAg",
            "reply_content": "\u7f8e\u5973\u59d0\u59d0 \u6211\u89c9\u5f97\u53ef\u4ee5\u6362\u4e00\u4e0b\u76f8\u673a\u8bbe\u5907 \u753b\u8d28\u597d\u4e00\u4e9b\u5c31\u66f4\u597d\u4e86"
        },
        {
            "reply_id": "UgxvZ72RfCm7BjyDGO94AaABAg",
            "reply_content": "\u5fe0\u90a6\u5df4\u5239\u4e00\u76f4\u90fd\u76f8\u5f53\u6709\u540d\uff0c\u4e5f\u662f\u6211\u6700\u7231\u5df4\u5239\u4e4b\u4e00\u3002\u4e4b\u524d\u7531\u4e8e\u6709\u7f51\u53cb\u6076\u641e\u4e49\u987a\u533a\u800c\u540d\u6c14\u7a0d\u5fae\u6ed1\u843d,\u8c22\u8c22\u91d1\u9488\u83c7\u8fd9\u6b21\u4ecb\u7ecd\u8ba9\u5916\u56fd\u4eba\u4e5f\u77e5\u9053\u65b0\u52a0\u5761\u4e0d\u53ea\u6709\u725b\u8f66\u6c34\u6216\u4e4c\u8282\u8def\uff01\ud83d\ude0a"
        },
        {
            "reply_id": "Ugwl4GH5lhyiaWaT7ux4AaABAg",
            "reply_content": "\u6211\u6709\u8cb7\u91d1\u5bb6\u5927\u98ef\u7cf0\u4f86\u5403 \uff0c\u597d\u5403"
        },
        {
            "reply_id": "Ugwb0_ygwgGVWEjxQT54AaABAg",
            "reply_content": "\u8d8a\u4f86\u8d8a\u53f0\u7684\u97d3\u83c7\u54c8\u54c8\u54c8\u54c8 \u7528\u53f0\u7063\u98df\u7269\u6bd4\u55bb\u8b93\u4eba\u66f4\u53ef\u4ee5\u7406\u89e3\u662f\u4ec0\u9ebc\u5473\u9053\ud83c\udf89"
        },
        {
            "reply_id": "UgywSzIQQKmxQ0Gyo8V4AaABAg",
            "reply_content": "\u8eab\u70ba\u65b0\u52a0\u5761\u4eba\u6211\u53ea\u60f3\u8aaazippy\u771f\u7684\u4ecb\u7d39\u975e\u5e38\u5728\u5730\u7684\u98df\u7269\uff08\u5f88\u591a\u53ea\u6709\u5728\u5730\u4eba\u61c2\uff09\u5f88\u958b\u5fc3\u91d1\u91dd\u83c7\u4f86\u65b0\u52a0\u5761\u73a9\u5594\ud83c\udf89"
        },
        {
            "reply_id": "Ugz95BPdUMZ196nj91F4AaABAg",
            "reply_content": "\u62dc\u8a17\u53f0\u7063\u7684\u7537\u751f\u7559\u4f4f\u91d1\u91dd\u83c7\uff0c\u6211\u5011\u53f0\u7063\u4eba\u597d\u60f3\u8981\u91d1\u91dd\u83c7\u6210\u70ba\u53f0\u7063\u5ab3\u5a66\uff0c\u62ff\u53f0\u7063\u6c38\u5c45\u5361\ud83c\udf89"
        },
        {
            "reply_id": "UgwEatQvaohxOdwwSUJ4AaABAg",
            "reply_content": "\u8fd9\u4e48\u80d6\u8fd8\u6709\u529b\u6c14\u8d70\u5f88\u5389\u5bb3"
        },
        {
            "reply_id": "UgwhGYMmnSDPLF1cZBx4AaABAg",
            "reply_content": "\u96e3\u5f97\u770b\u5230\u4ecb\u7d39\u771f\u6b63\u9053\u5730\uff0c\u4e0d\u662f\u4e00\u822c\u5149\u9867\u5ba2\u5403\u7684\u7684\u65b0\u52a0\u5761\u7f8e\u98df\u3002"
        },
        {
            "reply_id": "UgzsgVmWMt9rM6gW2RN4AaABAg",
            "reply_content": "\u6709\u9019\u7a2e\u8d85\u7d1a\u9053\u5730\u7684\u670b\u53cb\u771f\u7684\u5f88\u5f37"
        },
        {
            "reply_id": "UgzBPy7IXgB_49vqDAF4AaABAg",
            "reply_content": "\u4f86\u6c99\u5df4\uff0c\u5e36\u4f60\u73a9\uff01\u53ef\u4ee5\u5e36\u4f60\u53bb\u5403\u5f88\u591a\u597d\u5403\u7684\ud83e\udd79"
        },
        {
            "reply_id": "UgzBUTS2D12jBrwb2Y14AaABAg",
            "reply_content": "\u8d85\u7d1a\u5f37\u7684\u65b0\u52a0\u5761\u6599\u7406 \u6bcf\u9053\u90fd\u8ddf\u53f0\u7063\u5f88\u50cf \u597d\u597d\u5403\u54e6"
        }
    ]
}