{
    "video_info": {
        "id": "EAJgBHJD2UY",
        "channelTitle": "\u97d3\u52fe\u311f\u91d1\u91dd\u83c7 \ucc10\uca50\uafb8",
        "title": "\u56de\u53f0\u7063\u4e86\uff01\u5403\u7206\u5609\u7fa9\u767e\u5e74\u300c\u6771\u5e02\u5834\u300d\u88dc\u8840\u53f0\u7063\u98df\u7269\ud83d\udd25\u548c\u53f0\u5317\u5b8c\u5168\u4e0d\u4e00\u6a23\u7684\u6c23\u6c1b\u548c\u7f8e\u98df\uff5e\uff01\uff01\uff5c\u97d3\u52fe\u311f\u91d1\u91dd\u83c7 \ucc10\uca50\uafb8",
        "description": "\u6211\u628a\u5f71\u7247\u4e2d\u4ecb\u7d39\u7684Surfshark VPN\n\u9023\u7d50\u653e\u5728\u9019\u908a\u5594\uff01\nhttps://surfshark.deals/GGU\n\u53ef\u4ee5\u53c3\u8003\u770b\u770b\u5957\u9910\u7684\u7d30\u7bc0\u5167\u5bb9\uff5e\n\u73fe\u5728\u8f38\u5165\u512a\u60e0\u4ee3\u78bc [GGU] \n\u53ef\u4ee5\u7372\u5f97\u5c08\u5c6c\u512a\u60e0\u52a0\u984d\u59163\u500b\u6708\u514d\u8cbb\u5537\uff01\n\n\u767e\u5e74\u6b77\u53f2\uff5e\ud83c\udf1f\u5609\u7fa9\u6771\u5e02\u5834\ud83c\udf1f\uff5e\n\n1. \u963f\u5bcc\u7db2\u7d72\u8089\u6372\ud83d\udc4d\ud83d\udc4d\ud83d\udc4d\n2. \u738b\u5bb6\u725b\u96dc\u6e6f\ud83d\udc4d\n3. \u694a\u6843\u6c41\ud83d\udc4d\ud83d\udc4d\n4. \u6771\u5e02\u5834\u9b6f\u719f\u8089\n5. \u5317\u56de\u6c34\u6676\u9903 \n6. \u8881\u5bb6\u7c73\u7cd5/\u6392\u9aa8\u9165 \u8c6c\u8166\u6e6f\ud83d\udc4d\n\n\u5e0c\u671b\u4f60\u5011\u559c\u6b61\u9019\u90e8\u5f71\u7247\n\u559c\u6b61\u5e6b\u6211\u8a02\u95b1\u6309\u8b9a\u5206\u4eab \u8a18\u5f97\u958b\u555f\u5c0f\u9234\u943a\u6536\u53d6\u65b0\u7247\u901a\u77e5\u5594\uff01\n\n\uff3f\uff3f\uff3f\uff3f\uff3f\uff3f\uff3f\uff3f\uff3f\uff3f\uff3f\uff3f\uff3f\uff3f\uff3f\uff3f\uff3f\uff3f\uff3f\uff3f\uff3f\n\n\u2b50\ufe0f\u91d1\u91dd\u83c7\u7684\u97d3\u570b\u7f8e\u98df\u54c1\u724c\uff1ahttps://www.kimkfoods.com\n\u2b50\ufe0f\u91d1\u5bb6\u311f\u5e03\u5e33\u99ac\u8eca\uff1ahttps://www.facebook.com/groups/2297603990535075/\n\u2b50\ufe0f\u91d1\u91dd\u83c7\u7684\u7c89\u5c08: https://www.facebook.com/Koreajinzhengu/\n\u2b50\ufe0f\u91d1\u91dd\u83c7\u7684IG: https://www.instagram.com/ggu__kim/\n\u2b50\ufe0f\u5408\u4f5c\u9080\u7d04\u8acb\u6d3dPressPlay\uff1ajinyoungkim@pressplay.cc\n\n\uff3f\uff3f\uff3f\uff3f\uff3f\uff3f\uff3f\uff3f\uff3f\uff3f\uff3f\uff3f\uff3f\uff3f\uff3f\uff3f\uff3f\uff3f\uff3f\uff3f\uff3f",
        "likeCount": "9392",
        "commentCount": "355",
        "viewCount": "483908"
    },
    "comments": [
        {
            "reply_id": "UgzKok8kK0s7WtPB2eJ4AaABAg",
            "reply_content": "\u8c6c\u8166\u6e6f\u4e00\u751f\u6700\u611b"
        },
        {
            "reply_id": "UgyZ3iYC2qa37gLxIKd4AaABAg",
            "reply_content": "\u7b2c\u4e00\u9593\u8089\u6372\u9084\u771f\u7684\u662f\u5abd\u5abd\u7684\u5473\u9053\uff0c\u539f\u672c\u53ea\u662f\u5abd\u5abd\u505a\u7d66\u5bb6\u4eba\u5403\u7684"
        },
        {
            "reply_id": "UgxrUEaolTGr6Epjqrh4AaABAg",
            "reply_content": "\u694a\u6843\u6c41\u5c0d\u54b3\u55fd\u6709\u5e6b\u52a9!\u6771\u9580\u53ca\u5357\u9580\u5713\u74b0\u53ef\u4ee5\u53bb\u901b\u901b!"
        },
        {
            "reply_id": "UgwlcKryNN1C2BzHz694AaABAg",
            "reply_content": "\u5fe0\u8a00\u9006\u8033,\u4e0d\u807d\u6c11\u610f,\u4faf\u4eba\u683c\u7f3a\u5931,\u683c\u8abf\u4e0d\u8db3,\u4eba\u8a2d\u5d29\u58de,\u4efb\u5c0f\u96de\u5982\u4f55\u52aa\u529b\u6253\u9078\u6230,\u90fd\u5f92\u52de\u7121\u529f,\u61c9\u9a57\u97d3\u8aaa\u8fc7\u4e0d\u80fd\u9760\u57f7\u653f\u9ee8\u7684\u58de,\u8caa\u8150\u7121\u80fd\u5c31\u80fd\u52dd\u9078,\u4faf\u6709\u79fb\u7684\u4eba\u8a2d,\u660e\u986f\u4e0d\u8db3,\u4f55\u80fd\u53c3\u9078\u5462?\u570b\u9ee8\u6731\u7684\u6c7a\u5b9a,\u5167\u90e8\u62ac\u9762\u4f5c\u70ba\u8b93\u652f\u6301\u9078\u6c11\u7522\u751f\u7591\u554f\uff1f\u5167\u6709\u5978\u7d30\u5728\u5206\u88c2"
        },
        {
            "reply_id": "UgxJhjxi6GO3CqRoEyp4AaABAg",
            "reply_content": "\u539f\u4f86\u90a3\u662f\u8c6c\u8166\u6e6f\u670b\u53cb\u8cb7\u4e86\u4e0d\u8aaa\u662f\u4ec0\u9ebc\u6e6f - -"
        },
        {
            "reply_id": "UgwwCB4dFiHQByC34sx4AaABAg",
            "reply_content": "\u6b61\u8fce\u4f86\u5230\u5609\u7fa9\u6771\u5e02\uff5e\u6771\u5e02\u5834\u88e1\u9762\u7684\u6771\u897f\u771f\u7684\u90fd\u8981\u5f88\u65e9\u53bb\u8cb7\uff38\uff24\u592a\u591a\u597d\u5403\u7684\u4e86 \uff0c\u6771\u5e02\u5834\u5468\u908a\u4e5f\u6709\u5f88\u591a\u597d\u5403\u7684"
        },
        {
            "reply_id": "UgwnvYBpMaYLNfnTLLZ4AaABAg",
            "reply_content": "\u8207\u5176\u5403\u8166\u88dc\u8166\uff0c\u4e0d\u5982\u559d\u5976\u88dc\u5976\u3002"
        },
        {
            "reply_id": "UgyAwyqrzZki4LQj3bZ4AaABAg",
            "reply_content": "\u9b5a\u8166\u3000\u96de\u9d28\u8166\u6709\u5403\u904e\u3000\u9084\u6c92\u5403\u904e\u8c6c\u8166"
        },
        {
            "reply_id": "Ugxu77oIsHeJiI3vAYd4AaABAg",
            "reply_content": "\u6015\u8c6c\u8166\u7684\n\u5927\u90fd\u662f\u53e3\u611f\u7684\u554f\u984c\uff08\u6709\u4eba\u5f88\u6015\u8edf\u8edf\u7684\uff09"
        },
        {
            "reply_id": "UgyNG4zrzKs9j274aZN4AaABAg",
            "reply_content": "\u9c54\u9b5a \u6ce5\u9c0d\u5225\u7528\u6293\u7684 \u7528\u6263\u7684\u98df\u6307 \u7121\u540d\u6307\u5728\u4e0b \u4e2d\u6307\u5728\u4e0a \u6263\u4f4f\u7260\u7684\u982d\u5c31\u4e0d\u6703\u6ed1\u8d70\n\u6709\u6a5f\u6703\u7684\u8a71\u4e5f\u53ef\u4ee5\u53bb\u8a66\u8a66\u84ee\u85d5\u8336 \u84ee\u85d5\u725b\u5976 \u6d1b\u795e\u82b1\u8336 \u83ca\u82b1\u8336 \u83ca\u82b1\u5976\u8336\n\u5e02\u5834? \u570b\u6c11\u5e02\u5834\u5427 \u6709\u5e7e\u5e74\u6c92\u56de\u53bb\u4e86\u4e0d\u77e5\u9053\u73fe\u5728\u600e\u6a23 \u90a3\u908a\u4e5f\u6709\u5f88\u591a\u5c0f\u5403\u5f88\u597d\u5403 \u4f8b\u5982:\u84b8\u7684\u8089\u5713(\u9752\u8349\u8336\u5e97\u65c1) \u6c92\u6709\u62db\u724c\u7684\u5c0f\u5403\u6524(\u8089\u71e5\u98ef \u96de\u8089\u98ef) \u5ca1\u5c71\u7f8a\u8089(\u71f4\u98ef \u7f8a\u8089\u6e6f)"
        },
        {
            "reply_id": "Ugx3NBBUXR6-otrB8kx4AaABAg",
            "reply_content": "\u5609\u7fa9\u771f\u7684\u4e0d\u8f38\u53f0\u5357"
        },
        {
            "reply_id": "Ugy_gUASq0fAFqaUTmJ4AaABAg",
            "reply_content": "\u6572\u7897\u7af9\u6771\u4e2d\u592e\u5e02\u5834\uff08\u865f\u7a31\u5168\u53f0\u6700\u5927\u5ba2\u5bb6\u5e02\u5834\uff09\ud83d\ude06"
        },
        {
            "reply_id": "UgyfyFNGeTJ3B9Q6KQB4AaABAg",
            "reply_content": "\u91d1\u91dd\u83c7\u5df2\u7d93\u5f88\u53b2\u5bb3\u8d85\u6562\u5403\u4e86\uff0c\u53f0\u7063\u4eba\u8d85\u591a\u4e0d\u6562\u5403\u7684\uff0c\u6211\u5c31\u7b97\u6d3b\u523070\u6b72\u4e5f\u662f\u4e0d\u6562\u5403\ud83d\ude05"
        },
        {
            "reply_id": "Ugww5IuZ1iJ9qMaR6bh4AaABAg",
            "reply_content": "\u5f88\u771f\u5be6\uff0c\u6211\u4e5f\u662f\u5403\u4e0d\u7fd2\u6163\u8c6c\u7684\u9019\u4e9b"
        },
        {
            "reply_id": "Ugwmbn6JpVh9y-we_254AaABAg",
            "reply_content": "\u4e0d\u8981\u73a9\u98df\u7269\uff0c\u4f46\u770b\u8d77\u4f86\u597d\u50cf\u98df\u7269\u5728\u73a9\u59b3"
        },
        {
            "reply_id": "UgyphDs6_B5QIut_EZl4AaABAg",
            "reply_content": "\u53bb\u5609\u7fa9\u63a5\u53d7\u6587\u5316\u885d\u64ca"
        },
        {
            "reply_id": "UgwZkju2PPG3dAXr-Ep4AaABAg",
            "reply_content": "\u91ab\u5b78\u751f\u807d\u5230\u6a6b\u9694\u819c\u6709\u9ede\u9a5a\u8a1d \u96d6\u7136\u6c92\u5b78\u904e\u8c6c\u7684 \u4f46\u4eba\u7684\u5927\u7db2\u819c\u8102\u80aa\u6bd4\u8f03\u591a \u61c9\u8a72\u7528\u5927\u7db2\u819c\u6bd4\u8f03\u5408\u9069 \u770b\u8457\u4e5f\u50cf\u800c\u4e14\u53ea\u6709\u6a6b\u9694\u8178\u7e6b\u819c \u90a3\u4e5f\u4e0d\u662f\u7db2\u72c0\u7684"
        },
        {
            "reply_id": "UgyxVwULqkp_HPv59P54AaABAg",
            "reply_content": "\u6b61\u8fce\u4f86\u5609\u7fa9"
        },
        {
            "reply_id": "Ugze-ym2SX-mE-9D_B14AaABAg",
            "reply_content": "\u53bb\u4e86\u9019\u9593\u5e02\u5834\u4e09\u6b21\u9019\u9593\u9b6f\u719f\u8089\u90fd\u6c92\u4eba\u5728\u5403,\u6240\u4ee5\u4f60\u4e0d\u6562\u5403\u4e5f\u6b63\u5e38.\u8c6c\u8166\u6d77\u5e95\u6488\u4e5f\u6709\u5728\u8ce3,\u901a\u5e38\u88ab\u7576\u61f2\u7f70\u6027\u98df\u7269."
        },
        {
            "reply_id": "Ugx3-_V4oU6Ae3Gj_w94AaABAg",
            "reply_content": "\u91d1\u91dd\u83c7\u52a0\u6cb9\uff0c\u6211\u4e5f\u7d93\u5e38\u5403\u6885\u5b50\u4e5f\u6709\u751c\u5473\u5291\u5440\uff0c\u9019\u53c8\u6c92\u4ec0\u9ebc\uff0c\u4e0d\u8981\u7406\u9178\u6c11\u5011\uff0c\u6211\u6703\u7e7c\u7e8c\u652f\u6301\u83c7\u83c7"
        }
    ]
}