{
    "video_info": {
        "id": "eqOR53VknQg",
        "channelTitle": "\u97d3\u52fe\u311f\u91d1\u91dd\u83c7 \ucc10\uca50\uafb8",
        "title": "\u76e7\u5ee3\u4ef2\u4f86\u4e86\uff01\u97d3\u570b\u91d1\u5531\u300c\u53f0\u8a9e\u6b4c\u731c\u6b4c\u6311\u6230\u300d\u8b93\u5c0f\u968a\u9577\u6eff\u982d\u554f\u865f\ud83e\udd23\u6b77\u5e74\u7cbe\u9078\u6b4c\u55ae\u516c\u958b\ud83d\udc2c@crowdlu1260 \uff5c\u97d3\u52fe\u311f\u91d1\u91dd\u83c7 \ucc10\uca50\uafb8",
        "description": "\u611f\u8b1d\u76e7\u5ee3\u4ef2 \u4f86\u6211\u7684\u983b\u9053\u73a9\ud83c\udf1f\n\n\u2731 \u76e7\u5ee3\u4ef2 \u7b2c\u516d\u5f35 \u5168\u65b0\u5275\u4f5c\u5c08\u8f2f\u300a\u52f5\u5fd7\u8ad6\u300b\n\u3000\u9650\u91cf\u7cbe\u88dd\u7248\u9810\u8cfc\uff1ahttps://pros.is/3r7pc4\n\u2731 \u76e7\u5ee3\u4ef2\u3008\u81ea\u6211\u7684\u4ecb\u7d39\u3009\u4e32\u6d41\u8046\u807d\uff1ahttps://pros.is/3r6b8f\n\u2731 \u76e7\u5ee3\u4ef2\u3008\u81ea\u6211\u7684\u4ecb\u7d39\u3009MV\uff1ahttp://teamearmusic.piee.pw/3r2uze\n\n#\u76e7\u5ee3\u4ef2 #\u91d1\u91dd\u83c7 #\u81ea\u6211\u7684\u4ecb\u7d39 #\u52f5\u5fd7\u8ad6\n\n\n\u2731\u51b0\u8c46\u6f3f\u6642\u671f\uff1a\n\u4e00\u767e\u7a2e\u751f\u6d3b https://www.youtube.com/watch?v=nPcByqGfxQo\n\u65e9\u5b89\uff01\u6668\u4e4b\u7f8e  https://www.youtube.com/watch?v=jAlWCr5cIjE\n\u6e2f\u908a\u7537\u5152 https://www.youtube.com/watch?v=kiZkWISXydI\n\n\u2731\u9e79\u8c46\u6f3f\u6642\u671f\uff1a\n \u5927\u4eba\u4e2d https://www.youtube.com/watch?v=Q0W--O7aWBg\n\u4e00\u5b9a\u8981\u76f8\u4fe1\u81ea\u5df1 https://www.youtube.com/watch?v=3xx4RlPfvUw\n\u9b5a\u4ed4 https://www.youtube.com/watch?v=ybfWYpYhTQQ\n\n\u2731\u6e05\u8c46\u6f3f\u6642\u671f\uff1a\n\u611b\u60c5\u600e\u9ebc\u4e86\u55ce https://www.youtube.com/watch?v=rD-T5pzH9b0\n \u523b\u5728\u6211\u5fc3\u5e95\u7684\u540d\u5b57 https://www.youtube.com/watch?v=m78lJuzftcc\n\n\n\u5e0c\u671b\u4f60\u5011\u559c\u6b61\u9019\u90e8\u5f71\u7247\n\u559c\u6b61\u5e6b\u6211\u8a02\u95b1\u6309\u8b9a\u5206\u4eab \u8a18\u5f97\u958b\u555f\u5c0f\u9234\u943a\u6536\u53d6\u65b0\u7247\u901a\u77e5\u5594\uff01\n\n\uff3f\uff3f\uff3f\uff3f\uff3f\uff3f\uff3f\uff3f\uff3f\uff3f\uff3f\uff3f\uff3f\uff3f\uff3f\uff3f\uff3f\uff3f\uff3f\uff3f\uff3f\n\n\u2b50\ufe0f\u91d1\u5bb6\u311f\u5e03\u5e33\u99ac\u8eca\uff1ahttps://www.facebook.com/groups/2297603990535075/\n\u2b50\ufe0f\u91d1\u91dd\u83c7\u7684\u7c89\u5c08: https://www.facebook.com/Koreajinzhengu/\n\u2b50\ufe0f\u91d1\u91dd\u83c7\u7684IG: https://www.instagram.com/ggu__kim/\n\u2b50\ufe0f\u5408\u4f5c\u9080\u7d04\u8acb\u6d3dPressPlay\uff1ajinyoungkim@pressplay.cc\n\n\uff3f\uff3f\uff3f\uff3f\uff3f\uff3f\uff3f\uff3f\uff3f\uff3f\uff3f\uff3f\uff3f\uff3f\uff3f\uff3f\uff3f\uff3f\uff3f\uff3f\uff3f",
        "likeCount": "15821",
        "commentCount": "559",
        "viewCount": "428245"
    },
    "comments": [
        {
            "reply_id": "UgxJETqhOHtMNg4tYJF4AaABAg",
            "reply_content": "\u807d\u83c7\u83c7\u5531\u53f0\u8a9e\u6b4c\u548c\u76e7\u5ee3\u4ef2\u7684\u8868\u60c5\u771f\u7684\u7b11\u5230\u4e0d\u53ef\u81ea\u62d4\uff0c\u809a\u5b50\u8d85\u7d1a\u75db\ud83d\ude02\ud83d\ude02\ud83d\ude02\ud83d\ude02\uff08\u76e7\u5ee3\u4ef2\u597d\u53b2\u5bb3\uff01\u90fd\u731c\u51fa\u4f86\u4e86\uff01\u83c7\u83c7\u9019\u96c6\u505a\u7684\u4e5f\u5f88\u597d\uff5e\u597d\u559c\u6b61\uff09"
        },
        {
            "reply_id": "UgxiO3LD50QaH6EHSWp4AaABAg",
            "reply_content": "\u6316\u9760\uff0c\u7c21\u55ae\u7684\u8a5e\u537b\u975e\u5e38\u89f8\u52d5\u4eba\u5fc3\uff0c\u300c\u544a\u8a34\u6211\u4e00\u500b\u5730\u65b9\u6c92\u6709\u6230\u706b\uff0c\u4f60\u6703\u5728\u90a3\u7b49\u6211\u300d\uff0c\u4ed6\u5abd\u7684\u770b\u4e86\u5c31\u60f3\u54ed"
        },
        {
            "reply_id": "Ugx1gtDudwvNcR194fN4AaABAg",
            "reply_content": "\u91d1\u9488\u83c7\u53ef\u4ee5\u8bf7\u5218\u5b87\u5b81\u5417\uff1f\ud83d\ude0d"
        },
        {
            "reply_id": "Ugxi48pzc8RFO8UyWe14AaABAg",
            "reply_content": "\u83c7\u628a\u53f0\u8a9e\u6b4c\u5531\u51fa\u4e86\u6f14\u6b4c\u7684\u611f\u89ba"
        },
        {
            "reply_id": "UgzqQ709KlobBitSe8h4AaABAg",
            "reply_content": "\u91d1\u9488\u83c7\u4e3b\u6301\u7684\u529f\u529b\u4e0d\u9519\uff0c\u5362\u5e7f\u4ef2\u7684\u6b4c\u5531\u5b9e\u529b\u4e5f\u6709\u76ee\u5171\u7779\uff0c\u8ba9\u4eba\u542c\u51fa\u8033\u6cb9~"
        },
        {
            "reply_id": "UgwityvNI4I2o2P_41l4AaABAg",
            "reply_content": "\u5006\u500b\u4eba\u4e00\u8d77\u62cd\uff0c\u770b\u8d77\u4f86\u5f88\u8212\u670d\uff01"
        },
        {
            "reply_id": "Ugzfxubhsn9IbZyhzp14AaABAg",
            "reply_content": "\u54c7 \u90fd\u4e0d\u77e5\u9053\u65e9\u5b89\u6668\u4e4b\u7f8e\u9019\u9ebc\u591a\u5de7\u601d"
        },
        {
            "reply_id": "UgzbrM-D35E-Bclgk5F4AaABAg",
            "reply_content": "\u6211\u89c9\u5f97\u660e\u5fd7\u54e5\u53ef\u4ee5\u548c\u4ed6\u4e00\u8d77\u521b\u4f5c\u8bf6\uff0c\u56e0\u4e3a\u4e24\u4f4d\u90fd\u662f\u9b3c\u624d\u4e00\u4e2a\u5929\u624d\uff0c\u4ed6\u4eec\u8981\u662f\u5408\u4f5c\u7684\u8bdd\u4f1a\u64e6\u51fa\u4e0d\u4e00\u6837\u7684\u706b\u82b1"
        },
        {
            "reply_id": "UgwpOa2Qzs4pAFE28r94AaABAg",
            "reply_content": "\u53ef\u4ee5\u8acb\u554f\u773c\u93e1\u662f\u54ea\u88e1\u8cb7\u7684\u55ce\uff1f\u5f88\u597d\u770b\ud83d\ude33"
        },
        {
            "reply_id": "UgzIIFc7syMdCqJUtmt4AaABAg",
            "reply_content": "\u5f9e\u8056\u8a95\u7279\u8f2f\u904e\u4f86\u7684\uff0c\u91d1\u91dd\u83c7\u548c\u7d93\u7d00\u4eba\u771f\u7684\u8d85\u5f37\uff0c\u9023\u6e2f\u908a\u7537\u5152\u90fd\u6709\uff0c\u771f\u7684\u662f\u5c0f\u968a\u54e1\u624d\u6703\u807d\u7684\u6b4c\uff0c\u5927\u5bb6\u5feb\u9ede\u8a8d\u8b58\u5bf6\u85cf\u554a\ud83d\udc99\ud83d\udc99"
        },
        {
            "reply_id": "UgwwfcvBKLkrEXxoq3V4AaABAg",
            "reply_content": "\u597d\u559c\u6b61\u9019\u500b\u7d44\u5408 \u80a2\u9ad4\u8a9e\u8a00 \u5169\u500b\u4eba\u90fd\u597d\u771f\u8aa0\u2764\ufe0f"
        },
        {
            "reply_id": "UgzcYXZTMHrf-RofipR4AaABAg",
            "reply_content": "\u9019\u671f\u7684\u9318\u9318\u8b93\u6211\u9a5a\u8c54\uff0c\u5f88\u5c11\u83ef\u4eba\u5973\u6b4c\u624b\u53ef\u4ee5\u628a\u82f1\u6587\u6b4c\u8a6e\u91cb\u9019\u9ebc\u597d\uff0c\u9ad8\u97f3\u6709\u529b\u91cf\uff0c\u4f4e\u97f3\u9187\u539a\u3002"
        },
        {
            "reply_id": "UgylAqbiWZZR8hjiXiF4AaABAg",
            "reply_content": "\u9019\u6bb5\u8a2a\u554f\u963f\u91d1\u6e96\u5099\u7684\u5f88\u68d2\u8036\uff01\n\u6e96\u5099\u7684\u984c\u76ee\u4e5f\u975e\u5e38\u503c\u5f97\u601d\u8003\u89ba\u5f97\u5f88\u9177\n\u5f88\u5c11\u6709\u770b\u5230\u4ee5\u65e9\u9910\u90e8\u4efd\u4f86\u5206\u985e\u4eba\u751f\u4e09\u5927\u968e\u6bb5XD"
        },
        {
            "reply_id": "UgyTgLjzMRz0Iwm4hsN4AaABAg",
            "reply_content": "\u597d\u76f8\u914d\u7684\u5169\u500b\u4eba\uff0c\u5531\u53f0\u8a9e\u6b4c\u7684\u90a3\u6bb5\u592a\u6295\u5165\u592a\u597d\u7b11"
        },
        {
            "reply_id": "UgyKxOejf-pACAsWs094AaABAg",
            "reply_content": "\u7b11\u7ffb\u4e86\u6211"
        },
        {
            "reply_id": "UgyE79aqnlpss1cz_mp4AaABAg",
            "reply_content": "\u4e5f\u662f\u96f6\u8ca0\u8a55\u7684\u5c0f\u5929\u738b"
        },
        {
            "reply_id": "UgyFoIqfDnRP9kTMZu14AaABAg",
            "reply_content": "\u807d\u91d1\u91dd\u83c7\u5531\u6b4c\u883b\u597d\u7b11\u7684XD"
        },
        {
            "reply_id": "UgyUskb7UF9RYgDAJIt4AaABAg",
            "reply_content": "\u91d1\u91dd\u83c7\u5531\u53f0\u8a9e\u8b93\u5927\u5bb6\u731c\u4e5f\u592a\u53ef\u611b\u4e86\u5427\uff01\ud83e\udd23"
        },
        {
            "reply_id": "UgyZFwo7ROQnm9uSg_94AaABAg",
            "reply_content": "\u6211\u5403\u65e9\u9910\u624d\u4e0d\u6703\u60f3\u5230\u4ed6"
        },
        {
            "reply_id": "Ugx0yDKYvLcFLMUbHO94AaABAg",
            "reply_content": "\u7b2c\u4e00\u6b21\u770b\u5230\u5ee3\u4ef2\u90a3\u9ebc\u6d3b\u6f51"
        }
    ]
}