{
    "video_info": {
        "id": "Fk8z_jmmzeQ",
        "channelTitle": "\u97d3\u52fe\u311f\u91d1\u91dd\u83c7 \ucc10\uca50\uafb8",
        "title": "\u779e\u8457\u5bb6\u4eba\u5077\u98db\u56de\u97d3\u570b\u5687\u7238\u5abd\ud83d\ude02\u96e2\u5bb67\u500b\u6708\u898b\u5230\u5973\u5152\u7684\u53cd\u61c9\u662f\uff1f\uff5c\u97d3\u52fe\u311f\u91d1\u91dd\u83c7 \ucc10\uca50\uafb8",
        "description": "\u9ce5\u7238\u5abd\u70ba\u4e86\u8b93\u6211\u5011\u80fd\u53bb\u770b\u66f4\u5927\u7684\u4e16\u754c\n\u6559\u4e86\u6211\u5011\u600e\u9ebc\u98db\n\u5c0f\u9ce5\u4e5f\u4e0d\u8ca0\u671f\u5f85\u5730\u5b78\u6703\u4e86\u98db\u7fd4\n\u6bc5\u7136\u4e0d\u56de\u982d\u5730\u7528\u529b\u671b\u524d\u98db\n\n\u9ce5\u5de2\u4f9d\u7136\u4e00\u76f4\u5728\u90a3 \u5076\u723e\u56de\u982d\u671b \u7a7a\u7a7a\u7684\u597d\u50cf\u7279\u5225\u5bc2\u5bde\n\n\u4f46\u6211\u5011\u4e00\u76f4\u90fd\u6c92\u6709\u5fd8\u8a18\n\u6211\u6703\u96a8\u6642\u56de\u53bb\n\u628a\u6211\u7684\u6eab\u6696\u50b3\u7d66\u4f60\u5011\n\n\u7238\u5abd\u662f\u6211\u6700\u5c0a\u656c\u7684\u4eba\n\u4e5f\u662f\u6211\u6700\u611b\u7684\u4eba\n\u9858\u6211\u5011\u5e78\u798f\u3001\u5065\u5eb7\n\n#\u5077\u5077\u56de\u97d3\u570b #\u7d66\u7238\u5abd\u9a5a\u559c\n\u5e0c\u671b\u4f60\u5011\u559c\u6b61\u9019\u90e8\u5f71\u7247\n\u559c\u6b61\u5e6b\u6211\u8a02\u95b1\u6309\u8b9a\u5206\u4eab \u8a18\u5f97\u958b\u555f\u5c0f\u9234\u943a\u6536\u53d6\u65b0\u7247\u901a\u77e5\u5594\uff01\n\n\uff3f\uff3f\uff3f\uff3f\uff3f\uff3f\uff3f\uff3f\uff3f\uff3f\uff3f\uff3f\uff3f\uff3f\uff3f\uff3f\uff3f\uff3f\uff3f\uff3f\uff3f\n\n\u2b50\ufe0f\u91d1\u91dd\u83c7\u7684\u97d3\u570b\u7f8e\u98df\u54c1\u724c\uff1ahttps://www.kimkfoods.com\n\u2b50\ufe0f\u91d1\u5bb6\u311f\u5e03\u5e33\u99ac\u8eca\uff1ahttps://www.facebook.com/groups/2297603990535075/\n\u2b50\ufe0f\u91d1\u91dd\u83c7\u7684\u7c89\u5c08: https://www.facebook.com/Koreajinzhengu/\n\u2b50\ufe0f\u91d1\u91dd\u83c7\u7684IG: https://www.instagram.com/ggu__kim/\n\u2b50\ufe0f\u5408\u4f5c\u9080\u7d04\u8acb\u6d3dPressPlay\uff1ajinyoungkim@pressplay.cc\n\n\uff3f\uff3f\uff3f\uff3f\uff3f\uff3f\uff3f\uff3f\uff3f\uff3f\uff3f\uff3f\uff3f\uff3f\uff3f\uff3f\uff3f\uff3f\uff3f\uff3f\uff3f",
        "likeCount": "50305",
        "commentCount": "1856",
        "viewCount": "1433100"
    },
    "comments": [
        {
            "reply_id": "UgzfFnPXKlohw0nPlyl4AaABAg",
            "reply_content": "\u9019\u90e8\u7247.\u770b\u4e86\u5f88\u591a\u6b21.\u771f\u7684\u5f88\u597d\u770b.\u5bb3\u6211\u54ed\u4e86\u597d\u5e7e\u6b21"
        },
        {
            "reply_id": "UgwYkJVphaliakG63kF4AaABAg",
            "reply_content": "\u88ab\u6211\u6293\u5230\u516c\u95dc\u516c\u53f8\u4f60\u5011\u97d3\u570b\u5973\u5b69\u5b50\u88ab\u73a9\u4e00\u73a9\u6c92\u95dc\u4fc2\u5728\u53f0\u7063\u5c31\u662f\u6b65\u884c\u4ed6\u6709\u6c92\u6709\u5243\u6bdb"
        },
        {
            "reply_id": "UgyGolaX2zUJDB8y9JF4AaABAg",
            "reply_content": "\u771f\u7fa8\u6155\u91d1\u91dd\u83c7\u7684\u5bb6\u5ead\u9019\u9ebc\u7684\u6eab\u6696\uff0c\u7238\u7238\u5abd\u5abd\u592a\u5049\u5927\u4e86\uff0c\u628a\u5bb6\u7d93\u71df\u5f97\u9019\u9ebc\u597d\n\u5b69\u5b50\u90fd\u9019\u9ebc\u7368\u7acb\uff0c\u537b\u53c8\u5b5d\u9806\uff0c\u597d\u611f\u52d5\u7684\u4e00\u96c6"
        },
        {
            "reply_id": "UgzgdxHjawiG22Swj7V4AaABAg",
            "reply_content": "\u8b1d\u8b1d\u4f60\u62cd\u7684\u9019\u4e9b\u5f71\u7247\uff0c\u770b\u8457\u90fd\u597d\u611f\u52d5\u597d\u7642\u6108\uff0c\u9ed8\u9ed8\u7684\u8ddf\u8457\u611f\u52d5\u5230\u6d41\u6dda\ud83d\ude02"
        },
        {
            "reply_id": "UgzGQ4j9gs0hFMBQyNF4AaABAg",
            "reply_content": "\u597d\u548c\u8ae7\u7684\u5bb6\u5ead\uff0c\u9019\u8b93\u6211\u611f\u89ba\u5230\u9019\u4e16\u754c\u4e0a\u96d9\u89aa\u662f\u771f\u6b63\u611b\u6211\u5011\u5b69\u5b50\u7684!! \u6240\u4ee5\uff0c\u8d81\u4ed6\u5011\u9084\u5728\u8981\u597d\u597d\u73cd\u60dc\u8207\u7236\u6bcd\u5728\u4e00\u8d77\u7684\u6642\u5149\uff0c\u4ee5\u514d\u5f8c\u6094\u3002"
        },
        {
            "reply_id": "UgzmpdhDeDLS-cf6PpN4AaABAg",
            "reply_content": "\u795e\u57fa\u56e0 \u83c7\u5abd\u8ddf\u83c7\u59d0\u90fd\u662f\u7f8e\u4eba\ud83d\ude0a"
        },
        {
            "reply_id": "Ugz72vrc5ji6eCbyAr14AaABAg",
            "reply_content": "\u770b\u5230\u4f60\u8ddf\u5abd\u5abd\u62b1\u4e00\u8d77\u771f\u7684\u597d\u5e78\u798f\u4e5f\u597d\u7fa8\u6155\uff0c\u6211\u611f\u52d5\u5230\u54ed\u4e86\uff0c\ud83c\udf44\u5e0c\u671b\u4f60\u5728\u53f0\u7063\u5e78\u798f\u5065\u5eb7\u5feb\u6a02\u3002\u2764"
        },
        {
            "reply_id": "UgzHFt6jMHNaq_S_Khh4AaABAg",
            "reply_content": "\u771f\u7684\u597d\u611f\u4eba\n\n\u5c0d\u65bc\u7236\u6bcd\u90fd\u4e0d\u5728\u7684\u6211 \u9084\u662f\u53ef\u4ee5\u900f\u904e\u87a2\u5e55\u611f\u53d7\u5230\u89aa\u60c5\u7684\u6eab\u6696\ud83d\ude2d"
        },
        {
            "reply_id": "UgwqwbRLe67eWliG4Ep4AaABAg",
            "reply_content": "\u540c\u70ba\u4eba\u6bcd\uff0c\u770b\u4e86\u771f\u7684\u771f\u7684\u597d\u611f\u52d5\u2764"
        },
        {
            "reply_id": "UgyLyFrXGFQrjEghfb14AaABAg",
            "reply_content": "\u83c7\u5abd\u597d\u6c23\u8cea\u597d\u7f8e\uff01\u83c7\u7238\u597d\u53ef\u611b\uff0c\u53ef\u611b\u7684\u7238\u7238\u5f88\u5c11\u898b\uff0c\u4e00\u822c\u90fd\u5f88\u50f5\u786c\u3002\n\u8868\u59d0\u8ddf\u963f\u59e8\u4e00\u8d77\u5403\u98ef\u5f88\u5c11\u898b\uff0c\u4e00\u822c\u89aa\u621a\u90fd\u6703\u6500\u6bd4\uff0c\u5f88\u96e3\u611f\u60c5\u597d\u5230\u79c1\u4e0b\u6176\u795d\u3002\n\u50cf\u6211\u81ea\u5df1\u5f88\u6015\u88ab\u5687\uff0c\u6240\u4ee5\u4e0d\u6562\u641e\u9a5a\u559c\uff0c\u6015\u89aa\u53cb\u5fc3\u81df\u75c5\ud83d\ude02\u4f55\u6cc1\u98db\u6a5f\u7968\u5e7e\u842c\u6210\u672c\u592a\u9ad8\u3002\n\u83c7\u7238\u5abd\u7684\u500b\u6027\u592a\u89aa\u5207\u4e86\uff0c\u50cf\u6211\u5abd\u5f88\u9589\u4fd7\uff0c\u5e6b\u5979\u6176\u751f\u9084\u6703\u88ab\u7f75\u591a\u4e8b\uff0c\u66f4\u5225\u8aaa\u645f\u62b1\u4e86\u3002\u4e0d\u63a5\u89f8\u5c31\u662f\u6700\u597d\u7684\u63a5\u89f8\ud83e\udd72\u53f0\u7063\u591a\u6578\u5bb6\u5ead\u90fd\u9019\u6a23\u3002"
        },
        {
            "reply_id": "UgwwySDRwIWeWfymGoB4AaABAg",
            "reply_content": "\u4e16\u754c\u4e0a\u6700\u5e78\u798f\u7684\u4e8b\u3001\u5c31\u662f\u4e00\u5bb6\u4eba\u7684\u611f\u60c5\u3001\u6c38\u9060\u5e78\u8914\u3001\u5feb\u6a02\u5728\u4e00\u8d77\u3001\u73cd\u60dc\u5bb6\u88e1\u6240\u6709\u89aa\u4eba\u7684\u611f\u60c5\u3001\u9019\u5c31\u662f\u4eba\u751f\u6700\u5feb\u6a02\u7684\u4e8b\u3002"
        },
        {
            "reply_id": "UgxeSSq8yoNMIeWODyt4AaABAg",
            "reply_content": "\u6709\u500b\u5065\u5168\u7684\u5bb6\u5ead\u771f\u597d...\u611f\u8b1d\u6211\u5abd\u6bcd\u517c\u7236\u8077"
        },
        {
            "reply_id": "UgzMzMJHVD-rtp10MVp4AaABAg",
            "reply_content": "\u597d\u611f\u52d5\uff01\u5728\u5916\u7684\u904a\u5b50\u5011\u8f9b\u82e6\u4e86\uff01"
        },
        {
            "reply_id": "UgwQHHJg0UOAiPfCHaN4AaABAg",
            "reply_content": "\u6211\u4e5f\u597d\u60f3\u6211\u7236\u89aa\u963f\uff0c\u6211\u7236\u89aa\u5728\u4e16\u7684\u65f6\u5019\u751f\u75c5\u4e86\uff08\u8001\u4eba\u7661\u5446\u75c7\uff09\uff0c\u6211\u4e5f\u662f\u4e00\u4e2a\u4e0d\u4f1a\u505a\u996d\u7684\u4eba\uff0c\u53ef\u662f\u5f53\u53a8\u5e08\u7684\u7236\u4eb2\u8bb0\u5fc6\u4e0d\u662f\u5f88\u597d\uff0c\u56e0\u4e3a\u662f\u53a8\u5e08\u6240\u4ee5\u8001\u4eba\u75f4\u5446\u4ee5\u540e\u53ea\u8bb0\u5f97\u83dc\u7684\u540d\u5b57\uff0c\u5e38\u5e38\u5435\u95f9\u8fd9\u8981\u5403\u8fd9\u5403\u90a3\u7684\uff0c\u6211\u53c8\u4e0d\u4f1a\u716e\u540e\u6765\u53ea\u597d\u4e0a\u7f51\u53bb\u5b66\uff0c\u5f88\u591a\u83dc\u6211\u90fd\u8bd5\u505a\u4e86\u597d\u51e0\u6b21\uff0c\u89c9\u5f97\u53ef\u4ee5\u4e86\u624d\u7ed9\u7236\u4eb2\u5403\uff0c\u5728\u5403\u83dc\u7684\u7236\u4eb2\u6709\u65f6\u5019\u4f1a\u53d8\u6e05\u9192\uff0c\u8fd8\u80fd\u591f\u6559\u5bfc\u6211\u90a3\u91cc\u8981\u6539\u8fdb\uff0c\u73b0\u5728\u7684\u6211\u5df2\u7ecf\u80fd\u716e\u4e00\u767e\u9053\u4ee5\u4e0a\u7684\u83dc\u4e86\ud83d\ude4f\ud83d\ude4f\ud83d\ude4f\u800c\u4e14\u90fd\u662f\u5f88\u597d\u5403\u7684\uff0c\u4f46\u662f\u6211\u4e0d\u60f3\u5f53\u53a8\u5e08\uff0c\u6211\u73b0\u5728\u624d\u77e5\u9053\u5f53\u53a8\u5e08\u539f\u6765\u662f\u5f88\u8f9b\u82e6\u7684\uff0c\u5927\u70ed\u5929\u5f85\u5728\u53a8\u623f\u4f1a\u6709\u591a\u70ed\uff0c\u6211\u8fd9\u624d\u77e5\u9053\u7236\u4eb2\u5728\u53a8\u623f\u8d5a\u94b1\u539f\u6765\u5e76\u4e0d\u8f7b\u677e\ud83d\ude4f\ud83d\ude4f\ud83d\ude4f\u8c22\u8c22\u7236\u4eb2\u8f9b\u82e6\u7684\u517b\u80b2\u4e4b\u6069\uff0c\u96d6\u7136\u73fe\u5728\u7236\u89aa\u5df2\u7d93\u96e2\u958b\u4eba\u9593\u4e86\uff0c\u4f46\u662f\u6211\u9084\u662f\u5f88\u60f3\u5ff5\u4ed6"
        },
        {
            "reply_id": "UgweRUB3TBbs_o5FxkF4AaABAg",
            "reply_content": "\u9019\u6a23\u5b50\u9084\u4e0d\u5920\u523a\u6fc0\uff0c\u4e0b\u4e00\u6b21\u8981\u8ddf\u5e97\u5bb6\u5546\u91cf\u4e00\u4e0b\u507d\u88dd\u6210\u670d\u52d9\u751f\u5e36\u53e3\u7f69\uff0c\u770b\u770b\u7236\u6bcd\u8a8d\u5f97\u51fa\u4f86\u670d\u52d9\u751f\u7684\u59b3\u55ce\uff1f\u8981\u662f\u4e0d\u662f\u5728\u9910\u5ef3\u53ef\u4ee5\u507d\u88dd\u6210\u5916\u9001\u54e1\u9001\u5916\u8ce3\u7d66\u5bb6\u4eba"
        },
        {
            "reply_id": "Ugw2I5fNIyDvG5_4nq94AaABAg",
            "reply_content": "\u96e2\u5bb6\u5de5\u4f5c\u5341\u4e00\u5e74\u7684\u6211\u76f4\u63a5\u770b\u5230\u54ed\u55da\u55da\u55da"
        },
        {
            "reply_id": "UgzNohjjdFDUTi1K7jV4AaABAg",
            "reply_content": "\u597d\u611f\u52d5"
        },
        {
            "reply_id": "Ugwy0BQca9ysSZBd8gV4AaABAg",
            "reply_content": "\u771f\u559c\u6b61\u770b\u4f60\u8ddf\u5bb6\u4eba\u4e92\u52d5\uff0c\u5e73\u51e1\u771f\u8aa0\u5e78\u798f\uff0c\u4f60\u80fd\u751f\u5728\u6709\u6eab\u5ea6\u7684\u5bb6\u5ead\uff0c\u5f88\u8b93\u4eba\u7fa8\u6155\u2764"
        },
        {
            "reply_id": "Ugzd5KY4oqk91aM34Ll4AaABAg",
            "reply_content": "\u7236\u6bcd\u662f\u4e0d\u9700\u4efb\u4f55\u7406\u7531\u5c31\u503c\u5f97\u4f60\u8dea\u62dc\u7684\u4eba\uff0c\u56e0\u4ed6\u5011\u751f\u3001\u990a\u4e86\u4f60\uff0c\u4ed6\u5011\u662f\u4f60\u6700\u5e74\u8f15\u7684\u7956\u5148\uff0c\u4f60\u53ea\u662f\u4e0d\u540c\u7684\u4ed6\u5011\uff0c\u800c\u4f60\u5ef6\u7e8c\u4e86\u4ed6\u5011\u3002"
        },
        {
            "reply_id": "UgwNjC-x72RujISBgUV4AaABAg",
            "reply_content": "\u770b\u5230\u83c7\u7238\u7684\u8868\u60c5\u771f\u7684\u88ab\u5687\u5230\u4e86 \u4f46\u5f88\u559c\u6b61\u4f60\u5011\u4e00\u5bb6\u9019\u6a23\u548c\u6a02\u878d\u878d\u7684\u611f\u89ba \ud83d\udc4d\ud83d\udc4d"
        }
    ]
}