{
    "video_info": {
        "id": "FmbW6RDbs_c",
        "channelTitle": "\u97d3\u52fe\u311f\u91d1\u91dd\u83c7 \ucc10\uca50\uafb8",
        "title": "\u4f86\u81ea\u97d3\u570b\u5bb6\u4eba\u768430KG\u795e\u79d8\u5305\u88f9\uff01\u6eff\u6eff\u90fd\u662f\u7238\u5abd\u7684\u611b\u2764\ufe0f\u770b\u5b8c\u5f1f\u5f1f\u54e5\u54e5\u4e5f\u60f3\u5bb6\u4e86\ud83d\ude2d\uff5c\u97d3\u52fe\u311f\u91d1\u91dd\u83c7 \ucc10\uca50\uafb8",
        "description": "\u4f86\u81ea\u97d3\u570b\u5bb6\u4eba\u768430KG\u795e\u79d8\u5305\u88f9\u6eff\u6eff\u90fd\u662f\u7238\u5abd\u7684\u611b\u2764\ufe0f\u770b\u5b8c\u5f1f\u5f1f\u54e5\u54e5\u4e5f\u60f3\u5bb6\u4e86\ud83d\ude2d\uff5c\u97d3\u52fe\u311f\u91d1\u91dd\u83c7 \ucc10\uca50\uafb8\n\n#\u97d3\u570b\u5bb6\u5e38\u83dc #\u97d3\u570b\u5c0f\u83dc #\u97d3\u570b\u83c7\u5bb6\n\n\u5e0c\u671b\u4f60\u5011\u559c\u6b61\u9019\u90e8\u5f71\u7247\n\u559c\u6b61\u5e6b\u6211\u8a02\u95b1\u6309\u8b9a\u5206\u4eab \u8a18\u5f97\u958b\u555f\u5c0f\u9234\u943a\u6536\u53d6\u65b0\u7247\u901a\u77e5\u5594\uff01\n\n\uff3f\uff3f\uff3f\uff3f\uff3f\uff3f\uff3f\uff3f\uff3f\uff3f\uff3f\uff3f\uff3f\uff3f\uff3f\uff3f\uff3f\uff3f\uff3f\uff3f\uff3f\n\n\u2b50\ufe0f\u91d1\u91dd\u83c7\u7684\u97d3\u570b\u7f8e\u98df\u54c1\u724c\uff1ahttps://www.kimkfoods.com\n\u2b50\ufe0f\u91d1\u5bb6\u311f\u5e03\u5e33\u99ac\u8eca\uff1ahttps://www.facebook.com/groups/2297603990535075/\n\u2b50\ufe0f\u91d1\u91dd\u83c7\u7684\u7c89\u5c08: https://www.facebook.com/Koreajinzhengu/\n\u2b50\ufe0f\u91d1\u91dd\u83c7\u7684IG: https://www.instagram.com/ggu__kim/\n\u2b50\ufe0f\u5408\u4f5c\u9080\u7d04\u8acb\u6d3dPressPlay\uff1ajinyoungkim@pressplay.cc\n\n\uff3f\uff3f\uff3f\uff3f\uff3f\uff3f\uff3f\uff3f\uff3f\uff3f\uff3f\uff3f\uff3f\uff3f\uff3f\uff3f\uff3f\uff3f\uff3f\uff3f\uff3f",
        "likeCount": "36868",
        "commentCount": "1408",
        "viewCount": "1479733"
    },
    "comments": [
        {
            "reply_id": "UgzJpPlVjsjaWT-cmjV4AaABAg",
            "reply_content": "\u54e5\u54e5\u8072\u97f3\u592a\u597d\u807d\u4e86\u5427\uff01"
        },
        {
            "reply_id": "UgyMe-5SKE2SU9_zB654AaABAg",
            "reply_content": "\u6700\u5f8c\u5927\u982d\u771f\u7684\u662f\u5f88\u6436\u6232\ud83d\ude02\ud83d\ude02"
        },
        {
            "reply_id": "Ugz4A2Bm-bahAnMcMFR4AaABAg",
            "reply_content": "\u6211\u597d\u60f3\u5403\u91d1\u91dd\u83c7\u5abd\u5abd\u505a\u7684\u62cc\u98ef\u2764"
        },
        {
            "reply_id": "UgwYI6VzFzUGMGX8kmp4AaABAg",
            "reply_content": "\u5f1f\u5f1f\u4e5f\u5f88\u6703\u8aaa\u53c8\u5e25\u5594"
        },
        {
            "reply_id": "Ugyl41YbetHArRzS6rF4AaABAg",
            "reply_content": "\u53ef\u4ee5\u9810\u8cfc\u55ce\uff1f"
        },
        {
            "reply_id": "UgwhqZkPzEcmEfBSJB14AaABAg",
            "reply_content": "\u5982\u679c\u4f60\u4eca\u751f\u4eca\u4e16\u60f3\u70ba\u4e0b\u4e00\u4ee3"
        },
        {
            "reply_id": "Ugx0UfL6BkmFBVdNkol4AaABAg",
            "reply_content": "\u5927\u958b\u773c\u754c\u7684\u8f9b\u5947\u8ddf\u5c0f\u83dc\n\u662f\u6eff\u6eff\u7684\u611b\u2764\u2764\n\u83c7\u54e5\u63a8\u85a6\u7684\u53f0\u7063\u96f6\u98df\u7f50\u982d\u5f88\u9053\u5730\u6b38\ud83d\udc4d\ud83d\udc4d"
        },
        {
            "reply_id": "Ugz90umwuJ37EZN4ws54AaABAg",
            "reply_content": "\u7c89\u7d72\u7684\u6d41\u53e3\u6c34\u4e86"
        },
        {
            "reply_id": "UgxKtVQZMTfODPYVgeV4AaABAg",
            "reply_content": "\u4f60\u5011\u4e09\u5144\u5f1f\u59b9\u611f\u6069\u7236\u6bcd\u89aa\u7528\u5fc3"
        },
        {
            "reply_id": "Ugx6CewzFfOGMnNYtTZ4AaABAg",
            "reply_content": "\u54e5\u54e5\u662f\u5403\u8ca8\u311f"
        },
        {
            "reply_id": "UgwtGRYBbcWw7KxBHoV4AaABAg",
            "reply_content": "\u54e5\u54e5\u7684\u8072\u97f3\u597d\u597d\u807d\u311d"
        },
        {
            "reply_id": "UgxfdwoV8lA9oCu6MFZ4AaABAg",
            "reply_content": "\u6c92\u932f\u6211\u4e5f\u8cb73M\u7259\u7dda\u7d30\u7dda\u7684\uff0c\u5e74\u8f15\u4eba\u4e0d\u89ba\u5f97\u6709\u4ec0\u9ebc\u5dee\u5225\uff0c\u6211\u5e74\u7d00\u5927\u7684\u6709\u5dee\u5594\uff01"
        },
        {
            "reply_id": "UgyrkLRLTN_kJshxfDl4AaABAg",
            "reply_content": "\u6211\u4e5f\u8d85\u611b\u90a3\u500b\u201c\u8c46\u8150\u4e73\u201d"
        },
        {
            "reply_id": "Ugydvu6nuXq4gAGy--J4AaABAg",
            "reply_content": "\u6211\u4f4f\u6cd5\u570b\u5357\u90e8\uff0c\u6700\u60f3\u5ff5 \u8c6c\u8840\u7cd5\uff0c\u8c6c\u8089\u9b06\uff0c\u96de\u722a\u51cd\uff0c\u918e\u66f8\u96de\u3002\u55da\u55da\u55da\u3002\u5bc4\u5230\u6771\u897f\u5230\u6cd5\u570b\u8981\u67ef\u7a05\uff0c\u7a05\u91d1\u751a\u81f3\u6703\u9ad8\u65bc\u6bd4\u539f\u672c\u6771\u897f\u548c\u904b\u8cbb\u8cb4\u3002\u4e0a\u6b21\u6211\u59b9\u59b9\u5bc4\u6587\u4ef6\u7d66\u6211\uff0c\u53ea\u662f\u516d\u5f35\u7d19\uff0c\u56db\u767e\u53f0\u5e63\u3002\n\u6b64\u5916\uff0c \u6709\u6642\u5019\u6771\u897f\u9084\u6703\u5bc4\u4e0d\u898b\uff0c\u751a\u81f3\u90f5\u7bb1\u88ab\u6253\u958b \u6771\u897f\u88ab\u5077\u3002\u6240\u4ee5\u6211\u9084\u662f\u8cb7\u6a5f\u7968\u56de\u53f0\u7063\u5403\u6bd4\u8f03\u5212\u7b97\u3002\u54c8"
        },
        {
            "reply_id": "Ugw04QaDpMYInGkq5N94AaABAg",
            "reply_content": "\u597d\u6709\u611b\u7684\u4e09\u5144\u59b9 \u611f\u89ba\u54e5\u54e5\u8ddf\u5f1f\u5f1f\u90fd\u662f\u6696\u7537 \u5f1f\u5f1f\u7684\u570b\u8a9e\u767c\u97f3\u597d\u9053\u5730 \u4ee5\u70ba\u662f\u53f0\u7063\u4eba\u5728\u8b1b\u8a71\ud83d\ude0a"
        },
        {
            "reply_id": "UgwBhbKsmhswWnPt2xR4AaABAg",
            "reply_content": "\u5bb6\u4eba\u4e00\u8d77\u5728\u53f0\u7063\uff0c\u53ef\u4ee5\u4e92\u76f8\u7167\u9867\uff0c\u771f\u597d\uff01"
        },
        {
            "reply_id": "UgwqQMd3m784jizC_8p4AaABAg",
            "reply_content": "\u83c7\u8d85\u7f8e"
        },
        {
            "reply_id": "UgxLYYYFAf0Uk5oLDfl4AaABAg",
            "reply_content": "\u59b3\u54ea\u6642\u5019\u8981\u5ac1\u4f5c\u53f0\u7063\u5ab3\u5a66\u5462\uff1f"
        },
        {
            "reply_id": "UgwCbSfaXqjNSNPOrzR4AaABAg",
            "reply_content": "\u8403\u96de\u7cbe\u61c9\u8a72\u662f\u6211\u5011\u5e38\u559d\u7684\u6ef4\u96de\u7cbe\uff0c\u5927\u90e8\u4efd\u7684\u4eba\u6703\u52a0\u71b1\u518d\u559d\uff0c\u5473\u9053\u5dee\u5f88\u591a\u5594\uff01\u6fc3\u6fc3\u9999\u9999\uff0c\u50cf\u96de\u6e6f\u4e00\u6a23\uff0c\u5f88\u7d2f\u6216\u662f\u751f\u75c5\u9700\u8981\u88dc\u5145\u9ad4\u529b\u6642\u5f88\u65b9\u4fbf\u3002"
        },
        {
            "reply_id": "UgzmD0Rq1uc6ytQ3dMR4AaABAg",
            "reply_content": "\u5c0f\u9ec3\u74dc\u8f9b\u5947\u5f88\u597d\u5403\u7684\u611f\u89ba"
        }
    ]
}