{
    "video_info": {
        "id": "fQCFj8WnO5A",
        "channelTitle": "\u97d3\u52fe\u311f\u91d1\u91dd\u83c7 \ucc10\uca50\uafb8",
        "title": "\u96e2\u958b\u97d3\u570b\u524d\u5e36\u5bb6\u4ebashopping\u3001\u65c5\u884c\u5168\u90e8\u6211\u8cb7\u55ae\ud83c\uddf0\ud83c\uddf7\ud83d\udd25\u3010\u97d3\u570b\u7cfb\u5217\u6700\u7d42\u56de\ud83c\uddf0\ud83c\uddf7\u3011\uff5c\u97d3\u52fe\u311f\u91d1\u91dd\u83c7 \ucc10\uca50\uafb8",
        "description": "\u96e2\u958b\u97d3\u570b\u524d\u5e36\u5bb6\u4ebashopping\u5168\u90e8\u6211\u8cb7\u55ae\u3010\u56de\u97d3\u570b\u7cfb\u5217\u6700\u7d42\u56de\ud83c\uddf0\ud83c\uddf7\u3011\n\n\u56de\u5bb6\u9019\u4e00\u8d9f\u597d\u5e78\u798f\uff5e\uff5e\u5df2\u6eff\u8db3\uff01\uff01\uff01\n\u4e5f\u5f88\u958b\u5fc3\u80fd\u900f\u904e\u5f71\u7247\u7684\u65b9\u5f0f\u7d00\u9304\u6211\u548c\u5bb6\u4eba\u7684\u4e92\u52d5\n\u5e0c\u671b\u4eca\u5e74\u53ef\u4ee5\u518d\u56de\u4e00\u8d9f\n\u4e5f\u8b1d\u8b1d\u5927\u5bb6\u559c\u6b61\u5594\uff01\n\n#\u56de\u97d3\u570b\u7cfb\u5217\u6700\u7d42\u56de #\u91d1\u91dd\u83c7 #\u97d3\u570b\n\n\u5e0c\u671b\u4f60\u5011\u559c\u6b61\u9019\u90e8\u5f71\u7247\n\u559c\u6b61\u5e6b\u6211\u8a02\u95b1\u6309\u8b9a\u5206\u4eab \u8a18\u5f97\u958b\u555f\u5c0f\u9234\u943a\u6536\u53d6\u65b0\u7247\u901a\u77e5\u5594\uff01\n\n\uff3f\uff3f\uff3f\uff3f\uff3f\uff3f\uff3f\uff3f\uff3f\uff3f\uff3f\uff3f\uff3f\uff3f\uff3f\uff3f\uff3f\uff3f\uff3f\uff3f\uff3f\n\n\u2b50\ufe0f\u91d1\u91dd\u83c7\u7684\u97d3\u570b\u7f8e\u98df\u54c1\u724c\uff1ahttps://www.kimkfoods.com\n\u2b50\ufe0f\u91d1\u5bb6\u311f\u5e03\u5e33\u99ac\u8eca\uff1ahttps://www.facebook.com/groups/2297603990535075/\n\u2b50\ufe0f\u91d1\u91dd\u83c7\u7684\u7c89\u5c08: https://www.facebook.com/Koreajinzhengu/\n\u2b50\ufe0f\u91d1\u91dd\u83c7\u7684IG: https://www.instagram.com/ggu__kim/\n\u2b50\ufe0f\u5408\u4f5c\u9080\u7d04\u8acb\u6d3dPressPlay\uff1ajinyoungkim@pressplay.cc\n\n\uff3f\uff3f\uff3f\uff3f\uff3f\uff3f\uff3f\uff3f\uff3f\uff3f\uff3f\uff3f\uff3f\uff3f\uff3f\uff3f\uff3f\uff3f\uff3f\uff3f\uff3f",
        "likeCount": "33049",
        "commentCount": "1475",
        "viewCount": "936671"
    },
    "comments": [
        {
            "reply_id": "UgzImVXqgiQYgktNiHZ4AaABAg",
            "reply_content": "\ud83c\udf89\u5802\u59d0\u4e00\u5b9a\u662f\u500b\u597d\u8001\u5a46"
        },
        {
            "reply_id": "Ugzx7jBBV0RmPh8jq854AaABAg",
            "reply_content": "\u5e0c\u671b\u83c7\u7238\u8d95\u5feb\u518d\u4f86\u53f0\u7063\u5594\uff01"
        },
        {
            "reply_id": "UgwFvshdBfRPrYAtch94AaABAg",
            "reply_content": "\u770b\u8457\u770b\u8457\u4e5f\u8ddf\u8457\u611f\u52d5\u4e86\n\u559c\u6b61\u7238\u7238\u9738\u6c23\u5730\u8aaa\uff1a\n\u7238\u7238\u53ea\u60f3\u7d66\u5973\u5152\u8cb7\u6771\u897f\u2764\uff5e"
        },
        {
            "reply_id": "UgxjF4fB4UKBjb9cE-J4AaABAg",
            "reply_content": "\u559c\u6b61\u83c7\u4e00\u5bb6!\u83c7\u83c7\u5f88\u5b5d\u9806\uff0c\u771f\u7684\u662f\u6211\u5011\u8a72\u5b78\u7fd2\u7684\uff0c\u56e0\u70ba\u73fe\u5728\u4eba\u5f88\u591a\u90fd\u662f\u6368\u5f97\u82b1\u5728\u5b69\u5b50\u8eab\u4e0a\uff0c\u6368\u4e0d\u5f97\u82b1\u5728\u7236\u6bcd\u8eab\u4e0a\uff0c\u83c7\u83c7\u4e00\u5bb6\u611f\u60c5\u771f\u7684\u5f88\u597d!"
        },
        {
            "reply_id": "UgwKvIikxWtDV2FeRkx4AaABAg",
            "reply_content": "\u597d\u53ef\u611b\u7684\u9945\u982d\u62f3\ud83d\ude02"
        },
        {
            "reply_id": "UgyofBQAtClHe_3yZpV4AaABAg",
            "reply_content": "\u597d\u5e78\u798f\u7684\u4e00\u5bb6\u4eba\u3001\u8981\u6c38\u9060\u5e78\u8914\u5feb\u6a02\u5594\uff01"
        },
        {
            "reply_id": "Ugxnl4_huECTJTYWiEV4AaABAg",
            "reply_content": "\u54ed\u6210\u4e00\u5718\u90a3\u6bb5\u6211\u4e5f\u8ddf\u8457\u54ed\u4e86"
        },
        {
            "reply_id": "UgzoX6YhDzkxQI8Dteh4AaABAg",
            "reply_content": "\u554a\u5537\uff5e \u8ddf\u8457\u54ed\u8036\u6211 \u592a\u611f\u4eba\u4e86\u5566"
        },
        {
            "reply_id": "UgxgZMX3iFv7amwo75N4AaABAg",
            "reply_content": "\u7c89\u7d72\u6703\u5e6b\u5fd9\u7167\u9867"
        },
        {
            "reply_id": "UgxkfqgOPg_Bz8n9tJd4AaABAg",
            "reply_content": "\u6700\u5f8c\u770b\u5230\u83c7\u7238\u83c7\u5abd\u90a3\u500b\u4e0d\u6368\u5973\u5152\u96e2\u958b\u7684\u8868\u60c5 \u771f\u7684\u5f88\u7fa8\u6155\u4f60\u5011\u4e00\u5bb6\u4eba\u611f\u60c5\u9019\u9ebc\u597d\uff01"
        },
        {
            "reply_id": "UgyIEEWCb3lsISSAMv54AaABAg",
            "reply_content": "\u5e73\u6642\u65e5\u5e38\u7684\u88dd\u626e\u9084\u662f\u90fd\u504f\u6df1\u8272\u70ba\u4e3b\u543c"
        },
        {
            "reply_id": "Ugy2iv47hqqwMIxnra94AaABAg",
            "reply_content": "\u7238\u5abd\u4e00\u5b9a\u70ba\u59b3\u611f\u5230\u9a55\u50b2\u2764\u52a0\u6cb9\uff01"
        },
        {
            "reply_id": "Ugya3oGM3GK7OA0KfhN4AaABAg",
            "reply_content": "\u61c2\u4e8b\u53c8\u5b5d\u9806\u7684\u83c7\uff0c\u9ad4\u8ad2\u5b50\u5973\u8f9b\u52de\u7684\u7238\u5abd\u2026\u597d\u6709\u611b\u7684\u4e00\u5bb6\u4eba\u2764"
        },
        {
            "reply_id": "UgyuMVkVQG4pS6GZsjd4AaABAg",
            "reply_content": "\u59d0\u59d0\u597d\u68d2\u2764"
        },
        {
            "reply_id": "UgyjLw6tTlM3UgEOrBZ4AaABAg",
            "reply_content": "\u8d85\u7d1a\u8b9a\u7f8e\u5973\uff0c\u61c2\u5f97\u611f\u6069"
        },
        {
            "reply_id": "UgwNz65ijfueFHeHxad4AaABAg",
            "reply_content": "\u83c7\u7238\u597d\u75bc\u5973\u5152\u5537\uff01\u91d1\u91dd\u83c7\u597d\u5e78\u798f\uff0c\u600e\u9ebc\u6709\u9019\u9ebc\u597d\u7684\u7238\u7238\u5566"
        },
        {
            "reply_id": "UgyaR_jzsoQUPy5WyiN4AaABAg",
            "reply_content": "\u91d1\u91dd\u83c7\u59b3\u9019\u8d85\u8b9a\uff0c\u4e0d\u6703\u50cf\u4e00\u6a23\u4f4f\u5728\u540c\u4e00\u7e23\u5e02\u4e5f\u4e0d\u56de\u5abd\u5abd\u90a3\u770b\u6bcd\u89aa\u3002"
        },
        {
            "reply_id": "UgzXYKVuPNOOcrPdO0h4AaABAg",
            "reply_content": "\u5b5d\u9806\u7684\u83c7\u4ed4\u59b9\uff0c\u548c\u6a02\u7684\u4e00\u5bb6\u4eba\uff0c\u9019\u5c31\u662f\u5e78\u798f\uff01"
        },
        {
            "reply_id": "UgwsZq_5hO3BRMrtM2x4AaABAg",
            "reply_content": "\u91d1\u91dd\u83c7\u5c31\u662f\u9019\u9ebc\u81ea\u7136\u8212\u670d\uff01\u5f88\u591ait\u90fd\u5728\u70ab\u5bcc"
        },
        {
            "reply_id": "UgxW9-4tA_uLJBbfWaV4AaABAg",
            "reply_content": "\u5bb6\u4eba\u6eff\u6eff\u7684\u611b\u548c\u795d\u798f\uff01"
        }
    ]
}