{
    "video_info": {
        "id": "Fw04xfNqlQs",
        "channelTitle": "\u97d3\u52fe\u311f\u91d1\u91dd\u83c7 \ucc10\uca50\uafb8",
        "title": "\u59d0\u59d0\u8981\u96e2\u958b\u53f0\u7063\u4e86\ud83d\ude2d\u5728\u53f0\u5317\u628a\u63e1\u6700\u5f8c\u6a5f\u6703\u5403\u5403\u559d\u559d\uff01\u4e00\u5927\u7bb1\u7684\u4f34\u624b\u79ae\u5206\u4eab\u2764\ufe0f\uff5c\u97d3\u52fe\u311f\u91d1\u91dd\u83c7 \ucc10\uca50\uafb8",
        "description": "#\u91d1\u91dd\u83c7\u5802\u59d0 #\u8b1d\u8b1d\u5927\u5bb6\u6536\u770b\n\n\n\u5e0c\u671b\u4f60\u5011\u559c\u6b61\u9019\u90e8\u5f71\u7247\n\u559c\u6b61\u5e6b\u6211\u8a02\u95b1\u6309\u8b9a\u5206\u4eab \u8a18\u5f97\u958b\u555f\u5c0f\u9234\u943a\u6536\u53d6\u65b0\u7247\u901a\u77e5\u5594\uff01\n\n\uff3f\uff3f\uff3f\uff3f\uff3f\uff3f\uff3f\uff3f\uff3f\uff3f\uff3f\uff3f\uff3f\uff3f\uff3f\uff3f\uff3f\uff3f\uff3f\uff3f\uff3f\n\n\u2b50\ufe0f\u91d1\u91dd\u83c7\u7684\u97d3\u570b\u7f8e\u98df\u54c1\u724c\uff1ahttps://www.kimkfoods.com\n\u2b50\ufe0f\u91d1\u5bb6\u311f\u5e03\u5e33\u99ac\u8eca\uff1ahttps://www.facebook.com/groups/2297603990535075/\n\u2b50\ufe0f\u91d1\u91dd\u83c7\u7684\u7c89\u5c08: https://www.facebook.com/Koreajinzhengu/\n\u2b50\ufe0f\u91d1\u91dd\u83c7\u7684IG: https://www.instagram.com/ggu__kim/\n\u2b50\ufe0f\u5408\u4f5c\u9080\u7d04\u8acb\u6d3dPressPlay\uff1ajinyoungkim@pressplay.cc\n\n\uff3f\uff3f\uff3f\uff3f\uff3f\uff3f\uff3f\uff3f\uff3f\uff3f\uff3f\uff3f\uff3f\uff3f\uff3f\uff3f\uff3f\uff3f\uff3f\uff3f\uff3f",
        "likeCount": "31184",
        "commentCount": "1045",
        "viewCount": "1240265"
    },
    "comments": [
        {
            "reply_id": "UgzVJYjOv8Ux5nUTiNp4AaABAg",
            "reply_content": "\u963f~~\u6211\u5728\u5730\u4eba\u61c9\u8a72\u53bb\u5e36\u59ca\u59ca\u7684"
        },
        {
            "reply_id": "UgwZ3sRJVulKOtILzMt4AaABAg",
            "reply_content": "\u5c0f\u6f58\u8981\u8cb7\u88f8\u88dd\u7684\uff0c\u76ae\u662f\u9165\u7684\uff01\u6709\u5c01\u888b\u7684\uff0c\u76ae\u662f\u56de\u8edf\u7684\u3002"
        },
        {
            "reply_id": "UgxDoECkWpvP4I8AoT94AaABAg",
            "reply_content": "\u5c0f\u6f58\u8981\u8cb7"
        },
        {
            "reply_id": "UgxQxkoEq0uR-Cl-0M94AaABAg",
            "reply_content": "\u671f\u5f85\u5802\u59d0\u518d\u6b21\u56de\u6765\u53f0\u6e7e\u65c5\u884c\uff5e\u3000\u91d1\u9488\u83c7\u8bb0\u5f97\u5b89\u6392\u8df3\u5c9b\u884c\u7a0b\u3002"
        },
        {
            "reply_id": "UgxWVzY2Nw9cO2TeWvF4AaABAg",
            "reply_content": "\u83c7\u4e00\u76f4\u5e6b\u5403\u6771\u897f\u7684\u59ca\u59ca\u64a5\u982d\u9aee\uff0c\u597d\u6709\u611b \ud83e\udd79\ud83e\udd79"
        },
        {
            "reply_id": "Ugyt9iNYohYAx8VAkDJ4AaABAg",
            "reply_content": "\u4eca\u5929\u518d\u770b\u9019\u652f\u5f71\u7247 \u597d\u60f3\u77e5\u9053\u7b97\u547d\u6709\u6c92\u6709\u4e00\u4e9b\u6e96\u5440\uff5e  \u771f\u597d\u5947\u554a\uff5e"
        },
        {
            "reply_id": "Ugz84xyvN6BPTw50_014AaABAg",
            "reply_content": "\u59d0\u59d0\u82f1\u6587\u767c\u97f3\u771f\u4e0d\u932f"
        },
        {
            "reply_id": "UgzXH3BlQZOsViVQhEl4AaABAg",
            "reply_content": "\u83c7\u59d0\u5f88\u6b63"
        },
        {
            "reply_id": "UgzEUxJEv5RjGYEfEuh4AaABAg",
            "reply_content": "\u53ef\u4ee5\u6559\u59ca\u59ca\u4e2d\u6587"
        },
        {
            "reply_id": "Ugy8ZvLaWmikByP8WrZ4AaABAg",
            "reply_content": "\u4f60\u8868\u59d0\u6709\u6d41\u91cf,\u5f88\u53ef\u611b"
        },
        {
            "reply_id": "UgyITfm3jnLF5ip_WQh4AaABAg",
            "reply_content": "\u6b61\u8fce\u59ca\u59ca\u518d\u4f86\u53f0\u7063\u6e21\u5047\u5566"
        },
        {
            "reply_id": "Ugxzp-F319O_NpEk_YJ4AaABAg",
            "reply_content": "\u55e8 \u525b\u8def\u904e\u505c\u4e0b\u4e86\u8173\u6b65 \u60f3\u554f\u4f60\u662f\u5426\u662f\u96d9\u80de\u80ce\u59d0\u59b9\u5462\uff1f\n\u8d8a\u770b\u8d8a\u50cf \ud83e\udd14"
        },
        {
            "reply_id": "Ugz-PzDzMAkWmWWQBX54AaABAg",
            "reply_content": "\u5802\u59d0\u8b1b\u82f1\u6587\u597d\u597d\u807d, \u53c8\u6709\u6c23\u8cea, \u53ca\u75bc\u611b\u91d1\u91dd\u83c7\u7684\u597d\u59d0\u59d0, \u5f88\u6b23\u8cde"
        },
        {
            "reply_id": "Ugwe40WEvaSMfo16PBt4AaABAg",
            "reply_content": "\u59b3\u53ef\u4e0d\u53ef\u4ee5\u4e0d\u8981\u8b1b\u8d85\u597d\u5403\u7684\uff0c\u53ef\u4ee5\u8b1b\u5f88\u597d\u5403\uff0c\u9084\u662f\u8d85\u7d1a\u597d\u5403\uff0c\u59b3\u9019\u6a23\u8b1b\uff0c\u5f88\u60f3\u9000\u8a02\u95b1\uff0c\u5c01\u9396\u59b3"
        },
        {
            "reply_id": "UgxZzS7_uco9PLt7GVJ4AaABAg",
            "reply_content": "\u4f60\u59d0\u59d0\u662f\u6211\u7684\u83dc\u4ec0\u9ebc\u6642\u5019\u9084\u8981\u4f86"
        },
        {
            "reply_id": "UgxLFZbX-KMN-gNBcZN4AaABAg",
            "reply_content": "\u4f60\u59d0\u59d0\u4ec0\u9ebc\u6642\u5019\u8981\u4f86\u627e"
        },
        {
            "reply_id": "UgyvOManoSHR0H7xgrZ4AaABAg",
            "reply_content": "\u76db\u9999\u73cd\u849f\u84bb\u9996\u63a8\u6ab8\u6aac\u9e7d\u53e3\u5473\uff01"
        },
        {
            "reply_id": "UgzYAadNB0lzSFsS1iB4AaABAg",
            "reply_content": "\u5728\u6b21\u56de\u4f86\u770b\u59d0\u59d0\uff0c\u771f\u7684\u5f88\u53ef\u611b\u2764\uff0c\u80fd\u5a36\u5979\u4f86\u5c31\u597d\u4e86\ud83d\ude02"
        },
        {
            "reply_id": "Ugwa65lTwl15kQeXm5V4AaABAg",
            "reply_content": "\u597d\u5947\u59d0\u59d0\u7684\u5e7d\u9ed8\u5c0d\u8c61\u6709\u51fa\u73fe\u55ce\uff1f"
        },
        {
            "reply_id": "UgxRY2Nd46o59jOu4Hp4AaABAg",
            "reply_content": "\u54c7\u55da\u2764\u2764\u671f\u5f85\u8457\u5979\u4f86\u81fa\u7063"
        }
    ]
}