{
    "video_info": {
        "id": "fy2VQ617YZE",
        "channelTitle": "\u97d3\u52fe\u311f\u91d1\u91dd\u83c7 \ucc10\uca50\uafb8",
        "title": "\u5728\u53f0\u5c0b\u627e\u300c\u97d3\u570b\u7a00\u6709\u5c0f\u5403\u300d\ud83d\udd25\u6c92\u60f3\u5230\u53f0\u7063\u7adf\u7136\u6709\u8ce3\u97d3\u570b\u4eba\u7684\u601d\u9109\u6ecb\u5473\ud83d\ude2d\uff5c\u97d3\u52fe\u311f\u91d1\u91dd\u83c7 \ucc10\uca50\uafb8",
        "description": "\u300a\u97d3\u570b\u7a00\u6709\u5c0f\u5403\u7bc7\u300b\n\n\u6c34\u524c\u97d3\u5f0f\u6599\u7406 \u5149\u5fa9\u5e97 \n\u53f0\u5317\u5e02\u677e\u5c71\u5340\u5149\u5fa9\u5357\u8def1\u865f2\u6a13\u4e4b2\n\n\ud83c\udf1f\u97d3\u9ede\u7cd6 \u91dc\u5c71\u7cd6\u9905\u5c08\u8ce3\uff08\u63a8\u63a8\ud83c\udf1f\n\u53f0\u5317\u5e02\u5927\u5b89\u5340\u5ef6\u5409\u885770\u5df72\u5f042\u865f\n\n\u98ef\u5377\u7814\u7a76\u6240 \n\u53f0\u5317\u5e02\u677e\u5c71\u5340\u6c11\u751f\u6771\u8def\u56db\u6bb577\u865f\n\nCaffe bene\n\u53f0\u5317\u5e02\u677e\u5c71\u5340\u6c11\u751f\u6771\u8def\u4e94\u6bb5106\u865f\n\n\ud83c\udf1f\u7f8a\u89d2\u5305\u6c57\u84b8\u8212\u58d3\u9928\uff08\u63a8\u63a8\ud83c\udf1f\uff09\n\u53f0\u5317\u5e02\u5167\u6e56\u5340\u6c11\u6b0a\u6771\u8def\u516d\u6bb553\u865f\n\n\n\n\u5e0c\u671b\u4f60\u5011\u559c\u6b61\u9019\u90e8\u5f71\u7247\n\u559c\u6b61\u5e6b\u6211\u8a02\u95b1\u6309\u8b9a\u5206\u4eab \u8a18\u5f97\u958b\u555f\u5c0f\u9234\u943a\u6536\u53d6\u65b0\u7247\u901a\u77e5\u5594\uff01\n\n\uff3f\uff3f\uff3f\uff3f\uff3f\uff3f\uff3f\uff3f\uff3f\uff3f\uff3f\uff3f\uff3f\uff3f\uff3f\uff3f\uff3f\uff3f\uff3f\uff3f\uff3f\n\n\u2b50\ufe0f\u91d1\u91dd\u83c7\u7684\u97d3\u570b\u7f8e\u98df\u54c1\u724c\uff1ahttps://www.kimkfoods.com\n\u2b50\ufe0f\u91d1\u5bb6\u311f\u5e03\u5e33\u99ac\u8eca\uff1ahttps://www.facebook.com/groups/2297603990535075/\n\u2b50\ufe0f\u91d1\u91dd\u83c7\u7684\u7c89\u5c08: https://www.facebook.com/Koreajinzhengu/\n\u2b50\ufe0f\u91d1\u91dd\u83c7\u7684IG: https://www.instagram.com/ggu__kim/\n\u2b50\ufe0f\u5408\u4f5c\u9080\u7d04\u8acb\u6d3dPressPlay\uff1ajinyoungkim@pressplay.cc\n\n\uff3f\uff3f\uff3f\uff3f\uff3f\uff3f\uff3f\uff3f\uff3f\uff3f\uff3f\uff3f\uff3f\uff3f\uff3f\uff3f\uff3f\uff3f\uff3f\uff3f\uff3f",
        "likeCount": "13162",
        "commentCount": "272",
        "viewCount": "655645"
    },
    "comments": [
        {
            "reply_id": "Ugxx_dFMgtYJeWnmWiB4AaABAg",
            "reply_content": "\u4e4b\u524d\u5728\u91dc\u5c71\u8cb7\u8def\u908a\u7684\u7cd6\u9905\uff0c\u5927\u6982\u53f0\u5e6330-35\u5de6\u53f3\uff0c\u8d85\u597d\u5403\u7684\uff01\n\u53f0\u7063\u7684\u6c92\u6709\u91dc\u5c71\u7684\u8106\u611f\uff0c\u4e3b\u8981\u662f\u9019\u6750\u6599\u5176\u5be6\u6c92\u90a3\u9ebc\u8cb4\uff0c\u51a0\u4e0a\u97d3\u570b\u5728\u53f0\u7063\u8ce3\u8b8a\u8d85\u8cb4\n\u5c31\u597d\u50cf\u5728\u9ad8\u96c4\u8cb7\u523012\u5143\u7684\u767d\u7cd6\u7cbf\uff0c\u5728\u53f0\u5317\u76f4\u63a5\u7ffb\u4e09\u500d\u4ee5\u4e0a,\u539f\u7269\u6599\u6f32\u50f9\u4e5f\u6c92\u9019\u9ebc\u8a87\u5f35"
        },
        {
            "reply_id": "UgyhtDPAWHD64ch_u5N4AaABAg",
            "reply_content": "\u65b0\u838a\u6709\u4e00\u5bb6\u97d3\u5f0f\u71b1\u72d7\u53eb\u6a02\u72d7\u6dfb\u7cd6\u8d85\u597d\u5403\ud83d\ude0b\u597d\u5947\u4e0d\u77e5\u9053\u662f\u4e0d\u662f\u8ddf\u97d3\u570b\u4e00\u6a23\u7684\u5473\u9053"
        },
        {
            "reply_id": "UgwA1FSyurVBqsRzvvZ4AaABAg",
            "reply_content": "\u98ef\u5377\u7814\u7a76\u6240\u7684\u98ef\u6372\u5c0d\u5f88\u611b\u5403\u98ef\u7684\u4eba\u4f86\u8aaa\u6700\u6709\u5438\u5f15\u529bXD"
        },
        {
            "reply_id": "UgxnlTJh4g5F8pecPCh4AaABAg",
            "reply_content": "\u53f0\u4e2d\u6709\u4e00\u5bb6\u8ce3\u97d3\u5f0f\u6599\u7406\u7684\u8001\u5e97 \u64da\u8aaa\u662f\u97d3\u570b\u8001\u95c6\u958b\u7684  \u90a3\u9593\u53eb\u9ad8\u9e97\u5c4b   \u6642\u5e38\u5ba2\u6eff  \u6771\u897f\u4e5f\u5f88\u9053\u5730\u5e73\u50f9\u597d\u5403\ud83d\ude0b"
        },
        {
            "reply_id": "UgyqlBGvHcudEgcp1Ld4AaABAg",
            "reply_content": "\u4ee5\u524d\u53bb\u91dc\u5c71\u5403\u904e\u5169\u6b21\u7cd6\u9905\uff0c\u771f\u7684\u8d85\u7d1a\u597d\u5403\ud83d\ude0b\u53e6\u5916\uff0c\u73fe\u5728\u6700\u6700\u60f3\u5ff5\u7684\u5c31\u662f\u97d3\u570b\u98ef\u5377\u5566 \u53ef\u60dc\u53f0\u7063\u5927\u90e8\u5206\u98ef\u5377\u53e3\u5473\u90fd\u6709\u53f0\u5316>_<"
        },
        {
            "reply_id": "UgyGaXJ-f-LZZ3-a8b14AaABAg",
            "reply_content": "\u91d1\u91dd\u83c7\u61c9\u8a72\u53ef\u4ee5\u958b\u5e97\u4e86"
        },
        {
            "reply_id": "UgwjQeFN09HYLBcOqYl4AaABAg",
            "reply_content": "\u6c57\u84b8\u7684\u90a3\u4e2a\u97f3\u4e50\u662f\u6211\u5b66\u6821\u65e9\u4e0a\u6668\u8bfb\u64ad\u7684\u50ac\u7720\u795e\u66f2"
        },
        {
            "reply_id": "Ugxlr5IyBgpGdaWn3c94AaABAg",
            "reply_content": "\u98ef\u5377\u7576\u8089\u71e5\u98ef\u518d\u5403\ud83e\udd23"
        },
        {
            "reply_id": "UgzSPZsF6O4D5rqxbrJ4AaABAg",
            "reply_content": "\u53f0\u4e2d\u6559\u80b2\u5927\u5b78\u9644\u8fd1\u4e00\u9593\u9996\u723e\u98ef\u684c\n\u98ef\u6372\u4e5f\u662f\u5f88\u597d\u5403!\n\u6b63\u97d3\u7684\u914d\u6599\n\u6703\u8b93\u4eba\u7279\u5225\u5f9e\u53f0\u5317\u53bb\u53f0\u4e2d\u5403\uff01"
        },
        {
            "reply_id": "UgwNTxUYza3niSys3AR4AaABAg",
            "reply_content": "\u7f8a\u89d2\u5305\u611f\u89ba\u771f\u7684\u5f88\u4e0d\u932f"
        },
        {
            "reply_id": "UgwH8yOmiYmN5LDttk94AaABAg",
            "reply_content": "\u8d85\u611b\u7cd6\u9905\ud83d\ude2d\u5728\u53f0\u7063\u9084\u6c92\u5403\u904e\u8ddf\u97d3\u570b\u4e00\u6a23\u9053\u5730\u7684\u7cd6\u9905 \u4e4b\u524d\u53bb\u97d3\u570b\u5403\u904e\u4e00\u6b21\u63a5\u4e0b\u4f86\u6bcf\u5929\u90fd\u6703\u5403\u7cd6\u9905\ud83e\udd2d\u771f\u7684\u8d85\u7d1a\u597d\u5403\u6703\u4e0a\u766e\ud83d\ude06"
        },
        {
            "reply_id": "Ugx8YOprwxikQ_dwjll4AaABAg",
            "reply_content": "\u6c57\u84b8\u5e55\u611f\u89ba\u8d85\u8b9a \u6709\u6a5f\u6703\u4e5f\u60f3\u53bb\u9ad4\u9a57\u770b\u770b\ud83e\udd29\n\u8b1d\u8b1d\u91d1\u91dd\u83c7\u7684\u63a8\u85a6 \u6bcf\u6b21\u63a8\u85a6\u7684\u90fd\u597d\u5fc3\u52d5\ud83e\udde1"
        },
        {
            "reply_id": "UgxpvLFTZebeswyOVmF4AaABAg",
            "reply_content": "\u8b1d\u8b1d\u4ecb\u7d39\uff01"
        },
        {
            "reply_id": "UgxdiLjvf1_ZsPH51Il4AaABAg",
            "reply_content": "\u91dc\u5c71\u7cd6\u9905\u771f\u7684\u8d85\u7d1a\u597d\u5403 \u4e0d\u6562\u5403\u8089\u6842\u7684\u6211\u90fd\u89ba\u5f97\u8d85\u597d\u5403><\u6709\u5920\u61f7\u5ff5"
        },
        {
            "reply_id": "Ugxo4KMHZ7ULJqnNUG94AaABAg",
            "reply_content": "\u53ef\u4ee5\u62cd\u91ac\u87f9\u91ac\u8766\u55ce><\n\u6216\u662f\u91d1\u91dd\u83c7\u81ea\u5df1\u9183\u7684\u5f71\u7247"
        },
        {
            "reply_id": "UgyiWvVH9QxbJPCmgNd4AaABAg",
            "reply_content": "\u5982\u679c\u8981\u4f86\u53f0\u4e2d \u53ef\u4ee5\u53bb\u5947\u756b\u5bb6"
        },
        {
            "reply_id": "UgxeCCQ3vGXLkn1Vinh4AaABAg",
            "reply_content": "\u611f\u89ba\u91d1\u91dd\u83c7\u53ef\u4ee5\u518d\u56de\u97d3\u570b\u770b\u770b\u5bb6\u4eba~\u9806\u4fbf\u62cd\u51ac\u5929\u6ed1\u96ea~\u518d\u53bb\u6c92\u53bb\u904e\u7684\u91dc\u5c71? XD"
        },
        {
            "reply_id": "Ugyg_yCAvpu5PHEh5MB4AaABAg",
            "reply_content": "\u60f3\u53bb\u7f8a\u89d2\u6c57\u84b8\u9928\uff5e\uff5e \u51ac\u5929\u80af\u5b9a\u5f88\u8212\u670d"
        },
        {
            "reply_id": "Ugwpj-GtcD4YiGseRBB4AaABAg",
            "reply_content": "\u81fa\u7063\u4eba\u5e36\u97d3\u570b\u4eba\u53bb\u91dc\u5c71\u73a9\ud83e\udd23"
        },
        {
            "reply_id": "Ugy5xFUaiH7p8QkJgal4AaABAg",
            "reply_content": "\u5fe0\u6b66\u98ef\u5377\u53f0\u4e2d\u4e5f\u6709\uff01\u8d85\u597d\u5403\u5594\ud83d\ude0a"
        }
    ]
}