{
    "video_info": {
        "id": "FYAz25mdi3o",
        "channelTitle": "\u97d3\u52fe\u311f\u91d1\u91dd\u83c7 \ucc10\uca50\uafb8",
        "title": "\u97d3\u570b\u4eba\u56de\u97d3\u570b\u4e0d\u82b1\u9322\u300c\u5230\u8655\u8e6d\u98ef\u300d\u53ef\u4ee5\u6d3b\u591a\u4e45\u5462\uff1f\ud83e\udd23\u97d3\u570b\u91d1\u771f\u5be6\u751f\u6d3b\u5206\u4eab\ud83c\uddf0\ud83c\uddf7\uff5c\u97d3\u52fe\u311f\u91d1\u91dd\u83c7 \ucc10\uca50\uafb8",
        "description": "\u900f\u904e\u4ee5\u4e0b\u7db2\u5740\u7372\u5f97Surfshark VPN: https://surfshark.deals/GGU\n\n\u8f38\u5165\u6298\u6263\u78bc GGU\uff0c\u5c31\u53ef\u99ac\u4e0a\u7372\u5f97\u300c1.7\u6298\u300d\u512a\u60e0\n\u8a02\u95b12\u5e74\u65b9\u6848\u518d\u52a0\u9001\u514d\u8cbb3\u500b\u6708\u7684\u4f7f\u7528\uff01\n\n\ud83c\udf1f\u5f71\u7247\u4e2d\u7684\u54e5\u54e5\u5011\u662f\u97d3\u570b\u88fd\u4f5c\u4eba\u300centoy\u300d\n\u6709\u8208\u8da3\u5927\u5bb6\u53ef\u4ee5\u591a\u591a\u53bb\u807d\u807d\u770b\u54e6\uff01\n\nConfident\ud83c\udfb5-\nhttps://youtube.com/playlist?list=OLAK5uy_l87M5fvJo-IuHDLic7yMf1C2bbrjihs9I\n\nShirts\ud83c\udfb5-\nhttps://youtu.be/rVDHBIRbkqE\n\nLast mood\ud83c\udfb5-\nhttps://youtube.com/playlist?list=OLAK5uy_myNAYW6CSVMUJ82wNCXi9-2LtFtTALv04\n\nMidnight\ud83c\udfb5-\nhttps://youtu.be/JMfGd63jC5c\n\n\u5e0c\u671b\u4f60\u5011\u559c\u6b61\u9019\u90e8\u5f71\u7247\n\u559c\u6b61\u5e6b\u6211\u8a02\u95b1\u6309\u8b9a\u5206\u4eab \u8a18\u5f97\u958b\u555f\u5c0f\u9234\u943a\u6536\u53d6\u65b0\u7247\u901a\u77e5\u5594\uff01\n\n\uff3f\uff3f\uff3f\uff3f\uff3f\uff3f\uff3f\uff3f\uff3f\uff3f\uff3f\uff3f\uff3f\uff3f\uff3f\uff3f\uff3f\uff3f\uff3f\uff3f\uff3f\n\n\u2b50\ufe0f\u91d1\u91dd\u83c7\u7684\u97d3\u570b\u7f8e\u98df\u54c1\u724c\uff1ahttps://www.kimkfoods.com\n\u2b50\ufe0f\u91d1\u5bb6\u311f\u5e03\u5e33\u99ac\u8eca\uff1ahttps://www.facebook.com/groups/2297603990535075/\n\u2b50\ufe0f\u91d1\u91dd\u83c7\u7684\u7c89\u5c08: https://www.facebook.com/Koreajinzhengu/\n\u2b50\ufe0f\u91d1\u91dd\u83c7\u7684IG: https://www.instagram.com/ggu__kim/\n\u2b50\ufe0f\u5408\u4f5c\u9080\u7d04\u8acb\u6d3dPressPlay\uff1ajinyoungkim@pressplay.cc\n\n\uff3f\uff3f\uff3f\uff3f\uff3f\uff3f\uff3f\uff3f\uff3f\uff3f\uff3f\uff3f\uff3f\uff3f\uff3f\uff3f\uff3f\uff3f\uff3f\uff3f\uff3f",
        "likeCount": "14485",
        "commentCount": "449",
        "viewCount": "612361"
    },
    "comments": [
        {
            "reply_id": "UgzQdhaBr7Fk5tuHUi14AaABAg",
            "reply_content": "\u610f\u5fd7\u529b\u5462\n\n\u610f\u5fd7\u529b\u5728\u4e00\u958b\u59cb\u5c31\u4e0d\u898b\u4e86\ud83e\udd23\n\n\u4e0d\u904e\u91d1\u91dd\u83c7\u5c31\u7b97\u5230\u4e86\u5dd4\u5cf0\n\n\u9084\u662f\u5f88\u6f02\u4eae\n\n\u9802\u591a\u5c31\u662f\u91d1\u91dd\u83c7\u8b8a\u767d\u96ea\u83c7\u800c\u5df2\u2764"
        },
        {
            "reply_id": "UgxCvLfj64huICqI1A94AaABAg",
            "reply_content": "\u5c0f\u6642\u5019\u5c31\u662f\u5c0f\u5bcc\u5a46\u5b58\u4e0d\u5c11\u634f ^^"
        },
        {
            "reply_id": "UgzqSMp5iuYbrdXjDcV4AaABAg",
            "reply_content": "\u97f3\u6a02\u8d85\u7d1a\u597d\u807d\uff5e"
        },
        {
            "reply_id": "UgwiG2LU0qTqBPzz5FN4AaABAg",
            "reply_content": "\u97f3\u6a02\u771f\u7684\u597d\u597d\u807d\uff0c\u662f\u6211\u559c\u6b61\u7684\u8036!"
        },
        {
            "reply_id": "Ugwdt22T59tnckxPuXB4AaABAg",
            "reply_content": "\u597d\u6b61\u6a02 \u559c\u6b61\u9019\u6a23\u7684\u6c1b\u570d\u2764"
        },
        {
            "reply_id": "UgzgNlcCtQoZg0CdEbF4AaABAg",
            "reply_content": "\u59d0\u59d0\u5f88\u6f02\u4eae"
        },
        {
            "reply_id": "UgwRSrBU67tPYBcTI5t4AaABAg",
            "reply_content": "\u6211\u7b97\u662f\u59b3\u7684\u65b0\u9435\u7c89\uff0c\u6211\u5f88\u559c\u6b61\u770b\u5bb6\u4eba\u4e00\u8d77\u5f9e\u65e9\u5230\u665aor\u665a\u4e0a\u4e0b\u73ed\u9084\u80fd\u4e00\u8d77\u53bb\u5403\u98ef\u7684\u6d3b\u52d5\uff5e \u53ef\u80fd\u662f\u56e0\u70ba\u53cd\u5c04\u4e86\u6211\u7684\u73fe\u5be6\u751f\u6d3b\u4e2d\u5bb6\u5ead\u6c92\u9019\u9ebc\u5b8c\u6574\ud83d\ude02\ud83d\ude02"
        },
        {
            "reply_id": "UgzcO6TOySu-pORovpx4AaABAg",
            "reply_content": "\u91d1\u91dd\u83c7\uff0c\u59b3\u771f\u7684\u597d\u53ef\u611b\u5594"
        },
        {
            "reply_id": "Ugw8il7S8oQeYMc1Wb54AaABAg",
            "reply_content": "\u6211\u611b\u6f02\u91c0\u59d0\u59d0\u2764"
        },
        {
            "reply_id": "UgyE3RZPr_3oJRigZb94AaABAg",
            "reply_content": "\u91d1\u91dd\u83c7\u7684\u6b50\u5df4\u8cbc\u5fc3\u53c8\u6709\u624d\u85dd \u5e25\u2764"
        },
        {
            "reply_id": "UgyzUddZnFgDncAGeax4AaABAg",
            "reply_content": "\u83c7\u4f60\u8a8d\u8b58\u90a3\u9ebc\u591a\u53f0\u7063\u7537\u751f\uff0c\u4ecb\u7d39\u5e7e\u500b\u7d66\u5802\u59d0\u8a8d\u8b58\u561b\u3002"
        },
        {
            "reply_id": "Ugzb_BX6a_Co_97DQVp4AaABAg",
            "reply_content": "\u59d0\u59d0\u5bb6\u90fd\u5750\u5730\u677f\uff0c\u6211\u4e5f\u8d85\u611b\u7684\uff0c\u4f46\u662f\u90a3\u500b\u96fb\u8996\u9019\u6a23\u770b\u4e0d\u6703\u592a\u4f4e\u55ce\uff1f\ud83d\ude0a"
        },
        {
            "reply_id": "Ugy4KQBg7Vr7nnIhp_94AaABAg",
            "reply_content": "\u6b50\u5df4\u5011\u7684\u97f3\u6a02\u597d\u597d\u807d\u5594\uff01\u2764"
        },
        {
            "reply_id": "UgxtR3LO6oh60WZkoAd4AaABAg",
            "reply_content": "\u554a\u4e0d\u662f\u8aaa\u4e0d\u82b1\u9322\u904e\u4e00\u5929\uff1f\u9084\u53bb\u7ffb\u9322\u51fa\u4f86\u5e79\u561b\ud83d\ude05\ud83d\ude05 \u597d\u4e0d\u8aa0\u5be6\u7684\u4f01\u5283\u5594\u7b11\u6b7b\ud83d\ude0e\ud83d\ude0e"
        },
        {
            "reply_id": "UgxhXZBgx6XduabpzA54AaABAg",
            "reply_content": "\u6211\u5728\u8a3a\u6240\u4e0a\u73ed\uff0c\u91ab\u5e2b\u90fd\u6703\u8ddf\u60f3\u6e1b\u91cd\u7684\u60a3\u8005\u8aaa\u8981\u5148\u6212\u6c34\u679cXD"
        },
        {
            "reply_id": "UgwOeP6Se0JAt09vBOp4AaABAg",
            "reply_content": "\u6211\u76f8\u4fe1\u5982\u679c\u662f\u6734\u82f1\u594e \u61c9\u8a72\u8e6d\u500b\u5929\u8352\u5730\u8001"
        },
        {
            "reply_id": "UgyrHXXpImoCC2yXwvx4AaABAg",
            "reply_content": "\u59ca\u59ca\u597d\u68d2\uff0c\u597d\u6eab\u67d4\u554a\u2764"
        },
        {
            "reply_id": "UgxzfMT1qBVnI_I3WLZ4AaABAg",
            "reply_content": "\u8b1d\u8b1d\u5c0f\u91dd\u83c7\ud83e\udd23\ud83e\udd23\ud83e\udd23\u6211\u4e5f\u8981\u5230\u8655\u653e\u9322\u7559\u7d66\u672a\u4f86\u7684\u81ea\u5df1?\u54c8\u54c8"
        },
        {
            "reply_id": "Ugwwpeltok0Mrfa3gR94AaABAg",
            "reply_content": "\u6703\u97f3\u6a02\u53c8\u5e25\uff0c\u5f88\u8ff7\u4eba\u634f\uff08\u5df2\u5ffd\u7565\u91d1\u91dd\u83c7\u5b58\u5728"
        },
        {
            "reply_id": "UgyBN8rcS2gIOn4CCIh4AaABAg",
            "reply_content": "\u610f\u5916\u767c\u73fe\u6211\u7684\u6b4c\u55ae\u5df2\u7d93\u6709\u5f88\u591a\u6b50\u5df4\u5011\u7684\u6b4c\ud83e\udd17"
        }
    ]
}