{
    "video_info": {
        "id": "GM3zeDPnLcw",
        "channelTitle": "\u97d3\u52fe\u311f\u91d1\u91dd\u83c7 \ucc10\uca50\uafb8",
        "title": "\u97d3\u570b\u91d1\u7684\u964c\u751f\u57ce\u5e02\u63a2\u8a2a-\u65b0\u7af924hr\u904a\u8a18\ud83d\udd25\u4f4f\u8d85\u96e3\u8a02\u300c\u9999\u5ba2\u5927\u6a13\u300d\u65b0\u7af9\u7279\u8272\u9285\u677f\u7f8e\u98df\u5fc5\u5403\uff01\u5927\u5bb6\u8aaa\u7684\u7f8e\u98df\u6c99\u6f20\u5462\uff1f\ud83d\udc2b \uff5c\u97d3\u52fe\u311f\u91d1\u91dd\u83c7 \ucc10\uca50\uafb8",
        "description": "\u9019\u6b21\u53bb\u65b0\u7af9\u771f\u7684\u592a\u958b\u5fc3\uff01\uff01\uff01\n\u5927\u5bb6\u53ef\u4ee5\u8ddf\u6211\u7684\u884c\u7a0b\u8d70\u4e00\u8d9f\n\u53ea\u662f\u5929\u6c23\u597d\u71b1\ud83e\udd23\u771f\u7684\u5f88\u63a8\u85a6 #\u4e94\u6850\u865f \u8292\u679c\u7cfb\u5217\u98f2\u54c1\n\u76ee\u524d\u559d\u904e\u6700\u559c\u6b61\u7684\u694a\u679d\u7518\u9732\ud83d\udc95\n\u679c\u7136\u662f #\u6700\u5b8c\u7f8e\u694a\u679d\u7518\u9732 \u592a\u723d\u4e86\uff01\n\u73fe\u5728\u9084\u6709 #\u5d14\u5f1f80\u9031\u5e74 \u5468\u908a\u5546\u54c1\n\u9031\u516d\u9650\u5b9a\u5927\u5634\u602a\u62b1\u6795\u771f\u7684\u5fc5\u8cb7\uff0c\u51fa\u767c\u5427\uff01\n\n#\u9999\u5ba2\u5927\u6a13\u7cfb\u5217 #\u91d1\u91dd\u83c7 \n\n\u5e0c\u671b\u4f60\u5011\u559c\u6b61\u9019\u90e8\u5f71\u7247\n\u559c\u6b61\u5e6b\u6211\u8a02\u95b1\u6309\u8b9a\u5206\u4eab \u8a18\u5f97\u958b\u555f\u5c0f\u9234\u943a\u6536\u53d6\u65b0\u7247\u901a\u77e5\u5594\uff01\n\n\uff3f\uff3f\uff3f\uff3f\uff3f\uff3f\uff3f\uff3f\uff3f\uff3f\uff3f\uff3f\uff3f\uff3f\uff3f\uff3f\uff3f\uff3f\uff3f\uff3f\uff3f\n\n\u2b50\ufe0f\u91d1\u91dd\u83c7\u7684\u97d3\u570b\u7f8e\u98df\u54c1\u724c\uff1ahttps://www.kimkfoods.com\n\u2b50\ufe0f\u91d1\u5bb6\u311f\u5e03\u5e33\u99ac\u8eca\uff1ahttps://www.facebook.com/groups/2297603990535075/\n\u2b50\ufe0f\u91d1\u91dd\u83c7\u7684\u7c89\u5c08: https://www.facebook.com/Koreajinzhengu/\n\u2b50\ufe0f\u91d1\u91dd\u83c7\u7684IG: https://www.instagram.com/ggu__kim/\n\u2b50\ufe0f\u5408\u4f5c\u9080\u7d04\u8acb\u6d3dPressPlay\uff1ajinyoungkim@pressplay.cc\n\n\uff3f\uff3f\uff3f\uff3f\uff3f\uff3f\uff3f\uff3f\uff3f\uff3f\uff3f\uff3f\uff3f\uff3f\uff3f\uff3f\uff3f\uff3f\uff3f\uff3f\uff3f",
        "likeCount": "12451",
        "commentCount": "639",
        "viewCount": "640791"
    },
    "comments": [
        {
            "reply_id": "UgwfIBzXYJxH7uSw2cl4AaABAg",
            "reply_content": "\u91d1\u91dd\u83c7\u8d8a\u4f86\u8d8a\u6f02\u4eae\u4e86\uff0c\u8d85\u559c\u6b61\u770b\u59b3\u7684\u5f71\u7247\u3002"
        },
        {
            "reply_id": "Ugyvr52g4bhTF1YvLs14AaABAg",
            "reply_content": "\u9d28\u9999\u98ef\u8001\u677f\u5a18\u614b\u5ea6\u8d85\u5dee"
        },
        {
            "reply_id": "Ugy2bHShp2T1Q8mj_pd4AaABAg",
            "reply_content": "\u660e\u548c\u7684\u8001\u95c6\u6709\u50b7\u6240\u4ee5\u4e0d\u5207 \u597d\u7279\u5225"
        },
        {
            "reply_id": "UgyNJXlZc_J3FHXVh7J4AaABAg",
            "reply_content": "\u6839\u672c\u7f8e\u98df\u6cb9\u571f\u4f2f"
        },
        {
            "reply_id": "UgzlXdgvHwkJIUDVzrx4AaABAg",
            "reply_content": "\u8eab\u70ba\u5728\u5730\u65b0\u7af9\u4eba~\u8b1d\u8b1d\u59b3\u61c2\u65b0\u7af9\u662f\u500b\u7da0\u6d32~"
        },
        {
            "reply_id": "UgzNFMuPJmKMdojokTp4AaABAg",
            "reply_content": "\u5475\u5475\uff0c\u5728\u65b0\u7af9\u9019\u908a\u5f85\u500b10\u5e74\u5c31\u6703\u9ad4\u9a57\u5230\u4ec0\u9ebc\u662f\u7f8e\u98df\u6c99\u6f20\uff0c\u65e9\u9910\u5348\u9910\u665a\u9910\u90fd\u5728\u70ba\u4e86\u8981\u5403\u4ec0\u9ebc\u800c\u7169\u60f1\uff0c\u65b0\u7af9\u6709\u7f8e\u98df\u9019\u4ef6\u4e8b\u60c5\u6211\u4e0d\u53cd\u5c0d\uff0c\u4f46\u5403\u4e45\u4e86\u4e5f\u6703\u5403\u81a9\uff0c\u9019\u4e5f\u9020\u6210\u88dc\u7fd2\u73ed\u8001\u5e2b\u8a02\u5348\u665a\u9910\u7684\u56f0\u64fe"
        },
        {
            "reply_id": "UgxbbsjoVTbGSu9nySt4AaABAg",
            "reply_content": "\u4f86\u82b1\u84ee\u5427"
        },
        {
            "reply_id": "Ugwq5hj6GLN9w0HO6gp4AaABAg",
            "reply_content": "\u7c89\u80b4\u8981\u914d\u751c\u8fa3\u91ac\u597d\u5403\u5594\uff01"
        },
        {
            "reply_id": "UgzXYmOy7-PUEvmJTsB4AaABAg",
            "reply_content": "\u54c7\u54c8\u54c8\u54c8\uff0c\u6211\u7b2c\u4e00\u6b21\u5728\u65b0\u7af9\u5403\u5230\u9d28\u9999\u98ef\u6642\u8166\u6d77\u4e5f\u662f\u6d6e\u73fe\uff0c\u8ab0\u8aaa\u65b0\u7af9\u7f8e\u98df\u6c99\u6f20\n\u800c\u4e14\u9084\u6709\u8d85\u6709\u540d\u798f\u5712\u82b1\u751f\u91ac\u554a"
        },
        {
            "reply_id": "Ugz4pJR8IUjaO1Lz1794AaABAg",
            "reply_content": "\u7d93\u7d00\u4eba\u597d\u6eab\u67d4\u597d\u53ef\u611b\u54c8\u54c8 \u83c7\u83c7\u4e5f\u662f~"
        },
        {
            "reply_id": "UgwcIsIzz4-lhXiUeFh4AaABAg",
            "reply_content": "\u6211\u662f\u65b0\u7af9\u4eba\u5466"
        },
        {
            "reply_id": "UgxrQEYknBNRE1pXPZB4AaABAg",
            "reply_content": "\u53e3\u689d\u597d\u597d"
        },
        {
            "reply_id": "UgzFEF47BP0ExXEoAvR4AaABAg",
            "reply_content": "\u5e0c\u671b\u53ef\u4ee5\u53bb\u82b1\u84ee\u54c8\u54c8\u8d85\u591a\u597d\u5403\u7684"
        },
        {
            "reply_id": "UgyHTmIu8Jq1yh1WWWR4AaABAg",
            "reply_content": "\u9084\u6709\u82b1\u84ee\u963f\uff01\u6b61\u8fce\u4f86\u73a9"
        },
        {
            "reply_id": "UgwbBlHIwaTgwSA9-6t4AaABAg",
            "reply_content": "\u6211\u5bb6\u5728\u65b0\u7af9\uff0c\u6709\u4e00\u689d\u8857\u958b\u4e8610\u591a\u5bb6\u98f2\u6599\u5e97\u8d85\u8a87\u5f35\u7684"
        },
        {
            "reply_id": "UgyWknxjWFUw64lwGbh4AaABAg",
            "reply_content": "\u554a\u554a\u554a\u554a\u554a\uff01\u6211\u65b0\u7af9\u4eba\u6b38\u6b38\u6b38\u6b38"
        },
        {
            "reply_id": "Ugy3olfMOm-LMIumsO94AaABAg",
            "reply_content": "\u7f8e\u98df\u6c99\u6f20\u61c9\u8a72\u662f\u6307\u597d\u5403\u7684\u9078\u64c7\u76f8\u5c0d\u5c11\uff0c\n\u4e0d\u904e\u9019\u6bd4\u8f03\u4e3b\u89c0\uff0c\n\u5982\u679c\u662f\u5c0d\u6211\u9019\u7a2e\u6bd4\u8f03\u4e0d\u6311\u7684\u4eba\u800c\u8a00\u53bb\u54ea\u500b\u7e23\u5e02\u90fd\u89ba\u5f97\u4e00\u6a23\u3002"
        },
        {
            "reply_id": "Ugzj_oDCZpzNAgGGO454AaABAg",
            "reply_content": "\u91d1\u91dd\u83c7\u597d\u7f8e\u5594\uff01"
        },
        {
            "reply_id": "Ugwlqzo0ARFZG2Oa2MZ4AaABAg",
            "reply_content": "\u65b0\u7af9\u57ce\u968d\u5edf\u6709\u5f88\u591a\u7f8e\u98df\uff0c\u9084\u4e0d\u932f"
        },
        {
            "reply_id": "Ugx9PGa-EfVzJJh3X8p4AaABAg",
            "reply_content": "\u6211\u4e5f\u662f\u65b0\u7af9\u4eba\uff0c\u65b0\u7af9\u96d6\u7136\u7f8e\u98df\u591a\u4f46\u666f\u9ede\u771f\u7684\u5f88\u5c11\uff0c\u6211\u5bb6\u90fd\u8aaa\u65b0\u7af9\u5f88\u7121\u804a\u6c92\u5730\u65b9\u8dd1"
        }
    ]
}