{
    "video_info": {
        "id": "GUbfyZKr4gM",
        "channelTitle": "\u97d3\u52fe\u311f\u91d1\u91dd\u83c7 \ucc10\uca50\uafb8",
        "title": "\u642d\u81e5\u92ea\u8239\u53bb\u99ac\u7956\ud83d\udd25\u4e00\u822c\u8259VS\u982d\u7b49\u8259\u6bd4\u8f03\u9ad4\u9a57\uff01\u7cbe\u5f69\u76848\u5c0f\u6642.........\uff5c\u99ac\u7956ep.1 \u97d3\u52fe\u311f\u91d1\u91dd\u83c7 \ucc10\uca50\uafb8",
        "description": "\u8036\uff01\u7d42\u65bc\u7d66\u5927\u5bb6\u770b #\u99ac\u7956 \u7684\u5f71\u7247\u4e86\uff01\n\u4e00\u822c\u5e2d\u548c\u982d\u7b49\u8259\u7684\u5dee\u5225 \u5927\u5bb6\u8981\u9078\u54ea\u4e00\u500b\u5462\uff1f\n\u99ac\u7956\u7279\u8f2f\u7e3d\u5171\u6703\u6709\u5169\u96c6\n\u4e0b\u4e00\u7bc7\u662f #\u99ac\u7956\u5fc5\u5403\u7f8e\u98df\n\u5e0c\u671b\u4f60\u5011\u559c\u6b61\u5594\ud83d\udc95\ud83d\udc95\n \n\u5f71\u7247\u4e2d\u7684\u853b\u863f\u862d\u982d\u76ae\u6de8\u5316\u6dbc\u611f\u6d17\u9aee\u7cbe\n\u6709\u8208\u8da3\u53ef\u4ee5\u4f7f\u7528\u770b\u770b \u4e5f\u53ef\u4ee5\u7559\u8a00\u62bd\u734e \u7559\u60f3\u8981\u6d17\u9aee\u7cbe\u7684\u8a00\n\u6211\u6703\u62bd\u5169\u4f4d\u83c7\u7c89\u9001\u5594\uff5e\uff01\uff01\n \n\u5c31\u5148\u62bd\u52307/31 \u597d\u4e86\uff0c\u5f97\u734e\u8005\u6703\u76f4\u63a5\u5728\u5f71\u7247\u7559\u8a00\u8655\u56de\u8986\uff01\n\u734e\u54c1\u5bc4\u9001\u5730\u5340\u9650\u5b9a\u53f0\u6f8e\u91d1\u99ac\u5537\n*8/4 \u5df2\u62bd\u51fa\u5f97\u734e\u540d\u55ae\uff0c\u4e26\u65bc\u8a72\u7559\u8a00\u56de\u8986\u5f97\u734e\u8cc7\u8a0a\n\n\u8766\u76ae\u7c89\u7d72\u9650\u5b9a\u7d44\u5408\u512a\u60e0\u4e2d: https://reurl.cc/ZApm4V\n\u8f38\u5165\u6298\u6263\u78bcAVENKIM50\u518d\u629850\u5143\n \n#\u853b\u863f\u862d\u590f\u65e5\u982d\u76ae\u6e05\u723d\u5c0d\u7b56 #\u982d\u76ae\u6df1\u547c\u5438 #\u6cd5\u570b\u853b\u863f\u862dKlorane\n\n\n\u5e0c\u671b\u4f60\u5011\u559c\u6b61\u9019\u90e8\u5f71\u7247\n\u559c\u6b61\u5e6b\u6211\u8a02\u95b1\u6309\u8b9a\u5206\u4eab \u8a18\u5f97\u958b\u555f\u5c0f\u9234\u943a\u6536\u53d6\u65b0\u7247\u901a\u77e5\u5594\uff01\n\n\uff3f\uff3f\uff3f\uff3f\uff3f\uff3f\uff3f\uff3f\uff3f\uff3f\uff3f\uff3f\uff3f\uff3f\uff3f\uff3f\uff3f\uff3f\uff3f\uff3f\uff3f\n\n\u2b50\ufe0f\u91d1\u91dd\u83c7\u7684\u97d3\u570b\u7f8e\u98df\u54c1\u724c\uff1ahttps://www.kimkfoods.com\n\u2b50\ufe0f\u91d1\u5bb6\u311f\u5e03\u5e33\u99ac\u8eca\uff1ahttps://www.facebook.com/groups/2297603990535075/\n\u2b50\ufe0f\u91d1\u91dd\u83c7\u7684\u7c89\u5c08: https://www.facebook.com/Koreajinzhengu/\n\u2b50\ufe0f\u91d1\u91dd\u83c7\u7684IG: https://www.instagram.com/ggu__kim/\n\u2b50\ufe0f\u5408\u4f5c\u9080\u7d04\u8acb\u6d3dPressPlay\uff1ajinyoungkim@pressplay.cc\n\n\uff3f\uff3f\uff3f\uff3f\uff3f\uff3f\uff3f\uff3f\uff3f\uff3f\uff3f\uff3f\uff3f\uff3f\uff3f\uff3f\uff3f\uff3f\uff3f\uff3f\uff3f",
        "likeCount": "20225",
        "commentCount": "1129",
        "viewCount": "1332645"
    },
    "comments": [
        {
            "reply_id": "Ugw50pOjco4etlZBvNx4AaABAg",
            "reply_content": "\u6211\u5728\u99ac\u7956\u7576\u5175\u4e5f\u5e38\u642d\u81fa\u99ac\u8f2a \u770b\u59b3\u62cd\u5f71\u7247\u6211\u90fd\u662f\u6eff\u6eff\u7684\u56de\u61b6"
        },
        {
            "reply_id": "Ugz7kAU7pA3EXX4Q2kB4AaABAg",
            "reply_content": "\u53f0\u99ac\u8f2a\u63db\u65b0\u8b8a\u6210\u65b0\u53f0\u99ac\u8f2a\u4e86 \u91d1\u91dd\u83c7\u53ef\u4ee5\u53c3\u8003\u770b\u770b \ud83d\ude02"
        },
        {
            "reply_id": "UgzjBz9HykRWrQhIsm94AaABAg",
            "reply_content": "\u91d1\u91dd\u83c7\uff0c\u59b3\u662f\u9ed1\u8f2a\u5403\u592a\u591a\u4e86\u5427\uff1f\u8981\u4e0d\u7136\u59b3\u7684\u9ed1\u773c\u5708\u600e\u9ebc\u90a3\u9ebc\u56b4\u91cd\u554a\uff1f"
        },
        {
            "reply_id": "UgwfCb0-GMEE5yhcoYp4AaABAg",
            "reply_content": "\u6771\u5f15\u5929\u5f13\u9023\u8def\u904e \u4ee5\u524d\u4e00\u4e0a\u8239\u5c31\u8d95\u5feb\u7761 \u4e0d\u5e78\u62bd\u5230\u96d9\u4eba\u5e8a\u7684\u8a71\u5c31\u53ea\u80fd\u7948\u79b1\u65c1\u908a\u7761\u89ba\u7684\u4eba\u4e0d\u6703\u6253\u547c\u4e0d\u8981\u592a\u80d6 \u54c8"
        },
        {
            "reply_id": "UgzrlC0dg8ns_IYojrN4AaABAg",
            "reply_content": "\u982d\u7b49\u8259\u4e00\u770b\uff0c\u7b2c\u4e00\u773c\u597d\u50cf\u770b\u5230\u5165\u68fa\u5e8a\uff0c"
        },
        {
            "reply_id": "UgwUIXevJ7JLCE5meZh4AaABAg",
            "reply_content": "\u6709\u8981\u958b\u7bb1\u65b0\u81fa\u99ac\u8f2a\u55ce\uff1f"
        },
        {
            "reply_id": "UgwrfaXY3p_SkTXMs-R4AaABAg",
            "reply_content": "\u597d\u8001\u820a\u7684\u8239"
        },
        {
            "reply_id": "UgwXvBAtqePoNQcj25J4AaABAg",
            "reply_content": "\u96e2\u9000\u4f0d\u597d\u50cf\u4e5f\u5feb\u4e8c\u5341\u5e74\u4e86 \u8a18\u5f97\u90a3\u6642\u5019\u653e\u5047\u6642 \u6211\u5011\u9019\u4e9b\u8a72\u6b7b\u7684\u963f\u5175\u54e5\u662f\u4e0d\u53ef\u80fd\u642d\u53f0\u99ac\u8f2a\u7684  \u4e00\u822c\u90fd\u662f\u642d\u5408\u5bcc\u8f2a  \u53ea\u6709\u5728\u6700\u5f8c\u4e00\u6b21\u653e\u5047\u624d\u642d\u5230\u53f0\u99ac\u8f2a(\u96d6\u7136\u9084\u662f\u4e00\u6a23\u6688\u8239)  \u771f\u7684\u662f\u56de\u61b6"
        },
        {
            "reply_id": "UgzTztzCWBd7YnjJ9694AaABAg",
            "reply_content": "\u7576\u521d\u5728\u99ac\u7956\u5357\u7aff\u7576\u5175\uff0c\u5df2\u7d93\u9000\u4f0d12\u5e74\uff0c\u5e8a\u92ea\u9084\u662f\u4e00\u6a23\u6c92\u8b8a\n\u9047\u4e0a\u5927\u98a8\u5927\u6d6a\u822a\u884c\u898112\u5c0f\u6642\u4ee5\u4e0a...\u9084\u80fd\u807d\u898b\u4e00\u5806\u963f\u5175\u54e5\u8dd1\u53bb\u5ec1\u6240\u5410...\n\u771f\u7684\u662f\u4e00\u500b\u56de\u61b6"
        },
        {
            "reply_id": "UgzTPX_8Bs_L0CAW3ld4AaABAg",
            "reply_content": "\u8239\u4e4b\u5317\u97d3"
        },
        {
            "reply_id": "UgxWhUmDPRLdfDEWmEJ4AaABAg",
            "reply_content": "01:17\u5728\u731c\u62f3\u5206\u623f\u9593\u7684\u6642\u5019\u7d93\u7d00\u4eba\u6bd4\u8f03\u6162\u51fa\uff0c\u61c9\u8a72\u6297\u8b70\u5728\u731c\u4e00\u6b21\u7684"
        },
        {
            "reply_id": "UgykjYqNxoMxYs37Kfh4AaABAg",
            "reply_content": "\u8001\u8239\u7ba1\u8def\u6709\u9ede\u751f\u93fd\u6240\u4ee5\u9ec3\u9ec3\u7684\u5f88\u6b63\u5e38...\u9664\u975e\u6574\u689d\u8239\u7684\u7ba1\u8def\u5168\u63db\u65b0\u4e0d\u904e\u4e0d\u53ef\u80fd"
        },
        {
            "reply_id": "Ugy_rxa8W93pNgn2sgt4AaABAg",
            "reply_content": "\u65b0\u9bae\u7684\u984c\u6750\uff0c\u4eab\u53d7\u5916\u5cf6\u4e0d\u540c\u7684\u4eba\u6587\u98a8\u60c5\u3002\u671f\u5f85\u4e0b\u96c6\u56c9\u3002"
        },
        {
            "reply_id": "UgwydvGE59ekLMm2j3B4AaABAg",
            "reply_content": "\u4e00\u4e0a\u8239\u5c31\u8981\u8cb7\u6688\u8239\u85e5.\u5403\u4e86\u5305\u4f60\u4e00\u89ba\u5230\u5929\u4eae."
        },
        {
            "reply_id": "UgwH1U0KyXcyQFhCfsh4AaABAg",
            "reply_content": "\u672c\u4f86\u4e00\u76f4\u5f88\u5bb3\u6015\u5750\u87ba\u65cb\u69f3\u98db\u6a5f\uff0c\u53c8\u6015\u642d\u8239\u53c8\u4e45\u53c8\u60b6\n\u597d\u7684\uff0c\u770b\u5b8c\u5f71\u7247\u6211\u6c7a\u5b9a\u5982\u679c\u8981\u53bb\u99ac\u7956\u4e00\u5b9a\u8981\u5750\u98db\u6a5f"
        },
        {
            "reply_id": "UgyAgOfbuiYBHqCYYi94AaABAg",
            "reply_content": "\u600e\u9ebc\u4e0d\u53bb\u53f0\u5317\u6e2f\u642d\u8239\uff1f\u73fe\u5728\u53f0\u5317\u6e2f\u5750\u8239\u7d043\u5c0f\u6642"
        },
        {
            "reply_id": "UgzJ9AI8LkecnGPZVj94AaABAg",
            "reply_content": "\u597d\u61f7\u5ff5\u53f0\u99ac\u8f2a\u3002\u7576\u5175\u6642\u7d93\u5e38\u5750\uff0c\u7b2c\u4e00\u6b21\u5750\u6642\u5410\u5230\u611f\u89ba\u5167\u81df\u90fd\u8981\u51fa\u4f86\u4e86...."
        },
        {
            "reply_id": "Ugwqd8YTHkmVRUGlYtB4AaABAg",
            "reply_content": "\u4e4b\u524d\u4e5f\u5750\u53f0\u99ac\u8f2a\uff01\uff01\u4f46\u7576\u5728\u5ea7\u8259\u90a3\u908a\u4f11\u606f\uff0c\u6c92\u6709\u7279\u5225\u53bb\u8eba\u8457\uff0c\u5ea7\u8259\u9084\u53ef\u4ee5\u7a0d\u5fae\u770b\u500b\u98a8\u666f\u9084\u4e0d\u932f\uff01"
        },
        {
            "reply_id": "UgyyGaS0wGHxT47UfDh4AaABAg",
            "reply_content": "\u597d\u50cf\u5c71\u6771\u5927\u5b38"
        },
        {
            "reply_id": "Ugxn-TQYztY-qpqLoSJ4AaABAg",
            "reply_content": "\u8f9b\u82e6\u91d1\u91dd\u83c7\u5e6b\u6211\u5011\u9ad4\u9a57\u4e86 \n\u6211\u5c31\u7121\u6cd5\u642d\u90a3\u9ebc\u4e45\u7684\u8239 \u6211\u592a\u6703\u6688\u8239\u4e86\u54c8\u54c8"
        }
    ]
}