{
    "video_info": {
        "id": "HIzo5DtypTg",
        "channelTitle": "\u97d3\u52fe\u311f\u91d1\u91dd\u83c7 \ucc10\uca50\uafb8",
        "title": "\u8d85\u8d8a\u60f3\u50cf\u7684\u5473\u9053\ud83d\ude05\u6df1\u5751\u300c\u81ed\u8c46\u8150\u8857\u300d\u5de1\u79ae\ud83d\udd25\u5617\u8a66\u4e94\u7a2e\u4e0d\u540c\u8c46\u8150\u6599\u7406\u65b9\u5f0f\u2026.\u4ee5\u5f8c\u4e0d\u6562\u8aaa\u611b\u5403\u81ed\u8c46\u8150\u4e86\u54c8\u54c8\u54c8\ud83d\ude05\uff5c\u97d3\u52fe\u311f\u91d1\u91dd\u83c7 \ucc10\uca50\uafb8",
        "description": "\ud83c\udf89\u3010\u91d1\u5bb6\u311f\u9031\u6176\u9650\u5b9a\u3011\u5c0f\u83dc\u8cfc\u7269\u7bc0-\u7d9c\u54085\u5165\u7d44\n\uff1ahttps://bit.ly/3z98sEx\n\u53ea\u523010/31 \u768423:59\u5594\uff01\n\n\u4e5f\u6b61\u8fce\u5927\u5bb6\u4f86\u9996\u6b21\u5be6\u9ad4\u6d3b\u52d5\uff5e\uff5e\u2764\ufe0f\n\u5730\u9ede\uff1a\u5357\u897f\u8aa0\u54c1\u5feb\u9583\u5e97\n\u6642\u9593\uff1a10/29(\u516d)~10/31(\u4e00)\n\n\n\u5e0c\u671b\u4f60\u5011\u559c\u6b61\u9019\u90e8\u5f71\u7247\n\u559c\u6b61\u5e6b\u6211\u8a02\u95b1\u6309\u8b9a\u5206\u4eab \u8a18\u5f97\u958b\u555f\u5c0f\u9234\u943a\u6536\u53d6\u65b0\u7247\u901a\u77e5\u5594\uff01\n\n\uff3f\uff3f\uff3f\uff3f\uff3f\uff3f\uff3f\uff3f\uff3f\uff3f\uff3f\uff3f\uff3f\uff3f\uff3f\uff3f\uff3f\uff3f\uff3f\uff3f\uff3f\n\n\u2b50\ufe0f\u91d1\u91dd\u83c7\u7684\u97d3\u570b\u7f8e\u98df\u54c1\u724c\uff1ahttps://www.kimkfoods.com\n\u2b50\ufe0f\u91d1\u5bb6\u311f\u5e03\u5e33\u99ac\u8eca\uff1ahttps://www.facebook.com/groups/2297603990535075/\n\u2b50\ufe0f\u91d1\u91dd\u83c7\u7684\u7c89\u5c08: https://www.facebook.com/Koreajinzhengu/\n\u2b50\ufe0f\u91d1\u91dd\u83c7\u7684IG: https://www.instagram.com/ggu__kim/\n\u2b50\ufe0f\u5408\u4f5c\u9080\u7d04\u8acb\u6d3dPressPlay\uff1ajinyoungkim@pressplay.cc\n\n\uff3f\uff3f\uff3f\uff3f\uff3f\uff3f\uff3f\uff3f\uff3f\uff3f\uff3f\uff3f\uff3f\uff3f\uff3f\uff3f\uff3f\uff3f\uff3f\uff3f\uff3f",
        "likeCount": "8676",
        "commentCount": "324",
        "viewCount": "464553"
    },
    "comments": [
        {
            "reply_id": "UgzQ7AoNhUw_dY1j2sF4AaABAg",
            "reply_content": "\u91dd\u83c7\u8d8a\u4f86\u8d8a\u6f02\u4eae\u8d8a\u6709\u5973\u4eba\u5473"
        },
        {
            "reply_id": "Ugw_Z3cSp76Ix6SniYl4AaABAg",
            "reply_content": "\u97d3\u570b\u7684\u9c29\u9b5a \u5473\u9053\u4e5f\u662f\u5f88\u91cd \u7b2c\u4e00\u6b21\u5403\u5687\u4e00\u8df3"
        },
        {
            "reply_id": "Ugw77NZZTiMbsmm5MAJ4AaABAg",
            "reply_content": "\u5728\u5730\u4eba\u5728\u6b64"
        },
        {
            "reply_id": "UgyIDe7s6-c-B_21pOJ4AaABAg",
            "reply_content": "\u8d85\u611b\u8c46\u8150\u8c46\u985e\u6599\u7406\uff0c\u6240\u4ee5\u8d85\u611b\u6df1\u5751\u8001\u8857\uff0c\u8c46\u8150\u771f\u7684\u5f88\u5ae9\n\u81ed\u5012\u662f\u90fd\u9084\u597d\n\u5e73\u6642\u5c31\u611b\u81ed\u81ed\u934b\uff0c\u91cd\u53e3\u5473\u7684\u5473\u9053\n\u6ef7\u7684\u5f88\u9032\u53bb\u90a3\u7a2e\u611f\u89ba\n\u70b8\u7684\u7684\u8a71\u5dee\u5225\u61c9\u8a72\u662f\u5728\u88e1\u9762\u8edf\u7684\u5730\u65b9\u767c\u9175\u5f88\u4e45\u54ac\u4e0b\u53bb\u5c31\u8d8a\u81ed\u4f46\u5176\u5be6\u4e00\u53e3\u5403\u90fd\u4e0d\u6703\u7279\u5225\u805e\u5230\u800c\u4e14\u901a\u5e38\u6709\u91ac\u8ddf\u6ce1\u83dc\uff0c\u61c9\u8a72\u5f88\u597d\u5403\u554a\uff0c\u55ae\u5403\u70b8\u81ed\u8c46\u8150\uff0c\u6709\u81ed\u8c46\u8150\u767c\u9175\u5f8c\u5473\u9053\u4f46\u53c8\u6c92\u91ac\uff0c\u4e5f\u4e0d\u6703\u89ba\u597d\u5403\uff0c\u9664\u975e\u662f\u4e00\u822c\u70b8\u8c46\u8150\u55ae\u7d14\u611f\u53d7\u5ae9\u8c46\u8150\u5473\u9053\u90a3\u5c31\u8b9a\n\u89ba\u5f97\u611b\u4e0d\u611b\u9019\u689d\u8857\u53ef\u80fd\u66f4\u8ddf\u611b\u4e0d\u611b\u8c46\u8150\u76f8\u95dc"
        },
        {
            "reply_id": "Ugya5loar-j6yGvK-BF4AaABAg",
            "reply_content": "\u81ed\u8c46\u8150\u4e0d\u662f\u6240\u6709\u53f0\u7063\u4eba\u90fd\u559c\u6b61\u5566"
        },
        {
            "reply_id": "UgzCf_v4GYzxgzhotJF4AaABAg",
            "reply_content": "\u6108\u81ed\u6108\u9999 \u6108\u81ed\u6211\u6108\u611b"
        },
        {
            "reply_id": "UgzR9_Yk-At10fAEblt4AaABAg",
            "reply_content": "\u53ef\u4ee5\u8cb7\u6df1\u5751\u7684\u751f\u81ed\u8c46\u8150\u56de\u5bb6\u81ea\u5df1\u505a\u9ebb\u5a46\u8c46\u8150\uff01\uff01\u8d85\u597d\u5403\uff01"
        },
        {
            "reply_id": "UgwtfxWbz2-hNffE0Tl4AaABAg",
            "reply_content": "\u81ed\u8c46\u8150\u672c\u4f86\u662f\u5f88\u81ed,\u4f46\u662f\u628a\u81ed\u8c46\u8150\u716e\u5f8c,\u5c31\u4e0d\u6703\u81ed\u56e0\u70ba\u6211\u4ee5\u524d\u6709\u5403\u8fc7\u81ed\u8c46\u8150,\u800c\u5473\u9053\u5f88\u9999\uff0c\u4e0d\u4f1a\u81ed,\u6240\u4ee5\u53ef\u611b\u7684\u91d1\u91dd\u83c7\u4e0d\u7528\u6015\u81ed\u8c46\u8150\u5473\u9053\u3002"
        },
        {
            "reply_id": "Ugzev6w7nleOeI4LGQl4AaABAg",
            "reply_content": "\u53ef\u611b\u6211\u7684\u9999\u83c7"
        },
        {
            "reply_id": "UgzQJ3BfhBegG_tEHRh4AaABAg",
            "reply_content": "\u53ef\u611b\u6211\u7684\u9999\u83c7"
        },
        {
            "reply_id": "UgwZnPae15bFbZXx8dt4AaABAg",
            "reply_content": "\u6bcf\u5e74\u90fd\u6703\u548c\u540c\u4e8b\u5718\u8cfc\u738b\u6c34\u6210\u81ed\u8c46\u8150\n\u5c07\u849c\u9999\u548c\u9ebb\u8fa3\u53e3\u5473\u4e00\u8d77\u716e\u7576\u934b\u5e95,\u8d85\u597d\u5403\u263a"
        },
        {
            "reply_id": "UgzrqbAK5GF1M8xhkqZ4AaABAg",
            "reply_content": "\u8521\u963f\u560e\u611b\u81ed\u8c46\u8150"
        },
        {
            "reply_id": "Ugy6NJzbELzZq9ecEJR4AaABAg",
            "reply_content": "\u83c7\u83c7 \u81ed\u8c46\u8150\u5f88\u597d\u5403\u7684 \u4f46\u97d3\u570b\u7684\u7f8e\u98df\u53f0\u7063\u4eba\u4e5f\u4e0d\u898b\u5f97\u90fd\u80fd\u63a5\u53d7\u56c9 \u5c31\u9084\u597d\u56c9"
        },
        {
            "reply_id": "UgyPd5A1OgJW_tYYGKJ4AaABAg",
            "reply_content": "\u9084\u6709\u81ed\u8c46\u8150\u51b0\u6dc7\u6dcb"
        },
        {
            "reply_id": "UgwPmz4QJMzw9_zPBNJ4AaABAg",
            "reply_content": "\u70b8\u7684\u81ed\u8c46\u8150\u662f\u54ac\u958b\u81ed\u5473\u624d\u6703\u5674\u51fa\uff0c\u84b8\u7684\u662f\u4e00\u4e0a\u684c\u5c31\u662f\u76f4\u64ca"
        },
        {
            "reply_id": "Ugz9hB5bD8jE3116mQN4AaABAg",
            "reply_content": "\u6c92\u6709\u5403\u5230\u6700\u7d93\u5178\u7684\u9ebb\u8fa3\u81ed\u8c46\u8150\u55da\u55da\u55da"
        },
        {
            "reply_id": "UgxLmnul5BvPf_OSM9V4AaABAg",
            "reply_content": "\u80cc\u666f\u97f3\u8ddf\u4eba\u8072\u7684\u6bd4\u4f8b\u4e0d\u5c0d\uff0c\u4e0d\u77e5\u9053\u662f\u4e0d\u662f\u56e0\u70ba\u51fa\u5916\u666f\uff0c\u4eba\u8072\u7684\u8072\u97f3\u592a\u5c0f\u6216\u662f\u80cc\u666f\u97f3\u7684\u8072\u97f3\u592a\u5927\uff0c\u5efa\u8b70\u8abf\u4e00\u4e0b\u6703\u66f4\u597d"
        },
        {
            "reply_id": "UgyC-Bzf8LWIviXnID54AaABAg",
            "reply_content": "\u57fa\u9686\u5edf\u53e3\u591c\u5e02\u5f70\u9280\u65c1\u7684\u81ed\u8c46\u8150\u5f88\u597d\u5403"
        },
        {
            "reply_id": "UgxcWMr0dO_7aZYqXVt4AaABAg",
            "reply_content": "\u606d\u559c\u8d70\u7d05\u6bef"
        },
        {
            "reply_id": "Ugz_I0j7_b9v4L49Yqp4AaABAg",
            "reply_content": "\u6bcf\u6b21\u53bb\u6df1\u5751\uff0c\u6211\u90fd\u6703\u53bb\u738b\u6c34\u6210\u8cb7\u9ebb\u8fa3\u8ddf\u849c\u5473\u81ed\u8c46\u8150\ud83d\ude02\u6211\u5c0f\u5b69\u4e5f\u5f88\u611b\uff0c\u4e5f\u53ea\u5403\u90a3\u5bb6\ud83d\ude02\ud83d\ude02"
        }
    ]
}