{
    "video_info": {
        "id": "i_nwZtl0gXw",
        "channelTitle": "\u97d3\u52fe\u311f\u91d1\u91dd\u83c7 \ucc10\uca50\uafb8",
        "title": "\u65e5\u672c\u4e00\u4eba\u623f\u81e5\u92ea\u5217\u8eca9\u5c0f\u6642\u642d\u4e58\u8a18\ud83d\udd25\u9084\u80fd\u6d17\u6fa1\u6d17\u5f97\u9999\u5674\u5674\uff01\u8eba\u8457\u4eab\u53d7\u65e5\u672c\ud83c\uddef\ud83c\uddf5\uff5c\u97d3\u52fe\u311f\u91d1\u91dd\u83c7 \ucc10\uca50\uafb8",
        "description": "\u9019\u6b21\u53bb\u65e5\u672c\u7684\u6700\u5927\u76ee\u7684\uff01\uff01\uff01\n\u642d\u81e5\u92ea\u706b\u8eca\u653e\u7f8e\u808c\u5047\u53bb\u770b\u7028\u6236\u5167\u6d77\u2665\ufe0f\u2665\ufe0f\u6709\u5920\u6d6a\u6f2b\uff5e\uff5e\n\u6211\u771f\u7684\u89ba\u5f97\u53ef\u4ee5\u591a\u642d\u500b\u4e00\u5929\u8036 \u8d85\u611b\u7684\uff01\n\u9019\u6b21\u7684\u5c0f\u5925\u4f34Bifesta\u78a7\u83f2\u7d72\u7279\u5373\u6de8\u5378\u599d\u68c9\u771f\u7684\u662f\u6211\u5e73\u5e38\u6bcf\u5929\u6bcf\u5929\u5728\u7528\u7684\n\u7279\u5225\u662f\u53bb\u65c5\u904a\u7684\u6642\u5019\u5f88\u65b9\u4fbf \u63a8\u85a6\u7d66\u5927\u5bb6\uff01\uff01\uff01\n\u4e00\u8d77\u8b93\u808c\u819a\u653e \u7f8e\u808c\u5047\u597d\u597d\u547c\u5438\u4f11\u606f\u4e00\u6ce2\uff01\n\u64e6\u5b8c\u4e0d\u4e7e\u53c8\u4e0d\u6703\u592a\u9ecf\uff5e\u4e5f\u53ef\u4ee5\u5378\u7684\u4e7e\u4e7e\u6de8\u6de8\uff01\u2665\ufe0f\u2665\ufe0f100\u5206\uff01\u6709\u8208\u8da3\u53ef\u4ee5\u5230\u5404\u5927\u8ce3\u5834\u770b\u770b\u5594\uff5e\n\n\u73fe\u5728Bifesta\u78a7\u83f2\u7d72\u7279\u6709\u63d0\u4f9b\u9650\u91cf\u7684\u512a\u60e0\u7d66\u83c7\u7c89\n\u8ce3\u5834\u653e\u5728\u9019\u908a\uff0c\u6709\u8208\u8da3\u4e5f\u53ef\u4ee5\u770b\u770b~\nhttps://reurl.cc/DmW6jQ\n\nBifesta Fun\u500b\u7f8e\u808c\u5047\u62bd\u734e\u6d3b\u52d5\nhttps://reurl.cc/Rva6gZ\n\n\nSunrise \u8a02\u7968\u53ef\u4ee5\u770b\u9019\u500b\u7db2\u5740\uff1a\u6709\u4e2d\u6587\u5f88\u65b9\u4fbf\uff01\nhttps://www.westjr.co.jp/global/tc/ticket/overview/\n\n--------------------------------------------\n#Bifesta\u78a7\u83f2\u7d72\u7279 #\u5373\u6de8\u5378\u599d\u68c9#FUN\u500b\u7f8e\u808c\u5047\n#\u9ad8\u677e\n\n\n\u5e0c\u671b\u4f60\u5011\u559c\u6b61\u9019\u90e8\u5f71\u7247\n\u559c\u6b61\u5e6b\u6211\u8a02\u95b1\u6309\u8b9a\u5206\u4eab \u8a18\u5f97\u958b\u555f\u5c0f\u9234\u943a\u6536\u53d6\u65b0\u7247\u901a\u77e5\u5594\uff01\n\n\uff3f\uff3f\uff3f\uff3f\uff3f\uff3f\uff3f\uff3f\uff3f\uff3f\uff3f\uff3f\uff3f\uff3f\uff3f\uff3f\uff3f\uff3f\uff3f\uff3f\uff3f\n\n\u2b50\ufe0f\u91d1\u91dd\u83c7\u7684\u97d3\u570b\u7f8e\u98df\u54c1\u724c\uff1ahttps://www.kimkfoods.com\n\u2b50\ufe0f\u91d1\u5bb6\u311f\u5e03\u5e33\u99ac\u8eca\uff1ahttps://www.facebook.com/groups/2297603990535075/\n\u2b50\ufe0f\u91d1\u91dd\u83c7\u7684\u7c89\u5c08: https://www.facebook.com/Koreajinzhengu/\n\u2b50\ufe0f\u91d1\u91dd\u83c7\u7684IG: https://www.instagram.com/ggu__kim/\n\u2b50\ufe0f\u5408\u4f5c\u9080\u7d04\u8acb\u6d3dPressPlay\uff1ajinyoungkim@pressplay.cc\n\n\uff3f\uff3f\uff3f\uff3f\uff3f\uff3f\uff3f\uff3f\uff3f\uff3f\uff3f\uff3f\uff3f\uff3f\uff3f\uff3f\uff3f\uff3f\uff3f\uff3f\uff3f",
        "likeCount": "8706",
        "commentCount": "144",
        "viewCount": "484613"
    },
    "comments": [
        {
            "reply_id": "UgyGscHwxiki1D_zgA14AaABAg",
            "reply_content": "\u597d\u60f3\u642d\u81e5\u8216\u706b\u8eca\u54e6\ud83d\ude3b\u9435\u9053\u8ff7\u6703\u5f88\u611b"
        },
        {
            "reply_id": "Ugxx_xNrDjq3VAcxPAV4AaABAg",
            "reply_content": "\u9019\u4e0d\u662f\u881f\u7b46\u5c0f\u65b0\u88e1\u9762\u6709\u51fa\u73fe\u904e\u7684\u706b\u8eca\u55ce\uff1f\ud83d\ude06"
        },
        {
            "reply_id": "Ugw1g_f2seO4-B-_blB4AaABAg",
            "reply_content": "\u6211\u4e5f\u6709\u5403\u904e\u9ad8\u677e\u7684\u70cf\u9f8d\u9eb5\u3002\u5b83\u771f\u7684\u597d\u5403\u3002\u65e5\u672c\u4eba\u53bb\u9ad8\u677e\u7684\u6642\u5019\uff0c\u5927\u5bb6\u90fd\u901b\u5f88\u591a\u5e97\u5403\u70cf\u9f8d\u9eb5\uff01"
        },
        {
            "reply_id": "Ugw7C0xRn7lcEAfHB0h4AaABAg",
            "reply_content": "\u641e\u9322\u641e\u5230\u8b93\u53f0\u7063\u4eba\u5403\u4e09\u7d1a\u81f4\u764c\u7269\u7684\u7121\u826f\u7db2\u7d05\uff0c\u771f\u6709\u4f60\u7684\uff0c\u4e1f\u97d3\u570b\u4eba\u7684\u81c9..."
        },
        {
            "reply_id": "Ugxpt_CHjQgXibqG1rh4AaABAg",
            "reply_content": "\u53f0\u7063\u4e5f\u53ef\u4ee5\u8003\u616e\u767c\u552e\u9019\u7a2e\u985e\u5225\u8eca\u7968\uff0c\u4f46\u6539\u88dd\u5c31\u4e0d\u662f\u90a3\u9ebc\u7c21\u55ae\u56c9"
        },
        {
            "reply_id": "UgwNZPwqPsWarWuPqAB4AaABAg",
            "reply_content": "\u665a\u5b89"
        },
        {
            "reply_id": "UgzfHQn8xHgdm88OdNx4AaABAg",
            "reply_content": "\u9019\u5e7e\u5929\u6211\u4e5f\u53bb\u9ad8\u677e\u73a9\uff5e\n\u91d1\u91dd\u83c7\u63a8\u85a6\u7684\u9eb5\u5305\u8d85\u4eba\u4fbf\u7576 \n\u771f\u7684\u597d\u53ef\u611b \u800c\u4e14\u883b\u597d\u5403\u7684"
        },
        {
            "reply_id": "UgwifmuWoqqwf3RpkHt4AaABAg",
            "reply_content": "\u53c8\u60f3\u518d\u53bb\u65e5\u672c\u4e86\ud83e\udd23"
        },
        {
            "reply_id": "UgxYXkcTEZlBziRRnsN4AaABAg",
            "reply_content": "\u6d17\u6fa1\u90a3\u500b\u53ef\u4ee5\u6309\u66ab\u505c\u9375\ud83d\ude02\u8981\u6c96\u6c34\u624d\u6309\u958b\u59cb\ud83d\ude02\u4e0d\u6c96\u6c34\u7684\u6642\u5019\uff0c\u6bd4\u5982\u64e6\u80a5\u7682\u5c31\u6309\u66ab\u505c\u9375\ud83d\ude02"
        },
        {
            "reply_id": "UgwZXGD6cBFxVGJElPV4AaABAg",
            "reply_content": "\u91d1\u91dd\u83c7\u770b\u5230\u9810\u544a\uff0c\u59b3\u53c3\u52a0\u4e86\u6975\u5cf6\u68ee\u6797\uff0c\u597d\u671f\u5f85\u5594\uff01\u958b\u5fc3\u8036\uff01\u52a0\u6cb9\uff01"
        },
        {
            "reply_id": "Ugxm5x2r_69UcPeSAHB4AaABAg",
            "reply_content": "\u6211\u500b\u4eba\u662f\u6703\u5e36\u74b0\u4fdd\u9910\u5177\u5566\uff01\n\u56e0\u70ba\u6211\u5403\u9eb5\u689d\u7684\u6642\u5019\uff0c\u90fd\u4e0d\u7fd2\u6163\u7528\u5438\u7684\u6216\u4ef0\u982d\u5403\uff0c\u56e0\u70ba\u6211\u7121\u6cd5\u5f4e\u8170\u53ea\u80fd\u62ac\u982d\u633a\u80f8\u5403\u98ef\uff0c\u6240\u4ee5\u6e6f\u5319\u914d\u5408\u7b77\u5b50\u662f\u6211\u7528\u9910\u7684\u6a19\u914d\uff01\n\u53e6\u5916\u4e00\u7a2e\u539f\u56e0\u662f\u6211\u89ba\u5f97\u7528\u9910\u767c\u51fa\u7684\u566a\u97f3\uff0c\u8b93\u6211\u89ba\u5f97\u614c\u5f35\u8207\u53ad\u60e1\uff01\n\u4ee5\u524d\u7684\u9577\u5b98\u5403\u9eb5\u90fd\u7279\u5225\u559c\u6b61\u7528\u5438\u7684\uff0c\u547c\u5695\u547c\u5695\u767c\u51fa\u8072\u97f3\uff0c\u6e6f\u6c41\u90fd\u6703\u5674\u7684\u6eff\u684c\u4e4b\u5f8c\u53c8\u6703\u88dc\u4e00\u53e5\uff1a\u5403\u9eb5\u5c31\u662f\u8981\u9019\u6a23\u624d\u597d\u5403\uff0c\u800c\u6211\u5247\u662f\u9ed8\u9ed8\u7684\u5403\u81ea\u5df1\u7684\uff01"
        },
        {
            "reply_id": "Ugz_HZDyb9KzbFwrBDZ4AaABAg",
            "reply_content": "\u539f\u672c\u9084\u5728\u8003\u616e\u4eca\u5e74\u5341\u4e00\u6708\u8981\u53bb\u5ca1\u5c71\u3001\u4eac\u90fd\u9084\u662f\u9ad8\u677e\uff0c\u770b\u5230\u91d1\u91dd\u83c7\u7684\u5f71\u7247\uff0c\u89ba\u5f97\u9019\u662f\u500bsign\uff0c\u5c31\u6c7a\u5b9a\u53bb\u9ad8\u677e\u4e86"
        },
        {
            "reply_id": "UgzhcZOC7Pm4zBHx19t4AaABAg",
            "reply_content": "\u5378\u599d\u68c9\u883b\u50b7\u76ae\u819a\u7684\u54c8\u54c8\u54c8\u54c8\u5f8c\u4f86\u9084\u662f\u56de\u6b78\u624b\u6307\u63a5\u89f8\u5f0f\u7684\u5378\u599d\ud83e\udd23"
        },
        {
            "reply_id": "UgzKcdr-48nh-VftGDB4AaABAg",
            "reply_content": "\u771f\u7684\u597d\u9177\u54e6"
        },
        {
            "reply_id": "UgyQA7rPobMOm7k4kgJ4AaABAg",
            "reply_content": "\u6211\u60f3\u8cb7\u5378\u599d\u68c9\uff0c\u8acb\u554f\u3127\u4e0b\u5c08\u5c6c\u512a\u60e0\u78bc"
        },
        {
            "reply_id": "UgwgNnzHGysVY56c1ap4AaABAg",
            "reply_content": "\u642d\u9019\u500b\u706b\u8eca\u662f\u6211\u7684\u9858\u671b,\u800c\u4e14\u8981\u53bb\u5ca1\u5c71\u770b\u706b\u8eca\u5206\u96e2XD\u5e0c\u671b\u660e\u5e74\u53ef\u4ee5\u6210\u884c~"
        },
        {
            "reply_id": "UgyHPYDh8Z0Wt0YpyZR4AaABAg",
            "reply_content": "\u611f\u89ba\u597d\u597d\u73a9\u5594\ud83e\udd7a"
        },
        {
            "reply_id": "UgyxhBhd2FH5ucn5NFR4AaABAg",
            "reply_content": "\u5c0d\u65bc\u5f88\u4e7e\u6de8\u7684\u8a55\u8a9e\u2018\u53ea\u662f\u9084\u4e0d\u932f\u2019\u90a3\u5230\u5f88\u597d\u8981\u5230\u4ec0\u9ebc\u7a0b\u5ea6\uff1f"
        },
        {
            "reply_id": "UgyLOjR5qy1F3IwDXmN4AaABAg",
            "reply_content": "\u7d93\u7d00\u4eba\u4e5f\u597d\u53ef\u611b\u54c8\u54c8\u54c8\u54c8\u54c8"
        },
        {
            "reply_id": "UgxzaCGASlZXRSFoBxd4AaABAg",
            "reply_content": "\u597d\u50cfx\u5149\u6aa2\u67e5\u7684\u8863\u670d\u5537\ud83d\ude02"
        }
    ]
}