{
    "video_info": {
        "id": "iHddJYXZ994",
        "channelTitle": "\u97d3\u52fe\u311f\u91d1\u91dd\u83c7 \ucc10\uca50\uafb8",
        "title": "\u5916\u7c4dytbr\u5927\u96c6\u5408\uff01\u7a76\u7adf\u8ab0\u5728\u53f0\u7063\u6df7\u6700\u597d\ud83c\uddf9\ud83c\uddfc\uff1f\uff01\u7206\u7b11\u5916\u570b\u4eba\u540c\u6a02\u6703\ud83d\ude02\ud83d\ude02\ud83d\ude02\u6ce8\u610f\u97f3\u91cf\uff5c\u97d3\u52fe\u311f\u91d1\u91dd\u83c7 \ucc10\uca50\uafb8",
        "description": "\u670b\u53cb\u5011\u7684\u983b\u9053\uff01 \u6b61\u8fce\u5927\u5bb6\u8ffd\u8e64\u5537\uff01\n\n\ud83c\udf1f\u963f\u90e8\u746a\u5229\u4e9e\uff1ahttps://www.youtube.com/@MariaAbe\n\ud83c\udf1f\u53f0\u7063\u5c0b\u5947\uff1ahttps://www.youtube.com/@Tw-Universe\n\ud83c\udf1f\u54c7\u4fc2\u9ed1\u9f8d\uff1ahttps://www.youtube.com/@IG-594blackdragon\n\ud83c\udf1fAlizabeth \u5a18\u5a18\uff1ahttps://www.youtube.com/@alizabethlin\n\ud83c\udf1f\u5922\u591a TV Mondo TV\uff1ahttps://www.youtube.com/@TVMondoTV/videos\n\n\n\u5e0c\u671b\u4f60\u5011\u559c\u6b61\u9019\u90e8\u5f71\u7247\n\u559c\u6b61\u5e6b\u6211\u8a02\u95b1\u6309\u8b9a\u5206\u4eab \u8a18\u5f97\u958b\u555f\u5c0f\u9234\u943a\u6536\u53d6\u65b0\u7247\u901a\u77e5\u5594\uff01\n\n\uff3f\uff3f\uff3f\uff3f\uff3f\uff3f\uff3f\uff3f\uff3f\uff3f\uff3f\uff3f\uff3f\uff3f\uff3f\uff3f\uff3f\uff3f\uff3f\uff3f\uff3f\n\n\u2b50\ufe0f\u91d1\u91dd\u83c7\u7684\u97d3\u570b\u7f8e\u98df\u54c1\u724c\uff1ahttps://www.kimkfoods.com\n\u2b50\ufe0f\u91d1\u5bb6\u311f\u5e03\u5e33\u99ac\u8eca\uff1ahttps://www.facebook.com/groups/2297603990535075/\n\u2b50\ufe0f\u91d1\u91dd\u83c7\u7684\u7c89\u5c08: https://www.facebook.com/Koreajinzhengu/\n\u2b50\ufe0f\u91d1\u91dd\u83c7\u7684IG: https://www.instagram.com/ggu__kim/\n\u2b50\ufe0f\u5408\u4f5c\u9080\u7d04\u8acb\u6d3dPressPlay\uff1ajinyoungkim@pressplay.cc\n\n\uff3f\uff3f\uff3f\uff3f\uff3f\uff3f\uff3f\uff3f\uff3f\uff3f\uff3f\uff3f\uff3f\uff3f\uff3f\uff3f\uff3f\uff3f\uff3f\uff3f\uff3f",
        "likeCount": "17390",
        "commentCount": "512",
        "viewCount": "827418"
    },
    "comments": [
        {
            "reply_id": "UgwI-IigQps9aSgDYUZ4AaABAg",
            "reply_content": "\u5893\u5f69\u66e6"
        },
        {
            "reply_id": "UgzM3LGrabP5CwFcyUN4AaABAg",
            "reply_content": "\u8d85\u5435\u8d85\u597d\u7b11\u54c8\u54c8\u54c8\u54c8\u54c8\uff0c\u90fd\u662f\u6eff\u6eff\u7684\u5c16\u53eb\uff0c\u6211\u5feb\u7b11\u6b7b"
        },
        {
            "reply_id": "Ugx5gIVjF9unpykUwxB4AaABAg",
            "reply_content": "\u53ef\u4ee5\u8acb\u6709\u4e95"
        },
        {
            "reply_id": "Ugx2xDNsJr0P-t0Gb4Z4AaABAg",
            "reply_content": "\u4e0b\u6b21\u53ef\u4ee5\u9080\u500b\u4f86\u81ea\u4e0a\u6d77\u7684\u6df7\u8840\u6bd4\u5229\u6642\u4eba"
        },
        {
            "reply_id": "Ugxjl72ebsWjKCcOGPJ4AaABAg",
            "reply_content": "\u770b\u5f97\u51fa\u4f86\u91d1\u91dd\u83c7\u4eba\u7de3\u5f88\u597d"
        },
        {
            "reply_id": "UgxHScQ66hWB2qbaFrJ4AaABAg",
            "reply_content": "\u5c31\u662f\u559c\u6b61\u770b\u5927\u5bb6\u9a5a\u6050\u7684\u6a23\u5b50\uff0c\u592a\u597d\u73a9\u4e86\uff01"
        },
        {
            "reply_id": "UgwRuGTLX_u9Qx27Ppd4AaABAg",
            "reply_content": "\u9ed1\u9f8d\u771f\u7684\u8d85\u7d1a\u597d\u7b11\uff38\uff24"
        },
        {
            "reply_id": "Ugx4NqN8-qAh7WOC8Sd4AaABAg",
            "reply_content": "\u65b0\u7af9\u4eba\u5927\u6012"
        },
        {
            "reply_id": "Ugy1ABEQRF_cO-z1vMl4AaABAg",
            "reply_content": "\u5a18\u5a18\u771f\u662f\u591c\u5e02\u4e4b\u738b\uff0c\u597d\u53b2\u5bb3\uff01"
        },
        {
            "reply_id": "UgxwlSirf7Yb25gNOS94AaABAg",
            "reply_content": "\u71b1\u9b27\u53c8\u7cbe\u5f69"
        },
        {
            "reply_id": "UgzhX2ErLwzly7kcqvF4AaABAg",
            "reply_content": "\u8d85\u597d\u7b11\u7684\u54c8\u54c8\u54c8"
        },
        {
            "reply_id": "UgyQz8HgfwDbbPL2vo14AaABAg",
            "reply_content": "\u679c\u7136\u7cbe\u5f69"
        },
        {
            "reply_id": "UgwvPu9cF4zUsFTyTHB4AaABAg",
            "reply_content": "\u597d\u7d9c\u85ddXD\u958b\u982d\u771f\u7684\u7b11\u7ffb\uff0c\u61c9\u8a72\u628a\u6c7d\u7403\u526a\u5728\u6700\u5f8c"
        },
        {
            "reply_id": "UgwqaDiU6RF2ZVF44m94AaABAg",
            "reply_content": "\u8acb\u554f\u91d1\u91dd\u83c7\uff0c\u6211\u60f3\u53bb\u97d3\u570b\u770b\u6f14\u5531\u6703\u8acb\u554f\u8981\u5982\u4f55\u8655\u7406\u624d\u80fd\u6709\u65b9\u5411\u77e5\u9053\u600e\u9ebc\u505a"
        },
        {
            "reply_id": "Ugy-QQo2q1pmB8apmLR4AaABAg",
            "reply_content": "\u91d1\u91dd\u83c7\u611f\u89ba\u7626\u4e86 \u9019\u500b\u9aee\u578b\u5f88\u597d\u770b \u5f88\u6f02\u4eae"
        },
        {
            "reply_id": "UgwI6bSdnp-Mo2j6DIp4AaABAg",
            "reply_content": "\u9ed1\u9f8d\u8ddf\u5922\u591a\u771f\u7684\u4e0d\u884c\u5566"
        },
        {
            "reply_id": "Ugyv2ZFR1B7HpUbrJxx4AaABAg",
            "reply_content": "\u9019\u7cfb\u5217\u771f\u7684\u597d\u770b \u597d\u597d\u7b11\ud83d\ude02"
        },
        {
            "reply_id": "UgzjruQ1l7WTZS1ufat4AaABAg",
            "reply_content": "\u592a\u597d\u7b11\u4e86\uff01\u6c92\u60f3\u5230\u5927\u5bb6\u5c0d\u6ce1\u9eb5\u9019\u9ebc\u61c2\ud83e\udd23"
        },
        {
            "reply_id": "UgxuruWJIPWSUdi0bKt4AaABAg",
            "reply_content": "\u6211\u611f\u89ba\u7537\u85dd\u4eba\u8ddf\u6b4c\u624b\u4e0d\u662f\u4ed6\u5011\u7684\u932f\n\u56e0\u70ba\u6211\u4e5f\u4e0d\u77e5\u9053"
        },
        {
            "reply_id": "Ugy7h1rkO5FZYyBfDGZ4AaABAg",
            "reply_content": "\u53f0\u7063\u5973\u6b4c\u624b\uff1a\u708e\u4e9e\u7db8\uff1f"
        }
    ]
}