{
    "video_info": {
        "id": "iPiHrRBfkq4",
        "channelTitle": "\u97d3\u52fe\u311f\u91d1\u91dd\u83c7 \ucc10\uca50\uafb8",
        "title": "\u5077\u56de\u97d3\u570b\u7a81\u8972\u963f\u5b24\uff01\u770b\u5230\u5b6b\u5973\u7684\u53cd\u61c9\u662f\uff1f\uff1f\uff1f\ud83d\ude02\u8ddf\u845781\u6b72\u963f\u5b24\u884c\u7a0b\u4e00\u5929\uff5c\u97d3\u52fe\u311f\u91d1\u91dd\u83c7 \ucc10\uca50\uafb8",
        "description": "\u6bd4\u8f03\u5b89\u5168\u7684\u7a81\u8972\uff08\uff1f\uff09\u6210\u529f\uff01\uff01\uff01\u2764\ufe0f\n\u54c8\u54c8\u54c8\u963f\u5b24\u4e5f\u592a\u53ef\u611b\u4e86\u5566\uff5e\uff5e\u7d42\u65bc\u898b\u5230\u5979\u597d\u958b\u5fc3\uff01\uff01\n\u4ee5\u5f8c\u6703\u6709\u4e00\u7cfb\u5217\u963f\u5b24\u7684\u5f71\u7247 \u8acb\u5927\u5bb6\u591a\u591a\u671f\u5f85\u310c\uff5e\uff5e\n\u5f71\u7247\u4e2d\u7684CUBE App \u9032\u968e\u7528\u6cd5 \u5927\u5bb6\u6709\u7b46\u8a18\u55ce\uff1f\n-\u71df\u696d\u65e5\u6642\u95939:00~22:00\u5728CUBE App\u5167\u76f4\u63a5\u5916\u5e63\u63db\u532f\n-24hr\u5728\u5927\u53f0\u5317\u5730\u5340\u7684\u570b\u6cf0\u4e16\u83ef\u5916\u5e63ATM\u63d0\u9818\u7f8e\u3001\u65e5\u5143\u73fe\u9214\n-\u7dda\u4e0a\u958b\u7acb\u8b49\u5238\u6236\u8207\u8907\u59d4\u8a17\n-\u7121\u75db\u5b9a\u671f\u5b9a\u80a1\u7f8e\u80a1\u3001\u5b9a\u671f\u5b9a\u984d\u57fa\u91d1\u3001\u667a\u80fd\u6295\u8cc7\n\u9664\u6b64\u4e4b\u5916\u9084\u6709\u4fdd\u96aa\u7684\u529f\u80fd\n\u6709\u8208\u8da3\u53ef\u4ee5\u591a\u4e86\u89e3\u770b\u770b\u5594\uff01\n\u5e0c\u671b\u5927\u5bb6\u90fd\u80fd\u5efa\u7acb\u7b26\u5408\u81ea\u5df1\u7684\u7406\u8ca1\u65b9\u5f0f\u5537\n\n\u5feb\u4e0b\u8f09CUBE App \u9ad4\u9a57\u9032\u968e\u7528\u6cd5 https://reurl.cc/aVMpv9\n\n#\u570b\u6cf0\u4e16\u83efCUBEApp #CUBEApp \n#\u672c\u5f71\u7247\u7531\u570b\u6cf0\u4e16\u83ef\u9280\u884c\u8d0a\u52a9\u64ad\u51fa\n\u8b49\u5238\u670d\u52d9\u7531\u570b\u6cf0\u7d9c\u5408\u8b49\u5238\u63d0\u4f9bCUBE App\u662f\u7531\u570b\u6cf0\u4e16\u83ef\u9280\u884c\u5efa\u7f6e\n\u6295\u8cc7\u4e00\u5b9a\u6709\u98a8\u96aa\uff0c\u57fa\u91d1\u6295\u8cc7\u6709\u8cfa\u6709\u8ce0\uff0c\u7533\u8cfc\u524d\u61c9\u8a73\u95b1\u516c\u958b\u8aaa\u660e\u66f8\n\n\u5e0c\u671b\u4f60\u5011\u559c\u6b61\u9019\u90e8\u5f71\u7247\n\u559c\u6b61\u5e6b\u6211\u8a02\u95b1\u6309\u8b9a\u5206\u4eab \u8a18\u5f97\u958b\u555f\u5c0f\u9234\u943a\u6536\u53d6\u65b0\u7247\u901a\u77e5\u5594\uff01\n\n\uff3f\uff3f\uff3f\uff3f\uff3f\uff3f\uff3f\uff3f\uff3f\uff3f\uff3f\uff3f\uff3f\uff3f\uff3f\uff3f\uff3f\uff3f\uff3f\uff3f\uff3f\n\n\u2b50\ufe0f\u91d1\u91dd\u83c7\u7684\u97d3\u570b\u7f8e\u98df\u54c1\u724c\uff1ahttps://www.kimkfoods.com\n\u2b50\ufe0f\u91d1\u5bb6\u311f\u5e03\u5e33\u99ac\u8eca\uff1ahttps://www.facebook.com/groups/2297603990535075/\n\u2b50\ufe0f\u91d1\u91dd\u83c7\u7684\u7c89\u5c08: https://www.facebook.com/Koreajinzhengu/\n\u2b50\ufe0f\u91d1\u91dd\u83c7\u7684IG: https://www.instagram.com/ggu__kim/\n\u2b50\ufe0f\u5408\u4f5c\u9080\u7d04\u8acb\u6d3dPressPlay\uff1ajinyoungkim@pressplay.cc\n\n\uff3f\uff3f\uff3f\uff3f\uff3f\uff3f\uff3f\uff3f\uff3f\uff3f\uff3f\uff3f\uff3f\uff3f\uff3f\uff3f\uff3f\uff3f\uff3f\uff3f\uff3f",
        "likeCount": "23425",
        "commentCount": "612",
        "viewCount": "712315"
    },
    "comments": [
        {
            "reply_id": "UgzVpwhgztBPqHDLmhN4AaABAg",
            "reply_content": "\u59ca\u59ca\u597d\u6f02\u4eae~"
        },
        {
            "reply_id": "Ugyvq_qjKjZRYpf0POV4AaABAg",
            "reply_content": "\u8ddf\u963f\u5b24\u611f\u60c5\u597d\u597d\u54e6\u2764 \u60f3\u5ff5\u6211\u5929\u4e0a\u7684\u963f\u5b24\u4e86\ud83d\ude22"
        },
        {
            "reply_id": "Ugw7_Z_fUrMPugkg9Rd4AaABAg",
            "reply_content": "\u8ddf\u963f\u5b24\u9577\u5f97\u5f88\u50cf"
        },
        {
            "reply_id": "UgxQXPTfNrRrOnIpZsl4AaABAg",
            "reply_content": "\u5f88\u6f6e\u7684\u963f\u5b24\u8036\uff01\u6211\u963f\u5b24\u73fe\u5728\u9084\u5728\u7528\u8001\u4eba\u6a5f\ud83d\ude02"
        },
        {
            "reply_id": "UgyM_Mhmews7cySiNCd4AaABAg",
            "reply_content": "\u641e\u9322\u641e\u5230\u8b93\u53f0\u7063\u4eba\u5403\u4e09\u7d1a\u81f4\u764c\u7269\u7684\u7121\u826f\u7db2\u7d05\uff0c\u771f\u6709\u4f60\u7684\uff0c\u4e1f\u97d3\u570b\u4eba\u7684\u81c9..."
        },
        {
            "reply_id": "UgwOWutorWY_OCzTn2V4AaABAg",
            "reply_content": "\u963f\u5b24\u4e00\u6574\u5929\u5c31\u662f\u5728\u70ab\u8000\u5b6b\u5973\ud83d\ude02\ud83d\ude02"
        },
        {
            "reply_id": "UgyrkLHTjRniGZJCy2R4AaABAg",
            "reply_content": "\u963f\u5b24\u90fd\u4e00\u6a23!\u6211\u552f\u4e8c\u7684\u7834\u6d1e\u725b\u4ed4\u8932\u5c31\u90fd\u88ab\u963f\u5b24\u88dc\u597d\u4e86,\u9084\u662f\u624b\u5de5\u7e2b\u7684...\u6b32\u54ed\u7121\u6dda\u4e5f\u4e0d\u80fd\u8aaa\u751a\u9ebc\ud83d\ude05\ud83d\ude02\n\u6211\u5bb6\u963f\u5b24\u524d\u5e7e\u5e74\u4e5d\u5341\u4e09\u9ad8\u9f61\u4ed9\u901d\u4e86\ud83d\ude07,\u5f88\u61f7\u5ff5\u5979!\u5f88\u7fa8\u6155\u91d1\u91dd\u83c7\u9084\u53ef\u4ee5\u56de\u53bb\u62dc\u8a2a\u963f\u5b24!!\ud83e\udd70\n\u5c0d\u9577\u8f29.\u611b\u8981\u53ca\u6642!\ud83e\udd70\ud83e\udd70"
        },
        {
            "reply_id": "UgzjLIdPuJKwtc4xxhR4AaABAg",
            "reply_content": "\u597d\u641e\u7b11\u597d\u6eab\u99a8\u3002\u6703\u8ddf\u963f\u5b24\u89aa\u89aa\u7684\u5c0f\u5b69\u4e0d\u6703\u8b8a\u58de\u3002\ud83d\ude18"
        },
        {
            "reply_id": "UgxFo7AYUwr2n3VpStt4AaABAg",
            "reply_content": "\u73cd\u60dc\u7576\u4e0b\u3002"
        },
        {
            "reply_id": "Ugw8E6zM5TuHi3wZP1Z4AaABAg",
            "reply_content": "\u6eff\u6eff\u7684\u611b\uff0c\u5f88\u559c\u6b61\u770b\u59b3\u548c\u4f60\u5bb6\u4eba\u5728\u4e00\u8d77"
        },
        {
            "reply_id": "UgzJYaBRL7r32LAMzQx4AaABAg",
            "reply_content": "\u53f0\u7063\u4e5f\u6709\u84b8\u8db3\u5e97"
        },
        {
            "reply_id": "Ugwao_gieYGagLTt46R4AaABAg",
            "reply_content": "\u597d\u6709\u611b"
        },
        {
            "reply_id": "Ugw022ZFK41-MpnHEA54AaABAg",
            "reply_content": "\u770b\u5230\u5f88\u611f\u52d5\uff01"
        },
        {
            "reply_id": "UgzTRwmEza6xmsV-7494AaABAg",
            "reply_content": "\u6bcf\u6b21\u770b\u963f\u5b24\u7cfb\u5217\u90fd\u6703\u8d85\u611f\u52d5\u8d85\u60f3\u54ed\ud83d\ude2d\ud83d\ude2d"
        },
        {
            "reply_id": "Ugwf1KlTLMAfjMiZpcZ4AaABAg",
            "reply_content": "\u963f\u5b37\u7684\u611b\u8207\u6eab\u6696\u597d\u52d5,\u91d1\u91dd\u83c7\u597d\u5b5d\u9806\u8cbc\u5fc3..\u5f88\u559c\u6b61\u4f60\u5011\u7684\u4e92\u52d5\uff5e\u795d\u798f\u963f\u5b24\u51fa\u5165\u5e73\u5b89,\u8eab\u9ad4\u559c\u6a02\u5065\u5eb7\u904e\u6bcf\u4e00\u5929\uff3e\uff3e"
        },
        {
            "reply_id": "Ugww6bfKmCRb04Sji614AaABAg",
            "reply_content": "\u61c9\u8a72\u767c\u9650\u52d5\u8b93\u5979\u6709\u5fc3\u7406\u6e96\u5099\ud83d\ude02"
        },
        {
            "reply_id": "UgxRF9864S7tA44sTwl4AaABAg",
            "reply_content": "\u91d1\u91dd\u83c7\u770b\u5230\u963f\u5b24\u5f8c\u5b8c\u5b8c\u5168\u5168\u8b8a\u6210\u5c0f\u5b69\u5b50\ud83d\ude0d \u963f\u5b24\u7684\u773c\u795e\u6eff\u6eff\u7684\u611b\ud83d\udc93"
        },
        {
            "reply_id": "UgxHgDMvwUEC6mbN7CV4AaABAg",
            "reply_content": "\u770b\u5b8c\u5f71\u7247\uff0c\u6211\u597d\u60f3\u6211\u963f\u5b24\u554a\ud83d\ude22"
        },
        {
            "reply_id": "UgwXBDCiPiwbOeGGiUd4AaABAg",
            "reply_content": "\u54c8\u54c8\u54c8\u54c8\u54c8\u54c8\u54c8\u7b11\u6b7b\u963f\u5b24\u53ef\u611b\u5230\u4e0d\u884c\ud83d\ude02"
        },
        {
            "reply_id": "UgzEFDGWpJrvdy5wIDx4AaABAg",
            "reply_content": "\u7238\u7238\u8ddf\u963f\u5b24\u9577\u5f97\u597d\u50cf \u90fd\u597d\u548c\u85f9\u7684\u611f\u89ba \u90fd\u8d85\u53ef\u611b\u7684\u5566"
        }
    ]
}