{
    "video_info": {
        "id": "iS8VEKvue8w",
        "channelTitle": "\u97d3\u52fe\u311f\u91d1\u91dd\u83c7 \ucc10\uca50\uafb8",
        "title": "\u97d3\u570b\u660e\u661f10CM\u4e00\u4e0b\u98db\u6a5f\u5c31\u5e36\u4ed6\u9ad4\u9a57\u53f0\u7063\u9152\u5bb6\u83dc+\u90a3\u5361\u897f\u6587\u5316\ud83d\udd25\uff1a\u592a\u4e0d\u771f\u5be6\uff5c\u97d3\u52fe\u311f\u91d1\u91dd\u83c7 \ucc10\uca50\uafb8",
        "description": "\u6211\u7adf\u7136\u548c\u97d3\u570b\u60c5\u6b4c\u738b\u5b5010CM\u4e00\u8d77\u62cd\u651d\uff01\uff01\uff01\uff01\ud83c\uddf0\ud83c\uddf7\ud83d\udcab\ud83e\udef6\ud83d\ude3b\ud83d\udd25\n\u53f0\u7063\u670b\u53cb\u5011\u4e00\u5b9a\u807d\u904e\u4ed6\u7684\u6b4c \ud83c\udfb5\u559c\u6b61\u6625\u5929\u55ce\uff1f\n\u300a\u90a3\u5e74\uff0c\u6211\u5011\u7684\u590f\u5929\u300b\u300a\u611b\u7684\u8feb\u964d\u300b\u7b49\u597d\u591aOST\u90fd\u662f\u4ed6\u5531\u7684\u55ce\u5c2c \u73fe\u5834\u4e5f\u662f\u6709\u5920\u5f37\uff01\uff01\uff01\n\n\u4eca\u5929YT\u5373\u5c07\u516c\u958b \u4ed6\u8981\u958b\u6f14\u5531\u6703\u4e4b\u524d\n\u6211\u5e36\u4ed6\u53bb\u4e00\u500b\u5f88\u795e\u79d8\u7684\u5730\u65b9\ud83d\ude05\u5275\u9020\u591a\u4e00\u500b\u53f0\u7063\u56de\u61b6\n\u4ed6\u8aaa\u5f88\u4e0d\u73fe\u5be6 \u4e0d\u7fd2\u6163\u554a\u54c8\u54c8\u54c8 \u5e0c\u671b\u4ed6\u6c92\u6709\u5687\u5230....\ud83e\udd23\n\n\u548c\u97d3\u570b\u85dd\u4eba\u62cd\u651d\u7e3d\u662f\u7dca\u5f35\n\u56e0\u70ba\u6211\u4e0d\u662f\u4e00\u500b\u5f88\u597d\u7b11\u7684\u4eba \u6015\u751f \u6015\u5c37\u5c2c.....\n\u66f4\u53ef\u6015\u7684\u662f \u9019\u6b21\u662f\u6211\u7b2c\u4e00\u6b21\u5168\u7a0b\u7528\u97d3\u6587\u4e3b\u6301\uff08\uff1f\uff09\u6211\u8981\u760b\u6389\ud83d\ude43\ud83d\ude43\ud83e\udd72\ud83e\udd72\ud83e\udd72\ud83e\udd72\n\u6211\u76e1\u6211\u6240\u80fd\u529b\u4e86 \u5e0c\u671b\u53ef\u4ee5\u8d81\u9019\u6b21\u6a5f\u6703\u591a\u591a\u6210\u9577\uff01\uff01\uff01\uff01\uff01\n\u8acb\u4f60\u5011\u591a\u591a\u652f\u6301\uff5e\uff5e\uff5e\ud83d\ude4f\n\n#10CM #\u6b0a\u6b63\u70c8 \nYT\n[Instagram]\nhttps://www.instagram.com/hi990103/\nhttps://www.instagram.com/10cm_official/\n[Youtube]\nhttps://zrr.kr/xzJa\n[Spotify]\nhttps://zrr.kr/kAXa\n#\u97d3\u52fe\u311f\u91d1\u91dd\u83c7\n\n\n\u5e0c\u671b\u4f60\u5011\u559c\u6b61\u9019\u90e8\u5f71\u7247\n\u559c\u6b61\u5e6b\u6211\u8a02\u95b1\u6309\u8b9a\u5206\u4eab \u8a18\u5f97\u958b\u555f\u5c0f\u9234\u943a\u6536\u53d6\u65b0\u7247\u901a\u77e5\u5594\uff01\n\n\uff3f\uff3f\uff3f\uff3f\uff3f\uff3f\uff3f\uff3f\uff3f\uff3f\uff3f\uff3f\uff3f\uff3f\uff3f\uff3f\uff3f\uff3f\uff3f\uff3f\uff3f\n\n\u2b50\ufe0f\u91d1\u91dd\u83c7\u7684\u97d3\u570b\u7f8e\u98df\u54c1\u724c\uff1ahttps://www.kimkfoods.com\n\u2b50\ufe0f\u91d1\u5bb6\u311f\u5e03\u5e33\u99ac\u8eca\uff1ahttps://www.facebook.com/groups/2297603990535075/\n\u2b50\ufe0f\u91d1\u91dd\u83c7\u7684\u7c89\u5c08: https://www.facebook.com/Koreajinzhengu/\n\u2b50\ufe0f\u91d1\u91dd\u83c7\u7684IG: https://www.instagram.com/ggu__kim/\n\u2b50\ufe0f\u5408\u4f5c\u9080\u7d04\u8acb\u6d3dPressPlay\uff1ajinyoungkim@pressplay.cc\n\n\uff3f\uff3f\uff3f\uff3f\uff3f\uff3f\uff3f\uff3f\uff3f\uff3f\uff3f\uff3f\uff3f\uff3f\uff3f\uff3f\uff3f\uff3f\uff3f\uff3f\uff3f",
        "likeCount": "19369",
        "commentCount": "675",
        "viewCount": "540453"
    },
    "comments": [
        {
            "reply_id": "Ugz7jJEUl2YETtdd1cR4AaABAg",
            "reply_content": "\u5f9e\u4ee5\u524d\u5c31\u8d85\u559c\u6b61\u6b0a\u6b63\u70c8\u7684\u2764\u5e0c\u671b\u518d\u4f86\u958b\u6f14\u5531\u6703"
        },
        {
            "reply_id": "UgwokLmcpsif9Veq2fJ4AaABAg",
            "reply_content": "\u9019\u4f4d\u662f\u4e0d\u662f\u5531\u55ae\u8eab\u72d7\u4e4b\u6b4c\u5594\u4e0d\uff0c\u662f\u559c\u6b61\u6625\u5929\u55ce\uff1f\u7684\u90a3\u4f4d\uff1f\u66fe\u7d93\u770b\u904e\u4ed6\u53bb\u52de\u8ecd\u7684\u5f71\u7247\ud83d\ude02"
        },
        {
            "reply_id": "Ugy-nZOqq6zeM_nvGch4AaABAg",
            "reply_content": "\u91d1\u91dd\u83c7\u8d85\u7626 \u611f\u89ba\u6c92\u6709\u597d\u597d\u5403\u98ef"
        },
        {
            "reply_id": "UgxdEi5VaDU8bPG6r0J4AaABAg",
            "reply_content": "\u72a7\u7272\u771f\u5927\ud83d\ude02"
        },
        {
            "reply_id": "UgzImVoipkKF6BOFf4t4AaABAg",
            "reply_content": "\u91d1\u91dd\u83c7 \u9019\u500b\u5b78\u751f\u6253\u626e\u5f88\u6e05\u7d14\u8036"
        },
        {
            "reply_id": "UgyiH64T9MFNYIEtkJd4AaABAg",
            "reply_content": "\u91d1\u91dd\u83c7\u5fd8\u8a18\u5e72\u8c9d\u7684\u97d3\u6587\u600e\u9ebc\u8aaa\u4e5f\u592a\u53ef\u611b\u4e86\u5427\u2764"
        },
        {
            "reply_id": "Ugy0gfGPBwT_25GpEC54AaABAg",
            "reply_content": "\u77ed"
        },
        {
            "reply_id": "Ugx7A76iIJibgdC7KOp4AaABAg",
            "reply_content": "\u6b0a\u6b63\u70c8\u771f\u7684\u5f88\u6703\u5531\uff01"
        },
        {
            "reply_id": "UgwBX05JomFHTBTsl-14AaABAg",
            "reply_content": "\u83c7\u83c7\u771f\u7684\u592a\u68d2\u4e86"
        },
        {
            "reply_id": "UgxC3Spx55bFAperFYl4AaABAg",
            "reply_content": "\u5531\u53f0\u8a9e\u8036\uff0c\u597d\u53b2\u5bb3\u54e6\u3002\ud83e\udd29\u91d1\u91dd\u83c7\uff0c\u6211\u672c\u4f86\u5f88\u770b\u597d\u59b3\u7684\uff0c\u4e0d\u662f\u5531\u5f97\u597d\u597d\u7684\u55ce\uff1f\u600e\u9ebc\u6700\u5f8c\u5c31\u5531\u4e0d\u4e0b\u53bb\u4e86\u5462\uff1f\ud83e\udd23"
        },
        {
            "reply_id": "UgzbH3ACGQ5pXWcjyB54AaABAg",
            "reply_content": "\u597d\u597d\u807d\u5594\uff0c\u91d1\u91dd\u83c7\u5f88\u8b9a\u8036\uff0c\u8d85\u7528\u5fc3\u7684"
        },
        {
            "reply_id": "Ugxih6XmOtAJmaEcUeF4AaABAg",
            "reply_content": "\u9019\u54e5\u771f\u7684\u662f\u8d8a\u6d3b\u8d8a\u5e74\u8f15\ud83d\ude2e"
        },
        {
            "reply_id": "UgyP9L08PQVqcb3YXW54AaABAg",
            "reply_content": "\u6b0a\u6b63\u70c8\u554a\u554a\u554a\u554a\u554a\u554a\u554a\u554a\u554a\u2764\ud83d\ude22"
        },
        {
            "reply_id": "UgwdQZF5A7W-Kfa7mUF4AaABAg",
            "reply_content": "\u572880\u5e74\u4ee5\u524d\u6d12\u5bb6\u83dc\u662f\u8f03\u9ad8\u7d1a\u9ad8\u50f9\u4f4d\u7684\u53f0\u83b1\uff0c\u662f\u9054\u5b98\u8cb4\u65cf\u6709\u9322\u4eba\u5403\u7684\uff0c\u6bd4\u6c11\u9593\u8fa6\u684c\u7684\u83b1\u8272\u9084\u8981\u7cbe\u7dfb\uff0c\u65e9\u671f\u7684\u6d12\u5bb6\u83dc\u624b\u8def\u83b1\uff0c\u8001\u5e2b\u50b3\u5927\u90fd\u53bb\u901d\u4e86\uff0c\u53a8\u85dd\u4ee5\u5931\u50b3\u5df1\u7d93\u5feb\u7d55\u8de1\u4e86\uff0c\u73fe\u5728\u7684\u6d12\u5bb6\u83dc\u5df2\u6c92\u50cf80\u5e74\u524d\u90a3\u9ebc\u7cbe\u7dfb\u4e86\uff0c\u6d12\u5bb6\u4e5f\u5c11\u4e86\u5f88\u591a\uff0c\u5927\u53a8\u90fd\u5f80\u5927\u98ef\u5e97\u5927\u9910\u807d\u3002"
        },
        {
            "reply_id": "UgxsSgOYuE8rxP-XcNR4AaABAg",
            "reply_content": "\u91d1\u91dd\u83c7\u5531\u7684\u5f88\u597d\uff0c\u5f88\u597d\u807d\uff0c\u9019\u9996\u6b4c\u662f\u975e\u5e38\u77e5\u540d\u7684\u8001\u6b4c\uff0c\u59b3\u628a\u9019\u9996\u6b4c\u8a6e\u91cb\u7684\u76f8\u7576\u597d\uff0c\u9019\u4f4d\u97d3\u570b\u500b\u6b4c\u624b\u4e5f\u662f\u76f8\u7576\u6709\u5be6\u529b\uff0c\u5531\u7684\u5f88\u68d2\uff0c\u795d\u798f\u4ed6\u5728\u53f0\u7063\u7684\u6f14\u5531\u6703\uff0c\u5713\u6eff\u6210\u529f"
        },
        {
            "reply_id": "Ugwk-rdIGwHdoRVmR0t4AaABAg",
            "reply_content": "\u5f88\u559c\u6b61\u83c7\u83c7\u7684\u9019\u6b21\u4f01\u5283\ud83d\ude0a"
        },
        {
            "reply_id": "UgyLhUTmtfb2sz6uF0Z4AaABAg",
            "reply_content": "\u652f\u6301\u91d1\u91dd\u83c7\u5e36\u66f4\u591a\u5916\u570b\u85dd\u4eba\u6216\u7db2\u7d05\u5728\u53f0\u7063\u5230\u8655\u8dd1\u900f\u900f\ud83d\ude06\ud83d\ude06\u8b93\u5927\u5bb6\u5f9e\u89c0\u5149\u5ba2\u884c\u7a0b\u5230\u8a8d\u8b58\u53f0\u7063\u7684\u6b77\u53f2\u8ddf\u6587\u5316\ud83c\udf89"
        },
        {
            "reply_id": "UgyFwSRGrLyGc6mRhUZ4AaABAg",
            "reply_content": "\u597d\u597d\u7b11\u7684\u83c7\u821e\u2764"
        },
        {
            "reply_id": "Ugw2KWDpWxmasV0GxvN4AaABAg",
            "reply_content": "\u5531\u6b4c\u4e5f\u592a\u597d\u807d\u4e86\u5427\ud83d\ude22"
        },
        {
            "reply_id": "UgyxSEdlM3fiuKoU4wR4AaABAg",
            "reply_content": "\u91d1\u91dd\u83c7\u597d\u68d2\uff0c\u4f60\u6703\u7d05"
        }
    ]
}