{
    "video_info": {
        "id": "izjzQUBhHiY",
        "channelTitle": "\u97d3\u52fe\u311f\u91d1\u91dd\u83c7 \ucc10\uca50\uafb8",
        "title": "\u516c\u958b\u6211\u7684\u300c\u77ed\u671f\u9ad8\u85aa\u300d\u5305\u5403\u5305\u4f4f\u97d3\u570b\u8cfa\u9322\u8a18....\ud83c\uddf0\ud83c\uddf7 \u86e4\u8823\u5730\u7344\uff5c\u97d3\u52fe\u311f\u91d1\u91dd\u83c7 \ucc10\uca50\uafb8",
        "description": "\ud83c\udf1f\u91d1\u5bb6\u311f\u65b0\u54c1\ud83c\udf1f\n#\u97d3\u5f0f\u70b8\u96de #\u97d3\u5f0f\u852c\u83dc\u714e\u9905 #\u97d3\u5f0f\u96dc\u83dc\u7c89\u7d72 #\u97d3\u5f0f\u6d77\u5e36\u82bd\n\u90fd\u662f\u6599\u7406\u5c0f\u767d\u5728\u5bb6\u96e3\u4ee5\u5f9e\u7121\u5230\u6709\u5b8c\u6210\u7684\u83dc\u8272\n\u73fe\u5728\u91d1\u5bb6\u311f\u90fd\u5e6b\u5927\u5bb6\u6599\u7406\u597d\u4e86\uff01\n\u53ea\u8981\u6709\u624b\u5c31\u6703\u7684\u8d85\u7c21\u55ae\u52a0\u71b1\u65b9\u6cd5\u5c31\u80fd\u5b8c\u6210\u73fe\u716e\u822c\u7f8e\u5473\ud83e\udd62\n\ud83d\udc49www.kimkfoods.com\n\n#\u6d0b\u91c0\u91ac\u70b8\u96de\u3001#\u80af\u74ca\u91ac\u70b8\u96de\n\ud83c\udf57\u91d1\u5bb6\u311f\u7279\u88fd\u7684\u97d3\u5f0f\u70b8\u96de\u53e3\u5473\n\ud83c\udf57\u6c23\u70b8\u934b\u70e4\u81f3\u91d1\u9ec3\uff0c\u6dcb\u91ac\u3001\u6cbe\u91ac\u90fd\u597d\u5403\n\n#\u97d3\u5f0f\u96dc\u83dc\u7c89\u7d72\n\ud83e\udd62\u4f7f\u7528\u97d3\u570b\u9032\u53e3\u7c89\u7d72Q\u5f48\u5c31\u50cf\u73fe\u716e\n\ud83e\udd62\u52a0\u51655\u7a2e\u852c\u83dc\uff0b\u8c6c\u8089\uff0c\u91ac\u6cb9\u3001\u767d\u6c41\u9ebb\u6cb9\u8abf\u5473\u8c50\u5bcc\u9999\u6c23\u6bd4\u7167\u9910\u5ef3\u7b49\u7d1a\n\ud83e\udd62\u5e73\u5e95\u934b\u52a0\u71b15\u5206\u9418\u5167\u4e0a\u684c\uff0c\u6709\u624b\u5c31\u6703\n\ud83e\udd62\u4e00\u5305\u5169\u4efd\uff01\u4e00\u500b\u4eba\u5403\u4e00\u4efd\u7576\u4e3b\u98df\u3001\u5169\u500b\u4eba\u5403\u7576\u914d\u83dc\n\n#\u97d3\u5f0f\u852c\u83dc\u714e\u9905\n\ud83e\udd62\u97d3\u570b\u904e\u5e74\u904e\u7bc0\u5fc5\u4e0d\u80fd\u5c11\u7684\u91cd\u8981\u83dc\u8272 \n\ud83e\udd62\u591a\u7a2e\u852c\u83dc\u52a0\u4e0a\u8584\u8106\u9905\u76ae\uff0c\u5403\u5f97\u5230\u852c\u83dc\u6e05\u751c \n\ud83e\udd62\u9644\u4e0a\u7368\u5bb6\u8abf\u88fd\u9999\u8fa3\u91ac\u6c41\u548c\u65b0\u9bae\u8525\u82b1\u3001\u8fa3\u6912\u7684\u9748\u9b42\u714e\u9905\u6cbe\u91ac\n\n#\u97d3\u5f0f\u539f\u5473\u6d77\u5e36\u82bd #\u97d3\u5f0f\u8fa3\u5473\u6d77\u5e36\u82bd \n\ud83d\udd25\u6d77\u5e36\u82bd\u52a0\u5165\u829d\u9ebb\u6cb9\u3001\u767d\u829d\u9ebb\u63d0\u5347\u9999\u6c23\n\ud83d\udd25\u8fa3\u5473\u3001\u539f\u5473\u5206\u5225\u52a0\u5165\u4e0d\u540c\u4f50\u6599\u589e\u52a0\u53e3\u5473\u5c64\u6b21\n\ud83d\udd25\u590f\u5929\u6dbc\u62cc\u83dc\u4e0d\u53ef\u6216\u7f3a\u7684\u97d3\u5f0f\u5c0f\u83dc\n\n-\n#\uae40\uc528\ub124 #\u91d1\u5bb6\u311f #\u97d3\u5f0f\u7f8e\u5473\u5728\u5bb6\u4eab\u7528\n\n\u5e0c\u671b\u4f60\u5011\u559c\u6b61\u9019\u90e8\u5f71\u7247\n\u559c\u6b61\u5e6b\u6211\u8a02\u95b1\u6309\u8b9a\u5206\u4eab \u8a18\u5f97\u958b\u555f\u5c0f\u9234\u943a\u6536\u53d6\u65b0\u7247\u901a\u77e5\u5594\uff01\n\n\uff3f\uff3f\uff3f\uff3f\uff3f\uff3f\uff3f\uff3f\uff3f\uff3f\uff3f\uff3f\uff3f\uff3f\uff3f\uff3f\uff3f\uff3f\uff3f\uff3f\uff3f\n\n\u2b50\ufe0f\u91d1\u91dd\u83c7\u7684\u97d3\u570b\u7f8e\u98df\u54c1\u724c\uff1ahttps://www.kimkfoods.com\n\u2b50\ufe0f\u91d1\u5bb6\u311f\u5e03\u5e33\u99ac\u8eca\uff1ahttps://www.facebook.com/groups/2297603990535075/\n\u2b50\ufe0f\u91d1\u91dd\u83c7\u7684\u7c89\u5c08: https://www.facebook.com/Koreajinzhengu/\n\u2b50\ufe0f\u91d1\u91dd\u83c7\u7684IG: https://www.instagram.com/ggu__kim/\n\u2b50\ufe0f\u5408\u4f5c\u9080\u7d04\u8acb\u6d3dPressPlay\uff1ajinyoungkim@pressplay.cc\n\n\uff3f\uff3f\uff3f\uff3f\uff3f\uff3f\uff3f\uff3f\uff3f\uff3f\uff3f\uff3f\uff3f\uff3f\uff3f\uff3f\uff3f\uff3f\uff3f\uff3f\uff3f",
        "likeCount": "8813",
        "commentCount": "236",
        "viewCount": "447083"
    },
    "comments": [
        {
            "reply_id": "UgzwerLT--ok2-GfpkN4AaABAg",
            "reply_content": "\u6211\u81ea\u5df1\u4e5f\u662f\u5b69\u5b50\u7684\u7238\u7238\uff0c\u5f88\u7406\u89e3\u83c7\u7238\u5fc3\u60c5"
        },
        {
            "reply_id": "UgygQbkbZet2ZD9uH3t4AaABAg",
            "reply_content": "\u4e00\u5bb6\u4eba\u90fd\u8f9b\u82e6\u4e86\u2026\u2026\u63a1\u86e4\u870a\n\n\u83c7\u7238\u5728\u76ee\u9001\u91d1\u91dd\u83c7\u6642\u5019\u6709\u9ede\u843d\u5bde\u8868\u60c5\ud83d\ude2f\n\u4e0d\u7528\u64d4\u5fc3\n\u91d1\u91dd\u83c7\u6703\u5728\u53f0\u7063\u5f88\u597d\u7684\uff01"
        },
        {
            "reply_id": "UgyUci4nYTBWEamiMsR4AaABAg",
            "reply_content": "\u807d\u59b3\u8aaa\u97d3\u6587\u597d\u4e0d\u7fd2\u6163\ud83d\ude02"
        },
        {
            "reply_id": "Ugwi40-cdA8KKCTKugx4AaABAg",
            "reply_content": "\u641e\u9322\u641e\u5230\u8b93\u53f0\u7063\u4eba\u5403\u4e09\u7d1a\u81f4\u764c\u7269\u7684\u7121\u826f\u7db2\u7d05\uff0c\u771f\u6709\u4f60\u7684\uff0c\u4e1f\u97d3\u570b\u4eba\u7684\u81c9..."
        },
        {
            "reply_id": "Ugwp5Dgyw3n11yejGrF4AaABAg",
            "reply_content": "\u65e5\u672c\u5c0f\u59d0\u6c23\u68ee\u68ee"
        },
        {
            "reply_id": "UgzNbI4c6JBDGnOkbid4AaABAg",
            "reply_content": "\u83c7\u59ca\u59ca \u597d\u4e45\u4e0d\u898b"
        },
        {
            "reply_id": "UgxpOYgnrVeBtbQdITB4AaABAg",
            "reply_content": "\u54c7\u592a\u68d2\u4e86\uff01\u5be6\u73fe\u86e4\u870a\u81ea\u7531\u4e86\uff01\u9019\u6a23\u5403\u771f\u723d"
        },
        {
            "reply_id": "Ugykurr8cECBmQx6jAN4AaABAg",
            "reply_content": "\u8ddf\u5bb6\u4eba\u4e00\u8d77\u4e0d\u7ba1\u505a\u4ec0\u9ebc\u90fd\u662f\u6700\u958b\u5fc3\u7684\u5566\ud83d\ude0a\n\u4e00\u6b21\u5403\u9019\u9ebc\u591a\u86e4\u870a\u597d\u723d\u5594"
        },
        {
            "reply_id": "Ugwr9CBeJgFXLtqzv1l4AaABAg",
            "reply_content": "\u4e00\u5bb6\u4eba\u611f\u60c5\u771f\u597d\u2764"
        },
        {
            "reply_id": "UgxYPTYy7r2inW696SJ4AaABAg",
            "reply_content": "\u6700\u8fd1\u90fd\u5f88\u4e45\u624d\u66f4\u65b0\uff0c\u5509\u55b2\uff01"
        },
        {
            "reply_id": "UgxFKCpn-KiE_-HiIGx4AaABAg",
            "reply_content": "\u53f0\u7063\u4e0d\u77e5\u9053\u6709\u6c92\u6709\u6316\u86e4\u870a\u7684\u5730\u65b9 \u770b\u4e86\u6211\u4e5f\u597d\u60f3\u6316"
        },
        {
            "reply_id": "UgxEVop5-SW0Hl_6khV4AaABAg",
            "reply_content": "\u91d1\u91dd\u83c7\u662f\u4e0d\u662f\u8b8a\u80d6\u4e86\uff1f"
        },
        {
            "reply_id": "UgwM6m_QBqZC3dLWFyF4AaABAg",
            "reply_content": "\u4e0d\u662f\u5427\uff0c\u81fa\u7063\u7684\u5f70\u5316\u4e5f\u53ef\u4ee5\u6316\u5440\uff01\u800c\u4e14\u6709\u4eba\u60c5\u5473\uff0c"
        },
        {
            "reply_id": "Ugw2Sxvav9Oot2L0F9R4AaABAg",
            "reply_content": "\u8eab\u70ba\u86e4\u870a\u72c2\u71b1\u8005\uff0c\u592a\u60f3\u5403\u4e86\ud83d\ude02"
        },
        {
            "reply_id": "UgzOY_76UdvYRiEYjEN4AaABAg",
            "reply_content": "\ud83d\ude02\ud83d\ude02\u8ddf\u6211\u5bb6\u4eba\u56de\u5916\u5a46\u5bb6\u7684\u611f\u89ba\u4e00\u6a23\uff0c\u53ea\u662f\u6211\u5011\u662f\u64bf\u6d77\u87ba\u7684\u70cf\u87ba\u3002\u904b\u6c23\u597d\u53ef\u4ee5\u6293\u5230\u8766\u5b50\uff0c\u76f4\u63a5\u6d77\u908a\u751f\u5403\u3002"
        },
        {
            "reply_id": "UgyCKr5iNyocAL8nqA14AaABAg",
            "reply_content": "\u6709\u8ca0\u8a55\u55ce\uff1f\u96d6\u7136\u91d1\u91dd\u83c7\u7c89\u7d72\u7834\u767e\u842c\u4e86\uff0c\u4f46\u662f\u770b\u5230\u9019\u4e00\u96c6\u5f8c\uff0c\u96d6\u7136\u6703\u88ab\u5176\u5b83\u7c89PPPP\u6211\uff0c\u4f46\u9084\u662f\u7559\u4e00\u4e0b\u611f\u8a00\uff0c\u6108\u591a\u8ffd\u8e64\u7684YT\u5ee3\u544a\u6108\u591a\uff0c\u5149\u770b\u8df3\u904e\uff0c\u4e00\u7247\u5c31\u597d\u5e7e\u6bb5\u4e86\uff0c\u4f46\u662f\u91d1\u91dd\u83c7\u7684\u7f6e\u5165\u6027\u5ee3\u544a\u53c8\u4e0d\u80fd\u8df3\u904e\uff0c\u6211\u4e0d\u77e5\u8a72\u8aaa\u4ec0\u9ebc\u8036\uff01 \u611f\u89ba \u6211\u6709\u7a2e\u5931\u53bb \u7576\u521d\u770b\u91d1\u91dd\u83c7\u7684\u71b1\u8877\u4e86\u2026\u6709\u9ede\u8b93\u6211\u60f3\u6389\u7c89\u4e86\u5427\uff0c\u6389\u5012\u6211\u2026\u600e\u9ebc\u8fa6\u2026\ud83e\udd14\ud83e\udd14"
        },
        {
            "reply_id": "UgyG4-HHy22Xq_Ewgbt4AaABAg",
            "reply_content": "\u5f88\u5feb\u5c31\u4f1a\u6709\u4eba\u6210\u7fa4\u7ed3\u961f\u628a\u5168\u90e8\u6316\u5149\ud83d\ude02"
        },
        {
            "reply_id": "UgxeUTDXjkH7zplVkhZ4AaABAg",
            "reply_content": "\u83c7\u5bb6\u6d3b\u52d5\u2764\u770b\u51fa\u4f86\u5f88\u7d2f\u4f46\u4e5f\u597d\u958b\u5fc3\u554a\uff01\u6211\u4e5f\u597d\u611b\u5403\u86e4\u870a\u8036\uff01\uff08\u53e3\u6c34\u90fd\u6d41\u51fa\u4f86\u4e86"
        },
        {
            "reply_id": "Ugy4WjunUSvDr9okSyp4AaABAg",
            "reply_content": "\u83c7\u83c7\u7684\u963f\u7238\u8ddf\u97d3\u661f\u674e\u745e\u93ae\u9577\u7684\u6709\u9ede\u50cf\u8036\ud83d\ude0a"
        },
        {
            "reply_id": "UgyiWHiPsejtWVpP65B4AaABAg",
            "reply_content": "\u54c7\u22ef\u611f\u89ba\u5230\u83c7\u83c7\u81c9\u4e0a\u6709\u4e9b\u767c\u798f\u4e86"
        }
    ]
}