{
    "video_info": {
        "id": "j4qyBX4KcBg",
        "channelTitle": "\u97d3\u52fe\u311f\u91d1\u91dd\u83c7 \ucc10\uca50\uafb8",
        "title": "\u8b93\u5728\u53f0\u97d3\u570b\u4eba\u5c16\u53eb\u76845\u7a2e\u300c\u8d85\u7a00\u6709\u97d3\u570b\u98df\u7269\u300d\ud83d\ude2d\u5728\u53f0\u7063\u5c0b\u5bf6\u97d3\u570b\u4eba\u6700\u60f3\u5ff5\u7684\u5bb6\u5e38\u83dc\uff5c\u97d3\u52fe\u311f\u91d1\u91dd\u83c7 \ucc10\uca50\uafb8",
        "description": "#\u97d3\u570b\u7f8e\u98df #\u5728\u53f0\u97d3\u570b\u4eba #\u97d3\u52fe\u311f\u91d1\u91dd\u83c7 #\u91d1\u5bb6\u311f #\uae40\uc528\ub124\n\n\u8036\uff01\u4ecb\u7d39\u4e86\u5728\u53f0\u7063\u8ce3\u76845\u7a2e \u97d3\u570b\u7a00\u6709\u98df\u7269\uff01\u5927\u5bb6\u6700\u60f3\u8a66\u8a66\u4ec0\u9ebc\u5462\uff1f\n\u5f71\u7247\u4e2d\u7684\u91d1\u5bb6\u311f \u5169\u6b3e\u65b0\u5c0f\u83dc\n\u8fa3\u9183\u863f\u8514\u548c\u9183\u6d0b\u8525\u2728\n\u229b \u958b\u8ce3\u6642\u9593\uff1a2022/05/03(\u4e8c) 12:00 \u229b \n\u5b98\u7db2\u5728\u9019\u908a\uff01\u9019\u908a\u8acb\ud83c\udf36\ufe0f\uff1a https://bit.ly/gguytkimchi2022\n\n\u4ee5\u4e0b\u662f\u6211\u53bb\u7684\u97d3\u5f0f\u9910\u5ef3\u8cc7\u8a0a\uff01\n\n1. \u4e09\u5143\u82b1\u5712\u97d3\u5f0f\u9910\u5ef3\n\u53f0\u5317\u5e02\u5167\u6e56\u5340\u745e\u5149\u8def188\u5df743\u865f1F\n-\u5403\u7684\u7a00\u6709\u97d3\u570b\u7f8e\u98df\uff1a\u725b\u6392\u6e6f, \u8fa3\u7092\u9b77\u9b5a\n\n2.\u5f90\u7f85\u4f10\u97d3\u570b\u6599\u7406\n\u53f0\u5317\u5e02\u5927\u5b89\u5340\u6c38\u5eb7\u885714\u5df75\u865f\n-\u5403\u7684\u7a00\u6709\u97d3\u570b\u7f8e\u98df\uff1a\u7c73\u8840\u8178\n\n3. \u6771\u5927\u9580\u97d3\u570b\u7279\u8272\u6599\u7406\n\u53f0\u5317\u5e02\u5927\u5b89\u5340\u6d66\u57ce\u885713\u5df729\u865f\n\u5403\u7684\u98df\u7269\uff1a \u71c9\u6d77\u9bae\n\n4. \u73ca\u59ae\u5e74\u7cd5\n\u53f0\u5317\u5e02\u58eb\u6797\u5340\u5fe0\u8aa0\u8def\u4e8c\u6bb5148\u5df71\u865f\n\u5403\u7684\u98df\u7269\uff1a \u5f69\u8679\u86cb\u7cd5, \u84b8\u7cd5 \uc2dc\ub8e8\ub5a1 \n\n5. \u91d1\u5bb6\u311f\n\u5403\u7684\u98df\u7269\uff1a \u8fa3\u9183\u863f\u8514\u7d72, \u9183\u6d0b\u8525\n\n\n\u5e0c\u671b\u4f60\u5011\u559c\u6b61\u9019\u90e8\u5f71\u7247\n\u559c\u6b61\u5e6b\u6211\u8a02\u95b1\u6309\u8b9a\u5206\u4eab \u8a18\u5f97\u958b\u555f\u5c0f\u9234\u943a\u6536\u53d6\u65b0\u7247\u901a\u77e5\u5594\uff01\n\n\uff3f\uff3f\uff3f\uff3f\uff3f\uff3f\uff3f\uff3f\uff3f\uff3f\uff3f\uff3f\uff3f\uff3f\uff3f\uff3f\uff3f\uff3f\uff3f\uff3f\uff3f\n\n\u2b50\ufe0f\u91d1\u91dd\u83c7\u7684\u97d3\u570b\u7f8e\u98df\u54c1\u724c\uff1ahttps://www.kimkfoods.com\n\u2b50\ufe0f\u91d1\u5bb6\u311f\u5e03\u5e33\u99ac\u8eca\uff1ahttps://www.facebook.com/groups/2297603990535075/\n\u2b50\ufe0f\u91d1\u91dd\u83c7\u7684\u7c89\u5c08: https://www.facebook.com/Koreajinzhengu/\n\u2b50\ufe0f\u91d1\u91dd\u83c7\u7684IG: https://www.instagram.com/ggu__kim/\n\u2b50\ufe0f\u5408\u4f5c\u9080\u7d04\u8acb\u6d3dPressPlay\uff1ajinyoungkim@pressplay.cc\n\n\uff3f\uff3f\uff3f\uff3f\uff3f\uff3f\uff3f\uff3f\uff3f\uff3f\uff3f\uff3f\uff3f\uff3f\uff3f\uff3f\uff3f\uff3f\uff3f\uff3f\uff3f",
        "likeCount": "27081",
        "commentCount": "1082",
        "viewCount": "1303188"
    },
    "comments": [
        {
            "reply_id": "UgzB1y7VRpI-1feXBOl4AaABAg",
            "reply_content": "\u73ca\u59ae\u662f\u5076\u7684\u540d\u5b57\u6b38\ud83e\udd23"
        },
        {
            "reply_id": "UgyakoraMicB6BVwAxd4AaABAg",
            "reply_content": "\u770b\u90a3\u9ebc\u591a\u96c6\u53ea\u6709\u9019\u96c6\u4e0d\u559c\u6b61\uff01"
        },
        {
            "reply_id": "UgxvBdHoR43P1n8N8k54AaABAg",
            "reply_content": "\u5e0c\u671b\u53ef\u4ee5\u4ecb\u7d39\u9ad8\u96c4\u7684\ud83e\udd7a"
        },
        {
            "reply_id": "Ugw-wrrVxh2BAXN6xn94AaABAg",
            "reply_content": "\u53f0\u7063\u4eba\u770b\u4e86\u611f\u89ba\u597d\u5947\u602a"
        },
        {
            "reply_id": "UgyuioatTn5cjWwr5Mt4AaABAg",
            "reply_content": "\u9019\u6a23\u906e\u98df\u7269\u6c92\u610f\u7fa9\u963f"
        },
        {
            "reply_id": "UgzRJaWF5eJe08uW6sp4AaABAg",
            "reply_content": "\u6211\u8178\u80c3\u6c92\u8fa6\u6cd5\u5403\u5927\u849c\u3001\u6d0b\u8525\uff0c\u771f\u7684\u592a\u5730\u9053\uff0c\u6211\u61c9\u8a72\u5f88\u591a\u4e0d\u80fd\u5403"
        },
        {
            "reply_id": "Ugw2SbasP9GbWjFaWBl4AaABAg",
            "reply_content": "\u6211\u4e00\u76f4\u5f88\u8a8d\u771f\u5728\u770b\u5f8c\u9762\u90a3\u500b\u8c93\u8df3\u53f0\ud83d\ude05\u6211\u5c31\u5974\uff01"
        },
        {
            "reply_id": "UgwgeHshE8-nhFOh8_V4AaABAg",
            "reply_content": "\u91d1\u9488\u83c7\u597d\u7f8e\u9f41\ud83d\udc4d"
        },
        {
            "reply_id": "UgzVM6PVeF1XM3g4cPd4AaABAg",
            "reply_content": "\u97d3\u5f0f\u6599\u7406\u597d\u5403  \u559c\u6b61\u97d3\u5f0f\u714e\u9905\ud83d\ude3b"
        },
        {
            "reply_id": "Ugyq8NhcSSMxF50EFoR4AaABAg",
            "reply_content": "\u597d\u5e0c\u671b\u53ef\u4ee5\u51fa\u8525\u6ce1\u83dc\uff5e\uff5e\u770b\u97d3\u570b\u5403\u64ad\u770b\u5230\u70b8\u91ac\u9eb5\u914d\u8525\u6ce1\u83dc\u771f\u7684\u597d\u60f3\u5403\u5403\u770b\u2764\u2764\u2764"
        },
        {
            "reply_id": "UgyhCk2sX_3MG1CEvxB4AaABAg",
            "reply_content": "\u65b0\u5e97 \u73ab\u7470\u4e2d\u570b\u57ce\u90a3\u908a\u4e5f\u6709\u97d3\u570b\u6599\u7406"
        },
        {
            "reply_id": "UgxPnh9VmtYwjDObvqJ4AaABAg",
            "reply_content": "\u633a\u60ca\u8bb6\u53f0\u6e7e\u6ca1\u6709\u8840\u80a0 \u6211\u8001\u5bb6\u4e2d\u56fd\u9752\u5c9b\u7684\u97e9\u56fd\u5e97\u90fd\u662f\u5e74\u7cd5\u8840\u80a0\u54ce \u55ef\u2026\u2026\u5341\u51e0\u5e74\u6ca1\u56de\u56fd\u4e86 \u4e0d\u6653\u5f97\u73b0\u5728\u600e\u6837"
        },
        {
            "reply_id": "UgxGOFWFZt3YWFLayvJ4AaABAg",
            "reply_content": "\u6211\u61f7\u7591\u59b3\u56de\u97d3\u570b\u5df2\u7d93\u5fd8\u8a18\u600e\u9ebc\u8aaa\u97d3\u8a9e\u4e86\ud83d\ude02\u56e0\u70ba\u59b3\u53e3\u97f3\u5df2\u7d93\u662f\u53f0\u7063\u53e3\u97f3\u4e86\ud83c\udf89"
        },
        {
            "reply_id": "Ugxk_zsirrmipO5Qd3Z4AaABAg",
            "reply_content": "\u97d3\u570b\u4eba\u51fa\u53bb\u5403\u98ef\u771f\u7684\u9700\u8981\u81ea\u5099\u5927\u526a\u5200\u55ce?? \u9019\u96c6\u5e38\u5e38\u51fa\u73fe\u634f!!"
        },
        {
            "reply_id": "Ugwvjjk0LRgea6xIMQF4AaABAg",
            "reply_content": "\u8840\u8178\u8981\u6cbe\u73ab\u7470\u9e7d\u6bd4\u8f03\u597d\u5403\ud83e\udd24"
        },
        {
            "reply_id": "UgxhnPMxN40NgwIRE5x4AaABAg",
            "reply_content": "\u6211\u611b\u5403\u8c6c\u8840\u7cd5\uff0c \u9d28\u8840\u4e5f\u53ef\uff0c\u4f46\u8840\u8178\u662f\u552f\u4e00\u8b93\u6211\u5403\u5169\u53e3\u5c31\u4e1f\u6389\u7684\u6771\u897f\uff0c\u8d85\u4e0d\u5408\u80c3\u53e3"
        },
        {
            "reply_id": "Ugx5pOgZVYxO8ylRZah4AaABAg",
            "reply_content": "\u5bb6\u9644\u8fd1\u4e5f\u6709\u4e00\u5bb6\u958b\u5f88\u4e45\u7684\u97d3\u570b\u6599\u7406\u5e97\uff0c\u8001\u95c6\u597d\u50cf\u4e5f\u662f\u97d3\u570b\u4eba(\u5728\u53f0\u5357"
        },
        {
            "reply_id": "UgyQf9TOEcLBmGXFmY14AaABAg",
            "reply_content": "\u8840\u8178\u771f\u7684\u883b\u591a\u4eba\u6703\u6015\u7684"
        },
        {
            "reply_id": "UgyXQ6ohIZVj8_W-oB14AaABAg",
            "reply_content": "\u4e2d\u5348\u5c31\ud83e\udd14\u5403\u97d3\u5f0f\u7684\u5537\uff01"
        },
        {
            "reply_id": "Ugy8QmKg9OpUV9T1lvJ4AaABAg",
            "reply_content": "\u53bb\u54ea\u8cb7\u5462\uff1f"
        }
    ]
}