{
    "video_info": {
        "id": "jesgAzwmXSI",
        "channelTitle": "\u97d3\u52fe\u311f\u91d1\u91dd\u83c7 \ucc10\uca50\uafb8",
        "title": "\u672c\u5cf6\u5403\u4e0d\u5230\u768410\u500b\u300c\u99ac\u7956\u7279\u8272\u7f8e\u98df\u300d\ud83d\udd25\u5fc5\u5403\u96b1\u85cf\u8001\u9152\u51b0\u6c99\u3001\u5728\u5730\u6d77\u9bae\u4f5b\u624b..\u98df\u617e\u5927\u7206\u767cVLOG\uff01\u4e0d\u5403\u592a\u53ef\u60dc\uff5c\u97d3\u52fe\u311f\u91d1\u91dd\u83c7 \ucc10\uca50\uafb8",
        "description": "#\u99ac\u7956 #\u99ac\u7956\u7f8e\u98df #\u5357\u7aff #\u5317\u7aff \n\n#\u99ac\u7956\u5357\u7aff\n1. \u6211\u4f4f\u7684\u6c11\u5bbf_\u6d25\u6c99\u5ba2\u68e7\uff1a\u7e7c\u5149\u9905\n2. \u8001\u9152\u8702\u871c\u51b0\u6c99\uff08\u5728\u6d25\u6c99\u90e8\u843d\u88e1\u9762\uff09\n3. \u7d05\u9eb4\u7c73\u7cd5\uff08\u5728\u6d25\u6c99\u90e8\u843d\u88e1\u9762\uff09\n4. \u4f9d\u5b24\u7684\u5e97\uff1a\u4f5b\u624b, \u6de1\u83dc\n5. \u6d25\u6c99\u5c0f\u7ba1\uff1a\u9b5a\u9eb5, \u70b8\u767d\u5e36\u9b5a\n6.\u5243\u9905\uff1a\u963f\u5a46(\u866b\u5f1f)\u9905\n\n\u5357\u7aff\u27a1\ufe0f\u5317\u7aff\n1. \u9435\u5821\n2. \u5abd\u7956\u5de8\u795e\u50cf\n3. \u6795\u6208\u5f85\u65e6\u7d00\u5ff5\u516c\u5712\n4. \u516b\u516b\u5751\u9053\n5. \u5317\u7aff\n\n\u5317\u7aff\n1. \u82b9\u58c1\u805a\u843d\n2. \u99ac\u7956\u64ad\u97f3\u7ad9\n3. \u82b9\u6c83\u5496\u5561\u70d8\u7119\u9928\uff1a\u8001\u9152\u8c6c\u8089\u6279\u85a9 \u8d85\u597d\u5403\n\n\u9084\u6709\uff1a\u93e1\u6c83\u5c0f\u5403\u90e8\u4e5f\u5f88\u597d\u5403 \u8001\u9152\u5473\u8d85\u55c6\n\n\u5e0c\u671b\u4f60\u5011\u559c\u6b61\u9019\u90e8\u5f71\u7247\n\u559c\u6b61\u5e6b\u6211\u8a02\u95b1\u6309\u8b9a\u5206\u4eab \u8a18\u5f97\u958b\u555f\u5c0f\u9234\u943a\u6536\u53d6\u65b0\u7247\u901a\u77e5\u5594\uff01\n\n\uff3f\uff3f\uff3f\uff3f\uff3f\uff3f\uff3f\uff3f\uff3f\uff3f\uff3f\uff3f\uff3f\uff3f\uff3f\uff3f\uff3f\uff3f\uff3f\uff3f\uff3f\n\n\u2b50\ufe0f\u91d1\u91dd\u83c7\u7684\u97d3\u570b\u7f8e\u98df\u54c1\u724c\uff1ahttps://www.kimkfoods.com\n\u2b50\ufe0f\u91d1\u5bb6\u311f\u5e03\u5e33\u99ac\u8eca\uff1ahttps://www.facebook.com/groups/2297603990535075/\n\u2b50\ufe0f\u91d1\u91dd\u83c7\u7684\u7c89\u5c08: https://www.facebook.com/Koreajinzhengu/\n\u2b50\ufe0f\u91d1\u91dd\u83c7\u7684IG: https://www.instagram.com/ggu__kim/\n\u2b50\ufe0f\u5408\u4f5c\u9080\u7d04\u8acb\u6d3dPressPlay\uff1ajinyoungkim@pressplay.cc\n\n\uff3f\uff3f\uff3f\uff3f\uff3f\uff3f\uff3f\uff3f\uff3f\uff3f\uff3f\uff3f\uff3f\uff3f\uff3f\uff3f\uff3f\uff3f\uff3f\uff3f\uff3f",
        "likeCount": "14306",
        "commentCount": "458",
        "viewCount": "696898"
    },
    "comments": [
        {
            "reply_id": "UgxMVlIL8dZCHo6ul-J4AaABAg",
            "reply_content": "\u7e7c\u5149\u9905\u8981\u70e4\u904e\u624d\u597d\u5403\ud83d\ude0b"
        },
        {
            "reply_id": "UgxS4gbWr2k9E5CUarx4AaABAg",
            "reply_content": "\u5abd\u7956\u7684\u7f8e\u552f\u6709\u89aa\u81ea\u9020\u8a2a\u624d\u77e5\u9053\u4ed6\u7684\u7f8e \u82b9\u58c1\u6751\u771f\u7684\u6709\u5e0c\u81d8\u7684\u98a8\u666f\u597d\u60f3\u518d\u53bb\u5abd\u7956\u65c5\u884c\u2764"
        },
        {
            "reply_id": "UgzvovhMX9ptB2s7t6l4AaABAg",
            "reply_content": "\u662f\u5728\u62cd\u4ec0\u9ebc \u6700\u5f8c\u85cd\u773c\u6dda\u4ec0\u9ebc\u4e5f\u6c92\u770b\u5230 \u7b11\u6b7b"
        },
        {
            "reply_id": "UgwlSfgr5RE0NqxJz-14AaABAg",
            "reply_content": "\u6316~\u80fd\u628a\u85cd\u773c\u6dda\u62cd\u8d77\u4f86\u771f\u7684\u5f88\u53b2\u5bb3~\u5982\u679c\u8981\u770b\u5230\u6700\u591a\u7684\u85cd\u773c\u6dda\u8981\u57285~6\u6708\u4f86\u99ac\u7956~\u907f\u958b\u8fb2\u66c68~20\u4e4b\u9593(\u5149\u5bb3)~\u73fe\u5834\u770b\u85cd\u773c\u6dda\u7d55\u5c0d\u662f\u4eba\u751f\u4e2d\u6700\u5922\u5e7b\u7684\u4e8b\u60c5\u4e4b\u4e00"
        },
        {
            "reply_id": "Ugxld7hJEfhLz2NNyZN4AaABAg",
            "reply_content": "\u771f\u7684\u597d\u53ef\u611b\uff01"
        },
        {
            "reply_id": "UgwIUnDdCAC2fag3oop4AaABAg",
            "reply_content": "\u5f9e\u4e0a\u53f0\u99ac\u8f2a\u6211\u5feb\u7b11\u6b7b\u4e86\u592a\u665a\u8d77\u4f86\u5269\u4e00\u500b\u9eb5\u5305 \u54c8\u54c8\u54c8"
        },
        {
            "reply_id": "UgwxZZgyLJXu3HR2GzR4AaABAg",
            "reply_content": "\u99ac\u7956\u771f\u7684\u8d85\u7f8e\uff0c\u6d77\u908a\u4e5f\u6c92\u9e79\u9e79\u7684\u611f\u89ba\uff0c\u6c92\u53bb\u904e\u7684\u4eba\uff0c\u771f\u7684\u8981\u53bb\u4e00\u6b21"
        },
        {
            "reply_id": "Ugyz6qG_MLCqF9gwRbl4AaABAg",
            "reply_content": "\u5efa\u8b70\u4e00\u4e0b\uff0c\u4ecb\u7d39\u7f8e\u98df\u6642\u76e1\u91cf\u4f7f\u7528\u81ea\u5099\u7684\u74b0\u4fdd\u9910\u5177\uff08\u7b77\u5b50\u3001\u6e6f\u5319\u3001\u5438\u7ba1\u7b49\uff09\uff0c\u63a8\u5ee3\u7f8e\u98df\u9806\u4fbf\u63a8\u5ee3\u74b0\u4fdd\uff0c\u6d77\u9f9c\u8ddf\u9be8\u9b5a\u611f\u8b1d\u60a8\uff0c\u4e5f\u8a31\u9084\u80fd\u63a5\u74b0\u4fdd\u9910\u5177\u696d\u914d\u3002"
        },
        {
            "reply_id": "UgwCdWYz0z1_I4DqhzF4AaABAg",
            "reply_content": "\u4f5b\u624b\u597d\u597d\u5403\uff0c\u4f46\u5f88\u591a\u4eba\u56e0\u70ba\u5b83\u7684\u5916\u578b\u4e0d\u6562\u5403"
        },
        {
            "reply_id": "UgxJ691skfyrw1unC7t4AaABAg",
            "reply_content": "\u8acb\u554f\u7b2c\u4e00\u5929\u9762\u6d77\u666f\u6c11\u5bbf\u540d\u7a31\uff1f"
        },
        {
            "reply_id": "Ugws6clNPkilwc-3eq14AaABAg",
            "reply_content": "\u6211\u4e4b\u524d\u4e5f\u4f4f\u671b\u6d77\u6a13\uff0c\u8001\u95c6\u4eba\u5f88\u597d\uff5e\uff5e"
        },
        {
            "reply_id": "UgwionLF8syrsw4ThPZ4AaABAg",
            "reply_content": "\u6211\u5e38\u5e38\u53bb\u99ac\u7956"
        },
        {
            "reply_id": "Ugzql6-a65QFWfZ5R554AaABAg",
            "reply_content": "\u4e0a\u7f51\u8ba2\u7684\u6c11\u5bbf\u5417"
        },
        {
            "reply_id": "UgwS4M1kP0H7SFk-suJ4AaABAg",
            "reply_content": "\u90a3\u8fb9\u662f\u4e2d\u56fd\u5927\u9646\uff0c\u53f0\u6e7e\u4e5f\u662f\u4e2d\u56fd\u7684\u3002"
        },
        {
            "reply_id": "UgwaJoquH08GwVs6PaR4AaABAg",
            "reply_content": "\u771f\u7684\u9084\u6c92\u53bb\u904e\u99ac\u7956\uff0c\u54c8\u54c8\u54c8"
        },
        {
            "reply_id": "Ugz5P1erWeFl702dFbV4AaABAg",
            "reply_content": "\u89aa\u773c\u770b\u5230\u771f\u7684\u5f88\u6d6a\u6f2b"
        },
        {
            "reply_id": "UgydaYyJn5_28Gff26R4AaABAg",
            "reply_content": "\u91d1\u91dd\u83c7 \u771f\u7684\u6709\u7a0d\u9577\u8089\u81c9\u90fd\u5713\u5713\u7684"
        },
        {
            "reply_id": "Ugw5IAyLm4ZGUzbcnAh4AaABAg",
            "reply_content": "\u4ec0\u9ebc\u6642\u5019\u8981\u4f86\u91d1\u9580\u62cd\ud83d\ude02"
        },
        {
            "reply_id": "UgznVWIH85Y6hc9QGAZ4AaABAg",
            "reply_content": "\u85cd\u773c\u6dda\ud83d\udca7\u662f\u7576\u5e74\u670d\u5f79\u671f\u9593\uff0c\u963f\u5175\u54e5\u6d41\u4e0b\u7684\u7537\u773c\u6dda\ud83d\udca7"
        },
        {
            "reply_id": "UgyqW2q_Tu78x43IpmZ4AaABAg",
            "reply_content": "\u91d1\u91dd\u83c7 \u4e5f\u53ef\u4ee5\u8003\u616e\u4ecb\u7d39\u53f0\u5317\u6e05\u7ca5\u5c0f\u83dc\u7684\u5f71\u7247,  \u96d6\u7136\u4e0d\u7b97\u4fbf\u5b9c  \u5230\u54c1\u6a23\u7684\u78ba\u5f88\u8c50\u5bcc"
        }
    ]
}