{
    "video_info": {
        "id": "jYeaoFSWCsU",
        "channelTitle": "\u97d3\u52fe\u311f\u91d1\u91dd\u83c7 \ucc10\uca50\uafb8",
        "title": "\u6311\u6230\u5728\u65e5\u672c\u9a0e\u6a5f\u8eca\u6d41\u6d6a\ud83d\udd25\ud83d\udef5\u70cf\u9f8d\u9eb5\u6545\u9109\u9ad8\u677e/\u8df3\u5169\u500b\u5cf6\u65c5\u904a/\u65e5\u672c\u904a\u6700\u5f8c\u4e00\u96c6\uff5c\u97d3\u52fe\u311f\u91d1\u91dd\u83c7 \ucc10\uca50\uafb8",
        "description": "#\u9ad8\u677e #\u5c0f\u8c46\u5cf6 #\u76f4\u5cf6 #\u70cf\u9f8d\u9eb5 \n\n\u5f71\u7247\u4e2d\u4ecb\u7d39\u7684Surfshark \n\u7368\u5bb6\u512a\u60e0\u653e\u5728\u9019\u908a\u5594\uff01\n\u73fe\u5728\u9ede\u64ca https://surfshark.deals/GGU \u8f38\u5165\u512a\u60e0\u4ee3\u78bc [GGU] \n\u53ef\u4ee5\u7372\u5f97\u5c08\u5c6c\u512a\u60e0\u52a0\u984d\u59163\u500b\u6708\u514d\u8cbb\u5537\uff01\n\n\u5f71\u7247\u4e2d\u7684\u65c5\u904a\u8cc7\u8a0a\uff1a\n\n\ud83c\udf1f\u5496\u54e9\u70cf\u9f8d\u9eb5\uff1a\n\u3012760-0045 \u9999\u5ddd\u770c\u9ad8\u677e\u5e02\u53e4\u99ac\u5834\u753a\uff19\u221234\n\ud83c\udf1f\u81ea\u52a9\u5f0f\u70cf\u9f8d\u9eb5\uff1a\n\u3012760-0006 \u9999\u5ddd\u770c\u9ad8\u677e\u5e02\u4e80\u5ca1\u753a\uff12\u2212\uff12\uff13\n\ud83c\udf1f\u53ea\u6709\u65e5\u6587\u7684\u5c0f\u8c46\u5cf6\u5c45\u9152\u5c4b\uff08\u5357\u570b\uff09\uff1a\n\u3012761-4101 \u9999\u5ddd\u770c\u5c0f\u8c46\u90e1\u571f\u5e84\u753a\u75321480-5\n\ud83c\udf1f\u8d85Q\u7684\u5c0f\u8c46\u5cf6\u7d20\u9eb5\uff1a\n\u3012761-4301 \u9999\u5ddd\u770c\u5c0f\u8c46\u90e1\u5c0f\u8c46\u5cf6\u753a\u6c60\u75303936\n\n*\u611f\u8b1d\u7c89\u7d72\u88dc\u5145\uff1a\n- \u5f71\u7247\u4e2d\u63d0\u53ca\u7684\u7028\u6236\u5167\u6d77\u85dd\u8853\u796d\uff0c\u6bcf\u4e09\u5e74\u8209\u8fa6\u4e00\u6b21\uff0c\u6709\u8208\u8da3\u53ef\u4ee5\u518d\u770b\u6642\u9593\u67e5\u8a62\u770b\u770b\uff01\n- \u5982\u6709\u65e5\u672c\u79df\u8eca\u9700\u6c42\uff0c\u8a18\u5f97\u518d\u6839\u64da\u5404\u81ea\u570b\u5bb6\u898f\u5b9a\uff0c\u63d0\u524d\u505a\u6e96\u5099\u5537\uff01\n\n\n\u5e0c\u671b\u4f60\u5011\u559c\u6b61\u9019\u90e8\u5f71\u7247\n\u559c\u6b61\u5e6b\u6211\u8a02\u95b1\u6309\u8b9a\u5206\u4eab \u8a18\u5f97\u958b\u555f\u5c0f\u9234\u943a\u6536\u53d6\u65b0\u7247\u901a\u77e5\u5594\uff01\n\n\uff3f\uff3f\uff3f\uff3f\uff3f\uff3f\uff3f\uff3f\uff3f\uff3f\uff3f\uff3f\uff3f\uff3f\uff3f\uff3f\uff3f\uff3f\uff3f\uff3f\uff3f\n\n\u2b50\ufe0f\u91d1\u91dd\u83c7\u7684\u97d3\u570b\u7f8e\u98df\u54c1\u724c\uff1ahttps://www.kimkfoods.com\n\u2b50\ufe0f\u91d1\u5bb6\u311f\u5e03\u5e33\u99ac\u8eca\uff1ahttps://www.facebook.com/groups/2297603990535075/\n\u2b50\ufe0f\u91d1\u91dd\u83c7\u7684\u7c89\u5c08: https://www.facebook.com/Koreajinzhengu/\n\u2b50\ufe0f\u91d1\u91dd\u83c7\u7684IG: https://www.instagram.com/ggu__kim/\n\u2b50\ufe0f\u5408\u4f5c\u9080\u7d04\u8acb\u6d3dPressPlay\uff1ajinyoungkim@pressplay.cc\n\n\uff3f\uff3f\uff3f\uff3f\uff3f\uff3f\uff3f\uff3f\uff3f\uff3f\uff3f\uff3f\uff3f\uff3f\uff3f\uff3f\uff3f\uff3f\uff3f\uff3f\uff3f",
        "likeCount": "5874",
        "commentCount": "152",
        "viewCount": "300132"
    },
    "comments": [
        {
            "reply_id": "UgzfWR8Z-iNtAHoif0V4AaABAg",
            "reply_content": "\u6709\u5f35\u7167\u7247\u8ddf\u62cd\u8d77\u4f86\u8ddf\u83c7\u5abd\u597d\u50cf"
        },
        {
            "reply_id": "UgzYoRMFEoDya4cv1sN4AaABAg",
            "reply_content": "\u8acb\u554f\u9ad8\u677e\u65c5\u904a\u662f\u5750\u54ea\u4e00\u5bb6\u98db\u6a5f\u5462?"
        },
        {
            "reply_id": "Ugw-cDGmwYqEMwlEKOl4AaABAg",
            "reply_content": "\u641e\u9322\u641e\u5230\u8b93\u53f0\u7063\u4eba\u5403\u4e09\u7d1a\u81f4\u764c\u7269\u7684\u7121\u826f\u7db2\u7d05\uff0c\u771f\u6709\u4f60\u7684\uff0c\u4e1f\u97d3\u570b\u4eba\u7684\u81c9..."
        },
        {
            "reply_id": "UgxkccRCWJ6IlP_DUEF4AaABAg",
            "reply_content": "\u83c7\u83c7\u771f\u7684\u662f\u5f97\u4eba\u75bc\uff5e"
        },
        {
            "reply_id": "UgxzyzeQ_OV_XF92EJR4AaABAg",
            "reply_content": "\u6211\u5728\u65e5\u672c\u552f\u4e00\u7684\u4e00\u6b21\u9a0e\u8173\u8e0f\u8eca\u65c5\u884c\u4e5f\u662f\u5728\u9ad8\u677e\ud83d\ude02 \u5b8c\u5168\u53ef\u9ad4\u6703\u91d1\u91dd\u83c7\u7684\u611f\u53d7\ud83d\ude02\ud83d\ude02"
        },
        {
            "reply_id": "UgwyXzhbrxBc88Kb7zl4AaABAg",
            "reply_content": "\u5f9e\u623f\u9593\u770b\uff0c\u6211\u770b\u5230\u597d\u719f\u6089\u7684\u6d77\u666f\uff0c\u5f88\u6f02\u4eae\u3002"
        },
        {
            "reply_id": "Ugxz8phZYyt05_pYMTB4AaABAg",
            "reply_content": "\u592a\u53b2\u5bb3\u4e86 \u5f88\u559c\u6b61\u770b\u91d1\u91dd\u83c7 \u983b\u9053 \u8173\u8e0f\u8eca\u9084\u662f\u4e0d\u8981 \u9a0e\u6a5f\u8eca\u6bd4\u8f03\u8f15\u9b06 \u90a3\u53ef\u4ee5\u5148\u5728\u7576\u5730\u9810\u5b9a\u79df\u501f\u55ce\u3002\u770b\u4f60\u548c\u7d93\u7d00\u4eba\u73a9\u771f\u7684\u597d\u7fa8\u6155\u2764\ufe0f"
        },
        {
            "reply_id": "UgxULU50BGR4La2PbWd4AaABAg",
            "reply_content": "\u4e0d\u597d\u610f\u601d\uff0c\u60f3\u7cfe\u6b63\u4e00\u500b\u5730\u65b9\uff0c\u7028\u6236\u5167\u85dd\u8853\u5b63\u662f\u6bcf\u4e09\u5e74\u4e00\u6b21\uff0c\u4e0a\u6b21\u662f2022\u5e74\u4e5f\u5c31\u662f\u53bb\u5e74\uff0c\u4e0b\u6b21\u662f2025\u5e74\uff0c\u7136\u5f8c\u6642\u9593\u662f\u6625\u590f\u79cb\n\u5c0f\u8c46\u5cf6\u9019\u9ebc\u5927\uff0c\u59b3\u5011\u9a0e\u8173\u8e0f\u8eca\u771f\u7684\u5f88\u53b2\u5bb3\uff0c\u7576\u521d\u6211\u79df\u8eca\u958b\u4e86\u4e00\u6574\u5929\u4e5f\u624d\u73a9\u5e7e\u500b\u9ede\uff0c\u771f\u7684\u5f88\u4f69\u670d\u59b3\u5011\uff0c\u4f46\u9a0e\u8173\u8e0f\u8eca\u771f\u7684\u5f88\u597d\u73a9\n\u53ef\u60dc\u6c92\u6709\u53bb\u8c50\u5cf6\uff0c\u90a3\u88e1\u9a0e\u8173\u8e0f\u8eca\u5f88\u81ea\u5728\u4e5f\u5f88\u6f02\u4eae\uff0c\u7279\u5225\u662f\u90a3\u88e1\u6709\u9593\u5f88\u7279\u5225\u7684\u7f8e\u8853\u9928\u548c\u9910\u5ef3\uff0c\u8d85\u7d1a\u8d85\u7d1a\u63a8\u85a6"
        },
        {
            "reply_id": "UgxWTXeP39yEnPo2VbR4AaABAg",
            "reply_content": "\u4f60\u4e0b\u6a13\u68af\u7684\u6642\u5019\u662f\u6709\u7f75\u300c\u5e79\u300d\u55ce"
        },
        {
            "reply_id": "UgxEvzI8FEwgwP-biXZ4AaABAg",
            "reply_content": "\u51b2\u92d2\u8863\u4e0d\u9632\u5927\u96e8"
        },
        {
            "reply_id": "UgyrevSywBSLkxpYy_94AaABAg",
            "reply_content": "\u6709\u5f88\u591a\u5927\u8c61\u662f\u54ea\u4e00\u7a2e\u5927\u8c61"
        },
        {
            "reply_id": "UgxiB2I3LGmkf_UiXYZ4AaABAg",
            "reply_content": "\u91d1\u91dd\u83c7\u53ef\u4ee5\u73a9\u5230\u798f\u5ca1\u4e00\u8def\u56de\u53bb\u91dc\u5c71\u8036\uff01"
        },
        {
            "reply_id": "Ugw_HqYcXbKHAwFs7iJ4AaABAg",
            "reply_content": "\u600e\u9ebc\u505a\u5230\u8b1b\u8a71\u90fd\u4e0d\u7528\u9589\u5634\u5df4\u7684?"
        },
        {
            "reply_id": "UgwDNCuMQVk7AwoXh254AaABAg",
            "reply_content": "\u60f3\u77e5\u9053\u91d1\u91dd\u83c7\u5305\u5305\u7684\u54c1\u724c"
        },
        {
            "reply_id": "Ugy90ArXOzcLH1QixCp4AaABAg",
            "reply_content": "\u597d\u559c\u6b61\u59b3\u7684\u9aee\u578b\u54a7\uff01\u5c24\u5176\u662f\u982d\u4e0a\u90a3\u500b\u5305\u5305\uff0c\u770b\u4e86\u809a\u5b50\u6709\u9ede\u9913\u3002\u563b\u2026"
        },
        {
            "reply_id": "UgzH_IOB4iU2_FfYrtB4AaABAg",
            "reply_content": "\u5f88\u597d\u5947\u7684\u662f\u70ba\u4f55\u4e0d\u85c9\u7531\u985e\u4f3c\u7684\u65b9\u5f0f\u4ecb\u7d39\u97d3\u570b\u7d66\u53f0\u7063\u89c0\u773e\u8a8d\u8b58\u97d3\u570b\u5462\uff1f"
        },
        {
            "reply_id": "Ugz_nTFKMUd9QsjhUup4AaABAg",
            "reply_content": "\u65e5\u672c\u7684\u8239\u597d\u6f02\u4eae\uff0c\u53f0\u7063\u7684\u611f\u89ba\u5c31\u53ea\u662f\u4ea4\u901a\u5de5\u5177"
        },
        {
            "reply_id": "UgwBKec-qBfqBA5ifoB4AaABAg",
            "reply_content": "\u9ed1\u773c\u5708\u6709\u70b9\u6df1\u54e6"
        },
        {
            "reply_id": "UgygNPvbINJolQoxER54AaABAg",
            "reply_content": "\u91d1\u91dd\u83c7\u53ef\u4ee5\u518d\u642d\u8239\u53bb\u99ac\u7956\uff0c\u4f60\u4e0a\u6b21\u642d\u7684\u81fa\u99ac\u8f2a\u5df2\u7d93\u9000\u5f79\u3002\u73fe\u5728\u6709\u65b0\u7684\u65b0\u53f0\u99ac\u8f2a\uff0c\u63a8\u85a6\u4e0b\u6b21\u53ef\u4ee5\u53bb\u99ac\u7956\u6771\u5f15\uff0c\u6771\u5f15\u71c8\u5854\u5f88\u7f8e\u3002"
        },
        {
            "reply_id": "UgxczXTD54MFmtx8V8V4AaABAg",
            "reply_content": "\u963f\u83c7\u5728\u65e5\u672c\u9a0e\u8eca\u904a\u8d85\u9177\u7684\uff0c\u4f46\u66f4\u7fa8\u6155\u7d93\u7d00\u4eba\u53ef\u4ee5\u7d66\u963f\u83c7\u8f09\u771f\u597d\ud83d\ude0a\ud83d\ude0a\n\uff08\u4e0b\u6b21\u6311\u6230\u4e00\u4e0b\u8ddf\u7d93\u7d00\u4eba\u4e00\u8d77\u6ce1\u6e6f\u4e86\u5566\ud83e\udd23\ud83d\ude1c\uff09"
        }
    ]
}