{
    "video_info": {
        "id": "Km3Oa7JYoJg",
        "channelTitle": "\u97d3\u52fe\u311f\u91d1\u91dd\u83c7 \ucc10\uca50\uafb8",
        "title": "\u6f8e\u6e5610\u9593\u7121\u8e29\u96f7\u5fc5\u5403\u7f8e\u98df\u5403\u64ad\u5de1\u79ae\ud83d\udd25\u7fbd\u7403\u968a\u9996\u6b21\u96e2\u5cf6\u51fa\u904a\u5566\uff01\uff01\u3010\u7fbd\u7403\u968a\u7279\u8f2f\u3011\u8521\u54e5\u963f\u5713\u6797\u8431\uff5c\u97d3\u52fe\u311f\u91d1\u91dd\u83c7 \ucc10\uca50\uafb8",
        "description": "\u5403\u5403\u5403\u5403\u5403\u597d\u723d\u5594 \n\u7b2c\u4e00\u6b21\u53bb\u96e2\u5cf6\u6f8e\u6e56\u5b8c\u5168\u611b\u4e0a\u4e86\uff01\uff01\uff01\u4e0b\u6b21 \u4e00\u5b9a\u8981\u518d\u53bb\u4e00\u6b21\uff5e\uff01\n\u6b61\u8fce\u53bb\u770b\u963f\u5713\u7684\u7fbd\u7403\u968aVLOG\n\n #\u6f8e\u6e56\u7f8e\u98df #\u6f8e\u6e56\u65c5\u904a #\u7fa8\u6155\u8521\u54e5\n#\u6f8e\u6e56 #\u7fbd\u7403\u968a #\u6f8e\u7fbdya #\u96e2\u5cf6 #\u53f0\u7063\u7f8e\u98df\n\n\u25fe\ufe0f\u9910\u5ef3\u8cc7\u8a0a\u25fe\ufe0f\n\n\ud83d\udd3a\u963f\u83ef\u6f01\u6751\u6d77\u9bae\u6599\u7406\n\u6f8e\u6e56\u7e23\u99ac\u516c\u5e02\u4ec1\u611b\u8def25\u865f\n\n\ud83d\udd3a\u4e8c\u4fe1\u98ef\u7cf0\u5275\u59cb\u5e97\n\u6f8e\u6e56\u7e23\u99ac\u516c\u5e02\u6c38\u8208\u88573\u865f\n\n\ud83d\udd3a\u5317\u65b0\u6a4b\u725b\u96dc\u6e6f\n\u6f8e\u6e56\u7e23\u99ac\u516c\u5e02\u6587\u5eb7\u885734\u865f\n\n\ud83d\udd3a\u9418\u8a18\u71d2\u9905\n\u6f8e\u6e56\u7e23\u99ac\u516c\u5e02\u6587\u5eb7\u885735\u865f\n\n\ud83d\udd3a\u6f8e\u6e56\u8001\u5bb6\u9921\u9905\n\u6f8e\u6e56\u7e23\u99ac\u516c\u5e02\u6c11\u6b0a\u8def72\u865f\u8207\u5149\u660e\u8def\u53e3\n\n\ud83d\udd3a\u5efa\u570b\u70b8\u7cbf\n\u6f8e\u6e56\u7e23\u99ac\u516c\u5e02\u6c11\u6b0a\u8def70\u865f\n\n\ud83d\udd3a\u90f5\u5c40\u53e3\u8525\u6cb9\u9905\n\u6f8e\u6e56\u7e23\u99ac\u516c\u5e02\u60e0\u6c11\u4e00\u8def36\u865f\n\n\ud83d\udd3a\u7389\u51a0\u5ae9\u4ed9\u8349\n\u6f8e\u6e56\u7e23\u99ac\u516c\u5e02\u6c11\u798f\u8def32\u865f\n\n\ud83d\udd3a\u6613\u5bb6\u4ed9\u4eba\u638c\u51b0\n\u6f8e\u6e56\u7e23\u767d\u6c99\u9109191-2\u865f\n\n\ud83d\udd3a\u9e97\u6d0b\u624b\u4f5c\u4f34\u624b\u79ae\n\u6f8e\u6e56\u7e23\u99ac\u516c\u5e02\u4e2d\u592e\u88576\u865f\n\n\n\n\n\u5e0c\u671b\u4f60\u5011\u559c\u6b61\u9019\u90e8\u5f71\u7247\n\u559c\u6b61\u5e6b\u6211\u8a02\u95b1\u6309\u8b9a\u5206\u4eab \u8a18\u5f97\u958b\u555f\u5c0f\u9234\u943a\u6536\u53d6\u65b0\u7247\u901a\u77e5\u5594\uff01\n\n\uff3f\uff3f\uff3f\uff3f\uff3f\uff3f\uff3f\uff3f\uff3f\uff3f\uff3f\uff3f\uff3f\uff3f\uff3f\uff3f\uff3f\uff3f\uff3f\uff3f\uff3f\n\n\u2b50\ufe0f\u91d1\u5bb6\u311f\u5e03\u5e33\u99ac\u8eca\uff1ahttps://www.facebook.com/groups/2297603990535075/\n\u2b50\ufe0f\u91d1\u91dd\u83c7\u7684\u7c89\u5c08: https://www.facebook.com/Koreajinzhengu/\n\u2b50\ufe0f\u91d1\u91dd\u83c7\u7684IG: https://www.instagram.com/ggu__kim/\n\u2b50\ufe0f\u5408\u4f5c\u9080\u7d04\u8acb\u6d3dPressPlay\uff1ajinyoungkim@pressplay.cc\n\n\uff3f\uff3f\uff3f\uff3f\uff3f\uff3f\uff3f\uff3f\uff3f\uff3f\uff3f\uff3f\uff3f\uff3f\uff3f\uff3f\uff3f\uff3f\uff3f\uff3f\uff3f",
        "likeCount": "12623",
        "commentCount": "419",
        "viewCount": "710609"
    },
    "comments": [
        {
            "reply_id": "Ugyyw-vPKnorFUpLUW14AaABAg",
            "reply_content": "\u8863\u670d\u5f04\u9ad2\u90a3\u908a\u6703\u88ab\u8521\u54e5\u7b11\u6b7b\ud83d\ude02\ud83d\ude02\ud83d\ude02\u6548\u679c\u6eff\u6eff\u54c8"
        },
        {
            "reply_id": "UgyydZvJZyLyYUznbo54AaABAg",
            "reply_content": "\u8521\u54e5\u592a\u723d\u4e86\u5427"
        },
        {
            "reply_id": "UgxvJoUdVW5WgNDfQgl4AaABAg",
            "reply_content": "\u6f8e\u6e56\u5f88\u591a\u5730\u65b9\u53ef\u4ee5\u6f5b\u6c34\u3002"
        },
        {
            "reply_id": "Ugzk683xJZ9fpYoWacd4AaABAg",
            "reply_content": "\u8acb\u554f\u89aa\u611b\u7684\u91d1\u73cd\u83c7 \u662f\u4f4f\u6f8e\u6e56\u7684\u54ea\u4e00\u5bb6\u65c5\u9928"
        },
        {
            "reply_id": "UgxDI5Kii0-7CKDa8th4AaABAg",
            "reply_content": "\u8521\u54e5\u8d85\u597d\u7b11\u7684"
        },
        {
            "reply_id": "Ugxi1rPAdSSn1xiWO294AaABAg",
            "reply_content": "\u6797\u8431\u771f\u7684\u597d\u597d\u770b\u554a\u2764"
        },
        {
            "reply_id": "Ugy1gLTDbRtJ2MP9dqx4AaABAg",
            "reply_content": "\u53f0\u7063\u7684\u6771\u897f\u6c92\u6709\u96e3\u5403\u7684\u3000\u96e3\u5403\u7684\u90fd\u6dd8\u6c70\u6389\u54af"
        },
        {
            "reply_id": "UgyUVor9DHTmUsRMvxd4AaABAg",
            "reply_content": "\u91d1\u73cd\u83c7\u8df3\u5098\u61c9\u8a72\u6703\u767c\u71d2\u7b2c\u4e00"
        },
        {
            "reply_id": "Ugz3C_FAgq6MfmcSgKd4AaABAg",
            "reply_content": "\u80fd\u5e78\u904b\u5403\u5230\u9019\u4e9b\u6392\u968a\u7f8e\u98df\uff0c\u7fa8\u6155!!"
        },
        {
            "reply_id": "Ugw3-yB7vXaw6NfntGx4AaABAg",
            "reply_content": "\u6574\u96c6\u88e1\u9762\u8b93\u6211\u5927\u7b11\u7684\u662f\u8521\u54e5\u7684\u8863\u670d\u54c8\u54c8\u54c8\u54c8\u54c8\u3001\u6839\u672c\u5c31\u662f\u90a3\u5929\u7684\u98df\u7269\u8a18\u4e8b\u672c\u3001\u60f3\u77e5\u9053\u4e00\u6574\u5929\u5403\u4e86\u4ec0\u9ebc\u770b\u8521\u54e5\u8863\u670d\u5c31\u77e5\u9053"
        },
        {
            "reply_id": "UgyokbVNzCA-icIwdnx4AaABAg",
            "reply_content": "\u6700\u597d\u7b11\u7684\u5c31\u662f\u8521\u54e5\u7684\u8863\u670d\ud83d\ude02\ud83d\ude02"
        },
        {
            "reply_id": "UgxdSwg2BDwL4I66_RJ4AaABAg",
            "reply_content": "\u8001\u5bb6\u9921\u9905 \u666f\u7f8e\u591c\u5e02\u4e5f\u6709\u4e00\u9593\u54e6"
        },
        {
            "reply_id": "Ugwwz3oEOVFDXCXstid4AaABAg",
            "reply_content": "\u60f3\u554f\u91d1\u91dd\u83c7\u7684\u9632\u66ec\u5916\u5957\u662f\u54ea\u88e1\u8cb7\u7684~~"
        },
        {
            "reply_id": "Ugzuo5zmsMvkXECZoeh4AaABAg",
            "reply_content": "\u8521\u54e5\u6253\u7fbd\u7403\u5f8c\u5bae\u5718\u51fa\u52d5"
        },
        {
            "reply_id": "UgyPYuOLAcUw2MFxlCB4AaABAg",
            "reply_content": "\u54c7\u55da \u6b61\u8fce\u4f86\u6f8e\u6e56\u73a9\u6b38"
        },
        {
            "reply_id": "Ugz6jtcsDJzt1iVO3_l4AaABAg",
            "reply_content": "\u53f0\u6e7e\u8fd8\u6709\u91d1\u95e8\u3001\u7eff\u5c9b\u3001\u5c0f\u7409\u7403\u51e0\u4e2a\u5916\u5c9b\uff0c\u90fd\u53ef\u4ee5\u53bb\u62cd\u7247\u3002\n\u7fbd\u7403\u961f\u52a0\u6cb9\uff5e"
        },
        {
            "reply_id": "UgyUN9walUtVAWyQsJN4AaABAg",
            "reply_content": "\u6f8e\u6e56\u4eba"
        },
        {
            "reply_id": "UgzUcvjWOtG3LYhkomx4AaABAg",
            "reply_content": "\u8521\u54e5\u5403\u6771\u897f\u597d\u50cf\u5c0f\u670b\u53cb"
        },
        {
            "reply_id": "UgypmKfSOGDcAgY9mC94AaABAg",
            "reply_content": "\u6c92\u6709\u99ac\u8def\u76ca\u71d2\u8089\u98ef\u55ce\uff1f\u6211\u8b80\u6f8e\u6e56\u79d1\u5927\u6211\u8d85\u611b\u90a3\u4e00\u5bb6\u7684"
        },
        {
            "reply_id": "Ugz9B_BvP6ZdHWSY-Xp4AaABAg",
            "reply_content": "\u8981\u5403\u8525\u6cb9\u9905\u7684\u8a71\u5efa\u8b70\u53bb\u5403\u852c\u8106\u86cb\u9905\uff0c\u4e00\u6a23\u5728\u7e3d\u7ad9\u9644\u8fd135\u584a\u7136\u5f8c\u6bd4\u90f5\u5c40\u8525\u6cb9\u9905\u7684\u5927\u4e00\u5708\uff0c\u5c0d\u5b78\u751f\u4f86\u8aaaCP\u503c\u66f4\u9ad8\u800c\u4e14\u852c\u83dc\u91cf\u66f4\u591a"
        }
    ]
}