{
    "video_info": {
        "id": "MzhLw__GHdY",
        "channelTitle": "\u97d3\u52fe\u311f\u91d1\u91dd\u83c7 \ucc10\uca50\uafb8",
        "title": "\u97d3\u570b\u91d1\u7684\u53f0\u53576\u9593\u8fd1\u300c\u767e\u5e74\u8001\u5e97\u300d\u63a2\u96aa\u8a18\ud83d\udd25\u4e0d\u540c\u53f0\u5357\u5e02\u5340\u7684\u7368\u5bb6\u9053\u5730\u53e3\u5473\uff01\u5fc5\u770b\uff01\u6700\u611b\u5403\u8001\u5e97\u4e86\u2764\ufe0f\u3010\u767e\u5e74\u8001\u5e97\u7cfb\u5217#5\u3011\u97d3\u52fe\u311f\u91d1\u91dd\u83c7 \ucc10\uca50\uafb8\uff5c\u97d3\u52fe\u311f\u91d1\u91dd\u83c7 \ucc10\uca50\uafb8",
        "description": "#\u53f0\u5357 #\u53f0\u5357\u7f8e\u98df #\u53f0\u5357\u767e\u5e74\u8001\u5e97\n\n\u4ee5\u4e0b\u662f\u9910\u5ef3\u8cc7\u8a0a\n\ud83c\udf1f\u9b0d\u9b1a\u8c6c\u982d\u98ef\n\u53f0\u5357\u5e02\u9e7d\u6c34\u5340\u5357\u9580\u8def89\u865f\n\n\ud83c\udf1f\u5b78\u7532\u8671\u76ee\u9b5a\u7ca5\n\u53f0\u5357\u5e02\u5b78\u7532\u5340\u4e2d\u6b63\u8def188\u865f\n\n\ud83c\udf1f\u767e\u5e74\u8001\u5e97 \u5927\u8178\u7ca5\n\u53f0\u5357\u5e02\u4f73\u91cc\u5340\u4f73\u91cc\u8208442\u865f\n\n\ud83c\udf1f\u9f8d\u6cc9\u51b0\u5e97\n\u53f0\u5357\u5e02\u9ebb\u8c46\u5340\u5e73\u7b49\u8def2-4\u865f\n\n\ud83c\udf1f\u54c1\u9999\u8001\u51b0\u5e97\n\u53f0\u5357\u5e02\u9ebb\u8c46\u5340\u5149\u5fa9\u8def112\u865f\n\n\ud83c\udf1f\u963f\u6e90\u9c54\u9b5a\u610f\u9eb5\n\u53f0\u5357\u5e02\u4e2d\u897f\u5340\u6210\u529f\u8def399\u865f\n\n\u5e0c\u671b\u4f60\u5011\u559c\u6b61\u9019\u90e8\u5f71\u7247\n\u559c\u6b61\u5e6b\u6211\u8a02\u95b1\u6309\u8b9a\u5206\u4eab \u8a18\u5f97\u958b\u555f\u5c0f\u9234\u943a\u6536\u53d6\u65b0\u7247\u901a\u77e5\u5594\uff01\n\n\uff3f\uff3f\uff3f\uff3f\uff3f\uff3f\uff3f\uff3f\uff3f\uff3f\uff3f\uff3f\uff3f\uff3f\uff3f\uff3f\uff3f\uff3f\uff3f\uff3f\uff3f\n\n\u2b50\ufe0f\u91d1\u91dd\u83c7\u7684\u97d3\u570b\u7f8e\u98df\u54c1\u724c\uff1ahttps://www.kimkfoods.com\n\u2b50\ufe0f\u91d1\u5bb6\u311f\u5e03\u5e33\u99ac\u8eca\uff1ahttps://www.facebook.com/groups/2297603990535075/\n\u2b50\ufe0f\u91d1\u91dd\u83c7\u7684\u7c89\u5c08: https://www.facebook.com/Koreajinzhengu/\n\u2b50\ufe0f\u91d1\u91dd\u83c7\u7684IG: https://www.instagram.com/ggu__kim/\n\u2b50\ufe0f\u5408\u4f5c\u9080\u7d04\u8acb\u6d3dPressPlay\uff1ajinyoungkim@pressplay.cc\n\n\uff3f\uff3f\uff3f\uff3f\uff3f\uff3f\uff3f\uff3f\uff3f\uff3f\uff3f\uff3f\uff3f\uff3f\uff3f\uff3f\uff3f\uff3f\uff3f\uff3f\uff3f",
        "likeCount": "16107",
        "commentCount": "688",
        "viewCount": "870984"
    },
    "comments": [
        {
            "reply_id": "UgzgcFkQFIp3RJwUU4x4AaABAg",
            "reply_content": "\u6211\u6703\u4e0d\u6703\u592a\u5e38\u4e0b\u53f0\u5357\u4e86\ud83d\ude02\n\u592a\u611b \n\u4e0b\u4e00\u500b\u767e\u5e74\u8001\u5e97\u53bb\u54ea\u88e1\u62cd\u597d\u5462\uff01 \u63a8\u85a6\u7d66\u6211\u5427\ud83c\udf89"
        },
        {
            "reply_id": "UgxggcJPzezrP6vEFBB4AaABAg",
            "reply_content": "\u4e0d\u4eab\u7528\u89aa\u7684 \u53ef\u4ee5\u7528\u62bf\u7684"
        },
        {
            "reply_id": "Ugyn2hCx8tXvtSyNe6Z4AaABAg",
            "reply_content": "\u4e2d\u6587\u771f\u597d"
        },
        {
            "reply_id": "Ugzb8w6P4OxlrkvYK0h4AaABAg",
            "reply_content": "\u908a\u5403\u9b0d\u9b1a\u8c6c\u982d\u98ef\u914d\u9999\u8178\u908a\u770b\u7247"
        },
        {
            "reply_id": "Ugz2iUqb_xvX2tQCD2J4AaABAg",
            "reply_content": "\u5149\u4f73\u91cc\u7684\u7f8e\u98df\u5c31\u53ef\u4ee5\u505a\u4e00\u96c6\u4e86\ud83e\udd23"
        },
        {
            "reply_id": "UgzUDZYyxolFgkd-uA54AaABAg",
            "reply_content": "\u91d1\u91dd\u83c7\u6bd4\u53f0\u7063\u4eba\u66f4\u77ad\u89e3\u53f0\u5357\u767e\u5e74\u6b77\u53f2\u5e97\u7f8e\u98df\ud83d\ude0a\ud83d\ude0a"
        },
        {
            "reply_id": "Ugzd4TU3w5N9Nv-jHdd4AaABAg",
            "reply_content": "\u8eab\u7232\u53f0\u5357\u4eba\u5634\u662f\u5f88\u6311\uff08\u8ca8\uff09\u7684\uff01\u6c92\u60f3\u5230\u91d1\u91dd\u83c7\u9084\u80fd\u66f4\u9053\u5730\u63a8\u85a6\u9019\u4e9b\u767e\u5e74\u7f8e\u98df\u8207\u50b3\u7d71\uff5e\u4f69\u670d\u4f69\u670d\ud83d\udc4d"
        },
        {
            "reply_id": "UgxRXnf6ahV4ktrGr7V4AaABAg",
            "reply_content": "\u91d1\u91dd\u83c7\u7b77\u5b50\u62ff\u5f88\u4e0a\u9762\uff0c\u770b\u4f86\u4ee5\u5f8c\u6703\u5ac1\u5f88\u9060\u3002"
        },
        {
            "reply_id": "Ugw4YFx4ePslEZl1U2p4AaABAg",
            "reply_content": "\u5403\u904e\u5927\u8178\u9eb5\u7dda\uff01\u6211\u4e5f\u5728\u8ce3\u5927\u8178\u9eb5\u7dda\uff0c\u53ea\u4e0d\u904e\u5728\u53f0\u4e2d\uff0c\u5982\u679c\u59b3\u6709\u4f86\uff0c\u6b61\u8fce\u4f86\u5403\u5403\u770b\u3002"
        },
        {
            "reply_id": "UgyBf0mrr0Qr-XJAULJ4AaABAg",
            "reply_content": "\u6211\u4e5f\u8d85\u611b\u5927\u8178\u7ca5\uff0c\u771f\u7684\u5167\u884c\u8036\u3002"
        },
        {
            "reply_id": "UgxLSttgdGwuUlH9pPR4AaABAg",
            "reply_content": "\u8c6c\u982d\u98ef\u611f\u89ba\u597d\u4e7e"
        },
        {
            "reply_id": "Ugwov_B6GulesBpr9nF4AaABAg",
            "reply_content": "\u8d85\u7d1a\u559c\u6b61\u91d1\u91dd\u83c7\u7684"
        },
        {
            "reply_id": "UgxTiHjQDZIVAd3SSSV4AaABAg",
            "reply_content": "\u4f86\u62cd\u5f70\u5316\u5427"
        },
        {
            "reply_id": "UgyiV7hK5GVP6s_DPbV4AaABAg",
            "reply_content": "\u82b1\u84ee\u53ef\u4ee5\u554a"
        },
        {
            "reply_id": "UgxrhhRy4XotSdRcG5t4AaABAg",
            "reply_content": "\u963f\u6e90\u9c54\u9b5a\u610f\u9eb5\u5343\u842c\u4e0d\u8981\u53bb\u5403\uff0c\u4fdd\u8b49\u5f8c\u6094\uff0c\u800c\u4e14\u8001\u95c6\u5152\u5b50\u75ab\u60c5\u671f\u9593\u53e3\u7f69\u9084\u6234\u90a3\u6a23\u662f\u6709\u4ec0\u9ebc\u6bdb\u75c5\uff1f14:30\n\n14:38\u9c54\u9b5a\u610f\u9eb5\u6700\u91cd\u8981\u7684\u662f\u77ed\u6642\u9593\u5927\u706b\u5feb\u7092\uff0c\u8ab0\u8ddf\u4f60\u5728\u90a3\u908a\u6587\u706b\u5feb\u7092\uff0c\u5ee2\u5230\u7b11\n\u9152\u7cbe\u5674\u5e97\u88e1\u684c\u5b50\u6905\u5b50\u9084\u6703\u88ab\u7f75\uff0c\u7528\u5e97\u88e1\u885b\u751f\u7d19\u64e6\u684c\u5b50\u4e5f\u6703\u88ab\u7f75"
        },
        {
            "reply_id": "UgzCL6MS7B3-UexQYHp4AaABAg",
            "reply_content": "\u4e0b\u6b21\u53bb\u65b0\u7af9\uff01"
        },
        {
            "reply_id": "Ugxj0JjE2sPpZf1y-Mh4AaABAg",
            "reply_content": "\u5f88\u5c11\u4eba\u6703\u4ecb\u7d39\u5230\u53f0\u5357\u7684\u6eaa\u5317\u5730\u5340\uff0c\u91d1\u91dd\u83c7\u771f\u7684\u592a\u8b9a\u4e86\ud83d\udc4d"
        },
        {
            "reply_id": "Ugx4_Jl8_hnY3ePi0lt4AaABAg",
            "reply_content": "\u4eca\u5929\u6211\u53bb\u5403\u5168\u5bb6\u806f\u540d\u5fa1\u98ef\u7cf0\uff0c\u8d85\u597d\u5403"
        },
        {
            "reply_id": "Ugx0anSA5mfcPraNG8h4AaABAg",
            "reply_content": "\u6b61\u8fce\u60a8\u53ca\u5718\u968a\u5011\u591a\u591a\u4f86\u5149\u81e8\ud83d\udc4f\ud83d\udc4f\ud83d\udc4f"
        },
        {
            "reply_id": "UgybGHXtyn7haTlQeFR4AaABAg",
            "reply_content": "\u91d1\u91dd\u83c7\u8d8a\u4f86\u8d8a\u6f02\u4eae\u3002\u53f0\u7063\u7f8e\u98df\u5403\u591a\u4e86\uff0c\u8b8a\u53f0\u7063\u4eba\u4e86\u3002"
        }
    ]
}