{
    "video_info": {
        "id": "n2PdTnhFFV4",
        "channelTitle": "\u97d3\u52fe\u311f\u91d1\u91dd\u83c7 \ucc10\uca50\uafb8",
        "title": "\u897f\u73ed\u7259\u6211\u5011\u4f86\u4e86\ud83c\uddea\ud83c\uddf8\uff01\u5df4\u585e\u9686\u90a34\u59293\u591c\u7f8e\u98df\u904a \u767e\u5e74\u5fc5\u53bb\u5409\u62ff\u68d2/\u8056\u5bb6\u5802/\u7c73\u62c9\u4e4b\u5bb6/\u767e\u5e74\u5e02\u5834La Boqueria/\u6d77\u9bae\u71c9\u98ef \u897f\u73ed\u7259\u5be6\u5728\u592a\u597d\u73a9\u4e86\uff01\uff01\ud83d\udd25\u516c\u958b\u548cPazzo\u7684\u806f\u540d\uff5c\u97d3\u52fe\u311f\u91d1\u91dd\u83c7 \ucc10\uca50\uafb8",
        "description": "\u4e45\u9055\u7684 #\u91d1\u7444CP \u6b50\u6d32\u65c5\u904a\uff5e\uff5e\n\u9019\u6b21\u4f86\u5230\u897f\u73ed\u7259\u65c5\u904a\uff01\u9019\u908a\u7684\u7f8e\u98df\u90fd\u597d\u5408\u6211\u7684\u80c3\u53e3\u800c\u4e14\n\u6eff\u6eff\u7684\u85dd\u8853\u6c23\u606f \u5be6\u5728\u592a\u559c\u6b61\uff5e\ud83c\uddea\ud83c\uddf8 \u883b\u63a8\u85a6\u5927\u5bb6\u53bb\u7684\uff01\n\uff01\uff01\n\u7136\u5f8c\u5f71\u7247\u4e2d\u7684 \u8863\u670d\u90fd\u662f \u6211\u548cpazzo\u7684\u806f\u540d\u6b3e\n\u7b2c\u4e00\u6b21\u670d\u98fe\u806f\u540d \u5e0c\u671b\u5927\u5bb6\u559c\u6b61\n\u4e0b\u79ae\u62dc\u4e00 \u65e9\u4e0a10\u9ede\u958b\u8ce3\u5537\uff5e \n\u5e0c\u671b\u5927\u5bb6\u90fd\u8457 GGUD DAY GGUD LIFE\u2764\ufe0f\n\nPazzo X Ggu kim \nhttps://reurl.cc/p5XgEl\n\n#GGUDDAYGGUDLIFE\n#\u897f\u73ed\u7259\u904a\n\n\u897f\u73ed\u7259\u6211\u5011\u4f86\u4e86\ud83c\uddea\ud83c\uddf8\uff01Barcelona 4\u59293\u591c\u7f8e\u98df\u904a\n\u5fc5\u53bb\u5409\u62ff\u68d2/\u8056\u5bb6\u5802/\u7c73\u62c9\u4e4b\u5bb6/\u767e\u5e74\u5e02\u5834La Boqueria/\u6d77\u9bae\u71c9\u98ef \u897f\u73ed\u7259\u5be6\u5728\u592a\u597d\u73a9\u4e86\uff01\uff01\ud83d\udd25\u516c\u958b\u548cPazzo\u7684\u806f\u540d\n\n\u5e0c\u671b\u4f60\u5011\u559c\u6b61\u9019\u90e8\u5f71\u7247\n\u559c\u6b61\u5e6b\u6211\u8a02\u95b1\u6309\u8b9a\u5206\u4eab \u8a18\u5f97\u958b\u555f\u5c0f\u9234\u943a\u6536\u53d6\u65b0\u7247\u901a\u77e5\u5594\uff01\n\n\uff3f\uff3f\uff3f\uff3f\uff3f\uff3f\uff3f\uff3f\uff3f\uff3f\uff3f\uff3f\uff3f\uff3f\uff3f\uff3f\uff3f\uff3f\uff3f\uff3f\uff3f\n\n\u2b50\ufe0f\u91d1\u91dd\u83c7\u7684\u97d3\u570b\u7f8e\u98df\u54c1\u724c\uff1ahttps://www.kimkfoods.com\n\u2b50\ufe0f\u91d1\u5bb6\u311f\u5e03\u5e33\u99ac\u8eca\uff1ahttps://www.facebook.com/groups/2297603990535075/\n\u2b50\ufe0f\u91d1\u91dd\u83c7\u7684\u7c89\u5c08: https://www.facebook.com/Koreajinzhengu/\n\u2b50\ufe0f\u91d1\u91dd\u83c7\u7684IG: https://www.instagram.com/ggu__kim/\n\u2b50\ufe0f\u5408\u4f5c\u9080\u7d04\u8acb\u6d3dPressPlay\uff1ajinyoungkim@pressplay.cc\n\n\uff3f\uff3f\uff3f\uff3f\uff3f\uff3f\uff3f\uff3f\uff3f\uff3f\uff3f\uff3f\uff3f\uff3f\uff3f\uff3f\uff3f\uff3f\uff3f\uff3f\uff3f",
        "likeCount": "6158",
        "commentCount": "160",
        "viewCount": "334979"
    },
    "comments": [
        {
            "reply_id": "UgyPeyY0Nl1oF00rxXt4AaABAg",
            "reply_content": "\u91d1\u91dd\u83c7\u6709\u8003\u616e\u62cd\u4e00\u96c6\u5e73\u5e38\u8a13\u7df4\u55ce\ud83d\ude02\uff1f\u8179\u808c\u8d85\u5438\u5f15\u4eba"
        },
        {
            "reply_id": "UgyXR81bd_pwsbYOdEB4AaABAg",
            "reply_content": "\u5df4\u9ece\u52a0\u5df4\u585e\u7f57\u90a34\u5929\u4e0d\u5230\uff0c\u65f6\u95f4\u592a\u7d27\u4e86\uff0c\u8056\u5bb6\u5802\u611f\u89c9\u6700\u5c11\u53ef\u4ee5\u5446\u4e2a\u4e00\u5929"
        },
        {
            "reply_id": "Ugx0FtHOqreBU9JF4T14AaABAg",
            "reply_content": "\u91d1\u8431\u5169\u500d\u7cd6,\u71b1\u7684"
        },
        {
            "reply_id": "UgyP9kZ0768gNxbfEBJ4AaABAg",
            "reply_content": "\u53ef\u4ee5\u62cd\u600e\u9ebc\u7df4\u8179\u808c\u7684\u5f71\u7247\u55ce\u54c8\u54c8\u54c8 \u8eab\u6750\u592a\u597d\u4e86\ud83e\udd79"
        },
        {
            "reply_id": "UgzR-efUOrWkc1ovMg54AaABAg",
            "reply_content": "\u8521\u54e5\u600e\u9ebc\u4e0d\u53bb\ud83d\ude02"
        },
        {
            "reply_id": "Ugx2xHSBFsyvoVLJ5k54AaABAg",
            "reply_content": "\u771f\u7684\uff0c\u6b50\u6d32\u6a5f\u5834\u9084\u662f\u5225\u5f85\u90a3\u4f11\u606f\uff0c\u4e0d\u4e45\u524d\u624d\u770b\u4e00\u500byt\u70ba\u4e86\u7701\u9322\u7761\u6a5f\u5834\uff0c\u7d50\u679c\u62cd\u651d\u5668\u6750\u5e7e\u4e4e\u88ab\u5077\u5149\uff0c\u4e8c\u5341\u5e7e\u842c\u98db\u4e86\n\u554a\u83c7\u83c7\u600e\u9ebc\u53bb\u770b\u90a3\u4e9b\u8863\u670d\uff1f"
        },
        {
            "reply_id": "Ugy56zT6M7W8r02bixx4AaABAg",
            "reply_content": "\u597d\u559c\u6b61\u91d1\u91dd\u83c7\u7684\u904a\u8a18\u6703\u505a\u529f\u8ab2\u3001\u4ecb\u7d39\u5404\u500b\u666f\u9ede\uff0c\u8aaa\u8a71\u4e0d\u62d6\u6ce5\u5e36\u6c34\uff01"
        },
        {
            "reply_id": "UgzTe5OaEzkEOvVO0BN4AaABAg",
            "reply_content": "\u7a81\u7136\u767c\u73fe  \u91d1\u91dd\u83c7\u7684\u700f\u6d77\u6c92\u4e86  \u8a72\u56de\u53bb\u627e\u963f\u5317\u4e86"
        },
        {
            "reply_id": "UgznfQ1wI1CQrwPYmBB4AaABAg",
            "reply_content": "\u5df4\u585e\u7f85\u7d0d\u771f\u7684\u8d85\uff5e\u7d1a\uff5e\u5371\uff5e\u96aa\uff5e\u7684\uff01\n\u6211\u5e7e\u5e74\u524d\u53bb\u7684\u6642\u5019\u5728\u516c\u773e\u5df4\u58eb\u4e0a\u88ab\u5077\u4e86\u9280\u5305\uff0c\u6709\u5f88\u591a\u91cd\u8981\u7684\u8b49\u4ef6\u8981\u88dc\u8fa6\uff0c\u8d85\u7d1a\u9ebb\u7169\u2026\u800c\u4e14\u8ddf\u6211\u540c\u884c\u7684\u5bb6\u4eba\u6574\u500b\u5305\u5305\u90fd\u4e0d\u898b\u4e86\uff0c\u771f\u4e0d\u662f\u958b\u73a9\u7b11\uff01\u4ee5\u5f8c\u90fd\u4e0d\u6703\u518d\u53bb\u4e86\uff01\u5641\u5fc3\u7684\u57ce\u5e02"
        },
        {
            "reply_id": "UgxEWT6-rBk7gdvXERB4AaABAg",
            "reply_content": "\u83c7\u83c7\u51fa\u570b\u8981\u96a8\u6642\u6ce8\u610f\u81ea\u5df1\u96a8\u8eab\u7269\u54c1\u5566  \n\u8ddf\u6211\u670b\u53cb\u4e00\u6a23\n\u4e4b\u524d\u53bb\u99ac\u4f86\u897f\u4e9e\u628a\u53f0\u7063\u7fd2\u6163\u5e36\u904e \u5f8c\u80cc\u5305\u80cc\u5f8c\u9762\u6c92\u653e\u80f8\u524d \u5305\u53e3\u53c8\u5fae\u958b \u5c31\u770b\u5230\u4e00\u500b\u7537\u7684\u8cbc\u5f88\u8fd1 \u5f8c\u4f86\u6211\u5927\u8072\u53eb\u6211\u670b\u53cb \u90a3\u500b\u7537\u7684\u5687\u5230 \u624d\u8d95\u5feb\u96e2\u958b\ud83d\ude02\ud83d\ude02\ud83d\ude02"
        },
        {
            "reply_id": "UgyME0EMjFa5j-ZrNUF4AaABAg",
            "reply_content": "\u7576\u521d\u5728\u897f\u73ed\u7259\u5f858\u500b\u6708\u7684\u6642\u5019\uff0c\u4e00\u958b\u59cb\u53bb\u7684\u5730\u65b9\u8ddf\u91d1\u91dd\u83c7\u4e00\u6a21\u4e00\u6a23xdd\n\u770b\u4e86\u771f\u7684\u597d\u61f7\u5ff5\u5594~~"
        },
        {
            "reply_id": "UgxAOnvHMgP46qKznsR4AaABAg",
            "reply_content": "\u897f\u73ed\u7259\u5927\u57ce\u5e02\u7684\u6cbb\u5b89\u771f\u7684\u5f88\u4e0d\u597d\uff0c\u6211\u5011\u5230\u99ac\u5fb7\u91cc\u7b2c\u4e00\u5929\u5c31\u9047\u5230\u6252\u624b\uff0c\u90a3\u6642\u5019\u540c\u884c\u7684\u65c5\u4f34\u5305\u5305\u5df2\u7d93\u88ab\u6253\u958b\uff0c\u9084\u597d\u6709\u5e97\u54e1\u770b\u5230\u963b\u6b62\u624d\u6c92\u6709\u640d\u5931\uff0c\u5f8c\u4f86\u7684\u65c5\u7a0b\u90fd\u4e00\u76f4\u73a9\u5f97\u63d0\u5fc3\u540a\u81bd\uff0c\u53ea\u6709\u5230\u6bd4\u8f03\u5357\u90e8\u7684\u57ce\u5e02\u6cbb\u5b89\u624d\u611f\u89ba\u6bd4\u8f03\u597d\uff0c\u5230\u6b50\u6d32\u73a9\u771f\u7684\u8981\u5f88\u6ce8\u610f\u81ea\u5df1\u7684\u5305\u5305\uff0c\u5c31\u7b97\u62c9\u934a\u6709\u62c9\u90fd\u6709\u53ef\u80fd\u88ab\u6253\u958b"
        },
        {
            "reply_id": "UgwD2tDy6yJ6cNMrKxJ4AaABAg",
            "reply_content": "\u5728\u96fb\u8996\u4e0a\u770b\u756b\u8cea\u5f88\u5dee \u8863\u670d\u984f\u8272\u6750\u8cea\u90fd\u770b\u4e0d\u6e05\u695a:( \u5e0c\u671b\u53ef\u4ee5\u6295\u8cc7\u597d\u4e00\u9ede\u7684\u5668\u6750"
        },
        {
            "reply_id": "Ugz6RnuY5I78CQZpnEt4AaABAg",
            "reply_content": "\u70ba\u4ec0\u9ebc\u90a3\u9ebc\u50bb\u770b\u4ed6\u8cfa\u9322\u51fa\u570b\u73a9\u723d\uff1f\u628a\u53f0\u7063\u4eba\u7576\u50bb\ud83d\udc4e\ud83d\udc4e\ud83d\ude31"
        },
        {
            "reply_id": "Ugzxfv-8bMCJDxC-G0N4AaABAg",
            "reply_content": "\u90a3\u500b\u5915\u967d\u771f\u7684\u7f8e\u5446\u4e86\u2764 \u806f\u540d\u6b3e\u8cb7\u4e86\u5e7e\u4ef6\uff5e\uff5e\u671f\u5f85\u6536\u5230\ud83d\ude09 \u9084\u6709\u4e00\u4e9b\u624b\u901f\u4e0d\u5920\u5feb\u8dd1\u9810\u8cfc\u2026\u771f\u60f3\u8d95\u5feb\u6536\u5230\u5462\ud83d\ude0a"
        },
        {
            "reply_id": "UgyHyCLNMOjPcSZ07DF4AaABAg",
            "reply_content": "\u9ede\u89e3\u53ef\u4ee5\u5481\u7626\ud83d\ude0a"
        },
        {
            "reply_id": "UgztaYGTn6haKtCdZd14AaABAg",
            "reply_content": "\u6211\u5728\u4e00\u65c5\u904a\u666f\u9ede\u5de5\u4f5c\uff0c\u662f\u4e00\u500b\u7f8e\u9e97\u7684\u82b1\u5712\u3002\u6211\u5011\u975e\u5e38\u8a0e\u53ad\u7db2\u7d05\u4f86\u62cd\u7167\uff0c\u5c24\u5176\u662f\u63db\u8863\u79c0\u3002\u56e0\u70ba\u5979\uff0f\u4ed6\u5011\u6839\u672c\u4e0d\u662f\u4f86\u6b23\u8cde\u7f8e\u666f\u7684\uff0c\u800c\u4e14\u4e0d\u9867\u5225\u7684\u904a\u5ba2\uff0c\u53ea\u60f3\u62cd\u4e00\u4e9b\u81ea\u5df1\u7684\u7f8e\u7167\u597d\u653e\u4e0a\u7db2\u70ab\u8000\u3002"
        },
        {
            "reply_id": "UgzcmFK7QE3CrdRdXdB4AaABAg",
            "reply_content": "\u83c7\u83c7\u660e\u986f\u6c23\u8272\u4e0d\u597d\u5225\u592a\u7d2f\u4e5f\u5225\u592a\u7626"
        },
        {
            "reply_id": "Ugzq8K7DwMP3zOxmnIV4AaABAg",
            "reply_content": "\u6b50\u5dde\u83c7\u6bd4\u975e\u5dde\u83c7\u767d"
        },
        {
            "reply_id": "UgweOtGKZrQuhgz-JXJ4AaABAg",
            "reply_content": "\u5c0f\u5077\u5f88\u591a\uff0c\u5c0f\u5fc3\u5440"
        }
    ]
}