{
    "video_info": {
        "id": "NHB-Pz6syoM",
        "channelTitle": "\u97d3\u52fe\u311f\u91d1\u91dd\u83c7 \ucc10\uca50\uafb8",
        "title": "\ud83c\udde8\ud83c\udded\u5168\u7403\u7269\u50f9\u6700\u8cb4\u745e\u58eb-\u7269\u50f9\u9ad4\u9a57\u8a18\u300c\u53f0\u7063\u9910\u5ef3\u300d\u50f9\u683c\u843d\u5728\u591a\u5c11\u5462\uff1f\uff5c\u97d3\u52fe\u311f\u91d1\u91dd\u83c7 \ucc10\uca50\uafb8",
        "description": "\u611f\u8b1dGalaxy Z flip5 \u7684\u966a\u4f34\n\u5728\u65c5\u904a\u6642\u80af\u5b9a\u8981\u6d3e\u4e0a\u647a\u758a\u6a5f\n\u600e\u9ebc\u62cd\u600e\u9ebc\u7f8e\u591a\u89d2\u5ea6\u81ea\u62cd\n\u62cd\u4e86\u597d\u591a\u6f02\u4eae\u7167\u2728\n\n\u9084\u53ef\u4ee5\u900f\u904e\u5c01\u9762\u87a2\u5e55\u5c0e\u822a\u3001\u56de\u8a0a\u606f\u3001\u8ddf\u770b\u5287 \u771f\u7684\u592a\u53b2\u5bb3\u4e86\uff01\n\n\u6709\u8208\u8da3\u6b61\u8fce\u5927\u5bb6\u53bb\u9580\u5e02\u770b\u770b\n\u7cbe\u7f8e\u5c0f\u5de7\u5916\u578b\u7684Galaxy Z flip5 \uff01\u8584\u8377\u7da0\u771f\u6ef4\u7f8e\ud83d\udc9a\n\n\u52a0\u5165\u5168\u661f\u9663\u71df Join the flip side\u5427\uff01\n\n#GalaxyZFlip5\n#JoinTheFlipSide\n#\u65d7\u8266\u65b0\u647a\u758a \n#\u5373\u523b\u8d85\u5c55\u958b\n\n\ud83d\udccd\u6211\u4f4f\u7684\u98ef\u5e97\uff1a\u6d77\u723e\u7dad\u7cbe\u54c1\u9152\u5e97\n\u6211\u89ba\u5f97\u4e7e\u6de8\u5730\u9ede\u597d \u4f46\u65e9\u4e0a\u51cc\u6668\u5c31\u6709\u96fb\u8eca\u7d93\u904e\n\u5f88\u5435XDDD \u4e0d\u904e\u525b\u597d\u6709\u6642\u5dee \u53ef\u4ee5\u65e9\u9ede\u8d77\u5e8a\uff08\uff1f\uff09\n\ud83d\udccd\u666f\u9ede\uff1aNiderdorf\u3001Grossm\u00fcnster\u3001Kirche Fraum\u00fcnster\u3001Lindenhof \u3001Flussbad Oberer Letten Schwimmbad \n\ud83d\udccd\u7f8e\u98df\uff1aZeughauskeller Restaurant \u3001Simon Says Taste Taiwan\n\n\n\u5e0c\u671b\u4f60\u5011\u559c\u6b61\u9019\u90e8\u5f71\u7247\n\u559c\u6b61\u5e6b\u6211\u8a02\u95b1\u6309\u8b9a\u5206\u4eab \u8a18\u5f97\u958b\u555f\u5c0f\u9234\u943a\u6536\u53d6\u65b0\u7247\u901a\u77e5\u5594\uff01\n\n\uff3f\uff3f\uff3f\uff3f\uff3f\uff3f\uff3f\uff3f\uff3f\uff3f\uff3f\uff3f\uff3f\uff3f\uff3f\uff3f\uff3f\uff3f\uff3f\uff3f\uff3f\n\n\u2b50\ufe0f\u91d1\u91dd\u83c7\u7684\u97d3\u570b\u7f8e\u98df\u54c1\u724c\uff1ahttps://www.kimkfoods.com\n\u2b50\ufe0f\u91d1\u5bb6\u311f\u5e03\u5e33\u99ac\u8eca\uff1ahttps://www.facebook.com/groups/2297603990535075/\n\u2b50\ufe0f\u91d1\u91dd\u83c7\u7684\u7c89\u5c08: https://www.facebook.com/Koreajinzhengu/\n\u2b50\ufe0f\u91d1\u91dd\u83c7\u7684IG: https://www.instagram.com/ggu__kim/\n\u2b50\ufe0f\u5408\u4f5c\u9080\u7d04\u8acb\u6d3dPressPlay\uff1ajinyoungkim@pressplay.cc\n\n\uff3f\uff3f\uff3f\uff3f\uff3f\uff3f\uff3f\uff3f\uff3f\uff3f\uff3f\uff3f\uff3f\uff3f\uff3f\uff3f\uff3f\uff3f\uff3f\uff3f\uff3f",
        "likeCount": "12145",
        "commentCount": "507",
        "viewCount": "721460"
    },
    "comments": [
        {
            "reply_id": "UgyfN0kdOhCdM9LBUFN4AaABAg",
            "reply_content": "\u5feb\u6a02\u745e\u58eb\u904a\ud83c\udde8\ud83c\udded\u7b2c\u4e00\u6b21\u5e36\u5abd\u5abd\u4f86\u6b50\u6d32\u5566\uff5e\uff5e\u671f\u5f85\u53c8\u6709\u9ede\u7dca\u5f35\u8ca0\u64d4 \u56e0\u70ba\u6b50\u6d32\u6211\u4e0d\u719f\u54c8\u54c8\n\u5f71\u7247\u4e2d\u7684\u666f\u9ede\u3001\u9910\u5ef3\n\u8cc7\u8a0a\u90fd\u653e\u5728\u8cc7\u8a0a\u6b04\u4e86\u5537\uff01\u53ef\u4ee5\u53c3\u8003\u2764\u5e0c\u671b\u4f60\u5011\u559c\u6b61\u9019\u652f\u5f71\u7247\uff01"
        },
        {
            "reply_id": "UgyaEplEcJvn_yYqQeJ4AaABAg",
            "reply_content": "\u59d1\u5988\u5f88\u6f02\u4eae\uff01\u5e74\u8f7b\u65f6\u53ef\u5f53\u660e\u661f"
        },
        {
            "reply_id": "Ugxcd7LzUXtdkVR1eX14AaABAg",
            "reply_content": "\u883b\u795e\u5947\u7684 \u770b\u91d1\u91dd\u83c7\u5728\u53f0\u7063\u9910\u5ef3\u9ede\u83dc\u7684\u6642\u5019\u8aaa\u8457 \u597d\u8cb4 \u8981\u614e\u9078  \u4f46\u662f\u770b\u91d1\u91dd\u83c7\u4e00\u8def\u8d70\u4f86\u73fe\u5728\u4e5f\u662f\u767e\u842cYT\u4e86 \u91d1\u91dd\u83c7\u61c9\u8a72\u4e5f\u6709\u8cfa\u5230\u9322\u624d\u5c0d \u4f46\u662f\u76f8\u6bd4\u4e00\u4e9b\u767e\u842cYT \u958b\u540d\u8eca \u8cb7\u8c6a\u5b85 \u537b\u8aaa\u4e0d\u597d\u8cfa \u6c92\u5565\u8cfa\u9322 \u91d1\u91dd\u83c7\u76f8\u8f03\u4e4b\u4e0b\u771f\u7684\u975e\u5e38\u6a38\u5be6\u8036!"
        },
        {
            "reply_id": "UgxX5jBnSUy5hVm7X8p4AaABAg",
            "reply_content": "\u91d1\u91dd\u83c7\u771f\u7684\u597d\u53ef\u611b\uff0c\u5df2\u7d93\u628a\u53f0\u7063\u7576\u6210\u81ea\u5df1\u7684\u5bb6\u9109\u4e86\uff0c\u53f0\u7063\u6709\u59b3\u592a\u5e78\u798f\u4e86"
        },
        {
            "reply_id": "UgzUZF2q0Ah8IX02Rih4AaABAg",
            "reply_content": "\u5abd\u5abd\u597d\u5e74\u8f15\u3001\u6f02\u4eae\uff0c\u6709\u6c23\u8cea"
        },
        {
            "reply_id": "UgwpHWN1fDwjP44DLwR4AaABAg",
            "reply_content": "\u83c7\u5abd\u4e5f\u592a\u5e74\u8f15\u4e86\u5427\ud83d\ude31\ud83d\ude31\ud83d\ude31\u6572\u7897\u958b\u7bb1\u83c7\u5abd\u4fdd\u990a\u54c1\u548c\u4fdd\u990a\u65b9\u5f0f\ud83d\ude0e\ud83d\ude0e\u83c7\u8d8a\u4f86\u8d8a\u7f8e\u2764\u800c\u4e14\u5f88\u5b5d\u9806\u5e36\u5abd\u5abd\u51fa\u570b\uff5e\u745e\u58eb\u4e5f\u592a\u8cb4\u8cb4\u4e86\ud83d\ude31\u4e4b\u524d\u53bb\u6b50\u6d32\u6700\u60f3\u5ff5\u7684\u5c31\u662f\u706b\u934b\u706b\u934b\u706b\u934b\u22ef\u22ef\u5403\u5230\u7684\u6642\u5019\u771f\u7684\u6703\u54ed\ud83d\ude02\ud83d\ude02"
        },
        {
            "reply_id": "UgzrKjLs4sh1xwfFYDB4AaABAg",
            "reply_content": "\u5979\u8b1b\u8a71\u5f88\u53ef\u611b"
        },
        {
            "reply_id": "UgxBHCv1n0Yq3Wa2RwN4AaABAg",
            "reply_content": "\u745e\u58eb\u4e00\u4efd\u7092\u98ef\u50f9\u683c\u8ddf\u91d1\u91dd\u83c7\u4e00\u5bb6\u5728\u5927\u7a3b\u57d5\u5403\u7684\u8089\u7ca5\u50f9\u683c\u4e00\u6a23\ud83d\ude31"
        },
        {
            "reply_id": "Ugz8xvgVREGS63ITL354AaABAg",
            "reply_content": "\u60f3\u77e5\u9053\u83c7\u7684\u5507\u818f\n\u4e5f\u592a\u81ea\u7136\u592a\u7f8e\u4e86\u5427"
        },
        {
            "reply_id": "Ugxx45TYAQzIHSjrCwV4AaABAg",
            "reply_content": "\u9019\u771f\u7684\u4e0d\u662f\u6211\u5fc3\u88e1\u65e2\u5b9a\u5f62\u8c61\u7684\u5abd\u5abd \u6709\u4e09\u500b\u5b69\u5b50\u90fd\u90a3\u9ebc\u5927\u4e86 \u9084\u4fdd\u990a\u7684\u90a3\u9ebc\u597d \u7136\u5f8c\u9084\u6709\u8179\u808c\u592a\u8a87\u5f35\u4e86\ud83d\ude02"
        },
        {
            "reply_id": "Ugxtzet2PgisiazUi5Z4AaABAg",
            "reply_content": "\u6f02\u4eae\u7684\u6c23\u8cea\u83c7\u5abd\u597d\u5e78\u798f\u2764"
        },
        {
            "reply_id": "UgxHvO1aHVDwE1OZ1nF4AaABAg",
            "reply_content": "\u83c7\u5abd\u8eab\u6750\u8d85\u8fa3\uff0c11\u5b57\u8179\u808c\u592a\u5f37\u4e86"
        },
        {
            "reply_id": "Ugy9T4E5hqKFfFL8YtN4AaABAg",
            "reply_content": "\u73cd\u83c7\u7709\u6bdb\u600e\u9ebc\u9019\u9ebc\u7c97\ud83d\ude02"
        },
        {
            "reply_id": "UgyBPrO_ZriBQhQSlUl4AaABAg",
            "reply_content": "\u624b\u6a5f\u5ee3\u544a\u592a\u4e45\u4e86"
        },
        {
            "reply_id": "UgxLk-ZjiGdpafOl9MF4AaABAg",
            "reply_content": "\u5389\u5bb3\u4e86\uff0c\u4e00\u4e2a\u89c6\u9891\u90fd\u80fd\u63a5\u4e24\u4e2a\u5e7f\u544a\u4e86"
        },
        {
            "reply_id": "Ugxhb-mbewHCk53uMn14AaABAg",
            "reply_content": "\u8ddf\u7559\u5b78\u751f\u7684\u5c0d\u8a71\u597d\u597d\u7b11\ud83d\ude02"
        },
        {
            "reply_id": "UgxYgQYxMDOcZQRp9td4AaABAg",
            "reply_content": "\u90a3\u689d\u73cd\u73e0\u9805\u934a\u597d\u597d\u770b\u554a! \u53ef\u4ee5\u5206\u4eab\u4e00\u4e0b\u724c\u5b50\u55ce\uff1f"
        },
        {
            "reply_id": "UgyqN1erKb90Y9HzvfR4AaABAg",
            "reply_content": "\u60f3\u8aaa\u91d1\u91dd\u83c7\u9019\u9ebc\u6f02\u4eae\u662f\u70ba\u4ec0\u9ebc\uff0c\u539f\u4f86\u662f\u5abd\u5abd\u7684\u57fa\u56e0\u592a\u5f37\u5927"
        },
        {
            "reply_id": "UgybP5XzaJUykS5OtwN4AaABAg",
            "reply_content": "\u597d\u68d2\uff01\u5ba3\u8a93\u4e5f\u592a\u53ef\u611b"
        },
        {
            "reply_id": "UgzOotIJvaB5M7SWaPB4AaABAg",
            "reply_content": "\u795e\u901a\u529b\u6709\u4fe1\u5fc3"
        }
    ]
}