{
    "video_info": {
        "id": "nHcqCHuZH9c",
        "channelTitle": "\u97d3\u52fe\u311f\u91d1\u91dd\u83c7 \ucc10\uca50\uafb8",
        "title": "\u53f0\u7063\u4eba98\uff05\u4e0d\u77e5\u9053\u7684\u97d3\u570b\u9053\u5730\u98df\u7269\u203c\ufe0f\u6bd4\u8f03\u53f0\u97d35\u7a2e\u300c\u76f8\u4f3c\u98df\u7269\u300d\u600e\u9ebc\u6709\u9ede\u50cf\uff1f\uff5c\u97d3\u52fe\u311f\u91d1\u91dd\u83c7 \ucc10\uca50\uafb8",
        "description": "#\u56de\u97d3\u570b\u7cfb\u5217\u756a\u5916\u7bc7\n#\u97d3\u52fe\u311f\u91d1\u91dd\u83c7\n\n\u53f0\u7063\u4eba98\uff05\u4e0d\u77e5\u9053\u7684\u97d3\u570b\u9053\u5730\u98df\u7269\u203c\ufe0f\u6bd4\u8f03\u53f0\u97d35\u7a2e\u300c\u76f8\u4f3c\u98df\u7269\u300d\u600e\u9ebc\u6709\u9ede\u50cf\uff1f\n\n\n\u5e0c\u671b\u4f60\u5011\u559c\u6b61\u9019\u90e8\u5f71\u7247\n\u559c\u6b61\u5e6b\u6211\u8a02\u95b1\u6309\u8b9a\u5206\u4eab \u8a18\u5f97\u958b\u555f\u5c0f\u9234\u943a\u6536\u53d6\u65b0\u7247\u901a\u77e5\u5594\uff01\n\n\uff3f\uff3f\uff3f\uff3f\uff3f\uff3f\uff3f\uff3f\uff3f\uff3f\uff3f\uff3f\uff3f\uff3f\uff3f\uff3f\uff3f\uff3f\uff3f\uff3f\uff3f\n\n\u2b50\ufe0f\u91d1\u91dd\u83c7\u7684\u97d3\u570b\u7f8e\u98df\u54c1\u724c\uff1ahttps://www.kimkfoods.com\n\u2b50\ufe0f\u91d1\u5bb6\u311f\u5e03\u5e33\u99ac\u8eca\uff1ahttps://www.facebook.com/groups/2297603990535075/\n\u2b50\ufe0f\u91d1\u91dd\u83c7\u7684\u7c89\u5c08: https://www.facebook.com/Koreajinzhengu/\n\u2b50\ufe0f\u91d1\u91dd\u83c7\u7684IG: https://www.instagram.com/ggu__kim/\n\u2b50\ufe0f\u5408\u4f5c\u9080\u7d04\u8acb\u6d3dPressPlay\uff1ajinyoungkim@pressplay.cc\n\n\uff3f\uff3f\uff3f\uff3f\uff3f\uff3f\uff3f\uff3f\uff3f\uff3f\uff3f\uff3f\uff3f\uff3f\uff3f\uff3f\uff3f\uff3f\uff3f\uff3f\uff3f",
        "likeCount": "23580",
        "commentCount": "1649",
        "viewCount": "916071"
    },
    "comments": [
        {
            "reply_id": "Ugybsuyi1cIzjqbtkGJ4AaABAg",
            "reply_content": "\u6700\u60f3\u5403\u5403\u770b\u54ea\u500b\u98df\u7269\uff1f"
        },
        {
            "reply_id": "UgzQ67CMzdelnP13Q8V4AaABAg",
            "reply_content": "\u725b\u8840\u61c9\u8a72\u50cf\u53f0\u7063\u7684\u8c6c\u8840\uff01"
        },
        {
            "reply_id": "Ugxfj2YOSwYyuH02GD54AaABAg",
            "reply_content": "\u9019\u6a23\u7684\u6bd4\u8f03\u771f\u7684\u89ba\u5f97\u597d\u9177\u554a"
        },
        {
            "reply_id": "Ugz6TrmnINPOAeSvhU14AaABAg",
            "reply_content": "\u611f\u89ba\u725b\u8840\u6bd4\u8f03\u50cf\u8c6c\u8840\u90a3\u6a23\n\u96de\u86cb\u7cd5\u6709\u5f88\u591a\u5f62\u72c0\u7684 \u5c0f\u6642\u5019\u90fd\u662f\u5403\u5361\u901a\u5716\u6848\u7684\n\u8c46\u6f3f\u9eb5 \u73fe\u5728\u53f0\u7063\u5f88\u591a\u725b\u5976\u934b\u8c46\u6f3f\u934b\n\u96d6\u7136\u4e0d\u89e3 \u4e5f\u4e0d\u6703\u5403\n\u4f46\u8eab\u908a\u771f\u7684\u8d85\u591a\u670b\u53cb\u6703\u9ede\u554a\uff01\uff01\uff01\n\u5f88\u5d29\u6f70"
        },
        {
            "reply_id": "Ugxv21Y1Qe4eae4_fIh4AaABAg",
            "reply_content": "\u7d93\u904e\u91d1\u91dd\u83c7\u7684\u4ecb\u7d39\uff0c\u8b93\u5927\u5bb6\u8a8d\u8b58\u66f4\u591a\uff0c\u97d3\u570b\u7684\u7576\u5730\u7f8e\u98df\ud83d\udc4d\ud83d\udc4d\ud83d\udc4d\n\u8c46\u6f3f\u9eb5\u4e4d\u770b\u4e4b\u4e0b\uff0c\u6709\u9ede\u50cf\u662f\u767d\u91ac\u610f\u5927\u5229\u9eb5\uff0c\u611f\u89ba\u5f88\u7f8e\u5473\ud83d\ude0b\n\u53f0\u7063\u4e5f\u6709\u9e79\u8c46\u6f3f\uff0c\u6240\u4ee5\u53e3\u5473\u4e0a\uff0c\u666e\u904d\u61c9\u8a72\u90fd\u80fd\u63a5\u53d7\u5427\ud83e\udd13"
        },
        {
            "reply_id": "Ugy3OWv_ViYSMb89p2l4AaABAg",
            "reply_content": "\u5c0f\u7de8\u4ecb\u7d39\u7684\u53f0\u7063\u5c0f\u98df,\u6839\u672c\u5168\u662f\u5ee3\u6771\u50b3\u7d71\u98df\u54c1,\u600e\u6703\u662f\u6e90\u81ea\u53f0\u7063\u5462\uff01\ud83d\ude02"
        },
        {
            "reply_id": "UgyZLl6EuR_-3CBrSid4AaABAg",
            "reply_content": "\u8c46\u6f3f\u9eb5\u548c\u7d05\u8c46\u5200\u524a\u9eb5\u597d\u5947\u602a\uff0c\ud83d\ude02"
        },
        {
            "reply_id": "UgxYHpKSm0fEvKVsgxV4AaABAg",
            "reply_content": "\u8c46\u6f3f\u9eb5\u8b93\u6211\u60f3\u8d77\u4e86\u5609\u7fa9\u7684\u6dbc\u9eb5 \u53c8\u751c\u53c8\u9e79\u9084\u6709\u9ec3\u74dc\u7d72~\u984f\u8272\u4e5f\u5f88\u50cf"
        },
        {
            "reply_id": "UgzrG1LnsWoUfUKHyKN4AaABAg",
            "reply_content": "\u53f0\u7063\u4e0d\u6b62\u53ea\u6709\u9d28\u8840\u4e5f\u6709\u8c6c\u8840,\u6211\u53cd\u800c\u89ba\u5f97\u8c6c\u8840\u8ddf\u725b\u8840\u6bd4\u8f03\u50cf\u3002"
        },
        {
            "reply_id": "UgxJMDHzpDorDkRDfvB4AaABAg",
            "reply_content": "\u6a61\u5be6\u6dbc\u7c89\u8ddf\u6dbc\u62cc\u7897\u8c46\u7c89\u6bd4\u8f03\u50cf\u5427\u96d6\u7136\u662f\u6ec7\u7dec\u6599\u7406\ud83d\ude05"
        },
        {
            "reply_id": "UgwvNsFfwwwKrVmKWJ14AaABAg",
            "reply_content": "\u91d1\u91dd\u83c7\u4e0b\u6b21\u4f86\u62cd\u651d\uff0c\u600e\u6a23\u505a\u6a61\u5be6\u51cd\uff0c\u53f0\u7063\u6709\u4eba\u8ce3\u6a61\u5be6\u7c89\u7684\uff0c\u5728\u6c38\u548c\u4e2d\u8208\u8857"
        },
        {
            "reply_id": "UgwblASWe8WX3-ZdVoF4AaABAg",
            "reply_content": "\u771f\u662f\u6587\u5316\u885d\u64ca"
        },
        {
            "reply_id": "UgwtZN8QqhCRydLXDVV4AaABAg",
            "reply_content": "\u770b\u5230\u7d05\u8c46\u5200\u524a\u9eb5\u8b93\u6211\u60f3\u8d77\u7528\u7c73\u505a\u7684\u300c\u7c73\u53f0\u76ee\u300d\u9eb5\uff0c\u5b83\u4e5f\u662fQQ\u7684\u9eb5\uff0c\u53ef\u4ee5\u642d\u7cd6\u6c34\u3001\u632b\u51b0\u5403\uff0c\u4e5f\u80fd\u5920\u716e\u9e79\u6e05\u6e6f\u52a0\u7c73\u53f0\u76ee\u71b1\u71b1\u5403\uff0c\u8ddf\u7d05\u8c46\u9eb5\u5f88\u50cf"
        },
        {
            "reply_id": "Ugza93xC9rgzPQ10e0d4AaABAg",
            "reply_content": "\u53f0\u7063\u6709\u8c46\u6f3f\u706b\u934b\u8ddf\u9e79\u8c46\u6f3f\uff0c\u4f46\u8c46\u6f3f\u51b7\u9eb5\u597d\u7279\u5225\n\u7d05\u8c46\u9eb5\u4e5f\u597d\u7279\u5225\u54e6"
        },
        {
            "reply_id": "UgwNnNj_Dc_hkjpTQE14AaABAg",
            "reply_content": "\u53f0\u7063\u6709\u4e00\u6a23\u5f88\u53b2\u5bb3\u7684\u98df\u6750\u53eb\u201c\u7c73\u82d4\u76ee\u201d\uff0c\u505a\u6210\u51b0\u54c1\u6216\u751c\u9ede\u8d85\u7d1a\u8b9a\ud83d\udc4d\ud83d\udc4d"
        },
        {
            "reply_id": "UgxcdP_Xh9WVutzSXlx4AaABAg",
            "reply_content": "\u5176\u5be6\u7d05\u8c46\u5200\u524a\u9eb5\u8ddf\u7d05\u8c46\u6e6f\u5713\u6709\u7570\u66f2\u540c\u5de5\u4e4b\u5999\u22ef\u22ef"
        },
        {
            "reply_id": "Ugz2c19zn5Gzkynt7Ix4AaABAg",
            "reply_content": "\u7ea2\u8c46\u9762\u548c\u8c46\u6d46\u9762\u5f88\u7279\u522b, \u6709\u673a\u4f1a\u5c1d\u4e00\u5c1d"
        },
        {
            "reply_id": "Ugwj0CEfj4FPAv_AWO14AaABAg",
            "reply_content": "\u5176\u5be6\u53f0\u7063\u4e5f\u6709\u8840\u8178\u5594\uff01\u53f0\u7063\u7684\u539f\u4f4f\u6c11\u5c24\u5176\u6392\u7063\u65cf\u3001\u9b6f\u51f1\u65cf\u90fd\u6703\u5728\u5a5a\u79ae\u6216\u796d\u5100\u7684\u6642\u5019\u90fd\u6703\u88fd\u4f5c"
        },
        {
            "reply_id": "UgzXv7yS2tIeYCJk21h4AaABAg",
            "reply_content": "\u6a61\u5be6\u7c89\u611f\u89ba\u5f88\u50cf \u8c4c\u8c46\u7c89\ud83e\udd23"
        },
        {
            "reply_id": "UgxHpax-5MmWvmJ-zyR4AaABAg",
            "reply_content": "\u6211\u89ba\u5f97\u6a61\u5be6\u6dbc\u7c89\u6703\u4e0d\u6703\u6bd4\u8f03\u50cf\u611b\u7389\uff1f"
        }
    ]
}