{
    "video_info": {
        "id": "nL0LG7JSpuM",
        "channelTitle": "\u97d3\u52fe\u311f\u91d1\u91dd\u83c7 \ucc10\uca50\uafb8",
        "title": "\u9694\u96e2\u51fa\u95dc\u5012\u6578\ud83d\ude2d\u9ede\u97d3\u570b\u5916\u9001app\u53f0\u7063\u7f8e\u98df\u4f86\u6176\u795d\uff01\u7a76\u7adf\u53f0\u7063\u98a8\u9084\u5728\u55ce\uff1f\u3010\u56de\u97d3\u570b\u7cfb\u5217\ud83c\uddf0\ud83c\uddf72\u3011\uff5c\u97d3\u52fe\u311f\u91d1\u91dd\u83c7 \ucc10\uca50\uafb8",
        "description": "\u8b1d\u8b1d\u5927\u5bb6\u7684\u795d\u798f\u2764\ufe0f \u597d\u611f\u52d5\n\u9019\u5e7e\u5929\u5728\u5bb6\u4eba\u8eab\u908a\u771f\u7684\u5f88\u5e78\u798f\uff5e\n\n#\u91d1\u91dd\u83c7\u5728\u97d3\u570b #\u9694\u96e2\u51fa\u95dc #\u97d3\u570b\u5916\u9001\u53f0\u7063\u6599\u7406\n\n\u5e0c\u671b\u4f60\u5011\u559c\u6b61\u9019\u90e8\u5f71\u7247\n\u559c\u6b61\u5e6b\u6211\u8a02\u95b1\u6309\u8b9a\u5206\u4eab \u8a18\u5f97\u958b\u555f\u5c0f\u9234\u943a\u6536\u53d6\u65b0\u7247\u901a\u77e5\u5594\uff01\n\n#\u9694\u96e2\u7cfbyoutuber \n\uff3f\uff3f\uff3f\uff3f\uff3f\uff3f\uff3f\uff3f\uff3f\uff3f\uff3f\uff3f\uff3f\uff3f\uff3f\uff3f\uff3f\uff3f\uff3f\uff3f\uff3f\n\n\u2b50\ufe0f\u91d1\u91dd\u83c7\u7684\u97d3\u570b\u7f8e\u98df\u54c1\u724c\uff1ahttps://www.kimkfoods.com\n\u2b50\ufe0f\u91d1\u5bb6\u311f\u5e03\u5e33\u99ac\u8eca\uff1ahttps://www.facebook.com/groups/2297603990535075/\n\u2b50\ufe0f\u91d1\u91dd\u83c7\u7684\u7c89\u5c08: https://www.facebook.com/Koreajinzhengu/\n\u2b50\ufe0f\u91d1\u91dd\u83c7\u7684IG: https://www.instagram.com/ggu__kim/\n\u2b50\ufe0f\u5408\u4f5c\u9080\u7d04\u8acb\u6d3dPressPlay\uff1ajinyoungkim@pressplay.cc\n\n\uff3f\uff3f\uff3f\uff3f\uff3f\uff3f\uff3f\uff3f\uff3f\uff3f\uff3f\uff3f\uff3f\uff3f\uff3f\uff3f\uff3f\uff3f\uff3f\uff3f\uff3f",
        "likeCount": "32471",
        "commentCount": "1294",
        "viewCount": "1338733"
    },
    "comments": [
        {
            "reply_id": "UgxPEZzYNOWSd9qdxzl4AaABAg",
            "reply_content": "\u91d1\u91dd\u83c7\u6c92\u5403\u91d1\u91dd\u83c7"
        },
        {
            "reply_id": "Ugy8r1MuJTmrSV7bPnh4AaABAg",
            "reply_content": "\u770b\u4e86\u5f88\u591a\u83c7\u7684\u5f71\u7247\uff0c\u8d8a\u5f8c\u9762\u8d8a\u89ba\u5f97\u83c7\u5f88\u8010\u770b\uff0c\u5176\u5be6\u6eff\u6f02\u4eae\u6eff\u53ef\u611b\u7684\u3002\ud83d\ude0a\ud83d\ude0a\ud83d\ude0a"
        },
        {
            "reply_id": "Ugyn2O6-lFbemCIYA8p4AaABAg",
            "reply_content": "\u91d1\u91dd\u83c7\u60a8\u597d\uff0c\u6211\u662f\u5e74\u4ee3\u58f9\u96fb\u8996\u7684\u8a18\u8005 \u9ec3\u90c1\u5ead\uff0c\u6211\u5011\u5728\u505a\u53f0\u65e5\u97d3\u8d85\u5546\u96f6\u98df\u7684\u76f8\u95dc\u65b0\u805e\uff0c\u662f\u5426\u53ef\u4ee5\u5f15\u7528\u60a8\u7684\u756b\u9762\uff0c\u756b\u9762\u7576\u4e2d\u6703\u6a19\u8a3b\u4f86\u6e90\uff0c\u8b1d\u8b1d\u60a8!"
        },
        {
            "reply_id": "UgyGE6AssFeUeox1_6N4AaABAg",
            "reply_content": "\u6211\u767c\u73fe \u91d1\u91dd\u83c7\u6234\u773c\u93e1\u771f\u7684\u597d\u6f02\u4eae \u4e0d\u77e5\u9053\u6709\u6c92\u6709\u4eba\u8ddf\u6211\u662f\u4e00\u6a23\u7684\u611f\u89ba\ud83d\ude02"
        },
        {
            "reply_id": "Ugz4wfEAoCzJsvXK67R4AaABAg",
            "reply_content": "\u6211\u662f\u53f0\u7063\u7684\u5eda\u5e2b \u5c08\u7cbe\u53f0\u7063\u5c0f\u5403\n\u5982\u679c\u53bb\u97d3\u570b\u958b\u4e00\u5bb6\u53f0\u7063\u9053\u5730\u5c0f\u5403\u5e97\u7684\u8a71 \u751f\u610f\u6703\u5f88\u597d\u55ce\uff1f\u97d3\u570b\u4eba\u6703\u63a5\u53d7\u55ce\uff1f\ud83d\ude02"
        },
        {
            "reply_id": "UgyOFUYhqJ-35pfIopV4AaABAg",
            "reply_content": "\u807d\u5230 \u90fd\u4e0d\u63ea \u5feb\u7b11\u6b7b"
        },
        {
            "reply_id": "UgywUhtQmoenI45-npF4AaABAg",
            "reply_content": "\u53f0\u4e2d\u81ea\u7531\u8def\u7684\u6d2a\u745e\u73cd\u6700\u597d\u5403!"
        },
        {
            "reply_id": "UgwQ_eBtGD_Q3qVimH54AaABAg",
            "reply_content": "\u6211\u8d85\u611b\u963f\u85a9\u59c6\u7684\u5473\u9053\uff0c\u539f\u5473\u6700\u597d\u559d"
        },
        {
            "reply_id": "Ugym5rv2cfJT5poDWr94AaABAg",
            "reply_content": "\u963f\u85a9\u59c6\u5305\u88dd\u600e\u9ebc\u662f\u7d2b\u8272\u7684"
        },
        {
            "reply_id": "UgzGGGwblBxrL2v0SP54AaABAg",
            "reply_content": "\u55ef\u54fc\n\u7d50\u679c\u5c31\u8b8a\u6210\u4e86\u5403\u64ad~\u54c8\u54c8\u54c8\n\u800c\u4e14\u662f\u5728\u97d3\u570b\u5403\u53f0\u7063\u5473\u7684\u98df\u7269,\u96d6\u7136\u53ef\u80fd\u4e0d\u4e00\u5b9a\u6703\u662f\u9053\u5730\u7684\u53f0\u7063\u5473\n\u4f46\u662f\u5982\u679c\u597d\u5403\u7b26\u5408\u97d3\u570b\u4eba\u6703\u559c\u6b61\u7684\u8a71,\u90a3\u4e5f\u4e0d\u662f\u975e\u8981\u5b8c\u5168\u53f0\u7063\u5473,\u53f0\u7063\u5357\u6ce2\u842c~"
        },
        {
            "reply_id": "Ugx3chWsg-aRhlFiFgR4AaABAg",
            "reply_content": "\u56de\u570b\u53cd\u800c\u6c34\u571f\u4e0d\u670d\uff0c\u9053\u5730\u53f0\u7063\u4eba\u8a8d\u8b49\uff1f"
        },
        {
            "reply_id": "Ugw-PlsC_i5nR1a86yV4AaABAg",
            "reply_content": "\u9019\u9ebc\u512a\u79c0\u9069\u5408\u53f0\u7063\u74b0\u5883\u7684\u7f8e\u5973\uff0c\u8ab0\u8d95\u5feb\u5a36\u56de\u53f0\u7063\u5427\uff01\u8b8a\u6b63\u6e2f\u53f0\u7063\u5ab3\u5a66\u3002\u4e0d\u904e\u9019\u9ebc\u6703\u5403\uff0c\u627e\u500b\u597d\u4eba\u5bb6\u990a\ud83e\udd23\ud83e\udd23\ud83e\udd23"
        },
        {
            "reply_id": "UgzsFMQIJNqTW4TLVtR4AaABAg",
            "reply_content": "\u4e00\u770b\u5c31\u4e0d\u9053\u5730\uff0c\u53f0\u7063\u7684\u751f\u714e\u5305\u54ea\u6703\u6709\u4ec0\u9ebc\u93ae\u6c5f\u9999\u918b\uff0c\u90a3\u662f\u4e2d\u570b\u7684\uff0c\u800c\u4e14\u4e5f\u4e0d\u6703\u5169\u9762\u714e\u6210\u5496\u5561\u8272\uff0c\u901a\u5e38\u53ea\u714e\u4e00\u9762\uff0c\u800c\u4e14\u9019\u500b\u6c41\u4e5f\u592a\u591a\u4e86\uff0c\u6211\u770b\u516b\u6210\u662f\u523b\u610f\u5728\u88e1\u9762\u52a0\u8c6c\u76ae\u51cd\u4f86\u7684\uff01\u9084\u662f\u98f2\u6599\u6bd4\u8f03\u9053\u5730\uff01"
        },
        {
            "reply_id": "UgzoaezTxVgCKu0ZUkh4AaABAg",
            "reply_content": "\u91d1\u91dd\u83c7\u6bcf\u5929\u62ff\u7684\u624b\u6a5f\u597d\u50cf\u90fd\u4e0d\u4e00\u6a23><(\u91cd\u9ede\u8aa4"
        },
        {
            "reply_id": "Ugz4ep30Xw7FzPdKwZ94AaABAg",
            "reply_content": "\u771f\u7684\u5f88\u53ef\u611b \u771f\u5fc3 \u8d85\u7d1a\u559c\u6b61\u770b\u59b3"
        },
        {
            "reply_id": "UgxvrnIV3fRW_CZ2HtZ4AaABAg",
            "reply_content": "\u4e00\u770b\u5c31\u4e0d\u662f\u53f0\u7063\u7684\u6ef7\u8089\u98ef~~\u5982\u679c\u4e0d\u662f\u53f0\u7063\u4eba\u8ce3\u7684\u5c31\u7b97\u4e86\uff0c\u5982\u679c\u662f\u53f0\u7063\u4eba\u8ce3\u7684~~\u90a3\u4e0d\u884c\uff01\u9019\u6a23\u6709\u8fb1\u570b\u9580\uff0c\u8001\u95c6\u8acb\u8d95\u5feb\u6539\u5584\uff01~\n\u751f\u714e\u5305\u61c9\u8a72\u662f\u4e2d\u570b\u4eba\u8ce3\u7684\uff0c\u6211\u5728\u4e2d\u570b\u5403\u5230\u7684\u751f\u714e\u5305\u5c31\u662f\u90a3\u500b\u6a23\u5b50\uff01\n\u706b\u934b100%\u53f0\u7063\u7684\u6c92\u932f~~\u770b\u914d\u83dc\u5c24\u5176\u90a3\u500b\u6c99\u8336\u91ac~~\uff01"
        },
        {
            "reply_id": "Ugy-d32qdw2HXqazUcF4AaABAg",
            "reply_content": "\u706b\u934b\u66c9\u5f97\u6e6f\u6599\u5206\u958b \u8292\u679c\u51b0\u66c9\u5f97\u51b0\u6599\u5206\u958b \u725b\u8089\u6e6f\u9eb5\u5c31\u9019\u6a23\u4e00\u5768\u51fa\u8ca8 \u96f6\u5206 \u6ef7\u8089\u98ef\u5e7e\u4e4e\u90fd\u662f\u7626\u8089 \u6c92\u6709\u9748\u9b42\u963f~"
        },
        {
            "reply_id": "UgxtfZszPPr39aiTMaZ4AaABAg",
            "reply_content": "\u5728\u53f0\u7063\u548c\u97d3\u570b\u6574\u5929\u53eb\u5916\u8ce3\u6703\u4e0d\u6703\u4e0d\u592a\u5065\u5eb7\u55ce\ud83d\ude05"
        },
        {
            "reply_id": "UgxAwF4tZm8rfijaM154AaABAg",
            "reply_content": "\u5fc3\u60c5\u4e0d\u597d\u6642\u770b\u91d1\u91dd\u83c7\u5f71\u7247\u597d\u958b\u5fc3\u7684\u800c\u4e14\u4e0d\u6703\u5f88\u6b7b\u7248"
        },
        {
            "reply_id": "UgzgLGWGqXFp6m_K-Y94AaABAg",
            "reply_content": "\u5c31\u50cf\u97d3\u5f0f\u6599\u7406\u5728\u53f0\u7063\u4e0d\u4fbf\u5b9c\u3001\u53f0\u5f0f\u6599\u7406\u5728\u97d3\u570b\u4e5f\u662f\u8cb4\u8cb4\u7684\uff5e"
        }
    ]
}