{
    "video_info": {
        "id": "NxWVMI5RAo8",
        "channelTitle": "\u97d3\u52fe\u311f\u91d1\u91dd\u83c7 \ucc10\uca50\uafb8",
        "title": "\u65e5\u672c\u904aDAY1\u767c\u751f\u7684\u4e8b\u60c5\u2026\ud83d\ude05\ud83c\uddef\ud83c\uddf5\u806f\u7d61\u4e0d\u5230\u623f\u6771\u8981\u7761\u5730\u4e0a\u4e86\u2026.\u7fbd\u7403\u968a\u79fb\u5730\u8a13\u7df4\uff5c\u97d3\u52fe\u311f\u91d1\u91dd\u83c7 \ucc10\uca50\uafb8",
        "description": "\u554a\u54c8\u54c8\u7d42\u65bc\u8ddf\u7fbd\u7403\u968a\u4e00\u8d77\u98db\u65e5\u672c\u73a9\u5566\uff01\n\u4e00\u5230\u65e5\u672c\u5c31\u806f\u7d61\u4e0d\u5230\u623f\u6771\u5be6\u5728\u662f\u592a\u523a\u6fc0\u4e86\uff01\uff01\uff01\u54c8\u54c8\u54c8\u54c8\n\u5e78\u597d\u5927\u5bb6\u90fd\u5f88\u6709\u8010\u5fc3 \u96a8\u548c\n\u9806\u5229\u627e\u5230\u65b0\u98ef\u5e97\u5165\u4f4f\u2764\ufe0f\n\n\u73fe\u5728\u5237Visa\u5728Agoda\u6307\u5b9a\u9023\u7d50\u8a02\u623f\uff0c\u6700\u9ad8\u53ef\u4ee5\u4eab15%\u512a\u60e0\u5537\uff5e\nhttps://www.agoda.com/c/visatw\n\n\u767c\u73fe\u75ab\u60c5\u5f8c\u7684\u65e5\u672c\u5f88\u591a\u5e97\u5bb6\u90fd\u53ef\u4ee5\u5237\u5361\n\u7121\u63a5\u89f8\u611f\u61c9\u652f\u4ed8\u771f\u7684\u8d85\u65b9\u4fbf \u4ee5\u5f8c\u90fd\u4e0d\u7528\u62ff\u73fe\u91d1\u4e86\n\u53e6\u5916\u73fe\u5728\u65e5\u672c\u5510\u5409\u8a36\u5fb7\u8ddfBicCamera\u5237Visa\u53ef\u4eab10%\u514d\u7a05\u518d\u52a05%\u512a\u60e0\u5537\uff5e\n\n#\u7fbd\u7403\u968a\n#Visa\u633a\u4f60\u73a9\u904d\u4e16\u754c #\u51fa\u570b\u65c5\u904a\u5237Visa #\u8a02\u623f\u5237Visa\n\n\u5e0c\u671b\u4f60\u5011\u559c\u6b61\u9019\u90e8\u5f71\u7247\n\u559c\u6b61\u5e6b\u6211\u8a02\u95b1\u6309\u8b9a\u5206\u4eab \u8a18\u5f97\u958b\u555f\u5c0f\u9234\u943a\u6536\u53d6\u65b0\u7247\u901a\u77e5\u5594\uff01\n\n\uff3f\uff3f\uff3f\uff3f\uff3f\uff3f\uff3f\uff3f\uff3f\uff3f\uff3f\uff3f\uff3f\uff3f\uff3f\uff3f\uff3f\uff3f\uff3f\uff3f\uff3f\n\n\u2b50\ufe0f\u91d1\u91dd\u83c7\u7684\u97d3\u570b\u7f8e\u98df\u54c1\u724c\uff1ahttps://www.kimkfoods.com\n\u2b50\ufe0f\u91d1\u5bb6\u311f\u5e03\u5e33\u99ac\u8eca\uff1ahttps://www.facebook.com/groups/2297603990535075/\n\u2b50\ufe0f\u91d1\u91dd\u83c7\u7684\u7c89\u5c08: https://www.facebook.com/Koreajinzhengu/\n\u2b50\ufe0f\u91d1\u91dd\u83c7\u7684IG: https://www.instagram.com/ggu__kim/\n\u2b50\ufe0f\u5408\u4f5c\u9080\u7d04\u8acb\u6d3dPressPlay\uff1ajinyoungkim@pressplay.cc\n\n\uff3f\uff3f\uff3f\uff3f\uff3f\uff3f\uff3f\uff3f\uff3f\uff3f\uff3f\uff3f\uff3f\uff3f\uff3f\uff3f\uff3f\uff3f\uff3f\uff3f\uff3f",
        "likeCount": "11715",
        "commentCount": "319",
        "viewCount": "709476"
    },
    "comments": [
        {
            "reply_id": "UgzzC_FoeVYC_l1BVed4AaABAg",
            "reply_content": "\u554a\u54c8\u54c8\u54c8\u54c8\u597d\u73a9\u597d\u73a9\ud83d\ude02\u767c\u751f\u5f97\u5f88\u7a81\u7136\u4f46\u5927\u5bb6\u90fd\u5f88\u51b7\u975c\u54c8\u54c8\u54c8\u54c8\u96e3\u5fd8\u7684\u65e5\u672c\u7b2c\u4e00\u5929\ud83c\udf89"
        },
        {
            "reply_id": "UgyNf0M1BiOWCt9mydV4AaABAg",
            "reply_content": "\u771f\u670b\u53cb\u624d\u6703\u4e92\u76f8\u5305\u5bb9\u9ad4\u8ad2\u4e0d\u6703\u751f\u6c23\u2764\u7fa8\u6155\u4f60\u5011\u7684\u53cb\u8abc"
        },
        {
            "reply_id": "Ugx0aNbMgn_nx4izuzR4AaABAg",
            "reply_content": "\u8981\u5439\u653e\u9032\u53bb\ud83d\ude02"
        },
        {
            "reply_id": "Ugwd_v7hPWc-7we21j14AaABAg",
            "reply_content": "\u592a\u559c\u6b61\u770b\u91d1\u83c7\u6797\u8431\u4e86"
        },
        {
            "reply_id": "Ugz0TpfSaaP4DaQiACZ4AaABAg",
            "reply_content": "\u4f60\u51fa\u570b\u73a9\u90a3\u5927\u982d\u81ea\u5df1\u5728\u5bb6\u55ce\uff1f\u8ab0\u7167\u9867\u7260\u5462\uff1f"
        },
        {
            "reply_id": "UgyXU0A-0qJH4MB8DTx4AaABAg",
            "reply_content": "\u4e4b\u524d\u53bb\u65e5\u672c\u8a02\u6c11\u5bbf\u4e5f\u662f\u5dee\u9ede\u9732\u5bbf\u8857\u982d\ud83e\udd72\u73fe\u5728\u51fa\u570b\u73a9\u5be7\u9858\u8a02\u98ef\u5e97"
        },
        {
            "reply_id": "UgycMlynlWOViS__K014AaABAg",
            "reply_content": "\u6797\u8431\u8ddf\u8521\u54e5\u662f\u4e0d\u662f\u79c1\u5e95\u4e0b\u5c31\u5728\u4e00\u8d77\u4e86"
        },
        {
            "reply_id": "UgzFIAFi9_Ze-iAkZ0h4AaABAg",
            "reply_content": "\u54c8\u54c8\u54c8 \u7b11\u6b7b \u5982\u679c\u662f\u6211\u670b\u53cb\u6703\u5148\u88ab\u6211\u63cd\u4e00\u9813\n\u63cd\u5b8c\u518d\u60f3\u8fa6\u6cd5"
        },
        {
            "reply_id": "UgwElwc4qVSiYgDVjx94AaABAg",
            "reply_content": "\u91d1\u91dd\u83c7\u7684\u5bec\u8932\u548c\u914d\u5e3dt\u90a3\u4ef6\u5bec\u8932\u53ef\u4ee5\u8acb\u554f\u4ec0\u9ebc\u724c\u5b50\u7684\u55ce\ud83d\ude05"
        },
        {
            "reply_id": "Ugx6w5oMkW9a2HtNSlF4AaABAg",
            "reply_content": "\u7b2c\u4e00\u9593\u6c11\u5bbf\u53ef\u80fd\u672c\u4f86\u6c92\u6709\u5e74\u9f61\u9650\u5236\uff0c\u53ea\u662f\u4e0d\u723d\u5ba2\u4eba\u6c92\u6709\u7b2c\u4e00\u6642\u9593\u56de\u7b54\u554f\u984c\uff0c\u800c\u554f\u554f\u984c\u7684\u76ee\u7684\u5c31\u662f\u8981\u7be9\u9078\u5ba2\u4eba\u3002\u9019\u7a2e\u623f\u9593\u4e0d\u53bb\u4f4f\u4e5f\u597d\uff0c\u641e\u4e0d\u597d\u907f\u958b\u4e86\u5f88\u591a\u7cfe\u7d1b\u3002\u91d1\u91dd\u83c7\u767c\u73fe\u4f4f\u4e0d\u9032\u53bb\u6642\u6574\u500b\u81c9\u8272\u9435\u9752\uff0c\u770b\u5f97\u51fa\u4f86\u5f88\u6015\u5927\u5bb6\u751f\u81ea\u5df1\u7684\u6c23\ud83d\ude22 \u9019\u6642\u5019\u5c31\u767c\u73fe\u8521\u54e5\u771f\u7684\u662f\u6696\u7537\uff0c\u5728\u5403\u98ef\u6642\u534a\u958b\u73a9\u7b11\u5730\u5c0f\u5679\u4e86\u91d1\u91dd\u83c7\u4e00\u4e0b\uff0c\u9019\u4ef6\u4e8b\u5c31\u7b97\u904e\u53bb\u3002\u5f88\u6709\u5927\u54e5\u7684\u9818\u5c0e\u529b\u3002\u2764 \u611f\u89baYT\u4e4b\u795e\u5f88\u7737\u9867\u5927\u5bb6\uff0c\u5e6b\u5927\u5bb6\u5b89\u6392\u4e86\u4e00\u500b\u9019\u9ebc\u771f\u5be6\u7dca\u5f35\u7684\u6a4b\u6bb5\uff0c\u4e5f\u63d0\u9192\u89c0\u773e\u8a02\u623f\u53ef\u80fd\u6703\u6709\u9019\u4e9b\u610f\u60f3\u4e0d\u5230\u7684\u554f\u984c\u3002\ud83d\ude0a"
        },
        {
            "reply_id": "Ugy5_Usmk_9PgCBEg914AaABAg",
            "reply_content": "\u7fbd\u7403\u968a\u4e00\u8d77\u51fa\u904a\uff0c\u597d\u6b61\u6a02\ud83c\udf89"
        },
        {
            "reply_id": "Ugzl92XN7UxV1Z6rZtt4AaABAg",
            "reply_content": "\u5c04\u624b\u5ea7\u5f88\u6a02\u89c0\u7684\uff0c\u53cd\u6b63\u6700\u591a\u6c92\u5730\u65b9\u4f4f\u54c8\u54c8\ud83d\ude02"
        },
        {
            "reply_id": "UgzbAquUS13FIuy4tJ94AaABAg",
            "reply_content": "\u9019\u96c6\u5728\u65e5\u672c\u8d85\u7d1a\u6d41\u6d6a\u611f\u89ba\ud83d\ude06"
        },
        {
            "reply_id": "UgztWI1d0YfMJw6sPSB4AaABAg",
            "reply_content": "Visa\u5361\u8b9a\uff01\u53bb\u65e5\u672c\u8cb7\u6771\u897f\u90fd\u72c2\u5237\uff0c\u9084\u6709\u5f88\u591a\u5730\u65b9\u53ef\u4ee5\u611f\u61c9\u652f\u4ed8\uff0c\u4e0d\u7528\u6162\u6162\u7b97\u9322\u82b1\u5f97\u66f4\u723d\ud83d\ude0d"
        },
        {
            "reply_id": "UgyPKWNCnms8LMO9HDh4AaABAg",
            "reply_content": "\u5feb\u7b11\u6b7b \u8981\u5439\u624d\u80fd\u653e\ud83d\ude02 \u597d\u7279\u5225\u7684\u65c5\u904a\u9ad4\u9a57"
        },
        {
            "reply_id": "UgwmIrnnJmVEnGGL3Bd4AaABAg",
            "reply_content": "\u592a\u71d9\u8981\u5148\u5439\u6dbc\uff0c\u624d\u80fd\u653e\u9032\u5634\u5df4\uff0c\u5f88\u6b63\u5e38\u554a\uff0c\u6709\u4ec0\u9ebc\u554f\u984c\u55ce\uff1f"
        },
        {
            "reply_id": "UgxMhqrkgY7jR-ityQd4AaABAg",
            "reply_content": "\u53ef\u4ee5\u8bf7\u95ee\u70e4\u732a\u6392\u54ea\u5bb6\u662f\u4ec0\u4e48\u540d\u5b57\uff1f\u8c22\u8c22"
        },
        {
            "reply_id": "Ugz-PSsEhHsBBe_derN4AaABAg",
            "reply_content": "\u8981\u5439\u624d\u80fd\u653e\u9032\u53bb \u7b11\u6b7b"
        },
        {
            "reply_id": "UgwGxKhSDgLsmrosP3d4AaABAg",
            "reply_content": "\u4f60\u5011\u9019\u5e7e\u500b\u90fd\u8cfa\u90a3\u9ebc\u591a\u600e\u9ebc\u4e0d\u4f4f\u9ad8\u7d1a\u98ef\u5e97"
        },
        {
            "reply_id": "UgzC04Bu8a9B9EZAo894AaABAg",
            "reply_content": "\u770b\u8457\u5927\u5bb6\u4e00\u8d77\u51fa\u53bb\u73a9,\u4e92\u76f8\u5305\u5bb9\u771f\u7684\u597d\u68d2,\u597d\u7684\u65c5\u4f34\u4e0d\u5bb9\u6613\u627e"
        }
    ]
}