{
    "video_info": {
        "id": "OYZWc230wtc",
        "channelTitle": "\u97d3\u52fe\u311f\u91d1\u91dd\u83c7 \ucc10\uca50\uafb8",
        "title": "\u9189\u4e86\ud83d\ude05\u6574\u5929\u53ea\u54037\u7a2e\u300c\u91d1\u9580\u9ad8\u7cb1\u7f8e\u98df\u300d\u203c\ufe0f\u9ad8\u7cb1\u55c6\u87f9\u3001\u86cb\u9905\u3001\u9999\u8178\u22ef\u22ef\u559d\u5230\u310e\u3127\u3124\uff5c\u97d3\u52fe\u311f\u91d1\u91dd\u83c7 \ucc10\uca50\uafb8",
        "description": "\u5e0c\u671b\u4f60\u5011\u559c\u6b61\u9019\u90e8\u5f71\u7247\n\u559c\u6b61\u5e6b\u6211\u8a02\u95b1\u6309\u8b9a\u5206\u4eab \u8a18\u5f97\u958b\u555f\u5c0f\u9234\u943a\u6536\u53d6\u65b0\u7247\u901a\u77e5\u5594\uff01\n\n\uff3f\uff3f\uff3f\uff3f\uff3f\uff3f\uff3f\uff3f\uff3f\uff3f\uff3f\uff3f\uff3f\uff3f\uff3f\uff3f\uff3f\uff3f\uff3f\uff3f\uff3f\n\n\u2b50\ufe0f\u91d1\u91dd\u83c7\u7684\u97d3\u570b\u7f8e\u98df\u54c1\u724c\uff1ahttps://www.kimkfoods.com\n\u2b50\ufe0f\u91d1\u5bb6\u311f\u5e03\u5e33\u99ac\u8eca\uff1ahttps://www.facebook.com/groups/2297603990535075/\n\u2b50\ufe0f\u91d1\u91dd\u83c7\u7684\u7c89\u5c08: https://www.facebook.com/Koreajinzhengu/\n\u2b50\ufe0f\u91d1\u91dd\u83c7\u7684IG: https://www.instagram.com/ggu__kim/\n\u2b50\ufe0f\u5408\u4f5c\u9080\u7d04\u8acb\u6d3dPressPlay\uff1ajinyoungkim@pressplay.cc\n\n\uff3f\uff3f\uff3f\uff3f\uff3f\uff3f\uff3f\uff3f\uff3f\uff3f\uff3f\uff3f\uff3f\uff3f\uff3f\uff3f\uff3f\uff3f\uff3f\uff3f\uff3f",
        "likeCount": "7313",
        "commentCount": "260",
        "viewCount": "297928"
    },
    "comments": [
        {
            "reply_id": "UgyreKUGYp_jblPRtD54AaABAg",
            "reply_content": "\u91d1\u91dd\u83c7\u559d\u9189\u9152,\u597d\u53ef\u611b"
        },
        {
            "reply_id": "UgxpjPTsiEfceBRUPVB4AaABAg",
            "reply_content": "\u9ad8\u7cb1\u9152 \u662f\u9ad8\u7cb1\u91c0\u7684\u5594"
        },
        {
            "reply_id": "Ugwq2XEtYGn4aTXn_G54AaABAg",
            "reply_content": "\u641e\u9322\u641e\u5230\u8b93\u53f0\u7063\u4eba\u5403\u4e09\u7d1a\u81f4\u764c\u7269\u7684\u7121\u826f\u7db2\u7d05\uff0c\u771f\u6709\u4f60\u7684\uff0c\u4e1f\u97d3\u570b\u4eba\u7684\u81c9..."
        },
        {
            "reply_id": "UgzD2udIp3YP8kNcT_x4AaABAg",
            "reply_content": "\u89ba\u5f97\u91d1\u91dd\u83c7\u8e0f\u4e0a\u91d1\u9580\u805e\u5230\u9ad8\u7cb1\u7684\u5473\u9053.\u559d\u4e0b\u7b2c\u4e00\u676f\u9ad8\u7cb1\u9152\u5c31\u8d85\u55e8\u7684~~\u6b61\u6a02\u7121\u9650!\ud83e\udd23\ud83e\udd23"
        },
        {
            "reply_id": "UgxsVsa17A7Qhz9vr9V4AaABAg",
            "reply_content": "\u4e0d\u8981\u4ee5\u70ba\u4f60\u61c2\u97d3\u570b\u55ce\uff1f"
        },
        {
            "reply_id": "Ugx7NtghKDb_8RfLqjp4AaABAg",
            "reply_content": "\u6211\u662f\u4e00\u540d\u4e2d\u570b\u7684\u7c89\u7d72\uff0c\u5f88\u559c\u6b61\u4f60\u7684\u8996\u983b\uff0c\u95dc\u6ce8\u4f60\u5169\u5e74\u4e86\uff0c\u7b2c\u4e00\u6b21\u807d\u4f60\u8aaa\u5230\u4e2d\u570b\u5f88\u958b\u5fc3\uff0c\u6709\u7a7a\u53ef\u4ee5\u4f86\u4e2d\u570b\u73a9\u73a9"
        },
        {
            "reply_id": "Ugy331iponPNJCYQPoB4AaABAg",
            "reply_content": "\u9152\u86cb\u597d\u5403\n\u9152\u9999\u8178\u597d\u5403\n\u96d6\u7136\u6211\u4e0d\u662f\u5403\u9ad8\u7cb1\u7684\uff0c\u6211\u662f\u53bb\u5357\u6295\u57d4\u91cc\u9152\u5ee0\u5403\u7684\n\u90a3\u88e1\u662f\u7d39\u8208\u9152"
        },
        {
            "reply_id": "UgxpEt5ilrO1FFcLRX14AaABAg",
            "reply_content": "\u8d85\u559c\u6b61\u59b3\u2764"
        },
        {
            "reply_id": "UgzRnGaKmUqLJP3XFi94AaABAg",
            "reply_content": "\u770b\u8d77\u4f86\u5c31\u662f\u559d\u9189\ud83d\ude02"
        },
        {
            "reply_id": "UgyIOJvt5zF5vD832qd4AaABAg",
            "reply_content": "\u91d1\u91dd\u83c7\u80fd\u4f86\u4e2d\u570b\u5927\u9678\u65c5\u904a\u4e00\u4e0b\u55ce"
        },
        {
            "reply_id": "UgzstPbpzOFzfBri9H54AaABAg",
            "reply_content": "\u91d1\u91dd\u83c7\u9152\u9189\u7684\u773c\u795e\u5c31\u662f\u6a19\u6e96\u7684\u9152\u9189\u773c\ud83d\ude02\ud83d\ude02\ud83d\ude02"
        },
        {
            "reply_id": "UgxvK9x5XSsc25JLOF94AaABAg",
            "reply_content": "\u90b0\u667a\u6e90\u7684 \u97d3\u570b\u7248 \u8d85\u50cf\u7684\u59b3\ud83d\ude05\u8981\u5408\u9ad4\u62cd\u55ce\uff1f"
        },
        {
            "reply_id": "UgzqG18RkUk97tc8G8d4AaABAg",
            "reply_content": "\ud83d\ude02\u9019\u97d3\u570b\u5973\u5b69\u771f\u7684\u5f88\u68d2"
        },
        {
            "reply_id": "UgxMkrE8kMWUkjLTm-V4AaABAg",
            "reply_content": "\u771f\u7684\u4e4b\u524d\u5728\u97d3\u570b\u59d0\u59d0\u9910\u5ef3\u5de5\u4f5c\u6211\u8fad\u8077\u7684\u6642\u5019\u7d04\u5927\u5bb6\u4e00\u8d77\u559d\u9152\uff0c\u800c\u4e14\u4eba\u8d85\u597d"
        },
        {
            "reply_id": "UgzkG1MEQ0Xvk_fME3l4AaABAg",
            "reply_content": "\u6765\u5927\u9646\u3002\u5341\u6708\u6765\u798f\u5dde\uff0c\u5c31\u9694\u4e2a\u53f0\u6e7e\u6d77\u5ce1\uff0c\u5403\u559d\u4f4f\u5168\u5305\u3002"
        },
        {
            "reply_id": "UgzSQ3Mplomi4Tp841Z4AaABAg",
            "reply_content": "\u597d\u559c\u6b61\u770b\u4f60\u9a37\u64fe\u9577\u8f29\u5011\ud83d\ude02\ud83d\ude02\ud83d\ude02\u88ab\u8001\u95c6\u8b1b\u4e0d\u8981\u518d\u5435\u4e86 \u771f\u7684\u592a\u597d\u7b11\uff01\n\u9019\u96c6\u91d1\u91dd\u83c7\u90fd\u5728\u9189\u8d85\u53ef\u611b\u263a\ufe0f"
        },
        {
            "reply_id": "Ugx0djCCbHhejby9ZG14AaABAg",
            "reply_content": "\u53ef\u611b\u6b7b\u4e86"
        },
        {
            "reply_id": "UgzGhJ7oUwFTjkuxYaJ4AaABAg",
            "reply_content": "\u963f\u83c7\u7adf\u7136\u6709\u91d1\u9580\u5f71\u7247\uff0c\u6211\u624d\u525b\u5f9e\u91d1\u9580\u56de\u4f86\uff0c\u6c92\u6709\u5403\u5230\u9ad8\u7cb1\u55c6\u87f9\u5be6\u5728\u592a\u53ef\u60dc\u4e86\u22ef\u22ef\ud83d\ude05"
        },
        {
            "reply_id": "UgyMblslOoXklKcRyB14AaABAg",
            "reply_content": "\u9ad8\u6881\u9152\u4e0d\u662f\u7c73\u91c0\u9020\u662f\u7528\u9ad8\u6881\uff0c\u985e\u4f3c\u9ea5\u5b50\u3002"
        },
        {
            "reply_id": "Ugy2WGW5WOE_VfAeLNN4AaABAg",
            "reply_content": "\u6709\u8f9b\u5947\u53e3\u5473\u7684\u86b5\u55f2\u55ce\uff1f"
        }
    ]
}