{
    "video_info": {
        "id": "pvnzda0ZJr0",
        "channelTitle": "\u97d3\u52fe\u311f\u91d1\u91dd\u83c7 \ucc10\uca50\uafb8",
        "title": "\u63a2\u7d22\u4e9e\u6d32\u7269\u50f9\u6700\u8cb4\u300c\u9999\u6e2f\ud83c\udded\ud83c\uddf0\u300d\u8cb4\u55ce\uff1f\u5728\u5730\u4eba\u63a8\u85a6\u592a\u5b89\u6a13\u7f8e\u98df\u8857\u597d\u597d\u5403\uff01\uff01\u6211\u611b\u9999\u6e2f\uff01\uff01\uff01\u91d1\u8431VLOG\uff5c\u97d3\u52fe\u311f\u91d1\u91dd\u83c7 \ucc10\uca50\uafb8",
        "description": "\u5e0c\u671b\u4f60\u5011\u559c\u6b61\u9019\u90e8\u5f71\u7247\n\u559c\u6b61\u5e6b\u6211\u8a02\u95b1\u6309\u8b9a\u5206\u4eab \u8a18\u5f97\u958b\u555f\u5c0f\u9234\u943a\u6536\u53d6\u65b0\u7247\u901a\u77e5\u5594\uff01\n\n\uff3f\uff3f\uff3f\uff3f\uff3f\uff3f\uff3f\uff3f\uff3f\uff3f\uff3f\uff3f\uff3f\uff3f\uff3f\uff3f\uff3f\uff3f\uff3f\uff3f\uff3f\n\n\u2b50\ufe0f\u91d1\u91dd\u83c7\u7684\u97d3\u570b\u7f8e\u98df\u54c1\u724c\uff1ahttps://www.kimkfoods.com\n\u2b50\ufe0f\u91d1\u5bb6\u311f\u5e03\u5e33\u99ac\u8eca\uff1ahttps://www.facebook.com/groups/2297603990535075/\n\u2b50\ufe0f\u91d1\u91dd\u83c7\u7684\u7c89\u5c08: https://www.facebook.com/Koreajinzhengu/\n\u2b50\ufe0f\u91d1\u91dd\u83c7\u7684IG: https://www.instagram.com/ggu__kim/\n\u2b50\ufe0f\u5408\u4f5c\u9080\u7d04\u8acb\u6d3dPressPlay\uff1ajinyoungkim@pressplay.cc\n\n\uff3f\uff3f\uff3f\uff3f\uff3f\uff3f\uff3f\uff3f\uff3f\uff3f\uff3f\uff3f\uff3f\uff3f\uff3f\uff3f\uff3f\uff3f\uff3f\uff3f\uff3f",
        "likeCount": "18077",
        "commentCount": "931",
        "viewCount": "834690"
    },
    "comments": [
        {
            "reply_id": "UgxqXyJZm6O7RN6Gr_h4AaABAg",
            "reply_content": "Hk\u54ea\u7b97\u7269\u50f9\u9ad8 \u4f60\u53bb\u65b0\u52a0\u5761\u8a66\u770b"
        },
        {
            "reply_id": "UgzMYPZhPRqIsXLeiqp4AaABAg",
            "reply_content": "\u597d\u559c\u6b61\u725b\u96dc\uff0c\u56de\u53f0\u7063\u90fd\u5403\u4e0d\u5230"
        },
        {
            "reply_id": "UgyvJ_-aF0_PBDuumZB4AaABAg",
            "reply_content": "\u96d6\u7136 \u898b\u5230\u4f60\u5011\u5169\u500b\u4f86\u9999\u6e2f \u9019\u9ebc\u958b\u5fc3\n\u4f46\u662f\u62dc\u8a17 \u4e0d\u8981\u518d\u5403\u9023\u9396\u9910\u5ef3\u4e86 \u53ef\u4ee5\u53c3\u8003\u9435\u725b\u7684\u884c\u7a0b \u4e5f\u662f\u4e0d\u932f\u7684"
        },
        {
            "reply_id": "Ugzpxnp3HoK7P51yJod4AaABAg",
            "reply_content": "\u8b1d\u8b1d\u4f60\u5011\u559c\u6b61\u9999\u6e2f\u2764"
        },
        {
            "reply_id": "UgzI2iv6pER-ODW9Yq94AaABAg",
            "reply_content": "\u9b5a\u86cb\u672c\u4eba\u66f4\u611b\u901a\u9054"
        },
        {
            "reply_id": "UgwWRfWsa3K1amDtjFB4AaABAg",
            "reply_content": "\u69ae\u83ef\u51b0\u5ba4\u5c07\u4f86\u6c92\u6709\u4e86\uff0c\u59b3\u5011\u53bb\u5c0d\u4e86\u5730\u65b9"
        },
        {
            "reply_id": "UgxxUh_Lb8Bmv9k2Sq94AaABAg",
            "reply_content": "\u8981\u518d\u4f86\u9999\u6e2f\u5440\u2764"
        },
        {
            "reply_id": "UgwoEyTSWTz84w0NBiR4AaABAg",
            "reply_content": "\u9999\u6e2f\u7269\u50f9\u8cb4\u90fd\u5514\u4fc2\u597d\u91cd\u8981 \u4f60\u7747\u5413\u6a13\u50f9\ud83d\ude2d\u53f0\u5e63\u56db\u5343\u842c\u8cb7\u4e09\u5ba4\u52a0\u500b\u5ec1\u6240"
        },
        {
            "reply_id": "UgxFVWhY7SMKpM9SbcB4AaABAg",
            "reply_content": "\u591a\u8b1d\u4f60\u5011\u4f86\u9999\u6e2f\u2764"
        },
        {
            "reply_id": "Ugz0nYDqqiQq0K1QoWh4AaABAg",
            "reply_content": "\u4f60\u5011\u771f\u7684\u597d\u7528\u5fc3\u627e\u9053\u5730\u7684\u6771\u897f\u5403 \u611f\u52d5"
        },
        {
            "reply_id": "UgxcTv85vmql5VAEQwF4AaABAg",
            "reply_content": "\u9084\u6709\u8475\u5ee3\u53ef\u4ee5\u8a66\u8a66\uff0c\u5f88\u591a\u4e0d\u540c\u7684\u5c0f\u5403\uff01\uff01\u53e6\u5916\u9023\u9396\u5e97\u8b5a\u4ed4\u4e09\u54e5\u4e0d\u53ca\u5357\u8a18\u4e0d\u5403\u5566\uff0c\u8a66\u5357\u8a18\u6bd4\u8f03\u8b9a\uff0c\u4e0d\u904e\u5176\u5be6\u9999\u6e2f\u5f88\u591a\u597d\u5403\u7684\u7c73\u7dda\u5c0f\u5e97\uff0c\u65b9\u4fbf\u7684\u8a71\u5403\u5c0f\u5e97\u6703\u66f4\u68d2\uff01\ud83e\udd24\ud83e\udd24\ud83e\udd24"
        },
        {
            "reply_id": "Ugz95cQ1BZd3HXeHTYJ4AaABAg",
            "reply_content": "\u725b\u8180\u662f\u80f0\u81df"
        },
        {
            "reply_id": "UgyLtsoNuKBzHkKDxhB4AaABAg",
            "reply_content": "\u4e0b\u6b21\u53ef\u4ee5\u8a66\u9165\u76ae\u86cb\u64bb\u540c\u66f2\u5947\u76ae\u591a\u64bb"
        },
        {
            "reply_id": "UgzaDm2dH7girm2N_3x4AaABAg",
            "reply_content": "\u592a\u5b89\u6a13\u5462\uff0c\u6211\u53bb\u5403\u7684\u662f\u9999\u6e2f\u6700\u53f0\u5473\u7684\u71d2\u4ed9\u8349\uff0c\u53eb\u4f86\u4f86\u5c0f\u5403\u5e97\u3002\u9694\u58c1\u7684\u9d3b\u8a18\u96de\u86cb\u4ed4\u4e5f\u66fe\u662f\u6211\u7684\u6700\u611b\uff0c\u4f46\u662f\u9999\u6e2f\u904b\u52d5\u4e4b\u5f8c\u8001\u95c6\u5c31\u5e38\u5e38\u639b\u8457\u61a4\u6012\u7684\u81c9\uff0c\u96de\u86cb\u4ed4\u4e5f\u6c92\u6709\u4ee5\u524d\u597d\u5403\u3002\u3002\u3002"
        },
        {
            "reply_id": "Ugzkd5zSPVEbHRTIS5h4AaABAg",
            "reply_content": "\u9152\u5e97\u662f\u90a3\u4e00\u5bb6\uff1f"
        },
        {
            "reply_id": "UgxzZT3qj125BkXkQ_d4AaABAg",
            "reply_content": "\u770b\u90a3\u500b\u662f\u771f\u7684\u6b63\u5b97\u820a\u5f0f\u897f\u591a\u4e86\ud83e\udd23\ud83d\udc4d\ud83d\udc4d"
        },
        {
            "reply_id": "UgzwW5TNkqbWFY2MHlh4AaABAg",
            "reply_content": "\u6628\u5929\u525b\u5f9e\u9999\u6e2f\u56de\u4f86\uff0c\u597d\u5f8c\u6094\u6c92\u4f86\u5f97\u53ca\u770b\u5230\u4f60\u5011\u4ecb\u7d39 !!"
        },
        {
            "reply_id": "UgwJyIA8qujEQ1VDKoV4AaABAg",
            "reply_content": "\u64f7\u53d6\u4e0a\u5b98\u4e82\u5f71\u7247\u5167\u5bb9\uff5e\n\u4ec0\u9ebc\u624d\u662f\u771f\u6b63\u7684\u5584\n\u7e31\u5bb9\u60e1\uff0c\u7e31\u5bb9\u4fb5\u7565\uff0c\u7d55\u5c0d\u4e0d\u662f\u4ec1\u6148\uff0c\u7d55\u5c0d\u4e0d\u662f\u5584\uff0c\u4e5f\u7d55\u5c0d\u4e0d\u662f\u548c\u5e73\uff0c\u7d55\u5c0d\u4e0d\u662f\u53cd\u6230\n\u771f\u6b63\u7684\u548c\u5e73\u662f\u8981\u6cbb\u60e1\uff0c\u8981\u6b62\u60e1\u624d\u662f\u771f\u6b63\u7684\u6148\u60b2\n\n\u6240\u4ee5\u53cd\u89c0\u6211\u5011\u4eca\u5929\u5176\u5be6\u9762\u81e8\u7684\u4e00\u5207\u554a\uff0c\u8ddf\u4f5b\u9640\u6642\u4ee3\u5176\u5be6\u6c92\u6709\u672c\u8cea\u4e0a\u7684\u5dee\u5225\uff0c\u7121\u975e\u751a\u662f\u773e\u751f\u8655\u5728\u60e1\u4e16\u2026\u8655\u5728\u5200\u5175\u52ab\uff0c\u5200\u5175\u52ab\u5c31\u662f\u6230\u722d\uff0c\u7136\u5f8c\u66f4\u76f8\u6b98\u5bb3\u60e1\u5fc3\u589e\u751a\u2026\n\n\u4f60\u6703\u767c\u73fe\u4eba\u985e\u5e7e\u5343\u5e74\u4f86\uff0c\u79d1\u6280\u5c1a\u5728\u9032\u6b65\uff0c\u4f46\u662f\u906d\u9047\u4e00\u76f4\u90fd\u5728\u5faa\u74b0\uff0c\u6240\u4ee5\u9762\u5c0d\u6230\u722d\uff0c\u5176\u5be6\u5df2\u7d93\u6709\u7121\u6578\u7684\u6b77\u53f2\u5728\u544a\u8a34\u6211\u5011\uff0c\u53ea\u6709\u5099\u6230\uff0c\u53ea\u6709\u62b5\u6297\u610f\u5fd7\uff0c\u624d\u6709\u6d3b\u4e0b\u4f86\u7684\u5e0c\u671b\n\n\u9664\u6b64\u4ee5\u5916\uff0c\u6c92\u6709\u4ec0\u9ebc\u771f\u6b63\u7684\u53cd\u6230\u4e86\uff0c\u5c31\u662f\u53cd\u4fb5\u7565\u6230\uff0c\u53cd\u6575\u4eba\u7684\u4fb5\u7565\u6230\u624d\u662f\u53cd\u6230"
        },
        {
            "reply_id": "Ugz9XKlekD1Rj7T-Get4AaABAg",
            "reply_content": "\u4e0b\u6b21\u53ef\u4ee5\u53bb\u8475\u6d8c\u5ee3\u5834 \u4e0a\u9762\u6709\u597d\u591a\u7f8e\u98df\u53ca\u5546\u92ea \u597d\u591a\u5e74\u8f15\u4eba\u6703\u53bb\u90a3\u908a"
        },
        {
            "reply_id": "UgzjqIQjhephsPL39i94AaABAg",
            "reply_content": "\u71b1\u5976\u8336\u8981\u81ea\u5df1\u52a0\u7cd6\u5566\ud83d\ude02"
        }
    ]
}