{
    "video_info": {
        "id": "PxH42_KkIXU",
        "channelTitle": "\u97d3\u52fe\u311f\u91d1\u91dd\u83c7 \ucc10\uca50\uafb8",
        "title": "\u97d3\u570b\u963f\u5b24\u6368\u4e0d\u5f97\u56de\u570b\u7684\u300c\u53f0\u7063\u5317\u6295\u6eab\u6cc9\u300d\uff1a\u6b64\u751f\u6700\u5e78\u798f\uff01\u2728\ud83c\uddf9\ud83c\uddfc\u97d3\u570b\u963f\u5b24\u6700\u5f8c\u4e00\u96c6\uff5c\u97d3\u52fe\u311f\u91d1\u91dd\u83c7 \ucc10\uca50\uafb8",
        "description": "\u5e0c\u671b\u4f60\u5011\u559c\u6b61\u9019\u90e8\u5f71\u7247\n\u559c\u6b61\u5e6b\u6211\u8a02\u95b1\u6309\u8b9a\u5206\u4eab \u8a18\u5f97\u958b\u555f\u5c0f\u9234\u943a\u6536\u53d6\u65b0\u7247\u901a\u77e5\u5594\uff01\n\n\uff3f\uff3f\uff3f\uff3f\uff3f\uff3f\uff3f\uff3f\uff3f\uff3f\uff3f\uff3f\uff3f\uff3f\uff3f\uff3f\uff3f\uff3f\uff3f\uff3f\uff3f\n\n\u2b50\ufe0f\u91d1\u91dd\u83c7\u7684\u97d3\u570b\u7f8e\u98df\u54c1\u724c\uff1ahttps://www.kimkfoods.com\n\u2b50\ufe0f\u91d1\u5bb6\u311f\u5e03\u5e33\u99ac\u8eca\uff1ahttps://www.facebook.com/groups/2297603990535075/\n\u2b50\ufe0f\u91d1\u91dd\u83c7\u7684\u7c89\u5c08: https://www.facebook.com/Koreajinzhengu/\n\u2b50\ufe0f\u91d1\u91dd\u83c7\u7684IG: https://www.instagram.com/ggu__kim/\n\u2b50\ufe0f\u5408\u4f5c\u9080\u7d04\u8acb\u6d3dPressPlay\uff1ajinyoungkim@pressplay.cc\n\n\uff3f\uff3f\uff3f\uff3f\uff3f\uff3f\uff3f\uff3f\uff3f\uff3f\uff3f\uff3f\uff3f\uff3f\uff3f\uff3f\uff3f\uff3f\uff3f\uff3f\uff3f",
        "likeCount": "29963",
        "commentCount": "1068",
        "viewCount": "867109"
    },
    "comments": [
        {
            "reply_id": "UgxepN1_jsodW8K8SMV4AaABAg",
            "reply_content": "\u770b\u5230\u91d1\u91dd\u83c7\u7684\u963f\u5b24\u5c31\u6703\u8b93\u6211\u60f3\u8d77\u963f\u5b24 \u73fe\u5728\u6211\u9023\u78b0\u5230\u963f\u5b24\u90fd\u6c92\u6709\u8fa6\u6cd5\u4e86 \u597d\u60f3\u7942\ud83e\udd7a"
        },
        {
            "reply_id": "UgzJ_n3Xvl0Ij5dk0oF4AaABAg",
            "reply_content": "\u59d0\u59d0\u548c\u59b3\u4e00\u6a23\u6f02\u4eae\u53c8\u8d24\u60e0"
        },
        {
            "reply_id": "UgzGVzAjKoQ9qemOjdF4AaABAg",
            "reply_content": "\u91d1\u91dd\u83c7\u7684\u5976\u5976\u597d\u6f02\u4eae\u5466 \u4f60\u662f\u97d3\u570b\u4eba\u4f86\u53f0\u7063\u5538\u66f8\u55ce"
        },
        {
            "reply_id": "UgypwOQlt3MBvxGFP7V4AaABAg",
            "reply_content": "\u80fd\u5920\u4e00\u5bb6\u4eba\u4e00\u8d77\u65c5\u884c\uff0c\u59b3\u771f\u662f\u500b\u597d\u5b69\u5b50\uff01\u592a\u5e78\u798f\u4e86\uff01"
        },
        {
            "reply_id": "UgxkNTVBi6s5_SRYHB14AaABAg",
            "reply_content": "\u771f\u7684\u611b\u963f\u5b24\uff5e\u795d\u963f\u5b24\u4e00\u76f4\u8eab\u9ad4\u5065\u5eb7\u2764"
        },
        {
            "reply_id": "UgwTQqHXRuXqa8ODuP94AaABAg",
            "reply_content": "\u91d1\u91dd\u83c7\u597d\u5167\u884c\uff01\uff01\u5317\u6295\u4eba\u771f\u7684\u90fd\u559d\u660e\u6cc9\uff01"
        },
        {
            "reply_id": "UgxtHLKkHGAqzYYFAjx4AaABAg",
            "reply_content": "\u59d0\u59d0\u771f\u7684\u597d\u7f8e\u9e97\uff0c\u7948\u9858\u59b3\u5011\u4e00\u5bb6\u5b50\u5e73\u5b89\uff0c\u559c\u6a02"
        },
        {
            "reply_id": "UgwQeYxW0WY1k3OMguJ4AaABAg",
            "reply_content": "\u9e97\u79a7\u6eab\u6cc9\u9152\u5e97\u771f\u7684\u5f88\u8b9a\ud83e\udd70"
        },
        {
            "reply_id": "UgzDQtEWUwbCSpzNTeJ4AaABAg",
            "reply_content": "\u54c7\uff0c\u83c7\u5f1f\u8003\u4e0a\u7814\u7a76\u6240\u4e86\ud83c\udf89"
        },
        {
            "reply_id": "Ugw5avXodSJRjVCbD2F4AaABAg",
            "reply_content": "\u795d\u798f\u963f\u5b24\u5011\u8eab\u9ad4\u5065\u5eb7\uff0c\u4e0b\u6b21\u518d\u4f86\u53f0\u7063\u73a9\u5594\u3002"
        },
        {
            "reply_id": "UgxiWmPlfFv9v9MDd7Z4AaABAg",
            "reply_content": "\u9019\u4e00\u96c6\u6211\u770b\u4e86\u597d\u591a\u6b21\u5594   \u6bcf\u4e00\u6b21\u770b\u90fd\u89ba\u5f97\u5f88\u5e78\u798f"
        },
        {
            "reply_id": "UgyRWP2GAcR2RSn8vVp4AaABAg",
            "reply_content": "\u54c8\u54c8\u54c8\u54c8\u54c8\u54c8\uff0c\u9577\u8f29\u597d\u53ef\u611b\uff0c\u6211\u5abd\u5abd\u4e5f\u662f\u770b\u5230\u751a\u9ebc\u90fd\u8aaa\u8981\u5e36\u56de\u4f86\u3002"
        },
        {
            "reply_id": "Ugzsnm0e2FZhPYcyPy54AaABAg",
            "reply_content": "\u6211\u91cd\u8907\u770b\u4e86\u597d\u591a\u6b21\u597d\u559c\u6b61\u963f\u5b24\u7684\u5f71\u7247"
        },
        {
            "reply_id": "UgwR76qJUd6LQU1uSyB4AaABAg",
            "reply_content": "\u5e0c\u671b\u80fd\u5920\u770b\u5230\u5916\u516c\u5916\u5a46\u4f86\u53f0\u7063\u73a9"
        },
        {
            "reply_id": "Ugziy5_yxpq5uY9K0k54AaABAg",
            "reply_content": "\u5976\u5976\u84b8\u5589\u56a8\u90a3\u500b\u771f\u662f\u592a\u53ef\u611b\u4e86~~"
        },
        {
            "reply_id": "UgySz7SlBzc8fJCwD4h4AaABAg",
            "reply_content": "\u597d\u559c\u6b61\u91d1\u5bb6\u6240\u6709\u7684\u5bb6\u4eba ,\u6eab\u548c\u6709\u79ae\u89aa\u5207\u53c8\u53ef\u611b,\u963f\u5b24\u8aaa\u5c0d\u4e0d\u8d77\u8b93\u4f60\u82b1\u9019\u9ebc\u591a\u9322\u771f\u7684\u89ba\u5f97\u7279\u5225\u611f\u52d5,\u56e0\u70ba\u4e0d\u662f\u5f88\u591a\u9577\u8f29\u90fd\u9019\u6a23\u89ba\u5f97,\u5e0c\u671b\u963f\u5b24\u8981\u5065\u5065\u5eb7\u5eb7\u7684\u518d\u6b21\u4f86\u53f0\u7063\u73a9\u5594!! \u91d1\u91dd\u83c7\u59b3\u597d\u68d2!!"
        },
        {
            "reply_id": "UgySDfaPhba1vH96HbR4AaABAg",
            "reply_content": "\u5f88\u559c\u6b61\u4e92\u52d5"
        },
        {
            "reply_id": "UgxVxk-KdhqngLONvTZ4AaABAg",
            "reply_content": "\u6211\u908a\u770b\u5f71\u7247\u908a\u6d41\u6dda\uff0c\u5f88\u7fa8\u6155\u59b3\u5011\u4e00\u5bb6\u4eba\u611f\u60c5\u9019\u9ebc\u597d"
        },
        {
            "reply_id": "Ugzr8ZbSg-62ZVIsFVt4AaABAg",
            "reply_content": "\u5f88\u671f\u5f85\u91d1\u91dd\u83c7\u7684\u5bb6\u4eba\u5011\u4e0b\u6b21\u518d\u4f86\u3002\u2764"
        },
        {
            "reply_id": "Ugwz4bk0RtkdKJvljul4AaABAg",
            "reply_content": "\u5f88\u559c\u6b61\u770b\u91d1\u91dd\u83c7\u7684\u5bb6\u4eba\u4f86\u53f0\u7063\u73a9\ud83c\udf89\n\u6709\u8ab0\u77e5\u9053\u5f71\u7247\u5167\u7684\u884c\u7a0b \u770b\u8d77\u4f86\u4e0d\u932f\n\u4e5f\u60f3\u5e36\u81ea\u5df1\u7684\u5bb6\u4eba\u53bb\u8d70\u8d70\ud83d\ude0a"
        }
    ]
}