{
    "video_info": {
        "id": "Pxmo5HJH0AI",
        "channelTitle": "\u97d3\u52fe\u311f\u91d1\u91dd\u83c7 \ucc10\uca50\uafb8",
        "title": "\u6211\u56de\u4f86\u4e86\uff01\u97d3\u570b\u91d1\u89e3\u9694\u5f8c\u7684\u6a5f\u667a\u53f0\u7063\u751f\u6d3b.zip\ud83c\uddf9\ud83c\uddfc\u526a\u9aee, \u8df3\u821e..\u597d\u5145\u5be6\u597d\u5e78\u798f\u5594\uff01\uff01\uff01VLOG\uff01\uff01\uff01\uff5c\u97d3\u52fe\u311f\u91d1\u91dd\u83c7 \ucc10\uca50\uafb8",
        "description": "#\u53f0\u7063\u751f\u6d3b #\u9694\u96e2\u7cfbyoutuber\n\n\u5e0c\u671b\u4f60\u5011\u559c\u6b61\u9019\u90e8\u5f71\u7247\n\u559c\u6b61\u5e6b\u6211\u8a02\u95b1\u6309\u8b9a\u5206\u4eab \u8a18\u5f97\u958b\u555f\u5c0f\u9234\u943a\u6536\u53d6\u65b0\u7247\u901a\u77e5\u5594\uff01\n\n\uff3f\uff3f\uff3f\uff3f\uff3f\uff3f\uff3f\uff3f\uff3f\uff3f\uff3f\uff3f\uff3f\uff3f\uff3f\uff3f\uff3f\uff3f\uff3f\uff3f\uff3f\n\n\u2b50\ufe0f\u91d1\u91dd\u83c7\u7684\u97d3\u570b\u7f8e\u98df\u54c1\u724c\uff1ahttps://www.kimkfoods.com\n\u2b50\ufe0f\u91d1\u5bb6\u311f\u5e03\u5e33\u99ac\u8eca\uff1ahttps://www.facebook.com/groups/2297603990535075/\n\u2b50\ufe0f\u91d1\u91dd\u83c7\u7684\u7c89\u5c08: https://www.facebook.com/Koreajinzhengu/\n\u2b50\ufe0f\u91d1\u91dd\u83c7\u7684IG: https://www.instagram.com/ggu__kim/\n\u2b50\ufe0f\u5408\u4f5c\u9080\u7d04\u8acb\u6d3dPressPlay\uff1ajinyoungkim@pressplay.cc\n\n\uff3f\uff3f\uff3f\uff3f\uff3f\uff3f\uff3f\uff3f\uff3f\uff3f\uff3f\uff3f\uff3f\uff3f\uff3f\uff3f\uff3f\uff3f\uff3f\uff3f\uff3f",
        "likeCount": "13899",
        "commentCount": "415",
        "viewCount": "617423"
    },
    "comments": [
        {
            "reply_id": "Ugy_n_ffmj57owWDn694AaABAg",
            "reply_content": "\u6bcf\u6b21\u770b\u91d1\u91dd\u83c7\u5f71\u7247\u90fd\u597d\u958b\u5fc3\n\u4e2d\u6587\u8b1b\u5f97\u8d85\u597d\u7684"
        },
        {
            "reply_id": "UgwxaTJ5e790tXO7vfZ4AaABAg",
            "reply_content": "\u60f3\u554f\u6700\u5f8c\u7684\u4e0b\u5348\u8336\u5728\u54ea\u5403\u7684\uff1f\u8d85\u7f8e\u311f\uff01"
        },
        {
            "reply_id": "UgzJ6AlF7WHgkF7cIYZ4AaABAg",
            "reply_content": "\u91d1\u91dd\u83c7\u7684\u8eab\u6750\u8b8a\u5f88\u597d\uff0c\u904b\u52d5\u7684\u6642\u5019\u611f\u89ba"
        },
        {
            "reply_id": "UgxJF71m3erejI2oIx94AaABAg",
            "reply_content": "\u8eab\u9ad4\u5065\u5eb7\u5c31\u597d.\u8d81\u73fe\u5728\u8d95\u5feb\u628a\u4e00\u500b\u79ae\u62dc\u7684\u71df\u990a\u7d66\u88dc\u56de\u4f86@@"
        },
        {
            "reply_id": "UgxudiEpiTIOajnM02x4AaABAg",
            "reply_content": "\u597d\u5145\u5be6\u5594\uff0c\u597d\u559c\u6b61"
        },
        {
            "reply_id": "Ugz71xN1eABECQw7iwd4AaABAg",
            "reply_content": "\u98db\u6a5f\u53f0\u8a9e\u662f\u4e09\u500b\u5b57\n\u6253\u706b\u6a5f\u7684\u53f0\u8a9e\u662f\u5169\u500b\u5b57\uff08\u8cf4\u6253\uff09\n\u53f0\u8a9e\u5c31\u662f\u9019\u9ebc\u83ab\u540d\u5176\u5999\ud83e\udd23"
        },
        {
            "reply_id": "UgxXiljh4CE9xnMyU6t4AaABAg",
            "reply_content": "\u55b5\u7684\u526f\u4f5c\u7528\uff0c\u63a8\u8350\u89e3\u6bd2"
        },
        {
            "reply_id": "UgwddFj0BlyGe97RMZ14AaABAg",
            "reply_content": "\u606d\u559c\u83c7\u51fa\u95dc\u54c8\u54c8\u54c8\u54c8\u54c8\u54c8\u554a\u554a\u554a\u554a\u597d\u5947\u9662\u9577\u7684\u5e97\u5728\u54ea\u554a\u554a\u4e0b\u6b21\u60f3\u53bb\u53f0\u5317\u627e\u5e25\u54e5\u9662\u9577\u526a\u9aee\ud83e\udd7a\ud83e\udd7a\u611b\u83c7\u597d\u559c\u6b61\u83c7\u7684\u65e5\u5e38vlog\ud83d\ude0d\ud83d\ude0d\u8981\u597d\u597d\u6ce8\u610f\u8eab\u9ad4\u5440\uff01\uff01"
        },
        {
            "reply_id": "Ugy9EZ-n-70CoknATch4AaABAg",
            "reply_content": "\u8eab\u9ad4\u5de6\u53f3\u5169\u5074\u80cc\u90e8, \u90fd\u6709\u5e36\u72c0\u6ce1\u75b9, \u5f88\u5c11\u898b, \u5c6c\u65bc\u5f88\u56b4\u91cd\u7684\u514d\u75ab\u7f3a\u5931"
        },
        {
            "reply_id": "Ugz9nLcXwPc80lNU7Nh4AaABAg",
            "reply_content": "\u98db\u6a5f\uff08\u98db\u8f2a\u6a5f\uff09\uff0c\u5f88\u9ad8\u8208\u60a8\u5eb7\u5fa9\u56de\u6b78\uff0c\u4f11\u9592\u6642\u653e\u9b06\u8eab\u5fc3\uff0c\u5de5\u4f5c\u6642\u52aa\u529b\u62fc\u52c1\uff0c\u9019\u662f\u4ee4\u4eba\u656c\u4f69\u4e5f\u503c\u5f97\u5b78\u7fd2\u7684\uff0c\u795d\u798f\u60a8\u5011\u90fd\u5e73\u5b89\u5065\u5eb7\u958b\u5fc3\u3002"
        },
        {
            "reply_id": "Ugx2yKl80t92o-EW3LR4AaABAg",
            "reply_content": "\u770b\u5230\u526a\u5218\u6d77\u5c01\u9762\u4ee5\u4e3a\u53c8\u53bb\u627e\u53f0\u5357\u963f\u516c\u4e86 \ud83d\ude01"
        },
        {
            "reply_id": "UgzxZIZZXNrMUk55-pp4AaABAg",
            "reply_content": "\u5565\u54aa\u81ea\u7531\u4eba\uff0c\u4e0d\u662f\u65b0\u4eba\u985e\u55ce\uff1f\u54c8\u54c8\u54c8\u3002"
        },
        {
            "reply_id": "UgzJlipuQlKIQPv0Ti94AaABAg",
            "reply_content": "\u611f\u8b1d\uff0c\u91d1\u91dd\u83c7\uff0c\u55ef\uff5e\uff08\u56de\u60f3\u4e2d\uff09\uff01\u6211\u597d\u50cf\u8a31\u4e45\u6c92\u5403\u4e86\u3002\u6211\u770b\u59b3\u7684\u5f71\u7247\u4f86\u975e\u5e38\u521d\u6b65\u6aa2\u67e5\u81ea\u5df1\u662f\u5426\u4e2d\u62db\uff0c\u4e2d\u62db\u660e\u986f\u6703\u4e0d\u80fd\u6d3b\u6f51\u4e82\u8df3\uff0c\u55ef\uff01\u6211\u6c92\u4e2d\u62db\u3002"
        },
        {
            "reply_id": "UgwP-7QfPRDSKq-i_Wd4AaABAg",
            "reply_content": "\u8acb\u554f\u91d1\u91dd\u83c7\u505a\u7b4b\u7d61\u5fa9\u5065\u662f\u54ea\u88e1\u7684\u5e2b\u5085\u554a\uff1f"
        },
        {
            "reply_id": "UgwUZ38vI0zbg2MUt6x4AaABAg",
            "reply_content": "\u60f3\u554f\u91d1\u91dd\u83c7 \u5927\u982d\u662f\u4ec0\u9ebc\u54c1\u7a2e\u7684\u8c93\u5440\uff1f"
        },
        {
            "reply_id": "UgzDqXI8OMLR2U6jewx4AaABAg",
            "reply_content": "\u6240\u4ee5 \u642c\u56de\u97d3\u570b\u4e86"
        },
        {
            "reply_id": "UgyfF3SzHRxVBJHSd_t4AaABAg",
            "reply_content": "\u89d2\u86cb\u767d\u4e0d\u662f\u9055\u6cd5\u55ce\u2026\uff1f"
        },
        {
            "reply_id": "UgyLx_S1gRVK1GFGRDJ4AaABAg",
            "reply_content": "\u9019\u500b\u662f\u4e0d\u662f\u8ddf\u9ec3\u6c0f\u5144\u5f1f\u540c\u516c\u53f8"
        },
        {
            "reply_id": "Ugyus1qSvgnDuFHMBA54AaABAg",
            "reply_content": "\u89d2\u86cb\u767d\u76ee\u524d\u53f0\u7063\u9084\u672a\u5408\u6cd5\u5427\uff01\u8981\u5c0f\u5fc3\u4e00\u9ede\u624d\u4e0d\u6703\u50b7\u5230\u81ea\u5df1\uff5e"
        },
        {
            "reply_id": "UgwFTOGMP6PM6GdZi3p4AaABAg",
            "reply_content": "\u83c7\u83c7\u8d85\u7d1a\u7626\u7684"
        }
    ]
}