{
    "video_info": {
        "id": "q2lHngfTEwI",
        "channelTitle": "\u97d3\u52fe\u311f\u91d1\u91dd\u83c7 \ucc10\uca50\uafb8",
        "title": "\u4e00\u6b21\u5403\u720613\u7a2e\u53f0\u7063\u591c\u5e02\u5c0f\u5403\ud83d\udd25\u8aaa\u600e\u9ebc\u53ef\u4ee5\u9019\u9ebc\u591a\u6a23\ud83d\ude02\ud83d\ude02\u3010\u91d1\u5bb6\u5718\u5713EP.3\u3011\u592a\u98fd\u4e86\u5427\uff5c\u97d3\u52fe\u311f\u91d1\u91dd\u83c7 \ucc10\uca50\uafb8",
        "description": "#\u83c7\u7238\u83c7\u5abd\u4f86\u53f0\u7063 #\u91d1\u5bb6\u5718\u5713\n\n\u5f71\u7247\u4e2d\u7684\u97d3\u5f0f\u62cd\u8cbc\u6a5f\u5728 #\u58eb\u6797\u591c\u5e02 \u88e1\uff01\n\ud83d\udccd99C film\n\u53f0\u5317\u5e02\u58eb\u6797\u5340\u5927\u6771\u8def16-7\u865f\n\nhttps://maps.app.goo.gl/zoQn2ssxhJBrSdHZ6?g_st=ic\n\n\u5e0c\u671b\u4f60\u5011\u559c\u6b61\u9019\u90e8\u5f71\u7247\n\u559c\u6b61\u5e6b\u6211\u8a02\u95b1\u6309\u8b9a\u5206\u4eab \u8a18\u5f97\u958b\u555f\u5c0f\u9234\u943a\u6536\u53d6\u65b0\u7247\u901a\u77e5\u5594\uff01\n\n\uff3f\uff3f\uff3f\uff3f\uff3f\uff3f\uff3f\uff3f\uff3f\uff3f\uff3f\uff3f\uff3f\uff3f\uff3f\uff3f\uff3f\uff3f\uff3f\uff3f\uff3f\n\n\u2b50\ufe0f\u91d1\u91dd\u83c7\u7684\u97d3\u570b\u7f8e\u98df\u54c1\u724c\uff1ahttps://www.kimkfoods.com\n\u2b50\ufe0f\u91d1\u5bb6\u311f\u5e03\u5e33\u99ac\u8eca\uff1ahttps://www.facebook.com/groups/2297603990535075/\n\u2b50\ufe0f\u91d1\u91dd\u83c7\u7684\u7c89\u5c08: https://www.facebook.com/Koreajinzhengu/\n\u2b50\ufe0f\u91d1\u91dd\u83c7\u7684IG: https://www.instagram.com/ggu__kim/\n\u2b50\ufe0f\u5408\u4f5c\u9080\u7d04\u8acb\u6d3dPressPlay\uff1ajinyoungkim@pressplay.cc\n\n\uff3f\uff3f\uff3f\uff3f\uff3f\uff3f\uff3f\uff3f\uff3f\uff3f\uff3f\uff3f\uff3f\uff3f\uff3f\uff3f\uff3f\uff3f\uff3f\uff3f\uff3f",
        "likeCount": "36426",
        "commentCount": "1087",
        "viewCount": "1538928"
    },
    "comments": [
        {
            "reply_id": "Ugxmtme6oYFgLuziUPx4AaABAg",
            "reply_content": "\u82b1\u751f\u7cd6"
        },
        {
            "reply_id": "UgzDVem34spyJNKA9rx4AaABAg",
            "reply_content": "\u5973\u5152\u4e86"
        },
        {
            "reply_id": "UgyiMrrgYV2XxXZIUpZ4AaABAg",
            "reply_content": "\u6c92\u5403\u904e\u5427"
        },
        {
            "reply_id": "UgyrzFS1E1bhKtZzaBZ4AaABAg",
            "reply_content": "\u592a\u68d2\u4e86"
        },
        {
            "reply_id": "UgxegewdIyDKEAEnN7V4AaABAg",
            "reply_content": "\u7fd2\u6163\u5c31\u597d"
        },
        {
            "reply_id": "Ugzdy8WOGtIa6sXpvgN4AaABAg",
            "reply_content": "\u6703\u60f3\u5ff5"
        },
        {
            "reply_id": "Ugw4u8dcRLL7K2qZHUV4AaABAg",
            "reply_content": "\u5bb6\u5ead\u548c\u8ae7\u4ee4\u4eba\u7fa8\u6155\u3002"
        },
        {
            "reply_id": "Ugx95dNIJTYoN1p3pPB4AaABAg",
            "reply_content": "\u770b\u4f86\uff5e\u91d1\u83c7\u83c7\ud83c\udf44\u4f86\u81ea\u97d3\u570b\ud83c\uddf0\ud83c\uddf7\u4e00\u500b\u6700\u5e78\u798f\u7f8e\u6eff\u7684\u5bb6\u5ead\u2764\u6bcf\u500b\u4eba\u90fd\u6709\u8457\u6eff\u6eff\u7684\u559c\u6085\u8207\u611b\u7684\u9748\u9b42\u2764\ud83c\udf89\ud83d\ude0a"
        },
        {
            "reply_id": "Ugz2KaJG3XWpOPNKC514AaABAg",
            "reply_content": "\u83c7\u7238\u597d\u53ef\u611b"
        },
        {
            "reply_id": "UgzTag0DvJ5Wyke8cLl4AaABAg",
            "reply_content": "\u83f0\u5f1f\u7684\u4e2d\u6587\u600e\u9ebc\u9019\u9ebc\u597d\ud83d\ude06"
        },
        {
            "reply_id": "UgxQNhm_VOVXk-_bvth4AaABAg",
            "reply_content": "\u63a8\u85a6\u91d1\u91dd\u83c7\uff0c\u65b0\u5317\u5e02\u571f\u57ce\u5340\u7684\u4e0a\u8d0a\u81ed\u8c46\u8150\uff0c\u4e0d\u81ed\u7684\u81ed\u8c46\u8150\uff0c\u53ef\u4ee5\u8acb\u5e97\u5bb6\u70b8\u7684\u9165\u8106\u4e00\u9ede\uff0c\u642d\u914d\u5e97\u5bb6\u81ea\u88fd\u6ce1\u83dc\uff0c\u975e\u5e38\u597d\u5403\uff01\u6ce1\u83dc\u53ef\u4ee5\u591a\u8981\u9ede\u3002\n\n\u53e6\u5916\uff0c\u4e0a\u8d0a\u7684\u9eb5\u7dda\u7cca\uff0c\u66f4\u662f\u5927\u63a8\uff0c\u53ef\u4ee5\u52a0\u4e09\u7a2e\u6599\uff0c\u86b5\u4ed4\u3001\u8089\u7fb9\u3001\u5927\u8178\uff0c\u5e97\u5bb6\u76f8\u7576\u6709\u8aa0\u610f\uff0c\u6599\u8d85\u7d1a\u591a\uff0c\u6eff\u6eff\u4e00\u5927\u7897\uff01\u91cd\u9ede\u662f\uff0c\u81ed\u8c46\u8150\u8207\u9eb5\u7dda\u7cca\uff0c\u50f9\u683c\u4fbf\u5b9c\u3001\u516c\u9053\u3001CP\u503c\u8d85\u9ad8\uff01\u5927\u63a8\u7279\u63a8\uff01"
        },
        {
            "reply_id": "UgxLob8Z0x6vKWjSnmt4AaABAg",
            "reply_content": "\u5f88\u559c\u6b61\u770b\u83c7\u7238\u8ddf\u83c7\u5abd\u4ed6\u5011\u597d\u53ef\u611b\uff0c\u770b\u4ed6\u5011\u5403\u6771\u897f\u771f\u5e78\u798f\u2764"
        },
        {
            "reply_id": "UgwhdfrBEe3miGUL_2J4AaABAg",
            "reply_content": "\u83c7\u8ddf\u5abd\u5abd\u9577\u8d85\u50cf"
        },
        {
            "reply_id": "Ugwk4K1SsAeUG7sJZNF4AaABAg",
            "reply_content": "\u4e0d\u559c\u6b61\u4e0d\u7528\u52c9\u5f37\u554a\ud83d\ude02"
        },
        {
            "reply_id": "UgyzYEkd8uplF2esKQV4AaABAg",
            "reply_content": "\u53ef\u4ee5\u5403\u6e6f\u7684\u81ed\u8c46\u8150XD"
        },
        {
            "reply_id": "UgzchwLvvYZQ7ikueat4AaABAg",
            "reply_content": "\u7238\u7238\u770b\u8d77\u4f86\u5c31\u662f\u500b\u597d\u597d\u5148\u751f\u597d\u7238\u7238\u597d\u4e08\u592b\u7684\u6a23\u5b50\u2764"
        },
        {
            "reply_id": "UgwLTNHKslT0nYYhcrB4AaABAg",
            "reply_content": "\u597d\u6069\u611b\u7684\u4e00\u5bb6"
        },
        {
            "reply_id": "UgwKlFIXG7e4L6Dxs2x4AaABAg",
            "reply_content": "\u5b5d\u5973"
        },
        {
            "reply_id": "UgyFcts4OhsUZ-3Bokh4AaABAg",
            "reply_content": "\u53f0\u7063\u7684\u81ed\u8c46\u8150\u6700\u597d\u5403\u6cbe\u8fa3\u91ac\u66f4\u597d\u5403\u5f88\u8b9a\u5462"
        },
        {
            "reply_id": "UgxBuCL_FpNECnPl9mx4AaABAg",
            "reply_content": "\u7528\u84b8\u7684\u81ed\u8c46\u8150\u5473\u9053\u6bd4\u8f03\u91cd\uff0c\u7b2c\u4e00\u6b21\u5403\u8981\u5403\u70b8\u7684\u6bd4\u8f03\u80fd\u63a5\u53d7\ud83d\ude05"
        }
    ]
}