{
    "video_info": {
        "id": "q4Gs9gloilQ",
        "channelTitle": "\u97d3\u52fe\u311f\u91d1\u91dd\u83c7 \ucc10\uca50\uafb8",
        "title": "\ud83c\uddf8\ud83c\uddec\u65b0\u52a0\u5761\u5403\u4e00\u5929\u82b1\u591a\u5c11\u9322\uff1f\u5728\u5730\u5fc5\u5403\u7f8e\u98df\u5de1\u79ae\ud83d\ude0dep.1\u6574\u5929\u5728\u5403\u5403\u5403\u2026\uff5c\u97d3\u52fe\u311f\u91d1\u91dd\u83c7 \ucc10\uca50\uafb8",
        "description": "\u65b0\u52a0\u5761\u4e5f\u592a\u591a\u597d\u5403\u597d\u73a9\u7684\u5730\u65b9\uff01\uff01\uff01\n\u8a08\u756b\u53bb\u65b0\u52a0\u5761\u53ef\u4ee5\u770b\u770bKlook\u9069\u5408\u7684\u7968\u5377\u3001\u4f4f\u5bbf\u6216\u5305\u8eca\u670d\u52d9\u5594\u2764\ufe0f \n\ud83d\udc49https://pse.is/587x5v\n\n\n\u5e0c\u671b\u4f60\u5011\u559c\u6b61\u9019\u90e8\u5f71\u7247\n\u559c\u6b61\u5e6b\u6211\u8a02\u95b1\u6309\u8b9a\u5206\u4eab \u8a18\u5f97\u958b\u555f\u5c0f\u9234\u943a\u6536\u53d6\u65b0\u7247\u901a\u77e5\u5594\uff01\n\n\uff3f\uff3f\uff3f\uff3f\uff3f\uff3f\uff3f\uff3f\uff3f\uff3f\uff3f\uff3f\uff3f\uff3f\uff3f\uff3f\uff3f\uff3f\uff3f\uff3f\uff3f\n\n\u2b50\ufe0f\u91d1\u91dd\u83c7\u7684\u97d3\u570b\u7f8e\u98df\u54c1\u724c\uff1ahttps://www.kimkfoods.com\n\u2b50\ufe0f\u91d1\u5bb6\u311f\u5e03\u5e33\u99ac\u8eca\uff1ahttps://www.facebook.com/groups/2297603990535075/\n\u2b50\ufe0f\u91d1\u91dd\u83c7\u7684\u7c89\u5c08: https://www.facebook.com/Koreajinzhengu/\n\u2b50\ufe0f\u91d1\u91dd\u83c7\u7684IG: https://www.instagram.com/ggu__kim/\n\u2b50\ufe0f\u5408\u4f5c\u9080\u7d04\u8acb\u6d3dPressPlay\uff1ajinyoungkim@pressplay.cc\n\n\uff3f\uff3f\uff3f\uff3f\uff3f\uff3f\uff3f\uff3f\uff3f\uff3f\uff3f\uff3f\uff3f\uff3f\uff3f\uff3f\uff3f\uff3f\uff3f\uff3f\uff3f",
        "likeCount": "8226",
        "commentCount": "796",
        "viewCount": "449395"
    },
    "comments": [
        {
            "reply_id": "Ugws1KieiesWRL9SDG54AaABAg",
            "reply_content": "\u6b22\u8fce\u4f86\u5230\u65b0\u52a0\u5761\uff01"
        },
        {
            "reply_id": "UgwRjmX5L1xQjNbSzud4AaABAg",
            "reply_content": "\u7b11\u8d77\u6765\u597d\u751c\u7f8e"
        },
        {
            "reply_id": "Ugz4TjKGiU46O3wEUvF4AaABAg",
            "reply_content": "\u9a6c\u6765\u897f\u4e9a\u4eba\u5982\u679c\u90a3\u4e48\u53d7\u4e0d\u4e86\u5176\u4ed6\u4eba\u79f0\u8d5e\u65b0\u52a0\u5761\u7684\u98df\u7269\u4ec0\u4e48\u7684\u5c31\u522b\u770b\u4e86\u3002\u4e5f\u4e0d\u61c2\u4f60\u4eec\u4ec0\u4e48\u5fc3\u7406\uff0c\u4e2a\u4e2a\u6ca1\u51fa\u8fc7\u56fd\u8fd8\u662f\u662f\u4e61\u5df4\u4f6c\uff1f\u5403\u8fc7\u5f88\u591a\u5730\u65b9\u7684\u98df\u7269\uff0c\u5927\u9a6c\u7684\uff0c\u65b0\u52a0\u5761\u7684\uff0c\u9999\u6e2f\u7684\uff0c\u53f0\u6e7e\u7684\uff0c\u4e2d\u56fd\u7684\uff0c\u97e9\u56fd\u65e5\u672c\u7684\uff0c\u897f\u65b9\u56fd\u5bb6\u7684\uff0c\u90fd\u662f\u5728\u5f53\u5730\u5403\u3002\u6bcf\u4e2a\u56fd\u5bb6\u90fd\u6709\u597d\u5403\u4e0d\u597d\u5403\u7684\u554a\uff0c\u505a\u4eba\u522b\u90a3\u4e48\u6ca1\u809a\u91cf\u3002\u521a\u521a\u4ece\u6fb3\u95e8\u9999\u6e2f\u56de\u6765\uff0c\u5403\u4e86\u5f88\u591a\u597d\u5403\u7684\u4e5f\u5403\u4e86\u4e00\u4e9b\u6709\u4e9b\u8ba9\u4eba\u5931\u671b\u7684\uff0c\u4e00\u7fa4\u53ea\u4f1a\u6279\u8bc4\u65b0\u52a0\u5761\u98df\u7269\u7684\u6050\u6015\u662f\u5fc3\u91cc\u4e0d\u5e73\u8861\u7684\u3002"
        },
        {
            "reply_id": "UgzKbzoUFuT087oya5h4AaABAg",
            "reply_content": "\u6211\u7684\u5929\u554a\uff01\u8d85\u9760\u8fd1\u6211\u5bb6\u9644\u771f\u662f\u4e0d\u53ef\u601d\u8bae\u3002\u3002\u3002"
        },
        {
            "reply_id": "UgzD8rHn8rZzH-ZPzaR4AaABAg",
            "reply_content": "\u91d1\u91dd\u83c7\u8b8a\u66f4\u6f02\u4eae\u4e86?"
        },
        {
            "reply_id": "UgzxG-OM_dOEEuw-SDV4AaABAg",
            "reply_content": "\u671f\u5f85\u99ac\u4f86\u897f\u4e9e\u2764"
        },
        {
            "reply_id": "UgyChKH0dif3gXYuYWh4AaABAg",
            "reply_content": "\u4f4f\u5bbf\u3115\u662f\u54ea\u4e00\u9593"
        },
        {
            "reply_id": "UgynNPaWJg6LE_vI7ex4AaABAg",
            "reply_content": "\u5bf9\uff0c\u98df\u7269\u591a\u5143\u5316\uff0c\u4f60\u8fd8\u6ca1\u8bd5\u5403\u6211\u4eec\u9a6c\u6765\u65cf\uff0c\u5370\u5ea6\u65cf\u548c\u6b27\u4e9a\u65cf\u540c\u80de\u7684\u7f8e\u98df\u5462\u3002\u3002\u54c8\u54c8"
        },
        {
            "reply_id": "UgwViy9uHwzsXBKzziF4AaABAg",
            "reply_content": "\u6211\u662f\u65b0\u52a0\u5761\u4eba\uff0c\u7b2c\u4e00\u6b21\u770b\u70b8\u4e91\u541e\u8638\u5496\u55b1\uff0c\u901a\u5e38\u8638\u7f8e\u4e43\u6ecb\u3002"
        },
        {
            "reply_id": "UgxA_44MnVE9D7oCP-Z4AaABAg",
            "reply_content": "\u4f60\u73fe\u5728\u5728\u54ea\u88e1"
        },
        {
            "reply_id": "UgxFRflH1eREp3OAbvt4AaABAg",
            "reply_content": "\u4f60\u8fd8\u6ca1\u5403\u5230\u5176\u4ed6\u79cd\u65cf\u7684\u98df\u54c1\u5462"
        },
        {
            "reply_id": "Ugxdr__WvRxfIQplZVx4AaABAg",
            "reply_content": "\u770b\u5b8c\u597d\u61f7\u5ff5\u65b0\u52a0\u5761\uff08\u4ee5\u524d\u5728\u90a3\u908a\u5f85\u904e\u4e00\u5e74\uff09\ud83d\ude06"
        },
        {
            "reply_id": "Ugw1qsRoIHBy0Qdirw94AaABAg",
            "reply_content": "\u597d\u559c\u6b61\u770b\u91d1\u91dd\u83c7\u7684\u983b\u9053\n\u559c\u6b61\u770b\u4f60\u65b0\u52a0\u5761\u7684\u5f71\u7247\n\u5403\u5403\u559d\u559d\ud83c\udf89\u5594\uff01"
        },
        {
            "reply_id": "Ugxa5V0wkD1SfArwKAZ4AaABAg",
            "reply_content": "\u53f0\u7063\u8ddf\u99ac\u4f86\u897f\u4e9e\u7684\u98df\u7269\u4e00\u5b9a\u6bd4\u65b0\u52a0\u5761\u597d\u5403\u592a\u591a\uff01"
        },
        {
            "reply_id": "UgxbQDIH3m12uDHsv5F4AaABAg",
            "reply_content": "\u90a3\u91cc\u4f1a\u6709\u4eba\u7528\u867e\u81df\u71ac\u6c64 \u662f\u7528\u867e\u58f3\u5566\u3002"
        },
        {
            "reply_id": "UgxfxwjE5e7V0BVrfFV4AaABAg",
            "reply_content": "\u60f3\u8981\u963f\u51e1\u9054\u83c7\u7c3d\u540d\u7167~\u65b0\u52a0\u73bb\u597d\u7f8e\u963f"
        },
        {
            "reply_id": "UgwFd5bBKS4-k_WCmQh4AaABAg",
            "reply_content": "\u597d\u7fa8\u6155\u83c7\u5403\u4e0d\u80d6\ud83e\udd7a"
        },
        {
            "reply_id": "UgxcmldppA_fFHz45eR4AaABAg",
            "reply_content": "\u770b\u8d77\u4f86\u90fd\u597d\u597d\u5403"
        },
        {
            "reply_id": "UgyD8_wEuoQQ98RxRCJ4AaABAg",
            "reply_content": "\u597d\u9177\u5594\uff5e\u60f3\u53bb\u65b0\u52a0\u5761\u4e86\uff5e"
        },
        {
            "reply_id": "Ugzh0FhIRlwku6pDMst4AaABAg",
            "reply_content": "\u60f3\u8981\u91d1\u91dd\u83c7\u7c3d\u540d\u7167 \n\u8d85\u559c\u6b61\u4f60\u7684\u5f71\u7247\u5566"
        }
    ]
}