{
    "video_info": {
        "id": "qVjp37xLkoE",
        "channelTitle": "\u97d3\u52fe\u311f\u91d1\u91dd\u83c7 \ucc10\uca50\uafb8",
        "title": "\u6700\u8fd1\u6d41\u884c\u7684\u300c\u7a7f\u642d\u7a7a\u4e2d\u62cd\u651d\u6cd5\u300d\u4f60\u8a66\u904e\u55ce\uff1f",
        "description": "",
        "likeCount": "22807",
        "commentCount": "309",
        "viewCount": "1030159"
    },
    "comments": [
        {
            "reply_id": "UgzuyRsx47W6vI8-NDx4AaABAg",
            "reply_content": "\u559d\n\u9577\u5927\u4e86"
        },
        {
            "reply_id": "UgzAfB4WVTPFyQ_EAJd4AaABAg",
            "reply_content": "\u91d1\u91dd\u83c7"
        },
        {
            "reply_id": "UgyDt_IXD3v8a1JmQBx4AaABAg",
            "reply_content": "\u597d\u6709\u8da3\u5537\ud83d\ude0a"
        },
        {
            "reply_id": "UgyHMYa3bDsumRZM2nh4AaABAg",
            "reply_content": "\u53ef\u4ee5\u7d04\u4f60\u5408\u4f5c\u62cd\u7167\u55ce?"
        },
        {
            "reply_id": "UgyZr6JmeS9F6W1fluB4AaABAg",
            "reply_content": "\u9019\u817f"
        },
        {
            "reply_id": "UgxePSEQXfXREojnPON4AaABAg",
            "reply_content": "\u8001\u5a46 \u6211\u611b\u4f60"
        },
        {
            "reply_id": "UgztOICTXtqo4wnn4GJ4AaABAg",
            "reply_content": "\u592a\u5e73\u4e86"
        },
        {
            "reply_id": "UgwslMOgqlmzOZ8byL54AaABAg",
            "reply_content": "\u6a23\u8870"
        },
        {
            "reply_id": "Ugz7Z3Ma7_yYLTqvMwp4AaABAg",
            "reply_content": "\u600e\u9ebc\u62cd\u3109\u554a"
        },
        {
            "reply_id": "UgzIf2OvXU5gBZ4XpQB4AaABAg",
            "reply_content": "\u6b63\u59b9"
        },
        {
            "reply_id": "Ugw5Wr-0nbaFIe6rYu94AaABAg",
            "reply_content": "\u5728\u842c\u83ef"
        },
        {
            "reply_id": "Ugw130OLiA11dXdqCEN4AaABAg",
            "reply_content": "\u90a3\u662f\u7121\u4eba\u6a5f\u55ce?"
        },
        {
            "reply_id": "Ugx6qzn8iUHlVbCMq2N4AaABAg",
            "reply_content": "\u7a7a\u62cd\u6a5f\u55ce\uff1f"
        },
        {
            "reply_id": "Ugy8SOCuHveMO4K7Jgd4AaABAg",
            "reply_content": "\u6c92\u7a7f\u5167\u8863\u597d\u8272\u5594"
        },
        {
            "reply_id": "UgwAV0XpwLtqZLTMjsZ4AaABAg",
            "reply_content": "\u91d1\u722d\u8339\u8eab\u6750\u5f88\u82d7\u689d"
        },
        {
            "reply_id": "UgxhIlTqu4GkgEQSx2R4AaABAg",
            "reply_content": "\u6240\u4ee5\u9019\u662f\u600e\u9ebc\u62cd?\u958b\u98db\u822a?"
        },
        {
            "reply_id": "UgwrX5X4EFHyeiK0_XB4AaABAg",
            "reply_content": "\u90a3\u500b\u978b\u5b50\u76f4\u63a5\u6253\u69cd\ud83d\ude30"
        },
        {
            "reply_id": "UgyMtTPnjINyHlLrMzR4AaABAg",
            "reply_content": "\u4eba\u597d\u770b \u7a7f\u5565\u90fd\u597d\u770b\u2764"
        },
        {
            "reply_id": "UgxBmE3m8sJzbKehHSJ4AaABAg",
            "reply_content": "\u90a3\u500b\u978b\u5b50\u8d85\u50cf\u9999\u6e2f\uff08\u76e3\u7344\u98a8\u96f2\u72af\u4eba\u7a7f\u7684\u978b\u5b50\uff09"
        },
        {
            "reply_id": "UgybHwDo3PhpgEAI0Th4AaABAg",
            "reply_content": "\u7f8e\u83c7"
        }
    ]
}