{
    "video_info": {
        "id": "qVTFpeWIABg",
        "channelTitle": "\u97d3\u52fe\u311f\u91d1\u91dd\u83c7 \ucc10\uca50\uafb8",
        "title": "\u6c7a\u5b9a\u79fb\u5c45\u82b1\u84ee\uff1f\u627e\u53f0\u7063\u623f\u6771\u963f\u59e8\u770b\u623f\u5b50\u4e86\uff01\u5c55\u958b\u65b0\u751f\u6d3b\u2728 ft.\u963f\u7ff0po\u5f71\u7247 \uff5c\u97d3\u52fe\u311f\u91d1\u91dd\u83c7 \ucc10\uca50\uafb8",
        "description": "\u611f\u8b1d\u623f\u6771\u963f\u59e8\u5e36\u6211\u73a9\u9084\u6709\u770b\u623f\u5b50\n\u611b\u4f60\u5594\uff01\u8a02\u95b1han han\u983b\u9053\uff01\nhttps://www.youtube.com/@hanhanpovideo\n\n\u5e0c\u671b\u4f60\u5011\u559c\u6b61\u9019\u90e8\u5f71\u7247\n\u559c\u6b61\u5e6b\u6211\u8a02\u95b1\u6309\u8b9a\u5206\u4eab \u8a18\u5f97\u958b\u555f\u5c0f\u9234\u943a\u6536\u53d6\u65b0\u7247\u901a\u77e5\u5594\uff01\n\n\uff3f\uff3f\uff3f\uff3f\uff3f\uff3f\uff3f\uff3f\uff3f\uff3f\uff3f\uff3f\uff3f\uff3f\uff3f\uff3f\uff3f\uff3f\uff3f\uff3f\uff3f\n\n\u2b50\ufe0f\u91d1\u91dd\u83c7\u7684\u97d3\u570b\u7f8e\u98df\u54c1\u724c\uff1ahttps://www.kimkfoods.com\n\u2b50\ufe0f\u91d1\u5bb6\u311f\u5e03\u5e33\u99ac\u8eca\uff1ahttps://www.facebook.com/groups/2297603990535075/\n\u2b50\ufe0f\u91d1\u91dd\u83c7\u7684\u7c89\u5c08: https://www.facebook.com/Koreajinzhengu/\n\u2b50\ufe0f\u91d1\u91dd\u83c7\u7684IG: https://www.instagram.com/ggu__kim/\n\u2b50\ufe0f\u5408\u4f5c\u9080\u7d04\u8acb\u6d3dPressPlay\uff1ajinyoungkim@pressplay.cc\n\n\uff3f\uff3f\uff3f\uff3f\uff3f\uff3f\uff3f\uff3f\uff3f\uff3f\uff3f\uff3f\uff3f\uff3f\uff3f\uff3f\uff3f\uff3f\uff3f\uff3f\uff3f",
        "likeCount": "11133",
        "commentCount": "340",
        "viewCount": "387113"
    },
    "comments": [
        {
            "reply_id": "UgyaYcI2ELOzRc--yh94AaABAg",
            "reply_content": "\u623f\u6771\u963f\u59e8\u7684\u623f\u5b50\u904d\u4f48\u5168\u53f0\u7063\u6240\u4ee5\u8981\u74b0\u5cf6"
        },
        {
            "reply_id": "UgwxyjANX4gbNGGqD_Z4AaABAg",
            "reply_content": "\u91d1\u91dd\u83c7\u4e2d\u6587\u592a\u597d\u4e86 \u4ee5\u71b1\u6cbb\u71b1\u90fd\u51fa\u4f86\u4e86 \u9019\u5f71\u7247\u8d85\u597d\u7b11"
        },
        {
            "reply_id": "UgxPEpcRu8psRfwi0XB4AaABAg",
            "reply_content": "\u963f\u7ff0\u7684\u7d93\u5178\u89d2\u8272 \u4e00\u51fa\u73fe\u5c31\u597d\u597d\u7b11"
        },
        {
            "reply_id": "Ugyq7FWSHhZY3BK2wrt4AaABAg",
            "reply_content": "\u54c8\u54c8\u54c8 \u78b0\u5230\u963f\u7ff0 \u59b3\u8981\u7834\u8ca1\u5566\uff01"
        },
        {
            "reply_id": "UgxSsCVgk0loBU0s0k14AaABAg",
            "reply_content": "\u6211\u4e5f\u9700\u8981\u4e00\u9593\u623f \u5b89\u975c\u901a\u98a8\u63a1\u5149\u597d"
        },
        {
            "reply_id": "UgxtSHOVDjjhhjSGBYJ4AaABAg",
            "reply_content": "\u963f\u7ff0\u597d\u81ea\u7136\u771f\u7684\u5f88\u597d\u7b11\u6b38 \u5dee\u9ede\u771f\u4ee5\u70ba\u91d1\u91dd\u83c7\u8981\u642c\u53bb\u82b1\u84ee\u4e86 \u54c8\u54c8"
        },
        {
            "reply_id": "UgxaxJ7J2C2c0PCSpfN4AaABAg",
            "reply_content": "\u6211\u771f\u7684\u5687\u4e00\u8df3\u4e86\uff0c\u91dd\u83c7\u771f\u7684\u8b8a\u5f97\u597d\u6f02\u4eae \u771f\u7684\u5f88\u6f02\u4eae\u54e6 \u662f\u6211\u4ee5\u524d\u8fd1\u8996\u592a\u6df1\u55ce\ud83d\ude05\uff1f \u90fd\u6c92\u6709\u767c\u89ba\u5230 \u9019\u6b21\u8b93\u6211\u592a\u9707\u64bc \u2764\u2764\u2764"
        },
        {
            "reply_id": "UgybwyOVufvkUAtR0M54AaABAg",
            "reply_content": "\u6211\u6709\u770b\u5230\u4f60\u5011"
        },
        {
            "reply_id": "Ugyb47xC7cE9cVXxmQd4AaABAg",
            "reply_content": "\u6316\uff0c\u90a3\u4ee5\u5f8c\u6703\u6709\u6a5f\u6703\u5076\u9047\u91d1\u91dd\u83c7\u56c9\ud83c\udf89"
        },
        {
            "reply_id": "UgwwEd_jDCXaRzXJ7Zp4AaABAg",
            "reply_content": "\u5982\u679c\u963f\u7ff0\u6c92\u53f0\u8a5e\u9084\u80fd\u628a\u623f\u6771\u963f\u59e8\u878d\u5165\u6210\u9019\u6a23\uff0c\u597d\u53b2\u5bb3\u6b38\ud83d\ude47\ud83d\ude47"
        },
        {
            "reply_id": "UgwVTDZwvvqXsZj1t0V4AaABAg",
            "reply_content": "\u770b\u963f\u7ff0\u7684\u5f71\u7247,\u6211\u9084\u5f9e\u4f86\u6c92\u7b11\u904e, \u90a3\u88e1\u597d\u7b11\uff1f"
        },
        {
            "reply_id": "UgwkZREDGpAiHJRu8FZ4AaABAg",
            "reply_content": "\u8d8a\u5f80\u5357\u623f\u50f9\u8d8a\u4fbf\u5b9c"
        },
        {
            "reply_id": "UgzN_KlAlO-LOsVS9c14AaABAg",
            "reply_content": "\u91d1\u91dd\u83c7\u8b8a\u66f4\u6f02\u4eae\u4e86"
        },
        {
            "reply_id": "Ugz4Dt84N96iR18fjah4AaABAg",
            "reply_content": "\u9019\u96c6\u771f\u7684\u597d\u597d\u7b11\uff01"
        },
        {
            "reply_id": "UgzR6wNLqE-OKLRWj8J4AaABAg",
            "reply_content": "\u7389\u91cc\u96d9\u5341\u6709\u53bb\u904e\uff0c\u6a4b\u982d\u81ed\u8c46\u8150\u4eba\u591a\u5230\u7206\u70b8\uff0c\u7b49\u5f88\u4e45\u624d\u5f9e110\u5230120\u800c\u5df2\uff0c\u800c\u6211\u5011\u5df2\u7d93\u62ff\u52302\u767e\u591a\u865f\u4e86\uff0c\u6700\u5f8c\u6c7a\u5b9a\u53bb\u539f\u9999\u5403\uff0c\u53e3\u5473\u4e5f\u5f88\u7279\u5225\uff0c\u9084\u6709\u863f\u8514\u7d72\uff0c\u539f\u9999\u6eff\u63a8\u7684\ud83e\udd23"
        },
        {
            "reply_id": "UgzreKE1p-McOyKnlnl4AaABAg",
            "reply_content": "\u662f\u771f\u7684\u597d\u5403"
        },
        {
            "reply_id": "UgwwtC9yUHN-0YMH93Z4AaABAg",
            "reply_content": "\u623f\u6771\u53d4\u53d4\u5427\uff01"
        },
        {
            "reply_id": "UgwtsGSQ_kmRpHraV3V4AaABAg",
            "reply_content": "\u90a3\u623f\u5b50\u548c\u90a3\u7897\u51b0\u770b\u8d77\u4f86\u90fd\u8d85\u8b9a"
        },
        {
            "reply_id": "Ugy64HOVmkq5e4ppZMR4AaABAg",
            "reply_content": "\u54c8\u54c8\u54c8"
        },
        {
            "reply_id": "UgxVaLSOp44ZWku0RfJ4AaABAg",
            "reply_content": "\u82b1\u84ee\u5ea7\u516c\u8eca\u662f\u7a2e\u4fee\u884c"
        }
    ]
}