{
    "video_info": {
        "id": "R4nEGry-ny4",
        "channelTitle": "\u97d3\u52fe\u311f\u91d1\u91dd\u83c7 \ucc10\uca50\uafb8",
        "title": "\u97d3\u570b\u660e\u661f\u7adf\u7136\u4f86\u53f0\u5403\u300c\u9019\u4e9b\u300d\uff1f\u4f86\u4e86\u5c31\u8981\u591a\u9ad4\u9a57\u53f0\u7063\u5728\u5730\u7f8e\u98df\u5566\ud83c\uddf9\ud83c\uddfcIU\u30012PM\u3001Gidle...\ud83d\udd25\uff5c\u97d3\u52fe\u311f\u91d1\u91dd\u83c7 \ucc10\uca50\uafb8",
        "description": "#\u97d3\u570b\u660e\u661f #\u97d3\u570b\u611b\u8c46 \n\u90fd\u4f86\u53f0\u7063\u5403\u54ea\u4e9b\uff1f\uff1f\u6211\u4f86\u4ecb\u7d39\u7d66\u5927\u5bb6\uff5e\uff5e\n\n\u5f71\u7247\u88e1\u63d0\u5230\u7684\u5a01\u5fb7\u96d9\u9175\u76ca\u751f\u83cc\n\u83c7\u7c89\u9650\u6642\u5c08\u5c6c\u512a\u60e0\uff01\u2764\ufe0f\n\u8981\u9ede\u9019\u500b\u9023\u7d50\u624d\u6709\uff5e\n\u83c7https://bit.ly/3OLOwOT\n(\u9700\u4e0b\u8f09\u5168\u5bb6APP\u5537!)\n\u512a\u60e0\u53ea\u5230~9/2 7\u5929\u5537\uff01\n\n  #\u5168\u5bb6\u4fbf\u5229\u5546\u5e97#\u5a01\u5fb7WEIDER#\u5a01\u5fb7\u96d9\u9175\u76ca\u751f\u83cc\n\n\u5e0c\u671b\u4f60\u5011\u559c\u6b61\u9019\u90e8\u5f71\u7247\n\u559c\u6b61\u5e6b\u6211\u8a02\u95b1\u6309\u8b9a\u5206\u4eab \u8a18\u5f97\u958b\u555f\u5c0f\u9234\u943a\u6536\u53d6\u65b0\u7247\u901a\u77e5\u5594\uff01\n\n\uff3f\uff3f\uff3f\uff3f\uff3f\uff3f\uff3f\uff3f\uff3f\uff3f\uff3f\uff3f\uff3f\uff3f\uff3f\uff3f\uff3f\uff3f\uff3f\uff3f\uff3f\n\n\u2b50\ufe0f\u91d1\u91dd\u83c7\u7684\u97d3\u570b\u7f8e\u98df\u54c1\u724c\uff1ahttps://www.kimkfoods.com\n\u2b50\ufe0f\u91d1\u5bb6\u311f\u5e03\u5e33\u99ac\u8eca\uff1ahttps://www.facebook.com/groups/2297603990535075/\n\u2b50\ufe0f\u91d1\u91dd\u83c7\u7684\u7c89\u5c08: https://www.facebook.com/Koreajinzhengu/\n\u2b50\ufe0f\u91d1\u91dd\u83c7\u7684IG: https://www.instagram.com/ggu__kim/\n\u2b50\ufe0f\u5408\u4f5c\u9080\u7d04\u8acb\u6d3dPressPlay\uff1ajinyoungkim@pressplay.cc\n\n\uff3f\uff3f\uff3f\uff3f\uff3f\uff3f\uff3f\uff3f\uff3f\uff3f\uff3f\uff3f\uff3f\uff3f\uff3f\uff3f\uff3f\uff3f\uff3f\uff3f\uff3f",
        "likeCount": "13789",
        "commentCount": "410",
        "viewCount": "642292"
    },
    "comments": [
        {
            "reply_id": "Ugwl-pM-Dq1Cevg4mCh4AaABAg",
            "reply_content": "\u6211\u5f88\u611b\u5403\u7d05\u8c46\u9905\uff0c\u5149\u83ef\u90a3\u5bb6\u662f\u771f\u7684\u6703\u4e00\u76f4\u60f3\u56de\u53bb\u8cb7\u7684\n\u6599\u5f88\u591a\u5403\u8d77\u4f86\u5f88\u723d!"
        },
        {
            "reply_id": "Ugxm5izqzqvpS3riMCN4AaABAg",
            "reply_content": "\u770b\u5230\u91d1\u91dd\u83c7\u6bd4\u4e09\u7684\u65b9\u5f0f\u5c31\u77e5\u9053\u91dd\u83c7\u5f88\u878d\u5165\u53f0\u7063\u4e86\ud83d\ude06"
        },
        {
            "reply_id": "Ugyn1R6No7MLRFs1IY54AaABAg",
            "reply_content": "\u53f0\u5317\u963f\u5440\u5230\u5e95\u751a\u9ebc\u9b3c"
        },
        {
            "reply_id": "UgzmtG91JMgmbJRz6kN4AaABAg",
            "reply_content": "\u770b\u4f86IU\u6eff\u61c2\u5403\uff08\u53f0\u7063\u5c0f\u5403\uff09\u7684\u8036\n\u7136\u5f8c\uff08\u771f\u5fc3\u5efa\u8b70\u6240\u6709\u5916\u570b\u85dd\u4eba\uff09\u963f\u5b97\u9eb5\u7dda\u5b8c\u5168\u53ef\u4ee5\u8df3\u904e"
        },
        {
            "reply_id": "UgyGWLAu076y1E1LHAh4AaABAg",
            "reply_content": "\u8d85\u611b\u83dc\u812f\u963f"
        },
        {
            "reply_id": "UgyY9tZtYEwqBCubeWh4AaABAg",
            "reply_content": "\u54c8\u2026\n\u5176\u5be6\u4e0d\u80fd\u602a\u5c0f\u59b9\u59b9\u6c92\u807d\u904e\u91d1\u91dd\u83c7\u5927\u540d\u2026\u2026\n\u56e0\u70ba\u5e74\u7d00\u5c0f.\u6bd4\u8f03\u5c11\u770b\u5f71\u7247\u5427\u2026\n\u671f\u5f85\u4e0b\u6b21\u8207\u83c7\u59d0\u5408\u4f5c\u62cd\u7247\ud83d\ude00"
        },
        {
            "reply_id": "Ugwtiypj3hfGecC6SQ14AaABAg",
            "reply_content": "\u53f0\u7063\u9f0e\u6cf0\u8c50\u8ddf\u4fbf\u5229\u5546\u5e97\u662f\u771f\u7684\u5c0f\u6709\u540d\u6c23\n\n\u65e5\u672c\u7684\u570b\u969b\u9023\u9396\u5e97\u4e5f\u5f88\u5f37\n\n\u4f46\u597d\u50cf\u6c92\u5565\u807d\u904e\u97d3\u570b\u7684\u6709\u5565\u570b\u969b\u9910\u5ef3  \u883b\u597d\u5947\u7684  \u5f88\u60f3\u53bb\u5403\u770b\u770b  \u51fa\u570b\u4e5f\u53ef\u4ee5\n\n\u76ca\u751f\u83cc\u662f\u771f\u7684\u5f88\u597d\n\n\u8178\u80c3\u662f\u4eba\u9ad4\u7b2c\u4e8c\u500b\u5927\u8166\n\n\u4e00\u500b\u4eba\u5982\u4f55\u90fd\u662f\u770b\u5e73\u6642\u5c0d\u5f85\u8178\u80c3"
        },
        {
            "reply_id": "UgwF31l1sCV1jq4-8nR4AaABAg",
            "reply_content": "\u6536\u97f3\u597d\u5f37\uff0c\u98b1\u98a8\u5929\u5916\u9762\u98a8\u9019\u9ebc\u5927\uff0c\u6536\u97f3\u7adf\u7136\u6c92\u6709\u98a8\u8072\uff01"
        },
        {
            "reply_id": "Ugzjuqeq-qBa29_vFMt4AaABAg",
            "reply_content": "\u9f0e\u6cf0\u8c50\u662f\u6bcf\u6b21\u53bb\u53f0\u7063\u5fc5\u5b9a\u9078\u64c7\ud83d\udc4d"
        },
        {
            "reply_id": "UgzRfBWHa6PkUhe8-zx4AaABAg",
            "reply_content": "\u554a\u554a\u554a\u554a\u554a\u559c\u6b61\u9019\u500b\u984c\u6750 \u5e0c\u671b\u53ef\u4ee5\u6709\u7cfb\u5217\u4e0b\u53bb\u2764"
        },
        {
            "reply_id": "UgweYozZ9sroCQoSDtt4AaABAg",
            "reply_content": "\u4ecb\u7d39IU\u6642\u90a3\u9996\u914d\u6a02\u6b4c\u662f\u54ea\u4e00\u9996\u5462\uff1f"
        },
        {
            "reply_id": "UgwjeReRss8oTJslxOF4AaABAg",
            "reply_content": "\u60f3\u77e5\u9053\u91d1\u91dd\u83c7\u54fc\u7684\u6b4c\u662f\u54ea\u4e00\u9996\uff08\u592a\u967d)?"
        },
        {
            "reply_id": "UgwryOFW0dyQbdadGXF4AaABAg",
            "reply_content": "\u9f0e\u6cf0\u8c50\u8d85\u8cb4\uff0c\u91d1\u91dd\u83c7\u771f\u8a72\u82b1\u9019\u500b\u9322\u53bb\u5403\u9f0e\u6cf0\u8c50\uff01"
        },
        {
            "reply_id": "Ugzo0iGFf_XoPwltM_h4AaABAg",
            "reply_content": "\u863f\u8514\u7d72\u7684\u8eca\u8f2a\u9905\u4e5f\u597d\u597d\u5403!\u6211\u5c0f\u6642\u5019\u4e0d\u6562\u5403\u9e79\u7684\u53e3\u5473 \u53ea\u6562\u5403\u751c\u7684,\u76f4\u5230\u6709\u4e00\u6b21\u6211\u7238\u7528\u6c23\u70b8\u934b\u70e4\u7684\u8d85\u7d1a\u9999,\u8b93\u6211\u5be6\u5728\u5fcd\u4e0d\u4f4f\u5403\u4e00\u53e3 \u771f\u7684\u76f4\u63a5\u9a5a\u70ba\u5929\u4eba!!!\ud83e\udd23"
        },
        {
            "reply_id": "UgyRygXkIO6r_KdwRoB4AaABAg",
            "reply_content": "\u91d1\u91dd\u83c7\u71e6\u721b\u7684\u7b11\u5bb9\u771f\u662f\u8d8a\u4f86\u8d8a\u6f02\u4eae\u4e86"
        },
        {
            "reply_id": "Ugyg6OUEyDQD_wAOySN4AaABAg",
            "reply_content": "\u60f3\u5403\u5149\u83ef\u8eca\u8f2a\u9905\uff0c\u5bb6\u88e1\u7fd2\u6163\u90fd\u8cb7\u6674\u5149\u8eca\u8f2a\u9905\u4e5f\u4e0d\u932f\uff0c\u6709\u6a5f\u6703\u8981\u53bb\u5403\u5403\u770b\uff0c\u53e6\u5916\u963f\u5b97\u9eb5\u7dda\u5f88\u4e45\u4ee5\u524d\u5403\u904e\u4e00\u6b21\u4f46\u662f\u6c92\u6709\u8a18\u61b6\u9ede\uff0c\u73fe\u5728\u61c9\u8a72\u90fd\u662f\u89c0\u5149\u5ba2\u5c45\u591a\uff0c\u6709\u8a31\u591a\u9eb5\u7dda\u6524\u6bd4\u963f\u5b97\u7684\u597d\u5403\uff0c\u770b\u500b\u4eba\u559c\u6b61\u9eb5\u7dda\u7684\u53e3\u611f\u9084\u662f\u5403\u6599\uff0c\u90fd\u6709\u5176\u4ed6\u4e0d\u4e00\u6a23\u7684\u9078\u64c7"
        },
        {
            "reply_id": "UgytDHobKhrCu7-BtQ54AaABAg",
            "reply_content": "\u9f0e\u6cf0\u8c50\u771f\u7684\u5f88\u7d93\u5178~"
        },
        {
            "reply_id": "Ugz3yBzAJIxko2M_YHt4AaABAg",
            "reply_content": "\u8eab\u70ba\u4e00\u500b\u9eb5\u7dda\u611b\u597d\u8005\u500b\u4eba\u8a8d\u70ba\u963f\u5b97\u7684\u53e3\u5473\u5728\u53f0\u7063\u771f\u7684\u662f\u5012\u6578\u7684\uff0c\u9019\u6642\u4ee3\u884c\u92b7\u505a\u5f97\u597d\u6bd4\u8f03\u91cd\u8981\uff0c\u53cd\u6b63\u77ed\u671f\u65c5\u884c\u7684\u5916\u570b\u4eba\u4e0d\u6703\u518d\u53bb\u5403\u5176\u4ed6\u5bb6\u9eb5\u7dda\u6240\u4ee5\u7121\u5f9e\u6bd4\u8f03....\u6211\u5bb6\u9644\u8fd1\u4e00\u5bb6\u51b0\u5e97\u4e5f\u662f\u4e4b\u524d\u751f\u610f\u5f88\u5dee\uff0c\u81ea\u5f9e\u5728\u67d0\u89c0\u5149\u6307\u5357\u66dd\u5149\u5f8c\u6bcf\u5929\u90fd\u6709\u4e00\u5806\u5916\u570b\u4eba\u6392\u968a\u7b49\u5403\u8292\u679c\u51b0"
        },
        {
            "reply_id": "UgzwnDHSZoJja6CIi6B4AaABAg",
            "reply_content": "\u963f\u5b97\u9eb5\u7dda\u8981\u52a0\u918b\uff0c\u849c\u982d\u6c41"
        },
        {
            "reply_id": "UgxypcaucPYdADfg_gF4AaABAg",
            "reply_content": "\u65b0\u7684\u599d\u9aee\u5f88\u6f02\u4eae"
        }
    ]
}