{
    "video_info": {
        "id": "sauS1OZhwoY",
        "channelTitle": "\u97d3\u52fe\u311f\u91d1\u91dd\u83c7 \ucc10\uca50\uafb8",
        "title": "\u7238\u5abd\u8981\u96e2\u958b\u53f0\u7063\u4e86\ud83d\ude2d\u3010\u91d1\u5bb6\u5718\u5713\u6700\u5f8c\u4e00\u96c6\u3011\u4e00\u8d77\u53bb\u5317\u6d77\u5cb8\u4e00\u65e5\u904a\u2764\ufe0f\u8aaa\u8981\u4f86\u53f0\u7063\u990a\u8001\u54c8\u54c8\u54c8\uff5c\u97d3\u52fe\u311f\u91d1\u91dd\u83c7 \ucc10\uca50\uafb8",
        "description": "#\u83c7\u7238\u83c7\u5abd\u4f86\u53f0\u7063 #\u91d1\u5bb6\u5718\u5713 \n\n\u5e0c\u671b\u4f60\u5011\u559c\u6b61\u9019\u90e8\u5f71\u7247\n\u559c\u6b61\u5e6b\u6211\u8a02\u95b1\u6309\u8b9a\u5206\u4eab \u8a18\u5f97\u958b\u555f\u5c0f\u9234\u943a\u6536\u53d6\u65b0\u7247\u901a\u77e5\u5594\uff01\n\n\uff3f\uff3f\uff3f\uff3f\uff3f\uff3f\uff3f\uff3f\uff3f\uff3f\uff3f\uff3f\uff3f\uff3f\uff3f\uff3f\uff3f\uff3f\uff3f\uff3f\uff3f\n\n\u2b50\ufe0f\u91d1\u91dd\u83c7\u7684\u97d3\u570b\u7f8e\u98df\u54c1\u724c\uff1ahttps://www.kimkfoods.com\n\u2b50\ufe0f\u91d1\u5bb6\u311f\u5e03\u5e33\u99ac\u8eca\uff1ahttps://www.facebook.com/groups/2297603990535075/\n\u2b50\ufe0f\u91d1\u91dd\u83c7\u7684\u7c89\u5c08: https://www.facebook.com/Koreajinzhengu/\n\u2b50\ufe0f\u91d1\u91dd\u83c7\u7684IG: https://www.instagram.com/ggu__kim/\n\u2b50\ufe0f\u5408\u4f5c\u9080\u7d04\u8acb\u6d3dPressPlay\uff1ajinyoungkim@pressplay.cc\n\n\uff3f\uff3f\uff3f\uff3f\uff3f\uff3f\uff3f\uff3f\uff3f\uff3f\uff3f\uff3f\uff3f\uff3f\uff3f\uff3f\uff3f\uff3f\uff3f\uff3f\uff3f",
        "likeCount": "29315",
        "commentCount": "1095",
        "viewCount": "880166"
    },
    "comments": [
        {
            "reply_id": "UgyntjqBzF0OMThM6bd4AaABAg",
            "reply_content": "\u5e0c\u671b\u83c7\u7238\u83c7\u5abd\u5e38\u4f86\u53f0\u7063\u73a9\u54e6"
        },
        {
            "reply_id": "UgyLC9-spmRiq5yPzAB4AaABAg",
            "reply_content": "\u8acb\u554f\uff5e\u9019\u6d77\u9bae\u9910\u5ef3\u540d\u7a31 \u5730\u9ede\uff5e\u8b1d\u8b1d"
        },
        {
            "reply_id": "Ugz375gcdxhGHiPt8X14AaABAg",
            "reply_content": "\u8acb\u554f\u4f60\u5011\u53bb\u7684\u6d77\u9bae\u9910\u5ef3\u662f\u5728\u54ea\u88e1\uff1f"
        },
        {
            "reply_id": "Ugz5eqjJXVSDCPV5S5x4AaABAg",
            "reply_content": "\u6b61\u8fce\u5149\u81e8\u53f0\u7063\u65c5\u904a\u5594\uff01"
        },
        {
            "reply_id": "UgzkFIHey-AxMXvESEF4AaABAg",
            "reply_content": "\u97d3\u570b\u7238\u7238\u7684\u5f88\u611b\u5973\u5152"
        },
        {
            "reply_id": "UgzBqxvrB4Er_ZO0uwR4AaABAg",
            "reply_content": "\u83c7\u7238\u83c7\u5abd\u53ef\u4ee5\u8003\u616e\u4f86\u53f0\u7063\u990a\u8001\u5594"
        },
        {
            "reply_id": "Ugys3BjC95caCphT67t4AaABAg",
            "reply_content": "\u597d\u53ef\u611b"
        },
        {
            "reply_id": "UgxLmCWIacTeZCrz7k94AaABAg",
            "reply_content": "\u559c\u6b61\u7238\u5abd\u4f86\u53f0\u7063\u73a9\u7684\u5f71\u7247\uff01\u5e0c\u671b\u7238\u5abd\u53ef\u4ee5\u591a\u4f86\u53f0\u7063\u73a9\u5537"
        },
        {
            "reply_id": "UgwSNg8GICAlB1ltFW54AaABAg",
            "reply_content": "\u83c7\u5abd\u6b63\u54a9\u52d2"
        },
        {
            "reply_id": "UgzRPobuY7WQ6eiBvvZ4AaABAg",
            "reply_content": "\u771f\u60c5\u6d41\u9732\u7684\u771f\u7537\u4eba!\u7238\u7238\u7e3d\u662f\u628a\u611b\u85cf\u5728\u5167\u5fc3\uff0c\u4f46\u6709\u6642\u6703\u4e0d\u7d93\u610f\u6d41\u6f0f\u3002"
        },
        {
            "reply_id": "Ugy-rGiXe49lVT1IfrJ4AaABAg",
            "reply_content": "\u83c7\u7238\u771f\u5e25\uff0c\u83c7\u5abd\u4eae\u773c\n\u597d\u68d2\u7684\u4e00\u5c0d\u592b\u59bb\n\u90a3\u83c7\u5462\uff1f\n\u5065\u8eab\u904b\u52d5\u662f\u552f\u4e00\u7684\u8def\n\u5225\u5674\u6211\u5594\uff01"
        },
        {
            "reply_id": "UgxYwqTZbqTEEuBScfp4AaABAg",
            "reply_content": "\u73cd\u83c7\u7684\u7238\u7238\u5abd\u5abd\u6b61\u8fce\u4f86\u53f0\u7063\u990a\u8001\u54e6"
        },
        {
            "reply_id": "UgxSkevVThMUcfBvHBV4AaABAg",
            "reply_content": "\u7238\u7238\u5abd\u5abd\u5f88\u6709\u6c23\u8cea\uff0c\u662f\u6709\u6587\u5316\u7684\u4eba\u5594\uff01"
        },
        {
            "reply_id": "UgxFsHAqIgWUIVptNGt4AaABAg",
            "reply_content": "\u597d\u60f3\u77e5\u9053\u90a3\u9593\u7092\u83dc\u9910\u5ef3\u7684\u540d\u5b57\uff0c\u597d\u50cf\u5f88\u597d\u5403"
        },
        {
            "reply_id": "Ugzytq9zfIe5NTHNH2V4AaABAg",
            "reply_content": "\u6539\u5929\u4f86\u4e45\u4e00\u9ede\u79df\u9732\u71df\u8eca\u74b0\u5cf6\u65c5\u884c"
        },
        {
            "reply_id": "Ugx5YgZR0N-EhJ0WjGh4AaABAg",
            "reply_content": "\u9b0d\u9b1a\u5f35\u9b6f\u8089\u98ef\u771f\u597d\u5403\u5c31\u662f\u5c0f\u8cb4\u4e00\u9ede"
        },
        {
            "reply_id": "Ugzol_XgV8KIteNJwEp4AaABAg",
            "reply_content": "\u592a\u611f\u52d5\u4e86 \u6211\u8981\u662f\u7238\u7238\u4e5f\u6703\u54ed\n\u5feb\u6a02\u611f\u52d5\u5e7e\u5929 \u53c8\u8981\u96e2\u958b3\u500b\u5c0f\u5b69\ud83e\udd79"
        },
        {
            "reply_id": "UgxK5hAooZh1q5IAgxR4AaABAg",
            "reply_content": "\u9f8d\u8766\u982d\u4e0d\u662f\u838a\u98fe\u54c1\uff0c\u5b83\u53ef\u4ee5\u8acb\u5e97\u5bb6\u6599\u7406\u4f5c\u9f8d\u8766\u6d77\u9bae\u7ca5\uff01"
        },
        {
            "reply_id": "UgzJ4Wj8TiYccFeykV14AaABAg",
            "reply_content": "\u5230\u5bfa\u5edf\u62dc\u62dc\u6642\uff0c\u9ede\u9999\u7684\u706b\u4e0d\u80fd\u7528\u5634\u5439\u7184\uff0c\u56e0\u70ba\u7528\u5634\u5439\u662f\u5c0d\u795e\u660e\u5927\u4e0d\u656c\uff0c\u7184\u706b\u7947\u80fd\u7528\u624b\u6247\u7184\uff0c\u6216\u6416\u7184\uff01"
        },
        {
            "reply_id": "UgxZAuD59B3hZAPIi6R4AaABAg",
            "reply_content": "\u6eab\u99a8\u53c8\u611f\u4eba \u4e09\u5144\u59b9\u52a0\u6cb9"
        }
    ]
}