{
    "video_info": {
        "id": "SEUyTGV1lwU",
        "channelTitle": "\u97d3\u52fe\u311f\u91d1\u91dd\u83c7 \ucc10\uca50\uafb8",
        "title": "\u7269\u50f9\u8cb4\u5230\u624b\u6296\uff01\u5168\u7403\u7269\u50f9\u6700\u8cb4\u300c\u745e\u58eb\u300d3\u5929\u82b1\u591a\u5c11\u9322\u5462...\ud83d\ude05\uff1f\ud83d\udd25\u5230\u5e95\u503c\u4e0d\u503c\u5f97\u53bb\ud83c\udde8\ud83c\udded\uff5c\u97d3\u52fe\u311f\u91d1\u91dd\u83c7 \ucc10\uca50\uafb8",
        "description": "#\u745e\u58eb #\u745e\u58eb\u904a #\u91d1\u91dd\u83c7\u4e16\u754c\u65c5\u884c\n\n\u5e0c\u671b\u4f60\u5011\u559c\u6b61\u9019\u90e8\u5f71\u7247\n\u559c\u6b61\u5e6b\u6211\u8a02\u95b1\u6309\u8b9a\u5206\u4eab \u8a18\u5f97\u958b\u555f\u5c0f\u9234\u943a\u6536\u53d6\u65b0\u7247\u901a\u77e5\u5594\uff01\n\n\uff3f\uff3f\uff3f\uff3f\uff3f\uff3f\uff3f\uff3f\uff3f\uff3f\uff3f\uff3f\uff3f\uff3f\uff3f\uff3f\uff3f\uff3f\uff3f\uff3f\uff3f\n\n\u2b50\ufe0f\u91d1\u91dd\u83c7\u7684\u97d3\u570b\u7f8e\u98df\u54c1\u724c\uff1ahttps://www.kimkfoods.com\n\u2b50\ufe0f\u91d1\u5bb6\u311f\u5e03\u5e33\u99ac\u8eca\uff1ahttps://www.facebook.com/groups/2297603990535075/\n\u2b50\ufe0f\u91d1\u91dd\u83c7\u7684\u7c89\u5c08: https://www.facebook.com/Koreajinzhengu/\n\u2b50\ufe0f\u91d1\u91dd\u83c7\u7684IG: https://www.instagram.com/ggu__kim/\n\u2b50\ufe0f\u5408\u4f5c\u9080\u7d04\u8acb\u6d3dPressPlay\uff1ajinyoungkim@pressplay.cc\n\n\uff3f\uff3f\uff3f\uff3f\uff3f\uff3f\uff3f\uff3f\uff3f\uff3f\uff3f\uff3f\uff3f\uff3f\uff3f\uff3f\uff3f\uff3f\uff3f\uff3f\uff3f",
        "likeCount": "30899",
        "commentCount": "840",
        "viewCount": "1414868"
    },
    "comments": [
        {
            "reply_id": "UgxB_KoslnFXdbFHLPx4AaABAg",
            "reply_content": "\u54ce\u5440\u4f60\u4eec\u73a9\u7684\u90fd\u662f\u6781\u7aef\u9ad8\u7ea7\u7684\u666f\u70b9\uff0c\u80af\u5b9a\u662f\u503c\u5f97\u7684\u5566"
        },
        {
            "reply_id": "Ugw9alFUj9bnxZMzv2t4AaABAg",
            "reply_content": "\u6b50\u6d32\u904a\u53e3\u888b\u771f\u7684\u8981\u6df1"
        },
        {
            "reply_id": "UgwMEHLOzKcshssq4eh4AaABAg",
            "reply_content": "\u745e\u58eb\u7684\u7269\u50f9\u5f88\u8cb4\u5427\uff01\uff01 \u6211\u5687\u4e00\u8df3\u7e9c\u8eca\u7684\u8cbb\u7528\u5f88\u8cb4\u3002\u4f46\u662f\u6211\u4e5f\u89ba\u5f97\u90a3\u500b\u98a8\u666f\u81f3\u5c11\u4e00\u5b9a\u8981\u770b\u4e00\u6b21\uff01\uff01\u6709\u6a5f\u6703\u7684\u8a71\u6211\u4e5f\u60f3\u53bb\u745e\u58eb\u770b\u5927\u81ea\u7136\u3002"
        },
        {
            "reply_id": "Ugy3VxbV09QmUPE4u2R4AaABAg",
            "reply_content": "\u7269\u50f9\u771f\u7684\u5f88\u8cb4\uff0c\u96a8\u4fbf\u5403\u500b\u7fa9\u5927\u5229\u9eb5\u90fd\u8d85\u904e700\u5143\u53f0\u5e63\uff0c\u53bb\u8607\u9ece\u4e16\u8eca\u7ad9\u8cb7\u9846\u9baa\u9b5a\u5fa1\u98ef\u5718\u4e5f\u5674\u4e86200\u5143\u3002"
        },
        {
            "reply_id": "Ugy2apNHp4_WMNQI59d4AaABAg",
            "reply_content": "\u63a8\u85a6\u5927\u5bb6\u4f86\u52a0\u62ff\u5927\u7684\u6d1b\u78ef\u5c71\u8108\u73a9\uff5e\u8ddf\u745e\u58eb\u666f\u8272\u5dee\u4e0d\u591a\u5594"
        },
        {
            "reply_id": "UgylY8DFdy3LJO2zGn54AaABAg",
            "reply_content": "\u9019\u9aee\u8272\u771f\u4e0d\u9069\u5408\u91d1\u91dd\u83c7\ud83d\ude05"
        },
        {
            "reply_id": "UgwkGhGKKXrUollyio94AaABAg",
            "reply_content": "\u4f4f\u5728\u745e\u58eb\u4f1a\u6291\u90c1\u5427\ud83d\ude02\u611f\u89c9\u53c8\u8d35\u53c8\u96be\u5403\uff0c\u8fd8\u5f88\u51b7\u3002"
        },
        {
            "reply_id": "UgzAiOO-aoNoOTUlXtx4AaABAg",
            "reply_content": "\u6709\u6a5f\u6703\u7684\u8a71 \u61c9\u8a72\u8981\u53bb\u4e00\u6b21"
        },
        {
            "reply_id": "Ugx6w_rJHWEWPCkl4st4AaABAg",
            "reply_content": "\u632a\u5a01\u5e94\u8be5\u66f4\u8d35\ud83d\ude05"
        },
        {
            "reply_id": "Ugy4caBqlUJgv8_TZqN4AaABAg",
            "reply_content": "\u770b\u5b8c\u6c7a\u5b9a\u53bb\u8cb7\u8f9b\u62c9\u9eb5"
        },
        {
            "reply_id": "Ugxo8O2B1oCvYx2tPx94AaABAg",
            "reply_content": "\u5176\u5be6\u53ef\u4ee5\u66f4\u4fbf\u5b9c\u7684\u73a9\u7684\uff0c\u6211\u5728\u745e\u58eb\u5de5\u4f5c\u751f\u6d3b\uff0c\u6709\u8981\u518d\u4f86\u73a9\u518d\u806f\u7d61\u6211\u5427\uff01"
        },
        {
            "reply_id": "UgxNeyPmWwlfERiI7a14AaABAg",
            "reply_content": "\u5916\u51fa\u7528\u9910\u5f88\u8cb4,\u98f2\u98df\u4e0d\u5982\u6cd5\u610f\u597d,\n\u4f46\u6cbb\u5b89\u597d\u5f97\u591a,\n\u8d85\u5e02\u7269\u50f9\u5982\u662f\u6b50\u6d32\u7269\u54c1\u548c\u9999\u6e2f\u5dee\u4e0d\u591a,"
        },
        {
            "reply_id": "UgyKWkU7wdxjxRbAJd14AaABAg",
            "reply_content": "\u964d\u843d\u5728\u5730\u4e0a\u2764\u6d3b\u8457\u7684\u611f\u89ba\u771f\u597d\u2764"
        },
        {
            "reply_id": "UgwOS10Qr7Kc5m_eCZd4AaABAg",
            "reply_content": "\u745e\u58eb\u7269\u50f9\u548c\u52a0\u62ff\u5927\u5dee\u4e0d\u591a\uff0c\u6700\u4f4e\u6536\u5165\u6bd4\u52a0\u62ff\u5927\u9ad82\u500d\uff0c\u6240\u4ee5\u7269\u50f9\u4e0d\u7b97\u9ad8\u4e86\uff01\u5f88\u591a\u5927\u9678\u53f0\u7063\u97d3\u570b\u5e74\u8f15\u5973\u5b50\u5728\u52a0\u62ff\u5927\u8ce3\u8eab\uff0c10\u5206\u9418\u6536\u8cbb300\u52a0\u5143\uff0c\u4e00\u5929\u63a510\u500b\u5ba2\u4ee5\u4e0a\u81f3\u5c113000\u52a0\u5143\uff0c\u4e0d\u662f\u53f0\u5e63\uff01\u6c92\u9322\u62b1\u6028\u7269\u50f9\u9ad8\u7684\u6642\u5019\u53ef\u4ee5\u8003\u616e\u517c\u8077"
        },
        {
            "reply_id": "UgzecI9iTg_JbkyzGnl4AaABAg",
            "reply_content": "\u4e00\u4e2a\u4eba\u76f8\u5f53\u4e8e\u4e00\u4e07\u591a\u4e00\u70b9\u4eba\u6c11\u5e01\uff0c4\u5929\uff0c\u611f\u89c9\u8fd8\u597d\uff0c\u4e3b\u8981\u662f\u9664\u4e86\u521a\u9700\u673a\u7968\u548c\u4f4f\u5bbf\uff0c\u4e5f\u6ca1\u6709\u5927\u7684\u6d88\u8d39"
        },
        {
            "reply_id": "UgyQQZ45SXBeIG5HMQN4AaABAg",
            "reply_content": "\u8a18\u5f97\u5e36\u7a7a\u74f6\u5b50, \u745e\u58eb\u4e0d\u7ba1\u662f\u5927\u57ce\u5c0f\u6751\u4e00\u5b9a\u6709\u53e4\u65e9\u6642\u4ee3\u4f9b\u99ac\u559d\u6c34\u7684\u6c34\u6c60, \u90fd\u591a\u534a\u662f\u5c71\u6cc9\u6c34\u63a5\u4e86\u5c31\u53ef\u4ee5\u76f4\u63a5\u559d\uff08\u81ea\u4f86\u6c34\u4e5f\u662f\u53ef\u4ee5\u76f4\u63a5\u559d\uff09\u4e0d\u7528\u8cb7\u74f6\u88dd\u7926\u6cc9\u6c34. \u53e6\u5916\u53ea\u8981\u662f\u516c\u5171\u5340, \u4e0d\u8ad6\u662f\u5c71\u5340\u3001\u516c\u5712\u53ca\u6e56\u908a\u5168\u662f\u958b\u653e\u5f0f\u7684, \u5b8c\u5168\u4e0d\u6536\u8cbb\u4e0d\u59a8\u76e1\u91cf\u73a9\uff01"
        },
        {
            "reply_id": "Ugx6fbYRNKFGj9I7xhB4AaABAg",
            "reply_content": "\u9019\u9ebd\u6015\u82b1\u9322\uff1f\u9084\u53bb\u73a9\u5e79\u561b\uff0c\u672c\u4f86\u5c31\u662f\u9ad8\u6d88\u8cbb\u7684\u5730\u65b9\u5440"
        },
        {
            "reply_id": "UgxMKFG-rR_C9551FkZ4AaABAg",
            "reply_content": "\u5c11\u5973\u5cf0\u9694\u58c1\u90a3\u9910\u5ef3\u7684\u725b\u6392\u5348\u9910\u8d85\u7d1a\u597d\u5403\uff0c\u4e0d\u904e\u90a3\u9910\u6211\u5403\u4e86\u5927\u6982\u53f0\u5e632\u5343\ud83d\ude05"
        },
        {
            "reply_id": "UgzqzFonZDYd_9qS5B94AaABAg",
            "reply_content": "\u5169\u4f4d\u7684\u642d\u914d\u771f\u7684\u9ed8\u5951\u6108\u4f86\u6108\u597d\u4e86\u3002"
        },
        {
            "reply_id": "UgwqGM2S3TMU86X50Qx4AaABAg",
            "reply_content": "\u6211\u66fe\u6709\u500b\u745e\u58eb\u670b\u53cb \u8aaa\u745e\u58eb\u6709\u4e9b\u5730\u65b9\u6703\u5403\u8c93\u8089\u72d7\u8089 \u6709\u8a66\u5403\uff1f"
        }
    ]
}