{
    "video_info": {
        "id": "snV7a5K0OSQ",
        "channelTitle": "\u97d3\u52fe\u311f\u91d1\u91dd\u83c7 \ucc10\uca50\uafb8",
        "title": "\u97d3\u570b\u91d1\u7684\u964c\u751f\u57ce\u5e02\u63a2\u8a2a-\u96f2\u6797\u5317\u6e2f24hr\u904a\u8a18\ud83d\udd25\u4eca\u665a\u4f4f\u300c\u9999\u5ba2\u5927\u6a13\u300d\u8d85\u4fbf\u5b9c\u96f2\u6797\u9285\u677f\u7f8e\u98df\u5fc5\u5403\uff5c\u97d3\u52fe\u311f\u91d1\u91dd\u83c7 \ucc10\uca50\uafb8",
        "description": "\u671f\u5f85\u597d\u4e45\u7684\u53f0\u7063\u51fa\u904a\u2764\ufe0f\n\u9019\u6b21\u53bb\u964c\u751f\u7684\u57ce\u5e02\u96f2\u6797\n\u597d\u559c\u6b61\u597d\u559c\u6b61\u5594\uff01\uff01\uff01\u597d\u591a\u7f8e\u98df\u6211\u5f9e\u4f86\u6c92\u5403\u904eXD\u4e0d\u77e5\u9053\u5927\u5bb6\u6709\u6c92\u6709\u5403\u904e\u5440\uff5e\uff5e\n\n\u611f\u8b1d\u4eca\u5929lenor\u8863\u7269\u82b3\u9999\u8c46\u7684\u966a\u4f34\uff0c\n\u8b93\u6211\u5728\u51fa\u904a\u6642\u4e5f\u80fd\u4e00\u6574\u5929\u9999\u9999\u7684\uff0c\u805e\u5230\u5c31\u597d\u5e78\u798f\u2728\u2728\n \n\u73fe\u5728\u5168\u806f\u3001\u5bb6\u6a02\u798f\u3001\u5c48\u81e3\u6c0f\u3001\u5eb7\u662f\u7f8e\u3001\u5bf6\u96c5\u7b49\u5404\u5927\u901a\u8def\u90fd\u80fd\u8cb7\u5230\u5537\uff01\n\u7dda\u4e0a\u5546\u57ce\u5e38\u63a8\u51fa\u512a\u60e0\u7d44\u5408\uff0c\u5feb\u53bb\u901b\u901b\u5427\ud83e\udd29\n\u9023\u7d50\u653e\u9019\u908a\u5537\u25b6\ufe0f https://lihi1.com/WguG0\n\n\u5e0c\u671b\u4f60\u5011\u559c\u6b61\u9019\u90e8\u5f71\u7247\n\u559c\u6b61\u5e6b\u6211\u8a02\u95b1\u6309\u8b9a\u5206\u4eab \u8a18\u5f97\u958b\u555f\u5c0f\u9234\u943a\u6536\u53d6\u65b0\u7247\u901a\u77e5\u5594\uff01\n\n#\u96f2\u6797\u5317\u6e2f #\u96f2\u6797\u7f8e\u98df #\u97d3\u52fe\u311f\u91d1\u91dd\u83c7 \n\n\uff3f\uff3f\uff3f\uff3f\uff3f\uff3f\uff3f\uff3f\uff3f\uff3f\uff3f\uff3f\uff3f\uff3f\uff3f\uff3f\uff3f\uff3f\uff3f\uff3f\uff3f\n\n\u2b50\ufe0f\u91d1\u91dd\u83c7\u7684\u97d3\u570b\u7f8e\u98df\u54c1\u724c\uff1ahttps://www.kimkfoods.com\n\u2b50\ufe0f\u91d1\u5bb6\u311f\u5e03\u5e33\u99ac\u8eca\uff1ahttps://www.facebook.com/groups/2297603990535075/\n\u2b50\ufe0f\u91d1\u91dd\u83c7\u7684\u7c89\u5c08: https://www.facebook.com/Koreajinzhengu/\n\u2b50\ufe0f\u91d1\u91dd\u83c7\u7684IG: https://www.instagram.com/ggu__kim/\n\u2b50\ufe0f\u5408\u4f5c\u9080\u7d04\u8acb\u6d3dPressPlay\uff1ajinyoungkim@pressplay.cc\n\n\uff3f\uff3f\uff3f\uff3f\uff3f\uff3f\uff3f\uff3f\uff3f\uff3f\uff3f\uff3f\uff3f\uff3f\uff3f\uff3f\uff3f\uff3f\uff3f\uff3f\uff3f",
        "likeCount": "16602",
        "commentCount": "1054",
        "viewCount": "830183"
    },
    "comments": [
        {
            "reply_id": "Ugy_vw5l7U-9m5Ty3fZ4AaABAg",
            "reply_content": "\u5c0f\u9a37\u8ca8\u54c8\u54c8"
        },
        {
            "reply_id": "UgxQaO7clQgHvJ65Lil4AaABAg",
            "reply_content": "\u59b3\u5f88\u68d2\u5594\uff5e\n\u6562\u9ad4\u9a57\u53f0\u7063\u7684\u9752\u86d9\uff0c \u8089\u8cea\u5f88\u5ae9\u5f88\u597d\u5403\u5c0d\u5427\uff01"
        },
        {
            "reply_id": "UgxnOWkORax0iKQwugx4AaABAg",
            "reply_content": "\u6211\u662f\u5728\u5730\u5317\u6e2f\u4eba\uff01\u6b61\u8fce\u91d1\u91dd\u83c7\u4f86\u5317\u6e2f\uff01 \u5317\u6e2f\u9084\u6709\u5f88\u591a\u597d\u5403\u7684\uff0c\u4e0b\u6b21\u4e00\u5b9a\u9084\u8981\u518d\u4f86\u5594\uff01"
        },
        {
            "reply_id": "UgwQ6pdX1krASNSmIKt4AaABAg",
            "reply_content": "\u6211\u53f0\u7063\u4eba\u6211\u4e5f\u4e0d\u6562\u5403\u9752\u86d9\u3002"
        },
        {
            "reply_id": "Ugx4rRQeE3it8-2EE8F4AaABAg",
            "reply_content": "\u4f60\u90a3\u500b\u6d17\u8863\u670d\u7684\u90a3\u500b \u8981\u53bb\u54ea\u88e1\u8cb7"
        },
        {
            "reply_id": "Ugy5TK8SOGU25BtSsLZ4AaABAg",
            "reply_content": "\u7d42\u65bc\u770b\u5230\u4f60\u4f86\u6211\u5011\u5317\u6e2f\u4e86 \u6b61\u8fce"
        },
        {
            "reply_id": "UgxrW3h8JvU3NtSF0_t4AaABAg",
            "reply_content": "\u5c0f\u6642\u5019\u770b\u5230\u716e\u9752\u86d9\uff0c\u5927\u4eba\u90fd\u6703\u4e0d\u7ba1\u4f60\u8981\u4e0d\u8981\u5148\u53eb\u4e0a\u4e00\u7897\n\u4e4b\u5f8c\u5c31\u662f\u9023\u9a19\u5e36\u62d0\uff0c\u9a19\u4f60\u8aaa\u5403\u9019\u500b\u868a\u5b50\u4e0d\u6703\u54ac\u4f60\u3002\u6211\u90fd\u6703\u8aaa: \u6211\u60c5\u9858\u88ab\u54ac\n\u4e0d\u7136\u5c31\u8aaa\u5403\u5b8c\u9019\u500b\u5e36\u4f60\u53bb\u8cb7\u73a9\u5177\uff0c\u6211\u8aaa\u6211\u5bb6\u5f88\u591a\u6211\u60c5\u9858\u4e0d\u8981\n\u5403\u8d77\u4f86\u5f88\u50cf\u96de\u8089\uff0c\u53ef\u9020\u578b\u53ef\u6015\u5be6\u5728\u4e0d\u6562\u518d\u78b0"
        },
        {
            "reply_id": "Ugx87MFtl95DMk_bAmh4AaABAg",
            "reply_content": "\u8aaa\u5be6\u8a71\u91d1\u91dd\u83c7\u7d20\u984f\u6bd4\u5316\u599d\u597d\u770b\u53ca\u6885\u62c9\u6b63\u53ef\u611b\u6027\u611f\u6f02\u4eae\uff0c\u5316\u599d\u53f0\u6709\u98a8\u5875\u5473\u53ca\u4e0d\u6562\u9760\u8fd1\u7684\u660e\u661f\u611f\u89ba\uff01\u7d20\u984f\u6bd4\u8f03\u50cf\u9130\u5bb6\u5973\u5b69\uff01"
        },
        {
            "reply_id": "UgzMMnKtiCciC6P6jQd4AaABAg",
            "reply_content": "\u9109\u4e0b\u5730\u65b9\u7684\u7269\u50f9\u771f\u7684\u6bd4\u8f03\u50cf\u4eba\u5728\u751f\u6d3b\u7684\u5730\u65b9~\u6211\u9019\u908a\u76841\u500b\u9109\u4e0b\u504f\u50fb\u5730\u65b9\u5230\u73fe\u5728\u9084\u6709\u96de\u584a20\u5143\u7684\u50f9\u683c(\u5e36\u9aa8\u7684\u53e4\u65e9\u96de\u584a\u90a3\u7a2e)~\u4e0d\u904e\u56e0\u70ba\u5c08\u7a0b\u904e\u53bb\u81f3\u5c11\u4e5f\u8981\u534a\u5c0f\u6642~(\u4f86\u56de\u5c311H\u4e86)~\u4e5f\u4e0d\u600e\u9ebc\u5212\u7b97"
        },
        {
            "reply_id": "Ugx6NvAv2uYtCKy4K-p4AaABAg",
            "reply_content": "\u7d93\u7d00\u4eba\u7684\u8072\u97f3\u771f\u7684\u5f88\u597d\u807d\u564e\uff38\uff24"
        },
        {
            "reply_id": "Ugxc-FWtqm2SOykySoB4AaABAg",
            "reply_content": "\u4f60\u5403\u98ef\u600e\u90fd\u80fd\u5403\u5f97\u9019\u9ebc\u9999\u54c8\u54c8 \u660e\u660e\u5c31\u662f\u5f88\u666e\u901a\u7684\u53f0\u7063\u5c0f\u5403\u88ab\u4f60\u5403\u7684\u5f88\u597d\u5403 \u7b11\u6b7b"
        },
        {
            "reply_id": "UgyD_AY2XOBgheuw-R54AaABAg",
            "reply_content": "\u770b\u5230\u5317\u6e2f\u5c31\u60f3\u5230\u963f\u560e\u8001\u5a46-\u4e8c\u4f2f"
        },
        {
            "reply_id": "UgyijTPjt4qLLmj7isV4AaABAg",
            "reply_content": "\u7d42\u6975\u4fdd\u93e2\u7684\u58a8\u93e1\u563f\u2026"
        },
        {
            "reply_id": "UgzXMAJugGxbu2ua2hx4AaABAg",
            "reply_content": "\u91d1\u91dd\u83c7\u958b\u982d\u5f88\u53ef\u611b"
        },
        {
            "reply_id": "UgxuXFSMipgo3alR6714AaABAg",
            "reply_content": "\u6211\u4e5f\u90fd\u7528\u97d3\u570b\u6c90\u6d74\u4e73\u6d17\u9aee\u4e73\uff0c\u771f\u7684\u4e0d\u932f\u53c8\u9999\u9999\u7684\uff0c\u4e5f\u559c\u6b61\u7528\u97d3\u570b\u7684\u6db2\u6676\u96fb\u8996\uff0c\u6d17\u8863\u6a5f\ud83d\ude0a\ud83d\ude0a"
        },
        {
            "reply_id": "UgwKp3HrqBUrouTbGfB4AaABAg",
            "reply_content": "\u597d\u7279\u5225\u4f4f\u5728\u5edf\u65c1\u908a\uff08\u6211\u4e5f\u60f3\u8981\u5617\u8a66\u4f4f\u4f4f\u770b\uff09\u91d1\u91dd\u83c7\u7684\u5f71\u7247\u6211\u89ba\u5f97\u8b93\u6211\u597d\u958b\u5fc3\u53c8\u6709\u8da3\u53c8\u8208\u596e\u7684\uff0c\u975e\u5e38\u671f\u5f85\u6bcf\u6b21\u7684\u5f71\u7247\u6709\u4ec0\u9ebc\u4e0d\u4e00\u6a23\u7684\u6771\u897f\u7d66\u6211\u5011\u89c0\u8cde\ud83e\udd70\ud83e\udd70\ud83e\udd70"
        },
        {
            "reply_id": "UgzGPbHYiDHEJdVndAh4AaABAg",
            "reply_content": "\u96d6\u7136\u6c92\u5403\u904e\u963f\u8c50\uff0c\u4e0d\u904e\u63a8\u85a6\u91d1\u91dd\u83c7\u5403\u53e6\u4e00\u5bb6\u6211\u5e38\u53bb\u7684\u8001\u7b49\u6cb9\u98ef\u9eb5\u7dda\u7cca\uff0c\u6c92\u8a18\u932f\u7684\u8a71\u8001\u95c6\u8aaa\u9eb5\u7dda\u7cca\u662f\u5f9e\u798f\u5efa\u50b3\u904e\u4f86\u7684\uff0c\u5f88\u9053\u5730\uff0c\u9eb5\u7dda\u7cca\u53ef\u4ee5\u9078\u64c7\u52a0\u6ef7\u86cbor\u8377\u5305\u86cb\u5169\u7a2e\uff0c\u6211\u89ba\u5f97\u5169\u7a2e\u90fd\u597d\u5403> < \u7136\u5f8c\u6cb9\u98ef\u4e5f\u5f88\u63a8\uff01\u6211\u89ba\u5f97\u5f88\u7279\u5225\uff0c\u5c31\u662f\u4ed6\u7684\u6cb9\u98ef\u611f\u89ba\u662f\u7c73\u98ef\u662f\u7cef\u7c73\uff0c\u4e0d\u904e\u767d\u767d\u7684\uff0c\u611f\u89ba\u53ea\u6709\u84b8\uff0c\u6c92\u7092\u904e\uff1f\u7136\u5f8c\u5728\u4e0a\u9762\u6dcb\u91ac\u6c41\uff0c\u6709\u9ede\u50cf\u6ef7\u8089\u98ef\u8ddf\u6cb9\u98ef\u7684\u6df7\u642d\u7248\uff1b\u6bd4\u8f03\u4e0d\u50cf\u662f\u4e00\u822c\u6211\u5011\u5403\u7684\u6cb9\u98ef\uff0c\u6599\u4ec0\u9ebc\u4e00\u8d77\u7092\u904e\u518d\u84b8\u719f(\u79c1\u5fc3\u9019\u6a23\u7684\u6cb9\u98ef\u6bd4\u8f03\u597d\u5403\uff0c\u6b50\u6b50\u800c\u4e14\u7c92\u7c92\u5206\u660e\uff0c\u4e00\u822c\u5916\u9762\u6cb9\u98ef\u611f\u89ba\u6bd4\u8f03\u9ecf\uff0c\u597d\u5566\uff01\u6211\u89ba\u5f97\u5404\u6709\u5404\u7684\u597d~\n\n\u7136\u5f8c\u6211\u5bb6\u6c34\u6797\u9109\u6700\u6709\u540d\u7684\u662f\u963f\u73cd\u9d28\u8089\u7fb9\uff0c\u53ef\u4ee5\u8ddf\u65b0\u6e2f\u7684\u9d28\u8089\u7fb9\u505a\u6bd4\u8f03\uff0c\u6211\u81ea\u5df1\u662f\u5bb6\u88e1\u7684\u9d28\u8089\u7fb9\u5f9e\u5c0f\u5403\u5230\u5927\uff0c\u6240\u4ee5\u6bd4\u8f03\u7fd2\u6163\uff01\u963f\u73cd\u9d28\u8089\u7fb9\u6709\u5169\u5bb6\uff0c\u63a8\u4f4f\u5bb6\u5df7\u5b50\u88e1\u9762\u4fbf\u7576\u5e97\u65c1\u908a\u5ab3\u5a66\u958b\u7684\u90a3\u5bb6\u54e6\uff01\n\n\u8a71\u8aaa\u539f\u672c\u9084\u60f3\u63a8\u6c34\u71e6\u570b\u5c0f\u5c0d\u9762\u7684\u7d20\u9eb5\u7dda\u95a3(\u771f\u7684\u662f\u5c0f\u6642\u5019\u5c31\u958b\u59cb\u5403\uff0c\u56e0\u70ba\u5c0f\u6642\u5019\u7d66\u963f\u5b24\u5e36XD)\uff0c\u4f46\u90a3\u9593\u6211\u4e0a\u9ad8\u4e2d\u56e0\u70ba\u5169\u4f4d\u95c6\u5a18\u505a\u597d\u591a\u5e74\u8eab\u9ad4\u9700\u8981\u4f11\u606f\u5c31\u6c92\u505a\u4e86\uff0c\u4e0d\u7136\u4ed6\u7684\u863f\u8514\u7cd5\u8d85\u597d\u5403\uff01\uff01\uff01(\u9eb5\u7dda\u95a3\u8ddf\u9eb5\u7dda\u7cca\u4e0d\u592a\u4e00\u6a23\uff0c\u9eb5\u7dda\u95a3\u6bd4\u8f03\u50cf\u5927\u8178\u9eb5\u7dda\u90a3\u7a2e\u9eb5\u9ad4\uff0c\u53ea\u662f\u6c92\u6709\u5927\u8178\uff0c\u800c\u662f\u6709\u52a0\u7d05\u863f\u8514\uff0c\u52a0\u9ede\u918b\uff0c\u6240\u4ee5\u6709\u9ede\u9178\u9178\u751c\u751c\u7684\uff0c\u4f9d\u500b\u4eba\u53e3\u5473\u52a0\u9999\u83dc\u3001\u8fa3\u91ac\uff0c\u5f88\u9069\u5408\u4e0d\u6562\u5403\u5927\u8178\u7684\u4eba\uff0c\u50cf\u6211\u59ca\u6211\u5abd\u90fd\u5c31\u5f88\u611b~\n\n\u8a71\u8aaa\u9752\u86d9\u6211\u4e5f\u662f\u5c0f\u6642\u5019\u5403\uff0c\u90a3\u6642\u5019\u5403\u9084\u4e0d\u77e5\u9053\u90a3\u662f\u4ec0\u9ebc\uff0c\u53ea\u89ba\u5f97\u6bd4\u96de\u8089\u5ae9\u6bd4\u96de\u8089\u597d\u5403\u7684\u8089\uff0c\u5f8c\u4f86\u624d\u77e5\u9053\u662f\u6c34\u96de(\u5c31\u662f\u53f0\u8a9e\u7684\u9752\u86d9)\uff0c\u96e3\u602a\u6211\u9ad8\u4e2d\u4e0a\u89e3\u5256\uff0c\u6211\u670b\u53cb\u5728\u90a3\u908a\u53eb\u5f97\u8981\u6b7b\uff0c\u6211\u6574\u500b\u5f88\u6de1\u5b9aXD"
        },
        {
            "reply_id": "UgyVGTATYee8p6O6VoF4AaABAg",
            "reply_content": "\u9752\u86d9\u6e6f\uff0c\u6bcf\u6b21\u56de\u5317\u6e2f\u5fc5\u5403"
        },
        {
            "reply_id": "Ugzs4pcrFIZpG1-2_uB4AaABAg",
            "reply_content": "\u8b1d\u8b1d\u91d1\u91dd\u83c7\u7684\u5206\u4eab\uff0c\uff0c\u91d1\u91dd\u83c7\u73fe\u5728\u5f88\u7f8e\u5594\u2026\ud83d\udc4d"
        },
        {
            "reply_id": "Ugz6DCEy1h_3-OE6S0d4AaABAg",
            "reply_content": "\u4e16\u754c\u6015\u9752\u86d9\u7684\u6211\u672c\u4f86\u770b\u5230\u7d05\u71d2\u9752\u86d9\u60f3\u8981\u95dc\u6389\u5f71\u7247\u4e86\n\u4f46\u70ba\u4e86\u73cd\u83c7\u5fcd\u4f4f\u4e86 \u597d\u559c\u6b61\u73cd\u83c7\u8b1b\u97d3\u6587\u54c8\u597d\u597d\u807d"
        }
    ]
}