{
    "video_info": {
        "id": "sq5egIN-zyM",
        "channelTitle": "\u97d3\u52fe\u311f\u91d1\u91dd\u83c7 \ucc10\uca50\uafb8",
        "title": "\u9053\u5730\u97d3\u570b\u4eba\u5728\u53f0\u7063\u516b\u5e74\u6703\u8b8a\u600e\u9ebc\u6a23\u5462\uff1f\u516b\u5e74\u5f8c\u7684\u300c\u516b\u5927\u5dee\u7570\u300d\u5927\u516c\u958b\ud83c\udf1f\ud83d\udd25\uff5c\u97d3\u52fe\u311f\u91d1\u91dd\u83c7 \ucc10\uca50\uafb8",
        "description": "#\u53f0\u5316\u4e86 #\u91d1\u91dd\u83c7 #\u8b1d\u8b1d\u5927\u5bb6\u559c\u6b61\u6211\u7684\u5f71\u7247\n\u5e0c\u671b\u4f60\u5011\u559c\u6b61\u9019\u90e8\u5f71\u7247\n\u559c\u6b61\u5e6b\u6211\u8a02\u95b1\u6309\u8b9a\u5206\u4eab \u8a18\u5f97\u958b\u555f\u5c0f\u9234\u943a\u6536\u53d6\u65b0\u7247\u901a\u77e5\u5594\uff01\n\n\uff3f\uff3f\uff3f\uff3f\uff3f\uff3f\uff3f\uff3f\uff3f\uff3f\uff3f\uff3f\uff3f\uff3f\uff3f\uff3f\uff3f\uff3f\uff3f\uff3f\uff3f\n\n\u2b50\ufe0f\u91d1\u91dd\u83c7\u7684\u97d3\u570b\u7f8e\u98df\u54c1\u724c\uff1ahttps://www.kimkfoods.com\n\u2b50\ufe0f\u91d1\u5bb6\u311f\u5e03\u5e33\u99ac\u8eca\uff1ahttps://www.facebook.com/groups/2297603990535075/\n\u2b50\ufe0f\u91d1\u91dd\u83c7\u7684\u7c89\u5c08: https://www.facebook.com/Koreajinzhengu/\n\u2b50\ufe0f\u91d1\u91dd\u83c7\u7684IG: https://www.instagram.com/ggu__kim/\n\u2b50\ufe0f\u5408\u4f5c\u9080\u7d04\u8acb\u6d3dPressPlay\uff1ajinyoungkim@pressplay.cc\n\n\uff3f\uff3f\uff3f\uff3f\uff3f\uff3f\uff3f\uff3f\uff3f\uff3f\uff3f\uff3f\uff3f\uff3f\uff3f\uff3f\uff3f\uff3f\uff3f\uff3f\uff3f",
        "likeCount": "13331",
        "commentCount": "601",
        "viewCount": "511742"
    },
    "comments": [
        {
            "reply_id": "UgxYmvj6_oaSqFoe9OZ4AaABAg",
            "reply_content": "\u91d1\u5bb6\u7684\u7522\u54c1\u6709\u6c92\u6709\u60f3\u505a\u7d20\u98df\u7684\uff0c\u60f3\u5403\u6b38\ud83d\ude02"
        },
        {
            "reply_id": "UgzLYe10F-kEkExulSR4AaABAg",
            "reply_content": "\u5728\u53f0\u7063\u5e78\u798f\u4e2b~\u548c\u53f0\u7063\u4eba\u4e00\u6a23\u6709\u798f\u6c23\u7684\u7f8e\u5973\u52a0\u6cb9~"
        },
        {
            "reply_id": "UgxNq_3_rI_HkIOQ6tZ4AaABAg",
            "reply_content": "\u600e\u4e48\u611f\u89c9\u957f\u80d6\u5566"
        },
        {
            "reply_id": "UgzE4s8PiW2xjvpmcfh4AaABAg",
            "reply_content": "\u53ef\u4ee5\u958b\u767c\u97d3\u570b\u7684\u679c\u6c41\uff0c\u50cf\u88cf\u9762\u6709\u7da0\u8461\u8404\u7684\u90a3\u7a2e\uff0c\u56e0\u70ba\u53f0\u7063\u6709\u592a\u591a\u592a\u591a\u7684\u6c34\u679c"
        },
        {
            "reply_id": "Ugw5HCqweX8QuJqQtCh4AaABAg",
            "reply_content": "\u6709\u9818\u5230\u53f0\u7063\u8eab\u4efd\u8b49\uff0c\u5065\u4fdd\u5361\u4e86\u55ce\uff1f"
        },
        {
            "reply_id": "UgxOZp5fI4AD-gM4z6t4AaABAg",
            "reply_content": "\u6c34\u816b\u80d6\u5f97\u96e2\u8c31\u770b\u4e2d\u533b\u6e1b\u80a5.\u80d6\u599e\u5c11\u5403\u751c\u98df\u53ca\u70b9\u5fc3\u591a\u7eb3\u6ce1\u9eb5\u68d8..\u591a\u904b\u52d5"
        },
        {
            "reply_id": "UgzKHIxp_W8Uq_45MMp4AaABAg",
            "reply_content": "\u4e4b\u524d\u53bb\u53f0\u6e7e\u8fd8\u7279\u5730\u53bb\u4e70\u6765\u8bd5\u8bd5\uff0c\u9985\u6599\u8fd8\u771f\u7684\u86ee\u5c11\u7684\u3002\ud83d\ude22"
        },
        {
            "reply_id": "UgwK0IaaRlt717RaY4B4AaABAg",
            "reply_content": "\u4e0d\u53ef\u80fd\u6211\u6700\u597d\u5947\u7684\u7b2c\u56db\u500b\u5dee\u7570\u8349\u8349\u5e36\u904e\u5427\ud83e\udd29\ud83e\udd29\ud83e\udd29\ud83e\udd29"
        },
        {
            "reply_id": "UgzsBpVrDaiBEufLf8Z4AaABAg",
            "reply_content": "\u8d95\u5feb\u627e\u500b\u512a\u8cea\u53f0\u7063\u4eba\u5ac1\u4e86,\u90a3\u5c31\u8ddf\u53f0\u95dc\u4fc2\u66f4\u7dca\u5bc6\u4e86"
        },
        {
            "reply_id": "Ugz6EAQR8ARwzcXwTN54AaABAg",
            "reply_content": "\u9084\u8a18\u5f97\u98ef\u5718\u7b2c\u4e00\u6b21\u4e0a\u5e02\uff0c\u770b\u5230\u5f71\u7247\u5c31\u7acb\u523b\u53bb\u4fbf\u5229\u5546\u5e97\u627e\u4e86\uff0c\u5403\u4e86\u5c31\u89ba\u5f97\u5f88\u6709\u8aa0\u610f\uff0c\u5f88\u9ad8\u8208\u9019\u500b\u54c1\u724c\u6108\u505a\u6108\u597d!"
        },
        {
            "reply_id": "UgzrvjhCROgsoLq9YA94AaABAg",
            "reply_content": "\u91d1\u91dd\u83c7\u52a0\u6cb9\uff01\u5982\u679c\u91d1\u91dd\u83c7\u51fa\u4f86\u7af6\u9078\u5bb6\u9577\u8ddf\u6236\u9577\uff0c\u4e00\u5b9a\u6295\u4f60\u4e00\u7968"
        },
        {
            "reply_id": "Ugx6mZT_mBevHHybhuR4AaABAg",
            "reply_content": "\u5446\u7063\u4f86\u311f\u91d1\u91dd\u83c7"
        },
        {
            "reply_id": "Ugz2DEyQxWh0aWSM8b14AaABAg",
            "reply_content": "\u9084\u8a18\u5f97\u7b2c\u4e00\u6b21\u770b\u91d1\u91dd\u83c7\u7684\u5f71\u7247\n\u597d\u50cf\u5728\u9ad8\u901f\u516c\u8def\u4e0a \u8aaa\u8981\u53bb\u7576\u7ffb\u8b6f@\u53e3@\"\n\u771f\u61f7\u5ff5\n\u6211\u89ba\u5f97 \u6700\u5927\u7684\u5dee\u7570\n\u5c31\u662f\u8b8a\u6f02\u4eae\u4e86\n\u73fe\u5728\u9019\u6a23\u6bd4\u8f03\u6709\u8089 \u76ae\u819a\u6bd4\u8f03\u6709\u5149\u6fa4\n\u770b\u4e86\u6bd4\u8f03\u9806\u773c\n\u52a0\u6cb9!!!!"
        },
        {
            "reply_id": "Ugyl3z4dbVQLyyzv9JN4AaABAg",
            "reply_content": "\u91d1\u91dd\u83c7\u8f9b\u82e6\u59b3\u5728\u53f0\u7063\u7684\u52aa\u529b\uff0c\u611f\u8b1d\u60a8\u5728\u53f0\u7063\u7684\u8ca2\u737b\u8207\u5949\u737b\uff0c\u60a8\u6709\u4eca\u5929\u7684\u6210\u5c31\u4e5f\u662f\u60a8\u7684\u771f\u8aa0\u5584\u826f\u4ee5\u53ca\u4e00\u9ede\u4e00\u6ef4\u8015\u8018\u5f97\u4f86\u7684\u6536\u7a6b\uff0c\u59b3\u5f88\u5584\u826f\uff1b\u8d8a\u4f86\u8d8a\u559c\u6b61\u59b3\u4e86\u3002\u5728\u6b64\u795d\u60a8\u4e8b\u696d\uff1b\u751f\u610f\u8208\u9686\u84b8\u84b8\u65e5\u4e0a"
        },
        {
            "reply_id": "Ugzz3yvTQuYx4KGBmOx4AaABAg",
            "reply_content": "\u65b0\u5305\u88dd\u5f88\u597d\u770b\u5462~ \u53ef\u60dc\u6c92\u6709\u7d20\u98df\u53e3\u5473\u7684\u7522\u54c1\uff0c\u5982\u679c\u80fd\u958b\u767c\u7684\u8a71\u4e00\u5b9a\u8cb7\u4f86\u652f\u6301~ \ud83d\ude04"
        },
        {
            "reply_id": "UgyjdAVsq1da6uxNm3t4AaABAg",
            "reply_content": "\u641e\u9322\u641e\u5230\u8b93\u53f0\u7063\u4eba\u5403\u4e09\u7d1a\u81f4\u764c\u7269\u7684\u7121\u826f\u7db2\u7d05\uff0c\u771f\u6709\u4f60\u7684\uff0c\u4e1f\u97d3\u570b\u4eba\u7684\u81c9..."
        },
        {
            "reply_id": "UgxDMxXGFqQBkPysW3h4AaABAg",
            "reply_content": "\u4eca\u5929\u4e2d\u5348\u516c\u53f8\u8acb\u5403\u98ef\uff0c\u6211\u8981\u53bb\u8cb7\u91d1\u5bb6\u311f\u5927\u98ef\u7cf0"
        },
        {
            "reply_id": "UgwhwehRM4KjkndWWod4AaABAg",
            "reply_content": "\u771f\u7684\u5dee\u7570\u883b\u5927\u7684\uff0c\u4ee5\u524d\u9084\u6709\u4e9b\u53e3\u97f3\uff0c\u73fe\u5728\u5df2\u7d93\u807d\u4e0d\u51fa\u4ec0\u9ebc\u53e3\u97f3\u4e86\uff0c\u53ea\u807d\u8072\u97f3\u4e0d\u5927\u5bb9\u6613\u5206\u8fa8"
        },
        {
            "reply_id": "UgyGaAC01U11Vwjpg7Z4AaABAg",
            "reply_content": "\u5f9e\u5e7e\u5341\u4eba\u8a02\u95b1\u52a0\u5165\uff0c\u771f\u7684\u60f3\u4e0d\u5230\u91d1\u91dd\u83c7\u8b8a\u5316\u9019\u9ebc\u5927\uff0c\u96d6\u7136\u6c92\u6709\u6bcf\u4e00\u96c6\u90fd\u6709\u770b\uff0c\u5475\u5475\u5475 \u73fe\u5728\u7684\u4f60\u771f\u7684\u5f88\u641e\u7b11\u66f4\u6709\u9b45\u529b\u4e86\uff0c\u52a0\u6cb9 \u6301\u7e8c\u95dc\u6ce8\u3002"
        },
        {
            "reply_id": "UgyjRV1NWl696hwbRod4AaABAg",
            "reply_content": "\u4f46\u662f\u59b3\u770b\u8d77\u4f86\u5f88\u5e78\u798f\ud83d\ude02"
        }
    ]
}