{
    "video_info": {
        "id": "u_NZm4XVghQ",
        "channelTitle": "\u97d3\u52fe\u311f\u91d1\u91dd\u83c7 \ucc10\uca50\uafb8",
        "title": "\u300c\u9023\u5047\u75c7\u5019\u7fa4\u300d\u4f60\u4e5f\u662f\u55ce\u22ef\u22ef\ud83e\udd23\ud83e\udd23 #\u60f3\u8981\u7e7c\u7e8c\u7576\u6c99\u767c\u4e0a\u7684\u99ac\u9234\u85af #\u518d\u591a\u4e00\u5929\u653e\u5047\u6211\u6703\u5f88\u5e78\u798f",
        "description": "",
        "likeCount": "2195",
        "commentCount": "30",
        "viewCount": "73359"
    },
    "comments": [
        {
            "reply_id": "Ugzk6-pT1Cii11z0h5B4AaABAg",
            "reply_content": "\u4e56\u5566~\u8d77\u5e8a\u4e0a\u73ed"
        },
        {
            "reply_id": "Ugyr1i5wpkATKGUC-3N4AaABAg",
            "reply_content": "\u597d\u53ef\u611b"
        },
        {
            "reply_id": "UgwqRmc4gKEsD_bcSml4AaABAg",
            "reply_content": "\u5f88\u53ef\u611b\u554a\uff5e"
        },
        {
            "reply_id": "UgzGRGQ5Ef6KwiORlIF4AaABAg",
            "reply_content": "\u539f\u4f86\u4e0a\u73ed\u524d\u90fd\u8981\u5148\u5927\u8072 \u5594\uff5e"
        },
        {
            "reply_id": "Ugy_YIEkzOJDdSwyFNB4AaABAg",
            "reply_content": "\u5929\u5929\u4e0a\u73ed\u5c31\u4e0d\u6703\u6709\u9019\u500b\u554f\u984c\u4e86"
        },
        {
            "reply_id": "UgyWXv4AiEKbvA5bxoB4AaABAg",
            "reply_content": "\u91d1\u91dd\u83c7\u52a0\u6cb9\uff0c\u6211\u4e5f\u7d93\u5e38\u5403\u6885\u5b50\u4e5f\u6709\u751c\u5473\u5291\u5440\uff0c\u9019\u53c8\u6c92\u4ec0\u9ebc\uff0c\u4e0d\u8981\u7406\u9178\u6c11\u5011\uff0c\u6211\u6703\u7e7c\u7e8c\u652f\u6301\u83c7\u83c7"
        },
        {
            "reply_id": "UgwSJgYNvlDdQqyOcQ94AaABAg",
            "reply_content": "\u54c8\u54c8\u54c8\u54c8"
        },
        {
            "reply_id": "UgxprUkQRR-x15pf2dV4AaABAg",
            "reply_content": "\u771f\u5be6\u5230\u4e0d\u884c"
        },
        {
            "reply_id": "UgyooiKp95oSCeV6Sd94AaABAg",
            "reply_content": "\u641e\u9322\u641e\u5230\u8b93\u53f0\u7063\u4eba\u5403\u4e09\u7d1a\u81f4\u764c\u7269\u7684\u7121\u826f\u7db2\u7d05\uff0c\u771f\u6709\u4f60\u7684\uff0c\u4e1f\u97d3\u570b\u4eba\u7684\u81c9..."
        },
        {
            "reply_id": "Ugw1da3Qqkof19stiqh4AaABAg",
            "reply_content": "\u83c7\u5f88\u6703"
        },
        {
            "reply_id": "Ugyc9FZo52OLH-RytS94AaABAg",
            "reply_content": "\u4e0d\u60f3\u4e0a\u73ed\u5c31\u8e7a\u73ed\ud83d\ude05"
        },
        {
            "reply_id": "UgxpLT-3IrZ3qLhl1yV4AaABAg",
            "reply_content": "\u526a\u5b8c\u9019\u652f\u53ad\u4e16\u7247\uff5e\u9084\u662f\u5f97\u4e56\u4e56\u5de5\u4f5c\ud83e\udd2a\ud83d\ude06"
        },
        {
            "reply_id": "UgwU1WNvioTtjNBdbXp4AaABAg",
            "reply_content": "\u60f3\u628a\u9019\u6bb5\u7528\u6210\u684c\u5e03\ud83d\ude02"
        },
        {
            "reply_id": "UgzjX9U8dJag2WkBuYp4AaABAg",
            "reply_content": "\u54c8\u54c8\u54c8 \u597d\u53ef\u611b"
        },
        {
            "reply_id": "UgzCpUPSVIFyM_nbkQJ4AaABAg",
            "reply_content": "\u8981\u6cbb\u597d\u9019\u5019\u7fa4\n\u53ea\u597d\u770b\u83c7\u7684\u5f71\u7247\ud83d\ude1c"
        },
        {
            "reply_id": "UgxMpJJ55ZKHdeFEfwJ4AaABAg",
            "reply_content": "\u9023\u5047\u904e\u5b8c\u6574\u500b\u4eba\u6703\u61f6\u61f6\u7684"
        },
        {
            "reply_id": "UgyfkUPIg27vamxx2Xt4AaABAg",
            "reply_content": "\u83c7\u83c7\u6700\u53ef\u611b"
        },
        {
            "reply_id": "Ugz3KbcKoG2oKEpi6MJ4AaABAg",
            "reply_content": "\u83c7\u83c7\u662f\u80a9\u9838\u75e0\u75db\u55ce\uff1f"
        },
        {
            "reply_id": "Ugz8S5n1M9Ugg9i2ALZ4AaABAg",
            "reply_content": "\u53ef\u611b"
        }
    ]
}