{
    "video_info": {
        "id": "ujEmy54OBDc",
        "channelTitle": "\u97d3\u52fe\u311f\u91d1\u91dd\u83c7 \ucc10\uca50\uafb8",
        "title": "\u97d3\u570b\u91d1\u7684\u82d7\u681724hr\u904a\u8a18\ud83d\udd25\u4eca\u665a\u4f4f\u300c\u9999\u5ba2\u5927\u6a13\u300d\u521d\u9ad4\u9a57\uff01\u8d85\u5212\u7b97\u9285\u677f\u7f8e\u98df5\u9593\u5fc5\u5403\uff5c\u97d3\u52fe\u311f\u91d1\u91dd\u83c7 \ucc10\uca50\uafb8",
        "description": "\u7b2c\u4e00\u6b21\u4f4f\u53f0\u7063 #\u82d7\u6817 #\u767d\u6c99\u5c6f \u7684 #\u9999\u5ba2\u5927\u6a13 \u597d\u68d2\u5594\u597d\u68d2 \u8d85\u7d1a\u8212\u670d\n\u771f\u7684\u5f88\u63a8\u85a6\u5927\u5bb6\u53bb\u4f4f\u4e00\u665a\u653e\u9b06\u6b38\uff01\n\u9644\u8fd1\u4e5f\u8d85\u591a\u597d\u5403\u7684\u7f8e\u98df \u63a8\u5230\u7206\uff01\n\u7136\u5f8c\u5f71\u7247\u88e1\u7684\u624b\u6a5f\u6bbc\u5440\n\u8a18\u5f97\u7528\u6211\u7684\u6298\u6263\u78bc ytgu2102\u8cb7\u5594\u54c8\u54c8\u54c8\n\u6211\u628a\u9023\u7d50\u653e\u9019\u908ahttps://url.rhinoshield.tw/kuck3vlq\n\n\u6211\u6703\u518d\u53bb\u5403\u4e00\u6b21\u725b\u8089\u9eb5 \u771f\u7684\u8d85\u68d2\n\u554a\u597d\u60f3\u5b83\n\n\u5e0c\u671b\u4f60\u5011\u559c\u6b61\u9019\u90e8\u5f71\u7247\n\u559c\u6b61\u5e6b\u6211\u8a02\u95b1\u6309\u8b9a\u5206\u4eab \u8a18\u5f97\u958b\u555f\u5c0f\u9234\u943a\u6536\u53d6\u65b0\u7247\u901a\u77e5\u5594\uff01\n\n\uff3f\uff3f\uff3f\uff3f\uff3f\uff3f\uff3f\uff3f\uff3f\uff3f\uff3f\uff3f\uff3f\uff3f\uff3f\uff3f\uff3f\uff3f\uff3f\uff3f\uff3f\n\n\u2b50\ufe0f\u91d1\u5bb6\u311f\u5e03\u5e33\u99ac\u8eca\uff1ahttps://www.facebook.com/groups/2297603990535075/\n\u2b50\ufe0f\u91d1\u91dd\u83c7\u7684\u7c89\u5c08: https://www.facebook.com/Koreajinzhengu/\n\u2b50\ufe0f\u91d1\u91dd\u83c7\u7684IG: https://www.instagram.com/ggu__kim/\n\u2b50\ufe0f\u5408\u4f5c\u9080\u7d04\u8acb\u6d3dPressPlay\uff1ajinyoungkim@pressplay.cc\n\n\uff3f\uff3f\uff3f\uff3f\uff3f\uff3f\uff3f\uff3f\uff3f\uff3f\uff3f\uff3f\uff3f\uff3f\uff3f\uff3f\uff3f\uff3f\uff3f\uff3f\uff3f",
        "likeCount": "19048",
        "commentCount": "899",
        "viewCount": "836858"
    },
    "comments": [
        {
            "reply_id": "UgxIbMxgjs7U-d7JA614AaABAg",
            "reply_content": "\u7b2c\u4e00\u6b21\u770b,\u4e2d\u6587\u597d\u597d\u5594,\u975e\u5e38\u68d2"
        },
        {
            "reply_id": "UgzpPZ3oOjPcyu0VsJ54AaABAg",
            "reply_content": "\u6211\u5c31\u662f\u7b2c\u4e00\u7a2e\u4eba\uff0c\u4ec0\u9ebc\u90fd\u5e36"
        },
        {
            "reply_id": "UgxtBQ9ABKl01fkC2uJ4AaABAg",
            "reply_content": "\u770b\u5b8c\u59b3\u7684\u5f71\u7247\u5f8c\uff0c\u5fc3\u60c5\u5f88\u597d! \u771f\u7684\u62cd\u5f97\u5f88\u597d! \u559c\u6b61\u59b3\u6d3b\u767c\u53ef\u611b\u81ea\u7136"
        },
        {
            "reply_id": "UgwbwWsKe_SruafL6p94AaABAg",
            "reply_content": "\u5f88\u6f02\u4eae\uff0c\u5f88\u9ad8\u7d1a\uff0c\u8d85\u7d1a\u597d\u5403\uff0c\u54c8\u54c8\ud83d\ude06\uff01\u53f0\u7063\u7684\u4eba\u5c31\u662f\u9019\u6a23\u88ab\u9a19\u5230\u6839\u672c\u4e0d\u9032\u6b65\u5728\u5012\u9000\u3002"
        },
        {
            "reply_id": "UgxVyQ3lteOOQ9MhQWB4AaABAg",
            "reply_content": "\u53bb\u767d\u6c99\u5c6f\u62f1\u5929\u5bae\u62dc\u62dc\u5fc5\u5403\u5916\u7701\u4eba\u725b\u8089\u9eb5\uff0c\u6ef7\u5473\u4e5f\u4e00\u5b9a\u8981\u9ede\uff0c\u5c24\u5176\u5fc5\u9808\u8981\u52a0\u8fa3\u6912\u91ac\uff0c\u7121\u6575\uff01\uff01"
        },
        {
            "reply_id": "UgypeOMw_cjs8-7ewIV4AaABAg",
            "reply_content": "\u91d1\u91dd\u83c7\u53ef\u4ee5\u53bb\u53bb\u770b\u65d7\u6d25"
        },
        {
            "reply_id": "UgzwTnG8qRMt0miix514AaABAg",
            "reply_content": "\u4f4f\u9999\u5ba2\u5927\u6a13\u4e0d\u7528\u6572\u9580\u5566\u2026\u6c92\u90a3\u9ebc\u5927\u81bd\u7684\u602a\u7269\u5566\uff01"
        },
        {
            "reply_id": "UgwAsr-LT3ebHS_vf5Z4AaABAg",
            "reply_content": "\u5728\u53f0\u7063\u4f5b\u5bfa\u8ddf\u5edf\u662f\u4e0d\u4e00\u6a23\u7684\uff0c\u5728\u4f5b\u5bfa\u4e00\u822c\u5728\u5bb6\u5c45\u58eb\u6703\u7a7f\u201c\u6d77\u9752\u201d\u6216\u5c45\u58eb\u670d\uff0c\u5728\u97d3\u570b\u4f5b\u5bfa\u7684\u5728\u5bb6\u5c45\u58eb\u61c9\u8a72\u662f\u7a7f\u2018\u7070\u8272\u7684\u5c45\u58eb\u670d\u2019\ud83d\ude0a\ud83d\ude0a"
        },
        {
            "reply_id": "Ugx-A2nx4pRdEwuszed4AaABAg",
            "reply_content": "\u9019\u500b\u624d\u662f\u6b63\u5b97\u5c0f\u7c60\u5305\uff0c\u4ee5\u524d\u5403\u7684\u90a3\u500b\u61c9\u8a72\u53eb\u5c0f\u7c60\u6e6f\u5305"
        },
        {
            "reply_id": "UgxjMdT3Zp4Ve2RRzZl4AaABAg",
            "reply_content": "\u4e00\u76f4\u60f3\u77e5\u9053\u91d1\u9488\u83c7\u7684\u53e3\u7ea2\u8272\u53f7"
        },
        {
            "reply_id": "UgymqBD0M5_VmmcPD7t4AaABAg",
            "reply_content": "\u597d\u5e0c\u671b\u80fd\u5920\u4f4f\u4e00\u6b21\u9999\u5ba2\u5927\u6a13\ud83d\ude0d"
        },
        {
            "reply_id": "UgztgDRRBe-Ecfqj2v94AaABAg",
            "reply_content": "\u91d1\u91dd\u83c7\u60a8\u597d\n\u91d1\u5c0f\u59d0\uff0c\u6211\u5728\u22ef\u6211\u5011\u53f0\u5357\u5168\u5bb6\u4fbf\u5229\u5546\u5e97\u591a\u8cb7\u4e0d\u5230\u59b3\u4eec\u91d1\u5bb6\u5927\u98ef\u5718"
        },
        {
            "reply_id": "UgzJTdaKf8Pw6VX3J8B4AaABAg",
            "reply_content": "\u671f\u5f85\u91d1\u91dd\u83c7\u4f86\u4e00\u7cfb\u5217\u7684\u9999\u5ba2\u5927\u6a13\u5be6\u969b\u9ad4\u9a57\uff0c\u53ef\u4ee5\u8b93\u6211\u5011\u53c3\u8003\uff0c\u611f\u89ba\u4fbf\u5b9c\u53c8\u4e7e\u6de8"
        },
        {
            "reply_id": "UgyUZssAmKZlhkKeVIB4AaABAg",
            "reply_content": "\u4f5b\u5bfa\u8ddf\u5bae\u5edf\u4e0d\u540c\uff0c\u4f5b\u6559\u8207\u9053\u6559\u4e0d\u4e00\u6a23"
        },
        {
            "reply_id": "Ugyog6qo0p_ZK3mcFX94AaABAg",
            "reply_content": "(\u767d\u6c99\u5c6f\u5abd\u7956\u662f\u9032\u9999\u4e0d\u662f\u9076\u5883)\uff0c\u800c\u4e14\u767d\u6c99\u5c6f\u5abd\u7956\u8d70\u7684\u8def\u7dda\u90fd\u4e0d\u4e00\u6a23\uff0c\u91d1\u91dd\u83c7\u53ef\u4ee5\u4eca\u5e74\u4f86\u8a66\u8a66\u770b\uff0c\u70ba\u4f55\u8981\u6572\u9580\u662f\u901a\u77e5\u88e1\u9762\u7684\u4eba\uff0c\u6211\u8981\u9032\u4f86\u4e86\u3002"
        },
        {
            "reply_id": "Ugwgw6PIBL63WUgMAx94AaABAg",
            "reply_content": "\u767d\u6c99\u5c6f\u5fc5\u5403\u662f\u81ed\u8c46\u8150"
        },
        {
            "reply_id": "UgybyB9tPxwxK9V9EVR4AaABAg",
            "reply_content": "\u6211\u5c0f\u6642\u5019\u8ddf\u963f\u7956\u963f\u5b24\u9032\u9999\u90fd\u662f\u4f4f\u5718\u9ad4\u623f\uff0c\u901a\u92ea\u7684\u90a3\u7a2e\uff0c\u90a3\u6642\u5019\u9032\u9999\u5169\u5929\u4e00\u591c\u542b\u4e09\u9910\u4fdd\u96aa\u53ea\u8981500\u5143\uff0c\u53bb\u8d85\u7d1a\u591a\u5edf\u7684\uff0c\u6bcf\u6b21\u7d50\u675f\u7684\u6642\u5019\u6703\u56de\u5230\u51fa\u767c\u7684\u90a3\u9593\u5edf\uff0c\u6700\u5f8c\u5c0e\u6f14\u90fd\u6703\u5e36\u5927\u5bb6\u5531\u4e00\u9996\u671f\u5f85\u518d\u76f8\u9022\uff0c\u73fe\u5728\u963f\u7956\u963f\u5b24\u90fd\u5728\u5929\u5802\u4e86\uff0c\u4ee5\u5f8c\u7b49\u6211\u8001\u4e86\uff0c\u4e5f\u6703\u8ddf\u4ed6\u5011\u518d\u76f8\u9022\u5427"
        },
        {
            "reply_id": "UgwCkQ5IODmXhAVJuAp4AaABAg",
            "reply_content": "\u91d1\u91dd\u83c7\u59b3\u6c92\u5403\u5230\u982d\u4efd\u7684\u66fe\u8a18\u9921\u9905\uff0c\u5b83\u8d85\u7d1a\u597d\u5403\uff0c\u4e0d\u7ba1\u5e73\u65e5\u9084\u5047\u65e5\u90fd\u5927\u6392\u9577\u9f8d\uff0c\u5728\u904b\u52d5\u516c\u5712\u9644\u8fd1\uff01"
        },
        {
            "reply_id": "Ugw2SgtbyLKv9vUiZ2N4AaABAg",
            "reply_content": "\u91d1\u91dd\u83c7\u5c0f\u59d0\u4f60\u597d1m\u53f0\u5931\u671b\u4f60\u6c38\u9060\u4f4f\u5728\u53f0\u7063\u627e\u5230\u4e00\u4f4d\u597d\u6b78\u5bbf\u5ac1\u7d66\u53f0\u7063\u4eba\u53f0\u7063\u7537\u4eba\u5f88\u6eab\u67d4\u9ad4\u8cbc\u5f88\u6703\u75bc\u8001\u5a46\u53f0\u7063\u5b89\u5168\u53c8\u65b9\u4fbf\u53f0\u7063\u662f\u4e16\u754c\u7f8e\u98df\u5929\u5802"
        },
        {
            "reply_id": "UgylEAyy-tb-HlVzSMZ4AaABAg",
            "reply_content": "CP\u503c\u6700\u9ad8\u7684\u662f\u7d93\u7d00\u4eba"
        }
    ]
}