{
    "video_info": {
        "id": "UVhuaganorE",
        "channelTitle": "\u97d3\u52fe\u311f\u91d1\u91dd\u83c7 \ucc10\uca50\uafb8",
        "title": "\u91d1\u5bb6\u311f\u5927\u98ef\u7cf0\u8cb7\u4e94\u9001\u4e09\u2049\ufe0f\u2049\ufe0f\u2049\ufe0f\ud83c\udf597/1\u55ae\u65e5\u512a\u60e0\u6d3b\u52d5\uff01\u5728\u5168\u5bb6\u4fbf\u5229\u5546\u5e97APP\u4e0a\u96a8\u8cb7\u8de8\u5e97\u53d6\u8cfc\u8cb7\u91d1\u5bb6\u311f\u5927\u98ef\u7cf0\u5168\u7cfb\u5217\u8cb7\u4e94\u9001\u4e09(\u4efb\u9078)\u5594\uff01\uff01\uff01",
        "description": "",
        "likeCount": "1632",
        "commentCount": "33",
        "viewCount": "78940"
    },
    "comments": [
        {
            "reply_id": "UgxZP2hmJhrNV7jCuUp4AaABAg",
            "reply_content": "\u516b\u500b\u6709\u540c\u4e00\u5929\u62ff\u55ce\uff1f\n\u597d\u5947"
        },
        {
            "reply_id": "UgyJ5UxF1lBSlD4fNeJ4AaABAg",
            "reply_content": "\u8ab0\u6703\u8cb7\u9019\u9ebc\u591a \u53bb"
        },
        {
            "reply_id": "UgxXLocnuGJvGCiThmR4AaABAg",
            "reply_content": "\u6240\u4ee5\u4e00\u5929\u5f8c\u8981\u544a\u8a34\u5927\u5bb6 \u8ce3\u51fa\u53bb\u591a\u5c11\u500b"
        },
        {
            "reply_id": "UgwwkPsdrFVxDO5rTcd4AaABAg",
            "reply_content": "\u641e\u9322\u641e\u5230\u8b93\u53f0\u7063\u4eba\u5403\u4e09\u7d1a\u81f4\u764c\u7269\u7684\u7121\u826f\u7db2\u7d05\uff0c\u771f\u6709\u4f60\u7684\uff0c\u4e1f\u97d3\u570b\u4eba\u7684\u81c9..."
        },
        {
            "reply_id": "UgyQw5RlZIuDbYPr4rt4AaABAg",
            "reply_content": "\u5e79\uff0c\u4e00\u500b\u591a\u6708\u6211\u624d\u770b\u898b\u9019\u500b\uff0c\u8d85\u7d1a\u721b"
        },
        {
            "reply_id": "Ugzqz-Lk5qsLvV9iC3N4AaABAg",
            "reply_content": "\u6211\u6c92\u6709\u670b\u53cb"
        },
        {
            "reply_id": "UgykfeRSMQBGqu5x8GN4AaABAg",
            "reply_content": "\u8cb7\u4e86 \u8cb7\u4e86"
        },
        {
            "reply_id": "UgyQnKyO-s0uUJBrWVJ4AaABAg",
            "reply_content": "\u8cb75\u90013\u597d\u5212\u7b97\uff0c\u91cd\u9ede\u4e00\u500b\u4eba\u5403\u4e0d\u5b8c\u5440\u5440\u5440\ud83d\ude02"
        },
        {
            "reply_id": "UgyqaD5kGe1o1tMt9O94AaABAg",
            "reply_content": "\u91d1\u91dd\u83c7\u5c31\u662f\u9019\u9ebc\u53ef\u611b"
        },
        {
            "reply_id": "UgxqpAsfptLBtzKRcgp4AaABAg",
            "reply_content": "\u795d\u91d1\u91dd\u83c7\u751f\u610f\u9577\u7d05\u3002\ud83d\ude0a"
        },
        {
            "reply_id": "UgxCibGp6jIO_2xt-7V4AaABAg",
            "reply_content": "\u8cb7\u9019\u9ebc\u591a\u5403\u592a\u98fd\u4e86\u5427"
        }
    ]
}