{
    "video_info": {
        "id": "VmbaWQe_JOo",
        "channelTitle": "\u97d3\u52fe\u311f\u91d1\u91dd\u83c7 \ucc10\uca50\uafb8",
        "title": "\u958b\u7bb1KFC\u300c7\u540b\u5de8\u5927\u86cb\u64bb\u300d\ud83d\udca5 #KFC",
        "description": "",
        "likeCount": "7186",
        "commentCount": "119",
        "viewCount": "218846"
    },
    "comments": [
        {
            "reply_id": "Ugxsfprs3aPplCMfYnl4AaABAg",
            "reply_content": "\u91d1\u91dd\u83c7\u6703\u80d6"
        },
        {
            "reply_id": "UgyiehitkQcfj8Oqbhl4AaABAg",
            "reply_content": "\u5979\u559c\u6b61\u5403\u5927\u7684"
        },
        {
            "reply_id": "UgxXq2L80cNd-7HFtPV4AaABAg",
            "reply_content": "\u8d85\u611b\u91d1\u91dd\u83c7\u8207\u5927\u8846\u7684\u6d3b\u52d5\u5f88\u6709\u8da3\u53c8\u5f88\u53ef\u611b\u4e5f\u8b1d\u8b1d\u91d1\u91dd\u83c7\u7684\u795d\u798f\u6211\u525b\u597d\u4e0b\u500b\u6708\u751f\u65e5\u2764\u2764\u2764\u2764\u2764\u2764\u6211\u7684\u5076\u50cf\u91d1\u91dd\u83c7\u8b1d\u8b1d\u59b3"
        },
        {
            "reply_id": "Ugw37QLcYaxdKPBFh4d4AaABAg",
            "reply_content": "\u9019\u662f\u91d1\u91dd\u83c7\u55ce\uff1f"
        },
        {
            "reply_id": "Ugwv869mU2CQedZSRLF4AaABAg",
            "reply_content": "\u5c0f\u5b69\u7684\u958b\u5fc3\uff0c\u5f88\u68d2\u91d1\u91dd\u83c7"
        },
        {
            "reply_id": "UgxPlXw4SsCFHmwM_514AaABAg",
            "reply_content": "\u53ef\u611b\u91d1\u91dd\u83c7 \u6211\u8d85\u611b\u4f60\u4e86"
        },
        {
            "reply_id": "UgxJcogC7YK1G94Mbgl4AaABAg",
            "reply_content": "\u6211\u4e5f\u5f88\u559c\u6b61\u5403\u86cb\u5854\uff0c\u53ef\u662f\u71b1\u91cf\u9ad8\u6703\u80d6\uff0c\u6240\u4ee5\u4e45\u4e45\u624d\u5403\u4e00\u9846"
        },
        {
            "reply_id": "Ugxmg8BMVEHX62NSF4t4AaABAg",
            "reply_content": "\u9084\u8cb7\u5f97\u5230\u55ce"
        },
        {
            "reply_id": "Ugz3aK2z-Y3qSqccbyp4AaABAg",
            "reply_content": "\u9019\u500b\u80d6\u599e\u6709\u9ede\u50cf\u91d1\u91dd\u83c7"
        },
        {
            "reply_id": "UgyVhMjrbRfZo7yTGd54AaABAg",
            "reply_content": "\u5c4e"
        },
        {
            "reply_id": "Ugwd1ZmvIGRXUqrkRh14AaABAg",
            "reply_content": "\u9577\u5927\u5f8c\u7684\u5c0f\u5c0f\u5b69\u3002"
        },
        {
            "reply_id": "Ugy4nXVfyeBZfWhMB-N4AaABAg",
            "reply_content": "\u9019\u500b\u5927\u86cb\u5854\u71b1\u91cf\u4e0d\u77e5\u9053\u6709\u6c92\u6709\u9054\u52302\u5343\u5361\uff1f"
        },
        {
            "reply_id": "Ugzgo5s6jxO9At6TvPF4AaABAg",
            "reply_content": "\u7adf\u7136\u6709\u9019\u500b\uff0c\u5fc3\u52d5\u4e86\uff0c\u9019\u8981\u9810\u5b9a\u55ce\uff1f"
        },
        {
            "reply_id": "UgxpP5sCYBcenrQs5rF4AaABAg",
            "reply_content": "\u4e00\u958b\u59cb\u6c92\u6ce8\u610f\u662f\u8ab0\uff0c\u539f\u4f86\u662f\u53ef\u611b\u7684\u91d1\u91dd\u83c7\ud83d\udc95\u9019\u662fKFC \u7279\u5225\u70ba\u83c7\u83c7\u7f8e\u59b9\u5ba2\u88fd\u7684\u5427\ud83d\ude18"
        },
        {
            "reply_id": "Ugw33FiqpCJTN8mHyDV4AaABAg",
            "reply_content": "\u963f\u83c7\u8d8a\u4f86\u8d8a\u6709\u8089\u4e86\u3002"
        },
        {
            "reply_id": "UgzIiQXHrF2oBgJA6pB4AaABAg",
            "reply_content": "\u6703\u80a5\u9f20\u5566"
        },
        {
            "reply_id": "UgwTt1w1HS6-SxWH_8B4AaABAg",
            "reply_content": "\u6839\u672c\u86cb\u818f\u5566\ud83d\ude02"
        },
        {
            "reply_id": "Ugyyh8ejo4NKCpsm2L14AaABAg",
            "reply_content": "\u662f\u86cb\u5854\u6d3e \u86cb\u6d3e"
        },
        {
            "reply_id": "Ugxo79mB-Ey39y0NdM94AaABAg",
            "reply_content": "\u8d85\u53ef\u611b\u7684\ud83e\udd70"
        },
        {
            "reply_id": "UgxHNoeWXePcbMtcD4Z4AaABAg",
            "reply_content": "\u597d\u53ef\u611b"
        }
    ]
}