{
    "video_info": {
        "id": "WPt4Ko3NZXg",
        "channelTitle": "\u97d3\u52fe\u311f\u91d1\u91dd\u83c7 \ucc10\uca50\uafb8",
        "title": "\u6642\u969420\u5e74\u7238\u5abd\u7d42\u65bc\u5403\u5230\u771f\u6b63\u7684\u53f0\u7063\u706b\u934b\ud83d\ude02\u5403\u5230\u809a\u5b50\u5feb\u7206\u70b8\u2764\ufe0f\u3010\u91d1\u5bb6\u5718\u5713EP.2\u3011\u5e36\u4ed6\u5011\u53bb\u8db4\u8db4\u8d70\uff5c\u97d3\u52fe\u311f\u91d1\u91dd\u83c7 \ucc10\uca50\uafb8",
        "description": "#\u91d1\u5bb6\u5718\u5713EP2 #\u83c7\u7238\u83c7\u5abd\u4f86\u53f0\u7063 #\u660e\u5929\u9084\u6703\u6709\u4e00\u652f\u5f71\u7247\u5594\n\u5e0c\u671b\u4f60\u5011\u559c\u6b61\u9019\u90e8\u5f71\u7247\n\u559c\u6b61\u5e6b\u6211\u8a02\u95b1\u6309\u8b9a\u5206\u4eab \u8a18\u5f97\u958b\u555f\u5c0f\u9234\u943a\u6536\u53d6\u65b0\u7247\u901a\u77e5\u5594\uff01\n\n\uff3f\uff3f\uff3f\uff3f\uff3f\uff3f\uff3f\uff3f\uff3f\uff3f\uff3f\uff3f\uff3f\uff3f\uff3f\uff3f\uff3f\uff3f\uff3f\uff3f\uff3f\n\n\u2b50\ufe0f\u91d1\u91dd\u83c7\u7684\u97d3\u570b\u7f8e\u98df\u54c1\u724c\uff1ahttps://www.kimkfoods.com\n\u2b50\ufe0f\u91d1\u5bb6\u311f\u5e03\u5e33\u99ac\u8eca\uff1ahttps://www.facebook.com/groups/2297603990535075/\n\u2b50\ufe0f\u91d1\u91dd\u83c7\u7684\u7c89\u5c08: https://www.facebook.com/Koreajinzhengu/\n\u2b50\ufe0f\u91d1\u91dd\u83c7\u7684IG: https://www.instagram.com/ggu__kim/\n\u2b50\ufe0f\u5408\u4f5c\u9080\u7d04\u8acb\u6d3dPressPlay\uff1ajinyoungkim@pressplay.cc\n\n\uff3f\uff3f\uff3f\uff3f\uff3f\uff3f\uff3f\uff3f\uff3f\uff3f\uff3f\uff3f\uff3f\uff3f\uff3f\uff3f\uff3f\uff3f\uff3f\uff3f\uff3f",
        "likeCount": "34765",
        "commentCount": "1094",
        "viewCount": "1286655"
    },
    "comments": [
        {
            "reply_id": "Ugymb0MIdQp1iN3tT-N4AaABAg",
            "reply_content": "\u91d1\u9488\u83c7\u7238\u7238\u5988\u5988\u597d\u5e74\u8f7b\uff0c\u5988\u5988\u7f8e\u4e3d\u4f18\u96c5"
        },
        {
            "reply_id": "UgxbEaFqgGNzD3fm8Qh4AaABAg",
            "reply_content": "\u91d1\u91dd\u83c7\u771f\u53ef\u611b \u5f88\u958b\u6717"
        },
        {
            "reply_id": "UgwwlxEy7Uh5oxeVBNR4AaABAg",
            "reply_content": "\u53f0\u5927\u6821\u5712\u5167\u8eca\u901f\u9650\u901f20\u516c\u91cc\uff0c\u4e0d\u80fd\u9a0e\u592a\u5feb\u54e6\uff01\u54c8\u54c8\u54c8~"
        },
        {
            "reply_id": "Ugy99ZLc9P-qankcW-Z4AaABAg",
            "reply_content": "\u4e0b\u91cd\u672c\u4e86"
        },
        {
            "reply_id": "Ugzw0YzWEuXUFbxBO_F4AaABAg",
            "reply_content": "\u9019\u662f\u5f88\u68d2\u7684\u56de\u61b6"
        },
        {
            "reply_id": "UgyZ_51Pm8PPFFywqH94AaABAg",
            "reply_content": "\u4e00\u5bb6\u4eba\u60c5\u611f\u5f88\u597d\uff0c\u8b93\u4eba\u597d\u7fa8\u6155\u5594\uff01"
        },
        {
            "reply_id": "UgxPBRbNCcQti06K8C14AaABAg",
            "reply_content": "\u5abd\u5abd\u597dQ\u7238\u7238\u8d85\u5e25\u6ef4"
        },
        {
            "reply_id": "UgwcD4ZH_buPHfutukJ4AaABAg",
            "reply_content": "\u7238\u7238\u597d\u53ef\u611b\u5594\uff01"
        },
        {
            "reply_id": "UgwKeA0-3lp1RzIG0jp4AaABAg",
            "reply_content": "\u539f\u4f86\u91d1\u91dd\u83c7\u4ee5\u524d\u4f4f\u5973\u516b\uff0c\u540c\u4e00\u5e74\u6211\u4f4f\u5973\u4e94\uff5e\u53ef\u60dc\u6c92\u80fd\u78b0\u898b\u54c8\u54c8\u54c8\ud83d\ude02"
        },
        {
            "reply_id": "Ugyr_HKCPxYfsuXvHul4AaABAg",
            "reply_content": "\u80fd\u4ecb\u7d39\u5728\u90a3\u7e23\u5e02\u7684\u5e97\u9762\u55ce\uff1f"
        },
        {
            "reply_id": "Ugz1DTxQVy7n447bDWd4AaABAg",
            "reply_content": "\u7b2c\u4e00\u6b21\u770b\u5230\u9019\u9ebc\u8c6a\u83ef\u706b\u934b,\u9577\u667a\u8b58,"
        },
        {
            "reply_id": "UgyFdHNIKNCxM8v7KrZ4AaABAg",
            "reply_content": "\u7238\u7238\u597d\u53ef\u611b\uff0c\u4e00\u5bb6\u4eba\u81ea\u7136\u7684\u4e92\u52d5\u611f\u89ba\u597d\u5e78\u798f\uff0c\u5f88\u559c\u6b61\u4ed6\u5011\u3002"
        },
        {
            "reply_id": "Ugx-XTKBdpGDjmCaH1x4AaABAg",
            "reply_content": "\u6c38\u9060\u6c92\u6709\u6bd4\u8acb\u5bb6\u4eba\u5403\u98ef\u66f4\u958b\u5fc3\u7684"
        },
        {
            "reply_id": "UgyoH5PgL6HxoVzNrLt4AaABAg",
            "reply_content": "\u7ed3\u679c\u662f\u5916\u56fd\u6599\u7406\u54c8\u54c8\u54c8\u54c8"
        },
        {
            "reply_id": "UgzkEw1EkxARHxeO_gJ4AaABAg",
            "reply_content": "\u8521\u54e5\u7684\u7f6e\u5165\u7b11\u7ffbXD \u7247\u5c3e\u597d\u611f\u52d5\u5594~\u771f\u7684\u597d\u559c\u6b61\u91d1\u5bb6\u7684\u4e92\u52d5 \u83c7\u7238\u83c7\u5abd\u5f7c\u6b64\u9593\u4e5f\u8d85\u6709\u611b\u7684"
        },
        {
            "reply_id": "UgwwWpBhJ2f3qj3KNDx4AaABAg",
            "reply_content": "\u4e56\u4e56\u90a3\u6bb5\u592a\u53ef\u611b\u5566 \ud83e\udd23"
        },
        {
            "reply_id": "Ugx1cD6ApqDXCNqdo_t4AaABAg",
            "reply_content": "\u606d\u559c\u4f60\u8d0f\u904e\u9177\u4e86\uff0c\u52a0\u6cb9"
        },
        {
            "reply_id": "UgxB_llXcgZE01l4J9B4AaABAg",
            "reply_content": "\u83c7\u5abd\u597d\u6f02\u4eae\u5662\u2764"
        },
        {
            "reply_id": "UgwUkxakMkf3iQUEd1V4AaABAg",
            "reply_content": "\u91d1\u91dd\u83c7\u5c31\u5982\u540c\u81ea\u5df1\u7684\u5c0f\u5b69\uff0c\u5979\u7684\u4fee\u990a\uff0c\u5c31\u95dc\u4fc2\u9019\u7238\u5abd\u7684\u6559\u80b2\uff0c\u5f88\u597d\u3002\u5f88\u68d2\u7684\u5c0f\u5b69\u3002"
        },
        {
            "reply_id": "UgwqHKHZVi7khztNCLt4AaABAg",
            "reply_content": "\u5b5d\u9806\u7684\u5973\u5152\u8b93\u7238\u5abd\u5403\u597d\u6599\u7684\u3002"
        }
    ]
}