{
    "video_info": {
        "id": "WQynABICllk",
        "channelTitle": "\u97d3\u52fe\u311f\u91d1\u91dd\u83c7 \ucc10\uca50\uafb8",
        "title": "\u97d3\u570b\u963f\u5b24\u5011\u518d\u5ea6\u4f86\u53f0\u7063\u5566\ud83d\udd25\u76f4\u63a5\u7aef\u51fa\u5169\u7bb1\u8292\u679c \u5979\u5011\u958b\u5fc3\u5230\u4e0d\u884c\ud83e\udd23\ud83c\uddf9\ud83c\uddfc\uff5c\u97d3\u52fe\u311f\u91d1\u91dd\u83c7 \ucc10\uca50\uafb8",
        "description": "#\u97d3\u570b\u963f\u5b24\u4f86\u53f0\u7063\u54e9 #\u53f0\u7063\u65c5\u904a #\u8292\u679c\u5403\u5230\u98fd\n\n\u5e0c\u671b\u4f60\u5011\u559c\u6b61\u9019\u90e8\u5f71\u7247\n\u559c\u6b61\u5e6b\u6211\u8a02\u95b1\u6309\u8b9a\u5206\u4eab \u8a18\u5f97\u958b\u555f\u5c0f\u9234\u943a\u6536\u53d6\u65b0\u7247\u901a\u77e5\u5594\uff01\n\n\uff3f\uff3f\uff3f\uff3f\uff3f\uff3f\uff3f\uff3f\uff3f\uff3f\uff3f\uff3f\uff3f\uff3f\uff3f\uff3f\uff3f\uff3f\uff3f\uff3f\uff3f\n\n\u2b50\ufe0f\u91d1\u91dd\u83c7\u7684\u97d3\u570b\u7f8e\u98df\u54c1\u724c\uff1ahttps://www.kimkfoods.com\n\u2b50\ufe0f\u91d1\u5bb6\u311f\u5e03\u5e33\u99ac\u8eca\uff1ahttps://www.facebook.com/groups/2297603990535075/\n\u2b50\ufe0f\u91d1\u91dd\u83c7\u7684\u7c89\u5c08: https://www.facebook.com/Koreajinzhengu/\n\u2b50\ufe0f\u91d1\u91dd\u83c7\u7684IG: https://www.instagram.com/ggu__kim/\n\u2b50\ufe0f\u5408\u4f5c\u9080\u7d04\u8acb\u6d3dPressPlay\uff1ajinyoungkim@pressplay.cc\n\n\uff3f\uff3f\uff3f\uff3f\uff3f\uff3f\uff3f\uff3f\uff3f\uff3f\uff3f\uff3f\uff3f\uff3f\uff3f\uff3f\uff3f\uff3f\uff3f\uff3f\uff3f",
        "likeCount": "31958",
        "commentCount": "1026",
        "viewCount": "1196531"
    },
    "comments": [
        {
            "reply_id": "UgyxVq_A9X0V0P_RPmt4AaABAg",
            "reply_content": "\u59ca\u59ca\u597d\u6f02\u4eae \u6211\u611b\u59ca\u59ca\ud83d\ude02"
        },
        {
            "reply_id": "UgyjSTP5C15s_LLfZxR4AaABAg",
            "reply_content": "\u6700\u8fd1\u624d\u958b\u59cb\u8ffd\u7e31 \u59b3\u5011\u7684\u5f71\u7247 \u770b\u5230\u4f60\u5011\u4e00\u5bb6\u4eba\u597d\u6eab\u99a8\u5466 \u5976\u5976\u597d\u6f02\u4eae\u5466"
        },
        {
            "reply_id": "UgysBZEh8l3qmzLFJ2l4AaABAg",
            "reply_content": "\u70ba\u4ec0\u9ebc\u6709\u5169\u500b\u5976\u5976\u5440"
        },
        {
            "reply_id": "UgxVfadldGdt4VbwTqV4AaABAg",
            "reply_content": "\u795d\u963f\u5b24\u5065\u5eb7\u6d3b\u5230\u767e\u6b72"
        },
        {
            "reply_id": "UgyHxuvtvHYdX_cefzd4AaABAg",
            "reply_content": "\u4f60\u59d0\u59d0\u597d\u6f02\u4eae"
        },
        {
            "reply_id": "UgxyxMqy768vVlf9XxJ4AaABAg",
            "reply_content": "\u963f\u5b24\u4fdd\u990a\u592a\u597d\u4e86\u5427\uff01\u6709\u4ec0\u9ebc\u79d8\u8a23\u55ce\uff1f"
        },
        {
            "reply_id": "UgwmP_n0OG6QZNrbkMF4AaABAg",
            "reply_content": "\u6c42\u5169\u5bb6\u9910\u5ef3\u5e97\u540d"
        },
        {
            "reply_id": "Ugxs8NCX3yAyzKvflot4AaABAg",
            "reply_content": "\u9019\u5bb6\u7d20\u98df\u5728\u54ea\u5152\uff1f\u60f3\u5e36\u5abd\u5abd\u53bb"
        },
        {
            "reply_id": "UgzocaWubGMx13KapMx4AaABAg",
            "reply_content": "\u5f1f\u5f1f\u8ddf\u7238\u7238\u9577\u5f97\u597d\u50cf"
        },
        {
            "reply_id": "UgwgGP2Sqvw-cc_9Mtl4AaABAg",
            "reply_content": "\u4e00\u5bb6\u4eba\u4e09\u4ee3\u96e3\u5f97\u5718\u805a\u6700\u662f\u6b61\u6a02 \u672a\u4f86\u5bb6\u5ead\u8207\u5de5\u4f5c\u7e41\u5fd9\u5c31\u5c11\u6709\u6a5f\u6703\u4e86 \u8acb\u73cd\u60dc  \u83c7\u59d0\u7684\u8072\u97f3\u597d\u807d \u5f88\u55f2\uff01"
        },
        {
            "reply_id": "Ugzw8sVJFQNGmRvBzAd4AaABAg",
            "reply_content": "\u91d1\u91dd\u83c7\u6bcf\u6b21\u90fd\u9ede\u597d\u591a\u554a\uff01\u771f\u7684\u5f88\u80fd\u5403\uff0c\u70ba\u4ec0\u9ebc\u9084\u6703\u4e0d\u80d6\uff1f"
        },
        {
            "reply_id": "UgxH0Z9BgTXGPr-M1sF4AaABAg",
            "reply_content": "\u80fd\u770b\u5230\u83c7\u59ca \u6211\u4e5f\u597d\u5e78\u798f"
        },
        {
            "reply_id": "Ugw5yelOOphUuw0oVQp4AaABAg",
            "reply_content": "\u59d0\u59d0\u6f02\u4eae\u6c23\u8cea\u4f73"
        },
        {
            "reply_id": "Ugycg4g99P96kONdh4l4AaABAg",
            "reply_content": "\u91d1\u91dd\u83c7\u548c\u5abd\u5abd\u4e00\u6a23\u6f02\u4eae"
        },
        {
            "reply_id": "UgyTJBBsGIj7LMm0rt54AaABAg",
            "reply_content": "\u9019\u9593\u771f\u7684\u4e0d\u932f\u5403"
        },
        {
            "reply_id": "Ugy9vkJ-rFf0xU2vfbB4AaABAg",
            "reply_content": "\u770b\u770b\u9019\u9ede\u64ad\u7387\ud83d\ude02\u6d41\u91cf\u5bc6\u78bc\u5168\u96c6\u5408\uff01\u91d1\u5bb6\u7e3d\u52d5\u54e1\u2764"
        },
        {
            "reply_id": "UgxprKlWnVE9PwX-tch4AaABAg",
            "reply_content": "\u770b\u5230\u963f\u5b24\u5011\u5927\u53e3\u4eab\u7528\u7f8e\u98df\u771f\u7684\u597d\u7642\u7652\uff01\u7259\u9f52\u611f\u89ba\u90fd\u5f88\u597d\u6b38\ud83d\udc4d\u4e0a\u6b21\u53bb\u97d3\u570b\u624d\u767c\u73fe\u539f\u4f86\u8292\u679c\u5728\u97d3\u570b\u90a3\u9ebc\u8cb4\uff0c\u5f8c\u9762\u7c21\u76f4\u662f\u8292\u679c\u5403\u5230\u98fd\uff0c\u671f\u5f85\u83c7\u4e00\u5bb6\u5728\u53f0\u7063\u90fd\u904e\u5f97\u5f88\u958b\u5fc3\uff01"
        },
        {
            "reply_id": "Ugx9bwvJt1896ksLoq54AaABAg",
            "reply_content": "\u8292\u679c\u771f\u6b63\u597d\u5403\u7684\u662f\u571f\u8292\u679c\uff0c\u4e0b\u6b21\u53ef\u4ee5\u8a66\u8a66\uff01"
        },
        {
            "reply_id": "UgzpLIXfi24XVq7byil4AaABAg",
            "reply_content": "\u5cb3\u6bcd\u5f88\u6b63 \u96e3\u602a\u751f\u51fa\u6c92\u6709\u6574\u578b\u7684\u91d1\u91dd\u83c7\u59ca\u59ca"
        },
        {
            "reply_id": "Ugw6KPGcoUJUMo-FWQR4AaABAg",
            "reply_content": "\u8b1d\u8b1d\u4f60\u559c\u6b61\u53f0\u7063"
        }
    ]
}