{
    "video_info": {
        "id": "WU7qtwZZmjM",
        "channelTitle": "\u97d3\u52fe\u311f\u91d1\u91dd\u83c7 \ucc10\uca50\uafb8",
        "title": "\u53f0\u5357\u963f\u4f2f\u5e36\u97d3\u570b\u91d1\u300c\u4e00\u65e5\u7d04\u6703\u300d\u53bb\u79c1\u623f\u5730\u9ede\u2764\ufe0f\u6703\u5e36\u6211\u53bb\u54ea\u4e9b\u5730\u65b9\u5462\uff1f\u6700\u5f8c\u9084\u6709\u6d6a\u6f2b\u666f\u9ede...\uff01\u597d\u611f\u52d5\uff5c\u97d3\u52fe\u311f\u91d1\u91dd\u83c7 \ucc10\uca50\uafb8",
        "description": "\u53f0\u5357\u963f\u4f2f\u7b2c\u4e8c\u96c6\u4f86\u5566 \u5e0c\u671b\u5927\u5bb6\u559c\u6b61\u00b7\uff01\n\u559c\u6b61\u5e6b\u6211\u591a\u591a\u5206\u4eab\u5537\uff5e\uff01\n\n\u9084\u6c92\u770b\u7b2c\u4e00\u96c6\u53ef\u4ee5\u9ede\u9019\u500b\u9023\u7d50\uff1ahttps://youtu.be/44N61H9vzvY\n#\u53f0\u5357 #\u53f0\u5357\u65c5\u884c #\u53f0\u5357\u4e00\u65e5\u904a\n\u525b #\u5730\u9707 \u4f86 \u5927\u5bb6\u9084\u597d\u55ce\n\u5e0c\u671b\u4f60\u5011\u559c\u6b61\u9019\u90e8\u5f71\u7247\n\u559c\u6b61\u5e6b\u6211\u8a02\u95b1\u6309\u8b9a\u5206\u4eab \u8a18\u5f97\u958b\u555f\u5c0f\u9234\u943a\u6536\u53d6\u65b0\u7247\u901a\u77e5\u5594\uff01\n\n\uff3f\uff3f\uff3f\uff3f\uff3f\uff3f\uff3f\uff3f\uff3f\uff3f\uff3f\uff3f\uff3f\uff3f\uff3f\uff3f\uff3f\uff3f\uff3f\uff3f\uff3f\n\n\u2b50\ufe0f\u91d1\u5bb6\u311f\u5e03\u5e33\u99ac\u8eca\uff1ahttps://www.facebook.com/groups/2297603990535075/\n\u2b50\ufe0f\u91d1\u91dd\u83c7\u7684\u7c89\u5c08: https://www.facebook.com/Koreajinzhengu/\n\u2b50\ufe0f\u91d1\u91dd\u83c7\u7684IG: https://www.instagram.com/ggu__kim/\n\u2b50\ufe0f\u5408\u4f5c\u9080\u7d04\u8acb\u6d3dPressPlay\uff1ajinyoungkim@pressplay.cc\n\n\uff3f\uff3f\uff3f\uff3f\uff3f\uff3f\uff3f\uff3f\uff3f\uff3f\uff3f\uff3f\uff3f\uff3f\uff3f\uff3f\uff3f\uff3f\uff3f\uff3f\uff3f",
        "likeCount": "18501",
        "commentCount": "778",
        "viewCount": "423551"
    },
    "comments": [
        {
            "reply_id": "Ugwm1gaNpB-1uJO04954AaABAg",
            "reply_content": "\u8acb\u554f\u4e00\u4e0b9:15\u63d0\u5230\u7684\u5915\u967d\u6700\u4f73\u4f4d\u7f6e\u5728\u53f0\u5357\u7684\u54ea\u88e1? \u7db2\u8def\u4e0a\u627e\u4e86\u597d\u4e45\u90fd\u627e\u4e0d\u5230"
        },
        {
            "reply_id": "Ugw8-QVZ41dfDzTE0tt4AaABAg",
            "reply_content": "\u54c8\u54c8 \u5f88\u6eab\u99a8"
        },
        {
            "reply_id": "UgzIRALJX0dmb3tJYZV4AaABAg",
            "reply_content": "\u592a\u6eab\u99a8\u4e86\uff0c\u5728\u570b\u5916\u770b\u5230\u9019\u7a2e\u771f\u7684\u5f88\u611f\u52d5\uff0c\u963f\u5317\u7684\u540c\u4e00\u689d\u8857\u4e0a\u4e5f\u6709\u4e00\u5bb6\u5fa9\u53e4\u7684\u5bb6\u5ead\u7f8e\u9aee\u5e97\uff0c\u4e3b\u8981\u662f\u71d9\u982d\u9aee\uff0c\u8001\u95c6\u5a18\u4e5f\u597d\u6eab\u99a8\ud83e\udd79"
        },
        {
            "reply_id": "UgyMvGExN5343EGJ-Tl4AaABAg",
            "reply_content": "\u597d\u559c\u6b61\u9019\u7cfb\u5217\u7684\u5f71\u7247\uff01\u5feb\u628a\u91d1\u91dd\u83c7\u5f71\u7247\u90fd\u5168\u90e8\u8ffd\u5b8c\u4e86 \u7e7c\u7e8c\u52a0\u6cb9 \u8b9a"
        },
        {
            "reply_id": "UgzzCbux2GBzvOSE1nF4AaABAg",
            "reply_content": "\u5f8c\u9762\u7684\u92fc\u7434\u662f\u4ec0\u9ebc\ud83e\udd14"
        },
        {
            "reply_id": "UgzZNjT3z2VKGQfUS_h4AaABAg",
            "reply_content": "\u5c0d\u9577\u8f29\u4f86\u8aaa\u771f\u7684\u5f88\u68d2\uff5e\u8b9a\u8b9a\ud83d\udc4d\u7684\u91d1\u91dd\u83c7"
        },
        {
            "reply_id": "UgwM04T_ATMdKE7JffZ4AaABAg",
            "reply_content": "\u9084\u4e0d\u77e5\u9053\u5982\u4f55\u8a8d\u8b58\u963f\u4f2f\u7684\uff1f"
        },
        {
            "reply_id": "UgzpGeqAYrzSYVKe7kV4AaABAg",
            "reply_content": "\u963f\u591a\u6bd4\u4e5f\u559c\u6b61\u963f\u4f2f\u5bb6\u4e86\ud83d\ude06"
        },
        {
            "reply_id": "Ugz0rjV3rzg5VKzs2ed4AaABAg",
            "reply_content": "\u559c\u6b61\u91d1\u91dd\u83c7\u7684\u771f\u8aa0\u2764\ufe0f\n\u89ba\u5f97\u963f\u4f2f\u771f\u7684\u5f88\u53ef\u611b\u7136\u5f8c\u5f88\u89aa\u5207"
        },
        {
            "reply_id": "Ugwg22Kq05l8OkPc6Lp4AaABAg",
            "reply_content": "\u96de\u76ae\u7599\u7629\uff0c\u773c\u6dda\u6703\u4e0d\u81ea\u89ba\u7684\u6389\u4e0b\u4f86"
        },
        {
            "reply_id": "UgwRlk7TCGz4TT2YCQZ4AaABAg",
            "reply_content": "\u5f88\u611f\u4eba\uff0c\u53c8\u5f88\u6703\u63a5\u5730\u6c23\u4eba\u7de3\uff0c\u8d85\u7d1a\u8b9a\u7684\u91d1\u91dd\u83c7"
        },
        {
            "reply_id": "Ugz56o7tFd9M8DfCNId4AaABAg",
            "reply_content": "\u9019\u7a2e\u6fc3\u6fc3\u7684\u4eba\u60c5\u5473\u5c31\u662f\u53f0\u7063\u6700\u53ef\u611b\u3001\u6700\u52d5\u4eba\u7684\u5730\u65b9"
        },
        {
            "reply_id": "UgzkU6EX1FQborMa2c54AaABAg",
            "reply_content": "\u597d\u611f\u52d5\u7684\u5f71\u7247.\u53f0\u6e7e\u9577\u8f29\u75bc\u60dc\u91d1\u91dd\u83c7\u51fa\u5916\u4eba.\u59b3\u5728\u53f0\u7063\u8981\u904e\u5f97\u5e78\u798f\u54e6?\u795d\u798f\u5927\u5bb6\u90fd\u5e73\u5b89\u3001\u5065\u5eb7"
        },
        {
            "reply_id": "Ugw4U-idnbUe32CW6jx4AaABAg",
            "reply_content": "\u7b11\u5c4e\u4e86"
        },
        {
            "reply_id": "Ugw4eTAm-GBv8yIfa014AaABAg",
            "reply_content": "\u597d\u559c\u6b61\ud83d\udc95\u7279\u5225\u7684\u7de3\u4efd\u3001\u5bb6\u4eba\u822c\u7684\u6eab\u6696\uff0c\u805a\u5728\u4e00\u8d77\u6eab\u6696\u4e14\u6eab\u99a8\u7684\u5bb6\u4eba\u611f\u89ba\u597d\u68d2\u5594"
        },
        {
            "reply_id": "UgwaVpQFpdq5zMKbOzd4AaABAg",
            "reply_content": "\u81ea\u7136\u7121\u9055\u548c\u7684\u76f8\u8655\uff0c\u5f77\u5f7f\u591a\u4e86\u4e00\u500b\u7db2\u7d05\u5916\u5b6b\u5973\ud83d\ude06\uff0c\u963f\u4f2f\u771f\u7684\u662f\u5bf6"
        },
        {
            "reply_id": "Ugzn-w4MMAhmESHNgHt4AaABAg",
            "reply_content": "\u611f\u52d5"
        },
        {
            "reply_id": "UgwLy56IeDUfKBPpuPt4AaABAg",
            "reply_content": "\u7de3\u5206\u771f\u7684\u662f\u5947\u5999\u7684\u6771\u897f\uff01\u770b\u4e86\u9019\u4e00\u7cfb\u5217\u89ba\u5f97\u8d85\u53ef\u611b\u53c8\u611f\u52d5\uff0c\u5f88\u9ad8\u8208\u4f60\u5728\u53f0\u7063\u4e5f\u80fd\u611f\u53d7\u5230\u5bb6\u4eba\u822c\u7684\u6eab\u6696\uff5e\uff5e"
        },
        {
            "reply_id": "UgyL36pWK2JDZa5PS_d4AaABAg",
            "reply_content": "\u770b\u4e86\u6eff\u6eff\u7684\u611f\u52d5"
        },
        {
            "reply_id": "UgwrlVNh5MSld_uqWY94AaABAg",
            "reply_content": "\u771f\u7684\u5f88\u8b9a\u5f88\u611f\u52d5\n\u559c\u6b61"
        }
    ]
}