{
    "video_info": {
        "id": "xdiPK1txeQQ",
        "channelTitle": "\u97d3\u52fe\u311f\u91d1\u91dd\u83c7 \ucc10\uca50\uafb8",
        "title": "\u97d3\u570b\u89aa\u5f1f\u5f1f\u6311\u6230\u8003\u99d5\u7167\u5566\ud83d\udd25\u5c31\u8aaa\u4e0d\u80fd\u7528\u96de\u817f\u63db\u554a\u2026.\ud83d\ude13 \u6211\u4f86\u7576\u6559\u7df4\u597d\u597d\u6559\u5c0e\u4ed6\u54c8\u54c8\u54c8\uff5c\u97d3\u52fe\u311f\u91d1\u91dd\u83c7 \ucc10\uca50\uafb8",
        "description": "\u554a\u54c8\u54c8\u54c8\u6211\u7684\u89aa\u5f1f\u5f1f\u7a81\u7136\u8aaa\u8981\u8003\u99d5\u7167\n\u770b\u770b\u4ed6\u6703\u4e0d\u6703\u8003\u4e0a\n\u8b1d\u8b1d\u5b8f\u4f73\u9a30\u501f\u6211\u5011\u8eca\u8eca Ai-1 More\u9eef\u591c\u7da0\n\u9019\u500b\u984f\u8272\u7684\u5149\u6fa4\u5ea6\u597d\u597d\u770b\n#\u5b8f\u4f73\u9a30\u667a\u6167\u96fb\u8eca \u771f\u7684\u597d\u597d\u9a0e\u53c8\u5f88\u7a69\uff01\n\u6839\u672c\u8003\u99d5\u7167\u795e\u5668\ud83d\ude1d\ud83d\udc4d\ud83d\udc4d\n\u6709\u8208\u8da3\u53ef\u4ee5\u53bb\u5b8f\u4f73\u9a30\u667a\u6167\u9580\u5e02\u8a66\u4e58\u770b\u770b\u5537\n\u8eca\u6b3e\u4ecb\u7d39\uff1ahttps://bit.ly/3zT69Fp\n \nFacebook\uff1a\u5b8f\u4f73\u9a30\u667a\u6167\u96fb\u8eca\nInstagram\uff1a@amotor_taiwan\n \n[8/26 \u5df2\u958b\u734e]\n\u53e6\u5916 \u5982\u679c\u7559\u8a00\u88e1\u6709\u5305\u62ec\u300c\u5b8f\u4f73\u9a30\u300d\u5c31\u6703\u62bd5\u4f4d\u83c7\u7c89\u9001\u51b0\u6dc7\u6dcb\u514c\u63db\u5238\u5594\uff5e\u6211\u6703\u56de\u8986\u7559\u8a00\u544a\u8a34\u62bd\u4e2d\u7d50\u679c\n\u5c31\u62bd\u52308/20\uff0c\u5bc4\u4ef6\u5730\u9ede\u4ee5\u53f0\u6f8e\u91d1\u99ac\u70ba\u9650\u5537\uff01\n\n\u5e0c\u671b\u4f60\u5011\u559c\u6b61\u9019\u90e8\u5f71\u7247\n\u559c\u6b61\u5e6b\u6211\u8a02\u95b1\u6309\u8b9a\u5206\u4eab \u8a18\u5f97\u958b\u555f\u5c0f\u9234\u943a\u6536\u53d6\u65b0\u7247\u901a\u77e5\u5594\uff01\n\n\uff3f\uff3f\uff3f\uff3f\uff3f\uff3f\uff3f\uff3f\uff3f\uff3f\uff3f\uff3f\uff3f\uff3f\uff3f\uff3f\uff3f\uff3f\uff3f\uff3f\uff3f\n\n\u2b50\ufe0f\u91d1\u91dd\u83c7\u7684\u97d3\u570b\u7f8e\u98df\u54c1\u724c\uff1ahttps://www.kimkfoods.com\n\u2b50\ufe0f\u91d1\u5bb6\u311f\u5e03\u5e33\u99ac\u8eca\uff1ahttps://www.facebook.com/groups/2297603990535075/\n\u2b50\ufe0f\u91d1\u91dd\u83c7\u7684\u7c89\u5c08: https://www.facebook.com/Koreajinzhengu/\n\u2b50\ufe0f\u91d1\u91dd\u83c7\u7684IG: https://www.instagram.com/ggu__kim/\n\u2b50\ufe0f\u5408\u4f5c\u9080\u7d04\u8acb\u6d3dPressPlay\uff1ajinyoungkim@pressplay.cc\n\n\uff3f\uff3f\uff3f\uff3f\uff3f\uff3f\uff3f\uff3f\uff3f\uff3f\uff3f\uff3f\uff3f\uff3f\uff3f\uff3f\uff3f\uff3f\uff3f\uff3f\uff3f",
        "likeCount": "19753",
        "commentCount": "829",
        "viewCount": "824984"
    },
    "comments": [
        {
            "reply_id": "Ugw3kILt-VVG-xTfm6N4AaABAg",
            "reply_content": "\u54c8\u54c8\u518d\u770b\u4e00\u6b21"
        },
        {
            "reply_id": "Ugy3qZS1WhXAK79LdD54AaABAg",
            "reply_content": "\u59d1\u5f1f\u4e0d\u7528\u56de\u97d3\u570b\u7576\u5175\u55ce"
        },
        {
            "reply_id": "UgyvzWFHSZNVAZdvg1B4AaABAg",
            "reply_content": "\u771f\u662f\u597d\u59d0\u59d0~"
        },
        {
            "reply_id": "UgyP6w3x7aOMrpkBhOx4AaABAg",
            "reply_content": "\u4eca\u5929\u91cd\u6eab\u9019\u90e8\u5f71\u7247\uff0c\u7a81\u7136\u89ba\u5f97\u83c7\u83c7\u600e\u6c92\u6709\u8d81\u7238\u5abd\u90fd\u5728\u53f0\u7063\uff0c\u53ef\u4ee5\u8ddf\u5f1f\u5f1f\u4e00\u4eba\u9a0e\u4e00\u53f0\u6a5f\u8eca\u8f09\u7238\u5abd\ud83d\ude05\ud83d\ude05\ud83d\ude05"
        },
        {
            "reply_id": "Ugy3MgjCqKjisMeYx9V4AaABAg",
            "reply_content": "\u606d\u559c\u83c7\u5f1f"
        },
        {
            "reply_id": "Ugyit8P6GQEsLPWhhqR4AaABAg",
            "reply_content": "\u53ef\u4ee5\u628a\u83c7\u5f1f\u7684\u7dbd\u865f\u6539\u6210\u674f\u9b91\u83c7\u55ce\ud83e\udd23\ud83e\udd23"
        },
        {
            "reply_id": "UgzG2-U57yDjYeHX5a54AaABAg",
            "reply_content": "\u6bd4\u83c7\u548c\u83c7\u5f1f\u4f4e\u5206\u7684\u53f0\u7063\u4eba\u6bd4\u5916\u570b\u4eba\u9084\u4e0d\u5982\u554a\ud83d\ude02\u5225\u4eba\u770b\u4e0d\u61c2\u4e2d\u6587\u9084\u80fd\u8003\u9ad8\u5206\uff0c\u8003\u4e0d\u904e\u7684\u53f0\u7063\u4eba\u592a\u6158\u4e86\u3002"
        },
        {
            "reply_id": "UgxQfPIOtFHHecF9Pzp4AaABAg",
            "reply_content": "\u83c7\u83c7\u771f\u7684\u5f88\u53b2\u5bb3\uff01\u65b0\u5236\u9019\u9ebc\u96e3\u7adf\u7136\u4e00\u6b21\u904e\uff01\u8b93\u9a0e\u8eca\u591a\u5e74\u7684\u4eba\u8003\uff0c\u9084\u4e0d\u4e00\u5b9a\u80fd\u904e\u7b46\u8a66\uff0c\u6211\u9084\u6709\u540c\u5b78\u80032\u6b21\u7684\ud83d\ude02\u898f\u5247\u6539\u592a\u591a\u4e86\u3002\u8def\u8003\u8b8a\u96e3\u5f88\u591a\uff0c\u9023\u9a0e\u591a\u5e74\u7684\u4eba\u770b\u65b0\u805e\u90fd\u8aaa\u96e3\u3002"
        },
        {
            "reply_id": "UgzPLemUIk4JEerZeE94AaABAg",
            "reply_content": "\u606d\u559c\u83c7\u5f1f"
        },
        {
            "reply_id": "UgwC9zz7EMf_p0Yg_BR4AaABAg",
            "reply_content": "\u8acb\u554f\u9019\u662f\u54ea\u88e1\u5462\uff1f"
        },
        {
            "reply_id": "Ugzp1eEHXLYG3GX4ZX94AaABAg",
            "reply_content": "\u5f1f\u5f1f\u8ddf\u7238\u7238\u8d85\u50cf\u7684\u5566\uff01\ud83d\ude02"
        },
        {
            "reply_id": "UgxsMi38KM-Bypv1Y-54AaABAg",
            "reply_content": "\u4eca\u5929\u53bb\u8003\u5b8c\u4e86\uff0c\u4e5f\u662f\u4e00\u6b21\u901a\u904e\uff0c\u800c\u4e14\u8ddf\u5f1f\u5f1f\u4e00\u6a23\u88ab\u626316\u5206\ud83d\ude02 \u9084\u5728\u52aa\u529b\u9069\u61c9\u4e0a\u8def\uff0c\u9019\u624d\u662f\u771f\u6b63\u7684\u8003\u9a57\u554a~"
        },
        {
            "reply_id": "UgyxxIZEXIUpnn4h4bp4AaABAg",
            "reply_content": "\u807d\u5230\u83dc\u903c\u516b\n\u6574\u500b\u5927\u7b11\ud83d\ude02"
        },
        {
            "reply_id": "UgyMckhdgejj2953ljV4AaABAg",
            "reply_content": "\u6211\u6700\u611b\u91d1\u5bb6\u4e09\u5144\u59b9\u7cfb\u5217\u4e86\uff0c\u6211\u8981\u88ab\u83c7\u5f1f\u5708\u7c89\u4e86\u3002\ud83d\ude02\ud83d\ude02"
        },
        {
            "reply_id": "UgwfQrRtvqQcuhBNYIB4AaABAg",
            "reply_content": "\u91d1\u91dd\u83c7\u7684\u8863\u670d\u597d\u53ef\u611b \u5728\u54ea\u88e1\u8cb7\u7684\ud83d\ude02"
        },
        {
            "reply_id": "UgwAEwXmSt2vqLx94j14AaABAg",
            "reply_content": "\u4e09\u5341\u5e7e\u6b72\u4e0d\u6703\u9a0e\u8eca\u7684\u6211\u4f69\u670d\u4f60\u5011\uff01\n\u770b\u4e86\u5f8c\u6211\u9084\u662f\u7e7c\u7e8c\u958b\u8eca\u597d\u4e86\ud83d\ude02"
        },
        {
            "reply_id": "Ugz5ZMMKEZRzyeNnjeJ4AaABAg",
            "reply_content": "\u5728\u53f0\u7063\u6c92\u9a0e\u6a5f\u8eca\u9084\u771f\u7684\u5f88\u4e0d\u65b9\u4fbf\u5566\u2026\u4f46\u5c31\u662f\u8003\u4e0a\u5f8c\u5e73\u5e38\u8def\u4e0a\u884c\u8eca\u4e00\u5b9a\u8981\u6ce8\u610f\u81ea\u5df1\uff0c\u5225\u4eba\u7684\u5b89\u5168\uff0c\u56e0\u70ba\u99ac\u8def\u4e09\u5bf6\u592a\u591a\u4e86\u3002"
        },
        {
            "reply_id": "Ugzg3K7JcceRp-sNwO54AaABAg",
            "reply_content": "\u91d1\u5abd\u5abd\u6559\u7684\u771f\u597d\u554a\ud83d\ude00"
        },
        {
            "reply_id": "UgwLEXPc3A1A9rNwjTx4AaABAg",
            "reply_content": "\u7b2c\u4e8c\u9053\u8003\u984c\u592a\u60b2\u54c0\u4e86\u2026\u807d\u5230\u53f0\u7063\u7684\u6a5f\u8eca\u4e0d\u80fd\u5de6\u8f49"
        },
        {
            "reply_id": "UgxeSq8uenrUochnjM14AaABAg",
            "reply_content": "\u9047\u5927\u8eca\u6642\u5118\u91cf\u9060\u9ede\uff0c\u56e0\u70ba\u5927\u8eca\u8f49\u5f4e\u6703\u6709\u6b7b\u89d2\u770b\u4e0d\u5230\u65c1\u908a\u6709\u7121\u8eca\u8f1b\uff0c\u8eca\u901f\u4e5f\u4e0d\u8981\u592a\u5feb\uff01\u884c\u8eca\u5e73\u5b89"
        }
    ]
}