{
    "video_info": {
        "id": "XEd43Ojg29A",
        "channelTitle": "\u97d3\u52fe\u311f\u91d1\u91dd\u83c7 \ucc10\uca50\uafb8",
        "title": "\uff3bLIVE\uff3d\u5012\u6578\u767e\u842c\u8a02\u95b1\ud83d\udd25\u4eca\u5929\u80fd\u78341,000,000\u55ce\uff5c\u97d3\u52fe\u311f\u91d1\u91dd\u83c7 \ucc10\uca50\uafb8",
        "description": "\u5e0c\u671b\u4f60\u5011\u559c\u6b61\u9019\u90e8\u5f71\u7247\n\u559c\u6b61\u5e6b\u6211\u8a02\u95b1\u6309\u8b9a\u5206\u4eab \u8a18\u5f97\u958b\u555f\u5c0f\u9234\u943a\u6536\u53d6\u65b0\u7247\u901a\u77e5\u5594\uff01\n\n\uff3f\uff3f\uff3f\uff3f\uff3f\uff3f\uff3f\uff3f\uff3f\uff3f\uff3f\uff3f\uff3f\uff3f\uff3f\uff3f\uff3f\uff3f\uff3f\uff3f\uff3f\n\n\u2b50\ufe0f\u91d1\u5bb6\u311f\u5e03\u5e33\u99ac\u8eca\uff1ahttps://www.facebook.com/groups/2297603990535075/\n\u2b50\ufe0f\u91d1\u91dd\u83c7\u7684\u7c89\u5c08: https://www.facebook.com/Koreajinzhengu/\n\u2b50\ufe0f\u91d1\u91dd\u83c7\u7684IG: https://www.instagram.com/ggu__kim/\n\u2b50\ufe0f\u5408\u4f5c\u9080\u7d04\u8acb\u6d3dPressPlay\uff1ajinyoungkim@pressplay.cc\n\n\uff3f\uff3f\uff3f\uff3f\uff3f\uff3f\uff3f\uff3f\uff3f\uff3f\uff3f\uff3f\uff3f\uff3f\uff3f\uff3f\uff3f\uff3f\uff3f\uff3f\uff3f",
        "likeCount": "20888",
        "commentCount": "1203",
        "viewCount": "614793"
    },
    "comments": [
        {
            "reply_id": "UgyfNyHv0r9NTBacmsR4AaABAg",
            "reply_content": "\u4e00\u5b9a\u53ef\u4ee5\uff0c\u770b\u898b\u7f8e\u597d"
        },
        {
            "reply_id": "UgzoOByYAhoPjzf0k9J4AaABAg",
            "reply_content": "\u606d\u559c\u4f60,\u6211\u5927\u6982\u662f\u4e09\u5e74\u4f86\u7684\u7c89\u7d72\u4e4b\u4e00."
        },
        {
            "reply_id": "Ugxc9UOrBqN7VbdjBOB4AaABAg",
            "reply_content": "\u611b\u770b\u91d1\u91dd\u83c7\u548c\u91d1\u8a98\u4eba\u53ca\u5bb6\u4eba\u4e92\u52d5"
        },
        {
            "reply_id": "Ugw9nXDP4DJEjz9H7eN4AaABAg",
            "reply_content": "\u52a0\u6cb9"
        },
        {
            "reply_id": "Ugy_iIHRuOzncG79v0R4AaABAg",
            "reply_content": "\u91d1\u91dd\u83c7\u59b9\u59b9\u606d\u559c\u59b3\u9019\u4e00\u5207\u90fd\u662f\u4f60\u52aa\u529b\u5f97\u5230\u7684"
        },
        {
            "reply_id": "UgyMRqwbYKeyTigi7UF4AaABAg",
            "reply_content": "\u91d1\u91dd\u83c7\u540d\u53d6\u5f97\u597d\u6613\u8a18,\u5916\u570b\u5728\u53f0\u8b1b\u4e2d\u6587\u505aYOUTUBER\u8868\u793a\u5f88\u52aa\u529b\u878d\u5165\u53f0\u7063\u7cbe\u795e ,\u5f88\u4f69\u670d\u624d\u90a3\u9ebc\u591a\u4eba\u8a02\u95b1,\u53c8\u6a02\u89c0\u559c\u611f\n\u8003\u9a0e\u8eca\u8207\u6797\u8431\u90a3\u90e8\u611f\u4eba\u597d\u59d0\u59b9,\u5c0d\u5f1f\u53ca\u5bb6\u4eba\u7684\u6eab\u6696\u5f88\u559c\u611b,\u52a0"
        },
        {
            "reply_id": "UgynGUBHsbSq3BFywbR4AaABAg",
            "reply_content": "\u5f88\u53ef\u611b"
        },
        {
            "reply_id": "UgywAXZe0W98GyJzCt94AaABAg",
            "reply_content": "\u606d\u559c\u606d\u559c"
        },
        {
            "reply_id": "UgyW2efxm-2WGyZlDJt4AaABAg",
            "reply_content": "\u5f9e\u59b3\u958b\u59cb\u62cd\u7247"
        },
        {
            "reply_id": "Ugx4EePMyToz4BWFZ814AaABAg",
            "reply_content": "\u8d85\u68d2"
        },
        {
            "reply_id": "UgxpDv50RxIOuyu4mJp4AaABAg",
            "reply_content": "\u91d1\u91dd\u83c7\u4f60\u597d\u6578\u81ea\u5c11\u4e00\u9ede\u4e0d\u8981\u7834\u7d00\u9304\u4e00\u9ede \ud83d\udc4d\ud83c\udffb"
        },
        {
            "reply_id": "UgxgQBwbW10WbjaR7AJ4AaABAg",
            "reply_content": "\u8a87\u5f35\u4e86\uff0c\u9019\u90e8\u7247\u6211\u5df2\u770b\u4e86\u4e8c\u5341\u591a\u904d\uff0c\u56e0\u70ba\u83c7\u59b9\u592a\u771f\u4e86\uff01"
        },
        {
            "reply_id": "UgytD6nEyD5zq-fYSkx4AaABAg",
            "reply_content": "\u91d1\u91dd\u83c7\u8b80\u5927\u5b78\u7562\u696d\u4e86\ud83d\udc4d\ud83c\udffb"
        },
        {
            "reply_id": "UgwDkHhWorDvQRvo_Cx4AaABAg",
            "reply_content": "\u91d1\u91dd\u83c7\u8003\u99d5\u7167\u6a5f\u8eca\u7dca\u5f35\ud83d\udc4d\ud83c\udffb"
        },
        {
            "reply_id": "UgzdTNVP0A3wedwUSuF4AaABAg",
            "reply_content": "\u91d1\u91dd\u83c7\u8003\u99d5\u7167\u6a5f\u8eca\u8003\u4e0a\u4e86\u606d\u559c\u4f60\ud83d\udc4d\ud83c\udffb"
        },
        {
            "reply_id": "UgzuXkkAmt_fEufQq1l4AaABAg",
            "reply_content": "\u5e25\u5594\uff0c\u8ddf\u4e0a\u9177\u4e86\u5594"
        },
        {
            "reply_id": "UgxScjuw-Rvz3CxNYlp4AaABAg",
            "reply_content": "\u5c0f\u9ec3\u5c4b\u770b\u5230\u73fe\u5728\uff0c\u932f\u904e\u767e\u842c\u76f4\u64ad\uff0c\u606d\u559c\u767e\u842c\u7c89\u7d72\uff0c\u7e7c\u7e8c\u52aa\u529b\u4e0b\u53bb\u3002"
        },
        {
            "reply_id": "UgzdFisOyd83Ynrm9yt4AaABAg",
            "reply_content": "\u52a0\u6cb9\u52a0\u6cb9\u52a0\u6cb9"
        },
        {
            "reply_id": "UgwfiH9VhZR7s1gDGeF4AaABAg",
            "reply_content": "\u59b3\u7684\u7247\u90fd\u770b\u5b8c\u4e86 \u73fe\u5728\u90fd\u8dd1\u6797\u5ba3\u90a3\u770b\u6709\u59b3\u7684\u7247"
        },
        {
            "reply_id": "UgwUmPOE8wdb47UirtF4AaABAg",
            "reply_content": "\u5f88\u6b63\u80fd\u91cf\u7684\u59b9\u59b9\uff0c\u652f\u6301\u59b3\uff0c\u770b\u4f60\u7684\u5f71\u7247\u5f88\u7642\u7652"
        }
    ]
}