{
    "video_info": {
        "id": "Xsm6G60Z8lY",
        "channelTitle": "\u97d3\u52fe\u311f\u91d1\u91dd\u83c7 \ucc10\uca50\uafb8",
        "title": "\u5e6b\u89aa\u5f1f\u5f1f\u6539\u9020\u300c4\u576a\u96c5\u623f\u300d\ud83d\udea7\u6253\u9020IG\u98a8\u5922\u5e7b\u7a7a\u9593\u2728\u8d85\u7d1a\u597d\u59d0\u59d0\u6311\u6230.\u2026\u2026\uff5c\u97d3\u52fe\u311f\u91d1\u91dd\u83c7 \ucc10\uca50\uafb8",
        "description": "#\u6539\u9020\u5f1f\u5f1f\u623f\u9593 \uff01\u7b97\u6210\u529f\u55ce\ud83d\ude02\ud83d\ude02\n\u7576 #\u8d85\u7d1a\u597d\u59d0\u59d0 \u771f\u96e3\u2026.\u4e0d\u904e\n\u5e0c\u671b\u4ed6\u5728\u9019\u88e1\u904e\u5f97\u958b\u5fc3 \u7559\u4e0b\u7f8e\u597d\u7684\u56de\u61b6\uff01\ud83d\udc95\ud83d\udc95\n\n\u5f71\u7247\u4e2d\u63d0\u5230\u7684\u5b89\u5fc3\u9000\uff0c\u662f\u8766\u76ae\u4eca\u5e74\u5347\u7d1a\u7684\u5168\u7ad9\u9000\u8ca8\u670d\u52d9\uff1a\n1. \u64cd\u4f5c\u7c21\u55ae\uff0c\u4e00\u9375\u5373\u53ef\u7533\u8acb\u9000\u8ca8\n2. \u5c08\u4eba\u670d\u52d9\u8655\u7406\uff0c\u7701\u4e0b\u4f86\u56de\u6e9d\u901a\u6642\u9593\n3. \u81ea\u7531\u9078\u64c7\u9000\u8ca8\u7269\u6d41\uff0cApp\u5167\u53ef\u96a8\u6642\u638c\u63e1\u9000\u8ca8\u72c0\u614b\n\u6709\u4e86\u5b8c\u5584\u7684\u9000\u8ca8\u670d\u52d9\uff0c\u8b93\u5927\u5bb6\u4e5f\u8cb7\u5f97\u653e\u5fc3\uff01 \n\n*\u670d\u52d9\u7d30\u7bc0\u4f9d\u8ce3\u5bb6\u8a2d\u5b9a\u6709\u6240\u4e0d\u540c\uff0c\u8a73\u60c5\u8acb\u53c3\u8003\u8766\u76ae\u5e6b\u52a9\u4e2d\u5fc3\n*\u6eab\u99a8\u63d0\u9192\u82e5\u6feb\u7528\u5b89\u5fc3\u9000\u670d\u52d9\u6050\u6703\u5f71\u97ff\u6d88\u8cbb\u6b0a\u76ca\uff0c\u56b4\u91cd\u8005\u53ef\u80fd\u9762\u81e8\u5e33\u865f\u505c\u6b0a\u8655\u5206\n\n\u73fe\u5728\u6709\u3010\u8766\u76ae9.9\u8d85\u7d1a\u8cfc\u7269\u7bc0\u3011\n\ud83d\udd14\u5168\u7ad9$0\u8d77\u514d\u904b\n\ud83d\udd14\u5168\u7ad985\u6298\n\ud83d\udd14\u62bd\u767e\u842c\u6c7d\u8eca\u79ae\u5305\n\n\u7d30\u7bc0\u53ef\u4ee5\u770b\u770b\u9019\u500b\u9023\u7d50\uff5e\nhttps://sho.pe/4ewgbh\n\n\u83c7\u7c89\u5c08\u5c6c\u512a\u60e0\u78bc\u3010SUPER99GGUKIM\u3011\n\u5168\u7ad9\u6eff$299\u6298$30\uff0c\u4f7f\u7528\u671f\u9650\u52309/9 23:59\n\n #\u8766\u76ae99\u8d85\u7d1a\u8cfc\u7269\u7bc0 #\u8766\u76ae\u5b89\u5fc3\u9000 #\u9000\u8ca8\u76f4\u63a5\u627e\u8766\u76ae\n\n\u5e0c\u671b\u4f60\u5011\u559c\u6b61\u9019\u90e8\u5f71\u7247\n\u559c\u6b61\u5e6b\u6211\u8a02\u95b1\u6309\u8b9a\u5206\u4eab \u8a18\u5f97\u958b\u555f\u5c0f\u9234\u943a\u6536\u53d6\u65b0\u7247\u901a\u77e5\u5594\uff01\n\n\uff3f\uff3f\uff3f\uff3f\uff3f\uff3f\uff3f\uff3f\uff3f\uff3f\uff3f\uff3f\uff3f\uff3f\uff3f\uff3f\uff3f\uff3f\uff3f\uff3f\uff3f\n\n\u2b50\ufe0f\u91d1\u91dd\u83c7\u7684\u97d3\u570b\u7f8e\u98df\u54c1\u724c\uff1ahttps://www.kimkfoods.com\n\u2b50\ufe0f\u91d1\u5bb6\u311f\u5e03\u5e33\u99ac\u8eca\uff1ahttps://www.facebook.com/groups/2297603990535075/\n\u2b50\ufe0f\u91d1\u91dd\u83c7\u7684\u7c89\u5c08: https://www.facebook.com/Koreajinzhengu/\n\u2b50\ufe0f\u91d1\u91dd\u83c7\u7684IG: https://www.instagram.com/ggu__kim/\n\u2b50\ufe0f\u5408\u4f5c\u9080\u7d04\u8acb\u6d3dPressPlay\uff1ajinyoungkim@pressplay.cc\n\n\uff3f\uff3f\uff3f\uff3f\uff3f\uff3f\uff3f\uff3f\uff3f\uff3f\uff3f\uff3f\uff3f\uff3f\uff3f\uff3f\uff3f\uff3f\uff3f\uff3f\uff3f",
        "likeCount": "23791",
        "commentCount": "785",
        "viewCount": "799684"
    },
    "comments": [
        {
            "reply_id": "Ugz2oyTNSJfxU9cP2BN4AaABAg",
            "reply_content": "\u83c7\u83c7\u7684\u8eab\u6750\u4e5f\u592a\u597d"
        },
        {
            "reply_id": "UgxZnennDt1IahexUuZ4AaABAg",
            "reply_content": "\u83c7\u5f1f\u5f48\u7434\u5f88\u8b9a\u5462\uff01"
        },
        {
            "reply_id": "Ugy63mXoAo1mdlbhBd14AaABAg",
            "reply_content": "\u8d85\u6210\u529f\uff01\u597d\u6709\u611b\u7684\u59ca\u59ca\u2764"
        },
        {
            "reply_id": "UgzMQlm7V3Mx3L195pV4AaABAg",
            "reply_content": "\u600e\u9ebc\u4f60\u6703\u8aaa\u662f\u4e09\u59ca\u5f1f!? \u4f60\u4e0d\u662f\u9084\u6709\u4e00\u4f4d\u59ca\u59ca\u55ce? \u8a18\u5f97\u4f60\u66fe\u7d93\u767c\u904e\u4f60\u59ca\u59ca\u4f86\u53f0\u7063\u73a9\u7684\u77ed\u7247\u54e9\u3002"
        },
        {
            "reply_id": "UgwE-LMdSSVt-dpM09N4AaABAg",
            "reply_content": "\u6b50\u5df4\u597d\u5e25\u2764"
        },
        {
            "reply_id": "Ugxb_lCtaxbM0jJ1rMl4AaABAg",
            "reply_content": "\u5f1f\u5f1f\u5927\u5b78\u52691\u5e74\uff0c\u88dd\u4fee\u4e0d\u5212\u7b97\u5566\ud83d\ude02\u4ee5\u5f8c\u9577\u671f\u4f4f\u518d\u88dd\u6f62\u3002\n\u5f1f\u5f1f\u4e5f\u5538\u53f0\u5927\u55ce\uff1f\u4e00\u5bb6\u90fd\u597d\u731b\u3002"
        },
        {
            "reply_id": "UgxhNpBA3hwbvTneBNx4AaABAg",
            "reply_content": "\u91d1\u5bb6\u5c0f\u5b69\u90fd\u5f88\u6709\u624d\u83ef\u5462XD"
        },
        {
            "reply_id": "Ugxu0m0QtMOiEcSimVR4AaABAg",
            "reply_content": "\u5f1f\u5f1f\u770b\u773c\u775b\u5f88\u50cf\u674e\u5230\u54ef\u8036\ud83d\ude04"
        },
        {
            "reply_id": "Ugy6sfHq4WlxH83wpmt4AaABAg",
            "reply_content": "\u93e1\u5b50\u7167\u5e8a\u6703\u7761\u4e0d\u597d\u7684\u3002\u8981\u7528\u539a\u5e03\u84cb\u4f4f\u54e6"
        },
        {
            "reply_id": "UgwRFLH8uYtn1mnd_Al4AaABAg",
            "reply_content": "\u5f1f\u5f1f\u5f48\u7684\u597d\u597d\u807d\u5594\uff01\u59d0\u59d0\u597d\u53b2\u5bb3\u54e6"
        },
        {
            "reply_id": "UgydE1OYHlUUS7vhOw54AaABAg",
            "reply_content": "\u592a\u592a\u592a\u597d\u7684\u59d0\u59d0\u5566"
        },
        {
            "reply_id": "UgzbK5Lj5pg2oiyyB054AaABAg",
            "reply_content": "\u91d1\u91dd\u83c7\u662f\u500b\u5b5d\u9806\u5973\u5152\uff0c\u4e5f\u662f\u4e00\u4f4d\u5f88\u68d2\u7684\u59ca\u59ca\uff0c\u770b\u5979\u8ddf\u5bb6\u4eba\u670b\u53cb\u7684\u4e92\u52d5\u5c31\u53ef\u5f97\u77e5\ud83d\udc9e"
        },
        {
            "reply_id": "UgwZ5ndMf9X_1hiB56x4AaABAg",
            "reply_content": "\u5f1f\u5f1f\u4e2d\u6587\u8bf4\u5f97\u5f88\u6e9c\uff0c\u542c\u4e0d\u51fa\u662f\u97e9\u56fd\u4eba\u3002"
        },
        {
            "reply_id": "UgwCk4aeFxvwLPHbG6d4AaABAg",
            "reply_content": "\u97d3\u6587\u88e1\u53c3\u96dc\u8457\u6539\u9020\u5169\u500b\u5b57\u6211\u76f4\u63a5\u7b11\u51fa\u4f86\u54c8\u54c8\u54c8\u592a\u53ef\u611b\u4e86\n\u800c\u4e14\u5f1f\u5f1f\u8b1b\u4e2d\u6587  \u300c\u9019\u500b\u7b97\u591a\u7684\u9912\u300d\u597d\u50cf\u53f0\u7063\u4eba"
        },
        {
            "reply_id": "Ugy-NaDylOup6rJSjkN4AaABAg",
            "reply_content": "\u684c\u5b50\u8ddf\u684c\u5b50\u7684\u90a3\u5e7e\u500b\u8173\u53ef\u4ee5\u6539\u6210\u7528\u5b9c\u5bb6\u7684\u62bd\u5c5c\u6ac3\u53ef\u4ee5\u589e\u52a0\u6536\u7d0d\u7a7a\u9593\u5594\uff01"
        },
        {
            "reply_id": "UgxJ-nVC6wHep2bVsj54AaABAg",
            "reply_content": "\u54c8\u54c8\u54c8\u54c8\u54c8\uff0c\u9580\u70ba\u4ec0\u9ebc\u53ea\u6709\u6f06\u4e00\u534a\uff1f\u91d1\u91dd\u83c7\u771f\u7684\u5c0d\u5f1f\u5f1f\u597d\u597d\u5594\uff5e\u8b9a\u8b9a"
        },
        {
            "reply_id": "UgxhRFYhZU1L1ZV9MBp4AaABAg",
            "reply_content": "\u89ba\u5f97\u91d1\u91dd\u83c7\u5f1f\u5f1f\u8b1b\u8a71\u7684\u8154\u8abf\u6bd4\u8f03\u9806\ud83d\udc4d"
        },
        {
            "reply_id": "UgxYA00SP2JOggh8wxp4AaABAg",
            "reply_content": "\u8acb\u554f\u9019\u500b\u7121\u80cc\u677f\u683c\u5b50\u8cb4\u662f\u5728\u54ea\u88e1\u8cb7\u7684\uff1f \u6709\u9023\u7d50\u55ce\uff1f\u611f\u6069"
        },
        {
            "reply_id": "UgxfYNIDnTyyV2AcwHd4AaABAg",
            "reply_content": "\u83c7\u5f1f\u8b1b\u8a71\u597d\u53ef\u611b"
        },
        {
            "reply_id": "UgzQinEh7bPe87YjEzh4AaABAg",
            "reply_content": "\u9019\u662f\u79df\u623f \u623f\u6771\u5141\u8a31\u6f06\u9580\u548c\u8cbc\u5730\u677f?\ud83e\udd14"
        }
    ]
}