{
    "video_info": {
        "id": "XVWJL-quG7Q",
        "channelTitle": "\u97d3\u52fe\u311f\u91d1\u91dd\u83c7 \ucc10\uca50\uafb8",
        "title": "\u6211\u56de\u97d3\u570b\u4e86\ud83d\ude2d\u9593\u9694\u5169\u5e74\u7d42\u65bc\u548c\u5bb6\u4eba\u76f8\u9022\uff01\u8d85\u5d29\u6f70\u7684\u9694\u96e2start \ud83d\udd25\u3010\u56de\u97d3\u570b\u7cfb\u5217\ud83c\uddf0\ud83c\uddf71\u3011\uff5c\u97d3\u52fe\u311f\u91d1\u91dd\u83c7 \ucc10\uca50\uafb8",
        "description": "\u6211\u56de\u97d3\u570b\u904e\u5e74\u5566\ud83e\udd7a\uff01\n\uff08\u5df2\u9694\u96e2\u5b8c\uff0c\u5dee\u9ede\u760b\u6389\uff09\n\u9593\u96942\u5e74\u898b\u5230\u5bb6\u4eba\n\u597d\u958b\u5fc3\uff01\n\u5728\u97d3\u570b\u7684\u671f\u9593\u591a\u591a\u966a\u5bb6\u4eba\n\u5403\u597d\u6599\n\u5403\u98fd\u98fd\n\u4e45\u9055\u7576\u5abd\u5bf6\u518d\u56de\u53f0\u7063\ud83e\udd70\u2708\ufe0f\u2728\n\n7\u9ede\u6703\u4e0a\u9694\u96e2\u5f71\u7247\n\u8ab0\u8aaa\u9694\u96e2\u5f88\u7c21\u55ae\u22ef\u22ef\n\u8a18\u5f97\u4f86\u770b\ud83e\udd23\ud83e\udd23\ud83e\udd72\n\n#\u91d1\u91dd\u83c7 #\u65b0\u5e74\u5feb\u6a02 #\u904e\u5e74\u5728\u97d3\u570b\n#\u83c7\u311f\u97d3\u570b\u904a\uff08\uff1f\uff09 #\u9694\u96e2\u7cfbyoutuber \n\n\u5e0c\u671b\u4f60\u5011\u559c\u6b61\u9019\u90e8\u5f71\u7247\n\u559c\u6b61\u5e6b\u6211\u8a02\u95b1\u6309\u8b9a\u5206\u4eab \u8a18\u5f97\u958b\u555f\u5c0f\u9234\u943a\u6536\u53d6\u65b0\u7247\u901a\u77e5\u5594\uff01\n\n\uff3f\uff3f\uff3f\uff3f\uff3f\uff3f\uff3f\uff3f\uff3f\uff3f\uff3f\uff3f\uff3f\uff3f\uff3f\uff3f\uff3f\uff3f\uff3f\uff3f\uff3f\n\n\u2b50\ufe0f\u91d1\u5bb6\u311f\u5e03\u5e33\u99ac\u8eca\uff1ahttps://www.facebook.com/groups/2297603990535075/\n\u2b50\ufe0f\u91d1\u91dd\u83c7\u7684\u7c89\u5c08: https://www.facebook.com/Koreajinzhengu/\n\u2b50\ufe0f\u91d1\u91dd\u83c7\u7684IG: https://www.instagram.com/ggu__kim/\n\u2b50\ufe0f\u5408\u4f5c\u9080\u7d04\u8acb\u6d3dPressPlay\uff1ajinyoungkim@pressplay.cc\n\n\uff3f\uff3f\uff3f\uff3f\uff3f\uff3f\uff3f\uff3f\uff3f\uff3f\uff3f\uff3f\uff3f\uff3f\uff3f\uff3f\uff3f\uff3f\uff3f\uff3f\uff3f",
        "likeCount": "45608",
        "commentCount": "2132",
        "viewCount": "1902130"
    },
    "comments": [
        {
            "reply_id": "UgymeilPwmsbC5iDKD54AaABAg",
            "reply_content": "\u9019\u56de\u6211\u53bb\u97d3\u570b\u5927\u90b1\u4e03\u5929\u516d\u591c\u4e4b\u65c5\u767c\u73fe\u5f88\u4e0d\u6109\u5feb\u7684\u4e8b\u60c5\uff0c\u56e0\u70ba\u6211\u5011\u5f9e\u8eca\u7ad9\u8981\u642d\u5230\u98ef\u5e97\u537b\u78b0\u5230\u5f88\u53ef\u6015\u7684\u4e8b\u60c5\uff0c\u6211\u5011\u628a\u5730\u5740\u7d66\u53f8\u6a5f\u7d50\u679c\u537b\u88ab\u5728\u5f80\u4e00\u500b\u4e0d\u77e5\u9053\u7684\u5730\u65b9\u975e\u5e38\u5371\u96aa\uff0c\u8b93\u6211\u8ddf\u6211\u8001\u5a46\u611f\u523010\u5206\u5bb3\u6015\u6211\u5011\u7528\u76e1\u5404\u7a2e\u65b9\u5f0f\u8acb\u53f8\u6a5f\u505c\u8eca\u4ed6\u6839\u672c\u4e0d\u7406\u6703\uff0c\u5e0c\u671b\u6240\u6709\u7684\u97d3\u570b\u4eba\u90fd\u662f\u5f88\u5584\u826f\u7684\uff0c\u4e0d\u8981\u518d\u8b93\u6211\u5011\u7522\u751f\u6050\u61fc!\u4e5f\u5e0c\u671b\u85c9\u7531\u4f60\u7684\u983b\u9053\u53bb\u50b3\u9054\u9047\u5230\u7dca\u6025\u72c0\u6cc1\u8a72\u5982\u4f55\u8655\u7406\u597d\u55ce\uff1f\u8b1d\u8b1d\u4f60\u6211\u5011\u90fd\u4e00\u76f4\u5f88\u652f\u6301\u4f60\u3002\ud83d\ude02\ud83d\ude02"
        },
        {
            "reply_id": "Ugyj8nkAyTy_ABTVHox4AaABAg",
            "reply_content": ""
        },
        {
            "reply_id": "UgxdpwVeu-eFTp7LOJx4AaABAg",
            "reply_content": "\u91d1\u91dd\u83c7\u5f88\u53ef\u611b\uff01\u770b\u5230\u5bb6\u4eba\u5011\u771f\u7684\u597d\u611f\u52d5\u2764\u4e0d\u77e5\u9053\u6709\u4eba\u8ddf\u6211\u611f\u89ba\u4e00\u6a23\u55ce\uff1f\uff01\u611f\u89ba\u91d1\u91dd\u83c7\u5f88\u50cf\u85dd\u4eba\u6734\u4fe1\u60e0\ud83d\ude0a"
        },
        {
            "reply_id": "Ugw4Wf-8E5R3n5GYlkh4AaABAg",
            "reply_content": "\u771f\u7684\u662f\u53ea\u6709\u5abd\u5abd\u716e\u7684\u6599\u7406\u662f\u4e16\u754c\u4e0a\u6700\u597d\u5403\u7684\u98df\u7269\u4e86\ud83d\ude0d\ud83d\ude0d\ud83d\ude0d"
        },
        {
            "reply_id": "UgxteF7F-5h9t7XLT8V4AaABAg",
            "reply_content": "\u83c7\u7238\u5abd\u90fd\u8d85\u53ef\u611b\uff01\u7238\u7238\u7adf\u7136\u6703\u5c0f\u8dd1\u6b65\u7d66\u5973\u5152\u570d\u570d\u5dfe\uff0c\u7562\u7adf\u662f\u552f\u4e00\u7684\u5973\u5152\u3002\u83c7\u5abd\u8ddf\u6211\u5abd\u4e00\u6a23\u8d85\u6703\u716e\uff0c\u6211\u5c31\u5ee2\ud83d\ude2d\n\u8ddf\u5bb6\u4eba\u9694\u8457\u4e00\u6247\u9580\u771f\u7684\u5bc2\u5bde\uff0c\u4e00\u822c\u90fd\u5403\u665a\u9910\u804a\u5929\u7684\u3002"
        },
        {
            "reply_id": "UgwzLl-woW6fZIevszB4AaABAg",
            "reply_content": "\u88ab\u96ea\u6253\u5230\u7684\u756b\u9762\u6211\u5927\u7b11\u4e86\ud83d\ude02"
        },
        {
            "reply_id": "UgzI_tRIpeGIQ6oHyER4AaABAg",
            "reply_content": "\u597d\u6eab\u99a8\u7684\u5bb6\u5ead\uff01\ud83d\udc4d\uff01\u5f88\u559c\u6b61\u770b\u59b3\u62cd\u8207\u5bb6\u4eba\u4e92\u52d5\u6eab\u99a8\u7684\u5f71\u7247\uff01\u5f88\u68d2\u5bb6\u5ead\uff01"
        },
        {
            "reply_id": "UgxvGmWcosK0OChUmt14AaABAg",
            "reply_content": "\u671f\u5f85\u83c7\u518d\u4e0a\u50b3\u5fc3\u7684\u4e00\u96c6"
        },
        {
            "reply_id": "UgxtdQ_n_dBARjnFrtt4AaABAg",
            "reply_content": "\u8d85\u611f\u52d5\u7684\u60c5\u666f\uff01"
        },
        {
            "reply_id": "Ugy9ffNx00SLa3lh6O94AaABAg",
            "reply_content": "\u4e8b\u9694\u4e00\u9663\u5b50 \u5341\u5929\u6839\u672c\u4e0d\u79d1\u5b78 \u54c8\u54c8\u54c8"
        },
        {
            "reply_id": "UgxTLXw5GG5RHxwCY194AaABAg",
            "reply_content": "\u770b\u59b3\u5403\u7684\u723d\u7f8e\u7684"
        },
        {
            "reply_id": "Ugxryzp1CbtMfnGHye54AaABAg",
            "reply_content": "\u9047\u898b\u5bb6\u4eba\u9ad8\u8208\u5427\uff01\u770b\u59b3\u7b11\u7684"
        },
        {
            "reply_id": "Ugxd5cUNTflkp0Bfyyp4AaABAg",
            "reply_content": "\u6211\u770b\u91d1\u91dd\u83c7\u5403\u829d\u9ebb\u8449 \u5c31\u8b93\u6211\u60f3\u5230\u5728\u53f0\u7063\u6211\u7238\u4ee5\u524d\u82b1\u53eb\u6211\u5403\u5de6\u624b\u9999 \u9084\u6709\u8ddf\u53f0\u7063\u7684\u5305\u8449\u6ab3\u6994\u4e00\u6a23"
        },
        {
            "reply_id": "UgxBO72B2dEijWkZiJt4AaABAg",
            "reply_content": "\u4e0d\u7ba1\u5e7e\u6b72\u5728\u7236\u6bcd\u773c\u88e1\u6c38\u9060\u662f\u5c0f\u5b69\uff0c\u628a\u6700\u597d\u7684\u6c38\u9060\u7559\u7d66\u5c0f\u5b69\u5b50\u5403\u2764\n\u5341\u5929\u9084\u597d\u5427\uff0c\u7d50\u679c\u7b2c\u4e09\u5929\u5c31\u4e0d\u884c\u4e86\uff0c\u592a\u597d\u7b11\u4e86"
        },
        {
            "reply_id": "UgwN8Oijp5Rk5cfQQZ14AaABAg",
            "reply_content": "\u6211\u91d1\u8a98\u4eba\u6703\u5728\u5408\u9ad4\uff1f\ud83d\ude0a"
        },
        {
            "reply_id": "Ugyrkw3w2_Uwot5iK0B4AaABAg",
            "reply_content": "\u623f\u88e1\u597d\u591a\u66f8"
        },
        {
            "reply_id": "Ugxj-YXxjfYwmm0Lgih4AaABAg",
            "reply_content": "\u4eca\u5929\u7a81\u7136\u770b\u5230\u59b3\u7684\u7bc0\u76ee\uff0c\u597d\u559c\u6b61\u59b3\u5594\uff01 \u4e5f\u89ba\u5f97\u59b3\u9577\u5f97\u5f88\u50cf\u6734\u4fe1\u60e0\uff0c\u6734\u4fe1\u60e0\u4e5f\u662f\u6211\u7684\u5973\u795e\u8036\uff01\u795d\u59b3\u5f88\u5929\u5929\u90fd\u5f88\u958b\u5fc3\u6109\u5feb \u55b2\uff01"
        },
        {
            "reply_id": "UgwaAgxhKxV488u5nXx4AaABAg",
            "reply_content": "\u60f3\u53bb\u97d3\u570b\u73a9"
        },
        {
            "reply_id": "Ugwmtyb85JPoeCns9Vt4AaABAg",
            "reply_content": "\u54c7\uff5e\u6d41\u53e3\u6c34\u4e86"
        },
        {
            "reply_id": "Ugx6WCSsqejZG24IL_d4AaABAg",
            "reply_content": "\u97d3\u570b\u653f\u5e9c\u771f\u7684\u6eff\u81ea\u52d5\u5316\u7684\uff0c\u53f0\u7063\u9694\u96e214\u5929\u771f\u7684\u662f\u91cc\u9577\u5929\u5929\u8eac\u89aa\u4f86\u96fb\u95dc\u5fc3\uff0c\u4e14\u90fd\u5f88\u6e96\u6642"
        }
    ]
}