{
    "video_info": {
        "id": "YVnpJm-htgs",
        "channelTitle": "\u97d3\u52fe\u311f\u91d1\u91dd\u83c7 \ucc10\uca50\uafb8",
        "title": "\u5feb\u958372hr\u56de\u97d3\u570b\uff01\u6bd4\u97d3\u5287REAL\u7684\u97d3\u570b\u5bb6\u5ead\u771f\u5be6\u6a23\u8c8c\u516c\u958b\ud83d\ude02\ud83d\ude02\uff5c\u97d3\u52fe\u311f\u91d1\u91dd\u83c7 \ucc10\uca50\uafb8",
        "description": "#\u56de\u97d3\u570b\u7cfb\u5217 #\u97d3\u570b\u5bb6\u5ead \n\u53ef\u60dc\u9019\u6b21\u662f\u5feb\u9583\uff5e\u4e0b\u6b21\u6211\u6703\u518d\u591a\u5f85\u4e00\u9ede\n\u591a\u62cd\u97d3\u570b\u7684\u5f71\u7247\u7d66\u5927\u5bb6\u770b\u54c8\u54c8\u54c8\u54c8\n\u5f71\u7247\u4e2d\u63d0\u5230\u7684\u570b\u6cf0\u4e16\u83efCUBE App\u771f\u7684\u662f\u597d\u7528\n\u771f\u5fc3\u63a8\u85a6\u7d66\u5927\u5bb6\uff5e\uff01\uff01\u6709\u8208\u8da3\u53ef\u4ee5\u4e86\u89e3\u770b\u770b\u5594\uff01\n \nCUBE App\n\ud83d\udccchttps://reurl.cc/qZ1pMy\n \n\u5230\u5e74\u5e95\u524d\u9054\u6210\u6307\u5b9a\u4efb\u52d9\uff0c\u6bcf\u6708\u53ef\u4eab\u7f8e\u91d1\u3001\u65e5\u5e63\u6e1b\u78bc\u512a\u60e0\uff01\n(\u7f8e\u5143-3.8\u5206\u548c\u65e5\u5e63-0.15\u5206\u5404\u4e00\u6b21)\n\u8a73\u7d30\u6d3b\u52d5\u8acb\u67e5\u8a62\u5b98\u7db2\uff1ahttps://www.cathaybk.com.tw/cathaybk/campaign/ebanking/mmbfxevent/\n \n#\u570b\u6cf0\u4e16\u83efCUBEApp #\u672c\u6587\u4fc2\u7531\u570b\u6cf0\u4e16\u83ef\u9080\u7a3f#\u8b39\u614e\u7406\u8ca1\u4fe1\u7528\u81f3\u4e0a\n\u8b49\u5238\u670d\u52d9\u7531\u570b\u6cf0\u7d9c\u5408\u8b49\u5238\u63d0\u4f9b\uff0c\u570b\u6cf0\u4e16\u83efCUBE App\u662f\u7531\u570b\u6cf0\u4e16\u83ef\u9280\u884c\u5efa\u7f6e\n\n\u5e0c\u671b\u4f60\u5011\u559c\u6b61\u9019\u90e8\u5f71\u7247\n\u559c\u6b61\u5e6b\u6211\u8a02\u95b1\u6309\u8b9a\u5206\u4eab \u8a18\u5f97\u958b\u555f\u5c0f\u9234\u943a\u6536\u53d6\u65b0\u7247\u901a\u77e5\u5594\uff01\n\n\uff3f\uff3f\uff3f\uff3f\uff3f\uff3f\uff3f\uff3f\uff3f\uff3f\uff3f\uff3f\uff3f\uff3f\uff3f\uff3f\uff3f\uff3f\uff3f\uff3f\uff3f\n\n\u2b50\ufe0f\u91d1\u91dd\u83c7\u7684\u97d3\u570b\u7f8e\u98df\u54c1\u724c\uff1ahttps://www.kimkfoods.com\n\u2b50\ufe0f\u91d1\u5bb6\u311f\u5e03\u5e33\u99ac\u8eca\uff1ahttps://www.facebook.com/groups/2297603990535075/\n\u2b50\ufe0f\u91d1\u91dd\u83c7\u7684\u7c89\u5c08: https://www.facebook.com/Koreajinzhengu/\n\u2b50\ufe0f\u91d1\u91dd\u83c7\u7684IG: https://www.instagram.com/ggu__kim/\n\u2b50\ufe0f\u5408\u4f5c\u9080\u7d04\u8acb\u6d3dPressPlay\uff1ajinyoungkim@pressplay.cc\n\n\uff3f\uff3f\uff3f\uff3f\uff3f\uff3f\uff3f\uff3f\uff3f\uff3f\uff3f\uff3f\uff3f\uff3f\uff3f\uff3f\uff3f\uff3f\uff3f\uff3f\uff3f",
        "likeCount": "23518",
        "commentCount": "601",
        "viewCount": "1182360"
    },
    "comments": [
        {
            "reply_id": "UgzBmKp6zeI0Rnfoqx14AaABAg",
            "reply_content": "\u91d1\u91dd\u83c7\u5bb6\u7684\u8eca\u662f\u7d14\u96fb\u6c7d\u8eca\u55ce?"
        },
        {
            "reply_id": "UgzU2Nu7wYEcgk7-ZIp4AaABAg",
            "reply_content": "\u91d1\u91dd\u83c7\u6709\u7a7a\u5c31\u56de\u97d3\u570b\u9577\u4f4f\u966a\u4f34\u7236\u6bcd"
        },
        {
            "reply_id": "Ugz7fzocLEswWHBSkkh4AaABAg",
            "reply_content": "\u600e\u9ebc\u8fa6\uff0c\u6700\u8fd1\u8001\u662f\u5e38\u4e0d\u65b7\u770b\u91d1\u91dd\u83c7\uff0c\u770b\u904e\u7684\u518d\u91cd\u770b\uff0c\u600e\u9ebc\u8fa6\uff0c\u6211\u8981\u91d1\u91dd\u83c7\u4e2d\u6bd2\u4e86\u55ce\uff1f"
        },
        {
            "reply_id": "UgzDFpBtbKrkpju1VtF4AaABAg",
            "reply_content": "\u539f\u4f86\u83c7\u4e5f\u6709\u7b11\u6b7b\u9019\u500b\u53e3\u982d\u79aa"
        },
        {
            "reply_id": "UgxQfayks_AHP183SP14AaABAg",
            "reply_content": "\u8d85\u559c\u6b61\u770b\u4f60\u8ddf\u5bb6\u4eba\u7684\u5f71\u7247\uff0c\u6bcf\u6b21\u770b\u5fc3\u90fd\u6696\u6696\u7684\uff0c\u5f88\u6709\u611b\u7684\u4e00\u500b\u5bb6\u2764"
        },
        {
            "reply_id": "UgwtHlcgfJz2yP6sTf14AaABAg",
            "reply_content": "\u770b\u5230\u6700\u5f8c\u773c\u6dda\u4e0d\u81ea\u89ba\u6d41\u4e0b\u4f86\u4e86\ud83d\ude22\n\u83c7\u83c7\u5f88\u8a8d\u771f\u548c\u7528\u5fc3\u5728\u5de5\u4f5c\uff5e\n\u975e\u5e38\u652f\u6301\u83c7\u83c7\uff01\u52aa\u529b\u627e\u6642\u9593\u548c\u7236\u6bcd\u4e00\u8d77\u5ea6\u904e\u751f\u6d3b \u771f\u7684\u5f88\u5e78\u798f\u2764"
        },
        {
            "reply_id": "UgyTGGUg2kQi8VBNkJR4AaABAg",
            "reply_content": "\u662f\u4f86\u904e\u53f0\u7063\u7684\u6f02\u4eae\u8868\u59d0\uff5e"
        },
        {
            "reply_id": "UgwKxiQGKAqMQ0Qct3d4AaABAg",
            "reply_content": "\u60f3\u770b\u7fbd\u7403\u968a\u4e00\u8d77\u53bb\u91d1\u91dd\u83c7\u5bb6\u73a9\ud83d\ude02"
        },
        {
            "reply_id": "UgywymfUR9NGXkgTGF14AaABAg",
            "reply_content": "\u91d1\u91dd\u83c7\u80fd\u8ddf\u59b3\u56de\u97d3\u570b\u55ce\uff1f\u5c31\u662f\u8ddf\u8457\u59b3\u56de\u53bb\u627e\u83c7\u7238\u83c7\u5abd\u653e\u5047\uff0c\u8ddf\u4f60\u5011\u53bb\u79c1\u623f\u666f\u9ede\uff0c\u9019\u6a23\u8d85\u8b9a\u7684\u3002\u53c8\u80fd\u8b93\u91d1\u91dd\u83c7\uff0c\u884c\u65c5\u904a\u4e4b\u5be6\uff0c\u8ddf\u7238\u5abd\u76f8\u8655\u4e09\u56db\u5929\u3002\u8d85\u8b9a"
        },
        {
            "reply_id": "UgxtLC062pwBVR6Lqwl4AaABAg",
            "reply_content": "\u4e00\u5bb6\u4eba\u90fd\u597d\u6d3b\u6f51\u53ef\u611b"
        },
        {
            "reply_id": "Ugyw0_XPWbR7T8bXEL14AaABAg",
            "reply_content": "\u91d1\u91dd\u83c7\u7b77\u5b50\u600e\u9ebc\u6c92\u6709\u7528\u97d3\u570b\u7684\u6241\u7b77\ud83d\ude02"
        },
        {
            "reply_id": "UgwXDISGW5Ml3nPao6N4AaABAg",
            "reply_content": "\u83c7\u83c7\u6709\u6a5f\u6703\u4e5f\u53ef\u4ee5\u4ecb\u7d39\u97d3\u570b\u5404\u5730\u7d66\u6211\u5011\uff5e"
        },
        {
            "reply_id": "Ugy744GVF99_NImK6r54AaABAg",
            "reply_content": "\u83c7\u83c7\u53ef\u4ee5\u8a08\u5283\u56de\u97d3\u570b\u62cd\u7247\uff0c\u4ecb\u7d39\u97d3\u570b\u5440\uff01\u91cd\u9ede\u6709\u4e2d\u6587\u5b57\u5e55\u53ef\u4ee5\u770b"
        },
        {
            "reply_id": "Ugzi44Dqz86X-K-yIbN4AaABAg",
            "reply_content": "\u597d\u53ef\u611b\u7684\u5973\u5b69"
        },
        {
            "reply_id": "Ugxou3Q_EwkQFjomSQV4AaABAg",
            "reply_content": "\u597d\u559c\u6b61\u5403\u97d3\u570b\u62cc\u98ef"
        },
        {
            "reply_id": "UgyhSeRQIjqkSeh6-JZ4AaABAg",
            "reply_content": "\u570b\u6cf0\u4ed6\u5abd\u8d85\u721b"
        },
        {
            "reply_id": "Ugzs0i0m4ABtnf_P7NV4AaABAg",
            "reply_content": "\u597d\u559c\u6b61\u4f60\u7684\u7b11\u8072\u5594\ud83d\udc4d\u771f\u53ef\u611b"
        },
        {
            "reply_id": "UgwRgVng0WgNwI7r_RJ4AaABAg",
            "reply_content": "\u53ef\u611b\u7684\u5bb6\u4eba"
        },
        {
            "reply_id": "UgyESoQrohMtHpZCjhx4AaABAg",
            "reply_content": "\u559c\u6b61\u83c7\u7238\u83c7\u5abd"
        },
        {
            "reply_id": "UgxLniZpA3__4wSpxl94AaABAg",
            "reply_content": "\u5982\u679c\u4e09\u500b\u5144\u59b9\u5f1f\u90fd\u5728\u53f0\u7063\u5b9a\u5c45\u6216\u5de5\u4f5c\u5982\u679c\u7a69\u5b9a\u5728\u53f0\u7063\u751f\u6d3b\u4ee5\u5f8c\u53ef\u4ee5\u63a5\u7236\u6bcd\u5230\u53f0\u7063\u5c45\u4f4f\u4e5f\u633a\u597d\u7684\uff01"
        }
    ]
}