{
    "video_info": {
        "id": "yXtuyk2nrLg",
        "channelTitle": "\u97d3\u52fe\u311f\u91d1\u91dd\u83c7 \ucc10\uca50\uafb8",
        "title": "\u5728\u97d3\u570b\u963f\u5b24\u5bb6\u82b10\u5143\u300c\u8e6d\u98ef\u300d\u904e\u4e00\u5929\ud83c\uddf0\ud83c\uddf7\u5e36\u5979\u98db\u53f0\u7063D-1\ud83d\udd25\u97d3\u570b\u5bb6\u5ead\u771f\u5be6\u751f\u6d3b\u5206\u4eabVLOG\ud83c\uddf0\ud83c\uddf7\uff5c\u97d3\u52fe\u311f\u91d1\u91dd\u83c7 \ucc10\uca50\uafb8",
        "description": "#\u97d3\u570b\u963f\u5b24\u7cfb\u5217\n\n\u5e0c\u671b\u4f60\u5011\u559c\u6b61\u9019\u90e8\u5f71\u7247\n\u559c\u6b61\u5e6b\u6211\u8a02\u95b1\u6309\u8b9a\u5206\u4eab \u8a18\u5f97\u958b\u555f\u5c0f\u9234\u943a\u6536\u53d6\u65b0\u7247\u901a\u77e5\u5594\uff01\n\n\uff3f\uff3f\uff3f\uff3f\uff3f\uff3f\uff3f\uff3f\uff3f\uff3f\uff3f\uff3f\uff3f\uff3f\uff3f\uff3f\uff3f\uff3f\uff3f\uff3f\uff3f\n\n\u2b50\ufe0f\u91d1\u91dd\u83c7\u7684\u97d3\u570b\u7f8e\u98df\u54c1\u724c\uff1ahttps://www.kimkfoods.com\n\u2b50\ufe0f\u91d1\u5bb6\u311f\u5e03\u5e33\u99ac\u8eca\uff1ahttps://www.facebook.com/groups/2297603990535075/\n\u2b50\ufe0f\u91d1\u91dd\u83c7\u7684\u7c89\u5c08: https://www.facebook.com/Koreajinzhengu/\n\u2b50\ufe0f\u91d1\u91dd\u83c7\u7684IG: https://www.instagram.com/ggu__kim/\n\u2b50\ufe0f\u5408\u4f5c\u9080\u7d04\u8acb\u6d3dPressPlay\uff1ajinyoungkim@pressplay.cc\n\n\uff3f\uff3f\uff3f\uff3f\uff3f\uff3f\uff3f\uff3f\uff3f\uff3f\uff3f\uff3f\uff3f\uff3f\uff3f\uff3f\uff3f\uff3f\uff3f\uff3f\uff3f",
        "likeCount": "19809",
        "commentCount": "811",
        "viewCount": "652745"
    },
    "comments": [
        {
            "reply_id": "Ugz_Qn6VAEI2yEPk1tF4AaABAg",
            "reply_content": "\ud83d\ude02\u91d1\u91dd\u83c7\u7528\u5c0f\u9999\u83c7\u64cb\u2764"
        },
        {
            "reply_id": "UgziN3zav5dZlSDT1Mp4AaABAg",
            "reply_content": "\u83c7\uff5e\u5982\u679c\u9577\u8f29\u8170\u4e0d\u592a\u597d\u5efa\u8b70\u4e0d\u8981\u7a2e\u83dc\u5537 \u96d6\u7136\u6709\u9ede\u96e3 \u6216\u8005\u7a2e\u83dc\u7684\u6642\u53c8\u6709\u4e00\u500b\u77ee\u51f3\u5b50\u5750\u8457 \u4e0d\u7136\u8170\u6703\u58d3\u529b\u592a\u5927\n\u56e0\u70ba\u6211\u5abd\u5abd\u8ddf\u4f60\u963f\u5b24\u4e00\u6a23\n\u5979\u6e1b\u5c11\u7a2e\u83dc\u8170\u624d\u6c92\u6709\u66f4\u56b4\u91cd"
        },
        {
            "reply_id": "Ugxa5Ez-_vJy22syOMt4AaABAg",
            "reply_content": "\u5916\u516c\u5916\u5a46\u4f86\u904e\u53f0\u7063\u4e86\u55ce\uff1f"
        },
        {
            "reply_id": "Ugwy3y0g4ySSCyLQEaZ4AaABAg",
            "reply_content": "\u4e5d\u6708\u4ee5\u5f8c\u53ef\u4ee5\u5f9e\u6e05\u6d32\u6a5f\u5834\u51fa\u767c\uff0c\u9019\u6a23\u4e0d\u7528\u79fb\u52d5\u592a\u9060\uff5e"
        },
        {
            "reply_id": "Ugz9Tuveyfmi2nH5MZx4AaABAg",
            "reply_content": "\u8d85\u7d1a\u559c\u6b61\u59b3\u548c\u963f\u5b24\u5011\u7684\u76f8\u8655\u2764"
        },
        {
            "reply_id": "UgxnL_mhBdPXp1Id93B4AaABAg",
            "reply_content": "\u53f0\u5357\u4e5f\u6709\u6eab\u9ad4\u725b\u8089\u6c99\u897f\u7c73\uff01\u63a8\u85a6"
        },
        {
            "reply_id": "UgwR5qQW0LvECjDfIKx4AaABAg",
            "reply_content": "\u539f\u4f86\u5168\u4e16\u754c\u963f\u5b24\u90fd\u4e00\u6a23\ud83d\ude02"
        },
        {
            "reply_id": "UgyAOJtTn_bedJP5whZ4AaABAg",
            "reply_content": "\u73fe\u5728\u89ba\u5f97\u97d3\u570b\u83dc\u5176\u5be6\u8ddf\u6771\u5357\u4e9e\u83dc\u6709\u7570\u66f2\u540c\u5de5\u4e4b\u5999\uff0c\u5403\u751f\u8089\u6cbe\u91ac(\u9664\u4e86\u6771\u5357\u4e9e\u4e0d\u4ee5\u829d\u9ebb\u6cb9\u70ba\u4e3b\u8abf\u6599\u5916)\uff0c\u4ee5\u53ca\u852c\u83dc\u642d\u914d\u8766\u91ac\uff0c\u98df\u7528\u8836\u7e6d\u7b49\uff0c\u771f\u7684\u5f88\u50cf\u3002"
        },
        {
            "reply_id": "UgznP4dk0Gdut0xVOyd4AaABAg",
            "reply_content": "\u9019\u53eb\u505a\n\u8dd1\u5230\u9577\u8f29\u7684\u5bb6\u88e1\u9a19\u5403\u9a19\u559d\ud83d\ude05"
        },
        {
            "reply_id": "Ugytn14uYtUecUk63Ml4AaABAg",
            "reply_content": "\u97d3\u570b\u98db\u570b\u5167\u7adf\u7136\u6bd4\u98db\u53f0\u7063\u4e45\ud83d\ude02"
        },
        {
            "reply_id": "Ugy_nQl8lYn62HvQRgt4AaABAg",
            "reply_content": "\u4f60\u5439\u982d\u9aee\u7684\u5730\u65b9 \u5f8c\u9762\u662f\u97d3\u570b\u7d19\u7a97\u6236\u9580\u611f\u89ba\u5f88\u6709\u6c23\u6c1b"
        },
        {
            "reply_id": "UgxHMPPqACLBFzDSUyp4AaABAg",
            "reply_content": "\u6211\u4e5f\u662f\u559c\u6b61\u5403\u96de\u7fc5\n\u4e0d\u592a\u559c\u6b61\u96de\u817f"
        },
        {
            "reply_id": "UgxRWnocEEDa5nDn6il4AaABAg",
            "reply_content": "\u62c9\u809a\u5b50\u8ddf\u5403\u751f\u725b\u8089\u6709\u95dc\u55ce?"
        },
        {
            "reply_id": "UgwSiiL_gKQN_JO_EEB4AaABAg",
            "reply_content": "\u97d3\u570b\u5357\u90e8\u6c92\u6709\u76f4\u98db\u53f0\u7063\u7684\u822a\u73ed\u55ce\uff1f \u8001\u4eba\u5bb6\u9019\u6a23\u8dcb\u6d89\u662f\u771f\u7684\u883b\u8f9b\u82e6\u7684"
        },
        {
            "reply_id": "UgxSTEzPwfzMoHBpa_d4AaABAg",
            "reply_content": "\u554a\u554a\u554a\u554a \u6211\u771f\u7684\u597d\u559c\u6b61\u9019\u6a23\u7684\u4f01\u5283\n\u5e0c\u671b\u91d1\u91dd\u83c7\u7684\u963f\u5b24\u80fd\u4e00\u76f4\u5065\u5eb7 \u7d66\u6211\u5011\u5e36\u4f86\u66f4\u591a\u9019\u6a23\u7684\u5f71\u7247"
        },
        {
            "reply_id": "UgxzKuhaKajAH46k6rN4AaABAg",
            "reply_content": "\u4e0b\u6b21\u63db\u5e36\u5916\u516c\u5916\u5a46\u4f86\u53f0\u7063\uff3e\uff3e"
        },
        {
            "reply_id": "Ugxjght4Cae4uDRVP6p4AaABAg",
            "reply_content": "\u7b11\u6b7b"
        },
        {
            "reply_id": "UgxO7z6-womkh-ShmvF4AaABAg",
            "reply_content": "\u963f\u5b24\u760b\u72c2\u9935\u98df\n\u4e0d\u7ba1\u5728\u54ea\u771f\u7684\u90fd\u662f\u9019\u6a23\u75bc\u81ea\u5df1\u5b6b\u5b50\n\u975e\u5e38\u6015\u81ea\u5df1\u7684\u5c0f\u5b69\u9913\u5230\u809a\u5b50\ud83d\ude02\n\u9084\u662f\u9577\u8f29\u6700\u611b\u6211\u5011\u2764"
        },
        {
            "reply_id": "UgzebG10-7u640EhyBN4AaABAg",
            "reply_content": "\u539f\u4f86\u5168\u4e16\u754c\u7684\u963f\u5b24\u90fd\u5f88\u559c\u6b61\u990a\ud83e\udd79"
        },
        {
            "reply_id": "UgyjonDkTp3aMbESbi54AaABAg",
            "reply_content": "\u91d1\u91dd\u83c7\u8ddf\u9577\u8f29\u5728\u4e00\u8d77\u592a\u53ef\u611b\u4e86\ud83d\ude0d\u7b2c\u4e00\u6b21\u770b\u5230\u70b8\u96de\u722a\u8036\u60f3\u5403\u770b\u770b\ud83e\udd24"
        }
    ]
}