{
    "video_info": {
        "id": "z78--zGJ2Fk",
        "channelTitle": "\u97d3\u52fe\u311f\u91d1\u91dd\u83c7 \ucc10\uca50\uafb8",
        "title": "\u91d1\u91dd\u83c7 X KlassiC.\u806f\u540d\u773c\u93e1/\u58a8\u93e1\u516c\u958b\ud83d\udd25",
        "description": "",
        "likeCount": "3676",
        "commentCount": "69",
        "viewCount": "116357"
    },
    "comments": [
        {
            "reply_id": "UgwKP-GOjmW9ajvQQF94AaABAg",
            "reply_content": "\u9019\u526a\u8f2f\u8ddf\u64fa\u62cd\u597d\u68d2 \u83c7\u83c7\u771f\u7684\u597d\u8010\u770b\u2764"
        },
        {
            "reply_id": "Ugxg0zZORRBcyzCHdLR4AaABAg",
            "reply_content": "\u6700\u5f8c\u4e00\u5e55\u4e5f\u592a\u597d\u7b11\ud83e\udd23 \u6709\u5920\u53ef\u611b\u5566 \u770b\u5b8c\u771f\u7684\u6703\u60f3\u53bb\u8a66\u6234\u8036"
        },
        {
            "reply_id": "UgyhkPcC0rIYGTxTbt14AaABAg",
            "reply_content": "\u60f3\u8a62\u554f\u6ce1\u83dc\u4f55\u6642\u6703\u518d\u4e0a\u5e02\uff1f\ud83d\ude0a"
        },
        {
            "reply_id": "UgwaLC72KMumio1Ty654AaABAg",
            "reply_content": "\u91d1\u91dd\u8339\u5973\u4eba\u5473\u5927\u66dd\u767c!\u8d8a\u4f86\u8d8a\u7f8e\u4e86\uff0c\u96e3\u9053\u5728\u6200\u611b\u4e2d?"
        },
        {
            "reply_id": "UgyBuCd5riSI0EhYgfR4AaABAg",
            "reply_content": "\u592a\u967d\u773c\u93e1\u7cfb\u5217\u90fd\u597d\u770b!\ud83d\ude0a"
        },
        {
            "reply_id": "UgxliUMp_YPtBdcwnqN4AaABAg",
            "reply_content": "\u83c7\u83c7\u597d\u53ef\u611b\u2764"
        },
        {
            "reply_id": "UgzFLxO6vXC4B5VxXWR4AaABAg",
            "reply_content": "\u597d\u53ef\u611b\u6211\u7684\u5929"
        },
        {
            "reply_id": "UgxB629G9h0nQ69YQEB4AaABAg",
            "reply_content": "\u641e\u9322\u641e\u5230\u8b93\u53f0\u7063\u4eba\u5403\u4e09\u7d1a\u81f4\u764c\u7269\u7684\u7121\u826f\u7db2\u7d05\uff0c\u771f\u6709\u4f60\u7684\uff0c\u4e1f\u97d3\u570b\u4eba\u7684\u81c9..."
        },
        {
            "reply_id": "UgyYNYAo3yDI5wg0xSt4AaABAg",
            "reply_content": "\u6211\u89ba\u5f97\u4f60\u600e\u9ebc\u6234\u90fd\u597d\u770b?"
        },
        {
            "reply_id": "UgxZR6FEhHXDX1C1D6d4AaABAg",
            "reply_content": "\u91d1\u50f9\u6c34\u5594"
        },
        {
            "reply_id": "UgwK2qQuGEXIOp7yOmN4AaABAg",
            "reply_content": "\u597d\u597d\u770b\ud83d\ude3b\u60f3\u63db\u773c\u93e1\u4e86\ud83e\udd23"
        },
        {
            "reply_id": "UgwMtKq5LvJDp04cgW54AaABAg",
            "reply_content": "\u6211\u89ba\u5f97\u597d\u770b\u662f\u56e0\u70ba\u91d1\u91dd\u83c7\u672c\u4f86\u5c31\u5f88\u6f02\u4eae..."
        },
        {
            "reply_id": "UgxN1rjE-mfLwg2_86R4AaABAg",
            "reply_content": "\u83c7\u83c7\u597d\u6703\u64fa\u8868\u60c5\uff5e \u6bcf\u526f\u90fd\u8a6e\u91cb\u7684\u597d\u68d2\uff01"
        },
        {
            "reply_id": "Ugw0Ck9QVeALfkKGccd4AaABAg",
            "reply_content": "\u6234\u4e0a\u58a8\u93e1\u7684\u91d1\u91dd\u83c7\u8d85\u7d1a\u50cf\u8de9\u59d0\u7684"
        },
        {
            "reply_id": "UgwJS6VEpi_c3-tIIN94AaABAg",
            "reply_content": "\u91d1\u91dd\u83c7\u8010\u770b\u578b\u7f8e\u5973\ud83d\udc96"
        },
        {
            "reply_id": "UgzQnn_YBuOpNGcHTYx4AaABAg",
            "reply_content": "\u8d85\u7d1a\u53ef\u611b\u2764"
        },
        {
            "reply_id": "UgzwDDCIQwlS9vpqFm94AaABAg",
            "reply_content": "\u6709\u50cf\u5289\u4ec1\u5a1c\u8036"
        },
        {
            "reply_id": "UgzUArdnP4bkfedEKEl4AaABAg",
            "reply_content": "\u91d1\u91dd\u83c7\u700f\u6d77\u5f88\u9069\u5408 \u597d\u770b\ud83d\ude0a"
        },
        {
            "reply_id": "UgwK50CG95vzMPLjpT94AaABAg",
            "reply_content": "\u5927\u5bb6\u597d\uff01\u6211\u662f\u6027\u9b91\u83c7"
        },
        {
            "reply_id": "UgyI2VeZyM-m_sjy6Cl4AaABAg",
            "reply_content": "\u90fd\u597d\u597d\u770b"
        }
    ]
}