{
    "video_info": {
        "id": "ZDPs9w0nm80",
        "channelTitle": "\u97d3\u52fe\u311f\u91d1\u91dd\u83c7 \ucc10\uca50\uafb8",
        "title": "\u53f0\u7063\u4eba97%\u6c92\u5403\u904e\u7684\u300c\u97d3\u570b\u7279\u8272\u7f8e\u98df\u300d\u97d3\u570b\u4eba\u4e5f\u7b2c\u4e00\u6b21\u5403\u7684\u90a3\u7a2e\ud83d\ude02\u22ef\u22ef5\u7a2e\u5927\u5206\u4eab\uff5c\u97d3\u52fe\u311f\u91d1\u91dd\u83c7 \ucc10\uca50\uafb8",
        "description": "\u4ee5\u4e0b\u662f\u6211\u4ecb\u7d39\u7684 #\u97d3\u570b\u7279\u8272\u7f8e\u98df\n\u6b61\u8fce\u5927\u5bb6\u53bb\u97d3\u570b\u5403\u5403\u770b\u5594\n\n1. \u8c46\u6e23\u934b\n2. \u751f\u62cc\u7ae0\u9b5a\u725b\u8089\uff08\u5ee3\u85cf\u5e02\u5834\n\u91d1\u5bb6\u311f\u97d3\u5f0f\u9183\u6d0b\u8525 \ud83e\uddc5\n\ud83d\udc49\ud83c\udffc https://www.kimkfoods.com\n3. \u9b77\u9b5a\u8840\u8178\n4. \u8fa3\u71c9\u5b89\u5eb7\u9b5a\n5. \u80e1\u6912\u51b0\u6dc7\u6dcb\n\n#\u97d3\u570b #\u97d3\u570b\u7f8e\u98df #\u97d3\u570b\u5403\u4ec0\u9ebc\n\u5e0c\u671b\u4f60\u5011\u559c\u6b61\u9019\u90e8\u5f71\u7247\n\u559c\u6b61\u5e6b\u6211\u8a02\u95b1\u6309\u8b9a\u5206\u4eab \u8a18\u5f97\u958b\u555f\u5c0f\u9234\u943a\u6536\u53d6\u65b0\u7247\u901a\u77e5\u5594\uff01\n\n\uff3f\uff3f\uff3f\uff3f\uff3f\uff3f\uff3f\uff3f\uff3f\uff3f\uff3f\uff3f\uff3f\uff3f\uff3f\uff3f\uff3f\uff3f\uff3f\uff3f\uff3f\n\n\u2b50\ufe0f\u91d1\u91dd\u83c7\u7684\u97d3\u570b\u7f8e\u98df\u54c1\u724c\uff1ahttps://www.kimkfoods.com\n\u2b50\ufe0f\u91d1\u5bb6\u311f\u5e03\u5e33\u99ac\u8eca\uff1ahttps://www.facebook.com/groups/2297603990535075/\n\u2b50\ufe0f\u91d1\u91dd\u83c7\u7684\u7c89\u5c08: https://www.facebook.com/Koreajinzhengu/\n\u2b50\ufe0f\u91d1\u91dd\u83c7\u7684IG: https://www.instagram.com/ggu__kim/\n\u2b50\ufe0f\u5408\u4f5c\u9080\u7d04\u8acb\u6d3dPressPlay\uff1ajinyoungkim@pressplay.cc\n\n\uff3f\uff3f\uff3f\uff3f\uff3f\uff3f\uff3f\uff3f\uff3f\uff3f\uff3f\uff3f\uff3f\uff3f\uff3f\uff3f\uff3f\uff3f\uff3f\uff3f\uff3f",
        "likeCount": "14059",
        "commentCount": "448",
        "viewCount": "706109"
    },
    "comments": [
        {
            "reply_id": "UgxYczjx2hqu213mV714AaABAg",
            "reply_content": "\u751f\u5403\u7684\u98df\u7269\u9084\u662f\u5c11\u5403\ud83e\udd14 \u56e0\u70ba\u4e0d\u77e5\u9053\u6709\u6c92\u7d30\u83cc~\u91d1\u83c7\ud83d\ude0a"
        },
        {
            "reply_id": "UgyUdyK0ifQujXyjI3R4AaABAg",
            "reply_content": "\u91d1\u91dd\u83c7\uff0c\u5176\u5be6\u4e0d\u7528\u4e00\u76f4\u4ecb\u7d39\u53f0\u7063\uff0c\u53cd\u800c\u6211\u5011\u53f0\u7063\u4eba\u5012\u559c\u6b61\u59b3\u4ecb\u7d39\u97d3\u570b\u7684\u96b1\u85cf\u7248\u9109\u6751\u7f8e\u98df\uff0c\u8b93\u6211\u5011\u53f0\u7063\u4eba\u4e5f\u56ae\u5f80\u53bb\u97d3\u570b\u73a9"
        },
        {
            "reply_id": "UgztpBw6tmkPFsB8SGh4AaABAg",
            "reply_content": "\u751f\u7684\u98df\u7269\u5403\u592a\u591a\u5c0f\u5fc3\u6709\u87f2\u8dd1\u5230\u8eab\u9ad4\u88e1\uff0c\u592a\u53ef\u6015\u4e86\u3002"
        },
        {
            "reply_id": "UgzFTO0v7WyJ4F1K2Ud4AaABAg",
            "reply_content": "\u91d1\u91dd\u83c7\u59d0\u59b9\u771f\u662f\u7f8e\u5973"
        },
        {
            "reply_id": "Ugz6d5XZVROwv5N2fOt4AaABAg",
            "reply_content": "\u597d\u60f3\u53bb\u97d3\u570b\u5403\u7f8e\u98df\uff0c\u6bcf\u4e00\u6a23\u770b\u8d77\u4f86\u90fd\u5f88\u597d\u5403\u3002\u8b1d\u8b1d\u91d1\u91dd\u83c7\u7684\u4ecb\u7d39\uff01"
        },
        {
            "reply_id": "Ugx1Vz8FSQCjfYR6oBZ4AaABAg",
            "reply_content": "\u5abd\u5abd\u7d66\u8cb7\u7c73\u9905\u7684\u6642\u5019\u8a9e\u6c23\u771f\u7684\u597d\u5bf5\u2764\ufe0f\n\u63a5\u59d0\u59d0\u4e0b\u73ed\u90a3\u6bb5\u771f\u7684\u662f\u6703\u7b11\u6b7b\ud83d\ude02"
        },
        {
            "reply_id": "UgyE7wsbCpr7jle23dB4AaABAg",
            "reply_content": "\u5b89\u5eb7\u9b5a\u8981\u53bb\u54ea\u88cf\u5403\uff1f\u6572\u7897\u6572\u7897\u2764"
        },
        {
            "reply_id": "UgwDfQvY6JSFjX6_eex4AaABAg",
            "reply_content": "\u770b\u5230\u5ee3\u85cf\u5e02\u5834\u77ac\u9593\u50bb\u773c\ud83d\ude02"
        },
        {
            "reply_id": "Ugy7dwZzRVTaFcF4AOl4AaABAg",
            "reply_content": "\u8acb\u554f\u8fa3\u71c9\u5b89\u5eb7\u9b5a\u662f\u4f4d\u65bc\u54ea\u88e1\u7684\u54ea\u4e00\u5bb6\uff1f"
        },
        {
            "reply_id": "Ugx27L731FBgQbQzUzV4AaABAg",
            "reply_content": "\u6211\u89ba\u5f97\u7238\u7238\u5f88\u50cf\u674e\u745e\u93ae\u7684\u611f\u89ba\uff01\u5e25"
        },
        {
            "reply_id": "Ugz1QWUW6RfDTHYaIGV4AaABAg",
            "reply_content": "\u91d1\u91dd\u83c7\u5728\u5f1f\u5f1f\u9762\u524d\u662f\u59ca\u59ca\uff5e\u5728\u7238\u5abd\u9084\u6709\u59ca\u59ca\u9762\u524d\u5c31\u662f\u5c0f\u5b69\u7d19\u60f9\uff01\uff01\uff01\u8ddf\u5abd\u5abd\u6492\u5b0c\u8981\u8cb7\u7c73\u9905\u7684\u6642\u5019\u8d85\u7d1a\u53ef\u611b\uff01\uff01\uff01\uff01\uff01"
        },
        {
            "reply_id": "Ugz23cr6fcfla1JiCWh4AaABAg",
            "reply_content": "\u91d1\u91dd\u83c7\u5abd\u5abd\u770b\u8d77\u4f86\u5f88\u5e74\u8f15\u554a\uff0c\u8ddf\u59ca\u59ca\u548c\u91d1\u91dd\u83c7\u4e00\u8d77\u5c31\u50cf\u4e09\u59ca\u59b9\u4e00\u6a23\uff01"
        },
        {
            "reply_id": "UgySzpWkqcwlRZ4MpId4AaABAg",
            "reply_content": "\u97d3\u570b\u4eba\u7684\u98df\u7269\u65b9\u6cd5\uff0c\u6703\u9020\u6210\u80c3\u8178\u529f\u80fd\u969c\u7919\uff0c\u6240\u4ee5\u97d3\u570b\u4eba\u7684\u80c3\u75c5\u5728\u4e16\u754c\u6392\u540d\u7b2c\u4e00\u7684\u3002"
        },
        {
            "reply_id": "Ugzs3TtBAMyDeYjDK_p4AaABAg",
            "reply_content": "\u8a18\u5f97\u59d0\u59d0\u5e6b\u963f\u5b24\u4fee\u7406\u623f\u5c4b\u3001\u5f88\u611f\u52d5\u5462\uff01"
        },
        {
            "reply_id": "UgxZ8imSaRRNTWxrlZ94AaABAg",
            "reply_content": "\u7b2c\u4e8c\u9053\u597d\u6050\u6016~\u96d6\u7136\u6211\u770b\u904e~\u4e5f\u77e5\u9053\u662f\u795e\u7d93~\u4f46\u662f\u9084\u662f\u597d\u6050\u6016~"
        },
        {
            "reply_id": "UgwrEFs64OIfk6g03fZ4AaABAg",
            "reply_content": "\u771f\u7684\u5f88\u559c\u6b61\u83c7\u56de\u97d3\u570b\u7cfb\u5217 \u5e0c\u671b\u6709\u66f4\u591a\uff08\u6572\u7897\ud83e\udd63"
        },
        {
            "reply_id": "UgyZYwgPpCI9EaW71fF4AaABAg",
            "reply_content": "\u53f0\u7063\u5f88\u5c11\u97d3\u570b\u5e97\u6599\u7406"
        },
        {
            "reply_id": "UgwuVETX8rJYeRYNlJR4AaABAg",
            "reply_content": "\u828b\u982d\u53e3\u5473\u4e0d\u932f"
        },
        {
            "reply_id": "Ugz5pUL-QyNR5K49WwB4AaABAg",
            "reply_content": "\u8d70\u6211\u5011\u53bb\u97d3\u570b"
        },
        {
            "reply_id": "Ugy9LLhLIW7RMRIsilh4AaABAg",
            "reply_content": "\u597d\u6b98\u5fcd\u5403\u6d3b\u7684\u7ae0\u9b5a\u548c\u751f\u725b\u8089\uff0c\u4e0d\u932f\u7684\u5e74\u8f15\u4eba\u4f46\u5c0d\u5f31\u5c0f\u52d5\u7269\u6c92\u6709\u6190\u61ab\u5fc3\uff0c\u62b1\u6b49\u6211\u7121\u6cd5\u770b\u4f60\u7684\u8996\u983b"
        }
    ]
}