{
    "video_info": {
        "id": "ZYuJQVwMRUc",
        "channelTitle": "\u97d3\u52fe\u311f\u91d1\u91dd\u83c7 \ucc10\uca50\uafb8",
        "title": "\u76f2\u62bd\u51fa\u570b\uff01\u5feb\u9583\u99ac\u4f86\u897f\u4e9e\u300c\u6c99\u5df4\u4e9e\u5e87\u300d\u4e00\u5929\uff01\u98ef\u5e97X\u884c\u7a0bX\u5230\u6642\u518d\u8aaa\ud83d\ude02\uff5c\u97d3\u52fe\u311f\u91d1\u91dd\u83c7 \ucc10\uca50\uafb8",
        "description": "#\u91d1\u7444CP \u5feb\u958324\u5c0f\u6642\u99ac\u4f86\u897f\u4e9e\ud83d\ude4c\n\u7b2c\u4e00\u6b21\u4f86\u5230\u99ac\u4f86\u897f\u4e9e \u597d\u8208\u596e\u5594\uff01\n\u6bcf\u6b21\u51fa\u570b\u90fd\u62cd\u7167\u62cd\u5230\u7206\u7684\u6211\u5011\ud83d\ude02\n\n\u5728\u53f0\u7063\u52aa\u529b\u5de5\u4f5c\u51fa\u4f86\u73a9\u73a9\u5f88\u958b\u5fc3\n\u982d\u76ae\u4e5f\u53ef\u4ee5\u5148\u4f11\u606f\u4e00\u4e0b \u7528Hair Recipe\u9aee\u7684\u98df\u8b5c\u62ef\u6551\u6211\u5011\u7684\u982d\u76ae\u548c\u982d\u9aee\u5566\uff01\n\u8b9a\u8b9a\n\u5c48\u81e3\u6c0f\u9650\u66422\u4ef6\u6298$150\ud83d\udc49  https://utm.to/58sf5s\n\n\u5be6\u969b\u50f9\u9322\u8acb\u4ee5\u8ce3\u5834/\u901a\u8def\u7576\u6642\u7684\u552e\u50f9\u70ba\u6e96\u5594\n\n\u5e0c\u671b\u4f60\u5011\u559c\u6b61\u9019\u90e8\u5f71\u7247\n\u559c\u6b61\u5e6b\u6211\u8a02\u95b1\u6309\u8b9a\u5206\u4eab \u8a18\u5f97\u958b\u555f\u5c0f\u9234\u943a\u6536\u53d6\u65b0\u7247\u901a\u77e5\u5594\uff01\n\n\uff3f\uff3f\uff3f\uff3f\uff3f\uff3f\uff3f\uff3f\uff3f\uff3f\uff3f\uff3f\uff3f\uff3f\uff3f\uff3f\uff3f\uff3f\uff3f\uff3f\uff3f\n\n\u2b50\ufe0f\u91d1\u91dd\u83c7\u7684\u97d3\u570b\u7f8e\u98df\u54c1\u724c\uff1ahttps://www.kimkfoods.com\n\u2b50\ufe0f\u91d1\u5bb6\u311f\u5e03\u5e33\u99ac\u8eca\uff1ahttps://www.facebook.com/groups/2297603990535075/\n\u2b50\ufe0f\u91d1\u91dd\u83c7\u7684\u7c89\u5c08: https://www.facebook.com/Koreajinzhengu/\n\u2b50\ufe0f\u91d1\u91dd\u83c7\u7684IG: https://www.instagram.com/ggu__kim/\n\u2b50\ufe0f\u5408\u4f5c\u9080\u7d04\u8acb\u6d3dPressPlay\uff1ajinyoungkim@pressplay.cc\n\n\uff3f\uff3f\uff3f\uff3f\uff3f\uff3f\uff3f\uff3f\uff3f\uff3f\uff3f\uff3f\uff3f\uff3f\uff3f\uff3f\uff3f\uff3f\uff3f\uff3f\uff3f",
        "likeCount": "6200",
        "commentCount": "188",
        "viewCount": "333834"
    },
    "comments": [
        {
            "reply_id": "UgzpiXupyNMcfsZWNUl4AaABAg",
            "reply_content": "\u8eab\u4e3a\u91d1\u9488\u83c7\u552f\u4e00\u7684\u9a6c\u6765\u897f\u4e9a\u89c2\u4f17\uff0c \u6b22\u8fce\u91d1\u9488\u83c7"
        },
        {
            "reply_id": "UgyCuGWZEiEb1XSsEZB4AaABAg",
            "reply_content": "\u9019\u96c6\u90fd\u5728\u4ecb\u7d39\u7522\u54c1"
        },
        {
            "reply_id": "UgxIBXu3reSie8vAqv54AaABAg",
            "reply_content": "\u4f60\u9019\u500b\u4f01\u5283\uff0c\u53ef\u4ee5\u627e\u9280\u884c\u696d\u914d\u4fe1\u7528\u5361+\u4e00\u8d9f\u8aaa\u98db\u5c31\u98db\u7684\u65c5\u7a0b\uff0c\u4e0d\u7ba1\u5230\u54ea\u6709\u5361\u842c\u4e8b\u8db3\u3002"
        },
        {
            "reply_id": "UgziSO5cqC5M62HzCP54AaABAg",
            "reply_content": "\u9019\u4e0d\u662f\u73a9\u5f88\u5927\u53bb\u904e\u55ce\ud83d\ude02"
        },
        {
            "reply_id": "UgzfsGpTCytggddrgyR4AaABAg",
            "reply_content": "\u597d\u5947\u5982\u679c\u7fbd\u7403\u961f\u4e00\u8d7724\u5c0f\u6642\u5feb\u9583\u61c9\u8a72\u975e\u5e38\u503c\u5f97\u4e00\u770b"
        },
        {
            "reply_id": "UgwKg0l7LSeqsKxtlMZ4AaABAg",
            "reply_content": "\u597d\u8b9a\u7684\u4ecb\u7d39\uff0c\u5546\u54c1\u8ddf\u98df\u7269\u90fd\u4e0d\u932f"
        },
        {
            "reply_id": "UgzUDlik3-4fsWD3C_d4AaABAg",
            "reply_content": "\u53ef\u4ee5\u4e0d\u8981\u518d\u8ddf\u5979\u4e86\u55ce\uff0c\u662f\u516c\u53f8\u6c92\u5176\u4ed6\u4eba"
        },
        {
            "reply_id": "UgyBiyoEOEL7TP-2_e94AaABAg",
            "reply_content": "\u6211\u89ba\u5f97\u91d1\u91dd\u83c7\u5df2\u7d93\u5b8c\u5168\u5fd8\u8a18\u7576\u521d\u62cd\u7247\u7684\u521d\u4e2d\u4e86\n\u6240\u4ee5\uff0c\u4e0d\u8ffd\u8e64\u4e86\uff0c\u6211\u4e5f\u544a\u8a34\u795e\u65c1\u670b\u53cb\u5225\u8ffd\u8e64\u4e86"
        },
        {
            "reply_id": "Ugx28J5dsu9dhJ-A5od4AaABAg",
            "reply_content": "\u6c99\u5df4\u7684\u201c\u751f\u8089\u9762\u201d\u662f\u7528\u5ba2\u5bb6\u8a71\u4f86\u5ff5\u3002"
        },
        {
            "reply_id": "Ugxf3LztUowwE7EX3ld4AaABAg",
            "reply_content": "\u90a3\u500b\u7da0\u8272\u6d17\u9aee\u7cbe\u5f88\u597d\u7528\uff0c\u6211\u4e5f\u559c\u6b61\u51b7\u8403\u611f\uff01"
        },
        {
            "reply_id": "UgwOWMxiHBUmac8TtLh4AaABAg",
            "reply_content": "\u8001\u5be6\u8aaa\u696d\u914d\u7684\u90e8\u5206\u6709\u9ede\u592a\u591a\ud83e\udd79"
        },
        {
            "reply_id": "Ugz3mBo6IUI95kQyHa54AaABAg",
            "reply_content": "\u6b61\u8fce\u4f86\u6c99\u5df4\uff01"
        },
        {
            "reply_id": "UgxTxKa-y2MJo4UDt9Z4AaABAg",
            "reply_content": "\u73fe\u5728\u65b0\u805e\u5a92\u9ad4\u771f\u7684\u53ef\u6190 \u7a7f\u500b\u6bd4\u57fa\u5c3c\u4e5f\u80fd\u88ab\u5831\u5c0e"
        },
        {
            "reply_id": "Ugx8QMhCaU2FH_kaSUR4AaABAg",
            "reply_content": "\u91d1\u91dd\u83c7\u771f\u7684\u592a\u62fc\u4e86\uff0c\u9ed1\u773c\u5708\u770b\u5f97\u51fa\u59b3\u7684\u75b2\u7d2f\ud83d\ude02"
        },
        {
            "reply_id": "Ugx7APjI2OT9PtyAth94AaABAg",
            "reply_content": "\u53d8\u5f97\u66f4\u7626\u5566"
        },
        {
            "reply_id": "UgzhdPnrR2xjVGLLG9F4AaABAg",
            "reply_content": "\u525b\u5f9e\u99ac\u4f86\u897f\u4e9e\u56de\u4f86\uff0c\u771f\u7684\u6709\u5f88\u591a\u597d\u5403\u7684\uff01\u5404\u7a2e\u4e0d\u540c\u7684\u98f2\u98df\u6587\u5316\u4ea4\u932f\uff0c\u770b\u5230\u6574\u500b\u56de\u61b6\u90fd\u6e67\u73fe\u4e86\uff0124\u5c0f\u6642\u5b8c\u5168\u4e0d\u5920\u5566\uff0c\u4e00\u5b9a\u8981\u82b1\u4e0a\u597d\u5e7e\u5929\u624d\u80fd\u5403\u5230\u66f4\u591a\u53b2\u5bb3\u7684\ud83d\ude02"
        },
        {
            "reply_id": "UgwKch4KGciU4HEV4l94AaABAg",
            "reply_content": "\u4e00\u9ede\u5167\u5bb9\u90fd\u6c92\u6709 \u6574\u500b\u5f71\u7247\u4e09\u5206\u4e4b\u4e8c\u90fd\u662f\u5ee3\u544a"
        },
        {
            "reply_id": "UgwRTSniP0l46o2gm_R4AaABAg",
            "reply_content": "\u597d\u6d6a\u8d39\u554a\uff0c\u96be\u5f97\u6765\u5230\u4e9a\u5e87\uff0c\u5e94\u8be5\u8981\u53bb\u5403\u5927\u8783\u87f9\ud83e\udd80\ufe0f\uff0c\u518d\u53bb\u795e\u5c71\u770b\u770b\u624d\u5bf9"
        },
        {
            "reply_id": "UgzMlVPGlD5nsGBHv054AaABAg",
            "reply_content": "\u6d17\u9aee\u7cbe\u771f\u7684\u597d\u7528\u642d\u914d\u6f64\u9aee \u63a8"
        },
        {
            "reply_id": "UgzKWo56w4kr2nuOgHd4AaABAg",
            "reply_content": "\u6b22\u8fce\u4f60\u4eec\u6765\u5409\u9686\u5761\u73a9\ud83d\ude0a"
        }
    ]
}