{
    "video_info": {
        "id": "1EQVlsHwsEE",
        "channelTitle": "Howwork X \u516d\u6307\u6df5",
        "title": "\u731c\u731c\u770b\u6211\u8981cosplay\u6210\u4ec0\u9ebc",
        "description": "",
        "likeCount": "952",
        "commentCount": "27",
        "viewCount": "18030"
    },
    "comments": [
        {
            "reply_id": "UgxHy8r6NB0wLHlX6-l4AaABAg",
            "reply_content": "\u5f88\u660e\u986f\u684c\u4e0a\u90a3\u7f50\u662f\u516d\u8336",
            "likeCount": 78
        },
        {
            "reply_id": "UgwjnZr2efHxa4PvZDF4AaABAg",
            "reply_content": "\u6211\u53ea\u77e5\u9053\u9019\u591a\u534a\u6709\u696d\u914d",
            "likeCount": 0
        }
    ]
}