{
    "video_info": {
        "id": "3iKAlJdEVZg",
        "channelTitle": "Howwork X \u516d\u6307\u6df5",
        "title": "\u8cb7\u5496\u5561\u53ef\u4ee5\u5077\u5230\u591a\u5c11\u4e0a\u73ed\u6642\u9593\uff1f",
        "description": "",
        "likeCount": "10133",
        "commentCount": "68",
        "viewCount": "202579"
    },
    "comments": [
        {
            "reply_id": "UgzaJlCMASQCbYrGGRV4AaABAg",
            "reply_content": "\u9738\u9053\u7e3d\u88c1\u611b\u4e0a\u5c0f\u8077\u54e1\u7684\u6545\u4e8b",
            "likeCount": 6
        },
        {
            "reply_id": "UgyG8spjfugyvp5a5214AaABAg",
            "reply_content": "\u63a5\u4e0b\u4f86\u5c31\u662f\u89e3\u6c7a\u4e00\u76f4\u4e0a\u5ec1\u6240\u7684\u85aa\u6c34\u5c0f\u5077",
            "likeCount": 2
        },
        {
            "reply_id": "UgyVROX7B65xcWLxsTF4AaABAg",
            "reply_content": "\u4f60\u8981\u78ba\u5b9a\u6b38 \u6797\u9cf3\u71df\u662f\u5728\u559d\u5730\u6e9d\u6cb9\u9084\u662f\u559d\u5496\u5561",
            "likeCount": 0
        },
        {
            "reply_id": "Ugw5BUsOBevVk2sfSh54AaABAg",
            "reply_content": "\u8b93\u4eba\u4e0d\u81ea\u89ba\u770b\u5b8c\u7684\u696d\u914d",
            "likeCount": 0
        },
        {
            "reply_id": "UgxjxifQYtqFEbQvk8d4AaABAg",
            "reply_content": "\u770b\u4f86\u4efb\u5fd7\u8981\u6e96\u5099\u559d\u5176\u4ed6\u98f2\u6599\u4e86",
            "likeCount": 0
        },
        {
            "reply_id": "UgxuMYvryu4W1COpyhZ4AaABAg",
            "reply_content": "\u696d\u914d\u4f46\u662f\u6c92\u6709\u7279\u6548\u9b42\u4e86",
            "likeCount": 0
        },
        {
            "reply_id": "UgzPmBqbXF5Q15mMQad4AaABAg",
            "reply_content": "\u624b\u6c96\u6c34\u5206\u592a\u591a\u4e86\u52a0\u9bae\u5976\u5f88\u96e3\u559d\u5427",
            "likeCount": 0
        }
    ]
}