{
    "video_info": {
        "id": "9GUVfJ0WMYw",
        "channelTitle": "Howwork X \u516d\u6307\u6df5",
        "title": "\u8d64\u9b3c\u4f2f\u4f2f\u8ddf\u7279\u6548\u5e2b\u7d04\u6703\u662f\u4ec0\u9ebc\u9ad4\u9a57\uff1fEP01 #\u7d04\u6703",
        "description": "",
        "likeCount": "11834",
        "commentCount": "182",
        "viewCount": "291573"
    },
    "comments": [
        {
            "reply_id": "Ugx-ZNs_OXiYvxcIhZF4AaABAg",
            "reply_content": "\u7d04\u8d64\u9b3c\u7d04\u6703\u771f\u4ee4\u4eba\u7fa1\u6155",
            "likeCount": 0
        },
        {
            "reply_id": "Ugy3uDSpef7xqYiE8PV4AaABAg",
            "reply_content": "\u516d\u516d\u7684\u7279\u6548\u529f\u529b\u679c\u7136\u6df1\u539a \u9023\u4e00\u500b\u5973\u4eba\u90fd\u80fd\u8b8a\u51fa\u4f86",
            "likeCount": 0
        },
        {
            "reply_id": "Ugwio1h-pz_3qZ9HSR14AaABAg",
            "reply_content": "\u6211\u770b\u7b2c\u4e8c\u904d\u624d\u767c\u73fe\u6709\u87d1\u8782",
            "likeCount": 0
        },
        {
            "reply_id": "UgyfXLBlh9rM1oYGmVt4AaABAg",
            "reply_content": "\u660e\u660e\u5f88\u6b63\u5e38\u7684\u5f71\u7247\u70ba\u4ec0\u9ebc\u611f\u89ba\u8272\u8272\u7684",
            "likeCount": 0
        },
        {
            "reply_id": "UgyIVCa6OloZnHWrKLl4AaABAg",
            "reply_content": "\u90a3\u500b\u87d1\u8782\u6211\u6574\u4eba\u90fd\u4e0d\u597d\u4e86",
            "likeCount": 0
        },
        {
            "reply_id": "UgyQSiq0QBqhssl139J4AaABAg",
            "reply_content": "\u592a\u53ef\u6015\u4e86 \u7adf\u7136\u7279\u6548\u4e00\u500b\u7f8e\u5973\u63a9\u84cb\u81ea\u5df1\u53bb\u6e9c\u51b0\u5834\u627e\u5927\u87d1\u8782\u7684\u8208\u8da3",
            "likeCount": 0
        },
        {
            "reply_id": "UgwonSH9xLPgjbqNFPp4AaABAg",
            "reply_content": "\u56e0\u70ba\u90a3\u96bb\u87d1\u8782\u6211\u6309\u5012\u8b9a\u4e86",
            "likeCount": 0
        },
        {
            "reply_id": "UgwYLZArEimZrFDXO9t4AaABAg",
            "reply_content": "\u5b89\u5168\u8932\u5c0d\u7537\u751f\u4f86\u8aaa\u5c31\u662f\u6bd4\u8f03\u96e3\u770b\u7684\u5167\u8932\u800c\u5df2\ud83e\udd2d",
            "likeCount": 0
        },
        {
            "reply_id": "UgxZLBAilop_ctC_EEN4AaABAg",
            "reply_content": "\u4e7e\u6211\u4ee5\u70ba\u6211\u624b\u6a5f\u6709\u87d1\u8782\u5dee\u9ede\u4e1f\u51fa\u53bb",
            "likeCount": 0
        },
        {
            "reply_id": "Ugwd7tYtdq4KhvhXV5N4AaABAg",
            "reply_content": "\u6211\u5f9e\u6309\u8b9a\u5230\u770b\u5230\u87d1\u8782\u8b8a\u6210\u5012\u8b9a",
            "likeCount": 0
        },
        {
            "reply_id": "Ugy0vFYqNbZPIDw4U8h4AaABAg",
            "reply_content": "\u90a3\u500b\u87d1\u8782\u53ef\u4ee5\u7d42\u7d50\u6211\u7684\u751f\u547d",
            "likeCount": 0
        },
        {
            "reply_id": "Ugyxq_NG-qSUjcEYj9l4AaABAg",
            "reply_content": "\u5b8c\u4e86\u516d\u516d\u5df2\u7d93\u9010\u6f38\u767c\u73fe\u6d41\u91cf\u5bc6\u78bc\u4e86",
            "likeCount": 1316
        },
        {
            "reply_id": "UgwrvDT1Sfbm09rNFUR4AaABAg",
            "reply_content": "\u4ee5\u62cd\u7247\u4e4b\u540d\u884c\u7d04\u59b9\u5b50\u4e4b\u5be6",
            "likeCount": 237
        },
        {
            "reply_id": "UgzKkdoUH5Yof9XVMhV4AaABAg",
            "reply_content": "\u60f3\u770b\u516d\u516d\u88ab\u4efb\u5fd7\u727d\u8457\u6e9c\u51b0",
            "likeCount": 21
        },
        {
            "reply_id": "UgxNW43T2PQb-T0oGJd4AaABAg",
            "reply_content": "\u4e0d\u5c0d\u554a\u600e\u9ebc\u597d\u53ef\u6015\u5c31\u5361\u4e86\uff0c\u6211\u6bd4\u8f03\u60f3\u770b\u5f8c\u9762\u7684",
            "likeCount": 0
        }
    ]
}