{
    "video_info": {
        "id": "bwOvp1LfyW0",
        "channelTitle": "Howwork X \u516d\u6307\u6df5",
        "title": "I fixed the Wolverine movie! @OctopathTravelerCotC",
        "description": "\u7d93\u5178\u50cf\u7d20RPG\u624b\u904a\u300a\u6b67\u8def\u65c5\u4eba\uff1a\u5927\u9678\u7684\u9738\u8005\u300b\u9031\u5e74\u796d\u958b\u8dd1\uff01\n\u70ba\u4e86\u6b61\u6176\u7e41\u4e2d\u7248\u4e0a\u5e02\u4e00\u9031\u5e74\uff0c\u767b\u5165\u5373\u8d08\u9031\u5e74\u7d00\u5ff5\u9053\u5177\u3001\u514d\u8cbb\u7d05\u5bf6\u77f3\u3001\u666e\u6c60\u514d\u8cbb\u62bd\u3001\u5927\u91cf\u89ba\u9192\u77f3\u788e\u7247\u4ee5\u53ca\u666e\u6c60\u521d\u59cb8\u65c5\u4eba\u4efb\u9078\uff01\n\u656c\u8acb\u95dc\u6ce8\u5b98\u65b9\u7c89\u5c08\u53ca\u5b98\u7db2\n\n\u4e0b\u8f09\u9023\u7d50\uff1ahttps://octopathtc.onelink.me/WymQ/Huber\n\n#\u6b67\u8def\u65c5\u4eba\u5927\u9678\u7684\u9738\u8005 #\u9031\u5e74\u796d",
        "likeCount": "3387",
        "commentCount": "106",
        "viewCount": "83943"
    },
    "comments": [
        {
            "reply_id": "Ugwj5W_-R-sMPtcARUR4AaABAg",
            "reply_content": "\u5982\u679c\u662f\u6bd4\u8f03\u539a\u7684\u7246\u58c1\u90a3\u5e7e\u584a\u597d\u50cf\u4e0d\u4e00\u5b9a\u6703\u6389\ud83d\ude02",
            "likeCount": 444
        },
        {
            "reply_id": "UgxJ58LW72-iKn7qRgF4AaABAg",
            "reply_content": "\u4ee5\u524d\u770b\u5230\u5c31\u89ba\u5f97\u9019\u908a\u7279\u6548\u4e5f\u592a\u5077\u61f6 \u611f\u8b1d\u963f\u516d\u5e6b\u5fd9\u5fa9\u539f",
            "likeCount": 2
        },
        {
            "reply_id": "UgwLBdU78vS1dtuLa7d4AaABAg",
            "reply_content": "\u9019\u662f\u8981\u8868\u793a\u9435\u677f\u5f88\u539a\u5427 \u9019\u6a23\u6389\u4e0b\u4f86\u5c31\u6389\u4e03\u5695",
            "likeCount": 0
        },
        {
            "reply_id": "Ugzxa1QgLZV9K5DQhcB4AaABAg",
            "reply_content": "\u600e\u9ebc\u611f\u89ba\u4e2d\u9593\u90a3\u5e7e\u584a\u61c9\u8a72\u6703\u5674\u51fa\u4f86\n\u8ddf\u958b\u982d\u5f9e\u5634\u5df4\u5674\u51fa\u53bb\u7684\u6771\u897f\u4e00\u6a23",
            "likeCount": 0
        },
        {
            "reply_id": "UgxGy90ZcwvAFfcE2kV4AaABAg",
            "reply_content": "\u7d42\u65bc\u89e3\u6c7a\u6211\u591a\u5e74\u7684\u7126\u616e\u4e86",
            "likeCount": 0
        },
        {
            "reply_id": "UgxuE3F8yPFTeECJopF4AaABAg",
            "reply_content": "\u6211\u4e4b\u524d\u4f11\u60f3\u5410\u69fd\u4e86\u6211\u8b1d\u8b1d\u4f60",
            "likeCount": 0
        },
        {
            "reply_id": "UgwXsu0n_LREZrjDfIR4AaABAg",
            "reply_content": "\u6211\u6c92\u770b\u6211\u4e0d\u592a\u77e5\u9053\uff0c\u6211\u4ee5\u70ba\u662f\u6bd4\u8f03\u539a\u7684\u7246\u58c1\u6240\u4ee5\u624d\u6c92\u6709\u6389",
            "likeCount": 0
        },
        {
            "reply_id": "UgykCU3iBrkbhNIsbBN4AaABAg",
            "reply_content": "\u6211\u4ee5\u70ba\u8981\u6539\u7684\u662f\u75d5\u8de1\u5148\u5f8c\u758a\u4e0a\u9806\u5e8f\u7684\u554f\u984c",
            "likeCount": 0
        }
    ]
}