{
    "video_info": {
        "id": "cm5EYRxUOm0",
        "channelTitle": "Howwork X \u516d\u6307\u6df5",
        "title": "Every Time I Play UNO \u6bcf\u6b21\u6211\u73a9UNO\u7684\u6a23\u5b50",
        "description": "",
        "likeCount": "1140",
        "commentCount": "32",
        "viewCount": "28668"
    },
    "comments": [
        {
            "reply_id": "UgzrMXbmlrtImxfHzg14AaABAg",
            "reply_content": "\u6211\u90fd\u6703\u5728\u5225\u4eba\u5feb\u51fa\u5b8c\u6642\u7d66\u4ed6\u4e00\u5927\u5806\u52a0\u724c",
            "likeCount": 1
        },
        {
            "reply_id": "UgzFU86O5J8ykh3Qoe94AaABAg",
            "reply_content": "\u7b11\u8072\u597d\u9b54\u6027\u597d\u559c\u6b61\u54c8\u54c8\u54c8",
            "likeCount": 0
        }
    ]
}