{
    "video_info": {
        "id": "CRx_GomNnOE",
        "channelTitle": "Howwork X \u516d\u6307\u6df5",
        "title": "\u70ba\u4e86\u5348\u9910\u8ddf\u8001\u95c6\u6253\u67b6\uff01",
        "description": "\u300a\u6c38\u52ab\u7121\u9593\u300b\u5168\u65b0\u82f1\u96c4\u300c\u54c8\u8fea\u300d \u555f\u52d5\uff01\n\u7acb\u5373\u514d\u8cbb\u4e0b\u8f09 \uff1ahttps://gsght.com/c/l5rxp5\n\u73fe\u5728\u524d\u5f80\u7c89\u7d72\u5718\u9084\u53ef\u4ee5\u53c3\u52a0\u52a0\u78bc\u62bd\u734e\uff0c\u5c07\u7fa9\u5927\u904a\u6a02\u5712\u65c5\u5bbf\u5238\u3001\u6c38\u52ab\u7121\u9593\u62b1\u6795\u5e36\u56de\u5bb6\uff01\n\n@NARAKABLADEPOINTTW \n#\u6c38\u52ab\u7121\u9593 #naraka #\u54c8\u8fea",
        "likeCount": "5203",
        "commentCount": "80",
        "viewCount": "105005"
    },
    "comments": [
        {
            "reply_id": "UgysZRGKLDFlF3MvFMR4AaABAg",
            "reply_content": "\u6211\u4ee5\u70ba\u5012\u4e0b\u4e4b\u5f8c\u6703\u8aaa\u6211\u8981\u5403\u63a7\u8089\u98ef",
            "likeCount": 34
        },
        {
            "reply_id": "UgyodvnFcekNUl5XPxt4AaABAg",
            "reply_content": "\u4ec1\u5fd7:\u8981\u4e0d\u662f\u6709\u9322\u591a\u8ddf\u516d\u516d\u7684\u68d2\u68d2\u6211\u624d\u4e0d\u6703\u4f86\u9019\u88e1\u5de5\u4f5c\u5462",
            "likeCount": 8
        },
        {
            "reply_id": "Ugzo8gSCV4zKhWhxhDt4AaABAg",
            "reply_content": "\u9019\u5169\u6a23\u6599\u7406\u6211\u90fd\u53ef\u4ee5\u9023\u7e8c\u5403\u8d85\u4e45",
            "likeCount": 1
        },
        {
            "reply_id": "UgxhyMkEwYrZFHKHh2d4AaABAg",
            "reply_content": "\u597d\u50cf\u6700\u8fd1\u7684\u5f71\u7247\u90fd\u6c92\u6709\u898b\u904e\u4ed6",
            "likeCount": 0
        },
        {
            "reply_id": "Ugzp3o4nlVyA9MD8EBx4AaABAg",
            "reply_content": "\u6211\u9084\u4ee5\u70ba\u4e92\u6253\u7684\u6642\u5019\u6703\u6709\u9738\u6c23\u74b0\u7e5e\u4e4b\u985e\u7684",
            "likeCount": 0
        },
        {
            "reply_id": "UgyNYbZJugQPuKjkf_t4AaABAg",
            "reply_content": "\u4e00\u8d77\u5403\u63a7\u8089\u8c5a\u9aa8\u62c9\u9eb5\u98ef\u4e0d\u5c31\u597d\u4e86",
            "likeCount": 0
        },
        {
            "reply_id": "UgyWOa3RJj-44Dg92dF4AaABAg",
            "reply_content": "\u7537\u4eba\u7684\u5e7b\u60f3\u5c31\u662f\u9019\u9ebc\u7c21\u55ae",
            "likeCount": 0
        },
        {
            "reply_id": "UgzJvAUUdRuHK8xX-fZ4AaABAg",
            "reply_content": "\u8001\u95c6\u5e6b\u4efb\u5fd7\u8cb7\u689d\u6b63\u5ee0\u5145\u96fb\u7dda\u5427",
            "likeCount": 0
        },
        {
            "reply_id": "UgyINuZvMX2jead711x4AaABAg",
            "reply_content": "\u90a3\u4e0d\u5982\u63a7\u8089\u98ef\u6ce1\u8c5a\u9aa8\u62c9\u9eb5",
            "likeCount": 0
        }
    ]
}