{
    "video_info": {
        "id": "d3fuWYSjp7s",
        "channelTitle": "Howwork X \u516d\u6307\u6df5",
        "title": "\u516d\u6307\u6df5\u7684\u773c\u775b\u597d\u5947\u602a",
        "description": "",
        "likeCount": "3112",
        "commentCount": "296",
        "viewCount": "71852"
    },
    "comments": [
        {
            "reply_id": "Ugz7KitLePbJDRQBzWZ4AaABAg",
            "reply_content": "\u60f3\u4e86\u597d\u4e45\uff0c\u5e94\u8be5\u8bf4\u773c\u775b\u7684\u8fd0\u52a8\u6ede\u540e\u4e8e\u8eab\u4f53\u7684\u8fd0\u52a8",
            "likeCount": 27
        },
        {
            "reply_id": "UgyVsrjkPqJfaG6BTCl4AaABAg",
            "reply_content": "\u5176\u5be6\u771f\u7684\u53ef\u4ee5\u82b1\u4e00\u7b46\u9322\u7528\u5728\u77ef\u6b63\u7259\u9f52 \u5728\u87a2\u5e55\u4e0a\u6703\u6bd4\u8f03\u4e0a\u76f8",
            "likeCount": 1
        }
    ]
}