{
    "video_info": {
        "id": "juLbpfA4CMk",
        "channelTitle": "Howwork X \u516d\u6307\u6df5",
        "title": "\u8d64\u9b3c\u4f2f\u4f2f\u8207\u7279\u6548\u5e2b\u7d04\u6703 \u7b2c\u4e8c\u96c6\uff01\u62b1\u6b49\u4e86\u5404\u4f4d\ud83d\ude48\u7d04\u6703\u5c31\u662f\u8981\u7d04\u6e9c\u51b0\u554a",
        "description": "",
        "likeCount": "4431",
        "commentCount": "81",
        "viewCount": "118606"
    },
    "comments": [
        {
            "reply_id": "UgzlUlXHrX1bCuTO9mB4AaABAg",
            "reply_content": "\u8d64\u9b3c\u7684\u7537\u670b\u53cb\u662f\u6e96\u6642\u770b\u5979\u76f4\u64ad\u7684\u89c0\u773e\u5011",
            "likeCount": 4
        },
        {
            "reply_id": "Ugx7lp8YfTVyZl2hy854AaABAg",
            "reply_content": "\u5927\u5bb6\u597d\u6211\u662f\u8d64\u9b3c\u7684\u5bf6 \u5979\u8aaa\u55ae\u8eab\u53ea\u662f\u7bc0\u76ee\u6548\u679c",
            "likeCount": 0
        }
    ]
}