{
    "video_info": {
        "id": "LyBHAf3jDes",
        "channelTitle": "Howwork X \u516d\u6307\u6df5",
        "title": "\u4eca\u5929\u8981\u958b\u9664\u5176\u4e2d\u4e00\u4f4d\uff01",
        "description": "Logitech \u7f85\u6280 MX \u9ad8\u968e\u5546\u52d9\u7cfb\u5217\u642d\u914d Logi Options+\u300cSmart Actions \u667a\u80fd\u555f\u52d5\u300d\u529f\u80fd\uff0c\u8b93\u4f60\u4e00\u9375\u5b8c\u6210\u8907\u96dc\u4efb\u52d9\u3001\u5927\u5e45\u63d0\u9ad8\u8fa6\u516c\u6548\u7387\uff01\u73fe\u5728\u5c31\u641c\u5c0b\u300cLogitech MX \u9ad8\u968e\u5546\u52d9\u300d\uff0c\u9ad4\u9a57\u8d85\u5f37\u5927\u7684\u5546\u52d9\u8fa6\u516c\u4e4b\u529b\u5427\uff01#Logitechtw #SmartActions\u667a\u80fd\u555f\u52d5 #MX\u9ad8\u968e\u5546\u52d9\u7cfb\u5217 #MXMechanical\u7121\u7dda\u667a\u80fd\u6a5f\u68b0\u9375\u76e4 #MXMaster3S\u7121\u7dda\u667a\u80fd\u6ed1\u9f20",
        "likeCount": "4097",
        "commentCount": "51",
        "viewCount": "89152"
    },
    "comments": [
        {
            "reply_id": "UgwEpM8T_lrlXlcYeUh4AaABAg",
            "reply_content": "\u60f3\u770b\u516d\u516d\u7528\u5b54\u5b50\u4e0b\u5c71\u4f86\u9ede\u540d \u5b54\u5b50\u771f\u7684\u5f9e\u5c71\u4e0a\u8dd1\u4e0b\u4f86\u9ede\u540d",
            "likeCount": 7
        },
        {
            "reply_id": "UgyjfzG6W_AFzG6WVxx4AaABAg",
            "reply_content": "\u6211\u4ee5\u70ba\u6703\u8aaa\u6709\u90a3\u500b\u6ed1\u9f20\u5c31\u4e0d\u9700\u8981\u54e1\u5de5\u4e86",
            "likeCount": 5
        },
        {
            "reply_id": "Ugx4uH-ay-iQAkoTaCB4AaABAg",
            "reply_content": "\u8981\u88c1\u54e1\u624d\u80fd\u8ddf\u4efb\u5fd7\u55ae\u7368\u4e0a\u73ed\u554a",
            "likeCount": 0
        },
        {
            "reply_id": "UgzgphIkg2llEdEn2H54AaABAg",
            "reply_content": "\u516d\u516d\u5df2\u7d93\u653e\u68c4\u5426\u8a8d\u81ea\u5df1\u548c\u4efb\u5fd7\u7684\u59e6\u60c5\u4e86",
            "likeCount": 0
        },
        {
            "reply_id": "UgxfsphZaZ7YLgJ7GGd4AaABAg",
            "reply_content": "\u54c8\u54c8\u6211\u6709\u60f3\u904e\u8cb7\u9019\u9846\u6ed1\u8036",
            "likeCount": 0
        }
    ]
}