{
    "video_info": {
        "id": "M-IApef_UHw",
        "channelTitle": "Howwork X \u516d\u6307\u6df5",
        "title": "Impossible magic \u4e0d\u53ef\u80fd\u7684\u9b54\u8853",
        "description": "",
        "likeCount": "574",
        "commentCount": "37",
        "viewCount": "12096"
    },
    "comments": [
        {
            "reply_id": "Ugws4mU2XPIjv40Kv654AaABAg",
            "reply_content": "\u5728\u9019\u500b\u983b\u9053\u770b\u5230\u6211\u90fd\u4e0d\u77e5\u9053\u662f\u9b54\u8853\u9084\u662f\u7279\u6548\u4e86",
            "likeCount": 62
        },
        {
            "reply_id": "Ugwq2bRFdGn1M16R9wF4AaABAg",
            "reply_content": "\u7b2c\u4e00\u500b\u9b54\u8853\u53ea\u8981\u628a\u9322\u653e\u9032\u9322\u5305\u4e5f\u53ef\u4ee5\u6210\u529f\u7684",
            "likeCount": 17
        },
        {
            "reply_id": "UgzkokwKRWz3DHuzPqZ4AaABAg",
            "reply_content": "\u65c1\u908a\u7684\u53cd\u61c9\u6bd4\u7279\u6548\u9084\u731b",
            "likeCount": 0
        },
        {
            "reply_id": "Ugz63WsPGAuAMjMd50V4AaABAg",
            "reply_content": "\u4eca\u5929\u8996\u983b\u6bba\u9752\u53ef\u4ee5\u52a0\u96de\u817f",
            "likeCount": 0
        }
    ]
}