{
    "video_info": {
        "id": "O5sgmz4g_bE",
        "channelTitle": "Howwork X \u516d\u6307\u6df5",
        "title": "\u9a19\u8001\u95c6\u5538\u5492\u8a9e\u653e\u6211\u4e0b\u73ed\uff01",
        "description": "",
        "likeCount": "6385",
        "commentCount": "35",
        "viewCount": "101824"
    },
    "comments": [
        {
            "reply_id": "UgwMgWbLJCF-60FXzth4AaABAg",
            "reply_content": "\u4f60\u5c45\u7136\u7528\u6211\u7684\u9b54\u6cd5\u5c0d\u4ed8\u6211",
            "likeCount": 3
        },
        {
            "reply_id": "UgyElAEexPBzAM024j94AaABAg",
            "reply_content": "\u5c45\u7136\u7528\u6211\u7684\u9b54\u6cd5\u5c0d\u4ed8\u6211",
            "likeCount": 0
        }
    ]
}