{
    "video_info": {
        "id": "OEAWHRJ1j64",
        "channelTitle": "Howwork X \u516d\u6307\u6df5",
        "title": "This game is realistic!",
        "description": "",
        "likeCount": "4354",
        "commentCount": "79",
        "viewCount": "85088"
    },
    "comments": [
        {
            "reply_id": "Ugwts7VpMTNdJ8Z9tk94AaABAg",
            "reply_content": "\u9019\u904a\u6232\u5f88\u597d\u73a9\u4f46\u53ea\u80fd\u73a9\u4e00\u6b21",
            "likeCount": 167
        },
        {
            "reply_id": "Ugyreys2GsCTez7ZUMF4AaABAg",
            "reply_content": "\u53f0\u7063\u7206\u4e86\ud83d\ude02\u54c8\u54c8\u54c8\u54c8\u54c8\u54c8\u54c8\u54c8\u54c8\u54c8\u54c8\u54c8\u54c8\u54c8\u54c8\u54c8\u54c8\u54c8\u54c8\u54c8\u54c8\u54c8\u54c8\u54c8\u54c8\u54c8\u54c8\u54c8\u54c8\u54c8\u54c8\u54c8\u54c8\u54c8\u54c8\u54c8\u54c8\u54c8\u54c8\u54c8\u54c8\u54c8\u54c8\u54c8\u54c8\u54c8\u54c8",
            "likeCount": 0
        },
        {
            "reply_id": "UgwLGyLUhp90Jn-3Hsh4AaABAg",
            "reply_content": "\u7576\u5c0f\u5b69\u64c1\u6709\u795e\u660e\u7684\u6b0a\u5229",
            "likeCount": 0
        },
        {
            "reply_id": "UgzfmRB-j019t_Xa9Nt4AaABAg",
            "reply_content": "\u6211\u5df2\u7d93\u628a\u6240\u6709\u6b66\u5668\u90fd\u89e3\u9396\u4e86",
            "likeCount": 0
        }
    ]
}