{
    "video_info": {
        "id": "packeFUqNcE",
        "channelTitle": "Howwork X \u516d\u6307\u6df5",
        "title": "\u7559\u8a00A\u3001B\u8ab0\u8d0f\u4e86\uff01",
        "description": "",
        "likeCount": "5500",
        "commentCount": "587",
        "viewCount": "87368"
    },
    "comments": [
        {
            "reply_id": "Ugwnv6hEMNuHdY1c9IB4AaABAg",
            "reply_content": "\u9019\u5c31\u662f\u6709\u914d\u6a02\u548c\u6c92\u9078\u5c0d\u6b4c\u7684\u5340\u5225",
            "likeCount": 1
        },
        {
            "reply_id": "UgzTwzf3TlR8ji0a2aR4AaABAg",
            "reply_content": "\u8f38\u5f97\u61f2\u7f70\u662f\u8ddf\u8d0f\u7684\u5728\u4e00\u8d77",
            "likeCount": 0
        }
    ]
}