{
    "video_info": {
        "id": "WxQAPNB8fJs",
        "channelTitle": "Howwork X \u516d\u6307\u6df5",
        "title": "\u4f60\u662f\u6211\u5011\u8981\u627e\u7684\u4eba\u55ce\uff1f \u5feb\u4f86\u5831\u540d\uff01 https://nschool.tw/digital",
        "description": "",
        "likeCount": "1953",
        "commentCount": "44",
        "viewCount": "43844"
    },
    "comments": [
        {
            "reply_id": "Ugw0LB48VNjBJ3veUq14AaABAg",
            "reply_content": "\u9019\u500b\u6559\u5ba4\u597d\u719f\u6089\u65e5\u672c\u4eba\u5e38\u7528",
            "likeCount": 76
        },
        {
            "reply_id": "Ugxi_KhAseln9ux0B3F4AaABAg",
            "reply_content": "\u6211\u4e5f\u807d\u904e\u4e00\u500b\u5b57\u53eb\u505a\u52de\u52d5\u529b\u767c\u5c55\u7f72\uff0c\u6709\u8077\u524d\u8a13\u7df4\u548c\u5728\u8077\u9032\u4fee",
            "likeCount": 51
        },
        {
            "reply_id": "UgzszvLVk37zgfHmNDV4AaABAg",
            "reply_content": "\u516d\u516d\u7a7f\u9019\u5957\u8863\u670d\u5f88\u5e25\u5f88\u9069\u5408",
            "likeCount": 34
        },
        {
            "reply_id": "Ugx3UJH8nCoHdCMcQLZ4AaABAg",
            "reply_content": "\u4e0d\u77e5\u9053\u70ba\u4ec0\u9ebc\u7e3d\u89ba\u5f97\u80cc\u666f\u662f\u5047\u7684",
            "likeCount": 0
        },
        {
            "reply_id": "UgyprZ5pD1Nn9bwLK4h4AaABAg",
            "reply_content": "\u7e7c\u7e8c\u552c\u721b\u6c92\u95dc\u4fc2\uff0c\u53f0\u7063\u6709\u54ea\u500b\u8ab2\u662f\u771f\u7684\u6709\u7528\u7684",
            "likeCount": 0
        }
    ]
}