{
    "video_info": {
        "id": "x7yzyDQmfpg",
        "channelTitle": "Howwork X \u516d\u6307\u6df5",
        "title": "\u89c0\u773e\u60f3\u770b66\u628a\u81ea\u5df1\u58d3\u6241",
        "description": "",
        "likeCount": "5000",
        "commentCount": "148",
        "viewCount": "89176"
    },
    "comments": [
        {
            "reply_id": "UgwdPHiyA5L2x28fxEF4AaABAg",
            "reply_content": "\u6240\u4ee5\u6211\u8aaa\u9d28\u9d28\u53bb\u54ea\u88e1\u4e86",
            "likeCount": 1
        },
        {
            "reply_id": "UgzyB02f1npzBmjqjwN4AaABAg",
            "reply_content": "\u60f3\u770b\u516d\u516d\u64c1\u6709\u8d85\u80fd\u529b\u4e26\u4e14\u6709\u96f7\u5c04\u773c\uff0c\u7d50\u679c\u80fd\u529b\u592a\u5f37\u628a\u623f\u5b50\u71d2\u4e86",
            "likeCount": 0
        },
        {
            "reply_id": "UgxjSD8UGQvorPGZUed4AaABAg",
            "reply_content": "\u6240\u6709\u6771\u897f\u7528\u820c\u982d\u78b0\u5230\u90fd\u6703\u8b8a\u5f37\u529b\u81a0",
            "likeCount": 0
        },
        {
            "reply_id": "UgxYK-rkrISeoHnyrPV4AaABAg",
            "reply_content": "\u771f\u7684\u5f88\u597d\u5947\uff0c\u505a\u9019\u7a2e\u7279\u6548\u5230\u5e95\u9700\u8981\u591a\u4e45\u7684\u6642\u9593",
            "likeCount": 0
        },
        {
            "reply_id": "UgykXSBjV_ECXuzeEhx4AaABAg",
            "reply_content": "\u60f3\u770b\u516d\u516d\u80fd\u50cf\u6d77\u7dbf\u5bf6\u5bf6\u4e00\u6a23\u5438\u6c34\u4e26\u4e14\u64e0\u51fa\u5f88\u591a\u6c34",
            "likeCount": 0
        },
        {
            "reply_id": "Ugz_UKNvHZeo1A9Ei894AaABAg",
            "reply_content": "\u60f3\u4f60\u628a\u4f60\u5176\u4e2d\u4e00\u500b\u5f9e\u7559\u8a00\u62bd\u51fa\u4f86\u62bd\u5230\u4f60\u9580\u76f4\u64ad\u9593\u53c3\u89c0\u554a",
            "likeCount": 0
        },
        {
            "reply_id": "Ugx2G3apL5fZ-2o2cd54AaABAg",
            "reply_content": "\u60f3\u770b\u516d\u516d\u7528\u7acb\u9ad4\u6a5f\u52d5\u88dd\u7f6e\u628a\u611b\u6200\u7684\u982d\u780d\u4e0b\u4f86",
            "likeCount": 0
        },
        {
            "reply_id": "UgwezAfcdMlaOJ5fdMV4AaABAg",
            "reply_content": "\u591a\u7c73\u591a\u7f85\u591a\u7c73\u591a\u7f85\u600e\u9ebc\u8b8a\u6241\u4e86",
            "likeCount": 0
        },
        {
            "reply_id": "UgzIWM008HWP3QRQWV54AaABAg",
            "reply_content": "\u9019\u500b\u7cfb\u5217\u600e\u9ebc\u6c92\u6709\u82f1\u6587\u5b57\u5e55",
            "likeCount": 0
        },
        {
            "reply_id": "Ugx9J4bC9nZ9MNOSrTZ4AaABAg",
            "reply_content": "\u60f3\u770b\u516d\u516d\u8b8a\u6210\u7194\u5ca9\u751c\u751c\u5708",
            "likeCount": 0
        },
        {
            "reply_id": "Ugyh3h9MvKY2qzDMEPl4AaABAg",
            "reply_content": "\u6211\u9084\u6c92\u770b\u5230\u4e0a\u5247\u5f71\u7247\u6309\u8b9a\u6578\u6700\u9ad8\u7684\u4efb\u5fd7\u89aa\u89aa\u5462\ud83d\ude32",
            "likeCount": 0
        },
        {
            "reply_id": "UgyhcsHBPxgM9XDbfkp4AaABAg",
            "reply_content": "\u70ba\u4ec0\u9ebc\u6709\u9d28\u9d28\u3001\u5e36\u820a\u773c\u775b\u7684\u516d\u516d\u548c\u820a\u7684\u651d\u5f71\u68da",
            "likeCount": 0
        }
    ]
}