{
    "video_info": {
        "id": "Y4_wl-SNaFw",
        "channelTitle": "Howwork X \u516d\u6307\u6df5",
        "title": "How to cook air! \u5982\u4f55\u6599\u7406\u7a7a\u6c23",
        "description": "",
        "likeCount": "1508",
        "commentCount": "38",
        "viewCount": "26705"
    },
    "comments": [
        {
            "reply_id": "UgzQ2ZaP5irrzBSEAlZ4AaABAg",
            "reply_content": "\u8ddf\u8c37\u95dc\u7a7a\u6c23\u74f6\u6bd4\u8d77\u4f86\u5982\u4f55",
            "likeCount": 6
        },
        {
            "reply_id": "UgybeOOJUFaKRIU_4mp4AaABAg",
            "reply_content": "\u62cd\u9019\u7a2e\u5f71\u7247\u4e0d\u5982\u591a\u966a\u966a\u8001\u95c6",
            "likeCount": 1
        }
    ]
}