{
    "video_info": {
        "id": "YT8eqUSk8po",
        "channelTitle": "Howwork X \u516d\u6307\u6df5",
        "title": "#slickback the smart way!?",
        "description": "",
        "likeCount": "2534",
        "commentCount": "46",
        "viewCount": "59232"
    },
    "comments": [
        {
            "reply_id": "Ugz3PSZ-i8FiiGMyU-14AaABAg",
            "reply_content": "\u516d\u516d\u56fd\u5916\u4e00\u4e2a\u4eba\u76d7\u4f60\u5f71\u7247",
            "likeCount": 1
        }
    ]
}