{
    "video_info": {
        "id": "-KhPJ9IabuA",
        "channelTitle": "\u5b89\u557e\u54aa",
        "title": "\u5927\u962a\u6cbb\u5b89\u6700\u5dee\u7684\u661f\u91ce\u98ef\u5e97\uff01\u4f46\u6709\u514d\u8cbb\u6cb3\u8c5a\u53ef\u4ee5\u5403\u3001\u9084\u80fd\u63d0\u53ef\u611b\u6cb3\u8c5a\u71c8\u7c60\uff01| \u5b89\u557e (\u309d\u2200\uff65) \u2661",
        "description": "\u6cb3\u8c5a\u71c8\u7c60\u9084\u80fd\u66f4\u53ef\u611b\u55ce\ud83d\udc21\nHoYoverse\u65b0\u4f5c\u9280\u6cb3\u5192\u96aaRPG\u300a\u5d29\u58de\uff1a\u661f\u7a79\u9435\u9053\u300b\u2606\u73fe\u5df2\u958b\u653e\u4e0b\u8f09 https://hoyo.link/fcpbCnAd\n\n\u958b\u670d\u514c\u63db\u78bc\uff08\u53ef\u7372\u5f9750\u661f\u74ca\uff01\uff09\uff1aHSRVER10XEDLFE\n\u6709\u6548\u6642\u9593\uff1a4/26 10:00\uff5e5/17 17:59 UTC+8\n\n\u9019\u6b21\u4f4f\u7684\u662f\u661f\u91ceOMO7 \u5927\u962a\n\u661f\u91ceOMO\u7cfb\u5217 \u5176\u5be6\u6211\u90fd\u5f88\u559c\u6b61\uff5e\n\u623f\u9593\u8a2d\u8a08\u5f88\u53ef\u611b\u4ee5\u5916 \u7406\u5ff5\u4e5f\u5f88\u6eab\u99a8\n\u6bcf\u9593OMO\u90fd\u5f88\u8a8d\u771f\u5e36\u4f60\u4e86\u89e3\u5468\u906d\u5340\u57df\u7684\u9b45\u529b\n\u7d66\u6211\u4e00\u7a2e\u5f88\u89aa\u5207\u53c8\u5728\u5730\u7684\u611f\u89ba\uff01\n\n\u27ab \u8a02\u95b1\u5b89\u557e\uff1ahttps://goo.gl/KmLFgD\n\u27ab \u5b89\u557eIG\uff1ahttps://www.instagram.com/anjouclever/\n\u27ab \u5b89\u557eFB\uff1ahttps://www.facebook.com/anjoupikachu/\n\ud83d\udc39 \u73a9\u5177\u958b\u7bb1\u5168\u96c6\uff1ahttps://goo.gl/91ulRJ",
        "likeCount": "1542",
        "commentCount": "56",
        "viewCount": "71298"
    },
    "comments": [
        {
            "reply_id": "UgwU8zNZ6GzcArYnVdJ4AaABAg",
            "reply_content": "\u6211\u4e00\u76f4\u5f88\u597d\u5947\u4e00\u4ef6\u4e8b\n\u5b89\u557e\u9019\u9ebc\u53ef\u611b\u5728\u65e5\u672c\u6709\u6c92\u6709\u88ab\u7f8e\u7537\u5b50\u642d\u8a15\u904e\u963f\uff1f"
        },
        {
            "reply_id": "UgwQovOlLcHnjT_jf4V4AaABAg",
            "reply_content": "\u6cbb\u5b89\u6700\u5dee\uff01\u9019\u500b\u6a19\u984c\u8ddf\u4f60\u4ecb\u7d39\u7684\u4e0d\uff0d\u6a23\uff07\u90a3\u4f60\u61c9\u8a72\u662f\u8aaa\u9019\u9152\u5e97\u662f\u597d\u9084\u662f\u4e0d\u597d\u5462\uff1f"
        },
        {
            "reply_id": "UgzrQkzKd-isA-38LL14AaABAg",
            "reply_content": "\u8b1d\u8b1d\u5b89\u557e\u8a73\u7d30\u7684\u4ecb\u7d39 \u8b9a"
        },
        {
            "reply_id": "UgxhtD7HyzZdoaq1ARF4AaABAg",
            "reply_content": "\u77ed\u9aee\u7684\u5b89\u557e\u597d\u53ef\u611b\u3002"
        },
        {
            "reply_id": "UgxioFDb--s6HpAtMO14AaABAg",
            "reply_content": "\u597d\u8b9a\u54e6\uff01\u559c\u6b61\u770b\u5b89\u557e\u958b\u7bb1\u98ef\u5e97\ud83d\ude0d"
        },
        {
            "reply_id": "UgxXGukbfNOVvMx4N7h4AaABAg",
            "reply_content": "\u5225\u4eba\u600e\u9ebc\u8aaa\u6211\u4e0d\u7406\uff0c\u53ea\u8981\u6709\u4eba\u4e5f\u4e00\u6a23\u7684\u80af\u5b9a\uff01  \u59b3\u904e\u5f97\u597d\uff0c\u5c31\u80fd\u70ba\u7c89\u7d72\u5e36\u4f86\u5e78\u798f\uff01"
        },
        {
            "reply_id": "Ugygs4ofhaTGLNzUgtJ4AaABAg",
            "reply_content": "\u6211\u6bd4\u8f83\u559c\u6b22\u557e\u54aa\u5f00\u7bb1\u73a9\u5177"
        },
        {
            "reply_id": "UgyPhefNfaHPRVOKU9Z4AaABAg",
            "reply_content": "\u5f88\u68d2\u7684\u98ef\u5e97"
        },
        {
            "reply_id": "UgyaZHfbRaAPK_kaXtR4AaABAg",
            "reply_content": "\u7c73\u54c8\u6e38\u4e1a\u914d\uff0c\u53cc\u53a8\u72c2\u559c"
        },
        {
            "reply_id": "Ugye9iumAXjmlNe8vhZ4AaABAg",
            "reply_content": "\u52d5\u7269\u524d\u4e00\u756a\u8857\u7684\u68d2\u68d2\u7cd6\u597d\u5403"
        },
        {
            "reply_id": "Ugz_g4sd0Afyf1SfTtZ4AaABAg",
            "reply_content": "8\u6708\u5c31\u8981\u53bb\u5927\u962a\u4e86 \u597d\u671f\u5f85\u5594"
        },
        {
            "reply_id": "UgyHygwOaaJY4qLGyqZ4AaABAg",
            "reply_content": "\u6700\u559c\u6b61\u770b\u5b89\u557e\u958b\u7bb1"
        },
        {
            "reply_id": "UgxSS17eVUtqarfOUqF4AaABAg",
            "reply_content": "\u6211\u8ddf\u5bb6\u4eba\u4ee5\u524d\u53bb\u904e\u65e5\u672c\u7684\u540d\u53e4\u5c4b\u548c\u672d\u5e4c\u5e02\uff0c\u90a3\u500b\u718a\u6709\u4f86\u53f0\u7063\u904e"
        },
        {
            "reply_id": "UgzWgc7CRxyQfkq-nNB4AaABAg",
            "reply_content": "\u4e4b\u524d2\u6708\u4efd\u53bb\u5927\u962a\u7684\u6642\u5019\n\u4e94\u5929\u88e1\u9762\u6709\u4e09\u5929\u90fd\u770b\u5230\ud83d\ude02\ud83d\ude02"
        },
        {
            "reply_id": "Ugwl9pCMF4n0pOOzFS94AaABAg",
            "reply_content": "\u7f8e\u7f8e\u7684\u5730\u65b9\u548c\u7f8e\u7f8e\u7684\u5b89\u557e\ud83d\ude02\ud83d\ude02"
        },
        {
            "reply_id": "Ugx5zTtlKqvqY-ODhAl4AaABAg",
            "reply_content": "\u90a3\u500b\u5e33\u7bf7\u597d\u8b9a"
        },
        {
            "reply_id": "Ugylm_3qab8TbZtlOFZ4AaABAg",
            "reply_content": "\u597d\u559c\u6b61\u770b\u5b89\u557e\u958b\u7bb1\u98ef\u5e97\uff01\uff01"
        },
        {
            "reply_id": "UgyGJyHFojFDGKcLftF4AaABAg",
            "reply_content": "*\u5b89\u557e\u54aa\u5982\u679c\u6709\u7537\u670b\u53cb\u4e00\u5b9a\u5f88\u5e78\u798f*"
        },
        {
            "reply_id": "Ugx2I9SlQqhcNPP9anx4AaABAg",
            "reply_content": "\u8072\u97f3\u5ffd\u5927\u5ffd\u5c0f\u7684\u634f\u2026\n\u4ecb\u7d39\u7684\u6642\u5019\u5c0f\u5c0f\u8072\u7684\n\u6709\u6642\u5019\u53c8\u6703\u7a81\u7136\u8b8a\u5f88\u5927\u8072"
        },
        {
            "reply_id": "Ugzc9KYb1ewuEbXxeEZ4AaABAg",
            "reply_content": "\u771f\u7684\u5e0c\u671b\u4eca\u5e74\u6691\u5047\u53ef\u4ee5\u518d\u53bb\u65e5\u672c\ud83c\uddef\ud83c\uddf5"
        }
    ]
}