{
    "video_info": {
        "id": "0B62o6B_Cbc",
        "channelTitle": "\u5b89\u557e\u54aa",
        "title": "\u81ea\u88fd\u62bd\u9322\u86cb\u7cd5\uff01\u9577\u8f29\u306e\u6700\u611b\uff01\u5f9e\u86cb\u7cd5\u88e1\u62bd\u51fa\u6e90\u6e90\u4e0d\u7d55\u7684\u9214\u7968\u5427\uff01| \u5b89\u557e (\u309d\u2200\uff65) \u2661",
        "description": "\u8cc4\u8cc2\u86cb\u7cd5!!\n-------\n\u27ab \u8a02\u95b1\u5b89\u557e\uff1ahttps://goo.gl/KmLFgD\n\u27ab \u5b89\u557eFacebook\uff1ahttps://www.facebook.com/anjoupikachu/\n\ud83d\udc39 \u73a9\u5177\u958b\u7bb1\u5168\u96c6\uff1ahttps://goo.gl/91ulRJ\n- - - - - - - - - - - - - - - - - - - - - -\n\n\n\n- - - - - - - - - - - - - - - - - - - - - -\n\n\u27a8\u76f8\u95dc\u5f71\u7247\n\n1/2\u7e2e\u5c0f\u7248\u626d\u86cb\u6a5f \u2606 \u626d\u5230\u4ec0\u9ebc\u5c31\u5403\u4ec0\u9ebc\u7684\u523a\u6fc0\u73a9\u6cd5?!\n\u21e2 https://goo.gl/tSJlNG\n\u6dbc\u9eb5\u6c34\u6a02\u5712 - \u6d41\u6c34\u7d20\u9eb5\u5f9e\u9ad8\u4f4e\u5dee56cm\u7684\u6ed1\u6c34\u9053\u6e9c\u4e0b\u4f86\u4e86\uff01\n\u21e2 https://goo.gl/tgYRy1\n\u3010\u77e5\u80b2\u83d3\u5b50\u3011\u99ac\u6876\u6e05\u6dbc\u98f2\u6599\uff01\u7121\u6cd5\u62db\u67b6\u7684\u5473\u9053\uff01\n\u21e2 https://goo.gl/n0nnyQ\n\u6d77\u5e95\u7e3d\u52d5\u54e12 - Finding Dory \u2606 \u591a\u8389\u5609\u5e74\u83ef\uff01\u9084\u6709\u597d\u591a\u9b5a\u53cb\u5011\uff01\n\u21e2 https://goo.gl/oAn42q\n\u6703\u5b78\u4f60\u8aaa\u8a71\u7684\u840c\u840c\u5c0f\u5009\u9f20 - \u8981\u6210\u70ba\u4e00\u4f4d\u6559\u5b97\u4e0d\u662f\u90a3\u9ebc\u7c21\u55ae\u7684\u4e8b\u60c5!!\n\u21e2 https://goo.gl/8WZaZT\n\n- - - - - - - - - - - - - - - - - - - - - -\n\n\n- - - - - - - - - - - - - - - - - - - - - -\n\u27a8\u3010\u7d05\u77f3\u53e3\u888b\u3011FB\uff1ahttps://www.facebook.com/RedStone.Poke\n- - - - - - - - - - - - - - - - - - - - - -\nBGM\u4f86\u6e90\uff1ahttp://dova-s.jp/\n\u97f3\u6548\u4f86\u6e90\uff1ahttp://musicisvfr.com/free/index.html",
        "likeCount": "14010",
        "commentCount": "554",
        "viewCount": "586917"
    },
    "comments": [
        {
            "reply_id": "UgyFAYrMgv6rZr8ZyS54AaABAg",
            "reply_content": "\u62bd\u51fa\u4f86\u624d\u77e5\u9053\u539f\u4f86\u6709\u90a3\u9ebc\u591a\u5f35\ud83d\udcb6"
        },
        {
            "reply_id": "Ugyt6kJQSC-OPxmZaEN4AaABAg",
            "reply_content": "\u795d\u79cb\u5abd\u751f\u65e5\u5feb\u6a02\ud83c\udf82"
        },
        {
            "reply_id": "UgxZ146HbXkyMAuRag94AaABAg",
            "reply_content": "\u5f88\u53ef\u611b"
        },
        {
            "reply_id": "UgzC7C5OSBYGvoCz7nR4AaABAg",
            "reply_content": "\u6709\u5fc3"
        },
        {
            "reply_id": "UgwT1buZpl2DH1cTP2p4AaABAg",
            "reply_content": "\u5b89\u557e\u5abd\u770b\u5230\u5f88\u591a\u7684\u9214\u7968\ud83e\udd11  \u7136\u5f8c\u5b89\u557e\u5abd\u5c31\u628a\u9214\u7968\u653e\u5728\u9322\u5305\u88e1\u9762\ud83d\ude02  \u5b89\u557e\u5abd\u60f3\u8981\u5929\u5929\u898b\u5230\u9214\u7968"
        },
        {
            "reply_id": "Ugwm5nwZ-bpBD2vUaLx4AaABAg",
            "reply_content": "\u5b89\u5abd\u4e00\u5b9a\u8d85\u958b\u5fc3\u3002"
        },
        {
            "reply_id": "Ugw7LTIOuvPHeq4Hsil4AaABAg",
            "reply_content": "\u5b89\u557e\u597d\u8cbc\u5fc3"
        },
        {
            "reply_id": "UgxorKAFbKI98gDyYPV4AaABAg",
            "reply_content": "\u54c7\u554a\u554a\u554a\u2764\u6700\u5f8c\u5f04\u7684\u86cb\u7cd5\u6210\u679c\u5f88\u53ef\u611b\u554a\ud83d\udc95"
        },
        {
            "reply_id": "UgzsrXKM1OvuvrOc-SN4AaABAg",
            "reply_content": "\u5b89\u557e\u59d0\u59d0\u597d\u53ef\u611b"
        },
        {
            "reply_id": "UgzOsolEfXs6BiFQA0l4AaABAg",
            "reply_content": "\u88dc\u6551\u4e4b\u5f8c\u7684\u86cb\u7cd5\u8d85\u597d\u770b"
        },
        {
            "reply_id": "UgysFMT58dLQvKZVNgB4AaABAg",
            "reply_content": "\u557e\u5abd\u751f\u65e5\u5feb\u6a02\ud83c\udf82"
        },
        {
            "reply_id": "Ugxw868Rh3Y4WxTjwDN4AaABAg",
            "reply_content": "\u597d\u591a\u9322\u5594"
        },
        {
            "reply_id": "UgxqZ9K6LOLTU1D3dch4AaABAg",
            "reply_content": "\u6211\u5011\u5728\u6559\u5e2b\u7bc0\u6642\u7d66\u8001\u5e2b\u62bd\u7684\u662f\u795d\u798f\u7684\u8a71\u4f46\u662f\u597d\u8cb4\u5594\uff01"
        },
        {
            "reply_id": "UgzofMOioc3E2TPGx_R4AaABAg",
            "reply_content": "\u4e0d\u662f\u6709\u4e00\u500b\u59b9\u59b9\u53eb\u90b1\u7ffc\u742a"
        },
        {
            "reply_id": "UgxYkNEQysYHgy5CJKx4AaABAg",
            "reply_content": "\u5b89\u557e\u5927\u5927\u597d\u5b5d\u9806\u5594\uff0c\u6211\u4ee5\u5f8c\u4e5f\u60f3\u505a\u9019\u6a23\u7684\u86cb\u7cd5\u7d66\u6211\u5bb6\u4eba\uff0c\u7136\u5f8c\uff0c\u5927\u5927\u7684\u5abd\u5abd\u611f\u89ba\u597d\u6f02\u4eae\u5594~"
        },
        {
            "reply_id": "UgynQEZiNSvfNvE0D0J4AaABAg",
            "reply_content": "\u6211\u89ba\u5f97\u4e0b\u6b21\u8981\u8cb76\u540b\u86cb\u7cd5\u76d2\u5b50\u5927\u4e00\u9ede\u9ede\u5c31\u597d\u4e86\u5bec\u4e5f\u8981\u5927\u4e00\u9ede\u9ede"
        },
        {
            "reply_id": "UgwG1slwKmPWiD0Xge54AaABAg",
            "reply_content": "\u557e\u557e\u59d0\u59d0\uff0c\u6211\u5abd\u5abd\u751f\u65e5\u7684\u6642\u5019\u6211\u4e5f\u9001\u5979\uff0c\u5979\u5f88\u958b\u5fc3\uff0c\u8b1d\u8b1d\u4f60\u7684\u6559\u5b78\uff0c\u8b1d\u8b1d"
        },
        {
            "reply_id": "UgzzzqADVZh0TtfXKUF4AaABAg",
            "reply_content": "\u4f60\u5305\u591a\u5c11\u7d66\u4f60\u5abd\u5abd\u770b\u8d77\u4f86\u4e00\u842c"
        },
        {
            "reply_id": "Ugw4mqW9XPonycx7A5t4AaABAg",
            "reply_content": "\u6211\u8ddf\u63ea\u5abd\u540c\u5929\u751f\u65e5"
        },
        {
            "reply_id": "UgyUeCIwb-NO2o5wCUN4AaABAg",
            "reply_content": "\u4f60\u5abd\u6703\u9084\u4f60\u9322\u55ce\uff5e"
        }
    ]
}