{
    "video_info": {
        "id": "1AAFZL5VhZA",
        "channelTitle": "\u5b89\u557e\u54aa",
        "title": "\u7adf\u7136\u6709\u65e5\u672c\u5ead\u5712\u77e5\u80b2\u83d3\u5b50\uff01\u77e5\u80b2\u83d3\u5b50\u5df2\u7d93\u6c92\u6709\u6975\u9650\uff01| \u5b89\u557e (\u309d\u2200\uff65) \u2661",
        "description": "\u77e5\u80b2\u83d3\u5b50\u53c8\u4f86\u5566\uff5e\uff5e\n\u27ab \u8a02\u95b1\u5b89\u557e\uff1ahttps://goo.gl/KmLFgD\n\u27ab \u5b89\u557eIG\uff1ahttps://www.instagram.com/anjouclever/\n\u27ab \u5b89\u557eFB\uff1ahttps://www.facebook.com/anjoupikachu/\n\ud83d\udc39 \u73a9\u5177\u958b\u7bb1\u5168\u96c6\uff1ahttps://goo.gl/91ulRJ\n\n\u27a8\u5176\u4ed6\u5b89\u557e\u5f71\u7247\n1/2\u7e2e\u5c0f\u7248\u626d\u86cb\u6a5f \u2606 \u626d\u5230\u4ec0\u9ebc\u5c31\u5403\u4ec0\u9ebc\u7684\u523a\u6fc0\u73a9\u6cd5?!\n\u21e2 https://goo.gl/tSJlNG\n\u6dbc\u9eb5\u6c34\u6a02\u5712 - \u6d41\u6c34\u7d20\u9eb5\u5f9e\u9ad8\u4f4e\u5dee56cm\u7684\u6ed1\u6c34\u9053\u6e9c\u4e0b\u4f86\u4e86\uff01\n\u21e2 https://goo.gl/tgYRy1\n\u3010\u77e5\u80b2\u83d3\u5b50\u3011\u99ac\u6876\u6e05\u6dbc\u98f2\u6599\uff01\u7121\u6cd5\u62db\u67b6\u7684\u5473\u9053\uff01\n\u21e2 https://goo.gl/n0nnyQ\n\u6d77\u5e95\u7e3d\u52d5\u54e12 - Finding Dory \u2606 \u591a\u8389\u5609\u5e74\u83ef\uff01\u9084\u6709\u597d\u591a\u9b5a\u53cb\u5011\uff01\n\u21e2 https://goo.gl/oAn42q\n\u6703\u5b78\u4f60\u8aaa\u8a71\u7684\u840c\u840c\u5c0f\u5009\u9f20 - \u8981\u6210\u70ba\u4e00\u4f4d\u6559\u5b97\u4e0d\u662f\u90a3\u9ebc\u7c21\u55ae\u7684\u4e8b\u60c5!!\n\u21e2 https://goo.gl/8WZaZT\n\nBGM\u4f86\u6e90\uff1ahttp://dova-s.jp/\n\u97f3\u6548\u4f86\u6e90\uff1ahttp://musicisvfr.com/free/index.html",
        "likeCount": "12293",
        "commentCount": "393",
        "viewCount": "431891"
    },
    "comments": [
        {
            "reply_id": "UgydOrio25K_jUTzFvZ4AaABAg",
            "reply_content": "\u91d1\u9b5a\u662f\u7528\u5370\u7684\u770b\u4e0d\u592a\u51fa\u4f86\uff01"
        },
        {
            "reply_id": "Ugx2d_fR8YXaKEk-VPl4AaABAg",
            "reply_content": "\u597d\u60f3\u73a9\u5594\uff01"
        },
        {
            "reply_id": "UgymPK3yFmqM72jJ4Xx4AaABAg",
            "reply_content": "\u4f60\u548c\u963f\u795e\u6709\u95dc\u4fc2"
        },
        {
            "reply_id": "UgxUsWMV6FsQMTwfVFJ4AaABAg",
            "reply_content": "\u9019\u7a2e\u73a9\u98df\u8981\u53bb\u54ea\u908a\u8cb7\u5462"
        },
        {
            "reply_id": "Ugz4Jh-ejkzrfwIicN54AaABAg",
            "reply_content": "\u8fd9\u73a9\u5177\u53ef\u4ee5\u62ff\u6765\u5403\u7684\u5440\uff1f\u6211\u8fd8\u4ee5\u4e3a\u6446\u7f8e\u7684"
        },
        {
            "reply_id": "UgxaF5M4woi82szev8R4AaABAg",
            "reply_content": "\u4ed6\u7684\u6c34\u53ef\u4ee5\u559d\u5417\uff1f"
        },
        {
            "reply_id": "Ugx5bkoiKE37MbXCpZ14AaABAg",
            "reply_content": "\u807d\u540d\u5b57\u4e00\u958b\u59cb\u4ee5\u70ba\u662f\u5403\u7684 \u4e2d\u9593\u770b\u5230\u4f60\u9019\u9ebc\u5f04\u9084\u4ee5\u70ba\u662f\u64fa\u8a2d \u7136\u5f8c\u770b\u5230\u4f60\u5403\u4e86\u54c8\u54c8\ud83d\ude04"
        },
        {
            "reply_id": "UgxGhWzkEMoVefgfvOx4AaABAg",
            "reply_content": "\u597d\u597d\u7b11 \u53ef\u611b\u7684\u4eba\u90fd\u5728\u73a9\u53ef\u611b\u7684\u6771\u897f\u54c8\u54c8\uff01"
        },
        {
            "reply_id": "Ugy6xOyx4DE2HJLkCR94AaABAg",
            "reply_content": "\u4ec0\u4e48\u724c\u5b50\u7684\u5fae\u6ce2\u7089\u554a\uff1f\u8fd9\u4e48\u9ad8\u7ea7\uff0c\u80fd\u76f4\u63a5\u9009\u74e6\u6570\u548c\u65f6\u95f4"
        },
        {
            "reply_id": "Ugy-Xy1lmcyJ2KIbqch4AaABAg",
            "reply_content": "\u5f88\u53ef\u611b"
        },
        {
            "reply_id": "Ugz1JrT4rVioinmZwxh4AaABAg",
            "reply_content": "\u4ee5\u5f8c\u6703\u4e0d\u6703\u6709\u6c99\u6f20\u7248\u7684\u77e5\u80b2\u83d3\u5b50\ud83d\ude02"
        },
        {
            "reply_id": "Ugxe9GV-GEK6wZgCH7t4AaABAg",
            "reply_content": "\u9ad8\u4e2d\u6642\u6709\u540c\u5b78\u5e36\u9019\u7a2e\u6771\u897f\u4f86\u5b78\u6821\uff0c\u90a3\u500b\u5473\u9053\u771f\u7684\u96e3\u5fd8\uff0c\u6709\u7a2e\u7cd6\u5c3f\u75c5\u7684\u611f\u89ba\u3002"
        },
        {
            "reply_id": "Ugzhdu0WAu0AmmM8wLV4AaABAg",
            "reply_content": "\u53ef\u4ee5\u958b\u7bb1\u68ee\u6797\u5bb6\u65cf\u73a9\u5177\u55ce\uff1f"
        },
        {
            "reply_id": "Ugyk2KbwApeM635R2Gp4AaABAg",
            "reply_content": "\u5e0c\u671b\u589e\u52a0\u4e0d\u540c\u985e\u578b"
        },
        {
            "reply_id": "UgyVnGqIBimdwPCxWzx4AaABAg",
            "reply_content": "\u80fd\u505a\u624b\u6a5f\u88cf\u6709\u4ec0\u9ebc\u7684\u5f71\u7247\u55ce?"
        },
        {
            "reply_id": "UgyzqUwB0WzWcvUMOHx4AaABAg",
            "reply_content": "\u597d\u4e45\u6c92\u770b\u5b89\u557e\u5566\uff01\uff01\uff01\u9084\u662f\u4e00\u6a23\u8d85\u53ef\u611b\uff0c\u8a71\u8aaa\u5b57\u5e55\u539f\u4f86\u5b57\u6709\u9019\u9ebc\u5927\u55ceXD\u770b\u5f97\u5f88\u8212\u670d\uff5e"
        },
        {
            "reply_id": "Ugx9_PF-hB3YFoHBbRl4AaABAg",
            "reply_content": "\u597d\u4e45\u6c92\u770b\u5230\u77e5\u80b2\u83d3\u5b50\uff01\uff01\u592a\u61f7\u5ff5\u4e86\uff5e\u597d\u5e0c\u671b\u5b89\u557e\u80fd\u518d\u591a\u505a\u4e00\u9ede\ud83e\udd23"
        },
        {
            "reply_id": "UgxZL0atTlvKFU-JSVJ4AaABAg",
            "reply_content": "\u9664\u4e86\u67af\u5c71\u6c34\u7684\u6b3e\u5f0f\u4e4b\u5916\u6709\u4e00\u500b\u5e73\u53f0\u53ef\u4ee5\u8a02\u5230\u4e00\u500b\u53eb\u54ed\u4e09\u5c0f\u7684\u7279\u5225\u6b3e\ud83d\ude02\ud83d\ude02\ud83d\ude02\u6211\u6c92\u5728\u552c\u721b \u4e0d\u904e\u90a3\u5546\u54c1\u63a8\u51fa\u4e0d\u52301\u5929\u5c31\u4e0b\u67b6\u4e86\ud83d\ude02\ud83d\ude02"
        },
        {
            "reply_id": "UgyYIJ-ndFRHg5r0YGB4AaABAg",
            "reply_content": "\u6700\u8fd1\u5f71\u7247\u90fd\u597d\u7121\u804a"
        },
        {
            "reply_id": "UgzM-fLnjIvgIJ7PAaV4AaABAg",
            "reply_content": "\u770b\u8457\u5b89\u557e\u5c3b\u4e86\u4e8c\u5341\u5206\u9418"
        }
    ]
}