{
    "video_info": {
        "id": "1fPsYS68vXY",
        "channelTitle": "\u5b89\u557e\u54aa",
        "title": "\u65e5\u672c\u8cfc\u7269\u653b\u7565\uff01\u9019\u88e1\u8d85\u597d\u901b\uff5e\u77e5\u540d\u54c1\u724c\u61c9\u6709\u76e1\u6709\uff01 | \u5b89\u557e (\u309d\u2200\uff65) \u2661",
        "description": "\u4eca\u5929\uff5e\u5e36\u5927\u5bb6\u4f86\u6211\u5728\u6771\u4eac\u6700\u5e38\u901b\u8857\u7684\u5730\u65b9\uff01\n\n\u5b8c\u7f8e\u884c\u8cfc\u7269\u7db2\u7ad9\uff1ahttps://reurl.cc/pZZMdZ\n\u7d50\u5e33\u6642\u8f38\u5165\u300cANJOU\u300d\uff0c\u6eff5000\u65e5\u5713\u5373\u53ef\u62985%\uff01\n\u4f7f\u7528\u671f\u9650\u81f32023/02/28\u55b2\uff5e\n\n\u27ab \u8a02\u95b1\u5b89\u557e\uff1ahttps://goo.gl/KmLFgD\n\u27ab \u5b89\u557eIG\uff1ahttps://www.instagram.com/anjouclever/\n\u27ab \u5b89\u557eFB\uff1ahttps://www.facebook.com/anjoupikachu/\n\ud83d\udc39 \u73a9\u5177\u958b\u7bb1\u5168\u96c6\uff1ahttps://goo.gl/91ulRJ",
        "likeCount": "2798",
        "commentCount": "78",
        "viewCount": "137870"
    },
    "comments": [
        {
            "reply_id": "UgyAHUdzlk5Fc4tN0Ot4AaABAg",
            "reply_content": "\u559c\u6b61\u901b\u8857\u5206\u4eab\uff0c\u9019\u6b21\u597d\u591a\u719f\u6089\u7684\u54c1\u724c\n\u7136\u5f8c\u5b89\u557e\u771f\u7684\u597d\u53ef\u611b"
        },
        {
            "reply_id": "UgxMMfRjPQswsMNKeTR4AaABAg",
            "reply_content": "\u6211\u4e00\u76f4\u90fd\u559c\u6b22\u4f60\u8fd9\u4ef6\u8863\u670d \u4f60\u8eab\u4e0a\u7a7f\u7684\u8fd9\u8eab"
        },
        {
            "reply_id": "UgwEuYXuuUH0Tqc9fZN4AaABAg",
            "reply_content": "\u8acb\u554f\u5b89\u557e\u662f\u6709\u5272\u96d9\u773c\u76ae\u55ce\uff5e\uff5e\uff5e\u60f3\u554f\u7576\u4e0b\u5272\u7684\u7d93\u6b77\uff5e"
        },
        {
            "reply_id": "UgzA7cu0t-kiR1ehT0F4AaABAg",
            "reply_content": "\u6709\u4e00\u9ede\u50cf\u54aa\u5983"
        },
        {
            "reply_id": "Ugx1ahUOaHzmRsYioyB4AaABAg",
            "reply_content": "\u90a3\u4e9b\u8863\u670d\u90fd\u662f\u4ec0\u4e48\u4ef7\u4f4d\u554a\uff1f\u65e5\u5e01"
        },
        {
            "reply_id": "UgxOyWozAr63nqcCfSh4AaABAg",
            "reply_content": "\u65e5\u5e63\u8cb6\u503c\u597d\u591a\u6771\u897f\u90fd\u7269\u7f8e\u50f9\u5ec9\uff0c\u91cd\u9ede\u662f\u5b89\u557e\u597d\u53ef\u611b~~~"
        },
        {
            "reply_id": "Ugz0AFefCtoIaa-103B4AaABAg",
            "reply_content": "\u9019\u9593\u5c0d\u7537\u751f\u53ea\u662f\u4e00\u500b\u904e\u8def\uff0c\u539f\u4f86\u9019\u9ebc\u6709\u540d"
        },
        {
            "reply_id": "UgyfHANlqPGQaHTJ4DV4AaABAg",
            "reply_content": "\u559c\u6b61\u9019\u500b\u7cfb\u5217"
        },
        {
            "reply_id": "Ugz3KWt-lUcQWYfXC9N4AaABAg",
            "reply_content": "\u5409\u535c\u529b\u516c\u5712\u958b\u4e86\u55ce?\u53ef\u4ee5\u9806\u4fbf\u958b\u7bb1\u55ce"
        },
        {
            "reply_id": "Ugy5lXBCK5O7Q_qahXF4AaABAg",
            "reply_content": "\u611f\u89ba\u5b89\u557e\u7684\u5f71\u7247\u5df2\u7d93\u5927\u8f49\u578b\u310c\ud83d\ude02"
        },
        {
            "reply_id": "UgzetTv-z7s_GXykUMR4AaABAg",
            "reply_content": "\u6c42\u5730\u5740"
        },
        {
            "reply_id": "UgwGo9d_xoMmB5wTzGh4AaABAg",
            "reply_content": "\u60f3\u8acb\u554f\u5b89\u557e\u6700\u5f8c\u4e00\u6bb5\u7684\u4e0a\u8863\u548c\u88d9\u5b50\u662f\u4ec0\u9ebc\u54c1\u724c\u7684\uff1f\u771f\u7684\u597d\u559c\u6b61 \u5b89\u557e\u642d\u7684\u975e\u5e38\u597d\u770b\uff01\uff01"
        },
        {
            "reply_id": "UgydJ4RJYajjGrGa1UZ4AaABAg",
            "reply_content": "\u60f3\u8acb\u6559\u4e00\u4e0b\u65e5\u5e63\u96d6\u7136\u8cb6\u503c\u4f46\u6a5f\u7968\u597d\u50cf\u6f322-3\u500d\u9019\u6a23\u7b97\u4e0b\u4f86\u662f\u4e0d\u662f\u96d6\u7136\u65e5\u5e63\u8cb6\u503c\u4f46\u5176\u5be6\u6c92\u6709\u4fbf\u5b9c\u592a\u591a\u554a?"
        },
        {
            "reply_id": "Ugw9U6wmlKhSkClBDjl4AaABAg",
            "reply_content": "\u597d\u5947\u5b8c\u7f8e\u884c\u8ddf\u7576\u5730\u73fe\u5834\u8cb7\u7684\u50f9\u683c \u6709\u5dee\u5f88\u591a\u55ce> <"
        },
        {
            "reply_id": "Ugy9nPAvLLsC8rau3b94AaABAg",
            "reply_content": "\u5f88\u559c\u6b61\u5b89\u557e\u62cd\u65e5\u672c\u8cfc\u7269\u76f8\u95dc\u7684\u5f71\u7247\uff0c\u89ba\u5f97\u81ea\u5df1\u4e5f\u8ddf\u8457\u96f2\u901b\u8857\u310cXDD"
        },
        {
            "reply_id": "Ugx3hVD0a8DvZk3XMSt4AaABAg",
            "reply_content": "\u8acb\u554f\u5b8c\u7f8e\u884c\u662f\u5426\u672a\u958b\u653e\u6210\u7530\u6a5f\u5834\u53d6\u8ca8\ud83d\ude2d"
        },
        {
            "reply_id": "UgxIA8PJ-ooNxMcKp6N4AaABAg",
            "reply_content": "\u8acb\u554f\u9ed1\u8272\u90a3\u5957\u4e0a\u8863\u88d9\u5b50\u5728\u54ea\u88e1\u8cb7\u7684~"
        },
        {
            "reply_id": "Ugxuwx7NuwdLRxwhrcV4AaABAg",
            "reply_content": "\u6bcf\u6b21\u770b\u5230\u6709\u4eba\u62cd\u65e5\u672c\u90fd\u6703\u89ba\u5f97\u53f0\u7063\u7269\u50f9\u8cb4\u5230\u9760\u5317"
        },
        {
            "reply_id": "UgzKBYwmUa0YjxQFlMZ4AaABAg",
            "reply_content": "\u8b1b\u5230\u5b8c\u7f8e\u884c\u6211\u53ea\u60f3\u5230\u8981\u8cb7\u4ed6\u7684\u4fdd\u96aa\uff0c\u4ee5\u9632\u842c\u4e00"
        },
        {
            "reply_id": "Ugy-BMtxc1cysTQ43LB4AaABAg",
            "reply_content": "\u600e\u9ebc\u89ba\u5f97\u5b89\u557e\u6709\u9ede\u50cf\u4e0a\u539f\u4e9e\u8863"
        }
    ]
}