{
    "video_info": {
        "id": "1Ld7Jr0Hssk",
        "channelTitle": "\u5b89\u557e\u54aa",
        "title": "\u4eba\u751f\u7b2c\u4e00\u6b21\u642d\u9577\u9014\u5546\u52d9\u8259\uff01\u9577\u69ae\u822a\u7a7a\u7d66\u4f60\u5e1d\u738b\u822c\u7684\u6599\u7406\uff1f| \u5b89\u557e (\u309d\u2200\uff65) \u2661",
        "description": "\u4eba\u751f\u7b2c\u4e00\u6b21\u642d\u4e58\u9577\u9014\u5546\u52d9\u8259\n\u539f\u4f86\u662f\u9019\u6a23\u7684\u611f\u89ba\uff01\n\n\u8b93\u6211\u5011\u4e0d\u8cbb\u529b\u628a\u81c9\u6d17\u5f97\u4e7e\u6de8\u6e9c\u6e9c\nFOREO\u6bcd\u89aa\u7bc0\u9650\u6642\u512a\u60e0\u6700\u4f4e5\u6298\n\u5feb\u5165\u624b\u59b3\u7684FOREO LUNA 4\u5427 \uff01\uff1ahttps://foreo.se/9owe\n\n\u27ab \u8a02\u95b1\u5b89\u557e\uff1ahttps://goo.gl/KmLFgD\n\u27ab \u5b89\u557eIG\uff1ahttps://www.instagram.com/anjouclever/\n\u27ab \u5b89\u557eFB\uff1ahttps://www.facebook.com/anjoupikachu/\n\ud83d\udc39 \u73a9\u5177\u958b\u7bb1\u5168\u96c6\uff1ahttps://goo.gl/91ulRJ",
        "likeCount": "2830",
        "commentCount": "117",
        "viewCount": "112623"
    },
    "comments": [
        {
            "reply_id": "UgyJz5D6hYHom1jWyot4AaABAg",
            "reply_content": "\u770b\u6a23\u5b50\u771f\u7684\u4e09\u500b\u8259\u4f4d\u5dee\u5225\u8d85\u5927\n\u7d93\u6fdf\u8259\u4eba\u591a\u96d9\u4eba\u4f4d\u6216\u4e09\u4eba\u4f4d\u6709\u9ede\u64e0\n\u5546\u52d9\u8259\u597d\u5bec\u5750\u8d77\u4f86\u597d\u50cf\u5f88\u8212\u670d\n\u90a3\u982d\u7b49\u8259 \u53ef\u80fd\u6bd4\u5546\u52d9\u8259\u66f4\u731b\u7684\u6a23\u5b50\n\u4e0d\u77e5\u4ee5\u5f8c\u80fd\u4e0d\u80fd\u770b\u5230\u982d\u7b49\u8259\u554a"
        },
        {
            "reply_id": "UgxAUJzfIlQltRQXEwR4AaABAg",
            "reply_content": "\u9577\u69ae\u771f\u4e0d\u932f  \u570b\u6cf0\u6bd4\u4e0d\u4e0a"
        },
        {
            "reply_id": "UgwvPLPmgS3SqhteNeN4AaABAg",
            "reply_content": "\u60f3\u554f\u6709\u6c92\u6709\u4eba\u77e5\u9053\uff0c\u5b89\u557e\u7a7f\u7684\"\u96a8\u4fbf\u7684T\u6064\"\u5728\u90a3\u88e1\u8cb7\u7684~"
        },
        {
            "reply_id": "Ugwh-fRkcLeHKe8ULOV4AaABAg",
            "reply_content": "\u8eab\u70ba\u98db\u6a5f\u8ff7\u770b\u4e86\u597d\u7fa8\u6155\u5440!"
        },
        {
            "reply_id": "UgzutyO7bMzVo5UMqv14AaABAg",
            "reply_content": "\u8fd9\u4e2a\u5957\u9910\u662f\u8981\u5230\u673a\u4e0a\u70b9\u561b\u8fd8\u662f\u7f51\u4e0a\u9884\u5b9a\u7684\uff1f"
        },
        {
            "reply_id": "Ugzu0x7WqlgZD4h5Wd14AaABAg",
            "reply_content": "\u5b89\u557e\u5b8c\u5168\u6c92\u6709\u8b8a\u6b38\u6211\u5f9e\u4e09\u5e74\u524d\u5c31\u6c92\u6709\u770b\u5230\u4f60\u4eca\u5929\u770b\u4e86\u4f60\u7136\u5f8c\u770b\u5230\u4e86\u4f60\u9084\u662f\u597d\u6f02\u4eae\u5594\u6211\u7562\u696d\u4e86\u53ef\u4ee5\u795d\u6211\u7562\u696d\u5feb\u6a02\u55ce"
        },
        {
            "reply_id": "UgzoYVOMFQFgHpI6ict4AaABAg",
            "reply_content": "\u73fe\u5728\u662f\u5009\u9f20\u6708\u4f60\u9084\u8a18\u5f97\u55ce"
        },
        {
            "reply_id": "UgzzSwxnVMAHe2s5u414AaABAg",
            "reply_content": "\u4e0b\u6b21\u642d\u770b\u770b\u65b0\u822a\u7684\u982d\u7b49\u8259"
        },
        {
            "reply_id": "UgzlZmnvHIpjsyG3N6B4AaABAg",
            "reply_content": "\u52a0\u62ff\u5927\u600e\u4e48\u6837\u554a"
        },
        {
            "reply_id": "Ugz35srSpaxYO-Kwp5x4AaABAg",
            "reply_content": "\u4e0d\u77e5\u4e0d\u89ba\u770b\u5b89\u557e\u7684\u5f71\u7247\u5df2\u7d93\u5feb7\u5e74\u4e86\ud83d\ude22\uff0c\u9084\u662f\u5f88\u559c\u6b61\ud83d\ude18\uff01"
        },
        {
            "reply_id": "UgypWnex8uQfT58xmOZ4AaABAg",
            "reply_content": "\u771f\u7684\u522b\u5728\u8138\u4e0a\u6253\u9488\u4e86\uff0c\u8138\u90fd\u80bf\u8d77\u6765\u4e86\ud83e\udd72\u8fd8\u662f\u81ea\u7136\u4e00\u70b9\u597d\u770b\u4e9b"
        },
        {
            "reply_id": "Ugy1bVrliRNLPPoC9jh4AaABAg",
            "reply_content": "\u6211\u4e5f\u662f\u642d\u9577\u69ae\uff0c\u6211\u6709\u7d93\u904e\u5546\u52d9\u8259\ud83d\ude02\u771f\u7684\u597d\u7279\u5225"
        },
        {
            "reply_id": "Ugy1sbCGksodxoyuKhR4AaABAg",
            "reply_content": "\u90fd\u662f\u8fa3\u53f0\u59b9\u8521\u82f1\u6587\u5bb3\u53f0\u7063\u88ab\u4e2d\u5171\u5c04\u98db\u5f48\n\n\u8521\u82f1\u6587\u5171\u72d7\u8acb\u8c37\u6b4c\u3121"
        },
        {
            "reply_id": "Ugyg4GLXmaScu2VVeB94AaABAg",
            "reply_content": "\u8acb\u554f\u5728\u591a\u502b\u591a\u7684\u904e\u591c\u98ef\u5e97\u662f\u54ea\u9593\u98ef\u5e97\u5462?"
        },
        {
            "reply_id": "UgxPsQ1AiDj-j0phFuh4AaABAg",
            "reply_content": "\u73fe\u5728\u770b\u523060\u5206\u9418\u7d50\u76ee\u624d\u6536\u5c0b\u627e\u5230\u5f71\u7247."
        },
        {
            "reply_id": "UgyUm8OV0b_QooinSEl4AaABAg",
            "reply_content": "\u9577\u69ae\u7684\u5546\u52d9\u8259\u5728\u4e9e\u6d32\u4e5f\u7b97\u662f\u975e\u5e38\u597d\u7684\u4e86\u3002\u4f60\u9019\u73ed\u9577\u9014\u597d\u50cf\u6bd4\u6211\u5370\u8c61\u4e2d\u66f4\u4e0a\u4e00\u5c64\u6a13\u4e86\u3002\u9577\u69ae\u597d\u68d2!"
        },
        {
            "reply_id": "Ugw52ClYoRKioA5lMWt4AaABAg",
            "reply_content": "\u4e0d\u77e5\u9053\u70ba\u4ec0\u9ebc\u5b89\u557e\u7684\u98a8\u683c\u7e3d\u662f\u5f88\u53ef\u611b\u53c8\u77e5\u6027"
        },
        {
            "reply_id": "UgwVuYiNIxQi7jD8qLV4AaABAg",
            "reply_content": "\u8d85\u559c\u6b61\u770b\u5b89\u557e\u65c5\u904a\u7684\u5f71\u7247\u2764\u2764"
        },
        {
            "reply_id": "Ugw6MWgKWqDBxdn9jfp4AaABAg",
            "reply_content": "\u6bcf\u6b21\u98de\u90fd\u62ff\u4e0d\u5230\u8fd9\u4e2a\u76d2\u5b50\uff0c\u5e0c\u671b\u540e\u5929\u53f0\u5317\u98de\u56de\u5bb6\u80fd\u9047\u4e0a\u5440"
        },
        {
            "reply_id": "UgzC-umjQ-Du6Fxe0Jl4AaABAg",
            "reply_content": "\u904e\u591c\u5305\u7684\u62c9\u74b0\u597d\u50cf\u5929\u79e4\u5ea7\u7684\u5716\u9a30\uff0c\u4e0d\u6703\u662f\u770b\u4eba\u767c\u7684\u5427\u3002\n\u5728\u884c\u674e\u7bb1\u9707\u52d5\u7684\u8a71\uff0c\u6703\u8b93\u4eba\u8aa4\u6703\u662f\u4ec0\u9ebc\u5bb3\u7f9e\u7684\u6771\u897f\ud83d\ude0f"
        }
    ]
}