{
    "video_info": {
        "id": "1vb0khUbu3Y",
        "channelTitle": "\u5b89\u557e\u54aa",
        "title": "\u8d85\u96e3\u99d5\u99ad\u5dee\u9ede\u628a\u5eda\u623f\u70b8\u6389\u7684\u751c\u9ede\uff01\u6311\u6230\u505a\u9ad8\u7d1a\u7684\u5bf6\u77f3\u5149\u6fa4\u5de7\u514b\u529b\uff01| \u5b89\u557e (\u309d\u2200\uff65) \u2661",
        "description": "- - - - - - - - - - - - - - - - - - - - - -\r\n\u27ab \u8a02\u95b1\u5b89\u557e\uff1ahttps://goo.gl/KmLFgD\r\n\u27ab \u5b89\u557eFacebook\uff1ahttps://www.facebook.com/anjoupikachu/\r\n\ud83d\udc39 \u73a9\u5177\u958b\u7bb1\u5168\u96c6\uff1ahttps://goo.gl/91ulRJ\r\n- - - - - - - - - - - - - - - - - - - - - -\r\n\r\n\r\n\r\n- - - - - - - - - - - - - - - - - - - - - -\r\n\u27a8\u76f8\u95dc\u5f71\u7247\r\n\r\n1/2\u7e2e\u5c0f\u7248\u626d\u86cb\u6a5f \u2606 \u626d\u5230\u4ec0\u9ebc\u5c31\u5403\u4ec0\u9ebc\u7684\u523a\u6fc0\u73a9\u6cd5?!\r\n\u21e2 https://goo.gl/tSJlNG\r\n\u6dbc\u9eb5\u6c34\u6a02\u5712 - \u6d41\u6c34\u7d20\u9eb5\u5f9e\u9ad8\u4f4e\u5dee56cm\u7684\u6ed1\u6c34\u9053\u6e9c\u4e0b\u4f86\u4e86\uff01\r\n\u21e2 https://goo.gl/tgYRy1\r\n\u3010\u77e5\u80b2\u83d3\u5b50\u3011\u99ac\u6876\u6e05\u6dbc\u98f2\u6599\uff01\u7121\u6cd5\u62db\u67b6\u7684\u5473\u9053\uff01\r\n\u21e2 https://goo.gl/n0nnyQ\r\n\u6d77\u5e95\u7e3d\u52d5\u54e12 - Finding Dory \u2606 \u591a\u8389\u5609\u5e74\u83ef\uff01\u9084\u6709\u597d\u591a\u9b5a\u53cb\u5011\uff01\r\n\u21e2 https://goo.gl/oAn42q\r\n\u6703\u5b78\u4f60\u8aaa\u8a71\u7684\u840c\u840c\u5c0f\u5009\u9f20 - \u8981\u6210\u70ba\u4e00\u4f4d\u6559\u5b97\u4e0d\u662f\u90a3\u9ebc\u7c21\u55ae\u7684\u4e8b\u60c5!!\r\n\u21e2 https://goo.gl/8WZaZT\r\n- - - - - - - - - - - - - - - - - - - - - -\r\nBGM\u4f86\u6e90\uff1ahttp://dova-s.jp/\r\n\u97f3\u6548\u4f86\u6e90\uff1ahttp://musicisvfr.com/free/index.html",
        "likeCount": "15731",
        "commentCount": "646",
        "viewCount": "503422"
    },
    "comments": [
        {
            "reply_id": "UgyfWyJKLeYi1GAvZMh4AaABAg",
            "reply_content": "\u5b89\u557e\u54aa\u4f60\u7684\u751f\u82f1\u5f88\u50cf\u95a8\u871c\u7684\u751f\u82f1"
        },
        {
            "reply_id": "UgxeNt-ED_XbbNZpsFN4AaABAg",
            "reply_content": "\u770b\u8d77\u4f86\u597d\u597d\u5403\uff0c\u597d\u559c\u6b61\u5b89\u557e\u505a\u751c\u9ede"
        },
        {
            "reply_id": "Ugxrm3ITRimQ18kct_94AaABAg",
            "reply_content": "\u8acb\u554f\u5b89\u557e\u7684\u5eda\u5177\u90fd\u662f\u5728\u54ea\u88e1\u8cb7\u7684"
        },
        {
            "reply_id": "Ugwhha_COjxrhvYIdXF4AaABAg",
            "reply_content": "\u4f60\u8ce3\u7684\u8abf\u6eab\u5de7\u514b\u529b \u6709\u9ede\u50cf\u72d7\u7ce7"
        },
        {
            "reply_id": "Ugw0lD8q2TK-yDKCmS94AaABAg",
            "reply_content": "\u9019\u771f\u7684\u6c92\u6709\u505a\u5047\uff08\u5fc3\u5f97\uff09"
        },
        {
            "reply_id": "UgzWxvmVH4Ln0U_nEU54AaABAg",
            "reply_content": "\u6709\u73e0\u5149\u7684\u611f\u89ba"
        },
        {
            "reply_id": "Ugyb3rLiytEYCI13MSZ4AaABAg",
            "reply_content": "7:20\u79d2\u90a3\u908a\u61c9\u8a72\u662f\u8b1b\uff1a\u6211\u8981\u5b78\u77f3\u539f\u8070\u7f8e\u90a3\u6a23\u5403\uff0c\u6211\u5df2\u7d93\u5403\u4e86\u4f86\u4e0d\u53ca\u4e86\u3002\u7136\u5f8c\u6559\u4e3b\u597d\u53ef\u611b\u3002"
        },
        {
            "reply_id": "UgwzTudjkGgN-8jMdih4AaABAg",
            "reply_content": "\u6a21\u5177\u53bb\u54ea\u8cb7"
        },
        {
            "reply_id": "UgxQtGFcI0LGaoobS6d4AaABAg",
            "reply_content": "\u52a0\u6cb9"
        },
        {
            "reply_id": "Ugy6-W_Rdo4480KBySB4AaABAg",
            "reply_content": "\u5de7\u514b\u529b\u771f\u6b63\u7684\u5403\u6cd5\u662f\u4e0d\u80fd\u54ac\u7740\u5403\u7684\uff0c\u800c\u662f\u542b\u7740\u76f4\u5230\u878d\u5316\u54e6\ud83d\ude02\ud83d\ude02"
        },
        {
            "reply_id": "UgwWBYyQhzQusS9jn7V4AaABAg",
            "reply_content": "\u5b89\u557e\u4f60\u7684\u914d\u6a02\u662f\u6211\u4e0a\u821e\u8e48\u8ab2\u7684\u914d\u6a02\u4e5f"
        },
        {
            "reply_id": "UgxKl7uhCt37KCjsVGF4AaABAg",
            "reply_content": "\u90a3\u500b\u4eae\u7c89\u662f\u98df\u7528\u4eae\u7c89\u55ce\uff1f"
        },
        {
            "reply_id": "Ugwvwygas2QdVJBe-yd4AaABAg",
            "reply_content": "\u5b89\u557e\u53ef\u4ee5\u9304\u4e00\u96c6\u9084\u539f\u5c0a\u5bf6\u7684\u6311\u6230\u55ce\ud83d\ude05\ud83d\ude05\ud83d\ude05"
        },
        {
            "reply_id": "UgxL5BAkQhg4c36M6bZ4AaABAg",
            "reply_content": "\u5b89\u63ea\u52a0\u6cb9\u5594"
        },
        {
            "reply_id": "UgxSdwmucbw3y8Gq0TN4AaABAg",
            "reply_content": "\u4e0b\u4e00\u6b21\u593e\u9905\u4e7e\u53ef\u4ee5\u55ce"
        },
        {
            "reply_id": "UgzQjP81lpJS-XyxHph4AaABAg",
            "reply_content": "\u5f37\u8feb\u75c7\u8868\u793a\u9664\u4e86\u812b\u6a21\u7684\u6b65\u9a5f \u88fd\u4f5c\u5de7\u514b\u529b\u5be6\u5728\u4e0d\u9069\u5408\u6211QQ"
        },
        {
            "reply_id": "UgygPFgeY_D1oZK95J54AaABAg",
            "reply_content": "\u6728\u8e8d4\u7684\u5373\u8996\u611f"
        },
        {
            "reply_id": "Ugyvmp7oonytkCWEK7p4AaABAg",
            "reply_content": "\u6211\u597d\u559c\u6b22"
        },
        {
            "reply_id": "Ugz4wmLu0IFK9NGNg4p4AaABAg",
            "reply_content": "\u4e4b\u524d\u4f86\u53f0\u7063\u7684\u53f0\u4e2d\u73a9\u6709\u53bb\u5403\u904e\u59ae\u5a1c\u5de7\u514b\u529b\u57ce\u5821\u7684\u5de7\u514b\u529b\uff0c\u4e5f\u6709\u770b\u73fe\u5834\u505a\u7684\uff0c\u771f\u7684\u597d\u96e3\ud83d\ude02"
        },
        {
            "reply_id": "UgzTqdRtoUD1YiNLAH14AaABAg",
            "reply_content": "\u597d\u53b2\u5bb3\u4e5f\uff01\n\u6211\u5c31\u4e0d\u6703\u505a\u5de7\u514b\u529b"
        }
    ]
}