{
    "video_info": {
        "id": "2ko9mbXmGl8",
        "channelTitle": "\u5b89\u557e\u54aa",
        "title": "\u966a\u6211\u7c21\u7c21\u55ae\u55ae\u5730\u6e21\u904e\u5047\u65e5\u7684\u4e00\u665a\u5427\uff01\u665a\u9910\u5c31\u4f86\u505a\u8591\u6c41\u71d2\u8089\u5b9a\u98df\uff01| \u5b89\u557e (\u309d\u2200\uff65) \u2661",
        "description": "\u5927\u5bb6\u5047\u65e5\u7684\u591c\u665a\u90fd\u600e\u9ebc\u904e\u5462\uff1f\uff01\n- - - - - - - - - - - - - - - - - - - - - -\n\u27ab \u8a02\u95b1\u5b89\u557e\uff1ahttps://goo.gl/KmLFgD\n\u27ab \u5b89\u557eFacebook\uff1ahttps://www.facebook.com/anjoupikachu/\n\ud83d\udc39 \u73a9\u5177\u958b\u7bb1\u5168\u96c6\uff1ahttps://goo.gl/91ulRJ\n- - - - - - - - - - - - - - - - - - - - - -\n\n\u3010\u8207 Simple\u6e05\u598d \u5408\u4f5c\u3011\nhttps://bit.ly/2oZrxrG\n\n#50\u5e74\u82f1\u570b\u654f\u611f\u808c\u5c08\u696d\u54c1\u724c\n#CP\u503c\u8d85\u9ad8\u7684\u654f\u611f\u808c\u5fa1\u7528\u795e\u724c\n\n- - - - - - - - - - - - - - - - - - - - - -\n\u27a8\u76f8\u95dc\u5f71\u7247\n\n1/2\u7e2e\u5c0f\u7248\u626d\u86cb\u6a5f \u2606 \u626d\u5230\u4ec0\u9ebc\u5c31\u5403\u4ec0\u9ebc\u7684\u523a\u6fc0\u73a9\u6cd5?!\n\u21e2 https://goo.gl/tSJlNG\n\u6dbc\u9eb5\u6c34\u6a02\u5712 - \u6d41\u6c34\u7d20\u9eb5\u5f9e\u9ad8\u4f4e\u5dee56cm\u7684\u6ed1\u6c34\u9053\u6e9c\u4e0b\u4f86\u4e86\uff01\n\u21e2 https://goo.gl/tgYRy1\n\u3010\u77e5\u80b2\u83d3\u5b50\u3011\u99ac\u6876\u6e05\u6dbc\u98f2\u6599\uff01\u7121\u6cd5\u62db\u67b6\u7684\u5473\u9053\uff01\n\u21e2 https://goo.gl/n0nnyQ\n\u6d77\u5e95\u7e3d\u52d5\u54e12 - Finding Dory \u2606 \u591a\u8389\u5609\u5e74\u83ef\uff01\u9084\u6709\u597d\u591a\u9b5a\u53cb\u5011\uff01\n\u21e2 https://goo.gl/oAn42q\n\u6703\u5b78\u4f60\u8aaa\u8a71\u7684\u840c\u840c\u5c0f\u5009\u9f20 - \u8981\u6210\u70ba\u4e00\u4f4d\u6559\u5b97\u4e0d\u662f\u90a3\u9ebc\u7c21\u55ae\u7684\u4e8b\u60c5!!\n\u21e2 https://goo.gl/8WZaZT\n- - - - - - - - - - - - - - - - - - - - - -\nBGM\u4f86\u6e90\uff1ahttp://dova-s.jp/\n\u97f3\u6548\u4f86\u6e90\uff1ahttp://musicisvfr.com/free/index.html",
        "likeCount": "11144",
        "commentCount": "770",
        "viewCount": "603805"
    },
    "comments": [
        {
            "reply_id": "Ugw1S4Mj-pCGoMcpb6x4AaABAg",
            "reply_content": "\u4eca\u5929\u662f\u661f\u671f\u4e09\ud83d\ude05"
        },
        {
            "reply_id": "UgxxMy-3KDPRBvKjsMJ4AaABAg",
            "reply_content": "\u59b3\u592a\u904e\u5206\u4e86"
        },
        {
            "reply_id": "UgyIkrdY39h6kthtqLp4AaABAg",
            "reply_content": "\u5b89\u557e\u53ef\u4ee5\u4ecb\u7ecd\u4f60\u4e70\u7684\u8033\u5939\u5417\uff1f"
        },
        {
            "reply_id": "UgyPEnRFSKUpifGcO-94AaABAg",
            "reply_content": "\u4e4b\u5203"
        },
        {
            "reply_id": "Ugxignl_lNLU_ycc7GR4AaABAg",
            "reply_content": "\u5b89\u557e\u597d\u53b2\u5bb3"
        },
        {
            "reply_id": "UgxB9mwkBsGhuQvqc0d4AaABAg",
            "reply_content": "\u70ba\u4ec0\u9ebc\u5b89\u557e\u8aaa\u201c\u9b3c\u6ec5\u4e4b\u5203\u201d\u6642\u8981\u4e00\u76f4\u62cd\u684c\u5b50\uff1f"
        },
        {
            "reply_id": "UgwZ40soDXzYgpeBe4t4AaABAg",
            "reply_content": "\u8591\u6c41\u71d2\u8089\u770b\u8d77\u4f86\u5f88\u914d\u98ef\ud83d\ude0b"
        },
        {
            "reply_id": "UgyX6G9s63-nLFvzG5R4AaABAg",
            "reply_content": "\u6211\u4e5f\u8d85\u611b\u9b3c\u6ec5\u4e4b\u5203\u7684\ud83d\ude0d\ud83d\ude0d"
        },
        {
            "reply_id": "UgyZBLL9Cig2Je9btDV4AaABAg",
            "reply_content": "\u4f60\u8fd8\u53ef\u4ee5\u5728\u505a\u5403\u7684\u5417\uff1f"
        },
        {
            "reply_id": "UgzzApqMlarQRWKZaH94AaABAg",
            "reply_content": "\u6211\u4e5f\u6709\u770b\u54e6\u597d\u597d\u770b\u54e6"
        },
        {
            "reply_id": "UgwW9RF0kY2xTHuXcJt4AaABAg",
            "reply_content": "\u539f\u4f86\u4f60\u4e5f\u559c\u6b61\u9b3c\u6ec5\u4e4b\u5203"
        },
        {
            "reply_id": "Ugw47O_s-uO6S9W5PaR4AaABAg",
            "reply_content": "\u5b89\u557e \u6211\u53ef\u4ee5\u63a8\u85a6\u4e00\u90e8\u52d5\u6f2b\u53eb \u56e0\u70ba\u592a\u6015\u75db\u5c31\u5168\u9ede\u9632\u79a6\u529b\u4e86 \u8d85\u597d\u7b11 \u53c8\u597d\u770b \u5927\u63a8"
        },
        {
            "reply_id": "UgxiCm0-j5t7qzKJeV14AaABAg",
            "reply_content": "\u611f\u89ba\u5f88\u597d\u5403"
        },
        {
            "reply_id": "Ugy7JcVTqguumkzWanp4AaABAg",
            "reply_content": "\u6709\u51fa\u73fe\u767d\u718a\u6b38"
        },
        {
            "reply_id": "UgwtHC8nOb-Vhl2uMj94AaABAg",
            "reply_content": "\u53ef\u662f\u6211\u559c\u6b61\u770b\u7684\u662f\u6bba\u622e\u7684\u5929\u4f7f\uff08\u6211\u77e5\u9053\u5f88\u4e45\u4e86\uff09\u4f46\u662f\u6211\u9084\u662f\u5f88\u559c\u6b61"
        },
        {
            "reply_id": "UgxCdS6-bsT6veeVoct4AaABAg",
            "reply_content": "\u6211\u8a0e\u53ad\u9b3c\u6ec5\u4e4b\u5203\uff0c\u6bcf\u6b21\u770b\u5230\u90fd\u6703\u7ffb\u767d\u773c\uff0c\u54c8\u54c8\uff01"
        },
        {
            "reply_id": "Ugw9CGdGYFYex1-xzdN4AaABAg",
            "reply_content": "\u665a\u5b89\u5594"
        },
        {
            "reply_id": "Ugy--RRx82isBNLTbLJ4AaABAg",
            "reply_content": "\u6211\u4e5f\u6709\u5728\u770b\u9b3c\u6ec5\u4e4b\u5203'\u53ef\u662f\u6211\u8981\u770b\u7b2c\u4e8c\u904d\u6642'\u6211\u5abd\u90fd\u6703\u7f75\u6211!?"
        },
        {
            "reply_id": "UgzgTiKBoYamtNgWjkp4AaABAg",
            "reply_content": "\u4e0d\u8981\u62cd\u4e00\u4e2a\u665a\u4e0a\uff0c\u62cd\u4e00\u6574\u5929\u2665"
        },
        {
            "reply_id": "Ugyxp1W1IdzbuHOYmi54AaABAg",
            "reply_content": "\u4f60\u90fd\u7528\u4ec0\u9ebc\u770b\u9b3c\u6ec5\u4e4b\u5203\u554a\uff1f"
        }
    ]
}