{
    "video_info": {
        "id": "2rtM_bCHogE",
        "channelTitle": "\u5b89\u557e\u54aa",
        "title": "\u4f86\u6311\u6230\u82b1\u6735\u9020\u578b\u6c34\u679c\u9bae\u5976\u6cb9\u4e09\u660e\u6cbb\uff01\u8acb\u56de\u53bb\u591a\u7df4\u7df4\u518d\u4f86\uff01| \u5b89\u557e (\u309d\u2200\uff65) \u2661",
        "description": "\u6bd4\u60f3\u50cf\u4e2d\u96e3\u5462...\n\u27ab \u8a02\u95b1\u5b89\u557e\uff1ahttps://goo.gl/KmLFgD\n\u27ab \u5b89\u557eIG\uff1ahttps://www.instagram.com/anjouclever/\n\u27ab \u5b89\u557eFB\uff1ahttps://www.facebook.com/anjoupikachu/\n\ud83d\udc39 \u73a9\u5177\u958b\u7bb1\u5168\u96c6\uff1ahttps://goo.gl/91ulRJ\n\n\u27a8\u5176\u4ed6\u5b89\u557e\u5f71\u7247\n1/2\u7e2e\u5c0f\u7248\u626d\u86cb\u6a5f \u2606 \u626d\u5230\u4ec0\u9ebc\u5c31\u5403\u4ec0\u9ebc\u7684\u523a\u6fc0\u73a9\u6cd5?!\n\u21e2 https://goo.gl/tSJlNG\n\u6dbc\u9eb5\u6c34\u6a02\u5712 - \u6d41\u6c34\u7d20\u9eb5\u5f9e\u9ad8\u4f4e\u5dee56cm\u7684\u6ed1\u6c34\u9053\u6e9c\u4e0b\u4f86\u4e86\uff01\n\u21e2 https://goo.gl/tgYRy1\n\u3010\u77e5\u80b2\u83d3\u5b50\u3011\u99ac\u6876\u6e05\u6dbc\u98f2\u6599\uff01\u7121\u6cd5\u62db\u67b6\u7684\u5473\u9053\uff01\n\u21e2 https://goo.gl/n0nnyQ\n\u6d77\u5e95\u7e3d\u52d5\u54e12 - Finding Dory \u2606 \u591a\u8389\u5609\u5e74\u83ef\uff01\u9084\u6709\u597d\u591a\u9b5a\u53cb\u5011\uff01\n\u21e2 https://goo.gl/oAn42q\n\u6703\u5b78\u4f60\u8aaa\u8a71\u7684\u840c\u840c\u5c0f\u5009\u9f20 - \u8981\u6210\u70ba\u4e00\u4f4d\u6559\u5b97\u4e0d\u662f\u90a3\u9ebc\u7c21\u55ae\u7684\u4e8b\u60c5!!\n\u21e2 https://goo.gl/8WZaZT\n\nBGM\u4f86\u6e90\uff1ahttp://dova-s.jp/\n\u97f3\u6548\u4f86\u6e90\uff1ahttp://musicisvfr.com/free/index.html",
        "likeCount": "8391",
        "commentCount": "518",
        "viewCount": "253370"
    },
    "comments": [
        {
            "reply_id": "Ugx24YlY0iUXW6aUPK14AaABAg",
            "reply_content": "\u6a58\u5b50\u8981\u6574\u9846\u653e\u4e0b\u53bb\u7684\u8a71\n\u61c9\u8a72\u8981\u9078\u90a3\u7a2e\u5c0f\u9846\u7684\u6703\u6bd4\u8f03\u9069\u5408"
        },
        {
            "reply_id": "UgwXahjE1so8_fAm1pt4AaABAg",
            "reply_content": "\u53ef\u4ee5\u7528\u6bd4\u8f03\u5c0f\u9846\u7684\u7802\u7cd6\u6a58\u4f86\u505a"
        },
        {
            "reply_id": "UgwPXShuiQmoG1EPSJp4AaABAg",
            "reply_content": "\u6709\u4e8b\u55ce\uff1f\u662f\u5728\u54c8\u56c9\uff0c\u6574\u9846\u6a58\u5b50\u653e\u4e0b\u53bb"
        },
        {
            "reply_id": "Ugx2ADnagTGh8GM1p4R4AaABAg",
            "reply_content": "\u6a58\u5b50\u6574\u500b\u6c92\u5207\u5c31\u653e\u7684\u77ac\u9593\u771f\u7684\u7b11\u5c4e\ud83d\ude02\ud83d\ude02\ud83d\ude02\u5b89\u557e\u600e\u9ebc\u53ef\u4ee5\u9019\u9ebc\u53e3\u611b\ud83e\udd23\ud83e\udd23\ud83e\udd23"
        },
        {
            "reply_id": "Ugx-an82p8UpxkqGEFd4AaABAg",
            "reply_content": "\u6211\u559c\u6b61\u628a\u5410\u53f8\u908a\u62ff\u53bb\u70e4\u5728\u52a0\u7149\u4e73\u5c31\u5f88\u597d\u5403\ud83e\udd24\ud83e\udd24\ud83e\udd24\ud83e\udd24"
        },
        {
            "reply_id": "UgwSofbiNyuW8w-_LBJ4AaABAg",
            "reply_content": "\u6bcf\u6b21\u770b\u5b8c\u4e00\u4e9b\u6050\u6016\u7247\u90fd\u4f86\u770b\u5b89\u557e\uff0c\u624d\u80fd\u812b\u96e2\u9a5a\u5687\u7684\u60c5\u7dd2\u88e1\u554a"
        },
        {
            "reply_id": "UgzN5mIPLStP-b_H13F4AaABAg",
            "reply_content": "\u5b89\u557e\u751f\u65e0\u53ef\u604b\u7684\u8868\u60c5\u592a\u53ef\u7231\u54c8\u54c8\u54c8\u54c8"
        },
        {
            "reply_id": "UgyJXcs8xY6qD2-fEQZ4AaABAg",
            "reply_content": "\u54c8\u54c8\u54c8\u54c8\u54c8\u54c8\u4e5f\u7b28\u7684\u592a\u53ef\u611b\u4e86\u5427\u6a58\u5b50\u9019\u9ebc\u5927\u600e\u9ebc\u76f4\u63a5\u6574\u9846\u4e0b\u53bb\ud83d\ude02\ud83d\ude02"
        },
        {
            "reply_id": "UgxAhNakTsw7HgQT16R4AaABAg",
            "reply_content": "\u6211\u8a0e\u53ad\u5410\u53f8\u908a \u5403\u7684\u6642\u5019\u90fd\u6703\u628a\u4ed6\u5207\u6389\u62ff\u53bb\u5783\u573e\u6876\u4e1f"
        },
        {
            "reply_id": "UgxBWuhrCvbjSavUV_54AaABAg",
            "reply_content": "\u6211\u4e5f\u559c\u6b61\u5403\u5410\u53f8\u908a!"
        },
        {
            "reply_id": "Ugxc60upUZDmhse5EHt4AaABAg",
            "reply_content": "\u5b89\u557e\u597d\u53ef\u611b\u54c8\u54c8\u54c8\u54c8\u54c8 \u6574\u500b\u5927\u5931\u6557\u8036\uff5e"
        },
        {
            "reply_id": "Ugz9LzD0T1CFF8depvJ4AaABAg",
            "reply_content": "\u7e7c\u7e8c\u52a0\u6cb9\ud83d\udcaa \u5b89\u557e\u597d\u6f02\u4eae"
        },
        {
            "reply_id": "Ugwdo9E9CXe4AgJcZzp4AaABAg",
            "reply_content": "\u61c9\u8a72\u63db\u92f8\u9f52\u5200\uff0c\u5c08\u696d\u5207\u9eb5\u5305\u7684\n\u7528\u83dc\u5200\u5207\u9eb5\u5305\u4e0d\u53ef\u80fd\u597d\u770b\u7684"
        },
        {
            "reply_id": "Ugwbzxm_QnBZeMWHUkd4AaABAg",
            "reply_content": "\u5410\u53f8\u908a\u6c92\u6709\u5f88\u597d\u5403\n\u4f46\u53ef\u4ee5\u63a5\u53d7"
        },
        {
            "reply_id": "UgyXQGrNrKOfXvC3rtF4AaABAg",
            "reply_content": "\u5b89\u557e\uff0c\u59b3\u7684\u8a02\u95b1\u8981\u4e0d\u8981\u9322\uff1f"
        },
        {
            "reply_id": "Ugz4UP9OtJNHAoN6_xl4AaABAg",
            "reply_content": "\u5c31\u77e5\u9053\u5b89\u557e\u4e0d\u653e\u68c4\u4e00\u5b9a\u6703\u505a\u7b2c\u4e8c\u6b21\u2764\ufe0f"
        },
        {
            "reply_id": "UgyHWGi7ytanP4fr7rN4AaABAg",
            "reply_content": "\u770b\u5b89\u557e\u5f71\u7247\u90fd\u5f88\u671f\u5f85\u505a\u5931\u6557\uff0c\u56e0\u70ba\u5b89\u557e\u505a\u5931\u6557\u7684\u53cd\u61c9\u8d85\u53ef\u611b"
        },
        {
            "reply_id": "UgyocWBW6qBHwPTHUJp4AaABAg",
            "reply_content": "\u6bcf\u6b21\u770b\u5230\u5b89\u557e\u8981\u7ffb\u8eca\u7684\u7bc0\u594f\u5c31\u662f\u6211\u770b\u5f71\u7247\u7684\u52d5\u529b(\uffe3\u25bd\uffe3)"
        },
        {
            "reply_id": "UgwPUqIQtqZJ0TsvDD94AaABAg",
            "reply_content": "\u8b9a"
        },
        {
            "reply_id": "UgztBnFYo2mnkvA131t4AaABAg",
            "reply_content": "\u6211\u89ba\u5f97\u6700\u5f8c\u4e00\u500b\u4e09\u6587\u6cbb\u770b\u5f97\u51fa\u4f86\u50cf\u82b1"
        }
    ]
}