{
    "video_info": {
        "id": "33TJk3ku1ZM",
        "channelTitle": "\u5b89\u557e\u54aa",
        "title": "\u9023\u7e8c\u745c\u73c8\u4e00\u9031\u5927\u6311\u6230\uff01\u8eab\u9ad4\u6703\u8d77\u4ec0\u9ebc\u5947\u5999\u7684\u8b8a\u5316...\uff1f| \u5b89\u557e (\u309d\u2200\uff65) \u2661",
        "description": "\u8ddf\u5c0f\u72d0\u72f8\u4e00\u8d77\u52d5\u8d77\u4f86\uff01\n\u9019\u662f\u6211\u9019\u751f\u4e2d\u904b\u52d5\u6700\u5bc6\u96c6\u7684\u4e00\u9031\n\n\u4e09\u661f\u548c Maison Kitsun\u00e9 \u5c0f\u72d0\u72f8\u9996\u6b21\u8d85\u53ef\u611b\u806f\u540d\n\u9ede\u9019\u88e1\u53ef\u4ee5\u4e86\u89e3\u66f4\u591a Maison Kitsun\u00e9 \u5c0f\u72d0\u72f8\u9650\u5b9a\u7248\u55b2\uff1a\nhttps://reurl.cc/95609a\n\n10.25\u9650\u91cf\u958b\u6436\uff01\nGalaxy Watch 4 Maison Kitsun\u00e9 Edition\nhttps://reurl.cc/V50noA\nGalaxy Buds2 Maison Kitsun\u00e9 Edition\nhttps://reurl.cc/vgpGbe\n\n#SamsungxMaisonKitsune \n#MaisonKitsune \n#GalaxyWatch4 \n#GalaxyBuds2\n\n\u27ab \u8a02\u95b1\u5b89\u557e\uff1ahttps://goo.gl/KmLFgD\n\u27ab \u5b89\u557eIG\uff1ahttps://www.instagram.com/anjouclever/\n\u27ab \u5b89\u557eFB\uff1ahttps://www.facebook.com/anjoupikachu/\n\ud83d\udc39 \u73a9\u5177\u958b\u7bb1\u5168\u96c6\uff1ahttps://goo.gl/91ulRJ",
        "likeCount": "3574",
        "commentCount": "294",
        "viewCount": "157320"
    },
    "comments": [
        {
            "reply_id": "Ugw0kV7MgdMQiRrCR8h4AaABAg",
            "reply_content": "\u904b\u52d5\u5c0d\u8eab\u9ad4\u597d \u591a\u6d41\u6c57\u624d\u4e0d\u6703\u5bb9\u6613\u751f\u75c5 \u6bcf\u9031\u90fd\u6703\u4f7f\u7528\u8dd1\u6b65\u6a5f \u904b\u52d5"
        },
        {
            "reply_id": "Ugyx9Gkv76sjUv61IjF4AaABAg",
            "reply_content": "\u5b89\u557e\u7684\u7a7a\u4e2d\u74b0\u6210\u679c\u767c\u8868\u5f88\u6f02\u4eae\uff5e\u53ea\u662f\u8001\u5e2b\u600e\u9ebc\u611f\u89ba\u5147\u5147\u7684\ud83d\ude02"
        },
        {
            "reply_id": "UgzDWngD1Hstal4t2f14AaABAg",
            "reply_content": "\u8001\u5e2b\u597d\u5147"
        },
        {
            "reply_id": "Ugy_V8j---GrvfIipkV4AaABAg",
            "reply_content": "\u5b89\u557e\u8173\u597d\u9577"
        },
        {
            "reply_id": "UgwYQHSj5b1xl8HH3AB4AaABAg",
            "reply_content": "\u54c8"
        },
        {
            "reply_id": "Ugw48X5Je7k4sxZcvnZ4AaABAg",
            "reply_content": "\u6211\u89ba\u5f97\u7a7a\u4e2d\u745c\u4f3d\u7684\u4f11\u606f\u745c\u73c8\u6700\u9069\u5408\u6211"
        },
        {
            "reply_id": "Ugw7nLAYJO51AVx6Zbl4AaABAg",
            "reply_content": "\u9019\u662f\u798f\u5229\u55ce\uff1f"
        },
        {
            "reply_id": "UgwaWGSVZi45OfF0e4V4AaABAg",
            "reply_content": "\u6700\u8fd1\u770b\u4e86\u65e5\u5287\u6200\u4e4b\u6708\uff0c\u6f14\u5973\u4e3b\u7684\u5fb7\u6c38\u91cc\u7e6a\u548c\u5b89\u557e\u771f\u7684\u597d\u50cf"
        },
        {
            "reply_id": "UgxB6oZF7Rz8iEUoWUh4AaABAg",
            "reply_content": "\u5b89\u557e\u4f60\u5728\u55ce\uff5e\u597d\u4e45\u6c92\u770b\u5230\u4f60\u4e86\uff5e\u597d\u60f3\u5ff5\u4f60\ud83d\udc93"
        },
        {
            "reply_id": "Ugwn_MblwcBDeD61oYh4AaABAg",
            "reply_content": "\u6536\u5272\u4e86\u7576\u7136\u4e0d\u6703\u51fa\u7247\u4e86\uff0c\u611f\u8b1d\u4e0a\u5e1d\u4e0d\u7528\u5728\u770b\u5230\u9019\u500b\u5973\u4eba"
        },
        {
            "reply_id": "UgwKZMvamA8YKn4TFGh4AaABAg",
            "reply_content": "\u9084\u6703\u66f4\u65b0\u5f71\u7247\u55ce\uff1f"
        },
        {
            "reply_id": "UgzDVvOB8As13_oQDiN4AaABAg",
            "reply_content": "\u9084\u4e0d\u6703\u66f4\u65b0\u55ce\u22ef"
        },
        {
            "reply_id": "Ugx6FTCTa3R4VwWpaAR4AaABAg",
            "reply_content": "\u5b89\u557e\u4ec0\u9ebc\u6642\u5019\u624d\u6703\u66f4\u65b0\uff1f"
        },
        {
            "reply_id": "UgyyrjX1IsRH3uzBFeN4AaABAg",
            "reply_content": "\u5b89\u63ea\u5df2\u7d93\u4e09\u500b\u6708\u6c92\u6709\u767c\u7247\u4e86\u554a\ud83e\udd27\ud83e\udd27"
        },
        {
            "reply_id": "UgxPGfvzyey5YGXmnLR4AaABAg",
            "reply_content": "\u5b89\u557e\u600e\u9ebc\u4e0d\u898b\u4e86"
        },
        {
            "reply_id": "UgwGfAgmcTEpWkeQbqp4AaABAg",
            "reply_content": "\u5b89\u557e\u4f60\u9084\u597d\u55ce\uff1f"
        },
        {
            "reply_id": "UgwI92r2U_JkHuuogvF4AaABAg",
            "reply_content": "\u5b89\u557e\u2026\u2026\u5df2\u7d93\u4e09\u500b\u6708\u6c92\u51fa\u65b0\u5f71\u7247\u4e86"
        },
        {
            "reply_id": "UgzObR8c3p5tek0wW_F4AaABAg",
            "reply_content": "\u6700\u559c\u6b61\u770b\u5b89\u557e\u7684\u5f71\u7247\u4e86\uff5e\n\u770b\u5230\u597d\u591a\u4e0d\u540c\u7a2e\u985e\u7684\u745c\u4f3d\uff01\n\u8d85\u7d1a\u6709\u8da3\u7684"
        },
        {
            "reply_id": "UgwYwgJcauplaSbg63F4AaABAg",
            "reply_content": "\u5b89\u557e\uff5e\u597d\u50cf\u597d\u4e00\u9663\u5b50\u6c92\u4e0a\u7247\u4e86\uff5e\u6700\u8fd1\u9084\u597d\u55ce\uff5e"
        },
        {
            "reply_id": "UgyM9a9txTPWILa5YEt4AaABAg",
            "reply_content": "\u4f60\u662f\u6298\u53e0\u624b\u673a\u5417"
        }
    ]
}