{
    "video_info": {
        "id": "3gzA2iRJc-s",
        "channelTitle": "\u5b89\u557e\u54aa",
        "title": "\u8d85\u65b9\u4fbf\u7684\u65e5\u672c\u8c46\u4e73\u96ea\u82b1\u51b0\u88fd\u4f5c\u6a5f\uff01\u53ea\u8981\u628a\u98f2\u6599\u62ff\u53bb\u51b7\u51cd\u5c31\u53ef\u4ee5\u505a\uff5e| \u5b89\u557e (\u309d\u2200\uff65) \u2661",
        "description": "\u88e1\u9762\u6709\u6a21\u5177\uff5e\u4e5f\u53ef\u4ee5\u63db\u6210\u81ea\u5df1\u559c\u6b61\u559d\u7684\u98f2\u6599\u5537\uff01\n\u27ab \u8a02\u95b1\u5b89\u557e\uff1ahttps://goo.gl/KmLFgD\n\u27ab \u5b89\u557eIG\uff1ahttps://www.instagram.com/anjouclever/\n\u27ab \u5b89\u557eFB\uff1ahttps://www.facebook.com/anjoupikachu/\n\ud83d\udc39 \u73a9\u5177\u958b\u7bb1\u5168\u96c6\uff1ahttps://goo.gl/91ulRJ\n\n\u27a8\u5176\u4ed6\u5b89\u557e\u5f71\u7247\n1/2\u7e2e\u5c0f\u7248\u626d\u86cb\u6a5f \u2606 \u626d\u5230\u4ec0\u9ebc\u5c31\u5403\u4ec0\u9ebc\u7684\u523a\u6fc0\u73a9\u6cd5?!\n\u21e2 https://goo.gl/tSJlNG\n\u6dbc\u9eb5\u6c34\u6a02\u5712 - \u6d41\u6c34\u7d20\u9eb5\u5f9e\u9ad8\u4f4e\u5dee56cm\u7684\u6ed1\u6c34\u9053\u6e9c\u4e0b\u4f86\u4e86\uff01\n\u21e2 https://goo.gl/tgYRy1\n\u3010\u77e5\u80b2\u83d3\u5b50\u3011\u99ac\u6876\u6e05\u6dbc\u98f2\u6599\uff01\u7121\u6cd5\u62db\u67b6\u7684\u5473\u9053\uff01\n\u21e2 https://goo.gl/n0nnyQ\n\u6d77\u5e95\u7e3d\u52d5\u54e12 - Finding Dory \u2606 \u591a\u8389\u5609\u5e74\u83ef\uff01\u9084\u6709\u597d\u591a\u9b5a\u53cb\u5011\uff01\n\u21e2 https://goo.gl/oAn42q\n\u6703\u5b78\u4f60\u8aaa\u8a71\u7684\u840c\u840c\u5c0f\u5009\u9f20 - \u8981\u6210\u70ba\u4e00\u4f4d\u6559\u5b97\u4e0d\u662f\u90a3\u9ebc\u7c21\u55ae\u7684\u4e8b\u60c5!!\n\u21e2 https://goo.gl/8WZaZT\n\nBGM\u4f86\u6e90\uff1ahttp://dova-s.jp/\n\u97f3\u6548\u4f86\u6e90\uff1ahttp://musicisvfr.com/free/index.html",
        "likeCount": "12479",
        "commentCount": "613",
        "viewCount": "490957"
    },
    "comments": [
        {
            "reply_id": "UgzXWch5pM04QR8vF-54AaABAg",
            "reply_content": "\u5b89\u557e\u6211\u63a8\u85a6\u4f60\u4e00\u500b\u958b\u5834\u767d\n\n\u6709\u71b1\u6f6e\u5c31\u6709\u5546\u6a5f\u6709\u5546\u6a5f\u5c31\u6709\u5b89\u557e"
        },
        {
            "reply_id": "UgyLrDibipZ77y72K354AaABAg",
            "reply_content": "\u54c8\u54c8\u54c8\u6a31\u6843\u6389\u4e0b\u6765\u90a3\u4e00\u8db4\u7b11\u6b7b\u4e86\ud83e\udd23"
        },
        {
            "reply_id": "UgxqaN3AJ-1eMZ5ahup4AaABAg",
            "reply_content": "\u4f60\u5531\u767b\u767b\u767b\u50cf\u534a\u751f\u96ea"
        },
        {
            "reply_id": "Ugx17tQD9uNfi5kjw6d4AaABAg",
            "reply_content": "\u770b\u5230\u8aaa\u4e0d\u559d\u7121\u7cd6\u8c46\u6f3f\u7acb\u523b\u6309\u4e86\u559c\u6b61\n\u5049\u54c9\u6559\u4e3b"
        },
        {
            "reply_id": "Ugzzvtd-t5ZnoWsQ-_h4AaABAg",
            "reply_content": "\u5982\u679c\u628a\u8c46\u4e73\u63db\u6210\u679c\u6c41\u7684\u8a71\u61c9\u8a72\u6703\u883b\u597d\u73a9\u7684\uff0c\u9069\u5408\u8cb7\u7d66\u5c0f\u5b69\u73a9"
        },
        {
            "reply_id": "UgxculaNtYtvCGU4ORp4AaABAg",
            "reply_content": "\u6a58\u5b50\u5473\u7684\u6700\u597d\u559d\uff01\u4f46\u662f\u53ea\u5728\u65e5\u672c\u8cb7\u7684\u5230\ud83d\ude22"
        },
        {
            "reply_id": "UgxnWqH0nxPhiHZOKLJ4AaABAg",
            "reply_content": "\u65e0\u7cd6\u8c46\u6d46\u52a0\u4e0a\u8702\u871c\u5c31\u53ef\u4ee5\u4e86"
        },
        {
            "reply_id": "UgxR70jP6ccjyzNRjSZ4AaABAg",
            "reply_content": "\u8d85\u611b\u559d\u65e5\u672c\u7684\u8c46\u4e73\ud83e\udd23\ud83e\udd23\uff09\u53ea\u6709\u9019\u96bb\u724c\u5b50\u662f\u6211\u552f\u4e00\u559d\u7121\u7cd6\u7684"
        },
        {
            "reply_id": "Ugzc1-iedTApkrU4dhJ4AaABAg",
            "reply_content": "\u6211\u8d85\u611b\u7684\u8036\uff01\u7121\u7cd6\u8c46\u6f3f"
        },
        {
            "reply_id": "UgxNs1gjP6f-ihrLN4Z4AaABAg",
            "reply_content": "\u4f60\u597d\u68d2"
        },
        {
            "reply_id": "Ugyk1uS2zabJxw2bG8N4AaABAg",
            "reply_content": "\u96e8\u96ea\u5929\u6c23"
        },
        {
            "reply_id": "Ugy-gfnjtDpyd1HOG914AaABAg",
            "reply_content": "\u6211\u5c0d\u8292\u679c\u6709\u904e\u654f\u5403\u4e00\u9ede\u9ede\u9084\u53ef\u4ee5\u3002"
        },
        {
            "reply_id": "UgyKpa2EfS0TTjSQA7R4AaABAg",
            "reply_content": "\u5b89\u557e\u53ef\u4ee5\u958b\u4e00\u5bb6\u8c46\u4e73\u96ea\u82b1\u51b0\u5c08\u9580\u5e97\u6b38\uff5e\u597d\u6703\u88dd\u98fe\u5594\ud83e\udd70"
        },
        {
            "reply_id": "UgwXOBf-1I2tWvPhcCF4AaABAg",
            "reply_content": "\u64fa\u76e4\u524d\u770b\u8d77\u4f86\u9084\u597d\uff0c\u64fa\u76e4\u5f8c\u5c31\u8b8a\u5f97\u5f88\u53b2\u5bb3XD"
        },
        {
            "reply_id": "Ugx1EnznaNY2r-CdjxZ4AaABAg",
            "reply_content": "\u5b89\u557e\u62cd\u7684\u9019\u500b\u96ea\u82b1\u51b0\u88fd\u4f5c\u6a5f\u9084\u4e0d\u932f\u8036 \u611f\u89ba\u5f88\u68d2 \u53ef\u4ee5\u8acb\u554f\u59b3\u53bb\u54ea\u88e1\u8cb7\u4e86\u55ce"
        },
        {
            "reply_id": "UgzNEI7foeIE0YWADr54AaABAg",
            "reply_content": "\u7d05\u8336\u53e3\u5473\u7684 \u5927\u5275\u6709\u8ce3\u5537"
        },
        {
            "reply_id": "UgwBgZUgzxgimLTTy6t4AaABAg",
            "reply_content": "\u7121\u804a"
        },
        {
            "reply_id": "Ugxf_t_YvLSdwTP50ed4AaABAg",
            "reply_content": "\u8c46\u6f3f\u52a0\u71b1\u5f8c\u518d\u52a0\u7cd6\u61c9\u8a72\u6703\u597d\u4e00\u4e9b\uff0c\u662f\u8aaa\u6211\u89ba\u5f97\u9019\u500b\u7cfb\u5217\u4e0d\u597d\u559d\uff0c\u771f\u7684\u4e0d\u662f\u8c46\u6f3f\ud83d\ude02\ud83d\ude02\u4e4b\u524d\u5728\u5927\u5275\u8cb7\u904e\u4e00\u6b21\u5f8c\u5927\u5d29\u6f70\ud83d\ude31\ud83d\ude31"
        },
        {
            "reply_id": "UgyVDdb7Z0adMyoOFzd4AaABAg",
            "reply_content": "\u6211\u4e5f\u6709\u5728\u65e5\u672c\u770b\u5230\u90a3\u7a2e\u8c46\u4e73"
        },
        {
            "reply_id": "UgzIrwZby7ecvPhkJ5h4AaABAg",
            "reply_content": "\u7b11\u5230\u4e0d\u80fd\u81ea\u7406\u4e86\ud83e\udd23"
        }
    ]
}