{
    "video_info": {
        "id": "5cmQmsBUYrY",
        "channelTitle": "\u5b89\u557e\u54aa",
        "title": "\u795e\u5947\u86cb\u7cd5\u6372\u88fd\u4f5c\u5668\uff01\u86cb\u7cd5\u6372\u7adf\u7136\u9019\u6a23\u5c31\u53ef\u4ee5\u505a\u5f97\u51fa\u4f86\uff1f\uff01| \u5b89\u557e (\u309d\u2200\uff65) \u2661",
        "description": "\u53ea\u662f\u60f3\u5403\u86cb\u7cd5\u6372\uff5e\uff5e\uff01\n\n\u4e9e\u5c3c\u514b\u871c\u6843\u8292\u679c\u751f\u4e73\u6372 \u3010YouTuber \u5b89\u557e\u54aa\u806f\u540d\u6b3e\u3011\n\u300a\u5b89\u557e\u89aa\u7e6a\u5305\u88dd\u9650\u5b9a\u4e0a\u5e02\u300b\n\u75ab\u60c5\u671f\u9593\u5728\u5bb6\u7db2\u4e0a\u8a02\u8cfc\uff0c\u6bd4\u8f03\u5b89\u5fc3\u5537\uff01\n\u4e0d\u51fa\u9580\u4e5f\u80fd\u4e00\u8d77\u6843\u9189\ud83e\udd24\ud83c\udf51\n\n\u30107/3-7/5 \u4e9e\u5c3c\u514b\u5b98\u7db2\u9650\u5b9a9\u6298\u512a\u60e0\uff01\u3011\n\u52a0\u5165\u300e\u4e9e\u5c3c\u514b\u8cfc\u7269\u7db2\u300f\u7684LINE\u5373\u4eab9\u6298\n\uff1ahttps://lin.ee/jOc1lX5\n\n\u4e9e\u5c3c\u514b\u5b98\u7db2\uff1ahttps://bit.ly/3c41t4n\nmomo\uff1ahttps://reurl.cc/GmraQZ\n\u6a02\u5929\uff1ahttps://reurl.cc/3aLkR8\n\n\u4e5f\u53ef\u4ee5\u81f3\u4e9e\u5c3c\u514b\u5168\u53f0\u9580\u5e02\u8cfc\u8cb7\uff0c\n\u75ab\u60c5\u671f\u9593\uff0c\u90e8\u5206\u9580\u5e02\u4ea6\u914d\u5408UBER EATS\u5916\u9001\u5e73\u53f0\n\u5927\u53f0\u5317\u5730\u5340\u53ef\u81f3\u5c31\u8fd1\u6377\u904b\u7ad9\u9edeYTM\u6a5f\u53f0\u9078\u8cfc\uff0c\n\u901a\u52e4\u4e0d\u7e5e\u8def\uff0c\u96f6\u63a5\u89f8\u66f4\u5b89\u5fc3\uff01\u9084\u6709\u9650\u5b9a\u6298\u6263\u512a\u60e0\uff5e\n\n\u27ab \u8a02\u95b1\u5b89\u557e\uff1ahttps://goo.gl/KmLFgD\n\u27ab \u5b89\u557eIG\uff1ahttps://www.instagram.com/anjouclever/\n\u27ab \u5b89\u557eFB\uff1ahttps://www.facebook.com/anjoupikachu/\n\ud83d\udc39 \u73a9\u5177\u958b\u7bb1\u5168\u96c6\uff1ahttps://goo.gl/91ulRJ",
        "likeCount": "8914",
        "commentCount": "362",
        "viewCount": "292972"
    },
    "comments": [
        {
            "reply_id": "UgxL-18tgU7sDEH7_px4AaABAg",
            "reply_content": "\u597d\u559c\u6b61\u9019\u6b21\u7684\u97f3\u6a02\u2764"
        },
        {
            "reply_id": "UgwpG4FLoF1d_A1B51x4AaABAg",
            "reply_content": "\u86cb\u767d\u8ddf\u86cb\u9ec3\u662f\u4e0d\u662f\u8981\u5206\u958b\u6253\u5440\uff1f\ud83d\ude02"
        },
        {
            "reply_id": "Ugyook8HUqepNJRVr5R4AaABAg",
            "reply_content": "\u9b77\u9b5a\u904a\u6232\ud83d\ude02"
        },
        {
            "reply_id": "Ugw-1851ml1jqOw0R7V4AaABAg",
            "reply_content": "\u5b89\u63ea\u59d0\u59d0\u6211\u59d0\u59d0\u559c\u6b61\u4f60"
        },
        {
            "reply_id": "UgxZ9NONzDGN49nZXXF4AaABAg",
            "reply_content": "\u7d50\u679c\u9905\u4e7e\u7684\u90e8\u5206\u6839\u672c\u73fe\u5728\u8d85\u7d05\u7684\u692a\u7cd6\ud83e\udd23"
        },
        {
            "reply_id": "Ugxs60mwgisn0K422zx4AaABAg",
            "reply_content": "\u5b89\u557e\u63d0\u524d\u9810\u77e5\u4e86\u692a\u7cd6\u904a\u6232XD"
        },
        {
            "reply_id": "UgwkuOojaV0cKhkmxDJ4AaABAg",
            "reply_content": "\u73fe\u5728\u56de\u4f86\u770b \u597d\u50cf\u9b77\u9b5a\u904a\u6232\u7684\u692a\u7cd6\ud83e\udd23"
        },
        {
            "reply_id": "Ugwo82dvZU37VMOInh54AaABAg",
            "reply_content": "\u6211\u6700\u559c\u6b22\u5b89\u557e\u89c6\u9891"
        },
        {
            "reply_id": "UgxO19tr0JJn6mQYJqh4AaABAg",
            "reply_content": "\u6211\u60f3\u8981\u770b\u5b89\u557e\u54aa\u505a\u98df\u73a9"
        },
        {
            "reply_id": "Ugz_9XoLvxu2P8EXgT14AaABAg",
            "reply_content": "\u5b89\u557e"
        },
        {
            "reply_id": "UgzApCKmbtRKJaB7stJ4AaABAg",
            "reply_content": "\u5b89\u557e\u59d0\u59d0\u600e\u6700\u8fd1\u90fd\u6c92\u6709\u62cd\u7247\u5462?\ud83e\udd14\ud83e\udd14"
        },
        {
            "reply_id": "UgzuO8kyIC6PLPdN5e94AaABAg",
            "reply_content": "\u5b89\u557e\u4f60\u70ba\u4ec0\u9ebc\u9019\u5e7e\u500b\u6708\u90fd\u6c92\u6709\u5728\u62cd\u7247"
        },
        {
            "reply_id": "Ugwhk63Ans24zy6W5Tt4AaABAg",
            "reply_content": "\u90a3\u500b\u82b1\u7684"
        },
        {
            "reply_id": "Ugzun669ISnsC8U2eGF4AaABAg",
            "reply_content": "\u5b89\u557e\u600e\u6700\u8fd1\u90fd\u6c92\u6709\u62cd\u7247\uff1f\uff1f"
        },
        {
            "reply_id": "UgzNJJFKlYOwwCDBmhd4AaABAg",
            "reply_content": "\u559c\u6b61\u5b89\u557e\u591a\u62cd\u9ede\u751c\u9ede\u7cfb\u5217\ud83d\ude0b"
        },
        {
            "reply_id": "Ugz4Ej7z992VywPjz0d4AaABAg",
            "reply_content": "\u6905\u5b50\u5e95\u4e0b\u6709\u5154\u5b50?(\u756b\u932f\u91cd\u9ede"
        },
        {
            "reply_id": "Ugy-6thPTiIbTLV3uDp4AaABAg",
            "reply_content": "\u6709\u4e00\u6bb5\u6642\u9593\u6c92\u6709\u65b0\u5f71\u7247\u770b\u4e86\n\u9ed8\u9ed8\u7684\u8dd1\u53bb\u8907\u7fd2\u4e4b\u524d\u7684\u5f71\u7247030\n\u5b89\u557e\u597d\u597d\u4f11\u606f\u4e00\u4e0b\u5427~\u6211\u5011\u6703\u5728\u9019\u88e1\u7b49\u4f60\u7684"
        },
        {
            "reply_id": "UgwxK_36nzTn63Doo4t4AaABAg",
            "reply_content": "\u59b3\u597d\u53ef\u611b\u5662\uff0c\u89aa\u4e00\u4e0b\uff0c@@\u963f\u75ab\u60c5\u6211\u5011\u63e1\u624b\u5c31\u597d"
        },
        {
            "reply_id": "UgwPfKOt2FwIuhhlQMd4AaABAg",
            "reply_content": "\u5e0c\u671b\u5b89\u557e\u53ef\u4ee5\u5e38\u5e38\u51fa\u7247\u2764\ufe0f"
        },
        {
            "reply_id": "UgxgymvxX5rIwGHylIp4AaABAg",
            "reply_content": "\u6211\u89ba\u5f97\u6253\u7684\u4e0d\u5920\u767c \ud83d\ude02"
        }
    ]
}