{
    "video_info": {
        "id": "5NXECDSlG24",
        "channelTitle": "\u5b89\u557e\u54aa",
        "title": "\u79d2\u98db\u65e5\u672c\uff1f\u53f0\u5317\u8cea\u611f\u65e5\u7cfb\u5fa9\u53e4\u5496\u5561\u5ef33\u9078\ud83c\udf61\u5b9b\u5982\u7a7f\u8d8a\u61f7\u820a\u662d\u548c\u5e74\u4ee3\uff01| \u5b89\u557e (\u309d\u2200\uff65) \u2661",
        "description": "\u662d\u548c\u61f7\u820a\u98a8\u53c8\u5e2d\u6372\u56de\u4f86\n\u4eca\u5929\uff5e\u8981\u8ddf\u8457\u6211\u4e58\u5750\u6642\u5149\u6a5f\u55ce\uff1f\n\u6211\u5011\u4e00\u8d77\u56de\u5230\u90a3\u500b\u6eab\u6696\u8cea\u6a38\u7684\u6642\u5149\uff01\n\n\u3010\u7279\u5225\u611f\u8b1d\u3011\n\u25a0 \u7fcc\u65e5\u5496\u5561\u5e97\n\u25a0 \u79cb\u6ce2\u540d\u66f2\u5496\u5561\n\u25a0 \u662d\u548c\u6d6a\u6f2b\u51b0\u5ba4\n\n\u27ab \u8a02\u95b1\u5b89\u557e\uff1ahttps://goo.gl/KmLFgD\n\u27ab \u5b89\u557eIG\uff1ahttps://www.instagram.com/anjouclever/\n\u27ab \u5b89\u557eFB\uff1ahttps://www.facebook.com/anjoupikachu/\n\ud83d\udc39 \u73a9\u5177\u958b\u7bb1\u5168\u96c6\uff1ahttps://goo.gl/91ulRJ",
        "likeCount": "5459",
        "commentCount": "192",
        "viewCount": "115025"
    },
    "comments": [
        {
            "reply_id": "Ugz-GufQVWK8K9twnyN4AaABAg",
            "reply_content": "\u4e0d\u7ba1\u662f\u5167\u5bb9\u3001\u9084\u662f\u756b\u9762\u90fd\u597d\u7528\u5fc3~~"
        },
        {
            "reply_id": "UgxRGIgypmje_-kk4WB4AaABAg",
            "reply_content": "\u5b89\u557e\u6253\u626e\u4e5f\u6709\u662d\u548c\u7684\u611f\u89ba \u5f71\u7247\u5f88\u6709\u8cea\u611f\u5462"
        },
        {
            "reply_id": "UgwDbKQBDaRTAkY1Cxx4AaABAg",
            "reply_content": "\u6211\u600e\u9ebc\u73fe\u5728\u624d\u770b\u5230\u9019\u652f\u5f71\u7247\n\u5148\u5bb9\u8a31\u6211\u8dea\u4e00\u4e0b\n\u9019\u652f\u5f71\u7247\u771f\u7684\u592a\u592a\u592a\u7528\u5fc3\u4e86\ud83e\udd7a\n\u4e0d\u7ba1\u662f\u958b\u982d\u5e36\u5165\u9084\u662f\u6bcf\u5bb6\u5e97\u7684\u8a55\u50f9\n\u8ddf\u65e5\u672c\u7684\u51b7\u77e5\u8b58\u7b49\u7b49\n\u770b\u4e86\u771f\u7684\u89ba\u5f97\u600e\u9ebc\u53ef\u4ee5\u600e\u9ebc\u53b2\u5bb3\u2026\n\u6211\u4e00\u5b9a\u6703\u628a\u4e0a\u9762\u7684\u5496\u5561\u5e97\u8dd1\u904e\u4e00\u904d\uff01\n\u6700\u91cd\u8981\u7684\u662f\u628a\u5f71\u7247\u770b\u500b100\u904d\u4ee5\u4e0a\uff5e\n\u5927\u5bb6\u770b\u8d77\u4f86\u554a\u554a\u554a\u554a\ud83d\udc39\n\u771f\u7684\u592a\u559c\u6b61\u5b89\u557e\u4e86\ud83e\udd7a\ud83e\udd0d"
        },
        {
            "reply_id": "UgxphvLlxVSekRFI3Ft4AaABAg",
            "reply_content": "\u9019\u4e09\u9593\u90fd\u559c\u6b61"
        },
        {
            "reply_id": "UgxYsYebEIb7uA8ccIJ4AaABAg",
            "reply_content": "\u5e73\u6210\u5047\u9762\u9a0e\u58eb"
        },
        {
            "reply_id": "Ugz5OTUBwKnOxoyG-UF4AaABAg",
            "reply_content": "\u610f\u60f3\u4e0d\u5230\u5b78\u5230\u4e86\u5f88\u591a\u662d\u548c\u7684\u77e5\u8b58!\u592a\u559c\u6b61\u4e86!"
        },
        {
            "reply_id": "Ugz0UXsz6g2vxJNRAVJ4AaABAg",
            "reply_content": "\u534a\u591c\u770b\u771f\u7684\u60f3\u5403"
        },
        {
            "reply_id": "Ugy2mcJ9y2IMOxinMjN4AaABAg",
            "reply_content": "\u71c8\u5149\u7f8e\u6c23\u6c1b\u4f73\n\u5b89\u63ea\u7684\u4ecb\u7d39\u8b93\u4eba\u89ba\u5f97\u8212\u670d"
        },
        {
            "reply_id": "Ugw0CNPqm_iTqUEiSvZ4AaABAg",
            "reply_content": "\u6211\u6bd4\u8f03\u559c\u6b61\u65e5\u672c\u7684\u5948\u826f\u6642\u4ee3 \u5168\u90e8\u90fd\u662f\u5510\u671d\u6587\u5316"
        },
        {
            "reply_id": "UgxXQd8LPqTwu3Anbcd4AaABAg",
            "reply_content": "\u8d85\u559c\u6b61\u662d\u548c\u98a8\u683c\u7684~\u4e4b\u5f8c\u6703\u627e\u95a8\u871c\u4e00\u8d77\u53bb\u8b80\u66f8\ud83e\udd23"
        },
        {
            "reply_id": "UgxQaRjQ3XqavbqTWHJ4AaABAg",
            "reply_content": "\u8d85\u559c\u6b61\u5b89\u557e\u7684\u5566! \u9019\u6b21\u7684\u662d\u548c\u98a8\u5496\u5561\u4ecb\u7d39\u54e5\u559c\u6b61! \u5e0c\u671b\u5b89\u557e\u5f8c\u7e8c\u53ef\u4ee5\u591a\u4ecb\u7d39\u662d\u548c\u98a8\u984c\u6750^^"
        },
        {
            "reply_id": "Ugy_r9S0gE52nyk1jwR4AaABAg",
            "reply_content": "\u75ab\u60c5\u904e\u4e86\u6211\u8981\u5831\u5fa9\u6027\u5403\u7f8e\u98df\uff01"
        },
        {
            "reply_id": "Ugxzkq0WUq-quWUYhLJ4AaABAg",
            "reply_content": "\u6211\u770b\u4e86\u90fd\u9913\u4e86\uff01"
        },
        {
            "reply_id": "UgwWraP2XywAxz9uuAB4AaABAg",
            "reply_content": "\u70b9\u70b9\u6d0b\u88dd\u6709\u83ef\u71c8\u98a8\u3002\u6211\u4e5f\u611b\u9ede\u9ede\u3002"
        },
        {
            "reply_id": "UgzsjJlvDYN91HVUUSZ4AaABAg",
            "reply_content": "\u6709\u5594  \u5f71\u7247\u611f\u53d7\u5230\u7528\u5fc3\n\u7a7f\u642d\u4e5f\u5f88\u9069\u5408\u51fa\u73fe\u5728\u55ab\u8336\u5e97\n\u4e09\u9593\u90fd\u5f88\u6709\u8208\u8da3"
        },
        {
            "reply_id": "UgzaTOZjoKhLvDJ7gVp4AaABAg",
            "reply_content": "\u89ba\u5f97\u5b89\u557e\u4e0d\u8ad6\u662f\u5728\u984c\u6750\u4e0a\n\u9084\u6709\u53e3\u8ff0\u7684\u5167\u5bb9\u90fd\u5f88\u7528\u5fc3\n\u9084\u7279\u5730\u7a7f\u4e86\u642d\u914d\u7684\u670d\u88dd\uff5e\uff5e\n\uff08\u6211\u662f\u5973\u751f\u90fd\u89ba\u5f97\u5b89\u557e\u9019\u6a23\u7a7f\u597d\u6f02\u4eae\u597d\u53ef\u611b\n\u5fa9\u53e4\u98a8\u7684\u55ab\u8336\u5e97\u98a8\u683c\u771f\u7684\u8b93\u4eba\u611f\u89ba\u5f88\u8212\u9069\uff5e"
        },
        {
            "reply_id": "UgxXCD7UTJ-OcsVu9hV4AaABAg",
            "reply_content": "\u5b89\u63ea\u9019\u6b21\u5f71\u7247\u7684\u7a7f\u642d\u8d85\u8b9a\uff0c\u611f\u89ba\u597d\u512a\u96c5\u800c\u4e14\u8eab\u5f62\u8d85\u7f8e~"
        },
        {
            "reply_id": "Ugwv2FtffLOEWZwQyR14AaABAg",
            "reply_content": "\u5b89\u557e\u611f\u89ba\u53ef\u4ee5\u958b\u8d85\u7d1a\u611f\u8b1d\u529f\u80fd\u4e86\uff1f\u8b1d\u8b1d\u59b3\u7528\u5fc3\u7684\u5f71\u7247\u8b93\u6211\u8a8d\u8b58\u53ef\u611b\u61f7\u820a\u7684\u65e5\u5f0f\u5496\u5561\u5ef3\ud83d\udc93"
        },
        {
            "reply_id": "UgymRrvFoQq_7V6qLix4AaABAg",
            "reply_content": "\u5b89\u557e\u4eca\u5929\u7684\u6253\u626e\u5f88\u50cf\u611b\u5b50\u2764\ufe0f"
        },
        {
            "reply_id": "Ugw9l_QM1yroEG5Trvl4AaABAg",
            "reply_content": "\u7b2c\u4e09\u5bb6\u7684\u5e03\u4e01\u771f\u7684\u597d\u597d\u5403"
        }
    ]
}