{
    "video_info": {
        "id": "68NUeA6X9x0",
        "channelTitle": "\u5b89\u557e\u54aa",
        "title": "\u5b89\u557e\u8dd1\u53bb\u7576\u79cb\u8449\u539f\u5076\u50cf\u4e86\uff1f\uff01\u5531\u5531\u8df3\u8df3\u5b8c\u6210\u4e86\u4e00\u9996\u6b4c\uff01| \u5b89\u557e (\u309d\u2200\uff65) \u2661",
        "description": "\u96e3\u9053\u662f\u9019\u5e7e\u9031\u90fd\u6c92\u6709\u66f4\u65b0\u7684\u539f\u56e0?!\n- - - - - - - - - - - - - - - - - - - - - -\n\u27ab \u8a02\u95b1\u5b89\u557e\uff1ahttps://goo.gl/KmLFgD\n\u27ab \u5b89\u557eFacebook\uff1ahttps://www.facebook.com/anjoupikachu/\n\ud83d\udc39 \u73a9\u5177\u958b\u7bb1\u5168\u96c6\uff1ahttps://goo.gl/91ulRJ\n- - - - - - - - - - - - - - - - - - - - - -\n\nAikatsu\uff01Card Official Taiwan \u5076\u50cf\u5b78\u5712\uff01\uff08\u53f0\u7063\uff09\n\u2192https://www.facebook.com/aikatsutw/\n\n \u2192\u5076\u50cf\u5b78\u5712Friends ! \u5b98\u65b9\u7db2\u7ad9\nhttp://www.aikatsu.com.tw/\n\n\u7279\u5225\u611f\u8b1d\n\u821e\u8e48\u6559\u5b78\uff1a\u9752\u8ed2\u8001\u5e2b\n\u9304\u97f3\u3001\u6df7\u97f3\uff1a\u5433\u5955\u5b8f\n\u651d\u5f71\uff1a\u6a13\u683c\u5f71\u50cf\u5de5\u4f5c\u5ba4\n- - - - - - - - - - - - - - - - - - - - - -\n\u27a8\u76f8\u95dc\u5f71\u7247\n\n1/2\u7e2e\u5c0f\u7248\u626d\u86cb\u6a5f \u2606 \u626d\u5230\u4ec0\u9ebc\u5c31\u5403\u4ec0\u9ebc\u7684\u523a\u6fc0\u73a9\u6cd5?!\n\u21e2 https://goo.gl/tSJlNG\n\u6dbc\u9eb5\u6c34\u6a02\u5712 - \u6d41\u6c34\u7d20\u9eb5\u5f9e\u9ad8\u4f4e\u5dee56cm\u7684\u6ed1\u6c34\u9053\u6e9c\u4e0b\u4f86\u4e86\uff01\n\u21e2 https://goo.gl/tgYRy1\n\u3010\u77e5\u80b2\u83d3\u5b50\u3011\u99ac\u6876\u6e05\u6dbc\u98f2\u6599\uff01\u7121\u6cd5\u62db\u67b6\u7684\u5473\u9053\uff01\n\u21e2 https://goo.gl/n0nnyQ\n\u6d77\u5e95\u7e3d\u52d5\u54e12 - Finding Dory \u2606 \u591a\u8389\u5609\u5e74\u83ef\uff01\u9084\u6709\u597d\u591a\u9b5a\u53cb\u5011\uff01\n\u21e2 https://goo.gl/oAn42q\n\u6703\u5b78\u4f60\u8aaa\u8a71\u7684\u840c\u840c\u5c0f\u5009\u9f20 - \u8981\u6210\u70ba\u4e00\u4f4d\u6559\u5b97\u4e0d\u662f\u90a3\u9ebc\u7c21\u55ae\u7684\u4e8b\u60c5!!\n\u21e2 https://goo.gl/8WZaZT\n- - - - - - - - - - - - - - - - - - - - - -\nBGM\u4f86\u6e90\uff1ahttp://dova-s.jp/\n\u97f3\u6548\u4f86\u6e90\uff1ahttp://musicisvfr.com/free/index.html",
        "likeCount": "28303",
        "commentCount": "2331",
        "viewCount": "1014841"
    },
    "comments": [
        {
            "reply_id": "UgypBNxv00HOWo7urwB4AaABAg",
            "reply_content": "\u6211\u5076\u50cf\u5b78\u57121\uff1a\u6700\u559c\u6b61\u795e\u5d0e\u7f8e\u6708\uff0c\u5076\u50cf\u5b78\u57122\uff1a\u6700\u559c\u6b61\u827e\u8389\u897f\u4e9e\uff0c\u5076\u50cf\u771f\u7684\u4e0d\u597d\u7576\uff0c\u8981\u82b1\u8cbb\u6642\u9593\u7df4\u7fd2\u5531\u6b4c\u8df3\u821e"
        },
        {
            "reply_id": "UgxrSg8Hteii0wCjg_54AaABAg",
            "reply_content": "\u59b3\u53ef\u4e0d\u53ef\u4ee5\u4e0d\u8981\u4e82\u52d5"
        },
        {
            "reply_id": "UgzPiXcDxwyL0H8MPf14AaABAg",
            "reply_content": "\u5ffd\u7136\u89ba\u5f97\u5b89\u557e\u9577\u5f97\u5f88\u50cf\u65e5\u672c\u4eba"
        },
        {
            "reply_id": "UgyfWGLNbRm5MGyBTJ94AaABAg",
            "reply_content": "\u53ef\u60dc\u4e0d\u80fd\u73a9\u4e86 \u597d\u60f3\u518d\u73a9\u4e00\u6b21"
        },
        {
            "reply_id": "UgzcuIYp3WqFqkSOE9N4AaABAg",
            "reply_content": "\u5b89\u557e\u54aa\u59d0\u59d0\u597d\u529b\u5bb3\u2764"
        },
        {
            "reply_id": "UgyotE-2wXxaTEwnpEt4AaABAg",
            "reply_content": "\u6211\u66f4\u559c\u6b22\u7b2c1\u5b63\u548c\u7b2c2\u5b63\u7b2c3\u5b63\u5f00\u59cb\u90a3\u4e2a\u4e3b\u89d2\u6211\u5c31\u89c9\u5f97\u4ed6\u6bd4\u5c0f\u6885\u8fd8\u8981\u50bb\uff0c\u53ef\u4ee5\u8fd9\u4e48\u8bf4\u5427\u6211\u7684\u610f\u601d\u4e5f\u4e0d\u662f\u8349\u8393\uff0c\u5565\u5c0f\u6885\u662f\u5446\u840c\uff0c\u7136\u540e\u4ed6\u4eec\u5c31\u662f\u7eaf\uff0c\u6211\u89c9\u5f97\u6709\u70b9\u50bb"
        },
        {
            "reply_id": "Ugw5VRs3rvzW1_YcBQ94AaABAg",
            "reply_content": "\u5b89\u557e\u597d\u68d2"
        },
        {
            "reply_id": "UgxADS-BzmZJDVg4DlB4AaABAg",
            "reply_content": "\u5b89\u557e\u5f8b\u52d5\u9084\u4e0d\u932f\u5440\uff01\u4e4b\u524d\u4e00\u76f4\u89ba\u5f97\u5076\u6a23\u5b78\u5712\u56e0\u70ba\u662f\u52d5\u756b\u7684\u95dc\u4fc2\uff0c\u7de8\u821e\u597d\u50cf\u90fd\u4e0d\u592a\u597d\u770b\ud83d\ude05\n\u4f46\u4eca\u5929\u770b\u5b89\u557e\u5728\u5f71\u7247\u88e1\u9762\u8df3\u89ba\u5f97\u597d\u53ef\u611b\u6b38\ud83e\udd23 \u4e5f\u53ef\u80fd\u662f\u4eba\u7684\u95dc\u4fc2\u54c8\u54c8"
        },
        {
            "reply_id": "Ugx8CJCkqEOjZ8P7IpJ4AaABAg",
            "reply_content": "\u53e4\u9310\u5594"
        },
        {
            "reply_id": "Ugyj9zQoRyaQX16kUAB4AaABAg",
            "reply_content": "\u6211\u6700\u559c\u6b61\u7b2c\u4e00\u4ee3\u7684\u5076\u50cf\u5b78\u5712"
        },
        {
            "reply_id": "UgzpiXKkQAyLzs-7X3V4AaABAg",
            "reply_content": "\u5b89\u557e\u52a0\u6cb9\u4e00\u5b9a\u80fd\u6210\u70ba\u5076\u50cf\u5c31\u7b97\u6709\u591a\u96e3\u59b3\u4e00\u5b9a\u53ef\u4ee5\u7684\ud83d\ude0d\ud83d\ude0d\u6211\u652f\u6301\u59b3\ud83e\udd17\ud83e\udd17"
        },
        {
            "reply_id": "UgwD_ongyd5Ilr4LZbx4AaABAg",
            "reply_content": "\u5b89\u557e\u8eab\u4e0a\u7a7f\u7684\u8863\u670d\u662f\u6e4a\u7f8e\u7dd2\u7684\uff01"
        },
        {
            "reply_id": "Ugy1-9_6dx4umi6PyOt4AaABAg",
            "reply_content": "\u8863\u670d\u5728\u54ea\u88e1\u8cb7"
        },
        {
            "reply_id": "UgxPDd6xBTsDcuLP22F4AaABAg",
            "reply_content": "\u53ef\u60dc\u73fe\u5728\u53f0\u7063\u548c\u9999\u6e2f\u4e5f\u6c92\u6709\u9019\u500b\u8857\u6a5f\u4e86\u22ef"
        },
        {
            "reply_id": "UgyssjNj8iNqpeB_Bx54AaABAg",
            "reply_content": "\u52a0\u6cb9"
        },
        {
            "reply_id": "UgyX0oz90PwrfO223nV4AaABAg",
            "reply_content": "\u6f14\u7b97\u6cd5\u53c8\u5e36\u6211\u518d\u6b21\u4f86\u5230\u9019\u908a\ud83d\ude02"
        },
        {
            "reply_id": "Ugy-lTTJm_eaXB7teOd4AaABAg",
            "reply_content": "\u6709\u5920\u53ef\u611b"
        },
        {
            "reply_id": "UgzoZtHckiKd1kRl11l4AaABAg",
            "reply_content": "\u611f\u89ba\u6d3b\u529b\u6b63\u5411\u5230\u6eff\u51fa\u4f86\u5206\u7d66\u5225\u4eba\u7684\u611f\u89ba.\u5c31\u662f\u5076\u50cf\u5427!!"
        },
        {
            "reply_id": "UgxiXqhrogzon2DIep94AaABAg",
            "reply_content": "\u9019\u6536\u6b4c\u66f2\u53eb\u505a\u4ec0\u9ebc"
        },
        {
            "reply_id": "Ugz76oOXl51occYE-m54AaABAg",
            "reply_content": "\u5b89\u557e\u597d\u53b2\u5bb3"
        }
    ]
}