{
    "video_info": {
        "id": "7mgEPSnSb-g",
        "channelTitle": "\u5b89\u557e\u54aa",
        "title": "\u81ea\u88fd\u8d85\u7f6a\u60e1\u63d0\u62c9\u7c73\u8607\u98a8\u6fc3\u539a\u71b1\u53ef\u53ef\uff01\u51ac\u5929\u6975\u81f4\u4eab\u53d7\uff01| \u5b89\u557e (\u309d\u2200\uff65) \u2661",
        "description": "- - - - - - - - - - - - - - - - - - - - - -\r\n\u27ab \u8a02\u95b1\u5b89\u557e\uff1ahttps://goo.gl/KmLFgD\r\n\u27ab \u5b89\u557eFacebook\uff1ahttps://www.facebook.com/anjoupikachu/\r\n\ud83d\udc39 \u73a9\u5177\u958b\u7bb1\u5168\u96c6\uff1ahttps://goo.gl/91ulRJ\r\n- - - - - - - - - - - - - - - - - - - - - -\r\n\r\n\r\n\r\n- - - - - - - - - - - - - - - - - - - - - -\r\n\u27a8\u76f8\u95dc\u5f71\u7247\r\n\r\n1/2\u7e2e\u5c0f\u7248\u626d\u86cb\u6a5f \u2606 \u626d\u5230\u4ec0\u9ebc\u5c31\u5403\u4ec0\u9ebc\u7684\u523a\u6fc0\u73a9\u6cd5?!\r\n\u21e2 https://goo.gl/tSJlNG\r\n\u6dbc\u9eb5\u6c34\u6a02\u5712 - \u6d41\u6c34\u7d20\u9eb5\u5f9e\u9ad8\u4f4e\u5dee56cm\u7684\u6ed1\u6c34\u9053\u6e9c\u4e0b\u4f86\u4e86\uff01\r\n\u21e2 https://goo.gl/tgYRy1\r\n\u3010\u77e5\u80b2\u83d3\u5b50\u3011\u99ac\u6876\u6e05\u6dbc\u98f2\u6599\uff01\u7121\u6cd5\u62db\u67b6\u7684\u5473\u9053\uff01\r\n\u21e2 https://goo.gl/n0nnyQ\r\n\u6d77\u5e95\u7e3d\u52d5\u54e12 - Finding Dory \u2606 \u591a\u8389\u5609\u5e74\u83ef\uff01\u9084\u6709\u597d\u591a\u9b5a\u53cb\u5011\uff01\r\n\u21e2 https://goo.gl/oAn42q\r\n\u6703\u5b78\u4f60\u8aaa\u8a71\u7684\u840c\u840c\u5c0f\u5009\u9f20 - \u8981\u6210\u70ba\u4e00\u4f4d\u6559\u5b97\u4e0d\u662f\u90a3\u9ebc\u7c21\u55ae\u7684\u4e8b\u60c5!!\r\n\u21e2 https://goo.gl/8WZaZT\r\n- - - - - - - - - - - - - - - - - - - - - -\r\nBGM\u4f86\u6e90\uff1ahttp://dova-s.jp/\r\n\u97f3\u6548\u4f86\u6e90\uff1ahttp://musicisvfr.com/free/index.html",
        "likeCount": "14768",
        "commentCount": "575",
        "viewCount": "370873"
    },
    "comments": [
        {
            "reply_id": "Ugx7eNuOHdGhezrqIUl4AaABAg",
            "reply_content": "\u5982\u679c\u6709\u5728\u7279\u50f9\u4f46\u662f \u6c92\u6709\u5e38\u5e38\u7528\u5230 \u662f\u5f88\u6d6a\u8cbb \u7684"
        },
        {
            "reply_id": "UgyWtA4u50NEbWFtUtF4AaABAg",
            "reply_content": "\u6700\u559c\u6b61\u770b\u9023\u4e00\u676f\u71b1\u53ef\u53ef\u90fd\u5f88\u8b1b\u7a76\u7684\u5b89\u557e\uff5e"
        },
        {
            "reply_id": "UgzyRmil2trxBjlTf4d4AaABAg",
            "reply_content": "\u597d\u68d2\u5594"
        },
        {
            "reply_id": "UgxAbFD6n4w21Z0sniN4AaABAg",
            "reply_content": "\u5b89\u557e\u982d\u9aee\u8b8a\u6372\u4e86"
        },
        {
            "reply_id": "Ugwv1y85LGDxf0bPy0t4AaABAg",
            "reply_content": "\u4f60\u81ea\u5df1\u597d\u597d\u5b89\u63ea"
        },
        {
            "reply_id": "UgwJy24nwe1n6IdJhON4AaABAg",
            "reply_content": "\u6eab\u6696\u7684\u53ef\u53ef"
        },
        {
            "reply_id": "UgzVGUxNsZdRnBzy6Sd4AaABAg",
            "reply_content": "\u5b89\u557e\u5b89\u557e \u76e1\u91cf\u4e0d\u8981\u7528\u6e6f\u5319\u53bb\u522e\u934b\u5b50>< \u5982\u679c\u662f\u4e0d\u6cbe\u934b\u7684\u9762\u6599\u7684\u8a71 \u6703\u88ab\u522e\u4e0b\u4f86\u5230\u98df\u7269\u88e1\u5c0d\u8eab\u9ad4\u6709\u5bb3\ud83e\udd7a"
        },
        {
            "reply_id": "UgykR1wB34I4DUlP9Q94AaABAg",
            "reply_content": "\u5c0f\u5b69\u53ef\u4ee5\u559d\u55ce\uff1f(\u56e0\u70ba\u6211\u662f\u5c0f\u4e00)"
        },
        {
            "reply_id": "Ugwr2ib9zYpfO3KSWsZ4AaABAg",
            "reply_content": "\u5f88\u559c\u6b61\u9019\u6b21\u7684\u7a7f\u642d\u9020\u578b \u8ddf\u77ed\u767c\u5f88\u642d<3"
        },
        {
            "reply_id": "Ugxv2EKfj4fsFWYDAIZ4AaABAg",
            "reply_content": "\u8acb\u554f\u5b89\u557e\u59ca\u59ca\u5c0f\u5319\u548c\u5927\u5319\u662f\u591a\u5c11g?"
        },
        {
            "reply_id": "UgwRUm0pzU6S2vepjFd4AaABAg",
            "reply_content": "\u5443"
        },
        {
            "reply_id": "UgwD0jwPYNFbMlik3qV4AaABAg",
            "reply_content": "\u5b89\u557e\u52a0\u6cb9"
        },
        {
            "reply_id": "UgyiwysBDi6LFBfhBBJ4AaABAg",
            "reply_content": "\u5b89\u557e\u597d\u6f02\u4eae\ud83d\ude0d\n\u6211\u6709\u8a02\u95b1\u59b3\u7684\u983b\u9053"
        },
        {
            "reply_id": "Ugy7DWzcFDU71ATHFup4AaABAg",
            "reply_content": "\u5b89\u557e\u5c31\u662f\u5916\u9762\u67095\u548c\u80ba\u764c\u6240\u4ee5\u4f60\u8981\u6234\u53e3\u7f69\u8981\u5c0f\u5fc3"
        },
        {
            "reply_id": "UgyFCfv6iJODr4MsKCR4AaABAg",
            "reply_content": "\u9019\u500b\u98df\u8b5c\u597d\u7c21\u55ae \u611f\u89ba\u5f88\u8b9a"
        },
        {
            "reply_id": "Ugx5yZraQ01Leoi0zh54AaABAg",
            "reply_content": "\u5b89\u557e\u9aee\u578b\u8b8a\u4e86\u771f\u7684\u5f88\u7f8e!\u5b89\u557e\u5403\u90a3\u9ebc\u591a\u9ad8\u71b1\u91cf\u7684\u6771\u897f\u9084\u662f\u90a3\u9ebc\u7626!\u597d\u7fa8\u6155!!"
        },
        {
            "reply_id": "UgzDHkbf2hBHzHBRblV4AaABAg",
            "reply_content": "\u5496\u5561\u7c89\u54ea\u88e1\u7279\u50f9\u554a\uff1f"
        },
        {
            "reply_id": "UgyoFio2xefnUUwEjRl4AaABAg",
            "reply_content": "\u53d1\u578b\u597d\u50cf\u6e21\u8fb9\u9ebb\u53cb\u7684\u77ed\u53d1\u54e6"
        },
        {
            "reply_id": "Ugz32v4CepqN5ebqBcJ4AaABAg",
            "reply_content": "\u5b89\u557e\u7684\u5eda\u85dd\u771f\u7684\u8d8a\u4f86\u8d8a\u597d\u4e86\uff01\u6700\u8fd1\u7684\u70f9\u98ea\u5f71\u7247\u90fd\u662f\u5927\u6210\u529f\u5462\uff01"
        },
        {
            "reply_id": "UgxS5bNXJs7XDropV_B4AaABAg",
            "reply_content": "\u6211\u5f88\u50cf\u4e00\u76f4\u542c\u5230l\uff0c\u8fd9\u6837\u5b50\u559d\u6b7b\u81ea\u5df1\u4e86"
        }
    ]
}