{
    "video_info": {
        "id": "7SP6AQTt874",
        "channelTitle": "\u5b89\u557e\u54aa",
        "title": "\u96f2\u6735\u822c\u7684\u84ec\u9b06\u6b50\u59c6\u86cb\u88fd\u4f5c\u5668\uff01\u5c31\u4ea4\u7d66\u9019\u96bb\u5c0f\u96de\uff01| \u5b89\u557e (\u309d\u2200\uff65) \u2661",
        "description": "\u751f\u6d3b\u4e0d\u80fd\u7f3a\u5c11\u86cb\uff01\n\n\u27ab \u8a02\u95b1\u5b89\u557e\uff1ahttps://goo.gl/KmLFgD\n\u27ab \u5b89\u557eIG\uff1ahttps://www.instagram.com/anjouclever/\n\u27ab \u5b89\u557eFB\uff1ahttps://www.facebook.com/anjoupikachu/\n\ud83d\udc39 \u73a9\u5177\u958b\u7bb1\u5168\u96c6\uff1ahttps://goo.gl/91ulRJ",
        "likeCount": "4328",
        "commentCount": "163",
        "viewCount": "121687"
    },
    "comments": [
        {
            "reply_id": "UgwBUewDuqaeKq2LSVV4AaABAg",
            "reply_content": "\u5176\u5be6\u6211\u6709\u9ede\u6015\u86cb\u9ec3\n\u6240\u4ee5\u5e73\u5e38\u559c\u6b61\u5403\u5168\u719f\u7684\u86cb\uff5e\u4f60\u5011\u5462\ud83d\ude33"
        },
        {
            "reply_id": "Ugz6GkPKx0k_5PXEn4J4AaABAg",
            "reply_content": "\u597d\u50cf\u6de1\u9905"
        },
        {
            "reply_id": "Ugxl1bhakSesdap_buN4AaABAg",
            "reply_content": "\u6211\u89ba\u5f97\u59b3\u6253\u5b8c3\u5206\u9418\u4e4b\u5f8c\u518d\u6253\u4e45\u4e00\u9ede\u6703\u6bd4\u8f03\u84ec\u9b06\u311f\uff01\ud83d\ude01"
        },
        {
            "reply_id": "UgxHE0tHlGp-uBzGEhB4AaABAg",
            "reply_content": "\u5b89\u557e\u4e00\u5e74\u6c92\u770b\u597d\u61f7\u5ff5\u770b\u4e94\u5e74\u4e86\u7ae5\u5e74"
        },
        {
            "reply_id": "UgxOLiMdfN-S_bPO7Id4AaABAg",
            "reply_content": "\u7279\u5225\u56de\u53bb\u770b\u4e86\u4e00\u4e0b\u5154\u5b50\u6e6f\u5713\u54c8\u54c8\u54c8"
        },
        {
            "reply_id": "UgwgnMDrOmrce6kquL94AaABAg",
            "reply_content": "\u61f7\u820a\u7cfb\u5217\u591a\u51fa\u4e00\u9ede\ud83d\ude3b"
        },
        {
            "reply_id": "Ugx9LFQlSalu4H3Pp9h4AaABAg",
            "reply_content": "\u4f60\u524d\u9663\u5b50\u662f\u4e0d\u662f\u6709\u9047\u5230\u694a\u5143\u6176"
        },
        {
            "reply_id": "UgxLXW286V-9rQ0tRMJ4AaABAg",
            "reply_content": "\u7adf\u7136\u8ce6\u4e88\u4e86\u5c0f\u96de\u9019\u9ebc\u6709\u610f\u7fa9\u7684\u6545\u4e8b"
        },
        {
            "reply_id": "UgxcHv8_ppDEViJq0U54AaABAg",
            "reply_content": "0:40\u958b\u59cb\u611f\u6168\u4e00\u6298\u7684\u6642\u5019\uff0c\u8072\u97f3\u5ffd\u7136\u8b8a\u6210\u65e5\u5e38\u7684\u8072\u97f3\uff0c\u5f8c\u4f86\u624d\u6162\u6162\u6062\u5fa9\u6210\u62cd\u7247\u7684\u8072\u97f3\uff0c\u9019\u7a2e\u53cd\u5dee\u5f88\u53ef\u611b XD"
        },
        {
            "reply_id": "UgzROiP-M7HwNcBxsvB4AaABAg",
            "reply_content": "\u6b50\u59c6\u86cb\u505a\u8d77\u4f86\u7684\u611f\u89ba\u5f88\u4e0d\u932f\u8036\uff0c\u7b2c\u4e00\u6b21\u770b\u5b89\u557e\u7684\u5f71\u7247\uff0c\u611f\u89ba\u5f88\u6b61\u6a02~\u975e\u5e38\u559c\u6b61~~"
        },
        {
            "reply_id": "Ugz74R26mOEbUkb_Xnx4AaABAg",
            "reply_content": "\u6b50\u59c6\u86cb\u672c\u4f86\u5c31\u4e0d\u8010\u653e\u5594\uff5e\u96a8\u8457\u6642\u9593\u6d41\u901d\u5c31\u6703\u8d8a\u4f86\u8d8a\u584c\u672c\u5c6c\u6b63\u5e38\u73fe\u8c61\uff0c\u53ef\u80fd\u662f\u56e0\u70ba\u64fa\u76e4\u517c\u9304\u5f71\u5c0e\u81f4\u6642\u9593\u638c\u63a7\u4e0d\u6613\u9020\u6210\u7684(\u8a73\u60c5\u8acb\u898b\uff5e\u98df\u621f\u4e4b\u9748XD)"
        },
        {
            "reply_id": "UgwdYLb_URfUo_QuSM14AaABAg",
            "reply_content": "\u756a\u8304\u91ac\u548c\u8702\u871c\u597d\u50cf\u90fd\u662f\u751c\u751c\u7684\u5427\uff01\uff01\u5b89\u557e\u8aaa\u4e00\u500b\u9e79\u7684\u4e00\u500b\u751c\u7684\u6642\u5019\u771f\u7684\u89ba\u5f97\u597d\u53ef\u611b\ud83e\udd23\ud83e\udd23"
        },
        {
            "reply_id": "Ugx1mdVeTMxpi5JfbAB4AaABAg",
            "reply_content": "\u5b89\u557e\u592a\u53ef\u611b\u4e86\uff01\u7a81\u7136\u5c31\u5922\u56de\u5154\u5b50\u6e6f\u5713\u90a3\u90e8\u5f71\u7247\u7684\u611f\u89ba\u9d28030\n\u4e5f\u597d\u60f3\u5403\u8212\u8299\u857e\u9d28\u55da\u55da\u55da\u55da\uff01\uff01"
        },
        {
            "reply_id": "Ugzi9YArKM6od1wsEPd4AaABAg",
            "reply_content": "\u7b49\u7b49 \u70ba\u4ec0\u9ebc\u756a\u8304\u91ac\u662f\u9e79\u7684\ud83e\udd7a"
        },
        {
            "reply_id": "UgygNe9rcxDtTjsIet14AaABAg",
            "reply_content": "\u70ba\u4ec0\u9ebc\u641c\u5c0b\u4e0d\u5230\u90a3\u500b\u8766\u76ae\u5546\u57ce\ud83d\ude02"
        },
        {
            "reply_id": "Ugz4ES6rA8yxuoYzyZ94AaABAg",
            "reply_content": "\u54ea\u88e1\u53ef\u4ee5\u8cb7\u6c42\u7db2\u5740"
        },
        {
            "reply_id": "UgzOGObCez5Fpvg6i9l4AaABAg",
            "reply_content": "\u8d85\u60f3\u8981\u4e00\u500b\uff0c\u5be6\u5728\u592a\u53ef\u611b\u4e86\u5566"
        },
        {
            "reply_id": "Ugz84hVdtWdECb1htUx4AaABAg",
            "reply_content": "\u4e0d\u8981\u653e\uff0c\u505a\u597d\u76f4\u63a5\u5403\u5c31\u6703\u9b06\u8edf\u4e86\u5427"
        },
        {
            "reply_id": "UgzwWsrUnGp_YHilU4Z4AaABAg",
            "reply_content": "\u7528\u9019\u500b\u505a\u597d\u50cf\u5f88\u89aa\u6c11\u5f88\u65b9\u4fbf\uff5e"
        },
        {
            "reply_id": "UgxLOn7mVPvRVxzbQ0J4AaABAg",
            "reply_content": "\u6211\u731c\u5c31\u662f\u56e0\u70ba\u4ed6\u5f88\u5bb9\u6613\u5c31\u6241\u6389\uff0c\u6240\u4ee5\u4e2d\u6587\u540d\u624d\u6703\u53eb\u86cb\u6372\u88fd\u4f5c\u5668\uff0c\u56e0\u70ba\u53d6\u540d\u7684\u4eba\u714e\u8d77\u4f86\u4e5f\u6241\u6241\u7684 XD"
        }
    ]
}