{
    "video_info": {
        "id": "8PAM6whlGL8",
        "channelTitle": "\u5b89\u557e\u54aa",
        "title": "\u97d3\u570b\u7206\u7d05\u7684\u4fbf\u7576\u76d2\u86cb\u7cd5\uff1f\uff01\u5c3a\u5bf8\u8d85\u8ff7\u4f60\uff01\u4ea4\u7d66\u6211\u4f86\u505a\u61c9\u8a72ok\u5427\uff1f\uff01| \u5b89\u557e (\u309d\u2200\uff65) \u2661",
        "description": "2021\u7684\u7b2c\u4e00\u652f\u5f71\u7247\uff01\n\u27ab \u8a02\u95b1\u5b89\u557e\uff1ahttps://goo.gl/KmLFgD\n\u27ab \u5b89\u557eIG\uff1ahttps://www.instagram.com/anjouclever/\n\u27ab \u5b89\u557eFB\uff1ahttps://www.facebook.com/anjoupikachu/\n\ud83d\udc39 \u73a9\u5177\u958b\u7bb1\u5168\u96c6\uff1ahttps://goo.gl/91ulRJ\n\n\u27a8\u5176\u4ed6\u5b89\u557e\u5f71\u7247\n1/2\u7e2e\u5c0f\u7248\u626d\u86cb\u6a5f \u2606 \u626d\u5230\u4ec0\u9ebc\u5c31\u5403\u4ec0\u9ebc\u7684\u523a\u6fc0\u73a9\u6cd5?!\n\u21e2 https://goo.gl/tSJlNG\n\u6dbc\u9eb5\u6c34\u6a02\u5712 - \u6d41\u6c34\u7d20\u9eb5\u5f9e\u9ad8\u4f4e\u5dee56cm\u7684\u6ed1\u6c34\u9053\u6e9c\u4e0b\u4f86\u4e86\uff01\n\u21e2 https://goo.gl/tgYRy1\n\u3010\u77e5\u80b2\u83d3\u5b50\u3011\u99ac\u6876\u6e05\u6dbc\u98f2\u6599\uff01\u7121\u6cd5\u62db\u67b6\u7684\u5473\u9053\uff01\n\u21e2 https://goo.gl/n0nnyQ\n\u6d77\u5e95\u7e3d\u52d5\u54e12 - Finding Dory \u2606 \u591a\u8389\u5609\u5e74\u83ef\uff01\u9084\u6709\u597d\u591a\u9b5a\u53cb\u5011\uff01\n\u21e2 https://goo.gl/oAn42q\n\u6703\u5b78\u4f60\u8aaa\u8a71\u7684\u840c\u840c\u5c0f\u5009\u9f20 - \u8981\u6210\u70ba\u4e00\u4f4d\u6559\u5b97\u4e0d\u662f\u90a3\u9ebc\u7c21\u55ae\u7684\u4e8b\u60c5!!\n\u21e2 https://goo.gl/8WZaZT\n\nBGM\u4f86\u6e90\uff1ahttp://dova-s.jp/\n\u97f3\u6548\u4f86\u6e90\uff1ahttp://musicisvfr.com/free/index.html",
        "likeCount": "15921",
        "commentCount": "464",
        "viewCount": "576986"
    },
    "comments": [
        {
            "reply_id": "UgxPe_rAIeG3-mrM4D14AaABAg",
            "reply_content": "2021\u7684\u7b2c\u4e00\u652f\u5f71\u7247\n\u4e5f\u525b\u597d\u662f\u4e00\u500b\u9023\u5047\u7684\u90e8\u5206\uff01\n\u9019\u9031\u672b\u5e0c\u671b\u5927\u5bb6\u90fd\u53ef\u4ee5\u904e\u5f97\u5f88\u653e\u9b06\u958b\u5fc3\n\u795d\u5927\u5bb6\u65b0\u5e74\u5feb\u6a02\uff01"
        },
        {
            "reply_id": "Ugxg02VfyCF-KzCncEx4AaABAg",
            "reply_content": "\u63a1\u8349\u8393\u5730\u65b9\u5728\u54ea\uff1f"
        },
        {
            "reply_id": "UgwJIjVtUC5FCvEdO3d4AaABAg",
            "reply_content": "\u9019\u662f\u5728\u54ea\uff1f"
        },
        {
            "reply_id": "UgxxWA16GCTOc6BgZHd4AaABAg",
            "reply_content": "\u7b2c\u4e00\u6b21\u770b\u5b89\u557e\u54aa\u7684\u7247\uff0c\u8072\u7dda\u597d\u53ef\u611b\u597d\u6eab\u67d4\u5594\uff08\u932f\u91cd\u9ede\ud83d\ude39\ud83d\ude39"
        },
        {
            "reply_id": "Ugyv87c2284UXql2z2p4AaABAg",
            "reply_content": "\u597d\u53ef\u611b \u8d85\u559c\u6b61\u5b89\u557e\u624b\u4f5c\u98df\u7269  \u6709\u7a7a\u4f86\u8a66\u8a66~"
        },
        {
            "reply_id": "UgzmnP2A3fGNePiOPqB4AaABAg",
            "reply_content": "\u5b89\u557e\u505a\u7684\u597d\u53ef\u7231\u5440"
        },
        {
            "reply_id": "UgyslJ9Dyp2nYmna9k94AaABAg",
            "reply_content": "\u53ef\u4ee5\u554f\u4e00\u4e0b\u9019\u7a2e\u86cb\u7cd5\u76d2\u54ea\u88e1\u6709\u8ce3\u5440"
        },
        {
            "reply_id": "UgxPNt4ejeeXTfU0pWR4AaABAg",
            "reply_content": "\u8acb\u554f\u984f\u8272\u662f\u7528\u4ec0\u9ebc\u724c\u5b50\u8abf\u7684"
        },
        {
            "reply_id": "UgzLBfqr6_6hezGtqpZ4AaABAg",
            "reply_content": "\u53ef\u611b\u7684\u86cb\u7cd5\uff0c\u611f\u89ba\u597d\u50cf\u53ef\u4ee5\u958b\u5e97\ud83d\ude0d"
        },
        {
            "reply_id": "UgxndkK-AwDZsJA7HgN4AaABAg",
            "reply_content": "\u505a\u7684\u597d\u6f02\u4eae\u54e6"
        },
        {
            "reply_id": "UgxR0LxzGBaMGcYwEol4AaABAg",
            "reply_content": "\u5728\u505a\u7684\u6642\u5019\u600e\u9ebc\u3127\u76f4\u5403"
        },
        {
            "reply_id": "Ugy7l3c0mPpm0a_LrSd4AaABAg",
            "reply_content": "\u770b\u8d77\u4f86\u5f88\u7f8e\u5473!"
        },
        {
            "reply_id": "UgxMuQThWLB1SHUT7Dx4AaABAg",
            "reply_content": "\u6709\u86cb\u7cd5\u7684\u98df\u8b5c\u55ce"
        },
        {
            "reply_id": "Ugz-fznH4v7pMcnd5cF4AaABAg",
            "reply_content": "\u5b89\u557e\u59d0\u59d0\u80fd\u544a\u8bc9\u6211\u4fbf\u5f53\u76d2\u5728\u54ea\u91cc\u4e70\u5417\uff1f\u6211\u627e\u4e0d\u5230\ud83d\ude22"
        },
        {
            "reply_id": "UgwAMxtJYAH_KaCyp2Z4AaABAg",
            "reply_content": "\u6211\u4e5f\u662f\u5f88\u60f3\u53bb\u63a1\u6536\u8349\u8393\u56e0\u70ba\u6211\u4e5f\u662f\u5f88\u60f3\u505a\u86cb\u7cd5\ud83e\udd84\ud83d\ude25\ud83d\ude31"
        },
        {
            "reply_id": "Ugyiu4-5hP6EOWz8ssl4AaABAg",
            "reply_content": "\u6211\u4e5f\u6709\u63a1\u904e\u8349\u8393"
        },
        {
            "reply_id": "UgyYkhae3KnqsmDO4WZ4AaABAg",
            "reply_content": "\u61c9\u8a72\u662f\u7528\u99ac\u65af\u5361\u5f6d\u8d77\u53f8\u52a0\u9bae\u5976\u6cb9,\u4e0d\u662f\u7528\u5976\u6cb9\u5976\u916a"
        },
        {
            "reply_id": "UgxVpTWQXM4niAM5aHZ4AaABAg",
            "reply_content": "\u53ef\u611b\u7684\u6368\u4e0d\u5f97\u5403\ud83e\udd7a"
        },
        {
            "reply_id": "Ugz45Gz_VB8IH_hEqMh4AaABAg",
            "reply_content": "\u8b9a"
        },
        {
            "reply_id": "UgylgTcLDfCfSK-jPlJ4AaABAg",
            "reply_content": "\u6211\u559c\u6b61\u4ee5\u524d\u958b\u7bb1\u7684\u90a3\u4e00\u500b\u4f60\n \u4f60\u771f\u7684\u8b8a\u4e86\u5f88\u591a"
        }
    ]
}