{
    "video_info": {
        "id": "8WEX4_U2A9I",
        "channelTitle": "\u5b89\u557e\u54aa",
        "title": "\u539f\u4f86\u6a02\u9ad8\u505a\u7684\u82b1\u9019\u9ebc\u5922\u5e7b\uff012022\u65b0\u54c1\u53ef\u611b\u591a\u8089\u690d\u7269 & \u512a\u96c5\u862d\u82b1\uff01| \u5b89\u557e (\u309d\u2200\uff65) \u2661",
        "description": "\u4e0d\u59a8\u7c21\u55ae\u70ba\u5ba2\u5ef3\u599d\u9ede\u4e00\u675f\u82b1\n\u6216\u7528\u82b1\u675f\u50b3\u905e\u8aaa\u4e0d\u51fa\u53e3\u7684\u5fc3\u610f\n\u5076\u723e\u505a\u500b\u6d6a\u6f2b\u7684\u4eba\u985e\u5427\n\n\u27ab \u8a02\u95b1\u5b89\u557e\uff1ahttps://goo.gl/KmLFgD\n\u27ab \u5b89\u557eIG\uff1ahttps://www.instagram.com/anjouclever/\n\u27ab \u5b89\u557eFB\uff1ahttps://www.facebook.com/anjoupikachu/\n\ud83d\udc39 \u73a9\u5177\u958b\u7bb1\u5168\u96c6\uff1ahttps://goo.gl/91ulRJ",
        "likeCount": "4546",
        "commentCount": "147",
        "viewCount": "129381"
    },
    "comments": [
        {
            "reply_id": "UgwXqlpszgUFrXrCd3d4AaABAg",
            "reply_content": "\u5b89\u557e\u2764\u60f3\u8acb\u554f\u5f69\u8272\u82b1\u74f6\u53bb\u54ea\u88e1\u8cb7\u7684\uff1f\u8b1d\u8b1d\ud83d\ude4f"
        },
        {
            "reply_id": "UgzdwP9U_xvuF9qsrlp4AaABAg",
            "reply_content": "\u8981\u9ad4\u9a57\u9019\u5169\u7d44\u5feb\u6a02\uff0c\u8981\u591a\u5c11\u500b\u57fa\u672c\u5de5\u8cc7??"
        },
        {
            "reply_id": "UgyZz83LPB-EOHkfGlZ4AaABAg",
            "reply_content": "\u597d\u53ef\u611b\u5537\uff5e\uff5e\u8a2d\u8a08\u7684\u60df\u5999\u60df\u8096"
        },
        {
            "reply_id": "UgwoC3Ht9sXERZTNuIl4AaABAg",
            "reply_content": "\u6a02\u9ad8\u862d\u82b1\u6b3e\u8981\u591a\u5c11\u9322\u5462\uff1f"
        },
        {
            "reply_id": "UgzunYaHEVX2rnn7OKN4AaABAg",
            "reply_content": "\u597d\u60f3\u8cb7\u90a3\u500b\u591a\u8089\u7d44\ud83d\ude0d\ud83d\ude0d\u597d\u53ef\u611b\n\u7329\u7d05\u8150\u6557\u4e5f\u592a\u597d\u7b11\uff0c\u4e2d\u6bd2\u5f88\u6df1\ud83e\udd23"
        },
        {
            "reply_id": "UgzKKQHVDSJAZJRZ9294AaABAg",
            "reply_content": "\u6211\u6aa2\u8209\u5b89\u79cb\u662f\u56e0\u70ba\u6211\u8a0e\u53ad\u59b3"
        },
        {
            "reply_id": "UgxZ9wXnrCPhypHg__h4AaABAg",
            "reply_content": "\u592a\u559c\u6b22\u4e86\ud83d\ude0d\u597d\u7231\u54e6\ud83d\ude18Lego\u63a8\u51fa\u7684\u82b1\u7cfb\u5217\u4e5f\u592a\u597d\u770b\u4e86\u5427~\u6446\u653e\u5728\u5bb6\u91cc\u4e5f\u662f\u6ee1\u6ee1\u7684\u751f\u6c14\u6b38\u2665\u8c01\u4e0d\u559c\u6b22fafa\u5bf9\u4e0d\u5bf9\u2665\u611f\u89c9\u65e7\u6b3e\u65b0\u6b3e\u90fd\u597d\u597d\u770b\ud83e\udd70~\u60f3\u5b58\u94b1\u957f\u5927\u540e\u518d\u4e70\u6b38 \u53ef\u662f\u4e0d\u77e5\u5230\u65f6\u4f1a\u4e0d\u4f1a\u7edd\u7248\u4e86\u545c\u545c\u3002\u4f46\u662f\u6ca1\u62fc\u8fc7Lego\u7684\u6211\u60f3\u5fc5\u4e5f\u6ca1\u6709\u5b89\u557e\u90a3\u822c\u6709\u8010\u5fc3\u5427\u54c8\u54c8\ud83d\ude06"
        },
        {
            "reply_id": "UgyPlg2hL6iWqo8p6614AaABAg",
            "reply_content": "\u6a02\u9ad8\u6700\u75db\u82e6\u7684\u53ef\u80fd\u662f\u6700\u5f8c\u767c\u73fe\u6f0f\u62fc\u4e00\u584a\u5c0e\u81f4\u8981\u62c6\u6389"
        },
        {
            "reply_id": "UgzetB_loB4VhbuTQFt4AaABAg",
            "reply_content": "\u770b\u5b8c\u5b89\u557e\u505a\u82b1\u82b1\uff0c\u6211\u8fdb\u5165\u4e86\u8056\u4eba\u6a21\u5f0f\ud83d\ude0d"
        },
        {
            "reply_id": "UgyAc0_CxeY05eJQpA94AaABAg",
            "reply_content": "\u53ef\u4ee5\u5728\u62cd10\u6b21\u55ce\u56e0\u70ba\u9019\u6b21\u62cd\u73a9\u5c31\u6c92\u518d\u62cd\u4e86"
        },
        {
            "reply_id": "UgyMrE8iKcUNoMTFLfZ4AaABAg",
            "reply_content": "\u6709\u9023\u7d50\u55ce\uff01"
        },
        {
            "reply_id": "UgyqniwtDtny2GNA7bB4AaABAg",
            "reply_content": "\u770b\u5b89\u557e\u7684\u5f71\u7247\u771f\u7684\u90fd\u80fd\u611f\u53d7\u5230\u6eff\u6eff\u7684\u7528\u5fc3\ud83e\udd70\u4e0d\u50c5\u50c5\u662f\u62fc\u82b1\u85dd\u6a02\u9ad8\uff0c\u9084\u4ecb\u7d39\u4e86\u5f88\u591a\u690d\u7269\u7684\u5c0f\u77e5\u8b58\uff0c\u9019\u5c31\u662f\u5b89\u557e\u548c\u5225\u4eba\u8207\u773e\u4e0d\u540c\u7684\u5730\u65b9\uff0c\u9019\u5c31\u662f\u679c\u6c41\u5011\u611b\u5b89\u557e\u7684\u539f\u56e0\uff01\uff01\uff01\ud83e\udef6\ud83e\udef6\ud83e\udef6"
        },
        {
            "reply_id": "UgxWjAxX--8KEhb8gDt4AaABAg",
            "reply_content": "\u6bd4\u8f03\u559c\u6b61\u4ee5\u524d\u7684\u9577\u76f8\uff0c\u500b\u4eba\u7acb\u5834"
        },
        {
            "reply_id": "UgxLtRPLS2RsA7vGme14AaABAg",
            "reply_content": "\u9019\u96c6\u5167\u5bb9\u5f88\u8c50\u5bcc\u311d\n\u54c8\u54c8\u54c8\u54c8\u54c8 \u611f\u89ba\u770b\u5230\u5f88\u591a\u5e73\u5e38\u770b\u4e0d\u5230\u7684\u5b89\u557e\u54c8\u54c8\n\u5f88\u559c\u6b61\u9019\u6b21\u7684\u6a02\u9ad8\uff01\uff01"
        },
        {
            "reply_id": "Ugwt09NbrnKluNrWkQ94AaABAg",
            "reply_content": "\u592a\u53ef\u611b\u4e86"
        },
        {
            "reply_id": "UgwYNZZ2QWDvVzfT72Z4AaABAg",
            "reply_content": "\u8ddf\u5c0a\u7684\u8a02\u95b1\u6578\u4e00\u6a23\u4e86"
        },
        {
            "reply_id": "UgxPSbqNKBXHVNfT9-h4AaABAg",
            "reply_content": "\u53ef\u60dc\u53bb\u90a3\u908a\u6c92\u9047\u5230\u59b3\u554a \ud83d\ude02"
        },
        {
            "reply_id": "Ugzs0uDgoV7X-pD-eYB4AaABAg",
            "reply_content": "\u54c7 \u771f\u6c92\u60f3\u5230\u6a02\u9ad8\u4e5f\u53ef\u4ee5\u8b8a\u6210\u82b1 \u597d\u7f8e"
        },
        {
            "reply_id": "Ugx2dOL_VNnMWyYTR614AaABAg",
            "reply_content": "\u597d\u4e45\u6c92\u53bb\u5b89\u557e\u7684\u983b\u9053\u4e86\uff0c\u4f60\u904e\u7684\u597d\u55ce\uff1f"
        },
        {
            "reply_id": "UgzzKsHabQrKgk6AbvZ4AaABAg",
            "reply_content": "\u63db\u4e86\u500b\u5e33\u865f \u4f3c\u4e4e\u4e5f\u662f\u7b2c\u4e00\u6b21\u7684\u7559\u8a00\n\u6700\u5f8c\u7684\u8a71\u8a9e\u5f88\u6eab\u67d4 \u5e36\u9ede\u96de\u6e6f \u53c8\u6709\u4e9b\u611f\u50b7\n\u53ef\u80fd\u662f\u525b\u767c\u751f\u5b8c\u7684\u6545\u4e8b \u4e0d\u66c9\u5f97 \u4e5f\u8a31\u662f\u932f\u89ba\n\u4f46\u53ea\u60f3\u8ddf\u5b89\u557e\u8aaa \u6211\u5011\u611b\u4f60\u5466><"
        }
    ]
}