{
    "video_info": {
        "id": "9gsE31_vXcw",
        "channelTitle": "\u5b89\u557e\u54aa",
        "title": "\u70cf\u6885\u5b50\u91ac-\u557ever. \u5728\u865b\u64ec\u571f\u58e4\ud83c\udf31 | \u5b89\u557e (\u309d\u2200\uff65) \u2661",
        "description": "\u557e\u7adf\u662f\u70cf\u6885\uff5e\u9084\u662f\u6885\u5b50\uff1f\nMV\u88e1\u6c92\u6709\u70cf\u6885\u8e64\u5f71 \u53ea\u6709\u6885\u5b50\u5927\u91cf\u767c\u751f\n\u9084\u662f\u5176\u5be6\u69ae\u6d69\u5531\u7684\u662f\n\u55da\uff5e\u6885\u5b50\u91ac\uff1f\uff1f\ud83d\ude35\u200d\ud83d\udcab\ud83d\udcab\n\u4eca\u665a\u6703\u5e36\u8457\u9019\u500b\u7591\u60d1\u5165\u7761\n\n#\u70cf\u6885\u5b50\u91ac\n\u6750\u6599\uff1a\n\u9178\u6885\u6e6f\u5305x1\n\u6c34 1000ml\n\u51b0\u7cd650g\n\u85d5\u7c89 \u9069\u91cf\n\n\u4f5c\u6cd5\uff1a\n1. \u5c07\u6e6f\u5305\u6750\u6599\u7a0d\u5fae\u6e05\u6d17\n2. \u6c34\u548c\u9178\u6885\u6e6f\u5305\u52a0\u5165\u934b\u4e2d\n3. \u716e\u6cb8\u5f8c\u5c0f\u706b\u716e30\u5206\u9418\n4. \u904e\u6ffe\u6389\u6750\u6599\uff08\u5c07\u4e2d\u85e5\u6750\u76e1\u91cf\u6417\u6210\u6ce5\u4e00\u8d77\u904e\u7be9\uff09\n5. \u7e7c\u7e8c\u716e\u6ffe\u597d\u7684\u6e6f\u6c41\u4e26\u52a0\u5165\u51b0\u7cd6\n6. \u652a\u62cc\u6eb6\u89e3 \u5c0f\u706b10\u5206\u9418\n7. \u52a0\u5165\u85d5\u7c89\u6c34 \u652a\u62cc\u5747\u52fb\uff08\u6211\u6293\u7684\u91cf\u5f88\u96a8\u610f\ud83e\udd23\u53ea\u8981\u6700\u5f8c\u80fd\u7a20\u7a20\u7684\u5c31\u597d\uff09\n8. \u8868\u9762\u8d77\u6ce1\u5f8c\u8d77\u934b\n9. \u51b7\u537b\u5f8c\u6703\u8b8a\u6210\u679c\u91ac\uff01\n\n\u27ab \u8a02\u95b1\u5b89\u557e\uff1ahttps://goo.gl/KmLFgD\n\u27ab \u5b89\u557eIG\uff1ahttps://www.instagram.com/anjouclever/\n\u27ab \u5b89\u557eFB\uff1ahttps://www.facebook.com/anjoupikachu/",
        "likeCount": "4154",
        "commentCount": "76",
        "viewCount": "113213"
    },
    "comments": [
        {
            "reply_id": "UgxnEdh9EjQpGeTV-_14AaABAg",
            "reply_content": "\u597d\u597d\u807d\u611b\u4e86\u611b\u4e86"
        },
        {
            "reply_id": "Ugwb7f010D8LWY7-HKV4AaABAg",
            "reply_content": "\u545c\u545c\u6709\u957f\u7247\u561b\ud83d\ude22"
        },
        {
            "reply_id": "UgxmgYj_dB2H6EkWb6N4AaABAg",
            "reply_content": "\u4e0d\u662f\u5979\u5531\u7684\u4e0d\u8981\u76f8\u4fe1\u5979"
        },
        {
            "reply_id": "Ugw5CiOG5i_LwQ9eMkZ4AaABAg",
            "reply_content": "\u5b89\u557e\u7684\u5fae\u7b11\u592a\u751c\u4e86"
        },
        {
            "reply_id": "UgyV47Nd83aO3FbaDYB4AaABAg",
            "reply_content": "\u771f\u5a46"
        },
        {
            "reply_id": "Ugx-sB_fr_8aQu416bB4AaABAg",
            "reply_content": "\u6211\u786c\u4e86"
        },
        {
            "reply_id": "Ugx6i6vgAD5NgLVrQBN4AaABAg",
            "reply_content": "\u5b8c\u6574\u7248\u4f86\u4e00\u767c\u2764"
        },
        {
            "reply_id": "UgxBFnMJMvDiOfypHcJ4AaABAg",
            "reply_content": "\u5b89\u557e\u5531\u6b4c\u597d\u597d\u807d\u5594\u2764"
        },
        {
            "reply_id": "UgxD0G2Hm82JAEfo_PN4AaABAg",
            "reply_content": "\u9019\u751c\u7f8e\u7684\u6b4c\u8072\u8ddf\u8eab\u5f71\uff0c\u914d\u4e0a\u5c08\u696d\u7684\u88fd\u4f5c\u904e\u7a0b\uff0c\u6709\u624d\uff01"
        },
        {
            "reply_id": "Ugwrw1OtGwqg7lt5J9p4AaABAg",
            "reply_content": "\u592a\u751c\u4e86  \u6709\u6200\u611b\u7684\u611f\u89ba"
        },
        {
            "reply_id": "UgxY2muZvJ7Ywh03rit4AaABAg",
            "reply_content": "\u597d\u597d\u807d\u554a"
        },
        {
            "reply_id": "Ugzrk_FMR-QmcdQYuoN4AaABAg",
            "reply_content": "\u5b89\u557e\u4f60\u9019\u9996\u6b4c\u597d\u751c\u5440\u2764\ud83c\udf89"
        },
        {
            "reply_id": "UgwmvqaYOBUf9BF9zlx4AaABAg",
            "reply_content": "\u597d\u597d\u807d\u5594"
        },
        {
            "reply_id": "UgxPDaIkd01GDAzlq0Z4AaABAg",
            "reply_content": "\u9019\u662f\u6211\u807d\u904e\u6700\u8212\u670d\u7684\u7248\u672c\uff01 \u672c\u4f86\u5df2\u7d93\u807d\u5f97\u5f88\u81a9\u60f3\u6ed1\u6389\uff0c\u7d50\u679c\u6b50\u8cb7\u5c2c\u5b89\u557e\u5531\u5f97\u4e5f\u592a\u597d\u807d\uff01"
        },
        {
            "reply_id": "UgwoXiKwuFNJY0RMS_h4AaABAg",
            "reply_content": "\u807d\u4e86\u90a3\u9ebc\u591a\u7248\u672c, \u5b89\u557e\u5531\u7684\u771f\u7684\u662f\u5168\u7cd6\u7206\u9336\u554a~~"
        },
        {
            "reply_id": "UgzENqRu3Q1r7D80OBR4AaABAg",
            "reply_content": "\u8d85\u96e3\u807d\u7684\ud83e\udd2e"
        },
        {
            "reply_id": "UgzDb2sZW6JDGxk4z6F4AaABAg",
            "reply_content": "\u5b89\u557e\u5531\u6b4c\u597d\u597d\u807d\u2764\u52a0\u4e0a\u9577\u7684\u5f88\u6f02\u4eae\ud83d\ude0a"
        },
        {
            "reply_id": "Ugx7yRe4sYvjanDDP5l4AaABAg",
            "reply_content": "\u6211\u90fd\u6703\u60f3\u6210\u70cf\u9b5a\u5b50\u91ac"
        },
        {
            "reply_id": "Ugyc68m-kPULjddRdLR4AaABAg",
            "reply_content": "\u5b89\u557e\u5531\u6b4c\u4e5f\u592a\u597d\u807d\u4e86\u5427\uff01"
        },
        {
            "reply_id": "Ugxrr0IDjjpXDcioaDd4AaABAg",
            "reply_content": "\u5df2\u8a2d\u6210\u8d77\u5e8a\u9b27\u9418\ud83d\ude02"
        }
    ]
}