{
    "video_info": {
        "id": "A2rIAswv_Vk",
        "channelTitle": "\u5b89\u557e\u54aa",
        "title": "\u6700\u65b0\u73a9\u5177\u7e3d\u52d5\u54e1\u98ef\u5e97\uff01\u6771\u4eac\u8fea\u58eb\u5c3c\u5b8c\u7f8e\u9084\u539f\u5b89\u5f1f\u623f\u9593 | \u5b89\u557e (\u309d\u2200\uff65) \u2661",
        "description": "Andy\u62d6\u978b\u53ef\u4ee5\u5e36\u56de\u5bb6\u7576\u7d00\u5ff5\u54c1\uff01\n\n\u27ab \u8a02\u95b1\u5b89\u557e\uff1ahttps://goo.gl/KmLFgD\n\u27ab \u5b89\u557eIG\uff1ahttps://www.instagram.com/anjouclever/\n\u27ab \u5b89\u557eFB\uff1ahttps://www.facebook.com/anjoupikachu/\n\ud83d\udc39 \u73a9\u5177\u958b\u7bb1\u5168\u96c6\uff1ahttps://goo.gl/91ulRJ",
        "likeCount": "1677",
        "commentCount": "54",
        "viewCount": "50065"
    },
    "comments": [
        {
            "reply_id": "UgznpKC3KgOrh30JWP14AaABAg",
            "reply_content": "\u8acb\u554f\u60a8\u4f4f\u7684\u623f\u578b\u662f\u9762\u4e2d\u5ead\u6216\u6771\u4eac\u7063\u6d77\u55ce?\u5982\u679c\u90fd\u4e0d\u662f\uff0c\u7a97\u6236\u6253\u958b\u662f\u4ec0\u9ebc\u5462?"
        },
        {
            "reply_id": "UgzwJRxrGLxhaRyiLIF4AaABAg",
            "reply_content": "\u597d\u5922\u5e7b\u7684\u4e16\u754c\u5594\uff01\u8d85\u53ef\u611b\u7684"
        },
        {
            "reply_id": "UgwBQ554KJNLPE1psft4AaABAg",
            "reply_content": "\u60f3\u8acb\u554f\u5b89\u557e\uff5e\n\u5b9a\u597d\u5957\u7968\u5f8c \u6709\u8a62\u554f\u6211\u8981\u4e0d\u8981\u8a2d\u5b9a\u7db2\u8def\u9470\u5319\n\u6709\u51fa\u73fe\u4e00\u500b\u9801\u9762 \u4e0d\u592a\u77e5\u9053\u8981\u600e\u9ebc\u586b\u5beb\u8cc7\u6599\n\u80fd\u8acb\u4f60\u5e6b\u6211\u770b\u4e00\u4e0b\u55ce\ud83d\ude22"
        },
        {
            "reply_id": "UgzIA24MOQsK47J3N2t4AaABAg",
            "reply_content": "\u8acb\u554f\u4e00\u4e0b\u6211\u662f\u73a9\u7684\u7576\u5929\u5165\u4f4f,\u6211\u65e9\u4e0a\u5c31\u53ef\u4ee5\u53bb\u5bc4\u653e\u884c\u674e\u55ce?\u6b66\u6ff1\u7ad9\u5c31\u53ef\u4ee5\u5bc4\u653e\u9084\u662f\u8aaa\u5f97\u53bb\u7e3d\u52d5\u54e1\u98ef\u5e97?"
        },
        {
            "reply_id": "UgxbNh7XzXzDnkeBjNB4AaABAg",
            "reply_content": "\u6574\u9593\u98ef\u5e97\u4e5f\u592a\u53ef\u611b\u4e86\u5427\uff01\uff01\u4ee5\u5f8c\u6709\u6a5f\u6703\u4e00\u5b9a\u8981\u53bb\u4f4f\u4f4f\u770b\ud83d\ude0d"
        },
        {
            "reply_id": "UgwLEuJXKFcQJwiiSEp4AaABAg",
            "reply_content": "\u8acb\u554f\u665a\u4e0a\u56de\u4f86\u8d85\u5546\u7684\u98df\u7269(\u7cd6\u679c.\u9905\u4e7e\u4ee5\u5916\u7684\u98df\u7269)\u6703\u4e0d\u6703\u90fd\u8ce3\u5b8c\u4e86\uff1f"
        },
        {
            "reply_id": "UgyYAuWk54LLXAEK31J4AaABAg",
            "reply_content": "\u7b2c\u4e00\u6b21\u807d\u65e5\u8a9e\u80e1\u8fea\ud83d\ude00\ud83d\ude00"
        },
        {
            "reply_id": "UgzNdA0aCIrjwQln7Ad4AaABAg",
            "reply_content": "\u597d\u60f3\u53bb\u5594\uff0c\u60f3\u5e36\u5c0f\u670b\u53cb\u4f4f"
        },
        {
            "reply_id": "UgxVeiq6NXNKVeJEaTV4AaABAg",
            "reply_content": "\u516d\u6708\u8981\u53bb\u4f4f~\u771f\u7684\u597d\u7f8e\u963f~"
        },
        {
            "reply_id": "UgyG-pa8uikLOKq83xF4AaABAg",
            "reply_content": "\u559c\u6b61\u73a9\u5177\u7e3d\u52d5\u54e1\u7684\u4eba \u4f4f\u9032\u53bb\u4e00\u5b9a\u5931\u5fc3\u760b"
        },
        {
            "reply_id": "Ugws64-KFsduB6mmU_Z4AaABAg",
            "reply_content": "\u54c7\uff01\u53ea\u5269\u5b89\u557e\u59d0\u59d0\u6649\u7d1a\u5230\u6771\u4eac\u4e86\uff01"
        },
        {
            "reply_id": "UgzuGQT4Qed2EuKUzoN4AaABAg",
            "reply_content": "\u6574\u500b\u5c31\u662f\u5922\u5e7b\u570b\u5ea6\u554a\u2764\u2764"
        },
        {
            "reply_id": "UgyvmOZ30vITGSo1qAl4AaABAg",
            "reply_content": "\u5feb\u7d50\u675f\u6642\u624d\u60f3\u8aaa\u9019\u4e00\u5b9a\u5f88\u8cb4\uff0c\u6c92\u60f3\u5230\u99ac\u4e0a\u88ab\u6253\u81c9\uff0c\u76f8\u8f03\u4e4b\u4e0b\u771f\u7684\u662f\u6c92\u90a3\u9ebc\u8cb4\u5462"
        },
        {
            "reply_id": "UgzAtDLDzDNanj3SaTV4AaABAg",
            "reply_content": "\u73fe\u5728\u5df2\u7d93\u662f\u5b89\u8fea\u7684\u73a9\u5177\u4e86"
        },
        {
            "reply_id": "UgxGgcQ16ZSJpEjRWr94AaABAg",
            "reply_content": "\u8d85\u7d1a\u53ef\u611b\u7684 \u9032\u5230\u98ef\u5e97\u88e1\u7c21\u76f4\u50cf\u5728\u4f5c\u5922\u3002"
        },
        {
            "reply_id": "UgwRf12f-r--2-f2OhJ4AaABAg",
            "reply_content": "\u8b1d\u8b1d \u5b89\u557e\u6559\u4e3b\u7684\u4ecb\u7d39"
        },
        {
            "reply_id": "UgzRxXGAr9bY95L22Qt4AaABAg",
            "reply_content": "\u53ef\u60dc\u6c92\u6709\u963f\u859b\u7684\u623f\u9593 \u5475\u5475"
        },
        {
            "reply_id": "Ugz9Ui0rnLSc85kVJyt4AaABAg",
            "reply_content": "\u5f88\u4e45\u6c92\u770b\u5b89\u557e\u7684\u5f71\u7247 \u5b89\u557e\u4e5f\u8b8a\u5f97\u592a\u53ef\u611b"
        },
        {
            "reply_id": "UgyNFBCqPaQIljJoD8B4AaABAg",
            "reply_content": "\u60f3\u8acb\u554f\u5b89\u557e\u9019\u6b21\u7684\u5916\u5957\u4e0a\u8863\u77ed\u8932\u5728\u53f0\u7063\u8cb7\u7684\u5230\u55ce\uff1f\u6bcf\u6b21\u90fd\u89ba\u5f97\u5b89\u557e\u7a7f\u642d\u90fd\u5f88\u597d\u770b\u3002"
        },
        {
            "reply_id": "UgzFZiCzZoE_i_9ks7x4AaABAg",
            "reply_content": "\u5176\u5be6\u73a9\u5177\u7e3d\u52d5\u54e1\u96fb\u5f71\u6709\u51fa\u73fe\u7c73\u5947\u624b\u9336\u578b\u7684\u540a\u9418\uff0c\u6551\u96e3\u5c0f\u82f1\u96c4\u4e5f\u6709\uff0c\u662f\u96b1\u85cf\u7c73\u5947"
        }
    ]
}