{
    "video_info": {
        "id": "A8vNMjq_i3E",
        "channelTitle": "\u5b89\u557e\u54aa",
        "title": "\u8ca1\u52d9\u5371\u6a5f\u88ab\u8feb\u4e09\u9910\u90fd\u5403\u5410\u53f8\u908a\uff01\u4f46\u5410\u53f8\u908a\u9019\u6a23\u505a\u7adf\u7136\u80fd\u9019\u9ebc\u597d\u5403...| \u5b89\u557e (\u309d\u2200\uff65) \u2661",
        "description": "\u5410\u53f8\u908a\u4e09\u8b8a\u5316\uff01\n\n\u27ab \u8a02\u95b1\u5b89\u557e\uff1ahttps://goo.gl/KmLFgD\n\u27ab \u5b89\u557eIG\uff1ahttps://www.instagram.com/anjouclever/\n\u27ab \u5b89\u557eFB\uff1ahttps://www.facebook.com/anjoupikachu/\n\ud83d\udc39 \u73a9\u5177\u958b\u7bb1\u5168\u96c6\uff1ahttps://goo.gl/91ulRJ\n\n\u27a8\u5176\u4ed6\u5b89\u557e\u5f71\u7247\n1/2\u7e2e\u5c0f\u7248\u626d\u86cb\u6a5f \u2606 \u626d\u5230\u4ec0\u9ebc\u5c31\u5403\u4ec0\u9ebc\u7684\u523a\u6fc0\u73a9\u6cd5?!\n\u21e2 https://goo.gl/tSJlNG\n\u6dbc\u9eb5\u6c34\u6a02\u5712 - \u6d41\u6c34\u7d20\u9eb5\u5f9e\u9ad8\u4f4e\u5dee56cm\u7684\u6ed1\u6c34\u9053\u6e9c\u4e0b\u4f86\u4e86\uff01\n\u21e2 https://goo.gl/tgYRy1\n\u3010\u77e5\u80b2\u83d3\u5b50\u3011\u99ac\u6876\u6e05\u6dbc\u98f2\u6599\uff01\u7121\u6cd5\u62db\u67b6\u7684\u5473\u9053\uff01\n\u21e2 https://goo.gl/n0nnyQ\n\u6d77\u5e95\u7e3d\u52d5\u54e12 - Finding Dory \u2606 \u591a\u8389\u5609\u5e74\u83ef\uff01\u9084\u6709\u597d\u591a\u9b5a\u53cb\u5011\uff01\n\u21e2 https://goo.gl/oAn42q\n\u6703\u5b78\u4f60\u8aaa\u8a71\u7684\u840c\u840c\u5c0f\u5009\u9f20 - \u8981\u6210\u70ba\u4e00\u4f4d\u6559\u5b97\u4e0d\u662f\u90a3\u9ebc\u7c21\u55ae\u7684\u4e8b\u60c5!!\n\u21e2 https://goo.gl/8WZaZT\n\nBGM\u4f86\u6e90\uff1ahttp://dova-s.jp/\n\u97f3\u6548\u4f86\u6e90\uff1ahttp://musicisvfr.com/free/index.html",
        "likeCount": "11146",
        "commentCount": "574",
        "viewCount": "285658"
    },
    "comments": [
        {
            "reply_id": "UgxmaVmfAqNYyMpy2CF4AaABAg",
            "reply_content": "\u5c0d\u4e0d\u8d77\uff0c\u6211\u95dc\u4e00\u4e0b\u64cb\u5ee3\u544a\u7684\u529f\u80fd\u597d\u4e86!"
        },
        {
            "reply_id": "Ugw9oqiQQBHW9gPX8uJ4AaABAg",
            "reply_content": "\u5410\u53f8\u6211\u6bd4\u8f03\u611b\u5410\u53f8\u908a\u5509\uff0c\u6bd4\u8f03\u9999\u6709\u53e3\u611f\u2764\ufe0f"
        },
        {
            "reply_id": "UgyXgcH_tLGp-ncDGc54AaABAg",
            "reply_content": "\u6709\u6c92\u6709\u4eba\u662f\u8ddf\u6211\u4e00\u6a23\u662f\u53ea\u5403\u5410\u53f8\u908a\u7684\u602a\u5496\u554a\uff01"
        },
        {
            "reply_id": "UgzeFUKAWVVz5StAScN4AaABAg",
            "reply_content": "\u5410\u53f8\u8fb9\u7684\u8a71\uff0c \u5982\u679c\u9084\u662f\u6709\u4e00\u9ede\u767d\u908a\u7684\u53ef\u4ee5\u5fae\u6ce2\u7210\u53ee30\u79d2\uff0c\u9019\u6a23\u5c31\u6703\u8b8a\u5f97\u975e\u5e38\u9b06\u8106( \u6ce8\u610f\u4e0d\u8981\u7528\u4e0d\u662f\u73bb\u7483\uff0c\u4f46\u6709\u9ede\u50cf\u81a0\u7897\u7684\u7897\uff0c \u56e0\u70ba\u88cf\u9762\u6c92\u6709\u6c34\u6240\u4ee5\u5b83\u6703\u7834\u6389\uff01\uff01\n\u53ef\u4ee5\u6839\u64da\u539a\u5ea6\u5341\u79d2\u5341\u79d2\u5730\u52a0\u4e0a\u53bb\u5fae\u6ce2\uff0c \u571f\u53f8\u908a\u6bcf\u6b21\u5fae\u6ce2\u5b8c\u90fd\u53ef\u4ee5\u8a66\u4e00\u584a\u770b\u770b\u5920\u4e0d\u5920\u8106\u3002\n\u6211\u672c\u4eba\u53ea\u6703\u7528\u7d30\u944a\u52a0\u7cd6\u7136\u5f8c\u52a0\u525b\u597d\u6df9\u6c92\u7cd6\n\u7684\u6c34\uff0c\u4e2d\u706b\u6162\u6162\u716e(\u53ef\u4ee5\u4e0d\u7528\u652a\u62cc\u7cd6\u6c34)\uff0c \u76f4\u5230\u6709\u5c11\u90e8\u5206\u7684\u9ec3\u8272\uff0c \u4f46\u9084\u662f\u900f\u660e\u767d\u8272\u7684\u72c0\u614b\uff0c \u7acb\u523b\u95dc\u706b\u52a0\u5fae\u6ce2\u597d\u7684\u571f\u53f8\u8fb9\u53bb\u7092\u3002 \u7092\u5b8c\u4e4b\u5f8c\u6162\u6162\u5206\u958b\u4ed6\u5011\uff0c \u5c31\u53ef\u4ee5\u4e0d\u592a\u6703\u9ecf\u4f4f\u3002 \u9019\u6a23\u505a\u90fd\u8d85\u7d1a\u597d\u5403\u7684"
        },
        {
            "reply_id": "UgyexgJdVch2tjb7pmV4AaABAg",
            "reply_content": "\u4f60\u61c9\u8a72\u958b\u4e00\u9593\u5410\u53f8\u908a\u9910\u5ef3"
        },
        {
            "reply_id": "UgxjCJFjZ7a5RUMgR8N4AaABAg",
            "reply_content": "\u60f3\u4e0d\u5230\u5207\u4e0b\u4f86\u7684\u5410\u53f8\u908a \u7adf\u7136\u6709\u9019\u9ebc\u591a\u8b8a\u5316 \u8b8a\u8eab\u6210\u4e00\u9053\u6599\u7406"
        },
        {
            "reply_id": "Ugw52K8inuMLsVmbrQl4AaABAg",
            "reply_content": "\u8b9a"
        },
        {
            "reply_id": "UgwxIb815oXAEvvOIaZ4AaABAg",
            "reply_content": "\u54c7\uff01\u5410\u53f8\u908a\u505a\u51fa\u4f86\u7684\u98df\u7269\u679c\u7136\u4e0d\u662f\u84cb\u7684\uff0c\u5b89\u557e\u505a\u7684\u98df\u7269\u6700\u597d\u5403\u4e86\uff0c\u6211\u5728\u5bb6\u88e1\u4e5f\u6703\u8a66\u8a66\u770b\u7684"
        },
        {
            "reply_id": "UgxDZ_WUDJfpDCUsVjp4AaABAg",
            "reply_content": "\u5728\u9a19"
        },
        {
            "reply_id": "UgzflodaTERiS-fS-k54AaABAg",
            "reply_content": "\u6211\u8d85\u7231\u5403\u5410\u53f8\u8fb9\ud83e\udd23"
        },
        {
            "reply_id": "Ugw-_wKtmcpO3VYn1ax4AaABAg",
            "reply_content": "\u6709\u4eba\u662f\u770b\u4e86\u7c73\u5176\u6797\u4e0b\u5348\u8336\u4e4b\u5f8c\u518d\u56de\u4f86\u770b\u7684\u55ce\ud83d\ude05"
        },
        {
            "reply_id": "UgyP9q39bek8Fmk7_np4AaABAg",
            "reply_content": "\u4f60\u4ee5\u5f8c\u61c9\u8a72\u4e0d\u6562\u5728\u5403\u5410\u53f8\u4e86\u5427\uff1f"
        },
        {
            "reply_id": "UgwE01NhHP1-wzBnOe14AaABAg",
            "reply_content": "\u6cb9\u714e\u571f\u53f8\u908a\u5c31\u5f88\u597d\u5403\u4e86\uff0c\u5982\u679c\u518d\u52a0\u4e0a\u767d\u7cd6\u5c31\u6210\u4e86\u751c\u751c\u5708\u4e86\u3002"
        },
        {
            "reply_id": "UgwDjvsjcCv0NVM9l2V4AaABAg",
            "reply_content": "\u78ba\u5b9a\u9019\u662f\u62ee\u636e\u7684\u6599\u7406\uff01\uff1f"
        },
        {
            "reply_id": "UgyV8XUXmWmfs8WNfmZ4AaABAg",
            "reply_content": "\u53bb\u8981\u5410\u53f8\u908a\u7684\u97f3\u6a02\u597d\u53ef\u611b\u597d\u597d\u807d"
        },
        {
            "reply_id": "Ugwo5DSoTXWm-wip0rN4AaABAg",
            "reply_content": "\u4e0d\u662f\u963f \u53ea\u5403\u5410\u53f8 \u54ea\u4f86\u7684\u57f9\u6839"
        },
        {
            "reply_id": "UgzuAVvVPkIoyINplAp4AaABAg",
            "reply_content": "\u5b89\u557e\u52a0\u6cb9\uff01\u6211\u6700\u8fd1\u624d\u6ce8\u610f\u5230\u59b3\u7684\u983b\u9053\uff0c\u771f\u7684\u5f88\u6709\u5167\u5bb9\u53c8\u5f88\u7528\u5fc3\uff0c\u7bc0\u594f\u5f88\u6d41\u66a2\uff0c\u770b\u5f97\u5f88\u8212\u670d\uff0c\u5e0c\u671b\u59b3\u7684\u983b\u9053\u6536\u8996\u9577\u7d05\u554a\u22ef\u22ef"
        },
        {
            "reply_id": "Ugz3BvD6UiIfyL5JK9J4AaABAg",
            "reply_content": "\u5b89\u557e\u4f60\u53ef\u4ee5\u8a66\u8a66\u70b8\u5410\u53f8\u908a\u5728\u6cbe\u80e1\u6912\u9e7d\uff0c\u6211\u89ba\u5f97\u4e0d\u932f\u5403"
        },
        {
            "reply_id": "Ugx3N5BpJQC0MOI_vj54AaABAg",
            "reply_content": "\u6c92\u95dc\u4fc2\u4f60\u6709\u4e0d\u52d5\u7522"
        },
        {
            "reply_id": "UgzfLlVcios0WL7Q6PR4AaABAg",
            "reply_content": "\u6211\u53d1\u8d22\u7684\u65f6\u5019\uff0c\u90fd\u5403\u4e0d\u4e86\u8fd9\u4e48\u597d\u3002\u6cea\u76ee\u2026"
        }
    ]
}