{
    "video_info": {
        "id": "B0662And9FM",
        "channelTitle": "\u5b89\u557e\u54aa",
        "title": "\u6211\u505a\u4e86\u8d85\u5de8\u5927\u8ff4\u8072\u5009\u9f20\uff01\u5009\u9f20\u56db\u9031\u5e74\u4f01\u5283\uff01| \u5b89\u557e (\u309d\u2200\uff65) \u2661",
        "description": "\u5230\u5e95\u8981\u653e\u54ea\u88e1\u597d\u5462\n\n\u9019\u6b21\u8b1d\u8b1d\u5927\u5bb6\uff5e\n\n@nsfwstudio  \n@ATienDai \n@howfunofficial  \n@crowndu \n@rayduenglish \n\n\u27a8\u5176\u4ed6\u5009\u9f20\ud83d\udc39 \n\u6703\u5b78\u4f60\u8aaa\u8a71\u7684\u840c\u840c\u5c0f\u5009\u9f20 - \u8981\u6210\u70ba\u4e00\u4f4d\u6559\u5b97\u4e0d\u662f\u90a3\u9ebc\u7c21\u55ae\u7684\u4e8b\u60c5!! \nhttps://youtu.be/m8miV2JfeZk\n\u7389\u7c73\u68d2\u5206\u98df\u5668 - \u4e00\u6839\u5206\u6210\u516d\u7b49\u4efd\uff01\u8ddf\u5009\u9f20\u958b\u4e00\u9031\u5e74\u6176\u795d\u6d3e\u5c0d\uff01\nhttps://youtu.be/mciU00RKl8E\n\u5009\u9f20\u4e8c\u9031\u5e74\u4f01\u5283\uff01\u80fd\u6210\u529f\u8b93100\u96bb\u5009\u9f20\u5165\u6559\u55ce\uff1f\uff01\nhttps://youtu.be/YtjUJF74jws\n\u5009\u9f20\u65e5\u4e09\u9031\u5e74\uff01\u6c92\u7761\u89ba\u4e00\u661f\u671f\u88fd\u4f5c\u4e86\u8d85\u58ef\u89c0\u7684\u9aa8\u724c\u6a5f\u95dc\uff01\n\u21e2https://youtu.be/wKscGRMyZIQ\n\n\u27ab \u8a02\u95b1\u5b89\u557e\uff1ahttps://goo.gl/KmLFgD\n\u27ab \u5b89\u557eIG\uff1ahttps://www.instagram.com/anjouclever/\n\u27ab \u5b89\u557eFB\uff1ahttps://www.facebook.com/anjoupikachu/\n\ud83d\udc39 \u73a9\u5177\u958b\u7bb1\u5168\u96c6\uff1ahttps://goo.gl/91ulRJ\n\n\u27a8\u5176\u4ed6\u5b89\u557e\u5f71\u7247\n1/2\u7e2e\u5c0f\u7248\u626d\u86cb\u6a5f \u2606 \u626d\u5230\u4ec0\u9ebc\u5c31\u5403\u4ec0\u9ebc\u7684\u523a\u6fc0\u73a9\u6cd5?!\n\u21e2 https://goo.gl/tSJlNG\n\u6dbc\u9eb5\u6c34\u6a02\u5712 - \u6d41\u6c34\u7d20\u9eb5\u5f9e\u9ad8\u4f4e\u5dee56cm\u7684\u6ed1\u6c34\u9053\u6e9c\u4e0b\u4f86\u4e86\uff01\n\u21e2 https://goo.gl/tgYRy1\n\u3010\u77e5\u80b2\u83d3\u5b50\u3011\u99ac\u6876\u6e05\u6dbc\u98f2\u6599\uff01\u7121\u6cd5\u62db\u67b6\u7684\u5473\u9053\uff01\n\u21e2 https://goo.gl/n0nnyQ\n\u6d77\u5e95\u7e3d\u52d5\u54e12 - Finding Dory \u2606 \u591a\u8389\u5609\u5e74\u83ef\uff01\u9084\u6709\u597d\u591a\u9b5a\u53cb\u5011\uff01\n\u21e2 https://goo.gl/oAn42q\n\u6703\u5b78\u4f60\u8aaa\u8a71\u7684\u840c\u840c\u5c0f\u5009\u9f20 - \u8981\u6210\u70ba\u4e00\u4f4d\u6559\u5b97\u4e0d\u662f\u90a3\u9ebc\u7c21\u55ae\u7684\u4e8b\u60c5!!\n\u21e2 https://goo.gl/8WZaZT\n\nBGM\u4f86\u6e90\uff1ahttp://dova-s.jp/\n\u97f3\u6548\u4f86\u6e90\uff1ahttp://musicisvfr.com/free/index.html",
        "likeCount": "26615",
        "commentCount": "1537",
        "viewCount": "572341"
    },
    "comments": [
        {
            "reply_id": "UgzU9okXaZhpSjpA15B4AaABAg",
            "reply_content": "\u5b89\u4e18\u4f60\u597d"
        },
        {
            "reply_id": "UgwpQpA1LJkeuFo2Q7x4AaABAg",
            "reply_content": "\u5929\u554a\uff5e\u9019\u4e5f\u592a\u5927\u4e86\u5427\u4e5f\u5f88\u53ef\u611b\u5462\ud83d\ude32\ud83d\ude32"
        },
        {
            "reply_id": "UgzQ_yrhYhfk9omesv94AaABAg",
            "reply_content": "\u9084\u5dee\u5169\u5929\ud83d\ude1b"
        },
        {
            "reply_id": "UgygsPn-ybxe3-4tzJt4AaABAg",
            "reply_content": "\u5009\u9f20\u9001\u9910\u6a5f\ud83e\udd23"
        },
        {
            "reply_id": "Ugx8oPDl1MpTMFLmXI54AaABAg",
            "reply_content": "\u597d\u597d\u7b11"
        },
        {
            "reply_id": "UgxXO1A0r-SQENlKwWJ4AaABAg",
            "reply_content": "\u88ab\u6253\u58de\u7684\u6a5f\u5668\u4eba\u660e\u5e74\u5c31\u770b\u7d19\u7bb1\u4e86"
        },
        {
            "reply_id": "UgyUUTxj0duSI2brE4B4AaABAg",
            "reply_content": "\u592a\u7d66\u9762\u7d19\u4e86\u54c8\u88ab\u6253\u4e86\u597d\u591a\u4e0b\u88ab\u73a9\u58de\u4e86\u59b3\u9019\u6a23\u660e\u5e74\u600e\u73a910\u5e74\u4ee5\u5f8c\u4e0a\u592a\u7a7a\u597d\u4e86"
        },
        {
            "reply_id": "UgwvC3LjjU2ZDflvqb94AaABAg",
            "reply_content": "\u4e0b\u4e00\u6b21\u6703\u6709\u5225\u53f0\u4e00\u8d77\u5408\u9ad4\u55ce\uff1f"
        },
        {
            "reply_id": "UgxbcMeIgiOATsApPrt4AaABAg",
            "reply_content": "\u662f\u5929\u751f\u9f3b\u97f3\u5f88\u91cd\u55ce\ud83d\ude02"
        },
        {
            "reply_id": "UgzlJDMGRK2XIAOdDrF4AaABAg",
            "reply_content": "\u597d\u9177\u5594"
        },
        {
            "reply_id": "UgwbJffaKB0QyS5fCEV4AaABAg",
            "reply_content": "\u5fc3\u82e6\u4e86\u5c0d\u4e86\u6ec4\u9f20\u8a18\u5ff5\u65e5\u5feb\u6a02\n\u6211\u6703\u5b63\u7e8c\u96bb\u6301\u4f60\u7684\u5b89\u557e"
        },
        {
            "reply_id": "UgwUf3_GjOOjh2VL-w54AaABAg",
            "reply_content": "\u592a\u731b\u4e86\u5b89\u557e"
        },
        {
            "reply_id": "Ugxe9Yy9-BKaSkWUNkx4AaABAg",
            "reply_content": "\u5b89\u557e\u597d\u53b2\u5bb3"
        },
        {
            "reply_id": "UgxApMrKu5TxC401KnB4AaABAg",
            "reply_content": "\u76f8\u9694\u4e00\u5e74\u7684\u540c\u4e00\u5929\u56de\u4f86\u56de\u9867\u7684+1"
        },
        {
            "reply_id": "UgwmPGOPv1uxDy5czY14AaABAg",
            "reply_content": "\u592a\u626f\u592a\u626f\u660e\u5e74\u2026"
        },
        {
            "reply_id": "Ugy-QnIh_k44nJw8o_B4AaABAg",
            "reply_content": "\u624b\u5de5\u803f"
        },
        {
            "reply_id": "Ugxfq9TC7PF-llGGWCF4AaABAg",
            "reply_content": "\u597d\u53b2\u5bb3"
        },
        {
            "reply_id": "UgzQDFkJmvEcGk6GB7d4AaABAg",
            "reply_content": "\u6211\u89ba\u5f97\u6ef4\u59b9\u8ddf\u5b89\u557e\u53ef\u4ee5\u5408\u4f5c\u505a\u4e00\u96bb\u6a39\u61f6 \u518d\u77615\u5206\u9418\u7684\u5409\u7965\u7269 \u505a\u4e00\u96bb\u5805\u56fa\u4e00\u9ede\u7684"
        },
        {
            "reply_id": "UgzrSUbzfK4_HiS4ssp4AaABAg",
            "reply_content": "\u5782\u8033\u5154\u7684\u6642\u5019\u6bd4\u8f03\u53ef\u611b\u54c8\u54c8\u54c8"
        },
        {
            "reply_id": "Ugwszul1fDG4dTRske54AaABAg",
            "reply_content": "\u597d\u53ef\u611b\u597d\u7528\u5fc3\ud83d\ude06"
        }
    ]
}