{
    "video_info": {
        "id": "b32R7kN54rI",
        "channelTitle": "\u5b89\u557e\u54aa",
        "title": "\u8056\u8a95\u4ea4\u63db\u5927\u9910\uff01\u4f86\u505aHowHow\u8056\u8a95\u5361\u901a\u934b\u8cbc\u4fbf\u7576\u5427\uff01| \u5b89\u557e (\u309d\u2200\uff65) \u2661",
        "description": "\u8056\u8a95\u5feb\u6a02\u5566\uff5e\ud83c\udf84 #\u5730\u7344\u5eda\u623f\u5927\u4e82\u9b25\n- - - - - - - - - - - - - - - - - - - - -\r\n\u27ab \u8a02\u95b1\u5b89\u557e\uff1ahttps://goo.gl/KmLFgD\r\n\u27ab \u5b89\u557eFacebook\uff1ahttps://www.facebook.com/anjoupikachu/\r\n\ud83d\udc39 \u73a9\u5177\u958b\u7bb1\u5168\u96c6\uff1ahttps://goo.gl/91ulRJ\r\n- - - - - - - - - - - - - - - - - - - - - -\r\n\r\n\u5176\u4ed6\u4eba\u7684\u8056\u8a95\u5927\u9910\uff1a\n\n\u5343\u5343\u9032\u98df\u4e2d\uff1ahttps://youtu.be/g9_o6w4TQZU\n\u641e\u795e\u99ac\uff1ahttps://youtu.be/YFimm49nCeo\nMeg Lu\uff1ahttps://youtu.be/av7n9Fci7ys\n\u4e09\u539fJapan\uff1ahttps://youtu.be/-rxsutmURQI\n\u5b89\u557e\u54aa\uff1ahttps://youtu.be/b32R7kN54rI\nHowFun\uff1ahttps://youtu.be/RKP_0oPluzY\n\u97d3\u52fe\u311f\u91d1\u91dd\u83c7\uff1ahttps://youtu.be/TX7EPZ7_B8g\n\u9ec3\u6c0f\u5144\u5f1f\uff1ahttps://youtu.be/l_BLDtT1Hb4\n\u4e0a\u73ed\u4e0d\u8981\u770b\uff1ahttps://youtu.be/B7B81J4xZTo\r\n\r\n- - - - - - - - - - - - - - - - - - - - - -\r\n\u27a8\u76f8\u95dc\u5f71\u7247\r\n\r\n1/2\u7e2e\u5c0f\u7248\u626d\u86cb\u6a5f \u2606 \u626d\u5230\u4ec0\u9ebc\u5c31\u5403\u4ec0\u9ebc\u7684\u523a\u6fc0\u73a9\u6cd5?!\r\n\u21e2 https://goo.gl/tSJlNG\r\n\u6dbc\u9eb5\u6c34\u6a02\u5712 - \u6d41\u6c34\u7d20\u9eb5\u5f9e\u9ad8\u4f4e\u5dee56cm\u7684\u6ed1\u6c34\u9053\u6e9c\u4e0b\u4f86\u4e86\uff01\r\n\u21e2 https://goo.gl/tgYRy1\r\n\u3010\u77e5\u80b2\u83d3\u5b50\u3011\u99ac\u6876\u6e05\u6dbc\u98f2\u6599\uff01\u7121\u6cd5\u62db\u67b6\u7684\u5473\u9053\uff01\r\n\u21e2 https://goo.gl/n0nnyQ\r\n\u6d77\u5e95\u7e3d\u52d5\u54e12 - Finding Dory \u2606 \u591a\u8389\u5609\u5e74\u83ef\uff01\u9084\u6709\u597d\u591a\u9b5a\u53cb\u5011\uff01\r\n\u21e2 https://goo.gl/oAn42q\r\n\u6703\u5b78\u4f60\u8aaa\u8a71\u7684\u840c\u840c\u5c0f\u5009\u9f20 - \u8981\u6210\u70ba\u4e00\u4f4d\u6559\u5b97\u4e0d\u662f\u90a3\u9ebc\u7c21\u55ae\u7684\u4e8b\u60c5!!\r\n\u21e2 https://goo.gl/8WZaZT\r\n- - - - - - - - - - - - - - - - - - - - - -\r\nBGM\u4f86\u6e90\uff1ahttp://dova-s.jp/\r\n\u97f3\u6548\u4f86\u6e90\uff1ahttp://musicisvfr.com/free/index.html",
        "likeCount": "20452",
        "commentCount": "1612",
        "viewCount": "753840"
    },
    "comments": [
        {
            "reply_id": "UgwoTlHNYKq8AVJlMyt4AaABAg",
            "reply_content": "\u773c\u775b\u600e\u9ebc\u662f\u5713\u5f62 \u61c9\u8a72\u662f\u5169\u689d\u7dda\u5427"
        },
        {
            "reply_id": "UgwnqMoXNWa-G29nefR4AaABAg",
            "reply_content": "\u5b89\u557e\u771f\u7684\u5f88\u7528\u5fc3\u2764"
        },
        {
            "reply_id": "UgxyZJy2VmTpvcG-GwZ4AaABAg",
            "reply_content": "\u597d\u53ef\u611b\u597d\u60f3\u5403"
        },
        {
            "reply_id": "UgzuEYiJrJgSCL4bj7t4AaABAg",
            "reply_content": "\u6211\u4ee5\u7d93\u770b\u904e\u4e86\u4f60\u7684\u8a66\u5403\u4fbf\u7576\u4eba\u7684\u5f71\u7247\u4e86\u8a66\u5403\u8457\u8981\u7d66\u4f60\u7684\u734e\u72c0\u5462"
        },
        {
            "reply_id": "UgyQOQY4pkjRUb085FZ4AaABAg",
            "reply_content": "\u59d0\u59d0\u4e3a\u4ec0\u4e48\u4f60\u5f00\u5934\u65f6\u90fd\u8981\u8bf4\u7ea2\u77f3\u53e3\u888b"
        },
        {
            "reply_id": "UgyhcyTmXqTC81iPF8R4AaABAg",
            "reply_content": "\u59b3\u662f\u9b3c\u5427\u597d\u626f\u4e5f\u505a\u7684\u592a\u597d"
        },
        {
            "reply_id": "Ugwx9vFvxAooXTMldTd4AaABAg",
            "reply_content": "\u9019\u4fbf\u7576\u771f\u7684\u8d85\u7d1a\u7121\u6575\u731b!"
        },
        {
            "reply_id": "Ugyz0qOK4J66QDylo154AaABAg",
            "reply_content": "\u77ed\u9aee\u9020\u578b\u5f88\u597d\u770b"
        },
        {
            "reply_id": "UgyEwJazuytQc0D9bit4AaABAg",
            "reply_content": "\u5b89\u557e\u5f88\u6703\u4f48\u7f6e\u9912"
        },
        {
            "reply_id": "Ugw1xj4sMNlyHtMQFwd4AaABAg",
            "reply_content": "\u5b89\u557e\u624b\u4f5c\u80fd\u529b\u771f\u7684\u5f88\u53b2\u5bb3\n\u597d\u53ef\u611b\u7684\u4fbf\u7576\u8d85\u559c\u6b61"
        },
        {
            "reply_id": "UgzBq80xOl5vNiiWUfB4AaABAg",
            "reply_content": "\u53ef\u611b\u7684\u4fbf\u7576"
        },
        {
            "reply_id": "UgzIpt9c-HFODa-ZWwh4AaABAg",
            "reply_content": "\u8b9a"
        },
        {
            "reply_id": "UgxekFRjK9C998VJuLN4AaABAg",
            "reply_content": "\u4f60\u505a\u7684\u4fbf\u7576\u770b\u4f86\u5f88\u597d\u5403\u770b\u5230\u6211\u4e5f\u60f3\u5403\u4e86\ud83e\udd24,\u6211\u6700\u559c\u6b61\u4f60\u6211\u5df2\u8a02\u95b1\u5206\u4eab\u6309\u8b9a,\u6211\u5e0c\u671b\u4f60\u672a\u4f86\u4e5f\u53ef\u4ee5\u62cd\u591a\u5f88\u591a\u597d\u7b11\u7684\u5f71\u7247,\u6211\u6700\u611b\u4f60\u4e86,\u6211\u89ba\u5f97\u4f60\u9047\u5230\u5931\u6557\u4e5f\u6703\u5805\u6301\u6211\u89ba\u5f97\u4f60\u9019\u7a2e\u7cbe\u795e\u5f88\u91cd\u8981(*\uff3e\u30fc\uff3e)"
        },
        {
            "reply_id": "UgxXQXRZo1f3N4VBOTt4AaABAg",
            "reply_content": "\u525b\u5165\u5751\uff0c\u8acb\u554f\u7d05\u77f3\u53e3\u888b\u662f\u4ec0\u9ebc@@"
        },
        {
            "reply_id": "UgwHF6BVoLfGd7c5bi94AaABAg",
            "reply_content": "\u592a\u53ef\u7231\u6015\u4f1a\u88ab\u8ff7\u5012\u963f"
        },
        {
            "reply_id": "Ugx-W5c4WYrnHDi9uep4AaABAg",
            "reply_content": "\u5b89\u557e\u505a\u7684\u98df\u7269\u770b\u8d77\u4f86\u5f88\u53ef\u53e3\u7f8e\u5473"
        },
        {
            "reply_id": "UgyTfPWp89WO34VxAE94AaABAg",
            "reply_content": "\u54c7\u8fd9\u79cd\u9505\u8d34\u6211\u4ece\u6765\u6ca1\u89c1\u8fc7\u8bf6\uff0c\u662f\u53f0\u6e7e\u7279\u8272\u5417"
        },
        {
            "reply_id": "Ugx9Ej2pWBcrK5sPFGN4AaABAg",
            "reply_content": "\u8fd8\u771f\u662f\u7b2c\u4e00\u6b21\u770b\u5230\u8fd9\u6837\u5b50\u50cf\u6324\u5976\u6cb9\u4e00\u6837\u6324\u51fa\u8089\u9985\u7684\u8bf6\u2026\u2026\u5bb6\u91cc\u90fd\u662f\u76f4\u63a5\u7528\u7b77\u5b50\u6216\u8005\u52fa\u5b50\u6316\u51fa\u6765"
        },
        {
            "reply_id": "UgyD7bUwwAvurNegN1x4AaABAg",
            "reply_content": "\u5b89\u557e\u6709\u4eba\u5e6b\u4f60\u5beb\u734e\u72c0"
        },
        {
            "reply_id": "UgxrnIdpWUkehoyMhcZ4AaABAg",
            "reply_content": "\u597d\u5eda\u85dd"
        }
    ]
}