{
    "video_info": {
        "id": "bIzeFnsn3zs",
        "channelTitle": "\u5b89\u557e\u54aa",
        "title": "\u4e00\u53e3\u6c23\u75283240\u7247\u6a02\u9ad8\u6253\u9020\u746a\u5229\u6b50\u95dc\u5361\uff01\u5230\u5e95\u6703\u4e0d\u6703\u5d29\u6f70\uff01\uff1f| \u5b89\u557e (\u309d\u2200\uff65) \u2661",
        "description": "\u4e00\u6b21\u62fc\u9019\u9ebc\u591a\u6a02\u9ad8 \u5dee\u9ede\u6210\u766e\uff01\n\n\u6a02\u9ad8\u8def\u6613\u5409\u5192\u96aa\u4e3b\u6a5f\u662f\u4eca\u5e74\u516b\u6708\u65b0\u52a0\u5165\u7684\u89d2\u8272\n\u4e4b\u524d\u5c31\u89ba\u5f97\u8def\u6613\u5409\u7576\u4e3b\u5f79\u7684\u96fb\u52d5\u904a\u6232\u5f88\u597d\u73a9\n\u81ea\u6b64\u5c31\u5c0d\u4ed6\u6709\u6df1\u6df1\u7684\u597d\u611f\u54c8\u54c8\u54c8\u54c8\n\n\u4ed6\u53ef\u4ee5\u8ddf\u6a02\u9ad8\u746a\u5229\u6b50\u4e00\u8d77\u4e92\u52d5 \u8d85\u7d1a\u53ef\u611b\n\u70ba\u4ed6\u5011\u5169\u500b\u69cb\u7bc9\u4e86\u5feb\u6a02\u6c34\u7ba1\u904a\u6a02\u5712\n\u5feb\u770b\u65b0\u5f71\u7247\u5c31\u77e5\u9053\u60f9\u5566\uff5e\n\n#LEGO #\u53f0\u7063\u6a02\u9ad8 \n#\u6a02\u9ad8\u8d85\u7d1a\u746a\u5229\u6b50 #LEGOSuperMario\n#\u62fc\u780c\u5c6c\u65bc\u4f60\u7684\u5192\u96aa\u95dc\u5361\n\n\u27ab \u8a02\u95b1\u5b89\u557e\uff1ahttps://goo.gl/KmLFgD\n\u27ab \u5b89\u557eIG\uff1ahttps://www.instagram.com/anjouclever/\n\u27ab \u5b89\u557eFB\uff1ahttps://www.facebook.com/anjoupikachu/\n\ud83d\udc39 \u73a9\u5177\u958b\u7bb1\u5168\u96c6\uff1ahttps://goo.gl/91ulRJ\n\nBGM\u4f86\u6e90\uff1ahttp://dova-s.jp/\n\u97f3\u6548\u4f86\u6e90\uff1ahttp://musicisvfr.com/free/index.html",
        "likeCount": "4152",
        "commentCount": "197",
        "viewCount": "118882"
    },
    "comments": [
        {
            "reply_id": "UgzVKU49Pj3mkHkaNvN4AaABAg",
            "reply_content": "\u8981\u653e\u5728\u54ea\u88e1\uff1f"
        },
        {
            "reply_id": "Ugyc8UdEKDacAW79iEF4AaABAg",
            "reply_content": "\u4f60\u53ef\u4ee5\u505a\u51fa\u597d\u591a\u9322\u7684\u95dc\u5361"
        },
        {
            "reply_id": "UgwV24eOy0EG8y_Mtsl4AaABAg",
            "reply_content": "\u5929\u54ea\u592a\u53b2\u5bb3\u7684\u73a9\u5177\u4e86\u5427\ud83d\ude2e\u770b\u4e86\u6b4e\u70ba\u89c0\u6b62\uff01\u800c\u4e14\u611f\u89ba\u8d85\u8907\u96dc\u53c8\u5f88\u9700\u8981\u8010\u5fc3\uff0c\u5c0d\u5927\u4eba\u90fd\u5f88\u96e3\u4e86\uff0c\u5c0f\u670b\u53cb\u5b8c\u5168\u7121\u6cd5\u73a9\u5427\ud83e\udd23\u597d\u6b3d\u4f69\u5b89\u557e\u7684\u8010\u5fc3\uff01\uff01\u8dcc\u5012\u90a3\u908a\u771f\u7684\u53ef\u611b\u5230\u5c16\u53eb\ud83d\ude06"
        },
        {
            "reply_id": "UgyTs7K6xaoWXWEoJAZ4AaABAg",
            "reply_content": "\u597d\u559c\u6b61\u9019\u6a23\u7684\u5f71\u7247"
        },
        {
            "reply_id": "UgxE-lEYXUX7wBNJqeh4AaABAg",
            "reply_content": "\u5929\u554a\uff0c\u8ddf\u6211\u81ea\u5df1\u73a9\u73a9\u5177\u7684\u60c5\u6cc1\u4e00\u6a23XD\n\u96d6\u7136\u6c92\u9322\u9322\u8cb7\uff0c\u4f46\u770b\u5b8c\u4e4b\u5f8c\u88ab\u6cbb\u7652\u4e86"
        },
        {
            "reply_id": "UgzLYYFepcZcgQrwXFx4AaABAg",
            "reply_content": "\u557e\u5927\u4e5f\u662f\u6eff\u4e2d\u4e8c\u7684\uff0c\u592a\u6697\u9ed1\u90aa\u60e1\u4e86XD"
        },
        {
            "reply_id": "UgwkTcyUGZ-UQFnjsAp4AaABAg",
            "reply_content": "\u5b89\u557e \u53ef\u4ee5\u518d\u6311\u6230\u4e00\u6b21\u8fa3\u6ce1\u9eb5\u55ce"
        },
        {
            "reply_id": "UgyBEDVepvjCBirKk6J4AaABAg",
            "reply_content": "\u592a\u597d\u73a9\u4e86\u5427\uff01"
        },
        {
            "reply_id": "Ugz6_RFAEcfwAgOg_Wh4AaABAg",
            "reply_content": "\u54c8\u54c8 \u4e5f\u592a\u53ef\u611b\u4e86\u5427"
        },
        {
            "reply_id": "UgwMwRvWtJ5HFk_S3X94AaABAg",
            "reply_content": "\u5b89\u557e\u597d\u5fd9\u597d\u53ef\u611b\u54c8\u54c8\u54c8"
        },
        {
            "reply_id": "Ugz06qtCxJ-RnetKV794AaABAg",
            "reply_content": "\u597d\u53ef\u611b\u554a"
        },
        {
            "reply_id": "UgzIIBTkus5pgt7xbAZ4AaABAg",
            "reply_content": "\u4f60\u4ec0\u9ebc\u6642\u5019\u624d\u62cd\u65b0\u7684\u5f71\u7247"
        },
        {
            "reply_id": "UgwCMCkIizMB8_Kcg5t4AaABAg",
            "reply_content": "\u539f\u4f86\u662f\u6211\u5b78\u59b9\u4ed6\u59ca"
        },
        {
            "reply_id": "UgyYjcB4Dr9Ljx84U7Z4AaABAg",
            "reply_content": "\u597d\u5c37\u5c2c"
        },
        {
            "reply_id": "UgyC5jALtkhjSftlXsV4AaABAg",
            "reply_content": "\u6211\u7a81\u7136\u767c\u73fe\u9019\u983b\u9053\u5b58\u5728\u4e86@@\u62b1\u6b49\uff0c\u6f14\u7b97\u6cd5\u90fd\u4e0d\u7d66\u770b\uff08\u5176\u5be6\u662f\u6211\u61f6\u7684\u770b\u2026\u2026\u88ab\u6253\uff09\n\u4efb\u5929\u5802\u746a\u5229\u6b50\u7c89\u7576\u7136\u8981\u770bww\n\u8a71\u8aaa\u9234\u943a\u4e5f\u6253\u958b\u597d\u4e86\uff5e\uff08\u53c8\u88ab\u6253\u6211\u90fd\u6c92\u958b\uff09"
        },
        {
            "reply_id": "UgyEc5IH9OAY7DGhto14AaABAg",
            "reply_content": "\u592a\u6709\u8010\u5fc3\u4e86\u5427\uff01\n\u81ea\u5df1\u5728\u62fc\u5176\u4ed6\u7684\u6a02\u9ad8\u7684\u6642\u5f8c\u90fd\u534a\u9014\u800c\u5ee2"
        },
        {
            "reply_id": "UgxfBlFIyzmragwAdDl4AaABAg",
            "reply_content": "\u597d\u500b\u5b89\u557e \u81ea\u5c0e\u81ea\u6f14"
        },
        {
            "reply_id": "Ugw2_tVdsbMuaAAvbTh4AaABAg",
            "reply_content": "\u4e00\u500b\u4eba\u592a\u5fd9\u4e86\u5566\ud83d\ude02"
        },
        {
            "reply_id": "UgyZGUvju9swa42bLhF4AaABAg",
            "reply_content": "\u60f3\u8acb\u554f\u9019\u6b21\u5b89\u557e\u7a7f\u7684\u8863\u670d\uff5e\uff5e\u6bcf\u6b21\u7a7f\u90fd\u597d\u559c\u6b61"
        },
        {
            "reply_id": "Ugw95MXxL_wXPojIOr94AaABAg",
            "reply_content": "\u6709\u9ede\u5967\u5fb7\u8cfd\u7684\u611f\u89ba"
        }
    ]
}