{
    "video_info": {
        "id": "BMXhf0iwwcw",
        "channelTitle": "\u5b89\u557e\u54aa",
        "title": "\u51b0\u6dc7\u6dcb\u5854\u77e5\u80b2\u83d3\u5b50\ud83c\udf66\u8cea\u611f\u7adf\u7136\u771f\u5be6\u7684\u4e0d\u53ef\u601d\u8b70\uff01| \u5b89\u557e (\u309d\u2200\uff65) \u2661",
        "description": "\u4ee5\u524d\u62cd\u904e\u751c\u7b52\u51b0\u6dc7\u6dcb\u7248\u672c\n\u9019\u6b21\u63db\u6210\u51b0\u6dc7\u6dcb\u5854\uff01\n\n\u27ab \u8a02\u95b1\u5b89\u557e\uff1ahttps://goo.gl/KmLFgD\n\u27ab \u5b89\u557eIG\uff1ahttps://www.instagram.com/anjouclever/\n\u27ab \u5b89\u557eFB\uff1ahttps://www.facebook.com/anjoupikachu/\n\ud83d\udc39 \u73a9\u5177\u958b\u7bb1\u5168\u96c6\uff1ahttps://goo.gl/91ulRJ",
        "likeCount": "5845",
        "commentCount": "160",
        "viewCount": "160777"
    },
    "comments": [
        {
            "reply_id": "Ugw2GK9u-c20Jdb6WnF4AaABAg",
            "reply_content": "\u5b9b\u5982\u56de\u5230\u65e9\u671f\u983b\u9053\u7684\u6642\u5019\ud83e\udd7a"
        },
        {
            "reply_id": "UgxMU7opJt1nnlQF-wt4AaABAg",
            "reply_content": "\u60f3\u77e5\u9053\u5728\u54ea\u88e1\u8cb7~~~\u60f3\u8cb7\u60f3\u7db2\u8cfc"
        },
        {
            "reply_id": "Ugw64txMnsjLwHgo7QV4AaABAg",
            "reply_content": "\u5c31\u662f\u5f9e\u77e5\u80b2\u83d3\u5b50\u958b\u59cb\u8ffd\u5b89\u557e\u3109\u2764\ufe0f"
        },
        {
            "reply_id": "UgzmWgXsx7VJOQTTFmd4AaABAg",
            "reply_content": "\u597d\u559c\u6b61\u770b\u5b89\u557e\u505a\u77e5\u9047\u679c\u5b50 \u8d85\u61f7\u5ff5\u7684 \u4e5f\u770b\u4e86\u5e7e\u5e74\u4e86 \u4e00\u76f4\u652f\u6301\u4e0b\u53bb\u7684"
        },
        {
            "reply_id": "UgwrhpFdRgoyKdztGzF4AaABAg",
            "reply_content": "\u8b1d\u8b1d\u77e5\u80b2\u83d3\u5b50\u5927\u5e2b\u7684\u5206\u4eabXD"
        },
        {
            "reply_id": "UgyIs2e4W3qYIi9qShN4AaABAg",
            "reply_content": "\u597d\u5de7\u6211\u524d\u5e7e\u5929\u4e5f\u8cb7\u4e86\u9019\u500b\ud83e\udd23\ud83e\udd23"
        },
        {
            "reply_id": "Ugyf9SCSl42ezXV53WB4AaABAg",
            "reply_content": "\u9084\u8a18\u5f97\u7576\u6642\u7b2c\u4e00\u6b21\u770b\u5230\u5b89\u557e\u7684\u77e5\u80b2\u83d3\u5b50\u662f\u6211\u5c0f\u5b78\u4e09\u5e74\u7d00\u7684\u6642\u5019 \u5982\u4eca\u73fe\u5728\u6211\u5df2\u7d93\u570b\u4e2d\u4e8c\u5e74\u7d00\u4e86 \u9084\u662f\u5f88\u559c\u6b61\uff01\u6703\u6c38\u9060\u652f\u6301\u7684\ud83d\udc97"
        },
        {
            "reply_id": "UgwLLYDAFzfKyy31hcd4AaABAg",
            "reply_content": "\u8fd8\u662f\u4e00\u5982\u65e2\u5f80\u7684\u7259\u818f\u5473\u7684\u77e5\u80b2\u83d3\u5b50hhh"
        },
        {
            "reply_id": "UgzXbnQ-QlUp1_EaEWJ4AaABAg",
            "reply_content": "\u5b89\u557e\u8fd9\u4ef6\u8863\u670d\u597d\u597d\u770b\uff0c\u8d85\u6dd1\u5973"
        },
        {
            "reply_id": "UgwKRvNQqPsiIbYTpBV4AaABAg",
            "reply_content": "\u5b89\u557e\u771f\u7684\u5f88\u9069\u5408\u62cd\u77e5\u80b2\u83d3\u5b50\u4e3b\u984c\u6b38 \u6211\u4e5f\u770b\u5f97\u597d\u958b\u5fc3\ud83d\ude01"
        },
        {
            "reply_id": "Ugz-jLt_neMIJm44Tzp4AaABAg",
            "reply_content": "\u53ea\u6709\u5b89\u557e\u53ef\u4ee5\u628a\u77e5\u80b2\u83d3\u5b50\u62cd\u5f97\u90a3\u9ebc\u6709\u8cea\u611f\ud83d\ude0d"
        },
        {
            "reply_id": "UgxVyxg7ktr60-zvp_h4AaABAg",
            "reply_content": "\u624b\u62bd\u7b4b\u8d85\u597d\u7b11\ud83d\ude02\ud83d\ude02\u5b89\u557e\u62cd\u77e5\u80b2\u88f9\u5b50\u9084\u662f\u5f88\u597d\u770b\u54c8\u54c8\u54c8\uff5e"
        },
        {
            "reply_id": "UgwjqTXtDHd2j0tlceN4AaABAg",
            "reply_content": "\u662f\u6211\u7684\u932f\u89ba\u55ce\uff1f \u611f\u89ba\u5b89\u557e\u7684\u9152\u7aa9\u6bd4\u4e4b\u524d\u6df1\u4e86\ud83e\udd23"
        },
        {
            "reply_id": "UgwkOXzoGJ6koBv930B4AaABAg",
            "reply_content": "\u770b\u5230\u5f8c\u9762\u8aaa\u50cf\u5152\u7ae5\u7259\u818f\u5473\uff0c\u6211\u6574\u500b\u7b11\u51fa\u4f86\uff01\ud83e\udd23 \u5b89\u557e\u59b9\u771f\u7684\u597d\u53ef\u611b\u597d\u8aa0\u5be6\u554a\uff01\ud83d\ude05\ud83d\udc95"
        },
        {
            "reply_id": "UgzgjUQes3Cadvenlc54AaABAg",
            "reply_content": "\u5b89\u557e\u80fd\u554f\u4f60\u7684\u65e5\u6587\u662f\u5728\u90a3\u5b78\u7684\u55ce\uff0c\u597d\u53b2\u5bb3"
        },
        {
            "reply_id": "UgypDnuBwLoK8h7jIlB4AaABAg",
            "reply_content": "\u62bd\u7b4b\u7b11\u5674\ud83d\ude02"
        },
        {
            "reply_id": "Ugz7MZPP3jseMjj3DEF4AaABAg",
            "reply_content": "\u5f9e\u9ad8\u4e00\u770b\u5230\u73fe\u5728\u5df2\u7d93\u5927\u4e09\u4e86\n\u9084\u662f\u5f88\u559c\u6b61\u770b\u5b89\u557e\u958b\u7bb1\u5404\u7a2e\u53ef\u611b\u7684\u73a9\u5177\n\u77e5\u80b2\u83d3\u5b50\u771f\u7684\u8d85\u61f7\u5ff5"
        },
        {
            "reply_id": "UgwgyPBxffO0_SyUNR14AaABAg",
            "reply_content": "\u9019\u6b21\u7684\u5b89\u557e\u770b\u8d77\u4f86\u7279\u5225\u55e8\n\u6bcf\u6b21\u770b\u5230\u5b89\u557e\u767c\u5f71\u7247\u5c31\u53ef\u4ee5\u7372\u5f97\u5f88\u591a\u6b63\u80fd\u91cf\ud83d\ude18"
        },
        {
            "reply_id": "Ugw6fLmS7vxRxAlKRgd4AaABAg",
            "reply_content": "\u7576\u5e74\u4e5f\u662f\u56e0\u70ba\u770b\u5b89\u557e\u7684\u77e5\u80b2\u83d3\u5b50\u5f71\u7247\u624d\u8ddf\u8457\u8cb7\u4f86\u73a9\n\u505a\u51fa\u4f86\u6c92\u6709\u5f88\u6210\u529f\ud83e\udd23"
        },
        {
            "reply_id": "UgzhkQx5M0TM4KXsPLN4AaABAg",
            "reply_content": "\u570b\u5c0f\u7684\u6642\u5019\u90fd\u6703\u770b\u5b89\u557e\u7684\u5f71\u7247\u505a\u77e5\u80b2\u83d3\u5b50\uff01\u73fe\u5728\u5df2\u7d93\u8981\u9ad8\u4e2d\u4e86\uff01"
        }
    ]
}