{
    "video_info": {
        "id": "cLZyVOe_qQA",
        "channelTitle": "\u5b89\u557e\u54aa",
        "title": "\u9996\u5ea6\u516c\u958b\u6211\u7684\u5bb6\uff01\u958b\u7bb1\u7cfbYouTuber\u7684\u5bb6\u5806\u6eff\u73a9\u5177\uff1f\u908a\u958b\u7bb1\u908a\u88ab\u7642\u7652\uff01| \u5b89\u557e (\u309d\u2200\uff65) \u2661",
        "description": "\u4f4f\u4e86\u5169\u5e74\u7d42\u65bc\u4f86\u505aRoomTour\uff01\n- \n\n#\u862d\u8afe\u8863\u7269\u67d4\u8edf\u82b3\u9999\u8c46\n\u4e0d\u51fa\u9580\u5c31\u80fd\u628a\u6eff\u6eff\u7642\u7652\u5e36\u56de\u5bb6\uff1ahttps://lihi1.com/qQdfL\u3000\n\u5168\u806f\u3001\u5bb6\u6a02\u798f\u3001\u5c48\u81e3\u6c0f\u3001\u5eb7\u662f\u7f8e\u3001\u5bf6\u96c5\u7b49\u5404\u5927\u901a\u8def\u4e5f\u90fd\u80fd\u8cb7\u5230\u5594\uff5e\n\n\u27ab \u8a02\u95b1\u5b89\u557e\uff1ahttps://goo.gl/KmLFgD\n\u27ab \u5b89\u557eIG\uff1ahttps://www.instagram.com/anjouclever/\n\u27ab \u5b89\u557eFB\uff1ahttps://www.facebook.com/anjoupikachu/\n\ud83d\udc39 \u73a9\u5177\u958b\u7bb1\u5168\u96c6\uff1ahttps://goo.gl/91ulRJ",
        "likeCount": "11217",
        "commentCount": "666",
        "viewCount": "365895"
    },
    "comments": [
        {
            "reply_id": "UgxNnPuHUQC-QBgHC4p4AaABAg",
            "reply_content": "\u4ee5\u5f8c\u9084\u60f3\u6536\u9b54\u5973\u7684\u8003\u9a57\u3001\u4e0d\u53ef\u601d\u8b70\u661f\u7403\u7684\u96d9\u80de\u80ce\u516c\u4e3b\u7684\u5404\u7a2e\u9b54\u6cd5\u6b66\u5668\u54c8\u54c8\u54c8\ud83d\ude48\n\u56e0\u70ba\u4f5c\u54c1\u76f8\u5c0d\u5c0f\u773e\uff0c\u53e4\u8463\u73a9\u5177\u8981\u66f4\u4ed4\u7d30\u627e\u624d\u627e\u5f97\u5230!!\n\u5927\u5bb6\u6709\u770b\u904e\u6211\u8aaa\u7684\u9019\u5169\u90e8\u55ce\uff5e\uff5e"
        },
        {
            "reply_id": "UgxGm5JGXAbAKZOM0Jl4AaABAg",
            "reply_content": "\u5b89\u557e\u5bb6\u5be6\u5728\u592a\u7642\u7652\u4e86\u5427\uff01\u5c45\u7136\u9084\u6709\u5047\u8349\u76ae\ud83d\ude0d\u600e\u9ebc\u53ef\u4ee5\u9023\u934b\u5b50\u90fd\u9019\u9ebc\u53ef\u611b\u5566\uff01\u539f\u4f86\u662f\u79df\u7684\u55ce\uff1f\u4f48\u7f6e\u5f97\u597d\u50cf\u81ea\u5df1\u5bb6\u4e00\u6a23\uff01\u592a\u81a9\u5bb3\uff01\ud83e\udd29\u7136\u5f8c\u60f3\u554f\u591a\u4e45\u6e05\u6d17\u4e00\u6b21\u5a03\u5a03\uff1f\u611f\u89ba\u90fd\u597d\u5feb\u5c31\u9577\u7070\u5875\u4e86\u55da\u55da"
        },
        {
            "reply_id": "UgzUZPwPetfKyjJ8v7R4AaABAg",
            "reply_content": "\u6211\u624b\u6a5f\u6c92\u6709\u8272\u91c7\uff0c\u59b3\u662f\u5148\u4eba\uff0c\u62dc\u8a17\u60a8\u628a\u6211\u7684\u624b\u6a5f\u8b8a\u6210\u4e86\u91c7\u8272\u597d\u55ce,\u8b1d\u8b1d\u60a8\u4e86\uff0c"
        },
        {
            "reply_id": "Ugyj5ZEZwgrG_Uof9MJ4AaABAg",
            "reply_content": "\u597d\u7fa8\u6155\u5b89\u557e\u6709\u597d\u591a\u89d2\u843d\u751f\u7269\u7684\u5a03\u5a03"
        },
        {
            "reply_id": "Ugw4VEZCIbkOEIFHqxV4AaABAg",
            "reply_content": "\u7fbd\u751f\u7684\u89aa\u7b46\u7c3d\u540d\u771f\u7684\u662f\u50b3\u5bb6\u4e4b\u5bf6\ud83e\udd29"
        },
        {
            "reply_id": "UgyoD-4lcDrMqQLKW1N4AaABAg",
            "reply_content": "\u7fbd\u751f\u7684\u7c3d\u540d!! \u771f\u7684\u597d\u7fa8\u6155\u554a\u554a\u554a"
        },
        {
            "reply_id": "Ugzf3annChyUOTUjcdJ4AaABAg",
            "reply_content": "\u5b89\u557e\u5bb6\u770b\u8d77\u4f86\u771f\u7684\u8d85\u7d1a\u653e\u9b06\u7684\u8036\uff0c\u4e00\u8e0f\u5165\u6211\u53ef\u80fd\u6551\u5148\u8eba\u4e86\u592a\u8212\u670d\u5566\ud83e\udd70\ud83e\udd70"
        },
        {
            "reply_id": "UgwuF_oer5ejVhVsY6R4AaABAg",
            "reply_content": "\u4f60\u6839\u672c\u662f\u9b54\u6cd5\u5c11\u5973\u672c\u4eba~"
        },
        {
            "reply_id": "UgwLI6P3KWGvaDyafet4AaABAg",
            "reply_content": "\u6211\u5bb6\u88cf\u7684\u51b0\u7bb1\u4e5f\u8ddf\u59b3\u7528\u7684\u662f\u540c\u4e00\u6b3e\u53ea\u4e0d\u904e\u6211\u7684\u662f\u9ed1\u8272"
        },
        {
            "reply_id": "UgwDrXeNLNPjoVZJ3mx4AaABAg",
            "reply_content": "\u59b3\u7684\u73a9\u5177\u90fd\u65b9\u90a3\u554a\uff1f"
        },
        {
            "reply_id": "UgymaCWUDV3QBDJ9BfZ4AaABAg",
            "reply_content": "\u6bd4\u6211\u5bb6\u9084\u611f\u7cbe"
        },
        {
            "reply_id": "Ugysau_KhRko-7Sh4_J4AaABAg",
            "reply_content": "\u8b9a"
        },
        {
            "reply_id": "UgyQGjOW4dTKOSBG8154AaABAg",
            "reply_content": "\u8981\u4e0d\u8981\u8acb\u5c0a\u4f86\u4f4f\ud83d\ude0f"
        },
        {
            "reply_id": "UgwjSnn4Vi8QdZJf6nh4AaABAg",
            "reply_content": "\u597d\u900f"
        },
        {
            "reply_id": "Ugx2f6FQUQBoFmxfjPZ4AaABAg",
            "reply_content": "\u611f\u89ba\u5f88\u53ef\u611b"
        },
        {
            "reply_id": "UgwbPmqit9NZHjdYdOV4AaABAg",
            "reply_content": "\u5b89\u557e\u5bb6\u597d\u6f02\u4eae\u5594"
        },
        {
            "reply_id": "UgwQqefMr_M2UvF1FFd4AaABAg",
            "reply_content": "\u70ba\u4ec0\u9ebc\u5feb\u642c\u5bb6\u4e86?\u74b0\u5883\u5f88\u597d\u5440"
        },
        {
            "reply_id": "UgxgL4Vs0-cIvJzCSvB4AaABAg",
            "reply_content": "\u6d17\u8166\u7684\u5de5\u5546\u554a\uff0c\u770b\u5230\u90a3\u500b\u4ec0\u9ebc\u79d8\u5bc6\u7684\u6642\u5019\uff0c\u5c31\u731c\u5230\u662f\u9019\u500b\u5de5\u5546\u4e86\uff0c\u5475\u5475"
        },
        {
            "reply_id": "Ugy9VZbqbClY9xFZ3z14AaABAg",
            "reply_content": "\u5b89\u557e\u662f\u8b80\u5546\u79d1\u7684\u55ce"
        },
        {
            "reply_id": "Ugy3SgutAc1l-fPTDSd4AaABAg",
            "reply_content": "\u5b89\u557e\u9019\u8eab\u597d\u770b\uff5e"
        }
    ]
}