{
    "video_info": {
        "id": "Ctk3qbWlFsI",
        "channelTitle": "\u5b89\u557e\u54aa",
        "title": "\u8d85\u5de8\u5927\u6d41\u6c34\u73cd\u73e0\u6a02\u5712\uff01\u73cd\u73e0\u5976\u8336\u7684\u8c6a\u83ef\u559d\u6cd5\uff01\u3010\u6dbc\u9eb5\u6c34\u6a02\u5712\u7b2c\u4e09\u4ee3\u3011| \u5b89\u557e (\u309d\u2200\uff65) \u2661",
        "description": "\u7d42\u65bc\uff01\u8f2a\u5230\u6dbc\u9eb5\u6c34\u6a02\u5712\u7b2c\u4e09\u4ee3\u767b\u5834\uff01\n-------\n\u27ab \u8a02\u95b1\u5b89\u557e\uff1ahttps://goo.gl/KmLFgD\n\u27ab \u5b89\u557eFacebook\uff1ahttps://www.facebook.com/anjoupikachu/\n\ud83d\udc39 \u73a9\u5177\u958b\u7bb1\u5168\u96c6\uff1ahttps://goo.gl/91ulRJ\n- - - - - - - - - - - - - - - - - - - - - -\n\n\uff0a\u6240\u6709\u7528\u5177\u4e8b\u524d\u90fd\u6709\u505a\u597d\u6e05\u6f54\uff0c\u5927\u5bb6\u73a9\u7684\u6642\u5019\u4e5f\u8981\u6ce8\u610f\u885b\u751f\u5537\n\uff0a\u5171\u4f7f\u75286\u676f\u73cd\u5976\uff0c\u73cd\u5976\u6700\u5f8c\u5206\u9001\u7d66\u670b\u53cb\u4e00\u8d77\u5408\u529b\u559d\u5b8c\u5695\n\n- - - - - - - - - - - - - - - - - - - - - -\n\n\u27a8\u76f8\u95dc\u5f71\u7247\n\n1/2\u7e2e\u5c0f\u7248\u626d\u86cb\u6a5f \u2606 \u626d\u5230\u4ec0\u9ebc\u5c31\u5403\u4ec0\u9ebc\u7684\u523a\u6fc0\u73a9\u6cd5?!\n\u21e2 https://goo.gl/tSJlNG\n\u6dbc\u9eb5\u6c34\u6a02\u5712 - \u6d41\u6c34\u7d20\u9eb5\u5f9e\u9ad8\u4f4e\u5dee56cm\u7684\u6ed1\u6c34\u9053\u6e9c\u4e0b\u4f86\u4e86\uff01\n\u21e2 https://goo.gl/tgYRy1\n\u3010\u77e5\u80b2\u83d3\u5b50\u3011\u99ac\u6876\u6e05\u6dbc\u98f2\u6599\uff01\u7121\u6cd5\u62db\u67b6\u7684\u5473\u9053\uff01\n\u21e2 https://goo.gl/n0nnyQ\n\u6d77\u5e95\u7e3d\u52d5\u54e12 - Finding Dory \u2606 \u591a\u8389\u5609\u5e74\u83ef\uff01\u9084\u6709\u597d\u591a\u9b5a\u53cb\u5011\uff01\n\u21e2 https://goo.gl/oAn42q\n\u6703\u5b78\u4f60\u8aaa\u8a71\u7684\u840c\u840c\u5c0f\u5009\u9f20 - \u8981\u6210\u70ba\u4e00\u4f4d\u6559\u5b97\u4e0d\u662f\u90a3\u9ebc\u7c21\u55ae\u7684\u4e8b\u60c5!!\n\u21e2 https://goo.gl/8WZaZT\n\n- - - - - - - - - - - - - - - - - - - - - -\n\n\n- - - - - - - - - - - - - - - - - - - - - -\n\u27a8\u3010\u7d05\u77f3\u53e3\u888b\u3011FB\uff1ahttps://www.facebook.com/RedStone.Poke\n- - - - - - - - - - - - - - - - - - - - - -\nBGM\u4f86\u6e90\uff1ahttp://dova-s.jp/\n\u97f3\u6548\u4f86\u6e90\uff1ahttp://musicisvfr.com/free/index.html",
        "likeCount": "46080",
        "commentCount": "1826",
        "viewCount": "2646508"
    },
    "comments": [
        {
            "reply_id": "UgxRU699PVuSP7QVoc54AaABAg",
            "reply_content": "\u6ef4\u59b9\u592a\u53ef\u611b\u5566 \u771f\u7684\u6709\u5920\u597d\u73a9\n\u5927\u5bb6\u4e5f\u53ef\u4ee5\u53bb\u6ef4\u59b9\u983b\u9053\u770b\u6211\u548c\u6ef4\u59b9\u4e00\u8d77\u505a\u53ef\u9e97\u9905\u55b2\n\uff0a\u6240\u6709\u7528\u5177\u4e8b\u524d\u90fd\u6709\u505a\u597d\u6e05\u6f54\uff0c\u5927\u5bb6\u73a9\u7684\u6642\u5019\u4e5f\u8981\u6ce8\u610f\u885b\u751f\u5537\n\uff0a\u5171\u4f7f\u75286\u676f\u73cd\u5976\uff0c\u73cd\u5976\u6700\u5f8c\u5206\u9001\u7d66\u670b\u53cb\u4e00\u8d77\u5408\u529b\u559d\u5b8c\u5695\n\uff0a\u5c0f\u670b\u53cb\u904a\u73a9\u6642\u9700\u8981\u5bb6\u9577\u5728\u65c1\u966a\u540c\uff0c\u73cd\u73e0\u8981\u7d30\u56bc\u6162\u56a5\u5594\uff01"
        },
        {
            "reply_id": "Ugy5j8rxTL9aOxFbuFl4AaABAg",
            "reply_content": "\u4f60\u5011\u5728\u804a\u4ec0\u9ebc\u5462"
        },
        {
            "reply_id": "UgxVthr_XWJUdCkV0I94AaABAg",
            "reply_content": "\u55ef"
        },
        {
            "reply_id": "Ugx9XGkgaCpXVQlwmrZ4AaABAg",
            "reply_content": "\u6211\u8cb7\u6ef4\u59b9\u90a3\u676f"
        },
        {
            "reply_id": "Ugz7QBTRLXHm4xGvK5l4AaABAg",
            "reply_content": "\u5b89\u557e\u7684\u73a9\u5177\u958b\u7bb1\u90fd\u597d\u6b61\u6a02\uff0c\u597d\u597d\u7b11\u5594\uff01\u559c\u6b61\uff01\u8b1d\u8b1d\u5b89\u557e\u9019\u9ebd\u958b\u5fc3\u7684\u5f71\u7247"
        },
        {
            "reply_id": "Ugz9FZvpy_FvlyPzFDp4AaABAg",
            "reply_content": "\u5b89\u557e\u90fd\u81ea\u5df1\u4e00\u500b\u4eba\u958b\u7bb1 \u81ea\u5df1\u73a9 \u597d\u5b64\u55ae"
        },
        {
            "reply_id": "Ugz7UY_2bd4ltq4PYgB4AaABAg",
            "reply_content": "\u597d\u5435\u5594"
        },
        {
            "reply_id": "UgxUkHIXolek_IVBSot4AaABAg",
            "reply_content": "\u6211\u559c\u6b61\u4e00\u59b9"
        },
        {
            "reply_id": "UgzSmVBVQ6AnIs_4wgl4AaABAg",
            "reply_content": "\u4e00\u7a2e\u8d0f\u4e86\u904a\u6232.\u537b\u597d\u50cf\u8f38\u4e86\u4ec0\u9ebc\u7684\u611f\u89ba..."
        },
        {
            "reply_id": "Ugx0tfwTSJFl5LjFtZl4AaABAg",
            "reply_content": "\u8981\u653e\u8c93\u54aa\u4e86"
        },
        {
            "reply_id": "UgxbRR3JH7fPLTY_Qvx4AaABAg",
            "reply_content": "\u4f60\u6709\u8ddf\u6ef4\u59b9\u5408\u4f5c\u8036"
        },
        {
            "reply_id": "Ugx-rnUide2AU1JO8hh4AaABAg",
            "reply_content": "\u597d\u69cd"
        },
        {
            "reply_id": "UgyLoTtlHvrfURXzCk54AaABAg",
            "reply_content": "\u54c8\u54c8\u54c8\u54c8\ud83d\ude02"
        },
        {
            "reply_id": "UgzhpTqQQ_anVEPOtB54AaABAg",
            "reply_content": "\u61c9\u8a72\u6e6b\u75f4\u75f4\u4f86\u73a9,\u61c9\u8a72\u6703\u5f88\u6a02\u3002"
        },
        {
            "reply_id": "UgylS_sJ_hDHbkUkjJt4AaABAg",
            "reply_content": "\u6ef4\u59b9\u771f\u7684\u5f88\u958b\u52f3\u6b38"
        },
        {
            "reply_id": "UgxCu10RK6hUYXZoedZ4AaABAg",
            "reply_content": "\u597d\u60e1\u5fc3\u5594"
        },
        {
            "reply_id": "Ugyzai-ROeg0RemNdjd4AaABAg",
            "reply_content": "\u5168\u6210\u7b11\u5834"
        },
        {
            "reply_id": "Ugxa_-yMGl6VKvAA1Vx4AaABAg",
            "reply_content": "\u53ef\u4ee5\u62cd\u7b2c\u56db\u96c6\u5417\uff1f"
        },
        {
            "reply_id": "Ugx0SlF0EcSYXkYZdUJ4AaABAg",
            "reply_content": "\u662f\u6ef4\u59b9\u5414\uff01\u6211\u5687\u5230\u4e86"
        },
        {
            "reply_id": "UgzIV43hQw-bPStQJeF4AaABAg",
            "reply_content": "\u5b89\u557e\u770b\u8d77\u4f86\u5f88\u958b\u5fc3"
        }
    ]
}