{
    "video_info": {
        "id": "dAw7GEbBcms",
        "channelTitle": "\u5b89\u557e\u54aa",
        "title": "\u8ddf\u6211\u5728\u53f0\u5317\u7d04\u6703\u4e00\u5929 & \u548c\u5c0f\u718a\u7dad\u5c3c\u7684\u806f\u540d\u5546\u54c1\u5927\u516c\u958b\uff01| \u5b89\u557e (\u309d\u2200\uff65) \u2661",
        "description": "\u795d\u5927\u5bb6\u6709\u904e\u751c\u751c\u7684\u4e00\u5929\nGrace Gift  feat. \u5b89\u557e Anjou \nDisney Collection \u5c0f\u718a\u7dad\u5c3c\u3010A lovely day\u3011\u7cfb\u5217\n\u27aahttps://bit.ly/42QYaFk\n\n\u27ab \u8a02\u95b1\u5b89\u557e\uff1ahttps://goo.gl/KmLFgD\n\u27ab \u5b89\u557eIG\uff1ahttps://www.instagram.com/anjouclever/\n\u27ab \u5b89\u557eFB\uff1ahttps://www.facebook.com/anjoupikachu/\n\ud83d\udc39 \u73a9\u5177\u958b\u7bb1\u5168\u96c6\uff1ahttps://goo.gl/91ulRJ",
        "likeCount": "1963",
        "commentCount": "130",
        "viewCount": "62970"
    },
    "comments": [
        {
            "reply_id": "UgwUQW7CHFavnFHPE0F4AaABAg",
            "reply_content": "\u53eb\u505a\u5b89\u557e\u54aa\u5594"
        },
        {
            "reply_id": "UgzGQcb6Y17e2eUEKDl4AaABAg",
            "reply_content": "\u5b89\u557e\u5df2\u7d93\u662f\u53ef\u611b\u7684\u4ee3\u540d\u8a5e\u4e86"
        },
        {
            "reply_id": "UgxXb0WjlJPTMC-ydNN4AaABAg",
            "reply_content": "\u597d\u559c\u6b61\u9019\u90e8\u5f71\u7247\u7684\u599d\u611f"
        },
        {
            "reply_id": "Ugyq5fthCwv8DuUSbw14AaABAg",
            "reply_content": "\u7adf\u7136\u53ef\u4ee5\u8ddf\u5b89\u557e\u7d04\u6703\u2764"
        },
        {
            "reply_id": "Ugwx4Aih3U7LnoizZFF4AaABAg",
            "reply_content": "\u5728\u5c0f\u5c0f\u7684\u82b1\u56ed\u91cc\u9762\u6316\u5440\u6316\u5440\u6316"
        },
        {
            "reply_id": "UgwJSAwzQcMJdGj9s3p4AaABAg",
            "reply_content": "\u7dad\u5c3c\u592a\u53ef\u611b\u4e86\u2764"
        },
        {
            "reply_id": "Ugxd6M46aaOtIUbrRUV4AaABAg",
            "reply_content": "\u597d\u53ef\u611b\u7684\u806f\u540d\u5546\u54c1"
        },
        {
            "reply_id": "Ugzed1ArKQOAZnmZcCh4AaABAg",
            "reply_content": "\u60f3\u554f\u90a3\u500b\u5439\u98a8\u6a5f\u8ddf\u7d19\u7bb1\u7684\u7d44\u5408\u6703\u4e0d\u6703\u6709\u8d77\u706b\u7684\u5371\u96aa?"
        },
        {
            "reply_id": "UgzGIar1fh-Q6jkGxq94AaABAg",
            "reply_content": "\u8cb7\u4e86\u676f\u5b50\u548c\u6258\u7279\u5305\uff0c\u8cea\u611f\u90fd\u5f88\u597d\uff0c\u4e5f\u5f88\u53ef\u611b\ud83d\ude0a\u652f\u6301\u5b89\u557e\u2764"
        },
        {
            "reply_id": "UgwwyXxNnUV19IluOA14AaABAg",
            "reply_content": "\u60f3\u77e5\u9053\u5c0f\u718a\u7dad\u5c3c\u7684\u62b1\u6795\u8cb7\u5f97\u5230\u55ce\ud83e\udd72"
        },
        {
            "reply_id": "UgwNxTfgJwi0uuIrG-l4AaABAg",
            "reply_content": "\u5546\u54c1\u90fd\u5f88\u53ef\u611b\u2764"
        },
        {
            "reply_id": "UgwlaECFI8DQspY12tV4AaABAg",
            "reply_content": "\u6211\u9084\u4ee5\u70ba\u8863\u670d\u662f\u624b\u81c2\u592a\u7c97\u6263\u4e0d\u8d77\u4f86\ud83e\udd23\u22ef\u22ef\u958b\u73a9\u7b11\u7684\ud83d\ude1d"
        },
        {
            "reply_id": "UgxiVdO2burvX9eZK614AaABAg",
            "reply_content": "\u60f3\u8cb7\u4f86\u9001\u7d66\u67d0\u500b\u5f88\u559c\u6b61\u7dad\u5c3c\u7684\u670b\u53cb~\u2764\u652f\u6301\u652f\u6301\u5b89\u557e\ud83c\udf89\ud83c\udf89\ud83c\udf89"
        },
        {
            "reply_id": "UgxlUP4xyuWZjvXYNZ54AaABAg",
            "reply_content": "\u6642\u4ee3\u5bd3\u6240\u5c45\u7136\u9084\u6709\u80fd\u525b\u597d\u770b\u5230\u6210\u529f\u7684\u9ad8\u4e2d\u7684\u623f\u9593\u6b38\n\u5176\u5be6\u5b89\u557e\u89ba\u5f97\u597d\u770b\u7684\u5236\u670d\u8d8a\u4f86\u8d8a\u5c11\u4eba\u7a7f\u4e86\n\u5b78\u6821\u65c1\u908a\u7684\u661f\u5df4\u514b\u771f\u7684\u8d85\u9ad8\u7d1a\n\u53bb\u90a3\u908a\u8b80\u66f8\u5f88\u8b9a!\n\nby \u6210\u529f\u9ad8\u4e2d\u5b78\u751f"
        },
        {
            "reply_id": "Ugxz_JGpXX35rEW9RVN4AaABAg",
            "reply_content": "\u7dad\u5c3c\u63a7\u5728\u6b64 \u771f\u7684\u597d\u53ef\u611b\u7684\u958b\u7bb1 \u5fc3\u52d5\ud83d\udc93"
        },
        {
            "reply_id": "Ugw_evW0g4mSfOpvhvR4AaABAg",
            "reply_content": "\u6258\u7279\u5305\u4e0d\u932f\u6b38"
        },
        {
            "reply_id": "UgxejBKv2niBUamue-B4AaABAg",
            "reply_content": "\u592a\u53ef\u611b\u4e86\uff0c\u7dad\u5c3c\u548c\u5b89\u557e\u90fd\u662f\uff0c\n\u6700\u559c\u6b61\u7684\u662f\u7a7f\u7761\u8863\u7684\u5b89\u557e\uff0c\u5169\u7a2e\u7761\u8863\u90fd\u5f88\u8b9a\uff0c\n\n\u983b\u9053\u6f38\u6f38\u8d70\u51fa\u5916\u751f\u6d3b\u8d70\u5411\uff0c\u6240\u4ee5\u6536\u97f3\u54c1\u8cea\u4e5f\u8981\u958b\u59cb\u6ce8\u610f\u56c9"
        },
        {
            "reply_id": "Ugw9lf_R6l0oZFJqpr94AaABAg",
            "reply_content": "\u6210\u529f\u9ad8\u4e2d\u6211\u771f\u7684\u7b11\u5230\u4e0d\u884c"
        },
        {
            "reply_id": "UgwTfTxzw1uyau8mgqt4AaABAg",
            "reply_content": "\u597d\u5947\u5b89\u557e\u7684\u8863\u670d\u5728\u54ea\u8cb7\u7684 \u597d\u53ef\u611b\u5594"
        },
        {
            "reply_id": "UgxYW65kNB2Ps3OYnhR4AaABAg",
            "reply_content": "\u5b8c\u86cb\uff0c\u5c31\u7b97\u77e5\u9053\u5009\u9f20\u98f2\u6599\u888b\u662f\u6eff\u984d\u8d08\uff0c\u4e5f\u77e5\u9053\u8981\u91cf\u529b\u800c\u70ba\uff0c\u4f46\u9084\u662f\u624b\u6ed1\u4e86"
        }
    ]
}