{
    "video_info": {
        "id": "FKHbIXh900c",
        "channelTitle": "\u5b89\u557e\u54aa",
        "title": "\u5237\u7206\u4fe1\u7528\u5361\uff01\u4eca\u5929\u5973\u5152\u5168\u8cb7\u55ae\ud83d\udcb8 \u8b93\u5abd\u5abd\u7576\u4e00\u65e5\u8cb4\u5a66\uff01| \u5b89\u557e (\u309d\u2200\uff65) \u2661",
        "description": "\u9b5a\u5b50\u91ac\u4e0b\u5348\u8336\u3001\u53f0\u5317\u6700\u9ad8\u7d1aSPA\u3001\u7cbe\u54c1\u8033\u74b0\u3001\u5305\u5ec2KTV(?\n\u5bf5\u611b\u5abd\u5abd\u7684\u4e00\u5929\n\n\u27ab \u8a02\u95b1\u5b89\u557e\uff1ahttps://goo.gl/KmLFgD\n\u27ab \u5b89\u557eIG\uff1ahttps://www.instagram.com/anjouclever/\n\u27ab \u5b89\u557eFB\uff1ahttps://www.facebook.com/anjoupikachu/\n\ud83d\udc39 \u73a9\u5177\u958b\u7bb1\u5168\u96c6\uff1ahttps://goo.gl/91ulRJ",
        "likeCount": "5091",
        "commentCount": "219",
        "viewCount": "105674"
    },
    "comments": [
        {
            "reply_id": "UgxPdMCAJ2KnLXA8XKF4AaABAg",
            "reply_content": "\u91d1\u91dd\u83c7\u8aaa\u97d3\u570b\u4eba\u770b\u9577\u8f29\u559d\u9152\u8981\u906e\u8d77\u4f86\u8868\u9054\u5c0a\u656c"
        },
        {
            "reply_id": "Ugy0jhNMbfcHIxlVxKJ4AaABAg",
            "reply_content": "\u5b89\u557e\u8ddf\u5abd\u5abd\u7684\u4e92\u52d5\u8d85\u53ef\u611b\u7684\uff01\uff01\n\u771f\u7684\u966a\u4f34\u5c31\u662f\u6700\u597d\u7684\u79ae\u7269\ud83e\udd79\u6700\u5f8c\u8d85\u611f\u52d5\u7684\u5566\u5fcd\u4e0d\u4f4f\u54ed\ud83d\ude2d\ud83d\ude2d\ud83d\ude2d"
        },
        {
            "reply_id": "Ugxt1RXDmjK1S0F-9wZ4AaABAg",
            "reply_content": "\u8fd1\u671f\u6700\u559c\u6b61\u7684\u5f71\u7247\ud83e\udd70\ud83e\udd70"
        },
        {
            "reply_id": "Ugyak7VEgAo2sQuPAQh4AaABAg",
            "reply_content": "\u7236\u89aa\u7bc0\u662f\u4e0d\u662f\u6c92\u6709\u5f71\u7247\ud83e\udd79"
        },
        {
            "reply_id": "UgyiK7ssfGsquDbWMYp4AaABAg",
            "reply_content": "\u975e\u5e38\u559c\u6b61\u5b89\u557e\u54aa\u5728\u6bcf\u6b21\u5f71\u7247\u88e1\u65e2\u6709\u6d3b\u529b \u53c8\u7d30\u5fc3\u5730\u89e3\u91cb\u4ecb\u7d39\u76f8\u95dc\u8cc7\u8a0a \n\u771f\u7684\u6bcf\u4e00\u96c6\u90fd\u5f88\u68d2\u5f88\u6709\u8da3 \u4e5f\u5305\u542b\u9019\u4e00\u96c6\u5728\u5167!\n\u557e\u5abd\u597d\u6f02\u4eae \u800c\u4e14\u597d\u6709\u6c23\u8cea\u597d\u512a\u96c5\u5594!!!"
        },
        {
            "reply_id": "UgyOeGhxmTuDQFS_REp4AaABAg",
            "reply_content": "\u770b\u5b8c\u4e4b\u5f8c\u90fd\u89ba\u5f97\u5abd\u5abd\u5011\u662f\u4e0d\u662f\u90fd\u4e0d\u6015\u71d9\uff0c\u6211\u5abd\u6d17\u6fa1\u6c34\u4e5f\u662f\u7528\u5f88\u71d9\u7684\u90a3\u7a2e"
        },
        {
            "reply_id": "Ugw_QZ4WsfzwKerKT2F4AaABAg",
            "reply_content": "\u6bcd\u5973\u90fd\u4e00\u6a23\u6f02\u4eae"
        },
        {
            "reply_id": "Ugw_z8Zss6BYyls_heJ4AaABAg",
            "reply_content": "\u5b89\u557e\uff0c \u6211\u6709\u4e00\u500b\u9a5a\u559c\u7d66\u4f60\u770b \u5e0c\u671b\u4f60\u53ef\u4ee5\u770b\u5230 \u62dc\u8a17\u4e86"
        },
        {
            "reply_id": "UgzY-J9jR23GzbowbJ14AaABAg",
            "reply_content": "\u8acb\u5728\u62cd"
        },
        {
            "reply_id": "UgwjtX6ljDH8UN9llnh4AaABAg",
            "reply_content": "\u5abd\u5abd\u597d\u6709\u7b11\u9ede \u6548\u679c\u8d85\u68d2\u7684"
        },
        {
            "reply_id": "UgxG4zvpNyKZAnSJwHB4AaABAg",
            "reply_content": "\u59b9\u59b9\u52a0\u6cb9!"
        },
        {
            "reply_id": "UgzPwUWViL99XSfwyzt4AaABAg",
            "reply_content": "\u597d\u60f3\u7d66\u59b3100\u842c\u500b\u8b9a\uff0c\u53ef\u60dc\u4e00\u4eba\u53ea\u80fd\u6309\u4e00\u6b21\u3002\u62b1\u8457\u770b\u5962\u83ef\u4e4b\u65c5\u7684\u5fc3\u614b\u9ede\u9032\u4f86\u770b\uff0c\u6700\u5f8c\u537b\u54ed\u7684\u4e00\u584c\u7cca\u5857\u3002\u539f\u4f86\uff0c\u8cb4\u5a66\u4e0b\u5348\u8336\u3001SPA\u90fd\u4e0d\u53ca\u6bcd\u5973\u4e4b\u60c5\u7684\u73cd\u8cb4\u3002"
        },
        {
            "reply_id": "Ugxb2d8ww4WgrRUPBcV4AaABAg",
            "reply_content": "\u597d\u559c\u6b61\u5169\u500b\u4eba\u7684\u4e92\u52d5\n\u5abd\u5abd\u8d85\u53ef\u611b\u7684\ud83e\udd23"
        },
        {
            "reply_id": "UgyBt5WtzYxe7SpSAix4AaABAg",
            "reply_content": "\u8033\u74b0\u6311\u5f97\u5f88\u597d\u8a92 \u597d\u9069\u5408\u5abd\u5abd\u5f88\u7f8e"
        },
        {
            "reply_id": "UgwAWmkLONfK1ze72dR4AaABAg",
            "reply_content": "\u652f\u6301\u4f60\u7d55\u5c0d\u662f\u6211\u611f\u5230\u9a55\u50b2\u7684\u4e8b\u60c5"
        },
        {
            "reply_id": "UgwatVAOARZREXfC-GB4AaABAg",
            "reply_content": "\u597d\u559c\u6b61\u771f\u6027\u60c5\u7684\u5b89\u557e\ud83e\udd70\ud83d\ude33\u770b\u5b89\u557e\u7684\u5f71\u7247\u771f\u7684\u6536\u7a6b\u5f88\u591a\uff5e\u9084\u6709\u652f\u6301\u5b89\u557e\u9019\u4ef6\u4e8b\u771f\u7684\u662f\u6b64\u751f\u6c38\u4e0d\u5f8c\u6094\u7684\u4e00\u4ef6\u4e8b\uff0c\u5f88\u503c\u5f97\u5f88\u6709\u610f\u7fa9\uff01\u6211\u90fd\u5f88\u81ea\u8c6a\u7684\u8ddf\u8eab\u908a\u7684\u4eba\u8aaa\u6211\u8d85\u611b\u5b89\u557e\u6211\u662f\u5b89\u557e\u7684\u5927\u7c89\u7d72\uff01\uff01\uff01\uff08\u771f\u5fc3\u4e0d\u9a19\u2764\ufe0f\uff09"
        },
        {
            "reply_id": "UgzaM5cgSeLPm3SEWeV4AaABAg",
            "reply_content": "\u5abd\u5abd\u8d85\u7f8e\u7684"
        },
        {
            "reply_id": "Ugz3mPqFaWlieJcvkTJ4AaABAg",
            "reply_content": "\u597d\u6eab\u6696\u7684\u5f71\u7247\uff0c\u6700\u5f8c\u5abd\u54aa\u5728\u8aaa\u81ea\u5df1\u7684\u611f\u53d7\u6642\uff0c\u5b89\u557e\u70ba\u4e86\u4e0d\u8981\u9732\u51fa\u54ed\u54ed\u81c9\u628a\u53e3\u7f69\u6234\u5230\u81c9\u4e0a\u597d\u597d\u7b11\u597d\u53ef\u611b\ud83d\ude02\ud83d\ude02\ud83d\ude02"
        },
        {
            "reply_id": "UgxcVcUFSLi4AkCQbmN4AaABAg",
            "reply_content": "\u7528\u53e3\u7f69\u906e\u81c9\u90a3\u908a\u771f\u7684\u662f\u908a\u611f\u52d5\u908a\u5927\u7b11 XDD\n\u592a\u53ef\u611b\u4e86"
        },
        {
            "reply_id": "UgxeLV3ygm07N_wgfHZ4AaABAg",
            "reply_content": "\u60f3\u77e5\u9053\u7d50\u5c3e\u7684\u92fc\u7434\u914d\u6a02\u662f\u54ea\u9996\u66f2\u5b50\ud83d\ude4f"
        }
    ]
}