{
    "video_info": {
        "id": "G0s05o6HFSY",
        "channelTitle": "\u5b89\u557e\u54aa",
        "title": "\u5728\u5bb6\u6311\u6230\u505a\u8d85\u9165\u8106\u70b8\u8766\uff01\u5361\u6ecb\u5361\u6ecb\u7684\u8072\u97f3\u53ea\u6709\u7642\u7652\uff01| \u5b89\u557e (\u309d\u2200\uff65) \u2661",
        "description": "\u6709\u70b8\u8766\u5728\u5929\u4e0a\u98db\uff01\n\n\n#\u7dba\u9e97\u5065\u5eb7\u6cb9\u9ad4\u9a57\n#\u7528\u6cb9\u4e0d\u518d\u7dca\u5f35\u516e\u516e\n\n\u27ab \u8a02\u95b1\u5b89\u557e\uff1ahttps://goo.gl/KmLFgD\n\u27ab \u5b89\u557eIG\uff1ahttps://www.instagram.com/anjouclever/\n\u27ab \u5b89\u557eFB\uff1ahttps://www.facebook.com/anjoupikachu/\n\ud83d\udc39 \u73a9\u5177\u958b\u7bb1\u5168\u96c6\uff1ahttps://goo.gl/91ulRJ\n\n\u27a8\u5176\u4ed6\u5b89\u557e\u5f71\u7247\n1/2\u7e2e\u5c0f\u7248\u626d\u86cb\u6a5f \u2606 \u626d\u5230\u4ec0\u9ebc\u5c31\u5403\u4ec0\u9ebc\u7684\u523a\u6fc0\u73a9\u6cd5?!\n\u21e2 https://goo.gl/tSJlNG\n\u6dbc\u9eb5\u6c34\u6a02\u5712 - \u6d41\u6c34\u7d20\u9eb5\u5f9e\u9ad8\u4f4e\u5dee56cm\u7684\u6ed1\u6c34\u9053\u6e9c\u4e0b\u4f86\u4e86\uff01\n\u21e2 https://goo.gl/tgYRy1\n\u3010\u77e5\u80b2\u83d3\u5b50\u3011\u99ac\u6876\u6e05\u6dbc\u98f2\u6599\uff01\u7121\u6cd5\u62db\u67b6\u7684\u5473\u9053\uff01\n\u21e2 https://goo.gl/n0nnyQ\n\u6d77\u5e95\u7e3d\u52d5\u54e12 - Finding Dory \u2606 \u591a\u8389\u5609\u5e74\u83ef\uff01\u9084\u6709\u597d\u591a\u9b5a\u53cb\u5011\uff01\n\u21e2 https://goo.gl/oAn42q\n\u6703\u5b78\u4f60\u8aaa\u8a71\u7684\u840c\u840c\u5c0f\u5009\u9f20 - \u8981\u6210\u70ba\u4e00\u4f4d\u6559\u5b97\u4e0d\u662f\u90a3\u9ebc\u7c21\u55ae\u7684\u4e8b\u60c5!!\n\u21e2 https://goo.gl/8WZaZT\n\nBGM\u4f86\u6e90\uff1ahttp://dova-s.jp/\n\u97f3\u6548\u4f86\u6e90\uff1ahttp://musicisvfr.com/free/index.html",
        "likeCount": "10105",
        "commentCount": "436",
        "viewCount": "426339"
    },
    "comments": [
        {
            "reply_id": "Ugzav9Teu0IGg9wQaGZ4AaABAg",
            "reply_content": "\u56de\u4f86\u56de\u9867\u5b89\u557e3\u5e74\u524d\u7684\u5f71\u7247\u5566\uff01"
        },
        {
            "reply_id": "UgyEYflQFaa5X8upfKJ4AaABAg",
            "reply_content": "\u5b89\u557e\u5b89\u557e\u5b89\u557e"
        },
        {
            "reply_id": "Ugwjh8NRe7XrK7jwu9p4AaABAg",
            "reply_content": "\u5b89\u557e"
        },
        {
            "reply_id": "UgxHnCNNI6GFmxLolrl4AaABAg",
            "reply_content": "\u6d41\u53e3\u6c34\u4e86\uff0c\u770b\u8d77\u4f86\u597d\u597d\u5403\u3002"
        },
        {
            "reply_id": "UgzXa90InbuUAymnysh4AaABAg",
            "reply_content": "\u90a3\u500b\u4e0d\u662f\uff01\u548c\u6728\u4e0b\u67da\u9999\u4e00\u6a23\u7684\u8c93\u54aa\u7897\u55ce"
        },
        {
            "reply_id": "Ugw0BDNoHpFhLB7nFp14AaABAg",
            "reply_content": "\u770b\u8d77\u4f86\u5f88\u60f3\u98df"
        },
        {
            "reply_id": "UgxkgpWvV9zBHoc0-G54AaABAg",
            "reply_content": "\u597d\u53ef\u6015\u7684\u9891\u9053\u54e6\uff0c\u8981\u628a\u53ef\u601c\u7684\u8349\u867e\u5934\u626d\u4e0b\u6765\u2026\u2026"
        },
        {
            "reply_id": "UgzRkvCWHUg9kyeZP5N4AaABAg",
            "reply_content": "\ud83e\udd90\u7684\u8178\u6ce5\u597d\u4e7e\u6de8  \u8c93\u982d\u9df9\u535a\u7269\u9928\u9577\u544a\u8a34\u5b89\u557e"
        },
        {
            "reply_id": "UgxVZ0erOLGzfnyruOh4AaABAg",
            "reply_content": "\u9eb5\u7cca\u7684\u6750\u6599\u5206\u91cf\u662f\u591a\u5c11\uff1f\u53ef\u4ee5\u4e0d\u7528\u67f4\u9b5a\u7247\u55ce\uff1f(\u5e0c\u671b\u6709\u4eba\u56de\u61c9\u6211)"
        },
        {
            "reply_id": "UgyqfrYXXFYG7cYYhcJ4AaABAg",
            "reply_content": "\u6211\u4e5f\u60f3\u5403\u5b89\u557e\u70b8\u7684\u8766\u5b50\uff5e\uff5e"
        },
        {
            "reply_id": "Ugy6Vn-a2fZ_giYND_p4AaABAg",
            "reply_content": "\u60f3\u77e5\u9053\u70b8\u934b\u5728\u54ea\u88e1\u8cb7\uff5e"
        },
        {
            "reply_id": "UgyrXahK8AIRddKNNtd4AaABAg",
            "reply_content": "\u751f\u8766\u6c99\u897f\u7c73\u5f88\u5403\ud83e\udd24"
        },
        {
            "reply_id": "UgxhawdxaIh-Kr2W7tp4AaABAg",
            "reply_content": "\u54c8\u54c8\u54c8\u54c8\u54c8\u54c8\u54c8\u4e0d\u77e5\u9053\u70ba\u4ec0\u9ebc\u6211\u770b\u5230\u8178\u6ce5\u5f85\u88dc\u5c31\u72c2\u7b11"
        },
        {
            "reply_id": "UgzT32dMEo0RwGDmHXh4AaABAg",
            "reply_content": "\u611f\u89ba\u9019\u96c6\u7279\u5225\u9806\u5229\u8036\ud83d\ude02"
        },
        {
            "reply_id": "Ugykoed9s6JeGyDO1Q94AaABAg",
            "reply_content": "\u7e3d\u611f\u89ba\u5b89\u7cfe\u8d8a\u4f86\u8d8a\u4e0d\u597d\u770b((\u6211\u6307\u81c9\u7684\u90e8\u5206\n\u611f\u89ba\u5009\u9f20\u90a3\u6642\u5019\u662f\u7d93\u5178\u4e86\uff0c\u904e\u4e86\u5c31\u63b0\u63b0\u4e86\n\u9000\u8a02\u95b1\u56c9\uff0c\u4e0d\u770b\u4e86"
        },
        {
            "reply_id": "UgxJ2Q6WaTiMowrfwTl4AaABAg",
            "reply_content": "\u770b\u5b89\u557e\u7684\u5f71\u7247\u5c31\u5f88\u7642\u7652\u554a\uff5e"
        },
        {
            "reply_id": "Ugy73XGUn4IrjxY78CV4AaABAg",
            "reply_content": "\u7d42\u65bc\u4e0d\u662f\u77e5\u80b2\u83d3\u5b50\u4e86"
        },
        {
            "reply_id": "Ugy7WWyPJRfNo_mpaVV4AaABAg",
            "reply_content": "\u54c7~\u5b89\u557e\u597d\u53b2\u5bb3\u5537!\u770b\u8d77\u4f86\u597d\u597d\u5403"
        },
        {
            "reply_id": "UgyXqrynxiLaQQi9MiV4AaABAg",
            "reply_content": "\u8766\u5b50\u4ee5\u5f8c\u53ef\u4ee5\u62ff\u6d17\u5200\u628a\u88ab\u5256\u958b\u5728\u6311\u51fa\u8178\u6ce5\u5594!"
        },
        {
            "reply_id": "UgwV9CXLBvBOBxxu1oR4AaABAg",
            "reply_content": "\u597d\u53ef\u611b\u7684\u9910\u9ede\u540d\u5b57"
        }
    ]
}