{
    "video_info": {
        "id": "GbvEmRzclbQ",
        "channelTitle": "\u5b89\u557e\u54aa",
        "title": "\u8d85\u53ef\u611b\u638c\u4e2d\u79b0\u8c46\u5b50\u958b\u7bb1\uff01\u628a\u5c0f\u5c0f\u7684\u79b0\u8c46\u5b50\u6367\u5728\u624b\u5fc3\uff01| \u5b89\u557e (\u309d\u2200\uff65) \u2661",
        "description": "\u5168\u96c6\u4e2d\u958b\u7bb1\u4e4b\u547c\u5438\uff01\n- - - - - - - - - - - - - - - - - - - - - -\n\u27ab \u8a02\u95b1\u5b89\u557e\uff1ahttps://goo.gl/KmLFgD\n\u27ab \u5b89\u557eFacebook\uff1ahttps://www.facebook.com/anjoupikachu/\n\ud83d\udc39 \u73a9\u5177\u958b\u7bb1\u5168\u96c6\uff1ahttps://goo.gl/91ulRJ\n- - - - - - - - - - - - - - - - - - - - - -\n\nMegahouse\nG.E.M.\u30b7\u30ea\u30fc\u30ba \u9b3c\u6ec5\u306e\u5203 \u3066\u306e\u3072\u3089\u79b0\u8c46\u5b50\u3061\u3083\u3093\n\n- - - - - - - - - - - - - - - - - - - - - -\n\u27a8\u76f8\u95dc\u5f71\u7247\n\n1/2\u7e2e\u5c0f\u7248\u626d\u86cb\u6a5f \u2606 \u626d\u5230\u4ec0\u9ebc\u5c31\u5403\u4ec0\u9ebc\u7684\u523a\u6fc0\u73a9\u6cd5?!\n\u21e2 https://goo.gl/tSJlNG\n\u6dbc\u9eb5\u6c34\u6a02\u5712 - \u6d41\u6c34\u7d20\u9eb5\u5f9e\u9ad8\u4f4e\u5dee56cm\u7684\u6ed1\u6c34\u9053\u6e9c\u4e0b\u4f86\u4e86\uff01\n\u21e2 https://goo.gl/tgYRy1\n\u3010\u77e5\u80b2\u83d3\u5b50\u3011\u99ac\u6876\u6e05\u6dbc\u98f2\u6599\uff01\u7121\u6cd5\u62db\u67b6\u7684\u5473\u9053\uff01\n\u21e2 https://goo.gl/n0nnyQ\n\u6d77\u5e95\u7e3d\u52d5\u54e12 - Finding Dory \u2606 \u591a\u8389\u5609\u5e74\u83ef\uff01\u9084\u6709\u597d\u591a\u9b5a\u53cb\u5011\uff01\n\u21e2 https://goo.gl/oAn42q\n\u6703\u5b78\u4f60\u8aaa\u8a71\u7684\u840c\u840c\u5c0f\u5009\u9f20 - \u8981\u6210\u70ba\u4e00\u4f4d\u6559\u5b97\u4e0d\u662f\u90a3\u9ebc\u7c21\u55ae\u7684\u4e8b\u60c5!!\n\u21e2 https://goo.gl/8WZaZT\n- - - - - - - - - - - - - - - - - - - - - -\nBGM\u4f86\u6e90\uff1ahttp://dova-s.jp/\n\u97f3\u6548\u4f86\u6e90\uff1ahttp://musicisvfr.com/free/index.html",
        "likeCount": "9337",
        "commentCount": "652",
        "viewCount": "277904"
    },
    "comments": [
        {
            "reply_id": "UgxJG4a4V009r5p-6eN4AaABAg",
            "reply_content": "\u6211\u6700\u559c\u6b61 \u7962\u8c46\u5b50\u4e86 \u56e0\u70ba\u4ed6\u5f88\u53ef\u611b"
        },
        {
            "reply_id": "Ugwc_Gl8ZL71vAg4q1t4AaABAg",
            "reply_content": "\u6211\u60f3\u77e5\u9053\u6709\u6c92\u6709\"\u638c\u4e2d\u9999\u5948\u4e4e\"(\u672c\u4eba\u8d85\u611b\u9999\u5948\u4e4e)"
        },
        {
            "reply_id": "Ugxo_SmSN5agGr2w5KV4AaABAg",
            "reply_content": "\u6211\u6709"
        },
        {
            "reply_id": "UgzLFu0UexIDB5tx68R4AaABAg",
            "reply_content": "\u6709\u770b\u904e\u7121\u9650\u5217\u8eca\u55ce\uff1f"
        },
        {
            "reply_id": "UgxX56dxKq2mGmCpWIJ4AaABAg",
            "reply_content": "\u5b89\u557e\u54aa\u9019\u500b\u5f4c\u8c46\u5b50\u6211\u4e5f\u6709"
        },
        {
            "reply_id": "UgwAjzUKf3KVNrHkQlV4AaABAg",
            "reply_content": "\u5f4c\u8c46\u5b50\u8d85\u53ef\u611b\u7684"
        },
        {
            "reply_id": "UgwD2oJh6_ujFwMy-V54AaABAg",
            "reply_content": "\u9b3c\u6ec5\u4e4b\u5203\u51fa\u7248\u7684\u4e00\u5e74\u4e4b\u5f8c\u6211\u624d\u958b\u59cb\u770b\uff0c\u4e00\u958b\u59cb\u6211\u89ba\u5f97\u4f0a\u4e4b\u52a9\u6709\u9ede\u5947\u602a\u6240\u4ee5\u6c92\u53bb\u770b"
        },
        {
            "reply_id": "Ugygam_r_enfd9IL2UN4AaABAg",
            "reply_content": "\u90a3\u2026\u2026\u5b89\u557e\u4e4b\u5f8c\u6709\u6536\u96c6\u4e00\u6574\u5957\u55ce?"
        },
        {
            "reply_id": "Ugw8GOlFFUWVjEaRUEB4AaABAg",
            "reply_content": "\u79b0\u8c46\u5b50\u662f\u9b3c\u4f60\u5e79\u561b\u8cb7\u9b3c \u4ed6\u5011\u7684 \u6751\u5b50\u7684\u540d\u5b57\u5c31\u662f\u9b3c\u9762\u7e54\u7d1d\u6709\u5f88\u591a\u9b3c\u4ed6\u5f4c\u8c46\u5b50\u7684\u82f1\u6587\u540d\u5b57\u662flet go"
        },
        {
            "reply_id": "UgxChCUnor7TzvbbB7l4AaABAg",
            "reply_content": "\u5b89\u557e\u559c\u6b61\u5f4c\u8c46\u5b50\u55ce"
        },
        {
            "reply_id": "Ugy1fGEM88TdBscGyjR4AaABAg",
            "reply_content": "\u6211\u4e5f\u6709\uff0c\u6211\u66f4\u60f3\u8981\u5bcc\u5ca1\u7fa9\u52c7\u7684"
        },
        {
            "reply_id": "Ugxnf8lHdZfAo_oL-0x4AaABAg",
            "reply_content": "\u6211\u6700\u611b\u6ab7\u8c46\u5b50"
        },
        {
            "reply_id": "UgyaakKWECS0W6h5u0F4AaABAg",
            "reply_content": "\u5e0c\u671b\u6709\u638c\u4e2d\u7fa9\u52c7"
        },
        {
            "reply_id": "UgyszF4Hojljp9A1mct4AaABAg",
            "reply_content": "\u958b\u5834\u5f88\u6709\u8da3"
        },
        {
            "reply_id": "Ugz7uV3yLpt97vW9_Wh4AaABAg",
            "reply_content": "\u55da\u6069\u55da\u6069\u7ffb\u8b6f(\u5927\u5bb6\u597d"
        },
        {
            "reply_id": "Ugw6itZj4utDitEc78Z4AaABAg",
            "reply_content": "\u6211\u8d85\u611b\u5f4c\u8c46\u5b50\u7b49\u89d2\u8272"
        },
        {
            "reply_id": "Ugw3OPJjMTmTgfGPJ654AaABAg",
            "reply_content": "\u4f60\u662f\u4e0d\u662f\u5728\u5acc\u68c4\u5f4c\u8c46\u5b50"
        },
        {
            "reply_id": "UgzYhfSJl6n9lBYC1MR4AaABAg",
            "reply_content": "\u6211\u5bb6\u6709"
        },
        {
            "reply_id": "UgzzA-X4mL05Scd8wIZ4AaABAg",
            "reply_content": "\u5f4c\u8c46\u5b50\u597d\u53ef\u611b"
        },
        {
            "reply_id": "Ugz16E8auqLHyxHtTYV4AaABAg",
            "reply_content": "\u6211\u8981"
        }
    ]
}