{
    "video_info": {
        "id": "GZNj_okxBtA",
        "channelTitle": "\u5b89\u557e\u54aa",
        "title": "\u9b54\u6cd5\u73a9\u5177\u4e8c\u4ee3\ud83d\udd2e\u795e\u79d8\u9b54\u6cd5\u6c34\u6676\u7403\uff01\u6700\u5931\u63a7\u7684\u73a9\u5177\u958b\u7bb1\ud83e\udd23 feat.@What-AllBlow-Mean | \u5b89\u557e (\u309d\u2200\uff65) \u2661",
        "description": "\u8b1d\u8b1d\u5927\u8b19&\u5f65\u5112 a.k.a \u4ec0\u9ebc\u610f\u601d\n\u548c\u5b89\u8001\u5e2b\u4e00\u8d77\u4f86\u4e0a\u9b54\u5492\u8ab2\n\n\u5927\u5bb6\u4e5f\u4e0d\u80fd\u932f\u904e\u4ec0\u9ebc\u610f\u601d\u7684\u983b\u9053 \u770b\u6211\u5011\u66f4\u591a\u53ef\u611b\u73a9\u5177\u958b\u7bb1\uff01\uff01\u21e9\u21e9\nhttps://youtu.be/RwETN--06us\n\n\u27ab \u8a02\u95b1\u5b89\u557e\uff1ahttps://goo.gl/KmLFgD\n\u27ab \u5b89\u557eIG\uff1ahttps://www.instagram.com/anjouclever/\n\u27ab \u5b89\u557eFB\uff1ahttps://www.facebook.com/anjoupikachu/\n\ud83d\udc39 \u73a9\u5177\u958b\u7bb1\u5168\u96c6\uff1ahttps://goo.gl/91ulRJ",
        "likeCount": "6290",
        "commentCount": "147",
        "viewCount": "142798"
    },
    "comments": [
        {
            "reply_id": "UgzqN0uZYz9zkuEV1Rt4AaABAg",
            "reply_content": "\u5f69\u8679\u56ca\u888b\u504f\u66b4\u529b"
        },
        {
            "reply_id": "Ugw28XndQZXH5RfwfyN4AaABAg",
            "reply_content": "\u6700\u5f8c\u662f\u5728\u62dc\u6597\u55ce\ud83d\ude02"
        },
        {
            "reply_id": "UgyE3sGctSl8-eLCQm54AaABAg",
            "reply_content": "\u5b89\u557e\u597d\u53ef\u611b"
        },
        {
            "reply_id": "UgxHeIhDvHLkIPDfk3R4AaABAg",
            "reply_content": "\u6211\u5feb\u7b11\u6b7b \u6551\u547d"
        },
        {
            "reply_id": "Ugwm5Pg5FCluC_GklRd4AaABAg",
            "reply_content": "\u4f60\u53ef\u4ee5\u5e36\u56de\u53bb\u5438\u8d85\u597d\u7b11 \ud83e\udd23"
        },
        {
            "reply_id": "UgxRLrgIwXxASsXPnY14AaABAg",
            "reply_content": "\u9019\u7d44\u5408\u5fc5\u9808\u6210\u70ba\u4e00\u500b\u7cfb\u5217"
        },
        {
            "reply_id": "Ugwe7F90PwVyY5aZVK54AaABAg",
            "reply_content": "\u5b89\u557e\u7684\u88d9\u5b50\u597d\u53ef\u611b\uff01"
        },
        {
            "reply_id": "UgwwPjGRN5ZRB1WNFxB4AaABAg",
            "reply_content": "\u8d85\u7d1a\u597d\u7b11"
        },
        {
            "reply_id": "Ugw32ZfwZj4pBC6IUdJ4AaABAg",
            "reply_content": "\u597d\u5922\u5e7b\u7684\u7d44\u5408 \u5e0c\u671b\u4e00\u76f4\u5408\u9ad4 \u611f\u89ba\u5b89\u557e\u88ab\u641e\u58de"
        },
        {
            "reply_id": "UgwAxJfSapw6UjTezm94AaABAg",
            "reply_content": "\u8aaa\u5230\u9b54\u6cd5\uff0c\u9ec3\u5927\u8b19\u8ddf\u5f65\u5112\u624d\u662f\u9b54\u6cd5\u5148\u9a45\u5427\uff08\u56de\u60f3\u9b54\u85e5\u5b78"
        },
        {
            "reply_id": "Ugwb6BeT8tsNANcVz6p4AaABAg",
            "reply_content": "\u96c5\u7dba\u59b3\u600e\u9ebc\u51fa\u73fe\u5728\u9019\u88e1\uff1f\u4ec0\u9ebc\u610f\u601d\ud83d\ude02"
        },
        {
            "reply_id": "UgwdRsdh7w9WcS9XOCh4AaABAg",
            "reply_content": "\u5979\u81c9\u600e\u9ebc\u8b8a\u757a\u786c\u4e86\ud83d\ude2e"
        },
        {
            "reply_id": "Ugz0aDvJJtpb5m91jDd4AaABAg",
            "reply_content": "\u7b11\u5230\u5feb\u760b\u6389\ud83d\ude02\u5348\u4f11\u770b\u597d\u8f9b\u82e6"
        },
        {
            "reply_id": "UgwRUoCAraZqi2hCM7R4AaABAg",
            "reply_content": "\u597d\u96aa\u4ed6\u5011\u6c92\u6709\u8981\u52a0\u5165\u7d05\u77f3\u53e3\u888b\uff0c\u597d\u5931\u63a7\uff01"
        },
        {
            "reply_id": "Ugw8GCbupnpjiiZPxOV4AaABAg",
            "reply_content": "\u5b8c\u5b8c\u5168\u5168\u53ef\u4ee5\u770b\u51fa\u5b89\u557e\u88ab\u5169\u500b\u5927\u7537\u4eba\u6b3a\u8ca0\u7684\u611f\u89ba\ud83d\ude02"
        },
        {
            "reply_id": "UgwftcJOgE_VqymbG9R4AaABAg",
            "reply_content": "\u9019\u96c6\u597d\u6709\u8da3\u54c8\u54c8"
        },
        {
            "reply_id": "UgzsnkjB3z7_maBA46x4AaABAg",
            "reply_content": "\u9019\u96c6\u8d85\u597d\u7b11 \u5e0c\u671b\u4e4b\u5f8c\u9084\u6709\u66f4\u591a\u5408\u4f5c\ud83d\ude02"
        },
        {
            "reply_id": "UgxeDIAtBfF48glUbRN4AaABAg",
            "reply_content": "\u5f9e\u982d\u7b11\u5230\u5c3e\u6b38\u600e\u9ebc\u56de\u4e8b"
        },
        {
            "reply_id": "UgxQ6jA0gqcVCuOCOlN4AaABAg",
            "reply_content": "\u597d\u611b\u9019\u500b\u7d44\u5408\u7b11\u5230\u4e0d\u884c\ud83d\ude0d\ud83d\ude0d"
        },
        {
            "reply_id": "UgzWOXlwmrzlqYrWicd4AaABAg",
            "reply_content": "\u8acb\u4ed6\u5011\u4f86\u771f\u7684\u5f88\u6b61\u6a02~"
        }
    ]
}