{
    "video_info": {
        "id": "H_Y__1Vb_AI",
        "channelTitle": "\u5b89\u557e\u54aa",
        "title": "\u53f0\u7063\u591c\u5e02\u5c0f\u5403\u88fd\u4f5c\u5668\uff01\u9023\u9019\u4e9b\u90fd\u80fd\u7528\u73a9\u5177\u505a\u5f97\u51fa\u4f86\uff1f| \u5b89\u557e (\u309d\u2200\uff65) \u2661",
        "description": "\u4e0b\u6b21\u53bb\u8cb7\u4eba\u751f\u7b2c\u4e00\u652f\u70ab\u98a8\u85af\u5854\n\n\u27ab \u8a02\u95b1\u5b89\u557e\uff1ahttps://goo.gl/KmLFgD\n\u27ab \u5b89\u557eIG\uff1ahttps://www.instagram.com/anjouclever/\n\u27ab \u5b89\u557eFB\uff1ahttps://www.facebook.com/anjoupikachu/\n\ud83d\udc39 \u73a9\u5177\u958b\u7bb1\u5168\u96c6\uff1ahttps://goo.gl/91ulRJ",
        "likeCount": "10522",
        "commentCount": "386",
        "viewCount": "340095"
    },
    "comments": [
        {
            "reply_id": "UgyRYboWklGmaA8uNZd4AaABAg",
            "reply_content": "\u5b89\u557e\u7d42\u65bc\u60f3\u8d77\u983b\u9053\u7684\u5bc6\u78bc\u4e86"
        },
        {
            "reply_id": "UgxOVIO2mcIezHdrSDN4AaABAg",
            "reply_content": "\u6211\u8a18\u5f97\u4ee5\u524d\u96d5\u523b\u6642\uff0c\u6ce1\u9e7d\u6c34\u90fd\u6703\u8edf\u3001\u7b2c\u4e00\u500b\u9053\u5177\u3001\u99ac\u9234\u85af\u8a66\u8a66\u770b\u6ce1\u9e7d\u6c34\ud83d\ude02\u4e4b\u5f8c\u8f49\u51fa\u4f86\u62ff\u53bb\u70b8\uff0c\u61c9\u8a72\u4e0d\u6703\u9e79\u5427\uff08\uff1f\uff1f\uff1f"
        },
        {
            "reply_id": "Ugw7TRBsmFT-j5vJ5VR4AaABAg",
            "reply_content": "\u7b28\u5230\u4e00\u500b\u9ede\u2026\n\u771f\u5fc3\u597d\u597d\u770b\n\u4e5f\u592a\u7b28"
        },
        {
            "reply_id": "UgwEGO8WsY3vH8GMKAl4AaABAg",
            "reply_content": "\u597d\u770b"
        },
        {
            "reply_id": "Ugy6eBqR60D6wGEYZbh4AaABAg",
            "reply_content": "\u5b89\u63ea\uff0c\u5c0d\u4e0d\u8d77\uff0c\u9019\u5169\u5e74\u770b\u4e86\u6296\u97f3\uff0c\u5fd8\u8a18\u4f60\u4e86\uff0c\u73fe\u5728\u767c\u73fe\u539f\u4f86\u4f60\u7684\u5f71\u7247\u5167\u5bb9\u771f\u7684\u7528\u5fc3\u591a\u4e86\uff0c\u4e5f\u8b93\u6211\u56de\u5230\u7576\u521d\u7684\u611f\u52d5\uff0c\u4ee5\u524d\u770b\u4f60\u7684\u5f71\u7247\uff0c\u8ddf\u8457\u73a9\u98df\u73a9\uff0c\u90a3\u771f\u662f\u500b\u5f88\u55ae\u7d14\u7f8e\u597d\u7684\u56de\u61b6\uff0c\u6211\u652f\u6301\u50cf\u4f60\u9019\u6a23\u7528\u5fc3\u7684\u5275\u4f5c\u8005\uff0c\u4ee5\u5f8c\u6e1b\u5c11\u770b\u6296\u97f3\u4e86"
        },
        {
            "reply_id": "Ugwl0-9C4voMrW6S8TR4AaABAg",
            "reply_content": "\u7b2c\u4e09\u4e2a\u597d\u50cf\u6d17\u8138\u7684\u6253\u6ce1\u5668"
        },
        {
            "reply_id": "Ugw4DkIuhWUuPBRCf-V4AaABAg",
            "reply_content": "\u611f\u89ba\u5f88\u597d\u5403\ud83d\ude15"
        },
        {
            "reply_id": "UgyCKdP8QriJGWmI8_x4AaABAg",
            "reply_content": "\u592a\u597d\u7b11\u4e86\u5566\uff01"
        },
        {
            "reply_id": "Ugzfu2YQ3IDLyqkUO1h4AaABAg",
            "reply_content": "\u6700\u559c\u6b61\u5b89\u63ea\u5d29\u6f70\u4e86\uff0c\u8036\u6bd4"
        },
        {
            "reply_id": "UgyWun6Acp9SIzsGXZN4AaABAg",
            "reply_content": "\u5b89\u557e\u9019\u96c6\u7684\u6307\u7532\u5149\u6fa4\u8d85\u7d1a\u7f8e~~"
        },
        {
            "reply_id": "UgxWdT0aUsc8mABYGnR4AaABAg",
            "reply_content": "\u9019\u96c6\u592a\u641e\u7b11\u4e86"
        },
        {
            "reply_id": "UgyqvIh7yJpZIANP68F4AaABAg",
            "reply_content": "\u591c\u5e02\u7684\u85af\u5854\u597d\u50cf\u662f\u7528\u70b8\u7684\ud83e\udd14"
        },
        {
            "reply_id": "UgyeV-RDtPFz2KXdw4x4AaABAg",
            "reply_content": "\u8d85\u8b9a\u7684\u7f8e\u98df\u5c0f\u5403"
        },
        {
            "reply_id": "UgztrBZMSteKXw-7qYh4AaABAg",
            "reply_content": "\u597d\u7fa8\u6155\u5594"
        },
        {
            "reply_id": "Ugy9ez0JTfG0BYGd2a54AaABAg",
            "reply_content": "\u5e0c\u671b\u59b3\u9084\u662f\u81ea\u7136\u5feb\u6a02\u7684\u59b3\uff5e\u4e0d\u8981\u5728\u610f\u90a3\u4e9b\u672c\u4f86\u5c31\u4e0d\u662f\u59b3\u7684\u4e8b\uff0c\u52a0\u6cb9\u3002"
        },
        {
            "reply_id": "Ugw9EthYdV-xzDB0Hqx4AaABAg",
            "reply_content": "\u5176\u5be6\u662f\u8981\u65cb\u8f49\u9032\u53bb\ud83e\udd23\ud83e\udd23"
        },
        {
            "reply_id": "UgxJyhgIBTEJw7baNRN4AaABAg",
            "reply_content": "\u505a\u8d77\u53f8\u71b1\u72d7\u7684\u5de5\u5177\u7684\u5b58\u5728\u610f\u7fa9\u662f\uff1f\uff1f\u5176\u5be6\u4e0d\u7528\u90a3\u500b\u5de5\u5177\u4e5f\u53ef\u5b8c\u6210\u4e2b\ud83d\ude05"
        },
        {
            "reply_id": "UgyDAd7MwWVvZur3dDB4AaABAg",
            "reply_content": "\u6211\u89ba\u5f97\u85af\u7247\u7684\u56e0\u8a72\u662f\u8981\u5148\u84b8\u719f\u5427!"
        },
        {
            "reply_id": "UgyhuIlxXQDji1xTxRd4AaABAg",
            "reply_content": "\u5b89\u557e \u59b3\u672c\u4f86\u5c31\u5f88\u6f02\u4eae\u53c8\u53ef\u611b \u5e0c\u671b\u4e0d\u8981\u91ab\u7f8e\u592a\u591a\u5594...\u7f8e\u7532\u5f88\u6f02\u4eae\u8036!"
        },
        {
            "reply_id": "UgyV_zvdRTqf6hiGZkx4AaABAg",
            "reply_content": "\u96d9\u773c\u76ae\u8b8a\u660e\u986f\u4e86"
        }
    ]
}