{
    "video_info": {
        "id": "hEIVOwTxecM",
        "channelTitle": "\u5b89\u557e\u54aa",
        "title": "\u4e94\u661f\u7d1a\u8c6a\u83ef\u9732\u71df\u8eca\uff01\u5728\u661f\u7a7a\u4e0b\u6d6a\u6f2b\u70e4\u68c9\u82b1\u7cd6\uff01ft. Samsung Galaxy Z Flip3 5G | \u5b89\u557e (\u309d\u2200\uff65) \u2661",
        "description": "\u590f\u5929\u9084\u6c92\u7d50\u675f\u5462\uff01\n\n\uff0a\u62cd\u651d\u5168\u7a0b\u7686\u6709\u9075\u5b88\u653f\u5e9c\u9632\u75ab\u898f\u5b9a\uff0c\u5de5\u4f5c\u4eba\u54e1\u4e8b\u524d\u7686\u7d93\u904e\u5feb\u7be9\uff0c\n\u9632\u75ab\u671f\u9593\u5927\u5bb6\u9084\u662f\u8981\u8a18\u5f97\u52e4\u6d17\u624b\u3001\u6234\u53e3\u7f69\u3001\u4fdd\u6301\u793e\u4ea4\u5b89\u5168\u8ddd\u96e2\u55b2\n\n\u27ab \u8a02\u95b1\u5b89\u557e\uff1ahttps://goo.gl/KmLFgD\n\u27ab \u5b89\u557eIG\uff1ahttps://www.instagram.com/anjouclever/\n\u27ab \u5b89\u557eFB\uff1ahttps://www.facebook.com/anjoupikachu/\n\ud83d\udc39 \u73a9\u5177\u958b\u7bb1\u5168\u96c6\uff1ahttps://goo.gl/91ulRJ\n\nBGM\u4f86\u6e90\uff1ahttp://dova-s.jp/\n\u97f3\u6548\u4f86\u6e90\uff1ahttp://musicisvfr.com/free/index.html",
        "likeCount": "5474",
        "commentCount": "280",
        "viewCount": "156409"
    },
    "comments": [
        {
            "reply_id": "UgyiccizBiTc1un0te94AaABAg",
            "reply_content": "8:36\u5b89\u557e\u9019\u6a23\u5012\u6c34\u7684\u8a71 \u6211\u7684\u624b\u6a5f\u4e5f\u53ef\u4ee5\u554a \u5979\u61c9\u8a72\u8981\u5012\u6709\u6d1e\u7684\u5730\u65b9\u554a"
        },
        {
            "reply_id": "UgweRCThaMfNleibTSZ4AaABAg",
            "reply_content": "\u5e0c\u671b\u5b89\u557e\u53ef\u4ee5\u591a\u7ec6\u81f4\u7684\u4ecb\u7ecd\u4e00\u4e0b\u5404\u79cd\u6d3b\u52a8\uff0c\u89c6\u9891\u770b\u8d77\u6765\u4f1a\u6709\u79cd\u8ddf\u670b\u53cb\u65c5\u6e38\u7684\u611f\u89c9\uff0c\u563b\u563b"
        },
        {
            "reply_id": "UgznQIgoso3hejcPy1d4AaABAg",
            "reply_content": "\u597d\u60f3\u4f4f\u5594\uff01\u4f46\u5148\u8981\u6709\u524d\ud83e\udd23"
        },
        {
            "reply_id": "UgyUBt4okcWcevKKMtB4AaABAg",
            "reply_content": "\u5c01\u9762\u87a2\u5e55\u662f\u67fe\u570b\u4e5f\uff01"
        },
        {
            "reply_id": "UgxyfY6DN_PoJHU5ZqR4AaABAg",
            "reply_content": "\u5b89\u557e\u7684\u624b\u6a5f\u684c\u5e03\u548c\u6211\u4e00\u6a23\u5594\uff01\ud83d\ude0a"
        },
        {
            "reply_id": "UgwNF_Hjn_0H_zFTadh4AaABAg",
            "reply_content": "\u662f\u5728\u5b9c\u862d\u7684\u90a3\u88e1\u5462\uff1f"
        },
        {
            "reply_id": "Ugx58JXtCahyd2Ux6B54AaABAg",
            "reply_content": "\u4e5f\u60f3\u53bb\u9732\u71df\u4e86!"
        },
        {
            "reply_id": "UgyUSgPagO5UqJP1WGZ4AaABAg",
            "reply_content": "\u597d\u4e45\u4e0d\u898b\u4eba"
        },
        {
            "reply_id": "UgxOPTkY0TAYQstgEPx4AaABAg",
            "reply_content": "\u597d\u68d2\u5594"
        },
        {
            "reply_id": "UgzFML7U1BTZF1NCJkF4AaABAg",
            "reply_content": "\u8acb\u554f\u9019\u662f\u54ea\u500b\u98ef\u5e97\u7684\u9732\u71df\u8eca\uff1f"
        },
        {
            "reply_id": "UgwpZxeWYmGVBOg2J6F4AaABAg",
            "reply_content": "\u5167\u5efa\u9732\u71df\u8eca\u5c0f\u7cbe\u9748\u592a\u53ef\u611b\u4e86\ud83d\ude03"
        },
        {
            "reply_id": "UgxiSg7aEnLqv9ViST54AaABAg",
            "reply_content": "\u5c0f\u5c0f\u557e\u4e5f\u597d\u53ef\u611b"
        },
        {
            "reply_id": "Ugz9WzQZESE3izCPJiV4AaABAg",
            "reply_content": "\u9732\u71df\u5730\u5728\u54ea\u88e1\u5462\uff1f"
        },
        {
            "reply_id": "UgzRNnOjuQcfWwA7qtJ4AaABAg",
            "reply_content": "\u4f60\u5011\u5e7e\u500b\u4eba\u53bb\u554a3\u500b\uff1f"
        },
        {
            "reply_id": "UgxL3XKBOfNahEHOHo94AaABAg",
            "reply_content": "\u624b\u6a5f\u771f\u7684\u597d\u53ef\u611b\u554a"
        },
        {
            "reply_id": "UgwEz5gIglSmCcEj6fp4AaABAg",
            "reply_content": "\u9019\u652f\u96fb\u8a71\u7684\u78ba\u5f88\u68d2 \u4f46\u662f\u8017\u96fb\u592a\u5f37\u800c\u5df2\u6563\u71b1\u6709\u554f\u984c \u70ba\u4ec0\u9ebc\u6211\u6703\u77e5\u9053 \u56e0\u70ba\u6211\u8cb7\u4e86=="
        },
        {
            "reply_id": "UgwKzwIi-DgSz7T85iN4AaABAg",
            "reply_content": "\u5b89\u6978\u53ef\u4ee5\u62cd\uff08\u4e16\u754c\u8a08\u756b\uff09\u55ce\uff1f\uff08\u4e16\u754c\u8a08\u756b\uff09\u662f\u4e00\u500b\u904a\u6232\u6211\u89ba\u5f97\u9084\u4e0d\u932f"
        },
        {
            "reply_id": "UgwT3v33o4mFW2okk2V4AaABAg",
            "reply_content": "\u597d\u6d6a\u6f2b\ud83d\ude0d\u4e00\u5b9a\u8981\u8ddf\u95a8\u871c\u4f86\u4e00\u6b21"
        },
        {
            "reply_id": "Ugxqil0m2sS8EGOU5n94AaABAg",
            "reply_content": "\u611f\u89ba\u8d85\u68d2\u7684\u9912~"
        },
        {
            "reply_id": "UgzUdqPQnj_lulYfypl4AaABAg",
            "reply_content": "\u958b\u982d\u5c31\u696d\u914d...\u9084\u4ee5\u70ba\u85cd\u4ea6\u660e\u6703\u5f9e\u90a3\u908a\u8dd1\u51fa\u4f86"
        }
    ]
}