{
    "video_info": {
        "id": "hyryafpmgCg",
        "channelTitle": "\u5b89\u557e\u54aa",
        "title": "\u97d3\u570b\u6700\u9ad8\u7a7a\u516d\u661f\u7d1a\u98ef\u5e97\ud83c\udf1f \u4eca\u665a\u4f4f\u572889\u6a13\uff01\u5f77\u5f7f\u4f4f\u5728\u96f2\u7aef\u2601 | \u5b89\u557e (\u309d\u2200\uff65) \u2661",
        "description": "\u4e00\u665a\u65a5\u8cc73\u842c\u7684\u5357\u97d3\u7b2c\u4e00\u9ad8\u7a7a\u98ef\u5e97\uff01\n\u865f\u7a31\u516d\u661f\u7d1a\uff01\u5230\u5e95\u4f4f\u8d77\u4f86\u662f\u4ec0\u9ebc\u611f\u89ba\u5462\n\n\u27ab \u8a02\u95b1\u5b89\u557e\uff1ahttps://goo.gl/KmLFgD\n\u27ab \u5b89\u557eIG\uff1ahttps://www.instagram.com/anjouclever/\n\u27ab \u5b89\u557eFB\uff1ahttps://www.facebook.com/anjoupikachu/\n\ud83d\udc39 \u73a9\u5177\u958b\u7bb1\u5168\u96c6\uff1ahttps://goo.gl/91ulRJ",
        "likeCount": "3210",
        "commentCount": "113",
        "viewCount": "94921"
    },
    "comments": [
        {
            "reply_id": "UgyR-Pn7YMD8qXCorYB4AaABAg",
            "reply_content": "\u6211\u770b\u4f60"
        },
        {
            "reply_id": "UgzUWsoDQtSUpfJYPAJ4AaABAg",
            "reply_content": "\u8fd9\u79cd\u54c1\u8d28\u80fd\u76d6\u523089\u697c\u7684\u786e\u5f88\u4e0d\u9519\uff0c\u4f46\u623f\u95f4\u7684\u8d28\u611f\u771f\u7684\u53ea\u6709\u56db\u661f\u6216\u51c6\u4e94\u661f\u800c\u5df2\uff0c\u516d\u661f\u771f\u7684\u592a\u5938\u5f20\u4e86\u3002"
        },
        {
            "reply_id": "Ugx886fKuA8UuvNMt3h4AaABAg",
            "reply_content": "\u7926\u6cc9\u6c34\u901a\u5e382\u74f6\uff0c\u8981\u96fb\u8a71\u5916\u9001\u5165\u623f"
        },
        {
            "reply_id": "Ugw0J_Am04mZlrswhkx4AaABAg",
            "reply_content": "\u5b89\u79cb\uff0c\u4e09\u56db\u5e74\u4f60\u8fd8\u50cf\u5c0f\u5973\u5b69\u4e00\u6837\uff0c\u53ef\u60dc\u6211\u5df2\u7ecf\u8001\u4e86\u3002"
        },
        {
            "reply_id": "UgwmTwZpthDrTIfJhpx4AaABAg",
            "reply_content": "\u5b89\u557e\u53ef\u4ee5\u518d\u62cd\u73a9\u52d5\u7269\u68ee\u53cb\u6703\u7684\u5f71\u7247\u55ce\uff1f\u62dc\u8a17\ud83d\ude4f\uff0c\u597d\u60f3\u770b"
        },
        {
            "reply_id": "Ugx0CEpYrW3xTGvYx8B4AaABAg",
            "reply_content": "\u557e\u5abd\u592a\u53ef\u611b\u54c8\u54c8\ud83d\ude06"
        },
        {
            "reply_id": "UgzgBCQM19XrvOACP2Z4AaABAg",
            "reply_content": "\u597d\u68d2\u7684\u98ef\u5e97"
        },
        {
            "reply_id": "UgwdQEaxbTyQNpl9K4d4AaABAg",
            "reply_content": "\u5b89\u557e\u6f02\u4eae\uff0c\u5abd\u5abd\u4e5f\u8d85\u6709\u6c23\u8cea"
        },
        {
            "reply_id": "UgyR_oq-HgNXy5xVyv14AaABAg",
            "reply_content": "\u5357\u97d3\u9019\u5bb6\u9152\u5e97\u597d\u4e0d\u932f\u5594\uff5e\u5ba4\u5167\u88dd\u6f62\u5f88\u559c\u6b61\uff0c\u665a\u4e0a\u770b\u51fa\u7684\u591c\u666f\u597d\u7f8e\u3002"
        },
        {
            "reply_id": "UgxUViaObYb6cjxjisZ4AaABAg",
            "reply_content": "\u6211\u89ba\u5f97\u5b89\u557e\u6709\u5f9e\u65e5\u672c\u6afb\u82b1\u59b9\u8b8a\u6210\u6b50\u81a9\u7684\u611f\u89ba,\u53ef\u80fd\u662f\u63a5\u4e86\u982d\u9aee\u95dc\u4fc2\uff5e"
        },
        {
            "reply_id": "Ugxe-0ZT1X4dSQ0eTUp4AaABAg",
            "reply_content": "\u96e2\u958b\u7684\u6642\u5019 \u9084\u662f\u5728\u8b1b\u65e5\u6587\u54c8\u54c8\u54c8\u54c8\u54c8"
        },
        {
            "reply_id": "Ugxg_Gc-nBWiLE3fU-J4AaABAg",
            "reply_content": "\u5b89\u63ea\u5abd\u7684\u6a23\u5b50\u5c31\u662f\u65e5\u672c\u8cb4\u5a66\u5416\ud83d\ude05"
        },
        {
            "reply_id": "UgzTMpcMvAdC_jwygKx4AaABAg",
            "reply_content": "\u592a\u7f8e\u4e86\u9019\u9593\u98ef\u5e97~~\n\u9019\u9ebc\u597d\u770b\u7684\u5f71\u7247\u5c45\u7136\u53ea\u6709\u4e94\u842c\u89c0\u770bqq"
        },
        {
            "reply_id": "UgwHTUJIw6DAmjbXp2J4AaABAg",
            "reply_content": "\u5de5\u4f5c\u4eba\u54e1\u984f\u503c\u592a\u9ad8\u4e86\u5427\n\u5c24\u5176\u53c8\u7a7f\u8457\u5236\u670d"
        },
        {
            "reply_id": "UgyibpJa-FPCMIcAdFp4AaABAg",
            "reply_content": "\u97d3\u570b\u793e\u6703\u4f4f\u5b85\u592a\u591a\u4e86\uff0c\u6240\u4ee5\u90fd\u9577\u5f97\u4e00\u6a23\ud83d\ude02"
        },
        {
            "reply_id": "Ugzh5xnR_4g8Mnnd5dh4AaABAg",
            "reply_content": "\u96e3\u5f97\u770b\u5230\u4f4f\u8c6a\u83ef\u98ef\u5e97\u6c92\u6709\u7f6e\u5165\u6027\u884c\u92b7\u7684\uff0c\u597d\u5b5d\u9806\u7684\u5b89\u557e\u2764\ufe0f"
        },
        {
            "reply_id": "Ugy5ExTL59QUXKLrOgd4AaABAg",
            "reply_content": "\u4ee5\u5f8c\u6703\u60f3\u53bb\u8036\uff01\u611f\u89ba\u633a\u8b9a\u7684\u2764"
        },
        {
            "reply_id": "UgxIW913_K_rBmu0tb14AaABAg",
            "reply_content": "\u5b89\u557e \u557e\u5abd \u5927\u5c0f\u7f8e\u5973"
        },
        {
            "reply_id": "Ugwp5sjO020zb0gdRdR4AaABAg",
            "reply_content": "\u592a\u8b9a\u4e86\u5427"
        },
        {
            "reply_id": "UgzgjYz41xOtjdd6v9F4AaABAg",
            "reply_content": "\u4e5f\u592a\u591a\u5e25\u54e5\u6b50\u7238\u4e86\u5427\uff08\u53e3\u6c34"
        }
    ]
}