{
    "video_info": {
        "id": "IGt_pS04D64",
        "channelTitle": "\u5b89\u557e\u54aa",
        "title": "\u6311\u6230100\u9846\u624b\u4f5c\u5009\u9f20\u9020\u578b\u99ac\u5361\u9f8d\uff01\u4e00\u65e5\u9650\u5b9a\u8ca9\u552e\u92b7\u91cf\u5982\u4f55\uff1f\uff01\u300a\u5009\u9f20\u516d\u9031\u5e74\u300b| \u5b89\u557e (\u309d\u2200\uff65) \u2661",
        "description": "\u771f\u7684\u5f88\u611f\u8b1d\u6240\u6709\u524d\u4f86\u7684\u89c0\u773e\u548c\u8f9b\u82e6\u7684\u5de5\u4f5c\u4eba\u54e1\n\u5e0c\u671b\u5c0f\u5009\u9f20\u5011\u8207\u6211\u80fd\u5e74\u5fa9\u4e00\u5e74\u4e00\u76f4\u5e36\u7d66\u5927\u5bb6\u597d\u591a\u5feb\u6a02\uff5e\n\nLinda\u8001\u5e2bFB\uff1ahttps://www.facebook.com/linda771015\n\u99ac\u5361\u9f8d\u98a8\u5473\u7814\u7a76\u5ba4\uff1ahttps://reurl.cc/vWzEaa\n\n\u27ab \u8a02\u95b1\u5b89\u557e\uff1ahttps://goo.gl/KmLFgD\n\u27ab \u5b89\u557eIG\uff1ahttps://www.instagram.com/anjouclever/\n\u27ab \u5b89\u557eFB\uff1ahttps://www.facebook.com/anjoupikachu/\n\ud83d\udc39 \u73a9\u5177\u958b\u7bb1\u5168\u96c6\uff1ahttps://goo.gl/91ulRJ",
        "likeCount": "5101",
        "commentCount": "184",
        "viewCount": "112386"
    },
    "comments": [
        {
            "reply_id": "Ugw9NkZ01zRSq2bCvRR4AaABAg",
            "reply_content": "\u770b\u5230 \u5b89\u557e\u54aa \u604b\u7231\u4e86"
        },
        {
            "reply_id": "UgzGIDbCZ5mNuzZNSAl4AaABAg",
            "reply_content": "\u8b1d\u8b1d\u5b89\u557e\uff0c\u6bcf\u4e00\u6b21\u90fd\u597d\u7528\u5fc3\uff0c\u5009\u9f20\u8d85\u53ef\u611b\uff01"
        },
        {
            "reply_id": "Ugyz0zAl7DXwDtuApft4AaABAg",
            "reply_content": "\u597d\u53ef\u611b"
        },
        {
            "reply_id": "Ugym3LrisTbPhLZ52ct4AaABAg",
            "reply_content": "\u4eba\u7f8e\u5fc3\u4e5f\u7f8e\u7684\u5b89\u557e\uff01\u2764"
        },
        {
            "reply_id": "Ugx9wvEhK2AjGi_xgAx4AaABAg",
            "reply_content": "\u5929\u5450\uff0c\u6642\u9593\u904e\u5f97\u4e5f\u592a\u5feb\uff0c\u5f9e\u4ee5\u524d\u6bcf\u9694\u5e7e\u5929\u5c31\u7559\u610f\u8457\u5b89\u557e\u6709\u6c92\u6709\u65b0\u5f71\u7247\uff0c\u5230\u73fe\u5728\u300c\u6709\u65b0\u7247\u5c31\u770b\u300d\u7684\u72c0\u614b\uff0c\u770b\u5230\u5009\u9f20\u516d\u9031\u5e74\u7684\u6a19\u984c\uff0c\u624d\u767c\u73fe\u539f\u4f86\u5b89\u557e\u5df2\u7d93\u966a\u4f34\u6211\u516d\u5e74\u4e86\u3002\n\u9084\u8a18\u5f97\u7576\u521d\u5b89\u557e\u8cb7\u4e86\u4e00\u5927\u5806\u5009\u9f20\uff0c\u6559\u4ed6\u5011\u548c\u53e3\u865f\u7684\u5834\u9762\uff0c\u5c0d\u5927\u5bb6\u8aaa\u8981\u8a02\u7acb\u300c\u5009\u9f20\u7d00\u5ff5\u65e5\u300d\u6642\uff0c\u6211\u9084\u4ee5\u70ba\u53ea\u662f\u96a8\u53e3\u4e00\u8aaa\uff0c\u6c92\u60f3\u5230\u662f\u771f\u7684\uff0c\u8b1d\u8b1d\u5b89\u557e\u4e00\u76f4\u4ee5\u4f86\u7684\u966a\u4f34\uff01"
        },
        {
            "reply_id": "UgzzheQ3n9PTg_z6zB14AaABAg",
            "reply_content": "\u6700\u611b\u5b89\u63ea"
        },
        {
            "reply_id": "UgzJnMY_70xiVxuHOsB4AaABAg",
            "reply_content": "\u6211\u90fd\u8a8d\u4e0d\u51fa\u5b89\u557e"
        },
        {
            "reply_id": "Ugwwr_HHiMrdMYeuyud4AaABAg",
            "reply_content": "\u9084\u8a18\u5f97\u6211\u90a3\u6642\u56e0\u70ba\u88ab\u5206\u624b\u5fc3\u60c5\u6291\u9b31\n\u90fd\u5df2\u7d93\u5fd8\u4e86\u600e\u9ebc\u7b11\u4e86\n\u6c92\u60f3\u5230\u56de\u8072\u5009\u9f20\u8b93\u6211\u7b11\u5230\u505c\u4e0d\u4e0b\u4f86\n\u8b1d\u8b1d\u5b89\u557e\u8207\u5009\u9f20"
        },
        {
            "reply_id": "UgwuA-IuO16KiZaJRXV4AaABAg",
            "reply_content": "\u5b89\u557e\u7684\u96d9\u773c\u76ae\u662f\u4e0d\u4e8b\u8b8a\u5927\u4e86"
        },
        {
            "reply_id": "Ugw0RACUwYZ9yIzrL594AaABAg",
            "reply_content": "\u88ab\u7b2c\u4e00\u7d44\u5ba2\u4eba\u53ef\u611b\u5230\u6b7b\u6389\ud83d\ude02\n\u5b89\u557e\u771f\u7684\u8d85\u6709\u6c23\u8cea \u597d\u6f02\u4eae\u2764"
        },
        {
            "reply_id": "Ugz0MHoIe0VOC-gLGqd4AaABAg",
            "reply_content": "\u4f60\u4e5f\u8f9b\u82e6\u4e86\uff01"
        },
        {
            "reply_id": "UgyEDp95kfFPXw-Bb-l4AaABAg",
            "reply_content": "\u5b89\u557e\u771f\u7684\u8d8a\u4f86\u8d8a\u53ef\u611b \u8d8a\u4f86\u8d8a\u6f02\u4eae\u4e86!"
        },
        {
            "reply_id": "Ugxi4EQIiZMPXiLrwQ14AaABAg",
            "reply_content": "\u5f9e\u4e00\u9031\u5e74\u958b\u59cb\u770b\u8457\u770b\u8457\u5c31\u516d\u9031\u5e74\u4e86\u5462\ud83d\ude01\ud83d\ude01"
        },
        {
            "reply_id": "UgxMIecs49flmYsPF8p4AaABAg",
            "reply_content": "\u5b89\u557e\u662f\u4e0d\u662f\u6709\u5272\u96d9\u773c\u76ae"
        },
        {
            "reply_id": "Ugys6LXmqT9F0XM0IrB4AaABAg",
            "reply_content": "\u5b89\u557e\u7f8e\u5973\u5b89\u557e\u7f8e\u5973"
        },
        {
            "reply_id": "Ugy04id6lJvwE_MIibp4AaABAg",
            "reply_content": "\u516d\u9031\u5e74 \u5009\u9f20\u65e5\u7684\u89c0\u770b\u6578\u4e00\u5e74\u6bd4\u4e00\u5e74\u5c11\ud83e\udd72\n\u5b89\u557e\u5805\u6301\u4e0b\u53bb\u554a\uff01\n\u5e0c\u671b\u516d\u9031\u5e74\u6703\u6709\u66f4\u591a\u7684\u4eba\u8a8d\u8b58\u5b89\u557e\u559c\u6b61\u5b89\u557e\ud83e\udde1"
        },
        {
            "reply_id": "UgzlvXDJtMLZSdWpXV54AaABAg",
            "reply_content": "\u5df2\u7d93\u559c\u6b61\u5b89\u557e\u5f88\u4e45\u4e86\uff0c\u4eca\u5f8c\u4e5f\u6703\u7e7c\u7e8c\u652f\u6301\u7684\u2764"
        },
        {
            "reply_id": "UgwTH_NcJ65EegfOnft4AaABAg",
            "reply_content": "\u61c9\u8a72\u8981\u6709\u591a\u5c11\u8a02\u95b1\u5c31\u505a\u591a\u5c11\u500b\ud83e\udd23"
        },
        {
            "reply_id": "Ugzy6ahthMD30J8993J4AaABAg",
            "reply_content": "\u8d85\u68d2\u7684"
        },
        {
            "reply_id": "Ugz41xRJZBId4z91T1t4AaABAg",
            "reply_content": "\u597d\u611f\u4eba\uff0c\u5b89\u63ea\u771f\u7684\u5f88\u7528\u5fc3\ud83e\udd70"
        }
    ]
}