{
    "video_info": {
        "id": "ihxqvGki_W8",
        "channelTitle": "\u5b89\u557e\u54aa",
        "title": "\u4e94\u9593\u8d85\u4eba\u6c23\u97d3\u7cfb\u5496\u5561\u5ef3\u7279\u641c\uff01\u7f6e\u8eab\u97d3\u570b\u822c\u7684\u9053\u5730\u751c\u9ede\u8d85\u7d1a\u597d\u5403\uff1f\uff01| \u5b89\u557e (\u309d\u2200\uff65) \u2661",
        "description": "\u505a\u4e86\u5f88\u591a\u529f\u8ab2 \u4e94\u9593\u5b8c\u5168\u7121\u8e29\u96f7\uff01\n\nSamsung Galaxy S22+\n\u5373\u65e5\u8d77\u8cfc\u6a5f\u767b\u9304\u5c31\u9001\u4e09\u5927\u8c6a\u79ae\u55b2\n\u4e86\u89e3\u66f4\u591a\uff1ahttps://galaxys22-promotion-event.twsamsungcampaign.com/\n\n\u27ab \u8a02\u95b1\u5b89\u557e\uff1ahttps://goo.gl/KmLFgD\n\u27ab \u5b89\u557eIG\uff1ahttps://www.instagram.com/anjouclever/\n\u27ab \u5b89\u557eFB\uff1ahttps://www.facebook.com/anjoupikachu/\n\ud83d\udc39 \u73a9\u5177\u958b\u7bb1\u5168\u96c6\uff1ahttps://goo.gl/91ulRJ",
        "likeCount": "4502",
        "commentCount": "149",
        "viewCount": "116933"
    },
    "comments": [
        {
            "reply_id": "UgxS3hCb7dEQfAEt8cZ4AaABAg",
            "reply_content": "\u4f60\u5011\u7f8e\u98df\u5f71\u7247\u62cd\u7684\u5f88\u68d2\ud83d\udc4d\u5efa\u8b70\u53f0\u4e2d\u5317\u5c6f\u96b1\u8eab\u5df7\u5f04\u7684\u539a\u9b06\u9905\ud83e\udd5e\u5e97Kichi, \u4e5f\u53ef\u4ee5\u53bb\u4ecb\u7d39\u7d66\u5927\u5bb6\uff0c\u771f\u7684\u5f88\u597d\u5403\u4e5f\u5f88\u53d7\u5927\u5bb6\u559c\u611b\ud83d\ude0a"
        },
        {
            "reply_id": "UgzuvInwl_PF9ntpk-V4AaABAg",
            "reply_content": "\u4ecb\u7d39\u751c\u9ede\u597d\u4ed4\u7d30\uff0c\u771f\u7684\u597d\u60f3\u8a66\u770b\u770b\ud83d\udc9b"
        },
        {
            "reply_id": "Ugxf63nOhYNJK0MG7Yd4AaABAg",
            "reply_content": "\u5b89\u557e\u7a7f\u6bdb\u8863\u767d\u896f\u886b\u53ef\u611b\u5973\u5b69"
        },
        {
            "reply_id": "UgzNMdY3dqlIqlYNp4J4AaABAg",
            "reply_content": "\u771f\u7684\u4e09\u661f\u624b\u6a5f\u8d8a\u51fa\u76f8\u6a5f\u529f\u80fd\u8b8a\u66f4\u597d"
        },
        {
            "reply_id": "Ugx5W47oJyoP96POBuR4AaABAg",
            "reply_content": "\u539f\u4f86\u6709\u4e00\u9375\u62cd\u9304\u529f\u80fd\uff01\uff01\u624b\u6a5f\u6c92\u6709\u505a\u6210\u9810\u8a2d\u592a\u53ef\u60dc\u4e86\u5566\uff01\u6c92\u770b\u5f71\u7247\u90fd\u4e0d\u66c9\u5f97\uff01\u592a\u5be6\u7528\u4e86"
        },
        {
            "reply_id": "UgzJXcv7j0MnUondXLd4AaABAg",
            "reply_content": "\u70ba\u4ec0\u9ebc\u53ef\u4ee5\u4e0d\u7528\u5e36\u53e3\u7f69\u554a"
        },
        {
            "reply_id": "Ugz0oi4AgB6_n0NMGcB4AaABAg",
            "reply_content": "\u53f0\u5317\u6709\u597d\u591a\u597d\u8b9a\u7684\u5e97\uff1b\uff1b"
        },
        {
            "reply_id": "UgxCkV8KDfW0ssMP37l4AaABAg",
            "reply_content": "\u958b\u982d\u7684\u5de6\u601d\u53f3\u60f3\uff0c\u8b93\u6211\u60f3\u5230\u67d0\u4eba\u9053\u6b49\u7684\u53f0\u8a5e\uff0c\u54c8\u54c8"
        },
        {
            "reply_id": "Ugw55PniwKYS4RcCm5Z4AaABAg",
            "reply_content": "\u5b89\u557e\u662f\u4e0d\u662f\u6709\u5fae\u6574 \u611f\u89ba\u8ddf\u4ee5\u524d\u9577\u5f97\u4e0d\u592a\u4e00\u6a23\u2026"
        },
        {
            "reply_id": "Ugx35g2BfVEKnUxmcJJ4AaABAg",
            "reply_content": "\u7b2c\u4e8c\u5bb6\u6211\u5e38\u5e38\u8def\u904e\uff0c\u4e00\u76f4\u4ee5\u70ba\u4ed6\u662f\u8ce3\u97d3\u5f0f\u6599\u7406\u7684\u9910\u5ef3\uff0c\u539f\u4f86\u662f\u5496\u5561\u5ef3\u963fXD"
        },
        {
            "reply_id": "Ugzf-DzpFSN5KycoqHx4AaABAg",
            "reply_content": "\u60f3\u9935\u98df"
        },
        {
            "reply_id": "UgzIbwfP2OamKc774694AaABAg",
            "reply_content": "\u5b89\u557e\u771f\u7684\u597d\u8010\u770b \u8d8a\u770b\u8d8a\u6709\u6200\u611b\u611f\u8a72\u600e\u9ebc\u8fa6<3"
        },
        {
            "reply_id": "Ugxwfs3Q6RnNOsb_-it4AaABAg",
            "reply_content": "\u5b89\u557e\u5403\u963f\u557e \u662f\u8521\u54e5\u89aa\u50b3\u7684\u6897\u55ce"
        },
        {
            "reply_id": "UgybWtslH3_Pb0X-3aB4AaABAg",
            "reply_content": "\u624b\u6a5f\u9632\u9707\u52d5\u6548\u679c\u883b\u5dee\u7684  \u9304\u5f71  \u756b\u9762\u90fd\u6703\u5931\u7126"
        },
        {
            "reply_id": "Ugw_okFn2WJv7XD4lHZ4AaABAg",
            "reply_content": "\u5b89\u557e\u662f\u4e0d\u662f\u53bb\u5272\u96d9\u773c\u76ae\u554a"
        },
        {
            "reply_id": "UgxDFNu8T3U-WnmRqn14AaABAg",
            "reply_content": "\u770b\u8d77\u4f86\u771f\u7684\u5f88\u68d2\n\u4e0b\u6b21\u653e\u5047\u60f3\u53bb\u770b\u770b\uff01"
        },
        {
            "reply_id": "UgwJEKiz0WYCyiZeN8l4AaABAg",
            "reply_content": "\u751c\u9ede\u771f\u7684\u770b\u8d77\u4f86\u8d85\u597d\u5403\u7684\ud83d\ude02\ud83d\ude02\ud83d\ude02\u770b\u4e86\u597d\u60f3\u5403\u554a \u8a71\u8aaa\u6709\u4eba\u731c\u7684\u5230\u6211\u804a\u5929\u65b9\u5f0f\u55ce\ud83d\ude02\ud83d\ude02"
        },
        {
            "reply_id": "Ugzu-Q4ksSvv9syz8Wd4AaABAg",
            "reply_content": "\u597d\u60f3\u53bb\u963f\uff01"
        },
        {
            "reply_id": "Ugzgag8xlRqfqSJUTeN4AaABAg",
            "reply_content": "\u54c7\u54c7\uff01\uff01\u770b\u8d77\u4f86\u597d\u68d2\n\u6bcf\u4e00\u5bb6\u90fd\u597d\u597d\u5403\u7684\u611f\u89ba"
        },
        {
            "reply_id": "Ugym6sE80wTn5Cu0mLl4AaABAg",
            "reply_content": "\u539f\u4f86\u9019\u9ebc\u4e45\u4e0d\u898b\u662f\u7dad\u4fee\u53bb\u4e86\u2026."
        }
    ]
}