{
    "video_info": {
        "id": "iK2tFS74u6E",
        "channelTitle": "\u5b89\u557e\u54aa",
        "title": "\u7267\u5834\u7269\u8a9e\u6700\u65b0\u4f5c\u5230\u5e95\u9b45\u529b\u5728\u54ea\uff1f\u5728\u88e1\u9762\u751f\u6d3b\u4e86\u4e00\u5e74\u9084\u7d50\u5a5a\u751f\u5b50\u5566\uff01\u300a\u6a44\u6b16\u93ae\u8207\u5e0c\u671b\u7684\u5927\u5730\u300b| \u5b89\u557e (\u309d\u2200\uff65) \u2661",
        "description": "\u809d\u4e86\u4e00\u500b\u79ae\u62dc\uff01\n\n\u27ab \u7267\u5834\u7269\u8a9e\u5b98\u7db2\uff1ahttps://asia.sega.com/bokumono/olive/cht/\n\u27ab \u7267\u5834\u7269\u8a9e&\u65e5\u65e5\u88dd\u8336\u5408\u4f5c\uff1ahttps://www.facebook.com/sega.asiacs/posts/1758499417662130\n\n#\u7267\u5834\u7269\u8a9e #\u6a44\u6b16\u93ae\u8207\u5e0c\u671b\u7684\u5927\u5730\n\n\u27ab \u8a02\u95b1\u5b89\u557e\uff1ahttps://goo.gl/KmLFgD\n\u27ab \u5b89\u557eIG\uff1ahttps://www.instagram.com/anjouclever/\n\u27ab \u5b89\u557eFB\uff1ahttps://www.facebook.com/anjoupikachu/\n\nBGM\u4f86\u6e90\uff1ahttp://dova-s.jp/\n\u97f3\u6548\u4f86\u6e90\uff1ahttp://musicisvfr.com/free/index.html",
        "likeCount": "4489",
        "commentCount": "393",
        "viewCount": "170888"
    },
    "comments": [
        {
            "reply_id": "UgwE3St-A5rkI3Vqv5l4AaABAg",
            "reply_content": "\u5f88\u559c\u6b22\u5b89\u557e"
        },
        {
            "reply_id": "UgxmRp3ASmPgBsnhS9t4AaABAg",
            "reply_content": "\u9019\u6b3e\u5f8c\u534a\u6bb5\u4f60\u6703\u73a9\u5230\u4f60\u6839\u672c\u5c31\u662f\u5728\u73a9\u5893\u5834"
        },
        {
            "reply_id": "Ugz3bH97WGfKlYOwrVR4AaABAg",
            "reply_content": "\u4f60\u597d\uff1a\u8acb\u554f\u7a3b\u7c73\u5982\u4f55\u8b8a\u6210\u767d\u7c73\u98ef\uff1f\u8b1d\u8b1d"
        },
        {
            "reply_id": "UgyLr2iu2xPCkP1z2654AaABAg",
            "reply_content": "\u70cf\u9aa8\u96de\u672c\u4f86\u5c31\u6b21\u767d\u8272\u7684\u7fbd\u6bdb\u5594~"
        },
        {
            "reply_id": "UgxaIujQkINY-nwWcHd4AaABAg",
            "reply_content": "\u59b3\u7684\u7267\u5834\u597d\u68d2\ud83d\udc4d \u6211\u624d\u958b\u59cb\u73a9\uff0c\u6709\u4e9b\u9084\u662f\u4e0d\u592a\u61c2"
        },
        {
            "reply_id": "UgwAaONWRlFPJPGmZ7N4AaABAg",
            "reply_content": "\u539f\u4f86\u5b89\u557e\u7ae5\u5e74\u4e5f\u662f\u7267\u5834\u7269\u8a9e\u966a\u4f34"
        },
        {
            "reply_id": "Ugwlj50ySG2l-fZzryN4AaABAg",
            "reply_content": "\u5982\u679c\u540c\u6027\u4ea4\u5f80\u7d50\u5a5a\u6703\u6709\u5c0f\u5b69\u55ce\uff1f"
        },
        {
            "reply_id": "UgxeMzZ37l7RL-DnLqp4AaABAg",
            "reply_content": "\u8b9a"
        },
        {
            "reply_id": "Ugxl0pbn8erm6oNOfp54AaABAg",
            "reply_content": "\u6211\u4e5f\u662f\u54c8\u54c8\u54c8 \u4e0d\u5c0f\u5fc3\u5c31\u809d\u4e86\u4e09\u5929"
        },
        {
            "reply_id": "Ugz9RxFxAoXpYyy_Ur14AaABAg",
            "reply_content": "\u6211\u5df2\u7d93\u548c\u6234\u8499\u7d50\u5a5a\u4e86\uff0c\u6211\u7684\u670b\u53cb\u9084\u5728\u8ddf\u4f9d\u7e54\u5efa\u7acb\u611f\u60c5"
        },
        {
            "reply_id": "UgzHwf498eHLGPrbUpR4AaABAg",
            "reply_content": "\u6211\u4e5f\u6709\u73a9"
        },
        {
            "reply_id": "UgznOSqXjP5KPyJP-Nt4AaABAg",
            "reply_content": "\u4e0d\u77e5\u9053\u662f\u4e0d\u662f\u7926\u77f3\u93ae\u505a\u592a\u597d\uff0c\u5728\u807d\u5b89\u557e\u8aaa\u524d\uff0c\u90fd\u89ba\u5f97\u4e0d\u597d\u73a9\uff0c\u4f46\u662f\u56e0\u70ba\u5b89\u557e\uff0c\u6211\u9084\u662f\u8cb7\u4e0b\u53bb\u4e86=="
        },
        {
            "reply_id": "Ugw0VVtEPUESdnv7Zqh4AaABAg",
            "reply_content": "\u660e\u660e\u662f\u88ab\u7f75\u7206\u7684\u4f5c\u54c1"
        },
        {
            "reply_id": "UgyCspZgsycY7IXWXUB4AaABAg",
            "reply_content": "\u6211\u548c\u6234\u8499\u7d50\u5a5a\u5462"
        },
        {
            "reply_id": "UgzFvaE5ZYZjciAjjGp4AaABAg",
            "reply_content": "\u70cf\u9aa8\u96de\u7684\u8089\u662f\u9ed1\u8272\u7684\uff0c\u6bdb\u672c\u4f86\u5c31\u662f\u767d\u8272\u7684\u5594"
        },
        {
            "reply_id": "Ugyih3IsJoNUOJMTvnp4AaABAg",
            "reply_content": "\u6240\u4ee5\u9019\u500b\u904a\u6232 \u540c\u6027\u4e5f\u80fd\u751f\u51fa\u5bf6\u5bf6?"
        },
        {
            "reply_id": "UgzuNhuhj221d617StJ4AaABAg",
            "reply_content": "\uff0c\u63db\u52d5\u7269\u5c0f\u5c4b\uff0c\u6709\u4eba\u77e5\u9053\u539f\u56e0\u55ce\uff1f\u52d5\u7269\u6703\u6d88\u5931"
        },
        {
            "reply_id": "Ugzw8grnpAH7FvQVJlZ4AaABAg",
            "reply_content": "\u59b3\u90a3\u751c\u7f8e\u7684\u7b11\u5bb9\uff0c\u8a6e\u91cb\u5922\u60f3\u7684\u4e16\u754c\uff0c\u904a\u6232\u4f9d\u7136\u53ef\u611b\uff0c\u8b93\u6211\u7a7f\u8d8a\u6642\u7a7a\uff0c\u597d\u50cf\u56de\u5230\u5c0f\u6642\u5019~\ud83d\udc95"
        },
        {
            "reply_id": "UgxtD14uJNlO7JqhtD94AaABAg",
            "reply_content": "\u6211\u5bb6\u6709\u96fb\u52d5\u7576\u6211\u5011\u5bb6\u6c92\u6709\u9019\u500b\u5361\u7247\u600e\u9ebc\u8cb7"
        },
        {
            "reply_id": "UgzOxdQw5BBSEjgk0Hl4AaABAg",
            "reply_content": "\u6211\u4e5f\u597d\u60f3\u73a9"
        }
    ]
}