{
    "video_info": {
        "id": "jo9he6yP2Ww",
        "channelTitle": "\u5b89\u557e\u54aa",
        "title": "\u5728\u5bb6\u81ea\u88fd\u8212\u8299\u857e\u9b06\u9905\u5427\uff01\u610f\u5916\u6eff\u7c21\u55ae\u7684...\u7684\u55ce\uff1f\uff01| \u5b89\u557e (\u309d\u2200\uff65) \u2661",
        "description": "\u7c21\u76f4\u662f\u7db2\u7f8e\u5e97\u7b49\u7d1a\u7684\u9b06\u9905\uff01\np.s. \u8a71\u8aaa\u6253\u767c\u86cb\u767d\u90a3\u908a\uff01\u8981\u8a18\u5f97\u518d\u52a0\u516540g\u7684\u7802\u7cd6\u5440\uff01\u6211\u7adf\u7136\u526a\u6389\u4e86\uff01\n\u4fee\u6b63\uff1a\u52a0\u5165\u767d\u918b\u662f\u70ba\u4e86\u589e\u52a0\u7a69\u5b9a\u6027 \u800c\u4e0d\u662f\u53bb\u8165\u5473\u5594\uff01\n-------\n\u27ab \u8a02\u95b1\u5b89\u557e\uff1ahttps://goo.gl/KmLFgD\n\u27ab \u5b89\u557eFacebook\uff1ahttps://www.facebook.com/anjoupikachu/\n\ud83d\udc39 \u73a9\u5177\u958b\u7bb1\u5168\u96c6\uff1ahttps://goo.gl/91ulRJ\n- - - - - - - - - - - - - - - - - - - - - -\n\n\n\n- - - - - - - - - - - - - - - - - - - - - -\n\n\u27a8\u76f8\u95dc\u5f71\u7247\n\n1/2\u7e2e\u5c0f\u7248\u626d\u86cb\u6a5f \u2606 \u626d\u5230\u4ec0\u9ebc\u5c31\u5403\u4ec0\u9ebc\u7684\u523a\u6fc0\u73a9\u6cd5?!\n\u21e2 https://goo.gl/tSJlNG\n\u6dbc\u9eb5\u6c34\u6a02\u5712 - \u6d41\u6c34\u7d20\u9eb5\u5f9e\u9ad8\u4f4e\u5dee56cm\u7684\u6ed1\u6c34\u9053\u6e9c\u4e0b\u4f86\u4e86\uff01\n\u21e2 https://goo.gl/tgYRy1\n\u3010\u77e5\u80b2\u83d3\u5b50\u3011\u99ac\u6876\u6e05\u6dbc\u98f2\u6599\uff01\u7121\u6cd5\u62db\u67b6\u7684\u5473\u9053\uff01\n\u21e2 https://goo.gl/n0nnyQ\n\u6d77\u5e95\u7e3d\u52d5\u54e12 - Finding Dory \u2606 \u591a\u8389\u5609\u5e74\u83ef\uff01\u9084\u6709\u597d\u591a\u9b5a\u53cb\u5011\uff01\n\u21e2 https://goo.gl/oAn42q\n\u6703\u5b78\u4f60\u8aaa\u8a71\u7684\u840c\u840c\u5c0f\u5009\u9f20 - \u8981\u6210\u70ba\u4e00\u4f4d\u6559\u5b97\u4e0d\u662f\u90a3\u9ebc\u7c21\u55ae\u7684\u4e8b\u60c5!!\n\u21e2 https://goo.gl/8WZaZT\n\n- - - - - - - - - - - - - - - - - - - - - -\n\n\n- - - - - - - - - - - - - - - - - - - - - -\n\u27a8\u3010\u7d05\u77f3\u53e3\u888b\u3011FB\uff1ahttps://www.facebook.com/RedStone.Poke\n- - - - - - - - - - - - - - - - - - - - - -\nBGM\u4f86\u6e90\uff1ahttp://dova-s.jp/\n\u97f3\u6548\u4f86\u6e90\uff1ahttp://musicisvfr.com/free/index.html",
        "likeCount": "14652",
        "commentCount": "820",
        "viewCount": "486044"
    },
    "comments": [
        {
            "reply_id": "UgzeHbaQlqL9kMgCw-F4AaABAg",
            "reply_content": "\u5b89\u557e\u505a\u7684\u98df\u7269\u770b\u8d77\u4f86\u90fd\u597d\u597d\u5403\ud83d\ude0d"
        },
        {
            "reply_id": "UgwnS17oPsTnhgngFh54AaABAg",
            "reply_content": "\u6253\u86cb\u767d\u6642\u8981\u8a18\u5f97\u52a0\u7cd6"
        },
        {
            "reply_id": "Ugxvf7xaAY77rwA4ja14AaABAg",
            "reply_content": "\u4eba\u5bb6\u662f\u6324\u51fa\u6765\u7684\u554a\uff0c"
        },
        {
            "reply_id": "Ugyo9lfrWrpPPKW4YBt4AaABAg",
            "reply_content": "\u6211\u89ba\u5f97\u4f60\u7684\u5f71\u7247\u5f88\u597d\u770b\uff0c\u5e0c\u671b\u518d\u51fa\u65b0\u5f71\u7247\uff5e"
        },
        {
            "reply_id": "UgzsO8rTcgk-qp22K0Z4AaABAg",
            "reply_content": "\u6211\u505a\u904e\u4e5f"
        },
        {
            "reply_id": "Ugw_fVjC_gEaoIwnMql4AaABAg",
            "reply_content": "\u76e4\u5b50\u90fd\u597d\u53ef\u611b\uff5e"
        },
        {
            "reply_id": "UgwEmDCxOyM2qmX0xYd4AaABAg",
            "reply_content": "\u597d\u60f3\u5403\u554a"
        },
        {
            "reply_id": "Ugzbh2nCSd-EVZcrNPJ4AaABAg",
            "reply_content": "\u770b\u8d77\u6765\u5f88\u597d\u5403\ud83d\ude00 \u554a\u6211\u997f\u4e86"
        },
        {
            "reply_id": "Ugy5GT_k49UV4MHhqDd4AaABAg",
            "reply_content": "\u6211\u4e5f\u662f\u9019\u500b\u724c\u5b50\u7684\u934b"
        },
        {
            "reply_id": "UgyNenQZ8sBwaSqUhyx4AaABAg",
            "reply_content": "\u8212\u8299\u857e\u9b06\u9905 \u8212\u670d\u5566"
        },
        {
            "reply_id": "UgwriF0HtB-B9R06J1l4AaABAg",
            "reply_content": "\u597d\u60f3\u5403"
        },
        {
            "reply_id": "UgwYLCrHENS-Mtu3BuF4AaABAg",
            "reply_content": "\u4e00\u53e5\u8a71\u76f4\u63a5\u53bb\u8cb7"
        },
        {
            "reply_id": "UgzCZ8X4BSMraL0lfDp4AaABAg",
            "reply_content": "\u6211\u4e5f\u505a\u4e86\uff0c\u771f\u7684\u597d\u597d\u5403\u5594\ud83d\ude0b"
        },
        {
            "reply_id": "UgyETcoUq1OAqYgj31F4AaABAg",
            "reply_content": "\u770b\u6765\u770b\u53bb\u597d\u597d\u5403"
        },
        {
            "reply_id": "UgxbguRz3u6U9i6cV3t4AaABAg",
            "reply_content": "\u5475\u5475"
        },
        {
            "reply_id": "UgxdTycOZqm96uYaTwt4AaABAg",
            "reply_content": "\u53ef\u662f\u6211\u4e0d\u77e5\u9053\u6709\u6c92\u6709\u8212\u8299\u857e\u7684\u5916\u9001\u5566"
        },
        {
            "reply_id": "Ugxj6TjDwnveSmkI_vN4AaABAg",
            "reply_content": "\u554a\u8981\u505a\u4e0d\u662f\u8ddf\u9ebb\u7169\uff0c\u53cd\u800c\u76f4\u63a5\u53eb\u5916\u9001\u6bd4\u8f03\u597d\u56e0\u70ba\u53ea\u8981\u7b49\u5c31\u597d\u4e86\uff0c\u53ef\u662f\u81ea\u5df1\u505a\u7684\u77e5\u9053\u600e\u9ebc\u505a\uff0c\u5916\u9001\u7684\u4e0d\u77e5\u9053\u600e\u9ebc\u505a\u6240\u4ee5\u6bd4\u8f03\u597d\uff0c\u53ef\u662f\u59b3\u4e0d\u662f\u6bd4\u8f03\u61f6\u55ce~\u6240\u4ee5\u6bd4\u8f03\u61f6\u7684\u4eba\u6211\u5efa\u8b70\u53eb\u5916\u9001\u5566"
        },
        {
            "reply_id": "UgxgBvTj8BPlZqlFgHh4AaABAg",
            "reply_content": "\u6211\u505a\u5b8c\u624d\u767c\u73fe\u5f88\u4e0d\u7c21\u55ae\uff0c\u5b89\u557e\u597d\u53b2\u5bb3\ud83d\udc4d\u3002"
        },
        {
            "reply_id": "UgxGDyrPCUBIsRuuBBB4AaABAg",
            "reply_content": "\u6211\u89c9\u5f97\u7c89\u8272\u6c99\u53d1\u6bd4\u8f83\u7f8e"
        },
        {
            "reply_id": "UgxmFVy1VMYtWfTFS3Z4AaABAg",
            "reply_content": "\u86ee\u7f8e\u7684 \u6211\u4e5f\u60f3\u505a\u505a\u770b"
        }
    ]
}