{
    "video_info": {
        "id": "JqhwM29e-pc",
        "channelTitle": "\u5b89\u557e\u54aa",
        "title": "\u8d85\u53ef\u611b\u52d5\u68ee\u4e00\u756a\u8cde\u5168\u54c1\u9805\u6536\u96c6\uff01\u6c92\u6709\u62bd\u5230A\u8cde\u5c31\u4e0d\u56de\u5bb6\uff01| \u5b89\u557e (\u309d\u2200\uff65) \u2661",
        "description": "\u62bd\u4e00\u756a\u8cde\u4e5f\u592a\u8208\u596e\n\u526a\u7247\u7684\u6642\u5019\u8033\u819c\u5dee\u9ede\u88ab\u81ea\u5df1\u9707\u7834!!\n\n\u300a\u5e97\u5bb6\u8cc7\u8a0a\u300b\n\u2605 \u52c1\u591a\u91ce\u73a9\u5177\u90e8\n\u65b0\u5317\u5e02\u677f\u6a4b\u5340\u6c11\u751f\u8def\u4e00\u6bb568\u865f\n\n\u300aYouTube\u734e\u54c1\u62bd\u734e\u8fa6\u6cd5\u300b\n\u2605 \u62bd\u734e\u734e\u54c1\uff1a\nE\u8cde \u718a\u718a\u888b\u5b50x1\nF\u8cde \u96a8\u6a5f\u676f\u676fx5\nG\u8cde \u85cd\u8272\u5927\u6bdb\u5dfex1\n\u2605 \u53c3\u52a0\u8fa6\u6cd5\uff1a\u5728\u4e0b\u65b9\u96a8\u5fc3\u7559\u8a00\uff5e\n\u2605 \u5f97\u734e\u540d\u55ae\uff1a8/30\u6211\u6703\u56de\u61c9\u4f60\u7684\u7559\u8a00\uff0c\u901a\u77e5\u4e2d\u734e\uff01\n\u2605 \u5bc4\u9001\u65b9\u5f0f\uff1a\u90f5\u5c40\u639b\u865f\u5bc4\u51fa\uff0c\u50c5\u5bc4\u9001\u53f0\u7063\u672c\u5cf6\n\u2605 \u6ce8\u610f\u4e8b\u9805\uff1a\u5f97\u734e\u8005\u8acb\u65bc9/5\u524d\u56de\u61c9\uff0c\u4e26\u63d0\u4f9b\u5bc4\u4ef6\u8cc7\u6599\uff0c\u903e\u671f\u4e0d\u4fdd\u7559\u5f97\u734e\u8cc7\u683c\n\n\u27ab \u8a02\u95b1\u5b89\u557e\uff1ahttps://goo.gl/KmLFgD\n\u27ab \u5b89\u557eIG\uff1ahttps://www.instagram.com/anjouclever/\n\u27ab \u5b89\u557eFB\uff1ahttps://www.facebook.com/anjoupikachu/\n\ud83d\udc39 \u73a9\u5177\u958b\u7bb1\u5168\u96c6\uff1ahttps://goo.gl/91ulRJ\n\n\u27a8\u5176\u4ed6\u5b89\u557e\u5f71\u7247\n1/2\u7e2e\u5c0f\u7248\u626d\u86cb\u6a5f \u2606 \u626d\u5230\u4ec0\u9ebc\u5c31\u5403\u4ec0\u9ebc\u7684\u523a\u6fc0\u73a9\u6cd5?!\n\u21e2 https://goo.gl/tSJlNG\n\u6dbc\u9eb5\u6c34\u6a02\u5712 - \u6d41\u6c34\u7d20\u9eb5\u5f9e\u9ad8\u4f4e\u5dee56cm\u7684\u6ed1\u6c34\u9053\u6e9c\u4e0b\u4f86\u4e86\uff01\n\u21e2 https://goo.gl/tgYRy1\n\u3010\u77e5\u80b2\u83d3\u5b50\u3011\u99ac\u6876\u6e05\u6dbc\u98f2\u6599\uff01\u7121\u6cd5\u62db\u67b6\u7684\u5473\u9053\uff01\n\u21e2 https://goo.gl/n0nnyQ\n\u6d77\u5e95\u7e3d\u52d5\u54e12 - Finding Dory \u2606 \u591a\u8389\u5609\u5e74\u83ef\uff01\u9084\u6709\u597d\u591a\u9b5a\u53cb\u5011\uff01\n\u21e2 https://goo.gl/oAn42q\n\u6703\u5b78\u4f60\u8aaa\u8a71\u7684\u840c\u840c\u5c0f\u5009\u9f20 - \u8981\u6210\u70ba\u4e00\u4f4d\u6559\u5b97\u4e0d\u662f\u90a3\u9ebc\u7c21\u55ae\u7684\u4e8b\u60c5!!\n\u21e2 https://goo.gl/8WZaZT\n\nBGM\u4f86\u6e90\uff1ahttp://dova-s.jp/\n\u97f3\u6548\u4f86\u6e90\uff1ahttp://musicisvfr.com/free/index.html",
        "likeCount": "11153",
        "commentCount": "6272",
        "viewCount": "358421"
    },
    "comments": [
        {
            "reply_id": "Ugy1K-B1SNWz8MHxHeh4AaABAg",
            "reply_content": "\u68d2\u68d2"
        },
        {
            "reply_id": "UgwMtUuCO9KmP_fcBbp4AaABAg",
            "reply_content": "B\u8cde\u7adf\u7136\u7b2c\u4e00\u500b\u5c31\u62bd\u5230"
        },
        {
            "reply_id": "UgysEDKJQKndzcYpfCB4AaABAg",
            "reply_content": "\u9084\u6c92\u770b\u6642\u770b\u5f71\u7247\u9577\u5ea6\u5c31\u731c\u5230\u5b89\u557e\u62bd\u5f88\u4e45\u54c8\u54c8\u54c8\u54c8"
        },
        {
            "reply_id": "UgxmoxSv5kbmY8_axz54AaABAg",
            "reply_content": "\u597d\u53ef\u611b\u5594"
        },
        {
            "reply_id": "UgwW82rZ7BGQiEGFs254AaABAg",
            "reply_content": "\u540c\u610f\u90a3\u4e2a\u6c34\u74f6\u5f88\u6709\u610f\u5883\uff0c\u61c2\u5f97\u6b23\u8d4f\u7684\u4eba\uff0c\u81ea\u7136\u4f1a\u6b23\u8d4f"
        },
        {
            "reply_id": "UgzioaP_gMqd4wrzDIR4AaABAg",
            "reply_content": "\u597d\u597d\u770b\uff01\u6211\u662f\u56e0\u4e3a\u4e00\u756a\u8d4f\u800c\u8ba2\u9605\u7684~\n\u8bf7\u591a\u70b9\u62cd\u53ef\u7231\u7684\u4e00\u756a\u8d4f\uff01"
        },
        {
            "reply_id": "UgwQrg_xVHjlO2BUNr14AaABAg",
            "reply_content": "\u600e\u9ebc\u611f\u89ba\u2026\u4ec0\u9ebc\u6771\u897f\u90fd\u6c92\u6709\u59b3\u53ef\u611b\u3002"
        },
        {
            "reply_id": "Ugz9I1GoIQR1op3AbA14AaABAg",
            "reply_content": "\u8fd9\u662f\u4e00\u4e2a\u60b2\u4f24\u7684\u6545\u4e8b: \"\u6211\u62bd\u4e86\u5f88\u591a\u5b89\u557e\u5fc3\u76ee\u4e2d\u7684A\u8d4f\""
        },
        {
            "reply_id": "UgwJ2S3ePNL4pWl2o5B4AaABAg",
            "reply_content": "\u53f0\u7063\u4e5f\u6709\u8cb7\u9019\u500b"
        },
        {
            "reply_id": "Ugzes-bgzZGBbwRLnv14AaABAg",
            "reply_content": "\u67f4\u67f4\u8868\u793a\u597d\u7d2f\u61f6\u5f97\u966a\n\u4e7e\u8106\u76f4\u63a5\u544a\u8a34\u4f60a\u8cde\u662f\u54ea\u500b\u597d\u4e86\ud83d\ude02\ud83d\ude02"
        },
        {
            "reply_id": "UgzaCHBNbImMJEK1wnZ4AaABAg",
            "reply_content": "\u5b89\u557e\u4e5f\u592a\u6b27\u6d32\u4e86\u5427"
        },
        {
            "reply_id": "UgzDxpQfqG7SW99EhnB4AaABAg",
            "reply_content": "\u72d7\u72d7\u597d\u53ef\u611b~"
        },
        {
            "reply_id": "Ugw-B1f7IO9Mz4dHahV4AaABAg",
            "reply_content": "\u8b9a"
        },
        {
            "reply_id": "Ugz_wE-ujj7GVlwW0qp4AaABAg",
            "reply_content": "\u72d7\u72d7\u597d\u53ef\u7231\uff0c\u8fd8\u8ddf\u4f60\u51fb\u638c\u8036"
        },
        {
            "reply_id": "UgwP1iZNs0KkxRNf7hB4AaABAg",
            "reply_content": "\u5e97\u88e1\u7684\u67f4\u67f4\u597d\u53ef\u611b\ud83d\ude0d"
        },
        {
            "reply_id": "UgyRZPBjNMT9UQMLypx4AaABAg",
            "reply_content": "\u5cf6\u8f1d\u8d85\u53ef\u611b\n\u6211\u611b\u67f4\u67f4\ud83e\udd70\ud83e\udd70\ud83e\udd70\n\u5176\u5be6\u5b89\u557e\u7b2c\u4e00\u6b21\u62bd\u7b97\u4e0d\u932f\u4e86"
        },
        {
            "reply_id": "Ugy0noU5Uwy4-aGeSet4AaABAg",
            "reply_content": "\u72d7\u72d7\u8d85\u53ef\u7231"
        },
        {
            "reply_id": "UgzJI81mupGsKdr5-NZ4AaABAg",
            "reply_content": "\u6211\u597d\u60f3\u8981\u5c0f\u593e\u93c8\u888b\u5594"
        },
        {
            "reply_id": "UgzKi6LMe9Me3NjTtmB4AaABAg",
            "reply_content": "\u5e97\u957f\u597d\u5389\u5bb3\u5440\u9009\u7684\u5c31\u662fa\u8d4f"
        },
        {
            "reply_id": "UgyOEYYQLBouX57I6qZ4AaABAg",
            "reply_content": "\u6211\u8981\u62bd"
        }
    ]
}