{
    "video_info": {
        "id": "jyFsAn3MONw",
        "channelTitle": "\u5b89\u557e\u54aa",
        "title": "\u4e0d\u505a\u7ae0\u9b5a\u71d2\uff01\u6311\u6230\u7528\u7ae0\u9b5a\u71d2\u6a5f\u5403\u4e09\u9910\uff01\u6c92\u60f3\u5230\u9019\u4e9b\u6599\u7406\u4e5f\u505a\u5f97\u51fa\u4f86\uff01| \u5b89\u557e (\u309d\u2200\uff65) \u2661",
        "description": "\u7d50\u679c\u505a\u5b8c\u597d\u60f3\u5403\u7ae0\u9b5a\u71d2\uff01\n\n\u27ab Samsung\u5373\u65e5\u8d77\u81f33/31\u6709\u6559\u80b2\u512a\u60e0\u65b9\u6848\n\u4ee5\u4e0b\u901a\u8def\uff08\u71e6\u57643C\u3001\u5168\u570b\u96fb\u5b50\u3001\u9806\u767c3C\uff09\n\u6191\u5b78\u751f\u8b49\u6216\u6559\u8077\u54e1\u8b49\u5373\u53ef\u4eab\u6709\u6559\u80b2\u512a\u60e0\uff0c\u4e0d\u7528\u4e0a\u7db2\u767b\u9304\u5e8f\u865f\uff0c\u66f4\u65b9\u4fbf\uff01\nhttps://samsung-education-promotion.twsamsungcampaign.com/\n\n\u8cb7Galaxy Tab S7 \u767b\u9304\u9001\u661f\u610f\u79ae\u4eab\u7d44 (\u647a\u758a\u9375\u76e4+\u5e73\u677f\u6536\u7d0d\u5305)\n\u8cb7Galaxy Tab S7+ \u767b\u9304\u9001\u66f8\u672c\u5f0f\u9375\u76e4\u76ae\u5957 \n#Samsung #GalaxyTabS7Plus\ufeff #TeamGalaxy\n\n\u27ab \u8a02\u95b1\u5b89\u557e\uff1ahttps://goo.gl/KmLFgD\n\u27ab \u5b89\u557eIG\uff1ahttps://www.instagram.com/anjouclever/\n\u27ab \u5b89\u557eFB\uff1ahttps://www.facebook.com/anjoupikachu/\n\nBGM\u4f86\u6e90\uff1ahttp://dova-s.jp/\n\u97f3\u6548\u4f86\u6e90\uff1ahttp://musicisvfr.com/free/index.html",
        "likeCount": "14006",
        "commentCount": "678",
        "viewCount": "545170"
    },
    "comments": [
        {
            "reply_id": "UgxEbALjpdi1EO78ai54AaABAg",
            "reply_content": "\u4f60\u7684\u7b46\u8a18\u505a\u7684\u597d\u53ef\u611b\uff0c\u597d\u6709\u624d\u83ef\ud83d\ude0a"
        },
        {
            "reply_id": "UgxWgeJwxjbYFDBHOpd4AaABAg",
            "reply_content": "\u96fb\u70e4\u7bb1\uff1a\u4e09\u9910\u90fd\u6c92\u8a73\u7d30\u6750\u6599\u5beb\u5728\u4e0b\u9762"
        },
        {
            "reply_id": "UgyNcMbmGdnLOm1u4GZ4AaABAg",
            "reply_content": "\u597d\u770b"
        },
        {
            "reply_id": "UgyZeSk77safrc6YXxl4AaABAg",
            "reply_content": "\u5b89\u557e\u59d0\u59d0\u4f60\u597d\uff0c\u8acb\u554f\u4f60\u662f\u7528\u4ec0\u9ebcapp\u53bb\u7d00\u9304\u97d3\u6587\u8ab2\u7a0b\u7684\u5167\u5bb9\uff1f\u56e0\u70ba\u6211\u73fe\u5728\u4e5f\u5b78\u97d3\u6587\uff0c\u4f46\u662f\u6211\u4e0d\u77e5\u9053\u7528\u4ec0\u9ebcapp\u53bb\u7d00\u9304\u97d3\u6587\u8ab2\u7a0b\u7684\u5167\u5bb9\u6bd4\u8f03\u65b9\u4fbf"
        },
        {
            "reply_id": "Ugxq6opn3Nz-H7NjCl94AaABAg",
            "reply_content": "\u6709\u5104\u9ede\u9ede\u597d\u5947\u90a3\u500b\u7a0b\u5f0f\ud83d\ude02"
        },
        {
            "reply_id": "UgwJITxu_Dj6KH4Jy2J4AaABAg",
            "reply_content": "\u5b89\u557e\u771f\u7684\u5f88\u53ef\u611b\u22ef\n\u5f71\u7247\u90fd\u8d85\u597d\u770b\u7684\u5f88\u7642\u7652\ud83e\udd29\n\u5f88\u958b\u5fc3\u770b\u5230\u4f60\u53c8\u767c\u4e86\u65b0\u5f71\u7247\u96d6\u7136\u4e0d\u662f\u9019\u4e00\u652f\u5566\ud83e\udd23"
        },
        {
            "reply_id": "UgzAxBwXDUnInNUTwC14AaABAg",
            "reply_content": "\u4f60\u53bb\u9f0e\u6cf0\u8c50\u5de5\u4f5c\u7684\u8a71\u6211\u5011\u770b\u751a\u9ebc\uff1f"
        },
        {
            "reply_id": "UgyQVeY9ONpPT8kgJqV4AaABAg",
            "reply_content": "\u6f22\u5821\u592a\u53ef\u611b\u4e86"
        },
        {
            "reply_id": "Ugz2j0tpuia6tDMMpgd4AaABAg",
            "reply_content": "\u4f60\u597d\uff0c\u53ef\u4ee5\u8acb\u6559\u7ae0\u9b5a\u71d2\u6a5f\u662f\u54ea\u500b\u724c\u5b50\u5728\u54ea\u8cb7\u7684\u55ce\uff1f\u6211\u6709\u4e00\u500b\u5f9e\u5927\u962a\u4f86\u53f0\u7063\u5de5\u4f5c\u7684\u670b\u53cb\uff0c\u5f88\u60f3\u8981\u4e00\u53f0\u7ae0\u9b5a\u71d2\u6a5f\u4f86\u81ea\u88fd\u7ae0\u9b5a\u71d2\uff0c\u56e0\u70ba\u75ab\u60c5\u95dc\u4fc2\uff0c\u4ed6\u5df2\u7d932\u5e74\u591a\u6c92\u56de\u65e5\u672c\u4e86\uff0c\u5f88\u60f3\u5ff5\u5bb6\u9109\u7684\u7ae0\u9b5a\u71d2\uff0c\u4ed6\u8aaa\u8ddf\u53f0\u7063\u7684\u5b8c\u5168\u4e0d\u4e00\u6a23\uff0c\u4f60\u7528\u7684\u9019\u53f0\u770b\u8d77\u4f86\u5f88\u4e0d\u932f\uff0c\u6211\u60f3\u8981\u8cb7\u4f86\u9001\u4ed6"
        },
        {
            "reply_id": "UgxgFLgLoL4RCbO9vH54AaABAg",
            "reply_content": "\u8bf7\u95ee\u53ef\u4ee5\u770b\u770b\u4f60\u7684\u5168\u90e8\u7684\u5b66\u97e9\u8bed\u7b14\u8bb0\u5417\uff1f\ud83d\ude01\ud83d\ude01"
        },
        {
            "reply_id": "UgzKvJ5PU50mPeWE5pR4AaABAg",
            "reply_content": "\u5b57\u597d\u597d\u770b"
        },
        {
            "reply_id": "UgyrUAWsyaUqpS4W-iJ4AaABAg",
            "reply_content": "\u98df\u8b5c\u662f\u7528\u90a3\u500b\u7a0b\u5f0f\u963f\uff01"
        },
        {
            "reply_id": "UgwBnhapRBLM_WHHoe94AaABAg",
            "reply_content": "\u54c7\uff5e\u5b57\u597d\u6f02\u4eae"
        },
        {
            "reply_id": "Ugz1B2KPIDpZQqodJZd4AaABAg",
            "reply_content": "\u597d\u529b\u5bb3"
        },
        {
            "reply_id": "Ugyys-Sw6CoMu7qQCIB4AaABAg",
            "reply_content": "\u8b9a"
        },
        {
            "reply_id": "UgwnTSz3BJQOjxrCZfN4AaABAg",
            "reply_content": "\u60f3\u554f\u53ef\u4ee5\u9304\u97f3\u7684\u7b46\u8a18\u6709APP\u540d\u7a31\u55ce? \u9084\u662f\u662f\u4e09\u661f\u7684\u5167\u5efa\u8edf\u9ad4\u963f?"
        },
        {
            "reply_id": "UgxxT09SUQefjBxdvYF4AaABAg",
            "reply_content": "\u59d0\u59d0\u597d\u6703\u64fa\u76e4"
        },
        {
            "reply_id": "UgzgDFPL6EZmbmPiI6N4AaABAg",
            "reply_content": "\u8ff7\u4f60\u6f22\u5821\u597d\u53ef\u611b"
        },
        {
            "reply_id": "UgwnwCn0M-53kdh_9154AaABAg",
            "reply_content": "\u6211\u4e5f\u6b63\u5728\u5b78\u97d3\u6587\u5462\uff01\u6211\u5011\u4e00\u8d77\u52a0\u6cb9\u5427\ud83d\ude04"
        },
        {
            "reply_id": "UgzGraJzn-vnjVdzF7p4AaABAg",
            "reply_content": "\u54c8\u54c8  \u9019\u500b\u7ae0\u9b5a\u71d2\u6a5f\u597d\u53ef\u611b"
        }
    ]
}