{
    "video_info": {
        "id": "K4yjOknx6x4",
        "channelTitle": "\u5b89\u557e\u54aa",
        "title": "\u3010\u65e5\u672c\u79d8\u5bc6\u666f\u9ede\u6de1\u8def\u5cf6\u3011\u552f\u4e00\u7684\u706b\u5f71\u5fcd\u8005\u6a02\u5712\u5c31\u5728\u9019\u88e1\uff01 | \u5b89\u557e (\u309d\u2200\uff65) \u2661",
        "description": "\u4f86\u65e5\u672c\u95dc\u897f\u306e\u79d8\u5883\u63a2\u96aa\uff01\n- - - - - - - - - - - - - - - - - - - - - -\r\n\u27ab \u8a02\u95b1\u5b89\u557e\uff1ahttps://goo.gl/KmLFgD\r\n\u27ab \u5b89\u557eFacebook\uff1ahttps://www.facebook.com/anjoupikachu/\r\n\ud83d\udc39 \u73a9\u5177\u958b\u7bb1\u5168\u96c6\uff1ahttps://goo.gl/91ulRJ\r\n- - - - - - - - - - - - - - - - - - - - - -\r\n\n\u6de1\u8def\u5cf6\u771f\u7684\u662f\u4e00\u500b\u597d\u5403\u53c8\u597d\u73a9\u53c8\u6e05\u5e7d\u7684\u5730\u65b9\n\u8aa0\u646f\u5730\u63a8\u85a6\u5927\u5bb6\uff01\n\n#\u4e2d\u83ef\u822a\u7a7a #\u958b\u555f\u65b0\u95dc\u897f\n\n\u672c\u6b21\u65c5\u7a0b\u611f\u8b1d\u4e2d\u83ef\u822a\u7a7a\n\u95a2\u897f\u56fd\u969b\u7a7a\u6e2f\u5168\u4f53\u69cb\u60f3\u4fc3\u9032\u5354\u8b70\u4f1a\n\u6de1\u8def\u5cf6\u89c0\u5149\u5354\u6703\n\u95a2\u897f\u7a7a\u6e2f\u4ea4\u901a(KATE)\nJ-net\u79df\u8eca\n\n\ud83c\udf4a\u66f4\u591a\u6de1\u8def\u666f\u9ede\uff1ahttps://skyurl.cc/AnjouTravel\r\n\r\n- - - - - - - - - - - - - - - - - - - - - -\r\n\u27a8\u76f8\u95dc\u5f71\u7247\r\n\r\n1/2\u7e2e\u5c0f\u7248\u626d\u86cb\u6a5f \u2606 \u626d\u5230\u4ec0\u9ebc\u5c31\u5403\u4ec0\u9ebc\u7684\u523a\u6fc0\u73a9\u6cd5?!\r\n\u21e2 https://goo.gl/tSJlNG\r\n\u6dbc\u9eb5\u6c34\u6a02\u5712 - \u6d41\u6c34\u7d20\u9eb5\u5f9e\u9ad8\u4f4e\u5dee56cm\u7684\u6ed1\u6c34\u9053\u6e9c\u4e0b\u4f86\u4e86\uff01\r\n\u21e2 https://goo.gl/tgYRy1\r\n\u3010\u77e5\u80b2\u83d3\u5b50\u3011\u99ac\u6876\u6e05\u6dbc\u98f2\u6599\uff01\u7121\u6cd5\u62db\u67b6\u7684\u5473\u9053\uff01\r\n\u21e2 https://goo.gl/n0nnyQ\r\n\u6d77\u5e95\u7e3d\u52d5\u54e12 - Finding Dory \u2606 \u591a\u8389\u5609\u5e74\u83ef\uff01\u9084\u6709\u597d\u591a\u9b5a\u53cb\u5011\uff01\r\n\u21e2 https://goo.gl/oAn42q\r\n\u6703\u5b78\u4f60\u8aaa\u8a71\u7684\u840c\u840c\u5c0f\u5009\u9f20 - \u8981\u6210\u70ba\u4e00\u4f4d\u6559\u5b97\u4e0d\u662f\u90a3\u9ebc\u7c21\u55ae\u7684\u4e8b\u60c5!!\r\n\u21e2 https://goo.gl/8WZaZT\r\n- - - - - - - - - - - - - - - - - - - - - -\r\nBGM\u4f86\u6e90\uff1ahttp://dova-s.jp/\r\n\u97f3\u6548\u4f86\u6e90\uff1ahttp://musicisvfr.com/free/index.html",
        "likeCount": "16393",
        "commentCount": "770",
        "viewCount": "647062"
    },
    "comments": [
        {
            "reply_id": "UgyKXnnJwHTr3-D1f-l4AaABAg",
            "reply_content": "\u6211\u5f88\u4e45\u6c92\u770b\u4f60\u7684\u5f71\u7247\u4e86"
        },
        {
            "reply_id": "UgzDqhtlxXKoMLmIpbR4AaABAg",
            "reply_content": "\u5b89\u557e\u597d\u8b9a\uff0c\u6211\u59b9\u59b9\u4e5f\u559c\u6b61\u706b\u5f71\ud83d\ude0a"
        },
        {
            "reply_id": "Ugxxf3my_ttqjJw8_0B4AaABAg",
            "reply_content": "\u8acb\u554f\u706b\u5f71\u6c92\u6709\u60f3\u8981\u73a9\u8a2d\u65bd\uff0c\u4e5f\u80fd\u9032\u53bb\u8ddf\u4eba\u5f62\u516c\u4ed4\u62cd\u7167\u5c31\u597d\u55ce\uff1f"
        },
        {
            "reply_id": "UgxOHiHL7QEWVzII69N4AaABAg",
            "reply_content": "\u6211\u597d\u60f3\u53bb"
        },
        {
            "reply_id": "UgyZ4BiVHDvxkX4ewbF4AaABAg",
            "reply_content": "\u611f\u89ba\u597d\u597d\u73a9,"
        },
        {
            "reply_id": "UgwrNuYd52wmMi3bUgR4AaABAg",
            "reply_content": "\u5b89\u557e\u597d\u5047\uff01\u5c0d\u670b\u53cb\u66f4\u4e0d\u597d\uff01"
        },
        {
            "reply_id": "UgyIa5qDo16-bv-ewY14AaABAg",
            "reply_content": "\u518d\u770b\u4e00\u6b21\u9084\u662f\u5f88\u559c\u6b61\uff38\uff24"
        },
        {
            "reply_id": "Ugyq4zPTGoKmXMfu_lB4AaABAg",
            "reply_content": "\u6211\u8205\u8205\u53eb\u694a\u5fe0\u96c4"
        },
        {
            "reply_id": "UgxG-2gkdAzgGcdAxxV4AaABAg",
            "reply_content": "\u6709\u8cb7\u4e00\u6a02\u62c9\u9eb5\u7684\u9676\u74f7\u7897\u55ce \u60f3\u6536\uff01\uff1b"
        },
        {
            "reply_id": "UgyMKKd1-8B6TYIEb554AaABAg",
            "reply_content": "\u6559\u4f60\u4f69\u6069\u7684\u53f0\u8a5e \u4e00\u888b\u7c73\u8981\u625b\u5e7e\u6a13 \u4e00\u888b\u7c73\u8981\u625b\u4e8c\u6a13"
        },
        {
            "reply_id": "UgxcPMMfolhX7TNrrkd4AaABAg",
            "reply_content": "\u4ee5\u5f8c\u65e5\u672c\u6703\u84cb\u4e00\u9593\u535a\u4eba\u50b3\u7684\u6a02\u5712\uff0c\u4e4b\u5f8c\u53ef\u4ee5\u518d\u904e\u4f86\u62cd\u651d\u5594xd"
        },
        {
            "reply_id": "UgzFF88zeTprBrXIx4h4AaABAg",
            "reply_content": "\u62ff\u5982\u557e"
        },
        {
            "reply_id": "UgxgsIsN9EVM_Iziivp4AaABAg",
            "reply_content": "\u5b89\u557e\u70ba\u4ec0\u9ebc\u706b\u5f71\u662f\u5224\u5fcd"
        },
        {
            "reply_id": "UgwbXgnDQfCRRkRr9hZ4AaABAg",
            "reply_content": "\u81ea\u4f86\u4e5f\u662f\u8056\u8a95\u8001\u516c\u516c\u55ce\uff1f"
        },
        {
            "reply_id": "UgzVGtCWAU-uTqWKsjh4AaABAg",
            "reply_content": "\u6de1\u8def\u5c9b\u8d85\u8d5e \u660e\u77f3\u6d77\u5ce1\u5927\u6865\u591c\u665a\u597d\u770b\u5440 12\u6708\u53bb\u7684\u6d77\u306e\u6559\u4f1a \u68a6\u821e\u53f0 \u9e23\u95e8\u6f29\u6da1   \u6709\u673a\u4f1a\u8981\u53bb\u770b\u5357\u6de1\u8def\u7684\u6c34\u4ed9"
        },
        {
            "reply_id": "Ugy_UGTmQXZR3uNznOJ4AaABAg",
            "reply_content": "\u6211\u4e5f\u60f3\u53bb\u63a2\u671b\u6211\u670b\u53cb\uff0c\u6211\u7684\u670b\u53cb\u4f4f\u77f3\u57a3\u5cf6\uff0c\u4f46\u662f\u597d\u50cf\u96e2\u65e5\u672c\u9084\u6709\u9ede\u9060\u3002\u3002\u3002\u3002\u3002"
        },
        {
            "reply_id": "Ugxbz4QW0JpgyQAH-CF4AaABAg",
            "reply_content": "\u5b89\u557e\u957f\u5f97\u597d\u50cf\u97e9\u661f\u592a\u598d\u54e6\uff01\uff01"
        },
        {
            "reply_id": "UgyQnpWaWcji0ktsZ7x4AaABAg",
            "reply_content": "\u525b\u525b\u557e\u557e\u558a\u8457 \u79b0\u8c46\u5b50 \u8d77\u4f86 \u597d\u597d\u807d\u5537"
        },
        {
            "reply_id": "UgwTJNOeRDb11mkMek94AaABAg",
            "reply_content": "\u542c\u4f60\u4eec\u8bb2\u8bdd\u611f\u89c9\u8033\u819c\u90fd\u8981\u70b8\u4e86\u5462"
        },
        {
            "reply_id": "UgxGmP9zBiEWmzXB2jJ4AaABAg",
            "reply_content": "\u6d0b\u8471\u653e\u5230\u51b0\u7bb1\u5c31\u53ef\u4ee5\u53d8\u751c\uff1f"
        }
    ]
}