{
    "video_info": {
        "id": "KHjy79YbcH4",
        "channelTitle": "\u5b89\u557e\u54aa",
        "title": "\u958b\u7bb1\u6211\u53ef\u611b\u7684\u5cf6\uff01\u52d5\u7269\u68ee\u53cb\u6703\u5230\u5e95\u54ea\u88e1\u597d\u73a9\uff1f\uff01| \u5b89\u557e (\u309d\u2200\uff65) \u2661",
        "description": "\u9019\u500b\u6708\u6211\u9032\u4e86\u7cbe\u795e\u6642\u5149\u5c4b\n\u5b89\u557e\u5cf6\u5922\u5883\u9580\u724c\u865f\uff1aDA-8686-3055-6928\n\u27ab \u8a02\u95b1\u5b89\u557e\uff1ahttps://goo.gl/KmLFgD\n\u27ab \u5b89\u557eIG\uff1ahttps://www.instagram.com/anjouclever/\n\u27ab \u5b89\u557eFB\uff1ahttps://www.facebook.com/anjoupikachu/\n\ud83d\udc39 \u73a9\u5177\u958b\u7bb1\u5168\u96c6\uff1ahttps://goo.gl/91ulRJ\n\n\u27a8\u5176\u4ed6\u5b89\u557e\u5f71\u7247\n1/2\u7e2e\u5c0f\u7248\u626d\u86cb\u6a5f \u2606 \u626d\u5230\u4ec0\u9ebc\u5c31\u5403\u4ec0\u9ebc\u7684\u523a\u6fc0\u73a9\u6cd5?!\n\u21e2 https://goo.gl/tSJlNG\n\u6dbc\u9eb5\u6c34\u6a02\u5712 - \u6d41\u6c34\u7d20\u9eb5\u5f9e\u9ad8\u4f4e\u5dee56cm\u7684\u6ed1\u6c34\u9053\u6e9c\u4e0b\u4f86\u4e86\uff01\n\u21e2 https://goo.gl/tgYRy1\n\u3010\u77e5\u80b2\u83d3\u5b50\u3011\u99ac\u6876\u6e05\u6dbc\u98f2\u6599\uff01\u7121\u6cd5\u62db\u67b6\u7684\u5473\u9053\uff01\n\u21e2 https://goo.gl/n0nnyQ\n\u6d77\u5e95\u7e3d\u52d5\u54e12 - Finding Dory \u2606 \u591a\u8389\u5609\u5e74\u83ef\uff01\u9084\u6709\u597d\u591a\u9b5a\u53cb\u5011\uff01\n\u21e2 https://goo.gl/oAn42q\n\u6703\u5b78\u4f60\u8aaa\u8a71\u7684\u840c\u840c\u5c0f\u5009\u9f20 - \u8981\u6210\u70ba\u4e00\u4f4d\u6559\u5b97\u4e0d\u662f\u90a3\u9ebc\u7c21\u55ae\u7684\u4e8b\u60c5!!\n\u21e2 https://goo.gl/8WZaZT\n\nBGM\u4f86\u6e90\uff1ahttp://dova-s.jp/\n\u97f3\u6548\u4f86\u6e90\uff1ahttp://musicisvfr.com/free/index.html",
        "likeCount": "23631",
        "commentCount": "1149",
        "viewCount": "1085422"
    },
    "comments": [
        {
            "reply_id": "Ugz5KT9wwezbgV8-8PJ4AaABAg",
            "reply_content": "\u4fdd\u7f85\u662f\u6211\u5cf6\u7684\u5c45\u6c11,\u54c8\u54c8\ud83d\ude02,\u4ed6\u8d85\u611b\u5403\u7684"
        },
        {
            "reply_id": "UgyfjcjajnDQ0Z_uB9h4AaABAg",
            "reply_content": "\u7c89\u7d05\u8272\u7684\u5c0f\u677e\u9f20\u548c\u6211\u7684\u5a03\u5a03\u597d\u50cf\u5594"
        },
        {
            "reply_id": "UgznJgp3OcrDmGA0HWB4AaABAg",
            "reply_content": "\u6211\u662f\u73a9\u624b\u6a5f\u80fd\u4e0b\u8f09\u7684\u53e3\u888b\u68ee\u53cb\u6703"
        },
        {
            "reply_id": "UgzAniSso6-XpWg8s2l4AaABAg",
            "reply_content": "\u6211\u7684\u521d\u59cb\u5cf6\u6c11\u4e5f\u662f\u9db4\u8332"
        },
        {
            "reply_id": "UgxQe0PJPChP9kH11ht4AaABAg",
            "reply_content": "\u600e\u9ebc\u62ff\u6771\u897f\u5594"
        },
        {
            "reply_id": "Ugw2LH9pQ1q7N4AfEHZ4AaABAg",
            "reply_content": "\u5b89\u557e\u6211\u53ef\u4ee5\u52a0\u4f60\u597d\u53cb\u55ce,\u5982\u679c\u53ef\u4ee5\u4f60\u53ef\u4ee5\u7d66\u6211\u4f60\u7684\u670b\u53cb\u7de8\u865f\u55ce"
        },
        {
            "reply_id": "UgxlaqA0e0Wcx9u-JZ54AaABAg",
            "reply_content": "\u9084\u6709\u611b\u5fc3\u6e56"
        },
        {
            "reply_id": "UgxYp3diU0y3RrPzSAJ4AaABAg",
            "reply_content": "\u90fd\u662f\u5b89\u557e\u9f20"
        },
        {
            "reply_id": "UgzT1xBe3rg3LIYc6Mx4AaABAg",
            "reply_content": "\u6211\u4ee5\u7d93\u62cb\u68c4\u52d5\u7269\u68ee\u53cb\u6703\u4e86\uff0c\u6211\u5728\u73a9\u5bf6\u53ef\u5922\u5927\u96c6\u5408\u5718\u9ad4\u5c0d\u6230\u6bd4\u52d5\u7269\u68ee\u53cb\u6703\u597d\u73a9\u5341\u500d\uff01"
        },
        {
            "reply_id": "UgyVFDe6O-d8gMqewdd4AaABAg",
            "reply_content": "\u6211\u4e5f\u6709\u73a9\u52d5\u7269\u68ee\u53cb\u6703"
        },
        {
            "reply_id": "UgwlJBWk_s5eUQUXCh14AaABAg",
            "reply_content": "\u6211\u4e5f\u6709\u73a9"
        },
        {
            "reply_id": "Ugwty1k1vjOuVE1HQc94AaABAg",
            "reply_content": "\u597d\u60f3\u73a9 \u4f46\u6c92\u9322 \u55da\u55da\u55da"
        },
        {
            "reply_id": "Ugxxw8YlMJRWxkpzHzd4AaABAg",
            "reply_content": "\u5b89\u557e\u4f60\u8072\u97f3\u597d\u53ef\u611b\ud83d\ude00\ud83d\ude00"
        },
        {
            "reply_id": "UgxXRDpZJfbpsxHztrt4AaABAg",
            "reply_content": "\u6b66\u6c49\u80ba\u708e\uff0c\u4e2d\u56fd\u653e\u6bd2\uff0c\u5929\u706d\u4e2d\u56fd\u3002"
        },
        {
            "reply_id": "UgwGDKDHl9powlSFfoF4AaABAg",
            "reply_content": "\u6211\u7684\u52d5\u7269\u8aaa\u6211\u662fKk\u5927\u5927\u6211\u7684\u52d5\u7269\u4e5f\u53eb\u6211\u63db\u4e00\u500b\u53e3\u982d\u79aa"
        },
        {
            "reply_id": "UgwyjUNRMX3VaaziOGF4AaABAg",
            "reply_content": "\u6211\u4e5f\u6709\u9db4\u8332\u311a"
        },
        {
            "reply_id": "Ugyhi-zo0bW4fJthFeJ4AaABAg",
            "reply_content": "\u6211\u6709\u53bb\u4f60\u7684\u5cf6"
        },
        {
            "reply_id": "UgzLgTY9PCliODVuBG54AaABAg",
            "reply_content": "\u6211\u662f\u963f\u59ca"
        },
        {
            "reply_id": "Ugw162ofv-LNspf6lfd4AaABAg",
            "reply_content": "\u5b89\u557e\uff0c\u53b2\u5bb3"
        },
        {
            "reply_id": "UgzWlTO7LiJHPxt2QJp4AaABAg",
            "reply_content": "\u4f60\u50cf\u5c0f\u96e8"
        }
    ]
}