{
    "video_info": {
        "id": "l02l7PkSGUg",
        "channelTitle": "\u5b89\u557e\u54aa",
        "title": "\u9032\u5316\u7cfb\u6f02\u6d6e\u5927\u798f\uff01| \u5b89\u557e (\u309d\u2200\uff65) \u2661",
        "description": "\u27ab \u8a02\u95b1\u5b89\u557e\uff1ahttps://goo.gl/KmLFgD\n\u27ab \u5b89\u557eIG\uff1ahttps://www.instagram.com/anjouclever/\n\u27ab \u5b89\u557eFB\uff1ahttps://www.facebook.com/anjoupikachu/\n\ud83d\udc39 \u73a9\u5177\u958b\u7bb1\u5168\u96c6\uff1ahttps://goo.gl/91ulRJ",
        "likeCount": "1729",
        "commentCount": "13",
        "viewCount": "33909"
    },
    "comments": [
        {
            "reply_id": "Ugz8XmTJt_flniDmcYp4AaABAg",
            "reply_content": "\u807d\u5230\u770b\u5230\u5b89\u557e\u5c31\u9032\u5316\u8d77\u4f86\u4e86"
        },
        {
            "reply_id": "UgwuV5-ceB8OSN8wwcl4AaABAg",
            "reply_content": "\u770b\u8d77\u4f86\u597d\u597d\u5403"
        },
        {
            "reply_id": "UgxnJ_v8uxO_O-KC6QZ4AaABAg",
            "reply_content": "\u9019\u624d\u4e0d\u662f\u5927\u798f"
        },
        {
            "reply_id": "UgwTIVD59RievtpvMPh4AaABAg",
            "reply_content": "\u6240\u4ee5 \u5916\u5e36\u5c31\u6c92\u6709\u98c4\u6d6e\u4e86\u55ce\ud83d\ude22"
        },
        {
            "reply_id": "UgxJAT0PXzkTus2QImB4AaABAg",
            "reply_content": "\u5fc3\u9748\u9032\u5316\u8868\n\u770b\u5b89\u557e\u53ef\u9032\u5316\u4e00\u500d\n\u5403\u7f8e\u98df\u53ef\u9032\u5316\u4e00\u500d\n\u770b\u8457\u5b89\u557e\u5403\u7f8e\u98df\u53ef\u9032\u5316n\u500d"
        },
        {
            "reply_id": "UgzuZUmoc9HKNTEaghp4AaABAg",
            "reply_content": "\u7b2c\u4e00\u6b21\u7b2c\u4e00\u500b\u7559\u8a00\n\u770b\u8d77\u4f86\u8d85\u597d\u5403\u7684\u5566\n\u597d\u5947\u554f\u5927\u798f\u662f\u600e\u9ebc\u61f8\u6d6e\u7684"
        }
    ]
}