{
    "video_info": {
        "id": "l32HBPbWkiw",
        "channelTitle": "\u5b89\u557e\u54aa",
        "title": "\u65e5\u672c\u4e94\u6b3e\u7206\u8ce3\u798f\u888b\u958b\u7bb1\uff01\u7adf\u7136\u6709\u9019\u7a2e\u5947\u602a\u7684\u798f\u888b....\uff01| \u5b89\u557e (\u309d\u2200\uff65) \u2661",
        "description": "\u4ee5\u5f8c\u6211\u8981\u80cc\u6d77\u737a\u51fa\u9580\u4e86\n\u27ab \u8a02\u95b1\u5b89\u557e\uff1ahttps://goo.gl/KmLFgD\n\u27ab \u5b89\u557eIG\uff1ahttps://www.instagram.com/anjouclever/\n\u27ab \u5b89\u557eFB\uff1ahttps://www.facebook.com/anjoupikachu/\n\ud83d\udc39 \u73a9\u5177\u958b\u7bb1\u5168\u96c6\uff1ahttps://goo.gl/91ulRJ\n\nBGM\u4f86\u6e90\uff1ahttp://dova-s.jp/\n\u97f3\u6548\u4f86\u6e90\uff1ahttp://musicisvfr.com/free/index.html",
        "likeCount": "10408",
        "commentCount": "495",
        "viewCount": "312167"
    },
    "comments": [
        {
            "reply_id": "UgzzGq1jFtrAHJjmoTx4AaABAg",
            "reply_content": "\u5b89\u557e\u7a7f\u725b\u725b\u7761\u8863\u5be6\u5728\u662f\u53ef\u611b\u5230\u7206\u70b8XD"
        },
        {
            "reply_id": "Ugx2_tv8ruSID5id6Zd4AaABAg",
            "reply_content": "\u9ed1\u8272\u88d9\u5b50\u8d85\u597d\u770b\ud83e\udd29"
        },
        {
            "reply_id": "UgyOLqtrlrn5JxS6ZOt4AaABAg",
            "reply_content": "\u5b89\u557e\u5b89\u557e\uff0c\u9019\u4e9b\u798f\u888b\u662f\u53ef\u4ee5\u76f4\u63a5\u8cb7\u56de\u53f0\u7063\u7684\u55ce\uff1f\u9084\u662f\u8981\u627e\u4ee3\u8cfc\uff1f"
        },
        {
            "reply_id": "Ugw4wwFabeC5waDShlV4AaABAg",
            "reply_content": "\u5b89\u557e\u771f\u7684\u592a\u53ef\u611b\u4e86\uff01\u8b8a\u8eab\u5fcd\u8005\u7684\u9700\u6c42\u771f\u7684\u5f88\u91cd\u8981\uff01\u5fc5\u9808\u7684\ud83d\ude02\ud83d\ude02\ud83d\ude02"
        },
        {
            "reply_id": "UgxrMf5gRv1fnTcF4g54AaABAg",
            "reply_content": "\u8b9a"
        },
        {
            "reply_id": "UgxtGy-0D7fodzYBzuR4AaABAg",
            "reply_content": "\u4f60\u7a7f\u54ea\u4e2a\u90fd\u597d\u597d\u770b"
        },
        {
            "reply_id": "Ugx6-ZnZEseoUJ6-Ge54AaABAg",
            "reply_content": "\u611f\u8b1d\u81ea\u6211\u63a2\u7d22"
        },
        {
            "reply_id": "UgyxajRIho1BsGMq_vN4AaABAg",
            "reply_content": "\u8d85\u7d1a\u559c\u6b61\uff5e\n\u5b89\u557e\u662f\u6211\u7684\u6642\u5c1a\u7a97\u53e3\n\u6bcf\u6b21\u90fd\u89ba\u5f97\u767c\u73fe\u65b0\u5927\u9678\uff5e"
        },
        {
            "reply_id": "UgyXQ2M1wiun0-QHNDt4AaABAg",
            "reply_content": "\u6ce1\u6ce1\u90a3\u908a\u7684\u624b\u624b\u662f\u85cd\u4ea6\u660e\u7684\u55ce\ud83d\ude02\ud83d\ude02"
        },
        {
            "reply_id": "UgwxxtggxIumQiACQB14AaABAg",
            "reply_content": "\u7b2c\u4e00\u500b\u798f\u888b\u597d\u53ef\u611b\uff01"
        },
        {
            "reply_id": "UgwOjPCorJc9OBxrqoZ4AaABAg",
            "reply_content": "\u6c34\u737a\u597d\u53ef\u611b\uff01"
        },
        {
            "reply_id": "UgyUc9lJBdcIOSRMCTR4AaABAg",
            "reply_content": "\u559c\u6b61\u798f\u888b\u958b\u7bb1"
        },
        {
            "reply_id": "UgyY5eCUXABMCk8JAVR4AaABAg",
            "reply_content": "\u725b\u5c41\u80a1\u4e5f\u592a\u53ef\u611b\u4e86\u5427 \u597d\u60f3\u8cb7\u4e00\u4ef6\u963f\n\u4f46\u53f0\u7063\u597d\u71b1..\n\u53e6\u5916\u4ed6\u5011\u5bb6\u7684\u74b0\u4fdd\u888b\u6211\u89ba\u5f97\u4e5f\u662f\u883b\u4e0d\u932f\u7684\u6b3e\u5f0f\uff0c\u6bd4\u8d77\u53f0\u7063\u7684\uff0c\u4ed6\u6536\u7d0d\u66f4\u70ba\u65b9\u4fbf\n\n\u89ba\u5f97\u6700\u96f7\u7684\u5c31\u662f\u90a3\u4ef6\u5f8c\u9762\u6709\u5b57\u7684\u8863\u670d\u4e86"
        },
        {
            "reply_id": "Ugw5-lDi6thwWQdkKeJ4AaABAg",
            "reply_content": "\u72d0\u6aac\u771f\u7684\u662f\u7ecf\u5178"
        },
        {
            "reply_id": "UgzMlErJspf7_EFtbA54AaABAg",
            "reply_content": "\u6709\u8da3\u6709\u8da3"
        },
        {
            "reply_id": "UgzuA3cqDJ8eosyZCkJ4AaABAg",
            "reply_content": "\u5b89\u79cb\u771f\u7684\u597d\u53ef\u7231\u5440 \ud83d\ude0d"
        },
        {
            "reply_id": "UgzaNeMp4yno8-X0qzZ4AaABAg",
            "reply_content": "\u5b89\u557e\u597d\u53ef\u611b"
        },
        {
            "reply_id": "UgykjyDsQtQkrXmnajJ4AaABAg",
            "reply_content": "\u597d\u53ef\u611b"
        },
        {
            "reply_id": "UgxIKdhe1nwjGVw0cFJ4AaABAg",
            "reply_content": "\u773c\u775b\u7684\u90e8\u5206\u770b\u8d77\u4f86\u602a\u602a\u7684\n\u5b89\u557e\u4f60\u9084\u597d\u55ce\uff1f"
        },
        {
            "reply_id": "Ugz0XIHkcY0VJJipZIB4AaABAg",
            "reply_content": "\u6c34\u737a\u8170\u5305\u4e5f\u592a\u53ef\u611b\u4e86\u5427\u54c8\u54c8\u54c8\u54c8"
        }
    ]
}