{
    "video_info": {
        "id": "LFshakvyRE4",
        "channelTitle": "\u5b89\u557e\u54aa",
        "title": "\u6311\u6230\u65e5\u672c\u7206\u7d05\u751c\u9ede\uff01\u7f6a\u60e1\u9bae\u5976\u6cb9\u6eff\u6eff\u7684\u7f85\u99ac\u751f\u4e73\u5305\uff01| \u5b89\u557e (\u309d\u2200\uff65) \u2661",
        "description": "\u4e0d\u89ba\u5f97\u9019\u6a23\u6c42\u5a5a\u771f\u7684\u5f88\u5371\u96aa\u55ce\uff01\n\u27ab \u8a02\u95b1\u5b89\u557e\uff1ahttps://goo.gl/KmLFgD\n\u27ab \u5b89\u557eIG\uff1ahttps://www.instagram.com/anjouclever/\n\u27ab \u5b89\u557eFB\uff1ahttps://www.facebook.com/anjoupikachu/\n\ud83d\udc39 \u73a9\u5177\u958b\u7bb1\u5168\u96c6\uff1ahttps://goo.gl/91ulRJ\n\nBGM\u4f86\u6e90\uff1ahttp://dova-s.jp/\n\u97f3\u6548\u4f86\u6e90\uff1ahttp://musicisvfr.com/free/index.html",
        "likeCount": "5183",
        "commentCount": "166",
        "viewCount": "139559"
    },
    "comments": [
        {
            "reply_id": "UgzGTYoRhXs6HvVFFg94AaABAg",
            "reply_content": "\u65e5\u672c\u4eba"
        },
        {
            "reply_id": "UgxdcSHiOSZms1iZFrd4AaABAg",
            "reply_content": "\u5b89\u557e\u4eca\u5e74\u5fd8\u8a18\u5009\u9f20\u65e5\u4e86\u2026\u2026\u54ed"
        },
        {
            "reply_id": "UgxIL5eeozDfHIort4d4AaABAg",
            "reply_content": "\u5b89\u557e\u662f\u4e0d\u662f\u6709\u53bb\u8d70\u9418\u734e"
        },
        {
            "reply_id": "Ugy4s6mZNSXf1svU_Kp4AaABAg",
            "reply_content": "\u770b\u5b89\u557e\u7684\u5f71\u7247\u597d\u7597\u6108"
        },
        {
            "reply_id": "UgynLilpnQPUJUJZP4J4AaABAg",
            "reply_content": "\u70e4\u592a\u4e45"
        },
        {
            "reply_id": "UgzygWlSWQXqojq6bRN4AaABAg",
            "reply_content": "\u770b\u5b89\u557e\u505a\u98df\u7269\u5f88\u50cf\u5728\u505a\u52de\u4f5c"
        },
        {
            "reply_id": "UgxqQYQhCgJoB-zeSTF4AaABAg",
            "reply_content": "\u6700\u559c\u6b22\u770b\u5b89\u557e\u505a\u7f8e\u98df\u4e86\uff0c\u4e0d\u8fc7\u5462\uff0c\u8fd9\u4e2a\u5176\u5b9e\u53eb\u505a\u6ce1\u8299\uff0c\u53ef\u80fd\u6709\u4e0d\u540c\u7684\u8bf4\u6cd5\u5427"
        },
        {
            "reply_id": "UgwWCYzrRQ-2LHAjqqd4AaABAg",
            "reply_content": "\u5b89\u557e\u6709\u6c92\u6709\u8003\u616e\u5531\u6b4c\u62cdMv\uff0c\u56e0\u70ba\u6211\u89ba\u5f97\u5b89\u557e\u5531\u6b4c\u5f88\u597d\u807d\uff0c\u4f60\u53ef\u4ee5\u8003\u616e\u770b\u770b"
        },
        {
            "reply_id": "UgxcFDe7nMA-b7-GjLZ4AaABAg",
            "reply_content": "\u9084\u6709\u8ddf\u5c0a\u62cd\u7247\u55ce\uff1f"
        },
        {
            "reply_id": "UgzsLiGC9vj4zhj9Xsh4AaABAg",
            "reply_content": "\u611f\u89ba\u5982\u679c\u6492\u4e0a\u82b1\u751f\u7c89\uff0c\u6069\uff01\u597d\u50cf\u4f3c\u66fe\u76f8\u4f3c\uff01\uff01"
        },
        {
            "reply_id": "UgyuksUIBjpvVJpX2Ix4AaABAg",
            "reply_content": "\u6211\u5403\u904e\u7684\u751f\u4e73\u5305\n\u611f\u89ba\u81fa\u7063\u7684\u82b1\u751f\u5976\u6cb9\u593e\u5fc3\u9eb5\u5305\uff08\u4e5f\u6709\u8349\u8393\u7684\uff09\n\u6709\u7570\u66f2\u540c\u5de5\u4e4b\u5999\n\u90fd\u662f\u7f8e\u98df\u554a"
        },
        {
            "reply_id": "UgwG8evMjqrBEYH_vRF4AaABAg",
            "reply_content": "\u8b9a"
        },
        {
            "reply_id": "Ugz488AVCbyFryptdal4AaABAg",
            "reply_content": "\u53ea\u8981\u662f\u5b89\u557e\u505a\u7684\u90fd\u662f\u53ef\u4ee5\u7684\u5566~~"
        },
        {
            "reply_id": "UgzBeC3If9eVxP51TKZ4AaABAg",
            "reply_content": "\u4e0b\u6b21\u5207\u958b\u7684\u6642\u5019\u53ef\u4ee5\u5f9e\u4e0a\u65b91/3\u8655\u5207 \u518d\u586b\u5165\u9bae\u5976\u6cb9\u770b\u8d77\u4f86\u6703\u66f4\u5927 \u6211\u516c\u53f8\u662f\u9019\u6a23\u505a\u7684"
        },
        {
            "reply_id": "UgxlAsMJ-jPCd04UPkx4AaABAg",
            "reply_content": "\u5b89\u557e\u63c9\u9eb5\u5718\u770b\u8d77\u4f86\u771f\u7684\u8d85\u8f9b\u82e6\u7684\ud83e\udd23\ud83e\udd23"
        },
        {
            "reply_id": "Ugyx0fY9RecJhmzsF1F4AaABAg",
            "reply_content": "\u5b89\u557e\u7684\u76ae\u819a\u597d\u4eae!\n\u60f3\u8aaa\u600e\u9ebc\u8b8a\u66f4\u7f8e\u4e86"
        },
        {
            "reply_id": "UgyX4iI51UX57MfrBG94AaABAg",
            "reply_content": "\u5343\u5343\u4e5f\u505a\u904e\u5de8\u5927\u7248\u7684\u751f\u4e73\u5305\ud83e\udd23\n\u6211\u4e5f\u8d85\u611b\u9bae\u5976\u6cb9\uff01\n\u6eff\u6eff\u9bae\u5976\u6cb9\u7684\u6771\u897f\u5c31\u662f\u597d\u5403\uff08\u96d6\u7136\u71b1\u91cf\u70b8\u4e86\ud83e\udd23"
        },
        {
            "reply_id": "UgyUIJ_sNYsVwCwzf_94AaABAg",
            "reply_content": "\u770b\u5b89\u557e\u505a\u751c\u9ede\uff0c\u5c31\u50cf\u73a9\u73a9\u5177\u4e00\u6a23\u7684\u7642\u6108\uff0c\n\u505a\u751c\u9ede\u7684\u6210\u529f\u7387\u4e5f\u8d8a\u4f86\u8d8a\u9ad8\u4e86~"
        },
        {
            "reply_id": "Ugw-PBP3hFQPVGXubYF4AaABAg",
            "reply_content": "\u5b89\u557e\u66f4\u65b0\u7684\u983b\u7387\u6709\u4eba\u77e5\u9053\u55ce\uff1f"
        },
        {
            "reply_id": "Ugwtyz6Tw9OQd7niZ2B4AaABAg",
            "reply_content": "\u9023\u5169\u5929\u90fd\u662f\u505a\u98df\u7269\uff0c\u592a\u6eff\u8db3\u4e86"
        }
    ]
}