{
    "video_info": {
        "id": "LfzLKfRdksw",
        "channelTitle": "\u5b89\u557e\u54aa",
        "title": "\u4eba\u751f\u9996\u6b21\u6311\u6230\u6c34\u4e0b\u651d\u5f71 \u539f\u4f86\u6211\u6ce1\u7684\u662f\u96de\u6e6f | \u5b89\u557e (\u309d\u2200\uff65) \u2661",
        "description": "\u27ab \u8a02\u95b1\u5b89\u557e\uff1ahttps://goo.gl/KmLFgD\n\u27ab \u5b89\u557eIG\uff1ahttps://www.instagram.com/anjouclever/\n\u27ab \u5b89\u557eFB\uff1ahttps://www.facebook.com/anjoupikachu/\n\ud83d\udc39 \u73a9\u5177\u958b\u7bb1\u5168\u96c6\uff1ahttps://goo.gl/91ulRJ",
        "likeCount": "22086",
        "commentCount": "106",
        "viewCount": "491473"
    },
    "comments": [
        {
            "reply_id": "UgytKvvi0LIgcYMJMph4AaABAg",
            "reply_content": "\u55ef...\u9019\u6c34\u65cf\u7bb1\u611f\u89ba\u653e\u9ede\u6cf0\u570b\u8766\u4e0b\u53bb\u6eff\u9069\u5408\u7684"
        },
        {
            "reply_id": "UgzqpOr5AVQMQSzWb8F4AaABAg",
            "reply_content": "\u6eab\u99a8\u63d0\u9192\uff0c\u770b\u9019\u500b\u5f71\u7247\u53ef\u4ee5\u547c\u5438"
        },
        {
            "reply_id": "UgzPu8uDrr1z0dj6zpR4AaABAg",
            "reply_content": "\u597d\u9999\u5594"
        },
        {
            "reply_id": "UgyNV8bIleMd_crea4J4AaABAg",
            "reply_content": "\u6050\u61fc\u662f\u4ec0\u9ebc\uff1f\n\uff1a\u7b2c\u4e00\u6b21\u8003\u4e86\u500b\u4e0d\u53ca\u683c\uff0c\u8003\u5377\u9084\u8981\u8a02\u7c3d"
        },
        {
            "reply_id": "Ugzf-FOKeWwi6tUopG54AaABAg",
            "reply_content": "\u6050\u61fc\u662f\u4ec0\u9ebc\uff1f\u5c31\u662f\u6211\u60f3\u5c0d\u59b3\u8272\u8272\uff0c\u537b\u6015\u88ab\u544a\u3002"
        },
        {
            "reply_id": "UgyeLLAq0pU9CX_JQRd4AaABAg",
            "reply_content": "\u5b89\u557e\u771f\u7684\u662f\u771f\u6b63\u7684\u5973\u795e"
        },
        {
            "reply_id": "Ugxk_rYKrzWq-t0lhrV4AaABAg",
            "reply_content": "\u597d\u53b2\u5bb3 \u662f\u6211\u61c9\u8a72\u4e0d\u6562\u6311\u6230"
        },
        {
            "reply_id": "UgzvY53nxKZVkVsu2D94AaABAg",
            "reply_content": "\u7a81\u7136\u6709\u9ede\u5f8c\u6094\u8fd1\u8996\uff0c\u6c34\u4e0b\u775c\u773c\u4e00\u7247\u7cca\ud83d\ude05"
        },
        {
            "reply_id": "Ugyp2cQC-zqXMKbLBZd4AaABAg",
            "reply_content": "\u554f\u7b54\u7121\u7528~\u6c34\u5730\u7344"
        },
        {
            "reply_id": "UgwPt0-KY5lkFWXY6yN4AaABAg",
            "reply_content": "\u597d\u7f8e"
        },
        {
            "reply_id": "Ugz4wNRxMsnWtPRH6BR4AaABAg",
            "reply_content": "\u7a81\u7136\u60f3\u5230\u9ad8\u4e2d\u6e38\u6cf3\u8ab2\u8003\u8a66\u7684\u6642\u5019\uff0c\n\u4e00\u958b\u59cb\u6e38\u51fa\u53bb\u4e00\u4e9b\u5c31\u6c92\u9054\u5230\u6a19\u6e96\u88ab\u53eb\u56de\u4f86\u91cd\u4f86\u3002\n\u5f8c\u9084\u662f\u975c\u4e0b\u5fc3\u4f86\u601d\u8003\u8003\u8a66\u6b65\u9a5f\u5f8c\u624d\u9806\u5229\u7684\u5b8c\u6210\u8003\u8a66\ud83e\udd23"
        },
        {
            "reply_id": "UgxPDLKvepfvdXkclBp4AaABAg",
            "reply_content": "\u62cd\u904e\u6c34\u4e0b\u651d\u5f71\n\u771f\u7684\u5f88\u96e3\u4e5f\u5f88\u7d2f\n\u9084\u5f88\u51b7"
        },
        {
            "reply_id": "UgxRQjKh6oI9qvEVOEh4AaABAg",
            "reply_content": "\u9732\u9f52\u7b11\u6211\u770b\u770b"
        },
        {
            "reply_id": "UgxkPsm-O0xc6Qxi-sJ4AaABAg",
            "reply_content": "\u4e0d\u6703\u7f3a\u6c27\u55ce\uff1f\u770b\u5230\u5b89\u557e\u775c\u958b\u773c\u775b\u6211\u773c\u775b\u597d\u75db"
        },
        {
            "reply_id": "UgyyA6auEzCtQKTCSDp4AaABAg",
            "reply_content": "\u5f88\u68d2\u7684\u5f71\u7247 \u8aaa\u7684\u5f88\u597d \u6211\u5f88\u8a8d\u540c"
        },
        {
            "reply_id": "UgxqtjfsqVLu2k7eTnx4AaABAg",
            "reply_content": "\u6211\u6050\u9ad8\uff0c\u6211\u5728\u6211\u5b66\u6821\u770b\u5230\u8fd9\u4e48\u9ad8\u7684\u65f6\u5019(\u56e0\u4e3a\u6211\u90a3\u4e2a\u697c\u5c42\u4e5f\u633a\u9ad8\u7684)\uff0c\u6211\u6015\u6211\u773c\u955c\u6389\u4e0b\u53bb\uff0c\u7136\u540e\u6211\u7236\u6bcd\u8981\u7528\u94b1\uff0c\u8fd8\u9a82\u6211\u8fd9\u4e48\u4e0d\u5c0f\u5fc3\uff0c\u800c\u4e14\u8fd8\u6709\u53e6\u5916\u4e00\u4e2a\u539f\u56e0\uff0c\u6211\u4e5f\u4e0d\u77e5\u9053\u4e3a\u4ec0\u4e48\u6211\u5f9e\u5f88\u9ad8\u7684\u5730\u65b9\u5f80\u4e0b\u770b\u7684\u65f6\u5019\uff0c\u6211\u5c31\u89c9\u5f97\u6211\u4f1as\uff0c\u6240\u4ee5\u6211\u5c31\u662f\u5f88\u5bb3\u6015\ud83d\ude22"
        },
        {
            "reply_id": "UgwX90fGIvyROZRr6GB4AaABAg",
            "reply_content": "\u6562\u4e0d\u6562\u7a7f\u7740\u5973\u4eba\u7684\u6e38\u6cf3\u8863\u53bb\u6e38\u6cf3\u6c60\u6e38\u6cf3"
        },
        {
            "reply_id": "Ugx19_FF-tsnggKNgrp4AaABAg",
            "reply_content": "\u6211"
        },
        {
            "reply_id": "UgyU7yjMmxFRhwEloTp4AaABAg",
            "reply_content": "\u7b49\u7b49\u4f60\u9084\u6c92\u8aaa\u907a\u8a00"
        },
        {
            "reply_id": "Ugx_ly-np0BcUiO7Ff94AaABAg",
            "reply_content": "\u6700\u5f8c\u4e00\u53e5\u6c92\u807d\u6e05 \u807d\u6210 \u539f\u4f86\u5357\u74dc\u5c31\u5728\u81ea\u5df1\u7684\u5167\u5fc3"
        }
    ]
}