{
    "video_info": {
        "id": "lKS6rgx0_nw",
        "channelTitle": "\u5b89\u557e\u54aa",
        "title": "\u6dfa\u8349\u6700\u65b0\u8d85\u4eba\u6c23\u5c0f\u5403TOP9\uff01\u9084\u6709\u514d\u8cbb\u770b\u591c\u666f\u7684\u96b1\u85cf\u666f\u9ede\uff5e\u266a | \u5b89\u557e (\u309d\u2200\uff65) \u2661",
        "description": "\u4e00\u8d77\u5403\u5403\u559d\u559d\uff01\n\u4e0b\u8f09Surfshark VPN\nhttps://surfshark.deals/anjou\n\u8f38\u5165\u5c08\u5c6c\u512a\u60e0\u78bc anjou\uff0c\u5c31\u53ef\u4ee5\u7372\u5f97\u300c\u4e00\u4e03\u6298\u300d\u512a\u60e0\n\u9084\u67093\u500b\u6708\u7684\u514d\u8cbb\u8a66\u7528\u671f\u54e6\uff01\n\n\u27ab \u8a02\u95b1\u5b89\u557e\uff1ahttps://goo.gl/KmLFgD\n\u27ab \u5b89\u557eIG\uff1ahttps://www.instagram.com/anjouclever/\n\u27ab \u5b89\u557eFB\uff1ahttps://www.facebook.com/anjoupikachu/\n\ud83d\udc39 \u73a9\u5177\u958b\u7bb1\u5168\u96c6\uff1ahttps://goo.gl/91ulRJ",
        "likeCount": "3269",
        "commentCount": "177",
        "viewCount": "120576"
    },
    "comments": [
        {
            "reply_id": "UgyePZwEn2eEsm72D_V4AaABAg",
            "reply_content": "\u60f3\u8acb\u554fkesa\u548c\u670d\u79df\u501f\u6709\u4e2d\u6587\u670d\u52d9\u4eba\u54e1\u55ce\uff1f\u53c8\u6216\u8005\u6709\u554f\u984c\u6642\u8a72\u5982\u4f55\u6e9d\u901a\u5462\uff1f\u6709\u5206\u5c3a\u78bc\u55ce\uff1f\u60f3\u5e36\u8089\u8089\u5c11\u5973\u53bb\u9ad4\u9a57\u4e00\u4e0b\u8aaa\uff01\u592a\u53ef\u611b\u4e86\u5566\u2764"
        },
        {
            "reply_id": "UgyVru89MC7qg2yeal54AaABAg",
            "reply_content": "\u7a81\u7136\u767c\u73fe\u81ea\u5df1\u6bcf\u500b\u968e\u6bb5\u7684\u5b89\u557e\u90fd\u6709\u8ffdXD \u96d6\u7136\u65b7\u65b7\u7e8c\u7e8c\u7684\u4f46\u5f9e\u904a\u6232\u5230\u73a9\u5177\u958b\u7bb1\u5230\u65e5\u672c\u5206\u4eab\u5230\u65c5\u904a\u90fd\u5f88\u559c\u6b61\u554a\uff01\n\u8a8d\u771f\u505a\u7684\u5f71\u7247\u5f88\u5438\u5f15\u4eba\uff5e\u857e\u7d72\u548c\u670d\u60f3\u5617\u8a66 \u9084\u6709\u6e96\u5099\u53bb\u65e5\u672c\u7b46\u8a18\u4e2d\u263a\ufe0f"
        },
        {
            "reply_id": "Ugyet5nJBpnXQ_INQpV4AaABAg",
            "reply_content": "\u773c\u599d\u5f88\u597d\u770b!"
        },
        {
            "reply_id": "UgziUDau9NyfppyJPkR4AaABAg",
            "reply_content": "\u53ef\u611b\u53ef\u611b\u53ef\u611b"
        },
        {
            "reply_id": "UgxB8Z-fge9RXWv72w14AaABAg",
            "reply_content": "\u53ef\u7231"
        },
        {
            "reply_id": "UgwnyPCu-GTgGdwwy294AaABAg",
            "reply_content": "\u53ef\u7231\u53ef\u7231"
        },
        {
            "reply_id": "UgzMx4XyxDw5EvHwg4B4AaABAg",
            "reply_content": "\u53ef\u611b\u53ef\u611b\u53ef\u611b\u2764"
        },
        {
            "reply_id": "UgxEWMk9v0n-qzs42L14AaABAg",
            "reply_content": "\u5f88\u68d2\uff01\u4ecb\u7d39\u7684\u5168\u90e8\u90fd\u662f\u6700\u8fd1\u6d41\u884c\u7684\ud83d\udc4d\ud83c\udffb"
        },
        {
            "reply_id": "UgzvahMHe4JlYPcg5654AaABAg",
            "reply_content": "\u828b\u5c4b\u8208\u4f38\u7684\u871c\u5730\u74dc\u4e5f\u8d85\u597d\u5403"
        },
        {
            "reply_id": "UgxGqstzlZsKbj08YIF4AaABAg",
            "reply_content": "\u5b89\u557e\u8ddf\u4ee5\u524d\u7d05\u77f3\u53e3\u888b\u7684\u6a23\u8c8c\u4e0d\u4e00\u6a23\u4e86"
        },
        {
            "reply_id": "Ugy96oUHNSIXsd4LCrN4AaABAg",
            "reply_content": "\u5b89\u557e\u7a7f\u548c\u670d\u597d\u53ef\u611b\u2764"
        },
        {
            "reply_id": "Ugx0RpsSBoMLwhoPCRN4AaABAg",
            "reply_content": "\u597d\u4e45\u6c92\u770b\u5b89\u557e\u5f71\u7247 \u600e\u9ebc\u89ba\u5f97\u8d8a\u4f86\u8d8a\u7f8e\u554a"
        },
        {
            "reply_id": "UgyBb2V9XzNYO1Oc_-94AaABAg",
            "reply_content": "\u53ef\u611b\u53ef\u611b\u53ef\u611b"
        },
        {
            "reply_id": "Ugy0bkJfN9nOVy4_HgN4AaABAg",
            "reply_content": "\u5b89\u557e\u771f\u7684\u8d85\u53ef\u611b\u7684\uff01\u597d\u559c\u6b61\u559c\u6b61\u559c\u6b61\u2728\ud83d\ude0d\n\u548c\u670d\u548c\u5b89\u557e\u597d\u642d\u55da\u55da\ud83d\udc96\ud83d\udc93"
        },
        {
            "reply_id": "Ugy28u-zwmagLovYOQV4AaABAg",
            "reply_content": "\u597d\u53ef\u611b"
        },
        {
            "reply_id": "UgxWd2y5cU44pemwqKp4AaABAg",
            "reply_content": "\u5b89\u557e\u54aa\u4f60\u62cd\u5f71\u7247\u6703\u4e0d\u6703\u7d2f"
        },
        {
            "reply_id": "UgwCahjJIWEcGdtOMPN4AaABAg",
            "reply_content": "\u5b89\u557e\u7a7f\u548c\u670d\u771f\u7684\u597d\u53ef\u611b\u597d\u6f02\u4eae\u2764\ud83e\udd70"
        },
        {
            "reply_id": "UgxbCBsUMBM2vNtBbiR4AaABAg",
            "reply_content": "\u548c\u670d\u5f88\u9069\u5408\u5b89\u557e\uff01\u53ef\u611b\u53ef\u611b\u53ef\u611b\ud83e\udd79"
        },
        {
            "reply_id": "UgyW1OBWdXzA7-GdRHx4AaABAg",
            "reply_content": "\u53ef\u611b\u53ef\u611b\u53ef\u611b"
        },
        {
            "reply_id": "Ugz4sMZygHTUiCe6XL14AaABAg",
            "reply_content": "\u53ef\u611b\u53ef\u611b\u53ef\u611b\ud83d\ude02"
        }
    ]
}