{
    "video_info": {
        "id": "LtAsILKaOaw",
        "channelTitle": "\u5b89\u557e\u54aa",
        "title": "\u677f\u6a4b\u96b1\u85cf\u5e03\u4e01\u5c08\u9580\u5e97\uff01| \u5b89\u557e (\u309d\u2200\uff65) \u2661",
        "description": "\u27ab \u8a02\u95b1\u5b89\u557e\uff1ahttps://goo.gl/KmLFgD\n\u27ab \u5b89\u557eIG\uff1ahttps://www.instagram.com/anjouclever/\n\u27ab \u5b89\u557eFB\uff1ahttps://www.facebook.com/anjoupikachu/\n\ud83d\udc39 \u73a9\u5177\u958b\u7bb1\u5168\u96c6\uff1ahttps://goo.gl/91ulRJ",
        "likeCount": "1205",
        "commentCount": "10",
        "viewCount": "25612"
    },
    "comments": [
        {
            "reply_id": "Ugy8qFPIEelqepIDWPN4AaABAg",
            "reply_content": "\u8acb\u554f\u5177\u9ad4\u4f4d\u7f6e\u5728\u54ea\uff1f"
        },
        {
            "reply_id": "UgzVVEfNGwDXD2mU1Ap4AaABAg",
            "reply_content": "\u6240\u4ee5\u6c92\u62cd\u5f71\u7247\u4e86\u55ce"
        },
        {
            "reply_id": "UgyrdGeHsUYJ_2M173N4AaABAg",
            "reply_content": "\u597d\u4e45\u6c92\u770b\u5b89\u557e\u4e86\ud83d\ude05"
        },
        {
            "reply_id": "UgznVvrRAI4rptPoAWd4AaABAg",
            "reply_content": "\u6628\u5929\u624d\u5403\u8a92 \u6211\u5bb6\u5728\u9694\u58c1\u4e00\u689d\u5df7\u5b50XD"
        },
        {
            "reply_id": "UgywLqdwxsDxTB-YC5Z4AaABAg",
            "reply_content": "\u591a\u5c11\u9322\u5440"
        },
        {
            "reply_id": "Ugzg0DfC6BUDmpmh1xp4AaABAg",
            "reply_content": "\u963f\u4f2f\u914d\u97f3\u597d\u53ef\u611b\ud83d\ude02"
        }
    ]
}