{
    "video_info": {
        "id": "naUoeZvld4s",
        "channelTitle": "\u5b89\u557e\u54aa",
        "title": "\u53f0\u5357\u62b9\u8336\u540d\u5e97\u96b1\u85cf\u7684\u5154\u5154\u971c\u6dc7\u6797| \u5b89\u557e (\u309d\u2200\uff65) \u2661",
        "description": "\u53f0\u5357\u62b9\u8336\u540d\u5e97\u96b1\u85cf\u7684\u5154\u5154\u971c\u6dc7\u6797\n\u4f7f\u7528\u6b63\u7d71\u767e\u5e74\u5b87\u6cbb\u62b9\u8336\ud83c\udf75\n\n\u967d\u5149\u6696\u6d0b\u6d0b \u756b\u9762\u90fd\u900f\u8457\u91d1\u8272\u2728\n\u597d\u597d\u770b\ud83c\udf3b\n\u9019\u6a23chill\u7684\u4e0b\u5348\u914d\u751c\u98df\n\u4e0d\u80fd\u518d\u66f4\u5922\u5e7b\n\n#\u82b1\u898b\u5b87\u6cbb\u62b9\u8336\u7518\u5473\u8655\n\ud83c\udfe0\u53f0\u5357\u5e02\u4e2d\u897f\u5340\u897f\u9580\u8def\u4e8c\u6bb5222\u865f\n13:00 - 20:00\uff08\u9031\u4e09\u9031\u56db\u516c\u4f11\uff09",
        "likeCount": "2688",
        "commentCount": "20",
        "viewCount": "51135"
    },
    "comments": [
        {
            "reply_id": "UgzaA8cEFIRaffSBMzt4AaABAg",
            "reply_content": "\u5154\u5154\u8d85\u53ef\u611b"
        },
        {
            "reply_id": "Ugz43sr3oH6xaeXPTCJ4AaABAg",
            "reply_content": "\u9019\u662f\u54ea\u5462\uff1f"
        },
        {
            "reply_id": "UgywqYyRe_70zqjUOvZ4AaABAg",
            "reply_content": "\u5728\u54ea"
        },
        {
            "reply_id": "UgzXvFGl9PsMUOcQ5TN4AaABAg",
            "reply_content": "\u6700\u5f8c\u4e00\u53e5\u4e5f\u662f\u975e\u5e38\u53ef\u611b"
        },
        {
            "reply_id": "Ugzvov6I2nSjT7tzuUx4AaABAg",
            "reply_content": "\u5b89\u557e\u597d\u9069\u5408\u77ed\u5f71\u7247\u7684\u7bc0\u594f\uff5e\uff5e"
        },
        {
            "reply_id": "UgwtPLFyM-hxdKpGbfx4AaABAg",
            "reply_content": "\u8d85\u53ef\u611b\u7684"
        },
        {
            "reply_id": "UgzCEgovgEF8gd43a4J4AaABAg",
            "reply_content": "\u628a\u5c0f\u9945\u982d\u770b\u6210\u773c\u775b\ud83d\ude02"
        },
        {
            "reply_id": "Ugykn1XyAiZSeh0_Y0l4AaABAg",
            "reply_content": "\u4e0d\u5403\u5154\u5154\u4ed6\u5c31\u878d\u5316\u4e86"
        },
        {
            "reply_id": "Ugypee7qC1bbxdIMwK14AaABAg",
            "reply_content": "\u65b0\u7684\u77ed\u5f71\u7247\u6548\u679c\u5f88\u597d \u63a8\u63a8"
        },
        {
            "reply_id": "UgwsxcXa3W6_pMEnsC94AaABAg",
            "reply_content": "\u5361\u5a03\u4f9d\u634f \u5728\u81fa\u5357\u7684\u54ea\u88e1\ud83e\udd14"
        },
        {
            "reply_id": "UgwCQbm0Z9D9-t4yxXx4AaABAg",
            "reply_content": "\u5403\u4e86\u5154\u5154\uff0c\u53ef\u611b\u52a0\u500d"
        },
        {
            "reply_id": "UgwSxDAHdD7FZX1EYYx4AaABAg",
            "reply_content": "\u8449\u914d"
        }
    ]
}