{
    "video_info": {
        "id": "NR_a7bONF20",
        "channelTitle": "\u5b89\u557e\u54aa",
        "title": "\u8b93\u4f60\u5728\u967d\u5149\u6c90\u6d74\u4e0b\u8d77\u5e8a\u7684\u8cf4\u5e8a\u6551\u661f\uff01\u7c21\u55ae\u514d\u5b89\u88dd\u7684\u5c0f\u5c0f\u81ea\u52d5\u7a97\u7c3e\u6a5f\uff01| \u5b89\u557e (\u309d\u2200\uff65) \u2661",
        "description": "\u4eca\u5929\u70ba\u5927\u5bb6\u5448\u73fe\u65e9\u4e0a\u6700\u771f\u5be6\u7684\u5b89\u557e\n- - - - - - - - - - - - - - - - - - - - - -\n\u27ab \u8a02\u95b1\u5b89\u557e\uff1ahttps://goo.gl/KmLFgD\n\u27ab \u5b89\u557eFacebook\uff1ahttps://www.facebook.com/anjoupikachu/\n\ud83d\udc39 \u73a9\u5177\u958b\u7bb1\u5168\u96c6\uff1ahttps://goo.gl/91ulRJ\n- - - - - - - - - - - - - - - - - - - - - -\n\n\n\n- - - - - - - - - - - - - - - - - - - - - -\n\u27a8\u76f8\u95dc\u5f71\u7247\n\n1/2\u7e2e\u5c0f\u7248\u626d\u86cb\u6a5f \u2606 \u626d\u5230\u4ec0\u9ebc\u5c31\u5403\u4ec0\u9ebc\u7684\u523a\u6fc0\u73a9\u6cd5?!\n\u21e2 https://goo.gl/tSJlNG\n\u6dbc\u9eb5\u6c34\u6a02\u5712 - \u6d41\u6c34\u7d20\u9eb5\u5f9e\u9ad8\u4f4e\u5dee56cm\u7684\u6ed1\u6c34\u9053\u6e9c\u4e0b\u4f86\u4e86\uff01\n\u21e2 https://goo.gl/tgYRy1\n\u3010\u77e5\u80b2\u83d3\u5b50\u3011\u99ac\u6876\u6e05\u6dbc\u98f2\u6599\uff01\u7121\u6cd5\u62db\u67b6\u7684\u5473\u9053\uff01\n\u21e2 https://goo.gl/n0nnyQ\n\u6d77\u5e95\u7e3d\u52d5\u54e12 - Finding Dory \u2606 \u591a\u8389\u5609\u5e74\u83ef\uff01\u9084\u6709\u597d\u591a\u9b5a\u53cb\u5011\uff01\n\u21e2 https://goo.gl/oAn42q\n\u6703\u5b78\u4f60\u8aaa\u8a71\u7684\u840c\u840c\u5c0f\u5009\u9f20 - \u8981\u6210\u70ba\u4e00\u4f4d\u6559\u5b97\u4e0d\u662f\u90a3\u9ebc\u7c21\u55ae\u7684\u4e8b\u60c5!!\n\u21e2 https://goo.gl/8WZaZT\n- - - - - - - - - - - - - - - - - - - - - -\nBGM\u4f86\u6e90\uff1ahttp://dova-s.jp/\n\u97f3\u6548\u4f86\u6e90\uff1ahttp://musicisvfr.com/free/index.html",
        "likeCount": "8872",
        "commentCount": "473",
        "viewCount": "313118"
    },
    "comments": [
        {
            "reply_id": "UgxkG3xYdc8Kthrdk214AaABAg",
            "reply_content": "\u5b89\u557e\u8d77\u5e8a\u6642\u611f\u89ba\u50cf\u662f\u5728\u5bbf\u9189\uff0c\u4e0d\u904e\u597d\u53ef\u611b\u5594"
        },
        {
            "reply_id": "Ugxi-gb5WLzqqT1eQp14AaABAg",
            "reply_content": "\u5b89\u557e\u516c\u4e3b"
        },
        {
            "reply_id": "UgxdqY6BpygbfkO0drh4AaABAg",
            "reply_content": "\u6211\u89ba\u5f97\u4f60\u4e0d\u662f\u88ab\u7a97\u7c3e\u6a5f\u5435\u9192\u7684"
        },
        {
            "reply_id": "Ugy8wmwZWaLAMNWoZR94AaABAg",
            "reply_content": "\u70ba\u4ec0\u9ebc\u8981\u6253\u99ac\u8cfd\u514b\uff1f"
        },
        {
            "reply_id": "Ugy49Q5TVonmOcoN_bd4AaABAg",
            "reply_content": "\u70ba\u4ec0\u9ebc\u5b89\u557e\u7684\u5e8a\u4e0a\u653e\u4e86\u5169\u500b\u8874\u982d\u4f46\u90fd\u53ea\u7761\u5176\u4e2d\u4e00\u500b\uff1f"
        },
        {
            "reply_id": "UgwCHhUuQgVqzNUasoh4AaABAg",
            "reply_content": "\u8072\u97f3\u597d\u523a\u8033"
        },
        {
            "reply_id": "Ugw_o-r_hN8wUcPLgep4AaABAg",
            "reply_content": "\u53ea\u6709\u6211\u662f\u65e9\u4e0a\u770b\u5230\u967d\u5149\u6703\u60f3\u5c16\u53eb\u84cb\u88ab\u7684\u985e\u578b\u55ce\ud83d\ude02"
        },
        {
            "reply_id": "UgzfFaMuSNfONVPFkch4AaABAg",
            "reply_content": "\u8d77\u5e8a\u771f\u662f\u60f3\u8cf4\u5e8a"
        },
        {
            "reply_id": "Ugzyc0jP21uncniAFph4AaABAg",
            "reply_content": "\u6211\u89ba\u5f97\u9019\u500b\u61c9\u8a72\u6c92\u518d\u7528\u4e86"
        },
        {
            "reply_id": "UgxFJFViy1eBizyLs5p4AaABAg",
            "reply_content": "\u525b\u8d77\u5e8a\u7684\u6a23\u5b50\u4e5f\u592a\u53ef\u611b\ud83e\udd70"
        },
        {
            "reply_id": "UgxHxg3mq3XlntmMCvZ4AaABAg",
            "reply_content": "\u4f60\u662f\u8ab0"
        },
        {
            "reply_id": "UgyXPrk649c00iaT0Ht4AaABAg",
            "reply_content": "\u6211\u89ba\u5f97\u5b89\u557e\u56e0\u8a72\u6703\u5728\u5f71\u7247\u62cd\u5b8c\u5f8c\n\u53c8\u7e7c\u7e8c\u7761\ud83d\ude34\ud83d\ude34\ud83d\ude34"
        },
        {
            "reply_id": "Ugz1USuAw2w3qElFKzl4AaABAg",
            "reply_content": "\u6211\u53ef\u4ee5\u5e6b\u4f60\u62c9\u958b\u5e8a\u88ab"
        },
        {
            "reply_id": "Ugwk_eEShBs_YsqOH0x4AaABAg",
            "reply_content": "\u54a6\u5b89\u557e\u557e\u5462\uff01\uff1f\u5b89\u557e\u53bb\u54ea\u5152\u4e86\u5462\uff01\u6700\u8fd1\u5012\u662f\u6709\u5728\u4e0a\u73ed\u4e0d\u8981\u770b\u770b\u5230\uff5e\u662f\u6709\u4ec0\u9ebc\u65b0\u8a08\u756b\u5c0f\u5f1f\u932f\u904e\u4e86\u55ce\uff1f"
        },
        {
            "reply_id": "Ugy-FIioJf2Blcng61Z4AaABAg",
            "reply_content": "\u592a\u5ee2\u4e86\uff5e\u9019\u96fb\u6c60\u7e8c\u822a\u5f88\u5dee"
        },
        {
            "reply_id": "Ugwn3x4Wie062RQn_jt4AaABAg",
            "reply_content": "\ud83d\ude02\ud83d\ude02\u770b\u5f97\u51fa\u4f86\u5167\u5fc3\u7684\u91dd\u624e \u7c21\u76f4\u7ffb\u62cd\u6211\u7684\u65e5\u5e38"
        },
        {
            "reply_id": "Ugzw5XqVNAWm33rG_jB4AaABAg",
            "reply_content": "\u5b89\u557e\u59d0\u59d0\uff0c\u4f60\u5df2\u7ecf\u4e00\u4e2a\u6708\u6ca1\u66f4\u65b0\u4e86\u5462\uff5e\u5565\u65f6\u5019\u6253\u7b97\u66f4\u65b0\u9e2dww"
        },
        {
            "reply_id": "UgyrKoZkCtjlftcGhFx4AaABAg",
            "reply_content": "\u771f\u5be6\u7684\u5b89\u557e\u597d\u7f8e"
        },
        {
            "reply_id": "UgwODxLShGWoo_5QsbF4AaABAg",
            "reply_content": "\u5c11\u5973\u5fc3\u5b89\u557e"
        },
        {
            "reply_id": "UgzrFxyUn9nND8Nj7nZ4AaABAg",
            "reply_content": "\u611f\u89ba\u5b89\u557e \u6709\u9ede\u50cf\u5c11\u5973\u6642\u4ee3\u7684\u592a\u598d( \u6c92\u6709\u60e1\u610f)"
        }
    ]
}