{
    "video_info": {
        "id": "Ny930uOzBJM",
        "channelTitle": "\u5b89\u557e\u54aa",
        "title": "\u505a\u4e86\u9a5a\u5687\u79ae\u7269\u76d2\u6574\u591a\u5e74\u597d\u53cb! \u53cb\u60c5\u5dee\u9ede\u6495\u88c2?! | \u5b89\u557e (\u309d\u2200\uff65) \u2661",
        "description": "\u9019\u652f\u5f71\u7247\u9084\u6c92\u526a\u5289\u6d77\uff0c\u5de7\u5999\u5730\u8b8a\u6210\u4e86\u4e00\u5b57\u7709\n\n\u65e5\u672cPLUS\u8c46\u8c46\u8cbc\u2014\u2014\u7acb\u53ef\u5e36\u5f0f\u7684\u96d9\u9762\u81a0\uff01\n\u8cbc\u624b\u5e33\u7167\u7247\u6216\u662f\u7b46\u8a18\u8003\u5377\u90fd\u5f88\u65b9\u4fbf\u55b2\uff01\n\u4f86\u9019\u88e1\u627e\u8c46\u8c46\u8cbc\uff1ahttps://www.taiwan-plus.com.tw/product_list11.htm\n\n\u27ab \u8a02\u95b1\u5b89\u557e\uff1ahttps://goo.gl/KmLFgD\n\u27ab \u5b89\u557eIG\uff1ahttps://www.instagram.com/anjouclever/\n\u27ab \u5b89\u557eFB\uff1ahttps://www.facebook.com/anjoupikachu/\n\ud83d\udc39 \u73a9\u5177\u958b\u7bb1\u5168\u96c6\uff1ahttps://goo.gl/91ulRJ\n\n\u27a8\u5176\u4ed6\u5b89\u557e\u5f71\u7247\n1/2\u7e2e\u5c0f\u7248\u626d\u86cb\u6a5f \u2606 \u626d\u5230\u4ec0\u9ebc\u5c31\u5403\u4ec0\u9ebc\u7684\u523a\u6fc0\u73a9\u6cd5?!\n\u21e2 https://goo.gl/tSJlNG\n\u6dbc\u9eb5\u6c34\u6a02\u5712 - \u6d41\u6c34\u7d20\u9eb5\u5f9e\u9ad8\u4f4e\u5dee56cm\u7684\u6ed1\u6c34\u9053\u6e9c\u4e0b\u4f86\u4e86\uff01\n\u21e2 https://goo.gl/tgYRy1\n\u3010\u77e5\u80b2\u83d3\u5b50\u3011\u99ac\u6876\u6e05\u6dbc\u98f2\u6599\uff01\u7121\u6cd5\u62db\u67b6\u7684\u5473\u9053\uff01\n\u21e2 https://goo.gl/n0nnyQ\n\u6d77\u5e95\u7e3d\u52d5\u54e12 - Finding Dory \u2606 \u591a\u8389\u5609\u5e74\u83ef\uff01\u9084\u6709\u597d\u591a\u9b5a\u53cb\u5011\uff01\n\u21e2 https://goo.gl/oAn42q\n\u6703\u5b78\u4f60\u8aaa\u8a71\u7684\u840c\u840c\u5c0f\u5009\u9f20 - \u8981\u6210\u70ba\u4e00\u4f4d\u6559\u5b97\u4e0d\u662f\u90a3\u9ebc\u7c21\u55ae\u7684\u4e8b\u60c5!!\n\u21e2 https://goo.gl/8WZaZT\n\nBGM\u4f86\u6e90\uff1ahttp://dova-s.jp/\n\u97f3\u6548\u4f86\u6e90\uff1ahttp://musicisvfr.com/free/index.html",
        "likeCount": "13002",
        "commentCount": "527",
        "viewCount": "360230"
    },
    "comments": [
        {
            "reply_id": "UgzI2IUKdIiOXla0zLR4AaABAg",
            "reply_content": "\u5beb\u5b57\u65b9\u6cd5\u8ddf\u6211\u4e00\u6a23\u6b38\uff01"
        },
        {
            "reply_id": "Ugx4b0aWlHIUCI8kcT14AaABAg",
            "reply_content": "\u60f3\u8acb\u554f\u5b89\u557e \u7167\u7247\u662f\u6d17\u591a\u5c11\u516c\u5206\u7684"
        },
        {
            "reply_id": "UgwAUlY-2EUbpyogea54AaABAg",
            "reply_content": "\u59b3\u624d\u53ef\u611b\u52d2"
        },
        {
            "reply_id": "UgyOkOXtT2XTA_y9k0B4AaABAg",
            "reply_content": "\u7a81\u7136\u767c\u73fe \u4f60\u7684\u8072\u97f3\u5f88\u597d\u807d\u6b38\ud83d\udc4d"
        },
        {
            "reply_id": "UgzgT1ssN_VWvZrCgS54AaABAg",
            "reply_content": "\u90a3\u500b\u6771\u897f\u6211\u6709"
        },
        {
            "reply_id": "UgxhElLj7GeRyPVRhO14AaABAg",
            "reply_content": "\u5f88\u7642\u80b2\u7684\u79ae\u7269\u5361\u7247\u5f88\u53ef\u611b\u5275\u4f5c\u54c1\n\u9084\u6709\u59d0\u59b9\u4e5f\u8a8d\u8b58\u5f88\u4e45\u53cb\u60c5\u90fd\u4e0d\u6703\u5fd8\u6389\n\u9084\u53ef\u4ee5\u51fa\u4f86\u805a\u805a\u4e0d\u932f\u8036\ud83e\udd17\u8b9a\u8b9a"
        },
        {
            "reply_id": "UgzyHxb2AA5aOGGxNil4AaABAg",
            "reply_content": "\u6211\u597d\u60f3\u8981\u8c46\u8c46\u8cbc"
        },
        {
            "reply_id": "Ugw8TJ5qQnNwJNa_lZJ4AaABAg",
            "reply_content": "\u5b89\u557e\u4f60\u597d\uff5e\u8acb\u554f\u4f60\u5011\u4f4f\u7684\u6eab\u6cc9\u98ef\u5e97\u662f\u54ea\u9593\u5440\uff5e\u597d\u6f02\u4eae\u5537"
        },
        {
            "reply_id": "Ugydz3BhwHUglLF3sfB4AaABAg",
            "reply_content": "\u8acb\u554f\u662f\u4ec0\u9ebc\u7b46"
        },
        {
            "reply_id": "UgzLs8oCl_qfY_ockMV4AaABAg",
            "reply_content": "\u5929\u554a\u73fe\u5728\u624d\u767c\u73fe\u597d\u4e45\u4ee5\u524d\u5c31\u958b\u59cb\u770b\u5b89\u557e\n\u751c\u751c\u5708\u90a3\u96c6\u7576\u6642\u5c31\u6709\u770b\u5230"
        },
        {
            "reply_id": "UgzUxSh99it0DyXpBqp4AaABAg",
            "reply_content": "\u5973\u751f\u771f\u7684\u5f88\u9ecf\u4eba\u8036\uff0c\u8981\u662f\u6211\u8ddf\u5225\u4eba\u9019\u9ebc\u63a5\u8fd1\u90fd\u6703\u4e0d\u81ea\u5728\uff0c\u89ba\u5f97\u4eba\u7e3d\u6709\u5f88\u591a\u9ede\u662f\u4e0d\u80fd\u88ab\u5192\u72af\u7684 (\u5c31\u662f\u9019\u6a23\u624d\u908a\u7de3"
        },
        {
            "reply_id": "UgyEULp3RFea7G-bQWR4AaABAg",
            "reply_content": "\u8981\u7528\u4ec0\u9ebc\u7d19\u5440"
        },
        {
            "reply_id": "UgyKzqeghJMpyZd9Vh54AaABAg",
            "reply_content": "\u8acb\u554f\u7167\u7247\u5927\u6982\u8981\u5370\u591a\u5927\u5462\uff5e\ud83d\ude0d"
        },
        {
            "reply_id": "UgwgDS-j04wUJ_m9uod4AaABAg",
            "reply_content": "\u7167\u7247\u662f\u7528\u4ec0\u9ebc\u5370\u7684\ud83e\udd14"
        },
        {
            "reply_id": "Ugx2Rmt3NjbzjFEOlxN4AaABAg",
            "reply_content": "\u6211\u6709\u4f4f\u904e\u4f60\u4f4f\u4e86\u6d12\u5e97\u3002"
        },
        {
            "reply_id": "UgzHRIlcThefEpG6Tjl4AaABAg",
            "reply_content": "\u56e0\u70ba\u90a3\u500b\u6a61\u76ae\u7b4b\u77ed\u4e86\u561b\uff0c\u6240\u4ee5\u5f48\u529b\u6703\u8b8a\u5f97\u66f4\u5927"
        },
        {
            "reply_id": "UgzI6akAnkEtGlBFQCR4AaABAg",
            "reply_content": "\u7a81\u7136\u60f3\u5230\u5b89\u557e\u8981\u4e0d\u8981\u505a\u8033\u74b0\u7cfb\u5217\uff5e\n\u4e4b\u524d\u770b\u5230\u5b89\u557e\u8aaa\u662f\u593e\u5f0f\u8033\u74b0\n\u597d\u597d\u5947\u554a\uff01\uff01\uff01"
        },
        {
            "reply_id": "Ugyh-Rrij7o7C-5wh5N4AaABAg",
            "reply_content": "\u6709"
        },
        {
            "reply_id": "Ugyiu7uXFZ9tvYwCqrl4AaABAg",
            "reply_content": "\u8b9a\u6b38\uff01\u5ee0\u5546\u627e\u5c0d\u4eba\u4e86\uff01"
        },
        {
            "reply_id": "UgzCHDb_PXm8nVYZhlt4AaABAg",
            "reply_content": "\u5b89\u557e \u597d\u6709\u5fc3 \u627e\u56de\u5927\u5bb6\u7684\u56de\u61b6\u4e86"
        }
    ]
}