{
    "video_info": {
        "id": "oKOEmtX1voc",
        "channelTitle": "\u5b89\u557e\u54aa",
        "title": "\u5728\u5bb6\u7684\u611b\u7528\u54c1\uff01\u6709\u4e86\u9019\u4e9b\u5f85\u5728\u5bb6\u591a\u4e45\u90fd\u4e0d\u6015\u7121\u804a\uff01feat.\u96b1\u9069\u7f8e | \u5b89\u557e (\u309d\u2200\uff65) \u2661",
        "description": "#\u5927\u5bb6\u90fd\u5728\u5bb6\u88e1\u505a\u4ec0\u9ebc\u5462\n\u5f85\u5728\u5bb6\u8d8a\u4e45\uff01\u751f\u6d3b\u54c1\u8cea\u53ca\u4f11\u9592\u6d3b\u52d5\u4e5f\u8ddf\u8457\u5927\u8e8d\u9032\uff01\n\n\u27ab \u8a02\u95b1\u5b89\u557e\uff1ahttps://goo.gl/KmLFgD\n\u27ab \u5b89\u557eIG\uff1ahttps://www.instagram.com/anjouclever/\n\u27ab \u5b89\u557eFB\uff1ahttps://www.facebook.com/anjoupikachu/\n\ud83d\udc39 \u73a9\u5177\u958b\u7bb1\u5168\u96c6\uff1ahttps://goo.gl/91ulRJ\n\n#\u96b1\u9069\u7f8e #\u96b1\u9069\u7f8e\u958b\u7bb1 #\u96b1\u5f62\u7259\u5957\n\u96b1\u9069\u7f8e\u96b1\u5f62\u7259\u5957\u64c1\u6709 SmartTrack \u7368\u5bb6\u5c08\u5229\u3001\u5168\u74031000\u842c\u540d\u4f7f\u7528\u8005\uff01\n\u4e0d\u4f46\u770b\u4e0d\u51fa\u5728\u6234\u7259\u5957\u4e5f\u5f88\u8212\u9069\uff0c\u6bcf\u4e00\u526f\u7259\u5957\u90fd\u662f\u6839\u64da\u7259\u9f52\u6bcf\u968e\u6bb5\u7684\u6539\u8b8a\u91cf\u8eab\u6253\u9020\uff0c\n\u4e00\u6b21\u56de\u8a3a\u5c31\u53ef\u4ee5\u62ff\u591a\u526f\u7259\u5957\uff0c\u5927\u5927\u6e1b\u5c11\u5c45\u5bb6\u9632\u75ab\u4e0d\u65b9\u4fbf\u51fa\u9580\u770b\u91ab\u751f\u7684\u554f\u984c\u5537~\n\n\u66f4\u91cd\u8981\u7684\u662f\uff01\u73fe\u5728\u96b1\u9069\u7f8e\u914d\u4ef6\u5546\u5e97\u6b63\u5728\u512a\u60e0\u4e2d\uff0c\n\u6709\u53ef\u611b\u4f01\u9d5d\u3001\u8ff7\u5f69\u3001\u9084\u6709\u540d\u756b\u6b3e\u5594\uff01\u70ba\u7259\u5957\u9078\u8cfc\u53ef\u611b\u7259\u5957\u76d2\u5427~\n\n\u96b1\u9069\u7f8e\u914d\u4ef6\u5546\u5e97\uff1ahttps://apac.invisalignaccessories.com/zh-tw\n\u5b89\u557e\u5c08\u5c6c\u512a\u60e0\u78bc\uff1aANJOU30\n\u4f7f\u7528\u671f\u9650\uff1a6/19-6/30 \n\u8a02\u8cfc\u6642\u8f38\u5165\u512a\u60e0\u78bc\u5373\u53ef\u4eab\u6709\u4e03\u6298\u512a\u60e0\u5537\n@\u96b1\u9069\u7f8e\u53f0\u7063 Invisalign Taiwan\n\nBGM\u4f86\u6e90\uff1ahttp://dova-s.jp/\n\u97f3\u6548\u4f86\u6e90\uff1ahttp://musicisvfr.com/free/index.html",
        "likeCount": "4744",
        "commentCount": "235",
        "viewCount": "154309"
    },
    "comments": [
        {
            "reply_id": "Ugxw0x3ZDP5yycy6MzZ4AaABAg",
            "reply_content": "\u5b89\u557e\u6f14\u6280\u597d\u5f88\u591a \u53f0\u8a5e\u4e5f\u8d8a\u4f86\u8d8a\u8a87\u5f35\u4e86\ud83d\ude02\ud83d\ude02"
        },
        {
            "reply_id": "UgwlRLEca1y91Zf7V9p4AaABAg",
            "reply_content": "\u5b89\u557e\u5982\u679c\u89ba\u5f97\u9999\u6c34\u5473\u9053\u592a\u6fc3\u7684\u8a71\u53ef\u4ee5\u5617\u8a66\u5674\u5c11\u91cf\u5728\u5927\u817f\u4e0a\u54e6\uff0c\u9019\u6a23\u5c31\u4e0d\u6703\u90a3\u9ebc\u6fc3\u4e86"
        },
        {
            "reply_id": "Ugxa4tqbNKk82RPW6PB4AaABAg",
            "reply_content": "\u5b89\u557e\u8bf7\u95ee\u4e00\u4e0b\u90a3\u4e2a\u9690\u9002\u7f8e\u5728\u53f0\u6e7e\u7684\u4ef7\u94b1\u662f\u591a\u5c11\u5440\uff0c\u56e0\u4e3a\u6211\u662f\u5728\u9a6c\u6765\u897f\u4e9a\u505a\u7259\u79d1\u8bca\u6240\u7684\u90a3\u4e2a\u4ef7\u94b1\u771f\u7684\u662f\u76f8\u5f53\u7684\u60ca\u4eba\u5440\uff0c\u5927\u6982\u9a6c\u5e01\u89811\u4e072\u5343\u4ee5\u4e0a\ud83d\ude05\ud83d\ude05"
        },
        {
            "reply_id": "UgyJOlUTMlVGRivZWTN4AaABAg",
            "reply_content": "\u4e00\u8bed\u9053\u7834\u5929\u673a\uff0c\u201d\u5728\u5bb6\u91cc\u548c\u81ea\u5df1\u72ec\u5904\u201c\uff0c\u548c\u84dd\u4ea6\u660e\u5206\u624b\u4e86\uff1f"
        },
        {
            "reply_id": "UgzplopfQQ24UkT5iyp4AaABAg",
            "reply_content": "\u53ef\u5439\u6ce1\u6ce1\u6ce1\u6fa1\u68d2\uff0c\u61c9\u8a72\u4e0d\u80fd\u4e1f\u9032\u53bb\uff0c\u4e0d\u7136\u5c31\u6c92\u5f97\u5439\u4e86\uff0c\u6240\u4ee5\u53ef\u4ee5\u91cd\u8986\u4f7f\u7528?"
        },
        {
            "reply_id": "UgzJNq9QZtD6CClKBD54AaABAg",
            "reply_content": "\u6211\u597d\u611b\u770b\u5b89\u557e\u62cd\u7684\u5f71\u7247"
        },
        {
            "reply_id": "UgwOPTVtHeDptvclnUR4AaABAg",
            "reply_content": "\u6211\u8d85\u611b\u5b89\u557e\uff0c\u5b89\u557e\u8d85\u53ef\u611b"
        },
        {
            "reply_id": "UgyCA8_bmCMzW8_h9JF4AaABAg",
            "reply_content": "\u5b89\u557e\uff0c\u4eca\u5e74\u600e\u9ebc\u6c92\u6709\u5009\u9f20\u7684\u751f\u65e5\uff1f"
        },
        {
            "reply_id": "UgwVkN3yo0scIGlbHjF4AaABAg",
            "reply_content": "\u54c8\u54c8"
        },
        {
            "reply_id": "UgyPJEwQIeSrKE71EHx4AaABAg",
            "reply_content": "\u55e8\u55e8\u5b89\u557e\u6211\u4e0d\u7b97\u4e00\u500b\u5fe0\u5be6\u7c89\u7d72\u4f46\u6211\u8a18\u5f97\u6211\u570b\u4e2d\u5de6\u53f3\u95dc\u6ce8\u59b3\uff0c\u8a18\u5f97\u7576\u6642\u4e0d\u591a\u4eba\uff0c\u6700\u8fd1\u75ab\u60c5\u4e00\u76f4\u5728\u5237youto\uff0c\u770b\u5230\u59b3144\u842c\u8a02\u95b1\uff0c\u5fc3\u88e1\u6709\u4e00\u7a2e\uff0c\u54c7\u5c0f\u5b69\u9577\u5927\u7684\u611f\u89ba\u54c8\u54c8\u54c8\uff0c\u606d\u559c\ud83c\udf89"
        },
        {
            "reply_id": "UgzNtNlc_w4ER7-_zBR4AaABAg",
            "reply_content": "\u5009\u9f20\u65e5\u5462?"
        },
        {
            "reply_id": "Ugyl5bZaR1E2lYWo9Od4AaABAg",
            "reply_content": "\u5b89\u557e\u6211\u53bb\u904e\u4f60\u52d5\u68ee\u7684\u4e16\u754c\u8d85\u53b2\u5bb3\u7684"
        },
        {
            "reply_id": "Ugxp-16SMQ_vPfV5BGV4AaABAg",
            "reply_content": "\u5009\u9f20\u6708\u5230\u4e86"
        },
        {
            "reply_id": "Ugye8bjVUjkX-5FnK2h4AaABAg",
            "reply_content": "\u6211\u54e5\u4e5f\u6709QQ,\u56e0\u70ba\u4ed6\u4e5f\u6709\u6234\u7259\u5957"
        },
        {
            "reply_id": "UgyX_y2LCU0fVEufx454AaABAg",
            "reply_content": "\u64f4\u9999\u5728\u7384\u95dc\u61c9\u8a72\u7528\u9014\u4e0d\u5927\u5427\uff0c\u5b89\u557e\u4e0d\u51fa\u9580\u554a\ud83d\ude02"
        },
        {
            "reply_id": "UgwmX1sr_ZK3j9Wy6mZ4AaABAg",
            "reply_content": "\u5b89\u557e\u6700\u9032\u4e00\u76f4\u51fa\u5f71\u7247\uff0c\u6211\u597d\u958b\u5fc3"
        },
        {
            "reply_id": "Ugx-AJYECNbbVRqqylx4AaABAg",
            "reply_content": "\u53f0\u7063\u75ab\u60c5\u4e5f\u4e00\u76f4\u7206\u767c \u5728\u5bb6\u5feb\u6eff1\u500b\u6708\u4e86 \u4f46\u662f\u5076\u723e\u4e5f\u9084\u662f\u6703\u9a0e\u8eca \u958b\u8eca\u51fa\u9580\u63a1\u8cfc\u7ce7\u98df"
        },
        {
            "reply_id": "UgzqdHfGs94qy4iUNmB4AaABAg",
            "reply_content": "\u5b89\u557e \u5009\u9f20\u4e94\u9031\u5e74\u4f60\u9084\u8a18\u5f97\u55ce\uff1f"
        },
        {
            "reply_id": "UgywDZE7VaG88rmYy7l4AaABAg",
            "reply_content": "\u5b89\u557e\u597d\u68d2\uff01"
        },
        {
            "reply_id": "UgzbQvNTddn3cVA9ehh4AaABAg",
            "reply_content": "\u5b89\u557e\u4e0b\u5df4\u7684\u90a3\u5169\u500b\u9ede\u9ede\u8b93\u6211\u5fcd\u4e0d\u4f4f\u4e00\u76f4\u7576\u773c\u775b\u5c31\u56de\u4e0d\u53bb\u4e86"
        }
    ]
}