{
    "video_info": {
        "id": "Oxm4siRmQZU",
        "channelTitle": "\u5b89\u557e\u54aa",
        "title": "\u97d3\u570b\u6211\u4f86\u4e86\uff01\u9996\u723e\u6700\u65b0\u6a02\u9ad8\u6a02\u5712\ud83c\udfa0 \u8a2d\u65bd\u53ef\u611b\u53c8\u597d\u73a9\uff01| \u5b89\u557e (\u309d\u2200\uff65) \u2661",
        "description": "\u547c\u547c\u547c\uff5e\u9019\u500b\u6708\u5e36\u5927\u5bb6\u73a9\u97d3\u570b\uff01\n\nShopBack\u9664\u4e86Agoda\u4ee5\u5916\n\u548cFoodpanda\u3001PChome24\u7b49\u7b49\u77e5\u540d\u5e73\u53f0\u90fd\u6709\u5408\u4f5c\uff0c\u771f\u662f\u5927\u5bb6\u7684\u597d\u5925\u4f34\n\u7531\u4ee5\u4e0b\u9023\u7d50\u8a3b\u518a\uff0c\u53ef\u4ee5\u5148\u62ff$100\u734e\u52f5\u91d1\u55b2\uff01\uff01\u9023\u7d50\u5e95\u52a0\uff1a\nhttps://app.shopback.com/twn/partner/TW-Community-anjouclever-2022\n\n\u27ab \u8a02\u95b1\u5b89\u557e\uff1ahttps://goo.gl/KmLFgD\n\u27ab \u5b89\u557eIG\uff1ahttps://www.instagram.com/anjouclever/\n\u27ab \u5b89\u557eFB\uff1ahttps://www.facebook.com/anjoupikachu/\n\ud83d\udc39 \u73a9\u5177\u958b\u7bb1\u5168\u96c6\uff1ahttps://goo.gl/91ulRJ",
        "likeCount": "6467",
        "commentCount": "199",
        "viewCount": "273344"
    },
    "comments": [
        {
            "reply_id": "Ugz6njPC-hK0rgwe-RJ4AaABAg",
            "reply_content": "\u7d50\u679c\u73a9\u9b54\u8853\u65b9\u584a\u7684\u6b50\u5df4\u9080\u8acb\u4e86\u5b89\u557e\u6253\u756b\u7247XD\ud83d\ude06"
        },
        {
            "reply_id": "UgzPnYuhMwi7yEiIs5B4AaABAg",
            "reply_content": "\u54c7\u54e6 \u5b89\u557e\u66f4\u65b0\u597d\u6162\u5440"
        },
        {
            "reply_id": "Ugw8dN2ZlFYiTv-ThZZ4AaABAg",
            "reply_content": "\u767c\u73fe\u5b89\u557e\u7684\u53e3\u7f69\u662f\uff22\uff34\uff33\u7684\u54c8\u54c8\u54c8"
        },
        {
            "reply_id": "UgyZkBDtZdFcksReBwN4AaABAg",
            "reply_content": "\u9019\u500b\u5730\u65b9\u9084\u771f\u7f8e\u9e97\u6211\u90fd\u6c92\u53bb\u904e"
        },
        {
            "reply_id": "UgxBX6G4vrO89qK-6wR4AaABAg",
            "reply_content": "\u53ef\u611b\u7684\u5b89\u557e"
        },
        {
            "reply_id": "UgybXw9aBsPDcDS8nqx4AaABAg",
            "reply_content": "\u597d\u4e45\u6c92\u770b\u5b89\u557e\u4e86 \u6211\u8a18\u5f97\u6211\u770b\u5b89\u557e\u7684\u6642\u5019\u662f\u570b\u5c0f\u516d\u5e74\u7d1a\u7684\u6642\u5019 \u73fe\u5728\u6211\u5df2\u7d93\u9ad8\u4e09\u4e86\u54c8\u54c8"
        },
        {
            "reply_id": "UgzKxj6rBYKe23JSjWZ4AaABAg",
            "reply_content": "\u611f\u89ba\u6a02\u9ad8\u6a02\u5712\u5f88\u9069\u5408\u4e0d\u6562\u73a9\u5c16\u53eb\u7cfb\u7684\u4eba\uff5e"
        },
        {
            "reply_id": "UgxGEcZnmDnk2o0OZ314AaABAg",
            "reply_content": "\u6700\u611b\u5b89\u557e"
        },
        {
            "reply_id": "Ugxt2N6u_HDcsV2ii6l4AaABAg",
            "reply_content": "\u8ddf\u9a6c\u6765\u897f\u4e9a\u5dee\u4e0d\u591a"
        },
        {
            "reply_id": "UgxsyaxmjoOGKf9j0QF4AaABAg",
            "reply_content": "\u9019\u96c6\u5f71\u7247\u5b89\u557e\u4e00\u6574\u500b\u6d3b\u6f51\u5916\u653e\uff0c\u8ddf\u4e4b\u524d\u7684\u5f71\u7247\u76f8\u6bd4\u6211\u6bd4\u8f03\u559c\u6b61\u9019\u7a2e\u611f\u89ba\uff1b\u4e0d\u904e\u6a02\u9ad8\u904a\u6a02\u5712\u96d6\u7136\u6709\u4e9b\u7a4d\u6728\u4eba\u5076\u3001\u4e5f\u6709\u6a02\u9ad8\u57ce\u5821\uff0c\u4f46\u7e3d\u9ad4\u4e0a\u597d\u50cf\u80fd\u62cd\u7167\u7684\u6771\u897f\u4e0d\u5920\u591a\uff08\u883b\u53ef\u60dc\u7684\uff09"
        },
        {
            "reply_id": "UgylMHs3QXFQQLIF-dB4AaABAg",
            "reply_content": "\u4e00\u53e3\u6c23\u8ffd\u5b8c\u7d2f\u7a4d20\u652f\u7684\u5b89\u557e\u5f71\u7247\uff0c\u7279\u5225\u559c\u6b61\u8fd1\u671f\u7684\u4e09\u652f\n\n\u5e36\u5abd\u5abd\u53bb\u73a9\u3001\u751f\u5564\u9152\u66f8\u5e97\u8ddf\u9019\u652f\u6a02\u9ad8\u6a02\u5712\n\n\u56e0\u70ba\u4ee5\u5f80\u5b89\u557e\u7684\u5f71\u7247\u662f\u70ba\u4e86\u5e36\u7d66\u5927\u5bb6\u6b61\u6a02 (\u7576\u7136\u771f\u7684\u6b61\u6a02\u611f\u4e5f\u5341\u8db3XD)\n\u4f46\u662f\u9019\u5e7e\u652f\u5f71\u7247\u96e3\u5f97\u5c55\u73fe\u4e86\u5b89\u557e\u7684\u611f\u6027\u548c\u5167\u5fc3\u7684\u611f\u53d7\n\u89ba\u5f97\u66f4\u80fd\u5920\u4e86\u89e3\u5b89\u557e\u4e00\u9ede~\n\u795d\u5b89\u557e\u65e9\u65e5\u9054\u6210200\u842c\u8a02\u95b1!!"
        },
        {
            "reply_id": "UgyDoWOWHGVN_sX0AUJ4AaABAg",
            "reply_content": "\u9032\u53bb\u98ef\u5e97\u8b8a\u746a\u8389\u6b50"
        },
        {
            "reply_id": "UgyOlDSheGDpUq30tht4AaABAg",
            "reply_content": "\u5b89\u557e\u9084\u662f\u4e00\u6a23\u5f88\u6d3b\u6f51\ud83d\ude42"
        },
        {
            "reply_id": "UgxSTQaTk3_3IAhY2pB4AaABAg",
            "reply_content": "\u6211\u559c\u6b61\u4e4b\u524d\u7684\u59b3  \u6211\u771f\u7684\u559c\u6b61\u4e4b\u524d\u7684\u59b3"
        },
        {
            "reply_id": "UgyTQwfilim6K2SXbiF4AaABAg",
            "reply_content": "\u6a02\u9ad8\u6a02\u5712\u6211\u662f\u53bb\u99ac\u4f86\u897f\u4e9e\u7684"
        },
        {
            "reply_id": "Ugz0BVpoF_y2K9rBLkx4AaABAg",
            "reply_content": "\u5b89\u557e\u597d\u4e45\u6c92\u6709\u767c\u7247\u4e86\uff0c\u597d\u958b\u5fc3"
        },
        {
            "reply_id": "UgzI7eh4v8lTZT403sV4AaABAg",
            "reply_content": "\u96d6\u7136\u5f88\u559c\u6b61\u5b89\u557e\uff0c\u4f46\u9019\u756b\u9762\u592a\u6643\u4e86\uff0c\u96e3\u5f97\u767c\u4f48\u5f71\u7247\uff0c\u770b\u5230\u98ef\u5e97\u958b\u7bb1\u5c31\u770b\u4e0d\u4e0b\u53bb\u4e86\uff0c\u5f88\u53ef\u60dc\u3002\n\u5e0c\u671b\u4e0d\u662f\u592a\u4e45\u6c92\u62cd\u7247\uff0c\u5c0e\u81f4\u62cd\u651d\u54c1\u8cea\u4e0b\u964d\u3002"
        },
        {
            "reply_id": "Ugz53DAE2OwDmIbwNCR4AaABAg",
            "reply_content": "\u5b89\u557e\u51fa\u7247\u901f\u5ea6\u8981\u52a0\u6cb9\uff01\ud83d\ude1f"
        },
        {
            "reply_id": "UgxuyZWy2aKcgMl8Xdd4AaABAg",
            "reply_content": "\u6a02\u9ad8\u6a02\u5712\u780d\u8d77\u4f86\u4e0d\u932f \u597d\u60f3\u53bb\u770b\u770b"
        },
        {
            "reply_id": "UgyWb5Fmp7C9c3vY1TN4AaABAg",
            "reply_content": "\u662f\u4e0d\u662f\u8ddf\u5c0f\u5433\u8a02\u7684\u98ef\u5e97\u4e00\u6478\u4e00\u6a23\u554a\ud83d\ude2e\u611f\u89ba\u4e4b\u5f8c\u5230\u97d3\u570b\u8981\u4f4f\u770b\u770b\u6b38\ud83e\udd70\ud83e\udd70"
        }
    ]
}