{
    "video_info": {
        "id": "pHZwAY8BPJo",
        "channelTitle": "\u5b89\u557e\u54aa",
        "title": "\u62c9\u9eb5\u88fd\u9020\u6a5f\uff01\u5728\u5bb6\u505a\u51fa\u7f8e\u5473\u7684\u8c5a\u9aa8\u98a8\u5473\u62c9\u9eb5\u5427\uff5e| \u5b89\u557e (\u309d\u2200\uff65) \u2661",
        "description": "\u4e2d\u79cb\u7bc0\u5feb\u6a02\uff01\n- - - - - - - - - - - - - - - - - - - - - -\n\u27ab \u8a02\u95b1\u5b89\u557e\uff1ahttps://goo.gl/KmLFgD\n\u27ab \u5b89\u557eFacebook\uff1ahttps://www.facebook.com/anjoupikachu/\n\ud83d\udc39 \u73a9\u5177\u958b\u7bb1\u5168\u96c6\uff1ahttps://goo.gl/91ulRJ\n- - - - - - - - - - - - - - - - - - - - - -\n\n\u8207\u300a\u9670\u967d\u5e2b:\u5996\u602a\u5c4b\u300b\u5408\u4f5c\n\n\u4e2d\u79cb\u5230\u5996\u602a\u5c4b\u7684\u4e16\u754c\u627e\u5c0f\u7d19\u4eba\u4e00\u8d77\u5718\u5713\u70e4\u8089\u4e5f\u662f\u5f88\u4e0d\u932f\u7684\u5537\niOS\u76ee\u524d\u5df2\u7d93\u6b63\u5f0f\u63a8\u51fa / Android 9/16\u958b\u653e\u4e0b\u8f09\n\n\u5373\u523b\u4e0b\u8f09\u548c\u9810\u7d04\uff1ahttps://go.onelink.me/ATti/4e216894\n\u5b98\u65b9\u7db2\u7ad9\uff1ahttp://www.onmyoji-yokaikoya.tw/ \n\u5b98\u65b9\u7c89\u7d72\u5718\uff1ahttps://www.facebook.com/onmyojiyokaikoya.tw/\n\n#\u9670\u967d\u5e2b\u5996\u602a\u5c4b #\u6211\u8207\u5996\u602a\u7684\u53ef\u611b\u65e5\u5e38 #2019\u4e00\u8d77\u4f86\u990a\u5d3d\u5d3d\n\n\u6e6f\u5e95\u505a\u6cd5\u662f\u53c3\u8003MASA\u306e\u6599\u7406ABC\u54e6\uff01\n\u300bhttps://youtu.be/ql6vRcR_grw\n- - - - - - - - - - - - - - - - - - - - - -\n\n\u27a8\u76f8\u95dc\u5f71\u7247\n\n1/2\u7e2e\u5c0f\u7248\u626d\u86cb\u6a5f \u2606 \u626d\u5230\u4ec0\u9ebc\u5c31\u5403\u4ec0\u9ebc\u7684\u523a\u6fc0\u73a9\u6cd5?!\n\u21e2 https://goo.gl/tSJlNG\n\u6dbc\u9eb5\u6c34\u6a02\u5712 - \u6d41\u6c34\u7d20\u9eb5\u5f9e\u9ad8\u4f4e\u5dee56cm\u7684\u6ed1\u6c34\u9053\u6e9c\u4e0b\u4f86\u4e86\uff01\n\u21e2 https://goo.gl/tgYRy1\n\u3010\u77e5\u80b2\u83d3\u5b50\u3011\u99ac\u6876\u6e05\u6dbc\u98f2\u6599\uff01\u7121\u6cd5\u62db\u67b6\u7684\u5473\u9053\uff01\n\u21e2 https://goo.gl/n0nnyQ\n\u6d77\u5e95\u7e3d\u52d5\u54e12 - Finding Dory \u2606 \u591a\u8389\u5609\u5e74\u83ef\uff01\u9084\u6709\u597d\u591a\u9b5a\u53cb\u5011\uff01\n\u21e2 https://goo.gl/oAn42q\n\u6703\u5b78\u4f60\u8aaa\u8a71\u7684\u840c\u840c\u5c0f\u5009\u9f20 - \u8981\u6210\u70ba\u4e00\u4f4d\u6559\u5b97\u4e0d\u662f\u90a3\u9ebc\u7c21\u55ae\u7684\u4e8b\u60c5!!\n\u21e2 https://goo.gl/8WZaZT\n\n- - - - - - - - - - - - - - - - - - - - - -\nBGM\u4f86\u6e90\uff1ahttp://dova-s.jp/\n\u97f3\u6548\u4f86\u6e90\uff1ahttp://musicisvfr.com/free/index.html",
        "likeCount": "15758",
        "commentCount": "770",
        "viewCount": "792424"
    },
    "comments": [
        {
            "reply_id": "Ugxjkzul6AToquAHK0F4AaABAg",
            "reply_content": "\u4e2d\u79cb\u7bc0\u5403\u62c9\u9eb5\uff01\u6709\u500b\u6027\uff01"
        },
        {
            "reply_id": "UgxZoTB_edgLBnCGdAp4AaABAg",
            "reply_content": "\u6703"
        },
        {
            "reply_id": "Ugz9wXfYz2UnoEutLm54AaABAg",
            "reply_content": "\u904a\u6232\u67e5\u4e0d\u5230\uff1f"
        },
        {
            "reply_id": "UgzJlDhqtVeI2sI6nYZ4AaABAg",
            "reply_content": "\u5b89\u557e\u59d0\u59d0\u4f60\u7684\u9762\u61c9\u8a72\u5728\u624d\u597d\u9eb5\u7684\u6642\u5019\u6ce1\u51b7\u6c34\u7684\u5594"
        },
        {
            "reply_id": "UgwtIHOGa0VeuzJVHpx4AaABAg",
            "reply_content": "\u60f3\u554f\u652a\u62cc\u5668\u662f\u4ec0\u9ebc\u724c\u5b50\uff1f\u597d\u53ef\u611b\u5537\ud83d\ude01"
        },
        {
            "reply_id": "UgyJ_bKz1SbaAOmohvN4AaABAg",
            "reply_content": "\u597d\u4e45\u6c92\u5403\u62c9\u9eb5\u5594\uff01"
        },
        {
            "reply_id": "UgxQwhY0X3HAVt7qay14AaABAg",
            "reply_content": "\u611f\u89ba\u5f88\u597d\u5403"
        },
        {
            "reply_id": "UgwdBkjLcNC0FBseoFZ4AaABAg",
            "reply_content": "\u9019\u662f\u788e\u7d19\u6a5f\u5427\uff01"
        },
        {
            "reply_id": "UgxDnVVnp6YA-TeJprx4AaABAg",
            "reply_content": "\u5b89\u557e\u8001\u677f\u4e00\u7897\u591a\u5c11\u5462\uff1f\n\u6211\u5168\u5305"
        },
        {
            "reply_id": "UgxMfZW4Vv9GdcErzyl4AaABAg",
            "reply_content": "\u4e00\u9ede\u90fd\u4e0d\u6709\u8da3"
        },
        {
            "reply_id": "UgzITUgJmOZxkxypJr14AaABAg",
            "reply_content": "\u6211\u6703"
        },
        {
            "reply_id": "Ugzc5Z-9gc0XQU9DRmN4AaABAg",
            "reply_content": "\u9019\u500b\u7b11\u8a71\u771f\u662f\u51b7"
        },
        {
            "reply_id": "UgztQvisXc0laJaE19B4AaABAg",
            "reply_content": "\u9019\u500b"
        },
        {
            "reply_id": "UgxcaEVrY9yR8zFx_MJ4AaABAg",
            "reply_content": "\u597d\u50cf\u62ab\u8428\u5417\u54c8\u54c8"
        },
        {
            "reply_id": "Ugw4vYKHrX9DsmRrujF4AaABAg",
            "reply_content": "\u5f88\u597d\u73a9"
        },
        {
            "reply_id": "Ugxlbk1tAP0P21dgpFJ4AaABAg",
            "reply_content": "\u59b3\u62cd\u651d\u7684\u5f71\u7247\u592a\u68d2\u4e86"
        },
        {
            "reply_id": "UgyBQa6nyWttk1xqTNB4AaABAg",
            "reply_content": "\u597d\u60f3\u8981\u5403\u9eb5\u54e6\ud83d\ude0d"
        },
        {
            "reply_id": "Ugzqpl1plQZYJ-Fc_TV4AaABAg",
            "reply_content": "\u7591\u5b9a\u53ef\u4ee5\u7684\ud83d\ude42"
        },
        {
            "reply_id": "Ugyrw3oPR24D8ARFArJ4AaABAg",
            "reply_content": "\u9634\u9633\u5e08\u5996\u602a\u5c4b\uff01"
        },
        {
            "reply_id": "UgxzW5BMfnhhcu2WTNd4AaABAg",
            "reply_content": "\u4ee5\u540e\u8981\u5565\u5c31\u53eb\u5c0f\u7eb8\u4eba\u53ef\u4ee5\u4e86\uff0c\u4e0d\u8981\u82b1\u94b1\u53bb\u4e70\u4f60\u8981\u62cd\u7684\u4e1c\u897f\u4e86\u3002\u54c8\u54c8\u54c8\uff1f\u5662\u529b\u7ed9"
        }
    ]
}