{
    "video_info": {
        "id": "qITwy1jvkfY",
        "channelTitle": "\u5b89\u557e\u54aa",
        "title": "2022\u65e5\u672c\u5973\u5b50\u79cb\u51ac\u6d41\u884c\uff01\u7adf\u7136\u6d41\u884c\u8d77\u8896\u5957...?| \u5b89\u557e (\u309d\u2200\uff65) \u2661",
        "description": "\u65e5\u672c2022\u7684\u7a7f\u642d\u6709\u4e00\u4e9b\u65b0\u5947\u8b8a\u5316\n\u4e0d\u77e5\u9053\u5728\u53f0\u7063\u8857\u982d\u4e5f\u6703\u770b\u898b\u55ce\uff01\n\u4f46\u5148\u5225\u8aaa\u9019\u500b\u4e86\n\u5728FB\u73fe\u5728\u6709\u9177\u6d1b\u7c73\u773c\u93e1\u62bd\u734e\u6d3b\u52d5\u54e6\uff5e\uff5e\n\u50b3\u9001\u9580\uff1ahttps://fb.watch/gvmM0YAoDG/\n\n\u4e00\u8d77\u6210\u70ba\u9177\u6d1b\u7c73\u5c0f\u60e1\u9b54\uff1ahttps://reurl.cc/GXZ4op\nOWNDAYS \u9177\u6d1b\u7c73\u806f\u540d\u773c\u93e1 $2,990-$3,490\u914d\u5230\u597d\ud83d\udc53\n\n\u27ab \u8a02\u95b1\u5b89\u557e\uff1ahttps://goo.gl/KmLFgD\n\u27ab \u5b89\u557eIG\uff1ahttps://www.instagram.com/anjouclever/\n\u27ab \u5b89\u557eFB\uff1ahttps://www.facebook.com/anjoupikachu/\n\ud83d\udc39 \u73a9\u5177\u958b\u7bb1\u5168\u96c6\uff1ahttps://goo.gl/91ulRJ",
        "likeCount": "2382",
        "commentCount": "109",
        "viewCount": "76105"
    },
    "comments": [
        {
            "reply_id": "UgyFdwwd_SFrZ2CGaIp4AaABAg",
            "reply_content": "\u5b89\u557e\u771f\u7684\u597d\u7f8e~"
        },
        {
            "reply_id": "UgxNCOfVkMpPJVQaald4AaABAg",
            "reply_content": "\u773c\u93e1\u4e5f\u592a\u9069\u5408\u4e86"
        },
        {
            "reply_id": "UgxYZ0SL7V7SmnejOGh4AaABAg",
            "reply_content": "\u60f3\u554f\u4e00\u4e0b\u8932\u5b50\u5728\u54ea\u908a\u8cb7\u7684 \u597d\u597d\u770b~~"
        },
        {
            "reply_id": "UgyXI_VWkupyx2gQ_hh4AaABAg",
            "reply_content": "\u5b89\u557e\u662f\u6211\u770b\u904e\u8d85\u9069\u5408\u6234\u773c\u93e1\u7684\u4eba\u5566!!!\u8d85\u7f8e~"
        },
        {
            "reply_id": "UgyLej1rn18qfwe6wtd4AaABAg",
            "reply_content": "\u9ed1\u8272\u9774\u5b50\u662f\u4ec0\u4e48\u724c\u5b50"
        },
        {
            "reply_id": "Ugz4Wo2LH2L3VGLGadp4AaABAg",
            "reply_content": "\u4e5f\u60f3\u77e5\u9053\u7b2c\u4e8c\u5957\u7684\u9b5a\u5c3e\u88d9\u2764\u8b1d\u8b1d"
        },
        {
            "reply_id": "Ugz5Y6QkwJPJrJ-ZEId4AaABAg",
            "reply_content": "\u60f3\u8acb\u554f\u5b89\u557e\u98db\u884c\u5916\u5957\u7684\u54c1\u724c~\u5b89\u557e\u7a7f\u8d77\u4f86\u8d85\u6709\u578b\u7684\u5566\u2267\u03c9\u2266"
        },
        {
            "reply_id": "UgxZrITvbJTWcuYHxeR4AaABAg",
            "reply_content": "\u5b89\u557e \u7a7f\u4ec0\u9ebc\u90fd\u53ef\u611b"
        },
        {
            "reply_id": "Ugxgoqe7DgrFM0B6Ek54AaABAg",
            "reply_content": "\u597d\u559c\u6b61\u7a7f\u642d\u5f71\u7247\u2764"
        },
        {
            "reply_id": "UgxCsPZQZvIPY70_krZ4AaABAg",
            "reply_content": "\u5929 \u9019\u689d\u9b5a\u5c3e\u88d9\u592a\u71d2\u4e86"
        },
        {
            "reply_id": "UgxguiKaQ4XqOOeOpT94AaABAg",
            "reply_content": "\u5e0c\u671b\u9019\u5e74\u5e74\u5e95\u6211\u5728\u65e5\u672c\u65c5\u904a\u9019\u6a23\u7a7f\u4e0d\u6703\u51b7\u6b7b\ud83d\ude22\ud83e\udd1e\ud83d\ude02"
        },
        {
            "reply_id": "UgyqUCnqCt7RNrRaaf94AaABAg",
            "reply_content": "\u5b89\u557e\u6234\u9019\u500b\u773c\u93e1\u8d85\u71d2\u7684\ud83d\ude0d"
        },
        {
            "reply_id": "Ugx6IJ9GVWsQ-MH4A1F4AaABAg",
            "reply_content": "\u7b2c\u4e00\u5957\u7a7f\u5728\u5b89\u557e\u8eab\u4e0a\u592a\u597d\u770b\u4e86\u5427\u2026\u6211\u60f3\u4e86\u4e00\u4e0b\u7a7f\u5728\u6211\u8eab\u4e0a\u7684\u6a23\u5b50 \u53ea\u89ba\u5f97\u611f\u89ba\u6703\u5f88\u963f\u6851\ud83d\ude22"
        },
        {
            "reply_id": "UgyD-hmZiOEBeMAIjV94AaABAg",
            "reply_content": "\u539f\u4f86\u65e5\u672c\u7dda\u5728\u6d41\u884c\u9019\u4e9b\uff0c\u90fd\u597d\u597d\u770b\u54e6\uff01"
        },
        {
            "reply_id": "Ugzeq3HB9O3mQxaY5_F4AaABAg",
            "reply_content": "\u611f\u8b1d\u5206\u4eab\uff01"
        },
        {
            "reply_id": "UgxsxPW9SGJ_dIlFX2l4AaABAg",
            "reply_content": "\u592a\u68d2\u4e86\uff5e\uff5e\u7b49\u597d\u4e45\u5b89\u557e\u7a7f\u642d\u5f71\u7247\u5566\uff5e"
        },
        {
            "reply_id": "Ugw5rY0XJRWMMSm8b9V4AaABAg",
            "reply_content": "\u5b89\u557e\u7684\u54c1\u5473\u597d\u597d\uff5e\u7a7f\u8d77\u4f86\u597d\u597d\u770b\uff5e\n\u5b78\u5230\u597d\u591a \u611f\u8b1d\u5b89\u557e\ud83d\ude02"
        },
        {
            "reply_id": "UgwDpQdONuQrEDEsmjF4AaABAg",
            "reply_content": "\u5730\u96f7\u7cfb\u5973\u5b50\u79d2\u60f3\u5230\u80b2\u771f\ud83e\udd23"
        },
        {
            "reply_id": "UgxDQxkdsY0wuyXnPld4AaABAg",
            "reply_content": "\u56e0\u70ba\u662f\u842c\u8056\u7bc0\u6240\u4ee5\u662f\u5eab\u6d1b\u7c73\u7684\u751f\u65e5\u5594"
        },
        {
            "reply_id": "UgySxNaGzOYxCQHpm7R4AaABAg",
            "reply_content": "\u5b89\u557e\u5f88\u9069\u5408\u65e5\u7cfb\u7a7f\u642d\u5462\uff01"
        }
    ]
}