{
    "video_info": {
        "id": "QS2MQAYQFDc",
        "channelTitle": "\u5b89\u557e\u54aa",
        "title": "\u9b3c\u6ec5\u4e4b\u5203\u7121\u9650\u5217\u8eca\u8ff4\u8f49\u58fd\u53f8\uff01\u8eca\u5b50\u6709\u5920\u7cbe\u7dfb\uff01\u58fd\u53f8\u4e4b\u547c\u5438\uff01| \u5b89\u557e (\u309d\u2200\uff65) \u2661",
        "description": "\u4eca\u5929\u53c8\u4f86\u62cd\u706b\u8eca\u4e86\uff01\n\n\u27ab \u8a02\u95b1\u5b89\u557e\uff1ahttps://goo.gl/KmLFgD\n\u27ab \u5b89\u557eIG\uff1ahttps://www.instagram.com/anjouclever/\n\u27ab \u5b89\u557eFB\uff1ahttps://www.facebook.com/anjoupikachu/\n\ud83d\udc39 \u73a9\u5177\u958b\u7bb1\u5168\u96c6\uff1ahttps://goo.gl/91ulRJ",
        "likeCount": "3407",
        "commentCount": "102",
        "viewCount": "86875"
    },
    "comments": [
        {
            "reply_id": "UgzaUhw4LqzSmVlGXlN4AaABAg",
            "reply_content": "\u59cd\u59cd\u4f86\u9072\u5566\uff01\n\u6700\u5f8c\u8f38\u51fa\u7684\u6642\u5019\u5b57\u5e55\u6a94\u51fa\u4e86\u4e00\u9ede\u554f\u984c\n\u7d50\u679c\u91cd\u65b0\u53c8\u6253\u4e86\u4e00\u6b21\u5b57\u5e55 \u5d29\u6f70\uff01\n\u4f46\u4f9d\u7136\u9806\u5229\u7684\u5728\u9031\u65e5\u4e0b\u5348\u8207\u5927\u5bb6\u76f8\u898b\n\u7121\u9650\u5217\u8eca\u4f9d\u7136\u597d\u73a9\u53ef\u611b\n\u6211\u5011\u4e0b\u9031\u518d\u898b\u5695"
        },
        {
            "reply_id": "UgzLugFVw6i3flWC19Z4AaABAg",
            "reply_content": "\u54c7\u500b\u5c41"
        },
        {
            "reply_id": "Ugw6YKTn87VQusIbt7R4AaABAg",
            "reply_content": "\u770b\u90a3\u500b\u706b\u8eca\u5728\u8dd1\u597d\u53ef\u611b\u5594\uff01\uff01"
        },
        {
            "reply_id": "Ugy-YaB7z8pYNlEki4d4AaABAg",
            "reply_content": "\u58fd\u53f8\u4e5f\u592a\u53ef\u611b\u4e86\u5427"
        },
        {
            "reply_id": "UgxfDbxH7ow0OtiDI_x4AaABAg",
            "reply_content": "\u4e5f\u4e0d\u662f\u5728\u4e4e\u4ec0\u9ebc\u4e3b\u984c,\u53cd\u6b63\u5f88\u597d\u770b\u5c31\u662f\u4e86."
        },
        {
            "reply_id": "UgxiIxiY96io3W7rP-h4AaABAg",
            "reply_content": "\u611f\u8b1d\u59ca\u59ca\uff0c\u771f\u7684\u662f\u706b\u8eca\uff01"
        },
        {
            "reply_id": "UgwO3ve76ccBJ12ZEiR4AaABAg",
            "reply_content": "\u611f\u8b1d\u59ca\u59ca\uff0c\u771f\u7684\u662f\u706b\u8eca\uff01"
        },
        {
            "reply_id": "Ugw9zw8kC29Rc3pYq294AaABAg",
            "reply_content": "\u8acb\u554f\u4e00\u4e0b\u9019\u662f\u5728\u54ea\u88e1\u8cb7\u7684\u5440\u6211\u4e5f\u60f3\u8cb7 \u91cd\u9ede\u50f9\u9322\u6703\u5f88\u8cb4\u55ce\uff1f"
        },
        {
            "reply_id": "UgxYhg-vi7VJXU6Maip4AaABAg",
            "reply_content": "\u5b89\u557e\u8fd9\u6b21\u5f00\u5934\u6709\u70b9\u597d\u7b11\u54c8\u54c8\u54c8"
        },
        {
            "reply_id": "UgxPzLY8Km-hA9MCk-54AaABAg",
            "reply_content": "\u9019\u6b21\u7684\u958b\u982d\u4e0d\u4e00\u6a23\u4e86\uff01\uff01"
        },
        {
            "reply_id": "UgwPf8VpkmJvyYuEWZ54AaABAg",
            "reply_content": "\u751f\u9baa\u9b5a\u61c9\u8a72\u662f\u9178\u6389\u4e86\u5427\u22ef\u22ef\u4e0a\u96c6\u4e0d\u662f\u8aaa\u505a\u597d\uff0c\u9694\u5929\u624d\u5403\ud83d\ude30"
        },
        {
            "reply_id": "Ugy4dJ5KvS0p3743CwJ4AaABAg",
            "reply_content": "\u771f\u7684\u597d\u53b2\u5bb3\u8d85\u6709\u8010\u5fc3\ud83e\udd17\ud83e\udd17"
        },
        {
            "reply_id": "UgwEwJTi_yy7yEJ1o7h4AaABAg",
            "reply_content": "\u4e3a\u4ec0\u4e48\u8fd9\u6b21\u6ca1\u6709\u8bf4\u7ea2\u77f3\u53e3\u888b\u4e86\uff1f"
        },
        {
            "reply_id": "Ugx7XHmfizLBBlkKe4J4AaABAg",
            "reply_content": "\u5c31\u7b97\u6709\u9019\u500b\u73a9\u5177\u6211\u4e5f\u505a\u4e0d\u51fa\u4e0a\u9762\u7684\u58fd\u53f8\ud83e\udd23\n\u5b89\u557e\u624b\u597d\u5de7\uff01"
        },
        {
            "reply_id": "UgwnlJ6yh1Wa4IrdUvN4AaABAg",
            "reply_content": "\u842c\u4ee3\u771f\u7684\u5f88\u6703\uff01"
        },
        {
            "reply_id": "UgzD18oepcrh94NTgqJ4AaABAg",
            "reply_content": "\u592a\u53b2\u5bb3\u4e86\ud83d\udc4d"
        },
        {
            "reply_id": "Ugz_Jea4TAAYiFrgOaJ4AaABAg",
            "reply_content": "\u9019\u500b\u4e0a\u7247\u901f\u5ea6\u771f\u7684\u8981\u9812\u734e\u4e86\u5566\ud83e\udd23\ud83e\udd23"
        },
        {
            "reply_id": "UgzhA4BnBG5OupJ1iAN4AaABAg",
            "reply_content": "\u5b89\u557e\u597d\u53ef\u611b\ud83d\ude02"
        },
        {
            "reply_id": "UgxtKgtB4JOEOFopHxV4AaABAg",
            "reply_content": "\u5efa\u8b70\u5b89\u557e\u53ef\u4ee5\u518d\u8cb7\u4e00\u7d44\uff0c\u9019\u6a23\u6709\u516b\u76e4\u7136\u5f8c\u53bb\u5916\u9762\u8cb7\u58fd\u53f8\u64fa\u653e\u4e0a\u53bb\u66f4\u6709FU\u5594\ud83d\udc4d\ud83d\udc4d"
        },
        {
            "reply_id": "UgzPBDbaRKlHF4fStFF4AaABAg",
            "reply_content": "\u5b89\u557e\u6210\u719f\u4e86"
        }
    ]
}