{
    "video_info": {
        "id": "qv9Um6b4iZI",
        "channelTitle": "\u5b89\u557e\u54aa",
        "title": "\u9b54\u5973\u7684\u9b54\u6cd5\u58fa\uff01\u771f\u7684\u53ec\u559a\u5f97\u51fa\u9b54\u6cd5\u7cbe\u9748\u7684\u795e\u79d8\u73a9\u5177\uff01| \u5b89\u557e (\u309d\u2200\uff65) \u2661",
        "description": "\u9019\u500b\u73a9\u5177\u6c88\u6d78\u611f\u597d\u8b9a\n\u6709\u4eba\u62ff\u9019\u500b\u6c42\u5a5a\u7684\u8a71\u6839\u672c\u6d6a\u6f2b\uff08\uff1f",
        "likeCount": "6010",
        "commentCount": "323",
        "viewCount": "138039"
    },
    "comments": [
        {
            "reply_id": "UgxqWsTuU_vT7SlK3DF4AaABAg",
            "reply_content": "\u597d\u6709\u8da3\u7684\u73a9\u5177\ud83d\ude02"
        },
        {
            "reply_id": "UgxiE6iXK3y_VisheJh4AaABAg",
            "reply_content": "\u5b83\u89ba\u5f97\u4f60\u5ee2\u8a71\u592a\u591a\u4e86 \u5b83\u8981\u8d95\u9032\u5ea6\ud83d\ude02"
        },
        {
            "reply_id": "UgwUUoyeO7pQjO-VDSh4AaABAg",
            "reply_content": "\u525b\u6ed1\u904e\u9019\u4e0d\u5c31\u662f\u641e\u795e\u99ac\u73a9\u58de\u7684\u90a3\u500b\u55ce\ud83d\ude02"
        },
        {
            "reply_id": "Ugy7E7w2-oZmqiYY0Op4AaABAg",
            "reply_content": "\u6709\u8d2d\u4e70\u94fe\u63a5\u5417\uff1f\u9a6c\u6765\u897f\u4e9a\u627e\u4e0d\u5230\ud83e\udd72"
        },
        {
            "reply_id": "Ugyd6wOSfG1h-rNN3Zl4AaABAg",
            "reply_content": "\u4eca\u5e74\u5feb\u904e\u5b8c\u4e86\ud83d\ude02"
        },
        {
            "reply_id": "Ugye5bs7sMf27X59zVx4AaABAg",
            "reply_content": "\u597d\u5947\u602a\u7684\u73a9\u5177"
        },
        {
            "reply_id": "UgyXXdGWMo3U1twlCnx4AaABAg",
            "reply_content": "\u662f\u500b\u65e9\u7522\u5152"
        },
        {
            "reply_id": "UgxAfWtcqGCzv5Qg43N4AaABAg",
            "reply_content": "\u7b2c\u4e00\u6b21\u770b\u5230\u9084\u89ba\u5f97\u5f88\u795e\u5947"
        },
        {
            "reply_id": "UgyaGMpjJHGqbU7R1Dx4AaABAg",
            "reply_content": "\u4ed6\u662f\u65e9\u7522\u5152\uff0c\u63d0\u65e9\u51fa\u751f"
        },
        {
            "reply_id": "UgzS41WNIDSFOLiHHe14AaABAg",
            "reply_content": "\u9b54\u6cd5\u58fa\u8b8a\u6210\u5687\u5687\u58fa\u4e86\ud83e\udd23"
        },
        {
            "reply_id": "UgxhW6peiVVJjhNl36t4AaABAg",
            "reply_content": "\u6211\u7684\u5145\u96fb\u5145\u597d\u4e45\u2026.\u5df2\u7d933\u500b\u5c0f\u6642\u7d05\u71c8\u9084\u6c92\u6d88"
        },
        {
            "reply_id": "UgwxvUpRvFmTBtY4PiN4AaABAg",
            "reply_content": "\u592a\u597d\u7b11\u4e86"
        },
        {
            "reply_id": "UgwhEbIN3Kq0Bt1VXiF4AaABAg",
            "reply_content": "\u4e00\u6574\u500b\u8ae7\u661f\u54c8\u54c8\u54c8\u54c8\u54c8\u54c8\u6839\u672c\u6c92\u6709\u9b54\u6cd5\u7684fu\uff0c\u5efa\u8b70\u5b89\u557e\u6709\u6642\u5019\u4e0d\u8981\u592a\u6fc0\u52d5\u6216\u4e00\u9a5a\u4e00\u4e4d\u7684\uff0c\u5176\u5be6\u6703\u89ba\u5f97\u5c2c=v=\""
        },
        {
            "reply_id": "UgzXjrFwjBwaJouD-BJ4AaABAg",
            "reply_content": "\u9084\u6709\u7d05\u77f3\u53e3\u888b\u55ce"
        },
        {
            "reply_id": "UgywbXe6mn3AHZWWg4x4AaABAg",
            "reply_content": "\u4f60\u592a\u6162\u4e86"
        },
        {
            "reply_id": "UgzTYtMLiNT84nUl2hp4AaABAg",
            "reply_content": "\u53ef\u80fd\u901f\u5ea6\u592a\u6162\u4e86\uff0c\u5b83\u7684\u5224\u65b7\u57fa\u6e96\u53ef\u80fd\u662f\u9694\u5e7e\u79d2\u7136\u5f8c\u5c31\u4e0b\u4e00\u6b65\u5427\ud83e\udd14\uff1f"
        },
        {
            "reply_id": "UgyslPnqvpMaZkmriJR4AaABAg",
            "reply_content": "\u9019\u500b\u958b\u5834\u7684\u9020\u578b\u597d\u597d\u770b\u5594"
        },
        {
            "reply_id": "UgzleG3Ufapk_W4DSz54AaABAg",
            "reply_content": "\u54c7\u529b\u5bb3"
        },
        {
            "reply_id": "UgxjDr4A9nB4BhYKKJl4AaABAg",
            "reply_content": "\u6211\u4e00\u76f4\u5728\u7b49\u5f85\u9b54\u6cd5\u58fa\u4e0a\u9762\u90a3\u9846\u5927\u5bf6\u77f3\u767c\u51fa\u5149\u8292\u8036\uff01\u6700\u5f8c\u9084\u662f\u6c92\u6709\u7b49\u5230QQ"
        },
        {
            "reply_id": "UgyL3p6KgSY6KQmRPVp4AaABAg",
            "reply_content": "\u9019\u662f\u4e00\u500b\u65e9\u7522\u7684\u60e1\u9b54\u8a95\u751f\u7684\u6545\u4e8b(\u00d7"
        }
    ]
}