{
    "video_info": {
        "id": "rAVY7Awk-N0",
        "channelTitle": "\u5b89\u557e\u54aa",
        "title": "\u81ea\u5df1\u5728\u5bb6\u7a2e\u8c46\u82d7\uff01\u7136\u5f8c\u505a\u6210\u85af\u7247\u8c46\u82d7\u7092\u98ef\u5427\uff01| \u5b89\u557e (\u309d\u2200\uff65) \u2661",
        "description": "\u8207\u300a\u690d\u7269\u5927\u6230\u6bad\u5c4d\uff1a\u548c\u7766\u5c0f\u93ae\u4fdd\u885b\u6230\u300b\u5408\u4f5c\n#EASponsored\n- - - - - - - - - - - - - - - - - - - - - -\n\u27ab \u8a02\u95b1\u5b89\u557e\uff1ahttps://goo.gl/KmLFgD\n\u27ab \u5b89\u557eFacebook\uff1ahttps://www.facebook.com/anjoupikachu/\n\ud83d\udc39 \u73a9\u5177\u958b\u7bb1\u5168\u96c6\uff1ahttps://goo.gl/91ulRJ\n- - - - - - - - - - - - - - - - - - - - - -\n\n- - - - - - - - - - - - - - - - - - - - - -\n\u27a8\u76f8\u95dc\u5f71\u7247\n\n1/2\u7e2e\u5c0f\u7248\u626d\u86cb\u6a5f \u2606 \u626d\u5230\u4ec0\u9ebc\u5c31\u5403\u4ec0\u9ebc\u7684\u523a\u6fc0\u73a9\u6cd5?!\n\u21e2 https://goo.gl/tSJlNG\n\u6dbc\u9eb5\u6c34\u6a02\u5712 - \u6d41\u6c34\u7d20\u9eb5\u5f9e\u9ad8\u4f4e\u5dee56cm\u7684\u6ed1\u6c34\u9053\u6e9c\u4e0b\u4f86\u4e86\uff01\n\u21e2 https://goo.gl/tgYRy1\n\u3010\u77e5\u80b2\u83d3\u5b50\u3011\u99ac\u6876\u6e05\u6dbc\u98f2\u6599\uff01\u7121\u6cd5\u62db\u67b6\u7684\u5473\u9053\uff01\n\u21e2 https://goo.gl/n0nnyQ\n\u6d77\u5e95\u7e3d\u52d5\u54e12 - Finding Dory \u2606 \u591a\u8389\u5609\u5e74\u83ef\uff01\u9084\u6709\u597d\u591a\u9b5a\u53cb\u5011\uff01\n\u21e2 https://goo.gl/oAn42q\n\u6703\u5b78\u4f60\u8aaa\u8a71\u7684\u840c\u840c\u5c0f\u5009\u9f20 - \u8981\u6210\u70ba\u4e00\u4f4d\u6559\u5b97\u4e0d\u662f\u90a3\u9ebc\u7c21\u55ae\u7684\u4e8b\u60c5!!\n\u21e2 https://goo.gl/8WZaZT\n- - - - - - - - - - - - - - - - - - - - - -\nBGM\u4f86\u6e90\uff1ahttp://dova-s.jp/\n\u97f3\u6548\u4f86\u6e90\uff1ahttp://musicisvfr.com/free/index.html",
        "likeCount": "9026",
        "commentCount": "566",
        "viewCount": "321340"
    },
    "comments": [
        {
            "reply_id": "UgyTbuD3DRwNXRfa3NR4AaABAg",
            "reply_content": "\u5750\u5b8c\u8c6a\u83ef\u5217\u8eca\u5f8c\u4e09\u9910\u53ea\u80fd\u5403\u8c46\u82d7\u4e86\n\u770b\u8c46\u82d7\u7e2e\u6642\u9577\u9ad8\u771f\u662f\u7642\u7652\u263a\ufe0f\u263a\ufe0f"
        },
        {
            "reply_id": "UgzB4sNPRxcQGN41nit4AaABAg",
            "reply_content": "\u4e0d\u77e5\u9053\u90a3\u500b\u8c46\u82d7\u53ef\u4ee5\u7a2e\u591a\u5c11\u6b21(\u6d41\u53e3\u6c34"
        },
        {
            "reply_id": "UgzIFiGldJ2NgfmyrwN4AaABAg",
            "reply_content": "\u7528\u7e2e\u6642\u597d\u7642\u7652"
        },
        {
            "reply_id": "UgyHbE2kTJZFpH-zKNh4AaABAg",
            "reply_content": "\u967d\u83dc\u7092\u98ef"
        },
        {
            "reply_id": "Ugw9-edC71z7Wu9KLPJ4AaABAg",
            "reply_content": "\u770b\u8c46\u82d7\u6162\u6162\u9577\u5927\u8301\u58ef\u771f\u662f\u8d85\u7642\u7652\u7684\u3002"
        },
        {
            "reply_id": "UgxeaNrofLF-0svWISx4AaABAg",
            "reply_content": "\u6211\u5973\u670b\u53cb\u554f\u6211\u70ba\u751a\u9ebc\u7528\u8c46\u82bd\u7092\u98ef \u6211\u4e5f\u4e0d\u77e5\u9053\u554a\u9760\u5317"
        },
        {
            "reply_id": "UgyxFuDqmYtGNrCrPaZ4AaABAg",
            "reply_content": "\u8c46\u82d7\u5728\u8df3\u821e"
        },
        {
            "reply_id": "Ugx5879nrfTbebtnLiZ4AaABAg",
            "reply_content": "\u8c46\u82d7\u9577\u5927\u7684\u6642\u5019\u6211\u5c31\u89ba\u5f97\u5f88\u795e\u5947"
        },
        {
            "reply_id": "UgwRACp_5ScCsdYQ2sB4AaABAg",
            "reply_content": "\u9700\u8981\u653e\u5728\u9633\u5149\u4e0b\u5417\uff1f\u8fd8\u662f\u901a\u98ce\u7684\u5730\u65b9\uff1f"
        },
        {
            "reply_id": "UgyWm89lG78zkyRvBTB4AaABAg",
            "reply_content": "\u9019\u500b\u8449\u914d\uff0c\u771f\u662f\u51fa\u5176\u4e0d\u610f"
        },
        {
            "reply_id": "UgypqE6BN95ly6dshzN4AaABAg",
            "reply_content": "\u6211\u4e5f\u6709\u7a2e\uff01"
        },
        {
            "reply_id": "UgyOgE61BV5vkgXFYmZ4AaABAg",
            "reply_content": "\u96d6\u7136\u5f88\u7642\u7652\u4f46\u662f\u6709\u4e00\u9ede\u5bc6\u96c6\u6050\u61fc\u75c7"
        },
        {
            "reply_id": "UgxLXHnNUrr4lTt-W_F4AaABAg",
            "reply_content": "\u8981\u6709\u9633\u5149"
        },
        {
            "reply_id": "UgwKgGutuBxmQQs3Fv94AaABAg",
            "reply_content": "\u6293\u91cd\u70b9"
        },
        {
            "reply_id": "Ugw_KIKaOHoGgkHvtvx4AaABAg",
            "reply_content": "\u5065\u5eb7\u7684\u8c46\u82d7"
        },
        {
            "reply_id": "Ugw_Fp-4KtYcgApkQuZ4AaABAg",
            "reply_content": "\u770b\u8d77\u6765\u597d\u597d\u5403\uff0c\u6211\u997f\u4e86"
        },
        {
            "reply_id": "Ugz5kN34asTZkoycyQp4AaABAg",
            "reply_content": "\u6210\u9577\u7684\u8c46\u82d7\u5f88\u7642\u7652!"
        },
        {
            "reply_id": "UgyJKDDf5Re30qmIAOF4AaABAg",
            "reply_content": "\u5b89\u557e\u5e36\u8457\u81ea\u5df1\u505a\u7684\u624b\u9336"
        },
        {
            "reply_id": "UgwZVcIMsNlGhoALT4J4AaABAg",
            "reply_content": "\u60f3\u5230\u4ee5\u524d\u770b\u904e\u6709\u500b\u65e5\u672c\u7684\u7bc0\u76ee\u597d\u50cf\u662f\u6bd4\u8cfd\u600e\u9ebc\u7701\u9322\u7684 \u88e1\u9762\u5c31\u6709\u7528\u7a2e\u8c46\u82bd\u9019\u7a2e\u65b9\u6cd5\ud83d\ude02"
        },
        {
            "reply_id": "Ugz5pqE_64CstBOdBkl4AaABAg",
            "reply_content": "\u8c46\u82d7\u8ddf\u8c46\u82bd\u83dc\u662f\u540c\u500b\u6771\u897f\u55ce\uff1f"
        }
    ]
}