{
    "video_info": {
        "id": "rd6MR7XL9EA",
        "channelTitle": "\u5b89\u557e\u54aa",
        "title": "\u516c\u958b\u6771\u4eac\u7559\u5b78\u7684\u751f\u6d3b\uff01\u9019\u88e1\u9084\u662f\u593e\u5a03\u5a03\u5929\u5802\uff5e\uff01\uff1f| \u5b89\u557e (\u309d\u2200\uff65) \u2661",
        "description": "\u5145\u6eff\u56de\u61b6\u7684\u6c60\u888b\u4e4b\u65c5\u30fd(*\u00b4\u0437\uff40*)\uff89\n\n\u65e5\u672c\u862d\u8afe\u8863\u7269\u6297\u83cc\u82b3\u9999\u8c46\n\u73fe\u5728\u53f0\u7063\u5404\u5927\u901a\u8def\u90fd\u8cb7\u5f97\u5230\u56c9\uff5e\uff5e\n\u6f6e\u6fd5\u7684\u51ac\u5929\u5373\u5c07\u5230\u4f86\n\u8d95\u7dca\u4f86\u9ad4\u9a57\u770b\u770b\uff01\uff01\nhttps://lihi2.cc/UK4DS\n\n\u27ab \u8a02\u95b1\u5b89\u557e\uff1ahttps://goo.gl/KmLFgD\n\u27ab \u5b89\u557eIG\uff1ahttps://www.instagram.com/anjouclever/\n\u27ab \u5b89\u557eFB\uff1ahttps://www.facebook.com/anjoupikachu/\n\ud83d\udc39 \u73a9\u5177\u958b\u7bb1\u5168\u96c6\uff1ahttps://goo.gl/91ulRJ",
        "likeCount": "3993",
        "commentCount": "143",
        "viewCount": "173940"
    },
    "comments": [
        {
            "reply_id": "Ugz7nRIdgj-KlRbwO7l4AaABAg",
            "reply_content": "\u5370\u8c61\u4e2d\u4ee5\u524d\u5728\u90a3\u5de5\u4f5c \u79ae\u62dc\u4e00\u770b\u96fb\u5f71\u597d\u50cf\u6bd4\u8f03\u4fbf\u5b9c\uff08\uff1f"
        },
        {
            "reply_id": "UgwVPCzUoTeliJpVhFZ4AaABAg",
            "reply_content": "\u53ef\u4ee5\u7b46\u8a18\u4e0b\u4f86 \u62114\u6708\u5e95\u4e5f\u662f\u4f4f\u6c60\u888b \u9760\u8fd1\u897f\u4e00\u756a\u8857"
        },
        {
            "reply_id": "Ugwfx439OFL12srj1VF4AaABAg",
            "reply_content": "\u8b1d\u8b1d\u5b89\u557e\u7e3d\u662f\u5e36\u7d66\u6211\u5011\u6b61\u6a02\u7684\u5f71\u7247"
        },
        {
            "reply_id": "UgzP365xJV7sIE98yy94AaABAg",
            "reply_content": "\u597d\u68d2"
        },
        {
            "reply_id": "UgxlljqStucRR9vaF0x4AaABAg",
            "reply_content": "\u770b\u9019\u500b\u5f71\u7247\u5fc3\u60c5\u597d\u597d \u6c92\u6642\u9593\u51fa\u570b\u7684\u6211\u770b\u4e86\u5f88\u958b\u5fc3 \u65e5\u672c\u5f88\u597d\u53ef\u611b\u5f88\u65b0\u5947\u7684\u6771\u897f"
        },
        {
            "reply_id": "Ugx1JFkHhrKIGNTChNN4AaABAg",
            "reply_content": "\u65b0\u5e74\u5feb\u6a02~"
        },
        {
            "reply_id": "UgzaTv-nhgWTsO7syJ14AaABAg",
            "reply_content": "\u9019\u96c6\u611f\u89ba\u93e1\u982d\u4e00\u76f4\u6643\u22ef\u22ef"
        },
        {
            "reply_id": "UgyL2BJO68FSvxUY_r94AaABAg",
            "reply_content": "\u5939\u5b50\u97f3\u771f\u7684\u6ca1\u5fc5\u8981\u2026\u597d\u597d\u8bf4\u8bdd\u5c31\u5f88\u53ef\u7231\u554a\u2026\u2026"
        },
        {
            "reply_id": "Ugwt5wwNEERULEhXqbB4AaABAg",
            "reply_content": "\u9577\u9aee\u6234\u773c\u93e1\u592a\u68d2\u4e86 \u7279\u5225\u6709\u6c23\u8cea"
        },
        {
            "reply_id": "UgzDOpftHo0IGigIrbp4AaABAg",
            "reply_content": "\u5b89\u557e\u7684\u773c\u775b\u600e\u9ebc\u816b\u816b\u7684 \u9084\u597d\u55ce\uff1f\ud83d\ude2e"
        },
        {
            "reply_id": "UgyieaJbs86Qb_tNUvR4AaABAg",
            "reply_content": "\u5929\u554a\n\u660e\u660e\u6709\u8a02\u95b1\uff0c\u4f46\u597d\u4e45\u7cfb\u7d71\u6c92\u63a8\u5230\u4f60"
        },
        {
            "reply_id": "Ugy0EPvIr6QWIjocqPd4AaABAg",
            "reply_content": "\u7121\u60c5\u5de5\u5546\u734e"
        },
        {
            "reply_id": "UgzLTgSkXHmlDyq6_Mx4AaABAg",
            "reply_content": "\u5b89\u557e\u770b\u8d77\u4f86\u5f88\u958b\u5fc3 \u770b\u4e86\u5fc3\u60c5\u5f88\u597d"
        },
        {
            "reply_id": "Ugwl64OIm-Ym65nhml94AaABAg",
            "reply_content": "\u7a7f\u642d\u8b8a\u597d\u65e5\ud83e\udd29\ud83e\udd29\uff01\u4e4b\u5f8c\u6703\u4ecb\u7d39\u7a7f\u642d\u5316\u599d\u5f71\u7247\u55ce\u60f3\u6572\u7897\ud83e\udd79"
        },
        {
            "reply_id": "UgwXeSkkprQBRsrAGZp4AaABAg",
            "reply_content": "\u9019\u767e\u8ca8\u8ce3\u592a\u591a\u53ef\u611b\u7684\u6771\u897f\u4e86\u5427\uff01\u611f\u89ba\u81ea\u5df1\u9032\u53bb\u53ef\u4ee5\u901b\u5f88\u4e45XDD\u5eab\u6d1b\u7c73\u7684\u86cb\u7cd5\u4e5f\u597d\u5fc3\u52d5\ud83d\udc96"
        },
        {
            "reply_id": "UgxVNDMPrbuHRMCbGJZ4AaABAg",
            "reply_content": "\u807d\u5230\u6c60\u888b\u5c31\u6703\u60f3\u5230\u7121\u982d\u9a0e\u58eb\u7570\u805e\u9304\ud83d\udc4d"
        },
        {
            "reply_id": "Ugx__2usVJFOUFnHrzN4AaABAg",
            "reply_content": "\u597d\u4e45\u6c92\u770b\u898b\u5b89\u557e\u4e86\uff0c\u597d\u53ef\u611b\u2661"
        },
        {
            "reply_id": "UgznwpX25VBu-2iitKR4AaABAg",
            "reply_content": "\u5f71\u7247\u4e2d\u7684\u5b89\u557e\u611f\u89ba\u6c92\u4ec0\u9ebc\u7cbe\u795e"
        },
        {
            "reply_id": "Ugx7vY83xjWEMe8HcpB4AaABAg",
            "reply_content": "\u600e\u9ebc\u9577\u5f97\u4e0d\u592a\u4e00\u6a23?"
        },
        {
            "reply_id": "UgxR-HcsQFwIgPEitE54AaABAg",
            "reply_content": "\u5b89\u557e\u6559\u4e3b\u771f\u7684\u662f\u65e5\u672c\u719f\u9580\u719f\u8def"
        }
    ]
}