{
    "video_info": {
        "id": "rgReWo4le-E",
        "channelTitle": "\u5b89\u557e\u54aa",
        "title": "\u73cd\u73e0\u5976\u8336\u96fb\u5b50\u96de\uff01\u7adf\u7136\u9032\u5316\u5230\u9023\u73cd\u73e0\u90fd\u53ef\u4ee5\u62ff\u4f86\u990a....| \u5b89\u557e (\u309d\u2200\uff65) \u2661",
        "description": "\u5df2\u7d93\u6c92\u6709\u4ec0\u9ebc\u53ef\u4ee5\u62b5\u64cb\u65e5\u672c\u4eba\u4e86!!\n\n\u4eca\u65e5\u958b\u7bb1\uff1a\u3077\u306b\u30bf\u30d4\u3061\u3083\u3093\n\u27ab \u8a02\u95b1\u5b89\u557e\uff1ahttps://goo.gl/KmLFgD\n\u27ab \u5b89\u557eIG\uff1ahttps://www.instagram.com/anjouclever/\n\u27ab \u5b89\u557eFB\uff1ahttps://www.facebook.com/anjoupikachu/\n\ud83d\udc39 \u73a9\u5177\u958b\u7bb1\u5168\u96c6\uff1ahttps://goo.gl/91ulRJ\n\n\u27a8\u5176\u4ed6\u5b89\u557e\u5f71\u7247\n1/2\u7e2e\u5c0f\u7248\u626d\u86cb\u6a5f \u2606 \u626d\u5230\u4ec0\u9ebc\u5c31\u5403\u4ec0\u9ebc\u7684\u523a\u6fc0\u73a9\u6cd5?!\n\u21e2 https://goo.gl/tSJlNG\n\u6dbc\u9eb5\u6c34\u6a02\u5712 - \u6d41\u6c34\u7d20\u9eb5\u5f9e\u9ad8\u4f4e\u5dee56cm\u7684\u6ed1\u6c34\u9053\u6e9c\u4e0b\u4f86\u4e86\uff01\n\u21e2 https://goo.gl/tgYRy1\n\u3010\u77e5\u80b2\u83d3\u5b50\u3011\u99ac\u6876\u6e05\u6dbc\u98f2\u6599\uff01\u7121\u6cd5\u62db\u67b6\u7684\u5473\u9053\uff01\n\u21e2 https://goo.gl/n0nnyQ\n\u6d77\u5e95\u7e3d\u52d5\u54e12 - Finding Dory \u2606 \u591a\u8389\u5609\u5e74\u83ef\uff01\u9084\u6709\u597d\u591a\u9b5a\u53cb\u5011\uff01\n\u21e2 https://goo.gl/oAn42q\n\u6703\u5b78\u4f60\u8aaa\u8a71\u7684\u840c\u840c\u5c0f\u5009\u9f20 - \u8981\u6210\u70ba\u4e00\u4f4d\u6559\u5b97\u4e0d\u662f\u90a3\u9ebc\u7c21\u55ae\u7684\u4e8b\u60c5!!\n\u21e2 https://goo.gl/8WZaZT\n\nBGM\u4f86\u6e90\uff1ahttp://dova-s.jp/\n\u97f3\u6548\u4f86\u6e90\uff1ahttp://musicisvfr.com/free/index.html",
        "likeCount": "9850",
        "commentCount": "330",
        "viewCount": "311229"
    },
    "comments": [
        {
            "reply_id": "Ugxq2bolSrKlnPS5SdR4AaABAg",
            "reply_content": "\u6211\u662f\u9999\u6e2f\u4eba\u554a\uff01"
        },
        {
            "reply_id": "Ugy-2Wu7RYoz44doggp4AaABAg",
            "reply_content": "\u770b\u5b8c\u9019\u500b\u99ac\u4e0a\u53bb\u4e0b\u55ae\u4e86\n\u53ea\u662f\u73fe\u5728\u7c89\u8272\u5927\u7f3a\u8ca8\ud83e\udd23"
        },
        {
            "reply_id": "UgwWuKJAHEKn_b5KDTJ4AaABAg",
            "reply_content": "\u8acb\u554f\u5b89\u557e\uff0c\u9019\u6b3e\u8ddf \u89d2\u843d\u751f\u65e5\u96fb\u5b50\u96de(\u53ef\u62cd\u7167\u6b3e)\uff0c\u54ea\u4e00\u500b\u6bd4\u8f03\u9069\u54084\u6b72\u5c0f\u670b\u53cb\u5462~"
        },
        {
            "reply_id": "Ugxgk3D5N-rdWH4Whdl4AaABAg",
            "reply_content": "\u8acb\u554f\u73cd\u73e0\u5976\u8336\u96de\u5728\u54ea\u88cf\u8cb7\uff1f"
        },
        {
            "reply_id": "UgxwGknyK0ZSbZmB8j54AaABAg",
            "reply_content": "\u5728\u54ea\u88cf\u8cb7\uff1f"
        },
        {
            "reply_id": "UgzCfzFrA4aEmLPoYoF4AaABAg",
            "reply_content": "\u592a\u53ef\u611b\u4e86\ud83d\ude0d"
        },
        {
            "reply_id": "UgzETtY7U5utDdMDteF4AaABAg",
            "reply_content": "\u9019\u5728\u54ea\u88e1\u8cb7"
        },
        {
            "reply_id": "UgyjE1-aRZN-rsgSHAZ4AaABAg",
            "reply_content": "\u597d\u53ef\u611b"
        },
        {
            "reply_id": "Ugwbu31rcI6nrYGn2rl4AaABAg",
            "reply_content": "\u597d\u60f3\u8981"
        },
        {
            "reply_id": "Ugw9Fx_SNmKki0CIXx94AaABAg",
            "reply_content": "\u5728\u90a3\u8cb7\u7684\u963f\uff0c\u6211\u4e5f\u60f3\u8cb7\u4f86\u73a9\u73a9\u770b\uff0c\u4e00\u5b9a\u5f88\u597d\u73a9\u7684\uff01"
        },
        {
            "reply_id": "UgyHVbsJikPrl9QLTyJ4AaABAg",
            "reply_content": "\u5b89\u557e\u53ef\u4ee5\u73a9\u4fbf\u4fbf\u96fb\u5b50\u96de\u55ce"
        },
        {
            "reply_id": "Ugw7eBcOOrsjt7I74CJ4AaABAg",
            "reply_content": "\u53ef\u611b\u5230\u98db\u8d77\u7684\u5730\u6b65\uff01"
        },
        {
            "reply_id": "UgyvRKA-xWuHjmSSuFN4AaABAg",
            "reply_content": "\u53f0\u7063\u7537\u5973\u4e0d\u91cd\u8996\u9aee\u578b\uff0c\u9aee\u578b\u8b8a\u5316\u5c11\ud83d\ude05\ud83d\ude05"
        },
        {
            "reply_id": "Ugz4ueJHYphYHCMmIAJ4AaABAg",
            "reply_content": "\u6211\u8981\u8cb7\u56de\u5bb6\u73a9"
        },
        {
            "reply_id": "UgwxWOaXOOyTTGkoqv94AaABAg",
            "reply_content": "\u6211\u5f88\u60f3\u73a9"
        },
        {
            "reply_id": "UgxGjDU1AP1TUSeemiF4AaABAg",
            "reply_content": "\u4f60\u53ef\u5514\u53ef\u4ee5\u6bcf\u5929\u51fa\u65b0\u5f71\u7247"
        },
        {
            "reply_id": "UgxDETQFuJgo74CnDmh4AaABAg",
            "reply_content": "\u904a\u6232\u5f88\u6709\u5275\u610f \u662f\u5c11\u5973\u6703\u559c\u6b61\u7684\u904a\u6232\u311f\n\u760b\u72c2\u6416\u6416\u676f\u5440 \u539f\u4f86\u662f\u557e\u557e\u978b\u7684\u90e8\u5206xD"
        },
        {
            "reply_id": "UgxQSuHEKDZKqPz21MN4AaABAg",
            "reply_content": "\u6211\u5f88\u73a9"
        },
        {
            "reply_id": "UgzV_eCAXvQXOWtdk6l4AaABAg",
            "reply_content": "\u50bb\u773c"
        },
        {
            "reply_id": "UgyK3vKiC4kLA14BHi94AaABAg",
            "reply_content": "\u597d\u4e45\u6c92\u6709\u770b\u5b89\u557e\u4e86 \u4ece\u90a3\u6642\u5019\u7684\u4ec0\u9ebc\u8ff7\u4f60\u9999\u6c34\u623f\u9593\u958b\u59cb\u8a8d\u8b58\u4f60 \u5b89\u557e\u771f\u7684\u8d8a\u4f86\u8d8a\u53ef\u611b\u4e86\u563f\u563f"
        }
    ]
}