{
    "video_info": {
        "id": "rM3YjGiKb4c",
        "channelTitle": "\u5b89\u557e\u54aa",
        "title": "\u5fcd\u8853\uff01\u65e5\u7cfb\u7a7f\u642d\u4e4b\u8853\uff01\u6771\u4eac\u5973\u751f\u90fd\u600e\u9ebc\u7a7f\uff1f\u4eca\u5e74\u65e5\u672c\u79cb\u51ac\u6700\u6d41\u884c\u7684\u516d\u7a2e\u7a7f\u642d\u5927\u516c\u958b\uff01| \u5b89\u557e (\u309d\u2200\uff65) \u2661",
        "description": "\u4eca\u5929\u662f\u7d55\u5c0d\u8aa0\u5fc3\u5206\u4eab\u3001\u7121\u696d\u914d\u7684\u5b89\u557e\n\u27ab \u8a02\u95b1\u5b89\u557e\uff1ahttps://goo.gl/KmLFgD\n\u27ab \u5b89\u557eIG\uff1ahttps://www.instagram.com/anjouclever/\n\u27ab \u5b89\u557eFB\uff1ahttps://www.facebook.com/anjoupikachu/\n\ud83d\udc39 \u73a9\u5177\u958b\u7bb1\u5168\u96c6\uff1ahttps://goo.gl/91ulRJ\n\n\u27a8\u5176\u4ed6\u5b89\u557e\u5f71\u7247\n1/2\u7e2e\u5c0f\u7248\u626d\u86cb\u6a5f \u2606 \u626d\u5230\u4ec0\u9ebc\u5c31\u5403\u4ec0\u9ebc\u7684\u523a\u6fc0\u73a9\u6cd5?!\n\u21e2 https://goo.gl/tSJlNG\n\u6dbc\u9eb5\u6c34\u6a02\u5712 - \u6d41\u6c34\u7d20\u9eb5\u5f9e\u9ad8\u4f4e\u5dee56cm\u7684\u6ed1\u6c34\u9053\u6e9c\u4e0b\u4f86\u4e86\uff01\n\u21e2 https://goo.gl/tgYRy1\n\u3010\u77e5\u80b2\u83d3\u5b50\u3011\u99ac\u6876\u6e05\u6dbc\u98f2\u6599\uff01\u7121\u6cd5\u62db\u67b6\u7684\u5473\u9053\uff01\n\u21e2 https://goo.gl/n0nnyQ\n\u6d77\u5e95\u7e3d\u52d5\u54e12 - Finding Dory \u2606 \u591a\u8389\u5609\u5e74\u83ef\uff01\u9084\u6709\u597d\u591a\u9b5a\u53cb\u5011\uff01\n\u21e2 https://goo.gl/oAn42q\n\u6703\u5b78\u4f60\u8aaa\u8a71\u7684\u840c\u840c\u5c0f\u5009\u9f20 - \u8981\u6210\u70ba\u4e00\u4f4d\u6559\u5b97\u4e0d\u662f\u90a3\u9ebc\u7c21\u55ae\u7684\u4e8b\u60c5!!\n\u21e2 https://goo.gl/8WZaZT\n\nBGM\u4f86\u6e90\uff1ahttp://dova-s.jp/\n\u97f3\u6548\u4f86\u6e90\uff1ahttp://musicisvfr.com/free/index.html",
        "likeCount": "12254",
        "commentCount": "639",
        "viewCount": "289143"
    },
    "comments": [
        {
            "reply_id": "UgxqIq-S3zvS8Km2RV54AaABAg",
            "reply_content": "\u5305\u5305\u9694\u5c64\u662f\u91d1\u5c6c\u62c9\u93c8\u5167\u888b\u559c\u6b61\u6b3e\u5f0f"
        },
        {
            "reply_id": "UgyYfoog_iCONFxeDVF4AaABAg",
            "reply_content": "\u5305\u5305\u5c3a\u5bf8\u597d\u770b\u600e\u65b7\u8ca8\u5e0c\u671b\u518d\u51fa\u6700\u597d\u662f\u7121\u649e\u5305\u984f\u8272"
        },
        {
            "reply_id": "UgyP-8iqyY9NPnxvfh14AaABAg",
            "reply_content": "\u60f3\u8981\u73b0\u5728\u7684\u7a7f\u642d"
        },
        {
            "reply_id": "UgxQiADFgJdA5cSQ8Lx4AaABAg",
            "reply_content": "\u5b89\u557e\u7684\u7a7f\u642d\u771f\u7684\u7d66\u4eba\u4e00\u7a2e\u5f88\u8212\u670d\u7684\u611f\u89ba \n\u7a7f\u63d2\u7684\u7247\u6bb5\u592a\u6709\u8da3\u5566"
        },
        {
            "reply_id": "UgwHG35r3yCbIwKwUlh4AaABAg",
            "reply_content": "\u59b3\u7684\u65e5\u7cfb\u7a7f\u642d\u4e00\u9ede\u90fd\u4e0d\u65e5\u7cfb"
        },
        {
            "reply_id": "UgzGIhZ8LF4cX3Wt5gJ4AaABAg",
            "reply_content": "\u4e00\u76f4\u5f88\u559c\u6b61\u5b89\u557e\u7684\u7a7f\u642d!!\u5e0c\u671b\u80fd\u591a\u51fa\u4e00\u9ede\u55da\u55da"
        },
        {
            "reply_id": "UgyEWRrrlIj7pHe9I3V4AaABAg",
            "reply_content": "\u4e3b\u8981\u662f\u56e0\u70ba\u4eba\u7f8e\u3002 \u7a7f\u4ec0\u9ebc\u90fd\u597d\u770b"
        },
        {
            "reply_id": "Ugz9aoD000Epp3Xv4v14AaABAg",
            "reply_content": "\u559c\u6b61\u9019\u6b21\u7684\u7a7f\u642d\uff0c\u5e0c\u671b\u4e5f\u80fd\u6709\u590f\u65e5\u7684\u7a7f\u642d\u5f71\u7247\uff0c\u8981\u662f\u8cb7\u7684\u5230\u8863\u670d\u7684\u5594\ud83d\ude06"
        },
        {
            "reply_id": "Ugxmbvxp7avU_5RxaVN4AaABAg",
            "reply_content": "\u5b89\u557e\u4f60\u4e0b\u6b21\u66f4\u8863\u5f71\u7247"
        },
        {
            "reply_id": "Ugx5IT2yhdMhw-hILzJ4AaABAg",
            "reply_content": "\u5b89\u557e\u8c6a\u53ef\u611b\u554a\u554a\u554a\u554a\u554a~~"
        },
        {
            "reply_id": "UgyFPSX5OfGKGDYyVFt4AaABAg",
            "reply_content": "\u5f88\u559c\u6b61\u5b89\u557e\u7684\u4ecb\u7d39\u65b9\u5f0f\n\n\u662f\u8aaa\u5b89\u557e\u600e\u9ebc\u7a7f\u90fd\u5f88\u597d\u770b\u8036"
        },
        {
            "reply_id": "Ugy9K7Xqm-_U6NgFRDZ4AaABAg",
            "reply_content": "\u5c0f\u72d7\u5305\u5305\u6211\u4e5f\u6709\u985e\u4f3c\u7684\u5305\u5305"
        },
        {
            "reply_id": "UgxlSix-UDYwYjPAQ_t4AaABAg",
            "reply_content": "\u60f3\u591a\u770b\u5b89\u557e\u62cd\u7a7f\u642d\u7684\u5f71\u7247\u2764\ufe0f"
        },
        {
            "reply_id": "Ugxm-aodKtb8svyEzbh4AaABAg",
            "reply_content": "\u592a\u559c\u6b61\u5b89\u557e\u7684\u7a7f\u642d\u4ecb\u7d39\uff0c\u5f88\u6709\u5b89\u557e\u81ea\u5df1\u7684\u98a8\u683c\uff01\u597d\u53ef\u611b\u2764\ufe0f"
        },
        {
            "reply_id": "Ugwd8oyenekpcBaAO_N4AaABAg",
            "reply_content": "\u5b89\u557e\u59d0\u59d0\u597d\u6f02\u4eae\u5594"
        },
        {
            "reply_id": "Ugx8ePpcUkBZ8ACPr2d4AaABAg",
            "reply_content": "\u5f88\u5c11\u7559\u8a00\uff0c\u7279\u5225\u4f86\u7559\u4e00\u4e0b\u8868\u9054\u5c0d\u9019\u985e\u578b\u5167\u5bb9\u7684\u652f\u6301\uff01 \u4ecb\u7d39\u5f97\u53c8\u9806\u53c8\u4ed4\u7d30\uff0c\u5f88\u8b9a"
        },
        {
            "reply_id": "UgzY8kDQktyhGD6vi1t4AaABAg",
            "reply_content": "\u8b9a"
        },
        {
            "reply_id": "UgzDbxudh3ZVSiN0NKB4AaABAg",
            "reply_content": "\u5f88\u5c11\u770b\u5b89\u557e\u7684\u5f71\u7247\uff0c\u4eca\u5929\u4e00\u770b\u600e\u9ebc\u6703\u6709\u9019\u9ebc\u53ef\u611b\u7684\u5973\u68ee\u5566\uff01\u2267\u2207\u2266"
        },
        {
            "reply_id": "Ugxza_uDhr7ripcc0MV4AaABAg",
            "reply_content": "\u5b89\u557e\u662f\u672c\u4f86\u5c31\u9019\u9ebc\u53ef\u611b\u55ce"
        },
        {
            "reply_id": "UgyAvYgaZaWnnEIA4kt4AaABAg",
            "reply_content": "\u597d\u65e5\u7cfb\u54e6\uff01"
        }
    ]
}