{
    "video_info": {
        "id": "S59-_sGIGtg",
        "channelTitle": "\u5b89\u557e\u54aa",
        "title": "\u8ff7\u4f60\u51b0\u6dc7\u6dcb\u6a5f\uff01\u590f\u5929\u5728\u5bb6\u88fd\u4f5c\u751c\u7b52\u971c\u6dc7\u6dcb\u5427\uff01\uff01| \u5b89\u557e (\u309d\u2200\uff65) \u2661",
        "description": "\u4eca\u5929\u5728\u5bb6\u6311\u6230\u4e86\u971c\u6dc7\u6dcb\u6a5f\ud83c\udf66\n\u7a76\u7adf\u662f\u5730\u7344\u9084\u662f\u5929\u5802\u6599\u7406\u2026\n\n\u3010\u6469\u723e\u838a\u5712\u3011\u624b\u904a\u958b\u653e\u4e2d\uff01\n\u5546\u5e97\u4e0b\u8f09\u9023\u7d50\uff1ahttps://moleworld.onelink.me/TWVb/molekn\nAPK\u4e0b\u8f09\uff1ahttps://sy-cdnpkg.rhinosgamestw.com/mole/officialrelease.apk\n\u904a\u6232\u5b98\u7db2\uff1ahttps://mole.rhinosgamestw.com/\nFB\u7c89\u7d72\u9801\uff1ahttps://www.facebook.com/MoleWorld\n\u5b98\u65b9Discord\uff1ahttps://discord.gg/XUCHDYtBuc\n\n\u27ab \u8a02\u95b1\u5b89\u557e\uff1ahttps://goo.gl/KmLFgD\n\u27ab \u5b89\u557eIG\uff1ahttps://www.instagram.com/anjouclever/\n\u27ab \u5b89\u557eFB\uff1ahttps://www.facebook.com/anjoupikachu/\n\ud83d\udc39 \u73a9\u5177\u958b\u7bb1\u5168\u96c6\uff1ahttps://goo.gl/91ulRJ",
        "likeCount": "7839",
        "commentCount": "361",
        "viewCount": "260707"
    },
    "comments": [
        {
            "reply_id": "UgzpBpr61Q1AVMSBfqN4AaABAg",
            "reply_content": "\u6211\u53ef\u4ee5"
        },
        {
            "reply_id": "UgyYjw_DqGJlahTEphN4AaABAg",
            "reply_content": "\u6709\u4eba\u77e5\u9053\u5b89\u557e\u6234\u7684\u662f\u54ea\u724c\u7684\u773c\u93e1\u55ce\u597d\u597d\u770b\ud83e\udd79"
        },
        {
            "reply_id": "Ugy64w2RFx4pq83Th7d4AaABAg",
            "reply_content": "\u5b89\u557e\u662f\u4e0d\u662f\u6709\u91ab\u7f8e\u4e4b\u985e\uff0c\u611f\u89ba\u4e0d\u592a\u4e00\u6a23\u3002"
        },
        {
            "reply_id": "UgwfEX6EJm4WcYQ1njV4AaABAg",
            "reply_content": "\u51b0\u4e03\u6dcb\uff01\uff08\u4e0d\u77e5\u9053\u8981\u8aaa\u4ec0\u9ebc\u6240\u4ee5\u73a9\u6897\uff09"
        },
        {
            "reply_id": "UgwPsFdf5lcxYE5Hl154AaABAg",
            "reply_content": "\u5b89\u557e\u6703\u505a\u76f4\u64ad\u55ce? \u53ef\u4ee5\u548c\u7c89\u7d72\u5011\u4e92\u52d5\u554a!"
        },
        {
            "reply_id": "Ugy7AR-abs8BzhaQSmZ4AaABAg",
            "reply_content": "\u5b89\u557e \u773c\u775b\u770b\u8d77\u4f86\u597d\u50cf\u66f4\u6709\u795e\u4e86"
        },
        {
            "reply_id": "UgzE-amwffpnQx_F0RZ4AaABAg",
            "reply_content": "\u5b89\u557e\u53bb\u5272\u96d9\u773c\u76ae\uff1f"
        },
        {
            "reply_id": "UgxfafrqwZNgoGeQ44J4AaABAg",
            "reply_content": "\u70ba\u751a\u9ebc\u4e0d\u89e3\u91cb\u4e00\u4e0b\uff0c\u70ba\u4f55\u8981\u7a81\u7136\u6234\u773c\u93e1?\u89ba\u5f97\u6709\u9ede\u5947\u602a\uff0c\u4e0d\u50cf\u4ee5\u524d\u7684\u59b3\u4e86"
        },
        {
            "reply_id": "UgzpSMbcXCswV6eJpbJ4AaABAg",
            "reply_content": "\u89ba\u5f97\u5b89\u63ea\u8ddf\u963f\u798f\u8d8a\u4f86\u8d8a\u50cf\u6b38 \u90fd\u597d\u4ed9\u597d\u53ef\u611b"
        },
        {
            "reply_id": "Ugx2Biey3C8QNtc-w-N4AaABAg",
            "reply_content": "\u9019\u500b\u9020\u578b\u592a\u7f8e\u4e86 \u6211\u8d85\u611b\u7684"
        },
        {
            "reply_id": "UgxoyhtMw3nh0ZZZnqV4AaABAg",
            "reply_content": "\u5b89\u557e\u6574\u500b\u5f71\u7247\u98a8\u683c\u8ddf\u6c1b\u570d\u90fd\u63db\u4e86 \u883b\u4e0d\u932f\u7684"
        },
        {
            "reply_id": "UgzItP0bx_Hyr84Bnm14AaABAg",
            "reply_content": "\u5b89\u63ea\u8b8a\u597d\u591a\u5594\u8b8a\u7aef\u838a\u4e86\u7684\u611f\u89ba"
        },
        {
            "reply_id": "UgwZ-MDEoWG8B7L6iP54AaABAg",
            "reply_content": "\u5b89\u557e\u597d\u53ef\u611b \u9577\u9aee \u611f\u89ba\u66f4\u9069\u5408\u5b89\u557e \u66f4\u6709\u6c23\u8cea"
        },
        {
            "reply_id": "Ugxn6JXYI8i0h_1wWj14AaABAg",
            "reply_content": "\u7f8e"
        },
        {
            "reply_id": "UgwK7qRjjbCq1O3yahx4AaABAg",
            "reply_content": "\u773c\u93e1\u5b89\u557e\u7f8e\u7ffb"
        },
        {
            "reply_id": "Ugyu70nHGNjG8kB9InZ4AaABAg",
            "reply_content": "\u5982\u679c\u91cf\u5c11\u4e00\u4e9b\u6703\u4e0d\u6703\u8f49\u52d5\u5feb\u4e00\u4e9b\u5462\ud83e\udd14?"
        },
        {
            "reply_id": "UgzYOHV5GUSeAnDq8Dh4AaABAg",
            "reply_content": "\u4f60\u696d\u914d\u5c0d\u4e0d\u5c0d"
        },
        {
            "reply_id": "UgwZUZuQYyk6djUmvxt4AaABAg",
            "reply_content": "\u5b89\u557e\u6a23\u8c8c\u8b8a\u4e86\uff1f\u597d\u5947\u602a"
        },
        {
            "reply_id": "UgwnZAyUJg6_q6dIbSx4AaABAg",
            "reply_content": "\u5b89\u557e\u59d0\u59d0\u5e26\u4e86\u773c\u955c\u548c\u957f\u5934\u53d1\u4e5f\u592a\u7f8e\u4e86\u5427"
        },
        {
            "reply_id": "UgzSi51meSeQR9OjCgJ4AaABAg",
            "reply_content": "\u611f\u89ba\u8b8a\u80d6\u4e86 \u81c9\u6709\u9ede\u5713"
        }
    ]
}