{
    "video_info": {
        "id": "SAcAcZZKhLM",
        "channelTitle": "\u5b89\u557e\u54aa",
        "title": "\u6026\u7136\u5fc3\u52d5\u7684\u89d2\u843d\u5c0f\u5925\u4f34\u96fb\u5f71\u9662\u76d2\u73a9\uff01\u958b\u7bb1\u5230\u4e00\u534a\u6211\u5bb6\u7a81\u7136\u51fa\u73fe\u795e\u79d8\u8a2a\u5ba2\uff1f\uff01| \u5b89\u557e (\u309d\u2200\uff65) \u2661",
        "description": "\u4f86\u8ddf\u6211\u4e00\u8d77\u770b\u96fb\u5f71\u5427\uff5e\n\u4e4b\u524d\u5c31\u8cb7\u4e0b\u4f86\u7684\u76d2\u73a9\n\u525b\u597d\u8ddf\u9019\u6b21\u7684\u5408\u4f5c\u5f88\u642d\uff01\u89ba\u5f97\u958b\u5fc3\uff01\n\n\u300a\u7c89\u7d72\u5834\u62bd\u734e\u8fa6\u6cd5\u300b\n\u2605 \u514d\u8cbb\u62db\u5f85\u5927\u5bb6\u548c\u5b89\u557e\u4e00\u8d77\u770b\u300a\u89d2\u843d\u5c0f\u5925\u4f34\u96fb\u5f71\u7248\uff1a\u9b54\u6cd5\u7e6a\u672c\u88e1\u7684\u65b0\u670b\u53cb\u300b\n\u2605 \u4e00\u4eba\u4e2d\u734e\uff0c\u5169\u4eba\u540c\u884c\u5537\uff01\n\u2605 \u6642\u9593\uff1a7/9(\u56db)19:00\n\u2605 \u5730\u9ede\uff1aMUVIE CINEMAS(\u53f0\u5317\u5e02\u4fe1\u7fa9\u5340\u677e\u4ec1\u8def58\u865f10\u6a13 \u9060\u767e\u4fe1\u7fa9A13)\n\u2605 \u653e\u6620\u7248\u672c\uff1a\u65e5\u6587\u914d\u97f3\u7248\n\u2605 \u7c89\u7d72\u5834\u7684\u6bcf\u500b\u4eba\u90fd\u53ef\u4ee5\u5f97\u5230\u89d2\u843d\u5c0f\u5925\u4f34\u96fb\u5f71\u7248\u7684\u6d77\u5831\u54e6\uff5e\n\n\u62bd\u734e\u8868\u55ae\uff1ahttps://reurl.cc/7XNam9\n\n\uff0a\u5831\u540d\u6642\u9593\uff1a\u5373\u65e5\u8d77\u81f37/2(\u56db)\u4e2d\u534812:00\u524d\u3002\n\uff0a\u586b\u5beb\u8868\u55ae\u4e0d\u4ee3\u8868\u5831\u540d\u6210\u529f\uff0c\u4e3b\u8fa6\u55ae\u4f4d\u5c07\u65bc7/3(\u4e94)\u4ee5e-mail\u901a\u77e5\uff0c\u63a5\u7372\u901a\u77e5\u8005\u624d\u5177\u53c3\u52a0\u7279\u6620\u6703\u8cc7\u683c\u3002\n\n\u27ab \u8a02\u95b1\u5b89\u557e\uff1ahttps://goo.gl/KmLFgD\n\u27ab \u5b89\u557eIG\uff1ahttps://www.instagram.com/anjouclever/\n\u27ab \u5b89\u557eFB\uff1ahttps://www.facebook.com/anjoupikachu/\n\ud83d\udc39 \u73a9\u5177\u958b\u7bb1\u5168\u96c6\uff1ahttps://goo.gl/91ulRJ\n\n\u27a8\u5176\u4ed6\u5b89\u557e\u5f71\u7247\n1/2\u7e2e\u5c0f\u7248\u626d\u86cb\u6a5f \u2606 \u626d\u5230\u4ec0\u9ebc\u5c31\u5403\u4ec0\u9ebc\u7684\u523a\u6fc0\u73a9\u6cd5?!\n\u21e2 https://goo.gl/tSJlNG\n\u6dbc\u9eb5\u6c34\u6a02\u5712 - \u6d41\u6c34\u7d20\u9eb5\u5f9e\u9ad8\u4f4e\u5dee56cm\u7684\u6ed1\u6c34\u9053\u6e9c\u4e0b\u4f86\u4e86\uff01\n\u21e2 https://goo.gl/tgYRy1\n\u3010\u77e5\u80b2\u83d3\u5b50\u3011\u99ac\u6876\u6e05\u6dbc\u98f2\u6599\uff01\u7121\u6cd5\u62db\u67b6\u7684\u5473\u9053\uff01\n\u21e2 https://goo.gl/n0nnyQ\n\u6d77\u5e95\u7e3d\u52d5\u54e12 - Finding Dory \u2606 \u591a\u8389\u5609\u5e74\u83ef\uff01\u9084\u6709\u597d\u591a\u9b5a\u53cb\u5011\uff01\n\u21e2 https://goo.gl/oAn42q\n\u6703\u5b78\u4f60\u8aaa\u8a71\u7684\u840c\u840c\u5c0f\u5009\u9f20 - \u8981\u6210\u70ba\u4e00\u4f4d\u6559\u5b97\u4e0d\u662f\u90a3\u9ebc\u7c21\u55ae\u7684\u4e8b\u60c5!!\n\u21e2 https://goo.gl/8WZaZT\n\nBGM\u4f86\u6e90\uff1ahttp://dova-s.jp/\n\u97f3\u6548\u4f86\u6e90\uff1ahttp://musicisvfr.com/free/index.html",
        "likeCount": "10218",
        "commentCount": "2665",
        "viewCount": "304463"
    },
    "comments": [
        {
            "reply_id": "UgwWw740yetJ5pbe9Ft4AaABAg",
            "reply_content": "\u9019\u6b3e\u6211\u6709\u6b38"
        },
        {
            "reply_id": "UgxhPCC1cZpR7EjfrQJ4AaABAg",
            "reply_content": "\u592a\u53ef\u611b\u4e86\u2764"
        },
        {
            "reply_id": "UgwmS5F7wnXyvx74-2h4AaABAg",
            "reply_content": "\u767d\u718a\u8d85\u53ef\u611b"
        },
        {
            "reply_id": "UgzDJZsv1wXTsKJ2DOh4AaABAg",
            "reply_content": "\u6211\u8ddf\u5b89\u557e\u4e00\u6a23\u8d85\u559c\u6b61\u89d2\u843d\u5c0f\u5925\u4f34!\u771f\u7684\u7642\u80b2,\u597d\u53ef\u611b.\u5b89\u557e!\u9019\u5728\u54ea\u88e1\u8cb7\u7684?\ud83d\udecd"
        },
        {
            "reply_id": "UgydKbUSMaOwV-PpWh14AaABAg",
            "reply_content": "\u6211\u4e5f\u5f88\u559c\u6b61\u89d2\u82e5\u5c0f\u5925\u4f34\u6211\u6700\u559c\u6b61\u5c0f\u6050\u310c\u3128\u3125\u02ca"
        },
        {
            "reply_id": "UgwTeySMVqbk8_LI3HB4AaABAg",
            "reply_content": "\u5927\u8c93\u7684\u6771\u897f\u6211\u559c\u6b61"
        },
        {
            "reply_id": "UgxIas-PTd7XI73uesp4AaABAg",
            "reply_content": "\u6211\u4e5f\u559c\u6b22\u89d2\u843d\u751f\u7269\u6709\u4e9b\u5b57\u6253\u9519\u4e86\ufffc"
        },
        {
            "reply_id": "UgwE4OW63euAbS2hLFh4AaABAg",
            "reply_content": "\u53ef\u611b"
        },
        {
            "reply_id": "Ugww9m73JrUlBj7vyet4AaABAg",
            "reply_content": "\u597d\u7642\u7652\u554a\uff01\u5728\u75ab\u60c5\u671f\u9593\u7528\u9019\u7642\u7652\uff01\ud83d\udc4d"
        },
        {
            "reply_id": "UgzQ26kR43Uwz2KqHzF4AaABAg",
            "reply_content": "\u5481"
        },
        {
            "reply_id": "UgwjzlihfXd97q96uXZ4AaABAg",
            "reply_content": "\u6211\u5011\u7684\u751f\u6d3b\u54c1\u8cea\u4e0d\u6703\u662f\u554a\u6240\u4ee5\u4f60\u662f\u5728\u505a\u751a\u9ebc"
        },
        {
            "reply_id": "UgxJd3CNderT2JZDrrh4AaABAg",
            "reply_content": "\u597d\u53ef\u611b\u5537"
        },
        {
            "reply_id": "UgytQG7MBN1e97hbxg14AaABAg",
            "reply_content": "\u6211\u5bb6\u88e1\u6709\u8d85\u591a\u73a9\u5177\u9019\u500b\u6211\u4e5f\u6709"
        },
        {
            "reply_id": "UgyaocPdcqMCeWYaW6d4AaABAg",
            "reply_content": "\u8acb\u554f\u5728\u90a3\u88e1\u8cb7\uff1f"
        },
        {
            "reply_id": "UgxNNk1E8VH-P-zVSwp4AaABAg",
            "reply_content": "\u4f46\u662f\u6211\u7684\u73cd\u73e0\u5976\u8336\u7684\u84cb\u5b50\u6253\u4e0d\u958b\u8036"
        },
        {
            "reply_id": "Ugwc5Oithfenawom_CZ4AaABAg",
            "reply_content": "\u4f60\u662f\u6211\u7684\u73cd\u73e0\u5976\u8336\u5927\u84cb\u5b50\u6253\u4e0d\u958b"
        },
        {
            "reply_id": "UgzfwwQ7l2SHfWqH5jV4AaABAg",
            "reply_content": "\u597d \u597d\u53ef\u611b\u5594"
        },
        {
            "reply_id": "UgyWbmS3n3yzBs2VPBR4AaABAg",
            "reply_content": "\u6211\u6709\u770b\u89d2\u843d\u751f\u7269"
        },
        {
            "reply_id": "Ugwd1Je17grR6VepziJ4AaABAg",
            "reply_content": "\u9019\u4e0d\u662f\u8778\u725b\u662f\u9f3b\u6d95\u87f2"
        },
        {
            "reply_id": "Ugxry3YRY9LiASdNQgV4AaABAg",
            "reply_content": "\u624b\u5f88\u6296\u543c\ud83e\udd23"
        }
    ]
}