{
    "video_info": {
        "id": "sBJyuyjiP8U",
        "channelTitle": "\u5b89\u557e\u54aa",
        "title": "\u6211\u5bb6\u5c31\u662f\u746a\u5229\u6b50\u8cfd\u8eca\u904a\u6232\u88e1\u7684\u8dd1\u9053\uff01AR\u746a\u5229\u6b50\u5bb6\u5ead\u8cfd\u8eca\u5834\u7a76\u7adf\u597d\u4e0d\u597d\u73a9\uff1f\uff01| \u5b89\u557e (\u309d\u2200\uff65) \u2661",
        "description": "\u6709\u5f85\u52a0\u5f37\u7684\u99d5\u99db\u6280\u8853\n\n\u300a\u746a\u5229\u6b50\u8cfd\u8eca\u5be6\u6cc1\uff1a\u5bb6\u5ead\u8cfd\u8eca\u5834\u300b\n\n\u27ab \u8a02\u95b1\u5b89\u557e\uff1ahttps://goo.gl/KmLFgD\n\u27ab \u5b89\u557eIG\uff1ahttps://www.instagram.com/anjouclever/\n\u27ab \u5b89\u557eFB\uff1ahttps://www.facebook.com/anjoupikachu/\n\ud83d\udc39 \u73a9\u5177\u958b\u7bb1\u5168\u96c6\uff1ahttps://goo.gl/91ulRJ\n\n\u27a8\u5176\u4ed6\u5b89\u557e\u5f71\u7247\n1/2\u7e2e\u5c0f\u7248\u626d\u86cb\u6a5f \u2606 \u626d\u5230\u4ec0\u9ebc\u5c31\u5403\u4ec0\u9ebc\u7684\u523a\u6fc0\u73a9\u6cd5?!\n\u21e2 https://goo.gl/tSJlNG\n\u6dbc\u9eb5\u6c34\u6a02\u5712 - \u6d41\u6c34\u7d20\u9eb5\u5f9e\u9ad8\u4f4e\u5dee56cm\u7684\u6ed1\u6c34\u9053\u6e9c\u4e0b\u4f86\u4e86\uff01\n\u21e2 https://goo.gl/tgYRy1\n\u3010\u77e5\u80b2\u83d3\u5b50\u3011\u99ac\u6876\u6e05\u6dbc\u98f2\u6599\uff01\u7121\u6cd5\u62db\u67b6\u7684\u5473\u9053\uff01\n\u21e2 https://goo.gl/n0nnyQ\n\u6d77\u5e95\u7e3d\u52d5\u54e12 - Finding Dory \u2606 \u591a\u8389\u5609\u5e74\u83ef\uff01\u9084\u6709\u597d\u591a\u9b5a\u53cb\u5011\uff01\n\u21e2 https://goo.gl/oAn42q\n\u6703\u5b78\u4f60\u8aaa\u8a71\u7684\u840c\u840c\u5c0f\u5009\u9f20 - \u8981\u6210\u70ba\u4e00\u4f4d\u6559\u5b97\u4e0d\u662f\u90a3\u9ebc\u7c21\u55ae\u7684\u4e8b\u60c5!!\n\u21e2 https://goo.gl/8WZaZT\n\nBGM\u4f86\u6e90\uff1ahttp://dova-s.jp/\n\u97f3\u6548\u4f86\u6e90\uff1ahttp://musicisvfr.com/free/index.html",
        "likeCount": "7275",
        "commentCount": "337",
        "viewCount": "362426"
    },
    "comments": [
        {
            "reply_id": "UgxkUVgfLuI5Qu7XWBB4AaABAg",
            "reply_content": "\u770b\u4f60\u99d5\u8eca \u770b\u5230\u90fd\u8ced\u721b"
        },
        {
            "reply_id": "UgxjZv3OvIySuAhsw2d4AaABAg",
            "reply_content": "\u6211\u8cb7\u4e86\n\u4f46\u662f\u53f0\u7063\u4e0d\u80fd\u4e0b\u8f09\u22ef\u5f88\u6688"
        },
        {
            "reply_id": "UgyiWMCleYnGkhRaX-F4AaABAg",
            "reply_content": "\u597d\u5e25\u5594"
        },
        {
            "reply_id": "Ugz25JRnWy8CmWjBxvl4AaABAg",
            "reply_content": "\u89d2\u843d\u751f\u7269\u5728\u54ea\u88e1\u8cb7\u7684\uff1f"
        },
        {
            "reply_id": "UgxIJe7QelToRAnUCg54AaABAg",
            "reply_content": "\u6688\u5230\u5feb\u5614\u5410\u4e86"
        },
        {
            "reply_id": "UgxCerMba2zger3mK8J4AaABAg",
            "reply_content": "\u6771\u897f\u53ef\u4ee5\u4e0d\u7528\u653e\u592a\u591a"
        },
        {
            "reply_id": "UgzHGcVEiqhWyMvahNl4AaABAg",
            "reply_content": "\u62bd\u51fa\u8eca\u4ed4"
        },
        {
            "reply_id": "UgzZo-mwe7ZNXnbD2dN4AaABAg",
            "reply_content": "\u5b89\u557e\u4e0d\u80fd\u64fa\u653e\u592a\u591a\u96dc\u7269\uff0c\u9019\u6a23\u624d\u4e0d\u6703\u5f71\u97ff\u4f60\u958b\u8eca\u7684\u6280\u8853"
        },
        {
            "reply_id": "Ugz-wnuHLl9ap9Q9-fV4AaABAg",
            "reply_content": "\u597d\u9177\u5594"
        },
        {
            "reply_id": "UgxQgbw4wpFQTYr0W8p4AaABAg",
            "reply_content": "\u5927\u5bb6\u591a\u591a\u8a02\u95b1\u54e6\uff01"
        },
        {
            "reply_id": "UgxrXbzEFbLNfv0EBpJ4AaABAg",
            "reply_content": "\u904e\u5f4e\u90fd\u8f49\u5230\u5e95\u96e3\u602a\u6703\u4e00\u76f4\u649e\u5230 \u4f60\u9084\u662f\u4e0d\u8981\u958b\u8eca\u597d\u4e86"
        },
        {
            "reply_id": "UgzL09gk97gJBrIh01F4AaABAg",
            "reply_content": "\u4e0d\u932f\u91ce\n\u662f\u8981\u8ddf\u4ec0\u9ebc\u96fb\u73a9\u914d\u5408\u554a\uff1f"
        },
        {
            "reply_id": "UgxLfvHiXxt6Qi1o-Y14AaABAg",
            "reply_content": "\u746a\u5229\u6b50\u8cfd\u8eca\u5be6\u6cc1\u88ab\u59b3\u4ecb\u7d39\u5f97\u597d\u6b61\u6a02~~"
        },
        {
            "reply_id": "Ugw32FBGMDhADrHzZ454AaABAg",
            "reply_content": "\u4e00"
        },
        {
            "reply_id": "UgzGnxBldmGhH-U6IWV4AaABAg",
            "reply_content": "\u5b89\u557e\u597d\u53ef\u611b\u597d\u6f02\u4eae"
        },
        {
            "reply_id": "Ugy4nN_8yum5K0UdQI94AaABAg",
            "reply_content": "\u771f\u7684\u883b\u6688\u7684"
        },
        {
            "reply_id": "Ugw3K_3l1Uxp5RCkycd4AaABAg",
            "reply_content": "\u5bb6\u88e1\u53ea\u67098\u576a\u61c9\u8a72\u6c92\u8fa6\u6cd5\u73a9"
        },
        {
            "reply_id": "UgwR20S3vPrTtSs5dmF4AaABAg",
            "reply_content": "\u767e\u591a\u544e\u528f\u623f\u4e00\u5b9a\u5f88\u597d\u73a9."
        },
        {
            "reply_id": "UgxSyQGqdRfiVQzJDeJ4AaABAg",
            "reply_content": "\u770b\u5410\u4e86"
        },
        {
            "reply_id": "UgyiIAIdBwtcTyylJyJ4AaABAg",
            "reply_content": "\u53ef\u4ee5\u81ea\u5275\u8cfd\u9053,\u4efb\u5929\u5802\u53c8\u4e00\u795e\u4f5c"
        }
    ]
}