{
    "video_info": {
        "id": "sho2AEWq-rQ",
        "channelTitle": "\u5b89\u557e\u54aa",
        "title": "\u684c\u4e0a\u70e4\u68c9\u82b1\u7cd6\u6a5f\uff01\u593e\u4e86\u8607\u6253\u9905\u4e7e\u5c31\u8b8a\u6210\u7a76\u6975\u7f8e\u5473\uff01| \u5b89\u557e (\u309d\u2200\uff65) \u2661",
        "description": "\u27ab \u8a02\u95b1\u5b89\u557e\uff1ahttps://goo.gl/KmLFgD\n\u27ab \u5b89\u557eIG\uff1ahttps://www.instagram.com/anjouclever/\n\u27ab \u5b89\u557eFB\uff1ahttps://www.facebook.com/anjoupikachu/\n\ud83d\udc39 \u73a9\u5177\u958b\u7bb1\u5168\u96c6\uff1ahttps://goo.gl/91ulRJ\n\n\u27a8\u5176\u4ed6\u5b89\u557e\u5f71\u7247\n1/2\u7e2e\u5c0f\u7248\u626d\u86cb\u6a5f \u2606 \u626d\u5230\u4ec0\u9ebc\u5c31\u5403\u4ec0\u9ebc\u7684\u523a\u6fc0\u73a9\u6cd5?!\n\u21e2 https://goo.gl/tSJlNG\n\u6dbc\u9eb5\u6c34\u6a02\u5712 - \u6d41\u6c34\u7d20\u9eb5\u5f9e\u9ad8\u4f4e\u5dee56cm\u7684\u6ed1\u6c34\u9053\u6e9c\u4e0b\u4f86\u4e86\uff01\n\u21e2 https://goo.gl/tgYRy1\n\u3010\u77e5\u80b2\u83d3\u5b50\u3011\u99ac\u6876\u6e05\u6dbc\u98f2\u6599\uff01\u7121\u6cd5\u62db\u67b6\u7684\u5473\u9053\uff01\n\u21e2 https://goo.gl/n0nnyQ\n\u6d77\u5e95\u7e3d\u52d5\u54e12 - Finding Dory \u2606 \u591a\u8389\u5609\u5e74\u83ef\uff01\u9084\u6709\u597d\u591a\u9b5a\u53cb\u5011\uff01\n\u21e2 https://goo.gl/oAn42q\n\u6703\u5b78\u4f60\u8aaa\u8a71\u7684\u840c\u840c\u5c0f\u5009\u9f20 - \u8981\u6210\u70ba\u4e00\u4f4d\u6559\u5b97\u4e0d\u662f\u90a3\u9ebc\u7c21\u55ae\u7684\u4e8b\u60c5!!\n\u21e2 https://goo.gl/8WZaZT\n\nBGM\u4f86\u6e90\uff1ahttp://dova-s.jp/\n\u97f3\u6548\u4f86\u6e90\uff1ahttp://musicisvfr.com/free/index.html",
        "likeCount": "16388",
        "commentCount": "778",
        "viewCount": "570807"
    },
    "comments": [
        {
            "reply_id": "UgyUFYUGvCtTODHMQj94AaABAg",
            "reply_content": "\u68c9\u82b1\u7cd6\u593e\u5fc3\u9905\u4e7e\u5403\u8d77\u4f86\u597d\u7f6a\u60e1XD"
        },
        {
            "reply_id": "Ugxbm_VXOiQaUW_gNid4AaABAg",
            "reply_content": "\u53ef\u4ee5\u8cb7\u9999\u7d66\u6211\u5011\u6211\u5011\u5bb6\u6c92\u6709\u53ef\u4ee5\u55ce\u6211\u5011\u6211\u5011\u4f4f\u5728\u5317\u660c\u4e8c\u885753\u865f4\u6a13"
        },
        {
            "reply_id": "Ugw6HCe72cdbStdQVc94AaABAg",
            "reply_content": "\u597d\u60f3\u5403"
        },
        {
            "reply_id": "Ugx_yHKRl5MfOxL9Gmx4AaABAg",
            "reply_content": "\u53ef\u4ee5\u62cd\u4e00\u65e5\u984f\u8272\u6311\u6230\u55ce\uff1f"
        },
        {
            "reply_id": "UgxMNDBQ5gDIid5tAOV4AaABAg",
            "reply_content": "\u770b\u68c9\u82b1\u7cd6\u88ab\u58d3\u4e0b\u53bb\u4e5f\u592a\u7642\u7652"
        },
        {
            "reply_id": "Ugzt8XlaUlM49lMwM3h4AaABAg",
            "reply_content": "\u8fd1\u671f\u651d\u5f71\u5668\u6750\u518d\u5176\u6b21\u770b\u932f"
        },
        {
            "reply_id": "UgyIS4VvaS7pqI8UTk54AaABAg",
            "reply_content": "\u54e6\uff01\u9577\u77e5\u8b58\u4e86"
        },
        {
            "reply_id": "UgyuXh7zw17EcnKxf0x4AaABAg",
            "reply_content": "\u8607\u6253\u9905\u4e7e\u771f\u7684\u5f88\u597d\u5403"
        },
        {
            "reply_id": "UgxEEc26e60ifiJ0juN4AaABAg",
            "reply_content": "\u5b89\u557e \u4e0b\u6b21\u505a\u9ede\u5fc3\u53ef\u4ee5\u7528\u9019\u500b\u505a\u8036"
        },
        {
            "reply_id": "UgzCxrnx-fWRUz9MPyR4AaABAg",
            "reply_content": "\u6211\u548c\u54e5\u54e5\u4e00\u8d77\u70e4\u8fc7\u4e0d\u8fc7\u662f\u5728\u7164\u6c14\u7089\u4e0a\u70e4\u9006"
        },
        {
            "reply_id": "Ugw3IY1RN82uO-wjIZt4AaABAg",
            "reply_content": "\u6211\u5f88\u5bb3\u6015\u4f60\u7684\u624b\u71d9\u5230\ud83e\udd7a"
        },
        {
            "reply_id": "UgxEtykDM5sKAkKfYIl4AaABAg",
            "reply_content": "\u53ef\u611b\u7684\u5b89\u557e\uff0c\u8d85\u559c\u6b61\u59b3\u7684\u62cd\u7247\u98a8\u683c"
        },
        {
            "reply_id": "UgxgGX-4xg2fZUIPOyB4AaABAg",
            "reply_content": "\u770b\u8d77\u6765\u5f88\u751c\u5f88\u597d\u5403\u8bf6\uff01"
        },
        {
            "reply_id": "UgxAL3g9bunoSPSp5zd4AaABAg",
            "reply_content": "\u4f60\u9019\u500b\u5728\u90a3\u91cc\u8cb7\u7684"
        },
        {
            "reply_id": "UgxYGBGRdhjCcGNG0yh4AaABAg",
            "reply_content": "\u6211\u60f3\u8981\u9019\u500b\u684c\u4e0a\u70e4\u68c9\u82b1\u7cd6\u6a5f\u53ef\u4ee5\u55ce\uff1f"
        },
        {
            "reply_id": "UgycqUfi755iHuUbTdh4AaABAg",
            "reply_content": "\u626d\u4e00\u626d\uff0c\u8214\u4e00\u8214\uff0c\u6ce1\u4e00\u6ce1\uff0c\u5403\u5965\u5229\u5965\u771f\u6709\u4e00\u5957"
        },
        {
            "reply_id": "UgxXiev7CklmXFjzgnV4AaABAg",
            "reply_content": "\u597d\u5435"
        },
        {
            "reply_id": "UgwRmQyGNaMKMywy8np4AaABAg",
            "reply_content": "\u5b89\u557e\u597d\u53ef\u611b\u554a\u554a~"
        },
        {
            "reply_id": "Ugw2DUIZVVjUOWGzJDN4AaABAg",
            "reply_content": "\u597d\u597d\u5403\u7684\u6a23\u5b50\uff0c\u770b\u8457\u90fd\u6d41\u53e3\u6c34\u4e86\ud83e\udd24"
        },
        {
            "reply_id": "Ugx5E93zWefuzlrfTzZ4AaABAg",
            "reply_content": "\u5176\u5be6\u9b06\u9905\u593e\u5de7\u514b\u529b\u52a0\u68c9\u82b1\u7cd6\u4e5f\u5f88\u597d\u5403"
        }
    ]
}