{
    "video_info": {
        "id": "t8N_WOPPWrU",
        "channelTitle": "\u5b89\u557e\u54aa",
        "title": "\u5009\u9f20\u4e94\u9031\u5e74\u6211\u958b\u4e86\u86cb\u7cd5\u5e97 \ud83c\udf70\uff1f\u8fd1\u4f86\u5f88\u5c11\u51fa\u73fe \u539f\u4f86\u90fd\u5728\u7c4c\u5099\u9019\u4ef6\u4e8b\uff01| \u5b89\u557e (\u309d\u2200\uff65) \u2661",
        "description": "\u6176\u795d\u5009\u9f20\u4e94\u9031\u5e74\uff0c\u8b93\u6211\u5011\u4e00\u8d77\u5728\u5bb6\u5403\u86cb\u7cd5\u5427\uff01\n\n\u4e9e\u5c3c\u514b\u871c\u6843\u8292\u679c\u751f\u4e73\u6372 \u3010YouTuber \u5b89\u557e\u54aa\u806f\u540d\u6b3e\u3011\n\u300a\u5b89\u557e\u89aa\u7e6a\u5305\u88dd\u9650\u5b9a\u4e0a\u5e02\u300b\n\u75ab\u60c5\u671f\u9593\u5728\u5bb6\u7db2\u4e0a\u8a02\u8cfc\uff0c\u6bd4\u8f03\u5b89\u5fc3\u5537\uff01\n\u4e0d\u51fa\u9580\u4e5f\u80fd\u4e00\u8d77\u6843\u9189\ud83e\udd24\ud83c\udf51\n\u4e9e\u5c3c\u514b\u5b98\u7db2\uff1ahttps://bit.ly/3c41t4n\nmomo\uff1ahttps://reurl.cc/GmraQZ\n\u6a02\u5929\uff1ahttps://reurl.cc/3aLkR8\n\u4e5f\u53ef\u4ee5\u81f3\u4e9e\u5c3c\u514b\u5168\u53f0\u9580\u5e02\u8cfc\u8cb7\uff0c\n\u75ab\u60c5\u671f\u9593\uff0c\u90e8\u5206\u9580\u5e02\u4ea6\u914d\u5408UBER EATS\u5916\u9001\u5e73\u53f0\n\u5927\u53f0\u5317\u5730\u5340\u53ef\u81f3\u5c31\u8fd1\u6377\u904b\u7ad9\u9edeYTM\u6a5f\u53f0\u9078\u8cfc\uff0c\n\u901a\u52e4\u4e0d\u7e5e\u8def\uff0c\u96f6\u63a5\u89f8\u66f4\u5b89\u5fc3\uff01\u9084\u6709\u9650\u5b9a\u6298\u6263\u512a\u60e0\uff5e\n\n\uff5b\u6b64\u7247\u62cd\u651d\u65e5\u671f\u70ba\u53f0\u5317\u5e02\u767c\u4f48\u4e09\u7d1a\u8b66\u6212\u524d\uff5d\n\n\u27ab \u8a02\u95b1\u5b89\u557e\uff1ahttps://goo.gl/KmLFgD\n\u27ab \u5b89\u557eIG\uff1ahttps://www.instagram.com/anjouclever/\n\u27ab \u5b89\u557eFB\uff1ahttps://www.facebook.com/anjoupikachu/\n\ud83d\udc39 \u73a9\u5177\u958b\u7bb1\u5168\u96c6\uff1ahttps://goo.gl/91ulRJ\n\nBGM\u4f86\u6e90\uff1ahttp://dova-s.jp/\n\u97f3\u6548\u4f86\u6e90\uff1ahttp://musicisvfr.com/free/index.html",
        "likeCount": "13284",
        "commentCount": "738",
        "viewCount": "353142"
    },
    "comments": [
        {
            "reply_id": "Ugx7whpiKECHRiep7Hl4AaABAg",
            "reply_content": "\u5009\u9f20\u65e5\u4e5f\u9019\u6a23\u5230\u4e86\u4e94\u9031\u5e74\uff0c\n\u7c4c\u5099\u5230\u6700\u7d42\u968e\u6bb5\u6642\uff0c\u4e5f\u60f3\u4e0d\u5230\u75ab\u60c5\u6703\u7a81\u7136\u5347\u6eab\uff0c\n\n\u90a3\u9ebc\u65e2\u7136\u4e5f\u662f\u4e94\u6b72\u7684\u751f\u65e5\uff0c\n\u5c31\u8b93\u6211\u5728\u9019\u88e1\u8a31\u4e0b\u4e00\u500b\u9858\u671b\uff01\n\n\u5e0c\u671b\u6211\u5011\u80fd\u5920\u6e21\u904e\u9019\u6b21\u7684\u96e3\u95dc\uff0c\n\u6700\u5f8c\u9858\u5927\u5bb6\u90fd\u5e73\u5e73\u5b89\u5b89\ud83d\udc39"
        },
        {
            "reply_id": "Ugwk7XpDRSf6hSl5kSF4AaABAg",
            "reply_content": "\u963f\u53bb\u5e74\u7684\u5009\u9f206\u9031\u5e74 \u600e\u9ebc\u6c92\u6709\u770b\u5230\u4f60\u51fa\u5f71\u7247"
        },
        {
            "reply_id": "UgxYX2PLaVvjyRD5HWl4AaABAg",
            "reply_content": "\u5b89\u557e\u8d85\u842c\u80fd\ud83d\ude0d\u4ec0\u9ebc\u90fd\u6703"
        },
        {
            "reply_id": "Ugy6nIMN4Os2Zu3Vp2h4AaABAg",
            "reply_content": "\u8b9a"
        },
        {
            "reply_id": "Ugx4HOeiWFha75F8X0p4AaABAg",
            "reply_content": "\u73fe\u5728\u624d\u770b\u5230\u9019\u652f\u7684\u6211\u8868\u793a\u9707\u9a5a\u8cb7\u4e0d\u5230\u4e86\uff08\u8dea\u5730\n\u6211\u662f\u86cb\u7cd5\u63a7\ud83d\ude2d\ud83d\ude2d\ud83d\ude2d"
        },
        {
            "reply_id": "UgzxGy3QgJZ5sK7C9g94AaABAg",
            "reply_content": "\u6211\u8981\u5403\u5230\u4f60\u9023\u540d\u7684\u751f\u4e73\u6372"
        },
        {
            "reply_id": "UgzyQSrigKrjH-oRsAR4AaABAg",
            "reply_content": "\u5305\u88dd\u592a\u53ef\u611b\u4e86\u5427\uff01\u5982\u679c\u6709\u6a5f\u6703\u8cb7\u5230\u4e00\u5b9a\u652f\u6301\r\n\u4e0d\u77e5\u9053\u73fe\u5728\u9084\u6709\u6c92\u6709\u8ce3QQ"
        },
        {
            "reply_id": "UgyIt-Er9nE7INjgj6x4AaABAg",
            "reply_content": "\u651d\u5f71\u5e2b\u662f\u4f60\u7537\u670b\u53cb\u55ce"
        },
        {
            "reply_id": "UgygPnOswDpftB_Ss594AaABAg",
            "reply_content": "\u597d\u597d\u5403\u5594\uff01 \u5305\u88dd\u4e5f\u597d\u53ef\u611b\uff0c\u6709\u8cb7\u5230\u771f\u7684\u662f\u592a\u597d\u4e86"
        },
        {
            "reply_id": "UgzUfZENVOjbaTWsCAp4AaABAg",
            "reply_content": "\u5973\u5152\u5f88\u559c\u6b61\u59b3\u5594\uff01\u6628\u5929\u9084\u8dd1\u53bb\u8cb7\u59b3\u7684\u4e9e\u5c3c\u514b\u86cb\u7cd5"
        },
        {
            "reply_id": "Ugx0xj3V6R763nkR3Cp4AaABAg",
            "reply_content": "\u6211\u8cb7\u4e86"
        },
        {
            "reply_id": "Ugzkm9efvejR7dRLpDN4AaABAg",
            "reply_content": "\u4eca\u5929\u53bb\u8cb7\u4f86\u5403\uff0c\u597d\u5403\u8036\uff01"
        },
        {
            "reply_id": "UgwETrPCbLC6R8UYXCV4AaABAg",
            "reply_content": "\u4eca\u5929\u8cb7\u4e86\uff0c\u89ba\u5f97\u6c92\u6709\u5f88\u597d\u5403\u8036\u22ef\u22ef\uff0c\u5404\u7a2e\u5316\u5b78\u5473\u3002\u4e9e\u5c3c\u514b\u6211\u6700\u559c\u6b61\u7684\u9084\u662f\u539f\u5473\uff01"
        },
        {
            "reply_id": "UgxP9dfU63K-_AxsxDR4AaABAg",
            "reply_content": "\u4f86\u55d1\u74dc\u5b50\u5427\uff01"
        },
        {
            "reply_id": "UgzOMOt9X-2n7WpN4gd4AaABAg",
            "reply_content": "\u771f\u7684\u5f88\u597d\u5403\ud83d\ude0b"
        },
        {
            "reply_id": "UgzJJnPervCV9L80NRl4AaABAg",
            "reply_content": "\u6628\u5929\u5abd\u54aa\u5e6b\u6211\u8cb7\u4e86 \u62ff\u5230\u8868\u770b\u5230\u9084\u8208\u596e  \u5176\u5be6\u5abd\u54aa\u4e5f\u662f\u5b89\u557e\u7684\u7c89\u7d72"
        },
        {
            "reply_id": "UgwmujMEsuVOglyds4J4AaABAg",
            "reply_content": "\u6211\u6709\u53bb\u904e\u90a3\u500b\u86cb\u7cd5\u5e97\ud83c\udf70"
        },
        {
            "reply_id": "UgxACu0cGnxZ0QaWb-h4AaABAg",
            "reply_content": "\u5b89\u557e\u4f60\u597d\uff0c\u6211\u5f88\u559c\u6b61\u4f60\u7684\u5f71\u7247\u54e6\uff01"
        },
        {
            "reply_id": "UgxqOZ5wWAEn-wyjjjB4AaABAg",
            "reply_content": "\u751f\u4e73\u6372\u597d\u50cf\u5f88\u597d\u5403!"
        },
        {
            "reply_id": "UgzucszCLW1ZJiOcGS94AaABAg",
            "reply_content": "\u771f\u7684\u5f88\u597d\u5403\uff0c\u672a\u4f86\u9084\u6703\u60f3\u56de\u8cfc\uff0c\u53ef\u4ee5\u4e0d\u8981\u662f\u671f\u9593\u9650\u5b9a\u55ce\uff1f"
        }
    ]
}