{
    "video_info": {
        "id": "t_558BpPNwQ",
        "channelTitle": "\u5b89\u557e\u54aa",
        "title": "\u65e5\u672c\u74b0\u7403\u5f71\u57ce\u2b50\u8d85\u7d1a\u4efb\u5929\u5802\u4e16\u754c\uff01\u5c31\u662f\u4e00\u652f\u73a9\u5f97\u5f88\u958b\u5fc3\u7684\u5f71\u7247\uff01| \u5b89\u557e (\u309d\u2200\uff65) \u2661",
        "description": "\u7d42\u65bc\u8f2a\u5230\u6211\u4f86\u73a9\u5566\uff5e\n\n\u27ab \u8a02\u95b1\u5b89\u557e\uff1ahttps://goo.gl/KmLFgD\n\u27ab \u5b89\u557eIG\uff1ahttps://www.instagram.com/anjouclever/\n\u27ab \u5b89\u557eFB\uff1ahttps://www.facebook.com/anjoupikachu/\n\ud83d\udc39 \u73a9\u5177\u958b\u7bb1\u5168\u96c6\uff1ahttps://goo.gl/91ulRJ",
        "likeCount": "2030",
        "commentCount": "185",
        "viewCount": "65754"
    },
    "comments": [
        {
            "reply_id": "UgwlqjT4lKG1VMwIbNF4AaABAg",
            "reply_content": "\u5b89\u557e\u771f\u7684\u592a\u53ef\u611b\u4e86\u2764"
        },
        {
            "reply_id": "UgyOBpNfr59uKS3MnZZ4AaABAg",
            "reply_content": "\u5b89\u557e\u60f3\u4f60\u73fe\u5728\u5e36\u6211\u53bb\u65e5\u672c"
        },
        {
            "reply_id": "Ugycz2lAlvQDo-JJegl4AaABAg",
            "reply_content": "\u53ef\u611b\u7684\u59b3\u597d\u9069\u5408\u904a\u6a02\u5712"
        },
        {
            "reply_id": "UgygACD5W2uTgwwUyy14AaABAg",
            "reply_content": "\u5b89\u557e\u6709\u6c92\u6709\u60f3\u904e\u627e\u500b\u65e5\u672c\u4eba\u5ac1\u4e86\uff1f"
        },
        {
            "reply_id": "Ugyx8cQILLukE4WS39N4AaABAg",
            "reply_content": "\u5b89\u557e\u5feb\u8b8a\u6210\u53ef\u611b\u7684\u4ee3\u540d\u8a5e\u4e86"
        },
        {
            "reply_id": "UgxXS-ywItEJ2WYFjzF4AaABAg",
            "reply_content": "\u8d85\u53ef\u611b\u7684\u5b89\u557e\uff0c\u6bcf\u6b21\u770b\u5230\u6a02\u5712\u7cfb\u5217\u90fd\u80fd\u770b\u5230\u5b89\u557e\u8f03\u60c5\u611f\u7684\u4e00\u9762\uff0c\u53ef\u80fd\u6a02\u5712\u90fd\u592a\u53ef\u611b\u4e86\u5427\uff01"
        },
        {
            "reply_id": "Ugz5nnUpX9EL5FssPGh4AaABAg",
            "reply_content": "\u6309\u8b9a\u5b89\u557e \u8a02\u95b1\u5b89\u557e"
        },
        {
            "reply_id": "Ugym-KyiouJnx4F63XJ4AaABAg",
            "reply_content": "\u770b\u5b8c\u5b89\u557e\u7684\u5f71\u7247\u66f4\u671f\u5f85\u4e94\u6708\u4efd\u81ea\u5df1\u4e5f\u8981\u53bb\u74b0\u7403\u5566\uff01\n\u5e0c\u671b\u5b89\u557e\u518d\u5e36\u6211\u5011\u53bb\u66f4\u591a\u5730\u65b9\u73a9\ud83e\udd29"
        },
        {
            "reply_id": "Ugz--Seyd719jcxn1qJ4AaABAg",
            "reply_content": "\u600e\u9ebc\u770b\u5b89\u557e\u73a9\u90fd\u89ba\u5f97\u7279\u5225\u597d\u73a9\uff01\n\u6211\u9084\u4ee5\u70ba\u5b89\u557e\u6703\u7a7f\u540a\u5e36\u725b\u4ed4\u8932\u914d\u746a\u8389\u6b50\u5e3d\u6709\u9ede\u5c0f\u907a\u61be\ud83d\ude43\ud83d\ude43\ud83d\ude43"
        },
        {
            "reply_id": "UgzeDbkCdGH44EO3Kz54AaABAg",
            "reply_content": "\u5b89\u557e\u5c31\u662f\u6a02\u5712\u7684\u6700\u4f73\u4ee3\u8a00\u4eba"
        },
        {
            "reply_id": "UgziTrOoCNH0VMu1uQF4AaABAg",
            "reply_content": "\u8d85\u53ef\u611b\u597d\u671f\u5f85\u80fd\u518d\u53bb\u74b0\u7403\ud83d\ude0d"
        },
        {
            "reply_id": "UgzUViRcmYPsOoOu11x4AaABAg",
            "reply_content": "\u8d85\u559c\u6b61\u5b89\u557e\u51fa\u53bb\u73a9\u7684\u5f71\u7247\n\u6bcf\u6b21\u90fd\u6703\u6709\u4e00\u4e9b\u5c0ftip\n\u800c\u4e14\u770b\u4e86\u597d\u60f3\u53bb\ud83d\ude0d"
        },
        {
            "reply_id": "UgwlVe-qCYZ9ZRGOETZ4AaABAg",
            "reply_content": "\u6700\u8fd1\u771f\u7684\u8d85\u7d1a\u60f3\u53bb\u74b0\u7403\u5f71\u57ce\uff0c\u770b\u4e86\u5b89\u557e\u7684\u5f71\u7247\u89ba\u5f97\u5f88\u671f\u5f85\u4e5f\u5f88\u7642\u7652\uff0c\u5e0c\u671b\u4e4b\u5f8c\u53bb\u4e5f\u80fd\u73a9\u5f97\u8ddf\u59b3\u4e00\u6a23\u958b\u5fc3\uff01\uff01"
        },
        {
            "reply_id": "UgyC9x119OJ0ly_uyVF4AaABAg",
            "reply_content": "\u8b1d\u8b1d\u5b89\u557e\u5f88\u68d2\u7684\u4ecb\u7d39 \ud83c\udf89"
        },
        {
            "reply_id": "Ugz-Gd6V4KhsjCiSWN94AaABAg",
            "reply_content": "\u597d\uff5e\uff5e\u559c\u6b61\u770b\u5b89\u557e\u51fa\u53bb\u73a9\uff5e\n\u8d85\u7d1a\u7642\u7652\u7684\uff01\uff01\n\u5e0c\u671b\u5b89\u557e\u53ef\u4ee5\u958b\u958b\u5fc3\u5fc3 \u7167\u81ea\u5df1\u7684\u6b65\u8abf\u5b8c\u6210\u60f3\u505a\u7684\u4e8b\n\u5225\u7d66\u81ea\u5df1\u592a\u5927\u58d3\u529b\n\u6709\u5f88\u591a\u4eba\u652f\u6301\u59b3\u5594\uff01\ud83d\udc9e\ud83d\udc9e"
        },
        {
            "reply_id": "Ugy0FQswFTPKbfG-jbB4AaABAg",
            "reply_content": "\u770b\u5b89\u557e\u73a9\u597d\u7642\u7652~"
        },
        {
            "reply_id": "UgzEmBZ7NF4SxEZKOlt4AaABAg",
            "reply_content": "\u5b89\u557e\u5be6\u5728\u592a\u9069\u5408\u62cd\u6a02\u5712\u7cfb\u5217\u4e86\ud83d\ude02\u8072\u97f3\u8d85\u7d1a\u53ef\u611b\u7684\uff5e\uff5e"
        },
        {
            "reply_id": "UgzbDlSJXwsEyOEIVxx4AaABAg",
            "reply_content": "\u770b\u8457\u5b89\u557e\u73a9\u8ddf\u5403\u5c31\u5f88\u6cbb\u7652"
        },
        {
            "reply_id": "UgxPDtonwbFKdLHFVAh4AaABAg",
            "reply_content": "\u5b89\u557e\u7684\u5f71\u7247\u770b\u4e86\u5f88\u653e\u9b06\n\u770b\u5b8c\u5fc3\u60c5\u6703\u5f88\u597d\uff5e \ud83d\ude0a"
        },
        {
            "reply_id": "UgzDc7l8XqH6iVbojKx4AaABAg",
            "reply_content": "\u5b89\u557e\u7684\u4ecb\u7d39\u597d\u5fc3\u52d5!\u5bb3\u6211\u4e5f\u60f3\u53bb\ud83e\udd29\ud83e\udd29"
        }
    ]
}