{
    "video_info": {
        "id": "tc2J4OEK86Q",
        "channelTitle": "\u5b89\u557e\u54aa",
        "title": "\u751f\u5564\u9152\u653e\u984c\u7684\u65e5\u7cfb\u66f8\u5e97\uff01\u60c5\u4e0d\u81ea\u7981\u5dee\u9ede\u559d\u592a\u591a...\uff01 | \u5b89\u557e (\u309d\u2200\uff65) \u2661",
        "description": "\u5176\u5be6\u81ea\u5df1\u9084\u6c92\u6709\u53bb\u904e\u4ee3\u5b98\u5c71\u7684\u8526\u5c4b\u66f8\u5e97\uff0c\n\u7f8e\u9e97\u5efa\u7bc9\u7269\u7684\u8a71\uff0c\u4e2d\u76ee\u9ed1\u7684\u661f\u5df4\u514b\u4e5f\u5f88\u68d2\uff0c\u90fd\u597d\u60f3\u53bb\u770b\u770b\uff5e\n\n\u27ab \u8a02\u95b1\u5b89\u557e\uff1ahttps://goo.gl/KmLFgD\n\u27ab \u5b89\u557eIG\uff1ahttps://www.instagram.com/anjouclever/\n\u27ab \u5b89\u557eFB\uff1ahttps://www.facebook.com/anjoupikachu/\n\ud83d\udc39 \u73a9\u5177\u958b\u7bb1\u5168\u96c6\uff1ahttps://goo.gl/91ulRJ",
        "likeCount": "4099",
        "commentCount": "160",
        "viewCount": "119410"
    },
    "comments": [
        {
            "reply_id": "UgxfyAmQYkYcGmV7XR54AaABAg",
            "reply_content": "\u770b\u8d77\u4f86\u8d85\u8b9a\u7684\uff01\uff01\u6709\u6a5f\u6703\u4e5f\u60f3\u53bb\u770b\u770b \u6709\u500b\u7a7a\u9593\u53ef\u4ee5\u770b\u66f8\u756b\u5716\u597d\u8b9a\ud83e\udd7a\u2764\ufe0f"
        },
        {
            "reply_id": "UgxnBirGVEot4ZRyZiJ4AaABAg",
            "reply_content": "\u6709\u6c92\u6709\u53f0\u5357\u7684\u66f8\u5e97\uff1f"
        },
        {
            "reply_id": "UgxUQAJQsuXRHomozdF4AaABAg",
            "reply_content": "\u5b89\u557e\u59d0\u59d0\u4e4b\u524d\u600e\u9ebc\u505c\u66f4\u4e86\u2026\ud83d\ude22"
        },
        {
            "reply_id": "UgyNUjVEkxgFmQCmT0t4AaABAg",
            "reply_content": "\u6d0b\u6ea2\u7740\u8e0f\u5be6\u7684\u5e78\u798f\u611f~\n\u5e0c\u671b\u4f60\u5011\u627e\u5230\u6700\u9069\u5408\u81ea\u5df1\u7684\u751f\u6d3b\u65b9\u5f0f\uff0c\u52a0\u6cb9\uff01"
        },
        {
            "reply_id": "UgxLFTwYmURRVNVEX-54AaABAg",
            "reply_content": "\u5b89\u557e\u6211\u89ba\u5f97\u4f60\u5f88\u50cf\u5168\u958b\u5927\u80c3\u7684\u840c\u8c46\u55ce\u6211\u4e0d\u77e5\u9053\u4f60\u6709\u770b\u5168\u958b\u5927\u80c3\u738b\u6b38\u53ef\u662f\u771f\u7684\u8d85\u50cf\u7684"
        },
        {
            "reply_id": "Ugy6kAbAkIGCJAxXg5F4AaABAg",
            "reply_content": "\u5b89\u63ea\u54aa\u70ba\u4ec0\u9ebc\u4f60\u4e5f\u662f\u7d05\u77f3\u53e3\u888b\uff1f"
        },
        {
            "reply_id": "Ugw_w1iWmDEIWxwk3Fp4AaABAg",
            "reply_content": "\u6211\u4e4b\u524d\u5047\u65e5\u6700\u611b\u6563\u6b65\u904e\u4f86\u9019\u5bb6\u5171\u4eab\u7a7a\u9593\u5de5\u4f5c\ud83d\ude0d\ud83d\ude0d"
        },
        {
            "reply_id": "UgykF8_waTnFM-Vmail4AaABAg",
            "reply_content": "\u589e\u80a5\u66f8\u5e97\u5475\u5475"
        },
        {
            "reply_id": "UgzrVyUyQUpEvmUiH-h4AaABAg",
            "reply_content": "\u770b\u5230\u8ddf\u84bc\u4e95\u512a\u7d50\u5a5a\u7684\u7537\u4eba\uff0c\u6211\u773c\u775b\u77ac\u9593\u775c\u5927\ud83d\ude10"
        },
        {
            "reply_id": "UgzOYUja4-1mEVdtvD94AaABAg",
            "reply_content": "\u4ee5\u524d\u7684\u91d1\u77f3\u5802\u8207\u4e39\u5824\u5496\u5561\u6709\u9ede\u50cf\u2026\u2026"
        },
        {
            "reply_id": "UgySm9yEXCWlnd4IOZN4AaABAg",
            "reply_content": "\u53ef\u4ee5\u4e00\u9031\u767c\u4e00\u6b21\u7247\u3107\uff1f"
        },
        {
            "reply_id": "UgyH8Ubl9SFZGplHXpZ4AaABAg",
            "reply_content": "\u9019\u662f\u8ddf\u6211\u5011\u53f0\u4e2d\u4e00\u6a23\u7684\u90a3\u500b\u8526\u5c4b\u66f8\u5e97\u55ce?"
        },
        {
            "reply_id": "UgwYc5pKAhf41CnQt9x4AaABAg",
            "reply_content": "\u6562\u554f\u5b89\u557e\u9084\u8a18\u5f97\u5009\u9f20\u6708\u55ce?\u5f9e\u5c0f\u5009\u9f20\u7684\u5f71\u7247\u30012\u5468\u5e74100\u96bb\u5009\u9f20\u30013\u5468\u5e74\u9aa8\u724c\u30014\u5468\u5e74\u5009\u9f20\u6a5f\u5668\u4eba\u5230\u53bb\u5e74\u662f\u8ce3\u751f\u4e73\u6372\uff0c\u6211\u4f4f\u6f8e\u6e56\u6c92\u6709\u6a5f\u6703\u8cb7\u3002\u4eca\u5e74\u5009\u9f20\u6708\u56e0\u70ba\u75ab\u60c5\u7684\u50b7\u5bb3\u4f9d\u820a\u6301\u7e8c\uff0c\u4e0d\u592a\u80fd\u505a\u4ec0\u9ebc\uff0c\u671f\u5f85\u80fd\u6709\u65b0\u82b1\u6a23\u6211\u63a8\u85a6\u62cdMV"
        },
        {
            "reply_id": "UgyiAAmu3UFwsywVeBx4AaABAg",
            "reply_content": "\u9019\u7cfb\u5217\u771f\u7684\u5f88\u68d2\uff0c\u671f\u5f85\u59b3\u66f4\u65b0\u7684\u6587\u85dd\u6587\u85dd\u4e3b\u984c\ud83d\ude0a"
        },
        {
            "reply_id": "Ugwpa57wEQbw0uJxf-J4AaABAg",
            "reply_content": "\u6211\u4e5f\u559c\u6b61\u8036\u52a0\u96ea\u83f2"
        },
        {
            "reply_id": "Ugx-MpjfbzzbActBtQd4AaABAg",
            "reply_content": "\u5b89\u557e\u6211\u6703\u8a02\u95b1\u4f60\u7684\u983b\u9053\u4f60\u7684\u983b\u9053\u4f60\u597d\u770b"
        },
        {
            "reply_id": "UgwG2lHsDbV_pTmu_Vd4AaABAg",
            "reply_content": "\u5c0d\u4e0d\u8d77\u5b89\u557e\u6211\u4e0d\u5c0f\u5fc3\u628a\u4f60\u7684\u52d5\u7269\u68ee\u53cb\u6703\u7684\u5cf6\u795e\u793e\u7684\u4e09\u842c\u6416\u4e0b\u4f86\u56e0\u70ba\u6211\u78b0\u5230\u5c0d\u4e0d\u8d77"
        },
        {
            "reply_id": "Ugw6PT_laUvFBhp50Ox4AaABAg",
            "reply_content": "\u525b\u56de\u53bb\u770b\u5b89\u557e\u7684\u5009\u9f20\u6559\u767c\u73fe\u22ef\u22ef\n\u5b89\u557e\u7684\u958b\u982d\u97f3\u9ad8\u96a8\u8457\u6642\u9593\u6d41\u901d\u5f9e\u975e\uff5e\u5e38\u9ad8\u97f3\u8b8a\u5230\u4e2d\u4f4e\u97f3\u4e86\uff01\uff01"
        },
        {
            "reply_id": "Ugzkv-VaKL-jKwI2O9d4AaABAg",
            "reply_content": "\u5b89\u557e\u59b3\u5403\u6771\u897f\u8981\u6234\u624b\u5957\u5403\uff0c\u59b3\u5b8c\u5168\u6c92\u6709\u6234\uff0c\u9019\u6a23\u59b3\u6478\u9eb5\u5305\u624b\u6cb9\u6cb9\uff0c\u7136\u5f8c\u518d\u6478\u66f8\uff0c\u66f8\u90fd\u88ab\u59b3\u7528\u9ad2\u4e86\uff01\u4e0d\u826f\u793a\u7bc4\uff01\n\u4ed6\u5011\u767c\u7d66\u59b3\u624b\u5957\u662f\u767c\u597d\u73a9\u7684\u55ce"
        },
        {
            "reply_id": "UgzFwVyczfRFYTiC82N4AaABAg",
            "reply_content": "\u5b89\u557e\u8d8a\u4f86\u8d8a\u8d70\u51fa\u5ba4\u5167\u4e86\uff0c\u62cd\u4e86\u597d\u591a\u5ba4\u5916\u7684\u5f71\u7247\uff0c\n\u6bcf\u6b21\u7684\u7a7f\u642d\u90fd\u597d\u597d\u770b\uff0c\u5e0c\u671b\u4e4b\u5f8c\u53ef\u4ee5\u4ecb\u7d39\u7576\u65e5\u7a7f\u642d~~\n\u6709\u9ede\u5fc3\u3001\u9084\u53ef\u4ee5\u770b\u66f8\uff0c\u597d\u653e\u9b06\u7684\u5730\u65b9~\ud83e\udd13\ud83e\udd13"
        }
    ]
}