{
    "video_info": {
        "id": "tGIh4kAB-HY",
        "channelTitle": "\u5b89\u557e\u54aa",
        "title": "\u624b\u6a5f\u4e0a\u4e5f\u80fd\u73a9\u52d5\u68ee\uff01\u7e41\u4e2d\u7248\u52d5\u7269\u68ee\u53cb\u6703\u53e3\u888b\u9732\u71df\u4e0a\u5e02\u5566\uff01| \u5b89\u557e (\u309d\u2200\uff65) \u2661",
        "description": "\uff0a\u6b64\u5f71\u7247\u7531\u4efb\u5929\u5802\u8d0a\u52a9\u64ad\u51fa\n\u82e6\u82e6\u8015\u8018\u4e00\u500b\u6708\uff0c\u4e0a\u5e02\u524d\u5c31\u5df2\u7d93\u662f\u8cc7\u6df1\u73a9\u5bb6\u4e86(\u2267\u2200\u2266)\u309e\n#\u53e3\u888b\u68ee\u53cb\u6703 #Nintendo\n\n\u300a\u52d5\u7269\u68ee\u53cb\u6703\uff1a\u53e3\u888b\u9732\u71df\u5ee3\u5834\u300b\u5b98\u65b9FB\uff1ahttps://www.facebook.com/ACPC.TW.HK\n\u5b98\u7db2\u9019\u88e1\u5537\uff1a https://ac-pocketcamp.com/\n\n\u203b\u904a\u6232\u756b\u9762\u4e2d\u5c1a\u6709\u958b\u767c\u4e2d\u9805\u76ee\n\u203b\u53ef\u514d\u8cbb\u4e0b\u8f09\u3002\n\u203b\u90e8\u5206\u5167\u5bb9\u9700\u4ed8\u8cbb\u3002\n\u203b\u9700\u8981\u7db2\u8def\u9023\u7dda\u3002\u53ef\u80fd\u6703\u7522\u751f\u6578\u64da\u50b3\u8f38\u8cbb\u7528\u3002\n\u203b\u8acb\u52ff\u9577\u6642\u9593\u6301\u7e8c\u4f7f\u7528\uff0c\u4e26\u8acb\u9069\u5ea6\u4f11\u606f\u3002\n\u00a9 Nintendo\n\n\u27ab \u8a02\u95b1\u5b89\u557e\uff1ahttps://goo.gl/KmLFgD\n\u27ab \u5b89\u557eIG\uff1ahttps://www.instagram.com/anjouclever/\n\u27ab \u5b89\u557eFB\uff1ahttps://www.facebook.com/anjoupikachu/\n\n\u27a8\u5176\u4ed6\u5b89\u557e\u52d5\u68ee\u5f71\u7247\n\u958b\u7bb1\u6211\u53ef\u611b\u7684\u5cf6\uff01\u52d5\u7269\u68ee\u53cb\u6703\u5230\u5e95\u54ea\u88e1\u597d\u73a9\uff1f\uff01\n\u21e2 https://youtu.be/KHjy79YbcH4\n\u52d5\u68ee\u4e94\u661f\u5cf6\u5dbc\u958b\u7bb1\uff01\u6253\u9020\u51fa\u7ae5\u8a71\u5c0f\u93ae\u98a8\u683c\u7684\u5c0f\u5cf6\uff01\n\u21e2 https://youtu.be/k0OCRzDbLrs",
        "likeCount": "13199",
        "commentCount": "1673",
        "viewCount": "622142"
    },
    "comments": [
        {
            "reply_id": "UgxoAQtDY44OKi65ND54AaABAg",
            "reply_content": "\u6211\u4e5f\u662f\u88ab\u53d7\u4efb\u5929\u5802\u9080\u8acb\u7684"
        },
        {
            "reply_id": "UgytQXxuu1jGGRStufN4AaABAg",
            "reply_content": "\u5c0f\u6728\u5c4b\u73fe\u5728\u6709\u4e09\u5c64\ud83d\ude02"
        },
        {
            "reply_id": "Ugw674syR6FUzpO9lJF4AaABAg",
            "reply_content": "\u6211\u73a9\u904e"
        },
        {
            "reply_id": "UgyaUT3XrDJXi7c8IsV4AaABAg",
            "reply_content": "\u60f3\u8981\u6211\u7684\u624b\u6a5f\u4e0a\u73a9\u5b8c\u4e86\u60f3\u8981\u79fb\u5230\u5e73\u677f\u73a9\u600e\u9ebc\u8fa6 \u56e0\u70ba\u65b0\u8cb7\u4e86\u5e73\u677f\u4f46\u662f\u767c\u73fe\u53e3\u888b\u68ee\u53cb\u6703\u7adf\u7136\u6c92\u8fa6\u6cd5\u540c\u6642\u904a\u73a9 \u597d\u96e3\u904e\uff01"
        },
        {
            "reply_id": "UgxaJcjhk_6_kVtnLMF4AaABAg",
            "reply_content": "\u8b1d\u8b1d"
        },
        {
            "reply_id": "UgwsrWC1K5BjNy_i5a14AaABAg",
            "reply_content": "\u5b89\u557e\uff5e\u60f3\u554f\u554f\u71df\u5730\u5f8c\u9762\u7684\u6cf3\u6c60\u662f\u5728\u600e\u9ebc\u7372\u5f97\u7684"
        },
        {
            "reply_id": "UgzxcTvL26WsmpPBqax4AaABAg",
            "reply_content": "\u6211\u73a9\u904e\u4e86"
        },
        {
            "reply_id": "UgwKrXsZ9pElvNfSk0x4AaABAg",
            "reply_content": "\u8981\u600e\u9ebc\u4f48\u7f6e\u554a\uff1f"
        },
        {
            "reply_id": "UgzWp8MYtWCvR1rdDVZ4AaABAg",
            "reply_content": "\u53ef\u60dc\u6ca1\u6709\u5b89\u5353"
        },
        {
            "reply_id": "UgzgedEYA6M5fux2rRJ4AaABAg",
            "reply_content": "\u611f\u89ba\u5927\u5bb6\u90fd\u9078\u5947\u5e7b"
        },
        {
            "reply_id": "UgwA6VrM7FkKvJzhp8V4AaABAg",
            "reply_content": "\u90a3\u8acb\u554f\u53ef\u4ee5\u81ea\u5df1\u81f3\u88fd\u505a\u670d\u88dd\u55ce"
        },
        {
            "reply_id": "UgwQ2-jdyHYDEzZfNS14AaABAg",
            "reply_content": "\u8acb\u554f\u5b89\u557e\uff1a\u624b\u6a5f\u7248\u6709\u624b\u6a5f\u55ce\uff1f\u56e0\u70ba\u60f3\u81ea\u5df1\u6539\u8863\u670d\uff1a\uff08"
        },
        {
            "reply_id": "UgzyH4duF-04TQWQdB54AaABAg",
            "reply_content": "\u6bcf\u500b\u90fd\u5f88\u7a00\u6709"
        },
        {
            "reply_id": "Ugyjy6NLYsOWH5HdaLV4AaABAg",
            "reply_content": "\u5b89\u557e\u5269\u9918\u7a7a\u9593\u4e0d\u8db3\u6642\u8a72\u600e\u9ebc\u8fa6"
        },
        {
            "reply_id": "UgxwVW4WQJ2cNAYn8nF4AaABAg",
            "reply_content": "\u6211\u7684\u7279\u7522\u662f\u6ab8\u6aac"
        },
        {
            "reply_id": "Ugw4EnWodGAllOzUqgF4AaABAg",
            "reply_content": "\u5b89\u557e\u6211\u73a9\u4e0d\u5230\u5c3153\u7d1a\u4e86"
        },
        {
            "reply_id": "UgxkZtHQXI42WVzlin54AaABAg",
            "reply_content": "\u5b89\u557e\u597d\u6703\u8a2d\u8a08"
        },
        {
            "reply_id": "Ugw8xlBjJ1H12bPr3KJ4AaABAg",
            "reply_content": "\u90a3\u500b\u6211\u4e5f\u6709"
        },
        {
            "reply_id": "UgyMRrjECDEQN6seLbd4AaABAg",
            "reply_content": "\u5b89\u557e\u73fe\u5728\u5df1\u6709\u4eba\u9b5a\u57ce\u5821\u4e86"
        },
        {
            "reply_id": "Ugy7rDEbw1QIJjjliWN4AaABAg",
            "reply_content": "\u600e\u4e48\u53ef\u4ee5\u770b\u5230\u540e\u9762\u7684 \ud83d\ude02 \u6211\u90fd\u4e0d\u77e5\u9053\u600e\u4e48\u79fb\u52a8\u89c6\u89d2"
        }
    ]
}