{
    "video_info": {
        "id": "TklW7_XhnjA",
        "channelTitle": "\u5b89\u557e\u54aa",
        "title": "\u884c\u524d\u5fc5\u770b\ud83d\udd25\u6771\u4eac\u8fea\u58eb\u5c3c\u6700\u5f37\u653b\u7565! \u4e0d\u77e5\u9053\u600e\u9ebc\u73a9? \u770b\u5b8c\u76f4\u63a5\u8b8a\u5927\u5e2b\u266a| \u5b89\u557e (\u309d\u2200\uff65) \u2661",
        "description": "\u6559\u5927\u5bb6\uff5e\u7b2c\u4e00\u6b21\u73a9\u8fea\u58eb\u5c3c\u5c31\u4e0a\u624b\uff01\n\u5168\u90e8\u90fd\u662f\u6700\u65b0\u6700\u65b0\u7684\u60c5\u5831\uff01\n\u9019\u6b21\u7279\u5225\u653eQR CODE\u5728\u5f71\u7247\u88e1\n\u771f\u7684\u518d\u4e5f\u4e0d\u7528\u614c\uff5e\u9ede\u9032\u5b98\u7db2\u6703\u6709\u66f4\u6e05\u695a\u7684\u8cc7\u8a0a\u5537\n\n\u27ab \u8a02\u95b1\u5b89\u557e\uff1ahttps://goo.gl/KmLFgD\n\u27ab \u5b89\u557eIG\uff1ahttps://www.instagram.com/anjouclever/\n\u27ab \u5b89\u557eFB\uff1ahttps://www.facebook.com/anjoupikachu/\n\ud83d\udc39 \u73a9\u5177\u958b\u7bb1\u5168\u96c6\uff1ahttps://goo.gl/91ulRJ",
        "likeCount": "7334",
        "commentCount": "259",
        "viewCount": "312633"
    },
    "comments": [
        {
            "reply_id": "Ugw0IomlmxpAFkFJJU54AaABAg",
            "reply_content": "\u54c8\u54c8\u90a3\u500b\u9a5a\u9b42\u53e4\u5821\u6211\u76f4\u63a5\u5728\u4e0a\u9762\u7206\u54ed \u771f\u7684\u662f\u9748\u9b42\u5148\u98c4\u8d70\u7684\u90e8\u5206"
        },
        {
            "reply_id": "UgwaO-UYWigxQOiH-aJ4AaABAg",
            "reply_content": "\u70ba\u4ec0\u9ebc\u6bcf\u6b21\u90fd\u8981\u7d05\u77f3\u53e3\u888b \u6709\u4eba\u80fd\u89e3\u91cb\u55ce\uff1f"
        },
        {
            "reply_id": "Ugw6fx0SKIXDvZ7q-Eh4AaABAg",
            "reply_content": "\u6211\u4e5f\u4e0d\u77e5\u9053\u7684\u4e8b\u4f60\u6709\u8fd9\u4e48\u591a\u597d\u73a9\u7684 \u5e2e\u6211\u6ca1\u6709\u53bb\u8fc7\u8fea\u65af\u5c3c\u53e4\u62c9 \u5982\u679c\u6211\u662f\u7b2c1\u6b21\u53bb\u5230\u8fea\u58eb\u5c3c \u888b\u9f20\u5927\u7b14 \u56e0\u4e3a\u53ef\u4ee5\u7ed9\u90a3\u4e9b\u8fea\u58eb\u5c3c\u516c\u4e3b\u7b7e\u540d"
        },
        {
            "reply_id": "UgxAQTDqCE6XxKiR1ux4AaABAg",
            "reply_content": "\u90a3\u4f60\u9019\u6a23\u6574\u500b\u884c\u7a0b\u8981\u591a\u5c11\u9322?\u5feb\u901f\u901a\u95dc, \u98f2\u6599\u7121\u9650\u559d, \u5712\u5340\u98ef\u5e97, \u597d\u597d\u5594"
        },
        {
            "reply_id": "UgxNYQ9lSFYgB-1Yp554AaABAg",
            "reply_content": "\u60f3\u554f\u9019\u500b\u5957\u7968\u591a\u5c11$$\uff1f\u767c\u73fe\u597d\u6436\u624b\uff0c\u6240\u4ee5\u770b\u4e0d\u5230\u50f9\u683c"
        },
        {
            "reply_id": "UgwbXcSNaplqfc9B3tZ4AaABAg",
            "reply_content": "\u559c\u6b61\u4f60\u7684\u4ecb\u7d39\u2764\ufe0f\u8d85\u53ef\u611b\u7684\uff5e\u9084\u6709\u9644\u4e0a\u5f88\u591a\u5b98\u65b9\u8cc7\u8a0a\u53c3\u8003 \u8d85\u8cbc\u5fc3\u7684\ud83c\udf89"
        },
        {
            "reply_id": "UgwK1yeLsAn2twwonmB4AaABAg",
            "reply_content": "\u676f\u9eb5\u597d\u55e8 \u900f\u904e\u9280\u5e55\u4e5f\u53ef\u4ee5\u611f\u53d7\u5230\u73fe\u5834\u6c23\u6c1b"
        },
        {
            "reply_id": "Ugybn1HBPx8DAXeXE214AaABAg",
            "reply_content": "\u60f3\u805e\u557e\u54aa \u9edb\u897f\u5546\u54c1\u662f\u5728\u9678\u5730\u9084\u662f\u6d77\u6d0b\u5462"
        },
        {
            "reply_id": "Ugyzn5W8Ud26eWCds9R4AaABAg",
            "reply_content": "\u7f8e\u5973\u8207\u91ce\u7378\u771f\u7684\u662f\u770b\u5230\u5feb\u54ed\u51fa\u4f86\uff0c\u6c23\u6c1b\u71df\u9020\u5f97\u592a\u5b8c\u7f8e\u4e86"
        },
        {
            "reply_id": "Ugw3RSvwQ6N3O795vJ14AaABAg",
            "reply_content": "\u53f0\u6e7e\u6709\u8fea\u58eb\u5c3c\u5417"
        },
        {
            "reply_id": "UgzNiaJOXQtBy4J8AJN4AaABAg",
            "reply_content": "\u539f\u672c\u5b8c\u5168\u6c92\u6709\u8981\u51fa\u570b\u7684\u60f3\u6cd5\n\u770b\u5b8c\u9019\u500b\u5f71\u7247\u60f3\u76f4\u63a5\u885d\u6771\u4eac\u4e86\n\u6574\u500b\u88ab\u71d2\u5230\n\u884c\u7a0b\u96d6\u7136\u8c50\u5bcc\u4f46\u4e0d\u6703\u592a\u8d95\n\u8b1d\u8b1d\u5b89\u557e\u7684\u61f6\u4eba\u653b\u7565"
        },
        {
            "reply_id": "UgxDOAwgAY3De8N-DeB4AaABAg",
            "reply_content": "\u73fe\u5728\u8fea\u58eb\u5c3c\u9084\u6709\u751f\u65e5\u8cbc\u7d19\u55ce\uff01"
        },
        {
            "reply_id": "UgwdbbklUuQTWuDjVZl4AaABAg",
            "reply_content": "\u505a\u4e864\u9801\u7b46\u8a18\uff0c\u4e0a\u8ab2\u90fd\u6c92\u9019\u9ebc\u8a8d\u771f \ud83e\udd23\n\u4e0d\u6127\u662f\u5b8c\u7f8e\u4e3b\u7fa9\u7684\u5b89\u557e\uff0c\u975e\u5e38\u6709\u610f\u7fa9\u7684\u5f71\u7247\n\u6211\u5011\u6c38\u9060\u611f\u8b1d\u5c3c\uff08\u4e09\u773c\u602a\u8a9e\u6c23\uff09"
        },
        {
            "reply_id": "UgxCupEwz5YKwnir3Rt4AaABAg",
            "reply_content": "\u73b0\u5728\u5ea6\u5047\u5957\u7968\u7684\u7968\u548c\u5468\u8fb9\u662f\u63d0\u524d\u4e00\u5468\u5feb\u9012\u5230\u5728\u65e5\u672c\u7684\u5730\u5740\u5417\uff1f\u6d77\u5916\u6e38\u5ba2\u5f88\u4e0d\u65b9\u4fbf\ud83d\ude02"
        },
        {
            "reply_id": "UgxwVEap4Dgn2oruNpR4AaABAg",
            "reply_content": "\u8fd9\u4e9b\u4e1c\u4eac\u65b0\u5f00\u7684\u5728\u5965\u5170\u591a\u5f88\u65e9\u4e4b\u524d\u5c31\u5f00\u4e86 \u6240\u4ee5\u5982\u679c\u80fd\u53bb\u5965\u5170\u591a\u7684\u8bdd \u90fd\u53ef\u4ee5\u73a9\u5230 \u800c\u4e14\u8fd8\u6709\u66f4\u591a\u66f4\u65b0\u7684 \u5965\u5170\u591a\u6709\u56db\u4e2a\u4e0d\u540cde\u56ed\u5b50 \u4e70\u8d85\u8fc7\u56db\u5929\u7684\u7968 \u6bcf\u591a\u4e00\u5929\u53ea\u9700\u8981\u52a0\u4e00\u70b9\u94b1 \u975e\u5e38\u9002\u5408\u5e26\u5a03\u4e00\u8d77\u65c5\u884c  \u53ef\u4ee5\u73a9\u5f97\u975e\u5e38\u5f7b\u5e95"
        },
        {
            "reply_id": "UgyS8SZ1U_e7htH7OtN4AaABAg",
            "reply_content": "\u8acb\u554f\u5957\u7968\u662f\u591a\u5c11\u9322\uff1f\u4e00\u500b\u4eba\u9084\u662f\u5169\u500b\u4eba\u7684\u50f9\u9322\uff1f"
        },
        {
            "reply_id": "UgypqJ0WQZ7ZUdRFVeF4AaABAg",
            "reply_content": "\u70ba\u4ec0\u9ebc\u6211\u89ba\u5f97\u5b89\u557e\u7684\u81c9\u597d\u50cf\u8b8a\u4e86"
        },
        {
            "reply_id": "UgxCFJ4_HbpTyMOz8BV4AaABAg",
            "reply_content": "\u9019\u7a2e\u5f71\u7247\u591a\u4e00\u9ede\u2764"
        },
        {
            "reply_id": "UgxexNt_xNvvDF27XZ14AaABAg",
            "reply_content": "\u8fea\u58eb\u5c3c\u771f\u7684\u662f\u5f88\u6703\u6436\u9322\u55da\u55da\n\u5922\u60f3\u662f\u53bb\u8fea\u58eb\u5c3c\u8fa6\u5a5a\u79ae\n\u5f88\u7fa8\u6155\u90a3\u7a2e\u4f4f\u5728\u8fea\u58eb\u5c3c\u9644\u8fd1\u8cb7\u5e74\u5361\u60f3\u53bb\u5c31\u53bb\u7684\u4eba"
        },
        {
            "reply_id": "UgwyWKqVMfyIPlmJQkN4AaABAg",
            "reply_content": "\u54c8\u56c9 \u5b89\u557e~\u8acb\u554f\u4e00\u4e0b\u6771\u4eac\u8fea\u58eb\u5c3c\u5ea6\u5047\u5957\u7968\u7684\u8a71\u76ee\u524d\u662f\u7d66\u65e5\u672c\u4eba\u8cb7\u800c\u5df2\u55ce? \u4e0d\u662f\u65e5\u672c\u4eba\u6709\u65e5\u672c\u5730\u5740\u7684\u8a71\u53ef\u4ee5\u8cb7\u4f86\u7528\u55ce? \u611f\u8b1d"
        }
    ]
}