{
    "video_info": {
        "id": "tLCfpljuf6A",
        "channelTitle": "\u5b89\u557e\u54aa",
        "title": "\u6311\u6230\u7528\u8d85\u5546\u98df\u6750\u6253\u9020\u9ad8\u7d1a\u6599\u7406\uff01\u5230\u5e95\u80fd\u5920\u505a\u5f97\u5230\u55ce\uff1f | \u5b89\u557e (\u309d\u2200\uff65) \u2661",
        "description": "\u53ea\u8981\u64fa\u76e4\u9ad8\u7d1a\uff0c\u4e00\u5207\u90fd\u80fd\u9ad8\u7d1a\u8d77\u4f86\uff01\n\nfoodpanda \u751f\u9bae\u96dc\u8ca8 \u6d88\u8cbb\u6eff$200\u6298$100\n\u512a\u60e0\u5e8f\u865f:\u3010BUY100\u3011\n\u4f7f\u7528\u671f\u9650\u81f32020/11/15\nURL: https://reurl.cc/yZbpWq\n\n\uff20foodpanda\u5b98\u7db2 \n#foodpanda \uff03\u5373\u6642\u5916\u9001\u5e73\u53f0 \n#\u751f\u9bae\u96dc\u8ca8\u9001\u4e0a\u9580 \n\uff03\u56db\u5927\u8d85\u5546\u5916\u9001 \n\uff03\u8b93\u4f60\u8070\u660e\u9ede\n\n\u27ab \u8a02\u95b1\u5b89\u557e\uff1ahttps://goo.gl/KmLFgD\n\u27ab \u5b89\u557eIG\uff1ahttps://www.instagram.com/anjouclever/\n\u27ab \u5b89\u557eFB\uff1ahttps://www.facebook.com/anjoupikachu/\n\ud83d\udc39 \u73a9\u5177\u958b\u7bb1\u5168\u96c6\uff1ahttps://goo.gl/91ulRJ\n\n\u27a8\u5176\u4ed6\u5b89\u557e\u5f71\u7247\n1/2\u7e2e\u5c0f\u7248\u626d\u86cb\u6a5f \u2606 \u626d\u5230\u4ec0\u9ebc\u5c31\u5403\u4ec0\u9ebc\u7684\u523a\u6fc0\u73a9\u6cd5?!\n\u21e2 https://goo.gl/tSJlNG\n\u6dbc\u9eb5\u6c34\u6a02\u5712 - \u6d41\u6c34\u7d20\u9eb5\u5f9e\u9ad8\u4f4e\u5dee56cm\u7684\u6ed1\u6c34\u9053\u6e9c\u4e0b\u4f86\u4e86\uff01\n\u21e2 https://goo.gl/tgYRy1\n\u3010\u77e5\u80b2\u83d3\u5b50\u3011\u99ac\u6876\u6e05\u6dbc\u98f2\u6599\uff01\u7121\u6cd5\u62db\u67b6\u7684\u5473\u9053\uff01\n\u21e2 https://goo.gl/n0nnyQ\n\u6d77\u5e95\u7e3d\u52d5\u54e12 - Finding Dory \u2606 \u591a\u8389\u5609\u5e74\u83ef\uff01\u9084\u6709\u597d\u591a\u9b5a\u53cb\u5011\uff01\n\u21e2 https://goo.gl/oAn42q\n\u6703\u5b78\u4f60\u8aaa\u8a71\u7684\u840c\u840c\u5c0f\u5009\u9f20 - \u8981\u6210\u70ba\u4e00\u4f4d\u6559\u5b97\u4e0d\u662f\u90a3\u9ebc\u7c21\u55ae\u7684\u4e8b\u60c5!!\n\u21e2 https://goo.gl/8WZaZT\n\nBGM\u4f86\u6e90\uff1ahttp://dova-s.jp/\n\u97f3\u6548\u4f86\u6e90\uff1ahttp://musicisvfr.com/free/index.html",
        "likeCount": "7927",
        "commentCount": "343",
        "viewCount": "461150"
    },
    "comments": [
        {
            "reply_id": "UgzeDpUJotzJ5TqWbq14AaABAg",
            "reply_content": "\u5269\u4e0b\u7684\u6771\u897f\u600e\u9ebc\u8fa6\uff1f"
        },
        {
            "reply_id": "UgxW4PdUhctT0eI5MNh4AaABAg",
            "reply_content": "\u8336\u8449\u86cb\u4e26\u4e0d\u662f\u770b\u662f\u54ea\u4e00\u9593\u5e97\u597d\u5403 \u662f\u770b\u662f\u8ab0\u505a\u7684"
        },
        {
            "reply_id": "UgxY_6C96FfDhVAEwoh4AaABAg",
            "reply_content": "\u4e0d\u8981\u8b1b\u8a71\u8b1b\u4e00\u8b1b\u81ea\u5df1\u7a81\u7136 \u5657\u54e7\u7b11 \u5f88\u4e0d\u5c08\u696d\uff1a\uff09"
        },
        {
            "reply_id": "UgwL_lgAbDI0LN3z5l54AaABAg",
            "reply_content": "\u611f\u89ba\u5f88\u597d\u5403"
        },
        {
            "reply_id": "UgzykupN87DL6NW2MVJ4AaABAg",
            "reply_content": "\u98df\u621f\u4e4b\u9748\u771f\u5be6\u4e0a\u6f14\u3002"
        },
        {
            "reply_id": "UgxOhFSZkEjjR8OD8Yl4AaABAg",
            "reply_content": "\u5f88\u6709\u9ad8\u7d1a\u611f"
        },
        {
            "reply_id": "Ugx5A10TkWqCTVPy39h4AaABAg",
            "reply_content": "\u9d3b\u798f\u5802\u7684\u8336\u8449\u86cb\u8d85\u597d\u5403\u7684!\uff01"
        },
        {
            "reply_id": "Ugxv9Cx7Omnm5RUApfN4AaABAg",
            "reply_content": "\u90fd\u5728\u504f\u50fb\u7684\u98ef\u5e97\u4e86 \u9644\u8fd15\u516c\u91cc\u5167(\u751a\u81f3\u66f4\u8fd1)\u6c92\u6709\u8d85\u5546\u7684\u8a71 \u718a\u8c93\u4e5f\u4e0d\u6703\u9001\u963f \u89ba\u5f97\u5b89\u557e\u529f\u8ab2\u6c92\u505a\u8db3"
        },
        {
            "reply_id": "UgwSvBsk8ZLLTlLi2ld4AaABAg",
            "reply_content": "\u8b9a"
        },
        {
            "reply_id": "UgxhTJEgMU7IL37MF5h4AaABAg",
            "reply_content": "\u504f\u50fb\u7684\u5730\u65b9\u80fd\u90a3\u9ebc\u5bb9\u6613\u53eb\u5230\u5916\u9001\uff1f\u9a19\u6211\uff1f"
        },
        {
            "reply_id": "Ugy5AQsk2ELH4cqUqtx4AaABAg",
            "reply_content": "\u97a5"
        },
        {
            "reply_id": "Ugylta9S26RbKbxjUZl4AaABAg",
            "reply_content": "\u5b89\u557e\u80cc\u5fc3\u597d\u53ef\u611b~\u767c\u760b"
        },
        {
            "reply_id": "Ugy-V4Fl_N8fdtg0boV4AaABAg",
            "reply_content": "\u505a\u5f97\u4e0d\u9519\uff0c\u88c5\u9970\u9700\u8981\u4e00\u70b9\u7eff\u3002"
        },
        {
            "reply_id": "Ugz2_uZ_IxunHJrdpxB4AaABAg",
            "reply_content": "\u770b\u5b8c\u98df\u621f\u4e4b\u9748\uff0c\u5176\u4e2d\u4e00\u96c6\u4e5f\u662f\u7528\u8d85\u5546\u98df\u6750\u6253\u9020\u9ad8\u7d1a\u6599\u7406XD"
        },
        {
            "reply_id": "UgylZXhHVA4zKczFRwN4AaABAg",
            "reply_content": "\u5b89\u557e\u597d\u53b2\u5bb3\ud83d\udc4d"
        },
        {
            "reply_id": "UgzHQYXbeNAN9aLPfF54AaABAg",
            "reply_content": "\u597d\u9ad8\u7ea7\u5662~\ud83d\ude0d\u6211\u809a\u5b50\u997f\u4e86"
        },
        {
            "reply_id": "UgyunCQmLUJD6OTzos14AaABAg",
            "reply_content": "\u6c92\u6709\u852c\u83dc\ud83d\ude02"
        },
        {
            "reply_id": "UgzbEHx3NqnNSwaVBbl4AaABAg",
            "reply_content": "\u9019\u6a23\u5c31\u77e5\u9053\u5b89\u557e\u5bb6\u4f4f\u54ea\u4e86"
        },
        {
            "reply_id": "UgzGPOcqrzkdAHwAidB4AaABAg",
            "reply_content": "\u5b89\u557e\uff0c\u597d\u5229\u5bb3"
        },
        {
            "reply_id": "UgxRboOrdeYGJwJx4Lh4AaABAg",
            "reply_content": "\u70ba\u5565\u6211\u89ba\u5f97\u5f88\u597d\u7b11 \u86cb\u5854\u90a3\u908a\u8d85\u597d\u7b11"
        }
    ]
}