{
    "video_info": {
        "id": "ttAOBt6Zymw",
        "channelTitle": "\u5b89\u557e\u54aa",
        "title": "\u73a9\u5177\u8c93\u982d\u9df9\u6709\u5982\u6700\u7d42\u5175\u5668\u822c\u7684\u98db\u8d77\u4f86\u4e86\uff01\u9019\u771f\u7684\u662f\u5c0f\u670b\u53cb\u7684\u73a9\u5177\u55ce\uff1f\uff01| \u5b89\u557e (\u309d\u2200\uff65) \u2661",
        "description": "\u4e00\u500b\u990a\u80b2\u8c93\u982d\u9df9\u7684\u6eab\u99a8\u73a9\u5177\n- - - - - - - - - - - - - - - - - - - - - -\n\u27ab \u8a02\u95b1\u5b89\u557e\uff1ahttps://goo.gl/KmLFgD\n\u27ab \u5b89\u557eFacebook\uff1ahttps://www.facebook.com/anjoupikachu/\n\ud83d\udc39 \u73a9\u5177\u958b\u7bb1\u5168\u96c6\uff1ahttps://goo.gl/91ulRJ\n- - - - - - - - - - - - - - - - - - - - - -\n\n\u3068\u3093\u3067\uff01\u30aa\u30a6\u30ea\u30fc\uff01\n\n- - - - - - - - - - - - - - - - - - - - - -\n\u27a8\u76f8\u95dc\u5f71\u7247\n\n1/2\u7e2e\u5c0f\u7248\u626d\u86cb\u6a5f \u2606 \u626d\u5230\u4ec0\u9ebc\u5c31\u5403\u4ec0\u9ebc\u7684\u523a\u6fc0\u73a9\u6cd5?!\n\u21e2 https://goo.gl/tSJlNG\n\u6dbc\u9eb5\u6c34\u6a02\u5712 - \u6d41\u6c34\u7d20\u9eb5\u5f9e\u9ad8\u4f4e\u5dee56cm\u7684\u6ed1\u6c34\u9053\u6e9c\u4e0b\u4f86\u4e86\uff01\n\u21e2 https://goo.gl/tgYRy1\n\u3010\u77e5\u80b2\u83d3\u5b50\u3011\u99ac\u6876\u6e05\u6dbc\u98f2\u6599\uff01\u7121\u6cd5\u62db\u67b6\u7684\u5473\u9053\uff01\n\u21e2 https://goo.gl/n0nnyQ\n\u6d77\u5e95\u7e3d\u52d5\u54e12 - Finding Dory \u2606 \u591a\u8389\u5609\u5e74\u83ef\uff01\u9084\u6709\u597d\u591a\u9b5a\u53cb\u5011\uff01\n\u21e2 https://goo.gl/oAn42q\n\u6703\u5b78\u4f60\u8aaa\u8a71\u7684\u840c\u840c\u5c0f\u5009\u9f20 - \u8981\u6210\u70ba\u4e00\u4f4d\u6559\u5b97\u4e0d\u662f\u90a3\u9ebc\u7c21\u55ae\u7684\u4e8b\u60c5!!\n\u21e2 https://goo.gl/8WZaZT\n- - - - - - - - - - - - - - - - - - - - - -\nBGM\u4f86\u6e90\uff1ahttp://dova-s.jp/\n\u97f3\u6548\u4f86\u6e90\uff1ahttp://musicisvfr.com/free/index.html",
        "likeCount": "6131",
        "commentCount": "570",
        "viewCount": "193300"
    },
    "comments": [
        {
            "reply_id": "UgxgjziAn-Dt3eUa-0V4AaABAg",
            "reply_content": "\u597d\u53ef\u611b\u7684\u73a9\u5177\uff01\u6211\u4e5f\u60f3\u73a9\uff01"
        },
        {
            "reply_id": "Ugy0C3o0RT8QGQNh4mJ4AaABAg",
            "reply_content": "\u6211\u55ba\u5ea6\u6211\u4fc2\u4e00\u500b\u5c0f\u670b\u53cb"
        },
        {
            "reply_id": "UgwiKdZ5abJh5c2Itmd4AaABAg",
            "reply_content": "\u98db\u8d77\u4f86"
        },
        {
            "reply_id": "UgxYMy9tWZI5HekdNFF4AaABAg",
            "reply_content": "\u9019\u500b\u73a9\u5177\u8b93\u6211\u83ab\u540d\u7684\u60f3\u7b11\ud83d\ude02\u597d\u50cf\u6709\u9ede\u7375\u5947\ud83d\ude00"
        },
        {
            "reply_id": "UgzQ_yDMaEIfZC-tK-t4AaABAg",
            "reply_content": "\u9084\u5728"
        },
        {
            "reply_id": "Ugw93emyVSabdCxq3NR4AaABAg",
            "reply_content": "\u6211\u8fd8\u5728"
        },
        {
            "reply_id": "UgwqQ_16DcvgkDU7Jat4AaABAg",
            "reply_content": "\u8840\u6ef4\u5b50\u7121\u8aa4"
        },
        {
            "reply_id": "Ugz85dZlMfuAvwhJJex4AaABAg",
            "reply_content": "\u597d\u53ef\u611b"
        },
        {
            "reply_id": "Ugz3A35Jh1PH2h_I_MJ4AaABAg",
            "reply_content": "\u6211\u89c9\u5f97\u3002\u3002\u3002\u6ca1\u6709\u7fc5\u8180\u662f\u4ece\u5934\u548c\u8eab\u4f53\u5206\u5f00\u540e\u4f38\u51fa\u6765\u7684\u5427\u3002\u3002\u3002\u800c\u4e14\u58f0\u97f3\u548c\u901f\u5ea6\u597d\u6050\u6016 \u6709\u70b9\u597d\u50cf\u8981\u574f\u6389\u7684\u611f\u89c9 \u8d70\u706b\u5165\u9b54\u7684\u611f\u89c9 \u8fd9\u662f\u6740\u4eba\u51f6\u5668\u5427 \u53ef\u80fd\u5f97\u5956\u662f\u56e0\u4e3a\u80fd\u6740\u4eba\u6240\u4ee5\u5f97\u5956\ud83d\ude02(\u5f00\u73a9\u7b11) \u5c0f\u5b69\u770b\u5230\u5e94\u8be5\u4f1a\u89c9\u5f97\u597d\u6050\u6016\u5427"
        },
        {
            "reply_id": "UgwjVXaGiP5fklN0p7l4AaABAg",
            "reply_content": "\u54c8\u54c8\u54c8\u54c8\u54c8\uff0c\u5f00\u5934\u7b11\u6b7b\u6211\u4e86\u54c8\u54c8\u54c8\u54c8"
        },
        {
            "reply_id": "UgwXxIHjFVk0cVRcFPR4AaABAg",
            "reply_content": "\u98db\u884c\u6a21\u5f0f\u4e5f\u592a\u7375\u5947\u4e86\u5427\u54c8\u54c8\u54c8\u54c8"
        },
        {
            "reply_id": "Ugy0RRnrGpFNjFicvFh4AaABAg",
            "reply_content": "\u842c\u60e1\u662f\u4e2d\u9593\u7684\u5c0f\u670b\u53cb"
        },
        {
            "reply_id": "Ugx3zeiLBSGZBc-vCS54AaABAg",
            "reply_content": "\u6709\u70b9\u5413\u4eba\u7684\u73a9\u5177"
        },
        {
            "reply_id": "Ugxsg2w0cldlVX6sJih4AaABAg",
            "reply_content": "\u9762\u671d\u5730\u9762\u8dcc\u5012\u7684\u90a3\u523b\u6211\u7b11\u4e86"
        },
        {
            "reply_id": "UgwOSC1pVrYgetMnzIp4AaABAg",
            "reply_content": "\u9019\u500b\u6b66\u5668\u5176\u5be620\u5e74\u524d\u591a\u90fd\u6709\u4e00\u500b\u7981\u552e\u4e86 \u73fe\u5728\u53c8\u518d\u51fa\u4e00\u500b?"
        },
        {
            "reply_id": "UgybF-IdsKndaB71Xhd4AaABAg",
            "reply_content": "\u9019\u6559\u6211\u5011\n\u5982\u679c\u4e0d\u8981\u8cb7\u73a9\u5177\u7d66\u5c0f\u670b\u53cb\n\u5c31\u505a\u4e00\u500b\u982d\u8ddf\u8eab\u9ad4\u6703\u5206\u96e2\u9084\u6703\u98db\u7684\u73a9\u5177\u7d66\u4ed6"
        },
        {
            "reply_id": "UgxApJ4XFcd7rkTnkGZ4AaABAg",
            "reply_content": "\u5b89\u79cb\u592a\u53ef\u611b\u4e86\u5427\uff01"
        },
        {
            "reply_id": "UgzwlYOwLqb4h1DUchF4AaABAg",
            "reply_content": "\u559c\u6b61\u5b89\u557e\u7d66\u6211\u7684\u611f\u89ba \u4e7e\u4e7e\u6de8\u6de8\u7684\u611f\u89ba\ud83e\udd2d"
        },
        {
            "reply_id": "UgylKY5t_ACAmzp7QUh4AaABAg",
            "reply_content": "\u597d\u4e45\u6c92\u6709\u770b\u5230\u5b89\u557e\u66f4\u65b0\u4e86\u5462\uff5e"
        },
        {
            "reply_id": "UgzMVR81JWSFXBgwObp4AaABAg",
            "reply_content": "\u9019\u8c93\u982d\u9df9\u5c0f\u5b69\u5b50\u770b\u5230\u6703\u5687\u6b7b\u5427"
        }
    ]
}