{
    "video_info": {
        "id": "U8Ka3WHN1do",
        "channelTitle": "\u5b89\u557e\u54aa",
        "title": "\u53f2\u4e0a\u6700\u5730\u7344\u8591\u9905\u5c4b\uff01\u50cf\u662f\u53d7\u707d\u6236\u4e00\u6a23\u7684\u5c4b\u5b50\u771f\u7684\u53ef\u4ee5\u9001\u51fa\u53bb\u55ceQQ\u300a\u8056\u8a95\u4ea4\u63db\u79ae\u7269\u4f01\u5283\u300b| \u5b89\u557e (\u309d\u2200\uff65) \u2661",
        "description": "\u660e\u660e\u505a\u904e\u5f88\u591a\u6b21\u7cd6\u971c\u9905\u4e7e\u4e86\u8aaa\uff01\uff01\n\u27ab \u8a02\u95b1\u5b89\u557e\uff1ahttps://goo.gl/KmLFgD\n\u27ab \u5b89\u557eIG\uff1ahttps://www.instagram.com/anjouclever/\n\u27ab \u5b89\u557eFB\uff1ahttps://www.facebook.com/anjoupikachu/\n\ud83d\udc39 \u73a9\u5177\u958b\u7bb1\u5168\u96c6\uff1ahttps://goo.gl/91ulRJ\n\n#\u9913\u9130\u9913\u9130\u8056\u8a95\u8591\u9905\u5c4b\n\u9ec3\u6c0f\u5144\u5f1f\uff1ahttps://youtu.be/APLhUc4osEA\n\u898b\u7fd2\u7db2\u7f8e\u5c0f\u5433\uff1ahttps://youtu.be/QRElg2qYOZM\n\u9b5a\u4e7e\uff1ahttps://youtu.be/odAet4YkPwY\n\u5b89\u557e\uff1ahttps://youtu.be/U8Ka3WHN1do\n\u58f9\u52a0\u58f9\uff1ahttps://youtu.be/bEFff4B1ar4\n\u773e\u91cf\u7d1a\uff1ahttps://youtu.be/PXAIsv_FUqw\n\u83dc\u55b3\uff1ahttps://youtu.be/un8_lOMFOs0\n\u767d\u7661\u516c\u4e3b\uff1ahttps://youtu.be/Kd0xzUM73Q0\n\u4e0a\u73ed\u4e0d\u8981\u770b\uff1ahttps://youtu.be/_6ARvhhR8fw\n\n\u27a8\u5176\u4ed6\u5b89\u557e\u5f71\u7247\n1/2\u7e2e\u5c0f\u7248\u626d\u86cb\u6a5f \u2606 \u626d\u5230\u4ec0\u9ebc\u5c31\u5403\u4ec0\u9ebc\u7684\u523a\u6fc0\u73a9\u6cd5?!\n\u21e2 https://goo.gl/tSJlNG\n\u6dbc\u9eb5\u6c34\u6a02\u5712 - \u6d41\u6c34\u7d20\u9eb5\u5f9e\u9ad8\u4f4e\u5dee56cm\u7684\u6ed1\u6c34\u9053\u6e9c\u4e0b\u4f86\u4e86\uff01\n\u21e2 https://goo.gl/tgYRy1\n\u3010\u77e5\u80b2\u83d3\u5b50\u3011\u99ac\u6876\u6e05\u6dbc\u98f2\u6599\uff01\u7121\u6cd5\u62db\u67b6\u7684\u5473\u9053\uff01\n\u21e2 https://goo.gl/n0nnyQ\n\u6d77\u5e95\u7e3d\u52d5\u54e12 - Finding Dory \u2606 \u591a\u8389\u5609\u5e74\u83ef\uff01\u9084\u6709\u597d\u591a\u9b5a\u53cb\u5011\uff01\n\u21e2 https://goo.gl/oAn42q\n\u6703\u5b78\u4f60\u8aaa\u8a71\u7684\u840c\u840c\u5c0f\u5009\u9f20 - \u8981\u6210\u70ba\u4e00\u4f4d\u6559\u5b97\u4e0d\u662f\u90a3\u9ebc\u7c21\u55ae\u7684\u4e8b\u60c5!!\n\u21e2 https://goo.gl/8WZaZT\n\nBGM\u4f86\u6e90\uff1ahttp://dova-s.jp/\n\u97f3\u6548\u4f86\u6e90\uff1ahttp://musicisvfr.com/free/index.html",
        "likeCount": "10164",
        "commentCount": "418",
        "viewCount": "377780"
    },
    "comments": [
        {
            "reply_id": "UgyL7tTKGOa2cggUsIF4AaABAg",
            "reply_content": "\u4e00\u7247\u4e00\u7247\u4ea4\u904e\u53bb\u4e5f\u592a\u597d\u7b11"
        },
        {
            "reply_id": "UgyXW6N8YEbMpbFY_Qx4AaABAg",
            "reply_content": "\u5b89\u557e\u592a\u5306\u5fd9\u4e86 \u597d\u53ef\u60dc\n\u4f46\u88fd\u4f5c\u8591\u9905\u5c4b\u904e\u7a0b\u4e5f\u5f88\u53ef\u611b"
        },
        {
            "reply_id": "UgwT2ppUhcHSIKjtw2p4AaABAg",
            "reply_content": "\u5b89\u557e\u597d\u7f8e\u5594"
        },
        {
            "reply_id": "Ugw4ZpbfNyK4Ri_uZT54AaABAg",
            "reply_content": "\u770b\u5230\u5be6\u5728\u4e0d\u80fd\u7406\u89e3\u70ba\u4f55\u53ea\u6709\u5c0f\u5433\u88ab\u7f75\u963f"
        },
        {
            "reply_id": "Ugxj30bb70SQaU_r7WR4AaABAg",
            "reply_content": "\u4e09\u5c0f"
        },
        {
            "reply_id": "UgxNBvd_kZzA8LrbmLd4AaABAg",
            "reply_content": "\u53ef\u4ee5\u91cd\u505a\u554a\u53c8\u6c92\u6709\u898f\u5b9a\u4f60\u4e0d\u80fd\u91cd\u505a\u554a"
        },
        {
            "reply_id": "UgzpUdn1H7bz8ANHgsh4AaABAg",
            "reply_content": "\u6211\u5011\u5c31\u7576\u505a\u88ab\u96ea\u5d29\u4fb5\u8972\u904e\u5f8c\u7684\u8591\u9905\u5c4b\u5427\uff01\n\u4f46\u662f\u5982\u679c\u7cd6\u971cok\u5176\u5be6\u5b89\u557e\u505a\u7684\u8d85\u7f8e\u7684~\n\u60f3\u5230\u4e4b\u524d\u842c\u8056\u7bc0\u5b89\u557e\u505a\u7684\u9905\u4e7e\u8d85\u6f02\u4eae\u2764\ufe0f"
        },
        {
            "reply_id": "UgxTysmoi2xfv600O_14AaABAg",
            "reply_content": "\u8b9a"
        },
        {
            "reply_id": "Ugx9BaPFSjrps_okC_p4AaABAg",
            "reply_content": "\u5176\u5be6\u6211\u4e5f\u883b\u559c\u6b61\u5403\u8591\u9905\u5c4b\u7684 \u4f46\u662f\u7f8e\u5bb9\u6309\u6469"
        },
        {
            "reply_id": "UgycxDQhK2AYYTPANUB4AaABAg",
            "reply_content": "\u4ef0\u671b\u661f\u7a7a\u6d3e"
        },
        {
            "reply_id": "UgzBvUVwimxWfuVCMcZ4AaABAg",
            "reply_content": "\u53ea\u597d\u51fa\u52d5\u5feb\u4e7e"
        },
        {
            "reply_id": "UgyLKYkMR7-ztHpiWtJ4AaABAg",
            "reply_content": "\u65b0\u5e74\u5feb\u6a02\u554a\u554a\u554a\u554a"
        },
        {
            "reply_id": "UgwMHptw9MFPl4ljxuV4AaABAg",
            "reply_content": "\u5b89\u557e\u8fd1\u671f\u6700\u597d\u7b11\u7684\u5f71\u7247"
        },
        {
            "reply_id": "UgyUxHwMHfJPRQpnkRJ4AaABAg",
            "reply_content": "\u56fa\u5b9a\u4f4f\u7684\u6a23\u5b50\u5176\u5be6\u883b\u6f02\u4eae\u7684\n\u53ef\u60dc\u7cd6\u971c\u505a\u5931\u6557"
        },
        {
            "reply_id": "Ugyok0gCHhaOtl8_yOB4AaABAg",
            "reply_content": "\u9019\u500b\u771f\u7684\u4e0d\u7528\u91cd\u505a\u55ce\uff1f\n\u7562\u7adf\u662f\u9001\u5225\u4eba\u7684\u79ae\u7269"
        },
        {
            "reply_id": "UgxLqgCWrjlha7z8fth4AaABAg",
            "reply_content": "\u5b89\u557e\u6d41\u8591\u9905\u9b3c\u5c4b\uff01"
        },
        {
            "reply_id": "Ugyz-CRzqt4T-jQhoVR4AaABAg",
            "reply_content": "\u6bcf\u6b21\u770b\u5b89\u557e\u624b\u4f5c\u90fd\u671f\u5f85\u5b89\u557e\u7684\u7642\u7652\u5d29\u6f70\n\u4f46\u662f\u9019\u6b21\u771f\u5fc3\u89ba\u5f97\u8591\u9905\u5c4b\u5f88\u53ef\u60dc\n\u534a\u6210\u54c1\u7684\u6642\u5019\u660e\u660e\u5f88\u7f8e\ud83d\ude16\ud83d\ude16\ud83d\ude16"
        },
        {
            "reply_id": "Ugx--Zn7UYaTgSwtKNZ4AaABAg",
            "reply_content": "\u53ef\u4ee5\u8a66\u8a66\u767d\u5de7\u514b\u529b\u878d\u5316"
        },
        {
            "reply_id": "UgyK8SRsGR5jTrXnsOJ4AaABAg",
            "reply_content": "\u671f\u5f85\u91cd\u505a \u611f\u89ba\u5f88\u53ef\u611b"
        },
        {
            "reply_id": "UgxPW3y2o6h79H1hcTJ4AaABAg",
            "reply_content": "\u770b\u5230\u5c0f\u5433\u7684\u88dc\u6551\u5f71\u7247\uff0c\u611f\u89ba\u5b89\u557e\u505a\u7684\u22ef\u6211\u89ba\u5f97\u5982\u679c\u662f\u6211\u6536\u5230\u6211\u4e5f\u6703\u8d85\u4e0d\u958b\u5fc3\u7684\u22ef\u91cd\u9ede\u662f\u9084\u62cd\u6210\u5f71\u7247\u8ddf\u5927\u5bb6\u8aaa\u81ea\u5df1\u7684\u96a8\u4fbf\u22ef"
        }
    ]
}