{
    "video_info": {
        "id": "us44vzfLPQU",
        "channelTitle": "\u5b89\u557e\u54aa",
        "title": "\u53f0\u7063\u5510\u5409\u8a36\u5fb7\u7d42\u65bc\u958b\u5e55\uff01\u6436\u5148\u653b\u7565\ud83d\udd25CP\u503c\u6700\u9ad8\u7684\u5546\u54c1\u5011\u5927\u516c\u958b\uff01| \u5b89\u557e (\u309d\u2200\uff65) \u2661",
        "description": "\u6211\u7684\u809d\u5728\u53eb\n\u27ab \u8a02\u95b1\u5b89\u557e\uff1ahttps://goo.gl/KmLFgD\n\u27ab \u5b89\u557eIG\uff1ahttps://www.instagram.com/anjouclever/\n\u27ab \u5b89\u557eFB\uff1ahttps://www.facebook.com/anjoupikachu/\n\ud83d\udc39 \u73a9\u5177\u958b\u7bb1\u5168\u96c6\uff1ahttps://goo.gl/91ulRJ\n\n\u27a8\u5176\u4ed6\u5b89\u557e\u5f71\u7247\n1/2\u7e2e\u5c0f\u7248\u626d\u86cb\u6a5f \u2606 \u626d\u5230\u4ec0\u9ebc\u5c31\u5403\u4ec0\u9ebc\u7684\u523a\u6fc0\u73a9\u6cd5?!\n\u21e2 https://goo.gl/tSJlNG\n\u6dbc\u9eb5\u6c34\u6a02\u5712 - \u6d41\u6c34\u7d20\u9eb5\u5f9e\u9ad8\u4f4e\u5dee56cm\u7684\u6ed1\u6c34\u9053\u6e9c\u4e0b\u4f86\u4e86\uff01\n\u21e2 https://goo.gl/tgYRy1\n\u3010\u77e5\u80b2\u83d3\u5b50\u3011\u99ac\u6876\u6e05\u6dbc\u98f2\u6599\uff01\u7121\u6cd5\u62db\u67b6\u7684\u5473\u9053\uff01\n\u21e2 https://goo.gl/n0nnyQ\n\u6d77\u5e95\u7e3d\u52d5\u54e12 - Finding Dory \u2606 \u591a\u8389\u5609\u5e74\u83ef\uff01\u9084\u6709\u597d\u591a\u9b5a\u53cb\u5011\uff01\n\u21e2 https://goo.gl/oAn42q\n\u6703\u5b78\u4f60\u8aaa\u8a71\u7684\u840c\u840c\u5c0f\u5009\u9f20 - \u8981\u6210\u70ba\u4e00\u4f4d\u6559\u5b97\u4e0d\u662f\u90a3\u9ebc\u7c21\u55ae\u7684\u4e8b\u60c5!!\n\u21e2 https://goo.gl/8WZaZT\n\nBGM\u4f86\u6e90\uff1ahttp://dova-s.jp/\n\u97f3\u6548\u4f86\u6e90\uff1ahttp://musicisvfr.com/free/index.html",
        "likeCount": "20770",
        "commentCount": "1052",
        "viewCount": "773530"
    },
    "comments": [
        {
            "reply_id": "UgxxRH1f200acw8eEal4AaABAg",
            "reply_content": "\u807d\u8aaa\u4eba\u6f6e\u5230\u51cc\u6668\u9084\u662f\u7206\u6eff\ud83e\udd7a\uff0c\n\u5728\u9019\u88e1\u63d0\u9192\u4e00\u4e0b\uff0c\n\u60f3\u8981\u524d\u5f80\u7684\u5927\u5bb6\uff0c\u4e00\u5b9a\u8981\u8a18\u5f97\u6ce8\u610f\u5b89\u5168\uff0c\u597d\u597d\u914d\u6234\u53e3\u7f69\uff0c\u4fdd\u8b77\u81ea\u5df1\u4e5f\u4fdd\u8b77\u4ed6\u4eba\uff01\n-\n\u5f88\u80fd\u660e\u767d\u5404\u4f4d\u64d4\u6182\u75ab\u60c5\u64f4\u5927\u7684\u5fc3\u60c5\uff0c\n\u7576\u66421/18\u9084\u6c92\u6709\u65b0\u589e\u793e\u5340\u611f\u67d3\uff0c\u6240\u4ee5\u9084\u662f\u9032\u884c\u4e86\u9019\u6b21\u7684\u62cd\u651d\uff0c\u628a\u8cc7\u8a0a\u5e36\u7d66\u5927\u5bb6\u5f8c\uff0c\u6211\u76ee\u524d\u80fd\u505a\u7684\u5c31\u662f\u76e1\u91cf\u547c\u7c72\u5927\u5bb6\uff0c\u53ef\u4ee5\u904e\u6bb5\u671f\u9593\u7b49\u75ab\u60c5\u7de9\u548c\u5f8c\u518d\u4f86\u6d88\u8cbb\uff0c\u8b1d\u8b1d\u5404\u4f4d\u7684\u63d0\u9192\uff0c\u4efb\u4f55\u610f\u898b\u6211\u90fd\u865b\u5fc3\u63a5\u53d7\u6307\u6559\u3002\n\n\u4e8b\u524d\u6211\u548c\u5b98\u65b9\u722d\u53d6\u62cd\u651d\uff0c\u4e5f\u505a\u4e86\u5f88\u591a\u7684\u6bd4\u50f9\u529f\u8ab2\u3001\u8abf\u67e5\u5230\u5e95\u6709\u54ea\u4e9b\u71b1\u8ce3\u5546\u54c1\u503c\u5f97\u63a8\u85a6\uff0c\u518d\u53bb\u73fe\u5834\u89c0\u5bdf\u5f8c\uff0c\u628a\u6211\u8a8d\u70ba\u6700\u5be6\u7528\u7684\u8cc7\u8a0a\u5168\u90e8\u90fd\u6fc3\u7e2e\u572811\u5206\u9418\u7684\u5f71\u7247\u4e4b\u4e2d\uff0c\u96d6\u4ecd\u6709\u8a31\u591a\u53ef\u4ee5\u6539\u9032\u7684\u5730\u65b9\uff0c\u4f46\u771f\u7684\u4e0d\u662f\u50c5\u50c5\u60f3\u8ddf\u98a8\u800c\u96a8\u610f\u4e0a\u7247\u3002\n\n\u5e97\u5bb6\u4e00\u76f4\u90fd\u6703\u5728\uff0c\u75ab\u60c5\u8b8a\u5316\u83ab\u6e2c\uff0c\u8acb\u5927\u5bb6\u9075\u5faa\u9632\u75ab\u4e2d\u5fc3\u6307\u793a\uff0c\u4e86\u89e3\u9019\u4e9b\u8cc7\u8a0a\u4ee5\u5f8c\uff0c\u665a\u9ede\u518d\u53bb\u901b\u4e5f\u4e0d\u9072\u7684\uff01"
        },
        {
            "reply_id": "Ugz_cYTinThjeQBMOD54AaABAg",
            "reply_content": "\u4e0d\u77e5\u9053\u73fe\u5728\u662f\u4e0d\u662f\u9084\u662f\u4eba\u5f88\u591a\uff1f\uff1f\uff1f \u771f\u5e0c\u671b\u53f0\u4e2d\u5e97\u8d95\u5feb\u958b\u5e55 \u6700\u597d\u9ad8\u96c4\u4e5f\u80fd\u958b\u4e00\u5bb6\uff01"
        },
        {
            "reply_id": "UgwhB6thH5BGelKW6oh4AaABAg",
            "reply_content": "\u770b\u4e86\u6771\u68ee\u65b0\u805e\uff0c\u56de\u982d\u770b\"\u7cd6\u7d1a\u559d\uff01\u5f97\"\u7684\u5538\u6cd5\u624d\u5c0dXD \u5e0c\u671b\u6f14\u7b97\u6cd5\u80fd\u66f4\u591a\u4eba\u770b\u5230\u54c8\u54c8"
        },
        {
            "reply_id": "UgxQnronMhktYwoTCgN4AaABAg",
            "reply_content": "\u6211\u662f\u53f0\u4e2d\u4eba\uff0c\u5927\u524d\u5929\u624d\u53bb\u904e\uff0c\u5f88\u559c\u6b61\u4ed6\u7684\u6d17\u8166\u6b4c"
        },
        {
            "reply_id": "UgyVvsLcAFXl3U0oc0d4AaABAg",
            "reply_content": "\u770b\u5230\u6728\u66dc\u56db\u8d85\u73a9\u7684\u5718\u968a"
        },
        {
            "reply_id": "UgyiQFsxtXx-mS8qK2h4AaABAg",
            "reply_content": "\u6709\u770b\u5230\u963f\u90e8\u7684\u5f71\u7247\uff0c\u662f\u540c\u4e00\u5929\u55ce\uff1f"
        },
        {
            "reply_id": "UgxFiUAMsF78QaZ7qul4AaABAg",
            "reply_content": "\u662f \u5802\u5409\u8a36\u5fb7 \u90a3\u500b\u5b57\u5538\u559d"
        },
        {
            "reply_id": "Ugws0YLoCQN7MZG6m894AaABAg",
            "reply_content": "\u61c7\u6c42\u8cb4\u5e97\u4f86\u53f0\u4e2d\u5e02\u6771\u5340\u958b\u5e97\u3002"
        },
        {
            "reply_id": "UgzPNs7EzuwMszWTb3p4AaABAg",
            "reply_content": "\u5de5\u4f5c\u5fd9\u788c\u95dc\u4fc2\u4e00\u76f4\u60f3\u53bb \u8b1d\u8b1d\u59b3\u4ecb\u7d39"
        },
        {
            "reply_id": "Ugy_tKGw7P0TMrPOQ9F4AaABAg",
            "reply_content": "\u6211\u53bb\u904e"
        },
        {
            "reply_id": "Ugy8aIT5P5QrZwexNGx4AaABAg",
            "reply_content": "\u70ba\u4ec0\u9ebc\u8ddf\u6211\u53bb\u7684\u6642\u5019\u9577\u5f97\u4e0d\u592a\u4e00\u6a23\u54c8\u54c8"
        },
        {
            "reply_id": "Ugy4a0hrZdSKTUl5UwZ4AaABAg",
            "reply_content": "\u6211\u5011\u9999\u6e2f\u7adf\u7136\u6e96\u5099\u958b\u7b2c\u516b\u9593\u4e86 \u5230\u8655\u90fd\u662f"
        },
        {
            "reply_id": "Ugxdn9liwhMG30GFUpZ4AaABAg",
            "reply_content": "\u8072\u97f3\u592a\u5c16\u4e86\uff0c\u8033\u6735\u4e0d\u8607\u80e1"
        },
        {
            "reply_id": "Ugy9nLSpC4FdG2J7aFV4AaABAg",
            "reply_content": "\u525b\u525b\u901b\u4e86\u9084\u883b\u597d\u901b\u7684"
        },
        {
            "reply_id": "Ugw5-O9Upd4nAknlIb94AaABAg",
            "reply_content": "\u4f60\u4e0b\u6b21\u62cd\u66f4\u8863\u7247"
        },
        {
            "reply_id": "Ugy7GpB8qoY7dMceti14AaABAg",
            "reply_content": "\u5c0f\u5c0f\u557e\u7684\u5074\u81c9\u597d\u7f8e\u5594\uff01\ud83d\udc95"
        },
        {
            "reply_id": "UgztbfJ767qhAM2xf-h4AaABAg",
            "reply_content": "\u5b89\u557e\u8981\u66f4\u65b0\u4e86\u55ce\ud83e\udd15"
        },
        {
            "reply_id": "Ugz41GivmdGXJ2-5cnZ4AaABAg",
            "reply_content": "\u771f\u7fa8\u6155 \u53f0\u5317\u6709\u9019\u9ebc\u591a\u65b0\u5e97\u53ef\u4ee5\u901b \u5f70\u5316\u9023\u500b\u597d\u5e02\u591a\u90fd\u6c92\u6709"
        },
        {
            "reply_id": "UgyGhPGwY8NEWiEMtm54AaABAg",
            "reply_content": "\u70ba\u4ec0\u9ebc\u6211\u90fd\u627e\u4e0d\u5230\ud83d\ude02\u600e\u9ebc\u8d70\u554a?"
        },
        {
            "reply_id": "UgwxrXYvP9ubSODv1BR4AaABAg",
            "reply_content": "\u51fa\u7247"
        }
    ]
}