{
    "video_info": {
        "id": "uTH6jKWpO2g",
        "channelTitle": "\u5b89\u557e\u54aa",
        "title": "\u89d2\u843d\u5c0f\u5925\u4f34\u5168\u54c1\u9805\u5236\u9738\uff01\u6700\u65b0\u76847-11\u96c6\u9ede\u5546\u54c1\u5230\u5e95\u5be6\u4e0d\u5be6\u7528\uff1f\uff01| \u5b89\u557e (\u309d\u2200\uff65) \u2661",
        "description": "\u8d85\u53ef\u611b\u7684\u89d2\u843d\u5c0f\u5925\u4f34\uff01\u7c89\u7c89\u5ae9\u5ae9\u7684\u5b8c\u5168\u7121\u6cd5\u62db\u67b6QQ\n\n\ud83c\udf38 7-ELEVEN \u3010\u89d2\u843d\u5c0f\u5925\u4f34-\u5154\u5b50\u7684\u5947\u5e7b\u82b1\u5712\u7cfb\u5217 \u6625\u65e5\u767b\u5834\u3011\n\u300a2022/4/6\u4e0b\u5348\u4e09\u9ede - 4/7 \u9650\u6642\u8ca9\u552e\u300b\n\u81f3\u9580\u5e02\u6d88\u8cbb\u4e0d\u9650\u91d1\u984d\uff0c\u7d50\u5e33\u6642\u5831\u6703\u54e1\u624b\u6a5f\u865f\u78bc\u5373\u53ef\u52a0\u50f9\u8cfc\n\n\ud83c\udf38  \u66f4\u591a\u4ecb\u7d39\u548c\u6d3b\u52d5\u8a73\u60c5 \u27ab  https://www.7-11.com.tw/event/22sumikkogurashi/index.aspx\n\n\u27ab \u8a02\u95b1\u5b89\u557e\uff1ahttps://goo.gl/KmLFgD\n\u27ab \u5b89\u557eIG\uff1ahttps://www.instagram.com/anjouclever/\n\u27ab \u5b89\u557eFB\uff1ahttps://www.facebook.com/anjoupikachu/\n\ud83d\udc39 \u73a9\u5177\u958b\u7bb1\u5168\u96c6\uff1ahttps://goo.gl/91ulRJ",
        "likeCount": "2795",
        "commentCount": "112",
        "viewCount": "70903"
    },
    "comments": [
        {
            "reply_id": "UgzaONlnVntQvftRiot4AaABAg",
            "reply_content": "\u53e3\u611b"
        },
        {
            "reply_id": "Ugyod8CZ3w1yN0mq1kN4AaABAg",
            "reply_content": "\u89d2\u843d\u751f\u7269\u6211\u53ea\u60f3\u5f97\u5230\u89d2\u843d\u751f\u7269\u77e5\u80b2\u83d3\u5b50\n\u554a\u54c8 \u963f\u5c0a \u600e\u9ebc\u6703\u8b8a\u6210\u9019\u6a23\u554a"
        },
        {
            "reply_id": "UgxUyi_OLt5vnS0mO_F4AaABAg",
            "reply_content": "\u4e4b\u524d\u770b\u5230\u9019\u500b\u96c6\u9ede\u4e5f\u89ba\u5f97\u5f88\u53ef\u611b\uff01\u96d6\u7136\u5f88\u591a\u5546\u54c1\u6b3e\u5f0f\u4ee5\u524d\u90fd\u6709\u51fa\u904e\uff0c\u4e0d\u904e\u4e0d\u93fd\u92fc\u676f\u5f88\u4fbf\u5b9c\u597d\u5438\u5f15\u6211\ud83d\ude2d\u66f8\u672c\u4fbf\u7576\u76d2\u4ee5\u524d\u4e5f\u51fa\u904e\uff0c\u96d6\u7136\u5bb9\u91cf\u5c0f\u4f46\u771f\u7684\u597d\u53ef\u611b> <"
        },
        {
            "reply_id": "UgyBg1PgU0LvMiPtxaB4AaABAg",
            "reply_content": "\u8d85\u53ef\u611b"
        },
        {
            "reply_id": "UgyVVq8uF9Sq6GxS6Hh4AaABAg",
            "reply_content": "\u5b89\u557e\u61c9\u8a72\u4e5f\u8981\u6234\u4e0a\u5154\u8033\u4e00\u8d77\u53ef\u611b\ud83d\ude06"
        },
        {
            "reply_id": "UgxgimG3USUPoFokJbR4AaABAg",
            "reply_content": "\u5f88\u8a8d\u771f\u7528\u5fc3\u696d\u914d"
        },
        {
            "reply_id": "Ugwzzwx6CLiYWjEdbv14AaABAg",
            "reply_content": "\u53ef\u611b\u7684\u89d2\u843d\u5c0f\u5925\u4f34"
        },
        {
            "reply_id": "UgzZtGpAt4mg5yeXtXF4AaABAg",
            "reply_content": "\u5b89\u557e\u771f\u7684\u597d\u7f8e\ud83e\udd70"
        },
        {
            "reply_id": "Ugz9lfTjg5P2r858dmp4AaABAg",
            "reply_content": "\uff01\uff01\u5730\u588a\u662f\u73ea\u85fb\u571f\u7684\u5594"
        },
        {
            "reply_id": "Ugwo11Iank-lGL8K8HB4AaABAg",
            "reply_content": "\u6211\u4ee5\u70ba\u662f\u62cd\u7acb\u5f97\u5687\u6b7b"
        },
        {
            "reply_id": "UgwoZFN4yT3s-XVfL4V4AaABAg",
            "reply_content": "\u597d\u53ef\u611b\u5594"
        },
        {
            "reply_id": "UgxhupLN20cd9SDugp14AaABAg",
            "reply_content": "\u5b89\u557e\u5973\u795e\u6700\u8fd1\u62cd\u7247\u901f\u5ea6\u597d\u5feb"
        },
        {
            "reply_id": "UgzJ57UeaGzIVL69k2J4AaABAg",
            "reply_content": "\u5b89\u557e\u642d\u914d\u91ce\u9910\u5f88\u5922\u5e7b\ud83c\udf38\ud83c\udf3c"
        },
        {
            "reply_id": "UgwWUsaR9LL68-k5qul4AaABAg",
            "reply_content": "\u70b8\u8766\u626e\u6210\u5154\u5b50\u592a\u53ef\u611b\u4e86\u5427\uff01\u8b1d\u8b1d\u5b89\u557e\u4ecb\u7d39\uff5e\n\u5c0f\u888b\u5b50\u61c9\u8a72\u662f\u653e\u4fdd\u51b7\u5291\u7684\u5427XD"
        },
        {
            "reply_id": "UgwiZmyn3CFhFqdsKdZ4AaABAg",
            "reply_content": "\u71b1\u58d3\u5410\u53f8\u6a5f\u597d\u68d2\u5594\uff01"
        },
        {
            "reply_id": "UgzGkxPctZUQ-fnlPDR4AaABAg",
            "reply_content": "\u795d\u5b89\u557e\u59ca\u59ca\u91ce\u9910\u6109\u5feb\uff01"
        },
        {
            "reply_id": "UgxI1cP0Jx7UDyjrKJx4AaABAg",
            "reply_content": "\u771f\u7684\u597d\u53ef\u611b\u6211\u7684\u5929"
        },
        {
            "reply_id": "Ugy6yfnMqjWUE5pMNal4AaABAg",
            "reply_content": "\u9084\u597d\u91ce\u9910\u6c92\u4e0b\u96e8\uff0c\u4e0d\u7136\u5c31\u5f88\u5c37\u5c2c\u4e86!!"
        },
        {
            "reply_id": "UgwA8xczFlhU3w7mm1x4AaABAg",
            "reply_content": "\u771f\u68d2"
        },
        {
            "reply_id": "Ugzwu0ZqZZ2MfjBc9sF4AaABAg",
            "reply_content": "\u5b89\u557e\u4ecb\u7d39\u5f97\u597d\u597d~\u4e00\u500b\u4e00\u500b\u4ecb\u7d39\u7528\u9014 \u9084\u4e32\u6210\u4e00\u7cfb\u5217\u91ce\u9910\u6d41\u7a0bXD"
        }
    ]
}