{
    "video_info": {
        "id": "VtJw7UgFWUQ",
        "channelTitle": "\u5b89\u557e\u54aa",
        "title": "\u505a\u51fa\u89d2\u843d\u751f\u7269\u6c34\u679c\u51b0\u68d2\ud83c\udf53\uff01\u770b\u8d77\u4f86\u8d85\u7c21\u55ae\u7684\u6a21\u5177\u537b...\uff1f| \u5b89\u557e (\u309d\u2200\uff65) \u2661",
        "description": "\u590f\u5929\u8981\u4f86\u4e86\u55ce\n\u27ab \u8a02\u95b1\u5b89\u557e\uff1ahttps://goo.gl/KmLFgD\n\u27ab \u5b89\u557eIG\uff1ahttps://www.instagram.com/anjouclever/\n\u27ab \u5b89\u557eFB\uff1ahttps://www.facebook.com/anjoupikachu/\n\ud83d\udc39 \u73a9\u5177\u958b\u7bb1\u5168\u96c6\uff1ahttps://goo.gl/91ulRJ\n\n\u27a8\u5176\u4ed6\u5b89\u557e\u5f71\u7247\n1/2\u7e2e\u5c0f\u7248\u626d\u86cb\u6a5f \u2606 \u626d\u5230\u4ec0\u9ebc\u5c31\u5403\u4ec0\u9ebc\u7684\u523a\u6fc0\u73a9\u6cd5?!\n\u21e2 https://goo.gl/tSJlNG\n\u6dbc\u9eb5\u6c34\u6a02\u5712 - \u6d41\u6c34\u7d20\u9eb5\u5f9e\u9ad8\u4f4e\u5dee56cm\u7684\u6ed1\u6c34\u9053\u6e9c\u4e0b\u4f86\u4e86\uff01\n\u21e2 https://goo.gl/tgYRy1\n\u3010\u77e5\u80b2\u83d3\u5b50\u3011\u99ac\u6876\u6e05\u6dbc\u98f2\u6599\uff01\u7121\u6cd5\u62db\u67b6\u7684\u5473\u9053\uff01\n\u21e2 https://goo.gl/n0nnyQ\n\u6d77\u5e95\u7e3d\u52d5\u54e12 - Finding Dory \u2606 \u591a\u8389\u5609\u5e74\u83ef\uff01\u9084\u6709\u597d\u591a\u9b5a\u53cb\u5011\uff01\n\u21e2 https://goo.gl/oAn42q\n\u6703\u5b78\u4f60\u8aaa\u8a71\u7684\u840c\u840c\u5c0f\u5009\u9f20 - \u8981\u6210\u70ba\u4e00\u4f4d\u6559\u5b97\u4e0d\u662f\u90a3\u9ebc\u7c21\u55ae\u7684\u4e8b\u60c5!!\n\u21e2 https://goo.gl/8WZaZT\n\nBGM\u4f86\u6e90\uff1ahttp://dova-s.jp/\n\u97f3\u6548\u4f86\u6e90\uff1ahttp://musicisvfr.com/free/index.html",
        "likeCount": "9303",
        "commentCount": "312",
        "viewCount": "314686"
    },
    "comments": [
        {
            "reply_id": "UgyD28A295bFGLQp0NR4AaABAg",
            "reply_content": "\u671d\u8056\u6559\u4e3b\u7684\u5f71\u50cf\u7d00\u9304\uff01"
        },
        {
            "reply_id": "UgyLLtK7HIgs-Sdkl5V4AaABAg",
            "reply_content": "\u8b9a"
        },
        {
            "reply_id": "UgzIOSPy1dJiURzi5yl4AaABAg",
            "reply_content": "\u5c0a\uff1a\u9019\u5c31\u662f\u53ef\u4ee5\u8ce3\u4f60\u5011\u5e7e\u767e\u584a\u7684ip"
        },
        {
            "reply_id": "Ugz_-aIgoF0F8n1dsY94AaABAg",
            "reply_content": "\u6211\u60f3\u5403"
        },
        {
            "reply_id": "UgzJwv5Waj-Bss_unSB4AaABAg",
            "reply_content": "\u54c8"
        },
        {
            "reply_id": "UgzvpvYiUiV-xieoNgp4AaABAg",
            "reply_content": "\u597d\u60f3\u5403"
        },
        {
            "reply_id": "UgxELRyZ5aQqQXqCvs94AaABAg",
            "reply_content": "\u597d\u53ef\u611b"
        },
        {
            "reply_id": "Ugyr7XSiNohDaeaj_YJ4AaABAg",
            "reply_content": "\u4e00"
        },
        {
            "reply_id": "Ugzs_zf1AOujVCspxuB4AaABAg",
            "reply_content": "\u770b\u8d77\u4f86\u8d85\u597d\u5403"
        },
        {
            "reply_id": "UgzVJDXl45wDKtjyVWd4AaABAg",
            "reply_content": "\u4e00\u5b9a\u5f88\u597d\u5403\u7684"
        },
        {
            "reply_id": "Ugws7sCkPuLmeF76nCN4AaABAg",
            "reply_content": "\u53ef\u4ee5\u518d\u4e0a\u4e00\u9ede\u3113\u3129\u02cb\u88f9\u5b50\u7684\u5f71\u7247\u55ce"
        },
        {
            "reply_id": "UgwIwwRI7TgDnjLg1Eh4AaABAg",
            "reply_content": "\u597d\u559c\u6b61\u5b89\u557e\u7684\u81ea\u6211\u5410\u69fdXD\u6709\u9ede\u5c37\u5c2c\u53ef\u662f\u53c8\u597d\u53ef\u611b\u2764"
        },
        {
            "reply_id": "Ugybal3d_aF8l-SAbnZ4AaABAg",
            "reply_content": "\u5230\u5e95\u8ab0\u4e0d\u6703\u51b0\u51fa\u5f62\u72c0\u4f86ww"
        },
        {
            "reply_id": "UgwMz6RwnY5bLxVYcYx4AaABAg",
            "reply_content": "\u54c8\u54c8\u54c8\u54c8\u592a\u53ef\u7231\u4e86\uff0c\u5b89\u557e\u8d85\u5446\u840c"
        },
        {
            "reply_id": "Ugw1ihZFwhD0gyw7rTF4AaABAg",
            "reply_content": "\u597d\u4e45\u6c92\u4f86\u770b\u4e86\n\u6211\u662f\u4ee5\u524d\u525b\u958b\u6c92\u591a\u4e45\u5c31\u770b\u4e86\n\u5e33\u865f\u4e0d\u898b\u75db\u82e6"
        },
        {
            "reply_id": "Ugy-5sBaEcPrxHNc0H54AaABAg",
            "reply_content": "\u5b89\u557e\u4f60\u6709\u8981\u53bb\u770b\u5eab\u6d1b\u5c55\u55ce\uff0c\u6709\u53bb\u53c3\u52a0"
        },
        {
            "reply_id": "Ugzi0L66VxnJRA5K92F4AaABAg",
            "reply_content": "\u60f3\u8981\u77e5\u9053\u5b89\u557e\u7684\u9805\u934a~"
        },
        {
            "reply_id": "Ugyp0vjdOEKGoSGoq6V4AaABAg",
            "reply_content": "5\u5e74\u4f86\u6c92\u505c\u6b62\u770b\u904e\u5b89\u557e\u6bcf\u4e00\u652f\u5f71\u7247 \u6700\u65e9\u770b\u5f97\u5f71\u7247\u662f\u7834GAME\ud83e\udd23 \u89ba\u5f97\u4e5f\u662f\u6642\u5019\u8981\u7559\u8a00\u9f13\u52f5\u4e00\u4e0b\u4e86\uff08\u4e00\u76f4\u6c92\u6709\u7559\u8a00\u7fd2\u6163\u7684\u6211\uff09"
        },
        {
            "reply_id": "Ugw4sPMJtis1kyVaXf54AaABAg",
            "reply_content": "\u5b89\u557e\u597d\u53ef\u611b"
        },
        {
            "reply_id": "Ugwb0a4dC4og2LjT-OZ4AaABAg",
            "reply_content": "\u662f\u51b0\u8036\uff01\u5ee2\u8a71\uff0c\u54c8\u54c8\u54c8\u54c8\n\u9019\u53e5\u807d\u5230\u597d\u5e7e\u904d"
        }
    ]
}