{
    "video_info": {
        "id": "vWMpBplQPXU",
        "channelTitle": "\u5b89\u557e\u54aa",
        "title": "\u6df1\u5ea6\u904a\u4eac\u90fd\uff01\u8001\u5b57\u865f\u55ab\u8336\u5e97\u3001\u5bf6\u77f3\u62b9\u8336\u751c\u9ede\u3001\u53bb\u4e86\u5c31\u8b8a\u6f02\u4eae\u7684\u795e\u793e\uff01| \u5b89\u557e (\u309d\u2200\uff65) \u2661",
        "description": "\u5403\u4e86\u597d\u591a\u4eac\u90fd\u751c\u9ede\uff0c\u597d\u5feb\u6a02\n\n\u5b89\u557e x CASETiFY 85 \u6298\u512a\u60e0\u9ede\u9019\u88e1\uff1ahttp://casetify.com/anjou \n\u9664\u4e86\u9336\u5e36\u4e4b\u5916\uff0c\u5176\u4ed6\u6307\u5b9a\u624b\u6a5f\u6bbc\u3001\u80cc\u5e36\u7b49\u914d\u4ef6\u4e5f\u90fd\u670985\u6298\u512a\u60e0\u5594\uff01\n\uff08\u4f7f\u7528\u671f\u9650\uff5e2023 \u5e74 8 \u6708 21 \u65e5\uff09\n\uff08\u4e0d\u9069\u7528\u806f\u540d\u7cfb\u5217\u548c\u65b0\u7522\u54c1\uff09\n\n\u27ab \u8a02\u95b1\u5b89\u557e\uff1ahttps://goo.gl/KmLFgD\n\u27ab \u5b89\u557eIG\uff1ahttps://www.instagram.com/anjouclever/\n\u27ab \u5b89\u557eFB\uff1ahttps://www.facebook.com/anjoupikachu/\n\ud83d\udc39 \u73a9\u5177\u958b\u7bb1\u5168\u96c6\uff1ahttps://goo.gl/91ulRJ",
        "likeCount": "1953",
        "commentCount": "91",
        "viewCount": "59075"
    },
    "comments": [
        {
            "reply_id": "UgzE0jrrYdsVGTP5OZJ4AaABAg",
            "reply_content": "\u4e0d\u8aaa\u5c0f\u6642\u5019\u6709\u9ede\u50b7\u4eba \u6211\u73fe\u5728\u770b\u9084\u662f\u6bcf\u6b21\u90fd\u6703\u88ab\u7206\u64ca\u5230"
        },
        {
            "reply_id": "UgxnzJSl3IwA2m1A0694AaABAg",
            "reply_content": "\u59b3\u662f\u4e0d\u662f\u6cb3\u5317\u5f69\u82b1"
        },
        {
            "reply_id": "Ugzv4PwaCOmjpvu6rHZ4AaABAg",
            "reply_content": "\u7d42\u65bc\u6709\u6642\u9593\u4f86\u88dc\u770b\u5b89\u557e\u59ca\u7684\u5f71\u7247\u4e86~~~"
        },
        {
            "reply_id": "UgwGNU73Sduw7XBk71h4AaABAg",
            "reply_content": "\u597d\u4e45\u6c92\u770b\u5230\u5979\u66f4\u65b0\u5f71\u7247\u4e86,\u4e0d\u77e5\u9053\u5b89\u557e\u9084\u6703\u4e0d\u6703\u767c\u7247,\u597d\u60f3\u5979\ud83d\ude1f"
        },
        {
            "reply_id": "Ugx9HL54TtCkV4JmkH94AaABAg",
            "reply_content": "*\u4e0d\u77e5\u9053\u5b89\u67d4\u9084\u6703\u4e0d\u6703\u66f4\u65b0\u5f71\u7247\ud83e\udd7a*"
        },
        {
            "reply_id": "UgxU5ZxGuYxovkNFXpZ4AaABAg",
            "reply_content": "\u597d\u4e45\u6c92\u66f4\u65b0\u5e0c\u671b\u662f\u65e5\u672c\u518d\u4ecb\u7d39\u9ad8\u7d1a\u98ef\u5e97\u7cfb\u5f88\u597d\u770b\u9810\u7d04\u9084\u6709\u8a02\u6a5f\u7968\u611f\u89ba\u597d\u50cf\u9577\u5927\u4e86\u53c8\u770b\u4e00\u6b21\u65e5\u672c\u6709\u96ea\u662f\u597d\u770bAmanda\u4e2d\u570b\u9577\u767d\u5c71\u65c5\u904a\u770b\u597d\u5e7e\u6b21\u5f88\u7368\u7acb"
        },
        {
            "reply_id": "UgwpWNLNUMPYwX5uyqd4AaABAg",
            "reply_content": "\u5b89\u79cb\u9000\u4f11\u4e86\u55ce\uff1f"
        },
        {
            "reply_id": "Ugw1L4wT-LTWIAs23G54AaABAg",
            "reply_content": "\u5b89\u557e\u597d\u4e45\u6c92\u51fa\u7247\u4e86"
        },
        {
            "reply_id": "UgzvZ6aHFnMRMgWw7W94AaABAg",
            "reply_content": "\u597d\u4e45\u6c92\u66f4\u65b0\u4e86"
        },
        {
            "reply_id": "UgxXXllFIcnaWIdRcy54AaABAg",
            "reply_content": "\u4ee5\u70ba\u751c\u9ede\u4e0b\u9762\u662f\u53ef\u5403\u7684\u7cd5\u9ede"
        },
        {
            "reply_id": "UgxBmxIUTNzPRnE-_oZ4AaABAg",
            "reply_content": "\u5b89\u557e\u4e0d\u767c\u7247\u4e86"
        },
        {
            "reply_id": "UgxPVXSMdgr0ozYO7KN4AaABAg",
            "reply_content": "\u5b89\u557e\u597d\u6f02\u4eae"
        },
        {
            "reply_id": "UgyccaEAmRaBTdXf5gd4AaABAg",
            "reply_content": "\u9019\u4e5f\u662f\u65e5\u672c\u8d8a\u751a\u9ebc\u6703\u8b93\u65c5\u5ba2\u4e00\u53bb\u518d\u53bb\u7684\u539f\u56e0~\u54c1\u8cea\u3001\u5275\u610f\uff0c\u9084\u6709\u547c\u559a\u5b89\u557e\uff0c\u597d\u4e45\u6c92\u770b\u5230\u59b3\u4e86~!!"
        },
        {
            "reply_id": "UgzrOjvvI3sXXx9-x9h4AaABAg",
            "reply_content": "\u600e\u9ebc3\u500b\u6708\u9084\u6c92\u767c\u7247?"
        },
        {
            "reply_id": "UgyC5J8NHolDVKEGEyR4AaABAg",
            "reply_content": "\u771f\u7684\u5f88\u4e45\u66f4\u65b0"
        },
        {
            "reply_id": "UgzI1hfB-2beDcyZWnJ4AaABAg",
            "reply_content": "\u8fd8\u6ca1\u66f4\u65b0\u554a\uff0c\u7b49\u597d\u4e45\u3002"
        },
        {
            "reply_id": "UgzVwUB0tVa37Zz4FyZ4AaABAg",
            "reply_content": "\u61f7\u5ff5\u7684\u7d05\u77f3\u53e3\u888b"
        },
        {
            "reply_id": "UgwXf5TsXAMlv2yDoIp4AaABAg",
            "reply_content": "\u8001\u5a46\u600e\u9ebc\u90fd\u4e0d\u66f4\u65b0\u4e86"
        },
        {
            "reply_id": "Ugxz_U8VK1kX5eDBbCF4AaABAg",
            "reply_content": "\u5b89\u557e\u7684\u8072\u97f3\u771f\u7684\u597d\u9a37\u5594~\u745f\u745f\u7684\u6e2f\u89ba"
        },
        {
            "reply_id": "Ugx7KKVLu0SHjy5bBct4AaABAg",
            "reply_content": "\u89ba\u5f97\u5b89\u557e\u771f\u7684\u662f\u61c2\u7684\u611f\u6069\u4e0d\u5fd8\u672c\u7684\u5973\u5b69\uff0c\u4e00\u76f4\u5230\u73fe\u5728\u4ecd\u5805\u6301\u5728\u958b\u982d\u8aaa\u300c\u6b61\u8fce\u4f86\u5230\u7d05\u77f3\u53e3\u888b\u300d"
        }
    ]
}