{
    "video_info": {
        "id": "wb7IH-bpMCs",
        "channelTitle": "\u5b89\u557e\u54aa",
        "title": "\u8d85\u591aYouTuber\u306e\u7ae5\u5e74\u8b8a\u88dd\u7167\u7247\u5927\u731c\u8b0e\uff01\u3010\u61f7\u820a\u661f\u671f\u4e94\u3011| \u5b89\u557e (\u309d\u2200\uff65) \u2661",
        "description": "\u5e7c\u9f52\u7684\u54aa\u90a3\u6851 \u7642\u7652\u5927\u5bb6\u7684\u661f\u671f\u4e94\n\n\u27a8\u5176\u4ed6\u5925\u4f34\u5011\u7684\u7ae5\u5e74\u7167\u7247\n\n\u963f\u6ef4\u7e3d\u53ec https://youtu.be/xx02xeS8mXs\n\u840c\u840c\u5660 (\u9ec3\u6c0f\u5144\u5f1f) https://youtu.be/s7yqrz6EPKs\n\u310e\u3127\u3124\u6389 (\u641e\u795e\u99ac) https://youtu.be/Brur5OJsm9s\n\u5c0f\u5929\u624d (\u557e\u557e\u978b) https://youtu.be/WYtCLDK8Ue8\n\u6574\u500b\u4e0d\u723d (1+1) https://youtu.be/AiG5TmfXScs\n\u597d\u597d\u5403 (\u5343\u5343) https://youtu.be/c7ZhYPhHJ5Y\n\u80a5\u561f\u561f (I.C Charlie) https://youtu.be/RQBxwcCNlEA\n\u7562\u696d\u7167 (\u9ed1\u7fbd) https://youtu.be/TyHG9CCBN5g\n\u88ab\u5077\u62cd (\u963f\u5091) https://youtu.be/lcAojBvE45o\n\u919c\u5c0f\u9d28 (\u937e\u660e\u8ed2) https://youtu.be/Txv8D4yl4mU\n\u51fa\u4e43\u73a9 (\u611b\u8389\u838e\u838e)https://youtu.be/0_SDcw3gzU4\n\u6e05\u6dbc\u7167 (\u6ef4\u59b9) https://youtu.be/JqYJWxwPbIc\n\u5728\u885d\u4e09\u5c0f (\u8521\u54e5) https://youtu.be/rcJVNhLYKS0\nCosplay (\u5b89\u557e) https://youtu.be/wb7IH-bpMCs\n\u52a0\u5206\u984c (\u8521\u6843\u8cb4) https://youtu.be/-cU-Hv8Zf5I\n-------\n\u27ab \u8a02\u95b1\u5b89\u557e\uff1ahttps://goo.gl/KmLFgD\n\u27ab \u5b89\u557eFacebook\uff1ahttps://www.facebook.com/anjoupikachu/\n\ud83d\udc39 \u73a9\u5177\u958b\u7bb1\u5168\u96c6\uff1ahttps://goo.gl/91ulRJ\n- - - - - - - - - - - - - - - - - - - - - -\n\u27a8\u76f8\u95dc\u5f71\u7247\n\n1/2\u7e2e\u5c0f\u7248\u626d\u86cb\u6a5f \u2606 \u626d\u5230\u4ec0\u9ebc\u5c31\u5403\u4ec0\u9ebc\u7684\u523a\u6fc0\u73a9\u6cd5?!\n\u21e2 https://goo.gl/tSJlNG\n\u6dbc\u9eb5\u6c34\u6a02\u5712 - \u6d41\u6c34\u7d20\u9eb5\u5f9e\u9ad8\u4f4e\u5dee56cm\u7684\u6ed1\u6c34\u9053\u6e9c\u4e0b\u4f86\u4e86\uff01\n\u21e2 https://goo.gl/tgYRy1\n\u3010\u77e5\u80b2\u83d3\u5b50\u3011\u99ac\u6876\u6e05\u6dbc\u98f2\u6599\uff01\u7121\u6cd5\u62db\u67b6\u7684\u5473\u9053\uff01\n\u21e2 https://goo.gl/n0nnyQ\n\u6d77\u5e95\u7e3d\u52d5\u54e12 - Finding Dory \u2606 \u591a\u8389\u5609\u5e74\u83ef\uff01\u9084\u6709\u597d\u591a\u9b5a\u53cb\u5011\uff01\n\u21e2 https://goo.gl/oAn42q\n\u6703\u5b78\u4f60\u8aaa\u8a71\u7684\u840c\u840c\u5c0f\u5009\u9f20 - \u8981\u6210\u70ba\u4e00\u4f4d\u6559\u5b97\u4e0d\u662f\u90a3\u9ebc\u7c21\u55ae\u7684\u4e8b\u60c5!!\n\u21e2 https://goo.gl/8WZaZT\n\n- - - - - - - - - - - - - - - - - - - - - -\n\n\n- - - - - - - - - - - - - - - - - - - - - -\n\u27a8\u3010\u7d05\u77f3\u53e3\u888b\u3011FB\uff1ahttps://www.facebook.com/RedStone.Poke\n- - - - - - - - - - - - - - - - - - - - - -\nBGM\u4f86\u6e90\uff1ahttp://dova-s.jp/\n\u97f3\u6548\u4f86\u6e90\uff1ahttp://musicisvfr.com/free/index.html",
        "likeCount": "17669",
        "commentCount": "1325",
        "viewCount": "675703"
    },
    "comments": [
        {
            "reply_id": "UgwBGfFdMWWCuJmrNg54AaABAg",
            "reply_content": "\u6211\u89ba\u5f97\u90a3\u4e0d\u662f\u744b\u744b \u90a3\u662f\u4e09\u539f"
        },
        {
            "reply_id": "Ugyay2jH9o3Mt8Lo7qJ4AaABAg",
            "reply_content": "\u4e94\u865f\u937e\u660e\u8ed2"
        },
        {
            "reply_id": "Ugwmbt33aZi_ZBIWGW54AaABAg",
            "reply_content": "\u9ec3\u6c0f\u5144\u5f1f\u4e5f\u6709\u9f8d\u5594"
        },
        {
            "reply_id": "UgxmkGWndBANbRzEMUh4AaABAg",
            "reply_content": "\u6700\u5f8c\u4e00\u5f35\u662f\u7537\u751f"
        },
        {
            "reply_id": "UgxqUwvxOcfZVgSaiEx4AaABAg",
            "reply_content": "\u744b\u744b\u5c0f\u6642\u5019\u597d\u50cf\u4e09\u539f\u5594"
        },
        {
            "reply_id": "UgwrO-TjC0sxMgwj-414AaABAg",
            "reply_content": "\u744b\u744b\u5c0f\u6642\u5019\u8ddf\u9577\u5927\u6c92\u8b8a"
        },
        {
            "reply_id": "UgyFVF0lugRiEwtPjH94AaABAg",
            "reply_content": "\u5b89\u557e\u6c92\u95dc\u4fc2\uff0c\u744b\u744b\u4e5f\u6c92\u8a8d\u51fa\u59b3"
        },
        {
            "reply_id": "UgyeiQxnIq-jcgzNWJJ4AaABAg",
            "reply_content": "\u6843\u8cb4 \u662f\u5973\u751f\u4e0d\u662f\u7537\u751f"
        },
        {
            "reply_id": "UgyfoNPahcdOrEsOIP54AaABAg",
            "reply_content": "\u597d\u68d2\u554a"
        },
        {
            "reply_id": "UgyidoggCmFj3Impvf54AaABAg",
            "reply_content": "\u7b2c2\u5f35\u662f\u937e\u660e\u8ed2\u5427"
        },
        {
            "reply_id": "UgzceYKvl58pI_ZiBLp4AaABAg",
            "reply_content": "\u662f\u4e09\u539f\u54e6 \u4e0d\u662f\u744b\u744b\uff08\u770b\u7740\u5c31\u50cf\u4e09\u539f"
        },
        {
            "reply_id": "Ugx8J-9gwQfTPGL8v0F4AaABAg",
            "reply_content": "\u90a3\u5f20\u662f\u4e09\u539f\u5427"
        },
        {
            "reply_id": "UgxSh1hOf6cHa2A-8CN4AaABAg",
            "reply_content": "\u7b2c\u4e94\u500b\u662f\u937e\u9298\u8ed2\u554a\uff01\u5f88\u597d\u731c\u554a\uff01"
        },
        {
            "reply_id": "UgwrCr6Hbx-1aWajRup4AaABAg",
            "reply_content": "\u7b2c\u4e8c\u500b\u5c0f\u7687\u5e1d\u6709\u9ede\u50cf\u744b\u744b"
        },
        {
            "reply_id": "UgyytND8o0jhFzY5Ket4AaABAg",
            "reply_content": "\u963f\u795e"
        },
        {
            "reply_id": "UgzFo__2C74JhM0l9R94AaABAg",
            "reply_content": "\u7b2c\u5341\u500b\u6211\u4e00\u770b\u5c31\u662f\u4ed6\u4e86"
        },
        {
            "reply_id": "UgxYJAhnvV0DlhNlrFZ4AaABAg",
            "reply_content": "\u80e1\u6912\u548c\u963f\u6ef4\u90a3\u96c6\u5b89\u557e\u4e5f\u6709\u770b\u5417\uff1f"
        },
        {
            "reply_id": "UgyUuczOKPTHZVUghWd4AaABAg",
            "reply_content": "\u557e\u557e\u5354\u4e0d\u6562\u9762\u5c0d \u7559\u8a00\u5594"
        },
        {
            "reply_id": "Ugy-g5tT9ejL3NR6SuZ4AaABAg",
            "reply_content": "\u963f\u795e\u597d\u53ef\u7231"
        },
        {
            "reply_id": "UgzhlxKk-DRUxwh0ZbF4AaABAg",
            "reply_content": "\u7b2c10\u5f35\u5f88\u597d\u8a8d\u5c31\u662f\u744b\u744b"
        }
    ]
}