{
    "video_info": {
        "id": "WZdt2nn1aYk",
        "channelTitle": "\u5b89\u557e\u54aa",
        "title": "\u9b3c\u6ec5\u4e4b\u5203\u58fd\u53f8\u88fd\u4f5c\u5668\uff01\u5b8c\u7f8e\u9084\u539f\u70ad\u6cbb\u90ce\u79b0\u8c46\u5b50\uff01| \u5b89\u557e (\u309d\u2200\uff65) \u2661",
        "description": "\u9019\u9031\u662f\u557e\u4e4b\u9b3c\u6ec5\u611f\u8b1d\u796d\uff08\uff1f\n\u671f\u5f85\u4e4b\u5f8c\u7684\u935b\u5200\u6751\u7bc7\n\n\u27ab \u8a02\u95b1\u5b89\u557e\uff1ahttps://goo.gl/KmLFgD\n\u27ab \u5b89\u557eIG\uff1ahttps://www.instagram.com/anjouclever/\n\u27ab \u5b89\u557eFB\uff1ahttps://www.facebook.com/anjoupikachu/\n\ud83d\udc39 \u73a9\u5177\u958b\u7bb1\u5168\u96c6\uff1ahttps://goo.gl/91ulRJ",
        "likeCount": "4421",
        "commentCount": "125",
        "viewCount": "104086"
    },
    "comments": [
        {
            "reply_id": "UgwkYY_cwDT91DdHjgZ4AaABAg",
            "reply_content": "\u9ec3\u6c0f\u5144\u5f1f\u4e5f\u6709\u505a \u4f46\u662f\u5b89\u557e\u505a\u7684\u8d85\u68d2\ud83d\udc4d\ud83d\udc4d\u8d85\u7d1a\u53b2\u5bb3\u7684"
        },
        {
            "reply_id": "UgxhbdBa0mHqLB2hnRB4AaABAg",
            "reply_content": "\u4e0d\u7ba1\u662f\u505a\u58fd\u53f8\u7684\u5b89\u557e \u9084\u662f\u4f5c\u51fa\u58fd\u53f8\u88fd\u4f5c\u5668\u7684\u4eba\n\u90fd\u597d\u53b2\u5bb3..."
        },
        {
            "reply_id": "Ugxq5DCbZSt4cJMUltp4AaABAg",
            "reply_content": "\u6709\u500b\u554f\u984c\uff0c\n\u5403\u7684\u6642\u5019\u62ff\u982d\u4e0d\u662f\u65b7\u982d\uff0c\u5c31\u662f\u62ff\u8eab\u9ad4\u8b8a\u7121\u982d...\n\u4e0d\u77e5\u9053\u6bd4\u8f03\u5167\u5fc3\u7d30\u81a9\u654f\u611f\u7684\u5b69\u5b50\uff0c\u6703\u4e0d\u6703\u5687\u5230\uff0c\u60f3\u5230\u88ab\u65e5\u8f2a\u5200\u6ec5\u6389\u7684\u9b3c..."
        },
        {
            "reply_id": "Ugy6P32ogXcRowS9ha14AaABAg",
            "reply_content": "\u65e5\u5f0f\u5361\u901a\u4fbf\u7576\u7684\u98a8\u683c\uff0c\u771f\u662f\u8b93\u4eba\u6368\u4e0d\u5f97\u5403\u6389\u554a\uff01"
        },
        {
            "reply_id": "UgzNtxfX2RcmmITyqJJ4AaABAg",
            "reply_content": "\u767c\u660e\u9019\u4e9b\u6771\u897f\u7684\u8a2d\u8a08\u5e2b\u771f\u7684\u662f\u9b3c\u624d"
        },
        {
            "reply_id": "Ugy0yKhhNwWE5SmuH_B4AaABAg",
            "reply_content": "\u6bd4\u60f3\u50cf\u4e2d\u9084\u8981\u6210\u529f\u8036\uff01\u5b89\u557e\u597d\u53b2\u5bb3"
        },
        {
            "reply_id": "UgxsxTUmeejuvOH2xQR4AaABAg",
            "reply_content": "\u771f\u7684\u6709\u5920\u53ef\u611b\uff01"
        },
        {
            "reply_id": "UgymZUOwtdUREaW3K094AaABAg",
            "reply_content": "\u611f\u89ba\u4e0a\u6700\u8fd1\u6253\u5149\u90fd\u6709\u9ede\u904e\u4eaeQQ"
        },
        {
            "reply_id": "UgzvYGk6WLrNhBwQrnR4AaABAg",
            "reply_content": "\u5b89\u557e\u5f8c\u9762\u958b\u59cb\u58de\u6389\u4e86\ud83e\udd23\ud83e\udd23\n\u5b78\u5c0a\u7684\u8a9e\u6c23\uff0c\u611f\u89ba\u597d\u5fae\u5999"
        },
        {
            "reply_id": "UgyYmsGv6NKJ6SZMrGl4AaABAg",
            "reply_content": "\u525b\u770b\u5b8c\u9084\u5f88\u5f8c\u6094\u6c92\u6709\u5fcd\u5230\u7b2c\u4e8c\u5929\u4e00\u6b21\u770b\u5169\u96c6,\u6c92\u60f3\u5230\u9019\u662f\u6628\u5929\u7684\u7247\uff1f\uff01ya\u6211\u53ef\u4ee5\u76f4\u63a5\u770b\u7b2c\u4e8c\u96c6\u4e86\u8a92\u3002\u8b9a\u8b9a"
        },
        {
            "reply_id": "UgyZTRFbPDOLcHFFG_x4AaABAg",
            "reply_content": "\u6211\u60f3\u77e5\u9053\u9019\u500b\u6771\u897f\u5728\u62ff\u51fa\u4f86\u5f8c\u6709\u6c92\u6709\u5fb9\u5e95\u6e05\u6d17\u6d88\u6bd2\u904e\uff1f"
        },
        {
            "reply_id": "UgylIjPilvecDPfLorp4AaABAg",
            "reply_content": "\u592a\u53ef\u611b\u4e86\u5566\uff5e\u5b89\u63ea\u771f\u7684\u597d\u53b2\u5bb3\ud83d\ude04\ud83d\ude04"
        },
        {
            "reply_id": "UgzPKs2kaye6MgtJ51l4AaABAg",
            "reply_content": "\u526a\u90a3\u500b\u6d77\u82d4\u611f\u89ba\u597d\u96e3\uff0c\u5c24\u5176\u662f\u7709\u6bdb\u90a3\u4e9b\u5c0f\u6771\u897f\uff0c\u5b89\u557e\u597d\u5f37"
        },
        {
            "reply_id": "Ugypadv6tuHzaPtFNy54AaABAg",
            "reply_content": "\u624b\u597d\u5de7\u5594\uff01\u8d85\u53b2\u5bb3!\n\u6211\u8ddf\u5973\u5152\u90fd\u559c\u6b61\u59b3\u7684\u983b\u9053\u5594!"
        },
        {
            "reply_id": "UgzWQshP0wtfJdGEvvN4AaABAg",
            "reply_content": "\u9019\u62cd\u624b\u59ff\u52e2 \u6709\u719f\u6089\u7684\u5473\u9053"
        },
        {
            "reply_id": "Ugy_ryRA8dWSrJ6SutR4AaABAg",
            "reply_content": "\u5b89\u5b89"
        },
        {
            "reply_id": "Ugx1UreGUrsFxrVvM5R4AaABAg",
            "reply_content": "\u9019\u6b21\u505a\u5f97\u8d85\u53ef\u611b\u7684\uff01\uff01\u611f\u89ba\u5de5\u5177\u6bd4\u4e0a\u6b21\u597d\u7528\ud83e\udd23\u9eb5\u5305\u8d85\u4eba\u90a3\u500b\u771f\u7684\u8d85\u9b27\u8d85\u597d\u7b11"
        },
        {
            "reply_id": "Ugy9beQo0sidNbPSnTV4AaABAg",
            "reply_content": "\u58fd\u53f8\u505a\u7684\u597d\u53ef\u611b\u2764\ufe0f\n\u9b3c\u6ec5\u7b2c\u4e8c\u5b63\u611f\u89ba\u8b8a\u6210\u55ae\u5143\u6545\u4e8b\u4e86\ud83d\ude05 \u6c92\u6709\u7b2c\u4e00\u5b63\u4f86\u7684\u597d\u770b"
        },
        {
            "reply_id": "UgxlXSqti9koGf7MiP94AaABAg",
            "reply_content": "\u8d85\u7d1a\u53ef\u611b\u7684\u5566"
        },
        {
            "reply_id": "UgyTtGYuTgC-nEHuQid4AaABAg",
            "reply_content": "\u597d\u53ef\u611b \u9019\u500b\u8981\u53bb\u54ea\u88e1\u8cb7\u5f97\u5230"
        }
    ]
}