{
    "video_info": {
        "id": "X3g7MWBndis",
        "channelTitle": "\u5b89\u557e\u54aa",
        "title": "\u5728\u5bb6\u505a\u51fa\u4e16\u754c\u8ff7\u4f60\u7684\u9bdb\u9b5a\u71d2\uff01\u8ff7\u4f60\u9bdb\u9b5a\u71d2\u6a5f\u958b\u7bb1\uff01| \u5b89\u557e (\u309d\u2200\uff65) \u2661",
        "description": "\u4eca\u5929\u7684\u9aee\u578b\u597d\u50cf\u5967\u8389\u8587\n\u27ab \u8a02\u95b1\u5b89\u557e\uff1ahttps://goo.gl/KmLFgD\n\u27ab \u5b89\u557eIG\uff1ahttps://www.instagram.com/anjouclever/\n\u27ab \u5b89\u557eFB\uff1ahttps://www.facebook.com/anjoupikachu/\n\ud83d\udc39 \u73a9\u5177\u958b\u7bb1\u5168\u96c6\uff1ahttps://goo.gl/91ulRJ\n\n\u27a8\u5176\u4ed6\u5b89\u557e\u5f71\u7247\n1/2\u7e2e\u5c0f\u7248\u626d\u86cb\u6a5f \u2606 \u626d\u5230\u4ec0\u9ebc\u5c31\u5403\u4ec0\u9ebc\u7684\u523a\u6fc0\u73a9\u6cd5?!\n\u21e2 https://goo.gl/tSJlNG\n\u6dbc\u9eb5\u6c34\u6a02\u5712 - \u6d41\u6c34\u7d20\u9eb5\u5f9e\u9ad8\u4f4e\u5dee56cm\u7684\u6ed1\u6c34\u9053\u6e9c\u4e0b\u4f86\u4e86\uff01\n\u21e2 https://goo.gl/tgYRy1\n\u3010\u77e5\u80b2\u83d3\u5b50\u3011\u99ac\u6876\u6e05\u6dbc\u98f2\u6599\uff01\u7121\u6cd5\u62db\u67b6\u7684\u5473\u9053\uff01\n\u21e2 https://goo.gl/n0nnyQ\n\u6d77\u5e95\u7e3d\u52d5\u54e12 - Finding Dory \u2606 \u591a\u8389\u5609\u5e74\u83ef\uff01\u9084\u6709\u597d\u591a\u9b5a\u53cb\u5011\uff01\n\u21e2 https://goo.gl/oAn42q\n\u6703\u5b78\u4f60\u8aaa\u8a71\u7684\u840c\u840c\u5c0f\u5009\u9f20 - \u8981\u6210\u70ba\u4e00\u4f4d\u6559\u5b97\u4e0d\u662f\u90a3\u9ebc\u7c21\u55ae\u7684\u4e8b\u60c5!!\n\u21e2 https://goo.gl/8WZaZT\n\nBGM\u4f86\u6e90\uff1ahttp://dova-s.jp/\n\u97f3\u6548\u4f86\u6e90\uff1ahttp://musicisvfr.com/free/index.html",
        "likeCount": "10892",
        "commentCount": "441",
        "viewCount": "374165"
    },
    "comments": [
        {
            "reply_id": "UgwiMvJQTrABTmbVK1p4AaABAg",
            "reply_content": "\u9bdb\u9b5a\u71d2"
        },
        {
            "reply_id": "Ugx3ljy_u8dXLGLnFJp4AaABAg",
            "reply_content": "\u9019\u662f\u9bdb\u9b5a\u9285\u947c\u71d2\u5427?"
        },
        {
            "reply_id": "Ugxy0IM8Kw8t3qmNHst4AaABAg",
            "reply_content": "\u6211\u4e5f\u559c\u6b61\u7d05\u8c46\u5473\u2661"
        },
        {
            "reply_id": "Ugww4B_sw4uMGpzbwoN4AaABAg",
            "reply_content": "\u89c6\u9891\u6807\u9898\u5199\u4e86\u9cb7\u9c7c\u70e7\uff0c\u8fd8\u8ba9\u4eba\u600e\u4e48\u731c\u5462\u2026\u2026"
        },
        {
            "reply_id": "UgxwPERnF9qWbAQlvLt4AaABAg",
            "reply_content": "\u4eca\u5929\u7684\u9aee\u578b\u597d\u50cf\u5967\u8389\u8587\u2190\u4f60\u662f\u8aaa\u5927\u529b\u6c34\u624b\u88e1\u9762\u7684\u5967\u8389\u8587\u55ce?"
        },
        {
            "reply_id": "Ugya9Z74z1np-6nBr8h4AaABAg",
            "reply_content": "\u597d\u53ef\u611b"
        },
        {
            "reply_id": "UgyBZ_nI67iJWNzhiXt4AaABAg",
            "reply_content": "\u59b3\u9019\u500b\u5f88\u597d\u73a9\uff0c\u6211\u4e5f\u5f88\u60f3\u8981\u4e00\u500b"
        },
        {
            "reply_id": "UgxmF3U70VJm0igvl6V4AaABAg",
            "reply_content": "\u4f60\u7684\u6a19\u984c\u51fa\u8ce3\u4f60"
        },
        {
            "reply_id": "Ugy1vvLNdYxz9ELMwEV4AaABAg",
            "reply_content": "\u6211\u6709\u90a3\u4ef6\u8863\u670d"
        },
        {
            "reply_id": "Ugwb1C0j36ihTJAK_lJ4AaABAg",
            "reply_content": "\u5b89\u557e\u597d\u50cf\u5e7c\u7a1a\u5712\u8001\u5e2bww\u597d\u53ef\u611b"
        },
        {
            "reply_id": "Ugz151uZWjj8yrepwNx4AaABAg",
            "reply_content": "\u6211\u559c\u6b61\u7684\u662f\u7d05\u8c46"
        },
        {
            "reply_id": "Ugxua8KgzbajjA5t2UB4AaABAg",
            "reply_content": "\u54ea\u6709\u9019\u6a23\u505a\u7684 \u59d0\u59d0\u597d\u53ef\u611b\ud83e\udd23"
        },
        {
            "reply_id": "UgwAP-42r_I_THJoV2F4AaABAg",
            "reply_content": "\u597d\u597d\u5947\u5b89\u557e\u505a\u904e\u90a3\u9ebc\u591a\u98df\u7269\u7684\u6a5f\u5668\uff0c\u6700\u5f8c\u90fd\u600e\u9ebc\u8655\u7406\uff0c\u653e\u8457\u9577\u7070\u5875\u55ce\uff1f\u9084\u662f\u6703\u7576\u4e8c\u624b\u8ce3\u6389\u5462\uff1f\ud83e\udd14"
        },
        {
            "reply_id": "Ugx58xu5zCp28tPkac54AaABAg",
            "reply_content": "\u5c0f\u5c0f\u7684\u9bdb\u9b5a\u71d2\u597d\u53ef\u611b\u554a \u89ba\u5f97\u5b89\u557e\u505a\u7684\u597d\u53ef\u611b\u2764\ufe0f"
        },
        {
            "reply_id": "UgzALO-E7lcP7oPXWph4AaABAg",
            "reply_content": "\u6211\u5f88\u597d\u5947 \u5b89\u557e\u4f60\u6bcf\u6b21\u505a\u5b8c\u7684\u6a5f\u5668\u6703\u4e8c\u624b\u8ce3\u6389\u55ce\ud83e\udd2a\n\u6709\u4e9b\u5176\u5be6\u5f88\u5fc3\u52d5\u7684\u60f3\u8981\u8cb7\u53ef\u662f\u55ae\u50f9\u883b\u8cb4\u7684\u54c8\u54c8"
        },
        {
            "reply_id": "UgxBw0s7YrCmnk3Vaa94AaABAg",
            "reply_content": "\u6211\u7b2c\u4e00\u4e2a\u60f3\u5230\u7684\u7adf\u7136\u662f\u2026\u54b8\u9c7c\u2026"
        },
        {
            "reply_id": "UgyxA7iAsGqOp-1w3P14AaABAg",
            "reply_content": "\u6211\u4e00\u53e3\u5403\u4e00\u96bb\u54c8\u54c8\u54c8\u54c8"
        },
        {
            "reply_id": "UgyDJGmIznXWa_Rc_o14AaABAg",
            "reply_content": "\u6211\u6c92\u5403\u904e"
        },
        {
            "reply_id": "UgynyT1VQNebfe7lEUd4AaABAg",
            "reply_content": "\u4f60\u53ef\u4ee5\u5148\u7528\u4e00\u9762\uff08\u9bdb\u9b5a\u71d2\uff09\uff0c\u5728\u64e0\u9eb5\u7cca\u5c31\u53ef\u5df2\u4e86\u3002"
        },
        {
            "reply_id": "UgxWjoqhiNzVIRTN2id4AaABAg",
            "reply_content": "\u53ef\u4ee5\u5728\u62cd\u77e5\u9047\u679c\u5b50\u55ce!!"
        }
    ]
}