{
    "video_info": {
        "id": "x5VywBnEDSQ",
        "channelTitle": "\u5b89\u557e\u54aa",
        "title": "\u65e5\u672c\u74b0\u7403\u5f71\u57ce x \u9593\u8adc\u5bb6\u5bb6\u9152\u5922\u5e7b\u806f\u52d5\uff01| \u5b89\u557e (\u309d\u2200\uff65) \u2661",
        "description": "\u27ab \u8a02\u95b1\u5b89\u557e\uff1ahttps://goo.gl/KmLFgD\n\u27ab \u5b89\u557eIG\uff1ahttps://www.instagram.com/anjouclever/\n\u27ab \u5b89\u557eFB\uff1ahttps://www.facebook.com/anjoupikachu/\n\ud83d\udc39 \u73a9\u5177\u958b\u7bb1\u5168\u96c6\uff1ahttps://goo.gl/91ulRJ",
        "likeCount": "4058",
        "commentCount": "19",
        "viewCount": "76039"
    },
    "comments": [
        {
            "reply_id": "UgzhVVOUXw5AE8YUm6p4AaABAg",
            "reply_content": "\u6211\u6709\u5403\u5230\u54c6\u5566A\u5922\u7684\u7ddd\u62ff\u68d2 \u662f\u54c6\u5566A\u5922\u7248\u7684"
        },
        {
            "reply_id": "UgzwkimXQjeY_VsSJyt4AaABAg",
            "reply_content": "\u80fd\u554f\u5230\u4ec0\u9ebc\u6642\u5019\u55ce\uff1f\uff1f"
        },
        {
            "reply_id": "UgxEMGg4X8FgTzNytOJ4AaABAg",
            "reply_content": "\u6211\u4e00\u500b\u661f\u671f\u4e4b\u524d\u525b\u53bb\u5b8c\ud83e\udd2b\ud83d\udca6"
        },
        {
            "reply_id": "Ugx72HSpl8bcR4C8SuN4AaABAg",
            "reply_content": "\u660e\u660e\u5c31\u5305\u5b50 \u662f\u5728\u9945\u982d\u4ec0\u9ebc"
        },
        {
            "reply_id": "UgwRaQW7nZJgfdqtSCp4AaABAg",
            "reply_content": "\u6211\u76f2\u76d2\u662f\u62bd\u5230\u661f\u661f\u7136\u5f8c\u662f\u5b89\u59ae\u4e9e\u7684\u5361\u7247\u2764"
        },
        {
            "reply_id": "UgzvJ1Ckw30VO9asjAZ4AaABAg",
            "reply_content": "\u5b89\u63ea\u4ecb\u7d39\u7684\u597d\u53ef\u611b\u2764"
        },
        {
            "reply_id": "UgxDiMXBk9VrxlAOV614AaABAg",
            "reply_content": "\u554a\u554a\u554a\u5b89\u557e\u8b1b\u65e5\u6587\u600e\u9ebc\u53ef\u4ee5\u8fa3\u9ebc\u840c\uff5e\uff5e\uff5e"
        },
        {
            "reply_id": "UgzEm00MFDdsRpX0AFJ4AaABAg",
            "reply_content": "\u7d50\u5c3e\u597d\u975e\ud83d\ude02"
        },
        {
            "reply_id": "UgypYTU3E0zoJR9UxBB4AaABAg",
            "reply_content": "\u53ef\u611b"
        },
        {
            "reply_id": "UgwQDAkOb8rojRg2IFp4AaABAg",
            "reply_content": "\u70ba\u4ec0\u9ebc\u4e00\u958b\u59cb\u7684\u5409\u62ff\u68d2 \u53ef\u4ee5\u9ed1\u5230\u50cf\u6b66\u58eb\u5200\u7684\u5200\u67c4 \ud83d\ude02"
        },
        {
            "reply_id": "UgzrFQt6_SEleiBSE3J4AaABAg",
            "reply_content": "\u597d\u5947\u9019\u500b\u806f\u540d\u662f\u5230\u5e7e\u6708\u7d50\u675f"
        },
        {
            "reply_id": "UgyvGOpRYtP3d17oFPd4AaABAg",
            "reply_content": "\u597d\u53ef\u611b~\u7c89\u7c89\u7684"
        },
        {
            "reply_id": "UgzBTpRZL3reZpka1j14AaABAg",
            "reply_content": "\u54c8\u54c8\u54c8\ud83d\ude02\ud83d\ude02\u7c89\u7d05\u5207\u958b\u679c\u7136\u90fd\u662f\u9ed1\u7684\ud83d\ude48\ud83d\ude48\ud83d\ude48\u8b1d\u8b1d\u5b89\u557e\u7684\u5206\u4eab\u2764\u9084\u8981\u65e9\u9ede\u5230\u624d\u80fd\u53c3\u8207\u5230\u7684\u6d3b\u52d5\u2026.\u53ef\u60dc\u4e86\u65e9\u8d77\u7684\u5b89\u557e\u6c92\u5f97\u73a9\ud83d\ude22"
        },
        {
            "reply_id": "UgwWq1RH922FM4Tg4Tl4AaABAg",
            "reply_content": "\u597d\u60f3\u8cb7\uff01\uff01\u4e0d\u77e5\u9053\u660e\u5e74\u53bb\u9084\u6709\u6c92\u6709\ud83d\ude22"
        }
    ]
}