{
    "video_info": {
        "id": "xEFZKv_fb9o",
        "channelTitle": "\u5b89\u557e\u54aa",
        "title": "\u81ea\u52d5\u58fd\u53f8\u88fd\u4f5c\u5668\uff01\u8ff7\u4f60\u5de5\u5ee0\u505a\u51fa\u610f\u5916\u7f8e\u5473\u7684\u8ecd\u8266\u58fd\u53f8\ud83d\udc93 Feat. \u963f\u90e8\u746a\u5229\u4e9e | \u5b89\u557e (\u309d\u2200\uff65) \u2661",
        "description": "\u8ddf\u746a\u5229\u4e9e\u6851\u4e00\u8d77\u4f86\u505a\u9999\u9999\u7684\u8ff7\u4f60\u8ecd\u8266\u58fd\u53f8\n\n\u4e5f\u4f86\u548c\u963f\u90e8\u8001\u5e2b\u5b78\u7fd2\u65c5\u904a\u7684\u5be6\u7528\u65e5\u8a9e\u5427\ud83d\udc97\n\u52df\u8cc7\u671f\u9593\u4f4e\u65bc6\u6298\uff5e\u932f\u904e\u9019\u9ebc\u5212\u7b97\u7684\u5b78\u7fd2\u6a5f\u6703\u592a\u53ef\u60dc\u4e86\u5427\n\ud83d\udd17https://www.pressplay.cc/link/s/12379688\n\u8f38\u5165\u5b89\u557e\u5c08\u5c6c\u6298\u6263\u78bc\u3010ABEANJOU\u3011\n\u9084\u53ef\u4ee5\u518d\u6298$150\u5537\uff01\n\n\u27ab \u8a02\u95b1\u5b89\u557e\uff1ahttps://goo.gl/KmLFgD\n\u27ab \u5b89\u557eIG\uff1ahttps://www.instagram.com/anjouclever/\n\u27ab \u5b89\u557eFB\uff1ahttps://www.facebook.com/anjoupikachu/\n\ud83d\udc39 \u73a9\u5177\u958b\u7bb1\u5168\u96c6\uff1ahttps://goo.gl/91ulRJ",
        "likeCount": "3912",
        "commentCount": "131",
        "viewCount": "113102"
    },
    "comments": [
        {
            "reply_id": "UgwdpYOUBqAYf421Ekd4AaABAg",
            "reply_content": "\u9019\u90e8\u5f88\u597d\u770b\u2764"
        },
        {
            "reply_id": "UgxF7gVGosErYK1C1sl4AaABAg",
            "reply_content": "\u53ef\u4ee5\u5728\u9080\u8acb\u6ef4\u59b9\u4e00\u8d77\u958b\u7bb1\u73a9\u5177"
        },
        {
            "reply_id": "UgzsPLF6qF-1jPVAMLp4AaABAg",
            "reply_content": "\u770b\u4f86\u8981\u4f86\u4e00\u500b\u5b89\u557e\u8ddf\u963f\u90e8\u53bb\u8521\u54e5\u4ea4\u53cb\u4e2d\u5fc3\ud83d\ude02\n\u59b3\u6c92\u670b\u53cb\u55ce\uff1f\u4ea4\u7d66\u8521\u54e5\u62c9\ud83d\ude02"
        },
        {
            "reply_id": "Ugw2GSvCZpixdUIVkmN4AaABAg",
            "reply_content": "\u6211\u5c0f\u6642\u5019\u5f88\u559c\u6b61\u73a9\u73a9\u5177\uff0c\u6211\u9577\u5927\u5f8c\uff0c\u6211\u6c92\u6709\u73a9\u73a9\u5177\u4e86\uff0c\u6211\u73fe\u5728\u60f3\u5b78\u6b77\u53f2\u3002\uff08\u6bd4\u5982\u50cf\u662f \u7b2c\u4e00\u6b21\u4e16\u754c\u5927\u6230\u3001\u7b2c\u4e8c\u6b21\u4e16\u754c\u5927\u6230\u3001\u8afe\u66fc\u7b2c\u767b\u9678\uff08\u6cd5\u570b\uff09\u3001\u7f8e\u570b\u7368\u7acb\u3001\u7368\u7acb\u6230\u722d\u3001\u5de5\u696d\u9769\u547d\u3001\u6cd5\u570b\u5927\u9769\u547d\u3001\u97d3\u6230\u3001\u8d8a\u6230\uff08\u8d8a\u5357\u6230\u722d\uff09\u3001\u6587\u5316\u5927\u9769\u547d\u3001\u555f\u8499\u904b\u52d5\u548c\u516b\u4e8c\u4e09\u70ae\u6230\uff09\u9019\u4e9b\u90fd\u662f\u6211\u6700\u4e86\u89e3\u7684\u6b77\u53f2\u4e8b\u4ef6\uff0c\u6211\u4e5f\u6703\u770b\u6230\u722d\u7247\uff0c\u6bd4\u5982\u50cf\u662f\u6436\u6551\u96f7\u6069\u5927\u5175\u3001\u91d1\u7532\u90e8\u968a\u548c\u6c7a\u6230\u4e2d\u9014\u5cf6\u3002"
        },
        {
            "reply_id": "Ugy8nuPTQJ0Gcnn1UlB4AaABAg",
            "reply_content": "\u4ee5\u524d\u51b0\u6876\u6311\u6218\u5f00\u59cb\u770b \u8fd9\u4e48\u591a\u5e74\u6ca1\u770b\u4e86 \u73b0\u5728\u8fd8\u662f\u4e0d\u5fd8\u521d\u8877\u4ee5\u7ea2\u77f3\u53e3\u888b\u5f00\u5934"
        },
        {
            "reply_id": "UgxdE9aFU_N17jfbs2R4AaABAg",
            "reply_content": "\u4e24\u4e2a\u751c\u59b9\u597d\u53ef\u7231\u554a\u554a\u554a\u554a"
        },
        {
            "reply_id": "UgzFQPDcwEQBPMlYIdt4AaABAg",
            "reply_content": "\u653e\u6599\u4e2d\u9593\u90a3\u500b\u662f\u4e0d\u662f\u4e0d\u8981\u4e00\u76f4\u7528\u56de\u53bb\uff1f\u4e0d\u7136\u600e\u9ebc\u4e00\u76f4\u662f\u4e2d\u9593\u5728\u52a0\u6599"
        },
        {
            "reply_id": "UgxqKXMCK1cWrVJXoZp4AaABAg",
            "reply_content": "\u6211\u539f\u672c\u7559\u8a00\u8aaa \u4e4b\u524d\u5c31\u4e00\u76f4\u89ba\u5f97\u5b89\u557e\u5076\u5305\u5f88\u91cd\u7684\u7559\u8a00\u4e0d\u898b\u4e86\ud83d\ude1f\ud83e\udd14"
        },
        {
            "reply_id": "UgydE4iDO1uAGMezWg54AaABAg",
            "reply_content": "\u5b89\u557e\u548c\u746a\u5229\u4e9e\u4e00\u8d77\u73a9\u73a9\u5177\u597d\u7642\u7652\u54e6\u263a\ufe0f\u2764"
        },
        {
            "reply_id": "UgwpUrfq30U9wHyIYKV4AaABAg",
            "reply_content": "\u5169\u500b\u4eba\u90fd\u597d\u53ef\u611b \u770b\u59b3\u5011\u5408\u4f5c\u7684\u5f71\u7247\u771f\u7684\u5f88\u958b\u5fc3"
        },
        {
            "reply_id": "UgwEOmIAS7haQ1aW5t14AaABAg",
            "reply_content": "\u5b89\u557e\u5df2\u7d93\u5920\u53ef\u611b\u4e86\uff0c\u52a0\u4e0a\u963f\u90e8\u662f\u5169\u500d\u7684\u53ef\u611b\uff0c\u6211\u7684\u5fc3\u81df\u5feb\u627f\u53d7\u4e0d\u4f4f\u4e86\u2764"
        },
        {
            "reply_id": "Ugy0ZWOczc5oobIu19d4AaABAg",
            "reply_content": "\u9019\u662f\u4ec0\u9ebc\u5922\u5e7b\u806f\u52d5\uff01\u597d\u559c\u6b61\ud83d\ude0d\n\u606d\u559c\u5b89\u557e\u9054\u6210\u65b0\u76ee\u6a19\ud83c\udf89\n\u746a\u5229\u4e9e\u6851\u548c\u5b89\u557e\u5169\u4f4d\u521d\u898b\u9762\u7684\u5c37\u5c2c\u611f\u597d\u53ef\u611b\ud83d\udc95\n\u5e0c\u671b\u591a\u591a\u5408\u4f5c\ud83e\udd70"
        },
        {
            "reply_id": "Ugwk6vNw-Tu4EV3dxl54AaABAg",
            "reply_content": "\u5de6\u53f3\u5169\u908a\u7684\u914d\u6599\u84cb\u4e0d\u4e86\u55ce"
        },
        {
            "reply_id": "UgykcDzxmLq1S8LqPdV4AaABAg",
            "reply_content": "\u5169\u4f4d\u5973\u795e\u90fd\u597d\u53ef\u611b\u2764\u2764"
        },
        {
            "reply_id": "Ugw4se1dq246A1y_GgF4AaABAg",
            "reply_content": "\u5e0c\u671b\u53ef\u4ee5\u627e\u5343\u5343 \u4e00\u8d77\u73a9\u73a9\u5177\u2764\n\u4e5f\u5e0c\u671b\u53ef\u4ee5\u518d\u8ddf\u767d\u7661\u516c\u4e3b\u5408\u4f5c\u2764"
        },
        {
            "reply_id": "UgwjmlmuIHQfwOaFCpl4AaABAg",
            "reply_content": "\u672c\u96c6\u7cd6\u5206\u8d85\u6a19\ud83d\udc93\ud83d\udc93\u5169\u4eba\u90fd\u8d85\u751c\u8d85\u53ef\u611b\u7684 \u4e5f\u5b78\u5230\u5f88\u591a\u7279\u5225\u7684\u65e5\u672c\u7576\u5730\u6587\u5316\u2763\ufe0f"
        },
        {
            "reply_id": "Ugyf1bn30I9noc_M52V4AaABAg",
            "reply_content": "\u9999\u9999\u7684\u5922\u5e7b\u9023\u52d5\uff01\ud83d\udc95\n\u770b\u8457\u5b89\u557e\u8aaa\u4eca\u5e74\u76ee\u6a19\u662f\u8981\u627eYTB\u4e00\u8d77\u958b\u7bb1\u73a9\u5177\n\u6709\u7a2e\u81ea\u5df1\u5b69\u5b50\u9577\u5927\u7684\u6210\u5c31\u611f(?\n\u5c31\u662f\u5f88\u958b\u5fc3\u5566\uff01\n\u5e0c\u671b\u5584\u826f\u53c8\u53ef\u611b\u7684\u5b89\u557e\u53ef\u4ee5\u71b1\u71b1\u9b27\u9b27\u7684\u6536\u7a6b\u5f88\u591a\u6eab\u6696\ud83d\udc97"
        },
        {
            "reply_id": "UgxyLRX1fufE2f6kXFt4AaABAg",
            "reply_content": "\u5169\u4f4d\u597d\u642d\uff5e"
        },
        {
            "reply_id": "UgxjKcJUSVPrY7f5iAx4AaABAg",
            "reply_content": "\u592a\u7642\u7652\u4e86"
        },
        {
            "reply_id": "Ugx05vCBbGHe8NeF3Pl4AaABAg",
            "reply_content": "\u963f\u5e03\u746a\u5229\u4e9e\n\u771f\u7684\u662f\u767e\u5e74\u96e3\u5f97\u4e00\u898b\u7684\u7f8e\u5973\ud83d\ude0d"
        }
    ]
}