{
    "video_info": {
        "id": "Xj63GWKBhWM",
        "channelTitle": "\u5b89\u557e\u54aa",
        "title": "\u770b\u6771\u4eac\u9435\u5854\ud83d\uddfc\u548c\u5ba2\u88fd\u751f\u65e5\u751c\u9ede\u76e4\u7684\u666f\u89c0\u9910\u5ef3\ud83d\udc97 | \u5b89\u557e (\u309d\u2200\uff65) \u2661",
        "description": "\u27ab \u8a02\u95b1\u5b89\u557e\uff1ahttps://goo.gl/KmLFgD\n\u27ab \u5b89\u557eIG\uff1ahttps://www.instagram.com/anjouclever/\n\u27ab \u5b89\u557eFB\uff1ahttps://www.facebook.com/anjoupikachu/\n\ud83d\udc39 \u73a9\u5177\u958b\u7bb1\u5168\u96c6\uff1ahttps://goo.gl/91ulRJ",
        "likeCount": "1468",
        "commentCount": "24",
        "viewCount": "28376"
    },
    "comments": [
        {
            "reply_id": "Ugy1xNbLwNVkwM8wFbx4AaABAg",
            "reply_content": "\u4ece\u5973\u5b69\u770b\u6210\u5973\u4eba\uff0c\u6709\u70b9\u50cf\u770b\u7740\u5973\u513f\u957f\u5927"
        },
        {
            "reply_id": "UgzC3BfvMbU8FZxVWJl4AaABAg",
            "reply_content": "\u662f\u54ea\u4e00\u9593\u5440"
        },
        {
            "reply_id": "UgwEoofHytYJIIKrXlN4AaABAg",
            "reply_content": "\u6211\u5403\u5b8c\u53c8\u8dd1\u53bb\u5403\u62c9\u9eb5\u7e8c\u6524\ud83d\ude05"
        },
        {
            "reply_id": "UgwJ-vXkhr9c2aC1Kph4AaABAg",
            "reply_content": "\u96e3\u5f97\u5b89\u557e\u5403\u4e0d\u98fd"
        },
        {
            "reply_id": "UgwRbPOm3L3Vjo3aQHN4AaABAg",
            "reply_content": "\u751f\u65e5\u5feb\u4e50"
        },
        {
            "reply_id": "UgzCk0tSkM2tU13bUHp4AaABAg",
            "reply_content": "\u597d\u7f8e\u554a"
        },
        {
            "reply_id": "Ugw6Wmyzmc7Hkkku_1J4AaABAg",
            "reply_content": "\u5b89\u557e\u751f\u65e5\u5feb\u6a02\u6a02\u2764"
        },
        {
            "reply_id": "UgxhWL4fRXOSFblOkGl4AaABAg",
            "reply_content": "\u751f\u65e5\u5feb\u6a02\ud83c\udf89"
        },
        {
            "reply_id": "UgyAAcvlrH3pIkcVXeN4AaABAg",
            "reply_content": "\u751f\u65e5\u5feb\u6a02\u2764"
        },
        {
            "reply_id": "UgzKe-VBUP8Dhz_s3Sd4AaABAg",
            "reply_content": "\u5403\u4e0d\u98fd\u53bb\u627e\u9593\u4fbf\u5b9c\u7684\u7e7c\u7e8c\u5403."
        },
        {
            "reply_id": "UgyuaPZ8eu2HwKKt3hV4AaABAg",
            "reply_content": "\u751f\u65e5\u5feb\u6a02\ud83c\udf8a"
        },
        {
            "reply_id": "UgwQNVbJCzk-3Za-OkB4AaABAg",
            "reply_content": "\u5b89\u557e\u751f\u65e5\u5feb\u6a02\uff01"
        },
        {
            "reply_id": "UgyVytsTl4FexPiIRHV4AaABAg",
            "reply_content": "\u60f3\u554f\u9910\u5ef3\u5e97\u540d\uff5e\u751f\u65e5\u5feb\u6a02\ud83c\udf82\u8b1d\u8b1d\u5206\u4eab"
        },
        {
            "reply_id": "UgxUn5ShwraHz7j7thd4AaABAg",
            "reply_content": "\u5b89\u557e\u751f\u65e5\u5feb\u6a02"
        }
    ]
}