{
    "video_info": {
        "id": "Y4dl8zfR4go",
        "channelTitle": "\u5b89\u557e\u54aa",
        "title": "3\u9593\u53f0\u5317\u9ad8\u7d1a\u751c\u9ede\u5916\u9001\uff01\u7c73\u5176\u6797\u4e0b\u5348\u8336\u5230\u5e95\u662f\u4ec0\u9ebc\u6ecb\u5473...?! | \u5b89\u557e (\u309d\u2200\uff65) \u2661",
        "description": "\u5728\u5bb6\u7576\u5b85\u5b85\u516c\u4e3b \u9ad4\u9a57\u8cb4\u65cf\u7684\u4e0b\u5348\u8336\uff01\n\n- \u518d\u5a5a\u7687\u540e https://lin.ee/SU6HLs7/wttw\n- \u60e1\u5973\u7684\u8b8a\u8eab https://lin.ee/ci79d96/wttw\n- \u50b2\u5b0c\u7537\u4e8c\u653b\u5fc3\u8a08 https://lin.ee/1nMGIf1/wttw\n\nLINE WEBTOON\u4e03\u9031\u5e74\u6d3b\u52d5\u8cc7\u8a0a\n* \u6d3b\u52d5\u4e3b\u984c\uff1a\u300a\u6211\u5011\u7684\u9031\u5e74\u7d00\u6200\u65e5\u300b\n* \u6d3b\u52d5\u6642\u9593\uff1a8/2(\u3127)10:00 - 8/9(\u3127) 10:00, \u51717\u5929\n* \u6d3b\u52d5\u5167\u5bb9\uff1a\u9808\u4e0b\u8f09LINE WEBTOON APP\u4e26\u767b\u5165LINE\u5e33\u865f\uff0c\u5b8c\u6210\u4efb\u52d9\u4ee5\u4e0b\u4efb\u52d9\u5373\u53ef\u62bdiPhone 12 & \u6495\u6f2b\u7537\u53cb\u6797\u67cf\u5b8f\u7cbe\u7f8e\u9031\u908a\n\n* \u4efb\u52d9\u4e00\u00a0-\u00a0\u89c0\u770b\u300a\u6211\u5011\u7684\u9031\u5e74\u7d00\u6200\u65e5\u300b\u7d04\u6703\u7bc7\u00a0\u5f71\u7247\n* \u4efb\u52d9\u4e8c - \u89c0\u770b\u300a\u6211\u5011\u7684\u9031\u5e74\u7d00\u6200\u65e5-\u6495\u6f2b\u7537\u53cb\u6797\u67cf\u5b8f\u5c08\u8a2a\u27eb\u300b\u7279\u8f2f\u4e26\u6309\u6eff4\u9846\n\u611b\u5fc3\n* \u4efb\u52d9\u4e09\u00a0-\u00a0\u5c07\u4e09\u90e8\u6307\u5b9a\u4f5c\u54c1\u52a0\u5165\u6700\u611b\uff1a\u300a\u5973\u795e\u964d\u81e8\u300b\u300a\u6211\u8207\u6559\u6388\u96e3\u4ee5\u555f\u9f52\u300b\u300a\n\u4eca\u751f\u4e5f\u8acb\u591a\u6307\u6559\u300b\n\n* \u6d3b\u52d5\u734e\u9805\uff1a\n* iPhone 12(128G)*1\u540d\n* LINE POINTS 6\u9ede*15,000\u540d\n* LINE WEBTOON\u56de\u994b\u578b\u4ee3\u5e635\u679a*5,000\u540d\n* MyCard LINE\u6307\u5b9a\u5361NT$60*2,000\u540d\n* \u6495\u6f2b\u7537\u53cb\u4ee3\u8a00\u4eba\u6797\u67cf\u5b8f\u7cbe\u7f8e\u9031\u908a*300\u540d\n\n*\u66f4\u591a\u6d3b\u52d5\u8a73\u60c5\uff06\u898f\u7bc4\u8acb\u53c3\u8003LINE WEBTOON\u5b98\u7db2\u516c\u544a\u8aaa\u660e\nhttps://lin.ee/wcxqSpA/wttw\n\n#LINEWEBTOON #\u6211\u5011\u7684\u9031\u5e74\u7d00\u6200\u65e5 #\u514d\u8cbb\u6f2b\u756b\u5929\u5929\u770b\n\n\u27ab \u8a02\u95b1\u5b89\u557e\uff1ahttps://goo.gl/KmLFgD\n\u27ab \u5b89\u557eIG\uff1ahttps://www.instagram.com/anjouclever/\n\u27ab \u5b89\u557eFB\uff1ahttps://www.facebook.com/anjoupikachu/\n\ud83d\udc39 \u73a9\u5177\u958b\u7bb1\u5168\u96c6\uff1ahttps://goo.gl/91ulRJ",
        "likeCount": "6289",
        "commentCount": "449",
        "viewCount": "193596"
    },
    "comments": [
        {
            "reply_id": "UgxfZZDkq3Pf0nd8xoJ4AaABAg",
            "reply_content": "\u4ec0\u4e48\u53eb\u7ea2\u77f3\u53e3\u888b \u8c01\u662f\u4e3a\u4ec0\u4e48\u4f60\u53eb\u4ffa\u8205"
        },
        {
            "reply_id": "UgwRX6H48Rw2FWG8ieZ4AaABAg",
            "reply_content": "\u6eab\u99a8\u63d0\u9192\ud83d\ude48 \u96d6\u7136\u6700\u4e0b\u90a3\u5c64\u4e0d\u662f\u4e09\u6587\u6cbb\uff0c\u4f46\u5982\u679c\u6b63\u5f0f\u7684\u82f1\u5f0f\u4e0b\u5348\u8336\uff0c\u662f\u5f9e\u6700\u4e0b\u4e00\u5c64\u5f80\u4e0a\u5403\u5594\ud83d\ude48"
        },
        {
            "reply_id": "UgxTgxBc76Yn7mz4nw54AaABAg",
            "reply_content": "\u7b2c\u4e09\u5bb6\u88ab\u5b89\u557e\u5403\u5f97\u597d\u96e3\u5403\u7684\u6a23\u5b50\u5594\ud83e\udd23"
        },
        {
            "reply_id": "UgyenJqwm3NBzC_mpdx4AaABAg",
            "reply_content": "\u597d\u4e45\u90fd\u6c92\u770b\u5230\u5b89\u557e\u4e86\u9084\u662f\u597d\u5e74\u8f15"
        },
        {
            "reply_id": "UgzmT6Rvydgev-7GTe14AaABAg",
            "reply_content": "\u5973\u795e\u964d\u81e8\u771f\u7684\u8d85\u597d\u770b\u7684\ud83d\ude3b"
        },
        {
            "reply_id": "UgxP-gbttPag2HDU2uB4AaABAg",
            "reply_content": "\u7981\u5a5a\u4ee4\u3002\u7c73\u87f2\u7684\u4e00\u65e5\u4e09\u9910\u3002\u5947\u5947\u602a\u602a\u3002\u90fd\u5f88\u597d\u770b\u5537\uff5e\u3002\u63a8\u63a8"
        },
        {
            "reply_id": "Ugy0PpwAKS7-9C-sVSt4AaABAg",
            "reply_content": "\u6211\u90fd\u6709\u770b\u8036\uff5e"
        },
        {
            "reply_id": "Ugw56AuPDiBJJF7y60t4AaABAg",
            "reply_content": "\u6211\u5f88\u559c\u6b61\u5b89\u557e\u59d0\u59d0"
        },
        {
            "reply_id": "Ugwp43CEkOZEx_cFaGZ4AaABAg",
            "reply_content": "\u5b89\u63ea\u5403\u7684\u751c\u9ede\u771f\u7684\u597d\u9ad8\u7d1a\u5594\uff0c\u6211\u6700\u8fd1\u5728\u770b\u540d\u5075\u63a2\u67ef\u5357\u6668\u8b80\u5341\u5206\u9418\u63a8\u7406\u8ab2"
        },
        {
            "reply_id": "Ugxcq8_G-WHnkr4ce7Z4AaABAg",
            "reply_content": "\u7761\u524d\u542c\u4f60\u8bb2\u8bdd\u5f88\u8212\u670d"
        },
        {
            "reply_id": "UgwR4iEfV8vbdEyovpF4AaABAg",
            "reply_content": "\u5b89\u63ea\u4f60\u6709\u73a9\u52d5\u7269\u9910\u5ef3\u55ce\uff1f"
        },
        {
            "reply_id": "Ugz9wj91jxmJBF8X1pR4AaABAg",
            "reply_content": "\u5f88\u4e45\u6c92\u770b\u4f60\u7684\u7247\uff0c\u4eca\u5929\u56de\u4f86\u4e86"
        },
        {
            "reply_id": "UgxHKn8xG0_2kIS_EZZ4AaABAg",
            "reply_content": "\u770b\u8d77\u4f86\u5c31\u5f88\u597d\u5403\u7684\u6a23\u5b50\u54ce"
        },
        {
            "reply_id": "UgyeN4_02u5sKHvdaeJ4AaABAg",
            "reply_content": "\u6211\u4e5f\u611b\u770b\u6f2b\u756b"
        },
        {
            "reply_id": "UgwRm0-fiDkKbiEBJQJ4AaABAg",
            "reply_content": "\u770b\u5176\u4f86\u8d85\u597d\u5403\u6b38"
        },
        {
            "reply_id": "Ugy7-pPFcwD2bhPW55p4AaABAg",
            "reply_content": "\u597d\u53ef\u60dc\u554a \u90fd\u88ab\u64e0\u58d3\u5230\u4e86"
        },
        {
            "reply_id": "UgyAgQ9MYUY61KSGmGd4AaABAg",
            "reply_content": "\u5927\u63a8 \u4eca\u751f\u4e5f\u8acb\u591a\u6307\u6559 \u8d85\u597d\u770b"
        },
        {
            "reply_id": "UgzqNsc4GfEkCNB_X9Z4AaABAg",
            "reply_content": "\u6709\u4eba\u662f\u770b\u4e86\u4e09\u9910\u5403\u5410\u53f8\u908a\u7684\u5f71\u7247\u4e4b\u5f8c\u4f86\u770b\u7684\u55ce\ud83e\udd23"
        },
        {
            "reply_id": "UgxHaD1AiTxDnZh4xwp4AaABAg",
            "reply_content": "\u5b89\u557e\u6211\u5e6b\u59b3\u60f3\u4e86\u4e00\u500b\u4f01\u5283\uff0c\u6709\u4e00\u500b\u7522\u54c1\u53ebeyeque,\u4ed6\u865f\u7a31\u53ef\u4ee5\u7528\u624b\u6a5f\u9a57\u5149\uff0c\u770b\u5ea6\u6578\u591a\u5c11\uff0c\u4f60\u53ef\u4ee5\u505a\u4e00\u90e8\u5f71\u7247\u4f86\u6e2c\u8a66\u90a3\u500b\u7522\u54c1\u3002\u8a18\u5f97\u8981\u5728\u5b98\u65b9\u7db2\u7ad9\u8cb7\u3002"
        },
        {
            "reply_id": "UgxLQ0HdVzZ02G22Kst4AaABAg",
            "reply_content": "\u8a55\u8ad6\u7684\u592a\u5c08\u696d\uff01\u7528\u807d\u7684\u5c31\u89ba\u5f97\u5f88\u597d\u5403 \u600e\u9ebc\u8fa6"
        }
    ]
}