{
    "video_info": {
        "id": "ybwVXx6L02w",
        "channelTitle": "\u5b89\u557e\u54aa",
        "title": "\u89d2\u843d\u751f\u7269\u679c\u51cd\u80a5\u7682\u88fd\u4f5c\u6a5f\uff01\u7528QQ\u7684\u89d2\u843d\u751f\u7269\u6d17\u624b\u597d\u7642\u7652\uff01| \u5b89\u557e (\u309d\u2200\uff65) \u2661",
        "description": "\u5927\u5bb6\u8981\u8a18\u5f97\u52e4\u6d17\u624b\u55b2\uff01\n\u27ab \u8a02\u95b1\u5b89\u557e\uff1ahttps://goo.gl/KmLFgD\n\u27ab \u5b89\u557eIG\uff1ahttps://www.instagram.com/anjouclever/\n\u27ab \u5b89\u557eFB\uff1ahttps://www.facebook.com/anjoupikachu/\n\ud83d\udc39 \u73a9\u5177\u958b\u7bb1\u5168\u96c6\uff1ahttps://goo.gl/91ulRJ\n\n\u27a8\u5176\u4ed6\u5b89\u557e\u5f71\u7247\n1/2\u7e2e\u5c0f\u7248\u626d\u86cb\u6a5f \u2606 \u626d\u5230\u4ec0\u9ebc\u5c31\u5403\u4ec0\u9ebc\u7684\u523a\u6fc0\u73a9\u6cd5?!\n\u21e2 https://goo.gl/tSJlNG\n\u6dbc\u9eb5\u6c34\u6a02\u5712 - \u6d41\u6c34\u7d20\u9eb5\u5f9e\u9ad8\u4f4e\u5dee56cm\u7684\u6ed1\u6c34\u9053\u6e9c\u4e0b\u4f86\u4e86\uff01\n\u21e2 https://goo.gl/tgYRy1\n\u3010\u77e5\u80b2\u83d3\u5b50\u3011\u99ac\u6876\u6e05\u6dbc\u98f2\u6599\uff01\u7121\u6cd5\u62db\u67b6\u7684\u5473\u9053\uff01\n\u21e2 https://goo.gl/n0nnyQ\n\u6d77\u5e95\u7e3d\u52d5\u54e12 - Finding Dory \u2606 \u591a\u8389\u5609\u5e74\u83ef\uff01\u9084\u6709\u597d\u591a\u9b5a\u53cb\u5011\uff01\n\u21e2 https://goo.gl/oAn42q\n\u6703\u5b78\u4f60\u8aaa\u8a71\u7684\u840c\u840c\u5c0f\u5009\u9f20 - \u8981\u6210\u70ba\u4e00\u4f4d\u6559\u5b97\u4e0d\u662f\u90a3\u9ebc\u7c21\u55ae\u7684\u4e8b\u60c5!!\n\u21e2 https://goo.gl/8WZaZT\n\nBGM\u4f86\u6e90\uff1ahttp://dova-s.jp/\n\u97f3\u6548\u4f86\u6e90\uff1ahttp://musicisvfr.com/free/index.html",
        "likeCount": "19620",
        "commentCount": "974",
        "viewCount": "777196"
    },
    "comments": [
        {
            "reply_id": "UgyoJcop5_V949ZA7cd4AaABAg",
            "reply_content": "\u6211\u8d85\u611b\u8725\u8734\u7684"
        },
        {
            "reply_id": "Ugz7OPzu6N3KAVydCnp4AaABAg",
            "reply_content": "\u70b8\u732a\u6392\u8f6f\u7684\u50cf\u86cb\u9ec4\u54e5\ud83d\ude02"
        },
        {
            "reply_id": "Ugw82xUMnazqDkLMF4R4AaABAg",
            "reply_content": "\u597d\u53ef\u611b\u6211\u4e5f\u559c\u6b61\u8173\u843d\u5c0f\u706b\u8fa6"
        },
        {
            "reply_id": "UgyEJXxQRPLbccV4GW54AaABAg",
            "reply_content": "\u8acb\u554f\u8981\u53bb\u54ea\u88e1\u8cb7\u5462\uff1f"
        },
        {
            "reply_id": "UgxAs2VGBBJxJWnD3494AaABAg",
            "reply_content": "\u4f60\u6709\u4eba\u770b\u904e\u6211\u5011\u9019\u4e00\u5bb6\u6c92\u6709\u90fd\u770b\u904e\u4e86\u90a3\u500b\u90a3\u500b\u90a3\u500b\u624d5\u9ede\u6709\u95dc\u55ce \u9019\u6a23\u6771\u897f\u60f3\u7d66\u4f60\u770b\u770b\u90a3\u500b\u6c92\u6709\u90a3\u500b\u6703\u6709\u90a3\u500b\u6708\u6703\u4e0d\u5b8c\u4f5c\u696d\u600e\u9ebc\u90a3\u500b\u6211\u8aaa\u7684\u90fd\u662f1\u52305\u5594\u77e5\u9053\u4e86\u55ce\u90a3\u500b\u4e0b\u534811\u9ede\u6e9c \u77e5\u9053\u4e86\u55ce"
        },
        {
            "reply_id": "UgxgysF27IR1czKOqA14AaABAg",
            "reply_content": "\u90a3\u500b\u5c0f\u73ed\u8ddf\u4e2d\u73ed\u90fd\u8aaa\u4e86\u4e0d\u77e5\u9053\u6211\u73fe\u5728\u90a3\u500b\u6bcf\u500b\u89d2\u90fd\u5728\u5b78\u90a3\u500b\u5de7\u864e\u90a3\u500b\u90fd\u597d\u4e86\u4f60\u5e79\u561b\u90a3\u500b\u89812028\u5e74\u54ea\u88e1\u6709\u6559\u8b1b\u4f60\u7684\u90a3\u500b\u7528\u5230\u4ec0\u9ebc\u554a\u4f60\u53c8\u4e0d\u77e5\u9053\u55ce"
        },
        {
            "reply_id": "UgzT7Vrbq755qRQZkfR4AaABAg",
            "reply_content": "\u4f60\u4e0d\u77e5\u9053\u6211\u5c31\u5728\u90a3\u500b\u6bcf\u500b\u5e7c\u7a1a\u5712\u90fd\u5728\u90a3\u500b\u5b78\u6821\u4e2d\u6240\u8aaa\u4f60\u90fd\u4e0d\u77e5\u9053\u90a3\u500b\u9084\u6709\u4f60\u5b78\u55ce\u4f60\u771f\u662f\u7684\u4f60\u4ec0\u9ebc\u6642\u5019\u62cd\u7684\u90a3\u500b2028\u5e74\u62cd\u5566 \u73fe\u5728\u5c31\u6709\u4eba\u5728\u90a3\u500b\u6bcf\u500b"
        },
        {
            "reply_id": "UgzB_UF0iE4iJNhEZox4AaABAg",
            "reply_content": "\u6211\u7684\u540d\u5b57\u53eb\u505a\u6211\u7684\u82f1\u6587\u540d\u5b57\u53eb\u505aAMY"
        },
        {
            "reply_id": "UgxgKnm-bkHVHZdfhOl4AaABAg",
            "reply_content": "\u6211\u8ddf\u4f60\u6211\u8ddf\u4f60\u8aaa\u4eca\u5929\u5916\u4e5f\u6709 YSL \u5feb\u9ede\u770b\u770b\u5427 \u5927\u8cb7\u5bb6\u7684\u6b4c \u90a3\u4f60\u8981\u53bb\u8cb7\u55ce"
        },
        {
            "reply_id": "Ugzos5mMRZX572uEuxx4AaABAg",
            "reply_content": "\u52d5\u7269\u4e4b\u68ee\u662f\u4ec0\u9ebc\ud83e\udd23"
        },
        {
            "reply_id": "UgygmSoA8bvcEl3v5TB4AaABAg",
            "reply_content": "\u5c0f\u5b89\u79cb\u662f?"
        },
        {
            "reply_id": "Ugwfqib1aaQZ3O9QwKB4AaABAg",
            "reply_content": "\u6211\u6700\u611b\u767d\u718a!"
        },
        {
            "reply_id": "Ugy6Wnq1pB1GMGnmbOt4AaABAg",
            "reply_content": "\u6a21\u7d44\u9084\u662f\u62ff\u4f86\u505a\u201c\u771f\u679c\u51cd\u201d"
        },
        {
            "reply_id": "Ugw5yvrS9KrwzzB0_JN4AaABAg",
            "reply_content": "\u6211\u4e5f\u6703\u73a9\u52d5\u7269\u4e4b\u68ee"
        },
        {
            "reply_id": "UgyjBDinmiUPDtzNZMJ4AaABAg",
            "reply_content": "\u597d\u53ef\u611b"
        },
        {
            "reply_id": "UgwabN3WApE9Bli91Jp4AaABAg",
            "reply_content": "\u84bf"
        },
        {
            "reply_id": "UgyN0C_N54C3Z4u7Hed4AaABAg",
            "reply_content": "\u5728\u54ea\u88e1\u8cb7\u7684\uff0c\u544a\u8a34\u6211"
        },
        {
            "reply_id": "UgwfH_Ayx71H4aqAUNl4AaABAg",
            "reply_content": "\u6211\u4e5f\u597d\u60f3\u8981\u9019\u500b"
        },
        {
            "reply_id": "UgxC1Dho6FvhbdAPvD94AaABAg",
            "reply_content": "\u80a5\u7682\u6703\u6368\u4e0d\u5f97\u6d17!"
        },
        {
            "reply_id": "Ugx0u9i5CLtrzqn13zl4AaABAg",
            "reply_content": "\u6750\u6599\u7528\u5b8c\u4e86\u600e\u9ebc\u8fa6?\u8981\u53bb\u54ea\u88e1\u8cb7?"
        }
    ]
}