{
    "video_info": {
        "id": "ym2ukxiJ3Zo",
        "channelTitle": "\u5b89\u557e\u54aa",
        "title": "\u5317\u6d77\u9053\u8d85\u4eba\u6c23\u661f\u91ce\u6ed1\u96ea\u5ea6\u5047\u6751\uff01\u6d6a\u6f2b\u96ea\u666f\u548c\u8d85\u5927\u5ba2\u623f\u7684\u96e3\u5fd8\u4eab\u53d7\u2744\ufe0f  | \u5b89\u557e (\u309d\u2200\uff65) \u2661",
        "description": "\u7b2c\u4e00\u6b21\u8e0f\u4e0a\u5317\u6d77\u9053\u9019\u584a\u571f\u5730\u5c31\u611b\u4e0a\n\u9019\u6b21\u5165\u4f4f\u661f\u91ceTOMAMU\u5ea6\u5047\u6751\u7684RISONARE\n\u5bec\u655e\u5230\u4ee5\u70ba\u81ea\u5df1\u5728\u5317\u6d77\u9053\u7f6e\u7522....\n\n\u27ab \u8a02\u95b1\u5b89\u557e\uff1ahttps://goo.gl/KmLFgD\n\u27ab \u5b89\u557eIG\uff1ahttps://www.instagram.com/anjouclever/\n\u27ab \u5b89\u557eFB\uff1ahttps://www.facebook.com/anjoupikachu/\n\ud83d\udc39 \u73a9\u5177\u958b\u7bb1\u5168\u96c6\uff1ahttps://goo.gl/91ulRJ",
        "likeCount": "2809",
        "commentCount": "83",
        "viewCount": "113785"
    },
    "comments": [
        {
            "reply_id": "UgxgkXcmfojPoG3QdUJ4AaABAg",
            "reply_content": "\u6211\u51c6\u50992\u6708\u53bb\u5212\u96ea\uff0c\u53ef\u4ee5\u4ecb\u7d39\u55ce"
        },
        {
            "reply_id": "Ugzj1Hart0PJ55fRkmx4AaABAg",
            "reply_content": "\u6211\u9a6c\u4e0a\u8981\u53bb\u661f\u91ce\u5de5\u4f5c\u4e86\ud83d\ude0a"
        },
        {
            "reply_id": "UgyMEuCDH5xQ8d4PNOp4AaABAg",
            "reply_content": "\u96d9\u99ac\u5c3e\u5f88\u53ef\u611b"
        },
        {
            "reply_id": "UgxbpRgHDdvfHadP4zR4AaABAg",
            "reply_content": "\u53ef\u611b\u7684\u5b89\u557e"
        },
        {
            "reply_id": "UgyOjF3ysiK2eTpsVNZ4AaABAg",
            "reply_content": "\u770b\u8457\u8996\u983b\uff0c\u771f\u7684\u5f88\u7f8e\uff0c\u770b\u8d77\u4f86\u5f88\u597d\u73a9\uff0c\u4f46\u662f\u6211\u6015\u51b7\uff0c\u6240\u4ee5\u5728\u5916\u9762\u73a9\u597d\u50cf\u6709\u9ede\u56f0\u96e3\ud83d\ude05\u3002"
        },
        {
            "reply_id": "UgxTcDgva1QaC5z9Ry14AaABAg",
            "reply_content": "\u6211\u600e\u9ebc\u89ba\u5f97\u611f\u89ba\u5728\u5929\u5802\u4e0d\u662f\u56e0\u70ba\u5728\u96f2\u6d77\u4e0a\u5403\u96f2\u6735\u9ede\u5fc3\uff0c\u662f\u56e0\u70ba\u6709\u5b89\u557e\u52d2"
        },
        {
            "reply_id": "UgzGvgmBdySupNgYath4AaABAg",
            "reply_content": "\u4f60\u662f\u76f4\u63a5\u5728\u5b98\u7f51\u9884\u8ba2\u7684\u5417\uff1f"
        },
        {
            "reply_id": "Ugyfiq1H4pEI9XRaowl4AaABAg",
            "reply_content": "\u597d\u591a\u4eba\u4f86\u9019\u5bb6\u5594\uff5e\u611f\u89ba\u771f\u7684\u5f88\u68d2"
        },
        {
            "reply_id": "UgwwF-myUHBk85r1PNB4AaABAg",
            "reply_content": "\u8acb\u554f\u5b89\u557e\u73fe\u5728\u662f\u9577\u671f\u90fd\u5f85\u5728\u65e5\u672c\u62cd\u7247\u55ce\uff1f \u56e0\u70ba\u525b\u525b\u770b\u4ed6\u53bb\u99ac\u529b\u6b50\u7684\u904a\u6a02\u5712"
        },
        {
            "reply_id": "UgxVLA_1QVjLvDV_dUh4AaABAg",
            "reply_content": "\u9700\u8981\u591a\u5c11\u9322"
        },
        {
            "reply_id": "UgyjS1vXCfCV7hG_WjN4AaABAg",
            "reply_content": "\u597d\u60f3\u53bb\u554a\u554a\u554a"
        },
        {
            "reply_id": "Ugwxv7SGsydE7Nv_DWl4AaABAg",
            "reply_content": "\u5b89\u557e\u8ddf\u5c0f\u5c0f\u557e\u90fd\u597d\u53ef\u611b"
        },
        {
            "reply_id": "UgxFBwoQ04z8oJBs7754AaABAg",
            "reply_content": "\u6211\u4eca\u5e74\u4e00\u6708\u4e2d\u4e5f\u6709\u53bb\u90a3\u908a\u73a9\n\u611f\u8b1d\u5b89\u557e\u7684\u5f71\u7247\u8b93\u6211\u53ef\u4ee5\u56de\u61b6\u90a3\u88e1\u7684\u7f8e\u666f\n\u771f\u7684\u597d\u60f3\u518d\u53bb\u73a9\u554a\uff5e\uff5e\uff5e"
        },
        {
            "reply_id": "Ugz8OU585IuI07AAEn54AaABAg",
            "reply_content": "\u5b89\u557e\u9019\u90e8\u756b\u9762\u984f\u8272\u771f\u7684\u597d\u7f8e\u770b\u5f97\u597d\u8212\u670d"
        },
        {
            "reply_id": "UgzS2iM3gbv_Du1tnBl4AaABAg",
            "reply_content": "\u559c\u6b61\u5b89\u557e\u62cd\u5916\u666f\u7684\u624b\u6cd5\ud83d\udc95\n\u6709\u7a2e\u8ddf\u5b89\u557e\u51fa\u53bb\u73a9\u7684\u611f\u89ba\uff08\uff1f\n\n\u54c8\u54c8\u9084\u6709\u5b89\u557e\u5f0f\u5e7d\u9ed8\\(//\u2207//)\\\n\u4e4b\u524d\u8ddf\u5718\u53bb\u5317\u6d77\u9053\u90fd\u6c92\u9019\u9ebc\u597d\u73a9\u904e\n\u770b\u5b8c\u5f8c\u60f3\u53bb\u51ac\u5929\u7684\u5317\u6d77\u9053\u60f9\n\n\u767c\u73fe\u5b89\u557e\u73fe\u5728\u5f88\u5e38\u8d70\u5916\u666f\u8def\u7dda\n\u4f46\u4e0d\u7ba1\u8d70\u5ba4\u5167\u9084\u662f\u5ba4\u5916\n\u6211\u90fd\u559c\u6b61 \u5b89\u557e\u62cd\u7684\u7247"
        },
        {
            "reply_id": "UgwwC-8iLc8Q6pDA4L54AaABAg",
            "reply_content": "\u770b\u4e45\u767c\u73fe\u5b89\u557e \u6709\u9ede\u50cf\u6797\u660e\u798e"
        },
        {
            "reply_id": "Ugyu-fm43owziDVwBOd4AaABAg",
            "reply_content": "\u5f71\u7247\u771f\u7684\u592a\u6709\u8cea\u611f\u592a\u8212\u670d\u4e86\ud83d\ude0d\ud83e\udef0\ud83c\udffb\u6bcf\u500b\u5730\u65b9\u90fd\u8d85\u60f3\u53bb\ud83e\udd0d"
        },
        {
            "reply_id": "Ugx_2nMYXK75mChT-DZ4AaABAg",
            "reply_content": "\u5317\u6d77\u9053\u771f\u7684\u592a\u592a\u592a\u6f02\u4eae\u4e86\ud83e\udd7a\ud83e\udd7a\n\u771f\u7684\u4eba\u751f\u8981\u53bb\u4e00\u6b21\u770b\u770b\uff01\uff01"
        },
        {
            "reply_id": "Ugy6N7faKTxeFv--rlt4AaABAg",
            "reply_content": "\u96ea\u666f\u771f\u7684\u8d85\u7f8e"
        },
        {
            "reply_id": "UgyXYKmVhnWGQyPatvV4AaABAg",
            "reply_content": "\u8ddf\u5c0f\u5c0f\u557e\u4e00\u8d77\u597d\u53ef\u611b\uff01"
        }
    ]
}