{
    "video_info": {
        "id": "YuSmp-1ndV4",
        "channelTitle": "\u5b89\u557e\u54aa",
        "title": "\u53ef\u611b\u624b\u9336\u88fd\u4f5c\u7d44\uff01\u7c21\u55ae\u89aa\u624b\u4f5c\u51fa\u5c6c\u65bc\u81ea\u5df1\u7684\u5922\u5e7b\u624b\u9336\uff01| \u5b89\u557e (\u309d\u2200\uff65) \u2661",
        "description": "- - - - - - - - - - - - - - - - - - - - - -\n\u27ab \u8a02\u95b1\u5b89\u557e\uff1ahttps://goo.gl/KmLFgD\n\u27ab \u5b89\u557eFacebook\uff1ahttps://www.facebook.com/anjoupikachu/\n\ud83d\udc39 \u73a9\u5177\u958b\u7bb1\u5168\u96c6\uff1ahttps://goo.gl/91ulRJ\n- - - - - - - - - - - - - - - - - - - - - -\nMixWatch\n- - - - - - - - - - - - - - - - - - - - - -\n\u27a8\u76f8\u95dc\u5f71\u7247\n\n1/2\u7e2e\u5c0f\u7248\u626d\u86cb\u6a5f \u2606 \u626d\u5230\u4ec0\u9ebc\u5c31\u5403\u4ec0\u9ebc\u7684\u523a\u6fc0\u73a9\u6cd5?!\n\u21e2 https://goo.gl/tSJlNG\n\u6dbc\u9eb5\u6c34\u6a02\u5712 - \u6d41\u6c34\u7d20\u9eb5\u5f9e\u9ad8\u4f4e\u5dee56cm\u7684\u6ed1\u6c34\u9053\u6e9c\u4e0b\u4f86\u4e86\uff01\n\u21e2 https://goo.gl/tgYRy1\n\u3010\u77e5\u80b2\u83d3\u5b50\u3011\u99ac\u6876\u6e05\u6dbc\u98f2\u6599\uff01\u7121\u6cd5\u62db\u67b6\u7684\u5473\u9053\uff01\n\u21e2 https://goo.gl/n0nnyQ\n\u6d77\u5e95\u7e3d\u52d5\u54e12 - Finding Dory \u2606 \u591a\u8389\u5609\u5e74\u83ef\uff01\u9084\u6709\u597d\u591a\u9b5a\u53cb\u5011\uff01\n\u21e2 https://goo.gl/oAn42q\n\u6703\u5b78\u4f60\u8aaa\u8a71\u7684\u840c\u840c\u5c0f\u5009\u9f20 - \u8981\u6210\u70ba\u4e00\u4f4d\u6559\u5b97\u4e0d\u662f\u90a3\u9ebc\u7c21\u55ae\u7684\u4e8b\u60c5!!\n\u21e2 https://goo.gl/8WZaZT\n- - - - - - - - - - - - - - - - - - - - - -\nBGM\u4f86\u6e90\uff1ahttp://dova-s.jp/\n\u97f3\u6548\u4f86\u6e90\uff1ahttp://musicisvfr.com/free/index.html",
        "likeCount": "9039",
        "commentCount": "418",
        "viewCount": "347204"
    },
    "comments": [
        {
            "reply_id": "Ugz_dinw3PaAzo5yxxN4AaABAg",
            "reply_content": "\u5b89\u557e\u02ca\n\u9019\u662f\u4e00\u500b\u5973\u751f\u65e5\u4e4b\u4e2d\u4e8c\u75c5\u02cb\u5b89\u557e\u4e0b\u5e73\u5b89\u55ce\u963f"
        },
        {
            "reply_id": "UgyKCH6KlLyh65V4LLN4AaABAg",
            "reply_content": "\u6211\u4e5f\u6709\u9019\u500b\u73a9\u5177"
        },
        {
            "reply_id": "UgwACjobuxBd_cprwe14AaABAg",
            "reply_content": "\u6211\u6709\u4e00\u500b\u6211\u89d2\u843d\u751f\u7269\u7684\u624b\u8868"
        },
        {
            "reply_id": "UgxTlN-t5NlZhBp2Nfh4AaABAg",
            "reply_content": "\u597d\u68d2\u7684\u73a9\u5177\uff01"
        },
        {
            "reply_id": "UgwauAS-tntT5FFZu_d4AaABAg",
            "reply_content": "\u5f88\u53ef\u611b\u5594\uff01\u597d\u7fa8\u6155\u5594!"
        },
        {
            "reply_id": "UgzC50vUbaz6PSwILWN4AaABAg",
            "reply_content": "\u6211\u4e5f\u60f3\u8981\u4e00\u53ea\u624b\u8868"
        },
        {
            "reply_id": "UgySJFnnGsgpZ9lhNFF4AaABAg",
            "reply_content": "\u6211\u89ba\u5f97\u7c89\u7d05\u8272"
        },
        {
            "reply_id": "UgwEdgdUJu2yoyOz9t14AaABAg",
            "reply_content": "\u597d\u53ef\u611b"
        },
        {
            "reply_id": "UgwVTBjDE31O2X57AfZ4AaABAg",
            "reply_content": "\u54ea\u91cc\u53ef\u4ee5\u4e70\u5230"
        },
        {
            "reply_id": "UgyazWWMC4FP5Tbx5R94AaABAg",
            "reply_content": "\u4f60\u5f88\u559c\u6b61\u505a\u624b\u5de5?"
        },
        {
            "reply_id": "UgzLmhIGEImOXIeubJN4AaABAg",
            "reply_content": "\u7f8e\u7f8e\u7684\u624b\u9336"
        },
        {
            "reply_id": "Ugw6UQo_UdtE2yF_O0B4AaABAg",
            "reply_content": "\u9084\u6eff\u53ef\u611b\uff5e"
        },
        {
            "reply_id": "Ugz2TpeGXxavHAUqnGh4AaABAg",
            "reply_content": "\u5728\u90a3\u88e1\u8cb7"
        },
        {
            "reply_id": "Ugy8KLAydaAbFplLl6Z4AaABAg",
            "reply_content": "\u5df2\u7559\u8a00\n\u5df2\u6309\u8b9a\n\u5df2\u8a02\u95b1\n\u5979\u505a\u5f97\u6bcf\u500b\u6211\u5e7e\u4e4e\u90fd\u559c\u6b61\ud83d\udc95\ud83d\ude0b"
        },
        {
            "reply_id": "UgxT7yRMAGV90z_A6h54AaABAg",
            "reply_content": "\u6211\u8d85\u611b\u9019\u500b\u624b\u9336\u7684\ud83d\udc95\n\u597d\u53ef\u611b\u5594\uff01"
        },
        {
            "reply_id": "UgwZFfxcBbx56t62AX14AaABAg",
            "reply_content": "\u9019\u500b\u5728\u90a3\u88e1\u8cb7\u7684"
        },
        {
            "reply_id": "Ugyl1RRwm_YIMGd6Qnp4AaABAg",
            "reply_content": "\u5c11\u5973\u5fc3\u624b\u9336\u266a\u611f\u89ba\u5c01\u9762\u90a3\u652f\u85cd\u8272\u9336\u6846\u7684\u624b\u9336\u5f88\u7f8e~"
        },
        {
            "reply_id": "UgxS5eCTvK3uBy0XVLB4AaABAg",
            "reply_content": "\u8863\u670d\u8ddf\u73a9\u5177\u9084\u6709\u80cc\u666f\u90fd\u8d85\u642d\u8036\uff01\u597d\u7c89\u7d05\u5594 \u2763\ufe0f"
        },
        {
            "reply_id": "UgzxLBZr9wWBlnAX8Kp4AaABAg",
            "reply_content": "\u597d\u597d\u5594\uff01\u6211\u4e5f\u60f3\u8981"
        },
        {
            "reply_id": "UgwktiKxzsVqW4r3isd4AaABAg",
            "reply_content": "\u597d\u60f3\u8981\u54e6\uff01\u4f60\u5728\u90a3\u91cc\u4e70\u7684\uff1f"
        }
    ]
}