{
    "video_info": {
        "id": "z6F5BoMYjRI",
        "channelTitle": "\u5b89\u557e\u54aa",
        "title": "\u6311\u6230\u5403\u548c\u83d3\u5b50\u4e00\u6574\u5929\uff01\u5c31\u50cf\u662f\u9ad8\u7d1a\u7248\u7684\u77e5\u80b2\u83d3\u5b50\uff1f| \u5b89\u557e (\u309d\u2200\uff65) \u2661",
        "description": "\u81ea\u5f9e\u770b\u4e86\u865f\u7a31\u548c\u83d3\u5b50\u98a8\u6c34\u4e16\u5bb6\u7684\u90a3\u90e8\u65e5\u5287\u4ee5\u5f8c\uff0c\u5c31\u4e00\u76f4\u5f88\u60f3\u8a66\u8a66\u770b\uff01\n\n\u597d\u597d\u4fdd\u8b77\u81ea\u5df1\u7684\u7259\u9f52\u624d\u80fd\u5403\u66f4\u591a\u751c\u98df\u55b2\uff01\n\u300a\u98db\u5229\u6d66\u97f3\u6ce2\u7259\u5237HX7533\u96d9\u5165\u7d44\u300b\nCostco\u7279\u60e0\u7d44 $5699\n11/1~11/11 \u9084\u53ef\u4ee5\u6298900=$4799\n\u52a0\u9ede\u904b\u8cbb\u4e5f\u53ef\u7dda\u4e0a\u8cb7\uff1a https://reurl.cc/AR0znK \n\n\u7d44\u5408\u5167\u5bb9:\n\u67092 \u652f\u8d85\u6548\u6f54\u6de8\u5237\u982d\u30011 \u652f\u947d\u77f3\u975a\u767d\u5237\u982d\u30012 \u500b\u65c5\u884c\u76d2\u30012 \u652f\u97f3\u6ce2\u7259\u5237\u5237\u67c4\np.s. \u947d\u77f3\u975a\u767d\u5237\u982d 7 \u5165\u7d44\u5408\u4e5f\u6709\u8d85\u503c\u512a\u60e0\u5594\uff01\n\n#\u548c\u83d3\u5b50#\u98db\u5229\u6d66Sonicare #\u98db\u5229\u6d66\u97f3\u6ce2\u7259\u5237 #Costco\u597d\u5e02\u591a\u6703\u54e1\u7279\u60e0 \n\n\u27ab \u8a02\u95b1\u5b89\u557e\uff1ahttps://goo.gl/KmLFgD\n\u27ab \u5b89\u557eIG\uff1ahttps://www.instagram.com/anjouclever/\n\u27ab \u5b89\u557eFB\uff1ahttps://www.facebook.com/anjoupikachu/\n\ud83d\udc39 \u73a9\u5177\u958b\u7bb1\u5168\u96c6\uff1ahttps://goo.gl/91ulRJ",
        "likeCount": "5677",
        "commentCount": "153",
        "viewCount": "287586"
    },
    "comments": [
        {
            "reply_id": "UgyxWkwW1AqVp3yANrh4AaABAg",
            "reply_content": "\u7e3d\u4e4b\u5c31\u8981\u8981\u9023\u5237+\u5faa\u74b0\u64a5\u653e"
        },
        {
            "reply_id": "UgzGxYIoymGhJy-kbfl4AaABAg",
            "reply_content": "\u6211\u4e5f\u6709\u53bb\u770b\u7259\u91ab\u771f\u7684\u5f88\u75db\u82e6\ud83d\ude1f\u6211\u7684\u5634\u5df4\u90fd\u5feb\u8981\u5f35\u4e0d\u958b\u4e86\ud83d\ude2d\u5b89\u79cb\u4f60\u597d\u53b2\u5bb3\u4f60\u73a9\u52d5\u7269\u68ee\u53cb\u6703\u73a9\u5f97\u597d\u52aa\u529b\u6709\u8981\u52a0\u6cb9\u5594\ud83d\udc4d\u6211\u73a9\u52d5\u7269\u68ee\u53cb\u6703\u6211\u79df\u623f\u79df\u4e86\u6240\u4ee5\u6211\u9322\u5f88\u5c11\ud83d\ude2d\u800c\u4e14\u6211\u4e5f\u662f\u65b0\u624b\ud83c\udf38\u4f60\u60f3\u77e5\u9053\u6211\u5c31\u53ef\u4ee5\u8ddf\u4f60\u8aaa\u6211\u7684\u5cf6\u540d\u53eb\u505a\u5f69\u86cb\u5c0f\u5cf6\ud83d\ude06\u5e0c\u671b\u4f60\u53ef\u4ee5\u4f86\u6211\u7684\u5cf6\u73a9\u4f60\u53ef\u4ee5\u8ddf\u6211\u8aaa\u4f60\u7684\u89d2\u8272\n\u662f\u4ec0\u9ebc\u6a23\u5b50\u7684\ud83e\udd14\u671f\u5f85\u53c8\u8208\u596e\u4f60\u4f86\u6211\u7684\u5cf6\u73a9\u6211\u4e0d\u80fd\u53bb\u4f60\u7684\u5cf6\u73a9\u662f\u56e0\u70ba\u6211\u73fe\u5728\u5c31\u662f\u4e0d\u80fd\u53bb\u7d04\n3/13\u65e5\ud83e\udd70"
        },
        {
            "reply_id": "Ugz6pRKVix2zgYBrUbl4AaABAg",
            "reply_content": "\u8d85\u53ef\u611b\u7684\uff01\u5b89\u557e\u4e5f\u662f\uff01\u770b\u4f60\u7684\u89c6\u9891\u5f88\u5f00\u5fc3 \u52a0\u6cb9\u6211\u4e5f\u4f1a\u7ee7\u7eed\u652f\u6301\u7684\uff01"
        },
        {
            "reply_id": "UgzBGbHRlAHRegNIgYB4AaABAg",
            "reply_content": "\u4e2a\u4eba\u4e0d\u662f\u5f88\u559c\u6b22\u4fa7\u9762\u62cd\u5b89\u557e\u7684\u8138\uff0c\u770b\u8d77\u6765\u5f88\u50cf\u7535\u89c6\u5e7f\u544aXDD\uff0c\u6b63\u9762\u611f\u89c9\u6bd4\u8f83\u4eb2\u5207\uff0c\u53ef\u4ee5\u4e0b\u6b21\u52a0\u70b9\u7279\u5199\u4ec0\u4e48\u7684"
        },
        {
            "reply_id": "Ugzn6a7byvL949RTdKV4AaABAg",
            "reply_content": "\u5b89\u557e\u5938\u81ea\u5df1\u597d\u53ef\u7231\uff0c\u54c8\u54c8\u54c8"
        },
        {
            "reply_id": "UgyfPA9hqZ1dzwgfuad4AaABAg",
            "reply_content": "\u5f71\u7247\u540e\u534a\u90e8\u5206\u597d\u50cf\u58f0\u97f3\u6709\u70b9\u5c0f\u2026\u2026"
        },
        {
            "reply_id": "UgybaFd8V5TkIopv4sZ4AaABAg",
            "reply_content": "\u7528\u7b5b\u7f51\u505a\u82b1\u854a\u597d\u795e\u5947\u554a\uff01\u4e4b\u524d\u4e00\u76f4\u597d\u5947\u600e\u4e48\u505a\u7684"
        },
        {
            "reply_id": "UgzTDV2leF27Pa164DN4AaABAg",
            "reply_content": "\u5b89\u63ea\u8ddf\u672c\u662f\u624b\u505a\u9054\u4eba\ud83d\ude0a\ud83d\ude2e"
        },
        {
            "reply_id": "Ugxe8zZUxeLs2hP440t4AaABAg",
            "reply_content": "\u6211\u89c9\u5f97\u67f4\u67f4\u6bd4\u8f83\u50cf\u7334\u5b50\u54c8\u54c8\u54c8 \u4e0d\u8fc7\u597d\u53ef\u7231 \u2764\ufe0f"
        },
        {
            "reply_id": "UgyCOiE_MSMbn8RwQkV4AaABAg",
            "reply_content": "\u53ef\u662f\u65e5\u672c\u4eba\u4f1a\u7528\u4e00\u79cd\u4fd7\u8bf4\u7259\u7b7e\u7684\u4e1c\u897f\u6765\u5403\u548c\u679c\u5b50\ud83e\udd13"
        },
        {
            "reply_id": "UgzM2MUlvG0ed9KEe9p4AaABAg",
            "reply_content": "\u6211\u4e5f\u662f\u770b\u6211\u5011\u6709\u9ede\u4e0d\u5c0d\u52c1\u611b\u4e0a\u548c\u83d3\u5b50\u7684\uff01\uff01\uff01\n\u4e4b\u5f8c\u60f3\u770b\u5b89\u557e\u9084\u539f\u5287\u4e2d\u7684\u548c\u83d3\u5b50\n\u4e4b\u524d\u6709\u53bb\u5403\u904e\u6afb\u9905 \u7cf0\u5b50 \u6700\u4e2d \u8568\u9905 \u90fd\u597d\u597d\u5403\ud83e\udd7a"
        },
        {
            "reply_id": "UgyhxqCCCdBqJDZfKht4AaABAg",
            "reply_content": "\u6211\u559c\u6b61\u6afb\u82b1\u83d3\u5b50"
        },
        {
            "reply_id": "UgxlxOy-D_eL3nWTtiZ4AaABAg",
            "reply_content": "\u597d\u4e45\u6c92\u6709\u770b\u904e\u5b89\u557e\u51fa\u65b0\u5f71\u7247\u5b89\u557e\u7684\u5eda\u85dd\u4e0a\u5347\u5f88\u591a"
        },
        {
            "reply_id": "Ugz-TR4f8Di6PuS0UMx4AaABAg",
            "reply_content": "\u8b9a"
        },
        {
            "reply_id": "UgxkNH7TY1oydEyTHn94AaABAg",
            "reply_content": "\u6bcf\u6b21\u770b\u5b89\u557e\u624b\u4f5c\u90fd\u89ba\u5f97\u597d\u7642\u7652\ud83e\udd70\n\u6211\u7684\u624b\u6c92\u5b89\u557e\u5de7\uff0c\u6839\u672c\u505a\u4e0d\u51fa\u4f86\u90a3\u9ebc\u597d\u770b\u7684\u98df\u7269\ud83e\udd72\n\u5b89\u557e\u52a0\u6cb9\uff01"
        },
        {
            "reply_id": "Ugyqd0wFoUhXACH7XC14AaABAg",
            "reply_content": "\u548c\u83d3\u5b50\u98a8\u6c34\u4e16\u5bb6 \u7684\u670d\u88dd\u4e5f\u597d\u7f8e"
        },
        {
            "reply_id": "UgxK4sQRum4oJC-fm0x4AaABAg",
            "reply_content": "\u672a\u770b\u5148\u731c \u8d85\u751c(\u6839\u64da\u81ea\u8eab\u7d93\u9a57)\n\u548c\u83d3\u5b50\u90fd\u9700\u8981\u914d\u82e6\u8336\u662f\u6709\u539f\u56e0\u7684(\u9060\u76ee)"
        },
        {
            "reply_id": "Ugy0Di1aoJOEONTiO8N4AaABAg",
            "reply_content": "\u7e3d\u89ba\u5f97\u53ef\u4ee5\u627e\u597d\u5473\u5c0f\u59d0\u5408\u4f5c\u311f  \u56e0\u70ba\u8106\u8106\u662f\u6f54\u7259\u5c0f\u968a\u968a\u9577XD"
        },
        {
            "reply_id": "Ugze6L38tTaDKeFYK8J4AaABAg",
            "reply_content": "\u60f3\u770b\u5b89\u557e\u8ddf\u679c\u5b50\u541b\u5408\u4f5c"
        },
        {
            "reply_id": "UgyFeMNeCaAMPVdUEBl4AaABAg",
            "reply_content": "\u5b89\u557e\u505a\u7684\u548c\u83d3\u5b50\u4e0d\u4f46\u770b\u8d77\u4f86\u597d\u5403\u53c8\u5f88\u53ef\u611b\uff01\ud83d\ude0d"
        }
    ]
}