{
    "video_info": {
        "id": "ZK38cyacBNc",
        "channelTitle": "\u5b89\u557e\u54aa",
        "title": "\u4e00\u500b\u4eba\u7684\u95dc\u6771\u716e\u6a5f! \u5728\u5bb6\u4e5f\u80fd\u9ad4\u9a57\u5230\u5c45\u9152\u5c4b\u7684\u6c23\u6c1b!! | \u5b89\u557e (\u309d\u2200\uff65) \u2661",
        "description": "\u5929\u6c23\u51b7\u51b7\u7684\u6642\u5019\u5403\u95dc\u6771\u716e\u5e78\u305b\uff5e\n\u27ab \u8a02\u95b1\u5b89\u557e\uff1ahttps://goo.gl/KmLFgD\n\u27ab \u5b89\u557eIG\uff1ahttps://www.instagram.com/anjouclever/\n\u27ab \u5b89\u557eFB\uff1ahttps://www.facebook.com/anjoupikachu/\n\ud83d\udc39 \u73a9\u5177\u958b\u7bb1\u5168\u96c6\uff1ahttps://goo.gl/91ulRJ\n\n\u27a8\u5176\u4ed6\u5b89\u557e\u5f71\u7247\n1/2\u7e2e\u5c0f\u7248\u626d\u86cb\u6a5f \u2606 \u626d\u5230\u4ec0\u9ebc\u5c31\u5403\u4ec0\u9ebc\u7684\u523a\u6fc0\u73a9\u6cd5?!\n\u21e2 https://goo.gl/tSJlNG\n\u6dbc\u9eb5\u6c34\u6a02\u5712 - \u6d41\u6c34\u7d20\u9eb5\u5f9e\u9ad8\u4f4e\u5dee56cm\u7684\u6ed1\u6c34\u9053\u6e9c\u4e0b\u4f86\u4e86\uff01\n\u21e2 https://goo.gl/tgYRy1\n\u3010\u77e5\u80b2\u83d3\u5b50\u3011\u99ac\u6876\u6e05\u6dbc\u98f2\u6599\uff01\u7121\u6cd5\u62db\u67b6\u7684\u5473\u9053\uff01\n\u21e2 https://goo.gl/n0nnyQ\n\u6d77\u5e95\u7e3d\u52d5\u54e12 - Finding Dory \u2606 \u591a\u8389\u5609\u5e74\u83ef\uff01\u9084\u6709\u597d\u591a\u9b5a\u53cb\u5011\uff01\n\u21e2 https://goo.gl/oAn42q\n\u6703\u5b78\u4f60\u8aaa\u8a71\u7684\u840c\u840c\u5c0f\u5009\u9f20 - \u8981\u6210\u70ba\u4e00\u4f4d\u6559\u5b97\u4e0d\u662f\u90a3\u9ebc\u7c21\u55ae\u7684\u4e8b\u60c5!!\n\u21e2 https://goo.gl/8WZaZT\n\nBGM\u4f86\u6e90\uff1ahttp://dova-s.jp/\n\u97f3\u6548\u4f86\u6e90\uff1ahttp://musicisvfr.com/free/index.html",
        "likeCount": "16490",
        "commentCount": "647",
        "viewCount": "666795"
    },
    "comments": [
        {
            "reply_id": "UgzFmA_eBQ9OMn6P7_R4AaABAg",
            "reply_content": "\u5176\u5be6\u6700\u8fd1\u6211\u63db\u6210sony\u7684\u76f8\u6a5f\u548c\u53b2\u5bb3\u7684\u93e1\u982d\uff0c\u6210\u50cf\u6bd4\u8f03\u92b3\u5229\u6e05\u6670\n\u9084\u5728\u505a\u5404\u7a2e\u6e2c\u8a66\u8ddf\u8abf\u6574\uff01\n\u96d6\u7136\u6211\u81c9\u6bd4\u8f03\u51f9\u7626\u7684\u90e8\u5206\u7121\u6240\u9041\u5f62\uff5e\n\u53ef\u80fd\u4e4b\u5f8c\u6253\u5149\u8981\u518d\u8abf\u6574\u8b93\u5927\u5bb6\u770b\u6bd4\u8f03\u8212\u670d\uff08\u4f46\u597d\u96e3\u6211\u6bcf\u6b21\u90fd\u6253\u4e0d\u4e00\u6a23XD\uff09\n\u6211\u5403\u5f88\u591a\u90fd\u6709\u809a\u5b50\u4e86 \u4f46\u81c9\u5c31\u662f\u80d6\u4e0d\u8d77\u4f86XDDD\n\u4f46\u81ea\u5df1\u4e5f\u6bd4\u8f03\u559c\u6b61\u6210\u50cf\u6e05\u695a\u7684\u6a23\u5b50\uff0c\u756b\u9762\u4e5f\u6bd4\u8f03\u7cbe\u7dfb\uff0c\u6771\u897f\u770b\u8d77\u4f86\u4e5f\u6bd4\u8f03\u597d\u5403\uff01\n\n\u4ee5\u524d\u6703\u6015\u81ea\u5df1\u4e0d\u597d\u770b\uff0c\u6709\u6642\u6210\u50cf\u6703\u7cca\u7cca\u7684\u3001\u93e1\u982d\u4e5f\u67b6\u7684\u6bd4\u8f03\u9ad8\n\u73fe\u5728\u6bd4\u8f03\u5e0c\u671b\u53ef\u4ee5\u8b93\u5927\u5bb6\u8cbc\u8fd1\u66f4\u771f\u5be6\u7684\u6211\n\u4e5f\u66f4\u52c7\u6562\u9762\u5c0d\u81ea\u5df1\u4e86\uff0c\n\u4e5f\u9084\u597d\u80fd\u5920\u5f9e\u5f71\u50cf\u88e1\u6aa2\u8996\u81ea\u5df1\u7684\u5404\u7a2e\u65b9\u9762\uff0c\u8b93\u81ea\u5df1\u80fd\u66f4\u597d\uff5e\n\u4e00\u76f4\u5728\u9032\u6b65\u624d\u5c0d\u5f97\u8d77\u5927\u5bb6\u7684\u652f\u6301\u5537\uff01"
        },
        {
            "reply_id": "UgzBBZ1rrF5ReOLpRhl4AaABAg",
            "reply_content": "\u5b89\u557e\u54aa\u597d\u6eab\u67d4"
        },
        {
            "reply_id": "Ugx9HXSCEM2ZhzpILLt4AaABAg",
            "reply_content": "\u5b89\u557e\u73fe\u5728\u5e7e\u6b72"
        },
        {
            "reply_id": "UgxW-PIjHw9Utqy8wI54AaABAg",
            "reply_content": "\u770b\u5230\u4e00\u6574\u6839\u7684\u7389\u7c73\u6211\u8d85\u50bb\u773c\ud83e\udd23\uff08\u4e0d\u662f\u61c9\u8a72\u5148\u5207\u55ceXD"
        },
        {
            "reply_id": "UgxfxFOIkttome_rSsN4AaABAg",
            "reply_content": "\u7761\u524d\u518d\u770b\u5594\u4eba\u7684\u5594\u770b\u8a92\u5566\u53bb\u5594\u6642\u63d0\u51fa\u5f04\u4f60\u963f\u7238\u310d\u7dca\u63a5\u8457\u8cc7\u7522\u91cd\u7d44"
        },
        {
            "reply_id": "UgzSJ9wXpmfZYORnTnB4AaABAg",
            "reply_content": "\u8acb\u554f\u9019\u6a23\u7e3d\u5171\u82b1\u8cbb\u591a\u5c11\u5462\u770b\u4e86\u90fd\u597d\u60f3\u8cb7\ud83d\ude0d\ud83d\ude0d\ud83e\udd23"
        },
        {
            "reply_id": "Ugwb7rq4_S7-OaJeGox4AaABAg",
            "reply_content": "\u54c8\u54c8\u54c8\u54c8\u4f60\u7684\u597d\u591a\u89c6\u9891\u90fd\u9700\u8981\u5f88\u5f3a\u7684\u52a8\u624b\u80fd\u529b\u548c\u8010\u5fc3\uff0c\u9700\u8981\u5927\u91cf\u65f6\u95f4\u548c\u91cd\u590d\u52a8\u4f5c\u624d\u80fd\u5b8c\u6210\uff0c\u771f\u4e0d\u5bb9\u6613\u5462\uff0c\u800c\u4e14\u641e\u7b11\u81ea\u5632\u548c\u5316\u89e3\u5c34\u5c2c\u7684\u80fd\u529b\u4e5f\u662f\u8d85\u4e00\u7ebf\u6c34\u51c6"
        },
        {
            "reply_id": "Ugw32dy6J4GPm_QUnRx4AaABAg",
            "reply_content": "\u597d\u60f3\u8cb7\u4e00\u500b"
        },
        {
            "reply_id": "Ugy0VyGQWQLXKDuoFCN4AaABAg",
            "reply_content": "\u6bcf\u6b21\u770b\u4f60\u7684\u5f71\u7247\u90fd\u7b11\u5230\u4e0d\u80fd\u81ea\u7406\u4e86\ud83e\udd23"
        },
        {
            "reply_id": "Ugwyy6iflMo9bsRjbkx4AaABAg",
            "reply_content": "\u5443\u2026\u6211\u5bb6\u7684\u900f\u660e\u934b\u7528\u4e00\u5169\u5e74\u4e86"
        },
        {
            "reply_id": "UgxVUzIWKoFjl-ePszt4AaABAg",
            "reply_content": "\u4e4b\u524d\u770b\u5230\u5009\u9f20\u7684\u5f71\u7247\u5c31\u611b\u4e0a\u5b89\u557e\u4e86666"
        },
        {
            "reply_id": "UgwY3J2EGErjOBB0LxN4AaABAg",
            "reply_content": "\u9019\u500b\u54ea\u88e1\u8cb7\uff1f"
        },
        {
            "reply_id": "Ugw2X0f3p-YxmDUaAut4AaABAg",
            "reply_content": "\u5152"
        },
        {
            "reply_id": "Ugy238Ocu5wRzuDMa1B4AaABAg",
            "reply_content": "\u90a3\u500b\u7389\u7c73\u7adf\u7136\u6c92\u5207\uff08\u63a9\u9762\uff09"
        },
        {
            "reply_id": "UgzmEYZux85OvwepaNt4AaABAg",
            "reply_content": "\u4f60\u4e5f\u662f\u5594"
        },
        {
            "reply_id": "UgxkgWyrUDA_i-W0Ij14AaABAg",
            "reply_content": "\u5b89\u557e\u4f60\u7684\u6c99\u767c\u597d\u6f02\u4eae"
        },
        {
            "reply_id": "UgyEExgyVaVIdcB7GKd4AaABAg",
            "reply_content": "\u8ba2\u9605\u5b89\u557e\uff01\u6309\u8d5e\u5b89\u557e\uff01"
        },
        {
            "reply_id": "UgwjcUwVBVg3hFni20l4AaABAg",
            "reply_content": "\u5728\u5eda\u623f\u716e\u6771\u897f\u90a3\u6bb5\u8996\u89d2\u597d\u68d2\uff0c\u597d\u50cf\u770b\u8457\u5fc3\u611b\u7684\u5973\u53cb\u5728\u7528\u5fc3\u7684\u505a\u6599\u7406\u3002"
        },
        {
            "reply_id": "Ugzael8dd-ujEbeajdR4AaABAg",
            "reply_content": "\u8acb\u554f\u9019\u6a5f\u5668\u5728\u54ea\u88e1\u8cb7\u5f97\u5230\uff1f\u597d\u60f3\u8cb7"
        },
        {
            "reply_id": "UgzZC_cIjvfWdSgPvT54AaABAg",
            "reply_content": "\u5f9e\u77e5\u80b2\u83d3\u5b50\u9032\u5316\u5230\u95dc\u6771\u716e\u4e86"
        }
    ]
}