{
    "video_info": {
        "id": "ZqRCqV95kcI",
        "channelTitle": "\u5b89\u557e\u54aa",
        "title": "\u624b\u4f5c\u5361\u6bd4\u7378\u7acb\u9ad4\u6416\u6416\u9905\u4e7e\uff01\u53ef\u611b\u5230\u6368\u4e0d\u5f97\u5403\uff01\u9019\u6b21\u7adf\u7136\u7372\u5f97\u4e86\u5de8\u5927\u7684\u6210\u529f\uff01| \u5b89\u557e (\u309d\u2200\uff65) \u2661",
        "description": "\u5929\u6c23\u6f38\u6dbc\uff0c\u50cf\u5361\u6bd4\u7378\u4e00\u6a23\u6574\u5929\u660f\u660f\u6b32\u7761\u7684\u6642\u671f\u53c8\u5230\u4e86\uff01\n\u27ab \u8a02\u95b1\u5b89\u557e\uff1ahttps://goo.gl/KmLFgD\n\u27ab \u5b89\u557eIG\uff1ahttps://www.instagram.com/anjouclever/\n\u27ab \u5b89\u557eFB\uff1ahttps://www.facebook.com/anjoupikachu/\n\ud83d\udc39 \u73a9\u5177\u958b\u7bb1\u5168\u96c6\uff1ahttps://goo.gl/91ulRJ\n\n\u27a8\u5176\u4ed6\u5b89\u557e\u5f71\u7247\n1/2\u7e2e\u5c0f\u7248\u626d\u86cb\u6a5f \u2606 \u626d\u5230\u4ec0\u9ebc\u5c31\u5403\u4ec0\u9ebc\u7684\u523a\u6fc0\u73a9\u6cd5?!\n\u21e2 https://goo.gl/tSJlNG\n\u6dbc\u9eb5\u6c34\u6a02\u5712 - \u6d41\u6c34\u7d20\u9eb5\u5f9e\u9ad8\u4f4e\u5dee56cm\u7684\u6ed1\u6c34\u9053\u6e9c\u4e0b\u4f86\u4e86\uff01\n\u21e2 https://goo.gl/tgYRy1\n\u3010\u77e5\u80b2\u83d3\u5b50\u3011\u99ac\u6876\u6e05\u6dbc\u98f2\u6599\uff01\u7121\u6cd5\u62db\u67b6\u7684\u5473\u9053\uff01\n\u21e2 https://goo.gl/n0nnyQ\n\u6d77\u5e95\u7e3d\u52d5\u54e12 - Finding Dory \u2606 \u591a\u8389\u5609\u5e74\u83ef\uff01\u9084\u6709\u597d\u591a\u9b5a\u53cb\u5011\uff01\n\u21e2 https://goo.gl/oAn42q\n\u6703\u5b78\u4f60\u8aaa\u8a71\u7684\u840c\u840c\u5c0f\u5009\u9f20 - \u8981\u6210\u70ba\u4e00\u4f4d\u6559\u5b97\u4e0d\u662f\u90a3\u9ebc\u7c21\u55ae\u7684\u4e8b\u60c5!!\n\u21e2 https://goo.gl/8WZaZT\n\nBGM\u4f86\u6e90\uff1ahttp://dova-s.jp/\n\u97f3\u6548\u4f86\u6e90\uff1ahttp://musicisvfr.com/free/index.html",
        "likeCount": "10064",
        "commentCount": "344",
        "viewCount": "327177"
    },
    "comments": [
        {
            "reply_id": "UgzjcOyKfLqMAKt9Dhp4AaABAg",
            "reply_content": "\u795d\u5927\u5bb6\u842c\u8056\u7bc0\u5feb\u6a02\uff01"
        },
        {
            "reply_id": "Ugx5k2cUTP5HkurM4eF4AaABAg",
            "reply_content": "\u90a3\u500b\u6c34\u58fa\u8981\u53bb\u54ea\u88e1\u8cb7\uff1f"
        },
        {
            "reply_id": "Ugx55_dtAQ4ITshpTIZ4AaABAg",
            "reply_content": "\u9905\u4e7e\u770b\u8d77\u4f86\u597d\u597d\u5403\ud83e\udd24\ud83e\udd24"
        },
        {
            "reply_id": "UgwbEXuGibFI2YniJXp4AaABAg",
            "reply_content": "\u597d\u53ef\u611b"
        },
        {
            "reply_id": "UgzeCs7ZO27C6OGAzLV4AaABAg",
            "reply_content": "\u505a\u7684\u597d\u53ef\u611b"
        },
        {
            "reply_id": "UgwgZx01bJkdFXOMaHp4AaABAg",
            "reply_content": "\u4fdd\u6eab\u74f6\u597d\u53ef\u611b\u5594"
        },
        {
            "reply_id": "UgzABU0aWZq06wdnWcZ4AaABAg",
            "reply_content": "\u592a\u53ef\u611b\u4e86\u5427\uff01"
        },
        {
            "reply_id": "UgyzpguMReMAa2cJVn54AaABAg",
            "reply_content": "\u597d\u53ef\u611b\u5594\n\u4f60\u597d\u53b2\u5bb3"
        },
        {
            "reply_id": "UgydMP5HS6B1srrO6-h4AaABAg",
            "reply_content": "\u80d6\u4e01\u7684\u6c34\u58fa\u597d\u53ef\u611b"
        },
        {
            "reply_id": "UgxIPE-8QggzGQ6ppGV4AaABAg",
            "reply_content": "\u597d\u53ef\u611b\u5594!"
        },
        {
            "reply_id": "UgxeNPkse0627FWZSRV4AaABAg",
            "reply_content": "\u5728\u5916\u76d2\u4e0a\u6211\u770b\u5230\u9e97\u5b30\u623f\u7684\u6a19\u8a8c"
        },
        {
            "reply_id": "Ugw8CVW7_ZqrBOtt-vx4AaABAg",
            "reply_content": "\u4f60\u662f\u4e0d\u662f\u5728\u65b0\u5bb6\ud83d\ude05"
        },
        {
            "reply_id": "Ugy465-frsjeukxLxgp4AaABAg",
            "reply_content": "\u559c\u6b61\u5b89\u557e\uff0c\u611b\u4f60"
        },
        {
            "reply_id": "UgymZrpu7kSUoU7zInN4AaABAg",
            "reply_content": "\u5728\u9999\u6e2f\u5df2\u7d93\u6709\u5f88\u591a\u9019\u4e9b\u6c34\u74f6\u4e86\uff0c\u6bcf\u500b\u5730\u65b9\u90fd\u53ef\u4ee5\u8cb7\u2026"
        },
        {
            "reply_id": "UgxcX01MXJ3cb9wL--Z4AaABAg",
            "reply_content": "\u600e\u6c92\u6709\u65b0\u5f71\u7247"
        },
        {
            "reply_id": "UgzD089hC_AB0KEB6e94AaABAg",
            "reply_content": "\u5b89\u557e\u756b\u5716\u8d85\u53ef\u611b"
        },
        {
            "reply_id": "UgzZXycaW7hl6w0jwOh4AaABAg",
            "reply_content": "\u8b9a"
        },
        {
            "reply_id": "UgyOKtx_csv9C_uXF2F4AaABAg",
            "reply_content": "\u54c7!\u9905\u4e7e\u8ddf\u4fdd\u6eab\u676f\u90fd\u597d\u53ef\u611b!!!\u8acb\u554f\u5b89\u557e\u6709\u8003\u616e\u628a\u591a\u7684\u4fdd\u6eab\u74f6\u62ff\u51fa\u4f86\u62cd\u8ce3\u55ceXD"
        },
        {
            "reply_id": "UgwS3BmmNc1SXHvPxLB4AaABAg",
            "reply_content": "\u597d\u53ef\u611b"
        },
        {
            "reply_id": "UgyUbOT5kJywDoaELEx4AaABAg",
            "reply_content": "\u54ea\u88e1\u8cb7\u7684\u676f"
        }
    ]
}