{
    "video_info": {
        "id": "0I1yZ4T_J9I",
        "channelTitle": "Onion Man",
        "title": "Onion Man | \u5230\u62c9\u65af\u7dad\u52a0\u65af\u8c6a\u8ced\uff01\u71ac\u591c\u5230\u5929\u4eae\uff01\u7f8e\u570b\u884c\u6700\u7d42\u7bc7 @JBao @DOILYLIFE  @huzi_life  @sonsumin1994",
        "description": "\u518d\u6b21\u4f86\u5230\u8ced\u5834-\u62c9\u65af\u7dad\u52a0\u65af\uff0c\u9019\u6b21\u6d0b\u8525\u6c7a\u5b9a\u8abf\u6574\u5fc3\u614b\u8ced\u4e00\u628a\n\n\u65b0\u8863\u670d\u9810\u8cfc\u958b\u555f\nOnion Man \u6d0b\u8525 \u00d7 \u523a\u7e61\u68c9\u8cea\u4f11\u9592\u904b\u52d5\u77ed\u8932\nhttps://www.tami.tw/products/onionman-2023gs\nOnion Man \u6d0b\u8525 \u00d7 \u72e0\u89d2\u8272\u8cbc\u5e03 T-shirt\nhttps://www.tami.tw/products/onionman-2023tshirt\n\n\u3010\u8a02\u95b1\u3011\u53ca\u89c0\u770b\u6d0b\u8525\u66f4\u591a\u5f71\u7247: https://goo.gl/ijP3Eb\n\n\u5de5\u4f5c\u5408\u4f5c\uff1aonionmanwork@gmail.com\nOnion Man \u767e\u842c\u8ffd\u8e64\u7c89\u7d72\u5718:goo.gl/Z5CSvw\n\n\u6700\u65b0\u963f\u6587\u8cbc\u5716:https://reurl.cc/GxYjA\n\n\u7b2c\u4e00\u4ee3\u963f\u6587line\u8cbc\u5716:https://reurl.cc/Wroxx\n\n\u6d0b\u8525\u79c1\u751f\u6d3bIG:https://www.instagram.com/onionman__/\n\n\n\u904b\u52d5\u6f2b\u756b\u88e1\u7684\u4e2d\u4e8c\u8001\u6897\u5287\u60c5\n\u25ba\u7b2c\u4e00\u96c6:https://youtu.be/cMoV1rPH35k\n\u25ba\u7b2c\u4e8c\u96c6:https://youtu.be/iW7LM00lny0\n\u25ba\u7b2c\u4e09\u96c6:https://youtu.be/2G5wu61uCM0\n\u25ba\u7b2c\u56db\u96c6:https://youtu.be/-rP1abYv8n4\n\nOnion Man \u95dc\u9375\u5b57:\n\u4e2d\u4e8c \u80a5\u5b85 \u55ae\u8eab\u6f22 \u55ae\u8eab \u9b6f\u86c7 \u5c4c\u7d72 \u80a5\u5b85",
        "likeCount": "4733",
        "commentCount": "279",
        "viewCount": "300608"
    },
    "comments": [
        {
            "reply_id": "UgxEoiTpY4hOY4F98c94AaABAg",
            "reply_content": "\u8b1d\u8b1d"
        },
        {
            "reply_id": "UgxApVS8QTWhioUp-Zd4AaABAg",
            "reply_content": "\u6d0b\u8525\u771f\u7684\u6c5f\u90ce\u624d\u76e1\u4e86\u2026"
        },
        {
            "reply_id": "Ugyw2KEj7R0jJKct1Lp4AaABAg",
            "reply_content": "\u90a3\u4ef6\u6709\u9ede\u50cf\u7d68\u5e03\u7684\u77ed\u8896\u662f\u4ec0\u9ebc\u54c1\u724c\u7684\u5440\uff01\u5728\u5b78\u5230\u6021\u7684\u6642\u5019\u7684\u90a3\u4ef6\uff01"
        },
        {
            "reply_id": "UgznjWHPUT27G76wmUV4AaABAg",
            "reply_content": "\u8932\u5b50\u5df2\u4e0b\u55ae\ud83e\udd24"
        },
        {
            "reply_id": "Ugw7LTSmzqCBd4IXnXF4AaABAg",
            "reply_content": "\u597d\u597d\u5594"
        },
        {
            "reply_id": "UgzKOVBhXCFAf7NuAtd4AaABAg",
            "reply_content": "\u8ced\u5834\u53c8\u6557\u8d70\u4e86\u5594 \u4f60\u5011\u4e00\u884c\u4eba\u7adf\u7136\u53ef\u4ee5\u5168\u8f38, \u53ef\u6015\u7684\u60e1\u904b"
        },
        {
            "reply_id": "UgxGLhn-LB-BX6Te8Wd4AaABAg",
            "reply_content": "\u6d0b\u8525\u5176\u5be6\u90a3\u4e00\u628a\u672c\u4f86\u8981\u58d3\u5168\u90e8\u8ca1\u7522 \u7d50\u679c\u88ab\u963b\u6b62\ud83e\udd23"
        },
        {
            "reply_id": "Ugz-nuy9_ULGp8HIL-N4AaABAg",
            "reply_content": "\u4e3a\u4ec0\u4e48\u6700\u8fd1\u7684\u89c6\u9891\uff0c\u8840\u90fd\u662f\u9752\u8272\u7684\u554a\uff1f\u4f60\u73b0\u5728\u518d\u8bd5\u7740\u8fdb\u519b\u5927\u9646\u5e02\u573a\u5417\u6240\u4ee5\u624d\u628a\u8840\u9a6c\u8d5b\u514b\u4e86\uff1f"
        },
        {
            "reply_id": "Ugzjtp30vpzp9LNHuet4AaABAg",
            "reply_content": "\u5230\u6021\u4e4b\u529b\u7121\u6575"
        },
        {
            "reply_id": "UgwJscd0ey944_Hs_d54AaABAg",
            "reply_content": "\u8ab0\u662f\u770b\u5c01\u9762\u7684\u5973\u751f\u9ede\u9032\u4f86\u7684 \u6309\u8b9a\u8b93\u6211\u77e5\u9053\ud83d\ude02\ud83d\ude02"
        },
        {
            "reply_id": "Ugw0xKXW7BZv3lZcbvl4AaABAg",
            "reply_content": "\u54c8\u54c8\u65c5\u4f34\u771f\u7684\u5f88\u91cd\u8981"
        },
        {
            "reply_id": "Ugz3EeoMo7QDAbASwzN4AaABAg",
            "reply_content": "\u5ba2\u5bb6\u7d55\u5c0d\u4e0d\u8ced"
        },
        {
            "reply_id": "UgxLtnQsntns3V6vB7d4AaABAg",
            "reply_content": "\u51fa\u53bb\u73a9\u9084\u662f\u8981\u6709\u59b9\u5b50\u624d\u597d\u73a9\n\u4e4b\u524d\u8ddf\u670b\u53cb\u53bb \u56db\u500b\u90fd\u7537\u7684\u8d85\u7121\u804a"
        },
        {
            "reply_id": "UgwymL9FZJVUegMOatV4AaABAg",
            "reply_content": "\u6d0b\u8525\u756b\u8179\u808c\u81ea\u80a5"
        },
        {
            "reply_id": "UgwznImhm7OJOHhUxfB4AaABAg",
            "reply_content": "\u54c8\u54c8\u54c8 \u592a\u6709\u8da3\u4e86\u3002 \u770b\u5b8c\u5fcd\u4e0d\u4f4f\u60f3\u53bb\u73a9\u5169\u628a\n \u8a71\u8aaa\uff0c\u7f8e\u570b\u8fea\u58eb\u5c3c\u5feb\u901f\u901a\u904e\u9084\u8981\u6392\u968a\u6392\u90a3\u9ebc\u4e45\u554a\u3002\u592a\u6050\u6016\u4e86\u5427"
        },
        {
            "reply_id": "Ugw37SwFgn5Sq52IxX94AaABAg",
            "reply_content": "\u8ddf\u670b\u53cb\u51fa\u53bb\u73a9\u513f\u611f\u89c9\u771f\u597d\u8bf6"
        },
        {
            "reply_id": "Ugwhl-qESaeJfZCtcF54AaABAg",
            "reply_content": "\u6d0b\u8525\u8f9b\u82e6\u4e86 \u524d\u5e7e\u5929\u770b\u4f60\u5728\u82b1\u535a\u53c8\u7c3d\u53c8\u62cd\u4e00\u6574\u5929\n\u7ad9\u8d77\u53c8\u5750\u4e0b \u4e00\u76f4\u91cd\u8907\n\u96d6\u7136\u4f60\u6234\u8457\u9762\u5177 \u4f46\u5176\u5be6\u770b\u7684\u51fa\u4f86\u5f88\u75b2\u614b\u4e86\n\u5f71\u7247\u5c31\u6162\u6162\u505a\u5427 \u4e00\u5207\u90fd\u4e0d\u6025"
        },
        {
            "reply_id": "UgwoOYkoZJ0HJqDZQkp4AaABAg",
            "reply_content": "\u50bb\u50bb\u7684\uff0c\u5728\u7f8e\u570b\u5538\u66f8\u7684\uff0c\u57fa\u672c\u4e0a\u90fd\u53ef\u4ee5\u5c11\u596e\u9b25\u4e86\u3002"
        },
        {
            "reply_id": "UgxKkm4qyTktLmqiI4x4AaABAg",
            "reply_content": "\u91cd\u9ede\u662f\u4f60\u80d6\u4e86\u591a\u5c11\ud83d\ude02"
        },
        {
            "reply_id": "UgwM317iFUPH-e_ndR54AaABAg",
            "reply_content": "\u8b9a"
        }
    ]
}