{
    "video_info": {
        "id": "0UKnrAlVsHs",
        "channelTitle": "Onion Man",
        "title": "Onion Man | \u7d42\u65bc\u5713\u5922\uff01\u8271\u82e6\u7684\u9304\u97f3\u5ba4\u4fee\u7df4\uff01\u7d42\u65bc\u9032\u5316\u70ba\u6591\u7d0b\u6b4c\u624b\uff01 | \u6d0b\u8525\u6b4c\u5531\u4fee\u884c\u7bc7 (\u4e09)",
        "description": "\u4e00\u8f29\u5b50\u7684\u4fee\u884c!!\n\n\u300a\u660e\u986f\u662f\u500b\u72e0\u89d2\u8272\u300bKKBOX\uff1a\nhttps://kkbox.fm/YaAqK5\n\n\u3010\u8a02\u95b1\u3011\u53ca\u89c0\u770b\u6d0b\u8525\u66f4\u591a\u5f71\u7247: https://goo.gl/ijP3Eb\n\n\u5de5\u4f5c\u5408\u4f5c\uff1aonionmanwork@gmail.com\nOnion Man \u767e\u842c\u8ffd\u8e64\u7c89\u7d72\u5718:goo.gl/Z5CSvw\n\n\u6700\u65b0\u963f\u6587\u8cbc\u5716:https://reurl.cc/GxYjA\n\n\u7b2c\u4e00\u4ee3\u963f\u6587line\u8cbc\u5716:https://reurl.cc/Wroxx\n\n\u6d0b\u8525\u79c1\u751f\u6d3bIG:https://www.instagram.com/onionman__/\n\n\n\u904b\u52d5\u6f2b\u756b\u88e1\u7684\u4e2d\u4e8c\u8001\u6897\u5287\u60c5\n\u25ba\u7b2c\u4e00\u96c6:https://youtu.be/cMoV1rPH35k\n\u25ba\u7b2c\u4e8c\u96c6:https://youtu.be/iW7LM00lny0\n\u25ba\u7b2c\u4e09\u96c6:https://youtu.be/2G5wu61uCM0\n\u25ba\u7b2c\u56db\u96c6:https://youtu.be/-rP1abYv8n4\n\nOnion Man \u95dc\u9375\u5b57:\n\u4e2d\u4e8c \u80a5\u5b85 \u55ae\u8eab\u6f22 \u55ae\u8eab \u9b6f\u86c7 \u5c4c\u7d72 \u80a5\u5b85",
        "likeCount": "11357",
        "commentCount": "1030",
        "viewCount": "492475"
    },
    "comments": [
        {
            "reply_id": "UgwDMQ2WZjw0E_3sWOp4AaABAg",
            "reply_content": "\u771f\u7684\u597d\u559c\u6b61\u6d0b\u8525\u5594~\u8072\u97f3\u4e5f\u597d\u597d\u807d~!"
        },
        {
            "reply_id": "UgwV4hHJLD-yl_GtFg94AaABAg",
            "reply_content": "\u5982\u679c\u53ef\u4ee5\u5c45\u7136\u662f\u6d0b\u8471\u5531\u7684\u3002\u3002\u542c\u90a3\u4e48\u4e45\u8fd8\u4e0d\u77e5\u9053"
        },
        {
            "reply_id": "Ugxp8D4wBTqAY8bt_Xh4AaABAg",
            "reply_content": "\u6709\u4e00\u8bf4\u4e00 \u6d0b\u8471\u7684\u660e\u663e\u662f\u4e2a\u72e0\u89d2\u8272\u6bd4\u8f83\u597d\u542c \u60c5\u7eea\u6bd4\u8f83\u51fa\u6765 \u4e2a\u4eba\u611f\u89c9"
        },
        {
            "reply_id": "UgwjL1Pf45ca_zMZoDp4AaABAg",
            "reply_content": "\u4f60\u662f\u4e0d\u662f\u6545\u610f\u627e\u6211\u807d\u73fe\u5834\u7248 \u597d\u53ef\u611b\u7684\u5c0d\u8a71"
        },
        {
            "reply_id": "UgzUy2VAAv6OSp9pDWh4AaABAg",
            "reply_content": "\u6d0b\u8471\u4f60\u771f\u7684\u597d\u68d2\u3002\u4ece\u89c6\u9891\u5230\u88ab\u4f60\u7684\u5355\u66f2\u60ca\u8273\u5230\u3002\u770b\u7740\u4f60\u7684\u8fd9\u7cfb\u5217\u7684\u89c6\u9891\u89c9\u5f97\u597d\u50cf\u662f\u8ddf\u4f60\u4e00\u8d77\u6210\u957f\u7684\u670b\u53cb\u4e00\u6837\u3002\ud83d\ude0a"
        },
        {
            "reply_id": "UgyS_u6JDLHnytMMpgh4AaABAg",
            "reply_content": "\u6709\u5922\u60f3\u7684\u7537\u4eba \u597d\u5e25"
        },
        {
            "reply_id": "Ugxm0_KBfATK65gRMh94AaABAg",
            "reply_content": "\u6240\u4ee5\u7b2c\u4e09\u9996\u5728\u54ea\ud83d\ude22\u7b49\u807d"
        },
        {
            "reply_id": "UgznkuwYm0w6WO15ADx4AaABAg",
            "reply_content": "\u97cb\u79ae\u5b89\u6700\u9b3c\u7684\u662f\n\u4ed6\u5abd\u7684\u97d3\u6587\u7248\u8ddf\u65e5\u6587\u7248\u90fd\u5531\u5f97\u51fa\u4f86\n\u800c\u4e14\u9084\u9019\u9ebc\u9806 \u8d85\u626f"
        },
        {
            "reply_id": "UgxJDrfQUnhHU2JxIDp4AaABAg",
            "reply_content": "\u771f\u7684 \u5982\u679c\u53ef\u4ee5\u8ddf\u9b3c\u4e00\u6a23\n\u5168\u7a0b\u97f3\u90fd\u504f\u9ad8 \u5531\u4e45\u5589\u56a8\u5f88\u96e3\u53d7"
        },
        {
            "reply_id": "Ugx2r2_L_plqDVPd0oB4AaABAg",
            "reply_content": "\u597d\u597d\u807d"
        },
        {
            "reply_id": "UgxU5EDIrGailE3rGld4AaABAg",
            "reply_content": "\u524d\u5e7e\u500b\u79ae\u62dc\u7b2c\u4e00\u6b21\u53c3\u52a0\u5b78\u6821\u5531\u6b4c\u6bd4\u8cfd\uff0c\u4e5f\u662f\u9396\u5589\u548c\u6296\u5230\u4e0d\u884c\uff0c\u96d6\u7136\u6c92\u8d70\u97f3\uff0c\u4f46\u5927\u8dd1\u62cd\uff0c\u53ea\u80fd\u8aaa\u7ad9\u5728\u53f0\u4e0a\u9084\u5f88\u7a69\u7684\u6839\u672c\u5c31\u662f\u795e"
        },
        {
            "reply_id": "UgwRpTUPG-guuzfigQJ4AaABAg",
            "reply_content": "\u4e0b\u6b21\u4e0a\u53f0\u524d\u4e5f\u53ef\u4ee5\u8a66\u8457\u559d\u7d05\u9152"
        },
        {
            "reply_id": "UgxU3qa-d3EuADxdMKh4AaABAg",
            "reply_content": "\u9019\u7cfb\u5217\u6709\u5920\u597d\u770b"
        },
        {
            "reply_id": "Ugzv--fX9QekDnnZSIB4AaABAg",
            "reply_content": "\u62bd\u62bd\u62bd\u62bd\u62bd\u62bd\u5403"
        },
        {
            "reply_id": "Ugzj_9ws9DJiiiqlFMV4AaABAg",
            "reply_content": "\u770b\u5b8c\u771f\u7684\u5f88\u611f\u52d5\uff01\uff01\uff01\u4e00\u76f4\u90fd\u5f88\u559c\u6b61\u770b\u6d0b\u8525\u7684\u5f71\u7247\uff0c\u6709\u6642\u5019\u5f88\u5fd9\u6c92\u6642\u9593\u770byoutuber\uff0c\u4f46\u6d0b\u8525\u7684\u5f71\u7247\u4e00\u5b9a\u6703\u88dc\u770b\uff01\n\u7576\u521d\u807d\u5efa\u570b\u8def\u89ba\u5f97\u6709\u4e9b\u5730\u65b9\u807d\u8d77\u4f86\u50cf\u4fee\u904e\uff0c\u807d\u4e86\u4e0d\u592a\u7fd2\u6163\u3002\u5f8c\u4f86\u51fa\u7684\u660e\u660e\u5c31\u5f88\u310d\u3127\u3125\u6211\u975e\u5e38\u559c\u6b61\uff01\u90a3\u9663\u5b50\u760b\u72c2\u5faa\u74b0\u64ad\u653e\uff0c\u518d\u52a0\u4e0a\u524d\u9762\u92ea\u9673\u7684\u6545\u4e8b\u5f88\u6709\u611f\u89f8\uff0c\u807d\u4e86\u66f4\u662f\u96e3\u904e\u3002\n\u6d0b\u8525\u7e7c\u7e8c\u52a0\u6cb9\uff01\uff01\uff01\u6211\u5011\u4e5f\u6703\u7e7c\u7e8c\u652f\u6301\u4f60\ud83d\ude0d"
        },
        {
            "reply_id": "Ugw1ztCc3j2mX7PvaIp4AaABAg",
            "reply_content": "\u6d0b\u8525\u771f\u7684\u662f\u795e"
        },
        {
            "reply_id": "UgySyQsJZMnBfMaJBv94AaABAg",
            "reply_content": "\u4f60\u597d\uff0c\u6211\u662f\u4e00\u540d\u4e2d\u56fd\u4eba\uff0c\u6211\u6765\u81ea\u6c5f\u82cf\uff0c\u5e0c\u671b\u4f60\u80fd\u591a\u5728\u6296\u97f3\u53d1\u4e9b\u89c6\u9891\uff0c\u591a\u6765\u6296\u97f3\u770b\u770b\u6211\u4eec\u7684\u8bc4\u8bba"
        },
        {
            "reply_id": "UgxEVRZZ4_1ybURWs0N4AaABAg",
            "reply_content": "\u6d0b\u8525\u6211\u770b\u5230\u4e86\u4f60\u5f88\u591a\u5f71\u7247\u90fd\u662f\u628a\u81ea\u5df1\u756b\u5f97\u5f88\u58ef\u7136\u5f8c\u5225\u4eba\u5f88\u80d6xd\u9664\u4e86\u5176\u4e2d\u4e00\u7bc7.\u4e0d\u904e\u7adf\u7136\u9023\u7e8c\u5e7e\u500b\u5f71\u7247\u6c92\u6709\u696d\u914d.\u770b\u4f86\u662f\u500b\u72e0\u89d2\u8272\ud83e\udd23\ud83e\udd23\ud83e\udd23\u4e0d\u904e\u770b\u4f60\u7684\u5f71\u7247\u771f\u7684\u8212\u58d3\u5440\ud83d\ude04\ud83d\ude04"
        },
        {
            "reply_id": "UgzCj7Udiw-Jd8D2mBd4AaABAg",
            "reply_content": "\u6d0b\u8525\u771f\u7684\u5f88\u52c7\u6562\u4e5f\u5f88\u52aa\u529b\uff0c\u671f\u5f85\u672a\u4f86\u5b8c\u6210\u5341\u9996\u6b4c\u7684\u58ef\u8209\uff5e\uff5e\u52a0\u6cb9"
        },
        {
            "reply_id": "UgwFPNCi039XC_3RDzh4AaABAg",
            "reply_content": "\u6c92\u4e8b\u7684 \u6211\u5728\u5168\u6821\u9762\u524d\u7834\u97f3\u904e'"
        }
    ]
}