{
    "video_info": {
        "id": "0xrxZSvrWnU",
        "channelTitle": "Onion Man",
        "title": "Onion man | \u4eba\u751f\u6700\u96e3\u7684\u8ab2\u984c\u5c31\u662f\u5b78\u6703\u653e\u9b06\uff01\u6709\u73a9\u6a02\u6709\u6c57\u6c34\u624d\u662f\u597d\u7684\u4eba\u751f\uff01",
        "description": "\u6211\u4e0d\u77e5\u9053\u81ea\u5df1\u6703\u6d3b\u5230\u5e7e\u6b72\uff0c\u56e0\u6b64\u96a8\u6642\u4eab\u53d7\u4eba\u751f!!\n\n\u8001\u5354\u73cd \u4e03\u9f8d\u73e0Z \u66f4\u5f37\u7684\u4eba\u751f\n8/5\u4e0a\u534811:00\u706b\u71b1\u958b\u8ce3\n\u4e03\u9f8d\u73e0 \u795e\u9f8d\u73fe\u8eab\uff01\u5168\u7403\u9996\u767c\uff01\n\u547c\u53eb\u5730\u7403\u4eba\uff01\u559d\u4eba\u8518\u7cbe\u5c31\u80fd\u53ec\u559a\u795e\u9f8d\u8a31\u9858\nhttps://bit.ly/3os9WnN\n\n\u3010\u8a02\u95b1\u3011\u53ca\u89c0\u770b\u6d0b\u8525\u66f4\u591a\u5f71\u7247: https://goo.gl/ijP3Eb\n\n\u5de5\u4f5c\u5408\u4f5c\uff1aonionmanwork@gmail.com\nOnion Man \u767e\u842c\u8ffd\u8e64\u7c89\u7d72\u5718:goo.gl/Z5CSvw\n\n\u6700\u65b0\u963f\u6587\u8cbc\u5716:https://reurl.cc/GxYjA\n\n\u7b2c\u4e00\u4ee3\u963f\u6587line\u8cbc\u5716:https://reurl.cc/Wroxx\n\n\u6d0b\u8525\u79c1\u751f\u6d3bIG:https://www.instagram.com/onionman__/\n\n\n\u904b\u52d5\u6f2b\u756b\u88e1\u7684\u4e2d\u4e8c\u8001\u6897\u5287\u60c5\n\u25ba\u7b2c\u4e00\u96c6:https://youtu.be/cMoV1rPH35k\n\u25ba\u7b2c\u4e8c\u96c6:https://youtu.be/iW7LM00lny0\n\u25ba\u7b2c\u4e09\u96c6:https://youtu.be/2G5wu61uCM0\n\u25ba\u7b2c\u56db\u96c6:https://youtu.be/-rP1abYv8n4\n\nOnion Man \u95dc\u9375\u5b57:\n\u4e2d\u4e8c \u80a5\u5b85 \u55ae\u8eab\u6f22 \u55ae\u8eab \u9b6f\u86c7 \u5c4c\u7d72 \u80a5\u5b85",
        "likeCount": "7310",
        "commentCount": "455",
        "viewCount": "338682"
    },
    "comments": [
        {
            "reply_id": "UgxY3AkZeSpQ0A7yRRx4AaABAg",
            "reply_content": "\u5091\u514b\uff1a\u770b\u4f86\u4f60\u4e5f\u5b78\u6703\u4e00\u53e3\u541e\u725b\u6392\u4e86"
        },
        {
            "reply_id": "UgxITNr5Y1Z5TEZ2J_Z4AaABAg",
            "reply_content": "\u883b\u53b2\u5bb3\u7684\u696d\u914d\ud83d\ude02"
        },
        {
            "reply_id": "UgwlcuOg6nXlDx0_7dZ4AaABAg",
            "reply_content": "\u8fd9\u4e00\u90e8\u5f71\u7247\u5f88\u6cbb\u6108"
        },
        {
            "reply_id": "UgwlBoKVvxKnZcH8IrZ4AaABAg",
            "reply_content": "\u91cd\u65b0\u770b\u4e86\u9019\u5f71\u7247\uff0c\u770b\u5230\u4e0d\u4e00\u6a23\u7684\u6d0b\u8525\uff0c\u5f88\u53b2\u5bb3\uff0c\u8173\u672c\u7528\u5fc3\uff0c\u7a81\u7136\u653e\u9b06\u7684\u7bc0\u594f\uff0c\u8996\u89d2\u7684\u5b89\u6392\uff0c\u6d17\u8166\u7684\u696d\u914d\u53e3\u8a9e\ud83d\ude02 \u8b9a\u5566\uff01"
        },
        {
            "reply_id": "UgxZ-aDsZjjW86Do6fx4AaABAg",
            "reply_content": "\u8001\u5354\u771f\u7a81\u7136\u7206\u767c"
        },
        {
            "reply_id": "UgyZ_gvqmlXR-qyeGQ94AaABAg",
            "reply_content": "\u7b11\u6b7b \u9707\u52d5\u8072\u81ea\u5df1\u914d\ud83d\ude02"
        },
        {
            "reply_id": "Ugw_b5VDPcoUNHthi_N4AaABAg",
            "reply_content": "\u9f8d\u73e0\u676f\u5b50\u597d\u53ef\u611b\u54c8\u54c8"
        },
        {
            "reply_id": "UgwwvvkjHyRm4fQybPl4AaABAg",
            "reply_content": "\u6d0b\u8525\u7bc4\u99ac\u5403\u725b\u6392\u771f\u7684\u662f\u592a\u5e25"
        },
        {
            "reply_id": "UgzVuzrOlgXPz4JFDYt4AaABAg",
            "reply_content": "\u4e0d\u8981\u4ee5\u70ba\u6211\u4e0d\u77e5\u5230\u5c01\u9762\u662f\u5203\u7259\u7684"
        },
        {
            "reply_id": "Ugwv9_JuhbIRnVYl6GF4AaABAg",
            "reply_content": "\u4e86\u4e86\u4e86"
        },
        {
            "reply_id": "UgwqtJdpI6L_NYvycfd4AaABAg",
            "reply_content": "\u770b\u5b8c\u99ac\u4e0a\u8cb7\u4e86\uff01"
        },
        {
            "reply_id": "UgyI2YbnySpOOZNpSJh4AaABAg",
            "reply_content": "\u592a\u72e0\u4e86 \u6700\u5f8c\u7528\u5410\u69fd\u7684\u653e\u5f0f\u4f86\u5ee3\u544a\u4e03\u9f8d\u73e0\u8207\u4eba\u8518\u7684\u5408\u4f5c \u9019\u9ede\u4e5f\u592a\u725b\u4e86"
        },
        {
            "reply_id": "Ugx70YiuXK9zZKggGnF4AaABAg",
            "reply_content": "\u9019\u5c31\u662f\u4eba\u751f\uff0c\u9019\u5c31\u662f\u8001\u5354\u73cd"
        },
        {
            "reply_id": "UgwC9CI08Rzsmp3XfM94AaABAg",
            "reply_content": "\u9019\u96c6\u7684\u696d\u914d\u4e5f\u592a\u53b2\u5bb3"
        },
        {
            "reply_id": "UgwN0_RtA2PIztnICiJ4AaABAg",
            "reply_content": "\u96d6\u7136\u77e5\u9053\u6d0b\u8525\u90fd\u6703\u6293\u6642\u9593\u904b\u52d5\n\u6c92\u60f3\u5230\u9084\u80fd\u9047\u5230\u597d\u8001\u95c6\n\u771f\u7fa8\u6155"
        },
        {
            "reply_id": "UgyMmxbPkWohUIQfOUt4AaABAg",
            "reply_content": "\u5929\u554a\u6211\u8001\u4e86\u6536\u5230\u9019\u500b\u79ae\u76d2\u80af\u5b9a\u5f88\u958b\u5fc3\uff0c40\u5e74\u5f8c\uff0c\u73fe\u5728\u5c0f\u5b78\u751f\u6536\u5230\u9b3c\u6ec5\u4e4b\u5203\u7684\u4eba\u5d7e\u79ae\u76d2\u4e00\u6a23\u55ce?"
        },
        {
            "reply_id": "Ugx6qn4Mvop658ckqah4AaABAg",
            "reply_content": "\u696d\u914d\u4e5f\u662f\u756b\u5f97\u5f88\u597d\ud83d\udc4d"
        },
        {
            "reply_id": "UgzBOBKk57PIVW5I15x4AaABAg",
            "reply_content": "\u6700\u8fd1\u7fbd\u6bdb\u7403"
        },
        {
            "reply_id": "Ugxjhw8LikntzzRVpQ94AaABAg",
            "reply_content": "\u5c11\u6578\u770b\u5f97\u5b8c\u7684\u696d\u914d"
        },
        {
            "reply_id": "Ugxl3Rv1gf4eBk-Sd2F4AaABAg",
            "reply_content": "\u4e03\u9f8d\u73e0\u90fd\u806f\u540d\u4e86\u592a\u626f\u54c8\u54c8\u54c8"
        }
    ]
}