{
    "video_info": {
        "id": "16tvTv61Nko",
        "channelTitle": "Onion Man",
        "title": "Onion Man | \u5230\u7f8e\u570b\u6cbb\u5b89\u6975\u5dee\u5730\u5340!! \u7576\u8857\u990a\u5927\u86c7?  \u6eff\u8857\u6bad\u5c4d\u548c\u5e33\u68da?  \u642d\u6551\u8b77\u8eca\u7adf\u89816\u842c\u53f0\u5e63? @JBao  @huzi1989",
        "description": "\u9019\u6b21\u6574\u7406\u4e86LA\u6cbb\u5b89\u8ddf\u91ab\u7642\u7684\u554f\u984c\n\n\u3010\u8a02\u95b1\u3011\u53ca\u89c0\u770b\u6d0b\u8525\u66f4\u591a\u5f71\u7247: https://goo.gl/ijP3Eb\n\n\u5de5\u4f5c\u5408\u4f5c\uff1aonionmanwork@gmail.com\nOnion Man \u767e\u842c\u8ffd\u8e64\u7c89\u7d72\u5718:goo.gl/Z5CSvw\n\n\u6700\u65b0\u963f\u6587\u8cbc\u5716:https://reurl.cc/GxYjA\n\n\u7b2c\u4e00\u4ee3\u963f\u6587line\u8cbc\u5716:https://reurl.cc/Wroxx\n\n\u6d0b\u8525\u79c1\u751f\u6d3bIG:https://www.instagram.com/onionman__/\n\n\n\u904b\u52d5\u6f2b\u756b\u88e1\u7684\u4e2d\u4e8c\u8001\u6897\u5287\u60c5\n\u25ba\u7b2c\u4e00\u96c6:https://youtu.be/cMoV1rPH35k\n\u25ba\u7b2c\u4e8c\u96c6:https://youtu.be/iW7LM00lny0\n\u25ba\u7b2c\u4e09\u96c6:https://youtu.be/2G5wu61uCM0\n\u25ba\u7b2c\u56db\u96c6:https://youtu.be/-rP1abYv8n4\n\nOnion Man \u95dc\u9375\u5b57:\n\u4e2d\u4e8c \u80a5\u5b85 \u55ae\u8eab\u6f22 \u55ae\u8eab \u9b6f\u86c7 \u5c4c\u7d72 \u80a5\u5b85",
        "likeCount": "5199",
        "commentCount": "420",
        "viewCount": "341303"
    },
    "comments": [
        {
            "reply_id": "UgzCfObaprgdBH6U-Sl4AaABAg",
            "reply_content": "\u70ba\u4ec0\u9ebc\u6211\u4e00\u76f4\u4ee5\u70ba\u85cd\u53ef\u5152\u767c\u751f\u5728\u9999\u6e2f"
        },
        {
            "reply_id": "UgyFhKdR-Z-bec3KgF54AaABAg",
            "reply_content": "\u7f8e\u570b\u9084\u662f\u8981\u6ce8\u610f\u5b89\u5168 \u5373\u4fbf\u662f\u81ea\u5b89\u6bd4\u8f03\u597d\u7684\u5730\u65b9 \u4e5f\u8981\u6ce8\u610f \u6211\u5bb6\u9019\u88e1\u6cbb\u5b89\u6bd4\u8f03\u597d \u4f46\u4e5f\u767c\u751f\u904e \u5165\u5ba4\u6436\u52ab\u8ddf\u5077\u8f2a\u80ce\u7684\u4e8b\u4ef6\u904e \n\n\u9084\u6709 \u7f8e\u570b\u91ab\u7642\u771f\u7684\u8cb4\u5230\u7206 \u6c92\u6709\u4fdd\u96aa\u771f\u7684\u8d85\u8cb4 \u6bd4\u5982 \u6709\u4e00\u6b21\u6211\u4e5f\u662f\u78ba\u8a3a \u770b\u5b8c\u5bb6\u5ead\u91ab\u751f\u5e6b\u5fd9\u8f49\u5c08\u9580\u7684 \u7d50\u679c\u6c92\u4fdd\u96aa\u4e0d\u77e5\u9053\u662f\u4e0d\u7d66\u904e\u9084\u662f \u6709\u554f\u984c \u76f4\u63a5\u591a\u4ed8\u7684\u770b\u8a3a\u8cbb \u6211\u5fc3\u5728\u75db \u6211\u807d\u963f\u59e8\u6551\u8b77\u8eca\u8cbb\u7528\u4e5f\u8d85\u8cb4"
        },
        {
            "reply_id": "UgyjlwcWnV8W2Yhnus94AaABAg",
            "reply_content": "\u7f8e\u570b\u5730\u5927\u7269\u535a \u7a2e\u65cf\u591a\u5143 \u7f8e\u570b\u9084\u662f\u6709\u9322\u4eba\u7684\u5929\u5802 \u7aae\u4eba\u55ce? \u8acb\u628a\u4eba\u53bb\u6389 \u90a3\u4e9b\u4e0d\u662f\u4eba"
        },
        {
            "reply_id": "UgyJbvwqQ0wXT-v8j5J4AaABAg",
            "reply_content": "\u6709\u6c92\u6709\u4e0b\u5df4\u7834\u6389\u7684I"
        },
        {
            "reply_id": "Ugz6MUIk0edJB7ujgpF4AaABAg",
            "reply_content": "\u6211\u5abd\u4e00\u76f4\u8981\u6211\u665a\u4e0a\u53bb\u6162\u8dd1\u6e1b\u80a5\uff0c\u4f46\u662f\u5728\u6211\u9019\u908a\u665a\u4e0a\u5973\u751f\u81ea\u5df1\u51fa\u53bb\u4e82\u8dd1\u53ef\u80fd\u5c31\u56de\u4e0d\u4f86\u4e86\ud83d\ude02"
        },
        {
            "reply_id": "UgxVh4GMpLm3Lj_NIcd4AaABAg",
            "reply_content": "\u62bd"
        },
        {
            "reply_id": "UgwIPrXxasfOdSWhKqR4AaABAg",
            "reply_content": "\u7f8e\u570b\u671d\u5d29\u6f70\u524d\u9032\uff0c\u6700\u8fd1\u570b\u969b\u597d\u5e38\u767c\u751f\u6230\u722d\uff0c\u9019\u4e0d\u662f\u4e00\u500b\u597d\u73fe\u8c61\u6b38"
        },
        {
            "reply_id": "UgzRV0zOH8oExl2iaSN4AaABAg",
            "reply_content": "\u7f8e\u570b\u7684\u91ab\u7642\u7cfb\u7d71\u771f\u7684\u5b8c\u5168\u6559\u6211\u50bb\u773c"
        },
        {
            "reply_id": "Ugzf6a25-QPPA1dxaRd4AaABAg",
            "reply_content": "\u6240\u4ee5\u6700\u5f8c\u7684\u8eca\u5b50\u6709\u627e\u5230\u55ceXD"
        },
        {
            "reply_id": "UgzRj7acV4HlfhULhFB4AaABAg",
            "reply_content": "\u4f4f\u7f8e\u570b\u5c31\u662f\u8981\u53bb\u4eba\u7159\u7a00\u5c11\u7684\u5730\u65b9\u63a2\u96aa\uff0c\u9084\u6709\u8cb7\u4e00\u5806\u69cd\u548c\u5b50\u5f48\u3002\n\u53f0\u7063\u9664\u4e86\u6df1\u5c71\u4ee5\u5916\u5e7e\u4e4e\u90fd\u80fd\u9047\u5230\u4eba\uff0c\u800c\u4e14\u770b\u65b0\u805e\u597d\u50cf\u5927\u90e8\u4efd\u53f0\u7063\u4eba\u90fd\u6709\u69cd\uff0c\u6211\u537b\u627e\u4e0d\u5230\u7ba1\u9053\u8cfc\u8cb7\u3002"
        },
        {
            "reply_id": "Ugy0aVCOBKVO2XS6vuV4AaABAg",
            "reply_content": "\u54c8\u54c8\u54c85\u6a94\u6d0b\u8525\u597d\u9177"
        },
        {
            "reply_id": "UgyACESGttAF-rzW-HF4AaABAg",
            "reply_content": "\u9084\u662f\u53f0\u7063\u597d"
        },
        {
            "reply_id": "UgwJsdhCbFMPPhsBX7h4AaABAg",
            "reply_content": "\u53f0\u7063\u771f\u5f97\u662f\u770b\u75c5\u5929\u5802~"
        },
        {
            "reply_id": "UgySWuwNNuV72Yf--Kl4AaABAg",
            "reply_content": "\u5929\u554a\n\u6211\u662f\u770b\u4e86\u4f60\u7684\u5f71\u7247\u4e4b\u5f8c\u624d\u767c\u73fe\u6211\u73fe\u5728\u80fd\u6d3b\u8457\u56de\u4f86\u771f\u662f\u500b\u5947\u8e5f\uff01\u56e0\u70ba\u6211\u5c31\u662f\u665a\u4e0a\u6563\u6b65\u8ff7\u8def\u9084\u4e0d\u5e36\u624b\u6a5f\u7684\u4eba\u554a\ud83d\ude2e"
        },
        {
            "reply_id": "UgwK4O2eRVdoX6xTr_x4AaABAg",
            "reply_content": "\u64da\u6211\u6240\u77e5\u7f8e\u8b66\u90fd\u662f\u4e00\u4eba\u914d\u4e00\u8eca\u9019\u6a23\ud83e\udd23\u6240\u4ee5\u770b\u5230\u5f88\u591a\u8b66\u8eca\u5c31\u662f\u8d95\u4f86\u652f\u63f4\u5176\u5be6\u4eba\u6c92\u6709\u90a3\u9ebc\u591a"
        },
        {
            "reply_id": "UgwQEKpDR0iHDrf55ud4AaABAg",
            "reply_content": "\u4ee5\u524d\u9084\u6709\u4eba\u5984\u60f3\u7f8e\u570b\u5922 \u7b11\u6b7b"
        },
        {
            "reply_id": "UgysCYfM7Wjm9TcMVkh4AaABAg",
            "reply_content": "\u8525\u54e5\u6709\u8cb7\u9ea5\u7576\u52de\u806f\u540d\u4e03\u9f8d\u73e0\u7684\u5957\u9910\u55ce\uff1f"
        },
        {
            "reply_id": "Ugyx4UjkW0ozFfplOyV4AaABAg",
            "reply_content": "\u53f0\u7063\u5065\u4fdd\u771f\u7684\u8981\u73cd\u60dc\uff0c\u4e0d\u8981\u6d6a\u8cbb\u91ab\u7642\u8cc7\u6e90\u800c\u4e14\u8acb\u5c0a\u91cd\u5c08\u696d\uff01"
        },
        {
            "reply_id": "UgxokSSIexZQXgXwtKt4AaABAg",
            "reply_content": "\u62bd\u8cbc\u5716"
        },
        {
            "reply_id": "UgyyQFdIiVNRz5JP2pN4AaABAg",
            "reply_content": "\u6d0b\u8525\u559c\u6b61\u4e94\u6a94\u5594\uff01"
        }
    ]
}