{
    "video_info": {
        "id": "23a7gX9WhuU",
        "channelTitle": "Onion Man",
        "title": "Onion Man | 30\u5e74\u5f8c\u7684\u9000\u4f11\u751f\u6d3b\uff01\u958b\u5962\u83ef\u6c11\u5bbf\uff1f \u7d93\u71df\u5c0f\u6524\u8ca9\uff01",
        "description": "\u6bcf\u500b\u4eba\u5fc3\u4e2d\u90fd\u6709\u500b\u9000\u4f11\u5f8c\u7684\u5922\u60f3\n\u6709\u4eba\u60f3\u958b\u5c6c\u65bc\u81ea\u5df1\u7684\u5e97\u3001\u6709\u4eba\u60f3\u5b9a\u5c45\u65e5\u672c\n\u4eca\u5929\u8ddf\u5927\u5bb6\u804a\u804a\u6211\u7684\u5e0c\u671b\n\n\u5225\u5fd8\u4e86\u4e0b\u8f09\u672c\u6b21\u4e7e\u7239\u300a\u6230\u8eca\u4e16\u754c\u300b: https://tanks.ly/3NU1Hgu\n\u96fb\u8166\u7248\u514d\u8cbb\u66a2\u73a9\uff01 \u8f38\u5165\u5c08\u5c6c\u512a\u60e0\u78bc \"COMBAT\"\n\u5c31\u53ef\u4ee5\u99ac\u4e0a\u7372\u5f97\u4e00\u8f1b\u516d\u968e\u52a0\u503c\u6230\u8eca (Cromwell B)\u3001\u4e09\u8f1b\u516d\u968e\u79df\u8cc3\u6230\u8eca (Tiger 131, T78, Type 64)\u300125\u842c\u9280\u5e63\uff0c\n\u9084\u984d\u5916\u5e6b\u4f60\u89e3\u9396\u4e03\u5929\u52a0\u503c\u5e33\u865f\u5594!\n\n\u3010\u8a02\u95b1\u3011\u53ca\u89c0\u770b\u6d0b\u8525\u66f4\u591a\u5f71\u7247: https://goo.gl/ijP3Eb\n\n\u5de5\u4f5c\u5408\u4f5c\uff1aonionmanwork@gmail.com\nOnion Man \u767e\u842c\u8ffd\u8e64\u7c89\u7d72\u5718:goo.gl/Z5CSvw\n\n\u6700\u65b0\u963f\u6587\u8cbc\u5716:https://reurl.cc/GxYjA\n\n\u7b2c\u4e00\u4ee3\u963f\u6587line\u8cbc\u5716:https://reurl.cc/Wroxx\n\n\u6d0b\u8525\u79c1\u751f\u6d3bIG:https://www.instagram.com/onionman__/\n\n\n\u904b\u52d5\u6f2b\u756b\u88e1\u7684\u4e2d\u4e8c\u8001\u6897\u5287\u60c5\n\u25ba\u7b2c\u4e00\u96c6:https://youtu.be/cMoV1rPH35k\n\u25ba\u7b2c\u4e8c\u96c6:https://youtu.be/iW7LM00lny0\n\u25ba\u7b2c\u4e09\u96c6:https://youtu.be/2G5wu61uCM0\n\u25ba\u7b2c\u56db\u96c6:https://youtu.be/-rP1abYv8n4\n\nOnion Man \u95dc\u9375\u5b57:\n\u4e2d\u4e8c \u80a5\u5b85 \u55ae\u8eab\u6f22 \u55ae\u8eab \u9b6f\u86c7 \u5c4c\u7d72 \u80a5\u5b85",
        "likeCount": "5685",
        "commentCount": "436",
        "viewCount": "333928"
    },
    "comments": [
        {
            "reply_id": "Ugx-gjsZ1hT5JEAoMJZ4AaABAg",
            "reply_content": "\u6d0b\u8525\u81ea\u5df1\u9019\u6a23\u786c\u696d\u914d\u611f\u89ba\u5f88\u5dee\u554a"
        },
        {
            "reply_id": "Ugzy5Tu2G9u-lswmb594AaABAg",
            "reply_content": "\u5c0f\u7f8e\u5b58\u9322\u53eb\u776a\u9996\u716e\u6771\u897f\u7d66\u9700\u8981\u7684\u4eba\u5403\uff0c\u96d9\u8d0f\ud83c\udf89"
        },
        {
            "reply_id": "UgwuM1WHHT3bMV9x5vJ4AaABAg",
            "reply_content": "\u6211\u7684\u9000\u4f11\u751f\u6d3b\u5728\u6211\u9ad8\u4e00\u5c31\u958b\u59cb\u60f3\u4e86 \u5e0c\u671b\u80fd\u990a\u81ea\u5df1\u559c\u6b61\u7684\u5bf5\u7269 \u800c\u4e14\u80fd\u53bb\u548c\u5176\u4ed6\u8001\u4eba\u4e00\u8d77\u804a\u5929\u559d\u8336 \u800c\u4e14\u4e5f\u60f3\u8981\u73a9\u6211\u81ea\u5df1\u60f3\u8981\u7684\u904a\u6232 \u6211\u60f3\u5b89\u5b89\u975c\u975c \u8eab\u9ad4\u5065\u5eb7\u7684\u904e\u5b8c\u6211\u7684\u9918\u751f"
        },
        {
            "reply_id": "UgyYiZ_ojdiKcVTjw8Z4AaABAg",
            "reply_content": "\u4eba\u751f\u4e0d\u662f\u70ba\u4e86\u9000\u4f11 \u4f60\u53ef\u4ee5\u9f13\u52f5\u522b\u4eba\u8ffd\u6c42\u5922\u60f3\u6216\u628a\u5922\u60f3\u8208\u8da3\u8b8a\u6210\u5de5\u4f5c\u8ddf\u4f60\u6d0b\u8525\u4e00\u6a23 \u600e\u9ebc\u5728\u9f13\u52f5\u5927\u5bb6\u7576\u793e\u755c\ud83d\ude02"
        },
        {
            "reply_id": "Ugw01tynT8xdIjw9Ard4AaABAg",
            "reply_content": "\u76cd\u5404\u8a00\u723e\u5fd7\u7684\u6982\u5ff5\u3002"
        },
        {
            "reply_id": "UgxUf3x46_Dppfrgj5l4AaABAg",
            "reply_content": "\u61c9\u8a72\u662f\u8eab\u9ad4\u5065\u5eb7\uff0c\u75c5\u7121\u7e8f\u8eab\u624d\u662f\u22ef"
        },
        {
            "reply_id": "UgyHyGhRI89OqfoJrXJ4AaABAg",
            "reply_content": "\u9000\u4f11\u7576\u7136\u74b0\u904a\u4e16\u754c \u4eab\u53d7\u4eba\u751f"
        },
        {
            "reply_id": "UgzBFS7HsJiI_bgSEA94AaABAg",
            "reply_content": "\u597d\u559c\u6b61\u8c93\u5712\u90a3\u6bb5\n\u9084\u8981\u7279\u5225\u81ed\u4e00\u4e0b\u81ea\u4ee5\u70ba\u6709\u611b\u7684\u611b\u5abd\u611b\u7238\u5011\n\u807d\u8457\u5fc3\u60c5\u5c31\u7279\u5225\u597d"
        },
        {
            "reply_id": "UgxvorSfmOfBtx5FgGx4AaABAg",
            "reply_content": "\u9760\u5317\u4e3a\u4ec0\u4e48\u53ea\u6709\u6d0b\u8471\u8001\u4e86\u4e4b\u540e\u6709\u8179\u808c"
        },
        {
            "reply_id": "UgyB-RcFoanz0fl8zJl4AaABAg",
            "reply_content": "\u4f60\u5011\u6709\u767c\u73fe\u6d0b\u8525\u8001\u4e86\u7684\u6642\u5019\u6bd4\u5176\u4ed6\u4eba\u5e2b\u5f88\u591a\u55ce\ud83d\ude02\ud83d\ude02\ud83d\ude02"
        },
        {
            "reply_id": "UgyeX_u4OGG6845Mq9R4AaABAg",
            "reply_content": "\u7834\u58de\u6211\u704c\u7c43\u9ad8\u624b\u7684\u56de\u61b6"
        },
        {
            "reply_id": "UgzfN0p0sSuzcNO94zp4AaABAg",
            "reply_content": "\u6551\u52a9\u6d41\u6d6a\u8c93\u72d7\u53bb\u300c\u7d50\u7d2e\u300d\uff0c\u52f8\u8aaa\u90a3\u4e9b\u653e\u990a\u4e0d\u7d50\u7d2e\u7684\u89aa\u670b\u597d\u53cb\uff5e\n\u5f9e\u6e90\u982d\u6539\u8b8a\u6211\u5011\u7684\u91ce\u4fdd\u52d5\u4fdd\u2764\n\u5927\u5bb6\u9000\u4f11\u751f\u6d3b\u6709\u9322\u51fa\u9322\u6709\u529b\u51fa\u529b"
        },
        {
            "reply_id": "UgyMPbyh6VuO6yb3vOB4AaABAg",
            "reply_content": "\u6240\u4ee5\u5e74\u8f15\u7684\u6642\u5019\u8981\u4fdd\u8b77\u597d\u8eab\u9ad4\u5594\uff01"
        },
        {
            "reply_id": "UgwYaKCHUmfyiyQFe514AaABAg",
            "reply_content": "\u9019\u4e9b\u7aaeB\u670b\u53cb\uff0c\u9000\u4f11\u524d\u6c92\u8cfa\u591a\u5c11\u9322\uff0c\u4ee5\u70ba\u5065\u5eb7\u6703\u597d\u5230\u54ea\u88e1\u53bb\uff0c\u9000\u4f11\u5f8c\u9084\u80fd\u73a9\u7206\u55ce \u5475\u5475"
        },
        {
            "reply_id": "Ugx9-z88PNRZsPHyJH14AaABAg",
            "reply_content": "\u7d05\u5091\u7684\u9858\u671b\u53cd\u800c\u6709\u9ede\u56f0\u96e3\uff0c\u9000\u4f11\u5f8c\uff0c\u770b\u5f71\u7247\u4e0d\u5230\u4e00\u5c0f\u6642\u5c31\u6703\u7761\u8457\uff0c\u5f71\u96c6\u770b\u5f97\u65b7\u65b7\u7e8c\u7e8c\uff0c\u8001\u5e74\u7661\u5446\u3001\u5e15\u91d1\u68ee\u6c0f\u75c7\uff0c\u624b\u63e1\u904a\u6232\u6703\u6296\uff0c\u53cd\u61c9\u6162\uff0c\u9084\u6703\u6688\u7729\u2026\u9000\u4f11\u5f8c\u7684\u751f\u6d3b\uff0c\u662f\u904a\u6232\u73a9\u4f60\uff0c\u4e0d\u662f\u4f60\u73a9\u904a\u6232\uff01\u4eba\u751f\u7684\u7cbe\u83ef\uff0c\u5c31\u662f\u5728\u5de5\u4f5c\u88e1\u69a8\u4e7e\uff0c\u7559\u4e0b\u6c92\u6709\u6c34\u7684\u67af\u6728\u8eab\uff0c\u534a\u6b98\u534a\u5b8c\u6210\u5922\u60f3\u7136\u5f8c\u4ea4\u7d66\u4e0b\u8f29\u5b50"
        },
        {
            "reply_id": "UgzDcmHWC6gcEerOKV14AaABAg",
            "reply_content": "\u4e0a\u9762\u6bcf\u500b\u9000\u4f11\u751f\u6d3b\u90fd\u662f\u6211\u7684\u56ae\u5f80\uff0c\u6240\u4ee5\u6211\u60f3\u8981\u7684\u9000\u4f11\u751f\u6d3b\u5c31\u662f\u4ea4\u9019\u4e9b\u985e\u578b\u7684\u670b\u53cb\uff0c\u7136\u5f8c\u60f3\u5230\u8981\u5e79\u561b\u5c31\u53bb\u627e\u6709\u9019\u9805\u8208\u8da3\u7684\u670b\u53cb\uff0c\u5982\u679c\u4ec0\u9ebc\u90fd\u4e0d\u60f3\u505a\u5c31\u53bb\u627e\u7d05\u5091\u985e\u578b\u7684\u670b\u53cb\u5237\u6574\u5929\u7684\u5287\uff0c\u60f3\u5403\u98ef\u5c31\u627e\u5927\u9f3b\u5a01\u985e\u578b\u7684\u670b\u53cb\uff0c\u4f4f\u7684\u623f\u5b50\u5c31\u627e\u963f\u6587\u985e\u578b\u7684\u670b\u53cb\u79df\uff0c\u904e\u8457\u5230\u8655\u8e6d\u5403\u8e6d\u559d\u7684\u7f8e\u597d\u9000\u4f11\u751f\u6d3b"
        },
        {
            "reply_id": "UgxMiZqnN4L2Gqx_iIB4AaABAg",
            "reply_content": "\u6d41\u6c34\u5e33\u642d\u914d\u5c37\u5c2c\u53f0\u8a5e\u914d\u4e0a\u842c\u5e74\u52d5\u756b\u8001\u6897"
        },
        {
            "reply_id": "UgyJiPbeRVZCPdbBVwt4AaABAg",
            "reply_content": "\u900a\u7206\u4e86"
        },
        {
            "reply_id": "Ugw68SCmV19lk_zjBKJ4AaABAg",
            "reply_content": "\u5982\u679c\u9000\u4f11\u5f8c\u5f88\u6709\u9322\uff0c\u6211\u6703\u5f88\u7bc0\u5109\u6211\u7684\u7cbe\u795e\u751f\u6d3b\u5f88\u597d\uff0c\u7136\u5f8c\u5462\u7e7c\u7e8c\u53bb\u6aa2\u67e5\u8eab\u9ad4\uff0c\u7136\u5f8c\u4ecd\u7136\u5728\u505a\u5404\u7a2e\u4e8b\uff0c\u5269\u4e0b\u4f86\u7684\u9322\u4f86\u5e6b\u52a9\u7aae\u4eba\u9084\u6709\u6211\u7684\u5f8c\u4ee3\u6211\u7684\u5bb6\u4eba\u800c\u4e14\u5b8c\u5168\u5e73\u5206\u6211\u5c31\u60f3\u662f\u9676\u6df5\u660e"
        },
        {
            "reply_id": "UgwVH_ZCPnrcCY-7mMB4AaABAg",
            "reply_content": "\u6211\u9000\u4f11\u5f8c\u60f3\u8981\u505a\u79d1\u5b78\u5bb6\u800c\u4e14\u6c92\u6709\u4efb\u4f55\u9650\u5236\u6211\u53ef\u4ee5\u505a\u5f97\u5f88\u5c08\u5fc3"
        }
    ]
}