{
    "video_info": {
        "id": "3w0PqIoX0wo",
        "channelTitle": "Onion Man",
        "title": "Onion Man | \u4e09\u5206\u9418\u71b1\u5ea6\u7537\uff01\u505a\u5565\u90fd\u534a\u9014\u800c\u5ee2\u7684\u9b6f\u86c7\u4eba\u751f\uff01 | \u5178\u578b\u5931\u6557\u8005\u963f\u8525",
        "description": "\u8fa3\u500b\u4e09\u5206\u9418\u71b1\u5ea6\u7684\u7537\u4eba\u7684\u6545\u4e8b\n\n\u3010\u8a02\u95b1\u3011\u53ca\u89c0\u770b\u6d0b\u8525\u66f4\u591a\u5f71\u7247: https://goo.gl/ijP3Eb\n\n\u5de5\u4f5c\u5408\u4f5c\uff1aonionmanwork@gmail.com\nOnion Man \u767e\u842c\u8ffd\u8e64\u7c89\u7d72\u5718:goo.gl/Z5CSvw\n\n\u6700\u65b0\u963f\u6587\u8cbc\u5716:https://reurl.cc/GxYjA\n\n\u7b2c\u4e00\u4ee3\u963f\u6587line\u8cbc\u5716:https://reurl.cc/Wroxx\n\n\u6d0b\u8525\u79c1\u751f\u6d3bIG:https://www.instagram.com/onionman__/\n\n\n\u904b\u52d5\u6f2b\u756b\u88e1\u7684\u4e2d\u4e8c\u8001\u6897\u5287\u60c5\n\u25ba\u7b2c\u4e00\u96c6:https://youtu.be/cMoV1rPH35k\n\u25ba\u7b2c\u4e8c\u96c6:https://youtu.be/iW7LM00lny0\n\u25ba\u7b2c\u4e09\u96c6:https://youtu.be/2G5wu61uCM0\n\u25ba\u7b2c\u56db\u96c6:https://youtu.be/-rP1abYv8n4\n\nOnion Man \u95dc\u9375\u5b57:\n\u4e2d\u4e8c \u80a5\u5b85 \u55ae\u8eab\u6f22 \u55ae\u8eab \u9b6f\u86c7 \u5c4c\u7d72 \u80a5\u5b85",
        "likeCount": "17000",
        "commentCount": "1191",
        "viewCount": "624342"
    },
    "comments": [
        {
            "reply_id": "Ugw8cD3Bxsteg-jhdFZ4AaABAg",
            "reply_content": "\u6d6a\u8cbb\u88dc\u7fd2\u8cbb\u7684\u884c\u70ba\u548c\u6211\u4e00\u6a21\u4e00\u6a23\uff0c\u60f3\u5230\u81ea\u5df1\u4e5f\u662f\u5347\u5927\u5b78\u6642\u548c\u7814\u7a76\u6240\u6642\u7e73\u4e86\u5927\u628a\u9214\u7968\u7d50\u679c\u90fd\u4e0d\u53bb\u4e0a\u8ab2\uff0c\u9023\u7dda\u4e0a\u8ab2\u90fd\u4e0d\u770b\uff08\u6700\u5f8c\u9084\u662f\u9760\u8457\u904b\u6c23\u62ff\u5230\u78a9\u58eb\u5b78\u4f4d\u5728\u5de5\u4f5c\u4e86\uff09\uff0c\u5f9e\u4f86\u6c92\u6709\u89ba\u5f97\u81ea\u5df1\u6bd4\u5225\u4eba\u512a\u79c0\uff0c\u81ea\u5df1\u4ec0\u9ebc\u540a\u6027\u683c\u81ea\u5df1\u5f88\u6e05\u695a\uff0c\u5c31\u662f\u4e00\u500b\u904b\u6c23\u7206\u68da\u7684\u5783\u573e\u800c\u5df2"
        },
        {
            "reply_id": "Ugx23s3s7xqeog1Wt1R4AaABAg",
            "reply_content": "\u6211\u89ba\u5f97\u6d0b\u8525\u4e09\u5206\u9418\u71b1\u5ea6\u7684\u500b\u6027\u7576\u5de5\u7a0b\u5e2b\u4e5f\u5f88\u5feb\u5c31\u6703\u653e\u68c4\u4e86"
        },
        {
            "reply_id": "Ugy4_fP-G-kY0V1Pf654AaABAg",
            "reply_content": "\u6d0b\u8525 \u6bcf\u4e00\u500b\u6545\u4e8b\u90fd\u5f88\u68d2 \u5f88\u559c\u6b61\u59b3\u7684\u5f71\u7247 \u5805\u6301\u756b\u4e0b\u53bb\u554a \u52a0\u6cb9"
        },
        {
            "reply_id": "UgxFVAF4Ppk0GT4VVt94AaABAg",
            "reply_content": "\u6e96\u5099\u570b\u8003\u671f\u9593\u5076\u7136\u53c8\u770b\u5230\u9019\u90e8\uff0c\u5176\u5be6\u6bcf\u500b\u4eba\u7684\u4eba\u751f\u90fd\u5728\u4e0d\u65b7\u7684\u9078\u64c7\u8207\u653e\u68c4\uff0c\u4f46\u53ea\u8981\u4e00\u751f\u80fd\u5b8c\u6210\u597d\u4e00\u4ef6\u4e8b\u60c5\uff0c\u6216\u662f\u4e0d\u7559\u907a\u61be\u5730\u505a\uff0c\u5c31\u662f\u597d\u7684\u4eba\u751f"
        },
        {
            "reply_id": "UgzW3uJEkRb6ZD29EC54AaABAg",
            "reply_content": "\u6211\u5c0f\u5b78\u56e0\u70ba\u7db2\u7403\u738b\u5b50\u6253\u4e865\u5e74\u7db2\u7403\uff0c\u96d6\u7136\u53ea\u662f\u4f86\u56de\u62c9\u7403\u6253\u5a1b\u6a02\u5065\u5eb7\u7684\u7a0b\u5ea6\uff0c\u4f46\u9084\u662f\u5f88\u958b\u5fc3\u54c8\u54c8\u54c8"
        },
        {
            "reply_id": "Ugwpbs8za6h7OIqJk8F4AaABAg",
            "reply_content": "\u6211\u8116\u5b50\u6b6a\u6b6a\u7684\uff0c\u6211\u4e5f\u8981\u5b78\u5c0f\u63d0\u7434"
        },
        {
            "reply_id": "UgzmVO261ttX9vhE7f14AaABAg",
            "reply_content": "\u773c\u4e2d\u53ea\u6709\u524d\u9762\u7684\u4eba\u5f8c\u4f86\u624d\u6703\u89ba\u5f97\u81ea\u5df1\u8b8a\u5ee2\u7269..."
        },
        {
            "reply_id": "UgwE1byxGqCMr8P1AoZ4AaABAg",
            "reply_content": "\u6211\u4e0a\u8dc6\u62f3\u9053\u7d50\u679c\u6211\u5230\u9ec3\u5e36\u5c31\u4e0d\u4e0a\u4e86\u6559\u7df4\u7684\u9b54\u9b3c\u8a13\u7df4\u548c\u529f\u8ab2\u8981\u8d95\u5feb\u5beb\u5b8c"
        },
        {
            "reply_id": "Ugy547_HPXfqUdeE6Nt4AaABAg",
            "reply_content": "\u5f88\u597d\uff0c\u6211\u4e5f\u6709\u5b78\u92fc\u7434\uff0c\u5927\u5b78\u4e00\u5e74\u7d1a\u624d\u958b\u59cb\u7684\u3002"
        },
        {
            "reply_id": "UgzbPjgjVhJ6q6e-3Mp4AaABAg",
            "reply_content": "\u6211\u4e09\u5341\u6b72\u7684\u6642\u5019\u624d\u958b\u59cb\u5b78\u92fc\u7434\u310b\u311f"
        },
        {
            "reply_id": "UgwUnwvU15oM5v8J4s54AaABAg",
            "reply_content": "\u73fe\u5728\u6d0b\u8525\u8b8a\u6210\u767e\u842c\u8a02\u95b1YT\u5716\u6587\u4f5c\u5bb6\u754c\u9f8d\u982d\ud83d\ude02"
        },
        {
            "reply_id": "UgwLo-EB1IhKE-c2jFB4AaABAg",
            "reply_content": "\u52a0\u6cb9 \u6d0b\u8471"
        },
        {
            "reply_id": "UgzvupFf8WQGM1dMrER4AaABAg",
            "reply_content": "\u9019\u9996\u6b4c\u8d85\u7d1a\u597d\u807d\uff01"
        },
        {
            "reply_id": "UgxWazxznd1cpIkl4pB4AaABAg",
            "reply_content": "\u8525\u5abd\u6295\u8cc7\u6d0b\u8525\u771f\u591a"
        },
        {
            "reply_id": "Ugw1egmjKl1GA2FeAYl4AaABAg",
            "reply_content": "\u9019\u6839\u672c\u662f\u6211\u4eba\u751f\u7684\u7e2e\u5f71\uff0c\u770b\u5b8c\u9f3b\u5b50\u9178\u9178der"
        },
        {
            "reply_id": "Ugxc2-iLzv6rJHDnrE14AaABAg",
            "reply_content": "\u6d0b\u8525\u662f\u6211\u7684\u5149 "
        },
        {
            "reply_id": "UgwZ0Chq6U4Yk49T3hl4AaABAg",
            "reply_content": "\u6d0b\u8525\u5bb6\u771f\u7684\u662f\u7c89\u6709\u9322\u9912!"
        },
        {
            "reply_id": "UgwJrEJH3c8SrBM7xn94AaABAg",
            "reply_content": "\u6211\u5f9e\u5e7c\u5152\u5712\u958b\u59cb\u5b78\u92fc\u7434\uff0c\u4e0a\u5b78\u671f\u653e\u68c4\u4e4b\u5f8c\u96d6\u7136\u89ba\u5f97\u53ef\u60dc\uff0c\u4f46\u5982\u679c\u91cd\u4f86\u9084\u662f\u6703\u9078\u64c7\u653e\u68c4"
        },
        {
            "reply_id": "Ugwgtrpwzd60CEGYLld4AaABAg",
            "reply_content": "\u5ee2\u5ee2\u7684\u6211"
        },
        {
            "reply_id": "UgwwXSEzozOzLnChYex4AaABAg",
            "reply_content": "\u6211\u5bb6\u6709"
        }
    ]
}