{
    "video_info": {
        "id": "4-HIZ3Ipj9Q",
        "channelTitle": "Onion Man",
        "title": "Onion Man | \u9019\u5169\u5e74\u8b93\u6211\u53c8\u611b\u53c8\u6068\u7684\u7537\u4eba..",
        "description": "\u9019\u5169\u5e74\u85cf\u5728\u6211\u5fc3\u4e2d\u7684\u7599\u7629\uff0c\u8907\u96dc\u7684\u60c5\u611f\n\n\u9810\u8cfc\u958b\u555f\nOnion Man \u6d0b\u8525 \u00d7 \u523a\u7e61\u68c9\u8cea\u4f11\u9592\u904b\u52d5\u77ed\u8932\nhttps://www.tami.tw/products/onionman-2023gs\nOnion Man \u6d0b\u8525 \u00d7 \u72e0\u89d2\u8272\u8cbc\u5e03 T-shirt\nhttps://www.tami.tw/products/onionman-2023tshirt\n\n\u5546\u54c1\u76f8\u95dc\u554f\u984c\u8acb\u6d3d:\nTAMi Original Collection\nFB\uff1ahttps://www.facebook.com/TAMiTaiwan\n\u5b98\u7db2\uff1ahttps://www.tami.tw/\nFB Messenger \u76f4\u63a5\u79c1\u8a0a\n\u6216\u5b98\u7db2\u5167\u4f7f\u7528\u79c1\u8a0a\u529f\u80fd\n\n\u3010\u8a02\u95b1\u3011\u53ca\u89c0\u770b\u6d0b\u8525\u66f4\u591a\u5f71\u7247: https://goo.gl/ijP3Eb\n\n\u5de5\u4f5c\u5408\u4f5c\uff1aonionmanwork@gmail.com\nOnion Man \u767e\u842c\u8ffd\u8e64\u7c89\u7d72\u5718:goo.gl/Z5CSvw\n\n\u6700\u65b0\u963f\u6587\u8cbc\u5716:https://reurl.cc/GxYjA\n\n\u7b2c\u4e00\u4ee3\u963f\u6587line\u8cbc\u5716:https://reurl.cc/Wroxx\n\n\u6d0b\u8525\u79c1\u751f\u6d3bIG:https://www.instagram.com/onionman__/\n\n\n\u904b\u52d5\u6f2b\u756b\u88e1\u7684\u4e2d\u4e8c\u8001\u6897\u5287\u60c5\n\u25ba\u7b2c\u4e00\u96c6:https://youtu.be/cMoV1rPH35k\n\u25ba\u7b2c\u4e8c\u96c6:https://youtu.be/iW7LM00lny0\n\u25ba\u7b2c\u4e09\u96c6:https://youtu.be/2G5wu61uCM0\n\u25ba\u7b2c\u56db\u96c6:https://youtu.be/-rP1abYv8n4\n\nOnion Man \u95dc\u9375\u5b57:\n\u4e2d\u4e8c \u80a5\u5b85 \u55ae\u8eab\u6f22 \u55ae\u8eab \u9b6f\u86c7 \u5c4c\u7d72 \u80a5\u5b85",
        "likeCount": "5302",
        "commentCount": "289",
        "viewCount": "242807"
    },
    "comments": [
        {
            "reply_id": "UgzELOfmO9YPpyFAxyF4AaABAg",
            "reply_content": "\u8cbc\u5e03\u4e01\u5c31\u53ef\u4ee5\u89e3\u6c7a\u7684\u554f\u984c\uff0c\u8981\u82b1\u8fd1\u4e00\u5e74\u624d\u60f3\u51fa\u65b9\u6848\uff1f\u8aaa\u660e\u771f\u7684\u4e0d\u662f\u8ce3\u8863\u5c08\u696d"
        },
        {
            "reply_id": "Ugy71JNT-axHLhGALj14AaABAg",
            "reply_content": "\u6d0b\u8525\u548c\u8001\u95c6\u90fd\u662f\u5584\u826f\u7684\u4eba\ud83e\udd17\u5e0c\u671b\u9019\u6b21\u8ce3\u7684\u9806\u5229\u6709\u597d\u7684\u7d50\u679c\ud83d\udc4f\ud83d\udcaf\ud83d\udc4d"
        },
        {
            "reply_id": "UgxhckwVmyKhSmIrsWB4AaABAg",
            "reply_content": "\u5982\u679c \u9001\u7d66\u5b64\u5152\u9662 \u4e0a\u9762\u5beb \u721b\u547d\u4e00\u689d  \u6211\u771f\u7684\u6703\u7b11\u6b7b"
        },
        {
            "reply_id": "Ugwp6AvNhsq_AbWtjZh4AaABAg",
            "reply_content": "\u652f\u6301"
        },
        {
            "reply_id": "Ugx7zjZtCwdE5KyFVax4AaABAg",
            "reply_content": "\u4fee\u4f46\u5e7e\u985e\u70ba\u5565\u611f\u89ba\u597d\u50cf\u6709\u807d\u904e\u9019\u500b\u6545\u4e8b\u4e86\u662f\u65e2\u8996\u611f\u55ce\uff01"
        },
        {
            "reply_id": "UgzaFnbvivHVQ639hD14AaABAg",
            "reply_content": "\u6211\u60f3\u8981\u8cb7\u4f4e\u5169\u516c\u5206\u7248\u672c \u90a3\u4e0d\u662f\u7455\u75b5\u54c1 \u90a3\u5c31\u662f\u4e00\u500b\uff08\u4f4e\u5169\u516c\u5206\u7248\u672c\uff09\u7684\u6b3e\u5f0f\n\u77e5\u9053\u55ce\n\u90a3\u4e0d\u662f\u7455\u75b5\u54c1"
        },
        {
            "reply_id": "UgzB9cj2Tbe2mP2CIUJ4AaABAg",
            "reply_content": "\u9084\u597d\u90a3\u6642\u6211\u77e5\u9053\u59b3\u6703\u51fa\u5305 \u6211\u6c92\u8cb7\ud83e\udd23"
        },
        {
            "reply_id": "UgzG166pulzpQi5zJed4AaABAg",
            "reply_content": "\u8d85\u5f37\u696d\u914d\u81ea\u5df1\u770b\u4e86\u9019\u9ebc\u591a\u5e74\u7684\u6d0b\u8525\u6211\u7684\u9322\u5305\u7d42\u65bc\u88ab\u6253\u958b\u4e86"
        },
        {
            "reply_id": "UgyYoKsAbCGArK6Onw54AaABAg",
            "reply_content": "\u9019\u500b\u7248\u672c\u53cd\u800c\u66f4\u7a00\u6709"
        },
        {
            "reply_id": "Ugz-ZnNNKzcODo4UfCx4AaABAg",
            "reply_content": "\u6d0b\u8525\u5341\u8db3\u662f\u500b\u60c5\u7fa9\u91cd\u7684\u4eba\uff0c\u5fe0\u5b5d\u5169\u5168\ud83d\ude02 \u4f60\u9053\u5fb7\u611f\u8ddf\u70ba\u4eba\u975e\u5e38\u4e0d\u7c21\u55ae\uff0c\u6bcf\u6b21\u90fd\u559c\u6b61\u807d\u4f60\u5206\u4eab\u4f60\u7684\u5fc3\u8def\u6b77\u7a0b\uff0c\u6216\u8aaa\u5167\u5fc3\u7684\u6399\u624e\u60f3\u6cd5\u3002\u2764\n\u9019\u771f\u662f\u5f88\u68d2\u7684\u65b9\u6cd5\u5462\uff01\u9084\u597d\u7576\u521d\u6709\u7559\u8457"
        },
        {
            "reply_id": "UgziiXVcPrVfOjYaV7h4AaABAg",
            "reply_content": "\u4e0d\u8cb7\u6211\u9084\u662f\u6d0b\u8525\u7c89\u55ce\uff01"
        },
        {
            "reply_id": "UgxViqyQa9DI0oP7Bkd4AaABAg",
            "reply_content": "\u8932\u5b50\u8d85\u8b9a\n\u5077\u5077\u554f\u4e00\u4e0b\u6709\u6c92\u6709\u96d9\u5317\u7684\u670b\u53cb\u8981\u4e00\u8d77\u6e4a\u904b\u8cbb\uff01"
        },
        {
            "reply_id": "UgxpEhpP4qdp0MpmNZ54AaABAg",
            "reply_content": "\u4e0a\u6b21\u770b\u5230\u5730\u7344\u6897\u628aNG\u721b\u547d\u4e00\u689dT\u9001\u7d66\u504f\u9109\u6c11\u773e\uff08\u9019\u6a23\u771f\u7684\u5f88\u4e0d\u5c0d\ud83d\ude02\uff09"
        },
        {
            "reply_id": "UgyEJeSMMjfpKJ_4MoZ4AaABAg",
            "reply_content": "\u597d\u53ef\u60dc\u6c92\u6350\u7d66\u5b64\u5152\u9662"
        },
        {
            "reply_id": "Ugy_gVYPyUmB7oQZHPB4AaABAg",
            "reply_content": "\u597d\u8070\u660e\u7684\u65b9\u6cd5\u554a\u554a\u554a\u554a\ud83d\ude4c\ud83c\udffb"
        },
        {
            "reply_id": "Ugxy4FnhUKadQfoc3KR4AaABAg",
            "reply_content": "\u8521\u54e5\u4e0d\u7528\u8ca0\u8cac\u55ce"
        },
        {
            "reply_id": "UgzpMELGKkx7xFqmIet4AaABAg",
            "reply_content": "\u9019\u4e8b\u8655\u7406\u7684\u5f88\u597d\u8036 \u8f9b\u82e6\u6d0b\u8525\u4e86"
        },
        {
            "reply_id": "UgzV-9s3HZUT5KbmGl94AaABAg",
            "reply_content": "\u8acb\u554f\u4e00\u4e0b, \u6709\u958b\u653e\u6d77\u5916\u9810\u8cfc\u55ce?"
        },
        {
            "reply_id": "UgxyXp7nd53YtS-7C2R4AaABAg",
            "reply_content": "\u9019\u500b\u7537\u4eba\u592a\u72e0\u4e86\uff0c\u7adf\u7136\u60f3\u5230\u5229\u7528\u65b9\u65b9\u7684\u7f8e\u817f\u4f86\u5ba3\u50b3\u8863\u670d"
        },
        {
            "reply_id": "Ugy69hOuaQ7i1DRMlvB4AaABAg",
            "reply_content": "\u963f\u5c31\u4ee5\u6b6a\u6389\u7684\u5b57\u518d\u52a0\u4e0a\u4e00\u4e9b\u8a2d\u8a08\u518d\u523a\u4e0b\u53bb\u4e5f\u662f\u53ef\u4ee5\u554a\n\u6216\u662f\u591a\u52a0\u4e00\u4e9b\u7d93\u5178\u540d\u53e5\n\u5c31\u50cf\u523a\u9752\u53bb\u6539\u5716\u90a3\u6a23\n\u84cb\u4e0d\u904e\u53bb\u53ea\u597d\u6539\u5716\n\u5c31\u662f\u4e0d\u77e5\u9053\u6a5f\u5668\u8fa6\u4e0d\u8fa6\u7684\u5230\n\n\u4e5f\u53ef\u4ee5\u6b63\u9762\u518d\u52a0\u4e0a2\u500b\u5927NG\n\u80cc\u9762\u52a0\u9ede\u6771\u897f\n\u4e00\u6a23\u6703\u6709\u4eba\u8cb7\n\u6709\u6642\u5019\u5c07\u932f\u5c31\u932f\u53cd\u800c\u5e36\u8d77\u53e6\u4e00\u80a1\u98a8\u6f6e"
        }
    ]
}