{
    "video_info": {
        "id": "4fJCxwp2M5M",
        "channelTitle": "Onion Man",
        "title": "Onion Man | \u6bcf\u500b\u4eba\u7684\u9b45\u529b\u6642\u523b\uff01 \u4e0d\u9760\u9577\u76f8\u53ea\u6191\u614b\u5ea6\uff0c\u4e00\u8d77\u6210\u70ba\u6709\u5438\u5f15\u529b\u7684\u4eba\u5427\uff01\uff01",
        "description": "\u6709\u4e9b\u4eba\u4e0d\u5e25\uff0c\u4f46\u537b\u6563\u767c\u7368\u7279\u7684\u9b45\u529b\uff0c\u9019\u90fd\u662f\u500b\u6027\u4f7f\u7136\n\u8981\u5982\u4f55\u8b8a\u6210\u6709\u9b45\u529b\u7684\u4eba\uff0c\u4f60\u4e0d\u6703\uff0c\u6211\u6559\u4f60\u554a\n----\n\u60f3\u6563\u767c\u9060\u898b\u4e4b\u5149\ud83d\ude0e\u5c31\u9760\u3010\u5143\u5927\u8b49\u5238\u5b9a\u671f\u5b9a\u984d\u3011\nhttps://pse.is/4h4zv2\n\n\u2714\ufe0f\u5b9a\u671f\u5b9a\u984d\u6bcf\u7b46\u624b\u7e8c\u8cbb\u9285\u677f\u50f9\n\u2714\ufe0f\u6263\u6b3e3\u6b21\uff0c\u6700\u9ad8\u9084\u9001700\u5143\u624b\u7e8c\u8cbb\u62b5\u7528\u91d1(\u4eba\u4eba\u6709\u734e\ud83c\udf81)\n\n\n\u3010\u8a02\u95b1\u3011\u53ca\u89c0\u770b\u6d0b\u8525\u66f4\u591a\u5f71\u7247: https://goo.gl/ijP3Eb\n\n\u5de5\u4f5c\u5408\u4f5c\uff1aonionmanwork@gmail.com\nOnion Man \u767e\u842c\u8ffd\u8e64\u7c89\u7d72\u5718:goo.gl/Z5CSvw\n\n\u6700\u65b0\u963f\u6587\u8cbc\u5716:https://reurl.cc/GxYjA\n\n\u7b2c\u4e00\u4ee3\u963f\u6587line\u8cbc\u5716:https://reurl.cc/Wroxx\n\n\u6d0b\u8525\u79c1\u751f\u6d3bIG:https://www.instagram.com/onionman__/\n\n\n\u904b\u52d5\u6f2b\u756b\u88e1\u7684\u4e2d\u4e8c\u8001\u6897\u5287\u60c5\n\u25ba\u7b2c\u4e00\u96c6:https://youtu.be/cMoV1rPH35k\n\u25ba\u7b2c\u4e8c\u96c6:https://youtu.be/iW7LM00lny0\n\u25ba\u7b2c\u4e09\u96c6:https://youtu.be/2G5wu61uCM0\n\u25ba\u7b2c\u56db\u96c6:https://youtu.be/-rP1abYv8n4\n\nOnion Man \u95dc\u9375\u5b57:\n\u4e2d\u4e8c \u80a5\u5b85 \u55ae\u8eab\u6f22 \u55ae\u8eab \u9b6f\u86c7 \u5c4c\u7d72 \u80a5\u5b85",
        "likeCount": "8441",
        "commentCount": "590",
        "viewCount": "414787"
    },
    "comments": [
        {
            "reply_id": "UgwhBkDqyeG9HtVmbyN4AaABAg",
            "reply_content": "\u6211\u7537\u53cb\u8ddf\u9060\u898b\u4e4b\u5149\u90a3\u500b\u4e00\u6a21\u4e00\u6a23\u8d85\u597d\u7b11 \u90fd\u662f\u4ed6\u5e73\u5e38\u72e1\u733e\u7684\u95dc\u9375\u5b57\ud83e\udd23\ud83e\udd23"
        },
        {
            "reply_id": "UgyC8MlgOVAQm6f4buB4AaABAg",
            "reply_content": "\u4ed6\u5e73\u5e38\u90fd\u5e36\u7da0\u8272\u7c21\u76f4\u662f\u7da0\u5e3d\u4e4b\u5149"
        },
        {
            "reply_id": "UgzGMZNIsKfNc7WdR994AaABAg",
            "reply_content": "\u6211\u597d\u559c\u6b61\u9019\u7bc7\u5f71\u7247 \u5b78\u5230\u5f88\u591a\u5f88\u591a\ud83d\ude0a"
        },
        {
            "reply_id": "UgyDqGSEN11LpxQDgRd4AaABAg",
            "reply_content": "\u600e\u9ebc\u53ef\u4ee5\u8aaa\u4eba\u5bb6\u662f\u84b2\u554a"
        },
        {
            "reply_id": "UgzsDmltTCjOxjgY4E94AaABAg",
            "reply_content": "\u6211\u8eab\u908a\u6c92\u6709\u4eba\u81c9\u4e0a\u639b\u5fae\u7b11 \u53ea\u6709\u4eba\u5e38\u5e38\u639b\u8457\u7325\u893b\u3109\u7b11XDD"
        },
        {
            "reply_id": "UgwVIR9-8vBSIkyNKyV4AaABAg",
            "reply_content": "\u6211\u53ea\u80fd\u8aaa\u6d0b\u8525\u7684\u60f3\u6cd5\u8ddf\u6211\u5e7e\u4e4e\u4e00\u6a23....\n\u4f46\u53b2\u5bb3\u7684\u9ede\u5728\u65bc~\u5c07\u5fc3\u4e2d\u7684\u60f3\u6cd5\u756b\u6210\u52d5\u756b\n\u6beb\u7121\u7591\u554f\u7684~\u6d0b\u8525\u662f\u5177\u73fe\u756b\u7cfb  \u5f88\u660e\u986f\u662f\u500b\u72e0\u8173\u8272"
        },
        {
            "reply_id": "UgxcH32XMnA8tIekXNh4AaABAg",
            "reply_content": "\u6e1b\u80a5\u4e0d\u5403\u7684\u6bc5\u529b\u4e4b\u5149\u53ea\u662f\u5c0d\u98df\u6750\u7121\u611f\u800c\u5df2\u5427"
        },
        {
            "reply_id": "UgxI8ynSt19mbdQ-IAV4AaABAg",
            "reply_content": "\u6d0b\u8525\u53ef\u4ee5\u6b23\u8cde\u6bcf\u500b\u4eba\u7684\u512a\u9ede,\u4e5f\u5f88\u6709\u9b45\u529b\u5594"
        },
        {
            "reply_id": "UgxJuF6fRCni0EKIG694AaABAg",
            "reply_content": "\u6211\u53ea\u6703\u628a\u9322\u82b1\u5149\u22ef"
        },
        {
            "reply_id": "Ugz7N3Z_DtpSHXQOvHh4AaABAg",
            "reply_content": "\u7121\u7e2b\u696d\u914d\u4e4b\u5149\ud83d\ude02"
        },
        {
            "reply_id": "UgxltzoADAZss-8wUId4AaABAg",
            "reply_content": "\u300c\u660e\u660e\u9577\u5f97\u50cf\u500b\u3105\u3128\u02ca\u554a\u300d\u8d85\u53ef\u611b\u7684\u8d85\u597d\u7b11\u7684\u5f62\u5bb9 \u5bb3\u6211\u91cd\u64ad\u90a3\u53e5\u597d\u591a\u904d\n\u7136\u5f8c\u3105\u3128\u02ca\u554a\u662f\u74e0\u74dc\u4e0d\u662f\u7d72\u74dc\u5566\n\u7d72\u74dc\u9577\u9577\u7684 \u74e0\u74dc\u4e0a\u7a84\u4e0b\u5bec"
        },
        {
            "reply_id": "UgxGRdboryWZjbup_GB4AaABAg",
            "reply_content": "\u4f60\u662f\u5b85\u7832"
        },
        {
            "reply_id": "UgyOQ4dSxFxoSjpLaaV4AaABAg",
            "reply_content": "\u5e79"
        },
        {
            "reply_id": "UgwTOJVzc3oJsCinfrZ4AaABAg",
            "reply_content": "\u9019\u51b7\u4e0d\u9632\u7684\u696d\u914d\u537b\u9084\u662f\u4ee4\u89c0\u773e\u770b\u5f97\u6d25\u6d25\u6709\u5473\uff0c\u9019\u696d\u914d\u4e4b\u5149\u592a\u5f37\u4e86"
        },
        {
            "reply_id": "Ugxrt_FL06rutdwI4CZ4AaABAg",
            "reply_content": "\u6eab\u67d4\u8ce2\u6167\u4e4b\u5149"
        },
        {
            "reply_id": "UgzoeYhpj-JBcx6hT6x4AaABAg",
            "reply_content": "\u7b11\u6b7b \u7da0\u982d\u7684\u7279\u5225\u5f37 \u64c1\u6709\u5169\u7a2e\u5149\ud83d\ude02"
        },
        {
            "reply_id": "UgyqxHINf8douG-n_Qx4AaABAg",
            "reply_content": "\u8aaa\u771f\u7684\u55e8\u5496\u7c43\u7403\u5f88\u5f37"
        },
        {
            "reply_id": "Ugy-9VdujDcbQTPdc154AaABAg",
            "reply_content": "\u7121\u60c5\u5de5\u5546"
        },
        {
            "reply_id": "UgzD1NqBVVFywqjLHYF4AaABAg",
            "reply_content": "\u696d\u914d\u4e4b\u5149\uff01"
        },
        {
            "reply_id": "UgzkcoA-5qoWs8T5A854AaABAg",
            "reply_content": "\u6211\u662f\u5143\u5927\u627f\u5fb7\u71df\u696d\u54e1\u5c0f\u6881 \u6b61\u8fce\u627e\u6211\u958b\u6236 \u563b\u563b"
        }
    ]
}