{
    "video_info": {
        "id": "4XFdrWvXEhA",
        "channelTitle": "Onion Man",
        "title": "Onion Man | \u559d\u9152\u88ab\u5973\u751f\u7576\u5834\u6d17\u81c9\uff0c\u8fd1\u671f\u767c\u751f\u7684\u8352\u5510\u4e8b\u8207\u8f49\u8b8a | \u9019\u5169\u5e74\u60f3\u8ddf\u5927\u5bb6\u8aaa\u7684\u5167\u5fc3\u8a71\u7bc7",
        "description": "\u96d6\u7136\u96e3\u71ac\u4f46\u662f\u6c92\u6709\u767d\u8cbb\n\n\u3010\u8a02\u95b1\u3011\u53ca\u89c0\u770b\u6d0b\u8525\u66f4\u591a\u5f71\u7247: https://goo.gl/ijP3Eb\n\n\u5de5\u4f5c\u5408\u4f5c\uff1aonionmanwork@gmail.com\nOnion Man \u767e\u842c\u8ffd\u8e64\u7c89\u7d72\u5718:goo.gl/Z5CSvw\n\n\u6700\u65b0\u963f\u6587\u8cbc\u5716:https://reurl.cc/GxYjA\n\n\u7b2c\u4e00\u4ee3\u963f\u6587line\u8cbc\u5716:https://reurl.cc/Wroxx\n\n\u6d0b\u8525\u79c1\u751f\u6d3bIG:https://www.instagram.com/onionman__/\n\n\n\u904b\u52d5\u6f2b\u756b\u88e1\u7684\u4e2d\u4e8c\u8001\u6897\u5287\u60c5\n\u25ba\u7b2c\u4e00\u96c6:https://youtu.be/cMoV1rPH35k\n\u25ba\u7b2c\u4e8c\u96c6:https://youtu.be/iW7LM00lny0\n\u25ba\u7b2c\u4e09\u96c6:https://youtu.be/2G5wu61uCM0\n\u25ba\u7b2c\u56db\u96c6:https://youtu.be/-rP1abYv8n4\n\nOnion Man \u95dc\u9375\u5b57:\n\u4e2d\u4e8c \u80a5\u5b85 \u55ae\u8eab\u6f22 \u55ae\u8eab \u9b6f\u86c7 \u5c4c\u7d72 \u80a5\u5b85",
        "likeCount": "16270",
        "commentCount": "1116",
        "viewCount": "545554"
    },
    "comments": [
        {
            "reply_id": "UgxSlHkW2yt14uCxpD54AaABAg",
            "reply_content": "\u6211\u5b8c\u5168\u5fd8\u4e86\u54c8\u54c8\u54c8\u54c8\uff0c\u53cd\u800c\u6bd4\u8f03\u8a18\u5f97\u7684\u662f\uff0c\u5e0c\u671b\u4f60\u80fd\u653e\u904e\u81ea\u5df1\u3002"
        },
        {
            "reply_id": "UgzgwOKt29TbVqCvYrV4AaABAg",
            "reply_content": "\u611f\u4eba"
        },
        {
            "reply_id": "Ugzs-AawGJNCxPaqCdR4AaABAg",
            "reply_content": "\u4e00\u76f4\u90fd\u5f88\u559c\u6b61\u6d0b\u8525~\u4e5f\u5f88\u559c\u6b61\u6d0b\u8525\u5beb\u7684\u6545\u4e8b~\u8d85\u7d1a\u771f\u8aa0\u2764\u4e00\u76f4\u7d66\u6211\u5011\u597d\u7684\u4f5c\u54c1\u8f9b\u82e6\u4e86\uff01\u771f\u5fc3\u89ba\u5f97\u6d0b\u8525\u662f\u5373\u4f7f\u770b\u4e0d\u5230\u81c9\u4e5f\u5f88\u6709\u9b45\u529b\u7684\u7537\u751f\u54c8\u54c8\u54c8\u6703\u7e7c\u7e8c\u652f\u6301\u7684\uff01\u52a0\u6cb9\uff01\ud83c\udf89\ud83c\udf89"
        },
        {
            "reply_id": "UgxtpTYjUeG5Ddze38t4AaABAg",
            "reply_content": "\u6bd4\u8f03\u559c\u6b61\u4ee5\u524d\u7684\u4e2d\u4e8c \u73fe\u5728\u6d88\u5931\u5f88\u591a\uff01\u4e0d\u904e\u662f\u5f80\u597d\u7684\u65b9\u5411\u524d\u9032"
        },
        {
            "reply_id": "UgxPq7qnA5gSywWqb9l4AaABAg",
            "reply_content": "\u4f60\u7684\u5f71\u7247\u88fd\u4f5c\u5f97\u5f88\u5bb9\u6613\u8b93\u4eba\u4e00\u76f4\u770b\u4e0b\u53bb\u3002"
        },
        {
            "reply_id": "Ugylj6c8wqcfKr2Wvux4AaABAg",
            "reply_content": "\u6d0b\u8525\u53ef\u4ee5\u5c08\u9580\u62cd\u4e00\u96c6\u662f\u5982\u4f55\u7626\u4e0b\u4f86\u7684\u5f71\u7247\u55ce"
        },
        {
            "reply_id": "UgyRD324-kI8hWmRqDl4AaABAg",
            "reply_content": "\u6bcf\u96c6\u90fd\u5f88\u597d\u770b \u8d85\u559c\u6b61\u5404\u7a2e\u5167\u5fc3\u6232"
        },
        {
            "reply_id": "UgwEeoaCD9NVukYEKuh4AaABAg",
            "reply_content": "\u9019\u61c9\u8a72\u5c31\u662f\u5927\u4eba\u7684  \u5ff5"
        },
        {
            "reply_id": "UgyEF3qvsBOmCJ6GWZp4AaABAg",
            "reply_content": "\u6d0b\u8525\u597d\u68d2\u5594!\u6211\u662f\u8fd1\u671f\u56e0\u70ba\u7f8e\u570b\u7bc7\u800c\u958b\u59cb\u8ffd\u4f60\u7684\u5f71\u7247\uff0c\u4e00\u96c6\u63a5\u8457\u4e00\u96c6\u770b\uff0c\u5f88\u591a\u7b11\u9ede\u662f\u771f\u7684\u8b93\u6211\u6367\u8179\u5927\u7b11\u7684\uff0c\u50b3\u9054\u7684\u89c0\u9ede\u4e5f\u5f88\u4e2d\u7acb\uff0c\u4e0d\u6703\u6dea\u70ba\u8b3e\u7f75\u504f\u6fc0\u3002\u6b23\u8cde\u4f60\u7684\u98a8\u683c!!!\u5e25\u6c23!!"
        },
        {
            "reply_id": "UgxCrNHlybvCq2A66Ux4AaABAg",
            "reply_content": "\u6c92\u932f\uff0c\u6c23\u9577\uff0c\u7e3d\u6703\u9047\u5230\u4e0d\u540c\u9762\u5411\u7684\u89c0\u773e\u6253\u958b\u4f60\u7684\u5f71\u7247\u7684"
        },
        {
            "reply_id": "UgyeLXiYDSoV598bgSt4AaABAg",
            "reply_content": "\u96d6\u7136\u6709\u6bb5\u6642\u9593\u6c92\u770b\u6d0b\u8525\u7684\u5f71\u7247\uff08\u4e0d\u662f\u91dd\u5c0d\u6d0b\u8525\uff0c\u5c31\u662f\u6574\u9ad4\u6bd4\u8f03\u5c11\u770bYTR\uff0c\u90fd\u5728\u770b\u52d5\u6f2b\ud83d\ude05\u62cd\u8b1d\uff09\u6700\u8fd1\u767c\u4e86\u760b\u7684\u628a\u6c92\u770b\u904e\u7684\u5167\u5bb9\u4e00\u96c6\u4e00\u96c6\u7684\u770b\u4e0b\u53bb\uff0c\u73fe\u5728\u7684\u8f49\u8b8a\u4e5f\u5f88\u68d2\u5440\uff01\u5408\u4f5c\u7684\u5167\u5bb9\u4e5f\u8d85\u8c50\u5bcc~\n\u5c24\u5176\u6211\u5f88\u559c\u6b61\u5404\u7a2e\u5167\u5fc3\u6232\u7684\u90e8\u5206XDDD \u6d0b\u8525\u9673\u8ff0\u7684\u756b\u9762\u548c\u914d\u97f3\u5be6\u5728\u592a\u591a\u5171\u9cf4\uff0c\u9084\u6709\u5f88\u591a\u6703\u5fc3\u4e00\u7b11\u7684\u9ede\uff08\u5176\u5be6\u90fd\u662f\u5927\u7206\u7b11\uff09\n\u8b1d\u8b1d\u4f60\u6301\u7e8c\u4e0d\u65b7\u5275\u4f5c\u9019\u9ebc\u68d2\u7684\u5f71\u7247\u7d66\u5927\u5bb6>\u2060.\u2060< \u7e7c\u7e8c\u652f\u6301\u4f60"
        },
        {
            "reply_id": "UgyYgaex_-WFJS5ztZd4AaABAg",
            "reply_content": "\u4f60\u4e00\u76f4\u90fd\u5728\u6709\u4e00\u5929\u6211\u9084\u662f\u6703\u9ede\u958b\u4f86\u770b\uff0c\u9019\u53e5\u4e5f\u592a\u5c0d\u4e86\uff0c\u6211\u5df2\u7d93\u5169\u5e74\u6c92\u770b\u4e86\uff0c\u7a81\u7136\u60f3\u8d77\u4f86\u4ee5\u524d\u6709\u4e00\u500b\u5f88\u597d\u7b11\u7684yt \u53c8\u4f86\u627e\u4f60\u6700\u8fd1\u53c8\u6709\u4ec0\u9ebc\u597d\u770b\u7684\u5f71\u7247 \u263a\ufe0f"
        },
        {
            "reply_id": "Ugw8NctsJ2V8EpNvodF4AaABAg",
            "reply_content": "\ud83d\udd25\ud83d\udd25\ud83d\udd25\u6d0b\u8525\u6587\u7b46\u5f88\u597d\u8036\uff0c\u9019\u7bc7\u771f\u7684\u8b93\u89c0\u773e\u4e86\u89e3\u4f60\u66f4\u591a\ud83c\udf89\u7e7c\u7e8c\u52a0\u6cb9\u554a\uff01"
        },
        {
            "reply_id": "UgwY0AEmb1sm5d16N914AaABAg",
            "reply_content": "\u52aa\u529b\u90a3\u908a\u8b1b\u7684\u5f88\u6709\u9053\u7406\uff0c\u8acb\u554f\u8ab0\u4e0d\u52aa\u529b\uff1f"
        },
        {
            "reply_id": "Ugxd4oU2ppaamrj6wNx4AaABAg",
            "reply_content": "\u9019\u500b\u5f71\u7247\u8a71\u9019\u9ebc\u591a \u770b\u7b2c\u4e8c\u6b21\u624d\u767c\u73fe\u6d0b\u8525\u8b1b\u8a71\u7528\u8a5e\u5176\u5be6\u883b\u7cbe\u6e96\u7684 \u4e2d\u6587\u5927\u5bb6\u90fd\u6703\u8b1b \u4f46\u5f88\u591ayoutuber \u7684\u7528\u8a5e\u8ddf\u60c5\u5883\u5c0d\u4e0d\u4e0a \u751a\u81f3\u6839\u672c\u662f\u932f\u7684 \u66f4\u5e38\u898b\u7684\u554f\u984c\u662f\u5b57\u5e55\u6709\u932f\u5b57 \u96d6\u7136\u53ef\u80fd\u5f88\u591a\u4eba\u89ba\u5f97\u4e0d\u592a\u5f71\u97ff\u7406\u89e3\u6240\u4ee5\u4e0d\u5728\u4e4e \u4f46\u5c0d\u6211\u4f86\u8aaa\u628a\u9019\u4e9b\u57fa\u672c\u505a\u597d\u6703\u8b93\u6211\u89ba\u5f97\u9019\u662f\u7d30\u5fc3\u96d5\u7422\u904e\u7d30\u7bc0\u7684\u4f5c\u54c1 \u89c0\u611f\u5c31\u6bd4\u8f03\u597d \u9084\u6709\u53e6\u4e00\u500b\u539f\u56e0\u662f\u4ee5\u524d\u4ee5\u70ba\u7528\u8a5e\u932f\u8aa4\u8ddf\u932f\u5b57\u9023\u767c\u662f89\u7334\u5b50\u7684\u5c08\u5229 \u5f8c\u4f86\u624d\u77e5\u9053\u5f88\u591a\u4eba\u90fd\u9019\u6a23 \u5305\u62ecyoutuber"
        },
        {
            "reply_id": "Ugx-LRNnvzE6vR4wkL94AaABAg",
            "reply_content": "\u6211\u662f\u5973\u751f\uff0c\u4f46\u6211\u89ba\u5f97\u7537\u4eba\u6392\u884c\u699c\u505a\u7684\u5f88\u523a\u6fc0\u71b1\u8840\uff0c\u54c8\u54c8\u54c8\uff01\n\u770b\u4f60\u63cf\u8ff0\u9019\u4e9b\u90fd\u89ba\u5f97\u4f60\u662f\u975e\u5e38\u7528\u5fc3\u53c8\u601d\u616e\u5468\u5230\u7d30\u5fc3\u3001\u4e0a\u9032\u7684\u4eba\uff0c\u4f60\u5f88\u8aa0\u61c7\u7684\u8207\u89c0\u773e\u4e92\u52d5\uff0c\u800c\u4e14\u4e0d\u65b7\u6c42\u9032\u6b65\uff0c\u771f\u7684\u5f88\u4f69\u670d\u4f60\uff0c\u5176\u4ed6yt \u6211\u5e7e\u4e4e\u6c92\u4ec0\u9ebc\u4f69\u670d\u4ed6\u5011\u7684\uff0c\u9802\u591a\u6b23\u8cde\u500b\u624d\u83ef\uff0c\u4f46\u5f9e\u4ed6\u5011\u8eab\u4e0a\u4e0d\u6703\u5f97\u5230\u7279\u5225\u611f\u89f8\uff0c\u800c\u4f60\u662f\u5256\u5fc3\u5256\u80ba\u7684\u8207\u6211\u5011\u5206\u4eab\u2764 \u771f\u662f\u4e00\u500b\u5f88\u68d2\u7684\u5716\u6587\u4f5c\u5bb6\u5466\uff01\uff01\uff01\uff01\uff01"
        },
        {
            "reply_id": "Ugx8lc6wEDv1noadFh14AaABAg",
            "reply_content": "\u52aa\u529b\u662f\u5728\u9178\u5fae\u75bc\u5427\uff1f\n\u5b83\u7d93\u5e38\u628a\u52aa\u529b\u639b\u5728\u5634\u908a\u5462"
        },
        {
            "reply_id": "UgyIa9kvT-krPsEk05x4AaABAg",
            "reply_content": "\u5728\u5099\u8003\u671f\u9593\u78ba\u8a3a \u5b85\u5728\u5bb6\u5e7e\u4e4e\u628a\u6d0b\u8525\u7684\u5f71\u7247\u770b\u904e\u4e00\u6b21 \u5c24\u5176\u662f\u5347\u5b78\u7bc7\u8b93\u6211\u5f88\u6709\u611f\u89f8 \u6d0b\u8525\u7684\u5f71\u7247\u8b93\u6211\u5f9e\u570b\u5c0f\u770b\u5230\u9ad8\u4e2d \n\u662f\u4f4d\u5f88\u68d2\u7684\u5f71\u7247\u5275\u4f5c\u8005 \u6703\u7e7c\u7e8c\u652f\u6301\uff01\ud83c\udf89"
        },
        {
            "reply_id": "UgyxJXZkQ5g4pBgi8nZ4AaABAg",
            "reply_content": "\u770b\u5230\u4f60\u5728\u4e2d\u9593\u7684\u90a3\u4e00\u6bb5\u8a71\uff0c\u8b93\u6211\u9019\u4f4d\u5feb50\u6b72\u7684\u8001\u4eba\u5bb6\uff0c\u80fd\u7a0d\u5fae\u5e73\u5fa9\u4e00\u9ede\u5fc3\u60c5\uff5e\u6211\u4e5f\u662f\u5f88\u6182\u9b31\u2639\ufe0f\u554a\uff01"
        },
        {
            "reply_id": "UgwO79OJzYpKwt-Zc_F4AaABAg",
            "reply_content": "\u9084\u771f\u7684\u662f...\"\u4f60\u4e00\u76f4\u5728 \u6211\u7e3d\u6703\u9ede\u958b\u4f86\u770b\"\uff0c\u6211\u4ee5\u524d\u4e00\u76f4\u77e5\u9053\u6d0b\u8525\uff0c\u4f46\u5c31\u662f\u5c0d\u756b\u98a8\u4e0d\u611f\u8208\u8da3\uff0c\u4f46...\u4ecd\u7136\u6703\u4e45\u4e45\u770b\u4e00\u6b21\u559c\u6b61\u7684\u5167\u5bb9\uff0c\u5728\u9019\u904e\u7a0b\u4e2d \u4e0d\u77e5\u4e0d\u89ba\u8208\u8da3\u4e5f\u9010\u6f38\u589e\u52a0\u4e86~"
        }
    ]
}