{
    "video_info": {
        "id": "5bouEYQuW7k",
        "channelTitle": "Onion Man",
        "title": "Onion Man | \u8d85\u9ad8\u6bba\u50b7\u529b\u7684\u6230\u9b25\u9640\u87ba\uff01\u7ae5\u5e74\u6fc0\u6230\u56de\u61b6\uff01| \u7537\u4eba\u7684\u7ae5\u5e74\u6d6a\u6f2b\u7bc7",
        "description": "\u6211\u7ae5\u5e74\u6700\u611b\u7684\u73a9\u5177\uff0c\u52d5\u756b\u4e5f\u662f\u8d85\u552c\u721b\uff0c\u4f46\u4e5f\u8d85\u597d\u770b!!! \u4e00\u8d77\u4f86\u8907\u7fd2\u5427!!\n\n\u672c\u5468\u611f\u8b1d\u6230\u9b25\u9640\u87ba\u4e7e\u7239\u8d0a\u52a9\uff0c\u6211\u8d85\u6709\u9762\u5b50\u7684\u5566\n\u9081\u516525\u5468\u5e74\uff0c\u5168\u65b0\u9032\u5316\u7684\u6230\u9b25\u9640\u87baX\u5f37\u52e2\u4f86\u8972\uff01\n\u9019\u6b21\uff0c\u6211\u5011\u73a9\u771f\u7684\uff01\n\u5373\u65e5\u8d77\u81f310/10 \n\u5728Funbox \u5b98\u65b9\u7dda\u4e0a\u5546\u57ce\u8f38\u5165\u4ee3\u78bc\u300eonionman\u300f\n\u5373\u53ef\u4eab\u6709\u6eff\u5343\u9001\u767e\u7684\u9650\u6642\u512a\u60e0\u5594\uff01\nFunbox \u5b98\u65b9\u8766\u76ae\u8ce3\u5834\u9650\u6642\u512a\u60e0\u540c\u6b65\u5be6\u65bd\uff01\nFunbox \u5b98\u65b9\u7dda\u4e0a\u5546\u57ce\uff1ahttps://shop.funbox.com.tw/categories/takaratomy/beyblade\nFunbox \u5b98\u65b9\u8766\u76ae\u8ce3\u5834\uff1ahttps://shopee.tw/mall/search?keyword=beyblade%20x&shop=285705541\n\u6230\u9b25\u9640\u87ba TW \u5b98\u65b9\u7c89\u7d72\u5c08\u9801\uff1ahttps://www.facebook.com/Beyblade2016/\n\n#\u6230\u9b25\u9640\u87ba #\u30d9\u30a4\u30d6\u30ec\u30fc\u30c9 #Beyblade\n#\u6230\u9b25\u9640\u87baX #\u30d9\u30a4\u30d6\u30ec\u30fc\u30c9X #BeybladeX\n\n\n\u3010\u8a02\u95b1\u3011\u53ca\u89c0\u770b\u6d0b\u8525\u66f4\u591a\u5f71\u7247: https://goo.gl/ijP3Eb\n\n\u5de5\u4f5c\u5408\u4f5c\uff1aonionmanwork@gmail.com\nOnion Man \u767e\u842c\u8ffd\u8e64\u7c89\u7d72\u5718:goo.gl/Z5CSvw\n\n\u6700\u65b0\u963f\u6587\u8cbc\u5716:https://reurl.cc/GxYjA\n\n\u7b2c\u4e00\u4ee3\u963f\u6587line\u8cbc\u5716:https://reurl.cc/Wroxx\n\n\u6d0b\u8525\u79c1\u751f\u6d3bIG:https://www.instagram.com/onionman__/\n\n\n\u904b\u52d5\u6f2b\u756b\u88e1\u7684\u4e2d\u4e8c\u8001\u6897\u5287\u60c5\n\u25ba\u7b2c\u4e00\u96c6:https://youtu.be/cMoV1rPH35k\n\u25ba\u7b2c\u4e8c\u96c6:https://youtu.be/iW7LM00lny0\n\u25ba\u7b2c\u4e09\u96c6:https://youtu.be/2G5wu61uCM0\n\u25ba\u7b2c\u56db\u96c6:https://youtu.be/-rP1abYv8n4\n\nOnion Man \u95dc\u9375\u5b57:\n\u4e2d\u4e8c \u80a5\u5b85 \u55ae\u8eab\u6f22 \u55ae\u8eab \u9b6f\u86c7 \u5c4c\u7d72 \u80a5\u5b85",
        "likeCount": "8204",
        "commentCount": "4129",
        "viewCount": "396193"
    },
    "comments": [
        {
            "reply_id": "Ugz0lsgKFh4VfI2ib-J4AaABAg",
            "reply_content": "\u6211\u5c0f\u6642\u5019\u62ff\u5341\u5e7e\u5e74\u524d\u7684\u6230\u9b25\u9640\u87ba\uff0c\u76f4\u63a5\u78be\u58d3\u7576\u6642\u7684\u9640\u87ba\u3002"
        },
        {
            "reply_id": "UgxxvLrYTn8vgP2Lo294AaABAg",
            "reply_content": "\u6bd4\u8d77\u9cf3\u548c\u9f8d\u6211\u66f4\u559c\u6b61\u767d\u864e\ud83d\ude08"
        },
        {
            "reply_id": "UgzbucYpEe5XkGYpm3B4AaABAg",
            "reply_content": "\u6211\u9084\u5728\u92fc\u9435\u4e16\u4ee3"
        },
        {
            "reply_id": "UgxU12s2y1dA9Ye50Vh4AaABAg",
            "reply_content": "\u4eba\u76f4\u63a5\u5fc3\u63a7\u9640\u87ba\u2026\u9019\u61c9\u8a72\u662f\u6a5f\u9b42\u5927\u6085\u7684\u4e00\u7a2e\uff1f"
        },
        {
            "reply_id": "UgzmUsi7QPrdS9GYKzV4AaABAg",
            "reply_content": "\u6211\u7528\u7684\u662f\u9b54\u5e7b\u9640\u87ba"
        },
        {
            "reply_id": "UgwHNkgAXJb0cQw6cAh4AaABAg",
            "reply_content": "\u9084\u8a18\u5f97\u5c0f\u6642\u5019\u5f88\u559c\u6b61\u81ea\u5df1\u6539\u9020\u7206\u65cb\u9640\u87ba\uff0c\u70ba\u4e86\u589e\u52a0\u65cb\u8f49\u6301\u4e45\u6027\u628a\u5e95\u90e8\u6539\u6210\u87ba\u7d72\u91d8\uff0c\u7136\u5f8c\u6709\u5929\u6211\u5abd\u4e0d\u5c0f\u5fc3\u8e29\u5230\uff0c\u9001\u9662\u6642\u628a\u91ab\u751f\u548c\u8b77\u58eb\u90fd\u7b11\u760b\u4e86\uff0c\u5feb\u770b\u90a3\u5973\u58eb\u8173\u5e95\u4e0b\u6709\u500b\u9640\u87ba...\u6700\u5f8c\u91ab\u751f\u9084\u8ddf\u6211\u8aaa\u6211\u61c9\u8a72\u662f\u53f2\u4e0a\u7b2c\u4e00\u4f4d\u628a\u6bcd\u89aa\u8ddf\u9640\u87ba\u7d44\u88dd\u5728\u4e00\u8d77\u7684\u4eba\uff0c\u751f\u7269\u5175\u5668\u9640\u87ba\u8a95\u751f\u4e86\uff0c\u6211\u7576\u6642\u7adf\u7136\u9084\u6709\u4e00\u9ede\u81ea\u8c6a\u611f....\u4f46\u56de\u5bb6\u5f8c\u6211\u5c31\u88ab\u6253\u5230\u534a\u6b7b\u9084\u6254\u4e86\u6211\u6240\u6709\u9640\u87ba...\u54ed"
        },
        {
            "reply_id": "Ugzks0SCVIynPa2w7-h4AaABAg",
            "reply_content": "\u6211\u600e\u9ebc\u7a81\u7136\u60f3\u5230\u7206\u4e38 \u5c0f\u6642\u5019\u540c\u5b78\u4eba\u624b\u597d\u5e7e\u96bb \u4e5f\u662f\u7ae5\u5e74\u56de\u61b6 \u4e0d\u77e5\u9053\u6d0b\u8525\u77e5\u4e0d\u77e5\u9053\ud83d\ude02"
        },
        {
            "reply_id": "UgyfaSVg8BPOmdk4SjB4AaABAg",
            "reply_content": "\u597d\u554a\uff0c\u8b80\u5230\u53f0\u5927\u8dd1\u53bb\u767e\u8ca8\u516c\u53f8\u8650\u5c0f\u5b69XD"
        },
        {
            "reply_id": "Ugxdts4pHB5DENfdOe94AaABAg",
            "reply_content": "\u597d\u61f7\u5ff5\u554a\n\u6211\u7576\u521d\u662f\u62ff\u92fc\u5203\u96c4\u7345\u5462"
        },
        {
            "reply_id": "UgwiD1sFHo9UwKrCvG14AaABAg",
            "reply_content": "\u73a9\u904e\u4e00\u5708\u7684\u6211\u8868\u793a\uff1a\u597d\u50cf\u80fd\u627e\u5230\u4eba\u5c0d\u6230\u7684\u597d\u50cf\u6c92\u5e7e\u500b\n\n\u602a\u7378\u5c0d\u6253\u6a5f\u6709\u8fad\u5178\u6c92\u672c\u9ad4\n\u52c9\u5f37\u7b97\u8001\u5e2b\u7d66\u7684\u6c92\u6536\u4f86\u7684D3\uff0cD4\u5fd8\u4e86\u6709\u6c92\u6709\u6478\u5230\n\u6709\u8ecc\u9053\u8eca\uff0c\u4f46\u662f\u6c92\u6709\u5927\u8ecc\u9053\n\u6709\u904a\u6232\u738b\u5361\uff0c\u4f46\u662f\u6c92\u6709\u5b8c\u6574\u7684\u724c\u7d44\n\u6709\u5f48\u73e0\u4eba\uff0c\u4f46\u662f\u6c92\u6709\u50b3\u8aaa\u4e2d\u7684\u5834\u5730\u7d44\n\u6230\u9b25\u9640\u87ba\uff0c\u597d\u50cf\u5c31\u90a3\u4e00\u5169\u6b21\u6709\u6478\u5230\u5834\u5730"
        },
        {
            "reply_id": "Ugx5x4koNqk1MmfXRjN4AaABAg",
            "reply_content": "\u6211\u4ee5\u524d\u62ff\u65e5\u672c\u9032\u53e3\u7684\u6230\u9b25\u9640\u87ba\u662f\u91d1\u5c6c\u505a\u7684\uff0c\u7d50\u679c\u6211\u628a\u5225\u4eba\u7684\u5851\u81a0\u6230\u9b25\u9640\u87ba\u7d66\u62c6\u4e86\uff0c\u6709\u5920\u66b4\u529b"
        },
        {
            "reply_id": "UgxcDAPUT_ulpm0rfBF4AaABAg",
            "reply_content": "\u8fa6\u516c\u5ba4\u9084\u653e\u4e86\u8ab0\u7684\u5beb\u771f\u96c6"
        },
        {
            "reply_id": "Ugzq1EhEHWMwNYodeEZ4AaABAg",
            "reply_content": "\u9280\u7259\u7375\u864e\u90a3\u500b\u4e16\u4ee3\u6709\u4e00\u96bb \u7d2b\u8272\u98db\u7334\uff0c\u628a\u4e0a\u7247\u5207\u5272\u6210\u5713\u5f62 \u6574\u500b\u9640\u87baABC\u5f62\u6210\u5713\u67f1\uff0c\u5728\u628a\u9640\u87ba\u7684\u652f\u8173\u78e8\u6210\u4e0d\u5c16 \uff0c\u5728\u628a\u5167\u5c64\u5e95\u5ea7\u52a0\u8d85\u5c0f\u92fc\u73e0\uff0c \u6210\u529f\u62ff\u5230 \u90a3\u5e74\u4ee3\u7684 \u6230\u9b25\u9640\u87ba\u6bd4\u8cfd\u7684\u300c\u767d\u864e\u52f3\u7ae0\u300d\uff08\u6771\u897f\u90fd\u9084\u4fdd\u5b58\u7684\u5f88\u597d\uff09\n\n\u90a3\u5e74\u5f8c\u4f86\u63a8\u51fa \u300c\u78c1\u529b\u8ef8\u5fc3\u300d\n\u914d\u5408\u4e3b\u5834\u78c1\u529b\u76e4 \n\u6c92\u8cfc\u8cb7\u78c1\u529b\u6838\u5fc3\u7684\u90fd\u88ab\u5c4c\u6253\u98db\u51fa\u53bb \ud83d\ude05"
        },
        {
            "reply_id": "UgxKMo0c6T32mCIT2Xh4AaABAg",
            "reply_content": "\u4e5f\u6709\u5973\u5b69\u5b50\u73a9\u904e\uff01\u5c0f\u5b69\u5b50\u771f\u7684\u5c0d\u4ec0\u9ebc\u90fd\u5f88\u8a8d\u771f\uff0c\u9640\u87ba\u4e5f\u50cf\u771f\u7684\u6709\u529b\u91cf\u4f3c\u7684...\u60f3\u7576\u5e74\u4e5f\u53c3\u52a0\u904e\u6bd4\u8cfd\u8d0f\u904e\u734e\u54c1\ud83d\ude06 \u73fe\u5728\u6703\u89ba\u5f97\u52d5\u756b\u5c37\u5c2c\uff0c\u662f\u56e0\u70ba\u4f60\u5404\u4f4d\u7684\u5fc3\u5df2\u7d93\u88ab\u6c61\u67d3\u4e86..."
        },
        {
            "reply_id": "UgxARtK8q8bOAGh1A3V4AaABAg",
            "reply_content": "\u4e0d\u5f97\u4e0d\u8aaa\u9019\u96c6\u7684\u696d\u914d\u2026\u2026\u554a\uff01\u4e0d\u662f\uff01\u662f\u63a8\u5751\u6230\u9b25\u9640\u87ba\u771f\u7684\u5f88\u6709\u6599\uff01\u9023\u6211\u90fd\u958b\u59cb\u6709\u8208\u8da3\u4e86\uff0c\u53ea\u662f\u7919\u65bc\u5404\u9805\u56e0\u7d20\u9072\u9072\u4e0d\u6562\u6d88\u8cbb\n\u9084\u6709\u6211\u5c0f\u5b78\u6642\u671f\u4e5f\u5f88\u6d41\u884c\u6230\u9b25\u9640\u87ba\uff0c\u7576\u5e74\u56e0\u70ba\u8ddf\u98a8\uff08\u4e5f\u6709\u4e00\u90e8\u5206\u662f\u81ea\u5df1\u4e5f\u559c\u6b61\u9640\u87ba\u9019\u7a2e\u73a9\u5177\uff09\u6240\u4ee5\u4e5f\u6709\u8cb7\u4f86\u73a9\uff0c\u4f46\u56de\u61b6\u65b9\u9762\u5f88\u5c37\u5c2c\u548c\u96e3\u4ee5\u63cf\u8ff0\uff0c\u6c92\u4ec0\u9ebc\u8ddf\u540c\u5b78\u5c0d\u6230\u6216\u53c3\u52a0\u6bd4\u8cfd\u7684\u7d93\u9a57\u6240\u4ee5\u5370\u8c61\u4e2d\u90fd\u662f\u770b\u8457\u81ea\u5df1\u7684\u9640\u87ba\u8f49\u800c\u5df2\uff08\u5be6\u5728\u592a\u908a\u7de3\u548c\u60b2\u54c0\u4e86QQ\uff09\uff0c\u9084\u6709\u52d5\u756b\u6211\u662f\u5b8c\u5168\u6c92\u5728\u770b\u7684\uff0c\u4e00\u4f86\u4e0d\u77e5\u9053\u5728\u54ea\u53f0\u770b\uff0c\u4e8c\u4f86\u5c0f\u6642\u5019\u5c0d\u6709\u5287\u60c5\u7684\u52d5\u756b\u6c92\u8208\u8da3\n\u7559\u8a00\u6253\u5230\u9019\u9023\u6211\u90fd\u89ba\u5f97\u4e0d\u53ef\u601d\u8b70\u554a\uff01\u5927\u6982\u53ea\u6709\u6211\u7684\u7ae5\u5e74\u7d93\u6b77\u6703\u9577\u9019\u9ebc\u602a\u4e86\u5427\uff01"
        },
        {
            "reply_id": "Ugz7JogHw6f4x0mAdwV4AaABAg",
            "reply_content": "\u4e3b\u89d2\u7684\u8072\u97f3\u662f\u98a8\u9593\u55ce"
        },
        {
            "reply_id": "Ugwwj2jzFPCLpkqr-ih4AaABAg",
            "reply_content": "\u5674\u706b\u82b1\u8f2a\u76e4\u5462"
        },
        {
            "reply_id": "Ugy2snt1hgZugfd9QRt4AaABAg",
            "reply_content": "\u6230\u9b25\u9640\u87ba\u4e00\u76f4\u5230\u73fe\u5728\u90fd\u5f88\u6709\u540d\u53bb\u54ea\u88e1\u6211\u5152\u5b50\u90fd\u6703\u5e36\ud83d\ude05"
        },
        {
            "reply_id": "Ugx_yZiyRaZTCHOYjyR4AaABAg",
            "reply_content": "\u7121\u5370\u7248\u7684\u624b\u7e6a\u9640\u87ba\u771f\u7684\u6709\u6599\uff0c\u8001\u52d5\u756b\u5e2b\u7684\u786c\u5e95\u5b50\u975e\u5e38\u624e\u5be6"
        },
        {
            "reply_id": "UgzDJYj_ZJigPeRTzZR4AaABAg",
            "reply_content": "\u652f\u6301"
        }
    ]
}