{
    "video_info": {
        "id": "64EXhLBrYlY",
        "channelTitle": "Onion Man",
        "title": "Onion Man | \u6211\u53ea\u662f\u60f3\u6d3b\u4e0b\u53bb\u7f77\u4e86\uff01\u7121\u6642\u7121\u523b\u88ab\u7f75\u7684YOUTUBER\u4eba\u751f\uff01 \u4e5d\u5e74\u4f86\u7684\u5275\u4f5c\u4eba\u751f\u7bc7",
        "description": "\u4e0d\u65b7\u7d93\u6b77\u6c5f\u90ce\u624d\u76e1\u7684\u4eba\u751f\n\n\u3010\u8a02\u95b1\u3011\u53ca\u89c0\u770b\u6d0b\u8525\u66f4\u591a\u5f71\u7247: https://goo.gl/ijP3Eb\n\n\u5de5\u4f5c\u5408\u4f5c\uff1aonionmanwork@gmail.com\nOnion Man \u767e\u842c\u8ffd\u8e64\u7c89\u7d72\u5718:goo.gl/Z5CSvw\n\n\u6700\u65b0\u963f\u6587\u8cbc\u5716:https://reurl.cc/GxYjA\n\n\u7b2c\u4e00\u4ee3\u963f\u6587line\u8cbc\u5716:https://reurl.cc/Wroxx\n\n\u6d0b\u8525\u79c1\u751f\u6d3bIG:https://www.instagram.com/onionman__/\n\n\n\u904b\u52d5\u6f2b\u756b\u88e1\u7684\u4e2d\u4e8c\u8001\u6897\u5287\u60c5\n\u25ba\u7b2c\u4e00\u96c6:https://youtu.be/cMoV1rPH35k\n\u25ba\u7b2c\u4e8c\u96c6:https://youtu.be/iW7LM00lny0\n\u25ba\u7b2c\u4e09\u96c6:https://youtu.be/2G5wu61uCM0\n\u25ba\u7b2c\u56db\u96c6:https://youtu.be/-rP1abYv8n4\n\nOnion Man \u95dc\u9375\u5b57:\n\u4e2d\u4e8c \u80a5\u5b85 \u55ae\u8eab\u6f22 \u55ae\u8eab \u9b6f\u86c7 \u5c4c\u7d72 \u80a5\u5b85",
        "likeCount": "11809",
        "commentCount": "935",
        "viewCount": "419414"
    },
    "comments": [
        {
            "reply_id": "UgwuLnJaALim69bmHdF4AaABAg",
            "reply_content": "\u591c\u795e\u6708"
        },
        {
            "reply_id": "UgxQfZeUZUyggetdWuZ4AaABAg",
            "reply_content": "\u8dea\u6c42\u6d0b\u8525\u628a\u5317\u6b50\u7bc7\u767c\u5b8c\uff0c\u90a3\u500b\u7cfb\u5217\u8d85\u7d1a\u597d\u770b\uff0c\u4e0d\u8981\u56e0\u70ba\u5c11\u6578\u4eba\u610f\u898b\u800c\u53d7\u5f71\u97ff\u554a\ud83d\ude22"
        },
        {
            "reply_id": "Ugy3iUJwOFvtuUb4c8B4AaABAg",
            "reply_content": "\u4e00\u76f4\u90fd\u5f88\u559c\u6b61\u6d0b\u8525\uff01\uff01"
        },
        {
            "reply_id": "UgxN7p1frK2IRIqXH-x4AaABAg",
            "reply_content": "\u53ea\u6709\u770b\u6d0b\u8525\u7684\u4f5c\u54c1\u624d\u6703\u53c8\u6eff\u6eff\u7684\u5171\u9cf4\uff0c\u6700\u559c\u6b61\u7684\u7d55\u5c0d\u662f\u90a3\u4e9b\u6c92\u4eba\u6562\u8aaa\u51fa\u53e3\u7684\u4e0d\u582a\u5167\u5fc3\u6232\uff0c\u6839\u672c\u6c92\u4eba\u6562\u9019\u6a23\u756b\u51fa\u4f86\uff0c\u8b1d\u8b1d\u4f60\uff01\u2764"
        },
        {
            "reply_id": "Ugw4-bjsCohsNfv4apF4AaABAg",
            "reply_content": "\u6211\u8a8d\u70ba\u6bcf\u500b\u4eba\u90fd\u6703\u7d93\u6b77\u9ad8\u6f6e\u4f4e\u6f6e\uff0c\u8209\u4f8b\u5c31\u50cf\u8db3\u7403\u54e1C\u6717\uff0c\u7f8e\u65af\u4e00\u6a23\uff0c\u4ed6\u5011\u4e5f\u6703\u6162\u6162\u9000\u4e0b\u4f86\uff0c\u6240\u4ee5\u4e0d\u8981\u7d66\u81ea\u5df2\u592a\u5927\u58d3\u529b\u8aaa\u4e00\u5b9a\u8981\u6301\u7e8c\u9ad8\u6536\u8996\u3002\u4f60\u662f\u771f\u6b63\u6709\u624d\u83ef\u7684youtuber\uff0c\u52a0\u6cb9\uff0c\u6211\u6703\u4e00\u76f4\u89c0\u770b\u4f60\u5f71\u7247\u7684"
        },
        {
            "reply_id": "UgzV7JTbZJYlrU_megZ4AaABAg",
            "reply_content": "\u525b\u525b\u624d\u770b\u5b8c\u5317\u6b50\u7cfb\u5217~\u883b\u60f3\u770b\u5317\u6b50\u5176\u4ed6\u7684\u6545\u4e8b\u634f^_^"
        },
        {
            "reply_id": "UgwM4UVUH7IjmHeLoHV4AaABAg",
            "reply_content": "\u5927\u6982\u662f\u4e2d\u4e8c\u7bc7\u958b\u59cb\u8ffd\u7684\n\u5317\u6b50\u51fa\u570b\u7bc7\u5f8c\u5c31\u6e1b\u5c11\u770b\u4e86\n\u53ef\u80fd\u771f\u7684\u8ddf\u4f60\u8aaa\u7684\u4e00\u6a23\n\u89ba\u5f97\u90a3\u6642\u671f\u592a\u591ayoutuber\u90fd\u5728\u767c\u4e00\u6a23\u7684\u6771\u897f\n\u7684\u78ba\u633a\u81a9\u7684"
        },
        {
            "reply_id": "Ugx9kNZTlzkoimvRQld4AaABAg",
            "reply_content": "\u6210\u529f\u7684\u4eba\uff0c\u5176\u4ed6\u4eba\u5f80\u5f80\u53ea\u770b\u5230\u5149\u9bae\u4eae\u9e97\u7684\u4e00\u9762\uff0c\u800c\u5ffd\u7565\u80cc\u5f8c\u7684\u52aa\u529b\uff0c\u52a0\u6cb9\u8525\u54e5\u3002\n\n\u984c\u5916\u8a71\uff0c\u73fe\u5728\u7db2\u8def\u98a8\u6c23\u5be6\u5728\u662f\u4e0d\u592a\u5065\u5eb7\uff0c\u7db2\u8def\u767c\u9054\u7684\u60c5\u6cc1\u4e0b\uff0c\u5927\u5bb6\u90fd\u80fd\u8eb2\u5728\u9375\u76e4\u5f8c\u9762\u66a2\u6240\u6b32\u8a00\uff0c\u6240\u4ee5\u5c31\u628a\u5e73\u5e38\u751f\u6d3b\u7684\u58d3\u529b\u5ba3\u6d29\u5728\u5404\u500b\u5730\u65b9\uff0c\u5f9e\u6c92\u60f3\u904e\u9019\u6703\u5f71\u97ff\u5176\u4ed6\u4eba\u591a\u5c11= =\n\u6211\u5f88\u5c11\u6253\u5b57\u7559\u8a00\u7684(\u96d6\u7136\u4e00\u65b9\u9762\u662f\u61f6\u60f0-3-)\uff0c\u800c\u4e14\u7db2\u8def\u9178\u6c11\u9019\u4ef6\u4e8b\u5176\u5be6\u5927\u5bb6\u4e5f\u90fd\u6e05\u695a\uff0c\u4f46\u6bcf\u7576\u770b\u5230\u6709\u5275\u4f5c\u8005\u900f\u9732\u81ea\u5df1\u88ab\u6d41\u8a00\u91cd\u50b7\u6642\uff0c\u5c31\u6703\u89ba\u5f97\u9019\u4e9b\u4eba\u771f\u7684\u5f88\u81ea\u79c1...\n\n\u7e3d\u4e4b\uff0c\u9752\u83dc\u863f\u8514\u5404\u6709\u6240\u597d\uff0c\u7576\u671f\u7684\u8a71\u984c\u5f71\u7247\u82e5\u6253\u4e0d\u4e2d\u4f60\u5404\u4f4d\u7684\u559c\u597d\uff0c\u8b1b\u8a71\u597d\u597d\u8aaa\uff0c\u5225\u4ed6\u5abd\u7684\u5728\u90a3\u908a\u5634\u8ce4\u70ba\u9178\u800c\u9178\uff0c\u770b\u4e86\u5f88\u8e81\u963f!\n\u9f13\u52f5\u4ee3\u66ff\u8cac\u5099\u8b1d\u8b1d\u5927\u5bb6"
        },
        {
            "reply_id": "Ugy7trpIP-HadA0fqGN4AaABAg",
            "reply_content": "\u4f60\u8f9b\u82e6\u4e86"
        },
        {
            "reply_id": "UgzQZWV-u4_XlaabWaB4AaABAg",
            "reply_content": "\u4f46\u6211\u89ba\u5f97\u4f60\u51fa\u53bb\u4e4b\u5f8c\u756b\u7684\u6771\u897f\u53c8\u65b0\u5947\u5f88\u591a\u8036 \u6211\u89ba\u5f97\u9019\u500b\u6539\u8b8a\u5c0d\u4f60\u7684\u983b\u9053\u4e0d\u662f\u58de\u4e8b"
        },
        {
            "reply_id": "UgzZwlRN_UWpSxUbjgN4AaABAg",
            "reply_content": "\u6d0b\u8525\u7684\u5f71\u7247\u662f\u5c11\u6578\u53ef\u4ee5\u8b93\u6211\u597d\u4e45\u6c92\u6709\u7684\u5927\u7b11\u767c\u751f\u9ede\uff0c\u56e0\u70ba\u751f\u6d3b\u58d3\u529b\u5f88\u4e45\u6c92\u6709\u5927\u7b11\uff0c\u8b1d\u8b1d\u6d0b\u8525"
        },
        {
            "reply_id": "Ugxa2xjADXYxQwknR854AaABAg",
            "reply_content": "\u54c8\u54c8\u54c8\u54c8\u54c8\u54c8\u54c8 \u597d\u8b9a"
        },
        {
            "reply_id": "UgzpGJIYga9nRztO1e54AaABAg",
            "reply_content": "\u4e00\u76f4\u8b8a\u597d\u53cd\u800c\u5225\u4eba\u5df4\u4e0d\u5f97\u4f60\u597d\u4e86\u6c92\u8fa6\u6cd5"
        },
        {
            "reply_id": "Ugx699sxT4Y02ZLgwq14AaABAg",
            "reply_content": "\u7121\u6642\u7121\u523b\u5f8c\u9762\u8981\u52a0\u5426\u5b9a\u8a5e"
        },
        {
            "reply_id": "UgzYdG8v2E4mxW9LPGV4AaABAg",
            "reply_content": "\u4e4b\u5f8c\u53ef\u4ee5\u6539\u5c45\u4f4f\u5730\u9ede\uff0c\u4f8b\u5982\u53f0\u4e2d\uff0c\u53c8\u53ef\u4ee5\u6fc0\u8d77\u4e0d\u540c\u5275\u4f5c\u60f3\u6cd5"
        },
        {
            "reply_id": "Ugx65_KndkLW0-1DB0B4AaABAg",
            "reply_content": "\u5e38\u5e38\u4e5f\u90fd\u6703\u601d\u8003\u8981\u4ec0\u9ebc\u505a\u597d\uff08\u4eba \uff09\u4f60\u90fd\u80fd\u525b\u597d\u628a\u76f8\u4f3c\u7684\u4e8b\u5beb\u51fa\u4f86\u770b\u4e86\u5c31\u5f88\u6b23\u6170\ud83d\ude02"
        },
        {
            "reply_id": "Ugwck2ueVmPjnAySSA54AaABAg",
            "reply_content": "\u5f88\u6709\u610f\u4e49\u7684\u5f71\u7247"
        },
        {
            "reply_id": "UgzYA4K6ZVQrE-TrWHt4AaABAg",
            "reply_content": "\u6211\u6709\u500b\u540c\u5b78.\u4ed6\u4e5f\u6eff\u611b\u756b\u63d2\u756b\u7684.\uff08\u4ee5\u524d\u4ed6\u90fd\u756b\u5632\u7b11\u653f\u6cbb\u985e\u7684\u53ef\u611b\u63d2\u756b\uff09\u73fe\u5728\u4e0d\u77e5\u9053\u9084\u6709\u6c92\u6709\u7e7c\u7e8c\u5728\u4f60\u5011\u9019\u884c~~\u4ed6\u53eb\u97cb\u5b97\u6210"
        },
        {
            "reply_id": "Ugxa83qOPJz2-Hidng54AaABAg",
            "reply_content": "\u6211\u89c9\u5f97\u5b85\u7684\u5b9a\u4e49\u5f88\u5e7f\uff0c\u6ca1\u5fc5\u8981\u5e2e\u522b\u4eba\u4e0a\u5047\u80a5\u5b85\u7684\u79f0\u53f7\u3002\u96be\u4e0d\u6210\u771f\u80a5\u5b85\u4f1a\u663e\u5f97\u6bd4\u8f83\u725b\u5417\uff1f"
        },
        {
            "reply_id": "UgxI1kZZPhILUUfiVw14AaABAg",
            "reply_content": "\u8ffd\u8e64\u516b\u4e5d\u5e74\u4e86\u3002\u51fa\u53bb\u5c0b\u627e\u9748\u611f\u5427\u6d0b\u8525\uff01"
        }
    ]
}