{
    "video_info": {
        "id": "6mxXMh2MTi8",
        "channelTitle": "Onion Man",
        "title": "Onion Man | 80\u5e74\u4ee3\u5c0f\u5b69\u5fc5\u73a9\u7684\u570b\u6c11\u7d1a\u61f7\u820a\u904a\u6232\uff01\u8d85\u8650\uff01\u6d0b\u8525\u7ae5\u5e74\u56de\u61b6\u7bc7",
        "description": "\u5927\u5bb6\u4e00\u5b9a\u90fd\u73a9\u904e\u7684\u7ae5\u5e74\u8d85\u96e3\u624b\u904a\n\n\u300aLUNA\uff1a\u6c38\u6046\u6708\u4e4b\u570b\u300b\u570b\u6c11\u7d1aIP\u5f37\u5f37\u806f\u624b\uff01\u6d0b\u8525\u9996\u6b21\u8de8\u754c\u806f\u52d5\n\u7531\u6d0b\u8525\u89aa\u81ea\u8a2d\u8a08\uff0c\u6d0b\u8525\u89d2\u8272\u5011\u625b\u8f4e\u7684\u7368\u5bb6\u5c08\u5c6c\u5750\u9a0e\u300c\u72e0\u89d2\u8272\u738b\u5ea7\u300d\u8d85\u8de9\u767b\u5834\uff01\n\n\u73fe\u5728\u53c3\u52a0\u4e8b\u524d\u9810\u7d04\u7db2\u9801\u6d3b\u52d5\uff0c\u5c31\u53ef\u4ee5\u514d\u8cbb\u7372\u5f97\u6d0b\u8525\u806f\u540d\u5750\u9a0e\u5594\uff01\n\u9084\u6709 PlayStation 5\u3001IPad Air\u3001Macbook\u3001iPhone 14 Pro\u3001PlayStation VR2 \u5927\u734e\u7b49\u4f60\u62bd\n\u5546\u5e97\u9810\u8a02\u9084\u53ef\u4ee5\u7372\u5f97\u7d93\u5178\u3010\u9ec3\u8272\u5c0f\u96de\u3011\u6642\u88dd\n\n\ud83d\udc49\u7acb\u5373\u9810\u7d04\uff1ahttps://lunamooncountry.onelink.me/vqzw/c1ypl6bt\n\n\n \u52a0\u5165\u5b98\u65b9\u7c89\u7d72\u5c08\u9801: https://www.facebook.com/lunamooncnt/\n  \u99ac\u4e0a\u52a0\u5165\u793e\u5718\uff1ahttps://www.facebook.com/groups/lunamooncnt\n  Discord\u5b98\u65b9\u7fa4\uff1ahttps://discord.gg/jxtvCCgVRZ\n\n\n\u3010\u8a02\u95b1\u3011\u53ca\u89c0\u770b\u6d0b\u8525\u66f4\u591a\u5f71\u7247: https://goo.gl/ijP3Eb\n\n\u5de5\u4f5c\u5408\u4f5c\uff1aonionmanwork@gmail.com\nOnion Man \u767e\u842c\u8ffd\u8e64\u7c89\u7d72\u5718:goo.gl/Z5CSvw\n\n\u6700\u65b0\u963f\u6587\u8cbc\u5716:https://reurl.cc/GxYjA\n\n\u7b2c\u4e00\u4ee3\u963f\u6587line\u8cbc\u5716:https://reurl.cc/Wroxx\n\n\u6d0b\u8525\u79c1\u751f\u6d3bIG:https://www.instagram.com/onionman__/\n\n\n\u904b\u52d5\u6f2b\u756b\u88e1\u7684\u4e2d\u4e8c\u8001\u6897\u5287\u60c5\n\u25ba\u7b2c\u4e00\u96c6:https://youtu.be/cMoV1rPH35k\n\u25ba\u7b2c\u4e8c\u96c6:https://youtu.be/iW7LM00lny0\n\u25ba\u7b2c\u4e09\u96c6:https://youtu.be/2G5wu61uCM0\n\u25ba\u7b2c\u56db\u96c6:https://youtu.be/-rP1abYv8n4\n\nOnion Man \u95dc\u9375\u5b57:\n\u4e2d\u4e8c \u80a5\u5b85 \u55ae\u8eab\u6f22 \u55ae\u8eab \u9b6f\u86c7 \u5c4c\u7d72 \u80a5\u5b85",
        "likeCount": "5365",
        "commentCount": "523",
        "viewCount": "355228"
    },
    "comments": [
        {
            "reply_id": "UgwX_meEEzYfETGno414AaABAg",
            "reply_content": "\u592a\u626f\u4e86\u22ef\u6bcf\u500b\u90fd\u6709\u73a9\u904e\uff0c\u5c0f\u6642\u5019\u73a9\u5230\u5931\u5fc3\u760b\u73a9\u5230\u5403\u98ef\u90fd\u4e0d\u5403\n\u5bb6\u4eba\u76f4\u63a5\u5728\u6211\u9762\u524d\u628a\u904a\u6232\u6a5f\u4e1f\u9032\u5783\u573e\u6876\ud83d\ude10\n\u592a\u61f7\u5ff5\u4e86\u22ef\ud83d\ude2d\ud83d\ude2d\ud83d\ude2d"
        },
        {
            "reply_id": "UgzxpgqDZ55BsJuI9eh4AaABAg",
            "reply_content": "\u9084\u6709\u71b1\u8840\u8eb2\u907f\u7403\ud83d\ude02"
        },
        {
            "reply_id": "UgxnhQ5psKMRDQ6itEZ4AaABAg",
            "reply_content": "\u770b\u5230\u7ae5\u5e74\u56de\u61b6\u597d\u611f\u52d5 \u524d\u56db\u540d\u90fd\u662f\u6211\u6700\u559c\u6b61\u7684\u904a\u6232\uff01"
        },
        {
            "reply_id": "UgwErGTKzeNCmv0D-gt4AaABAg",
            "reply_content": "\u6211\u5bb6\u9084\u6709\u7d05\u767d\u6a5f\uff08\u53ef\u958b\u6a5f\uff09"
        },
        {
            "reply_id": "Ugy-EmhBO0HFS9KManF4AaABAg",
            "reply_content": "\u6211\u662f\u516d\u5e74\u7d1a\u7684\uff0c\u597d\u9a5a\u8a1d\u6d0b\u8525\u5c0f\u6642\u5019\u73a9\u7684\u7b2c1\u5230\u7b2c4\u7a2e\u904a\u6232\u90fd\u662f\u6211\u5c0f\u6642\u5019\u5e38\u5e38\u5728\u73a9\u7684\u3001\u719f\u5230\u4e0d\u80fd\u518d\u719f\u7684\u904a\u6232.\u2764.\u746a\u5229\u6b50\u8e29\u9f9c\u6bbc\u88dc\u547d\u523099\u689d\u547d\u4ee5\u4e0a\u9019\u500b\u65b9\u6cd5\uff0c\u7576\u6642\u6211\u5011\u662f\u6709\u8cb7\u79d8\u7b08\uff0c\u88e1\u9762\u90fd\u6709\u5beb\u6709\u6559\ud83d\ude02\u90a3\u672c\u79d8\u7b08\u9084\u6709\u6559\u8ff7\u5bae\u95dc\u8981\u600e\u9ebc\u8d70\u51fa\u4f86."
        },
        {
            "reply_id": "Ugx0KfHRb4xo5vy4x6B4AaABAg",
            "reply_content": "\u9ce5\u4eba\u6230\u968a\u5176\u5be6\u662f\u91d1\u525b\u6230\u58eb\u7684\u524d\u4e00\u4ee3\uff0c\u91d1\u525b\u6230\u58eb\u7684\u7b2c\u4e00\u4ee3\u662f\u6050\u9f8d\u6230\u968a\u7378\u9023\u8005\ud83e\udd23\ud83e\udd23\ud83e\udd23"
        },
        {
            "reply_id": "UgzxK5Z0T6Dxoy2cPyp4AaABAg",
            "reply_content": "\u4e0a\u4e0a\u4e0b\u4e0b\u5de6\u53f3\u5de6\u53f3BA"
        },
        {
            "reply_id": "UgyGC89TjVqCTUwrhN94AaABAg",
            "reply_content": "\u5bc6\u5bc6\u9ebb\u9ebb\u4e5f\u60f3\u5230\u8d8a\u5357\u5927\u6230 \u4e5f\u662f\u7d93\u5178\u554a \u4e5f\u662f\u4ed6\u5abd\u7684\u78b0\u5230\u4e00\u4e0b\u5c31\u6b7b \u7136\u5f8c\u5f88\u5feb\u7684\u5c31\u8981\u6295\u5e63\u63a5\u95dc\u4e86 \u6709\u5920\u4e7e\ud83d\ude02"
        },
        {
            "reply_id": "UgzaZ4tMswIDWw-BC414AaABAg",
            "reply_content": "\u9b42\u6597\u7f85\u570b\u5c0f\u5c31\u53ef\u4ee5\u7834\u95dc\u554a"
        },
        {
            "reply_id": "UgwtUek0FrWLZInCpNF4AaABAg",
            "reply_content": "\u6709\u6975\u7a7a\u7684\u611f\u89ba"
        },
        {
            "reply_id": "UgwdJ91XMn0KqDbjLxp4AaABAg",
            "reply_content": "\u5c0f\u670b\u53cb\u9f4a\u6253\u4ea4\u4e5f\u8d85\u8b9a"
        },
        {
            "reply_id": "UgycK6RHCDyVISnWm7V4AaABAg",
            "reply_content": "\u5c45\u7136\u6c92\u6709\u8d8a\u5357\u5927\u6230"
        },
        {
            "reply_id": "UgyKYEw1KvLZHYd6Hot4AaABAg",
            "reply_content": "\u6c92\u6709\u97f3\u901f\u5c0f\u5b50\u5728\u8ddf\u70b8\u5f48\u8d85\u4eba\uff08\u963f\u7d66\uff09"
        },
        {
            "reply_id": "Ugw4fnje_Z4uXpaLkL54AaABAg",
            "reply_content": "\u6211\u73fe\u5728\u624d\u77e5\u9053\u8e29\u70cf\u9f9c\u53ef\u4ee5\u52a0\u547d"
        },
        {
            "reply_id": "Ugz5qB9KJbKUg-U8Fpt4AaABAg",
            "reply_content": "\u5176\u5be6\u9b42\u6597\u7f85\u5f88\u597d\u73a9\n\u7136\u5f8c\u5b83\u6709\u52a0\u547d\u5bc6\u78bc    \u6211\u5230\u73fe\u5728\u9084\u8a18\u5f97\n\u4e00\u9032\u9996\u9801\u5c31\u8981\u6309\u5bc6\u78bc\u7684\u6a23\u5b50\n\u8a18\u5f97\u597d\u50cf\u6703\u8b8a\u621040\u5e7e\u547d  \u9084\u53ef\u4ee5\u501f\u547d\n\u99ac\u6232\u5718\u6211\u53cd\u800c\u89ba\u5f97\u5f88\u96e3"
        },
        {
            "reply_id": "Ugz_QUdM1UEZEWDeL6F4AaABAg",
            "reply_content": "\u6211\u570b\u4e2d\u6642\u9b42\u6597\u7f85\u73a9\u624b\u904a\u7248\u7684\uff0cS\u7d1a\u4ee5\u4e0a\u7684\u6b66\u5668\u5f88\u96e3\u53d6\u5f97\n\u746a\u8389\u6b50\u6211\u90fd\u73a9\u8b8a\u614b\u7248\u548c\u7121\u6575\u7248\uff0c\u76f4\u63a5\u5f9e1-2\u8df3\u52304-1"
        },
        {
            "reply_id": "UgxzzKnU1FjwcKBWi1p4AaABAg",
            "reply_content": "\u71b1\u8840\u9ad8\u6821\u771f\u7684\u5f88\u597d\u73a9\ud83d\ude02\n\u9084\u6709\u540c\u6b3e\u7684\u71b1\u8840\u904b\u52d5\u6703"
        },
        {
            "reply_id": "UgwWIqwo0eqoXrztNVN4AaABAg",
            "reply_content": "\u5c45\u7136\u6c92\u6709\u9b54\u754c\u6751"
        },
        {
            "reply_id": "UgxZrbcKOec_BI7gXVh4AaABAg",
            "reply_content": "\u55ef\u22ef\u22ef\u7537\u751f\u7684\u570b\u6c11\u904a\u6232\u8ddf\u5973\u751f\u7684\u570b\u6c11\u904a\u6232\u4e0d\u592a\u4e00\u6a23\ud83e\udd23\ud83e\udd23"
        },
        {
            "reply_id": "UgwsQuRAKhJ6huR86rJ4AaABAg",
            "reply_content": "\u6469\u767b\u539f\u59cb\u4eba"
        }
    ]
}