{
    "video_info": {
        "id": "6NalHbxb0Yw",
        "channelTitle": "Onion Man",
        "title": "Onion Man | \u8207\u5973\u6b4c\u624b\u5408\u5531\u521d\u9ad4\u9a57\uff01\u908a\u5531\u908a\u6688\uff01 | \u56de\u5230\u6700\u521d\u611b\u4e0a\u4f60 \u9304\u97f3\u5e55\u5f8c\u82b1\u7d6e  @chenyo_official",
        "description": "\u4ee5\u60a0\u662f\u500b\u72e0\u89d2\u8272\n\nKKBOX\uff1a\nhttps://www.kkbox.com/tw/tc/song/9_BNIv0eL75jIjp-Tb\n\ud83c\udfa7\u5404\u5927\u6578\u4f4d\u5e73\u53f0\u6536\u807d\uff1a\nhttps://ONIONMAN.lnk.to/LFTD\n\n\u3010\u8a02\u95b1\u3011\u53ca\u89c0\u770b\u6d0b\u8525\u66f4\u591a\u5f71\u7247: https://goo.gl/ijP3Eb\n\n\u5de5\u4f5c\u5408\u4f5c\uff1aonionmanwork@gmail.com\nOnion Man \u767e\u842c\u8ffd\u8e64\u7c89\u7d72\u5718:goo.gl/Z5CSvw\n\n\u6700\u65b0\u963f\u6587\u8cbc\u5716:https://reurl.cc/GxYjA\n\n\u7b2c\u4e00\u4ee3\u963f\u6587line\u8cbc\u5716:https://reurl.cc/Wroxx\n\n\u6d0b\u8525\u79c1\u751f\u6d3bIG:https://www.instagram.com/onionman__/\n\n\n\u904b\u52d5\u6f2b\u756b\u88e1\u7684\u4e2d\u4e8c\u8001\u6897\u5287\u60c5\n\u25ba\u7b2c\u4e00\u96c6:https://youtu.be/cMoV1rPH35k\n\u25ba\u7b2c\u4e8c\u96c6:https://youtu.be/iW7LM00lny0\n\u25ba\u7b2c\u4e09\u96c6:https://youtu.be/2G5wu61uCM0\n\u25ba\u7b2c\u56db\u96c6:https://youtu.be/-rP1abYv8n4\n\nOnion Man \u95dc\u9375\u5b57:\n\u4e2d\u4e8c \u80a5\u5b85 \u55ae\u8eab\u6f22 \u55ae\u8eab \u9b6f\u86c7 \u5c4c\u7d72 \u80a5\u5b85",
        "likeCount": "2634",
        "commentCount": "112",
        "viewCount": "156479"
    },
    "comments": [
        {
            "reply_id": "UgzZp0_eFLMxpjti3W54AaABAg",
            "reply_content": "\u9ad8\u97f3\u4e0d\u597d\u5531\uff0c\u8f9b\u82e6\u4e86"
        },
        {
            "reply_id": "UgxCct-34oqi_bbafch4AaABAg",
            "reply_content": "\u5531\u7684\u4e0d\u932f"
        },
        {
            "reply_id": "Ugz1qAot4WFFqPekQ6V4AaABAg",
            "reply_content": "\u592a\u795e\u5566"
        },
        {
            "reply_id": "UgyZRhc3h4GAuBTg3aJ4AaABAg",
            "reply_content": "\u6d0b\u8525\u7684\u624b\u771f\u7684\u662f\u5929\u83dc\u8036\uff01\u512a\u8cea\u7684\u624b\ud83d\ude02"
        },
        {
            "reply_id": "UgwzYG88fNXX5qUKfr94AaABAg",
            "reply_content": "\u6d0b\u8525\u597d\u68d2\u2764"
        },
        {
            "reply_id": "UgyOi6AemMchA6XL88V4AaABAg",
            "reply_content": "\u88ab\u6700\u5f8c\u7684\u53e3\u865f\u53e3\u865f\u53e3\u865f\u53ef\u611b\u5230\u4e86\u54c8\u54c8\ud83d\ude02\n\u6d0b\u8525\u7684\u5e55\u5f8c\u82b1\u7d6e\u5f88\u6709\u8da3\u9912\uff01\uff01\uff01\u60f3\u591a\u770b\u2764"
        },
        {
            "reply_id": "Ugw1weZNCjs9E604nEN4AaABAg",
            "reply_content": "\u6709\u4eba\u767c\u73fe\u6d0b\u8525\u53c8\u88ab\u526a\u8f2f\u51fa\u8ce3\u4e86\u55ce.."
        },
        {
            "reply_id": "Ugy8rb3gXSVqdvYXK0R4AaABAg",
            "reply_content": "\u5dee\u9ede\u4ee5\u70ba\u5468\u6770\u502b\u5728\u5e6b\u5fd9\u88fd\u4f5c"
        },
        {
            "reply_id": "UgyUBzud78O739K03eN4AaABAg",
            "reply_content": "\u9760\u8170\uff0c\u9732\u81c9\u597d\u5e25"
        },
        {
            "reply_id": "Ugx8zevU_jMW0_Y34K14AaABAg",
            "reply_content": "\u652f\u6301\u6668\u60a0\u7684\uff0c\u53ef\u60dc\u5728\u597d\u8072\u97f3\u88ab\u5237\u4e0b\u4f86\u3002\u5c11\u5973\u8b8a\u59d0\u59d0"
        },
        {
            "reply_id": "UgzZjWnemLDAvvo3lYZ4AaABAg",
            "reply_content": "\u4ee5\u60a0\u5b63\u5df4\u6b63"
        },
        {
            "reply_id": "UgyZyTnYdSiLxnDBCgF4AaABAg",
            "reply_content": "\u5e74\u8f15\u4eba  \u4eba\u5e25\u6b4c\u597d\u807d \u5f88\u56c2\u5f35\u662f\u5427"
        },
        {
            "reply_id": "UgwjW0G2U9Swn4jJ8xh4AaABAg",
            "reply_content": "\u6211\u7b2c\u4e00\u6b21\u898b\u5230\u6668\u60a0 \u4ed6\u5011\u770b\u5230\u6211\u5531\u4e03\u9f8d\u73e0\u7684\u6b4cww"
        },
        {
            "reply_id": "Ugw-SKyZ3svhE-Ulvuh4AaABAg",
            "reply_content": "\u60f3\u807d\u721b\u547d\u4e00\u689d"
        },
        {
            "reply_id": "UgwfbhRRcZJEwbAvbVN4AaABAg",
            "reply_content": "\u6668\u60a0\u597d\u6f02\u4eae\ud83e\udd7a"
        },
        {
            "reply_id": "UgweF35vlEAUsQ6sTUl4AaABAg",
            "reply_content": "\u8a72\u9732\u81c9\u4e86\u5427"
        },
        {
            "reply_id": "UgzNYMJW5SoGd6Y8tMZ4AaABAg",
            "reply_content": "\u6d0b\u8525\u5927\u5927\u60f3\u554f\u4f60\uff0c\u4f60\u7684\u5c0d\u624b\u90a3\u9ebc\u6f02\u4eae\u5531\u5f97\u53c8\u90a3\u9ebc\u597d\uff0c\u4f60\u4e0d\u6703\u58d3\u529b\u5927\u55ce\uff1f\u70ba\u4ec0\u9ebc\u4f60\u5728\u5f71\u7247\u88e1\u770b\u8d77\u4f86\u90a3\u9ebc\u6cf0\u82e5\u81ea\u7136\ud83d\ude2e"
        },
        {
            "reply_id": "UgygzlV64m9JZiU4d7p4AaABAg",
            "reply_content": "\u963f\u52d2\uff1f\u6d0b\u8525\u9996\u6b21\u9732\u9762\u4e86\ud83d\ude02"
        },
        {
            "reply_id": "UgwwxKi7MfO6JW_ogvF4AaABAg",
            "reply_content": "\u4ee5\u60a0\u597d\u6b63\u5594"
        },
        {
            "reply_id": "UgxEKcbxKuJmZTb8TzN4AaABAg",
            "reply_content": "\u6d0b\u8525\u7684\u6b4c\u5531\u8d8a\u4f86\u8d8a\u7a69\u4e86\uff0c\u8d8a\u5531\u5c0d\u81ea\u5df1\u8d8a\u6709\u81ea\u4fe1\u4e86\u3002"
        }
    ]
}