{
    "video_info": {
        "id": "6pyEltBlhPc",
        "channelTitle": "Onion Man",
        "title": "Onion Man | \u87d1\u8782\u5730\u7344 ! \u5bf8\u6b65\u96e3\u884c ! | \u8718\u86db\u4eba:\u6d88\u6bd2\u65e5",
        "description": "hello larry\n\n\u914d\u6a02\u51fa\u8655:\nhttps://www.youtube.com/watch?v=OFwP9dr6zbM&ab_channel=SamuelKimMusic\n\n\u3010\u8a02\u95b1\u3011\u53ca\u89c0\u770b\u6d0b\u8525\u66f4\u591a\u5f71\u7247: https://goo.gl/ijP3Eb\n\n\u5de5\u4f5c\u5408\u4f5c\uff1aonionmanwork@gmail.com\nOnion Man \u767e\u842c\u8ffd\u8e64\u7c89\u7d72\u5718:goo.gl/Z5CSvw\n\n\u6700\u65b0\u963f\u6587\u8cbc\u5716:https://reurl.cc/GxYjA\n\n\u7b2c\u4e00\u4ee3\u963f\u6587line\u8cbc\u5716:https://reurl.cc/Wroxx\n\n\u6d0b\u8525\u79c1\u751f\u6d3bIG:https://www.instagram.com/onionman__/\n\n\n\u904b\u52d5\u6f2b\u756b\u88e1\u7684\u4e2d\u4e8c\u8001\u6897\u5287\u60c5\n\u25ba\u7b2c\u4e00\u96c6:https://youtu.be/cMoV1rPH35k\n\u25ba\u7b2c\u4e8c\u96c6:https://youtu.be/iW7LM00lny0\n\u25ba\u7b2c\u4e09\u96c6:https://youtu.be/2G5wu61uCM0\n\u25ba\u7b2c\u56db\u96c6:https://youtu.be/-rP1abYv8n4\n\nOnion Man \u95dc\u9375\u5b57:\n\u4e2d\u4e8c \u80a5\u5b85 \u55ae\u8eab\u6f22 \u55ae\u8eab \u9b6f\u86c7 \u5c4c\u7d72 \u80a5\u5b85",
        "likeCount": "16073",
        "commentCount": "2350",
        "viewCount": "546588"
    },
    "comments": [
        {
            "reply_id": "UgwfBTitWZpaHgb06-p4AaABAg",
            "reply_content": "\u7b11\u760b\n\u4f5c\u5922\u90fd\u6c92\u60f3\u5230\u6211\u6700\u559c\u6b61\u7684\u5169\u4f4dyter\u4e4b\u4e00\u7b2c\u4e00\u6b21\u63a5\u89f8\u662f\u9019\u500b\u6a23\u5b50\u7684"
        },
        {
            "reply_id": "UgzUdZAguEczGkllJft4AaABAg",
            "reply_content": "\u6d0b\u8525\u9700\u8981\u9f3b\u59b9\u9019\u500b\u968a\u53cb \u5979\u662f\u795e\u52a9\u653b\ud83e\udd29"
        },
        {
            "reply_id": "UgxluDBOnl2F-N3dOzd4AaABAg",
            "reply_content": "\u8a31\u4f2f\u597d\u53ef\u6190"
        },
        {
            "reply_id": "UgzPaljDAl50-VDz1Vh4AaABAg",
            "reply_content": "\u54c8\u54c8\u54c8\u54c8\u54c8"
        },
        {
            "reply_id": "UgztStq8JOSvPU3sqth4AaABAg",
            "reply_content": "\u6211\u4e5f\u8d85\u6015\u87d1\u8782\u6709\u4e00\u6b21\u76f4\u63a5\u5687\u5230\u649e\u5230\u540c\u5b78"
        },
        {
            "reply_id": "UgxFlWcmmc8YidKF6UN4AaABAg",
            "reply_content": "\u6211\u6709\u770b\u8a31\u67cf\u9084\u6709\u963f\u6ef4"
        },
        {
            "reply_id": "UgxsBf1p8BO4mQtPdiN4AaABAg",
            "reply_content": "\u6211\u5f88\u63a8\u85a6\u4f60\u770b\u4e00\u90e8\u96fb\u5f71\u53eb\u706b\u661f\u7570\u7a2e\u54ea\u4e00\u90e8\u7247\u975e\u5e38\u9069\u5408\u4f60\ud83e\udd23"
        },
        {
            "reply_id": "UgyjeV4tUmrD25tEYSx4AaABAg",
            "reply_content": "\u5929\u554a \u770b\u5f97\u6211\u4e5f\u89ba\u5f97\u8eab\u4e0a\u7662\u7662\u7684 \u5687\u6b7b"
        },
        {
            "reply_id": "UgwdAFGHALfj6Hkk43R4AaABAg",
            "reply_content": "\u8a31\u4f2f\u4e0d\u6127\u662f\u72e0\u89d2\u8272"
        },
        {
            "reply_id": "UgylimJAtd9oh-doT0h4AaABAg",
            "reply_content": "\u7f8e\u6d32\u5927\u880a"
        },
        {
            "reply_id": "Ugwm2ZXZzRR0B7U_UBt4AaABAg",
            "reply_content": "\u7b11\u6b7b \u4e0d\u904e\u8a31\u4f2f\u771fD\u662f\u6696\u7537"
        },
        {
            "reply_id": "UgwX1ORspmTQ6Cm-3cV4AaABAg",
            "reply_content": "\u8a31\u4f2f\u771f\u53ef\u9760"
        },
        {
            "reply_id": "Ugz5qKTxir69TPoKAP14AaABAg",
            "reply_content": "\u53ea\u8981\u662f\u72e0\u89d2\u8272\n\u87d1\u8782\u4ec0\u9ebc\u7684\u90fd\u662f\u5f31\u9ede"
        },
        {
            "reply_id": "Ugz9K2bhI7-X4LLGO6N4AaABAg",
            "reply_content": "\u4f60\u770b\u932f\u4e86\uff0c\u90a3\u4e0d\u662f\u87d1\u8782\uff0c\u662f\u5f48\u6bbc\uff01"
        },
        {
            "reply_id": "UgyEa8Oc0us1-8niHJV4AaABAg",
            "reply_content": "\u662f\u6709\u591a\u6015\u5feb\u7b11\u6b7b  \u96d6\u7136\u6211\u5bb6\u9644\u8fd1\u6709\u6642\u4e5f\u6703\u9019\u6a23\u6211\u4e5f\u5f88\u6015\u87d1\u8782  \u4f46\u4f60\u771f\u7684\u592a\u8a87\u5f35\ud83d\ude02\ud83d\ude02"
        },
        {
            "reply_id": "UgxH7Gq72AsiBiDAv4B4AaABAg",
            "reply_content": "\u6211\u53ef\u4ee5\u9ad4\u6703\u90a3\u7a2e\u5d29\u6f70\uff0c\u6709\u6b21\u8ddf\u524d\u4efb\u505c\u5728\u8def\u908a\u8cb7\u9e7d\u9165\u96de\u5c31\u770b\u898b\u6709\u96bb\u5927\u87d1\u8782\u5728\u8def\u71c8\u4e0b\u76e4\u65cb\uff0c\u7537\u53cb\u9084\u4e0d\u6562\u544a\u8a34\u6211\uff0c\u706b\u901f\u958b\u4e86\u8eca\u5ec2\u53eb\u6211\u6234\u597d\u5b89\u5168\u5e3d\u9a0e\u8d70\uff0c\u7d50\u679c...\u6211\u9084\u662f\u5d29\u6f70\u4e86\uff0c\u87d1\u8782\u947d\u5230\u8eca\u5ec2\u7136\u5f8c\u505c\u5728\u6211\u7684\u5b89\u5168\u5e3d\u88e1\u9762\ud83d\ude31\ud83d\ude31\ud83d\ude31"
        },
        {
            "reply_id": "Ugw8_Hw374wakZpUYoh4AaABAg",
            "reply_content": "\u5c0f\u5f37\u6709\u5565\u597d\u6015\u7684\uff1f"
        },
        {
            "reply_id": "UgwX44e0I4Jew-FSuQR4AaABAg",
            "reply_content": "\u4f60\u7684\u5927\u5c0f\u8ddf\u87d1\u8782\u7684\u5927\u5c0f\u76f8\u6bd4\u4e4b\u4e0b\uff0c\u5be6\u529b\u4f86\u8aaa\u61c9\u8a72\u53ef\u4ee5\u76f4\u63a5\u8f3e\u58d3\u5427~\u9019\u6a23\u771f\u7684\u6709\u9ede\u4e1f\u81c9\u6b38~"
        },
        {
            "reply_id": "UgznzXDAfFiMX4I_u5F4AaABAg",
            "reply_content": "\u8cfd\u8dd1\u7684\u6642\u5019\u5728\u6d0b\u8525\u5f8c\u9762\u653e\u4e00\u6574\u7bb1\u87d1\u8782 \u7d55\u5c0d\u8dd1\u7b2c\u4e00\ud83d\ude06\ud83d\ude06"
        },
        {
            "reply_id": "UgyAqKCEOI1988AgA_Z4AaABAg",
            "reply_content": "\u5b8c\u5168\u4e00\u6a23\u75c7\u72c0"
        }
    ]
}