{
    "video_info": {
        "id": "6tDgs7VSPKI",
        "channelTitle": "Onion Man",
        "title": "Onion Man | \u8ce3\u98f2\u6599\u4e00\u500b\u6708\u5927\u6982~\u53ef\u4ee5\u8cfa\u591a\u5c11?  \u662f\u4e0d\u662f\u8d85\u7d1a\u66b4\u5229? 100\u500b\u624b\u6416\u5e97\u7955\u5bc6\u5927\u516c\u958b  ft. @crowndu  @rayduenglish  \u518d\u77615\u5206\u9418",
        "description": "\u98f2\u6599\u5e97\u5230\u5e95\u597d\u4e0d\u597d\u8cfa\uff0c\u8981\u6e96\u5099\u591a\u5c11\u9322\u624d\u80fd\u958b\u5e97?  \n\u5404\u7a2e\u4e0d\u5ba2\u6c23\u7684\u554f\u984c\u4e00\u6b21\u554f\u6e05!!!!\n\n\u300e\u6d0b\u8525 X \u518d\u77615\u5206\u9418\u300f\u6700\u7642\u7652\u7684\u611b\u60c5\u904a\u6a02\u5834\u958b\u653e\u5165\u5712\u56c9\uff01\u4e0d\u50c5\u5728\u9580\u5e02\u6709\u671f\u9593\u9650\u5b9a\u7684\u98f2\u54c1\uff0c\u9031\u908a\u5546\u54c1\u4e5f\u6b63\u5728\u71b1\u8ce3\u4e2d\u54e6\uff01\u5165\u5712\u524d\uff0c\u8a18\u5f97\u5e36\u8457\u4f60\u7684\u9152\u7cbe\u5674\u74f6\uff0c\u96a8\u6642\u5c07\u624b\u6d88\u6bd2\u4e7e\u6de8\uff0c\u624d\u80fd\u548c\u5fc3\u5100\u7684\u5c0d\u8c61\u727d\u624b\u54e6\ud83d\ude06\n\n\u73fe\u5728\u5c31\u53bb\u4e0b\u55ae - https://bit.ly/3cpd0ef\n\n\u3010\u8a02\u95b1\u3011\u53ca\u89c0\u770b\u6d0b\u8525\u66f4\u591a\u5f71\u7247: https://goo.gl/ijP3Eb\n\n\u5de5\u4f5c\u5408\u4f5c\uff1aonionmanwork@gmail.com\nOnion Man \u767e\u842c\u8ffd\u8e64\u7c89\u7d72\u5718:goo.gl/Z5CSvw\n\n\u6700\u65b0\u963f\u6587\u8cbc\u5716:https://reurl.cc/GxYjA\n\n\u7b2c\u4e00\u4ee3\u963f\u6587line\u8cbc\u5716:https://reurl.cc/Wroxx\n\n\u6d0b\u8525\u79c1\u751f\u6d3bIG:https://www.instagram.com/onionman__/\n\n\n\u904b\u52d5\u6f2b\u756b\u88e1\u7684\u4e2d\u4e8c\u8001\u6897\u5287\u60c5\n\u25ba\u7b2c\u4e00\u96c6:https://youtu.be/cMoV1rPH35k\n\u25ba\u7b2c\u4e8c\u96c6:https://youtu.be/iW7LM00lny0\n\u25ba\u7b2c\u4e09\u96c6:https://youtu.be/2G5wu61uCM0\n\u25ba\u7b2c\u56db\u96c6:https://youtu.be/-rP1abYv8n4\n\nOnion Man \u95dc\u9375\u5b57:\n\u4e2d\u4e8c \u80a5\u5b85 \u55ae\u8eab\u6f22 \u55ae\u8eab \u9b6f\u86c7 \u5c4c\u7d72 \u80a5\u5b85",
        "likeCount": "17880",
        "commentCount": "1810",
        "viewCount": "773568"
    },
    "comments": [
        {
            "reply_id": "Ugxs4yZasEMWuBkPggR4AaABAg",
            "reply_content": "\u958b\u5e97\u82b13~5\u767e\u842c \u7136\u5f8c\u958b\u5169\u5e74\u6301\u5e73 \u4e5f\u5c31\u662f\u8aaa\u958b\u5169\u5e74\u5c31\u80fd\u8cfa3~5\u767e\u842c \u518d\u4f86\u4e5f\u4e0d\u592a\u5e38\u6709\u88dd\u6f62\u8cbb\u8ddf\u6a5f\u5668\u7684\u8cbb\u7528 \u6240\u4ee5\u6536\u76ca\u9084\u6703\u66f4\u591a \u73fe\u5728\u4e5f\u958b\u66f4\u591a\u5206\u5e97 \u5176\u5be6\u4e5f\u6c92\u6709\u90a3\u9ebc\u96e3\u8cfa\u5427"
        },
        {
            "reply_id": "UgziU-SCtxaFBtym69V4AaABAg",
            "reply_content": "\u662f\u4e0d\u80fd\u81ea\u5df2\u5427 \u4f60\u5b57\u5e55\u6253\u5c0d\u5ff5\u6210\u81ea\u5df1\u662f\u600e\u6a23\u963f..."
        },
        {
            "reply_id": "UgwBc2lPWqYaifIpNy94AaABAg",
            "reply_content": "\u4fbf\u7576\u53ea\u662f\u586b\u98fd\u809a\u5b50\uff0c\u73cd\u5976\u53ef\u4ee5\u7d66\u4f60\u5e78\u798f"
        },
        {
            "reply_id": "UgzLXzC2MSZm4m7pABZ4AaABAg",
            "reply_content": "\u6240\u4ee5\u9322\u90fd\u8dd1\u5230\u623f\u6771\u90a3\u88e1\u53bb\u2026"
        },
        {
            "reply_id": "Ugzq3NQLixIMZFUhj0V4AaABAg",
            "reply_content": "\u96e3\u559d\u6b7b\u4e86"
        },
        {
            "reply_id": "UgzxqJGD2JAW-VQmFVJ4AaABAg",
            "reply_content": "\u5e97\u54e1\u6f02\u4e0d\u6f02\u4eae \u6709\u5dee \u62b1\u6b49\u9019\u5f88\u73fe\u5be6 \n\n\u6c92\u6709\u5ba2\u4eba\u6703\u60f3\u5f9e\u9f8d\u624b\u4e0a\u63a5\u904e\u98f2\u6599"
        },
        {
            "reply_id": "Ugx89_6gawuV89gCjW54AaABAg",
            "reply_content": "\u914d\u65b9\u662f\u53ef\u4ee5\u8ce3\u7684 \u4f46\u6211\u8aaa\u96e3\u807d\u7684 \u4f60\u4ec0\u9ebc\u90fd\u4e0d\u61c2\u7684\u60c5\u6cc1\u4e0b \u4f60\u5149\u662f\u81ea\u5df1\u62ff\u9ea5\u9999\u7d05\u8336+\u745e\u7a57\u9bae\u5976 \u5c31\u597d\u559d\u5230\u70b8 \u6839\u672c\u4e0d\u7528\u6e2c\u8a66\u4ec0\u9ebc"
        },
        {
            "reply_id": "UgzuS14Kdp5tleVmmD14AaABAg",
            "reply_content": "\u53f0\u7063\u505a\u5403\u7684......\u5df2\u7d93\u662f\u8d70\u7cbe\u54c1\u8def\u7dda \n\u4e0d\u662f20\u5e74\u524d\u62ff\u8def\u908a\u81ea\u4f86\u6c34\u52a0\u4e00\u9ede\u7cd6\u5c31\u5728\u8ce3\u7684\n\u518d\u4f86\u662f\u5df2\u7d93\u592a\u591a\u4eba\u559d\u98f2\u6599\u559d\u5230\u7cd6\u5c3f\u75c5 \u6240\u4ee5\u73fe\u5728\u5065\u5eb7\u610f\u8b58\u62ac\u982d \n\u4e00\u5806\u91ab\u751f\u90fd\u544a\u8a34\u4f60 \u60f3\u6e1b\u80a5 \u60f3\u8981\u6c34\u716e\u86cb\u808c \u5148\u6212\u98f2\u6599"
        },
        {
            "reply_id": "UgwmYSnEAgrara62D_V4AaABAg",
            "reply_content": "\u4f60\u662f\u7cd6\u4e2d\u6bd2\u22ef\u22ef\u6211\u5df2\u7d93\u5feb15\u5e74\u4e0d\u559d\u624b\u6416\u98f2 \u8981\u559d\u4e5f\u662f\u81ea\u5df1\u53bb\u8cb7\u9bae\u5976\u81ea\u5df1\u505a"
        },
        {
            "reply_id": "Ugy1eZaehwWQhraRHx14AaABAg",
            "reply_content": "\u6211\u89ba\u5f97\u90fd\u662f\u5b98\u8154\u626f\u8b0a\uff0c\u4ec0\u9ebc\u539f\u7269\u6599\uff0c\u5176\u5be6\u5f88\u591a\u66b4\u5229\u90fd\u662f\u5e74\u5e74\u6f32\uff0c\u6c92\u807d\u904e\u85aa\u8cc7\u8ddf\u7269\u50f9\u8981\u6210\u6b63\u6bd4\u55ce\uff1f\n\u8207\u5176\u8001\u5be6\u8aaa\uff0c\u4e0d\u5982\u8aaa\u662f\u901a\u81a8\uff0c\u5c31\u662f\u904e\u5ea6\u5370\u5237\u6feb\u7528\u9214\u7968\uff0c\u5c0e\u81f4\u6211\u5011\u9214\u7968\u50f9\u503c\u904e\u4f4e\uff0c\u8ddf\u4e0d\u4e0a\u672c\u91d1\u4f4d\u5236\uff0c\u8aaa\u7a7f\u4e86\u5c31\u662f\u653f\u9ee8\u8caa\uff0c\u5ee0\u5546\u591a\u5c64\u525d\u524a\uff0c\u770b\u8457\u5427\uff01\u4e0d\u7528\u5e7e\u5e74\uff0c\u4f60\u51fa\u570b\u770b\u770b\uff0c\u4f60\u6703\u770b\u5230\u6211\u5011\u7684\u9322\u6709\u591a\u5c0f\uff01"
        },
        {
            "reply_id": "UgyFYFpMUQGlgT3j-LN4AaABAg",
            "reply_content": "\u5171\u4f5c\u5229\u7387"
        },
        {
            "reply_id": "UgxJ6Nqs12GGIuAfveF4AaABAg",
            "reply_content": "\u4e0d\u8ce3"
        },
        {
            "reply_id": "UgywVll2AZ44P_zHyXp4AaABAg",
            "reply_content": "\u6210\u7acb"
        },
        {
            "reply_id": "UgxfG9_GhlihEFjcJXB4AaABAg",
            "reply_content": "\u6263\u6210\u672c"
        },
        {
            "reply_id": "UgyxyyyOsuX7guG9UDN4AaABAg",
            "reply_content": "\u9023\u9396"
        },
        {
            "reply_id": "Ugz_QjrMm1tR9zlDuOd4AaABAg",
            "reply_content": "\u6210\u6c11"
        },
        {
            "reply_id": "UgyQxANfQ4ntdd3askR4AaABAg",
            "reply_content": "\u5e02\u5834\u53ef\u4ee5"
        },
        {
            "reply_id": "Ugwr2ZMFZqZGNUNCfHd4AaABAg",
            "reply_content": "\u6210\u672c\u5927\u65bc\u7372\u5229"
        },
        {
            "reply_id": "Ugw_IlSVn8lbZfSYTkp4AaABAg",
            "reply_content": "\u52a0\u73cd\u73e0\u6536\u9322"
        },
        {
            "reply_id": "UgyH_ZPna9hrCHoL_d54AaABAg",
            "reply_content": "\u6210\u672c\u4e0d\u8cb4"
        }
    ]
}