{
    "video_info": {
        "id": "7HPhdE1DOzY",
        "channelTitle": "Onion Man",
        "title": "Onion Man | \u6728\u66dc\u904b\u52d5\u6703\u7684\u4e09\u500b\u5929\u4f7f | 2021\u7b2c\u4e09\u5c46YARTIST\u5168\u660e\u661f\u904b\u52d5\u5927\u6703",
        "description": "\u908a\u7de3\u4eba \u6d0b\u8525\n\n\u3010\u8a02\u95b1\u3011\u53ca\u89c0\u770b\u6d0b\u8525\u66f4\u591a\u5f71\u7247: https://goo.gl/ijP3Eb\n\n\u5de5\u4f5c\u5408\u4f5c\uff1aonionmanwork@gmail.com\nOnion Man \u767e\u842c\u8ffd\u8e64\u7c89\u7d72\u5718:goo.gl/Z5CSvw\n\n\u6700\u65b0\u963f\u6587\u8cbc\u5716:https://reurl.cc/GxYjA\n\n\u7b2c\u4e00\u4ee3\u963f\u6587line\u8cbc\u5716:https://reurl.cc/Wroxx\n\n\u6d0b\u8525\u79c1\u751f\u6d3bIG:https://www.instagram.com/onionman__/\n\n\n\u904b\u52d5\u6f2b\u756b\u88e1\u7684\u4e2d\u4e8c\u8001\u6897\u5287\u60c5\n\u25ba\u7b2c\u4e00\u96c6:https://youtu.be/cMoV1rPH35k\n\u25ba\u7b2c\u4e8c\u96c6:https://youtu.be/iW7LM00lny0\n\u25ba\u7b2c\u4e09\u96c6:https://youtu.be/2G5wu61uCM0\n\u25ba\u7b2c\u56db\u96c6:https://youtu.be/-rP1abYv8n4\n\nOnion Man \u95dc\u9375\u5b57:\n\u4e2d\u4e8c \u80a5\u5b85 \u55ae\u8eab\u6f22 \u55ae\u8eab \u9b6f\u86c7 \u5c4c\u7d72 \u80a5\u5b85\n2021\u7b2c\u4e09\u5c46YARTIST\u5168\u660e\u661f\u904b\u52d5\u5927\u6703-\u7121\u8ad6\u8f38\u8d0f",
        "likeCount": "43049",
        "commentCount": "2370",
        "viewCount": "1072032"
    },
    "comments": [
        {
            "reply_id": "UgyRoKpo4OT--AjooJV4AaABAg",
            "reply_content": "\u9019\u6d0b\u8525\u5145\u6eff\u6d0b\u8525"
        },
        {
            "reply_id": "Ugwwr4F-yEwLow3-Ard4AaABAg",
            "reply_content": "\u4eca\u5929\u63a8\u64ad\u8df3\u51fa\u9019\u90e8\u53c8\u5fcd\u4e0d\u4f4f\u770b\u4e86\uff0c\u52a9\u7406\u908a\u8dd1\u908a\u5e6b\u5fd9\u788c\u90a3\u908a\u771f\u7684\u6696\u70b8\ud83d\ude2d\ud83d\ude2d"
        },
        {
            "reply_id": "Ugw4-sGDtcrMc2zbVOx4AaABAg",
            "reply_content": "\u52a9\u4e00\uff0c\u6211\u5011\u4e0d\u80fd\u5728\u4e00\u8d77\u7684\u6642\u5019\u5c31\u6703\u88ab\u4eba\u767c\u73fe\u4e36\u7159\u4ed4"
        },
        {
            "reply_id": "Ugxwd_tNCZ-WzIxw9aJ4AaABAg",
            "reply_content": "\u6d0b\u8525\u5f88\u61c2\u7684\u611f\u6069\u89ba\u5f97\u4e5f\u662f\u5f88\u6eab\u6696\u7684\u4eba\uff01"
        },
        {
            "reply_id": "UgxHysClfslDwWuhRd94AaABAg",
            "reply_content": "\u9047\u5230\u597d\u4eba\u7684\u611f\u89ba\u5f88\u597d"
        },
        {
            "reply_id": "Ugwq_VtFzdjUMUNy6x14AaABAg",
            "reply_content": "\u5f88\u597d\u5947\u97f3\u6a02\u62ff\u6389\uff0c\u6703\u662f\u4ec0\u9ebc\u611f\u89ba"
        },
        {
            "reply_id": "Ugyqw-Daau2bTM2xmu54AaABAg",
            "reply_content": "\u6d0b\u8525\u7684\u81c9\u597d\u50cf\u5728\u9019\u4e00\u96c6\u66dd\u5149\u4e86"
        },
        {
            "reply_id": "UgxMJ_lhEClfGBLFkhJ4AaABAg",
            "reply_content": "\u7b11\u5230\u7b11\u5230\u6211\u773c\u7736\u4e5f\u6fd5\u4e86\uff31\uff31"
        },
        {
            "reply_id": "Ugy8g7PuGDwSO27U5NF4AaABAg",
            "reply_content": "\u6500\u5ca9\u90a3\u6bb5\u6709\u9ede\u597d\u7b11\ud83d\ude05\u563f\u563f"
        },
        {
            "reply_id": "UgwmE_GiWBpFmHamFx14AaABAg",
            "reply_content": "\u6d0b\u8525\u6709\u9732\u81c9\u4e86\u672c\u4eba\u597d\u5e25"
        },
        {
            "reply_id": "UgwrdEUOmANz0oReYCt4AaABAg",
            "reply_content": "\u6d0b\u8525\u6709\u5920\u53ef\u611b\u54c8\u54c8\u54c8\u54c8\u54c8 \u597d\u597d\u7b11"
        },
        {
            "reply_id": "UgxywmFVRU4Dvm14uwl4AaABAg",
            "reply_content": "\u6d0b\u8525\u9732\u81c9\u4e86"
        },
        {
            "reply_id": "UgxuU3OoMEjIWK6mfyF4AaABAg",
            "reply_content": "\u9e79\u9165\u96de\u600e\u9ebc\u6709\u9ede\u9e79\u5462\ud83d\ude02\ud83d\ude02"
        },
        {
            "reply_id": "UgwPWiFSU3LizArS-1Z4AaABAg",
            "reply_content": "\u7b2c\u4e00\u6b21\u7559\u8a00\uff01\u771f\u7684\u5f88\u611f\u52d5\uff01\u525b\u525b\u624d\u770b\u5b8c\u6728\u66dc\u6bd4\u8cfd\u2764\ufe0f\u6d0b\u8525\u4e0d\u7ba1\u5728\u6bd4\u8cfd\u4e2d\u6216\u4e2d\u9014\u63d2\u756b\u5fc3\u8072\u90fd\u7528\u5047\u9ed8\u9ed8\u771f\u7528\u5fc3\u7684\u5448\u73fe\uff0c\u5f88\u52aa\u529b\uff01\u904b\u52d5\u5be6\u529b\u4e5f\u597d\u68d2\u2764\ufe0f\u7279\u5225\u641c\u5c0b\u770b\u770b\u4f60\u6709\u6c92\u6709\u76f8\u95dc\u4e3b\u984c\u7684\u7e6a\u756b\u5206\u4eab\uff01\u7d50\u679c\u770b\u5230\u4f60\u756b\u9019\u500b\u611f\u4eba\u7684\u611f\u6069\u56de\u994b\uff0c\u66f4\u6b23\u8cde\u4f60\u4e86\ud83d\udc4d\ud83c\udffb\u52a0\u6cb9\u52a0\u6cb9"
        },
        {
            "reply_id": "UgzpeedZs2W7BRKNPcp4AaABAg",
            "reply_content": "\u6728\u66dcYT\u904b\u52d5\u6703\uff0c\u771f\u7684\u6eff\u6eff\u6b63\u80fd\u91cf\uff5e\u6bcf\u500b\u4eba\u90fd\u8d85\u8a8d\u771f\uff01\u770b\u4e86\u597d\u591aYT\u7528\u5fc3\u7684\u81ea\u6211\u6e96\u5099\u6bd4\u8cfd\uff0c\u518d\u52a0\u4e0a\u5834\u908a\u7684\u7a2e\u7a2e\u5c0f\u6545\u4e8b\uff0c\u771f\u7684\u5f88\u6fc0\u52f5\u4eba\u5fc3\ud83d\udc4d\u6d0b\u8525\u4e5f\u8d85\u68d2\u7684\u963f\uff5e\u8868\u73fe\u5f88\u4eae\u773c\u634f\uff01"
        },
        {
            "reply_id": "UgxGQKx3U9sDgTQaCb14AaABAg",
            "reply_content": "\u7db2\u8def\u8a18\u8005\u6709\u62cd\u4e0b\u4f60\u672c\u4eba\u7167\u7247\uff0c\u9084\u653e\u5728\u7db2\u4e0a\uff0c\u6709\u6728\u6709\u611f\u8b1d\ud83e\udd23\ud83e\udd23\ud83e\udd23"
        },
        {
            "reply_id": "UgzA73Lm1qFX5_6I8ex4AaABAg",
            "reply_content": "\u592a\u611f\u4eba\u60f9"
        },
        {
            "reply_id": "UgwOt4A-KlEn3T-zg2x4AaABAg",
            "reply_content": "\u4f60\u9019\u500b\u53db\u5f92\uff01\n\u539f\u4ee5\u70ba\u8ddf\u6211\u5011\u4e00\u6a23\u662f\u80a5\u5b85\uff0c\n\u6c92\u6599\u5230\u6d0b\u8525\u7adf\u7136\u662f\u967d\u5149\u71b1\u8840\u9752\u5e74\uff01"
        },
        {
            "reply_id": "UgxOFXa_TOCnmpZOCTN4AaABAg",
            "reply_content": "\u6d0b\u8525\u6709\u9732\u81c9\u311f"
        },
        {
            "reply_id": "Ugx4eJjzoVIs97lTwZt4AaABAg",
            "reply_content": "\u6d0b\u8525\u5728\u904b\u52d5\u6703\u6709\u9732\u81c9"
        }
    ]
}