{
    "video_info": {
        "id": "7yTfLKc_-Ek",
        "channelTitle": "Onion Man",
        "title": "Onion Man | \u8981\u6210\u70ba\u66b4\u767c\u6236!!!  \u904b\u6c23\u7206\u68da\u7684\u7537\u4eba!!!",
        "description": "\u8981\u5584\u7528\u904b\u6c23 \u4e0d\u8981\u6d6a\u8cbb\u5728\u5783\u573e\u4e0a\u9762\n\n\u6d0b\u8525\u65b0\u7684line\u4e3b\u984c\uff0c\u53ea\u898130\u5143:\nhttps://store.line.me/themeshop/product/392b2eef-7fcd-42ba-8490-e2846dec51ea/zh-Hant\n\n\u3010\u8a02\u95b1\u3011\u53ca\u89c0\u770b\u6d0b\u8525\u66f4\u591a\u5f71\u7247: https://goo.gl/ijP3Eb\n\n\u5de5\u4f5c\u5408\u4f5c\uff1aonionmanwork@gmail.com\nOnion Man \u767e\u842c\u8ffd\u8e64\u7c89\u7d72\u5718:goo.gl/Z5CSvw\n\n\u6700\u65b0\u963f\u6587\u8cbc\u5716:https://reurl.cc/GxYjA\n\n\u7b2c\u4e00\u4ee3\u963f\u6587line\u8cbc\u5716:https://reurl.cc/Wroxx\n\n\u6d0b\u8525\u79c1\u751f\u6d3bIG:https://www.instagram.com/onionman__/\n\n\n\u904b\u52d5\u6f2b\u756b\u88e1\u7684\u4e2d\u4e8c\u8001\u6897\u5287\u60c5\n\u25ba\u7b2c\u4e00\u96c6:https://youtu.be/cMoV1rPH35k\n\u25ba\u7b2c\u4e8c\u96c6:https://youtu.be/iW7LM00lny0\n\u25ba\u7b2c\u4e09\u96c6:https://youtu.be/2G5wu61uCM0\n\u25ba\u7b2c\u56db\u96c6:https://youtu.be/-rP1abYv8n4\n\nOnion Man \u95dc\u9375\u5b57:\n\u4e2d\u4e8c \u80a5\u5b85 \u55ae\u8eab\u6f22 \u55ae\u8eab \u9b6f\u86c7 \u5c4c\u7d72 \u80a5\u5b85",
        "likeCount": "7291",
        "commentCount": "479",
        "viewCount": "328391"
    },
    "comments": [
        {
            "reply_id": "UgzuHqhK3X74uu94Sjt4AaABAg",
            "reply_content": "\u54c8\u54c8\uff0c\u6700\u5f8c\u6709\u53cd\u8f49"
        },
        {
            "reply_id": "Ugy0M4og4hYC8_f2xp94AaABAg",
            "reply_content": "\u4f60\u90fd\u5728\u5bb6\u5de5\u4f5c\u561b"
        },
        {
            "reply_id": "UgyJE4y3snRLKirgJvR4AaABAg",
            "reply_content": "\u6d0b\u8525\uff1a\u4f60\u4e5f\u53ef\u4ee5\u756b\u9b3c\u6545\u4e8b\u5440\u3002"
        },
        {
            "reply_id": "UgwWyhCajnSMKd2A_xp4AaABAg",
            "reply_content": "\u9019\u7bc7\u597d\u6709\u611f\ud83e\udd23"
        },
        {
            "reply_id": "UgwNqcZtvVtRBVufrYN4AaABAg",
            "reply_content": "\u7247\u982d\u8c93\u53eb\u771f\u7684\u5f88\u5927\u8072\u311f \u80fd\u4e0d\u80fd\u6539\u4e00\u4e0b\u554a"
        },
        {
            "reply_id": "UgymPaXbZVHStlZgNjB4AaABAg",
            "reply_content": "\u9019\u5c31\u662f\u9738\u738b\u8272\u904b\u6c23\u554a"
        },
        {
            "reply_id": "UgxqvcP70zVfnbtoMpt4AaABAg",
            "reply_content": "\u73a9\u547d\u6551\u8c93\u7684\u4eba \u503c\u5f97\u66f4\u591a"
        },
        {
            "reply_id": "Ugwivra1jxYD9rMEtM14AaABAg",
            "reply_content": "\u88ab\u9ce5\u5c4e\u6ef4\u5230\u70ba\u4f55\u9ebc\u6703\u5410\u8840,\u54c8\u54c8\u54c8"
        },
        {
            "reply_id": "UgwZjSwUmIS8k14tPI14AaABAg",
            "reply_content": "\u767c\u7968\u4e2d\u4e09\u5f35"
        },
        {
            "reply_id": "UgzkG1ScnslvvFnzy454AaABAg",
            "reply_content": "\u904b\u6c23\u7e3d\u662f\u5728\u4e0d\u6ce8\u610f\u7684\u6642\u5019\u51fa\u73fe"
        },
        {
            "reply_id": "UgxurIL9PNj8Ysv27W94AaABAg",
            "reply_content": "\u5f8c\u9762\u76f4\u63a5\u8b93\u6211\u7206\u7b11w"
        },
        {
            "reply_id": "Ugys1Pt9pwQ8yPeLm2V4AaABAg",
            "reply_content": "\u6d0b\u8525\u904b\u6c23\u771f\u7684\u8d85\u597d\u3109\ud83d\ude02"
        },
        {
            "reply_id": "UgxwlbyDFD56a2R4y2Z4AaABAg",
            "reply_content": "\u522e\u522e\u6a02\u53ea\u63a5\u8cfa2\u842c\u9912"
        },
        {
            "reply_id": "UgwAQ0_q40ll73J9kKd4AaABAg",
            "reply_content": "\u662f\u8aaa \u70ba\u4ec0\u9ebc\u5927\u5bb6\u90fd\u5047\u8a2d\u904b\u6c23\u662f\u6709\u4e00\u500b\u503c \u662f\u6703\"\u6d88\u8017\"\u7684\n\u800c\u4e0d\u662f\u4e00\u6bb5\u6642\u9593\u5167\u6709\u597d\u904b \u5c31\u8981\u76e1\u91cf\u53bb\u591a\u767c\u751f\u4e8b\u60c5\u8b93\u597d\u4e8b\u4e00\u76f4\u767c\u751f\n\u6216\u662f\u6bcf\u500b\u4e8b\u5176\u5be6\u662f\u7368\u7acb\u4e8b\u4ef6 \u6240\u8b02\u7684\u597d\u904b\u662f\u6bcf\u500b\u4e8b\u525b\u597d\u90fd\u767c\u751f\u597d\u4e8b\u7684\u7d2f\u7a4d\u5448\u73fe \u800c\u4e0d\u662f\u5728\u767c\u751f\u7684\u4eba\u8eab\u4e0a\u7684"
        },
        {
            "reply_id": "Ugz0RPvLfput4sJxt_54AaABAg",
            "reply_content": "\u4e00\u6597\u7684\u6c60\u5b50\u7b2c\u4e00\u767c\u51fa\u4e00\u6597\uff0c\u842c\u8449\u7684\u6c60\u5b50\u5565\u5c41\u90fd\u6c92"
        },
        {
            "reply_id": "Ugy2rkg7P8ssalU8FlB4AaABAg",
            "reply_content": "\u6211\u4e4b\u524d\u593e\u5a03\u5a03\u7d50\u679c30\u5143\u593e\u5230\u5225\u4eba\u6c92\u593e\u7684\u4fdd\u593e"
        },
        {
            "reply_id": "UgzZR_HHgeHi8RRwDZV4AaABAg",
            "reply_content": "\u9e7d\u9165\u96de\u88cf\u9762\u591a\u4e86\u4e00\u5169\u584a\u6c92\u6709\u9ede\u7684\u9910\uff0c\u771f\u7684\u662f\u5c0f\u78ba\u5e78\u6b38\ud83d\ude04"
        },
        {
            "reply_id": "UgzW0RtuGjEwilmOktl4AaABAg",
            "reply_content": "\u6d0b\u8525\u6211\u731c\u4f60\u4e00\u5b9a\u770b\u904e\u4e00\u65e5\u5916\u51fa\u73ed\u9577\u77f3\u548c\u904b\u6c23\u7684\u90a3\u4e00\u96c6 \u9019\u96c6\u7d50\u5c3e\u4e0d\u540c \u4f46\u5176\u4ed6\u60c5\u7bc0\u5e7e\u4e4e\u4e00\u6a23\u6b38"
        },
        {
            "reply_id": "UgxpGJYHQ75U2Ji6LJt4AaABAg",
            "reply_content": "\u6d0b\u8525\u4ec0\u9ebc\u6642\u5019\u7528\u904b\u6c23\u4ea4\u5230\u5973\u670b\u53cb\uff5e\uff5e\uff5e"
        },
        {
            "reply_id": "UgwHAorcXJF-3MxueCp4AaABAg",
            "reply_content": "\u8d85\u6b50\u904b\u6c23"
        }
    ]
}