{
    "video_info": {
        "id": "8x_TdUYhVm8",
        "channelTitle": "Onion Man",
        "title": "Onion Man | \u8cb7\u8eca\u7684\u4eba\u6703\u505a\u7684\u5e7e\u4ef6\u4e8b",
        "description": "\u8eca\u5b50\u662f\u500b\u5947\u5999\u7684\u6771\u897f\uff0c\u6bcf\u500b\u4eba\u7684\u8eca\u4e0a\u90fd\u6709\u4eba\u751f\u767e\u614b!!\n------\n\u60f3\u9ad4\u9a57\u771f\u5be6\u7af6\u901f\u5feb\u611f?! \u60f3\u8dd1\u904d\u5168\u7403\u77e5\u540d\u8cfd\u9053?!\n\u90a3\u5c31\u4f86\u73a93A\u7d1a\u64ec\u771f\u7af6\u901f\u8cfd\u8eca\u904a\u6232\u300a@\u5dd4\u5cf0\u6975\u901f\u300b\n\u767b\u5165\u9001\u6cd5\u62c9\u5229\u548c\u85cd\u5bf6\u5805\u5c3c\uff0c\u9084\u6709240\u62bd\uff0c\u5e6b\u4f60\u5be6\u73fe\u8d85\u8dd1\u81ea\u7531\nhttps://racehmt.onelink.me/xI1t/h0oro99s\n\n#\u5dd4\u5cf0\u6975\u901f #\u4e0d\u5c2c\u73a9\u5177\u8eca\u771f\u8eca\u624d\u5920\u683c\n\n\u3010\u8a02\u95b1\u3011\u53ca\u89c0\u770b\u6d0b\u8525\u66f4\u591a\u5f71\u7247: https://goo.gl/ijP3Eb\n\n\u5de5\u4f5c\u5408\u4f5c\uff1aonionmanwork@gmail.com\nOnion Man \u767e\u842c\u8ffd\u8e64\u7c89\u7d72\u5718:goo.gl/Z5CSvw\n\n\u6700\u65b0\u963f\u6587\u8cbc\u5716:https://reurl.cc/GxYjA\n\n\u7b2c\u4e00\u4ee3\u963f\u6587line\u8cbc\u5716:https://reurl.cc/Wroxx\n\n\u6d0b\u8525\u79c1\u751f\u6d3bIG:https://www.instagram.com/onionman__/\n\n\n\u904b\u52d5\u6f2b\u756b\u88e1\u7684\u4e2d\u4e8c\u8001\u6897\u5287\u60c5\n\u25ba\u7b2c\u4e00\u96c6:https://youtu.be/cMoV1rPH35k\n\u25ba\u7b2c\u4e8c\u96c6:https://youtu.be/iW7LM00lny0\n\u25ba\u7b2c\u4e09\u96c6:https://youtu.be/2G5wu61uCM0\n\u25ba\u7b2c\u56db\u96c6:https://youtu.be/-rP1abYv8n4\n\nOnion Man \u95dc\u9375\u5b57:\n\u4e2d\u4e8c \u80a5\u5b85 \u55ae\u8eab\u6f22 \u55ae\u8eab \u9b6f\u86c7 \u5c4c\u7d72 \u80a5\u5b85",
        "likeCount": "4644",
        "commentCount": "383",
        "viewCount": "298488"
    },
    "comments": [
        {
            "reply_id": "UgxXJwqW29O9eixK-EF4AaABAg",
            "reply_content": "\u904a\u6232\u8d85\u597d\u73a9\u7684"
        },
        {
            "reply_id": "Ugz0MvTY3ciJsyYkh2Z4AaABAg",
            "reply_content": "\u672c\u4f86\u60f3\u8aaa\u5f88\u8a8d\u771f\u770b\u9019\u90e8\u5f71\u7247\n\n\u8b1b\u5230\u6700\u5f8c\u6d0b\u8525\u9084\u662f\u4e00\u500b\u958b\u7834\u8eca\u7684\u80a5\u5b85\u5566\n\n\n\u60f3\u8aaa\u6709\u591a\u53b2\u5bb3\u7684\u5f71\u7247\n\n\u7d50\u679c\u9084\u662f\u9019\u6a23\u800c\u5df2\u5566"
        },
        {
            "reply_id": "Ugylrm0lx5-wjK79dsF4AaABAg",
            "reply_content": "\u6211\u9019\u6b3e\u904a\u6232\u73a9\u4e86\u4e00\u500b\u79ae\u62dc\uff0c\u624d\u767c\u73fe\u539f\u4f86\u6d0b\u8525\u6709\u4ee3\u8a00\u9019\u500b\ud83e\udd23"
        },
        {
            "reply_id": "Ugx3vzisAU9_IXDgps14AaABAg",
            "reply_content": "\u4e0d\u597d\u610f\u601d \u6211\u6aa2\u8209\u4e86 \u7b2c\u4e00\u6b21\u6aa2\u8209\u6d0b\u8525\n\u4e5f\u5e0c\u671b\u662f\u6700\u5f8c\u4e00\u6b21\n\u5e0c\u671b\u6d0b\u8525\u4ee5\u5f8c\u4e0d\u8981\u4ee3\u8a00\u9019\u7a2e\u5ee3\u544a\u4e0d\u5be6\u7684\u904a\u6232\n\u5982\u679c\u6d0b\u8525\u6709\u4efb\u4f55\u7591\u554f\n\u53ef\u4ee5\u5e95\u4e0b\u56de\u8986\u6211\n\u6211\u4e0d\u4ecb\u610f\n\u628a\u6211\u7684\u904a\u6232\u501f\u7d66\u4f60\u73a9\n\u8b93\u4f60\u77e5\u9053\u4ec0\u9ebc\u624d\u662f\u64ec\u771f\u8cfd\u8eca\u904a\u6232"
        },
        {
            "reply_id": "UgzjAQV4e3KGrIOsCaB4AaABAg",
            "reply_content": "\u6211\u5728\u4fee\u7406\u5ee0\u5de5\u4f5c \u6211\u540c\u4e8b\u501123\u6b72 25\u6b72\u5168\u90e8\u90fd\u958b\u8cd3\u58eb\u8ddf\u5967\u8fea \u8001\u95c6\u958b\u4fdd\u6642\u6377 \u6211\u660e\u5e74\u60f3\u8cb7\u8eca\u4f46\u662f\u6211\u4e0d\u8ffd\u6c42\u540d\u724c\u5916\u8868\u597d\u770b\u53ef\u4ee5\u958b\u5c31\u597d"
        },
        {
            "reply_id": "UgyE9JIl3Dzg3VXZpBV4AaABAg",
            "reply_content": "\u8cd3\u58eb\u800c\u5df2\n\u6211\u4e00\u9ede\u4e5f\u4e0d\u6015\u649e\u4e0a"
        },
        {
            "reply_id": "UgyGV7ntE_fGn6GY77R4AaABAg",
            "reply_content": "\u62f7\u8c9d\u6211\u770b\u958b\u982d\u5c31\u77e5\u9053\u696d\u914d\u7b11\u6b7b"
        },
        {
            "reply_id": "Ugxf1BVyXdDgvNDMKVx4AaABAg",
            "reply_content": "\u70ba\u4ec0\u9ebc\u5169\u6b21\u4e09\u5bf6\u90fd\u662f\u540c\u4e00\u53f0"
        },
        {
            "reply_id": "UgyKS4dbitHIuxaHoN94AaABAg",
            "reply_content": "\u771f\u7684\u8d85\u7b26\u5408\u8cb7\u65b0\u8eca\u7684\u4eba\u5440"
        },
        {
            "reply_id": "UgxzyF8lj_rao1BXWsB4AaABAg",
            "reply_content": "\u770b\u5230\u4e82\u958b\u8eca\u7684\u4eba\uff0c\u6211\u7684\u6012\u8def\u75c7\u6bd4\u6211\u8001\u516c\u56b4\u91cd\u5f88\u591a\ud83e\udd23\ud83e\udd23\uff01"
        },
        {
            "reply_id": "UgxzvUq4XhS75h1fa1Z4AaABAg",
            "reply_content": "\u6a5f\u8eca\u4e5f\u540c\u7406\uff0c\u9664\u4e86\u990a\u8eca\u8cbb\u7528\uff0c\u6a5f\u8eca\u7701\u8d85\u591a\ud83d\ude02"
        },
        {
            "reply_id": "UgxHDAPwhIRG7im3Kfx4AaABAg",
            "reply_content": "\u5728\u53f0\u7063\uff0c\u6c92\u6709\u8eca\u5eab\u7684 \u771f\u7684\u5225\u8cb7\u8eca qq\u3002\u53f0\u5317\u5e02 \u505c\u8eca\u505c\u5230\u61f7\u7591\u4eba\u751f\u3002\u7f70\u55ae\u7e73\u5230\u751f\u7121\u53ef\u6200 \u6aa2\u8209\u8ac7\u7b11\u98a8\u8072 \u958b\u8d77\u8eca\u4f86\u98a8\u8072\u6c34\u8d77 \u52a0\u8d77\u6cb9\u4f86\u98a8\u8d77\u96f2\u6e67"
        },
        {
            "reply_id": "Ugy5vCF9Kc8E7Ceckup4AaABAg",
            "reply_content": "\u82e5\u8cb7\u8eca\u4e0d\u8cb7\u540d\u8eca\uff0c\u8cb7\u8ca8\u8eca\u5c0f\u6539\u9732\u71df\u8eca\uff0c\u5c31\u80fd\u5728\u8eca\u4e0a\u4eab\u53d7\u5b8c\u5168\u7684\u7368\u7acb\u7a7a\u9593\u4e86"
        },
        {
            "reply_id": "UgyHlwk2eABQ5vIHqe94AaABAg",
            "reply_content": "\u6211\u6700\u8fd1\u4e5f\u5728\u7d93\u6b77\u7b2c\u4e00\u6b21\u64e6\u649e\u7684\u6d17\u79ae \u597d\u61ca\u6094\ud83d\ude22"
        },
        {
            "reply_id": "Ugx8cnZm48ACXmcLcHp4AaABAg",
            "reply_content": "\u69fd\u5316\u7dda\u786c\u63d2\u76f4\u63a5\u6aa2\u8209\u4e0d\u9001\u554a\uff0c\u771f\u7684\u662f\u54ea\u4f86\u7684\u767d\u7661\ud83d\ude12"
        },
        {
            "reply_id": "UgwM6xTV6wybfm0GAWZ4AaABAg",
            "reply_content": "\u5657\uff0c\u9019\u500b\u904a\u6232\u6700\u8fd1\u4e00\u5806\u4ee3\u8a00"
        },
        {
            "reply_id": "UgxcCfJHpBp8l0lcudN4AaABAg",
            "reply_content": "\u5982\u4f55\u88ddB \u6211\u5728\u53f0\u7063\u53ea\u6709\u4e00\u7a2e\u4ea4\u901a\u5de5\u5177\u4e0d\u77e5\u9053\u5728\u4f60\u5011\u9019\u908a\u53eb\u4ec0\u9ebc"
        },
        {
            "reply_id": "Ugy-ygt3Y68dp86tuzh4AaABAg",
            "reply_content": "\u96d6\u7136\u5f71\u7247\u5f88\u6709\u8da3\uff0c\u4f46\u696d\u914d\u4e5f\u63a5\u7684\u592a\u786c\u4e86\uff0c\u6d0b\u8525\u771f\u7684\u6c92\u6897\u4e86\u55ce\uff1f"
        },
        {
            "reply_id": "UgyyhCO2XwNgVFRdI-l4AaABAg",
            "reply_content": "\u771f\u7684\u5f88\u559c\u6b61\u6d17\u8eca"
        },
        {
            "reply_id": "Ugx8CJ9WexfIrUQt32p4AaABAg",
            "reply_content": "\u8cb7\u8eca\u64c1\u6709\u81ea\u5df1\u7684\u7a7a\u9593\u771f\u7684\u8d85\u723d \u6709\u5920\u8212\u670d\u8d85\u81ea\u7531"
        }
    ]
}