{
    "video_info": {
        "id": "_oVVOErvtw8",
        "channelTitle": "Onion Man",
        "title": "Onion Man | \u7834\u7522\u9084\u662f\u767c\u8ca1\uff1f\u535a\u921e\u7684\u58d3\u8eab\u5bb6\u8ced\u6cd5\uff01\uff1f\u6fb3\u9580\u8ced\u5834\u7bc7(\u4e0b)",
        "description": "\u535a\u921e\u60f3\u51fa\u4e00\u62db\u5fc5\u52dd\u8ced\u6cd5\uff0c\u7a76\u7adf\u80fd\u5426\u5927\u6bba\u56db\u65b9?\n\n\u3010\u8a02\u95b1\u3011\u53ca\u89c0\u770b\u6d0b\u8525\u66f4\u591a\u5f71\u7247: https://goo.gl/ijP3Eb\n\n\u5de5\u4f5c\u5408\u4f5c\uff1aonionmanwork@gmail.com\nOnion Man \u767e\u842c\u8ffd\u8e64\u7c89\u7d72\u5718:goo.gl/Z5CSvw\n\n\u6700\u65b0\u963f\u6587\u8cbc\u5716:https://reurl.cc/GxYjA\n\n\u7b2c\u4e00\u4ee3\u963f\u6587line\u8cbc\u5716:https://reurl.cc/Wroxx\n\n\u6d0b\u8525\u79c1\u751f\u6d3bIG:https://www.instagram.com/onionman__/\n\n\n\u904b\u52d5\u6f2b\u756b\u88e1\u7684\u4e2d\u4e8c\u8001\u6897\u5287\u60c5\n\u25ba\u7b2c\u4e00\u96c6:https://youtu.be/cMoV1rPH35k\n\u25ba\u7b2c\u4e8c\u96c6:https://youtu.be/iW7LM00lny0\n\u25ba\u7b2c\u4e09\u96c6:https://youtu.be/2G5wu61uCM0\n\u25ba\u7b2c\u56db\u96c6:https://youtu.be/-rP1abYv8n4\n\nOnion Man \u95dc\u9375\u5b57:\n\u4e2d\u4e8c \u80a5\u5b85 \u55ae\u8eab\u6f22 \u55ae\u8eab \u9b6f\u86c7 \u5c4c\u7d72 \u80a5\u5b85",
        "likeCount": "6846",
        "commentCount": "654",
        "viewCount": "502988"
    },
    "comments": [
        {
            "reply_id": "Ugw0gMP4Mj_nw84DZcl4AaABAg",
            "reply_content": "\u7b2c\u4e8c\u9891\u9053\u4ec0\u4e48\u540d\u5b57"
        },
        {
            "reply_id": "UgwSRyyH8g8xfb02Lth4AaABAg",
            "reply_content": "\u7b2c\u4e00\u6b21\u53bb\u6fb3\u9580\u9032\u8ced\u5834\u4e5f\u662f\u5f88\u5e78\u904b\u8d0f\u4e862000\u6e2f\u5e63\uff0c\u81f3\u4eca\u90fd\u653e\u5728\u6211\u9322\u5305\u88e1\u9762\u7576\u767c\u8ca1\u91d1\uff0c8\u5e74\u904e\u53bb\u90fd\u6c92\u82b1\u6389\uff0c\u5df2\u7d93\u662f\u4e0a\u4e00\u7248\u672c\u7684\u6e2f\u5e63\u4e86\u4f46\u90192000\u6e2f\u5143\u78ba\u5be6\u7d66\u6211\u7684\u6295\u8cc7\u589e\u52a0\u4e86\u5f88\u591a\u5f88\u591a\u6536\u76ca"
        },
        {
            "reply_id": "UgyG6p3AtFd90P6oM2B4AaABAg",
            "reply_content": "\u6700\u6700\u6700\u8a0e\u53ad\u65ac\u9f8d\u7684\u4eba\uff0c\u4e0a\u6b21\u5728\u91d1\u6c99\u8ced\u5834\u6709\u4e00\u500b\u59ca\u59ca\u6709\u5920\u6703\u958b\u9592\uff0c\u6709\u5370\u8c61\u88e1\u53ea\u958b\u4e0d\u52307\u6b21\u90848\u6b21\u838a\uff0c\u4f46\u5c31\u662f\u9019\u5e7e\u6b21\u5c31\u6709\u767d\u76ee\u7684\u4eba\u65ac\u9592\u9f8d\uff0c\u767d\u76ee\u5230\u4e0d\u884c"
        },
        {
            "reply_id": "Ugwu5JQGoP89qXRAVBp4AaABAg",
            "reply_content": "\u6e2f\u5e63\u5f88\u4e0d\u503c\uff0c\u53f0\u5e63\u66f4\u52a0\u4e0d\u503c\u679c\u7136\u9084\u662f\u4eba\u6c11\u5e63\u597d"
        },
        {
            "reply_id": "Ugy1wE2NtLZCvD1cK1x4AaABAg",
            "reply_content": "\u6211\u53bb\u6fb3\u9580\u5c31\u4e0b\u4e86\u4e00\u628a\u4e94\u767e\u8ced\u5927\u5c0f\uff0c\u8f38\u4e86\u5c31\u7d50\u675f\u4e0d\u518d\u8ced\u3002"
        },
        {
            "reply_id": "UgzLI1dhG5kTEGKrE8F4AaABAg",
            "reply_content": "\u5e79"
        },
        {
            "reply_id": "UgxlXVpeuLpeDpPXioJ4AaABAg",
            "reply_content": "\u500d\u6295\u503e\u5bb6\u8361\u4ea7"
        },
        {
            "reply_id": "UgwLQvLhWJKsQbhhjtx4AaABAg",
            "reply_content": "\u9019\u5169\u96c6\u597d\u7cbe\u5f69\u5440\uff01"
        },
        {
            "reply_id": "UgxuevpyI4TOuUtif1x4AaABAg",
            "reply_content": "\u8cfa\u9322\u7684\u6c38\u9060\u53ea\u6709\u838a\u5bb6 \u50bb\u5b50\u624d\u6703\u7e7c\u7e8c\u8ced"
        },
        {
            "reply_id": "Ugwn2SJWtFS4MNBSGQN4AaABAg",
            "reply_content": "\u6d0b\u8525\u7f75\u9ad2\u8a71\u90fd\u8d85\u597d\u7b11"
        },
        {
            "reply_id": "UgxlpBRn2J03NPmLVjB4AaABAg",
            "reply_content": "\u535a\u921e\u7684\u5c0d\u8457\u4e0b\u6709\u53ef\u80fd\u8cfa\u5230\u9322\u55ce\uff1f\n\u9802\u591a\u4e0d\u8cfa\u4e0d\u8ce0\u5427\u3002"
        },
        {
            "reply_id": "UgwOAs3Y6e1_j5btQGN4AaABAg",
            "reply_content": "\u8ced\u535a\u771f\u7684\u6709\u5920\u53ef\u6015\ud83d\ude02"
        },
        {
            "reply_id": "UgztSEWNXDIe5bfUXnF4AaABAg",
            "reply_content": "\u88ab\u58d3\u6cd5\uff0c\u53ea\u6709\u4f60\u7684\u672c\u91d1\u662f\u7121\u9650\u624d\u6703\u8d0f"
        },
        {
            "reply_id": "Ugwm6i8ORnU6LJ4jqNB4AaABAg",
            "reply_content": "\u500d\u500d\u62bc\u6ce8\u6cd5\u6211\u6709\u7d42\u6975\u6539 \u4e00\u5c0f\u6642\u8d0f\u5169\u5343\u53f0\u5e63"
        },
        {
            "reply_id": "Ugz9Udjtda6fefVi0-R4AaABAg",
            "reply_content": "\u6258"
        },
        {
            "reply_id": "UgxAYjU3OZT4hIWehPx4AaABAg",
            "reply_content": "\u6d0b\u8525\u5fc3\u614b\u8d85\u597d\uff0c\u6211\u73a9\u522e\u522e\u6a02\u5c31\u662f\u6703\u8f38\u4e86\u4e0d\u7518\u9858\u7684\u4eba\uff0c\u6703\u4e00\u76f4\u8ffd\uff0c\u7d50\u679c\u7d50\u5c40\u5c31\u662f\u4e00\u76f4\u8f38XD\u6fb3\u9580\u8ced\u535a\u4e5f\u4e00\u6a23\uff0c\u5982\u679c\u6d0b\u8525\u5728\u73a9\u7684\u8a71\uff0c\u4e5f\u6709\u53ef\u80fd\u6703\u8f38\uff0c\u6a5f\u7387\u8d85\u5927"
        },
        {
            "reply_id": "Ugx9NBS60ah66PLJo-14AaABAg",
            "reply_content": "\u7576\u8377\u5b98\u5341\u5e7e\u5e74 \u5982\u4f55\u4f60\u8ddf\u6211\u8aaa\u4f60\u662f\u6d0b\u8525 \u4e00\u5b9a\u6703\u5e6b\u4f60\ud83d\ude02"
        },
        {
            "reply_id": "UgyK-BcE_GBSWZKm9Bh4AaABAg",
            "reply_content": "\u4e2d\u4e86\u7684\u6642\u5019\u600e\u9ebc\u50cf\u8d0f\u4e86\u522e\u522e\u6a02\u4e00\u6a23\ud83d\ude02\ud83d\ude02"
        },
        {
            "reply_id": "Ugw2vHPgkCTOlNTo1Xh4AaABAg",
            "reply_content": "\u9084\u6709\u9ab0\u5b50 \u7684\u78ba\u662f\u7368\u7acb\u4e8b\u4ef6"
        },
        {
            "reply_id": "UgzO1mvGquwTWct6G7l4AaABAg",
            "reply_content": "\u9019\u4e00\u90e8\u300c\u500d\u500d\u8ced\u535a\u6cd5\u300d\u61c9\u8a72\u662f\u6700\u68d2\u7684\u4e00\u9f63\uff01"
        }
    ]
}