{
    "video_info": {
        "id": "_r93fx4-3M4",
        "channelTitle": "Onion Man",
        "title": "Onion Man | \u524d\u5973\u53cb\u7559\u4e0b\u7684\u79ae\u7269 | \u6d0b\u8525\u6200\u611b\u7bc7",
        "description": "\u670b\u53cb\u771f\u4eba\u771f\u4e8b\u6539\u7de8\n\u611f\u52d5\u77ed\u7bc7\u611b\u60c5\u6545\u4e8b\n\n\u4e00\u4e0d\u6ce8\u610f\u5c31\u8b8a\u5f37!! : https://bit.ly/3H7dqUg\n\n#\u9ece\u660e\u555f\u793a\u9304\n\n\u3010\u8a02\u95b1\u3011\u53ca\u89c0\u770b\u6d0b\u8525\u66f4\u591a\u5f71\u7247: https://goo.gl/ijP3Eb\n\n\u5de5\u4f5c\u5408\u4f5c\uff1aonionmanwork@gmail.com\nOnion Man \u767e\u842c\u8ffd\u8e64\u7c89\u7d72\u5718:goo.gl/Z5CSvw\n\n\u6700\u65b0\u963f\u6587\u8cbc\u5716:https://reurl.cc/GxYjA\n\n\u7b2c\u4e00\u4ee3\u963f\u6587line\u8cbc\u5716:https://reurl.cc/Wroxx\n\n\u6d0b\u8525\u79c1\u751f\u6d3bIG:https://www.instagram.com/onionman__/\n\n\n\u904b\u52d5\u6f2b\u756b\u88e1\u7684\u4e2d\u4e8c\u8001\u6897\u5287\u60c5\n\u25ba\u7b2c\u4e00\u96c6:https://youtu.be/cMoV1rPH35k\n\u25ba\u7b2c\u4e8c\u96c6:https://youtu.be/iW7LM00lny0\n\u25ba\u7b2c\u4e09\u96c6:https://youtu.be/2G5wu61uCM0\n\u25ba\u7b2c\u56db\u96c6:https://youtu.be/-rP1abYv8n4\n\nOnion Man \u95dc\u9375\u5b57:\n\u4e2d\u4e8c \u80a5\u5b85 \u55ae\u8eab\u6f22 \u55ae\u8eab \u9b6f\u86c7 \u5c4c\u7d72 \u80a5\u5b85",
        "likeCount": "9482",
        "commentCount": "1640",
        "viewCount": "466897"
    },
    "comments": [
        {
            "reply_id": "Ugw6zu0mzPijZzp7BWt4AaABAg",
            "reply_content": "\u6211\u4eec\u90fd\u662f90\u5934\u90fd\u7684\uff0c\u6211\u77e5\u9053\u4f60\u6839\u672c\u4e0d\u559c\u6b22\u8fd9\u79cd\u6e38\u620f"
        },
        {
            "reply_id": "Ugy2bc37xGF2PxY9rVJ4AaABAg",
            "reply_content": "\u767c\u73fe\u5979\u904e\u65bc\u611b\u62cd\u7167\u7684\u6642\u5019\u4e0d\u5c31\u8a72\u63d0\u5206\u624b\u4e86\u55ce\uff1f"
        },
        {
            "reply_id": "UgxsbpGhf0F894Amljd4AaABAg",
            "reply_content": "\u68cb\u9748\u738b"
        },
        {
            "reply_id": "UgxiWte16KB1-1M2STt4AaABAg",
            "reply_content": "\u6211\u5973\u751f\u7b11\u5230\u5d29\u6f70 \u524d\u5973\u53cb\u8b1b\u7684\u8a71\u5b8c\u5168\u5c31\u662f\u6211\u5e6b\u5973\u6027\u670b\u53cb(\u5c0f\u7db2\u7f8e)\u62cd\u7167\u6703\u88ab\u9760\u5317\u7684\u9ede \u540c\u4e00\u500b\u4f4d\u7f6e\u8d77\u78bc\u62cd30\u5f35up \u9019\u5c31\u662f\u611b\u963f~"
        },
        {
            "reply_id": "UgzodftCvMOAdqXQSHl4AaABAg",
            "reply_content": "\u8ddf\u6211\u4e00\u4e2a\u60c5\u5987\u4e00\u6837\uff0c\u6211\u8ddf\u5979\u5728\u4e00\u8d772\u5e74\uff0c\u4e5f\u5206\u5f00\u4e86\uff0c\u7559\u7ed9\u6211\u62cd\u7167\u7684\u6280\u672f"
        },
        {
            "reply_id": "UgxLdpJ6_AmFjIz29bJ4AaABAg",
            "reply_content": "\u592a\u6d6e\u8a87\u4e86"
        },
        {
            "reply_id": "UgwqFt3oXeWOf2biUc94AaABAg",
            "reply_content": "\u9019\u500b\u524d\u5973\u53cb\u6709\u4e00\u8d77\u53bb\u9732\u71df\u55ce"
        },
        {
            "reply_id": "UgwrDsF2MLv7047beMZ4AaABAg",
            "reply_content": "\u600e\u9ebc\u6709\u4f50\u70ba\u7684\u5f71\u5b50"
        },
        {
            "reply_id": "UgzwU9bbEAsHlczJ-LZ4AaABAg",
            "reply_content": "\u4e00\u4e0d\u6ce8\u610f\u5c31\u5de5\u5546\uff0c\u679c\u7136\u662f\u500b\u72e0\u89d2\u8272!"
        },
        {
            "reply_id": "UgzkXcInuR0gbzlgXfl4AaABAg",
            "reply_content": "\u68cb\u9748\u738b\u6897\u5c0d\u5427"
        },
        {
            "reply_id": "UgwV1DVgzkDrqRX5hnt4AaABAg",
            "reply_content": "\u9019\u662f\u68cb\u9748\u738b\u662f\u4e0d\u662f"
        },
        {
            "reply_id": "UgyPGPsNLqrWPMTJWqh4AaABAg",
            "reply_content": "\u8fd9\u4e1a\u914d\u65e0\u654c\u4e86"
        },
        {
            "reply_id": "Ugx-3GInQipv8W6y39d4AaABAg",
            "reply_content": "\u62f3\u723a\u5df2\u7d93\u8b8a\u914d\u97f3\u56fa\u5b9a\u73ed\u5e95"
        },
        {
            "reply_id": "UgyWM-XtXWywUNpe5BJ4AaABAg",
            "reply_content": "\u696d\u914d\u65b9\u5f0f\u6bd4\u67d0\u500b\u786c\u51f9\u7684\u597d\u591a\u4e86XD"
        },
        {
            "reply_id": "UgwUEVZf-a6xFNIUpMt4AaABAg",
            "reply_content": "\u5e79 \u4e0d\u662f\u9d28\u9d28\u7684\u914d\u6a02\u55ce"
        },
        {
            "reply_id": "Ugx33NRy-V6D3Domh4V4AaABAg",
            "reply_content": "\u6211\u4e5f\u662f\u88ab\u524d\u5973\u53cb\u8a13\u7df4\u7684\u62cd\u7167\u80fd\u529b\u8b8a\u5f37\u4e86"
        },
        {
            "reply_id": "UgxTe5uDKAxhkNzsVQh4AaABAg",
            "reply_content": "\u554a\u554a\u554a\u662f\u696d\u914d~~\u4e00\u4e0d\u6ce8\u610f\u5c31\u4e2d\u62db"
        },
        {
            "reply_id": "UgzccoAwhzuwQne8coZ4AaABAg",
            "reply_content": "\u62bd"
        },
        {
            "reply_id": "UgyGh4r-uLf7R1lqv8t4AaABAg",
            "reply_content": "\u592a\u53b2\u5bb3\u5566"
        },
        {
            "reply_id": "Ugz0kFE_tbB9yEAlIch4AaABAg",
            "reply_content": "\u6d0b\u8525\u756b\u7684\u684c\u5b50\u4e0b\u7d42\u65bc\u6709\u8173\u4e86\uff01"
        }
    ]
}