{
    "video_info": {
        "id": "B0lAbGsDeEo",
        "channelTitle": "Onion Man",
        "title": "Onion Man | \u5b78\u59b9\u6688\u7206\u7684\u6210\u719f\u5b78\u9577\uff01\u6821\u5712\u98a8\u96f2\u4eba\u7269\u6d0b\u8525\uff01\u5927\u5b78\u908a\u7de3\u6210\u9577\u53f2\uff08\u4e8c\uff09",
        "description": "\u7d93\u904e\u5169\u500b\u6708\u7684\u8003\u9a57..\u6211\u5c07\u4e0d\u518d\u662f\u5927\u5b78\u5167\u7684\u908a\u7de3\u4ed4\u4e86\n\n\u611f\u8b1d\u672c\u6b21\u4e7e\u7239 :\n\u3010\u8857\u53e3\u652f\u4ed8\u6703\u54e1\u6b0a\u76ca\uff5c\u5168\u9762\u5347\u7d1a\u3011\n\u25aa\ufe0f\u7b46\u7b46\u4ed8\u6b3e\u6700\u9ad83%\n\u25aa\ufe0f\u6d3b\u5132\u5e74\u606f\u6700\u9ad83%\n\u25aa\ufe0f\u63d0\u9818\u6bcf\u6708\u6700\u9ad830\u6b21\u514d\u624b\u7e8c\u8cbb\n\u25aa\ufe0f\u8de8\u8f49\u6bcf\u6708\u6700\u9ad830\u6b21\u514d\u624b\u7e8c\u8cbb\n\u25aa\ufe0f\u5e33\u55ae\u7e73\u8cbb\u6709\u6a5f\u6703\u4eab\u5168\u984d\u56de\u994b\n\u25aa\ufe0f\u5c08\u5340\u52a0\u78bc\u6700\u9ad83%\u7121\u4e0a\u9650\n4/30\u524d\u958b\u7acb\u8857\u5229\u5b58\u5e33\u6236\uff0c\u6700\u9ad8\u518d\u90011,000\u5143\u8857\u53e3\u5e63\uff01\n\u6d3b\u52d5\u9801\u50b3\u9001\u9580\ud83d\udc49https://pse.is/4vayvk\n\u66f4\u591a\u6703\u54e1\u6b0a\u76ca\ud83d\udc49https://pse.is/4v8dwg\n\n\n\u3010\u8a02\u95b1\u3011\u53ca\u89c0\u770b\u6d0b\u8525\u66f4\u591a\u5f71\u7247: https://goo.gl/ijP3Eb\n\n\u5de5\u4f5c\u5408\u4f5c\uff1aonionmanwork@gmail.com\nOnion Man \u767e\u842c\u8ffd\u8e64\u7c89\u7d72\u5718:goo.gl/Z5CSvw\n\n\u6700\u65b0\u963f\u6587\u8cbc\u5716:https://reurl.cc/GxYjA\n\n\u7b2c\u4e00\u4ee3\u963f\u6587line\u8cbc\u5716:https://reurl.cc/Wroxx\n\n\u6d0b\u8525\u79c1\u751f\u6d3bIG:https://www.instagram.com/onionman__/\n\n\n\u904b\u52d5\u6f2b\u756b\u88e1\u7684\u4e2d\u4e8c\u8001\u6897\u5287\u60c5\n\u25ba\u7b2c\u4e00\u96c6:https://youtu.be/cMoV1rPH35k\n\u25ba\u7b2c\u4e8c\u96c6:https://youtu.be/iW7LM00lny0\n\u25ba\u7b2c\u4e09\u96c6:https://youtu.be/2G5wu61uCM0\n\u25ba\u7b2c\u56db\u96c6:https://youtu.be/-rP1abYv8n4\n\nOnion Man \u95dc\u9375\u5b57:\n\u4e2d\u4e8c \u80a5\u5b85 \u55ae\u8eab\u6f22 \u55ae\u8eab \u9b6f\u86c7 \u5c4c\u7d72 \u80a5\u5b85",
        "likeCount": "7639",
        "commentCount": "409",
        "viewCount": "491942"
    },
    "comments": [
        {
            "reply_id": "Ugztt0Dwj0sBqTjCYlV4AaABAg",
            "reply_content": "\u5176\u5be6\u8a8d\u771f\u8b1b\uff0c\u90a3\u4e9b\u5b78\u9577\u59ca\u5728\u9762\u8a66\u6216\u6559\u5b78\u6642\u4e0b\u99ac\u5a01\u7684\u6a23\u5b50\u73fe\u5728\u770b\u771f\u7684\u5f88\u767d\u7661\uff0c\u96e3\u602a\u73fe\u5728\u793e\u5718\u8d8a\u4f86\u8d8a\u6c92\u843d\u3002"
        },
        {
            "reply_id": "Ugxc8DtgfLgC5GtMd5V4AaABAg",
            "reply_content": "\u91cc\u9762\u6709\u5c71\u738b\u5de5\u4e1a\u7684\u6897\ud83d\ude02"
        },
        {
            "reply_id": "UgzbcUVVOByV-7SDdVN4AaABAg",
            "reply_content": "\u76f4\u63a5\u81f4\u656c\u5c71\u738b\u5de5\u696d\ud83d\ude02"
        },
        {
            "reply_id": "UgzQeAAne3VRh89Rxv14AaABAg",
            "reply_content": "\u6709\u4e00\u5e55\u61c9\u8a72\u662f\u704c\u7c43\u9ad8\u624b\u88e1\u7684\u5c71\u738b\u5de5\u696d\u6253\u8d0f\u4e86\u4e4b\u524d\u7684\u5b78\u9577\u7684\u90a3\u500b\u756b\u9762\u5427"
        },
        {
            "reply_id": "Ugykr6HiK5iS-A1wkJt4AaABAg",
            "reply_content": "\u6d0b\u8525,\u4f60\u624d\u662f\u6700\u72e0\u7684\u5427"
        },
        {
            "reply_id": "UgzSlInEcQUuElq6kph4AaABAg",
            "reply_content": "\u70ba\u4ec0\u9ebc\u5b78\u9577\u7e3d\u662f\u6703\u8a18\u5f97\u6240\u6709\u908a\u7de3\u4eba\u5462\uff1f"
        },
        {
            "reply_id": "Ugwqhi_80AwEUbe9Kd14AaABAg",
            "reply_content": "\u4e0d\u584a\u662f\u6211\u7684\u7b2c\u4e00\u5f1f\u5b50\u6d0b\u8525 \u7adf\u7136\u628a\u6211\u6559\u4f60\u7684\u9f9c\u6d3e\u6c23\u529f\u7528\u6210\u9019\u6a23ww"
        },
        {
            "reply_id": "UgwFwQ17bkfbEvfPbcZ4AaABAg",
            "reply_content": "\u7562\u696d\u5f8c\u9084\u6709\u806f\u7d61\u7684\u80af\u5b9a\u662f\u5f88\u597d\u7684\u670b\u53cb\u554a\ud83d\ude02\ud83d\ude02\ud83d\ude02\ud83d\ude02\n\u90a3\u500b\u9178\u4f60\u7684\u5973\u751f\u53ef\u4ee5\u7b49\u5979\u7d50\u5a5a\u7684\u6642\u5019\u518d\u8667\u4e00\u6b21"
        },
        {
            "reply_id": "Ugyf_trRrRn4Pwxk9iV4AaABAg",
            "reply_content": "\u7a81\u7136\u5f88\u61f7\u5ff5\u7576\u521d\u6e96\u5099\u6d3b\u52d5\u7684\u6642\u5149"
        },
        {
            "reply_id": "UgyT8EMtWtlShugZu1t4AaABAg",
            "reply_content": "\u6211\u6628\u5929\u624d\u525b\u7d50\u675f\u516b\u5e74\u53ca\u9694\u5bbf\uff0c\u4e5f\u662f\u53bb\u5c0f\u53ee\u5679"
        },
        {
            "reply_id": "UgyMTDk_d1uiuHBIyeh4AaABAg",
            "reply_content": "\u6c92\u60f3\u5230\u5404\u500b\u5b78\u6821\u7684\u5bbf\u71df\u90fd\u662f\u5927\u540c\u5c0f\u7570\u5440\uff01"
        },
        {
            "reply_id": "Ugxg80ZJ19_PbnR2Kw54AaABAg",
            "reply_content": "\u6bcf\u6b21\u5206\u4e0a\u4e0b\u96c6\u90fd\u597d\u60f3\u8d95\u5feb\u770b\u5b8c\uff01\u6d0b\u8525\u5f71\u7247\u771f\u7684\u592a\u597d\u770b\u4e86\u5566"
        },
        {
            "reply_id": "UgxtyG14vD33tMR4UgJ4AaABAg",
            "reply_content": "\u7e3d\u89ba\u5f97\u5f97"
        },
        {
            "reply_id": "Ugw30EAn2n6-NnHSvFt4AaABAg",
            "reply_content": "\u7b49\u7b49...\u90a3\u500b\u9818\u57df\u5c55\u958b\u662f\u4e0d\u662f\u6bd4\u8f03\u65b0\u7684\u52d5\u756b\ud83d\ude02\u96e3\u9053\u6d0b\u8525\u770b\u5f97\u5230\u672a\u4f86\uff1f"
        },
        {
            "reply_id": "UgzjhNJuZJYtcM0zV5V4AaABAg",
            "reply_content": "\u9019\u624d\u4e0d\u662f\u908a\u7de3\u4eba"
        },
        {
            "reply_id": "UgxWdrAw6R4Zv1JMXIV4AaABAg",
            "reply_content": "\u7576\u5e74\u7cfb\u5b78\u6703\u60e1\u5922 \u5f9e\u64cd\u5834\u53e6\u4e00\u7aef\u8981\u81ea\u6211\u4ecb\u7d39 \u8b93\u5728\u53e6\u4e00\u7aef\u53f8\u4ee4\u53f0\u7684\u5b78\u9577\u59d0\u807d \u558a\u5230\u5589\u56a8\u5feb\u7834\u4e86\uff0c\u7136\u5f8c\u56e0\u70ba\u5c0f\u968a\u8df3\u821e\u8df3\u932f \u6574\u968a\u7684\u4eba\u88ab\u7f7010\u5206\u9418\u5f9e\u4e00\u6a13\u722c\u6a13\u68af\u722c\u523015\u6a13\u518d\u4e0b\u4f86 \u6839\u672c\u60e1\u5922\u54c8\u54c8\u54c8\u54c8"
        },
        {
            "reply_id": "Ugxj9aAhRMlEqr26Wip4AaABAg",
            "reply_content": "\u606d\u559c\u4e0a\u767c\u71d2"
        },
        {
            "reply_id": "UgyuT0H5_jXA1-xvOLx4AaABAg",
            "reply_content": "\u5bbf\u71df\u525b\u958b\u59cb\u53bb\u8ddf\u73ed\u4e0a\u9084\u4e0d\u719f \u7d50\u679c\u5bbf\u71df\u4e09\u5929\u73ed\u4e0a\u7537\u751f\u760b\u72c2\u53eb\u6211\u7684\u540d\u5b57\ud83d\ude02\u4ee5\u81f3\u65bc\u5b78\u9577\u59ca\u8ddf\u7cfb\u4e0a\u5176\u4ed6\u73ed\u7684\u540c\u5b78\u90fd\u8a8d\u8b58\u6211\u4e86\ud83e\udd23"
        },
        {
            "reply_id": "UgwkTkmPas-KxRZKhrh4AaABAg",
            "reply_content": "\u554a\u554a\u554a\u554a\u559c\u6b22\u4f60\u597d\u4e45\u4e86\uff01"
        },
        {
            "reply_id": "UgzNR04JW9-pfRv2CMB4AaABAg",
            "reply_content": "\u770b\u5b8c\u4e86\u4e4b\u5f8c\uff0c\u597d\u96aa\u7576\u5e74\u6c92\u53bb\u641e\u9019\u9ebc\u9ebb\u7169\u7684\u4e8b\u60c5\uff0c\u908a\u7de3\u4eba\u9084\u662f\u6bd4\u8f03\u9069\u5408\u6211"
        }
    ]
}