{
    "video_info": {
        "id": "cdhJtz0sn3U",
        "channelTitle": "Onion Man",
        "title": "Onion Man | \u60c5\u4fb6\u7576\u8857\u98c6\u7f75\uff01\u6700\u53ef\u6190\u7684\u662f\u65c1\u908a\u7684\u670b\u53cb\uff01\u5c37\u5c2c\u764c\u672b\u671f\uff01\uff01 | \u7206\u6c23\u7bc7\u7b2c\u4e09\u96c6",
        "description": "\u62dc\u8a17\u4e0d\u8981\u518d\u5435\u4e86!!! \u6211\u53ea\u662f\u60f3\u597d\u597d\u5403\u6211\u7684\u98ef!!!\n-------------------\n2022\u5e74\u570b\u969b\u5931\u667a\u75c7\u6708 World Alzheimer\u2019s Month\n\ud83d\udc5f\u5fb7\u66fc\u838e\uff0c\u53bb\u54ea\u88e1 (Run for Dementia) \u958b\u653e\u5831\u540d\u4e86\uff01\n\u5831\u540d\u9023\u7d50  https://bit.ly/3Raw9mm\n\n\u9080\u8acb\u5404\u8def\u8def\u8dd1\u611b\u597d\u8005\u53ca\u95dc\u5fc3\u5931\u667a\u75c7\u7684\u5927\u5bb6\uff0c\u900f\u904e\u8def\u8dd1\u5408\u529b\u96c6\u6eff\u8c61\u5fb5\u4eca\u5e74\u5931\u667a\u75c7\u65e5\u76842022.921\u516c\u91cc, \u4ee5\u884c\u52d5\u8868\u9054\u5c0d\u65bc\u5931\u667a\u5bb6\u5ead\u7684\u652f\u6301\u3002\ud83d\udcaa\ud83c\udffc\ud83d\udcaa\ud83c\udffc\n\n\u51e1\u5831\u540d\u8005\uff0c\u5373\u53ef\u7372\u5f97\u7d00\u5ff5\u9ed1\u8272\u6f6eT\u3001\u4fdd\u6eab\u676f\u3001\u60a0\u904a\u5361\u3001\u6bdb\u5dfe\u7b49\u512a\u8cea\u597d\u79ae\n\n\u5831\u540d\u65e5\u671f\uff1a\u5373\u65e5\u81f32022/09/15(\u56db)23:59\u6b62\n\u8def\u8dd1\u671f\u9593\uff1a2022/09/17(\u516d)00:00 -2022/10/07(\u4e94)23:59\u6b62\n\u66f4\u591a\u6d3b\u52d5\u8cc7\u8a0a\uff0c\u8acb\u641c\u5c0b\u201c\u53f0\u7063\u5931\u667a\u75c7\u5354\u6703\u201d \u6216\u95dc\u6ce8Instagram @tada2002_wam\n\n\n\u3010\u8a02\u95b1\u3011\u53ca\u89c0\u770b\u6d0b\u8525\u66f4\u591a\u5f71\u7247: https://goo.gl/ijP3Eb\n\n\u5de5\u4f5c\u5408\u4f5c\uff1aonionmanwork@gmail.com\nOnion Man \u767e\u842c\u8ffd\u8e64\u7c89\u7d72\u5718:goo.gl/Z5CSvw\n\n\u6700\u65b0\u963f\u6587\u8cbc\u5716:https://reurl.cc/GxYjA\n\n\u7b2c\u4e00\u4ee3\u963f\u6587line\u8cbc\u5716:https://reurl.cc/Wroxx\n\n\u6d0b\u8525\u79c1\u751f\u6d3bIG:https://www.instagram.com/onionman__/\n\n\n\u904b\u52d5\u6f2b\u756b\u88e1\u7684\u4e2d\u4e8c\u8001\u6897\u5287\u60c5\n\u25ba\u7b2c\u4e00\u96c6:https://youtu.be/cMoV1rPH35k\n\u25ba\u7b2c\u4e8c\u96c6:https://youtu.be/iW7LM00lny0\n\u25ba\u7b2c\u4e09\u96c6:https://youtu.be/2G5wu61uCM0\n\u25ba\u7b2c\u56db\u96c6:https://youtu.be/-rP1abYv8n4\n\nOnion Man \u95dc\u9375\u5b57:\n\u4e2d\u4e8c \u80a5\u5b85 \u55ae\u8eab\u6f22 \u55ae\u8eab \u9b6f\u86c7 \u5c4c\u7d72 \u80a5\u5b85",
        "likeCount": "10647",
        "commentCount": "1036",
        "viewCount": "600649"
    },
    "comments": [
        {
            "reply_id": "UgzmHlAAwOICWDov7GR4AaABAg",
            "reply_content": "\u9664\u975e\u7537\u65b9\u5bb6\u5883\u597d \u54c1\u5fb7\u4e5f\u7aef\u6b63\n\u6709\u8eca\u6709\u623f \n\n\u5973\u65b9\u624d\u8003\u616e\u8981\u7d50"
        },
        {
            "reply_id": "UgwOO8y8MjLq-op8UD94AaABAg",
            "reply_content": "..\u6700\u6050\u6016\u7684\u662f\u8001\u95c6\u8ddf\u95c6\u5a18\u5728\u516c\u53f8\u5435\u67b6"
        },
        {
            "reply_id": "Ugysqha0ErK-7Q-_Fbp4AaABAg",
            "reply_content": "\u6211\u89ba\u5f97\u8ddf\u524d\u9762\u90a3\u500b\u4f4e\u60c5\u5546\u52f8\u67b6\u662f\u4e00\u6a23\u7684\u610f\u601d\uff0c\u5982\u679c\u4f60\u7684\u8868\u9054\u80fd\u529b\u6c92\u8fa6\u6cd5\u5b8c\u6210\u4f60\u7684\u76ee\u7684\uff0c\u90a3\u4e0d\u5982\u9589\u5634\u5c31\u597d\uff0c\u6216\u8a31\u7537\u65b9\u60f3\u8868\u9054\u7684\u662f\u4e00\u500b\u4ed6\u6240\u8a8d\u77e5\u7684\u73fe\u5be6\uff0c\u4f46\u4ed6\u7684\u8868\u9054\u57fa\u672c\u5c31\u662f\u50b3\u7d71\u89c0\u5ff5\u6703\u6709\u7684\u8aaa\u6cd5"
        },
        {
            "reply_id": "UgzzydCOa4eng5W0Lnp4AaABAg",
            "reply_content": "\u770b\u8d77\u4f86\u90fd\u662f\u7fd2\u6163\u4e0d\u4e00\u6a23\uff0c\u4e0d\u5435\u7684\u8a71\u53e6\u4e00\u500b\u5c31\u8981\u5fcd\u5230\u6b7b"
        },
        {
            "reply_id": "UgzhDzHhC2TgRUTDTLR4AaABAg",
            "reply_content": "\u770b\u5b8c\u5f88\u96e3\u4e0d\u5435\uff0c\u9664\u975e\u53e6\u4e00\u500b\u5fcd\u5230\u6b7b"
        },
        {
            "reply_id": "Ugx1tTb0IREwQg08Cit4AaABAg",
            "reply_content": "\u7537\u751f\uff0c\uff0c\u788e\u5ff5\u771f\u7684\u5f88\u8a0e\u53ad"
        },
        {
            "reply_id": "UgzyVtUUbJElcjF9ze14AaABAg",
            "reply_content": "\u4e5f\u6709\u4eba\u5c0d\u6211\u8aaa\u904e\u90a3\u4e00\u53e5\u8a71\uff0c\u6211\u76f4\u63a5\u7206\u5674\u4ed6\u201d\u6211\u6709\u50cf\u4f60\u4e00\u6a23\u9019\u9ebc\u6c92\u7528\u9700\u8981\u9760\u5225\u4eba\u55ce\u2018\u2019\n\u6211\u76f4\u63a5\u958b\u7832\u5566XDDD"
        },
        {
            "reply_id": "Ugzvy4BhqKj26huV-8V4AaABAg",
            "reply_content": "\u6709\u5c0f\u85af\u689d\u8036\ud83c\udf5f"
        },
        {
            "reply_id": "UgxdfxzKsWF0RIT1OCh4AaABAg",
            "reply_content": "\u6211\u5011\u5bb6\u5171\u98df\u65b9\u9762\u662f\u2026. \u6211\u5403\u4e0d\u5b8c \u585e\u7d66\u53e6\u4e00\u534a\u5403 \u800c\u53e6\u4e00\u534a\u4e5f\u5403\u4e0d\u5b8c \u53c8\u4e0d\u60f3\u6d6a\u8cbb\u98df\u7269 \u5c0e\u81f4\u6211\u5011\u5169\u500b\u4e00\u76f4\u4e92\u585e\u7d66\u5c0d\u65b9\ud83d\ude02\ud83d\ude02\ud83d\ude02 \u5b8c\u5168\u6c92\u6709\u4e0d\u6eff\u8db3\u554f\u984c"
        },
        {
            "reply_id": "Ugwmgfeqk4FRPG43nm54AaABAg",
            "reply_content": "\u807d\u5230\u6211\u5abd\u8b1b\u8a71\u4e5f\u5dee\u4e0d\u591a"
        },
        {
            "reply_id": "UgzVOBqlg51WlqJ8qLx4AaABAg",
            "reply_content": "\u6700\u5f8c\u4e00part\u7684\u90e8\u5206\uff0c\u540c\u6c34\u5e73\u7684\u5973\u751f\u5ac1\u7684\u689d\u4ef6\u6bd4\u81ea\u5df1\u672c\u8eab\u689d\u4ef6\u9ad8\u7684\u9019\u9ede\uff0c\u5c31\u6211\u770b\u4f86\u9019\u53ea\u662f\u8868\u9762\u4e8b\u5be6\u3002\u540c\u6a23\u7684\u85aa\u8cc7\u689d\u4ef6\u4e0b\uff0c\u5973\u751f\u901a\u5e38\u8981\u505a\u7684\u6bd4\u7537\u751f\u9084\u8981\u597d\u624d\u6709\u6a5f\u6703\u5347\u9077\uff0c\u6240\u4ee5\u8868\u9762\u770b\u8d77\u4f86\u662f\u5ac1\u689d\u4ef6\u66f4\u597d\u7684\uff0c\u4f46\u5176\u5be6\u662f\u5ac1\u540c\u7b49\u7d1a\u7684\u4eba\u6b38\u3002\u9ad8\u85aa\u5973\u751f\u70ba\u4e86\u4e0d\u8b93\u4eba\u770b\u4e0d\u8d77\uff0c\u9664\u4e86\u81ea\u5df1\u7684\u5c08\u696d\u80fd\u529b\u5916\uff0c\u5916\u8868\u4e5f\u6709\u9867\u597d\uff08\u8d77\u78bc\u4e0d\u80fd\u592a\u5dee\uff09\uff0c\u4e0d\u7136\u4e00\u5b9a\u4e5f\u6703\u88ab\u4eba\u8aaa\u5634\u3002\u5982\u679c\u5916\u8c8c\u4e5f\u7b97\u9078\u64c7\u5c0d\u8c61\u7684\u689d\u4ef6\u7684\u8a71\uff0c\u7d9c\u5408\u5973\u751f\u9019\u908a\u7684\u689d\u4ef6\u66f4\u9ad8\u5427\u3002\u5973\u751f\u7d50\u5a5a\u751f\u80b2\u5f8c\u8fd4\u56de\u8077\u5834\u4e5f\u6703\u88ab\u8aaa\u662f\u6709\u5bb6\u5ead\u7684\u4eba\u800c\u4e0d\u7d66\u66f4\u591a\u6a5f\u6703\uff0c\u7537\u751f\u5247\u662f\u56e0\u70ba\u8981\u990a\u5bb6\u7d66\u66f4\u591a\u6a5f\u6703\u3002\u8aaa\u5230\u5e95\u9020\u6210\u9019\u4e9b\u793e\u6703\u73fe\u8c61\u7684\u539f\u56e0\u4e5f\u662f\u56e0\u70ba\u6027\u5225\u5730\u4f4d\u4e0d\u5e73\u7b49\u800c\u5c0e\u81f4\u7537\u6027\u5f88\u96e3\u627e\u5230\u6bd4\u81ea\u5df1\u66f4\u597d\u6c34\u5e73\u7684\u5c0d\u8c61\u7684\u539f\u56e0\u3002"
        },
        {
            "reply_id": "UgyepXPxO7CISEl_TwN4AaABAg",
            "reply_content": "\u6b38 \u4f60\u7626\u4e0b\u4f86\u4e5f\u4e0d\u6703\u8b8a\u91d1\u79c0\u8ce2"
        },
        {
            "reply_id": "UgyTqjmzNTJTNbKClWV4AaABAg",
            "reply_content": "\u4ed6\u5f8c\u9762\u89e3\u91cb\u7684\u7b97\u63a5\u8fd1\u53f0\u7063\u523b\u677f\u60f3\u6cd5(\u7576\u7136\u53f0\u7063\u793e\u6703\u4e0a\u4e5f\u6709\u5f88\u591a\u592b\u59bb\u6a94\u662f\u5973\u751f\u8cfa\u6bd4\u8f03\u591a\uff0c\u6240\u4ee5\u4ed6\u7684\u8aaa\u6cd5\u4e5f\u4e0d\u5168\u5c0d)   \u932f\u5728\u4eba\u5bb6\u62b1\u6028\u85aa\u8cc7\u80fd\u529b\u4e0d\u6b63\u6bd4 \u7d50\u679c\u4ed6\u804a\u7d50\u5a5a \n\n \u5982\u679c\u8173\u8272\u5c0d\u8abf \uff0c\u6709\u500b\u7537\u751f\u9760\u5317\u4e0a\u73ed\u4e8b\u60c5\u90fd\u5728\u505a  \u4e3b\u7ba1\u5347\u9077\u52a0\u85aa\u90fd\u7d66\u5225\u4eba  \u7d50\u679c\u6709\u4eba\u56de\u4ed6\u8aaa  \u50bb\u903c \u4f60\u5a36\u500b\u6703\u8cfa\u9322\u7684\u8001\u5a46\u5c31\u597d\u4e86\n\nXDDD\u5c31\u5df2\u7d93\u5728\u8ced\u721b\u4e86\u9084\u5c41\u8a71   \u4e0d\u4e00\u62f3\u704c\u5230\u81c9\u4e0a\u6211\u8f38\u4f60"
        },
        {
            "reply_id": "UgxOL2zhywyWmEUOsN54AaABAg",
            "reply_content": "\u6211\u5176\u5b9e\u4e0d\u592a\u4f1a\u5e94\u4ed8\u90a3\u79cd\u76f4\u63a5\u66b4\u6c14\u7684\u4eba\uff0c\u6709\u4e8b\u4f60\u53ef\u4ee5\u65c1\u6572\u4fa7\u51fb\u4f46\u4f60\u81ea\u5df1\u7d2f\u79ef\u4e5f\u4e0d\u8bf4\u6211\u4e5f\u6ca1\u6076\u610f\u4f46\u4f60\u6700\u540e\u53d1\u706b\u641e\u5f97\u597d\u50cf\u5927\u5bb6\u90fd\u6709\u95ee\u9898\u3002\u3002\u3002\u3002\u3002\uff0c\u7531\u4e8e\u6211\u662f\u9047\u5230\u81ea\u5df1\u4e0d\u559c\u6b22\u7684\u4e8b\u60c5\u65f6\u4f1a\u5fcd\u6c14\u541e\u58f0\u4e0b\u6b21\u5c3d\u91cf\u907f\u514d\u7684\u4eba\u6240\u6709\u6211\u4e0d\u4f1a\u5efa\u8bae\u522b\u4eba\u8ddf\u6211\u4e00\u6837\u4f46\u4f60\u5982\u679c\u4e0d\u60f3\u5fcd\u5c31\u8bf4\u51fa\u6765\u6ca1\u5fc5\u8981\u751f\u6c14\u3002\u5bf9\u6211\u6765\u8bf4\u80fd\u907f\u514d\u5435\u67b6\u5c31\u907f\u514d\u5373\u4f7f\u610f\u89c1\u6216\u8005\u6027\u683c\u4e0d\u540c\u4e5f\u53ef\u4ee5\u5c3d\u91cf\u6c9f\u901a\u4f46\u4e5f\u6ca1\u5fc5\u8981\u5f53\u654c\u4eba\u3002"
        },
        {
            "reply_id": "UgzhiggExPVJ-3Z41pR4AaABAg",
            "reply_content": "\u90a3\u5c0d\u60c5\u4fb6\u8a72\u4e0d\u6703\u662f\u5b6b\u751f\u2026"
        },
        {
            "reply_id": "UgxM4A4VJJ_uCWrRk0V4AaABAg",
            "reply_content": "\u5728\u670b\u53cb\u9762\u524d\u5435\u67b6\u7684\u60c5\u4fb6\u771f\u3109\u5f88\u7169"
        },
        {
            "reply_id": "Ugx3fCNSb-4nP12WC9F4AaABAg",
            "reply_content": "\u54e5\u54e5\u559d\u4e0d\u5b8c\u90fd\u7d66\u6211\u559d"
        },
        {
            "reply_id": "UgzUnRnzfKHwaGhG1iB4AaABAg",
            "reply_content": "\u7576\u4ed6\u5011\u6b63\u8981\u5435\u8d77\u4f86\u7684\u6642\u5019\u8aaa\uff1a\u4f86\u6211\u5011\u4f86\u62cd\u7167\uff0c\u6703\u77ac\u9593\u66ab\u505c\u6642\u7a7a"
        },
        {
            "reply_id": "UgwZEPicu3xgL9wcs3h4AaABAg",
            "reply_content": "\u6211\u7238\u5abd\u5f9e\u5c0f\u5435\u67b6\u5230\u6211\u9577\u5927\n\u6709\u6642\u4ed6\u5011\u666e\u901a\u8b1b\u8a71\u6211\u5c31\u6703\u4ee5\u70ba\u4ed6\u5011\u5728\u5435\u67b6\n\ud83d\ude05"
        },
        {
            "reply_id": "UgxSnk-S221i02OtmwN4AaABAg",
            "reply_content": "\u6211\u5403\u6771\u897f\u771f\u7684\u4e0d\u559c\u6b61\u8ddf\u5225\u4eba\u5206\ud83d\ude02\ud83d\ude02\ud83d\ude02\n\u6709\u7a2e\u88ab\u6436\u52ab\u7684\u611f\u89ba\ud83d\ude02"
        }
    ]
}