{
    "video_info": {
        "id": "CylbeMcM0Z4",
        "channelTitle": "Onion Man",
        "title": "\u670b\u53cb\u5abd\u5abd\u88ab\u611f\u60c5\u8a50\u9a19200\u842c...\u5927\u5bb6\u8981\u5e38\u5e38\u95dc\u5fc3\u9577\u8f29\u5537 | Onion Man",
        "description": "\u4e00\u6bb5\u5bc2\u5bde\u9020\u5c31\u7684\u611b\u60c5\u6545\u4e8b....\n\n#\u4fee\u4f46\u5e7e\u52d2 \u7db2\u8def\u8cc7\u8a0a\u8a18\u5f97\u8981\u505c\u770b\u807d\uff01\n\n\u5047\u5c08\u5bb6\u4e0d\u53ea\u6703\u9a19\u8377\u5305...\n\u9084\u6703\u9a19\u611f\u60c5 QQ\n\n\n\u3010\u8a02\u95b1\u3011\u53ca\u89c0\u770b\u6d0b\u8525\u66f4\u591a\u5f71\u7247: https://goo.gl/ijP3Eb\n\n\u5de5\u4f5c\u5408\u4f5c\uff1aonionmanwork@gmail.com\nOnion Man \u767e\u842c\u8ffd\u8e64\u7c89\u7d72\u5718:goo.gl/Z5CSvw\n\n\u6700\u65b0\u963f\u6587\u8cbc\u5716:https://reurl.cc/GxYjA\n\n\u7b2c\u4e00\u4ee3\u963f\u6587line\u8cbc\u5716:https://reurl.cc/Wroxx\n\n\u6d0b\u8525\u79c1\u751f\u6d3bIG:https://www.instagram.com/onionman__/\n\n\n\u904b\u52d5\u6f2b\u756b\u88e1\u7684\u4e2d\u4e8c\u8001\u6897\u5287\u60c5\n\u25ba\u7b2c\u4e00\u96c6:https://youtu.be/cMoV1rPH35k\n\u25ba\u7b2c\u4e8c\u96c6:https://youtu.be/iW7LM00lny0\n\u25ba\u7b2c\u4e09\u96c6:https://youtu.be/2G5wu61uCM0\n\u25ba\u7b2c\u56db\u96c6:https://youtu.be/-rP1abYv8n4\n\nOnion Man \u95dc\u9375\u5b57:\n\u4e2d\u4e8c \u80a5\u5b85 \u55ae\u8eab\u6f22 \u55ae\u8eab \u9b6f\u86c7 \u5c4c\u7d72 \u80a5\u5b85",
        "likeCount": "617",
        "commentCount": "13",
        "viewCount": "329686"
    },
    "comments": [
        {
            "reply_id": "UgzxVTB8ByaZsScmW_94AaABAg",
            "reply_content": "\u4e0d\u662f\u89c0\u770b\u6700\u591a\u7136\u540e\u8b9a\u6700\u5c11"
        },
        {
            "reply_id": "UgzelGtiwiDxwLsd8xd4AaABAg",
            "reply_content": "\u6211\u9802\u591a\u4e0d\u6279\u8a55\ud83d\ude12"
        },
        {
            "reply_id": "UgwbT4bZVmQ9UU0_alx4AaABAg",
            "reply_content": "\u9019\u5c31\u662f\u6253\u8a50\u8fa6\u516c\u5ba4\u7684\u7d93\u8cbb\u55ce \u6709\u7528\u5728\u597d\u5730\u65b9\u5462\u2764"
        },
        {
            "reply_id": "Ugx84COgRSmZkGU1A7l4AaABAg",
            "reply_content": "\u6211\u5abd\u5abd\u5728\u7db2\u8def\u4e0a\u9047\u5230\u4e00\u500b\u81ea\u7a31\u9047\u5230\u6d77\u76dc\u7684\u8001\u5916\uff0c\u8981\u5979\u53bb\u7c3d\u6536\u4e00\u500b\u5305\u88f9\u3002\n\n\u5979\u9084\u88ab\u4e00\u500b\u9748\u9aa8\u5854\u4ef2\u4ecb\u9a19\u4e86\u597d\u591a\u9322\uff0c\u7d50\u679c\u624b\u4e0a\u7684\u5854\u4f4d\u8d8a\u4f86\u8d8a\u591a\uff0c\u4e00\u500b\u90fd\u6c92\u8ce3\u51fa\u53bb\u3002"
        },
        {
            "reply_id": "UgyjmK1ow3fev9mtlk14AaABAg",
            "reply_content": "\u5929\u554a\uff5e\uff5e\u9023\u6d0b\u8525\u7684\u751f\u6d3b\u5708\u90fd\u6dea\u9677\u4e86\uff01\uff01\n\u5927\u5bb6\u771f\u7684\u8981\u5c0f\u5fc3\u6ce8\u610f\u8a50\u9a19\u554a\ud83e\udd27"
        },
        {
            "reply_id": "UgxnJwRKZDfZMMI757J4AaABAg",
            "reply_content": "\u6d0b\u8525\u6bbaJim\u7684\u6897\u5728\u9019\u88e1\u88ab\u5c55\u73fe\u51fa\u4f86\u4e86\u55ce"
        },
        {
            "reply_id": "UgxxjySjJTK7aXpiXwZ4AaABAg",
            "reply_content": "\u628a\u516d\u5206\u9418\u7684\u5f71\u7247\u526a\u6210\u4e00\u5206\u9418\uff0c\u660e\u986f\u662f\u500b\u72e0\u89d2\u8272\ud83d\ude02"
        },
        {
            "reply_id": "Ugykt4fzYFt6qrwrWuJ4AaABAg",
            "reply_content": "\u5361"
        },
        {
            "reply_id": "UgzKk9AFIVLAyuenzel4AaABAg",
            "reply_content": "\u4fee\u4f46\u5e7e\u52d2"
        },
        {
            "reply_id": "UgwgM47YCO8iRAT02PZ4AaABAg",
            "reply_content": "#\u4fee\u4f46\u5e7e\u52d2"
        }
    ]
}