{
    "video_info": {
        "id": "dac-yCeYdM4",
        "channelTitle": "Onion Man",
        "title": "Onion Man | \u7d04\u6703\u6642\u7238\u7238\u7adf\u5728\u5f8c\u65b9\u8ddf\u8e64\uff01\u85aa\u6c34\u88ab\u5bb6\u4eba\u63d0\u9818\uff01\u5bb6\u7ba1\u56b4\u5973\u751f\u6dd2\u6158\u6200\u611b\u53f2\u7bc7 | \u771f\u5be6\u6545\u4e8b\u6539\u7de8",
        "description": "\u5bb6\u7ba1\u56b4\u7684\u5973\u751f\u7684\u4eba\u751f\u7bc7\n\u807d\u5b8c\u6703\u89ba\u5f97\u50cf\u662f\u5b8c\u5168\u4e0d\u5728\u540c\u500b\u4e16\u754c\u7684\u4eba\n\u4f46\u5176\u5be6\u5468\u906d\u5f88\u591a\u9019\u7a2e\u5bb6\u5ead\u5462\n\n\u3010\u8a02\u95b1\u3011\u53ca\u89c0\u770b\u6d0b\u8525\u66f4\u591a\u5f71\u7247: https://goo.gl/ijP3Eb\n\n\u5de5\u4f5c\u5408\u4f5c\uff1aonionmanwork@gmail.com\nOnion Man \u767e\u842c\u8ffd\u8e64\u7c89\u7d72\u5718:goo.gl/Z5CSvw\n\n\u6700\u65b0\u963f\u6587\u8cbc\u5716:https://reurl.cc/GxYjA\n\n\u7b2c\u4e00\u4ee3\u963f\u6587line\u8cbc\u5716:https://reurl.cc/Wroxx\n\n\u6d0b\u8525\u79c1\u751f\u6d3bIG:https://www.instagram.com/onionman__/\n\n\n\u904b\u52d5\u6f2b\u756b\u88e1\u7684\u4e2d\u4e8c\u8001\u6897\u5287\u60c5\n\u25ba\u7b2c\u4e00\u96c6:https://youtu.be/cMoV1rPH35k\n\u25ba\u7b2c\u4e8c\u96c6:https://youtu.be/iW7LM00lny0\n\u25ba\u7b2c\u4e09\u96c6:https://youtu.be/2G5wu61uCM0\n\u25ba\u7b2c\u56db\u96c6:https://youtu.be/-rP1abYv8n4\n\nOnion Man \u95dc\u9375\u5b57:\n\u4e2d\u4e8c \u80a5\u5b85 \u55ae\u8eab\u6f22 \u55ae\u8eab \u9b6f\u86c7 \u5c4c\u7d72 \u80a5\u5b85",
        "likeCount": "6541",
        "commentCount": "785",
        "viewCount": "457870"
    },
    "comments": [
        {
            "reply_id": "UgxvRN2vV3auODvSck94AaABAg",
            "reply_content": "\u771f\u7684\u53d7\u4e0d\u4e86\u53ef\u4ee5\u5831\u8b66\u8655\u7406"
        },
        {
            "reply_id": "UgwGh9yeXNeu_n_XdSJ4AaABAg",
            "reply_content": "\u642c\u51fa\u53bb\u4f4f\u6703\u6bd4\u8f03\u5feb"
        },
        {
            "reply_id": "UgwGSujx6BKG-71zHYR4AaABAg",
            "reply_content": "\u6211\u7236\u6bcd\u5f88\u5c0a\u91cd\u6211\uff0c\u597d\u9ad8\u8208"
        },
        {
            "reply_id": "UgzJHNkDtdp1MddxLmN4AaABAg",
            "reply_content": "\u5c31\u56e0\u70ba\u5979\u7684\u7236\u89aa\u4e0d\u662f\u9023\u6069\u5c3c\u905c\u6240\u4ee5\u5979\u7684\u7236\u6bcd\u624d\u6703\u7121\u80fd\u5230\u53ea\u80fd\u56b4\u7ba1\u81ea\u5df1\u7684\u5b69\u5b50\u5427\ud83e\udd23"
        },
        {
            "reply_id": "UgwkHT8uHSiVr3Iel3B4AaABAg",
            "reply_content": "\u901a\u5e38\u5bb6\u6559\u5f88\u56b4\u7684\u5973\u751f\u90fd\u9577\u5f97\u5f88\u6b63\ud83e\udd23"
        },
        {
            "reply_id": "Ugx9PW5cZ-zycGgif1h4AaABAg",
            "reply_content": "\u5996\u7378\uff0c\u6bd4\u6211\u7684\u9084\u8981\u56b4\u3002\u6211\u4ee5\u70ba\u4e0d\u80fd\u4ea4\u670b\u53cb\uff0c\u623f\u9593\u96a8\u6642\u88ab\u958b\uff0c\u4e0d\u80fd\u548c\u540c\u5b78\u5916\u51fa\u5c31\u5df2\u7d93\u5f88\u6158\u4e86\uff0c\u4ed6\u6bd4\u6211\u9084\u8981\u6158\ud83d\ude02"
        },
        {
            "reply_id": "Ugw4s18RNSCiitxYSJ14AaABAg",
            "reply_content": "\u9019\u7a2e\u5bb6\u5ead\u901a\u5e38\u662f\u6709\u75c5\u7684"
        },
        {
            "reply_id": "UgzQq0yiWIcBsiMYC314AaABAg",
            "reply_content": "\u5973\u751f\u771f\u7684\u5f88\u53ef\u60b2\u5f88\u53ef\u6190"
        },
        {
            "reply_id": "Ugy7P0iw_vpiJnF0m3h4AaABAg",
            "reply_content": "\u597d\u6050\u6016\u5594"
        },
        {
            "reply_id": "Ugx5tPsaLrAYwMcXYmJ4AaABAg",
            "reply_content": "\u5403\u5c0f\u706b\u934b\u71d2\u5230\u81c9\u8b93\u6211\u60f3\u60f3\u4ed6\u600e\u9ebc\u641e\u7684\ud83d\ude02"
        },
        {
            "reply_id": "UgxSxaNViiCq8RnXJqZ4AaABAg",
            "reply_content": "\u963f\u557e\u597d\u50cf\u6709\u696d\u914d\u904e"
        },
        {
            "reply_id": "Ugyx-Av22mn75I6oJMp4AaABAg",
            "reply_content": "\u5bb6\u7ba1\u56b4\u7236\u6bcd\n\u5b78\u751f\u6642\u4ee3\uff1a\u4f60\u4e0d\u51c6\u4ea4\u7537/\u5973\u670b\u53cb\n\u5927\u5b78\u4e00\u7562\u696d\uff1a\u554a\u4f60\u4ec0\u9ebc\u6642\u5019\u8981\u7d50\u5a5a"
        },
        {
            "reply_id": "UgyhuXYjki--fH2wvRB4AaABAg",
            "reply_content": "\u70ba\u4ec0\u9ebc\u611f\u89ba\u9019\u5bb6\u4eba\u5f88\u50cf\u6050\u6016\u60c5\u4eba\u22ef\u22ef"
        },
        {
            "reply_id": "UgwldjaUk7hDQKsq-o54AaABAg",
            "reply_content": "\u6c92\u6709\u53db\u9006\u671f \u771f\u7684\u53b2\u5bb3"
        },
        {
            "reply_id": "UgyJq0iOK58QZ90codV4AaABAg",
            "reply_content": "\u6211\u7236\u6bcd\u5f9e\u4f86\u4e0d\u7ba1\u6211\uff0c\u9084\u8981\u6211\u591a\u591a\u51fa\u9580\u4ea4\u670b\u53cb\n\u6211\u9084\u4e0d\u662f\u6bcd\u80ce\u55ae\u8eab\u9006"
        },
        {
            "reply_id": "UgxZvvBMj41PGcTeQBd4AaABAg",
            "reply_content": "\u6709\u5920\u5641\u5fc3\u7684\u7238\u5abd"
        },
        {
            "reply_id": "Ugy0kFT00ZxcrYwSHD94AaABAg",
            "reply_content": "\u90a3\u500b\u672a\u63a5\u96fb\u8a71\u6709\u9ede\u6050\u6016\ud83d\ude05\ud83d\ude05"
        },
        {
            "reply_id": "UgyN8go8ZjbIi538P1Z4AaABAg",
            "reply_content": "\u4e0d\u7981\u8b93\u6211\u60f3\u5230\u4e00\u4f4d\u53cb\u4eba\uff0c\u5f9e\u5c0f\u5bb6\u88e1\u4e00\u6a23\u7ba1\u8d85\u56b4\uff0c\u7136\u5f8c\u771f\u7684\u8ddf\u5f71\u7247\u4e00\u6a23\u8981\u8003\u5bb6\u9109\u7684\u5927\u5b78\u4f4f\u5bb6\u88e1\uff0c\u6b8a\u4e0d\u77e5\u6700\u5f8c\u5ac1\u5230\u570b\u5916\uff0c\u9019\u6a23\u6709\u6bd4\u8f03\u597d\u55ce= ="
        },
        {
            "reply_id": "UgzdDNv6BTQn5_r2ZBl4AaABAg",
            "reply_content": "\u6211\u5927\u5b78\u540c\u5b78\u5c31\u662f\u9019\u6a23\u554a \u90fd\u5df2\u7d93\u6210\u5e74\u4e86 \u7236\u6bcd\u7d55\u5c0d\u4e0d\u6703\u8b93\u4ed6\u8ddf\u670b\u53cb\u51fa\u53bb\u73a9 \u4ed6\u53ea\u80fd\u8ddf\u4ed6\u59d0\u51fa\u9580\n\u4e0d\u904e\u5c0f\u7f8e\u7236\u6bcd\u4e5f\u592a\u8a87\u5f35 \u5c31\u50cf\u5f71\u7247\u8aaa\u7684\u5403\u706b\u934b\u4e5f\u4e0d\u884c \u90a3\u7167\u9019\u908f\u8f2f \u8d70\u5728\u8def\u4e0a\u6216\u642d\u6377\u904b\u4e5f\u4e0d\u884c \u56e0\u70ba\u6709\u904e\u96a8\u6a5f\u6bba\u4eba\u7684\u65b0\u805e"
        },
        {
            "reply_id": "UgzK_v9dT0Gp1epCP294AaABAg",
            "reply_content": "\u6709\u9019\u7a2e\u5bb6\u9577\u6211\u6703\u60f3\u6b7b"
        }
    ]
}