{
    "video_info": {
        "id": "daf8MWcoHTg",
        "channelTitle": "Onion Man",
        "title": "\u5728\u51b0\u5cf6\u8dcc\u5012\u8d85\u904e10\u6b21\u7684\u7537\u4eba  #shorts",
        "description": "\u5e73\u8861\u4e4b\u9b3c\n\n#shorts \n  \n\u3010\u8a02\u95b1\u3011\u53ca\u89c0\u770b\u6d0b\u8525\u66f4\u591a\u5f71\u7247: https://goo.gl/ijP3Eb\n\n\u5de5\u4f5c\u5408\u4f5c\uff1aonionmanwork@gmail.com\nOnion Man \u767e\u842c\u8ffd\u8e64\u7c89\u7d72\u5718:goo.gl/Z5CSvw\n\n\u6700\u65b0\u963f\u6587\u8cbc\u5716:https://reurl.cc/GxYjA\n\n\u7b2c\u4e00\u4ee3\u963f\u6587line\u8cbc\u5716:https://reurl.cc/Wroxx\n\n\u6d0b\u8525\u79c1\u751f\u6d3bIG:https://www.instagram.com/onionman__/\n\n\n\u904b\u52d5\u6f2b\u756b\u88e1\u7684\u4e2d\u4e8c\u8001\u6897\u5287\u60c5\n\u25ba\u7b2c\u4e00\u96c6:https://youtu.be/cMoV1rPH35k\n\u25ba\u7b2c\u4e8c\u96c6:https://youtu.be/iW7LM00lny0\n\u25ba\u7b2c\u4e09\u96c6:https://youtu.be/2G5wu61uCM0\n\u25ba\u7b2c\u56db\u96c6:https://youtu.be/-rP1abYv8n4\n\nOnion Man \u95dc\u9375\u5b57:\n\u4e2d\u4e8c \u80a5\u5b85 \u55ae\u8eab\u6f22 \u55ae\u8eab \u9b6f\u86c7 \u5c4c\u7d72 \u80a5\u5b85",
        "likeCount": "1807",
        "commentCount": "27",
        "viewCount": "64327"
    },
    "comments": [
        {
            "reply_id": "UgzCO0uy9i6v6Khzwd54AaABAg",
            "reply_content": "\u6700\u5f8c\u4e00\u500b\u592a\u5e25\u4e86\u5427"
        },
        {
            "reply_id": "UgzQctkQRk4Hjv1DI_l4AaABAg",
            "reply_content": "\u653e\u795e\u66f2\u5bb3\u6211\u7b11\u6b7b"
        },
        {
            "reply_id": "UgyRjL6FJ2jBtXnbCmx4AaABAg",
            "reply_content": "\u6ed1\u5012\u59ff\u52e2\u4e5f\u592a\u5e25\u4e86 \u54c8\u54c8\u54c8"
        },
        {
            "reply_id": "UgwagNyEy1nKdQI7RPR4AaABAg",
            "reply_content": "\u4e0d\u6127\u662f\u8525\u54e5 \u9023\u6ed1\u5012\u90fd\u8981\u9019\u9ebc\u4e2d\u4e8c"
        },
        {
            "reply_id": "Ugz6FpIN42NhyNUnc_94AaABAg",
            "reply_content": "\u7b2c\u4e94\u5929\u8b8a\u6210\u8dcc\u5012\u4e4b\u9b3c"
        },
        {
            "reply_id": "Ugya-Mw21aMg1ON6MJV4AaABAg",
            "reply_content": "\u4e0d\u662f\u908a\u7de3\u4eba\u55ce \u73fe\u5728\u662f\u600e\u6a23"
        },
        {
            "reply_id": "UgyIJYZpNPBnrIuZjnN4AaABAg",
            "reply_content": "\u611f\u89ba\u597d\u5f37 \u8981\u653e\u5927\u62db\u4e86\ud83d\ude02"
        },
        {
            "reply_id": "Ugz74hXssHvcnpAan614AaABAg",
            "reply_content": "\u660e\u986f\u662f\u500b\u72e0\u89d2\u8272"
        },
        {
            "reply_id": "UgwtcRgXmyNWJmzZSwJ4AaABAg",
            "reply_content": "\u7b11\u6b7b"
        },
        {
            "reply_id": "UgyLvuknB5oqf6fXmPh4AaABAg",
            "reply_content": "\u90a3\u4e2a\u62cd\u5730\u677f\u53ec\u5524\u5de8\u795e\u5175\u662f\u5427"
        }
    ]
}