{
    "video_info": {
        "id": "dEotlqfLMVM",
        "channelTitle": "Onion Man",
        "title": "\u88ab\u96fb\u5230\u5feb\u5d29\u6f70\u7684\u7537\u4eba\u7684\u9632\u975c\u96fb\u5999\u62db-\u751f\u6d3b\u5be6\u7528\u5c0f\u77e5\u8b58",
        "description": "\u3010\u8a02\u95b1\u3011\u53ca\u89c0\u770b\u6d0b\u8525\u66f4\u591a\u5f71\u7247: https://goo.gl/ijP3Eb\n\n\u5de5\u4f5c\u5408\u4f5c\uff1aonionmanwork@gmail.com\nOnion Man \u767e\u842c\u8ffd\u8e64\u7c89\u7d72\u5718:goo.gl/Z5CSvw\n\n\u6700\u65b0\u963f\u6587\u8cbc\u5716:https://reurl.cc/GxYjA\n\n\u7b2c\u4e00\u4ee3\u963f\u6587line\u8cbc\u5716:https://reurl.cc/Wroxx\n\n\u6d0b\u8525\u79c1\u751f\u6d3bIG:https://www.instagram.com/onionman__/\n\n\n\u904b\u52d5\u6f2b\u756b\u88e1\u7684\u4e2d\u4e8c\u8001\u6897\u5287\u60c5\n\u25ba\u7b2c\u4e00\u96c6:https://youtu.be/cMoV1rPH35k\n\u25ba\u7b2c\u4e8c\u96c6:https://youtu.be/iW7LM00lny0\n\u25ba\u7b2c\u4e09\u96c6:https://youtu.be/2G5wu61uCM0\n\u25ba\u7b2c\u56db\u96c6:https://youtu.be/-rP1abYv8n4\n\nOnion Man \u95dc\u9375\u5b57:\n\u4e2d\u4e8c \u80a5\u5b85 \u55ae\u8eab\u6f22 \u55ae\u8eab \u9b6f\u86c7 \u5c4c\u7d72 \u80a5\u5b85",
        "likeCount": "1742",
        "commentCount": "37",
        "viewCount": "70371"
    },
    "comments": [
        {
            "reply_id": "UgyQxVA56MUKhICQGLV4AaABAg",
            "reply_content": "\u4e2d\u4e8c"
        },
        {
            "reply_id": "UgxDG6MruhOpfAHeKq54AaABAg",
            "reply_content": "\u7b11\u6b7b\u54c8\u54c8\u54c8\u54c8\u54c8"
        },
        {
            "reply_id": "Ugzsi7Wnah9qVbJgHyl4AaABAg",
            "reply_content": "\u597d\u8352\u8b2c\u7684\u5169\u500b\u7537\u5b50"
        },
        {
            "reply_id": "UgxfE2JSlCUyzEhY2aR4AaABAg",
            "reply_content": "\u6478\u5730\u7121\u6cd5\u771f\u7684\u63a5\u5730\uff0c\u56e0\u70ba\u90a3\u500b\u5730\u677f\u4e5f\u7121\u6cd5\u8a3c\u660e\u8207\u5730\u7121\u6642\u7121\u523b\u7684\u76f8\u901a\u3002\u5c24\u5176\u7576\u5730\u677f\u662f\u6728\u5730\u677f\u6216\u662f\u5851\u81a0\u6750\u8cea"
        },
        {
            "reply_id": "UgyQfaQr7vTTwDHrXjZ4AaABAg",
            "reply_content": "\u6478\u7246\u58c1\u5c31\u53ef\u4ee5\u4e86\u963f\u54e5..\u4e5f\u662f\u63a5\u5730"
        },
        {
            "reply_id": "Ugz6XqK2IAhHFP_4N8J4AaABAg",
            "reply_content": "\u8d85\u597d\u7b11 \u5230\u5e95\u5728\u5e79\u561b"
        },
        {
            "reply_id": "Ugy7ztwtmQkch31Djox4AaABAg",
            "reply_content": "\u4e0d\u53ea\u6709\u63a5\u5730\u653e\u96fb\uff0c\u78b0\u7246\u58c1\u4e5f\u53ef\u4ee5\uff0c\u624b\u6490\u8457\u7246\u9084\u6bd4\u8f03\u81ea\u7136\u9ede\ud83e\udd23"
        },
        {
            "reply_id": "UgzF83r0XRq_Tpjom6x4AaABAg",
            "reply_content": "\u5176\u5be6\u6478\u7246\u58c1\u4e5f\u53ef\u4ee5"
        },
        {
            "reply_id": "UgyyEPKKSU2ziLQQWrB4AaABAg",
            "reply_content": "\u6709\u4eba\u5728\u6296\u97f3\u4e0a\u642c\u8fd0\u4f60\u7684\u89c6\u9891\u540d\u5b57\u4e5f\u8ddf\u4f60\u4e00\u6a21\u4e00\u6837\u6c42\u597d\u5fc3\u4eba\u5e2e\u6211\u9876\u4e0a\u53bb"
        },
        {
            "reply_id": "UgwR42oz0QQ1KvY1l854AaABAg",
            "reply_content": "\u54c8\u54c8\u54c8\u54c8\u54c8\u4e9e\u6d32\u602a\u4eba"
        },
        {
            "reply_id": "UgwIteu0CDwqngzzDER4AaABAg",
            "reply_content": "\u8981\u662f\u9019\u6a23\u53eb\u63a5\u5730\uff0c\u4f60\u5011\u76f4\u63a5\u628a\u978b\u5b50\u812b\u4e86\u4e0d\u5c31\u597d\u4e86\u3002"
        },
        {
            "reply_id": "UgyqRZy4C3-rOOrrKaF4AaABAg",
            "reply_content": "\u770b\u5b8c\u5c31\u5169\u500b\u5b57\uff1a\u86e4"
        },
        {
            "reply_id": "Ugw9zuIqKlr2wWktWq14AaABAg",
            "reply_content": "\u6668\u6668\u8ddf\u5728\u5f8c\u9762\u53ea\u662f\u5728\u770b\u8525\u8446\u7b11\u8a71~\u54c8\u54c8\u6700\u5f8c\u88ab\u6d0b\u8525\u6293\u5305\u4e86"
        },
        {
            "reply_id": "UgxzOCt_tHmEYq6ZQ9d4AaABAg",
            "reply_content": "\u80e1\u5b50\u54e5"
        },
        {
            "reply_id": "UgycwFPMmNuzu0pJE1p4AaABAg",
            "reply_content": "\u662f\u8981\u653e\u5fcd\u8853\u9084\u52a0\u4e0a\u7d50\u5370\u4e86\u55ce"
        },
        {
            "reply_id": "UgyaRu4Bv7KJcopChz94AaABAg",
            "reply_content": "\u592a\u8352\u8b2c\u4e86"
        },
        {
            "reply_id": "UgwSQdsQWTfhn2x74OF4AaABAg",
            "reply_content": "\u7b11\u6b7b"
        },
        {
            "reply_id": "Ugy6CPDOvnNehu7_cwN4AaABAg",
            "reply_content": "\u8525\uff1a\u6211\u53ea\u662f\u60f3\u5c0d\u5973\u751f\u653e\u96fb\uff0c\u8446\u54e5\u4e0d\u7528\u52a0\u5165"
        },
        {
            "reply_id": "UgxvYT0P1t2BzgDZI154AaABAg",
            "reply_content": "\u8def\u4eba\uff1a\u9019\u4eba\u602a\u602a\u7684\uff0c\u8981\u4e0d\u8981\u5831\u8b66\ud83d\ude02"
        },
        {
            "reply_id": "UgxSrypsA1_qfbpQVLV4AaABAg",
            "reply_content": "\u611f\u89ba\u5f88\u50cf\u5728\u505a\u751a\u9ebc\u5947\u602a\u7684\u5100\u5f0f"
        }
    ]
}