{
    "video_info": {
        "id": "dixTIYy4Ic4",
        "channelTitle": "Onion Man",
        "title": "Onion Man | \u670b\u53cb\u5abd\u5abd\u56e0\u5bc2\u5bde\u88ab\u9a19\u8d70200\u842c\u7684\u6545\u4e8b\uff01\u6211\u4e0d\u50bb\u6211\u53ea\u662f\u9078\u64c7\u76f8\u4fe1\uff01",
        "description": "\u4e00\u6bb5\u5bc2\u5bde\u9020\u5c31\u7684\u611b\u60c5\u6545\u4e8b....\n\n#\u4fee\u4f46\u5e7e\u52d2 \u7db2\u8def\u8cc7\u8a0a\u8a18\u5f97\u8981\u505c\u770b\u807d\uff01\n\n\u611b\u60c5\u80cc\u5f8c\u7684\u771f\u76f8\u7adf\u662f...\u300c\u5c08\u5bb6\u300d\u771f\u7684\u662f\u5c08\u5bb6\u55ce\uff1f\n\u5728\u9762\u5c0d\u7db2\u8def\u8cc7\u8a0a\u6642\u8acb\u591a\u7559\u610f\uff0c\u624d\u4e0d\u6703\u8b93\u4e0d\u5be6\u8cc7\u8a0a\u50b7\u4e86\u4f60\u7684\u771f\u5fc3\uff01\n\n\n\u3010\u8a02\u95b1\u3011\u53ca\u89c0\u770b\u6d0b\u8525\u66f4\u591a\u5f71\u7247: https://goo.gl/ijP3Eb\n\n\u5de5\u4f5c\u5408\u4f5c\uff1aonionmanwork@gmail.com\nOnion Man \u767e\u842c\u8ffd\u8e64\u7c89\u7d72\u5718:goo.gl/Z5CSvw\n\n\u6700\u65b0\u963f\u6587\u8cbc\u5716:https://reurl.cc/GxYjA\n\n\u7b2c\u4e00\u4ee3\u963f\u6587line\u8cbc\u5716:https://reurl.cc/Wroxx\n\n\u6d0b\u8525\u79c1\u751f\u6d3bIG:https://www.instagram.com/onionman__/\n\n\n\u904b\u52d5\u6f2b\u756b\u88e1\u7684\u4e2d\u4e8c\u8001\u6897\u5287\u60c5\n\u25ba\u7b2c\u4e00\u96c6:https://youtu.be/cMoV1rPH35k\n\u25ba\u7b2c\u4e8c\u96c6:https://youtu.be/iW7LM00lny0\n\u25ba\u7b2c\u4e09\u96c6:https://youtu.be/2G5wu61uCM0\n\u25ba\u7b2c\u56db\u96c6:https://youtu.be/-rP1abYv8n4\n\nOnion Man \u95dc\u9375\u5b57:\n\u4e2d\u4e8c \u80a5\u5b85 \u55ae\u8eab\u6f22 \u55ae\u8eab \u9b6f\u86c7 \u5c4c\u7d72 \u80a5\u5b85",
        "likeCount": "10260",
        "commentCount": "875",
        "viewCount": "526116"
    },
    "comments": [
        {
            "reply_id": "UgzdTcmsnwXMRsEpuWR4AaABAg",
            "reply_content": "\u6211\u670b\u53cb\u90a3\u6642\u77e5\u9053\u9084\u6253\u7d66\u5176\u4ed6\u670b\u53cb\u54ed~  \u611f\u89ba\u5979\u5abd\u8981\u91cd\u5ea6\u6182\u9b31\u75c7\u4e86\uff0c\u4ed6\u8aaa\u5be7\u9858\u5979\u628a\u9322\u62ff\u53bb\u63ee\u970d\u8cb7\u5305\u5305\uff0c\u53bb\u627e\u725b\u90ce\u559d\u9152\u82b1\u6389\n\u4e5f\u4e0d\u8981\u9019\u6a23\u88ab\u9a19\n\n\u53ea\u807d\u7d50\u8ad6\u6703\u89ba\u5f97\u5f88\u8822\uff0c\u4f46\u5982\u679c\u77e5\u9053\u807d\u5230\u904e\u7a0b\u7684\u8a71\u5176\u5be6\u6703\u89ba\u5f97\u5c0d\u65b9\u662f\u7784\u6e96\u4eba\u6027\n\u88ab\u9a19\u7684\u4eba\u4e00\u76f4\u90fd\u6709\u88ab\u9a19\u7684\u611f\u89ba\uff0c\u4f46\u5c31\u4e0d\u60f3\u6233\u7834\u5be7\u9858\u8ced\u90a3\u5fae\u5c0f\u7684\u6a5f\u7387\u662f\u771f\u7684\n\u56e0\u70ba\u771f\u7684\u6688\u8239\u6688\u5230\u7206\u6642\u5168\u4e16\u754c\u53ea\u6709\u5c0d\u65b9\u6700\u91cd\u8981\uff0c\u6211\u8eab\u70ba\u6688\u8239\u4ed4\u6211\u5f88\u53ef\u4ee5\u7406\u89e3\n\n\u7559\u8a00\u62bd10\u4f4d\u9001\u6d0b\u8525\u65b0\u8cbc\u5716(\u770b\u7576\u6708\u6700\u65b0\u70ba\u6e96)~~~"
        },
        {
            "reply_id": "UgznXtn3CAZbQdzop1Z4AaABAg",
            "reply_content": "\u60b2\u60bd"
        },
        {
            "reply_id": "UgwPgw13N4uCK7RwNO94AaABAg",
            "reply_content": "\u6211\u7684\u7d93\u9a57\u662f\u53ea\u8981\u63d0\u5230\u8981\u51fa\u9322\u7684\u90fd\u662f\u8a50\u9a19"
        },
        {
            "reply_id": "UgzuAsPO6HxEZE1nFm54AaABAg",
            "reply_content": "\u670b\u53cb\u5abd\u5abd\u524d\u5e7e\u5929\u624d\u525b\u88ab\u9a19\u4e86\u5e7e\u5341\u842c\u3001\u5c0f\u5b69\u751a\u81f3\u90fd\u6c23\u5230\u65b7\u7d55\u6bcd\u5b50\u95dc\u4fc2\u4e86\uff01\u4e00\u6a23\u8b1b\u4e0d\u807d\u3001\u5c0d\u65b9\u7167\u4e09\u9910\u5653\u5bd2\u554f\u6696\uff5e\u4e0d\u7ba1\u5bb6\u4eba\u670b\u53cb\u600e\u9ebc\u8aaa\u90fd\u4e0d\u807d\u52f8\uff01\u5f8c\u4f86\u5c0d\u65b9\u616b\u607f\u4ed6\u5abd\u53bb\u501f\u9322\uff01\u501f\u4e0d\u5230\u5f8c\u5c0d\u65b9\u76f4\u63a5\u5c01\u9396\u5f8c\u624d\u9a5a\u9192\uff01\u6c92\u932f\uff5e\u9019\uff01\u5c31\uff01\u662f\uff01\u611b\uff01\u60c5\uff01\u8a50\uff01\u9a19\uff01\u9023\u7167\u7247\u90fd\u662f\u5047\u7167\u7247\u6c92\u6709\u4e00\u6a23\u662f\u771f\u7684\uff01\u53ea\u6709\u60f3\u9a19\u9322\u9019\u4ef6\u4e8b\u662f\u771f\u7684\u2026\u2026"
        },
        {
            "reply_id": "Ugw4gVfGtoowOLxQc654AaABAg",
            "reply_content": "\u9019\u662f\u5f88\u91cd\u8981\u7684\u5ba3\u5c0e\u53cd\u8a50\u9a19\u5f71\u7247\uff0c\u6211\u5c0f\u5c0f\u8b66\u54e1\u611f\u8b1d\u6d0b\u8525\u7684\u7528\u5fc3"
        },
        {
            "reply_id": "UgxFaW95PM_eMjWvt354AaABAg",
            "reply_content": "\u771f\u597d \u5c0f\u6642\u5f8c\u6c92\u6709\u95dc\u5fc3\u6211\u5abd\u5abd\u7684\u5bc2\u5bde \u4ed6\u53bb\u4e16\u4e86\u624d\u5728\u5f8c\u6094 \u52a0\u6cb9"
        },
        {
            "reply_id": "UgzejIzXO7z9TUFlFJJ4AaABAg",
            "reply_content": "\u4e4b\u524d\u8eab\u908a\u7684\u540c\u4e8b\u5e38\u5e38\u5728fb\u83ab\u540d\u5176\u5999\u88ab\u642d\u8a15\uff0c\u60c5\u7bc0\u90fd\u5927\u540c\u5c0f\u7570\uff0c\u4f46\u591a\u5e74\u6c92\u6200\u611b\u7684\u5979\uff0c\u4e00\u958b\u59cb\u4e5f\u662f\u5824\u9632\u7684\uff0c\u6700\u5f8c\u90fd\u6703\u6dea\u9677\uff0c\u53ea\u80fd\u8aaa\u7db2\u8def\u4ea4\u53cb\u771f\u7684\u5f88\u591a\u9677\u9631\uff0c\u66f4\u4e0d\u8981\u76f8\u4fe1\u7570\u5730\u7684\uff0c\u8a50\u9a19\u771f\u7684\u5f88\u591a"
        },
        {
            "reply_id": "UgxpWAwVTeGoaUBtqft4AaABAg",
            "reply_content": "\u770b\u591a\u4e86\u4e4b\u5f8c\u5c31\u6703\u767c\u73fe\u9019\u4e9b\u6bba\u8c6c\u76e4\u8a50\u9a19\u7684\u5957\u8def\u90fd\u4e00\u6a21\u4e00\u6a23"
        },
        {
            "reply_id": "UgwM0Pm1paq21CRkox14AaABAg",
            "reply_content": "yt\u4e00\u5806\u5ee3\u544a\u90fd\u662f\u8a50\u9a19 \u5b98\u65b9\u6839\u672c\u6c92\u5728\u5be9 \u63a8\u51fa\u7cfb\u5217\u5f71\u7247\u6839\u672c\u50cf\u5c0f\u4e11"
        },
        {
            "reply_id": "Ugxo_RL5jVfaEknCF8R4AaABAg",
            "reply_content": "\u5509\u6211\u5abd\u4e5f\u2026"
        },
        {
            "reply_id": "UgyzMtjPs-0PbgL6iSp4AaABAg",
            "reply_content": "\u7db2\u8def\u591a\u8a50\u9a19\u61c9\u4ed8\u61c9\u4ed8\u5c31\u597d\uff0c\u5225\u7576\u771f\ud83d\ude0e"
        },
        {
            "reply_id": "UgyIHOpt19RrokZ5oi54AaABAg",
            "reply_content": "\u8a50\u9a19\u771f\u7684\u6b7b\u5168\u5bb6!!!\u751f\u5152\u5b50\u6c92\u5c41\u773c"
        },
        {
            "reply_id": "UgzJwzzHPArPglDcdRd4AaABAg",
            "reply_content": "\u8c46\u5976\u570b\u311f\u5929\u4e0b"
        },
        {
            "reply_id": "Ugx9KGjb8QuBeuTf9p54AaABAg",
            "reply_content": "\u73fe\u5728\u5f88\u591a\u90fd\u7b2c\u4e00\u6b65\u5c31\u628a\u9322\u9a19\u8d70\u4e86\u4e0d\u6703\u7d66\u4f60\u6709\u8cfa\u7b2c\u4e00\u7b46\u5c31\u8dd1\u7684"
        },
        {
            "reply_id": "Ugy35qV7KrQylTBlkhZ4AaABAg",
            "reply_content": "\u901a\u5e38\u73fe\u5728\u7684\u8a50\u9a19\u96c6\u5718\uff0c\u90fd\u6703\u4e00\u958b\u59cb\u8b93\u4eba\u51fa\u91d1(\u984d\u5ea6\u901a\u5e38\u5c0f\u65bc\u88ab\u5bb3\u8005\u982d\u7684\u7e3d\u984d)\uff0c\u5230\u5f8c\u9762\u6295\u5165\u9322\u7684\u6578\u76ee\u4e00\u5927\u5c31\u53ef\u80fd\u842c\u52ab\u4e0d\u5fa9\u4e86"
        },
        {
            "reply_id": "UgysM0YxqOudHuHUVk14AaABAg",
            "reply_content": "\u9084\u662f\u8001\u8a71\u4e00\u53e5\uff0c\u88ab\u8a50\u9a19\u53ea\u6709\u7b28\u8ddf\u8caa\u9084\u6709\u53c8\u7b28\u53c8\u8caa"
        },
        {
            "reply_id": "UgwpDUhggJpAaB4SuVB4AaABAg",
            "reply_content": "\u4e00\u807d\u5230\u5c0d\u65b9\u662f\u505a\u6295\u8cc7\u7684\uff0c\u7b2c\u4e00\u6642\u9593\u5c31\u60f3\u5230\u662f\u6bba\u8c6c\u76e4\u958b\ud83d\ude22"
        },
        {
            "reply_id": "UgzbhzGs4ZLlahGG9FB4AaABAg",
            "reply_content": "\u611f\u8b1d\u6d0b\u8525\u5e6b\u5fd9\u5ba3\u5c0e"
        },
        {
            "reply_id": "UgyzyJvNg24jhh-NGmR4AaABAg",
            "reply_content": "\u6d0b\u8525\u53ef\u4ee5\u63d0\u4f9b\u662f\u54ea\u500b\u7db2\u7ad9\uff0c\u5982\u679c\u7d05\u5091\u4e00\u5bb6\u4e8b\u5f8c\u5831\u8b66\u7684\u8a71\uff0c165\u5c31\u6703\u7559\u4e0b\u8a18\u9304"
        },
        {
            "reply_id": "UgyW5TcJhQsY5fHj16J4AaABAg",
            "reply_content": "\u99ac\u7684\u8a50\u9a19\u96c6\u5718\u5168\u5bb6\u6b7b\u5149\u5149\u5566\uff01"
        }
    ]
}