{
    "video_info": {
        "id": "EJYGmQSux8A",
        "channelTitle": "Onion Man",
        "title": "Onion Man | \u8ced\u535a\u5d29\u6f70\u5fc3\u7406\u6230\uff01\u4e0d\u662f\u5927\u8d0f\u5c31\u662f\u8ce0\u5230\u54ed\uff1f\u70ba\u516c\u4ed4\u72c2\u7838\u6578\u842c\uff01| \u4e00\u756a\u8cde @wei-teng",
        "description": "\u8cb7\u516c\u4ed4\u662f\u9700\u8981\u7cbe\u5bc6\u8a08\u7b97\u7684 \u4e0d\u662f\u8aaa\u8cb7\u5c31\u8cb7\u54e6\n\u8b93\u6211\u4e00\u756a\u8cde\u535a\u58eb\u6559\u6559\u4f60\n\n\u3010\u8a02\u95b1\u3011\u53ca\u89c0\u770b\u6d0b\u8525\u66f4\u591a\u5f71\u7247: https://goo.gl/ijP3Eb\n\n\u5de5\u4f5c\u5408\u4f5c\uff1aonionmanwork@gmail.com\nOnion Man \u767e\u842c\u8ffd\u8e64\u7c89\u7d72\u5718:goo.gl/Z5CSvw\n\n\u6700\u65b0\u963f\u6587\u8cbc\u5716:https://reurl.cc/GxYjA\n\n\u7b2c\u4e00\u4ee3\u963f\u6587line\u8cbc\u5716:https://reurl.cc/Wroxx\n\n\u6d0b\u8525\u79c1\u751f\u6d3bIG:https://www.instagram.com/onionman__/\n\n\n\u904b\u52d5\u6f2b\u756b\u88e1\u7684\u4e2d\u4e8c\u8001\u6897\u5287\u60c5\n\u25ba\u7b2c\u4e00\u96c6:https://youtu.be/cMoV1rPH35k\n\u25ba\u7b2c\u4e8c\u96c6:https://youtu.be/iW7LM00lny0\n\u25ba\u7b2c\u4e09\u96c6:https://youtu.be/2G5wu61uCM0\n\u25ba\u7b2c\u56db\u96c6:https://youtu.be/-rP1abYv8n4\n\nOnion Man \u95dc\u9375\u5b57:\n\u4e2d\u4e8c \u80a5\u5b85 \u55ae\u8eab\u6f22 \u55ae\u8eab \u9b6f\u86c7 \u5c4c\u7d72 \u80a5\u5b85",
        "likeCount": "11945",
        "commentCount": "1020",
        "viewCount": "557953"
    },
    "comments": [
        {
            "reply_id": "UgxKG-SiChL1wOn-0x94AaABAg",
            "reply_content": "\u62bd\u4e00\u756a\u8cde\u7576\u7136\u9760\u904b\u6c23\uff0c\u8981\u662f\u62bd\u5230j\u8cde\uff0c\u7d55\u5c0d\u5f88\u5d29\u6f70\uff0c\u62bd\u4e00\u756a\u8cde\uff0c\u662f\u5834\u6230\u722d\u3002"
        },
        {
            "reply_id": "UgwRlRGIG7FtZzDDcWJ4AaABAg",
            "reply_content": "\u611f\u89ba\u60a8\u88ab\u5e97\u5bb6\u8a50\u9a19\u554a!"
        },
        {
            "reply_id": "UgzmwIBhR9zJZy7bBDh4AaABAg",
            "reply_content": "\u5f8c\u9762\u90a3\u500b\u6b61\u6a02\u97f3\u6a02\u662f\u827e\u723e\u4e4b\u5149\u55ce"
        },
        {
            "reply_id": "UgxUFh-tFFTfL3vqIKh4AaABAg",
            "reply_content": "\u5982\u679c\u4f60\u4e00\u76f4\u53bb\u842c\u5e74\u5927\u6a13\u62bd\uff0c\u62b1\u6b49\u6c92\u6709\u904b\u6c23\u53ef\u8a00"
        },
        {
            "reply_id": "UgyHq2FjDptl-9Fm0zx4AaABAg",
            "reply_content": "\u6709\u9322\u771f\u597d"
        },
        {
            "reply_id": "UgxRG1z31FtmIpS8h8t4AaABAg",
            "reply_content": "\u6d0b\u8525\u662f\u4e0d\u662f\u53bb\u767e\u842c\u5143\u5927\u6a13\u62bd\u7684?\n\u6bcf\u6b21\u90fd\u8981\u5e36\u842c\u5143\u53bb\u5305\u5957\u7684\u5927\u6a13\n\u4f60\u53ef\u80fd\u88ab\u5e97\u5bb6\u885d\u5eb7\u4e86~\n\u885d\u5e7e\u5eb7~"
        },
        {
            "reply_id": "UgzhtKWEJaGLWA53GDl4AaABAg",
            "reply_content": "\u8525\u54e5 \u6703\u4e0d\u6703\u4f60\u9019\u6b21\u4e5f\u88ab\u5e97\u5bb6\u9a19\u4e86"
        },
        {
            "reply_id": "UgyprvXPiSLOvjgHeZ94AaABAg",
            "reply_content": "\u4e00\u5b9a\u88ab\u9a19"
        },
        {
            "reply_id": "Ugw6ovrb8ces_TKc1LN4AaABAg",
            "reply_content": "\u8525\u54e5 \u770b\u5230\u6700\u8fd1\u53cd\u9aa8\u7537\u5b69\u7684\u5f71\u7247\uff0c\u60f3\u5230\u4f60\u7684\u906d\u9047\u2026"
        },
        {
            "reply_id": "UgwIy4d8rVeyrQZfmQ14AaABAg",
            "reply_content": "\u770b\u5b8c\u5b6b\u751f\u7684\u5f71\u7247\u524d\u4f86\u5831\u5230\uff0c\u770b\u4f86\u6d0b\u8525\u7576\u6642\u662f\u9047\u5230\u6703\u85cf\u7c64\u7684\u5e97\u5bb6\u4e86\uff0c\u5957\u8def\u5e7e\u4e4e\u8ddf\u5b6b\u751f\u670b\u53cb\u9047\u5230\u7684\u5982\u51fa\u4e00\u8f4d\u3002"
        },
        {
            "reply_id": "Ugw5nLHnqDT1rWRLXdR4AaABAg",
            "reply_content": "\u770b\u5b8c\u5b6b\u751f\u7684\u5f71\u7247\u7b2c\u4e00\u500b\u5c31\u60f3\u5230\u9019\u90e8XD"
        },
        {
            "reply_id": "Ugxgz9Vo0EwHwKvypRh4AaABAg",
            "reply_content": "\u770b\u5b8c\u5b6b\u751f\u7206\u6599 \u6d0b\u8525\u641e\u4e0d\u597d\u4e5f\u9047\u5230\u4e0d\u826f\u5546\u5bb6"
        },
        {
            "reply_id": "UgxXD7FmR6IYm3WTtQV4AaABAg",
            "reply_content": "\u8525\u54e5 \u5b6b\u751f\u6709\u62cd\u4e00\u756a\u8cde\u5e97\u5bb6\u85cf\u7c64\uff0c\u4f60\u9019\u5169\u6b21\u7d93\u9a57\u6703\u4e0d\u6703\u4e5f\u662f\u9019\u6a23\u72c0\u6cc1\uff01"
        },
        {
            "reply_id": "Ugxyh5Tu5FRVaw-PkjF4AaABAg",
            "reply_content": "\u9322\u591a \u5728\u90a3\u908a\u88dd\u8667\n\u6015\u8667\u5c31\u4e0d\u6703\u62bd\u4e86"
        },
        {
            "reply_id": "UgwQl1aNv57pmR9KL-J4AaABAg",
            "reply_content": "\u8001\u95c6\uff1a\u53ef\u6190\u7684\u4eba\uff0c\u6211\u5b89\u6170\u4ed6\u4e00\u4e0b\u5427\u3002"
        },
        {
            "reply_id": "UgxbroE0aY19yVGxn8J4AaABAg",
            "reply_content": "\u7cbe\u5f69\u7cbe\u5f69"
        },
        {
            "reply_id": "Ugw4mI7DrENgeZX6GjV4AaABAg",
            "reply_content": "\u770b\u89c0\u770b\u6578\uff0c\u6210\u672c\u61c9\u8a72\u8cfa\u56de\u4f86\u4e86"
        },
        {
            "reply_id": "Ugyhz7wcq44iJyGznT14AaABAg",
            "reply_content": "\u6211\u600e\u9ebc\u597d\u50cf\u807d\u5230\u827e\u723e\u4e4b\u5149\u7684\u80cc\u666f\u97f3\u6a02 \u2026"
        },
        {
            "reply_id": "UgwF_xTK7spH_ABC4GR4AaABAg",
            "reply_content": "\u5fae\u75bc\u4eba\u8d85\u597d\ud83d\ude02"
        },
        {
            "reply_id": "Ugz7vkEu3vsMCWmvqgl4AaABAg",
            "reply_content": "\u4e4b\u524d\u53bb\u6f2b\u5c55\u62bd\u5200\u5251\u795e\u57df10\u5468\u5e74\u4e00\u756a\u8d4f\uff0c\u7ed3\u679c\u4e00\u62bd\u5c31\u62bd\u5230A\u8d4f\u4e86\u5475\u5475"
        }
    ]
}