{
    "video_info": {
        "id": "fgZWcFT5GUs",
        "channelTitle": "Onion Man",
        "title": "Onion Man | \u4f60\u66fe\u5c0d\u5144\u5f1f\u5fc3\u52d5\u904e\u55ce ?  \u4e00\u5834\u4e92\u76f8\u793a\u611b\u7684\u6fc0\u60c5\u904a\u6232\uff01 | \u771f\u5be6\u6545\u4e8b\u7cfb\u5217",
        "description": "\u5f9e\u56db\u6708\u5230\u73fe\u5728\u771f\u5be6\u767c\u751f\u7684\u5c0f\u6545\u4e8b (\u5df2\u8b1b\u958b)\n\n\u3010\u8a02\u95b1\u3011\u53ca\u89c0\u770b\u6d0b\u8525\u66f4\u591a\u5f71\u7247: https://goo.gl/ijP3Eb\n\n\u5de5\u4f5c\u5408\u4f5c\uff1aonionmanwork@gmail.com\nOnion Man \u767e\u842c\u8ffd\u8e64\u7c89\u7d72\u5718:goo.gl/Z5CSvw\n\n\u6700\u65b0\u963f\u6587\u8cbc\u5716:https://reurl.cc/GxYjA\n\n\u7b2c\u4e00\u4ee3\u963f\u6587line\u8cbc\u5716:https://reurl.cc/Wroxx\n\n\u6d0b\u8525\u79c1\u751f\u6d3bIG:https://www.instagram.com/onionman__/\n\n\n\u904b\u52d5\u6f2b\u756b\u88e1\u7684\u4e2d\u4e8c\u8001\u6897\u5287\u60c5\n\u25ba\u7b2c\u4e00\u96c6:https://youtu.be/cMoV1rPH35k\n\u25ba\u7b2c\u4e8c\u96c6:https://youtu.be/iW7LM00lny0\n\u25ba\u7b2c\u4e09\u96c6:https://youtu.be/2G5wu61uCM0\n\u25ba\u7b2c\u56db\u96c6:https://youtu.be/-rP1abYv8n4\n\nOnion Man \u95dc\u9375\u5b57:\n\u4e2d\u4e8c \u80a5\u5b85 \u55ae\u8eab\u6f22 \u55ae\u8eab \u9b6f\u86c7 \u5c4c\u7d72 \u80a5\u5b85",
        "likeCount": "21190",
        "commentCount": "1867",
        "viewCount": "1214052"
    },
    "comments": [
        {
            "reply_id": "Ugx6eS8cMb9KKReDFU94AaABAg",
            "reply_content": "\u6240\u4ee5\u8981\u7d50\u5a5a\u4e86\u6c92\u6709?"
        },
        {
            "reply_id": "UgzX1w_iF8NavUAp5WF4AaABAg",
            "reply_content": "\u963f\u6b0a\u7684\u914d\u97f3\u597d\u50cf\u963f\u557e\u7684\u5b78\u9577\ud83d\ude02"
        },
        {
            "reply_id": "UgyBA--khiMdbPWJhNd4AaABAg",
            "reply_content": "\u8ddf\u7b2c\u4e09\u4efb\u963f\u6b0a\u592a\u591a\u7cfe\u845b\u4e86\uff0c\u4e00\u76f4\u5206\u5206\u5408\u5408\u3002"
        },
        {
            "reply_id": "UgypN_7e0JvhSxD71kx4AaABAg",
            "reply_content": "\u6211\u6709\u8d85\u904e\u4e8c\u5341\u5e74\u7684\u8001\u53cb\uff0c\u4e5f\u6709\u5341\u5e7e\u5e74\u7684\u670b\u53cb\u3002\u6211\u5011\u5f9e\u4f86\u6c92\u958b\u904e\u9019\u7a2e\u73a9\u7b11....."
        },
        {
            "reply_id": "UgwxIoJ3fhRfkbdCEb14AaABAg",
            "reply_content": "\u66fe\u7d93\u4ea4\u904e\u5973\u670b\u53cb\uff0c\u672a\u5fc5\u4e0d\u559c\u6b61\u7537\u751f\uff0c\u4e5f\u662f\u53ef\u4ee5\u96d9\u6027\u6200\ud83d\ude0a\ud83d\ude0a"
        },
        {
            "reply_id": "Ugylb3yBD6Ia6iCW7v94AaABAg",
            "reply_content": "\u89aa\u5c31\u89aa\u554a \u6015\u5565"
        },
        {
            "reply_id": "UgzuqNnh9tnPUiWfUD14AaABAg",
            "reply_content": "\u963f\u6b0a\u597d\u53ef\u611b\ud83d\ude02"
        },
        {
            "reply_id": "UgxD8ZAke440axro7gx4AaABAg",
            "reply_content": "\u6211\u7562\u65c5\u7684\u968a\u8f14\u4e5f\u53eb\u5594\u6b0a"
        },
        {
            "reply_id": "UgxwV8tBsP0qpI9VoCh4AaABAg",
            "reply_content": "\u4f46\u662f\u6ca1\u6709\u4e00\u8d77\u7761\u8fc7"
        },
        {
            "reply_id": "UgwiynGeiekvV7nl13p4AaABAg",
            "reply_content": "\u6709\u73b0\u5728\u5c31\u6709"
        },
        {
            "reply_id": "UgxmXoegBI7p2irxjIR4AaABAg",
            "reply_content": "\u5047\u6232\u771f\u505a"
        },
        {
            "reply_id": "Ugyt9AiYlr4IF2g67Nl4AaABAg",
            "reply_content": "\u770b\u5169\u904d\u624d\u610f\u8b58\u5230\u597d\u50cf\u963f\u6b0a\u662f\u62f3\u723a"
        },
        {
            "reply_id": "Ugykr4zv_ZAqXAWA3eh4AaABAg",
            "reply_content": "\u70ba\u4f55\u963f\u6b0a\u7684\u8072\u97f3\u5411@\u963f\u557e\u88e1\u7684\u5b78\u9577"
        },
        {
            "reply_id": "Ugzhu9DFb3jxRJWxorB4AaABAg",
            "reply_content": "\u8d85\u597d\u7b11"
        },
        {
            "reply_id": "UgxoKDTNft0LGDxXy754AaABAg",
            "reply_content": "\u7537\u4e0a\u52a0\u7537\ud83d\ude05"
        },
        {
            "reply_id": "Ugx1e6_tf71ObIJq7ht4AaABAg",
            "reply_content": "\u963f\u6b0a\u597d\u5e25"
        },
        {
            "reply_id": "Ugytk9oPS9tFRPknVQx4AaABAg",
            "reply_content": "\u731b\u7136\u770b\u5230\u9019\u96c6\n\u6211\u600e\u9ebc\u55ae\u8eab\u7684\u6642\u5019\uff0c\u5144\u5f1f\u90fd\u53eb\u6211\u5e6b\u5fd9\u9001\u4fdd\u96aa\u5957 \u5e79\u4f60\u8001\u5e2b"
        },
        {
            "reply_id": "Ugzk1s7YZioQlfMfYfV4AaABAg",
            "reply_content": "\u62f3\u723a"
        },
        {
            "reply_id": "UgxJUKSApluXQFp-9tB4AaABAg",
            "reply_content": "\u54c8\u54c8\u54c8 \u592a\u8b9a\u4e86"
        },
        {
            "reply_id": "UgwwmRMKBHB2nSS7jiF4AaABAg",
            "reply_content": "\u963f\u6b0a\u914d\u97f3\u597d\u50cf\u5b78\u9577"
        }
    ]
}