{
    "video_info": {
        "id": "fntNW3W-q7k",
        "channelTitle": "Onion Man",
        "title": "Onion Man |  \u4ee4\u7537\u4eba\u77ac\u9593\u6688\u721b\u7684\u4e03\u5927\u8d85\u5a46\u8209\u52d5\uff01\u653e\u4efb\u7537\u53cb\u71ac\u591c\u6253\u96fb\u52d5\uff1f \u592a\u8208\u596e\u5566\uff01 \u5a46\u7206\u5566\uff01",
        "description": "\u4ee4\u7537\u751f\u6688\u8239\u6688\u7206\uff0c\u77ac\u9593\u60f3\u5a36\u7684\u5a46\u7206\u884c\u70ba\uff01 \n\n\u6700\u300c\u5de8\u300d\u4eba\u5fc3\u5a46\u7cfb\u7b56\u7565\u5361\u724cRPG\u624b\u904a\u300e\u7dcb\u7d05\u7684\u795e\u7d04 Echocalypse\u300f\uff01\n\u2666\ufe0f\u5de8\uff01\u7121\u640d\u63db\u5a46\uff01\u73fe\u5728\u4e0b\u8f09\u5c31\u9001\u4e3b\u89d2\u9650\u5b9a\u9020\u578b\u53ca\u6307\u5b9aSSR\u89d2\u8272\u5957\u7d44 \n\u2666\ufe0f\u5373\u523b\u9032\u5165\u672b\u65e5\u4e16\u754c\u76f8\u9047\u7378\u5a18\uff1ahttps://yzdpjgametw.onelink.me/xmA1/r2awk4wd\n\u2666\ufe0f\u95dc\u6ce8\u300e\u7dcb\u7d05\u7684\u795e\u7d04 Echocalypse\u300f\u7c89\u5c08\uff0c\u53f0\u670d7\u5929\u9650\n\n\u3010\u8a02\u95b1\u3011\u53ca\u89c0\u770b\u6d0b\u8525\u66f4\u591a\u5f71\u7247: https://goo.gl/ijP3Eb\n\n\u5de5\u4f5c\u5408\u4f5c\uff1aonionmanwork@gmail.com\nOnion Man \u767e\u842c\u8ffd\u8e64\u7c89\u7d72\u5718:goo.gl/Z5CSvw\n\n\u6700\u65b0\u963f\u6587\u8cbc\u5716:https://reurl.cc/GxYjA\n\n\u7b2c\u4e00\u4ee3\u963f\u6587line\u8cbc\u5716:https://reurl.cc/Wroxx\n\n\u6d0b\u8525\u79c1\u751f\u6d3bIG:https://www.instagram.com/onionman__/\n\n\n\u904b\u52d5\u6f2b\u756b\u88e1\u7684\u4e2d\u4e8c\u8001\u6897\u5287\u60c5\n\u25ba\u7b2c\u4e00\u96c6:https://youtu.be/cMoV1rPH35k\n\u25ba\u7b2c\u4e8c\u96c6:https://youtu.be/iW7LM00lny0\n\u25ba\u7b2c\u4e09\u96c6:https://youtu.be/2G5wu61uCM0\n\u25ba\u7b2c\u56db\u96c6:https://youtu.be/-rP1abYv8n4\n\nOnion Man \u95dc\u9375\u5b57:\n\u4e2d\u4e8c \u80a5\u5b85 \u55ae\u8eab\u6f22 \u55ae\u8eab \u9b6f\u86c7 \u5c4c\u7d72 \u80a5\u5b85",
        "likeCount": "7253",
        "commentCount": "550",
        "viewCount": "411539"
    },
    "comments": [
        {
            "reply_id": "UgzrT2tJdheTqKTvwQN4AaABAg",
            "reply_content": "\u73cd\u73cd\u70b8\u96de\u817f\u5403\u7206"
        },
        {
            "reply_id": "Ugxls0KINUf8j6t5RCN4AaABAg",
            "reply_content": "\u7a81\u7136\u770b\u5230\u4e0d\u50cf\u6b63\u5e38\u4eba\u7684\u89d2\u8272\u5c31\u77e5\u9053\u8981\u696d\u914d\u4e86"
        },
        {
            "reply_id": "UgwwnFYvOMM2wA_VOG54AaABAg",
            "reply_content": "\u6765\u4e00\u96c6\u4ee5\u5973\u751f\u89d2\u5ea6\u7684\u516c\u7206\u884c\u4e3a\u597d\u5417\uff1f"
        },
        {
            "reply_id": "Ugye5LJJnHj9fr6eAdl4AaABAg",
            "reply_content": "\u6668\u6668\u51fa\u570b\u6688\u6a5f\u5728\u6a5f\u5834\u5410\u4e86\uff0c\u8d95\u5feb\u53eb\u677e\u9f20\u627e\u6d0b\u8525\u4f86\uff0c\u56e0\u70ba\u9019\u500b\u7d20\u6750\u8981\u7d66\u6d0b\u8525\u7528\n\u5a46\u7206"
        },
        {
            "reply_id": "UgwupxbeboDw_cUuSzh4AaABAg",
            "reply_content": "\u5a5a\u524d\u89ba\u5f97\u662f\u512a\u9ede\uff0c\u5a5a\u5f8c\u5c31\u8b8a\u7f3a\u9ede\u4e86\u5566\uff01\u4f8b\u5982\u6211\u5305\u5305\u88e1\u4ec0\u9ebc\u90fd\u6709\uff0c\u6211\u8001\u516c\u5c31\u4e00\u76f4\u5acc\u6211\u51fa\u9580\u5c31\u8981\u80cc\u5305\u5305\uff0c\u4e00\u9ede\u90fd\u4e0d\u8f15\u4fbf\uff0c\u4ed6\u9084\u628a\u4ed6\u7684\u6771\u897f\u585e\u6211\u9019\uff0c\u53c8\u4e0d\u662f\u4ed6\u5728\u80cc\uff0c\u4f54\u6211\u4fbf\u5b9c\u9084\u5acc"
        },
        {
            "reply_id": "UgwootwaKIv9zLpuC5t4AaABAg",
            "reply_content": "\u770b\u5230\u5a46\u7206\u4e86\u5c31\u77e5\u9053\u4e00\u5b9a\u6709\u696d\u914d"
        },
        {
            "reply_id": "UgwXQUTFY3QARWOFuzV4AaABAg",
            "reply_content": "\u963f\u6587\uff0c\u600e\u9ebc\u8acb\u5927\u5bb6\u5403\u5317\u6b50\u9bad\u9b5a\u554a\uff1aD"
        },
        {
            "reply_id": "UgzfvM3IUQ3CNWfPeiR4AaABAg",
            "reply_content": "\u6240\u6709\u5a46\u9ede\u6211\u90fd\u6709\uff0c\u4f46\u662f\u6211\u662f\u7537\u751f\uff1d\uff1d"
        },
        {
            "reply_id": "Ugyo6baOjNlZ2R9o-LB4AaABAg",
            "reply_content": "\u8b80\u66f8\u8b80\u5230\u58d3\u529b\u5f88\u5927 \u770b\u5230\u6d0b\u8525\u7684\u5f71\u7247\u5fc3\u60c5\u653e\u9b06\u591a\u4e86\u55da\u55da\u55da\u55da\ud83e\udd79\u8b1d\u8b1d\u6ce5"
        },
        {
            "reply_id": "UgxueKtXq_x9Pcyq5kR4AaABAg",
            "reply_content": "\u5305\u5305\u653e\u51b0\u7bb1\uff1f"
        },
        {
            "reply_id": "UgwLILgk48A7mZACW-J4AaABAg",
            "reply_content": "\u597d\u4e86\u5566!\u6211\u5011\u90fd\u77e5\u9053\u662f\u860b\u4e86"
        },
        {
            "reply_id": "Ugx7dlD3ABzuSx1Ma714AaABAg",
            "reply_content": "\u6709\u6c92\u6709\u516c\u7206\u9019\u500b\u8a5e"
        },
        {
            "reply_id": "UgwLb6B9GNoHgOBZZft4AaABAg",
            "reply_content": "\u7b2c\u4e09\u9ede\u771f\u7684\u5a46\u7206\u7206\u7206\u7206   \u6bd4\u96a8\u4fbf\u7136\u5f8c\u518d\u5426\u6c7a\u6211\u4e0d\u8981 \u597d\u5343\u842c\u500d"
        },
        {
            "reply_id": "UgyQqfmF2jGR808Zgfd4AaABAg",
            "reply_content": "\u597d\u559c\u6b61\u6d0b\u8525\u7528\u91d1\u679d\u7389\u8449\u7684\u97f3\u6a02"
        },
        {
            "reply_id": "UgwNZlelIduvwdZ1eU14AaABAg",
            "reply_content": "\u78ba\u5b9a\u662f\u5a46\u7206\u55ce\uff1f\u611f\u89ba\u662f\u662f\u5abd\u7206"
        },
        {
            "reply_id": "UgxfmHIvJ0W8_o5PjbN4AaABAg",
            "reply_content": "\u7167\u9867\u7537\u4eba\u7684\u9762\u5b50\u548c\u5176\u5b83\u539f\u56e0\u90fd\u5f88\u8a8d\u540c\n\u4f46\u5305\u5305\u6709\u7121\u9650\u53ef\u80fd\u7684\u5973\u6027\u2026\u9019\u500b\u2026 \n\u6211\u5b8c\u5168\u4e0d\u60f3\u88ab\u7537\u751f\u767c\u300c\u6709\u59b3\u5be6\u5728\u592a\u65b9\u4fbf~~ \u300d\u7684\u5a46\u7206\u5361\u554a"
        },
        {
            "reply_id": "UgzAZf0vlmPrixgL3nF4AaABAg",
            "reply_content": "\u6703\u9ed8\u9ed8\u6e96\u5099\u4f60\u559c\u6b61\u5403\u7684\u6771\u897f\n\u907f\u958b\u4f60\u4e0d\u559c\u6b61\u5403\u7684\n\u6703\u56e0\u70ba\u4f60\u559c\u6b61\u800c\u52a0\u5165\u6253\u904a\u6232\u884c\u5217"
        },
        {
            "reply_id": "UgzrcMwKh1G3hPmf5194AaABAg",
            "reply_content": "\u50cf\u65e9\u5ddd\u79cb\u9019\u7a2e\u6703\u6d17\u8863\u716e\u98ef\u7d30\u5fc3\u7167\u9867\u5f8c\u8f29\u7684\u6696\u7537\u4e5f\u662f...\u5a46\u7206\uff01\uff01\uff01"
        },
        {
            "reply_id": "UgwP_Bsm6kgtlq50eal4AaABAg",
            "reply_content": "\u53ea\u6709\u4e00\u77ac\u9593\u9a19\u5230\u4f60"
        },
        {
            "reply_id": "UgzgeUzUhd3O2vH611R4AaABAg",
            "reply_content": "\u9019\u5c31\u662f\u4e00\u500b\u76ae\u505a\u7684\u5f88\u597d\u770b\u7684\u63db\u76ae\u904a\u6232,\u63a8\u85a6\u53bb\u73a9\u660e\u65e5\u65b9\u821f"
        }
    ]
}