{
    "video_info": {
        "id": "gB9_iM0UPts",
        "channelTitle": "Onion Man",
        "title": "Onion Man | \u751c\u871c\u7684\u8b0a\u8a00\uff01\u8b93\u6d0b\u8525\u75db\u54ed\u6d41\u6d95\u7684\u4eba\u751f\u4e03\u5927\u611f\u52d5\u6642\u523b (\u4e8c)\uff01",
        "description": "\u611f\u4eba\u80ba\u8151\u7684\u6545\u4e8b\u518d\u6dfb\u4e00\u6a01\n\n\u3010\u8a02\u95b1\u3011\u53ca\u89c0\u770b\u6d0b\u8525\u66f4\u591a\u5f71\u7247: https://goo.gl/ijP3Eb\n\n\u5de5\u4f5c\u5408\u4f5c\uff1aonionmanwork@gmail.com\nOnion Man \u767e\u842c\u8ffd\u8e64\u7c89\u7d72\u5718:goo.gl/Z5CSvw\n\n\u6700\u65b0\u963f\u6587\u8cbc\u5716:https://reurl.cc/GxYjA\n\n\u7b2c\u4e00\u4ee3\u963f\u6587line\u8cbc\u5716:https://reurl.cc/Wroxx\n\n\u6d0b\u8525\u79c1\u751f\u6d3bIG:https://www.instagram.com/onionman__/\n\n\n\u904b\u52d5\u6f2b\u756b\u88e1\u7684\u4e2d\u4e8c\u8001\u6897\u5287\u60c5\n\u25ba\u7b2c\u4e00\u96c6:https://youtu.be/cMoV1rPH35k\n\u25ba\u7b2c\u4e8c\u96c6:https://youtu.be/iW7LM00lny0\n\u25ba\u7b2c\u4e09\u96c6:https://youtu.be/2G5wu61uCM0\n\u25ba\u7b2c\u56db\u96c6:https://youtu.be/-rP1abYv8n4\n\nOnion Man \u95dc\u9375\u5b57:\n\u4e2d\u4e8c \u80a5\u5b85 \u55ae\u8eab\u6f22 \u55ae\u8eab \u9b6f\u86c7 \u5c4c\u7d72 \u80a5\u5b85",
        "likeCount": "7578",
        "commentCount": "746",
        "viewCount": "404078"
    },
    "comments": [
        {
            "reply_id": "UgzQjj5Xaz5FC_COdkt4AaABAg",
            "reply_content": "\u6211\u4e5f\u53ef\u4ee5\u5f9e\u6843\u5712\u53bb\u627e\u4f60\u5403\u98ef\u554a\ud83e\udd79"
        },
        {
            "reply_id": "Ugxmv2YLne7v-2YukZt4AaABAg",
            "reply_content": "\u91d1\u9b5a\u8166\u8ddf\u6d0b\u8525\u662f\u4e0d\u662f\u6709\u4e00\u6bb5\u611f\u60c5\uff1f"
        },
        {
            "reply_id": "UgwIjI5nXbkgNrrpbpd4AaABAg",
            "reply_content": "\u6240\u4ee5\u6d0b\u8525\u7684\u5305\u76ae\u771f\u7684\u9577\u55ce\uff1f\ud83d\ude02"
        },
        {
            "reply_id": "UgwW8bIZQFqK-5SiszZ4AaABAg",
            "reply_content": "\u6d0b\u8525\u7210"
        },
        {
            "reply_id": "UgzeHtxAj3NOiQQdpgl4AaABAg",
            "reply_content": "\u5ba4\u53cb\u662f\u62f3\u723a"
        },
        {
            "reply_id": "UgzpYSpmLK3-hzLKpb94AaABAg",
            "reply_content": "\u771f\u7684\u5b8c\u5168\u61c2\u4f4f\u6843\u5712\u537b\u7e3d\u662f\u88ab\u7d04\u53f0\u5317\u7684\u611f\u89ba\uff0c\u771f\u7684\u5f88\u9060 \u53c8\u5f88\u64e0\uff0c\u4f86\u6843\u5712\u591a\u597d\uff0c\u53f0\u5317\u5f88\u591a\u5e97 \u6843\u5712\u4e5f\u6709\u554a\u554a\u554a\u554a"
        },
        {
            "reply_id": "Ugxzn9UM1AzD13_QNjt4AaABAg",
            "reply_content": "\u6709\u827e\u871c\u8389\u6b38"
        },
        {
            "reply_id": "UgxMhStQPBx9xP-KlWt4AaABAg",
            "reply_content": "\u8be5\u4e0d\u4f1a\u6d0b\u8471\u7684\u771f\u540d\u662f \u5f6d\u4f59\u664f\uff1f"
        },
        {
            "reply_id": "Ugw94912-SUjK1ksu6d4AaABAg",
            "reply_content": "\u5514\u77e5\u9ede\u89e3\u6b21\u6b21\u6d0b\u8525\u611f\u52d5\u90fd\u597d\u60f3\u7b11,\u52a0\u6cb9"
        },
        {
            "reply_id": "UgzFEGPOG5fMUp7nM_V4AaABAg",
            "reply_content": "\u6d0b\u8525\u771f\u7684\u662f\u8d85\u7d30\u5fc3\u7684\u4eba"
        },
        {
            "reply_id": "Ugw6iChNe8VGmAQjM9l4AaABAg",
            "reply_content": "\u6211\u6bcf\u6b21\u53bb\u6843\u5712\u4f60\u90fd\u6c92\u7a7aww"
        },
        {
            "reply_id": "Ugzn7cd2SJhHYsqqX1V4AaABAg",
            "reply_content": "\u3002\u3002\u3002\u3002\u56e0\u4e3a\u611f\u60c5\u4e0d\u987a\uff0c\u6240\u4ee5\u62fc\u547d\u5de5\u4f5c\u8d5a\u4e86\u5f88\u591a\u94b1\uff0c\u679c\u7136\u662f\u7a77\u5f97\u53ea\u5269\u4e0b\u94b1\u4e86"
        },
        {
            "reply_id": "UgxZCaipnH9HD78zKdZ4AaABAg",
            "reply_content": "45\u5206\u949f\u8f66\u7a0b\u90a3\u4e48\u611f\u52a8\uff1f\u90fd\u4e0d\u8db3\u5728\u5317\u4eac\u6bcf\u5929\u4e0a\u4e0b\u73ed\u65f6\u95f4\u7684\u4e00\u534a\uff0c\u6709\u4e9b\u4eba\u6bcf\u5929\u82b1\u4e24\u4e09\u4e2a\u5c0f\u65f6\u901a\u52e4"
        },
        {
            "reply_id": "Ugy_zulwH0g6J_LO9f94AaABAg",
            "reply_content": "\u6d0b\u8525\u4f60\u7684\u8863\u670d\u54ea\u6015\u662f\u4e0d\u597d\u7684\u6211\u4e5f\u5f88\u60f3\u8981\u6b38"
        },
        {
            "reply_id": "Ugx70iSq4acDoKRc93Z4AaABAg",
            "reply_content": "\u6d0b\u8525\u771f\u7684\u662f\u4e00\u500b\u5f88\u7d30\u5fc3\u7d30\u81a9\u7684\u4eba\n\u5c0d\u8eab\u908a\u7684\u4eba\u4e5f\u662f\uff5e\uff5e"
        },
        {
            "reply_id": "Ugw7FzfwXMHeSXuenst4AaABAg",
            "reply_content": "\u6c92\u8ddf\u5230\u8525\u54e5\u7b2c\u4e00\u6b21\u505a\u8863\u670d\u771f\u7684\u662f\u5931\u7b56\n\u4e26\u4e0d\u662f\u8caa\u5716\u51fa\u72c0\u6cc1\u5f8c\u7684\u90a3\u4e9b\u8d08\u54c1\n\u55ae\u7d14\u7576\u4e0b\u6c92\u6709\u80fd\u529b\u8cfc\u8cb7\uff0c\u56de\u60f3\u8d77\u4f86\u771f\u662f\u5f8c\u6094\u22ef\ud83d\ude2d\u72e0\u89d2\u8272\u8ddf\u721b\u547d\u4e00\u689d\u554a\u554a\u554a\u554a\uff5e"
        },
        {
            "reply_id": "Ugwb3OAUQFcMReAbGMB4AaABAg",
            "reply_content": "\u87d1\u8782\u7247\u6bb5\u771f\u7684\u611f\u52d5\u5230\u54ed"
        },
        {
            "reply_id": "UgwLbfosBWaeGLB00Fx4AaABAg",
            "reply_content": "\u8525\u54e5\u7684\u5f71\u7247\u5c31\u662f\u770b\u4e0d\u81a9"
        },
        {
            "reply_id": "Ugxh87dr2eLYjmuVfEV4AaABAg",
            "reply_content": "\u5f6d\u4e8e\u664f\u4e0d\u6392\u9664\u63d0\u544a"
        },
        {
            "reply_id": "Ugy4woCSXj7awMsGTcR4AaABAg",
            "reply_content": "\u5831\u5ee2\u7684\u8863\u670d\u611f\u89ba\u53ef\u4ee5\u505a\u6210\u62b1\u6795\uff1f"
        }
    ]
}