{
    "video_info": {
        "id": "h0tts-iZGIE",
        "channelTitle": "Onion Man",
        "title": "Onion Man | \u76e4\u9ede\u6d0b\u85252022\u5341\u5927\u7db2\u8cfc\u5783\u573e\uff01\u6bcf\u6708\u7292\u8cde\u81ea\u5df1\u7684\u734e\u52f5  | \u7d13\u89e3\u58d3\u529b\u5927\u6cd5\uff01",
        "description": "\u8cb7\u6771\u897f\u503c\u4e0d\u503c\u5f97 \u5b8c\u5168\u53d6\u6c7a\u4f60\u7684\u5fc3\n\u6240\u4ee5\u5225\u56e0\u70ba\u65c1\u4eba\u8aaa\u4f60\u7684\u6536\u85cf\u662f\u5783\u573e\u5c31\u505c\u6b62\u82b1\u9322\u54e6\n\n\u3010\u8a02\u95b1\u3011\u53ca\u89c0\u770b\u6d0b\u8525\u66f4\u591a\u5f71\u7247: https://goo.gl/ijP3Eb\n\n\u5de5\u4f5c\u5408\u4f5c\uff1aonionmanwork@gmail.com\nOnion Man \u767e\u842c\u8ffd\u8e64\u7c89\u7d72\u5718:goo.gl/Z5CSvw\n\n\u6700\u65b0\u963f\u6587\u8cbc\u5716:https://reurl.cc/GxYjA\n\n\u7b2c\u4e00\u4ee3\u963f\u6587line\u8cbc\u5716:https://reurl.cc/Wroxx\n\n\u6d0b\u8525\u79c1\u751f\u6d3bIG:https://www.instagram.com/onionman__/\n\n\n\u904b\u52d5\u6f2b\u756b\u88e1\u7684\u4e2d\u4e8c\u8001\u6897\u5287\u60c5\n\u25ba\u7b2c\u4e00\u96c6:https://youtu.be/cMoV1rPH35k\n\u25ba\u7b2c\u4e8c\u96c6:https://youtu.be/iW7LM00lny0\n\u25ba\u7b2c\u4e09\u96c6:https://youtu.be/2G5wu61uCM0\n\u25ba\u7b2c\u56db\u96c6:https://youtu.be/-rP1abYv8n4\n\nOnion Man \u95dc\u9375\u5b57:\n\u4e2d\u4e8c \u80a5\u5b85 \u55ae\u8eab\u6f22 \u55ae\u8eab \u9b6f\u86c7 \u5c4c\u7d72 \u80a5\u5b85",
        "likeCount": "9147",
        "commentCount": "998",
        "viewCount": "651174"
    },
    "comments": [
        {
            "reply_id": "Ugw88hv82k4Sokf8aKl4AaABAg",
            "reply_content": "\u6211\u4eba\u5728\u5916\uff0c\u4eca\u5929\u7121\u6cd5\u8ddf\u5927\u5bb6\u4e00\u8d77\u76f4\u64ad\n\u5927\u5bb6\u7559\u8a00\u8cb7\u904e\u6700\u7121\u7528\u7684\u7db2\u8cfc\u7528\u54c1\n\u62bd10\u4f4d\u9001\u6d0b\u8525\u8868\u60c5\u8cbc+\u535a\u921eline\u4e3b\u984c"
        },
        {
            "reply_id": "Ugyr8akR_ufnLoR5w1t4AaABAg",
            "reply_content": "\u6d0b\u8525\u7528\u4e0d\u8981\u7684\u6771\u897f\u8ce3\u7684\u8a71\u6211\u5168\u6536"
        },
        {
            "reply_id": "UgxHQHWUdg-fA105w2F4AaABAg",
            "reply_content": "\u6c92\u6709\u56db\u9a45\u8eca\uff0c\u6211\u89ba\u5f97\u4e0d\u884c"
        },
        {
            "reply_id": "UgwBUC1kjb0d__dwmAJ4AaABAg",
            "reply_content": "\u54c8\u5229\u6ce2\u7279\u53ea\u770b\u958b\u982d\u8ddf\u7d50\u5c3e\u662f\u600e\u6a23\ud83e\udd23"
        },
        {
            "reply_id": "UgzD6zmVxmsxj6dQp0R4AaABAg",
            "reply_content": "\u6d0b\u8525\u53ea\u8981\u63d0\u9ad8\u62f3\u64ca\u7684\u9020\u8a63\uff0c\u665a\u4e0a\u7368\u81ea\u5728\u5bb6\u767c\u51fa\u898f\u5f8b\u7684\u556a\u556a\u556a\uff0c\u5c31\u53ef\u4ee5\u8b93\u9130\u5c45\u4ee5\u70ba\u4f60\u812b\u9b6f\u4e86\uff0c\u771f\u662f\u500b\u5be6\u7528\u7684\u6771\u897f"
        },
        {
            "reply_id": "Ugz7Y8-6YK8GFGlf6o14AaABAg",
            "reply_content": "\u8fd9\u9752\u773c\u767d\u9f99\u4e0d\u9519\u54e6"
        },
        {
            "reply_id": "UgxrkIkrDPVGxkNEH2x4AaABAg",
            "reply_content": "\u63a8\u91d1\u5e63\u6a5f\u61c9\u8a72\u8981\u8cb7\u87a2\u5e55\u53ef\u4ee5\u6253\u958b\u7684 \u4e0d\u77e5\u9053\u8766\u76ae\u627e\u4e0d\u627e\u7684\u5230 \u4f86\u53bb\u627e\u627e\ud83d\ude02"
        },
        {
            "reply_id": "UgwECmvalzoDSGDPBmJ4AaABAg",
            "reply_content": "\u5929\u54ea\uff0c\u9019\u6211"
        },
        {
            "reply_id": "UgzgPtStAHCRXsSgc4N4AaABAg",
            "reply_content": "\u501f\u652f\u624b\u9336\u6234\u6234\u5427 \u6d0b\u8525"
        },
        {
            "reply_id": "UgyFw2I2vDGcLzqBCbF4AaABAg",
            "reply_content": "\u6c92\u8cb7\u56db\u9a45\u8eca\u55ce\uff1f"
        },
        {
            "reply_id": "UgxuT47-SLj5DiQuFgp4AaABAg",
            "reply_content": "\u63a8\u9322\u6a5f\u771f\u7684\u5ee2"
        },
        {
            "reply_id": "UgwvPzu0xwV8nOog6Y14AaABAg",
            "reply_content": "\u6d0b\u8525\u7684\u90a3\u500b\u516c\u5712\u662f\u7c21\u6613\u5427"
        },
        {
            "reply_id": "UgxDV5wZRCpkbD3ODvh4AaABAg",
            "reply_content": "\u660e\u660e\u5c31\u5f88\u7626\u963f"
        },
        {
            "reply_id": "Ugw404rsHsICAKO_1jR4AaABAg",
            "reply_content": "\u9019\u5962\u4f88\u7684\u5a1b\u6a02\u4e0d\u9069\u5408\u6211\u5462\ud83e\udd72"
        },
        {
            "reply_id": "Ugyr16BHjWZIK3PA3Jt4AaABAg",
            "reply_content": "\u6211\u9084\u6eff\u559c\u6b61\u90a3\u500b\u96f6\u9322\u5206\u985e\u6a5f  \u53ef\u80fd\u6703\u53bb\u8cb7"
        },
        {
            "reply_id": "UgwJPL_fRb-D1AtvWtB4AaABAg",
            "reply_content": "\u7a81\u7136\u89ba\u5f97\u518d\u5e7e\u5e74\u6d0b\u8525\u7db2\u8cfc\u4e0b\u53bb\u61c9\u8a72\u80fd\u8cb7\u623f\u5b50\u4e86\u5594\u2026"
        },
        {
            "reply_id": "Ugz34PPO-zwzxmqzVRB4AaABAg",
            "reply_content": "\u6211\u4e5f\u559c\u6b22\u9f99\u73e0"
        },
        {
            "reply_id": "UgyNzOVMRxufuVqNgQV4AaABAg",
            "reply_content": "\u90a3\u500b\u9f3b\u6bdb\u526a\u96f7"
        },
        {
            "reply_id": "UgzxyG8cW9TFWaH0DYl4AaABAg",
            "reply_content": "\u4ec0\u9ebc\u6d0b\u828b\u7247\uff0c\u591a\u529b\u591a\u6ecb\u90fd\u80fd\u5403\uff0c\u90a3\u7a2e\u9ebb\u8fa3\u96f6\u98df\u5805\u6c7a\u4e0d\u80fd\u78b0"
        },
        {
            "reply_id": "UgznfCQ2K1DXT5mdGrJ4AaABAg",
            "reply_content": "\u4f60\u7684\u670b\u53cb\u662f\u963f\u865f\u55ce\uff1f"
        }
    ]
}