{
    "video_info": {
        "id": "HmMFDeEGgh0",
        "channelTitle": "Onion Man",
        "title": "\u300c\u8d85\u7d1a\u80a5\u5b85\u4eba\uff1a\u767e\u842c\u9802\u4e0a\u6230\u722d\u300dHD\u6b63\u5f0f\u9810\u544a | Onion Man",
        "description": "\u660e\u665a9~10\u9ede\u767c\u5e03\n\u6b63\u7bc7\u8acb\u770b:https://www.youtube.com/watch?v=IvgbDNfUtxo&ab_channel=OnionMan\n\u524d\u4e09\u96c6\u8acb\u770b\u9023\u7d50\n20\u842c\u8a02\u95b1:https://www.youtube.com/watch?v=pcrQAvHdD_g&ab_channel=OnionMan\n60\u842c\u8a02\u95b1:https://www.youtube.com/watch?v=q77dzGP0kLE&ab_channel=OnionMan\n80\u842c\u8a02\u95b1:https://www.youtube.com/watch?v=rIhUQ-IZzGs&ab_channel=OnionMan\n\n\u3010\u8a02\u95b1\u3011\u53ca\u89c0\u770b\u6d0b\u8525\u66f4\u591a\u5f71\u7247: https://goo.gl/ijP3Eb\n\n\u5de5\u4f5c\u5408\u4f5c\uff1aonionmanwork@gmail.com\nOnion Man \u767e\u842c\u8ffd\u8e64\u7c89\u7d72\u5718:goo.gl/Z5CSvw\n\n\u6700\u65b0\u963f\u6587\u8cbc\u5716:https://reurl.cc/GxYjA\n\n\u7b2c\u4e00\u4ee3\u963f\u6587line\u8cbc\u5716:https://reurl.cc/Wroxx\n\n\u6d0b\u8525\u79c1\u751f\u6d3bIG:https://www.instagram.com/onionman__/\n\n\n\u904b\u52d5\u6f2b\u756b\u88e1\u7684\u4e2d\u4e8c\u8001\u6897\u5287\u60c5\n\u25ba\u7b2c\u4e00\u96c6:https://youtu.be/cMoV1rPH35k\n\u25ba\u7b2c\u4e8c\u96c6:https://youtu.be/iW7LM00lny0\n\u25ba\u7b2c\u4e09\u96c6:https://youtu.be/2G5wu61uCM0\n\u25ba\u7b2c\u56db\u96c6:https://youtu.be/-rP1abYv8n4\n\nOnion Man \u95dc\u9375\u5b57:\n\u4e2d\u4e8c \u80a5\u5b85 \u55ae\u8eab\u6f22 \u55ae\u8eab \u9b6f\u86c7 \u5c4c\u7d72 \u80a5\u5b85",
        "likeCount": "6039",
        "commentCount": "523",
        "viewCount": "241336"
    },
    "comments": [
        {
            "reply_id": "UgwDtuAeGjqe0hX3LyZ4AaABAg",
            "reply_content": "\u6d0b\u8525\u7684\u5f71\u7247\uff0c\u5f9e\u570b\u4e00\u770b\u5230\u9ad8\u4e09\uff0c\u6574\u6574\u966a\u6211\u6bcf\u500b\u9752\u6625"
        },
        {
            "reply_id": "Ugx9zjPhIR9Wn22GVER4AaABAg",
            "reply_content": "\u6709\u5546\u6a5f"
        },
        {
            "reply_id": "UgxWzfqFI_JUMUJ-t7N4AaABAg",
            "reply_content": "\u660e\u660e\u5df2\u7ecf\u5230\u8fbe\u4e00\u767e\u4e07\u8ba2\u9605\u8fd9\u4e48\u4e45\u624d\u505a\uff0c\u6d0b\u8471\u679c\u7136\u662f\u4e2a\u72e0\u89d2\u8272"
        },
        {
            "reply_id": "Ugy8RZ_F0W3jx6CA4494AaABAg",
            "reply_content": "\u7ecf\u8d39\u7206\u70b8\ud83d\udca5"
        },
        {
            "reply_id": "UgymjZE927jEDi_wPct4AaABAg",
            "reply_content": "\u6d41\u66a2\u5ea6\u7684\u9032\u6b65\u6709\u76ee\u5171\u7779\ud83d\udc4d"
        },
        {
            "reply_id": "Ugync7ooMS1Mc4PDH414AaABAg",
            "reply_content": "\u6eff\u6eff\u7684\u7d93\u5178\u52d5\u6f2b\u96fb\u5f71\u52d5\u4f5c\u8ddf\u904b\u93e1\uff01"
        },
        {
            "reply_id": "UgyGG8Kr8pXEU5r378h4AaABAg",
            "reply_content": "\u5225\u963f  \u600e\u9ebc\u662f\u6700\u7d42\u7ae0"
        },
        {
            "reply_id": "Ugwa_NXdVMv-O3-nuSF4AaABAg",
            "reply_content": "\u963f\u6ef4\u8d85\u660e\u986f \u8521\u54e5\u6709\u5920\u50cf\ud83e\udd23"
        },
        {
            "reply_id": "UgwpEd9qgAkVUvJ4DoF4AaABAg",
            "reply_content": "\u671f\u5f85\u5343\u842c\u8a02\u95b1\u7684"
        },
        {
            "reply_id": "UgycfN2wQNyCtBwQGod4AaABAg",
            "reply_content": "\u6d0b\u8525\u65b0\u5e74\u5feb\u6a02"
        },
        {
            "reply_id": "Ugw8tpWFN7DsGbQ6m6F4AaABAg",
            "reply_content": "\u8fd8\u4ee5\u4e3a\u4f60\u597d\u57fa\u53cb\u8349\u7237 \u4f1a\u4ee5\u8d1d\u5409\u5854\u51fa\u73b0\n\u6bd5\u7adf\u4f60\u4eec\u662f\u771f\u7231\u554a"
        },
        {
            "reply_id": "UgxJprHRBulkiQR0L0J4AaABAg",
            "reply_content": "\u5f9e6\u842c\u8a02\u95b1\u958b\u59cb\u770b\uff0c\u6bcf\u4e00\u90e8\u90fd\u6c92\u932f\u904e\uff0c\u800c\u4e14\u90fd\u5f88\u597d\u770b\u3002\u679c\u7136\u662f\u500b\u72e0\u89d2\u8272"
        },
        {
            "reply_id": "Ugww7k0wldnmlKZzZZZ4AaABAg",
            "reply_content": "\u83ab\u540d\u7684\u71b1\u8840\ud83d\ude02"
        },
        {
            "reply_id": "UgzC-T_0s9WexKJ6dpx4AaABAg",
            "reply_content": "\u9760 \u597d\u597d\u7b11 \u4f60\u7684\u4e03\u9f8d\u73e0\u7cfb\u5217\u5f71\u7247\u5f9e\u4f86\u4e0d\u8b93\u6211\u5931\u671b"
        },
        {
            "reply_id": "UgwX0OzJCxluyv3HeER4AaABAg",
            "reply_content": "\u7b49\u597d\u4e45\u4e86 \u671f\u5f85\u6b38 \u7c21\u76f4\u8ddf\u9f8d\u73e0\u65b0\u96fb\u5f71\u4e00\u6a23\u4e45\u4e0a\u6620\u963f\ud83d\ude02"
        },
        {
            "reply_id": "UgzqcIOEzq-Xgyp7f9V4AaABAg",
            "reply_content": "\u770b\u5230\u9019\u500b\u9810\u544a\uff0c\u7d42\u65bc\u77e5\u9053\u70ba\u4ec0\u9ebc\u62d6\u90a3\u9ebc\u4e45\u4e86"
        },
        {
            "reply_id": "UgzzxhX50lyrW9AeHJx4AaABAg",
            "reply_content": "\u7ec8\u4e8e"
        },
        {
            "reply_id": "UgyG-YMTM42L9XoPoEp4AaABAg",
            "reply_content": "\u679c\u7136\u662f\u500b\u72e0\u89d2\u8272"
        },
        {
            "reply_id": "Ugy3TQbEKPm5gJ1aFHl4AaABAg",
            "reply_content": "\u8d85\u85cd\u80cc\u666f\u6a02\u662f\u7a76\u6975\u8056\u6230 \u660e\u986f\u662f\u500b\u72e0\u89d2\u8272"
        },
        {
            "reply_id": "Ugw-6O3I7MDsnoPNX6V4AaABAg",
            "reply_content": "\u8525\u54e5\u8981\u9032\u5165\u7684\u7a76\u6975\u9032\u5316\u4e86\u55ce"
        }
    ]
}