{
    "video_info": {
        "id": "HzauI0wQ6Xo",
        "channelTitle": "Onion Man",
        "title": "Onion Man | \u51fa\u570b\u5927\u96f7\u5305\uff01\u5728\u6f06\u9ed1\u96ea\u5c71\u88e1\u5f04\u4e1fIPHONE..\u5927\u6d77\u6488\u91dd\uff01\u7b49\u4e86\u6574\u665a\u7684\u7da0\u8272\u5929\u7a7a\u6975\u5149\uff01",
        "description": "-8\u5ea6\u96ea\u5c71\u88e1\u5f85\u4e865\u5c0f\u6642\uff0c\u5c31\u70ba\u4e86\u90a3\u500b\u6975\u5149\u5566\u2026\u807d\u8aaa\u524d\u5e7e\u5718\u90fd\u6c92\u770b\u5230..\u771f\u662f\u4e00\u5834\u8ced\u6ce8\u554a\n\n\u3010\u8a02\u95b1\u3011\u53ca\u89c0\u770b\u6d0b\u8525\u66f4\u591a\u5f71\u7247: https://goo.gl/ijP3Eb\n\n\u5de5\u4f5c\u5408\u4f5c\uff1aonionmanwork@gmail.com\nOnion Man \u767e\u842c\u8ffd\u8e64\u7c89\u7d72\u5718:goo.gl/Z5CSvw\n\n\u6700\u65b0\u963f\u6587\u8cbc\u5716:https://reurl.cc/GxYjA\n\n\u7b2c\u4e00\u4ee3\u963f\u6587line\u8cbc\u5716:https://reurl.cc/Wroxx\n\n\u6d0b\u8525\u79c1\u751f\u6d3bIG:https://www.instagram.com/onionman__/\n\n\n\u904b\u52d5\u6f2b\u756b\u88e1\u7684\u4e2d\u4e8c\u8001\u6897\u5287\u60c5\n\u25ba\u7b2c\u4e00\u96c6:https://youtu.be/cMoV1rPH35k\n\u25ba\u7b2c\u4e8c\u96c6:https://youtu.be/iW7LM00lny0\n\u25ba\u7b2c\u4e09\u96c6:https://youtu.be/2G5wu61uCM0\n\u25ba\u7b2c\u56db\u96c6:https://youtu.be/-rP1abYv8n4\n\nOnion Man \u95dc\u9375\u5b57:\n\u4e2d\u4e8c \u80a5\u5b85 \u55ae\u8eab\u6f22 \u55ae\u8eab \u9b6f\u86c7 \u5c4c\u7d72 \u80a5\u5b85",
        "likeCount": "11161",
        "commentCount": "834",
        "viewCount": "671946"
    },
    "comments": [
        {
            "reply_id": "Ugzo0Rsusz6CDBSorfZ4AaABAg",
            "reply_content": "\u597d\u60f3\u6709\u6d0b\u8471\u8fd9\u6837\u7684\u670b\u53cb\ud83d\ude0a"
        },
        {
            "reply_id": "Ugwy0rS0TSl-HuftofF4AaABAg",
            "reply_content": "\u9084\u597d\u6709\u7576\u521d\u90a3\u5834\u721b\u6232\uff0c\u624d\u6709\u5f8c\u9762\u7684\u7cbe\u5f69\u597d\u6232\uff01"
        },
        {
            "reply_id": "UgwqzdmE9ut5lkGDLel4AaABAg",
            "reply_content": "\u4eba\u751f\u9ad4\u9a57\u90fd\u50cf\u5834\u6709\u8da3\u7684\u6232~~"
        },
        {
            "reply_id": "UgxBkAavSOWR-fFZCWR4AaABAg",
            "reply_content": "\u5ee2\u7247\u4e5f\u80fd\u5f97\u734e\u54c8\u54c8\u54c8"
        },
        {
            "reply_id": "UgxtP2ZeGTzMF3WxskV4AaABAg",
            "reply_content": "\u7d50\u679c\u6700\u96f7\u65c5\u7a0b\u537b\u8b93\u6d0b\u8525\u5f97\u734e\u4e86 \u606d\u559c"
        },
        {
            "reply_id": "Ugzgo_ZxSu5L-m9MkN94AaABAg",
            "reply_content": "\u606d\u559c\u59ae\u53ef\u6d0b\u8525\u6709\u4e00\u7fa4\u597d\u5925\u4f34QAQ"
        },
        {
            "reply_id": "UgwUMmMmhuOyH_Kgr6d4AaABAg",
            "reply_content": "\u90a3\u500b\u96ea\u4eba\u624d\u662f\u5168\u5834\u6700\u6696\u6700\u8212\u670d\u7684\u4eba,\u800c\u4e14\u9084\u6709\u9322\u8cfa\u554a"
        },
        {
            "reply_id": "Ugz1SPBY8n6tAfyx6y94AaABAg",
            "reply_content": "\u771f\u662f\u597d\u4eba \u4e00\u751f\u5e73\u5b89"
        },
        {
            "reply_id": "UgxzUk_wHgv75cHFYLV4AaABAg",
            "reply_content": "\u6559\u7df4\u6211\u60f3\u6253\u7c43\u7403\uff01"
        },
        {
            "reply_id": "UgwRePBPthuB-veAICZ4AaABAg",
            "reply_content": "b\u7ad9\u6765\u7684\uff0c\u611f\u89c9\u597d\u68d2\uff0c\u6253\u7b97\u8fc7\u6bb5\u65f6\u95f4\u5e26\u5ab3\u5987\u53bb\u7785\u7785\uff0c\u6211\u5ab3\u5987\u524d\u534a\u8f88\u5b50\u4e00\u76f4\u5f85\u5728\u5357\u6295\u6ca1\u53bb\u8fc7\u6b27\u6d32"
        },
        {
            "reply_id": "Ugy30N7Ssd7VsP3qphN4AaABAg",
            "reply_content": "\u4e5d\u9762\u4eba\u7684\u806f\u540d\u771f\u7684\u662f\u76e4\u5b50\u624d\u6703\u53bb\u8cb7 \u53c8\u8cb4\u53c8\u6c92\u5230\u5f88\u597d\u5403"
        },
        {
            "reply_id": "UgzzBzw7bPRwiZV6GJh4AaABAg",
            "reply_content": "\u9019\u7247\u8b93\u6211\u5f9e\u982d\u7b11\u5230\u5c3e"
        },
        {
            "reply_id": "UgxqygGB1_eDyjruDuJ4AaABAg",
            "reply_content": "\u597d\u71b1\u8840\u5929\u554a"
        },
        {
            "reply_id": "Ugz6JCxrF4EPTpeo1EV4AaABAg",
            "reply_content": "\u64bf\u624b\u6a5f\u8ddf\u64bf\u5230\u9ec3\u91d1\u4e00\u6a23\u958b\u5fc3XD"
        },
        {
            "reply_id": "UgzvYjJA7Wc_bribEwx4AaABAg",
            "reply_content": "\u8525\u54e5\u5c0d\u4e0d\u8d77 \u4f46\u6709\u9019\u7a2e\u96f7\u96f7\u65c5\u4f34\uff0c\u4e0b\u6b21\u51fa\u904a\u80af\u5b9a\u4e0d\u63ea\uff0c1\u6b21\u53ef\u80fd\u9084\u597d\u53ef\u4ee5\u5305\u5bb9\uff0c\u641e\u4e86\u5169\u4e09\u6b21\u4e00\u5b9a\u9ed1\u540d\u55ae"
        },
        {
            "reply_id": "UgzCGoycE-cPT9LDeNV4AaABAg",
            "reply_content": "\u627e\u5230\u6d41\u91cf\u5bc6\u78bc\uff1f"
        },
        {
            "reply_id": "UgzwUeUfhiNyNnq9VU94AaABAg",
            "reply_content": "\u6709\u90a3\u9ebc\u597d\u7684\u670b\u53cb\uff0c\u6d0b\u8525\u771f\u5e78\u904b\uff01"
        },
        {
            "reply_id": "Ugxsb5GBpA1L9cnhRil4AaABAg",
            "reply_content": "\u6240\u4ee5\u624d\u6709\u639b\u8116\u5b50\u4e0a\u7684\u624b\u6a5f\u540a\u7e69\u7684\u5049\u5927\u8a2d\u8a08\u554a!\u62dc\u8a17\u4e00\u6b21\u7d66\u4ed6\u8cb7\u500b\u5341\u689d!!!XD"
        },
        {
            "reply_id": "Ugw-vKuMOoRm1qn44cl4AaABAg",
            "reply_content": "\u5feb\u7b11\u6b7b"
        },
        {
            "reply_id": "Ugx6bYvNw3JREM6pp1Z4AaABAg",
            "reply_content": "\u6389\u624b\u6a5f\u627e\u56de\u4f86\u771f\u7684\u662f\u9019\u500b\u6545\u4e8b\u4e2d\u7684\u610f\u5916\u4e2d\u7684\u7f8e\u597d\u56de\u61b6~"
        }
    ]
}