{
    "video_info": {
        "id": "IMJ3xhcnV24",
        "channelTitle": "Onion Man",
        "title": "Onion Man | \u96f7\u5230\u932f\u904e\u73ed\u6a5f\u7684\u96f7\u5305\u5718\uff01\u74b0\u5cf6\u5e6b\u5927\u962a\u884c\u523a\u6fc0\u4e4b\u65c5\uff01@BIGSNAKEBALL@superpepper.  @foodfoodaddict@z2ztwo",
        "description": "\u9019\u6b21\u8ddf\u74b0\u5cf6\u5e6b\u81e8\u6642\u6c7a\u5b9a\u53bb\u5927\u962a\uff0c\u5b8c\u51680\u898f\u756b\uff0c\u884c\u7a0b\u6975\u5ee2\u4e14\u72c0\u6cc1\u767e\u51fa\n\u4f46\u537b\u6642\u6642\u523b\u523b\u7b11\u5bb9\u6eff\u9ede\uff0c\u9019\u5c31\u662f\u74b0\u5cf6\u5e6b\u7684\u9b45\u529b\u554a\n\n\u611f\u8b1d\u672c\u96c6\u4e7e\u7239-ShopBack (\u7db2\u8def\u8cfc\u7269\u8fd4\u5229+\u73fe\u91d1\u56de\u994b\u5e73\u53f0)\n\u7528ShopBack\u7701\u9322\uff0c\u7c21\u55ae\u8209\u4f8b-\u7528\u9019\u500b\u8a02\u623fagoda \u6216\u8cb7\u500b\u8766\u76ae\n\u90fd\u6703\u6709\u73fe\u91d1\u56de\u994b\n\u76f4\u63a5\u6253\u5230\u5e33\u6236\uff0c\u64cd\u4f5c\u5f88\u7c21\u55ae\u4e0d\u82b1\u6642\u9593\uff0c\u6309\u4e00\u4e0b\u4e0b\u8f09\u5427\n\u8a18\u5f97\u7528\u6211\u5c08\u5c6c\u9023\u7d50\u8a3b\u518a\uff0c\u53ef\u4ee5\u5148\u62ff$100\u734e\u52f5\u91d1\nhttps://app.shopback.com/twn/partner/TW-Community-onionman-2023\n\u4e5e\u4e10\u8d85\u4eba\u5982\u6211  \u5c31\u662f\u5148\u4e0b\u8f09\u62ff100\u518d\u8aaa\u5566!!\n\n\u3010\u8a02\u95b1\u3011\u53ca\u89c0\u770b\u6d0b\u8525\u66f4\u591a\u5f71\u7247: https://goo.gl/ijP3Eb\n\n\u5de5\u4f5c\u5408\u4f5c\uff1aonionmanwork@gmail.com\nOnion Man \u767e\u842c\u8ffd\u8e64\u7c89\u7d72\u5718:goo.gl/Z5CSvw\n\n\u6700\u65b0\u963f\u6587\u8cbc\u5716:https://reurl.cc/GxYjA\n\n\u7b2c\u4e00\u4ee3\u963f\u6587line\u8cbc\u5716:https://reurl.cc/Wroxx\n\n\u6d0b\u8525\u79c1\u751f\u6d3bIG:https://www.instagram.com/onionman__/\n\n\n\u904b\u52d5\u6f2b\u756b\u88e1\u7684\u4e2d\u4e8c\u8001\u6897\u5287\u60c5\n\u25ba\u7b2c\u4e00\u96c6:https://youtu.be/cMoV1rPH35k\n\u25ba\u7b2c\u4e8c\u96c6:https://youtu.be/iW7LM00lny0\n\u25ba\u7b2c\u4e09\u96c6:https://youtu.be/2G5wu61uCM0\n\u25ba\u7b2c\u56db\u96c6:https://youtu.be/-rP1abYv8n4\n\nOnion Man \u95dc\u9375\u5b57:\n\u4e2d\u4e8c \u80a5\u5b85 \u55ae\u8eab\u6f22 \u55ae\u8eab \u9b6f\u86c7 \u5c4c\u7d72 \u80a5\u5b85",
        "likeCount": "11884",
        "commentCount": "723",
        "viewCount": "696581"
    },
    "comments": [
        {
            "reply_id": "Ugw-8U4wVVojpFsgYhh4AaABAg",
            "reply_content": "\u54c8\u54c8\u54c8\u54c8\u54c8\u54c8\u54c8\u54c8\u6551\u547d\u771f\u7684\u8d85\u597d\u7b11"
        },
        {
            "reply_id": "UgyUflNnQ7VaNXGIjt94AaABAg",
            "reply_content": "\u5b8c\u86cb\n\u88ab\u86c7\u4e38\u5708\u7c89\u4e86\u5566\u54c8\u54c8\u54c8\u54c8\u54c8"
        },
        {
            "reply_id": "Ugz5GxPd3YqiLUo8Kol4AaABAg",
            "reply_content": "\u9580\u95dc\u4e0d\u8d77\u4f86\u662f\u4e09\u5c0f \u54c8\u54c8"
        },
        {
            "reply_id": "UgzloDtYSOZZFm-cq6V4AaABAg",
            "reply_content": "\u5e79\u597d\u597d\u7b11"
        },
        {
            "reply_id": "UgyPK8c4AGYgdBbWQst4AaABAg",
            "reply_content": "\u4e7e\u6ebc\u5206\u96e2\u9580\u90fd\u662f\u5167\u63a8 \u5b8c\u5168\u4e0d\u5c0d\n\u5982\u679c\u6709\u4eba\u5012\u5728\u88e1\u9762 \u50cf\u662f\u86c7\u4e38\n\u4f60\u5c31\u6c92\u8fa6\u6cd5\u6551\u4eba\u51fa\u4f86\u4e86\n\u6211\u4e00\u5f8b\u5efa\u8b70\u5916\u62c9\u9580\n\u4e0d\u8981\u8ddf\u6211\u8aaa\u4ec0\u9ebc\u5ec1\u6240\u7a7a\u9593\u4e0d\u8db3\n\u5ba4\u5167\u8a2d\u8a08\u7e3d\u6709\u8fa6\u6cd5\n\u4e0d\u7136\u6700\u6158\u9084\u53ef\u4ee5\u7528\u5de6\u53f3\u6ed1\u9580"
        },
        {
            "reply_id": "UgwX_zF_AQ7n0F0xOYx4AaABAg",
            "reply_content": "\u771f\u7684\u597d\u597d\u7b11 \u6709\u4e00\u7fa4\u9019\u6a23\u7684\u670b\u53cb\u771f\u7684\u5f88\u958b\u5fc3"
        },
        {
            "reply_id": "UgwOfMKyljQiRZkiwK94AaABAg",
            "reply_content": "\u86c7\u4e38\u597d\u7b11"
        },
        {
            "reply_id": "Ugxbw_Jbrnl0O1Jnd614AaABAg",
            "reply_content": "\u8981\u88ab\u86c7\u4e38\u7b11\u6b7b"
        },
        {
            "reply_id": "UgzLaQykj_ye_eE-fTZ4AaABAg",
            "reply_content": "\u6d0b\u8525\u8cb7\u623f\u4e86\uff1f"
        },
        {
            "reply_id": "UgxOujVHwilAkitC0Gx4AaABAg",
            "reply_content": "\u770b\u4e86\u597d\u5e7e\u6b21\u5f88\u597d\u7b11\ud83e\udd23\ud83e\udd23"
        },
        {
            "reply_id": "UgzDWIA_ErtELHul-5F4AaABAg",
            "reply_content": "\u4e00\u76f4\u5f88\u60f3\u554f\u6d0b\u8525\uff0c\u8ddf\u90a3\u9ebc\u591a\u4e0d\u540c\u7684\u4eba\u51fa\u570b\uff0c\u6700\u559c\u6b61\u54ea\u4e00\u5718\u7684\u6c1b\u570d\uff1f\u963f\u6ef4\uff1f\u8ce4\u8446\uff1f\u80e1\u6912\uff1f\u54ea\u4e00\u500b\u65c5\u904a\u4f60\u6700\u559c\u6b61\uff1f"
        },
        {
            "reply_id": "UgzrtOGMqblk1yWHWGt4AaABAg",
            "reply_content": "\u86c7\u4e38\u56e0\u798d\u5f97\u798f"
        },
        {
            "reply_id": "Ugx14Q7Wbn8h8gN4f2h4AaABAg",
            "reply_content": "\u6211\u4e5f\u662f\u4e5e\u4e10\u8d85\u4eba"
        },
        {
            "reply_id": "UgzyZ7BXaK2KrUGvFql4AaABAg",
            "reply_content": "\u74b0\u5cf6\u5e6b\u6839\u672c\u53ef\u611b\u5230\ud83d\udc2d\u5e0c\u671b\u4ee5\u5f8c\u53ef\u4ee5\u591a\u51fa\u9019\u500b\u7cfb\u5217"
        },
        {
            "reply_id": "Ugy_-_DuOJ_-oo03_ER4AaABAg",
            "reply_content": "\u6709\u6642\u5019\u6703\u78ba\u8a8d\u6b63\u5e38\u5427 \u4e0d\u7136\u6211\u670b\u53cb\u6bcf\u6b21\u90fd\u9ede\u4ec0\u9ebc\u5de7\u514b\u529b\u86cb\u9905\u5bb6\u6ce1\u83dc \u5e97\u54e1\u51fa\u4f86\u8a62\u554f\u9084\u8aaa\u5f1f\u5f1f\u5f88\u6709\u5275\u610f\u6b38"
        },
        {
            "reply_id": "UgyWWSgr60jwbsvpDwl4AaABAg",
            "reply_content": "\u6d17\u6fa1\u6c92\u8fa6\u6cd5\u95dc\u9580\u7b11\u7206"
        },
        {
            "reply_id": "Ugz1j5IgLRdDLYFoESh4AaABAg",
            "reply_content": "\u86c7\u54e5\u4e00\u5b9a\u662f\u7528\u6253\u547c\u6e9d\u901a\uff0c\u9019\u5718\u968a\u592a\u4e86\u4e0d\u8d77\u4e86"
        },
        {
            "reply_id": "UgzfNZsk3ThdL2IBYgd4AaABAg",
            "reply_content": "\u6211\u4e5f\u60f3\u770b\u66b4\u8d70\u65cf\uff0c\u807d\u8aaa\u90a3\u500b\u8072\u97f3\u5f88\u8b1b\u7a76\uff01\u7d42\u65bc\u807d\u5230\u4e00\u9ede\u4e86"
        },
        {
            "reply_id": "Ugz5a5EHg4mTYJ_GNc14AaABAg",
            "reply_content": "\u770b\u4e86\u4f60\u5011\u5e7e\u500b\u4eba\u7684\u5927\u962a\u4e4b\u65c5\uff0c\u53ea\u6709\u4f60\u5e6b\u86c7\u4e38\u52d5\u756b\u89e3\u8aaa\uff1b\u4e26\u642d\u914d\u86c7\u4e38\u8072\u97f3\uff0c\u6211\u6574\u500b\u7b11\u5230\u4e0d\u884c\ud83d\ude02\ud83d\ude02\ud83d\ude02"
        },
        {
            "reply_id": "Ugwc26CpuHBsRBrDz0B4AaABAg",
            "reply_content": "\u86c7\u4e38\u771f\u7684\u88ab\u7d9c\u85dd\u4e4b\u795e\u7d66\u7737\u9867\u8036 \u81ea\u5e36\u6548\u679c\u6709\u5920\u6eff \u9023\u6d77\u95dc\u4e5f\u4e00\u76f4\u7b11\ud83d\ude02"
        }
    ]
}