{
    "video_info": {
        "id": "IUfoO3BkMy0",
        "channelTitle": "Onion Man",
        "title": "Onion Man | \u6d0b\u8525\u61a7\u61ac\u7684\u5929\u624d | \u771f\u5be6\u6545\u4e8b\u7cfb\u5217",
        "description": "\u6587\u8207\u6b66\u90fd\u9054\u5230\u6975\u81f4\u7684\u5929\u624d\uff0c\u6211\u60f3\u5c31\u53ea\u6709\u4ed6\u4e86\n\n\u3010\u8a02\u95b1\u3011\u53ca\u89c0\u770b\u6d0b\u8525\u66f4\u591a\u5f71\u7247: https://goo.gl/ijP3Eb\n\n\u5de5\u4f5c\u5408\u4f5c\uff1aonionmanwork@gmail.com\nOnion Man \u767e\u842c\u8ffd\u8e64\u7c89\u7d72\u5718:goo.gl/Z5CSvw\n\n\u6700\u65b0\u963f\u6587\u8cbc\u5716:https://reurl.cc/GxYjA\n\n\u7b2c\u4e00\u4ee3\u963f\u6587line\u8cbc\u5716:https://reurl.cc/Wroxx\n\n\u6d0b\u8525\u79c1\u751f\u6d3bIG:https://www.instagram.com/onionman__/\n\n\n\u904b\u52d5\u6f2b\u756b\u88e1\u7684\u4e2d\u4e8c\u8001\u6897\u5287\u60c5\n\u25ba\u7b2c\u4e00\u96c6:https://youtu.be/cMoV1rPH35k\n\u25ba\u7b2c\u4e8c\u96c6:https://youtu.be/iW7LM00lny0\n\u25ba\u7b2c\u4e09\u96c6:https://youtu.be/2G5wu61uCM0\n\u25ba\u7b2c\u56db\u96c6:https://youtu.be/-rP1abYv8n4\n\nOnion Man \u95dc\u9375\u5b57:\n\u4e2d\u4e8c \u80a5\u5b85 \u55ae\u8eab\u6f22 \u55ae\u8eab \u9b6f\u86c7 \u5c4c\u7d72 \u80a5\u5b85",
        "likeCount": "13663",
        "commentCount": "1566",
        "viewCount": "768945"
    },
    "comments": [
        {
            "reply_id": "Ugy1N-hsPeiTaoCNESN4AaABAg",
            "reply_content": "\u95a8\u871c\u7537\u53cb\u662f\u8abf\u67e5\u5c40\u63a2\u54e1\uff0c\u5e73\u65e5\u90fd\u5728\u65e5\u672c\u53f0\u7063\u5404\u5730\u51fa\u4efb\u52d9\uff0c\u9084\u662f\u4e00\u500b\u5275\u696d\u5bb6\uff0c\u51fa\u9580\u7a7f\u8457\u5f88\u563b\u54c8\uff0c\u5f88\u795e\u79d8\u4e0d\u8b93\u95a8\u871c\u9001\u5230\u5bb6\uff0c\u5404\u7a2e\u539f\u56e0\u3002\u5f8c\u4f86\u624d\u77e5\u9053\u6839\u672c\u6642\u9593\u7ba1\u7406\u5927\u5e2b\u3002"
        },
        {
            "reply_id": "UgyJQ4DKd1ixIfJXatV4AaABAg",
            "reply_content": "\u9019\u96c6\u6211\u5df2\u7d93\u91cd\u5237\u8d85\u591a\u904d \u4f46\u6bcf\u6b21\u770b\u9084\u662f\u7b11\u5230\u6d41\u773c\u6dda \u9019\u771f\u7684\u662f\u6700\u597d\u7b11\u7684\u4e00\u96c6\u4e86"
        },
        {
            "reply_id": "Ugw_ucFZqrv8U9TqH3V4AaABAg",
            "reply_content": "\u4ed6\u662f\u4e0d\u662f\u5c31\u662f\u90a3\u500b\u982d\u9aee\u5243\u9583\u96fb\u7684\u4eba"
        },
        {
            "reply_id": "Ugye2HBdLVKXEZnk1q54AaABAg",
            "reply_content": "\u6211\u8981\u8072\u660e\u4e00\u4e0b\u5728\u535a\u723e\u7279\u90a3\u5c46\u7684\u5967\u904b\u6bd4\u8cfd\u535a\u723e\u7279\u6700\u5feb\u4e5f\u624d\u8dd19\u79d258\u9019\u662f\u771f\u6b63\u7684\u4e16\u754c\u7d00\u9304\u4e26\u4e14\u662f\u76ee\u524d\u6700\u9ad8\u7684\u7d00\u9304"
        },
        {
            "reply_id": "UgweqOMCPIzGvesO6v94AaABAg",
            "reply_content": "\u8b8a\u5316\u7cfb\uff0c\u6b64\u7e6b\u5ff5\u80fd\u529b\u4f7f\u7528\u8005\u7684\u7279\u9ede\u662f\u53cd\u8986\u7121\u5e38\u3001\u611b\u9a19\u4eba\u3002\n\u4e3b\u8981\u80fd\u529b\u662f\u6539\u8b8a\u5ff5\u7684\u6027\u8cea\u3002\n\u6b64\u7cfb\u7d93\u5e38\u88ab\u4eba\u8aa4\u4ee5\u70ba\u662f\u8b8a\u5316\u81ea\u7136\u754c\u4e2d\u7684\u7269\u8cea\uff0c\n\u5176\u5be6\u4e0d\u7136\u3002\u6b64\u7cfb\u4e3b\u8981\u662f\u5c07\u5ff5\u80fd\u529b\u8005\u719f\u6089\u7684\u67d0\u7a2e\u7269\u8cea\u7684\u7279\u6027\u878d\u5408\u5165\u81ea\u5df1\u7684\u5ff5\u4e2d\u3002"
        },
        {
            "reply_id": "UgwumVND4NMV6zTKEsF4AaABAg",
            "reply_content": "\u7a81\u7136\u60f3\u8aaa\u6211\u4e5f\u6709\u9019\u7a2e\u540c\u5b78\uff0c\u6210\u5929\u8aaa\u81ea\u5df1\u5c0f\u6642\u5019\u8ddf\u91d1\u57ce\u6b66\u662f\u9130\u5c45\uff0c\u8b80\u7684\u662f\u65e5\u50d1\u5b78\u6821\uff0c\u7d50\u679c\u4ec0\u9ebc\u4e5f\u4e0d\u662f~"
        },
        {
            "reply_id": "UgxWZY-66b3ICXClMG54AaABAg",
            "reply_content": "\u535a\u723e\u72799\u79d2"
        },
        {
            "reply_id": "UgynvT33UcDv5JxPr-54AaABAg",
            "reply_content": "\u4e2d\u4e8c\u75c5\u5427\u3002"
        },
        {
            "reply_id": "Ugzj9keQIt0liN7KqU54AaABAg",
            "reply_content": "\u6709\u8b80\u570b\u5c0f \u6240\u4ee5\u8aaa\u570b\u5c0f\u5f97\u5e02\u9577\u734e\ud83d\ude02"
        },
        {
            "reply_id": "UgyFSX8S2D_SCIg-ij14AaABAg",
            "reply_content": "\u6211\u6709\u500b\u540c\u5b78\u5c31\u662f\u9019\u6a23\uff0c\u4f46\u4ed6\u5df2\u7d93\u4e8c\u5341\u591a\u4e86\uff0c\u9084\u5728\u5439"
        },
        {
            "reply_id": "UgxrTj6v6CfSiC6hw4t4AaABAg",
            "reply_content": "\u963f\u660e\u8dd1\u90a3\u9ebc\u5feb \u600e\u9ebc\u4e0d\u53bb\u8dd1\u7530\u6649"
        },
        {
            "reply_id": "UgxbRJmNUaTqUSPsEuh4AaABAg",
            "reply_content": "\u6211\u56fd\u5c0f\u4e5f\u6709\u4e00\u4e2a\u5973\u751f\u6574\u5929\u4e00\u526f\u5f88\u8ba4\u771f\u7684\u6837\u5b50\u8ddf\u6211\u8bf4\u5979\u548c\u5973\u738b\u662f\u5976\u5976\u548c\u5b59\u5b50\u7684\u5173\u7cfb\u6628\u5929\u8fd8\u8ddf\u5979\u4e00\u8d77\u53bb\u5403\u665a\u9910\u4e86\uff0c\u5c0f\u65f6\u5019\u7684\u6211\u90fd\u4e0d\u77e5\u9053\u8be5\u4e0d\u8be5\u76f8\u4fe1\u4e86\ud83d\ude02"
        },
        {
            "reply_id": "UgzMYyTHR1CXq1gwEK54AaABAg",
            "reply_content": "\u4eba\u4e00\u751f\u4e2d\u7684\u786e\u90fd\u4f1a\u9047\u5230\u8fd9\u79cd\u8bf4\u8c0e\u6210\u6027\u6216\u8005\u5938\u5927\u5176\u8bcd\u7684\u4eba\uff0c\u6211\u5c31\u66fe\u7ecf\u9047\u8fc7\u4e00\u4e2a\u5927\u53d4\uff0c\u4ed6\u5bf9\u5916\u5ba3\u4f20\u81ea\u5df1\u662f\u6709\u8fc7\u4e07\u82f1\u4ea9\u7684\u68d5\u6cb9\u7530\u7684\u8eab\u5bb6\uff0c\u7136\u540e\u8bf4\u81ea\u5df1\u5e74\u8f7b\u7684\u65f6\u5019\u662f\u6cf0\u62f3\u62f3\u738b\uff0c\u7136\u540e\u4e70\u5b9d\u9a6c\u7ed9\u81ea\u5df1\u5458\u5de5\u9a7e\uff0c\u8bf4\u7684\u4e00\u5927\u5806\u6709\u7684\u6ca1\u7684\uff0c\u4f46\u81ea\u5df1\u5374\u67b6Toyota \ud83e\udd23\uff08\u6ca1\u6709\u8d2c\u4f4etoyota\u7684\u610f\u601d \u522b\u8bef\u4f1a\uff09\u603b\u4e4b\u5c31\u662f\u8bf4\u4e86\u5f88\u591a\u79cd\u5927\u8bdd\uff0c\u5374\u4e0d\u7b26\u5408\u73b0\u5b9e\uff0c\u4e0d\u653b\u81ea\u7834\uff0c\u770b\u4e86\u8fd9\u671f\u89c6\u9891 \u7279\u522b\u6709\u611f \u7b11\u6b7b\u4e86\u3002\ud83e\udd23\ud83e\udd23\ud83e\udd23"
        },
        {
            "reply_id": "Ugyu8wvWo06URca8t3t4AaABAg",
            "reply_content": "\u7238\u7238\u53ef\u4ee5\u6709\u5f88\u591a\u500b \u4f46\u89aa\u751f\u7238\u7238\u53ea\u6709\u4e00\u500b\ud83d\ude06"
        },
        {
            "reply_id": "Ugy-JWVRy5GfjP58mCZ4AaABAg",
            "reply_content": "\u8a72\u7d04\u6253\u7db2\u7403\u4e86\u55ce"
        },
        {
            "reply_id": "UgwrWBB3fFCVxUBT5MJ4AaABAg",
            "reply_content": "\u9019\u7a2e\u611b\u778e\u63b0\u7684\u4eba\u771f\u7684\u5f88\u8a0e\u53ad\uff0c\u6211\u4ee5\u524d\u9084\u6709\u8a8d\u8b58\u540c\u5b78\u8aaa\u81ea\u5df1\u662f\u65e5\u672c\u4eba\uff0c\u7d50\u679c\u6839\u672c\u5c31\u662f\u5728\u641e\u7b11"
        },
        {
            "reply_id": "Ugwe2w2A9PpPP2XYmuh4AaABAg",
            "reply_content": "\u53cd\u793e\u6703\u4eba\u683c"
        },
        {
            "reply_id": "UgziDmOBUReWybbZGqF4AaABAg",
            "reply_content": "\u626f\u4e86\u90a3\u9ebc\u591a\u5de5\u4f5c \u6c92\u4e00\u500b\u8ddf\u6a5f\u8eca\u884c\u5e2b\u5085\u6709\u95dc~"
        },
        {
            "reply_id": "UgxHcWevmYpsqpPbJaZ4AaABAg",
            "reply_content": "\u597d\u626f\uff0c\u73fe\u5728\u60f3\u8d77\u4f86\uff0c\u6211\u4ee5\u524d\u4e5f\u6709\u500b\u570b\u5c0f\u540c\u5b78\uff0c\u7c21\u76f4\u4e00\u6a21\u4e00\u6a23"
        },
        {
            "reply_id": "Ugybu4cvRTVQzdwvGR14AaABAg",
            "reply_content": "\u79d1\u666e\u4e00\u4e0b \u8dc6\u62f3\u9053\u662f\u5728\u5ba4\u5167\u6bd4\u8cfd\u5566\u54c8\u54c8"
        }
    ]
}