{
    "video_info": {
        "id": "IvgbDNfUtxo",
        "channelTitle": "Onion Man",
        "title": "Onion Man | \u8d85\u7d1a\u80a5\u5b85\u4eba\uff1a\u767e\u842cyoutuber\u9802\u4e0a\u6230\u722d | \u4e2d\u4e8c\u5927\u9577\u7bc7 @joeman @AshanKouki   @huzi1989  @nsfwstudio @BIGSNAKEBALL",
        "description": "\u8acb\u5148\u8907\u7fd2\u524d\u4e09\u96c6\n20\u842c\u8a02\u95b1:https://www.youtube.com/watch?v=pcrQAvHdD_g&ab_channel=OnionMan\n60\u842c\u8a02\u95b1:https://www.youtube.com/watch?v=q77dzGP0kLE&ab_channel=OnionMan\n80\u842c\u8a02\u95b1:https://www.youtube.com/watch?v=rIhUQ-IZzGs&ab_channel=OnionMan\n\n\u6253\u9b25\u5206\u93e1:\u8449\u554f\u8a60\u6625\u3001\u9f8d\u73e0\u8d85\u3001\u9f8d\u73e0:\u5fa9\u6d3b\u7684f\u3001\u609f\u98efvs\u8cfd\u9b6f\u3001\u9cf4\u4ebavs\u6843\u5f0f\u3001\u7b2c\u4e00\u795e\u62f3\u3001\u970d\u5143\u7532\u3001\u6d77\u8cca\u738b\n\n\n\u3010\u8a02\u95b1\u3011\u53ca\u89c0\u770b\u6d0b\u8525\u66f4\u591a\u5f71\u7247: https://goo.gl/ijP3Eb\n\n\u5de5\u4f5c\u5408\u4f5c\uff1aonionmanwork@gmail.com\nOnion Man \u767e\u842c\u8ffd\u8e64\u7c89\u7d72\u5718:goo.gl/Z5CSvw\n\n\u6700\u65b0\u963f\u6587\u8cbc\u5716:https://reurl.cc/GxYjA\n\n\u7b2c\u4e00\u4ee3\u963f\u6587line\u8cbc\u5716:https://reurl.cc/Wroxx\n\n\u6d0b\u8525\u79c1\u751f\u6d3bIG:https://www.instagram.com/onionman__/\n\n\n\u904b\u52d5\u6f2b\u756b\u88e1\u7684\u4e2d\u4e8c\u8001\u6897\u5287\u60c5\n\u25ba\u7b2c\u4e00\u96c6:https://youtu.be/cMoV1rPH35k\n\u25ba\u7b2c\u4e8c\u96c6:https://youtu.be/iW7LM00lny0\n\u25ba\u7b2c\u4e09\u96c6:https://youtu.be/2G5wu61uCM0\n\u25ba\u7b2c\u56db\u96c6:https://youtu.be/-rP1abYv8n4\n\nOnion Man \u95dc\u9375\u5b57:\n\u4e2d\u4e8c \u80a5\u5b85 \u55ae\u8eab\u6f22 \u55ae\u8eab \u9b6f\u86c7 \u5c4c\u7d72 \u80a5\u5b85",
        "likeCount": "32656",
        "commentCount": "3237",
        "viewCount": "939256"
    },
    "comments": [
        {
            "reply_id": "UgzpmIq1Xj4EUiy7pKN4AaABAg",
            "reply_content": "\u7b49\u7b49\uff01\u963f\u795e\u600e\u9ebc\u90a3\u9ebc\u50cf\u5927\u96c4"
        },
        {
            "reply_id": "Ugw9l9UH6YLbVcrDUIJ4AaABAg",
            "reply_content": "\u597d\u71b1\u8840\u5594\uff01\u56de\u61b6\u8d77\u5c0f\u6642\u5019\u770b\u4e03\u9f8d\u73e0\u6642\u7684\u7dca\u5f35\u611f"
        },
        {
            "reply_id": "UgzdZtjxCreLs9zNPWx4AaABAg",
            "reply_content": "\u6709\u611f\u7b46\u96fb\u52d2"
        },
        {
            "reply_id": "UgxKSF4NKpgM4SsZmat4AaABAg",
            "reply_content": "\u9019\u61c9\u8a72\u662f\u5728\u6f14\u8d85\u7d1a\u8cfd\u4e9e\u4eba\u7684\u5427\ud83d\ude02"
        },
        {
            "reply_id": "Ugzf11tvR5zROsKuQkt4AaABAg",
            "reply_content": "\u9760\u9080\u4e5f\u592a\u597d\u73a9\uff01\u606d\u559c\u6d0b\u8525\u6210\u529f\u5438\u5f15\u5230\u65b0\u7684\u89c0\u773e\u4e00\u679a\uff5e\ud83c\udf89"
        },
        {
            "reply_id": "Ugwxm-GZ6UNIVDikGO54AaABAg",
            "reply_content": "\u6709\u611f\u7b46\u96fb"
        },
        {
            "reply_id": "UgxBzcFc8BXXrjrATWJ4AaABAg",
            "reply_content": "\u4e0d\u5c0d\u554a \u81ea\u52d5\u8ff4\u907f\u5462"
        },
        {
            "reply_id": "UgzpLJqjzVLdJDEwAP14AaABAg",
            "reply_content": "\u81ea\u5728\u767e\u842c\u529f\ud83d\ude02"
        },
        {
            "reply_id": "UgxVno5L-ZJK_eEpK6V4AaABAg",
            "reply_content": "\u4f60\u771f\u7684\u627e\u4e86\u963f\u795e\u4f86\u914d\u97f3\u55ce\uff1f"
        },
        {
            "reply_id": "UgyHic3AiqfdJHj19Ut4AaABAg",
            "reply_content": "\u624d\u904e\u4e00\u5e74\uff0c\u611f\u89ba\u9019\u500b\u7cfb\u5217\u8981\u5927\u66f4\u65b0\u4e86\ud83d\ude02"
        },
        {
            "reply_id": "Ugza-jA2ztHBfFZPlqB4AaABAg",
            "reply_content": "\u963f \u7a81\u7136\u60f3\u8d77\u4f86\u6709\u963f\u6ef4 \u600e\u9ebc\u80fd\u5c11\u4e86\u6ef4\u59b9\u54c8\u54c8\u54c8"
        },
        {
            "reply_id": "UgyFJwF6KYKiE_yRoeZ4AaABAg",
            "reply_content": "\u6700\u5f8c\u90a3\u6bb5 \u6253\u9b25\u7cbe\u5f69\u5594\ud83d\ude0a"
        },
        {
            "reply_id": "UgyBE4IHmwwhNXWXkKd4AaABAg",
            "reply_content": "\u63a5\u4e0b\u4f86\u8981\u756b\u4ec0\u9ebc\u5462"
        },
        {
            "reply_id": "Ugw8DwG4iuzpWiSlrQl4AaABAg",
            "reply_content": "\u9019\u9ebc\u6c92\u6709\u6ef4\u59b9"
        },
        {
            "reply_id": "UgwKgyYmSvBje-5-p1d4AaABAg",
            "reply_content": "\u7b11\u6b7b\n\u771f\u7684\u53ef\u4ee5\u5f9e\u9019\u88e1\u770b\u5230\u9f8d\u73e0Z\u5230\u9f8d\u73e0\u8d85\u7684\u61f6\u4eba\u5305"
        },
        {
            "reply_id": "UgxNvz-n5Ds7FyLT3OV4AaABAg",
            "reply_content": "\u8fde\u963f\u795e\u90fd\u8bf7\u6765\u4e86\u660e\u663e\u662f\u4e2a\u72e0\u89d2\u8272"
        },
        {
            "reply_id": "Ugykge75hKJBFllkvfR4AaABAg",
            "reply_content": "\u6709\u6c92\u6709\u5b8c\u6574\u7684\u81ea\u5728\u6975\u6613"
        },
        {
            "reply_id": "UgyqfSx1URwaHlw5Mxh4AaABAg",
            "reply_content": "\u5369\u5369"
        },
        {
            "reply_id": "UgzCKZLBFaXwx-xP4P94AaABAg",
            "reply_content": "\u81ea\u5728\u6975\u610f\uff01"
        },
        {
            "reply_id": "Ugxx9jG3XQ_ex6IMPkF4AaABAg",
            "reply_content": "\u6572\u7897\u4eca\u5e74\u6709\u7e8c\u96c6\u55ce"
        }
    ]
}