{
    "video_info": {
        "id": "J-UqSzLXZs0",
        "channelTitle": "Onion Man",
        "title": "Onion Man | \u6709\u813e\u6c23\u7684\u5973\u751f\u771f\u6709\u9b45\u529b\u554a...\u7206\u6c23\u7b2c\u56db\u96c6\uff01\u53cb\u60c5\u52a0\u6eab\u7bc7\uff01",
        "description": "\u6709\u6642\u5927\u5435\u4e00\u67b6\u53cd\u800c\u6703\u611f\u60c5\u5347\u6eab\u5462...\u54fc\u54fc\n\n\u3010\u56de\u5230\u6700\u521d\u611b\u4e0a\u4f60 Live for the dream\u3011\nKKBOX\uff1a\nhttps://www.kkbox.com/tw/tc/song/9_BNIv0eL75jIjp-Tb\n\ud83c\udfa7\u5404\u5927\u6578\u4f4d\u5e73\u53f0\u6536\u807d\uff1a\nhttps://ONIONMAN.lnk.to/LFTD\n\n\u3010\u8a02\u95b1\u3011\u53ca\u89c0\u770b\u6d0b\u8525\u66f4\u591a\u5f71\u7247: https://goo.gl/ijP3Eb\n\n\u5de5\u4f5c\u5408\u4f5c\uff1aonionmanwork@gmail.com\nOnion Man \u767e\u842c\u8ffd\u8e64\u7c89\u7d72\u5718:goo.gl/Z5CSvw\n\n\u6700\u65b0\u963f\u6587\u8cbc\u5716:https://reurl.cc/GxYjA\n\n\u7b2c\u4e00\u4ee3\u963f\u6587line\u8cbc\u5716:https://reurl.cc/Wroxx\n\n\u6d0b\u8525\u79c1\u751f\u6d3bIG:https://www.instagram.com/onionman__/\n\n\n\u904b\u52d5\u6f2b\u756b\u88e1\u7684\u4e2d\u4e8c\u8001\u6897\u5287\u60c5\n\u25ba\u7b2c\u4e00\u96c6:https://youtu.be/cMoV1rPH35k\n\u25ba\u7b2c\u4e8c\u96c6:https://youtu.be/iW7LM00lny0\n\u25ba\u7b2c\u4e09\u96c6:https://youtu.be/2G5wu61uCM0\n\u25ba\u7b2c\u56db\u96c6:https://youtu.be/-rP1abYv8n4\n\nOnion Man \u95dc\u9375\u5b57:\n\u4e2d\u4e8c \u80a5\u5b85 \u55ae\u8eab\u6f22 \u55ae\u8eab \u9b6f\u86c7 \u5c4c\u7d72 \u80a5\u5b85",
        "likeCount": "10002",
        "commentCount": "473",
        "viewCount": "729933"
    },
    "comments": [
        {
            "reply_id": "UgxHX_PDZ0OcQi-gDet4AaABAg",
            "reply_content": "\u6709\u6b38\uff0c\u4ee5\u524d\u56e0\u70ba\u592a\u95dc\u5fc3\u670b\u53cb\uff0c\u88ab\u5c0d\u65b9\u89ba\u5f97\u591a\u7ba1\u9592\u4e8b\uff0c\u56e0\u6b64\u5927\u5435\u4e86\u4e00\u67b6\uff0c\u5927\u6982\u4e00\u5e74\u591a\u6c92\u6709\u8b1b\u8a71\uff0c\u67d0\u5929\u5fd8\u8a18\u54ea\u4e00\u65b9\u5148\u4f38\u51fa\u53cb\u8abc\u7684\u89f8\u624b\uff0c\u7136\u5f8c\u6211\u5011\u5c31\u4e92\u76f8\u9053\u6b49\uff0c\u53ef\u80fd\u56e0\u70ba\u66f4\u77ad\u89e3\u5c0d\u65b9\uff0c\u73fe\u5728\u95dc\u4fc2\u53cd\u800c\u6bd4\u5435\u67b6\u524d\u597d"
        },
        {
            "reply_id": "UgwL-rmOvpqifESovuV4AaABAg",
            "reply_content": "\u54c8\u54c8\ud83d\ude02\u4f60\u7684\u4f5c\u54c1\u597d\u6709\u8da3\u9999\u6e2f\u4eba\u611b\u53f0\u7063\u4eba\u2764"
        },
        {
            "reply_id": "UgwbktoI13Ya4RsdCo54AaABAg",
            "reply_content": "\u6839\u64da"
        },
        {
            "reply_id": "UgwiSdR_K8saylIWA-V4AaABAg",
            "reply_content": "\u9019\u500b\u80a5\u6ce2\u662f\u6211\u77e5\u9053\u7684\u90a3\u500b\u80a5\u6ce2\u55ce?!"
        },
        {
            "reply_id": "UgwyCaCZTDr0Zrs_wiJ4AaABAg",
            "reply_content": "\u4e0d\u53ef\u80fd\u548c\u597d\u7684\u90a3\u7a2e\u4e86"
        },
        {
            "reply_id": "Ugz4476vHpBNDmdb70x4AaABAg",
            "reply_content": "\u597d\u597d\u7b11\u554a\ud83d\ude02"
        },
        {
            "reply_id": "Ugw15CjpHZjvMH4uZ3B4AaABAg",
            "reply_content": "\u7537\u751f\u624d\u6c92\u6709\u6240\u8b02\u9b45\u529b\u9019\u500b\u8a5e\uff0c\u90fd\u662f\u60f3\u5e79\u800c\u5df2"
        },
        {
            "reply_id": "UgyFuz_xeoKuTfUvuqB4AaABAg",
            "reply_content": "\u6d0b\u8525\u80fd\u8a8d\u8b58\u5f35\u9999\u9999\u4e5f\u592a\u7fa8\u6155\u4e86\u5427~~\u800c\u4e14\u662f\u770b\u8d77\u4f86\u611f\u60c5\u4e0d\u932f\u53c8\u63ea\u5f97\u51fa\u4f86~\n\u4e0d\u50cf\u4e00\u5806\u4eba\u8aaa\u8a8d\u8b58\u5f88\u591a\u59b9~\u4f46\u7d04\u4e0d\u51fa\u4f86\u7684XD\n\u958b\u59cb\u61f7\u7591\u6d0b\u8525\u662f\u4e0d\u662f\u5047\u5b85\u7537\u4e86"
        },
        {
            "reply_id": "UgxED8NiPqwFS5Tr31F4AaABAg",
            "reply_content": "\u60f3\u77e5\u9053\u5f71\u7247\u5973\u5b69\u7684ig"
        },
        {
            "reply_id": "UgwTox1oZEyxrkLOcdJ4AaABAg",
            "reply_content": "\u8a8d\u8b58\u9999\u9999\u771f\u723d"
        },
        {
            "reply_id": "UgxejACpbJLrsSOjDOB4AaABAg",
            "reply_content": "\u6211\u60f3\u5927\u90e8\u5206\u7684\u53cb\u8abc\u4e00\u7d93\u5435\u67b6\u4e00\u5b9a\u6703\u6709\u88c2\u7e2b\n\u9019\u88c2\u7e2b\u8f03\u56b4\u91cd\u7684\u53ef\u80fd\u9019\u8f29\u5b50\u5c31\u4e0d\u518d\u548c\u597d\n\u6240\u4ee5\u6d0b\u8525\u9019\u7bc7\u7b97\u662f\u4fee\u98fe\u5f97\u5f88\u597d\uff0c\u7d66\u5404\u4f4d\u53ef\u80fd\u9084\u5728\u5435\u67b6\u6216\u662f\u51b7\u6230\u7684\u53cb\u8abc\u5011\u5f88\u597d\u7684\u501f\u93e1\ud83d\udc4d"
        },
        {
            "reply_id": "UgxWPWhaVzF0IPZsdOR4AaABAg",
            "reply_content": "\u6d0b\u8525\u662f\u8ddf\u9999\u9999\u5728\u4e00\u8d77\u55ce??"
        },
        {
            "reply_id": "Ugx9CGH1vs4PwXik2qJ4AaABAg",
            "reply_content": "\u7b11\u6b7b\u96d9\u4e8c\u4e00"
        },
        {
            "reply_id": "UgwS_6-ObI_aaZj2JyR4AaABAg",
            "reply_content": "\u770b\u5230\u6709\u59b9\u5b50\u624d\u9ede\u9032\u4f86\u7684\ud83d\ude02"
        },
        {
            "reply_id": "UgzNURJg1Vbx26Kl4vd4AaABAg",
            "reply_content": "\u8aaa\u597d\u55ae\u8eab\u5230\u5929\u8352\u5730\u8001 \u9664\u975e\u4f60\u641e\u57fa"
        },
        {
            "reply_id": "UgyKDG27oTrzx12YrOl4AaABAg",
            "reply_content": "\u670b\u53cb\u597d\u9999"
        },
        {
            "reply_id": "UgzaHdq67aQwyWIilxB4AaABAg",
            "reply_content": "\u54c7\u9760\u5e79 \u4f60\u8a8d\u8b58\u9999\u9999\u5594\uff1f\u660e\u986f\u72e0\u89d2\u8272"
        },
        {
            "reply_id": "Ugx0tC5odCvs-kahZq14AaABAg",
            "reply_content": "\u70ba\u4ec0\u9ebc\u9019\u500b\u79ae\u62dc\u6c92\u5f71\u7247\uff1f"
        },
        {
            "reply_id": "UgzclL-mVW6dUja5lRJ4AaABAg",
            "reply_content": "\u9019\u8b93\u6211\u60f3\u5230\u4ee5\u524d\u5927\u5b78\u6709\u8ddf\u5ba4\u53cb\u56e0\u70ba\u904a\u6232\u5927\u5435\u4e00\u67b6\uff0c\u7d50\u679c\u6700\u5f8c\u53cd\u800c\u66f4\u597d\uff0c\u4e4b\u5f8c\u79df\u623f\u5b50\u90fd\u7576\u9130\u5c45\uff0c\u7562\u696d\u5f8c\u96d6\u7136\u5f88\u4e45\u6c92\u806f\u7d61\uff0c\u4f46\u5076\u723e\u96fb\u8a71\u4e00\u4f86\u4e00\u807d\u5230\u8072\u97f3\u5c31\u6703\u958b\u59cb\u4e0d\u81ea\u4e3b\u7684\u4e92\u76f8\u6253\u5634\u7832"
        },
        {
            "reply_id": "UgxoxJTKXtvhMJOz7Sl4AaABAg",
            "reply_content": "\u5f88\u5ee2"
        }
    ]
}