{
    "video_info": {
        "id": "JaW-Vjtipi4",
        "channelTitle": "Onion Man",
        "title": "Onion Man | \u5916\u5cf6\u7206\u6c57\u7f8e\u98df\u4e4b\u65c5\uff01\u5c0f\u7409\u740336\u5ea6\u8c54\u967d\u4e4b\u767d\u5403\u767d\u4f4f\u7bc7\uff1f\u5927\u5556\u9165\u70b8\u8702\u5de2\u8766\uff01  @BIGSNAKEBALL @superpepper.  @foodfoodaddict @z2ztwo",
        "description": "\u4e00\u8d9f\u958b\u5fc3\uff0c\u6d41\u6c57\uff0c\u904b\u52d5\uff0c\u5927\u5556\u7f8e\u98df\u7684\u65c5\u884c\uff01\n\n\u672c\u7bc7\u611f\u8b1d \n\u3010\u7f8e\u7121\u75d5 \u6297\u75d8\u4fee\u5fa9\u51dd\u81a0 x \u6d0b\u8525\u3011\n\u2705\u5b89\u7f8e\u8afe x \u53f0\u9152\u751f\u6280\u5f37\u5f37\u806f\u624b-\u5564\u9152\u82b1\u5f37\u5316\u808c\u819a\u4fdd\u8b77\u529b\n\u2705\u64c1\u6709\u885b\u798f\u90e8\u7279\u5b9a\u7528\u9014\u5316\u599d\u54c1\u8a31\u53ef\u8b49\u3001SGS\u5b89\u5168\u6aa2\u6e2c\u7121\u91cd\u91d1\u5c6c\u9a57\u51fa\n\u2705\u591a\u7a2e\u6b50\u76df\u6709\u6a5f\u8a8d\u8b49\u690d\u7269\u8403\u53d6\u6210\u5206 \n\u2705\u6c34\u694a\u9178\u6709\u6548\u6297\u75d8\u4ee3\u8b1d\u8001\u5ee2\u89d2\u8cea\n\ud83e\udd0d\u6eab\u548c\u4ee3\u8b1d \u5b89\u64ab\u8212\u7de9 \u63d0\u5347\u4fdd\u8b77\u529b\n\ud83e\udd0d\u4fee\u8b77\u6bdb\u5b54\u6539\u5584\u808c\u819a\u4e0d\u9069\n\ud83e\udd0d\u5149\u6ed1\u808c\u819a \u9810\u9632\u3001\u6539\u5584\u75d8\u75d8\u554f\u984c\n\ud83e\udd0d\u7c21\u55ae\u6b65\u9a5f-\u6d17\u81c9\u5b8c\u4e0a\u5b8c\u5316\u599d\u6c34\u5f8c\u5728\u75d8\u75d8\u7684\u5730\u65b9\u5857\u62b9\u51dd\u81a0\n\ud83e\udd0d\u5b98\u7db2\u5168\u53f0\u4e0d\u9650\u91d1\u984d\u514d\u904b \u6d0b\u8525\u5c08\u5c6c\u512a\u60e0\u6298$600 https://amiino.vip/3vexl\n\n\n\u3010\u8a02\u95b1\u3011\u53ca\u89c0\u770b\u6d0b\u8525\u66f4\u591a\u5f71\u7247: https://goo.gl/ijP3Eb\n\n\u5de5\u4f5c\u5408\u4f5c\uff1aonionmanwork@gmail.com\nOnion Man \u767e\u842c\u8ffd\u8e64\u7c89\u7d72\u5718:goo.gl/Z5CSvw\n\n\u6700\u65b0\u963f\u6587\u8cbc\u5716:https://reurl.cc/GxYjA\n\n\u7b2c\u4e00\u4ee3\u963f\u6587line\u8cbc\u5716:https://reurl.cc/Wroxx\n\n\u6d0b\u8525\u79c1\u751f\u6d3bIG:https://www.instagram.com/onionman__/\n\n\n\u904b\u52d5\u6f2b\u756b\u88e1\u7684\u4e2d\u4e8c\u8001\u6897\u5287\u60c5\n\u25ba\u7b2c\u4e00\u96c6:https://youtu.be/cMoV1rPH35k\n\u25ba\u7b2c\u4e8c\u96c6:https://youtu.be/iW7LM00lny0\n\u25ba\u7b2c\u4e09\u96c6:https://youtu.be/2G5wu61uCM0\n\u25ba\u7b2c\u56db\u96c6:https://youtu.be/-rP1abYv8n4\n\nOnion Man \u95dc\u9375\u5b57:\n\u4e2d\u4e8c \u80a5\u5b85 \u55ae\u8eab\u6f22 \u55ae\u8eab \u9b6f\u86c7 \u5c4c\u7d72 \u80a5\u5b85",
        "likeCount": "17035",
        "commentCount": "1015",
        "viewCount": "1108012"
    },
    "comments": [
        {
            "reply_id": "UgzWNS4UTPg4xwSDyfx4AaABAg",
            "reply_content": "\u8d85\u7d1a\u5065\u5eb7\u7684\u6d3b\u52d5\ud83d\ude02"
        },
        {
            "reply_id": "Ugxj9fMMhnP2Ve3IgH14AaABAg",
            "reply_content": "\u8d85\u597d\u7b11\u7684\u62c9"
        },
        {
            "reply_id": "Ugy133goT54RF37XkZt4AaABAg",
            "reply_content": "\u597d\u559c\u6b61\u770b\u9019\u7a2e\u5f71\u7247\u3002\u5927\u5bb6\u611f\u60c5\u90fd\u597d\u597d"
        },
        {
            "reply_id": "Ugw6O3pzvSZPXxQYZnB4AaABAg",
            "reply_content": "\u786c\u8f49\u56de\u4f86\u771f\u7684\u731b"
        },
        {
            "reply_id": "UgzBX7POoO4tYGW7YyJ4AaABAg",
            "reply_content": "\u9019\u500b\u7d44\u5408\u592a\u597d\u7b11\u4e86\ud83d\ude02\ud83d\ude02"
        },
        {
            "reply_id": "UgwFbbvdxIrFJAryJkl4AaABAg",
            "reply_content": "\u6211\u5011\u670b\u53cb\u5718\u9ad4\u51fa\u53bb\u73a9\n\u6703\u4e00\u4eba\u5148\u6536\u4e00\u5b9a\u7684\u8cbb\u7528\u7576\u516c\u8cbb\n\u7136\u5f8c\u53ea\u8981\u662f\u5718\u9ad4\u90fd\u6709\u7528\u7684\u5c31\u516c\u8cbb\u51fa\n\u5269\u4e0b\u7684\u9322\u5927\u5bb6\u518d\u5747\u5206\n\u9019\u6a23\u5c31\u611f\u89ba\u6bd4\u8f03\u4e0d\u6703\u4e0d\u597d\u610f\u601d\ud83d\ude0a"
        },
        {
            "reply_id": "Ugx8l5EeggOzWdjzubJ4AaABAg",
            "reply_content": "\u6c34\u694a\u9178\u7528\u4e86\u6703\u6c34\u6027\u694a\u82b1\u55ce"
        },
        {
            "reply_id": "UgzwC3Mn3HJdpNthnex4AaABAg",
            "reply_content": "\u771f\u7684\u5f88\u559c\u6b61\u6d0b\u8525"
        },
        {
            "reply_id": "UgzdGjY_gggxbrsWxf14AaABAg",
            "reply_content": "\u592a\u80d6\u771f\u7684\u6015\u639b\u6389\u5fc3\u808c\u6897\u585e\u7cd6\u5c3f\u75c5\u985e\u6bcf\u6b21\u770b\u5230\u86c7\u4e38\u66b4\u5403\u662f\u4e0d\u5065\u5eb7\u5c31\u4e0d\u60f3\u770b\u5c0d\u81ea\u5df1\u4e0d\u8ca0\u8cac\u3001\u4ed6\u9084\u6709\u611b\u4ed6\u7684\u963f\u516c\u9808\u8981\u7167\u9867"
        },
        {
            "reply_id": "UgwXC7j5EoxwGQzO8Qd4AaABAg",
            "reply_content": "\u597d\u68d2\u7684\u53cb\u8abc"
        },
        {
            "reply_id": "Ugxkr6NdsAGjhu91Fnh4AaABAg",
            "reply_content": "\u6d0b\u8525\u696d\u914d\u4e0d\u8981\u4e82\u53eb\u62c9><"
        },
        {
            "reply_id": "UgyxHXw6f115BR_S3Lh4AaABAg",
            "reply_content": "\u597d\u559c\u6b61\u4f60\u5011\u7684\u76f8\u8655\u904e\u7a0b\uff0c\u5f7c\u6b64\u76f8\u4e92\u7406\u89e3\u5c0d\u65b9\uff0c\u958b\u5fc3\u73a9\u6a02\u7684\u6bcf\u4e00\u500b\u77ac\u9593"
        },
        {
            "reply_id": "Ugx4u7Hk2ciO6wI63hZ4AaABAg",
            "reply_content": "\u771f\u5fc3\u5f88\u611b\u9019\u500b\u7d44\u5408\uff0c\u5168\u90e8\u770b\u5b8c\u7cfb\u5217\u771f\u7684\u5f88\u8607\u798f\uff0c\u5404\u53f8\u5176\u8077\u6700\u5f37"
        },
        {
            "reply_id": "UgzMlIWUWnO_NBE3YwZ4AaABAg",
            "reply_content": "\u9019\u5c31\u662f\u611b"
        },
        {
            "reply_id": "UgwJoVu6lR98HeP4RDx4AaABAg",
            "reply_content": "\u9019\u7a2e\u4e00\u8d77\u51fa\u53bb\u73a9\u7cfb\u5217\u53ef\u4ee5\u591a\u62cd\u4e00\u9ede\u55ce"
        },
        {
            "reply_id": "Ugz-bWCK1xgbOdySl-t4AaABAg",
            "reply_content": "\u597d\u597d\u7b11"
        },
        {
            "reply_id": "UgwciZhj0y671VlDyy94AaABAg",
            "reply_content": "\u597d\u559c\u6b61\u4f60\u5011\u2764\ufe0f\u53cb\u8abc\u9577\u5b58"
        },
        {
            "reply_id": "UgwGKpFFedtcCJyrhIZ4AaABAg",
            "reply_content": "\u559c\u6b61\u4f60\u5011\u74b0\u5cf6\u5e6b,\u5e0c\u671b\u4f60\u5011\u53ef\u4ee5\u591a\u53bb\u5176\u4ed6\u570b\u5bb6\u5730\u65b9\u62cd\u7247\ud83e\udd29,\u6e1b\u80a5?\ud83e\udd23"
        },
        {
            "reply_id": "UgwU3kaVSzoK0svRUOl4AaABAg",
            "reply_content": "\u6d0b\u8525\u628a\u670b\u53cb\u5011\u756b\u5f97\u597d\u53ef\u611b"
        },
        {
            "reply_id": "UgxQ0d3oEN1gD72vqll4AaABAg",
            "reply_content": "\u7d50\u5c3e\u7684\u97f3\u6a02\u914d\u7167\u7247\u597d\u611f\u52d5"
        }
    ]
}