{
    "video_info": {
        "id": "jpV0H_mlC2o",
        "channelTitle": "Onion Man",
        "title": "Onion Man | \u5728\u7f8e\u570b\u88ab\u786c\u585eCD\u9084\u8ce3\u8d85\u8cb4!! \u5145\u6eff\u9a5a\u559c\u7684\u7f8e\u570b\u884c!!    @JBao@huzi1989 @DOILYLIFE",
        "description": "\u975e\u5e38\u5e78\u798f\uff0c\u81ea\u80a5\u7684\u4e00\u8d9f\u65c5\u7a0b\uff0c\u6bcf\u5929\u90fd\u597dCHILL~~~\n\n\u751f\u6d3b\u592a\u7121\u804a\uff0c\u5c31\u73a9\u3010\u7a7a\u4e4b\u8981\u585e\uff1a\u555f\u822a\u3011\ud83d\udc49\ud83c\udffb https://bit.ly/3DZBb0z\n\u9084\u6709\u6d0b\u8525\u7684\u5c08\u5c6c\u79ae\u5305\u78bc\u3010Onion777\u3011\uff0c\u53c8\u9999\u53c8\u5a46\u7684\u89d2\u8272\u4e00\u6b21\u62bd\u5230\u6eff\uff01\n\u65e5\u5f0f\u84b8\u6c7d\u5e7b\u60f3\u5192\u96aa\u4e4b\u65c5\uff0c\u8ddf\u6211\u4e00\u8d77\u51fa\u767c\u5427\uff01\n\n\u3010\u8a02\u95b1\u3011\u53ca\u89c0\u770b\u6d0b\u8525\u66f4\u591a\u5f71\u7247: https://goo.gl/ijP3Eb\n\n\u5de5\u4f5c\u5408\u4f5c\uff1aonionmanwork@gmail.com\nOnion Man \u767e\u842c\u8ffd\u8e64\u7c89\u7d72\u5718:goo.gl/Z5CSvw\n\n\u6700\u65b0\u963f\u6587\u8cbc\u5716:https://reurl.cc/GxYjA\n\n\u7b2c\u4e00\u4ee3\u963f\u6587line\u8cbc\u5716:https://reurl.cc/Wroxx\n\n\u6d0b\u8525\u79c1\u751f\u6d3bIG:https://www.instagram.com/onionman__/\n\n\n\u904b\u52d5\u6f2b\u756b\u88e1\u7684\u4e2d\u4e8c\u8001\u6897\u5287\u60c5\n\u25ba\u7b2c\u4e00\u96c6:https://youtu.be/cMoV1rPH35k\n\u25ba\u7b2c\u4e8c\u96c6:https://youtu.be/iW7LM00lny0\n\u25ba\u7b2c\u4e09\u96c6:https://youtu.be/2G5wu61uCM0\n\u25ba\u7b2c\u56db\u96c6:https://youtu.be/-rP1abYv8n4\n\nOnion Man \u95dc\u9375\u5b57:\n\u4e2d\u4e8c \u80a5\u5b85 \u55ae\u8eab\u6f22 \u55ae\u8eab \u9b6f\u86c7 \u5c4c\u7d72 \u80a5\u5b85",
        "likeCount": "5560",
        "commentCount": "391",
        "viewCount": "349354"
    },
    "comments": [
        {
            "reply_id": "UgxNyX5r1if5EYubyhZ4AaABAg",
            "reply_content": "\u771f\u8981\u73cd\u60dc\uff0c\u770b\u5230\u6d0b\u8525\u8aaa\u770b\u5230\u53e6\u4e00\u500b\u5bb6\u4eba\u5728\u73a9\u8db3\u7403\u756b\u9762\u54ed\u4e86\uff0c\u6211\u60f3\u8d77\u6211\u7238\u7238\u4e5f\u54ed\u4e86"
        },
        {
            "reply_id": "UgwjFZWS_jU7GY8yejN4AaABAg",
            "reply_content": "\u6f22\u5821\u597d\u4fbf\u5b9c\uff0c\u6211\u5728\u6b50\u6d32\u96a8\u4fbf\u9ede\u90fd\u8d85\u904e\u20ac10\u6b50"
        },
        {
            "reply_id": "UgwwoOJDUmrX2klL71F4AaABAg",
            "reply_content": "\u50cf\u5357\u5d01\u662f\u600e\u6a23\ud83e\udd23"
        },
        {
            "reply_id": "Ugx3w8SaWcDxCVhpwTl4AaABAg",
            "reply_content": "\u9019\u80cc\u666f\u97f3\u6a02  \u771f\u719f\u6089"
        },
        {
            "reply_id": "Ugy2eXkJZHuUeqvOinh4AaABAg",
            "reply_content": "\u5230\u6021\u5b78\u6d0b\u8525\u8dd1\u6b65\u8ddf\u6253\u7403\u90a3\u6bb5\u5f88\u597d\u7b11"
        },
        {
            "reply_id": "UgzUNq-Ev7kwm5TeGWF4AaABAg",
            "reply_content": "\u661f\u5149\u5927\u9053\u3109\u5531\u7247\u7d55\u5c0d\u4e0d\u80fd\u62ff\ud83e\udd23"
        },
        {
            "reply_id": "Ugw3-XIIM6K6UFOtoNJ4AaABAg",
            "reply_content": "\u53ef\u6076\uff01\u6211\u5c31\u5728\u6d1b\u6749\u77f6\uff0c\u7adf\u7136\u6ca1\u6709\u78b0\u5230\uff01\uff01\uff01\u90a3\u4e2aCD\uff0c\u6211\u7b2c\u4e00\u6b21\u6765\u7f8e\u56fd\u7684\u65f6\u5019 \u8ddf\u6211\u7238\u5988\u4e00\u8d77\u53bb\u661f\u5149\u5927\u9053\uff0c\u7ed3\u679c\u5c31\u4e00\u5806\u7279\u522b\u9ad8\u7684\u9ed1\u4eba\u8001\u5916\u56f4\u7740\u6211\u9012\u7ed9\u6211\u90a3\u4e2aCD\u7136\u540e\u8bf4\u4e00\u5b9a\u8981\u6211\u4e70\uff0c\u4e0d\u4e70\u4e0d\u8ba9\u8d70\u3002\u771f\u5f97\u5f88\u5413\u4eba\u554a\uff01\uff01\uff01"
        },
        {
            "reply_id": "Ugzkg7r9PTeqTj9swi94AaABAg",
            "reply_content": "\u7576\u521d\u56e0\u70baGTA\u5c0d\u9019\u500b\u57ce\u5e02\u6709\u5f88\u591a\u5e7b\u60f3\u52a0\u4e0a\u662f\u6e56\u4eba\u968a\u8001\u7c89\uff0c\u51fa\u793e\u6703\u5c31\u52aa\u529b\u5b58\u4e86\u9ede\u9322\u53bb\u898f\u5283\u4e8620\u5929\u52a0\u5dde\u65c5\u884c\uff0c\u5728\u904a\u6232\u88e1\u8dd1\u4e86\u7121\u6578\u6b21\u7684\u57ce\u5e02\uff0c\u4e0b\u98db\u6a5f\u8e0f\u4e0a\u90a3\u584a\u571f\u5730\u7684\u5fc3\u60c5\u81f3\u4eca\u96e3\u5fd8\uff0c\u770b\u5230\u8070\u54e5\u7684\u5f71\u7247\u53c8\u60f3LA\u7f8e\u597d\u56de\u61b6\uff0c\u5c0d\u4e86\u6f22\u5821\u6211\u662fSS\u6d3e\u7684\uff01"
        },
        {
            "reply_id": "UgwT4ndgH--ucCJ1a9Z4AaABAg",
            "reply_content": "\u90a3\u500b\u6d6a\u8cbb\u6642\u9593\u7684\u8857\u982d\u8868\u6f14\u7d10\u7d04\u4e5f\u662f\u4e00\u5806\u9ed1\u4eba\u5728\u641e\uff0c\u540c\u6a23\u4e5f\u6703\u516c\u958b\u8655\u5211\u4e0a\u53f0\u7684\u89c0\u773e\uff0c\u9760\u8457\u4eba\u7fa4\u570d\u89c0\u7684\u529b\u91cf\u8b93\u4f60\u4e0b\u4e0d\u4e86\u53f0\uff0c\u8b66\u5bdf\u5728\u65c1\u908a\u4e5f\u662f\u770b\u723d\u723d\uff0c\u5b8c\u5168\u8b8a\u76f8\u8a50\u9a19\u96c6\u5718\u7684\u611f\u89ba"
        },
        {
            "reply_id": "UgwyKiWLWfqw1bATFDN4AaABAg",
            "reply_content": "\u7c43\u7403\u90a3\u6bb5\u6211\u7b11\u721b \u9084\u5e36\u6709\u4e4b\u524d\u4e2d\u4e8c\u7bc7\u7684\u6897"
        },
        {
            "reply_id": "UgwqmNfKEJ2uYvCflAJ4AaABAg",
            "reply_content": "\u6211\u7684\u5bbf\u820d\u4e5f\u662f\u5169\u9593\u623f\u5171\u7528\u4e00\u500b\u5ec1\u6240\ud83d\ude39\ud83d\ude39\ud83d\ude39\u6c92\u958b\u9580\u5c31\u6703\u5728\u8cf4\u4e0a\u7f75\u4eba\ud83d\ude39"
        },
        {
            "reply_id": "Ugx4gg7g1Rjsh7ugU4p4AaABAg",
            "reply_content": "\u597d\u559c\u6b61\u6d0b\u8525\u51fa\u570b\u7684\u7247\ud83c\udf89\u8acb\u4f60\u7e7c\u7e8c\u8d70\u904d\u4e16\u754c\u5404\u5730"
        },
        {
            "reply_id": "UgyGkl3DmRfSB0pZVvF4AaABAg",
            "reply_content": "\u7f8e\u570b\u7684\u86cb\u5f88\u4fbf\u5b9c\uff0c\u597d\u597d\u5594"
        },
        {
            "reply_id": "Ugy66jlwwFaqlbNvrXp4AaABAg",
            "reply_content": "\u8212\u670d"
        },
        {
            "reply_id": "Ugy6plcfCW8WYtSYUxV4AaABAg",
            "reply_content": "\u5357\u5d01\u662f\u4e09\u5c0f\u5566\u54c8\u54c8\u54c8"
        },
        {
            "reply_id": "UgziOMWH0NFBOl6nHJF4AaABAg",
            "reply_content": "\u7d50\u679c\u53f0\u7063\u96de\u86cb\u8cb4\u7206"
        },
        {
            "reply_id": "UgyNrPG646RE4zYhNMV4AaABAg",
            "reply_content": "\u6709\u8179\u808c\u53c8\u6703\u6253\u7c43\u7403\u53c8\u6703\u8b1b\u82f1\u6587\u53c8\u6703\u8dd1\u6b65\u5403\u8349\u64bf\u98db\u76e4\u7684\u6d0b\u8525"
        },
        {
            "reply_id": "UgzgIntNU5-T8I6nu354AaABAg",
            "reply_content": "\u53f0\u7063\u4e5f\u6709\u4e00\u7fa4\u7537\u7684\u8857\u982d\u85dd\u4eba\uff0c\u6bcf\u6b21\u90fd\u662f\u7092\u71b1\u6c23\u6c1b\u4e8c\u5341\u5206\u9418\u8868\u6f14\u4e94\u5206\u9418\uff0c\u6bcf\u6b21\u770b\u5230\u90fd\ud83d\ude05\ud83d\ude05"
        },
        {
            "reply_id": "UgyoMQ0NIAM8_oey1Q54AaABAg",
            "reply_content": "\u53bb\u904e\u570b\u5916\u611f\u53d7\u5230\u570b\u5916\u7684\u5929\u6c23\u5c31\u6703\u958b\u59cb\u8a8d\u540c\u932b\u862d\u8aaa\u7684\u8a71"
        },
        {
            "reply_id": "Ugz9yokwlSOemVhud4J4AaABAg",
            "reply_content": "\u6211\u4e00\u500b\u6708\u524d\u5728\u820a\u91d1\u5c71"
        }
    ]
}