{
    "video_info": {
        "id": "kIBVfxooQig",
        "channelTitle": "Onion Man",
        "title": "Onion Man | \u6211\u7684\u6158\u75db\u751f\u65e5\uff01\u6211\u5be7\u9858\u7576\u908a\u7de3\u4eba... FT. @BIGSNAKEBALL  @JBao",
        "description": "\u3010\u8a02\u95b1\u3011\u53ca\u89c0\u770b\u6d0b\u8525\u66f4\u591a\u5f71\u7247: https://goo.gl/ijP3Eb\n\n\u5de5\u4f5c\u5408\u4f5c\uff1aonionmanwork@gmail.com\nOnion Man \u767e\u842c\u8ffd\u8e64\u7c89\u7d72\u5718:goo.gl/Z5CSvw\n\n\u6700\u65b0\u963f\u6587\u8cbc\u5716:https://reurl.cc/GxYjA\n\n\u7b2c\u4e00\u4ee3\u963f\u6587line\u8cbc\u5716:https://reurl.cc/Wroxx\n\n\u6d0b\u8525\u79c1\u751f\u6d3bIG:https://www.instagram.com/onionman__/\n\n\n\u904b\u52d5\u6f2b\u756b\u88e1\u7684\u4e2d\u4e8c\u8001\u6897\u5287\u60c5\n\u25ba\u7b2c\u4e00\u96c6:https://youtu.be/cMoV1rPH35k\n\u25ba\u7b2c\u4e8c\u96c6:https://youtu.be/iW7LM00lny0\n\u25ba\u7b2c\u4e09\u96c6:https://youtu.be/2G5wu61uCM0\n\u25ba\u7b2c\u56db\u96c6:https://youtu.be/-rP1abYv8n4\n\nOnion Man \u95dc\u9375\u5b57:\n\u4e2d\u4e8c \u80a5\u5b85 \u55ae\u8eab\u6f22 \u55ae\u8eab \u9b6f\u86c7 \u5c4c\u7d72 \u80a5\u5b85",
        "likeCount": "21184",
        "commentCount": "2584",
        "viewCount": "1155015"
    },
    "comments": [
        {
            "reply_id": "UgxEBEfs2xK7thsiMW94AaABAg",
            "reply_content": "\u6211\u5f88\u5c11\u5728\u5b78\u6821\u904e\u904e\u751f\u65e5\n\u6211\u751f\u65e5\u5728\u4e8c\u6708\u4efd \u90a3\u6642\u5019\u8981\u561b\n\u9084\u5728\u5bd2\u5047 \u4e0d\u7136\u5c31\u662f\u958b\u5b78\u7b2c\u4e00\u5929"
        },
        {
            "reply_id": "UgzlRQG5JKA65scdmAJ4AaABAg",
            "reply_content": "\u751f\u65e5\u5feb\u6a02\ud83c\udf89 \u4e0d\u904e\u9019\u6a23\u5b50\u6211\u4e00\u5b9a\u7ffb\u81c9"
        },
        {
            "reply_id": "Ugz0KBgob5qS8v5ooxB4AaABAg",
            "reply_content": "\u5982\u679c\u6709\u4eba\u5c0d\u6211\u9019\u6a23\uff0c\u6211\u4e0d\u6703\u958b\u5fc3\uff0c\u6211\u53ea\u6703\u7f75\u7206\u4ed6\u5011"
        },
        {
            "reply_id": "UgwWjLszONER5HjdVKx4AaABAg",
            "reply_content": "\u9084\u662f\u8981\u5c0a\u91cd\u6bcf\u500b\u4eba\u4e0d\u540c\u7684\u7fd2\u6163\uff0c\u4ee5\u524d\u5927\u5b78\u6642\u5927\u5bb6\u5e6b\u4e00\u500b\u6c92\u6709\u904e\u7bc0\u65e5\u7fd2\u6163\u7684\u4eba\u6e96\u5099\u9a5a\u559c\u6176\u751f\uff0c\u4ed6\u672c\u8eab\u662f\u9664\u4e86\u8fb2\u66c6\u904e\u5e74\u4ee5\u5916\uff0c\u5bb6\u88e1\u5176\u4ed6\u7bc0\u65e5\u5305\u542b\u751f\u65e5\u90fd\u6c92\u5728\u904e\u53ea\u7576\u4f5c\u7d05\u5b57\u653e\u5047\u800c\u5df2\uff0c\u7d50\u679c\u88ab\u5176\u4ed6\u4eba\u5687\u5230\u72c2\u98c6\u5341\u5e7e\u5206\u9418\u9ad2\u8a71\uff0c\u51b7\u975c\u4e0b\u4f86\u4ee5\u5f8c\u7684\u7b2c\u4e00\u53e5\u8a71\u662f\uff1a\u554a\uff1f\u4eca\u5929\u6211\u751f\u65e5\u54e6\uff1f\uff0c\u662f\u771f\u7684\u9023\u81ea\u5df1\u751f\u65e5\u90fd\u4e0d\u8a18\u5f97\u7684\u4eba\uff08\u6211\u5011\u662f\u770b\u5b78\u751f\u8b49\u624d\u77e5\u9053\u751f\u65e5\u7684\uff09\uff0c\u6240\u4ee5\u4e8b\u524d\u9084\u662f\u8981\u8ddf\u5c0d\u65b9\u78ba\u8a8d\u624d\u884c\u3002"
        },
        {
            "reply_id": "UgxsipzupnIEGJsPyb54AaABAg",
            "reply_content": "\u7ffb\u81c9\u904e"
        },
        {
            "reply_id": "Ugw9U-WH8MNcA-Xb7jd4AaABAg",
            "reply_content": "\u6211\u751f\u65e5\u90fd\u6691\u5047"
        },
        {
            "reply_id": "UgyjKbT0VTiLXqFfH5p4AaABAg",
            "reply_content": "\u6211\u4e00\u5b9a\u6703\u5927\u7206\u4ed6\u5011"
        },
        {
            "reply_id": "Ugz7f8x-Alf6mArLHfV4AaABAg",
            "reply_content": "\u8981\u662f\u6709\u4eba\u9019\u6a23\u6574\u6211\u6211\u6703\u76f4\u63a5\u767c\u98c6"
        },
        {
            "reply_id": "UgxFlV-wH4xgMoRmyRF4AaABAg",
            "reply_content": "\u5176\u5be6\u9019\u7a2eG8\u884c\u70ba\u662f\u53ef\u4ee5\u8ffd\u7a76\u6cd5\u5f8b\u8cac\u4efb\u7684\u5594\uff5e"
        },
        {
            "reply_id": "Ugw6Z5PzEbiNZuHk-VR4AaABAg",
            "reply_content": "\u6211\u61f7\u7591\u4f60\u6709M\u7684\u50be\u5411"
        },
        {
            "reply_id": "UgxWPitpuPzBA27aFCp4AaABAg",
            "reply_content": "\u770b\u4f86\u751f\u65e5\u90a3\u4e00\u500b\u6708\u90fd\u4e0d\u80fd\u7a7f\u767d\u978b\u767d\u4e00\u767d\u8932\u767d\u896a"
        },
        {
            "reply_id": "UgzvA2S5xBqZf-9OtyV4AaABAg",
            "reply_content": "\u6d0b\u8525\u5927\u5b78\u662f\u4e2d\u539f\u55ce"
        },
        {
            "reply_id": "UgyNVFkuZgRt8p739sd4AaABAg",
            "reply_content": "\u5c0f\u5b78\u751f\u65e5\uff1a\u660e\u660e\u662f\u58fd\u661f\u537b\u8981\u7d66\u5168\u73ed\u7cd6\u679c \u5982\u679c\u662f\u4eba\u7de3\u4e0d\u597d\u7684\u5176\u4ed6\u4eba\u524d\u4e00\u79d2\u90a3\u4f60\u7684\u7cd6\u679c\u5f8c\u4e00\u79d2\u7f75\u4f60"
        },
        {
            "reply_id": "Ugwhv1hlSST5ZsWUMQB4AaABAg",
            "reply_content": "\u632f\u660e\u5fb7"
        },
        {
            "reply_id": "Ugwn-mqcBQVps2ENUL14AaABAg",
            "reply_content": "\u6211\u4e5f\u662f\u5341\u6708\u751f\u65e5"
        },
        {
            "reply_id": "Ugyo_SSiifpH1i3vMJR4AaABAg",
            "reply_content": "\u662f\u771f\u7684\u812b\u55ce\uff1f"
        },
        {
            "reply_id": "Ugz6REO_lka1KmgYCxd4AaABAg",
            "reply_content": "\u867d\u7136\u5f53\u65f6\u4e0d\u662f\u5bff\u661f\uff0c\u4f46\u6211\u8fd8\u662f\u5728\u73ed\u4e0a\u88ab\u4e00\u7fa4\u57fa\u53cb\u6252\u5149\u8863\u88e4 (\u65e0\u5948\n\u8fd8\u88ab\u8def\u8fc7\u5b66\u59b9\u4eec\u770b\u89c1\uff0c\u5e79"
        },
        {
            "reply_id": "Ugy-UVFoPkNJhFO7WFB4AaABAg",
            "reply_content": "\u6c92\u904e\u904e\u751f\u65e5 \u53ea\u80fd\u770b\u770b\u5f71\u7247 \u5e7b\u60f3\u81ea\u5df1\u6709\u670b\u53cb"
        },
        {
            "reply_id": "UgwWAh6Xj1FN59LEsRt4AaABAg",
            "reply_content": "\u6709\u4eba\u5e6b\u6176\u751f\u9084\u6562\u81ea\u7a31\u908a\u7de3\u4eba\u771f\u662f\u4e0d\u539a\u9053\n\u6211\u6c42\u5b78\u671f\u9593\u53ef\u6c92\u6709\u540c\u5b78\u5e6b\u6211\u6176\u751f\u904e\u7562\u7adf\u6211\u7684\u751f\u65e5\u662f8\u6708\n\u51fa\u793e\u6703\u5f8c\u7576\u7136\u66f4\u6c92\u6709"
        },
        {
            "reply_id": "UgyPBjxPpqnFv6bhPnt4AaABAg",
            "reply_content": "\u6211\u5f9e\u570b\u5c0f\u5230\u4e2d\u5b78\u7684\u751f\u65e5\uff1a\u7761\u89ba-\u624b\u6a5f-\u624b\u6a5f"
        }
    ]
}