{
    "video_info": {
        "id": "L2vcd-GxrjM",
        "channelTitle": "Onion Man",
        "title": "Onion Man | \u6eff\u8857\u66b4\u767c\u6236\u7684\u5962\u83ef\u57ce\u5e02\uff01\u6fb3\u9580\u8ced\u5834\u7bc7(\u4e0a) \u6d0b\u8525\u7684\u4e5e\u4e10\u8ced\u6cd5\u7bc7",
        "description": "\u6d0b\u8525\u60f3\u4e86\u89e3\u8ced\u57ce\u5230\u5e95\u597d\u73a9\u5728\u54ea\uff0c\u7279\u5730\u98db\u5230\u6fb3\u9580\u6311\u6230\u4e00\u756a\uff0c\u6c92\u60f3\u5230\u9019\u88e1\u771f\u4e0d\u662f\u4e00\u822c\u4eba\u8ced\u5f97\u8d77\u7684....\n\n\u3010\u8a02\u95b1\u3011\u53ca\u89c0\u770b\u6d0b\u8525\u66f4\u591a\u5f71\u7247: https://goo.gl/ijP3Eb\n\n\u5de5\u4f5c\u5408\u4f5c\uff1aonionmanwork@gmail.com\nOnion Man \u767e\u842c\u8ffd\u8e64\u7c89\u7d72\u5718:goo.gl/Z5CSvw\n\n\u6700\u65b0\u963f\u6587\u8cbc\u5716:https://reurl.cc/GxYjA\n\n\u7b2c\u4e00\u4ee3\u963f\u6587line\u8cbc\u5716:https://reurl.cc/Wroxx\n\n\u6d0b\u8525\u79c1\u751f\u6d3bIG:https://www.instagram.com/onionman__/\n\n\n\u904b\u52d5\u6f2b\u756b\u88e1\u7684\u4e2d\u4e8c\u8001\u6897\u5287\u60c5\n\u25ba\u7b2c\u4e00\u96c6:https://youtu.be/cMoV1rPH35k\n\u25ba\u7b2c\u4e8c\u96c6:https://youtu.be/iW7LM00lny0\n\u25ba\u7b2c\u4e09\u96c6:https://youtu.be/2G5wu61uCM0\n\u25ba\u7b2c\u56db\u96c6:https://youtu.be/-rP1abYv8n4\n\nOnion Man \u95dc\u9375\u5b57:\n\u4e2d\u4e8c \u80a5\u5b85 \u55ae\u8eab\u6f22 \u55ae\u8eab \u9b6f\u86c7 \u5c4c\u7d72 \u80a5\u5b85",
        "likeCount": "7235",
        "commentCount": "791",
        "viewCount": "600884"
    },
    "comments": [
        {
            "reply_id": "UgwcSWhPJZn3i405F9F4AaABAg",
            "reply_content": "\u6211\u767c\u73fe\u6d0b\u8525\u771f\u7684\u624d\u662f\u90a3\u7a2e\u6703\u51f9\u5230\u5e95\u7684\u4eba\uff0c\u73a9\u80a1\u7968\u7684\u8a71\u4e0d\u662f\u5927\u8cfa\u5c31\u662f\u8f38\u5230\u7834\u7522\u985e\u578b"
        },
        {
            "reply_id": "UgwvyhOjAuXGRTnyV_V4AaABAg",
            "reply_content": "\u665a\u4e0a\u7684\u884c\u7a0b\u6c92\u90fd\u8aaa\u51fa\u4f86?"
        },
        {
            "reply_id": "UgyqkNGYQ8zxJgZp5lh4AaABAg",
            "reply_content": "\u8d85\u6d3e"
        },
        {
            "reply_id": "UgyNkSIaUqQDwF6SYuN4AaABAg",
            "reply_content": "\u8d85\u6d3e"
        },
        {
            "reply_id": "UgxkEHBhtd5PQKlzBdh4AaABAg",
            "reply_content": "\u600e\u9ebc\u9019\u88e1\u4e5f\u6709\u8d85\u6d3e\ud83d\ude02"
        },
        {
            "reply_id": "UgzMMsVz21feFRM5uSV4AaABAg",
            "reply_content": "\u8ced\u5834\u6b63\u5e38\u4e0d\u53ef\u62cd\u651d"
        },
        {
            "reply_id": "UgxZbHdBd-PdBuyDGZt4AaABAg",
            "reply_content": "\u53ef\u6a02\u4e0d\u8981\u559d\u592a\u591a\u4e0d\u7136\u5c0d\u8eab\u9ad4\u4e0d\u597d..."
        },
        {
            "reply_id": "UgwKYvHxkN-F9nyVzal4AaABAg",
            "reply_content": "\u5f8c\u9762\u756b\u98a8\u76f4\u63a5\u7a81\u8b8a\u6210\u8ced\u535a\u9ed8\u793a\u9304\u5feb\u7b11\u6b7b~\u7d66\u958b\u53f8\u4e00\u7f50\u5564\u9152~"
        },
        {
            "reply_id": "UgzE4HKlbi5eNNJesbV4AaABAg",
            "reply_content": "\u706b\u71d2\u96c0\u7c60\u90fd\u6709\u4eba\u6b23\u8cde \u6b23\u8cde\u7684\u4eba\u662f\u4e0d\u662f\u5fc3\u5730\u4e0d\u597d\ud83d\udc4e"
        },
        {
            "reply_id": "UgxMCGaAqPeZmppKQcZ4AaABAg",
            "reply_content": "\u7b2c\u4e00\u6b21\u53bb\u8ced\u5834\u8f38\u9322\u662f\u597d\u4e8b\uff0c\u5982\u679c\u7b2c\u4e00\u6b21\u53bb\u5c31\u8d0f\u9322\uff0c\u90a3\u4e4b\u5f8c\u5c31\u4e0d\u66c9\u5f97\u8981\u8f38\u6389\u591a\u5c11\u9322\u4e86\uff01"
        },
        {
            "reply_id": "UgxGy9yC435c_3eCU8x4AaABAg",
            "reply_content": "\u5176\u5be6\u4e0d\u662f\u6a5f\u7387\u554f\u984c\u2026\u2026\u800c\u662f\u65e9\u5c31\u5beb\u597d\u7684\u7a0b\u5f0f\u5728\u8a08\u7b97\u6bcf\u4e00\u6b65\u7684\u8ce0\u7387\u2026\u2026\u8981\u8d0f\u53ea\u80fd\u7838\u9322\u53bb\u6d17\u6a5f\u7387"
        },
        {
            "reply_id": "UgzbE8nQv38AjlBI-gZ4AaABAg",
            "reply_content": "\u6211\u5728\u4e91\u9876\u8d4c\u573a\u538b\u4e00\u6ce8\u662f\u4e09\u5343\u4efd\u9ea6\u5f53\u52b3\u7684\u94b1\uff0c\u62dc\u6258\u4f60\u90a3\u79cd\u5c0f\u94b1\u8d4c\u573a\u8fd8\u770b\u4e0d\u4e0a\u5462 \u4e0d\u662f\u6211\u8d2c\u4f4e\u4f60 \u9ab0\u5b50\u4e0d\u662f\u4e8c\u5206\u4e4b\u4e00\uff0c\u8d4c\u573a\u6240\u6709\u6e38\u620f\u90fd\u4e0d\u662f\u4e8c\u5206\u4e4b\u4e00 \u5305\u62ec\u767e\u5bb6\u4e50"
        },
        {
            "reply_id": "UgzHCaIwG6kDaH3AVHt4AaABAg",
            "reply_content": "\u770b\u5b8c\u7c21\u76f4\u5feb\u7b11\u760b\u4e86~~\n\u6211\u56e0\u70ba\u5de5\u4f5c\u95dc\u4fc2\n\u524d\u5e7e\u5e74\u7d93\u5e38\u8981\u5f9e\u6fb3\u9580\u9032\u73e0\u6d77\n\u4f46\u662f\u6211\u500b\u4eba\u5f9e\u6c92\u6709\u8ced\n\u4f46\u662f\u6211\u771f\u7684\u5f88\u611b\u9032\u8ced\u5834\u770b\u5f62\u5f62\u8272\u8272\u7684\u4eba\n\u6703\u767c\u73fe\u771f\u7684\u5f88\u6709\u8da3\n\u4ee5\u524d\u820a\u8461\u4eac\u9152\u5e97\u5730\u4e0b\u6a13\u9084\u6703\u6709\u53bb\u53bb\u59b9\u8d70\u79c0\u53ef\u4ee5\u770b\n\u5c0d\u4e86\uff0c\u9280\u6cb3\u7684\u514d\u8cbb\u5976\u8336\u4e0d\u932f\u559d\u5594!!"
        },
        {
            "reply_id": "Ugyc-M1ViBgjb0v_fsd4AaABAg",
            "reply_content": "\u53bb\u5230\u6fb3\u9580\u5403\u4e00\u4e0b\u8461\u64bb\u5c31\u7b97\u4e86\ud83d\ude02\u5982\u679c\u6fb3\u9580\u7684\u6771\u897f\u4e5f\u5f88\u8cb4\u7684\u8a71\u6211\u8a8d\u70ba\u9999\u6e2f\u66f4\u8cb4 \u6211\u4e5f\u4e0d\u77e5\u9053\u4ed6\u5011\u662f\u600e\u9ebc\u751f\u6d3b\u4e0b\u53bb\u7684\ud83d\ude02\ud83d\ude02"
        },
        {
            "reply_id": "UgzMEBVoccf5ksa7Rcp4AaABAg",
            "reply_content": "\u7d50\u8ad6 \u5c31\u6982\u7387\u4f86\u8aaa \u838a\u5bb6\u662f\u5fc5\u8d0f\u7684 \u6021\u60c5\u5c31\u597d"
        },
        {
            "reply_id": "UgznUEaxevKavX4vzSl4AaABAg",
            "reply_content": "\u53ea\u80fd\u5f9e\u559d\u53ef\u6a02\u4f86\u56de\u672c\u4e86\u54c8\u54c8"
        },
        {
            "reply_id": "Ugy8B5AvFocPEf02M2d4AaABAg",
            "reply_content": "\u6709\u94b1\u53bb\u4e70\u516c\u4ed4\u4e0d\u6562\u82b1\u94b1\u8d4c\uff0c\u795e\u903b\u8f91"
        },
        {
            "reply_id": "UgzJWUlzZayd8sfRsgJ4AaABAg",
            "reply_content": "\u5341\u8ced\u4e5d\u8f38"
        },
        {
            "reply_id": "Ugxgu7VEkVcfdgA9g7F4AaABAg",
            "reply_content": "\u6d0b\u8525\u4f60\u932f\u904e\u4e86\u7f8e\u9ad8\u6885\u8ced\u5834\u5167\u7684\u9ed1\u7cd6\u9bae\u5976\u4e86\u5566\uff0c\u6211\u5011\u53bb\u8ced\u5834\u5c31\u53ea\u70ba\u4e86\u5b83\ud83d\ude02"
        },
        {
            "reply_id": "UgyRmJbeMPiGO5iRPZZ4AaABAg",
            "reply_content": "\u770b\u4f86\u53bb\u6fb3\u9580\u5f97\u7b97\u559d\u591a\u5c11\u53ef\u6a02\u53ef\u4ee5\u56de\u672c\u6a5f\u7968\u9322\ud83d\ude05"
        }
    ]
}