{
    "video_info": {
        "id": "l4-Uhe2ZrEk",
        "channelTitle": "Onion Man",
        "title": "Onion Man | \u5f9e\u6821\u5712\u908a\u7de3\u4eba\u8b8a\u6210\u793e\u4ea4\u725b\u903c\u75c7\uff01\u6d0b\u8525\u7684\u5927\u5b78\u4eba\u751f\u6210\u9577\u53f2\uff01",
        "description": "\u3010\u8a02\u95b1\u3011\u53ca\u89c0\u770b\u6d0b\u8525\u66f4\u591a\u5f71\u7247: https://goo.gl/ijP3Eb\n\n\u5de5\u4f5c\u5408\u4f5c\uff1aonionmanwork@gmail.com\nOnion Man \u767e\u842c\u8ffd\u8e64\u7c89\u7d72\u5718:goo.gl/Z5CSvw\n\n\u6700\u65b0\u963f\u6587\u8cbc\u5716:https://reurl.cc/GxYjA\n\n\u7b2c\u4e00\u4ee3\u963f\u6587line\u8cbc\u5716:https://reurl.cc/Wroxx\n\n\u6d0b\u8525\u79c1\u751f\u6d3bIG:https://www.instagram.com/onionman__/\n\n\n\u904b\u52d5\u6f2b\u756b\u88e1\u7684\u4e2d\u4e8c\u8001\u6897\u5287\u60c5\n\u25ba\u7b2c\u4e00\u96c6:https://youtu.be/cMoV1rPH35k\n\u25ba\u7b2c\u4e8c\u96c6:https://youtu.be/iW7LM00lny0\n\u25ba\u7b2c\u4e09\u96c6:https://youtu.be/2G5wu61uCM0\n\u25ba\u7b2c\u56db\u96c6:https://youtu.be/-rP1abYv8n4\n\nOnion Man \u95dc\u9375\u5b57:\n\u4e2d\u4e8c \u80a5\u5b85 \u55ae\u8eab\u6f22 \u55ae\u8eab \u9b6f\u86c7 \u5c4c\u7d72 \u80a5\u5b85",
        "likeCount": "9571",
        "commentCount": "759",
        "viewCount": "583589"
    },
    "comments": [
        {
            "reply_id": "UgxUqe0bfYvh4gIDQ1p4AaABAg",
            "reply_content": "\u7b11\u5230\u6b7b"
        },
        {
            "reply_id": "UgwIy-K9ARgDQLn6LO54AaABAg",
            "reply_content": "\u5bbf\u71df\u8df3\u821e\u90a3\u6bb5\u883b\u4e2d\u80af\u7684\ud83d\ude02\n\n\u6211\u8df3\u821e\u7684\u6642\u5019\n\u672c\u4f86\u9694\u58c1\u7ad9\u5169\u500b\u6b63\u59b9\u5b78\u59ca\n\u7d50\u679c\u7a81\u7136\u5169\u500b\u59272\u7684\u5b78\u9577\u8dd1\u904e\u4f86\uff0c\u63d2\u5230\u6211\u548c\u5b78\u59ca\u7684\u4e2d\u9593\n\u6240\u4ee5\u6211\u8b8a\u6210\u548c\u5169\u500b\u5b78\u9577\u727d\u624b\u8df3\ud83e\udd72"
        },
        {
            "reply_id": "UgxaacGkCO4vnlyn8cZ4AaABAg",
            "reply_content": "\u7b11\u6b7b\n\u7d50\u679c\u662f\u6f14\u6a39"
        },
        {
            "reply_id": "UgzdUrUq3FsTuyVeku54AaABAg",
            "reply_content": "\u8525\u54e5\u7684\u5f71\u7247\u771f\u7684\u53ef\u4ee5\u7121\u9650\u5237! \u6700\u611b\u5237\u8001\u5f35\u9b6f\u86c7\u6545\u4e8b\u3001\u9732\u71df\u3001\u5b78\u548c\u5176\u4ed6\u3109!  \u6700\u8fd1\u53c8\u611b\u4e0a\u5927\u5b78\u7cfb\u5217\u4e86\u958b\u59cb\u91cd\u5237\u4e86!!"
        },
        {
            "reply_id": "UgwhAmG_oOT7FSppuy54AaABAg",
            "reply_content": "\u767d\u54e5\u4e00\u958b\u59cb\u6211\u770b\u5230\u4ee5\u70ba\u662f\u6d0b\u8525\u7684\u7db2\u7403\u738b\u5b50\u88e1\u90a3\u500b\u4eba"
        },
        {
            "reply_id": "Ugw74SZLuF9uI6LcUnp4AaABAg",
            "reply_content": "\u7cbe\u5f69\u7cbe\u5f69"
        },
        {
            "reply_id": "UgzsgzGvcW7QdIiMju54AaABAg",
            "reply_content": "\u4f60\u8ddf\u8303\u99ac\u52c7\u6b21\u90ce\u8df3\u821e\u55ce"
        },
        {
            "reply_id": "UgzxY-mpW6f3ycAPypV4AaABAg",
            "reply_content": "\u5b78\u6821\u9084\u597d  \u8077\u5834\u624d\u662f\u771f\u6b63\u7684\u56b4\u91cd\n\u9084\u6709 \u5916\u8c8c\u597d\u5973\u751f\u53cd\u800c\u66f4\u5bb9\u6613\u88ab\u9738\u51cc \u7537\u751f\u53cd\u800c\u88ab\u8ffd\ud83d\ude02"
        },
        {
            "reply_id": "UgybKswvWP24EcizKFp4AaABAg",
            "reply_content": "\u6211\u5927\u5b78\u7684\u6642\u5019\u771f\u7684\u662f\u73a9\u760b\u4e86\uff0c\u5927\u4e00\u8b8a\u6210\u7cfb\u6838(\u62cd\u8b1d\u81ea\u5df1\u8b1b)\uff0c\u5927\u4e8c\u7576\u7cfb\u5b78\u6703\u526f\u6703\u9577\uff0c\u7cfb\u9732(\u5c0d\u6211\u5011\u7cfb\u90fd\u7a31\u7cfb\u9732)\u7576\u6d3b\u52d5\u9577\uff0c\u5927\u4e09\u7576\u5b78\u751f\u6703\u5e79\u90e8\uff0c\u5927\u56db\u7576\u7562\u806f\u6703\u526f\u4e3b\u5e2d\u3002\n\u5927\u5b78\u5c0d\u6211\u4f86\u8aaa\u771f\u7684\u662f\u591a\u91c7\u591a\u59ff\uff0c\u5927\u4e00\u4e0b\u4ea4\u7684\u5973\u670b\u53cb\u5230\u73fe\u5728\u7562\u696d\u4e00\u5e74\u90fd\u9084\u5728\u4e00\u8d77\uff0c\u4f46\u6211\u500b\u6027\u5c31\u662f\u6bd4\u8f03\u5916\u5411\u6562\u653e\u3002\n\u7576\u7136\u6700\u5f8c\u5927\u56db\u6642\u5927\u5bb6\u90fd\u5404\u5fd9\u5404\u7684\uff0c\u7cfb\u4e0a\u771f\u7684\u597d\u670b\u53cb\u5c31\u5269\u5e7e\u500b\uff0c\u5176\u4ed6\u4e5f\u4e0d\u6703\u4e0d\u597d\uff0c\u53ea\u662f\u6c92\u9019\u9ebc\u71b1\u7d61\uff0c\u660e\u660e\u624d\u525b\u7562\u696d\u5c31\u597d\u61f7\u5ff5\u5927\u5b78\uff01"
        },
        {
            "reply_id": "UgyB6UNn4CZ38RHufAd4AaABAg",
            "reply_content": "\u5c0d\u5927\u5b78\u5bbf\u71df\u7684\u5370\u8c61......\u7b2c\u4e00\u5929\u53bb\u5c31\u91cd\u611f\u5192\n\u7136\u5f8c\u5c31\u6c92\u6709\u7136\u5f8c\u4e86\n\u5f8c\u4f86\u5c31\u6162\u6162\u8b8a\u908a\u7de3\u4eba\u4e86\n\u670b\u53cb\u4e0d\u7528\u591a\uff0c\u4e00\u5169\u500b\u5c31\u597d"
        },
        {
            "reply_id": "UgyplLu1P8uou4wGp1Z4AaABAg",
            "reply_content": "\u5927\u5b78\u771f\u7684\u90a3\u9ebc\u7f8e\u597d\u55ce\uff1f\u6211\u99ac\u4e0a\u8981\u4e0a\u5927\u5b78\u4e86\uff0c\u5f88\u6015\u641e\u7838\u4eba\u969b\u95dc\u4fc2\uff08\u9ad8\u4e2d\u7684\u9670\u5f71\uff09"
        },
        {
            "reply_id": "Ugz45hRiCRUjRQ01YQl4AaABAg",
            "reply_content": "\u6240\u8b02\u7684\u4e0d\u5065\u5eb7\u5be2\u662f\u5bb9\u6613\u53d7\u50b7\u7684\u610f\u601d\u5427\uff0c\u78ba\u5be6\u4e0d\u592a\u5065\u5eb7\u5462"
        },
        {
            "reply_id": "Ugz6Rh1nyLMp3ivAsCZ4AaABAg",
            "reply_content": "\u559c\u6b61\u9019\u500b\u7cfb\u5217 \u592a\u597d\u7b11\u4e86"
        },
        {
            "reply_id": "UgzgEeF9dlV9cWWF8RB4AaABAg",
            "reply_content": "\u6211\u5927\u4e00\u7684\u6642\u5019\u4e5f\u662f\u7cfb\u908a \u6211\u9023\u5927\u4e00\u5bbf\u71df\u90fd\u6c92\u53c3\u52a0 \u96d6\u7136\u6709\u53bb\u53c3\u52a0\u71b1\u821e\u71b1\u97f3\u611b\u6a02\u6b4c\u7814 \u4f46\u5728\u793e\u5718\u4e2d\u4e5f\u4e0d\u662f\u5f88\u7a81\u51fa\u7684\u90a3\u4e00\u4f4d \u76f4\u5230XX\u4e4b\u591c \u7cfb\u8349\u5019\u9078\u4eba\u77e5\u9053\u6709\u6211\u9019\u500b\u71b1\u821e\u793e\u7684\u7cfb\u908a \u4ed6\u9080\u6211\u7576\u4ed6\u7684\u4f34\u821e \u90a3\u662f\u6211\u7b2c\u4e00\u6b21\u51fa\u73fe\u5728\u7cfb\u4e0a\u7684\u6d3b\u52d5 \u5927\u5bb6\u90fd\u4ee5\u70ba\u6211\u662f\u88ab\u4e8c\u4e00\u7684\u5b78\u9577\u6216\u662f\u8f49\u5b78\u751f \u4e5f\u56e0\u70ba\u9019\u6b21\u66dd\u5149 \u6709\u4e00\u500b\u5f88\u6b63\u7684\u5f88\u6703\u8df3\u821e\u7684\u59b9\u5b50\u540c\u5b78\u4f86\u627e\u6211\u7576\u8fce\u65b0\u968a\u8f14 \u9806\u5e36\u4e00\u63d0\u5979\u5927\u4e00\u7684\u6642\u5019\u662f\u6211\u5167\u5fc3\u7684\u7cfb\u82b1 \u6211\u5011\u8fa6\u4e86\u4e00\u5834\u5f88\u68d2\u7684\u5bbf\u71df \u5e36\u8457\u65b0\u751f\u73a9\u5f88\u958b\u5fc3 \u6211\u4e5f\u8a8d\u8b58\u4e86\u5f88\u591a\u670b\u53cb \u5176\u4e2d\u4e00\u4f4d\u662f\u6211\u7684\u5176\u4e2d\u4e00\u4efb\u5973\u53cb \u7d93\u904e\u4e86\u5bbf\u71df\u6211\u5c0d\u7cfb\u5b78\u6703\u6709\u4e86\u6b78\u5c6c\u611f \u53c3\u52a0\u4e86\u7cfb\u5b78\u6703\u6574\u5e74\u7684\u6d3b\u52d5\u52a0\u5165\u4e86\u5bb6\u65cf\u80a1 \u5927\u4e8c\u7d50\u675f\u5f8c\u6211\u9078\u4e86\u7cfb\u5b78\u6703\u6703\u9577 \u96d6\u7136\u90a3\u4e00\u5e74\u6211\u89ba\u5f97\u6211\u505a\u5f97\u4e0d\u662f\u5f88\u597d \u4f46\u6211\u5b78\u7fd2\u5230\u4e86\u5f88\u591a\u6211\u5e73\u5e38\u63a5\u89f8\u4e0d\u5230\u7684\u4e8b\u7269 \u53e6\u5916\u4e00\u500b\u652f\u7dda\u662f\u5927\u4e8c\u90a3\u5e74\u97d3\u821e\u793e\u6210\u7acb \u52a0\u5165\u5f8c\u6211\u5728\u5927\u4e09\u63a5\u4e86\u5e79\u90e8 \u5927\u56db\u7562\u696d\u524d\u6211\u90fd\u5728\u97d3\u821e\u793e \u4e5f\u8a8d\u8b58\u4e86\u6211\u53e6\u5916\u4e00\u4efb\u5973\u53cb \u770b\u5230\u6d0b\u8525\u7684\u7ffb\u8f49\u4e0d\u7981\u60f3\u5230\u4e86\u6211\u81ea\u5df1\u7684\u6545\u4e8b\ud83d\ude06"
        },
        {
            "reply_id": "Ugyqjgrl7kVWhTS2Lih4AaABAg",
            "reply_content": "\u5c3c\u746a\uff0c\u624d\u770b\u5b8c\u5203\u7259\u6c92\u591a\u4e45\uff0c\u600e\u4f86\u6d0b\u8525\u9019\u88e1\u4e5f\u770b\u5230\u985e\u4f3c\u5203\u7259\u88e1\u9762\u7684\u4eba\u7269"
        },
        {
            "reply_id": "Ugwxv-OyaeDhmrU4LNh4AaABAg",
            "reply_content": "\u6211\u4e5f\u662f\u7b97\u908a\u7de3\u7684\u3002\u6bd4\u8f03\u4e0d\u6703\u804a\u5929 \u5f88\u5bb9\u6613\u804a\u6b7b \u6216\u662f\u5fc3\u88e1\u5f88\u6e05\u695a\u4e0d\u77e5\u9053\u804a\u4ec0\u9ebc\u6015\u6703\u804a\u6b7b\u5c31\u76f4\u63a5\u9078\u64c7\u5b89\u975c\u3002\u4f46\u662f\u5927\u5bb6\u5c0d\u6211\u8a55\u50f9\u90fd\u662f \u5f88\u53ef\u611b\u5f88\u4e56\ud83d\ude05 \u5446\u5446\u7684\u3002\u5c0d\u5927\u5bb6\u90fd\u5f88\u548c\u5e73\u90a3\u7a2e \u4e0d\u6703\u8b1b\u4ec0\u9ebc\u9ad2\u8a71\u3002\u310d\u3127\u3120\u02c7\u4f86\u310d\u3127\u3120\u02c7\u53bb\u4e4b\u985e\u7684\u3002\ud83d\ude05\u5c31\u8b8a\u6bd4\u8f03\u7121\u804a\u7684\u4eba\u7d2f\uff01\uff1f  \u4f46\u662f\u8aaa\u5be6\u8a71 \u6211\u5982\u679c\u771f\u7684\u8655\u65bc\u90a3\u7a2e\u71b1\u9b27\u74b0\u5883 \u4e00\u76f4\u804a\u5929\u4e00\u76f4\u73a9 \u6211\u771f\u7684\u6703\u7d2f\u6b7b\u3002\u6703\u60f3\u627e\u500b\u5730\u65b9\u81ea\u5df1\u5b89\u975c\u4e00\u4e0b\u90a3\u7a2e\ud83d\ude02\ud83d\ude02\ud83d\ude02\u9084\u662f\u6211\u6bd4\u8f03\u9069\u5408\u908a\u7de3\u7684\u6599\uff1f"
        },
        {
            "reply_id": "UgynnjIPxDhpcN2O9Jt4AaABAg",
            "reply_content": "\u597d\u4e2d\u4e8c\u597d\u559c\u6b61\ud83d\ude3b"
        },
        {
            "reply_id": "UgyaiRQT0LW4rhDMNcl4AaABAg",
            "reply_content": "\u770b\u5b8c\u5f71\u7247\u5f8c\u597d\u61f7\u5ff5\u5927\u5b78\u6642\u671f\u7684\u793e\u5718"
        },
        {
            "reply_id": "Ugw7C1irBOSFRpBIXlF4AaABAg",
            "reply_content": "\u5b8c\u5168\u4e0d\u8a18\u5f97\u65b0\u751f\u6642\u671f\u7b2c\u4e00\u96bb\u821e\u7684\u60c5\u5f62\uff0c\u4f46\u8a18\u5f97\u5927\u4e8c\u8981\u8fa6\u8fce\u65b0\u641e\u5230\u4e00\u5806\u540c\u5b78\u7206\u6c23\ud83d\ude02"
        },
        {
            "reply_id": "UgzltQeyY-Hvj5szGaZ4AaABAg",
            "reply_content": "\u9019\u5927\u5b78\u8f49\u6298\u4e5f\u592a\u8c50\u5bcc\u4e86\u5427\ud83d\ude02\n\u4e0d\u904e\u6211\u9084\u771f\u4f4f\u904e\u4e0d\u65b7\u96fb\u5bbf\u820d\n\u7db2\u96fb\u79d1\u7684\u6574\u665a\u6253\u96fb\u73a9\u5b8c\u5168\u7121\u6cd5\u7761\n\u8981\u4e0d\u662f\u627e\u5230\u53ef\u4ee5\u8df3\u69fd\u7684\u5730\u65b9\n\u6211\u771f\u7684\u6703\u760b\u6389"
        }
    ]
}