{
    "video_info": {
        "id": "lRK6H7K929A",
        "channelTitle": "Onion Man",
        "title": "Onion Man | \u51b0\u5cf6\u4e0a\u4e00\u6b21\u5ec1\u6240\u7adf\u82b1\u4e86540\u5143\uff01\uff1f\u8207\u59b9\u5b50\u6311\u6230\u706b\u5c71\u5674\u767c\u7684\u51b0\u5ddd\uff01\u9084\u9047\u5230\u771f\u4eba\u7248\u7d05\u5091\uff01\u51b0\u5cf6\u7bc7 (\u4e8c)   @JBao     @huzi1989\u200b",
        "description": "\u51b0\u5cf6\u771f\u7684\u662f\u4ed9\u5883~\u73a9\u5f97\u8d85\u5feb\u6a02\uff0c\u5f71\u7247\u4e5f\u505a\u5f97\u5f88\u6109\u5feb\n\n\u611f\u8b1d\u672c\u6708\u4e7e\u7239  \u8b93\u6211\u80fd\u7522\u51fa14\u5206\u9418\u7684\u9b3c\u4e4b\u7247\n\u6f6e\u6f6e\u5fc5\u5099\u55ae\u54c1  FUNCT \u96a8\u65c5\u5305 2.0 CORDURA\n\n\u202210 \u500b\u6536\u7d0d\u529f\u80fd\uff0c\u5167\u90e8 4 \u500b\u9644\u9b54\u9b3c\u6c08\u9694\u5c64\u3001\u624b\u6a5f\u9632\u522e\u5206\u9694\u888b\n\u2022 \u9760\u81ea\u5df1\u7ad9\u633a\u7684\u5305\u9ad4\u8a2d\u8a08\n\u2022 \u9632\u6f51\u6c34\u8a2d\u8a08\n\u2022 \u78c1\u5438\u5916\u84cb\uff0c\u65b9\u4fbf\u5feb\u901f\u62ff\u6771\u897f\n\u2022 \u63f9\u8457\u4e0a\u5c71\u4e0b\u6d77\uff0c\u5916\u578b\u4fd0\u843d\u7c21\u55ae \n\u50b3\u9001\u9580\uff1ahttp://funct.tw/4bach7\n\u6298\u6263\u78bc\uff1aonionman0857\n\n\u3010\u8a02\u95b1\u3011\u53ca\u89c0\u770b\u6d0b\u8525\u66f4\u591a\u5f71\u7247: https://goo.gl/ijP3Eb\n\n\u5de5\u4f5c\u5408\u4f5c\uff1aonionmanwork@gmail.com\nOnion Man \u767e\u842c\u8ffd\u8e64\u7c89\u7d72\u5718:goo.gl/Z5CSvw\n\n\u6700\u65b0\u963f\u6587\u8cbc\u5716:https://reurl.cc/GxYjA\n\n\u7b2c\u4e00\u4ee3\u963f\u6587line\u8cbc\u5716:https://reurl.cc/Wroxx\n\n\u6d0b\u8525\u79c1\u751f\u6d3bIG:https://www.instagram.com/onionman__/\n\n\n\u904b\u52d5\u6f2b\u756b\u88e1\u7684\u4e2d\u4e8c\u8001\u6897\u5287\u60c5\n\u25ba\u7b2c\u4e00\u96c6:https://youtu.be/cMoV1rPH35k\n\u25ba\u7b2c\u4e8c\u96c6:https://youtu.be/iW7LM00lny0\n\u25ba\u7b2c\u4e09\u96c6:https://youtu.be/2G5wu61uCM0\n\u25ba\u7b2c\u56db\u96c6:https://youtu.be/-rP1abYv8n4\n\nOnion Man \u95dc\u9375\u5b57:\n\u4e2d\u4e8c \u80a5\u5b85 \u55ae\u8eab\u6f22 \u55ae\u8eab \u9b6f\u86c7 \u5c4c\u7d72 \u80a5\u5b85",
        "likeCount": "9984",
        "commentCount": "597",
        "viewCount": "729652"
    },
    "comments": [
        {
            "reply_id": "UgxB_c_nT60s9pAEaxN4AaABAg",
            "reply_content": "\u6211\u771f\u7684\u7b11\u5230\u4e0d\u884c\u4e00\u76f4\u6d41\u6dda\uff0c\u70ba\u4ec0\u4f60\u90a3\u6a23\u597d\u7b11\uff0c\u6211\u6700\u8fd1\u624d\u6ce8\u610f\u5230\uff0c\u54c8\u54c8\u54c8\uff01\u652f\u6301\uff01"
        },
        {
            "reply_id": "UgxTiUBo3jCFI4GaANh4AaABAg",
            "reply_content": "\u770b\u5b8c\u6574\u500b\u7cfb\u5217\uff0c\u66f4\u78ba\u4fe1\u51fa\u570b\u73a9\u662f\u6d6a\u8cbb\u9322\u7684\u4e8b\u60c5\u4e86"
        },
        {
            "reply_id": "UgwAZdKMU0zQbIJaldR4AaABAg",
            "reply_content": "\u90a3\u5f20\u9ed1\u6c99\u6ee9\u7684\u7167\u7247\u5929\u7a7a\u8fd8\u662f\u7528\u7684ps\u6a21\u7248\u66ff\u6362\u7684\ud83d\ude02"
        },
        {
            "reply_id": "Ugw7oTcKqcOllnPO_WZ4AaABAg",
            "reply_content": "\u671d\u8056"
        },
        {
            "reply_id": "UgzFulc-Y-XH9cWgSkl4AaABAg",
            "reply_content": "\u6211\u8981\u805e"
        },
        {
            "reply_id": "UgzhqADpwcoJ5IhGbgl4AaABAg",
            "reply_content": "\u56de\u4f86\u770b\u4e4b\u524d\u7684\u5f71\u7247\u5176\u5be6\u4e0d\u8981\u88ab\u96fb\u5230\u7684\u65b9\u6cd5\u5c31\u662f\u78b0\u6703\u975c\u96fb\u7684\u6771\u897f\u5927\u529b\u4e00\u9ede\u5c31\u597d\u4e86 \u96d6\u7136\u73fe\u5728\u7559\u8a00\u6c92\u4ec0\u9ebc\u7528\u5c31\u662f\u4e86:p"
        },
        {
            "reply_id": "UgzGiJo9jntXxpAzMUB4AaABAg",
            "reply_content": "\u5927\u6982\u53ef\u4ee5\u731c\u5230\u6d0b\u8525\u7684\u6a23\u5b50\u4e86XD"
        },
        {
            "reply_id": "UgwzfkcYSp7uU6K37Ip4AaABAg",
            "reply_content": "\u665a\u4e0a\u53bb\u6d77\u908a\u6bcf\u500b\u6c99\u7058\u90fd\u662f\u9ed1\u7684"
        },
        {
            "reply_id": "UgyBU7NAm-Rzc3di_PJ4AaABAg",
            "reply_content": "\u8cb7\u5496\u5561\u8d85\u597d\u7b11\ud83e\udd23"
        },
        {
            "reply_id": "UgzI2hi_tCJ10tq3n914AaABAg",
            "reply_content": "\u6211\u559c\u6b61\u7684\u7247\u6bb5\uff0c\u4e5f\u662f\u80e1\u5b50\u770b\u4e16\u754c\u76c3\u7684\u6642\u5019\uff0c\u611f\u89ba\u6700\u771f\u5be6\uff0c\u8eab\u70ba\u963f\u6839\u5ef7\u8cc7\u6df1\u7403\u8ff7\uff0c\u4e5f\u5f88\u611f\u52d5"
        },
        {
            "reply_id": "Ugye8yhG7fp2O7Z2P054AaABAg",
            "reply_content": "\u6240\u4ee5\u90a3\u500b\u5c0e\u904a\u597d\u50cf\u6703\u8b1b\u4e2d\u6587\n\uff08\u9084\u662f\u6211\u807d\u932fw"
        },
        {
            "reply_id": "UgzRN08Vno1T2CBg_-F4AaABAg",
            "reply_content": "\u6211\u90fd\u662f\u590f\u5929\u53bb\u7684\n\u6c92\u60f3\u5230\u51ac\u5929\u662f\u9019\u9ebc\u8f9b\u82e6"
        },
        {
            "reply_id": "UgwzqQLIifHBeBrJy6N4AaABAg",
            "reply_content": "\u7591....\u6211\u8a18\u5f97\u624b\u5957\u6709\u53ef\u89f8\u63a7\u624b\u6a5f\u7684\u9632\u5bd2\u624b\u5957\u8036"
        },
        {
            "reply_id": "Ugytak3g9KB_fEyYVbR4AaABAg",
            "reply_content": "\u585e\u7206\u884c\u7a0b\u7684\u65c5\u884c\u6211\u771f\u7684\u6c92\u6709\u8fa6\u6cd5\uff0c\u6211\u5be7\u9858\u5237\u6389\u4e00\u534a\u7684\u53ef\u6709\u53ef\u7121\u7684\u666f\u9ede\uff0c\u7d66\u81ea\u5df1\u591a\u9ede\u6642\u9593\u53bb\u7d30\u7d30\u9ad4\u6703\u6bcf\u500b\u7cbe\u83ef\u666f\u9ede\uff0c\u9ed1\u6c99\u7058\u6c92\u6709\u770b\u5230\u592a\u967d\u5149\u6620\u5728\u6c99\u7c92\u4e0a\u7684\u7f8e\u611f\u771f\u7684\u5f88\u53ef\u60dc\uff0c\u767d\u53bb\u4e86"
        },
        {
            "reply_id": "Ugz6aVJSu3zRPB9MqEF4AaABAg",
            "reply_content": "11:18 \u6709\u53ef\u80fd\u4ed6\u53ea\u662f\u9032\u5546\u5e97\u4ed8\u9322 \u6709\u5f88\u591a\u6b50\u6d32\u52a0\u6cb9\u7ad9\u90fd\u662f\u5148\u52a0\u6cb9 \u518d\u8ddf\u5e97\u8aaa\u4f60\u7528\u54ea\u4e00\u865f\u518d\u4ed8\u9322"
        },
        {
            "reply_id": "UgywJJ2xDWNeWBKWcM54AaABAg",
            "reply_content": "\u51fa\u570b\u7e3d\u662f\u6703\u8cb7\u5404\u7a2e\u4e00\u6b21\u6027\u7528\u54c1\u5462..."
        },
        {
            "reply_id": "UgwTnnUaX1ORuEebLDF4AaABAg",
            "reply_content": "\u9019\u53eb\u505a\u4e0d\u8981\u5c37\u5c2c\u6311\u6230"
        },
        {
            "reply_id": "Ugx29aHRlpG_vy_xd5l4AaABAg",
            "reply_content": "\u8a71\u8aaa\u5c3f\u5c3f\u9322\u9084\u963f\u6ef4\u6c92"
        },
        {
            "reply_id": "UgzgF-2xZFir2sF7kfJ4AaABAg",
            "reply_content": "\u6211\u5728\u5927\u9646\u7ed9\u6211\u63a8\u53f0\u6e7e\u7684\u5e7f\u544a\u662f\u5427\uff01\ud83d\udc7f"
        },
        {
            "reply_id": "UgzUzbDg-5LRxhviROp4AaABAg",
            "reply_content": "\u90a3\u500b\u7d05\u5091\u592a\u597d\u7b11\u4e86\u5427\ud83d\ude02"
        }
    ]
}