{
    "video_info": {
        "id": "LSL9kZ80ci0",
        "channelTitle": "Onion Man",
        "title": "Onion Man | \u5b85\u7537\u51fa\u9580\u8207\u5973\u795e\u6311\u6230\u5404\u7a2e\u904b\u52d5\uff01 \u8eb2\u907f\u7403\u722c\u5c71\u6a23\u6a23\u4f86\uff01 | \u6d0b\u8525\u6700\u8fd1\u7684\u751f\u6d3b",
        "description": "\u6d0b\u8525\u8fd1\u671f\u51fa\u9580\u9047\u898b\u7684\u5404\u7a2e\u8da3\u4e8b\uff0c\u8ddf\u8457\u6211\u4e00\u8d77\u51fa\u9580\u9ad4\u9a57\u4eba\u751f\u5427\uff5e\n\ud83d\udcd6\u300a\u6211\u7684\u5fa1\u528d\u65e5\u8a18\u300b\u4e0b\u8f09\uff1ahttps://app.adjust.com/bni6xvj\n---------------------------------------------------------------------\n2022\u9996\u6b3e\u6c89\u6d78\u5f0f\u4e16\u754c\u4fee\u771f\u63a2\u7d22\u5361\u724cRPG\u300a\u6211\u7684\u5fa1\u528d\u65e5\u8a18\u300b\n\u8207\u773e\u591a\u4e0a\u53e4\u5996\u9748\u4eab\u53d7\u4e0d\u53ef\u601d\u8b70\u7684\u4ed9\u4fe0\u5927\u5192\u96aa\uff01\n\u8ddf\u6211\u4e00\u8d77\u6b61\u6a02\u4fee\u4ed9\ud83d\udc95\n\n\u3010\u8a02\u95b1\u3011\u53ca\u89c0\u770b\u6d0b\u8525\u66f4\u591a\u5f71\u7247: https://goo.gl/ijP3Eb\n\n\u5de5\u4f5c\u5408\u4f5c\uff1aonionmanwork@gmail.com\nOnion Man \u767e\u842c\u8ffd\u8e64\u7c89\u7d72\u5718:goo.gl/Z5CSvw\n\n\u6700\u65b0\u963f\u6587\u8cbc\u5716:https://reurl.cc/GxYjA\n\n\u7b2c\u4e00\u4ee3\u963f\u6587line\u8cbc\u5716:https://reurl.cc/Wroxx\n\n\u6d0b\u8525\u79c1\u751f\u6d3bIG:https://www.instagram.com/onionman__/\n\n\n\u904b\u52d5\u6f2b\u756b\u88e1\u7684\u4e2d\u4e8c\u8001\u6897\u5287\u60c5\n\u25ba\u7b2c\u4e00\u96c6:https://youtu.be/cMoV1rPH35k\n\u25ba\u7b2c\u4e8c\u96c6:https://youtu.be/iW7LM00lny0\n\u25ba\u7b2c\u4e09\u96c6:https://youtu.be/2G5wu61uCM0\n\u25ba\u7b2c\u56db\u96c6:https://youtu.be/-rP1abYv8n4\n\nOnion Man \u95dc\u9375\u5b57:\n\u4e2d\u4e8c \u80a5\u5b85 \u55ae\u8eab\u6f22 \u55ae\u8eab \u9b6f\u86c7 \u5c4c\u7d72 \u80a5\u5b85",
        "likeCount": "3984",
        "commentCount": "482",
        "viewCount": "218713"
    },
    "comments": [
        {
            "reply_id": "UgzhVVc-On_MttrD_554AaABAg",
            "reply_content": "\u7fa8\u6155\u8525\u54e5\u7684\u597d\u4eba\u7de3\u8207\u5973\u4eba\u7de3\ud83d\ude0f"
        },
        {
            "reply_id": "UgwfvapXURwK9vMPpbp4AaABAg",
            "reply_content": "\u62bd\u62bd"
        },
        {
            "reply_id": "Ugy8eZ4hF7tJNNhijNd4AaABAg",
            "reply_content": "\u5a77\u5a77\u662f\u6d0b\u8525\u559c\u6b61\u7684\u90a3\u500b\u5973\u751f\u55ce\uff1f"
        },
        {
            "reply_id": "Ugx_8o8YuCWlPyhPLPR4AaABAg",
            "reply_content": "\u8eab\u70ba\u4e00\u4f4d\u7fbd\u7403\u611b\u597d\u8005 \u4e0d\u7981\u5f97\u5410\u69fd \u4e00\u4e0b\uff1a\u5834\u5730\u80cc\u666f \u64ca\u7403\u52d5\u4f5c \u64ca\u7403\u914d\u97f3\u2026\u90fd\u50cf\u5728\u6253\u7db2\u7403\u554a"
        },
        {
            "reply_id": "Ugx2RbWC8U57nypgz5N4AaABAg",
            "reply_content": "\u53eb\u6211\u5011\u51fa\u53bb\u8d70\u8d70\u662f\u4f60 \n\u53eb\u6211\u5011\u6253\u5fa1\u528d\u4e5f\u662f\u4f60 \n\u4f60\u641e\u5f97\u6211\u597d\u4e82\u554a\u22ef\u22ef\n\u5230\u5e95\u8981\u51fa\u9580\u9084\u6253\u96fb\u52d5\uff1f"
        },
        {
            "reply_id": "UgyW3DVyRKKyYT7RtrF4AaABAg",
            "reply_content": "\u505a\u9019\u4e9b\u4e8b\u7684\u524d\u63d0\u90fd\u662f\u8981\u6709\u9322\u6291\u6216\u662f\u6709\u9592\u554aQQ"
        },
        {
            "reply_id": "UgxksRLAHYqlXrtsH2l4AaABAg",
            "reply_content": "\u597d\u597d\u5537 \u771f\u7fa8\u6155"
        },
        {
            "reply_id": "UgyC7830AC6SIt6ZPrZ4AaABAg",
            "reply_content": "\u90fd\u53bb\u8ddf\u6b63\u59b9\u904b\u52d5 \u7576\u7136\u6b63\u80fd\u91cf\u6eff\u6eff\ud83e\udd23"
        },
        {
            "reply_id": "Ugxr68a4039NKmp-3p14AaABAg",
            "reply_content": "\u597d\u7fa8\u6155 \u8ddf\u9019\u9ebc\u591a\u6b63\u59b9\u904b\u52d5"
        },
        {
            "reply_id": "UgyAopuA2OjIsxiHdnd4AaABAg",
            "reply_content": "\u6211\u4e5f\u8981\u62bd\u8cbc\u5716"
        },
        {
            "reply_id": "UgxQYiPZLfZCNUYTOFB4AaABAg",
            "reply_content": "\u8471\u54e5\u8fd9\u96c6\u6709\u70b9\u5e78\u798f\ud83d\ude2d"
        },
        {
            "reply_id": "UgyourgfTGoSpPlzp5F4AaABAg",
            "reply_content": "\u6182\u9b31\u79ae\u62dc\u4e00\u770b\u5230\u9019\u500bQ"
        },
        {
            "reply_id": "Ugz5vnH_7jXOFX6q6mR4AaABAg",
            "reply_content": "\u53c8\u662f\u696d\u914d\u554a\n\u679c\u7136\u662f\u500b\u72e0\u89d2\u8272"
        },
        {
            "reply_id": "UgyPQlcWxHxuGoEhppp4AaABAg",
            "reply_content": "\u8525\u54e5\u7684\u696d\u914d\uff0c\u6211\u4e5f\u662f\u770b\u7206"
        },
        {
            "reply_id": "UgyxQWFkOlyHgM-UJYd4AaABAg",
            "reply_content": "\u70ab\u8000\u6587\u5305\u88dd"
        },
        {
            "reply_id": "Ugwdi8E3Tk20-OiGKkx4AaABAg",
            "reply_content": "\u9858\u610f7.\u8d77\u5e8a\u722c\u5c71\u771f\u7684\u662f\u500b\u72e0\u89d2\u8272"
        },
        {
            "reply_id": "Ugw4e55y_4zDXEQcOYd4AaABAg",
            "reply_content": "\u9023\u696d\u914d\u90fd\u597d\u770b\u771f\u4e0d\u6127\u662f\u6d0b\u8525"
        },
        {
            "reply_id": "UgyJu5eNzK1MWMHrBoB4AaABAg",
            "reply_content": "\u5c45\u7136\u6700\u5f8c\u662f\u696d\u914d\u54c8\u54c8\u54c8\u54c8"
        },
        {
            "reply_id": "Ugy5u6F3bxCA42kRU6h4AaABAg",
            "reply_content": "\u6700\u8fd1\u5728\u627e\u5de5\u4f5c\uff0c\u89ba\u5f97\u4eba\u751f\u6c92\u76ee\u6a19\uff0c\u5e38\u5e38\u80e1\u601d\u4e82\u60f3\uff0c\u5e0c\u671b\u4e4b\u5f8c\u4e00\u5207\u90fd\u80fd\u597d\u8d77\u4f86"
        },
        {
            "reply_id": "UgyQlikC0er1pKIAbBF4AaABAg",
            "reply_content": "\u6d0b\u8525\u5176\u5be6\u662f\u73fe\u5145 \u53ea\u662f\u5047\u88dd\u662f\u963f\u5b85\u800c\u5df2"
        }
    ]
}