{
    "video_info": {
        "id": "mDYQRHILbZs",
        "channelTitle": "Onion Man",
        "title": "Onion Man | \u8ddfUBER\u53f8\u6a5f\u5766\u627f\u6211\u5c31\u662f\u6d0b\u8525\uff01\uff01\uff01",
        "description": "\u660e\u660e\u5c31\u5f88\u310d\u3127\u3125\u4f46\u6211\u9084\u662f\u559c\u6b61\u59b3\nKKBOX\uff1a\nhttps://kkbox.fm/La9TbU?\n\n\u3010\u8a02\u95b1\u3011\u53ca\u89c0\u770b\u6d0b\u8525\u66f4\u591a\u5f71\u7247: https://goo.gl/ijP3Eb\n\n\u5de5\u4f5c\u5408\u4f5c\uff1aonionmanwork@gmail.com\nOnion Man \u767e\u842c\u8ffd\u8e64\u7c89\u7d72\u5718:goo.gl/Z5CSvw\n\n\u6700\u65b0\u963f\u6587\u8cbc\u5716:https://reurl.cc/GxYjA\n\n\u7b2c\u4e00\u4ee3\u963f\u6587line\u8cbc\u5716:https://reurl.cc/Wroxx\n\n\u6d0b\u8525\u79c1\u751f\u6d3bIG:https://www.instagram.com/onionman__/\n\n\n\u904b\u52d5\u6f2b\u756b\u88e1\u7684\u4e2d\u4e8c\u8001\u6897\u5287\u60c5\n\u25ba\u7b2c\u4e00\u96c6:https://youtu.be/cMoV1rPH35k\n\u25ba\u7b2c\u4e8c\u96c6:https://youtu.be/iW7LM00lny0\n\u25ba\u7b2c\u4e09\u96c6:https://youtu.be/2G5wu61uCM0\n\u25ba\u7b2c\u56db\u96c6:https://youtu.be/-rP1abYv8n4\n\nOnion Man \u95dc\u9375\u5b57:\n\u4e2d\u4e8c \u80a5\u5b85 \u55ae\u8eab\u6f22 \u55ae\u8eab \u9b6f\u86c7 \u5c4c\u7d72 \u80a5\u5b85",
        "likeCount": "16736",
        "commentCount": "1738",
        "viewCount": "503742"
    },
    "comments": [
        {
            "reply_id": "UgzFFP1CmjvGMgcacb94AaABAg",
            "reply_content": "\u5982\u679c\u6232\u5287\u6027\u4e00\u9ede,\u5c31\u76f4\u63a5\u8ddf\u8457\u6b4c\u4e00\u8d77\u5531,\u53cd\u903c\u53f8\u6a5f\u4e3b\u52d5\u6295\u964d\u8a8d\u51fa\u6d0b\u8525"
        },
        {
            "reply_id": "UgwvKFb_ctJpdbAG4C54AaABAg",
            "reply_content": "\u53f8\u673a\u5927\u54e5\u6709\u9762\u5b50\uff0c\u6d0b\u8471\u8fd8\u7279\u5730\u4e3a\u6b64\u505a\u4e86\u4e00\u96c6\u52a8\u753b"
        },
        {
            "reply_id": "Ugx4IyOBowCFyhd7zYt4AaABAg",
            "reply_content": "\u53f8\u6a5f\u5c31\u662f\u5de5\u8b80\u751f\u5427\uff0c\u54c8"
        },
        {
            "reply_id": "UgyUvI8Q0mamsJUSyux4AaABAg",
            "reply_content": "\u5f88\u6703\u5594\uff0c\u9019\u6a23\u53c8\u767c\u4e86\u4e00\u7247\u4e86\uff0c\u4e0d\u6127\u662f\u7c89\u89d2\u8272"
        },
        {
            "reply_id": "Ugw0PPX1aPF7S1VpKjt4AaABAg",
            "reply_content": "\u4e0a\u6b21\u6709\u4e00\u500b\u4eba\u5728\u7406\u9aee\u5e97\u4e5f\u767c\u751f\u985e\u4f3c\u7684\u4e8b"
        },
        {
            "reply_id": "UgwP33pV8nK_m7Cssgd4AaABAg",
            "reply_content": "\u5f37"
        },
        {
            "reply_id": "Ugzjj14H9Hpvdu332DN4AaABAg",
            "reply_content": "\u53f8\u6a5f\u5148\u68ee\u982d\u8f49\u904e\u4f86\u8aaa\u300c\u6211\u77e5\u9053\u554a\u300d\u7684\u8868\u60c5\uff0c\u9084\u6709\u6d0b\u8525\u5f8c\u7e8c\u7684\u4e00\u9023\u4e32\u53cd\u61c9\u90fd\u597d\u597d\u7b11\u5662\u54c8\u54c8\u54c8\u54c8"
        },
        {
            "reply_id": "Ugz0MGxtIHLJgoZIVHx4AaABAg",
            "reply_content": "\u5982\u679c\u770b\u5230\u6d0b\u8525\u672c\u4eba\u6211\u7d55\u5c0d\u8981\u544a\u767d"
        },
        {
            "reply_id": "Ugy3-IMrWMsY6fOPnZ94AaABAg",
            "reply_content": "\u54c8 \u8525\u54e5\u4e0d\u6127\u662f\u72e0\u89d2\u8272 \u5531\u7684\u6b4c\u90fd\u53ef\u4ee5\u4e0a\u53f8\u6a5f\u7684\u6b4c\u55ae\u4e86"
        },
        {
            "reply_id": "Ugxj3K2zTz5oMsOLv_t4AaABAg",
            "reply_content": "\u597d\u53ef\u611b\u54c8\u54c8\u54c8\u54c8"
        },
        {
            "reply_id": "Ugy-C9CRmZNijNWzfxt4AaABAg",
            "reply_content": "\u6211\u4e5f\u662f\u53f8\u673a \u8f09\u904e\u70cf\u9d09 \u5b6b\u751f  \u65c1\u908a\u90fd\u6709\u59b9\u5b50"
        },
        {
            "reply_id": "UgwDJ3So8pC5T8ASvH54AaABAg",
            "reply_content": "\u597d\u8cbc\u5fc3\u7684\u53f8\u6a5f"
        },
        {
            "reply_id": "Ugx2NwYoLSCo7A6qZMZ4AaABAg",
            "reply_content": "\u53f8\u6a5f\u662f\u91e3\u9b5a\u72e0\u89d2\u8272\u5462"
        },
        {
            "reply_id": "UgyQ-xickEjRAMQfLnR4AaABAg",
            "reply_content": "\u53f8\u6a5f\u597d\u6703\u91e3\u554a \u660e\u986f\u662f\u500b\u72e0\u89d2\u8272"
        },
        {
            "reply_id": "UgygTCZJ0d-8hTZmGvJ4AaABAg",
            "reply_content": "\u53f8\u6a5f\uff1a\u4f60\u6d0b\u8525\u55ce\uff1f\u6211\u9084\u5927\u849c\u54a7"
        },
        {
            "reply_id": "UgyrN3VzFUdPIZ3vgBl4AaABAg",
            "reply_content": "\u53f8\u6a5f\u6bd4\u6d0b\u8525\u66f4\u72e0"
        },
        {
            "reply_id": "UgwG7Jv27tO3H3h08DV4AaABAg",
            "reply_content": "\u54c8\u54c8\u54c8\u54c8"
        },
        {
            "reply_id": "UgzjlFGYqRs5H_FoYPF4AaABAg",
            "reply_content": "\u7b11\u6b7b"
        },
        {
            "reply_id": "UgyuG4dp05y-4c2xd654AaABAg",
            "reply_content": "\u54c8"
        },
        {
            "reply_id": "UgzOBDUji1xLlOOkgd54AaABAg",
            "reply_content": "\u53f8\u6a5f\u4eba\u597d\u597d\u6b38\uff0c\u61c2\u5f97\u5c0a\u91cd\u6015\u6253\u64fe\u5230\u6d0b\u8525\ud83d\ude07"
        }
    ]
}