{
    "video_info": {
        "id": "MF2spflT1Uo",
        "channelTitle": "Onion Man",
        "title": "Onion Man | \u7537\u4eba\u9b45\u529b\u6392\u884c\u699c(\u4e09)  \u919c\u7537\u963f\u6587\u5927\u7ffb\u8eab\uff01 | \u4e2d\u4e8c\u9023\u7e8c\u5287 @rayduenglish @shasha77",
        "description": "\u963f\u6587\u7684\u5e25\u6c23\u65b0\u5f62\u614b...\u80fd\u62b5\u6297A\u7d1a\u7684\u5c0d\u624b\u55ce\n\u516d\u65e5\u9023\u7e8c\u5169\u96c6!!!!\n\n\u7537\u4eba\u9b45\u529b\u6392\u884c\u699c(\u4e00): https://www.youtube.com/watch?v=shBm0VGm0Is\n\u7537\u4eba\u9b45\u529b\u6392\u884c\u699c(\u4e8c):https://www.youtube.com/watch?v=my_YjN27wEI\n\n\u3010\u8a02\u95b1\u3011\u53ca\u89c0\u770b\u6d0b\u8525\u66f4\u591a\u5f71\u7247: https://goo.gl/ijP3Eb\n\n\u5de5\u4f5c\u5408\u4f5c\uff1aonionmanwork@gmail.com\nOnion Man \u767e\u842c\u8ffd\u8e64\u7c89\u7d72\u5718:goo.gl/Z5CSvw\n\n\u6700\u65b0\u963f\u6587\u8cbc\u5716:https://reurl.cc/GxYjA\n\n\u7b2c\u4e00\u4ee3\u963f\u6587line\u8cbc\u5716:https://reurl.cc/Wroxx\n\n\u6d0b\u8525\u79c1\u751f\u6d3bIG:https://www.instagram.com/onionman__/\n\n\n\u904b\u52d5\u6f2b\u756b\u88e1\u7684\u4e2d\u4e8c\u8001\u6897\u5287\u60c5\n\u25ba\u7b2c\u4e00\u96c6:https://youtu.be/cMoV1rPH35k\n\u25ba\u7b2c\u4e8c\u96c6:https://youtu.be/iW7LM00lny0\n\u25ba\u7b2c\u4e09\u96c6:https://youtu.be/2G5wu61uCM0\n\u25ba\u7b2c\u56db\u96c6:https://youtu.be/-rP1abYv8n4\n\nOnion Man \u95dc\u9375\u5b57:\n\u4e2d\u4e8c \u80a5\u5b85 \u55ae\u8eab\u6f22 \u55ae\u8eab \u9b6f\u86c7 \u5c4c\u7d72 \u80a5\u5b85",
        "likeCount": "6396",
        "commentCount": "2033",
        "viewCount": "341014"
    },
    "comments": [
        {
            "reply_id": "Ugxf1xbJO3hJlkFLcZ94AaABAg",
            "reply_content": "\u756b\u592a\u9577\u4e86  \u756b\u5230\u56db\u96c6\u7684\u9577\u5ea6   \u4f46\u4e0d\u60f3\u62d6\u5230\u7b2c\u56db\u5468  \u56e0\u6b64\u672c\u5468\u5169\u66f4\n\u7559\u8a00\u62bd3\u4f4d\u9001\u624b\u6a5f\u652f\u67b6\n\u6211\u90fd\u6703\u770b\u5927\u5bb6\u7684\u7559\u8a00\u53cd\u994bXD   \n\u56e0\u70ba\u82b1\u4e86\u5f88\u591a\u6642\u9593\u505a\uff0c\u5927\u5bb6\u7684\u5fc3\u5f97\u7b97\u662f\u6211\u6bcf\u4e00\u652f\u5f71\u7247\u7d50\u6848\u5f8c\u7684\u7cbe\u795e\u7ce7\u98df"
        },
        {
            "reply_id": "UgzTPO6H20FmTOgWvIZ4AaABAg",
            "reply_content": "\u6211\u807d\u5230\u5fd7\u797a\u8ddf\u963f\u6ef4\u7684\u8072\u97f3\u76f4\u63a5\u7b11\u5230\u9f3b\u6d95\u5674\u51fa\u4f86\u4e86\ud83d\ude02"
        },
        {
            "reply_id": "UgxRG6wRDyK41S3JsZV4AaABAg",
            "reply_content": "\u963f\u6587\u9084\u662f\u4e00\u6a23\u602a\u982d"
        },
        {
            "reply_id": "UgzZ69cHCFZEMvP97eR4AaABAg",
            "reply_content": "\u6211\u4ed4\u7d30\u770b ACD\u5168\u90e8\u90fd\u6709\u55ac\u745f\u592b\u6b38 \u55ac\u745f\u592b\u662f\u6703\u5f71\u5206\u8eab\u55ce"
        },
        {
            "reply_id": "UgyZ2YuetulicOV8MBd4AaABAg",
            "reply_content": "\u7b11\u6b7b \u9084\u5728\u6c23\u963f\u7693 \u9019\u908a\u4e5f\u9084\u5728\u5077\u81ed"
        },
        {
            "reply_id": "UgzsKmGfPVcDRU_Z_IR4AaABAg",
            "reply_content": "\u6d0b\u8525\u597d\u5e25"
        },
        {
            "reply_id": "UgwlWYXs9tvVQSq9OOh4AaABAg",
            "reply_content": "\u6d0b\u8525\u9084\u6709\u6b4c\u8072\u52a0\u5206\u554a\uff5e"
        },
        {
            "reply_id": "UgzeircpxW2Ds1r8USB4AaABAg",
            "reply_content": "\u80a5\u5b85\u90fd\u4e0d\u80a5\u5b85\u4e86"
        },
        {
            "reply_id": "Ugw4fgRvgdg2Aw02izF4AaABAg",
            "reply_content": "\u90a3\u500b\u662f\u963f\u6587\u5427\uff1f"
        },
        {
            "reply_id": "UgyAyeD1trptD4B-iLB4AaABAg",
            "reply_content": "\u90a3\u500b2:27\u7684\u6392\u884c\u699c\uff0c\u9084\u6709\u540c\u4e00\u500b\u4eba\u4e0d\u540c\u6642\u5019\u4e0d\u540c\u7b49\u7d1a\u6b38\u597d\u6709\u8da3\uff01"
        },
        {
            "reply_id": "UgwQi2bxCe2rShRo3AV4AaABAg",
            "reply_content": "\u771f\u662f\u6709\u8da3"
        },
        {
            "reply_id": "UgwGbrqD2Sfl53Cu5v54AaABAg",
            "reply_content": "\u9019\u7cfb\u5217\u8d85\u597d\u770b\u7684\u554a\uff01\u62dc\u8a17\u51fa\u756a\u5916\u7bc7\ud83d\ude4f"
        },
        {
            "reply_id": "UgzWzf2w4IM4BNLNIBR4AaABAg",
            "reply_content": "\u7d14\u6f54\u5de8\u4eba\u7d05\u5091"
        },
        {
            "reply_id": "Ugzu442Mw0JQau5ODZB4AaABAg",
            "reply_content": "\u7559\u8a00\u652f\u6301"
        },
        {
            "reply_id": "Ugwt_4CJC5QVX7X9rA94AaABAg",
            "reply_content": "\u4e2d\u4e8c\u7cfb\u5217\u771f\u7684\u7b11\u6b7b\uff0c\u9084\u4ee5\u70ba\u7d05\u5091\u5f88\u5f37\uff0c\u7d50\u679c\u53ea\u6709C\u7d1aXD"
        },
        {
            "reply_id": "UgzRFiOlPr8gOqy4USd4AaABAg",
            "reply_content": "\u6253\u8089\u6bd2\u8ddf\u98db\u68ad \u57fa\u672c\u4e0a\u6c92\u4ec0\u9ebc\u5c41\u7528"
        },
        {
            "reply_id": "UgywtVtWV5p3nsG2gwZ4AaABAg",
            "reply_content": "\u963f\u6587\u662f\u63db\u982d\u624b\u8853\u5427"
        },
        {
            "reply_id": "UgwYc3HHyHPPUQUsI2h4AaABAg",
            "reply_content": "\u9019\u7cfb\u5217\u597d\u770b"
        },
        {
            "reply_id": "UgzQHmxoQvl7fNJVAp14AaABAg",
            "reply_content": "\u6d0b\u8525\u756b\u756b\u6280\u8853\u771f\u7684\u53c8\u4e0a\u4e00\u500b\u5c64\u7d1a\n\u96d6\u7136\u8001\u5f0f\u611b\u8abf\u4f83\u81ea\u5df1\ud83d\ude02 \u4f46\u6211\u5011\u771f\u7684\u90fd\u5f88\u559c\u6b61\u4f60\u7684\u4f5c\u54c1\ud83d\udc4d \u8f9b\u82e6\u4e86"
        },
        {
            "reply_id": "UgyNlPl4FM859jfOwHV4AaABAg",
            "reply_content": "\u8525\u54e5\u8b9a"
        }
    ]
}