{
    "video_info": {
        "id": "mK9aKrWIdx4",
        "channelTitle": "Onion Man",
        "title": "Onion Man | \u5947\u7279\u6599\u7406?? \u6fb3\u9580\u7d2b\u8272\u7684\u62ab\u85a9 #shorts",
        "description": "\u6fb3\u9580\u670b\u53cb\u958b\u7684\u62ab\u85a9\u5e97 pizza king \n\n\u3010\u8a02\u95b1\u3011\u53ca\u89c0\u770b\u6d0b\u8525\u66f4\u591a\u5f71\u7247: https://goo.gl/ijP3Eb\n\n\u5de5\u4f5c\u5408\u4f5c\uff1aonionmanwork@gmail.com\nOnion Man \u767e\u842c\u8ffd\u8e64\u7c89\u7d72\u5718:goo.gl/Z5CSvw\n\n\u6700\u65b0\u963f\u6587\u8cbc\u5716:https://reurl.cc/GxYjA\n\n\u7b2c\u4e00\u4ee3\u963f\u6587line\u8cbc\u5716:https://reurl.cc/Wroxx\n\n\u6d0b\u8525\u79c1\u751f\u6d3bIG:https://www.instagram.com/onionman__/\n\n\n\u904b\u52d5\u6f2b\u756b\u88e1\u7684\u4e2d\u4e8c\u8001\u6897\u5287\u60c5\n\u25ba\u7b2c\u4e00\u96c6:https://youtu.be/cMoV1rPH35k\n\u25ba\u7b2c\u4e8c\u96c6:https://youtu.be/iW7LM00lny0\n\u25ba\u7b2c\u4e09\u96c6:https://youtu.be/2G5wu61uCM0\n\u25ba\u7b2c\u56db\u96c6:https://youtu.be/-rP1abYv8n4\n\nOnion Man \u95dc\u9375\u5b57:\n\u4e2d\u4e8c \u80a5\u5b85 \u55ae\u8eab\u6f22 \u55ae\u8eab \u9b6f\u86c7 \u5c4c\u7d72 \u80a5\u5b85 #shorts",
        "likeCount": "1413",
        "commentCount": "61",
        "viewCount": "76318"
    },
    "comments": [
        {
            "reply_id": "UgxBaguFpV6S7Qt-Nmh4AaABAg",
            "reply_content": "\u80d6\u864e\u7684\u6d77\u9bae\u62ab\u85a9"
        },
        {
            "reply_id": "UgykW5jdMf_LL-8b8I94AaABAg",
            "reply_content": "\u725b"
        },
        {
            "reply_id": "UgxtO17dc4Sbg9GvuP54AaABAg",
            "reply_content": "\u611f\u89ba\u597d\u597d\u5403"
        },
        {
            "reply_id": "UgxCcHoMB8RvxVaYOLN4AaABAg",
            "reply_content": "\u9ea5\u7576\u52de\u5976\u6614"
        },
        {
            "reply_id": "Ugzr5xrpb1r-h46yH2x4AaABAg",
            "reply_content": "\u611f\u89ba\u5f88\u597d\u5403\u2764"
        },
        {
            "reply_id": "UgzEkEewpXSjK-V5cNV4AaABAg",
            "reply_content": "\u50b3\u8aaa\u4e2d\u7684\u80d6\u864e\u62ab\u85a9"
        },
        {
            "reply_id": "Ugyr6T7dYXdp4PjehzJ4AaABAg",
            "reply_content": "\u6599\u7406\u53ef\u4ee5\u51b7\u9580\uff0c\u4f46\u4e0d\u80fd\u90aa\u9580"
        },
        {
            "reply_id": "Ugw_Xk0H016Qcl80by14AaABAg",
            "reply_content": "\u7fa9\u5927\u5229\u4eba\u770b\u5230\u6703\u4e0d\u6703\u5c07\u4f60\u5207\u6210\u6d0b\u8525\u7d72\u653e\u5728\u771f\u7684\u62ab\u85a9\u4e0a\u9762\u70e4\uff1f XP"
        },
        {
            "reply_id": "UgwS1XtzXw-oTMMyayx4AaABAg",
            "reply_content": "\u6211\u662f\u6fb3\u95e8\u4eba"
        },
        {
            "reply_id": "Ugzwbb9rVdQBob1-cyB4AaABAg",
            "reply_content": "\u95bb\u7f85\u738b : \u6211\u60f3\u4f60\u505a\u6211\u5730\u7344\u7684\u5eda\u5e2b"
        },
        {
            "reply_id": "UgzEKQFD3Jmo27o7Ioh4AaABAg",
            "reply_content": "\u7d2b\u8272\u611f\u89c9\u8fd8\u4e0d\u9519"
        },
        {
            "reply_id": "UgzSMM_outafoxCJ9kJ4AaABAg",
            "reply_content": "\u80d6\u864e\u62ab\u85a9"
        },
        {
            "reply_id": "UgzmPjLcPvLK7fIpzJd4AaABAg",
            "reply_content": "\u4f60\u6015\u4e0d\u662f\u7d66\u7fa9\u5927\u5229\u4eba\u770b\u4ed6\u5011\u90fd\u88ab\u6c23\u6b7b"
        },
        {
            "reply_id": "UgydOp0pf-3HVEDAso14AaABAg",
            "reply_content": "\u85a9\u8afe\u65af\u53e3\u5473"
        },
        {
            "reply_id": "UgxfY68bk1MJkmhg0mt4AaABAg",
            "reply_content": "\u5176\u5be6\u770b\u8d77\u4f86\u597d\u50cf\u5f88\u597d\u5403\ud83d\ude02"
        },
        {
            "reply_id": "UgyxKjOVahdi0EpQ4CR4AaABAg",
            "reply_content": "\u770b\u8d77\u4f86\u9084\u4e0d\u932f\ud83d\ude0a"
        },
        {
            "reply_id": "UgwJPiARwYpMaarGXLh4AaABAg",
            "reply_content": "\u6709\u4e00\u96c6\u54c6\u5566A\u5922\u7684\u80d6\u864e\u6599\u7406\u5c31\u662f\u7d2b\u8272\u62ab\u85a9\ud83d\ude02"
        },
        {
            "reply_id": "UgwAwGbwXaZBM34rTol4AaABAg",
            "reply_content": "\u672c\u5730\u4eba \u627e\u5929\u53bb\u5403\u5403\ud83d\ude0b"
        },
        {
            "reply_id": "UgzLAfftLkk4spDQoxd4AaABAg",
            "reply_content": "\u6d0b\u8525\u4f86\u5566\uff08\u6211\u662f\u6fb3\u9580\u4eba\uff09"
        },
        {
            "reply_id": "Ugw1W3wguABDdUm3MZR4AaABAg",
            "reply_content": "\u7fa9\u5927\u5229\u4eba\u7684\u6d32\u969b\u5c0e\u5f48\u5df2\u7d93\u5728\u5929\u4e0a\u4e86"
        }
    ]
}