{
    "video_info": {
        "id": "mrEGqxkCfpU",
        "channelTitle": "Onion Man",
        "title": "Onion Man | \u602a\u7378\u4e4b\u6c7a\u9b25!! \u52d5\u7269\u5712\u6b98\u9177\u5beb\u5be6\u4eba\u6c23\u6392\u540d!!!",
        "description": "\u52d5\u7269\u5712\u724c\u7d44\u53f2\u8a69\u7d1a\u5c0d\u6c7a\uff01\n\u7d05\u5091 \u4f60\u8f38\u5b9a\u4e86\uff01\n\u7acb\u5373\u4e0b\u8f09\u300a\u6700\u5f37\u8778\u725b\u300b\uff0c\u6b61\u5ea6\u718a\u8c93\u5947\u5999\u5922\u4e4b\u591c\u25ba\u25bahttps://bit.ly/3HRhrgA\n\u95dc\u6ce8\u5b98\u65b9FB\uff0c\u901b\u9031\u5e74\u5712\u904a\u6703\u25ba\u25bahttps://www.facebook.com/TheMarvelousSnail\n\u8f38\u6211\u7684\u5c08\u5c6c\u5bc6\u4ee4\u300c\u6d0b\u8525\u662f\u500b\u5e25\u54e5\u300d\uff0c\u9818\u865b\u5bf6\u79ae\u5305\uff01\uff08\u9084\u80fd\u8b8a\u5e25\u54e5\u5594XD\uff09\n\n#0624\u6700\u5f37\u8778\u725b\u4e8c\u9031\u5e74\u6176\u5178\u718a\u8c93\u5947\u5999\u5922\u4e4b\u591c\u958b\u555f\n#0701\u8d77\u9032\u904a\u6232\u9818\u4e0d\u8981\u5c0d\u6211\u5c16\u53eb\u514d\u8cbb\u8336\u98f2\n\n\u3010\u8a02\u95b1\u3011\u53ca\u89c0\u770b\u6d0b\u8525\u66f4\u591a\u5f71\u7247: https://goo.gl/ijP3Eb\n\n\u5de5\u4f5c\u5408\u4f5c\uff1aonionmanwork@gmail.com\nOnion Man \u767e\u842c\u8ffd\u8e64\u7c89\u7d72\u5718:goo.gl/Z5CSvw\n\n\u6700\u65b0\u963f\u6587\u8cbc\u5716:https://reurl.cc/GxYjA\n\n\u7b2c\u4e00\u4ee3\u963f\u6587line\u8cbc\u5716:https://reurl.cc/Wroxx\n\n\u6d0b\u8525\u79c1\u751f\u6d3bIG:https://www.instagram.com/onionman__/\n\n\n\u904b\u52d5\u6f2b\u756b\u88e1\u7684\u4e2d\u4e8c\u8001\u6897\u5287\u60c5\n\u25ba\u7b2c\u4e00\u96c6:https://youtu.be/cMoV1rPH35k\n\u25ba\u7b2c\u4e8c\u96c6:https://youtu.be/iW7LM00lny0\n\u25ba\u7b2c\u4e09\u96c6:https://youtu.be/2G5wu61uCM0\n\u25ba\u7b2c\u56db\u96c6:https://youtu.be/-rP1abYv8n4\n\nOnion Man \u95dc\u9375\u5b57:\n\u4e2d\u4e8c \u80a5\u5b85 \u55ae\u8eab\u6f22 \u55ae\u8eab \u9b6f\u86c7 \u5c4c\u7d72 \u80a5\u5b85",
        "likeCount": "6076",
        "commentCount": "763",
        "viewCount": "300609"
    },
    "comments": [
        {
            "reply_id": "UgyovjtD-9yYaVn9zZl4AaABAg",
            "reply_content": "\u770b\u5b8c\u53ea\u60f3\u5403\u7092\u87ba\u8089"
        },
        {
            "reply_id": "Ugwl2uAVK9R7oLi_TSB4AaABAg",
            "reply_content": "\u570b\u5c0f\u6642\u4ee3\n\u6211\u66fe\u7528E-HERO\u82f1\u96c4\u724c\u7d44\u628a\u5b78\u6821\u6709\u73a9\u7684\u90fd\u6253\u8d0f\u4e86\n\u81f3\u5f9e\u904a\u6232\u738bEX\u904e\u5f8c\u7684\u6253\u6cd5\uff0c\u6211\u7684\u50b3\u7d71\u6253\u6cd5\u518d\u4e5f\u6c92\u7528\u4e86\n\u4e5f\u5c31\u662f\u570b\u4e2d\u5f8c\u6211\u53bb\u4e2d\u548c\u516c\u8eca\u7ad9\u5361\u724c\u5e97\n\u88ab\u6253\u6210\u667a\u969c\u5e7e\u4e4e\u6c92\u8fa6\u6cd5\u62105\u56de\u5408\n\u7576\u6642\u6d41\u884c\u661f\u8fb0\u9f8d\u548cBF\u724c\u7d44\n\u53ea\u6709\u525b\u5347\u570b\u4e2d\u5176\u8ddf\u5c0f\u5b78\u751f\u7121\u76ca\u7684\u6211\n\u5b8c\u5168\u4e0d\u662f\u9ad8\u4e2d\u751f\u548c\u6210\u5e74\u4eba\u7684\u5c0d\u624b\n\u66fe\u7d93\u9084\u6709\u4eba\u4ee5\u5e6b\u6211\u7d44\u724c\u7d44\u7684\u540d\u7fa9\n\u8ddf\u6211\u8981\u724c\uff0c\u53eb\u6211\u53bb\u6a13\u4e0b\u6ac3\u53f0\u5148\u8cb7\u88dc\u5145\u5305\uff0c\u56de\u4f86\u5f8c\u5c0d\u65b9\u8aaa\u6211\u7684\u724c\u90fd\u592a\u721b\u6c92\u8fa6\u6cd5\uff0c\u5f8c\u4f86\u6e05\u9ede\u767c\u73fe\u6211\u7684\u661f\u8fb0\u9f8d\u4e0d\u898b\n\u6211\u9084\u662f\u5728\u8001\u95c6\u9762\u524d\u7576\u9762\u6e05\u9ede\n\u8001\u95c6\u5e36\u8457\u6211\u53bb\u6293\u5c0d\u65b9\uff0c\u5c0d\u65b9\u4ea4\u51fa\u5361\u7247\n\u7070\u6e9c\u6e9c\u7684\u96e2\u958b\uff0c\u5f8c\u4f86\u624d\u77e5\u9053\u9019\u4eba\u8ddf\u6211\u8b80\u4e00\u6a23\u7684\u5b78\u6821\uff0c\u4e0d\u904e\u4ed6\u662f\u9ad8\u4e2d\u90e8\n\u9577\u5927\u5f8c\u60f3\u8d77\u9019\u4ef6\u4e8b\uff0c\u771f\u7684\u89ba\u5f97\u5c0f\u6642\u5019\u4e0d\u77e5\u4eba\u9593\u96aa\u60e1\uff0c\u4f60\u6c38\u9060\u4e0d\u77e5\u9053\u9019\u4eba\u662f\u4e0d\u662f\u5783\u573e\u6216\u662f\u53ef\u4ee5\u76f8\u4fe1\uff0c\u9019\u4e0d\u662f\u724c\u54c1\u554f\u984c\u4e86\uff0c\u9019\u662f\u8aa0\u4fe1\u554f\u984c\u505a\u4eba\u6700\u4f4e\u539f\u5247\n\u9577\u5927\u5f8c\u96d6\u7136\u6c92\u78b0\u4e86\uff0c\u4e5f\u627e\u4e86\u5e7e\u500b\u4e00\u6a23\u8ddf\u6211\u5f88\u667a\u969c\u80cc\u4e0d\u8d77\u65b0\u898f\u5247\u7684\u670b\u53cb\n\u6253\u6700\u539f\u59cb\u7684\u904a\u6232\u738b"
        },
        {
            "reply_id": "UgxK44LbSNs8j6t_zjp4AaABAg",
            "reply_content": "\u53ef\u4ee5\u51fa\u500b\u9003\u4ea1\u72d2\u72d2"
        },
        {
            "reply_id": "UgwaHaewJRZyZp7I8A94AaABAg",
            "reply_content": "\u5c45\u7136\u9084\u80fd\u628a\u7092\u87ba\u8089\u53ec\u559a\u51fa\u4f86\uff0c\u9019\u8ddf\u602a\u7378\u5c0d\u6c7a\u6c92\u95dc\u4fc2\u5427\uff1f\u54c8\u54c8"
        },
        {
            "reply_id": "UgxhcE1B4t-LfaucTCB4AaABAg",
            "reply_content": "\u52d5\u7269\u5712\u4eba\u6c23\u8173\u8272\u662f\u9b54\u6cd5\u5361"
        },
        {
            "reply_id": "UgxHPjN9sVAPIRnrF1J4AaABAg",
            "reply_content": "\u624b\u724c\u62b9\u6bba\u662f\u4f9d\u7167\u767c\u52d5\u6642\u7684\u624b\u724c\u91cd\u62bd\u5594\uff01\u5982\u5f71\u7247\u5167\u8981\u62bd\u4e94\u5f35\uff0c\u5fc5\u9808\u662f\u624b\u724c\u516d\u5f35\u60c5\u6cc1\u4e0b\uff08\u542b\u624b\u724c\u62b9\u6bba\uff09\u624d\u6709\u8fa6\u6cd5\u505a\u5230\u5594\uff01\n\n\n\n\uff38\uff01\u5728\u8a8d\u771f\u5565\u5c0f\u5566\uff01"
        },
        {
            "reply_id": "UgyrT33atj1i0B48IJJ4AaABAg",
            "reply_content": "\u4ee4\u4eba\u61f7\u5ff5\u7684\u904a\u6232\u738b\u6897\ud83d\ude06"
        },
        {
            "reply_id": "Ugwks9xeDDdC6hX9JGB4AaABAg",
            "reply_content": "\u600e\u9ebc\u8fa6\uff0c\u6211\u53cd\u800c\u60f3\u56de\u53bb\u73a9\u904a\u6232\u738b\u4e86"
        },
        {
            "reply_id": "UgythuQakUwvjBqg-CR4AaABAg",
            "reply_content": "\u770b\u5230\u8778\u725b\u88ab\u505a\u6210\u71b1\u7092\u771f\u7684\u70ba\u8778\u725b\u611f\u5230\u5f88\u6c23"
        },
        {
            "reply_id": "UgyMuDLQVy3fhDNrd4h4AaABAg",
            "reply_content": "\u9760\u3002\u539f\u4f86\u662f\u696d\u914d\ud83d\ude02\u5bb3\u6211\u770b\u7684\u9019\u9ebc\u4ed4\u7d30"
        },
        {
            "reply_id": "UgxFe8VeGh3DDxhgChl4AaABAg",
            "reply_content": "\u5361\u7247\u8d85\u6709\u6897 \u8b9a"
        },
        {
            "reply_id": "UgzkjMju8uyRrAuCtoF4AaABAg",
            "reply_content": "\u9760\u5317\u5594\uff0c\u6839\u672c\u5c31\u4e0d\u95dc\u6211\u7684\u4e8b\uff0c\u5e7e\u4e4e\u5168\u90e8\u90fd\u4f60\u6bba\u7684 \ud83e\udd23"
        },
        {
            "reply_id": "UgwTxsMQT63ukIC4Qol4AaABAg",
            "reply_content": "\u97ed\u83dc\u82b1\u7092\u87ba\u8089\u5c31\u662f\u8b9a"
        },
        {
            "reply_id": "Ugy4-dN2nlEN4JUANL94AaABAg",
            "reply_content": "\u600e\u9ebc\u53ef\u4ee5\u9019\u9ebc\u4e2d\u4e8c\u7684\u984c\u6750\u5beb\u51fa\u9019\u9ebc\u597d\u770b\u7684\u5287\u60c5\uff0c\u592a\u4f69\u670d\u6d0b\u8525\u4e86\ud83d\ude06\ud83d\ude06\ud83d\ude06"
        },
        {
            "reply_id": "UgxiI0kwL0Ong-s9XaV4AaABAg",
            "reply_content": "\u4e0d\u662f\u8bf4\u597d\u6253\u5f00\u9677\u9631\u5361\u7684\u5417\uff1f\u4e3a\u5565\u662f\u9b54\u6cd5\u5361\uff01\u679c\u7136\u724c\u4f6c\u6700\u559c\u6b22\u201c\u4e0d\u53d6\u5bf9\u8c61\u201d"
        },
        {
            "reply_id": "UgyKUV-d4FRGSZVug2Z4AaABAg",
            "reply_content": "\u6211\u6709\u4e00\u6b21\u8d70\u5728\u8def\u4e0a\u770b\u5230\u8d85\u5927\u96bb\u7684\u8778\u725b\u5687\u6b7b\u6211"
        },
        {
            "reply_id": "UgyelTDY6z5h0DhAKpN4AaABAg",
            "reply_content": "\u6211\u770b\u5230\u8778\u725b\u6703\u5687\u5230\u8df3\u8d77\u4f86\u6240\u4ee5\u7d55\u5c0d\u4e0d\u6703\u8e29\u5230"
        },
        {
            "reply_id": "UgzUmyY3WBH3wwcD9294AaABAg",
            "reply_content": "\u6211\u6703\u66ab\u505c\u770b\u5361\u88e1\u5beb\u7684\u5b57\u8036 \u597d\u6709\u54cf\u5594\u54c8\u54c8\u54c8"
        },
        {
            "reply_id": "Ugx7_aSOKkkqjZF5i1x4AaABAg",
            "reply_content": "\u6d0b\u8525\u53ef\u4ee5\u5c0d\u9ad8\u6a4b\u8001\u5e2b\u767c\u6b7b\u8005\u7526\u751f\u55ce\ud83e\udd72"
        },
        {
            "reply_id": "UgyJ59W_z1LVZw6vxf14AaABAg",
            "reply_content": "\u7d50\u679c\u4f5c\u8005\u524d\u5929\u639b\u4e86\uff0c\u6d0b\u8525\u679c\u7136\u662f\u500b\u72e0\u89d2\u8272"
        }
    ]
}