{
    "video_info": {
        "id": "mvlyDqsKPE0",
        "channelTitle": "Onion Man",
        "title": "Onion Man | \u51b7\u7b11\u8a71\u4e4b\u9b3c\u6d0b\u8525 | \u6700\u68d2\u7684\u5925\u4f34",
        "description": "\u5929\u8863\u7121\u7e2b\u7684\u914d\u5408\uff0c\u5410\u69fd\u662f\u5f88\u91cd\u8981\u7684\u5440\n\n\u3010\u8a02\u95b1\u3011\u53ca\u89c0\u770b\u6d0b\u8525\u66f4\u591a\u5f71\u7247: https://goo.gl/ijP3Eb\n\n\u5de5\u4f5c\u5408\u4f5c\uff1aonionmanwork@gmail.com\nOnion Man \u767e\u842c\u8ffd\u8e64\u7c89\u7d72\u5718:goo.gl/Z5CSvw\n\n\u6700\u65b0\u963f\u6587\u8cbc\u5716:https://reurl.cc/GxYjA\n\n\u7b2c\u4e00\u4ee3\u963f\u6587line\u8cbc\u5716:https://reurl.cc/Wroxx\n\n\u6d0b\u8525\u79c1\u751f\u6d3bIG:https://www.instagram.com/onionman__/\n\n\n\u904b\u52d5\u6f2b\u756b\u88e1\u7684\u4e2d\u4e8c\u8001\u6897\u5287\u60c5\n\u25ba\u7b2c\u4e00\u96c6:https://youtu.be/cMoV1rPH35k\n\u25ba\u7b2c\u4e8c\u96c6:https://youtu.be/iW7LM00lny0\n\u25ba\u7b2c\u4e09\u96c6:https://youtu.be/2G5wu61uCM0\n\u25ba\u7b2c\u56db\u96c6:https://youtu.be/-rP1abYv8n4\n\nOnion Man \u95dc\u9375\u5b57:\n\u4e2d\u4e8c \u80a5\u5b85 \u55ae\u8eab\u6f22 \u55ae\u8eab \u9b6f\u86c7 \u5c4c\u7d72 \u80a5\u5b85",
        "likeCount": "4737",
        "commentCount": "438",
        "viewCount": "253904"
    },
    "comments": [
        {
            "reply_id": "UgyPFpcaWMEA4qJ6pkl4AaABAg",
            "reply_content": "\u7559\u8a00\u4e00\u500b\u51b7\u7b11\u8a71\u62bd10\u4f4d\u9001\u8cbc\u5716\n\u9846\u9846"
        },
        {
            "reply_id": "UgxlNAWDfhjj6afK3JN4AaABAg",
            "reply_content": "\u662f\u4ec0\u9ebc\u610f\u601d\uff1f"
        },
        {
            "reply_id": "UgwN_dCTUnUXGnKZ2dp4AaABAg",
            "reply_content": "\u6d0b\u8525\u90fd\u53bb\u54ea\u6253\u64b2\u514b\u311a"
        },
        {
            "reply_id": "UgxtnGMRZRKwWBUgu9F4AaABAg",
            "reply_content": "\u53bb\u6253\u9776\u4e5f\u53ef\u4ee5\uff0c\u70ba\u4ec0\u9ebc\u8981\u7528\u6c34\u69cd\u624d\u6e96\uff0c\u56e0\u70ba\u5b50\u5f48\u6c92\u6c34\u6e96"
        },
        {
            "reply_id": "UgzaXekcTlU8h-IZPeh4AaABAg",
            "reply_content": "\u8d8a\u524d\u9f8d\u99ac"
        },
        {
            "reply_id": "UgyGUFBOfkOz-ee0dY14AaABAg",
            "reply_content": "\u7559\u8a00\u652f\u6301"
        },
        {
            "reply_id": "UgzLI77zM6i0ewVuWHN4AaABAg",
            "reply_content": "\u6211\u53cd\u800c\u89ba\u5f97\u5c31\u8b93\u4ed6\u5c2c \u721b\u5230\u7b11\u6bd4\u8f03\u597d\n\u4e00\u76f4\u5410\u69fd\u6709\u9ede\u667a\u969c\n\ud83d\ude02"
        },
        {
            "reply_id": "Ugxrd5npuDKjmqEJ24F4AaABAg",
            "reply_content": "\u539f\u4f86\u6211\u8ddf\u6d0b\u8525\u662f\u540c\u4e00\u6a94\u6b21\n\u4f46\u662f\u6211\u5df2\u7d93\u6162\u6162\u638c\u63e1\u7b11\u8a71\u4e4b\u9053\n\u8b1b\u7b11\u8a71\u689d\u4ef6 : \n1-\u8b58\u5225\u7576\u4e0b\u6c23\u6c1b\u662f\u5426\u70ba\u8f15\u9b06\u72c0\u614b\n2-\u7b11\u8a71\u8981\u5b9a\u671f\u66f4\u65b0(\u985e\u578b\u6216\u8a9e\u8abf)\n3-\u51fa\u5176\u4e0d\u610f\u624d\u80fd\u5f15\u8d77\u958b\u61f7\u5927\u7b11"
        },
        {
            "reply_id": "Ugy5nXWR3NuxFx4HLfB4AaABAg",
            "reply_content": "\u88dc\u5145\uff1a\u958b\u819b\u624b\u5091\u514b\u662f\u502b\u6566\u6709\u540d\u7684\u6bba\u624b"
        },
        {
            "reply_id": "Ugz9LQeBcotDB2C39Op4AaABAg",
            "reply_content": "\u62f3\u723a\u51fa\u64ca"
        },
        {
            "reply_id": "Ugyu852g8ezz5aPqxP54AaABAg",
            "reply_content": "\u6240\u4ee5\u963f\u6587\u662f\u62f3\u723a"
        },
        {
            "reply_id": "UgzQJhsT4DK-7qjBkC14AaABAg",
            "reply_content": "\u6211\u89ba\u5f97\u958b\u5802\u9996\u7bc0\u8ab2\u883b\u597d\u7b11\u7684\ud83d\ude02\ud83d\ude02\ud83d\ude02"
        },
        {
            "reply_id": "Ugx_HJn7xLIuPcXNf5t4AaABAg",
            "reply_content": "\u7537\u5973\u5408\u6821\u90a3\u91cc\u771f\u7684\u5f88\u597d\u7b11\u3002\u3002\u54c8\u54c8\u54c8\u54c8\u54c8"
        },
        {
            "reply_id": "UgxIyikABSR6BEJNDhR4AaABAg",
            "reply_content": "\u6c92\u6709\u6240\u5411\u7121\u6575\uff0c\u81ea\u5df1\u5410\u7cdf\u66f4\u5c37\u5c2c\u53ef\u60b2"
        },
        {
            "reply_id": "Ugw0IwuMWTrdIQKJzIp4AaABAg",
            "reply_content": "\u5144\u5f1f\u7684\u529b\u91cf\uff01"
        },
        {
            "reply_id": "UgwssVs54ThQdP9MqZR4AaABAg",
            "reply_content": "\u6d0b\u8525\u4f60\u90a3\u500b\u958b\u819b\u624b\u5091\u514b\u6233\u5230\u6211\u7b11\u9edeXDD\n\u5582\uff5e\u4e0d\u662f\u90a3\u500b\u6d0b\u8525\u5566"
        },
        {
            "reply_id": "Ugzo2Lt_gggfS0h6F7J4AaABAg",
            "reply_content": "\u51b7\u5230\u6211\u89ba\u5f97\uff0c\u883b\u597d\u7b11\u7684"
        },
        {
            "reply_id": "Ugyq2Qew17Hxin1wUvx4AaABAg",
            "reply_content": "\u771fD\u51b7 \u6700\u8fd1\u771f\u7684\u597d\u51b7"
        },
        {
            "reply_id": "UgwAHMcs36t-A1Dz9z94AaABAg",
            "reply_content": "\u6211\u4e0d\u884c\u4e86\u6211\u5c37\u5c2c\u764c\u8981\u767c\u4f5c\u4e86"
        },
        {
            "reply_id": "Ugwdd1mm9O33yxSXYoZ4AaABAg",
            "reply_content": "\u9023\u963f\u6587\u665a\u5230\u7684\u5287\u60c5\u90fd\u8ddf\u5927\u77f3\u4e00\u6a21\u4e00\u6a23 \u4e0d\u6127\u662f\u809b\u6e90\u6d41\u6d0b\u8525\u8f15\u9b06\u6539\u7de8 \n\u90a3\u4ed64:15\u8ddf\u7d05\u5091\u53ef\u4ee5\u4e92\u63db\u4f4d\u5b50\u56e0\u70ba\u7d05\u5091\u6c92\u6709\u53d6\u8ca8 \u5582\u771f\u7684\u5728\u8766\u76ae\u8a02\u7897\u963f"
        }
    ]
}