{
    "video_info": {
        "id": "my_YjN27wEI",
        "channelTitle": "Onion Man",
        "title": "Onion Man | \u7537\u4eba\u9b45\u529b\u6392\u884c\u699c(\u4e8c)  \u578b\u7537Larry\u8207\u6b50\u5df4\u535a\u921e | \u4e2d\u4e8c\u9023\u7e8c\u5287 @rayduenglish  @shasha77",
        "description": "\u6d0b\u8525\u8207\u535a\u921e\u70ba\u4e86\u66f4\u53d7\u5973\u6027\u6b61\u8fce\uff0c\u53c8\u518d\u6b21\u9032\u5316\n\u4ed6\u5011\u80fd\u6253\u8d0f\u5e25\u6c23\u7684\u5c0f\u6372Genji\u55ce?\n\u672c\u96c6\u60e1\u641e\u9f8d\u73e0\u8cfd\u9b6f\u7bc7\u5287\u60c5\n\n\u7537\u4eba\u9b45\u529b\u6392\u884c\u699c(\u4e00): https://www.youtube.com/watch?v=shBm0VGm0Is\n\u7537\u4eba\u9b45\u529b\u6392\u884c\u699c(\u4e09): https://www.youtube.com/watch?v=MF2spflT1Uo\n\n\u4e9e\u62c9\u4f50\u6975\u5149\u67d3\u71d9\u6d17\u9aee\u7cbe\uff0c\u6bcd\u89aa\u7bc0\u9650\u6642\u512a\u60e0\n\u5373\u65e5\u8d77\u81f35/8\uff0c\u539f\u50f93160\u6436\u5148\u9ad4\u9a57\u50f92022\u5143\nhttps://www.sosiliz.com.tw/products22.150.276\n\n\u3010\u8a02\u95b1\u3011\u53ca\u89c0\u770b\u6d0b\u8525\u66f4\u591a\u5f71\u7247: https://goo.gl/ijP3Eb\n\n\u5de5\u4f5c\u5408\u4f5c\uff1aonionmanwork@gmail.com\nOnion Man \u767e\u842c\u8ffd\u8e64\u7c89\u7d72\u5718:goo.gl/Z5CSvw\n\n\u6700\u65b0\u963f\u6587\u8cbc\u5716:https://reurl.cc/GxYjA\n\n\u7b2c\u4e00\u4ee3\u963f\u6587line\u8cbc\u5716:https://reurl.cc/Wroxx\n\n\u6d0b\u8525\u79c1\u751f\u6d3bIG:https://www.instagram.com/onionman__/\n\n\n\u904b\u52d5\u6f2b\u756b\u88e1\u7684\u4e2d\u4e8c\u8001\u6897\u5287\u60c5\n\u25ba\u7b2c\u4e00\u96c6:https://youtu.be/cMoV1rPH35k\n\u25ba\u7b2c\u4e8c\u96c6:https://youtu.be/iW7LM00lny0\n\u25ba\u7b2c\u4e09\u96c6:https://youtu.be/2G5wu61uCM0\n\u25ba\u7b2c\u56db\u96c6:https://youtu.be/-rP1abYv8n4\n\nOnion Man \u95dc\u9375\u5b57:\n\u4e2d\u4e8c \u80a5\u5b85 \u55ae\u8eab\u6f22 \u55ae\u8eab \u9b6f\u86c7 \u5c4c\u7d72 \u80a5\u5b85",
        "likeCount": "8054",
        "commentCount": "1080",
        "viewCount": "500264"
    },
    "comments": [
        {
            "reply_id": "UgzQnWgowIYIJph3jaJ4AaABAg",
            "reply_content": "\u984f\u503c\u53ea\u662f\u5973\u751f\u64c7\u5076\u7684\u689d\u4ef6\u4e4b\u4e00\n\u6700\u73fe\u5be6\u7684\u9084\u662f\u81ea\u8eab\u7684\u7d93\u6fdf\u597d\u4e0d\n\n\u7537\u751f\u6c92\u9322 \u6c92\u4e00\u5b9a\u7684\u5b58\u6b3e\n\u54ea\u6015\u9577\u7684\u518d\u5e25\u6c23\n\n\u5973\u751f\u4e5f\u4e0d\u6703\u8981\u7684"
        },
        {
            "reply_id": "UgyORq9V8-Olc0Uqyl54AaABAg",
            "reply_content": "\u8ddf\u4ed6\u5011\u4e0d\u7ba1\u591a\u5e25\u771f\u7684\u90fd\u6703\u8b8a\u5206\u6bcd"
        },
        {
            "reply_id": "UgzrQfeHo_AFexi2PWh4AaABAg",
            "reply_content": "\u53c8\u8b8a\u8cfd\u4e9e\u4eba"
        },
        {
            "reply_id": "Ugz6TLQiD0r-PUa8yGV4AaABAg",
            "reply_content": "\u70ba\u4ec0\u9ebc\u611f\u89ba\u8ddf\u6703\u8003\u7d1a\u5206\u4e00\u6a23"
        },
        {
            "reply_id": "Ugypxf6vymERY5WpqzZ4AaABAg",
            "reply_content": "\u4f5c\u8005\u5df2\u760b\uff01"
        },
        {
            "reply_id": "Ugz6DtSYf8b36OkHIRN4AaABAg",
            "reply_content": "\u6211\u6bd4\u8f03\u559c\u6b61\u9999\u6c34\u5c0f\u6372\u90a3\u6642\u5019\u7684\u6a23\u5b50\u311f\uff08\u773c\u93e1\u63a7\uff09\u54c8\u54c8\u54c8"
        },
        {
            "reply_id": "UgzrPrxITi_l_aUlxYh4AaABAg",
            "reply_content": "\u8c9d\u5409\u5854\u751f\u5316\u4eba\u7247\u6bb5"
        },
        {
            "reply_id": "UgxgLjHK6OhBigPjdjJ4AaABAg",
            "reply_content": "\u7b11\u5230\u4e0d\u884c"
        },
        {
            "reply_id": "UgwLqFRiDlXgu3-NKMZ4AaABAg",
            "reply_content": "\u963f\u6ef4\u9084\u7b97\u53ef\u4ee5\u63a5\u53d7 \u4f46\u5fd7\u797a\u662f\u7cfb\u8349\u7b49\u7d1a\u5c31\u592a\u8a87\u5f35\u4e86"
        },
        {
            "reply_id": "UgxwQapWq29E_64kruF4AaABAg",
            "reply_content": "\u5916\u8868\u53ea\u662f\u57fa\u672c\u529f\n\u904e\u5ea6\u5728\u610f\u5fc3\u614b\u626d\u66f2\u6389"
        },
        {
            "reply_id": "UgyLJsFCdW_BdALdYHR4AaABAg",
            "reply_content": "\u7d05\u5091\u982d\u9aee\u523a\u51fa\u5e3d\u5b50"
        },
        {
            "reply_id": "UgwVj3dtDqOZNeKg6Ix4AaABAg",
            "reply_content": "\u6253\u8089\u6bd2\u6c92\u5c41\u7528~~~\u5766\u767d\u8ddf\u4f60\u8aaa~~\u60f3\u4fdd\u6301\u5e74\u8f15 \u53ea\u6709\u898f\u5f8b\u904b\u52d5\u8ddf\u98f2\u98df\u5747\u8861 \u6c92\u5225\u62db\u4e86"
        },
        {
            "reply_id": "UgwIDdVZYEkM2YTOA2h4AaABAg",
            "reply_content": "\u8cb7\u4e00\u5806\u8863\u670d \u9999\u6c34 \u5916\u5957~\u90fd\u4e0d\u5982\u76f4\u63a5\u53bb\u6574\u5f62\u8ddf\u91ab\u7f8e"
        },
        {
            "reply_id": "UgxlqBnCYwFJrQxzxf94AaABAg",
            "reply_content": "\u9054\u723e\u5225\u9b27\u4e86w"
        },
        {
            "reply_id": "Ugxzql3nikXeDhTEHd14AaABAg",
            "reply_content": "\u8525\u54e5\u5f9e\u4f86\u6c92\u8b93\u6211\u5931\u671b\u904e"
        },
        {
            "reply_id": "UgwCHdSBRxzT4hNZAWt4AaABAg",
            "reply_content": "\u6eff\u6eff\u7684\u9f8d\u73e0\u6897\u6b38\ud83d\ude02"
        },
        {
            "reply_id": "UgwANnGaOM6HB1ZvNXp4AaABAg",
            "reply_content": "\u6c92\u770b\u904e\u9f8d\u73e0\u9084\u662f\u89ba\u5f97\u597d\u597d\u7b11\u554a~~~"
        },
        {
            "reply_id": "UgzlcvJePFEd0Q545694AaABAg",
            "reply_content": "\u756b\u9019\u4e9b\u61c9\u8a72\u662f\u771f\u7684\u82b1\u4e86\u4e0d\u5c11\u6642\u9593\n\u6d0b\u8525\u54e5 \u8f9b\u82e6\u4e86\uff5e"
        },
        {
            "reply_id": "UgwdUV1eFYKcEIv7GnR4AaABAg",
            "reply_content": "\u9084\u6709\u4eba\u7269\u6230\u529b\u5206\u6790\u8868 \n\u6839\u672c\u7d42\u6975\u4e00\u73ed \u592a\u8b9a\u4e86 \u6211\u559c\u6b61"
        },
        {
            "reply_id": "Ugxs-x3cekgM41qHLbl4AaABAg",
            "reply_content": "\u8b9a"
        }
    ]
}