{
    "video_info": {
        "id": "nbOGAw-4LgI",
        "channelTitle": "Onion Man",
        "title": "Onion Man | \u88ab\u5b78\u59ca\u65a5\u8cac\u553e\u68c4\u7684\u5065\u5fd8\u4e4b\u738b\uff01\u9023\u8eca\u90fd\u53ef\u4ee5\u5fd8\u8a18\u7684\u7537\u4eba\uff01 | \u771f\u5be6\u6545\u4e8b\u7bc7",
        "description": "\u6bcf\u5929\u5fd8\u8a18\u4e00\u6a23\u6771\u897f\u7684\u7537\u4eba\uff0c\u73fe\u5be6\u7248\u5948\u5a01\u5c31\u662f\u6211\n\n\u3010\u8a02\u95b1\u3011\u53ca\u89c0\u770b\u6d0b\u8525\u66f4\u591a\u5f71\u7247: https://goo.gl/ijP3Eb\n\n\u5de5\u4f5c\u5408\u4f5c\uff1aonionmanwork@gmail.com\nOnion Man \u767e\u842c\u8ffd\u8e64\u7c89\u7d72\u5718:goo.gl/Z5CSvw\n\n\u6700\u65b0\u963f\u6587\u8cbc\u5716:https://reurl.cc/GxYjA\n\n\u7b2c\u4e00\u4ee3\u963f\u6587line\u8cbc\u5716:https://reurl.cc/Wroxx\n\n\u6d0b\u8525\u79c1\u751f\u6d3bIG:https://www.instagram.com/onionman__/\n\n\n\u904b\u52d5\u6f2b\u756b\u88e1\u7684\u4e2d\u4e8c\u8001\u6897\u5287\u60c5\n\u25ba\u7b2c\u4e00\u96c6:https://youtu.be/cMoV1rPH35k\n\u25ba\u7b2c\u4e8c\u96c6:https://youtu.be/iW7LM00lny0\n\u25ba\u7b2c\u4e09\u96c6:https://youtu.be/2G5wu61uCM0\n\u25ba\u7b2c\u56db\u96c6:https://youtu.be/-rP1abYv8n4\n\nOnion Man \u95dc\u9375\u5b57:\n\u4e2d\u4e8c \u80a5\u5b85 \u55ae\u8eab\u6f22 \u55ae\u8eab \u9b6f\u86c7 \u5c4c\u7d72 \u80a5\u5b85",
        "likeCount": "14387",
        "commentCount": "2505",
        "viewCount": "839577"
    },
    "comments": [
        {
            "reply_id": "UgyMyRG9o4Sy2oBV0uV4AaABAg",
            "reply_content": "\u592a\u53b2\u5bb3\u4e86\u22ef\u4e0d\u5f97\u4e0d\u7d66\u4e00\u500b\u8b9a\uff5e\u5566"
        },
        {
            "reply_id": "Ugy4BAM82LGo3zChYjV4AaABAg",
            "reply_content": "\u6211\u4e5f\u662f!\u518d\u8a87\u5f35\u90fd\u80fd\u7576\u6210\u5a1b\u6a02\u81ea\u5df1\u7684\u4e8b\u60c5\u4e86"
        },
        {
            "reply_id": "Ugx2wHlSv8Ce8Ct17kJ4AaABAg",
            "reply_content": "\u6211\u9858\u7a31\u4f60\u70ba\u6700\u5f37"
        },
        {
            "reply_id": "UgzW0OZQY9gWPTbFc7p4AaABAg",
            "reply_content": "\u8b1b\u5230\u5065\u5fd8,\u6c92\u4eba\u6bd4\u6211\u66f4\u512a\u79c0,\u6211\u53ef\u662f\u6bcf\u6b21\u4e0a\u8ab2\u8981\u7d66\u5bb6\u9577\u7c3d\u751a\u9ebc\u6587\u4ef6,\u90fd\u767e\u5206\u4e4b\u4e5d\u5341\u4e5d\u5fd8\u8a18\u7684\u4eba\uff0c\u5269\u4e0b\u7684\u767e\u5206\u4e4b\u4e00\u662f\u6211\u5abd\u525b\u597d\u770b\u5230\u6211\u66f8\u5305\u6709\u3002"
        },
        {
            "reply_id": "Ugy95opQRrGs-CgsGxB4AaABAg",
            "reply_content": "\u6211\u60f3\u771f\u6b63\u7684\u6700\u5f3a\u5065\u5fd8\u75c7\u662f\u5f53\u4f60\u60f3\u505a\u4e00\u4ef6\u4e8b\u60c5 \u4f46\u9a6c\u4e0a\u5c31\u5fd8\u4e86\u8981\u505a\u4ec0\u4e48\u4e8b \u800c\u4e14\u4e5f\u60f3\u4e0d\u8d77\u6765\u81ea\u5df1\u8981\u505a\u4ec0\u4e48\uff08\u6211\u81ea\u5df1\u7ecf\u5386\u8fc7\uff09"
        },
        {
            "reply_id": "UgyQdieo2ojz-xO0itR4AaABAg",
            "reply_content": "\u7b49\u4e00\u4e0b \u5217\u5165\u7f8e\u98df\u540d\u7c3f\u4e0d\u5c31\u6703\u5012\u55ce  \u6d0b\u8525\u4f60\u9019\u6a23\u6069\u5c07\u4ec7\u5831\u554a"
        },
        {
            "reply_id": "UgwsWuCfck6FQl3pnR94AaABAg",
            "reply_content": "\u5e79\uff0c\u6211\u4e5f\u662f"
        },
        {
            "reply_id": "UgwCiRjcAFWQ35zSMjV4AaABAg",
            "reply_content": "\u4f60\u771f\u6158\u554a\ud83d\ude02"
        },
        {
            "reply_id": "UgyZQPHZ96ie2FlIFWx4AaABAg",
            "reply_content": "\u53ea\u8981\u4e0d\u5e36\u6771\u897f\uff0c\u5c31\u4e0d\u6703\u5fd8\u6771\u5fd8\u897f"
        },
        {
            "reply_id": "UgzE4I1kL6jQ2gzMfnx4AaABAg",
            "reply_content": "\u6211\u5f88\u60f3\u8981\u89e3\u6c7a\u6211\u7684\u5065\u5fd8\u8207\u7c97\u5fc3\u554f\u984c\uff0c\u662f\u982d\u6709\u69cb\u9020\u6709\u554f\u984c\u55ce?\u50cf\u4e4b\u524d\u521d\u620050\u6b21\u6f14\u7684\uff0c\u6709\u4eba\u9577\u671f\u8a18\u61b6\u51fa\u554f\u984c\uff0c\u6211\u4e5f\u662f\u8166\u6709\u554f\u984c\u55ce....\u597d\u597d\u5947\u6709\u6c92\u6709\u4eba\u505a\u904e\u985e\u4f3c\u7814\u7a76\u5831\u544a"
        },
        {
            "reply_id": "UgyYZzcTasJlN3aMNVx4AaABAg",
            "reply_content": "\u8eca\u958b\u591a\u6240\u4ee5\u624d\u6703\u9019\u6a23\n\u56db\u8f2a\u4ed4"
        },
        {
            "reply_id": "Ugx94Qs0yIj87emtyNZ4AaABAg",
            "reply_content": "\u4e00\u76f4\u89ba\u5f97 \u9019\u9593\u5b78\u6821\u5f88\u719f\u6089 \u539f\u4f86 \u9019\u662f\u6211\u7684\u6bcd\u6821\u554a\ud83d\ude02"
        },
        {
            "reply_id": "Ugz02PlsJveoGuIpB0J4AaABAg",
            "reply_content": "\u51fa\u570b\u73a9\uff0c\u70ba\u4e86\u6015\u767c\u751f\u53ea\u5e36\u5230\u76f8\u6a5f\u537b\u6c92\u5e36\u5230\u5145\u96fb\u7dda\u7684\u8822\u4e8b\uff0c\u9084\u7279\u5225\u5148\u628a\u5145\u96fb\u7dda\u653e\u5728\u5305\u5305\u5167\uff5e\n\u7d50\u679c\u767c\u751f\u66f4\u8822\u7684\u2026.\u76f8\u6a5f\u6c92\u5e36\u5230\ud83d\ude05\ud83d\ude05"
        },
        {
            "reply_id": "UgzCp-e12BQpp-PIAuF4AaABAg",
            "reply_content": "\u771f\u4e8b,\u6211\u8a66\u904e\u548c\u670b\u53cb\u4e00\u8d77\u53bb\u770b\u96fb\u5f71,\u670b\u53cb\u628a\u6232\u7968\u653e\u6211\u90a3,\u53bb\u5230\u96fb\u5f71\u9662\u767c\u73fe\u7968\u4e0d\u898b\u4e86,\u540e\u4f86\u5728\u9014\u4e2d\u4e00\u500b\u8857\u4e0a\u5783\u573e\u6876\u4e2d\u627e\u5230"
        },
        {
            "reply_id": "UgwyPeqTwnNH43t4OS94AaABAg",
            "reply_content": "\u8aaa\u4e0d\u5b9a \u6d0b\u8525\u5176\u5be6\u662f\u6709\u5973\u53cb\u7684 \u53ea\u662f\u88ab\u907a\u5fd8\u4e86.."
        },
        {
            "reply_id": "UgzbFZx9mgqDeNyXq894AaABAg",
            "reply_content": "\u50cf\u6211\u5011\u9019\u7a2e\u73a9\u5065\u5fd8\u7684\u9f41\uff0c\u6a5f\u8eca\u9396\u982d\uff08\u9470\u5319\u4e0d\u898b\uff09\u63db\u500b\u5169\u4e09\u500b\u4e5f\u662f\u5f88\u6b63\u5e38\u5566"
        },
        {
            "reply_id": "UgzpEZqZMIVfjZK6Eix4AaABAg",
            "reply_content": "\u6211\u5fd8\u4e86\u6211\u5fd8\u4e86\u4ec0\u9ebc"
        },
        {
            "reply_id": "UgwtIMfPcHCm7IY0dQd4AaABAg",
            "reply_content": "\u6709\u6642\u5019\u60f3\u5230\u8981\u505a\u4ec0\u9ebc\u4e8b\u6642\u90fd\u6703\u88ab\u53e6\u4e00\u4ef6\u4e8b\u6253\u65b7\u7136\u5f8c\u5c31\u5fd8\u8a18\u8981\u53bb\u505a\u4e86"
        },
        {
            "reply_id": "UgxfN7iX5svzyFMmWo54AaABAg",
            "reply_content": "1. \u624b\u6a5f\u9322\u5305\u9470\u5319\u641e\u4e1f\u90a3\u662f\u5fc5\u9808\u7684\n2. \u6a5f\u8eca\u5fd8\u8a18\u653e\u54ea\u4e5f\u662f\u5e38\u898b \u9470\u5319\u6c92\u62d4\u66f4\u4e0d\u7528\u8aaa\n3. \u958b\u8eca\u505c\u5728\u767e\u8ca8\u516c\u53f8\u5f9e\u4f86\u90fd\u627e\u4e0d\u5230\u8eca\u5728\u54ea\n4. \u51fa\u9580\u5fd8\u8a18\u62ff\u9470\u5319\u5c31\u95dc\u9580\n5. \u8003\u4e0a\u5927\u5b78\u6642\u5fd8\u8a18\u53bb\u5b78\u6821\u5831\u5230\n\u5b78\u6821\u627e\u4e0d\u5230\u6211\u56e0\u70ba\u5728\u6253\u5de5\u4e0d\u80fd\u5e36\u624b\u6a5f\n\u6700\u5f8c\u6211\u7238\u6bba\u4f86\u6211\u5de5\u4f5c\u7684\u5730\u65b9\u628a\u6211\u5e36\u53bb\u5831\u5230\n\u4e0d\u7136\u5dee\u9ede\u76f4\u63a5\u91cd\u8003\u4e00\u5e74\n\u5176\u5be6\u9084\u6709\u5f88\u591a\n\u4f46\u6211\u5fd8\u4e86"
        },
        {
            "reply_id": "Ugz-Z5W9ASnVqsWbgEF4AaABAg",
            "reply_content": "\u7e3d\u662f\u5fd8\u8a18\u5e36\u5957\uff0c\u6211\u771f\u662f\u592a\u4e0d\u5c0f\u5fc3\u4e86"
        }
    ]
}