{
    "video_info": {
        "id": "nRiJf0kuW3o",
        "channelTitle": "Onion Man",
        "title": "Onion Man | \u4ee5\u53f0\u5927\u70ba\u76ee\u6a19\uff01\u9ad8\u4e2d\u5347\u5927\u5b78\u7cfb\u5217\uff01 (\u5b8c\u7d50\u7bc7)  \u5e7e\u5bb6\u6b61\u6a02\u5e7e\u5bb6\u6101",
        "description": "\u5225\u88ab\u4f60\u7684\u81ea\u5351\u611f~~\u5de6\u53f3~~\n\nOnionMeta\u5b98\u7db2: https://www.onionmeta.club/\nOnionMeta : https://opensea.io/collection/onion-meta-official\nOnionMeta\u8fd1\u671f\u8ce6\u80fd\u6574\u7406\n[\u793e\u7fa4\u6700\u8fd1\u7684\u8ce6\u80fd\u6d3b\u52d5\u6574\u7406]\n1.\u7fa4\u5167GK\u8207\u666f\u54c1\u7a81\u8972\u62bd\u734e!! (\u6700\u9ad8\u5e02\u50f9\u905410000\u5143) \n2.\u5b85\u7537\u76db\u4e8b!\u570b\u969b\u96fb\u73a9\u5c55\u9580\u7968 100\u5f35\u514d\u8cbb\u9001!!\n3.\u6d0b\u8525\u5718\u968a\u5982\u4f55\u62b5\u64cb\u516c\u552e\u6a5f\u5668\u4eba\u7684?\u9996\u6ce2\u6d0b\u8525\u5b87\u5b99\u5c08\u5c6c\u6f14\u8b1b-\u6280\u8853\u9577\u5f37\u5c3c\u7684\u7d42\u6975\u9632\u79a6\u529b\u89e3\u6790!\n4.\u6d0b\u8525\u8207\u62f3\u723a\u7531\u611b\u8f49\u6068? \u528d\u9b42\u751f\u6b7b\u9b25! \u8ced\u4e0a\u5404\u81ea\u7684\u5c0a\u56b4!\u7c89\u7d72\u9078\u908a\u7ad9!!!\u5718\u968a\u63d0\u4f9b1.1\u9846\u4ee5\u592a\u5e63\u7d66\u53f0\u4e0b\u7684\u8525\u7c89\u62f3\u7c89\u505a\u70ba\u734e\u91d1\n5.\u9805\u76ee\u65b9\u4e4b\u53cb\u7684\u767d\u540d\u55ae\u62bd\u734e~! \u611f\u8b1d\u738b\u72d7\u3001\u653e\u514b\u96de\u3001\u53cd\u9aa8\u5718\u968a\u63d0\u4f9b\u767d\u540d\u55ae\u540d\u984d!\n6.OnionMeta\u6d0b\u8525\u5b87\u5b99\u9996\u6b21\u734e\u91d1\u904a\u6232\u8cfd! \u7e3d\u734e\u91d1\u9ad8\u905410\u9846\u4ee5\u592a\u5e63!! \u7b2c\u4e00\u8f2a\u904a\u6232-\u4f60\u756b\u6211\u731c!\n7.\u5e74\u5f8c\u4e4b\u812b\u96e2\u80a5\u5b85\u8a08\u756b!!\uff0c\u8207Leisure Bespoke\u806f\u540d\u7279\u60e0\u6d3b\u52d5!!!\u6e96\u5099\u597d\u518d\u5e74\u5f8c\u7a7f\u897f\u88dd\u5e25\u4e00\u6ce2\u5427!!!\n8.\u548c\u5973\u795eNiya\u4e00\u8d77\u540c\u6a02!\uff0c\u8207Niya\u548c\u6d0b\u8525\u5c0d\u6230\u70b8\u5f48\u8d85\u4eba! \u52dd\u5229\u8005\u53ef\u7372\u5f97\u9b3c\u6ec5 x Xrage \u806f\u540d\u5546\u54c1\n9.\u734e\u91d1\u904a\u6232\u8cfd\u7b2c\u4e8c\u8f2a\u904a\u6232-\u70b8\u5f48\u8d85\u4eba!\n\n\u3010\u8a02\u95b1\u3011\u53ca\u89c0\u770b\u6d0b\u8525\u66f4\u591a\u5f71\u7247: https://goo.gl/ijP3Eb\n\n\u5de5\u4f5c\u5408\u4f5c\uff1aonionmanwork@gmail.com\nOnion Man \u767e\u842c\u8ffd\u8e64\u7c89\u7d72\u5718:goo.gl/Z5CSvw\n\n\u6700\u65b0\u963f\u6587\u8cbc\u5716:https://reurl.cc/GxYjA\n\n\u7b2c\u4e00\u4ee3\u963f\u6587line\u8cbc\u5716:https://reurl.cc/Wroxx\n\n\u6d0b\u8525\u79c1\u751f\u6d3bIG:https://www.instagram.com/onionman__/\n\n\n\u904b\u52d5\u6f2b\u756b\u88e1\u7684\u4e2d\u4e8c\u8001\u6897\u5287\u60c5\n\u25ba\u7b2c\u4e00\u96c6:https://youtu.be/cMoV1rPH35k\n\u25ba\u7b2c\u4e8c\u96c6:https://youtu.be/iW7LM00lny0\n\u25ba\u7b2c\u4e09\u96c6:https://youtu.be/2G5wu61uCM0\n\u25ba\u7b2c\u56db\u96c6:https://youtu.be/-rP1abYv8n4\n\nOnion Man \u95dc\u9375\u5b57:\n\u4e2d\u4e8c \u80a5\u5b85 \u55ae\u8eab\u6f22 \u55ae\u8eab \u9b6f\u86c7 \u5c4c\u7d72 \u80a5\u5b85",
        "likeCount": "14193",
        "commentCount": "1828",
        "viewCount": "829891"
    },
    "comments": [
        {
            "reply_id": "UgzP7GmGD7MmBx9oONJ4AaABAg",
            "reply_content": "\u5927\u8003\u552f\u4e00\u6559\u6703\u6211\u5011\u7684 \u662f\u6211\u5011\u53ea\u662f\u5e73\u51e1\u4eba"
        },
        {
            "reply_id": "UgynBUmiWSiHM9UAZfh4AaABAg",
            "reply_content": "\u6c38\u9060\u8a18\u5f97\u6211\u570b\u6587\u793e\u6703\u9802\u6a19\u6578\u5b78\u8d85\u4e4e\u60f3\u50cf\u7684\u524d\u6a19\u4f46\u6211\u82f1\u6587\u721b\u5230\u9760\u5317\uff0c\u721b\u5230\u76f4\u63a5\u53bb\u6307\u8003"
        },
        {
            "reply_id": "UgzSVegShtVqFcqO4xJ4AaABAg",
            "reply_content": "\u540c\u5927\u8003\u8003\u7838\uff0c\u90a3\u65f6\u5019\u771f\u7684\u611f\u89c9\u5929\u584c\u4e0b\u6765\u3002\u4f46\uff0c\u6211\u91cd\u8003\uff0c\u8003\u4e0a\u7406\u60f3\u5927\u5b66\u4e86\ud83d\ude05\u3002"
        },
        {
            "reply_id": "UgySwY4upWPmtfyFzTl4AaABAg",
            "reply_content": "\u5f88\u80fd\u7406\u89e3 \u56e0\u70ba\u73fe\u5728\u7684\u81ea\u5df1\u5c31\u662f\u9019\u6a23"
        },
        {
            "reply_id": "UgzDqrQWS8UFA7ml7tR4AaABAg",
            "reply_content": "\u8fd8\u4ee5\u4e3a\u53f0\u6e7e\u90fd\u4e0d\u641e\u5e94\u8bd5\u6559\u80b2\u7684\u5462\ud83d\ude05"
        },
        {
            "reply_id": "UgwE9H9Pgk9mJea0NRh4AaABAg",
            "reply_content": "\u5b78\u751f\u6642\u4ee3\u7684\u6d0b\u8471\u662f\u5927\u591a\u6570\u4eba\u7684\u7f29\u5f71\uff0c\u4f46\u73fe\u5728\u7684\u6d0b\u8471\u5c0d\u5927\u591a\u6570\u4eba\u4f86\u8aaa\u662f\u4eba\u751f\u8d62\u5bb6"
        },
        {
            "reply_id": "Ugx4vFjMChq1xjvmuCN4AaABAg",
            "reply_content": "\u570b\u4e00\uff1a\u6211\u8981\u8003\u5efa\u4e2d\n\u570b\u4e09\uff1a\u8981\u52aa\u529b\u624d\u8003\u5f97\u4e0a\u5efa\u4e2d\u90a3\u6211\u5be7\u53ef\u4e0d\u8981\n\u9ad8\u4e00\uff1a\u800d\u5ee2\n\u9ad8\u4e8c\uff1a\u800d\u5ee2\n\u9ad8\u4e09\uff1a\u6211\u8981\u8003\u53f0\u5927\u96fb\u6a5f\n\u5927\u4e00\uff1a\u6211\u8981\u8003\u8f49\u5b78\u8003\n\u5927\u56db\uff1a\u6211\u8981\u6d17\u7814\u7a76\u6240\n\u78a9\u4e00\uff1a\u5509\u6211\u5c31\u662f\u5e73\u51e1\u4eba \u5920\u4e86"
        },
        {
            "reply_id": "UgxPRA2mVwaHBhjGC-R4AaABAg",
            "reply_content": "\u6211\u7238\u662f\u5de5\u7a0b\u5e2b\u73fe\u5728\u5728\u53f0\u6a5f\u96fb"
        },
        {
            "reply_id": "UgwOObxt-U-ENAs8YFt4AaABAg",
            "reply_content": "\u6240\u4ee5\u6d0b\u8525\u539f\u672c\u60f3\u8981\u8b80\u751a\u9ebc\u79d1\u7cfb?"
        },
        {
            "reply_id": "Ugzy8_qqjr5ja1juCup4AaABAg",
            "reply_content": "\u7b11\u6b7b\ud83d\ude06\u770b\u5230\u6700\u540e\u963f\u9c81\u5df4\uff0c\u539f\u6765\u53f0\u6e7e\u4e5f\u4f1a\u6709\u8fd9\u79cd\u7537\u751f\u73a9\u7684\u6e38\u620f\uff0c\u8bfb\u97f3\u90fd\u4e00\u6837\uff01\u9ad8\u4e2d\u4e09\u5e74\u7537\u751f\u5929\u5929\u73a9\u90fd\u4e0d\u817b\u7684\u3002\u4e0d\u77e5\u9053\u6211\u4e3a\u4ec0\u4e48\u7126\u70b9\u653e\u5230\u6700\u540e\u53bb\u4e86\ud83d\ude02"
        },
        {
            "reply_id": "UgxxIWbOej7qlzMVQqt4AaABAg",
            "reply_content": "\u5176\u5be6\u6211\u770b\u5b8c\u4e86\u6240\u6709\u6d0b\u8525\u4f60\u5347\u5b78\u7684\u5f71\u7247 \u6211\u53ea\u80fd\u8aaa \u666e\u9ad8\u751f\u771f\u7684\u883b\u8f9b\u82e6\u7684 \u6211\u662f\u9ad8\u8077\u751f \u5176\u5be6\u5982\u679c\u771f\u8981\u8b1b \u6211\u5011\u518d\u600e\u9ebc\u52aa\u529b \u4e5f\u5f88\u96e3\u8d0f\u904e\u4f60\u5011 \u6211\u5011\u6280\u8077\u5b78\u6821 \u6700\u9ad8\u5b78\u9662\u5c31\u662f\u53f0\u79d1\u5927 \u5145\u5176\u91cf\u53ea\u80fd\u8ddf\u4e2d\u592e\u5927\u5b78\u6253\u5e73\u624b \u53ef\u662f\u8981\u8003\u4e0a\u90a3\u88e1\u6bd4\u767b\u5929\u9084\u96e3\ud83d\ude22\uff0c\u6211\u5927\u5b78\u4e5f\u662f\u8003\u721b \u7136\u5f8c\u7814\u7a76\u6240\u8ddf\u6210\u5927\u6a5f\u68b0\u64e6\u80a9\u800c\u904e \u76f4\u5230\u6211\u51fa\u793e\u6703\u5f8c\uff0c\u6211\u767c\u89ba \u518d\u597d\u7684\u5b78\u6821\u3001\u5b78\u8853\u7406\u8ad6\uff0c\u90fd\u6bd4\u4e0d\u904e\u81ea\u5df1\u80fd\u5920\u771f\u5207\u7684\u6d3b\u7528\u5c08\u696d\u77e5\u8b58 \u4e26\u4e14\u7368\u7acb\u601d\u8003 \u518d\u59a5\u5584\u7684\u61c9\u7528\u5b83\u89e3\u6c7a\u554f\u984c"
        },
        {
            "reply_id": "Ugw0oAvrL2B066R8qNh4AaABAg",
            "reply_content": "\u53bb\u5e74\u7684\u6211\u770b\u5230\u5f71\u7247\u4e0d\u4ee5\u70ba\u610f \u7e7c\u7e8c\u8eba\u5e73\u800d\u5ee2\n\u4e0d\u77e5\u4e0d\u89ba\u526940\u5e7e\u5929\u4e86\u5e79.."
        },
        {
            "reply_id": "UgxQHCXcf2L4ziJDqEh4AaABAg",
            "reply_content": "\u73a9\u516c\u4e3b\u62b1&\u758a\u7f85\u6f22&\u5343\u5e74\u6bba(\u6211\u662f\u570b\u4e2d\u751f\uff0c\u7576\u7136\u662f\u7537\u751f\u73a9\u7684"
        },
        {
            "reply_id": "UgyV8KXt7Eki90H1XYN4AaABAg",
            "reply_content": "\u9078\u5fd7\u9858\uff0c\u6bcf\u500b\u5927\u4eba\u90fd\u8aaa\u7576\u5de5\u7a0b\u5e2b\u3001\u6703\u8a08\u5e2b\u4ec0\u9ebc\u90fd\u597d\uff0c\u5c31\u662f\u4e0d\u8981\u7576\u8a2d\u8a08\u5e2b"
        },
        {
            "reply_id": "Ugxb-Z4G737WqO1LNcl4AaABAg",
            "reply_content": "\u8981\u8003\u5230\u91ab\u7642\u4fc2\u7684\u4eba\u90fd\u9700\u8981\u5f88\u5f37\uff0c\u771f\u7684\u8981\u8003\u4e0a\u771f\u7684\u5f88\u96e3\u3002\u6211\u7238\u5abd\u52aa\u529b\u8003\u4e0a\u7259\u79d1\u4fc2\u7684\u5f88\u96e3\u8036\uff01"
        },
        {
            "reply_id": "Ugy8D_3gocRcu7pjsDF4AaABAg",
            "reply_content": "\u4ee5\u5f8c\u624d\u767c\u73fe\u8b80\u90a3\u9ebc\u591a\uff0c\u6700\u5f8c\u4e5f\u6c92\u5565\u597d\u5de5\u4f5c"
        },
        {
            "reply_id": "UgyfjbeW652zmEWsEJl4AaABAg",
            "reply_content": "\u5783\u573e\u5f71\u7247"
        },
        {
            "reply_id": "UgweS0xu27YBQioEQl54AaABAg",
            "reply_content": "\u5b78\u9577\u8d85\u667a\u969c \u53f0\u5927\u91ab\u79d1\u6211\u662f\u8003\u4e0d\u4e0a\u5566\ud83e\udee4"
        },
        {
            "reply_id": "Ugx3kIZueGDoUURaFHh4AaABAg",
            "reply_content": "\u6210\u5927\u8868\u793a:\u5e79\n\u53f0\u6e05\u4ea4\uff0c\u518d\u4f86\u4e2d\u5b57\u8f29\uff0c\u963f\u6210\u5927\u52d2"
        },
        {
            "reply_id": "Ugz4_yKKrN1ouAwtMet4AaABAg",
            "reply_content": "\u6f0f\u4e00\u6574\u9801\u6c92\u5beb \u4e5f\u662f\u5929\u624d"
        }
    ]
}