{
    "video_info": {
        "id": "OHMzYJrhiVo",
        "channelTitle": "Onion Man",
        "title": "Onion Man |\u93e1\u5b50\u4e2d\u770b\u5230\u9b3c\u81c9\uff1f\u5c45\u5bb6\u9b3c\u6545\u4e8b\u7bc7 |\u9b3c\u6708\u7279\u8f2f",
        "description": "\u9b3c\u6708\u7279\u8f2f\uff0c\u5c45\u5bb6\u8a6d\u6545\u4e8b\u7bc7\n\u7531\u7db2\u53cb\u6295\u7a3f\u7684\u771f\u5be6\u8a6d\u6545\u4e8b\n\u9b3c\u738b\u5fae\u75bc\u89aa\u81ea\u76e3\u7763\u64b0\u5beb\ud83c\udf1d\n-\n\u8fb2\u66c6\u4e03\u6708\u5bb6\u4e2d\u5c45\u7136\u51fa\u73fe\u7121\u6cd5\u89e3\u91cb\u7684\u8a6d\u6545\u4e8b\ud83d\ude31\n\u8a6d\u6545\u4e8b\u80cc\u5f8c\u7684\u771f\u76f8\u662f\u8001\u820a\u5c45\u5bb6\u74b0\u5883\u9020\u6210\u7684??\n\u7279\u529b\u5c4b\u81ea\u6709\u54c1\u724c\u5341\u5927\u5fc5\u8cb7\u6fc0\u63a8\u597d\u7269\uff01\uff01\u901a\u904e\u5c08\u696d\u6aa2\u6e2c\u53ca\u8a8d\u8b49\n\u8b93\u4eba\u8cb7\u5f97\u5b89\u5fc3\u3001\u7528\u5f97\u5b89\u5fc3\uff01\n\u4e00\u8d77\u7528\u7279\u529b\u5c4b\u81ea\u6709\u54c1\u724c\u5341\u5927\u5fc5\u8cb7\u597d\u7269\u4f86\u7834\u89e3\u5bb6\u4e2d\u641e\u8a6d\u7684\u73fe\u8c61\n\u5373\u65e5\u8d77\u81f39/4\u5230\u7279\u529b\u5c4b\u9078\u8cfc\u81ea\u6709\u54c1\u724c\u5546\u54c1\n\u4efb\u9078\u4e8c\u4ef6\u4eab9\u6298\u512a\u60e0\n\u5feb\u8d81\u73fe\u5728\u52d5\u624b\u6253\u9020\u5b89\u5fc3\u8212\u9069\u7684\u5bb6~\n\ud83d\udc49https://bit.ly/3Eb71aY\n\n\u3010\u8a02\u95b1\u3011\u53ca\u89c0\u770b\u6d0b\u8525\u66f4\u591a\u5f71\u7247: https://goo.gl/ijP3Eb\n\n\u5de5\u4f5c\u5408\u4f5c\uff1aonionmanwork@gmail.com\nOnion Man \u767e\u842c\u8ffd\u8e64\u7c89\u7d72\u5718:goo.gl/Z5CSvw\n\n\u6700\u65b0\u963f\u6587\u8cbc\u5716:https://reurl.cc/GxYjA\n\n\u7b2c\u4e00\u4ee3\u963f\u6587line\u8cbc\u5716:https://reurl.cc/Wroxx\n\n\u6d0b\u8525\u79c1\u751f\u6d3bIG:https://www.instagram.com/onionman__/\n\n\n\u904b\u52d5\u6f2b\u756b\u88e1\u7684\u4e2d\u4e8c\u8001\u6897\u5287\u60c5\n\u25ba\u7b2c\u4e00\u96c6:https://youtu.be/cMoV1rPH35k\n\u25ba\u7b2c\u4e8c\u96c6:https://youtu.be/iW7LM00lny0\n\u25ba\u7b2c\u4e09\u96c6:https://youtu.be/2G5wu61uCM0\n\u25ba\u7b2c\u56db\u96c6:https://youtu.be/-rP1abYv8n4\n\nOnion Man \u95dc\u9375\u5b57:\n\u4e2d\u4e8c \u80a5\u5b85 \u55ae\u8eab\u6f22 \u55ae\u8eab \u9b6f\u86c7 \u5c4c\u7d72 \u80a5\u5b85",
        "likeCount": "3817",
        "commentCount": "315",
        "viewCount": "325469"
    },
    "comments": [
        {
            "reply_id": "Ugx4NHWMGzJzdCkBSTd4AaABAg",
            "reply_content": "\u6d0b\u8525\u4f60\u8b8a\u4e86"
        },
        {
            "reply_id": "UgwseDvq5Q51PzhDtRl4AaABAg",
            "reply_content": "\u4eca\u5929\u6562\u6253\u5e7f\u544a\uff0c\u4ee5\u540e\u5c31\u6562\u6253\u7c89\u4e1d\ud83e\udd2c"
        },
        {
            "reply_id": "UgyT-Vd1vSxoiCflII54AaABAg",
            "reply_content": "\u6d0b\u8525\u771f\u7684\u53ea\u6703\u756b\u696d\u914d\u4e86\uff0c\u6c92\u6897"
        },
        {
            "reply_id": "UgycbqdEWVSCe9x8_yt4AaABAg",
            "reply_content": "\u4e5f\u914d\u738b"
        },
        {
            "reply_id": "Ugwb8qydwJSQ_h0j8cV4AaABAg",
            "reply_content": "\u9762\u819c\u81c9\u5c31\u662f\u4f60\u7684\u81c9\u5427\ud83e\udd23"
        },
        {
            "reply_id": "Ugz9nSIUfreVo5rfJPB4AaABAg",
            "reply_content": "\u771f\u662f\u72e0\u4eba\uff01\u8aaa\u9b3c\u9084\u53ef\u4ee5\u696d\u914d"
        },
        {
            "reply_id": "Ugzz3SU2QrZBvQlXpRV4AaABAg",
            "reply_content": "\u7b2c\u4e00\u500b\u6545\u4e8b \u6211\u807d\u4e86\u76f4\u63a5 \u5e79 \u8b93\u4ed6\u5690\u5690\u5851\u81a0\u73a9\u5177\u53ef\u4ee5\u63d2\u591a\u6df1"
        },
        {
            "reply_id": "Ugxufa9mMblc2odbKRJ4AaABAg",
            "reply_content": "\u591a\u8667\u696d\u914d\u6211\u624d\u6562\u770b\u5b8c\u9b3c\u6545\u4e8b\ud83e\udd23\ud83e\udd23"
        },
        {
            "reply_id": "UgyYIvAoe7ExxVHI2sJ4AaABAg",
            "reply_content": "\u5e72\u54c8\u54c8\u54c8"
        },
        {
            "reply_id": "Ugyge1Q4br_8BJElGsl4AaABAg",
            "reply_content": "\u524d\u5e7e\u5929\u534a\u591c\uff0c\u5750\u5728\u5e8a\u908a\u73a9\u624b\u6a5f\uff0c\u7d50\u679c\u767c\u73fe\u8eab\u65c1\u6709\u6469\u64e6\u8072\uff0c\u7576\u6642\u9b3c\u6708\uff0c\u4ee5\u70ba\u662f\u597d\u5144\u5f1f\uff0c\u5fc3\u88e1\u8d85\u6bdb\uff0c\u4f46\u9084\u662f\u60f3\u8aaa\u6211\u807d\u932f\u7e7c\u7e8c\u73a9\u624b\u6a5f\uff0c\u7d50\u679c\uff0c\u6211\u7684\u8173\u88ab\u4e0d\u660e\u7269\u9ad4\u78b0\u6389\uff0c\u6211\u76f4\u63a5\u8df3\u8d77\u4f86\uff0c\u767c\u73fe\u662f\u4e00\u96bb\u8d85\u5927\u6703\u98db\u7684\u87d1\u8782\uff0c\u5687\u721b"
        },
        {
            "reply_id": "UgxQGRBI76ovSHJhjZh4AaABAg",
            "reply_content": "\u6a02\u9ad8\u7684\u90e8\u5206\u4e5f\u53ef\u80fd\u662f\u5927\u87d1\u8782xdd\u4f46\u9019\u6a23\u60f3\u4e5f\u5f88\u53ef\u6015\ud83e\udd72"
        },
        {
            "reply_id": "Ugz9i_5MerKsEgRJo554AaABAg",
            "reply_content": "\u52f8\u4e0d\n\n\u5168\u90e8\u90fd\u5728\u696d\u914d"
        },
        {
            "reply_id": "Ugyjf6-fbjH6X-diLK54AaABAg",
            "reply_content": "\u81bd\u5c0f\u5f97\u6211 \u89ba\u5f97\u9019\u7a2e\u9b3c\u6545\u4e8b\u5f88\u8b9a"
        },
        {
            "reply_id": "Ugz9pqnyl3he0HDZAbR4AaABAg",
            "reply_content": "\u9019\u7bc7\u6709\u597d\u7b11"
        },
        {
            "reply_id": "Ugx7FbJYIaMriROQIQR4AaABAg",
            "reply_content": "\u696d\u914d\u5176\u5be6\u4e0d\u6703\u592a\u786c\ud83d\ude02"
        },
        {
            "reply_id": "UgzeDA4BAaswt69Ob0p4AaABAg",
            "reply_content": "\u4f4f\u5728\u5e7f\u544a\u91cc\u7684\u4e00\u96c6\ud83d\ude02"
        },
        {
            "reply_id": "UgxoBw0Tgyd16Mp7JYR4AaABAg",
            "reply_content": "\u6d0b\u8525\u7684\u8c93 \u6ce2\u6ce2\u597d\u53ef\u611b\u5440\u2764"
        },
        {
            "reply_id": "UgxlTyjzVCiWdqcMFlF4AaABAg",
            "reply_content": "\u611f\u89ba\u696d\u914d\u771f\u7684\u592a\u591a\u592a\u7169\u4e86\uff0c\u6709\u7a2e\u88ab\u9a19\u7684\u611f\u89ba\uff0c\u4e0d\u662f\u5728\u770b\u6545\u4e8b\uff0c\u4e0b\u6b21\u696d\u914d\u53ef\u4ee5\u5c11\u4e00\u9ede\u55ce\u56e0\u70ba\u6211\u559c\u6b61\u9019\u96c6\uff0c\u4f46\u696d\u914d\u771f\u7684\u592a\u591a\uff0c\u592a\u7834\u58de\u89c0\u770b\u9ad4\u9a57\u4e86\u3002"
        },
        {
            "reply_id": "UgxeMWPs_slGeuCg-TN4AaABAg",
            "reply_content": "\u611f\u89ba\u696d\u914d\u592a\u591a\uff0c\u5c0e\u81f4\u9b3c\u6545\u4e8b\u5b8c\u5168\u6c92\u6709\u611f\u89ba\u3002"
        },
        {
            "reply_id": "Ugyxy_Gv1-EO_wBvbxZ4AaABAg",
            "reply_content": "\u8bf7\u95ee\u9b3c\u6545\u4e8b\u662f\u8fd9\u6837\u7684\u5417\uff1f\u6211\u5f88\u597d\u5947\uff1a\uff09"
        }
    ]
}