{
    "video_info": {
        "id": "OrxaltRlyyI",
        "channelTitle": "Onion Man",
        "title": "Onion Man | \u60a3\u96e3\u898b\u771f\u60c5\uff01\u8b93\u6d0b\u8525\u75db\u54ed\u6d41\u6d95\u7684\u4eba\u751f\u4e03\u5927\u611f\u52d5\u6642\u523b\uff01 @joeman  @BIGSNAKEBALL",
        "description": "\u8b1d\u8b1d\u5404\u4f4d\u771f\u5fc3\u7684\u597d\u6367\u6cb9\n\n\ud83c\udfa7\u5404\u5927\u6578\u4f4d\u5e73\u53f0\u6536\u807d\uff1a\nhttps://ONIONMAN.lnk.to/LFTD\n\n\u3010\u8a02\u95b1\u3011\u53ca\u89c0\u770b\u6d0b\u8525\u66f4\u591a\u5f71\u7247: https://goo.gl/ijP3Eb\n\n\u5de5\u4f5c\u5408\u4f5c\uff1aonionmanwork@gmail.com\nOnion Man \u767e\u842c\u8ffd\u8e64\u7c89\u7d72\u5718:goo.gl/Z5CSvw\n\n\u6700\u65b0\u963f\u6587\u8cbc\u5716:https://reurl.cc/GxYjA\n\n\u7b2c\u4e00\u4ee3\u963f\u6587line\u8cbc\u5716:https://reurl.cc/Wroxx\n\n\u6d0b\u8525\u79c1\u751f\u6d3bIG:https://www.instagram.com/onionman__/\n\n\n\u904b\u52d5\u6f2b\u756b\u88e1\u7684\u4e2d\u4e8c\u8001\u6897\u5287\u60c5\n\u25ba\u7b2c\u4e00\u96c6:https://youtu.be/cMoV1rPH35k\n\u25ba\u7b2c\u4e8c\u96c6:https://youtu.be/iW7LM00lny0\n\u25ba\u7b2c\u4e09\u96c6:https://youtu.be/2G5wu61uCM0\n\u25ba\u7b2c\u56db\u96c6:https://youtu.be/-rP1abYv8n4\n\nOnion Man \u95dc\u9375\u5b57:\n\u4e2d\u4e8c \u80a5\u5b85 \u55ae\u8eab\u6f22 \u55ae\u8eab \u9b6f\u86c7 \u5c4c\u7d72 \u80a5\u5b85",
        "likeCount": "9562",
        "commentCount": "700",
        "viewCount": "450193"
    },
    "comments": [
        {
            "reply_id": "UgzdDA33kgcKDrn6Lm14AaABAg",
            "reply_content": "\u795d\u798f\u6d0b\u8471"
        },
        {
            "reply_id": "UgwJhyutSiEGnEpg4lJ4AaABAg",
            "reply_content": "\u5e0c\u671b\u6d0b\u8525\u4e00\u76f4\u9678\u7e8c\u6709\u5f71\u7247\u5594\u2026"
        },
        {
            "reply_id": "UgxJkkeTMNeKfJOkEIt4AaABAg",
            "reply_content": "3\u520638\u79d2\u662f\u81f4\u656c\u5203\u7259\u963f\u91cc\u7684\u8868\u60c5\u55ce\u54c8\u54c8\u54c8"
        },
        {
            "reply_id": "UgznsOAwXf74eAZksUZ4AaABAg",
            "reply_content": "\u6211\u5011\u5927\u81f4\u6709\u53ef\u80fd\u4e00\u6a23"
        },
        {
            "reply_id": "UgxpvhZhHujcQakJ0UV4AaABAg",
            "reply_content": "\u6709\u53ef\u80fd"
        },
        {
            "reply_id": "UgwIZRbjtS_-0OARnsF4AaABAg",
            "reply_content": "\u53f0\u7063\u5927\u5b78"
        },
        {
            "reply_id": "UgzNdM1dUTFRJY5uEJJ4AaABAg",
            "reply_content": "\u60f3\u77e5\u9053\u54ea\u4e9b\u7247\u5834\u6709\u6d0b\u8525\u54620.0\uff1f\u5e7e\u4e4e\u6c92\u4ec0\u9ebc\u770b\u5230\u5f71\u7247"
        },
        {
            "reply_id": "Ugz3QLHCDLwiRUT-cIJ4AaABAg",
            "reply_content": "\u539f\u4f86\u8525\u5927\u4e5f\u662f\u5929\u880d\u5ea7\n\u96e3\u904e\u90fd\u6709\u8fa6\u6cd5\u8a18\u4f4f\u5f88\u591a\u5c0f\u4e8b\u60c5\ud83d\ude05\ud83d\ude05\ud83d\ude05"
        },
        {
            "reply_id": "Ugz1gzjgorDXec1BTBt4AaABAg",
            "reply_content": "\u6d0b\u8471\u771f\u7684\u5fc3\u597d\u7ec6\u54e6 \u4f5c\u4e3a\u4e00\u4e2a\u7537\u751f\u6709\u5b66\u5230"
        },
        {
            "reply_id": "UgxTKEfRwQ4YbVNtad54AaABAg",
            "reply_content": "\u611f\u52d5\u6642\u523b\u5927\u6982\u662f\u5927\u5bb6\u5728\u804a\u6211\u4e0d\u61c2\u7684\u6771\u897f\u7684\u6642\u5019\n\u6709\u4eba\u8ddf\u6211\u4e00\u6a23\u4e0d\u61c2..."
        },
        {
            "reply_id": "UgzJknbtuPAIwYzfQWt4AaABAg",
            "reply_content": "\u7b11\u6b7b"
        },
        {
            "reply_id": "Ugwzc_sYPGuHjk1Y6vZ4AaABAg",
            "reply_content": "\u662f\u5e74\u672b\u55ce\ud83d\ude02\u767c\u4e86\u597d\u591a\u611f\u6069\u7684\u7247\u3002\u6eab\u6696\u7684\u4eba\u61c2\u5f97\u611f\u6069\uff01\u8b9a"
        },
        {
            "reply_id": "UgyFa0REeQPu7LbtXzF4AaABAg",
            "reply_content": "\u751f\u65e5\u5feb\u6a02\u311f\u597d\u4e45\u4e0d\u898b\u501f\u6211\u9322 \u721b\u547d\u4e00\u689d"
        },
        {
            "reply_id": "UgxafBrGVLQWBHXV_0Z4AaABAg",
            "reply_content": "\u770b\u5230\u5149\u723a\u8ddf\u963f\u91cc\u7684\u7b11\u81c9\u771f\u7684\u8b93\u4eba\u5fcd\u4e0d\u4f4f\ud83e\udd23\ud83e\udd23"
        },
        {
            "reply_id": "UgzrjWZJOYGuT0S8ILZ4AaABAg",
            "reply_content": "\u60f3\u8981\u88e4\u5b50\u545c\u545c\u545c\u545c\u545c"
        },
        {
            "reply_id": "UgzDiy3IzznV3JLK54t4AaABAg",
            "reply_content": "\u6211\u9019\u500b\u6708\u6bcf\u5929\u9a0e\u8eca\u90fd\u5728\u807d\ud83e\udd79\ud83d\ude0d"
        },
        {
            "reply_id": "UgwNkiFVF6BnT3d5CxB4AaABAg",
            "reply_content": "\u524d\u9663\u5b50\u505a\u4ec0\u9ebc\u90fd\u4e0d\u9806 \u6bcf\u5929\u90fd\u5f88\u6182\u9b31 \u4e5f\u4e0d\u60f3\u9ebb\u7169\u670b\u53cb \u7d50\u679c\u88ab\u670b\u53cb\u77e5\u9053\u5c31\u88ab\u7f75\u8aaa\u5fc3\u60c5\u4e0d\u597d\u5c31\u8981\u8aaa \u4ed6\u5011\u90fd\u5728 \u6211\u77ac\u9593\u6dda\u5d29\ud83d\ude2d\ud83d\ude2d\ud83d\ude2d\u8d85\u611f\u52d5 \u624d\u77e5\u9053\u539f\u4f86\u6211\u4e0d\u662f\u4e00\u500b\u4eba"
        },
        {
            "reply_id": "UgyrH1hkiPmx9HfTXTt4AaABAg",
            "reply_content": "\u6211\u6709\u500b\u670b\u53cb\uff0c\u770b\u5230\u4ec0\u9ebc\u9069\u5408\u6211\u7684\u5c31\u8cb7\u7d66\u6211\uff0c\u81ea\u5df1\u7528\u4e0d\u5230\u7684\u6771\u897f\u5168\u65b0\u7684\u4e5f\u76f4\u63a5\u9001\u6211\uff0c\u5fc3\u60c5\u4e0d\u597d\u751a\u81f3\u76f4\u63a5\u82b1\u4f11\u5047\u966a\u6211\uff0c\u76f4\u5230\u4e0b\u500b\u6708\uff0c\u6211\u8981\u7d50\u5a5a\u4e86\uff0c\u5979\u662f\u6211\u7684\u4f34\u5a18\uff0c\u771f\u7684\u5f88\u611b\u5979\u2764"
        },
        {
            "reply_id": "UgwFL9xmwhHuvBsCHON4AaABAg",
            "reply_content": "\u5f71\u7247\u6709\u5f88\u6709\u6897\uff0c\u53c8\u8cbc\u8fd1\u751f\u6d3b\uff0c\u5e0c\u671b\u4f60\u7e7c\u7e8c\u88fd\u4f5c\u512a\u8cea\u7684\u52d5\u756b\uff01\u52a0\u6cb9\uff01"
        },
        {
            "reply_id": "UgzMSV58Dh8Z2cPVSW14AaABAg",
            "reply_content": "\u4ec0\u9ebc\uff01\u6211\u8ddf\u6d0b\u8525\u540c\u4e00\u5929\u751f\u65e5\u8036\ud83e\udd17\ud83e\udd17\ud83e\udd17\n\n\u751f\u65e5\u7576\u5929\u771f\u7684\u6703\u5f88\u60f3\u8981\u6bcf\u500b\u898b\u5230\u9762\u7684\u4eba\n\u90fd\u5c0d\u6211\u8aaa\u751f\u65e5\u5feb\u6a02\uff0c\u9700\u8981\u6eab\u6696\u7684\u6211\ud83e\udd72"
        }
    ]
}