{
    "video_info": {
        "id": "ozvlL_IaZZA",
        "channelTitle": "Onion Man",
        "title": "Onion Man | \u8eca\u798d\u88ab\u56f05\u5c0f\u6642\uff01\u6ed1\u96ea\u53d7\u91cd\u50b7\uff01\u56de\u7a0b\u9047\u7f77\u5de5\uff01\uff0c\u707d\u96e3\u4e0d\u65b7\u7684\u51b0\u96ea\u65c5\u7a0b... | \u5317\u6b50\u7bc7(\u4e94)",
        "description": "\u5fc3\u60c5\u50cf\u5728\u6d17\u4e09\u6eab\u6696...\u771f\u7684\u51fa\u8d85\u591a\u4e8b\u5566....\n\n\u3010\u8a02\u95b1\u3011\u53ca\u89c0\u770b\u6d0b\u8525\u66f4\u591a\u5f71\u7247: https://goo.gl/ijP3Eb\n\n\u5de5\u4f5c\u5408\u4f5c\uff1aonionmanwork@gmail.com\nOnion Man \u767e\u842c\u8ffd\u8e64\u7c89\u7d72\u5718:goo.gl/Z5CSvw\n\n\u6700\u65b0\u963f\u6587\u8cbc\u5716:https://reurl.cc/GxYjA\n\n\u7b2c\u4e00\u4ee3\u963f\u6587line\u8cbc\u5716:https://reurl.cc/Wroxx\n\n\u6d0b\u8525\u79c1\u751f\u6d3bIG:https://www.instagram.com/onionman__/\n\n\n\u904b\u52d5\u6f2b\u756b\u88e1\u7684\u4e2d\u4e8c\u8001\u6897\u5287\u60c5\n\u25ba\u7b2c\u4e00\u96c6:https://youtu.be/cMoV1rPH35k\n\u25ba\u7b2c\u4e8c\u96c6:https://youtu.be/iW7LM00lny0\n\u25ba\u7b2c\u4e09\u96c6:https://youtu.be/2G5wu61uCM0\n\u25ba\u7b2c\u56db\u96c6:https://youtu.be/-rP1abYv8n4\n\nOnion Man \u95dc\u9375\u5b57:\n\u4e2d\u4e8c \u80a5\u5b85 \u55ae\u8eab\u6f22 \u55ae\u8eab \u9b6f\u86c7 \u5c4c\u7d72 \u80a5\u5b85",
        "likeCount": "9018",
        "commentCount": "607",
        "viewCount": "552292"
    },
    "comments": [
        {
            "reply_id": "Ugwnoy3PxPOwK8mXnQl4AaABAg",
            "reply_content": "\u5feb\u5e74\u5e95\u4e86"
        },
        {
            "reply_id": "Ugzy1jb84ALRx7_0jER4AaABAg",
            "reply_content": "\u70ba\u5565\u8840\u662f\u7da0\u8272\u7684\u5566XD"
        },
        {
            "reply_id": "UgzC4etSfTDFKplQH954AaABAg",
            "reply_content": "\u7247\u5c3e\u8ddf\"\u5927\u9ad4\"\u4e00\u8d77\u6ed1\u4e0b\u5c71\u7684\u5de5\u4f5c\u4eba\u54e1\u597d\u5e25\uff0c\u4ec0\u9ebc\u90fd\u4e0d\u6015\u7684\u4eba\u771f\u7684\u5f88\u5e25"
        },
        {
            "reply_id": "UgyDp_2BZEPUYmUsZiN4AaABAg",
            "reply_content": "\u8ce4\u5bf6\u679c\u7136\u8ddf\u54c1\u5b50"
        },
        {
            "reply_id": "Ugyp0gDhUFAk-PEo_o54AaABAg",
            "reply_content": "\u5c0e\u904a\u9577\u7684\u597d\u50cf\u8001\u9ad8"
        },
        {
            "reply_id": "UgyApqDXITwYxf6UXtx4AaABAg",
            "reply_content": "6\u520647\u958b\u59cb\u5728\u81ea\u4ee5\u70ba\u4ec0\u9ebc\u554a\u54c8\u54c8 \u4f60\u6839\u672c\u6c92\u8fa6\u6cd5\u63a7\u5834\u8ddf\u5e36\u9818\u5225\u4eba \u5c11\u81ea\u4ee5\u70ba\u5728\u90a3\u908a\u81ea\u8cac"
        },
        {
            "reply_id": "UgzgWsyWWCZKRF97d-R4AaABAg",
            "reply_content": "\u8ce4\u8446\u6d41\u8840\u914d\u97f3\u5f88\u597d\u7b11\u6b38"
        },
        {
            "reply_id": "UgzUKGx6eqC0LWA6e4p4AaABAg",
            "reply_content": "\u5927\u96c5\u662f\u4e0d\u662f\u6709\u51e1\u8d70\u904e\u5fc5\u7559\u4e0b\u4e00\u9edeDNA\u7684\u50b3\u7d71\ud83d\ude05\u80e1\u5b50\u7684\u820c\u982d \u8ce4\u5bf6\u7684\u8840"
        },
        {
            "reply_id": "UgyHcQoKJzJZmc-nxC54AaABAg",
            "reply_content": "\u53b2\u5bb3\u6b38"
        },
        {
            "reply_id": "UgwIfdEVDk38B1uwmeh4AaABAg",
            "reply_content": "\u70ba\u4ec0\u9ebc\u8981\u62b1\u6b49\u54c1\u5b50\uff5e\u6240\u4ee5\u4ed6\u5011\u771f\u7684\u5728\u4e00\u8d77\u55ce"
        },
        {
            "reply_id": "UgzVUby-k21p6iU2Nth4AaABAg",
            "reply_content": "\u96d6\u7136\u591a\u707d\u591a\u96e3\uff0c\u4f46\u5145\u6eff\u56de\u61b6\u7684\u4e00\u8d9f\u65c5\u7a0b\u5440"
        },
        {
            "reply_id": "UgxdTcufLYlOIv_qp5N4AaABAg",
            "reply_content": "\u6d0b\u8525\u6211\u76f8\u4fe1\u4f60\u4e00\u5b9a\u6703\u6210\u70ba\u96ea\u677f\u9ad8\u624b\u7684"
        },
        {
            "reply_id": "Ugydnvt89QV-Ul3rz2x4AaABAg",
            "reply_content": "\u7247\u5c3e\u8aaa\u50cf\u904b\u5c4d\u9ad4\u7684\u6211\u7b11\u4e86"
        },
        {
            "reply_id": "UgymF0n8EGh6ytuuUgt4AaABAg",
            "reply_content": "\u6d0b\u8525\u62cd\u5f71\u7247\u771f\u7684\u5f88\u597d\u7b11  \u4e00\u76f4\u91cd\u8907\u770bn\u904d"
        },
        {
            "reply_id": "UgygZpiBonwwTeTjh654AaABAg",
            "reply_content": "\u62bd\u734e"
        },
        {
            "reply_id": "UgzL7ZDbbXIoHID-fr94AaABAg",
            "reply_content": "\u7576\u4e0b\u8d8a\u60b2\u5287\u4ee5\u5f8c\u8d8a\u597d\u8b1b,\u984c\u6750\u6eff\u6eff\ud83e\udd23"
        },
        {
            "reply_id": "UgyPTIGS8P_QGF97V5l4AaABAg",
            "reply_content": "\u8b1d\u8b1d\u6d0b\u8525\u7684\u5f71\u7247\u2764"
        },
        {
            "reply_id": "Ugz6NtriUYXJSoW0j0h4AaABAg",
            "reply_content": "\u60f3\u554f\u4ed6\u5011\u7684\u914d\u97f3\u662f\u672c\u4eba\u914d\u97f3\u55ce"
        },
        {
            "reply_id": "UgywZMPsstd3oJmDAm54AaABAg",
            "reply_content": "\u53bb\u65e5\u672c\u5e36\u651d\u5f71\u5e2b\uff0c\u800c\u4e14\u651d\u5f71\u5e2b\u9084\u662f\u5973\u7684\uff0c\u6d0b\u8525\u679c\u7136\u662f\u500b\u5f88\u89d2\u8272\u2764"
        },
        {
            "reply_id": "UgzcPGxkRqphFQkYDdB4AaABAg",
            "reply_content": "\u53ef\u4ee5\u62cd\u6414\u7662\u7684\u55ce\uff1f"
        }
    ]
}