{
    "video_info": {
        "id": "PDNzGOzYCGU",
        "channelTitle": "Onion Man",
        "title": "Onion Man | \u5147\u624b\u7adf\u662f\u89aa\u751f\u6bcd\u89aa??  \u96fb\u5f71\u8001\u5957\u5287\u60c5\u5927\u96c6\u5408",
        "description": "\u8d85\u597d\u731c\u7684\u5566\n\n\u3010\u8a02\u95b1\u3011\u53ca\u89c0\u770b\u6d0b\u8525\u66f4\u591a\u5f71\u7247: https://goo.gl/ijP3Eb\n\n\u5de5\u4f5c\u5408\u4f5c\uff1aonionmanwork@gmail.com\nOnion Man \u767e\u842c\u8ffd\u8e64\u7c89\u7d72\u5718:goo.gl/Z5CSvw\n\n\u6700\u65b0\u963f\u6587\u8cbc\u5716:https://reurl.cc/GxYjA\n\n\u7b2c\u4e00\u4ee3\u963f\u6587line\u8cbc\u5716:https://reurl.cc/Wroxx\n\n\u6d0b\u8525\u79c1\u751f\u6d3bIG:https://www.instagram.com/onionman__/\n\n\n\u904b\u52d5\u6f2b\u756b\u88e1\u7684\u4e2d\u4e8c\u8001\u6897\u5287\u60c5\n\u25ba\u7b2c\u4e00\u96c6:https://youtu.be/cMoV1rPH35k\n\u25ba\u7b2c\u4e8c\u96c6:https://youtu.be/iW7LM00lny0\n\u25ba\u7b2c\u4e09\u96c6:https://youtu.be/2G5wu61uCM0\n\u25ba\u7b2c\u56db\u96c6:https://youtu.be/-rP1abYv8n4\n\nOnion Man \u95dc\u9375\u5b57:\n\u4e2d\u4e8c \u80a5\u5b85 \u55ae\u8eab\u6f22 \u55ae\u8eab \u9b6f\u86c7 \u5c4c\u7d72 \u80a5\u5b85",
        "likeCount": "6780",
        "commentCount": "351",
        "viewCount": "342672"
    },
    "comments": [
        {
            "reply_id": "Ugxg-CwokYi3Ebb4HIV4AaABAg",
            "reply_content": "\u7d05\u5091\u662f\u5147\u624b\u90a3\u88e1\u662f\u7d05\u5091\u7684\u8d85\u50cf\u5074\u81c9\u93e1\u5c04\u7684\ud83d\ude02\ud83d\ude02\ud83d\ude02"
        },
        {
            "reply_id": "UgwFLZFSmx7Ulpt3uXt4AaABAg",
            "reply_content": "\u526a\u70b8\u5f48\u7dda\u90a3\u908a\u4e00\u5b9a\u8981\u8a18\u5f97\uff1a\u4eba\uff0c\u4e00\u5b9a\u8981\u9760\u81ea\u5df1"
        },
        {
            "reply_id": "Ugy7q_o-r_LbRfCgS_J4AaABAg",
            "reply_content": "\u54c8\u54c8\u54c8\u54c8\u54c8\ud83d\ude02"
        },
        {
            "reply_id": "UgzwDr8s4PZVRzOa-rZ4AaABAg",
            "reply_content": "\u5594\u6211\u771f\u7684\u5feb\u7b11\u6b7b\u4e86"
        },
        {
            "reply_id": "UgyXQxpaaVN6ToU03DV4AaABAg",
            "reply_content": "\u597d\u795e\u5947\uff01\u6211\u525b\u624d\u5c45\u7136\u5922\u898b\u6d0b\u8525\u756b\u4e86\u4e00\u500b\u4e2d\u4e8c\u65c5\u9928\u7cfb\u5217\uff08\u662f\u771f\u7684\u5922\u898b\uff01)\uff0c\u5167\u5bb9\u662f\u4e3b\u89d2\u83ab\u540d\u64c1\u6709\u4e00\u5bb6\u8001\u820a\u65c5\u9928\uff0c\u5f9e\u6b64\u4f4f\u9032\u5404\u7a2e\u602a\u623f\u5ba2\uff0c\u53c8\u81f4\u656c\u8a31\u591a\u4e2d\u4e8c\u8001\u6897\u3002\n\n\u5176\u4e2d\u4e00\u500b\u6545\u4e8b\u662f\u4e3b\u89d2\u7684\u5b50\u5973\u4e2d\u6a02\u900f\u5f69\uff0c\u4e3b\u89d2\u5429\u5490\u4ed6\u5011\u9818\u4e86\u9322\u5c31\u99ac\u4e0a\u8d70\u4eba\uff0c\u514d\u5f97\u9047\u5230\u83ab\u540d\u8981\u9322\u7684\u7121\u8cf4\uff08\u8981\u6c42\u5206\u597d\u904b\uff09\u3002\u7d50\u679c\u771f\u7684\u9047\u4e0a\u4e86\u4e00\u500b\u8981\u9322\u7684\u4e5e\u4e10\uff0c\u4ed6\u5011\u4e0d\u7d66\uff0c\u4e5e\u4e10\u5c31\u5728\u534a\u591c\u95d6\u5165\u65c5\u9928\u5077\u6771\u897f\u3002\n\n\u65bc\u662f\uff0c\u6703\u529f\u592b\u7684\u4e3b\u89d2\u51fa\u624b\u6559\u8a13\u4ed6\uff0c\u53ef\u662f\u4e5e\u4e10\u7df4\u904e\u91d1\u9418\u7f69\uff0c\u7121\u6cd5\u7834\u9632\u3002\u9019\u6642\u4e5e\u4e10\u5f97\u610f\u7684\u8aaa\uff1a\u300c\u563f\u563f\u563f\uff0c\u6211\u7684\u91d1\u9418\u7f69\u5929\u4e0b\u7121\u6575\uff0c\u53ea\u6709\u5bf6\u77f3\u624d\u80fd\u50b7\u5bb3\u6211\u3002\u300d\uff0c\u7136\u5f8c\u4e3b\u89d2\u6234\u4e0a\u5bf6\u77f3\u6212\u6307\uff0c\u7d66\u4e5e\u4e10\u4e00\u62f3\u22ef\u22ef\n\n\u771f\u7684\u662f\u6211\u5922\u898b\u7684\uff0c\u56e0\u70ba\u5370\u8c61\u6df1\u523b\uff0c\u8d81\u8457\u9084\u6c92\u5fd8\u8a18\uff0c\u8d95\u7dca\u5beb\u4e0b\u4f86\u3002"
        },
        {
            "reply_id": "UgzciGdE3u2JftWQWHp4AaABAg",
            "reply_content": "\u62bd\u62bd"
        },
        {
            "reply_id": "UgydyP5d9eE3TgZrCUh4AaABAg",
            "reply_content": "\u6bcf\u6b21\u4e00\u5b9a\u90fd\u6709\u60c5\u6575"
        },
        {
            "reply_id": "UgwiB0shNeUqKtGuxJ54AaABAg",
            "reply_content": "\u526a\u70b8\u5f48\u7684\u7dda\u8ddf\u5f8c\u9762\u90a3\u500b\u597d\u597d\u7b11"
        },
        {
            "reply_id": "UgyEYcLRRRPmmGgrQnF4AaABAg",
            "reply_content": "\u5168\u90e8\u90fd\u662f\u96fb\u5f71\u96fb\u8996\u5287\u7684\u7d93\u5178\u8001\u6897\uff0c\u9577\u5927\u5f8c\u90fd\u8d85\u5bb9\u6613\u731c"
        },
        {
            "reply_id": "Ugxw-CtQFv9t02fvCpl4AaABAg",
            "reply_content": "\u6211\u6765\u4e86"
        },
        {
            "reply_id": "UgwToww68872kwSuJZJ4AaABAg",
            "reply_content": "\u7537\u4e8c\u4e0d\u7ba1\u591a\u6696 \u5973\u4e3b\u90fd\u4e0d\u611b\n\u7537\u4e3b\u4e0d\u7ba1\u591a\u9ad8\u51b7 \u5973\u4e3b\u90fd\u611b\u310c"
        },
        {
            "reply_id": "UgykxgRL-Fecy6_tn254AaABAg",
            "reply_content": "\u8ff7\u4f60\u6d0b\u8525\u505a\u6210\u5a03\u5a03\u611f\u89ba\u597d\u53ef\u611b\ud83e\udd23\ud83e\udd23"
        },
        {
            "reply_id": "UgznexeorJz4J-YWb1N4AaABAg",
            "reply_content": "\u90a3\u500b\u5154\u5154\u662f\u6211\u570b\u4e2d\u6703\u5e38\u898b\u7684\u90a3\u500b\u5154\u5b50\u55ce\ud83e\udd23"
        },
        {
            "reply_id": "UgyUMxgXcogTpD7IcjF4AaABAg",
            "reply_content": "\u62bd"
        },
        {
            "reply_id": "Ugx6bbd5JUqcopj4Bmt4AaABAg",
            "reply_content": "\u901a\u5e38\u5f88\u5bb9\u6613\u5728\u73fe\u5834\u7121\u610f\u4e2d\u8b1b\u51fa\u91cd\u5927\u7684\u79d8\u5bc6\uff0c\u7136\u5f8c\u9084\u4e0d\u5c0f\u5fc3\u88ab\u7576\u4e8b\u4eba\u807d\u5230\u54c8"
        },
        {
            "reply_id": "UgwuX6CfTxMn25me9414AaABAg",
            "reply_content": "\u62bd\u4e00\u4e0b \u597d\u4e45\u6c92\u62bd\u4e86"
        },
        {
            "reply_id": "UgwuZqTQR-PvgoDyEBR4AaABAg",
            "reply_content": "\u6700\u8a0e\u53ad\u7684\u8001\u6897\u5c31\u662f\uff1a\u5047\u8a2d\u6574\u90e8\u6f14\u4e8649\u96c6\n\u90fd\u662f\u4e3b\u89d2\u4e00\u76f4\u88ab\u58de\u4eba\u60e1\u72e0\u72e0\u9677\u5bb3\u3001\u6b3a\u8ca0\n\u4f46\u5230\u4e86\u6700\u5f8c50\u96c6\uff0c\u7d42\u65bc\u6709\u6a5f\u6703\u5831\u4ec7\u4e86\n\u7d50\u679c\u4e3b\u89d2\u537b\u8f15\u6613\u7684\u4f86\u500b\u6211\u4f5b\u6148\u60b2\uff0c\u611f\u5316\n\u5c0d\u65b9\u5927\u5408\u89e3\uff0c\u771f\u4e0d\u66c9\u5f97\u4e4b\u524d\u5f9e\u982d\u5230\u5c3e\u5728\n\u8ddf\u8457\u770b\u500b\u4ec0\u9ebc\u5fc3\u9178\u52c1\ud83e\udee0"
        },
        {
            "reply_id": "UgzOCKBtI6WQgaCYhVd4AaABAg",
            "reply_content": "-\u5bcc\u53ef\u6575\u570b\u7684\u8ca1\u95a5\u5c45\u7136\u82b1\u5e7e\u5341\u5e74\u9084TM\u627e\u4e0d\u5230\u81ea\u5df1\u7684\u89aa\u9aa8\u8089\n-\u767e\u822c\u8650\u5f85\u7684\u901a\u5e38\u90fd\u662f\u89aa\u9aa8\u8089/\u7236\u6bcd\n-\u6c38\u9060\u88ab\u7236\u6bcd\u8840\u8108\u58d3\u5236\u7684\"\u9738\u7e3d\"\n-\u8001\u662f\u88ab\u4e00\u767c\u5165\u9b42\u7684\u7070\u59d1\u5a18\u55ae\u89aa\u5abd\u5abd\n-\u57f7\u6cd5\u90e8\u9580\u4e00\u5b9a\u6709\u53cd\u6d3e\u7684\u8033\u76ee\n-\u8aaa\u597d\u7684\u5fa9\u4ec7\u9084\u4e0d\u662f\u5fc3\u6148\u624b\u8edf\n-\u6beb\u7121\u5f9e\u5546\u7d93\u9a57\u7684\u4e3b\u89d2\u5728\u63a5\u624b\u5bb6\u696d\u5b8c\u5168\u6c92\u6709\u4e0d\u9069\u61c9(\u9019\u61c9\u8a72\u7b97\u662fBUG)\n-\u4e3b\u89d2\u5c45\u7136\u4e00\u53e5\u9053\u6b49\u5c31\u53ef\u4ee5\u65e2\u5f80\u4e0d\u548e\n-\u57fa\u5c64\u4e3b\u89d2\u4e00\u624b\u721b\u724c\u9023\u66f8\u90fd\u8b80\u4e0d\u5230\u4f46\u7e3d\u662f\u6709\u9583\u5149\u9ede,\u5982\u5916\u8a9e\u5f88\u597d\u3001\u8a2d\u8a08\u98a8\u683c\u6709\u89c0\u773e\u7de3\u3001\u5c0d\u91d1\u878d\u5e02\u5834\u8d70\u52e2\u6709\u7368\u5230\u898b\u89e3\n-\u5fc5\u5b9a\u6703\u6709\u4e0b\u8dea\u9053\u6b49/\u6c42\u6551,\u5f8c\u671f\u6703\u7acb\u5834\u4e92\u63db\n-\u5be7\u9858\u76f8\u4fe1\u5916\u4eba\u4e5f\u4e0d\u76f8\u4fe1\u611b\u4eba\n-\u5730\u4f4d\u7e23\u6b8a\u60c5\u4fb6\u5435\u67b6\u6703\u6233\u5230\u5c0d\u65b9\u75db\u8655,\u7aae\u7684\u7f75\u4eba\u6c92\u540c\u60c5\u5fc3\u5176\u5be6\u662f\u56e0\u70ba\u7f3a\u4e4f\u95dc\u611b,\u5bcc\u7684\u7f75\u4eba\u4e0d\u4e0a\u9032\u662f\u56e0\u70ba\u6c92\u9322\u9032\u4fee"
        },
        {
            "reply_id": "UgwkLZxw5pGyWpqKzWl4AaABAg",
            "reply_content": "\u8001\u6897:\u7576\u914d\u89d2\u6b63\u60f3\u8981\u5411\u4e3b\u89d2\u7fa4\u5410\u9732\u51fa\u6575\u65b9\u60c5\u5831,\u4e0b\u4e00\u523b\u7e3d\u6703\u88ab\u5e79\u6389\ud83d\ude02"
        },
        {
            "reply_id": "Ugz4FiLHD0TbehfI67d4AaABAg",
            "reply_content": "\u7121\u8ad6\u5982\u4f55\u4e3b\u89d2\u6703\u6d3b"
        }
    ]
}