{
    "video_info": {
        "id": "PHmD51P1uAY",
        "channelTitle": "Onion Man",
        "title": "Onion Man | \u4ee5\u53f0\u5927\u70ba\u76ee\u6a19\uff01\u9ad8\u4e2d\u5347\u5927\u5b78\u7cfb\u5217\uff01 (\u4e00) \u9b3c\u4e4b\u6578\u8cc7\u73ed\u7684\u6d17\u79ae\u7bc7",
        "description": "\u6d0b\u8525NFT: https://opensea.io/collection/onion-meta-official\n\u6d0b\u8525NFT\u5b98\u7db2: https://www.onionmeta.club/\n\n\u3010\u8a02\u95b1\u3011\u53ca\u89c0\u770b\u6d0b\u8525\u66f4\u591a\u5f71\u7247: https://goo.gl/ijP3Eb\n\n\u5de5\u4f5c\u5408\u4f5c\uff1aonionmanwork@gmail.com\nOnion Man \u767e\u842c\u8ffd\u8e64\u7c89\u7d72\u5718:goo.gl/Z5CSvw\n\n\u6700\u65b0\u963f\u6587\u8cbc\u5716:https://reurl.cc/GxYjA\n\n\u7b2c\u4e00\u4ee3\u963f\u6587line\u8cbc\u5716:https://reurl.cc/Wroxx\n\n\u6d0b\u8525\u79c1\u751f\u6d3bIG:https://www.instagram.com/onionman__/\n\n\n\u904b\u52d5\u6f2b\u756b\u88e1\u7684\u4e2d\u4e8c\u8001\u6897\u5287\u60c5\n\u25ba\u7b2c\u4e00\u96c6:https://youtu.be/cMoV1rPH35k\n\u25ba\u7b2c\u4e8c\u96c6:https://youtu.be/iW7LM00lny0\n\u25ba\u7b2c\u4e09\u96c6:https://youtu.be/2G5wu61uCM0\n\u25ba\u7b2c\u56db\u96c6:https://youtu.be/-rP1abYv8n4\n\nOnion Man \u95dc\u9375\u5b57:\n\u4e2d\u4e8c \u80a5\u5b85 \u55ae\u8eab\u6f22 \u55ae\u8eab \u9b6f\u86c7 \u5c4c\u7d72 \u80a5\u5b85",
        "likeCount": "16259",
        "commentCount": "1886",
        "viewCount": "1137263"
    },
    "comments": [
        {
            "reply_id": "UgwpdE-BW-j8OASQn9p4AaABAg",
            "reply_content": "\u5012\u4e8c\u8003\u9032\u53bb\u7684\u6210\u7e3e\u662f\u5012\u4e8c\u5f88\u6b63\u5e38\u554a\ud83d\ude02\ud83d\ude02\ud83d\ude02"
        },
        {
            "reply_id": "UgzN9Y9Ud_U0xL92vIh4AaABAg",
            "reply_content": "\u8acb\u554f\u6709\u4eba\u77e5\u9053\u5f8c\u4f86\u6d0b\u8525\u6709\u756b\u5169\u500b\u6708\u767c\u751f\u4e86\u4ec0\u9ebc\u4e8b\u55ce\uff1f"
        },
        {
            "reply_id": "UgxFFoRY9muW6MJyKTd4AaABAg",
            "reply_content": "\u8525\u54e5 \u6240\u4ee5\u53ef\u4ee5\u807d\u4f60\u8ddf\u6821\u82b1\u7684\u6545\u4e8b\u55ce\ud83d\ude02"
        },
        {
            "reply_id": "Ugz9b1iHrwkQR4c6_V94AaABAg",
            "reply_content": "\u5225\u6821\u5973\u5b69\uff0c\u90a3\u500b\u904b\u52d5\u670d\u5916\u5957\uff0c\u4e2d\u5927\u58e2\u4e2d"
        },
        {
            "reply_id": "Ugy-6NeuAe3RRH_2nv14AaABAg",
            "reply_content": "\u4e00\u4e0b\u5c0f\u8072\u4e00\u4e0b\u5927\u8072"
        },
        {
            "reply_id": "UgygonCX6EzxV6sx5CN4AaABAg",
            "reply_content": "\u5b78\u9577\u597d"
        },
        {
            "reply_id": "UgxF7gAw1vk98JqLWbl4AaABAg",
            "reply_content": "\u56de\u4f86\u770b\u5f71\u7247 \u90a3\u500b\u5973\u751f\u7684\u5236\u670d\u662f\u58e2\u4e2d\u5427"
        },
        {
            "reply_id": "UgzAYXcr_W2it7t-uQd4AaABAg",
            "reply_content": "\u8aaa\u5be6\u8a71 \u7576\u5e74\u7684\u9019\u7fa4\u9b3c\u4e4b\u6578\u8cc7\u73ed\u6210\u54e1  \u54ea\u5e7e\u500b\u73fe\u5728\u6bd4\u4f60\u6d0b\u8525\u6709\u6210\u5c31 \u6bd4\u4f60\u6709\u9322\u7684?  \u6709\u6642\u5019\u6703\u8b80\u66f8 \u5b78\u6b77\u9ad8\u4e26\u4e0d\u4ee3\u8868\u4e00\u5207 \u4e5f\u4e0d\u4ee3\u8868\u4ee5\u5f8c\u5c31\u6703\u904e\u5f97\u6bd4\u8f03\u8212\u9069..."
        },
        {
            "reply_id": "Ugy4YJIM_s-C2BWs_I14AaABAg",
            "reply_content": "\u6211\u89aa\u81ea\u6559\u4f60\u5427 \u5c0f\u8001\u5e2b"
        },
        {
            "reply_id": "UgyPca4FTKAxv79vUVh4AaABAg",
            "reply_content": "\u6211\u807d\u5230\u5ee3\u6771\u8a71"
        },
        {
            "reply_id": "UgwYhbBB9cOkjCHP0Sp4AaABAg",
            "reply_content": "\u6211\u9ad8\u4e2d\u7684\u7d93\u6b77\u8ddf\u6d0b\u8525\u5e7e\u4e4e\u4e00\u6a21\u4e00\u6a23"
        },
        {
            "reply_id": "UgxJj6ACN9pyeRAVl9l4AaABAg",
            "reply_content": "\u5230\u5927\u9646\u8bfb\u4e86\u9ad8\u4e2d\u4e4b\u540e\uff0c\u53ef\u80fd\u624d\u4f1a\u77e5\u9053\u6211\u4eec\u6cb3\u5357\u5c0f\u53bf\u57ce\u91cd\u70b9\u4e2d\u5b66\u91cd\u70b9\u73ed\u7684\u53ef\u6015\u751a\u81f3\u8be1\u5f02\u4e4b\u5904\uff0c\u5230\u5904\u90fd\u662f\u6d17\u8111\uff0c\u8bf4\u4ec0\u4e48\u4e0a\u4e0d\u4e86\u672c\u79d1\u5c31\u662f\u5e9f\u7269\u4e4b\u7c7b\u7684\uff0c\u671d\u4e94\u665a\u5341\uff0c\u4e24\u5468\u653e\u4e00\u5929\u5047\u8fd8\u6709\u4f5c\u4e1a..."
        },
        {
            "reply_id": "UgyTjo_3tQlm6itRYtV4AaABAg",
            "reply_content": "\u967d\u660e\u9ad8\u4e2d"
        },
        {
            "reply_id": "UgwIiJ1uOl0pqmTiwKl4AaABAg",
            "reply_content": "\u4e2d\u58e2\u9ad8\u4e2d\u7684\u5236\u670d\u311f"
        },
        {
            "reply_id": "Ugy-vP4dUhJhAxrlroV4AaABAg",
            "reply_content": "\u96e3\u9053\u662f\u7576\u5e74\u5728\u6559\u5b98\u5ba4\u6b63\u5c0d\u9762\u7684\u4e94\u73ed\u55ce"
        },
        {
            "reply_id": "UgwugcuS6WFYSWtHL3R4AaABAg",
            "reply_content": "\u5c0d\u4e0d\u8d77\uff0c\u770b\u5230\u6578\u8cc7\u73ed\u5243\u9664\u96dc\u9b5a\u90a3\u908a\u5feb\u7b11\u6b7b"
        },
        {
            "reply_id": "UgyeBrJwbc36W3SxYNV4AaABAg",
            "reply_content": "\u51fa\u793e\u6703\u5c31\u77e5\u9053\u9019\u4e00\u5207\u6392\u540d\u90fd\u662f\u5c41\ud83d\ude02\ud83d\ude02\ud83d\ude02"
        },
        {
            "reply_id": "Ugx3yfdy24uUmAW_uvZ4AaABAg",
            "reply_content": "\u6211\u4e00\u6a23\u548c\u6d0b\u8525\u4f60\u6709\u540c\u6a23\u7684\u906d\u9047\uff0c\u539f\u672c\u4ee5\u70ba\u9ad8\u4e2d\u8f15\u8f15\u9b06\u9b06\u5c31\u80fd\u8b80(\u6211\u8b80\u9ad8\u8077)\u6240\u4ee5\u525b\u9032\u9ad8\u4e2d\u6642\u4e5f\u662f\u4e0a\u8ab2\u7761\u89ba\u4e0b\u8ab2\u73a9\uff0c\u6240\u4ee5\u4e00\u76f4\u662f\u73ed\u672b\u5012\u6578\u5e7e\u540d\uff08\u6c92\u5728\u5632\u8af7\u6216\u5632\u7b11\uff0c\u4ee5\u4e0a\u7686\u4e8b\u5be6"
        },
        {
            "reply_id": "UgxW_whd5bf3X-ttXS54AaABAg",
            "reply_content": "\u770b\u9019\u6d0b\u8525\u559c\u6b61\u7684\u9019\u500b\u5973\u751f\u5236\u670d\u7814\u5224\u662f\u4e2d\u58e2\u9ad8\u4e2d\u54c8\u54c8XD"
        },
        {
            "reply_id": "UgxAVOSxI64wp-XAv0h4AaABAg",
            "reply_content": "\u5dee\u4e0d\u591a\u5566\u4e0a\u9ad8\u4e2d\u6210\u7e3e\u90fd\u6703\u548c\u570b\u4e2d\u5dee\u5f88\u5927\n(\u6211\u570b\u4e2d\u6703\u8003\u662f\u73ed\u6392\u7b2c\u56db\uff0c\u5230\u6843\u5712\u9ad8\u4e2d\u5f8c\u6bb5\u8003\u73ed\u639236)"
        }
    ]
}