{
    "video_info": {
        "id": "ppTWOYyh6FY",
        "channelTitle": "Onion Man",
        "title": "Onion Man | \u6200\u611b\u5bb6\u6559\u6d0b\u8525\uff01\u8207\u65e5\u672c\u5973\u512a\u55ae\u7368\u7d04\u6703\uff01\u8d85\u751c\u80a2\u9ad4\u4e92\u52d5\uff01\u5922\u60f3\u6210\u771f\uff1f",
        "description": "\u9019\u662f\u4e00\u5834\u5b85\u7537\u7684\u7d42\u6975\u7d04\u6703\u8a66\u7149\uff0c\u5341\u5206\u7dca\u5f35 \u5341\u5206\u7dca\u5f35\n\n\u6d0b\u8525\u718a\u5927\u806f\u540d\u8cbc\u5716: https://line.me/S/sticker/23215702\n\n\u9999\u9999\u50b3\u9001\u9580\uff1ahttps://reurl.cc/65NNoO\n\u5c0f\u5bb5\u864e\u5357Youtube\u983b\u9053\uff1a @koyoikonan0402\n\n\u3010\u8a02\u95b1\u3011\u53ca\u89c0\u770b\u6d0b\u8525\u66f4\u591a\u5f71\u7247: https://goo.gl/ijP3Eb\n\n\u5de5\u4f5c\u5408\u4f5c\uff1aonionmanwork@gmail.com\nOnion Man \u767e\u842c\u8ffd\u8e64\u7c89\u7d72\u5718:goo.gl/Z5CSvw\n\n\u6700\u65b0\u963f\u6587\u8cbc\u5716:https://reurl.cc/GxYjA\n\n\u7b2c\u4e00\u4ee3\u963f\u6587line\u8cbc\u5716:https://reurl.cc/Wroxx\n\n\u6d0b\u8525\u79c1\u751f\u6d3bIG:https://www.instagram.com/onionman__/\n\n\n\u904b\u52d5\u6f2b\u756b\u88e1\u7684\u4e2d\u4e8c\u8001\u6897\u5287\u60c5\n\u25ba\u7b2c\u4e00\u96c6:https://youtu.be/cMoV1rPH35k\n\u25ba\u7b2c\u4e8c\u96c6:https://youtu.be/iW7LM00lny0\n\u25ba\u7b2c\u4e09\u96c6:https://youtu.be/2G5wu61uCM0\n\u25ba\u7b2c\u56db\u96c6:https://youtu.be/-rP1abYv8n4\n\nOnion Man \u95dc\u9375\u5b57:\n\u4e2d\u4e8c \u80a5\u5b85 \u55ae\u8eab\u6f22 \u55ae\u8eab \u9b6f\u86c7 \u5c4c\u7d72 \u80a5\u5b85",
        "likeCount": "4616",
        "commentCount": "646",
        "viewCount": "232027"
    },
    "comments": [
        {
            "reply_id": "UgxGc5hB-Ig7O8X-wdV4AaABAg",
            "reply_content": "\u6709\u500b\u554f\u984c  \u65e5\u672c\u5973\u512a\u807d\u5f97\u61c2\u4f60\u7684\u5168\u7a0b\u4e2d\u6587\u55ce??"
        },
        {
            "reply_id": "Ugw6sMS3syE6jfQgCNZ4AaABAg",
            "reply_content": "\u5e73\u5e38\u9762\u5c0d\u5973\u751f\u8aaa\u8a71\u90fd\u5f88\u7dca\u5f35,\u5f88\u56f0\u64fe"
        },
        {
            "reply_id": "UgwNSKcqoFgT0svWp9l4AaABAg",
            "reply_content": "\u8b1d\u8b1d\u6211\u7684\u5abd\u5abd\uff01\u90a3\u6bb5\u771f\u7684\u597d\u7b11\ud83d\ude02"
        },
        {
            "reply_id": "Ugw30jiqwo44-GMCVmp4AaABAg",
            "reply_content": "\u770b\u4f86\u5973\u512a\u662f\u500b\u72e0\u4eba"
        },
        {
            "reply_id": "Ugw4XlKZzhsvmpyWxup4AaABAg",
            "reply_content": "\u6d0b\u8525\u5c37\u5c2c\u4e00\u9ede\u4e5f\u6c92\u95dc\u4fc2\uff0c\u7562\u7adf\u65e5\u672c\u4eba\u7684\u793e\u4ea4\u80fd\u529b\u90fd\u9ede\u7684\u6eff\u9ad8\u7684\uff0c\u8b1b\u8a71\u4e0d\u8981\u592a\u81ea\u5927\u5c0d\u65b9\u90fd\u80fd\u5f88\u81ea\u7136\u7684\u9806\u8457\u8a71\u63a5\u4e0b\u53bb"
        },
        {
            "reply_id": "UgxWPRpIvDmhsSHtrpR4AaABAg",
            "reply_content": "\u9019\u5230\u5e95\u662f\u751a\u9ebc\u63a1\u8a2a \u8d85\u778e\u7684\u5566  \u5947\u5947\u602a\u602a\u7121\u5398\u982d\u7684\u8a71\u984c \u7b11\u6b7b"
        },
        {
            "reply_id": "UgxFzVL8mUTNNGtS2P94AaABAg",
            "reply_content": "\u795d\u798f\u54e5\uff0c\u9019\u6a23\u4f60\u7684\u51b7\u5bae\u6703\u4e0d\u6703\u66b4\u8d70\uff1f"
        },
        {
            "reply_id": "UgwKxz8P1QPGVtE2jGF4AaABAg",
            "reply_content": "\u6d0b\u8525\u4f60\u662f\u771f\u7684\u4e0d\u61c2\u5594\uff01"
        },
        {
            "reply_id": "Ugx6JD5whnzuhfQqNut4AaABAg",
            "reply_content": "\u4e00\u5806\u4eba\u9762\u524d\u7d04\u6703\u4e92\u52d5\u58d3\u529b\u8d85\u7d1a\u5927\u7684\u54c8\u54c8\u54c8"
        },
        {
            "reply_id": "UgyX4WFYezQExmyn2JF4AaABAg",
            "reply_content": "\u7d50\u5df4\u8d85\u597d\u7b11"
        },
        {
            "reply_id": "Ugwh7w1LmgsEd3fDowt4AaABAg",
            "reply_content": "\u592a\u592a\u2026\u592a\u5c37\u5c2c\u5566\uff01\u611f\u89ba\u6d0b\u8525\u8981\u88ab\u5c0d\u9762\u7684\u5973\u512a\u5403\u6389\u4e86"
        },
        {
            "reply_id": "UgwtaZWDJb2MRVNMZTx4AaABAg",
            "reply_content": "\u652f\u6301"
        },
        {
            "reply_id": "UgwnsgxHK6zB4Cvwnrt4AaABAg",
            "reply_content": "\u6211\u5f88\u5e0c\u671b\u660e\u5e74\u7684\u6210\u4eba\u5c55,\u4e3b\u8fa6\u55ae\u4f4d\u53ef\u4ee5\u9080\u8acb\u897f\u5bae\u5922,\u5cac\u5948\u5948\u7f8e,,\u9f4a\u85e4\u7f8e\u512a,\u77f3\u539f\u5e0c\u671b,\u6c99\u6708\u60e0\u5948,\u6c99\u6708\u82bd\u8863,\u5c0f\u82b1\u6696,\u6c34\u535c\u6afb,\u6cb3\u5408\u660e\u65e5\u83dc,\u9234\u6751\u611b\u7406,\u795e\u5bae\u5bfa\u5948\u7dd2,\u901a\u91ce\u672a\u5e06,\u8fbb\u4e95\u7a57\u4e43\u679c\u8ddf\u5409\u6839\u67da\u8389\u611b\u8ddf\u65b0\u6751\u6731\u91cc\u8ddf\u6709\u6751\u5e0c\u8ddf\u85e4\u68ee\u91cc\u7a57\uff0c\n\u5e0c\u671b\u53ef\u4ee5\u9080\u8acb\u4ee5\u4e0a\u5e7e\u4f4d\u5973\u512a\u4f86\u53f0\u7063\u53c3\u52a0\u6210\u4eba\u5c55\n,\u9664\u975e\u4ee5\u4e0a\u5e7e\u4f4d\u5973\u512a\u6709\u4f86\u53f0\u7063,\u6211\u624d\u9858\u610f\u53bb\u6210\u4eba\u5c55\u82b1\u9322\u8cb7\u91d1\u5361\u8ddf\u9280\u5361,\u771f\u7684\u62dc\u8a17\u5979\u5011\u8981\u4f86\u6210\u4eba\u5c55\uff01"
        },
        {
            "reply_id": "UgyH7h6nkYN3dDAIxFl4AaABAg",
            "reply_content": "\u771f\u662f\u88ab\u4f60\u7b11\u6b7b"
        },
        {
            "reply_id": "UgwIpQ5Ou1aBs94hfn54AaABAg",
            "reply_content": "\u770b\u4e86\u4e00\u90e8\u5ee2\u7247\ud83d\ude22 \u4f46\u597d\u7fa8\u6155\u554a"
        },
        {
            "reply_id": "Ugy-CiP-GCokmMMj4KR4AaABAg",
            "reply_content": "\u6211\u672c\u4f86\u662f\u60f3\u8aaa\u6d0b\u8525\u5fc5\u9808\u6b7b\u7684\uff0c\u4f46\u662f\u770b\u5230\u6d0b\u8525\u7684\u5404\u7a2e\u5c2c\uff0c\u4ed6\u61c9\u8a72\u5df2\u7d93\u6b7b\u4e86\u597d\u5e7e\u6b21\u4e86\ud83d\ude02"
        },
        {
            "reply_id": "UgwxSQqM91aEdpOqDLp4AaABAg",
            "reply_content": "\u5982\u679c\u80fd\u628a\u8ddf\u6dbc\u68ee\u73b2\u5922\u540c\u4e00\u5bb6\u7247\u5546\u7684\u5973\u512a,\u80fd\u628a\u9234\u6751\u611b\u7406\u8ddf\u6cb3\u5408\u660e\u65e5\u83dc\u4e5f\u4e00\u8d77\u9080\u8acb\u4f86\u53f0\u7063\u7684\u6210\u4eba\u5c55\u7684\u8a71,\u4e0d\u77e5\u9053\u6703\u6709\u591a\u597d\uff01"
        },
        {
            "reply_id": "Ugyxxi6kCqd1kg-nR1J4AaABAg",
            "reply_content": "\u81ea\u80a5\u7684\u5b85\u7537\u4e2d\uff0c\u6c92\u4eba\u6bd4\u4f60\u66f4\u51fa\u8272\uff0c\u9019\u96bb\u9e79\u8c6c\u624b\uff0c\u6211\u8a8d\u53ef\u4f60\u4e86\uff0c\u6211\u9858\u7a31\u4f60\u70ba\u6700\u5f37 \ud83d\ude02"
        },
        {
            "reply_id": "Ugxn7HC-ZtGcuo0fb3V4AaABAg",
            "reply_content": "\u6240\u4ee5\u662f\u8003\u8a66\u9084\u662f\u653e\u798f\u5229"
        },
        {
            "reply_id": "Ugy8iy_SfbbXujmdz814AaABAg",
            "reply_content": "\u5e2b\u5085\u90a3\u908a\u662f\u5b78\u7375\u4eba\u55ce"
        }
    ]
}