{
    "video_info": {
        "id": "pSzfkL-x9EA",
        "channelTitle": "Onion Man",
        "title": "Onion Man | \u4f60\u770b\u9019\u5f71\u7247\u8d85\u597d\u7b11\u7684  ft. @chillseph",
        "description": "\u771f\u7684\u5f88\u597d\u770b\u62dc\u8a17\u8a8d\u771f\u770b\u5b8c\n\n\u745f\u592b\u539f\u5f71\u7247\uff1a\n\u85a9\u6cf0\u723e\u5a1b\u6a02\u63d0\u4f9b\u6388\u6b0a\n\u539f\u7247\u7db2\u5740\uff1ahttps://reurl.cc/95azMv\n\n\u3010\u8a02\u95b1\u3011\u53ca\u89c0\u770b\u6d0b\u8525\u66f4\u591a\u5f71\u7247: https://goo.gl/ijP3Eb\n\n\u5de5\u4f5c\u5408\u4f5c\uff1aonionmanwork@gmail.com\nOnion Man \u767e\u842c\u8ffd\u8e64\u7c89\u7d72\u5718:goo.gl/Z5CSvw\n\n\u6700\u65b0\u963f\u6587\u8cbc\u5716:https://reurl.cc/GxYjA\n\n\u7b2c\u4e00\u4ee3\u963f\u6587line\u8cbc\u5716:https://reurl.cc/Wroxx\n\n\u6d0b\u8525\u79c1\u751f\u6d3bIG:https://www.instagram.com/onionman__/\n\n\n\u904b\u52d5\u6f2b\u756b\u88e1\u7684\u4e2d\u4e8c\u8001\u6897\u5287\u60c5\n\u25ba\u7b2c\u4e00\u96c6:https://youtu.be/cMoV1rPH35k\n\u25ba\u7b2c\u4e8c\u96c6:https://youtu.be/iW7LM00lny0\n\u25ba\u7b2c\u4e09\u96c6:https://youtu.be/2G5wu61uCM0\n\u25ba\u7b2c\u56db\u96c6:https://youtu.be/-rP1abYv8n4\n\nOnion Man \u95dc\u9375\u5b57:\n\u4e2d\u4e8c \u80a5\u5b85 \u55ae\u8eab\u6f22 \u55ae\u8eab \u9b6f\u86c7 \u5c4c\u7d72 \u80a5\u5b85",
        "likeCount": "10656",
        "commentCount": "941",
        "viewCount": "440798"
    },
    "comments": [
        {
            "reply_id": "UgwiO66etkfl2NxiHhd4AaABAg",
            "reply_content": "\u55ac\u745f\u592b\u771f\u7684\u4e0d\u597d\u7b11"
        },
        {
            "reply_id": "UgybXcUs5LloQl9y6qB4AaABAg",
            "reply_content": "\u6d0b\u8525\u6c57\u6d41\u7684\u5f88\u5c2c"
        },
        {
            "reply_id": "Ugwr-rBtAlnZCsY3CJF4AaABAg",
            "reply_content": "\u963f\u6587\u770b\u745f\u592b\u5f71\u7247\u7adf\u7136\u6ca1\u7b11 \u679c\u7136\u662f\u4e2a\u72e0\u89d2\u8272\uff01"
        },
        {
            "reply_id": "UgzdoBAKqH0Bs_IwIrx4AaABAg",
            "reply_content": "\u6d0b\u8525\u6839\u672c\u63a8\u85a6\u932f\u5f71\u7247\u4e86\uff0c\u61c9\u8a72\u8981\u63a8\u55ac\u745f\u592b\u626e\u5973\u50d5\u88dd\u670d\u52d9\u76e7\u5ee3\u4ef2\u90a3\u90e8\uff0c\u958b\u982d\u5c31\u6703\u7b11\u6b7bXD"
        },
        {
            "reply_id": "UgxTtn4rSpFs79yRmmV4AaABAg",
            "reply_content": "\u597d\u771f\u5be6\uff0c\u6bcf\u6b21\u7d66\u670b\u53cb\u770b\u4e00\u90e8\u597d\u7b11\u7684\u5f71\u7247\uff0c\u7d50\u679c\u4ed6\u5011\u5b8c\u5168\u6c92\u6709\u611f\u89ba\u5f88\u597d\u7b11\uff0c\u90a3\u7a2e\u5834\u9762\u8d85\u5c37\u5c2c\ud83d\ude05"
        },
        {
            "reply_id": "UgwB310aF2ANkMRM6bF4AaABAg",
            "reply_content": "\u73cd\u5976\u90a3\u7bc7\u6bd4\u8f03\u597d\u7b11"
        },
        {
            "reply_id": "Ugz0eYpOX22LPfY78tN4AaABAg",
            "reply_content": "\u5176\u5be6\u53ea\u8981\u5148\u8ddf\u4eba\u5bb6\u8aaa\u300c\u7d66\u4f60\u770b\u4e00\u500b\u8d85\u597d\u7b11\u7684\u300d\uff0c\u5c0d\u65b9\u5fc3\u88e1\u5c31\u6703\u7522\u751f\u4e00\u7a2e\u9632\u79a6\u6a5f\u5236\uff0c\u8b8a\u5f97\u5f88\u96e3\u9032\u5165\u7b11\u9ede\u3002\u5c31\u50cf\u8b1b\u7b11\u8a71\u4e4b\u524d\uff0c\u4e5f\u7d55\u5c0d\u4e0d\u80fd\u8aaa\u300c\u6211\u8ddf\u4f60\u8b1b\u4e00\u500b\u7b11\u8a71\u300d\uff0c\u4e0d\u7136\u4e0d\u7ba1\u591a\u597d\u7b11\uff0c\u5341\u4e4b\u516b\u4e5d\u6703\u8b8a\u6210\u79ae\u8c8c\u6027\u7684\u5fae\u7b11\u6536\u5c3e\u3002"
        },
        {
            "reply_id": "Ugw6Tg10lYkRts7rgKp4AaABAg",
            "reply_content": "\u540c\u611f\u540c\u611f"
        },
        {
            "reply_id": "UgycYYhSU9ynu1KsXPt4AaABAg",
            "reply_content": "\u7121\u60c5\u7684\u7528\u5225\u4eba\u7684\u696d\u914d\u5f71\u7247\u696d\u914d\ud83e\udd23"
        },
        {
            "reply_id": "UgxUWOtL_bwjKoyVnDp4AaABAg",
            "reply_content": "\u9019\u5c31\u662f\u6211\u70ba\u4ec0\u9ebc\u4e0d\u6703\u5206\u4eab\u597d\u7b11\u6216\u597d\u807d\u7684\u6771\u897f\u7d66\u5225\u4eba\u7684\u539f\u56e0:)"
        },
        {
            "reply_id": "UgyNXltbdvRN1BmDYR54AaABAg",
            "reply_content": "\u770b\u5230\u52a9\u7406\u4e0d\u7981\u53c8\u60b2\u50b7\u8d77\u4f86\u4e86"
        },
        {
            "reply_id": "UgxHyqhswclbl_QF83N4AaABAg",
            "reply_content": "\u6211\u670b\u53cb\u4e0a\u6b21\u4e5f\u662f\u76f4\u63a5\u628a\u4e00\u7cfb\u5217\u55ac\u745f\u592b\u7684\u812b\u53e3\u79c0\u8cbc\u7d66\u6211\u5011\n\u7136\u5f8c\u6211\u5011\u5c31\u4e00\u8d77\u7b11\u5230\u7f8e\u53ee\u7f8e\u7576\n\u4f46\u662f\u6211\u6c92\u770b\u904e\u55ac\u745f\u592b\u5176\u4ed6\u5f71\u7247\u6b38 \u770b\u5b8c\u9019\u500b\u7336\u8c6b\u4e86(x"
        },
        {
            "reply_id": "UgzMdhnd_hATMkrUiE14AaABAg",
            "reply_content": "\u5176\u5be6\u5c0d\u55ac\u745f\u7247\u5f71\u7247\u7684\u7b11\u9ede\u662f\u8981\u6162\u6162\u7d2f\u7a4d\u57f9\u990a\u7684\uff0c\u7a0d\u5fae\u4e86\u89e3\u4ed6\u7684\u614b\u5ea6\u624d\u6703\u88ab\u64ca\u4e2d\u7b11\u9ede\uff0c\u6211\u525b\u88ab\u670b\u53cb\u63a8\u5751\u6642\u4e5f\u662f\u5728\u670b\u53cb\u9762\u524d\u4e7e\u7b11\u5047\u7b11(\u5f9e\u5e03\u7e54\u8db3\u90a3\u90e8\u7247\u958b\u59cb)\uff0c\u5f8c\u4f86\u6162\u6162\u8ffd\u624d\u8d8a\u89ba\u5f97\u7206\u7b11\uff0c\u6bcf\u6b21\u7684\u7d50\u5c3e\u6897\u90fd\u8d85\u6ed1\u7a3d\uff0c\u5176\u4ed6\u4eba\u7684\u983b\u9053\u6211\u770b\u518d\u4e45\u9084\u662f\u7b11\u4e0d\u51fa\u4f86\uff0c\u7c21\u5148\u751f\u7684\u7b11\u679c\u76f4\u63a5\u662f\u85a9\u6cf0\u723e\u6574\u9593\u516c\u53f8\u559c\u5287\u6f14\u54e1\u52a0\u7e3d\u76841.35\u500d\u5566\uff0c\u8b9a\u3002"
        },
        {
            "reply_id": "UgxiKRU3QxZ4TvdyvlN4AaABAg",
            "reply_content": "\u6211\u90fd\u6703\u79ae\u8c8c\u6027\u7684\u7b11\u4e00\u4e0b"
        },
        {
            "reply_id": "Ugx1yWH5j0HMZQcBlMJ4AaABAg",
            "reply_content": "\u6211\u60f3\u6211\u5011\u90fd\u77e5\u9053\u662f\u8ab0\u7684\u554f\u984c\u4e86\n\u6216\u8a31\u6211\u5011\u4e0d\u8a72\u5403\u8272\u592b\u5427\uff1f"
        },
        {
            "reply_id": "UgxYk7GQzfFH6OPeTyN4AaABAg",
            "reply_content": "...\u6de6\u4e4b\u524d\u628a\u6d0b\u8525\u7684\u6b4c\u7d66\u670b\u53cb\u807d\u4e5f\u662f\u4e00\u6a23\u53cd\u61c9\uff0c\u5f8c\u4f86\u6211\u7121\u610f\u64ad\u4e86\u4e00\u6b21\uff0c\u5979\u53cd\u800c\u554f\u6211\u9019\u662f\u4ec0\u9ebc\u6b4c\uff0c\u597d\u807d\u3002\u6de6\u6709\u5920\u7121\u8a9e=="
        },
        {
            "reply_id": "Ugzm4GiMQKh0JoQPIeJ4AaABAg",
            "reply_content": "\u6c92\u4e8b\u6211\u61c2\u4f60 \u745f\u592b\u8d85\u597d\u770b"
        },
        {
            "reply_id": "UgwKZ1FxNBFDGGjjN9B4AaABAg",
            "reply_content": "\u9019\u662f\u5728\u653b\u7565\u5403\u4eba\u6cbc\u6fa4\u55ce"
        },
        {
            "reply_id": "UgwTT2O2Oyev3OXX8fB4AaABAg",
            "reply_content": "\u6c92\u95dc\u4fc2 \u9019\u4e9b\u4eba\u6700\u5f8c\u90fd\u6703\u8ff7\u4e0a\u7684 \u7136\u5f8c\u518d\u8dd1\u56de\u4f86\u8ddf\u4f60\u5206\u4eab \u537b\u5fd8\u8a18\u4f60\u65e9\u5c31\u8ddf\u4ed6\u5206\u4eab\u904e:))"
        },
        {
            "reply_id": "UgyDHHgkogB-4Scrr_14AaABAg",
            "reply_content": "\u96d9\u91cd\u696d\u914d\u55ce"
        }
    ]
}