{
    "video_info": {
        "id": "q2SiVh4m-OY",
        "channelTitle": "Onion Man",
        "title": "Onion Man | \u5a01\u529b\u5927\u5230\u80fd\u6bba\u4eba\u7684\u73a9\u5177\u5f48\u73e0\u8d85\u4eba\uff01 \u8d85\u552c\u721b\u7ae5\u5e74\u52d5\u756b\uff5c \u771f\u5be6\u6545\u4e8b\u7bc7",
        "description": "\u5f48\u73e0\u8d85\u4eba\u56de\u61b6\u7bc7\uff0c\u52d5\u756b\u8d85\u8c6a\u5c0f...\n\n\u611f\u8b1d\u4e7e\u7239\uff1a\n\u3010 Grover \u9280\u96e2\u5b50\u6a5f\u80fd\u6c99\u767c \u3011- \u6297\u83cc\u597d\u5b89\u5fc3\n\nGAGU\u7368\u5bb6\u675c\u90a6\u9280\u96e2\u5b50\u6297\u83cc\u5e03\uff0c\u6297\u83cc\u9632\u81ed\uff0c\u8212\u9069\u80cc\u6795\u3001\u982d\u9760\uff0c\u642d\u914d\u524d\u5f8c\u79fb\u52d5\u5169\u6bb5\u5f0f\u4e94\u91d1\uff0c\u8b93\u4f60\u5750\u81e5\u90fd\u653e\u5fc3\uff01\nGAGU\u9084\u6709\u591a\u6b3e\u6c99\u767c\uff0c\u5c3a\u5bf8\u3001\u984f\u8272\u3001\u5e03\u6599\u90fd\u53ef\u4ee5\u5ba2\u88fd\uff0c\u6240\u6709\u9700\u6c42\u4e00\u6b21\u6eff\u8db3\u5594\uff01\n\n4\u6708\u5e95\u524d \u79c1\u8a0aGAGU FB\u300e # \u6211\u8981\u8ddf\u6d0b\u8525\u4e00\u8d77\u4f7f\u58de \u300f\n\u5c31\u9001$1000\u5143\u8cfc\u7269\u91d1\uff01\u6d88\u8cbb\u6eff\u984d\u518d\u9001\u76ae\u9769\u8cea\u611f\u79ae\u76d2\u6216\u5317\u6b50\u98a8\u62b1\u6795\uff01\n\nGAGU FB\ud83d\udc49\ud83c\udffbhttps://m.me/gagu.life\n\u9280\u96e2\u5b50\u6c99\u767c\u50b3\u9001\u9580\ud83d\udc49\ud83c\udffbhttps://reurl.cc/jlW4a2\n\n\u3010\u8a02\u95b1\u3011\u53ca\u89c0\u770b\u6d0b\u8525\u66f4\u591a\u5f71\u7247: https://goo.gl/ijP3Eb\n\n\u5de5\u4f5c\u5408\u4f5c\uff1aonionmanwork@gmail.com\nOnion Man \u767e\u842c\u8ffd\u8e64\u7c89\u7d72\u5718:goo.gl/Z5CSvw\n\n\u6700\u65b0\u963f\u6587\u8cbc\u5716:https://reurl.cc/GxYjA\n\n\u7b2c\u4e00\u4ee3\u963f\u6587line\u8cbc\u5716:https://reurl.cc/Wroxx\n\n\u6d0b\u8525\u79c1\u751f\u6d3bIG:https://www.instagram.com/onionman__/\n\n\n\u904b\u52d5\u6f2b\u756b\u88e1\u7684\u4e2d\u4e8c\u8001\u6897\u5287\u60c5\n\u25ba\u7b2c\u4e00\u96c6:https://youtu.be/cMoV1rPH35k\n\u25ba\u7b2c\u4e8c\u96c6:https://youtu.be/iW7LM00lny0\n\u25ba\u7b2c\u4e09\u96c6:https://youtu.be/2G5wu61uCM0\n\u25ba\u7b2c\u56db\u96c6:https://youtu.be/-rP1abYv8n4\n\nOnion Man \u95dc\u9375\u5b57:\n\u4e2d\u4e8c \u80a5\u5b85 \u55ae\u8eab\u6f22 \u55ae\u8eab \u9b6f\u86c7 \u5c4c\u7d72 \u80a5\u5b85",
        "likeCount": "7559",
        "commentCount": "3003",
        "viewCount": "503409"
    },
    "comments": [
        {
            "reply_id": "UgxwpQLLZXELtjINuE54AaABAg",
            "reply_content": "\u6211\u770b\u7684\u6642\u5019\u5df2\u7d93\u662fB\u50b3\u8aaa\u4e86\n\u70c8\u7130\u8056\u528d\u771f\u7684\u662f\u5e25\u70b8\u6211\n\u76f4\u5230\u73fe\u5728\u9084\u662f\u5f88\u60f3\u8981\u4e00\u96bb\n\u8766\u76ae\u6b63\u7248\u4e00\u96bb\u597d\u5e7e\u5343..."
        },
        {
            "reply_id": "UgxOKtqTJhNSnOG4Zg54AaABAg",
            "reply_content": "\u5f48\u73e0\u4eba\u52d5\u756b\u7cfb\u5217\u6709\u4e0d\u540c\u578b\u614b\u7684\u5f48\u73e0\u4eba\uff0c\u771f\u662f\u61f7\u5ff5\u3002\u73fe\u5728\u51fa\u74f6\u84cb\u4eba\u4e86\uff0c\u5f48\u73e0\u4eba\u548c\u74f6\u84cb\u4eba\u4e0d\u4e00\u6a23\u7684\u597d\u73a9\u3002\u771f\u68d2\uff01\uff01"
        },
        {
            "reply_id": "UgzUlSOJEzDnb0QLxvN4AaABAg",
            "reply_content": "\u91d1\u54c8\u54c8\u54c8"
        },
        {
            "reply_id": "UgyZ5DprZVgsQH8rgS54AaABAg",
            "reply_content": "\u6211\u4e5f\u8ddf\u6d0b\u8525\u4e00\u6a23\uff0c\u7576\u6642\u6c92\u770b\u904e\u52d5\u756b\u5c31\u57287-11\u8cb7\u4e86\u7f9a\u9e7f\u4e09\u982d\u72ac\uff0c\u7d50\u679c\u5a01\u529b\u975e\u5e38\u53ef\u6015\uff0c\u77ac\u9593\u9707\u9a5a\u4e86\u6240\u6709\u540c\u5b78\u5708\uff0c\u7f9a\u9e7f\u4e09\u982d\u72ac\u7b49\u65bc\u662f\"\u82f1\u96c4\u65af\u82ac\u514b\u65af+\u5730\u7344\u4e09\u982d\u72ac\"\u7684\u7522\u7269"
        },
        {
            "reply_id": "UgyQGVYjOyzBiFFXf7t4AaABAg",
            "reply_content": "\u56de\u61b6\u90fd\u6709\u8ddf\u5230\u54c8\uff01\u5148\u5f48\u73e0\u4eba\u518d\u4f86\u662f\u6e9c\u6e9c\u7403\ud83d\ude0a"
        },
        {
            "reply_id": "UgxyTWxrgyawTYb9dPF4AaABAg",
            "reply_content": "\u90a3\u96bb\u9ec3\u91d1\u5f48\u73e0\u8d85\u4eba\u771f\u7684\u8d85\u5751\uff01\u7576\u6642\u6211\u8868\u54e5\u9a19\u6211\u8aaa\u90a3\u96bb\u8d85\u5f37\u7684\uff01\u7d50\u679c\u6211\u5c31\u8cb7\u4e86\uff0c\u7136\u5f8c\u5c31\u50cf\u5be6\u6e2c\u90a3\u6a23\uff0c\u5a01\u529b\u8ddf\u5c4e\u4e00\u6a23"
        },
        {
            "reply_id": "UgwBJkUSZrFJA7f87qF4AaABAg",
            "reply_content": "\u771f\u662f\u592a\u61f7\u5ff5\u4e86 \u4e0d\u6127\u662f\u6d0b\u8525 \u597d\u71b1\u8840"
        },
        {
            "reply_id": "UgzYoIKkuVZw1bSY-h14AaABAg",
            "reply_content": "\u6211\u8a18\u5f97\u7576\u5e74\u7206\u7403\u9023\u767c!\u7684\u5e74\u4ee3\uff0c\u5927\u5bb6\u90fd\u5728\u9b54\u6539\uff0c\n\u8a18\u5f97\u7576\u521d\u6253\u6bd4\u8cfd\u53ea\u8981\u4e0d\u8981\u9b54\u6539\u7684\u592a\u8a87\u5f35\u662f\u53ef\u4ee5\u7684\uff0c\n\u72d9\u64ca\u6230\u795e\u90a3\u53f0\uff0c\u5982\u679c\u5148\u628a\u5f8c\u9762\u7684\u62c9\u628a\u5f8c\u62c9\u56fa\u5b9a\u4f4f\u518d\u7d8110\u689d\u6a61\u76ae\u7b4b\uff0c\n\u4e00\u767c\u76f4\u63a5\u53ef\u4ee5\u6253\u7a7f\u4e00\u822c\u5bb6\u88e1\u7684\u6728\u9580\uff0c\u4e0d\u662f\u6253\u7834\uff0c\u662f\u53ef\u4ee5\u6253\u7a7f\uff0c\n\u5982\u679c\u53ea\u662f\u8981\u6253\u7834\u7684\u8a71\u5927\u69824-5\u689d\u6a61\u76ae\u7b4b\u5c31\u597d\uff0c\u800c\u4e144-5\u689d\u6a61\u76ae\u7b4b\u9084\u53ef\u4ee5\u9023\u767c(\u529b\u6c23\u5920\u7684\u8a71)\uff0c\n\u751a\u81f3\u8d85\u7121\u6575\u9cf3\u51f0\u865f\u88dd\u4e0a\u5f37\u529b\u767c\u5c04\u5668\u4e00\u6a23\u53ef\u4ee5\u8f15\u9b06\u6253\u7834\u6728\u9580(\u4e0d\u7528\u52a0\u58d3)\u3002"
        },
        {
            "reply_id": "UgwDe9z-YuMk0ufq8IZ4AaABAg",
            "reply_content": "\u6211\u5c0d\u5f48\u73e0\u8d85\u4eba\u6700\u6df1\u7684\u5370\u8c61\u5c31\u662f\u5c0f\u6642\u5019\u6211\u6709\u4e00\u96bbPIEX\u8d85\u7121\u6575\u9cf3\u51f0\u865f-\u5b8c\u7f8e\u6a21\u5f0f\uff0c\u5a01\u529b\u5f37\u5230\u4e0d\u5c0f\u5fc3\u628a\u5bb6\u88e1\u7684\u9ebb\u5c07\u6253\u7206\uff0c\u7d50\u679c\u6211\u7684\u5c41\u80a1\u4e5f\u8ddf\u8457\u88ab\u6253\u7206\u4e86"
        },
        {
            "reply_id": "UgyI8Y-TLwSbHXY-enx4AaABAg",
            "reply_content": "\u88ab\u6f14\u7b97\u6cd5\u5e36\u4f86\u56de\u5473\u7ae5\u5e74\uff0c\u60f3\u7576\u521d\u6211\u63a5\u89f8\u5230\u7684\u5f48\u73e0\u8d85\u4eba\u4e5f\u662f\u89aa\u621a\u6dd8\u6c70\u7684(\u5c0d\uff0c\u5a01\u529b\u8ddf\u5c0f\u4fbf\u4e00\u6a23)\u3002\r\n\u4f46\u5728\u6211\u5de7\u624b\u6539\u9020\u5f48\u73e0\u5361\u69ab\u5f8c(\u5370\u8c61\u4e2d\u662f\u7528\u539a\u7d19\u677f\u588a\u9ad8\u4e0b\u65b9\u5851\u81a0\u4f7f\u958b\u53e3\u6536\u675f)\uff0c\u80fd\u76f4\u63a5\u8b8a\u51f6\u5668www\r\n\r\n\u53ea\u53ef\u60dc\u6642\u4ee3\u4e0d\u540c\uff0c\u5927\u5bb6\u5728\u760b\u7684\u662f\u8b8a\u5f62\u91d1\u525b\uff0c\u4e0d\u7136\u9019\u61c9\u8a72\u80fd\u5e6b\u5230\u5f88\u591a\u7aae\u903c\u5f48\u73e0\u9b25\u58ebxd"
        },
        {
            "reply_id": "UgyyXwtv6soEkqZXtit4AaABAg",
            "reply_content": "\u9019\u96bb\u4e09\u982d\u72ac\u5f88\u731b \u9084\u80fd\u6a61\u76ae\u7b4b\u5f04\u5f97\u8d85\u5f37"
        },
        {
            "reply_id": "Ugzr7PY3iIG2buIU5Sx4AaABAg",
            "reply_content": "\u771f\u7684\u4e0d\u53ef\u5426\u8a8d\u90a3\u6642\u5019\u73a9\u5177\u8ddf\u5361\u724c\u662f\u771f\u7684\u5f88\u91cd\u8981\uff0c\u8eab\u4e0a\u6c92\u6709\u5728\u73ed\u4e0a\u771f\u7684\u6c92\u5565\u4eba\u7de3\ud83d\ude02\ud83d\ude02"
        },
        {
            "reply_id": "UgzD1hX2-lmWxjz_9xF4AaABAg",
            "reply_content": "\u4e00\u5b9a\u8981\u770b\u6230\u9b25\u9640\u87ba"
        },
        {
            "reply_id": "UgyeVN2QQPVhfOE922t4AaABAg",
            "reply_content": "\u611f\u89ba\u8207\u5176\u8aaa\u60f3\u73a9\u904a\u6232\u9084\u4e0d\u5982\u8aaa\u6bd4\u8f03\u65b0\u6bd4\u8f03\u5f37\u7531\u65bc\u4ee5\u524d\u6c92\u6709\u9019\u6a23\u540c\u597d\u6240\u4ee5\u7121\u6cd5\u9ad4\u6703"
        },
        {
            "reply_id": "Ugzva_BaLqBCbutqy9B4AaABAg",
            "reply_content": "\u60f3\u554f\u6709\u4eba\u6709\u770b\u5f8c\u7e8c\u7684\u6230\u9b25\u5f48\u73e0\u4eba\u55ce\uff1f"
        },
        {
            "reply_id": "UgwPwFtNxzV3IYbxikh4AaABAg",
            "reply_content": "\u6211\u5c0f\u6642\u5019\u6d41\u884c\u7684\u662f\u70c8\u7130\u8056\u528d\u90a3\u4e00\u4ee3\uff0c\u5c0f\u6642\u5019\u4e5f\u8d85\u760b\u7684\u8cb7\u4e86\u597d\u5e7e\u96bb\uff08\u4e0d\u904e\u90fd\u76dc\u7248\u7684\u54c8\u54c8\uff0c\u5f8c\u4f86\u9084\u6709\u6d41\u884c\u7206\u4e38\uff5e"
        },
        {
            "reply_id": "UgySGSLqQZaitAhwZTB4AaABAg",
            "reply_content": "\u8a18\u5f97\u6709\u4e00\u96c6\u6bd4\u8cfd\u7684\u5c0d\u624b\u662f\u76f4\u63a5\u62ff\u9730\u5f48\u69cd\u53c3\u52a0\u5f48\u73e0\u8d85\u4eba\u7684\u4e09\u5c0d\u4e09\u5c0d\u6297\u8cfd... \u8d85\u626f\u7684\u69cd... \u4f60\u6c92\u4ecb\u7d39\u5230\u4ed6\u5011"
        },
        {
            "reply_id": "UgwTOcc19YTJf7cfIG94AaABAg",
            "reply_content": "\u6f2b\u756b\u8d85\u597d\u770b"
        },
        {
            "reply_id": "UgyelqqJXC8hUYfU5h94AaABAg",
            "reply_content": "\u5443\u2026\u2026\u2026\u2026\u5f48\u73e0\u4eba\n\u662f\u90a3\u500b\u53ef\u4ee5\u5f9e\u80f8\u53e3\u767c\u5c04\u5f48\u73e0\u7684\u5427\n\u6211\u53ea\u807d\u904e\u6bc0\u6ec5\u9ec3\u91d1\u9f8d\u800c\u5df2\n\u9084\u6709\u570b\u5916\u7684\u9b54\u6539\u7248\u771f\u7a7a\u7832\u5f48\u73e0\u4eba\uff08\u5f48\u73e0\u4eba\u7684\u6838\u5fc3\u63db\u6210\u771f\u7a7a\u7832\u585e\u5f48\u73e0\uff0c\u53ef\u4ee5\u6253\u7a7f\u9435\u6876\u76f4\u5954\u6f06\u5f48\u69cd\uff09\n\u5927\u5927\u53ef\u4ee5\u8aaa\u8aaanerf\u69cd\u55ce\uff1f\n\u6211\u7684\u7ae5\u5e74\n\u60f3\u7576\u521d\u5c0f\u6642\u5019\u6211\u770b\u7a0d\u5927\u4e00\u4e9b\u7684\u5c0f\u670b\u53cb\u62ff\u90a3\u500b\u4e92\u5c04\uff0c\u5c31\u975e\u5e38\u60f3\u8981\n\u5f8c\u9762\u4e5f\u662f\u6c89\u8ff7\u4e86\u4e00\u6bb5\u6642\u9593\n\u8a18\u5f97\u7576\u6642\u5c314\u6b3e\n\u7d93\u5178\uff08\u85cd\u6a58\u8272\u5b50\u5f48\uff09\n\u9ea5\u683c\u8fb2\uff08\u7d05\u8272\u5de8\u5f48\uff0c\u6253\u4eba\u8d85\u75db\uff09\n\u55aa\u5c4d\uff08\u9670\u5c4d\u8def\u806f\u540d\u6b3e\uff0c\u7da0\u8272\u5b50\u5f48\uff0c\u9084\u6709\u6d77\u7dbf\u96fb\u92f8\uff09\n\u57ce\u5e02\uff08\u8857\u982d\u7cfb\u5217\uff0c\u53ef\u4ee5\u642d\u914d\u914d\u4ef6\u6539\u88dd\uff0c\u9084\u6709\u9ec3\u8272\u6d77\u7dbf\u7403\u5b50\u5f48\uff09\n\u5f8c\u9762\u7684\u2026\u2026\u2026\u2026\u2026\u2026\u5df2\u7d93\u8b93\u4eba\u958b\u59cb\u61f7\u7591\u662f\u4e0d\u662f\u6bba\u4eba\u73a9\u610f\u4e86\uff08\u53ef\u4ee5\u5168\u81ea\u52d5\u5c31\u7b97\u4e86\u706b\u7bad\u70ae\u662f\u4ec0\u9ebc\u9b3c\uff0c\u9084\u6709\u6d77\u7dbf\u5200\uff09"
        },
        {
            "reply_id": "UgyaDx-io858L60dvNR4AaABAg",
            "reply_content": "\u5176\u5be6\u820a\u7248\u7684\u4e5f\u53ef\u4ee5\u5f88\u5f37XD\u7528\u624b\u6307\u593e\u7dca\u6263\u593e"
        }
    ]
}