{
    "video_info": {
        "id": "q7m2MJGCqOI",
        "channelTitle": "Onion Man",
        "title": "Onion Man | \u97cb\u79ae\u5b89-\u5982\u679c\u53ef\u4ee5  \u76e1\u91cf\u88dc\u8cbc\u88fd\u4f5c\u8cbb\u4e4b\u9ad8\u97f3\u8cea\u7d14\u4eab\u7248",
        "description": "\u5582~\u8d85\u5641\u5fc3\u7684\u5566\n\n\u3010\u8a02\u95b1\u3011\u53ca\u89c0\u770b\u6d0b\u8525\u66f4\u591a\u5f71\u7247: https://goo.gl/ijP3Eb\n\n\u5de5\u4f5c\u5408\u4f5c\uff1aonionmanwork@gmail.com\nOnion Man \u767e\u842c\u8ffd\u8e64\u7c89\u7d72\u5718:goo.gl/Z5CSvw\n\n\u6700\u65b0\u963f\u6587\u8cbc\u5716:https://reurl.cc/GxYjA\n\n\u7b2c\u4e00\u4ee3\u963f\u6587line\u8cbc\u5716:https://reurl.cc/Wroxx\n\n\u6d0b\u8525\u79c1\u751f\u6d3bIG:https://www.instagram.com/onionman__/\n\n\n\u904b\u52d5\u6f2b\u756b\u88e1\u7684\u4e2d\u4e8c\u8001\u6897\u5287\u60c5\n\u25ba\u7b2c\u4e00\u96c6:https://youtu.be/cMoV1rPH35k\n\u25ba\u7b2c\u4e8c\u96c6:https://youtu.be/iW7LM00lny0\n\u25ba\u7b2c\u4e09\u96c6:https://youtu.be/2G5wu61uCM0\n\u25ba\u7b2c\u56db\u96c6:https://youtu.be/-rP1abYv8n4\n\nOnion Man \u95dc\u9375\u5b57:\n\u4e2d\u4e8c \u80a5\u5b85 \u55ae\u8eab\u6f22 \u55ae\u8eab \u9b6f\u86c7 \u5c4c\u7d72 \u80a5\u5b85\n\n\u97cb\u79ae\u5b89 WeiBird\u300a\u5982\u679c\u53ef\u4ee5 Red Scarf\u300bMV - \u96fb\u5f71\u300c\u6708\u8001\u300d\u4e3b\u984c\u66f2\u5c0e\u6f14\u89aa\u526a\u97f3\u6a02\u8996\u89d2\u7248",
        "likeCount": "14116",
        "commentCount": "694",
        "viewCount": "731898"
    },
    "comments": [
        {
            "reply_id": "Ugwyk1C__V9o90tC8L94AaABAg",
            "reply_content": "\u5582~\u8d85\u5641\u5fc3\u7684\u5566"
        },
        {
            "reply_id": "UgytLsTDcdJ_WIz2FA14AaABAg",
            "reply_content": "\u8b93\u4ed6\u751f"
        },
        {
            "reply_id": "Ugzq3OnDX0KsVA9ISVJ4AaABAg",
            "reply_content": "\u6211\u4e5f\u5531\u5f97\u5f88\u597d"
        },
        {
            "reply_id": "Ugw4mNj1JrG_YfIcn_t4AaABAg",
            "reply_content": "\u770b\u5b8c\u8271\u82e6\u7684\u9304\u97f3\u5ba4\u4fee\u7df4\u518d\u4f86\u807d\u6b4c,\u6d0b\u8525\u771f\u7684\u662f\u8b19\u865b\u4e86~\u660e\u660e\u5c31\u5f88\u6703\u5531!\u4e5f\u592a\u597d\u807d\u4e86\u5427!"
        },
        {
            "reply_id": "UgwJN-BJY6iEtWBm6WV4AaABAg",
            "reply_content": "\u53ef\u4ee5\u5531\u60f3\u898b\u4f60\u60f3\u898b\u4f60\u60f3\u898b\u4f60\u55ce\ud83e\udd7a"
        },
        {
            "reply_id": "Ugx8lO8HyycUixKTRA54AaABAg",
            "reply_content": "\u73fe\u5728\u8ab0\u624d\u662f\u4e00\u7121\u662f\u8655\u7684\u80a5\u5b85\ud83e\udd72"
        },
        {
            "reply_id": "UgxgkQs4SdS6i_yHlDF4AaABAg",
            "reply_content": "\u597d\u597d\u807d\u554a"
        },
        {
            "reply_id": "Ugyp56LY3yOL_h5JDcF4AaABAg",
            "reply_content": "\u97cb\u79ae\u5b89"
        },
        {
            "reply_id": "Ugx5VJm0UDJnFF-_PgN4AaABAg",
            "reply_content": "\u7b49\u4e00\u4e0b\u88d9\u5b50\u662f\u600e\u6a23\uff1f"
        },
        {
            "reply_id": "Ugz39rWe2unNWzovz8J4AaABAg",
            "reply_content": "\u8d85\u7d1a\u597d\u807d"
        },
        {
            "reply_id": "Ugy5xHrLk2zLSvfipq54AaABAg",
            "reply_content": "\u963f\u6b0a: \u7b49\u7b49 \u70ba\u5565\u6211\u662f\u5973\u88dd? \u4f60\u958b\u73a9\u7b11\u4e0d\u8981\u66b4\u9732\u5c0d\u6211\u7684\u611b\u597d"
        },
        {
            "reply_id": "Ugw8KTB5vTWLi_KdMSB4AaABAg",
            "reply_content": "\u7fa8\u6155\u6703\u5531\u6b4c"
        },
        {
            "reply_id": "UgzB6eDXkbfDAjilah54AaABAg",
            "reply_content": "\u5982\u679c\u8aaa\u738b\u5fc3\u51cc\u662f\u6211\u570b\u5c0f\u570b\u4e2d\u7684\u9752\u6625 \u90a3\u6d0b\u8525\u5c31\u662f\u4f54\u64da\u6211\u5927\u5b78\u523028\u6b72\u7684\u6700\u7f8e\u4e8b\u7269\ud83d\ude0c\ud83d\ude0a \n\u4e0d\u7ba1\u662f\u5728\u7d93\u6b77\u4f4e\u8c37\u9084\u662f\u9806\u9042\u6642\uff0c\u90fd\u63d0\u4f9b\u6211\u6b61\u7b11\uff0c\u966a\u6211\u7d93\u6b77\u5206\u624b\u55ae\u8eab\u5230\u73fe\u5728\u627e\u5230\u53e6\u4e00\u534a\ud83e\udd23 \u5e0c\u671b\u6d0b\u8525\u53ef\u4ee5\u756b\u597d\u4e45\u597d\u4e45\uff5e\u966a\u6211\u5230\u7d50\u5a5a\ud83d\ude07\ud83d\ude42"
        },
        {
            "reply_id": "UgyUo1BsSynzLjTN-px4AaABAg",
            "reply_content": "\u975e\u5e38\u597d\u807d\u7684\u7d20\u4eba\u6b4c\u8072\uff0c\u6bd4\u4e00\u822c\u6703\u5531\u7684\u666e\u901a\u4eba\u8010\u807d"
        },
        {
            "reply_id": "Ugye5h62n34_ogRXzYR4AaABAg",
            "reply_content": "\u6d0b\u8525\u7684\u8072\u97f3\u5f88\u4e7e\u6de8\n\u9019\u500b\u771f\u8aa0\u7684\u8072\u97f3\u53ef\u4ee5\u540c\u6642\u914d\u51fa78\u6d0b\u8525\u3001\u5ee2\u7269\u535a\u921e\u8ddf\u53ef\u611b\u963f\u6587\n\n\n\u660e\u986f\u662f\u500b\u72e0\u89d2\u8272"
        },
        {
            "reply_id": "UgxTVOrRONQr0mpMcAZ4AaABAg",
            "reply_content": "\u6211\u4e5f\u611f\u5192\u4e86\u54c8\u54c8\u54c8"
        },
        {
            "reply_id": "Ugx1UPXyUzo2hjfWVSR4AaABAg",
            "reply_content": "\u9019\u8072\u97f3\u6211\u611b\u4e86"
        },
        {
            "reply_id": "UgxDduIfAP4H7IGHUxp4AaABAg",
            "reply_content": "\u6bd4\u539f\u5531\u597d\u807d\u8036\ud83e\udd70"
        },
        {
            "reply_id": "Ugwcow1hAeDMOPI_GmJ4AaABAg",
            "reply_content": "\u70ba\u4ec0\u9ebc\u6211\u8166\u888b\u90fd\u662f\u963f\u6587 \u908a\u6d17\u6fa1\u908a\u5531\u6b4c\u7684\u6a23\u5b50"
        },
        {
            "reply_id": "UgzdLEckW2q90zl37k94AaABAg",
            "reply_content": "\u771f\u7684\u662f \u5531\u8df3\u6b4c\u624b\u6d0b\u8525"
        }
    ]
}