{
    "video_info": {
        "id": "RDGzSL7aCDY",
        "channelTitle": "Onion Man",
        "title": "Onion Man | \u9577\u7684\u919c\u6709\u7f6a\u55ce?? \u5c07\u4e16\u4e0a\u7684\u842c\u4eba\u8ff7\u5168\u6d88\u6ec5\uff01\u5275\u9020\u4e00\u500b\u516c\u5e73\u7684\u793e\u6703\uff01\uff01",
        "description": "\u5f48\u6307\u8b93\u4e16\u4e0a\u7684\u5e25\u54e5\u7f8e\u5973\u6d88\u5931\uff0c\u8b8a\u6210\u4e00\u500b\u6c92\u6709\u5927\u5c0f\u773c\u7684\u4e16\u754c!!\n\n\u3010\u8a02\u95b1\u3011\u53ca\u89c0\u770b\u6d0b\u8525\u66f4\u591a\u5f71\u7247: https://goo.gl/ijP3Eb\n\n\u5de5\u4f5c\u5408\u4f5c\uff1aonionmanwork@gmail.com\nOnion Man \u767e\u842c\u8ffd\u8e64\u7c89\u7d72\u5718:goo.gl/Z5CSvw\n\n\u6700\u65b0\u963f\u6587\u8cbc\u5716:https://reurl.cc/GxYjA\n\n\u7b2c\u4e00\u4ee3\u963f\u6587line\u8cbc\u5716:https://reurl.cc/Wroxx\n\n\u6d0b\u8525\u79c1\u751f\u6d3bIG:https://www.instagram.com/onionman__/\n\n\n\u904b\u52d5\u6f2b\u756b\u88e1\u7684\u4e2d\u4e8c\u8001\u6897\u5287\u60c5\n\u25ba\u7b2c\u4e00\u96c6:https://youtu.be/cMoV1rPH35k\n\u25ba\u7b2c\u4e8c\u96c6:https://youtu.be/iW7LM00lny0\n\u25ba\u7b2c\u4e09\u96c6:https://youtu.be/2G5wu61uCM0\n\u25ba\u7b2c\u56db\u96c6:https://youtu.be/-rP1abYv8n4\n\nOnion Man \u95dc\u9375\u5b57:\n\u4e2d\u4e8c \u80a5\u5b85 \u55ae\u8eab\u6f22 \u55ae\u8eab \u9b6f\u86c7 \u5c4c\u7d72 \u80a5\u5b85",
        "likeCount": "9575",
        "commentCount": "1621",
        "viewCount": "480618"
    },
    "comments": [
        {
            "reply_id": "UgwfGVwjOabsXprtGpB4AaABAg",
            "reply_content": "\u6574\u5929\u88ab\u5641\u7537\u9a37\u64fe\u88ab\u8272\u60c5\u773c\u5149\u770b\u5f85\u4e5f\u5f88\u75db\u82e6\u5427"
        },
        {
            "reply_id": "UgzhOu-uMRCS_q9psr54AaABAg",
            "reply_content": "\u6d0b\u8525\u597d\u72e0\uff0c\u81ea\u5df1\u4e5f\u6d88\u5931\u4e86\u54c8\u54c8\u54c8\u54c8\ud83d\ude02"
        },
        {
            "reply_id": "Ugz6YeF2TPp8mK5KKG14AaABAg",
            "reply_content": "\u70ba\u4ec0\u9ebc\u4e0d\u8981\u4e7e\u8106\u5f48\u6307\u8b93\u5927\u5bb6\u90fd\u8b8a\u597d\u770b\uff1f"
        },
        {
            "reply_id": "UgyN8r0f7iFR4kmiE_B4AaABAg",
            "reply_content": "\u9019\u6bd4\u7d42\u5c40\u4e4b\u6230\u9084\u6709\u6df1\u5ea6"
        },
        {
            "reply_id": "Ugw6cYzEqOwRzvLWNQR4AaABAg",
            "reply_content": "\u6211\u7684\u5916\u8868\u61c9\u8a72\u7b97\u4e2d\u4e0a\u4e00\u9ede\u9ede\uff0c\u6bcf\u6b21\u53ea\u8981\u8ddf\u7570\u6027\u592a\u597d\uff0c\u7136\u5f8c\u8b1b\u8a71\u592a\u89aa\u8fd1\u4ec0\u9ebc\u7684\uff0c\u904e\u6c92\u591a\u4e45\u5c31\u6703\u88ab\u544a\u767d\uff0c\u6709\u670b\u53cb\u8aaa\uff0c\u662f\u6211\u8aaa\u8a71\u592a\u4e2d\u592e\u7a7a\u8abf\uff0c\u5bb9\u6613\u8b93\u4eba\u8aa4\u6703\uff0c\u4f46\u771f\u7684\u4e5f\u6c92\u90a3\u610f\u601d\uff0c\u7e3d\u4e4b\u6709\u6642\u5019\u883b\u56f0\u64fe\u7684\uff0c\u5c31\u8b8a\u5f97\u8981\u8ddf\u4eba\u4fdd\u6301\u8ddd\u96e2\uff0c\u624d\u4e0d\u6703\u88ab\u8aa4\u6703\u3002:("
        },
        {
            "reply_id": "UgwlVrva0IP-WuImSK94AaABAg",
            "reply_content": "\u7537\u5973\u4e4b\u9593\u6709\u7d14\u53cb\u8abc\uff0c\u4f46\u8981\u6709\u500b\u689d\u4ef6\uff0c\u53ea\u6709\u5403\u4e0d\u4e0b\u53bb!\u624d\u6703\u6709\u7d14\u53cb\u8abc"
        },
        {
            "reply_id": "Ugz8lbHiAXTLZvWQKKN4AaABAg",
            "reply_content": "\u9084\u597d\u5427 \u666e\u7537\u5c31\u627e\u666e\u59b9\u963f  \u666e\u7537\u666e\u59b9\u7684\u4eba\u6578\u9084\u662f\u5360\u5927\u591a\u6578"
        },
        {
            "reply_id": "Ugw4uMFKPFdgcGncC414AaABAg",
            "reply_content": "\u6211\u4e0d\u662f\u7279\u5225\u6b63\uff0c\u53ef\u662f\u9019\u5f71\u7247\u597d\u50cf\u5728\u8aaa\u6211\ud83d\ude22\u6bcf\u6bcf\u4ea4\u5230\u65b0\u670b\u53cb\uff0c\u90fd\u662f\u8981\u8ffd\u6211\uff0c\u4fdd\u6301\u8ddd\u96e2\u6216\u8005\u62d2\u7d55\u4e4b\u5f8c\u9019\u500b\u670b\u53cb\u5c31\u6c92\u4e86"
        },
        {
            "reply_id": "UgzdJX2MRa5YyrSBn1V4AaABAg",
            "reply_content": "\u6700\u6dd2\u6158\u7684\u5c31\u662f\u9023\u666e\u90fd\u6c92\u6709\uff0c\u53c8\u77ee\u53c8\u919c\u53c8\u7aae\u5f9e\u5c0f\u5230\u5927\u75db\u82e6\u7684\u6d3b\u845722\u5e74\u9023\u7e8c\u597d\u5e7e\u6b21\u88ab\u73ed\u4e0a\u5973\u751f\u5acc\u919c\u9577\u5927\u5f8c\u624d\u610f\u8b58\u5230\u919c\u771f\u7684\u5c31\u662f\u539f\u7f6a\u4ec0\u9ebc\u6d3b\u7684\u6f02\u4eae\u7f8e\u597d\u7684\u6b0a\u5229\u90fd\u4e0d\u914d\u4ec0\u9ebc\u75db\u82e6\u90fd\u53ea\u80fd\u5f80\u809a\u5b50\u88e1\u541e\uff0c\u6700\u5f8c\u53ea\u80fd\u9ed8\u9ed8\u7121\u805e\u7684\u627e\u500b\u5730\u65b9\u6b7b\u53bb\u4e0d\u8981\u9ebb\u7169\u5230\u5176\u4ed6\u4eba\u6216\u8a31\u5c0d\u9019\u500b\u793e\u6703\u624d\u662f\u6700\u597d\u7684\u3002"
        },
        {
            "reply_id": "UgwC7mBwX0MWNnMQsIN4AaABAg",
            "reply_content": "\u5973\u751f\u8ddf\u5973\u751f\u6216\u7537\u751f\u8ddf\u7537\u751f\u9664\u975e\u662f\u7532\u7532\u4e0d\u7136\u4e00\u5b9a\u7d14"
        },
        {
            "reply_id": "UgwNIvT0OiQtOcX_4Gl4AaABAg",
            "reply_content": "\u6211\u59d0\u5c31\u662f\u4ece\u5c0f\u6f02\u4eae \u5f88\u591a\u7537\u7684\u4f1a\u559c\u6b22\u7684\u7c7b\u578b \u4f46\u5979IG\u603b\u662f\u6536\u5230\u4e00\u4e9b\u964c\u751f\u7537\u4eba\u7684\u540a\u7167\u548c\u5947\u602a\u7537\u8dd1\u5230\u5979\u5bb6\u697c\u4e0b\u8e72\u5979  \u6211\u5c31\u518d\u4e5f\u6ca1\u7fa1\u6155\u8fc7\u8fd9\u79cd\u7279\u8d28\u4e86\ud83d\ude22"
        },
        {
            "reply_id": "Ugzq0ToSk5_reqKY_5t4AaABAg",
            "reply_content": "\u56e0\u70ba\u9577\u5f97\u666e\u901a\u4e0d\u4ee3\u8868\u773c\u5149\u666e\u901a\uff0c\u6240\u4ee5\u624d\u6703\u66f4\u52a0\u7fa8\u6155\u5225\u4eba\uff0c\u4e0d\u7518\u5fc3\u666e\u901a\u4f46\u4e5f\u4e92\u76f8\u5acc\u68c4\uff0c\u9664\u975e\u771f\u7684\u5230\u9577\u5f97\u5f88\u8a87\u5f35\u6216\u662f\u4ea4\u53cb\u5708\u771f\u7684\u5f88\u5c0f\uff0c\u4e0d\u7136\u61c9\u8a72\u90fd\u9084\u662f\u80fd\u4ea4\u5230\u53e6\u4e00\u534a\u7684\ud83d\ude02"
        },
        {
            "reply_id": "UgyYHHIKiGbBnFER-tl4AaABAg",
            "reply_content": "\u5e25\u54e5\u5f88\u591a\u7f8e\u5973\u5f88\u5c11"
        },
        {
            "reply_id": "UgyLm_6kYrOxqxwKu-h4AaABAg",
            "reply_content": "\u4e7e \u4f60\u6d88\u5931\u4ec0\u4e48\u5566 \u7b11\u6b7b"
        },
        {
            "reply_id": "UgxmL5TQN4UQnsB-D8B4AaABAg",
            "reply_content": "\u5947\u602a \u6d0b\u8525\u4e0d\u8a72\u6d88\u5931\u554a"
        },
        {
            "reply_id": "Ugw9PV2HaxOTEM8MeR14AaABAg",
            "reply_content": "\u5e79\u53c8\u81ea\u80a5"
        },
        {
            "reply_id": "Ugxp6O7a0dKR3oihz_x4AaABAg",
            "reply_content": "\u5225\u54ed\uff0c\u919c\u7537 \u662f\u4e09\u5c0f\u5566\u54c8\u54c8\u54c8\u54c8"
        },
        {
            "reply_id": "Ugx2kxV6Vp4S5PPMtnR4AaABAg",
            "reply_content": "\u7167\u5287\u60c5\u7684\u8a71\uff0c\u5e25\u54e5\u7f8e\u5973\u90fd\u6d88\u5931\uff0c\u54ea\u4f60\u8ffd\u7684\u4eba\u4e0d\u5c11\u4e5f\u6d88\u5931\uff1f"
        },
        {
            "reply_id": "Ugwhb5r_oFhTJv7_FzJ4AaABAg",
            "reply_content": "\u6d0b\u8525\u70ba\u4ec0\u9ebc\u6703\u6d88\u5931"
        },
        {
            "reply_id": "UgzH239qVPkwgEitj9F4AaABAg",
            "reply_content": "\u6d0b\u8525\u4f60\u6562\u8aaa\u4f60\u5e25\u5594\u5c45\u7136\u6d88\u5931"
        }
    ]
}