{
    "video_info": {
        "id": "rSa1Qm_HUj0",
        "channelTitle": "Onion Man",
        "title": "Onion Man | Onion Man | \u5c0f\u6642\u5019\u6700\u611b\u6ce1\u5728\u6e6f\u59c6\u718a\u4e86!! \u904a\u6a02\u5834\u56de\u61b6\u7bc7!!",
        "description": "\u4ee5\u524d\u53bb\u6e6f\u59c6\u718a\u8d85\u5bb9\u6613\u9047\u5230\u9ad8\u624b\u5927\u53d4\u90fd\u88ab\u96fb\u5047\u7684\u2026\n\u904a\u6232\u4e0b\u8f09\u9023\u7d50\uff1ahttps://streetfighterduel.onelink.me/azTX/onionman\n\n\u300a\u5feb\u6253\u65cb\u98a8\uff1a\u5c0d\u6c7a\u300b\u71b1\u8840\u958b\u670d\u4e2d\uff01\n\u5b8c\u6210\u958b\u670d\u6d3b\u52d5\u6700\u9ad8\u53ef\u7372\u5f97108\u62bd\uff0c\u4ee5\u53ca4\u500bA\u7d1a\u683c\u9b25\u5bb6\uff01\n\n#\u5feb\u6253\u65cb\u98a8\u5c0d\u6c7a #\u91cd\u71c3\u8857\u982dKO\u4e00\u5207\n\n\u3010\u8a02\u95b1\u3011\u53ca\u89c0\u770b\u6d0b\u8525\u66f4\u591a\u5f71\u7247: https://goo.gl/ijP3Eb\n\n\u5de5\u4f5c\u5408\u4f5c\uff1aonionmanwork@gmail.com\nOnion Man \u767e\u842c\u8ffd\u8e64\u7c89\u7d72\u5718:goo.gl/Z5CSvw\n\n\u6700\u65b0\u963f\u6587\u8cbc\u5716:https://reurl.cc/GxYjA\n\n\u7b2c\u4e00\u4ee3\u963f\u6587line\u8cbc\u5716:https://reurl.cc/Wroxx\n\n\u6d0b\u8525\u79c1\u751f\u6d3bIG:https://www.instagram.com/onionman__/\n\n\n\u904b\u52d5\u6f2b\u756b\u88e1\u7684\u4e2d\u4e8c\u8001\u6897\u5287\u60c5\n\u25ba\u7b2c\u4e00\u96c6:https://youtu.be/cMoV1rPH35k\n\u25ba\u7b2c\u4e8c\u96c6:https://youtu.be/iW7LM00lny0\n\u25ba\u7b2c\u4e09\u96c6:https://youtu.be/2G5wu61uCM0\n\u25ba\u7b2c\u56db\u96c6:https://youtu.be/-rP1abYv8n4\n\nOnion Man \u95dc\u9375\u5b57:\n\u4e2d\u4e8c \u80a5\u5b85 \u55ae\u8eab\u6f22 \u55ae\u8eab \u9b6f\u86c7 \u5c4c\u7d72 \u80a5\u5b85",
        "likeCount": "8305",
        "commentCount": "790",
        "viewCount": "476938"
    },
    "comments": [
        {
            "reply_id": "UgxSvP9eVC6GwevGxJl4AaABAg",
            "reply_content": "\u597d\u60f3\u770b\u6d0b\u8525\u6253\u5feb\u62536"
        },
        {
            "reply_id": "UgzVG3nz83ODNVAX4b94AaABAg",
            "reply_content": "\u770b\u5230\u4e2d\u9593\u5c31\u767c\u73fe\u662f\u696d\u914d\u4e86\uff0c\u6d0b\u8525\u5c0f\u6642\u5019\u7684\u6a5f\u53f0\u57fa\u672c\u4e0a\u90fd\u662fKOF\uff0c\u5df2\u7d93\u904e\u4e86\u5feb\u6253\u65cb\u98a82\u7684\u9ec3\u91d1\u6642\u671f"
        },
        {
            "reply_id": "UgzkDjvvT69sIZvewcR4AaABAg",
            "reply_content": "\u4ee5\u524d\u53bb\u73a9\u84bc\u7ffc\u9ed8\u793a\u9304 \u597d\u50cf\u5feb\u6253\u65cb\u98a8\u683c\u9b25\u985e\u7684\u904a\u6232"
        },
        {
            "reply_id": "UgxPVKa--AFuWNa-S5J4AaABAg",
            "reply_content": "\u683c\u9b25\u904a\u6232\u6539\u6210\u9019\u6a23\uff0c\u5929\u624d\u3002"
        },
        {
            "reply_id": "UgxOdDYJyIMOwkvJ3-94AaABAg",
            "reply_content": "\u7d71\u9818\u904a\u6a02\u5834"
        },
        {
            "reply_id": "UgwyMQJ1pLZJ9exjLt54AaABAg",
            "reply_content": "\u9019\u662f\u6211\u770b\u904e\u6700\u7121\u9055\u548c\u7684\u696d\u914dww"
        },
        {
            "reply_id": "UgymUwdKdrFLaa1lDkZ4AaABAg",
            "reply_content": "\u55ef\uff5e\u696d\u914d\u4f86\u5f97\u5c31\u662f\u90a3\u9ebc\u7684\u7a81\u7136\uff0c\u660e\u986f\u662f\u500b\u72e0\u89d2\u8272"
        },
        {
            "reply_id": "Ugyeh5-rsRrL_7eW5Ul4AaABAg",
            "reply_content": "\u70ba\u4ec0\u9ebc\u5feb\u6253\u65cb\u98a8\u53ef\u4ee5\u77ac\u9593\u79fb\u52d5\uff1f"
        },
        {
            "reply_id": "UgyVJTaHvWvIw91XXAh4AaABAg",
            "reply_content": "\u6d0b\u8525\u9019\u6bb5\u600e\u548c\u6211\u4e00\u6a23\uff0c\u7d71\u98189\u6a13\u6e6f\u59c6\u718a\u2026"
        },
        {
            "reply_id": "Ugx1qoqL7A4EVPsmsK94AaABAg",
            "reply_content": "\u5c0f\u6642\u5019\u73a9\u6389\u5f69\u7968\n\u9577\u5927\u5f8c\u73a9\u6389\u4ee3\u5e63"
        },
        {
            "reply_id": "Ugwy9_fjiki6Ceouk5Z4AaABAg",
            "reply_content": "\u6211\u90fd\u4e0d\u77e5\u9053\u7d71\u9818\u6709\u6e6f\u59c6\u718a"
        },
        {
            "reply_id": "Ugzb3rF5uvov1fgfgnV4AaABAg",
            "reply_content": "\u9084\u8a18\u5f97\u5c0f\u6642\u5019\u8ddf\u54e5\u54e5\u8dd1\u9032\u8ced\u535a\u5340\u73a9\u62c9\u9738\u6a5f\uff0c\u7136\u5f8c\u83ab\u540d\u4e2d\u5927\u734e\uff0c\u72c2\u5674\u4ee3\u5e63\u51fa\u4f86\uff0c\u888b\u5b50\u88dd\u5230\u6211\u63d0\u4e0d\u8d77\u4f86\uff0c\u8d85\u723dXD"
        },
        {
            "reply_id": "UgzNIRLgcOpPV9S28tR4AaABAg",
            "reply_content": "\u696d\u914d \u72e0\u89d2\u8272"
        },
        {
            "reply_id": "Ugw7UCddVYziqL-Fh2N4AaABAg",
            "reply_content": "\u4f60\u8fd9\u4e2a\u89c6\u9891\u4e0a\u5e7f\u544a\u4e86\uff01"
        },
        {
            "reply_id": "UgzXO2dNk4Ql2c1QKcB4AaABAg",
            "reply_content": "\u684c\u4e0a\u66f2\u68cd\u7403\u662f\u6211\u5c0f\u6642\u5019\u7684\u6700\u611b\uff01"
        },
        {
            "reply_id": "UgztIQDVpi3hpTYUV0x4AaABAg",
            "reply_content": "1:18 \u904a\u6232\u8f38\u4e86\u5c31\u548c\u5f6c\u5f6c\u4e00\u6a23\u4e0d\u60f3\u73a9\u4e86\u7684\u963f\u7693\u5c31\u662f\u905c\u5566"
        },
        {
            "reply_id": "UgwPudslYQrHQwfKNJJ4AaABAg",
            "reply_content": "\u6d17\u8863\u6a5f\u6572\u8d77\u4f86\uff01"
        },
        {
            "reply_id": "UgzmDvGjnGhlN3cgMRV4AaABAg",
            "reply_content": "\u70ba\u4f55\u9019\u53ea\u5f71\u7247\u6703\u5361\uff0c\u5176\u4ed6\u5f71\u7247\u4e0d\u6703\u5361\uff1f"
        },
        {
            "reply_id": "UgxBkE9LvzRNZ6XXoCF4AaABAg",
            "reply_content": "\u4ee5\u524d\u8d85\u5e38\u53bb\u6e6f\u59c6\u718a\u73a9\u97f3\u904a\u7684 \u6216\u662f\u770b\u5225\u4eba\u73a9 \u597d\u61f7\u5ff5\ud83d\ude02"
        },
        {
            "reply_id": "UgzQEKjORfNff_d6bTR4AaABAg",
            "reply_content": "\u63a8\u5e63\u6a5f"
        }
    ]
}