{
    "video_info": {
        "id": "rUilELXTHyQ",
        "channelTitle": "Onion Man",
        "title": "Onion Man | \u88ddB\u738b\u963f\u7693\u7bc7\uff01\u4eba\u8a2d\u8b8a\u4f86\u8b8a\u53bb\u7684\u670b\u53cb\uff1f  | \u771f\u5be6\u6545\u4e8b\u7cfb\u5217",
        "description": "\u4e00\u500b\u6574\u5929\u6027\u60c5\u5927\u8b8a\u7684\u7169\u8e81\u670b\u53cb\uff0c\u73fe\u5728\u56de\u60f3\u8d77\u4f86\u771f\u6709\u8da3\n\n\u300a\u9b54\u9748\u53ec\u559a\uff1a\u5929\u7a7a\u4e4b\u5f79\u300bRELOADED\u5927\u898f\u6a21\u66f4\u65b0\u6539\u7248\n\u7b26\u6587\u5f37\u5316\u96f6\u5931\u6557\u4e00\u9375\u6eff\u7d1a\uff0c\u9b54\u7926\u4e5f\u6eff\u7d1a\u6389\u843d\u514d\u5347\u7d1a\n\u9b54\u9748\u9032\u5316\u8981\u7df4\u80a5\u5806\u80a5\u4e5f\u5df2\u6210\u70ba\u6b77\u53f2\n\u5168\u65b0\u7cbe\u9748\u5730\u4e0b\u57ce\u958b\u555f\uff0c\u5de8\u4eba\u548c\u9f8d\u5730\u4e0b\u57ce\u4e5f\u63a8\u51fa\u6df1\u6df5\u4e4b\u5c64\n\u5168\u65b0\u5169\u7a2e\u7b26\u6587\u300c\u5c01\u5370\u300d\u548c\u300c\u7121\u5f62\u300d\u767b\u5834\uff0c\u66f4\u591a\u5143\u7684\u73a9\u6cd5\u8003\u9a57\u4f60\u7684\u7b56\u7565\u601d\u7dad\n\u9084\u6709\u5168\u65b0\u9b54\u9748\u5f37\u52e2\u4f86\u8972\uff0c\u9583\u96fb\u822c\u7684\u653b\u64ca\u53f1\u5412\u5168\u5834\n\u73fe\u5728\u767b\u5165\u5c31\u9001\u6539\u7248\u597d\u5eb7\uff0c100%\u53ec\u559a5\u661f\u7684\u300c\u8d85\u8d8a\u53ec\u559a\u66f8\u300d\n\u4e00\u8d77\u300c\u7a81\u7834\u9650\u754c\u300d\u524d\u5f80\u300c\u5168\u65b0\u9818\u57df\u300d\uff01\n\n\u7acb\u5373\u4e0b\u8f09\uff1ahttps://summonerswar-skyarena.onelink.me/8GbS/31odlwir\n\n\u3010\u8a02\u95b1\u3011\u53ca\u89c0\u770b\u6d0b\u8525\u66f4\u591a\u5f71\u7247: https://goo.gl/ijP3Eb\n\n\u5de5\u4f5c\u5408\u4f5c\uff1aonionmanwork@gmail.com\nOnion Man \u767e\u842c\u8ffd\u8e64\u7c89\u7d72\u5718:goo.gl/Z5CSvw\n\n\u6700\u65b0\u963f\u6587\u8cbc\u5716:https://reurl.cc/GxYjA\n\n\u7b2c\u4e00\u4ee3\u963f\u6587line\u8cbc\u5716:https://reurl.cc/Wroxx\n\n\u6d0b\u8525\u79c1\u751f\u6d3bIG:https://www.instagram.com/onionman__/\n\n\n\u904b\u52d5\u6f2b\u756b\u88e1\u7684\u4e2d\u4e8c\u8001\u6897\u5287\u60c5\n\u25ba\u7b2c\u4e00\u96c6:https://youtu.be/cMoV1rPH35k\n\u25ba\u7b2c\u4e8c\u96c6:https://youtu.be/iW7LM00lny0\n\u25ba\u7b2c\u4e09\u96c6:https://youtu.be/2G5wu61uCM0\n\u25ba\u7b2c\u56db\u96c6:https://youtu.be/-rP1abYv8n4\n\nOnion Man \u95dc\u9375\u5b57:\n\u4e2d\u4e8c \u80a5\u5b85 \u55ae\u8eab\u6f22 \u55ae\u8eab \u9b6f\u86c7 \u5c4c\u7d72 \u80a5\u5b85",
        "likeCount": "5459",
        "commentCount": "268",
        "viewCount": "341648"
    },
    "comments": [
        {
            "reply_id": "UgzC-IqiVobY4Uoedut4AaABAg",
            "reply_content": "\u6703\u4e0d\u6703\u5176\u5be6\u662f\u96d9\u80de\u80ce\uff08\u4e26\u6c92\u6709\ud83d\ude02"
        },
        {
            "reply_id": "Ugw38Stp5VCg1Ce80Xh4AaABAg",
            "reply_content": "\u8ddf\u6211\u90a3\u908a\u4e00\u500b\u7693\u5446\u5f88\u50cf"
        },
        {
            "reply_id": "Ugy_hRlIGDoIa62E-zl4AaABAg",
            "reply_content": "\u5e79 \u6211\u5c31\u6709\u9810\u611f\u662f\u696d\u914d \u4f46\u6211\u7adf\u7136\u4e0d\u6392\u65a5"
        },
        {
            "reply_id": "UgwQy3N9OHmkWCZZGfN4AaABAg",
            "reply_content": "\u4e0d\u8981\u5ffd\u7136\u696d\u914d\u5566\uff0c\u4f9b\u5c71\u5c0f"
        },
        {
            "reply_id": "UgxpB49SadWmSCFlRyB4AaABAg",
            "reply_content": "\u963f\u7693\u662f\u6b66\u9675\u7684\u55ce"
        },
        {
            "reply_id": "Ugzv2AAEINMEyN4yiw14AaABAg",
            "reply_content": "\u6d0b\u8525\u9019\u7bc7\u6709\u7a2e\u8aaa\u4e0d\u4e0a\u4f86\u7684\u611f\u89ba\uff0c\u4e0d\u77e5\u9053\u662f\u610f\u7336\u672a\u76e1\u9084\u662f\u523b\u756b\u7684\u4e0d\u5920\u6df1\u5165"
        },
        {
            "reply_id": "UgxuNVC4L0DFpO_F7nx4AaABAg",
            "reply_content": "\u4f3c\u4e4e\u6bcf\u500b\u4eba\u7684\u8eab\u908a \u90fd\u6703\u6709\u4e00\u4f4d\u963f\u7693"
        },
        {
            "reply_id": "Ugzk17al3bZbPGc355F4AaABAg",
            "reply_content": "\u4e0d\u8fc7\u8bdd\u8bf4\u56de\u6765\uff0c\u4ed6\u53d8\u54ea\u4e2a\u4eba\u8bbe\u90fd\u4e0d\u5173\u522b\u4eba\u7684\u4e8b\uff0c\u63a5\u53d7\u6216\u4e0d\u63a5\u53d7\u662f\u522b\u4eba\u7684\u4e8b\ud83d\ude02"
        },
        {
            "reply_id": "UgzIHHc32vbLJtXfVkF4AaABAg",
            "reply_content": "\u6bcf\u6b21\u7a81\u7136\u696d\u914d\u7684\u6642\u5019\n\u6211\u8d85\u60f3\u7d66\u4e00\u62f3\u300c\u5e79 \u5317\u721b\u6b50\u300d"
        },
        {
            "reply_id": "Ugwpa70AEJJvgyJbqkd4AaABAg",
            "reply_content": "\u9019\u7a2e\u4eba\u5c31\u662f\u7f3a\u4e4f\u81ea\u6211\u7f3a\u4e4f\u4e2d\u5fc3\u601d\u60f3\u7684\u4eba\uff0c\u6240\u4ee5\u5f88\u5e38\u8b8a\u4f86\u8b8a\u53bb\uff0c\u524d\u9014\u8ff7\u832b\uff0c\u627e\u4e0d\u5230\u81ea\u5df1"
        },
        {
            "reply_id": "UgybMp3MhvrNBHDK8sF4AaABAg",
            "reply_content": "\u9019\u662f\u8d85\u4e2d\u4e8c\u8868\u73fe\u5427\ud83d\ude02"
        },
        {
            "reply_id": "Ugzj9owsNtB5mqVMtFl4AaABAg",
            "reply_content": "\u6d0b\u8525\u6709\u963f\u5b78~"
        },
        {
            "reply_id": "UgwNr2LklQpjRPCKbAJ4AaABAg",
            "reply_content": "\u81ea\u9589\u771f\u7684\u4e0d\u662f\u6211\u9858\u610f \u6211\u4e5f\u60f3\u7cfe\u4e00\u5806\u4eba\u51fa\u4f86\u559d\u9152\u70e4\u8089\u9732\u71df\u751a\u9ebc\u7684 \u4f46\u6bcf\u6b21\u6709\u9019\u500b\u60f3\u6cd5\u904e\u4e860.001\u79d2\u5f8c\u8166\u5167\u5c31\u6703\u81ea\u52d5\u6d6e\u73fe\u597d\u7d2f\u5169\u500b\u5b57"
        },
        {
            "reply_id": "Ugwojy0MRWwgZ_qoKVR4AaABAg",
            "reply_content": "\u771f\u7684\u4e00\u9663\u5b50\u53bb\u540c\u5b78\u6703\uff01\u5c31\u89ba\u5f97\u5927\u5bb6\u90fd\u4e0d\u4e00\u6a23\u4e86\ud83d\ude02\u83ab\u540d\u7684\u611f\u52d5\u6642\u9593\u771f\u5feb\ud83d\ude0a"
        },
        {
            "reply_id": "Ugyf02MBvGOfMt7eo4x4AaABAg",
            "reply_content": "\u6d0b\u8525\u756b\u51fa\u4f86\u771f\u7684\u597d\u597d\u7b11"
        },
        {
            "reply_id": "UgxYvAu6kRCM4lIRA9x4AaABAg",
            "reply_content": "\u770b\u8d77\u4f86\u597d\u50cf\u5728\u4ecb\u7d39\u554a\u6d69\u7684\u4e00\u751f\u3001\u7d50\u679c\u662f\u505a\u904a\u6232\u696d\u914d\u3001\u660e\u986f\u662f\u500b\u72e0\u89d2\u8272\ud83d\ude1d\ud83d\ude1d\ud83d\ude1d"
        },
        {
            "reply_id": "Ugy8I2KuXlpevUQcjfl4AaABAg",
            "reply_content": "\u963f\u7693\u5176\u5be6\u6eff\u53ef\u611b\u7684\uff0c\u6709\u4e00\u76f4\u52aa\u529b\u6539\u8b8a\u81ea\u5df1\u611f\u89ba\u54c8\u54c8\u54c8"
        },
        {
            "reply_id": "Ugx-X-u6_SuVZEaFp814AaABAg",
            "reply_content": "\u6211"
        },
        {
            "reply_id": "UgwcLVhB8ZQJnfxZurF4AaABAg",
            "reply_content": "\u963f\u7693\u9577\u5927\u4e4b\u5f8c\u7684\u982d\u578b\u4e0d\u592a\u5999\u6b38.."
        },
        {
            "reply_id": "UgzfNzo6L-pX_LI3d2J4AaABAg",
            "reply_content": "\u611f\u89ba\u9019\u985e\u4eba\u5fc3\u7406\u58d3\u529b\u61c9\u8a72\u5f88\u5927\ud83d\ude0a"
        }
    ]
}