{
    "video_info": {
        "id": "shBm0VGm0Is",
        "channelTitle": "Onion Man",
        "title": "Onion Man | \u7537\u4eba\u9b45\u529b\u6392\u884c\u699c(\u4e00)  \u4e00\u8d77\u4fee\u7149\u8b8a\u5e25\u5427!!  | \u4e2d\u4e8c\u9023\u7e8c\u5287",
        "description": "\u5e7e\u4f4d\u670b\u53cb\uff0c\u7528\u76e1\u5404\u7a2e\u65b9\u5f0f\u4fee\u7149\u8b8a\u5e25\u4e26\u7af6\u722d\u7684\u6545\u4e8b\n\u6bcf\u500b\u4eba\u90fd\u62ff\u51fa\u58d3\u7bb1\u6cd5\u5bf6\uff0c\u53ea\u70ba\u4e86\u4e0d\u843d\u4eba\u5f8c\n\n \u7537\u4eba\u9b45\u529b\u6392\u884c\u699c(\u4e8c):https://www.youtube.com/watch?v=my_YjN27wEI\n \u7537\u4eba\u9b45\u529b\u6392\u884c\u699c(\u4e09): https://www.youtube.com/watch?v=MF2spflT1Uo\n\n\u3010\u8a02\u95b1\u3011\u53ca\u89c0\u770b\u6d0b\u8525\u66f4\u591a\u5f71\u7247: https://goo.gl/ijP3Eb\n\n\u5de5\u4f5c\u5408\u4f5c\uff1aonionmanwork@gmail.com\nOnion Man \u767e\u842c\u8ffd\u8e64\u7c89\u7d72\u5718:goo.gl/Z5CSvw\n\n\u6700\u65b0\u963f\u6587\u8cbc\u5716:https://reurl.cc/GxYjA\n\n\u7b2c\u4e00\u4ee3\u963f\u6587line\u8cbc\u5716:https://reurl.cc/Wroxx\n\n\u6d0b\u8525\u79c1\u751f\u6d3bIG:https://www.instagram.com/onionman__/\n\n\n\u904b\u52d5\u6f2b\u756b\u88e1\u7684\u4e2d\u4e8c\u8001\u6897\u5287\u60c5\n\u25ba\u7b2c\u4e00\u96c6:https://youtu.be/cMoV1rPH35k\n\u25ba\u7b2c\u4e8c\u96c6:https://youtu.be/iW7LM00lny0\n\u25ba\u7b2c\u4e09\u96c6:https://youtu.be/2G5wu61uCM0\n\u25ba\u7b2c\u56db\u96c6:https://youtu.be/-rP1abYv8n4\n\nOnion Man \u95dc\u9375\u5b57:\n\u4e2d\u4e8c \u80a5\u5b85 \u55ae\u8eab\u6f22 \u55ae\u8eab \u9b6f\u86c7 \u5c4c\u7d72 \u80a5\u5b85",
        "likeCount": "9971",
        "commentCount": "673",
        "viewCount": "629146"
    },
    "comments": [
        {
            "reply_id": "UgyuyDHrRjwhYwswsRB4AaABAg",
            "reply_content": "\u96a8\u610f\u7559\u8a00\u81ea\u5df1\u73fe\u5728\u7684\u578b\u614b  \u4f8b:\u5927\u6372\u51a0\u5ef7\n\u62bd10\u4f4d\u9001\u52d5\u614b\u8cbc\u5716\n\n\u672c\u7bc7\u6392\u540d\u662f\u91dd\u5c0d\u7b2c\u4e00\u5370\u8c61\u8ac7\u5410\u670d\u5100\u53e3\u689d\u7b49\n\u662f\u73fe\u5be6\u4e14\u4e3b\u89c0\u7684\n\u5167\u5bb9\u662f\u60f3\u535a\u541b\u4e00\u7b11\u800c\u5df2\n\u8acb\u5927\u5bb6\u8f15\u9b06\u770b\u5f85\u4e86\n\u6bcf\u500b\u4eba\u8981\u600e\u9ebc\u6d3b\u662f\u81ea\u5df1\u7684\u81ea\u7531\n\u6c92\u6709\u600e\u9ebc\u505a\u624d\u662f\u6b63\u78ba\u7684"
        },
        {
            "reply_id": "UgxlgZukfI3T2x7GboR4AaABAg",
            "reply_content": "\u4e00\u500b\u6839\u672c\u8d85\u79c0\uff5e\u4e00\u500b\u6839\u672c\u79c0\u7206\ud83e\udd23"
        },
        {
            "reply_id": "Ugxs25BoIYTyYDzAtN54AaABAg",
            "reply_content": "\u770b\u5230\u55e8\u5496\u65b0\u5f71\u7247\u8dd1\u56de\u4f86\u770b\ud83d\ude4b\u200d\u2640\ufe0f\n\u56e0\u70ba\u73a9\u684c\u904a\u800c\u4fee\u6210\u6b63\u679c\u7684\u90a3\u5c0d\u61c9\u8a72\u8b1b\u7684\u5c31\u662f\u55e8\u5496\uff1f"
        },
        {
            "reply_id": "UgxydgYFBWoPJKvszHB4AaABAg",
            "reply_content": "\u592a\u626f\u4e86\u4e00\u4e0b\u60e1\u641e\u5f88\u4e2d\u4e8c\u4f46\u5f88\u597d\u770b"
        },
        {
            "reply_id": "UgzSk93u3uO4Zu0xJWB4AaABAg",
            "reply_content": "\u62f3\u723a\u56de\u6b78\u5f8c\u771f\u7684\u8b8a\u8d85\u7626"
        },
        {
            "reply_id": "UgzOAN_0Lt8NRP_MYkt4AaABAg",
            "reply_content": "\u6211\u662f\u6c92\u6709\u89ba\u5f97\u6d0b\u8525\u662f\u666e\u7537"
        },
        {
            "reply_id": "UgznjO7EnIGA1qQg7WF4AaABAg",
            "reply_content": "\u7d50\u679c\u7d50\u5c40\u9084\u662f\u544a\u8a34\u4f60 \u4eba\u5c31\u662f\u6709\u5206\u5929\u751f\u9e97\u8cea\ud83d\ude02"
        },
        {
            "reply_id": "UgzV4XT1f3wVxOIjYpR4AaABAg",
            "reply_content": "\u54c8\u54c8\u9084\u6709\u6bd4S\u7d1a\u8ddf\u53b2\u5bb3\u7684\u7537\u4eba\u5c31\u662f\u8d85s\u7d1a\uff0c\u9577\u5f97\u4e0d\u5e25\u4f46\u662f\u6709\u8eca\u6709\u623f\u6709\u624d\u85dd\u5e7d\u9ed8\u98a8\u8da3\u53c8\u597d\u7b11\uff0c\u9019\u6a23\u7684\u7537\u4eba\u6700\u53ef\u6015\u5973\u751f\u99ac\u4e0a\u611b\u6b7b\u3002"
        },
        {
            "reply_id": "UgwlXIfZBe968j70j_J4AaABAg",
            "reply_content": "\u6e1b\u80a5\u771f\u7684\u6703\u8b8a\u5e25\uff0c\u4f46\u8981\u770b\u6709\u7121\u6f5b\u529b\u3002\n\u6211\u76f4\u63a5\u6574\u5f62\u5973\u4eba\u7de3\u8b8a\u597d\u5f88\u591a\n\u4f46\u56e0\u70ba\u662f\u6574\u51fa\u4f86\u7684\n\u4e0d\u6253\u7b97\u4ea4\u5973\u53cb"
        },
        {
            "reply_id": "UgyexOPspYgkEvqngr94AaABAg",
            "reply_content": "\u7b49\u4e00\u4e0b\uff0c\u5c3c\u514b\u5728\u53f0\u6e7e\u7537\u751f\u4e2d\u5df2\u7ecf\u662f\u7b97\u5e05\u7684\u4e86\u5417\uff1f"
        },
        {
            "reply_id": "UgxdehEhL1a9XRWD-GN4AaABAg",
            "reply_content": "\u90fd\u883b\u666e\u7684~~\u662f\u6709\u5565\u597d\u6bd4\u7684"
        },
        {
            "reply_id": "UgwQyqu_rz8WFuqgLNB4AaABAg",
            "reply_content": "\u8d85\u7d1a\u8c9d\u5409\u9054\ud83d\udc4d"
        },
        {
            "reply_id": "UgxydgV3Nt77-0m1dCJ4AaABAg",
            "reply_content": "\u67d1\u6a58\u54c8\u54c8\u54c8\u54c8 \u592a\u597d\u7b11\u4e86"
        },
        {
            "reply_id": "Ugxc56btE3dX8KBy1LJ4AaABAg",
            "reply_content": "\u6709\u9322\u61c9\u8a72\u5347\u7d1a\u5427\uff01"
        },
        {
            "reply_id": "UgxbeqUYNHDSKN85D-94AaABAg",
            "reply_content": "\u8b9a"
        },
        {
            "reply_id": "UgwlQZH8rS0YyWWkcIN4AaABAg",
            "reply_content": "\u54c8\u54c8\u54c8\u54c8\u54c8\u6709\u5920\u597d\u770b"
        },
        {
            "reply_id": "UgxPa1ghPc0iA2ONnLl4AaABAg",
            "reply_content": "\u984c\u5916\u8a71\uff0c\u6211\u4e00\u76f4\u5f88\u597d\u5947\u4e00\u76f4\u9019\u6a23\u4f7f\u7528\u4e03\u9f8d\u73e0\u7684\u97f3\u6a02\u6703\u4e0d\u6703\u6709\u7248\u6b0a\u4e0a\u7684\u554f\u984c\u554a@@"
        },
        {
            "reply_id": "UgwoX2XacqDzjurL_RN4AaABAg",
            "reply_content": "\u9019\u7cfb\u5217\u771f\u7684\u5f88\u6709\u610f\u601dxd"
        },
        {
            "reply_id": "UgxSePNSxJqybVfgDAh4AaABAg",
            "reply_content": "\u8cfd\u9b6f\u7bc7"
        },
        {
            "reply_id": "UgzR0Y0cBD2St0LlXlV4AaABAg",
            "reply_content": "\u96d6\u7136\u611f\u89ba\u5f88\u9f8d\u73e0\u4f46\u597d\u770b\u6b38"
        }
    ]
}