{
    "video_info": {
        "id": "SjM1Z-9NAKA",
        "channelTitle": "Onion Man",
        "title": "\u5fcd\u8853\u80a2\u9ad4\u63a5\u89f8\u4e4b\u8853   #shorts | Onion Man",
        "description": "\u3010\u8a02\u95b1\u3011\u53ca\u89c0\u770b\u6d0b\u8525\u66f4\u591a\u5f71\u7247: https://goo.gl/ijP3Eb\n\n\u5de5\u4f5c\u5408\u4f5c\uff1aonionmanwork@gmail.com\nOnion Man \u767e\u842c\u8ffd\u8e64\u7c89\u7d72\u5718:goo.gl/Z5CSvw\n\n\u6700\u65b0\u963f\u6587\u8cbc\u5716:https://reurl.cc/GxYjA\n\n\u7b2c\u4e00\u4ee3\u963f\u6587line\u8cbc\u5716:https://reurl.cc/Wroxx\n\n\u6d0b\u8525\u79c1\u751f\u6d3bIG:https://www.instagram.com/onionman__/\n\n\n\u904b\u52d5\u6f2b\u756b\u88e1\u7684\u4e2d\u4e8c\u8001\u6897\u5287\u60c5\n\u25ba\u7b2c\u4e00\u96c6:https://youtu.be/cMoV1rPH35k\n\u25ba\u7b2c\u4e8c\u96c6:https://youtu.be/iW7LM00lny0\n\u25ba\u7b2c\u4e09\u96c6:https://youtu.be/2G5wu61uCM0\n\u25ba\u7b2c\u56db\u96c6:https://youtu.be/-rP1abYv8n4\n\nOnion Man \u95dc\u9375\u5b57:\n\u4e2d\u4e8c \u80a5\u5b85 \u55ae\u8eab\u6f22 \u55ae\u8eab \u9b6f\u86c7 \u5c4c\u7d72 \u80a5\u5b85\n\n#shorts",
        "likeCount": "1005",
        "commentCount": "42",
        "viewCount": "39973"
    },
    "comments": [
        {
            "reply_id": "UgxpH7L82sfFUFzqamR4AaABAg",
            "reply_content": "\u4e7e\u90a3\u500b\u7375\u4eba\u90a3\u6bb5\u771f\u7684\u5f88\u9760\u5317"
        },
        {
            "reply_id": "UgyqJZCMWqhxjlLjKfx4AaABAg",
            "reply_content": "\u6253\u7c43\u7403"
        },
        {
            "reply_id": "UgwFUTwARDPcz0nSND14AaABAg",
            "reply_content": "\u90a3\u500b\u642d\u8a15\u5e2b\u7236\u6709\u9ede\u50cf\u820a\u7248\u7375\u4eba\u7684\u5e2b\u7236"
        },
        {
            "reply_id": "Ugyj6ua9tO6cblVWzlx4AaABAg",
            "reply_content": "\u99ac\u7684\uff0c\u771f\u60f3\u63cd\u4ed6"
        },
        {
            "reply_id": "UgwDUYYkIZTh9T-x2Bd4AaABAg",
            "reply_content": "\u7528\u624b\u5f88\u5c0f\u9019\u62db\u4f86\u548c\u7f8e\u5973\u5341\u6307\u4ea4\u6263 \u6d0b\u8525\u771f\u662f\u500b\u5f88\u89d2\u8272\ud83d\ude02"
        },
        {
            "reply_id": "UgzPMFBQs8aJp3RsjLd4AaABAg",
            "reply_content": "\u53db\u5f92"
        },
        {
            "reply_id": "UgwLtF1UsBHnGCxiQy94AaABAg",
            "reply_content": "\u5b78\u5230\u4e86\uff0c\u8b1d\u8b1d\u8525\u54e5"
        },
        {
            "reply_id": "UgzDIs89E6fj5m9ffN54AaABAg",
            "reply_content": "\u4f60\u679c\u7136\u4e0d\u662f\u6d0b\u8525  \u628a\u6d0b\u8525\u56de\u4f86"
        },
        {
            "reply_id": "UgysBp_7DRSm6nGkr8B4AaABAg",
            "reply_content": "\u88ab\u5c0f\u5bb5\u864e\u5357\u624b\u6307\u6263\u4f4f\u4e5f\u592a\u723d\u4e86\u5427"
        },
        {
            "reply_id": "Ugy2BCZXzQ3M81Woe-h4AaABAg",
            "reply_content": "\u9019\u500b\u662f\u54ea\u4f4d\u5973\u91ab\u751f\u4f86\u8457\uff1f\u6ce2\u591a\u91ce\u7d50\u8863\uff1f"
        },
        {
            "reply_id": "UgwKTBIHIaGQCXAuM4x4AaABAg",
            "reply_content": "\u6700\u5f8c\u7d05\u5091\u90a3\u53e5\u597d\u597d\u7b11 \u54c8\u54c8\u54c8\u54c8"
        },
        {
            "reply_id": "UgzdZwo6kwlI3L50bQp4AaABAg",
            "reply_content": "\u9019\u5973\u7684\u597d\u9762\u719f"
        },
        {
            "reply_id": "Ugzhe7M7FsAwBAXZ0Qd4AaABAg",
            "reply_content": "\u9ad8\u7aef\u7684\u730e\u4eba\u5f80\u5f80\u4ee5\u730e\u7269\u7684\u65b9\u5f0f\u51fa\u73b0"
        },
        {
            "reply_id": "UgzVfOoQVDSnCM0U8E14AaABAg",
            "reply_content": "\u6700\u540e\u7ea2\u6770\u771f\u5b9e\u5230\u7206"
        },
        {
            "reply_id": "UgxMk2bhNOEgLCXcDhN4AaABAg",
            "reply_content": "\u8cfa\u721b\u4e86 \u723d"
        },
        {
            "reply_id": "UgzJZJFDox9AUjEkgrh4AaABAg",
            "reply_content": "\u665a\u4e0a\u4e0d\u6d17\u624b\u76f4\u63a5\u6253"
        },
        {
            "reply_id": "Ugx4Ehz5CRphgbRe8hR4AaABAg",
            "reply_content": "\u5229\u7528\u4e00\u500b\u770b\u4f3c\u7121\u804a\u7684\u8a71\u984c\u5be6\u969b\u4e0a\u60f3\u6478\u5973\u751f\u7684\u624b\uff0c\u660e\u986f\u662f\u500b\u72e0\u89d2\u8272"
        },
        {
            "reply_id": "UgwY6Eg95fG8xpJ0xi94AaABAg",
            "reply_content": "\u8981\u662f\u6211\u88ab\u5341\u6307\u7dca\u6263\u80af\u5b9a\u625b\u4e0d\u4f4f \u642d\u914d\u8166\u4e2d\u9583\u904e\u5c0f\u5bb5\u966a\u4f34\u6211\u7684\u7121\u6578\u5bc2\u5bde\u591c\u665a \u771f\u7684\u554a\u5636"
        },
        {
            "reply_id": "Ugwbet--vGrWoq_JpH54AaABAg",
            "reply_content": "\u86e4"
        },
        {
            "reply_id": "UgxvcdPPgjpJI_qwXYN4AaABAg",
            "reply_content": "\u6d0b\u8525\u7684\u53cd\u61c9\u5c31\u50cf\u6211\u6703\u6709\u7684"
        }
    ]
}