{
    "video_info": {
        "id": "sUtRTHdLpLo",
        "channelTitle": "Onion Man",
        "title": "Onion Man | \u4e09\u5929\u5feb\u9583\u65e5\u672c\uff01\u4e00\u5929\u4e94\u9910\u7206\u80a5\u4e4b\u65c5\uff0c\u9084\u610f\u5916\u4e0a\u4e86\u65e5\u672c\u65b0\u805e\u53f0\uff01\uff5c\u593e\u5a03\u5a03\u4e4b\u9b3c\u6d0b\u8525\u3001\u8207\u53ea\u898b\u904e\u4e00\u6b21\u9762\u7684\u964c\u751f\u670b\u53cb\u55ae\u7368\u53bb\u65e5\u672c\uff01@haileyhsu  @CrazyMan",
        "description": "\u5728\u65e5\u672c\u8857\u982d\u66a2\u8ac7\u75d4\u7621\u7684\u7537\u4eba\n\n\u9806\u4fbf\u9644\u4e0a\u651d\u5f71\u5e2b\u5927\u8463\u7684\u806f\u7d61\u65b9\u5f0f\n\u907f\u514d\u6709\u4eba\u79c1\u8a0a\u554f\u6211\ud83e\udd23\n\u806f\u7d61\u4fe1\u7bb1\uff1aHsiangpingchun@gmail.com \n\u7db2\u7ad9\uff1ananiwafilm.com \n\n\n\u3010\u8a02\u95b1\u3011\u53ca\u89c0\u770b\u6d0b\u8525\u66f4\u591a\u5f71\u7247: https://goo.gl/ijP3Eb\n\n\u5de5\u4f5c\u5408\u4f5c\uff1aonionmanwork@gmail.com\nOnion Man \u767e\u842c\u8ffd\u8e64\u7c89\u7d72\u5718:goo.gl/Z5CSvw\n\n\u6700\u65b0\u963f\u6587\u8cbc\u5716:https://reurl.cc/GxYjA\n\n\u7b2c\u4e00\u4ee3\u963f\u6587line\u8cbc\u5716:https://reurl.cc/Wroxx\n\n\u6d0b\u8525\u79c1\u751f\u6d3bIG:https://www.instagram.com/onionman__/\n\n\n\u904b\u52d5\u6f2b\u756b\u88e1\u7684\u4e2d\u4e8c\u8001\u6897\u5287\u60c5\n\u25ba\u7b2c\u4e00\u96c6:https://youtu.be/cMoV1rPH35k\n\u25ba\u7b2c\u4e8c\u96c6:https://youtu.be/iW7LM00lny0\n\u25ba\u7b2c\u4e09\u96c6:https://youtu.be/2G5wu61uCM0\n\u25ba\u7b2c\u56db\u96c6:https://youtu.be/-rP1abYv8n4\n\nOnion Man \u95dc\u9375\u5b57:\n\u4e2d\u4e8c \u80a5\u5b85 \u55ae\u8eab\u6f22 \u55ae\u8eab \u9b6f\u86c7 \u5c4c\u7d72 \u80a5\u5b85",
        "likeCount": "17910",
        "commentCount": "976",
        "viewCount": "1390352"
    },
    "comments": [
        {
            "reply_id": "UgzZrXh8Fc_EtJkktv54AaABAg",
            "reply_content": "\u6d17\u814e\u4e0d\u597d\u73a9\uff0c\u6d0b\u8525\u8981\u597d\u597d\u4fdd\u91cd\u8eab\u9ad4\u554a"
        },
        {
            "reply_id": "UgzT-VLnfTSzONj4Mzt4AaABAg",
            "reply_content": "\u767c\u73fe\u6d0b\u8525\u5176\u5be6\u9577\u5f97\u5f88\u5929\u83dc\u6b38\ud83d\ude02"
        },
        {
            "reply_id": "UgzJdlk8_BpAiqfbYk94AaABAg",
            "reply_content": "\u4e0d\u662f\u6211\u8981\u8aaa\u4f60\u771f\u7684\u5f88\u96f7\n\u514d\u6cbb\u99ac\u6876\u5ea7\u5f88\u4fbf\u5b9c\u7684"
        },
        {
            "reply_id": "Ugx6b6ProqC8DrDFxOp4AaABAg",
            "reply_content": "\u4e00\u7fa4\u5e74\u8f15\u4eba\u5e7e\u6b72\u5c31\u90fd\u6709\u75d4\u7621@@"
        },
        {
            "reply_id": "UgzsNc1ooNQsYO7mhUh4AaABAg",
            "reply_content": "\u6eab\u99a8\u6109\u5feb\u7684\u96e3\u5fd8\u65e5\u672c\u884c"
        },
        {
            "reply_id": "UgyB__c5sZgF0p6gXrR4AaABAg",
            "reply_content": "\u6211\u53bb\u65e5\u672c\u4eca\u5929\u98df\u5b8c\u65e9\u9910\u5728\u5348\u9910\u524d\u4e00\u5b9a\u559d\u4e00\u9475\u81ea\u52d5\u8ca9\u8ce3\u6a5f\u7684BOSS\u5496\u5561"
        },
        {
            "reply_id": "Ugz-CGCSwbk6HU0ihnh4AaABAg",
            "reply_content": "\u6211\u5e38\u798f\u5ca1\u4e00\u65e5\u904a \u88dc\u8ca8 \u5403\u62c9\u9eb5\n\u6cd5\u862d\u514b\u798f\u4e09\u5929\u4e09\u665a\u904a\uff08\u5169\u665a\u642d\u98db\u6a5f\uff09 \u88dc\u8ca8+\u5fb7\u570b\u8c6c\u8173+\u5564\u9152"
        },
        {
            "reply_id": "UgwTUE9f295EyG1P43t4AaABAg",
            "reply_content": "\u6709\u6642\u5019\u5c31\u6703\u7a81\u7136\u60f3\u53bb\u5225\u7684\u5730\u65b9"
        },
        {
            "reply_id": "UgwknI5vU09nrFm7tBB4AaABAg",
            "reply_content": "4:40 \u7570\u6027\u672c\u4f86\u5c31\u5408\u4e0d\u4f86\uff0c\u6240\u4ee5\u81ea\u7136\u754c\u7684\u7570\u6027\u6839\u672c\u4e0d\u6703\u4e00\u8d77\u751f\u6d3b\u554a"
        },
        {
            "reply_id": "Ugyg74iBqzSR8pOdGUB4AaABAg",
            "reply_content": "\u5e0c\u671b\u8cb7\u9ad8\u7d1a\u884c\u674e\u7bb1\u7684\u4eba\u4e5f\u8981\u77e5\u9053 \u90a3\u662f\u6d88\u8017\u54c1 \u4e5f\u6703\u522e\u5230 \u58de\u6389\u6b38"
        },
        {
            "reply_id": "UgxWhvMtXFpb7w5qinR4AaABAg",
            "reply_content": "\u6d0b\u8525\u8a72\u4e0d\u6703\u662f\u4f4f\u6dfa\u8349\u6a4b\u7ad9\uff1f\n\u6211\u5bb6\u4e5f\u5728\u9019\u7ad9\ud83d\ude02"
        },
        {
            "reply_id": "Ugz8IJpswnOhXOAaPGt4AaABAg",
            "reply_content": "\u9047\u5230\u5973\u4e09\u5bf6"
        },
        {
            "reply_id": "UgxN2UJS_wy_jaICZOh4AaABAg",
            "reply_content": "\u6709\u53ef\u4ee5\u8aaa\u8d70\u5c31\u8d70\u7684\u670b\u53cb\u771f\u7684\u5f88\u68d2"
        },
        {
            "reply_id": "UgzxBf5cUMCRdiKbPax4AaABAg",
            "reply_content": "\u7a81\u7136\u767c\u73fe\u4e09\u500b\u4eba\u5728\u8def\u908a\u4e09\u570b\u75e3\ud83e\udd23\ud83e\udd23\ud83e\udd23"
        },
        {
            "reply_id": "UgxYm1BGNvUnUWgGCfB4AaABAg",
            "reply_content": "\u671d\u65e5\u65b0\u805e"
        },
        {
            "reply_id": "UgyJEwmtv42wXnI49U14AaABAg",
            "reply_content": "\u6211\u4e5f\u60f3\u53bb\u65e5\u672c\u5566\uff0c\u5927\u9678\u771f\u7684\u5f85\u4e0d\u4e0b\u53bb\uff0c\u4e00\u5806\u5c0f\u7c89\u7d05\u597d\u7169\uff0c\u6211\u5c31\u6bd4\u8f03\u559c\u6b61\u65e5\u672c\u6216\u8005\u53f0\u7063\u3001\u97d3\u570b\u3001\u5fb7\u570b\uff0c\u6211\u89ba\u5f97\u9019\u4e9b\u5730\u65b9\u90fd\u597d\u81ea\u7531"
        },
        {
            "reply_id": "Ugxv4-I_1hTKmWUQWKx4AaABAg",
            "reply_content": "\u60f3\u4e0d\u5230\u4f60\u7adf\u7136\u8ba4\u8bc6\u7f8e\u5973\u6d77\u8389\uff0c\u662f\u4e2a\u72e0\u4eba"
        },
        {
            "reply_id": "Ugxo5qEL1MV73F33ZJ14AaABAg",
            "reply_content": "\u4e09\u5929\u91cd\u4e86\u4e94\u516c\u65a4\uff0c\u7528\u4e867\u5929\u6e1b\u56de\u4f86\u3002"
        },
        {
            "reply_id": "UgyG_tsmTLKtXVERNBt4AaABAg",
            "reply_content": "\u6d0b\u8525\u61c9\u8a72\u662f\u9577\u7684\u6709\u9ede\u50cf\u85dd\u4eba\u6d77\u7522"
        },
        {
            "reply_id": "UgxqzjgtnmXXfm_ys9F4AaABAg",
            "reply_content": "\u9019\u96c6\u73fe\u5728\u624d\u770b\u5230\uff0c\u771f\u9999"
        }
    ]
}