{
    "video_info": {
        "id": "uB2JdjJdZ58",
        "channelTitle": "Onion Man",
        "title": "Onion Man | \u5927\u5bb6\u7684\u5e7d\u9ed8\u611f\u90fd\u76f8\u540c\u7684\u7f8e\u597d\u4e16\u754c",
        "description": "\u6d0b\u8525\u7684\u5e7d\u9ed8\u611f\u9769\u547d\n\n\u904a\u6232\u4e0b\u8f09\u9023\u7d50\uff1ahttps://eternaevolution.onelink.me/6jTh/stc4dqig\n\n\u81ea\u7531\u5ea6MAX\u672a\u4f86\u6230\u8853RPG\u904a\u6232\u91cd\u78c5\u4f86\u8972\uff0c\u73fe\u5728\u4e0b\u8f09\u514d\u8cbb\u9818\u795e\u65cf\u82f1\u96c4\u5fa9\u4ec7\u4e4b\u528d\uff01\n\u300a\u5929\u6f14\u9032\u5316\u300b\u8981\u4f60\u52d5\u4e0d\u52d5\u90fd\u9032\u5316!!\n\n\u3010\u8a02\u95b1\u3011\u53ca\u89c0\u770b\u6d0b\u8525\u66f4\u591a\u5f71\u7247: https://goo.gl/ijP3Eb\n\n\u5de5\u4f5c\u5408\u4f5c\uff1aonionmanwork@gmail.com\nOnion Man \u767e\u842c\u8ffd\u8e64\u7c89\u7d72\u5718:goo.gl/Z5CSvw\n\n\u6700\u65b0\u963f\u6587\u8cbc\u5716:https://reurl.cc/GxYjA\n\n\u7b2c\u4e00\u4ee3\u963f\u6587line\u8cbc\u5716:https://reurl.cc/Wroxx\n\n\u6d0b\u8525\u79c1\u751f\u6d3bIG:https://www.instagram.com/onionman__/\n\n\n\u904b\u52d5\u6f2b\u756b\u88e1\u7684\u4e2d\u4e8c\u8001\u6897\u5287\u60c5\n\u25ba\u7b2c\u4e00\u96c6:https://youtu.be/cMoV1rPH35k\n\u25ba\u7b2c\u4e8c\u96c6:https://youtu.be/iW7LM00lny0\n\u25ba\u7b2c\u4e09\u96c6:https://youtu.be/2G5wu61uCM0\n\u25ba\u7b2c\u56db\u96c6:https://youtu.be/-rP1abYv8n4\n\nOnion Man \u95dc\u9375\u5b57:\n\u4e2d\u4e8c \u80a5\u5b85 \u55ae\u8eab\u6f22 \u55ae\u8eab \u9b6f\u86c7 \u5c4c\u7d72 \u80a5\u5b85",
        "likeCount": "6185",
        "commentCount": "575",
        "viewCount": "260562"
    },
    "comments": [
        {
            "reply_id": "UgwlHvM_bB_IDM05vkB4AaABAg",
            "reply_content": "\u4e0d\u77e5\u70ba\u4ec0\u9ebc\uff0c\u6211\u7adf\u7136\u559c\u6b61\u6d0b\u8525\u7684\u9019\u500b\u5e7d\u9ed8\u611f~\u89ba\u4e0d\u5999"
        },
        {
            "reply_id": "UgyH1luqCsJGW7P2T6l4AaABAg",
            "reply_content": "\u4e00\u5e74\u5f8c\u7684\u4eca\u5929 \u904b\u52d5\u5b8c\u624d\u770b\u5230\u9019\u652f\u5f71\u7247\u771f\u662f\u592a\u907a\u61be\uff5e\u6d41\u593e\u80cc"
        },
        {
            "reply_id": "Ugyw7nbj_vhaxvqSw9R4AaABAg",
            "reply_content": "\u5c31\u662f\u9019\u7bc7\u53cd\u6307\u6a19\u55ce\u54c8\u54c8"
        },
        {
            "reply_id": "UgxibrOFN3YiDu5EbJJ4AaABAg",
            "reply_content": "\u6211\u89ba\u5f97\u7206\u597d\u7b11\u7684"
        },
        {
            "reply_id": "UgweEFhgwuwo88uQnc14AaABAg",
            "reply_content": "\u9019\u500b\u8d85\u80fd\u529b\u61c9\u8a72\u662f\u8b8a\u6210\u8d85\u7d1a\u8cfd\u4e9e\u4eba\u5427"
        },
        {
            "reply_id": "UgzvvFfFv1alcfzxB_14AaABAg",
            "reply_content": "\u76f4\u63a5\u7b11\u721b\uff0c\u90a3\u500b\u696d\u914d\u6211\u76f4\u63a5\u7b11\u5230\u4e00\u500b\u4e0d\u8981\u4e0d\u8981\u7684~\u514b\u58eb\u70b8\u96de"
        },
        {
            "reply_id": "Ugz_yypmz7ruNLYxPFl4AaABAg",
            "reply_content": "\u6d0b\u8525\u8001\u5be6\u8aaa\u5230\u5e95\u6709\u6c92\u6709\u62ff\u5230\u7389~\u5c71\u9280\u884c\u7684\u696d\u914d, \u9084\u6709\u5f69~\u8679\u983b\u9053"
        },
        {
            "reply_id": "UgzOwWQQV8v1aacbQkh4AaABAg",
            "reply_content": "\u53ea\u6709\u6211\u662f\u738b"
        },
        {
            "reply_id": "UgyOl-R39MYdLYHpueB4AaABAg",
            "reply_content": "\u9019\u6b21\u4e3b\u984c\u771f\u7684\u5f88\u68d2\u68d2\u7cd6\u771f\u597d\u5403"
        },
        {
            "reply_id": "Ugx_NixcaleY8r0-QPB4AaABAg",
            "reply_content": "\u795e\u96de\u6e6f\uff5e\u6bcd"
        },
        {
            "reply_id": "Ugz9AXJsysh4J3mbnkV4AaABAg",
            "reply_content": "\u8d85\u597d\u7b11\uff5e\u9580\u53e3\u7684\u8b66\u885b"
        },
        {
            "reply_id": "Ugyl0AJW0wR14DArVth4AaABAg",
            "reply_content": "\u5e79\u6211\u89ba\u5f97\u5f88\u597d\u7b11\ud83d\ude02"
        },
        {
            "reply_id": "UgxL0p8FpLiyOZ6zERJ4AaABAg",
            "reply_content": "\u9019\u696d\u914d\u4f86\u5f97\u9632\u4e0d\u52dd\u9632"
        },
        {
            "reply_id": "UgxEZjGkS9V561W87FZ4AaABAg",
            "reply_content": "\u770b\u5b8c\u9019\u500b\u5f71\u7247\u6211\u771f\u7684\u5091\u5c3c\u9f9c\uff5e\uff5e\uff5e\u61f6\u8db4\u706b"
        },
        {
            "reply_id": "UgxCzuq-loC8foD4A_h4AaABAg",
            "reply_content": "\u53e5\u5c3e\u7684\u63a5\u9f8d\u771f\u7684\u90fd\u4f86\u7684\u83ab\u540d\u5176\u5999\uff5e\u4e0d\u53ef\u8a00"
        },
        {
            "reply_id": "Ugz5Vqfl8dVFEKb-Jm14AaABAg",
            "reply_content": "\u6d0b\u8525\u7684\u5e7d\u9ed8\u611f\u9769\u547d\uff5e\u4e2d\u6ce8\u5b9a\uff08\u6c92 \u53ea\u662f\u60f3\u73a9\u63a5\u9f8d"
        },
        {
            "reply_id": "Ugx4MiRvAPtd9pDm8vF4AaABAg",
            "reply_content": "\u9760\u8170 \u770b\u7b2c\u4e00\u53e5\u6211\u4ee5\u70ba\u662f\u7389\u5c71\u9280\u884c\u696d\u914d"
        },
        {
            "reply_id": "UgwE-5OwIMZyExqZ2NV4AaABAg",
            "reply_content": "\u311f \u4e0d\u662f\u963f \u9019\u9ebc\u4e7e\u4f60\u4e5f\u5f04\u5f97\u4e0b\u53bb\n\u5e79\u592a\u8b93\u4eba\u5d07\u62dc\u4e86\u5427"
        },
        {
            "reply_id": "Ugzh57CGUp5FLsvvmf14AaABAg",
            "reply_content": "\u6d0b\u8525\u771f\u7684\u6700\u68d2~\u68d2\u5802"
        },
        {
            "reply_id": "UgyLVNBTWdjKPYM1me94AaABAg",
            "reply_content": "\u6211\u597d\u50cf\u770b\u5230\u5938\u514b"
        }
    ]
}