{
    "video_info": {
        "id": "uBv9ZgDaKQ0",
        "channelTitle": "Onion Man",
        "title": "Onion Man | \u4ee5\u53f0\u5927\u70ba\u76ee\u6a19\uff01\u9ad8\u4e2d\u5347\u5927\u5b78\u7cfb\u5217\uff01 (\u4e09)  \u8207\u540d\u6821\u6b63\u9762\u5c0d\u6c7a\uff01\u5b78\u6e2c\u958b\u59cb\uff01",
        "description": "\u7b2c\u4e09\u96c6\u662f\u5f9e\u9a55\u50b2\u88ab\u62c9\u56de\u73fe\u5be6\u7684\u5beb\u7167\n\nOnionMeta\u5b98\u7db2: https://www.onionmeta.club/\nOnionMeta : https://opensea.io/collection/onion-meta-official\nOnionMeta\u8fd1\u671f\u8ce6\u80fd\u6574\u7406\n[\u793e\u7fa4\u6700\u8fd1\u7684\u8ce6\u80fd\u6d3b\u52d5\u6574\u7406]\n1.\u7fa4\u5167GK\u8207\u666f\u54c1\u7a81\u8972\u62bd\u734e!! (\u6700\u9ad8\u5e02\u50f9\u905410000\u5143) \n2.\u5b85\u7537\u76db\u4e8b!\u570b\u969b\u96fb\u73a9\u5c55\u9580\u7968 100\u5f35\u514d\u8cbb\u9001!!\n3.\u6d0b\u8525\u5718\u968a\u5982\u4f55\u62b5\u64cb\u516c\u552e\u6a5f\u5668\u4eba\u7684?\u9996\u6ce2\u6d0b\u8525\u5b87\u5b99\u5c08\u5c6c\u6f14\u8b1b-\u6280\u8853\u9577\u5f37\u5c3c\u7684\u7d42\u6975\u9632\u79a6\u529b\u89e3\u6790!\n4.\u6d0b\u8525\u8207\u62f3\u723a\u7531\u611b\u8f49\u6068? \u528d\u9b42\u751f\u6b7b\u9b25! \u8ced\u4e0a\u5404\u81ea\u7684\u5c0a\u56b4!\u7c89\u7d72\u9078\u908a\u7ad9!!!\u5718\u968a\u63d0\u4f9b1.1\u9846\u4ee5\u592a\u5e63\u7d66\u53f0\u4e0b\u7684\u8525\u7c89\u62f3\u7c89\u505a\u70ba\u734e\u91d1\n5.\u9805\u76ee\u65b9\u4e4b\u53cb\u7684\u767d\u540d\u55ae\u62bd\u734e~! \u611f\u8b1d\u738b\u72d7\u3001\u653e\u514b\u96de\u3001\u53cd\u9aa8\u5718\u968a\u63d0\u4f9b\u767d\u540d\u55ae\u540d\u984d!\n6.OnionMeta\u6d0b\u8525\u5b87\u5b99\u9996\u6b21\u734e\u91d1\u904a\u6232\u8cfd! \u7e3d\u734e\u91d1\u9ad8\u905410\u9846\u4ee5\u592a\u5e63!! \u7b2c\u4e00\u8f2a\u904a\u6232-\u4f60\u756b\u6211\u731c!\n7.\u5e74\u5f8c\u4e4b\u812b\u96e2\u80a5\u5b85\u8a08\u756b!!\uff0c\u8207Leisure Bespoke\u806f\u540d\u7279\u60e0\u6d3b\u52d5!!!\u6e96\u5099\u597d\u518d\u5e74\u5f8c\u7a7f\u897f\u88dd\u5e25\u4e00\u6ce2\u5427!!!\n8.\u548c\u5973\u795eNiya\u4e00\u8d77\u540c\u6a02!\uff0c\u8207Niya\u548c\u6d0b\u8525\u5c0d\u6230\u70b8\u5f48\u8d85\u4eba! \u52dd\u5229\u8005\u53ef\u7372\u5f97\u9b3c\u6ec5 x Xrage \u806f\u540d\u5546\u54c1\n9.\u734e\u91d1\u904a\u6232\u8cfd\u7b2c\u4e8c\u8f2a\u904a\u6232-\u70b8\u5f48\u8d85\u4eba!\n\n\u3010\u8a02\u95b1\u3011\u53ca\u89c0\u770b\u6d0b\u8525\u66f4\u591a\u5f71\u7247: https://goo.gl/ijP3Eb\n\n\u5de5\u4f5c\u5408\u4f5c\uff1aonionmanwork@gmail.com\nOnion Man \u767e\u842c\u8ffd\u8e64\u7c89\u7d72\u5718:goo.gl/Z5CSvw\n\n\u6700\u65b0\u963f\u6587\u8cbc\u5716:https://reurl.cc/GxYjA\n\n\u7b2c\u4e00\u4ee3\u963f\u6587line\u8cbc\u5716:https://reurl.cc/Wroxx\n\n\u6d0b\u8525\u79c1\u751f\u6d3bIG:https://www.instagram.com/onionman__/\n\n\n\u904b\u52d5\u6f2b\u756b\u88e1\u7684\u4e2d\u4e8c\u8001\u6897\u5287\u60c5\n\u25ba\u7b2c\u4e00\u96c6:https://youtu.be/cMoV1rPH35k\n\u25ba\u7b2c\u4e8c\u96c6:https://youtu.be/iW7LM00lny0\n\u25ba\u7b2c\u4e09\u96c6:https://youtu.be/2G5wu61uCM0\n\u25ba\u7b2c\u56db\u96c6:https://youtu.be/-rP1abYv8n4\n\nOnion Man \u95dc\u9375\u5b57:\n\u4e2d\u4e8c \u80a5\u5b85 \u55ae\u8eab\u6f22 \u55ae\u8eab \u9b6f\u86c7 \u5c4c\u7d72 \u80a5\u5b85",
        "likeCount": "13944",
        "commentCount": "1722",
        "viewCount": "967442"
    },
    "comments": [
        {
            "reply_id": "UgwI7Wz8CIEVW-mddjJ4AaABAg",
            "reply_content": "\u967d\u660e\u9ad8\u4e2d?"
        },
        {
            "reply_id": "UgzyAtVKjyypQscuFa94AaABAg",
            "reply_content": "\u793e\u6703\u8003\u524d\u885d\u523a\u73ed \u9ed1\u677f\u4e0a\u5beb\u6578\u5b78\u7b26\u865f \u5a77\u5a77\uff01\u8dd1\u932f\u9593\u4e86\u5427"
        },
        {
            "reply_id": "Ugy09CPjtZmtG3IhmLJ4AaABAg",
            "reply_content": "\u4e0a\u81fa\u5927\u4e86 \u7c3d"
        },
        {
            "reply_id": "UgwiJUJDEszJve3d9X94AaABAg",
            "reply_content": "\u53f0\u7063\u7684\u5347\u5b78\u4e3b\u7fa9\u771f\u7684\u5f88\u53ef\u6015 \n\u5230\u4e00\u500b\u55aa\u5fc3\u75c5\u72c2\u7684\u5730\u6b65\n\u6700\u5f8c\u90a3\u500b\u7269\u7406\u4e4b\u795e\u63e1\u624b\u6211\u771f\u7684\u7b11\u5674\n\u4e0d\u904e\u73fe\u5728\u61c9\u8a72\u6bd4\u8f03\u597d\u4e86\n\u621191\u5e74\u6b21\u7684\n\u524d\u9663\u5b50\u6559\u6539\n\u4e0d\u77e5\u9053\u73fe\u5728\u8003\u5927\u5b78\u7684\u5236\u5ea6\u5982\u4f55\n\u4ee5\u5206\u6578\u70ba\u552f\u4e00\u8a55\u65b7\u6a19\u6e96\u7684\u6642\u4ee3\u61c9\u8a72\u5728\u6162\u6162\u904e\u53bb"
        },
        {
            "reply_id": "Ugz_BlnUS0L1EX7U2LJ4AaABAg",
            "reply_content": "\u6709\u4eba\u77e5\u9053\u6d0b\u8525\u8b80\u4ec0\u9ebc\u79d1\u7cfb\u55ce\uff1f"
        },
        {
            "reply_id": "Ugypd5VUCt34k8kD7MF4AaABAg",
            "reply_content": "\u6211\u662f\u67d0\u570b\u7acb\u9ad8\u8077\u96fb\u6a5f\u79d1\u7684\uff0c\u9ad8\u4e00\u9ad8\u4e8c\u9ad8\u4e09\u5e73\u5e38\u6211\u6210\u7e3e\u90fd\u662f\u540a\u8eca\u5c3e\uff0c\u4f46\u6c92\u60f3\u5230\u6211\u7d71\u6e2c\uff0803\uff09\u53ef\u4ee5\u8003\u5168\u73ed\u7b2c\u4e09\u9ad8"
        },
        {
            "reply_id": "UgwTQH5WqPN8bmnEhmd4AaABAg",
            "reply_content": "\u54c8\u54c8\u54c8\u54c8"
        },
        {
            "reply_id": "UgzxQwZso-PDFhGtpt94AaABAg",
            "reply_content": "\u6211\u4e00\u958b\u59cb\u7684\u5fd7\u9858\u4e5f\u662f\u4e2d\u5b57\u8f29,\u76ee\u6a19\u662f\u4e2d\u592e,\u4f46\u5f8c\u9762\u7687\u5929\u4e0d\u8ca0\u82e6\u5fc3\u4eba,\u8b93\u6211\u8003\u5230\u4e2d\u539f\u5927\u5b78,\u7136\u5f8c\u6211\u6c38\u9060\u8a18\u5f97\u4e2d\u539f\u96fb\u5b50\u7684\u5b78\u8cbb\u4e00\u5b78\u671f\u662f55095"
        },
        {
            "reply_id": "UgycKvVV7M-YBsxMpEd4AaABAg",
            "reply_content": "\u62114\u500b\u6708\u524d\u5728\u8003\u5b78\u6e2c\u7684\u6642\u5019\u6211\u76f4\u63a5\u5e36\u4e00\u500bPOP\u8003\u5b8c\u4e00\u79d1\u5c31\u4e00\u76f4\u58d3\ud83d\ude0a"
        },
        {
            "reply_id": "UgzYKHSw478BtZiYrJR4AaABAg",
            "reply_content": "\u9ad8\u4e09\u624d\u958b\u59cb\u7dca\u5f35\n\u9019\u5c31\u7b97\u4e86\u6211\u9084\u9078\u8de8\u79d1\u8003\n\u771f\u7684\u8981\u3118\u3128\u311a\u02cb\u4e86\n\u5f9e\u982d\u958b\u59cb\u8b80\u9084\u6709\u53ef\u80fd\u4e0a\u516c\u7acb\u55ce\ud83d\ude31"
        },
        {
            "reply_id": "UgwxDNoMUnQ0mbzobG14AaABAg",
            "reply_content": "\u6d0b\u8525\u5047\u8a2d\u7684\u984c\u76ee\u597d\u7c21\u55ae"
        },
        {
            "reply_id": "UgzIkXh06DUU7HdmkCh4AaABAg",
            "reply_content": "\u770b\u5230\u904b\u52d5\u670d\u5916\u5957\u597d\u61f7\u5ff5\u554a\uff01"
        },
        {
            "reply_id": "UgxJnaPTivasiTZGia94AaABAg",
            "reply_content": "\u8525\u54e5\u771f\u7684\u88ab\u570b\u4e2d\u8001\u5e2b\u5f71\u97ff\u5f88\u6df1\n\u8003\u8a66\u6210\u7e3e\u771f\u7684\u4e0d\u4ee3\u8868\u9ad8\u4f4e\u4eba\u7b49"
        },
        {
            "reply_id": "Ugyi-WYp8Zcq5935s0J4AaABAg",
            "reply_content": "\u967d\u660e\u9ad8\u4e2d"
        },
        {
            "reply_id": "UgwCnDz_Lb3siPZCTo94AaABAg",
            "reply_content": "\u8d85\u4fd7"
        },
        {
            "reply_id": "Ugxs1o7_DBS75pBKLp14AaABAg",
            "reply_content": "\u6797\u826f\u8001\u5e2b\u4e0d\u662f\u689d\u78bc\u982d\u6ef7\u5473\u8001\u95c6\u561b\u22ef"
        },
        {
            "reply_id": "UgxEWwYZYLdh1cVfpEZ4AaABAg",
            "reply_content": "\u6d0b\u8525\u5c0f\u817f\u883b\u58ef\u7684"
        },
        {
            "reply_id": "UgzcXWv6kqbex587CIN4AaABAg",
            "reply_content": "\u9019\u6a23\u770b\u4e0b\u4f86\u6d0b\u8525\u6839\u672c\u5c31\u4e0d\u662f\u80a5\u5b85\uff0c\u4e5f\u4e0d\u662f\u908a\u7de3\u4eba \u7b11\u6b7b"
        },
        {
            "reply_id": "UgygfLrKvrZTE9RXQVF4AaABAg",
            "reply_content": "\u7d05\u5091\u662f\u771f\u6b63\u7684\u721b\u547d\u4e00\u689d"
        },
        {
            "reply_id": "UgwQ900wkqUe2JXMUN94AaABAg",
            "reply_content": "\u5f9e\u4ee5\u524d\u5927\u8003\u5c31\u5f88\u4e0d\u559c\u6b61\u4e00\u5806\u540c\u5b78\u8003\u5b8c\u4e00\u79d1\u5c31\u5728\u90a3\u908a\u8a0e\u8ad6\u7b54\u6848\uff0c\u662f\u6709\u6c92\u6709\u90a3\u9ebc\u60f3\u65e9\u77e5\u9053\u81ea\u5df1\u8003\u5e7e\u5206==?\u6709\u5920\u7834\u58de\u7bc0\u594f\u8ddf\u5fc3\u60c5\u7684"
        }
    ]
}