{
    "video_info": {
        "id": "ubX2a2mKi5I",
        "channelTitle": "Onion Man",
        "title": "Onion Man | \u7d05\u5305\u884c\u60c5\u7adf\u89813600\u5143?? \u670b\u53cb\u5011\u760b\u72c2\u7d50\u5a5a\u8377\u5305\u898b\u5e95\uff01 | \u5a5a\u79ae\u5fc3\u60c5\u4e94\u5473\u96dc\u9673\u7bc7",
        "description": "\u4e0d\u8981\u518d\u64ad\u6210\u9577\u5f71\u7247\u4e86\u5566~\n*\u5167\u5bb9\u7d14\u5c6c\u5a1b\u6a02\u5410\u69fd\uff0c\u7121\u60e1\u610f\n*\u7247\u4e2d\u7167\u7247\u8207\u6d0b\u8525\u7fa4\u672c\u4eba\u7121\u95dc\u806f\n\n\u611f\u8b1dONIONMETA DC\u7fa4\u53cb\u5ba2\u4e32\u5973\u4e3b\u6301\u4eba\n IG:https://instagram.com/teresa._.0712?utm_medium=copy_link\n\n\u3010\u8a02\u95b1\u3011\u53ca\u89c0\u770b\u6d0b\u8525\u66f4\u591a\u5f71\u7247: https://goo.gl/ijP3Eb\n\n\u5de5\u4f5c\u5408\u4f5c\uff1aonionmanwork@gmail.com\nOnion Man \u767e\u842c\u8ffd\u8e64\u7c89\u7d72\u5718:goo.gl/Z5CSvw\n\n\u6700\u65b0\u963f\u6587\u8cbc\u5716:https://reurl.cc/GxYjA\n\n\u7b2c\u4e00\u4ee3\u963f\u6587line\u8cbc\u5716:https://reurl.cc/Wroxx\n\n\u6d0b\u8525\u79c1\u751f\u6d3bIG:https://www.instagram.com/onionman__/\n\n\n\u904b\u52d5\u6f2b\u756b\u88e1\u7684\u4e2d\u4e8c\u8001\u6897\u5287\u60c5\n\u25ba\u7b2c\u4e00\u96c6:https://youtu.be/cMoV1rPH35k\n\u25ba\u7b2c\u4e8c\u96c6:https://youtu.be/iW7LM00lny0\n\u25ba\u7b2c\u4e09\u96c6:https://youtu.be/2G5wu61uCM0\n\u25ba\u7b2c\u56db\u96c6:https://youtu.be/-rP1abYv8n4\n\nOnion Man \u95dc\u9375\u5b57:\n\u4e2d\u4e8c \u80a5\u5b85 \u55ae\u8eab\u6f22 \u55ae\u8eab \u9b6f\u86c7 \u5c4c\u7d72 \u80a5\u5b85",
        "likeCount": "13832",
        "commentCount": "1396",
        "viewCount": "735109"
    },
    "comments": [
        {
            "reply_id": "Ugyj6bRvbSAJSO0ixrt4AaABAg",
            "reply_content": "\u4e0d\u7528\u592a\u611f\u52d5\u5566\uff0c\u53cd\u6b63\u73fe\u5728\u96e2\u5a5a\u7387\u5f88\u9ad8\ud83d\ude02"
        },
        {
            "reply_id": "UgxYlq5I10riux5EEsp4AaABAg",
            "reply_content": "\u6211\u5f9e\u4e0d\u53c3\u52a0\u5973\u6027\u670b\u53cb\u548c\u7537\u6027\u7684\u5a5a\u79ae\u5c31\u662f\u4e86\n\u770b\u8457\u5979\u8b8a\u6210\u7537\u6027\u5bb6\u7684\"\u6771\u897f\" , \u771f\u662f\u7b11\u4e0d\u51fa\u4f86\u963f"
        },
        {
            "reply_id": "UgwQy-GNmS1dMJmEXf14AaABAg",
            "reply_content": "\u6bcf\u6b21\u53c3\u52a0\u5a5a\u5bb4\u90fd\u5728\u60f3\u83dc\u53ef\u4e0d\u53ef\u4ee5\u4e0a\u5feb\u9ede\ud83d\ude02"
        },
        {
            "reply_id": "UgxRTkaDcB6scGpXwhF4AaABAg",
            "reply_content": "\u54c7 \u6771\u57d4\u91cc\uff1f\u6d0b\u8525\u7684\u670b\u53cb\u4f4f\u591c\u5e02\u9019\u88e1\u5594\uff1f"
        },
        {
            "reply_id": "UgxcJxDnmKg1yTQAlAF4AaABAg",
            "reply_content": "\u597d\u5de7\u6b50!\u6211\u5abd\u5abd\u5c31\u53eb\u6dd1\u83ef!"
        },
        {
            "reply_id": "Ugx-YTo19JOJsB3q0Od4AaABAg",
            "reply_content": "\u4e00\u76f4\u89ba\u5f97\u81ea\u5df1\u7d50\u5a5a\u5206\u4eab\u559c\u6085\u53c8\u4e0d\u80fd\u96a8\u559c\u5305\u7d05\u5305\u6cbe\u559c\u6c23\u975e\u5f97\u8981\u5305\u5230\u67d0\u500b\u6578\u5b57\u53bbcover\u65b0\u4eba\u559c\u5bb4\u7684\u7fd2\u4fd7\u8d85\u5947\u602a \u8ddf\u6211\u53bb\u9910\u5ef3\u4ed8\u9322\u5403\u98ef\u6709\u5565\u5169\u6a23?"
        },
        {
            "reply_id": "Ugyh5XAcDscNtBuZakB4AaABAg",
            "reply_content": "\u6211\u7684\u540c\u5b78\u5c31\u53eb\u9673\u6dd1\u83efXD"
        },
        {
            "reply_id": "UgwT1qJ9O24RuKWltI54AaABAg",
            "reply_content": "\u5b8c\u4e86 \u6211\u5168\u540d\u9673\u51a0\u8c6a\u548c\u6d0b\u8525\u8aaa\u7684\u9673\u51a0\u5ef7\u540d\u5b57\u597d\u50cf"
        },
        {
            "reply_id": "UgyxSFGixPF2ZEpTaeN4AaABAg",
            "reply_content": "\u5e0c\u671b\u964b\u7fd2\u6709\u4e00\u5929\u6d88\u5931\n\u5a5a\u79ae\u53ea\u8981\u795d\u798f\uff5e"
        },
        {
            "reply_id": "Ugw2mrGFyqZeonAFJeh4AaABAg",
            "reply_content": "\u6211\u5927\u5b78\u540c\u5b78\u90fd\u8ddf\u6211\u4e00\u6a23\u90fd\u662f\u500b\u9b6f\u86c7\u80a5\u5b85\uff0c\u5225\u8aaa\u7d50\u5a5a\u4e86\u9023\u5973\u670b\u53cb\u90fd\u6c92\u6709\uff0c\u6240\u4ee5\u6839\u672c\u4e0d\u6703\u88ab\u7d05\u8272\u70b8\u5f48\u70b8\u5230\ud83e\udd23"
        },
        {
            "reply_id": "Ugw-3UKEDM1JcZ7WV1h4AaABAg",
            "reply_content": "\u7d05\u5305\u6211\u90fd\u5beb \u7d66\u4f60\u9322"
        },
        {
            "reply_id": "UgxADZP2hDlE71Hi7Bl4AaABAg",
            "reply_content": "\u908a\u7de3\u4eba \u6c92\u670b\u53cb \u4e0d\u7528\u64d4\u5fc3 \u7d05\u5305\u6587\u5316\u554f\u984c"
        },
        {
            "reply_id": "UgwPS9CHzgbhAIi5y-V4AaABAg",
            "reply_content": "\u5305\u7d05\u5305\u4e0d\u662f\u554f\u984c\uff0c\u554f\u984c\u662f\u73fe\u5728\u7684\u59b9\u90fd\u6c92\u6709\u4e00\u500b\u6b63\u9ede"
        },
        {
            "reply_id": "Ugy51D8NPkR7vYcUbr54AaABAg",
            "reply_content": "\u662f\u611f\u52d5\u6642\u523b\u5427\ud83d\ude02\n\u4f60\u6253\u932f\u5b57\u4e86"
        },
        {
            "reply_id": "UgyJ3aJxe5G3lIiUqXV4AaABAg",
            "reply_content": "\u4f86\u5927\u9678\u5566\uff0c\u59b9\u591a\u8d85\u6b63\u6b38"
        },
        {
            "reply_id": "UgzgyXk6z5pHvnEsiRN4AaABAg",
            "reply_content": "\u96e2\u5a5a\u8a18\u5f97\u9000\u79ae\u91d1"
        },
        {
            "reply_id": "Ugx15joc4mhOwpg6sFd4AaABAg",
            "reply_content": "\u67cf\u5747\u597d\u77ee\u597d\u53ef\u611b"
        },
        {
            "reply_id": "UgxvYdABn8FjF0C29Sd4AaABAg",
            "reply_content": "\u6211\u4ee5\u70ba\u7d50\u5c3e\u6703\u6311\u51fa\u4ec0\u9ebc\u4ea4\u53cb\u8edf\u9ad4\u7684\u696d\u914d\u4e4b\u985e\u7684\u6b38\ud83d\ude02"
        },
        {
            "reply_id": "UgxWnMjFfCo5uP0eFzt4AaABAg",
            "reply_content": "\u6c92\u6709\u670b\u53cb\u5c31\u597d \u54c7\u54c8\u54c8\u54c8\u54c8\u54c8"
        },
        {
            "reply_id": "UgzbHmFbJ74hWyFeE494AaABAg",
            "reply_content": "\u535a\u921e\u8868\u793a\uff0c\u809a\u5b50\u597d\u9913"
        }
    ]
}