{
    "video_info": {
        "id": "ucvBM_NHRz4",
        "channelTitle": "Onion Man",
        "title": "Onion Man | \u4ee5\u53f0\u5927\u70ba\u76ee\u6a19\uff01\u9ad8\u4e2d\u5347\u5927\u5b78\u7cfb\u5217\uff01 (\u4e8c) \u5b78\u6e23\u5011\u7684\u89ba\u609f",
        "description": "\u8acb\u5148\u770b\u5b8c\u7b2c\u4e00\u96c6\u8ddf\u963f\u5b78\u7bc7\u518d\u4f86\u770b\u7b2c\u4e8c\u96c6\n\u672c\u96c6\u81f4\u656c\u68cb\u9748\u738b\n\nOnionMeta\u5b98\u7db2: https://www.onionmeta.club/\nOnionMeta : https://opensea.io/collection/onion-meta-official\nOnionMeta\u8fd1\u671f\u8ce6\u80fd\u6574\u7406\n[\u793e\u7fa4\u6700\u8fd1\u7684\u8ce6\u80fd\u6d3b\u52d5\u6574\u7406]\n1.\u7fa4\u5167GK\u8207\u666f\u54c1\u7a81\u8972\u62bd\u734e!! (\u6700\u9ad8\u5e02\u50f9\u905410000\u5143) \n2.\u5b85\u7537\u76db\u4e8b!\u570b\u969b\u96fb\u73a9\u5c55\u9580\u7968 100\u5f35\u514d\u8cbb\u9001!!\n3.\u6d0b\u8525\u5718\u968a\u5982\u4f55\u62b5\u64cb\u516c\u552e\u6a5f\u5668\u4eba\u7684?\u9996\u6ce2\u6d0b\u8525\u5b87\u5b99\u5c08\u5c6c\u6f14\u8b1b-\u6280\u8853\u9577\u5f37\u5c3c\u7684\u7d42\u6975\u9632\u79a6\u529b\u89e3\u6790!\n4.\u6d0b\u8525\u8207\u62f3\u723a\u7531\u611b\u8f49\u6068? \u528d\u9b42\u751f\u6b7b\u9b25! \u8ced\u4e0a\u5404\u81ea\u7684\u5c0a\u56b4!\u7c89\u7d72\u9078\u908a\u7ad9!!!\u5718\u968a\u63d0\u4f9b1.1\u9846\u4ee5\u592a\u5e63\u7d66\u53f0\u4e0b\u7684\u8525\u7c89\u62f3\u7c89\u505a\u70ba\u734e\u91d1\n5.\u9805\u76ee\u65b9\u4e4b\u53cb\u7684\u767d\u540d\u55ae\u62bd\u734e~! \u611f\u8b1d\u738b\u72d7\u3001\u653e\u514b\u96de\u3001\u53cd\u9aa8\u5718\u968a\u63d0\u4f9b\u767d\u540d\u55ae\u540d\u984d!\n6.OnionMeta\u6d0b\u8525\u5b87\u5b99\u9996\u6b21\u734e\u91d1\u904a\u6232\u8cfd! \u7e3d\u734e\u91d1\u9ad8\u905410\u9846\u4ee5\u592a\u5e63!! \u7b2c\u4e00\u8f2a\u904a\u6232-\u4f60\u756b\u6211\u731c!\n7.\u5e74\u5f8c\u4e4b\u812b\u96e2\u80a5\u5b85\u8a08\u756b!!\uff0c\u8207Leisure Bespoke\u806f\u540d\u7279\u60e0\u6d3b\u52d5!!!\u6e96\u5099\u597d\u518d\u5e74\u5f8c\u7a7f\u897f\u88dd\u5e25\u4e00\u6ce2\u5427!!!\n8.\u548c\u5973\u795eNiya\u4e00\u8d77\u540c\u6a02!\uff0c\u8207Niya\u548c\u6d0b\u8525\u5c0d\u6230\u70b8\u5f48\u8d85\u4eba! \u52dd\u5229\u8005\u53ef\u7372\u5f97\u9b3c\u6ec5 x Xrage \u806f\u540d\u5546\u54c1\n9.\u734e\u91d1\u904a\u6232\u8cfd\u7b2c\u4e8c\u8f2a\u904a\u6232-\u70b8\u5f48\u8d85\u4eba!\n\n\n\u3010\u8a02\u95b1\u3011\u53ca\u89c0\u770b\u6d0b\u8525\u66f4\u591a\u5f71\u7247: https://goo.gl/ijP3Eb\n\n\u5de5\u4f5c\u5408\u4f5c\uff1aonionmanwork@gmail.com\nOnion Man \u767e\u842c\u8ffd\u8e64\u7c89\u7d72\u5718:goo.gl/Z5CSvw\n\n\u6700\u65b0\u963f\u6587\u8cbc\u5716:https://reurl.cc/GxYjA\n\n\u7b2c\u4e00\u4ee3\u963f\u6587line\u8cbc\u5716:https://reurl.cc/Wroxx\n\n\u6d0b\u8525\u79c1\u751f\u6d3bIG:https://www.instagram.com/onionman__/\n\n\n\u904b\u52d5\u6f2b\u756b\u88e1\u7684\u4e2d\u4e8c\u8001\u6897\u5287\u60c5\n\u25ba\u7b2c\u4e00\u96c6:https://youtu.be/cMoV1rPH35k\n\u25ba\u7b2c\u4e8c\u96c6:https://youtu.be/iW7LM00lny0\n\u25ba\u7b2c\u4e09\u96c6:https://youtu.be/2G5wu61uCM0\n\u25ba\u7b2c\u56db\u96c6:https://youtu.be/-rP1abYv8n4\n\nOnion Man \u95dc\u9375\u5b57:\n\u4e2d\u4e8c \u80a5\u5b85 \u55ae\u8eab\u6f22 \u55ae\u8eab \u9b6f\u86c7 \u5c4c\u7d72 \u80a5\u5b85",
        "likeCount": "16744",
        "commentCount": "2141",
        "viewCount": "1148769"
    },
    "comments": [
        {
            "reply_id": "UgxqgDvjarobyutRerp4AaABAg",
            "reply_content": "\u7d50\u679c\u6700\u5f8c\u6d0b\u8525\u73fe\u5728\u6210\u70ba\u4e86\u767e\u842c\u8a02\u95b1\u7684\u4e3b\u64ad\uff0c\u6709\u4eba\u62fc\u547d\u8b80\u66f8\u73fe\u5728\u9084\u4e0d\u662f\u4e00\u6a23\uff0c\u6bcf\u5929\u7e7c\u7e8c\u8981\u6b7b\u8981\u6d3b\u7684\u8cfa\u9322"
        },
        {
            "reply_id": "UgxlcgO2EI-BsMuS_pZ4AaABAg",
            "reply_content": "\u6211\u8a8d\u771f\u89ba\u5f97\u9019\u662f\u5e7e\u500b\u6708\u5f8c\u7684\u6211"
        },
        {
            "reply_id": "UgwL_TsZm9uQc7QvdDh4AaABAg",
            "reply_content": "\u6211\u4eca\u5e74\u5c0f\u516d \u6210\u7e3e\u666e\u666e \u4e2d\u9593\u800c\u5df2 \u770b\u4e86\u4f60\u7684\u5f71\u7247\u4e4b\u5f8c \u6211\u6253\u8d77\u4fe1\u5fc3 \u6c7a\u5b9a\u8a8d\u771f\u898f\u5283\u6211\u7684\u4eba\u751f"
        },
        {
            "reply_id": "UgyJbsQItcLrHx8oUY54AaABAg",
            "reply_content": "\u5973\u53cb\u7684\u6545\u4e8b\uff5e"
        },
        {
            "reply_id": "Ugym2xSuTetcvNjxFIZ4AaABAg",
            "reply_content": "\u771f\u5e0c\u671b\u6211\u80fd\u65e9\u9ede\u770b\u5230\u9019\u90e8\u5f71\u7247..."
        },
        {
            "reply_id": "UgxzqSI7TyhDw9IOiFx4AaABAg",
            "reply_content": "\u56de\u60f3\u8d77\u6211\u7238\u7238\u8ddf\u6211\u8aaa\u904e\u7684\u8a71...\n\u7238\uff1a\u7576\u5e74\u6211\u662f\u8a9e\u6587\u5b78\u9738\uff0c\u4f46\u6211\u6c92\u6709\u653e\u68c4\u6578\u5b78\uff0c\u61c9\u8a72\u8aaa\u4e0d\u60f3\u653e\u68c4...\u56e0\u6b64\u6709\u6642\u9593\u90fd\u5728\u505a\u6578\u5b78\u3001\u7269\u7406\u8207\u5316\u5b78\u7684\u984c\u76ee\uff0c\u6700\u7d42\u6211\u4ee5\u5012\u6578\u7b2c\u4e94\u540d\u7684\u6210\u7e3e\u8003\u5165\u6771\u6d77\u5927\u5b78\uff0c\u9000\u4f0d\u7d50\u5a5a\u5f8c\u8ddf\u8457\u7b2c\u4e00\u6279\u83ef\u4eba\u51fa\u570b\uff0c\u8b80\u5b8c\u78a9\u58eb\u535a\u58eb\u5f8c\u5728\u5b78\u6821\u7576\u52a9\u6559\u5169\u5e74\u3002\u56de\u4e86\u53f0\u7063\u7e7c\u7e8c\u505a\u6559\u6388..."
        },
        {
            "reply_id": "UgywKcGFPAmZILE73AR4AaABAg",
            "reply_content": "\u6d0b\u8525\u7248\u68cb\u9748\u738b"
        },
        {
            "reply_id": "UgzIAxZ9w8MRzhuCDsZ4AaABAg",
            "reply_content": "\u9019\u662f\u9032\u85e4\u8ddf\u5854\u77e2\u8aaa\u4e0d\u6703\u653e\u68c4\u570d\u68cb\u7684\u90a3\u4e00\u6bb5\uff1f"
        },
        {
            "reply_id": "UgwewDOTUKXYKi26omR4AaABAg",
            "reply_content": "\u4e0d\u662f\u662f\u8ddf\u8001\u5e2b\u55c6\u8766\u7684\u7d05\u59d0\u672c\u4eba"
        },
        {
            "reply_id": "Ugwtn7s1HCr9AOgtLDp4AaABAg",
            "reply_content": "\u9ad8\u4e2d\u7269\u7406\u771f\u7684\u5f88\u96e3"
        },
        {
            "reply_id": "Ugy1Q_LgV1Zm-UvPD6t4AaABAg",
            "reply_content": "\u6c42\u958b\u982d\u7684\u97f3\u6a02"
        },
        {
            "reply_id": "UgwoqGh6zTmKoaDIO9B4AaABAg",
            "reply_content": "\u611f\u89c9\u770b\u5230\u4e86\u6211\uff5e"
        },
        {
            "reply_id": "Ugw616X3jqA4VVVgUz54AaABAg",
            "reply_content": "\u9019\u96c6\u5206\u93e1\u8ddf\u5c0d\u8a71\u7528\u7684\u662f\u53c3\u8003\u68cb\u9748\u738b\u7684\u6210\u9577\u5fc3\u8def\u4f86\u63cf\u5beb\uff5e"
        },
        {
            "reply_id": "UgwL3XYzrd971ZDYs814AaABAg",
            "reply_content": "\u600e\u9ebc\u9019\u9ebc\u597d\u770b"
        },
        {
            "reply_id": "UgxT3yJ5xH4YD1qn6DV4AaABAg",
            "reply_content": "\u9019\u8ddf\u6211\u9ad8\u4e2d\u7684\u7d93\u6b77\u597d\u50cf\uff0c\u4f46\u6211\u90a3\u6642\u5019\u5728\u6578\u8cc7\u73ed\u4e5f\u662f\u96dc\u9b5a\uff0c\u6821\u6392180\u7684\u90a3\u7a2e\uff0c\u7d50\u679c\u5b78\u6e2c\u5168\u6821\u7b2c\u4e8c\uff0c\u8d85\u7d1a\u597d\u7b11\uff0c\u5e73\u5e38\u9ad8\u4e8c\u9ad8\u4e09\u6bb5\u8003\u57fa\u672c\u4e0a\u90fd\u8003\u5012\u6578"
        },
        {
            "reply_id": "UgwnmvPox2V4otSR1VB4AaABAg",
            "reply_content": "\u9760\u56de\u4f86\u770b\u624d\u767c\u73fe\u963f\u5b78\u6839\u672c\u4e0d\u7b97\u5ee2\u7269\u8b8a\u5929\u624d\u554a\n\uff0c\u4f60\u5011\u5b78\u6821\u5c31\u5df2\u7d93\u662fPR90\u5de6\u53f3\u7684\u5b78\u6821\u4e86\uff0c\u57fa\u672c\u4e0a\u90fd\u5f88\u8070\u660e\u597d\u4e0d\u597d..."
        },
        {
            "reply_id": "UgycPbPhA4d3ryYyjrh4AaABAg",
            "reply_content": "\u770b\u8fd9\u4e2a\u771f\u7684\u60f3\u8d77\u6765\u4ee5\u524d\u5ff5\u7269\u7406\u548c\u6570\u5b66\u90a3\u79cd\u8981\u6b7b\u7684\u5fc3\u6001\ud83d\ude02\u8001\u5e08\u8bfe\u4e0a\u5f88\u5feb\u7684\u5c31\u8fc7\u6389\u4e00\u4e32\u7269\u7406\u77e5\u8bc6\uff0c\u7559\u6211\u8bfe\u540e\u5728\u90a3\u7ea0\u7ed3\uff0c\u7136\u540e\u53bb\u95ee\u95ee\u9898\u8001\u5e08\u4e5f\u662f\u60ca\u8bb6\u8fd9\u4e2a\u4e0d\u4f1a\u505a\u54e6\u3002\u770b\u540c\u5bbf\u820d\u7684\u5973\u751f\u6570\u5b66\u9898\u968f\u4fbf\u89e3\u89e3\uff0c\u53ef\u4e5f\u662f\u597d\u591a\u6211\u4e0d\u4f1a\u7684\ud83d\ude22"
        },
        {
            "reply_id": "Ugx-XYKpxaa3RjI76KN4AaABAg",
            "reply_content": "\u600e\u9ebc\u6709\u68cb\u9748\u738b\u7684\u611f\u89ba"
        },
        {
            "reply_id": "Ugy7xmCkGunKksD0ptx4AaABAg",
            "reply_content": "\u6d0b\u8525\u88dc\u7fd2\u73ed\u7684\u5927\u53d4\u4eba\u9084\u4e0d\u932f\u554a\uff0c\u9084\u6703\u8acb\u98f2\u6599\u3002"
        },
        {
            "reply_id": "UgwoE3ssY7Uk6ga37IR4AaABAg",
            "reply_content": "\u88dc\u7fd2\u73ed\u52a9\u7406\u9084\u9001\u4f6050\u771f\u597d"
        }
    ]
}