{
    "video_info": {
        "id": "V5aof3g3KZw",
        "channelTitle": "Onion Man",
        "title": "Onion Man | \u6613\u80d6\u9ad4\u8cea\u7684\u75db\u82e6\u4eba\u751f\uff01\u6311\u6230\u6b50\u6d32\u9ad8\u71b1\u91cf\u7f8e\u98df\u4e0d\u8b8a\u80a5\uff01\u81ea\u5f8b\u4e4b\u9b3c\u6d0b\u8525\u7bc7",
        "description": "\u4e00\u751f\u90fd\u88ab\u6e1b\u80a5\u7d81\u4f4f\uff0c\u7e3d\u662f\u5728\u7bc0\u98df\u7121\u6cd5\u76e1\u60c5\u4eab\u53d7\n\u4f46\u53c8\u60f3\u7dad\u6301\u7626\u7626\u7684\u6a23\u5b50\n\u9019\u8d9f\u6d0b\u8525\u60f3\u958b\u4e86\uff0c\u6c7a\u5b9a\u6539\u8b8a\u5fc3\u614b\n\n\u611f\u8b1d\u672c\u9031\u4e7e\u7239\uff1a\n\u9019\u6b21\u7d42\u65bc\u53ef\u4ee5\u745f\u745f\u5566\uff01\n\u300a\u6afb\u5883\u7269\u8a9e\u300bEROLABS\u4e0a\u8eca\u5165\u53e3\uff1ahttps://l.hyenadata.com/s/1ISQVX\n\n\u3010\u8a02\u95b1\u3011\u53ca\u89c0\u770b\u6d0b\u8525\u66f4\u591a\u5f71\u7247: https://goo.gl/ijP3Eb\n\n\u5de5\u4f5c\u5408\u4f5c\uff1aonionmanwork@gmail.com\nOnion Man \u767e\u842c\u8ffd\u8e64\u7c89\u7d72\u5718:goo.gl/Z5CSvw\n\n\u6700\u65b0\u963f\u6587\u8cbc\u5716:https://reurl.cc/GxYjA\n\n\u7b2c\u4e00\u4ee3\u963f\u6587line\u8cbc\u5716:https://reurl.cc/Wroxx\n\n\u6d0b\u8525\u79c1\u751f\u6d3bIG:https://www.instagram.com/onionman__/\n\n\n\u904b\u52d5\u6f2b\u756b\u88e1\u7684\u4e2d\u4e8c\u8001\u6897\u5287\u60c5\n\u25ba\u7b2c\u4e00\u96c6:https://youtu.be/cMoV1rPH35k\n\u25ba\u7b2c\u4e8c\u96c6:https://youtu.be/iW7LM00lny0\n\u25ba\u7b2c\u4e09\u96c6:https://youtu.be/2G5wu61uCM0\n\u25ba\u7b2c\u56db\u96c6:https://youtu.be/-rP1abYv8n4\n\nOnion Man \u95dc\u9375\u5b57:\n\u4e2d\u4e8c \u80a5\u5b85 \u55ae\u8eab\u6f22 \u55ae\u8eab \u9b6f\u86c7 \u5c4c\u7d72 \u80a5\u5b85",
        "likeCount": "8799",
        "commentCount": "731",
        "viewCount": "611967"
    },
    "comments": [
        {
            "reply_id": "UgyXJKhUXnLifPte3jN4AaABAg",
            "reply_content": "\u7c73\u98ef\u6700\u9ad8\u2764"
        },
        {
            "reply_id": "UgzKcQBxDatEuErj2FZ4AaABAg",
            "reply_content": "\u6211\u5403\u7684\u65b9\u5f0f\u4e5f\u8ddf\u6d0b\u8525\u3127\u6a23 \n\u3127\u661f\u671f\u6709\u4e00\u5929\u7206\u98df\n\u5176\u4ed6\u53ea\u5403\u4e8c\u9910\u4e14\u5065\u5eb7\u9910\n\u7d50\u679c\u7206\u98df\u3116\u90a3\u5929\u56de\u6703\u975e\u5e38\u7206\u98df \u53cd\u800c\u8d8a\u4e0d\u5065\u5eb7\ud83d\ude05"
        },
        {
            "reply_id": "UgxV_23Fj5t-bmd7CSl4AaABAg",
            "reply_content": "\u8525\u8525\u8981\u53bb\u67e5\u67e5\u770b\u6709\u6c92\u6709\u764c\u75c7\u5594"
        },
        {
            "reply_id": "UgwWrwJMmwTsp1Olcvd4AaABAg",
            "reply_content": "\u50cf\u7cbe\u5b50\u7684\u5473\u9053\uff1f\uff1f\u770b\u6765\u662f\u6709\u6df1\u5589\u54e6"
        },
        {
            "reply_id": "UgwIoH6MnIjng-6DfdJ4AaABAg",
            "reply_content": "\u5176\u5be6\u653e\u5047\u65c5\u904a\u5c31\u653e\u8f15\u9b06\uff0c\u6211\u4e5f\u662f\u80d6\u9ad4\u8cea\uff0c\u5e73\u6642\u63a7\u5236\u5c31\u53ef\u4ee5\u4e86\uff0c\u73fe\u5728\u7626\u4e86\uff0c\u4e5f\u5f88\u96e3\u80d6\u56de\u53bb\ud83d\ude02"
        },
        {
            "reply_id": "UgyQSMKGsYRXgOegJMx4AaABAg",
            "reply_content": "\u6d0b\u8525\u624d63\u516c\u65a4\u6703\u4e0d\u6703\u592a\u7626"
        },
        {
            "reply_id": "UgxCSJGpuFqUJ1L322B4AaABAg",
            "reply_content": "\u98f2\u98df\u592a\u6975\u7aef\u4e86\u5566\uff5e\u5e73\u5e38\u6b63\u5e38\u98f2\u98df\uff0c\u4e0d\u6975\u7aef\u98f2\u98df\uff0c\u5c31\u4e0d\u7528\u64d4\u5fc3\u9ad4\u91cd\u6e9c\u6e9c\u7403\u4e86\ud83d\ude02"
        },
        {
            "reply_id": "UgxGihpMCDFrZvVb56V4AaABAg",
            "reply_content": "\u597d\u5389\u5bb3\uff0c\u6211\u51fa\u53bb\u90fd\u662f\u5927\u5403\u7279\u5403\u5230\u8981\u4e70\u5065\u80c3\u6d88\u98df\u7247\uff0c\u5403\u5230\u540e\u9762\u6218\u6597\u529b\u8d8a\u6765\u8d8a\u4e0b\u660e\u660e\u4e00\u5929\u8fd0\u52a8\u91cf\u8fd8\u5f88\u4e0d\u9519"
        },
        {
            "reply_id": "UgzQ5OapeWe2xVnE64V4AaABAg",
            "reply_content": "\u8fd9\u6837\u5b50\u51cf\u80a5\u6cd5\u592a\u8f9b\u82e6\u4e86\ud83d\ude02"
        },
        {
            "reply_id": "UgzB_xhG74YzBpzd9xp4AaABAg",
            "reply_content": "\u6709\u6ca1\u6709\u53ef\u80fd\uff0c\u4f60\u56e0\u4e3a\u7d27\u5f20\u800c\u66b4\u996e\u66b4\u98df\u3002"
        },
        {
            "reply_id": "UgzGC_4eqQDNte8HU8x4AaABAg",
            "reply_content": "\u51fa\u53bb\u73a9\u5e79\u561b\u8981\u7bc0\u5236"
        },
        {
            "reply_id": "UgzQhaXMgpkTOy7RAb14AaABAg",
            "reply_content": "\u5317\u6b50\u7269\u50f9\u771f\u6050\u6016~"
        },
        {
            "reply_id": "UgzxjHH1CGaIANz3Y554AaABAg",
            "reply_content": "\u5e78\u597d\u6211\u4e0d\u662f\u6613\u80d6\u4f53\u8d28\uff0c\u53ef\u4ee5\u4e71\u5403\ud83d\ude02"
        },
        {
            "reply_id": "UgxcqA8TGvK1JM3bBK94AaABAg",
            "reply_content": "\u6211\u81ea\u5df1\u4e5f\u662f\u6613\u80d6\u9ad4\u8cea \u5176\u5be6\u8981\u7626\u4e0d\u96e3 7\u5206\u9760\u98f2\u98df3\u5206\u9760\u904b\u52d5 \u53ea\u8981\u4e00\u5929\u651d\u53d6\u4e0d\u5230\u4e00\u5b9a\u7684\u71b1\u91cf\u7d55\u5c0d\u6703\u66b4\u7626 \u60f3\u6211\u81ea\u5df1\u662f\u4e00\u5929\u4e00\u9910\u6216\u5169\u5929\u4e00\u9910 \u9019\u6a23\u5c31\u7626\u4e8613\u516c\u65a4\u4e86"
        },
        {
            "reply_id": "UgzBdAMKofao2wwB9Nx4AaABAg",
            "reply_content": "\u6211\u500b\u4eba\u662f\u5348\u9910\u4e0d\u5403\uff0c\u9084\u6709\u770b\u5230\u8d8a\u591a\u6599\u7406\uff0c\u8d8a\u53cd\u80c3\u8d8a\u4e0d\u60f3\u5403~\u6211\u4ee5\u524d\u9084\u89ba\u5f97\u5403\u6771\u897f\u5f88\u7121\u804a\uff0c\u73fe\u5728\u770b\u5230\u5f9e\u5c0f\u5230\u5927\u6599\u7406\u5f88\u4e0d\u60f3\u5403\uff0c\u4f46\u809a\u5b50\u9913\u9084\u662f\u8981\u5403\uff0c\u4f46\u6211\u5982\u679c\u4e00\u500b\u4eba\u4f4f\uff0c\u6211\u6703\u5403\u5065\u5eb7\u53c8\u71df\u990a\u53c8\u4e0d\u591a\u3002\u6709\u5403\u5c31\u4e0d\u6703\u9913\uff01\n\n\u6d0b\u8525\u53ef\u4ee5\u628a\u5403\u7576\u4f5c\u5e78\u798f\uff0c\u6240\u4ee5\u51fa\u570b\u66f4\u611b\u5403\u66f4\u5e78\u798f\u5427\uff01\u263a\ufe0f\u263a\ufe0f\u263a\ufe0f\n\n\u6d0b\u8525\u76ae\u819a\u597d\u767d\u771f\u7fa8\u6155\u5440~\u263a\ufe0f\u263a\ufe0f"
        },
        {
            "reply_id": "Ugyxty7lrXWI_MtmBz54AaABAg",
            "reply_content": "\u6668\u6668\u6709\u5403\u904e\u96de\u96de\u5594\n\u4e0d\u7136\u600e\u9ebc\u77e5\u9053\u90a3\u500b\u5473\u9053\u50cf\u96de\u96de"
        },
        {
            "reply_id": "Ugx_csRaXszvgqvxAJR4AaABAg",
            "reply_content": "\u4e0d\u7ba1\u600e\u9ebc\u66b4\u98f2\u66b4\u98df \u6bcf\u5929\u5403\u5bb5\u591c\u7684\u4eba \u9084\u662f\u7626\u270b"
        },
        {
            "reply_id": "UgzSfEJ1YevfpOMfGWZ4AaABAg",
            "reply_content": "\u7b2c\u4e00\u6b21\u770b\u5230\u4f60\u5973\u670b\u53cb\u5165\u93e1\u4e5f\u592a\u6f02\u4eae\u22ef\u6839\u672c\u4eba\u751f\u52dd\u5229\u7d44\u554a\u22ef\ud83d\ude2e"
        },
        {
            "reply_id": "UgyXFVyeydV1XOEEe7B4AaABAg",
            "reply_content": "\u8981\u4e0d \u4f60\u4e5f\u6210\u4e3a\u5341\u4e8c\u80a5\u4ed4\u4e4b\u4e00\u5427"
        },
        {
            "reply_id": "Ugw5Eb9ZRrWGtcDoULx4AaABAg",
            "reply_content": "\u4f60\u5403\u592a\u591a\u9910\u4e86\u3002"
        }
    ]
}