{
    "video_info": {
        "id": "VodJe1ItEag",
        "channelTitle": "Onion Man",
        "title": "Onion Man | \u5152\u6642\u9ea5\u7576\u52de\u4e03\u5927\u56de\u61b6\u7bc7!! \u6c92\u5728\u9ea5\u7576\u7576\u8ac7\u904e\u6200\u611b\u5225\u8aaa\u4f60\u7576\u904e\u5b78\u751f!!",
        "description": "\u5e7c\u7a1a\u5712\u628a\u9ea5\u7576\u52de\u7576\u7c73\u5176\u6797\u7f8e\u98df\uff0c\u570b\u4e2d\u628a\u90a3\u908a\u7576\u5716\u66f8\u9928\uff0c\u9ad8\u4e2d\u8ddf\u5973\u540c\u5b78\u8ac7\u6200\u611b\u4e92\u9935\u85af\u689d...\u56de\u61b6\u6eff\u6eff\u3109\u6545\u4e8b..\n\n\u9ea5\u7576\u52de\u7684\u7f8e\u54733\u6487\u6b65\n\u8b93\u5927\u9ea5\u514b\u66f4\u597d\u5403\u4e86\n\u4e86\u89e3\u66f4\u591a: https://mcdtw.com/2/12/28/\n\u3010\u8a02\u95b1\u3011\u53ca\u89c0\u770b\u6d0b\u8525\u66f4\u591a\u5f71\u7247: https://goo.gl/ijP3Eb\n\n\u5de5\u4f5c\u5408\u4f5c\uff1aonionmanwork@gmail.com\nOnion Man \u767e\u842c\u8ffd\u8e64\u7c89\u7d72\u5718:goo.gl/Z5CSvw\n\n\u6700\u65b0\u963f\u6587\u8cbc\u5716:https://reurl.cc/GxYjA\n\n\u7b2c\u4e00\u4ee3\u963f\u6587line\u8cbc\u5716:https://reurl.cc/Wroxx\n\n\u6d0b\u8525\u79c1\u751f\u6d3bIG:https://www.instagram.com/onionman__/\n\n\n\u904b\u52d5\u6f2b\u756b\u88e1\u7684\u4e2d\u4e8c\u8001\u6897\u5287\u60c5\n\u25ba\u7b2c\u4e00\u96c6:https://youtu.be/cMoV1rPH35k\n\u25ba\u7b2c\u4e8c\u96c6:https://youtu.be/iW7LM00lny0\n\u25ba\u7b2c\u4e09\u96c6:https://youtu.be/2G5wu61uCM0\n\u25ba\u7b2c\u56db\u96c6:https://youtu.be/-rP1abYv8n4\n\nOnion Man \u95dc\u9375\u5b57:\n\u4e2d\u4e8c \u80a5\u5b85 \u55ae\u8eab\u6f22 \u55ae\u8eab \u9b6f\u86c7 \u5c4c\u7d72 \u80a5\u5b85",
        "likeCount": "8681",
        "commentCount": "1529",
        "viewCount": "497240"
    },
    "comments": [
        {
            "reply_id": "Ugz0msoBVJEDyahNxR94AaABAg",
            "reply_content": "\u7559\u8a00\u4f60\u6700\u611b\u7684\u9ea5\u7576\u7576\u9910\u9ede~\u62bd5\u4f4d\u9001\u6d0b\u8525\u6ed1\u9f20\u588a"
        },
        {
            "reply_id": "Ugz0U0Lt_HDL_k_ssZt4AaABAg",
            "reply_content": "\u6211\u8ddf3\u5e74\u7684\u6697\u6200\u5c0d\u8c61\u7b2c\u4e00\u6b21\u7d04\u6703\u5c31\u662f\u5728\u9ea5\u7576\u52de\uff0c\u5979\u70ba\u4e86\u898b\u6211\u7b49\u6211\u5230\u665a\u4e0a10\u9ede\uff0c\u642d\u6700\u5f8c\u4e00\u73ed\u6377\u904b\u624d\u56de\u53bb\uff0c\u90a3\u4e00\u523b\u6211\u81ea\u59cb\u81f3\u7d42\u90fd\u8a18\u5f97\u5979\u6700\u7f8e\u7684\u6a23\u5b50"
        },
        {
            "reply_id": "Ugw08X-s86qmsHlOwMJ4AaABAg",
            "reply_content": "\u539f\u4f86\u901f\u98df\u6200\u60c5\u662f\u9019\u500b\u610f\u601d\u554a"
        },
        {
            "reply_id": "UgxHqqMAk92f9fPuLUl4AaABAg",
            "reply_content": "\u9ea5\u53ef\u96de\u584a\u4e0d\u597d\u5403\ud83d\ude05"
        },
        {
            "reply_id": "UgyHAUpWp8VYL6Gn2fJ4AaABAg",
            "reply_content": "\u6d0b\u8525\n\u9084\u6709\u6b4c\u7684\u56de\u61b6\n\u6bcf\u9996\u6b4c\u90fd\u6703\u60f3\u8d77\u4e00\u500b\u4eba"
        },
        {
            "reply_id": "UgzQfO885gBoCy-B6zR4AaABAg",
            "reply_content": "\u4e2d\u56fd\u5e38\u5dde\u5357\u5927\u8857\u7684\u9ea6\u5f53\u52b3\u524d\u9762\u6709\u9ea6\u53d4\u53d4\u7684\u5851\u80f6\u96d5\u50cf\u3002\u5c0f\u65f6\u5019\u5168\u5bb6\u4eba\u53bb\u4eba\u6c11\u516c\u56ed\u73a9\uff0c\u5728\u90a3\u91cc\u5403\u7684\u996d\u3002\u6211\u5916\u516c\u628a\u6211\u62b1\u7740\uff0c\u5728\u90a3\u91cc\u62cd\u7167\u3002\n\u9ea6\u53d4\u53d4\u624b\u7533\u5728\u90a3\u91cc\uff0c\u6211\u5988\u5c31\u628a\u4f1e\u6302\u5728\u4e86\u4e0a\u9762\u3002\n\u4e8e\u662f\uff0c\u4f1e\u4f1e\u5c31\u88ab\u5408\u7406\u5730\u9057\u5fd8\u4e86\u3002\n\u65f6\u81f3\u4eca\u65e5\uff0c\u6bcf\u5f53\u6211\u4eec\u7ffb\u5f00\u76f8\u518c\uff0c\u6211\u5988\u5c31\u4f1a\u5bf9\u6211\u5f3a\u8c03\u8fd9\u4e8b\u3002"
        },
        {
            "reply_id": "UgzAwCcim_oqjFLWsLV4AaABAg",
            "reply_content": "\u6d0b\u8525\u64fa\u812b\u9670\u5f71\u4e86\u55ce\uff1f \u9ad8\u4e2d\u8003\u8a66\u7cfb\u5217\u7b49\u5230\u73fe\u5728\u4e86\u5462\n\u5982\u679c\u771f\u7684\u5f88\u96e3\u904e\uff0c\u4e0d\u8981\u52c9\u5f37\u5566"
        },
        {
            "reply_id": "UgxF1JegzCq7htrUMiB4AaABAg",
            "reply_content": "\u9577\u9577\u7684\u6771\u897f\u70ba\u4ec0\u9ebc\u8981\u6253\u78bc"
        },
        {
            "reply_id": "Ugy3j43-_zWCAXXLkmF4AaABAg",
            "reply_content": "\u7247\u5c3e\u90a3\u9996\u914d\u6a02\u662f\u4ec0\u9ebc\u6b4c\u554a!?"
        },
        {
            "reply_id": "UgyH4acPG1I8GCsQfSZ4AaABAg",
            "reply_content": "\u6211\u5c0d\u9ea5\u7576\u7576\u7684\u8a18\u61b6\n\n\u5c31\u662f\u628a\u6240\u6709\u60f3\u5403\u7684\u901a\u901a\u9ede\u4e00\u9ede"
        },
        {
            "reply_id": "UgyzFHhx2ygHJEpYu854AaABAg",
            "reply_content": "\u5c0d\u9ea5\u7576\u52de\u7684\u56de\u61b6\u5c31\u662f\u6c92\u6709\u56de\u61b6\n\u5c0f\u6642\u5019\u5f88\u7aae\u89ba\u5f97\u5916\u98df\u5f88\u8cb4\u6240\u4ee5\u5f9e\u4f86\u6c92\u8981\u6c42\u5bb6\u4eba\u8cb7\n\u5bb6\u4eba\u4e5f\u4ee5\u70ba\u6211\u5011\u4e0d\u611b\u5403\u6240\u4ee5\u6c92\u8cb7\u904e\n\u9577\u5927\u4e86\u6709\u9322\u6211\u4e5f\u6c92\u8cb7\u904e\n\u56e0\u70ba\u5f88\u8a0e\u53ad\u9ebb\u7169 \u89ba\u5f97\u6392\u968a\u597d\u9ebb\u7169\n\u800c\u4e14\u4e5f\u4e0d\u559c\u6b61\u5403\u6f22\u5821\u8ddf\u85af\u689d\n\u559c\u6b61\u70b8\u96de\u4f46\u6211\u90fd\u53bb\u5403\u80d6\u8001\u7239\u7684\n\u6240\u4ee5\u5230\u73fe\u5728\u6c92\u5403\u904e\u9ea5\u7576\u52de"
        },
        {
            "reply_id": "Ugzd2fKUgCo8PHgovI14AaABAg",
            "reply_content": "\u4e09\u6c11\u8def\u9ea5\u7576\u52de\u6b38"
        },
        {
            "reply_id": "UgyGoRRfU3ybAlg16mh4AaABAg",
            "reply_content": "\u76f4\u5230\u9ad8\u4e2d\uff0c\u6211\u5403\u7684\u9ea5\u7576\u52de\u6b21\u6578\u624d\u7a81\u7834\u500b\u4f4d\u6578\ud83d\ude05\uff08\u56e0\u70ba\u90fd\u662f\u81ea\u5df1\u53bb\u8cb7\uff09"
        },
        {
            "reply_id": "Ugz0IFFElr2g6J9fwOd4AaABAg",
            "reply_content": "\u8acb\u554f\u4f60\u88ab\u7529\u7684\u539f\u56e0\u662f\u4ec0\u9ebc\ud83d\ude05"
        },
        {
            "reply_id": "UgwRSz9WsNn0tO4K4GF4AaABAg",
            "reply_content": "\u4f60\u5728\u7de8\u6545\u4e8b"
        },
        {
            "reply_id": "UgxnGss6M4A9OWYoG7J4AaABAg",
            "reply_content": "\u6b23\u8cde\u6d0b\u8525\u5abd\u5abd\u7684\u539f\u5247\uff01"
        },
        {
            "reply_id": "UgxsiIcW3xMoibM0aop4AaABAg",
            "reply_content": "\u6d0b\u8525\u662f\u5728\u5317\u6b50\u65c5\u7a0b\u9304\u97f3\u7684\u5427\ud83d\ude02\ud83d\ude02"
        },
        {
            "reply_id": "UgzNPexG1Uhi0zjaCCp4AaABAg",
            "reply_content": "\u81f3\u5c11\u6709\u5230\u624b\u904e"
        },
        {
            "reply_id": "UgxhSE5U6AWhxC3D0j94AaABAg",
            "reply_content": "\u61f7\u5ff5\u7167\u71d2\u8c6c\u8089\u5821 \u73fe\u5728\u5403\u4e0d\u5230\u4e86\ud83d\ude22"
        },
        {
            "reply_id": "UgzS15XtIkmucWjhzXx4AaABAg",
            "reply_content": "\u6211\u5f9e\u5c0f\u4e0d\u5403\u725b\u8089\u3002\u53ef\u662f\u6211\u5230\u4e86\u5927\u5b78\u624d\u77e5\u9053\u5927\u9ea5\u514b\u662f\u725b\u8089\u2026"
        }
    ]
}