{
    "video_info": {
        "id": "WQfSxjtPHEY",
        "channelTitle": "Onion Man",
        "title": "Onion Man | \u74b0\u5cf6\u5e6b\u8352\u5510\u5230\u7206\u7684\u65e5\u672c\u884c\uff01\u62c9\u9eb5\u7684\u6230\u722d\uff01\u5927\u962a\u884c(\u4e8c)   @BIGSNAKEBALL  @superpepper.@z2ztwo@foodfoodaddict",
        "description": "\u9019\u7bc7\u756b\u4e86\u74b0\u5cf6\u5e6b\u6574\u8d9f\u65c5\u904a\u7684\u5fc3\u5f97\uff0c\u74b0\u7403\u5f71\u57ce\u7684\u5fc3\u7d50\uff0c\u5403\u62c9\u9eb5\u7684\u885d\u7a81\uff0c\u597d\u770b!!!!!!!!!!!!!!!!!!!!!!!!!!!!\n\n\u9818\u57df\u5c55\u958b-Surfshark \u96d911\u512a\u60e0\uff01\u8981\u8cb7\u5c31\u8d81\u9019\u6ce2\u5566\n\u9ede\u64ca: https://surfshark.tw/partner/onion9487  \n\u8f38\u5165\u512a\u60e0\u4ee3\u78bc [onion9487]\n\u5373\u53ef\u7372\u5f97\u5c08\u5c6c\u512a\u60e0\u52a0\u984d\u59165\u500b\u6708\u514d\u8cbb\uff01\n\n0:00 \u5f71\u7247\u958b\u59cb\n00:12 \u9818\u57df\u5c55\u958b\u756a\u5916\u7bc7\n2:22 \u74b0\u5cf6\u5e6b\u5168\u54e1\u524d\u5f80\u74b0\u7403\n6:00 \u96f7\u5305\u5730\u7344\n8:30 fred\u7684\u9a5a\u559c\n10:09 \u62c9\u9eb5\u7684\u7cfe\u7d50\n\n\u3010\u8a02\u95b1\u3011\u53ca\u89c0\u770b\u6d0b\u8525\u66f4\u591a\u5f71\u7247: https://goo.gl/ijP3Eb\n\n\u5de5\u4f5c\u5408\u4f5c\uff1aonionmanwork@gmail.com\nOnion Man \u767e\u842c\u8ffd\u8e64\u7c89\u7d72\u5718:goo.gl/Z5CSvw\n\n\u6700\u65b0\u963f\u6587\u8cbc\u5716:https://reurl.cc/GxYjA\n\n\u7b2c\u4e00\u4ee3\u963f\u6587line\u8cbc\u5716:https://reurl.cc/Wroxx\n\n\u6d0b\u8525\u79c1\u751f\u6d3bIG:https://www.instagram.com/onionman__/\n\n\n\u904b\u52d5\u6f2b\u756b\u88e1\u7684\u4e2d\u4e8c\u8001\u6897\u5287\u60c5\n\u25ba\u7b2c\u4e00\u96c6:https://youtu.be/cMoV1rPH35k\n\u25ba\u7b2c\u4e8c\u96c6:https://youtu.be/iW7LM00lny0\n\u25ba\u7b2c\u4e09\u96c6:https://youtu.be/2G5wu61uCM0\n\u25ba\u7b2c\u56db\u96c6:https://youtu.be/-rP1abYv8n4\n\nOnion Man \u95dc\u9375\u5b57:\n\u4e2d\u4e8c \u80a5\u5b85 \u55ae\u8eab\u6f22 \u55ae\u8eab \u9b6f\u86c7 \u5c4c\u7d72 \u80a5\u5b85",
        "likeCount": "9613",
        "commentCount": "810",
        "viewCount": "457831"
    },
    "comments": [
        {
            "reply_id": "Ugz53-TViRC4t5oclXR4AaABAg",
            "reply_content": "\u8d85\u5ee2\u8d85\u597d\u7b11 \u4f46\u51fa\u53bb\u73a9\u5c31\u662f\u8981\u9019\u7a2e\u614b\u5ea6\u5566 \u9084\u6709\u9762\u5c0d\u9ce5\u4e8b\u7684\u5fc3\u614b\u771f\u7684\u5f88\u91cd\u8981\u54c8\u54c8\u54c8\u54c8"
        },
        {
            "reply_id": "UgzYe-jrfIeBUQD1saF4AaABAg",
            "reply_content": "\u6c92\u4e3b\u898b\u7684\u65c5\u4f34\u4e5f\u5f88\u96f7= =\n\u4e0d\u6703\u5e6b\u5fd9\u627e\u884c\u7a0b\u53ea\u6703\u7576\u4f38\u624b\u724c"
        },
        {
            "reply_id": "UgxSF2EfjQcVuPkypqt4AaABAg",
            "reply_content": "\u4e09\u7897\u62c9\u9eb5\u90fd\u5403\u904e \u9084\u662f\u6700\u611b\u4e00\u862d \u518d\u4f86\u91d1\u9f8d \u795e\u5ea7\u5403\u4e00\u6b21\u5c31\u5920\u4e86\ud83d\ude19"
        },
        {
            "reply_id": "UgwcnHBdA5Q7cALQvWR4AaABAg",
            "reply_content": "\u770b\u5230\u86c7\u4e38\u8ddf\u80e1\u6912\u8ddf\u4f60\u5011\u7d44\u6210\u4e00\u5718\uff0c\u4e0d\u77e5\u70ba\u4f55\u5c31\u662f\u5f88\u958b\u5fc3\uff0c\u8b1d\u8b1d\u6d0b\u8525"
        },
        {
            "reply_id": "UgwVgtndQ9Tn4EQqyud4AaABAg",
            "reply_content": "\u770b\u5176\u5b83\u4eba\u74b0\u7403\u90a3pa\u7684\u6642\u5f8c\uff0c\u6211\u5c31\u60f3\u554f\uff0c\u98db\u5929\u7ffc\u9f8d\u600e\u9ebc\u4e0d\u4f7f\u7528\u6709\u9322\u8d85\u80fd\u529b\uff0c\u5feb\u901f\u53ef\u4ee5\u8cb7\u5225\u7684\uff0c\u597d\u60f3\u770b\u4f60\u5011\u518d\u51fa\u53bb\u73a9\u54e6"
        },
        {
            "reply_id": "Ugyy5ut-MpBR0xVDO5Z4AaABAg",
            "reply_content": "\u53ef\u60e1 \u641e\u5f97\u597d\u60f3\u8ddf\u4f60\u5011\u4e00\u8d77\u73a9\ud83d\ude02"
        },
        {
            "reply_id": "UgxpNns-xMyUK4SfyoZ4AaABAg",
            "reply_content": "\u7d0d\u8c46\u660e\u660e\u5c31\u5f88\u597d\u5403\u597d\u55ce\uff01"
        },
        {
            "reply_id": "UgzGQwhxGG5oGQt2uSx4AaABAg",
            "reply_content": "\u7537\u4eba\u51fa\u5718\u5c31\u662f\u7c21\u7c21\u55ae\u55ae \u5e79\u8a71\u4e00\u5806 \u958b\u5fc3\ud83c\udf89"
        },
        {
            "reply_id": "Ugy7t7tVg4twWXomFwF4AaABAg",
            "reply_content": "\u7a81\u7136\u89ba\u5f97 \u9019\u5c31\u662f\u4e00\u7fa4F\u4eba\u76f8\u8655\u7684\u5feb\u6a02\u611f\u89ba\u55ce\ud83d\ude02\ud83d\ude02\n\u5927\u5bb6\u90fd\u91cd\u8996\u5f7c\u6b64\u7684\u60c5\u7dd2 \u4e5f\u56e0\u70ba\u90fd\u77e5\u9053\u5f7c\u6b64\u5f88\u91cd\u8996\u6240\u4ee5\u4e0d\u6703\u611f\u5230\u4e0d\u5b89\n\u6240\u6709\u7684\u60c5\u7dd2\u90fd\u6703\u80fd\u88ab\u5f88\u8212\u670d\u7684\u61c9\u5c0d\u8207\u4e92\u52d5 \n\nT\u4eba\u7d42\u65bc\u80fd\u7406\u89e3F\u4eba\u4e16\u754c\u662f\u9019\u6a23\u5440\u2764"
        },
        {
            "reply_id": "Ugxb4jsjVjP-IUdg1sV4AaABAg",
            "reply_content": "\u85cd\u5e36\u672c\u4f86\u5c31\u88dc\u7fd2\u73ed\u554a\uff01\u800c\u4e14\u6c92\u6587\u6191\uff0c\u4e0d\u5982\u53bb\u65e5\u672c\u670d\u90e8\u5538\u9084\u6bd4\u8f03\u6709\u4fdd\u969c\uff0c\u6216\u662f\u7f8e\u570bCIA\uff0c\u4e0d\u53bb\u7814\u7a76\u5c31\u8dd1\u53bb\u5538\u4e5f\u662f\u5f88\u731b\ud83d\ude02"
        },
        {
            "reply_id": "UgxSBDsevOg2QCAN-VB4AaABAg",
            "reply_content": "\u4f60\u771f\u7684\u5f88\u53b2\u5bb3 \u54c8\u54c8\u54c8\u54c8\u54c8\u3002"
        },
        {
            "reply_id": "UgxE2qL1wjvXH319acx4AaABAg",
            "reply_content": "\u8449\u914d\u8d85\u7528\u5fc3\uff01"
        },
        {
            "reply_id": "UgzwgPrGs-yKl1spsi94AaABAg",
            "reply_content": "\u55e8\u5c31\u5c0d\u4e86 \u51fa\u904a\u5c31\u55e8\u8d77\u4f86"
        },
        {
            "reply_id": "Ugz8CIgPSZkDb7LPLH94AaABAg",
            "reply_content": "\u9019\u771f\u7684\u592a\u5c4c\u4e86"
        },
        {
            "reply_id": "Ugyn_hNgYABtX4lZSnp4AaABAg",
            "reply_content": "\u74b0\u5cf6\u5e6b\u5f71\u7247\u62cd\u7684\u597d\u68d2\u597d\u597d\u7b11\ud83d\ude06\n\u628a\u5927\u5bb6\u7684\u5f71\u7247\u90fd\u770b\u904e\u5f8c\u6c7a\u5b9a\u660e\u5929\u51fa\u767c\u5403\u4e00\u862d\ud83e\udd24\n\u4f46\u6211\u4e5f\u883b\u559c\u6b61\u795e\u5ea7\u62c9\u9eb5\u7684 \u8525\u52a0\u597d\u52a0\u6eff\uff01\u89ba\u5f97\u4e0d\u8f38\u4e00\u862d\ud83d\ude06"
        },
        {
            "reply_id": "UgzzItMJEFTzmkDFUlJ4AaABAg",
            "reply_content": "\u5a77\u5a77\u597d\u6b63"
        },
        {
            "reply_id": "Ugw509ylg9Z1EriISJJ4AaABAg",
            "reply_content": "\u9019\u500b\u9818\u57df\u5c55\u771f\u7684\u662f\u592a\u592a\u592a\u53b2\u5bb3"
        },
        {
            "reply_id": "Ugy7NE9UdqUerZ60z5p4AaABAg",
            "reply_content": "\u9019\u96c6\u592a\u597d\u7b11\u4e86"
        },
        {
            "reply_id": "UgwWlIbpPEbE9y_Dh7R4AaABAg",
            "reply_content": "\u54c8\u54c8\u54c8\u54c8\u54c8\u54c8\u54c8\u54c8\u54c8\u54c8\u54c8\u54c8\u54c8\n\u6211\u5011\u53ea\u662f\u5148\u56de\u570b \u4e0d\u662fS\u4e86\u597d\u55ce"
        },
        {
            "reply_id": "Ugwm3wVqSD32Nc4zE5h4AaABAg",
            "reply_content": "fred\u54e5\u771f\u7684\u662f\u597d\u5230\u6ca1\u8bdd\u8bf4\uff0c\u65c5\u884c\u56e2\u6709\u8fd9\u6837\u7684\u670b\u53cb\uff0c\u8fd9\u4e00\u751f\u6b7b\u800c\u65e0\u61be\u4e86\u5427"
        }
    ]
}