{
    "video_info": {
        "id": "wt4-Lc3O_9I",
        "channelTitle": "Onion Man",
        "title": "Onion Man | \u51fa\u570b\u5fc5\u5435\u67b6\uff1f\u4e09\u59b9\u592a\u5435\u4ee4\u6d0b\u8525\u70b8\u958b\uff01\u80e1\u5b50\u56e0\u62cd\u7247\u60c5\u7dd2\u5d29\u6f70\uff01\u884c\u674e\u53c8\u5728\u6d77\u4e0a\u7206\u958b\uff01\u7528\u51b0\u6c34\u6d17\u982d\uff01\u7761\u7720\u54c1\u8cea\u6975\u5dee\uff01 \u707d\u96e3\u5669\u904b\u9023\u9023\u7684\u82ac\u862d\u884c\uff01",
        "description": "\u5927\u5bb6\u628a\u597d\u73a9\u7684\u90fd\u62cd\u5b8c\u4e86\uff0c\u56e0\u6b64\u6211\u4f86\u8b1b\u8b1b\u707d\u96e3\u7684\u4e00\u9762\uff0c\u9577\u7bc7\u4e00\u6b21\u770b!!\n\n\u611f\u8b1d\u4e7e\u7239\u8b93\u6211\u80fd\u809d\u51fa15\u5206\u9418\u9577\u7247!!\nNord VPN\u5c08\u5c6c\u9023\u7d50\uff1ahttps://nordvpn.com/onionman\n\u512a\u60e0\u78bc\uff1aonionman\n\u900f\u904e\u5c08\u5c6c\u9023\u7d50\u8cfc\u8cb7 NordVPN \u53ef\u4eab\u7368\u5bb6\u751f\u65e5\u512a\u60e0\u53ca\u7372\u5f97\u984d\u5916\u8d08\u9001\u7684\u8a02\u95b1\u4f7f\u7528\u671f\u3002\n30\u5929\u8a66\u7528\u671f\uff0c\u53ef\u4ee5\u96a8\u6642\u53d6\u6d88\uff0c\u53ef\u9032\u53ef\u9000\uff0c\u6b61\u8fce\u670b\u670b\u4f86TRYTRY\u770b\uff5e\n\n\u3010\u8a02\u95b1\u3011\u53ca\u89c0\u770b\u6d0b\u8525\u66f4\u591a\u5f71\u7247: https://goo.gl/ijP3Eb\n\n\u5de5\u4f5c\u5408\u4f5c\uff1aonionmanwork@gmail.com\nOnion Man \u767e\u842c\u8ffd\u8e64\u7c89\u7d72\u5718:goo.gl/Z5CSvw\n\n\u6700\u65b0\u963f\u6587\u8cbc\u5716:https://reurl.cc/GxYjA\n\n\u7b2c\u4e00\u4ee3\u963f\u6587line\u8cbc\u5716:https://reurl.cc/Wroxx\n\n\u6d0b\u8525\u79c1\u751f\u6d3bIG:https://www.instagram.com/onionman__/\n\n\n\u904b\u52d5\u6f2b\u756b\u88e1\u7684\u4e2d\u4e8c\u8001\u6897\u5287\u60c5\n\u25ba\u7b2c\u4e00\u96c6:https://youtu.be/cMoV1rPH35k\n\u25ba\u7b2c\u4e8c\u96c6:https://youtu.be/iW7LM00lny0\n\u25ba\u7b2c\u4e09\u96c6:https://youtu.be/2G5wu61uCM0\n\u25ba\u7b2c\u56db\u96c6:https://youtu.be/-rP1abYv8n4\n\nOnion Man \u95dc\u9375\u5b57:\n\u4e2d\u4e8c \u80a5\u5b85 \u55ae\u8eab\u6f22 \u55ae\u8eab \u9b6f\u86c7 \u5c4c\u7d72 \u80a5\u5b85",
        "likeCount": "12991",
        "commentCount": "714",
        "viewCount": "932318"
    },
    "comments": [
        {
            "reply_id": "Ugy6vWWBu7uARelyl-B4AaABAg",
            "reply_content": "\u597d\u53ef\u6190\u5594"
        },
        {
            "reply_id": "UgylgfuVvTn-QwsgYkx4AaABAg",
            "reply_content": "\u771f\u7684\u6211\u51fa\u570b\u9047\u5230\u8a0e\u53ad\u7684\u5435\u53f0\u7063\u4eba\u89ba\u5f97\u5f88\u4e1f\u81c9\ud83d\ude05\u5728\u6cf0\u570b\u548c\u65e5\u672c\u90fd\u9047\u5230\u4e00\u6b21"
        },
        {
            "reply_id": "Ugxq7x-ffYUjk1QYRDZ4AaABAg",
            "reply_content": "\u4e0d\u662f\u5922 \u4f60\u662f\u771f\u7684\u649e\u9b3c\u4e86\ud83d\ude42"
        },
        {
            "reply_id": "UgxwSyYHnTP-zPG49tJ4AaABAg",
            "reply_content": "\u8b80\u66f8\u807d\u8525\u54e5\u7684\u5f71\u7247\u597d\u723d!"
        },
        {
            "reply_id": "UgxdxUWTlD2gJoaqSz14AaABAg",
            "reply_content": "\u6211\u4e5f\u6703\u7761\u7720\u7671\u7613 \u5206\u4e0d\u6e05\u695a\u5230\u5e95\u662f\u771f\u7684\u770b\u5230 \u9084\u662f\u505a\u5922 \u9084\u662f\u5e7b\u89ba\n\u4f46\u53ea\u6709\u7761\u5348\u89ba\u6703\u9019\u6a23\u54c8\u54c8"
        },
        {
            "reply_id": "UgxhhP0ecK2q42ECalR4AaABAg",
            "reply_content": "\u66fe\u4f69\u6668"
        },
        {
            "reply_id": "Ugz1WAG72GKNIt4_am14AaABAg",
            "reply_content": "\u6211\u7761\u89ba\u6709\u6642\u5019\u4e5f\u6703\u9019\u6a23"
        },
        {
            "reply_id": "UgxD54umMP1pAzUqXWF4AaABAg",
            "reply_content": "\u666e\u904d\u5927\u5bb6\u90fd\u6703\u89ba\u5f97\u5de5\u4f5c\u662f\u75db\u82e6\u7684\uff0c\u4f46\u807d\u5230\u67d0\u4f4d\u5f88\u6709\u793e\u6703\u5730\u4f4d\u7684\u8cc7\u6df1\u8b1b\u5e2b\u958b\u5c0e\u5f8c\uff0c\u4ed6\u8aaa\u628a\u5de5\u4f5c\u7576\u4f5c\u73a9\u6a02\u5c31\u4e0d\u6703\u75db\u82e6\u4e86\uff0c\u6bd4\u5982\u8aaa\u958b\u767c\u5ba2\u6236\u7576\u4f5c\u73a9\u958b\u767c\uff0c\u8981\u64e0\u51fa\u7522\u503c\u7576\u4f5c\u73a9\u51fa\u5275\u610f\u7b49\uff0c\u793e\u4ea4\u4ea4\u969b\u7576\u4f5c\u51fa\u4f86\u73a9\u4ea4\u65b0\u670b\u53cb\u7b49\u5fc3\u614b\uff0c\u6240\u4ee5\u4e0d\u8981\u53bb\u60f3\u62cd\u7247\uff0c\u53ea\u8981\u628a\u760b\u72c2\u73a9\u6a02\u7684\u904e\u7a0b\u62cd\u4e0b\u4f86\uff0c\u767c\u9001\u51fa\u53bb\u5fc5\u7136\u6709\u7522\u503c\uff0c\u53ea\u662f\u6216\u9ad8\u6216\u4f4e\u4e0d\u8981\u53bb\u5728\u610f\uff0c\u5c31\u7b97\u4f4e\u7522\u503c\uff0c\u4f46\u9084\u662f\u6709\u73a9\u5230\u6709\u6536\u7a6b\u3002"
        },
        {
            "reply_id": "UgwGhj5mHCpIcplx-ch4AaABAg",
            "reply_content": "\u6bcf\u6b21\u807d\u6d0b\u8525\u7206\u6012\u7f75\u5e79\u90fd\u89ba\u5f97\u5f88\u597d\u7b11XD"
        },
        {
            "reply_id": "Ugy7DJCuN7fx1bV7S-p4AaABAg",
            "reply_content": "\u539f\u4f86\u80e1\u5b50\u662f\u8457\u6a23\u7684\u4eba\ud83d\ude05"
        },
        {
            "reply_id": "Ugzf16GTrOV0fzbFLKN4AaABAg",
            "reply_content": "\u66fe\u73ee\u6668\u662f\u4f60\u540d\u5b57\uff1f"
        },
        {
            "reply_id": "UgxVhk2EUXaFGY2iDC94AaABAg",
            "reply_content": "\u554a\u5c31\u9b3c\u538b\u5e8a\u5566,\u522b\u9a97\u81ea\u5df1\u4e86"
        },
        {
            "reply_id": "UgzuKaTX_RYYB3FKakN4AaABAg",
            "reply_content": "\u5c0f\u6642\u5019\u624b\u6a5f\u7167\u76f8\u4e0d\u767c\u9054 \u90fd\u9069\u7528\u76f8\u6a5f \u90a3\u6642\u5019\u7238\u7238\u5e36\u6211\u5011\u53bb\u963f\u62c9\u65af\u52a0\u770b\u51b0\u5ddd\n\u5abd\u5abd\u62ff\u8d77\u76f8\u6a5f\u731b\u62cd \u7238\u7238\u8aaa\uff1a\u4e0d\u8981\u5b78\u4f60\u5abd \u6211\u5011\u7528\u773c\u775b\u7d00\u9304\u5c31\u597d \u7562\u7adf\u9019\u7a2e\u6a5f\u6703\u53ef\u80fd\u6c92\u6709\u7b2c\u4e8c\u6b21\n\u8b1b\u771f\u7684 \u904e\u4e8610\u5e74\u7684\u6211\u73fe\u5728\u9084\u8a18\u5f97\u5f88\u6e05\u695a\u7576\u6642\u7684\u7f8e\u666f"
        },
        {
            "reply_id": "UgzHsws-2Lz0Qy8F9sJ4AaABAg",
            "reply_content": "\u4e0d\u80fd\u8ddf\u59b9\u5b50\u7761 \u9084\u8981\u7761\u706b\u8eca \u9019\u65c5\u7a0b\u5f88\u4e0dOK"
        },
        {
            "reply_id": "Ugx4HbCx2f-ETY1x-7N4AaABAg",
            "reply_content": "\u6d0b\u8525 \u90a3\u500b\u985e\u4f3c\u50cf\u9b3c\u58d3\u5e8a\u7684\n\u4f60\u7ad9\u8d77\u4f86\u7a0d\u5fae\u52d5\u4e00\u52d5\u5728\u56de\u53bb\u7761\u5c31\u6bd4\u8f03\u4e0d\u6703\u4e86\u5594"
        },
        {
            "reply_id": "Ugy00pqCNXvzPr3foJl4AaABAg",
            "reply_content": "\u5c4c\uff0c\u6c92\u8aaa\u662f\u8ab0\u4f46\u8d85\u660e\u986f"
        },
        {
            "reply_id": "UgxzARSNdUVQQI_Ptfl4AaABAg",
            "reply_content": "\u5176\u5be6\u4f60\u662f\u6c92\u628a\u5230\u6668\u59b9,\u6240\u4ee5\u5fc3\u5883\u624d\u6703\u4e0d\u4e00\u6a23,\u54c8\u54c8\u54c8^^"
        },
        {
            "reply_id": "UgzQHD0m7ynyEdGJdgp4AaABAg",
            "reply_content": "\u559c\u6b61\u6d0b\u8525\u7528\u771f\u5be6\u89d2\u5ea6\u7684\u89c0\u5bdf"
        },
        {
            "reply_id": "UgxCDEOGOl9kBC1_8qh4AaABAg",
            "reply_content": "\u6211\u4e5f\u8981\u7576\u5deb\u5e2b\u914d\u53f8\u6a5f"
        },
        {
            "reply_id": "UgzKnc5CErebIyLjhv94AaABAg",
            "reply_content": "\u4f60\u8cb7\u7684\u90a3\u500b\u884c\u674e\u7bb1\uff0c\u6703\u5f9e\u4e00\u689d\u4e00\u689d\u54ea\u88e1\u88c2\u958b\uff0c\u89aa\u8eab\u7d93\u6b77"
        }
    ]
}