{
    "video_info": {
        "id": "x-us1nncGww",
        "channelTitle": "Onion Man",
        "title": "Onion Man | \u512a\u8d8a\u4ed4\u4e86\u4e0d\u8d77\u5594\uff1f \u5634\u8d85\u81ed\u53c8\u81ea\u4ee5\u70ba\u7684\u512a\u8d8a\u4ed4\u7bc7",
        "description": "\u4f60\u5f88\u512a\u8d8a\u5594?\n\n\u3010\u8a02\u95b1\u3011\u53ca\u89c0\u770b\u6d0b\u8525\u66f4\u591a\u5f71\u7247: https://goo.gl/ijP3Eb\n\n\u5de5\u4f5c\u5408\u4f5c\uff1aonionmanwork@gmail.com\nOnion Man \u767e\u842c\u8ffd\u8e64\u7c89\u7d72\u5718:goo.gl/Z5CSvw\n\n\u6700\u65b0\u963f\u6587\u8cbc\u5716:https://reurl.cc/GxYjA\n\n\u7b2c\u4e00\u4ee3\u963f\u6587line\u8cbc\u5716:https://reurl.cc/Wroxx\n\n\u6d0b\u8525\u79c1\u751f\u6d3bIG:https://www.instagram.com/onionman__/\n\n\n\u904b\u52d5\u6f2b\u756b\u88e1\u7684\u4e2d\u4e8c\u8001\u6897\u5287\u60c5\n\u25ba\u7b2c\u4e00\u96c6:https://youtu.be/cMoV1rPH35k\n\u25ba\u7b2c\u4e8c\u96c6:https://youtu.be/iW7LM00lny0\n\u25ba\u7b2c\u4e09\u96c6:https://youtu.be/2G5wu61uCM0\n\u25ba\u7b2c\u56db\u96c6:https://youtu.be/-rP1abYv8n4\n\nOnion Man \u95dc\u9375\u5b57:\n\u4e2d\u4e8c \u80a5\u5b85 \u55ae\u8eab\u6f22 \u55ae\u8eab \u9b6f\u86c7 \u5c4c\u7d72 \u80a5\u5b85",
        "likeCount": "10227",
        "commentCount": "1076",
        "viewCount": "407181"
    },
    "comments": [
        {
            "reply_id": "Ugy9qgHXC0Sr0owdNE14AaABAg",
            "reply_content": "\u7576\u5e74\u90ed\u6cd3\u5fd7\u5b78\u9577\u4e00\u5ea6\u88ab\u4f60\u5011\u9019\u4e9b\u4e00\u65e5\u7403\u8ff7\u903c\u5230\u60f3\u81ea\u6bba\n\u5c0d\u81ea\u5df1\u4e5f\u7522\u751f\u81ea\u6211\u61f7\u7591\n\u4e0a\u6b21\u7d93\u5178\u8cfd \u70ba\u4ec0\u9ebc\u6bb7\u4ed4\u4e0d\u56de\u4f86\n\u50b7\u75c5\u53ea\u662f\u85c9\u53e3\n\u5403\u529b\u4e0d\u8a0e\u597d\u9322\u53c8\u5c11\n\u5931\u8aa4 \u9084\u8981\u88ab\u4f60\u5011\u5674\n\u90ed\u6cd3\u5fd7\u5b78\u9577\u7684\u6295\u7403\u5931\u61b6\u75c7\u5c31\u662f\u4f60\u5011\u9019\u4e9b\u4e00\u65e5\u7403\u8ff7\u5bb3\u7684\n\u4f60\u5011\u8ddf\u6bba\u4eba\u72af\u6709\u4ec0\u9ebc\u5340\u5225\n\u6efe\u56de\u4f60\u5011\u5404\u81ea\u7684\u5708\u5b50\u5427\n\u6211\u5011\u771f\u7684\u4e0d\u9700\u8981\u4f60\u5011\u7684\u52a0\u6cb9\n\u9ed1\u7c89\u9084\u80fd\u7cbe\u6e96\u7684\u8aaa\u51fa\u6211\u5011\u7684\u7f3a\u9ede\n\u4f60\u5011\u4e0d\u8981\u652f\u6301\u6211\u5011\u62dc\u8a17\u4e86"
        },
        {
            "reply_id": "Ugzhc5mtJWzyl90XZQN4AaABAg",
            "reply_content": "\u4f46\u4f60\u60f3\u904e\u771f\u5be6\u7403\u8ff7\u7684\u60f3\u6cd5\u55ce\n\u7576\u5e74\u7d93\u5178\u8cfd \u90ed\u6cd3\u5fd7\u88ab\u8f5f\u51fa\u518d\u898b\u5168\u58d8\u6253\n\u5168\u53f0\u7063\u4e00\u65e5\u7403\u8ff7\u90fd\u5728\u7f75\u90ed\u6cd3\u5fd7\n\u5167\u884c\u4eba\u90fd\u77e5\u9053\u5931\u8aa4\u7684\u4e0d\u662f\u90ed\u6cd3\u5fd7\n\u662f\u6355\u624b\n\u6355\u624b\u8981\u90ed\u6cd3\u5fd7\u6295\u9019\u500b\u4f4d\u7f6e\u7684\n\u624b\u5957\u9023\u504f\u79fb0.1\u516c\u5206\u90fd\u6c92\u6709\n\u9019\u6a23\u5168\u53f0\u7063\u4e00\u65e5\u7403\u8ff7\u8ddf\u5a92\u9ad4\u90fd\u5728\u7f75\u90ed\u6cd3\u5fd7\n\u4f60\u5011\u9019\u4e9b\u770b\u6c1b\u570d\u7684\u4eba\n\u9084\u662f\u4e0d\u8981\u53bb\u652f\u6301\n\u4f60\u5011\u8ddf\u90a3\u4e9b\u653f\u5ba2\u4e00\u6a23\u7121\u6065\n\u53ea\u6703\u5728\u8ab0\u8ab0\u8ab0\u596a\u724c\u6642\n\u8868\u793a\u652f\u6301\n\u6211\u5011\u6bd4\u8cfd\u524d\n\u5df2\u7d93\u4ee3\u8868\u53f0\u7063\u4eba\n\u4f60\u5011\u4e5f\u6c92\u5e6b\u6211\u5011\u52a0\u6cb9\u904e\n\u4f60\u5011\u4e00\u65e5\u7403\u8ff7\u771f\u7684\u5f88\u5641\u5fc3\n\u6211\u5be7\u9858\u9047\u5230\u9ed1\u7c89\n\u4e5f\u4e0d\u9700\u8981\u4f60\u5011\u9019\u4e9b\u4e00\u65e5\u7403\u8ff7"
        },
        {
            "reply_id": "UgzS-arttcR2VFI53rl4AaABAg",
            "reply_content": "\u6d0b\u8525\u6211\u65e9\u5c31\u81a9\u4e86\uff0c\u7d05\u8525\u982d\u7684\u8cea\u5730\u6bd4\u6d0b\u8525\u66f4\u5bb9\u6613\u8edf\u5316\uff0c\u751c\u5ea6\u9ad8\uff0c\u5c11\u8f9b\u8fa3\u3002\u5efa\u8b70\u4f60\u6700\u597d\u5076\u723e\u63db\u63db\u53e3\u5473\u554a\uff5e"
        },
        {
            "reply_id": "UgzRuCPr8OTVdMpwtpZ4AaABAg",
            "reply_content": "\u97f3\u6a02\u9084\u6709\u90a3\u7a2e\n\u201c\u5475 \u4f60\u600e\u9ebc\u90fd\u807d\u6296\u97f3\u6b4c\u554a\u201d\nX\u4f60\u5a18 \u6211\u5c31\u559c\u6b61\u807d\u6296\u97f3\u6b4c\u4e0d\u884c\u55ce\uff1f\n\u800c\u4e14\u5f88\u591a\u6b4c\u539f\u672c\u5c31\u5f88\u597d \u53ea\u662f\u88ab\u6296\u97f3\u6284\u904e\u53bb\u7684\n\u7136\u5f8c\u5c31\u4e00\u5806\u512a\u8d8a\u4ed4 \u770b\u5230\u6296\u97f3\u5c31\u53ea\u6703\u5632\u7b11"
        },
        {
            "reply_id": "UgyKIXbI_wARXsWNY9R4AaABAg",
            "reply_content": "\u545b\u4f18\u8d8a\u4ed4\u7684\u4f18\u8d8a\u4ed4"
        },
        {
            "reply_id": "Ugy_JRXv89pQXVbjEkR4AaABAg",
            "reply_content": "\u807d\u5718\u4ed4\u3001\u563b\u54c8\u4ed4\u4e92\u76f8\u512a\u8d8a\u4e92\u76f8\u96de\u63b0"
        },
        {
            "reply_id": "UgxmuVEjr-PxXk3QnqF4AaABAg",
            "reply_content": "\u6211\u6bcf\u5929\u665a\u4e0a\u90fd\u8981\u807d\u6d0b\u8525\u7684\u8072\u97f3\u624d\u7761\u5f97\u8457"
        },
        {
            "reply_id": "UgwZ00_9mnF94yNZ4TF4AaABAg",
            "reply_content": "\u4e9e\u723e\u8389\u5854\u4e5f\u592a\u524d\u9762\ud83d\ude02\ud83d\ude02"
        },
        {
            "reply_id": "UgwFOMonj_Uf_uVaZ954AaABAg",
            "reply_content": "\u5168\u90fd\u540c\u610f\uff0c\u552f\u7368\u4eca\u969b\u4e4b\u570b\uff0c\u6211\u8a8d\u70ba\u662f\u5be6\u8a71XD"
        },
        {
            "reply_id": "UgxolQzF6eEiBoWfHGl4AaABAg",
            "reply_content": "\u5982\u679c2022\u5e74\u524d\u8cb7ai\u76f8\u95dc\u6982\u80a1 \u5230\u5f71\u7247\u767c\u4f48\u7684\u4e03\u6708\u90a3\u6642\u662f\u6b63\u725b\u884c\u60c5\u4e0d\u53ef\u80fd\u8ce0\u7684"
        },
        {
            "reply_id": "Ugyz9r9XAwwgVYuaR2t4AaABAg",
            "reply_content": "\u6b38\u6211\u6700\u8fd1\u5728\u770b\u90a3\u500b\u6d0b\u8525\u7684\u5f71\u7247\u8d85\u597d\u7b11\u7684\u6b38"
        },
        {
            "reply_id": "UgydVexq0WqQs0do8A14AaABAg",
            "reply_content": "\u597d\u559c\u6b61"
        },
        {
            "reply_id": "UgxuJqgis71Yv-_Pzgt4AaABAg",
            "reply_content": "\u512a\u8d8a\u6700\u591a\u7684\u61c9\u8a72\u5c31\u807d\u5718\u4ed4\u8ddf\u62c9\u9eb5\u5b85 \u6240\u4ee5\u5f88\u61c2\u5230\u5e95\u8981\u512a\u8d8a\u500b\u6bdb \u4f60\u559c\u6b61\u5403\u4ec0\u9ebc\u62c9\u9eb5\u8ddf\u807d\u4ec0\u9ebc\u6b4c\u95dc\u6211\u5c41\u4e8b"
        },
        {
            "reply_id": "UgyFKxijfJI3UVg36VV4AaABAg",
            "reply_content": "\u5373\u8996\u611f\u5f88\u5f37"
        },
        {
            "reply_id": "UgyIa7APkaP3SR5wz0t4AaABAg",
            "reply_content": "\u771f\u7684\u5f88\u4e0d\u723d\u4e00\u76f4\u8b1b\u53f0\u5287\u7121\u804a\u7684\u512a\u8d8a\u4ed4\uff0c\u5641\u721b\u3002\u6839\u672c\u5c31\u662f\u53ea\u662f\u570b\u5916\u7684\u597d\u770b\u5c31\u611b\u8cb6\u4f4e\u81ea\u5df1\uff0c\u5b8c\u5168\u641e\u4e0d\u61c2"
        },
        {
            "reply_id": "Ugy3PeHTOpQDQANlS5V4AaABAg",
            "reply_content": "\u53bb\u53f0\u5357\u5403\u7f8e\u98df\n\u53f0\u5357\u4eba\uff1a\u89c0\u5149\u5ba2\u5728\u5403\u7684\uff0c\u6839\u672c\u4e0d\u597d\u5403\uff01\u6211\u5bb6\u5df7\u53e3\u4e00\u5806\u90fd\u6bd4\u4ed6\u5011\u597d\u5403\uff01\n\n\u5916\u5730\uff1a\u963f\u6211\u5c31\u60f3\u5403\u963f\uff01\u4f60\u5011\u4e0d\u6703\u53bb\u4f60\u5011\u5bb6\u5df7\u53e3\u89d2\u843d\uff0c\u9ed8\u9ed8\u8cb7\u5594\uff01\n\n\u53f0\u5357\u4eba\uff1a\u7169\u6b7b\u4e86\uff01\u51fa\u9580\u90fd\u7206\u591a\u4eba\uff0c\u6211\u53ea\u60f3\u8cb7\u9813\u5348\u9910\u963f\uff01\uff08\u500b\u4eba\u5167\u5fc3\u60f3\u6cd5\uff09"
        },
        {
            "reply_id": "UgwXXTjQ1N5L-0S2oZJ4AaABAg",
            "reply_content": "\u90fd\u662f\u4e00\u5806\u9ad2\u8a71\n\u6709\u9ede\u4e0d\u559c\u6b61"
        },
        {
            "reply_id": "Ugy80cy0h1VuheCnQK54AaABAg",
            "reply_content": "\u4f60\u7684\u56de\u8986\u611f\u89ba\u50cf\u5927\u723a"
        },
        {
            "reply_id": "UgzV0DWdVv-iTfrV-HR4AaABAg",
            "reply_content": "\u6211\u90fd\u8aaa\u90a3\u4f60\u5f88\u5f88\u68d2\u6b38"
        },
        {
            "reply_id": "UgxawJGCyyPlExo-JHl4AaABAg",
            "reply_content": "\u9019\u670b\u53cb\u7fa4\u706b\u85e5\u5473\u4e5f\u592a\u91cd\u4e86\u5427  \u600e\u9ebc\u804a\u90fd\u597d\u50cf\u6703\u88ab\u6253\u69cd\u4e00\u6a23"
        }
    ]
}