{
    "video_info": {
        "id": "XcdESHOtup0",
        "channelTitle": "Onion Man",
        "title": "Onion Man | \u5403\u4e00\u9593\u5012\u9589\u4e00\u9593!! \u7f8e\u98df\u761f\u795e\u6d0b\u8525!!!!  | \u6843\u5712\u7f8e\u98df\u63a2\u7d22\u7bc7",
        "description": "\u9019\u5e7e\u5e74\u6211\u884c\u8d70\u6c5f\u6e56\u5403\u904d\u6843\u5712\u7684\u6545\u4e8b\n\n\u3010\u8a02\u95b1\u3011\u53ca\u89c0\u770b\u6d0b\u8525\u66f4\u591a\u5f71\u7247: https://goo.gl/ijP3Eb\n\n\u5de5\u4f5c\u5408\u4f5c\uff1aonionmanwork@gmail.com\nOnion Man \u767e\u842c\u8ffd\u8e64\u7c89\u7d72\u5718:goo.gl/Z5CSvw\n\n\u6700\u65b0\u963f\u6587\u8cbc\u5716:https://reurl.cc/GxYjA\n\n\u7b2c\u4e00\u4ee3\u963f\u6587line\u8cbc\u5716:https://reurl.cc/Wroxx\n\n\u6d0b\u8525\u79c1\u751f\u6d3bIG:https://www.instagram.com/onionman__/\n\n\n\u904b\u52d5\u6f2b\u756b\u88e1\u7684\u4e2d\u4e8c\u8001\u6897\u5287\u60c5\n\u25ba\u7b2c\u4e00\u96c6:https://youtu.be/cMoV1rPH35k\n\u25ba\u7b2c\u4e8c\u96c6:https://youtu.be/iW7LM00lny0\n\u25ba\u7b2c\u4e09\u96c6:https://youtu.be/2G5wu61uCM0\n\u25ba\u7b2c\u56db\u96c6:https://youtu.be/-rP1abYv8n4\n\nOnion Man \u95dc\u9375\u5b57:\n\u4e2d\u4e8c \u80a5\u5b85 \u55ae\u8eab\u6f22 \u55ae\u8eab \u9b6f\u86c7 \u5c4c\u7d72 \u80a5\u5b85",
        "likeCount": "17894",
        "commentCount": "3172",
        "viewCount": "1188370"
    },
    "comments": [
        {
            "reply_id": "UgysemgXQbkTUj5oBXN4AaABAg",
            "reply_content": "\u9019\u771f\u7684\uff01\u592a\u6709\u611f\u4e86"
        },
        {
            "reply_id": "UgzaDnAX4xRgvmvhO6N4AaABAg",
            "reply_content": "\u58fd\u5c71\u9ad8\u4e2d\u65e9\u4e0a\u9644\u8fd1\u6709\u4e00\u500b\u9910\u8eca\u8ce3\u86cb\u5305\u98ef\uff0c\u9ad8\u4e2d\u5f88\u5e38\u5403"
        },
        {
            "reply_id": "Ugyd2NALCQPizLn9sS14AaABAg",
            "reply_content": "\u6211\u4e00\u500b\u7f8e\u98df\u7375\u4eba\u7b49\u7d1a\u7684\u670b\u53cb\u544a\u8a34\u6211~~~\u9047\u5230\u559c\u6b61\u7684\u5e97\u8981\u5e38\u53bb\u5403~~~\u56e0\u70ba\u4ed6\u5f88\u53ef\u80fd\u5728\u4f60\u53bb\u7684\u9694\u5929\u5c31\u6536\u5e97\u4e86~~~"
        },
        {
            "reply_id": "UgxYAxVyE2IHWXpSGSd4AaABAg",
            "reply_content": "\u9019\u662f\u4ec0\u9ebc\u4e0a\u8239\u7247"
        },
        {
            "reply_id": "UgxgLJdZC-ajaTpHND94AaABAg",
            "reply_content": "\u963f\u4f60\u662f\u4e0d\u6703\u8cb7\u4e0b\u6574\u5bb6\u5e97\u5c31\u884c\u4e86"
        },
        {
            "reply_id": "UgyWeGxIrcGYcDXt9eR4AaABAg",
            "reply_content": "\u524d\u9762\u7684\u83c1\u82f1\u4e2d\u82f1\u83c1 \u8d85\u597d\u7b11!"
        },
        {
            "reply_id": "UgwaDHmBMR5zXb4U8qh4AaABAg",
            "reply_content": "\u4ec0\u4e48\u7f8e\u98df\u540d\u7c3f\u4f60\u8fd9\u6839\u672c\u5546\u5e97\u7248\u6b7b\u4ea1\u7b14\u8bb0\u5427"
        },
        {
            "reply_id": "UgyZogYoMT8R5IUwz254AaABAg",
            "reply_content": "\u6d0b\u8525 \u4f60\u6c92\u6709\u5403\u904e\u53f0\u4e2d\u6709\u4e00\u9593\u4fdd\u6fd5\u86cb\u9905\n\u4ed6\u7684\u7389\u7c73\u86cb\u9905\u5594\uff0c\u771f\u7684\u662f\u6709\u5ae9\u6709\u6c41\u5230\u5403\u86cb\u9905\u90fd\u4e0d\u7528\u914d\u98f2\u6599 \u56e0\u70ba\u592ajuicy \u4e86\uff0c\u518d\u52a0\u4e0a\u53f0\u4e2d\u7684\u6771\u6cc9\u8fa3\u6912\u91ac\uff0c\u9019\u662f\u6211\u5403\u904e\u6700\u597d\u5403\u7684\u86cb\u9905\uff0c\u53ef\u60dc...\u4f60\u77e5\u9053\u7684\uff0c\u597d\u5403\u7684\u5e97\u7684\u4e0b\u5834\u7e3d\u662f..."
        },
        {
            "reply_id": "UgxLZoEv4WogjxCooCp4AaABAg",
            "reply_content": "\u4ee5\u524d\u5728\u4e2d\u548c\u54e1\u5c71\u8def\u4e0a\u6709\u4e00\u9593\u71b1\u7092\u5e97\uff0c\u6700\u559c\u6b61\u4ed6\u7684\u725b\u8089\u7092\u98ef\u8ddf\u9435\u677f\u8c46\u8150\uff0c\u56e0\u70ba\u8001\u95c6\u9802\u8457\u5927\u5149\u982d\uff0c\u79c1\u5e95\u4e0b\u90fd\u53eb\u4ed6\u5149\u982d\u7092\u98ef\u3002\n\u5e7e\u5e74\u904e\u53bb\uff0c\u60f3\u8aaa\u53bb\u5403\u4e00\u4e0b\uff0c\u7d50\u679c\u5012\u4e86\uff0c\u554f\u4ee5\u524d\u540c\u4e8b\u624d\u77e5\u9053\u8001\u95c6\u764c\u75c7\u8d70\u4e86...."
        },
        {
            "reply_id": "UgxXTJPZb5xwLNNP7RB4AaABAg",
            "reply_content": "\u7b11\u6b7b\uff0c\u4f60\u5beb\u7684\u4e0d\u662f\u7f8e\u98df\u540d\u7c3f \u662f\u6b7b\u4ea1\u7b46\u8a18\u5427"
        },
        {
            "reply_id": "UgwhcCqM5o4xDP8mUAR4AaABAg",
            "reply_content": "\u7cbe\u82f1\u4e2d\u7684\u82f1\u7cbe\ud83d\ude02"
        },
        {
            "reply_id": "Ugzfz1prgjZS70eEmip4AaABAg",
            "reply_content": "\u8070\u54e5\u4f60\u7684\u5634\u53ef\u4ee5\u5ab2\u7f8e\u99ac\u82f1\u4e5d\u7e3d\u7d71\u7684\u6b7b\u4ea1\u4e4b\u63e1\u4e86"
        },
        {
            "reply_id": "Ugzp17SwM2m-5q3BauF4AaABAg",
            "reply_content": "\u6843\u5712\u552f\u4e00\u63a8\u85a6-\u4e2d\u5e73\u8def\u7c21\u5e2b\u5085!"
        },
        {
            "reply_id": "Ugz28MWANnGVPgLvs8Z4AaABAg",
            "reply_content": "\u83c1\u82f1\u4e2d\u7684\u82f1\u83c1\uff1f\u9019\u5012\u88dd\u53e5\u6703\u4e0d\u6703\u592a\u795e\u4e86\ud83d\ude02"
        },
        {
            "reply_id": "UgzG97tg9tpLO_3qGaF4AaABAg",
            "reply_content": "\u7a81\u7136\u60f3\u5230\uff0c\u5f70\u5316\u6247\u5f62\u8eca\u5eab\u9644\u8fd1\u4ee5\u524d\u6709\u4e00\u6524\u975e\u5e38\u597d\u5403\u7684\u9eb5\u7dda\u7cca\uff0c\u662f\u500b\u8001\u5976\u5976\u5728\u7d93\u71df\u7684\uff0c\u5f9e\u570b\u5c0f\u5c31\u958b\u59cb\u5403\u5230\u9ad8\u4e2d\uff0c\u662f\u76ee\u524d\u6211\u5403\u904e\u6700\u597d\u5403\u7684\u9eb5\u7dda\u7cca\uff0c\u53ef\u662f\u4e0d\u77e5\u70ba\u4ec0\u9ebc\u9ad8\u4e2d\u7562\u696d\u4e4b\u5f8c\u5728\u5916\u5730\u5de5\u4f5c\uff0c\u5076\u723e\u56de\u5bb6\u7d93\u904e\u9019\u5bb6\u9eb5\u7dda\u7cca\u767c\u73fe\u8001\u95c6\u8b8a\u4e86\uff0c\u4e0d\u662f\u5e73\u5e38\u7684\u8001\u5976\u5976\uff0c\u6c92\u6709\u5f88\u5728\u610f\uff0c\u4f46\u5473\u9053\u8b8a\u4e86\uff0c\u88e1\u9762\u8a72\u5403\u5230\u7684\u6599\u4e5f\u90fd\u6d88\u5931\u7684\u5dee\u4e0d\u591a\u4e86\uff0c\u611f\u89ba\u4e0d\u662f\u4ee5\u524d\u7684\u90a3\u7897\u9eb5\u7dda\u7cca\u3002\u5982\u4eca\u73fe\u5728\u4e5f\u6c92\u5728\u770b\u5230\u90a3\u5bb6\u9eb5\u7dda\u7cca\u6709\u5728\u71df\u696d\u4e86\uff0c\u6211\u5927\u6982\u77e5\u9053\u600e\u9ebc\u56de\u4e8b\u4e86\uff0c\u592a\u53ef\u60dc\u4e86\uff0c\u624b\u85dd\u7adf\u7136\u6c92\u6709\u4eba\u5b78\u8d77\u4f86\u3002\ud83d\ude22"
        },
        {
            "reply_id": "UgyaAJDzARWw2FdiepZ4AaABAg",
            "reply_content": "\u4ee5\u524d\u6211\u5bb6\u9644\u8fd1\u6709\u8ce3\u4e00\u5bb6\u6771\u5c71\u9d28\u982d\uff0c\u4ed6\u662f\u6211\u89ba\u5f97CP\u503c\u8ddf\u7f8e\u5473\u7a0b\u5ea6\u662f\u5168\u53f0\u7063\u6700\u9ad8\u7684\uff0c\u5e7e\u4e4e\u6bcf\u500b\u500b\u79ae\u62dc\u90fd\u6703\u53bb\u4e00\u6b21\uff0c\u73fe\u5728\u5df2\u7d93\u642c\u8d70\u4e86\uff0c\u5f9e\u6b64\u6211\u518d\u4e5f\u6c92\u6709\u5403\u904e\u6bd4\u4ed6\u66f4\u597d\u5403\u7684\u6771\u5c71\u9d28\u982d"
        },
        {
            "reply_id": "UgzA3Gd9MC-Xj6xfkBR4AaABAg",
            "reply_content": "\u83c1\u82f1\u4e2d\u7684\u82f1\u83c1"
        },
        {
            "reply_id": "Ugzy1IUD7cxfbLU4uNp4AaABAg",
            "reply_content": "\u96e2\u6211\u5bb6\u592a\u9060\uff01\u83c1\u82f1\u4e2d\u7684\u82f1\u83c1\uff01\n\u4e00\u7fa4\u4eba\u8dea\u8457\u770b\u6d17\u8863\u5e97...\u6d17\u8863\u5e97\u8001\u95c6\u8def\u904e\u5fc3\u60f3(\u6211\u5728\u9019\u64f4\u5c55\u5e97\u9762\u662f\u5c0d\u7684\uff01\u770b\u5230\u9019\u9ebc\u591a\u9867\u5ba2\u8dea\u8457\u8fce\u63a5\u4ed6\u7684\u5230\u4f86...)"
        },
        {
            "reply_id": "UgwHErgDKRS0GnhFs6x4AaABAg",
            "reply_content": "\u9019\u8b93\u6211\u60f3\u5230\u6211\u4e4b\u524d\u60f3\u5403\u725b\u8089\u9eb5\u90fd\u6703\u53bb\u7279\u5b9a\u7684\u5e97\u5bb6\u9ede,\u7136\u5f8c\u6536\u4e86,\u96e3\u904e"
        },
        {
            "reply_id": "UgzxzXJGL9Mb4qBDmzd4AaABAg",
            "reply_content": "\u83c1\u82f1\u4e2d\u7684\u82f1\u7cbe\uff1f"
        }
    ]
}