{
    "video_info": {
        "id": "y_w8zgC8lWM",
        "channelTitle": "Onion Man",
        "title": "Onion Man | Larry\u7684\u591a\u91cd\u5b87\u5b99",
        "description": "\u6211\u662f 8+9 Larry\n\n\u3010\u8a02\u95b1\u3011\u53ca\u89c0\u770b\u6d0b\u8525\u66f4\u591a\u5f71\u7247: https://goo.gl/ijP3Eb\n\n\u5de5\u4f5c\u5408\u4f5c\uff1aonionmanwork@gmail.com\nOnion Man \u767e\u842c\u8ffd\u8e64\u7c89\u7d72\u5718:goo.gl/Z5CSvw\n\n\u6700\u65b0\u963f\u6587\u8cbc\u5716:https://reurl.cc/GxYjA\n\n\u7b2c\u4e00\u4ee3\u963f\u6587line\u8cbc\u5716:https://reurl.cc/Wroxx\n\n\u6d0b\u8525\u79c1\u751f\u6d3bIG:https://www.instagram.com/onionman__/\n\n\n\u904b\u52d5\u6f2b\u756b\u88e1\u7684\u4e2d\u4e8c\u8001\u6897\u5287\u60c5\n\u25ba\u7b2c\u4e00\u96c6:https://youtu.be/cMoV1rPH35k\n\u25ba\u7b2c\u4e8c\u96c6:https://youtu.be/iW7LM00lny0\n\u25ba\u7b2c\u4e09\u96c6:https://youtu.be/2G5wu61uCM0\n\u25ba\u7b2c\u56db\u96c6:https://youtu.be/-rP1abYv8n4\n\nOnion Man \u95dc\u9375\u5b57:\n\u4e2d\u4e8c \u80a5\u5b85 \u55ae\u8eab\u6f22 \u55ae\u8eab \u9b6f\u86c7 \u5c4c\u7d72 \u80a5\u5b85 \u5947\u7570\u535a\u58eb2 \u5abd\u7684\u591a\u91cd\u5b87\u5b99  \u760b\u72c2\u591a\u5143\u5b87\u5b99",
        "likeCount": "11570",
        "commentCount": "988",
        "viewCount": "469359"
    },
    "comments": [
        {
            "reply_id": "UgwedWFdcDgMeD30PL14AaABAg",
            "reply_content": "\u6bcf\u500b\u90fd\u54ed\u7238\u54ed\u6bcd"
        },
        {
            "reply_id": "Ugx78BXdGsHOW9i4YOJ4AaABAg",
            "reply_content": "\u73fe\u5728\u6709\u5347\u5b78\u7126\u616e\uff0c\u4f46\u662f\u6211\u6e05\u695a\u9019\u500b\u4e0d\u6703\u662f\u4eba\u751f\u4e2d\u6700\u6709\u7126\u616e\u7684\u6642\u523b\u3002\u7126\u616e\u6642\u8b80\u66f8\u6216\u8d70\u8d70\u807d\u8457\u8525\u54e5\u7684\u5f71\u7247\u771f\u7684\u6703\u6bd4\u8f03\u653e\u9b06\ud83c\udf89\u611f\u8b1d\u5927\u5b78\u6642\u671f\u7684\u8525\u54e5\u505a\u51fa\u9019\u500b\u5192\u96aa\u7684\u6c7a\u5b9a\uff0c\u8b93\u6211\u5011\u73fe\u5728\u53ef\u4ee5\u770b\u5230\u8525\u54e5\u7684\u5f71\u7247\ud83d\ude07"
        },
        {
            "reply_id": "UgxBA0FykoqWzBDfRy14AaABAg",
            "reply_content": "\u867d\u7136\u5267\u60c5\u9760\u80cc\uff0c\u4f46\u8fd8\u662f\u6709\u4e00\u4e9b\u9053\u7406"
        },
        {
            "reply_id": "UgzsQ8j_MlmFYtadbvF4AaABAg",
            "reply_content": "\u7b49\u4e00\u4e0b \u8df3\u6a13\u4e5f\u7b97\u8077\u696d\u55ce\uff1f"
        },
        {
            "reply_id": "Ugw14UuAqlsnswNWTRd4AaABAg",
            "reply_content": "\u5287\u60c5\u6709\u9ede\u50cf\u5abd\u7684\u591a\u91cd\u5b87\u5b99"
        },
        {
            "reply_id": "Ugw0TSXEnRNIc5Fi99Z4AaABAg",
            "reply_content": "\u7b11\u6b7b"
        },
        {
            "reply_id": "UgxuRllvOpa8GFMjyTp4AaABAg",
            "reply_content": "\u70ba\u5565\u7576\u6995\u6a39\u4e5f\u80fd\u6210\u70ba\u4e00\u7a2e\u8077\u696d\uff1f\u54c8\u54c8"
        },
        {
            "reply_id": "Ugw4XLMljKiTx0B0XC14AaABAg",
            "reply_content": "\u4f60\u592a\u905c"
        },
        {
            "reply_id": "Ugzi_h1cXE8vyTm8Q_Z4AaABAg",
            "reply_content": "\u9760\u5317\u9760\u6bcd"
        },
        {
            "reply_id": "UgzjBsip3gTb2LrsauV4AaABAg",
            "reply_content": "\u672c\u96c6\u91d1\u53e5\u310d\u54ed\u7238\u54ed\u6bcd\u300b"
        },
        {
            "reply_id": "Ugz5KX0QFbcb7y7Wv-V4AaABAg",
            "reply_content": "\u4f86\u5566\u9019\u9846\u3002"
        },
        {
            "reply_id": "Ugy1odaq3F2mHUvllWp4AaABAg",
            "reply_content": "\u54c7\uff01\u81ea\u6bba\u4e5f\u662f\u4f60\u60f3\u8981\u7684\u8077\u696d\u5440"
        },
        {
            "reply_id": "UgxMJjGkVqPw_G1lwFh4AaABAg",
            "reply_content": "\u9053\u7406\u6211\u90fd\u61c2\uff0c\u4f46\u6995\u6a39\u5230\u5e95\u662f\u5565\u5c0f\u5566"
        },
        {
            "reply_id": "Ugwp58xB3f-bRhYF6_h4AaABAg",
            "reply_content": "\u963f\u6587\u7e3d\u5171\u8b1b\u4e86\u5e7e\u6b21\u9760\u5317\u9760\u6bcd\u963f\ud83d\ude02"
        },
        {
            "reply_id": "UgytRK14SZbZMGcgaT14AaABAg",
            "reply_content": "\u9664\u4e86\u8df3\u697c\u90a3\u4e2a\u5176\u4ed6\u7684\u786e\u5b9e\u662f\u8ba4\u771f\u8fc7\u6d3b"
        },
        {
            "reply_id": "Ugy7CkatI59qVK8V31F4AaABAg",
            "reply_content": "\u963f\u6587:\u56e0\u70ba\u4f60\u662f\u8ca0\u80fd\u91cf\u6700\u591a\u7684\u90a3\u500b"
        },
        {
            "reply_id": "Ugx7OWxqbdtwh5qEtJF4AaABAg",
            "reply_content": "\u76f4\u64ad\u90a3\u6bb5\u7b11\u6b7b"
        },
        {
            "reply_id": "UgyqiSzmK1LGhBLNKnF4AaABAg",
            "reply_content": "\u770b\u4f86\u6d0b\u8525\u60f3\u8981\u8df3\u6a13"
        },
        {
            "reply_id": "Ugy8KH9jBfudyGPruKN4AaABAg",
            "reply_content": "\u5f88\u597d\u5947\u662f\u600e\u9ebc\u8b8a\u6210\u6995\u6a39\u7684\ud83d\ude02"
        },
        {
            "reply_id": "UgyC7QAK_z6lJMeBQI94AaABAg",
            "reply_content": "\u672c\u96c6\u91cd\u9ede:\u9760\u5317\u9760\u6bcd"
        }
    ]
}