{
    "video_info": {
        "id": "yOJN1KyzMjM",
        "channelTitle": "Onion Man",
        "title": "Onion Man | \u751f\u6b7b\u4e00\u77ac\u9593\uff01\u6d0b\u8525\u7684\u4e03\u5927\u8d70\u99ac\u71c8\u56de\u61b6\uff01\uff01 | \u771f\u5be6\u6545\u4e8b\u7cfb\u5217",
        "description": "\u53e4\u60d1\u4ed4\u662f\u771f\u5be6\u5b58\u5728\u3109...\u90fd\u662f\u8caa\u5c0f\u4fbf\u5b9c\u7684\u5831\u61c9\n\n\u6d0b\u8525\u624b\u6a5f\u652f\u67b6\u9650\u91cf\u958b\u8ce3: https://shopee.tw/product/262656109/20213005745/\n\n\u3010\u8a02\u95b1\u3011\u53ca\u89c0\u770b\u6d0b\u8525\u66f4\u591a\u5f71\u7247: https://goo.gl/ijP3Eb\n\n\u5de5\u4f5c\u5408\u4f5c\uff1aonionmanwork@gmail.com\nOnion Man \u767e\u842c\u8ffd\u8e64\u7c89\u7d72\u5718:goo.gl/Z5CSvw\n\n\u6700\u65b0\u963f\u6587\u8cbc\u5716:https://reurl.cc/GxYjA\n\n\u7b2c\u4e00\u4ee3\u963f\u6587line\u8cbc\u5716:https://reurl.cc/Wroxx\n\n\u6d0b\u8525\u79c1\u751f\u6d3bIG:https://www.instagram.com/onionman__/\n\n\n\u904b\u52d5\u6f2b\u756b\u88e1\u7684\u4e2d\u4e8c\u8001\u6897\u5287\u60c5\n\u25ba\u7b2c\u4e00\u96c6:https://youtu.be/cMoV1rPH35k\n\u25ba\u7b2c\u4e8c\u96c6:https://youtu.be/iW7LM00lny0\n\u25ba\u7b2c\u4e09\u96c6:https://youtu.be/2G5wu61uCM0\n\u25ba\u7b2c\u56db\u96c6:https://youtu.be/-rP1abYv8n4\n\nOnion Man \u95dc\u9375\u5b57:\n\u4e2d\u4e8c \u80a5\u5b85 \u55ae\u8eab\u6f22 \u55ae\u8eab \u9b6f\u86c7 \u5c4c\u7d72 \u80a5\u5b85",
        "likeCount": "16955",
        "commentCount": "1075",
        "viewCount": "991493"
    },
    "comments": [
        {
            "reply_id": "UgyHxl9SDUOPIxgxl6F4AaABAg",
            "reply_content": "\u6b38\u90a3\u597d\u50cf\u662f\u6211 \u8b1d\u8b1d"
        },
        {
            "reply_id": "UgxUKfxRv0jUh7_RocZ4AaABAg",
            "reply_content": "\u5927\u69822\u516c\u5c3a"
        },
        {
            "reply_id": "UgzwY9HZrJD6ZG7imgt4AaABAg",
            "reply_content": "\u6d77\u908a\u73a9\u6642\u88ab\u6d6a\u6372\u8d70"
        },
        {
            "reply_id": "Ugx-AfTTg0rcl8n0FBN4AaABAg",
            "reply_content": "\u662f\u4e4b\u524d\u7684\u5de5\u4f5c\u4eba\u54e1"
        },
        {
            "reply_id": "Ugy1O_K1m1rGUVn_TGJ4AaABAg",
            "reply_content": "\u96f2\u9704\u98db\u8eca\u90a3\u500b  \u62112x\u5e74\u524d\u5c0f\u5b78\u6236\u5916\u6559\u5b78\u53bb\u5c0f\u4eba\u570b,\u90a3\u6642\u7684\u624b\u715e\u8eca\u662f\u8981\u81ea\u5df1\u62c9,\u7136\u5f8c\u6211\u90a3\u6642\u62c9\u592a\u6162\u649e\u5230\u524d\u9762\u7684\u8eca\u5b50,\u5c31\u7d66\u4e0a\u9762\u7684\u54e1\u5de5\u8cde\u4e86\u4e00\u5df4\u638c,\u70ba\u4ec0\u9ebc\u4e0d\u62c9\u624b\u715e\u8eca?,  ,\u7576\u4e0b\u771f\u7684\u662f\u5e79\u4f60\u5a18\u6a5f\u63b0"
        },
        {
            "reply_id": "UgyqPDnK4jNH0RbwVAN4AaABAg",
            "reply_content": "\u6211\u9f3b\u5b50\u4e5f\u5361\u4f4f\u904e\u6771\u897f"
        },
        {
            "reply_id": "UgzE8d3tyZoI30bAkcx4AaABAg",
            "reply_content": "\u54c8\u54c8\u54c8\u54c8 \u771f\u662f\u611f\u540c\u8eab\u53d7 \u4e4b\u524d\u6eba\u6c34 \u771f\u7684\u5dee\u9ede\u89ba\u5f97\u8981\u6b7b\u5728\u88e1\u9762\u4e86"
        },
        {
            "reply_id": "UgxNIV-depVB7SoE7cZ4AaABAg",
            "reply_content": "\u5168\u4e16\u754c\u7684\u4eba\u985e\u7576\u4e2d\u53ea\u6709\u6d0b\u8525\u662f\u4e16\u754c\u4e0a\u6240\u6709\u4e0d\u597d\u7684\u4e8b\u60c5\u7684\u5c0d\u8c61"
        },
        {
            "reply_id": "UgwyFup-TEvPzqWsk-94AaABAg",
            "reply_content": "\u5168\u4e16\u754c\u7684\u4eba\u985e\u7576\u4e2d\u53ea\u6709\u6d0b\u8525\u4f60\u662f\u4f4e\u80fd"
        },
        {
            "reply_id": "UgxC03p_YJqT088VJtl4AaABAg",
            "reply_content": "\u4f60\u662f\u81bd\u5c0f\u9b3c\u6d0b\u8525"
        },
        {
            "reply_id": "Ugwdf68495Kik0bbLHx4AaABAg",
            "reply_content": "\u5996\u7cbe\u5c3e\u5df4\uff01"
        },
        {
            "reply_id": "UgyFQQpZ8OSVHTEkQJR4AaABAg",
            "reply_content": "\u6211\u4eba\u751f\u552f\u4e00\u4e00\u6b21\u7684\u751f\u6b7b\u7d93\u6b77 \u5927\u6982\u5c31\u662f\u5c0f\u6642\u5019\u7684\u5927\u6d77\u6f02\u6d6e\u4e86\n\u7238\u5abd\u670b\u53cb\u4e00\u8d77\u7cfe\u5718\u5e36\u5c0f\u5b69\u53bb\u6d77\u908a\u73a9\n\u7576\u6642\u7684\u6211\u8ddf\u4e00\u500b\u963f\u59e8\u9084\u6709\u4e00\u7fa4\u5c0f\u5b69\u624b\u727d\u8457\u624b\u5728\u6d77\u908a\u6f02\u6d6e\n\u6211\u5011\u7684\u6cf3\u5708\u90fd\u662f\u5728\u80a9\u90e8 \u5c31\u9019\u6a23\u8d8a\u6f02\u8d8a\u9060\n\u98c4\u7684\u8d8a\u9060\u6d6a\u8d8a\u5927 \u6211\u5728\u7576\u6642\u4e00\u76f4\u88ab\u6253\u904e\u4f86\u7684\u6d6a\u6df9\u4f4f \u4e00\u76f4\u6c92\u8fa6\u6cd5\u597d\u597d\u547c\u5438\n\u53ef\u4ee5\u8aaa \u5e7e\u4e4e\u6574\u500b\u982d\u90fd\u662f\u5728\u6c34\u4e2d \u7136\u5f8c\u4e00\u76f4\u88ab\u6d6a\u6253 \u4e00\u76f4\u55c6\u5230\n\u5f8c\u4f86\u6211\u5f88\u5bb3\u6015 \u6211\u8aaa\u6211\u8981\u56de\u53bb   \u6211\u5abd\u4e5f\u5728\u5cb8\u908a\u5f88\u61a4\u6012 \u4e00\u76f4\u5c0d\u8457\u6211\u5011\u7f75\n\u5728\u90a3\u6642\u5019\u963f\u59e8\u8aaa\u7684\u7b2c\u4e00\u53e5\u8a71\u662f...\u6211\u5011\u4e0d\u8981\u8ddf\u4ed6\u73a9\u4e86 \u6211\u5011\u7e7c\u7e8c\u5427\n\u5e73\u6642\u90fd\u6703\u53bb\u4ed6\u5011\u5bb6\u73a9\u7684 \u767c\u751f\u9019\u4ef6\u4e8b\u4e4b\u5f8c\u5c31\u6c92\u5728\u53bb\u904e\u4e86"
        },
        {
            "reply_id": "Ugy550iPTQvcpUFcDSJ4AaABAg",
            "reply_content": "\u771f\u7684\u6703\u88ab\u7b11\u6b7b \u6211\u6703\u6b7b\u7684 \u88ab\u5abd\u5abd\u6253\u6b7b\u54c8\u54c8\u54c8\u54c8\u54c8\u54c8\u54c8"
        },
        {
            "reply_id": "UgzhxVv-GBk3hCLiwWd4AaABAg",
            "reply_content": "\u6211\u5c0f\u65f6\u5019\u628a\u5c0f\u9897\u7684\u7535\u6c60\u585e\u8fdb\u53bb\u9f3b\u5b50\u91cc\u9762\u2026"
        },
        {
            "reply_id": "UgybwHBPN1T4BdYEnE54AaABAg",
            "reply_content": "\u6211\u5c0f\u6642\u5019\u53bb\u58be\u4e01\u73a9\uff0c\u5370\u8c61\u597d\u6df1\u523b\uff0c\u6211\u5728\u73a9\u6c34\u4e0d\u5c0f\u5fc3\u5230\u6df1\u6c34\u5340\u4e0d\u5c0f\u5fc3\u6eba\u6c34\uff0c\u4e00\u5c0d\u5e74\u8f15\u7684\u60c5\u4fb6\u6551\u4e86\u6211\uff0c\u800c\u6211\u8d77\u4f86\u7684\u6642\u5019\u767c\u73fe\u9644\u8fd1\u5b8c\u5168\u6c92\u6709\u4eba\u5728\u73a9\u6c34\uff0c\u6211\u5df2\u7d93\u8ddd\u96e2\u6d77\u7058\u6709\u4e00\u5927\u6bb5\u8ddd\u96e2\uff0c\u771f\u7684\u5f88\u611f\u8b1d\u4ed6\u5011\u3002"
        },
        {
            "reply_id": "UgyTTnYoySi2emruGQ54AaABAg",
            "reply_content": "\u6700\u5f8c\u9762\u6709\u81ea\u80a5\u7684\u611f\u89ba~\u771f\u9999~"
        },
        {
            "reply_id": "UgzvRXBt0FwqxEUvTfx4AaABAg",
            "reply_content": "\u6211\u4e5f\u6709\u4e00\u9846\u883b\u5927\u7684\u661f\u661f\u585e\u5230\u9f3b\u5b50 \u7136\u5f8c\u4e43\u62ff\u4e0d\u51fa\u4f86 \u6d17\u5b8c\u6fa1\u5403\u5b8c\u98ef\u624d\u53bb\u770b\u91ab\u751f"
        },
        {
            "reply_id": "Ugxw5RSRi0nBctl71354AaABAg",
            "reply_content": "\u6253\u5012\u4e00\u500b\u5168\u90e8\u4e00\u6b21\u6253"
        },
        {
            "reply_id": "UgzztCCNOW2r5atNtKp4AaABAg",
            "reply_content": "\u628a\u90a3\u4e9b\u6d41\u6c13\u6253\u7206\uff0c\u7b11\u6b7b"
        },
        {
            "reply_id": "UgzfNkRCbEOo_7-FQtN4AaABAg",
            "reply_content": "\u5728\u9019\u88e1\u79d1\u666e\u4e00\u4e0b\uff1a\u6d41\u6c13\u4e0d\u662f\u8981\u6210\u7fa4\u7d50\u968a\u6b3a\u8ca0\u4eba\uff0c\u4ed6\u5011\u8981\u53ea\u662f\u627e\u7684\u662f\u4e00\u4e9b\u5438\u6bd2\u3001\u6cd5\u5f8b\u6f0f\u6d1e\u7b49\u3002"
        }
    ]
}