{
    "video_info": {
        "id": "yV6v7KOqBPI",
        "channelTitle": "Onion Man",
        "title": "\u5c0f\u7409\u7403\u5927\u71b1\u5929\u982d\u71d2\u58de\u4e86   #shorts | Onion Man",
        "description": "\u3010\u8a02\u95b1\u3011\u53ca\u89c0\u770b\u6d0b\u8525\u66f4\u591a\u5f71\u7247: https://goo.gl/ijP3Eb\n\n\u5de5\u4f5c\u5408\u4f5c\uff1aonionmanwork@gmail.com\nOnion Man \u767e\u842c\u8ffd\u8e64\u7c89\u7d72\u5718:goo.gl/Z5CSvw\n\n\u6700\u65b0\u963f\u6587\u8cbc\u5716:https://reurl.cc/GxYjA\n\n\u7b2c\u4e00\u4ee3\u963f\u6587line\u8cbc\u5716:https://reurl.cc/Wroxx\n\n\u6d0b\u8525\u79c1\u751f\u6d3bIG:https://www.instagram.com/onionman__/\n\n\n\u904b\u52d5\u6f2b\u756b\u88e1\u7684\u4e2d\u4e8c\u8001\u6897\u5287\u60c5\n\u25ba\u7b2c\u4e00\u96c6:https://youtu.be/cMoV1rPH35k\n\u25ba\u7b2c\u4e8c\u96c6:https://youtu.be/iW7LM00lny0\n\u25ba\u7b2c\u4e09\u96c6:https://youtu.be/2G5wu61uCM0\n\u25ba\u7b2c\u56db\u96c6:https://youtu.be/-rP1abYv8n4\n\nOnion Man \u95dc\u9375\u5b57:\n\u4e2d\u4e8c \u80a5\u5b85 \u55ae\u8eab\u6f22 \u55ae\u8eab \u9b6f\u86c7 \u5c4c\u7d72 \u80a5\u5b85\n#shorts | Onion Man",
        "likeCount": "1921",
        "commentCount": "52",
        "viewCount": "75675"
    },
    "comments": [
        {
            "reply_id": "UgwRHff7w8aoFw9hBB94AaABAg",
            "reply_content": "\u6211\u9078\u64c7\u76f4\u63a5\u8def\u904e\ud83e\udd2b"
        },
        {
            "reply_id": "UgyRwbsB3QhVxcnLthJ4AaABAg",
            "reply_content": "\u6d77\u6d77\u62f3"
        },
        {
            "reply_id": "UgxslS-qu-veAgjV6IN4AaABAg",
            "reply_content": "\u597d\u5c0f\u4e00\u5305"
        },
        {
            "reply_id": "UgxT4uiKv0ha4n2eEgd4AaABAg",
            "reply_content": "\u4e0d\u4e4b\u5230\u7684\u4eba\u9084\u4ee5\u70ba\u662f\u72d7\u5728\u6253\u67b6\ud83d\ude02\ud83d\ude02\ud83d\ude02"
        },
        {
            "reply_id": "Ugyiz3WmQLlQcaGNwPB4AaABAg",
            "reply_content": "\u5728\u6253\u7334\u5b50\u963f \u90a3\u8072\u97f3"
        },
        {
            "reply_id": "UgycLLQWzPxa0PGYyl14AaABAg",
            "reply_content": "\u8525\u54e5\u597d\u7626\u5594"
        },
        {
            "reply_id": "Ugx_io0cKKnHiRxnL4R4AaABAg",
            "reply_content": "\u5527\u5527\u8017\u6653"
        },
        {
            "reply_id": "UgybdKChFTg0JM1Y4a54AaABAg",
            "reply_content": "\u770b\u5230\u4e00\u534a\u6211\u4ee5\u70ba\u6709\u7334\u5b50"
        },
        {
            "reply_id": "UgzinvMUHWV0X0dr8jh4AaABAg",
            "reply_content": "\u6d0b\u8525\u8d85\u7626"
        },
        {
            "reply_id": "UgzFh1il4pYZ5u6PUH54AaABAg",
            "reply_content": "\u80e1\u5e2b\u7236\u8b8a\u80d6\u4e86\uff01"
        },
        {
            "reply_id": "Ugx9P3SqAyhFKOD55XN4AaABAg",
            "reply_content": "\u767c\u760b\u4e86\u767c\u760b\u4e86"
        },
        {
            "reply_id": "Ugz0ACFXebzI9RJh7EZ4AaABAg",
            "reply_content": "\u7576\u4e00\u500b\u90a3\u9ebc\u71b1\u7684\u5929\u6c23\uff0c\u4ed6\u5011\u9084\u7a7f\u9ed1\u8863\u670d\uff0c\u6211\u5f88\u4f69\u670d\u4ed6\u5011\u7684\u52c7\u6c23"
        },
        {
            "reply_id": "UgxoDMbqNVwVLfJYYKR4AaABAg",
            "reply_content": "\u80e1\u6912\u8b8a\u597d\u80d6"
        },
        {
            "reply_id": "UgxPuCgxXjr3vfLyjkt4AaABAg",
            "reply_content": "\u52a0\u4e0a\u7834\u98a8\u8072\u5f8c\u807d\u8d77\u4f86\u9084\u771f\u6709\u4e00\u56de\u4e8b"
        },
        {
            "reply_id": "UgzKWrQB0NYeAHPmNKt4AaABAg",
            "reply_content": "\u54c8\u54c8\u54c8\u6709\u75c5"
        },
        {
            "reply_id": "Ugw8WH-9tPkrIcj57Z54AaABAg",
            "reply_content": "\u770b\u4f86\u61c9\u8a72\u662f\u6253\u6210\u5e73\u624b\u4e86\ud83d\ude02\ud83d\ude02"
        },
        {
            "reply_id": "UgwzK11KQ3jAzD0_Sj54AaABAg",
            "reply_content": "\u6d0b\u8525\u53ef\u4ee5\u53bb\u6253\u62f3\u8cfd\u6b38"
        },
        {
            "reply_id": "UgxpfITV-z1g7GJQ7lx4AaABAg",
            "reply_content": "\u54c8\u54c8\uff0c\u597d\u53ef\u611b"
        },
        {
            "reply_id": "Ugy3ea9PxQszzPVg6W14AaABAg",
            "reply_content": "\u80e1\u6912\u90a3\u500b\u81c9\u52a0\u914d\u97f3\u6709\u50cf\u4e5d\u5929\u7684\u746a\u5229\u4e9e\ud83d\ude06"
        },
        {
            "reply_id": "UgzVP9M6iq9kKbUXFVd4AaABAg",
            "reply_content": "\u592a\u6fc0\u70c8\u7684\u5c0d\u5c40\u4e86\ud83d\ude02"
        }
    ]
}