{
    "video_info": {
        "id": "z8mNzg__FPI",
        "channelTitle": "Onion Man",
        "title": "Onion Man | \u53c3\u52a0\u540c\u5b78\u6703\u662f\u70ba\u4e86\u70ab\u8000\u3001\u6500\u6bd4\u6210\u5c31\u55ce?",
        "description": "\u540c\u5b78\u6703\u662f\u74b0\u7e5e\u8457\u6211\u5011\u4e00\u751f\u7684\u6d3b\u52d5\uff0c\u6bcf\u5e74\u53c3\u52a0\u611f\u89f8\u90fd\u4e0d\u540c\n\n\u65b0\u8863\u670d\u9810\u8cfc\u958b\u555f  \u4e0b\u5468\u7d50\u55ae\nOnion Man \u6d0b\u8525 \u00d7 \u523a\u7e61\u68c9\u8cea\u4f11\u9592\u904b\u52d5\u77ed\u8932\nhttps://www.tami.tw/products/onionman-2023gs\nOnion Man \u6d0b\u8525 \u00d7 \u72e0\u89d2\u8272\u8cbc\u5e03 T-shirt\nhttps://www.tami.tw/products/onionman-2023tshirt\n\n\u3010\u8a02\u95b1\u3011\u53ca\u89c0\u770b\u6d0b\u8525\u66f4\u591a\u5f71\u7247: https://goo.gl/ijP3Eb\n\n\u5de5\u4f5c\u5408\u4f5c\uff1aonionmanwork@gmail.com\nOnion Man \u767e\u842c\u8ffd\u8e64\u7c89\u7d72\u5718:goo.gl/Z5CSvw\n\n\u6700\u65b0\u963f\u6587\u8cbc\u5716:https://reurl.cc/GxYjA\n\n\u7b2c\u4e00\u4ee3\u963f\u6587line\u8cbc\u5716:https://reurl.cc/Wroxx\n\n\u6d0b\u8525\u79c1\u751f\u6d3bIG:https://www.instagram.com/onionman__/\n\n\n\u904b\u52d5\u6f2b\u756b\u88e1\u7684\u4e2d\u4e8c\u8001\u6897\u5287\u60c5\n\u25ba\u7b2c\u4e00\u96c6:https://youtu.be/cMoV1rPH35k\n\u25ba\u7b2c\u4e8c\u96c6:https://youtu.be/iW7LM00lny0\n\u25ba\u7b2c\u4e09\u96c6:https://youtu.be/2G5wu61uCM0\n\u25ba\u7b2c\u56db\u96c6:https://youtu.be/-rP1abYv8n4\n\nOnion Man \u95dc\u9375\u5b57:\n\u4e2d\u4e8c \u80a5\u5b85 \u55ae\u8eab\u6f22 \u55ae\u8eab \u9b6f\u86c7 \u5c4c\u7d72 \u80a5\u5b85",
        "likeCount": "5090",
        "commentCount": "386",
        "viewCount": "295319"
    },
    "comments": [
        {
            "reply_id": "UgwI4CIlr1Lj0i6vEZJ4AaABAg",
            "reply_content": "\u7d05\u8272\u70b8\u5f48\u4e00\u5f8b\u7576\u6c92\u770b\u5230\uff38\uff24"
        },
        {
            "reply_id": "Ugw9PSjSwvtZSJScvt54AaABAg",
            "reply_content": "\u7d05\u5091\u9019\u6b20\u6241\u64d4\u7576\u662f\u6709\u7279\u5225\u52a0\u7d66\u55ce"
        },
        {
            "reply_id": "UgwlVo8tKFtnIJVUQ754AaABAg",
            "reply_content": "\u904e\u7684\u771f\u6b63\u5e78\u798f\u7684\u662f\u6d3b\u7684\u958b\u609f\u7684\u4eba\uff0c\u770b\u7834\u7d05\u5875\u7684\u51fa\u5bb6\u4eba\uff0c\u552f\u6709\u771f\u6b63\u770b\u7834\u653e\u4e0b\uff1b\u771f\u6b63\u7684\u5e78\u798f\uff0c\u662f\u5167\u5fc3\u7684\u77e5\u8db3\uff0c\u800c\u4e0d\u662f\u5916\u5728\u7684\u7269\u8cea\u8207\u617e\u671b\uff0c\u6240\u4ee5\u6c42\u751f\u897f\u65b9\u6de8\u571f\uff0c\u662f\u8ffd\u6c42\u4f5b\u9053\u7684\u7121\u4e0a\u83e9\u63d0\uff0c\u6210\u4f5b\u624d\u662f\u771f\u6b63\u7684\u56de\u6b78\u81ea\u6211\uff0c\u56e0\u70ba\u773e\u751f\u672c\u4f86\u90fd\u662f\u4f5b\uff0c\u53ea\u662f\u73fe\u5728\u8ff7\u5931\u4e86\u81ea\u6211\uff0c\u6210\u70ba\u4e86\u773e\u751f~\u5357\u7121\u963f\u5f4c\u9640\u4f5b"
        },
        {
            "reply_id": "Ugx4D5OwImQHM75SmQ54AaABAg",
            "reply_content": "\u6b72\u6708\u662f\u628a\u6bba\u8c6c\u5200"
        },
        {
            "reply_id": "UgzOrM0gAmDKH0BdyBx4AaABAg",
            "reply_content": "\u7f8e"
        },
        {
            "reply_id": "Ugz_OVGH8aKX5JmTFKJ4AaABAg",
            "reply_content": "\u54c8\u54c8\uff0c\u7562\u696d\u516b\u5e74\u4e86\uff0c\u90fd\u6c92\u6536\u904e\u901a\u77e5\ud83d\ude02"
        },
        {
            "reply_id": "UgwItNylm-26yKDolkJ4AaABAg",
            "reply_content": "\u8863\u670d\u653e\u5169\u5e74\u6c92\u9ec3 \u7d66\u8001\u95c6\u4e00\u500b\u8b9a"
        },
        {
            "reply_id": "UgxvmM0Maw_i1rfq2Tx4AaABAg",
            "reply_content": "\u61c9\u8a72\u8981\u73a9\u9b3c\u6293\u4eba \u9019\u6a23\u5c31\u53ef\u4ee5\u53cb\u5b9c\u9577\u5b58(\u9019\u500b\u771f\u4eba\u771f\u4e8b\u9084\u6709\u62cd\u6210\u96fb\u5f71)"
        },
        {
            "reply_id": "Ugxbpw3Q5eWjuq-KmBh4AaABAg",
            "reply_content": "\u540c\u5b78\u6703\u6c92\u53bb\u904e \u5c0f\u5b78\u6c92\u53bb \u570b\u4e2d\u6c92\u53bb \u9ad8\u4e2d\u6c92\u53bb \u53ea\u8ddf\u597d\u670b\u53cb\u805a\ud83e\udd23\ud83e\udd23"
        },
        {
            "reply_id": "Ugzfm-xWuok11fCREkF4AaABAg",
            "reply_content": "\u5f8c\u9762\u7684\u914d\u6a02\u6211\u4ee5\u70ba\u5728\u770b\u8b0e\u6848\u8ffd\u8e64\ud83e\udd23\ud83e\udd23"
        },
        {
            "reply_id": "UgwGpxxsqeQ8miOGOY94AaABAg",
            "reply_content": "\u6211\u4e5f\u662f\u6015\u5c37\u5c2c\u90fd\u4e0d\u592a\u6562\u53c3\u52a0\uff0c\u53ea\u559c\u6b61\u5c0f\u578b\u805a\u6703\ud83d\ude05"
        },
        {
            "reply_id": "UgwrdynhWYHPpTGyFfd4AaABAg",
            "reply_content": "\u6d0b\u8525\u771f\u7684\u7d50\u5a5a\u4e86\u55ce\uff1f\uff01"
        },
        {
            "reply_id": "UgxZcixJP8YJNECBMLF4AaABAg",
            "reply_content": "\u6d0b\u8525\u4f60\u8981\u7d50\u5a5a\u4e86\u55ce"
        },
        {
            "reply_id": "UgygP30aiyUoipqqLyB4AaABAg",
            "reply_content": "\u9ad8\u4e2d\u540c\u5b78\u6703\u548c\u5927\u5b78\u540c\u5b78\u6703\u5c31\u5f88\u660e\u986f\u4e86\n\u4ee5\u524d\u5f85\u5347\u5b78\u73ed \u90a3\u6642\u5019\u6c92\u8003\u4e0a\u524d\u5e7e\u5fd7\u9858\u7684\u90fd\u4e0d\u6703\u4f86\n\u4f86\u7684\u90fd\u5728\u6bd4\u81ea\u5df1\u6821\u6392\u3001\u53c3\u52a0\u4ec0\u9ebc\u5967\u6797\u5339\u4e9e\u7af6\u8cfd\u3001\u5f97\u4e86\u4ec0\u9ebc\u734e\u3001\u53bb\u54ea\u570b\u4ea4\u63db\u3001\u62ff\u5230\u4ec0\u9ebc\u5927\u516c\u53f8\u5be6\u7fd2\u6a5f\u6703\ud83d\ude02"
        },
        {
            "reply_id": "Ugyoeljdzts5DzDnTe54AaABAg",
            "reply_content": "\u597d\u559c\u6b61\u770b\u5230\u6d0b\u8525\u5c31\u662f\u9019\u9ebc\u53ef\u611b\u548c\u771f\u8aa0\uff0c\u99ac\u4e0a\u4e0b\u55ae\u8863\u670d"
        },
        {
            "reply_id": "UgxehOWFfngJvyerCll4AaABAg",
            "reply_content": "\u6b61\u8fce\u4f86\u5230\u8b0e\u6848\u8ffd\u8e64"
        },
        {
            "reply_id": "UgxszjGWFlB8sSPYygJ4AaABAg",
            "reply_content": "\u7d42\u65bc\u56de\u6b78\u7576\u521d\u7684\u6d0b\u8525\u4e86"
        },
        {
            "reply_id": "UgyDk5OgCORBtt4SrWt4AaABAg",
            "reply_content": "\u65b0\u5a5a\u5feb\u4e50 \u6d0b\u8471"
        },
        {
            "reply_id": "UgzUFY3L0lWWC9YlWkN4AaABAg",
            "reply_content": "\u5728\u540c\u5b78\u7684\u5a5a\u79ae\u4e0a\u8fa6\u540c\u5b78\u6703\u81f3\u5c11\u662f\u6b61\u6a02\u7684\n\u6700\u6015\u7684\u662f\u6642\u5149\u6d41\u901d\u901f\u5ea6\u4e4b\u5feb\n\u4e4b\u5f8c\u5f97\u5728\u544a\u5225\u5f0f\u4e0a\u8fa7\u53e6\u985e\u540c\u5b78\u6703\u4e86\ud83d\ude22\n\u9084\u662f\u597d\u597d\u628a\u63e1\u73fe\u5728\u7684\u540c\u5b78\u6703\u5427"
        },
        {
            "reply_id": "UgyJFiFKZ4YjfWjJjml4AaABAg",
            "reply_content": "\u518d\u904e\u5e7e\u5e74\u7684\u540c\u5b78\u6703\u5c31\u662f\u70ab\u5c0f\u5b69\u8b80\u54ea\u4e9b\u9802\u5927\u4e4b\u985e\u7684\u554f\u984c\u4e86\n\u6c92\u7d50\u5a5a\u6216\u5c0f\u5b69\u7684\u4eba\u60c5\u4f55\u4ee5\u582a\u22ef\u22ef\u4e0d\u6562\u53c3\u52a0\u56c9\ud83d\ude22"
        }
    ]
}