{
    "video_info": {
        "id": "zCLWkoSyKoE",
        "channelTitle": "Onion Man",
        "title": "Onion Man |  2022\u65b0\u6d0b\u8525\u6015\u87d1\u8782\u4e8b\u4ef6  | \u53ef\u6015\u7684\u6e05\u6f54\u516c\u53f8",
        "description": "2022\u5e74\u7684\u6d0b\u8525\uff0c\u6c7a\u5b9a\u8f49\u5ff5\u8207\u87d1\u8782\u5171\u8655\uff0c\u4e0d\u518d\u61fc\u6015\u4ed6\u5011\u22ef\n\n\u9084\u662f\u6703\u61fc\u6015\u7684\u8a71\uff0c\u53ef\u4ee5\u8a66\u8a66\u9019\u6b3e\n\u65e5\u672c\u92b7\u552e\u7b2c\u4e00\u300c\u8208\u5bb6\u5b89\u901f\u5c0f\u9ed1\u5e3d\u300d\u87d1\u8782\u990c\u5291\n\u56db\u500d\u9577\u6548*\u300c12\u500b\u6708\u6301\u7e8c\u6ec5\u87d1\u300d\n\nPChome\u8ce3\u5834\uff1ahttps://lihi1.com/OSRHY \nMOMO\u8ce3\u5834\uff1ahttps://lihi1.com/huIqw\n\n\u672c\u7bc7\u7559\u8a00\u5c07\u62bd8\u4f4d\uff0c\u7372\u5f97\u9664\u87d1\u795e\u5668-\u8208\u5bb6\u5b89\u901f\u5c0f\u9ed1\u5e3d\u87d1\u8782\u990c\u5291\u4e00\u76d2\n*\u56db\u500d\u9577\u6548\u4fc2\u6307\u8207\u81ea\u793e\u5176\u4ed6\u7522\u54c1\u6bd4\u8f03\n\n\u3010\u8a02\u95b1\u3011\u53ca\u89c0\u770b\u6d0b\u8525\u66f4\u591a\u5f71\u7247: https://goo.gl/ijP3Eb\n\n\u5de5\u4f5c\u5408\u4f5c\uff1aonionmanwork@gmail.com\nOnion Man \u767e\u842c\u8ffd\u8e64\u7c89\u7d72\u5718:goo.gl/Z5CSvw\n\n\u6700\u65b0\u963f\u6587\u8cbc\u5716:https://reurl.cc/GxYjA\n\n\u7b2c\u4e00\u4ee3\u963f\u6587line\u8cbc\u5716:https://reurl.cc/Wroxx\n\n\u6d0b\u8525\u79c1\u751f\u6d3bIG:https://www.instagram.com/onionman__/\n\n\n\u904b\u52d5\u6f2b\u756b\u88e1\u7684\u4e2d\u4e8c\u8001\u6897\u5287\u60c5\n\u25ba\u7b2c\u4e00\u96c6:https://youtu.be/cMoV1rPH35k\n\u25ba\u7b2c\u4e8c\u96c6:https://youtu.be/iW7LM00lny0\n\u25ba\u7b2c\u4e09\u96c6:https://youtu.be/2G5wu61uCM0\n\u25ba\u7b2c\u56db\u96c6:https://youtu.be/-rP1abYv8n4\n\nOnion Man \u95dc\u9375\u5b57:\n\u4e2d\u4e8c \u80a5\u5b85 \u55ae\u8eab\u6f22 \u55ae\u8eab \u9b6f\u86c7 \u5c4c\u7d72 \u80a5\u5b85",
        "likeCount": "12389",
        "commentCount": "1477",
        "viewCount": "622251"
    },
    "comments": [
        {
            "reply_id": "UgxkH9UXj8yPOTZLHxp4AaABAg",
            "reply_content": "\u514b\u670d\u81ea\u5df1\u6050\u61fc\u662f\u771f\u7684\u4e0d\u5bb9\u6613XDD\n\u4f46\u6211\u5f9e\u5c0f\u4e0d\u662f\u5728\u5403\u706b\u934b\u5403\u5230\u6700\u5f8c\u770b\u5230\u87d1\u8782 \u9084\u662f\u88ab\u87d1\u8782\u54ac\u904e \u7576\u6642\u90fd\u6c92\u5687\u4e00\u8df3 \u53cd\u5012\u662f\u8774\u8776"
        },
        {
            "reply_id": "UgyapxMpw-GmXRPak8V4AaABAg",
            "reply_content": "\u592a\u5641\u4e86\u5427"
        },
        {
            "reply_id": "Ugwgq11_S6k1P2PTbvx4AaABAg",
            "reply_content": "\u8d85\u7d1a\u7206\u7b11"
        },
        {
            "reply_id": "UgzjRaTmfxcBy2WygAx4AaABAg",
            "reply_content": "\u87d1\u8782\u6211\u5012\u9084\u597d\u4f46\u6211\u89ba\u5f97\u58c1\u864e\u6bd4\u8f03\u5641"
        },
        {
            "reply_id": "UgyKJKhaqH3HLD_hqzt4AaABAg",
            "reply_content": "\u672c\u696d\u6e05\u6f54\u516c\u53f8\uff0c\u4e3b\u8981\u696d\u52d9\u75c5\u5a92\u9632\u6cbb\u4e5f\u5c31\u662f\u4fd7\u7a31\u6d88\u6bd2\u4eba\u54e1\uff0c\u60f3\u7576\u521d\u6211\u4e5f\u662f\u7d93\u6b77\u4e86\u300c\u6d17\u79ae\u300d\u624d\u8b8a\u6210\u5c0d\u87d1\u8782\u7121\u611f\u7684\u5462\u2026\u771f\u662f\u6df1\u6709\u540c\u611f"
        },
        {
            "reply_id": "UgwgLk6hOXYNHZ1jiBx4AaABAg",
            "reply_content": "\u9019\u6771\u897f\u6211\u5f88\u9700\u8981\uff0c\u4eca\u5929\u53bb\u8cb7\u4e86\u4e00\u500b\u56de\u5bb6\u4f7f\u7528\u770b\u770b\u6548\u679c\u5982\u4f55\ud83d\ude1c\ud83d\ude1c"
        },
        {
            "reply_id": "UgxDRiC4N9frZ3ferJF4AaABAg",
            "reply_content": "\u6709\u4e00\u96bb\u7ae0\u6717\u5728\u4ed6\u96de\u96de"
        },
        {
            "reply_id": "UgxYWF4XYzBTf3nk9oR4AaABAg",
            "reply_content": "\u6211\u6709\u4e00\u6b21\u559d\u6211\u6700\u559c\u6b61\u7684\u98f2\u6599\u559d\u5230\u87d1\u8782"
        },
        {
            "reply_id": "UgzRLc1W1vniKCc9PxF4AaABAg",
            "reply_content": "\u7b49\u4e00\u4e0b\u90a3\u500b\u6709\u4e0b\u6c34\u9053\u4e95\u84cb\u7684\u591c\u5e02 \u8a72\u4e0d\u6703\u662f\u6843\u5712\u591c\u5e02\u5427\u54c8\u54c8\u54c8"
        },
        {
            "reply_id": "Ugz62fqkSlb6ASDYOcB4AaABAg",
            "reply_content": "\u8c22\u8c22\u4f60\u6d0b\u8471\u5e72\u6211\u770b\u5230\u7ed3\u5c3e\u4e5f\u60a3\u6709\u87d1\u8782\u6050\u60e7\u75c7\uff01"
        },
        {
            "reply_id": "UgxyzriVps60BFl2cc14AaABAg",
            "reply_content": "\u7279\u5225\u7684\u642d\u914d\u4e8b\u4ef6\u4ee4\u6211\u6709\u4e86\u9670\u5f71\uff0c\u770b\u5b8c\u7b2c\u4e8c\u5929\u4e4b\u5f8c\u662f\u5b78\u6821\u65c5\u884c\uff0c\u7576\u5929\u53bb\u8cb7\u7684\u5348\u98ef\u662f\u5e7e\u689d\u7cef\u7c73\u98ef\uff0c\u6211\u5c31\u6015\u5403\u5230\u87d1\u8782\uff0c\u4f46\u5e78\u597d\u6c92\u6709\uff0c\u9084\u8a18\u5f97\u6709\u4e00\u6b21\u6211\u7684\u5e8a\u4e0a\uff0c\u65c1\u908a\u653e\u4e86\u4e00\u500b\u76d2\u5b50\u88cf\u9762\u6709\u88dd\u98f2\u6599\u548c\u96f6\u98df\uff0c\u6211\u8981\u53bb\u62ff\u6c34\u7684\u6642\u5019\u770b\u5230\u6211\u7684\u6c34\u676f\u4e0a\u6709\u4e00\u500b\u9ed1\u5f71\u5728\u52d5\uff0c\u5728\u7260\u52d5\u76841\u79d2\u4e4b\u5f8c\uff0c\u6211\u99ac\u4e0a\u610f\u8b58\u5230\u90a3\u662f\u4e00\u96bb\u87d1\u8782\uff0c\u7531\u65bc\u6211\u6c34\u676f\u662f\u653e\u5728\u4e0b\u53bb\u7684\u68af\u5b50\u65c1\u908a\u642d\u8d77\u4f86\u7684\u5c0f\u5e73\u53f0\uff0c\u6240\u4ee5\u6211\u4e0d\u6562\u5f9e\u68af\u5b50\u4e0b\u53bb\uff0c\u65bc\u662f\u6211\u5f9e\u5e8a\u908a\u76f4\u63a5\u7ffb\u5230\u4e0b\u5e8a\uff08\u6211\u73fe\u5728\u6c92\u8fa6\u6cd5\u9019\u6a23\u505a\uff0c\u7576\u6642\u7c21\u76f4\u662f\u5947\u8e5f\uff09\u7136\u5f8c\u5230\u5ba2\u5ef3\u7761\u4e86\u4e00\u665a\uff0c\u81ea\u6b64\u4e4b\u5f8c\uff0c\u6211\u518d\u4e5f\u6c92\u6709\u78b0\u904e\u90a3\u500b\u6c34\u676f"
        },
        {
            "reply_id": "Ugy-M9tCO_xVHpxxx_x4AaABAg",
            "reply_content": "\u87d1\u8782\u771f\u7684\u662f\u4e00\u7a2e\u6c92\u4ec0\u9ebc\u667a\u80fd\u7684\u751f\u7269\uff0c\u87d1\u8782\u5f88\u96e3\u9a45\u8d95\u6709\u6642\u9a45\u8d95\u4ed6\u5011\u53cd\u800c\u6703\u5f80\u4f60\u7684\u65b9\u5411\u9003\uff0c\u7136\u5f8c\u53c8\u767c\u73fe\u554a\u9003\u932f\u5730\u65b9\u5728\u6389\u982d"
        },
        {
            "reply_id": "UgwYrCj4xPUqv0mBO1h4AaABAg",
            "reply_content": "\u6d0b\u8525\u7684\u7a2e\u65cf\u5c60\u6bba\u60f3\u6cd5\u582a\u6bd4\u7d0d\u7cb9\u5fb7\u570b\u5440\u54c8\u54c8"
        },
        {
            "reply_id": "UgyQGC6qMydaWJT77uF4AaABAg",
            "reply_content": "\u63a2\u51fa\u9b0d\u9b1a\u7684\u60c5\u7bc0\u582a\u6bd4\u7375\u4eba\u88e1\u8afe\u5e03\u53ea\u770b\u5230\u5c3c\u98db\u5f7c\u591a\u7684\u5713\u5c31\u5687\u50bb"
        },
        {
            "reply_id": "UgzkCvRzttGBvdtdsl54AaABAg",
            "reply_content": "\u5e72 \u6211\u4e4b\u524d\u559d\u6c34\u7684\u65f6\u5019\u91cc\u9762\u6709\u4ed9\u8349\u4e4b\u7c7b\u7684\u7136\u540e\u6211\u5c31\u54ac \u54ac\u7740\u611f\u89c9\u4e0d\u5bf9"
        },
        {
            "reply_id": "Ugxi9_7bbG7oK-oIu4p4AaABAg",
            "reply_content": "\u6700\u5f8c\u4e00\u500b\u6700\u5641\u5fc3"
        },
        {
            "reply_id": "Ugz_-o2KaqvsJbFi4eJ4AaABAg",
            "reply_content": "\u79c1\u4eba\u7684\u5f71\u7247\u9084\u51fa\u4f86\u64ad"
        },
        {
            "reply_id": "UgxU2TTaduU4LzOv--94AaABAg",
            "reply_content": "\u8a18\u5f97\u4ee5\u524d\u6709\u9593\u5f88\u611b\u7684\u53c9\u71d2 \u771f\u4f4e\u597d\u5403 \u90a3\u5929\u809a\u5b50\u9913\u5403\u5f97\u5f88\u5feb\u5f88\u958b\u5fc3 \u7d50\u679c\u5728\u98ef\u88e1\u770b\u5230\u5496\u5561\u8272\u7684\u6771\u897f \u6211\u60f3\u8aaa\u55ef\u662f\u4ec0\u9ebc\u554a \u7d50\u679c\u7ffb\u51fa\u4f86\u662f\u5207\u4e00\u534a\u7684\u87d1\u8782\u22ef\u22ef\u22ef \u8001\u95c6\u63db\u4e86\u4e00\u7897\u7d66\u6211 \u4f46\u4e7e\u4e0d\u5c31\u662f\u540c\u4e00\u934b\u716e\u51fa\u4f86\u7684\u98ef\u55ce\u22ef\u5687\u5f97\u6211\u518d\u4e5f\u4e0d\u6562\u5403\u4e86"
        },
        {
            "reply_id": "Ugwn5y_9aV4uGZaMP3l4AaABAg",
            "reply_content": "\u6700\u5f8c\u90a3\u4e00\u6bb5\u4e0d\u53ef\u4ee5\u80a2\u89e3\u90fd\u6709\u87d1\u8782\u85e5\u55ce\uff1f"
        },
        {
            "reply_id": "UgwoVgmQ7aOWdhyak1h4AaABAg",
            "reply_content": "\u8acb\u554f\u4e00\u4e0b\u9019\u500b\u5728\u54ea\u88e1\u8cb7\u591a\u5c11\u9322\u5462\uff1f"
        }
    ]
}