{
    "video_info": {
        "id": "ZMzL_uTlBug",
        "channelTitle": "Onion Man",
        "title": "Onion Man | 10\u5e74\u524d\u4e0d\u65b7\u53c3\u52a0\u6b4c\u5531\u6bd4\u8cfd\uff0c\u7adf\u5de7\u9047\u97cb\u79ae\u5b89\uff01 | \u6d0b\u8525\u6b4c\u5531\u4fee\u884c\u7bc7 (\u4e00) @weibird_official",
        "description": "\u5531\u6b4c\u80a5\u5b85-\u6d0b\u8525\n\n\u611f\u8b1d\u4e7e\u7239 foodpanda!!\n\n\u4e0024 \u5c0f\u6642\u90fd\u53ef\u4ee5\u517c\u5dee\uff0c\u5404\u884c\u5404\u696d\u90fd\u53ef\u4ee5\u505a\u7684\u517c\u5dee\u5de5\u4f5c        \n\u4e00\u9078\u5c0d\u5c16\u5cf0\u6642\u9593(\u9910\u671f)\u4e0a\u7dda\uff0c\u55ae\u55ae\u90fd\u52a0\u78bc      \n\u4e00\u7dda\u4e0a\u5feb\u901f\u958b\u901a\uff0c\u8b49\u4ef6\u5099\u9f4a\u7684\u72c0\u6cc1\u4e0b\uff0c\u4e09\u5929\u53ef\u6536\u5230\u88dd\u5099\u5b8c\u6210\u958b\u901a\uff0c\u7acb\u5373\u51fa\u767c\u5916\u9001        \n\u4e00\u96d9\u5468\u9818\u9322 / \u958b\u901a\u5373\u4eab\u514d\u8cbb\u6cd5\u5b9a\u50b3\u67d3\u75c5\u88dc\u511f\u4fdd\u96aa      \n\u9996\u6b21\u900f\u904e\u9023\u7d50\u52a0\u5165\u8005: https://lihi1.com/YpMIs\n\u4e26\u65bc 3/20 \u524d\u5b8c\u6210\u9996\u55ae\u5373\u4eab $1200\n\u734e\u91d1+\u9650\u91cf\u7f8e\u98df\u591a\u9078\u5238!!\n(\u203b1200 \u734e\u91d1\u53ef\u88dc\u8cbc\u88dd\u5099\u8cbb\u7528&\u514d\u88dd\u5099\u8cbb)\n\u9650\u5317\u5317\u57fa\u6843\u7af9\u82d7\n\n\n\u3010\u8a02\u95b1\u3011\u53ca\u89c0\u770b\u6d0b\u8525\u66f4\u591a\u5f71\u7247: https://goo.gl/ijP3Eb\n\n\u5de5\u4f5c\u5408\u4f5c\uff1aonionmanwork@gmail.com\nOnion Man \u767e\u842c\u8ffd\u8e64\u7c89\u7d72\u5718:goo.gl/Z5CSvw\n\n\u6700\u65b0\u963f\u6587\u8cbc\u5716:https://reurl.cc/GxYjA\n\n\u7b2c\u4e00\u4ee3\u963f\u6587line\u8cbc\u5716:https://reurl.cc/Wroxx\n\n\u6d0b\u8525\u79c1\u751f\u6d3bIG:https://www.instagram.com/onionman__/\n\n\n\u904b\u52d5\u6f2b\u756b\u88e1\u7684\u4e2d\u4e8c\u8001\u6897\u5287\u60c5\n\u25ba\u7b2c\u4e00\u96c6:https://youtu.be/cMoV1rPH35k\n\u25ba\u7b2c\u4e8c\u96c6:https://youtu.be/iW7LM00lny0\n\u25ba\u7b2c\u4e09\u96c6:https://youtu.be/2G5wu61uCM0\n\u25ba\u7b2c\u56db\u96c6:https://youtu.be/-rP1abYv8n4\n\nOnion Man \u95dc\u9375\u5b57:\n\u4e2d\u4e8c \u80a5\u5b85 \u55ae\u8eab\u6f22 \u55ae\u8eab \u9b6f\u86c7 \u5c4c\u7d72 \u80a5\u5b85",
        "likeCount": "13163",
        "commentCount": "1618",
        "viewCount": "716825"
    },
    "comments": [
        {
            "reply_id": "Ugy1k39Oz5lnv1oZj6B4AaABAg",
            "reply_content": "\u4f60\u5011\u540c\u6821\u5594"
        },
        {
            "reply_id": "Ugw-c4nqR6usnEe-4Np4AaABAg",
            "reply_content": "\u597d\u60f3\u77e5\u9053\u662f\u54ea\u4e00\u500b\u7bc0\u76ee~\ud83e\udd23"
        },
        {
            "reply_id": "Ugy4aL0USJEmNcGkin94AaABAg",
            "reply_content": "\u6293\u5230\u6700\u5f8c\u963f\u6587\u624b\u4e0a\u7684\u5b57\u53cd\u4e86"
        },
        {
            "reply_id": "UgwYuvVOpfmqnN0WvPJ4AaABAg",
            "reply_content": "\u6211\u7684\u97f3\u6e96\u6e96\u5230\u6211\u90fd\u76f4\u63a5\u8b8a\u5973\u751f"
        },
        {
            "reply_id": "Ugy2z3mN-yNfez_s8rV4AaABAg",
            "reply_content": "\u6709\u4eba\u77e5\u9053\u5091\u592b\u5531\u7684\u662f\u4ec0\u9ebc\u6b4c\u55ce\u597d\u597d\u807d"
        },
        {
            "reply_id": "UgwilFc7xqeT5SURxzp4AaABAg",
            "reply_content": "\u9ad8\u5531\u6bd4\u8cfd\u60f3\u5230\u81ea\u5df1\u52aa\u529b\u60f3\u8981\u5531\u597d\u7d50\u679c\u88ab\u5bb6\u88e1\u7684\u4eba\u8aaa\u53ef\u4e0d\u53ef\u4ee5\u63db\u5225\u9996\u807d\u5f88\u81a9\u4e4b\u985e\u7684"
        },
        {
            "reply_id": "UgwNEq1HfD7yVOSYGHF4AaABAg",
            "reply_content": "\u6211\u5c0f\u65f6\u5019\u5f88\u64c5\u957f\u7f8e\u672f \u800c\u4e14\u8fd8\u4e0d\u662f\u540e\u671f\u57f9\u517b\u7684 \u771f\u5c31\u662f\u81ea\u5df1\u609f\u7684 \u6211\u8fd8\u4ee5\u4e3a\u81ea\u5df1\u662f\u6bd5\u52a0\u7d22\u8f6c\u4e16\u5462\ud83d\ude02"
        },
        {
            "reply_id": "Ugxb2ghncLF4LALCwAl4AaABAg",
            "reply_content": "\u6211\u4e5f\u662f\u570b\u9ad8\u4e2d\u53c3\u52a0\u6b4c\u5531\u6bd4\u8cfd\u5bb9\u6613\u5f97\u734e\u7684\u4eba\uff0c\u5f8c\u4f86\u5927\u5b78\u4ee5\u5f8c\u53c3\u52a0\u6b4c\u5531\u6bd4\u8cfd \u771f\u7684\u5f88\u5bb9\u6613\u7dca\u5f35\u7834\u97f3\u8d70\u97f3\u3002\u800c\u4e14\u90fd\u8a18\u5f97\u662f\u54ea\u4e9b\u6b4c\u2026\u5c0e\u81f4\u5f8c\u4f86\u90fd\u4e0d\u6562\u5531\u90a3\u5e7e\u9996\u6b4c\uff0c\u56e0\u70ba\u4e00\u76f4\u88ab\u540c\u5b78\u7b11\ud83e\udd72\u7136\u5f8c\u5c45\u7136\u6709\u6e38\u9d3b\u660e\u7684\u5b5f\u5a46\u6e6f\uff01\u524d\u9663\u5b50\u624d\u4e00\u76f4\u807d\u9019\u9996\u6b4c\u6c92\u60f3\u5230\u807d\u5230\u6d0b\u8525\u7248\u672c\u7684\uff0c\u679c\u7136\u597d\u597d\u807d\uff5e"
        },
        {
            "reply_id": "Ugx3fDlV3B8dAw7YCT94AaABAg",
            "reply_content": "\u5531\u6b4c\u6700\u96e3\u7684\u662f\u5fc3\u614b\u9019\u53e5\u8a71\u76f4\u63a5\u6233\u5230\u6211\u7684\u5fc3\u9b54\u6211\u662f\u7f8e\u53c3\u5718\u7684\u5728\u8003\u8a66\u7684\u6642\u5019\u6211\u56e0\u70ba\u5f88\u7dca\u5f35\u6240\u4ee5\u76f4\u63a5\u5fd8\u8a18\u6b4c\u8a5e\u6c92\u8003\u4e0a\u5230\u5f8c\u4f86\u6211\u8d85\u50b7\u5fc3"
        },
        {
            "reply_id": "UgwVHwN7B5wFaiVrSz54AaABAg",
            "reply_content": "\u7a81\u7136\u767c\u73fe \u9418\u7531\u662f\u526a\u5200\u6536\u4e2d\u7531\u55ce\ud83e\udd23"
        },
        {
            "reply_id": "Ugy34lqKGlhAl0jF_fx4AaABAg",
            "reply_content": "\u97cb\u79ae\u5b89\u662f\u6211\u7684\u5076\u50cf\u554a\u554a\u554a\u554a"
        },
        {
            "reply_id": "Ugyp7cv337Xbcz3Gr0t4AaABAg",
            "reply_content": "\u5176\u5be6\u53ef\u4ee5\u5e6b\u963f\u6587\u51fa\u4e00\u500b\u983b\u9053\u4e86\uff0c\u4ed6\u914d\u97f3\u771f\u7684\u5f88\u5317\u721b\u597d\u7b11"
        },
        {
            "reply_id": "UgyOY8qOL8JyoMq9urh4AaABAg",
            "reply_content": "\u6211\u5728\u4e00\u5929\u5167\u5c31\u5b78\u6703\u507d\u97f3 \u96e3\u9053\u6211\u662f\u97f3\u6e96\u5927\u5e2b\u55ce"
        },
        {
            "reply_id": "Ugwl5xxZwuqmMDgk5Cx4AaABAg",
            "reply_content": "\u526a\u5200\u624b\u4e2d\u7531\uff1f"
        },
        {
            "reply_id": "Ugz4uE9RW-dwGsNeXgV4AaABAg",
            "reply_content": "\u662f\u526a\u5200\u624b\u55ce"
        },
        {
            "reply_id": "UgxcV886-VWL6ve1ecV4AaABAg",
            "reply_content": "\u90a3\u500b\u937e\u7531\u83ab\u975e\u662f \u526a\u5200\u624b\u4e2d\u7531"
        },
        {
            "reply_id": "UgyYAOpC7mZJoPoJjXN4AaABAg",
            "reply_content": "\u90a3\u500b\u5012\u8457\u7ad9\u5728\u6a39\u4e0a \u5c31\u662f\u6211\u611b\u7f85\u7b2c\u4e00\u6b21\u767b\u5834\u7684\u6a23\u5b50\u554a\uff01\ud83d\ude02\ud83d\ude02\ud83d\ude02"
        },
        {
            "reply_id": "UgzAx2-GmNEn3TyouCN4AaABAg",
            "reply_content": "\u90a3\u5834\u6bd4\u8cfd\u662f\u4e0d\u662f\u4e94\u71c8\u734e"
        },
        {
            "reply_id": "UgxcO9pYY6aoNRaB1dV4AaABAg",
            "reply_content": "\u6d0b\u8525\u771f\u7684\u662f\u771f\u6b63\u7684\u8ffd\u661f\u6210\u529f"
        },
        {
            "reply_id": "Ugw-0d39912eB-hyDxV4AaABAg",
            "reply_content": "\u6d0b\u8525\u6211\u6709\u770b\u904e\u4f60\u771f\u6b63\u7684\u81c9"
        }
    ]
}