{
    "video_info": {
        "id": "zOtbxmD1QUI",
        "channelTitle": "Onion Man",
        "title": "Onion Man | \u6d0b\u8525\u7684\u5531\u6b4c\u7cd7\u4e8b| \u5531KTV\u9189\u8db4\u5728\u4eba\u884c\u9053\u4e0a| \u6d0b\u8525\u7684\u5531\u6b4c\u7cd7\u4e8b\uff5c\u89e3HIGH\u7684\u5b85\u7537",
        "description": "\u6211\u771f\u7684\u4e0d\u60f3\u5531\uff0c\u6211\u6bcf\u6b21\u90fd\u662f\u88ab\u903c\u7684\n\n\u3010\u8a02\u95b1\u3011\u53ca\u89c0\u770b\u6d0b\u8525\u66f4\u591a\u5f71\u7247: https://goo.gl/ijP3Eb\n\n\u5de5\u4f5c\u5408\u4f5c\uff1aonionmanwork@gmail.com\nOnion Man \u767e\u842c\u8ffd\u8e64\u7c89\u7d72\u5718:goo.gl/Z5CSvw\n\n\u6700\u65b0\u963f\u6587\u8cbc\u5716:https://reurl.cc/GxYjA\n\n\u7b2c\u4e00\u4ee3\u963f\u6587line\u8cbc\u5716:https://reurl.cc/Wroxx\n\n\u6d0b\u8525\u79c1\u751f\u6d3bIG:https://www.instagram.com/onionman__/\n\n\n\u904b\u52d5\u6f2b\u756b\u88e1\u7684\u4e2d\u4e8c\u8001\u6897\u5287\u60c5\n\u25ba\u7b2c\u4e00\u96c6:https://youtu.be/cMoV1rPH35k\n\u25ba\u7b2c\u4e8c\u96c6:https://youtu.be/iW7LM00lny0\n\u25ba\u7b2c\u4e09\u96c6:https://youtu.be/2G5wu61uCM0\n\u25ba\u7b2c\u56db\u96c6:https://youtu.be/-rP1abYv8n4\n\nOnion Man \u95dc\u9375\u5b57:\n\u4e2d\u4e8c \u80a5\u5b85 \u55ae\u8eab\u6f22 \u55ae\u8eab \u9b6f\u86c7 \u5c4c\u7d72 \u80a5\u5b85",
        "likeCount": "4992",
        "commentCount": "477",
        "viewCount": "269785"
    },
    "comments": [
        {
            "reply_id": "UgxIjf6pr4jYv2QOl7F4AaABAg",
            "reply_content": "\u90a3\u662f\u8ab0"
        },
        {
            "reply_id": "UgzFzaxPoyl9lMXutQZ4AaABAg",
            "reply_content": "\u9e7f\u4eba\uff1a\u99ac\u4e0a\u88ab\u8ce3\u4e86"
        },
        {
            "reply_id": "Ugx4LFJjqUojKO0kU7t4AaABAg",
            "reply_content": "\u62f3\u7237\u51fa\u73b0\u90a3\u91cc\uff0c\u4e5f\u592a\u6709\u7231\u4e86\u5427\uff01"
        },
        {
            "reply_id": "Ugy1mG7-wnippEEvVPh4AaABAg",
            "reply_content": "\u597d\u60b6\u7684\u670b\u53cb\u5011"
        },
        {
            "reply_id": "UgzhkAhgXWSr8vEhMu14AaABAg",
            "reply_content": "\u6700\u6015\u9047\u5230\u5531\u6292\u60c5\u6b4c\u7136\u5f8c\u5531\u5b8c\u5927\u5bb6\u5f88\u51b7\u975c\u7684\u9f13\u638c\uff08\u9084\u96f6\u96f6\u843d\u843d\u7684\u90a3\u7a2e\uff09\n\u8d85\u5c2c"
        },
        {
            "reply_id": "UgyUpOtTW5_G-4t6z2t4AaABAg",
            "reply_content": "\u660e\u660e\u5c31\u5047\u5410"
        },
        {
            "reply_id": "UgxKdJexlSoSBOFamiZ4AaABAg",
            "reply_content": "\u597d\u72e0"
        },
        {
            "reply_id": "UgyE_wRezBi_YeIRuRZ4AaABAg",
            "reply_content": "\u628a\u5c55\u5bb9\u5c55\u745e\u756b\u90a3\u9ebc\u919c\uff0c\u679c\u7136\u662f\u500b\u72e0\u89d2\u8272"
        },
        {
            "reply_id": "UgyS9pKHDIq1UoXoEsR4AaABAg",
            "reply_content": "\u6b38\u6de6\u90a3\u500b\u4eba\u5728\u5531\u7c89\u96ea\u6b38\uff01\uff08\u9ad8\u6728\u7c89\u8def\u904e"
        },
        {
            "reply_id": "Ugw7ZpNqZCrFggR4hSd4AaABAg",
            "reply_content": "\u90a3\u500b\u62cd\u624b\u756b\u9762\u592a\u5c2c\u4e86\u5427\ud83d\ude02"
        },
        {
            "reply_id": "Ugyt82Whictm0mvktIt4AaABAg",
            "reply_content": "\u6211\u5f9e\u6d0b\u8525\u7b2c\u4e8c\u689d\u5f71\u7247\u5df2\u7d93\u958b\u59cb\u770b\uff0c\u73fe\u5728\u624d\u770b\u7684\u4eba\u4e5f\u592a\u6162\u4e86\u5427\uff5e\uff08\u8aaa\u7b11\u800c\u4e14XD"
        },
        {
            "reply_id": "Ugzop85JSG1dX-3mmyJ4AaABAg",
            "reply_content": "\u6c42\u8981\u66f4\u591a\u9304\u97f3\u7cbe\u83ef"
        },
        {
            "reply_id": "Ugwkbovll7MnIT8Q1XF4AaABAg",
            "reply_content": "\u652f\u6301"
        },
        {
            "reply_id": "Ugx1uU6Ji6P8g6n22td4AaABAg",
            "reply_content": "\u6211\u54e5\u5c31\u6709\u8b1b\u5230\u6709\u4eba\u9189\u5012\u4e86 \u88ab\u62ac\u56de\u5bb6 \u539f\u4f86\u662f\u4f60"
        },
        {
            "reply_id": "UgzkHXLE-CPfgCCaKml4AaABAg",
            "reply_content": "\u4e5f\u592a\u723d\u4e86\u5427 \u53ef\u4ee5\u8ddf\u864e\u5357\u7d04\u6703"
        },
        {
            "reply_id": "Ugy2oGRPSHeqnZp3qSp4AaABAg",
            "reply_content": "\u6843\u5712\u9322\u6ac3"
        },
        {
            "reply_id": "Ugw6Kv2dfoBr7zlgGiV4AaABAg",
            "reply_content": "\u6211\u77e5\u9053\u4f60\u662f\u6d0b\u8525"
        },
        {
            "reply_id": "Ugw1ABLvgzRBVAk0uOF4AaABAg",
            "reply_content": "\u7ffb\u5899\u8fc7\u6765\u770b\u6d0b\u8471\u89c6\u9891\ud83d\ude02"
        },
        {
            "reply_id": "UgzKnjReqqIwqzF3N2N4AaABAg",
            "reply_content": "\u9019\u96c6\u8981\u7b11\u6b7b\u4e86"
        },
        {
            "reply_id": "UgxQSjbFpCmHlAJd8494AaABAg",
            "reply_content": "\u91cd\u555f\u4eba\u751f \u5f88\u597d\u770b"
        }
    ]
}