{
    "video_info": {
        "id": "zQGQMLPFDjk",
        "channelTitle": "Onion Man",
        "title": "Onion Man | \u4f86\u5230\u5929\u5802\u570b\u5ea6\u51b0\u5cf6\uff01\u4e00\u9910\u52d5\u8f122500\u5143\u5168\u6b50\u7269\u50f9\u6700\u9ad8\uff01\u5168\u7a0b\u5305\u8eca\u8c6a\u83ef\u8cd3\u58eb\u5927\u5df4\u8207\u5c0e\u904a\uff01\u6668\u6668\u6688\u6a5f\u7206\u5410\u5fb7\u570b\u6a5f\u5834\uff01",
        "description": "\u7b2c\u4e00\u6b21\u53bb\u6b50\u6d32\uff0c\u9019\u8d9f\u4e0d\u8ad6\u98df\u8863\u4f4f\u884c\u90fd\u662f\u9ad8\u6d88\u8cbb\uff0c\u6211\u4e00\u76f4\u5728\u8a55\u4f30\u503c\u4e0d\u503c\u5f97\uff0c\u5f71\u7247\u4e2d\u6703\u6558\u8ff0\u6211\u5c0d\u6240\u6709\u958b\u92b7\u7684\u5fc3\u60c5\uff01\n\n\u611f\u8b1d\u4e7e\u7239\uff0c\u4e14\u4e5f\u662f\u597d\u6d88\u606f\uff01\u6211\u4e5f\u8cb7\u4e86\u4e00\u53f0\u4e86\uff01\n\u73a9\u66f4\u591a\uff0c\u66f4\u597d\u73a9\uff01\u9019\u500b\u8fb2\u66c6\u65b0\u5e74\uff0c\u5165\u624b\u5168\u65b0 PlayStation 5 \u904a\u6232\u4e3b\u6a5f\uff0c\u4eab\u53d7\u66f4\u591a\u9a5a\u559c\u5a1b\u6a02\uff01\n\n\u65bc 2023 \u5e74 1 \u6708 10 \u65e5\u81f3 2 \u6708 10 \u65e5\u671f\u9593\u5b8c\u6210\u6307\u5b9a\u4efb\u52d9\uff0c\u53c3\u52a0\u300cPS5 \u958b\u904b\u5927\u79ae\u300d\u6d3b\u52d5\u5373\u53ef\u53c3\u52a0\u62bd\u734e\uff0c\u6709\u6a5f\u6703\u8d0f\u5f97\u9ad8\u9054\u65b0\u53f0\u5e63 32,000 \u5143\u96fb\u5b50\u73fe\u91d1\u5238\uff0c\u904e\u5e74\u7576\u7136\u5c31\u662f\u8981\u73a9 PS5\uff0c\u8b93\u4f60\u300c\u73a9\u8f49\u65b0\u4e00\u5e74\u300d\uff01\n\n\u6d3b\u52d5\u8a73\u60c5\u8acb\u4e0a\u5b98\u65b9\u7db2\u7ad9\uff1a\nhttps://www.playstation.com/zh-hant-tw/local/campaigns/the-year-of-play/\n\n\u3010\u8a02\u95b1\u3011\u53ca\u89c0\u770b\u6d0b\u8525\u66f4\u591a\u5f71\u7247: https://goo.gl/ijP3Eb\n\n\u5de5\u4f5c\u5408\u4f5c\uff1aonionmanwork@gmail.com\nOnion Man \u767e\u842c\u8ffd\u8e64\u7c89\u7d72\u5718:goo.gl/Z5CSvw\n\n\u6700\u65b0\u963f\u6587\u8cbc\u5716:https://reurl.cc/GxYjA\n\n\u7b2c\u4e00\u4ee3\u963f\u6587line\u8cbc\u5716:https://reurl.cc/Wroxx\n\n\u6d0b\u8525\u79c1\u751f\u6d3bIG:https://www.instagram.com/onionman__/\n\n\n\u904b\u52d5\u6f2b\u756b\u88e1\u7684\u4e2d\u4e8c\u8001\u6897\u5287\u60c5\n\u25ba\u7b2c\u4e00\u96c6:https://youtu.be/cMoV1rPH35k\n\u25ba\u7b2c\u4e8c\u96c6:https://youtu.be/iW7LM00lny0\n\u25ba\u7b2c\u4e09\u96c6:https://youtu.be/2G5wu61uCM0\n\u25ba\u7b2c\u56db\u96c6:https://youtu.be/-rP1abYv8n4\n\nOnion Man \u95dc\u9375\u5b57:\n\u4e2d\u4e8c \u80a5\u5b85 \u55ae\u8eab\u6f22 \u55ae\u8eab \u9b6f\u86c7 \u5c4c\u7d72 \u80a5\u5b85",
        "likeCount": "17436",
        "commentCount": "1207",
        "viewCount": "1210865"
    },
    "comments": [
        {
            "reply_id": "Ugx_vAv2VR6Xb9h8MZ94AaABAg",
            "reply_content": "\u4e00\u770b\u5230\u90a3\u4e2a\u5973\u5b69\u5b50\u5c31\u60f3\u5230\u8a93\u8a00\u7248\u7684\u6c42\u4f5b"
        },
        {
            "reply_id": "UgwiUuCTUGoOokSI3DB4AaABAg",
            "reply_content": "\u6d0b\u8525\u9810\u8a00\u5bb6 9\u500b\u6708\u524d\u5c31\u5df2\u7d93\u5728\u8d85\u6d3e\u4e86\ud83e\udd23"
        },
        {
            "reply_id": "Ugytge2xvUiLcDg54v14AaABAg",
            "reply_content": "\u70ba\u4e86\u7701\u9322\u72c2\u559d\u9910\u5ef3\u63d0\u4f9b\u7684\u6c34 \u7d50\u679c\u4e5f\u662f\u6c34\u9f8d\u982d\u88dd\u7684\ud83d\ude02\u8d85\u597d\u7b11\ud83d\ude05"
        },
        {
            "reply_id": "UgzeOvaNhEolD7RVn8Z4AaABAg",
            "reply_content": "\u6d0b\u8525\u4f60\u597d\uff0c\u53ef\u6190\u5594"
        },
        {
            "reply_id": "Ugx0vTIFF7EVCDwOwgl4AaABAg",
            "reply_content": "\u770b\u4f86\u5ee3\u544a\u8cbb\u662f\u771f\u7684\u5f88\u591a\uff0c\u61c9\u8a72\u662f\u7b97\u904e\u5927\u65bc\u65c5\u8cbb\u4e5f\u5927\u65bc\u90a3\u5e7e\u5929\u62cd\u651dVlog \u7684\u9ede\u95b1\u7387\u624d\u6703\u6c7a\u5b9a\u53bb\u7684\u5427\ud83d\ude02"
        },
        {
            "reply_id": "UgzMIF7cS7zujD8NjXV4AaABAg",
            "reply_content": "\u807d\u6d0b\u8525\u7684\u914d\u97f3\u771f\u7684\u6703\u6200\u611b"
        },
        {
            "reply_id": "UgzH0PdzM7Dlpz1lBeN4AaABAg",
            "reply_content": "\u7b97\u4e86\u4e00\u4e0b \u65c5\u884c\u793e\u771f\u597d\u8cfa\u554a\u554a\u554a\u554a"
        },
        {
            "reply_id": "Ugw78pWH7ku2bkKKXFZ4AaABAg",
            "reply_content": "\u5410\u9084\u53eb\u4eba\u62cd\n\u771f\u8166"
        },
        {
            "reply_id": "UgyT6L9FBIugCl-ebYh4AaABAg",
            "reply_content": "\u9910\u5ef3\u7684\u6c34\u4e5f\u662f\u6c34\u9f8d\u982d\u02ca\u88dd\u7684"
        },
        {
            "reply_id": "UgyKRHSKyQ8Py2BD3IR4AaABAg",
            "reply_content": "\u7a81\u7136\u770b\u5230\u767d\u77f3\u6897\u7684\u90e8\u5206"
        },
        {
            "reply_id": "UgxYQXrr07O42R3xMA14AaABAg",
            "reply_content": "\u65c5\u884c\u5230\u9019\u9ebc\u75db\u82e6\u4e0d\u5982\u4e0d\u8981\u53bb"
        },
        {
            "reply_id": "UgxgTPUglhDLmr34HEp4AaABAg",
            "reply_content": "\u6d0b\u8525\u8ddf\u6668\u6668\u7684\u95dc\u4fc2\u597d\u50cf\u4e0d\u932f"
        },
        {
            "reply_id": "Ugw72thSXSMObVfUuAV4AaABAg",
            "reply_content": "\u9019\u500b\u5c01\u9762"
        },
        {
            "reply_id": "UgxF54VokKHA-WUGD1p4AaABAg",
            "reply_content": "\u8ce4\u8446"
        },
        {
            "reply_id": "UgzSOP6HYo016UQw8YB4AaABAg",
            "reply_content": "\u8fd9\u79cd\u6f2b\u753b\u600e\u4e48\u5236\u4f5c\u7684\uff1f"
        },
        {
            "reply_id": "UgyRFjxB2ra4S54903Z4AaABAg",
            "reply_content": "\u6668\u6668\u53ef\u4ee5\u5a36\u56de\u5bb6\u4e86 \u592a\u5a46\u4e86"
        },
        {
            "reply_id": "UgzJKpw8U0aFwtRUM9p4AaABAg",
            "reply_content": "\u4e00\u76f4\u5f88\u597d\u5947\u6d0b\u8525\u7528\u99ac\u8cfd\u514b\u64cb\u4f4f\u81c9\u662f\u600e\u6a23\u9032\u98df\u7684"
        },
        {
            "reply_id": "UgxA16nIVHvEKAaC17p4AaABAg",
            "reply_content": "\u54c1\u5b50\u5c45\u7136\u5c45\u7136\u2026\u6bd4\u4e2d\u6307\u9084\u9019\u9ebc\u597d\u770b\ud83e\udd70"
        },
        {
            "reply_id": "UgyhgvW0i-mxq82O3aJ4AaABAg",
            "reply_content": "\u679c\u7136\u9019\u500b\u5c01\u9762\u5c31\u662f\u6d41\u91cf\u5bc6\u78bc"
        },
        {
            "reply_id": "UgxOIBjycjJvKsNecp14AaABAg",
            "reply_content": "\u5149\u770b\u958b\u982d\u7684\u6436\u52ab\u5f71\u7247\u5c31\u8b93\u6211\u5b8c\u5168\u4e0d\u60f3\u53bb\u6b50\u6d32\u65c5\u904a\ud83d\ude02\n\u660e\u660e\u662f\u6587\u660e\u570b\u5bb6\u600e\u9ebc\u8857\u982d\u6cbb\u5b89\u50cf\u672a\u958b\u767c\u5730\u5340\u22ef"
        }
    ]
}