{
    "video_info": {
        "id": "zqJbFuwjheM",
        "channelTitle": "Onion Man",
        "title": "Onion Man | \u51fa\u570b\u73a9\u9047\u53e4\u602a\u5c0e\u904a\uff1f\u628a\u6211\u5011\u653e\u751f\u5728\u6a5f\u5834\uff01\u6d0b\u8525\u9047\u5230\u7684\u6a5f\u8eca\u602a\u4eba\u7bc7 | \u53e4\u602a\u7684\u7259\u91ab | \u7403\u5834\u602a\u8001\u4f2f | \u5018\u5206\u5c0e\u904a  @JBao  @huzi1989",
        "description": "\u9019\u5e7e\u5e74\u5927\u5bb6\u6108\u4f86\u6108\u8e81\uff0c\u4e0d\u8ad6\u7db2\u8def\u6216\u73fe\u5be6\u90fd\u662f\u5982\u6b64\uff0c\u770b\u6211\u600e\u9ebc\u5c0d\u4ed8\u9019\u4e9b\u4eba\n\n\n\u3010\u8a02\u95b1\u3011\u53ca\u89c0\u770b\u6d0b\u8525\u66f4\u591a\u5f71\u7247: https://goo.gl/ijP3Eb\n\n\u5de5\u4f5c\u5408\u4f5c\uff1aonionmanwork@gmail.com\nOnion Man \u767e\u842c\u8ffd\u8e64\u7c89\u7d72\u5718:goo.gl/Z5CSvw\n\n\u6700\u65b0\u963f\u6587\u8cbc\u5716:https://reurl.cc/GxYjA\n\n\u7b2c\u4e00\u4ee3\u963f\u6587line\u8cbc\u5716:https://reurl.cc/Wroxx\n\n\u6d0b\u8525\u79c1\u751f\u6d3bIG:https://www.instagram.com/onionman__/\n\n\n\u904b\u52d5\u6f2b\u756b\u88e1\u7684\u4e2d\u4e8c\u8001\u6897\u5287\u60c5\n\u25ba\u7b2c\u4e00\u96c6:https://youtu.be/cMoV1rPH35k\n\u25ba\u7b2c\u4e8c\u96c6:https://youtu.be/iW7LM00lny0\n\u25ba\u7b2c\u4e09\u96c6:https://youtu.be/2G5wu61uCM0\n\u25ba\u7b2c\u56db\u96c6:https://youtu.be/-rP1abYv8n4\n\nOnion Man \u95dc\u9375\u5b57:\n\u4e2d\u4e8c \u80a5\u5b85 \u55ae\u8eab\u6f22 \u55ae\u8eab \u9b6f\u86c7 \u5c4c\u7d72 \u80a5\u5b85",
        "likeCount": "10575",
        "commentCount": "593",
        "viewCount": "508645"
    },
    "comments": [
        {
            "reply_id": "UgyqoEkjR_uLqgpNCgR4AaABAg",
            "reply_content": "\u5206\u4eab\u4f60\u751f\u6d3b\u4e2d\u9047\u904e\u7684\u602a\u4eba\u4e26\u5982\u4f55\u8207\u4ed6\u76f8\u8655\n\u62bd10\u4f4d\u9001\u6d0b\u8525\u8cf4\u8cbc\u5716"
        },
        {
            "reply_id": "Ugwq-0ALacbiJJ4Re0t4AaABAg",
            "reply_content": "\u8ddf\u6211\u5011\u5730\u65b9\u7684\u912d\u7259\u91ab\u597d\u50cf\u5594\ud83d\ude02"
        },
        {
            "reply_id": "UgzX_AGcy3Dil4Wtttp4AaABAg",
            "reply_content": "\u770b\u5b8c\u83ab\u540d\u773c\u7736\u542b\u6dda\n\u6d0b\u8525\u771f\u7684\u597d\u53ef\u611b\u2764\u76f8\u898b\u6068\u665a"
        },
        {
            "reply_id": "Ugwqup9JsETx5QXyK_J4AaABAg",
            "reply_content": "\u770b\u5230\u7db2\u7403\u963f\u5317\u90a3\u908a\u597d\u611f\u52d5 \u539f\u4f86\u662f\u6696\u7537\u554a\ud83e\udd79"
        },
        {
            "reply_id": "UgzqkhJt5ErknbrNDap4AaABAg",
            "reply_content": "\u597d\u559c\u6b61\u597d\u6b63\u80fd\u91cf\uff01"
        },
        {
            "reply_id": "UgxLxK8w-pa23bKW8-94AaABAg",
            "reply_content": "\u6211\u8a8d\u8b58\u4e00\u500b\u4f36\u7259\u4fd0\u5634\u3001\u5f88\u6703\u5435\u67b6\u7684\u4eba\uff0c\u4ed6\u4f86\u81ea\u4e00\u500b\u5f88\u6232\u5287\u5316\u7684\u5927\u5bb6\u65cf\uff0c\u53ef\u80fd\u662f\u8981\u6703\u5435\u67b6\u624d\u80fd\u5728\u90a3\u500b\u74b0\u5883\u751f\u5b58\u5427\uff0c\u4ee5\u524d\u5b78\u751f\u6642\u671f\u5f88\u7fa8\u6155\u90a3\u7a2e\u4eba\uff0c\u8166\u7b4b\u52d5\u5f88\u5feb\uff0c\u5435\u67b6\u7d55\u4e0d\u6703\u8f38\uff0c\u4f46\u4ed6\u7684\u5c0d\u6230\u6545\u4e8b\u807d\u4e45\u4e86\u5c31\u89ba\u5f97\u4ed6\u600e\u9ebc\u597d\u50cf\u5e38\u5e38\u9047\u5230\u6df7\u86cb? \r\n\u539f\u672c\u4ed6\u8a8d\u70ba\u6211\u5f88\u5e78\u904b\uff0c\u4eba\u751f\u6c92\u9047\u904e\u5e7e\u500b\u58de\u4eba\uff0c\u5f8c\u4f86\u6709\u6b21\u6211\u8aaa\u81ea\u5df1\u9047\u5230\u4e00\u500b\u6df7\u86cb(\u6211\u7ad9\u5728\u9a0e\u6a13\u6392\u968a\uff0c\u4e00\u500b\u4eba\u9a0e\u6a5f\u8eca\u671d\u6211\u7763\u904e\u4f86\uff0c\u6211\u5687\u4e00\u8df3\u554f\u5979\"\u4f60\u8981\u5e79\u561b?\"\u5979\u624d\u8aaa\"\u6211\u8981\u505c\u9019\u88e1\"\uff0c\u7576\u4e0b\u5f88\u706b\u5927\u4f46\u968a\u4f0d\u8981\u524d\u9032\u4e86\u5c31\u53ea\u56de\"\u4e0d\u6703\u5148\u8aaa\u5594?\"\u5c31\u8d70\u4e86)\uff0c\u670b\u53cb\u8aaa\u4ed6\u7d55\u5c0d\u6703\u8ddf\u9019\u6df7\u86cb\u5435\uff0c\u4f46\u5f8c\u4f86\u4ed6\u60f3\u60f3\u8a8d\u70ba\u9019\u53ef\u80fd\u662f\u6211\u300c\u89ba\u5f97\u300d\u81ea\u5df1\u7684\u751f\u547d\u4e2d\u5f88\u5c11\u6df7\u86cb\u7684\u539f\u56e0\uff0c\u8166\u7b4b\u52d5\u4e0d\u5feb\u4e0d\u7e7c\u7e8c\u722d\u4e00\u53e3\u6c23\u53cd\u800c\u8b93\u6211\u5c11\u5f88\u591a\u9ebb\u7169"
        },
        {
            "reply_id": "Ugy146leJBK1CNr0kmp4AaABAg",
            "reply_content": "\u611f\u89ba\u4f60\u7259\u91ab\u8ddf\u6211\u5f88\u5408\n\u6211\u5c0f\u6642\u5019\u5c31\u662f\u90a3\u7a2e\u8d85\u6015\u6240\u4ee5\u751a\u9ebc\u90fd\u8981\u554f\u7684 \u4f60\u4e0d\u5148\u8ddf\u6211\u8aaa\u9019\u500b\u5de5\u5177\u662f\u7528\u4f86\u5e79\u561b\u7684\u6211\u5c31\u4e0d\u5f35\u5634XD\n\u5c0e\u81f4\u6211\u8d85\u4e86\u89e3\u6574\u500b\u6cbb\u7642\u904e\u7a0bXD"
        },
        {
            "reply_id": "UgwljY-Fc0rxokQYLYx4AaABAg",
            "reply_content": "\u6d0b\u8525\u662f\u4e0d\u662f\u8aa4\u6703\u4e86\uff1f\u4e0d\u751f\u6c23\u4e0d\u4ee3\u8868\u8981\u4e00\u76f4\u8ddf\u602a\u4eba\u6253\u4ea4\u9053\ud83d\ude02"
        },
        {
            "reply_id": "UgyCDcYXK9YR9EgcUpV4AaABAg",
            "reply_content": "\u9019\u90e8\u6709\u6d0b\u8525\n\u8b1d\u5206\u4eab\u9019\u985e\u6545\u4e8b\n\u516c\u5712\u963f\u5317\u90a3\u908a\u4e0d\u8aaa\u771f\u7684\u5f88\u591a\u4eba\u6703\u8aa4\u6703\n\u4eba\u5c31\u662f\u9019\u6a23\u56e0\u70ba\u7121\u77e5\u3001\u6050\u61fc\u3001\u81ea\u50b2\u800c\u5c0d\u4ed6\u4eba\u7522\u751f\u6575\u610f \u4e86\u89e3\u5f8c\u624d\u77e5\u9053\u4e26\u975e\u81ea\u5df1\u6240\u60f3\u6240\u770b\u5230\u7684\u8868\u8c61\u800c\u5df2"
        },
        {
            "reply_id": "UgwFpkaXVZHPn1M53Sh4AaABAg",
            "reply_content": "\u90a3\u500b\u62d4\u500b\u7259\u560d\uff1f \u662f\u516b\u560e\u7259\u9732\u55ce\ud83d\ude02"
        },
        {
            "reply_id": "Ugwx37jNxWkxcxYzARp4AaABAg",
            "reply_content": "\u83ab\u540d\u5176\u5999\u60f3\u5230\u4e86\u4e2a\u4e00\u53e3\u6c14\u7ed9\u4e24\u9897\u7259\u505a\u6839\u7ba1\u7684\u72e0\u4eba\u540c\u5b66\ud83d\ude05"
        },
        {
            "reply_id": "UgyrIU6zS_yv0yCVLld4AaABAg",
            "reply_content": "\u5f88\u68d2\u7684\u4e00\u96c6\u2764"
        },
        {
            "reply_id": "UgznyF6_dtB-uWQugRd4AaABAg",
            "reply_content": "\u70ba\u4ec0\u9ebc\u6bcf\u6b21\u589e\u9032\u53cb\u8abc. \u6216\u8005\u6253\u958b\u5fc3\u7d50\u7684\u6642\u5019\n\u4e0d\u7528\u6709\u4e00\u500b\u7279\u5beb\u88f8\u9ad4\u7167\ud83d\ude05"
        },
        {
            "reply_id": "Ugxe6EeC8vzJyeDQsf94AaABAg",
            "reply_content": "\u5c31\u662f\u505c\u6b62\u5167\u8017"
        },
        {
            "reply_id": "UgxnMX2CTneVY3uNNkl4AaABAg",
            "reply_content": "\u6211\u4e5f\u5728\u4fee\u884c\u7684\u8def\u4e0a\uff0c\u4e0d\u904e\u65e9\u4e0a\u727d\u8eca\u6642\u767c\u73fe\u8eca\u5b50\u88ab\u9694\u58c1\u7684\u632a\u4f4d\u5361\u8457\uff0c\u5f8c\u7167\u93e1\u9084\u88ab\u5f04\u6b6a\uff0c\u5728\u6211\u672a\u4f86\u5f97\u53ca\u601d\u8003\u62f3\u982d\u5df2\u7d93\u843d\u5728\u4ed6\u7684\u5f8c\u7167\u93e1\u4e0a\ud83d\ude44"
        },
        {
            "reply_id": "UgywN8HittNpWYaY2Sp4AaABAg",
            "reply_content": "\u6d0b\u8525\u4f60\u6253\u771f\u6b63\u7684\u7db2\u7403\u6bd4\u8cfd\u4f60\u5c31\u6703\u77e5\u9053\u6c61\u7403\u662f\u6b63\u5e38\u7684"
        },
        {
            "reply_id": "Ugy_LWh3YXcAP5bGeVR4AaABAg",
            "reply_content": "\u4eba\u4e0d\u932f\uff0c\u4eba\u5f88\u6eab\u67d4\u662f\u6700\u6577\u884d\u7684\u8a55\u50f9\ud83d\ude02"
        },
        {
            "reply_id": "UgyadDJYKzAcFfxurth4AaABAg",
            "reply_content": "\u4f60\u90fd\u7d66\u91ab\u751f\u5f04\u90a3\u9ebc\u4e45\u7259\u9f52\u4e86\uff0c\u4e5f\u77e5\u9053\u4ed6\u6253\u8cc7\u6599\u5c31\u4ee3\u8868\u597d\u4e86\uff0c\u9019\u6a23\u4e0d\u662f\u4f60\u7684\u554f\u984c\uff1f"
        },
        {
            "reply_id": "Ugy2oDV4lrvF4c1EQBV4AaABAg",
            "reply_content": "\u53ef\u4ee5\u51fa\u4e0a\u52fe\u62f3\u7684\u52d5\u8cbc\u55ce?"
        },
        {
            "reply_id": "UgxecH6fwAixsbhnGvR4AaABAg",
            "reply_content": "\u9019\u96c6\u771f\u7684\u597d\u770b\uff0c\u5206\u4eab\u8ddf\u6211\u7238\u76f8\u8655\uff0c\u4ee5\u524d\u6211\u4e5f\u89ba\u5f97\u4ed6\u662f\u5916\u661f\u4eba\uff0c\u4e00\u4e0b\u7406\u6027\u4e00\u4e0b\u611f\u6027\uff0c\u525b\u958b\u59cb\u771f\u7684\u5f88\u4e0d\u9069\u61c9\uff0c\u76f8\u8655\u4e45\u4e86\u767c\u73fe\u4ed6\u6703\u5e73\u5e38\u5c31\u9f13\u52f5\u6211\uff0c\u7d66\u6211\u89c0\u5ff5\u5225\u4eba\u89ba\u5f97\u4e0d\u597d\u5371\u6a5f\u7684\u6642\u5019\uff0c\u5c31\u662f\u6211\u5011\u767c\u63ee\u7684\u6642\u5019\uff0c\u6211\u4e5f\u8f49\u5ff5\u5438\u53d6\u4ed6\u4eba\u751f\u7684\u667a\u6167\uff0c\u6211\u5011\u4e5f\u6703\u50cf\u670b\u53cb\u4e92\u76f8\u8a0e\u8ad6\u6295\u8cc7\u7684\u8cc7\u8a0a\uff0c\u96d6\u7136\u4ed6\u5df2\u7d93\u904e\u4e16\u4e86\uff0c\u6211\u4ecd\u8a18\u5f97\u4ed6\u50b3\u8f38\u7684\u50f9\u503c\u89c0"
        }
    ]
}