{
    "video_info": {
        "id": "1aLc6x0rU2Y",
        "channelTitle": "\u963f\u795e",
        "title": "\u963f\u795e\u73a9\u3010\u53f2\u840a\u59c6\u8fb2\u58342\u3011\u9047\u5230\u8d85\u7a00\u6709\ud83d\udc9b\u53f2\u840a\u59c6\u96e8(0.03%\u6a5f\u7387) !! \u6211\u8981\u6293\u5230\u6240\u6709\u2764\ufe0f\u66b4\u98a8\u96ea\u5c71\u3010\u9060\u53e4\u53f2\u840a\u59c6\u3011\uff01",
        "description": "\u4ee5\u5f8c\u76f4\u64ad\u5f71\u7247\u7cbe\u83ef\u3010\u963f\u795e\u526f\u983b\u9053\u3011 \u2794 \nhttps://www.youtube.com/@KoukiLiveShow/videos\n\u963f\u795e\u7684\uff29\uff27\u3010\u6301\u7e8c\u66f4\u65b0\u3011 \u2794 https://www.instagram.com/ookoukioo/\n\u963f\u795e\u7684\u63a8\u7279\u3010\u6301\u7e8c\u66f4\u65b0\u3011 \u2794 https://twitter.com/Ashan_kouki\n\nCredit \u2794 \u6954\u516d\u8449\n\n\ud83d\udd25\u795e\u8056\u7684\u95c6\u9f9c\ud83d\udd25 \u2794 \u8acb\u56b4\u683c\u9075\u5b88\u95c6\u9f9c\u795e\u660e\u5927\u4eba\u7684\u898f\u5b9a\uff1a\n\u3010\u4e0d\u6d17\u677f\u53ca\u5f15\u8d77\u6d17\u7248\u3011\n\u3010\u904a\u6232\u4e2d\u7981\u6b62\u3000\u5287\u900f\u3001\u66b4\u96f7\u3001\u9375\u76e4\u6307\u5c0e\u3011\n\u3010\u8acb\u4e92\u76f8\u5c0a\u91cd\u5f7c\u6b64\uff0c\u4e0d\u8981\u5435\u67b6\u5436\u3011",
        "likeCount": "3655",
        "commentCount": "80",
        "viewCount": "63082"
    },
    "comments": [
        {
            "reply_id": "UgzfILwzSpl5nEGEUIZ4AaABAg",
            "reply_content": "\u53f2\u840a\u59c6\u7cfb\u5217\u9084\u662f\u6700\u597d\u770b\u7684",
            "likeCount": 5
        },
        {
            "reply_id": "Ugxkplfvj6oa8pjR80l4AaABAg",
            "reply_content": "\u795e\u795e\u535a\u58eb\u6c92\u6709\u8fc5\u731b\u9f8d\u53f2\u840a\u59c6\u53ea\u6709\u86cb\u9ec3\u53f2\u840a\u59c6",
            "likeCount": 3
        },
        {
            "reply_id": "UgzrEOzorrcHql3GSYR4AaABAg",
            "reply_content": "\u963f\u795e\u8f9b\u82e6\u4e86\u7384\u6b66\u53f2\u840a\u59c6\u662f\u4e0d\u662f\u53ef\u4ee5\u8ddf\u87a2\u5149\u53f2\u840a\u59c6\u5408\u5728\u4e00\u8d77",
            "likeCount": 1
        },
        {
            "reply_id": "Ugzr2CXGi2DVuonzBw14AaABAg",
            "reply_content": "\u963f\u795e\u771f\u6a02\u89c0",
            "likeCount": 1
        },
        {
            "reply_id": "UgyiB2s6HmDold7Qkb54AaABAg",
            "reply_content": "\u5361\u5728\u6a39\u65c1\u908a\u7684\u624d\u662f\u6bcd\u96de\u5927\u5e1d",
            "likeCount": 1
        },
        {
            "reply_id": "UgwWVsfz7u8Y6ceURVh4AaABAg",
            "reply_content": "\u665a\u4e0a\u597d",
            "likeCount": 1
        },
        {
            "reply_id": "UgwPbuGoUkfOLmBasHB4AaABAg",
            "reply_content": "\u6211\u60f3\u8981\u9f8d\u6372\u98a8\u53f2\u840a\u59c6\u8ddf\u528d\u9f52\u53f2\u840a\u59c6\u5408\u9ad4",
            "likeCount": 1
        },
        {
            "reply_id": "UgzsSw3P8Lw5vXZPj-t4AaABAg",
            "reply_content": "\u770b\u963f\u795e\u7684\u5f71\u7247\u914d\u98ef",
            "likeCount": 0
        },
        {
            "reply_id": "UgyRelCIUihKLkB7hZB4AaABAg",
            "reply_content": "\u86cb\u9ec3\u53f2\u840a\u59c6",
            "likeCount": 0
        },
        {
            "reply_id": "UgwilK8VT6nB5A1oQ2J4AaABAg",
            "reply_content": "\u6211\u6700\u611b\u7684\u904a\u6232",
            "likeCount": 0
        },
        {
            "reply_id": "Ugwqt1mPeUs55qgWxVh4AaABAg",
            "reply_content": "\u6211\u8a18\u5f97\u662f\u5e8a\u7ad9\u8b1b\u5230\u90a3\u500b\u7b11\u8a71\u7684",
            "likeCount": 0
        },
        {
            "reply_id": "Ugx_Jte9hZOdjQdoBIB4AaABAg",
            "reply_content": "\u53f2\u840a\u59c6\u8d85\u53ef\u611b",
            "likeCount": 0
        },
        {
            "reply_id": "UgyLyoHgLk3i08KgMKZ4AaABAg",
            "reply_content": "\u8a72\u52a0\u6703\u54e1\u4e86\u5427",
            "likeCount": 0
        },
        {
            "reply_id": "UgyweGyjrMjbWRvy65l4AaABAg",
            "reply_content": "\u4e0b\u9762\u90a3\u96bb",
            "likeCount": 0
        },
        {
            "reply_id": "UgyBY8hcdzp8Pak3zWh4AaABAg",
            "reply_content": "\u6211\u597d\u559c\u6b61\u963f\u795e",
            "likeCount": 0
        },
        {
            "reply_id": "UgwutgoJDxyHE7jhLu54AaABAg",
            "reply_content": "\u6240\u4ee5\u963f\u795e\u6709\u8981\u990a\u8774\u8776\u55ce",
            "likeCount": 0
        },
        {
            "reply_id": "UgyKXBpy8SixGiikPNN4AaABAg",
            "reply_content": "\u6211\u8fd8\u8bb0\u5f97\u963f\u795e\u73a9\u7684\u7b2c\u4e00\u4ee3\u53f2\u83b1\u59c6\u519c\u573a",
            "likeCount": 0
        },
        {
            "reply_id": "UgzrrvGKPa2H_gTpqAh4AaABAg",
            "reply_content": "\u5b89\u5b89",
            "likeCount": 0
        },
        {
            "reply_id": "UgwkEglt4okR0YzS8I54AaABAg",
            "reply_content": "\u60f3\u770b\u65cb\u6b66\u8ddf\u8774\u8776\u53f2\u840a\u59c6\u5408\u9ad4",
            "likeCount": 0
        },
        {
            "reply_id": "UgzFnxRLzB_SJOVbwE94AaABAg",
            "reply_content": "\u5b89\u5b89",
            "likeCount": 0
        }
    ]
}