{
    "video_info": {
        "id": "2h5cwQiskbY",
        "channelTitle": "\u963f\u795e",
        "title": "\u8ddf\u963f\u795e\u73a9\u3010\u539f\u795e\u3011\u6c34\u795e\u4f86\u5566\uff0c\u4e00\u5e74\u4e00\u5ea6\u3010\u8ab2\u91d13\u842c\u53f0\u5e63\u3011\u5927\u7206\u62bd\uff01\u62bd\u7206\u8299\u5be7\u5a1c\uff0c\u5feb\u8ddf\u6211\u56de\u5bb6\u5427\uff01",
        "description": "\u4ee5\u5f8c\u76f4\u64ad\u5f71\u7247\u7cbe\u83ef\u3010\u963f\u795e\u526f\u983b\u9053\u3011 \u2794 \nhttps://www.youtube.com/@KoukiLiveShow/videos\n\u963f\u795e\u7684\uff29\uff27\u3010\u6301\u7e8c\u66f4\u65b0\u3011 \u2794 https://www.instagram.com/ookoukioo/\n\u963f\u795e\u7684\u63a8\u7279\u3010\u6301\u7e8c\u66f4\u65b0\u3011 \u2794 https://twitter.com/Ashan_kouki\n\nCredit \u2794 \u6954\u516d\u8449\n\n\ud83d\udd25\u795e\u8056\u7684\u95c6\u9f9c\ud83d\udd25 \u2794 \u8acb\u56b4\u683c\u9075\u5b88\u95c6\u9f9c\u795e\u660e\u5927\u4eba\u7684\u898f\u5b9a\uff1a\n\u3010\u4e0d\u6d17\u677f\u53ca\u5f15\u8d77\u6d17\u7248\u3011\n\u3010\u904a\u6232\u4e2d\u7981\u6b62\u3000\u5287\u900f\u3001\u66b4\u96f7\u3001\u9375\u76e4\u6307\u5c0e\u3011\n\u3010\u8acb\u4e92\u76f8\u5c0a\u91cd\u5f7c\u6b64\uff0c\u4e0d\u8981\u5435\u67b6\u5436\u3011",
        "likeCount": "5116",
        "commentCount": "152",
        "viewCount": "131757"
    },
    "comments": [
        {
            "reply_id": "UgzLGxF9vpudXgbQ6GJ4AaABAg",
            "reply_content": "\u4e0d\u904e\u4f60\u80fd\u56de\u4f86\u6211\u8d85\u958b\u5fc3\u7684",
            "likeCount": 6
        },
        {
            "reply_id": "Ugy_WOUmiq1dUH8I_aV4AaABAg",
            "reply_content": "\u590f\u6d1b\u8482\u51cd\u7d50\u8d85\u597d\u7528\u6642\u9593\u5f88\u4e45\u6c92\u6c34\u795e\u642d\u914d\u82ad\u82ad\u62c9\u4e5f\u53ef\u4ee5\u7528\u5594",
            "likeCount": 1
        },
        {
            "reply_id": "UgxFoTqnSPpdY8uRjpp4AaABAg",
            "reply_content": "\u6211\u89ba\u5f97\u6c34\u795e\u4e2d\u914d\u5f88\u53ef\u611b",
            "likeCount": 1
        },
        {
            "reply_id": "UgxeTE2qp8YZbK4ocH14AaABAg",
            "reply_content": "\u6b7b\u5211",
            "likeCount": 1
        },
        {
            "reply_id": "Ugzqj-89-8NfLKgxBRl4AaABAg",
            "reply_content": "\u7b11\u8457\u7b11\u8457\u5c31\u54ed\u4e86",
            "likeCount": 1
        },
        {
            "reply_id": "Ugyc3dp_rnGiBe7xhht4AaABAg",
            "reply_content": "\u6c34\u795e\u554a\u4f60\u662f\u6211\u7684\u795e\u554a",
            "likeCount": 1
        },
        {
            "reply_id": "Ugxc3yvxSLTkNnBdQ6Z4AaABAg",
            "reply_content": "\u6211\u4e5f\u6709\u6c34\u795e",
            "likeCount": 0
        },
        {
            "reply_id": "Ugxxm6TpuXzYeUgayjZ4AaABAg",
            "reply_content": "\u963f\u795e\u963f\u795e\u6211\u6709\u73a9\u904e\u539f\u795e",
            "likeCount": 0
        },
        {
            "reply_id": "UgyR5pQ3gazJPDVRkxd4AaABAg",
            "reply_content": "\u6211\u62bd\u4e00\u6b21\u5c31\u4e2d\u4e86",
            "likeCount": 0
        },
        {
            "reply_id": "UgzIb1IgW7oAQdXj8ch4AaABAg",
            "reply_content": "\u539f\u795e\u555f\u52d5",
            "likeCount": 0
        },
        {
            "reply_id": "UgzEQBHGdSfDI6M0a454AaABAg",
            "reply_content": "\u6211\u516d\u5341\u62bd\u51fa",
            "likeCount": 0
        },
        {
            "reply_id": "Ugxuj5FXpaWWQ0-kkQt4AaABAg",
            "reply_content": "\u6211\u5341\u62bd\u5c31\u4e2d\u4e86",
            "likeCount": 0
        },
        {
            "reply_id": "UgzM3yhrf5RhD89P-0V4AaABAg",
            "reply_content": "\u6211\u5927\u53f7\u4f2a\u4e86",
            "likeCount": 0
        },
        {
            "reply_id": "UgyVIHUljnGIfjOuDCN4AaABAg",
            "reply_content": "\u4f60\u9019\u6a23\u5df2\u7d93\u5f88\u6b50\u4e86",
            "likeCount": 0
        },
        {
            "reply_id": "UgxfdorUTYZaDFwBuUV4AaABAg",
            "reply_content": "\u6211\u55ae\u767c\u51fa\u6c34\u795e",
            "likeCount": 0
        },
        {
            "reply_id": "UgyMRL4kB8yQ41NOHQJ4AaABAg",
            "reply_content": "\u97f3\u6a02\u6709\u7248\u6b0a\u55ce",
            "likeCount": 0
        },
        {
            "reply_id": "UgwenP9hwOsRoVpMYeZ4AaABAg",
            "reply_content": "\u770b\u4f86\u4e0d\u662f\u53ea\u6709\u6211\u6b6a\u5230\u62b9\u8336\u751c\u751c\u5708",
            "likeCount": 0
        },
        {
            "reply_id": "UgyGJbrfUsZsmfuu2Dh4AaABAg",
            "reply_content": "\u963f\u795e\u963f\u795e\u6211\u53ef\u4ee5\u52a0\u4f60\u597d\u53cb\u55ce",
            "likeCount": 0
        },
        {
            "reply_id": "Ugyi_GeG7gahBNLnGUd4AaABAg",
            "reply_content": "\u6211\u5b58\u5230\u4fdd\u5e95\u76f4\u63a5\u62bd",
            "likeCount": 0
        },
        {
            "reply_id": "UgyqC93ycKt0Alylm8F4AaABAg",
            "reply_content": "\u4e4b\u5f8c\u9084\u6703\u4ee5\u771f\u4eba\u578b\u614b\u51fa\u5834\u55ce",
            "likeCount": 0
        }
    ]
}