{
    "video_info": {
        "id": "5HG-NGWfks0",
        "channelTitle": "\u963f\u795e",
        "title": "Minecraft \u6211\u7834\u89e3\u4e86\u3010\u6700\u6709\u540d\u7684\ud83d\ude30\u53ec\u559aHIM\u65b9\u5f0f\u3011\u771f\u7684\u6210\u529f\u4e86\uff012023\u5e74\u4ecd\u7136\u6709\u7528\uff01\u3010\u5efa\u9020\ud83d\ude30\u91d1\u5b57\u5854\u796d\u58c7\u3011\u628a\uff2d\uff23\u8b8a\u6210\u3010\u8a5b\u5492\u9ea5\u584a\u3011\u53ef\u6015\uff01HIM\u5077\u5077\u8ddf\u8457\u4f60\uff0c\u7834\u58de\u4e16\u754c\uff01\u5168\u5b57\u5e55",
        "description": "\u4eca\u5929\u963f\u795e\u4e00\u8d77\u5728\u9ea5\u584a\u4e2d\u5be6\u6e2c\u6700\u6709\u540d\u7684\u90fd\u5e02\u50b3\u8aaa\uff0c\u53ec\u559a\u51fa\u50b3\u8aaa\u4e2d\u7684HIM !!\n\u2764 \u6bcf\u5929\u90fd\u6709\u65b0\u5f71\u7247!! \u5f9e\u4eca\u5929\u8d77\u958b\u59cb\u8a02\u95b1\u5427 !! \u2764 \u2794 http://bit.ly/Kouki\n\ud83d\udd25 \u4f86\u770b\u770b\u3010\u963f\u795e\u3011\u5728\u4f7f\u7528\u7684\u3010\u5be6\u6cc1\u88dd\u5099\u3011\u6709\u54ea\u4e9b\u8d85\u9177\u7684\u6771\u897f\uff1ahttp://elgato.com/kouki \ud83d\udd25\n\n\u3010\u5f71\u7247\u88fd\u4f5c\u5718\u968a\u3011\n1) \u526a\u8f2f\u5e2b \u2794 AF\n2) \u5b57\u5e55\u5e2b \u2794 \u5c0f\u7dbf\u7f8a\n3) \u5c01\u9762\u88fd\u4f5c\u5e2b \u2794 Brocardo / BUUZ / Osla / KrepsStudio\n4) \u5c01\u9762\u7d20\u6750\u8cfc\u8cb7\u6388\u6b0a \u2794 https://www.goldenstudios.co/thumbnails\n \u2794 https://i.imgur.com/NgZyAyr.png\n\n\u6b61\u8fce\u3010\u63d0\u4ea4\u4f60\u7684\u81ea\u5275\u9ea5\u584a\u5730\u5716\u3011\uff1ahttp://bit.ly/KoukiMaps\n\n\u3010Facebook\u3011\u8ffd\u8e64\u6211 \u2794 https://www.facebook.com/KamiKamiMatsu\n\u3010Twitter\u3011\u8ffd\u8e64\u6211 \u2794 https://twitter.com/Ashan_kouki\n\n\u2022\u2b50\u2022\u2b50\u2022\u2b50\u2022\u2b50\u2022\u2b50\u2022 License \u2022\u2b50\u2022\u2b50\u2022\u2b50\u2022\u2b50\u2022\u2b50\u2022\n\n1) OMFG https://www.youtube.com/user/alexsavageomfg\nAvailable at: http://bit.ly/meant4u\n(as well as Spotify: http://bit.ly/meantforyou)\n\u4f7f\u7528\u6388\u6b0a\u8072\u660e \u2794 https://i.imgur.com/46j391z.jpg\n\n2) D1ofAquavibe www.youtube.com/user/D1ofAquavibe\nAvailable at: www.D1ofAquavibe.com/music\n(as well as iTunes, Google Play, etc.)\n\u4f7f\u7528\u6388\u6b0a\u8072\u660e \u2794 https://i.imgur.com/Poykr3O.jpg\n\n3) TheFatRat https://www.youtube.com/user/ThisIsTheFatRat\nAvailable at: https://the-arcadium.net/\n\u4f7f\u7528\u6388\u6b0a\u8072\u660e \u2794 https://i.imgur.com/VL6htMz.png\n\n4) Epidemicsound https://player.epidemicsound.com/browse/\n\u4f7f\u7528\u6388\u6b0a\u8072\u660e \u2794 https://i.imgur.com/BfoLOnN.jpg\n\n5) FesliyanStudios https://www.fesliyanstudios.com/\n\u4f7f\u7528\u6388\u6b0a\u8072\u660e \u2794 https://i.imgur.com/K9Bs1sQ.jpg\n\n6) Outro \u2794 https://soundcloud.com/shurkofficial/haunted\n\u4f7f\u7528\u6388\u6b0a\u8072\u660e \u2794 https://i.imgur.com/c91ZARg.jpg\n\n\u2022\u2b50\u2022\u2b50\u2022\u2b50\u2022\u2b50\u2022\u2b50\u2022\u2b50\u2022\u2b50\u2022\u2b50\u2022\u2b50\u2022\u2b50\u2022\u2b50\u2022\u2b50\u2022\u2b50\u2022\n\nMicrophone \u2794 AT2020\nKeyboard \u2794 Ducky \u9752\u8ef8\nMouse \u2794 D.Va Razer Abyssus Elite\n\n#\u9ea5\u584a #\u7576\u500b\u5275\u4e16\u795e #minecraft\n\n*If any producer or label has an issue with any of the uploads please get in contact (charlie615118@gmail.com) with me and I will delete it immediately (this includes artists of the images used).",
        "likeCount": "12986",
        "commentCount": "336",
        "viewCount": "186129"
    },
    "comments": [
        {
            "reply_id": "UgwUTEwc07M2ppemd7R4AaABAg",
            "reply_content": "\u963f\u795e\u4f60\u597d\u6211\u662f\u4f60\u7684\u7c89\u7d72\u5e0c\u671b\u4f60\u7e7c\u7e8c\u62cd\u5f71\u7247\u6c38\u9060\u652f\u6301\u4f60\ud83e\udd70",
            "likeCount": 3
        },
        {
            "reply_id": "UgxqKQHB23uRD175-Px4AaABAg",
            "reply_content": "\u4e0d\u8981\u9000\u4f11",
            "likeCount": 1
        },
        {
            "reply_id": "Ugyt0sa2WAf-KoWgLOZ4AaABAg",
            "reply_content": "\u5f71\u7247\u7d50\u5c3e\u4ed6\u5728\u4f60\u5f8c\u9762\u554a\u963f\u795e",
            "likeCount": 0
        },
        {
            "reply_id": "Ugywvg8PXtR9IA6P3Ud4AaABAg",
            "reply_content": "\u963f\u795e\u751f\u65e5\u5feb\u6a02",
            "likeCount": 0
        },
        {
            "reply_id": "UgyM9NqaPyuYhM0D0Ap4AaABAg",
            "reply_content": "\u9019\u662f\u4e0d\u662f\u771f\u7684",
            "likeCount": 0
        },
        {
            "reply_id": "UgzvL2FJK27hljlIBhN4AaABAg",
            "reply_content": "\u4f60\u5fc5\u9808\u6bba\u6b7b\u4ed6",
            "likeCount": 0
        },
        {
            "reply_id": "Ugz58dTTPw3t5LPOxZB4AaABAg",
            "reply_content": "\u4ed6\u53ef\u80fd\u5728\u63a7\u5236\u6708\u4eae",
            "likeCount": 0
        },
        {
            "reply_id": "UgzTTO9k_Qd4JCKnXGt4AaABAg",
            "reply_content": "\u963f\u795e\u4f60\u5fc5\u9808\u6bba\u6389\u4ed6\u4e0d\u7136\u4f60\u5728\u5176\u4ed6\u73a9\u904a\u6232\u7684\u6642\u5019\u9084\u662f\u6703\u51fa\u73fe",
            "likeCount": 0
        },
        {
            "reply_id": "UgzPyVFnJ2t2NpYKLqt4AaABAg",
            "reply_content": "\u6211\u6709\u500b\u76ee\u6a19\u5c31\u662f\u898b\u963f\u795e\u9084\u6709\u770b\u5b8c\u963f\u795e\u7684\u6240\u6709\u5f71\u7247",
            "likeCount": 0
        },
        {
            "reply_id": "Ugw6zPbeTnOotA87fQd4AaABAg",
            "reply_content": "\u963f\u795e\u4e0d\u8981\u8d70\u597d\u4e0d\u597d",
            "likeCount": 0
        },
        {
            "reply_id": "UgwDKAIeItTsO5DCKJF4AaABAg",
            "reply_content": "\u963f\u795e\u8f9b\u82e6\u4e86",
            "likeCount": 0
        },
        {
            "reply_id": "Ugz7dvOTSLLUcvlYppJ4AaABAg",
            "reply_content": "\u8f9b\u82e6\u4e86",
            "likeCount": 0
        },
        {
            "reply_id": "UgzDZVIG-XyGp3uAE8F4AaABAg",
            "reply_content": "\u61f7\u5ff5\u554a",
            "likeCount": 0
        },
        {
            "reply_id": "UgwbQqQZagi7N72G1Mp4AaABAg",
            "reply_content": "\u963f\u795e\u53ef\u4ee5\u628a\u4e0d\u662f\u6211\u7684\u4e16\u754c\u7684\u89c6\u9891\u653e\u51fa\u6765\u5417",
            "likeCount": 0
        },
        {
            "reply_id": "UgxWcknnknSeb545qjp4AaABAg",
            "reply_content": "\u6709\u6c92\u6709\u53ef\u80fd\u662f\u5e36\u4e0a\u6211\u82b1\u6930\u83dc\u6240\u4ee5\u4e0d\u80fd\u6316\u6771\u897f",
            "likeCount": 0
        },
        {
            "reply_id": "Ugy3hlufUnv-aHvOLT14AaABAg",
            "reply_content": "\u6642\u9593\u6b63\u5728\u5012\u6578\u8457",
            "likeCount": 5
        },
        {
            "reply_id": "UgzwJqMB2ljaa51h4O54AaABAg",
            "reply_content": "\u8981\u73cd\u60dc\u4e86\u53ea\u5269\u4e0b\u6700\u5f8c\u76843\u4e0d\u5f71\u7247\u4e86\u8981\u6162\u6162\u770b\u4e86",
            "likeCount": 4
        },
        {
            "reply_id": "UgxDnUn2gFaf9LVLUhp4AaABAg",
            "reply_content": "\u6709\u8a8d\u771f\u770b\u7684\u8a71\uff0c\u61c9\u8a72\u6703\u770b\u5230\u5927\u5634\u5634\u6751\u6c11\u7684\u7259\u9f52\u6709\u91d1\u7259",
            "likeCount": 3
        },
        {
            "reply_id": "UgwTMwjgbZgI73VVKu54AaABAg",
            "reply_content": "\u963f\u795e\u7684\u6642\u4ee3\u8981\u7d50\u675f\u4e86",
            "likeCount": 3
        },
        {
            "reply_id": "Ugx2lpiq2Dh1iIgxVFx4AaABAg",
            "reply_content": "\u5269\u5e7e\u5929\u4e86\u597d\u597d\u73cd\u60dc\u5427\u9084\u6709\u963f\u795e\u4f60\u9023\u5047\u6703\u62cd\u55ce",
            "likeCount": 3
        }
    ]
}