{
    "video_info": {
        "id": "8IWbSpmyFf4",
        "channelTitle": "\u963f\u795e",
        "title": "\u3010\u539f\u795e\u3011\u6c34\u9f8d\u738b\u4f86\u5566\uff0c\u539f\u795e3\u5468\u5e74\u3010\u8ab2\u91d12\u842c\u53f0\u5e63\u3011\u5927\u7206\u62bd\uff01\u62bd\u7206\u90a3\u7dad\u840a\u7279\uff0c\u5feb\u8ddf\u6211\u56de\u5bb6\u5427\uff01",
        "description": "\u4ee5\u5f8c\u76f4\u64ad\u5f71\u7247\u7cbe\u83ef\u3010\u963f\u795e\u526f\u983b\u9053\u3011 \u2794 https://www.youtube.com/@KoukiLiveShow/videos\n\u963f\u795e\u7684\uff29\uff27\u3010\u6301\u7e8c\u66f4\u65b0\u3011 \u2794 https://www.instagram.com/ookoukioo/\n\u963f\u795e\u7684\u63a8\u7279\u3010\u6301\u7e8c\u66f4\u65b0\u3011 \u2794 https://twitter.com/Ashan_kouki\n\n\ud83d\udd25\u795e\u8056\u7684\u95c6\u9f9c\ud83d\udd25 \u2794 \u8acb\u56b4\u683c\u9075\u5b88\u95c6\u9f9c\u795e\u660e\u5927\u4eba\u7684\u898f\u5b9a\uff1a\n\u3010\u4e0d\u6d17\u677f\u53ca\u5f15\u8d77\u6d17\u7248\u3011\n\u3010\u904a\u6232\u4e2d\u7981\u6b62\u3000\u5287\u900f\u3001\u66b4\u96f7\u3001\u9375\u76e4\u6307\u5c0e\u3011\n\u3010\u8acb\u4e92\u76f8\u5c0a\u91cd\u5f7c\u6b64\uff0c\u4e0d\u8981\u5435\u67b6\u5436\u3011",
        "likeCount": "4358",
        "commentCount": "131",
        "viewCount": "127077"
    },
    "comments": [
        {
            "reply_id": "UgzyBddEKRCfaiu9Jv14AaABAg",
            "reply_content": "\u6211\u4e00\u767c\u51fa\u91d1",
            "likeCount": 1
        },
        {
            "reply_id": "UgyhN5hEwyvP7Nqvzh14AaABAg",
            "reply_content": "\u53ea\u8981\u539f\u795e\u9084\u6709\u5728\u66f4\u65b0\u7684\u4e00\u5929\u5c31\u9084\u770b\u7684\u5230\u963f\u795e",
            "likeCount": 1
        },
        {
            "reply_id": "UgxJEYSAzrY9tdAawhR4AaABAg",
            "reply_content": "\u6211\u7b2c\u4e5d\u767c\u624d\u62bd\u5230\u90a3\u7dad\u840a\u7279",
            "likeCount": 1
        },
        {
            "reply_id": "UgyhTV9ACNS6vJQwPdF4AaABAg",
            "reply_content": "\u4f60\u597d\u5440",
            "likeCount": 1
        },
        {
            "reply_id": "UgxcwAsi7dmRFA0zec14AaABAg",
            "reply_content": "\u660e\u5929\u6211\u653e\u4e2d\u79cb\u9023\u5047",
            "likeCount": 1
        },
        {
            "reply_id": "UgzXi4h24azSEfVCniV4AaABAg",
            "reply_content": "\u6211\u4e0d\u82b1\u9322\u5341\u9023\u5c31\u4e2d\u4e86",
            "likeCount": 0
        },
        {
            "reply_id": "UgwYoxITg5_b4qSCeaZ4AaABAg",
            "reply_content": "\u6211\u4e00\u6b21\u5341\u62bd\u5c31\u4e2d\u4e86",
            "likeCount": 0
        },
        {
            "reply_id": "Ugz7oZ2Als_r8AJU4R54AaABAg",
            "reply_content": "\u7fa8\u6155\u963f\u795e\u6709\u4e00\u5806\u8b77\u6469\uff0c\u6211\u4e5f\u60f3\u8981\u4f46\u6b6a\u4e86\u4e00\u5806\u90a3\u7dad\u7684\u5c08\u6b66",
            "likeCount": 0
        },
        {
            "reply_id": "UgxTpjJUM3ZVa5OrOBN4AaABAg",
            "reply_content": "\u6211\u5728\u6cab\u8292\u5bae\u96d9\u91d1\u6b38",
            "likeCount": 0
        },
        {
            "reply_id": "UgyX6AU-sQ0BJRGvLed4AaABAg",
            "reply_content": "\u6c92\u9322\u62bd\u4e0d\u4e86\u7d0d\u7dad\u840a\u7279",
            "likeCount": 0
        },
        {
            "reply_id": "Ugy-D6PLiiN_vCyuOJp4AaABAg",
            "reply_content": "\u6211\u7121\u8ab2",
            "likeCount": 0
        },
        {
            "reply_id": "UgxuI3k4lPjB43jZkAF4AaABAg",
            "reply_content": "\u7576\u521d\u62bd\u8056\u986f\u4e4b\u9470\u76f4\u63a5\u62bd\u6eff\u4e09\u628a\u91d1",
            "likeCount": 0
        },
        {
            "reply_id": "UgzenswWfzs0UEo-pEN4AaABAg",
            "reply_content": "\u6211\u9019\u6b21\u62bd\u5230\u80e1\u6843",
            "likeCount": 0
        },
        {
            "reply_id": "Ugzkf3qKMwz5V1OhpNx4AaABAg",
            "reply_content": "\u5b89\u5b89",
            "likeCount": 0
        },
        {
            "reply_id": "UgwPHOJaRW5JIt6BoMN4AaABAg",
            "reply_content": "\u6211\u5341\u62bd\u51fa\u8ca8\u8d85\u626f",
            "likeCount": 0
        },
        {
            "reply_id": "UgzIThJf_hYqR0t_v_h4AaABAg",
            "reply_content": "\u6211\u5c0f\u4fdd\u5e95\u51fa\u5566\u554a\u554a\u554a\u554a",
            "likeCount": 0
        },
        {
            "reply_id": "Ugy9OJ3qIxXihKMu5rF4AaABAg",
            "reply_content": "\u611f\u8b1d\u963f\u795e\u966a\u6211\u5011\u8f9b\u82e6\u4f60\u4e86",
            "likeCount": 0
        },
        {
            "reply_id": "UgwORV0m_WR4c2yY6s14AaABAg",
            "reply_content": "\u6211\u60f3\u662f\u8ddf\u4f60\u548c\u5176\u4ed6\u7684\u5bb6\u73a9\u539f\u795e",
            "likeCount": 0
        },
        {
            "reply_id": "Ugx4ZEUchGen0_MECXF4AaABAg",
            "reply_content": "\u6211\u60f3\u8981\u73a9\u539f\u795e",
            "likeCount": 0
        },
        {
            "reply_id": "UgwyT6oeiOTFc6KvIXF4AaABAg",
            "reply_content": "\u770b\u5b8c\u90fd\u4e0d\u6562\u62bd\u6b66\u5668\u4e86",
            "likeCount": 0
        }
    ]
}