{
    "video_info": {
        "id": "f2-Kpi_Bpyg",
        "channelTitle": "\u963f\u795e",
        "title": "Minecraft \u770b\u4e86\u8d85\u723d\ud83d\ude02\u3010\u958b\u5916\u639b\u84cb\u5c4b\u3011\uff01\u8981\u591a\u8a87\u5f35 \u670b\u53cb\u624d\u6703\u767c\u73feXD\uff01\u963f\u795e\u5efa\u7bc9\u6bd4\u8cfd\u2764\u5077\u4f5c\u5f0a\u3010\u751f\u65e5\u7279\u5225\u4f01\u5283\u3011\u6574\u670b\u53cb\u2764\uff11\u79d2\u9418\u84cb\u597d !! \u5b8c\u5168\u4e0d\u9700\u8981MOD\uff01\u5168\u5b57\u5e55",
        "description": "\u4eca\u5929\u963f\u795e\u4e00\u8d77\u5728\u9ea5\u584a\u4e2d\u7576\u500b\u5916\u639b\u5efa\u7bc9\u5e2b\uff0c\u8981\u591a\u8a87\u5f35\u670b\u53cb\u624d\u6703\u767c\u73feXD !!\n\u2764 \u6bcf\u5929\u90fd\u6709\u65b0\u5f71\u7247!! \u5f9e\u4eca\u5929\u8d77\u958b\u59cb\u8a02\u95b1\u5427 !! \u2764 \u2794 http://bit.ly/Kouki\n\ud83d\udd25 \u4f86\u770b\u770b\u3010\u963f\u795e\u3011\u5728\u4f7f\u7528\u7684\u3010\u5be6\u6cc1\u88dd\u5099\u3011\u6709\u54ea\u4e9b\u8d85\u9177\u7684\u6771\u897f\uff1ahttp://elgato.com/kouki \ud83d\udd25\n\n\u3010\u5f71\u7247\u88fd\u4f5c\u5718\u968a\u3011\n1) \u526a\u8f2f\u5e2b \u2794 AF\n2) \u5b57\u5e55\u5e2b \u2794 \u5c0f\u7dbf\u7f8a\n3) \u5c01\u9762\u88fd\u4f5c\u5e2b \u2794 Brocardo / BUUZ / Osla / KrepsStudio\n4) \u5c01\u9762\u7d20\u6750\u8cfc\u8cb7\u6388\u6b0a \u2794 https://www.goldenstudios.co/thumbnails\n \u2794 https://i.imgur.com/NgZyAyr.png\n\n\u3010Facebook\u3011\u8ffd\u8e64\u6211 \u2794 https://www.facebook.com/KamiKamiMatsu\n\u3010Twitter\u3011\u8ffd\u8e64\u6211 \u2794 https://twitter.com/Ashan_kouki\n\n\u2022\u2b50\u2022\u2b50\u2022\u2b50\u2022\u2b50\u2022\u2b50\u2022 License \u2022\u2b50\u2022\u2b50\u2022\u2b50\u2022\u2b50\u2022\u2b50\u2022\n\n1) OMFG https://www.youtube.com/user/alexsavageomfg\nAvailable at: http://bit.ly/meant4u\n(as well as Spotify: http://bit.ly/meantforyou)\n\u4f7f\u7528\u6388\u6b0a\u8072\u660e \u2794 https://i.imgur.com/46j391z.jpg\n\n2) D1ofAquavibe www.youtube.com/user/D1ofAquavibe\nAvailable at: www.D1ofAquavibe.com/music\n(as well as iTunes, Google Play, etc.)\n\u4f7f\u7528\u6388\u6b0a\u8072\u660e \u2794 https://i.imgur.com/Poykr3O.jpg\n\n3) TheFatRat https://www.youtube.com/user/ThisIsTheFatRat\nAvailable at: https://the-arcadium.net/\n\u4f7f\u7528\u6388\u6b0a\u8072\u660e \u2794 https://i.imgur.com/VL6htMz.png\n\n4) Epidemicsound https://player.epidemicsound.com/browse/\n\u4f7f\u7528\u6388\u6b0a\u8072\u660e \u2794 https://i.imgur.com/BfoLOnN.jpg\n\n5) FesliyanStudios https://www.fesliyanstudios.com/\n\u4f7f\u7528\u6388\u6b0a\u8072\u660e \u2794 https://i.imgur.com/K9Bs1sQ.jpg\n\n6) Outro \u2794 https://soundcloud.com/shurkofficial/haunted\n\u4f7f\u7528\u6388\u6b0a\u8072\u660e \u2794 https://i.imgur.com/c91ZARg.jpg\n\n\u2022\u2b50\u2022\u2b50\u2022\u2b50\u2022\u2b50\u2022\u2b50\u2022\u2b50\u2022\u2b50\u2022\u2b50\u2022\u2b50\u2022\u2b50\u2022\u2b50\u2022\u2b50\u2022\u2b50\u2022\n\nMicrophone \u2794 AT2020\nKeyboard \u2794 Ducky \u9752\u8ef8\nMouse \u2794 D.Va Razer Abyssus Elite\n\n#\u9ea5\u584a #\u7576\u500b\u5275\u4e16\u795e #minecraft\n\n*If any producer or label has an issue with any of the uploads please get in contact (charlie615118@gmail.com) with me and I will delete it immediately (this includes artists of the images used).",
        "likeCount": "18106",
        "commentCount": "832",
        "viewCount": "330761"
    },
    "comments": [
        {
            "reply_id": "Ugw0d3Z7tRS4ivpn7CB4AaABAg",
            "reply_content": "\u53ef\u4ee5\u627e\u5c0f\u5149\u6765\u73a9\u5417",
            "likeCount": 1
        },
        {
            "reply_id": "Ugz1wOdtB2VytjkqjkZ4AaABAg",
            "reply_content": "\u751f\u65e5\u5feb\u6a02",
            "likeCount": 1
        },
        {
            "reply_id": "Ugw5bfbG6XeHarnh8394AaABAg",
            "reply_content": "\u554a",
            "likeCount": 0
        },
        {
            "reply_id": "UgzNrJCwTMFLmfssjrp4AaABAg",
            "reply_content": "\u963f\u795e\u7684\u5f71\u7247\u597d\u597d\u770b",
            "likeCount": 0
        },
        {
            "reply_id": "UgzTq0bNP3gig_gPkRd4AaABAg",
            "reply_content": "\u963f\u795e\u4ed6\u4e0d\u662f\u9000\u4e86\u55ce",
            "likeCount": 0
        },
        {
            "reply_id": "UgxdJsrkhHcfkm-rvy94AaABAg",
            "reply_content": "\u963f\u795e",
            "likeCount": 0
        },
        {
            "reply_id": "UgxlwE_xSX5q-fsa82h4AaABAg",
            "reply_content": "\u751f\u65e5\u5feb\u6a02",
            "likeCount": 0
        },
        {
            "reply_id": "UgziSerIB-AGxAOQyuN4AaABAg",
            "reply_content": "\u6211\u59d0\u59d0\u4eca\u5929\u4e5f\u525b\u597d\u751f\u65e5",
            "likeCount": 0
        },
        {
            "reply_id": "UgxS7JafWVPsJsOB1lJ4AaABAg",
            "reply_content": "\u963f\u795e\u8f9b\u82e6\u4e86",
            "likeCount": 0
        },
        {
            "reply_id": "UgwUuspA2sSIVUOHtUl4AaABAg",
            "reply_content": "\u51a0\u51a0\u7684\u5893\u56ed\u5f88\u5389\u5bb3\u54ce",
            "likeCount": 0
        },
        {
            "reply_id": "Ugw89384QQ9QhGJGhhR4AaABAg",
            "reply_content": "\u963f\u795e\u4f5c\u5fc5",
            "likeCount": 0
        },
        {
            "reply_id": "UgwqTymDfDlZbhUvlrx4AaABAg",
            "reply_content": "\u963f\u795e\u7684\u6bd4\u8f03\u6f02\u4eae",
            "likeCount": 0
        },
        {
            "reply_id": "Ugz0N4ej2kmXzoQow9x4AaABAg",
            "reply_content": "\u63b0\u63b0",
            "likeCount": 0
        },
        {
            "reply_id": "UgxVP2fujRjyVxuMdCJ4AaABAg",
            "reply_content": "\u6211\u5c0f\u5b78\u958b\u59cb\u770b\u963f\u795e",
            "likeCount": 0
        },
        {
            "reply_id": "UgwImwNJ9W4oJnbPuVN4AaABAg",
            "reply_content": "\u8c6c\u968a\u53cb\u54c8\u54c8\u54c8\u54c8\u54c8\u54c8",
            "likeCount": 0
        },
        {
            "reply_id": "Ugz0tmuWHbF9dq_7kKp4AaABAg",
            "reply_content": "\u5e0c\u671b\u4f60\u53ef\u4ee5\u7e7c\u7e8c\u505a\u5f71\u7247",
            "likeCount": 0
        },
        {
            "reply_id": "UgxkfKwZ7ktdtfUandN4AaABAg",
            "reply_content": "\u627e\u963f\u65af",
            "likeCount": 0
        },
        {
            "reply_id": "UgytRLMIT4DOMBlj8rd4AaABAg",
            "reply_content": "\u8b1d\u8b1d\u963f\u795e\u7684\u6f2b\u6f2b\u9577\u591c\u9084\u6709\u53f2\u840a\u59c6\u8fb2\u5834\u966a\u4f34\u6211\u7684\u5b78\u751f\u6642\u671f\ud83d\ude2d",
            "likeCount": 0
        },
        {
            "reply_id": "UgxXOLnLnm36RgYvosZ4AaABAg",
            "reply_content": "\u963f\u795e\u751f\u65e5\u5feb\u6a02",
            "likeCount": 0
        },
        {
            "reply_id": "UgwxTDKKlpiwvZaGn3t4AaABAg",
            "reply_content": "\u518d\u4e5f\u4e0d\u4f1a\u6709\u4e0b\u6b21\u4e86",
            "likeCount": 0
        }
    ]
}