{
    "video_info": {
        "id": "FvNUwvm1Prc",
        "channelTitle": "\u963f\u795e",
        "title": "\u3010\u661f\u7a79\u9435\u9053\u3011\u93e1\u6d41\u4f86\u5566\uff0c\u6211\u751f\u65e5\u524d\u5915 \u53ef\u4ee5\u7d66\u6211\u751f\u65e5\u79ae\u7269\u55ce\uff0c\u5feb\u8ddf\u6211\u56de\u5bb6\u5427\uff01\u5d29\u9435\u3010\u8ab2\u91d11\u842c\u53f0\u5e63\u3011\u5927\u7206\u62bd\uff01",
        "description": "\u4ee5\u5f8c\u76f4\u64ad\u5f71\u7247\u7cbe\u83ef\u3010\u963f\u795e\u526f\u983b\u9053\u3011 \u2794 https://www.youtube.com/@KoukiLiveShow/videos\n\u963f\u795e\u7684\uff29\uff27\u3010\u6301\u7e8c\u66f4\u65b0\u3011 \u2794 https://www.instagram.com/ookoukioo/\n\u963f\u795e\u7684\u63a8\u7279\u3010\u6301\u7e8c\u66f4\u65b0\u3011 \u2794 https://twitter.com/Ashan_kouki\n\n\ud83d\udd25\u795e\u8056\u7684\u95c6\u9f9c\ud83d\udd25 \u2794 \u8acb\u56b4\u683c\u9075\u5b88\u95c6\u9f9c\u795e\u660e\u5927\u4eba\u7684\u898f\u5b9a\uff1a\n\u3010\u4e0d\u6d17\u677f\u53ca\u5f15\u8d77\u6d17\u7248\u3011\n\u3010\u904a\u6232\u4e2d\u7981\u6b62\u3000\u5287\u900f\u3001\u66b4\u96f7\u3001\u9375\u76e4\u6307\u5c0e\u3011\n\u3010\u8acb\u4e92\u76f8\u5c0a\u91cd\u5f7c\u6b64\uff0c\u4e0d\u8981\u5435\u67b6\u5436\u3011",
        "likeCount": "3875",
        "commentCount": "219",
        "viewCount": "94630"
    },
    "comments": [
        {
            "reply_id": "UgzrBdfNcK_9vaSnJhZ4AaABAg",
            "reply_content": "\u963f\u795e\u751f\u65e5\u5feb\u6a02",
            "likeCount": 1
        },
        {
            "reply_id": "Ugx4l4kwFa2xY8t50uF4AaABAg",
            "reply_content": "\u9322\u771f\u7684\u5f88\u591a",
            "likeCount": 0
        },
        {
            "reply_id": "UgxM0qM_TID9WjKYPz94AaABAg",
            "reply_content": "\u6211\u6c38\u9060\u662f\u4f60\u7684\u7c89\u7d72",
            "likeCount": 0
        },
        {
            "reply_id": "UgzSaHRyxi6TbO969vl4AaABAg",
            "reply_content": "\u963f\u795e\u751f\u65e5\u5feb\u6a02\u5594",
            "likeCount": 0
        },
        {
            "reply_id": "UgxYi0MFNZwvPCu7Q694AaABAg",
            "reply_content": "\u963f\u795e\u6211\u5341\u62bd\u5c31\u51fa\u93e1\u6d41\u4e86",
            "likeCount": 0
        },
        {
            "reply_id": "Ugx5vjVMIWJ5MzrH-Od4AaABAg",
            "reply_content": "\u55e8",
            "likeCount": 0
        },
        {
            "reply_id": "Ugw1fFhQRTqcLfYFAxl4AaABAg",
            "reply_content": "\u751f\u65e5\u5feb\u6a02",
            "likeCount": 0
        },
        {
            "reply_id": "Ugx4c4PnYmZhM9qHqad4AaABAg",
            "reply_content": "\u6c42\u5c01\u9762\u539f\u5716",
            "likeCount": 0
        },
        {
            "reply_id": "Ugz1A7fsOFE4Lnqofv94AaABAg",
            "reply_content": "\u7121\u6575\u7684\u627f\u592a\u90ce\u90fd\u6b7b\u5728\u795e\u7236\u624b\u4e0a\u4e86\uff0c\u666f\u5143\u4e5f\u6c92\u8fa6\u6cd5\u5427",
            "likeCount": 0
        },
        {
            "reply_id": "Ugw7CSj5NIEuY0WSw7h4AaABAg",
            "reply_content": "\u751f\u65e5\u5feb\u6a02",
            "likeCount": 0
        },
        {
            "reply_id": "UgxQGAp2u2oCno2KG4d4AaABAg",
            "reply_content": "\u963f\u795e\u751f\u65e5\u5feb\u6a02",
            "likeCount": 0
        },
        {
            "reply_id": "Ugzmm5O44n50xxJ0MeN4AaABAg",
            "reply_content": "\u751f\u65e5\u5feb\u4e50",
            "likeCount": 0
        },
        {
            "reply_id": "Ugxg6C6MHPyzx1H24RR4AaABAg",
            "reply_content": "\u963f\u795e\u518d\u898b",
            "likeCount": 0
        },
        {
            "reply_id": "UgwziV3VEONG6aexY3l4AaABAg",
            "reply_content": "\u963f\u795e\u751f\u65e5\u5feb\u6a02",
            "likeCount": 0
        },
        {
            "reply_id": "UgyvPAEZ7rl_czEJ_2B4AaABAg",
            "reply_content": "\u751f\u65e5\u5feb\u6a02",
            "likeCount": 0
        },
        {
            "reply_id": "Ugx18eX7Y5C-MibS1n14AaABAg",
            "reply_content": "\u963f\u795e\u751f\u65e5\u5feb\u6a02",
            "likeCount": 0
        },
        {
            "reply_id": "UgwzZLrMFvLBEfX6nOF4AaABAg",
            "reply_content": "\u597d\u597d\u4fdd\u91cd",
            "likeCount": 0
        },
        {
            "reply_id": "UgxQVbZWuu9FsiUyWb14AaABAg",
            "reply_content": "\u751f\u65e5\u5feb\u6a02\n\u5728\u4f60\u9000\u4f11\u7684\u9019\u4e00\u5929\u6211\u4e0d\u7ba1\u600e\u6a23\u90fd\u8981\u770b\u4f60\u7684\u5f71\u7247",
            "likeCount": 0
        },
        {
            "reply_id": "UgwUD1GNkpKR3Xu_EDN4AaABAg",
            "reply_content": "\u751f\u65e5\u5feb\u4e50",
            "likeCount": 0
        },
        {
            "reply_id": "UgzwbVnPZM0qAAcpdHJ4AaABAg",
            "reply_content": "\u539f\u6765\u4f60\u4e5f\u73a9\u94c1\u9053",
            "likeCount": 0
        }
    ]
}