{
    "video_info": {
        "id": "G4j1HXtR_N8",
        "channelTitle": "\u963f\u795e",
        "title": "Minecraft \u6211\u73a9\u4e86\u3010\u596a\u9b42\u92f8 \u9ea5\u584a\u3011\u53ef\u6015\uff01\u628a\u751f\u7269\u300c\u901a\u901a\u5207\u958b\u300d\ud83d\ude30\u88e1\u9762\u6703\u662f\u4ec0\u9ebc\u5462 ?! \u62ff\u8d77\u96fb\u92f8\u2764\u628a\u65b9\u584a\u5207\u5169\u534a\uff01\u53d6\u5f97\u3010\u8d85\u8b8a\u614b\u2642\ufe0f\u5207\u5272\u6b66\u5668\u3011\u628a\u7d42\u754c\u9f8d\u5207\u7206\ud83d\ude02 !! \u5168\u5b57\u5e55",
        "description": "\u4eca\u5929\u8ddf\u8457\u963f\u795e\u4e00\u8d77\u5728\u9ea5\u584a\u4e2d\u628a\u4efb\u4f55\u6771\u897f\u300c\u901a\u901a\u5207\u958b\u300d\u88e1\u9762\u6703\u662f\u4ec0\u9ebc\u5462 ?!\n\u2764 \u6bcf\u5929\u90fd\u6709\u65b0\u5f71\u7247!! \u5f9e\u4eca\u5929\u8d77\u958b\u59cb\u8a02\u95b1\u5427 !! \u2764 \u2794 http://bit.ly/Kouki\n\ud83d\udd25 \u4f86\u770b\u770b\u3010\u963f\u795e\u3011\u5728\u4f7f\u7528\u7684\u3010\u5be6\u6cc1\u88dd\u5099\u3011\u6709\u54ea\u4e9b\u8d85\u9177\u7684\u6771\u897f\uff1ahttp://elgato.com/kouki \ud83d\udd25\n\n\u3010\u5f71\u7247\u88fd\u4f5c\u5718\u968a\u3011\n1) \u526a\u8f2f\u5e2b \u2794 AF / \u963f\u795e\n2) \u5b57\u5e55\u5e2b \u2794 NatC\n3) \u5c01\u9762\u88fd\u4f5c\u5e2b \u2794 Junp / RiuPedro / Osla / Kreps\n\n\u6b61\u8fce\u3010\u63d0\u4ea4\u4f60\u7684\u81ea\u5275\u9ea5\u584a\u5730\u5716\u3011\uff1ahttp://bit.ly/KoukiMaps\n\n\u3010Facebook\u3011\u8ffd\u8e64\u6211 \u2794 https://www.facebook.com/KamiKamiMatsu\n\u3010Twitter\u3011\u8ffd\u8e64\u6211 \u2794 https://twitter.com/Ashan_kouki\n\n\u2022\u2b50\u2022\u2b50\u2022\u2b50\u2022\u2b50\u2022\u2b50\u2022 License \u2022\u2b50\u2022\u2b50\u2022\u2b50\u2022\u2b50\u2022\u2b50\u2022\n\n1) OMFG https://www.youtube.com/user/alexsavageomfg\nAvailable at: http://bit.ly/meant4u\n(as well as Spotify: http://bit.ly/meantforyou)\n\u4f7f\u7528\u6388\u6b0a\u8072\u660e \u2794 https://i.imgur.com/46j391z.jpg\n\n2) D1ofAquavibe www.youtube.com/user/D1ofAquavibe\nAvailable at: www.D1ofAquavibe.com/music\n(as well as iTunes, Google Play, etc.)\n\u4f7f\u7528\u6388\u6b0a\u8072\u660e \u2794 https://i.imgur.com/Poykr3O.jpg\n\n3) TheFatRat https://www.youtube.com/user/ThisIsTheFatRat\nAvailable at: https://the-arcadium.net/\n\u4f7f\u7528\u6388\u6b0a\u8072\u660e \u2794 https://i.imgur.com/VL6htMz.png\n\n4) Epidemicsound https://player.epidemicsound.com/browse/\n\u4f7f\u7528\u6388\u6b0a\u8072\u660e \u2794 https://i.imgur.com/BfoLOnN.jpg\n\n5) FesliyanStudios https://www.fesliyanstudios.com/\n\u4f7f\u7528\u6388\u6b0a\u8072\u660e \u2794 https://i.imgur.com/K9Bs1sQ.jpg\n\n6) Outro \u2794 https://soundcloud.com/shurkofficial/haunted\n\u4f7f\u7528\u6388\u6b0a\u8072\u660e \u2794 https://i.imgur.com/c91ZARg.jpg\n\n\u2022\u2b50\u2022\u2b50\u2022\u2b50\u2022\u2b50\u2022\u2b50\u2022\u2b50\u2022\u2b50\u2022\u2b50\u2022\u2b50\u2022\u2b50\u2022\u2b50\u2022\u2b50\u2022\u2b50\u2022\n\nMicrophone \u2794 AT2020\nKeyboard \u2794 Ducky \u9752\u8ef8\nMouse \u2794 D.Va Razer Abyssus Elite\n\n#\u6211\u7684\u4e16\u754c #\u9ea5\u584a #\u963f\u795e\n\n*If any producer or label has an issue with any of the uploads please get in contact (charlie615118@gmail.com) with me and I will delete it immediately (this includes artists of the images used).",
        "likeCount": "7952",
        "commentCount": "175",
        "viewCount": "140496"
    },
    "comments": [
        {
            "reply_id": "UgxCkpaLnbu0RWkze3B4AaABAg",
            "reply_content": "\u963f\u795e\u53ef\u4ee5\u5e7e\u500b\u6708\u767c\u4e00\u6b21\u55ce\u6c38\u4e45\u505c\u66f4\u6211\u5011\u6368\u4e0d\u5f97",
            "likeCount": 6
        },
        {
            "reply_id": "Ugykf85Giaclba3e4Hx4AaABAg",
            "reply_content": "\u963f\u795e\u6211\u80fd\u6210\u70ba\u4f60\u7684BOB\u662f\u6211\u7684\u69ae\u5e78\u770b\u5230\u4f60\u53ef\u4ee5\u4e0d\u7528\u5728\u56e0\u70ba\u89c0\u770b\u6578\u800c\u7169\u60f1\u6211\u5f88\u958b\u5fc3\u4f46\u4e5f\u5f88\u96e3\u904e\u4e0d\u80fd\u7e7c\u7e8c\u770b\u4f60\u7684\u5f71\u7247\u4e86\u5e0c\u671b\u963f\u795e\u96d6\u7136\u4e0d\u505a\u5f71\u7247\u4e86\u4f46\u53ef\u4ee5\u5206\u4eab\u65e5\u5e38\u55ce",
            "likeCount": 5
        },
        {
            "reply_id": "UgwFqJvdtoDHkstnNEB4AaABAg",
            "reply_content": "\u559c\u6b61",
            "likeCount": 1
        },
        {
            "reply_id": "UgzJMJ50uaIJC-IiM3R4AaABAg",
            "reply_content": "\u4e5f\u4e0d\u77e5\u9053\u641e\u795e\u99ac\u6703\u4e0d\u6703\u7e7c\u7e8c",
            "likeCount": 1
        },
        {
            "reply_id": "UgwDEAaJKfWsV1uOIg14AaABAg",
            "reply_content": "\u554a\u795e\u53ef\u4e0d\u53ef\u4ee5\u7e7c\u7e8c\u767c\u7247\u5c31\u7b97\u4e00\u500b\u6708\u66f4\u65b0\u4e00\u500b\u4e5f\u884c",
            "likeCount": 1
        },
        {
            "reply_id": "Ugy_4fnFlIe_-qJ65gx4AaABAg",
            "reply_content": "\u963f\u795e\u6709\u53ef\u80fd\u4e00\u9031\u767c\u4e00\u6b21\u8996\u983b\u6216\u8005\u662f\u5e7e\u500b\u6708\u767c\u4e00\u6b21\u8996\u983b\u5427\u6211\u4e5f\u4e0d\u6562\u78ba\u5b9a",
            "likeCount": 1
        },
        {
            "reply_id": "UgzmRx8JoMpsI5JHmJ94AaABAg",
            "reply_content": "\u7d66\u963f\u795e\u4e00\u500b\u5927\u5927\u7684\u559c\u6b61",
            "likeCount": 1
        },
        {
            "reply_id": "UgyHFiwnhjIUbUtWHhF4AaABAg",
            "reply_content": "\u60f3\u5ff5\u963f\u795e",
            "likeCount": 1
        },
        {
            "reply_id": "Ugz3bvASb5dBijBy-894AaABAg",
            "reply_content": "\u554a\u795e\u4f60\u4e0d\u8981\u8d70\u554a",
            "likeCount": 0
        },
        {
            "reply_id": "UgyqDRD8_wbQlme29T94AaABAg",
            "reply_content": "\u8fd9\u4e2a\u611f\u89c9\u5f88\u50cf\u57fa\u5ca9\u90a3\u4e2a\u9b54\u7ec4",
            "likeCount": 0
        },
        {
            "reply_id": "UgyrVG_dpllOSj2uDgp4AaABAg",
            "reply_content": "\u52a0\u6cb9",
            "likeCount": 0
        },
        {
            "reply_id": "Ugy_00FeS978KygP0t54AaABAg",
            "reply_content": "\u9019\u662f\u4e0d\u662f\u79be\u536f\u63a8\u85a6\u7684",
            "likeCount": 0
        },
        {
            "reply_id": "UgwW2cz4s2EVOqgqIz14AaABAg",
            "reply_content": "\u963f\u795e\u6211\u60f3\u770b\u4e0b\u96c6",
            "likeCount": 0
        },
        {
            "reply_id": "UgzQ2HQ8nCsjQjAsWI14AaABAg",
            "reply_content": "\u6709\u6ca1\u6709\u4eba\u8ddf\u6211\u4e00\u6837\u8fd8\u662f\u60f3\u5230\u5c0f\u5149\u803f\u803f\u548c\u8f70\u9001\u9001",
            "likeCount": 0
        },
        {
            "reply_id": "UgwtxBaouliOSQOKw354AaABAg",
            "reply_content": "\u963f\u795e\u6211\u6628\u5929\u770b\u5230\u4f60",
            "likeCount": 0
        },
        {
            "reply_id": "UgxdJxJRUgzbq4BOO514AaABAg",
            "reply_content": "\u963f\u795e\u7684\u516c\u8eca\u8981\u5230\u7ad9\u4e86\u9019\u6b21\u662f\u771f\u7684",
            "likeCount": 0
        },
        {
            "reply_id": "UgzypFQLziovhj-OE-R4AaABAg",
            "reply_content": "\u54c7\u55da",
            "likeCount": 0
        },
        {
            "reply_id": "UgxPcegyTx_TUOOx8pV4AaABAg",
            "reply_content": "\u5927\u5bb6\u8bb0\u5f97\u70b9\u8d5e",
            "likeCount": 0
        },
        {
            "reply_id": "Ugw7J-6lKB004t8oqZJ4AaABAg",
            "reply_content": "\u53ef\u4ee5\u5207\u8811\u8788\u55ce\u963f\u795e\u982d\u4e0a\u7684",
            "likeCount": 0
        },
        {
            "reply_id": "UgychS77HcCMXXNLqSJ4AaABAg",
            "reply_content": "\u73cd\u60dc",
            "likeCount": 0
        }
    ]
}