{
    "video_info": {
        "id": "jMttK0DLM1Q",
        "channelTitle": "\u963f\u795e",
        "title": "\u963f\u795e\u7b2c\u4e00\u6b21\u3010ASMR\u3011\u9871\u5167\u9ad8\u6f6e\u2764\ufe0f\u8d85\u723d\u76f4\u64ad\uff0c\u7528\u4e00\u500b\u5c0f\u6642\u3010\u8b93\u4f60\u8033\u6735\ud83d\udc9b\u723d\u5230\u5347\u5929\u3011\uff01",
        "description": "\u4ee5\u5f8c\u76f4\u64ad\u5f71\u7247\u7cbe\u83ef\u3010\u963f\u795e\u526f\u983b\u9053\u3011 \u2794 \nhttps://www.youtube.com/@KoukiLiveShow/videos\n\u963f\u795e\u7684\uff29\uff27\u3010\u6301\u7e8c\u66f4\u65b0\u3011 \u2794 https://www.instagram.com/ookoukioo/\n\u963f\u795e\u7684\u63a8\u7279\u3010\u6301\u7e8c\u66f4\u65b0\u3011 \u2794 https://twitter.com/Ashan_kouki\n\nCredit \u2794 \u6954\u516d\u8449\n\n\ud83d\udd25\u795e\u8056\u7684\u95c6\u9f9c\ud83d\udd25 \u2794 \u8acb\u56b4\u683c\u9075\u5b88\u95c6\u9f9c\u795e\u660e\u5927\u4eba\u7684\u898f\u5b9a\uff1a\n\u3010\u4e0d\u6d17\u677f\u53ca\u5f15\u8d77\u6d17\u7248\u3011\n\u3010\u904a\u6232\u4e2d\u7981\u6b62\u3000\u5287\u900f\u3001\u66b4\u96f7\u3001\u9375\u76e4\u6307\u5c0e\u3011\n\u3010\u8acb\u4e92\u76f8\u5c0a\u91cd\u5f7c\u6b64\uff0c\u4e0d\u8981\u5435\u67b6\u5436\u3011",
        "likeCount": "4038",
        "commentCount": "39",
        "viewCount": "69405"
    },
    "comments": [
        {
            "reply_id": "Ugz7R90egXH8-yBSTAB4AaABAg",
            "reply_content": "\u963f\u795e\u7684\u624b\u6536\u597d\u597d\u770b",
            "likeCount": 2
        },
        {
            "reply_id": "UgyM3H0rkICqoQcg-u14AaABAg",
            "reply_content": "\u5b89\u5b89",
            "likeCount": 1
        },
        {
            "reply_id": "UgxG_BIA1vU4HUYwkxp4AaABAg",
            "reply_content": "\u8d85\u611b\u9019\u500b\u9375\u76e4",
            "likeCount": 1
        },
        {
            "reply_id": "UgxS023UOZCu4sCRieV4AaABAg",
            "reply_content": "\u597d\u53ef\u611b",
            "likeCount": 1
        },
        {
            "reply_id": "UgzqfiuiGGsK7Ca9L5B4AaABAg",
            "reply_content": "\u597d\u53ef\u7231\u7684\u5c0f\u963f\u795e",
            "likeCount": 0
        },
        {
            "reply_id": "UgxyJYWeg6EgMybfkpp4AaABAg",
            "reply_content": "\u90a3\u6ed1\u9f20\u53ef\u4ee5\u767c\u5149\u548c\u806f\u9ede",
            "likeCount": 0
        },
        {
            "reply_id": "Ugyl2EFPGJUpLcQM7qh4AaABAg",
            "reply_content": "\u54c7\u8cfd",
            "likeCount": 0
        },
        {
            "reply_id": "Ugx_1gzLKsHam9ezHZh4AaABAg",
            "reply_content": "\u963f\u795e\u8fd8\u80fd\u53d1\u89c6\u9891\u6211\u5c31\u653e\u5fc3\u4e86",
            "likeCount": 0
        },
        {
            "reply_id": "UgzmlnsGWcQ9z2SjFNh4AaABAg",
            "reply_content": "\u5b89\u5b89",
            "likeCount": 0
        },
        {
            "reply_id": "UgxoOoD0VPti-w04j5Z4AaABAg",
            "reply_content": "\u53b2\u5bb3",
            "likeCount": 0
        },
        {
            "reply_id": "UgwS9WVBhSNfEgk4DYB4AaABAg",
            "reply_content": "\u5b89\u5b89",
            "likeCount": 0
        }
    ]
}