{
    "video_info": {
        "id": "LWuH6b-xsck",
        "channelTitle": "\u963f\u795e",
        "title": "Minecraft \u828b\u5713\u67da\u5b50 \u4e00\u8d77\u73a9\u3010\u6700\u5f8c\u7684\u72fc\u4eba\u6bba\u3011\u8b1d\u8b1d\uff0c\u518d\u898b\uff01- \u7d66BOB\u5011\u7684\u4e00\u5c01\u4fe1\u3002Ft.\u5de7\u514b\u529b \u6885\u5b50 \u963f\u8b19 \u963f\u664b",
        "description": "\u26a0\ufe0f \u672a\u4f86\u7cbe\u83ef\u5f71\u7247\u90fd\u5728\u3010\u963f\u795e\u526f\u983b\u9053\u3011!! \u26a0\ufe0f \u2794 https://www.youtube.com/@KoukiLiveShow/featured\n\n\u6700\u5f8c\u4e00\u90e8\u5f71\u7247\uff0c\u8ddf\u8457\u963f\u795e\u9084\u6709\u828b\u5712\u67da\u5b50\u7684\u6210\u54e1\u5728\u901914\u5e74\u9593\u756b\u4e0b\u4e00\u500b\u7f8e\u597d\u7684\u53e5\u9ede\uff01\n\n\u3010\u5f71\u7247\u88fd\u4f5c\u5718\u968a\u3011\n1) \u526a\u8f2f\u5e2b \u2794 AF / \u963f\u795e\n2) \u5b57\u5e55\u5e2b \u2794 2) Peggy \u5e78\u55b5 \u5c0f\u7dbf\u7f8a \u8449\u5b50 \u9b5a\u982d YUYU NatC\n3) \u5c01\u9762\u88fd\u4f5c\u5e2b \u2794 Brocardo / Aphmau Thumbnail Team\n\n\u3010Facebook\u3011\u8ffd\u8e64\u6211 \u2794 https://www.facebook.com/KamiKamiMatsu\n\u3010Twitter\u3011\u8ffd\u8e64\u6211 \u2794 https://twitter.com/Ashan_kouki\n\n\u2022\u2b50\u2022\u2b50\u2022\u2b50\u2022\u2b50\u2022\u2b50\u2022 License \u2022\u2b50\u2022\u2b50\u2022\u2b50\u2022\u2b50\u2022\u2b50\u2022\n\n1) OMFG https://www.youtube.com/user/alexsavageomfg\nAvailable at: http://bit.ly/meant4u\n(as well as Spotify: http://bit.ly/meantforyou)\n\u4f7f\u7528\u6388\u6b0a\u8072\u660e \u2794 https://i.imgur.com/46j391z.jpg\n\n2) D1ofAquavibe www.youtube.com/user/D1ofAquavibe\nAvailable at: www.D1ofAquavibe.com/music\n(as well as iTunes, Google Play, etc.)\n\u4f7f\u7528\u6388\u6b0a\u8072\u660e \u2794 https://i.imgur.com/Poykr3O.jpg\n\n3) TheFatRat https://www.youtube.com/user/ThisIsTheFatRat\nAvailable at: https://the-arcadium.net/\n\u4f7f\u7528\u6388\u6b0a\u8072\u660e \u2794 https://i.imgur.com/VL6htMz.png\n\n4) Epidemicsound https://player.epidemicsound.com/browse/\n\u4f7f\u7528\u6388\u6b0a\u8072\u660e \u2794 https://i.imgur.com/BfoLOnN.jpg\n\n5) FesliyanStudios https://www.fesliyanstudios.com/\n\u4f7f\u7528\u6388\u6b0a\u8072\u660e \u2794 https://i.imgur.com/K9Bs1sQ.jpg\n\n6) Outro \u2794 https://soundcloud.com/shurkofficial/haunted\n\u4f7f\u7528\u6388\u6b0a\u8072\u660e \u2794 https://i.imgur.com/c91ZARg.jpg\n\n\u2022\u2b50\u2022\u2b50\u2022\u2b50\u2022\u2b50\u2022\u2b50\u2022\u2b50\u2022\u2b50\u2022\u2b50\u2022\u2b50\u2022\u2b50\u2022\u2b50\u2022\u2b50\u2022\u2b50\u2022\n\nMicrophone \u2794 AT2020\nKeyboard \u2794 Ducky \u9752\u8ef8\nMouse \u2794 D.Va Razer Abyssus Elite\n\n#\u72fc\u4eba\u6bba #\u9ea5\u584a #\u963f\u795e\n\n*If any producer or label has an issue with any of the uploads please get in contact (charlie615118@gmail.com) with me and I will delete it immediately (this includes artists of the images used).",
        "likeCount": "59877",
        "commentCount": "8181",
        "viewCount": "659581"
    },
    "comments": [
        {
            "reply_id": "UgyPGkMg1yyED7fQNPx4AaABAg",
            "reply_content": "\u770b\u4e86\u8fd9\u7247\u620f\u540e\u6211\u771f\u7684\u54ed\u4e86",
            "likeCount": 2
        },
        {
            "reply_id": "UgzWU2k28Vw1K8plbOp4AaABAg",
            "reply_content": "\u770b\u5230\u9019\u90e8\u5f71\u7247\u6211\u9047\u8a00\u53c8\u6b62",
            "likeCount": 2
        },
        {
            "reply_id": "UgywsK0pizGBudJWVFd4AaABAg",
            "reply_content": "\u963f\u795e\u6211\u5011\u6c38\u9060\u611b\u4f60",
            "likeCount": 1
        },
        {
            "reply_id": "UgxoNP0kj0VwX9JOFF94AaABAg",
            "reply_content": "\u963f\u795e\u518d\u89c1\u4e86",
            "likeCount": 1
        },
        {
            "reply_id": "UgxFRWqhsmjO4ePP2Nx4AaABAg",
            "reply_content": "\u9858\u4f60\u53ef\u4ee5\u627e\u5230\u81ea\u5df1\u60f3\u505a\u7684\u4e8b",
            "likeCount": 1
        },
        {
            "reply_id": "UgzBpLcCMMeVPenj9xt4AaABAg",
            "reply_content": "\u611f\u8c22\u963f\u795e\u7ed9\u6211\u4eec\u5e26\u6765\u5feb\u4e50\uff0c\u4e5f\u6210\u4e3a\u4e86\u6211\u7ae5\u5e74\u7684\u4e00\u90e8\u5206",
            "likeCount": 1
        },
        {
            "reply_id": "UgycTvA476oE2TX52Sd4AaABAg",
            "reply_content": "\u611f\u8c22\u554a\u795e\u966a\u4f34\u6211\u957f\u5927",
            "likeCount": 0
        },
        {
            "reply_id": "UgxwX_pnrQIxC_qPTKl4AaABAg",
            "reply_content": "\u963f\u795e\u6703\u7528\u6708\u7403\u5ba2\u6236",
            "likeCount": 0
        },
        {
            "reply_id": "Ugw5MJMHrTjd3YYyJrx4AaABAg",
            "reply_content": "\u518d\u89c1",
            "likeCount": 0
        },
        {
            "reply_id": "Ugy8VVpaKMMTJnddjm54AaABAg",
            "reply_content": "\u5176\u5b9e\u542c\u5230\u554a\u795e\u4e0d\u53d1\u89c6\u9891\u8fd8\u5f88\u4f24\u5fc3",
            "likeCount": 0
        },
        {
            "reply_id": "Ugydt4dkPpnu0iI652V4AaABAg",
            "reply_content": "\u54c7",
            "likeCount": 0
        },
        {
            "reply_id": "UgyK2pSKweOD8YzBZBR4AaABAg",
            "reply_content": "\u6211\u4ece\u5c0f\u770b\u5230\u5927",
            "likeCount": 0
        },
        {
            "reply_id": "UgzZn_zNiRHtowfoLn54AaABAg",
            "reply_content": "\u8c22\u8c22\u4f60\u963f\u795e",
            "likeCount": 0
        },
        {
            "reply_id": "UgwQuUVghJ8HVDOmGVN4AaABAg",
            "reply_content": "\u963f\u795e\u7684\u9000\u573a\u4e5f\u4ee3\u8868\u7740\u8fd9\u4e00\u6bb5\u9752\u6625\u7684\u7ed3\u675f",
            "likeCount": 0
        },
        {
            "reply_id": "UgwVZxmBXPNfpQq8OuR4AaABAg",
            "reply_content": "\u66f4\u65b0",
            "likeCount": 0
        },
        {
            "reply_id": "UgxIzJZ6JDr3wCA9JuN4AaABAg",
            "reply_content": "\u8f9b\u82e6\u4f60\u5566",
            "likeCount": 0
        },
        {
            "reply_id": "UgxTgLeSwboPhNo_Rtl4AaABAg",
            "reply_content": "\u8b1d\u8b1d\u963f\u795e",
            "likeCount": 0
        },
        {
            "reply_id": "UgwIbc0_KtKxDPE4_7F4AaABAg",
            "reply_content": "\u8b1d\u8b1d\u963f\u795e\u6709\u7de3\u5728\u898b",
            "likeCount": 0
        },
        {
            "reply_id": "Ugwz70wNKzFarOJgfjN4AaABAg",
            "reply_content": "\u904e\u4e86\u9019\u9ebc\u591a\u5e74\u6c92\u6709\u5fd8\u8a18\u521d\u8877\uff0c\u4e5f\u4e0d\u6703\u56e0\u70ba\u7d05\u4e86\u6709\u9322\u4e86\u958b\u59cb\u505a\u4e00\u4e9b\u9055\u6cd5\u7684\u4e8b\u60c5\uff0c\u5f88\u7fa8\u6155\u963f\u795e\u771f\u7684\u6709\u4e00\u7fa4\u5f88\u68d2\u7684\u670b\u53cb\uff0c\u795d\u798f\u963f\u795e\u63a5\u4e0b\u4f86\u7684\u4eba\u751f\u898f\u5283\u4e00\u5207\u9806\u5229",
            "likeCount": 0
        },
        {
            "reply_id": "UgwfBXeRL0vK5DdkT_J4AaABAg",
            "reply_content": "\u6211\u54ed\u4e86",
            "likeCount": 0
        }
    ]
}