{
    "video_info": {
        "id": "nLoLmU3mGh0",
        "channelTitle": "\u963f\u795e",
        "title": "\u8ddf\u963f\u795e\u73a9\u3010\u53f2\u840a\u59c6\u8fb2\u58342\u3011\u91cd\u8fd4\u5f69\u8679\u5cf6\u2764\ufe0f\u5168\u65b0\u6539\u7248\uff0c\u807d\u8aaa\u6703\u4e0b\u3010\u53f2\u840a\u59c6\ud83d\udc9b\u66b4\u98a8\u96e8\u3011\uff01",
        "description": "\u4ee5\u5f8c\u76f4\u64ad\u5f71\u7247\u7cbe\u83ef\u3010\u963f\u795e\u526f\u983b\u9053\u3011 \u2794 \nhttps://www.youtube.com/@KoukiLiveShow/videos\n\u963f\u795e\u7684\uff29\uff27\u3010\u6301\u7e8c\u66f4\u65b0\u3011 \u2794 https://www.instagram.com/ookoukioo/\n\u963f\u795e\u7684\u63a8\u7279\u3010\u6301\u7e8c\u66f4\u65b0\u3011 \u2794 https://twitter.com/Ashan_kouki\n\nCredit \u2794 \u6954\u516d\u8449\n\n\ud83d\udd25\u795e\u8056\u7684\u95c6\u9f9c\ud83d\udd25 \u2794 \u8acb\u56b4\u683c\u9075\u5b88\u95c6\u9f9c\u795e\u660e\u5927\u4eba\u7684\u898f\u5b9a\uff1a\n\u3010\u4e0d\u6d17\u677f\u53ca\u5f15\u8d77\u6d17\u7248\u3011\n\u3010\u904a\u6232\u4e2d\u7981\u6b62\u3000\u5287\u900f\u3001\u66b4\u96f7\u3001\u9375\u76e4\u6307\u5c0e\u3011\n\u3010\u8acb\u4e92\u76f8\u5c0a\u91cd\u5f7c\u6b64\uff0c\u4e0d\u8981\u5435\u67b6\u5436\u3011",
        "likeCount": "6222",
        "commentCount": "160",
        "viewCount": "119419"
    },
    "comments": [
        {
            "reply_id": "UgzcCSkb-1J6iNwhBZB4AaABAg",
            "reply_content": "\u53ef\u4ee5\u628a\u528d\u9f52\u864e\u53f2\u840a\u59c6\u8ddf\u71c8\u7c60\u9b5a\u53f2\u840a\u59c6\u878d\u5408\u55ce\uff1f",
            "likeCount": 1
        },
        {
            "reply_id": "UgyDhiYdD-3AglRLYrx4AaABAg",
            "reply_content": "\u9f52\u864e\u53f2\u840a\u59c6\u52a0\u706b\u7130\u53f2\u840a\u59c6",
            "likeCount": 1
        },
        {
            "reply_id": "UgzQXGODW0E7vY4VBvF4AaABAg",
            "reply_content": "\u56db\u9a0e\u58eb\u62c9\u7d50\u6676\u62c9\u5230\u812b\u6c34\u5676\u6389\u4e86",
            "likeCount": 1
        },
        {
            "reply_id": "UgwFTNRAaMHStMXCzLh4AaABAg",
            "reply_content": "\u6211\u89ba\u5f97\u963f\u795e\u4ee5\u524d\u770b\u5230\u7684\u50cf\u8f3b\u5c04\u7684\u5730\u65b9\u4e5f\u8a31\u4e5f\u6709\u65b0\u5340\u548c\u65b0\u53f2\u7b82\u59c6",
            "likeCount": 1
        },
        {
            "reply_id": "Ugx78SF8aGDXoSTtqDh4AaABAg",
            "reply_content": "\u53f2\u840a\u59c6\u771f\u53ef\u611b",
            "likeCount": 0
        },
        {
            "reply_id": "Ugw3uuMqiCwPh_ii1G94AaABAg",
            "reply_content": "\u963f\u795e\u52a0\u6cb9",
            "likeCount": 0
        },
        {
            "reply_id": "UgwBbpMJpiMDEowfbvN4AaABAg",
            "reply_content": "\u6211\u6700\u559c\u6b61\u53ef\u611b\u7684\u5b83\u5011",
            "likeCount": 0
        },
        {
            "reply_id": "UgzIPshGt8ARHMhgqox4AaABAg",
            "reply_content": "\u5e0c\u671b\u963f\u795e\u73a9\u9ea5\u584a",
            "likeCount": 0
        },
        {
            "reply_id": "Ugwr8xlhJuk64_V0olR4AaABAg",
            "reply_content": "\u53ea\u6709\u4e00\u500b\u5f88\u6709\u8da3\u7684\u53f2\u840a\u6bcd",
            "likeCount": 0
        },
        {
            "reply_id": "UgyrY2M6qNN_CXwffzZ4AaABAg",
            "reply_content": "\u597d\u4e45\u6c92\u73a9\u4e86",
            "likeCount": 0
        },
        {
            "reply_id": "UgxtuyNkm_OEewYmC6J4AaABAg",
            "reply_content": "\u6709",
            "likeCount": 0
        },
        {
            "reply_id": "UgyQZoSxXv3B_8Ft_Px4AaABAg",
            "reply_content": "\u528d\u9f52\u864e\u53f2\u840a\u59c6\u53ef\u4ee5\u548c\u71c8\u7c60\u9b5a\u53f2\u840a\u59c6\u5408\u9ad4",
            "likeCount": 0
        },
        {
            "reply_id": "UgwXeUphlKElrGW-02d4AaABAg",
            "reply_content": "\u8f3b\u5c04\u53f2\u840a\u59c6",
            "likeCount": 0
        },
        {
            "reply_id": "UgxgatxkVW8WP3O4mZx4AaABAg",
            "reply_content": "\u8ddf\u963f\u795e\u914d",
            "likeCount": 0
        },
        {
            "reply_id": "UgxsBB_2oGzbvFjTtGZ4AaABAg",
            "reply_content": "\u914d\u8c93\u54aa\u53f2\u840a\u59c6",
            "likeCount": 0
        },
        {
            "reply_id": "UgznMFLbSEySg1mJknx4AaABAg",
            "reply_content": "\u770b\u5230\u98a8\u8b8a\u72c2\u98a8\u90a3\u500b\u4ecb\u7d39\u6642\u8b93\u6211\u60f3\u5230\u67d0\u96bb\u9b5a",
            "likeCount": 0
        },
        {
            "reply_id": "UgyI7u78v_1muitwKXx4AaABAg",
            "reply_content": "\u54c7\u963f\u795e\u597d\u53ef\u7231",
            "likeCount": 0
        },
        {
            "reply_id": "Ugzj7Ry33AJ-7rCwxA54AaABAg",
            "reply_content": "\u597d\u61f7\u5ff5",
            "likeCount": 0
        },
        {
            "reply_id": "UgwUeGGWCZMoHKackNl4AaABAg",
            "reply_content": "\u6211\u597d\u61f7\u5ff5\u963f\u795e\u7684\u53f2\u840a\u59c6\u7267\u5834",
            "likeCount": 0
        },
        {
            "reply_id": "Ugw7WOu-va5AjR6Vlf94AaABAg",
            "reply_content": "\u53ef\u4ee5\u76f4\u63a5\u8ddf\u8c93\u8c93\u53f2\u840a\u59c6\u4e00\u8d77",
            "likeCount": 0
        }
    ]
}