{
    "video_info": {
        "id": "qylM7KwPkMI",
        "channelTitle": "\u963f\u795e",
        "title": "Minecraft \u6211\u4e0b\u8f09\u4e86\u3010\u4e0d\u807d\u8a71=\u6b7b\u3011\u6700\u5751\u7239\u2642\ufe0f\u9ea5\u584a\u5730\u5716\ud83d\ude02\uff01\u6bcf30\u79d2\u3010\u795e\u660e\u964d\u81e8\u3011\u547d\u4ee4\uff01\u6211\u80fd\u6210\u529f\u901a\u95dc\u55ce\uff1f\u3010\u6211\u6b7b\u4e86\uff19\uff19\uff19\uff19\u6b21\uff01\u3011\u7f8e\u570b\u7206\u7b11\uff0c\u6574\u4eba\u5730\u5716XDD\uff01\u5168\u5b57\u5e55",
        "description": "\u4eca\u5929\u6211\u5011\u8981\u5728\u9ea5\u584a\u4e2d\u6bcf\u904e30\u79d2\u63a5\u53d7\u4e00\u6b21\u795e\u660e\u7684\u547d\u4ee4\uff0c\u6211\u80fd\u5b58\u6d3b\u4e0b\u4f86\u55ce !!\n\u2764 \u6bcf\u5929\u90fd\u6709\u65b0\u5f71\u7247!! \u5f9e\u4eca\u5929\u8d77\u958b\u59cb\u8a02\u95b1\u5427 !! \u2764 \u2794 http://bit.ly/Kouki\n\ud83d\udd25 \u4f86\u770b\u770b\u3010\u963f\u795e\u3011\u5728\u4f7f\u7528\u7684\u3010\u5be6\u6cc1\u88dd\u5099\u3011\u6709\u54ea\u4e9b\u8d85\u9177\u7684\u6771\u897f\uff1ahttp://elgato.com/kouki \ud83d\udd25\n\n\u3010\u5f71\u7247\u88fd\u4f5c\u5718\u968a\u3011\n1) \u526a\u8f2f\u5e2b \u2794 AF / \u963f\u795e\n2) \u5b57\u5e55\u5e2b \u2794 \u9b5a\u982d\n3) \u5c01\u9762\u88fd\u4f5c\u5e2b \u2794 Junp / RiuPedro / Osla / Kreps\n\n\u6b61\u8fce\u3010\u63d0\u4ea4\u4f60\u7684\u81ea\u5275\u9ea5\u584a\u5730\u5716\u3011\uff1ahttp://bit.ly/KoukiMaps\n\n\u3010Facebook\u3011\u8ffd\u8e64\u6211 \u2794 https://www.facebook.com/KamiKamiMatsu\n\u3010Twitter\u3011\u8ffd\u8e64\u6211 \u2794 https://twitter.com/Ashan_kouki\n\n\u2022\u2b50\u2022\u2b50\u2022\u2b50\u2022\u2b50\u2022\u2b50\u2022 License \u2022\u2b50\u2022\u2b50\u2022\u2b50\u2022\u2b50\u2022\u2b50\u2022\n\n1) OMFG https://www.youtube.com/user/alexsavageomfg\nAvailable at: http://bit.ly/meant4u\n(as well as Spotify: http://bit.ly/meantforyou)\n\u4f7f\u7528\u6388\u6b0a\u8072\u660e \u2794 https://i.imgur.com/46j391z.jpg\n\n2) D1ofAquavibe www.youtube.com/user/D1ofAquavibe\nAvailable at: www.D1ofAquavibe.com/music\n(as well as iTunes, Google Play, etc.)\n\u4f7f\u7528\u6388\u6b0a\u8072\u660e \u2794 https://i.imgur.com/Poykr3O.jpg\n\n3) TheFatRat https://www.youtube.com/user/ThisIsTheFatRat\nAvailable at: https://the-arcadium.net/\n\u4f7f\u7528\u6388\u6b0a\u8072\u660e \u2794 https://i.imgur.com/VL6htMz.png\n\n4) Epidemicsound https://player.epidemicsound.com/browse/\n\u4f7f\u7528\u6388\u6b0a\u8072\u660e \u2794 https://i.imgur.com/BfoLOnN.jpg\n\n5) FesliyanStudios https://www.fesliyanstudios.com/\n\u4f7f\u7528\u6388\u6b0a\u8072\u660e \u2794 https://i.imgur.com/K9Bs1sQ.jpg\n\n6) Outro \u2794 https://soundcloud.com/shurkofficial/haunted\n\u4f7f\u7528\u6388\u6b0a\u8072\u660e \u2794 https://i.imgur.com/c91ZARg.jpg\n\n\u2022\u2b50\u2022\u2b50\u2022\u2b50\u2022\u2b50\u2022\u2b50\u2022\u2b50\u2022\u2b50\u2022\u2b50\u2022\u2b50\u2022\u2b50\u2022\u2b50\u2022\u2b50\u2022\u2b50\u2022\n\nMicrophone \u2794 AT2020\nKeyboard \u2794 Ducky \u9752\u8ef8\nMouse \u2794 D.Va Razer Abyssus Elite\n\n#\u6211\u7684\u4e16\u754c #\u807d\u795e\u660e\u7684\u8a71 #\u963f\u795e\n\n*If any producer or label has an issue with any of the uploads please get in contact (charlie615118@gmail.com) with me and I will delete it immediately (this includes artists of the images used).",
        "likeCount": "10612",
        "commentCount": "427",
        "viewCount": "176980"
    },
    "comments": [
        {
            "reply_id": "UgxJCNKVB7V5uGqEeyp4AaABAg",
            "reply_content": "\u559c\u6b61",
            "likeCount": 1
        },
        {
            "reply_id": "UgxIZann_AQ0_i1bGOt4AaABAg",
            "reply_content": "\u828b\u5706\u67da\u5b50",
            "likeCount": 1
        },
        {
            "reply_id": "Ugy77vPesQgDmBsjkgh4AaABAg",
            "reply_content": "\u963f\u795e\u518d\u898b",
            "likeCount": 1
        },
        {
            "reply_id": "UgynpKIcTxGACHrbdql4AaABAg",
            "reply_content": "\u73cd\u60dc\u6700\u540e\u7684\u65f6\u5149",
            "likeCount": 1
        },
        {
            "reply_id": "UgzDJNwzzzQ1LBEDHEp4AaABAg",
            "reply_content": "\u8b1d\u8b1d\u963f\u795e",
            "likeCount": 0
        },
        {
            "reply_id": "UgzcYgL3Kv-JrszBBl54AaABAg",
            "reply_content": "\u554a\u795e\u4f60\u4e0d\u8981\u8d70\u554a",
            "likeCount": 0
        },
        {
            "reply_id": "UgyAnWPJjwEZjHG0COx4AaABAg",
            "reply_content": "\u963f\u795e\u6211\u542c\u6211\u5988\u5988\u8bb2\u4f60\u8981\u505c\u66f4\u4e86",
            "likeCount": 0
        },
        {
            "reply_id": "UgwgO_JBakIyc2p9h094AaABAg",
            "reply_content": "\u4e14\u770b\u4e14\u73cd\u60dc",
            "likeCount": 0
        },
        {
            "reply_id": "UgwSSPvaDj9O1qft6gZ4AaABAg",
            "reply_content": "\u963f\u795e\u6c38\u5728\u5fc3\u91cc",
            "likeCount": 0
        },
        {
            "reply_id": "UgxxZqcNK803dGp7t2x4AaABAg",
            "reply_content": "\u5e0c\u671b\u6700\u5f8c\u4e00\u96c6\u662f\u5927\u5bb6\u4e00\u8d77\u7684\u72fc\u4eba\u6bba",
            "likeCount": 0
        },
        {
            "reply_id": "UgwR0K7zhkRLtn5FUap4AaABAg",
            "reply_content": "\u963f\u795e\u4e0d\u8981\u8d70",
            "likeCount": 0
        },
        {
            "reply_id": "UgyH3HjN4gObqOFvW5F4AaABAg",
            "reply_content": "\u5e0c\u671b\u963f\u795e\u6c38\u9060\u4e0d\u6703\u6d88\u5931",
            "likeCount": 0
        },
        {
            "reply_id": "UgyKhGWLNda7wGL5PmV4AaABAg",
            "reply_content": "\u5f88\u4e45\u6c92\u6709\u770b\u963f\u795e\u4e86\u5728\u6700\u5f8c\u7684\u6642\u9593\u8b93\u6211\u5011\u966a\u4f60\u963f\u795e\ud83d\udc97",
            "likeCount": 0
        },
        {
            "reply_id": "UgycRu5czQ8ydY5GvfF4AaABAg",
            "reply_content": "\u771f\u4e0d\u9519",
            "likeCount": 0
        },
        {
            "reply_id": "Ugyorqd6eECFBlshlxB4AaABAg",
            "reply_content": "\u963f\u795e\u611f\u8c22\u4f60\u966a\u6211\u8d70\u5b8c\u4e86\u6574\u4e2a\u7ae5\u5e74\uff0c\u4f60\u4e5f\u8be5\u4f11\u606f\u4e86",
            "likeCount": 0
        },
        {
            "reply_id": "Ugw_3LsUYzyzGs4prrZ4AaABAg",
            "reply_content": "\u963f\u795e\u5982\u679c\u4f60\u770b\u5230\u4e86\u6211\u7684\u8a55\u8ad6\u53ef\u4ee5\u5728\u62cd\u4e00\u6b21\u8d85\u6b63\u5e38\u751f\u5b58\u55ce\u4e0d\u884c\u4e5f\u6c92\u95dc\u4fc2",
            "likeCount": 0
        },
        {
            "reply_id": "UgxnfwChIT-o3VL799J4AaABAg",
            "reply_content": "\u770b\u4e86\u611f\u89ba\u6c92\u6709\u4ee5\u524d\u90a3\u9ebc\u958b\u5fc3\u4e86\u4e00\u76f4\u60f3\u5230\u963f\u795e\u4ee5\u5f8c\u4e0d\u6703\u62cd\u4e86",
            "likeCount": 0
        },
        {
            "reply_id": "UgyGoROyeaZIsB7tnad4AaABAg",
            "reply_content": "\u60f3\u5230\u4e00\u500b\u6708\u5f8c\u5c31\u53ea\u80fd\u770b\u4e4b\u524d\u7684\u5f71\u7247\u56de\u5473\u5c31\u5f88\u611f\u50b7 \u4e0d\u904e\u9084\u662f\u5e0c\u671b\u963f\u795e\u80fd\u5920\u7e7c\u7e8c\u958b\u5fc3\u7684\u904e\u751f\u6d3b",
            "likeCount": 0
        },
        {
            "reply_id": "UgxVeLDt39ZqfT_9P_d4AaABAg",
            "reply_content": "\u820d\u4e0d\u5f97\u53ef\u4ee5\u4e0d\u8981\u8d70\u5417",
            "likeCount": 0
        },
        {
            "reply_id": "Ugw_ODJUal5vbzr1MQd4AaABAg",
            "reply_content": "\u963f\u795e\u53ef\u4ee5\u518d\u627e\u96ea\u5154\u548c\u9583\u9583\u73a9\u9003\u96e2\u76e3\u7344\u8dd1\u9177\u7684\u7b2c\u4e8c\u4ee3\u55ce\uff1f",
            "likeCount": 0
        }
    ]
}