{
    "video_info": {
        "id": "sZrczrJsvcY",
        "channelTitle": "\u963f\u795e",
        "title": "\u3010\u516c\u544a\uff1a\u6211\u5011\u540c\u5c45\u4e86\u3011\u4e00\u8d77\u73a9\u300a\u7d22\u5c3c\u514b \u8d85\u7d1a\u5de8\u661f\u300b\u9000\u4f11\u5f8c\u7b2c\u4e00\u6b21\u76f4\u64ad !\uff01",
        "description": "\u4ee5\u5f8c\u76f4\u64ad\u5f71\u7247\u7cbe\u83ef\u3010\u963f\u795e\u526f\u983b\u9053\u3011 \u2794 https://www.youtube.com/@KoukiLiveShow/videos\n\u963f\u795e\u7684\uff29\uff27\u3010\u6301\u7e8c\u66f4\u65b0\u3011 \u2794 https://www.instagram.com/ookoukioo/\n\u963f\u795e\u7684\u63a8\u7279\u3010\u6301\u7e8c\u66f4\u65b0\u3011 \u2794 https://twitter.com/Ashan_kouki\n\nCredit \u2794 \u6954\u516d\u8449\n\n\ud83d\udd25\u795e\u8056\u7684\u95c6\u9f9c\ud83d\udd25 \u2794 \u8acb\u56b4\u683c\u9075\u5b88\u95c6\u9f9c\u795e\u660e\u5927\u4eba\u7684\u898f\u5b9a\uff1a\n\u3010\u4e0d\u6d17\u677f\u53ca\u5f15\u8d77\u6d17\u7248\u3011\n\u3010\u904a\u6232\u4e2d\u7981\u6b62\u3000\u5287\u900f\u3001\u66b4\u96f7\u3001\u9375\u76e4\u6307\u5c0e\u3011\n\u3010\u8acb\u4e92\u76f8\u5c0a\u91cd\u5f7c\u6b64\uff0c\u4e0d\u8981\u5435\u67b6\u5436\u3011",
        "likeCount": "9694",
        "commentCount": "182",
        "viewCount": "181074"
    },
    "comments": [
        {
            "reply_id": "UgyN_iWENN57GIjzqGt4AaABAg",
            "reply_content": "\u795d\u963f\u795e\u6bcf\u5929\u90fd\u958b\u958b\u5fc3\u5fc3~\u8b1d\u8b1d\u963f\u795e\u4e00\u76f4\u62cd\u7247\u7d66\u6211\u5011\u770b\u6bcf\u6b21\u770b\u5230\u5f88\u958b\u5fc3\r\u795d\u963f\u795e\u4e00\u76f4\u8eab\u9ad4\u5065\u5eb7\u6bcf\u6b21\u770b\u963f\u795e\u73a9\u90fd\u5f88\u5feb\u6a02",
            "likeCount": 5
        },
        {
            "reply_id": "UgzPaw-ZHfjm9SbRFSF4AaABAg",
            "reply_content": "\u771f\u5e0c\u671b\u963f\u795e\u54e5\u54e5\u53ef\u4ee5\u770b\u5230",
            "likeCount": 2
        },
        {
            "reply_id": "UgwfF5uUElRLEqXvnbt4AaABAg",
            "reply_content": "\u5e0c\u671b\u53ef\u4ee5\u6bcf\u5929\u770b\u5230\u4f60",
            "likeCount": 1
        },
        {
            "reply_id": "UgxhJrP_t9n9R11E5a14AaABAg",
            "reply_content": "\u963f\u795e\u6c14\u8272\u53c8\u53d8\u597d\u4e86\u5462",
            "likeCount": 1
        },
        {
            "reply_id": "UgyBe6o1P4Iy27FGTDF4AaABAg",
            "reply_content": "\u55ef\u55ef",
            "likeCount": 1
        },
        {
            "reply_id": "UgwmBlZYojNW7SQehyZ4AaABAg",
            "reply_content": "\u55e8",
            "likeCount": 1
        },
        {
            "reply_id": "Ugwt5m7UH6rZt-147eZ4AaABAg",
            "reply_content": "\u671f\u5f85\u963f\u795e",
            "likeCount": 1
        },
        {
            "reply_id": "UgxKDye9LRvFs4MOpfN4AaABAg",
            "reply_content": "\u4fdd\u91cd",
            "likeCount": 1
        },
        {
            "reply_id": "Ugw9oyKP95EtE7SZoUJ4AaABAg",
            "reply_content": "\u6211\u6700\u559c\u6b61\u963f\u795e\u4e86",
            "likeCount": 1
        },
        {
            "reply_id": "Ugw29ppZtelcuXmGutJ4AaABAg",
            "reply_content": "\u963f\u795e\u597d",
            "likeCount": 0
        },
        {
            "reply_id": "UgyHelu6osfHHOakxit4AaABAg",
            "reply_content": "\u5bf9\u963f",
            "likeCount": 0
        },
        {
            "reply_id": "UgxC_qZpkFQ7_Sny2It4AaABAg",
            "reply_content": "\u554a\u4e0d\u662f\u9000\u4f11\u4e86",
            "likeCount": 0
        },
        {
            "reply_id": "UgwZoPU4-NPtxmi4mU54AaABAg",
            "reply_content": "\u65e9\u5b89\u665a\u5b89\u963f\u795e",
            "likeCount": 0
        },
        {
            "reply_id": "UgyqB9Rmg77GPChXvGx4AaABAg",
            "reply_content": "\u963f\u795e\u4f4f\u4f60\u5929\u5929\u5feb\u6a02",
            "likeCount": 0
        },
        {
            "reply_id": "Ugwd7Ll4XInrN7-CyPh4AaABAg",
            "reply_content": "\u5b89\u5b89",
            "likeCount": 0
        },
        {
            "reply_id": "UgyG6kz3N4-rwsTNTud4AaABAg",
            "reply_content": "\u963f\u795e\u6211\u662f\u4f60\u7684\u7a2e\u7d1a\u7c89\u7d72\u6211\u9084\u80fd\u770b\u5230\u4f60\u7684\u5f71\u7247\u6211\u98de\u5e38\u9ad8\u5e78",
            "likeCount": 0
        },
        {
            "reply_id": "UgypeqUYAbZoIgZOHd54AaABAg",
            "reply_content": "\u54c8",
            "likeCount": 0
        },
        {
            "reply_id": "UgzjRujzn3U3w77dlJ54AaABAg",
            "reply_content": "\u6545\u4e8b",
            "likeCount": 0
        },
        {
            "reply_id": "UgxQQjV5t5SST0gzKJt4AaABAg",
            "reply_content": "\u963f\u795e\u56de\u4f86\u4e86",
            "likeCount": 0
        },
        {
            "reply_id": "UgwUMh2b4CsTVwlKoX14AaABAg",
            "reply_content": "\u963f\u795e\u597d\u4e45\u4e0d\u89c1",
            "likeCount": 0
        }
    ]
}