{
    "video_info": {
        "id": "28MXLBaWZlQ",
        "channelTitle": "\u9ec3\u963f\u746a\u7684\u5f8c\u5bae\u751f\u6d3b",
        "title": "\u3010\u9ec3\u963f\u746a\u7684\u5f8c\u5bae\u751f\u6d3b\u3011\u963f\u746a\u9ad4\u91cd\u5287\u70c8\u8b8a\u5316\uff01\u518d\u6b21\u6aa2\u67e5\uff01",
        "description": "\u9084\u662f\u8981\u6301\u7e8c\u89c0\u5bdf\u9ad4\u91cd\u8b8a\u5316\uff01\n\u00d7 \u983b\u9053\u66f4\u65b0\u70ba\u9031\u4e94\u665a\u9593\u516d\u9ede\uff0c\u4e0d\u5b9a\u6642\u767c\u4f48\u5176\u5b83\u5f71\u7247\uff01\u00d7\n\u8a02\u95b1\u6211\u5011\uff1ahttps://goo.gl/5L8xkV\n\u963f\u746a\u5b98\u7db2\uff1ahttps://www.fumeanstore.com\n\n\u3010\u6771\u4eac\u8c93\u8c93\u795e\u793e\uff01\u65e5\u672c\u5fc5\u53bb\u666f\u9ede\u3011\u5fd7\u9298\u8207\u72f8\u8c93\n\u25b6 https://youtu.be/twDB8anHMNM\n\n-\n\n\u3010\u8fd1\u671f\u6d3b\u52d5\u3011\n\n\u3010\u871c\u746a\u9023\u7dda\uff5e\u6b61\u6a02\u540c\u840c\u6703 \u5f69\u7e6a\u5217\u8eca\u3011\n\u5373\u65e5\u8d77\u81f36/4\u65e5\u6b62\n\u871c\u746a\u9023\u7dda\u5f69\u7e6a\u5217\u8eca\u5c07\u4e0d\u5b9a\u671f\u884c\u99db\u65bc\u6377\u904b\u7d05\u7dda\u5594\uff01\n\n\u300e\u871c\u746a\u9023\u7dda\u300f\u9650\u91cf\u5468\u908a\u5546\u54c1\n\u53ef\u4ee5\u5728\u4ee5\u4e0b\u901a\u8def\u8cfc\u8cb7\uff1a\nR10 \u7f8e\u9e97\u5cf6\u7ad9\u5546\u54c1\u9928\nR16 \u5de6\u71df\u7ad9\u65c5\u904a\u8aee\u8a62\u8655\n\u5b98\u65b9\u76f4\u71df\u8ce3\u5834 https://shopee.tw/krtcshop\n\n-\n\n\u7b2c\u4e09\u672c\u5716\u6587\u6f2b\u756b\u300a\u8c93\u54aa\u8d85\u6709\u4e8b3-\u8c93\u8c93\u7f8e\u98df\u6551\u63f4\u8a08\u756b\u300b\n\u5728\u746a\u746a\u5546\u884c\u8cfc\u8cb7\u5c31\u8d08\u9001\u300c\u5f8c\u5bae\u842c\u7528\u8b49\u4ef6\u5e36\u300d\uff08\u96a8\u6a5f1\u6b3e\uff09\n\n\u3010\u6436\u8cfc\u5c08\u5340\u3011   \n\u53f0\u7063(\u746a\u746a\u5546\u884c)\uff1ahttps://lihi1.com/vzhq3/catyt2\n\u6e2f\u6fb3\u5730\u5340\uff1ahttps://reurl.cc/rZAq54\n\u99ac\u65b0\u5730\u5340\uff1ahttps://is.gd/Vs7aXI\n\u203b\u4ee5\u4e0a\u9023\u7d50\u7686\u6709\u9001\u3010\u5f8c\u5bae\u842c\u7528\u8b49\u4ef6\u5e36\u3011\uff08\u51683\u6b3e\uff0c\u96a8\u6a5f\u8d08\u9001\u4e59\u6b3e\uff0c\u9001\u5b8c\u70ba\u6b62\uff09\n\n-\n\n\u3010\u53f0\u5357-\u8da3\u6dd8\u6f2b\u65c5 X \u9ec3\u963f\u746a\u7684\u5f8c\u5bae\u751f\u6d3b\u3011\n\u5373\u65e5\u8d77\u81f36/30\u6b62\uff0c\u6bcf\u65e5\u9650\u91cf6\u9593\u300c\u963f\u746a\u4f86\u8da3\u6dd8\u300d\u4e3b\u984c\u623f\uff01\n\u5165\u4f4f\u963f\u746a\u4e3b\u984c\u623f\u5c31\u8d08\u9001\u300c\u4e3b\u984c\u623f\u79ae\u5305\u300d\u5594\uff01\n\u8a02\u623f\u7db2\u5740\uff1ahttps://reurl.cc/pZemRb\n\n-\n\n\u7b2c\u4e03\u672c\u5e74\u5ea6\u8457\u4f5c\u300a\u7b49\u6211\u56de\u5bb6\u7684\u4f60\u300b\n\u53f0\u7063\uff08\u746a\u746a\u5546\u884c\uff09\uff1ahttps://reurl.cc/Kxxa5n\n\uff08\u746a\u746a\u5546\u884c \u7368\u5bb6\u8d08\u9001\u300c\u5f8c\u5bae\u51fa\u904a\u8da3\u63d2\u756b\u660e\u4fe1\u7247\u4e00\u5f35\uff0c\u96a8\u6a5f\u51fa\u8ca8\u4e0d\u6311\u6b3e\u300d\u5176\u4ed6\u901a\u8def\u6c92\u6709\u8d08\u9001\u5594\uff5e\uff09\n\u99ac\u65b0\u5730\u5340\uff1ahttps://reurl.cc/bzzGvr\n\n-\n\n\u3010\u963f\u746a Line\u8cbc\u5716\uff06\u4e3b\u984c\u3011\n\u300a\u6700\u65b0\u4e0a\u67b6\u300bhttps://lihi3.cc/8ITQO/YT01\n\u300a\u66f4\u591a\u8cbc\u5716\u300bhttps://reurl.cc/4RY6L2\n\n\u3010\u963f\u746a\u5b98\u7db2-\u746a\u746a\u5546\u884c\u3011\n\u25b6\u00a0https://www.fumeanstore.com/\n\u300a\u6700\u65b0\u5546\u54c1\u300b\u8b8a\u88dd\u5a03\u5a03\u3001\u79d2\u6536\u647a\u758a\u5f0f\u8cfc\u7269\u888b\u3001\u65b0\u6b3e\u5f8c\u5bae\u7948\u798f\u5fa1\u5b88\n\n---\n\n\u3010\u5408\u4f5c\u9080\u7d04/IP\u806f\u540d\u6388\u6b0a\u3011\nfumeanaction@gmail.com \uff08\u6b61\u8fce\u4f86\u4fe1\u6d3d\u8ac7\uff09\n\n\u3014\u7248\u6b0a\u6240\u6709\uff0c\u975e\u7d93\u8a31\u53ef\u52ff\u8f49\u8f09\u81f3\u4efb\u4f55\u5e73\u53f0\u3015\n\u3014\u9818\u990a\u4e0d\u68c4\u990a\u3015",
        "likeCount": "10440",
        "commentCount": "388",
        "viewCount": "357312"
    },
    "comments": [
        {
            "reply_id": "UgwuyW1tSYciCU6b7Td4AaABAg",
            "reply_content": "\u7562\u7adf\u963f\u746a\u4e5f\u6709\u5e74\u7d00\u4e86"
        },
        {
            "reply_id": "UgzWxq7x90hGL1q_LQl4AaABAg",
            "reply_content": "\u9019\u662f\u54ea\u9593\u91ab\u9662\u5440"
        },
        {
            "reply_id": "UgwtV32_czkAnnoiVkt4AaABAg",
            "reply_content": "\u963f\u746a\u99e1\u4eba\u8d85\u597d\u7b11\u54c8\u54c8\u54c8\u54c8\u54c8\u7b11\u6b7b\u6211\uff0c\u963f\u746a\u4f60\u4e00\u5b9a\u8981\u5065\u5eb7\u5403\u767e\u4e8c\u5594\u5be6\u5728\u592a\u559c\u6b61\u4f60\u4e86"
        },
        {
            "reply_id": "UgwkpSOQxTd_uF0jJd14AaABAg",
            "reply_content": "\u771f\u7684\u5e0c\u671b\u5f8c\u5bae\u90fd\u8981\u5065\u5eb7\u5feb\u6a02\u5e73\u5b89"
        },
        {
            "reply_id": "UgzW4F7Hofogr7glv454AaABAg",
            "reply_content": "\u963f\u746a\u662f\u6211\u770b\u904e\u6700\u96e3\u990a\u7684\u8c93\uff0c\u771f\u662f\u6176\u5e78\u662f\u4f60\u5011\u990a"
        },
        {
            "reply_id": "UgwLMhMtLq4ucKvOE4V4AaABAg",
            "reply_content": "\u4fdd\u4f51\u8c93\u54aa\u8eab\u9ad4\u5065\u5eb7"
        },
        {
            "reply_id": "UgzQ3RixyruySKwMju14AaABAg",
            "reply_content": "\u6d17\u6fa1\u56c9"
        },
        {
            "reply_id": "UgyzzTnDUgXPCLZ0smx4AaABAg",
            "reply_content": "\u5e0c\u671b\u963f\u746a\u548c\u5176\u4ed6\u5f8c\u5bae\u8c93\u54aa\u5011\u8eab\u9ad4\u5065\u5eb7\u5e73\u5b89"
        },
        {
            "reply_id": "UgxES1rkioGT77V9l2Z4AaABAg",
            "reply_content": "\u9084\u597d\u6c92\u4ec0\u9ebc\u4e8b \u963f\u746a\u5e74\u7d00\u4e5f\u5927\u4e86\u4e00\u6709\u72c0\u6cc1\u771f\u7684\u7dca\u5f35"
        },
        {
            "reply_id": "UgxVm5xL78qUgXs48Dp4AaABAg",
            "reply_content": "\u5357\u7121\u5594\u5bc6\u9640\u4f5b"
        },
        {
            "reply_id": "Ugyb9sQBNN992bnKf5F4AaABAg",
            "reply_content": "\u8b49\u660e\u6bdb\u6f8e\u9084\u662f\u5be6\u5fc3\u7684\u6642\u523b"
        },
        {
            "reply_id": "Ugz97cCeob1OoTXCmNR4AaABAg",
            "reply_content": "\u5e0c\u671b\u963f\u746a\u80fd\u4e00\u76f4\u5065\u5eb7\u5230\u55b5\u661f"
        },
        {
            "reply_id": "UgyM80HfbwXo_3hsHat4AaABAg",
            "reply_content": "\u6211\u611f\u89ba\u963f\u746a\u8868\u793a\u4e0d\u559c\u6b61\u53bb\u91ab\u9662"
        },
        {
            "reply_id": "UgzOpIxiA6CTlTky-cp4AaABAg",
            "reply_content": "\u963f\u746a\u4e0d\u559c\u6b61\u770b\u91ab\u751f\u4e00\u76f4\u53eb\u4e0d\u8981\u4e0d\u8981"
        },
        {
            "reply_id": "UgwFzBpMrylPHS82kHt4AaABAg",
            "reply_content": "\u4f46\u539f\u963f\u746a\u5e73\u5e73\u5b89\u5b89\u5730\u5927\u5bb6\u7684\u7642\u7652\u8c93"
        },
        {
            "reply_id": "UgzjxvDOQdQhKKRmYK54AaABAg",
            "reply_content": "\u6bcf\u6b21\u770b\u5230\u963f\u746a\u53bb\u91ab\u9662\uff0c\u5c31\u6703\u77ac\u9593\u610f\u8b58\u5230\u4ed6\u53ea\u662f\u4e00\u500b\u6bdb\u5c0f\u5b69"
        },
        {
            "reply_id": "UgzBYRuJtOvyT6RKYOZ4AaABAg",
            "reply_content": "\u5435\u6b7b\u4e86"
        },
        {
            "reply_id": "UgwwN9XaCLwJRXPkICp4AaABAg",
            "reply_content": "\u7834\u6771\u897f"
        },
        {
            "reply_id": "Ugy72hpG6CMyLeKsRXd4AaABAg",
            "reply_content": "\u6a19\u984c\u9a19\u4eba"
        },
        {
            "reply_id": "Ugw8BVURPJusTP673zl4AaABAg",
            "reply_content": "\u5abd\u7684\u8fb2\u5834\u6a19\u984c"
        },
        {
            "reply_id": "UgxbMMgYeUUd2rE9SfF4AaABAg",
            "reply_content": "\u611f\u8b1d\u6709\u4f60\u5011\u505a\u4f8b\u5b50\uff0c\u6211\u624d\u6c7a\u5fc3\u4e26\u6210\u529f\u5e6b\u8c93\u54aa\u6e1b\u80a5"
        },
        {
            "reply_id": "UgwsudJAgPXfx5yDiV54AaABAg",
            "reply_content": "\u963f\u746a\u7d42\u65bc\u8981\u6d17\u6fa1\u4e86"
        },
        {
            "reply_id": "UgzuJYprjKh-EEsnAKB4AaABAg",
            "reply_content": "\u81f3\u5c11\u6c92\u4e8b"
        },
        {
            "reply_id": "UgyxDNPEeLiX0BYaFmh4AaABAg",
            "reply_content": "\u5e0c\u671b\u963f\u739b\u5065\u5065\u5eb7\u5eb7"
        },
        {
            "reply_id": "Ugx90tUUv_KJfiUptDl4AaABAg",
            "reply_content": "\u5065\u5065\u5eb7\u5eb7\u5e73\u5e73\u5b89\u5b89"
        }
    ]
}