{
    "video_info": {
        "id": "6Bb1UBZ3wyw",
        "channelTitle": "\u9ec3\u963f\u746a\u7684\u5f8c\u5bae\u751f\u6d3b",
        "title": "\u62db\u5f1f\u7684\u5c0f\u79d8\u5bc6\u22ef  #shorts #ShortsTW",
        "description": "\u62db\u5f1f\u7684\u5c0f\u79d8\u5bc6\u22ef\n\n-\n\n\u8a02\u95b1\u6211\u5011\uff1ahttps://goo.gl/5L8xkV\n\u963f\u746a\u5b98\u7db2\uff1ahttps://www.fumeanstore.com\nFB\uff1a\u9ec3\u963f\u746a\u7684\u5f8c\u5bae\u751f\u6d3b\nIG\uff1afumeancat\n\n\u3010\u5408\u4f5c\u9080\u7d04/IP\u806f\u540d\u6388\u6b0a\u3011\nfumeanaction@gmail.com \uff08\u6b61\u8fce\u4f86\u4fe1\u6d3d\u8ac7\uff09\n\n\u3014\u7248\u6b0a\u6240\u6709\uff0c\u975e\u7d93\u8a31\u53ef\u52ff\u8f49\u8f09\u81f3\u4efb\u4f55\u5e73\u53f0\u3015\n\u3014\u9818\u990a\u4e0d\u68c4\u990a\u3015",
        "likeCount": "6430",
        "commentCount": "72",
        "viewCount": "115576"
    },
    "comments": [
        {
            "reply_id": "Ugzhdax7r3byZRq2o8R4AaABAg",
            "reply_content": "\u597d\u53ef\u611b\u597d\u53ef\u611b\u597d\u53ef\u611b"
        },
        {
            "reply_id": "UgwbjDYn9JEA8T7uBuB4AaABAg",
            "reply_content": "\u8214\u7a97\u7c3e"
        },
        {
            "reply_id": "UgwvXvGxmhST8Vj2mm14AaABAg",
            "reply_content": "\u54ea\u5c3c"
        },
        {
            "reply_id": "UgxK-A_UAPlw0UcEzGh4AaABAg",
            "reply_content": "\u53ef\u7231"
        },
        {
            "reply_id": "UgxMwuHD7iRZFS_ngHR4AaABAg",
            "reply_content": "\u8ddf\u67da\u5b50\u4e00\u6a23\u6703\u8214\u4e0d\u7e54\u5e03\u7684\u559c\u597d"
        },
        {
            "reply_id": "UgzlORDL1iLzgbzyH_B4AaABAg",
            "reply_content": "\u597d\u53ef\u611b"
        },
        {
            "reply_id": "UgwGDU0znYaXe82xDz94AaABAg",
            "reply_content": "\u53e3\u611b\u65e2\u7136\u5403\u7a97\u7c3e"
        },
        {
            "reply_id": "UgxRHGwgJE1AjpXO9mB4AaABAg",
            "reply_content": "\u597d\u53ef\u611b"
        },
        {
            "reply_id": "Ugxv1_3ww5t3DV9heXZ4AaABAg",
            "reply_content": "\u62db\u5f1f\u592a\u53ef\u611b"
        }
    ]
}