{
    "video_info": {
        "id": "9pvW9wntHAk",
        "channelTitle": "\u9ec3\u963f\u746a\u7684\u5f8c\u5bae\u751f\u6d3b",
        "title": "\u4e09\u8173\u7684\u904b\u52d5\u6642\u9593\uff01 #shorts #ShortsTW",
        "description": "\u4e09\u8173\u7684\u904b\u52d5\u6642\u9593\uff01\n\n-\n\n\u8a02\u95b1\u6211\u5011\uff1ahttps://goo.gl/5L8xkV\n\u963f\u746a\u5b98\u7db2\uff1ahttps://www.fumeanstore.com\nFB\uff1a\u9ec3\u963f\u746a\u7684\u5f8c\u5bae\u751f\u6d3b\nIG\uff1afumeancat\n\n\u3010\u5408\u4f5c\u9080\u7d04/IP\u806f\u540d\u6388\u6b0a\u3011\nfumeanaction@gmail.com \uff08\u6b61\u8fce\u4f86\u4fe1\u6d3d\u8ac7\uff09\n\n\u3014\u7248\u6b0a\u6240\u6709\uff0c\u975e\u7d93\u8a31\u53ef\u52ff\u8f49\u8f09\u81f3\u4efb\u4f55\u5e73\u53f0\u3015\n\u3014\u9818\u990a\u4e0d\u68c4\u990a\u3015",
        "likeCount": "7744",
        "commentCount": "136",
        "viewCount": "89415"
    },
    "comments": [
        {
            "reply_id": "UgyTDAJr2AAsPm266mp4AaABAg",
            "reply_content": "\u597d\u53ef\u611b"
        },
        {
            "reply_id": "UgyjkifK3ZCeTnWfXhd4AaABAg",
            "reply_content": "\u597d\u840c"
        },
        {
            "reply_id": "UgxfUjzBslRNMFgwCTd4AaABAg",
            "reply_content": "\u4e09\u8173\u771f\u7684\u5f88\u6f02\u4eae"
        },
        {
            "reply_id": "UgzVI-LbgkBCN_TIKm14AaABAg",
            "reply_content": "\u4e09\u8173\u597d\u7f8e"
        },
        {
            "reply_id": "UgwjbBZOiMu82Q9MHMh4AaABAg",
            "reply_content": "\u8d85\u7f8e"
        },
        {
            "reply_id": "Ugz9P-hlXYkgkzuVlmR4AaABAg",
            "reply_content": "\u597d\u53ef\u611b"
        },
        {
            "reply_id": "Ugzd-3wqfOcGLAW_FJB4AaABAg",
            "reply_content": "\u597d\u53ef\u611b"
        },
        {
            "reply_id": "Ugx7RDzD8Qf7uleihaZ4AaABAg",
            "reply_content": "\u7c89\u8272\u8089\u7403\u592a\u53ef\u611b\u4e86"
        },
        {
            "reply_id": "UgxvnZ8hxM2kY1UqP6t4AaABAg",
            "reply_content": "\u76db\u4e16\u7f8e\u984f\u554a"
        },
        {
            "reply_id": "UgxAxnaO7O0Liwp0yLp4AaABAg",
            "reply_content": "\u4e09\u811a\u771f\u7684\u597d\u7f8e"
        },
        {
            "reply_id": "UgxYdfsRYJl5edxfSd54AaABAg",
            "reply_content": "\u4e09\u8173\u662f\u8c93\u754c\u7b2c\u4e00\u6f02\u4eae\u59d0\u59d0"
        },
        {
            "reply_id": "Ugxs3K_xRj3OXUA_ANZ4AaABAg",
            "reply_content": "\u4e09\u8173\u771f\u7684\u597d\u6f02\u4eae"
        },
        {
            "reply_id": "Ugz1yJxBPOqfPia74NB4AaABAg",
            "reply_content": "\u4e09\u8173\u771f\u7684\u597d\u7f8e\u9e97\u53c8\u597d\u53ef\u611b\uff0c\u6bcf\u6b21\u770b\u4e09\u8173\u5fc3\u90fd\u8981\u878d\u5316\u4e86"
        },
        {
            "reply_id": "Ugy2NXPq-HQItWlFAq14AaABAg",
            "reply_content": "\u592a\u53ef\u611b\u4e86"
        },
        {
            "reply_id": "UgwCmaeYVQ8l18ujxbF4AaABAg",
            "reply_content": "\u4e09\u8173\u5a18\u5a18\u842c\u798f\u91d1\u5b89"
        },
        {
            "reply_id": "Ugw0ofOv31LuQW3m_bB4AaABAg",
            "reply_content": "\u840c\u840c\u840c\u840c\u840c"
        },
        {
            "reply_id": "Ugwq34TcfdZ3BKHuvl54AaABAg",
            "reply_content": "\u7f8e"
        },
        {
            "reply_id": "UgzDMED9I7shV6n_Zbh4AaABAg",
            "reply_content": "\u4e09\u8173\u840c"
        },
        {
            "reply_id": "UgwDMO-nr8dx1zz90Dh4AaABAg",
            "reply_content": "\u4e09\u8173\u771f\u7684\u840c"
        },
        {
            "reply_id": "UgxowHmVplPQA14sqkJ4AaABAg",
            "reply_content": "\u53ef\u611b\u5230\u7206"
        },
        {
            "reply_id": "UgxHalQ5ToKuw9hECCV4AaABAg",
            "reply_content": "\u4e09\u8173\u597d\u53ef\u611b"
        },
        {
            "reply_id": "UgyHp8AenpsC8xWEUSV4AaABAg",
            "reply_content": "\u4e09\u8173\u600e\u6a23\u90fd\u597d\u53ef\u611b\u5594"
        },
        {
            "reply_id": "UgzW1uwEFPVVlO7PZtd4AaABAg",
            "reply_content": "\u811a\u59b9\u7684\u5706\u5706\u5927\u773c\u597d\u6e05\u6f88"
        },
        {
            "reply_id": "Ugz_KbvPa0QalmXB80x4AaABAg",
            "reply_content": "\u53ef\u7231"
        }
    ]
}