{
    "video_info": {
        "id": "ac56TQr0Hl8",
        "channelTitle": "\u9ec3\u963f\u746a\u7684\u5f8c\u5bae\u751f\u6d3b",
        "title": "\u5c0f\u82b1\u751f\u65e5\u76f4\u64ad\uff01\u56db\u5c0f\u864e\u56db\u6b72\u5566\uff01",
        "description": "",
        "likeCount": "1237",
        "commentCount": "76",
        "viewCount": "25636"
    },
    "comments": [
        {
            "reply_id": "Ugxdd6yp6Ad1cVBX-Tl4AaABAg",
            "reply_content": "\u5c0f\u82b1\u795d\u798f\u4f60\u751f\u65e5\u5feb\u6a02"
        },
        {
            "reply_id": "Ugx3pmB_cO1RtU0SN894AaABAg",
            "reply_content": "\u5c0f\u90e1\u4e3b\u58fd\u661f\u5409\u7965"
        },
        {
            "reply_id": "UgxIWzXlwbt0crGtB9h4AaABAg",
            "reply_content": "\u5c0f\u82b1\u751f\u65e5\u5feb\u6a02"
        },
        {
            "reply_id": "UgwEvM-RCl0caPcPaG54AaABAg",
            "reply_content": "\u5c0f\u82b1\u795d\u4f60\u751f\u65e5\u5feb\u6a02"
        },
        {
            "reply_id": "UgwfQgvnlUQUEBIKDVp4AaABAg",
            "reply_content": "\u9752\u6625\u53ef\u4eba\u53c8\u6027\u611f\u7684\u5c0f\u91ce\u8c93"
        },
        {
            "reply_id": "Ugwb7kJJ7sN3sPR2ASZ4AaABAg",
            "reply_content": "\u5c0f\u82b1\u751f\u65e5\u5feb\u6a02\u4e2b"
        },
        {
            "reply_id": "UgxgqRMcrkVLC32OuHF4AaABAg",
            "reply_content": "\u7b2c\u4e8c"
        },
        {
            "reply_id": "UgzsvrqMYNYUnSvu8-l4AaABAg",
            "reply_content": "\u751f\u65e5\u5feb\u6a02"
        },
        {
            "reply_id": "UgwleUF0UHPJ4fVsVH54AaABAg",
            "reply_content": "\u751f\u65e5\u5feb\u6a02"
        }
    ]
}