{
    "video_info": {
        "id": "B6Zm4F6C5jk",
        "channelTitle": "\u9ec3\u963f\u746a\u7684\u5f8c\u5bae\u751f\u6d3b",
        "title": "\u8981\u8c93\u8df3\u8d77\u4f86\u771f\u7684\u597d\u96e3",
        "description": "",
        "likeCount": "3040",
        "commentCount": "46",
        "viewCount": "59260"
    },
    "comments": [
        {
            "reply_id": "UgzOJQ3qaBWSsKzz9bR4AaABAg",
            "reply_content": "\u62ff\u4e48\u80a5"
        },
        {
            "reply_id": "UgwyPxQEWUjxOJy2ddZ4AaABAg",
            "reply_content": "\u597d\u8070\u660e"
        },
        {
            "reply_id": "Ugx4FvIV4bzg1PQm42N4AaABAg",
            "reply_content": "\u5927\u6263\u662f\u6709\u539f\u56e0\u7684"
        },
        {
            "reply_id": "UgxiLYYVyEFlLFIYdAh4AaABAg",
            "reply_content": "\u597d\u53ef\u611b"
        },
        {
            "reply_id": "Ugyr3Fy4nDxVbbDzs7x4AaABAg",
            "reply_content": "\u597d\u61f6"
        }
    ]
}