{
    "video_info": {
        "id": "bV3dHDaa6oI",
        "channelTitle": "\u9ec3\u963f\u746a\u7684\u5f8c\u5bae\u751f\u6d3b",
        "title": "\u3010\u9ec3\u963f\u746a\u7684\u5f8c\u5bae\u751f\u6d3b\u30112023\u4e09\u8173\u7684\u4e00\u5929\uff01",
        "description": "\u4e09\u8173\uff1a\u300c\u6211\u53c8\u9577\u5927\u4e00\u6b72\u4e86\uff01\u300d\n\u00d7 \u983b\u9053\u66f4\u65b0\u70ba\u9031\u4e94\u665a\u9593\u516d\u9ede\uff0c\u4e0d\u5b9a\u6642\u767c\u4f48\u5176\u5b83\u5f71\u7247\uff01\u00d7\n\u8a02\u95b1\u6211\u5011\uff1ahttps://goo.gl/5L8xkV\n\u963f\u746a\u5b98\u7db2\uff1ahttps://www.fumeanstore.com\n\n\u3010\u751f\u65e5QA\u554f\u7b54\uff01\u963f\u746a\u4e09\u8173\u62cd\u5a5a\u7d17\u7167\uff01\u3011\u5fd7\u9298\u8207\u72f8\u8c93\n\u25b6 https://youtu.be/3ymnNdEVWqk\n\n-\n\n\u3010\u8fd1\u671f\u6d3b\u52d5\u3011\n\n\u3010\u8c93\u54aa\u8d85\u6709\u4e8b3\uff1a\u746a\u6c11\u8a8d\u8b49\u7c3d\u66f8\u6703\u3011\n* 7/23 14:00~17:00 \u53f0\u5357 \u653f\u5927\u66f8\u57ce (\u53f0\u5357\u5e02\u4e2d\u897f\u5340\u897f\u9580\u8def\u4e8c\u6bb5120\u865f)\n* 8/20 14:00~17:00 \u82b1\u84ee \u653f\u5927\u66f8\u57ce (\u82b1\u84ee\u7e23\u82b1\u84ee\u5e02\u4e2d\u5c71\u8def547-2\u865f)\n* 9/10 14:00~17:00 \u53f0\u5317 \u4e2d\u548c\u74b0\u7403\u8cfc\u7269\u4e2d\u5fc3 (\u65b0\u5317\u5e02\u4e2d\u548c\u5340\u4e2d\u5c71\u8def\u4e09\u6bb5122\u865f)\n* 11/19 14:00~17:00 \u9ad8\u96c4 \u6f22\u795e\u5de8\u86cb B1\u7279\u5c55\u5340 (\u9ad8\u96c4\u5e02\u5de6\u71df\u5340\u535a\u611b\u4e8c\u8def777\u865f)  \n* 12/03 14:00~17:00 \u53f0\u4e2d \u5ee3\u4e09SOGO 12\u6a13\u6d3b\u52d5\u5340 (\u53f0\u4e2d\u5e02\u897f\u5340\u53f0\u7063\u5927\u9053\u4e8c\u6bb5459\u865f)\n\u8a73\u7d30\u6d3b\u52d5\u8fa6\u6cd5\u8acb\u770b https://lihi3.cc/RMCIt/YT\n\n-\n\n\u7b2c\u4e09\u672c\u5716\u6587\u6f2b\u756b\u300a\u8c93\u54aa\u8d85\u6709\u4e8b3-\u8c93\u8c93\u7f8e\u98df\u6551\u63f4\u8a08\u756b\u300b\n\u5728\u746a\u746a\u5546\u884c\u8cfc\u8cb7\u5c31\u8d08\u9001\u300c\u5f8c\u5bae\u842c\u7528\u8b49\u4ef6\u5e36\u300d\uff08\u96a8\u6a5f1\u6b3e\uff09\n\n\u3010\u6436\u8cfc\u5c08\u5340\u3011   \n\u53f0\u7063(\u746a\u746a\u5546\u884c)\uff1ahttps://lihi1.com/vzhq3/catyt2\n\u6e2f\u6fb3\u5730\u5340\uff1ahttps://reurl.cc/rZAq54\n\u99ac\u65b0\u5730\u5340\uff1ahttps://is.gd/Vs7aXI\n\u203b\u4ee5\u4e0a\u9023\u7d50\u7686\u6709\u9001\u3010\u5f8c\u5bae\u842c\u7528\u8b49\u4ef6\u5e36\u3011\uff08\u51683\u6b3e\uff0c\u96a8\u6a5f\u8d08\u9001\u4e59\u6b3e\uff0c\u9001\u5b8c\u70ba\u6b62\uff09\n\n-\n\n\u30107-ELEVEN \u9ec3\u963f\u746a\u4e3b\u984c\u5e97\u3011\n\u4e3b\u984c\u5e97\u958b\u5e55\u5566\uff5e\n\u8cb7\u5496\u5561\u5c31\u53ef\u4ee5\u7372\u5f97\u672c\u5e97\u9650\u5b9a\u7684\u963f\u746aCITY CAFE\u676f\uff01\n\u5e97\u5167\u9084\u6709\u5f88\u591a\u6771\u897f\u53ef\u4ee5\u62cd\u7167\uff0c\u6b61\u8fce\u4f86\u901b\u901b\uff5e\n\u5730\u5740\uff1a7-ELEVEN\u6566\u4fe1\u9580\u5e02\uff08\u53f0\u5317\u5e02\u5927\u5b89\u5340\u4ec1\u611b\u8def\u56db\u6bb5122\u5df750\u865f1\u6a13\uff09\n\n-\n\n\u7b2c\u4e03\u672c\u5e74\u5ea6\u8457\u4f5c\u300a\u7b49\u6211\u56de\u5bb6\u7684\u4f60\u300b\n\u53f0\u7063\uff08\u746a\u746a\u5546\u884c\uff09\uff1ahttps://reurl.cc/Kxxa5n\n\uff08\u746a\u746a\u5546\u884c \u7368\u5bb6\u8d08\u9001\u300c\u5f8c\u5bae\u51fa\u904a\u8da3\u63d2\u756b\u660e\u4fe1\u7247\u4e00\u5f35\uff0c\u96a8\u6a5f\u51fa\u8ca8\u4e0d\u6311\u6b3e\u300d\u5176\u4ed6\u901a\u8def\u6c92\u6709\u8d08\u9001\u5594\uff5e\uff09\n\u99ac\u65b0\u5730\u5340\uff1ahttps://reurl.cc/bzzGvr\n\n-\n\n\u3010\u963f\u746a Line\u8cbc\u5716\uff06\u4e3b\u984c\u3011\n\u300a\u6700\u65b0\u4e0a\u67b6\u300bhttps://lihi3.cc/8ITQO/YT01\n\u300a\u66f4\u591a\u8cbc\u5716\u300bhttps://reurl.cc/4RY6L2\n\n\u3010\u963f\u746a\u5b98\u7db2-\u746a\u746a\u5546\u884c\u3011\n\u25b6\u00a0https://www.fumeanstore.com/\n\u300a\u6700\u65b0\u5546\u54c1\u300b304\u4e0d\u93fd\u92fc\u9910\u5177\u3001\u7ae5\u88dd\u7d14\u68c9\u77edT\u3001\u5f8c\u5bae\u5922\u4e4b\u8239\u58d3\u514b\u529b\u9020\u578b\u7acb\u724c\n\n---\n\n\u3010\u5408\u4f5c\u9080\u7d04/IP\u806f\u540d\u6388\u6b0a\u3011\nfumeanaction@gmail.com \uff08\u6b61\u8fce\u4f86\u4fe1\u6d3d\u8ac7\uff09\n\n\u3014\u7248\u6b0a\u6240\u6709\uff0c\u975e\u7d93\u8a31\u53ef\u52ff\u8f49\u8f09\u81f3\u4efb\u4f55\u5e73\u53f0\u3015\n\u3014\u9818\u990a\u4e0d\u68c4\u990a\u3015",
        "likeCount": "7310",
        "commentCount": "322",
        "viewCount": "199040"
    },
    "comments": [
        {
            "reply_id": "Ugx1Qs_Zmymdf_GJHOV4AaABAg",
            "reply_content": "\u53ef\u611b\u7684\u8173\u59b9"
        },
        {
            "reply_id": "UgyG0q_IU0xA-8l2rJV4AaABAg",
            "reply_content": "\u70ba\u4ec0\u9ebc\u53ea\u6709\u9019\u500b\u983b\u9053\u6c92\u6709\u6703\u54e1"
        },
        {
            "reply_id": "Ugy2PqSBJ5uIZqWVBKB4AaABAg",
            "reply_content": "\u751f\u65e5\u5feb\u6a02"
        },
        {
            "reply_id": "Ugyg_s0W71glTFy860N4AaABAg",
            "reply_content": "\u4e09\u8173"
        },
        {
            "reply_id": "UgzokDaYOHrPgxwjYPR4AaABAg",
            "reply_content": "\u4e09\u8173\u597d\u53ef\u611b\u5594"
        },
        {
            "reply_id": "UgyiTf16d3jA7ebNJkZ4AaABAg",
            "reply_content": "\u795d\u4e09\u8173\u751f\u65e5\u5feb\u6a02"
        },
        {
            "reply_id": "UgygzaJSm-BFX2GK_z14AaABAg",
            "reply_content": "\u7d55\u4e16\u7f8e\u5973"
        },
        {
            "reply_id": "UgyFT1ho4McTqHo8Xy14AaABAg",
            "reply_content": "\u4e09\u8173\u4ee5\u524d\u6709\u9019\u9ebc\u80a5\u55ce"
        },
        {
            "reply_id": "Ugxn9wrj2wudBt_eNzV4AaABAg",
            "reply_content": "\u6703\u966a\u7761\u6703\u5b89\u64ab\u4eba\u60c5\u7dd2\uff0c\u4e09\u8173\u771f\u7684\u662f\u96bb\u6eab\u67d4\u7684\u597d\u8c93"
        },
        {
            "reply_id": "UgycoYcELygwDmhXHU94AaABAg",
            "reply_content": "\u4e09\u8173\u518d\u5169\u5e74\u5c31\u8981\u8b80\u5927\u5b78\u4e86"
        },
        {
            "reply_id": "UgyVp1pgzcIZRSvDETJ4AaABAg",
            "reply_content": "\u4e09\u8173\u904e\u7684\u597d\u5e78\u798f\u554a"
        },
        {
            "reply_id": "UgxqyQrIY_UjaBauaXt4AaABAg",
            "reply_content": "\u4e09\u8173\u751f\u65e5\u5feb\u6a02"
        },
        {
            "reply_id": "Ugwb4Z_poxyUOBPXa2p4AaABAg",
            "reply_content": "\u4e09\u8173\u6253\u80f0\u5cf6\u7d20\u50cf\u9935\u5c0f\u670b\u53cb\u5403\u85e5\u4e00\u6a23\uff0c\u53ea\u662f\u7cd6\u679c\u8b8a\u67f4\u9b5a\u7247"
        },
        {
            "reply_id": "UgykRoA2Osn_LwVqhmF4AaABAg",
            "reply_content": "\u6bcf\u96bb\u8c93\u90fd\u5f88\u53ef\u611b"
        },
        {
            "reply_id": "UgwPBv_tGp7Dr-4HxG94AaABAg",
            "reply_content": "\u4e09\u8173\u662f\u96cd\u5bb9\u83ef\u8cb4\u5927\u8cb4\u5983"
        },
        {
            "reply_id": "UgwYN80QIcXcfTyF4Lt4AaABAg",
            "reply_content": "\u5695\u5695\u7684\u623f\u9593\u662f\u4e09\u8001\u7684\u6a02\u5712"
        },
        {
            "reply_id": "UgyWG8EkRwW7y9bz1TR4AaABAg",
            "reply_content": "\u5695\u5695\u623f\u8b8a\u6210\u516c\u5171\u5834\u6240\u4e86"
        },
        {
            "reply_id": "UgwzWvhgvRG-hp65IlV4AaABAg",
            "reply_content": "\u4e09\u8173\u751f\u65e5\u5feb\u6a02"
        },
        {
            "reply_id": "UgzGSOfp-ru3sxPHhPV4AaABAg",
            "reply_content": "\u597d\u53ef\u611b\u597d\u60f3\u634f"
        },
        {
            "reply_id": "UgxWuUImnnbblDRXOUJ4AaABAg",
            "reply_content": "\u771f\u7684\u5f88\u8c22\u8c22\u72f8\u732b\u8ddf\u5fd7\u660e\u82b1\u5f88\u591a\u5fc3\u601d\u7167\u987e\u540e\u5bab\u7684\u6240\u6709\u732b\u54aa\u4eec\u3002"
        },
        {
            "reply_id": "UgwCAz3K9aiYNi6R08J4AaABAg",
            "reply_content": "\u4e09\u8173\u751f\u65e5\u5927\u5feb\u6a02"
        },
        {
            "reply_id": "UgzrM8dMaSFZWPEefMF4AaABAg",
            "reply_content": "\u4f60\u4f4f\u592a\u53f0\u5317\u5c0d\u4e0d\u6211\u7528\u6211\u7238\u7684\u5e33\u865f\u54c8\u54c8\u54c8"
        },
        {
            "reply_id": "UgzQe1hTq4-ja-FVH8J4AaABAg",
            "reply_content": "\u4e09\u8173\u662f\u6211\u7562\u751f\u4e2d\u6700\u70ba\u89aa\u4eba\u6c92\u4ec0\u9ebc\u813e\u6c23\u53ef\u8a00\u4e5f\u80fd\u96a8\u4fbf\u64fc\u7684\u8c93"
        },
        {
            "reply_id": "UgwPKFByHCmxo-dusAB4AaABAg",
            "reply_content": "\u4e0b\u4e00\u500b\u662f\u5c3f\u5c3f\u738b\u67da\u5b50\u751f\u65e5"
        },
        {
            "reply_id": "UgxDTEnsMrgulyxiQ9V4AaABAg",
            "reply_content": "\u770b\u5230\u91dd\u7b52\u771f\u7684\u6703\u56de\u60f3\u5230\u4e4b\u524d"
        }
    ]
}