{
    "video_info": {
        "id": "eDYXTyXBo44",
        "channelTitle": "\u9ec3\u963f\u746a\u7684\u5f8c\u5bae\u751f\u6d3b",
        "title": "\u4f60\u770b\u8c93\u7684\u89d2\u5ea6VS\u8c93\u770b\u4f60\u7684\u89d2\u5ea6",
        "description": "",
        "likeCount": "12118",
        "commentCount": "242",
        "viewCount": "302803"
    },
    "comments": [
        {
            "reply_id": "UgyR0AvCj9pPP7kMO354AaABAg",
            "reply_content": "\u63fe\u98df\u8271\u96e3"
        },
        {
            "reply_id": "UgyKQ_N1uDmevuG76ol4AaABAg",
            "reply_content": "\u96e3\u602a\u8c93\u8c93\u6703\u8eb2\u958b"
        },
        {
            "reply_id": "UgzkYnSKHfGEHqsinON4AaABAg",
            "reply_content": "\u4ee4\u4eba\u6050\u61fc\u7684\u8996\u89d2"
        },
        {
            "reply_id": "UgwGFK9GHYNJvVEEfud4AaABAg",
            "reply_content": "\u6211\u7a81\u7136\u61c2\u4e86\u4ec0\u9ebc"
        },
        {
            "reply_id": "UgwsXGLjyQgOVofqCNN4AaABAg",
            "reply_content": "\u8fdb\u51fb\u5de8\u4eba\u7684\u8138"
        },
        {
            "reply_id": "Ugy2o6tzsSyFyVQxUU54AaABAg",
            "reply_content": "\u9886\u517b\u4ee3\u66ff\u8d2d\u4e70"
        },
        {
            "reply_id": "UgxEEC90PO6-6zeltk94AaABAg",
            "reply_content": "\u963f\u746a\u592a\u53ef\u611b\u4e86"
        },
        {
            "reply_id": "Ugy7TVzBhMCIWXdlFN14AaABAg",
            "reply_content": "\u8001\u723a\u6232\u4e2b\u9b1f"
        },
        {
            "reply_id": "UgwVmk7VUJxyMSIAG3J4AaABAg",
            "reply_content": "\u7325\u893b\u767c\u80b2"
        },
        {
            "reply_id": "UgxX8GG22rgwlrbtWEZ4AaABAg",
            "reply_content": "\u5641\u5fc3"
        },
        {
            "reply_id": "UgzbsspMfNluYKf42DV4AaABAg",
            "reply_content": "\u6709\u7661\u6f22"
        },
        {
            "reply_id": "Ugw0cLxRgLBCbQDh02d4AaABAg",
            "reply_content": "\u756b\u9762\u8a18\u5f97\u8abf\u9ed1\u767d"
        },
        {
            "reply_id": "UgzGWWNHB8eH_qc7Opd4AaABAg",
            "reply_content": "\u9ad2"
        },
        {
            "reply_id": "UgyJlE78aoIrZISVX9B4AaABAg",
            "reply_content": "\u771f\u7684"
        },
        {
            "reply_id": "UgxOasuDXBiwWsxsiRJ4AaABAg",
            "reply_content": "\u4e0d\u8607\u6e56"
        },
        {
            "reply_id": "UgwgjU7uCzoiYam2kaR4AaABAg",
            "reply_content": "\u5687\u4e86\u4e00\u5c0f\u8df3"
        },
        {
            "reply_id": "Ugwx0Zb8vTqLKExXIVJ4AaABAg",
            "reply_content": "\u5dee\u4e00\u9ede\u6309\u4e86\u4e0d\u559c\u6b61"
        },
        {
            "reply_id": "UgymqUVSEhHFhw2QjWF4AaABAg",
            "reply_content": "\u6709\u88ab\u5641\u5230"
        },
        {
            "reply_id": "UgxIANFyZ9nOzGs4XNt4AaABAg",
            "reply_content": "\u5de8\u4eba\u624d\u525b\u5b8c\u7d50\u9019\u9ebc\u53c8\u51fa\u4f86\u4e86"
        },
        {
            "reply_id": "Ugwhv0tnSP40OtBVEf94AaABAg",
            "reply_content": "\u7b2c\u4e8c\u500b\u89d2\u5ea6\u600e\u9ebc\u90a3\u9ebc\u7325\u893b"
        },
        {
            "reply_id": "UgwA_PWuKuKHqguj0hd4AaABAg",
            "reply_content": "\u597d\u8c93\u96e3\u70ba"
        },
        {
            "reply_id": "UgytOrssxOfw6NUyJZh4AaABAg",
            "reply_content": "\u597d\u53ef\u6015"
        },
        {
            "reply_id": "UgyXgKZUd16XsnQmqOl4AaABAg",
            "reply_content": "\u5687\u5f97\u6211\u624b\u6a5f\u98db\u51fa\u53bb"
        },
        {
            "reply_id": "UgzqssH6guGNIWuoH-d4AaABAg",
            "reply_content": "\u6015\u7206"
        },
        {
            "reply_id": "UgzNNjmF9-SARcyKXOx4AaABAg",
            "reply_content": "\u53ef\u6015\u7684\u89aa\u4e00\u4e2a"
        }
    ]
}