{
    "video_info": {
        "id": "ekDC4kS1src",
        "channelTitle": "\u9ec3\u963f\u746a\u7684\u5f8c\u5bae\u751f\u6d3b",
        "title": "\u5728\u5730\u677f\u4e0a\u8cbc\u4e00\u500b\u5708\u5c31\u80fd\u5438\u5f15\u8c93\u54aa\uff1f",
        "description": "",
        "likeCount": "6168",
        "commentCount": "65",
        "viewCount": "130580"
    },
    "comments": [
        {
            "reply_id": "UgyyPQS40e0YCcAI9Ll4AaABAg",
            "reply_content": "\u9019\u662f\u771f\u7684\u55ce"
        },
        {
            "reply_id": "UgyZxz5FKQubMT8_rUp4AaABAg",
            "reply_content": "\u5c31\u4e0d\u80fd\u602a\u6211\u5bb6\u7684\u732b\u4e0d\u89c1\u4e86\u539f\u6765\u662f\u4f60\u5077\u8d70\u4e86"
        },
        {
            "reply_id": "UgwZo7kvSPse18K8TO14AaABAg",
            "reply_content": "\u96fb\u8996\u8c93"
        },
        {
            "reply_id": "UgwCx4PnyplcRmOsm8Z4AaABAg",
            "reply_content": "\u6b78\u547d\u84ee\u83ef\u751f\u5927\u58eb"
        },
        {
            "reply_id": "UgxrWFiFHpzzt_suqJR4AaABAg",
            "reply_content": "\u96fb\u8996\u59cb\u7d42\u662f\u7b2c\u4e00\u4f4d"
        },
        {
            "reply_id": "UgyPUBG_VrDC8gf2EOl4AaABAg",
            "reply_content": "\u4e0d\u6e96"
        }
    ]
}