{
    "video_info": {
        "id": "feuk0WnIJj0",
        "channelTitle": "\u9ec3\u963f\u746a\u7684\u5f8c\u5bae\u751f\u6d3b",
        "title": "\uff3b\u76f4\u64ad\u4e2d\uff3d\u67da\u5b5010\u6b72\u751f\u65e5\u5566\uff01",
        "description": "",
        "likeCount": "1208",
        "commentCount": "122",
        "viewCount": "21523"
    },
    "comments": [
        {
            "reply_id": "UgyLPNTKGbz25Aklug94AaABAg",
            "reply_content": "\u53ef\u611b\u7684\u67da\u67da"
        },
        {
            "reply_id": "UgwV69Him31LI90H3al4AaABAg",
            "reply_content": "\u771f\u7684\u6700\u559c\u6b61\u67da\u5b50"
        },
        {
            "reply_id": "UgwD8n7OMHagMp5lRLN4AaABAg",
            "reply_content": "\u67da\u5b50\u751f\u65e5\u5feb\u6a02"
        },
        {
            "reply_id": "Ugw8ErqU0cpgw7NEuMF4AaABAg",
            "reply_content": "\u795d\u67da\u5b50\u751f\u65e5\u5feb\u6a02"
        },
        {
            "reply_id": "UgwI-NVI3XeDApDin0p4AaABAg",
            "reply_content": "\u5f8c\u5bae\u67da\u5b50\u751f\u65e5\u5feb\u6a02\u5929\u5929\u958b\u5fc3"
        },
        {
            "reply_id": "Ugzcp7825fjv89a_-OZ4AaABAg",
            "reply_content": "\u67da\u5b50\u751f\u65e5\u5feb\u6a02"
        },
        {
            "reply_id": "UgwGHBCARLTRa5mrTB14AaABAg",
            "reply_content": "\u751f\u65e5\u5feb\u6a02"
        },
        {
            "reply_id": "Ugy21k87xfZJwU1GWf14AaABAg",
            "reply_content": "\u67da\u5b50\u6709\u4e00\u500b\u5f71\u7247\u4e2d\u7684\u773c\u775b\u52d5\u4f5c\u8ddf\u8868\u60c5\u5f88\u9017\u8da3"
        },
        {
            "reply_id": "UgygpTCn2p3MliDo4od4AaABAg",
            "reply_content": "\u67da\u5b50\u751f\u65e5\u5feb\u6a02"
        },
        {
            "reply_id": "UgwgDL1Rdx_xL_vzRn94AaABAg",
            "reply_content": "\u807d\u5fd7\u9298\u8b1b\u67da\u5b50\u7684\u4e8b\u60c5\u597d\u611f\u4eba\uff0c\u679c\u7136\u662f\u67da\u5b50\u7684\u7238\u7238\u611f"
        },
        {
            "reply_id": "Ugyjmg74rmSfgsmW-7l4AaABAg",
            "reply_content": "\u67da\u5b50\u751f\u65e5\u5feb\u6a02"
        },
        {
            "reply_id": "Ugw6tNGPMEMPG5LMHmd4AaABAg",
            "reply_content": "\u64bf\u5230\u7684\u6642\u5019\u7528\u67da\u5b50\u7bb1\u88dd\u8457\u7684"
        },
        {
            "reply_id": "UgwMnNDUeEn5S45OpX54AaABAg",
            "reply_content": "\u67da\u5b50\u662f\u5f8c\u5bae\u4e2d\u6700\u597d\u7684\u5927\u54e5\u54e5"
        },
        {
            "reply_id": "UgwUlzXK5JCnciOVMOZ4AaABAg",
            "reply_content": "\u8ddf\u6211\u540c\u500b\u6708\u4efd\u751f\u65e5\u7684\u53ef\u611b\u67da\u5b50\u751f\u65e5\u5feb\u6a02~\u6700\u611b\u7684\u5f8c\u5bae\u8c93"
        },
        {
            "reply_id": "Ugyq59N9qwlDKzQUOAt4AaABAg",
            "reply_content": "\u67da\u5b50\u7684\u7159\u55d3\u5b50\u592a\u6709\u7279\u8272\u4e86\uff0c\u5e25\u6c23\u7684\u67da\u5b50\u751f\u65e5\u5feb\u6a02"
        }
    ]
}