{
    "video_info": {
        "id": "fWRM-pnKZxA",
        "channelTitle": "\u9ec3\u963f\u746a\u7684\u5f8c\u5bae\u751f\u6d3b",
        "title": "\u3010\u76f4\u64ad\u3011\u5695\u569516\u6b72\u751f\u65e5\uff01\u5403\u8089\u5403\u8d77\u4f86\uff01",
        "description": "",
        "likeCount": "1112",
        "commentCount": "115",
        "viewCount": "21444"
    },
    "comments": [
        {
            "reply_id": "UgzlW7jGHAq9QBF-ITN4AaABAg",
            "reply_content": "\u5695\u5695\u751f\u65e5\u5feb\u6a02"
        },
        {
            "reply_id": "UgxSgV-NK0iNLKnZwst4AaABAg",
            "reply_content": "\u5695\u5695\u751f\u65e5\u5feb\u6a02"
        },
        {
            "reply_id": "UgyiaTBcMW4SrT5FWrd4AaABAg",
            "reply_content": "\u5c0f\u6a58\u8c93\u54aa\u6bd4\u8f03\u7626"
        },
        {
            "reply_id": "Ugw6Bn8BArftf7DDEe54AaABAg",
            "reply_content": "\u6c85\u8178\u80a5\u4e86\u5f88\u5f97\u610f"
        },
        {
            "reply_id": "UgygPmV7ahebMRjnWTp4AaABAg",
            "reply_content": "\u963f\u746a\u8173\u898b\u6709\u4e0d\u5e73"
        },
        {
            "reply_id": "UgyG5bGap9rMhdBWoJt4AaABAg",
            "reply_content": "\u795d\u5695\u5695\u8eab\u9ad4\u5065\u5eb7\u751f\u65e5\u5feb\u6a02"
        },
        {
            "reply_id": "UgzbJJ28Z--emSo1MGF4AaABAg",
            "reply_content": "\u5e0c\u671b\u565c\u565c\u80fd\u548c\u72f8\u732b\u5728\u4e00\u8d77"
        },
        {
            "reply_id": "UgwxaropNN6ljxr3Vyt4AaABAg",
            "reply_content": "\u5695\u5695\u751f\u65e5\u5feb\u6a02"
        },
        {
            "reply_id": "Ugx02yMNjf0w1sefqkJ4AaABAg",
            "reply_content": "\u751f\u65e5\u5feb\u6a02\u5695\u5695"
        },
        {
            "reply_id": "UgzE4XkYPto8pojUldB4AaABAg",
            "reply_content": "\u6c38\u9060\u611b\u4f60\u5466"
        },
        {
            "reply_id": "Ugy_7I9qOslwKQdvXcN4AaABAg",
            "reply_content": "\u751f\u65e5\u5feb\u6a02"
        },
        {
            "reply_id": "Ugyr7akOLUqEKZqAzsd4AaABAg",
            "reply_content": "\u8ddf\u963f\u746a\u4e00\u6a23\u5e74\u9f61"
        },
        {
            "reply_id": "UgwgqF3ryw7C0rmTViF4AaABAg",
            "reply_content": "\u5695\u5695\u751f\u65e5\u5feb\u6a02\u4e0d\u610f\u601d\u5594\u9072\u5230\u4e86"
        },
        {
            "reply_id": "UgycC2krS7YAZWmdV394AaABAg",
            "reply_content": "\u5695\u5695\u5f9e\u4ee5\u524d\u526a\u6307\u7532\u6703\u5dee\u9ede\u6bba\u4e86\u5169\u500b\u5974\u624d\u7684\u5147\u8c93\u8c93\uff0c\u8b8a\u6210\u73fe\u5728\u4e0d\u6703\u54ac\u4eba\u53c8\u53ef\u4ee5\u4e56\u4e56\u526a\u6307\u7532\u751a\u81f3\u53ef\u4ee5\u7a7f\u8c93\u8863\u670d\u3001\u6478\u809a\u809a\u7684\u840c\u8c93\u8c93\uff0c\u770b\u5f97\u51fa\u4f86\u5695\u5695\u505a\u4e86\u8d85\u7d1a\u591a\u7684\u52aa\u529b\uff0c\u800c\u4e14\u6211\u4e5f\u597d\u60f3\u8981\u5695\u5695\u9019\u6a23\u9ecf\u4eba\u7684\u8c93\u8c93\u554a"
        },
        {
            "reply_id": "Ugy0JKnjb8qfYsLnxd94AaABAg",
            "reply_content": "\u5695\u5695\u6108\u4f86\u6108\u50cf\u5c0f\u8c93\u597d\u53ef\u611b"
        }
    ]
}