{
    "video_info": {
        "id": "IlU76ZYySOE",
        "channelTitle": "\u9ec3\u963f\u746a\u7684\u5f8c\u5bae\u751f\u6d3b",
        "title": "\u5f8c\u5bae\u767c\u751f\u4e86\u4e00\u4ef6\u602a\u4e8b\u22ef #shorts #ShortsTW #\u8056\u8a95\u7bc0",
        "description": "\u963f\u746a\uff1a\u300c\u8056\u8a95\u5feb\u6a02\uff01\u300d\n\n-\n\n\u8a02\u95b1\u6211\u5011\uff1ahttps://goo.gl/5L8xkV\n\u963f\u746a\u5b98\u7db2\uff1ahttps://www.fumeanstore.com\nFB\uff1a\u9ec3\u963f\u746a\u7684\u5f8c\u5bae\u751f\u6d3b\nIG\uff1afumeancat\n\n\u3010\u5408\u4f5c\u9080\u7d04/IP\u806f\u540d\u6388\u6b0a\u3011\nfumeanaction@gmail.com \uff08\u6b61\u8fce\u4f86\u4fe1\u6d3d\u8ac7\uff09\n\n\u3014\u7248\u6b0a\u6240\u6709\uff0c\u975e\u7d93\u8a31\u53ef\u52ff\u8f49\u8f09\u81f3\u4efb\u4f55\u5e73\u53f0\u3015\n\u3014\u9818\u990a\u4e0d\u68c4\u990a\u3015",
        "likeCount": "3392",
        "commentCount": "79",
        "viewCount": "57740"
    },
    "comments": [
        {
            "reply_id": "UgyQp-tVhxRSs3sddXV4AaABAg",
            "reply_content": "\u5f8c\u5bae\u8caa\u5403\u9b3c\u64d4\u7576"
        },
        {
            "reply_id": "UgyzPvIa3f-wCgH_Q8h4AaABAg",
            "reply_content": "\u963f\u746a\u597d\u53ef\u611b"
        },
        {
            "reply_id": "Ugx7TkY3weC_EePsnMp4AaABAg",
            "reply_content": "\u6211\u6709\u963f\u746a\u7684\u66f8\u672c"
        },
        {
            "reply_id": "Ugyy04XlG4bMUk4z7Dp4AaABAg",
            "reply_content": "\u8c6a\u53e3\u611b"
        },
        {
            "reply_id": "UgxvsW0JMC56ydHjBnB4AaABAg",
            "reply_content": "\u6e05\u9053\u592b\u963f\u746a\u5f88\u52e4\u596e"
        },
        {
            "reply_id": "Ugy8nCVmNyN-cmMjRwN4AaABAg",
            "reply_content": "\u963f\u746a\u5f8c\u5bae\u51ac\u81f3\u5feb\u6a02"
        },
        {
            "reply_id": "UgxkIn8Vk3Y6n1lj3mV4AaABAg",
            "reply_content": "\u8caa\u5403\u7684\u963f\u746a"
        },
        {
            "reply_id": "Ugy1E6uJr5Wk8FlX4fB4AaABAg",
            "reply_content": "\u67da\u5b50\u73fe\u5728\u9019\u9ebc\u80a5\u4e86"
        },
        {
            "reply_id": "UgyIx14yXgUPvNdiMRh4AaABAg",
            "reply_content": "\u6211\u795d\u5f8c\u5bae\u5011\u8056\u8a95\u7bc0\u5feb\u6a02"
        },
        {
            "reply_id": "UgxXNNKQMtMMqK751yN4AaABAg",
            "reply_content": "\u6211\u611b\u5695\u5695"
        },
        {
            "reply_id": "Ugz-HeHDtfx-U_VlgRV4AaABAg",
            "reply_content": "\u963f\u746a\u98a8\u66b4\u9032\u98df\u54c8\u54c8\u54c8"
        },
        {
            "reply_id": "Ugz-iLasQzbis-oUqXR4AaABAg",
            "reply_content": "\u679c\u7136\u5f8c\u5bae\u7684\u4e3b\u5b50\u5011\u5c0d\u5403\u7684\u975e\u5e38\u6709\u8208\u8da3"
        },
        {
            "reply_id": "Ugw93fUuDqjBLAE4gB54AaABAg",
            "reply_content": "\u54c8\u54c8\u54c8\u54c8\u54c8\u54c8\u54c8 \u653e\u5b8c\u4e00\u8f2a\u767c\u73fe\u98ef\u90fd\u88ab\u963f\u746a\u5403\u5149\u4e86"
        }
    ]
}