{
    "video_info": {
        "id": "j2EgFqun4K0",
        "channelTitle": "\u9ec3\u963f\u746a\u7684\u5f8c\u5bae\u751f\u6d3b",
        "title": "\u3010\u9ec3\u963f\u746a\u7684\u5f8c\u5bae\u751f\u6d3b\u3011\u4e09\u8173\u7684\u5947\u602a\u7656\u597d\uff01\u00a0#\u746a\u746a\u5c0f\u5287\u5834\u00a0EP.13",
        "description": "\u4e09\u8173\uff1a\u300c\u5fcd\u4e0d\u4f4f\u22ef\u22ef\u300d\n\u00d7 \u983b\u9053\u66f4\u65b0\u70ba\u9031\u4e94\u665a\u9593\u516d\u9ede\uff0c\u4e0d\u5b9a\u6642\u767c\u4f48\u5176\u5b83\u5f71\u7247\uff01\u00d7\n\u8a02\u95b1\u6211\u5011\uff1ahttps://goo.gl/5L8xkV\n\u963f\u746a\u5b98\u7db2\uff1ahttps://www.fumeanstore.com\n\n\u3010AI\u4e5f\u6709\u990a\u8c93\uff1fChatGPT\u6703\u8aaa\u8b0a\u4e86\uff01\u3011\u5fd7\u9298\u8207\u72f8\u8c93\n\u25b6 https://youtu.be/g-Yi_YN2K74\n\n-\n\n\u3010\u8fd1\u671f\u6d3b\u52d5\u3011\n\n\u3010\u871c\u746a\u9023\u7dda\uff5e\u6b61\u6a02\u540c\u840c\u6703 \u5f69\u7e6a\u5217\u8eca\u3011\n\u5373\u65e5\u8d77\u81f36/4\u65e5\u6b62\n\u871c\u746a\u9023\u7dda\u5f69\u7e6a\u5217\u8eca\u5c07\u4e0d\u5b9a\u671f\u884c\u99db\u65bc\u6377\u904b\u7d05\u7dda\u5594\uff01\n\n\u300e\u871c\u746a\u9023\u7dda\u300f\u9650\u91cf\u5468\u908a\u5546\u54c1\n\u53ef\u4ee5\u5728\u4ee5\u4e0b\u901a\u8def\u8cfc\u8cb7\uff1a\nR10 \u7f8e\u9e97\u5cf6\u7ad9\u5546\u54c1\u9928\nR16 \u5de6\u71df\u7ad9\u65c5\u904a\u8aee\u8a62\u8655\n\u5b98\u65b9\u76f4\u71df\u8ce3\u5834 https://shopee.tw/krtcshop\n\n-\n\n\u7b2c\u4e09\u672c\u5716\u6587\u6f2b\u756b\u300a\u8c93\u54aa\u8d85\u6709\u4e8b3-\u8c93\u8c93\u7f8e\u98df\u6551\u63f4\u8a08\u756b\u300b\n\u5728\u746a\u746a\u5546\u884c\u8cfc\u8cb7\u5c31\u8d08\u9001\u300c\u5f8c\u5bae\u842c\u7528\u8b49\u4ef6\u5e36\u300d\uff08\u96a8\u6a5f1\u6b3e\uff09\n\n\u3010\u6436\u8cfc\u5c08\u5340\u3011   \n\u53f0\u7063(\u746a\u746a\u5546\u884c)\uff1ahttps://lihi1.com/vzhq3/catyt2\n\u6e2f\u6fb3\u5730\u5340\uff1ahttps://reurl.cc/rZAq54\n\u99ac\u65b0\u5730\u5340\uff1ahttps://is.gd/Vs7aXI\n\u203b\u4ee5\u4e0a\u9023\u7d50\u7686\u6709\u9001\u3010\u5f8c\u5bae\u842c\u7528\u8b49\u4ef6\u5e36\u3011\uff08\u51683\u6b3e\uff0c\u96a8\u6a5f\u8d08\u9001\u4e59\u6b3e\uff0c\u9001\u5b8c\u70ba\u6b62\uff09\n\n-\n\n\u3010\u53f0\u5357-\u8da3\u6dd8\u6f2b\u65c5 X \u9ec3\u963f\u746a\u7684\u5f8c\u5bae\u751f\u6d3b\u3011\n\u5373\u65e5\u8d77\u81f36/30\u6b62\uff0c\u6bcf\u65e5\u9650\u91cf6\u9593\u300c\u963f\u746a\u4f86\u8da3\u6dd8\u300d\u4e3b\u984c\u623f\uff01\n\u5165\u4f4f\u963f\u746a\u4e3b\u984c\u623f\u5c31\u8d08\u9001\u300c\u4e3b\u984c\u623f\u79ae\u5305\u300d\u5594\uff01\n\u8a02\u623f\u7db2\u5740\uff1ahttps://reurl.cc/pZemRb\n\n-\n\n\u7b2c\u4e03\u672c\u5e74\u5ea6\u8457\u4f5c\u300a\u7b49\u6211\u56de\u5bb6\u7684\u4f60\u300b\n\u53f0\u7063\uff08\u746a\u746a\u5546\u884c\uff09\uff1ahttps://reurl.cc/Kxxa5n\n\uff08\u746a\u746a\u5546\u884c \u7368\u5bb6\u8d08\u9001\u300c\u5f8c\u5bae\u51fa\u904a\u8da3\u63d2\u756b\u660e\u4fe1\u7247\u4e00\u5f35\uff0c\u96a8\u6a5f\u51fa\u8ca8\u4e0d\u6311\u6b3e\u300d\u5176\u4ed6\u901a\u8def\u6c92\u6709\u8d08\u9001\u5594\uff5e\uff09\n\u99ac\u65b0\u5730\u5340\uff1ahttps://reurl.cc/bzzGvr\n\n-\n\n\u3010\u963f\u746a Line\u8cbc\u5716\uff06\u4e3b\u984c\u3011\n\u300a\u6700\u65b0\u4e0a\u67b6\u300bhttps://lihi3.cc/8ITQO/YT01\n\u300a\u66f4\u591a\u8cbc\u5716\u300bhttps://reurl.cc/4RY6L2\n\n\u3010\u963f\u746a\u5b98\u7db2-\u746a\u746a\u5546\u884c\u3011\n\u25b6 https://www.fumeanstore.com/\n\u300a\u6700\u65b0\u5546\u54c1\u300b\u9298\u5f0f\u7e6a\u6d63\u8178T\u3001HOYACASA\u806f\u540d\u5929\u7d72\u6dbc\u88ab\u3001\u842c\u7528\u4fdd\u6eab\u4fdd\u51b7\u888b\n\n---\n\n\u3010\u5408\u4f5c\u9080\u7d04/IP\u806f\u540d\u6388\u6b0a\u3011\nfumeanaction@gmail.com \uff08\u6b61\u8fce\u4f86\u4fe1\u6d3d\u8ac7\uff09\n\n\u3014\u7248\u6b0a\u6240\u6709\uff0c\u975e\u7d93\u8a31\u53ef\u52ff\u8f49\u8f09\u81f3\u4efb\u4f55\u5e73\u53f0\u3015\n\u3014\u9818\u990a\u4e0d\u68c4\u990a\u3015",
        "likeCount": "4010",
        "commentCount": "160",
        "viewCount": "80777"
    },
    "comments": [
        {
            "reply_id": "Ugztpx8ob8Ssba783Q94AaABAg",
            "reply_content": "\u6211\u5148\u53bb\u5fd9\u4e00\u4e0b"
        },
        {
            "reply_id": "UgzRZorm3x8L-9IT5V54AaABAg",
            "reply_content": "\u539f\u4f86\u4e09\u8173\u559c\u6b61\u586b\u6d1e\u963f"
        },
        {
            "reply_id": "UgwjcL2xVB10CHIkPb94AaABAg",
            "reply_content": "\u4e09\u8173\u662f\u70ba\u4e86\u6fc0\u767c\u72f8\u8c93\u7684\u814e\u4e0a\u817a\u7d20\n\u624d\u4e0d\u9867\u81ea\u8eab\u5b89\u5371\u8eba\u5728\u72f8\u8c93\u4e0b\u9762\u7684\n\u771f\u662f\u8cbc\u5fc3\u53c8\u6027\u611f\u53ef\u611b\u7684\u8c93\u8c93"
        },
        {
            "reply_id": "UgxobZ8mOx_FgqCFgjd4AaABAg",
            "reply_content": "\u539f\u6765\u4e0d\u662f\u53ea\u6709\u6211\u7684\u732b\u4f1a\u8fd9\u6837"
        },
        {
            "reply_id": "UgxK5dhGPDB-hpQdPQp4AaABAg",
            "reply_content": "\u6211\u5c0d\u4e09\u8173\u4e5f\u6c92\u6709\u62b5\u6297\u529b"
        },
        {
            "reply_id": "Ugx4RguTyW2_tvs7mWV4AaABAg",
            "reply_content": "\u9019\u500b\u6f2b\u756b\u4e5f\u6709"
        },
        {
            "reply_id": "UgwAIQvZ2HdGMvzIo214AaABAg",
            "reply_content": "\u4e09\u8173\u662f\u5065\u8eab\u5c0f\u52a9\u624b"
        },
        {
            "reply_id": "UgwAgvmbUpW5BIOTtqR4AaABAg",
            "reply_content": "\u4e45\u9055\u7684\u5c0f\u5287\u5834"
        },
        {
            "reply_id": "UgyG5MY0Hhc4B5C6QTt4AaABAg",
            "reply_content": "\u597d\u4e45\u6c92\u51fa\u9019\u500b\u7cfb\u5217\u4e86"
        },
        {
            "reply_id": "UgzM1W_hyVlVWUYWqd14AaABAg",
            "reply_content": "\u975e\u5e38\u597d"
        },
        {
            "reply_id": "Ugwo_HcHJZOrqLm_r714AaABAg",
            "reply_content": "\u4e09\u8173\u7684\u914d\u97f3\u597d\u53ef\u611b\u5594"
        },
        {
            "reply_id": "UgxYUsLyxalEsSgOnrV4AaABAg",
            "reply_content": "\u53c8\u662f\u8b93\u4eba\u8aa4\u6703\u7684\u5f71\u7247"
        },
        {
            "reply_id": "UgxqyG47K5rK33ea07F4AaABAg",
            "reply_content": "\u5a18\u5a18\u947d\u6d1e"
        },
        {
            "reply_id": "UgzWzF2Xjje-nP8sDI94AaABAg",
            "reply_content": "\u6211\u53ea\u6015\u72f8\u8c93\u6703\u56e0\u70ba\u4e09\u8173\u5728\u5e95\u4e0b\u800c\u7576\u4f5c\u6795\u982d\u7761\u8457"
        },
        {
            "reply_id": "UgzfX5pGgX9aq6_S0Lt4AaABAg",
            "reply_content": "\u6211\u9084\u4ee5\u70ba\u6703\u8df3\u5230\u72f8\u8c93\u88ab\u4e0a"
        },
        {
            "reply_id": "UgwfgflsKZnePMJ9iv54AaABAg",
            "reply_content": "\u4e09\u8173\u660e\u660e\u662f\u70ba\u4e86\u9f13\u52f5\u72f8\u8c93\u591a\u6490\u4e00\u6703\uff08\u5f37\u884c\u5408\u7406"
        },
        {
            "reply_id": "UgxX8rkHWHgKzZt3j614AaABAg",
            "reply_content": "\u5c0f\u5287\u5834\u4e45\u9055\u4e86"
        }
    ]
}