{
    "video_info": {
        "id": "JtYEWpPMbJo",
        "channelTitle": "\u9ec3\u963f\u746a\u7684\u5f8c\u5bae\u751f\u6d3b",
        "title": "\u8c93\u54aa\u7528\u982d\u76ae\u6309\u6469\u5668\u7684\u53cd\u61c9",
        "description": "",
        "likeCount": "8620",
        "commentCount": "65",
        "viewCount": "225190"
    },
    "comments": [
        {
            "reply_id": "UgynzjQnbXbpt0vHwrd4AaABAg",
            "reply_content": "\u60c5\u8da3\u7528\u54c1\u517c\u8c93\u8c93\u73a9\u5177"
        },
        {
            "reply_id": "UgyX7fhl-uO_JizTZhd4AaABAg",
            "reply_content": "\u90a3\u5982\u679c\u7528\u4f86\u6309\u6469\u5c41\u5c41\u5462"
        },
        {
            "reply_id": "UgzcWVyqXp3KI66nwNl4AaABAg",
            "reply_content": "\u9019\u7a2e\u6545\u4e8b\u7576\u5c0f\u8aaa\u770b\u597d\u770b\uff0c\u73fe\u5be6\u767c\u751f\u5c31\u5f88\u6050\u6016\u4e86"
        },
        {
            "reply_id": "UgzRzCY_cBIHBSOkF5d4AaABAg",
            "reply_content": "\u6309\u6469\u662f\u8212\u670d\u4e0d\u662f\u4e0d\u597d\u90a3\u4e00\u96bb\u8c93\u4e0d\u61c2\u4eab\u53d7\u8457"
        },
        {
            "reply_id": "UgxVylHbQNOHt8kZlqZ4AaABAg",
            "reply_content": "\u9010\u6e10\u7761\u7740"
        },
        {
            "reply_id": "UgwuvLDT8Tgh76DtqrR4AaABAg",
            "reply_content": "\u554a\u55ce\u597d\u53ef\u611b"
        },
        {
            "reply_id": "Ugz1N0y3Ix3jmaU1wz14AaABAg",
            "reply_content": "\u53ef\u611b\u7684\u963f\u746a"
        },
        {
            "reply_id": "Ugye1i1rt3gF1EdgnZV4AaABAg",
            "reply_content": "\u963f\u746a\u4ee3\u8a00\u54c1\u8cea\u4fdd\u8b49"
        },
        {
            "reply_id": "UgyqbHfRUAD4CQdd_Y14AaABAg",
            "reply_content": "\u963f\u746a\u5f88\u61c2\u4eab\u53d7"
        },
        {
            "reply_id": "UgyoOmHv9IW3KZXYYax4AaABAg",
            "reply_content": "\u771f\u4e0d\u6127\u662f\u7687\u4e0a"
        },
        {
            "reply_id": "UgxS6-Qxi5h9Q4x2ril4AaABAg",
            "reply_content": "\u9019\u500b\u6309\u6469\u5668\u597d\u50cf\u6c34\u87f2\u718a"
        },
        {
            "reply_id": "Ugx856mkjOsrTJKwQw94AaABAg",
            "reply_content": "\u53ea\u56e0\u4f60\u592a\u7f8e"
        }
    ]
}