{
    "video_info": {
        "id": "KEbs3UWPXAE",
        "channelTitle": "\u9ec3\u963f\u746a\u7684\u5f8c\u5bae\u751f\u6d3b",
        "title": "\u5c0f\u82b1\uff1a\u300c\u611b\u4e0a\u6e23\u7537\u7684\u4e0b\u5834\u3002\u300d",
        "description": "",
        "likeCount": "11179",
        "commentCount": "78",
        "viewCount": "267652"
    },
    "comments": [
        {
            "reply_id": "Ugz9Mk0b8MH0Y8aivqN4AaABAg",
            "reply_content": "\u597d\u53ef\u611b"
        },
        {
            "reply_id": "UgzCasHYdofjUJHkXkV4AaABAg",
            "reply_content": "\u5c0f\u82b1\u5feb\u5931\u6200\u4e86"
        },
        {
            "reply_id": "UgyZwWPjlLLtVuT0NRR4AaABAg",
            "reply_content": "\u597d\u53fb\u5c0f\u82b1"
        },
        {
            "reply_id": "UgwRXvxacUZq2Rocm514AaABAg",
            "reply_content": "\u67da\u5b50\u525b\u4e0a\u5b8c\u5ec1\u6240\u5f88\u55e8\u5427\u54c8\u54c8"
        },
        {
            "reply_id": "UgwS1TilIv3blTi1SLx4AaABAg",
            "reply_content": "\u8c93\u754c\u76f4\u7537\u67da\u5b50"
        },
        {
            "reply_id": "UgyATbVMlqtbTEKOHnV4AaABAg",
            "reply_content": "\u6f02\u4eae\u7684\u4e09\u82b1"
        },
        {
            "reply_id": "Ugx5z-gXjMirEDcELaF4AaABAg",
            "reply_content": "\u5c0f\u82b1\u5f88\u806a\u660e"
        },
        {
            "reply_id": "UgyyrHVpyAQlcYHBjDR4AaABAg",
            "reply_content": "\u54c8\u54c8\u54c8\u54c8\u54c8"
        },
        {
            "reply_id": "UgxsWJcd2ma936LGr1Z4AaABAg",
            "reply_content": "\u60f3\u8d77\u7576\u5e74\u7684\u963f\u746a\u548c\u62db\u5f1f"
        },
        {
            "reply_id": "UgxCGP6c8ElsBUM5_Ft4AaABAg",
            "reply_content": "\u5c0f\u82b1\u8b8a\u7626\u4e86"
        },
        {
            "reply_id": "Ugx5iL7D8glQRC1rvQ94AaABAg",
            "reply_content": "\u662f\u4e0d\u662f\u4e4b\u524d\u6d63\u8178\u4e5f\u7d93\u6b77\u904e"
        },
        {
            "reply_id": "Ugzh5_KhQ5gPAoju2et4AaABAg",
            "reply_content": "\u5c0f\u82b1\u770b\u4e0d\u5230\u67da\u5b50\u7684\u7126\u616e\u75c7"
        }
    ]
}