{
    "video_info": {
        "id": "kPF47GnwhDk",
        "channelTitle": "\u9ec3\u963f\u746a\u7684\u5f8c\u5bae\u751f\u6d3b",
        "title": "\u98b1\u98a8\u5929\u8c93\u54aa\u90fd\u5728\u5e79\u561b\uff1f\u7dca\u5f35\u7dca\u5f35\u22ef",
        "description": "",
        "likeCount": "9144",
        "commentCount": "85",
        "viewCount": "188190"
    },
    "comments": [
        {
            "reply_id": "Ugz144VzT2EfCO863St4AaABAg",
            "reply_content": "\u8178\u8178\u597d\u53ef\u611b"
        },
        {
            "reply_id": "Ugyf8vXWSJI_txK8zIJ4AaABAg",
            "reply_content": "\u8c93\u8c93\u7cbe\u795e\u90fd\u5f88\u597d"
        },
        {
            "reply_id": "UgxOXVjt4dca5FKpV_V4AaABAg",
            "reply_content": "\u62db\u5f1f\u597d\u53ef\u611b\u554a"
        },
        {
            "reply_id": "UgyY5LgZAc4HUbguz8N4AaABAg",
            "reply_content": "\u62db\u5f1f\u679c\u7136\u8d85\u53ef\u611b\u7684"
        },
        {
            "reply_id": "UgyikIJU8VxG1u776ot4AaABAg",
            "reply_content": "\u62db\u5f1f\u6307\u7532\u9577\u9577\u7684"
        },
        {
            "reply_id": "Ugw_HBVpqMj6CAZwB3B4AaABAg",
            "reply_content": "\u672c\u4f86\u53ef\u4ee5\u51fa\u53bb\u73a9\u7d50\u679c\u98b1\u98a8\u5929"
        },
        {
            "reply_id": "Ugzu3tmsCPLYt2j1DNR4AaABAg",
            "reply_content": "\u6307\u7532\u8981\u526a\u4e86"
        },
        {
            "reply_id": "Ugzb9GK5Fph0gfye0Wl4AaABAg",
            "reply_content": "\u4e0d\u6127\u662f\u6b77\u7d93\u5927\u98a8\u5927\u6d6a\u7684\u4e09\u8173\u5a18\u5a18"
        },
        {
            "reply_id": "Ugxy_i6HMhWI96-qFaR4AaABAg",
            "reply_content": "\u5927\u5bb6\u90fd\u5e73\u5b89\u771f\u662f\u592a\u597d\u4e86 \u4e0d\u904e\u62db\u5f1f\u5a18\u5a18\u6307\u7532\u592a\u9577\u4e86\u5594"
        },
        {
            "reply_id": "UgzH__L7ls4LNDGmYBB4AaABAg",
            "reply_content": "\u62db\u5f1f\u7684\u6307\u7532\u8981\u6e1b\u56c9"
        },
        {
            "reply_id": "UgwjiOteacK5_3Z8-u14AaABAg",
            "reply_content": "\u9ad8\u96c4\u7684\u98a8\u4e5f\u5f88\u5927"
        },
        {
            "reply_id": "Ugy6LJAukZjimI2aLrd4AaABAg",
            "reply_content": "\u98b1\u98a8\u5929\u7684\u8c93\u5927\u90e8\u5206\u90fd\u7761\u4e0d\u8457"
        },
        {
            "reply_id": "UgxEKLECZb9IbTwIlnd4AaABAg",
            "reply_content": "\u62db\u5f1f\u597d\u50cf\u8b8a\u80d6\u4e86"
        },
        {
            "reply_id": "Ugxm1xDExDCSyPjGmnZ4AaABAg",
            "reply_content": "\u6211\u5bb6\u8c93\u5c0d\u65bc\u72c2\u98a8\u66b4\u96e8\u7570\u5e38\u8208\u596e\uff0c\u4e00\u76f4\u8981\u958b\u7a97\u6236\u770b\u98a8\u666f"
        },
        {
            "reply_id": "UgwUxVoqVBJc_pJt-uZ4AaABAg",
            "reply_content": "\u4e09\u8173\u4f9d\u7136\u7761\u6b7b"
        },
        {
            "reply_id": "UgwSq-iMi84H9dgRcJR4AaABAg",
            "reply_content": "\u5e0c\u671b\u53f0\u7063\u5187\u5481\u5927\u98a8\u5566\u5176\u5be6\u6211\u60f3\u77e5\u9053\u9ece\u6211\u5730\u9999\u6e2f\u9ece\u6700\u9ad8\u5cf0\u7403\u978b10\u865f\u98a8\u7403\u77e58\u865f\u98a8\u7403\u53f0\u7063\u6700\u5927\u98a8\u6211\u5011\u597d\u4f3c\u6211\u597d\u60f3\u77e5\u9053\u558e\u5514\u8a72\u54c2\u4f60\u5440\u54e9\u500b\u554f\u984c\u5440"
        },
        {
            "reply_id": "UgyApEw2jY8IaO5nA7Z4AaABAg",
            "reply_content": "\u8fd9\u4e2a\u89d2\u5ea6\u7684\u5c0f\u82b1\u5f88\u53ef\u7231"
        },
        {
            "reply_id": "UgzslFBdi2Vm8xUp7OJ4AaABAg",
            "reply_content": "\u4f46\u9084\u662f\u5f88\u53ef\u611b"
        },
        {
            "reply_id": "UgzvAPlYXDu0jgsiTlV4AaABAg",
            "reply_content": "\u55e8\u55e8"
        }
    ]
}