{
    "video_info": {
        "id": "mfJ84-IiEu8",
        "channelTitle": "\u9ec3\u963f\u746a\u7684\u5f8c\u5bae\u751f\u6d3b",
        "title": "\u3010\u9ec3\u963f\u746a\u7684\u5f8c\u5bae\u751f\u6d3b\u3011\u963f\u746a\u6688\u8eca\u4e86\uff01\u770b\u91ab\u751f\u8d85\u7d1a\u8f9b\u82e6\u22ef",
        "description": "\u963f\u746a\uff1a\u300c\u597d\u7d2f\u22ef\u300d\n\u00d7 \u983b\u9053\u66f4\u65b0\u70ba\u9031\u4e94\u665a\u9593\u516d\u9ede\uff0c\u4e0d\u5b9a\u6642\u767c\u4f48\u5176\u5b83\u5f71\u7247\uff01\u00d7\n\u8a02\u95b1\u6211\u5011\uff1ahttps://goo.gl/5L8xkV\n\u963f\u746a\u5b98\u7db2\uff1ahttps://www.fumeanstore.com\n\n\u8c93\u7528\u54c1\u958b\u7bb1\u3010\u96a8\u6a5f\u8cb7\u8c93\u54aa\u73a9\u5177\uff01\u760b\u72c2\u9707\u52d5\u87f2\u597d\u55e8\u54e6\uff01\u3011\n\u25b6 https://youtu.be/LW4aZvvlFHE\n\n-\n\n\u3010\u8fd1\u671f\u6d3b\u52d5\u3011\n\n\u7b2c\u4e09\u672c\u5716\u6587\u6f2b\u756b\u300a\u8c93\u54aa\u8d85\u6709\u4e8b3-\u8c93\u8c93\u7f8e\u98df\u6551\u63f4\u8a08\u756b\u300b\n\u5728\u746a\u746a\u5546\u884c\u8cfc\u8cb7\u5c31\u8d08\u9001\u300c\u5f8c\u5bae\u842c\u7528\u8b49\u4ef6\u5e36\u300d\uff08\u96a8\u6a5f1\u6b3e\uff09\n\n\u3010\u6436\u8cfc\u5c08\u5340\u3011   \n\u53f0\u7063(\u746a\u746a\u5546\u884c)\uff1ahttps://lihi1.com/vzhq3/catyt2\n\u6e2f\u6fb3\u5730\u5340\uff1ahttps://reurl.cc/rZAq54\n\u99ac\u65b0\u5730\u5340\uff1ahttps://is.gd/Vs7aXI\n\u203b\u4ee5\u4e0a\u9023\u7d50\u7686\u6709\u9001\u3010\u5f8c\u5bae\u842c\u7528\u8b49\u4ef6\u5e36\u3011\uff08\u51683\u6b3e\uff0c\u96a8\u6a5f\u8d08\u9001\u4e59\u6b3e\uff0c\u9001\u5b8c\u70ba\u6b62\uff09\n\n-\n\n\u30107-ELEVEN \u9ec3\u963f\u746a\u4e3b\u984c\u5e97\u3011\n\u4e3b\u984c\u5e97\u958b\u5e55\u5566\uff5e\n\u8cb7\u5496\u5561\u5c31\u53ef\u4ee5\u7372\u5f97\u672c\u5e97\u9650\u5b9a\u7684\u963f\u746aCITY CAFE\u676f\uff01\n\u5e97\u5167\u9084\u6709\u5f88\u591a\u6771\u897f\u53ef\u4ee5\u62cd\u7167\uff0c\u6b61\u8fce\u4f86\u901b\u901b\uff5e\n\u5730\u5740\uff1a7-ELEVEN\u6566\u4fe1\u9580\u5e02(\u53f0\u5317\u5e02\u5927\u5b89\u5340\u4ec1\u611b\u8def\u56db\u6bb5122\u5df750\u865f1\u6a13)\n\n-\n\n\u3010\u53f0\u5357-\u8da3\u6dd8\u6f2b\u65c5 X \u9ec3\u963f\u746a\u7684\u5f8c\u5bae\u751f\u6d3b\u3011\n\u5373\u65e5\u8d77\u81f36/30\u6b62\uff0c\u6bcf\u65e5\u9650\u91cf6\u9593\u300c\u963f\u746a\u4f86\u8da3\u6dd8\u300d\u4e3b\u984c\u623f\uff01\n\u5165\u4f4f\u963f\u746a\u4e3b\u984c\u623f\u5c31\u8d08\u9001\u300c\u4e3b\u984c\u623f\u79ae\u5305\u300d\u5594\uff01\n\u8a02\u623f\u7db2\u5740\uff1ahttps://reurl.cc/pZemRb\n\n-\n\n\u7b2c\u4e03\u672c\u5e74\u5ea6\u8457\u4f5c\u300a\u7b49\u6211\u56de\u5bb6\u7684\u4f60\u300b\n\u53f0\u7063\uff08\u746a\u746a\u5546\u884c\uff09\uff1ahttps://reurl.cc/Kxxa5n\n\uff08\u746a\u746a\u5546\u884c \u7368\u5bb6\u8d08\u9001\u300c\u5f8c\u5bae\u51fa\u904a\u8da3\u63d2\u756b\u660e\u4fe1\u7247\u4e00\u5f35\uff0c\u96a8\u6a5f\u51fa\u8ca8\u4e0d\u6311\u6b3e\u300d\u5176\u4ed6\u901a\u8def\u6c92\u6709\u8d08\u9001\u5594\uff5e\uff09\n\u99ac\u65b0\u5730\u5340\uff1ahttps://reurl.cc/bzzGvr\n\n-\n\n\u3010\u963f\u746a Line\u8cbc\u5716\uff06\u4e3b\u984c\u3011\n\u300a\u6700\u65b0\u4e0a\u67b6\u300bhttps://lihi3.cc/8ITQO/YT01\n\u300a\u66f4\u591a\u8cbc\u5716\u300bhttps://reurl.cc/4RY6L2\n\n\u3010\u963f\u746a\u5b98\u7db2-\u746a\u746a\u5546\u884c\u3011\n\u25b6 https://www.fumeanstore.com/\n\u300a\u6700\u65b0\u5546\u54c1\u300b\u9298\u5f0f\u7e6a\u6d63\u8178T\u3001HOYACASA\u806f\u540d\u5929\u7d72\u6dbc\u88ab\u3001\u842c\u7528\u4fdd\u6eab\u4fdd\u51b7\u888b\n\n---\n\n\u3010\u5408\u4f5c\u9080\u7d04/IP\u806f\u540d\u6388\u6b0a\u3011\nfumeanaction@gmail.com \uff08\u6b61\u8fce\u4f86\u4fe1\u6d3d\u8ac7\uff09\n\n\u3014\u7248\u6b0a\u6240\u6709\uff0c\u975e\u7d93\u8a31\u53ef\u52ff\u8f49\u8f09\u81f3\u4efb\u4f55\u5e73\u53f0\u3015\n\u3014\u9818\u990a\u4e0d\u68c4\u990a\u3015",
        "likeCount": "6464",
        "commentCount": "310",
        "viewCount": "217840"
    },
    "comments": [
        {
            "reply_id": "Ugwp26R5sHZih3yzJvB4AaABAg",
            "reply_content": "\u4e0b\u6b21\u5f9e\u8eca\u9053\u51fa\u4f86\u518d\u4e0a\u8eca\u5427"
        },
        {
            "reply_id": "UgyfSxzh3BYuSu7H7Ut4AaABAg",
            "reply_content": "\u9858\u5169\u500b\u5065\u5065\u5eb7\u5eb7"
        },
        {
            "reply_id": "UgxxS9m8_oUkUBRSW5d4AaABAg",
            "reply_content": "\u5e0c\u671b\u8c93\u54aa\u5011\u5065\u5eb7"
        },
        {
            "reply_id": "UgyTvoXyvUxI6Y49YHx4AaABAg",
            "reply_content": "\u597d\u5fc3\u75bc"
        },
        {
            "reply_id": "UgwinQYQO6A-d9vcS2N4AaABAg",
            "reply_content": "\u8173\u59b9\u6700\u68d2"
        },
        {
            "reply_id": "UgzAzU-D6h2IDnAb9h14AaABAg",
            "reply_content": "\u795d\u798f\u5f8c\u5bae\u8c93\u54aa\u5e73\u5b89\u5065\u5eb7"
        },
        {
            "reply_id": "UgwYy4J_QB3MJdUORGV4AaABAg",
            "reply_content": "\u5e0c\u671b\u5f8c\u5bae\u5011\u90fd\u5e73\u5e73\u5b89\u5b89\u7684\uff0c\u770b\u4ed6\u5011\u4e0d\u8212\u670d\u597d\u5fc3\u75bc"
        },
        {
            "reply_id": "UgwuLyaCX4Zq6QtC5r54AaABAg",
            "reply_content": "\u72f8\u8c93\u5c0d\u963f\u746a\u771f\u7684\u662f\u771f\u611b\u5427\u53c8\u62c9\u53c8\u5410\u5728\u72f8\u8c93\u7684\u65b0\u8eca\u72f8\u8c93\u4e00\u7d72\u4e0d\u723d\u90fd\u6c92\u6709"
        },
        {
            "reply_id": "Ugz-Xw2ovbkCqO25phl4AaABAg",
            "reply_content": "\u6709\u8a66\u8a66\u76f4\u63a5\u5f9e\u4e00\u6a13\u5927\u9580\u4e0a\u8eca\u55ce\uff1f\u4e0d\u8981\u7d93\u904e\u90a3\u500b\u8f49\u8f49\u8f49\u7684\u8eca\u9053"
        },
        {
            "reply_id": "Ugwtquf4BjjCecd1n0l4AaABAg",
            "reply_content": "\u72f8\u8c93\u5f88\u5e38\u5e6b\u8c93\u8f15\u773c\u5c4e\u6b38"
        },
        {
            "reply_id": "UgwoGfiniSjf4NMvrqV4AaABAg",
            "reply_content": "\u4e0b\u6b21\u51fa\u9580\u61c9\u8a72\u591a\u6e96\u5099\u4e00\u500b\u5916\u51fa\u7c60"
        },
        {
            "reply_id": "UgzGXz7dbmviknNpYM14AaABAg",
            "reply_content": "\u597d\u5fc3\u75bc\u963f\u746a"
        },
        {
            "reply_id": "UgyHKtp8xWPlyurMe-d4AaABAg",
            "reply_content": "\u9858\u9ec3\u963f\u746a\u965b\u4e0b\u8ddf\u5f8c\u5bae\u5718\u968a\u90fd\u5e73\u5b89\u5065\u5eb7"
        },
        {
            "reply_id": "Ugxnif6s7kBN7ONhWwl4AaABAg",
            "reply_content": "\u5efa\u8b70\u5728\u5e36\u732b\u51fa\u9580\u524d\u670d\u7528\u653e\u9b06\u85e5\u7269\u53ef\u4ee5\u8b93\u732b\u6bd4\u8f03\u8212\u670d,\u53ef\u4ee5\u554f\u554f\u91ab\u751f"
        },
        {
            "reply_id": "UgzewDJKpE-bNrWd-mN4AaABAg",
            "reply_content": "\u53ef\u4ee5\u8cb7\u5c3f\u5e03\u588a\u653e\u5728\u5916\u51fa\u5305"
        },
        {
            "reply_id": "Ugxk_5-XTpm09zKbfrN4AaABAg",
            "reply_content": "\u770b\u4e00\u6b21\u91ab\u751f\u53c8\u662f\u597d\u5e7e\u5f35\u5c0f\u670b\u53cb\u5674\u8d70\uff0c\u990a\u5bf5\u7269\u4e0d\u5bb9\u6613\u554a"
        },
        {
            "reply_id": "UgyrgWXRtQvisM4SDbZ4AaABAg",
            "reply_content": "\u5fd7\u9298\u8ddf\u72f8\u8c93\u5011\u8f9b\u82e6\u4e86"
        },
        {
            "reply_id": "UgyLbOjw5u5u_QvHPKZ4AaABAg",
            "reply_content": "\u4e09\u8173\u597d\u4e56\u963f\u746a\u4e00\u76f4\u53eb\u5435\u6b7b\u4e86\u4e09\u8173\u597d\u4e56\u4e56\u4e56\u770b\u91ab\u751f"
        },
        {
            "reply_id": "UgxYICo_TchA3Tc5dLt4AaABAg",
            "reply_content": "\u771f\u7684\u8001\u8c93\u4e86\u4e0d~\u963f\u746a\u6c38\u9060\u5f88\u5e74\u8f15\u8eab\u9ad4\u8981\u4e00\u76f4\u5f88\u5065\u5eb7"
        },
        {
            "reply_id": "UgyJ951hh7vMx5omUa54AaABAg",
            "reply_content": "\u9ec3\u963f\u746a\u53c8\u8981\u6d17\u6fa1\u4e86"
        },
        {
            "reply_id": "UgykmV3rOlyYzZZuaGN4AaABAg",
            "reply_content": "\u4e0b\u6b21\u51fa\u9580~\u662f\u4e0d\u662f\u963f\u746a\u5728\u4e00\u6a13\u7b49\u8eca\u4e0a\u4f86\u518d\u4e0a\u8eca"
        },
        {
            "reply_id": "UgwIymJhrwKX15DytWZ4AaABAg",
            "reply_content": "\u4e0b\u6b21\u8b93\u963f\u746a\u5728\u4e00\u6a13\u624d\u4e0a\u8eca\uff0c\u907f\u8fc7\u5730\u4e0b\u5ba4\u7684\u7e5e\u5708\u8def"
        },
        {
            "reply_id": "Ugz9e3HawSkKYdRBotx4AaABAg",
            "reply_content": "\u5976\u6cb9\u8d77\u53f8\u86cb\u7cd5"
        },
        {
            "reply_id": "UgzM9L3zkqatFw2XTzp4AaABAg",
            "reply_content": "\u963f\u746a\u597d\u53ef\u6190\ud83d\ude22\u4e0b\u6b21\u5f9e\u505c\u8eca\u5834\u958b\u51fa\u4f86\u518d\u8b93\u8c93\u4e0a\u8eca\u5427"
        },
        {
            "reply_id": "UgzKB_aaPbi0XVn582d4AaABAg",
            "reply_content": "\u597d\u50cf\u9810\u77e5\u963f\u746a\u53c8\u8981\u6d17\u6fa1\u56c9"
        }
    ]
}