{
    "video_info": {
        "id": "nXC0S6GwlUs",
        "channelTitle": "\u9ec3\u963f\u746a\u7684\u5f8c\u5bae\u751f\u6d3b",
        "title": "\u963f\u746a\u7a81\u7136\u8dd1\u9032\u62db\u5f1f\u623f\u9593\uff0c\u5230\u8655\u627e\u6771\u897f\u5403",
        "description": "\u8a02\u95b1\uff1ahttps://goo.gl/5L8xkV\nIG\uff1afumeancat\nhttps://www.fumeanstore.com\nfumeanaction@gmail.com",
        "likeCount": "3221",
        "commentCount": "141",
        "viewCount": "65366"
    },
    "comments": [
        {
            "reply_id": "UgzHt4OyHiJ455aIv1p4AaABAg",
            "reply_content": "\u8981\u5c0d\u7260\u767e\u4f9d\u767e\u9806"
        },
        {
            "reply_id": "UgytpzR-dVAY25itRKd4AaABAg",
            "reply_content": "\u963f\u746a\u5c11\u8001\u5927\u5927\u5bb6\u8981\u807d\u7260\u7684"
        },
        {
            "reply_id": "UgwDBqs6ZJfKuSLNqKl4AaABAg",
            "reply_content": "\u9019\u7a2e\u751f\u6d3b\u77ed\u7247\u5f88\u6eab\u99a8"
        },
        {
            "reply_id": "Ugy5rvOSmsRAwnMDWoV4AaABAg",
            "reply_content": "\u963f\u746a\u62db\u5f1f\u597d\u53ef\u611b"
        },
        {
            "reply_id": "UgyNbmhq4qH2OFWDgWp4AaABAg",
            "reply_content": "\u4e45\u9055\u7684\u746a\u5f1f\u91cd\u9022"
        },
        {
            "reply_id": "Ugw0FOAA75feg04n5sZ4AaABAg",
            "reply_content": "\u963f\u746a\u597d\u53ef\u611b"
        },
        {
            "reply_id": "Ugx_THH352trND107OB4AaABAg",
            "reply_content": "\u4e09\u516b\u90a3\u6bb5\u5f88\u53ef\u611b"
        },
        {
            "reply_id": "UgxpkXJS4DEwDUnV4Bd4AaABAg",
            "reply_content": ""
        },
        {
            "reply_id": "UgzqA1Br2rq5txYwoH54AaABAg",
            "reply_content": "\u6211\u4ee5\u70ba\u7d19\u7bb1\u5fc5\u57ae"
        },
        {
            "reply_id": "UgzPz9WTkL2560GXWUR4AaABAg",
            "reply_content": "\u8fd1\u4f86\u5f71\u7247\u98a8\u683c\u6709\u9ede\u4e0d\u540c"
        },
        {
            "reply_id": "Ugwhs3SIKDMDR__Lx-F4AaABAg",
            "reply_content": "\u559c\u6b61\u65e5\u5e38"
        },
        {
            "reply_id": "Ugy1Yk_dRM6iaQZk4g14AaABAg",
            "reply_content": "\u96e3\u5f97\u963f\u746a\u6c92\u6709\u53eb"
        },
        {
            "reply_id": "UgwDcXhqcT1WsayrFWt4AaABAg",
            "reply_content": "\u746a\u746a\u592a\u53ef\u611b\u4e86"
        },
        {
            "reply_id": "UgxDWpGOrchrV0Lez294AaABAg",
            "reply_content": "\u963f\u746a\u901b\u5973\u751f\u5bbf\u820d"
        },
        {
            "reply_id": "UgyP0H39wX4bd-L5U1Z4AaABAg",
            "reply_content": "\u6700\u8fd1\u6bcf\u5929\u90fd\u53ef\u4ee5\u770b\u5230\u963f\u746a\u770b\u5230\u5f8c\u5bae\u7684\u751f\u6d3b\u597d\u958b\u5fc3\uff0c\u6bcf\u5929\u5de5\u4f5c\u58d3\u529b\u8d85\u5927\u56de\u5bb6\u770b\u5230\u5f71\u7247\u597d\u8212\u58d3\u5594\uff0c\u963f\u746a\u5bf6\u8c9d\u628a\u72f8\u8c93\u7576\u76e4\u5b50\uff0c\u76f4\u63a5\u5728\u72f8\u8c93\u8173\u4e0a\u5403\u6771\u897f\u597d\u53ef\u611b"
        },
        {
            "reply_id": "UgznjAg7_0aHNbALA2t4AaABAg",
            "reply_content": "\u597d\u611b\u9019\u7a2e\u6c89\u975c\u5f0f\u8c93\u8c93\u65e5\u5e38"
        },
        {
            "reply_id": "Ugx2KkkUtMv1qHKhGgZ4AaABAg",
            "reply_content": "\u62db\u5f1f\u9084\u597d"
        },
        {
            "reply_id": "UgzjQiaghHlM9lsff7N4AaABAg",
            "reply_content": "\u7b2c\u4e94"
        },
        {
            "reply_id": "Ugx7tTwm6MLtIHbk4yt4AaABAg",
            "reply_content": "\u53bb\u5f8c\u5bae\u5973\u751f\u5bbf\u820d\u7684\u963f\u746a\u7687\u4e0a"
        },
        {
            "reply_id": "UgwxiZUDiC50CSdyFAR4AaABAg",
            "reply_content": "\u7b2c\u56db"
        },
        {
            "reply_id": "UgzbOLaIbQgN0aiN6zB4AaABAg",
            "reply_content": "\u7b2c\u4e00"
        },
        {
            "reply_id": "UgwG0OaP8MZtCIUJFO14AaABAg",
            "reply_content": "\u76f8\u89aa\u76f8\u611b"
        }
    ]
}