{
    "video_info": {
        "id": "OPKxNaBaUaQ",
        "channelTitle": "\u9ec3\u963f\u746a\u7684\u5f8c\u5bae\u751f\u6d3b",
        "title": "\u7db2\u7f8e\u597d\u96e3\u7576\u22ef\u22ef  #shorts #ShortsTW",
        "description": "\u62db\u5f1f\uff1a\u300c\u7db2\u7f8e\u597d\u96e3\u7576\u22ef\u22ef\u300d\n\n-\n\n\u8a02\u95b1\u6211\u5011\uff1ahttps://goo.gl/5L8xkV\n\u963f\u746a\u5b98\u7db2\uff1ahttps://www.fumeanstore.com\nFB\uff1a\u9ec3\u963f\u746a\u7684\u5f8c\u5bae\u751f\u6d3b\nIG\uff1afumeancat\n\n\u3010\u5408\u4f5c\u9080\u7d04/IP\u806f\u540d\u6388\u6b0a\u3011\nfumeanaction@gmail.com \uff08\u6b61\u8fce\u4f86\u4fe1\u6d3d\u8ac7\uff09\n\n\u3014\u7248\u6b0a\u6240\u6709\uff0c\u975e\u7d93\u8a31\u53ef\u52ff\u8f49\u8f09\u81f3\u4efb\u4f55\u5e73\u53f0\u3015\n\u3014\u9818\u990a\u4e0d\u68c4\u990a\u3015",
        "likeCount": "5287",
        "commentCount": "57",
        "viewCount": "95620"
    },
    "comments": [
        {
            "reply_id": "Ugw2DHeMXHkGtGmaSTl4AaABAg",
            "reply_content": "\u7db2\u7f8e\u5c31\u662f\u73fe\u5be6\u7684\u53cd\u5dee\u624d\u8b8a\u7db2\u7f8e"
        },
        {
            "reply_id": "UgxtrLa-9uzquMuedgN4AaABAg",
            "reply_content": "\u6211\u611b\u62db\u5f1f"
        },
        {
            "reply_id": "UgydslOiOMuta2TNugl4AaABAg",
            "reply_content": "\u732b\u4e0d\u7ba1\u600e\u6837\u90fd\u53ef\u7231"
        },
        {
            "reply_id": "UgzCnvbXee43C9docbJ4AaABAg",
            "reply_content": "\u53ea\u662f\u77b3\u5b54\u8b8a\u5c0f\u4e86"
        },
        {
            "reply_id": "UgyaFmp9S7_WPI2nCNx4AaABAg",
            "reply_content": "\u81ea\u7136\u5c31\u662f\u840c"
        },
        {
            "reply_id": "UgxqfdeGKBwG6I-yjy54AaABAg",
            "reply_content": "\u81ea\u7136\u5c31\u662f\u7f8e"
        },
        {
            "reply_id": "Ugw-X8FzIFE_hA7hN0F4AaABAg",
            "reply_content": "\u9019\u6a23\u4e5f\u5f88\u53ef\u611b\u554a"
        },
        {
            "reply_id": "Ugwv_Q5y5V8NTw5OJS14AaABAg",
            "reply_content": "\u597d\u559c\u6b61\u62db\u5f1f\u9019\u6a23\u96a8\u6027\u7684\u6a23\u5b50\u53ef\u611b\u6975\u4e86"
        },
        {
            "reply_id": "UgxeeF2PGbSveMeaE8p4AaABAg",
            "reply_content": "\u597d\u53ef\u611b\u5594"
        },
        {
            "reply_id": "UgwcW4HiPduDuw5Cn0l4AaABAg",
            "reply_content": "\u8d85\u53ef\u611b"
        },
        {
            "reply_id": "UgzFriJue3L6bUum_yF4AaABAg",
            "reply_content": "\u600e\u9ebc\u53ef\u4ee5\u62ff\u9ebc\u53ef\u611b"
        },
        {
            "reply_id": "Ugza-vgypV1LGZtMUO14AaABAg",
            "reply_content": "\u90fd\u53ef\u611b"
        },
        {
            "reply_id": "UgwEFgHyZ7YQdZSFPL94AaABAg",
            "reply_content": "\u5927\u5b38"
        },
        {
            "reply_id": "UgxsgHj4faeRRvCVxa14AaABAg",
            "reply_content": "\u53ef\u611b\u62db\u5f1f"
        },
        {
            "reply_id": "UgzDnXLT4Gv1t_00cjJ4AaABAg",
            "reply_content": "\u53ea\u8981\u662f\u62db\u5f1f\u6211\u90fd\u89ba\u5f97\u53ef\u611b"
        }
    ]
}