{
    "video_info": {
        "id": "P5HKy_nlzVw",
        "channelTitle": "\u9ec3\u963f\u746a\u7684\u5f8c\u5bae\u751f\u6d3b",
        "title": "\u3010\u9ec3\u963f\u746a\u7684\u5f8c\u5bae\u751f\u6d3b\u3011Socles\u72c2\u5410\uff01\u9001\u91ab\u5065\u6aa2\u627e\u539f\u56e0\uff01",
        "description": "Soso\uff1a\u300c\u91ab\u9662\u88e1\u767c\u751f\u4e86\u597d\u591a\u4e8bQAQ\u300d\n\u00d7 \u983b\u9053\u66f4\u65b0\u70ba\u9031\u4e94\u665a\u9593\u516d\u9ede\uff0c\u4e0d\u5b9a\u6642\u767c\u4f48\u5176\u5b83\u5f71\u7247\uff01\u00d7\n\u8a02\u95b1\u6211\u5011\uff1ahttps://goo.gl/5L8xkV\n\u963f\u746a\u5b98\u7db2\uff1ahttps://www.fumeanstore.com\n\n\u3010\u5168\u9762\u5065\u5eb7\u6aa2\u67e5\uff01Socles\u7684\u75c5\u6cc1\u3011\u5fd7\u9298\u8207\u72f8\u8c93\n\u25b6https://youtu.be/MKMk66iyfYU\n-\n\n\u3010\u8fd1\u671f\u6d3b\u52d5\u3011\n\n\u7b2c\u4e8c\u672c\u5716\u6587\u6f2b\u756b\u66f8\u300a\u8c93\u54aa\u8d85\u6709\u4e8b2-\u5c0b\u627e\u7070\u80d6\u4e4b\u65c5\u300b\n\u53f0\u7063(\u746a\u746a\u5546\u884c)\uff1ahttps://reurl.cc/anqO0X\n\u6e2f\u6fb3\u5730\u5340\uff1ahttps://reurl.cc/MkWgQX\n\u99ac\u65b0\u5730\u5340\uff1ahttps://reurl.cc/r1k2ON\n\n\n\u7b2c\u4e03\u672c\u5e74\u5ea6\u8457\u4f5c\u300a\u7b49\u6211\u56de\u5bb6\u7684\u4f60\u300b\n\u53f0\u7063\uff08\u746a\u746a\u5546\u884c\uff09\uff1ahttps://reurl.cc/Kxxa5n\n\uff08\u746a\u746a\u5546\u884c \u7368\u5bb6\u8d08\u9001\u300c\u5f8c\u5bae\u51fa\u904a\u8da3\u63d2\u756b\u660e\u4fe1\u7247\u4e00\u5f35\uff0c\u96a8\u6a5f\u51fa\u8ca8\u4e0d\u6311\u6b3e\u300d\u5176\u4ed6\u901a\u8def\u6c92\u6709\u8d08\u9001\u5594\uff5e\uff09\n\u99ac\u65b0\u5730\u5340\uff1ahttps://reurl.cc/bzzGvr\n\n-\n\n\u3010\u963f\u746a Line\u8cbc\u5716\uff06\u4e3b\u984c\u3011\n\u300a\u6700\u65b0\u4e0a\u67b6\u300bhttps://line.me/S/sticker/27782\n\u300a\u66f4\u591a\u8cbc\u5716\u300bhttps://reurl.cc/4RY6L2\n\n\u3010\u963f\u746a\u5b98\u7db2-\u746a\u746a\u5546\u884c\u3011\n\u25b6 https://www.fumeanstore.com/\n\u300a\u6700\u65b0\u5546\u54c1\u300b\u65b0\u6b3e\u5305\u5305\u3001\u65b0\u6b3e\u73ea\u85fb\u571f\u5730\u588a\u3001Socles\u5de8\u5927\u9ebb\u7cec\n\n---\n\n\u3010\u5408\u4f5c\u9080\u7d04/IP\u806f\u540d\u6388\u6b0a\u3011\nfumeanaction@gmail.com \uff08\u6b61\u8fce\u4f86\u4fe1\u6d3d\u8ac7\uff09\n\n\u3014\u7248\u6b0a\u6240\u6709\uff0c\u975e\u7d93\u8a31\u53ef\u52ff\u8f49\u8f09\u81f3\u4efb\u4f55\u5e73\u53f0\u3015\n\u3014\u9818\u990a\u4e0d\u68c4\u990a\u3015",
        "likeCount": "9550",
        "commentCount": "261",
        "viewCount": "382729"
    },
    "comments": [
        {
            "reply_id": "UgzkFXvNWw1Y4ORiqmJ4AaABAg",
            "reply_content": "\u5065\u5eb7\u7b2c\u4e00"
        },
        {
            "reply_id": "Ugwor2es5DsUvWq2HAl4AaABAg",
            "reply_content": "\u4f60\u7684\u8c93\u8bf4\u4ed6\u60f3\u5403\u6771\u897f"
        },
        {
            "reply_id": "UgxDJOxRfvB4rffLzVh4AaABAg",
            "reply_content": "\u9019\u500b\u91ab\u751f\u8b1b\u8a71\u597d\u6eab\u67d4\u5594"
        },
        {
            "reply_id": "UgwyZVKswPVWWnrfekF4AaABAg",
            "reply_content": "\u8840\u5c3f\u662f\u8c93\u814e\u75c5\u5148\u5146 \u8c93\u5c31\u662f\u4e0d\u559c\u6b61\u559d\u6c34\u5e38\u898b\u7684\u75c5"
        },
        {
            "reply_id": "Ugz02qCwtl2hfwBDFSR4AaABAg",
            "reply_content": "\u4f60\u5011\u53ef\u4ee5\u9a57\u4e00\u4e0b\u7532\u72c0\u817a"
        },
        {
            "reply_id": "UgzpBq5_AUCgWmk27Dp4AaABAg",
            "reply_content": "\u795d\u8914\u5f8c\u5bae\u5011\u8eab\u9ad4\u5065\u5eb7"
        },
        {
            "reply_id": "UgwXSK4HQvHG8qvzIuh4AaABAg",
            "reply_content": "\u8a66\u5403\u52d5\u7269\u98df\u624d\u4f1a\u77e5\u9053\u597d\u4e0d\u597d\u5403"
        },
        {
            "reply_id": "UgzU-rAMDSEs7Rfee6R4AaABAg",
            "reply_content": "\u795d\u7260\u65e9\u65e5\u5eb7\u5fa9"
        },
        {
            "reply_id": "UgxAvpEO4QtcKmm6ghd4AaABAg",
            "reply_content": "\u8c93\u8349\u81ea\u7531"
        },
        {
            "reply_id": "UgxYQNR3Tm2gOd9o5vR4AaABAg",
            "reply_content": "\u597d\u4e56\u7684\u6a23\u5b50"
        },
        {
            "reply_id": "Ugz20V_OxhGRkE3dUYV4AaABAg",
            "reply_content": "\u6492\u5b0c\u5f97\u50cf\u662f\u4e00\u5718\u9ed1\u6bdb\u5dfe\u592a\u53ef\u611b\u4e86"
        },
        {
            "reply_id": "UgyW3HMuQGnaRLUauq54AaABAg",
            "reply_content": "\u795d\u5168\u5f8c\u5bae\u7684\u8c93\u90fd\u5065\u5eb7"
        },
        {
            "reply_id": "UgzvY6gLkXjr8ue7yBJ4AaABAg",
            "reply_content": "\u8eab\u9ad4\u5065\u5eb7\u6bd4\u5176\u4ed6\u90fd\u91cd\u8981\uff0c\u5f8c\u5bae\u7684\u5974\u624d\u5011\u90fd\u5f88\u76e1\u5fc3\u76e1\u529b"
        },
        {
            "reply_id": "Ugynl_kR4lHnyopMFul4AaABAg",
            "reply_content": "\u65e9\u9ede\u5eb7\u5fa9"
        },
        {
            "reply_id": "Ugy1Ji8vu_DHymlPXc94AaABAg",
            "reply_content": "\u9858\u5929\u4e0b\u6240\u6709\u6c6a\u6c6a\u55b5\u55b5\u52d5\u7269\u5011\u90fd\u5065\u5eb7\u5feb\u6a02"
        },
        {
            "reply_id": "UgzCjDqmkMDGDWvZGDt4AaABAg",
            "reply_content": "\u4e5f\u8bb0\u5f97\u591a\u966a\u4f34\u963f\u739b"
        },
        {
            "reply_id": "UgwW9HsGBdM2xuikCcZ4AaABAg",
            "reply_content": "\u597d\u88e1\u52a0\u5728"
        },
        {
            "reply_id": "Ugy2Uv9G8XKYvXy7D-d4AaABAg",
            "reply_content": "\u5e73\u5b89\u5c31\u597d"
        },
        {
            "reply_id": "UgxERR1vebfJCmd8KlF4AaABAg",
            "reply_content": "\u5e0c\u671b\u5f8c\u5bae\u4e00\u76f4\u90fd\u5065\u5065\u5eb7\u5eb7"
        },
        {
            "reply_id": "Ugx5yALMIKcMSM8J5514AaABAg",
            "reply_content": "\u6ca1\u4e8b\u5c31\u597d"
        },
        {
            "reply_id": "Ugx6z6RfPPOcGBaGkh94AaABAg",
            "reply_content": "\u65e9\u65e5\u5eb7\u5fa9"
        },
        {
            "reply_id": "UgwXVTFmQBolcxQm7E94AaABAg",
            "reply_content": "\u8c46\u6f3f\u8aaa\u6211\u4e5f\u60f3\u5750\u9019\u7a2e\u8eca\u8eca"
        },
        {
            "reply_id": "Ugyr3YFCnrSNH1JPF254AaABAg",
            "reply_content": "\u7121\u6cd5\u53cd\u6297\u53ea\u80fd\u5c48\u670d"
        },
        {
            "reply_id": "Ugz_iSMD81hQXdpKmI54AaABAg",
            "reply_content": "\u597d\u5687\u4eba\u54e6"
        },
        {
            "reply_id": "UgzooXj-PKIjDC5pAIJ4AaABAg",
            "reply_content": "\u65e9\u65e5\u5eb7\u5fa9"
        }
    ]
}