{
    "video_info": {
        "id": "PilcaQqK_pM",
        "channelTitle": "\u9ec3\u963f\u746a\u7684\u5f8c\u5bae\u751f\u6d3b",
        "title": "\u8c93\u770b\u5230\u5c0f\u7d19\u7bb1\u7684\u53cd\u61c9\uff1f",
        "description": "",
        "likeCount": "11425",
        "commentCount": "99",
        "viewCount": "316891"
    },
    "comments": [
        {
            "reply_id": "UgxTy_sw64UFO7RW7Ul4AaABAg",
            "reply_content": "\u746a\u746a\u7684\u7a7a\u9593\u6982\u5ff5\u5176\u5be6\u5f88\u5f37\n\u6d63\u8178\u771f\u7684\u61a8\u5e25\u61a8\u5e25"
        },
        {
            "reply_id": "UgxmV15ku6pQP4MFMvB4AaABAg",
            "reply_content": "\u8fa3\u500b\u809a\u809a"
        },
        {
            "reply_id": "UgwtSxMFSmapN0ltPvN4AaABAg",
            "reply_content": "\u6709\u4eb2\u621a\u5bb6\u7684\u732b\u4e5f\u662f\u8ddf\u963f\u739b\u5dee\u4e0d\u591a\u4f53\u578b\ud83d\ude02\u4e0d\u8fc7\u5b83\u7279\u522b\u559c\u6b22\u8fdb\u7bb1\u5b50\u91cc"
        },
        {
            "reply_id": "UgzyLLt6eaz0rcRqiwZ4AaABAg",
            "reply_content": "\u8c93\u5c0d\u7d19\u7bb1\u6c92\u62b5\u6297\u529b"
        },
        {
            "reply_id": "Ugyq6Sy_L8HG8xWy-Jx4AaABAg",
            "reply_content": "\u963f\u746a\u7626\u4e86"
        },
        {
            "reply_id": "Ugw5pjeP7ECOauOpokp4AaABAg",
            "reply_content": "\u8b93\u6211\u60f3\u8d77\u7d19\u7bb1\u7684\u80cc\u53db"
        },
        {
            "reply_id": "Ugz30pWMYbQ0EJAxr5x4AaABAg",
            "reply_content": "\u6478\u8c93\u7684\u90e8\u4f4d\u4f3c\u4e4e\u662f\u80ef\u4e0b"
        },
        {
            "reply_id": "Ugz1gxcUKjTZ09ygwfN4AaABAg",
            "reply_content": "\u559c\u6b61\u53ea\u6709\u8c93\u7684\u5f71\u7247"
        },
        {
            "reply_id": "UgyRZPT6UWNNsYaSV9l4AaABAg",
            "reply_content": "\u53ef\u80fd\u963f\u746a\u6709\u9670\u5f71\u5728"
        },
        {
            "reply_id": "Ugyoi3qphF1DPqy8KQB4AaABAg",
            "reply_content": "\u963f\u746a\u8981\u5ea7\u9f8d\u6905"
        },
        {
            "reply_id": "Ugza87BRxc62aoGlN7N4AaABAg",
            "reply_content": "\u9084\u4ee5\u7232\u963f\u746a\u8981\u5403\u7d19\u7bb1"
        },
        {
            "reply_id": "UgzbL1VONHSpYOPQSed4AaABAg",
            "reply_content": "\u963f\u746a\u9032\u53bb\u6703\u6490\u7206\u7d19\u7bb1"
        },
        {
            "reply_id": "UgwY6j0-pgSfFDaJjMl4AaABAg",
            "reply_content": "\u4e00\u7bb1\u67da\u5b50\u8ddf\u4e00\u7bb1\u6d63\u8178"
        },
        {
            "reply_id": "UgwYkFQEFlPRoU74_Zd4AaABAg",
            "reply_content": "\u554a\u746a\u9019\u4e00\u7fa4\u6bdb\u5b69\u5b50\u88ab\u4f60\u5011\u6536\u990a\u771f\u7684\u662f\u592a\u5e78\u8914\u4e86\uff0c\u8b1d\u8b1d\u5fd7\u7700\u548c\u72f8\u8c93"
        },
        {
            "reply_id": "UgxhZLNPVHqxqGM_kyd4AaABAg",
            "reply_content": "\u746a\u54e5\u8868\u793a\u6715\u4e0d\u6703\u518d\u4e0a\u7576\u4e86"
        },
        {
            "reply_id": "UgzjG_V7gnNJtoIxPAJ4AaABAg",
            "reply_content": "\u54c8\u54c8\u88ab\u80cc\u53db"
        },
        {
            "reply_id": "UgzrXsLVGCLlz9K2YAJ4AaABAg",
            "reply_content": "\u53c8\u88ab\u7d19\u7bb1\u80cc\u53db\u4e86\u55ce"
        }
    ]
}