{
    "video_info": {
        "id": "riEkgucrhKQ",
        "channelTitle": "\u9ec3\u963f\u746a\u7684\u5f8c\u5bae\u751f\u6d3b",
        "title": "\u67da\u5b50\uff1a\u300c\u7d66\u6211\u8089\u6ce5\uff01\u300d",
        "description": "",
        "likeCount": "4569",
        "commentCount": "55",
        "viewCount": "83978"
    },
    "comments": [
        {
            "reply_id": "Ugy51Ta-TCUmelshDK14AaABAg",
            "reply_content": "\u67da\u5b50\u597d\u53ef\u611b"
        },
        {
            "reply_id": "UgxoNOSwLM21LyxA-a14AaABAg",
            "reply_content": "\u8eab\u6750\u6d3b\u6f51\u624d\u8df3\u597d"
        },
        {
            "reply_id": "UgwPliUOGfML3oRnQP14AaABAg",
            "reply_content": "\u67da\u5b50\u8981\u7b49\u5f85\u72f8\u732b\u62ff\u7ed9\u4ed6\u5403"
        },
        {
            "reply_id": "Ugxy68XwOpflnoofQcZ4AaABAg",
            "reply_content": "\u5446\u840c\u67da"
        },
        {
            "reply_id": "Ugz0nwxXg56W2RtPPDp4AaABAg",
            "reply_content": "\u67da\u5b50\u8070\u660e\u53cd\u88ab\u8070\u660e\u52ff"
        },
        {
            "reply_id": "UgwqOOM0H4MpLOXOOOh4AaABAg",
            "reply_content": "\u67da\u5b50\u662f\u8caa\u5403\u7684\u5b69\u5b50"
        },
        {
            "reply_id": "Ugx-chmneAqWEBQLWux4AaABAg",
            "reply_content": "\u67da\u5b50\u52a0\u6cb9"
        }
    ]
}