{
    "video_info": {
        "id": "sVd0q-gZ16w",
        "channelTitle": "\u9ec3\u963f\u746a\u7684\u5f8c\u5bae\u751f\u6d3b",
        "title": "\u67da\u5b50\uff1a\u300c\u4e0d\u53ef\u4ee5\u8d70\u3002\u300d",
        "description": "\u67da\u5b50\uff1a\u300c\u4e0d\u53ef\u4ee5\u8d70\u3002\u300d",
        "likeCount": "38772",
        "commentCount": "324",
        "viewCount": "689312"
    },
    "comments": [
        {
            "reply_id": "Ugyjfx81iXkXb5DjqPJ4AaABAg",
            "reply_content": "\u6492\u5b0c\u67da"
        },
        {
            "reply_id": "Ugwjl6Gvl4IDOTWGg2N4AaABAg",
            "reply_content": "\u554a\u554a\u554a\u554a\u554a\u554a\u554a\u554a\u554a\u554a\u554a\u554a\u554a\u554a\u554a\u554a\u554a\u554a\u554a\u554a\u554a\u554a\u554a\u554a\u554a\u554a\u554a\u554a\u554a\u554a\u554a"
        },
        {
            "reply_id": "UgyOUururKmg2_hde2F4AaABAg",
            "reply_content": "\u597d\u53ef\u611b"
        },
        {
            "reply_id": "Ugz0LmyTWgpqk37cdP14AaABAg",
            "reply_content": "\u53ef\u611b\u7684\u7684\u82b1\u8c6c"
        },
        {
            "reply_id": "UgzXwCLhMNoBR3fZaZR4AaABAg",
            "reply_content": "\u53ef\u611b\u8036"
        },
        {
            "reply_id": "UgyfrgNSo3h6zdxb-Up4AaABAg",
            "reply_content": "\u9738\u5360"
        },
        {
            "reply_id": "UgwKQHnpuuurqQX18S14AaABAg",
            "reply_content": "\u597d\u68d2\u7684\u9760\u6795"
        },
        {
            "reply_id": "UgzMSkLuehTTqlqsE2V4AaABAg",
            "reply_content": "\u5076\u6392\u4e0b\u4e00\u500b"
        },
        {
            "reply_id": "UgyUtknasykmOfg8ze54AaABAg",
            "reply_content": "\u8863\u670d\u6703\u90fd\u662f\u6bdb"
        },
        {
            "reply_id": "Ugy4yPG8HnNbRxjJQgd4AaABAg",
            "reply_content": "\u770b\u4e86\u5fc3\u60c5\u8b8a\u7684\u597d\u8212\u670d\u597d\u5e78\u8914"
        },
        {
            "reply_id": "UgyO15pnqLZDMbJ2pAl4AaABAg",
            "reply_content": "\u67da\u5b50\u5a03\u5a03"
        },
        {
            "reply_id": "UgxN9gbQtRguHwV8v4N4AaABAg",
            "reply_content": "\u6211\u4e5f\u60f3\u88ab\u55b5\u7687\u5bf5\u5e78"
        },
        {
            "reply_id": "Ugzrz9yGJwdlfk1Kg-x4AaABAg",
            "reply_content": "\u90fd\u4e0d\u77e5\u9053\u60f3\u7576\u90a3\u500b\u5c0f\u5e6b\u624b\u9084\u662f\u60f3\u7576\u67da\u5b50\u4e86"
        },
        {
            "reply_id": "Ugy9cA85IqsxRRoFL894AaABAg",
            "reply_content": "\u767c\u7247\u7684\u6642\u9593\u525b\u597d\u4e2d\u5348\u62ff\u4f86\u914d\u98ef\u5403"
        },
        {
            "reply_id": "UgwBCSQg0mm0qOovPBl4AaABAg",
            "reply_content": "\u67da\u5b50\u592a\u53ef\u611b\u4e86"
        },
        {
            "reply_id": "UgyFBTQvhkPe6AeATG54AaABAg",
            "reply_content": "\u4e0d\u5fcd\u53eb\u9192"
        },
        {
            "reply_id": "UgzHN3x_zppoldSzdkV4AaABAg",
            "reply_content": "\u67da\u5b50\u597d\u53ef\u611b\u554a"
        },
        {
            "reply_id": "UgyuFpQqREfnWKS0nC94AaABAg",
            "reply_content": "\u597d\u53ef\u611b\u5537"
        },
        {
            "reply_id": "Ugzdj6qHGuq-RGtTC9Z4AaABAg",
            "reply_content": "\u9019\u6bdb\u8272\u8ddf\u6211\u5bb6\u4ee5\u524d\u7684\u8c93\u6709\u4e03\u5206\u50cf\u6211\u6700\u559c\u6b61\u4ed6\u80f8\u53e3\u90a3\u7247\u767d\u7684\u80fd\u53cd\u5149\u7684\u6bdb"
        },
        {
            "reply_id": "Ugw_YA0udRiacEjUGN54AaABAg",
            "reply_content": "\u67da\u5b50\u597d\u53ef\u611b"
        },
        {
            "reply_id": "Ugz1UJMdzs52elCAtCN4AaABAg",
            "reply_content": "\u8c93\u54aa\u597d"
        },
        {
            "reply_id": "UgxhTuxIb2gzh8XJg7l4AaABAg",
            "reply_content": "\u53ef\u7231"
        },
        {
            "reply_id": "Ugy-hKdp9GcAN4rB5jV4AaABAg",
            "reply_content": "\u597d\u50cf\u5a03\u5a03"
        },
        {
            "reply_id": "UgyoJMbMeCFZEefaC6R4AaABAg",
            "reply_content": "\u6211\u4e5f\u60f3\u7576\u5c0f\u5e6b\u624b"
        },
        {
            "reply_id": "Ugx0jgjOlgoJ-0ztm4N4AaABAg",
            "reply_content": "\u6700\u5f8c\u57cb\u81c9\u771f\u53ef\u611b"
        }
    ]
}