{
    "video_info": {
        "id": "TB97VL8SjC4",
        "channelTitle": "\u9ec3\u963f\u746a\u7684\u5f8c\u5bae\u751f\u6d3b",
        "title": "\u3010\u9ec3\u963f\u746a\u7684\u5f8c\u5bae\u751f\u6d3b\u3011\u5de8\u5927\u7d19\u7bb1\u8ff7\u5bae\uff01\u6574\u500b\u5ba2\u5ef3\u90fd\u662f\u7d19\u7bb1\uff01",
        "description": "\u963f\u746a\uff1a\u300c\u5230\u8655\u90fd\u662f\u7d19\u7bb1\uff01\u300d\n\u00d7 \u983b\u9053\u66f4\u65b0\u70ba\u9031\u4e94\u665a\u9593\u516d\u9ede\uff0c\u4e0d\u5b9a\u6642\u767c\u4f48\u5176\u5b83\u5f71\u7247\uff01\u00d7\n\u8a02\u95b1\u6211\u5011\uff1ahttps://goo.gl/5L8xkV\n\u963f\u746a\u5b98\u7db2\uff1ahttps://www.fumeanstore.com\n\n\u3010\u72f8\u8c93\u751f\u65e5\u60e1\u6574\uff01\u88ab\u5687\u5230\u8f49\u8eab\u8dd1\u8d70\uff01\u3011\u5fd7\u9298\u8207\u72f8\u8c93\n\u25b6 https://youtu.be/OEGaFqmNHCQ\n\n-\n\n\u3010\u8fd1\u671f\u6d3b\u52d5\u3011\n\n\u3010\u8c93\u54aa\u8d85\u6709\u4e8b3\uff1a\u746a\u6c11\u8a8d\u8b49\u7c3d\u66f8\u6703\u3011\n* 7/23 14:00~17:00 \u53f0\u5357 \u653f\u5927\u66f8\u57ce (\u53f0\u5357\u5e02\u4e2d\u897f\u5340\u897f\u9580\u8def\u4e8c\u6bb5120\u865f)\n* 8/20 14:00~17:00 \u82b1\u84ee \u653f\u5927\u66f8\u57ce (\u82b1\u84ee\u7e23\u82b1\u84ee\u5e02\u4e2d\u5c71\u8def547-2\u865f)\n* 9/10 14:00~17:00 \u53f0\u5317 \u4e2d\u548c\u74b0\u7403\u8cfc\u7269\u4e2d\u5fc3 (\u65b0\u5317\u5e02\u4e2d\u548c\u5340\u4e2d\u5c71\u8def\u4e09\u6bb5122\u865f)\n* 11/19 14:00~17:00 \u9ad8\u96c4 \u6f22\u795e\u5de8\u86cb B1\u7279\u5c55\u5340 (\u9ad8\u96c4\u5e02\u5de6\u71df\u5340\u535a\u611b\u4e8c\u8def777\u865f)  \n* 12/03 14:00~17:00 \u53f0\u4e2d \u5ee3\u4e09SOGO 12\u6a13\u6d3b\u52d5\u5340 (\u53f0\u4e2d\u5e02\u897f\u5340\u53f0\u7063\u5927\u9053\u4e8c\u6bb5459\u865f)\n\u8a73\u7d30\u6d3b\u52d5\u8fa6\u6cd5\u8acb\u770b https://lihi3.cc/RMCIt/YT\n\n-\n\n\u7b2c\u4e09\u672c\u5716\u6587\u6f2b\u756b\u300a\u8c93\u54aa\u8d85\u6709\u4e8b3-\u8c93\u8c93\u7f8e\u98df\u6551\u63f4\u8a08\u756b\u300b\n\u5728\u746a\u746a\u5546\u884c\u8cfc\u8cb7\u5c31\u8d08\u9001\u300c\u5f8c\u5bae\u842c\u7528\u8b49\u4ef6\u5e36\u300d\uff08\u96a8\u6a5f1\u6b3e\uff09\n\n\u3010\u6436\u8cfc\u5c08\u5340\u3011   \n\u53f0\u7063(\u746a\u746a\u5546\u884c)\uff1ahttps://lihi1.com/vzhq3/catyt2\n\u6e2f\u6fb3\u5730\u5340\uff1ahttps://reurl.cc/rZAq54\n\u99ac\u65b0\u5730\u5340\uff1ahttps://is.gd/Vs7aXI\n\u203b\u4ee5\u4e0a\u9023\u7d50\u7686\u6709\u9001\u3010\u5f8c\u5bae\u842c\u7528\u8b49\u4ef6\u5e36\u3011\uff08\u51683\u6b3e\uff0c\u96a8\u6a5f\u8d08\u9001\u4e59\u6b3e\uff0c\u9001\u5b8c\u70ba\u6b62\uff09\n\n-\n\n\u30107-ELEVEN \u9ec3\u963f\u746a\u4e3b\u984c\u5e97\u3011\n\u4e3b\u984c\u5e97\u958b\u5e55\u5566\uff5e\n\u8cb7\u5496\u5561\u5c31\u53ef\u4ee5\u7372\u5f97\u672c\u5e97\u9650\u5b9a\u7684\u963f\u746aCITY CAFE\u676f\uff01\n\u5e97\u5167\u9084\u6709\u5f88\u591a\u6771\u897f\u53ef\u4ee5\u62cd\u7167\uff0c\u6b61\u8fce\u4f86\u901b\u901b\uff5e\n\u5730\u5740\uff1a7-ELEVEN\u6566\u4fe1\u9580\u5e02\uff08\u53f0\u5317\u5e02\u5927\u5b89\u5340\u4ec1\u611b\u8def\u56db\u6bb5122\u5df750\u865f1\u6a13\uff09\n\n-\n\n\u7b2c\u4e03\u672c\u5e74\u5ea6\u8457\u4f5c\u300a\u7b49\u6211\u56de\u5bb6\u7684\u4f60\u300b\n\u53f0\u7063\uff08\u746a\u746a\u5546\u884c\uff09\uff1ahttps://reurl.cc/Kxxa5n\n\uff08\u746a\u746a\u5546\u884c \u7368\u5bb6\u8d08\u9001\u300c\u5f8c\u5bae\u51fa\u904a\u8da3\u63d2\u756b\u660e\u4fe1\u7247\u4e00\u5f35\uff0c\u96a8\u6a5f\u51fa\u8ca8\u4e0d\u6311\u6b3e\u300d\u5176\u4ed6\u901a\u8def\u6c92\u6709\u8d08\u9001\u5594\uff5e\uff09\n\u99ac\u65b0\u5730\u5340\uff1ahttps://reurl.cc/bzzGvr\n\n-\n\n\u3010\u963f\u746a Line\u8cbc\u5716\uff06\u4e3b\u984c\u3011\n\u300a\u6700\u65b0\u4e0a\u67b6\u300bhttps://lihi3.cc/8ITQO/YT01\n\u300a\u66f4\u591a\u8cbc\u5716\u300bhttps://reurl.cc/4RY6L2\n\n\u3010\u963f\u746a\u5b98\u7db2-\u746a\u746a\u5546\u884c\u3011\n\u25b6\u00a0https://www.fumeanstore.com/\n\u300a\u6700\u65b0\u5546\u54c1\u300b304\u4e0d\u93fd\u92fc\u9910\u5177\u3001\u7ae5\u88dd\u7d14\u68c9\u77edT\u3001\u5f8c\u5bae\u5922\u4e4b\u8239\u58d3\u514b\u529b\u9020\u578b\u7acb\u724c\n\n---\n\n\u3010\u5408\u4f5c\u9080\u7d04/IP\u806f\u540d\u6388\u6b0a\u3011\nfumeanaction@gmail.com \uff08\u6b61\u8fce\u4f86\u4fe1\u6d3d\u8ac7\uff09\n\n\u3014\u7248\u6b0a\u6240\u6709\uff0c\u975e\u7d93\u8a31\u53ef\u52ff\u8f49\u8f09\u81f3\u4efb\u4f55\u5e73\u53f0\u3015\n\u3014\u9818\u990a\u4e0d\u68c4\u990a\u3015",
        "likeCount": "7392",
        "commentCount": "248",
        "viewCount": "288105"
    },
    "comments": [
        {
            "reply_id": "UgzejnUbQc_gQq4SaC94AaABAg",
            "reply_content": "\u5fd7\u660e\u7684\u504f\u611b\u6eff\u51fa\u5c4f\u5e55"
        },
        {
            "reply_id": "UgxB5kziFFGDk3swCBd4AaABAg",
            "reply_content": "\u6211\u6bcf\u5929\u90fd\u5728\u770b\u4f60\u7684\u96fb\u5f71"
        },
        {
            "reply_id": "UgyTO9Ll0PZv8IuCmjh4AaABAg",
            "reply_content": "\u8001\u8c93\u8b58\u9014"
        },
        {
            "reply_id": "Ugygftpb7PTvK7PWeNl4AaABAg",
            "reply_content": "\u5695\u5695\u8ddf\u963f\u746a\u662f\u5f8c\u5bae\u7684\u5b78\u9738"
        },
        {
            "reply_id": "UgyTY2DeCIe4e8UiqFB4AaABAg",
            "reply_content": "\u6d63\u8178\u4e0d\u7528"
        },
        {
            "reply_id": "UgzSxtiE_zLjHnPy8eR4AaABAg",
            "reply_content": "\u597d\u6709\u8da3"
        },
        {
            "reply_id": "UgzPw_-Lg7WfIKcqVxF4AaABAg",
            "reply_content": "\u597d\u50cf\u770b\u4e0d\u5230\u5c0f\u82b1\u6436\u95dc\u6210\u529f\u7684\u756b\u9762"
        },
        {
            "reply_id": "UgzTIr9uNl4CMzayXsB4AaABAg",
            "reply_content": "\u5695\u5695\u679c\u7136\u662f\u5fd7\u9298\u7684\u6700\u611b\u2764\u4e00\u807d\u5230\u72f8\u8c93\u7565\u904e\u5695\u5695\u99ac\u4e0a\u72c2\u56de"
        },
        {
            "reply_id": "UgxtB_fN38jeK0xPCYl4AaABAg",
            "reply_content": "\u5fd7\u9298\u8b8a\u5713\u4e86"
        },
        {
            "reply_id": "UgzPEl9iC4Ht0S9wzMB4AaABAg",
            "reply_content": "\u667a\u6167\u548c\u5e74\u9f61\u662f\u4e00\u8d77\u751f\u9577"
        },
        {
            "reply_id": "Ugxr1JJ7p3Kqz33y3dF4AaABAg",
            "reply_content": "\u6602\u6602\u6602"
        },
        {
            "reply_id": "UgzXkIli1r0At3hVqHB4AaABAg",
            "reply_content": "\u55f7\u55f7"
        },
        {
            "reply_id": "Ugx5Yp0he9MG7EneD-R4AaABAg",
            "reply_content": "\u55e8"
        },
        {
            "reply_id": "Ugx87x99GXiGCnXE6Tt4AaABAg",
            "reply_content": "\u5b89\u5b89"
        },
        {
            "reply_id": "UgzUsAxcvh-wmJMJWpZ4AaABAg",
            "reply_content": "\u6d63\u8178\u61c9\u8a72\u662f\u90a3\u7a2e\u5c31\u53ea\u662f\u60f3\u4e00\u96bb\u8c93\u9ed8\u9ed8\u7684\u73a9\u7684"
        },
        {
            "reply_id": "Ugzejx37J9_29X7QiHt4AaABAg",
            "reply_content": "\u6211\u60f3\u770b\u65b0\u5bb6\u8df3\u9ad8\u6bd4\u8cfd"
        },
        {
            "reply_id": "UgwtTNt97TMTEmvNWah4AaABAg",
            "reply_content": "\u6211\u6572\u7897\u7684\u4f86\u4e86"
        },
        {
            "reply_id": "UgwDTv-KmVnuBIW7BUh4AaABAg",
            "reply_content": "\u611f\u89ba\u53ef\u4ee5\u70ba\u67da\u5b50\u518d\u8fa6\u4e00\u6b21\u8df3\u9ad8\u6311\u6230\uff0c\u4e4b\u524d\u7684\u623f\u9593\u592a\u5c0f\u4e86\u5c0d\u4ed6\u4f86\u8aaa\u4e0d\u597d\u767c\u63ee\u4ed6\u90a3\u8d85\u5f37\u7684\u904b\u52d5\u795e\u7d93"
        },
        {
            "reply_id": "UgxXLpyvkRNmb-UGcIB4AaABAg",
            "reply_content": "\u7d19\u7bb1\u5857\u6210\u9ec3\u8272\u5c31\u8b8a\u8c93\u54aa\u7684\u5f8c\u5ba4\u4e86"
        },
        {
            "reply_id": "UgwLUOgHn85eUTUKcKN4AaABAg",
            "reply_content": "\u8c93\u754c\u8070\u660e\u9580"
        },
        {
            "reply_id": "UgwqcH7rhIAA1BSCyD54AaABAg",
            "reply_content": "\u8c93\u54aa\u5011\u73a9\u5f97\u5f88\u958b\u5fc3\u627e\u4e0d\u5230\u8def\u51fa\u4f86\u7684\u597d\u6709\u4e00\u4e9b\u8c93\u8070\u660e\u8d70\u51fa\u4f86\u4e86"
        },
        {
            "reply_id": "UgwAvzF09Mpae_BxCf54AaABAg",
            "reply_content": "\u505a\u7d19\u7bb1\u8ff7\u5bae\u771f\u7684\u8f9b\u82e6\u4e86"
        },
        {
            "reply_id": "Ugz8KMX5p3ngrmSHQL54AaABAg",
            "reply_content": "\u5fd7\u9298\u6c38\u9060\u5b88\u8b77\u5695\u5695\u7b2c\u4e00\u540d\u7684\u6b0a\u529b"
        },
        {
            "reply_id": "Ugy3HlOpb55mLLgiAzl4AaABAg",
            "reply_content": "\u7d14\u7d19\u7bb1\u8ff7\u5bae\u7248\u7b2c\u4e8c\u7248"
        },
        {
            "reply_id": "UgyITDWuGxIOpMqQKH14AaABAg",
            "reply_content": "\u771f\u68d2"
        }
    ]
}