{
    "video_info": {
        "id": "upAGNQa7vVY",
        "channelTitle": "\u9ec3\u963f\u746a\u7684\u5f8c\u5bae\u751f\u6d3b",
        "title": "\u8c93\u54aa\u4e00\u79d2\u8b8a\u81c9",
        "description": "",
        "likeCount": "1225",
        "commentCount": "36",
        "viewCount": "12081"
    },
    "comments": [
        {
            "reply_id": "UgxkLFQMS5ikTxPFWGF4AaABAg",
            "reply_content": "\u7121\u9055\u548c\u611f"
        },
        {
            "reply_id": "Ugwkd7uitEhrW3dDAt14AaABAg",
            "reply_content": "\u665a\u5b89"
        },
        {
            "reply_id": "Ugy_Oa-G1VR_5lhkhop4AaABAg",
            "reply_content": "\u67da\u5b50\u7684\u597d\u5408\u9069\u5594"
        },
        {
            "reply_id": "Ugwsh7Rf4XvPpGr0T3R4AaABAg",
            "reply_content": "\u7576\u67da\u5b50\u4e82\u5c3f\u5c3f\u5b8c\u5c31\u662f\u9019\u5f35\u81c9\u5427"
        }
    ]
}