{
    "video_info": {
        "id": "WRhB5S_7qvw",
        "channelTitle": "\u9ec3\u963f\u746a\u7684\u5f8c\u5bae\u751f\u6d3b",
        "title": "\u3010\u9ec3\u963f\u746a\u7684\u5f8c\u5bae\u751f\u6d3b\u3011\u65b0\u8c93\u767b\u5834\uff01\u5f8c\u5bae\u7b2c\u4e5d\u96bb\u8c93\uff01",
        "description": "\u7d42\u65bc\u80fd\u8ddf\u5927\u5bb6\u5206\u4eab\u4e86\uff01\n\u00d7 \u983b\u9053\u66f4\u65b0\u70ba\u9031\u4e94\u665a\u9593\u516d\u9ede\uff0c\u4e0d\u5b9a\u6642\u767c\u4f48\u5176\u5b83\u5f71\u7247\uff01\u00d7\n\u8a02\u95b1\u6211\u5011\uff1ahttps://goo.gl/5L8xkV\n\u963f\u746a\u5b98\u7db2\uff1ahttps://www.fumeanstore.com\n\n\u3010\u6211\u5011\u8981\u5728\u5c0f\u5de8\u86cb\u958b\u6f14\u5531\u6703\u4e86\uff01\u3011\u5fd7\u9298\u8207\u72f8\u8c93 ft.\u6211\u662f\u6c5f\u8001\u5e2b\n\u25b6 https://youtu.be/dEFVMB-3WSQ\n\n-\n\n\u3010\u8fd1\u671f\u6d3b\u52d5\u3011\n\n\u3010\u53f0\u4e2d\u570b\u969b\u52d5\u6f2b\u7bc0\u3011\n\u6642\u9593\uff1a4/1(\u516d)\uff5e4/4(\u4e8c) 10:00-18:00\n\u5730\u9ede\uff1a\u53f0\u4e2d\u570b\u969b\u5c55\u89bd\u9928(\u9ad8\u9435\u53f0\u4e2d\u7ad93\u865f\u51fa\u53e3)\n\u6524\u4f4d\u4f4d\u7f6e\uff1a\u9760\u8fd1\u67712\u9580\n\u8a73\u60c5\u8acb\u770b\u3010\u746a\u746a\u5546\u884c\u3011\u7c89\u7d72\u5c08\u9801\n\u25b6\ufe0f https://www.facebook.com/fumeanstore.official/\n\n-\n\n\u3010\u8c93\u54aa\u8d85\u6709\u4e8b3\uff1a\u746a\u6c11\u8a8d\u8b49\u7c3d\u66f8\u6703 \u9999\u6e2f\u5834\u3011\n\u6d3b\u52d5\u6642\u9593\uff1a2023/4/16(\u65e5) 15:00-19:00\n\u5730\u9ede\uff1a\u9999\u6e2f \u8aa0\u54c1\u9285\u947c\u7063\u5e97 9F FORUM\uff08\u9999\u6e2f\u9285\u947c\u7063\u8ed2\u5c3c\u8a69\u9053500\u865f\u5e0c\u614e\u5ee3\u5834\uff09\n\u865f\u78bc\u724c\u767c\u653e\u6642\u9593\uff06\u5730\u9ede\uff1a2023/4/16(\u65e5) 10:00 \u9999\u6e2f \u8aa0\u54c1\u9285\u947c\u7063\u5e97 9F \u670d\u52d9\u53f0\n\n-\n\n\u7b2c\u4e09\u672c\u5716\u6587\u6f2b\u756b\u300a\u8c93\u54aa\u8d85\u6709\u4e8b3-\u8c93\u8c93\u7f8e\u98df\u6551\u63f4\u8a08\u756b\u300b\n\u5728\u746a\u746a\u5546\u884c\u8cfc\u8cb7\u5c31\u8d08\u9001\u300c\u5f8c\u5bae\u842c\u7528\u8b49\u4ef6\u5e36\u300d\uff08\u96a8\u6a5f1\u6b3e\uff09\n\n\u3010\u6436\u8cfc\u5c08\u5340\u3011   \n\u53f0\u7063(\u746a\u746a\u5546\u884c)\uff1ahttps://lihi1.com/vzhq3/catyt2\n\u6e2f\u6fb3\u5730\u5340\uff1ahttps://reurl.cc/rZAq54\n\u99ac\u65b0\u5730\u5340\uff1ahttps://is.gd/Vs7aXI\n\u203b\u4ee5\u4e0a\u9023\u7d50\u7686\u6709\u9001\u3010\u5f8c\u5bae\u842c\u7528\u8b49\u4ef6\u5e36\u3011\uff08\u51683\u6b3e\uff0c\u96a8\u6a5f\u8d08\u9001\u4e59\u6b3e\uff0c\u9001\u5b8c\u70ba\u6b62\uff09\n\n-\n\n\u3010\u53f0\u5357-\u8da3\u6dd8\u6f2b\u65c5 X \u9ec3\u963f\u746a\u7684\u5f8c\u5bae\u751f\u6d3b\u3011\n\u5373\u65e5\u8d77\u81f36/30\u6b62\uff0c\u6bcf\u65e5\u9650\u91cf6\u9593\u300c\u963f\u746a\u4f86\u8da3\u6dd8\u300d\u4e3b\u984c\u623f\uff01\n\u5165\u4f4f\u963f\u746a\u4e3b\u984c\u623f\u5c31\u8d08\u9001\u300c\u4e3b\u984c\u623f\u79ae\u5305\u300d\u5594\uff01\n\u8a02\u623f\u7db2\u5740\uff1ahttps://reurl.cc/pZemRb\n\n-\n\n\u7b2c\u4e03\u672c\u5e74\u5ea6\u8457\u4f5c\u300a\u7b49\u6211\u56de\u5bb6\u7684\u4f60\u300b\n\u53f0\u7063\uff08\u746a\u746a\u5546\u884c\uff09\uff1ahttps://reurl.cc/Kxxa5n\n\uff08\u746a\u746a\u5546\u884c \u7368\u5bb6\u8d08\u9001\u300c\u5f8c\u5bae\u51fa\u904a\u8da3\u63d2\u756b\u660e\u4fe1\u7247\u4e00\u5f35\uff0c\u96a8\u6a5f\u51fa\u8ca8\u4e0d\u6311\u6b3e\u300d\u5176\u4ed6\u901a\u8def\u6c92\u6709\u8d08\u9001\u5594\uff5e\uff09\n\u99ac\u65b0\u5730\u5340\uff1ahttps://reurl.cc/bzzGvr\n\n-\n\n\u3010\u963f\u746a Line\u8cbc\u5716\uff06\u4e3b\u984c\u3011\n\u300a\u6700\u65b0\u4e0a\u67b6\u300bhttps://lihi3.cc/8ITQO/YT01\n\u300a\u66f4\u591a\u8cbc\u5716\u300bhttps://reurl.cc/4RY6L2\n\n\u3010\u963f\u746a\u5b98\u7db2-\u746a\u746a\u5546\u884c\u3011\n\u25b6\u00a0https://www.fumeanstore.com/\n\u300a\u6700\u65b0\u5546\u54c1\u300b\u8b8a\u88dd\u5a03\u5a03\u3001\u597d\u597d\u5e36\u98f2\u6599\u63d0\u888b\u3001\u65b0\u6b3e\u5f8c\u5bae\u7948\u798f\u5fa1\u5b88\n\n---\n\n\u3010\u5408\u4f5c\u9080\u7d04/IP\u806f\u540d\u6388\u6b0a\u3011\nfumeanaction@gmail.com \uff08\u6b61\u8fce\u4f86\u4fe1\u6d3d\u8ac7\uff09\n\n\u3014\u7248\u6b0a\u6240\u6709\uff0c\u975e\u7d93\u8a31\u53ef\u52ff\u8f49\u8f09\u81f3\u4efb\u4f55\u5e73\u53f0\u3015\n\u3014\u9818\u990a\u4e0d\u68c4\u990a\u3015",
        "likeCount": "11818",
        "commentCount": "1480",
        "viewCount": "405581"
    },
    "comments": [
        {
            "reply_id": "Ugzm4oZX7JGwm9lTKVB4AaABAg",
            "reply_content": "\u5e0c\u671b\u771f\u7684\u53ef\u4ee5"
        },
        {
            "reply_id": "UgwR4W4dRXimNplaXNN4AaABAg",
            "reply_content": "\u5c0f\u565c\u597d\u50cf\u662f\u5f02\u77b3\u5509\uff0c\u4e00\u53ea\u662f\u6de1\u9ec4\u8272\u7684\u4e00\u53ea\u662f\u6a59\u8272"
        },
        {
            "reply_id": "UgyyGsY4Rh3myob2mMR4AaABAg",
            "reply_content": "\u6211\u597d\u60f3\u770b\u963f\u746a\u8ddf\u4e09\u8173\u5bf6\u5bf6"
        },
        {
            "reply_id": "UgxiZL-If1a64mm1bmR4AaABAg",
            "reply_content": "\u80e1\u8bf4\u516b\u9053"
        },
        {
            "reply_id": "Ugy8pbLUvJ2LArPtVHZ4AaABAg",
            "reply_content": "\u4f86\u4e86"
        },
        {
            "reply_id": "UgzbG_aJfP2nLOKwy3B4AaABAg",
            "reply_content": "\u9019\u662f\u771f\u7684\u5047\u7684\u6211\u6015\u662f\u611a\u4eba\u7bc0\u9a19\u4eba"
        },
        {
            "reply_id": "UgzXkDFljEFeq9ScBAx4AaABAg",
            "reply_content": "\u597d\u5047"
        },
        {
            "reply_id": "UgxiVmeRNse-_MUhSEZ4AaABAg",
            "reply_content": "\u628a\u9019\u500b\u7e41\u6b96\u8a08\u756b\u4ee3\u6210\u4eba\u7684\u8a71\u597d\u5641\u5fc3\u5440\n\u7687\u540e\u62db\u5f1f\u7684\u5b98\u914d\u660e\u660e\u662f\u7687\u4e0a\u963f\u746a\u7d50\u679c\u7adf\u7136\u662f\u8ddf\u738b\u723a\u5695\u5695\u6709\u5c0f\u5b69"
        },
        {
            "reply_id": "UgxQd_nhwSNM5Y040Wp4AaABAg",
            "reply_content": "\u611a\u4eba\u7bc0\u5feb\u6a02"
        },
        {
            "reply_id": "UgwHRGkyrh8R3sObDat4AaABAg",
            "reply_content": "\u611a\u4eba\u7bc0\u4e4b\u7df4\u8096\u7dad"
        },
        {
            "reply_id": "UgzEdbWvxVgsIfHEsE94AaABAg",
            "reply_content": "\u6240\u4ee5\u9019\u5230\u5e95\u771f\u7684\u9084\u5047\u7684"
        },
        {
            "reply_id": "UgxfQtjxUv3xRcuG3HF4AaABAg",
            "reply_content": "\u72f8\u8c93\u773c\u795e\u592a\u9583\u7e2e\u4e86"
        },
        {
            "reply_id": "UgxpYON5ST7hM-KZ0et4AaABAg",
            "reply_content": "\u61c9\u662f\u5c0f\u53ee\u5679\u624d\u5c0d"
        },
        {
            "reply_id": "UgxEg12W1gkicGNdtIR4AaABAg",
            "reply_content": "\u611a\u4eba\u7bc0\u5feb\u6a02"
        },
        {
            "reply_id": "UgyXCMTQWgSQmOPhxwd4AaABAg",
            "reply_content": "\u6211\u9084\u60f3\u8aaa\u9019\u8a08\u756b\u600e\u9ebc\u597d\u50cf\u5047\u5047\u7684\n\u539f\u4f86\u662f\u611a\u4eba\u7bc0"
        },
        {
            "reply_id": "Ugx-LwJg9tw5KEtnMuV4AaABAg",
            "reply_content": "\u5fd8\u8bb0\u4e86\u611a\u4eba\u8282"
        },
        {
            "reply_id": "UgwqPANDKW_u41W3qp14AaABAg",
            "reply_content": "\u611a\u4eba\u7bc0\u5feb\u6a02"
        },
        {
            "reply_id": "UgyYS1gJsjAJm4QYuEB4AaABAg",
            "reply_content": "\u7406\u8ad6\u4e0a\u4f86\u8aaa\u61c9\u8a72\u8fa6\u5f97\u5230\u6b38"
        },
        {
            "reply_id": "UgxHO9oCwgjKZ4BM87F4AaABAg",
            "reply_content": "\u4e00\u807d\u958b\u982d\u5c31\u77e5\u9053\u662f\u5047\u7684"
        },
        {
            "reply_id": "UgwIoPU_awn6J4qA-3x4AaABAg",
            "reply_content": "\u539f\u4f86\u9019\u662f\u5695\u5695\u7684\u8eab\u4e16\u4e4b\u8b0e"
        },
        {
            "reply_id": "UgzdSOxUjNrdRRT6UAp4AaABAg",
            "reply_content": "\u795d\u4f60\u5011\u611a\u4eba\u7bc0"
        },
        {
            "reply_id": "UgyBfTAUDKDslJck5pV4AaABAg",
            "reply_content": "\u524d\u9762\u7684\u90e8\u5206\u6211\u90fd\u5728\u7206\u7b11\u3002\u4f46\u8b1b\u5230\u70ba\u4ec0\u9ebc\u6709\u9019\u53ea\u5c0f\u8c93\u662f\u56e0\u70ba\u751f\u75c5\u7684\u6642\u5019\u53ef\u4ee5\u7acb\u523b\u75ca\u7652\u4e14\u6c92\u6709\u4efb\u4f55\u8c93\u53d7\u50b7\u7684\u6642\u5019\u6211\u5c45\u7136\u6709\u9ede\u6dda\u76ee\u3002\u5e0c\u671b\u540e\u5bae\u90fd\u5065\u5eb7\u5feb\u6a02\u4e86\u5566\uff01"
        },
        {
            "reply_id": "Ugx2FTNbMl7RhZRCfl94AaABAg",
            "reply_content": "\u6211\u9084\u771f\u7684\u76f8\u4fe1\u6b38"
        },
        {
            "reply_id": "UgzitBWzBgtWVXYuVk94AaABAg",
            "reply_content": "\u611a\u4eba\u7bc0"
        },
        {
            "reply_id": "UgyDKli1CW9qmDl4z2Z4AaABAg",
            "reply_content": "\u611a\u4eba\u7bc0\u5feb\u6a02"
        }
    ]
}