{
    "video_info": {
        "id": "WWgSCH4vs-o",
        "channelTitle": "\u9ec3\u963f\u746a\u7684\u5f8c\u5bae\u751f\u6d3b",
        "title": "\u3010\u9ec3\u963f\u746a\u7684\u5f8c\u5bae\u751f\u6d3b\u3011\u963f\u746a\u6d17\u6fa1\u4e86\uff01\u6cbe\u6eff\u5927\u4fbf\u7684\u8c93\uff01",
        "description": "\u963f\u746a\uff1a\u300c\u6d74\u5ba4\u61c9\u8a72\u76f4\u63a5\u62c6\u6389\u3002\u300d\n#\u8c93\u54aa\u6d17\u6fa1 #\u6158\u53eb\n\u00d7 \u983b\u9053\u66f4\u65b0\u70ba\u9031\u4e94\u665a\u9593\u516d\u9ede\uff0c\u4e0d\u5b9a\u6642\u767c\u4f48\u5176\u5b83\u5f71\u7247\uff01\u00d7\n\u8a02\u95b1\u6211\u5011\uff1ahttps://goo.gl/5L8xkV\n\u963f\u746a\u5b98\u7db2\uff1ahttps://www.fumeanstore.com\n\n\u30102023\u9999\u6e2f\u5fc5\u5403\u7f8e\u98df\uff01\u5403\u904e\u6700\u597d\u5403\u7684\u83e0\u863f\u6cb9\uff01\u3011\u9298\u5929\u53bb\u5403 Ep.3 \u5fd7\u9298\u8207\u72f8\u8c93\n\u25b6 https://youtu.be/jm1yx35PzRI\n\n-\n\n\u3010\u8fd1\u671f\u6d3b\u52d5\u3011\n\n\u3010\u871c\u746a\u9023\u7dda\uff5e\u6b61\u6a02\u540c\u840c\u6703 \u5f69\u7e6a\u5217\u8eca\u3011\n\u5373\u65e5\u8d77\u81f36/4\u65e5\u6b62\n\u871c\u746a\u9023\u7dda\u5f69\u7e6a\u5217\u8eca\u5c07\u4e0d\u5b9a\u671f\u884c\u99db\u65bc\u6377\u904b\u7d05\u7dda\u5594\uff01\n\n\u300e\u871c\u746a\u9023\u7dda\u300f\u9650\u91cf\u5468\u908a\u5546\u54c1\n\u53ef\u4ee5\u5728\u4ee5\u4e0b\u901a\u8def\u8cfc\u8cb7\uff1a\nR10 \u7f8e\u9e97\u5cf6\u7ad9\u5546\u54c1\u9928\nR16 \u5de6\u71df\u7ad9\u65c5\u904a\u8aee\u8a62\u8655\n\u5b98\u65b9\u76f4\u71df\u8ce3\u5834 https://shopee.tw/krtcshop\n\n-\n\n\u7b2c\u4e09\u672c\u5716\u6587\u6f2b\u756b\u300a\u8c93\u54aa\u8d85\u6709\u4e8b3-\u8c93\u8c93\u7f8e\u98df\u6551\u63f4\u8a08\u756b\u300b\n\u5728\u746a\u746a\u5546\u884c\u8cfc\u8cb7\u5c31\u8d08\u9001\u300c\u5f8c\u5bae\u842c\u7528\u8b49\u4ef6\u5e36\u300d\uff08\u96a8\u6a5f1\u6b3e\uff09\n\n\u3010\u6436\u8cfc\u5c08\u5340\u3011   \n\u53f0\u7063(\u746a\u746a\u5546\u884c)\uff1ahttps://lihi1.com/vzhq3/catyt2\n\u6e2f\u6fb3\u5730\u5340\uff1ahttps://reurl.cc/rZAq54\n\u99ac\u65b0\u5730\u5340\uff1ahttps://is.gd/Vs7aXI\n\u203b\u4ee5\u4e0a\u9023\u7d50\u7686\u6709\u9001\u3010\u5f8c\u5bae\u842c\u7528\u8b49\u4ef6\u5e36\u3011\uff08\u51683\u6b3e\uff0c\u96a8\u6a5f\u8d08\u9001\u4e59\u6b3e\uff0c\u9001\u5b8c\u70ba\u6b62\uff09\n\n-\n\n\u3010\u53f0\u5357-\u8da3\u6dd8\u6f2b\u65c5 X \u9ec3\u963f\u746a\u7684\u5f8c\u5bae\u751f\u6d3b\u3011\n\u5373\u65e5\u8d77\u81f36/30\u6b62\uff0c\u6bcf\u65e5\u9650\u91cf6\u9593\u300c\u963f\u746a\u4f86\u8da3\u6dd8\u300d\u4e3b\u984c\u623f\uff01\n\u5165\u4f4f\u963f\u746a\u4e3b\u984c\u623f\u5c31\u8d08\u9001\u300c\u4e3b\u984c\u623f\u79ae\u5305\u300d\u5594\uff01\n\u8a02\u623f\u7db2\u5740\uff1ahttps://reurl.cc/pZemRb\n\n-\n\n\u7b2c\u4e03\u672c\u5e74\u5ea6\u8457\u4f5c\u300a\u7b49\u6211\u56de\u5bb6\u7684\u4f60\u300b\n\u53f0\u7063\uff08\u746a\u746a\u5546\u884c\uff09\uff1ahttps://reurl.cc/Kxxa5n\n\uff08\u746a\u746a\u5546\u884c \u7368\u5bb6\u8d08\u9001\u300c\u5f8c\u5bae\u51fa\u904a\u8da3\u63d2\u756b\u660e\u4fe1\u7247\u4e00\u5f35\uff0c\u96a8\u6a5f\u51fa\u8ca8\u4e0d\u6311\u6b3e\u300d\u5176\u4ed6\u901a\u8def\u6c92\u6709\u8d08\u9001\u5594\uff5e\uff09\n\u99ac\u65b0\u5730\u5340\uff1ahttps://reurl.cc/bzzGvr\n\n-\n\n\u3010\u963f\u746a Line\u8cbc\u5716\uff06\u4e3b\u984c\u3011\n\u300a\u6700\u65b0\u4e0a\u67b6\u300bhttps://lihi3.cc/8ITQO/YT01\n\u300a\u66f4\u591a\u8cbc\u5716\u300bhttps://reurl.cc/4RY6L2\n\n\u3010\u963f\u746a\u5b98\u7db2-\u746a\u746a\u5546\u884c\u3011\n\u25b6 https://www.fumeanstore.com/\n\u300a\u6700\u65b0\u5546\u54c1\u300b\u8b8a\u88dd\u5a03\u5a03\u3001\u79d2\u6536\u647a\u758a\u5f0f\u8cfc\u7269\u888b\u3001\u65b0\u6b3e\u5f8c\u5bae\u7948\u798f\u5fa1\u5b88\n\n---\n\n\u3010\u5408\u4f5c\u9080\u7d04/IP\u806f\u540d\u6388\u6b0a\u3011\nfumeanaction@gmail.com \uff08\u6b61\u8fce\u4f86\u4fe1\u6d3d\u8ac7\uff09\n\n\u3014\u7248\u6b0a\u6240\u6709\uff0c\u975e\u7d93\u8a31\u53ef\u52ff\u8f49\u8f09\u81f3\u4efb\u4f55\u5e73\u53f0\u3015\n\u3014\u9818\u990a\u4e0d\u68c4\u990a\u3015",
        "likeCount": "12862",
        "commentCount": "567",
        "viewCount": "482382"
    },
    "comments": [
        {
            "reply_id": "UgwtLfSL5NRxHytC8cB4AaABAg",
            "reply_content": "\u597d\u889e\u54c0\u6028\u7684\u963f\u746a"
        },
        {
            "reply_id": "UgwP1IusXU6qqOuwNBZ4AaABAg",
            "reply_content": "\u4e0d"
        },
        {
            "reply_id": "UgxFCF1PFqqYykaYz4x4AaABAg",
            "reply_content": "\u603b\u6709\u5201\u6c11\u60f3\u5bb3\u6715"
        },
        {
            "reply_id": "UgyOJY8oT9V4ibq9T554AaABAg",
            "reply_content": "\u597d\u53ef\u611b"
        },
        {
            "reply_id": "UgxfxGrIr_YFDUHOaFt4AaABAg",
            "reply_content": "\u9762\u7a4d\u592a\u5927\u8214\u7684\u597d\u8f9b\u82e6"
        },
        {
            "reply_id": "UgxtDGeF5v78qPytoGl4AaABAg",
            "reply_content": "\u5b57\u5e55\u8d85\u597d\u7b11\u54c8\u54c8\u54c8\u54c8"
        },
        {
            "reply_id": "UgyCox-Vnet8mGWIZLZ4AaABAg",
            "reply_content": "\u8001\u4e86\u9084\u9019\u9ebc\u4e2d\u6c23\u5341\u8db3"
        },
        {
            "reply_id": "UgzG2x4cEqJ40LmsWvp4AaABAg",
            "reply_content": "\u963f\u746a\u7684\u80ba\u6d3b\u91cf\u771f\u7684\u597d\u5927"
        },
        {
            "reply_id": "UgzWzqDox4uVMSsfWDN4AaABAg",
            "reply_content": "\u600e\u9ebc\u4e0d\u4e00\u500b\u6708\u6d17\u4e00\u96bb\u8c93"
        },
        {
            "reply_id": "Ugx7AENy7vn1HC76Wsh4AaABAg",
            "reply_content": "\u8c93\u4e5f\u662f\u4e00\u500b\u6708\u81f3\u5c11\u6d17\u4e00\u6b21"
        },
        {
            "reply_id": "UgyzhhejLOSgbNGajjN4AaABAg",
            "reply_content": "\u597d\u4e45\u6c92\u770b\u5230\u963f\u746a\u6d17\u6fa1\u4e86"
        },
        {
            "reply_id": "UgzLOZpZ51GFJ_g-tJN4AaABAg",
            "reply_content": "\u963f\u746a\u5728\u6d17\u6fa1\u7684\u6642\u5019\u55b5\u55b5\u53eb\u6700\u53ef\u611b"
        },
        {
            "reply_id": "UgyFXgUOe4U1QtmaF2N4AaABAg",
            "reply_content": "\u8f9b\u82e6\u7687\u4e0a\u4e86"
        },
        {
            "reply_id": "Ugy0AzxnBf2Idux4Tht4AaABAg",
            "reply_content": "\u963f\u746a\u592a\u53ef\u611b\u54c8\u54c8\u54c8"
        },
        {
            "reply_id": "UgxNbB7p9PR-Gg3LLkV4AaABAg",
            "reply_content": "\u597d\u53ef\u611b\u54c8\u54c8\u54c8\u54c8\u54c8\u2764\u963f\u746a\u6d17\u6fa1\u8ddf\u5439\u4e7e\u90fd\u597d\u4e56\u5594"
        },
        {
            "reply_id": "UgyNZ8AoeAwZQ-zr2X54AaABAg",
            "reply_content": "\u611b\u53eb\u963f\u746a\u6d17\u5b8c\u8b8a\u9999"
        },
        {
            "reply_id": "Ugz-GvzvLhYLz-KI67p4AaABAg",
            "reply_content": "\u54c8\u597d\u611b\u770b\u963f\u746a\u81ed\u99e1\u5974\u624d(\u4e0d\u597d\u610f\u7d72\u5c0d\u4e0d\u8d77\u963f\u746a\u54c8\u54c8\u54c8\u54c8\u54c8"
        },
        {
            "reply_id": "Ugx7x0uADX0Zu1h7t3x4AaABAg",
            "reply_content": "\u7b49\u8d85\u4e45"
        },
        {
            "reply_id": "Ugxm69KI0V-KMxMNEQ54AaABAg",
            "reply_content": "\u963f\u746a\u53eb\u5230\u6211\u5011\u5bb6\u8c93\u8c93\u90fd\u8dd1\u4f86\u5728\u65c1\u908a\u4e00\u76f4\u7e5e\u4f86\u7e5e\u53bb\u95dc\u5fc3\u54ea\u96bb\u8c93\u54aa\u53eb\u7684\u9019\u9ebc\u6dd2\u6158\ud83d\ude02"
        },
        {
            "reply_id": "Ugyf04x1igKG0k4J8Wh4AaABAg",
            "reply_content": "\u770b\u9019\u500b\u5f71\u7247\u7684\u6642\u5019\u6211\u7684\u8c93\u4e00\u76f4\u8c4e\u8d77\u8033\u6735\u60f3\u8aaa\u5230\u5e95\u9084\u6709\u8ab0\u6bd4\u4ed6\u9084\u8981\u5435 \u54c8\u54c8\u54c8"
        },
        {
            "reply_id": "Ugzz3O38NLxvm7eBuQ14AaABAg",
            "reply_content": "\u771f\u597d\u5947\u963f\u746a\u5728\u88e1\u9762\u72c2\u53eb\u5176\u4ed6\u8c93\u54aa\u5728\u5916\u9762\u7684\u53cd\u61c9\ud83d\ude02"
        },
        {
            "reply_id": "UgwLLw7BgyaAtgIPleB4AaABAg",
            "reply_content": "\u90a3\u4e9b\u6cbe\u5230\u8c93\u5c4e\u7684\u8863\u670d\u548c\u5305\u5305\u662f\u62ff\u5230\u99ac\u6876\u4e0a\u9762\u6c96\u6d17\u55ce\uff1f\u5149\u60f3\u50cf\u90a3\u756b\u9762\u5c31\u5f88\u5d29\u6f70"
        },
        {
            "reply_id": "UgyObSwIs6QGItDG9Gd4AaABAg",
            "reply_content": "\u4e2d\u6c23\u5341\u8db3"
        },
        {
            "reply_id": "UgyQ3rY36eJ5nl1OsJN4AaABAg",
            "reply_content": "\u717d\u4e00\u5df4\u638c\u7260\u5c31\u6703\u5b89\u975c\u8a31\u591a"
        },
        {
            "reply_id": "UgzPfLGUjN-j6mZTsBx4AaABAg",
            "reply_content": "\u6709\u6c92\u6709\u8003\u616e\u904e\u628a\u963f\u746a\u7684\u53eb\u8072\u526a\u6210\u6551\u8b77\u8eca\u9cf4\u7b1b\u8072\ud83d\ude02"
        }
    ]
}