{
    "video_info": {
        "id": "wz2Dli9M5lQ",
        "channelTitle": "\u9ec3\u963f\u746a\u7684\u5f8c\u5bae\u751f\u6d3b",
        "title": "\u7a81\u7136\u89aa\u8c93\u54aa\u4e00\u4e0b \u4ed6\u5011\u6709\u4ec0\u9ebc\u53cd\u61c9\uff1f #shorts #ShortsTW",
        "description": "\u963f\u746a\uff1a\u300c\u597d\u5641\u5fc3\u7684\u884c\u70ba\u3002\u300d\n\n-\n\n\u8a02\u95b1\u6211\u5011\uff1ahttps://goo.gl/5L8xkV\n\u963f\u746a\u5b98\u7db2\uff1ahttps://www.fumeanstore.com\nFB\uff1a\u9ec3\u963f\u746a\u7684\u5f8c\u5bae\u751f\u6d3b\nIG\uff1afumeancat\n\n\u3010\u5408\u4f5c\u9080\u7d04/IP\u806f\u540d\u6388\u6b0a\u3011\nfumeanaction@gmail.com \uff08\u6b61\u8fce\u4f86\u4fe1\u6d3d\u8ac7\uff09\n\n\u3014\u7248\u6b0a\u6240\u6709\uff0c\u975e\u7d93\u8a31\u53ef\u52ff\u8f49\u8f09\u81f3\u4efb\u4f55\u5e73\u53f0\u3015\n\u3014\u9818\u990a\u4e0d\u68c4\u990a\u3015",
        "likeCount": "25130",
        "commentCount": "203",
        "viewCount": "658690"
    },
    "comments": [
        {
            "reply_id": "UgzndSAHag4JH_HWXzN4AaABAg",
            "reply_content": "\u50bb\u773c\u8c93\u54aa"
        },
        {
            "reply_id": "UgwOSuPiv-c15QA7Ckl4AaABAg",
            "reply_content": "\u7fd2\u6163\u6210\u81ea\u7136"
        },
        {
            "reply_id": "Ugx9NuiWK18D6yfrvup4AaABAg",
            "reply_content": "\u4e3b\u4eba\u89aa\u4e00\u96bb\u8c93\u7260\u89ba\u5f97\u5947\u602a\u70ba\u4ec0\u9ebc\u89aa\u7260\u53e6\u4e00\u96bb\u8c93\u662f\u5687\u5230\ud83d\ude0a"
        },
        {
            "reply_id": "Ugw3ZbuzQrkKZd1Xsjx4AaABAg",
            "reply_content": "\u7ffb\u8b6f\u4e00\u4e0b"
        },
        {
            "reply_id": "UgyUfFpUVIESxFhwog94AaABAg",
            "reply_content": "\u6a58\u8c93\u662f\u539a\u9053\u7cfb\u5217\u7684"
        },
        {
            "reply_id": "Ugx7TFK4OVD65BUrWVd4AaABAg",
            "reply_content": "\u50bb\u773c\u8c93\u54aa"
        },
        {
            "reply_id": "UgwXPCEVRoMgRD518T94AaABAg",
            "reply_content": "\u6211\u6bcf\u5929\u90fd\u5728\u89aa\u8036"
        },
        {
            "reply_id": "UgydcHMKtEoVSL40VvV4AaABAg",
            "reply_content": "\u5695\u5695\u50bb\u773c"
        },
        {
            "reply_id": "Ugy1WYvIP9k74y6vfbR4AaABAg",
            "reply_content": "\u963f\u746a\u7684\u53eb\u8072\u597d\u53ef\u611b"
        },
        {
            "reply_id": "UgxKD0jtk7WUSwd43Bx4AaABAg",
            "reply_content": "\u732b\u662f\u7528\u8214\u7684"
        },
        {
            "reply_id": "UgzLEkw4-tjeiC88oPR4AaABAg",
            "reply_content": "\u6c92\u8cde\u4f60\u4e00\u5df4\u638c\u5df2\u7b97\u662f\u5584\u826f"
        },
        {
            "reply_id": "UgxSleN0LLTFj4up62R4AaABAg",
            "reply_content": "\u89aa\u592a\u5feb"
        },
        {
            "reply_id": "UgxbegBGF6ijaIvNRzd4AaABAg",
            "reply_content": "\u50bb\u773c\u8c93\u54aa"
        },
        {
            "reply_id": "Ugy29ufc9jxMWZeLGK94AaABAg",
            "reply_content": "\u6731\u5143\u748b"
        },
        {
            "reply_id": "Ugyr7bfvNCUW6Kbbeo54AaABAg",
            "reply_content": "\u5695\u5695\uff1a\u4f60\u5e79\u561b\u7a81\u7136\u89aa\u6211\u4f60\u60f3\u5c0d\u6211\u505a\u4ec0\u9ebc\u7f9e\u7f9e\u7684\u4e8b"
        },
        {
            "reply_id": "Ugz7SP5xQJbn-o_jsuN4AaABAg",
            "reply_content": "\u54c8\u54c8"
        },
        {
            "reply_id": "UgynP4hnlN_5DUe1EXB4AaABAg",
            "reply_content": "\u9f13\u52f5"
        },
        {
            "reply_id": "UgyOhBQuYPBk0YdxxeF4AaABAg",
            "reply_content": "\u4f60\u505a\u7684\u6f2b\u756b\u6211\u597d\u50cf\u770b\u904e"
        },
        {
            "reply_id": "UgwR-NfLrRKeuTCiLwB4AaABAg",
            "reply_content": "\u53eb\u5fd7\u9298\u89aa\u5695\u5695"
        },
        {
            "reply_id": "UgxWvmILicyFlIOli4p4AaABAg",
            "reply_content": "\u6700\u597d\u4e0d\u8981\u89aa\u8c93\u54aa"
        },
        {
            "reply_id": "UgwRSz7-2qT0GGVDf4l4AaABAg",
            "reply_content": "\u53ef\u611b"
        },
        {
            "reply_id": "Ugymjq-uFmw53a034p14AaABAg",
            "reply_content": "\u6211\u89aa\u6211\u5011\u7684\u8c93\u7260\u4e5f\u5f88\u9a5a\u6050"
        },
        {
            "reply_id": "UgxXLY7FJoI_umIDdFh4AaABAg",
            "reply_content": "\u8d8a\u60f3\u8d8a\u4e0d\u5c0d\u52c1\u90fd\u662f\u5f8c\u4f86"
        },
        {
            "reply_id": "Ugwu3pjz27BNQwolcAN4AaABAg",
            "reply_content": "\u54c8\u54c8\u54c8\u54c8\u54c8"
        },
        {
            "reply_id": "UgyKbjOipiTeB2v1jsd4AaABAg",
            "reply_content": "\u5bb3\u7f9e"
        }
    ]
}