{
    "video_info": {
        "id": "xdylWAr5FrA",
        "channelTitle": "\u9ec3\u963f\u746a\u7684\u5f8c\u5bae\u751f\u6d3b",
        "title": "\u8c93\u5974\u884c\u674e\u7bb1\u90fd\u88dd\u4ec0\u9ebc\uff1f #shorts #ShortsTW",
        "description": "\u8c93\u5974\u884c\u674e\u7bb1\u90fd\u88dd\u4ec0\u9ebc\uff1f\n\n-\n\n\u8a02\u95b1\u6211\u5011\uff1ahttps://goo.gl/5L8xkV\n\u963f\u746a\u5b98\u7db2\uff1ahttps://www.fumeanstore.com\nFB\uff1a\u9ec3\u963f\u746a\u7684\u5f8c\u5bae\u751f\u6d3b\nIG\uff1afumeancat\n\n\u3010\u5408\u4f5c\u9080\u7d04/IP\u806f\u540d\u6388\u6b0a\u3011\nfumeanaction@gmail.com \uff08\u6b61\u8fce\u4f86\u4fe1\u6d3d\u8ac7\uff09\n\n\u3014\u7248\u6b0a\u6240\u6709\uff0c\u975e\u7d93\u8a31\u53ef\u52ff\u8f49\u8f09\u81f3\u4efb\u4f55\u5e73\u53f0\u3015\n\u3014\u9818\u990a\u4e0d\u68c4\u990a\u3015",
        "likeCount": "4544",
        "commentCount": "48",
        "viewCount": "78566"
    },
    "comments": [
        {
            "reply_id": "Ugz-zsbY7B20QtWvGFJ4AaABAg",
            "reply_content": "\u6211\u4e5f\u662f"
        },
        {
            "reply_id": "Ugx-AxZbwvf7RbVlqyd4AaABAg",
            "reply_content": "\u518d\u8cb7\u500b\u884c\u674e\u7bb1\u91cd\u65b0\u6253\u5305\u5427"
        },
        {
            "reply_id": "Ugxi2n7vybdc9tZXsuF4AaABAg",
            "reply_content": "\u9084\u4ee5\u70ba"
        },
        {
            "reply_id": "Ugy8svuSm0SMaKGAXXt4AaABAg",
            "reply_content": "\u770b\u5230\u9ec4\u963f\u739b\u8fd9\u6837\u5c31\u60f3\u8d77\u51e0\u5e74\u524d\u62a2\u4e66\u5305\u90a3\u4e00\u6bb5\u5f71\u7247"
        },
        {
            "reply_id": "Ugz6xbFKRMbmj0-Jrc94AaABAg",
            "reply_content": "\u53ef\u4ee5\u5e36\u4e0a\u6700\u53ef\u611b\u7684\u963f\u746a"
        },
        {
            "reply_id": "UgxLQ4DbQ8QVTF7sEcp4AaABAg",
            "reply_content": "\u4f60\u8981\u53bb\u54ea\u554a"
        },
        {
            "reply_id": "UgwELK1ztRQtK3lB9xx4AaABAg",
            "reply_content": "\u963f\u739b\u8981\u4e00\u8d77\u5566"
        },
        {
            "reply_id": "Ugxj6vKs-_bj897MfRN4AaABAg",
            "reply_content": "\u628a\u732b\u62ff\u51fa\u6765"
        }
    ]
}