{
    "video_info": {
        "id": "xWtOaAQ9EP8",
        "channelTitle": "\u9ec3\u963f\u746a\u7684\u5f8c\u5bae\u751f\u6d3b",
        "title": "\u70ba\u4ec0\u9ebc\u51ac\u5929\u6703\u8cf4\u5e8a\uff1f #shorts #ShortsTW",
        "description": "\u5974\u624d\uff1a\u300c\u9019\u6a23\u6703\u8cf4\u5e8a\u4e5f\u662f\u5408\u7406\u7684\u5427\uff1f\u300d\n\n-\n\n\u8a02\u95b1\u6211\u5011\uff1ahttps://goo.gl/5L8xkV\n\u963f\u746a\u5b98\u7db2\uff1ahttps://www.fumeanstore.com\nFB\uff1a\u9ec3\u963f\u746a\u7684\u5f8c\u5bae\u751f\u6d3b\nIG\uff1afumeancat\n\n\u3010\u5408\u4f5c\u9080\u7d04/IP\u806f\u540d\u6388\u6b0a\u3011\nfumeanaction@gmail.com \uff08\u6b61\u8fce\u4f86\u4fe1\u6d3d\u8ac7\uff09\n\n\u3014\u7248\u6b0a\u6240\u6709\uff0c\u975e\u7d93\u8a31\u53ef\u52ff\u8f49\u8f09\u81f3\u4efb\u4f55\u5e73\u53f0\u3015\n\u3014\u9818\u990a\u4e0d\u68c4\u990a\u3015",
        "likeCount": "5748",
        "commentCount": "67",
        "viewCount": "115515"
    },
    "comments": [
        {
            "reply_id": "UgxSmASMERma1FhlU6t4AaABAg",
            "reply_content": "\u6211\u89ba\u5f97\u4e0d\u60f3\u8d77\u5e8a"
        },
        {
            "reply_id": "UgzA_zK9198Nxm8wdtZ4AaABAg",
            "reply_content": "\u8981\u662f\u6211\u7e7c\u7e8c\u8cf4"
        },
        {
            "reply_id": "UgzcALVhb9yAAIHUp7N4AaABAg",
            "reply_content": "\u4e00\u500b\u5b57\u61f6"
        },
        {
            "reply_id": "UgxGokqJnCvYOcVmcPF4AaABAg",
            "reply_content": "\u597d\u80a5"
        },
        {
            "reply_id": "UgzoKqqVWNlL1kOub894AaABAg",
            "reply_content": "\u72f8\u8c93\u592a\u61f6\u627e\u8c93\u53d6\u6696"
        },
        {
            "reply_id": "UgxkltNdwwe7Op8BrLx4AaABAg",
            "reply_content": "\u5c0f\u5fc3\u88ab\u5c3f\u5e8a"
        },
        {
            "reply_id": "UgyUAaOTRipLUHh-IIl4AaABAg",
            "reply_content": "\u5c31\u5f88\u8edf\u53c8\u5f88\u6696"
        },
        {
            "reply_id": "UgzKywpNM9SRixJRdRZ4AaABAg",
            "reply_content": "\u6211\u4e5f\u662f\u9019\u6a23\u8ddf\u8001\u95c6\u89e3\u91cb\u70ba\u4ec0\u9ebc\u9072\u5230\u7684"
        },
        {
            "reply_id": "UgxZ9IKY7c7NCTYHbVJ4AaABAg",
            "reply_content": "\u6211\u6368\u4e0d\u5f97\u96e2\u958b"
        },
        {
            "reply_id": "UgxX-yPM6BJulLHHZ3x4AaABAg",
            "reply_content": "\u5169\u500b\u6d3b\u52d5\u6696\u7210"
        },
        {
            "reply_id": "UgzGbLWY720huTLxRC94AaABAg",
            "reply_content": "\u56e0\u70ba\u592a\u51b7\u4e86\u6240\u4ee5\u7576\u7136\u8981\u8cf4\u5e8a"
        },
        {
            "reply_id": "UgwCASbUuvd03in10aR4AaABAg",
            "reply_content": "\u67da\u5b50\u7adf\u7136\u9032\u53bb\u4e86"
        },
        {
            "reply_id": "UgxfABCH4ECBixce5WR4AaABAg",
            "reply_content": "\u53ef\u611b\u5594"
        },
        {
            "reply_id": "Ugyabd3FBwoh350TdMJ4AaABAg",
            "reply_content": "\u4f60\u78ba\u5b9a\u4e0d\u662f\u963f\u746a\u58d3\u5230\u8d77\u4e0d\u4f86\u55ce"
        },
        {
            "reply_id": "UgwoMP8vhl8_SFZuGS94AaABAg",
            "reply_content": "\u76f4\u63a5\u628a\u8c93\u8c93\u6293\u7262\u7576\u62b1\u6795"
        },
        {
            "reply_id": "Ugz7okxV317Zpj1Jfv94AaABAg",
            "reply_content": "\u54c8\u54c8\u6211\u61c9\u8a72\u8d70\u4e0d\u958b"
        }
    ]
}