{
    "video_info": {
        "id": "zIZ55OdDF4Q",
        "channelTitle": "\u9ec3\u963f\u746a\u7684\u5f8c\u5bae\u751f\u6d3b",
        "title": "\u3010\u9ec3\u963f\u746a\u7684\u5f8c\u5bae\u751f\u6d3b\u3011\u62dc\u8a2a\u56db\u5c0f\u864e\uff01\u9806\u4fbf\u91cf\u9ad4\u91cd\uff01",
        "description": "\u4e45\u9055\u7684\u62dc\u8a2a\u56db\u5c0f\u864e\u5566\uff01\u4ed6\u5011\u6eff\u56db\u6b72\u5566\uff0c\u7576\u5e74\u53ef\u4ee5\u62b1\u5728\u624b\u4e0a\u9935\u5976\u7684\u5c0f\u8c93\uff0c\u73fe\u5728\u90fd\u53ef\u4ee5\u7576\u555e\u9234\u62ff\u4f86\u5065\u8eab\u4e86\u2026\n\u00d7 \u983b\u9053\u66f4\u65b0\u70ba\u9031\u4e94\u665a\u9593\u516d\u9ede\uff0c\u4e0d\u5b9a\u6642\u767c\u4f48\u5176\u5b83\u5f71\u7247\uff01\u00d7\n\u8a02\u95b1\u6211\u5011\uff1ahttps://goo.gl/5L8xkV\n\u963f\u746a\u5b98\u7db2\uff1ahttps://www.fumeanstore.com\n\n\u3010\u5c0f\u82b1\u56db\u6b72\u751f\u65e5QA\uff01\u8ddf\u67da\u5b50\u611f\u60c5\u8fd1\u6cc1\uff1f\u3011\u5fd7\u9298\u8207\u72f8\u8c93\n\u25b6 https://youtu.be/9OFb34cqdtE\n\n-\n\n\u3010\u8fd1\u671f\u6d3b\u52d5\u3011\n\n\u3010\u8c93\u54aa\u8d85\u6709\u4e8b3\uff1a\u746a\u6c11\u8a8d\u8b49\u7c3d\u66f8\u6703\u3011\n* 7/23 14:00~17:00 \u53f0\u5357 \u653f\u5927\u66f8\u57ce (\u53f0\u5357\u5e02\u4e2d\u897f\u5340\u897f\u9580\u8def\u4e8c\u6bb5120\u865f)\n* 8/20 14:00~17:00 \u82b1\u84ee \u653f\u5927\u66f8\u57ce (\u82b1\u84ee\u7e23\u82b1\u84ee\u5e02\u4e2d\u5c71\u8def547-2\u865f)\n* 9/10 14:00~17:00 \u53f0\u5317 \u4e2d\u548c\u74b0\u7403\u8cfc\u7269\u4e2d\u5fc3 (\u65b0\u5317\u5e02\u4e2d\u548c\u5340\u4e2d\u5c71\u8def\u4e09\u6bb5122\u865f)\n* 11/19 14:00~17:00 \u9ad8\u96c4 \u6f22\u795e\u5de8\u86cb B1\u7279\u5c55\u5340 (\u9ad8\u96c4\u5e02\u5de6\u71df\u5340\u535a\u611b\u4e8c\u8def777\u865f)  \n* 12/03 14:00~17:00 \u53f0\u4e2d \u5ee3\u4e09SOGO 12\u6a13\u6d3b\u52d5\u5340 (\u53f0\u4e2d\u5e02\u897f\u5340\u53f0\u7063\u5927\u9053\u4e8c\u6bb5459\u865f)\n\u8a73\u7d30\u6d3b\u52d5\u8fa6\u6cd5\u8acb\u770b https://lihi3.cc/RMCIt/YT\n\n-\n\n\u7b2c\u4e09\u672c\u5716\u6587\u6f2b\u756b\u300a\u8c93\u54aa\u8d85\u6709\u4e8b3-\u8c93\u8c93\u7f8e\u98df\u6551\u63f4\u8a08\u756b\u300b\n\u5728\u746a\u746a\u5546\u884c\u8cfc\u8cb7\u5c31\u8d08\u9001\u300c\u5f8c\u5bae\u842c\u7528\u8b49\u4ef6\u5e36\u300d\uff08\u96a8\u6a5f1\u6b3e\uff09\n\n\u3010\u6436\u8cfc\u5c08\u5340\u3011   \n\u53f0\u7063(\u746a\u746a\u5546\u884c)\uff1ahttps://lihi1.com/vzhq3/catyt2\n\u203b\u5546\u884c\u7368\u5bb6\u8d08\u9001\u3010\u5f8c\u5bae\u842c\u7528\u8b49\u4ef6\u5e36\u3011\uff08\u51683\u6b3e\uff0c\u96a8\u6a5f\u8d08\u9001\u4e59\u6b3e\uff0c\u9001\u5b8c\u70ba\u6b62\uff09\n\u6e2f\u6fb3\u5730\u5340\uff1ahttps://reurl.cc/rZAq54\n\u99ac\u65b0\u5730\u5340\uff1ahttps://is.gd/Vs7aXI\n\n-\n\n\u30107-ELEVEN \u9ec3\u963f\u746a\u4e3b\u984c\u5e97\u3011\n\u4e3b\u984c\u5e97\u958b\u5e55\u5566\uff5e\n\u8cb7\u5496\u5561\u5c31\u53ef\u4ee5\u7372\u5f97\u672c\u5e97\u9650\u5b9a\u7684\u963f\u746aCITY CAFE\u676f\uff01\n\u5e97\u5167\u9084\u6709\u5f88\u591a\u6771\u897f\u53ef\u4ee5\u62cd\u7167\uff0c\u6b61\u8fce\u4f86\u901b\u901b\uff5e\n\u5730\u5740\uff1a7-ELEVEN\u6566\u4fe1\u9580\u5e02\uff08\u53f0\u5317\u5e02\u5927\u5b89\u5340\u4ec1\u611b\u8def\u56db\u6bb5122\u5df750\u865f1\u6a13\uff09\n\n-\n\n\u7b2c\u516b\u672c\u5e74\u5ea6\u8457\u4f5c\u300a\u6700\u73cd\u60dc\u7684\u6642\u5149\u300b\n\u53f0\u7063\uff08\u746a\u746a\u5546\u884c\uff09\uff1ahttps://lihi2.com/EIuQg/fumeancatYT\n\u6e2f\u6fb3\u5730\u5340\uff1ahttps://parg.co/UN4Q\n\u99ac\u65b0\u5730\u5340\uff1ahttps://parg.co/UN4s\n\n-\n\n\u3010\u963f\u746a Line\u8cbc\u5716\uff06\u4e3b\u984c\u3011\n\u300a\u6700\u65b0\u4e0a\u67b6\u300bhttps://reurl.cc/8jK0q4\n\u300a\u66f4\u591a\u8cbc\u5716\u300bhttps://reurl.cc/4RY6L2\n\n\u3010\u963f\u746a\u5b98\u7db2-\u746a\u746a\u5546\u884c\u3011\n\u25b6\u00a0https://www.fumeanstore.com/\n\u300a\u6700\u65b0\u5546\u54c1\u300b304\u4e0d\u93fd\u92fc\u9910\u5177\u3001\u7ae5\u88dd\u7d14\u68c9\u77edT\u3001\u5f8c\u5bae\u5922\u4e4b\u8239\u58d3\u514b\u529b\u9020\u578b\u7acb\u724c\n\n---\n\n\u3010\u5408\u4f5c\u9080\u7d04/IP\u806f\u540d\u6388\u6b0a\u3011\nfumeanaction@gmail.com \uff08\u6b61\u8fce\u4f86\u4fe1\u6d3d\u8ac7\uff09\n\n\u3014\u7248\u6b0a\u6240\u6709\uff0c\u975e\u7d93\u8a31\u53ef\u52ff\u8f49\u8f09\u81f3\u4efb\u4f55\u5e73\u53f0\u3015\n\u3014\u9818\u990a\u4e0d\u68c4\u990a\u3015",
        "likeCount": "9790",
        "commentCount": "552",
        "viewCount": "282190"
    },
    "comments": [
        {
            "reply_id": "UgyTrVFKWTaPXFdyJ7d4AaABAg",
            "reply_content": "\u4e0d\u904e\u4ed6\u5011\u90fd\u597d\u89aa\u4eba"
        },
        {
            "reply_id": "UgyuBa9zrFfa8dPOqCZ4AaABAg",
            "reply_content": "\u6211\u5bb6\u7684\u5c0f\u8c93\u904e\u5341\u7a0b"
        },
        {
            "reply_id": "Ugyw3coubaDbGoPJ33h4AaABAg",
            "reply_content": "\u4e0d\u5206\u662f\u975e"
        },
        {
            "reply_id": "UgwktR66An-Z9vSX5md4AaABAg",
            "reply_content": "\u56db\u5c0f\u864e\u90fd\u53ef\u611b"
        },
        {
            "reply_id": "UgyZO4UAzD3aRpvGaWt4AaABAg",
            "reply_content": "\u6bd4\u963f\u746a\u9084\u5de8\u5927\u6211\u7684\u5929\u554a"
        },
        {
            "reply_id": "UgxS738Tm1GPMHHmxbl4AaABAg",
            "reply_content": "\u5f88\u60f3\u548c\u7260\u5011\u73a9\u904a\u6232"
        },
        {
            "reply_id": "Ugxye_Ls-Ds3tr3NBkV4AaABAg",
            "reply_content": "\u5f88\u53ef\u611b"
        },
        {
            "reply_id": "UgzGabgyeolV3ZDjxX94AaABAg",
            "reply_content": "\u756b\u9762\u5f9e\u8c46\u8c46\u9b5a\u5207\u56de\u5c0f\u82b1\u7a81\u7136\u89ba\u5f97\u5c0f\u82b1\u597d\u82d7\u689d\ud83d\ude2e"
        },
        {
            "reply_id": "UgxtCm67glFh9ebKVVd4AaABAg",
            "reply_content": "\u597d\u4e45\u6c92\u770b\u5230\u56db\u5c0f\u864e\u4e86"
        },
        {
            "reply_id": "Ugzs3r-DWQNrWjZ8CjZ4AaABAg",
            "reply_content": "\u7626\u82b1"
        },
        {
            "reply_id": "UgzrAKq-UvaoVhlC6Jt4AaABAg",
            "reply_content": "\u61f7\u7591\u56db\u5c0f\u864e\u7684\u7238\u7238\u53ef\u80fd\u662f\u7dec\u56e0\u5de8\u8c93"
        },
        {
            "reply_id": "UgxBu2myX619hKpqorx4AaABAg",
            "reply_content": "\u9aa8\u67b6\u771f\u5927"
        },
        {
            "reply_id": "Ugx_Frj56KgON0anCM94AaABAg",
            "reply_content": "\u5c0f\u82b1\u8ddf\u6211\u540c\u5929\u751f\u65e5\u8036"
        },
        {
            "reply_id": "UgxXdw3wmcK_-L5-ipR4AaABAg",
            "reply_content": "\u4e09\u5c0f\u864e\u90fd\u6210\u4e86\u52a0\u83f2\u8c93"
        },
        {
            "reply_id": "Ugy4koM-TPtZRDz23tl4AaABAg",
            "reply_content": "\u5c0f\u82b1\u771f\u7684\u5f88\u7626\u6b38\u54c8\u54c8\u54c8"
        },
        {
            "reply_id": "UgzEHb7uB9sXnDpgQwl4AaABAg",
            "reply_content": "\u9748\u6d3b\u7684\u80d6\u8c93\u54c8\u54c8\u54c8\u54c8\u54c8\u54c8"
        },
        {
            "reply_id": "UgxfPmHVsghoEaIq-A14AaABAg",
            "reply_content": "\u56db\u5c0f\u864e\u597d\u53ef\u611b\u751f\u65e5\u5feb\u6a02\u5065\u5065\u5eb7\u5eb7\u5feb\u5feb\u6a02\u6a02\u5e73\u5e73\u5b89\u5b89"
        },
        {
            "reply_id": "Ugw3BrD8jDTCc7c4Sqp4AaABAg",
            "reply_content": "\u56db\u80d6\u864e"
        },
        {
            "reply_id": "UgwFT4AtiO8srLD8-5h4AaABAg",
            "reply_content": "\u5446\u5446\u548c\u5927\u5c11\u723a\u73a9\u65b0\u7684\u9017\u8c93\u68d2\u6642\u5f77\u5f7f\u770b\u5230\u5e74\u8f15\u6642\u7684\u67da\u5b50"
        },
        {
            "reply_id": "UgxApe2D1gnE9UpUPOh4AaABAg",
            "reply_content": "\u770b\u56de\u9867\uff0c\u6709\u4e00\u7a2e\u904e\u5e74\u89aa\u621a\u5728\u56de\u61b6\u5c0f\u5b69\u5c0f\u6642\u5019\u7684\u65e2\u8996\u611f"
        },
        {
            "reply_id": "UgzKA7mvPFAzRalMth94AaABAg",
            "reply_content": "\u4e00\u5bb6\u4eba\u773c\u775b\u9577\u597d\u50cf"
        },
        {
            "reply_id": "UgxXhyljl1ato3dqOYR4AaABAg",
            "reply_content": "\u771f\u7684\u597d\u982d\u597d\u58ef\u58ef\u5440"
        },
        {
            "reply_id": "UgzU3CsCD4ObWHDNQHh4AaABAg",
            "reply_content": "\u5446\u5446\u548c\u5927\u5c11\u723a\u73a9\u6642\u5f88\u50cf\u9748\u6d3b\u7684\u5c0f\u80d6\u5b50\ud83d\ude06\u8c46\u8c46\u9b5a\u82b1\u7d0b\u8ddf\u6211\u5bb6\u8c93\u9577\u7684\u4e00\u6a23\u8d85\u7d1a\u53ef\u611b\u2764\u771f\u60f3\u62b1\u62b1\u770b"
        },
        {
            "reply_id": "Ugz0vc_1MBM9k4LsesF4AaABAg",
            "reply_content": "\u56db\u5c0f\u864e\u5c0f\u82b1\u6700\u5c0f\u96bb\u8036"
        },
        {
            "reply_id": "UgxjeXvi_j1V0mCwZ8Z4AaABAg",
            "reply_content": "\u56db\u5c0f\u864e\u548c\u6211\u751f\u65e5\u540c\u5929"
        }
    ]
}