{
    "video_info": {
        "id": "ZVcCAFKwwtQ",
        "channelTitle": "\u9ec3\u963f\u746a\u7684\u5f8c\u5bae\u751f\u6d3b",
        "title": "\u3010\u9ec3\u963f\u746a\u7684\u5f8c\u5bae\u751f\u6d3b\u3011\u7528\u6162\u52d5\u4f5c\u770b\u5f8c\u5bae\uff01\u6d63\u8178\u6162\u534a\u62cd\uff01",
        "description": "\u6d63\u8178\uff1a\u300c\u770b\u6211\u7684\u53b2\u5bb3\uff01\u300d\n\u00d7 \u983b\u9053\u66f4\u65b0\u70ba\u9031\u4e94\u665a\u9593\u516d\u9ede\uff0c\u4e0d\u5b9a\u6642\u767c\u4f48\u5176\u5b83\u5f71\u7247\uff01\u00d7\n\u8a02\u95b1\u6211\u5011\uff1ahttps://goo.gl/5L8xkV\n\u963f\u746a\u5b98\u7db2\uff1ahttps://www.fumeanstore.com\n\n\u3010\u990a\u4e86\u65b0\u5bf5\u7269\uff01\u4e00\u6b21\u56db\u96bb\uff01\u3011\u5fd7\u9298\u8207\u72f8\u8c93\n\u25b6 https://youtu.be/b13vr8mYGVU\n\n-\n\n\u3010\u8fd1\u671f\u6d3b\u52d5\u3011\n\n\u3010\u8c93\u54aa\u8d85\u6709\u4e8b3\uff1a\u746a\u6c11\u8a8d\u8b49\u7c3d\u66f8\u6703\u3011\n* 7/23 14:00~17:00 \u53f0\u5357 \u653f\u5927\u66f8\u57ce (\u53f0\u5357\u5e02\u4e2d\u897f\u5340\u897f\u9580\u8def\u4e8c\u6bb5120\u865f)\n* 8/20 14:00~17:00 \u82b1\u84ee \u653f\u5927\u66f8\u57ce (\u82b1\u84ee\u7e23\u82b1\u84ee\u5e02\u4e2d\u5c71\u8def547-2\u865f)\n* 9/10 14:00~17:00 \u53f0\u5317 \u4e2d\u548c\u74b0\u7403\u8cfc\u7269\u4e2d\u5fc3 (\u65b0\u5317\u5e02\u4e2d\u548c\u5340\u4e2d\u5c71\u8def\u4e09\u6bb5122\u865f)\n* 11/19 14:00~17:00 \u9ad8\u96c4 \u6f22\u795e\u5de8\u86cb B1\u7279\u5c55\u5340 (\u9ad8\u96c4\u5e02\u5de6\u71df\u5340\u535a\u611b\u4e8c\u8def777\u865f)  \n* 12/03 14:00~17:00 \u53f0\u4e2d \u5ee3\u4e09SOGO 12\u6a13\u6d3b\u52d5\u5340 (\u53f0\u4e2d\u5e02\u897f\u5340\u53f0\u7063\u5927\u9053\u4e8c\u6bb5459\u865f)\n\u8a73\u7d30\u6d3b\u52d5\u8fa6\u6cd5\u8acb\u770b https://lihi3.cc/RMCIt/YT\n\n-\n\n\u7b2c\u4e09\u672c\u5716\u6587\u6f2b\u756b\u300a\u8c93\u54aa\u8d85\u6709\u4e8b3-\u8c93\u8c93\u7f8e\u98df\u6551\u63f4\u8a08\u756b\u300b\n\u5728\u746a\u746a\u5546\u884c\u8cfc\u8cb7\u5c31\u8d08\u9001\u300c\u5f8c\u5bae\u842c\u7528\u8b49\u4ef6\u5e36\u300d\uff08\u96a8\u6a5f1\u6b3e\uff09\n\n\u3010\u6436\u8cfc\u5c08\u5340\u3011   \n\u53f0\u7063(\u746a\u746a\u5546\u884c)\uff1ahttps://lihi1.com/vzhq3/catyt2\n\u203b\u5546\u884c\u7368\u5bb6\u8d08\u9001\u3010\u5f8c\u5bae\u842c\u7528\u8b49\u4ef6\u5e36\u3011\uff08\u51683\u6b3e\uff0c\u96a8\u6a5f\u8d08\u9001\u4e59\u6b3e\uff0c\u9001\u5b8c\u70ba\u6b62\uff09\n\u6e2f\u6fb3\u5730\u5340\uff1ahttps://reurl.cc/rZAq54\n\u99ac\u65b0\u5730\u5340\uff1ahttps://is.gd/Vs7aXI\n\n-\n\n\u30107-ELEVEN \u9ec3\u963f\u746a\u4e3b\u984c\u5e97\u3011\n\u4e3b\u984c\u5e97\u958b\u5e55\u5566\uff5e\n\u8cb7\u5496\u5561\u5c31\u53ef\u4ee5\u7372\u5f97\u672c\u5e97\u9650\u5b9a\u7684\u963f\u746aCITY CAFE\u676f\uff01\n\u5e97\u5167\u9084\u6709\u5f88\u591a\u6771\u897f\u53ef\u4ee5\u62cd\u7167\uff0c\u6b61\u8fce\u4f86\u901b\u901b\uff5e\n\u5730\u5740\uff1a7-ELEVEN\u6566\u4fe1\u9580\u5e02\uff08\u53f0\u5317\u5e02\u5927\u5b89\u5340\u4ec1\u611b\u8def\u56db\u6bb5122\u5df750\u865f1\u6a13\uff09\n\n-\n\n\u7b2c\u516b\u672c\u5e74\u5ea6\u8457\u4f5c\u300a\u6700\u73cd\u60dc\u7684\u6642\u5149\u300b\n\u53f0\u7063\uff08\u746a\u746a\u5546\u884c\uff09\uff1ahttps://lihi2.com/EIuQg/fumeancatYT\n\u6e2f\u6fb3\u5730\u5340\uff1ahttps://parg.co/UN4Q\n\u99ac\u65b0\u5730\u5340\uff1ahttps://parg.co/UN4s\n\n-\n\n\u3010\u963f\u746a Line\u8cbc\u5716\uff06\u4e3b\u984c\u3011\n\u300a\u6700\u65b0\u4e0a\u67b6\u300bhttps://reurl.cc/8jK0q4\n\u300a\u66f4\u591a\u8cbc\u5716\u300bhttps://reurl.cc/4RY6L2\n\n\u3010\u963f\u746a\u5b98\u7db2-\u746a\u746a\u5546\u884c\u3011\n\u25b6\u00a0https://www.fumeanstore.com/\n\u300a\u6700\u65b0\u5546\u54c1\u300b304\u4e0d\u93fd\u92fc\u9910\u5177\u3001\u7ae5\u88dd\u7d14\u68c9\u77edT\u3001\u5f8c\u5bae\u5922\u4e4b\u8239\u58d3\u514b\u529b\u9020\u578b\u7acb\u724c\n\n---\n\n\u3010\u5408\u4f5c\u9080\u7d04/IP\u806f\u540d\u6388\u6b0a\u3011\nfumeanaction@gmail.com \uff08\u6b61\u8fce\u4f86\u4fe1\u6d3d\u8ac7\uff09\n\n\u3014\u7248\u6b0a\u6240\u6709\uff0c\u975e\u7d93\u8a31\u53ef\u52ff\u8f49\u8f09\u81f3\u4efb\u4f55\u5e73\u53f0\u3015\n\u3014\u9818\u990a\u4e0d\u68c4\u990a\u3015",
        "likeCount": "4530",
        "commentCount": "176",
        "viewCount": "101744"
    },
    "comments": [
        {
            "reply_id": "UgxYeWNx8K5np00Vuc94AaABAg",
            "reply_content": "\u611f\u89ba\u9019\u651d\u5f71\u5668\u6750\u5f88\u597d\u5f88\u8cb4"
        },
        {
            "reply_id": "UgwvM3LmX0H0Kc3Mf4F4AaABAg",
            "reply_content": "\u628a\u4f60\u963f\u5b24\u8ce3\u6389\u90a3\u4e00\u6bb5\u8d85\u597d\u7b11\u7684"
        },
        {
            "reply_id": "UgyydwOFUQJOYnl9Qs14AaABAg",
            "reply_content": "\u5c0f\u82b1\u77aa\u8457\u5713\u5713\u5927\u773c\u775b\u7684\u756b\u9762\u5b8c\u5168\u5c31\u662f\u7121\u8f9c\u978b\u8c93\u963f\u8d85\u53ef\u611b\ud83d\ude0d"
        },
        {
            "reply_id": "UgzYQCFWQFvBvvPE3jl4AaABAg",
            "reply_content": "\u4e09\u8173\u5a18\u5a18\u597d\u6027\u611f"
        },
        {
            "reply_id": "Ugw5JBQuRPOjj931X494AaABAg",
            "reply_content": "\u5c0f\u82b1\u7684\u8868\u60c5\u771f\u7684\u8d85\u7d1a\u53ef\u611b\u6700\u559c\u6b61\u4ed6\u840c\u840c\u5927\u773c\u775b\u2764"
        },
        {
            "reply_id": "UgybQNAkTpapcSmNTdh4AaABAg",
            "reply_content": "\u597d\u60f3\u807d\u5230\u8c93\u7684\u8072\u97f3"
        },
        {
            "reply_id": "UgyXQ7ubN8R6KY5qh9F4AaABAg",
            "reply_content": "\u9ec3\u963f\u746a\u8d85\u53ef\u611b\u592a\u53ef\u611b\u59d1\u59d1\u5bb6\u6709\u8c93\u54aa\u9ec3\u963f\u746a\u770b\u5f71\u7247\u770b\u5230\u8c93\u54aa\u597d\u53ef\u611b\u2764"
        },
        {
            "reply_id": "UgzPZldsPJ5IgAm1RbN4AaABAg",
            "reply_content": "\u597d\u53ef\u7231"
        },
        {
            "reply_id": "UgxAwqyFXnPAMX4obXF4AaABAg",
            "reply_content": "\u67da\u5b50\u8d85\u6d3e\u7684"
        },
        {
            "reply_id": "UgxOF66y49AB6hJUX0R4AaABAg",
            "reply_content": "\u67da\u5b50\u597d\u5e25\u5594"
        },
        {
            "reply_id": "UgxoAvj4m6IGX2yVUNd4AaABAg",
            "reply_content": "\u4e45\u9055\u7684\u6162\u52d5\u4f5c\u7cfb\u5217\u7d42\u65bc\u56de\u4f86\u4e86\uff0c\u6162\u52d5\u4f5c\u7684\u5f8c\u5bae\u8c93\u54aa\u5011\u90fd\u8d85\u840c\u7684"
        },
        {
            "reply_id": "UgxrNrcGgHiNsSmTUKx4AaABAg",
            "reply_content": "\u5f8c\u5bae\u5404\u4f4d\u8d85\u53ef\u611b\u7684"
        },
        {
            "reply_id": "Ugz1zkcyg_8y1-6sgKh4AaABAg",
            "reply_content": "\u6d63\u8178\u5bf6\u8c9d\u771f\u53ef\u611b"
        },
        {
            "reply_id": "UgzLAcVBYY2Qo304Qkd4AaABAg",
            "reply_content": "\u554a\u554a\u554a\u554a\u554a\u5c0f\u82b1\u597d\u53ef\u611b\u554a\u554a\u554a\u554a\u554a"
        },
        {
            "reply_id": "UgyAUlawGyIGtP3QddZ4AaABAg",
            "reply_content": "\u6d63\u8178\u9b25\u96de\u773c\u597d\u53ef\u611b"
        },
        {
            "reply_id": "UgzsVZ13WI6pWQ486WB4AaABAg",
            "reply_content": "\u5c0f\u82b1\u597d\u53ef\u611b"
        },
        {
            "reply_id": "Ugy8uNRGcjyR62K-8Jh4AaABAg",
            "reply_content": "\u53ef\u80fd\u8981\u6539\u628a\u72f8\u8c93\u8ce3\u6389"
        },
        {
            "reply_id": "Ugws14D5GyYwEWwLEPR4AaABAg",
            "reply_content": "\u5b83\u4eec\u7684\u6162\u52a8\u4f5c\u597d\u53ef\u7231\u54e6"
        },
        {
            "reply_id": "UgymhtXEb2qZ8Fw8g8d4AaABAg",
            "reply_content": "\u6700\u6700\u6700\u611b\u4e09\u8173\u5a18\u5a18"
        },
        {
            "reply_id": "Ugz3-iw7KaRSTUFMIgB4AaABAg",
            "reply_content": "\u665a\u5b89"
        },
        {
            "reply_id": "UgxHN9t5wBZlwbCORIB4AaABAg",
            "reply_content": "\u597d\u53ef\u611b\u5594"
        },
        {
            "reply_id": "UgwbK5g51DqoHC0CeEN4AaABAg",
            "reply_content": "\u524d\u6392"
        },
        {
            "reply_id": "Ugx4IB7StOJV4-OfWI94AaABAg",
            "reply_content": "\u7b2c\u4e00\u500b"
        }
    ]
}