{
    "channel": {
        "title": "\u8056\u7d50\u77f3Saint",
        "id": "UCIdhd_1spj49unBWx1fjS2A",
        "customUrl": "@saintjey1113",
        "uploads": "UUIdhd_1spj49unBWx1fjS2A"
    },
    "videos": [
        {
            "id": "6SP-2Eex1GU",
            "title": "\u6211\u767c\u73feUSB\u4e2d10\u5e74\u524d\u7559\u4e0b\u4f86\u7684\u6bd4\u7279\u5e63\uff0c\u73fe\u5728\u50f9\u503c\u591a\u5c11\u5462\uff1f"
        },
        {
            "id": "0shUmmm1x94",
            "title": "\u6211\u6703\u501f\u9322\u7d66\u6bcf\u4e00\u4f4d\u770b\u5b8c\u9019\u90e8\u5f71\u7247\u7684\u4eba"
        },
        {
            "id": "B8tAF-5j7JE",
            "title": "\u6839\u672c\u5c31\u4e0d\u6703\u518d\u898b\u9762 \u4f60\u9084\u4ee5\u70ba\u6709"
        },
        {
            "id": "ue49W11DmYI",
            "title": "\u300a\u4f60\u8cb7\u904e\u6700\u8cb4\u7684\u6771\u897f\u662f\u4ec0\u9ebc\uff1f\u300b"
        },
        {
            "id": "XQINoFtaKgE",
            "title": "10u\u66b4\u8cfa1000u\u5c31\u7206\u8ce0\u7684\u4eba\u5728\u54ea\uff1f"
        },
        {
            "id": "UeFRa90Pu0M",
            "title": "\u300a100\u5143\u8ddf\u4f60\u8cb7\u4e00\u500b\u79d8\u5bc6\u300b"
        },
        {
            "id": "f9jN4_ZVVb0",
            "title": "\u912d\u91cd\u9053\u6b49"
        },
        {
            "id": "pzZ7BH9VX7c",
            "title": "\u300a100\u5143\u8ddf\u4f60\u8cb7\u4e00\u500b\u79d8\u5bc6\u300b"
        },
        {
            "id": "UUC6ajScsyA",
            "title": "\u300a100\u5143\u8ddf\u4f60\u8cb7\u4e00\u500b\u79d8\u5bc6\u300b"
        },
        {
            "id": "naWm-_IHkjg",
            "title": "\u8981\u725b\u4e86\u6c92\uff1f"
        },
        {
            "id": "LxWc-JIxcz0",
            "title": "\u597d\u523a\u6fc0\u554a\u554a\u554a\u554a\uff0c\u70ba\u4ec0\u9ebc\u6c92\u6709\u4e00\u4f4d\u5973\u8001\u5e2b\u770b\u4e0a\u904e\u6211\uff1f #\u5e2b\u751f\u6200 #\u8857\u8a2a"
        },
        {
            "id": "rqQ_njTYZ4w",
            "title": "\u300a\u7528100\u5143\u8ddf\u4f60\u8cb7\u4e00\u500b\u79d8\u5bc6\u300b"
        },
        {
            "id": "SkT-VmnBVvQ",
            "title": "\u58fd\u53f8\u90ce\u60e1\u641e\u6311\u6230\uff01\uff1f"
        },
        {
            "id": "jgLcs9wmcek",
            "title": "\u300a100\u5143\u8ddf\u4f60\u8cb7\u4e00\u500b\u79d8\u5bc6\u300b"
        },
        {
            "id": "s7ZFJV2_leM",
            "title": "\u6211\u522a\u9664\u4e86\u81ea\u5df1\u64c1\u6709\u6578\u5341\u842c\u8ffd\u8e64\u7684\u7c89\u7d72\u5c08\u9801\u3002"
        },
        {
            "id": "QodSI7_ARAU",
            "title": "\u958b\u7bb1\u97d3\u570b\u4e0d\u5012\u7fc1\u4e7e\u62cc\u676f\u9eb5\uff0c\u5473\u9053\u4e0d\u932f\u554a\u3002"
        },
        {
            "id": "mMA-uepYeVc",
            "title": "\u958b\u7bb1\u5168\u806f\u611b\u4e4b\u5473\u7b52\u4ed4\u7897\u7cbf\u7f50\u982d\uff01"
        },
        {
            "id": "kvD2OoBcxkE",
            "title": "\u958b\u7bb17-11\u5477\u4e03\u7897\u7d93\u5178\u5317\u90e8\u7cbd\uff01\u795d\u5927\u5bb6\u7aef\u5348\u5b89\u5eb7\uff01"
        },
        {
            "id": "DxA3yso5Upw",
            "title": "\u958b\u7bb17-11\u60dc\u60dc\u5eb7\u666e\u8336\u9178\u751c\u9752\u6885\u53e3\u5473"
        },
        {
            "id": "eH2J_mh6zAg",
            "title": "\u958b\u7bb1\u5168\u5bb6\u65b0\u54c1\u535a\u4ec1\u5802\u9996\u70cf\u990a\u6c23\u6392\u9aa8\u6e6f\uff01"
        },
        {
            "id": "hzEclQz0cXM",
            "title": "\u958b\u7bb1\u5168\u5bb6\u9f0e\u6cf0\u8c50\u6c99\u8336\u8c6c\u8089\u71f4\u98ef\ud83e\udd70"
        },
        {
            "id": "G5yl6nfyrkM",
            "title": "\u8ab0\u6703\u958b\u7bb1\u6c99\u62c9\u5566\uff01\u6211\u554a\u3002"
        },
        {
            "id": "RDLIIS55I_k",
            "title": "\u958b\u7bb1\u5168\u5bb6\u9f0e\u738b\u9ebb\u8fa3\u86cb\uff0c\u9019\u53c8\u8fa3\u53c8\u9ebb\u53c8\u9999\u7684\u73a9\u610f\u5152\ud83d\udd25"
        },
        {
            "id": "U6O_ew-EfUY",
            "title": "\u958b\u7bb1\u6211\u6700\u5e38\u559d\u7684SUPER X\u9802\u7d1a\u5206\u96e2\u4e73\u6e05\u86cb\u767d\u98f2-\u5976\u8336\u98a8\u5473\ud83d\udd25"
        },
        {
            "id": "yyu74RcxiL4",
            "title": "\u597d\u597d\u73a9"
        }
    ]
}