{
    "video_info": {
        "id": "Jrx6OfJzs1A",
        "channelTitle": "\u641e\u795e\u99ac",
        "title": "\u3010\u795e\u99ac\u881f\u50cf\u9928\u3011\u771f\u624bvs\u5047\u624b\uff5c\u4f86\u8907\u88fd\u81ea\u5df1\u5427\uff5c",
        "description": "\u3010\u8ca9\u552e\u671f\u9593\uff1a2023/8/23-9/30\u3011\n\u641e\u795e\u99ac\u591a\u5143\u5b87\u5b99\u70e4\u8089\u5957\u7d44\uff1ahttps://lihi2.com/c5h84\n\u9999\u6e2f\u7684\u5b87\u5b99\u9019\u908a\u8d70\uff1ahttps://www.meatnpot.com/\n\n\ud83d\udd25\u53f0\u7063\u5957\u7d44\u7684\u51fa\u8ca8\u898f\u5247\ud83d\udd25\n- 9/21\u524d\u4e0b\u55ae\u4ed8\u6b3e\u5b8c\u6210\uff0c\u53ef\u5728\u4e2d\u79cb\u524d\u6536\u5230\n- 9/21\u5f8c\u4e0b\u55ae\u4ed8\u6b3e\u5b8c\u6210\u6703\u4f9d\u5e8f\u8a02\u55ae\u5b89\u6392\u51fa\u8ca8\uff0c\u4e2d\u79cb\u570b\u5b9a\u5047\u65e5\u53ca\u5047\u65e5\u9806\u5ef6\u81f3\u4e0a\u73ed\u65e5\u51fa\u8ca8\n\n\n\u2764 \u6bcf\u5468\u4e09\u3001\u516d\u3001\u65e5\u90fd\u6709\u65b0\u5f71\u7247 !! \u5f9e\u4eca\u5929\u8d77\u958b\u59cb\u8a02\u95b1\u5427 !! \u2764\n\u52a0\u5165\u6703\u54e1\u2794https://www.youtube.com/channel/UCAsviiS5DE0pcuvxPRrrAzQ/join\n\u5728Facebook\u4e0a\u8ffd\u8e64\u6211\u5011 \u2794 https://www.facebook.com/ksmytstudio\n\u5728IG\u4e0a\u8ffd\u8e64\u6211\u5011 \u2794https://www.instagram.com/shenma_kingofcrap/\n\n\u2764\u5de5\u5546\u5408\u4f5c\u4fe1\u7bb1\uff1aksmytstudio@capsuleinc.cc\n\u2764\u8fa6\u6d3b\u52d5\u3001\u51fa\u5468\u908a\u3001\u806f\u540d\u5546\u54c1\u90fd\u6b61\u8fce\u627eCAPSULE\uff1a https://capsuleinc.co/\n\n\ud83c\udfac\u66f4\u591a\u5f71\u7247\ud83c\udfac\n\n\ud83c\udf54\u98df\u7269\u7cfb\u5217\ud83c\udf5f:https://goo.gl/fA7y1Z\n\ud83d\udca5\u65e5\u5e38\u7cfb\u5217\ud83d\udca5:https://goo.gl/qfbhyP\n\n\u4ee5\u4e0b\u662f\u6211\u5011\u7684\u4e3b\u983b\u9053\uff01\u6b61\u8fce\u4f86\u8a8d\u8b58\u6211\u5011\uff01\n\uff08\u9999\u6e2f\u4eba\uff09\u99ac\u7530\uff08\u5eda\u85dd\uff09\uff1ahttps://www.youtube.com/user/dimcookguide\n\uff08\u53f0\u7063\u4eba\uff09\u963f\u795e\uff08\u904a\u6232\uff09\uff1ahttps://www.youtube.com/user/charlie615119",
        "likeCount": "5274",
        "commentCount": "225",
        "viewCount": "136968"
    },
    "comments": [
        {
            "reply_id": "UgwicQ1Kc-8qGzzUqTB4AaABAg",
            "reply_content": "\u597d\u61f7\u5ff5\u5594\n\u4ee5\u524d\u5728\u591c\u5e02\u771f\u7684\u770b\u5f97\u5230\u5e6b\u4eba\u505a\u624b\u819c\u881f\u50cf\u7684\u6524\u4f4d\u6b38",
            "likeCount": 4
        },
        {
            "reply_id": "UgyQvEjwkdKjAELf9fl4AaABAg",
            "reply_content": "\u56e0\u8a72\u539f\u672c\u662f\u7528\u4f86\u871c\u881f\u9664\u6bdb\u7528\u7684",
            "likeCount": 1
        },
        {
            "reply_id": "Ugya39w8xoGNG03-YKp4AaABAg",
            "reply_content": "\u795e\u99ac\u7684\u8272\u8272\u4e4b\u8def\u4e00\u53bb\u4e0d\u5fa9\u8fd4\u4e86\u5462",
            "likeCount": 0
        },
        {
            "reply_id": "Ugz-TLzfLZlFtlPkq6V4AaABAg",
            "reply_content": "\u9a6c\u6765\u897f\u4e9a\u4e5f\u662f\u4e2d\u79cb\u8282\u73a9\u8721\u70db",
            "likeCount": 0
        },
        {
            "reply_id": "UgyzWrU2ss2Bjx4H1CN4AaABAg",
            "reply_content": "\u6de1\u6c34\u6cb3\u5824\u4e5f\u6709\u9019\u6771\u897f\u5594",
            "likeCount": 0
        },
        {
            "reply_id": "UgymNIxweSMB8ifQPjN4AaABAg",
            "reply_content": "\u5c0f\u6642\u5019\u5728\u7dad\u591a\u5229\u4e9e\u6e2f\u6d77\u65c1\u4e00\u5b9a\u6703\u770b\u5230\u9019\u7a2e\u5e97",
            "likeCount": 0
        },
        {
            "reply_id": "UgySZKlFF-vgEMQKC7t4AaABAg",
            "reply_content": "\u6211\u770b\u5230\u6253\u881f\u71ed\u7684\u7247\u6bb5\u9084\u4ee5\u70ba\u8ddf\u7121\u540d\u6c5f\u6e56\u5408\u4f5c\u311f",
            "likeCount": 0
        },
        {
            "reply_id": "UgxQg_6NbE2rJJegOrJ4AaABAg",
            "reply_content": "\u70ba\u4ec0\u9ebc\u9084\u6703\u7e7c\u7e8c\u66f4\u65b0\u641e\u795e\u99ac",
            "likeCount": 0
        },
        {
            "reply_id": "UgxmQufxktGaxrsazHF4AaABAg",
            "reply_content": "\u4e0d\u8fc7\u8fd9\u5e7f\u544a\u5012\u8ba1\u65f6\u6709\u70b9\u602a\u5440",
            "likeCount": 0
        },
        {
            "reply_id": "Ugyb_1xlSEh0y-v0kiB4AaABAg",
            "reply_content": "\u963f\u795e\u5728\u6211\u5c31\u5728\u963f\u795e\u4e0d\u5728\u6211\u9084\u5728",
            "likeCount": 0
        },
        {
            "reply_id": "UgyKpa-gtxusbxJ7L7l4AaABAg",
            "reply_content": "\u4e4b\u524d\u5728\u5916\u9762\u6709\u770b\u5230\u518d\u8ce3",
            "likeCount": 0
        },
        {
            "reply_id": "Ugz4TFBxUBygUYBNVHB4AaABAg",
            "reply_content": "\u99ac\u7530\u5cf6\u8d8a\u4f86\u8d8a\u6c92\u6709\u7bc0\u65e5\u6c23\u6c1b\u4e86",
            "likeCount": 0
        },
        {
            "reply_id": "UgzN1cvMm2vxik4DVfZ4AaABAg",
            "reply_content": "\u5b83\u90a3\u500b\u8981\u505a\u5f88\u539a\u624d\u4e0d\u6703\u88c2\u958b\u8b8a\u578b \u8981\u4e7e\u4e86\u518d\u4e0a\u4e00\u539a\u4e7e\u4e86\u53c8\u4e00\u539a",
            "likeCount": 0
        },
        {
            "reply_id": "UgwMe0uC83Bu5FPNjol4AaABAg",
            "reply_content": "\u539f\u6765\u9a6c\u7530\u5c9b\u8ddf\u9a6c\u6765\u897f\u4e9a\u4e00\u6837\u4e5f\u662f\u4e2d\u79cb\u73a9\u8721\u70db\u54e6\ud83d\ude05",
            "likeCount": 7
        },
        {
            "reply_id": "Ugy32hQ_GL60_9Y4r1J4AaABAg",
            "reply_content": "\u4e2d\u9593\u90a3\u500b\u7b2c\u4e00\u6b21\u770b\u5230\u881f\u786c\u6389\u7684\u90a3\u6bb5\uff0c\u7b11\u51fa\u4f86\u4e86",
            "likeCount": 1
        },
        {
            "reply_id": "UgyvdWD1ux39Ke_-lCN4AaABAg",
            "reply_content": "\u9084\u53ef\u4ee5\u770b\u5230\u963f\u795e\u5c31\u5f88\u597d\u4e86",
            "likeCount": 0
        },
        {
            "reply_id": "Ugz5bs7v6ircBxVMMad4AaABAg",
            "reply_content": "\u73fe\u5728\u9999\u6e2f\u7684\u592a\u5e73\u5c71\u6709\u5546\u5e97\u5728\u505a\u554a",
            "likeCount": 0
        },
        {
            "reply_id": "UgyFreEB4ZcdAXOgUWh4AaABAg",
            "reply_content": "\u9084\u4ee5\u70ba\u4e0d\u6703\u5728\u5230\u963f\u795e\u4e86",
            "likeCount": 0
        }
    ]
}