{
    "video_info": {
        "id": "LWF5mnWIWCM",
        "channelTitle": "\u641e\u795e\u99ac",
        "title": "\u3010\u9ed1\u7cd6\u632b\u51b0\u3011\u5168\u81ea\u52d5\u5228\u51b0\u6a5f\uff5c\u5c08\u696d\u7c97\u7d30\u8abf\u7bc0\uff5c\u958b\u6524\u795e\u5668",
        "description": "\u56e0\u8ca8\u904b\u7269\u6d41\u554f\u984c\u8863\u67b6\u5230\u8ca8\u6642\u9593\u5ef6\u5f8c\uff0c\u70ba\u4e86\u8b93\u5927\u5bb6\u5546\u54c1\u80fd\u5728\u4e2d\u79cb\u524d\u6536\u5230\uff0c\u90e8\u5206\u8a02\u55ae\u7684\u8863\u67b6\u6703\u4e8b\u5f8c\u518d\u5bc4\u51fam(_ _)m\n\u3010\u8ca9\u552e\u671f\u9593\uff1a2023/8/23-9/30\u3011\n\u641e\u795e\u99ac\u591a\u5143\u5b87\u5b99\u70e4\u8089\u5957\u7d44\uff1ahttps://lihi2.com/c5h84\n\u9999\u6e2f\u7684\u5b87\u5b99\u9019\u908a\u8d70\uff1ahttps://www.meatnpot.com/\n\u76ee\u524d\u53f0\u7063\u70e4\u8089\u7d44\u4e0b\u5b9a\uff0c\u6703\u5728\u4e2d\u79cb\u7bc0\u300c\u5f8c\u300d\u6536\u5230\u5594\uff01\n\n\n\u2764 \u6bcf\u5468\u4e09\u3001\u516d\u3001\u65e5\u90fd\u6709\u65b0\u5f71\u7247 !! \u5f9e\u4eca\u5929\u8d77\u958b\u59cb\u8a02\u95b1\u5427 !! \u2764\n\u52a0\u5165\u6703\u54e1\u2794https://www.youtube.com/channel/UCAsviiS5DE0pcuvxPRrrAzQ/join\n\u5728Facebook\u4e0a\u8ffd\u8e64\u6211\u5011 \u2794 https://www.facebook.com/ksmytstudio\n\u5728IG\u4e0a\u8ffd\u8e64\u6211\u5011 \u2794https://www.instagram.com/shenma_kingofcrap/\n\n\u2764\u5de5\u5546\u5408\u4f5c\u4fe1\u7bb1\uff1aksmytstudio@capsuleinc.cc\n\u2764\u8fa6\u6d3b\u52d5\u3001\u51fa\u5468\u908a\u3001\u806f\u540d\u5546\u54c1\u90fd\u6b61\u8fce\u627eCAPSULE\uff1a https://capsuleinc.co/\n\n\ud83c\udfac\u66f4\u591a\u5f71\u7247\ud83c\udfac\n\n\ud83c\udf54\u98df\u7269\u7cfb\u5217\ud83c\udf5f:https://goo.gl/fA7y1Z\n\ud83d\udca5\u65e5\u5e38\u7cfb\u5217\ud83d\udca5:https://goo.gl/qfbhyP\n\n\u4ee5\u4e0b\u662f\u6211\u5011\u7684\u4e3b\u983b\u9053\uff01\u6b61\u8fce\u4f86\u8a8d\u8b58\u6211\u5011\uff01\n\uff08\u9999\u6e2f\u4eba\uff09\u99ac\u7530\uff08\u5eda\u85dd\uff09\uff1ahttps://www.youtube.com/user/dimcookguide\n\uff08\u53f0\u7063\u4eba\uff09\u963f\u795e\uff08\u904a\u6232\uff09\uff1ahttps://www.youtube.com/user/charlie615119",
        "likeCount": "6235",
        "commentCount": "108",
        "viewCount": "177229"
    },
    "comments": [
        {
            "reply_id": "UgxdyXJbfT51bT1ov0p4AaABAg",
            "reply_content": "\u963f\u795e\u8aaa\u6709\u6c92\u6709\u5100\u5f0f\u611f\u90fd\u6642\u5019\u771f\u7684\u5f88\u50cf\u662f\u5973\u751f\u5973\u670b\u53cb\u5728\u5728\u610f\u5100\u5f0f\u611f\uff0c\u7136\u5f8c\u99ac\u7530\u662f\u7537\u65b9\u5728\u54c4\u5973\u670b\u53cb\u8aaa\u90a3\u4e0d\u7136\u518d\u4f86\u4e00\u6b21\u561b\n\u54c8\u54c8\u54c8\u54c8\u54c8",
            "likeCount": 20
        },
        {
            "reply_id": "Ugx99iAChuZlTc-t5XJ4AaABAg",
            "reply_content": "\u6703\u4e0d\u6703\u5176\u5be6\u8f49\u5230\u5e95\u51fa\u4e0d\u4f86\u5c31\u662f\u70ba\u4e86\u907f\u514d\u6ef4\u6c34\ud83d\udca6",
            "likeCount": 9
        },
        {
            "reply_id": "Ugw3OyZECOxJ_XgG7694AaABAg",
            "reply_content": "\u641e\u4e0d\u597d\u4e5f\u662f\u50cf\u963f\u795e\u4e3b\u983b\u9053\u90a3\u6a23\u597d\u4e45\u4e4b\u524d\u5c31\u62cd\u597d\u5f71\u7247\u5728\u6162\u6162\u91cb\u51fa\uff0c\u7136\u5f8c\u6700\u8fd1\u5c31\u4e0d\u62cd\u5f71\u7247(\u500b\u4eba\u60f3\u6cd5",
            "likeCount": 5
        },
        {
            "reply_id": "UgzpTH5XFA4ONcbvQ914AaABAg",
            "reply_content": "\u4e0d\u505a\u51b0\u6dc7\u6dcb\u7cfb\u5217\u662f\u56e0\u70ba\u51b0\u6dc7\u6dcb\u6a5f\u5df2\u7d93\u8ce3\u6389\u4e86\u5427",
            "likeCount": 2
        },
        {
            "reply_id": "UgxRzKX_ueH-xUePW0p4AaABAg",
            "reply_content": "\u963f\u795e\u9084\u6703\u62cd\u53f2\u840a\u59c6\u8fb2\u5834\u55ce",
            "likeCount": 0
        },
        {
            "reply_id": "UgzfC4dgY7zLD6kg8q14AaABAg",
            "reply_content": "\u770b\u65e5\u7d9c\u6559\u904e\u89e3\u6c7a\u51b0\u75db\u75db\u7684\u4e00\u62db\uff0c\u9019\u6642\u628a\u88dd\u51b0\u5bb9\u5668\u9760\u5728\u984d\u982d\u4e0a",
            "likeCount": 0
        },
        {
            "reply_id": "UgwtdeuvmO5zd5ftgd94AaABAg",
            "reply_content": "\u60f3\u554f\u4e00\u4e0b\u70e4\u8089\u5957\u7d44\u9999\u6e2f\u73fe\u5728\u662f\u5df2\u7d93\u8cb7\u4e0d\u5230\u4e86\u55ce\uff1f",
            "likeCount": 0
        },
        {
            "reply_id": "UgyxC_6bioCSHBeTAWF4AaABAg",
            "reply_content": "\u4f86\u8cb7\u6d41\u6c34\u7d20\u9762\u5927\u5408\u8f2f\u516b",
            "likeCount": 0
        },
        {
            "reply_id": "UgwNSX1JkUhHUqLuELR4AaABAg",
            "reply_content": "\u600e\u4e0d\u8cb7\u4e8c\u624b\u5228\u51b0\u5e97\u6a5f\u5668\u5462",
            "likeCount": 0
        },
        {
            "reply_id": "UgypONuk3I_fmZD1xo94AaABAg",
            "reply_content": "\u5927\u8178\u9eb5\u7dda\u53ef\u4ee5\u6574\u665a\u5228\u51b0\u55ce",
            "likeCount": 0
        },
        {
            "reply_id": "UgywMDH_eFkNNqQQrA14AaABAg",
            "reply_content": "\u770b\u9019\u90e8\u5f71\u7247\u7684\u540c\u6642\uff0c\u6211\u624b\u4e0a\u62ff\u8457\u6bd4\u83f2\u591a\u7684\u51b0\u68d2\u5403",
            "likeCount": 0
        }
    ]
}