{
    "video_info": {
        "id": "RNGoaYgEFus",
        "channelTitle": "\u641e\u795e\u99ac",
        "title": "\u3010\u958b\u5e97\u5566\u3011\u958b\u7bb1\u8eca\u8f2a\u9905\u6a5f\u5668\uff01\u7d05\u8c46\u9905\u3001\u5976\u6cb9\u9905\uff5c\u505a\u6e2f\u5f0f\u96de\u86cb\u4ed4\u683c\u9905\u98a8\u5473\uff5c",
        "description": "\u2764 \u6bcf\u5468\u4e09\u3001\u516d\u3001\u65e5\u90fd\u6709\u65b0\u5f71\u7247 !! \u5f9e\u4eca\u5929\u8d77\u958b\u59cb\u8a02\u95b1\u5427 !! \u2764\n\u52a0\u5165\u6703\u54e1\u2794https://www.youtube.com/channel/UCAsviiS5DE0pcuvxPRrrAzQ/join\n\u5728Facebook\u4e0a\u8ffd\u8e64\u6211\u5011 \u2794 https://www.facebook.com/ksmytstudio\n\u5728IG\u4e0a\u8ffd\u8e64\u6211\u5011 \u2794https://www.instagram.com/shenma_kingofcrap/\n\n\u2764\u5de5\u5546\u5408\u4f5c\u4fe1\u7bb1\uff1aksmytstudio@capsuleinc.cc\n\u2764\u8fa6\u6d3b\u52d5\u3001\u51fa\u5468\u908a\u3001\u806f\u540d\u5546\u54c1\u90fd\u6b61\u8fce\u627eCAPSULE\uff1a https://capsuleinc.co/\n\n\ud83c\udfac\u66f4\u591a\u5f71\u7247\ud83c\udfac\n\n\ud83c\udf54\u98df\u7269\u7cfb\u5217\ud83c\udf5f:https://goo.gl/fA7y1Z\n\ud83d\udca5\u65e5\u5e38\u7cfb\u5217\ud83d\udca5:https://goo.gl/qfbhyP\n\n\u4ee5\u4e0b\u662f\u6211\u5011\u7684\u4e3b\u983b\u9053\uff01\u6b61\u8fce\u4f86\u8a8d\u8b58\u6211\u5011\uff01\n\uff08\u9999\u6e2f\u4eba\uff09\u99ac\u7530\uff08\u5eda\u85dd\uff09\uff1ahttps://www.youtube.com/user/dimcookguide\n\uff08\u53f0\u7063\u4eba\uff09\u963f\u795e\uff08\u904a\u6232\uff09\uff1ahttps://www.youtube.com/user/charlie615119",
        "likeCount": "19723",
        "commentCount": "1051",
        "viewCount": "299863"
    },
    "comments": [
        {
            "reply_id": "UgzU4xAIhhKexp-qABF4AaABAg",
            "reply_content": "\u652f\u6301\u99ac\u7530\u8ddf\u963f\u795e\u7e7c\u7e8c\u7d93\u71df\u983b\u9053\u6c42\u751f",
            "likeCount": 0
        },
        {
            "reply_id": "Ugzrv87XvFQM8nTesJV4AaABAg",
            "reply_content": "\u70ba\u4ec0\u9ebc\u4e0d\u662f\u6c92\u6709\u9921\u6599\u7684\u90a3\u908a\u63d0\u8d77\u4f86\u53bb\u84cb\u6709\u9921\u6599\u90a3\u908a\ud83d\ude02",
            "likeCount": 0
        },
        {
            "reply_id": "UgxrJDD1ie9xpml0xx54AaABAg",
            "reply_content": "\u611f\u89ba\u662f\u9eb5\u7cca\u52a0\u591a\u4e86 \u5c11\u4e00\u9ede\u9ede\u61c9\u8a72\u5c31\u525b\u525b\u597d\u5427",
            "likeCount": 0
        },
        {
            "reply_id": "UgyvuyJgAq_BF1612tN4AaABAg",
            "reply_content": "\u6211\u4e5f\u5e0c\u671b\u641e\u795e\u99ac\u4e0d\u8981\u505c\u66f4\u6211\u5f9e\u4e00\u5e74\u7d1a\u770b\u5230\u570b\u4e2d",
            "likeCount": 0
        },
        {
            "reply_id": "Ugz78IPJBbF1-f74fJt4AaABAg",
            "reply_content": "\u770b\u4f60\u5011\u7684\u5f71\u7247\u771f\u7684\u8d85\u958b\u5fc3",
            "likeCount": 0
        },
        {
            "reply_id": "UgwMusT5wxHW5gdSdLF4AaABAg",
            "reply_content": "\u9a6c\u7530\u548c\u963f\u795e\u4e00\u8d77\u62cd\u89c6\u9891\u5e94\u8be5\u662f\u6700\u597d\u7684\u9009\u62e9",
            "likeCount": 0
        },
        {
            "reply_id": "UgxYAhvruVlQ8K092ad4AaABAg",
            "reply_content": "\u9019\u53f0\u8eca\u8f2a\u9905\u6a5f\u611f\u89ba\u4e0d\u932f",
            "likeCount": 0
        },
        {
            "reply_id": "UgzoIHDN22VWcoWtcAp4AaABAg",
            "reply_content": "\u6b38\u611f\u89ba\u96e3\u5f97\u6210\u529f\u4e00\u6b21\u54c8\u54c8\u54c8\u54c8\u54c8\u54c8",
            "likeCount": 0
        },
        {
            "reply_id": "UgzGB1C3CFMxiFmWtoV4AaABAg",
            "reply_content": "\u4f46\u56e0\u70ba\u90fd\u6709\u963f\u795e\u8ddf\u99ac\u7530",
            "likeCount": 0
        },
        {
            "reply_id": "UgwnYQkyhlDrlEnSChB4AaABAg",
            "reply_content": "\u60f3\u770b\u99ac\u7530\u53d4\u53d4\u505a\u8eca\u4ed4\u9eb5",
            "likeCount": 0
        },
        {
            "reply_id": "UgzlnchW_PD-ba6VIt94AaABAg",
            "reply_content": "\u51b0\u6dc7\u6dcb\u770b\u8d77\u4f86\u597d\u597d\u5403\u5594",
            "likeCount": 0
        },
        {
            "reply_id": "UgyqXcaP6AZSqVvP71h4AaABAg",
            "reply_content": "\u7345\u5b50\u5fc3\u597d\u50cf\u662f\u6b4c\u6797\u7684\u53e6\u4e00\u500b\u54c1\u724c",
            "likeCount": 0
        },
        {
            "reply_id": "Ugy0JiKQqem_w1GTYoZ4AaABAg",
            "reply_content": "\u505a\u7684\u98df\u7269\u7adf\u7136\u6709\u6b63\u5e38\u7684\u6771\u897f",
            "likeCount": 0
        },
        {
            "reply_id": "Ugx0kdZ0H186l06f5OJ4AaABAg",
            "reply_content": "\u6bcf\u6b21\u770b\u641e\u795e\u99ac\u771f\u7684\u90fd\u5f88\u6b61\u6a02~\u90a3\u500b\u6c1b\u570d\u5f88\u8212\u670d",
            "likeCount": 0
        },
        {
            "reply_id": "UgwsYk_1nh2cUskhkA14AaABAg",
            "reply_content": "\u4e00\u5b9a\u8981\u7e7c\u7e8c\u505a\u7684\u5566\uff01\u6211\u60f3\u770b\u8eca\u8f2a\u9905\u53ef\u4e0d\u53ef\u4ee5\u51b0\u6dc7\u6dcb",
            "likeCount": 0
        },
        {
            "reply_id": "UgzXPlQ4ZqQiDPtVs4Z4AaABAg",
            "reply_content": "\u54c7\u90a3\u500b\u51b0\u6dc7\u6dcb\u770b\u8d77\u4f86\u597d\u597d\u5403",
            "likeCount": 0
        },
        {
            "reply_id": "UgyltXwotLCPDa6_0U14AaABAg",
            "reply_content": "\u8b1d\u8b1d\u795e\u99ac\u4e00\u76f4\u5e36\u7d66\u6211\u5011\u6b61\u6a02 \u6bcf\u6b21\u90fd\u53ef\u4ee5\u8b93\u6211\u7b11\u5230\u65b7\u6c23",
            "likeCount": 1
        },
        {
            "reply_id": "Ugz3J9KC93Ct1IwQkSd4AaABAg",
            "reply_content": "\u641e\u795e\u9a6c\u7684\u5f71\u7247\u90fd\u6709\u770b\u8ddf\u70b9\u8d5e",
            "likeCount": 0
        },
        {
            "reply_id": "Ugzw4gy_n0VLE_3ZII94AaABAg",
            "reply_content": "\u7b97\u662f\u8fd9\u4e2a\u9891\u9053\u7684\u5f00\u9891\u8001\u89c2\u4f17\u4e86\uff0c\u5e0c\u671b\u963f\u795e\u548c\u9a6c\u7530\u53ef\u4ee5\u628a\u8fd9\u4e2a\u9891\u9053\u5feb\u5feb\u4e50\u4e50\u5730\u7ee7\u7eed\u7ecf\u8425\u4e0b\u53bb",
            "likeCount": 0
        },
        {
            "reply_id": "UgweZjzzROKNoFW7YVB4AaABAg",
            "reply_content": "\u90a3\u500b\u51b0\u6dc7\u6dcb\u770b\u8d77\u4f86\u597d\u597d\u5403",
            "likeCount": 0
        }
    ]
}