{
    "video_info": {
        "id": "RvtclJboDLI",
        "channelTitle": "\u641e\u795e\u99ac",
        "title": "\u3010\u56db\u5927\u5feb\u9910\u5e97\u3011\u5361\u8def\u91cc\u76db\u5bb4\uff5cBurger King\u56db\u5c64\u5168\u8089\u6f22\u5821\uff5c\u9ea5\u7576\u52de\u9ebb\u8fa3\u70b8\u96de\uff5cmos\u5929\u5a66\u7f85\u6f22\u5821\uff5c\u80af\u5fb7\u57fa\u53ef\u6a02\u9905\u6f22\u5821",
        "description": "\u2764 \u6bcf\u5468\u4e09\u3001\u516d\u3001\u65e5\u90fd\u6709\u65b0\u5f71\u7247 !! \u5f9e\u4eca\u5929\u8d77\u958b\u59cb\u8a02\u95b1\u5427 !! \u2764\n\u52a0\u5165\u6703\u54e1\u2794https://www.youtube.com/channel/UCAsviiS5DE0pcuvxPRrrAzQ/join\n\u5728Facebook\u4e0a\u8ffd\u8e64\u6211\u5011 \u2794 https://www.facebook.com/ksmytstudio\n\u5728IG\u4e0a\u8ffd\u8e64\u6211\u5011 \u2794https://www.instagram.com/shenma_kingofcrap/\n\n\u2764\u5de5\u5546\u5408\u4f5c\u4fe1\u7bb1\uff1aksmytstudio@capsuleinc.cc\n\u2764\u8fa6\u6d3b\u52d5\u3001\u51fa\u5468\u908a\u3001\u806f\u540d\u5546\u54c1\u90fd\u6b61\u8fce\u627eCAPSULE\uff1a https://capsuleinc.co/\n\n\ud83c\udfac\u66f4\u591a\u5f71\u7247\ud83c\udfac\n\n\ud83c\udf54\u98df\u7269\u7cfb\u5217\ud83c\udf5f:https://goo.gl/fA7y1Z\n\ud83d\udca5\u65e5\u5e38\u7cfb\u5217\ud83d\udca5:https://goo.gl/qfbhyP\n\n\u4ee5\u4e0b\u662f\u6211\u5011\u7684\u4e3b\u983b\u9053\uff01\u6b61\u8fce\u4f86\u8a8d\u8b58\u6211\u5011\uff01\n\uff08\u9999\u6e2f\u4eba\uff09\u99ac\u7530\uff08\u5eda\u85dd\uff09\uff1ahttps://www.youtube.com/user/dimcookguide\n\uff08\u53f0\u7063\u4eba\uff09\u963f\u795e\uff08\u904a\u6232\uff09\uff1ahttps://www.youtube.com/user/charlie615119",
        "likeCount": "9184",
        "commentCount": "257",
        "viewCount": "244186"
    },
    "comments": [
        {
            "reply_id": "UgwMpaXNnYXgLvizGCB4AaABAg",
            "reply_content": "\u6469\u65af\u73fe\u5728\u771f\u7684\u662f\u6240\u6709\u9023\u9396\u901f\u98df\u5e97\u4e2d\u6700\u9802\u5c16\u7684\ud83d\ude0e",
            "likeCount": 4
        },
        {
            "reply_id": "UgwHPGgrdcUKC8I32p14AaABAg",
            "reply_content": "\u7121\u9eb5\u5305\u6f22\u5821\u4e4b\u524d\u5c31\u6709\u4e86\u4e0d\u662f\u55ce\u53ea\u662f\u662f\u671f\u9593\u9650\u5b9a\u4e0d\u662f\u55ce",
            "likeCount": 1
        },
        {
            "reply_id": "Ugx0S8okFgZCUsUh8XJ4AaABAg",
            "reply_content": "\u963f\u795e\u505c\u64ad\u53ea\u597d\u4f86\u770b\u641e\u795e\u99ac",
            "likeCount": 1
        },
        {
            "reply_id": "UgwPoURou837vI8StnN4AaABAg",
            "reply_content": "\u9999\u6e2f\u7684\u6469\u65af\u6d77\u9bae\u73cd\u73e0\u5821\u597d\u50cf\u4e5f\u662f\u4fdd\u6eab\u7d19\u5305\u8457",
            "likeCount": 0
        },
        {
            "reply_id": "UgwHif6MVPMzFsCSExB4AaABAg",
            "reply_content": "\u96de\u80f8\u4f60\u500b\u982d\u9ea5\u7576\u52de\u6c92\u6709\u96de\u80f8\u90a3\u662f\u817f\u6392",
            "likeCount": 0
        },
        {
            "reply_id": "Ugzw18K6PARYTUgjlG94AaABAg",
            "reply_content": "\u5e0c\u671b\u7d93\u8cbb\u53ef\u4ee5\u6490\u5230\u5341\u4e00\u6708\u65b0\u54c1",
            "likeCount": 0
        },
        {
            "reply_id": "Ugy62SVGR7ySb5emoyl4AaABAg",
            "reply_content": "\u99ac\u7530\u8aaa\u932f\u4e86\u54e6 \u99ac\u7530\u5cf6\u7684\u6469\u65af\u6f22\u5821\u7684\u73cd\u73e0\u5821\u4e5f\u662f\u4fdd\u6eab\u7d19\u7684\u4e0d\u662f\u4e00\u822c\u7684\u7d19\u5305\u7684",
            "likeCount": 0
        },
        {
            "reply_id": "UgwZPXHmwqnXg-Yaz5Z4AaABAg",
            "reply_content": "\u770b\u5230\u9019\u4e9b\u98df\u7269\u665a\u4e0a\u809a\u5b50\u597d\u9913",
            "likeCount": 0
        },
        {
            "reply_id": "Ugx4PPFxQFImuQMcEy54AaABAg",
            "reply_content": "\u600e\u9ebc\u4e00\u5806\u4eba\u5403\u96de\u8089\u4e00\u8f29\u5b50\u518d\u5403\u54ea\u500b\u90e8\u5206\u90fd\u4e0d\u77e5\u9053",
            "likeCount": 0
        },
        {
            "reply_id": "UgzM3Hdi3j3gtRF4tBl4AaABAg",
            "reply_content": "\u9019\u500b\u983b\u9053\u5e0c\u671b\u80fd\u66f4\u4e45\u4e00\u9ede",
            "likeCount": 0
        },
        {
            "reply_id": "Ugwd_rHM8IN5y8m3Xr54AaABAg",
            "reply_content": "\u90fd\u6c92\u9322\u4e86\u9084\u5728\u8cb7\u9ea5\u7576\u52de\ud83d\ude02\u6211\u89ba\u5f97\u90a3\u500b\u9ea5\u7576\u52de\u7684\u61c9\u8a72\u5f88\u597d\u5403",
            "likeCount": 502
        },
        {
            "reply_id": "UgxholxzLLZGCnvA0Nt4AaABAg",
            "reply_content": "\u597d\u96aa\u641e\u795e\u99ac\u6709\u5728\u62cd\u4e0d\u7136\u6211\u771f\u7684\u54ed\u7684\u5f88\u6158",
            "likeCount": 44
        },
        {
            "reply_id": "UgxGxYeeCZdniHdKNhV4AaABAg",
            "reply_content": "\u963f\u795e\u662f\u4e0d\u662f\u6c92\u6709\u898b\u904e\u817f\u6392",
            "likeCount": 2
        },
        {
            "reply_id": "Ugw-fl6WoB6sKSZOxsx4AaABAg",
            "reply_content": "\u53ef\u4ee5\u518d\u6839\u9ec3\u6c0f\u5144\u5f1f\u8fa6\u591a\u4e00\u6b21\u4e73\u8c6c\u5927\u6230\u55ce \u771f\u7684\u5f88\u597d\u770b",
            "likeCount": 2
        },
        {
            "reply_id": "UgwMxaiL4_BDIN_Sbqd4AaABAg",
            "reply_content": "\u963f\u795e\u9019\u500b\u662f\u96de\u817f\u6392\u4e0d\u662f\u96de\u80f8\u8089\u5566",
            "likeCount": 1
        },
        {
            "reply_id": "UgwbLIKWYPFIv_soxrB4AaABAg",
            "reply_content": "\u963f\u795e\u7684\u817f\u662f\u4e00\u6839\u6c92\u6709\u95dc\u7bc0\u7684",
            "likeCount": 1
        },
        {
            "reply_id": "UgzzIYF9YBLVGyyazJp4AaABAg",
            "reply_content": "\u4e0a\u6b21\u4e70\u6c49\u5821\u738b\u5bb6\u7684\u6c49\u5821\u53ea\u6709\u62f3\u5934\u5927",
            "likeCount": 0
        },
        {
            "reply_id": "Ugx0jAbxAC1dGIYtTVt4AaABAg",
            "reply_content": "\u4ec0\u9ebc\u6642\u5019\u4f86\u505a\u6787\u6777\u6f64\u5589\u7cd6",
            "likeCount": 0
        },
        {
            "reply_id": "UgznYB2DNvquzPCBXbV4AaABAg",
            "reply_content": "\u79c1\u5fc3\u89ba\u5f97\u6f22\u5821\u738b\u7684\u96de\u584a\u6700\u5641",
            "likeCount": 0
        }
    ]
}