{
    "video_info": {
        "id": "vN6jMvZZ3R0",
        "channelTitle": "\u641e\u795e\u99ac",
        "title": "\u30101000\u5143\u9650\u5b9a\u3011\u5947\u602a\u751f\u7269x\u5947\u602a\u690d\u7269\uff5c\u6fb3\u6d32x\u65e5\u672c\u4ea4\u63db\u624b\u4fe1!",
        "description": "\u795e\u99ac\u4e0d\u53ef\u80fd\u5f9e\u65e5\u672c\u6fb3\u6d32\u2026\u6700\u5f8c\u98db\u5230\u975e\u6d32\u5427\ud83d\ude02\n\u672c\u4f86\u4ee5\u70ba\u963f\u795e\u9000\u4f11\u5f8c\u6703\u6d88\u5931\u5728\u4eba\u7fa4\u4e2d\n\u60f3\u4e0d\u5230\u56e0\u70ba Intel \u7238\u7238\u7684\u9752\u775e\u5f88\u5e38\u8ddf\u5927\u5bb6\u898b\u9762\n\u6700\u5f8c\u518d\u8aaa\u4e00\u6b21\nIntel\u00ae Core\u2122 \u7b2c14\u4ee3\u684c\u4e0a\u578b\u8655\u7406\u5668\n\u8d85\u8b9a !!\nhttps://intel.ly/3QrBQiq\n\n\u53ea\u6709\u4f60\u662f\u641e\u795e\u99ac\u6703\u54e1\uff0c\u5728\u5f71\u7247\u7559\u4e0b\u4e00\u53e5\u5c0d\u795e\u99ac\u8aaa\u7684\u8a71\u5c31\u6709\u6a5f\u6703\u7372\u5f97\u6fb3\u6d32\u4f34\u624b\u79ae\u5594\uff01\n\u26a0\ufe0f \u4e00\u4f4d\u62bd\u4e00\u5e74\u4ee5\u4e0a\u6703\u54e1\u3001\u4e00\u4f4d\u4e0d\u9650\u6642\u9593\u6703\u54e1\n\n\u2764 \u6bcf\u5468\u4e09\u3001\u516d\u3001\u65e5\u90fd\u6709\u65b0\u5f71\u7247 !! \u5f9e\u4eca\u5929\u8d77\u958b\u59cb\u8a02\u95b1\u5427 !! \u2764\n\u52a0\u5165\u6703\u54e1\u2794https://www.youtube.com/channel/UCAsviiS5DE0pcuvxPRrrAzQ/join\n\u5728Facebook\u4e0a\u8ffd\u8e64\u6211\u5011 \u2794 https://www.facebook.com/ksmytstudio\n\u5728IG\u4e0a\u8ffd\u8e64\u6211\u5011 \u2794https://www.instagram.com/shenma_kingofcrap/\n\n\u2764\u5de5\u5546\u5408\u4f5c\u4fe1\u7bb1\uff1aksmytstudio@capsuleinc.cc\n\u2764\u8fa6\u6d3b\u52d5\u3001\u51fa\u5468\u908a\u3001\u806f\u540d\u5546\u54c1\u90fd\u6b61\u8fce\u627eCAPSULE\uff1a https://capsuleinc.co/\n\n\ud83c\udfac\u66f4\u591a\u5f71\u7247\ud83c\udfac\n\n\ud83c\udf54\u98df\u7269\u7cfb\u5217\ud83c\udf5f:https://goo.gl/fA7y1Z\n\ud83d\udca5\u65e5\u5e38\u7cfb\u5217\ud83d\udca5:https://goo.gl/qfbhyP\n\n\u4ee5\u4e0b\u662f\u6211\u5011\u7684\u4e3b\u983b\u9053\uff01\u6b61\u8fce\u4f86\u8a8d\u8b58\u6211\u5011\uff01\n\uff08\u9999\u6e2f\u4eba\uff09\u99ac\u7530\uff08\u5eda\u85dd\uff09\uff1ahttps://www.youtube.com/user/dimcookguide\n\uff08\u53f0\u7063\u4eba\uff09\u963f\u795e\uff08\u904a\u6232\uff09\uff1ahttps://www.youtube.com/user/charlie615119",
        "likeCount": "8810",
        "commentCount": "93",
        "viewCount": "89829"
    },
    "comments": [
        {
            "reply_id": "UgxcVDEGERhD_jGpomt4AaABAg",
            "reply_content": "\u80fd\u770b\u5230\u963f\u795e\u9000\u4f11\u9019\u6a23\u5230\u8655\u73a9\u4e5f\u5f88\u958b\u5fc3",
            "likeCount": 27
        },
        {
            "reply_id": "Ugxf8-CwlsNlCNqhoxt4AaABAg",
            "reply_content": "\u8ddf\u98de\u54e5\u7684\u8bdd\u771f\u7684\u68a6\u5e7b\u8054\u52a8\u5594",
            "likeCount": 1
        },
        {
            "reply_id": "UgwbphhwWvkA0qeb1rN4AaABAg",
            "reply_content": "\u9032\u5165\u90a3\u5f71\u7247\u7684\u5916\u570b\u4eba\u4ee5\u70ba\u963f\u795e\u662f\u4e2d\u570b\u4f86\u7684\uff01\u5927\u90e8\u5206\u6d0b\u4eba\u90fd\u9084\u662f\u6703\u9019\u6a23\u8a8d\u70ba\u53ea\u8981\u662f\u83ef\u4eba\u5c31\u662f\u4e2d\u570b\u4eba\uff01",
            "likeCount": 0
        },
        {
            "reply_id": "Ugyxly04kLPpb7ii9h54AaABAg",
            "reply_content": "\u600e\u9ebc\u611f\u89ba\u554a\u795e\u7684\u6a23\u5b50\u602a\u602a\u7684\ud83e\udd28\u548c\u5e73\u6642\u6709\u9ede\u4e0d\u4e00\u6a23",
            "likeCount": 0
        }
    ]
}