{
    "video_info": {
        "id": "vUIYERBnMT4",
        "channelTitle": "\u641e\u795e\u99ac",
        "title": "\u3010\u6050\u6016\u9ea5\u7576\u52de\u3011DIY\u5976\u6614\u5927\u54e5\u53e3\u5473\u5976\u6614\ud83e\udd64\u5976\u6614\u5927\u54e5\u5728\u9999\u6e2f\u53eb\u505a\u6ed1\u561f\u561f\uff1f\uff5c",
        "description": "\u2764 \u6bcf\u5468\u4e09\u3001\u516d\u3001\u65e5\u90fd\u6709\u65b0\u5f71\u7247 !! \u5f9e\u4eca\u5929\u8d77\u958b\u59cb\u8a02\u95b1\u5427 !! \u2764\n\u52a0\u5165\u6703\u54e1\u2794https://www.youtube.com/channel/UCAsviiS5DE0pcuvxPRrrAzQ/join\n\u5728Facebook\u4e0a\u8ffd\u8e64\u6211\u5011 \u2794 https://www.facebook.com/ksmytstudio\n\u5728IG\u4e0a\u8ffd\u8e64\u6211\u5011 \u2794https://www.instagram.com/shenma_kingofcrap/\n\n\u2764\u5de5\u5546\u5408\u4f5c\u4fe1\u7bb1\uff1aksmytstudio@capsuleinc.cc\n\u2764\u8fa6\u6d3b\u52d5\u3001\u51fa\u5468\u908a\u3001\u806f\u540d\u5546\u54c1\u90fd\u6b61\u8fce\u627eCAPSULE\uff1a https://capsuleinc.co/\n\n\ud83c\udfac\u66f4\u591a\u5f71\u7247\ud83c\udfac\n\n\ud83c\udf54\u98df\u7269\u7cfb\u5217\ud83c\udf5f:https://goo.gl/fA7y1Z\n\ud83d\udca5\u65e5\u5e38\u7cfb\u5217\ud83d\udca5:https://goo.gl/qfbhyP\n\n\u4ee5\u4e0b\u662f\u6211\u5011\u7684\u4e3b\u983b\u9053\uff01\u6b61\u8fce\u4f86\u8a8d\u8b58\u6211\u5011\uff01\n\uff08\u9999\u6e2f\u4eba\uff09\u99ac\u7530\uff08\u5eda\u85dd\uff09\uff1ahttps://www.youtube.com/user/dimcookguide\n\uff08\u53f0\u7063\u4eba\uff09\u963f\u795e\uff08\u904a\u6232\uff09\uff1ahttps://www.youtube.com/user/charlie615119",
        "likeCount": "6778",
        "commentCount": "176",
        "viewCount": "187055"
    },
    "comments": [
        {
            "reply_id": "UgxzkrsLqSdoCQCkzZt4AaABAg",
            "reply_content": "\u5976\u6614\u5927\u54e5\u5976\u6614\u5176\u5be6\u5c31\u662f\u7d9c\u5408\u8393\u679c\u5976\u6614\uff0c\u53ea\u6709\u85cd\u8393\u6709\u4e9b\u55ae\u8abf\uff0c\u53ef\u4ee5\u52a0\u4e00\u4e9b\u8513\u8d8a\u8393\u8b93\u5473\u9053\u66f4\u8c50\u5bcc",
            "likeCount": 126
        },
        {
            "reply_id": "UgzcG8eg6K2ADRYOxnR4AaABAg",
            "reply_content": "\u898b\u5230\u6ed1\u561f\u561f\u5c0f\u98db\u98db\u7ae5\u5e74\u90fd\u7ffb\u9ece\u4e86\ud83d\ude22\u771f\u4fc2\u7121\u4eba\u77e5",
            "likeCount": 3
        },
        {
            "reply_id": "UgxDCXaMyD52fXpASZd4AaABAg",
            "reply_content": "\u5176\u5be6\u6211\u5c0f\u6642\u5019\u6709\u770b\u904e\u90a3\u500b\u5361\u901a",
            "likeCount": 0
        },
        {
            "reply_id": "UgyFhrDEk7NXWsycTkx4AaABAg",
            "reply_content": "\u5976\u6614\u5927\u54e5\u5176\u5be6\u662f\u4e00\u500b\u5de8\u5927\u5473\u857e",
            "likeCount": 0
        },
        {
            "reply_id": "UgxvkDvayTnzWmmE3EF4AaABAg",
            "reply_content": "\u6211\u8a18\u5f97\u9ea5\u7576\u52de\u8aaa\u904e\u5976\u6614\u5927\u54e5\u8a2d\u8a08\u7406\u5ff5\u4e0d\u662f\u5976\u6614 \u800c\u662f\u4eba\u985e\u820c\u982d\u4e0a\u7684\u5473\u857e",
            "likeCount": 0
        },
        {
            "reply_id": "UgxZyMdBcrjJBi1Z0qd4AaABAg",
            "reply_content": "\u9664\u4e86\u9ea5\u7576\u52de\u53d4\u53d4\u548c\u6f22\u5821\u795e\u5077\u6211\u4e0d\u8a8d\u8b58\u5176\u4ed6\u7684",
            "likeCount": 0
        },
        {
            "reply_id": "Ugw7Md0knU262nQePLF4AaABAg",
            "reply_content": "\u611f\u89c9\u7528\u7d2b\u85af\u505a\u4e5f\u80fd\u5f88\u7d2b",
            "likeCount": 0
        },
        {
            "reply_id": "UgyvrstyBDwYs2knH6l4AaABAg",
            "reply_content": "\u6211\u4e00\u76f4\u5728\u7b49\u53cd\u8f6c\u6b38 \u770b\u5230\u7528\u84dd\u8393\u505a\u7684\u8d85\u96be\u559d\u90a3\u8fb9\u6211\u8fd8\u4ee5\u4e3a\u4f1a\u62cd\u96be\u559d\u5230\u6050\u6016\u7247",
            "likeCount": 0
        },
        {
            "reply_id": "UgyS-u3k5pdNISq1l0Z4AaABAg",
            "reply_content": "\u9ede\u89e3\u85cd\u8393\u5514\u4f7f\u6d17\u5c31\u651e\u53bb\u652a\u5605",
            "likeCount": 0
        },
        {
            "reply_id": "UgyaXjLRytJVXCU2ToJ4AaABAg",
            "reply_content": "\u6ed1\u561f\u561f\u96bb\u6a21\u578b\u516c\u4ed4\u4e00\u76f4\u4fc2\u6211\u5c4b\u4f01\n\u5c0f\u500b\u55f0\u9663\u6642\u98df\u958b\u5fc3\u6a02\u5712\u9910\u9001\u5605",
            "likeCount": 0
        },
        {
            "reply_id": "UgyoAj--6tLKGA2u69V4AaABAg",
            "reply_content": "\u5976\u6614\u5927\u54e5\u5176\u5be6\u4e0d\u662f\u5976\u6614\u662f\u4eba\u7684\u5473\u857e",
            "likeCount": 6
        }
    ]
}