{
    "video_info": {
        "id": "vW7DmHmfmiA",
        "channelTitle": "\u641e\u795e\u99ac",
        "title": "\u30104\u79d2\u7206\u767c\u3011\u7206\u70b8\u6703\u8d85\u723d\uff01\uff5c\u9999\u6e2f\u63a8\u51fa\u7684\u523a\u6fc0\u684c\u904a\uff5c",
        "description": "\u2764 \u6bcf\u5468\u4e09\u3001\u516d\u3001\u65e5\u90fd\u6709\u65b0\u5f71\u7247 !! \u5f9e\u4eca\u5929\u8d77\u958b\u59cb\u8a02\u95b1\u5427 !! \u2764\n\u52a0\u5165\u6703\u54e1\u2794https://www.youtube.com/channel/UCAsviiS5DE0pcuvxPRrrAzQ/join\n\u5728Facebook\u4e0a\u8ffd\u8e64\u6211\u5011 \u2794 https://www.facebook.com/ksmytstudio\n\u5728IG\u4e0a\u8ffd\u8e64\u6211\u5011 \u2794https://www.instagram.com/shenma_kingofcrap/\n\n\u2764\u5de5\u5546\u5408\u4f5c\u4fe1\u7bb1\uff1aksmytstudio@capsuleinc.cc\n\u2764\u8fa6\u6d3b\u52d5\u3001\u51fa\u5468\u908a\u3001\u806f\u540d\u5546\u54c1\u90fd\u6b61\u8fce\u627eCAPSULE\uff1a https://capsuleinc.co/\n\n\ud83c\udfac\u66f4\u591a\u5f71\u7247\ud83c\udfac\n\n\ud83c\udf54\u98df\u7269\u7cfb\u5217\ud83c\udf5f:https://goo.gl/fA7y1Z\n\ud83d\udca5\u65e5\u5e38\u7cfb\u5217\ud83d\udca5:https://goo.gl/qfbhyP\n\n\u4ee5\u4e0b\u662f\u6211\u5011\u7684\u4e3b\u983b\u9053\uff01\u6b61\u8fce\u4f86\u8a8d\u8b58\u6211\u5011\uff01\n\uff08\u9999\u6e2f\u4eba\uff09\u99ac\u7530\uff08\u5eda\u85dd\uff09\uff1ahttps://www.youtube.com/user/dimcookguide\n\uff08\u53f0\u7063\u4eba\uff09\u963f\u795e\uff08\u904a\u6232\uff09\uff1ahttps://www.youtube.com/user/charlie615119",
        "likeCount": "6019",
        "commentCount": "121",
        "viewCount": "167725"
    },
    "comments": [
        {
            "reply_id": "UgxChn4kY1WCQK31PzZ4AaABAg",
            "reply_content": "\u6211\u8a18\u5f97\u4ee5\u524d\u963f\u795e\u6709\u53bb\u904e\u9999\u6e2f\u548c\u7b11\u6ce2\u5b50\u73a9\u5192\u96aa\u6a02\u5712",
            "likeCount": 8
        },
        {
            "reply_id": "Ugyw6W102_-sTEheClF4AaABAg",
            "reply_content": "\u6211\u4e5f\u6709\u73a9\u963f\u795e\u8aaa\u7684\u5f48\u73e0\u53f0\u5f88\u597d\u73a9",
            "likeCount": 0
        },
        {
            "reply_id": "Ugymjp2oJ0pEx8Y36Xl4AaABAg",
            "reply_content": "\u90a3\u500b\u982d\u76ae\u6309\u6469\u5668\u7c21\u7a31\u9748\u9b42\u63d0\u53d6\u5668",
            "likeCount": 0
        },
        {
            "reply_id": "Ugy1wpqfWov5EjywJFt4AaABAg",
            "reply_content": "\u56e0\u4e3a\u7b11\u6ce2\u5b50\u5f88\u559c\u6b22\u559d\u6ce2\u5b50\u6c7d\u6c34",
            "likeCount": 0
        },
        {
            "reply_id": "UgxmnBvs8EZtzxKlc9F4AaABAg",
            "reply_content": "\u9999\u6e2f\u4eba\u8aaa\u6ce2\u5b50\u5c31\u662f\u7403\u5f48\u73e0",
            "likeCount": 0
        }
    ]
}