{
    "video_info": {
        "id": "xsq2YU8Qi68",
        "channelTitle": "\u641e\u795e\u99ac",
        "title": "\u3010\u73fe\u5be6\u5927\u5bcc\u7fc1\u3011\u8d0f\u53d6$67800\u734e\u54c1\ud83c\udf89\u8a66\u7528Google Pixel 8 Pro\u65b0\u529f\u80fd\u89e3\u8ff7\u901a\u95dc\uff01",
        "description": "\uff0a\u672c\u7247\u8207\u53f0\u7063\u5927\u54e5\u5927\u5408\u4f5c\u5925\u4f34\uff0a\n\u963f\u795e\u8eab\u70ba Pixel \u8166\u7c89\u7d55\u5c0d\u8981\u63a8\u85a6\u7684\u5427 !!\n\u53f0\u7063\u5927\u54e5\u5927\u96fb\u4fe1\u7368\u5bb6\uff0c\u6700\u65b0\u7684 Pixel 8 \u548c Pixel 8 Pro\u771f\u7684\u8d85\u9177~\n\u76f4\u63a5\u628aAI\u6280\u8853\u653e\u5230\u5408\u7167\u8b93\u5e6b\u5927\u5bb6\u63db\u81c9\uff0c\u5f9e\u6b64\u4e0d\u6703\u518d\u6709\u7ffb\u767d\u773c\u7684\u7167\u7247\u4e86XD\n\n\n#\u53f0\u7063\u5927\u54e5\u5927 #GooglePixel8 \n\n\u2764 \u6bcf\u5468\u4e09\u3001\u516d\u3001\u65e5\u90fd\u6709\u65b0\u5f71\u7247 !! \u5f9e\u4eca\u5929\u8d77\u958b\u59cb\u8a02\u95b1\u5427 !! \u2764\n\u52a0\u5165\u6703\u54e1\u2794https://www.youtube.com/channel/UCAsviiS5DE0pcuvxPRrrAzQ/join\n\u5728Facebook\u4e0a\u8ffd\u8e64\u6211\u5011 \u2794 https://www.facebook.com/ksmytstudio\n\u5728IG\u4e0a\u8ffd\u8e64\u6211\u5011 \u2794https://www.instagram.com/shenma_kingofcrap/\n\n\u2764\u5de5\u5546\u5408\u4f5c\u4fe1\u7bb1\uff1aksmytstudio@capsuleinc.cc\n\u2764\u8fa6\u6d3b\u52d5\u3001\u51fa\u5468\u908a\u3001\u806f\u540d\u5546\u54c1\u90fd\u6b61\u8fce\u627eCAPSULE\uff1a https://capsuleinc.co/\n\n\ud83c\udfac\u66f4\u591a\u5f71\u7247\ud83c\udfac\n\n\ud83c\udf54\u98df\u7269\u7cfb\u5217\ud83c\udf5f:https://goo.gl/fA7y1Z\n\ud83d\udca5\u65e5\u5e38\u7cfb\u5217\ud83d\udca5:https://goo.gl/qfbhyP\n\n\u4ee5\u4e0b\u662f\u6211\u5011\u7684\u4e3b\u983b\u9053\uff01\u6b61\u8fce\u4f86\u8a8d\u8b58\u6211\u5011\uff01\n\uff08\u9999\u6e2f\u4eba\uff09\u99ac\u7530\uff08\u5eda\u85dd\uff09\uff1ahttps://www.youtube.com/user/dimcookguide\n\uff08\u53f0\u7063\u4eba\uff09\u963f\u795e\uff08\u904a\u6232\uff09\uff1ahttps://www.youtube.com/user/charlie615119",
        "likeCount": "3755",
        "commentCount": "96",
        "viewCount": "97350"
    },
    "comments": [
        {
            "reply_id": "UgweQe2HQ_nWgKjwAFR4AaABAg",
            "reply_content": "\u963f\u795e\u4f5c\u70ba\u591a\u5e74\u771f\u5be6\u7528\u5bb6\u5f88\u503c\u5f97\u9019\u500b\u696d\u914d",
            "likeCount": 56
        },
        {
            "reply_id": "Ugy6XeFXcGGwp9K29z94AaABAg",
            "reply_content": "\u671f\u5f85\u963f\u795e\u548c\u99ac\u7530\u53d4\u53d4\u53ef\u4ee5\u7a7f\u4e0a\u7acb\u724c\u4e0a\u90a3\u6a23\u7684\u8863\u670d\uff0c\u611f\u89ba\u6703\u5f88\u5e25",
            "likeCount": 39
        },
        {
            "reply_id": "Ugy5DA4sNanx0gjuhH94AaABAg",
            "reply_content": "\u5e25\u5566\u751f\u65e5\u6709\u963f\u795e\u7684\u5f71\u7247\u6211\u597d\u5e78\u798f",
            "likeCount": 5
        },
        {
            "reply_id": "UgznfpHjTPk2tJriUcV4AaABAg",
            "reply_content": "\u770b\u5f97\u51fa\u5ee0\u5546\u771f\u7684\u7d66\u5f88\u591a",
            "likeCount": 3
        },
        {
            "reply_id": "UgyZBYmjNQUmpQoCBod4AaABAg",
            "reply_content": "\u554a\u554a\u554a\u53ef\u60e1\u6211\u597d\u60f3\u8cb7\u554a\u554a\u554a",
            "likeCount": 0
        }
    ]
}