{
    "video_info": {
        "id": "YT8H9mkSVn0",
        "channelTitle": "\u641e\u795e\u99ac",
        "title": "\u3010\u52d5\u6f2b\u798f\u888b\u301199\u5143\u958b\u51fa399\u5546\u54c1\ud83d\udd25\u6b63\u7248\u6388\u6b0a\u9b3c\u6ec5\u4e4b\u5203+ \u5929\u7afa\u9f20\u8eca\u8eca\u6587\u5177\u9a5a\u559c\u5305",
        "description": "\u2764 \u6bcf\u5468\u4e09\u3001\u516d\u3001\u65e5\u90fd\u6709\u65b0\u5f71\u7247 !! \u5f9e\u4eca\u5929\u8d77\u958b\u59cb\u8a02\u95b1\u5427 !! \u2764\n\u52a0\u5165\u6703\u54e1\u2794https://www.youtube.com/channel/UCAsviiS5DE0pcuvxPRrrAzQ/join\n\u5728Facebook\u4e0a\u8ffd\u8e64\u6211\u5011 \u2794 https://www.facebook.com/ksmytstudio\n\u5728IG\u4e0a\u8ffd\u8e64\u6211\u5011 \u2794https://www.instagram.com/shenma_kingofcrap/\n\n\u2764\u5de5\u5546\u5408\u4f5c\u4fe1\u7bb1\uff1aksmytstudio@capsuleinc.cc\n\u2764\u8fa6\u6d3b\u52d5\u3001\u51fa\u5468\u908a\u3001\u806f\u540d\u5546\u54c1\u90fd\u6b61\u8fce\u627eCAPSULE\uff1a https://capsuleinc.co/\n\n\ud83c\udfac\u66f4\u591a\u5f71\u7247\ud83c\udfac\n\n\ud83c\udf54\u98df\u7269\u7cfb\u5217\ud83c\udf5f:https://goo.gl/fA7y1Z\n\ud83d\udca5\u65e5\u5e38\u7cfb\u5217\ud83d\udca5:https://goo.gl/qfbhyP\n\n\u4ee5\u4e0b\u662f\u6211\u5011\u7684\u4e3b\u983b\u9053\uff01\u6b61\u8fce\u4f86\u8a8d\u8b58\u6211\u5011\uff01\n\uff08\u9999\u6e2f\u4eba\uff09\u99ac\u7530\uff08\u5eda\u85dd\uff09\uff1ahttps://www.youtube.com/user/dimcookguide\n\uff08\u53f0\u7063\u4eba\uff09\u963f\u795e\uff08\u904a\u6232\uff09\uff1ahttps://www.youtube.com/user/charlie615119",
        "likeCount": "4627",
        "commentCount": "128",
        "viewCount": "139422"
    },
    "comments": [
        {
            "reply_id": "UgyKpovSV-fkVr_IORd4AaABAg",
            "reply_content": "\u5176\u5be6\u5c31\u662f\u6587\u5177\u5e97\u9032\u4e00\u4e9b\u6b63\u7248\u7684\u5546\u54c1\u8ce3\u4e0d\u51fa\u53bb\uff0c\u6240\u4ee5\u4e7e\u8106\u88dd\u6210\u4e00\u888b\u7136\u5f8c\u4fbf\u5b9c\u8ce3\u7d66\u4f60\uff0c\u628a\u8ce3\u4e0d\u51fa\u53bb\u7684\u6771\u897f\u7c21\u55ae\u7684\u8655\u7406\u6389",
            "likeCount": 207
        },
        {
            "reply_id": "UgwXg3KPw8h14b6Kjbh4AaABAg",
            "reply_content": "\u963f\u795e\u4f60\u90a3\u500b\u76d2\u5b50\u662f\u6536\u53e3\u7f69\u7684",
            "likeCount": 9
        },
        {
            "reply_id": "UgwliC_5fh4RfPN0RzV4AaABAg",
            "reply_content": "\u5929\u7afa\u9f20\u8eca\u8eca\u6211\u8a18\u5f97\u6709\u5e7e\u96c6\u662f\u6709\u95dc\u50f5\u5c4d\u7684\u4e3b\u984c\ud83d\ude06",
            "likeCount": 2
        },
        {
            "reply_id": "Ugzk1vpVVUNvTkSIYkR4AaABAg",
            "reply_content": "\u597d\u60f3\u770b\u641e\u795e\u99ac\u73a9\u706b\u6f06\u5370\u7ae0\u6216\u662f\u5976\u6cb9\u81a0\u54c8\u54c8\u54c8",
            "likeCount": 1
        },
        {
            "reply_id": "UgwvypTSAurB5igPKMl4AaABAg",
            "reply_content": "\u5929\u7afa\u9f20\u8eca\u8eca\u539f\u578b\u4e09\u500b\u79ae\u62dc\u524d\u904e\u4e16\u4e86\u641e\u795e\u99ac\u771f\u7684\u6bcf\u6b21\u62cd\u5b8c\u90fd\u8ddf\u4e0a\u6642\u4e8b",
            "likeCount": 1
        },
        {
            "reply_id": "Ugy4R9j6MqqzoAPvotx4AaABAg",
            "reply_content": "\u53e3\u7f69\u7684\u90a3\u4e00\u500b\u4e5f\u5f88\u68d2\u5462",
            "likeCount": 1
        },
        {
            "reply_id": "UgwRdHJR9_Obu6ROmJB4AaABAg",
            "reply_content": "\u963f\u795e\u90a3\u4e2a\u767d\u8272\u7684\u76d2\u5b50\u662f\u62ff\u6765\u653e\u53e3\u7f69\u7684",
            "likeCount": 1
        },
        {
            "reply_id": "UgyiLIk0fn4D2fJZDmB4AaABAg",
            "reply_content": "\u5929\u7afa\u9f20\u8eca\u8eca\u914d\u97f3\u7684\u5009\u9f20\u904e\u4e16\u4e86",
            "likeCount": 1
        },
        {
            "reply_id": "UgxQdtvWg19B9s-jza14AaABAg",
            "reply_content": "\u90a3\u5929\u7afa\u9f20\u8eca\u8eca\u8cc7\u6599\u593e\u6211\u5728\u6709\u7528\u5167",
            "likeCount": 1
        },
        {
            "reply_id": "UgxistmX5OOsOcFNNxR4AaABAg",
            "reply_content": "\u5929\u7afa\u9f20\u8eca\u8eca\u7684\u76d2\u5b50\u4e5f\u662f\u653e\u53e3\u7f69\u7684",
            "likeCount": 0
        },
        {
            "reply_id": "UgxvkzLwtQoDGllXIO14AaABAg",
            "reply_content": "\u5c31\u5728\u660e\u5929\u9000\u4f11\u5e0c\u671b\u641e\u795e\u4e0d\u8981\u9000\u4f11",
            "likeCount": 0
        },
        {
            "reply_id": "UgzEqR7OFK5ftIKkhhB4AaABAg",
            "reply_content": "\u689d\u78bc\u53f3\u4e0a\u89d2\u7684\u6578\u5b57\u901a\u5e38\u662f\u5efa\u8b70\u552e\u50f9",
            "likeCount": 0
        },
        {
            "reply_id": "Ugw1ZlSoyPONw3lLamt4AaABAg",
            "reply_content": "\u90a3\u500b\u7a7a\u7684\u76d2\u5b50\u662f\u62ff\u4f86\u88dd\u53e3\u7f69\u7684\u54c8\u54c8\u54c8",
            "likeCount": 0
        },
        {
            "reply_id": "UgyznUbwCAWsSvyEMiV4AaABAg",
            "reply_content": "\u963f\u795e\u5f00\u51fa\u6765\u7684\u767d\u8272\u76d2\u5b50\u662f\u7528\u6765\u88c5\u53e3\u7f69\u7684",
            "likeCount": 0
        },
        {
            "reply_id": "UgwysqYhWQaHrw0jgAl4AaABAg",
            "reply_content": "\u5982\u679c\u53cd\u7248\u5605\u8a71\u4ffe\u4eba\u5c01\u92ea\u5566",
            "likeCount": 0
        },
        {
            "reply_id": "UgyI-GmDdudJe56c_Vt4AaABAg",
            "reply_content": "\u90a3\u500b\u767d\u8272\u7684\u61c9\u8a72\u662f\u53e3\u7f69\u76d2",
            "likeCount": 0
        },
        {
            "reply_id": "UgxufC0WqpXuut5rLah4AaABAg",
            "reply_content": "\u90a3\u500b\u662f\u653e\u53e3\u7f69\u7684\u76d2\u5b50\u5566",
            "likeCount": 0
        },
        {
            "reply_id": "UgyrAAa-NGqSy0-Rdu14AaABAg",
            "reply_content": "\u5929\u7afa\u9f20\u90a3\u500b\u767d\u8272\u76d2\u5b50\u662f\u53e3\u7f69\u6536\u7d0d\u76d2",
            "likeCount": 0
        },
        {
            "reply_id": "UgyFMcWPEMqs9yeOvEZ4AaABAg",
            "reply_content": "\u90a3\u500b\u76d2\u5b50\u61c9\u8a72\u662f\u53e3\u7f69\u6536\u7d0d\u76d2",
            "likeCount": 48
        }
    ]
}