{
    "video_info": {
        "id": "ZYJqp45xdSI",
        "channelTitle": "\u641e\u795e\u99ac",
        "title": "\u3010\u5de8\u5927\u73cd\u73e0\u3011\u7206\u7d0510\u500d\u5927\u73cd\u73e0\u5976\u8336\uff5c\u539f\u4f86\u662f\u9a19\u5c40\uff1f",
        "description": "\u2764 \u6bcf\u5468\u4e09\u3001\u516d\u3001\u65e5\u90fd\u6709\u65b0\u5f71\u7247 !! \u5f9e\u4eca\u5929\u8d77\u958b\u59cb\u8a02\u95b1\u5427 !! \u2764\n\u52a0\u5165\u6703\u54e1\u2794https://www.youtube.com/channel/UCAsviiS5DE0pcuvxPRrrAzQ/join\n\u5728Facebook\u4e0a\u8ffd\u8e64\u6211\u5011 \u2794 https://www.facebook.com/ksmytstudio\n\u5728IG\u4e0a\u8ffd\u8e64\u6211\u5011 \u2794https://www.instagram.com/shenma_kingofcrap/\n\n\u2764\u5de5\u5546\u5408\u4f5c\u4fe1\u7bb1\uff1aksmytstudio@capsuleinc.cc\n\u2764\u8fa6\u6d3b\u52d5\u3001\u51fa\u5468\u908a\u3001\u806f\u540d\u5546\u54c1\u90fd\u6b61\u8fce\u627eCAPSULE\uff1a https://capsuleinc.co/\n\n\ud83c\udfac\u66f4\u591a\u5f71\u7247\ud83c\udfac\n\n\ud83c\udf54\u98df\u7269\u7cfb\u5217\ud83c\udf5f:https://goo.gl/fA7y1Z\n\ud83d\udca5\u65e5\u5e38\u7cfb\u5217\ud83d\udca5:https://goo.gl/qfbhyP\n\n\u4ee5\u4e0b\u662f\u6211\u5011\u7684\u4e3b\u983b\u9053\uff01\u6b61\u8fce\u4f86\u8a8d\u8b58\u6211\u5011\uff01\n\uff08\u9999\u6e2f\u4eba\uff09\u99ac\u7530\uff08\u5eda\u85dd\uff09\uff1ahttps://www.youtube.com/user/dimcookguide\n\uff08\u53f0\u7063\u4eba\uff09\u963f\u795e\uff08\u904a\u6232\uff09\uff1ahttps://www.youtube.com/user/charlie615119",
        "likeCount": "6643",
        "commentCount": "117",
        "viewCount": "190606"
    },
    "comments": [
        {
            "reply_id": "UgwwMeTPaWFRYVoHvDZ4AaABAg",
            "reply_content": "\u963f\u795e\u8ddf\u99ac\u7530\u5403\u4e86\u90a3\u9ebd\u591a\u9ed1\u6697\u6599\u7406\u5c45\u7136\u9084\u6c92\u4e8b\ud83d\ude02",
            "likeCount": 11
        },
        {
            "reply_id": "Ugwp3O6_sMkk0NuArMV4AaABAg",
            "reply_content": "\u9ed1\u7cd6\u71d2\u4ed9\u8349\u53ef\u4ee5\u716e\u706b\u9505\u55ce",
            "likeCount": 2
        },
        {
            "reply_id": "UgyRkYEwSNlDVL9tput4AaABAg",
            "reply_content": "\u53ef\u662f\u70ba\u751a\u9ebc\u8981\u8b93\u73cd\u73e0\u6d6e\u5728\u8868\u9762\u5440\ud83d\ude33\u73cd\u73e0\u4e0d\u662f\u672c\u4f86\u4e5f\u6d6e\u5728\u676f\u5e95\u55ce",
            "likeCount": 0
        },
        {
            "reply_id": "UgwJ9OqFsk4R-Hi16j14AaABAg",
            "reply_content": "\u6240\u4ee5\u6211\u8aaa\u73cd\u73e0\u4e0d\u662f\u672c\u4f86\u5c31\u4e0d\u6703\u6d6e\u8d77\u4f86",
            "likeCount": 0
        },
        {
            "reply_id": "Ugw6GIYxi-MI6bWeJZJ4AaABAg",
            "reply_content": "\u9019\u652f\u5f71\u7247\u770b\u4f86\u6703\u6709\u4e0d\u5c11\u7684\u6536\u770b\u91cf",
            "likeCount": 0
        },
        {
            "reply_id": "Ugx-x52y3mj2DYe6Xml4AaABAg",
            "reply_content": "\u52a0\u5409\u5229\u4e01\u6703\u4e0d\u6703\u8b93\u5f62\u72c0\u66f4\u56fa\u5b9a",
            "likeCount": 0
        }
    ]
}