{
    "video_info": {
        "id": "-Xpq-1gO0JY",
        "channelTitle": "\u9ec3\u963f\u746a\u7684\u5f8c\u5bae\u751f\u6d3b",
        "title": "\u3010\u9ec3\u963f\u746a\u7684\u5f8c\u5bae\u751f\u6d3b\u3011\u5e74\u4e2d\u91cf\u9ad4\u91cd\uff01\u8001\u8c93\u9ad4\u91cd\u5de8\u5927\u8b8a\u5316\uff01",
        "description": "\u963f\u746a\uff1a\u300c\u6715\u5f88\u7626\u2026\u2026\u4e0d\u7528\u91cf\u3002\u300d\n\u00d7 \u983b\u9053\u66f4\u65b0\u70ba\u9031\u4e94\u665a\u9593\u516d\u9ede\uff0c\u4e0d\u5b9a\u6642\u767c\u4f48\u5176\u5b83\u5f71\u7247\uff01\u00d7\n\u8a02\u95b1\u6211\u5011\uff1ahttps://goo.gl/5L8xkV\n\u963f\u746a\u5b98\u7db2\uff1ahttps://www.fumeanstore.com\n\n\u8c93\u5b85\u958b\u7bb1\u3010\u6253\u7834\u4f60\u60f3\u50cf\u7684\u4eba\u8c93\u7a7a\u9593\u3011\u4e94\u4eba\u3001\u4e09\u96bb\u8c93\u768440\u576a\u89aa\u5b50\u8c93\u5b85\n\u25b6 https://youtu.be/CEMN-XxRF9c\n\n-\n\n\u3010\u8fd1\u671f\u6d3b\u52d5\u3011\n\n\u7b2c\u4e09\u672c\u5716\u6587\u6f2b\u756b\u300a\u8c93\u54aa\u8d85\u6709\u4e8b3-\u8c93\u8c93\u7f8e\u98df\u6551\u63f4\u8a08\u756b\u300b\n\u5728\u746a\u746a\u5546\u884c\u8cfc\u8cb7\u5c31\u8d08\u9001\u300c\u5f8c\u5bae\u842c\u7528\u8b49\u4ef6\u5e36\u300d\uff08\u96a8\u6a5f1\u6b3e\uff09\n\n\u3010\u6436\u8cfc\u5c08\u5340\u3011   \n\u53f0\u7063(\u746a\u746a\u5546\u884c)\uff1ahttps://lihi1.com/vzhq3/catyt2\n\u6e2f\u6fb3\u5730\u5340\uff1ahttps://reurl.cc/rZAq54\n\u99ac\u65b0\u5730\u5340\uff1ahttps://is.gd/Vs7aXI\n\u203b\u4ee5\u4e0a\u9023\u7d50\u7686\u6709\u9001\u3010\u5f8c\u5bae\u842c\u7528\u8b49\u4ef6\u5e36\u3011\uff08\u51683\u6b3e\uff0c\u96a8\u6a5f\u8d08\u9001\u4e59\u6b3e\uff0c\u9001\u5b8c\u70ba\u6b62\uff09\n\n-\n\n\u3010\u53f0\u5357-\u8da3\u6dd8\u6f2b\u65c5 X \u9ec3\u963f\u746a\u7684\u5f8c\u5bae\u751f\u6d3b\u3011\n\u5373\u65e5\u8d77\u81f36/30\u6b62\uff0c\u6bcf\u65e5\u9650\u91cf6\u9593\u300c\u963f\u746a\u4f86\u8da3\u6dd8\u300d\u4e3b\u984c\u623f\uff01\n\u5165\u4f4f\u963f\u746a\u4e3b\u984c\u623f\u5c31\u8d08\u9001\u300c\u4e3b\u984c\u623f\u79ae\u5305\u300d\u5594\uff01\n\u8a02\u623f\u7db2\u5740\uff1ahttps://reurl.cc/pZemRb\n\n-\n\n\u7b2c\u4e03\u672c\u5e74\u5ea6\u8457\u4f5c\u300a\u7b49\u6211\u56de\u5bb6\u7684\u4f60\u300b\n\u53f0\u7063\uff08\u746a\u746a\u5546\u884c\uff09\uff1ahttps://reurl.cc/Kxxa5n\n\uff08\u746a\u746a\u5546\u884c \u7368\u5bb6\u8d08\u9001\u300c\u5f8c\u5bae\u51fa\u904a\u8da3\u63d2\u756b\u660e\u4fe1\u7247\u4e00\u5f35\uff0c\u96a8\u6a5f\u51fa\u8ca8\u4e0d\u6311\u6b3e\u300d\u5176\u4ed6\u901a\u8def\u6c92\u6709\u8d08\u9001\u5594\uff5e\uff09\n\u99ac\u65b0\u5730\u5340\uff1ahttps://reurl.cc/bzzGvr\n\n-\n\n\u3010\u963f\u746a Line\u8cbc\u5716\uff06\u4e3b\u984c\u3011\n\u300a\u6700\u65b0\u4e0a\u67b6\u300bhttps://lihi3.cc/8ITQO/YT01\n\u300a\u66f4\u591a\u8cbc\u5716\u300bhttps://reurl.cc/4RY6L2\n\n\u3010\u963f\u746a\u5b98\u7db2-\u746a\u746a\u5546\u884c\u3011\n\u25b6\u00a0https://www.fumeanstore.com/\n\u300a\u6700\u65b0\u5546\u54c1\u300b\u9298\u5f0f\u7e6a\u6d63\u8178T\u3001HOYACASA\u806f\u540d\u5929\u7d72\u6dbc\u88ab\u3001\u842c\u7528\u4fdd\u6eab\u4fdd\u51b7\u888b\n\n---\n\n\u3010\u5408\u4f5c\u9080\u7d04/IP\u806f\u540d\u6388\u6b0a\u3011\nfumeanaction@gmail.com \uff08\u6b61\u8fce\u4f86\u4fe1\u6d3d\u8ac7\uff09\n\n\u3014\u7248\u6b0a\u6240\u6709\uff0c\u975e\u7d93\u8a31\u53ef\u52ff\u8f49\u8f09\u81f3\u4efb\u4f55\u5e73\u53f0\u3015\n\u3014\u9818\u990a\u4e0d\u68c4\u990a\u3015",
        "likeCount": "7643",
        "commentCount": "270",
        "viewCount": "241597"
    },
    "comments": [
        {
            "reply_id": "UgzFeGoVEqs9OjG_8Ex4AaABAg",
            "reply_content": "\u5c0f\u82b1\uff0c\u4f60\u61c9\u8a72\u8981\u7626"
        },
        {
            "reply_id": "UgzgILidRlnO4bqoDnF4AaABAg",
            "reply_content": "\u5695\u5695\u597d\u53ef\u611b\ud83d\ude0d"
        },
        {
            "reply_id": "Ugybz30NP6g8PBqpcU54AaABAg",
            "reply_content": "\u5929\u554a\u4e09\u8173\u8b8a\u80d6\u4e86\ud83d\ude12"
        },
        {
            "reply_id": "UgzgemM8s5txayuVpaZ4AaABAg",
            "reply_content": "\u5feb\u8981\u63db\u65b0\u8c93\u4e86\u55ce\uff1f"
        },
        {
            "reply_id": "UgxlpxB_hguhbyGleZZ4AaABAg",
            "reply_content": "\u4e0d\u7ba1\u91cd\u9084\u662f\u8f15\u5065\u5eb7\u624d\u6bd4\u8f03\u91cd\u8981\u5566\u2764"
        },
        {
            "reply_id": "UgybWMLs1gvde9cuTPB4AaABAg",
            "reply_content": "\u5c0f\u7a97\u53bb\u54ea\u4e86"
        },
        {
            "reply_id": "UgyFkFKEzUbeRYqueDh4AaABAg",
            "reply_content": "\u597d\u53ef\u611b\u5c0f\u5bf6\u8c9d\u5594\uff01"
        },
        {
            "reply_id": "UgyrwpnP_pPklFPElQ94AaABAg",
            "reply_content": "\u565c\u565c\u771f\u7684\u8d85\u53ef\u611b\u7684\ud83d\ude02\u2764"
        },
        {
            "reply_id": "UgxorPxQr9R5FMT9phR4AaABAg",
            "reply_content": "\u5c0f\u82b1\u597d\u53ef\u611b\u5594\u3001\u9084\u662f\u5bf6\u5bf6\u81c9\uff01"
        },
        {
            "reply_id": "UgxLdx9v_AbxEnXs_Fx4AaABAg",
            "reply_content": "\u746a\u7687\u4f9d\u820a\u662f\u5404\u7a2e\u5486\u54ee\u4e0d\u723d\ud83d\ude02"
        },
        {
            "reply_id": "UgwLZtGHYrcgv8Tv9154AaABAg",
            "reply_content": "\u6ca1\u770b\u5230\u732b\u54aa\u7684\u6570\u5b57\uff0c\u4f1a\u6bd4\u8f83\u771f\u5b9e"
        },
        {
            "reply_id": "UgwZ-XHWwM147COc3gR4AaABAg",
            "reply_content": "\u559c\u6b61\u963f\u746a\u91cf\u9ad4\u91cd\u7684\u62b1\u6028\u54c8\u54c8\u54c8"
        },
        {
            "reply_id": "Ugzj3n7f1b9CwcJwYnx4AaABAg",
            "reply_content": "\u72f8\u8c93\u8d85\u767c\u798f\u6b38\uff01\u8981\u6e1b\u80a5\u5566\uff08\u6574\u90e8\u5f71\u7247\u53ea\u9a5a\u8a1d\u72f8\u8c93\u80d6\u90a3\u9ebc\u591a"
        },
        {
            "reply_id": "UgyjP2Uc-GfDszxG7ht4AaABAg",
            "reply_content": "\u8c93\u8c93\u91cf\u9ad4\u91cd \u540c\u6642\u4e5f\u662f\u770b\u72f8\u8c93\u767c\u80d6\u7684\u74b0\u7bc0 \u6108\u4f86\u6108\u8089\u4e86~\u53ef\u611b"
        },
        {
            "reply_id": "UgyOhbxziaUJXNJSDhx4AaABAg",
            "reply_content": "\u8eab\u9ad4\u5065\u5eb7\u6bd4\u8f03\u91cd\u8981"
        },
        {
            "reply_id": "UgzT2CfQaCPjkP38Pdp4AaABAg",
            "reply_content": "\u8173\u7f8e\u8b8a\u6700\u91cd\u7684\u8c93"
        },
        {
            "reply_id": "UgyRwTlEHxZbFWzNcaF4AaABAg",
            "reply_content": "\u963f\u746a\u3001\u4e09\u8173\u3001\u5695\u5695\u52a0\u6cb9"
        },
        {
            "reply_id": "UgymsxmjD2oklYOrJFt4AaABAg",
            "reply_content": "\u8001\u8c93\u9700\u8981\u7279\u5225\u6ce8\u610f,\u8f9b\u82e6\u5974\u624d\u4e86"
        },
        {
            "reply_id": "UgzrB34XoWFuaXvZnIt4AaABAg",
            "reply_content": "\u5f8c\u5bae\u4f19\u98df\u90fd\u5f88\u597d"
        },
        {
            "reply_id": "UgzKwPFTy4Ic895hKaR4AaABAg",
            "reply_content": "\u4ee3\u8868\u5f8c\u5bae\u4f19\u98df\u592a\u597d\u4e86\uff01\u9023\u72f8\u8c93\u90fd\u80d6\u4e86\u4e0d\u5c11"
        }
    ]
}