{
    "video_info": {
        "id": "6Bb1UBZ3wyw",
        "channelTitle": "\u9ec3\u963f\u746a\u7684\u5f8c\u5bae\u751f\u6d3b",
        "title": "\u62db\u5f1f\u7684\u5c0f\u79d8\u5bc6\u22ef  #shorts #ShortsTW",
        "description": "\u62db\u5f1f\u7684\u5c0f\u79d8\u5bc6\u22ef\n\n-\n\n\u8a02\u95b1\u6211\u5011\uff1ahttps://goo.gl/5L8xkV\n\u963f\u746a\u5b98\u7db2\uff1ahttps://www.fumeanstore.com\nFB\uff1a\u9ec3\u963f\u746a\u7684\u5f8c\u5bae\u751f\u6d3b\nIG\uff1afumeancat\n\n\u3010\u5408\u4f5c\u9080\u7d04/IP\u806f\u540d\u6388\u6b0a\u3011\nfumeanaction@gmail.com \uff08\u6b61\u8fce\u4f86\u4fe1\u6d3d\u8ac7\uff09\n\n\u3014\u7248\u6b0a\u6240\u6709\uff0c\u975e\u7d93\u8a31\u53ef\u52ff\u8f49\u8f09\u81f3\u4efb\u4f55\u5e73\u53f0\u3015\n\u3014\u9818\u990a\u4e0d\u68c4\u990a\u3015",
        "likeCount": "6417",
        "commentCount": "72",
        "viewCount": "115283"
    },
    "comments": [
        {
            "reply_id": "Ugzhdax7r3byZRq2o8R4AaABAg",
            "reply_content": "\u597d\u53ef\u611b\u597d\u53ef\u611b\u597d\u53ef\u611b"
        },
        {
            "reply_id": "UgzrTW1J_xj64rI4LXN4AaABAg",
            "reply_content": "\u6b3a\u8ca0\u62db\u5f1f\u6703\u4e0d\u5f97\u597d\u6b7b\ud83d\udc7f"
        },
        {
            "reply_id": "UgxxNsdd3FPIHpOXPY54AaABAg",
            "reply_content": "\u9019\u63db\u505a\u963f\u746a\u4e0d\u77e5\u9053\u6703\u600e\u9ebc\u6a23\uff1f"
        },
        {
            "reply_id": "UgwbjDYn9JEA8T7uBuB4AaABAg",
            "reply_content": "\u8214\u7a97\u7c3e"
        },
        {
            "reply_id": "UgwJv-_hRbwlTnT7u8N4AaABAg",
            "reply_content": "\u62db\u5f1f\uff0c\u8214\u6211\u8214\u6211"
        },
        {
            "reply_id": "UgwvXvGxmhST8Vj2mm14AaABAg",
            "reply_content": "\u54ea\u5c3c"
        },
        {
            "reply_id": "UgzQK0332IsusYVyFdR4AaABAg",
            "reply_content": "\u53ef\u80fd\u6cbe\u5230\u8c93\u8349\u6216\u98fc\u6599\u9084\u662f\u5c0f\u9ede\u5fc3\u5427\uff1f\ud83e\udd14"
        },
        {
            "reply_id": "UgxK-A_UAPlw0UcEzGh4AaABAg",
            "reply_content": "\u53ef\u7231"
        },
        {
            "reply_id": "Ugwp7ZbRbxLLecNWqnh4AaABAg",
            "reply_content": "\u62db\u5f1f\u8d85\u53ef\u611b\u2764\u5fc3\u90fd\u878d\u5316\u4e86"
        },
        {
            "reply_id": "Ugx-xDTa4Fxs52kA9hd4AaABAg",
            "reply_content": "\u4ed6\u61c9\u8a72\u662f\u5728\u5403\u5875\u5427\u3002\n\u5e6b\u4f60\u5bb6\u6e05\u5875\u87ce"
        },
        {
            "reply_id": "UgztNHztxCkvdqVBPqd4AaABAg",
            "reply_content": "\u6c23\u8cea\u7687\u540e\u2764"
        },
        {
            "reply_id": "UgztJpisx52TovmYhLx4AaABAg",
            "reply_content": "\u7687\u540e\u5a18\u5a18\u597d\u53ef\u611b\ud83d\ude0a"
        },
        {
            "reply_id": "UgxMwuHD7iRZFS_ngHR4AaABAg",
            "reply_content": "\u8ddf\u67da\u5b50\u4e00\u6a23\u6703\u8214\u4e0d\u7e54\u5e03\u7684\u559c\u597d"
        },
        {
            "reply_id": "UgxFV75I-xXTQwg97e14AaABAg",
            "reply_content": "\u820a\u6709\u67da\u8210\u5e03\n\u5982\u4eca\u62db\u8214\u7c3e\u3002"
        },
        {
            "reply_id": "UgzM5ROqI0sPV2UAIst4AaABAg",
            "reply_content": "\u62db\u5f1f\uff0c\u4e0d\u53ef\u4ee5\u4e82\u5403\u54e6\uff5e"
        },
        {
            "reply_id": "UgxzicBQfaWyx3GRLth4AaABAg",
            "reply_content": "\u62db\u5f1f\u5c31\u662f\u4e0d\u4e00\u6a23 \ud83d\ude02\u5c31\u662f\u53ef\u611b\u554a\ud83c\udf89"
        },
        {
            "reply_id": "UgzlORDL1iLzgbzyH_B4AaABAg",
            "reply_content": "\u597d\u53ef\u611b"
        },
        {
            "reply_id": "UgzwNIu1cBWyo1g-Pal4AaABAg",
            "reply_content": "\u62db\u5f1f\u6700\u611b\u8214\u8214\u2764"
        },
        {
            "reply_id": "Ugxvo-Ks-S51fxJUAPF4AaABAg",
            "reply_content": "\u62db\u5f1f\u7a97\u7c3e\u597d\u597d\u5403\u5594\n\u597d\u9999\u597d\u9999"
        },
        {
            "reply_id": "UgwGDU0znYaXe82xDz94AaABAg",
            "reply_content": "\u53e3\u611b\u65e2\u7136\u5403\u7a97\u7c3e"
        }
    ]
}