{
    "video_info": {
        "id": "70IqGWsjsJU",
        "channelTitle": "\u9ec3\u963f\u746a\u7684\u5f8c\u5bae\u751f\u6d3b",
        "title": "\u628a\u8c93\u53fc\u8d77\u4f86\u5c31\u4e0d\u6703\u53cd\u6297\uff1f",
        "description": "",
        "likeCount": "19962",
        "commentCount": "270",
        "viewCount": "632645"
    },
    "comments": [
        {
            "reply_id": "Ugx3QdHnCEG9lSTvapN4AaABAg",
            "reply_content": "\u963f\u746a\u611f\u5230\u50bb\u773c\uff0c\u72f8\u8c93\u5728\u885d\u4e09\uff1f"
        },
        {
            "reply_id": "UgySHqekIFz2vMfwEjJ4AaABAg",
            "reply_content": "\u6211\u9084\u60f3\u8aaa\u963f\u746a\u600e\u9ebc\u53ef\u80fd\u88ab\u53fc\u8d77\u4f86\ud83d\ude02\ud83d\ude02\ud83d\ude02"
        },
        {
            "reply_id": "UgwQA9Ihiv5VKdThElR4AaABAg",
            "reply_content": "\u6211\u90fd\u7528\u624b\u6293\ud83d\ude02\u4e0d\u6703\u53cd\u6297\u4f46\u6703\u4e0d\u723d\u54c8\u54c8"
        },
        {
            "reply_id": "UgynrTEh9dLnLLSqWfp4AaABAg",
            "reply_content": "\u4e00\u5634\u6bdb\uff1f\n\u53eb\u4f60\u7528\u624b\u6a21\u64ec\u5634\u5201\u8c93\uff0c\u4f60\u771f\u7528\u5634\u53bb\u5201\uff0c\u4f60\u9084\u60f3\u4e0d\u60f3\u89aa\u8001\u5a18\u7684\u5634\uff1f\ud83d\ude02"
        },
        {
            "reply_id": "UgzrJGuBMsvmH7aCVPl4AaABAg",
            "reply_content": "\u4e00\u8aaa\u91cd \u963f\u746a\u5c31\u8d70\u4e86\ud83d\ude02"
        },
        {
            "reply_id": "UgzlxfjTcy-bPBOBQmx4AaABAg",
            "reply_content": "\u963f\u746a\uff1a\u4f86\u4e0d\u554a\u6293\u53bb\u780d\u982d\u7adf\u6562\u8aaa\u6715\u592a\u91cd\u4e86"
        },
        {
            "reply_id": "Ugx8z4HC0Q_BjRfRlcN4AaABAg",
            "reply_content": "\u9760\uff0c\u770b\u5f71\u7247\u5c01\u9762\u9084\u4ee5\u70ba\u662f\u90a3\u90a3\u5927\u5e2b"
        },
        {
            "reply_id": "UgyM6QSnIdxU4sVy8MB4AaABAg",
            "reply_content": "\u7528\u624b\u53fc\u554a\uff01\u634f\u4f4f\u5b83\u547d\u8fd0\u7684\u8116\u5b50"
        },
        {
            "reply_id": "UgynqwLqdRg7I6lvayl4AaABAg",
            "reply_content": "\u6709\u4e00\u5634\u6bdb\u55ce\ud83d\ude02"
        },
        {
            "reply_id": "Ugx-ebpDUt0sxloGg2t4AaABAg",
            "reply_content": "\u4f60\u6709\u624b\uff0c\u53ef\u4ee5\u6293\u8d77\u6765\ud83d\ude05"
        },
        {
            "reply_id": "Ugw2kTjZTtqJqKboQhB4AaABAg",
            "reply_content": "\u9577\u5927\u5f8c\u5225\u53fc\uff0c\u50b7\u8c93"
        },
        {
            "reply_id": "UgwWDCtjd9-xDoRu2W14AaABAg",
            "reply_content": "\u53ef\u4ee5\u7528\u540c\u6a23\u7684\u5438\u6cd5\u5438\u6211\u8116\u5b50\u8ddf\u8033\u6735\u55ce \u554a\u5636\u2764\u2764"
        },
        {
            "reply_id": "UgwMPc1KmvO2oBqSrdN4AaABAg",
            "reply_content": "\u8001\u8c93\u4e86"
        },
        {
            "reply_id": "UgxVyYYhEHYor_fZFb94AaABAg",
            "reply_content": "\u5e36\u500b\u7259\u5957\u5427\uff0c\u72f8\u8c93 (\u79ae\u8c8c\u5730\u62ff\u51fa\u5851\u81a0\u7259\u5957)"
        },
        {
            "reply_id": "UgzeLSUJvbjnjDz76794AaABAg",
            "reply_content": "\u7528\u624b\u6293\u8116\u5b50\u4e0a\u65b9\u7684\u90e8\u4f4d\u5c31\u53ef\u4ee5\u4e86,\u4e0d\u904e\u5982\u679c\u8c93\u592a\u91cd,\u5c31\u4e0d\u8981\u63d0\u8d77\u4f86\u4e86."
        },
        {
            "reply_id": "Ugxv-vXyhSx5oicUIdd4AaABAg",
            "reply_content": "\u8fd9\u5e74\u7eaa\u7684\u732b\uff0c\u53fc\u8d77\u6765\u662f\u8981\u7231\u7231\u7684\u6a21\u5f0f"
        },
        {
            "reply_id": "UgymKODILlp4VXJl3fF4AaABAg",
            "reply_content": "\u5927\u8c93\u6c92\u6cd5\u53fc\u7684\uff0c\u592a\u91cd\uff01\n\u5c0f\u8c93\u6642\u624d\u80fd\u7528\u9019\u6cd5\u5b50\u3002"
        },
        {
            "reply_id": "UgwRqIV4N3n770sAt-J4AaABAg",
            "reply_content": "\u597d\u6076\u5fc3"
        },
        {
            "reply_id": "Ugy0W6QN8xomMK0bVER4AaABAg",
            "reply_content": "\u662f\u4f60\u5634\u5df4\u592a\u5c0f\u4e86\u5566"
        },
        {
            "reply_id": "UgyN3pj-He8xxnMWkeF4AaABAg",
            "reply_content": "\u7d66\u9ede\u5c0a\u91cd\uff0c\u4f46\u662f\u9019\u5c0a\u592a\u91cd"
        }
    ]
}