{
    "video_info": {
        "id": "9-jJb0UhYn4",
        "channelTitle": "\u9ec3\u963f\u746a\u7684\u5f8c\u5bae\u751f\u6d3b",
        "title": "\u96e2\u958b\u5e7e\u5929\uff0c\u624d\u77e5\u9053\u6211\u7684\u8c93\u6709\u591a\u9700\u8981\u6211",
        "description": "",
        "likeCount": "11352",
        "commentCount": "75",
        "viewCount": "227808"
    },
    "comments": [
        {
            "reply_id": "UgzpH53UPK2j2So3Vxl4AaABAg",
            "reply_content": "\u5bb6\u4e2d\u9084\u6709\u4eba\u5728\u55ce\uff1f"
        },
        {
            "reply_id": "Ugy_kTUIfbS8-NS-uPJ4AaABAg",
            "reply_content": "\u514d\u6cbb\u5de5\u5177\u4eba"
        },
        {
            "reply_id": "Ugxm0n7NPAcVYWZSi1J4AaABAg",
            "reply_content": "\u4e3b\u5b50\uff1a\u4f60\u53ef\u4ee5\u6efe\u4e86\u6211\u50b7\u5fc3\u900f\u4e86"
        },
        {
            "reply_id": "UgwSdBCKK-FS8niUnQ54AaABAg",
            "reply_content": "\u6211\u89ba\u5f97\u7537\u4e3b\u4eba\u597d\u5e25\u554a"
        },
        {
            "reply_id": "Ugzj-0T2uvnyZcHN81l4AaABAg",
            "reply_content": "\u53e4\u96b9"
        },
        {
            "reply_id": "UgypmDRzmFY7Vfjkys14AaABAg",
            "reply_content": "\u9700\u8981\u64e6\u5c41\u5c41\u7684\u624b\uff0c\u4e0d\u662f\u9700\u8981\u4f60\ud83d\ude02"
        },
        {
            "reply_id": "Ugw1x7crAmbL8bziz-t4AaABAg",
            "reply_content": "\u559c\u6b61\u963f\u746a\u7684\u9748\u6027\u2764"
        },
        {
            "reply_id": "Ugyw8ARxsU2r27sNQ2h4AaABAg",
            "reply_content": "\u963f\u746a\u597d\u53ef\u611b"
        },
        {
            "reply_id": "UgzIy4W_PQThJaXreS14AaABAg",
            "reply_content": "\u6211\u7684\u8c93\u54aa\u611b\u6b7b\u6211\u4e86\u665a\u4e0a\u9003\u8d70\u53c8\u5728\u4e0b\u4e00\u3edb\u5927\u96e8\u7684\u6642\u5019\u56de\u4f86\uff01 \u9084\u77e5\u9053\u641e\ud83d\udeaa"
        },
        {
            "reply_id": "UgwvJMoCNOdrIbS88ip4AaABAg",
            "reply_content": "\u9700\u8981\u64e6\u5c41\u5c41\uff1f"
        },
        {
            "reply_id": "UgyMv6blKuvKjewA6Ld4AaABAg",
            "reply_content": "\u6bdb\u5b69\u5c31\u662f\u9019\u6a23\uff0c\u53e3\u5acc\u9ad4\u6b63\u76f4"
        },
        {
            "reply_id": "UgzRmipfPrFz4OrKRbV4AaABAg",
            "reply_content": "\u8a71\u8aaa\u56de\u4f86\uff0c\u963f\u746a\u662f\u4ec0\u9ebc\u6642\u5f8c\u958b\u555f\u64e6\u5c41\u5c41\u7684\u5927\u9580\u7684\ud83d\ude02"
        },
        {
            "reply_id": "UgyHVsuJD6pn8JpRvYV4AaABAg",
            "reply_content": "\u600e\u4e48\u80fd\u628a\u732b\u5355\u72ec\u7559\u5728\u5c4b\u91cc\u56db\u5929\uff1f"
        },
        {
            "reply_id": "Ugx7LLg7BWKZkpHdkPt4AaABAg",
            "reply_content": "\u4e00\u9032\u9580\u5c31\u55b5\u4e86"
        },
        {
            "reply_id": "UgzziDsjyV-9tYG2IdR4AaABAg",
            "reply_content": "\u5728\u8c93\u770b\u4f86\u4f60\u662f\u53bb\u72e9\u7375\u4e86 \u4e8c\u5929\u6c92\u56de\u4f86 \u4ed6\u6703\u4ee5\u70ba\u4f60\u72e9\u7375\u53d7\u50b7\u4e86\u56de\u4e0d\u53bb \u3127\u500b\u79ae\u62dc\u4ed6\u6703\u4ee5\u70ba\u4f60\u6b7b\u4e86"
        },
        {
            "reply_id": "Ugw8FM7gyNx6UttWIE94AaABAg",
            "reply_content": "\u597d\u53ef\u611b\u5c0f\u5bf6\u8c9d\u5594\uff01"
        },
        {
            "reply_id": "UgyGgovxwpnC6bpd2zt4AaABAg",
            "reply_content": "\u5fe0\u8aa0\u7684\u8c93\u963f\u746a"
        },
        {
            "reply_id": "UgzXBSBxnjpRMHS0IB14AaABAg",
            "reply_content": "\u6211\u6709\u4f60\u4eec\u7684\u4e66"
        },
        {
            "reply_id": "UgxP3KV6mLyk7GoA1SV4AaABAg",
            "reply_content": "\u9032\u9580\u7adf\u7136\u6c92\u770b\u5230\u6715\uff01\u62d6\u4e0b\u53bb\u5927\u5211\u4f3a\u5019\uff0c\u4f86\u5e6b\u6211\u64e6\u5c41\u80a1\ud83d\ude02"
        },
        {
            "reply_id": "UgyrmEoDijIKh1WXTiJ4AaABAg",
            "reply_content": "\u5176\u5be6\u958b\u982d\u5c31\u62cd\u5230\u963f\u746a\u4e86\ud83d\ude02\uff0c\u963f\u746a\u5f88\u611b\u4f60\u7684\u2764"
        }
    ]
}