{
    "video_info": {
        "id": "Ac80kD8dcTo",
        "channelTitle": "\u9ec3\u963f\u746a\u7684\u5f8c\u5bae\u751f\u6d3b",
        "title": "\u6c92\u8fa6\u6cd5\u6297\u62d2\u963f\u746a\u63e1\u624b\uff0c\u8981\u4ec0\u9ebc\u90fd\u7d66\u4f60\u22ef\u22ef",
        "description": "\u8a02\u95b1\uff1ahttps://goo.gl/5L8xkV\nIG\uff1afumeancat\nhttps://www.fumeanstore.com\nfumeanaction@gmail.com",
        "likeCount": "4030",
        "commentCount": "154",
        "viewCount": "82600"
    },
    "comments": [
        {
            "reply_id": "UgyMhh9wKh4Qb-QjC6V4AaABAg",
            "reply_content": "\u565c\u565c\u662f\u4e0d\u662f\u5acc\u5f03\u963f\u739b\u8214\u8fc7\u4e86\u624d\u4e0d\u5403\u7259\u818f\ud83d\ude02\ud83d\ude02\ud83d\ude02\u770b\u4e0a\u53bb\u4e00\u8138\u5acc\u5f03"
        },
        {
            "reply_id": "UgwnFwLiQYtfxUmQdWl4AaABAg",
            "reply_content": "\u963f\u746a\u662f\u5de6\u6487\u5b50  \u597d\u53ef\u611b"
        },
        {
            "reply_id": "UgyY8Tk44yxNKRGlt094AaABAg",
            "reply_content": "\u963f\u746a\u8981\u98df\u7269\u7684\u6642\u5019\u771f\u7684\u6709\u5920\u53ef\u611b\ud83d\ude0d"
        },
        {
            "reply_id": "Ugy2zCceXnwkBrBEQc54AaABAg",
            "reply_content": "\u8ddf\u6211\u59ea\u5b50\u4e00\u6a23\uff0c\u5b78\u6703\u8a0e\u96f6\u98df\u8ddf\u6211\u7528\u624b\u84cb\u5370\u7ae0\uff0c\u9694\u5929\u6211\u518d\u5e36\u9322\u8ddf\u4ed6\u4e00\u8d77\u53bb\u8cb7\ud83e\udd23"
        },
        {
            "reply_id": "Ugx732ZHaFGSdXuLAFJ4AaABAg",
            "reply_content": "\u770b\u7740\u5f88\u7597\u6108"
        },
        {
            "reply_id": "Ugwj0tWTEye7sQFX3eF4AaABAg",
            "reply_content": "\u5974\u624d\u6bcf\u9031\u66f4\u65b0\u5f8c\u5bae\u65e5\u5e38\u5c31\u5df2\u7d93\u5f88\u597d\u770b\uff0c\u4e0d\u7528\u7279\u5730\u60f3\u984c\u6750"
        },
        {
            "reply_id": "UgySdPJewAa64vbEHa94AaABAg",
            "reply_content": "\u4e0d\u7ba1\u5f8c\u5bae\u8655\u4ec0\u9ebc\u5f71\u7247\uff0c\u6211\u90fd\u5f88\u559c\u6b61\n\u5695\u5695\u6492\u5b0c\u8ddf\u63e1\u624b\u963f\u746a\u771f\u7684\u840c\u7206\u4e86\ud83d\ude0a\ud83d\ude0a"
        },
        {
            "reply_id": "Ugznv5Eakth2ukHLWjl4AaABAg",
            "reply_content": "\u5695\u96e3\u5f97\u6492\u5b0c\u70ba\u5403\u72a7\u7272\uff0c\u963f\u746a\u96e3\u904e\u63e1\u624b\u4e5f\u662f\u70ba\u5403"
        },
        {
            "reply_id": "Ugw9IhEnnJ4m5QMM4VZ4AaABAg",
            "reply_content": "\u963f\u746a\u8aaa\u8a71\u597d\u597d\u807d\u6b50~"
        },
        {
            "reply_id": "UgwsgSh8XkSsZcCxtQt4AaABAg",
            "reply_content": "\u6bcf\u3113\u773c\u5c4e\u597d\u591a"
        },
        {
            "reply_id": "Ugy4C4yp_eQxlX0pv094AaABAg",
            "reply_content": "\u4e2d\u79cb\u7bc0\u5feb\u6a02\u5440\ud83e\udd70\u5e0c\u671b\u4f60\u5011\u548c\u8c93\u8c93\u5011\ud83d\udc31\u90fd\u958b\u958b\u5fc3\u5fc3\u5feb\u5feb\u6a02\u6a02\ud83d\ude0d"
        },
        {
            "reply_id": "UgxgZh-JeCZX6xXl1294AaABAg",
            "reply_content": "\u963f\u746a\u8b8a\u80d6\u771f\u7684\u4e0d\u80fd\u602a\u963f\u746a\uff0c\u5974\u624d\u592a\u5fc3\u8edf\u4e86\uff0c\u4f46\u8ab0\u53c8\u80fd\u62b5\u6297\u963f\u746a\u7684\u53ef\u611b\u653b\u64ca\u5462 XD"
        },
        {
            "reply_id": "UgwvjOexRb_0baUkMhh4AaABAg",
            "reply_content": "\u70ba\u4ec0\u9ebc\u5f8c\u5bae\u4e0d\u88dd\u8c93\u9580  \u9019\u6a23\u4ed6\u5011\u5c31\u53ef\u4ee5\u81ea\u7531\u9032\u51fa"
        },
        {
            "reply_id": "Ugwb0J5e5M1UznV2p-R4AaABAg",
            "reply_content": "\u4eca\u5929\u662f\u4e2d\u79cb\u8282\u795d\u5927\u5bb6\u5feb\u4e50\uff0c\u65e5\u5e38\u751f\u6d3b\u7684\u5f71\u7247\u5f88\u597d\u770b\uff0c\u5c24\u5176\u770b\u5230\u963f\u739b\u90fd\u65e0\u6cd5\u6297\u62d2\u4ed6\u7684\u9b45\u529b\uff0c\u4e00\u76f4\u55b5\u55b5\u53eb\u7684\ud83d\ude02\u5974\u624d\u4e5f\u6ca1\u8f84\u2026\u2026\u592a\u53ef\u7231\u4e86"
        },
        {
            "reply_id": "Ugxe2wgBJbt5_bJxOdx4AaABAg",
            "reply_content": "\u963f\u746a\u6c92\u6709\u5403\u7684\u6642\u5019\u90fd\u7528\u63e1\u624b\u65b9\u5f0f\n\u4f86\u8981 \u597d\u53ef\u611b\ud83e\udd70\n\u795d\u5927\u5bb6\u4e2d\u79cb\u5feb\u6a02\uff01\uff01"
        },
        {
            "reply_id": "Ugw42UhG_9ZrmdGEDJB4AaABAg",
            "reply_content": "\u597d\u5473\u5bb6\u7684\u7b2c\u4e00\u516c\u95dc\u8c93\uff1a\u86cb\u6372\u7684\u96e2\u4e16\u2026\u8b93\u597d\u5473\u5c0f\u59d0\u96e3\u904e\u5230\u983b\u9053\u505c\u66f4\u4e86\u2026\n\n\u5e0c\u671b\u53ef\u4ee5\u4e00\u76f4\u770b\u5230\u963f\u746a"
        },
        {
            "reply_id": "UgxNbucYpoEDJiknBpt4AaABAg",
            "reply_content": "\u746a\u746a\u771f\u7684\u8d85\u7d1a\u53ef\u611b\u2764"
        },
        {
            "reply_id": "UgxgQX2ls8CjnGhL5-t4AaABAg",
            "reply_content": "\u72f8\u8c93\u771f\u5e78\u798f\u3001\u4e2d\u79cb\u5047\u671f\u6709\u8c93\u54aa\u74b0\u7e5e\u8eab\u908a\u2764\ud83d\ude02"
        },
        {
            "reply_id": "Ugzp2-RuTMNJ_13qbEx4AaABAg",
            "reply_content": "\u9ec3\u963f\u746a\u5728\u76e3\u7763\u5974\u624d\u8ddf\u8a0e\u5403\ud83d\ude0f"
        },
        {
            "reply_id": "UgwdEhvy34yjvx_ciAd4AaABAg",
            "reply_content": "\u963f\u746a\u8c6c \u90a3\u9ebc\u80d6\u4e86\u9084\u5728\u5403 \u771f\u64d4\u5fc3\u7260\u6703\u5fc3\u81df\u75c5\u767c"
        }
    ]
}