{
    "video_info": {
        "id": "cqKGLa41SIg",
        "channelTitle": "\u9ec3\u963f\u746a\u7684\u5f8c\u5bae\u751f\u6d3b",
        "title": "\u7761\u524d\u88ab\u9019\u6a23\u6492\u5b0c\uff5e\u5fc3\u81df\u8e66\u8e66\u8df3",
        "description": "",
        "likeCount": "5404",
        "commentCount": "76",
        "viewCount": "64044"
    },
    "comments": [
        {
            "reply_id": "UgwF3PvDfd-Gh4sVDq94AaABAg",
            "reply_content": "\u4e09\u8173\u7206\u64ca\u2764"
        },
        {
            "reply_id": "UgyXs353-4w00aLSvgh4AaABAg",
            "reply_content": "\u5a18\u5a18\u771f\u7f8e\u2764"
        },
        {
            "reply_id": "UgwvtoyYwM8eja9S4XF4AaABAg",
            "reply_content": "\u72f8\u8c93\u4f60\u662f\u4e0d\u662f\u5f37\u8feb\u8173\u59b9\n\u4f60\u624b\u4e0a\u6709\u50b7\ud83d\ude02\ud83d\ude02"
        },
        {
            "reply_id": "UgzSWzkxY1WmUWFA0jd4AaABAg",
            "reply_content": "\u554a\u554a\u554a\u597d\u53ef\u611b\u592a\u7642\u7652\u4e86\u2764"
        },
        {
            "reply_id": "UgzrKS9ad40bFM8X5ZR4AaABAg",
            "reply_content": "\u624b\u4e0a\u6293\u75d5 \u54c8\u54c8 \u990a\u8c93\u7684\u8b49\u660e"
        },
        {
            "reply_id": "UgxFVAeM4Sa-nPPMU8x4AaABAg",
            "reply_content": "\u5a18\u5a18\u611b\u774f\u7684\u773c\u795e\u9084\u662f\u5145\u6eff\u8ff7\u4eba\u7684\u9b45\u529b\u2764\u2764\u2764"
        },
        {
            "reply_id": "UgyrNruWrFW04mzrHk94AaABAg",
            "reply_content": "\u8173\u59b9\u662f\u5f8c\u5bae\u6700\u7f8e\u53c8\u6700\u840c\u7684\u5929\u4f7f\u8c93\u54aa\u2764\ufe0f\u2764"
        },
        {
            "reply_id": "UgzzZUWUV2UAhQCiym14AaABAg",
            "reply_content": "\u4e09\u8173\u6492\u5b0c\u597d\u53ef\u611b\u2764"
        },
        {
            "reply_id": "UgzP7j2puHRPiYC1pj94AaABAg",
            "reply_content": "\u4e09\u8173\u770b\u5f97\u51fa\u8001\u614b\u4e86\n\u5e0c\u671b\u5e73\u5b89\u5065\u5eb7\u9577\u58fd"
        },
        {
            "reply_id": "UgxOAVFhYdJsno2JORZ4AaABAg",
            "reply_content": "\u4e09\u8173\u5a18\u5a18\u5feb\u9ede\u5c0d\u6211\u6492\u5b0c\ud83e\udd2d\ud83d\ude01\n\u5a18\u5a18\u771f\u7684\u662f\u9b45\u529b\u7121\u6cd5\u64cb\ud83d\ude0d"
        },
        {
            "reply_id": "UgwBkHrf6iXsPo3fRhR4AaABAg",
            "reply_content": "\u5357\u5317\u8ddf\u6797\u58a8\u771f\u9999"
        },
        {
            "reply_id": "UgwXprXaNN0sZlvpErh4AaABAg",
            "reply_content": "\u4e09\u8173\u4e5f\u592a\u53ef\u611b\u4e86\u2764"
        },
        {
            "reply_id": "UgyO-5ndHRWvwenP6654AaABAg",
            "reply_content": "\u6709\u9019\u9ebc\u840c\u7684\u8c93\u54aa\u966a\u5728\u8eab\u908a\u7761\uff0c\u60f3\u5931\u7720\u90fd\u5f88\u96e3\n\n\u5594\u4e0d\uff0c\u5982\u679c\u662f\u5c0f\u5f1f\u6211\u6216\u8a31\u9084\u771f\u6709\u53ef\u80fd\u7761\u4e0d\u7740\uff0c\u56e0\u70ba\u771f\u7684\u592a\u53ef\u611b\u4e86\uff0c\u5c31\u597d\u6bd4\u4e00\u500b\u53ef\u611b\u7684\u59b9\u5b50\u7761\u5728\u65c1\u908a\u4e00\u6a23\uff0c\u592a\u8208\u596e\u7761\u4e0d\u4e0b\u53bb\u5440"
        },
        {
            "reply_id": "UgxibUB0FqdMEdcx6FJ4AaABAg",
            "reply_content": "\u9019\u7a2e\u53ef\u611b\u8ab0\u625b\u7684\u4f4f\u5440\u2764\ufe0f"
        },
        {
            "reply_id": "UgyTxIkE1eaGG5FJh3N4AaABAg",
            "reply_content": "\u597d\u53ef\u611b\u5c0f\u5bf6\u8c9d\u5594\uff01"
        },
        {
            "reply_id": "Ugz_v-OcLCZe6lEgZXN4AaABAg",
            "reply_content": "\u662f\u5974\u624d\u7684\u69ae\u5bf5\ud83d\ude0a"
        },
        {
            "reply_id": "UgxkIHJpncfYo49p2rl4AaABAg",
            "reply_content": "\u4e09\u8173\u62b1\u62b1\u559c\u6b61\u4f60\u2764"
        },
        {
            "reply_id": "UgzRKEJ1EKwOJpWPZk14AaABAg",
            "reply_content": "\u624b\u81c2\u4e0a\u7684\u6293\u4f24\u77a9\u76ee\uff0c\u662f\u8c01\u5e72\u7684\u5462\uff1f"
        },
        {
            "reply_id": "Ugy2zX60QmbkFDxYbSR4AaABAg",
            "reply_content": "\u5f8c\u5bae\u5974\u624d\u771f\u7684\u592a\u5e78\u798f\u4e86\u2764\u53ef\u4ee5\u88ab\u9019\u9ebc\u53ef\u611b\u7684\u5a18\u5a18\u69ae\u5bf5\ud83d\udc95\u2764\ufe0f\ud83d\udc4d"
        },
        {
            "reply_id": "UgzyQlYCXcatTRpNgrt4AaABAg",
            "reply_content": "\u811a\u5983\u7f8e\u4e3d\u7ffb\u6eda\u65e0\u4eba\u80fd\u6321\u2764"
        }
    ]
}