{
    "video_info": {
        "id": "DiUWzwk1HqY",
        "channelTitle": "\u9ec3\u963f\u746a\u7684\u5f8c\u5bae\u751f\u6d3b",
        "title": "[\u751f\u65e5QA\u76f4\u64ad\uff3d\u963f\u746a16\u6b72\u4e86\uff0c\u5148\u5403\u8089\u6ce5\u9084\u662f\u51cd\u4e7e\uff1f",
        "description": "\u4eca\u5e74\u5ea6\u76f4\u64ad\u4e3b\u984c\uff0c\u6703\u5728\u6bcf\u96bb\u8c93\u54aa\u751f\u65e5\u524d\u5728\u963f\u746a\u793e\u7fa4(FB.IG.YT)\u63d0\u554f\uff0c\u5927\u5bb6\u53ef\u4ee5\u7559\u4e0b\u597d\u5947\u7684\u554f\u984c\uff0c\u6211\u5011\u6703\u5728\u4ed6\u751f\u65e5\u6642\u958b\u76f4\u64ad\u56de\u7b54\u54e6\uff01\n\nIG:fumeancat",
        "likeCount": "1974",
        "commentCount": "105",
        "viewCount": "50129"
    },
    "comments": [
        {
            "reply_id": "UgyOXERDI9_I4TQQrOZ4AaABAg",
            "reply_content": "\u963f\u746a\u9084\u662f\u5f88\u53ef\u611b"
        },
        {
            "reply_id": "UgyXRDaOKAck1m9b2SB4AaABAg",
            "reply_content": "\u5feb\u9583\u5e97\u4e00\u5b9a\u8981\u5728\u53f0\u5317\u55ce\uff1f"
        },
        {
            "reply_id": "Ugwt4hJK9Q6FJ0vVTp94AaABAg",
            "reply_content": "\u597d\u53ef\u611b \u53ea\u611b\u963f\u746a"
        },
        {
            "reply_id": "Ugy2RXTIHynjjV3Aav94AaABAg",
            "reply_content": "\u963f\u739b\u751f\u65e5\u5feb\u4e50"
        },
        {
            "reply_id": "UgyCGYP0I0Vnm6P2_Il4AaABAg",
            "reply_content": "\u518d\u6b21\u795d\u963f\u739b\u751f\u65e5\u5feb\u4e50\u3002\u5c0f\u82b1\u6bd4\u963f\u739b\u8fd8\u5927\u53ea\uff01"
        },
        {
            "reply_id": "UgznjshLCQKt4De3V3t4AaABAg",
            "reply_content": "\u5c0d\u4e0d\u8d77\u7687\u4e0a \u56e0\u672c\u4eba\u7684\u7238\u5abd\u90a3\u5929\u7981\u6b62\u6211\u7528\u96fb\u8a71 \u6240\u4ee5\u7121\u6cd5\u770b\u4f60\u7684\u76f4\u64ad\u7948\u6c42\u7687\u4e0a\u539f\u8ad2\ud83d\udc49\ud83d\udc48\ud83d\ude3f\ud83d\ude4f\ud83d\ude4f"
        },
        {
            "reply_id": "UgyA_hVt_zyuo-QZ4xx4AaABAg",
            "reply_content": "\u963f\u746a\u751f\u65e5\u5feb\u6a02"
        },
        {
            "reply_id": "Ugzh3SQCLIbIB_vuTbF4AaABAg",
            "reply_content": "\u6211\u611b\u963f\u746a"
        },
        {
            "reply_id": "Ugx_6WGaGaaLMwvaX-h4AaABAg",
            "reply_content": "\u751f\u65e5\u5feb\u4e50\ud83c\udf82"
        },
        {
            "reply_id": "UgydzYxlVgwrsfhTYF94AaABAg",
            "reply_content": "\u963f\u746a\u597d\u68d2\uff0c\u5065\u5eb7\u5e73\u5b89\u5feb\u6a02\u5594\ud83c\udf89"
        },
        {
            "reply_id": "Ugx2_Q6i9DGHEmLdrdJ4AaABAg",
            "reply_content": "\u963f\u746a\u751f\u65e5\u5feb\u6a02\u2764"
        },
        {
            "reply_id": "Ugya0M7poNPUd9dZr7R4AaABAg",
            "reply_content": "\u5fd7\u9298\u5728\u65b0\u66f8\u756b\u7684\u5f8c\u5bae\u597d\u53ef\u611b\ud83d\ude0d\ud83d\ude0d\u611f\u89ba\u53ef\u4ee5\u51fa\u8cbc\u5716\u6b38\uff01\u597d\u61f7\u5ff5\u6700\u4e00\u958b\u59cb\u7684\u624b\u7e6a\u81ea\u7136\u5954\u653e\u98a8\ud83d\ude1c\ud83d\ude1c"
        },
        {
            "reply_id": "UgyeBtNNVuRlUqiOzb94AaABAg",
            "reply_content": "\u963f\u746a\u751f\u65e5\u5feb\u6a02\ud83c\udf82\u795d\u4f60\u4e00\u76f4\u5065\u5065\u5eb7\u5eb7\u9577\u547d\u767e\u6b72\u54e6"
        },
        {
            "reply_id": "UgwiagpV85E3VRXhZ9h4AaABAg",
            "reply_content": "\u795d\u963f\u746a\u751f\u65e5\u5feb\u6a02\u8eab\u9ad4\u5065\u5eb7\u5f8c\u5bae\u5011\u4e5f\u8981\u8eab\u9ad4\u5065\u5eb7"
        },
        {
            "reply_id": "UgyUoaYcwr9N7lCnc4x4AaABAg",
            "reply_content": "\u751f\u65e5\u5feb\u6a02"
        },
        {
            "reply_id": "UgwHW1a1WuK_mtHQYdl4AaABAg",
            "reply_content": "\u963f\u746a\u751f\u65e5\u5feb\u6a02\u5537"
        },
        {
            "reply_id": "Ugz_-tSb-WWRZ4JApbt4AaABAg",
            "reply_content": "\u795d\u89aa\u611b\u7684\u963f\u746a\u751f\u65e5\u5feb\u6a02 \u525b\u5728\u5403\u98ef\u4f11\u606f \u88dc\u770b\u76f4\u64ad"
        },
        {
            "reply_id": "UgxLkq6qkTekVx66edd4AaABAg",
            "reply_content": "\u5c0f\u5b9d\u8d1d\u751f\u65e5\u5feb\u4e50"
        },
        {
            "reply_id": "UgyjuCD9wjb5DjRTs-94AaABAg",
            "reply_content": "\u963f\u746a\u8d85\u53ef\u611b\ud83d\ude0d\n\u5e0c\u671b\u963f\u746a\u8ddf\u5176\u4ed6\u8c93\u8c93\u90fd\u5e73\u5b89\u5065\u5eb7"
        },
        {
            "reply_id": "UgwUOMMY2ioucBEc1iB4AaABAg",
            "reply_content": "\u795d\u963f\u746a\u751f\u65e5\u5feb\u6a02"
        }
    ]
}