{
    "video_info": {
        "id": "e4UhSDxf3mk",
        "channelTitle": "\u9ec3\u963f\u746a\u7684\u5f8c\u5bae\u751f\u6d3b",
        "title": "\u3010\u76f4\u64ad\u4e2d\u3011\u62db\u5f1f\u751f\u65e5QA\u6642\u9593",
        "description": "",
        "likeCount": "917",
        "commentCount": "60",
        "viewCount": "18984"
    },
    "comments": [
        {
            "reply_id": "Ugw4YnW8NHVXmmBIZJZ4AaABAg",
            "reply_content": "\u62db\u7b2c\u662f\u6211\u6700\u611b\u7684\ud83d\ude38\u2764\u8981\u8eab\u9ad4\u5065\u5eb7\uff0c\u5929\u5929\u958b\u5fc3\u5feb\u6a02\ud83c\udf89\u5979\u662f\u5426\u5f8c\u5bae\u6700\u9577\u5c3e\u5df4\u7684\ud83d\udc31\uff1f"
        },
        {
            "reply_id": "UgwPaA5zQ9ihbVjfiXN4AaABAg",
            "reply_content": "\u6211\u7684\u554f\u984c\u51fa\u73fe\u4e86~~~\n\u539f\u4f86\u4e09\u8173\u6700\u8edf\u554a\uff01\n\u6bcf\u6b21\u770b\u5230\u62db\u5f1f\u90fd\u89ba\u5f97\u5979\u62b1\u8d77\u4f86\u61c9\u8a72\u5f88\u8212\u670d\u5427"
        },
        {
            "reply_id": "Ugw-BwMmdkAC68PoauZ4AaABAg",
            "reply_content": "\u62db\u62db\u8d85\u53ef\u611b\u2764"
        },
        {
            "reply_id": "UgxqHFxVN6EaSLwqgUN4AaABAg",
            "reply_content": "\u62db\u5f1f\u751f\u65e5\u5feb\u6a02\uff0c\u4fdd\u6301\u8457\u7368\u7279\u5605\u5f62\u8c61\ud83d\ude00\u6c38\u9060\u5065\u5065\u5eb7\u5eb7\uff0c\u6301\u4e45\u7f8e\u9e97\ud83e\udd70"
        },
        {
            "reply_id": "UgyzGZRDmJVsIICVvPx4AaABAg",
            "reply_content": "\u5c0f\u62db\u5f1f\u597d\u53ef\u611b\uff0c\u6700\u559c\u6b61\u62db\u5f1f\u4e86~"
        },
        {
            "reply_id": "Ugy64tHnmqGf_FRCbtl4AaABAg",
            "reply_content": "\u62db\u5f1f\u751f\u65e5\u5feb\u6a02\uff01\u5f8c\u5bae\u516b\u8c93\u90fd\u611b\uff0c\u6700\u611b\u62db\u5f1f\uff01"
        },
        {
            "reply_id": "UgycL-RqQs54uCPS94t4AaABAg",
            "reply_content": "\u751f\u65e5\u5feb\u6a02~"
        },
        {
            "reply_id": "UgzChsEiLOD1NJ5NLXR4AaABAg",
            "reply_content": "\u62db\u5f1f\u751f\u65e5\u5feb\u4e50\ud83c\udf82\u8eab\u4f53\u5065\u5eb7"
        },
        {
            "reply_id": "UgyoFVQGOv5_Kd21ssx4AaABAg",
            "reply_content": "\u795d\u798f\u62db\u5f1f\u5a18\u5a18\uff1a\u751f\u65e5\u5feb\u4e50,\u8eab\u4f53\u5065\u5eb7,\u5e78\u798f\u5feb\u4e50."
        },
        {
            "reply_id": "UgysysXa6cQ9-uaNjbh4AaABAg",
            "reply_content": "\u62db\u5f1f\u751f\u65e5\u5feb\u6a02\u5594~\u6211\u73fe\u5728\u7684\u624b\u6a5f\u5c01\u9762\u5c31\u662f\u59b3~\u597d\u53ef\u611b\u2764"
        },
        {
            "reply_id": "UgzVUigq2I2kWVaEtRV4AaABAg",
            "reply_content": "\u62db\u5f1f\u751f\u65e5\u5feb\u6a02\ud83c\udf89"
        },
        {
            "reply_id": "Ugwed8Zz2ahQ1Ikn7pl4AaABAg",
            "reply_content": "\u62db\u5f1f\u751f\u65e5\u5feb\u6a02\ud83c\udf81"
        },
        {
            "reply_id": "UgwKHUdhb4Iz9-iwhg54AaABAg",
            "reply_content": "\u62db\u5f1f\u592a\u53ef\u611b\u4e86\u2764"
        },
        {
            "reply_id": "UgyCk2p4TWb3dyPGfxR4AaABAg",
            "reply_content": "\u62db\u5f1f\u751f\u65e5\u5feb\u4e50"
        },
        {
            "reply_id": "UgwCsUnnwe9g3-K9rkN4AaABAg",
            "reply_content": "\u7687\u540e\u751f\u65e5\u5feb\u6a02"
        },
        {
            "reply_id": "Ugxx0BS_4Ic_DyyM45d4AaABAg",
            "reply_content": "\u3297\ufe0f\u62db\u5f1f\u751f\u65e5\u5feb\u4e50 \u8ddf\u554a\u739b\u6069\u6069\u7231\u7231 \u6c38\u6d74\u7231\u6cb3"
        },
        {
            "reply_id": "UgwnCZGsWPq5JAyL2hl4AaABAg",
            "reply_content": "\u62db\u5f1f\u751f\u65e5\u5feb\u6a02\uff01\u8eab\u9ad4\u5065\u5eb7\uff01\u958b\u958b\u5fc3\u5fc3\uff01"
        },
        {
            "reply_id": "UgwZuKQ0n1zaQrRqvz14AaABAg",
            "reply_content": "\u795d\u62db\u5f1f\u751f\u65e5\u5feb\u6a02\ud83c\udf89"
        },
        {
            "reply_id": "UgwmBSihxSXlhS8B7QV4AaABAg",
            "reply_content": "\u62db\u5f1f\uff0c\u5e0c\u671b\u4f60\u4e00\u5b9a\u60f3\u8d77\u963f\u739b\u54e6\uff01\ud83d\ude0a"
        },
        {
            "reply_id": "UgyFDM5UPaCNBwc0wHV4AaABAg",
            "reply_content": "\u795d\u62db\u5f1f\u751f\u65e5\u6109\u5feb\u3002"
        }
    ]
}