{
    "video_info": {
        "id": "eDYXTyXBo44",
        "channelTitle": "\u9ec3\u963f\u746a\u7684\u5f8c\u5bae\u751f\u6d3b",
        "title": "\u4f60\u770b\u8c93\u7684\u89d2\u5ea6VS\u8c93\u770b\u4f60\u7684\u89d2\u5ea6",
        "description": "",
        "likeCount": "10459",
        "commentCount": "220",
        "viewCount": "257733"
    },
    "comments": [
        {
            "reply_id": "Ugy2o6tzsSyFyVQxUU54AaABAg",
            "reply_content": "\u9886\u517b\u4ee3\u66ff\u8d2d\u4e70"
        },
        {
            "reply_id": "UgxAUgch7-RnEeNbNGJ4AaABAg",
            "reply_content": "\u8c93\uff1a\u592d\u58fd\u5594"
        },
        {
            "reply_id": "UgxEEC90PO6-6zeltk94AaABAg",
            "reply_content": "\u963f\u746a\u592a\u53ef\u611b\u4e86"
        },
        {
            "reply_id": "Ugy7TVzBhMCIWXdlFN14AaABAg",
            "reply_content": "\u8001\u723a\u6232\u4e2b\u9b1f"
        },
        {
            "reply_id": "UgwtIYp336kIQNkAUYh4AaABAg",
            "reply_content": "\u963f\u746a\uff1a\u53e3\u81ed"
        },
        {
            "reply_id": "Ugwx7aY4XzHwV_yPV7p4AaABAg",
            "reply_content": "\u5982\u679c\u4eca\u5929\u4f60\u662f\u4e00\u96bb\u8c93\"\u6709\u4e00\u500b\u5de8\u4eba\u8981\u89aa\u4f60\u800c\u4e14\u5634\u5df4\u4e00\u5f35\u958b\u5c31\u53ef\u4ee5\u628a\u4f60\u542b\u5728\u5634\u5df4 \u61c9\u8a72\u662f\u90a3\u7a2e\u611f\u89baXD"
        },
        {
            "reply_id": "UgwVmk7VUJxyMSIAG3J4AaABAg",
            "reply_content": "\u7325\u893b\u767c\u80b2"
        },
        {
            "reply_id": "UgxX8GG22rgwlrbtWEZ4AaABAg",
            "reply_content": "\u5641\u5fc3"
        },
        {
            "reply_id": "UgzbsspMfNluYKf42DV4AaABAg",
            "reply_content": "\u6709\u7661\u6f22"
        },
        {
            "reply_id": "Ugw0cLxRgLBCbQDh02d4AaABAg",
            "reply_content": "\u756b\u9762\u8a18\u5f97\u8abf\u9ed1\u767d"
        },
        {
            "reply_id": "UgzGWWNHB8eH_qc7Opd4AaABAg",
            "reply_content": "\u9ad2"
        },
        {
            "reply_id": "UgyJlE78aoIrZISVX9B4AaABAg",
            "reply_content": "\u771f\u7684"
        },
        {
            "reply_id": "UgypCha_p7x_1cEP2YV4AaABAg",
            "reply_content": "\u732b\u54aa\uff1a\u6211\u7684\u5988\u5440\u9b3c\u5440\ud83d\ude02"
        },
        {
            "reply_id": "Ugypm-mBFIBOf0a8glB4AaABAg",
            "reply_content": "\u8c93\uff1a\u4e0a\u8f29\u5b50\u6b20\u7684"
        },
        {
            "reply_id": "UgwwAPXRTq92WuX4Att4AaABAg",
            "reply_content": "\u6709\u7a2e\u9694\u8457\u87a2\u5e55\u88ab\u9a37\u64fe\u7684\u611f\u89ba\uff08\u8aa4\ud83d\ude02"
        },
        {
            "reply_id": "UgyT7D2YeTw8vZOVijp4AaABAg",
            "reply_content": "\u7259\u9f52\u597d\u9ec3\ud83d\ude02"
        },
        {
            "reply_id": "Ugw8K8gp_VMw35Tt8k14AaABAg",
            "reply_content": "\u4e3a\u4e86\u53e3\u996d\u5403\u771f\u4e0d\u5bb9\u6613\u3002"
        },
        {
            "reply_id": "UgxAwJR8rqhfzfSFQft4AaABAg",
            "reply_content": "\u5f8c\u9762\u90a3\u6bb5\u53ef\u4ee5\u526a\u6389 \u5927\u5bb6\u6703\u611f\u8b1d\u4f60\u7684"
        },
        {
            "reply_id": "UgxOasuDXBiwWsxsiRJ4AaABAg",
            "reply_content": "\u4e0d\u8607\u6e56"
        },
        {
            "reply_id": "UgwgjU7uCzoiYam2kaR4AaABAg",
            "reply_content": "\u5687\u4e86\u4e00\u5c0f\u8df3"
        }
    ]
}