{
    "video_info": {
        "id": "EuAiKE_QFeQ",
        "channelTitle": "\u9ec3\u963f\u746a\u7684\u5f8c\u5bae\u751f\u6d3b",
        "title": "\u9ec3\u963f\u746a\u7684\u5f8c\u5bae\u751f\u6d3b \u7b2c1\u5b63 \u7b2c11\u96c6\u3010\u7070\u80d6\u7684\u96b1\u6182\u3011\uff5c#\u540c\u540d\u52d5\u756b Fumeancats, Season One, Ep11",
        "description": "\u9ec3\u963f\u746a\u7684\u5f8c\u5bae\u751f\u6d3b\u300a\u540c\u540d\u52d5\u756b\u300b\n\u7b2c1\u5b63\u517113\u96c6 \u9810\u5b9a\u4e00\u500b\u6708\u767c\u4f48\u4e00\u96c6 \u65bc\u963f\u746aYT\u983b\u9053\u64ad\u51fa\n\n\u8a02\u95b1\u6211\u5011\uff1ahttps://goo.gl/5L8xkV\n\u963f\u746a\u5b98\u7db2\uff1ahttps://www.fumeanstore.com\n\u806f\u7e6b\uff1afumeanaction@gmail.com\n\n\n\u300a3D\u52d5\u756b\u88fd\u4f5c\u300b\u5de5\u4f5c\u4eba\u54e1\u540d\u55ae \n\u51fa\u54c1\uff1a\u746a\u746a\u6587\u574a\n\u539f\u4f5c\uff1a\u9ec3\u963f\u746a\u7684\u5f8c\u5bae\u751f\u6d3b\n\u76e3\u88fd\uff1a\u8a31\u5fd7\u9298\u3001\u9ec3\u7965\u65ed\n\u88fd\u4f5c\u4f01\u5283\uff1a\u746a\u746a\u6587\u574a\u3001\u9ec3\u963f\u746a\u7684\u5f8c\u5bae\u751f\u6d3b\n\u7de8\u5287\uff1a\u8a31\u5fd7\u9298\u3001\u9ec3\u7965\u65ed\n\u4f01\u5283\uff1a\u8521\u975c\u6021\u3001\u8449\u4f9d\u73b2\u3001\u694a\u742a\u5747\u3001\u5442\u6b23\n\u88fd\u7247\uff1a\u8449\u4f9d\u73b2\n\u7de8\u5287\u5354\u52a9\uff1a\u9ec3\u923a\u5d50\n\u7f8e\u8853\u6307\u5c0e\uff1a\u9ec3\u7965\u65ed\u3001\u694a\u4f73\u7ff0\u3001\u65b9\u6631\u6587\u3001\u694a\u742a\u5747\u3001\u5442\u6b23\n\nDirector\uff1aus studio \u8cb3\u62fe\u5de5\u4f5c\u5ba4\nProject Manager\uff1aus studio \u8cb3\u62fe\u5de5\u4f5c\u5ba4 \nExecutive Producer\uff1a\u8449\u4f9d\u73b2\n2D & 3D Storyboard\uff1a us studio \u8cb3\u62fe\u5de5\u4f5c\u5ba4 \nDesigner\uff1a \u694a\u742a\u5747 \u3001\u5442\u6b23 \nModeling & Textureing\uff1a\u5289\u81f3\u83ef\u3001\u8449\u4f9d\u73b2 \u3001\u5442\u6b23 \u3001\u694a\u5cfb\u9d6c\u3001\u90ed\u5bb6\u6fa4\nRigging\uff1a \u7ae5\u6bd3\u6d69 \u3001\u5442\u6b23\nAnimation\uff1a \u5442\u6b23\u3001 \u694a\u742a\u5747\u3001\u8449\u4f9d\u73b2\u3001\u984f\u5c0f\u5091\u3001\u6c88\u82ae\u4f03\nFX: \u8449\u4f9d\u73b2\u3001\u5442\u6b23\u3001\u90ed\u5bb6\u6fa4\nLighting\uff1a\u694a\u5cfb\u9d6c\u3001\u90ed\u5bb6\u6fa4\u3001\u8449\u4f9d\u73b2\nCompositing\uff1a\u694a\u5cfb\u9d6c\u3001\u90ed\u5bb6\u6fa4\u3001\u8449\u4f9d\u73b2\nus studio\u8cb3\u62fe\u5de5\u4f5c\u5ba4: https://www.facebook.com/usstudio20\n\u52d5\u756b\u5408\u4f5c\u6d3d\u8ac7: usstudio20@gmail.com\n\n\u300a\u914d\u97f3\u914d\u6a02\u300b\u5de5\u4f5c\u4eba\u54e1\u540d\u55ae\n\u97f3\u6a02\u5de5\u4f5c\u5ba4\uff1a\u7acb\u5a01\u97f3\u6a02\u5de5\u4f5c\u5ba4\n\u914d\u6a02\uff1a\u7acb\u5a01\u97f3\u6a02\u5de5\u4f5c / \u9673\u5a01\u8a8c\n\u97f3\u6548\uff1a\u7acb\u5a01\u97f3\u6a02\u5de5\u4f5c / \u738b\u9038\u51f1\n\u6df7\u97f3\u5f8c\u88fd\uff1a\u7acb\u5a01\u97f3\u6a02\u5de5\u4f5c\u5ba4\n\u9304\u97f3\uff1a\u64ad\u5ba2\u716e\n\n\u5fd7\u9298\uff1a\u8a31\u5fd7\u9298\n\u72f8\u8c93\uff1a\u9ec3\u7965\u65ed\n\u9ec3\u963f\u746a\uff1a\u9322\u6b23\u90c1\n\u7070\u80d6\uff1a\u96f7\u78a7\u6587\n\n\u3014\u7248\u6b0a\u6240\u6709\uff0c\u975e\u7d93\u8a31\u53ef\u52ff\u8f49\u8f09\u81f3\u4efb\u4f55\u5e73\u53f0\u3015",
        "likeCount": "3940",
        "commentCount": "224",
        "viewCount": "79263"
    },
    "comments": [
        {
            "reply_id": "UgzhF6cYPveRh6-4Tdt4AaABAg",
            "reply_content": "\u53ef\u4e0d\u53ef\u4ee5\u8981\u7247\u982d\u7247\u5c3e\u66f2,\u60f3\u505a\u6211\u7684\u9234\u8072,\u6bcf\u6b21\u807d\u90fd\u6574\u500b\u4eba\u653e\u9b06\u4e86\ud83d\ude33"
        },
        {
            "reply_id": "Ugyxw4Ltvx0lWMmuSpp4AaABAg",
            "reply_content": "\u53ef\u4e0d\u53ef\u4ee5\u4e0d\u8981\u518d\u7e7c\u7e8c\u767c\u4e86\u5462\uff1f\u518d\u4e0b\u53bb\u5c31\u662f\u7070\u80d6\u96e2\u958b\u4e86\uff01\u6211\u4e0d\u60f3\u54ed"
        },
        {
            "reply_id": "UgzDIQhZWvCicP4EhaF4AaABAg",
            "reply_content": "\u7070\u80d6\u4f60\u5225\u8d70"
        },
        {
            "reply_id": "Ugyn9wSSvj70tDZ4zdV4AaABAg",
            "reply_content": "\u5c0f\u62db\u5f1f\u6d3b\u529b\u6eff\u6eff\n\u5e0c\u671b\u7070\u80d6\u5065\u5065\u5eb7\u5eb7"
        },
        {
            "reply_id": "UgwT22Y12pxmuw2Irf94AaABAg",
            "reply_content": "\u88fd\u4f5c\u7070\u80d6\u526a\u7259\u756b\u9762\u5f88\u5be6\u5728\u3002"
        },
        {
            "reply_id": "Ugx7IcEPlffn4-FQfx54AaABAg",
            "reply_content": "\u611f\u89c9\u4e0b\u4e00\u96c6\u8981\u5f00\u59cb\u53d1\u5200\u7247\u4e86\u3002\u3002\u3002 \u7ed9\u90a3\u4e9b\u65b0\u7684\u89c2\u4f17\u77e5\u9053\u4e00\u4e0b\u7070\u80d6\u7684\u6545\u4e8b\ud83d\ude2d"
        },
        {
            "reply_id": "UgyHTTINGL8TRGdvgm14AaABAg",
            "reply_content": "\u771f\u6c92\u60f3\u5230\u7687\u540e\u5a18\u5a18\u5e74\u8f15\u6642\u5f88\u611b\u66b4\u885d\ud83d\ude02"
        },
        {
            "reply_id": "Ugy0mrmSYEZVOMNT4pZ4AaABAg",
            "reply_content": "\u963f\u746a\u771f\u7684\u5f88\u6367\uff0c\u5b89\u6170\u7070\u80d6\uff0c\u4e0d\u77e5\u9053\u6700\u5f8c\u6703\u600e\u6a23\u5462"
        },
        {
            "reply_id": "UgzjnACUavoDIWHJiIB4AaABAg",
            "reply_content": "\u5176\u5be6\u6211\u89ba\u5f97\u52d5\u7269\u5011\u7684\u914d\u97f3\u53ef\u4ee5\u518d\u53ef\u611b\u9ede\uff0c\u73fe\u5728\u963f\u746a\u548c\u7070\u80d6\u7684\u8072\u97f3\u592a\u6210\u719f\u592a\u6b63\u7d93\u4e86"
        },
        {
            "reply_id": "Ugz1npYfF9egTNeNk3h4AaABAg",
            "reply_content": "\u96d6\u7136\u662f\u52d5\u756b\n\u4f46\u662f\u4e0d\u77e5\u9053\u70ba\u751a\u9ebc\u9084\u662f\u6703\u64d4\u5fc3"
        },
        {
            "reply_id": "UgzTCcpmQE3Y81u_zlB4AaABAg",
            "reply_content": "\u62db\u5f1f\u4e00\u76f4\u8dd1\u4f86\u8dd1\u53bb\u7684\ud83d\ude02"
        },
        {
            "reply_id": "UgyvQlq4yKHYkz3qWE54AaABAg",
            "reply_content": "\u89ba\u5f97\u526a\u7259\u90a3\u6bb5\u5f88\u7cbe\u5f69\uff0c\u5c0d\u52d5\u7269\u5011\u4f86\u8aaa\u771f\u7684\u5f88\u53ef\u6015\ud83d\ude02 \u770b\u4f86\u5feb\u8981\u8ddf\u7070\u80d6\u63b0\u63b0\u4e86\ud83d\ude22 \u66b4\u885d\u62db\u5f1f\u597d\u53ef\u611b\uff0c\u9084\u6709\u6469\u6258\u8eca\u914d\u97f3\ud83d\ude02"
        },
        {
            "reply_id": "UgwtC2sbKvOZDXsJueV4AaABAg",
            "reply_content": "\u597d\u559c\u6b22\u770b\uff5e"
        },
        {
            "reply_id": "Ugx7YtMQXMKp5oVzx_V4AaABAg",
            "reply_content": "\u7070\u80d6\u4e0d\u8981\u8d70\ud83d\ude22"
        },
        {
            "reply_id": "UgwYxhXRSAfw4ELSFi94AaABAg",
            "reply_content": "\u96d6\u7136\u77e5\u9053\u7070\u80d6\u5df2\u7d93\u5728\u5929\u5802\uff0c\u4f46\u662f\u770b\u5230\u9019\u4e00\u5e55\uff0c\u5fc3\u9084\u662f\u63ea\u8d77\u4f86\u4e86\ud83d\ude2d"
        },
        {
            "reply_id": "Ugx3QMpvdFoV0rlCZaJ4AaABAg",
            "reply_content": "\u6211\u5973\u5152\uff08\u5009\u9f20\uff09\u5e74\u7d00\u5927\u4e86\uff0c\u6700\u8fd1\u4e5f\u958b\u59cb\u6703\u5598\uff0c\u6bcf\u6b21\u770b\u5979\u90fd\u4e0d\u77e5\u9053\u6703\u4e0d\u6703\u662f\u6700\u5f8c\u4e00\u9762\ud83d\ude2d"
        },
        {
            "reply_id": "UgyN2kneue3X74fAZyV4AaABAg",
            "reply_content": "\u671f\u5f85\u597d\u4e45\u7684\u52d5\u756b\u2764\u597d\u61f7\u5ff5\u7070\u80d6\u5594\ud83e\udd7a"
        },
        {
            "reply_id": "UgyWlfUbXP4fd5Yo0mR4AaABAg",
            "reply_content": "\u5c0f\u62db\u5f1f\u597d\u53ef\u611b\u5594\ud83d\ude0d\n\u5e0c\u671b\u5927\u5bb6\u90fd\u80fd\u5065\u5065\u5eb7\u5eb7\u7684\ud83e\udd7a"
        },
        {
            "reply_id": "UgzXWsUsB1067OmWx054AaABAg",
            "reply_content": "\u597d\u6015\u770b\u5230\u7070\u80d6\u96e2\u958b\u7684\u90a3\u4e00\u5e55\u554a"
        },
        {
            "reply_id": "Ugx_DJQ3kegWCIKIcyt4AaABAg",
            "reply_content": "\u4e0d\u60f3\u671f\u5f85\u4e0b\u4e00\u96c6\u5566"
        }
    ]
}