{
    "video_info": {
        "id": "fIjlQI8hlD4",
        "channelTitle": "\u9ec3\u963f\u746a\u7684\u5f8c\u5bae\u751f\u6d3b",
        "title": "\u628a\u62db\u5f1f\u653e\u5230\u5ba2\u5ef3\uff0c\u51cc\u6668\u4e94\u9ede\u5f8c\u5bae\u5728\u5e79\u561b\uff1f",
        "description": "\u8a02\u95b1\uff1ahttps://goo.gl/5L8xkV\nIG\uff1afumeancat\nhttps://www.fumeanstore.com\nfumeanaction@gmail.com",
        "likeCount": "5276",
        "commentCount": "166",
        "viewCount": "169791"
    },
    "comments": [
        {
            "reply_id": "Ugx86laYjju_apxFIJR4AaABAg",
            "reply_content": "\u5916\u9762\u53ea\u6709\u4e00\u96bb\u80a5\u8c93\ud83d\ude02"
        },
        {
            "reply_id": "UgxX_s_kl2I3EafyDNJ4AaABAg",
            "reply_content": "\u5c0f\u82b1\u80a5\u8c93\ud83c\udf89"
        },
        {
            "reply_id": "UgzcKP7mpCzz3urKNeh4AaABAg",
            "reply_content": "\u8c93\u6a02\u5712"
        },
        {
            "reply_id": "UgzPiJ1ToKJPS1PM0f14AaABAg",
            "reply_content": "\u70ba\u4ec0\u9ebc\u6bcd\u8c93\u8ddf\u516c\u8c93\u8981\u5206\u623f\uff1f"
        },
        {
            "reply_id": "UgyM-eIfFoZLKluisWx4AaABAg",
            "reply_content": "\u597d\u7642\u7652\u7684\u751f\u6d3b\u5f71\u7247,\u8f15\u5feb\u7684\u914d\u6a02\u642d\u914d\u8c93\u8c93\u7684\u65e5\u5e38,\u770b\u4e86\u5fc3\u60c5\u6703\u5f88\u597d"
        },
        {
            "reply_id": "Ugw8qK7447bTkdzv6414AaABAg",
            "reply_content": "\u597d\u7642\u7652\u7684\u5f71\u7247\u5594"
        },
        {
            "reply_id": "Ugwm5usTj9VU56L_SDB4AaABAg",
            "reply_content": "\u770b\u770b\u8c93\u597d\u7642\u7652"
        },
        {
            "reply_id": "UgyukXwmqs1wXFviS5Z4AaABAg",
            "reply_content": "\u5c0f\u82b1\u597d\u80d6\ud83d\ude02"
        },
        {
            "reply_id": "UgyG6FasEyh6TquDNb94AaABAg",
            "reply_content": "\u5f8c\u5bae\u7684\u8c93\u54aa\u5011\u90fd\u4e0d\u559c\u6b61\u51fa\u73fe\u5728\u5ba2\u5ef3\u55ce\ud83d\ude2e\uff1f\ud83d\ude05\u9019\u9ebc\u9020\u5c31\u8d77\u4f86\u62cd\u651d\u4e86\ud83c\udf89\uff01\u9084\u662f\u4f60\u6839\u672c\u5c31\u6c92\u6709\u7761\u89ba\u4e86\ud83d\ude02\uff01"
        },
        {
            "reply_id": "Ugxy6n_ezYnxXyQGSCV4AaABAg",
            "reply_content": "\u611f\u89ba\u5695\u5695\u597d\u50cf\u963f\u5317\u5728\u65c5\u904a\u770b\u98a8\u666f"
        },
        {
            "reply_id": "UgyBabUEv1ZR8QInRd14AaABAg",
            "reply_content": "\u95dc\u9580\u662f\u56e0\u70ba\u6703\u6253\u67b6\u55ce"
        },
        {
            "reply_id": "UgxYiggi7AhfI0nJ8dd4AaABAg",
            "reply_content": "\u8d8a\u4f86\u8d8a\u559c\u6b61\u62db\u5f1f\u4e86\uff01\u597d\u53ef\u611b\u5537\uff01"
        },
        {
            "reply_id": "UgyNDq9pMGAGoCutRyp4AaABAg",
            "reply_content": "\u8b1d\u8b1d\u5f8c\u5bae\u7684\u5f71\u7247 \u8b93\u6211\u7a0d\u5fae\u7de9\u89e3\u4e00\u4e9b\u6211\u5c0d\u81ea\u5bb6\u8c93\u8c93\u7684\u60f3\u5ff5\ud83e\udd7a"
        },
        {
            "reply_id": "UgyizgJGhjVCN-i6zrx4AaABAg",
            "reply_content": "\u9019\u500b\u914d\u6a02\u4e0d\u77e5\u9053\u70ba\u4ec0\u9ebc\u6709\u7a2e\u6953\u4e4b\u8c37\u7684\u611f\u89ba\n\u5927\u6982\u662f\u5f13\u7bad\u624b\u6751\u6216\u662f\u81ea\u7531\u8ce3\u5834\u90a3\u908a"
        },
        {
            "reply_id": "UgybpVWdbQV_gl5RuAV4AaABAg",
            "reply_content": "\u8173\u597d\u6027\u611f\ud83e\udd24"
        },
        {
            "reply_id": "Ugxp3DsfsiVUFQgWOjZ4AaABAg",
            "reply_content": "\u72f8\u8c93\u4f60\u5011\u5bb6\u662f\u600e\u9ebc\u4e86\u53c8\u8981\u642c\u5bb6\u55ce\uff1f\n\u9084\u662f\u7c89\u7d72\u9001\u7684\u79ae\u7269\ud83c\udf89"
        },
        {
            "reply_id": "UgztXauySRaNNOWc3ph4AaABAg",
            "reply_content": "\u9019\u7a2e\u7642\u7652\u7684\u5f71\u7247\uff0c\u51cc\u6668\u4e5f\u5728\u62cd\uff0c\u5e73\u51e1\u4e2d\u5e36\u9ede\u4e0d\u5e73\u51e1\uff0c\u8f9b\u82e6\u4e86\ud83d\ude0a\u2764"
        },
        {
            "reply_id": "UgwegQ4iZ1ERQZQtboR4AaABAg",
            "reply_content": "\u597d\u559c\u6b61\u9019\u7a2e\u65e5\u5e38\u5f71\u7247\uff0c\u5c0d\u559c\u6b61\u8c93\u7684\u4eba\u4f86\u8aaa\u771f\u7684\u597d\u7642\u7652"
        },
        {
            "reply_id": "UgzMWq2nJ0i7YAb4XbJ4AaABAg",
            "reply_content": "\u5c01\u9762\u5713\u6efe\u6efe\u7684\u62db\u5f1f\u771f\u662f\u592a\u53ef\u611b\u4e86\uff0c\u539f\u672c\u5c0f\u4e0d\u56a8\u549a\u7684\u6d63\u8178\u73fe\u5728\u4e5f\u8b8a\u6210\u4e2d\u5e74\uff08\u80a5\uff09\u5927\u53d4\u4e86\u5462\ud83d\ude02"
        },
        {
            "reply_id": "UgwAqTc6WhA1Wj7FB094AaABAg",
            "reply_content": "\u5c0f\u65e5\u5e38\u7d00\u9304\u597d\u53ef\u611b\u2764"
        }
    ]
}