{
    "video_info": {
        "id": "fWRM-pnKZxA",
        "channelTitle": "\u9ec3\u963f\u746a\u7684\u5f8c\u5bae\u751f\u6d3b",
        "title": "\u3010\u76f4\u64ad\u3011\u5695\u569516\u6b72\u751f\u65e5\uff01\u5403\u8089\u5403\u8d77\u4f86\uff01",
        "description": "",
        "likeCount": "1112",
        "commentCount": "115",
        "viewCount": "21416"
    },
    "comments": [
        {
            "reply_id": "Ugz9P5p0h7iDmgrBVzZ4AaABAg",
            "reply_content": "\u5695\u5695\uff01\u9072\u4f86\u7684\u795d\u798f\uff01\u795d\u4f60\u751f\u65e5\u5feb\u6a02\uff01\u8eab\u9ad4\u5efa\u5eb7\uff01"
        },
        {
            "reply_id": "UgzRvElrAIBvuayPNqV4AaABAg",
            "reply_content": "\u53ef\u611b\u5e25\u6c23\u7684\u5695\u569516\u6b72\u4e86\uff0c\u751f\u65e5\u5feb\u6a02\uff0c\u5695\u5695\u771f\u7684\u8d85\u7d1a\u53ef\u611b\u7684\uff0c\u5e0c\u671b\u4f60\u7684\u53e3\u708e\u53ef\u4ee5\u5feb\u9ede\u5eb7\u5fa9\uff0c\u8eab\u9ad4\u6c38\u9060\u5065\u5eb7\uff0c\u5929\u5929\u958b\u5fc3\uff0c\u6bcf\u5929\u7761\u98fd\u98fd\uff0c\u5403\u98fd\u98fd\u2764\ufe0f\u2764\ufe0f"
        },
        {
            "reply_id": "UgwITACMSjQ5stidymx4AaABAg",
            "reply_content": "\u4e00\u76f4\u89ba\u5f97\u5695\u5695\u5f88\u50cf\u51b0\u6cb3\u6b77\u96aa\u8a18\u88e1\u9762\u7684\u528d\u9f52\u864e\ud83d\ude02 \u5e74\u8f15\u7684\u5695\u5695\u771f\u7684\u5f88\u6709\u6bba\u6c23\uff0c\u73fe\u5728\u7684\u5695\u5695\u8b8a\u5f97\u66f4\u53ef\u611b\ud83d\udc97\ud83d\udc97 \u5695\u5695\u751f\u65e5\u5feb\u6a02\uff01\ud83c\udf82\ud83c\udf89"
        },
        {
            "reply_id": "Ugyi0A5mEG87JnVtOkF4AaABAg",
            "reply_content": "\u5835\u5835\uff0c\u5927\u59d0\u982d\u5728\u5eda\u623f\u5916\u9762\u50ac\u98ef\u4e86\u5566\u3002\ud83d\ude05"
        },
        {
            "reply_id": "UgwVm6jA33-RC90_Dr94AaABAg",
            "reply_content": "\u751f\u65e5\u5feb\u6a02\u6211\u7684\u5695\u5695\uff01"
        },
        {
            "reply_id": "UgzOXrFTn2XU308-vr14AaABAg",
            "reply_content": "\u5695\u5695\u751f\u65e5\u5feb\u6a02\ud83c\udf89\ud83c\udf89\u795d\u798f\u4ed6\u8eab\u9ad4\u5065\u5eb7 \n\u6700\u559c\u6b61\u5695\u5695\u7684\u77ed\u5c0f\u5c3e\u5df4\u2764\u64fa\u52d5\u7684\u6642\u5019\u8d85\u7d1a\u53ef\u611b\ud83d\ude02\ud83d\ude02\u2764\n\u5695\u5695\u4e5f\u6703\u8b93\u6211\u60f3\u5230\u70e4\u5f97\u525b\u525b\u597d\u7684\u5410\u53f8\ud83c\udf5e"
        },
        {
            "reply_id": "UgwzSkdhW2NZx2AuPFh4AaABAg",
            "reply_content": "\u5929\u554a\uff01\u5695\u5695\u751f\u65e5\u7684\u524d\u4e00\u5929\u662f\u6211\u7684\u751f\u65e5\u8036\uff01\u4e0d\u904e\uff0c\u3297\ufe0f\u5695\u5695\u751f\u65e5\u5feb\u6a02 \u8eab\u9ad4\u5065\u5eb7\u2764"
        },
        {
            "reply_id": "UgyRPXCJiEih55yCxpt4AaABAg",
            "reply_content": "\u5695\u5695\u751f\u65e5\u5feb\u6a02\ud83c\udf89"
        },
        {
            "reply_id": "Ugwo8EFKzUqLTbHqlSV4AaABAg",
            "reply_content": "\u5695\u5695\u751f\u65e5\u5feb\u6a02\uff01\u8eab\u9ad4\u5065\u5eb7\uff01\u958b\u958b\u5fc3\u5fc3\uff01"
        },
        {
            "reply_id": "UgzlW7jGHAq9QBF-ITN4AaABAg",
            "reply_content": "\u5695\u5695\u751f\u65e5\u5feb\u6a02"
        },
        {
            "reply_id": "UgxSgV-NK0iNLKnZwst4AaABAg",
            "reply_content": "\u5695\u5695\u751f\u65e5\u5feb\u6a02"
        },
        {
            "reply_id": "UgxU1uip4SotV1m_3Kp4AaABAg",
            "reply_content": "\u5695\u5695\u751f\u65e5\u5feb\u6a02\ud83c\udf89"
        },
        {
            "reply_id": "UgxZNsosnAE_5dxQRyZ4AaABAg",
            "reply_content": "\u76e7\u76e7\u751f\u65e5\u5feb\u6a02\uff0c\u5df2\u7d93"
        },
        {
            "reply_id": "UgyiaTBcMW4SrT5FWrd4AaABAg",
            "reply_content": "\u5c0f\u6a58\u8c93\u54aa\u6bd4\u8f03\u7626"
        },
        {
            "reply_id": "UgyLVWELy_0DdgHJdKt4AaABAg",
            "reply_content": "\u5695\u5695\u751f\u65e5\u5feb\u6a02\ud83d\ude0d\n\u8981\u4e00\u76f4\u5065\u5065\u5eb7\u5eb7\u7684\u4e0b\u53bb\u5594\ud83e\udd73"
        },
        {
            "reply_id": "Ugw6Bn8BArftf7DDEe54AaABAg",
            "reply_content": "\u6c85\u8178\u80a5\u4e86\u5f88\u5f97\u610f"
        },
        {
            "reply_id": "UgwF5ICRdzKB9j-32T54AaABAg",
            "reply_content": "\u5695\u5695\u751f\u65e5\u5feb\u6a02\ud83c\udf89\u795d\u5695\u5695\u6c38\u9060\u5065\u5eb7\n\u5e7e\u5e74\u524d\u4ed6\u5927\u75c5\u4e00\u5834\uff0c\u770b\u7684\u5f88\u5fc3\u75bc\n\u5f80\u5f8c\u4e00\u5b9a\u5065\u5eb7\u4e45\u4e45\u2764"
        },
        {
            "reply_id": "UgzDnW2FfW1ht6jlP9l4AaABAg",
            "reply_content": "\u8c93\u54aa\u5403\u7684\u7f50\u982d\u672c\u8eab\u5c31\u662f\u6c92\u5473\u9053.\u800c\u4e14\u52a0\u6c34\u662f\u6015\u5b83\u5011\u4e0d\u559d\u6c34\u8981\u52a0.\u81ea\u5df1\u4e5f\u6709\u990a\u8c93\u4e5f\u8a66\u5403\u591a\u7a2e\u8c93\u7f50\u982d.\u662f\u771f\u7684\u4e0d\u600e\u9ebc\u597d\u5403\ud83e\udd23\ud83e\udd23"
        },
        {
            "reply_id": "UgzULIonZfRu_85tDvJ4AaABAg",
            "reply_content": "\u7db2\u8def\u5e25\u8c93\u5695\u5695\u751f\u65e5\u5feb\u6a02\ud83c\udf89"
        },
        {
            "reply_id": "UgygPmV7ahebMRjnWTp4AaABAg",
            "reply_content": "\u963f\u746a\u8173\u898b\u6709\u4e0d\u5e73"
        }
    ]
}