{
    "video_info": {
        "id": "i5d5WWIUfDE",
        "channelTitle": "\u9ec3\u963f\u746a\u7684\u5f8c\u5bae\u751f\u6d3b",
        "title": "\u6d63\u8178\u5728\u5ba2\u5ef3\u597d\u50cf\u60f3\u505a\u58de\u4e8b\u22ef\u22ef",
        "description": "\u8a02\u95b1\uff1ahttps://goo.gl/5L8xkV\nIG\uff1afumeancat\nhttps://www.fumeanstore.com\nfumeanaction@gmail.com",
        "likeCount": "2826",
        "commentCount": "100",
        "viewCount": "59925"
    },
    "comments": [
        {
            "reply_id": "UgzOzGwu0ziry9_QHs54AaABAg",
            "reply_content": "\u597d\u559c\u6b61\u9019\u7a2e\u985e\u578b\u7684\u5f71\u7247"
        },
        {
            "reply_id": "UgyFJaWY0_1BTWH4-r54AaABAg",
            "reply_content": "\u4e0d\u77e5\u9053\u662f\u4e0d\u662f\u932f\u89ba\n\u4e00\u958b\u59cb\u958b\u9580\u6d63\u8178\u885d\u53bb\u627e\u5c0f\u82b1\u5435\u67b6\u7684\u756b\u9762\u83ab\u540d\u6709\u7a2e\u6293\u5230\u4e08\u592b\u5077\u5403\u4e4b\u5f8c\u6e96\u5099\u958b\u7f75\u7684\u90a3\u7a2e\u516b\u9ede\u6a94\u65e2\u8996\u611fwwwww"
        },
        {
            "reply_id": "UgwzdC-dg3PSxKQqFI94AaABAg",
            "reply_content": "\u6d63\u8178\u597d\u5fd9\uff0c\u4e5f\u597d\u57f7\u8457\ud83d\ude02\u771f\u53ef\u611b\uff01\u63a1\u5149\u771f\u68d2"
        },
        {
            "reply_id": "UgxTnmFFo8xtlB3UTGR4AaABAg",
            "reply_content": "\u5c0f\u82b1\u597d\u53ef\u611b\u5594"
        },
        {
            "reply_id": "UgylTre4O-b1Wsyrg8x4AaABAg",
            "reply_content": "\u6bcf\u6b21\u770b\u4e09\u8173\u5f88\u6eab\u99b4\u7684\u88ab\u6478\u5c31\u89ba\u5f97\u771f\u7684\u597d\u53ef\u611bw\n\u597d\u50cf\u4e00\u500b\u73a9\u5076"
        },
        {
            "reply_id": "Ugz0wLHudm3HaWVgTR14AaABAg",
            "reply_content": "\u5e73\u548c\u7684\u5f8c\u5bae\u5f88\u6709\u771f\u5be6\u611f,\u8178\u8178\u5230\u8655\u627e\u8c93\u4e32\u9580\u5b50\u597d\u53ef\u611b"
        },
        {
            "reply_id": "UgwIQheevZp_-YzhMo54AaABAg",
            "reply_content": "\u5c0f\u82b1\u771f\u7684\u548c\u67da\u5b50\u54e5\u54e5\u4e00\u822c\u5927\u4e86 \u957f\u5f97\u98de\u901f\u2764 \u811a\u59b9 \u771f\u7684\u7edd\u7f8e\u554a\ud83c\udf89"
        },
        {
            "reply_id": "UgxpLw9DiiDLEpzWUSJ4AaABAg",
            "reply_content": "\u597d\u611b\u4ed6\u5011\u751f\u6d3b\u5f71\u7247^^\u5404\u500b\u90fd\u592a\u53ef\u611b\u4e86\u62c9"
        },
        {
            "reply_id": "Ugxsc8ZiZb_JUESWiiV4AaABAg",
            "reply_content": "\u5ba2\u5ef3\u597d\u50cf\u6108\u4f86\u6108\u591a\u6771\u897f\u22ef"
        },
        {
            "reply_id": "UgzNdNus98zB8b6gaq94AaABAg",
            "reply_content": "\u8178\u8178\u597d\u53ef\u611b\u2764\u65b0\u7cfb\u5217\u597d\u7642\u7652\u2764"
        },
        {
            "reply_id": "UgyWK5NF309XF_Fhs354AaABAg",
            "reply_content": "\u7576\u55b5\u4ed4\u771f\u597d \u5403\u98fd\u7761 \u7761\u98fd\u5403 \u534a\u591c\u767c\u760b\u767d\u5929\u7761\u89ba\ud83d\ude02\u4eba\u985e\u597d\u75db\u82e6\ud83d\ude02"
        },
        {
            "reply_id": "UgyORboaLD51HvMTkF54AaABAg",
            "reply_content": "\u597d\u5e73\u975c\u4e00\u5929"
        },
        {
            "reply_id": "UgxZrkgbQbECjAhQw9d4AaABAg",
            "reply_content": "\u4e09\u8173\u6700\u8fd1\u4e5f\u662f\u80a5\u80a5\u7684\ud83d\ude02"
        },
        {
            "reply_id": "UgzSTltBWC-LGtomeR54AaABAg",
            "reply_content": "\u5c0f\u82b1\u662f\u5973\u68ee\uff0c\u5f88\u559c\u6b61\u5c11\u5973\u7684\u5730\u65b9\uff5e"
        },
        {
            "reply_id": "Ugyj_WKmVFyBc0l9VbB4AaABAg",
            "reply_content": "\u559c\u6b61\u9019\u7a2e\u65e5\u5e38"
        },
        {
            "reply_id": "Ugyyhiwmfpd_Dt1WSPZ4AaABAg",
            "reply_content": "\u5c0f\u82b1\u9084\u662f\u4e00\u6a23\u90a3\u9ebc\u7684\u53ef\u611b\ud83e\udd70"
        },
        {
            "reply_id": "UgzEPU6rXszWSK8rv0d4AaABAg",
            "reply_content": "\u770b\u5b8c\u8aed\u5409\u518d\u5b8c\u4f86\u770b\u5f8c\u5bae\uff0c\u771f\u7684\u5f88\u7642\u7652\u2764"
        },
        {
            "reply_id": "UgyBB4yMOZEdor9IEmR4AaABAg",
            "reply_content": "\u8f15\u9b06\u77ed\u7247\u8a18\u9304\uff0c\u4e0d\u52a0\u7279\u6548\u5f88\u9069\u5408\u770b\u2764\u2764"
        },
        {
            "reply_id": "UgwDF_JWQcYdxtcoguF4AaABAg",
            "reply_content": "\u6d63\u8178\u662f\u53ea\u6709\u9ede\u5c0f\u8b8a\u614b\u7684\u8c93\ud83d\ude02"
        },
        {
            "reply_id": "UgwhjLzAQy5YAWtAAmR4AaABAg",
            "reply_content": "\u6700\u8fd1\u5e7e\u4e4e\u6bcf\u5929\u90fd\u6709\u5f8c\u5bae\u5011\u7684\u5f71\u7247\u771f\u7642\u7652\uff01\u96d6\u7136\u53ea\u6709\u77ed\u77ed\u5e7e\u5206\u9418\uff0c\u4f46\u662f\u771f\u7684\u8b93\u6211\u5fd8\u6389\u4e00\u6574\u5929\u7684\u7169\u60f1\u2764\u2764"
        }
    ]
}