{
    "video_info": {
        "id": "JtYEWpPMbJo",
        "channelTitle": "\u9ec3\u963f\u746a\u7684\u5f8c\u5bae\u751f\u6d3b",
        "title": "\u8c93\u54aa\u7528\u982d\u76ae\u6309\u6469\u5668\u7684\u53cd\u61c9",
        "description": "",
        "likeCount": "8534",
        "commentCount": "65",
        "viewCount": "221701"
    },
    "comments": [
        {
            "reply_id": "UgynzjQnbXbpt0vHwrd4AaABAg",
            "reply_content": "\u60c5\u8da3\u7528\u54c1\u517c\u8c93\u8c93\u73a9\u5177"
        },
        {
            "reply_id": "UgyX7fhl-uO_JizTZhd4AaABAg",
            "reply_content": "\u90a3\u5982\u679c\u7528\u4f86\u6309\u6469\u5c41\u5c41\u5462"
        },
        {
            "reply_id": "UgxTM3DatnYQwp0GM7B4AaABAg",
            "reply_content": "\u554a\u611f\u89c9\u597d\u8212\u670d\uff0c\u4eba\u7c7b\u4e5f\u60f3\u53bb\u8bd5\u8bd5\u770b\u4e86~"
        },
        {
            "reply_id": "UgzcWVyqXp3KI66nwNl4AaABAg",
            "reply_content": "\u9019\u7a2e\u6545\u4e8b\u7576\u5c0f\u8aaa\u770b\u597d\u770b\uff0c\u73fe\u5be6\u767c\u751f\u5c31\u5f88\u6050\u6016\u4e86"
        },
        {
            "reply_id": "UgzRzCY_cBIHBSOkF5d4AaABAg",
            "reply_content": "\u6309\u6469\u662f\u8212\u670d\u4e0d\u662f\u4e0d\u597d\u90a3\u4e00\u96bb\u8c93\u4e0d\u61c2\u4eab\u53d7\u8457"
        },
        {
            "reply_id": "UgxVylHbQNOHt8kZlqZ4AaABAg",
            "reply_content": "\u9010\u6e10\u7761\u7740"
        },
        {
            "reply_id": "UgygXkGr_mM6DkDa1oF4AaABAg",
            "reply_content": "\u963f\u746a\u9ad8\u667a\u5546\u7684\u8c93\u2764"
        },
        {
            "reply_id": "UgyXbaitGIze6Rl1czl4AaABAg",
            "reply_content": "\u770b\u8457\u9019\u500b\u7528\u5177 \u6211\u6709\u500b\u5927\u81bd\u7684\u60f3\u6cd5"
        },
        {
            "reply_id": "UgwuvLDT8Tgh76DtqrR4AaABAg",
            "reply_content": "\u554a\u55ce\u597d\u53ef\u611b"
        },
        {
            "reply_id": "Ugz-bYmc3sBdhZQCxZR4AaABAg",
            "reply_content": "\u963f\u746a\u8001\u4e86\ud83d\ude22"
        },
        {
            "reply_id": "UgxEZJn15SPj6Cf4xLZ4AaABAg",
            "reply_content": "\u963f\u746a\u8aaa\u6bcf\u6b21\u90fd\u62ff\u6211\u7576\u793a\u7bc4\uff0c\u6211\u53ea\u662f\u61f6\u7684\u8dd1\n\n\u67da\u5b50\u8aaa \u5f04\u6211\u5c41\u5c41\u6703\u8607\u80e1\ud83d\ude02"
        },
        {
            "reply_id": "Ugxs3vihdOM_2BT0Qh54AaABAg",
            "reply_content": "\u8cb7\u932f\u55ce\uff1f\u6211\u770b\u4eba\u5bb6\u662f\u5237\u982d\u662f\u6253\u8f49,\u4e0d\u662f\u5f80\u5167\u593e\u7684."
        },
        {
            "reply_id": "Ugz1N0y3Ix3jmaU1wz14AaABAg",
            "reply_content": "\u53ef\u611b\u7684\u963f\u746a"
        },
        {
            "reply_id": "UgykEMDkqItkxiz27hJ4AaABAg",
            "reply_content": "\u6709\u6c92\u6709\u5168\u90e8\u8c93\u54aa\u7684\u53cd\u61c9\uff1f"
        },
        {
            "reply_id": "Ugz8XSnk0aQBWMdu0-94AaABAg",
            "reply_content": "\u7687\u4e0a\u8868\u793a:\u9019\u500b\u6309\u6469\u6211\u7d66\ud83d\udcaf\u5206"
        },
        {
            "reply_id": "UgzmTnNXWzVrmj9pfjV4AaABAg",
            "reply_content": "\u963f\u746a\u662f\u6700\u61c2\u5f97\u4eab\u53d7\u732b\u751f\u7684\u732b\u54aa\uff0c\u5f00\u6717\u7684\u4e2a\u6027\uff0c\u6d3b\u6cfc\u7684\u5c0f\u5b9d\u8d1d\u3002\ud83d\udc96\ud83d\udc96\ud83d\udc96"
        },
        {
            "reply_id": "Ugye1i1rt3gF1EdgnZV4AaABAg",
            "reply_content": "\u963f\u746a\u4ee3\u8a00\u54c1\u8cea\u4fdd\u8b49"
        },
        {
            "reply_id": "UgyjcL9bp2YFq-WOjIJ4AaABAg",
            "reply_content": "\u67da\u5b50\u54e5\u4e0d\u559c\u6b61\u5566\u3002"
        },
        {
            "reply_id": "Ugy-axerOdS8Ai5YwrN4AaABAg",
            "reply_content": "\u963f\u746a\u771f\u4fc2\u597d\u975a\u4ed4\ud83d\ude0d"
        },
        {
            "reply_id": "UgwCUf-KX62gu5k-EfB4AaABAg",
            "reply_content": "\u746a\u7687\u4e0a\uff1a\u9019\u662f\u5565\uff1f\u9084\u633a\u8212\u670d\u7684"
        }
    ]
}