{
    "video_info": {
        "id": "KEbs3UWPXAE",
        "channelTitle": "\u9ec3\u963f\u746a\u7684\u5f8c\u5bae\u751f\u6d3b",
        "title": "\u5c0f\u82b1\uff1a\u300c\u611b\u4e0a\u6e23\u7537\u7684\u4e0b\u5834\u3002\u300d",
        "description": "",
        "likeCount": "11057",
        "commentCount": "78",
        "viewCount": "264207"
    },
    "comments": [
        {
            "reply_id": "Ugz5EMqEtj3OvuA1sG14AaABAg",
            "reply_content": "\u9019\u7a2e\u5f71\u7247\u5c31\u662f\u81ea\u8a00\u81ea\u8a9e+\u5b57\u5e55\uff0c\u5c31\u5f88\u591a\u4eba\u770b\u4e86"
        },
        {
            "reply_id": "Ugz9Mk0b8MH0Y8aivqN4AaABAg",
            "reply_content": "\u597d\u53ef\u611b"
        },
        {
            "reply_id": "UgzCasHYdofjUJHkXkV4AaABAg",
            "reply_content": "\u5c0f\u82b1\u5feb\u5931\u6200\u4e86"
        },
        {
            "reply_id": "Ugwx0520kJyeR7irncR4AaABAg",
            "reply_content": "\u963f\u746a\uff0c\u72f8\u8c93\u60a8\u597d\u8b8a\u614b\u3002"
        },
        {
            "reply_id": "UgyJLvY2P8fmLVsMqnB4AaABAg",
            "reply_content": "\u771f\u5fc3\u63db\u7d55\u60c5\ud83d\ude25"
        },
        {
            "reply_id": "UgzXMV8I7fQrHRnOfr94AaABAg",
            "reply_content": "\u6211\u5bb6\u5e05\u54e5\u54e5\u603b\u662f\u8981\u627e\u5c0f\u5a07\u59bb \u7ed3\u679c\u7ecf\u5e38\u88ab\u5c0f\u5a07\u59bb\u6247\u5634\u5df4\ud83d\ude05"
        },
        {
            "reply_id": "UgwyqXYJRQSrc474zt94AaABAg",
            "reply_content": "\u6709\u4e86\u65b0\u6b61\u5fd8\u4e86\u820a\u611b\uff0c\u552f\u6709\u820a\u611b\u6700\u7f8e\u3002\u67da\u5b50*\u7d66\u6211\u8a18\u4f4f\u54c8"
        },
        {
            "reply_id": "UgzGUTlPAIiG2Ut8Kll4AaABAg",
            "reply_content": "\u6e23\u75c5\u5c31\u662f\u8981\u667e\u6cbb\uff01\u667e\u4ed6\u500b\u5169\u5929\u78ba\u4fdd\u7260\u6c92\u5403\u6c92\u559d\u6c92\u5f97\u8e6d...\u5f88\u5feb\u5c31\u75ca\u7652\u4e86~"
        },
        {
            "reply_id": "UgyZwWPjlLLtVuT0NRR4AaABAg",
            "reply_content": "\u597d\u53fb\u5c0f\u82b1"
        },
        {
            "reply_id": "UgxkSFyjNYQFho26NMR4AaABAg",
            "reply_content": "\u807d\u5230\u5c0f\u82b1\u7684\u55b5\u55b5\u53eb\uff0c\u5fc3\u90fd\u788e\u4e86"
        },
        {
            "reply_id": "Ugw9jRL7SAgLUGD1V5B4AaABAg",
            "reply_content": "\u6700\u8fd1\u8d8a\u4f86\u8d8a\u559c\u6b61\u5c0f\u82b1\u2764"
        },
        {
            "reply_id": "UgwRXvxacUZq2Rocm514AaABAg",
            "reply_content": "\u67da\u5b50\u525b\u4e0a\u5b8c\u5ec1\u6240\u5f88\u55e8\u5427\u54c8\u54c8"
        },
        {
            "reply_id": "UgyE72LxDlkUgQzofIJ4AaABAg",
            "reply_content": "\u597d\u53ef\u611b\u5c24\u5176\u662f\u6700\u5f8c\u4e00\u6bb5\ud83d\ude0a"
        },
        {
            "reply_id": "UgxAX1snsno0dG-Vtqx4AaABAg",
            "reply_content": "\u5c0d\u67da\u5b50\u4f86\u8aaa\u5c31\u662f\u9ecf\u4eba\u7684\u59b9\u59b9www"
        },
        {
            "reply_id": "UgxRMCu0BNXR6Q5Ejid4AaABAg",
            "reply_content": "\u5c0f\u82b1\u53eb\u4e3b\u4eba\u653e\u67da\u5b50\u51fa\u4f86\u67da\u5b50\u51fa\u4f86\u4e0d\u7406\u7260\ud83d\ude0a"
        },
        {
            "reply_id": "UgwIw9JFFCCkK1zR9yh4AaABAg",
            "reply_content": "\u66ff\u5c0f\u82b1\u54ed\u54ed\ud83e\udd7a"
        },
        {
            "reply_id": "UgywRO_kAk3ef0feF-94AaABAg",
            "reply_content": "\u67da\u5b50\u8ddf\u5c0f\u82b1\u611f\u60c5\u771f\u597d\ud83d\ude02"
        },
        {
            "reply_id": "UgxIpxsqSbQGqJYGS-14AaABAg",
            "reply_content": "\u5c0f\u82b1 : \u7d42\u7a76\u9084\u662f\u6211\u4e00\u8c93\u625b\u4e0b\u4e86\u6240\u6709"
        },
        {
            "reply_id": "UgzFt1Whw2Isrw0ckLl4AaABAg",
            "reply_content": "\u5c0f\u82b1\u611f\u89ba\u6709\u8b8a\u7626\u4e86\n\u81c9\u8b8a\u5c16\u4e86"
        },
        {
            "reply_id": "UgzhP_39y44cUHGZ-z54AaABAg",
            "reply_content": "\u7b11\u6b7b\uff0c\u67da\u5b50\u76f4\u63a5\u4e0d\u7529\u5c0f\u82b1\uff0c\u4e0d\u662f\u81ea\u5df1\u5973\u670b\u53cb\u55ce"
        }
    ]
}