{
    "video_info": {
        "id": "kPF47GnwhDk",
        "channelTitle": "\u9ec3\u963f\u746a\u7684\u5f8c\u5bae\u751f\u6d3b",
        "title": "\u98b1\u98a8\u5929\u8c93\u54aa\u90fd\u5728\u5e79\u561b\uff1f\u7dca\u5f35\u7dca\u5f35\u22ef",
        "description": "",
        "likeCount": "9128",
        "commentCount": "85",
        "viewCount": "187609"
    },
    "comments": [
        {
            "reply_id": "UgxQpV5-QLwMAiytbTR4AaABAg",
            "reply_content": "\u4f86\uff0c\u904e\u4f86\u526a\u6307\u7532"
        },
        {
            "reply_id": "UgwtitFcMUKi1C144cB4AaABAg",
            "reply_content": "\u62db\u5f1f\u773c\u775b\u597d\u7f8e\ud83d\ude0a"
        },
        {
            "reply_id": "Ugz144VzT2EfCO863St4AaABAg",
            "reply_content": "\u8178\u8178\u597d\u53ef\u611b"
        },
        {
            "reply_id": "UgweYe2r0bikLUvm2Rx4AaABAg",
            "reply_content": "\u4e3a\u5565\u90fd\u4e0d\u7761\uff0c\u6211\u5bb6\u4e00\u5929\u90fd\u5728\u7761\uff0c\u6253\u96f7\u4e0b\u96e8\u53f0\u98ce\u6839\u672c\u6ca1\u5f71\u54cd\u54c8\u54c8\u54c8"
        },
        {
            "reply_id": "Ugzpr8kNTbolXn0vu7N4AaABAg",
            "reply_content": "\u98b1\u98a8\u5929\u524d\u8eb2\u5728\u9435\u6372\u9580\u7576\u50b3\u9001\u9ede\uff0c\u50b3\u9001\u56de\u4e86\u55b5\u661f\ud83d\ude22"
        },
        {
            "reply_id": "Ugw2YKmrfdFeTV5Ar8J4AaABAg",
            "reply_content": "\u9019\u4e0d\u53ea\u662f\u8e0f\u8e0f\u5427\u3002\u3002\n\u9023\u639b\u9264\u722a\u90fd\u51fa\u4f86\u4e86"
        },
        {
            "reply_id": "Ugyf8vXWSJI_txK8zIJ4AaABAg",
            "reply_content": "\u8c93\u8c93\u7cbe\u795e\u90fd\u5f88\u597d"
        },
        {
            "reply_id": "UgxOXVjt4dca5FKpV_V4AaABAg",
            "reply_content": "\u62db\u5f1f\u597d\u53ef\u611b\u554a"
        },
        {
            "reply_id": "UgyY5LgZAc4HUbguz8N4AaABAg",
            "reply_content": "\u62db\u5f1f\u679c\u7136\u8d85\u53ef\u611b\u7684"
        },
        {
            "reply_id": "UgxxeL6JJ-xNJyIeWV54AaABAg",
            "reply_content": "\u641c\u53ef\u65af\u597d\u53ef\u611b\u2764"
        },
        {
            "reply_id": "UgzMGdMX0W9Cr_fdx_x4AaABAg",
            "reply_content": "\u6211\u5bb6\u90a3\u4f4d\u7761\u7684\u8ddf\u6b7b\u8c6c\u4e00\u6a23\u22ef\ud83d\ude02"
        },
        {
            "reply_id": "UgyikIJU8VxG1u776ot4AaABAg",
            "reply_content": "\u62db\u5f1f\u6307\u7532\u9577\u9577\u7684"
        },
        {
            "reply_id": "UgwSqNlb5M2Py7_uAh54AaABAg",
            "reply_content": "\u767c\u73fe\u7dca\u5f35\u7684\u300c\u7dca\u300d\u932f\u5b57"
        },
        {
            "reply_id": "Ugw0ZakvWcRqLBkIlYd4AaABAg",
            "reply_content": "\u597d\u5e78\u798f\u5594 \u6709\u9019\u9ebc\u591a\u96bb\u8c93\u8c93"
        },
        {
            "reply_id": "Ugw_HBVpqMj6CAZwB3B4AaABAg",
            "reply_content": "\u672c\u4f86\u53ef\u4ee5\u51fa\u53bb\u73a9\u7d50\u679c\u98b1\u98a8\u5929"
        },
        {
            "reply_id": "Ugzu3tmsCPLYt2j1DNR4AaABAg",
            "reply_content": "\u6307\u7532\u8981\u526a\u4e86"
        },
        {
            "reply_id": "UgzzCV79EhmBIP_hd-J4AaABAg",
            "reply_content": "\u6211\u5bb6\u8c93\u54aa\u4e5f\u662f\u7761\u4e0d\u8457\uff0c\u8eb2\u6a13\u68af\u9593\uff0c\u5bb3\u6015"
        },
        {
            "reply_id": "Ugzb9GK5Fph0gfye0Wl4AaABAg",
            "reply_content": "\u4e0d\u6127\u662f\u6b77\u7d93\u5927\u98a8\u5927\u6d6a\u7684\u4e09\u8173\u5a18\u5a18"
        },
        {
            "reply_id": "Ugxy_i6HMhWI96-qFaR4AaABAg",
            "reply_content": "\u5927\u5bb6\u90fd\u5e73\u5b89\u771f\u662f\u592a\u597d\u4e86 \u4e0d\u904e\u62db\u5f1f\u5a18\u5a18\u6307\u7532\u592a\u9577\u4e86\u5594"
        },
        {
            "reply_id": "Ugz7zmyXjWwkqp0qw4B4AaABAg",
            "reply_content": "\u6211\u4e5f\u7dca\u5f35\u7761\u4e0d\u597d\uff0c\u98a8\u8072\u547c\u547c\u597d\u53ef\u6015"
        }
    ]
}