{
    "video_info": {
        "id": "mTAcAK9rvkw",
        "channelTitle": "\u9ec3\u963f\u746a\u7684\u5f8c\u5bae\u751f\u6d3b",
        "title": "\u628a\u963f\u746a\u8b8a\u8d85\u7d1a\u8cfd\u4e9e\u4eba\u4e86\uff0c\u8b8a\u8eab\u7d19\u888b\uff01",
        "description": "\u8a02\u95b1\uff1ahttps://goo.gl/5L8xkV\nIG\uff1afumeancat\nhttps://www.fumeanstore.com\nfumeanaction@gmail.com",
        "likeCount": "2989",
        "commentCount": "173",
        "viewCount": "57122"
    },
    "comments": [
        {
            "reply_id": "UgxqdFE4qawQYCwUnMl4AaABAg",
            "reply_content": "\u963f\u746a\u597d\u53ef\u611b\u5594\ud83d\ude0d"
        },
        {
            "reply_id": "UgwA7s_jBsCQVfIQx-R4AaABAg",
            "reply_content": "\u963f\u746a\u597d\u50cf\u63db\u4e86\u65b0\u9aee\u578b\u5728\u5403\u96f6\u98df\ud83d\ude02\u6709\u5920\u53ef\u611b\uff01"
        },
        {
            "reply_id": "Ugw3fvQCJUpeRXh6G654AaABAg",
            "reply_content": "\u7d19\u888b\u662f\u4ec0\u9ebc\u6d3b\u52d5\u55ce\uff1f"
        },
        {
            "reply_id": "Ugyt5v3vW-AAT37mMmR4AaABAg",
            "reply_content": "\u963f\u746a\u597d\u5e25\u5594\ud83d\ude02"
        },
        {
            "reply_id": "UgycjC99g5R64S1JuxV4AaABAg",
            "reply_content": "\u8d85\u7d1a\u963f\u746a\u2764"
        },
        {
            "reply_id": "UgzbogsPdximkI09tuJ4AaABAg",
            "reply_content": "\u6211\u9084\u4ee5\u70ba\u662f\u7345\u5b50\u738b\u52d2"
        },
        {
            "reply_id": "UgxfUctcVA0pyOZuK-94AaABAg",
            "reply_content": "\u597d\u60f3\u770b\u5695\u5695\u8b8a\u8eab\u5594\ud83d\ude02"
        },
        {
            "reply_id": "Ugx2SuudTHDHOAIB14x4AaABAg",
            "reply_content": "\u8cfd\u4e9e\u746a\u746a\u771f\u7684\u597d\u53ef\u611b"
        },
        {
            "reply_id": "Ugy491tVeYPhjtI7dGl4AaABAg",
            "reply_content": "\u963f\u746a\u679c\u771f\u662f\u5f8c\u5bae\u8cfd\u4e9e\u8c93\u7b2c\u4e00\u4eba\u8d85\u9069\u5408\u7684\uff0c\u53ef\u611b\u5ea6\u7834\u8868"
        },
        {
            "reply_id": "UgwkKEOS1S0dIY-zSNN4AaABAg",
            "reply_content": "\u662f\u609f\u7a7a\u746a\u624d\u5c0d\ud83d\ude02"
        },
        {
            "reply_id": "Ugy06OuLdrYoPscpuOR4AaABAg",
            "reply_content": "\u4f60\u5011\u4e5f\u662f\u54c8\u54c8\u5927\u7b11\uff0c\u6211\u7b11\u5230\u809a\u5b50\u75db\u52a0\u7b11\u7ffb\u9084\u7559\u773c\u6dda\ud83d\ude02"
        },
        {
            "reply_id": "UgznFrlC2mO00yIPdVB4AaABAg",
            "reply_content": "\u8d85\u7d1a\u8cfd\u4e9e\u746a\ud83d\ude02"
        },
        {
            "reply_id": "Ugz8SNqx5fYurBh15ZB4AaABAg",
            "reply_content": "\u54c8,\u6211\u5c45\u7136\u89ba\u5f97\u6c92\u6709\u9055\u548c\u611f\ud83e\udd23"
        },
        {
            "reply_id": "Ugzq3FexwBKHSktNEdl4AaABAg",
            "reply_content": "\u597d\u597d\u770b"
        },
        {
            "reply_id": "Ugwg_1UeIcvyGXXN0wd4AaABAg",
            "reply_content": "\u597d\u53ef\u611b\u5c0f\u5bf6\u8c9d\u5594\uff01"
        },
        {
            "reply_id": "Ugwj0v5AYw37c1pRuu14AaABAg",
            "reply_content": "\u963f\u739b\u597d\u53ef\u7231\ud83d\ude0a"
        },
        {
            "reply_id": "UgxkpXxtS6uCkancjjx4AaABAg",
            "reply_content": "\u53ef\u4ee5\u8a66\u8457\u7528\u81a0\u5e36\u9ecf\u56de\u53bb\uff0c\u7136\u5f8c\u518d\u8a66\u8a66\u5176\u4ed6\u8c93\u55ce\uff1f"
        },
        {
            "reply_id": "UgzV798yAKzA-vxyir94AaABAg",
            "reply_content": "\u72f8\u8c93\u5df2\u7d93\u5f9e\u6574\u5fd7\u9298\u8f49\u5411\u6574\u5f8c\u5bae\u4e86\ud83d\ude02\ud83d\ude02\ud83d\ude02"
        },
        {
            "reply_id": "Ugwnr8m4Y6lTl2TKEGx4AaABAg",
            "reply_content": "\u9019\u5e7e\u5929\u4e5f\u592a\u958b\u5fc3\u4e86\u5427\uff0c\u5e38\u5e38\u6253\u958bYT\u90fd\u770b\u5230\u65b0\u7247\u2764"
        },
        {
            "reply_id": "UgwdAeLNDkb4meNGEiJ4AaABAg",
            "reply_content": "\u963f\u746a\u53ef\u611b\uff0c\u62db\u5f1f\u4e5f\u53ef\u611b\u7834\u6389"
        }
    ]
}