{
    "video_info": {
        "id": "NAayM4rTaUY",
        "channelTitle": "\u9ec3\u963f\u746a\u7684\u5f8c\u5bae\u751f\u6d3b",
        "title": "\u6478\u6b63\u5728\u7761\u89ba\u7684\u8c93\uff0c\u4ed6\u5011\u6709\u4ec0\u9ebc\u53cd\u61c9\uff1f",
        "description": "",
        "likeCount": "6469",
        "commentCount": "56",
        "viewCount": "135965"
    },
    "comments": [
        {
            "reply_id": "UgzPBRAzqkNyU6szce94AaABAg",
            "reply_content": "\u5c0f\u82b1\u548c\u67da\u5b50\uff0c\u4e00\u8d77\u7761\u89c9\u771f\u7684\u592a\u53ef\u7231\u3002"
        },
        {
            "reply_id": "Ugzv4bwv9d5O2ML894h4AaABAg",
            "reply_content": "\ud83d\ude02 \u7687\u963f\u746a\u8868\u793a\u600e\u9ebc\u53ef\u4ee5\u4e82\u6478\u6715\u7684\u8eab\u9ad4"
        },
        {
            "reply_id": "UgwRWVQcVHJh1HOWhIt4AaABAg",
            "reply_content": "\u8c93\uff1a\u6211\u4e0d\u4e7e\u6de8\u4e86\u554a\u554a\u554a"
        },
        {
            "reply_id": "Ugwsz4E0If_vtYpgZ254AaABAg",
            "reply_content": "\u963f\u746a\uff1a\u7cdf\u4e86\u6211\u4e0d\u4e7e\u6de8\u4e86"
        },
        {
            "reply_id": "Ugyg2fIL3CfhkSP4d0p4AaABAg",
            "reply_content": "\u6211\u7684\u8c93\u4e5f\u662f\u4e00\u6a23\n\u6211\u5e38\u5e38\u5728\u5979\u8214\u81ea\u5df1\u6e96\u5099\u7761\u89ba\u6642 \u6478\u5979\n\u5979\u5c31\u91cd\u65b0 \ud83d\udc45\u8214\u904e\ud83e\udd2d\ud83e\udd2d"
        },
        {
            "reply_id": "Ugzzz18wsT-qtouHISF4AaABAg",
            "reply_content": "\u67da\u5b50\u548c\u5c0f\u82b1\u751c\u871c\u4e8c\u4eba\u7761\u2764"
        },
        {
            "reply_id": "Ugzwp-rPVaKa9vge5TF4AaABAg",
            "reply_content": "\u5927\u6982\u662f\u89ba\u5f97\u7537\u4e3b\u4eba\u4e0a\u5b8c\u5ec1\u6240\u6c92\u6709\u6d17\u624b\u9003\u4e0d\u904e\u8c93\u8c93\u654f\u611f\u7684\u55c5\u89ba\ud83e\udd23\ud83e\udd23\ud83e\udd23"
        },
        {
            "reply_id": "Ugz4DxyLr37DHZulDkh4AaABAg",
            "reply_content": "\u9019\u5169\u96bb\u90fd\u597d\u53ef\u611b\ud83d\ude0a"
        },
        {
            "reply_id": "UgxtrjRGJR3dft5GcPl4AaABAg",
            "reply_content": "\u5c0f\u82b1\u8ddf\u67da\u5b50\u8ddf\u6211\u5bb6\u8c93\u54aa\u4e00\u6a23\uff0c\u7761\u89ba\u6478\u4ed6\u5011\u5c31\u6703\u4e00\u76f4\u8214\u6bdb\uff0c\u592a\u53ef\u611b\u4e86\ud83d\ude02\ud83d\ude02"
        },
        {
            "reply_id": "Ugx8vzf35pUsNbPfYcd4AaABAg",
            "reply_content": "\u67da\u5b50\u8ddf\u5c0f\u82b1\u597d\u53ef\u611b"
        },
        {
            "reply_id": "UgyZ5cAvRhWpfr-4Y-R4AaABAg",
            "reply_content": "\u4f38\u61d2\u8170\u8ba9\u6211\u66f4\u597d\u6478"
        },
        {
            "reply_id": "UgyRqZHLtx55YH0AWz14AaABAg",
            "reply_content": "\u8b8a\u9ad2\u4e86\uff0c\u64e6\u64e6"
        },
        {
            "reply_id": "UgxGN5TXfRMP7B2uPGh4AaABAg",
            "reply_content": "\u54c8\u54c8\u54c8\u5acc\u4f60\u624b\u810f"
        },
        {
            "reply_id": "UgwcjtlE9-yB9WVEZNd4AaABAg",
            "reply_content": "\u6211\u5bb6\u7684\u8c93\u4e5f\u9019\u6a23\uff01\uff01\uff01\u4e0d\u7981\u61f7\u7591\u6211\u7684\u624b\u662f\u4e0d\u662f\u771f\u7684\u5f88\u81ed\ud83d\ude22"
        },
        {
            "reply_id": "UgwtAJtLCX2JADhev4F4AaABAg",
            "reply_content": "\u5982\u679c\u9047\u5230\u9019\u7a2e\u60c5\u6cc1\uff0c\u6211\u6703\u66f4\u760b\u72c2\u6478\u4ed6\u8214\u7684\u5730\u65b9\u76f4\u5230\u4ed6\u653e\u68c4\u62b5\u6297\ud83d\ude02\ud83d\ude02"
        },
        {
            "reply_id": "UgxGeMw0WTRDCkzKLKh4AaABAg",
            "reply_content": "\u597d\u53ef\u611b\u5c0f\u5bf6\u8c9d\u5594\uff01"
        },
        {
            "reply_id": "UgzN3sENNd0X7onFzQV4AaABAg",
            "reply_content": "\u600e\u9ebc\u9019\u9ebc\u559c\u6b61\u7576\u96fb\u71c8\u6ce1"
        },
        {
            "reply_id": "Ugw-R233hqZOxpVy6LR4AaABAg",
            "reply_content": "\u597d\u6709\u592b\u59bb\u76f8\u2764"
        },
        {
            "reply_id": "Ugzqs2PzMx1SbymLVN54AaABAg",
            "reply_content": "\u67da\u5b50\u600e\u9ebc\u770b\u600e\u9ebc\u53ef\u611b\ud83d\ude0a"
        },
        {
            "reply_id": "Ugwfs5WjQVeOBpvzv4R4AaABAg",
            "reply_content": "\u6211\u5bb6\u7684\u4e5f\u6703\ud83d\ude02"
        }
    ]
}