{
    "video_info": {
        "id": "OvIMZFxoh50",
        "channelTitle": "\u9ec3\u963f\u746a\u7684\u5f8c\u5bae\u751f\u6d3b",
        "title": "\u795e\u51fa\u9b3c\u6c92\u22ef\u842c\u8056\u7bc0\u5feb\u6a02\ud83c\udf83",
        "description": "",
        "likeCount": "3262",
        "commentCount": "73",
        "viewCount": "33067"
    },
    "comments": [
        {
            "reply_id": "UgxvgggeK2OmG0RChp54AaABAg",
            "reply_content": "\u597d\u9069\u5408\u597d\u53ef\u611b"
        },
        {
            "reply_id": "UgwFhj2Y1GL6roC05tZ4AaABAg",
            "reply_content": "\u9019\u4e0d\u662f\u5409\u5409\u55ce\uff1f\u70ba\u4ec0\u9ebc\u6211\u807d\u4e0d\u61c2\u4f60\u8aaa\u7684\u8a71\u4e86\uff01"
        },
        {
            "reply_id": "UgzcuQkTT6Z9ObDrtKl4AaABAg",
            "reply_content": "\u54c7\uff0c\u96e3\u5f97\u770b\u7684\u9019\u9ebc\u6e05\u695a\ud83d\ude02"
        },
        {
            "reply_id": "UgxEJ7KVaD0E-59ba4h4AaABAg",
            "reply_content": "\u7121\u9650\u5faa\u74b0"
        },
        {
            "reply_id": "UgyTVK8rdy6rx6shMPV4AaABAg",
            "reply_content": "\u592a\u53ef\u611b\u4e86\u5566\ud83d\ude0d"
        },
        {
            "reply_id": "UgxE7X_uK1kAQYwVuVF4AaABAg",
            "reply_content": "\u842c\u8056\u7bc0\u5feb\u6a02\uff01"
        },
        {
            "reply_id": "UgwMDeTwCbSPPQwhBdR4AaABAg",
            "reply_content": "\u6211\u88ab\u8214\u4e86\u54e6\u54e6((\u5347\u5929"
        },
        {
            "reply_id": "Ugz6x1pl5Jg2XmHH5o94AaABAg",
            "reply_content": "\u771f\u597d\u622a\u5716"
        },
        {
            "reply_id": "UgxpBMfvHBV5P_05ovp4AaABAg",
            "reply_content": "\u592a\u53ef\u611b\u5566\u2764"
        },
        {
            "reply_id": "UgxhO6OLRZ8geyawCEl4AaABAg",
            "reply_content": "\u597d\u53ef\u611b\u5537\u2764"
        },
        {
            "reply_id": "Ugz-j1hZ_qsezISvb_x4AaABAg",
            "reply_content": "\u8d85\u53ef\u611b\u7684\u5566"
        },
        {
            "reply_id": "UgyDrEE_6x_GHPNyOsV4AaABAg",
            "reply_content": "\u842c\u8056\u7bc0\u5feb\u6a02\ud83d\ude0a"
        },
        {
            "reply_id": "Ugynk3l1ir14fV94aAl4AaABAg",
            "reply_content": "\u795d\u5927\u5bb6\u8056\u8a95\u7bc0\u5feb\u6a02"
        },
        {
            "reply_id": "UgysKt0QOJX_4Dx_fE54AaABAg",
            "reply_content": "\u795d\u5f8c\u5bae\u842c\u8056\u7bc0\u5feb\u6a02"
        },
        {
            "reply_id": "UgwaKB-DD7H0LhHEG594AaABAg",
            "reply_content": "\u9019\u8996\u89d2\u597d\u8b9a\ud83d\ude02"
        },
        {
            "reply_id": "Ugx9BVDrDclRuShYl3F4AaABAg",
            "reply_content": "\u9ed1\u8c93\u5f88\u91cd\u8981\ud83d\udda4"
        },
        {
            "reply_id": "Ugy77dpybe-fxrlQ1Bx4AaABAg",
            "reply_content": "\u770b\u9019\u96bb\u9ed1\u8c93\u3002"
        },
        {
            "reply_id": "UgyCblOspcM8uzf8t8h4AaABAg",
            "reply_content": "\u5c45\u7136\u662f\u771f\u7684\u641c\u641c \u4e00\u958b\u59cb\u9084\u4ee5\u70ba\u662f\u5a03\u5a03"
        },
        {
            "reply_id": "UgxbCzIdyG0GDsxm1bh4AaABAg",
            "reply_content": "\u795d\u5927\u5bb6\u842c\u8056\u7bc0\u5feb\u6a02"
        },
        {
            "reply_id": "Ugx6ZMYeUxfPzJwjh3J4AaABAg",
            "reply_content": "\u795d\u5927\u5bb6\u842c\u8056\u7bc0\u5feb\u6a02\ud83d\ude43"
        }
    ]
}