{
    "video_info": {
        "id": "PilcaQqK_pM",
        "channelTitle": "\u9ec3\u963f\u746a\u7684\u5f8c\u5bae\u751f\u6d3b",
        "title": "\u8c93\u770b\u5230\u5c0f\u7d19\u7bb1\u7684\u53cd\u61c9\uff1f",
        "description": "",
        "likeCount": "11210",
        "commentCount": "98",
        "viewCount": "310217"
    },
    "comments": [
        {
            "reply_id": "UgxKZGLgm5PzwnN-eBR4AaABAg",
            "reply_content": "\u54c8\u54c8\u54c8\u67da\u5b50\u548c\u6d63\u8178\u5750\u5728\u88e1\u9762\uff0c\u597d\u53ef\u611b\u5537\ud83d\ude0d\u963f\u746a\u8aaa\uff0c\u6211\u624d\u4e0d\u59d4\u5c48\u81ea\u5df1\ud83d\ude02"
        },
        {
            "reply_id": "UgxTy_sw64UFO7RW7Ul4AaABAg",
            "reply_content": "\u746a\u746a\u7684\u7a7a\u9593\u6982\u5ff5\u5176\u5be6\u5f88\u5f37\n\u6d63\u8178\u771f\u7684\u61a8\u5e25\u61a8\u5e25"
        },
        {
            "reply_id": "Ugz2XfUkHhMHICND05l4AaABAg",
            "reply_content": "\u6bcf\u96bb\u8c93\u90fd\u597d\u53ef\u611b \u771f\u5e0c\u671b\u6211\u5bb6\u4e5f\u80fd\u662f\u9019\u6a23 \u8b9a\u8b9a"
        },
        {
            "reply_id": "UgyWZBkJVCHpnIzOzTZ4AaABAg",
            "reply_content": "maru\uff08\u958b\u982d\u90a3\u96bb\u8c93\uff0c\u4f86\u81ea\u65e5\u672c\uff09\u662f\u5f88\u6709\u6311\u6230\u7cbe\u795e\uff0c\u4e0d\u7ba1\u591a\u5c0f\u7684\u7bb1\u5b50\u90fd\u6703\u5617\u8a66\u628a\u81ea\u5df1\u585e\u9032\u53bb\uff0c\u963f\u746a\u5247\u662f\u5c0d\u81ea\u5df1\u7684\u9ad4\u578b\u6709\u6bd4\u8f03\u6e05\u695a\u7684\u8a8d\u77e5\u6240\u4ee5\u4e0d\u6703\u4e82\u8a66\ud83e\udd23"
        },
        {
            "reply_id": "Ugx7DESDlyE5M6dscyZ4AaABAg",
            "reply_content": "\u8d85\u611b\u963f\u746a\u2764"
        },
        {
            "reply_id": "Ugw92HQ_3p7-MFLNolN4AaABAg",
            "reply_content": "\u963f\u746a\uff1a\u8c93\u624d\u73a9\u7d19\u7bb1 \u6211\u53c8\u4e0d\u662f\u8c93"
        },
        {
            "reply_id": "UgxmV15ku6pQP4MFMvB4AaABAg",
            "reply_content": "\u8fa3\u500b\u809a\u809a"
        },
        {
            "reply_id": "UgwaLl0JCIl95z8mo3Z4AaABAg",
            "reply_content": "\u963f\u746a\uff1a\u6715\u8981\u9f8d\u6905\u4e0d\u662f\u7d19\u7bb1\ud83d\ude02"
        },
        {
            "reply_id": "UgxZcfW9r2n2GePTlqx4AaABAg",
            "reply_content": "\u963f\u746a\uff1a\u6211\u8981\u505a\u9f8d\u6905\uff0c\u8ab0\u5728\u8ddf\u4f60\u7d19\u7bb1"
        },
        {
            "reply_id": "Ugyo7vM_n7rHXWtUQQJ4AaABAg",
            "reply_content": "\u963f\u746a\u2026\u771f\u7684\u8001\u4e86"
        },
        {
            "reply_id": "UgwtSxMFSmapN0ltPvN4AaABAg",
            "reply_content": "\u6709\u4eb2\u621a\u5bb6\u7684\u732b\u4e5f\u662f\u8ddf\u963f\u739b\u5dee\u4e0d\u591a\u4f53\u578b\ud83d\ude02\u4e0d\u8fc7\u5b83\u7279\u522b\u559c\u6b22\u8fdb\u7bb1\u5b50\u91cc"
        },
        {
            "reply_id": "UgxZgLKPiTWX4zF6nT94AaABAg",
            "reply_content": "\u7b49\u4e00\u4e0b\u4f60\u5728\u54ea\u88e1\u6478\u54ea\uff1f"
        },
        {
            "reply_id": "UgzyLLt6eaz0rcRqiwZ4AaABAg",
            "reply_content": "\u8c93\u5c0d\u7d19\u7bb1\u6c92\u62b5\u6297\u529b"
        },
        {
            "reply_id": "UgyzBI_DTDxZfN4LT4J4AaABAg",
            "reply_content": "\u6d63\u8178\uff1f\u5565\u9b3c\u540d\u5b57"
        },
        {
            "reply_id": "Ugz8s7Q_BHx-SqOhCpZ4AaABAg",
            "reply_content": "\u6700\u611b\u67da\u5b50\u4e86\u2764"
        },
        {
            "reply_id": "UgxrVbjuPzxwUB0UmkJ4AaABAg",
            "reply_content": "\u8df3\u9032\u53bb\u610f\u7fa9\u4f55\u5728\uff0c\u6211\u53ea\u8981\u5728\u7d19\u7bb1\u908a\u7de3\u7559\u4e0b\u6c23\u5473\uff0c\u5c31\u6210\u529f\u4e86\ud83d\ude05"
        },
        {
            "reply_id": "Ugyq6Sy_L8HG8xWy-Jx4AaABAg",
            "reply_content": "\u963f\u746a\u7626\u4e86"
        },
        {
            "reply_id": "Ugw5pjeP7ECOauOpokp4AaABAg",
            "reply_content": "\u8b93\u6211\u60f3\u8d77\u7d19\u7bb1\u7684\u80cc\u53db"
        },
        {
            "reply_id": "UgwjnktYeQh1djdCGBZ4AaABAg",
            "reply_content": "\u9019\u662f\u4e00\u7a2e\u4fe1\u4ef0\u2764"
        },
        {
            "reply_id": "Ugz30pWMYbQ0EJAxr5x4AaABAg",
            "reply_content": "\u6478\u8c93\u7684\u90e8\u4f4d\u4f3c\u4e4e\u662f\u80ef\u4e0b"
        }
    ]
}