{
    "video_info": {
        "id": "pTf8S9nOYEY",
        "channelTitle": "\u9ec3\u963f\u746a\u7684\u5f8c\u5bae\u751f\u6d3b",
        "title": "\u4f60\u807d\u904e\u8c93\u54aa\u6253\u547c\u55ce\uff1f",
        "description": "",
        "likeCount": "9376",
        "commentCount": "150",
        "viewCount": "105232"
    },
    "comments": [
        {
            "reply_id": "Ugy2zzgzXru7vBlENvJ4AaABAg",
            "reply_content": "\u6211\u9084\u6703\u88ab\u81ea\u5df1\u7684\u8c93\u4e3b\u6253\u547c\u5687\u9192\ud83e\udd23"
        },
        {
            "reply_id": "UgypiLmXRJiK4iEyBt94AaABAg",
            "reply_content": "\u914d\u97f3\u662f\u72f8\u8c93"
        },
        {
            "reply_id": "Ugz5TY6SFi60h9GlyV54AaABAg",
            "reply_content": "\u8fd9\u547c\u565c\u58f0\u7adf\u7136\u6bd4\u8001\u516c\u7684\u8fd8\u597d\u542c"
        },
        {
            "reply_id": "UgzYzGF8PrsABv4SK8Z4AaABAg",
            "reply_content": "\u8b1d\u4e3b\u9686\u6069\u2764"
        },
        {
            "reply_id": "Ugz-dtNsh8wkOfVbHd14AaABAg",
            "reply_content": "\u8c93\u6253\u547c\uff0c\u4e0d\u662f\u65e5\u5e38\u55ce\ud83d\ude02"
        },
        {
            "reply_id": "Ugyo8wazQ7zvalhiact4AaABAg",
            "reply_content": "\u662f\u771f\u7684\u55ce? \u539f\u4f86\u8c93\u4e5f\u6703\u6253\u547c\u554a"
        },
        {
            "reply_id": "UgywfqDITVY40Ms9zjt4AaABAg",
            "reply_content": "\u6211\u66fe\u7d93\u505a\u5922\u5922\u5230\u6211\u807d\u5230\u624b\u6a5f\u4e00\u76f4\u5728\u9707\u52d5\uff0c\u4f46\u6211\u600e\u9ebc\u7ffb\u90fd\u4e0d\u5230\uff0c\u9192\u4f86\u624d\u767c\u73fe \u539f\u4f86\u662f\u6211\u5bb6\u8c93\u7761\u5728\u6211\u8033\u908a \u5fd8\u60c5\u7684\u6253\u547c\u8072\u22ef"
        },
        {
            "reply_id": "UgwnJda1HUyz0RsTPDN4AaABAg",
            "reply_content": "\u6bcf\u5929\u90fd\u807d\u5230\ud83d\ude02\u597d\u5435\u54c8\u54c8"
        },
        {
            "reply_id": "Ugw5UiqFL3emSex9Ek54AaABAg",
            "reply_content": "\u6211\u5bb6\u4ed4\u4e5f\u6703\u6253\u547c\uff0c\u54c8\u54c8\u3002"
        },
        {
            "reply_id": "Ugw3Bntlo-88pEFC2wB4AaABAg",
            "reply_content": "\u4ee5\u524d\u6211\u7684\u8c93\u4e5f\u6703\u6253\u547c\u3002\u73fe\u5728\u6211\u6c92\u6709\u8c93\u4e86\u3002"
        },
        {
            "reply_id": "UgzzqGHtZkM3QogemSp4AaABAg",
            "reply_content": "\u5e38\u5e38\u542c\u5230\uff0c\u4e26\u6ca1\u6709\u597d\u904b"
        },
        {
            "reply_id": "UgwhylThV8vZnf_yvUp4AaABAg",
            "reply_content": "\u807d\u5230\u7537\u4eba\u6253\u547c\u6703\u7acb\u5373\u6298\u58fd\u81f3\u5c11\u534a\u8f29\u5b50\uff0c#\u807d\u5230\u5c0f\u52d5\u7269\u6253\u547c\u7c21\u76f4\u4eba\u9593\u5929\u7c5f\u5929\u4f7f\u5531\u8056\u6b4c \u9020\u7269\u4e3b\u771f\u795e\u8056\u7684\u6069\u5178\n\u807d\u5230\u7537\u4eba\u6253\u547c\u7acb\u5373\u96e2\u5a5a\u5206\u623f\u7761\u534a\u591c\u64ec\u96e2\u5a5a\u5354\u8b70\u5206\u5bb6\u7522\u7cbe\u795e\u6c42\u511f \uff0c#\u9694\u5929\u4ed6\u5c31\u6703\u6536\u5230\u6211\u5f8b\u5e2b\u5bc4\u4f86\u7684\u5b58\u8b49\u4fe1\u51fd\u4e86 \u4ed6\u751f\u75c5\u4e86\u547c\u5438\u4e2d\u6b62\u75c7\uff0c#\u807d\u5230\u5c0f\u52d5\u7269\u6253\u547c\u7acb\u5373\u62b1\u7dca\u8655\u7406\u5475\u8b77\u81f3\u6975\u6211\u7684\u5c0f\u516c\u4e3b\u554a\u4f60\u7761\u7684\u53ef\u771f\u9999\u751c \u6709\u5abd\u7684\u5b69\u5b50\u50cf\u500b\u5bf6 \u5927\u81ea\u7136\u7684\u5929\u7c5f\u4e4b\u97f3 \uff0cvoice from heaven ,\u660e\u5929\u5e36\u4f60\u53bb\u8cb7\u65b0\u8863\u88f3\uff0c\u6bd4\u4f5c\u65b0\u5a18\u3002\n\u6975\u5ea6\u96d9\u6a19"
        },
        {
            "reply_id": "UgwWl0m6CiqtXrWxGPd4AaABAg",
            "reply_content": "\u6211\u5df2\u5f97\u5230\u746a\u746a\u7687\u4e0a\u88ab\u4f51\u2764"
        },
        {
            "reply_id": "Ugy5MXyoiKMGsrVajXJ4AaABAg",
            "reply_content": "\u807d\u5230\u4e5f\u5feb\u7761\u8457\ud83d\ude02"
        },
        {
            "reply_id": "UgwqQkfdBI3JLV2zi_14AaABAg",
            "reply_content": "\u5999\u554a"
        },
        {
            "reply_id": "UgzinimQZaAEmkic6pR4AaABAg",
            "reply_content": "\u6700\u5f8c\u5c45\u7136\u9084\u6709\u7bc0\u594f\u611f\n\u6211\u8c93\u5f88\u5c11\u6253\u547c\n\u4e00\u65e6\u6253\u547c \u6211\u90fd\u6703\u8d95\u5feb\u9304\u5f71\n\u8c93\u6253\u547c\u8072\u771f\u7684\u5f88\u7642\u7652"
        },
        {
            "reply_id": "Ugzt4_sb4DwDFieB9zt4AaABAg",
            "reply_content": "\u600e\u9ebc\u78ba\u5b9a\u9019\u96bb\u4e0d\u662f\u4e09\u8173\u6216\u662f\u6d63\u8178\u52d2\uff1f"
        },
        {
            "reply_id": "UgxswhbiuIAqNBQHmsR4AaABAg",
            "reply_content": "\u4e0d\u50cf\u662f\u5462\uff0c\u6211\u542c\u8fc7\u7684\u4e0d\u662f\u8fd9\u6837\u7684"
        },
        {
            "reply_id": "UgyZ85K-tdBsZ2KRvRB4AaABAg",
            "reply_content": ".....\u5988\u7684\uff0c\u96be\u602a\u6211\u540c\u4e8b\u90fd\u628a\u6211\u5f53\u732b\u64b8\uff01\u539f\u6765\u540c\u4e8b\u7fa4\u53e6\u5f00\u4e00\u4e2a\u7684\u7fa4\u4e2d\u97f3\u9891\u5c31\u662f\u6211\u7684\u6253\u547c\u58f0\u97f3\u8ddf\u732b\u4e00\u6837\uff01\u6de6"
        },
        {
            "reply_id": "UgwVAlFOxvUD9Fc6zxp4AaABAg",
            "reply_content": "\u9f3b\u585e\u4e86"
        }
    ]
}