{
    "video_info": {
        "id": "qLWTj4p_c_8",
        "channelTitle": "\u9ec3\u963f\u746a\u7684\u5f8c\u5bae\u751f\u6d3b",
        "title": "\u67da\u5b50\uff1a\u300c\u958b\u5fc3\uff5e\u300d",
        "description": "",
        "likeCount": "4821",
        "commentCount": "81",
        "viewCount": "44576"
    },
    "comments": [
        {
            "reply_id": "Ugythc2UkXQu84fykCV4AaABAg",
            "reply_content": "\u597d\u53ef\u611b"
        },
        {
            "reply_id": "Ugx01cv2XNZrQWcXCSh4AaABAg",
            "reply_content": "\u597d\u597d\u7b11"
        },
        {
            "reply_id": "UgyyHOyhXFV-V5yEwE14AaABAg",
            "reply_content": "\u5c0f\u85cd\uff1a\u6211\u5df2\u7d93\u7d2f\u4e86"
        },
        {
            "reply_id": "UgyIfo80LvniFPtU4a54AaABAg",
            "reply_content": "\u67da\u5b50\u53ef\u611b\ud83d\ude0d"
        },
        {
            "reply_id": "UgxMeU2wVOYJVvEQCSJ4AaABAg",
            "reply_content": "\u6b3a\u8ca0\u5c0f\u85cd\u65e5\u5e38\ud83d\ude02"
        },
        {
            "reply_id": "UgwDUAeJAh0d3yMvNDh4AaABAg",
            "reply_content": "\u6050\u9f8d\u6297\u72fc"
        },
        {
            "reply_id": "UgzO3uArRTugTVeGHDJ4AaABAg",
            "reply_content": "\u597d\u53ef\u611b\u5c0f\u5bf6\u8c9d\u5594\uff01"
        },
        {
            "reply_id": "Ugz_JCGxFkMqtQOEnkF4AaABAg",
            "reply_content": "\u597d\u53ef\u611b"
        },
        {
            "reply_id": "UgzveqbqLps22lsvgrJ4AaABAg",
            "reply_content": "\u9019\u90e8\u52d5\u756b\u4e0d\u932f\u67da\u5b50\u770b\u8d77\u4f86\u5f88\u5feb\u6a02\u7684\u6a23\u5b50\ud83d\ude0a"
        },
        {
            "reply_id": "Ugx738S80Xq-eB39TgF4AaABAg",
            "reply_content": "\u5c0f\u85cd\u53ef\u6190"
        },
        {
            "reply_id": "UgxIWMN8A-SZzExW7tR4AaABAg",
            "reply_content": "\u597d\u53ef\u611b"
        },
        {
            "reply_id": "UgzmgLddXhmYnmdAB7t4AaABAg",
            "reply_content": "\u5e78\u597d\u4e0d\u662f\u5df2\u7d93\u53bb\u4e16\u7684\u5c0f\u9ed1\ud83d\ude02\u80fd\u88ab\u67da\u5b50\u9a0e\u771f\u5e78\u798f\uff0c\u597d\u7642\u7652"
        },
        {
            "reply_id": "UgwR6NRAZb6-_bV_LY94AaABAg",
            "reply_content": "\u8d85\u53ef\u611b\u7684\u2764"
        },
        {
            "reply_id": "UgxcMCcQq9VNGVQcohJ4AaABAg",
            "reply_content": "\u67da\u5b50\u7684\u540e\u9762\u52a8\u753b\u597d\u53ef\u7231\u7761\u7684\u547c\u547c\u5927\u53eb\ud83d\ude02"
        },
        {
            "reply_id": "UgzKFrH7TUSaatGjh0p4AaABAg",
            "reply_content": "\u5bf6\u8c9d\uff0c\u6211\u5230\u73fe\u5728\u9084\u5728\u6fd5~"
        },
        {
            "reply_id": "UgzPv2XecadMBpFJyqF4AaABAg",
            "reply_content": "\u7f3a\u4e4f\u4e00\u96bb\u6bcd\u8c93\ud83d\ude02"
        },
        {
            "reply_id": "Ugw1xBP0K0nRgEvKVUB4AaABAg",
            "reply_content": "\u592a\u53ef\u611b\u4e86\ud83d\ude02"
        },
        {
            "reply_id": "Ugw6CYhJj5zOyhVEkvV4AaABAg",
            "reply_content": "\u6bcf\u500b\u4eba\u7684\u5bb6\u88e1\u90fd\u9700\u8981\u4e00\u96bb\u67da\u5b50\ud83d\ude02"
        },
        {
            "reply_id": "UgxMFLrxzlfmCPLcDQN4AaABAg",
            "reply_content": "\u8ddf\u5361\u6ce2\u4e00\u6a23\u7684\u98a8\u683c\uff0c\u559c\u6b61\u2764"
        },
        {
            "reply_id": "UgyCYeLiQguPKfi9zxN4AaABAg",
            "reply_content": "\u9019\u662f\u6211\u4e0d\u4ed8\u8cbb\u5c31\u80fd\u770b\u7684\u5167\u5bb9\u55ce?"
        }
    ]
}