{
    "video_info": {
        "id": "tT4Vpho4KxQ",
        "channelTitle": "\u9ec3\u963f\u746a\u7684\u5f8c\u5bae\u751f\u6d3b",
        "title": "\u62db\u5f1f\u7684\u8e0f\u8e0f\u4e4b\u821e #shorts #ShortsTW",
        "description": "\u62db\u5f1f\u7684\u8e0f\u8e0f\u4e4b\u821e \n\n-\n\n\u8a02\u95b1\u6211\u5011\uff1ahttps://goo.gl/5L8xkV\n\u963f\u746a\u5b98\u7db2\uff1ahttps://www.fumeanstore.com\nFB\uff1a\u9ec3\u963f\u746a\u7684\u5f8c\u5bae\u751f\u6d3b\nIG\uff1afumeancat\n\n\u3010\u5408\u4f5c\u9080\u7d04/IP\u806f\u540d\u6388\u6b0a\u3011\nfumeanaction@gmail.com \uff08\u6b61\u8fce\u4f86\u4fe1\u6d3d\u8ac7\uff09\n\n\u3014\u7248\u6b0a\u6240\u6709\uff0c\u975e\u7d93\u8a31\u53ef\u52ff\u8f49\u8f09\u81f3\u4efb\u4f55\u5e73\u53f0\u3015\n\u3014\u9818\u990a\u4e0d\u68c4\u990a\u3015",
        "likeCount": "9659",
        "commentCount": "136",
        "viewCount": "147396"
    },
    "comments": [
        {
            "reply_id": "Ugz01tPy5CPxOONluVt4AaABAg",
            "reply_content": "\u597d\u68d2"
        },
        {
            "reply_id": "Ugx_8-_EIiSpTw03Ndp4AaABAg",
            "reply_content": "\u62db\u5730\u597d\u53ef\u611b\u9084\u6703\u8df3\u8e22\u8e0f\u821e\ud83d\ude0a"
        },
        {
            "reply_id": "Ugyd33Hkv3tCBb8yLRN4AaABAg",
            "reply_content": "\u597d\u53ef\u611b\u5440"
        },
        {
            "reply_id": "UgwzN2_I4geHytaSJIB4AaABAg",
            "reply_content": "\u6c92\u6709\u770b\u904e\u62db\u5f1f\u8df3\u821e\ud83d\ude02\ud83c\udf89"
        },
        {
            "reply_id": "Ugw_2EEBp8dEZl4TzkR4AaABAg",
            "reply_content": "\u597d\u7642\u7652\uff0c\u4f46\u9019\u5f71\u7247\u70ba\u4ec0\u9ebc\u9019\u9ebc\u9577\uff1f\u64ad\u4e86\u5f88\u4e45\u9084\u6c92\u64ad\u5b8c\ud83d\ude22"
        },
        {
            "reply_id": "UgzUgQQPXZfmtCZ5Sdt4AaABAg",
            "reply_content": "\u6211\u5bb6\u8c93 \u807d\u4e86\u5f88\u591a\u53cd\u61c9\u8036"
        },
        {
            "reply_id": "UgyacB-5Z_4uaCr345N4AaABAg",
            "reply_content": "\u62db\u5f1f\u5c31\u662f\u53ef\u611b\u5566\u2764"
        },
        {
            "reply_id": "UgxVcE-9Di_yCsLzwTt4AaABAg",
            "reply_content": "\u88ab\u62db\u5f1f\u840c\u6688\u4e86"
        },
        {
            "reply_id": "UgzVOrpsxzD4bCxwqKx4AaABAg",
            "reply_content": "\u597d\u53ef\u611b\u5594\ud83d\udc95"
        },
        {
            "reply_id": "UgwMAPJ6WIoTnTD_Lmx4AaABAg",
            "reply_content": "\u597d\u53ef\u611b\u7684\u8e0f\u8e0f\u821e"
        },
        {
            "reply_id": "UgzRywkK9XrxtbpEeNF4AaABAg",
            "reply_content": "\u6b22\u559c\u8e29\u5976"
        },
        {
            "reply_id": "Ugxzdlt3erzr5CCEa3t4AaABAg",
            "reply_content": "\u597d\u53ef\u611b\u7684\u62db\u5f1f"
        },
        {
            "reply_id": "UgxVly4c1aHKB2AtioJ4AaABAg",
            "reply_content": "\u8d85\u7ea7\u53ef\u7231\u7684\uff01"
        },
        {
            "reply_id": "Ugyt30UXuwXUPdMyV8N4AaABAg",
            "reply_content": "\u62db\u5f1f\u8072\u97f3\u5f88\u751c\uff0c\u773c\u775b\u5f88\u50cf\u7da0\u5bf6\u77f3\u5f88\u7f8e\uff01\n\u5979\u662f\u56e0\u70ba\u770b\u5230\u5974\u624d\u5f88\u958b\u5fc3\u6240\u4ee5\u4e00\u76f4\u8e0f\u8e0f\u55ce\uff1f\n\u592a\u53ef\u611b\u4e86\uff01"
        },
        {
            "reply_id": "Ugwv8XHPQohgQXiWMfR4AaABAg",
            "reply_content": "\u62db\u5f1f\u592a\u53ef\u611b\u4e86\u2764"
        },
        {
            "reply_id": "Ugy4YsU2JiKGQ-XMZrp4AaABAg",
            "reply_content": "\u62db\u5f1f\u597d\u840c\u2764"
        },
        {
            "reply_id": "UgwkYsZMv2hix_NWKYV4AaABAg",
            "reply_content": "\u597d\u53ef\u611b\u7684\u62db\u5f1f"
        },
        {
            "reply_id": "UgzGfwaYEM-PLYUlrEN4AaABAg",
            "reply_content": "\u597d\u53ef\u611b"
        },
        {
            "reply_id": "Ugz3SjMd7h2SQxs0Ont4AaABAg",
            "reply_content": "\u662f\u6597\u725b\u821e\u5417\ud83d\ude02"
        },
        {
            "reply_id": "Ugx6AC3eMFXPnFvqDul4AaABAg",
            "reply_content": "\u62db\u5f1f\u597d\u53ef\u611b\uff01"
        }
    ]
}