{
    "video_info": {
        "id": "uC-QQnSdOHI",
        "channelTitle": "\u9ec3\u963f\u746a\u7684\u5f8c\u5bae\u751f\u6d3b",
        "title": "\u7576\u5974\u624d\u6700\u5e78\u798f\u7684\u6642\u523b",
        "description": "",
        "likeCount": "4301",
        "commentCount": "44",
        "viewCount": "52814"
    },
    "comments": [
        {
            "reply_id": "Ugwj9B6Ulx1U5sUywP54AaABAg",
            "reply_content": "\u5e78\u798f\u6eff\u6ea2\u7684\u6642\u5149\u2764"
        },
        {
            "reply_id": "Ugzsr-RDjAGo0nIy5T14AaABAg",
            "reply_content": "\u6709\u5c0f\u732b\u771f\u5e78\u798f"
        },
        {
            "reply_id": "UgyH0KMW5IEMztxtYYR4AaABAg",
            "reply_content": "\u540c\u611f\uff0c\u4e3b\u5b50\u4e3b\u52d5\u904e\u4f86\u7684\u6642\u5019\u771f\u7684\u6709\u88ab\u5bf5\u5e78\u7684\u611f\u89ba\u2764\u2764\u2764"
        },
        {
            "reply_id": "UgxGuKIHBQhMsLx2E7R4AaABAg",
            "reply_content": "\u4e09\u8173\u9084\u6709\u963f\u746a\u8a0e\u6492\u5b0c\u2764"
        },
        {
            "reply_id": "UgwZQTeTDo8xrJtjT5l4AaABAg",
            "reply_content": "\u4e0d\u77e5\u70ba\u4f55\uff0c\u770b\u5f71\u7247\u6642\u96b1\u7d04\u900f\u51fa\u4e00\u9ede\u8056\u8a95\u6c23\u6c1b\u3002"
        },
        {
            "reply_id": "UgxnIsRVvuNGY0OeKM14AaABAg",
            "reply_content": "\u5a18\u5a18\u597d\u7f8e"
        },
        {
            "reply_id": "UgwPI8BcajATsjcWCdZ4AaABAg",
            "reply_content": "\u5169\u96bb\u90fd\u5f88\u53ef\u611b\u2764"
        },
        {
            "reply_id": "UgypbKEZ__kM8mrY8bh4AaABAg",
            "reply_content": "\u4e09\u8173\u597d\u840c\u54e6\ud83d\ude0a\u597d\u60f3\u8981\u62b1\u7260\u2764"
        },
        {
            "reply_id": "Ugz5Cqlm2fVmygdm8vl4AaABAg",
            "reply_content": "\u5169\u96bb\u80d6\u5b50\u90fd\u597d\u53ef\u611b"
        },
        {
            "reply_id": "UgzE0GPfafCXKHcGrMh4AaABAg",
            "reply_content": "\u4ed6\u5011\u771f\u53e3\u611b"
        },
        {
            "reply_id": "Ugwz9dpxK5sP4oIY8W14AaABAg",
            "reply_content": "\u6211\u6bcf\u5929\u7761\u9192\u90fd\u6703\u88ab\u4ee5\u9019\u9ebc\u5e78\u798f\u7684\u53ec\u559a\u8d77\u5e8a\u653e\u98ef\uff0c\u800c\u4e14\u4ed6\u5011\u662f\u7b49\u6211\u9b27\u9418\u97ff\u624d\u6703\u904e\u4f86\u5537\uff012\u96bb\u5929\u4f7f"
        },
        {
            "reply_id": "UgwvVrqWNp9JnMka8Rh4AaABAg",
            "reply_content": "\u6703\u4e00\u76f4\u4e00\u76f4\u4e00\u76f4\u5e78\u798f\u5feb\u6a02\u5065\u5eb7\u4e0b\u53bb\u7684\u3002"
        },
        {
            "reply_id": "Ugw1-0XjHQdgim0OCGh4AaABAg",
            "reply_content": "\u4f60\u7684\u68c9\u88ab\u597d\u6709\u8056\u8a95\u7bc0\u6c23\u6c1b"
        },
        {
            "reply_id": "UgwzsNx2ggtmQVgug2d4AaABAg",
            "reply_content": "\u6211\u7684\u611b\u8c93\u525b\u904e\u4e16\uff0c\u4ed6\u5728\u904e\u4e16\u524d\u6bcf\u5929\u8981\u7761\u89ba\u4e5f\u662f\u8981\u6478\u982d\uff0c\u6478\u5230\u6eff\u610f\u624d\u80af\u7761\uff0c\u8d81\u73fe\u5728\u80fd\u6478\u8981\u76e1\u91cf\u6478"
        },
        {
            "reply_id": "UgwnKL9KEIIKlE8eYSR4AaABAg",
            "reply_content": "\u72f8\u8c93\u53c8\u4f86\u66ec\u6069\u611b\ud83d\ude02"
        },
        {
            "reply_id": "UgxNT0JZvx3OmWdp9f54AaABAg",
            "reply_content": "\u5974\u624d\u771f\u7684\u597d\u5e78\u798f\u554a \ud83d\ude0a \u518d\u52a0\u67da\u5b50\u548c\u5c0f\u82b1\u5c31\u66f4\u5b8c\u7f8e\u4e86 \ud83d\ude0d"
        },
        {
            "reply_id": "UgxG9wIUjQflyPqvQgx4AaABAg",
            "reply_content": "\u5149\u770b\u8457\u4e5f\u89ba\u5f97\u597d\u5e78\u798f\u2764\u2764"
        },
        {
            "reply_id": "UgyfG_xpX63WKvVhkSN4AaABAg",
            "reply_content": "\u5974\u624d\u771f\u662f\u592a\u5e78\u798f\u4e86\uff0c\u6211\u4e5f\u597d\u60f3\u6478\u6478\u548c\u62b1\u62b1\u9019\u5169\u96bb\u53ef\u611b\u7684\u9ebb\u7cec\uff01\u5c24\u5176\u662f\u80a5\u7f8e\u7684\u8173\u59b9\u2764\ufe0f\u2764\ufe0f"
        },
        {
            "reply_id": "Ugz6NVmjXaEDroY8OfJ4AaABAg",
            "reply_content": "\u53ef\u611b"
        },
        {
            "reply_id": "Ugxp2pfK6u2MHCQ2JCR4AaABAg",
            "reply_content": "\u8d85\u7d1a\u5e78\u798f\ud83e\udd70"
        }
    ]
}