{
    "video_info": {
        "id": "W10B6kKATZI",
        "channelTitle": "\u9ec3\u963f\u746a\u7684\u5f8c\u5bae\u751f\u6d3b",
        "title": "\u3010\u9ec3\u963f\u746a\u7684\u5f8c\u5bae\u751f\u6d3b\u3011\u5c0f\u5695\u4e0d\u5165\u5bae\u4e86\uff01\u539f\u56e0\u516c\u958b\uff01",
        "description": "\u5c0f\u5695\u518d\u898b\u22ef\n\u00d7 \u983b\u9053\u66f4\u65b0\u70ba\u9031\u4e94\u665a\u9593\u516d\u9ede\uff0c\u4e0d\u5b9a\u6642\u767c\u4f48\u5176\u5b83\u5f71\u7247\uff01\u00d7\n\u8a02\u95b1\u6211\u5011\uff1ahttps://goo.gl/5L8xkV\n\u963f\u746a\u5b98\u7db2\uff1ahttps://www.fumeanstore.com\n\n\u3010\u5c0d\u4e0d\u8d77\uff01\u6f14\u5531\u6703\u7dca\u6025\u516c\u544a\uff01\u3011\u5fd7\u9298\u8207\u72f8\u8c93 ft.\u6211\u662f\u6c5f\u8001\u5e2b\n\u25b6 https://youtu.be/3SUYNjGGIIY\n\n-\n\n\u3010\u8fd1\u671f\u6d3b\u52d5\u3011\n\n\u3010\u8c93\u54aa\u8d85\u6709\u4e8b3\uff1a\u746a\u6c11\u8a8d\u8b49\u7c3d\u66f8\u6703 \u9999\u6e2f\u5834\u3011\n\u6d3b\u52d5\u6642\u9593\uff1a2023/4/16(\u65e5) 15:00-19:00\n\u5730\u9ede\uff1a\u9999\u6e2f \u8aa0\u54c1\u9285\u947c\u7063\u5e97 9F FORUM\uff08\u9999\u6e2f\u9285\u947c\u7063\u8ed2\u5c3c\u8a69\u9053500\u865f\u5e0c\u614e\u5ee3\u5834\uff09\n\u865f\u78bc\u724c\u767c\u653e\u6642\u9593\uff06\u5730\u9ede\uff1a2023/4/16(\u65e5) 10:00 \u9999\u6e2f \u8aa0\u54c1\u9285\u947c\u7063\u5e97 9F \u670d\u52d9\u53f0\n\n-\n\n\u7b2c\u4e09\u672c\u5716\u6587\u6f2b\u756b\u300a\u8c93\u54aa\u8d85\u6709\u4e8b3-\u8c93\u8c93\u7f8e\u98df\u6551\u63f4\u8a08\u756b\u300b\n\u5728\u746a\u746a\u5546\u884c\u8cfc\u8cb7\u5c31\u8d08\u9001\u300c\u5f8c\u5bae\u842c\u7528\u8b49\u4ef6\u5e36\u300d\uff08\u96a8\u6a5f1\u6b3e\uff09\n\n\u3010\u6436\u8cfc\u5c08\u5340\u3011   \n\u53f0\u7063(\u746a\u746a\u5546\u884c)\uff1ahttps://lihi1.com/vzhq3/catyt2\n\u6e2f\u6fb3\u5730\u5340\uff1ahttps://reurl.cc/rZAq54\n\u99ac\u65b0\u5730\u5340\uff1ahttps://is.gd/Vs7aXI\n\u203b\u4ee5\u4e0a\u9023\u7d50\u7686\u6709\u9001\u3010\u5f8c\u5bae\u842c\u7528\u8b49\u4ef6\u5e36\u3011\uff08\u51683\u6b3e\uff0c\u96a8\u6a5f\u8d08\u9001\u4e59\u6b3e\uff0c\u9001\u5b8c\u70ba\u6b62\uff09\n\n-\n\n\u3010\u53f0\u5357-\u8da3\u6dd8\u6f2b\u65c5 X \u9ec3\u963f\u746a\u7684\u5f8c\u5bae\u751f\u6d3b\u3011\n\u5373\u65e5\u8d77\u81f36/30\u6b62\uff0c\u6bcf\u65e5\u9650\u91cf6\u9593\u300c\u963f\u746a\u4f86\u8da3\u6dd8\u300d\u4e3b\u984c\u623f\uff01\n\u5165\u4f4f\u963f\u746a\u4e3b\u984c\u623f\u5c31\u8d08\u9001\u300c\u4e3b\u984c\u623f\u79ae\u5305\u300d\u5594\uff01\n\u8a02\u623f\u7db2\u5740\uff1ahttps://reurl.cc/pZemRb\n\n-\n\n\u7b2c\u4e03\u672c\u5e74\u5ea6\u8457\u4f5c\u300a\u7b49\u6211\u56de\u5bb6\u7684\u4f60\u300b\n\u53f0\u7063\uff08\u746a\u746a\u5546\u884c\uff09\uff1ahttps://reurl.cc/Kxxa5n\n\uff08\u746a\u746a\u5546\u884c \u7368\u5bb6\u8d08\u9001\u300c\u5f8c\u5bae\u51fa\u904a\u8da3\u63d2\u756b\u660e\u4fe1\u7247\u4e00\u5f35\uff0c\u96a8\u6a5f\u51fa\u8ca8\u4e0d\u6311\u6b3e\u300d\u5176\u4ed6\u901a\u8def\u6c92\u6709\u8d08\u9001\u5594\uff5e\uff09\n\u99ac\u65b0\u5730\u5340\uff1ahttps://reurl.cc/bzzGvr\n\n-\n\n\u3010\u963f\u746a Line\u8cbc\u5716\uff06\u4e3b\u984c\u3011\n\u300a\u6700\u65b0\u4e0a\u67b6\u300bhttps://lihi3.cc/8ITQO/YT01\n\u300a\u66f4\u591a\u8cbc\u5716\u300bhttps://reurl.cc/4RY6L2\n\n\u3010\u963f\u746a\u5b98\u7db2-\u746a\u746a\u5546\u884c\u3011\n\u25b6 https://www.fumeanstore.com/\n\u300a\u6700\u65b0\u5546\u54c1\u300b\u8b8a\u88dd\u5a03\u5a03\u3001\u597d\u597d\u5e36\u98f2\u6599\u63d0\u888b\u3001\u65b0\u6b3e\u5f8c\u5bae\u7948\u798f\u5fa1\u5b88\n\n---\n\n\u3010\u5408\u4f5c\u9080\u7d04/IP\u806f\u540d\u6388\u6b0a\u3011\nfumeanaction@gmail.com \uff08\u6b61\u8fce\u4f86\u4fe1\u6d3d\u8ac7\uff09\n\n\u3014\u7248\u6b0a\u6240\u6709\uff0c\u975e\u7d93\u8a31\u53ef\u52ff\u8f49\u8f09\u81f3\u4efb\u4f55\u5e73\u53f0\u3015\n\u3014\u9818\u990a\u4e0d\u68c4\u990a\u3015",
        "likeCount": "7724",
        "commentCount": "270",
        "viewCount": "301131"
    },
    "comments": [
        {
            "reply_id": "UgxuoJa_MVFVsik4Nj54AaABAg",
            "reply_content": "\u6715\u731c\u5c0d\u4e86\uff01"
        },
        {
            "reply_id": "UgxWjq7STpGwYQESmdR4AaABAg",
            "reply_content": "\u771f\u7684\u5047\u7684"
        },
        {
            "reply_id": "UgwBgSyRoN_-iHqY1BN4AaABAg",
            "reply_content": "\u771f\u7684\u88ab\u4f60\u5011\u9a19\u5230\u5587\ud83d\ude05~"
        },
        {
            "reply_id": "Ugz-SodT_ivzIbVE8Eh4AaABAg",
            "reply_content": "\u6211\u7684\u5abd\u963f\uff01\u6211\u7684\u82f1\u6587\u540d\u5b57\u5c45\u7136\u9084\u662f\u8ddf\u8c93\u54aa\u4e00\u6a21\u4e00\u6a23XD"
        },
        {
            "reply_id": "UgwnHqsqKjXE2ORgeFx4AaABAg",
            "reply_content": "\u5c31\u8b8a\u6210\u4e56\u4e56\u8eba\u5728\u90a3\u592a\u53ef\u611b\u4e86\u5566\ud83d\ude3d\u611f\u89ba\u5be6\u5728\u592a\u4fe1\u4efb\u4e86"
        },
        {
            "reply_id": "Ugzm0r4pogp1T46JfEd4AaABAg",
            "reply_content": "\u6211\u771f\u7684\u88ab\u9a19\u561e\ud83e\udd23"
        },
        {
            "reply_id": "UgxVRmgzu702jC2Zkhx4AaABAg",
            "reply_content": "\u5c0f\u5695\u771f\u7684\u55ce?"
        },
        {
            "reply_id": "UgzZwz9zENjhz9OdSRt4AaABAg",
            "reply_content": "\u4e0d\u610f\u5916\uff0c\u770b\u8d77\u4f86\u5c31\u662f\u611a\u4eba\u7bc0\u8a08\u5283"
        },
        {
            "reply_id": "UgzqUCxowFNTiKQUW0R4AaABAg",
            "reply_content": "\u8aaa\u4e0d\u5b9a\u672a\u4f86\u771f\u5730\u6709\u53ef\u80fd.\u79d1\u5b78\u5bb6\u7684\u6f5b\u529b,\u5f88\u96e3\u8aaa."
        },
        {
            "reply_id": "UgwqbAQ6KEfuHtQQtcZ4AaABAg",
            "reply_content": "\u6211\u5011\u88ab\u9a19\u5566,\u6211\u5973\u5152\u9084\u54ed\u4e86,\u6211\u5011\u9084\u5728\u671f\u5f85\u5c0f\u5695\u5165\u5bae\u5462,\u56e0\u70ba\u5979\u592a\u53ef\u611b\u4e86,\u6709\u50cf\u5695\u5695\u548c\u62db\u5f1f\u554a,\u5f88\u840c\u7f8e;\u8981\u88dc\u511f\u6211\u5011\u53d7\u50b7\u7684\u5c0f\u5fc3\u9748,\n\u4ee5\u5f8c\u4e5f\u8981\u591a\u62cdKIMI\u7684\u5f71\u7247\u5594!"
        },
        {
            "reply_id": "UgwLEvxIJEwNu6EBGK14AaABAg",
            "reply_content": "\u8bf7\u95ee\u565c\u565c\u77e5\u9053\u5fd7\u94ed\u80cc\u7740\u5b83\u6709\u81ea\u5df1\u7684\u732b\u5417\uff1f"
        },
        {
            "reply_id": "UgwNOlyojam5S6p1CHx4AaABAg",
            "reply_content": "\u54c8\u54c8\u54c8\u88ab\u9a19\u4e86"
        },
        {
            "reply_id": "Ugz9HYrUMGgFuhflnTh4AaABAg",
            "reply_content": "\u88ab\u9a97\u4e86\u53ef\u6076"
        },
        {
            "reply_id": "UgzLzlPIVz4cqGsTe3R4AaABAg",
            "reply_content": "\u597d\u721b\u7684\u62db\u6578\ud83d\ude02"
        },
        {
            "reply_id": "UgxzbLKH_FLMaVBvdg94AaABAg",
            "reply_content": "\u65e9\u5c31\u77e5\u9053\u5566\ud83d\ude02"
        },
        {
            "reply_id": "Ugz9-stIwgahmkNUrRt4AaABAg",
            "reply_content": "\u5fd7\u9298\u6d74\u5ba4\u88e1\u7684\u4fdd\u990a\u54c1\u5b58\u8ca8\u597d\u5145\u8db3\u554a\uff0c\u9694\u8457\u78e8\u7802\u73bb\u7483\u90fd\u80fd\u770b\u5230\u6eff\u6eff\u7684"
        },
        {
            "reply_id": "Ugwh5pui2LkTjBxbLhl4AaABAg",
            "reply_content": "\u6211\u60f3\u8aaa\u600e\u9ebc\u9019\u9ebc\u9177 \u8ddf\u6bcd\u80ce\u751f\u7684\u6beb\u7121\u5dee\u5225\ud83d\ude02"
        },
        {
            "reply_id": "Ugx7o3_jF3xE05HNVkF4AaABAg",
            "reply_content": "\u4ee5\u70ba\u662f\u771f\u7684"
        },
        {
            "reply_id": "Ugy8cfctlRPSzAwqKDN4AaABAg",
            "reply_content": "\u54c7\u54c8\u54c8\u54c8\u54c8 \uff0c \u5389\u5bb3\u6211\u7adf\u7136\u88ab\u9a97\u5230"
        },
        {
            "reply_id": "UgygSed6IbulOhhvNZx4AaABAg",
            "reply_content": "Kimi\u5df1\u7ecf\u516b\u5c81\u4e86\u770b\u4e0d\u51fa\u6765\uff0c.\u5927\u5bb6\u4e5f\u77e5\u9053\u72f8\u732b\u6700\u4f1a\u6349\u5f04\u4eba\u5c24\u5176\u662f\u540e\u5bab\u732b\u54aa\ud83d\ude02\uff0c\u800c\u5047\u65e5\u5feb\u7ed3\u675f\u4e86\u8981\u5f00\u59cb\u4e0a\u73ed\u4e0a\u8bfe\uff0c\u4e5f\u4f1a\u61d2\u6d0b\u6d0b\u7684\u4eba\u5728\u5fc3\u8fd8\u6ca1\u6536\u56de\u6765\ud83d\ude02\uff0c\u5b9e\u5728\u653e\u592a\u591a\u5929\u5047\u65e5"
        }
    ]
}