{
    "video_info": {
        "id": "wqlgtaUTve0",
        "channelTitle": "\u9ec3\u963f\u746a\u7684\u5f8c\u5bae\u751f\u6d3b",
        "title": "\u770b\u5230\u8089\u7403\u4e00\u5b9a\u8981\u505a\u7684\u4e8b",
        "description": "",
        "likeCount": "14378",
        "commentCount": "142",
        "viewCount": "267170"
    },
    "comments": [
        {
            "reply_id": "UgxW3wFRcr6wzLO9c2d4AaABAg",
            "reply_content": "\u8981\u5438\u4e00\u4e0b\u5427"
        },
        {
            "reply_id": "UgzvL89zyp4P_jWDpFl4AaABAg",
            "reply_content": "\u5c0f\u718a\u8edf\u7cd6\u822c\u7684\u624b\u6536"
        },
        {
            "reply_id": "UgyBp-IV7sQ4YwGk-Np4AaABAg",
            "reply_content": "\u7d13\u58d3"
        },
        {
            "reply_id": "Ugyet8V8DGfHfbuN1lp4AaABAg",
            "reply_content": "\u963f\u746a\u7687\u4e0a\ud83e\udec5\u7684\u624b\u8c93\u638c\u597d\u7c89\u5ae9\u597d\u60f3\u4e00\u76f4\u6413\u63c9\u6478\u6478\u2764"
        },
        {
            "reply_id": "UgzHtvYL67tJtu_abx54AaABAg",
            "reply_content": "\u6309\u4e0b\u53bb\u53ef\u4ee5\u8ddf\u6bcd\u661f\u901a\u8a71\uff1f\ud83d\ude02"
        },
        {
            "reply_id": "UgykA0_S5HW4q7as2PF4AaABAg",
            "reply_content": "\u6700\u91cd\u8981\u5438\u8089\u7403\u53bb\u54ea\uff1f"
        },
        {
            "reply_id": "UgwjPi8mR7QqcaeicE54AaABAg",
            "reply_content": "\u8ba9\u59e8\u59e8\u4eb2\u4eb2"
        },
        {
            "reply_id": "UgyQWJyg9-BH6aZqf1J4AaABAg",
            "reply_content": "\u90a3\u500b\u8c93\u8173\u9867\u771f\u597d"
        },
        {
            "reply_id": "Ugz3CXNAU-MZeqE1cb54AaABAg",
            "reply_content": "\u8c93\uff1a\u8b66\u5bdf\u53d4\u53d4\u6211\u8981\u62b1\u7dca\u6709\u4eba\u75bc\u6211\ud83c\udf89"
        },
        {
            "reply_id": "UgwGD2cs9gcmsXOzgDV4AaABAg",
            "reply_content": "\u5927\u718a\u7684\u80fd\u529b\uff01"
        },
        {
            "reply_id": "UgzhABd3LTwn5GKSYXV4AaABAg",
            "reply_content": "\u7528\u8138\u8f7b\u62cd\u8089\u638c\ud83d\ude02"
        },
        {
            "reply_id": "Ugyg_n_e5inr4lubGEF4AaABAg",
            "reply_content": "\u6211\u770b\u5230\u4e5f\u662f\u4f1a\u53bb\u6478\uff0c\u8f6f\u8f6f\u7684\u2764"
        },
        {
            "reply_id": "UgwCHMJmSgcTV_HS4Td4AaABAg",
            "reply_content": "\u54c7\u732b\u54aa\u722a\u722a\ud83d\ude2e"
        },
        {
            "reply_id": "Ugzq3HAgBarudG5Mzl54AaABAg",
            "reply_content": "\u771f\u7684\u597d\u7642\u7652\u2764"
        },
        {
            "reply_id": "UgwsXSngzJR8xEQbLoF4AaABAg",
            "reply_content": "\u6211\u4e00\u822c\u90fd\u662f\u8214\ud83d\ude05"
        },
        {
            "reply_id": "UgwA83SzeoZyQ0aPr2N4AaABAg",
            "reply_content": "\u9ec3\u963f\u746a\u4e16\u4e00"
        },
        {
            "reply_id": "UgxUtUaqtJlN4ZiyB_t4AaABAg",
            "reply_content": "\u767d\u89d2\u8e44"
        },
        {
            "reply_id": "Ugw4R8rdeXNuzgQ7Sst4AaABAg",
            "reply_content": "\u6478\u4e86\u4f60\u5c31\u662f\u6715\u7684\u4eba\uff01"
        },
        {
            "reply_id": "UgwwNJFTXB43v5dICEt4AaABAg",
            "reply_content": "\u597d\u7c89\u5ae9"
        },
        {
            "reply_id": "Ugx6_7hscGis1zdg8TR4AaABAg",
            "reply_content": "\u807d\u8aaa\u5438\u8c93\u8089\u7403\u6703\u55c5\u5230\u7206\u8c37\u5473"
        }
    ]
}