{
    "video_info": {
        "id": "xdylWAr5FrA",
        "channelTitle": "\u9ec3\u963f\u746a\u7684\u5f8c\u5bae\u751f\u6d3b",
        "title": "\u8c93\u5974\u884c\u674e\u7bb1\u90fd\u88dd\u4ec0\u9ebc\uff1f #shorts #ShortsTW",
        "description": "\u8c93\u5974\u884c\u674e\u7bb1\u90fd\u88dd\u4ec0\u9ebc\uff1f\n\n-\n\n\u8a02\u95b1\u6211\u5011\uff1ahttps://goo.gl/5L8xkV\n\u963f\u746a\u5b98\u7db2\uff1ahttps://www.fumeanstore.com\nFB\uff1a\u9ec3\u963f\u746a\u7684\u5f8c\u5bae\u751f\u6d3b\nIG\uff1afumeancat\n\n\u3010\u5408\u4f5c\u9080\u7d04/IP\u806f\u540d\u6388\u6b0a\u3011\nfumeanaction@gmail.com \uff08\u6b61\u8fce\u4f86\u4fe1\u6d3d\u8ac7\uff09\n\n\u3014\u7248\u6b0a\u6240\u6709\uff0c\u975e\u7d93\u8a31\u53ef\u52ff\u8f49\u8f09\u81f3\u4efb\u4f55\u5e73\u53f0\u3015\n\u3014\u9818\u990a\u4e0d\u68c4\u990a\u3015",
        "likeCount": "4528",
        "commentCount": "48",
        "viewCount": "78285"
    },
    "comments": [
        {
            "reply_id": "UgxBC3v3s9aAnCeM3fR4AaABAg",
            "reply_content": "\u62ff\u7f50\u7f50\ud83d\ude0a\u5438\u5f15"
        },
        {
            "reply_id": "Ugz-zsbY7B20QtWvGFJ4AaABAg",
            "reply_content": "\u6211\u4e5f\u662f"
        },
        {
            "reply_id": "Ugx-AxZbwvf7RbVlqyd4AaABAg",
            "reply_content": "\u518d\u8cb7\u500b\u884c\u674e\u7bb1\u91cd\u65b0\u6253\u5305\u5427"
        },
        {
            "reply_id": "Ugxi2n7vybdc9tZXsuF4AaABAg",
            "reply_content": "\u9084\u4ee5\u70ba"
        },
        {
            "reply_id": "Ugya3NhbDqVSRvXcPTl4AaABAg",
            "reply_content": "\u5b8c\u4e86\u963f\u746a\u53c8\u8cf4\u8457\u4e0d\u8d70\u4e86\ud83d\ude02\ud83d\ude02"
        },
        {
            "reply_id": "UgzCB7uGXh6_H2FUPzN4AaABAg",
            "reply_content": "\u8896\u5b50\u4e36\u963f\u746a\u8aaa\u6211\u5011\u8981\u7576\u884c\u79ae\u8c93\ud83d\ude02"
        },
        {
            "reply_id": "UgwpTetiNbb5Xtg5nq14AaABAg",
            "reply_content": "\u67da\u5b50\u3001\u963f\u746a\u60f3\u8981\u8ddf\u8457\u51fa\u53bb\u73a9\u55ce\u263a\ufe0f"
        },
        {
            "reply_id": "UgxPCUf-905WGi9ix2F4AaABAg",
            "reply_content": "\u732b\u732b\u6700\u68d2\u4e86\u2764"
        },
        {
            "reply_id": "Ugy8svuSm0SMaKGAXXt4AaABAg",
            "reply_content": "\u770b\u5230\u9ec4\u963f\u739b\u8fd9\u6837\u5c31\u60f3\u8d77\u51e0\u5e74\u524d\u62a2\u4e66\u5305\u90a3\u4e00\u6bb5\u5f71\u7247"
        },
        {
            "reply_id": "UgxQXacWMXW5wUg0rEZ4AaABAg",
            "reply_content": "\u884c\u674e\u7bb1\u53ea\u662f\u88dd\u6eff\u516b\u96bb\u8c93\u5c31\u597d\uff0c\u4e0d\u7528\u5e36\u5225\u7684\u6771\u897f\ud83e\udd23\n\u56e0\u70ba\u8c93(\u6bdb)\u80fd\u505a\n\u8863\u670d\n\u5ec1\u7d19\n\u6216\u5176\u4ed6\u65c5\u884c\u9700\u8981\u7684\u6771\u897f"
        },
        {
            "reply_id": "Ugz6xbFKRMbmj0-Jrc94AaABAg",
            "reply_content": "\u53ef\u4ee5\u5e36\u4e0a\u6700\u53ef\u611b\u7684\u963f\u746a"
        },
        {
            "reply_id": "UgwSFve12tde_sM3cl54AaABAg",
            "reply_content": "\u963f\u746a\u662f\u8a8d\u5f97\u884c\u7406\u7bb1\uff1f\u77e5\u9053\u4f60\u8981\u51fa\u9060\u9580\u4e86\uff01"
        },
        {
            "reply_id": "UgxLQ4DbQ8QVTF7sEcp4AaABAg",
            "reply_content": "\u4f60\u8981\u53bb\u54ea\u554a"
        },
        {
            "reply_id": "UgzUAekIqmG43RWbcZV4AaABAg",
            "reply_content": "\u963f\u746a\u53c8\u8cf4\u8457\u4e0d\u8d70\u4e86\ud83d\ude02\u67da\u5b50\u597d\u8070\u660e\uff0c\u5f88\u6703\u5361\u4f4d"
        },
        {
            "reply_id": "UgxdymCJ5OuBk_5wKYJ4AaABAg",
            "reply_content": "\u963f\u746a\u8868\u793a\uff1a\u6211\u4e5f\u8981\u53bb"
        },
        {
            "reply_id": "Ugx02gyzYmCLXMfMt7N4AaABAg",
            "reply_content": "\u5f88\u660e\u986f\u4e86\uff01\n\u963f\u746a\u4e0d\u51c6\u4ed6\u7684\u5974\u624d\u51fa\u570b\uff5e"
        },
        {
            "reply_id": "UgygrQid4Ux8pw_lZX14AaABAg",
            "reply_content": "\u8c93\u5974\u6574\u7406\u884c\u674e\u7bb1\uff0c\u5148\u628a\u8c93\u62ff\u51fa\u4f86\uff0c\u653e\u5165\u8863\u670d\uff0c\u518d\u628a\u8c93\u62ff"
        },
        {
            "reply_id": "UgwELK1ztRQtK3lB9xx4AaABAg",
            "reply_content": "\u963f\u739b\u8981\u4e00\u8d77\u5566"
        },
        {
            "reply_id": "UgxX9Jbt-jOHALxrN514AaABAg",
            "reply_content": "\u963f\u746a\uff0c\u4e0d\u8b93\u4f60\u8d70"
        },
        {
            "reply_id": "Ugxj6vKs-_bj897MfRN4AaABAg",
            "reply_content": "\u628a\u732b\u62ff\u51fa\u6765"
        }
    ]
}