{
    "video_info": {
        "id": "zoD44b8McDw",
        "channelTitle": "\u9ec3\u963f\u746a\u7684\u5f8c\u5bae\u751f\u6d3b",
        "title": "\u8c93\u54aa\u9047\u4e0a\u982d\u76ae\u6309\u6469\u5668\u7684\u53cd\u61c9",
        "description": "",
        "likeCount": "7731",
        "commentCount": "70",
        "viewCount": "201752"
    },
    "comments": [
        {
            "reply_id": "UgyWx4gfS5a59lrvsJx4AaABAg",
            "reply_content": "\u9019\u662f\u4ec0\u9ebc"
        },
        {
            "reply_id": "UgwtMhmWOfuEiOlgng54AaABAg",
            "reply_content": "\u9ec3\u963f\u746a\u771f\u662f\u96bb\u53ef\u611b\u7684\u8c93\ud83d\ude0a"
        },
        {
            "reply_id": "UgxQq3QeIcpWyE0UlKl4AaABAg",
            "reply_content": "\u7687\u4e0a\u597d\u50cf\u7626\u4e86"
        },
        {
            "reply_id": "Ugy2-wAeYxAYi0-vBa94AaABAg",
            "reply_content": "\u7626\u597d\u591a"
        },
        {
            "reply_id": "UgyDxfnbzE3FSTz8S3R4AaABAg",
            "reply_content": "\u597d\u5371\u96aa\u554a\u597d\u6015\u6413\u5230\u773c\u775b"
        },
        {
            "reply_id": "UgxZ1zWKS2hTEVOJx-J4AaABAg",
            "reply_content": "\u9019\u500b\u6771\u897f\u5728\u6211\u5011\u4ee5\u524d\u9ad8\u4e2d\u7684\u6642\u5019\uff0c\u53eb\u505a\u723d\u723d\u68d2"
        },
        {
            "reply_id": "Ugx3bsbjwwx2usFIhzl4AaABAg",
            "reply_content": "\u611f\u89ba\u963f\u746a\u7626\u4e86\uff01"
        },
        {
            "reply_id": "UgxS4ssCsJTRFZV9Mkx4AaABAg",
            "reply_content": "\u963f\u739b\u597d\u50cf\u5ecb\u4e00\u70b9"
        },
        {
            "reply_id": "UgyMBjJekk4zmvHQPop4AaABAg",
            "reply_content": "\u8ddf\u6211\u4e00\u6a23\u6703\u7662"
        },
        {
            "reply_id": "Ugz4cPv5L08weqslWNp4AaABAg",
            "reply_content": "\u6211\u597d\u60f3\u52a0\u5165\u4f60\u7684\u54c1\u9053\u2764"
        },
        {
            "reply_id": "Ugxz25yxGANTmTN5ZFB4AaABAg",
            "reply_content": "\u4ed6\u770b\u8d77\u4f86\u4e0d\u592a\u5065\u5eb7"
        },
        {
            "reply_id": "UgxPVj5b6NKXwkqj_Lp4AaABAg",
            "reply_content": "\u597d\u53ef\u611b"
        },
        {
            "reply_id": "UgydgXmcTzcJGq9chmh4AaABAg",
            "reply_content": "\u8c93\u8033\u5c01\u5370\u5668"
        },
        {
            "reply_id": "UgwBEqCk8awaM6KibBJ4AaABAg",
            "reply_content": "\u597d\u53ef\u611b\u554a"
        },
        {
            "reply_id": "Ugzud8uTjf4RjSNrt2t4AaABAg",
            "reply_content": "\u53ef\u611b"
        },
        {
            "reply_id": "UgyS9ojUeA55WdHL1Uh4AaABAg",
            "reply_content": "\u963f\u746a\u597d\u53ef\u611b\u2764"
        },
        {
            "reply_id": "Ugy2A1HaOMVU3s9Zuy14AaABAg",
            "reply_content": "\u963f\u739b\u7684\u53cd\u5e94\u8d85\u53ef\u7231\uff01"
        },
        {
            "reply_id": "UgyRxwi0jkcYrjJvMz14AaABAg",
            "reply_content": "\u746a\u746a\u53cd\u61c9\u597d\u53ef\u611b"
        },
        {
            "reply_id": "UgxZ9CFMpGf5kWvbrIl4AaABAg",
            "reply_content": "\u6709\u5201\u6c11\u8981\u5bb3\u6715\uff01"
        },
        {
            "reply_id": "UgwQEZ3kq6SeLRZl9C14AaABAg",
            "reply_content": "\u963f\u746a\u53cd\u61c9\u592a\u53ef\u611b\u4e86\u5427\u2764"
        }
    ]
}