{
    "video_info": {
        "id": "ZrQ6qIxOCOk",
        "channelTitle": "\u9ec3\u963f\u746a\u7684\u5f8c\u5bae\u751f\u6d3b",
        "title": "\u7a81\u7136\u89aa\u8c93\u54aa\uff0c\u4ed6\u5011\u6703\u600e\u6a23\uff1f\u300a\u67da\u5b50\u6d63\u8178\u7bc7\u300b",
        "description": "",
        "likeCount": "6793",
        "commentCount": "100",
        "viewCount": "147363"
    },
    "comments": [
        {
            "reply_id": "Ugx_bmOfcmJRg1n3HYd4AaABAg",
            "reply_content": "\u6d63\u8178\uff1a\u7576\u6642\u6211\u7684\u8c93\u8eab\u5b89\u5168\u53d7\u5230\u6975\u5927\u7684\u5a01\u8105"
        },
        {
            "reply_id": "UgycbTXBWt-Qdiqw7JF4AaABAg",
            "reply_content": "\u732b\u732b\u50cf\u6781\u4e86\u5973\u670b\u53cb~"
        },
        {
            "reply_id": "UgyKET3yhAJHoRgHDOd4AaABAg",
            "reply_content": "\u517b\u732b\u4eba\u624d\u6709\u7684\u7279\u6b8a\u7656\u597d\u54c8\u54c8\u54c8"
        },
        {
            "reply_id": "UgzpPAj_3nxAyYTjw5R4AaABAg",
            "reply_content": "\u597d\u53ef\u611b\u5537"
        },
        {
            "reply_id": "UgzrtdndUQFaH6BCVSF4AaABAg",
            "reply_content": "\u8c93\u54aa\uff1a\u5641\u5fc3"
        },
        {
            "reply_id": "Ugyl5z_jDzjz0sWyi894AaABAg",
            "reply_content": "\u4f60\u4e0d\u8981\u904e\u4f86\u554a"
        },
        {
            "reply_id": "Ugx8zp1ySyYxZdQxL294AaABAg",
            "reply_content": "\u8c93\u662f\u6709\u7701\u7f8e\u7684 \u5641\u7537\u5225\u9760\u8fd1\u6211"
        },
        {
            "reply_id": "UgxslhU9SK253eGvJel4AaABAg",
            "reply_content": "\u5e73\u5e38\u5f88\u5c11\u89aa\u5427\uff1f\u6bcf\u5929\u90fd\u5728\u89aa\u5c31\u7fd2\u6163\u4e0d\u6703\u6709\u53cd\u61c9\u4e86\ud83e\udd23"
        },
        {
            "reply_id": "UgygzvL8YjOq2RO6dQF4AaABAg",
            "reply_content": "\u4e0b\u6b21\u72f8\u8c93\u89aa\u963f\u746a"
        },
        {
            "reply_id": "UgyS65tukSYq7eoTE614AaABAg",
            "reply_content": "\u7b11\u6b7b \u8d85\u50bb\u773c\u7684\u53ef\u611b\ud83d\ude02\n\u7b2c\u4e8c\u96bb \u89aa\u4e00\u500b\u6709\u76f4\u63a5\u8b8a\u6c88\u7389\u6797\ud83d\ude02"
        },
        {
            "reply_id": "UgyoM8kZC0OS80iHRbF4AaABAg",
            "reply_content": "\u4f60\u8981\u62b1\u4f4f\u55b5\u55b5\u5169\u6b21\u543b\u543b\u5c31OK"
        },
        {
            "reply_id": "UgyAzgp5WlPGcozLsh94AaABAg",
            "reply_content": "\u55b5\u55b5\u8868\u793a:\u597d\u919c\u7684\u4eba\u985e~"
        },
        {
            "reply_id": "UgwkJ1CQ_Ord8uKjFeh4AaABAg",
            "reply_content": "\u732b\u8207\u4eba\u7684\u611f\u89ba\u4e0d\u540c\u2764"
        },
        {
            "reply_id": "UgwduTisl2JWpx00TZd4AaABAg",
            "reply_content": "\u9019\u5c31\u662f\u8c93\u548c\u72d7\u7684\u5206\u5225 \u8c93\u5c31\u662f\u8d8a\u53eb\u8d8a\u8d70 \ud83d\ude02\ud83d\ude02"
        },
        {
            "reply_id": "UgwsavVgnSmGIj2o9hp4AaABAg",
            "reply_content": "\u7d66\u4ed6\u4e00\u8a18\u8c93\u62f3"
        },
        {
            "reply_id": "UgwmNYEDpH4rfgE-eX14AaABAg",
            "reply_content": "\u6240\u6709\u5973\u4eba\u90fd\u8981\u6000\u5b55\u751f\u5b50\uff0c\u6240\u6709\u5973\u4eba\u7684\u5de5\u4f5c\u90fd\u53d7\u6b64\u5f71\u54cd\uff0c\u56e0\u800c\u6240\u6709\u5973\u4eba\u7684\u85aa\u6c34\u90fd\u5f97\u4f4e\u4e8e\u7537\u4eba\u5417\uff1f\uff01\u6bcf\u4e00\u672c\u4e66\u6240\u8bf4\u7684\uff0c\u6b63\u5982\u6bcf\u4e00\u4e2a\u4eba\u6240\u8bf4\u7684\u8bdd\uff0c\u90fd\u6709\u4e9b\u9053\u7406\uff0c\u4f46\u90fd\u5e76\u4e0d\u662f\u90fd\u6709\u9053\u7406\u3002"
        },
        {
            "reply_id": "UgyGuCJwyisW8EXu_2Z4AaABAg",
            "reply_content": "\u8178\u8178\u5728\u558a\u6551\u547d\ud83e\udd23"
        },
        {
            "reply_id": "UgzPzv5onxDC0ALWQlR4AaABAg",
            "reply_content": "\u8ab0\u544a\u8a34\u6211\u4e00\u4e0b\uff0c\u70ba\u4ec0\u9ebc\u73fe\u5728\u624d\u6709\u901a\u77e5\uff1f"
        },
        {
            "reply_id": "UgxZJTdU5sIi8YeWrBV4AaABAg",
            "reply_content": "\u6d63\u8178\u5687\u5230\u81c9\u90fd\u626d\u66f2\u4e86\ud83d\ude02"
        },
        {
            "reply_id": "UgwUNjjYqExzBObhWUp4AaABAg",
            "reply_content": "\u597d\u53ef\u611b\u5c0f\u5bf6\u8c9d\u5594\uff01"
        }
    ]
}