{
    "video_info": {
        "id": "ZVcCAFKwwtQ",
        "channelTitle": "\u9ec3\u963f\u746a\u7684\u5f8c\u5bae\u751f\u6d3b",
        "title": "\u3010\u9ec3\u963f\u746a\u7684\u5f8c\u5bae\u751f\u6d3b\u3011\u7528\u6162\u52d5\u4f5c\u770b\u5f8c\u5bae\uff01\u6d63\u8178\u6162\u534a\u62cd\uff01",
        "description": "\u6d63\u8178\uff1a\u300c\u770b\u6211\u7684\u53b2\u5bb3\uff01\u300d\n\u00d7 \u983b\u9053\u66f4\u65b0\u70ba\u9031\u4e94\u665a\u9593\u516d\u9ede\uff0c\u4e0d\u5b9a\u6642\u767c\u4f48\u5176\u5b83\u5f71\u7247\uff01\u00d7\n\u8a02\u95b1\u6211\u5011\uff1ahttps://goo.gl/5L8xkV\n\u963f\u746a\u5b98\u7db2\uff1ahttps://www.fumeanstore.com\n\n\u3010\u990a\u4e86\u65b0\u5bf5\u7269\uff01\u4e00\u6b21\u56db\u96bb\uff01\u3011\u5fd7\u9298\u8207\u72f8\u8c93\n\u25b6 https://youtu.be/b13vr8mYGVU\n\n-\n\n\u3010\u8fd1\u671f\u6d3b\u52d5\u3011\n\n\u3010\u8c93\u54aa\u8d85\u6709\u4e8b3\uff1a\u746a\u6c11\u8a8d\u8b49\u7c3d\u66f8\u6703\u3011\n* 7/23 14:00~17:00 \u53f0\u5357 \u653f\u5927\u66f8\u57ce (\u53f0\u5357\u5e02\u4e2d\u897f\u5340\u897f\u9580\u8def\u4e8c\u6bb5120\u865f)\n* 8/20 14:00~17:00 \u82b1\u84ee \u653f\u5927\u66f8\u57ce (\u82b1\u84ee\u7e23\u82b1\u84ee\u5e02\u4e2d\u5c71\u8def547-2\u865f)\n* 9/10 14:00~17:00 \u53f0\u5317 \u4e2d\u548c\u74b0\u7403\u8cfc\u7269\u4e2d\u5fc3 (\u65b0\u5317\u5e02\u4e2d\u548c\u5340\u4e2d\u5c71\u8def\u4e09\u6bb5122\u865f)\n* 11/19 14:00~17:00 \u9ad8\u96c4 \u6f22\u795e\u5de8\u86cb B1\u7279\u5c55\u5340 (\u9ad8\u96c4\u5e02\u5de6\u71df\u5340\u535a\u611b\u4e8c\u8def777\u865f)  \n* 12/03 14:00~17:00 \u53f0\u4e2d \u5ee3\u4e09SOGO 12\u6a13\u6d3b\u52d5\u5340 (\u53f0\u4e2d\u5e02\u897f\u5340\u53f0\u7063\u5927\u9053\u4e8c\u6bb5459\u865f)\n\u8a73\u7d30\u6d3b\u52d5\u8fa6\u6cd5\u8acb\u770b https://lihi3.cc/RMCIt/YT\n\n-\n\n\u7b2c\u4e09\u672c\u5716\u6587\u6f2b\u756b\u300a\u8c93\u54aa\u8d85\u6709\u4e8b3-\u8c93\u8c93\u7f8e\u98df\u6551\u63f4\u8a08\u756b\u300b\n\u5728\u746a\u746a\u5546\u884c\u8cfc\u8cb7\u5c31\u8d08\u9001\u300c\u5f8c\u5bae\u842c\u7528\u8b49\u4ef6\u5e36\u300d\uff08\u96a8\u6a5f1\u6b3e\uff09\n\n\u3010\u6436\u8cfc\u5c08\u5340\u3011   \n\u53f0\u7063(\u746a\u746a\u5546\u884c)\uff1ahttps://lihi1.com/vzhq3/catyt2\n\u203b\u5546\u884c\u7368\u5bb6\u8d08\u9001\u3010\u5f8c\u5bae\u842c\u7528\u8b49\u4ef6\u5e36\u3011\uff08\u51683\u6b3e\uff0c\u96a8\u6a5f\u8d08\u9001\u4e59\u6b3e\uff0c\u9001\u5b8c\u70ba\u6b62\uff09\n\u6e2f\u6fb3\u5730\u5340\uff1ahttps://reurl.cc/rZAq54\n\u99ac\u65b0\u5730\u5340\uff1ahttps://is.gd/Vs7aXI\n\n-\n\n\u30107-ELEVEN \u9ec3\u963f\u746a\u4e3b\u984c\u5e97\u3011\n\u4e3b\u984c\u5e97\u958b\u5e55\u5566\uff5e\n\u8cb7\u5496\u5561\u5c31\u53ef\u4ee5\u7372\u5f97\u672c\u5e97\u9650\u5b9a\u7684\u963f\u746aCITY CAFE\u676f\uff01\n\u5e97\u5167\u9084\u6709\u5f88\u591a\u6771\u897f\u53ef\u4ee5\u62cd\u7167\uff0c\u6b61\u8fce\u4f86\u901b\u901b\uff5e\n\u5730\u5740\uff1a7-ELEVEN\u6566\u4fe1\u9580\u5e02\uff08\u53f0\u5317\u5e02\u5927\u5b89\u5340\u4ec1\u611b\u8def\u56db\u6bb5122\u5df750\u865f1\u6a13\uff09\n\n-\n\n\u7b2c\u516b\u672c\u5e74\u5ea6\u8457\u4f5c\u300a\u6700\u73cd\u60dc\u7684\u6642\u5149\u300b\n\u53f0\u7063\uff08\u746a\u746a\u5546\u884c\uff09\uff1ahttps://lihi2.com/EIuQg/fumeancatYT\n\u6e2f\u6fb3\u5730\u5340\uff1ahttps://parg.co/UN4Q\n\u99ac\u65b0\u5730\u5340\uff1ahttps://parg.co/UN4s\n\n-\n\n\u3010\u963f\u746a Line\u8cbc\u5716\uff06\u4e3b\u984c\u3011\n\u300a\u6700\u65b0\u4e0a\u67b6\u300bhttps://reurl.cc/8jK0q4\n\u300a\u66f4\u591a\u8cbc\u5716\u300bhttps://reurl.cc/4RY6L2\n\n\u3010\u963f\u746a\u5b98\u7db2-\u746a\u746a\u5546\u884c\u3011\n\u25b6\u00a0https://www.fumeanstore.com/\n\u300a\u6700\u65b0\u5546\u54c1\u300b304\u4e0d\u93fd\u92fc\u9910\u5177\u3001\u7ae5\u88dd\u7d14\u68c9\u77edT\u3001\u5f8c\u5bae\u5922\u4e4b\u8239\u58d3\u514b\u529b\u9020\u578b\u7acb\u724c\n\n---\n\n\u3010\u5408\u4f5c\u9080\u7d04/IP\u806f\u540d\u6388\u6b0a\u3011\nfumeanaction@gmail.com \uff08\u6b61\u8fce\u4f86\u4fe1\u6d3d\u8ac7\uff09\n\n\u3014\u7248\u6b0a\u6240\u6709\uff0c\u975e\u7d93\u8a31\u53ef\u52ff\u8f49\u8f09\u81f3\u4efb\u4f55\u5e73\u53f0\u3015\n\u3014\u9818\u990a\u4e0d\u68c4\u990a\u3015",
        "likeCount": "4506",
        "commentCount": "177",
        "viewCount": "100930"
    },
    "comments": [
        {
            "reply_id": "UgzrNhUDIFV1l8pT1mV4AaABAg",
            "reply_content": "\u597d\u559c\u6b61\u6162\u52d5\u4f5c\u7cfb\u5217\uff01\n\u53ef\u4ee5\u770b\u5230\u5f88\u591a\u8c93\u54aa\u53ef\u611b\u7684\u5c0f\u52d5\u4f5c\uff5e\n\u771f\u7684\u597d\u7642\u7652\ud83d\ude3b"
        },
        {
            "reply_id": "UgyOJrXw4bLcpg75ncZ4AaABAg",
            "reply_content": "\u592a\u53ef\u611b\u4e86\ud83d\ude0a"
        },
        {
            "reply_id": "UgxUiOIyxzgCF4iXzQ54AaABAg",
            "reply_content": "\u4ed6\u5011\u73a9\u6642\u5019\u7684\u722a\uff0c\u597d\u6050\u6016\n\u5176\u4ed6\u6642\u9593\u90fd\u5f88\u53ef\u611b\u2764"
        },
        {
            "reply_id": "Ugzk7xfjWNoMNvMXF4F4AaABAg",
            "reply_content": "\u4e0d\u932f\u5594\uff01\u9806\u4fbf\u50ac\u66f4\u746a\u746a\u5c0f\u5287\u5834\u5594\uff01"
        },
        {
            "reply_id": "UgzoRAtZ8s7QcFBosut4AaABAg",
            "reply_content": "\u6162\u52d5\u4f5c\u592a\u53ef\u611b\u4e86\u5427\u2764"
        },
        {
            "reply_id": "Ugzeqp4DYy6fxw8Vo854AaABAg",
            "reply_content": "\u597d\u559c\u6b22\u8fd9\u4e2a\u7cfb\u5217\uff0c\u5634\u89d2\u4e00\u76f4\u54a7\u7740\u6b23\u8d4f\u5b8c\u7684\uff0c\u540e\u5bab\u53ef\u7231\u52a0\u500d"
        },
        {
            "reply_id": "UgztTiLR7jqa-MkOXuZ4AaABAg",
            "reply_content": "\u770b\u70f7\u8178\u7684\u6a23\u5b50\uff0c\u5f88\u96e3\u4e0d\u7b11\uff0c\u54c8\u54c8"
        },
        {
            "reply_id": "UgxYeWNx8K5np00Vuc94AaABAg",
            "reply_content": "\u611f\u89ba\u9019\u651d\u5f71\u5668\u6750\u5f88\u597d\u5f88\u8cb4"
        },
        {
            "reply_id": "UgwqO_HdDMAqsuBQd654AaABAg",
            "reply_content": "\u4e00\u500b\u5b57:\u840c"
        },
        {
            "reply_id": "UgwJhtkNDrQUBGck0UV4AaABAg",
            "reply_content": "\u963f\u746a\u771f\u7684\u9577\u5f97\u5f88\u597d\uff0c\u5f88\u4e0a\u93e1\u8d85\u840c\u7684"
        },
        {
            "reply_id": "Ugw5xo5G1XuvRtavtvF4AaABAg",
            "reply_content": "\u5929\u554a\u597d\u4e45\u6ca1\u770b \u7a81\u7136\u770b\u5230\u5c0f\u82b1\u89c9\u5f97\u5979\u80d6\u4e86\u597d\u591a\ud83d\ude02"
        },
        {
            "reply_id": "UgwvM3LmX0H0Kc3Mf4F4AaABAg",
            "reply_content": "\u628a\u4f60\u963f\u5b24\u8ce3\u6389\u90a3\u4e00\u6bb5\u8d85\u597d\u7b11\u7684"
        },
        {
            "reply_id": "UgzFeFuK9bnYlxfOeRd4AaABAg",
            "reply_content": "\u5c0f\u82b1\u597d\u50cf\u8d8a\u4f86\u8d8a\u5927\u96bb\u4e86\ud83d\ude02"
        },
        {
            "reply_id": "UgyydwOFUQJOYnl9Qs14AaABAg",
            "reply_content": "\u5c0f\u82b1\u77aa\u8457\u5713\u5713\u5927\u773c\u775b\u7684\u756b\u9762\u5b8c\u5168\u5c31\u662f\u7121\u8f9c\u978b\u8c93\u963f\u8d85\u53ef\u611b\ud83d\ude0d"
        },
        {
            "reply_id": "Ugwptbhi7xI-qty8rrZ4AaABAg",
            "reply_content": "\u4e09\u8173\u597d\u50cf\u8499\u5a1c\u9e97\u838e\u5f88\u512a\u96c5\u2764"
        },
        {
            "reply_id": "Ugzo6SCmcXd5ZfH-s-B4AaABAg",
            "reply_content": "\u4e09\u8173\u5f88\u53ef\u611b\ud83d\ude0d"
        },
        {
            "reply_id": "Ugw5_X83Ux4-whoiAcR4AaABAg",
            "reply_content": "\u771f\u7684\u8d85\u53ef\u611b\u7684\uff01\u559c\u6b61\u9019\u4e00\u96c6\u2764"
        },
        {
            "reply_id": "Ugymb-NHvfX9AOOzreZ4AaABAg",
            "reply_content": "\u597d\u559c\u6b61\u6162\u52d5\u4f5c\u7cfb\u5217~\u5e0c\u671b\u4ee5\u5f8c\u9084\u6709\u4e0b\u4e00\u96c6~\ud83d\ude06\ud83d\udc95"
        },
        {
            "reply_id": "UgzYQCFWQFvBvvPE3jl4AaABAg",
            "reply_content": "\u4e09\u8173\u5a18\u5a18\u597d\u6027\u611f"
        },
        {
            "reply_id": "Ugw5JBQuRPOjj931X494AaABAg",
            "reply_content": "\u5c0f\u82b1\u7684\u8868\u60c5\u771f\u7684\u8d85\u7d1a\u53ef\u611b\u6700\u559c\u6b61\u4ed6\u840c\u840c\u5927\u773c\u775b\u2764"
        }
    ]
}