{
    "video_info": {
        "id": "12YYYXKzQZ0",
        "channelTitle": "Rosalina's Kitchen \u863f\u6f54\u5854\u7684\u5eda\u623f",
        "title": "\u6015\u5927\u5bb6\u89ba\u5f97\u9ebb\u7169\uff0c\u4eca\u5929\u5148\u5206\u4eab\u70e4\u5730\u74dc\u7c21\u55ae\u65b9\u6cd5\u4e00\uff0c\u4e0b\u6b21\u518d\u62cd\u5f71\u7247\u5206\u4eab\u53e6\u4e00\u7a2e\u3002\u84b8\u8ddf\u70e4\u3002",
        "description": "",
        "likeCount": "712",
        "commentCount": "27",
        "viewCount": "29681"
    },
    "comments": []
}