{
    "video_info": {
        "id": "62pJSI-rehA",
        "channelTitle": "Rosalina's Kitchen \u863f\u6f54\u5854\u7684\u5eda\u623f",
        "title": "\u6e1b\u91cd\u5fc5\u5b78\u7684\u5730\u4e2d\u6d77\u6599\u7406\uff1a15\u5206\u9418\u5b8c\u6210\u300e\u6d77\u9bae\u70e4\u9bad\u9b5a\uff0b\u9999\u6599\u70e4\u6adb\u74dc\u300f\u8c50\u5bcc\u7684 Omega-3\uff0c\u5065\u5eb7\u53c8\u7f8e\u5473\uff01",
        "description": "\u6e1b\u91cd\u5fc5\u5b78\u7684\u5730\u4e2d\u6d77\u6599\u7406\uff1a15\u5206\u9418\u5b8c\u6210\u300e\u6d77\u9bae\u70e4\u9bad\u9b5a\uff0b\u9999\u6599\u70e4\u6adb\u74dc\u300f\u8c50\u5bcc\u7684 Omega-3\uff0c\u5065\u5eb7\u53c8\u7f8e\u5473\uff01\n\n\u2605\u559c\u6b61\u6211\u5275\u4f5c\u7684\u6599\u7406\u5f71\u7247\u55ce\uff1f\u4e0d\u8981\u5fd8\u4e86\u8a02\u95b1\u6211\u7684\u983b\u9053\u5594\uff5e\nhttps://www.youtube.com/@RosalinaKitchen\n\u8ffd\u8e64\u6211\u7684Instgram:  https://www.instagram.com/rosalina.kitchen/\n\u8ffd\u8e64\u6211\u7684Facebook: https://www.facebook.com/rosalinakitchen/",
        "likeCount": "1415",
        "commentCount": "35",
        "viewCount": "49621"
    },
    "comments": []
}