{
    "video_info": {
        "id": "giPW2hLywPY",
        "channelTitle": "Rosalina's Kitchen \u863f\u6f54\u5854\u7684\u5eda\u623f",
        "title": "\u79cb\u5929\u6700\u9069\u5408\u4f86\u716e\u9019\u500b\u51b0\u7cd6\u96ea\u68a8\u71c9\u9280\u8033\u3002\u7528\u65b0\u9bae\u7684\u767d\u6728\u8033\u716e\uff0c\u4e0d\u50c5\u7bc0\u7701\u6642\u9593\uff0c\u9084\u7279\u5225\u597d\u5403\u3002\u8a66\u8a66\u770b\u3002",
        "description": "",
        "likeCount": "733",
        "commentCount": "9",
        "viewCount": "23127"
    },
    "comments": []
}