{
    "video_info": {
        "id": "thZj-zVa3Y4",
        "channelTitle": "Rosalina's Kitchen \u863f\u6f54\u5854\u7684\u5eda\u623f",
        "title": "\u6628\u5929\u56de\u5a18\u5bb6\uff0c\u5abd\u5abd\u8aaa\u770b\u4e86\u6211\u7684\u5f71\u7247\u505a\u4e86\u5f88\u6210\u529f\u7684\u9ed1\u849c\uff01 \u9084\u6709\u4e00\u5927\u888b\u53ef\u4ee5\u8b93\u6211\u5e36\u56de\u5bb6\ud83d\ude06",
        "description": "",
        "likeCount": "277",
        "commentCount": "4",
        "viewCount": "24040"
    },
    "comments": []
}