{
    "video_info": {
        "id": "XA7z-U2H1qw",
        "channelTitle": "Rosalina's Kitchen \u863f\u6f54\u5854\u7684\u5eda\u623f",
        "title": "\u4e5d\u6708\u521d\u5dee\u4e0d\u591a\u5c31\u662f\u590f\u5929\u7684\u5c3e\u8072\u4e86\uff0c\u8fce\u63a5\u79cb\u5929\u7684\u5230\u4f86\uff0c\u5728\u9019\u500b\u5b63\u7bc0\u4ea4\u66ff\u6700\u5bb9\u6613\u611f\u5192\u4e86\uff01\u525b\u958b\u5b78\u7684\u6642\u5019\u4e5f\u662f\u5b69\u5b50\u6700\u5bb9\u6613\u751f\u75c5\u7684\u6642\u5019\uff0c\u8d95\u5feb\u66ff\u81ea\u5df1\u8ddf\u5b69\u5b50\u5011\u716e\u4e00\u58fa\u8336\uff0c\u63d0\u5347\u514d\u75ab\u529b\uff01\u4e0a\u5b78\u7684\u6642\u4faf\u4e5f\u6703\u6bd4\u8f03\u6709\u7cbe\u795e\u5594\uff01",
        "description": "",
        "likeCount": "356",
        "commentCount": "18",
        "viewCount": "10400"
    },
    "comments": []
}